1,0,1053.21,310.4,167.37,181.25,1,1,0.91352
1,1,655.52,326.21,168.54,191.43,1,1,0.91089
1,2,1447.88,559.04,138.89,222.14,1,1,0.90067
1,3,1267.72,538.29,139.99,222.85,1,1,0.89924
1,4,503.74,526.76,147.74,215.43,1,1,0.89742
1,5,703.57,533.9,149.85,202.54,1,1,0.89459
1,6,1126.99,658.66,144.24,254.47,1,1,0.89135
1,7,0.0,142.97,63.21,201.59,1,1,0.89038
1,8,1079.15,534.42,146.21,193.84,1,1,0.88582
1,9,373.03,483.58,121.68,169.26,1,1,0.88057
1,10,1138.02,46.37,108.17,227.76,1,1,0.87985
1,11,1721.6,313.38,138.47,204.14,1,1,0.87588
1,12,899.74,625.76,101.12,272.07,1,1,0.86036
1,13,1421.01,479.42,123.34,170.88,1,1,0.85679
1,14,844.56,488.83,108.75,164.75,1,1,0.81262
1,15,1204.27,491.36,120.19,162.84,1,1,0.80077
1,16,905.83,535.78,134.63,166.85,1,1,0.77373
1,17,907.02,513.47,133.45,189.05,1,1,0.70527
2,0,1053.08,310.42,167.39,181.58,1,1,0.91371
2,1,655.56,326.85,168.07,191.32,1,1,0.91092
2,2,1447.29,559.26,139.29,222.17,1,1,0.90138
2,3,1267.59,538.17,139.87,223.18,1,1,0.89858
2,4,503.26,527.09,147.94,215.45,1,1,0.89741
2,5,703.68,534.1,149.34,202.37,1,1,0.89397
2,6,1126.27,658.62,145.09,254.79,1,1,0.89277
2,7,-0.04,143.15,63.07,201.8,1,1,0.89129
2,8,1078.87,534.65,146.55,193.83,1,1,0.88572
2,9,372.97,483.61,121.41,169.62,1,1,0.87932
2,10,1138.2,45.94,107.84,228.31,1,1,0.87923
2,11,1721.53,314.52,139.69,203.01,1,1,0.87655
2,12,899.48,625.73,101.62,272.26,1,1,0.86186
2,13,1420.83,479.22,123.41,171.07,1,1,0.8545
2,14,844.46,489.04,109.54,164.29,1,1,0.814
2,15,1203.76,491.36,120.49,162.56,1,1,0.80134
2,17,906.32,515.35,133.67,188.12,1,1,0.8534
3,0,1053.19,310.35,167.19,181.96,1,1,0.91364
3,1,655.6,327.78,167.75,190.38,1,1,0.91116
3,2,1447.06,559.25,139.48,222.31,1,1,0.90071
3,3,1267.52,538.19,139.74,223.17,1,1,0.89775
3,4,502.8,527.2,148.12,215.65,1,1,0.89742
3,5,703.8,534.14,149.03,202.38,1,1,0.89486
3,6,1125.81,658.45,145.02,255.1,1,1,0.89275
3,7,-0.04,143.2,62.73,202.02,1,1,0.89133
3,8,1078.8,534.69,146.78,193.76,1,1,0.8862
3,9,372.84,483.59,121.32,169.7,1,1,0.87944
3,10,1138.37,45.94,107.32,228.54,1,1,0.88055
3,11,1721.81,315.54,142.44,201.15,1,1,0.8864
3,12,899.2,626.5,101.56,271.61,1,1,0.86199
3,13,1420.67,479.15,123.81,171.14,1,1,0.85378
3,14,844.61,489.28,109.39,162.78,1,1,0.81501
3,15,1203.54,491.63,120.04,161.78,1,1,0.80462
3,17,905.61,527.56,134.42,176.2,1,1,0.78871
4,0,1052.96,309.95,167.7,182.62,1,1,0.91413
4,1,655.41,328.8,167.92,189.45,1,1,0.91157
4,2,1446.81,559.36,139.8,222.37,1,1,0.90127
4,3,1267.42,538.08,139.81,223.46,1,1,0.89779
4,4,502.86,527.33,147.72,215.53,1,1,0.89787
4,5,703.69,534.26,149.0,202.26,1,1,0.89511
4,6,1125.74,658.43,145.04,255.35,1,1,0.89341
4,7,-0.01,143.25,62.51,202.14,1,1,0.89035
4,8,1078.87,534.81,146.85,193.69,1,1,0.88635
4,9,372.8,483.7,121.45,169.62,1,1,0.87949
4,10,1138.38,45.86,107.03,228.81,1,1,0.88286
4,11,1721.8,316.56,148.64,199.37,1,1,0.89113
4,12,899.34,626.5,101.51,271.76,1,1,0.86227
4,13,1420.7,479.08,123.59,171.21,1,1,0.85399
4,14,844.78,489.5,109.06,162.45,1,1,0.81264
4,15,1203.68,491.7,119.85,161.75,1,1,0.80611
4,17,905.57,527.06,134.34,177.11,1,1,0.79764
5,0,1052.9,310.15,168.3,182.77,1,1,0.91521
5,1,655.36,329.49,168.01,188.99,1,1,0.91126
5,2,1446.75,559.55,139.95,222.29,1,1,0.90117
5,3,1267.5,537.91,139.78,223.8,1,1,0.89759
5,4,502.9,527.66,147.78,215.32,1,1,0.8974
5,5,704.01,534.42,148.75,202.39,1,1,0.89421
5,6,1125.91,658.54,144.86,255.28,1,1,0.89266
5,7,0.08,143.25,62.27,202.25,1,1,0.89042
5,8,1079.03,535.03,147.03,193.55,1,1,0.88544
5,9,372.61,484.03,121.85,169.48,1,1,0.87933
5,10,1138.57,46.19,107.26,228.95,1,1,0.88244
5,11,1721.62,317.12,157.07,199.11,1,1,0.89614
5,12,899.65,626.45,101.28,271.92,1,1,0.86093
5,13,1420.61,479.2,124.15,171.19,1,1,0.85415
5,14,844.94,489.54,108.99,162.71,1,1,0.81039
5,15,1203.32,491.97,119.52,161.37,1,1,0.80242
5,17,905.68,537.01,134.35,167.3,1,1,0.77975
6,0,1052.72,310.62,168.77,182.59,1,1,0.91584
6,1,655.24,330.09,168.2,188.71,1,1,0.91054
6,2,1446.78,559.64,140.0,222.39,1,1,0.90162
6,3,1267.46,537.71,139.79,224.02,1,1,0.8977
6,4,503.02,527.86,147.94,215.2,1,1,0.89696
6,5,704.23,534.65,148.57,202.27,1,1,0.89368
6,6,1126.05,658.64,145.09,255.25,1,1,0.89288
6,7,0.05,143.42,62.22,202.14,1,1,0.89086
6,8,1078.93,535.11,146.99,193.68,1,1,0.88537
6,9,372.7,484.3,121.66,169.45,1,1,0.87796
6,10,1138.17,46.66,107.44,228.61,1,1,0.88231
6,11,1721.57,317.88,163.55,198.61,1,1,0.89724
6,12,899.68,626.58,101.46,271.93,1,1,0.86144
6,13,1420.59,479.46,124.4,171.17,1,1,0.85403
6,14,844.91,489.49,109.25,163.68,1,1,0.80675
6,15,1203.4,492.41,119.19,160.94,1,1,0.80712
6,17,905.7,536.59,134.26,167.84,1,1,0.78254
7,0,1052.79,310.72,168.93,182.56,1,1,0.91576
7,1,655.22,330.74,168.16,188.26,1,1,0.91091
7,2,1446.82,559.81,140.1,222.43,1,1,0.90171
7,3,1267.47,537.46,139.91,224.39,1,1,0.89757
7,4,503.08,527.93,147.9,215.33,1,1,0.897
7,5,704.59,534.9,148.4,202.01,1,1,0.89345
7,6,1126.14,658.61,145.16,255.37,1,1,0.89245
7,7,0.06,143.52,62.12,202.1,1,1,0.89117
7,8,1078.97,535.15,146.89,193.8,1,1,0.88548
7,9,372.59,484.43,121.69,169.39,1,1,0.87776
7,10,1138.15,47.25,107.26,228.08,1,1,0.88287
7,11,1721.23,318.48,167.4,198.82,1,1,0.89992
7,12,899.73,626.72,101.63,271.88,1,1,0.86132
7,13,1420.55,479.39,124.67,171.55,1,1,0.85369
7,14,844.9,489.52,109.38,164.46,1,1,0.80408
7,15,1203.48,492.46,119.23,160.93,1,1,0.80776
7,17,905.57,537.03,134.3,167.32,1,1,0.78033
8,0,1052.8,311.0,169.04,182.33,1,1,0.9154
8,1,655.47,331.54,168.04,187.6,1,1,0.91022
8,2,1446.83,559.92,140.06,222.43,1,1,0.90106
8,3,1267.71,537.17,139.82,224.71,1,1,0.89743
8,4,503.48,527.9,147.59,215.29,1,1,0.89618
8,5,704.65,534.98,148.31,202.01,1,1,0.89287
8,6,1125.93,658.72,145.35,255.42,1,1,0.89172
8,7,0.05,143.48,62.11,202.16,1,1,0.89118
8,8,1078.91,535.16,146.86,193.84,1,1,0.88517
8,9,372.47,484.39,121.84,169.42,1,1,0.87711
8,10,1138.11,47.36,107.3,227.86,1,1,0.88218
8,11,1721.14,318.77,169.17,198.61,1,1,0.89873
8,12,899.75,627.01,101.81,271.71,1,1,0.8586
8,13,1420.47,479.32,124.6,171.72,1,1,0.85272
8,14,844.89,489.66,109.35,165.1,1,1,0.79863
8,15,1203.23,492.54,119.09,161.08,1,1,0.80536
8,17,906.32,521.79,133.52,182.87,1,1,0.82101
9,0,1053.02,311.16,168.73,182.0,1,1,0.91461
9,1,655.58,332.4,167.95,186.81,1,1,0.90994
9,2,1446.81,560.03,140.07,222.42,1,1,0.90084
9,3,1267.89,536.89,139.73,224.99,1,1,0.89696
9,4,503.67,527.84,147.28,215.32,1,1,0.89574
9,5,704.59,535.02,148.31,202.04,1,1,0.89236
9,6,1125.88,658.59,145.29,255.5,1,1,0.89178
9,7,0.05,143.51,61.95,202.19,1,1,0.89085
9,8,1078.98,535.12,146.74,193.82,1,1,0.88523
9,9,372.34,484.51,121.91,169.26,1,1,0.87853
9,10,1138.11,47.49,107.27,227.58,1,1,0.88202
9,11,1720.71,320.05,170.32,197.35,1,1,0.89751
9,12,899.94,627.46,101.55,271.29,1,1,0.85832
9,13,1420.38,479.35,124.52,171.72,1,1,0.85221
9,14,844.95,489.76,109.35,165.95,1,1,0.79639
9,15,1203.08,492.46,119.12,161.39,1,1,0.80442
9,17,906.51,517.06,133.48,187.67,1,1,0.83894
9,18,905.83,552.95,134.47,151.64,1,1,0.77959
10,0,1052.53,311.38,168.76,182.1,1,1,0.91536
10,1,655.14,333.23,168.15,186.52,1,1,0.91052
10,2,1446.26,559.96,139.51,222.76,1,1,0.90103
10,3,1267.3,536.66,139.57,225.37,1,1,0.89791
10,4,503.09,528.41,147.19,215.15,1,1,0.89605
10,5,703.41,535.5,148.54,202.04,1,1,0.89386
10,6,1125.65,658.62,144.93,255.83,1,1,0.89341
10,7,-0.11,143.63,61.62,202.16,1,1,0.89089
10,8,1078.49,535.65,147.27,193.53,1,1,0.8856
10,9,371.84,484.19,122.0,169.86,1,1,0.87816
10,10,1137.4,47.52,107.17,227.93,1,1,0.88441
10,11,1719.58,320.97,170.86,196.98,1,1,0.90078
10,12,899.21,627.27,101.59,271.43,1,1,0.86183
10,13,1419.52,479.94,126.2,172.11,1,1,0.85246
10,14,844.31,490.12,108.56,164.02,1,1,0.80657
10,15,1202.07,492.93,119.07,161.0,1,1,0.807
10,17,905.74,516.71,133.4,188.35,1,1,0.83662
10,18,905.6,564.15,133.95,140.84,1,1,0.73486
11,0,1051.96,311.87,168.46,181.71,1,1,0.91494
11,1,654.6,334.03,168.25,186.32,1,1,0.91048
11,2,1445.52,560.47,139.65,222.51,1,1,0.90035
11,3,1266.92,536.49,139.09,225.73,1,1,0.89578
11,4,502.37,529.08,146.8,215.05,1,1,0.89533
11,5,702.72,536.17,148.51,201.5,1,1,0.89337
11,6,1125.4,658.67,144.09,256.0,1,1,0.89343
11,7,-0.21,143.71,61.13,202.36,1,1,0.88895
11,8,1077.87,536.13,147.19,193.52,1,1,0.88604
11,9,371.47,484.53,121.84,169.7,1,1,0.87703
11,10,1136.88,48.12,106.96,228.04,1,1,0.8844
11,11,1718.89,321.78,170.97,196.64,1,1,0.8987
11,12,898.84,627.95,101.13,270.97,1,1,0.8605
11,13,1418.6,480.63,126.85,172.16,1,1,0.85548
11,14,843.78,490.45,108.42,162.43,1,1,0.80956
11,15,1201.77,493.45,118.66,160.59,1,1,0.81273
11,17,905.73,513.75,130.77,190.19,1,1,0.65444
11,18,904.42,564.84,134.55,140.47,1,1,0.79968
12,0,1051.45,312.28,168.93,182.05,1,1,0.91489
12,1,653.97,335.19,168.49,185.7,1,1,0.91049
12,2,1445.14,560.98,139.63,222.23,1,1,0.89982
12,3,1266.65,536.71,138.22,225.7,1,1,0.89586
12,4,502.35,529.28,146.34,215.48,1,1,0.89471
12,5,702.81,536.8,148.4,201.11,1,1,0.89309
12,6,1124.84,659.12,144.32,255.95,1,1,0.89465
12,7,-0.17,143.67,60.57,202.98,1,1,0.88888
12,8,1077.92,536.7,146.25,193.3,1,1,0.88574
12,9,371.38,484.97,121.28,169.38,1,1,0.87705
12,10,1136.27,48.69,106.62,227.97,1,1,0.88472
12,11,1718.97,321.66,170.51,197.38,1,1,0.89603
12,12,898.23,628.86,101.37,270.16,1,1,0.86007
12,13,1418.36,480.75,126.93,172.45,1,1,0.85379
12,14,843.28,491.05,108.15,160.68,1,1,0.81166
12,15,1201.75,493.83,117.94,160.7,1,1,0.81515
12,17,904.4,514.15,132.59,190.78,1,1,0.76401
12,18,903.18,566.81,135.44,138.99,1,1,0.79729
13,0,1051.86,312.88,169.23,182.6,1,1,0.91535
13,1,654.47,336.08,168.23,185.46,1,1,0.91167
13,2,1445.95,561.91,139.46,222.02,1,1,0.90109
13,3,1267.22,537.37,138.14,225.97,1,1,0.89593
13,4,502.68,530.26,146.14,215.42,1,1,0.89655
13,5,703.58,537.6,147.88,200.81,1,1,0.89328
13,6,1124.92,659.51,144.18,256.24,1,1,0.89641
13,7,0.16,144.25,60.55,203.19,1,1,0.89079
13,8,1078.36,537.6,146.08,193.29,1,1,0.88699
13,9,371.78,485.08,121.36,169.89,1,1,0.87778
13,10,1136.0,49.42,106.94,228.29,1,1,0.88429
13,11,1720.01,322.62,169.79,197.09,1,1,0.89919
13,12,899.23,629.04,101.08,270.85,1,1,0.86184
13,13,1418.92,480.91,126.06,173.45,1,1,0.85582
13,14,843.2,491.85,109.67,164.12,1,1,0.79357
13,15,1202.02,495.21,117.91,159.76,1,1,0.81126
13,17,904.55,516.73,133.41,189.47,1,1,0.84154
13,18,904.24,565.0,134.41,141.59,1,1,0.72594
14,0,1052.24,313.72,169.18,182.4,1,1,0.91506
14,1,654.99,337.07,167.75,185.42,1,1,0.91176
14,2,1446.41,562.33,139.56,222.82,1,1,0.90165
14,3,1267.73,538.54,138.25,225.85,1,1,0.89502
14,4,502.67,531.09,146.08,215.5,1,1,0.89677
14,5,703.56,538.36,148.15,201.0,1,1,0.89302
14,6,1125.03,660.21,143.94,256.25,1,1,0.89642
14,7,0.2,144.94,60.77,203.5,1,1,0.88912
14,8,1078.77,538.5,145.9,193.34,1,1,0.88664
14,9,372.02,485.59,121.65,170.02,1,1,0.87678
14,10,1135.98,50.55,107.05,228.14,1,1,0.8841
14,11,1721.41,323.53,169.57,197.23,1,1,0.89954
14,12,899.43,629.22,101.38,271.62,1,1,0.864
14,13,1418.99,481.91,126.73,173.46,1,1,0.85956
14,14,843.38,492.27,110.69,165.92,1,1,0.79794
14,15,1202.52,495.92,119.08,159.5,1,1,0.81346
14,17,904.96,517.96,133.24,189.02,1,1,0.84983
15,0,1052.16,314.08,169.24,182.68,1,1,0.91532
15,1,654.79,337.6,167.8,185.24,1,1,0.91247
15,2,1446.65,562.74,139.01,223.02,1,1,0.90111
15,3,1267.4,539.51,138.66,225.26,1,1,0.89433
15,4,502.78,531.58,145.68,215.41,1,1,0.89666
15,5,703.46,539.19,148.29,200.8,1,1,0.89275
15,6,1125.19,660.53,143.7,256.46,1,1,0.89588
15,7,0.07,145.73,60.75,203.08,1,1,0.88985
15,8,1078.52,539.08,146.09,193.36,1,1,0.88674
15,9,371.63,486.28,121.87,169.65,1,1,0.87711
15,10,1135.78,51.7,106.97,227.5,1,1,0.88664
15,11,1722.84,323.53,168.29,197.83,1,1,0.89865
15,12,899.71,629.65,100.87,271.7,1,1,0.86191
15,13,1419.19,482.25,126.58,173.68,1,1,0.85625
15,14,843.12,492.31,111.4,170.19,1,1,0.79025
15,15,1202.64,496.7,119.17,158.94,1,1,0.80942
15,17,905.23,518.68,132.99,188.86,1,1,0.84534
16,0,1051.94,314.69,169.02,182.38,1,1,0.91477
16,1,654.73,338.18,167.69,184.98,1,1,0.91217
16,2,1446.62,563.02,138.87,223.12,1,1,0.90059
16,3,1267.1,540.15,138.73,224.83,1,1,0.89372
16,4,502.67,532.06,145.68,215.31,1,1,0.89673
16,5,703.26,539.75,148.38,200.66,1,1,0.89304
16,6,1125.12,660.82,143.57,256.61,1,1,0.89634
16,7,0.01,146.21,60.42,202.87,1,1,0.88901
16,8,1078.52,539.47,146.26,193.25,1,1,0.88608
16,9,371.7,486.83,121.98,169.61,1,1,0.87625
16,10,1135.27,52.43,107.09,226.99,1,1,0.88727
16,11,1725.33,323.68,166.33,197.63,1,1,0.89683
16,12,899.66,629.78,100.76,271.61,1,1,0.85959
16,13,1419.16,482.93,127.06,173.59,1,1,0.85744
16,14,843.58,492.47,111.2,169.34,1,1,0.7953
16,15,1202.59,497.63,119.08,158.03,1,1,0.81087
16,17,904.86,519.28,133.23,188.67,1,1,0.84617
17,0,1051.91,315.37,168.75,182.46,1,1,0.91389
17,1,654.64,338.8,167.62,184.62,1,1,0.91284
17,2,1446.77,563.43,138.48,222.99,1,1,0.89984
17,3,1266.87,540.83,138.82,224.4,1,1,0.8934
17,4,502.49,532.76,145.73,215.11,1,1,0.89679
17,5,703.36,540.4,148.4,200.41,1,1,0.89441
17,6,1124.8,661.65,143.4,256.26,1,1,0.8965
17,7,-0.01,146.59,60.33,203.32,1,1,0.8875
17,8,1078.56,540.34,146.09,193.08,1,1,0.88537
17,9,371.14,487.24,122.22,169.55,1,1,0.87805
17,10,1134.69,52.98,107.52,226.84,1,1,0.88872
17,11,1729.57,323.86,162.06,197.12,1,1,0.89146
17,12,899.77,630.77,100.03,271.33,1,1,0.85735
17,13,1419.03,483.85,127.13,173.07,1,1,0.85718
17,14,843.53,493.11,111.64,169.09,1,1,0.79053
17,15,1202.41,498.35,120.28,157.29,1,1,0.80805
17,17,904.51,520.41,133.36,188.08,1,1,0.82843
17,18,904.62,568.61,133.63,140.24,1,1,0.75029
18,0,1051.8,316.2,168.77,182.12,1,1,0.91388
18,1,654.6,339.22,167.6,184.52,1,1,0.91265
18,2,1446.8,563.8,138.37,222.97,1,1,0.89971
18,3,1266.7,541.55,138.75,223.94,1,1,0.89354
18,4,501.86,533.18,146.29,214.96,1,1,0.89699
18,5,703.25,540.8,148.54,200.52,1,1,0.89487
18,6,1124.59,662.31,143.54,255.92,1,1,0.89685
18,7,-0.02,146.82,60.45,203.63,1,1,0.88736
18,8,1078.49,540.9,146.07,192.8,1,1,0.8859
18,9,371.21,487.32,122.22,169.79,1,1,0.87841
18,10,1134.58,53.37,107.29,226.57,1,1,0.88498
18,11,1734.38,323.98,157.23,197.56,1,1,0.88614
18,12,899.84,631.75,99.88,270.68,1,1,0.85904
18,13,1418.76,484.45,127.21,172.93,1,1,0.85753
18,14,843.49,493.94,112.3,167.75,1,1,0.79724
18,15,1202.32,498.65,120.61,157.23,1,1,0.80296
18,17,904.15,521.13,133.71,187.8,1,1,0.82292
18,18,904.08,565.23,134.1,143.76,1,1,0.77724
19,0,1051.72,316.41,168.75,182.23,1,1,0.91374
19,1,654.72,339.36,167.4,184.6,1,1,0.91255
19,2,1446.92,564.19,138.19,222.92,1,1,0.9004
19,3,1266.73,542.04,138.46,223.65,1,1,0.89363
19,4,501.49,533.66,146.46,214.65,1,1,0.89764
19,5,703.25,541.09,148.49,200.57,1,1,0.89463
19,6,1124.43,662.7,143.67,255.61,1,1,0.8975
19,7,-0.04,147.26,60.26,203.39,1,1,0.88676
19,8,1078.35,541.16,146.04,192.86,1,1,0.88556
19,9,371.23,487.86,122.14,169.57,1,1,0.87934
19,10,1134.31,53.83,107.55,226.18,1,1,0.88305
19,11,1736.5,324.3,155.28,197.84,1,1,0.88604
19,12,900.03,632.31,99.52,270.45,1,1,0.86036
19,13,1418.59,484.9,126.71,172.73,1,1,0.8572
19,14,843.16,494.02,112.8,168.91,1,1,0.797
19,15,1202.4,499.0,119.92,156.97,1,1,0.80421
19,17,904.45,521.0,133.53,188.16,1,1,0.83638
19,18,904.83,564.99,133.58,144.36,1,1,0.64217
20,0,1051.73,317.07,168.87,182.52,1,1,0.91455
20,1,654.86,339.83,167.4,184.78,1,1,0.91303
20,2,1447.13,564.85,138.24,222.89,1,1,0.90001
20,3,1266.73,542.67,137.95,223.65,1,1,0.89334
20,4,501.35,534.12,146.71,214.68,1,1,0.89721
20,5,703.18,541.51,148.59,201.05,1,1,0.8951
20,6,1124.28,663.61,143.84,255.31,1,1,0.8976
20,7,-0.06,147.67,60.68,203.37,1,1,0.88627
20,8,1078.36,541.73,146.05,193.08,1,1,0.88602
20,9,371.12,488.59,122.21,169.35,1,1,0.87929
20,10,1133.79,54.88,107.96,225.76,1,1,0.8874
20,11,1736.86,324.69,155.05,198.17,1,1,0.88967
20,12,899.88,632.89,99.83,270.76,1,1,0.8603
20,13,1418.52,485.85,127.13,172.76,1,1,0.86021
20,14,843.23,494.91,113.71,167.32,1,1,0.79849
20,15,1202.42,499.69,119.73,156.99,1,1,0.80602
20,17,904.26,521.63,133.88,188.13,1,1,0.83252
20,18,904.3,556.52,134.18,153.28,1,1,0.73575
21,0,1052.12,317.76,168.48,182.32,1,1,0.91297
21,1,655.15,340.27,167.41,184.72,1,1,0.91281
21,2,1447.56,565.92,137.99,222.38,1,1,0.89999
21,3,1266.76,543.14,138.42,223.77,1,1,0.89281
21,4,501.79,534.85,146.84,214.15,1,1,0.89715
21,5,703.53,542.06,148.42,201.14,1,1,0.89417
21,6,1124.26,664.33,144.29,255.39,1,1,0.89781
21,7,0.03,148.08,60.81,203.32,1,1,0.88655
21,8,1078.18,542.22,146.03,193.04,1,1,0.88565
21,9,371.09,489.61,122.48,168.68,1,1,0.87941
21,10,1133.59,56.83,108.14,224.21,1,1,0.88696
21,11,1736.89,325.1,155.14,198.34,1,1,0.88875
21,12,900.06,633.05,99.76,271.47,1,1,0.86282
21,13,1418.63,486.75,125.74,172.23,1,1,0.8611
21,14,843.47,495.26,113.95,167.8,1,1,0.8027
21,15,1202.61,500.38,120.69,156.45,1,1,0.80983
21,17,904.92,522.13,133.34,188.12,1,1,0.85301
22,0,1052.29,318.05,168.29,182.39,1,1,0.91227
22,1,655.49,340.39,167.4,184.98,1,1,0.91253
22,2,1447.55,566.33,138.39,222.52,1,1,0.89965
22,3,1266.89,543.22,138.72,224.09,1,1,0.89229
22,4,502.01,535.11,146.99,214.18,1,1,0.89688
22,5,703.61,542.29,148.35,201.3,1,1,0.89429
22,6,1124.1,664.73,144.65,255.28,1,1,0.89717
22,7,0.03,148.37,61.11,203.28,1,1,0.88949
22,8,1078.07,542.36,146.08,193.13,1,1,0.88592
22,9,371.38,489.86,122.37,168.86,1,1,0.88038
22,10,1133.45,57.5,108.44,223.89,1,1,0.88716
22,11,1736.89,325.27,155.22,198.53,1,1,0.89056
22,12,900.28,633.53,99.82,271.09,1,1,0.86306
22,13,1418.97,487.09,125.92,172.12,1,1,0.86057
22,14,843.55,495.27,113.78,168.61,1,1,0.80506
22,15,1203.33,500.68,121.2,156.44,1,1,0.80576
22,17,905.08,522.52,133.4,188.14,1,1,0.85605
23,0,1052.27,318.35,168.33,182.31,1,1,0.91311
23,1,655.57,340.53,167.59,184.97,1,1,0.91298
23,2,1447.96,566.57,138.27,222.49,1,1,0.89973
23,3,1267.32,543.51,138.39,223.96,1,1,0.89278
23,4,502.6,535.4,146.56,214.22,1,1,0.89673
23,5,703.79,542.53,148.38,201.43,1,1,0.89465
23,6,1124.54,665.02,144.5,255.41,1,1,0.89671
23,7,0.06,148.75,61.44,203.32,1,1,0.88982
23,8,1078.31,542.7,145.88,192.87,1,1,0.88611
23,9,371.22,489.91,122.59,169.06,1,1,0.88007
23,10,1133.39,58.41,108.45,223.31,1,1,0.8881
23,11,1737.39,325.25,154.01,198.78,1,1,0.88601
23,12,900.63,634.8,99.69,269.84,1,1,0.86341
23,13,1419.24,487.37,126.12,171.99,1,1,0.85918
23,14,843.34,495.38,113.99,170.66,1,1,0.80099
23,15,1203.7,500.95,121.56,156.39,1,1,0.80877
23,17,905.45,522.67,133.26,188.24,1,1,0.85401
24,0,1052.16,318.58,168.47,182.41,1,1,0.91267
24,1,655.42,341.12,168.03,184.69,1,1,0.91329
24,2,1447.97,567.13,138.83,222.24,1,1,0.89891
24,3,1267.45,543.74,138.63,224.02,1,1,0.89301
24,4,502.81,535.53,146.74,214.28,1,1,0.89674
24,5,703.71,542.89,148.59,201.35,1,1,0.89428
24,6,1124.72,665.27,144.43,255.66,1,1,0.89698
24,7,0.06,149.78,61.61,202.73,1,1,0.89179
24,8,1078.47,542.77,145.93,192.73,1,1,0.88622
24,9,371.61,490.31,122.31,168.83,1,1,0.88021
24,10,1133.46,59.22,108.49,222.93,1,1,0.88747
24,11,1737.54,325.52,154.3,199.01,1,1,0.8889
24,12,900.24,636.07,100.8,268.76,1,1,0.86662
24,13,1419.63,487.32,126.1,171.9,1,1,0.86092
24,14,843.46,495.56,113.53,171.59,1,1,0.80248
24,15,1203.48,501.12,121.33,156.74,1,1,0.809
24,17,905.12,527.01,133.79,184.75,1,1,0.80411
25,0,1052.07,318.49,168.43,182.66,1,1,0.91177
25,1,656.04,341.47,167.41,184.2,1,1,0.91411
25,2,1447.82,567.13,138.7,222.52,1,1,0.89964
25,3,1267.59,543.32,138.67,224.61,1,1,0.89326
25,4,503.04,535.81,146.9,213.98,1,1,0.89742
25,5,703.48,543.32,149.16,201.16,1,1,0.89462
25,6,1125.3,665.2,144.22,255.9,1,1,0.89659
25,7,0.01,150.52,61.73,202.58,1,1,0.89357
25,8,1078.62,543.0,146.04,192.39,1,1,0.88716
25,9,371.96,490.54,121.34,168.68,1,1,0.88141
25,10,1134.17,58.73,108.71,224.19,1,1,0.88396
25,11,1737.58,325.23,154.73,199.55,1,1,0.89319
25,12,899.59,636.14,101.73,268.91,1,1,0.86842
25,13,1419.94,486.89,126.13,172.43,1,1,0.86416
25,14,843.41,495.68,112.84,169.46,1,1,0.80815
25,15,1203.4,501.45,121.64,156.43,1,1,0.80334
25,17,904.71,528.35,134.1,184.78,1,1,0.79599
26,0,1052.23,318.54,168.56,182.99,1,1,0.91173
26,1,656.46,341.66,167.23,184.33,1,1,0.9135
26,2,1447.92,567.43,138.84,222.32,1,1,0.89966
26,3,1267.91,543.19,138.7,224.85,1,1,0.8937
26,4,503.52,536.12,146.85,213.61,1,1,0.8977
26,5,703.79,543.51,149.05,201.03,1,1,0.89413
26,6,1125.66,665.28,144.52,255.94,1,1,0.89693
26,7,0.07,151.01,61.55,202.67,1,1,0.89388
26,8,1079.06,543.12,145.85,192.16,1,1,0.88717
26,9,372.27,490.63,121.02,168.68,1,1,0.88193
26,10,1134.54,59.13,108.82,224.28,1,1,0.88494
26,11,1737.87,325.2,154.62,199.82,1,1,0.89085
26,12,899.39,636.55,102.89,268.24,1,1,0.86928
26,13,1420.15,487.0,126.24,172.32,1,1,0.86591
26,14,843.9,496.05,112.15,167.72,1,1,0.81184
26,15,1203.36,501.77,122.1,156.28,1,1,0.80486
26,17,904.32,530.96,134.77,183.02,1,1,0.78287
27,0,1052.36,318.24,168.37,183.22,1,1,0.9122
27,1,656.52,341.53,167.16,184.47,1,1,0.91313
27,2,1447.85,567.48,138.75,222.39,1,1,0.89961
27,3,1267.91,543.09,138.77,225.05,1,1,0.89357
27,4,503.74,536.19,146.45,213.4,1,1,0.89764
27,5,703.64,543.59,149.42,200.97,1,1,0.89459
27,6,1125.65,665.43,144.5,255.85,1,1,0.89653
27,7,0.0,151.16,61.54,202.79,1,1,0.89312
27,8,1078.98,543.31,145.84,192.09,1,1,0.8873
27,9,372.18,490.74,121.17,168.66,1,1,0.88139
27,10,1134.37,59.95,108.67,223.68,1,1,0.88455
27,11,1737.51,325.0,154.77,200.12,1,1,0.88987
27,12,899.32,636.14,104.52,268.5,1,1,0.86708
27,13,1420.07,487.16,126.37,172.12,1,1,0.86485
27,14,843.91,496.18,111.82,166.95,1,1,0.81301
27,15,1203.23,501.76,122.28,156.79,1,1,0.80372
27,17,904.45,529.7,135.18,184.56,1,1,0.81237
28,0,1052.03,318.01,168.6,183.51,1,1,0.91274
28,1,656.13,341.55,167.27,184.55,1,1,0.91355
28,2,1447.28,567.75,139.12,222.32,1,1,0.89897
28,3,1267.44,543.13,139.11,225.03,1,1,0.8918
28,4,503.35,536.07,146.56,213.61,1,1,0.89696
28,5,703.42,543.44,149.59,201.27,1,1,0.8928
28,6,1125.47,665.61,143.99,255.73,1,1,0.89507
28,7,-0.12,151.4,61.4,202.62,1,1,0.89211
28,8,1078.57,543.6,146.04,191.85,1,1,0.88613
28,9,371.83,491.07,121.29,168.6,1,1,0.88085
28,10,1133.03,61.79,109.25,222.29,1,1,0.88657
28,11,1737.17,324.91,154.72,200.18,1,1,0.88966
28,12,898.87,636.39,105.55,268.19,1,1,0.8641
28,13,1419.62,487.17,125.98,172.3,1,1,0.866
28,14,843.59,496.36,112.21,165.74,1,1,0.81409
28,15,1202.91,502.04,122.49,156.5,1,1,0.80619
28,17,903.98,525.4,135.82,188.84,1,1,0.82922
28,18,903.02,537.39,136.29,176.87,1,1,0.74495
29,0,1052.06,317.98,168.17,183.64,1,1,0.91243
29,1,655.94,341.76,167.44,184.73,1,1,0.9128
29,2,1446.86,568.28,139.37,222.22,1,1,0.89774
29,3,1267.26,543.23,139.18,225.07,1,1,0.89054
29,4,503.34,536.56,146.3,213.69,1,1,0.89575
29,5,703.47,543.72,149.62,201.46,1,1,0.89182
29,6,1125.14,666.14,144.14,255.5,1,1,0.89333
29,7,-0.12,151.73,61.14,202.45,1,1,0.89002
29,8,1078.44,544.25,146.29,191.45,1,1,0.88634
29,9,371.75,491.72,121.09,168.16,1,1,0.87943
29,10,1131.74,62.48,109.69,222.26,1,1,0.88636
29,11,1737.02,325.3,154.85,199.98,1,1,0.88784
29,12,898.49,637.51,105.48,267.55,1,1,0.86197
29,13,1419.44,487.27,125.91,172.56,1,1,0.86543
29,14,843.56,497.0,112.36,164.05,1,1,0.81567
29,15,1202.78,502.63,123.44,156.15,1,1,0.81115
29,17,904.38,522.81,134.36,190.48,1,1,0.73973
29,18,903.58,565.4,135.49,149.75,1,1,0.78616
30,0,1052.78,317.17,167.96,184.45,1,1,0.91343
30,1,656.69,341.59,167.55,185.05,1,1,0.91361
30,2,1447.87,568.26,139.69,222.14,1,1,0.89936
30,3,1267.86,542.67,139.33,225.69,1,1,0.89162
30,4,504.09,536.35,146.27,213.93,1,1,0.89639
30,5,704.13,543.56,149.5,201.52,1,1,0.89311
30,6,1125.75,666.32,144.61,255.43,1,1,0.89549
30,7,0.23,151.58,61.41,202.42,1,1,0.89345
30,8,1078.97,544.17,146.59,191.83,1,1,0.88662
30,9,372.47,491.69,121.62,168.14,1,1,0.87859
30,10,1131.55,62.8,109.92,222.13,1,1,0.88557
30,11,1737.85,325.28,154.87,200.03,1,1,0.89206
30,12,899.02,633.98,105.2,271.12,1,1,0.86738
30,13,1419.81,487.32,126.41,172.54,1,1,0.86664
30,14,844.47,497.14,111.34,161.55,1,1,0.82895
30,15,1203.43,502.61,124.1,156.65,1,1,0.81441
30,17,905.05,521.96,134.24,191.66,1,1,0.76108
30,18,904.29,569.96,135.1,145.26,1,1,0.76331
31,0,1053.08,316.36,167.94,185.55,1,1,0.9129
31,1,657.17,341.56,167.42,185.07,1,1,0.91418
31,2,1448.61,568.5,139.59,221.91,1,1,0.90063
31,3,1268.48,541.73,138.88,226.66,1,1,0.89416
31,4,504.57,536.15,146.12,214.1,1,1,0.89766
31,5,704.54,543.49,149.79,201.65,1,1,0.89644
31,6,1126.3,666.39,144.95,255.23,1,1,0.8967
31,7,0.26,151.53,61.69,202.2,1,1,0.89274
31,8,1079.21,544.02,146.11,192.29,1,1,0.88885
31,9,373.33,491.71,121.31,168.03,1,1,0.88095
31,10,1130.93,62.76,110.11,221.99,1,1,0.88634
31,11,1737.77,325.37,155.56,199.79,1,1,0.89446
31,12,899.48,632.74,104.37,272.51,1,1,0.8746
31,13,1420.15,487.67,126.86,172.2,1,1,0.8699
31,14,844.78,496.95,111.25,161.91,1,1,0.82922
31,15,1203.71,502.42,125.21,157.14,1,1,0.81717
31,17,905.52,525.7,133.88,189.05,1,1,0.82141
32,0,1052.57,315.43,168.25,186.57,1,1,0.91287
32,1,656.78,341.52,167.41,185.1,1,1,0.91386
32,2,1448.25,568.41,139.2,221.89,1,1,0.89991
32,3,1268.32,541.55,138.91,226.9,1,1,0.89389
32,4,503.98,536.1,146.43,214.23,1,1,0.89657
32,5,703.97,543.48,149.92,201.97,1,1,0.89532
32,6,1125.93,666.35,145.0,255.08,1,1,0.89615
32,7,-0.08,151.48,61.71,202.28,1,1,0.89424
32,8,1078.99,543.85,145.8,192.94,1,1,0.8873
32,9,373.07,491.45,121.25,168.19,1,1,0.88042
32,10,1129.86,62.83,109.66,222.01,1,1,0.88133
32,11,1737.47,325.38,155.56,199.8,1,1,0.89303
32,12,899.3,633.34,102.83,272.03,1,1,0.87064
32,13,1419.85,487.71,126.72,172.24,1,1,0.86739
32,14,844.41,496.9,111.61,163.27,1,1,0.82286
32,15,1203.41,502.43,125.26,157.6,1,1,0.81444
32,17,905.05,525.67,134.08,187.15,1,1,0.85053
33,0,1052.57,314.84,168.18,187.23,1,1,0.91279
33,1,656.64,341.52,167.4,185.12,1,1,0.91351
33,2,1448.1,568.46,139.33,221.83,1,1,0.89999
33,3,1268.29,541.54,139.07,226.95,1,1,0.89419
33,4,504.15,536.24,146.11,214.19,1,1,0.89658
33,5,704.06,543.55,149.62,202.12,1,1,0.89612
33,6,1125.75,666.36,145.4,255.2,1,1,0.89647
33,7,-0.07,151.55,61.63,202.4,1,1,0.89311
33,8,1079.0,543.86,145.71,193.42,1,1,0.88738
33,9,372.99,491.36,121.33,168.25,1,1,0.88155
33,10,1128.5,63.78,109.0,221.47,1,1,0.87862
33,11,1737.69,325.47,155.57,199.81,1,1,0.89225
33,12,899.89,635.32,101.67,270.42,1,1,0.86905
33,13,1419.85,487.57,126.74,172.48,1,1,0.86667
33,14,844.02,496.92,112.81,166.28,1,1,0.81304
33,15,1203.35,502.55,125.33,157.68,1,1,0.81393
33,17,905.04,525.1,134.38,186.98,1,1,0.8573
34,0,1053.3,314.56,167.53,187.36,1,1,0.91117
34,1,657.1,341.43,167.87,185.44,1,1,0.91368
34,2,1449.02,568.47,139.47,221.92,1,1,0.90003
34,3,1268.95,541.41,138.75,227.04,1,1,0.89413
34,4,504.83,536.37,145.85,214.08,1,1,0.89675
34,5,704.62,543.79,149.41,201.83,1,1,0.8961
34,6,1126.13,666.58,145.94,255.29,1,1,0.89598
34,7,0.11,151.55,62.1,202.59,1,1,0.89173
34,8,1079.86,544.15,145.23,193.33,1,1,0.88704
34,9,373.28,491.37,121.83,167.93,1,1,0.88198
34,10,1127.52,64.75,107.23,220.66,1,1,0.87464
34,11,1738.12,325.44,155.5,199.9,1,1,0.89007
34,12,900.75,636.58,101.0,269.01,1,1,0.86761
34,13,1419.98,487.66,126.97,172.25,1,1,0.867
34,14,844.54,496.86,112.95,168.22,1,1,0.80889
34,15,1204.36,502.48,124.37,157.77,1,1,0.8146
34,17,905.5,524.08,134.57,187.52,1,1,0.85991
35,0,1053.44,314.23,167.58,187.29,1,1,0.91122
35,1,657.14,341.5,167.96,185.35,1,1,0.91398
35,2,1449.48,568.49,139.13,221.66,1,1,0.90026
35,3,1269.06,541.25,138.42,227.09,1,1,0.89396
35,4,504.9,536.35,145.97,214.11,1,1,0.897
35,5,705.01,543.76,149.01,201.69,1,1,0.89524
35,6,1126.24,666.52,145.94,255.27,1,1,0.8962
35,7,0.07,151.5,62.34,202.43,1,1,0.89192
35,8,1080.26,544.17,144.94,193.16,1,1,0.8871
35,9,373.47,491.51,121.8,167.7,1,1,0.88164
35,10,1126.06,65.43,104.15,220.11,1,1,0.87371
35,11,1738.2,325.42,155.57,199.81,1,1,0.89024
35,12,901.26,637.83,100.72,267.73,1,1,0.86799
35,13,1420.31,487.95,126.52,171.67,1,1,0.86736
35,14,845.02,496.72,112.38,169.21,1,1,0.80756
35,15,1204.69,502.58,123.74,157.72,1,1,0.81557
35,17,905.48,523.83,134.8,187.79,1,1,0.85666
36,0,1053.53,314.18,167.09,186.94,1,1,0.9111
36,1,657.15,341.69,167.88,185.46,1,1,0.91387
36,2,1449.58,568.54,138.88,221.7,1,1,0.89985
36,3,1269.01,541.21,138.16,227.3,1,1,0.89345
36,4,505.06,536.41,145.9,214.2,1,1,0.89725
36,5,705.17,544.05,148.67,201.45,1,1,0.89579
36,6,1125.98,666.57,145.96,255.53,1,1,0.89657
36,7,-0.05,151.64,62.46,202.26,1,1,0.89153
36,8,1080.3,544.37,144.98,192.88,1,1,0.88665
36,9,373.52,491.71,121.55,167.54,1,1,0.88152
36,10,1125.37,65.76,101.27,221.19,1,1,0.87362
36,11,1738.2,325.5,155.55,199.77,1,1,0.89088
36,12,900.81,638.88,101.08,266.68,1,1,0.87152
36,13,1420.32,488.07,125.84,171.73,1,1,0.86636
36,14,845.57,496.88,111.19,166.85,1,1,0.81496
36,15,1204.84,502.83,123.13,158.03,1,1,0.81483
36,17,904.82,525.27,135.46,186.67,1,1,0.84917
37,0,1053.6,314.15,166.97,186.97,1,1,0.91092
37,1,657.18,341.9,167.85,185.53,1,1,0.91338
37,2,1449.44,568.51,139.1,221.96,1,1,0.89952
37,3,1269.05,541.32,138.13,227.37,1,1,0.89337
37,4,505.43,536.57,145.61,214.12,1,1,0.89652
37,5,705.41,544.33,148.5,201.23,1,1,0.89565
37,6,1125.9,666.66,146.16,255.84,1,1,0.89592
37,7,-0.05,151.58,62.54,202.45,1,1,0.89082
37,8,1080.19,544.71,145.14,192.53,1,1,0.88694
37,9,373.35,491.41,121.56,167.87,1,1,0.88247
37,10,1124.93,66.52,99.87,222.58,1,1,0.87087
37,11,1738.52,325.57,155.35,199.95,1,1,0.8921
37,12,901.13,638.72,101.03,266.73,1,1,0.87175
37,13,1420.24,488.1,125.55,171.78,1,1,0.86639
37,14,846.06,497.23,110.26,165.34,1,1,0.81405
37,15,1205.04,502.9,122.7,158.16,1,1,0.81644
37,17,904.6,528.56,135.58,183.68,1,1,0.80533
38,0,1053.66,314.02,166.92,187.05,1,1,0.91047
38,1,657.43,341.71,167.68,185.84,1,1,0.91345
38,2,1449.7,568.43,138.87,222.02,1,1,0.8994
38,3,1269.11,541.39,138.14,227.37,1,1,0.89382
38,4,505.43,536.51,145.76,214.28,1,1,0.89697
38,5,705.48,544.46,148.32,200.92,1,1,0.89539
38,6,1126.1,666.71,145.85,255.95,1,1,0.89704
38,7,-0.03,151.53,62.41,202.5,1,1,0.89322
38,8,1080.21,544.73,145.13,192.73,1,1,0.88706
38,9,373.23,491.32,121.62,168.17,1,1,0.8821
38,10,1124.36,67.02,98.8,224.31,1,1,0.8712
38,11,1738.95,325.5,154.98,200.03,1,1,0.89071
38,12,901.05,638.33,101.28,266.98,1,1,0.87284
38,13,1420.45,487.91,125.54,172.01,1,1,0.86677
38,14,846.43,497.5,109.17,163.6,1,1,0.81808
38,15,1205.15,502.86,122.26,158.55,1,1,0.81811
38,17,904.22,531.1,135.73,180.73,1,1,0.77694
39,0,1053.67,314.13,166.88,187.34,1,1,0.91116
39,1,657.88,341.77,167.34,185.97,1,1,0.9128
39,2,1449.8,568.73,138.95,221.93,1,1,0.89821
39,3,1269.3,541.47,138.02,227.49,1,1,0.89211
39,4,505.32,536.77,146.06,214.42,1,1,0.89645
39,5,705.61,544.73,148.24,200.65,1,1,0.89638
39,6,1126.28,666.8,145.94,256.17,1,1,0.89579
39,7,-0.03,151.73,62.24,202.5,1,1,0.89371
39,8,1080.4,545.17,144.96,192.34,1,1,0.8861
39,9,373.07,491.55,121.63,168.03,1,1,0.88065
39,10,1123.62,69.36,98.04,224.58,1,1,0.87107
39,11,1739.32,325.53,154.49,200.29,1,1,0.89171
39,12,901.33,639.19,101.04,266.07,1,1,0.86987
39,13,1420.65,488.02,125.26,172.05,1,1,0.86626
39,14,846.52,497.81,108.42,163.07,1,1,0.81172
39,15,1205.57,503.09,121.78,158.67,1,1,0.81776
39,17,904.91,525.06,134.77,186.32,1,1,0.71526
39,18,905.15,571.3,134.92,141.46,1,1,0.77862
40,0,1053.61,314.25,166.89,187.28,1,1,0.91017
40,1,657.72,341.88,167.51,185.93,1,1,0.91244
40,2,1449.97,568.6,138.71,222.1,1,1,0.89856
40,3,1269.27,541.61,138.46,227.64,1,1,0.89309
40,4,505.56,536.89,146.34,214.36,1,1,0.89692
40,5,705.31,545.0,148.58,200.64,1,1,0.8965
40,6,1126.52,666.98,145.46,255.95,1,1,0.89638
40,7,-0.07,151.74,62.15,202.58,1,1,0.89454
40,8,1080.32,545.48,144.69,192.33,1,1,0.88608
40,9,373.07,491.94,121.66,168.03,1,1,0.88058
40,10,1123.23,71.76,97.75,223.83,1,1,0.86947
40,11,1739.41,325.68,154.21,200.27,1,1,0.88916
40,12,901.42,639.07,101.09,265.91,1,1,0.87233
40,13,1420.81,488.09,125.52,172.16,1,1,0.86639
40,14,846.36,498.23,107.02,162.04,1,1,0.81543
40,15,1206.13,503.27,121.31,158.77,1,1,0.81953
40,18,905.54,575.34,134.25,137.23,1,1,0.78877
41,0,1053.65,314.61,166.72,186.99,1,1,0.91111
41,1,657.52,342.07,167.54,185.99,1,1,0.91301
41,2,1449.68,568.62,138.64,222.31,1,1,0.89906
41,3,1269.0,541.95,138.71,227.37,1,1,0.89374
41,4,505.59,537.2,147.04,214.19,1,1,0.89809
41,5,704.74,544.66,148.71,201.17,1,1,0.89649
41,6,1126.53,667.11,145.06,255.77,1,1,0.8969
41,7,-0.12,151.86,61.92,202.8,1,1,0.89371
41,8,1080.07,545.79,144.86,192.24,1,1,0.88691
41,9,372.94,492.06,121.95,168.36,1,1,0.88181
41,10,1123.11,73.23,97.54,224.07,1,1,0.86928
41,11,1738.92,325.8,154.75,200.16,1,1,0.88979
41,12,901.18,638.18,101.32,266.78,1,1,0.87349
41,13,1420.64,488.3,125.57,171.97,1,1,0.86825
41,14,845.96,498.39,103.88,160.76,1,1,0.81391
41,15,1206.51,503.57,120.32,158.42,1,1,0.82243
41,18,905.5,579.9,134.01,132.3,1,1,0.79455
41,17,904.87,520.76,133.83,191.32,1,1,0.75774
42,0,1053.69,314.89,166.46,186.75,1,1,0.91192
42,1,657.35,342.16,167.6,186.08,1,1,0.91278
42,2,1449.15,568.78,138.95,222.4,1,1,0.90072
42,3,1268.91,542.29,138.65,227.32,1,1,0.89544
42,4,505.41,538.02,147.89,213.48,1,1,0.89901
42,5,703.76,543.45,148.07,202.66,1,1,0.89671
42,6,1126.44,667.54,145.02,255.58,1,1,0.89705
42,7,-0.15,151.85,61.87,203.42,1,1,0.8933
42,8,1079.13,546.05,145.63,192.45,1,1,0.88814
42,9,373.1,492.25,121.93,168.7,1,1,0.88217
42,10,1122.72,75.26,98.07,224.01,1,1,0.87187
42,11,1738.58,325.91,154.93,200.06,1,1,0.89216
42,12,900.74,636.54,101.7,268.11,1,1,0.8776
42,13,1420.38,488.5,125.14,171.82,1,1,0.86863
42,14,845.0,498.44,99.07,158.82,1,1,0.82761
42,15,1206.33,503.7,120.6,158.58,1,1,0.82386
42,18,905.68,587.03,134.38,124.18,1,1,0.83495
42,17,904.15,517.14,127.08,193.92,1,1,0.74537
43,0,1053.91,315.07,166.48,186.82,1,1,0.91401
43,1,657.17,342.35,167.49,185.85,1,1,0.91324
43,2,1449.15,568.58,139.33,222.92,1,1,0.90199
43,3,1268.94,542.24,138.47,227.56,1,1,0.89587
43,4,505.25,538.03,149.07,213.72,1,1,0.9008
43,5,702.69,541.37,148.59,205.1,1,1,0.89989
43,6,1126.56,667.7,144.81,255.66,1,1,0.89788
43,7,-0.12,151.65,62.22,203.86,1,1,0.89285
43,8,1078.81,546.47,145.99,192.28,1,1,0.88922
43,9,373.31,492.71,121.59,168.46,1,1,0.8832
43,10,1123.24,77.26,97.69,224.19,1,1,0.87447
43,11,1738.68,326.74,154.92,199.4,1,1,0.89236
43,12,901.22,634.76,101.31,269.69,1,1,0.87885
43,13,1420.44,488.75,125.16,171.63,1,1,0.86889
43,14,845.19,497.61,94.37,159.08,1,1,0.80425
43,15,1206.59,504.05,120.69,158.21,1,1,0.82316
43,18,907.24,588.9,133.39,121.31,1,1,0.81624
43,17,904.14,514.15,127.92,197.54,1,1,0.78287
44,0,1054.19,315.3,166.03,186.63,1,1,0.91421
44,1,656.79,342.39,167.95,186.24,1,1,0.91354
44,2,1448.93,568.32,139.51,223.26,1,1,0.90237
44,3,1268.61,541.69,138.69,228.13,1,1,0.89552
44,4,504.17,536.26,150.89,216.04,1,1,0.90232
44,5,700.05,536.6,149.52,209.38,1,1,0.89953
44,6,1126.56,667.46,144.81,255.96,1,1,0.89776
44,7,-0.23,151.32,62.67,204.03,1,1,0.89215
44,8,1078.2,546.19,146.15,192.63,1,1,0.88818
44,9,373.33,492.47,122.13,168.79,1,1,0.88021
44,10,1123.93,78.24,97.21,226.47,1,1,0.87393
44,11,1738.22,327.07,155.38,199.13,1,1,0.89367
44,12,901.02,632.13,101.71,272.37,1,1,0.87975
44,13,1420.34,488.74,125.18,171.57,1,1,0.86803
44,14,844.07,495.74,90.24,159.63,1,1,0.82766
44,15,1206.4,503.98,120.61,158.27,1,1,0.82057
44,18,907.32,582.32,134.56,127.88,1,1,0.71333
44,17,903.77,511.13,133.79,200.74,1,1,0.84398
45,0,1054.43,315.87,165.89,186.28,1,1,0.91435
45,1,656.35,342.96,168.19,186.12,1,1,0.91432
45,2,1449.04,568.34,139.4,223.72,1,1,0.90195
45,3,1268.23,541.67,139.09,228.65,1,1,0.89651
45,4,502.38,532.43,152.22,220.83,1,1,0.90372
45,5,697.98,531.52,151.33,212.98,1,1,0.90125
45,6,1126.41,667.62,144.74,256.01,1,1,0.89851
45,7,-0.28,151.37,62.81,203.94,1,1,0.89342
45,8,1077.89,546.16,146.27,192.0,1,1,0.88669
45,9,373.86,492.94,122.08,168.6,1,1,0.87705
45,10,1124.33,81.15,97.37,226.88,1,1,0.87734
45,11,1738.17,327.74,155.13,198.76,1,1,0.89286
45,12,900.96,629.45,101.93,275.25,1,1,0.88079
45,13,1420.2,489.11,124.92,171.28,1,1,0.86528
45,14,844.89,492.57,86.49,163.09,1,1,0.81234
45,15,1206.42,503.83,120.49,158.31,1,1,0.82137
45,17,900.29,507.01,140.04,204.5,1,1,0.8753
46,0,1055.11,316.37,165.18,185.9,1,1,0.91482
46,1,656.11,343.68,168.58,185.56,1,1,0.91463
46,2,1449.34,568.03,139.19,224.57,1,1,0.90157
46,3,1268.63,540.32,139.36,230.88,1,1,0.89711
46,4,498.44,528.77,157.11,225.03,1,1,0.90552
46,5,694.8,524.6,154.19,218.67,1,1,0.90544
46,6,1126.54,668.05,144.55,256.09,1,1,0.8976
46,7,-0.24,151.31,63.0,204.26,1,1,0.89457
46,8,1077.52,545.31,146.97,191.36,1,1,0.88655
46,9,374.52,493.24,121.77,168.53,1,1,0.87736
46,10,1125.22,82.89,97.28,227.73,1,1,0.87867
46,11,1738.35,328.01,154.98,199.01,1,1,0.89067
46,12,900.55,628.27,102.64,276.55,1,1,0.87968
46,13,1419.91,489.34,125.13,171.25,1,1,0.86145
46,14,842.78,488.04,86.49,166.4,1,1,0.74036
46,15,1205.38,503.75,122.36,159.09,1,1,0.81549
46,17,897.54,503.31,143.47,207.64,1,1,0.86516
47,0,1055.2,317.13,165.49,185.48,1,1,0.91517
47,1,656.94,344.29,168.2,184.78,1,1,0.9139
47,2,1450.02,567.75,139.03,224.98,1,1,0.90173
47,3,1268.81,538.32,139.76,233.39,1,1,0.89839
47,4,493.71,525.38,162.16,228.48,1,1,0.90625
47,5,687.31,519.22,160.14,221.08,1,1,0.90778
47,6,1126.94,667.43,144.6,256.92,1,1,0.89864
47,7,-0.17,151.22,63.14,204.78,1,1,0.89563
47,8,1075.31,542.5,148.24,193.27,1,1,0.88709
47,9,374.67,493.48,122.56,168.47,1,1,0.87836
47,10,1126.16,84.77,97.2,226.85,1,1,0.88111
47,11,1738.24,328.51,155.38,198.73,1,1,0.89402
47,12,900.98,629.0,103.22,275.68,1,1,0.8794
47,13,1419.92,489.64,126.02,171.18,1,1,0.85988
47,14,840.34,482.17,87.08,165.45,1,1,0.79603
47,15,1205.37,502.92,125.24,160.4,1,1,0.80981
47,17,893.55,500.1,147.79,211.48,1,1,0.8801
48,0,1055.54,317.49,164.91,184.88,1,1,0.91573
48,1,656.61,344.72,168.37,184.06,1,1,0.91289
48,2,1449.52,567.25,139.96,225.32,1,1,0.90208
48,3,1265.7,535.29,143.74,236.51,1,1,0.90037
48,4,483.39,522.11,172.38,230.76,1,1,0.90536
48,5,666.02,514.8,177.89,222.84,1,1,0.89896
48,6,1127.12,666.95,144.39,257.08,1,1,0.89663
48,7,-0.23,150.39,63.16,205.5,1,1,0.89353
48,8,1071.29,538.14,150.81,195.74,1,1,0.88845
48,9,374.22,493.24,123.72,168.83,1,1,0.88169
48,10,1126.72,87.24,97.53,224.63,1,1,0.88537
48,11,1738.45,328.22,155.39,199.1,1,1,0.89064
48,12,900.41,630.41,104.25,273.84,1,1,0.87681
48,13,1419.6,489.37,126.41,170.99,1,1,0.8569
48,14,838.17,476.08,90.18,162.61,1,1,0.78953
48,15,1206.26,501.21,118.64,161.85,1,1,0.83561
48,17,887.87,498.32,152.15,212.89,1,1,0.87246
49,0,1055.29,317.21,164.37,184.89,1,1,0.9157
49,1,656.51,344.93,166.94,183.31,1,1,0.90931
49,2,1449.14,566.84,140.36,225.24,1,1,0.89995
49,3,1261.72,531.34,148.03,240.19,1,1,0.90066
49,4,474.59,518.81,178.47,230.99,1,1,0.90284
49,5,650.35,509.02,189.9,226.07,1,1,0.89124
49,6,1127.6,665.84,143.4,257.78,1,1,0.89466
49,7,-0.44,149.45,63.16,205.75,1,1,0.88924
49,8,1058.19,532.76,162.18,198.57,1,1,0.88723
49,9,372.03,492.25,125.56,169.91,1,1,0.88211
49,10,1126.91,88.74,97.67,223.2,1,1,0.88415
49,11,1738.42,327.48,154.98,199.75,1,1,0.88794
49,12,899.22,630.83,105.45,272.51,1,1,0.87569
49,13,1418.27,488.99,126.37,170.83,1,1,0.85813
49,14,839.19,469.84,89.05,161.52,1,1,0.78253
49,15,1204.63,497.24,113.87,167.52,1,1,0.84649
49,17,881.9,496.63,156.6,213.44,1,1,0.87152
50,0,1054.54,316.97,164.51,185.0,1,1,0.91425
50,1,655.14,345.63,166.93,182.6,1,1,0.90426
50,2,1448.39,565.61,140.49,226.03,1,1,0.89621
50,3,1255.26,525.99,153.59,245.36,1,1,0.90016
50,4,460.39,515.21,189.2,231.35,1,1,0.89788
50,5,641.06,503.89,194.47,230.6,1,1,0.88337
50,6,1127.97,665.7,142.33,257.42,1,1,0.89107
50,7,-0.74,148.59,63.24,206.69,1,1,0.88336
50,8,1049.86,525.71,167.93,204.64,1,1,0.87744
50,9,368.26,491.2,127.54,168.88,1,1,0.87828
50,10,1126.41,90.18,98.02,222.48,1,1,0.88185
50,11,1738.14,326.78,154.18,200.36,1,1,0.88106
50,12,897.62,632.57,106.96,271.27,1,1,0.87055
50,13,1417.37,488.58,127.61,171.49,1,1,0.84966
50,15,1201.64,492.71,114.17,160.03,1,1,0.83445
50,17,874.17,494.66,163.69,215.87,1,1,0.86449
51,0,1053.69,316.92,165.42,185.24,1,1,0.91477
51,1,654.52,347.16,168.27,181.88,1,1,0.90489
51,2,1447.6,564.19,141.43,227.2,1,1,0.8927
51,3,1250.34,520.12,158.77,251.14,1,1,0.90211
51,4,452.24,511.07,195.15,234.08,1,1,0.89663
51,5,639.06,498.37,189.1,239.41,1,1,0.88096
51,6,1129.13,666.95,142.06,255.97,1,1,0.88657
51,7,-0.63,147.71,63.75,206.09,1,1,0.86538
51,8,1046.05,518.92,166.88,211.61,1,1,0.87617
51,9,363.56,490.05,129.62,167.3,1,1,0.86829
51,10,1127.58,92.8,97.02,220.78,1,1,0.87948
51,11,1738.45,326.59,153.61,200.6,1,1,0.87126
51,12,898.21,633.73,107.57,270.68,1,1,0.86756
51,13,1417.13,488.31,129.64,171.79,1,1,0.83814
51,15,1199.58,488.98,114.58,149.16,1,1,0.79601
51,17,865.44,491.83,170.9,222.22,1,1,0.8634
52,0,1052.76,317.04,166.56,185.39,1,1,0.91625
52,1,654.2,348.58,170.19,181.31,1,1,0.90204
52,2,1443.79,561.78,144.7,229.24,1,1,0.89572
52,3,1244.92,513.14,164.89,257.13,1,1,0.90517
52,4,447.04,506.98,199.89,241.02,1,1,0.89592
52,5,639.37,491.64,186.96,253.1,1,1,0.89016
52,6,1128.66,669.92,143.09,252.99,1,1,0.88949
52,7,-0.62,146.6,64.46,207.31,1,1,0.86217
52,8,1039.38,511.94,167.6,220.62,1,1,0.87611
52,9,359.15,490.08,127.95,163.28,1,1,0.87221
52,10,1128.43,95.56,96.65,218.93,1,1,0.88184
52,11,1738.18,326.77,153.71,200.26,1,1,0.88222
52,12,899.34,632.95,107.5,272.44,1,1,0.86603
52,13,1417.34,488.24,126.92,172.12,1,1,0.84017
52,15,1195.89,485.59,110.95,144.31,1,1,0.80969
52,17,854.75,487.17,173.98,234.07,1,1,0.85861
53,0,1052.62,317.41,165.87,185.01,1,1,0.91962
53,1,656.15,349.2,169.24,180.89,1,1,0.90117
53,2,1435.14,558.66,152.42,232.17,1,1,0.89945
53,3,1235.79,505.35,172.94,260.61,1,1,0.90938
53,4,441.69,502.78,201.33,252.43,1,1,0.89348
53,5,639.69,485.92,188.49,265.69,1,1,0.89484
53,6,1127.18,673.97,145.11,248.85,1,1,0.89523
53,7,-0.69,144.79,65.28,209.33,1,1,0.86668
53,8,1031.0,505.13,170.52,231.64,1,1,0.89082
53,9,354.3,488.58,125.34,160.16,1,1,0.86366
53,10,1129.43,97.87,95.43,217.04,1,1,0.88122
53,11,1737.91,327.04,153.57,199.81,1,1,0.88757
53,12,900.13,631.05,111.72,275.04,1,1,0.87495
53,13,1417.21,488.32,126.5,170.48,1,1,0.83376
53,15,1189.12,482.78,106.14,141.61,1,1,0.82672
53,17,848.29,483.34,163.2,243.91,1,1,0.85583
54,0,1051.65,318.39,165.54,183.3,1,1,0.9197
54,1,654.22,349.14,171.64,179.98,1,1,0.90381
54,2,1424.56,555.35,162.05,235.1,1,1,0.90198
54,3,1228.99,497.49,175.87,263.4,1,1,0.90845
54,4,437.27,498.42,200.43,267.29,1,1,0.89343
54,5,637.34,481.19,192.08,274.23,1,1,0.90263
54,6,1126.68,677.39,145.78,245.49,1,1,0.89615
54,7,-0.69,143.4,66.07,210.34,1,1,0.86865
54,8,1027.4,498.48,167.27,240.58,1,1,0.89929
54,9,347.68,484.06,123.89,160.74,1,1,0.85614
54,10,1131.72,100.7,94.03,214.17,1,1,0.87569
54,11,1737.68,327.92,153.69,198.58,1,1,0.88729
54,12,901.5,629.88,110.17,276.8,1,1,0.88371
54,13,1416.74,488.68,123.8,168.76,1,1,0.8037
54,15,1179.53,480.91,104.1,148.17,1,1,0.84123
54,17,843.74,481.0,153.64,248.88,1,1,0.84722
55,0,1048.86,319.64,164.61,181.24,1,1,0.90561
55,1,648.4,348.74,177.5,179.34,1,1,0.90678
55,2,1413.74,551.03,172.81,239.05,1,1,0.9043
55,3,1224.71,492.43,170.47,260.9,1,1,0.90597
55,4,429.94,495.17,199.22,276.11,1,1,0.89694
55,5,633.41,478.16,185.1,279.5,1,1,0.90653
55,6,1124.09,680.45,149.5,242.22,1,1,0.89736
55,7,-0.62,142.59,66.51,210.89,1,1,0.88419
55,8,1022.45,494.46,165.81,244.66,1,1,0.89937
55,9,342.4,478.99,119.97,162.27,1,1,0.86403
55,10,1134.24,103.73,92.93,210.88,1,1,0.86575
55,11,1738.27,329.21,153.59,197.07,1,1,0.88316
55,12,903.13,629.55,108.59,276.61,1,1,0.88526
55,13,1414.59,488.1,124.2,151.68,1,1,0.75503
55,15,1173.85,478.1,103.7,160.06,1,1,0.81676
55,17,839.27,478.62,136.13,251.83,1,1,0.80829
56,0,1042.06,321.2,167.03,176.09,1,1,0.90041
56,1,638.74,346.98,187.28,179.67,1,1,0.90795
56,2,1403.48,545.21,184.12,244.04,1,1,0.90866
56,3,1221.06,488.46,158.99,256.01,1,1,0.90025
56,4,420.0,493.92,191.4,280.41,1,1,0.89467
56,5,626.39,476.69,170.43,280.58,1,1,0.89985
56,6,1122.38,683.36,153.56,239.15,1,1,0.8933
56,7,-0.47,140.91,68.14,211.39,1,1,0.89003
56,8,1012.98,491.61,169.15,246.32,1,1,0.88415
56,9,336.36,474.91,115.93,163.52,1,1,0.87113
56,10,1136.99,107.65,91.6,205.62,1,1,0.85602
56,11,1739.71,329.95,152.28,196.14,1,1,0.86558
56,12,904.91,628.68,111.23,275.83,1,1,0.88807
56,13,1408.9,484.1,127.75,179.49,1,1,0.75821
56,15,1169.48,475.61,98.96,167.87,1,1,0.70278
56,17,834.75,474.9,127.31,255.57,1,1,0.82885
57,0,1033.92,321.57,172.91,173.34,1,1,0.90228
57,1,628.13,343.31,197.96,180.75,1,1,0.91284
57,2,1396.19,539.7,192.98,248.14,1,1,0.91467
57,3,1217.32,485.94,146.28,250.28,1,1,0.89864
57,4,412.74,493.9,178.27,280.49,1,1,0.89604
57,5,618.59,476.01,161.51,279.87,1,1,0.90452
57,6,1120.45,685.19,157.18,235.69,1,1,0.90057
57,7,-0.27,138.3,70.76,211.72,1,1,0.90217
57,8,1003.96,489.29,170.57,246.4,1,1,0.88429
57,9,329.31,471.94,115.09,163.8,1,1,0.87122
57,10,1139.73,111.84,93.28,200.73,1,1,0.82525
57,11,1741.46,329.89,151.43,195.24,1,1,0.84118
57,12,907.21,628.49,115.52,274.65,1,1,0.8906
57,13,1402.03,479.6,129.7,178.85,1,1,0.74975
57,15,1169.04,471.88,90.38,174.38,1,1,0.72676
57,17,830.04,468.97,122.7,260.76,1,1,0.85116
58,0,1024.35,321.13,181.5,172.63,1,1,0.90767
58,1,617.03,338.83,209.95,183.31,1,1,0.9164
58,2,1393.91,533.3,198.32,252.79,1,1,0.91765
58,3,1213.49,483.72,137.56,247.43,1,1,0.89851
58,4,405.39,492.86,158.72,280.86,1,1,0.89132
58,5,610.17,473.22,154.44,280.21,1,1,0.91441
58,6,1113.57,686.29,167.48,233.73,1,1,0.91063
58,7,0.17,136.04,74.42,211.67,1,1,0.91885
58,8,995.11,487.07,167.64,247.59,1,1,0.88894
58,9,322.04,469.61,116.94,162.18,1,1,0.85705
58,10,1142.43,114.21,94.55,196.92,1,1,0.83095
58,11,1744.98,329.55,150.93,194.19,1,1,0.8542
58,12,911.68,628.78,119.54,273.41,1,1,0.90154
58,13,1395.73,475.93,136.35,165.52,1,1,0.81267
58,15,1167.29,467.22,86.51,176.01,1,1,0.771
58,17,829.27,464.54,120.6,264.28,1,1,0.86033
59,0,1016.91,319.8,188.41,172.8,1,1,0.90796
59,1,607.51,334.44,220.44,186.51,1,1,0.9165
59,2,1394.09,526.82,201.94,256.42,1,1,0.91717
59,3,1210.35,482.86,134.39,245.36,1,1,0.89627
59,4,400.82,490.64,142.22,282.2,1,1,0.8897
59,5,604.83,470.41,148.61,280.75,1,1,0.9117
59,6,1098.04,684.81,188.11,234.76,1,1,0.9162
59,7,0.85,133.54,79.89,208.95,1,1,0.91922
59,8,986.01,484.06,164.81,251.39,1,1,0.89459
59,9,317.45,467.01,119.46,164.17,1,1,0.86734
59,10,1145.85,114.85,96.77,200.44,1,1,0.85871
59,11,1748.76,328.2,150.88,195.01,1,1,0.84976
59,12,916.9,628.92,123.42,274.76,1,1,0.90583
59,13,1383.43,471.59,139.71,154.0,1,1,0.85411
59,15,1168.28,463.36,83.12,174.56,1,1,0.70731
59,17,828.99,460.3,122.46,267.3,1,1,0.87599
60,0,1010.81,317.73,196.53,174.9,1,1,0.90763
60,1,601.19,330.61,222.16,188.76,1,1,0.91218
60,2,1395.93,519.11,201.52,258.85,1,1,0.91073
60,3,1208.71,480.4,137.7,245.38,1,1,0.90098
60,4,399.34,486.36,131.37,284.95,1,1,0.88452
60,5,598.98,466.57,144.91,281.65,1,1,0.90817
60,6,1088.36,680.04,203.18,238.85,1,1,0.90751
60,7,1.11,130.6,86.76,205.8,1,1,0.90893
60,8,978.72,479.04,161.61,255.64,1,1,0.89589
60,9,313.69,464.15,119.82,163.85,1,1,0.8598
60,10,1150.34,114.68,98.71,208.01,1,1,0.86698
60,11,1750.08,324.81,154.05,198.19,1,1,0.86446
60,12,921.35,629.01,128.19,277.15,1,1,0.90119
60,13,1367.18,466.05,146.43,141.89,1,1,0.84391
60,15,1168.67,462.07,82.0,165.38,1,1,0.77731
60,17,827.33,463.2,127.19,258.72,1,1,0.86365
61,0,1008.22,316.55,197.94,175.45,1,1,0.90554
61,1,595.44,328.81,214.97,186.0,1,1,0.91061
61,2,1402.14,513.05,191.84,260.38,1,1,0.91243
61,3,1204.92,477.95,146.3,246.77,1,1,0.90959
61,4,395.07,482.25,126.51,283.2,1,1,0.88608
61,5,592.44,461.41,141.4,282.28,1,1,0.89902
61,6,1072.65,676.11,222.23,239.91,1,1,0.90466
61,7,1.6,129.1,94.11,203.54,1,1,0.90331
61,8,971.88,474.91,158.2,251.82,1,1,0.8832
61,9,312.46,461.79,113.79,162.96,1,1,0.83563
61,10,1157.25,114.21,98.22,213.67,1,1,0.84103
61,11,1750.72,322.61,158.22,199.81,1,1,0.88702
61,12,926.83,632.1,131.79,277.52,1,1,0.89434
61,13,1353.08,459.4,150.08,141.42,1,1,0.83031
61,15,1167.22,461.65,83.88,162.71,1,1,0.82205
61,17,824.05,465.9,135.09,251.56,1,1,0.86241
62,0,1004.17,315.89,204.38,175.71,1,1,0.89462
62,1,591.08,327.48,195.62,186.49,1,1,0.90449
62,2,1403.9,507.46,179.02,260.2,1,1,0.90668
62,3,1196.54,475.74,156.63,246.5,1,1,0.91309
62,4,389.11,479.02,125.2,276.2,1,1,0.88605
62,5,582.71,456.95,139.09,277.55,1,1,0.89682
62,6,1074.4,672.15,218.31,240.98,1,1,0.91191
62,7,1.69,126.77,101.62,199.47,1,1,0.90209
62,8,961.72,471.89,153.24,240.06,1,1,0.87452
62,9,310.87,459.63,109.12,180.86,1,1,0.86278
62,10,1164.46,114.07,96.77,216.96,1,1,0.84742
62,11,1746.7,320.99,160.25,198.93,1,1,0.88691
62,12,929.62,637.1,141.05,276.13,1,1,0.88622
62,13,1338.75,452.36,151.05,145.09,1,1,0.83336
62,15,1160.6,464.61,83.69,155.23,1,1,0.79303
62,17,814.67,466.77,147.11,247.73,1,1,0.8782
63,0,1004.23,316.88,204.37,174.89,1,1,0.9025
63,1,586.11,326.53,172.34,186.66,1,1,0.89879
63,2,1406.27,503.27,165.59,258.49,1,1,0.9001
63,3,1191.5,473.86,166.06,247.89,1,1,0.91473
63,4,380.63,477.55,136.89,266.87,1,1,0.88974
63,5,570.62,452.76,132.01,271.73,1,1,0.8988
63,6,1070.77,669.5,210.94,241.0,1,1,0.90253
63,7,1.75,122.72,107.95,196.92,1,1,0.904
63,8,952.6,468.46,150.21,236.14,1,1,0.86646
63,9,310.7,458.68,102.4,196.01,1,1,0.86655
63,10,1171.53,114.69,95.16,217.12,1,1,0.8165
63,11,1742.58,319.82,156.26,196.72,1,1,0.88941
63,12,934.48,639.25,140.44,276.12,1,1,0.89087
63,13,1326.95,445.04,156.42,164.48,1,1,0.84039
63,15,1157.33,469.4,78.02,150.62,1,1,0.74843
63,17,808.14,467.11,157.89,247.92,1,1,0.88038
63,14,822.65,432.95,121.8,189.12,1,1,0.67259
64,0,1007.59,317.08,194.98,176.1,1,1,0.89879
64,1,582.37,326.54,163.48,188.6,1,1,0.90173
64,2,1408.08,500.89,152.99,256.15,1,1,0.90004
64,3,1188.99,471.09,174.96,252.41,1,1,0.91246
64,4,376.39,476.95,145.05,258.27,1,1,0.89504
64,5,555.75,451.83,139.37,269.19,1,1,0.90791
64,6,1065.7,666.8,200.03,242.6,1,1,0.89711
64,7,1.66,119.02,116.09,196.67,1,1,0.89858
64,8,945.65,465.68,143.91,230.68,1,1,0.85867
64,9,311.56,459.58,96.16,203.36,1,1,0.86495
64,10,1178.96,116.42,94.88,215.74,1,1,0.78453
64,11,1739.84,320.04,147.08,193.81,1,1,0.88711
64,12,941.62,641.55,138.3,273.3,1,1,0.88743
64,13,1320.76,439.48,160.06,182.81,1,1,0.83606
64,15,1155.84,472.64,79.3,156.46,1,1,0.70703
64,17,805.74,467.92,166.4,254.04,1,1,0.88291
64,14,820.14,429.68,126.11,190.9,1,1,0.6979
65,0,1013.27,318.15,177.1,173.22,1,1,0.90112
65,1,578.55,325.92,165.4,189.32,1,1,0.90016
65,2,1405.95,498.55,149.48,253.0,1,1,0.90365
65,3,1187.98,469.57,182.81,254.23,1,1,0.90898
65,4,370.59,475.88,159.72,254.64,1,1,0.89868
65,5,544.03,450.94,153.1,266.59,1,1,0.90774
65,6,1062.55,662.43,184.58,246.45,1,1,0.89167
65,7,2.63,115.04,126.79,196.14,1,1,0.89803
65,8,937.63,463.4,143.41,231.99,1,1,0.86203
65,9,313.99,461.14,89.61,193.86,1,1,0.81938
65,10,1188.43,119.51,95.15,213.52,1,1,0.80824
65,11,1738.85,321.24,137.84,190.13,1,1,0.87871
65,12,950.56,643.66,137.52,270.52,1,1,0.88812
65,13,1314.98,435.51,161.03,193.97,1,1,0.83753
65,15,1147.36,473.07,89.99,161.67,1,1,0.74953
65,17,809.8,461.89,168.92,265.44,1,1,0.87842
66,0,1020.0,318.84,161.41,176.11,1,1,0.89953
66,1,576.73,324.49,166.39,186.69,1,1,0.90099
66,2,1400.02,496.59,155.45,249.33,1,1,0.91087
66,3,1186.5,465.82,188.83,258.66,1,1,0.90679
66,4,363.3,473.75,177.69,254.7,1,1,0.9008
66,5,535.87,447.74,168.26,267.98,1,1,0.90629
66,6,1061.99,656.48,176.5,251.92,1,1,0.89889
66,7,5.31,111.43,136.66,193.07,1,1,0.88916
66,8,935.34,460.18,142.86,231.14,1,1,0.86643
66,9,314.82,464.38,84.58,182.06,1,1,0.79541
66,10,1201.91,124.1,97.13,208.25,1,1,0.8654
66,11,1737.1,322.95,135.46,187.07,1,1,0.88846
66,12,959.01,641.38,135.9,271.96,1,1,0.89501
66,13,1308.76,433.57,163.46,191.46,1,1,0.85619
66,15,1129.37,472.5,110.58,162.78,1,1,0.76061
66,17,817.47,459.06,167.15,271.41,1,1,0.88173
66,14,819.9,424.82,134.73,140.14,1,1,0.71693
67,0,1023.46,318.05,154.58,185.57,1,1,0.90415
67,1,576.34,324.1,164.54,182.07,1,1,0.90191
67,2,1392.04,495.96,170.04,247.04,1,1,0.91447
67,3,1188.9,462.35,186.76,262.14,1,1,0.90355
67,4,358.27,470.88,190.42,257.16,1,1,0.90343
67,5,534.72,442.98,180.25,269.66,1,1,0.91073
67,6,1062.84,648.96,175.53,256.89,1,1,0.89881
67,7,11.21,110.13,143.38,188.44,1,1,0.88385
67,8,934.92,457.54,142.64,230.07,1,1,0.86582
67,9,306.93,467.74,88.72,175.54,1,1,0.82564
67,10,1212.77,129.79,103.65,200.3,1,1,0.86362
67,11,1737.07,326.09,140.44,182.48,1,1,0.89199
67,12,968.93,639.1,135.98,272.63,1,1,0.89747
67,13,1308.57,432.8,162.08,189.41,1,1,0.84757
67,15,1111.08,474.69,123.78,157.72,1,1,0.82277
67,17,822.31,458.73,167.57,272.36,1,1,0.88368
68,0,1027.98,316.64,149.76,192.38,1,1,0.90162
68,1,575.84,323.48,157.31,178.29,1,1,0.89032
68,2,1385.3,495.51,186.96,244.21,1,1,0.91974
68,3,1191.07,458.82,175.79,264.94,1,1,0.89853
68,4,356.09,469.07,193.15,258.67,1,1,0.90265
68,5,536.34,438.03,190.25,271.52,1,1,0.91252
68,6,1066.68,642.33,172.62,259.29,1,1,0.89461
68,7,20.82,109.9,144.96,184.28,1,1,0.88948
68,8,930.73,453.43,149.41,246.27,1,1,0.85721
68,9,289.97,470.27,106.09,181.98,1,1,0.82676
68,10,1223.01,133.62,110.36,203.54,1,1,0.86584
68,11,1737.17,329.61,150.89,177.92,1,1,0.90134
68,12,978.24,636.34,138.71,274.42,1,1,0.89421
68,13,1307.11,432.94,163.53,198.88,1,1,0.87028
68,15,1096.01,475.78,137.82,163.1,1,1,0.85842
68,17,823.83,457.76,166.41,272.42,1,1,0.8733
68,14,817.13,417.46,136.69,118.12,1,1,0.79715
69,0,1032.04,317.75,143.36,197.35,1,1,0.90202
69,1,575.18,324.4,141.66,175.15,1,1,0.87912
69,2,1381.46,495.31,203.14,240.71,1,1,0.91927
69,3,1195.81,456.94,155.78,266.14,1,1,0.89596
69,4,358.01,467.55,191.49,260.37,1,1,0.90162
69,5,536.14,433.77,196.9,271.98,1,1,0.91433
69,6,1064.72,636.24,172.44,258.33,1,1,0.87429
69,7,32.39,107.82,150.1,183.33,1,1,0.89903
69,8,924.68,449.33,157.1,259.68,1,1,0.87408
69,9,270.09,470.75,127.18,185.6,1,1,0.85524
69,10,1236.52,137.79,114.59,211.7,1,1,0.87903
69,11,1738.84,332.51,162.22,177.08,1,1,0.90403
69,12,988.61,634.16,141.02,276.03,1,1,0.89143
69,13,1305.16,433.31,164.77,200.31,1,1,0.881
69,15,1097.76,475.71,138.23,170.71,1,1,0.86992
69,17,825.51,455.57,159.86,275.1,1,1,0.87852
69,14,809.94,414.66,135.95,113.91,1,1,0.81974
70,0,1035.97,318.91,133.89,199.88,1,1,0.89938
70,1,575.17,326.19,121.25,187.78,1,1,0.87899
70,2,1381.15,494.55,216.33,238.71,1,1,0.92377
70,3,1199.55,455.82,141.52,265.1,1,1,0.89616
70,4,362.52,464.16,183.43,262.85,1,1,0.90422
70,5,540.42,430.44,190.48,270.01,1,1,0.91364
70,6,1060.51,633.08,165.28,246.71,1,1,0.86427
70,7,46.2,104.06,155.51,185.58,1,1,0.89231
70,8,925.41,446.36,158.89,266.19,1,1,0.87943
70,9,250.99,469.64,152.35,195.07,1,1,0.8852
70,10,1249.7,140.52,117.26,218.4,1,1,0.88281
70,11,1740.7,333.56,173.1,178.49,1,1,0.91076
70,12,993.68,635.45,149.1,274.61,1,1,0.89155
70,13,1303.79,433.49,166.59,204.59,1,1,0.89423
70,15,1106.48,474.79,130.12,174.69,1,1,0.87059
70,17,823.73,453.04,160.0,277.22,1,1,0.88412
70,14,805.65,414.43,137.93,108.64,1,1,0.82756
70,20,1.31,397.98,47.11,258.04,1,1,0.8157
71,0,1039.89,320.48,123.02,198.73,1,1,0.89733
71,1,573.43,327.5,117.12,194.03,1,1,0.87444
71,2,1387.97,492.9,224.33,237.58,1,1,0.91895
71,3,1202.98,455.71,139.17,258.25,1,1,0.893
71,4,368.21,461.91,169.75,263.61,1,1,0.90439
71,5,546.05,426.89,176.85,271.41,1,1,0.90618
71,6,1059.43,631.62,147.11,233.77,1,1,0.85294
71,7,60.56,99.24,160.2,188.97,1,1,0.89701
71,8,930.67,444.25,154.38,270.28,1,1,0.87338
71,9,244.03,469.02,165.98,200.74,1,1,0.8852
71,10,1263.38,144.39,120.17,223.64,1,1,0.89754
71,11,1743.84,333.96,176.28,178.62,1,1,0.91272
71,12,994.67,637.33,158.64,270.98,1,1,0.88129
71,13,1304.55,433.83,164.78,207.12,1,1,0.89486
71,15,1115.95,473.14,124.49,177.57,1,1,0.86962
71,17,827.86,451.65,148.93,276.99,1,1,0.87108
71,14,805.16,415.3,138.34,100.35,1,1,0.82545
71,20,3.35,393.92,65.96,251.67,1,1,0.85707
72,0,1037.33,322.53,125.48,188.42,1,1,0.89041
72,1,567.16,328.32,130.59,199.62,1,1,0.86815
72,2,1403.43,490.69,224.52,237.13,1,1,0.92037
72,3,1205.0,456.18,146.37,254.32,1,1,0.89631
72,4,372.5,460.8,156.38,264.49,1,1,0.90655
72,5,551.58,422.96,157.32,273.84,1,1,0.89863
72,6,1052.54,631.56,154.07,227.59,1,1,0.84239
72,7,76.35,94.43,167.86,193.42,1,1,0.89886
72,8,935.41,441.62,147.5,273.67,1,1,0.86824
72,9,247.41,471.02,165.6,201.12,1,1,0.88067
72,10,1276.69,149.21,124.58,225.82,1,1,0.89664
72,11,1746.83,333.67,175.62,180.21,1,1,0.90762
72,12,996.58,642.49,164.86,264.68,1,1,0.87928
72,13,1303.2,434.21,167.19,209.77,1,1,0.89183
72,15,1126.27,471.82,116.55,178.96,1,1,0.87402
72,17,825.05,451.48,145.44,273.95,1,1,0.87154
72,14,808.31,416.12,138.49,100.85,1,1,0.78827
72,20,4.07,388.52,90.43,238.26,1,1,0.88263
73,0,1032.33,324.78,134.13,177.01,1,1,0.89668
73,1,560.91,328.3,148.82,201.98,1,1,0.88209
73,2,1424.27,487.7,215.44,236.72,1,1,0.91759
73,3,1207.55,458.31,152.14,249.81,1,1,0.89054
73,4,375.07,461.18,148.02,262.12,1,1,0.9075
73,5,556.41,419.68,135.55,274.55,1,1,0.8872
73,6,1050.82,633.1,164.8,223.63,1,1,0.87625
73,7,94.79,89.01,177.4,198.63,1,1,0.89709
73,8,939.02,439.94,139.22,276.3,1,1,0.86679
73,9,257.51,475.45,160.08,196.42,1,1,0.8854
73,10,1292.5,154.76,122.5,221.33,1,1,0.89073
73,11,1750.32,333.93,172.04,178.86,1,1,0.89637
73,12,1003.67,643.09,163.83,263.81,1,1,0.87448
73,13,1304.91,435.48,167.15,210.83,1,1,0.89047
73,15,1128.34,471.67,115.25,179.8,1,1,0.86401
73,17,828.66,450.52,141.96,270.32,1,1,0.86394
73,14,803.69,416.5,147.57,150.34,1,1,0.68488
73,20,4.08,381.93,118.6,235.88,1,1,0.90128
74,0,1023.71,325.59,148.75,167.88,1,1,0.89937
74,1,551.58,326.0,170.04,202.03,1,1,0.89596
74,2,1429.17,483.99,219.93,234.95,1,1,0.91485
74,3,1210.08,458.45,158.77,248.68,1,1,0.89473
74,4,378.72,463.13,148.26,257.92,1,1,0.8996
74,5,547.24,414.02,136.74,275.85,1,1,0.8676
74,6,1050.3,634.73,170.02,215.59,1,1,0.84576
74,7,122.67,83.52,184.15,198.98,1,1,0.87916
74,8,942.32,437.83,134.86,273.53,1,1,0.85213
74,9,270.23,478.93,143.7,189.86,1,1,0.87998
74,10,1308.09,160.93,121.7,213.99,1,1,0.88655
74,11,1754.41,334.03,161.52,178.19,1,1,0.87397
74,12,1021.35,654.17,154.08,250.95,1,1,0.86156
74,13,1306.76,436.59,160.88,206.35,1,1,0.8908
74,15,1119.48,471.45,126.68,178.38,1,1,0.87346
74,17,832.54,450.28,137.88,263.62,1,1,0.86943
74,14,801.1,416.43,153.24,171.28,1,1,0.74763
74,20,3.77,374.18,151.3,243.16,1,1,0.91533
75,0,1015.52,324.67,163.59,164.71,1,1,0.89826
75,1,543.09,324.02,183.3,194.77,1,1,0.86856
75,2,1425.96,479.74,226.59,234.68,1,1,0.91313
75,3,1211.66,458.29,166.36,250.49,1,1,0.89597
75,4,380.74,464.16,155.04,253.48,1,1,0.90016
75,5,545.99,408.46,145.38,276.73,1,1,0.84696
75,6,1037.88,625.12,125.25,201.33,1,1,0.80473
75,7,155.69,80.67,181.08,197.29,1,1,0.87183
75,8,943.63,434.21,134.97,253.51,1,1,0.8614
75,9,280.84,482.3,132.4,188.14,1,1,0.87337
75,10,1320.34,166.12,125.46,208.7,1,1,0.84295
75,11,1761.51,333.33,150.04,178.63,1,1,0.81953
75,12,1033.79,660.26,160.55,243.34,1,1,0.84584
75,13,1309.32,439.03,153.19,201.21,1,1,0.88848
75,15,1114.44,470.63,132.45,176.72,1,1,0.86477
75,17,839.88,446.49,130.89,262.91,1,1,0.86841
75,14,796.38,413.54,133.57,190.91,1,1,0.81864
75,20,6.24,366.35,183.03,243.41,1,1,0.91443
76,0,1006.79,322.69,173.36,164.61,1,1,0.88894
76,1,536.57,322.28,187.01,192.73,1,1,0.83223
76,2,1422.35,476.54,230.65,231.22,1,1,0.9101
76,3,1209.76,457.66,175.63,250.88,1,1,0.90204
76,4,383.35,463.52,156.46,250.51,1,1,0.90006
76,5,549.22,401.6,151.46,278.16,1,1,0.839
76,6,1030.1,619.5,109.61,205.47,1,1,0.8456
76,7,191.77,75.89,173.99,198.61,1,1,0.88052
76,8,946.69,430.94,131.17,241.79,1,1,0.86681
76,9,290.4,485.88,127.15,190.79,1,1,0.88121
76,10,1332.22,170.61,128.86,205.05,1,1,0.79348
76,11,1768.79,334.15,142.94,179.65,1,1,0.8272
76,12,1051.12,658.35,159.53,245.26,1,1,0.88251
76,13,1309.69,441.17,148.2,194.85,1,1,0.88648
76,15,1118.6,469.43,126.81,179.55,1,1,0.85801
76,17,846.28,447.17,126.39,259.52,1,1,0.87126
76,14,792.53,410.42,132.88,198.81,1,1,0.80748
76,20,26.95,356.98,193.72,239.23,1,1,0.90985
77,0,997.78,321.45,181.2,177.1,1,1,0.84585
77,1,534.91,321.69,181.29,192.4,1,1,0.8044
77,2,1418.02,475.24,226.74,228.33,1,1,0.89436
77,3,1206.24,457.51,191.63,250.12,1,1,0.90327
77,4,387.53,462.9,154.39,250.66,1,1,0.89789
77,5,552.07,394.96,154.13,277.37,1,1,0.88208
77,6,1020.87,616.04,116.65,209.28,1,1,0.84035
77,7,217.72,74.04,175.94,201.4,1,1,0.89259
77,8,946.65,428.45,128.07,240.72,1,1,0.8688
77,9,289.08,487.6,133.56,201.37,1,1,0.86185
77,10,1341.64,173.8,130.66,206.47,1,1,0.75025
77,11,1772.85,335.83,141.79,187.24,1,1,0.86585
77,12,1066.84,657.6,154.84,242.84,1,1,0.88055
77,13,1309.16,441.76,148.85,189.94,1,1,0.88026
77,15,1112.35,462.92,129.53,182.62,1,1,0.87429
77,17,848.85,445.85,129.43,259.7,1,1,0.88341
77,14,794.17,408.24,127.75,193.22,1,1,0.7625
77,20,59.89,348.22,191.98,232.46,1,1,0.90106
78,0,989.17,321.24,187.66,189.4,1,1,0.88019
78,1,537.24,323.09,141.27,138.17,1,1,0.84675
78,2,1414.66,472.89,217.37,227.38,1,1,0.9015
78,3,1204.82,459.75,199.69,246.03,1,1,0.90576
78,4,391.62,463.56,155.79,248.39,1,1,0.90559
78,5,553.36,389.66,141.15,272.78,1,1,0.88465
78,6,1013.06,612.68,124.12,211.15,1,1,0.87999
78,7,244.08,73.33,173.53,201.97,1,1,0.90316
78,8,943.18,426.72,130.24,238.75,1,1,0.87042
78,9,284.59,489.76,141.55,209.18,1,1,0.87506
78,10,1347.76,176.46,133.81,210.68,1,1,0.83966
78,11,1775.63,337.88,142.26,200.55,1,1,0.89578
78,12,1083.9,656.96,155.42,240.61,1,1,0.89277
78,13,1307.38,441.66,152.68,187.59,1,1,0.88513
78,15,1101.54,455.82,132.61,182.65,1,1,0.88176
78,17,845.41,443.39,141.36,263.44,1,1,0.88812
78,14,796.69,406.77,116.95,187.67,1,1,0.83165
78,20,98.22,340.72,180.98,233.36,1,1,0.89831
79,0,986.08,321.78,184.7,195.35,1,1,0.88618
79,1,535.42,325.14,121.09,117.57,1,1,0.85189
79,2,1410.55,471.77,201.89,225.52,1,1,0.90064
79,3,1201.51,459.44,197.32,244.01,1,1,0.9045
79,4,394.06,465.66,165.02,244.92,1,1,0.90271
79,5,552.29,387.24,123.04,265.34,1,1,0.88993
79,6,1006.88,608.03,134.71,212.49,1,1,0.88022
79,7,265.4,70.85,174.92,201.64,1,1,0.90277
79,8,941.59,425.76,128.17,234.77,1,1,0.8631
79,9,280.71,491.27,144.56,211.68,1,1,0.86084
79,11,1776.99,341.96,141.48,211.05,1,1,0.8918
79,12,1099.6,655.94,162.03,237.45,1,1,0.89087
79,13,1305.31,440.9,157.35,195.24,1,1,0.86577
79,15,1089.51,452.42,138.7,179.74,1,1,0.87173
79,17,842.52,440.68,153.32,265.15,1,1,0.89116
79,14,795.74,406.76,107.66,182.25,1,1,0.84355
79,20,142.4,333.09,164.02,236.52,1,1,0.89718
80,0,984.85,322.16,178.64,197.5,1,1,0.89121
80,1,534.46,327.07,108.71,161.69,1,1,0.79517
80,2,1407.23,470.02,184.87,224.3,1,1,0.90958
80,3,1197.84,456.26,182.15,244.51,1,1,0.90334
80,4,395.77,467.39,175.79,242.67,1,1,0.90656
80,5,547.16,385.24,116.96,262.27,1,1,0.88764
80,6,998.26,601.51,142.8,214.53,1,1,0.8843
80,7,285.95,63.76,174.3,205.12,1,1,0.90623
80,8,938.89,424.85,128.81,229.29,1,1,0.87071
80,9,273.97,493.09,149.28,209.65,1,1,0.86421
80,11,1777.81,345.47,138.96,220.25,1,1,0.89643
80,12,1106.62,653.18,177.59,237.09,1,1,0.90071
80,13,1300.42,440.79,166.48,203.45,1,1,0.88337
80,15,1078.03,450.8,147.0,177.99,1,1,0.88132
80,17,838.83,435.92,160.66,266.92,1,1,0.89163
80,14,786.6,407.05,108.52,175.16,1,1,0.86206
80,20,173.95,325.9,158.34,240.66,1,1,0.89879
80,10,1341.26,185.31,149.4,218.59,1,1,0.87544
81,0,985.73,322.03,166.64,197.21,1,1,0.89289
81,1,530.18,329.72,101.88,178.11,1,1,0.84138
81,2,1402.71,469.0,184.84,223.36,1,1,0.91106
81,3,1189.46,451.49,177.68,244.66,1,1,0.90952
81,4,395.56,467.81,186.56,244.62,1,1,0.90557
81,5,540.21,381.76,118.98,262.15,1,1,0.89275
81,6,986.88,593.72,160.49,220.81,1,1,0.89377
81,7,307.22,60.32,167.14,205.99,1,1,0.89896
81,8,936.72,423.84,128.08,219.72,1,1,0.86467
81,9,250.39,494.47,172.02,205.65,1,1,0.88039
81,11,1780.85,348.59,136.91,222.54,1,1,0.89758
81,12,1116.44,651.93,191.54,236.75,1,1,0.90433
81,13,1299.34,441.69,161.54,207.15,1,1,0.87079
81,15,1072.9,446.03,155.42,183.63,1,1,0.87901
81,17,833.41,431.37,160.93,270.49,1,1,0.88438
81,14,769.62,407.64,118.26,170.11,1,1,0.85655
81,20,195.78,318.37,159.62,244.3,1,1,0.90687
81,10,1341.88,190.03,159.73,218.65,1,1,0.89421
82,0,983.18,321.77,162.46,198.25,1,1,0.8792
82,1,526.97,332.73,97.7,174.97,1,1,0.82188
82,2,1396.48,467.6,194.02,224.16,1,1,0.90572
82,3,1180.78,446.61,184.84,245.71,1,1,0.90744
82,4,392.26,467.78,195.68,247.71,1,1,0.90268
82,5,534.0,376.91,125.24,263.44,1,1,0.8926
82,6,976.41,588.77,168.22,216.89,1,1,0.89772
82,7,336.47,58.93,155.19,204.29,1,1,0.88947
82,8,932.45,422.25,135.04,226.8,1,1,0.86935
82,9,227.48,494.59,194.94,201.72,1,1,0.88463
82,11,1778.34,351.24,139.75,219.51,1,1,0.90259
82,12,1134.4,650.69,195.51,236.74,1,1,0.90584
82,13,1294.7,443.61,156.61,207.27,1,1,0.85737
82,15,1073.06,439.4,160.34,195.04,1,1,0.88027
82,17,826.7,427.9,162.61,274.29,1,1,0.87436
82,14,750.03,408.58,131.5,165.84,1,1,0.85146
82,20,215.94,308.72,166.71,247.55,1,1,0.90357
82,10,1346.9,199.85,168.86,211.74,1,1,0.89669
83,0,977.91,322.32,163.86,192.43,1,1,0.87525
83,1,523.27,336.01,94.22,170.36,1,1,0.78193
83,2,1390.52,466.41,201.48,222.25,1,1,0.90109
83,3,1172.28,442.45,189.84,240.81,1,1,0.89574
83,4,387.43,468.3,201.16,251.47,1,1,0.91239
83,5,525.87,372.06,135.48,262.8,1,1,0.89895
83,6,961.48,584.13,162.16,217.71,1,1,0.89982
83,7,370.92,57.94,140.17,203.04,1,1,0.88467
83,8,928.78,421.61,145.35,233.1,1,1,0.89486
83,9,215.0,494.33,211.48,199.76,1,1,0.89408
83,11,1767.96,351.0,150.09,215.72,1,1,0.89919
83,12,1153.98,649.62,198.09,237.25,1,1,0.9073
83,13,1289.77,445.14,153.71,204.25,1,1,0.86137
83,15,1076.97,434.5,163.25,200.58,1,1,0.87644
83,17,824.5,427.24,149.88,276.04,1,1,0.8775
83,14,727.98,410.5,151.92,186.66,1,1,0.85081
83,20,238.01,299.19,171.05,238.93,1,1,0.90867
83,10,1352.57,208.8,175.2,209.61,1,1,0.8988
84,0,971.05,322.87,163.6,181.19,1,1,0.87769
84,1,509.55,339.09,89.83,183.08,1,1,0.79627
84,2,1381.3,464.78,208.68,220.79,1,1,0.90081
84,3,1163.85,437.95,185.1,231.9,1,1,0.89798
84,4,383.19,467.73,200.67,252.47,1,1,0.91189
84,5,517.68,367.03,144.25,262.42,1,1,0.90199
84,6,941.9,581.0,153.97,217.39,1,1,0.88953
84,7,392.68,58.49,135.63,201.11,1,1,0.89302
84,8,921.17,421.18,158.93,234.49,1,1,0.90015
84,9,213.23,492.74,210.32,203.75,1,1,0.89639
84,11,1758.37,349.72,159.03,216.09,1,1,0.90699
84,12,1177.08,651.36,194.17,234.29,1,1,0.91212
84,13,1276.06,445.11,157.27,205.65,1,1,0.86157
84,15,1067.09,430.37,160.5,203.92,1,1,0.86475
84,17,815.19,427.59,148.66,274.75,1,1,0.87779
84,14,714.91,412.35,158.25,194.71,1,1,0.83322
84,20,261.01,291.34,173.03,221.57,1,1,0.88787
84,10,1357.57,214.04,176.24,207.65,1,1,0.90348
85,0,959.29,323.89,162.69,170.49,1,1,0.86932
85,1,482.23,343.19,101.37,178.82,1,1,0.86211
85,2,1372.57,462.49,207.04,221.0,1,1,0.89989
85,3,1152.15,433.75,191.21,231.87,1,1,0.89232
85,4,377.42,465.53,194.27,252.73,1,1,0.90969
85,5,511.13,361.69,147.04,261.66,1,1,0.90098
85,6,921.09,576.5,165.38,217.09,1,1,0.90075
85,7,404.07,58.79,142.48,198.76,1,1,0.9026
85,8,913.66,418.78,166.84,234.67,1,1,0.89446
85,9,215.61,490.14,195.9,206.64,1,1,0.89465
85,11,1747.66,346.86,169.03,218.33,1,1,0.91241
85,12,1208.33,651.96,182.45,232.54,1,1,0.90748
85,13,1263.21,444.21,159.29,209.22,1,1,0.862
85,15,1049.75,428.31,165.68,206.26,1,1,0.85792
85,17,802.43,429.91,144.24,270.37,1,1,0.88016
85,14,708.77,413.37,156.08,196.91,1,1,0.8274
85,20,287.71,284.81,169.91,207.01,1,1,0.89773
85,10,1362.41,215.12,175.24,210.15,1,1,0.90148
86,0,948.84,326.16,156.32,166.11,1,1,0.86461
86,1,459.31,348.23,109.84,171.81,1,1,0.87657
86,2,1360.35,461.61,205.34,224.88,1,1,0.90597
86,3,1141.62,430.19,193.16,234.15,1,1,0.89814
86,4,371.79,463.34,183.86,252.84,1,1,0.91068
86,5,503.3,357.87,147.02,255.57,1,1,0.90559
86,6,900.68,570.25,181.86,222.41,1,1,0.91181
86,7,412.35,56.97,156.38,198.9,1,1,0.91107
86,8,902.06,417.05,171.52,232.96,1,1,0.89654
86,9,220.62,487.62,182.48,206.45,1,1,0.89486
86,11,1735.16,344.12,179.39,218.04,1,1,0.90845
86,12,1232.13,651.15,180.6,231.67,1,1,0.90911
86,13,1253.71,445.24,152.94,211.36,1,1,0.86545
86,15,1037.09,426.19,162.13,206.3,1,1,0.87567
86,17,795.43,432.85,136.65,264.15,1,1,0.88407
86,14,707.37,414.07,142.66,193.91,1,1,0.86126
86,20,307.28,279.48,173.13,200.09,1,1,0.88721
86,10,1369.3,214.77,172.78,216.28,1,1,0.90117
87,0,930.71,329.88,152.25,156.89,1,1,0.87063
87,1,445.33,351.36,115.07,161.14,1,1,0.84209
87,2,1350.55,463.69,193.2,224.26,1,1,0.9071
87,3,1128.08,426.09,189.72,234.78,1,1,0.90172
87,4,363.66,459.6,185.03,253.52,1,1,0.91206
87,5,498.17,356.76,142.12,250.32,1,1,0.90103
87,6,879.07,566.29,190.8,224.35,1,1,0.90863
87,7,422.57,55.3,169.48,199.08,1,1,0.91475
87,8,892.53,416.21,167.86,232.93,1,1,0.88267
87,9,225.35,484.07,167.22,206.98,1,1,0.89287
87,11,1723.58,343.08,171.31,216.96,1,1,0.89127
87,12,1243.38,649.73,189.44,231.3,1,1,0.90934
87,13,1246.07,448.87,148.4,211.88,1,1,0.8607
87,15,1033.28,423.77,137.34,206.69,1,1,0.85825
87,17,786.02,432.83,128.99,251.98,1,1,0.85484
87,14,711.05,412.92,121.49,184.15,1,1,0.82726
87,20,344.35,273.72,158.99,197.14,1,1,0.88918
87,10,1379.92,215.1,165.97,222.2,1,1,0.89873
88,0,915.16,334.85,148.95,149.23,1,1,0.86747
88,1,438.57,353.27,116.6,147.83,1,1,0.80628
88,2,1334.64,466.61,181.54,220.59,1,1,0.9065
88,3,1114.3,422.07,175.72,234.94,1,1,0.90017
88,4,357.54,454.97,189.26,255.61,1,1,0.91425
88,5,490.31,356.97,139.62,245.27,1,1,0.8961
88,6,854.29,557.58,190.09,232.21,1,1,0.8994
88,7,434.18,51.42,179.21,201.51,1,1,0.9132
88,8,875.91,413.83,161.26,258.44,1,1,0.88439
88,9,226.74,481.57,155.6,207.54,1,1,0.89679
88,11,1711.01,344.19,151.03,211.79,1,1,0.88846
88,12,1251.19,647.32,200.1,230.68,1,1,0.91439
88,13,1235.94,450.46,144.72,214.56,1,1,0.85995
88,15,1023.7,419.67,124.04,206.21,1,1,0.86004
88,17,771.48,430.97,122.4,240.72,1,1,0.8336
88,14,711.17,410.76,106.09,166.7,1,1,0.81471
88,20,373.68,268.19,154.58,196.13,1,1,0.89121
88,10,1391.79,216.54,157.87,225.1,1,1,0.89427
89,0,911.7,339.4,137.46,141.46,1,1,0.82571
89,1,431.15,357.06,124.33,147.33,1,1,0.75433
89,2,1321.45,470.29,185.33,211.4,1,1,0.90518
89,3,1098.04,418.59,169.88,236.03,1,1,0.90214
89,4,351.94,452.22,195.47,254.76,1,1,0.91235
89,5,482.54,357.35,143.14,241.83,1,1,0.89981
89,6,838.84,557.62,171.46,232.07,1,1,0.89049
89,7,454.76,49.59,178.74,199.6,1,1,0.89929
89,8,863.31,410.83,159.58,274.09,1,1,0.89881
89,9,224.2,478.98,151.61,208.65,1,1,0.89311
89,11,1697.23,346.65,138.07,212.83,1,1,0.8823
89,12,1259.99,643.6,211.29,233.55,1,1,0.91445
89,13,1227.87,452.12,140.12,215.49,1,1,0.86373
89,15,1015.93,416.38,116.27,214.02,1,1,0.86923
89,17,754.31,428.19,129.47,240.31,1,1,0.84388
89,14,702.2,409.16,98.57,165.33,1,1,0.84082
89,20,389.28,262.9,164.58,196.45,1,1,0.89548
89,10,1402.98,220.68,154.54,222.37,1,1,0.89991
90,0,917.18,341.97,116.62,142.35,1,1,0.80206
90,1,405.34,349.42,148.3,157.51,1,1,0.66985
90,2,1309.46,474.97,191.34,215.42,1,1,0.9025
90,3,1083.36,415.35,177.24,241.97,1,1,0.8977
90,4,347.32,449.85,195.37,251.47,1,1,0.91348
90,5,475.6,353.69,149.47,244.33,1,1,0.90941
90,6,819.25,556.68,149.24,231.58,1,1,0.88854
90,7,484.57,48.38,171.2,197.78,1,1,0.89218
90,8,854.13,406.89,161.97,281.15,1,1,0.90646
90,9,209.65,476.35,156.77,211.1,1,1,0.89438
90,11,1683.69,350.85,131.47,210.83,1,1,0.88634
90,12,1275.15,640.12,216.83,236.36,1,1,0.91051
90,13,1220.56,453.56,138.75,218.82,1,1,0.87426
90,15,1006.28,413.39,109.73,220.21,1,1,0.87969
90,17,745.29,427.24,124.52,239.15,1,1,0.86558
90,14,683.58,406.62,105.01,169.02,1,1,0.86358
90,20,398.92,256.08,187.43,198.97,1,1,0.86973
90,10,1411.17,225.64,157.84,216.0,1,1,0.89463
91,0,911.84,344.55,105.47,142.73,1,1,0.77455
91,1,393.76,350.9,152.07,157.73,1,1,0.71592
91,2,1294.22,475.49,190.21,222.75,1,1,0.87499
91,3,1072.99,413.49,184.52,248.49,1,1,0.90766
91,4,343.38,449.08,191.97,258.18,1,1,0.90751
91,5,469.92,355.22,156.59,241.48,1,1,0.90956
91,6,795.17,553.76,129.84,231.22,1,1,0.87579
91,7,522.25,47.3,167.84,196.24,1,1,0.89165
91,8,843.48,403.77,166.78,281.67,1,1,0.90041
91,9,195.58,474.45,165.07,211.88,1,1,0.89116
91,11,1658.5,356.36,142.64,206.58,1,1,0.88197
91,12,1298.73,637.29,214.3,239.87,1,1,0.90769
91,13,1213.31,453.55,136.19,221.59,1,1,0.85397
91,15,992.93,410.86,105.56,222.55,1,1,0.87462
91,17,729.79,425.37,124.61,237.31,1,1,0.85931
91,14,656.15,402.82,118.83,180.39,1,1,0.88165
91,20,443.93,250.55,172.24,179.49,1,1,0.791
91,10,1420.47,231.33,160.47,207.58,1,1,0.89468
92,0,903.36,347.48,101.71,123.06,1,1,0.75381
92,1,351.41,356.93,165.38,147.78,1,1,0.8395
92,2,1270.04,476.74,209.03,226.0,1,1,0.86315
92,3,1056.66,412.43,193.78,250.52,1,1,0.90212
92,4,339.21,449.33,181.47,261.11,1,1,0.90595
92,5,463.37,356.46,162.41,235.54,1,1,0.90603
92,6,770.88,548.57,132.3,233.0,1,1,0.88728
92,7,557.67,45.31,163.55,196.27,1,1,0.89619
92,8,833.5,400.95,168.16,280.71,1,1,0.90395
92,9,187.63,473.11,170.91,210.92,1,1,0.89495
92,11,1626.23,363.46,163.69,205.26,1,1,0.90135
92,12,1327.71,637.22,207.07,240.31,1,1,0.91245
92,13,1201.23,454.33,139.32,234.95,1,1,0.85428
92,15,978.35,408.52,102.99,222.44,1,1,0.86172
92,17,720.37,423.61,119.96,230.81,1,1,0.82095
92,14,632.43,400.27,131.72,189.52,1,1,0.87905
92,20,486.56,245.15,161.06,175.6,1,1,0.88791
92,10,1431.99,236.25,158.9,207.09,1,1,0.88992
93,0,896.41,349.49,96.24,108.34,1,1,0.66006
93,1,341.91,359.31,157.89,149.04,1,1,0.83078
93,2,1260.24,479.31,214.66,225.42,1,1,0.87982
93,3,1044.2,411.46,192.42,250.72,1,1,0.89472
93,4,330.78,449.45,169.33,263.17,1,1,0.90035
93,5,454.76,356.4,176.31,239.31,1,1,0.89859
93,6,747.53,540.49,144.24,237.07,1,1,0.8889
93,7,574.39,39.66,174.96,200.13,1,1,0.90321
93,8,826.59,398.25,164.29,279.07,1,1,0.89201
93,9,186.93,473.08,171.28,208.27,1,1,0.89225
93,11,1596.51,370.56,182.18,206.25,1,1,0.89966
93,12,1363.71,636.28,192.73,239.17,1,1,0.91039
93,13,1187.34,454.57,136.88,238.43,1,1,0.8487
93,15,962.12,406.2,107.11,222.59,1,1,0.85978
93,17,713.72,426.16,111.65,208.81,1,1,0.66829
93,14,619.68,398.81,131.64,195.08,1,1,0.86186
93,20,521.29,239.32,155.19,178.43,1,1,0.88829
93,10,1440.93,240.39,160.7,213.57,1,1,0.89688
94,0,886.84,350.21,98.04,108.11,1,1,0.71714
94,1,337.34,358.92,151.3,150.94,1,1,0.84238
94,2,1244.85,481.4,218.42,223.74,1,1,0.87756
94,3,1032.23,409.72,184.89,250.47,1,1,0.89243
94,4,324.14,450.29,151.63,264.92,1,1,0.90321
94,5,447.34,353.55,186.82,242.18,1,1,0.9116
94,6,717.53,533.05,156.94,235.52,1,1,0.89651
94,7,582.63,35.89,191.0,203.29,1,1,0.91229
94,8,818.32,396.96,159.85,274.64,1,1,0.87948
94,9,189.45,472.34,165.3,205.26,1,1,0.88623
94,11,1573.3,377.35,193.46,201.88,1,1,0.90589
94,12,1400.05,637.04,178.25,235.81,1,1,0.90415
94,13,1178.92,455.35,136.79,239.64,1,1,0.83394
94,15,944.2,405.28,108.93,221.84,1,1,0.85578
94,17,691.61,422.54,116.34,164.63,1,1,0.80133
94,14,602.66,399.31,132.99,193.38,1,1,0.86145
94,20,527.43,233.75,175.23,181.38,1,1,0.91006
94,10,1454.12,244.38,156.93,223.96,1,1,0.8932
95,0,883.52,350.12,95.32,103.66,1,1,0.79253
95,1,333.62,357.34,142.1,153.47,1,1,0.83698
95,2,1232.76,484.85,209.74,219.57,1,1,0.87844
95,3,1015.15,406.94,182.12,251.2,1,1,0.89902
95,4,320.29,450.23,136.32,271.83,1,1,0.90168
95,5,440.77,350.08,182.96,243.99,1,1,0.91518
95,6,690.03,528.86,157.11,227.49,1,1,0.88644
95,7,593.65,33.88,198.88,202.18,1,1,0.91995
95,8,797.25,396.77,161.57,273.27,1,1,0.88581
95,9,189.7,470.18,161.5,205.39,1,1,0.89269
95,11,1560.46,384.41,190.82,192.76,1,1,0.91033
95,12,1417.12,638.44,182.92,237.76,1,1,0.90742
95,13,1170.57,454.73,132.71,237.17,1,1,0.83891
95,15,918.81,404.0,120.49,220.63,1,1,0.86197
95,17,674.32,422.24,127.74,213.56,1,1,0.72324
95,14,586.01,400.82,128.48,190.39,1,1,0.84815
95,20,554.1,227.96,171.13,184.2,1,1,0.90883
95,10,1477.04,248.79,146.51,226.83,1,1,0.90231
96,0,878.02,349.06,95.25,103.98,1,1,0.78287
96,1,333.66,352.93,129.77,158.81,1,1,0.84291
96,2,1218.44,485.7,197.05,217.71,1,1,0.86761
96,3,997.92,403.6,171.28,251.17,1,1,0.89238
96,4,315.75,450.73,128.91,278.32,1,1,0.89578
96,5,433.76,346.65,169.11,245.63,1,1,0.90692
96,6,671.82,526.25,138.4,222.82,1,1,0.8698
96,7,608.26,32.35,199.27,199.87,1,1,0.91355
96,8,784.64,397.24,156.48,271.98,1,1,0.88512
96,9,188.8,465.61,157.37,208.56,1,1,0.89117
96,11,1553.32,389.12,182.65,184.91,1,1,0.90293
96,12,1423.94,639.42,195.2,242.29,1,1,0.9111
96,13,1151.88,453.79,137.58,232.62,1,1,0.86359
96,15,902.82,403.38,124.09,218.15,1,1,0.83689
96,17,653.87,420.83,139.79,235.34,1,1,0.8481
96,14,572.62,402.64,120.42,193.17,1,1,0.8475
96,20,575.45,221.88,172.73,187.84,1,1,0.90991
96,10,1493.01,252.65,142.26,225.23,1,1,0.89454
97,0,870.78,346.74,96.08,106.31,1,1,0.79006
97,1,320.43,347.15,132.89,166.19,1,1,0.83114
97,2,1204.48,484.18,184.17,217.3,1,1,0.88121
97,3,984.75,399.91,162.1,251.7,1,1,0.89635
97,4,310.48,450.67,124.3,283.7,1,1,0.8885
97,5,423.14,343.12,154.57,249.24,1,1,0.89716
97,6,653.25,525.15,118.93,218.6,1,1,0.84753
97,7,631.64,30.07,185.51,199.81,1,1,0.89617
97,8,773.52,397.55,147.23,271.18,1,1,0.88433
97,9,188.98,458.45,149.38,213.53,1,1,0.88972
97,11,1550.86,390.68,168.8,179.47,1,1,0.89912
97,12,1433.11,639.07,204.44,246.96,1,1,0.90938
97,13,1142.22,451.44,124.75,229.08,1,1,0.86413
97,15,885.57,403.37,127.17,215.7,1,1,0.8539
97,17,640.59,422.32,136.35,229.48,1,1,0.82624
97,14,554.04,403.28,117.45,196.41,1,1,0.85537
97,20,585.22,213.45,185.47,191.99,1,1,0.9066
97,10,1497.25,258.0,148.1,220.08,1,1,0.8945
98,0,864.12,343.24,102.48,116.51,1,1,0.69134
98,1,298.96,343.55,138.85,180.59,1,1,0.79163
98,2,1191.77,482.08,172.33,217.51,1,1,0.89046
98,3,970.19,396.19,157.39,252.86,1,1,0.89627
98,4,306.77,451.78,118.18,286.64,1,1,0.88194
98,5,408.39,339.56,144.07,250.72,1,1,0.87679
98,6,627.63,523.1,109.44,220.33,1,1,0.83964
98,7,658.99,28.26,164.2,197.14,1,1,0.88904
98,8,761.89,397.25,142.33,271.9,1,1,0.88285
98,9,186.44,453.17,145.37,217.84,1,1,0.88036
98,11,1546.86,390.51,163.28,178.91,1,1,0.88874
98,12,1444.67,638.77,211.82,249.84,1,1,0.90809
98,13,1133.9,448.38,111.44,229.0,1,1,0.85703
98,15,868.8,403.33,129.79,216.17,1,1,0.84631
98,17,624.2,422.61,141.28,221.73,1,1,0.84433
98,14,515.99,403.44,130.7,200.88,1,1,0.89144
98,20,594.45,206.93,200.18,195.47,1,1,0.91313
98,10,1496.9,262.27,158.91,215.54,1,1,0.89521
99,0,857.44,339.73,105.31,122.86,1,1,0.78387
99,1,284.27,342.32,140.45,174.31,1,1,0.81057
99,2,1180.19,479.08,169.4,220.66,1,1,0.88992
99,3,952.53,394.85,153.68,251.94,1,1,0.89413
99,4,299.58,454.03,116.24,284.36,1,1,0.88223
99,5,398.11,337.28,135.02,249.75,1,1,0.87363
99,6,591.24,518.93,125.5,221.66,1,1,0.85228
99,7,686.19,26.92,150.34,198.72,1,1,0.8483
99,8,748.31,398.04,142.19,268.91,1,1,0.87559
99,9,184.91,449.3,141.81,218.69,1,1,0.87701
99,11,1545.14,389.77,162.75,179.69,1,1,0.88327
99,12,1462.23,638.99,212.46,252.46,1,1,0.90745
99,13,1118.64,445.54,110.3,230.26,1,1,0.84584
99,15,855.37,405.34,131.06,212.22,1,1,0.85276
99,17,604.91,422.04,132.01,180.91,1,1,0.77265
99,14,485.04,404.93,139.37,202.91,1,1,0.89283
99,20,608.18,198.74,211.17,193.12,1,1,0.91731
99,10,1498.65,263.7,170.17,215.14,1,1,0.88226
100,0,854.09,334.24,105.72,137.8,1,1,0.74433
100,1,265.76,342.55,144.9,174.55,1,1,0.7847
100,2,1166.9,473.46,169.67,225.02,1,1,0.88868
100,3,935.59,395.0,145.6,251.28,1,1,0.89044
100,4,287.01,452.79,120.76,283.3,1,1,0.88375
100,5,375.98,334.5,138.82,248.71,1,1,0.87354
100,6,556.62,514.01,148.79,219.69,1,1,0.84578
100,7,706.75,26.4,152.47,196.8,1,1,0.89864
100,8,735.57,396.55,142.73,265.93,1,1,0.86762
100,9,178.18,448.42,139.62,214.07,1,1,0.8773
100,11,1540.84,387.85,167.36,185.02,1,1,0.87965
100,12,1491.49,637.78,202.21,254.28,1,1,0.90578
100,13,1101.19,442.1,110.74,227.86,1,1,0.85698
100,15,838.66,407.24,135.74,206.81,1,1,0.8679
100,17,584.8,419.65,130.91,168.73,1,1,0.81652
100,14,459.08,407.55,144.35,205.4,1,1,0.88741
100,20,628.92,192.89,214.17,185.1,1,1,0.90926
100,10,1500.89,261.69,182.9,214.01,1,1,0.87549
101,0,853.12,329.59,106.1,126.07,1,1,0.76236
101,1,247.6,343.37,129.19,167.28,1,1,0.73231
101,2,1149.04,469.85,176.44,230.14,1,1,0.89125
101,3,915.09,395.59,136.9,249.59,1,1,0.8929
101,4,278.89,451.35,123.47,282.3,1,1,0.88483
101,5,351.86,333.15,146.97,245.86,1,1,0.87728
101,6,520.28,511.31,155.86,217.39,1,1,0.86963
101,7,712.41,25.69,168.93,196.94,1,1,0.91307
101,8,723.4,396.59,137.47,263.01,1,1,0.86911
101,9,167.83,448.18,139.68,208.73,1,1,0.86493
101,11,1536.27,388.02,173.32,185.34,1,1,0.8772
101,12,1531.37,636.66,180.56,255.16,1,1,0.90557
101,13,1081.19,440.27,111.56,218.15,1,1,0.84975
101,15,820.37,408.63,135.26,202.13,1,1,0.85384
101,17,565.54,417.54,129.13,167.9,1,1,0.83638
101,14,439.7,410.21,145.44,203.29,1,1,0.88268
101,20,660.3,188.16,203.67,185.36,1,1,0.91263
101,10,1505.9,263.44,192.34,209.1,1,1,0.86563
102,0,849.81,323.26,106.06,118.64,1,1,0.75941
102,1,180.08,344.07,165.09,199.46,1,1,0.76319
102,2,1118.93,466.76,195.18,232.56,1,1,0.90437
102,3,895.96,396.41,129.46,245.69,1,1,0.89654
102,4,271.14,448.25,127.05,281.81,1,1,0.88935
102,5,339.18,331.76,142.28,245.6,1,1,0.87456
102,6,498.45,507.81,148.34,217.1,1,1,0.87397
102,7,714.94,23.18,181.52,196.92,1,1,0.9157
102,8,708.79,395.32,136.25,262.35,1,1,0.87248
102,9,156.06,445.1,141.05,208.64,1,1,0.8629
102,11,1529.84,389.24,175.54,183.89,1,1,0.87445
102,12,1550.88,633.39,176.38,255.65,1,1,0.90655
102,13,1042.13,438.52,134.12,211.87,1,1,0.87679
102,15,798.58,407.51,135.77,191.11,1,1,0.86943
102,17,545.47,415.45,127.64,170.55,1,1,0.81412
102,14,426.32,412.27,133.26,200.25,1,1,0.87718
102,20,699.92,182.22,183.82,187.1,1,1,0.91428
102,10,1518.45,266.59,189.76,210.01,1,1,0.86307
103,0,855.87,317.16,100.54,116.74,1,1,0.81704
103,1,144.78,345.4,180.97,211.36,1,1,0.85498
103,2,1091.22,464.57,209.37,233.48,1,1,0.90952
103,3,875.42,397.48,126.63,242.42,1,1,0.89514
103,4,267.26,444.08,126.72,281.95,1,1,0.88568
103,5,334.06,330.65,136.37,246.25,1,1,0.8323
103,6,486.75,505.01,137.83,215.22,1,1,0.87297
103,7,719.74,20.31,191.04,197.35,1,1,0.9179
103,8,690.92,393.23,132.22,262.91,1,1,0.88506
103,9,146.28,443.94,144.73,206.64,1,1,0.87621
103,11,1528.87,392.03,173.95,180.53,1,1,0.88566
103,12,1557.09,627.64,184.5,257.38,1,1,0.90852
103,13,1014.33,439.91,144.56,209.59,1,1,0.87473
103,15,783.08,404.02,127.01,189.73,1,1,0.85694
103,17,527.39,415.46,125.26,169.78,1,1,0.81514
103,14,407.44,415.3,127.35,196.85,1,1,0.82413
103,20,743.45,177.13,160.74,189.34,1,1,0.90011
103,10,1539.71,270.55,174.71,205.91,1,1,0.84876
104,0,856.74,309.2,98.46,127.96,1,1,0.8474
104,1,125.07,345.7,179.05,216.77,1,1,0.87899
104,2,1062.67,464.84,221.1,235.76,1,1,0.91355
104,3,853.36,397.07,125.53,241.45,1,1,0.89395
104,4,262.27,438.14,128.58,283.25,1,1,0.88906
104,5,325.37,330.54,131.61,242.73,1,1,0.78692
104,6,463.38,500.88,134.7,211.42,1,1,0.8704
104,7,735.42,18.83,189.42,187.02,1,1,0.90975
104,8,669.91,389.94,130.21,263.28,1,1,0.88361
104,9,138.41,442.69,144.3,205.34,1,1,0.87282
104,11,1529.06,393.65,176.79,177.18,1,1,0.86643
104,12,1563.25,620.7,190.67,257.93,1,1,0.90822
104,13,979.27,443.2,158.67,213.55,1,1,0.87995
104,15,766.83,399.4,119.35,183.12,1,1,0.86455
104,17,506.85,413.4,120.9,175.35,1,1,0.80802
104,14,367.63,415.31,136.41,194.91,1,1,0.80321
104,20,762.66,173.88,161.75,190.23,1,1,0.90974
104,10,1558.6,274.56,164.17,219.13,1,1,0.74171
105,0,853.69,302.98,98.34,137.34,1,1,0.85381
105,1,114.23,344.6,174.58,218.75,1,1,0.88351
105,2,1036.16,465.63,226.96,239.56,1,1,0.91393
105,3,830.5,396.41,123.49,242.02,1,1,0.89249
105,4,254.56,433.84,129.12,283.14,1,1,0.88666
105,5,325.64,330.57,118.57,218.36,1,1,0.68723
105,6,429.16,497.15,131.62,207.8,1,1,0.84731
105,7,760.8,19.63,175.82,185.93,1,1,0.91096
105,8,648.71,386.2,125.76,264.93,1,1,0.88618
105,9,130.89,441.46,139.89,203.73,1,1,0.87307
105,11,1526.92,395.33,173.45,173.86,1,1,0.8803
105,12,1569.95,614.22,194.61,256.7,1,1,0.90642
105,13,956.11,445.88,158.44,213.61,1,1,0.88216
105,15,746.91,392.62,120.14,193.03,1,1,0.8763
105,17,484.94,414.7,116.41,202.39,1,1,0.8443
105,14,345.21,414.17,137.99,194.44,1,1,0.79247
105,20,766.98,170.13,175.8,191.52,1,1,0.91041
105,10,1585.5,277.88,146.34,199.59,1,1,0.72393
106,0,846.67,296.21,101.19,149.14,1,1,0.82563
106,1,106.23,344.63,164.82,212.25,1,1,0.86848
106,2,1012.11,469.2,223.0,241.47,1,1,0.91119
106,3,808.94,394.47,118.78,243.09,1,1,0.88896
106,4,244.24,431.04,132.13,279.44,1,1,0.87953
106,5,312.44,331.66,119.74,152.48,1,1,0.75672
106,6,394.09,496.38,128.89,203.93,1,1,0.8554
106,7,793.33,21.37,154.28,184.69,1,1,0.89622
106,8,625.05,383.31,131.69,265.4,1,1,0.89264
106,9,124.52,441.27,135.89,200.31,1,1,0.85879
106,11,1520.5,396.88,176.33,168.41,1,1,0.87975
106,12,1583.99,607.92,191.63,263.6,1,1,0.89767
106,13,938.35,447.39,150.21,212.26,1,1,0.88576
106,15,728.91,383.96,118.62,201.83,1,1,0.87003
106,17,463.94,415.19,113.09,219.57,1,1,0.86572
106,14,329.67,416.92,118.36,188.29,1,1,0.80585
106,20,770.84,166.67,187.88,189.97,1,1,0.91247
106,10,1600.34,278.69,136.12,202.65,1,1,0.80671
107,0,834.94,289.19,104.28,163.76,1,1,0.81563
107,1,95.4,343.17,153.18,206.79,1,1,0.85142
107,2,993.04,473.81,209.93,236.8,1,1,0.91207
107,3,789.22,394.79,115.52,240.14,1,1,0.87729
107,4,232.99,431.47,135.42,274.32,1,1,0.87098
107,5,302.61,333.93,118.11,150.8,1,1,0.76848
107,6,373.8,494.12,116.06,204.02,1,1,0.84563
107,7,808.55,24.89,156.69,182.16,1,1,0.89295
107,8,600.11,381.5,132.18,263.38,1,1,0.88914
107,9,117.99,441.36,130.21,197.2,1,1,0.8654
107,11,1511.64,397.23,173.15,171.66,1,1,0.86597
107,12,1605.58,604.26,177.66,272.8,1,1,0.89144
107,13,923.58,448.87,139.73,210.03,1,1,0.87036
107,15,712.19,374.89,117.87,211.05,1,1,0.86108
107,17,440.43,415.1,111.85,226.86,1,1,0.85785
107,14,315.34,420.1,105.88,180.32,1,1,0.75085
107,20,779.25,166.97,199.85,183.05,1,1,0.91206
107,10,1605.29,282.94,132.24,218.66,1,1,0.77812
108,0,825.07,286.86,107.44,168.53,1,1,0.82881
108,1,69.36,344.39,153.45,210.19,1,1,0.87328
108,2,977.96,479.6,190.11,228.96,1,1,0.90331
108,3,769.76,394.25,112.73,239.38,1,1,0.87491
108,4,220.53,432.25,141.17,271.89,1,1,0.88511
108,5,295.81,336.83,113.77,155.24,1,1,0.78951
108,6,352.77,496.41,110.62,195.05,1,1,0.82667
108,7,806.65,29.71,177.45,180.32,1,1,0.89571
108,8,573.49,381.64,134.87,257.29,1,1,0.89095
108,9,107.92,441.28,132.8,197.15,1,1,0.87054
108,11,1499.75,395.87,165.72,180.91,1,1,0.87868
108,12,1628.82,600.86,159.55,275.19,1,1,0.88973
108,13,903.72,449.1,139.11,209.87,1,1,0.87682
108,15,692.98,366.4,121.52,217.1,1,1,0.86539
108,17,419.03,414.85,110.97,227.63,1,1,0.86821
108,14,304.05,424.88,91.2,162.21,1,1,0.74016
108,20,794.58,166.55,197.22,180.21,1,1,0.90133
108,10,1625.06,286.13,110.75,228.56,1,1,0.85081
109,0,819.47,284.62,105.34,172.33,1,1,0.83302
109,1,42.6,346.36,155.99,213.81,1,1,0.88418
109,2,962.56,485.43,171.73,218.56,1,1,0.90251
109,3,752.23,392.77,109.46,237.95,1,1,0.87079
109,4,215.78,434.6,130.74,267.26,1,1,0.88026
109,5,291.1,341.75,106.66,154.39,1,1,0.7992
109,6,322.61,493.81,116.6,201.39,1,1,0.83167
109,7,804.84,34.7,189.45,177.42,1,1,0.90016
109,8,548.66,383.1,134.7,250.77,1,1,0.89622
109,9,96.31,441.36,139.22,194.61,1,1,0.86924
109,11,1489.13,395.97,162.72,188.5,1,1,0.88564
109,12,1630.52,597.6,155.41,267.18,1,1,0.89075
109,13,882.4,449.42,140.27,206.34,1,1,0.88038
109,15,681.54,360.35,118.77,221.39,1,1,0.86565
109,17,400.62,415.41,108.14,224.73,1,1,0.86309
109,14,294.29,430.6,80.09,155.88,1,1,0.72774
109,20,820.79,167.46,179.7,183.53,1,1,0.88336
109,10,1628.67,290.1,102.07,232.48,1,1,0.85875
110,0,813.8,285.86,106.61,174.21,1,1,0.83716
110,1,20.2,349.65,157.41,220.39,1,1,0.88912
110,2,947.6,489.57,153.04,209.71,1,1,0.89117
110,3,734.82,389.1,106.5,237.45,1,1,0.86918
110,4,212.3,438.04,121.63,260.92,1,1,0.87244
110,5,284.26,347.03,101.32,145.07,1,1,0.83282
110,6,302.37,491.11,114.32,205.42,1,1,0.84422
110,7,808.37,40.72,185.07,173.11,1,1,0.89599
110,8,523.21,386.08,135.26,243.76,1,1,0.89617
110,9,83.98,442.33,144.5,193.59,1,1,0.88486
110,11,1484.26,397.23,153.12,188.32,1,1,0.86939
110,12,1614.75,591.72,164.85,264.84,1,1,0.89528
110,13,857.72,449.2,146.37,214.83,1,1,0.87481
110,15,673.02,356.51,110.48,220.1,1,1,0.86484
110,17,382.96,416.19,112.3,220.08,1,1,0.8661
110,14,283.25,436.92,73.46,146.95,1,1,0.64163
110,20,857.29,169.29,153.95,184.88,1,1,0.86777
110,10,1620.55,295.68,102.24,228.93,1,1,0.82998
111,0,804.75,285.94,111.09,179.63,1,1,0.82367
111,1,4.97,355.15,155.18,219.6,1,1,0.88737
111,2,932.64,492.16,137.75,202.53,1,1,0.88667
111,3,720.21,383.78,101.82,240.93,1,1,0.8618
111,4,207.81,440.96,114.5,256.5,1,1,0.86574
111,5,276.57,350.49,97.8,140.02,1,1,0.83796
111,6,293.12,492.48,104.34,201.07,1,1,0.82128
111,7,820.79,46.58,176.68,172.33,1,1,0.89934
111,8,502.7,389.52,131.48,238.05,1,1,0.8978
111,9,75.05,442.89,148.88,195.93,1,1,0.88438
111,11,1480.37,401.15,146.95,184.23,1,1,0.86375
111,12,1601.35,586.89,172.48,254.95,1,1,0.90133
111,13,832.57,448.37,152.35,220.16,1,1,0.86951
111,15,662.01,353.92,103.01,215.98,1,1,0.87201
111,17,367.52,417.28,115.72,214.36,1,1,0.87388
111,20,881.75,171.24,141.52,186.12,1,1,0.8658
111,10,1603.02,302.0,111.59,220.11,1,1,0.83723
112,0,792.41,287.74,120.2,179.43,1,1,0.85983
112,1,0.94,360.03,145.9,214.5,1,1,0.8841
112,2,916.27,493.65,126.93,196.71,1,1,0.89265
112,3,705.36,378.75,97.23,243.08,1,1,0.85374
112,4,204.22,441.72,107.66,250.82,1,1,0.85726
112,5,273.6,354.58,90.67,151.87,1,1,0.83023
112,6,278.82,494.29,101.4,193.82,1,1,0.8178
112,7,845.08,54.4,155.15,174.7,1,1,0.9024
112,8,484.23,393.25,128.83,232.66,1,1,0.89542
112,9,73.28,444.43,146.59,193.03,1,1,0.87824
112,11,1460.94,405.51,151.82,178.46,1,1,0.87136
112,12,1592.26,582.35,173.48,249.8,1,1,0.89517
112,13,808.54,449.15,155.83,221.88,1,1,0.87711
112,15,647.86,353.42,99.01,210.71,1,1,0.87253
112,17,351.8,419.74,121.86,207.88,1,1,0.86925
112,20,901.57,172.13,132.98,187.61,1,1,0.87917
112,10,1595.26,309.47,110.83,205.19,1,1,0.84893
112,24,312.23,423.1,73.02,104.06,1,1,0.70303
113,0,779.59,290.69,130.52,178.41,1,1,0.8816
113,1,3.53,365.97,134.0,206.6,1,1,0.88509
113,2,900.72,494.5,120.76,190.42,1,1,0.89474
113,3,688.34,375.05,94.1,240.56,1,1,0.84284
113,4,204.68,443.28,99.14,243.7,1,1,0.84551
113,5,272.45,357.57,84.05,143.67,1,1,0.82242
113,6,270.01,488.4,95.96,195.11,1,1,0.83378
113,7,875.94,63.2,129.18,173.75,1,1,0.89429
113,8,469.41,396.17,124.32,228.48,1,1,0.90077
113,9,75.13,447.27,142.41,186.26,1,1,0.88198
113,11,1436.78,410.31,161.12,171.87,1,1,0.87999
113,12,1589.36,579.03,165.4,245.0,1,1,0.89648
113,13,790.19,450.53,153.46,219.79,1,1,0.86232
113,15,626.7,354.11,103.74,207.32,1,1,0.87817
113,17,338.63,425.71,119.21,194.67,1,1,0.85886
113,20,906.55,173.34,137.79,186.76,1,1,0.87168
113,10,1575.08,316.08,121.22,201.53,1,1,0.86545
113,24,312.57,421.35,68.9,98.14,1,1,0.7151
114,0,768.1,293.27,140.73,179.36,1,1,0.89851
114,1,5.48,370.14,126.53,200.73,1,1,0.88241
114,2,886.72,494.24,118.79,185.41,1,1,0.89419
114,3,673.02,372.94,88.64,234.83,1,1,0.85604
114,4,205.48,445.66,92.77,236.72,1,1,0.85912
114,5,271.61,359.88,88.22,128.92,1,1,0.80455
114,6,263.8,485.51,96.29,193.34,1,1,0.83472
114,7,880.59,71.15,134.67,173.09,1,1,0.90007
114,8,454.56,398.59,122.07,220.86,1,1,0.90322
114,9,77.66,450.81,139.19,179.0,1,1,0.88665
114,11,1415.93,413.68,171.78,171.05,1,1,0.88291
114,12,1594.77,576.84,151.1,242.83,1,1,0.89514
114,13,772.38,451.86,133.54,214.98,1,1,0.83568
114,15,604.97,354.36,110.25,204.46,1,1,0.88427
114,17,324.34,430.61,114.91,183.11,1,1,0.86118
114,20,910.55,176.05,143.02,171.73,1,1,0.88316
114,10,1563.77,320.13,125.24,200.14,1,1,0.86478
115,0,756.75,295.09,150.88,179.46,1,1,0.90125
115,1,9.21,372.77,120.39,197.52,1,1,0.88008
115,2,872.97,491.63,118.85,183.03,1,1,0.89127
115,3,660.87,372.77,85.62,233.12,1,1,0.86059
115,4,204.98,446.96,88.92,231.1,1,1,0.84539
115,5,270.49,361.79,88.35,122.1,1,1,0.81463
115,6,259.31,482.58,94.81,185.06,1,1,0.81042
115,7,874.78,78.59,148.4,171.03,1,1,0.90035
115,8,438.21,400.44,123.67,215.23,1,1,0.9015
115,9,78.92,454.02,136.71,173.69,1,1,0.88209
115,11,1400.77,416.23,178.64,172.94,1,1,0.87904
115,12,1605.64,574.85,131.91,234.09,1,1,0.89604
115,13,755.8,452.16,125.72,210.05,1,1,0.85282
115,15,588.16,356.08,112.53,201.61,1,1,0.89157
115,17,311.75,437.65,107.72,172.1,1,1,0.83138
115,20,910.74,180.2,159.75,164.03,1,1,0.89131
115,10,1551.87,324.08,130.85,201.84,1,1,0.87695
116,0,748.08,295.27,156.82,176.78,1,1,0.90628
116,1,10.33,371.72,115.74,197.12,1,1,0.88047
116,2,859.52,486.85,123.25,183.0,1,1,0.88788
116,3,645.6,372.51,87.06,225.43,1,1,0.85217
116,4,198.07,444.99,88.31,229.69,1,1,0.84638
116,5,266.71,362.74,87.82,118.42,1,1,0.81014
116,6,251.35,478.95,97.71,181.64,1,1,0.80933
116,7,872.19,84.4,160.63,165.82,1,1,0.89392
116,8,422.14,400.56,124.71,211.04,1,1,0.89204
116,9,70.97,456.95,136.92,166.09,1,1,0.87696
116,11,1400.08,418.34,177.14,170.72,1,1,0.87266
116,12,1596.08,571.79,138.82,231.28,1,1,0.90073
116,13,721.66,449.71,142.18,207.86,1,1,0.85509
116,15,574.96,357.09,112.62,200.18,1,1,0.88462
116,17,297.87,436.95,98.89,171.18,1,1,0.8276
116,20,918.48,180.67,165.64,166.03,1,1,0.89073
116,10,1550.2,327.06,130.4,201.97,1,1,0.8643
117,0,746.72,295.02,158.04,174.02,1,1,0.90771
117,1,13.49,368.05,112.62,199.82,1,1,0.87528
117,2,851.1,481.34,124.43,184.78,1,1,0.89641
117,3,631.27,374.78,88.53,219.05,1,1,0.86359
117,4,190.99,444.11,97.43,226.27,1,1,0.84809
117,5,265.25,363.63,84.61,112.5,1,1,0.79085
117,6,249.49,476.88,98.39,169.94,1,1,0.79747
117,7,880.44,89.24,167.34,150.53,1,1,0.87591
117,8,410.15,400.71,124.28,208.26,1,1,0.89279
117,9,60.33,459.82,143.66,164.8,1,1,0.86166
117,11,1406.43,420.77,158.95,166.34,1,1,0.86851
117,12,1588.54,566.48,149.08,228.14,1,1,0.89881
117,13,702.76,450.27,137.51,204.65,1,1,0.87877
117,15,566.82,356.81,111.68,198.94,1,1,0.88076
117,17,280.7,433.59,94.16,173.88,1,1,0.7853
117,20,937.81,182.1,153.54,169.15,1,1,0.89452
117,10,1545.17,330.56,136.08,199.08,1,1,0.86412
118,0,751.03,295.37,155.91,172.17,1,1,0.90594
118,1,17.6,363.24,111.21,203.02,1,1,0.87125
118,2,844.69,475.47,130.9,187.92,1,1,0.8962
118,3,615.41,378.49,94.18,211.37,1,1,0.87767
118,4,190.23,444.04,106.15,221.43,1,1,0.85104
118,5,265.83,365.92,82.29,109.4,1,1,0.79077
118,6,251.9,469.78,94.86,167.6,1,1,0.7776
118,7,894.71,95.02,162.74,157.58,1,1,0.80744
118,8,404.46,401.17,121.05,206.91,1,1,0.89722
118,9,54.2,462.31,148.99,173.78,1,1,0.8575
118,11,1419.52,423.25,140.6,163.06,1,1,0.86962
118,12,1583.22,560.94,157.35,222.35,1,1,0.89941
118,13,691.57,451.39,134.98,199.94,1,1,0.88351
118,15,563.56,355.98,110.35,198.92,1,1,0.87975
118,17,269.32,431.87,94.82,181.38,1,1,0.77066
118,20,969.51,184.69,130.47,170.86,1,1,0.87771
118,10,1558.12,336.1,122.59,193.04,1,1,0.88267
119,0,759.04,297.0,148.39,171.09,1,1,0.90341
119,1,22.11,359.45,116.68,203.56,1,1,0.86893
119,2,837.66,469.98,137.12,191.06,1,1,0.90051
119,3,604.04,383.68,99.26,206.14,1,1,0.8866
119,4,190.87,445.39,116.75,215.5,1,1,0.87727
119,5,268.66,368.02,80.59,111.73,1,1,0.83295
119,6,256.42,455.88,96.97,170.69,1,1,0.81093
119,7,921.24,103.07,144.25,141.94,1,1,0.71197
119,8,403.03,401.74,116.8,205.88,1,1,0.89804
119,9,55.46,469.56,150.1,169.89,1,1,0.86946
119,11,1417.73,426.26,148.43,158.9,1,1,0.87475
119,12,1582.74,559.71,159.4,212.72,1,1,0.9038
119,13,685.86,453.08,131.64,198.06,1,1,0.88721
119,15,563.69,355.58,106.33,196.28,1,1,0.87985
119,17,258.94,429.02,90.8,142.87,1,1,0.67641
119,20,996.69,187.99,117.78,171.0,1,1,0.86152
119,10,1555.26,341.48,128.65,186.87,1,1,0.88351
120,0,772.15,297.82,138.48,170.35,1,1,0.90113
120,1,32.13,357.33,120.49,200.24,1,1,0.86753
120,2,833.72,465.04,140.44,192.58,1,1,0.90208
120,3,599.6,386.9,98.92,201.48,1,1,0.88863
120,4,194.11,445.4,121.21,208.94,1,1,0.86943
120,5,274.48,370.29,77.48,113.19,1,1,0.82811
120,6,260.07,440.73,96.9,181.02,1,1,0.8419
120,8,404.19,402.52,111.54,203.62,1,1,0.8987
120,9,61.82,475.06,144.14,164.2,1,1,0.87358
120,11,1403.6,427.1,154.25,160.79,1,1,0.88925
120,12,1587.89,558.52,146.39,204.62,1,1,0.89535
120,13,687.59,453.62,123.63,196.57,1,1,0.8856
120,15,567.07,355.41,99.82,190.0,1,1,0.87524
120,20,1015.14,192.5,114.4,169.7,1,1,0.89807
120,10,1547.02,344.9,138.14,183.84,1,1,0.88817
120,14,140.82,429.74,76.15,141.66,1,1,0.69582
121,0,790.12,299.63,128.39,169.23,1,1,0.89361
121,1,44.31,354.71,126.72,197.31,1,1,0.85635
121,2,832.12,461.34,142.59,192.78,1,1,0.9022
121,3,598.47,388.96,99.16,197.62,1,1,0.88694
121,4,198.1,445.74,120.07,203.44,1,1,0.86984
121,5,282.24,372.24,74.65,134.65,1,1,0.7641
121,6,260.91,432.37,100.03,185.63,1,1,0.87201
121,8,408.27,402.5,106.28,201.68,1,1,0.89053
121,9,71.43,481.77,138.26,156.07,1,1,0.86668
121,11,1393.96,429.09,154.62,162.75,1,1,0.88683
121,12,1599.78,557.37,127.84,206.6,1,1,0.87523
121,13,686.16,455.17,121.45,194.56,1,1,0.88341
121,15,568.09,356.02,96.24,183.04,1,1,0.88006
121,20,1018.94,195.71,123.94,167.21,1,1,0.9028
121,10,1539.23,346.2,147.47,181.79,1,1,0.88696
121,14,136.34,429.64,79.06,137.91,1,1,0.65478
122,0,800.04,299.33,126.75,170.73,1,1,0.88878
122,1,55.64,354.05,126.6,191.27,1,1,0.86349
122,2,833.37,459.34,140.08,188.74,1,1,0.89233
122,3,599.32,389.62,98.72,194.77,1,1,0.88339
122,4,202.34,447.27,119.41,200.12,1,1,0.86534
122,5,288.51,374.95,75.01,143.5,1,1,0.81312
122,6,263.23,428.24,104.11,188.57,1,1,0.87711
122,8,414.45,402.72,100.01,199.53,1,1,0.88692
122,9,82.31,486.2,133.31,147.78,1,1,0.861
122,11,1389.14,430.08,152.24,165.02,1,1,0.88129
122,12,1613.01,555.63,107.72,206.03,1,1,0.86796
122,13,681.22,457.41,125.82,191.46,1,1,0.88506
122,15,568.78,357.91,93.03,174.92,1,1,0.87554
122,20,1022.86,200.75,134.23,163.36,1,1,0.90427
122,10,1534.85,350.42,149.3,180.95,1,1,0.88464
122,14,134.51,430.87,81.89,120.75,1,1,0.69668
122,7,1012.19,128.83,95.3,138.25,1,1,0.64564
123,0,804.13,300.04,127.41,170.08,1,1,0.89161
123,1,69.6,353.18,118.58,184.14,1,1,0.85965
123,2,836.66,459.57,137.51,182.26,1,1,0.89788
123,3,600.64,388.82,96.38,193.27,1,1,0.8789
123,4,207.51,450.4,119.19,193.73,1,1,0.87398
123,5,295.97,377.54,73.51,158.13,1,1,0.83862
123,6,264.97,426.37,109.22,187.18,1,1,0.88599
123,8,419.4,402.46,95.76,197.56,1,1,0.88746
123,9,94.84,488.25,125.51,142.41,1,1,0.85183
123,11,1394.31,432.59,140.12,164.81,1,1,0.89118
123,12,1612.11,553.18,101.28,199.24,1,1,0.87898
123,13,678.34,460.35,132.45,188.32,1,1,0.89232
123,15,568.89,360.71,90.89,164.56,1,1,0.88286
123,20,1030.85,206.72,145.75,157.1,1,1,0.90369
123,10,1541.39,356.65,135.19,176.22,1,1,0.88814
123,14,128.7,433.03,92.48,107.94,1,1,0.6853
123,7,1020.59,138.04,94.67,130.42,1,1,0.85105
124,0,806.81,300.85,127.03,168.18,1,1,0.89372
124,1,87.61,353.69,109.61,170.88,1,1,0.82072
124,2,842.75,460.76,134.01,176.77,1,1,0.8956
124,3,602.39,387.43,94.57,191.29,1,1,0.87784
124,4,214.54,454.09,119.69,189.0,1,1,0.87749
124,5,303.04,379.97,73.26,165.62,1,1,0.84942
124,6,268.48,426.07,111.12,184.06,1,1,0.86596
124,8,423.48,401.77,92.73,195.84,1,1,0.8868
124,9,105.2,487.72,121.11,140.57,1,1,0.86315
124,11,1406.74,433.72,125.06,165.89,1,1,0.88205
124,12,1599.97,549.83,115.31,195.16,1,1,0.89475
124,13,676.57,463.54,136.68,183.36,1,1,0.89389
124,15,571.11,363.02,86.27,160.0,1,1,0.87919
124,20,1040.32,212.41,152.63,156.18,1,1,0.90221
124,10,1556.31,358.81,120.52,174.73,1,1,0.86713
124,14,112.0,434.9,110.94,94.26,1,1,0.72337
124,7,1026.18,144.03,102.85,125.08,1,1,0.81595
125,0,813.87,302.82,122.74,160.58,1,1,0.89057
125,1,102.39,351.51,103.97,163.5,1,1,0.84528
125,2,855.38,463.04,129.79,170.97,1,1,0.90204
125,3,605.93,385.96,92.91,187.57,1,1,0.87891
125,4,223.27,455.67,118.56,185.65,1,1,0.87214
125,5,309.56,382.18,75.36,168.52,1,1,0.85485
125,6,274.78,441.67,108.12,164.07,1,1,0.82866
125,8,429.58,401.03,88.82,194.56,1,1,0.88892
125,9,116.32,487.25,114.34,139.14,1,1,0.86736
125,11,1417.88,436.44,113.86,164.14,1,1,0.87262
125,12,1587.49,546.38,133.69,191.97,1,1,0.90583
125,13,675.56,466.14,141.67,177.69,1,1,0.89928
125,15,572.64,364.96,82.92,157.35,1,1,0.88152
125,20,1059.83,218.12,138.42,157.91,1,1,0.90916
125,10,1571.83,361.43,106.17,171.49,1,1,0.85964
125,14,105.63,436.84,120.15,82.97,1,1,0.81053
125,7,1039.65,158.66,97.76,117.68,1,1,0.82038
126,0,824.13,305.5,115.7,150.06,1,1,0.87839
126,1,117.21,352.66,100.05,153.28,1,1,0.82753
126,2,861.69,465.19,127.25,164.84,1,1,0.89637
126,3,611.93,384.93,87.55,179.67,1,1,0.87924
126,4,232.07,457.54,117.16,181.34,1,1,0.86911
126,5,317.31,384.57,73.97,170.26,1,1,0.85512
126,6,278.53,431.13,104.26,170.01,1,1,0.86314
126,8,434.79,400.74,85.74,192.42,1,1,0.88614
126,9,128.28,484.06,112.93,140.48,1,1,0.87277
126,11,1412.82,439.75,117.89,159.46,1,1,0.88738
126,12,1578.66,543.19,142.18,189.58,1,1,0.89807
126,13,674.66,468.75,148.58,172.04,1,1,0.9027
126,15,573.02,366.35,81.02,155.59,1,1,0.88117
126,20,1089.38,223.58,109.58,157.97,1,1,0.86096
126,10,1567.34,364.14,111.82,168.25,1,1,0.87553
126,14,114.61,437.39,111.12,78.17,1,1,0.78777
126,7,1043.95,166.03,102.39,137.85,1,1,0.84507
127,0,836.21,307.83,109.42,142.93,1,1,0.88068
127,1,130.5,355.35,101.74,140.9,1,1,0.77124
127,2,863.46,465.99,128.04,160.72,1,1,0.89865
127,3,618.43,383.84,81.96,175.54,1,1,0.8772
127,4,239.96,461.67,116.2,173.42,1,1,0.8586
127,5,325.19,387.18,72.72,170.19,1,1,0.85684
127,6,281.02,427.33,99.69,165.64,1,1,0.83222
127,8,439.6,401.16,83.79,190.67,1,1,0.88775
127,9,137.52,484.21,111.79,138.83,1,1,0.87416
127,11,1403.6,442.0,125.5,155.1,1,1,0.89457
127,12,1574.97,538.7,131.17,187.84,1,1,0.88642
127,13,674.51,470.48,152.77,167.41,1,1,0.90202
127,15,574.87,366.92,77.4,154.75,1,1,0.8775
127,20,1115.25,229.74,88.28,155.54,1,1,0.88836
127,10,1557.27,365.39,118.99,165.81,1,1,0.88259
127,14,124.77,439.05,95.09,78.67,1,1,0.74906
127,7,1061.33,171.21,93.93,140.44,1,1,0.86236
128,0,854.82,309.92,94.84,140.63,1,1,0.86515
128,1,144.24,361.03,102.61,130.58,1,1,0.76769
128,2,863.17,465.46,127.93,158.46,1,1,0.89683
128,3,625.64,382.51,75.98,173.47,1,1,0.87713
128,4,247.88,465.68,114.5,168.33,1,1,0.85704
128,5,332.56,389.6,71.94,172.01,1,1,0.85338
128,6,285.41,425.32,91.02,160.15,1,1,0.83086
128,8,445.29,402.19,80.96,188.37,1,1,0.88838
128,9,147.44,484.25,110.3,139.72,1,1,0.87372
128,11,1398.1,443.96,131.14,151.49,1,1,0.89838
128,12,1578.6,535.21,111.79,186.31,1,1,0.88336
128,13,675.73,471.91,156.2,163.26,1,1,0.90049
128,15,576.36,367.48,74.78,154.53,1,1,0.8791
128,20,1125.88,234.82,90.32,154.19,1,1,0.9031
128,10,1550.09,366.27,125.08,160.52,1,1,0.88241
128,14,136.61,440.26,83.19,79.59,1,1,0.67944
128,7,1076.17,176.47,90.76,140.04,1,1,0.87244
129,0,863.8,313.01,91.4,137.65,1,1,0.87031
129,1,160.88,365.94,98.81,121.18,1,1,0.76744
129,2,862.11,464.61,125.2,155.82,1,1,0.89373
129,3,629.96,381.44,73.14,171.74,1,1,0.87189
129,4,263.15,469.11,104.09,163.25,1,1,0.82565
129,5,338.59,391.84,72.93,174.17,1,1,0.85543
129,6,285.92,425.85,84.41,153.81,1,1,0.76443
129,8,449.16,404.39,79.06,185.46,1,1,0.88728
129,9,158.48,485.54,102.9,144.08,1,1,0.86847
129,11,1398.6,445.97,127.81,147.58,1,1,0.89159
129,12,1587.29,532.02,90.53,183.53,1,1,0.86878
129,13,677.74,473.92,156.52,157.38,1,1,0.89618
129,15,577.51,367.74,73.79,155.13,1,1,0.87531
129,20,1124.91,239.04,101.64,153.38,1,1,0.89882
129,10,1547.75,368.48,125.31,155.15,1,1,0.88567
129,14,147.14,443.04,74.67,85.21,1,1,0.66207
129,7,1074.37,181.12,104.2,140.48,1,1,0.88333
130,0,862.46,317.25,97.1,134.44,1,1,0.88085
130,1,171.84,369.84,100.53,110.21,1,1,0.80052
130,2,860.84,463.85,122.78,153.49,1,1,0.90285
130,3,631.68,380.81,71.89,169.9,1,1,0.87452
130,4,277.97,470.03,90.72,161.63,1,1,0.8349
130,5,345.56,394.68,72.4,170.51,1,1,0.86528
130,6,287.42,426.12,66.51,104.16,1,1,0.67837
130,8,451.99,406.57,77.3,182.7,1,1,0.88777
130,9,169.38,486.76,101.43,148.15,1,1,0.87704
130,11,1404.97,447.61,117.71,146.69,1,1,0.8878
130,12,1594.5,529.74,84.85,180.62,1,1,0.87409
130,13,681.87,474.81,150.81,150.18,1,1,0.89803
130,15,578.78,367.88,73.69,155.95,1,1,0.87933
130,20,1123.7,244.29,114.21,148.91,1,1,0.90238
130,10,1550.13,370.28,118.41,154.2,1,1,0.87358
130,14,154.4,442.82,68.17,111.62,1,1,0.71222
130,7,1071.89,186.78,116.42,138.08,1,1,0.89296
131,0,860.64,321.92,103.65,131.85,1,1,0.88422
131,1,184.55,371.68,98.37,111.62,1,1,0.83789
131,2,864.17,463.48,119.03,148.89,1,1,0.90363
131,3,634.21,380.28,70.65,168.99,1,1,0.8724
131,4,288.6,464.85,83.27,166.35,1,1,0.82475
131,5,353.23,397.85,71.59,166.86,1,1,0.87423
131,8,455.82,409.78,75.58,178.51,1,1,0.88555
131,9,180.74,487.13,98.99,151.66,1,1,0.86908
131,11,1414.48,450.9,104.54,143.08,1,1,0.87677
131,12,1589.69,527.05,100.83,174.83,1,1,0.89005
131,13,688.64,475.43,142.47,143.88,1,1,0.89465
131,15,580.62,367.6,73.77,156.5,1,1,0.87898
131,20,1127.43,245.84,129.24,140.52,1,1,0.89128
131,10,1558.73,372.68,105.43,152.04,1,1,0.86869
131,14,160.4,447.38,65.56,128.9,1,1,0.81131
131,7,1074.54,196.76,121.74,123.39,1,1,0.88568
131,27,256.33,471.36,58.89,122.35,1,1,0.8012
132,0,861.18,325.52,106.8,129.39,1,1,0.8872
132,1,202.22,372.9,88.8,116.21,1,1,0.8632
132,2,869.44,463.69,112.61,145.96,1,1,0.90179
132,3,635.67,380.81,69.89,163.94,1,1,0.86957
132,4,295.78,461.68,76.95,167.73,1,1,0.82139
132,5,360.42,401.49,71.59,163.58,1,1,0.88303
132,8,459.58,413.26,73.67,175.05,1,1,0.88592
132,9,189.66,488.13,97.6,152.47,1,1,0.8609
132,11,1419.82,455.44,97.0,137.04,1,1,0.87503
132,12,1581.26,526.11,101.9,167.6,1,1,0.86695
132,13,697.95,476.32,130.98,138.94,1,1,0.89442
132,15,584.28,368.17,72.68,154.96,1,1,0.87996
132,20,1136.86,253.81,133.77,134.56,1,1,0.8845
132,10,1572.67,377.22,85.87,148.46,1,1,0.87083
132,14,162.11,449.82,66.05,136.86,1,1,0.83307
132,7,1082.17,205.18,119.24,119.19,1,1,0.87507
132,27,258.02,471.16,60.98,123.17,1,1,0.81468
132,6,294.65,428.9,56.63,69.11,1,1,0.64875
133,0,865.13,328.04,109.42,125.7,1,1,0.89383
133,1,215.76,374.19,82.81,120.82,1,1,0.86477
133,2,881.24,464.9,101.34,142.86,1,1,0.901
133,3,639.49,381.53,68.2,157.54,1,1,0.87051
133,4,303.69,455.48,73.5,171.5,1,1,0.83334
133,5,366.77,405.17,74.55,159.92,1,1,0.88278
133,8,464.72,416.3,72.58,171.1,1,1,0.88105
133,9,202.47,486.02,92.01,153.37,1,1,0.84319
133,11,1411.62,458.17,103.31,132.59,1,1,0.88692
133,12,1573.87,525.75,96.44,160.51,1,1,0.87444
133,13,710.17,477.71,116.71,134.65,1,1,0.88904
133,15,589.36,368.74,71.47,152.68,1,1,0.86944
133,20,1150.94,261.92,126.63,133.63,1,1,0.87681
133,10,1568.51,379.71,87.56,146.34,1,1,0.87031
133,14,162.8,451.54,67.8,142.35,1,1,0.83061
133,7,1099.09,211.93,108.06,130.68,1,1,0.87641
133,27,261.3,471.39,63.81,126.03,1,1,0.79221
134,0,870.43,331.61,109.7,122.49,1,1,0.88879
134,1,232.22,375.83,76.23,120.26,1,1,0.82192
134,2,891.91,465.14,92.06,141.88,1,1,0.8843
134,3,643.02,382.7,66.87,152.41,1,1,0.86493
134,4,311.14,464.36,70.62,160.57,1,1,0.81878
134,5,373.95,409.22,76.13,155.77,1,1,0.87777
134,8,468.53,418.92,71.23,167.52,1,1,0.87731
134,9,213.09,494.81,87.36,144.23,1,1,0.84519
134,11,1403.56,461.3,108.11,129.76,1,1,0.88741
134,12,1568.68,524.93,87.28,153.84,1,1,0.87481
134,13,723.2,479.45,104.72,131.82,1,1,0.88539
134,15,593.47,369.65,70.82,148.76,1,1,0.86399
134,20,1179.98,265.06,94.22,137.64,1,1,0.81056
134,10,1554.97,381.09,97.67,145.39,1,1,0.88545
134,14,157.88,453.8,76.0,141.66,1,1,0.84032
134,7,1129.86,218.62,85.54,136.45,1,1,0.82738
134,27,266.23,474.8,65.84,122.03,1,1,0.79266
134,6,303.97,435.49,51.75,64.73,1,1,0.67825
135,0,878.43,335.27,104.24,120.14,1,1,0.87522
135,1,246.11,377.59,73.78,119.17,1,1,0.79993
135,2,904.74,464.48,80.3,140.98,1,1,0.87889
135,3,646.12,383.58,68.28,149.58,1,1,0.86926
135,4,317.17,468.44,72.51,155.34,1,1,0.81303
135,5,380.24,413.07,77.48,152.22,1,1,0.87971
135,8,473.19,421.33,69.06,164.16,1,1,0.872
135,9,224.19,496.94,87.97,141.04,1,1,0.84608
135,11,1398.51,464.77,109.65,124.96,1,1,0.87667
135,12,1565.15,525.18,82.55,149.25,1,1,0.8663
135,13,731.73,479.34,97.34,130.54,1,1,0.88133
135,15,595.56,370.54,70.81,144.01,1,1,0.86715
135,20,1200.47,271.18,66.16,136.42,1,1,0.81857
135,10,1544.12,381.37,110.93,143.77,1,1,0.88415
135,14,154.16,453.99,81.98,142.42,1,1,0.85016
135,7,1144.01,225.74,78.47,132.32,1,1,0.85643
135,27,267.03,470.87,68.83,122.18,1,1,0.77052
135,28,1843.29,53.39,75.85,122.37,1,1,0.80167
135,6,306.61,439.91,51.59,62.56,1,1,0.65674
136,0,891.15,337.9,93.54,120.58,1,1,0.85444
136,1,263.71,379.39,69.0,115.28,1,1,0.82778
136,2,908.23,462.86,76.36,142.11,1,1,0.87808
136,3,649.77,385.67,69.2,147.58,1,1,0.87377
136,4,320.6,461.21,75.83,161.98,1,1,0.83754
136,5,385.95,416.83,79.36,149.78,1,1,0.88214
136,8,478.22,423.39,66.72,161.57,1,1,0.87125
136,9,232.05,503.06,96.49,134.51,1,1,0.8564
136,11,1400.47,469.21,104.45,122.57,1,1,0.88552
136,12,1562.12,527.07,77.08,145.56,1,1,0.86414
136,13,733.99,479.3,96.82,129.99,1,1,0.88563
136,15,597.5,371.86,70.87,137.28,1,1,0.87886
136,20,1206.82,276.54,60.28,135.46,1,1,0.83169
136,10,1537.93,384.4,117.01,139.51,1,1,0.88737
136,14,152.39,455.51,87.87,141.6,1,1,0.86799
136,7,1142.48,234.47,85.12,128.97,1,1,0.87361
136,27,268.63,471.89,75.58,117.88,1,1,0.74117
136,28,1826.94,68.93,92.21,111.24,1,1,0.85621
137,0,907.06,340.92,81.51,120.49,1,1,0.86055
137,1,282.2,382.04,64.12,98.55,1,1,0.83122
137,2,907.98,460.86,77.44,141.85,1,1,0.88201
137,3,654.69,387.47,68.96,145.32,1,1,0.87406
137,4,330.15,470.84,72.36,150.94,1,1,0.84259
137,5,392.75,420.53,78.39,146.58,1,1,0.88266
137,8,484.16,425.38,65.54,157.88,1,1,0.86638
137,9,241.65,506.59,95.93,129.86,1,1,0.86054
137,11,1410.26,473.33,88.64,120.97,1,1,0.87309
137,12,1560.14,530.34,69.61,142.84,1,1,0.86255
137,13,736.47,478.92,97.33,128.36,1,1,0.88823
137,15,600.28,373.39,70.37,131.07,1,1,0.87844
137,20,1203.8,287.84,76.04,126.93,1,1,0.86813
137,10,1535.77,385.98,112.4,140.13,1,1,0.87842
137,14,156.73,457.19,91.1,140.62,1,1,0.84818
137,7,1138.91,243.05,92.9,121.55,1,1,0.8877
137,27,272.91,470.52,64.21,77.21,1,1,0.77729
137,28,1813.08,81.93,103.93,103.04,1,1,0.84172
137,6,316.25,450.23,50.1,54.29,1,1,0.65544
138,0,916.51,343.64,77.14,119.55,1,1,0.86541
138,1,298.05,384.43,61.14,92.55,1,1,0.84668
138,2,908.37,459.17,77.19,139.47,1,1,0.87971
138,3,658.26,388.28,66.95,144.61,1,1,0.87307
138,4,339.5,475.31,68.31,145.7,1,1,0.84077
138,5,401.22,424.32,77.83,143.06,1,1,0.87255
138,8,488.81,427.49,63.96,153.6,1,1,0.86655
138,9,251.41,509.31,90.01,125.96,1,1,0.85271
138,11,1422.72,475.88,74.35,118.07,1,1,0.84438
138,12,1553.61,533.56,66.27,144.02,1,1,0.85564
138,13,741.64,477.97,92.42,124.72,1,1,0.88728
138,15,605.35,374.32,67.11,126.21,1,1,0.8728
138,20,1201.01,296.12,84.5,119.81,1,1,0.86404
138,10,1537.47,388.63,99.13,139.88,1,1,0.88052
138,14,164.31,459.99,92.78,139.74,1,1,0.85963
138,7,1137.4,251.41,98.48,111.44,1,1,0.88643
138,27,275.79,470.78,54.9,64.19,1,1,0.77873
138,28,1802.69,88.38,101.27,104.4,1,1,0.71135
139,0,917.27,345.95,80.14,119.08,1,1,0.86744
139,1,310.78,386.5,60.84,89.11,1,1,0.85381
139,2,907.38,458.77,77.3,132.56,1,1,0.88064
139,3,659.15,389.7,66.04,143.14,1,1,0.8674
139,4,347.2,478.2,63.81,142.54,1,1,0.8358
139,5,407.67,428.11,75.97,139.91,1,1,0.87078
139,8,492.59,430.03,62.93,149.89,1,1,0.86435
139,9,261.0,510.43,88.54,124.0,1,1,0.84931
139,11,1415.73,477.64,79.51,114.24,1,1,0.87137
139,12,1547.35,537.5,63.05,136.79,1,1,0.86194
139,13,745.18,478.43,89.27,122.72,1,1,0.88416
139,15,611.56,376.92,62.89,122.28,1,1,0.85045
139,20,1197.75,302.15,93.23,111.04,1,1,0.88383
139,10,1542.58,391.62,85.09,137.95,1,1,0.86003
139,14,172.51,463.4,90.14,138.32,1,1,0.8667
139,7,1139.76,259.17,97.21,100.88,1,1,0.85594
139,27,276.53,473.62,52.5,77.23,1,1,0.71455
139,28,1795.64,97.21,94.03,100.83,1,1,0.76533
139,6,321.21,457.36,45.69,52.71,1,1,0.6442
140,0,916.19,348.25,81.64,117.77,1,1,0.8722
140,1,321.36,388.48,62.32,87.92,1,1,0.83399
140,2,906.71,458.55,75.48,125.96,1,1,0.87826
140,3,659.25,391.05,64.51,139.95,1,1,0.86145
140,4,355.59,480.99,60.57,138.91,1,1,0.84066
140,5,413.33,431.31,74.58,136.58,1,1,0.87161
140,8,496.35,432.24,61.47,145.23,1,1,0.86231
140,9,271.1,512.77,85.24,120.58,1,1,0.825
140,11,1403.71,479.88,86.39,111.66,1,1,0.87629
140,12,1537.21,539.69,64.63,131.94,1,1,0.86688
140,13,751.28,478.92,84.83,122.97,1,1,0.87905
140,15,615.8,379.43,59.24,120.51,1,1,0.84398
140,20,1196.13,302.77,99.75,109.25,1,1,0.86758
140,10,1543.77,393.31,75.0,137.13,1,1,0.86015
140,14,181.7,467.78,84.46,135.13,1,1,0.86852
140,7,1161.59,266.32,77.13,99.99,1,1,0.74801
140,27,278.06,474.84,53.84,101.17,1,1,0.79812
140,28,1784.86,108.26,87.01,100.21,1,1,0.78644
140,6,326.13,459.2,45.39,54.51,1,1,0.66648
141,0,915.24,350.62,83.35,113.82,1,1,0.87512
141,1,334.5,388.83,60.2,85.23,1,1,0.82429
141,2,907.91,458.12,71.53,121.21,1,1,0.86982
141,3,659.42,392.6,61.39,134.57,1,1,0.85792
141,4,361.95,484.22,57.1,135.56,1,1,0.84935
141,5,419.33,433.55,71.51,134.17,1,1,0.8719
141,8,498.75,434.74,60.29,140.69,1,1,0.8654
141,9,279.87,514.11,87.74,119.76,1,1,0.84056
141,11,1391.38,481.26,95.38,109.03,1,1,0.88335
141,12,1520.6,540.08,75.36,128.52,1,1,0.87385
141,13,758.18,480.48,79.23,122.93,1,1,0.86772
141,15,618.15,381.57,56.27,117.95,1,1,0.8393
141,20,1221.37,305.14,78.97,111.99,1,1,0.82566
141,10,1533.79,396.22,77.59,133.23,1,1,0.86638
141,14,187.76,471.0,76.46,132.34,1,1,0.87103
141,7,1177.58,274.03,62.26,114.76,1,1,0.83063
141,27,279.88,476.67,53.79,111.39,1,1,0.83357
141,28,1763.14,116.55,92.08,99.71,1,1,0.83707
141,6,327.97,461.12,45.49,55.32,1,1,0.69493
141,30,329.33,464.99,51.43,112.29,1,1,0.69505
142,0,915.41,353.85,83.56,109.97,1,1,0.8728
142,1,346.74,390.5,57.36,87.83,1,1,0.82863
142,2,911.08,458.6,65.89,119.02,1,1,0.86094
142,3,660.31,394.68,57.42,129.84,1,1,0.84423
142,4,367.52,486.64,54.85,132.61,1,1,0.84015
142,5,424.7,435.54,68.85,132.16,1,1,0.85834
142,8,500.17,437.73,59.29,137.22,1,1,0.85278
142,9,289.97,518.94,88.05,118.42,1,1,0.85379
142,11,1382.82,485.18,101.38,104.63,1,1,0.87057
142,12,1502.74,540.18,91.66,126.49,1,1,0.88323
142,13,762.04,481.75,76.39,122.12,1,1,0.85703
142,15,620.88,384.68,52.54,113.24,1,1,0.82369
142,20,1230.13,308.73,73.13,115.24,1,1,0.80799
142,10,1522.94,398.91,80.07,127.29,1,1,0.8582
142,14,189.57,474.03,69.67,128.54,1,1,0.85591
142,7,1185.6,280.84,53.03,117.38,1,1,0.75554
142,27,279.7,478.57,54.29,115.15,1,1,0.83718
142,28,1742.44,126.45,95.36,95.52,1,1,0.84787
142,30,331.24,464.35,48.84,92.97,1,1,0.756
143,0,916.78,357.69,79.96,107.37,1,1,0.86951
143,1,355.9,392.9,56.41,90.2,1,1,0.83598
143,2,912.3,459.04,59.33,116.85,1,1,0.86714
143,3,660.72,396.19,53.67,127.2,1,1,0.83908
143,4,372.18,490.72,53.18,127.79,1,1,0.85605
143,5,428.5,437.86,67.25,129.88,1,1,0.86485
143,8,500.77,440.5,58.13,134.31,1,1,0.86127
143,9,298.76,515.87,83.68,123.93,1,1,0.86692
143,11,1377.62,489.18,100.53,102.48,1,1,0.8629
143,12,1486.72,539.41,103.22,125.42,1,1,0.88807
143,13,767.86,482.84,69.43,120.2,1,1,0.86502
143,15,617.35,388.76,52.84,109.12,1,1,0.8258
143,20,1235.39,314.97,67.6,117.75,1,1,0.80449
143,10,1512.53,400.4,85.54,122.4,1,1,0.85229
143,14,189.59,476.67,63.55,123.31,1,1,0.83653
143,7,1183.89,286.57,54.1,118.25,1,1,0.81655
143,27,278.38,480.99,55.52,115.96,1,1,0.8413
143,28,1722.31,135.23,97.02,95.12,1,1,0.85586
143,30,330.88,463.92,49.75,97.79,1,1,0.74876
144,0,921.68,362.1,72.67,104.88,1,1,0.86501
144,1,365.05,395.29,55.88,92.91,1,1,0.84682
144,2,905.41,459.64,60.31,116.36,1,1,0.87771
144,3,658.21,397.8,53.08,124.84,1,1,0.85059
144,4,376.09,493.72,51.58,124.11,1,1,0.86081
144,5,432.39,440.38,65.54,127.69,1,1,0.85304
144,8,500.81,443.59,56.78,131.18,1,1,0.86225
144,9,307.91,518.29,78.31,123.02,1,1,0.8413
144,11,1374.26,492.44,90.71,101.28,1,1,0.87033
144,12,1470.54,540.85,108.38,122.51,1,1,0.89366
144,13,769.81,484.72,65.21,117.48,1,1,0.86152
144,15,615.24,392.92,50.92,103.06,1,1,0.84681
144,20,1232.26,322.77,62.93,116.01,1,1,0.83182
144,10,1503.47,403.2,88.49,118.16,1,1,0.85226
144,14,190.2,479.81,56.72,123.37,1,1,0.86602
144,7,1174.81,293.14,60.08,113.2,1,1,0.70898
144,27,275.99,484.79,58.47,116.08,1,1,0.86611
144,28,1706.86,145.99,91.93,92.63,1,1,0.84359
144,30,329.09,466.09,52.06,107.45,1,1,0.80078
145,0,928.4,365.64,62.59,101.2,1,1,0.84446
145,1,371.35,398.36,54.85,93.96,1,1,0.81706
145,2,897.87,459.04,63.78,115.21,1,1,0.87419
145,3,653.5,398.01,54.97,122.1,1,1,0.85223
145,4,378.32,497.28,50.78,119.83,1,1,0.85981
145,5,438.34,442.89,61.29,126.2,1,1,0.85136
145,8,501.34,446.4,54.57,128.31,1,1,0.85918
145,9,317.34,515.44,69.09,126.16,1,1,0.82483
145,11,1374.64,493.85,76.24,100.32,1,1,0.84811
145,12,1457.6,541.88,105.56,119.8,1,1,0.89071
145,13,763.81,485.62,73.75,116.75,1,1,0.84244
145,15,611.54,396.54,49.52,102.14,1,1,0.85103
145,20,1229.82,329.77,56.92,114.36,1,1,0.82182
145,10,1495.65,404.76,82.8,119.05,1,1,0.86426
145,14,189.1,481.79,54.47,123.2,1,1,0.85972
145,7,1164.28,299.12,66.83,107.53,1,1,0.81601
145,27,276.91,488.84,55.87,113.33,1,1,0.85337
145,28,1695.51,155.62,82.76,90.44,1,1,0.82148
145,30,330.03,468.56,50.79,109.06,1,1,0.75572
146,0,936.64,369.56,51.05,93.06,1,1,0.85322
146,1,382.77,401.9,51.25,96.11,1,1,0.81368
146,2,889.92,459.41,67.8,113.43,1,1,0.88465
146,3,649.57,399.06,56.89,119.76,1,1,0.86374
146,4,380.26,499.67,50.51,117.01,1,1,0.8602
146,5,442.64,446.28,57.93,123.74,1,1,0.85303
146,8,501.08,449.78,52.85,125.71,1,1,0.86522
146,9,328.3,521.86,59.66,119.41,1,1,0.75017
146,11,1378.23,496.2,60.32,98.22,1,1,0.84758
146,12,1446.61,543.12,96.75,117.92,1,1,0.88454
146,13,759.35,487.28,77.84,112.96,1,1,0.8662
146,15,609.28,400.2,48.88,98.93,1,1,0.85538
146,20,1223.34,335.81,57.53,113.45,1,1,0.8395
146,10,1491.99,408.06,67.88,118.17,1,1,0.85707
146,14,188.82,483.3,53.85,122.0,1,1,0.86612
146,7,1159.25,303.87,68.99,101.61,1,1,0.84457
146,27,279.22,491.99,50.43,111.0,1,1,0.85089
146,28,1686.49,165.81,70.28,88.84,1,1,0.83401
146,30,330.47,471.02,49.53,110.74,1,1,0.82394
147,0,936.79,372.58,47.35,93.4,1,1,0.8523
147,1,388.19,405.72,52.65,97.58,1,1,0.83926
147,2,882.33,457.94,71.22,113.27,1,1,0.88179
147,3,644.07,401.12,60.69,114.41,1,1,0.8735
147,4,382.02,502.22,50.21,113.94,1,1,0.84855
147,5,445.81,450.11,55.36,121.23,1,1,0.84669
147,8,500.04,453.28,50.7,122.83,1,1,0.85916
147,9,336.03,534.44,57.34,106.86,1,1,0.79536
147,11,1370.68,498.6,57.31,95.25,1,1,0.86133
147,12,1436.61,543.15,90.56,116.27,1,1,0.87109
147,13,754.76,489.52,78.96,108.8,1,1,0.86725
147,15,605.67,403.92,48.31,96.88,1,1,0.85846
147,20,1216.76,341.57,56.67,111.31,1,1,0.85715
147,10,1486.87,411.62,57.14,116.12,1,1,0.85319
147,14,187.67,484.43,56.03,119.87,1,1,0.86402
147,7,1163.79,306.23,61.4,103.13,1,1,0.79725
147,27,278.84,494.93,47.43,109.4,1,1,0.85881
147,28,1672.46,176.13,62.81,85.47,1,1,0.85906
147,30,330.57,473.14,47.19,111.08,1,1,0.84918
147,31,1655.91,767.87,83.46,142.11,1,1,0.83497
148,0,928.93,375.46,51.9,95.0,1,1,0.85209
148,1,395.43,409.1,50.99,97.64,1,1,0.84887
148,2,874.95,458.83,74.04,110.14,1,1,0.8824
148,3,637.8,404.46,62.51,107.82,1,1,0.86759
148,4,383.54,504.12,49.34,113.07,1,1,0.82375
148,5,447.44,453.67,53.6,119.0,1,1,0.84106
148,8,497.42,456.19,50.58,120.63,1,1,0.85051
148,9,340.44,536.45,59.52,105.2,1,1,0.77178
148,11,1355.44,499.51,60.58,94.64,1,1,0.8631
148,12,1427.09,542.22,77.17,115.6,1,1,0.8625
148,13,749.43,491.39,80.13,108.19,1,1,0.87329
148,15,600.46,407.17,47.95,94.78,1,1,0.85017
148,20,1208.81,345.56,54.83,105.0,1,1,0.85128
148,10,1475.49,413.44,52.72,113.93,1,1,0.81274
148,14,187.28,486.14,56.51,117.12,1,1,0.86719
148,7,1158.57,315.4,60.81,100.94,1,1,0.81216
148,27,277.07,495.8,45.59,108.9,1,1,0.85704
148,28,1645.7,184.63,68.22,83.0,1,1,0.86728
148,30,329.3,475.06,46.15,111.0,1,1,0.85535
148,31,1631.03,764.42,81.74,136.59,1,1,0.86806
148,32,1871.98,228.38,45.7,94.42,1,1,0.85792
149,0,915.68,378.51,60.55,95.31,1,1,0.86631
149,1,400.35,412.51,50.22,96.21,1,1,0.86111
149,2,869.35,460.5,73.95,105.67,1,1,0.88475
149,3,630.59,408.84,65.31,103.13,1,1,0.87018
149,4,386.43,506.76,48.39,110.42,1,1,0.84359
149,5,449.37,457.5,50.83,116.81,1,1,0.83921
149,8,494.97,459.31,51.09,119.05,1,1,0.84223
149,9,343.74,539.31,64.76,103.65,1,1,0.84019
149,11,1338.59,502.71,63.93,95.65,1,1,0.87878
149,12,1418.23,541.27,64.22,115.22,1,1,0.85844
149,13,743.83,494.02,82.94,107.53,1,1,0.87075
149,15,595.45,411.15,47.73,92.71,1,1,0.85507
149,20,1198.47,349.19,55.12,103.81,1,1,0.85799
149,10,1460.26,415.97,55.12,109.38,1,1,0.84483
149,14,185.15,488.84,57.76,112.14,1,1,0.86835
149,7,1157.54,324.11,54.32,105.15,1,1,0.80848
149,27,274.79,496.72,44.27,108.08,1,1,0.85142
149,28,1621.83,191.96,74.78,81.85,1,1,0.86611
149,30,329.0,476.6,44.85,111.19,1,1,0.85389
149,31,1604.93,759.81,76.65,133.29,1,1,0.85773
149,32,1851.34,234.24,51.94,95.23,1,1,0.85667
150,0,905.68,383.22,65.09,92.69,1,1,0.86269
150,1,402.04,415.23,52.48,94.8,1,1,0.86159
150,2,865.43,462.99,71.05,102.18,1,1,0.88053
150,3,623.48,413.14,66.42,99.55,1,1,0.86982
150,4,388.55,509.94,46.33,106.24,1,1,0.83662
150,5,448.39,461.8,48.71,114.2,1,1,0.83865
150,8,491.63,463.36,51.1,116.21,1,1,0.8291
150,9,346.07,542.8,66.71,103.3,1,1,0.83939
150,11,1323.85,506.01,68.31,97.73,1,1,0.87182
150,12,1407.54,540.3,55.7,114.16,1,1,0.85067
150,13,740.92,496.79,82.03,105.87,1,1,0.87026
150,15,589.32,414.91,47.68,92.96,1,1,0.84933
150,20,1189.27,353.4,56.29,99.22,1,1,0.85896
150,10,1437.94,420.05,67.36,106.81,1,1,0.87202
150,14,183.11,492.3,58.85,108.07,1,1,0.85616
150,7,1157.45,333.17,46.75,108.32,1,1,0.8144
150,27,270.79,496.91,44.78,107.53,1,1,0.84575
150,28,1601.54,198.95,77.22,82.17,1,1,0.80517
150,30,328.83,478.55,43.48,110.32,1,1,0.84991
150,31,1579.55,754.27,72.08,130.68,1,1,0.84908
150,32,1826.63,240.89,54.58,93.78,1,1,0.86102
151,0,900.74,388.15,65.4,91.09,1,1,0.85191
151,1,403.98,417.68,55.85,94.02,1,1,0.86802
151,2,863.2,465.71,66.17,99.7,1,1,0.87262
151,3,617.51,416.92,67.2,97.62,1,1,0.87429
151,4,390.49,513.35,45.8,103.2,1,1,0.84419
151,5,447.24,466.3,47.4,110.55,1,1,0.84497
151,8,486.66,467.08,52.07,113.56,1,1,0.82476
151,9,350.68,546.18,65.68,102.24,1,1,0.84439
151,11,1311.0,509.37,70.87,97.99,1,1,0.87656
151,12,1391.82,539.88,55.55,111.28,1,1,0.84924
151,13,739.77,499.17,78.06,104.5,1,1,0.8723
151,15,585.03,418.52,46.35,92.66,1,1,0.85331
151,20,1183.73,359.4,55.22,91.61,1,1,0.84533
151,10,1419.98,422.86,75.35,103.2,1,1,0.86281
151,14,182.38,496.14,58.16,104.7,1,1,0.84113
151,7,1147.46,340.55,48.29,105.92,1,1,0.82882
151,27,269.24,498.26,44.71,104.48,1,1,0.84151
151,28,1592.6,205.63,68.08,81.33,1,1,0.80495
151,30,328.68,480.44,43.64,109.67,1,1,0.84396
151,31,1556.97,749.34,67.14,128.46,1,1,0.82593
151,32,1800.71,247.93,55.59,92.0,1,1,0.86419
152,0,898.33,393.61,62.32,90.71,1,1,0.83727
152,1,404.27,420.67,58.4,92.4,1,1,0.86611
152,2,861.04,468.54,60.12,98.16,1,1,0.86146
152,3,611.87,420.29,66.73,97.45,1,1,0.86782
152,4,391.46,516.94,46.27,101.07,1,1,0.84385
152,5,445.09,471.15,47.0,107.5,1,1,0.84501
152,8,483.45,471.08,51.09,111.3,1,1,0.83332
152,9,353.95,549.51,65.32,101.49,1,1,0.84001
152,11,1300.29,512.81,69.14,97.21,1,1,0.86099
152,12,1375.41,540.54,54.8,108.88,1,1,0.84805
152,13,738.14,502.46,73.21,102.88,1,1,0.86119
152,15,580.53,422.25,43.2,92.34,1,1,0.84871
152,20,1178.41,365.11,53.83,88.44,1,1,0.82976
152,10,1402.98,426.11,79.66,100.27,1,1,0.86275
152,14,181.78,500.49,56.94,102.64,1,1,0.85658
152,7,1145.06,346.85,45.25,100.28,1,1,0.82487
152,27,265.3,500.01,46.87,101.95,1,1,0.84293
152,28,1579.35,214.06,57.87,79.27,1,1,0.84877
152,30,326.98,482.73,45.36,109.26,1,1,0.84227
152,31,1536.71,744.91,59.19,125.99,1,1,0.82916
152,32,1775.97,255.36,56.25,90.74,1,1,0.8605
153,0,900.54,397.61,53.25,90.77,1,1,0.82195
153,1,407.51,423.87,58.98,91.98,1,1,0.85578
153,2,860.48,470.09,52.41,97.8,1,1,0.84161
153,3,605.22,424.11,65.32,97.23,1,1,0.86725
153,4,392.68,520.71,45.58,98.51,1,1,0.83184
153,5,444.37,475.58,46.34,104.99,1,1,0.84284
153,8,482.56,474.82,48.68,108.9,1,1,0.83438
153,9,358.81,549.53,61.4,103.81,1,1,0.81066
153,11,1291.84,516.11,64.15,97.72,1,1,0.84671
153,12,1358.89,542.01,55.62,106.98,1,1,0.85188
153,13,745.16,505.63,62.68,100.73,1,1,0.78559
153,15,575.66,426.38,41.69,90.5,1,1,0.84249
153,20,1172.67,371.64,50.05,86.71,1,1,0.83435
153,10,1391.59,430.26,73.63,98.71,1,1,0.82945
153,14,185.79,503.35,52.09,101.28,1,1,0.85213
153,7,1137.1,353.54,45.83,92.51,1,1,0.83683
153,27,264.83,502.58,46.23,99.39,1,1,0.84361
153,28,1562.49,222.82,52.06,79.29,1,1,0.84012
153,30,326.0,485.72,45.94,107.35,1,1,0.8449
153,31,1516.93,740.81,53.61,125.05,1,1,0.77163
153,32,1751.28,263.45,54.32,89.8,1,1,0.8609
153,33,1850.93,381.27,59.52,106.34,1,1,0.80284
154,0,900.89,401.93,46.78,89.91,1,1,0.83149
154,1,410.65,427.39,57.02,89.74,1,1,0.84707
154,2,858.85,470.49,46.35,98.74,1,1,0.84356
154,3,598.89,427.01,62.67,96.19,1,1,0.85699
154,4,390.84,524.19,46.76,96.43,1,1,0.77697
154,5,442.46,479.83,45.75,102.41,1,1,0.83936
154,8,480.5,478.53,47.09,106.39,1,1,0.83226
154,9,365.34,544.92,58.63,109.84,1,1,0.7284
154,11,1287.47,521.59,53.97,94.5,1,1,0.8328
154,12,1343.79,544.12,56.72,104.89,1,1,0.85054
154,13,752.38,508.23,50.31,99.56,1,1,0.79799
154,15,571.18,429.58,40.04,88.8,1,1,0.83272
154,20,1166.62,378.35,46.08,84.03,1,1,0.83874
154,10,1385.36,433.91,60.83,95.85,1,1,0.77346
154,14,187.58,505.22,50.39,97.2,1,1,0.84298
154,7,1126.55,360.48,49.69,86.32,1,1,0.84343
154,27,264.44,505.69,45.21,96.18,1,1,0.84236
154,28,1541.66,233.59,55.53,75.15,1,1,0.84865
154,30,324.43,489.31,46.39,104.91,1,1,0.8477
154,32,1728.08,270.77,50.08,89.11,1,1,0.85178
154,33,1832.99,388.93,51.48,103.23,1,1,0.7972
155,0,895.85,406.45,43.81,88.37,1,1,0.84141
155,1,405.85,430.59,56.1,89.65,1,1,0.8488
155,2,850.51,470.03,45.94,100.01,1,1,0.84513
155,3,588.5,428.63,59.37,97.13,1,1,0.86074
155,4,378.88,528.59,51.98,93.55,1,1,0.81666
155,5,434.55,483.1,46.25,102.23,1,1,0.83553
155,8,472.16,481.52,46.31,105.32,1,1,0.83994
155,9,366.12,552.95,53.7,105.27,1,1,0.7725
155,11,1287.37,526.96,48.11,92.19,1,1,0.82332
155,12,1332.77,547.39,59.29,103.18,1,1,0.85718
155,13,748.81,509.9,47.16,100.87,1,1,0.83116
155,15,560.31,431.89,41.1,87.99,1,1,0.84786
155,20,1163.09,383.09,43.07,84.28,1,1,0.84414
155,10,1386.29,435.84,50.04,96.88,1,1,0.8256
155,14,177.12,506.8,51.28,96.09,1,1,0.84418
155,7,1119.78,365.44,50.7,81.37,1,1,0.77908
155,27,256.01,508.81,44.84,95.18,1,1,0.85266
155,28,1526.07,241.18,62.05,69.55,1,1,0.84814
155,30,314.96,493.1,46.79,103.57,1,1,0.85458
155,32,1713.67,275.22,50.98,88.5,1,1,0.85178
155,33,1812.26,393.63,48.15,100.35,1,1,0.79714
155,34,1794.93,387.32,45.44,84.39,1,1,0.72603
156,0,890.44,409.14,42.67,86.81,1,1,0.83645
156,1,399.09,434.29,54.84,89.3,1,1,0.8204
156,2,840.92,470.72,47.13,100.73,1,1,0.85526
156,3,575.14,430.69,56.84,92.02,1,1,0.8564
156,4,366.39,532.65,54.31,91.5,1,1,0.80596
156,5,421.98,487.47,48.39,102.22,1,1,0.842
156,8,459.94,485.1,46.54,104.53,1,1,0.82438
156,9,360.8,559.49,54.59,102.46,1,1,0.82139
156,11,1283.7,531.56,51.19,91.26,1,1,0.83278
156,12,1326.01,551.49,61.02,103.2,1,1,0.85581
156,13,740.6,511.71,48.61,101.15,1,1,0.83931
156,15,546.41,434.47,42.2,87.82,1,1,0.83969
156,20,1158.22,387.3,43.25,85.5,1,1,0.84552
156,10,1386.91,437.54,46.16,97.48,1,1,0.84122
156,14,162.83,510.1,52.21,94.75,1,1,0.84269
156,7,1122.34,369.92,44.79,76.43,1,1,0.7366
156,27,242.53,512.36,44.83,95.6,1,1,0.84937
156,28,1516.42,246.56,67.21,69.82,1,1,0.86061
156,30,301.57,498.56,48.31,103.0,1,1,0.85467
156,32,1704.54,277.15,54.58,89.7,1,1,0.86771
156,33,1791.0,395.76,53.65,101.74,1,1,0.81243
157,0,883.33,410.68,44.87,87.65,1,1,0.83571
157,1,389.19,439.5,56.18,90.12,1,1,0.76964
157,2,832.26,472.33,49.09,100.17,1,1,0.85754
157,3,561.44,433.23,56.76,91.52,1,1,0.84707
157,4,353.08,537.89,55.48,87.41,1,1,0.78558
157,5,410.36,492.55,49.72,101.41,1,1,0.84044
157,8,448.99,489.89,44.87,103.32,1,1,0.83466
157,9,351.99,559.83,54.85,107.29,1,1,0.80995
157,11,1276.24,536.21,57.92,92.01,1,1,0.83885
157,12,1323.05,556.87,59.58,103.63,1,1,0.85596
157,13,728.42,514.56,53.8,101.71,1,1,0.84893
157,15,531.87,439.13,45.29,86.65,1,1,0.82314
157,20,1155.47,390.77,43.97,86.02,1,1,0.84892
157,10,1379.49,439.9,49.69,98.7,1,1,0.8513
157,14,146.06,513.23,54.29,97.44,1,1,0.84083
157,7,1124.6,375.46,40.61,78.59,1,1,0.69458
157,27,228.37,516.77,44.85,96.03,1,1,0.85106
157,28,1513.92,250.87,65.27,71.0,1,1,0.84487
157,30,288.07,504.79,49.04,102.52,1,1,0.86204
157,32,1696.95,278.77,55.58,91.12,1,1,0.87045
157,33,1781.22,400.84,51.23,100.27,1,1,0.788
158,0,879.04,414.63,47.24,86.66,1,1,0.83943
158,1,394.76,443.57,43.3,74.5,1,1,0.77602
158,2,824.59,475.43,52.38,98.79,1,1,0.85467
158,3,549.04,436.68,56.46,91.24,1,1,0.84751
158,4,342.53,542.87,54.68,86.57,1,1,0.77905
158,5,397.48,498.03,50.14,100.78,1,1,0.81544
158,8,437.64,495.32,44.17,102.72,1,1,0.82537
158,9,340.6,567.81,58.24,106.58,1,1,0.83287
158,11,1268.72,541.88,63.04,91.62,1,1,0.84814
158,12,1322.6,564.23,53.47,103.21,1,1,0.83996
158,13,720.68,518.29,54.64,100.19,1,1,0.82751
158,15,517.85,444.16,46.92,87.2,1,1,0.82611
158,20,1153.84,394.81,46.04,87.72,1,1,0.848
158,10,1372.66,442.79,55.24,96.23,1,1,0.84168
158,14,132.01,518.09,53.16,97.62,1,1,0.84882
158,7,1125.77,381.24,38.13,80.97,1,1,0.65654
158,27,214.84,522.35,45.19,96.81,1,1,0.84711
158,28,1517.89,255.63,56.76,75.54,1,1,0.83141
158,30,273.41,511.91,50.82,102.59,1,1,0.85549
158,32,1690.41,281.71,52.66,89.98,1,1,0.85574
158,33,1770.06,403.39,51.34,102.95,1,1,0.80341
159,0,872.69,420.79,51.8,84.87,1,1,0.82345
159,1,394.05,448.67,36.86,66.83,1,1,0.75961
159,2,818.31,479.73,52.28,97.29,1,1,0.84471
159,3,536.18,440.81,56.61,92.92,1,1,0.84267
159,4,331.95,548.42,55.01,89.36,1,1,0.80467
159,5,379.47,504.12,57.3,99.0,1,1,0.76477
159,8,426.52,501.07,44.13,102.55,1,1,0.82898
159,9,330.38,575.63,63.05,107.44,1,1,0.83435
159,11,1263.83,548.01,65.88,91.08,1,1,0.84665
159,12,1324.09,572.13,46.29,102.6,1,1,0.82604
159,13,711.81,522.96,56.78,100.79,1,1,0.84059
159,15,505.12,449.79,47.76,89.03,1,1,0.81512
159,20,1152.28,399.61,51.62,88.82,1,1,0.84618
159,10,1369.4,446.8,62.4,95.05,1,1,0.83377
159,14,118.29,524.57,53.6,96.23,1,1,0.84913
159,7,1126.07,386.98,36.8,89.18,1,1,0.78333
159,27,199.8,528.0,45.86,98.04,1,1,0.84355
159,28,1525.82,259.92,48.11,77.82,1,1,0.81187
159,30,260.63,519.59,50.84,102.79,1,1,0.85902
159,32,1687.09,283.7,47.93,91.47,1,1,0.8384
159,33,1759.09,408.49,50.99,104.01,1,1,0.79437
160,0,866.26,427.78,52.7,84.16,1,1,0.82716
160,1,389.83,453.89,35.7,66.34,1,1,0.79093
160,2,812.15,484.98,50.99,96.59,1,1,0.8449
160,3,524.61,445.87,55.7,92.26,1,1,0.85691
160,4,322.6,553.34,53.67,93.12,1,1,0.81316
160,5,372.5,509.11,53.44,98.92,1,1,0.80536
160,8,415.78,506.86,45.13,102.79,1,1,0.82862
160,9,321.13,585.09,66.22,106.27,1,1,0.83787
160,11,1262.56,554.57,65.02,91.2,1,1,0.84075
160,12,1323.21,578.61,42.77,102.34,1,1,0.82293
160,13,701.81,528.36,62.24,101.29,1,1,0.86057
160,15,491.08,456.68,47.71,89.49,1,1,0.83514
160,20,1148.06,405.08,60.88,88.08,1,1,0.86684
160,10,1365.9,451.95,66.11,94.43,1,1,0.862
160,14,104.46,531.0,54.62,95.75,1,1,0.85247
160,7,1123.47,392.77,39.59,91.64,1,1,0.81376
160,27,185.23,534.41,46.96,99.62,1,1,0.85333
160,28,1523.04,266.11,49.79,78.7,1,1,0.85367
160,30,247.81,526.98,51.19,102.47,1,1,0.85983
160,32,1683.52,285.03,44.28,94.78,1,1,0.83999
160,33,1748.02,414.27,50.54,104.77,1,1,0.82334
161,0,863.66,433.32,50.2,85.4,1,1,0.79352
161,1,387.04,460.69,33.89,66.72,1,1,0.75569
161,2,808.49,492.15,47.73,95.55,1,1,0.8445
161,3,511.84,451.76,57.14,90.51,1,1,0.85299
161,4,315.36,559.55,50.18,96.7,1,1,0.78904
161,5,352.99,515.13,63.48,91.95,1,1,0.73229
161,8,402.72,513.5,48.12,103.24,1,1,0.7823
161,9,313.95,593.55,67.96,107.86,1,1,0.82716
161,11,1263.56,562.95,62.53,91.21,1,1,0.82569
161,12,1320.6,584.79,43.44,105.01,1,1,0.84141
161,13,694.41,534.46,67.04,101.05,1,1,0.86392
161,15,478.36,463.72,47.0,90.85,1,1,0.83003
161,20,1146.57,410.97,65.11,86.94,1,1,0.84597
161,10,1368.59,457.61,61.54,96.08,1,1,0.85906
161,14,90.87,537.75,55.84,95.71,1,1,0.85766
161,7,1116.99,398.43,47.01,92.73,1,1,0.83579
161,27,171.87,540.23,47.7,100.29,1,1,0.85662
161,28,1517.02,272.71,55.65,79.27,1,1,0.8721
161,30,236.32,534.33,50.96,102.54,1,1,0.86416
161,32,1680.97,287.19,42.0,97.13,1,1,0.83935
161,33,1738.23,420.49,50.06,105.92,1,1,0.82511
161,35,975.12,59.56,34.18,73.96,1,1,0.71164
162,0,867.47,437.32,43.63,89.89,1,1,0.79613
162,1,383.17,467.6,34.39,66.05,1,1,0.7931
162,2,805.98,498.63,45.53,96.71,1,1,0.84289
162,3,500.91,458.1,57.49,90.42,1,1,0.85691
162,4,309.23,566.46,46.67,111.86,1,1,0.77434
162,5,350.7,522.45,56.84,89.87,1,1,0.72319
162,8,391.06,521.38,51.36,102.44,1,1,0.78269
162,9,324.87,598.77,53.82,112.24,1,1,0.66622
162,11,1277.65,571.58,46.81,92.14,1,1,0.79176
162,12,1317.32,590.49,46.46,106.36,1,1,0.85559
162,13,689.82,541.22,68.42,101.58,1,1,0.83374
162,15,467.6,470.88,45.29,92.2,1,1,0.84342
162,20,1144.12,418.84,69.24,87.65,1,1,0.85162
162,10,1377.13,463.56,48.09,97.8,1,1,0.77275
162,14,78.91,544.45,56.52,96.76,1,1,0.85923
162,7,1112.65,404.87,52.22,89.16,1,1,0.85372
162,27,160.47,547.16,48.28,98.89,1,1,0.85374
162,28,1523.37,279.19,50.85,74.89,1,1,0.82504
162,30,226.31,541.21,49.31,103.76,1,1,0.85529
162,32,1679.0,290.37,40.53,94.81,1,1,0.83928
162,33,1731.2,430.5,48.89,103.16,1,1,0.81391
163,0,868.88,443.4,40.75,90.79,1,1,0.83196
163,1,381.34,474.13,33.51,65.56,1,1,0.78069
163,2,804.23,503.91,43.74,97.95,1,1,0.84957
163,3,490.78,464.4,55.11,90.15,1,1,0.85469
163,4,305.11,572.68,44.59,112.55,1,1,0.80266
163,5,349.3,528.25,49.53,92.21,1,1,0.75342
163,8,386.07,528.29,49.36,101.68,1,1,0.7948
163,9,325.85,609.22,49.02,108.37,1,1,0.67682
163,11,1284.82,578.2,41.43,93.17,1,1,0.80539
163,12,1312.42,595.2,52.83,106.95,1,1,0.8595
163,13,687.16,547.78,66.25,102.6,1,1,0.84703
163,15,458.55,479.17,44.66,91.0,1,1,0.83926
163,20,1146.95,425.51,66.93,89.9,1,1,0.85899
163,10,1383.41,468.15,41.03,99.6,1,1,0.83946
163,14,67.32,550.43,57.49,97.89,1,1,0.85314
163,7,1111.55,410.71,54.79,86.63,1,1,0.85215
163,27,151.01,552.71,48.54,99.71,1,1,0.84671
163,28,1531.89,285.48,45.75,74.59,1,1,0.82074
163,30,218.73,547.47,48.07,104.14,1,1,0.8547
163,32,1676.55,293.45,40.7,93.71,1,1,0.84364
163,33,1724.84,437.45,47.25,104.05,1,1,0.83278
164,0,866.86,448.7,42.5,89.94,1,1,0.83858
164,1,378.6,480.48,33.99,65.82,1,1,0.72726
164,2,802.58,508.7,42.06,98.83,1,1,0.84064
164,3,481.8,469.43,51.58,90.46,1,1,0.85843
164,4,299.49,579.01,42.71,112.57,1,1,0.81134
164,5,337.79,532.71,53.64,96.38,1,1,0.68029
164,8,381.05,534.39,48.32,102.05,1,1,0.81645
164,9,321.12,621.04,48.9,102.01,1,1,0.74355
164,11,1286.86,583.92,41.41,94.15,1,1,0.80906
164,12,1307.6,600.04,61.54,107.89,1,1,0.86074
164,13,687.56,554.93,61.49,102.12,1,1,0.8307
164,15,450.06,485.28,41.33,92.47,1,1,0.83445
164,20,1150.51,431.63,60.12,91.21,1,1,0.84593
164,10,1385.97,472.64,41.87,99.81,1,1,0.84596
164,14,57.01,555.74,57.47,98.15,1,1,0.84934
164,7,1115.21,416.7,52.17,82.55,1,1,0.8308
164,27,141.95,559.19,47.93,98.86,1,1,0.85435
164,28,1538.37,291.57,41.87,76.0,1,1,0.80697
164,30,210.54,553.26,47.77,103.9,1,1,0.84884
164,32,1674.33,296.46,41.85,93.06,1,1,0.8611
164,33,1718.34,443.38,46.62,104.23,1,1,0.83343
165,0,861.99,453.56,46.91,88.82,1,1,0.85057
165,1,376.59,486.99,33.76,67.92,1,1,0.78515
165,2,799.03,511.74,43.08,100.18,1,1,0.84466
165,3,476.09,474.0,47.05,91.35,1,1,0.86511
165,4,294.29,583.99,42.68,112.19,1,1,0.81062
165,5,331.63,538.41,52.94,96.37,1,1,0.65055
165,8,376.61,540.14,46.53,102.06,1,1,0.81695
165,9,320.25,620.29,46.92,107.19,1,1,0.67454
165,11,1284.21,589.35,46.51,94.47,1,1,0.82103
165,12,1304.68,605.41,69.16,106.93,1,1,0.86273
165,13,690.77,560.91,54.4,101.59,1,1,0.82049
165,15,440.24,491.63,41.06,91.49,1,1,0.83657
165,20,1154.38,437.57,53.05,90.88,1,1,0.83611
165,10,1382.66,476.68,48.48,99.85,1,1,0.86135
165,14,49.26,559.76,57.61,98.44,1,1,0.85436
165,7,1125.01,421.62,45.87,79.43,1,1,0.82195
165,27,134.16,564.56,47.24,98.79,1,1,0.85678
165,28,1542.53,297.55,41.13,77.58,1,1,0.83837
165,30,203.02,558.88,47.77,103.32,1,1,0.85551
165,32,1673.06,299.45,42.85,91.97,1,1,0.85534
165,33,1712.12,448.6,46.69,104.71,1,1,0.83619
166,0,857.89,457.38,52.32,87.64,1,1,0.84012
166,1,374.28,492.83,32.39,67.26,1,1,0.77219
166,2,793.14,513.8,47.46,101.56,1,1,0.85844
166,3,469.87,477.83,44.69,93.38,1,1,0.86317
166,4,288.58,589.16,42.78,113.31,1,1,0.80789
166,5,331.81,542.63,47.05,100.89,1,1,0.78596
166,8,371.17,545.33,46.3,102.14,1,1,0.84041
166,11,1280.54,593.41,52.77,94.53,1,1,0.82414
166,12,1301.97,610.84,75.33,105.99,1,1,0.87044
166,13,693.48,565.23,50.65,103.55,1,1,0.83454
166,15,429.34,497.22,43.59,90.59,1,1,0.84458
166,20,1159.87,442.28,46.66,92.32,1,1,0.82988
166,10,1380.41,479.55,59.71,99.46,1,1,0.87943
166,14,43.18,562.95,57.09,99.62,1,1,0.85464
166,7,1134.48,427.44,41.59,84.63,1,1,0.82786
166,27,126.41,569.96,46.51,98.15,1,1,0.85266
166,28,1542.29,303.5,46.2,76.6,1,1,0.84849
166,30,196.15,563.7,48.18,103.36,1,1,0.84909
166,32,1670.53,302.75,45.22,90.64,1,1,0.85338
166,33,1706.75,454.26,46.63,104.15,1,1,0.84397
167,0,855.3,459.7,56.98,85.89,1,1,0.82088
167,1,371.65,498.07,34.22,71.57,1,1,0.78094
167,2,789.86,516.94,51.44,101.02,1,1,0.86468
167,3,462.94,481.04,43.2,94.54,1,1,0.86593
167,4,283.41,595.7,41.6,110.85,1,1,0.81749
167,5,328.05,547.62,45.53,102.17,1,1,0.79531
167,8,365.42,550.6,47.14,100.82,1,1,0.84031
167,11,1279.21,597.0,56.95,92.42,1,1,0.82251
167,12,1301.8,616.45,77.65,105.38,1,1,0.85844
167,13,695.39,569.08,48.5,105.15,1,1,0.84433
167,15,420.13,502.71,45.95,89.53,1,1,0.83682
167,20,1162.1,445.35,45.57,93.37,1,1,0.83183
167,10,1379.76,482.35,66.29,96.6,1,1,0.88111
167,14,38.65,565.77,54.35,100.26,1,1,0.84239
167,7,1140.05,431.51,39.02,86.96,1,1,0.83203
167,27,119.8,575.15,45.53,97.58,1,1,0.85535
167,28,1540.85,308.51,53.67,75.35,1,1,0.85658
167,30,189.63,568.28,49.77,103.26,1,1,0.85868
167,32,1668.9,306.05,46.54,89.13,1,1,0.85703
167,33,1701.23,459.01,46.99,104.54,1,1,0.84268
167,9,316.05,634.7,48.83,102.27,1,1,0.76673
168,1,371.04,502.61,36.59,72.05,1,1,0.77501
168,2,786.83,518.99,56.22,100.16,1,1,0.87213
168,3,457.48,483.89,41.18,95.18,1,1,0.86656
168,4,278.83,601.96,41.79,108.51,1,1,0.8268
168,5,322.79,551.81,46.7,101.58,1,1,0.7977
168,8,360.54,555.42,49.0,98.62,1,1,0.83863
168,11,1280.67,600.23,59.79,89.7,1,1,0.82734
168,12,1303.97,621.28,76.43,106.73,1,1,0.85624
168,13,696.48,572.63,47.32,104.9,1,1,0.8532
168,15,412.59,508.27,48.29,87.41,1,1,0.85184
168,20,1163.77,448.28,49.96,93.89,1,1,0.8498
168,10,1380.93,485.5,67.99,92.87,1,1,0.88377
168,14,34.48,568.57,52.26,102.1,1,1,0.84289
168,7,1142.5,434.92,40.22,87.11,1,1,0.84459
168,27,114.4,579.73,44.4,95.88,1,1,0.8576
168,28,1542.11,313.07,58.07,75.06,1,1,0.8435
168,30,184.56,572.78,50.61,101.52,1,1,0.86349
168,32,1666.59,309.93,50.34,85.42,1,1,0.8716
168,33,1695.69,463.9,47.13,103.4,1,1,0.85016
168,9,311.94,640.97,55.57,100.41,1,1,0.82812
169,1,370.59,507.01,39.3,72.56,1,1,0.74489
169,2,785.82,521.54,59.06,98.61,1,1,0.87153
169,3,453.6,486.31,39.72,96.26,1,1,0.86153
169,4,275.01,607.0,43.62,107.87,1,1,0.82447
169,5,318.9,556.19,48.32,102.31,1,1,0.8245
169,8,356.53,560.23,52.13,97.01,1,1,0.83706
169,11,1284.79,605.07,61.86,84.52,1,1,0.83472
169,12,1307.72,627.4,71.09,105.16,1,1,0.84984
169,13,694.91,575.47,50.1,104.39,1,1,0.85881
169,15,406.84,513.75,50.87,85.74,1,1,0.83904
169,20,1165.9,451.54,57.93,92.6,1,1,0.85944
169,10,1387.04,489.05,62.05,91.82,1,1,0.87028
169,14,30.88,571.83,51.0,100.65,1,1,0.84014
169,7,1142.43,437.86,45.17,86.06,1,1,0.84683
169,27,109.35,583.94,44.66,94.97,1,1,0.85324
169,28,1546.72,318.65,61.54,76.4,1,1,0.85752
169,30,180.97,576.48,51.37,100.85,1,1,0.86855
169,32,1663.1,314.41,56.6,80.28,1,1,0.86941
169,33,1690.63,468.37,46.82,103.17,1,1,0.84608
169,9,310.13,648.19,61.0,98.07,1,1,0.84406
170,1,370.67,509.74,40.4,73.81,1,1,0.7829
170,2,786.17,524.3,59.94,96.89,1,1,0.87551
170,3,450.69,487.98,38.51,96.64,1,1,0.86341
170,4,272.41,613.01,45.07,105.38,1,1,0.84465
170,5,317.38,559.83,47.93,101.62,1,1,0.84215
170,8,353.07,564.82,55.37,95.98,1,1,0.84286
170,11,1293.42,608.86,58.14,80.34,1,1,0.81487
170,12,1314.58,632.28,63.97,104.54,1,1,0.85194
170,13,693.1,577.9,53.64,105.48,1,1,0.87278
170,15,403.47,518.65,52.74,84.34,1,1,0.84903
170,20,1169.79,454.32,64.79,89.21,1,1,0.8632
170,10,1397.42,494.83,50.42,89.63,1,1,0.83994
170,14,28.06,574.72,49.14,97.81,1,1,0.84279
170,7,1145.09,439.73,49.1,84.37,1,1,0.84552
170,27,106.01,587.03,45.09,94.97,1,1,0.85593
170,28,1556.23,323.44,59.09,79.99,1,1,0.85406
170,30,178.28,579.84,51.91,100.33,1,1,0.86819
170,32,1659.98,318.3,62.39,78.35,1,1,0.8671
170,33,1687.19,472.74,46.46,102.19,1,1,0.84664
170,9,311.01,652.43,65.73,97.78,1,1,0.86037
171,1,370.89,510.95,43.22,74.36,1,1,0.77534
171,2,789.18,526.73,57.7,96.22,1,1,0.87598
171,3,447.16,488.68,38.39,96.69,1,1,0.85895
171,4,270.8,617.59,46.36,104.5,1,1,0.84463
171,5,316.55,563.09,47.63,101.01,1,1,0.83108
171,8,353.23,568.61,55.64,95.7,1,1,0.84256
171,11,1305.08,612.65,52.69,78.04,1,1,0.80107
171,12,1322.5,635.07,56.51,105.39,1,1,0.84568
171,13,692.69,579.52,58.52,106.71,1,1,0.88399
171,15,401.3,523.11,52.27,82.96,1,1,0.83519
171,20,1176.23,457.28,64.27,87.07,1,1,0.85379
171,10,1408.44,496.03,42.01,91.99,1,1,0.84274
171,14,25.5,576.79,48.61,96.26,1,1,0.84234
171,7,1151.36,442.06,50.21,82.12,1,1,0.84037
171,27,103.4,588.98,45.15,94.85,1,1,0.85761
171,28,1572.13,328.14,51.39,80.49,1,1,0.8381
171,30,177.76,582.5,51.68,100.45,1,1,0.87544
171,32,1670.61,322.4,54.92,79.71,1,1,0.8232
171,33,1682.91,475.79,48.24,102.52,1,1,0.84827
171,9,315.0,657.64,64.86,95.73,1,1,0.85852
172,1,370.44,511.33,44.83,73.24,1,1,0.7969
172,2,795.66,529.21,53.85,95.79,1,1,0.86444
172,3,445.18,488.59,38.1,97.37,1,1,0.85512
172,4,270.71,619.97,46.86,105.71,1,1,0.84819
172,5,316.56,565.88,47.83,100.29,1,1,0.8324
172,8,353.74,570.99,54.83,96.58,1,1,0.8402
172,12,1331.05,636.13,50.93,106.8,1,1,0.82965
172,13,694.44,581.28,62.39,107.3,1,1,0.88655
172,15,400.3,526.18,50.79,82.97,1,1,0.83353
172,20,1185.75,459.73,58.26,85.66,1,1,0.84291
172,10,1417.69,497.11,38.83,92.95,1,1,0.84455
172,14,24.16,578.54,48.97,94.92,1,1,0.84485
172,7,1162.27,445.23,47.7,78.78,1,1,0.83619
172,27,102.01,589.92,45.55,94.67,1,1,0.85789
172,28,1588.6,331.24,46.78,81.71,1,1,0.77671
172,30,178.44,584.46,50.97,100.64,1,1,0.87494
172,32,1680.06,326.94,49.3,81.68,1,1,0.81878
172,33,1681.13,478.89,48.54,101.63,1,1,0.85217
172,9,322.11,657.41,59.97,99.17,1,1,0.8422
172,0,885.12,468.65,43.6,85.94,1,1,0.7295
173,1,371.71,510.73,44.27,72.97,1,1,0.80494
173,2,805.43,530.54,49.7,97.29,1,1,0.86201
173,3,443.64,488.39,39.01,97.15,1,1,0.85925
173,4,270.97,622.59,47.64,106.16,1,1,0.85892
173,5,318.13,567.94,47.89,98.97,1,1,0.84047
173,8,353.13,572.79,54.67,98.62,1,1,0.85174
173,12,1338.32,635.26,49.58,109.96,1,1,0.84381
173,13,699.1,583.05,62.67,106.12,1,1,0.87923
173,15,399.93,528.26,49.84,83.53,1,1,0.83793
173,20,1195.44,461.8,52.35,84.37,1,1,0.84245
173,10,1424.07,494.7,40.16,96.26,1,1,0.84132
173,14,23.95,579.67,49.53,95.37,1,1,0.8462
173,7,1174.14,445.89,44.59,78.87,1,1,0.81367
173,27,101.45,590.07,45.77,94.71,1,1,0.85788
173,28,1594.52,333.47,51.42,81.62,1,1,0.85556
173,30,181.24,585.5,48.31,101.89,1,1,0.87206
173,32,1688.76,331.1,44.94,84.24,1,1,0.83117
173,33,1678.49,481.55,50.36,100.7,1,1,0.84436
173,9,331.05,661.91,54.82,97.38,1,1,0.84369
173,0,890.04,468.11,43.95,87.39,1,1,0.81326
174,1,372.71,509.96,43.71,72.51,1,1,0.81425
174,2,812.43,530.89,46.48,98.03,1,1,0.85859
174,3,441.98,487.66,39.26,96.23,1,1,0.85712
174,4,273.0,625.42,46.48,104.88,1,1,0.85127
174,5,319.5,568.89,48.04,98.48,1,1,0.84568
174,8,352.36,573.4,55.09,99.32,1,1,0.85321
174,12,1344.98,639.76,50.0,105.78,1,1,0.83787
174,13,704.61,584.2,60.55,106.24,1,1,0.87405
174,15,400.09,529.41,49.21,84.33,1,1,0.82916
174,20,1204.43,462.35,49.38,84.13,1,1,0.83394
174,10,1428.48,492.56,45.91,95.78,1,1,0.85636
174,14,23.94,579.02,49.83,95.82,1,1,0.84065
174,7,1183.77,445.87,43.4,85.7,1,1,0.81566
174,27,101.11,589.41,45.76,94.63,1,1,0.85935
174,28,1599.64,334.43,55.22,80.78,1,1,0.86606
174,30,183.52,585.6,46.22,102.72,1,1,0.87086
174,32,1692.78,334.03,45.77,85.08,1,1,0.82466
174,33,1676.21,484.99,50.87,98.42,1,1,0.84293
174,9,344.15,663.12,48.3,98.06,1,1,0.81349
174,0,895.46,466.56,44.32,88.6,1,1,0.79901
175,1,374.71,509.45,42.54,75.34,1,1,0.7995
175,2,817.33,529.6,45.03,99.41,1,1,0.85556
175,3,440.74,486.77,39.5,95.32,1,1,0.84565
175,4,276.19,625.93,45.18,105.95,1,1,0.84672
175,5,321.37,569.12,47.7,99.5,1,1,0.84005
175,8,352.16,573.66,54.56,99.36,1,1,0.83667
175,12,1348.86,638.76,55.28,106.85,1,1,0.85003
175,13,711.58,585.59,55.32,105.96,1,1,0.85304
175,15,400.83,528.39,49.41,87.2,1,1,0.81001
175,20,1211.77,460.89,49.43,85.66,1,1,0.83105
175,10,1433.18,493.59,53.35,91.25,1,1,0.86732
175,14,24.12,578.08,50.31,96.12,1,1,0.83801
175,7,1193.42,444.7,41.58,89.82,1,1,0.8109
175,27,100.66,588.83,46.6,95.03,1,1,0.86032
175,28,1605.88,335.3,60.36,80.38,1,1,0.86495
175,30,185.03,585.3,45.22,103.56,1,1,0.86305
175,32,1696.11,336.84,47.92,83.94,1,1,0.83967
175,33,1675.23,487.2,50.26,97.88,1,1,0.83916
175,9,351.31,660.58,49.13,101.68,1,1,0.82198
176,1,377.72,508.83,42.15,77.9,1,1,0.81382
176,2,822.27,527.64,43.94,99.34,1,1,0.8537
176,3,440.03,486.04,39.9,93.81,1,1,0.84357
176,4,279.94,626.48,43.87,106.46,1,1,0.85113
176,5,323.78,568.67,47.23,99.1,1,1,0.82752
176,8,353.3,573.04,53.46,99.99,1,1,0.84536
176,12,1353.75,637.99,61.89,106.72,1,1,0.85512
176,13,721.4,586.66,49.11,105.74,1,1,0.84566
176,15,402.41,527.33,50.66,89.11,1,1,0.808
176,20,1221.44,459.57,52.99,87.0,1,1,0.84767
176,10,1441.99,494.97,56.74,84.81,1,1,0.85537
176,14,27.09,576.46,49.21,93.4,1,1,0.83241
176,7,1201.56,443.19,43.01,90.94,1,1,0.81368
176,27,100.63,588.42,48.07,94.54,1,1,0.86483
176,28,1619.38,335.93,60.21,80.13,1,1,0.84449
176,30,186.56,584.26,45.84,104.51,1,1,0.86705
176,32,1696.78,338.4,53.34,82.89,1,1,0.85192
176,33,1676.2,488.48,48.64,97.39,1,1,0.84475
176,9,354.34,661.38,53.19,100.3,1,1,0.85385
177,1,383.83,508.74,39.21,79.19,1,1,0.81657
177,2,826.0,526.05,43.89,97.19,1,1,0.86328
177,3,440.11,485.4,39.5,91.94,1,1,0.84216
177,4,284.57,625.91,42.44,107.83,1,1,0.85096
177,5,326.45,568.1,46.9,97.19,1,1,0.81656
177,8,355.23,571.75,53.65,100.17,1,1,0.84256
177,12,1360.03,637.9,66.15,105.18,1,1,0.85554
177,13,732.08,586.65,44.31,106.08,1,1,0.8404
177,15,404.47,524.73,50.8,91.99,1,1,0.80211
177,20,1228.02,457.19,62.22,88.58,1,1,0.85765
177,10,1448.9,492.17,59.05,85.7,1,1,0.84633
177,14,27.08,573.99,51.92,96.17,1,1,0.84259
177,7,1207.55,441.93,46.12,89.66,1,1,0.81965
177,27,101.87,587.94,48.73,94.44,1,1,0.863
177,28,1634.46,336.62,55.34,78.12,1,1,0.84976
177,30,188.52,583.03,45.99,105.06,1,1,0.86237
177,32,1699.11,339.19,58.12,79.85,1,1,0.85451
177,33,1677.35,488.99,47.07,97.82,1,1,0.84491
177,9,357.65,659.4,60.84,101.72,1,1,0.86405
178,1,388.32,508.36,37.82,79.9,1,1,0.81506
178,2,829.72,523.96,45.68,96.28,1,1,0.86123
178,3,440.16,484.68,39.54,90.46,1,1,0.84405
178,4,287.17,624.67,42.04,109.58,1,1,0.85707
178,5,331.61,567.57,44.0,96.36,1,1,0.82113
178,8,358.16,571.34,51.63,99.27,1,1,0.83711
178,12,1365.74,639.29,69.34,103.22,1,1,0.84866
178,13,740.05,585.36,41.43,107.06,1,1,0.84388
178,15,406.09,524.83,50.89,91.5,1,1,0.79812
178,20,1232.8,454.65,69.49,89.39,1,1,0.85922
178,10,1459.75,490.76,53.01,85.85,1,1,0.85045
178,14,28.66,572.23,52.84,95.7,1,1,0.84322
178,7,1214.35,441.33,46.57,84.08,1,1,0.83056
178,27,103.26,587.88,48.97,94.07,1,1,0.86328
178,28,1650.47,337.83,50.78,75.81,1,1,0.85113
178,30,190.74,582.44,45.87,104.39,1,1,0.86325
178,32,1704.38,339.35,59.49,75.94,1,1,0.86591
178,33,1676.81,489.45,47.26,97.91,1,1,0.84889
178,9,360.97,657.67,70.79,102.88,1,1,0.87096
179,1,393.24,508.37,36.86,79.6,1,1,0.791
179,2,833.7,521.7,48.25,96.43,1,1,0.85768
179,3,440.57,484.78,39.26,88.58,1,1,0.83355
179,4,289.64,624.25,42.63,110.01,1,1,0.85081
179,5,338.26,567.66,40.87,94.91,1,1,0.83462
179,8,363.27,571.31,47.72,99.1,1,1,0.83441
179,12,1373.19,641.06,68.98,101.07,1,1,0.84917
179,13,743.54,583.3,43.26,108.73,1,1,0.84841
179,15,406.22,525.97,53.37,92.32,1,1,0.81759
179,20,1239.61,453.52,70.89,89.58,1,1,0.86346
179,10,1469.15,488.71,44.08,87.69,1,1,0.82889
179,14,32.36,570.7,52.63,92.16,1,1,0.82751
179,7,1223.09,441.15,46.14,77.72,1,1,0.80085
179,27,105.84,588.09,48.92,93.44,1,1,0.86346
179,28,1659.61,340.16,52.64,74.53,1,1,0.86402
179,30,193.8,582.34,45.41,103.61,1,1,0.86461
179,32,1710.02,340.27,59.93,71.32,1,1,0.86735
179,33,1675.07,489.23,48.09,99.41,1,1,0.85296
179,9,366.63,656.53,77.3,101.75,1,1,0.88281
179,11,1381.04,624.52,57.66,93.07,1,1,0.74064
180,1,396.14,508.86,37.82,76.59,1,1,0.77225
180,2,838.98,520.87,47.25,93.83,1,1,0.84527
180,3,439.17,485.67,40.17,86.88,1,1,0.83007
180,4,292.15,624.16,43.7,109.47,1,1,0.85892
180,5,343.31,567.27,38.6,96.03,1,1,0.83262
180,8,368.51,571.32,43.37,99.25,1,1,0.83695
180,12,1381.09,640.05,64.68,102.47,1,1,0.85439
180,13,745.45,581.56,46.13,109.11,1,1,0.8551
180,15,408.56,529.12,52.17,91.21,1,1,0.80213
180,20,1248.78,452.5,64.51,89.52,1,1,0.85556
180,10,1479.42,485.82,37.93,90.8,1,1,0.8339
180,14,32.39,569.85,55.34,91.56,1,1,0.85284
180,7,1235.07,440.34,40.67,77.8,1,1,0.79201
180,27,108.61,588.21,47.66,93.01,1,1,0.86462
180,28,1663.35,342.53,60.09,72.19,1,1,0.86746
180,30,196.82,582.49,44.24,102.31,1,1,0.86426
180,32,1715.45,341.6,59.73,67.77,1,1,0.84664
180,33,1674.17,489.14,47.96,100.15,1,1,0.846
180,9,373.99,655.91,74.69,100.76,1,1,0.87464
180,0,939.44,459.75,37.95,91.96,1,1,0.81584
181,1,396.94,508.29,43.12,77.48,1,1,0.8048
181,2,844.69,523.98,45.05,87.0,1,1,0.84077
181,3,438.92,485.23,39.97,86.53,1,1,0.82345
181,4,294.54,624.64,44.77,108.83,1,1,0.85647
181,5,346.64,565.55,37.48,97.0,1,1,0.82783
181,8,370.96,570.57,42.23,99.86,1,1,0.83175
181,12,1389.53,638.48,58.71,103.83,1,1,0.85079
181,13,747.55,579.92,50.75,107.64,1,1,0.86129
181,15,414.28,531.62,49.38,89.29,1,1,0.7839
181,20,1257.37,450.16,56.77,90.98,1,1,0.8545
181,10,1486.97,481.36,37.48,94.23,1,1,0.83541
181,14,34.42,568.59,55.83,91.07,1,1,0.85246
181,7,1246.79,438.47,35.89,73.68,1,1,0.78403
181,27,111.66,587.22,47.33,93.34,1,1,0.8631
181,28,1668.32,344.03,66.22,69.6,1,1,0.86894
181,30,199.25,582.4,43.13,100.93,1,1,0.86487
181,32,1720.39,342.45,60.34,68.5,1,1,0.84696
181,33,1671.64,487.77,49.88,101.33,1,1,0.83832
181,9,384.61,655.17,66.48,100.08,1,1,0.85888
181,36,1404.23,815.44,51.42,112.6,1,1,0.7005
181,0,945.07,456.35,37.52,93.77,1,1,0.73787
182,1,399.21,506.79,46.72,75.14,1,1,0.81029
182,2,851.33,523.97,43.58,85.29,1,1,0.83613
182,3,439.9,484.65,38.74,86.0,1,1,0.8202
182,4,296.58,624.37,47.47,108.37,1,1,0.8654
182,5,349.89,563.32,36.78,99.89,1,1,0.80991
182,8,371.73,569.34,43.22,100.88,1,1,0.80439
182,12,1400.43,637.26,53.1,104.13,1,1,0.84475
182,13,751.94,577.9,55.55,106.07,1,1,0.86386
182,15,418.32,532.82,49.03,87.99,1,1,0.76636
182,20,1264.71,446.45,50.15,93.1,1,1,0.84056
182,10,1493.04,477.29,39.79,96.12,1,1,0.84959
182,14,37.84,567.2,55.4,90.71,1,1,0.85754
182,7,1255.69,435.84,36.12,81.75,1,1,0.67862
182,27,115.62,585.66,45.84,93.81,1,1,0.85803
182,28,1675.89,346.28,70.59,69.15,1,1,0.85984
182,30,202.88,581.92,41.74,99.68,1,1,0.86847
182,32,1731.59,343.69,56.44,68.63,1,1,0.83251
182,33,1671.91,487.2,50.01,101.12,1,1,0.82001
182,9,398.5,653.71,56.29,101.01,1,1,0.84583
182,0,952.03,453.07,37.63,90.02,1,1,0.8059
183,1,401.72,504.75,48.57,72.45,1,1,0.79983
183,2,857.41,520.73,42.62,87.61,1,1,0.82832
183,3,441.6,483.16,36.67,83.17,1,1,0.80504
183,4,297.8,623.49,50.26,108.4,1,1,0.87391
183,5,352.14,560.45,36.86,100.0,1,1,0.81397
183,8,368.2,568.19,47.75,101.93,1,1,0.80199
183,12,1409.7,635.69,49.85,104.47,1,1,0.84093
183,13,755.66,576.15,57.8,104.29,1,1,0.85612
183,15,421.43,533.35,47.97,86.76,1,1,0.78829
183,20,1272.42,444.33,45.23,93.14,1,1,0.82498
183,10,1496.6,472.94,45.72,96.67,1,1,0.8437
183,14,43.45,565.27,52.75,91.6,1,1,0.83905
183,7,1261.19,432.88,35.69,86.86,1,1,0.74267
183,27,119.1,583.57,44.39,94.56,1,1,0.85197
183,28,1685.66,348.48,70.7,66.52,1,1,0.85479
183,30,206.88,580.72,39.92,98.58,1,1,0.86497
183,32,1741.57,346.25,52.12,68.69,1,1,0.84697
183,33,1669.62,485.32,50.11,102.05,1,1,0.81984
183,9,412.81,652.28,48.14,101.62,1,1,0.84981
183,0,955.49,449.8,42.14,86.33,1,1,0.84356
184,1,407.92,503.1,46.27,70.2,1,1,0.80552
184,2,862.44,517.06,42.31,90.32,1,1,0.83873
184,3,443.41,481.3,35.38,84.3,1,1,0.80872
184,4,298.86,622.95,53.15,108.13,1,1,0.87817
184,5,354.65,558.46,37.37,100.19,1,1,0.81567
184,8,367.98,567.87,49.86,102.21,1,1,0.80505
184,12,1415.89,633.77,46.69,104.96,1,1,0.83615
184,13,760.31,574.67,57.05,102.61,1,1,0.86112
184,15,425.18,532.96,45.52,86.22,1,1,0.7897
184,20,1275.57,440.6,47.56,93.68,1,1,0.81255
184,10,1500.04,469.8,52.36,94.01,1,1,0.85622
184,14,49.33,562.78,51.11,93.34,1,1,0.83389
184,27,121.83,581.63,43.91,95.44,1,1,0.85425
184,28,1698.28,350.16,68.61,64.6,1,1,0.85128
184,30,209.84,579.56,39.31,98.5,1,1,0.87029
184,32,1747.12,349.17,52.36,65.21,1,1,0.85115
184,33,1669.77,484.3,47.95,102.51,1,1,0.82844
184,9,424.34,650.0,44.0,103.02,1,1,0.85266
184,0,958.08,446.89,48.87,85.86,1,1,0.86561
185,1,413.36,501.42,45.55,69.62,1,1,0.78634
185,2,865.22,510.84,43.8,94.49,1,1,0.85293
185,3,444.75,479.54,34.76,83.62,1,1,0.79616
185,4,299.56,622.31,55.19,108.12,1,1,0.8771
185,5,356.96,556.28,38.33,99.65,1,1,0.81038
185,8,367.48,566.88,52.2,102.38,1,1,0.81306
185,12,1418.89,631.11,46.42,106.35,1,1,0.82845
185,13,768.49,573.23,50.41,101.41,1,1,0.82977
185,15,427.98,531.12,44.92,87.67,1,1,0.80705
185,20,1278.85,437.73,50.77,91.64,1,1,0.81875
185,10,1501.29,466.68,59.62,92.24,1,1,0.87643
185,14,53.54,559.83,50.53,94.58,1,1,0.83427
185,27,122.87,579.55,44.64,95.8,1,1,0.8517
185,28,1711.56,352.42,65.49,60.6,1,1,0.84082
185,30,212.01,577.97,39.92,99.13,1,1,0.87178
185,32,1751.5,352.43,53.67,59.77,1,1,0.83017
185,33,1668.91,482.08,47.82,104.29,1,1,0.82734
185,9,428.79,647.6,46.18,103.97,1,1,0.85998
185,0,959.83,444.81,55.12,85.24,1,1,0.86803
185,11,1443.24,613.92,43.28,81.97,1,1,0.77638
186,1,418.69,499.91,46.41,71.24,1,1,0.77136
186,2,866.51,506.93,47.05,96.6,1,1,0.86307
186,3,445.23,478.55,34.96,85.33,1,1,0.80041
186,4,299.98,622.06,56.03,108.28,1,1,0.87834
186,5,359.9,554.6,38.3,98.7,1,1,0.80312
186,8,370.58,567.16,50.8,101.65,1,1,0.81219
186,12,1420.81,629.1,50.21,106.44,1,1,0.85256
186,13,778.02,572.06,43.1,101.09,1,1,0.83961
186,15,430.3,525.37,44.21,92.4,1,1,0.78665
186,20,1287.85,436.99,49.09,84.96,1,1,0.82096
186,10,1505.26,464.49,60.57,89.23,1,1,0.88012
186,14,56.36,556.56,50.37,96.2,1,1,0.83433
186,27,123.43,578.18,45.21,96.54,1,1,0.84999
186,28,1722.92,354.34,67.43,59.04,1,1,0.83011
186,30,213.35,576.54,40.89,99.99,1,1,0.87066
186,32,1767.76,355.45,43.68,51.74,1,1,0.75782
186,33,1668.46,480.44,46.06,106.08,1,1,0.83542
186,9,431.26,645.39,52.53,104.47,1,1,0.86864
186,0,962.19,443.73,56.5,84.2,1,1,0.87177
186,11,1451.83,612.3,44.95,82.66,1,1,0.81673
186,7,1272.4,427.34,43.05,80.91,1,1,0.7845
187,1,423.79,498.27,48.0,73.62,1,1,0.71931
187,2,867.7,505.51,51.21,96.04,1,1,0.87382
187,3,445.35,476.72,34.78,79.97,1,1,0.71504
187,4,300.91,621.79,56.08,107.87,1,1,0.87355
187,5,362.35,553.32,37.27,95.78,1,1,0.79498
187,8,373.91,565.59,49.4,103.46,1,1,0.81797
187,12,1422.78,627.24,56.28,106.71,1,1,0.84932
187,13,784.95,570.83,39.58,102.01,1,1,0.84778
187,15,431.17,522.39,45.94,93.9,1,1,0.79179
187,20,1289.03,433.07,54.43,83.96,1,1,0.8358
187,10,1509.45,462.74,56.24,89.98,1,1,0.87068
187,14,57.89,553.18,51.82,97.85,1,1,0.82801
187,27,124.36,577.28,45.47,96.35,1,1,0.85221
187,28,1731.05,356.09,66.24,53.61,1,1,0.80138
187,30,213.79,574.71,42.23,100.77,1,1,0.86301
187,32,1778.05,357.8,39.36,49.04,1,1,0.75069
187,33,1667.39,478.71,45.88,107.23,1,1,0.84229
187,9,432.68,643.29,61.2,104.92,1,1,0.88302
187,0,966.23,442.86,55.06,84.65,1,1,0.86544
187,11,1457.31,610.46,49.33,83.63,1,1,0.82028
188,1,430.21,497.73,44.81,77.08,1,1,0.67051
188,2,869.27,504.07,56.34,94.37,1,1,0.8716
188,3,446.58,474.85,33.43,66.73,1,1,0.70908
188,4,301.58,620.44,55.25,108.61,1,1,0.87109
188,5,365.16,552.69,36.67,93.43,1,1,0.79572
188,8,377.06,565.38,47.56,103.61,1,1,0.82934
188,12,1424.41,626.53,60.98,105.57,1,1,0.8586
188,13,791.47,568.91,37.64,103.07,1,1,0.8587
188,15,431.99,519.73,47.15,95.59,1,1,0.79557
188,20,1296.57,432.99,51.83,81.96,1,1,0.84366
188,10,1516.66,460.82,48.28,91.46,1,1,0.83994
188,14,62.76,551.27,48.75,96.96,1,1,0.82501
188,27,125.25,577.1,45.51,95.76,1,1,0.84869
188,28,1739.44,358.53,64.69,48.84,1,1,0.74409
188,30,214.39,573.0,44.55,100.65,1,1,0.86332
188,32,1786.29,362.31,37.57,45.9,1,1,0.76218
188,33,1666.33,478.57,45.41,106.9,1,1,0.8395
188,9,434.11,641.18,70.89,103.92,1,1,0.8875
188,0,972.37,440.63,52.33,86.81,1,1,0.8544
188,11,1461.97,607.57,53.39,85.84,1,1,0.83021
188,7,1283.52,423.36,40.98,72.85,1,1,0.81472
189,2,873.34,506.0,56.38,88.66,1,1,0.85134
189,3,446.07,471.95,34.33,63.46,1,1,0.71097
189,4,301.99,619.4,54.13,108.57,1,1,0.87386
189,5,367.92,552.11,36.56,91.26,1,1,0.8017
189,8,378.76,565.64,47.44,103.42,1,1,0.83438
189,12,1426.73,626.84,63.76,103.76,1,1,0.86226
189,13,794.16,567.86,39.67,103.24,1,1,0.86361
189,15,432.71,518.59,48.63,96.4,1,1,0.81641
189,20,1300.59,431.06,50.84,83.55,1,1,0.83719
189,10,1524.97,458.49,41.24,93.28,1,1,0.84335
189,14,69.45,548.97,44.38,94.64,1,1,0.81478
189,27,126.48,577.0,46.1,93.98,1,1,0.84409
189,28,1748.38,359.35,61.23,47.45,1,1,0.80744
189,30,213.68,571.6,48.18,100.33,1,1,0.86703
189,32,1794.91,366.51,35.69,41.38,1,1,0.73398
189,33,1664.34,476.54,45.78,108.92,1,1,0.83281
189,9,439.13,639.79,75.32,101.84,1,1,0.88425
189,0,980.72,437.59,47.99,89.69,1,1,0.84786
189,11,1466.47,605.57,53.99,87.47,1,1,0.81946
189,37,1826.85,184.54,30.61,76.92,1,1,0.68793
189,7,1290.42,418.62,38.56,75.12,1,1,0.77447
190,2,877.8,506.32,55.22,83.99,1,1,0.83203
190,3,443.73,469.7,35.93,76.11,1,1,0.73553
190,4,302.05,618.62,52.21,108.3,1,1,0.8718
190,5,369.03,551.72,37.98,91.35,1,1,0.78333
190,8,378.34,565.68,48.11,103.46,1,1,0.82593
190,12,1428.62,627.01,64.53,102.26,1,1,0.8653
190,13,794.01,566.25,44.24,103.81,1,1,0.86662
190,15,434.83,518.67,48.53,96.18,1,1,0.82197
190,20,1302.69,428.57,51.17,86.2,1,1,0.83611
190,10,1531.07,456.13,36.63,94.36,1,1,0.83077
190,14,73.34,547.35,41.76,91.27,1,1,0.80762
190,27,128.37,577.3,45.56,92.7,1,1,0.83322
190,30,212.26,570.78,52.09,99.8,1,1,0.87045
190,32,1787.3,364.88,47.22,43.86,1,1,0.66499
190,33,1662.33,476.94,44.19,108.0,1,1,0.83191
190,9,445.25,638.91,73.19,100.78,1,1,0.87945
190,0,987.79,435.49,44.19,91.17,1,1,0.84067
190,11,1473.9,603.61,49.54,90.04,1,1,0.79673
190,7,1295.2,415.36,37.19,80.41,1,1,0.67169
191,2,882.21,504.72,52.67,82.66,1,1,0.82415
191,3,443.07,467.66,36.46,74.8,1,1,0.73157
191,4,302.66,617.93,50.48,107.72,1,1,0.86652
191,5,369.29,550.51,39.24,93.44,1,1,0.73166
191,8,377.84,564.35,49.03,104.61,1,1,0.81773
191,12,1429.99,626.48,63.37,102.73,1,1,0.86303
191,13,793.08,563.62,48.97,104.36,1,1,0.86825
191,15,437.61,518.01,47.92,97.16,1,1,0.81521
191,20,1302.51,424.96,55.26,88.11,1,1,0.83059
191,10,1534.15,452.91,35.97,96.11,1,1,0.83731
191,14,76.2,545.89,40.21,88.81,1,1,0.80983
191,27,131.75,576.67,43.18,92.86,1,1,0.83397
191,30,211.67,570.3,54.45,99.63,1,1,0.86816
191,33,1658.52,473.49,45.75,110.9,1,1,0.81837
191,9,453.7,637.84,65.21,101.11,1,1,0.86778
191,0,992.49,431.1,42.58,93.54,1,1,0.82502
191,11,1479.81,603.95,46.13,91.09,1,1,0.79028
191,7,1298.21,411.01,36.28,83.93,1,1,0.68623
192,2,886.39,502.49,48.92,84.01,1,1,0.83323
192,3,442.79,465.57,36.59,74.74,1,1,0.7251
192,4,304.39,617.16,48.37,107.21,1,1,0.86008
192,5,369.17,549.6,41.45,95.27,1,1,0.72598
192,8,377.68,563.28,49.35,105.2,1,1,0.82141
192,12,1433.23,626.48,57.72,101.77,1,1,0.85418
192,13,792.4,562.0,54.19,103.95,1,1,0.87996
192,15,440.43,517.6,45.78,97.9,1,1,0.80487
192,20,1303.13,421.28,57.72,87.5,1,1,0.81394
192,10,1536.09,450.29,36.93,95.93,1,1,0.81792
192,14,78.76,544.84,39.36,88.0,1,1,0.81977
192,27,133.06,575.86,42.34,93.13,1,1,0.84227
192,30,211.06,570.02,55.32,99.19,1,1,0.86799
192,33,1654.75,470.69,47.37,111.43,1,1,0.81192
192,9,464.07,636.09,54.39,102.25,1,1,0.8555
192,0,995.35,428.32,40.8,93.33,1,1,0.80805
192,11,1482.78,598.75,44.0,96.44,1,1,0.79538
193,2,889.43,501.22,46.13,85.1,1,1,0.83285
193,4,306.17,616.5,45.78,106.69,1,1,0.85315
193,5,368.49,548.71,44.52,95.41,1,1,0.70407
193,8,377.33,560.57,49.31,106.29,1,1,0.80426
193,12,1436.72,625.83,52.61,101.4,1,1,0.84634
193,13,791.01,559.91,60.13,103.81,1,1,0.88539
193,15,443.7,511.35,42.83,103.25,1,1,0.69898
193,20,1303.35,417.52,61.3,84.73,1,1,0.79154
193,10,1537.62,447.58,40.83,94.86,1,1,0.819
193,14,80.61,544.44,38.55,87.31,1,1,0.80513
193,27,133.43,574.79,42.34,93.42,1,1,0.84019
193,30,211.59,569.71,54.79,98.9,1,1,0.85995
193,33,1650.68,470.05,48.86,111.03,1,1,0.79697
193,9,473.02,634.4,46.64,103.52,1,1,0.84746
193,0,996.84,428.04,42.28,89.28,1,1,0.82749
193,11,1483.37,596.67,41.92,96.61,1,1,0.74028
193,28,1771.35,361.73,63.75,46.79,1,1,0.65592
193,7,1298.95,405.06,50.23,85.58,1,1,0.7071
194,2,893.47,499.23,41.8,86.79,1,1,0.84004
194,4,307.82,616.02,43.62,105.92,1,1,0.85445
194,5,367.52,547.32,49.25,94.76,1,1,0.74335
194,8,376.65,559.05,48.62,105.82,1,1,0.81002
194,12,1439.46,623.19,48.88,102.23,1,1,0.84336
194,13,791.62,558.82,62.47,101.81,1,1,0.88686
194,15,447.59,514.19,39.66,100.71,1,1,0.78432
194,20,1309.55,414.23,57.76,88.48,1,1,0.8186
194,10,1538.61,445.47,45.93,91.83,1,1,0.85325
194,14,82.13,544.15,38.04,86.62,1,1,0.82067
194,27,132.67,572.95,43.36,93.98,1,1,0.84605
194,30,212.2,569.61,53.56,98.35,1,1,0.86299
194,33,1646.66,471.61,47.77,107.08,1,1,0.79781
194,9,479.63,632.15,43.11,104.68,1,1,0.84851
194,0,997.49,428.95,45.5,83.15,1,1,0.85307
194,28,1773.47,355.38,64.91,53.06,1,1,0.75265
194,7,1300.1,402.69,46.92,81.78,1,1,0.7829
194,35,929.4,92.25,29.86,74.03,1,1,0.69718
194,36,1409.96,797.25,46.48,112.35,1,1,0.78943
194,37,1808.11,184.17,29.79,75.7,1,1,0.72131
194,3,441.76,462.56,35.03,75.27,1,1,0.68534
195,2,896.1,493.85,40.0,90.82,1,1,0.84664
195,4,308.18,615.14,42.18,105.66,1,1,0.8503
195,5,367.73,544.74,52.7,89.15,1,1,0.676
195,8,371.03,558.77,53.02,103.39,1,1,0.80678
195,12,1439.93,620.94,44.98,102.99,1,1,0.84162
195,13,792.35,558.38,62.11,99.76,1,1,0.88551
195,15,449.55,514.64,41.24,99.31,1,1,0.7875
195,20,1312.99,411.45,55.54,85.97,1,1,0.83424
195,10,1539.37,443.28,47.01,88.11,1,1,0.85664
195,14,83.89,543.32,37.37,86.8,1,1,0.81593
195,27,132.07,570.79,44.78,93.83,1,1,0.84621
195,30,215.38,569.48,50.89,97.67,1,1,0.85238
195,33,1642.43,472.73,46.44,104.56,1,1,0.79862
195,9,482.99,628.98,42.86,106.25,1,1,0.85545
195,0,999.81,424.77,46.66,83.81,1,1,0.85286
195,28,1776.53,353.96,63.52,52.82,1,1,0.75429
195,7,1301.98,400.97,43.59,77.07,1,1,0.79963
195,35,927.83,91.82,29.14,73.86,1,1,0.69738
195,36,1408.58,795.07,45.2,111.72,1,1,0.79876
195,37,1803.64,184.93,29.9,74.18,1,1,0.73394
195,3,439.91,461.43,35.75,82.28,1,1,0.77875
195,11,1485.59,587.59,40.76,95.35,1,1,0.81904
196,2,897.44,489.29,41.36,93.91,1,1,0.84702
196,4,309.42,614.72,41.11,105.16,1,1,0.85404
196,5,372.52,542.9,49.1,81.3,1,1,0.66081
196,8,368.0,556.57,55.17,102.67,1,1,0.82216
196,12,1439.87,616.83,43.95,104.9,1,1,0.84189
196,13,795.88,558.35,58.4,97.85,1,1,0.87439
196,15,450.1,515.92,43.17,97.25,1,1,0.80421
196,20,1316.58,407.88,51.87,84.86,1,1,0.82815
196,10,1541.46,441.9,45.5,85.75,1,1,0.85228
196,14,85.9,541.85,37.17,88.91,1,1,0.82808
196,27,131.23,569.05,47.32,93.71,1,1,0.85487
196,30,219.23,569.37,47.76,97.03,1,1,0.84699
196,33,1638.41,473.76,46.17,102.26,1,1,0.80556
196,9,485.74,625.9,43.72,107.13,1,1,0.85154
196,0,1003.13,421.25,44.68,86.28,1,1,0.85022
196,7,1306.02,398.7,40.07,78.33,1,1,0.75782
196,36,1407.62,792.83,43.82,110.8,1,1,0.67059
196,37,1799.3,185.94,29.62,72.44,1,1,0.65573
196,3,438.43,461.15,36.8,88.38,1,1,0.78875
196,11,1487.32,583.69,42.57,95.05,1,1,0.83998
197,2,899.15,486.13,40.35,96.53,1,1,0.85307
197,4,310.21,613.85,41.62,104.78,1,1,0.85131
197,8,366.31,556.29,56.24,100.8,1,1,0.83247
197,12,1438.78,614.1,43.15,105.34,1,1,0.83722
197,13,800.06,557.46,53.39,97.48,1,1,0.858
197,15,450.51,516.04,44.42,96.07,1,1,0.77876
197,20,1320.05,405.65,48.09,85.46,1,1,0.82423
197,10,1543.07,440.64,43.45,85.61,1,1,0.8462
197,14,88.79,540.12,36.29,89.17,1,1,0.81388
197,27,131.35,567.66,48.98,93.32,1,1,0.85002
197,30,223.01,568.65,44.98,96.94,1,1,0.83835
197,33,1633.06,472.31,46.52,102.98,1,1,0.81343
197,9,487.09,622.9,48.44,106.18,1,1,0.84792
197,0,1007.79,419.71,41.31,86.74,1,1,0.84438
197,7,1310.3,396.06,36.52,80.4,1,1,0.7713
197,37,1794.56,186.94,29.61,71.65,1,1,0.71853
197,3,437.03,461.21,37.82,89.46,1,1,0.79494
197,11,1485.98,580.96,47.98,93.09,1,1,0.84302
197,28,1778.39,355.57,67.21,49.76,1,1,0.71471
198,2,901.57,483.45,37.75,95.06,1,1,0.84808
198,4,311.04,613.15,43.95,104.43,1,1,0.8555
198,8,366.25,555.71,56.54,99.69,1,1,0.82782
198,12,1436.25,612.32,45.29,104.22,1,1,0.83244
198,13,806.08,555.5,47.62,98.56,1,1,0.83955
198,15,449.88,516.15,46.33,94.45,1,1,0.81636
198,20,1320.71,402.9,47.71,86.46,1,1,0.81373
198,10,1544.29,438.92,39.95,86.44,1,1,0.83556
198,14,91.18,537.95,36.35,91.13,1,1,0.81072
198,27,131.82,566.85,49.74,92.82,1,1,0.8486
198,30,226.15,567.7,43.28,97.69,1,1,0.83183
198,33,1628.51,472.59,45.79,102.19,1,1,0.81087
198,9,489.27,620.55,53.36,102.74,1,1,0.84338
198,0,1013.62,417.82,37.35,88.3,1,1,0.83771
198,7,1310.75,393.32,36.12,81.69,1,1,0.77174
198,37,1787.91,186.71,30.25,71.15,1,1,0.74
198,3,435.56,461.52,38.74,91.44,1,1,0.81589
198,11,1487.04,578.6,49.77,91.13,1,1,0.83203
198,28,1775.83,355.82,70.0,49.34,1,1,0.79683
198,1,469.39,483.81,30.81,50.74,1,1,0.69126
199,2,904.59,480.82,36.07,91.97,1,1,0.83273
199,4,311.21,612.03,47.4,104.11,1,1,0.85097
199,8,369.48,555.69,52.87,98.26,1,1,0.79494
199,12,1434.41,609.16,48.2,103.26,1,1,0.82114
199,13,811.83,553.22,42.63,100.09,1,1,0.83616
199,15,449.94,515.93,48.61,92.78,1,1,0.78585
199,20,1322.0,400.71,45.85,85.54,1,1,0.80611
199,10,1544.33,436.06,39.01,88.29,1,1,0.83305
199,14,93.63,535.25,36.57,92.85,1,1,0.79278
199,27,132.98,565.94,49.58,91.82,1,1,0.84356
199,30,228.69,566.17,42.6,98.18,1,1,0.82657
199,33,1624.22,472.82,44.18,101.16,1,1,0.79612
199,9,491.79,618.99,55.44,97.3,1,1,0.83483
199,0,1016.9,414.72,37.26,90.91,1,1,0.83416
199,7,1308.61,390.68,38.15,82.81,1,1,0.79356
199,37,1781.73,186.0,30.23,71.16,1,1,0.76298
199,3,434.12,461.19,40.64,93.27,1,1,0.80562
199,11,1487.96,576.86,49.73,90.76,1,1,0.82455
199,28,1773.07,355.24,72.01,49.47,1,1,0.80203
200,2,907.4,478.38,34.88,88.07,1,1,0.82889
200,4,310.93,611.42,49.23,103.73,1,1,0.85446
200,8,373.33,557.28,48.82,96.58,1,1,0.79583
200,12,1432.07,606.34,49.87,101.37,1,1,0.82051
200,13,816.71,551.31,38.75,100.56,1,1,0.8391
200,15,449.99,515.41,51.41,91.55,1,1,0.75242
200,20,1324.59,399.37,41.66,83.33,1,1,0.80585
200,10,1544.42,433.36,37.74,89.21,1,1,0.82706
200,14,91.99,532.87,40.86,94.44,1,1,0.79493
200,27,134.9,565.54,48.62,90.52,1,1,0.83683
200,30,229.35,564.23,43.93,99.05,1,1,0.83676
200,33,1618.98,471.55,44.11,101.89,1,1,0.80055
200,9,494.67,617.47,54.69,93.71,1,1,0.83951
200,0,1017.38,412.78,40.41,91.23,1,1,0.83968
200,7,1305.22,388.86,41.08,83.29,1,1,0.81958
200,3,433.1,461.07,41.56,94.44,1,1,0.80444
200,11,1491.45,575.55,45.96,91.41,1,1,0.82081
200,28,1769.79,353.98,68.97,49.82,1,1,0.78999
201,2,908.36,476.71,35.52,87.88,1,1,0.83462
201,4,310.87,611.33,49.69,102.94,1,1,0.85588
201,8,376.06,557.93,46.84,95.25,1,1,0.80998
201,12,1431.76,604.45,49.63,98.64,1,1,0.82448
201,13,817.41,547.72,37.79,101.45,1,1,0.83898
201,15,450.39,515.37,53.67,90.35,1,1,0.76684
201,20,1325.43,397.36,40.33,85.74,1,1,0.81012
201,10,1544.36,430.14,39.16,91.31,1,1,0.82951
201,14,92.57,530.51,43.19,93.98,1,1,0.77412
201,27,137.11,565.06,47.36,90.77,1,1,0.83954
201,30,229.42,562.51,44.18,100.0,1,1,0.85363
201,33,1614.32,470.95,44.22,102.08,1,1,0.81198
201,9,500.41,616.07,50.09,93.27,1,1,0.83327
201,0,1016.59,409.96,43.88,91.53,1,1,0.84851
201,7,1301.24,387.2,44.61,80.12,1,1,0.83137
201,3,431.85,460.58,42.36,95.17,1,1,0.82501
201,11,1494.31,573.9,41.8,92.77,1,1,0.81641
201,28,1767.22,353.3,60.74,49.47,1,1,0.77685
201,5,385.1,538.39,38.98,56.08,1,1,0.66991
201,1,477.27,479.31,29.13,64.27,1,1,0.66494
202,2,908.74,476.07,36.21,87.7,1,1,0.83161
202,4,310.5,611.05,50.14,102.47,1,1,0.85946
202,8,377.83,555.86,47.13,96.08,1,1,0.8227
202,12,1430.59,603.22,49.77,96.21,1,1,0.82859
202,13,818.02,544.78,37.67,102.17,1,1,0.84517
202,15,451.38,516.18,55.07,89.09,1,1,0.73533
202,20,1326.5,394.85,39.27,84.04,1,1,0.79949
202,10,1544.07,426.74,41.32,91.81,1,1,0.82281
202,14,93.62,528.72,44.73,92.48,1,1,0.77411
202,27,140.93,564.31,44.81,90.86,1,1,0.83391
202,30,229.26,560.5,44.52,100.93,1,1,0.85683
202,33,1610.27,469.82,44.46,102.02,1,1,0.80739
202,9,508.9,614.03,43.02,94.26,1,1,0.82777
202,0,1015.22,407.82,48.44,90.8,1,1,0.86161
202,7,1297.02,384.94,48.95,76.75,1,1,0.8371
202,3,430.99,459.91,42.75,95.31,1,1,0.8297
202,11,1497.01,571.68,39.41,93.86,1,1,0.82918
202,28,1763.89,353.15,55.48,49.42,1,1,0.79521
202,38,1611.88,447.61,40.2,54.65,1,1,0.65868
202,5,386.35,537.26,39.21,53.69,1,1,0.64799
202,1,480.48,476.12,30.1,69.37,1,1,0.68728
202,37,1766.62,186.36,28.63,70.31,1,1,0.65808
203,2,909.43,475.74,36.53,87.3,1,1,0.82941
203,4,309.63,610.3,50.5,102.94,1,1,0.85689
203,8,377.77,554.75,49.49,96.77,1,1,0.82149
203,12,1429.91,602.49,48.34,94.47,1,1,0.8243
203,13,817.62,544.31,39.82,100.47,1,1,0.84479
203,15,453.21,516.66,55.32,88.36,1,1,0.75452
203,20,1325.45,391.93,41.51,82.25,1,1,0.7895
203,10,1543.1,424.4,43.61,90.61,1,1,0.82463
203,14,93.26,527.47,47.72,93.39,1,1,0.78337
203,27,145.49,562.92,42.02,92.08,1,1,0.82888
203,30,229.29,559.19,44.4,101.06,1,1,0.85265
203,33,1605.56,469.25,44.03,102.02,1,1,0.78705
203,9,515.55,611.52,42.3,96.63,1,1,0.81389
203,0,1015.08,406.3,52.03,87.15,1,1,0.86533
203,7,1294.68,382.67,51.9,73.28,1,1,0.80471
203,3,429.44,459.23,42.64,94.93,1,1,0.82563
203,11,1499.2,569.06,38.06,94.38,1,1,0.82464
203,28,1762.94,354.23,53.31,48.28,1,1,0.68766
203,1,484.49,473.19,30.03,80.08,1,1,0.65805
203,37,1760.24,185.63,28.54,71.31,1,1,0.73626
204,2,911.22,475.57,36.69,89.32,1,1,0.83868
204,4,309.32,609.47,50.35,103.31,1,1,0.8586
204,8,377.24,554.81,51.77,96.25,1,1,0.84382
204,12,1429.44,601.64,46.22,94.47,1,1,0.82612
204,13,818.2,542.12,42.24,99.53,1,1,0.84598
204,15,456.07,518.51,54.18,85.82,1,1,0.79891
204,20,1326.17,390.6,44.64,78.08,1,1,0.79021
204,10,1542.04,422.34,44.54,89.23,1,1,0.82759
204,14,95.43,527.25,47.54,92.87,1,1,0.78364
204,27,149.93,561.79,40.14,92.51,1,1,0.83054
204,30,229.59,558.2,44.08,100.09,1,1,0.85245
204,33,1601.25,470.16,42.55,100.1,1,1,0.79209
204,9,520.29,608.72,41.48,98.85,1,1,0.82773
204,0,1015.45,405.36,54.02,82.37,1,1,0.85972
204,7,1295.21,381.45,52.67,70.36,1,1,0.79545
204,3,427.91,458.53,42.52,94.86,1,1,0.82943
204,11,1500.56,566.11,38.0,94.12,1,1,0.83381
204,1,487.84,471.02,32.76,86.67,1,1,0.69622
204,36,1383.88,781.52,51.73,106.81,1,1,0.64558
204,38,1602.01,444.7,40.8,52.81,1,1,0.67317
204,5,387.47,533.55,42.26,63.36,1,1,0.67327
205,2,913.36,474.8,35.52,89.99,1,1,0.84425
205,4,309.21,608.53,50.42,103.29,1,1,0.86067
205,8,375.5,554.95,54.48,95.94,1,1,0.84082
205,12,1428.08,600.87,44.77,94.06,1,1,0.84143
205,13,819.24,540.3,43.3,98.31,1,1,0.84039
205,15,460.75,517.78,50.45,85.72,1,1,0.77297
205,20,1327.81,389.58,45.22,74.14,1,1,0.80392
205,10,1541.07,421.69,45.19,85.64,1,1,0.83158
205,14,95.86,526.23,49.42,93.26,1,1,0.81504
205,27,152.52,559.92,39.27,93.54,1,1,0.83077
205,30,230.26,558.01,44.57,99.06,1,1,0.84578
205,33,1596.87,471.09,41.44,98.45,1,1,0.80309
205,9,522.83,605.32,41.94,102.1,1,1,0.82717
205,0,1015.37,404.99,56.07,80.15,1,1,0.86843
205,7,1296.94,379.88,52.0,70.58,1,1,0.81123
205,3,427.39,457.25,41.9,93.85,1,1,0.82845
205,11,1500.15,563.2,40.1,94.99,1,1,0.84687
205,38,1596.81,443.92,41.82,51.49,1,1,0.68722
205,5,388.75,531.36,43.0,71.08,1,1,0.66863
206,2,914.37,474.03,34.95,90.83,1,1,0.84191
206,4,309.54,607.77,49.25,102.9,1,1,0.86004
206,8,374.61,556.09,55.77,94.41,1,1,0.84456
206,12,1425.5,598.45,44.75,94.86,1,1,0.83725
206,13,820.48,539.54,44.03,97.52,1,1,0.83834
206,20,1327.07,387.89,48.89,73.76,1,1,0.79589
206,10,1541.42,421.14,43.6,82.69,1,1,0.82137
206,14,99.73,526.07,48.27,91.95,1,1,0.80869
206,27,154.19,558.41,39.29,93.36,1,1,0.82714
206,30,231.3,557.72,44.2,96.82,1,1,0.84531
206,33,1592.76,470.76,42.12,98.15,1,1,0.80183
206,9,524.28,601.83,42.5,103.28,1,1,0.83222
206,0,1018.5,404.93,53.87,79.82,1,1,0.8596
206,7,1299.02,378.91,50.62,71.58,1,1,0.79544
206,3,426.91,456.1,41.47,93.1,1,1,0.82779
206,11,1499.29,561.12,43.35,93.56,1,1,0.84531
206,38,1591.55,443.68,41.21,51.65,1,1,0.65654
206,5,390.21,529.86,43.16,78.45,1,1,0.72063
207,2,916.11,472.8,34.16,85.48,1,1,0.8346
207,4,311.23,607.24,46.67,101.72,1,1,0.85697
207,8,374.1,558.02,57.14,91.91,1,1,0.83854
207,12,1422.76,595.41,45.8,96.15,1,1,0.83445
207,13,822.44,539.7,42.25,95.84,1,1,0.84012
207,20,1327.85,385.94,49.83,76.06,1,1,0.78212
207,10,1541.64,420.46,41.05,81.67,1,1,0.81981
207,14,106.86,526.0,43.75,90.86,1,1,0.79869
207,27,155.48,557.33,40.4,92.82,1,1,0.83081
207,30,233.17,557.87,43.53,93.72,1,1,0.84029
207,33,1587.73,470.1,42.43,97.84,1,1,0.7993
207,9,526.22,598.47,45.04,103.8,1,1,0.82921
207,0,1023.32,404.81,50.71,79.95,1,1,0.85451
207,7,1304.27,378.35,47.26,73.77,1,1,0.74521
207,3,426.72,455.28,42.09,92.89,1,1,0.81334
207,11,1497.61,558.84,49.09,92.73,1,1,0.84473
207,38,1587.27,444.22,41.89,53.14,1,1,0.67563
207,5,391.79,528.29,43.36,83.01,1,1,0.74885
207,15,472.63,516.1,40.72,86.06,1,1,0.68098
208,2,917.02,471.61,33.38,84.39,1,1,0.83401
208,4,313.33,606.31,44.43,101.55,1,1,0.8539
208,8,373.51,558.9,58.56,90.73,1,1,0.84178
208,12,1419.06,592.75,46.71,97.41,1,1,0.82722
208,13,824.76,539.51,40.12,94.93,1,1,0.8268
208,20,1328.91,383.22,49.04,78.57,1,1,0.77135
208,10,1541.69,419.31,39.0,82.19,1,1,0.80782
208,14,113.54,525.31,39.4,90.74,1,1,0.799
208,27,156.9,557.06,41.56,91.47,1,1,0.82857
208,30,234.55,557.73,43.81,91.45,1,1,0.82762
208,33,1583.13,470.29,42.84,96.66,1,1,0.80507
208,9,528.25,596.11,49.67,102.15,1,1,0.81396
208,0,1028.11,403.75,47.76,80.74,1,1,0.85156
208,7,1309.2,375.09,44.0,75.78,1,1,0.73955
208,3,426.34,454.47,42.76,92.97,1,1,0.80253
208,11,1497.7,557.47,51.2,90.17,1,1,0.83221
208,38,1583.65,444.39,40.29,52.14,1,1,0.67072
208,5,393.6,527.27,43.04,85.66,1,1,0.68426
208,15,476.41,513.37,39.54,88.31,1,1,0.74486
208,37,1734.56,187.59,29.12,72.86,1,1,0.69326
209,2,917.22,469.29,33.75,86.19,1,1,0.84061
209,4,316.13,605.7,41.44,101.24,1,1,0.85386
209,8,373.61,560.2,58.16,88.08,1,1,0.84798
209,12,1414.73,590.66,48.25,98.99,1,1,0.82401
209,13,826.82,538.92,37.76,94.49,1,1,0.83717
209,20,1329.52,379.16,47.93,83.08,1,1,0.78513
209,10,1540.37,417.05,37.78,84.09,1,1,0.80888
209,14,118.82,523.49,38.34,91.78,1,1,0.80698
209,27,158.6,557.32,41.72,89.96,1,1,0.83231
209,30,236.24,557.55,44.47,90.22,1,1,0.82701
209,33,1579.12,470.05,42.25,96.02,1,1,0.80954
209,9,530.27,594.21,53.43,98.72,1,1,0.8306
209,0,1033.38,402.0,43.52,82.34,1,1,0.84939
209,7,1312.3,369.75,39.9,80.86,1,1,0.76477
209,3,425.95,453.57,43.2,93.35,1,1,0.8187
209,11,1498.09,556.31,51.89,88.59,1,1,0.83395
209,38,1579.64,444.36,39.22,51.75,1,1,0.67729
209,5,395.16,527.16,41.73,86.16,1,1,0.7227
209,15,478.33,510.33,40.39,89.98,1,1,0.76942
209,1,503.4,469.72,31.65,87.75,1,1,0.69654
210,2,917.11,467.48,34.12,85.15,1,1,0.8402
210,4,318.42,604.69,39.35,101.67,1,1,0.85573
210,8,373.9,560.71,58.08,86.6,1,1,0.85376
210,12,1410.75,589.44,49.06,95.09,1,1,0.83467
210,13,831.03,538.2,34.88,94.43,1,1,0.83852
210,20,1331.52,374.69,46.21,86.95,1,1,0.79928
210,10,1538.9,414.62,36.1,84.41,1,1,0.80018
210,14,122.08,521.33,38.75,93.21,1,1,0.81847
210,27,159.72,557.28,41.85,88.86,1,1,0.83902
210,30,237.91,556.57,44.4,91.89,1,1,0.83304
210,33,1574.35,470.08,42.18,95.48,1,1,0.8167
210,9,531.73,593.04,55.01,96.77,1,1,0.80474
210,0,1037.54,399.94,40.74,83.63,1,1,0.8546
210,7,1313.81,366.85,37.71,81.09,1,1,0.77531
210,3,425.88,452.26,43.77,94.32,1,1,0.8266
210,11,1500.3,555.57,48.91,88.15,1,1,0.83295
210,38,1575.29,442.85,37.33,52.1,1,1,0.69464
210,5,397.76,526.29,39.56,84.02,1,1,0.65763
210,15,480.15,507.13,40.47,90.59,1,1,0.74243
210,1,504.95,468.62,33.71,88.88,1,1,0.74526
