1,0,1786.17,291.61,94.59,236.52,1,1,0.92457
1,1,46.67,475.4,145.88,214.33,1,1,0.92403
1,2,620.27,497.9,168.81,225.48,1,1,0.91679
1,3,1149.33,508.0,180.3,202.08,1,1,0.91531
1,4,887.9,370.83,166.87,159.4,1,1,0.91411
1,5,1463.88,365.36,120.14,216.78,1,1,0.90874
1,6,1097.87,360.93,140.94,164.05,1,1,0.90609
1,7,1448.93,601.73,104.01,278.03,1,1,0.90503
1,8,1291.24,318.53,136.48,166.94,1,1,0.90451
1,9,70.32,246.97,86.52,230.7,1,1,0.90443
1,10,625.9,164.3,126.21,218.83,1,1,0.90279
1,11,883.81,145.19,110.81,245.56,1,1,0.89669
1,12,701.88,360.17,133.49,161.13,1,1,0.89547
1,13,276.1,258.58,94.17,270.85,1,1,0.89356
1,14,766.39,401.58,128.55,188.02,1,1,0.89259
1,15,453.09,405.95,112.61,180.51,1,1,0.8871
1,16,545.14,332.99,131.09,183.77,1,1,0.88598
1,17,353.4,240.48,88.44,226.23,1,1,0.88544
1,18,0.01,662.88,41.63,294.97,1,1,0.86105
1,19,1236.62,417.19,123.99,157.33,1,1,0.84774
2,0,1786.51,290.41,94.21,237.05,1,1,0.92654
2,1,46.94,474.35,145.58,214.81,1,1,0.92343
2,2,620.6,497.32,168.18,225.45,1,1,0.91608
2,3,1149.41,506.85,180.21,202.73,1,1,0.91398
2,4,888.15,369.24,167.28,160.49,1,1,0.91743
2,5,1465.1,365.19,119.18,216.33,1,1,0.90948
2,6,1098.14,360.02,140.53,164.38,1,1,0.90762
2,7,1449.27,601.37,104.39,277.84,1,1,0.90534
2,8,1291.19,317.48,136.5,167.37,1,1,0.90495
2,9,70.02,245.68,86.23,231.12,1,1,0.90703
2,10,626.9,163.74,125.42,219.01,1,1,0.9028
2,11,883.83,144.75,110.99,244.92,1,1,0.89647
2,12,701.9,359.36,135.16,161.1,1,1,0.89825
2,13,275.72,257.98,94.29,270.7,1,1,0.89416
2,14,766.68,401.47,128.27,186.85,1,1,0.89522
2,15,453.59,405.22,112.4,180.27,1,1,0.88528
2,16,544.22,330.78,132.21,185.84,1,1,0.88655
2,17,353.08,239.83,88.71,225.83,1,1,0.88592
2,18,0.04,662.7,41.54,294.34,1,1,0.86272
2,19,1238.02,417.71,122.93,156.71,1,1,0.84564
3,0,1786.49,289.91,94.24,237.67,1,1,0.92619
3,1,47.02,474.03,145.51,215.19,1,1,0.92384
3,2,620.8,497.75,168.08,224.8,1,1,0.91514
3,3,1149.83,506.36,179.79,203.1,1,1,0.91458
3,4,888.49,368.73,167.01,161.15,1,1,0.91598
3,5,1465.84,365.05,118.61,216.21,1,1,0.90905
3,6,1098.18,359.73,140.79,164.51,1,1,0.90684
3,7,1449.34,600.73,105.08,277.95,1,1,0.90551
3,8,1291.28,317.48,136.75,167.54,1,1,0.90394
3,9,70.09,245.66,85.97,230.87,1,1,0.90661
3,10,626.88,163.49,125.58,218.97,1,1,0.90218
3,11,884.01,144.22,111.03,244.85,1,1,0.89531
3,12,701.96,359.2,134.85,160.76,1,1,0.89895
3,13,275.76,257.94,94.25,270.6,1,1,0.89413
3,14,766.62,401.2,128.19,187.05,1,1,0.89486
3,15,453.93,404.68,112.1,180.38,1,1,0.88549
3,16,543.87,330.4,132.83,186.08,1,1,0.88582
3,17,353.01,239.56,88.93,225.83,1,1,0.88472
3,18,0.13,663.71,41.57,292.92,1,1,0.86324
3,19,1238.0,416.93,123.3,157.24,1,1,0.84093
4,0,1786.52,289.67,94.21,238.07,1,1,0.92535
4,1,47.14,473.7,145.26,215.09,1,1,0.92399
4,2,621.06,497.87,168.1,224.25,1,1,0.91522
4,3,1149.8,505.6,180.0,203.44,1,1,0.91535
4,4,888.65,368.34,166.83,161.99,1,1,0.91503
4,5,1465.91,364.53,118.71,216.5,1,1,0.91069
4,6,1098.23,359.37,140.72,164.55,1,1,0.90598
4,7,1450.06,600.28,104.75,277.8,1,1,0.90634
4,8,1291.71,317.48,136.52,167.23,1,1,0.90372
4,9,70.26,245.51,85.73,230.54,1,1,0.90713
4,10,626.42,163.13,125.92,218.69,1,1,0.90296
4,11,884.07,143.57,111.02,245.1,1,1,0.89603
4,12,702.05,358.82,135.8,160.57,1,1,0.89953
4,13,275.72,257.67,94.42,270.8,1,1,0.89401
4,14,766.79,402.64,128.58,185.36,1,1,0.89613
4,15,454.27,404.12,111.98,180.58,1,1,0.88593
4,16,543.67,330.18,133.21,185.68,1,1,0.88734
4,17,353.15,239.47,88.94,225.53,1,1,0.88479
4,18,0.16,664.4,42.14,291.97,1,1,0.86295
4,19,1238.35,416.01,122.99,157.71,1,1,0.84263
5,0,1786.62,289.65,93.99,237.98,1,1,0.92721
5,1,46.83,473.23,145.3,214.92,1,1,0.92381
5,2,621.42,497.1,167.53,224.59,1,1,0.91422
5,3,1150.33,504.52,179.67,204.27,1,1,0.91524
5,4,888.78,367.66,166.32,162.95,1,1,0.91496
5,5,1465.79,363.85,119.0,216.8,1,1,0.91109
5,6,1098.43,358.82,140.62,164.95,1,1,0.90632
5,7,1450.35,599.49,104.54,278.56,1,1,0.90742
5,8,1291.56,317.07,136.87,167.15,1,1,0.9038
5,9,70.43,245.6,85.73,230.18,1,1,0.91
5,10,626.37,162.59,126.13,218.75,1,1,0.90324
5,11,884.42,142.58,110.75,245.36,1,1,0.89285
5,12,702.48,358.6,135.65,160.57,1,1,0.89933
5,13,275.66,257.18,94.74,270.57,1,1,0.89473
5,14,767.12,402.87,128.74,184.75,1,1,0.89612
5,15,454.01,403.76,112.24,181.43,1,1,0.88359
5,16,543.23,329.64,133.9,186.19,1,1,0.88786
5,17,353.3,238.87,88.95,225.9,1,1,0.88575
5,18,0.15,665.33,42.66,290.87,1,1,0.85991
5,19,1238.49,415.26,123.13,157.77,1,1,0.8457
6,0,1786.69,289.93,93.87,237.38,1,1,0.92672
6,1,46.56,472.58,145.59,214.76,1,1,0.92271
6,2,622.02,496.59,166.72,224.44,1,1,0.915
6,3,1150.78,503.54,179.43,204.46,1,1,0.91544
6,4,888.67,366.54,167.19,163.9,1,1,0.91612
6,5,1465.76,363.17,119.06,217.02,1,1,0.91198
6,6,1098.32,358.31,140.37,164.89,1,1,0.90679
6,7,1450.86,598.64,103.83,278.72,1,1,0.90698
6,8,1291.67,316.6,136.69,166.85,1,1,0.90542
6,9,70.59,245.18,86.09,229.75,1,1,0.91007
6,10,625.98,161.89,126.21,218.32,1,1,0.90375
6,11,884.78,141.38,110.32,245.87,1,1,0.89548
6,12,702.5,358.23,136.13,160.32,1,1,0.8997
6,13,275.35,256.47,95.27,270.43,1,1,0.89411
6,14,767.35,403.63,128.28,183.54,1,1,0.89649
6,15,454.11,402.98,112.23,181.32,1,1,0.88735
6,16,543.35,329.12,134.03,185.62,1,1,0.89093
6,17,353.59,238.46,88.77,225.54,1,1,0.8887
6,18,0.15,665.57,42.89,290.39,1,1,0.85862
6,19,1238.71,415.05,123.33,157.34,1,1,0.8479
7,0,1786.65,290.15,94.0,237.08,1,1,0.92469
7,1,46.23,472.32,145.91,214.69,1,1,0.92145
7,2,622.53,496.01,166.2,224.64,1,1,0.91523
7,3,1150.85,502.81,179.59,204.73,1,1,0.91466
7,4,888.72,366.11,167.4,164.29,1,1,0.9155
7,5,1465.64,362.61,119.13,217.28,1,1,0.91153
7,6,1098.13,357.99,140.41,164.89,1,1,0.90771
7,7,1451.37,597.94,103.84,279.34,1,1,0.90568
7,8,1291.5,316.19,136.99,167.0,1,1,0.90538
7,9,70.43,244.96,86.37,229.7,1,1,0.90939
7,10,626.08,161.49,126.09,218.24,1,1,0.90384
7,11,885.05,140.9,110.01,246.23,1,1,0.89539
7,12,702.52,357.76,135.81,160.35,1,1,0.9
7,13,275.21,256.0,95.75,270.52,1,1,0.8934
7,14,767.5,403.65,128.33,183.35,1,1,0.89519
7,15,454.26,402.6,112.34,180.64,1,1,0.8865
7,16,543.65,328.6,133.94,185.45,1,1,0.89045
7,17,353.48,238.14,88.92,225.42,1,1,0.88985
7,18,0.15,665.16,43.2,290.53,1,1,0.86046
7,19,1238.87,414.85,123.25,157.1,1,1,0.84898
8,0,1786.55,290.07,94.18,237.27,1,1,0.92097
8,1,46.15,472.05,146.12,214.6,1,1,0.92008
8,2,622.94,495.71,165.91,224.54,1,1,0.91582
8,3,1150.86,502.4,179.75,204.79,1,1,0.91638
8,4,888.9,365.71,167.54,164.31,1,1,0.91525
8,5,1465.47,362.18,119.08,217.38,1,1,0.91028
8,6,1098.21,357.49,140.23,165.09,1,1,0.90673
8,7,1451.77,597.5,103.52,279.68,1,1,0.9052
8,8,1291.46,315.75,137.18,167.18,1,1,0.90551
8,9,70.32,244.45,86.63,229.8,1,1,0.90713
8,10,626.24,160.92,125.92,218.74,1,1,0.90383
8,11,885.12,140.73,109.96,246.04,1,1,0.89546
8,12,702.67,357.4,136.18,160.14,1,1,0.90112
8,13,275.09,255.64,95.91,270.49,1,1,0.8931
8,14,767.5,404.32,128.29,182.37,1,1,0.89621
8,15,454.41,402.18,112.77,181.27,1,1,0.88805
8,16,543.81,328.03,134.01,185.29,1,1,0.89203
8,17,353.37,238.04,89.09,225.08,1,1,0.88968
8,18,0.13,664.99,43.26,290.26,1,1,0.8608
8,19,1239.1,414.89,123.48,156.68,1,1,0.84962
9,0,1786.57,289.28,94.25,237.77,1,1,0.91863
9,1,46.37,471.89,146.14,214.12,1,1,0.91883
9,2,623.29,495.19,165.56,224.59,1,1,0.91587
9,3,1150.6,501.69,180.1,205.39,1,1,0.91649
9,4,889.23,364.44,167.41,165.56,1,1,0.91484
9,5,1464.9,361.76,119.71,217.47,1,1,0.90875
9,6,1098.55,356.57,139.99,165.44,1,1,0.90713
9,7,1452.0,596.72,103.59,280.07,1,1,0.9043
9,8,1291.43,314.59,137.37,168.06,1,1,0.90508
9,9,70.26,244.22,86.98,229.71,1,1,0.90551
9,10,626.27,160.25,126.25,219.78,1,1,0.90319
9,11,885.21,140.19,110.44,245.8,1,1,0.89375
9,12,702.76,356.75,136.87,160.17,1,1,0.90337
9,13,275.4,254.63,96.23,271.43,1,1,0.89186
9,14,767.55,404.77,128.56,181.09,1,1,0.89772
9,15,454.27,401.21,112.95,182.35,1,1,0.88781
9,16,544.0,326.9,133.97,185.83,1,1,0.89086
9,17,353.15,237.38,89.52,225.48,1,1,0.88965
9,18,0.14,665.5,43.0,289.5,1,1,0.86109
9,19,1239.64,414.57,123.73,157.16,1,1,0.85387
10,0,1786.58,289.16,94.07,236.68,1,1,0.92159
10,1,46.72,471.5,146.4,213.96,1,1,0.91936
10,2,623.52,494.78,165.68,224.39,1,1,0.91706
10,3,1150.33,501.67,180.51,205.2,1,1,0.91698
10,4,889.16,363.97,167.59,165.54,1,1,0.916
10,5,1464.99,361.5,119.86,217.39,1,1,0.90961
10,6,1098.78,356.25,139.9,165.39,1,1,0.90686
10,7,1452.37,596.08,103.64,280.03,1,1,0.90211
10,8,1291.31,314.26,137.41,167.63,1,1,0.90416
10,9,70.33,244.05,87.28,229.36,1,1,0.90466
10,10,626.1,159.84,126.53,220.28,1,1,0.9035
10,11,885.1,139.93,110.76,245.71,1,1,0.89609
10,12,702.53,356.38,137.85,159.8,1,1,0.90552
10,13,275.68,254.47,95.91,271.34,1,1,0.8916
10,14,767.49,405.52,128.72,179.92,1,1,0.89847
10,15,454.02,400.87,113.4,182.28,1,1,0.88826
10,16,544.38,326.41,133.91,185.56,1,1,0.89299
10,17,352.87,237.33,89.9,225.04,1,1,0.88791
10,18,0.14,665.1,42.99,289.7,1,1,0.85913
10,19,1240.38,414.39,123.18,157.14,1,1,0.85206
11,0,1786.51,288.97,94.26,236.34,1,1,0.91873
11,1,46.64,471.02,146.37,214.15,1,1,0.91881
11,2,623.7,494.33,165.74,224.67,1,1,0.91645
11,3,1150.18,501.34,181.26,205.5,1,1,0.91771
11,4,889.34,363.9,167.57,165.44,1,1,0.91522
11,5,1464.66,361.6,120.57,217.14,1,1,0.91003
11,6,1098.96,356.09,140.06,165.51,1,1,0.90687
11,7,1452.81,595.89,103.55,280.03,1,1,0.90383
11,8,1291.15,314.05,137.76,167.49,1,1,0.90369
11,9,70.47,244.06,87.38,229.12,1,1,0.90694
11,10,626.11,159.87,126.63,220.34,1,1,0.90391
11,11,885.12,139.86,110.73,245.61,1,1,0.89668
11,12,702.53,356.25,138.26,159.72,1,1,0.90609
11,13,275.82,254.28,95.99,271.25,1,1,0.89252
11,14,767.47,405.62,128.78,179.69,1,1,0.89873
11,15,453.99,400.61,113.58,182.41,1,1,0.88864
11,16,544.64,325.96,133.75,185.82,1,1,0.8934
11,17,353.03,237.16,89.9,225.03,1,1,0.88871
11,18,0.18,663.81,42.94,290.73,1,1,0.85856
11,19,1239.93,414.46,123.5,156.55,1,1,0.8528
12,0,1786.65,288.95,94.18,236.12,1,1,0.91709
12,1,46.28,470.8,146.4,214.09,1,1,0.91938
12,2,623.58,494.18,165.96,224.68,1,1,0.91662
12,3,1149.93,501.17,182.0,205.68,1,1,0.91862
12,4,889.29,363.71,167.84,165.57,1,1,0.91539
12,5,1464.07,361.76,121.56,216.98,1,1,0.91006
12,6,1098.94,356.1,140.47,165.58,1,1,0.90649
12,7,1453.11,595.96,103.17,280.07,1,1,0.90526
12,8,1291.17,313.94,137.96,167.56,1,1,0.90308
12,9,70.62,243.96,87.11,228.63,1,1,0.90768
12,10,626.0,159.88,126.8,220.4,1,1,0.90401
12,11,885.36,139.79,110.55,245.54,1,1,0.89647
12,12,702.24,356.22,138.31,159.61,1,1,0.90735
12,13,275.98,254.28,95.73,271.08,1,1,0.89263
12,14,767.52,405.47,128.82,179.74,1,1,0.8985
12,15,454.41,400.4,113.26,182.61,1,1,0.89072
12,16,544.76,325.83,133.65,185.87,1,1,0.89394
12,17,353.15,236.96,89.81,225.26,1,1,0.88838
12,18,0.14,662.63,43.11,291.64,1,1,0.85895
12,19,1239.36,415.04,124.04,155.56,1,1,0.85528
13,0,1786.79,288.83,94.11,236.45,1,1,0.91638
13,1,46.39,470.41,146.48,214.26,1,1,0.91808
13,2,624.05,494.16,165.83,224.67,1,1,0.91614
13,3,1150.15,500.93,182.16,205.96,1,1,0.9184
13,4,889.29,363.55,168.11,165.58,1,1,0.91508
13,5,1463.85,361.67,122.27,217.12,1,1,0.90881
13,6,1098.98,355.91,140.78,165.75,1,1,0.90608
13,7,1453.36,595.59,103.15,280.45,1,1,0.9045
13,8,1291.28,313.79,137.94,167.67,1,1,0.90252
13,9,70.59,243.92,87.2,228.46,1,1,0.90768
13,10,626.06,159.81,127.0,220.42,1,1,0.90341
13,11,885.55,139.65,110.49,245.61,1,1,0.89678
13,12,702.11,356.31,138.48,159.36,1,1,0.90645
13,13,275.95,254.27,95.73,271.08,1,1,0.89223
13,14,767.66,404.61,128.82,180.51,1,1,0.89677
13,15,454.39,400.48,113.25,182.44,1,1,0.89057
13,16,544.87,325.88,133.57,185.98,1,1,0.89267
13,17,353.4,236.84,89.59,225.42,1,1,0.88805
13,18,0.16,661.98,43.28,292.23,1,1,0.86024
13,19,1239.25,415.71,124.21,155.08,1,1,0.85657
14,0,1786.75,288.77,94.23,236.7,1,1,0.91574
14,1,46.32,470.09,146.39,214.39,1,1,0.9173
14,2,623.76,494.04,165.87,224.65,1,1,0.91597
14,3,1150.3,500.6,181.91,206.23,1,1,0.91812
14,4,889.23,363.35,168.23,165.46,1,1,0.91486
14,5,1463.27,361.44,122.63,217.29,1,1,0.90895
14,6,1098.79,355.73,141.1,165.82,1,1,0.9055
14,7,1453.53,595.35,103.13,280.68,1,1,0.90185
14,8,1291.33,313.68,137.81,167.66,1,1,0.90163
14,9,70.3,243.83,87.33,228.47,1,1,0.90564
14,10,625.83,159.75,127.11,220.23,1,1,0.90318
14,11,885.74,139.48,110.45,245.53,1,1,0.89637
14,12,701.92,356.3,138.8,159.26,1,1,0.90547
14,13,275.69,254.17,95.63,271.17,1,1,0.89173
14,14,767.72,404.0,128.67,180.88,1,1,0.8963
14,15,454.36,400.45,113.0,182.51,1,1,0.89051
14,16,544.89,325.96,133.67,185.64,1,1,0.89351
14,17,353.09,236.79,89.79,225.29,1,1,0.88737
14,18,0.05,660.75,42.98,293.31,1,1,0.85629
14,19,1239.36,415.92,123.51,154.71,1,1,0.85306
15,0,1786.83,288.49,94.24,237.01,1,1,0.91419
15,1,46.36,469.93,146.47,214.59,1,1,0.91732
15,2,624.26,493.89,165.41,224.62,1,1,0.91537
15,3,1150.41,500.37,181.92,206.28,1,1,0.91783
15,4,889.22,363.34,168.32,165.37,1,1,0.91477
15,5,1463.05,361.16,123.02,217.44,1,1,0.90865
15,6,1098.84,355.53,141.14,165.79,1,1,0.9057
15,7,1453.55,595.07,103.25,280.88,1,1,0.90311
15,8,1291.2,313.48,137.94,167.7,1,1,0.90194
15,9,70.45,243.75,87.04,228.38,1,1,0.906
15,10,625.88,159.94,127.07,219.93,1,1,0.90295
15,11,885.96,139.56,110.4,245.43,1,1,0.89555
15,12,701.8,356.24,138.91,159.39,1,1,0.90565
15,13,275.78,253.97,95.4,271.33,1,1,0.89093
15,14,767.78,403.82,128.74,180.91,1,1,0.89593
15,15,454.41,400.38,112.94,182.59,1,1,0.88988
15,16,544.91,326.08,133.77,185.27,1,1,0.89301
15,17,353.18,236.58,89.76,225.47,1,1,0.88634
15,18,0.1,660.18,42.88,293.93,1,1,0.85589
15,19,1239.65,416.3,122.89,154.27,1,1,0.85224
16,0,1786.78,288.44,94.29,236.65,1,1,0.91461
16,1,46.32,469.82,146.65,214.65,1,1,0.91756
16,2,624.43,493.72,165.03,224.34,1,1,0.91585
16,3,1150.64,500.24,181.64,206.03,1,1,0.91758
16,4,889.09,363.46,168.41,165.24,1,1,0.91466
16,5,1462.99,361.1,122.98,217.34,1,1,0.90936
16,6,1098.79,355.52,141.17,165.49,1,1,0.90617
16,7,1453.48,595.04,103.34,280.74,1,1,0.9038
16,8,1291.2,313.38,137.87,167.65,1,1,0.90189
16,9,70.59,243.69,86.64,228.28,1,1,0.90543
16,10,625.82,160.08,127.11,219.58,1,1,0.90268
16,11,886.01,139.56,110.24,245.32,1,1,0.89598
16,12,701.61,356.1,138.79,159.38,1,1,0.90556
16,13,275.96,253.83,95.11,271.4,1,1,0.89094
16,14,767.74,403.61,128.91,181.05,1,1,0.89578
16,15,454.51,400.28,112.82,182.6,1,1,0.89053
16,16,544.81,326.14,133.9,184.96,1,1,0.89278
16,17,353.43,236.36,89.47,225.62,1,1,0.88644
16,18,0.08,659.76,42.77,294.26,1,1,0.85619
16,19,1239.77,416.51,122.44,153.93,1,1,0.8515
17,0,1786.82,288.57,94.27,236.61,1,1,0.91419
17,1,46.32,469.95,146.63,214.68,1,1,0.91692
17,2,624.35,493.89,165.42,224.41,1,1,0.91543
17,3,1150.67,500.47,181.37,206.1,1,1,0.91684
17,4,889.23,364.03,168.62,164.78,1,1,0.91471
17,5,1462.77,361.24,123.47,217.52,1,1,0.90953
17,6,1098.77,355.69,141.33,165.49,1,1,0.90564
17,7,1453.44,595.34,103.56,280.84,1,1,0.90369
17,8,1290.82,313.77,138.36,167.36,1,1,0.90122
17,9,70.59,243.86,86.7,228.31,1,1,0.905
17,10,625.76,160.36,127.17,219.16,1,1,0.90335
17,11,886.11,139.59,110.08,245.44,1,1,0.89479
17,12,701.72,356.33,138.72,159.17,1,1,0.90605
17,13,276.06,254.06,95.03,271.1,1,1,0.89093
17,14,767.83,403.91,128.96,181.04,1,1,0.89602
17,15,454.5,400.28,112.91,183.05,1,1,0.89055
17,16,544.72,326.52,134.15,184.87,1,1,0.89362
17,17,353.51,236.38,89.35,225.73,1,1,0.88581
17,18,0.11,660.06,42.8,294.14,1,1,0.85785
17,19,1239.6,416.94,122.42,153.37,1,1,0.85293
18,0,1787.19,288.7,94.84,237.22,1,1,0.91387
18,1,46.62,470.28,147.12,215.06,1,1,0.91767
18,2,624.77,494.22,165.78,224.95,1,1,0.91392
18,3,1151.14,501.05,181.77,205.99,1,1,0.91615
18,4,890.02,364.02,168.09,164.98,1,1,0.91408
18,5,1463.0,361.88,123.27,217.1,1,1,0.91097
18,6,1098.95,356.11,141.67,165.48,1,1,0.90342
18,7,1453.99,595.61,103.38,281.15,1,1,0.90112
18,8,1291.54,314.24,138.2,167.2,1,1,0.90144
18,9,70.77,244.02,87.12,229.31,1,1,0.90486
18,10,626.13,160.47,127.11,218.62,1,1,0.90183
18,11,886.53,139.85,109.9,245.39,1,1,0.89295
18,12,702.18,356.61,138.61,159.39,1,1,0.90262
18,13,276.36,254.69,95.37,270.85,1,1,0.89105
18,14,768.33,402.72,128.82,182.87,1,1,0.89262
18,15,455.02,401.05,112.83,182.57,1,1,0.89044
18,16,545.24,328.0,134.06,184.5,1,1,0.88892
18,17,353.91,236.95,89.24,225.6,1,1,0.88589
18,18,0.23,661.65,43.64,293.33,1,1,0.85777
18,19,1240.28,417.33,122.13,153.12,1,1,0.84581
19,0,1788.75,288.46,94.33,237.92,1,1,0.91715
19,1,47.75,469.68,147.42,215.82,1,1,0.91813
19,2,626.31,494.77,165.75,224.85,1,1,0.9118
19,3,1152.8,501.38,181.3,205.88,1,1,0.91559
19,4,890.76,365.38,169.38,163.76,1,1,0.91584
19,5,1464.31,362.14,123.94,216.81,1,1,0.90857
19,6,1100.52,356.34,140.75,165.61,1,1,0.90445
19,7,1455.17,596.25,104.1,280.68,1,1,0.90006
19,8,1292.68,314.81,138.28,166.81,1,1,0.89836
19,9,71.95,244.51,87.49,229.63,1,1,0.90526
19,10,626.39,160.51,128.32,218.48,1,1,0.90199
19,11,887.56,139.9,110.51,245.35,1,1,0.89327
19,12,703.99,356.61,137.34,159.59,1,1,0.8979
19,13,277.89,255.0,94.84,270.41,1,1,0.89058
19,14,769.74,403.14,128.65,182.62,1,1,0.89075
19,15,456.13,401.66,112.15,182.86,1,1,0.89053
19,16,547.37,328.09,133.19,185.2,1,1,0.88527
19,17,354.77,236.59,89.93,226.18,1,1,0.88403
19,18,0.53,663.37,45.12,291.48,1,1,0.86944
19,19,1240.78,416.97,123.57,154.49,1,1,0.84224
20,0,1790.49,288.59,94.53,238.26,1,1,0.92272
20,1,49.32,469.31,147.74,216.04,1,1,0.91923
20,2,627.85,494.86,164.69,224.86,1,1,0.91174
20,3,1154.23,501.48,181.43,205.76,1,1,0.91551
20,4,892.16,364.58,168.9,164.81,1,1,0.91387
20,5,1466.26,362.06,123.88,216.75,1,1,0.90904
20,6,1102.25,356.23,140.06,165.82,1,1,0.90518
20,7,1457.03,596.17,103.68,280.81,1,1,0.90063
20,8,1294.5,315.24,137.69,166.43,1,1,0.90008
20,9,73.86,244.35,87.49,229.88,1,1,0.90408
20,10,627.55,160.85,128.67,218.35,1,1,0.90197
20,11,889.04,140.21,110.52,244.71,1,1,0.89167
20,12,705.3,356.77,136.61,159.6,1,1,0.8995
20,13,279.85,254.66,93.95,270.55,1,1,0.89108
20,14,771.18,400.68,128.59,184.99,1,1,0.89414
20,15,458.39,401.62,111.23,182.65,1,1,0.89479
20,16,549.17,328.27,132.63,185.98,1,1,0.88236
20,17,356.19,236.44,89.48,226.28,1,1,0.8818
20,18,0.72,665.55,46.3,289.26,1,1,0.87865
20,19,1241.34,416.62,124.51,155.57,1,1,0.84985
21,0,1791.92,287.99,94.16,239.39,1,1,0.91984
21,1,50.15,469.37,147.45,215.75,1,1,0.91896
21,2,628.54,494.74,164.45,225.07,1,1,0.91044
21,3,1155.97,501.89,181.01,205.22,1,1,0.91155
21,4,892.73,365.1,169.53,164.92,1,1,0.91531
21,5,1466.58,362.71,124.48,216.03,1,1,0.90887
21,6,1103.38,356.19,139.54,166.05,1,1,0.9054
21,7,1457.83,596.49,104.07,280.54,1,1,0.89982
21,8,1295.51,315.57,138.17,166.3,1,1,0.90026
21,9,75.71,244.53,87.16,229.74,1,1,0.90029
21,10,628.9,161.11,128.6,217.35,1,1,0.89981
21,11,890.26,140.77,109.75,244.02,1,1,0.88861
21,12,706.28,356.69,137.38,159.71,1,1,0.89776
21,13,281.26,254.89,93.75,270.37,1,1,0.88735
21,14,772.09,400.64,128.45,185.26,1,1,0.89039
21,15,458.89,401.84,111.01,182.88,1,1,0.89353
21,16,550.42,328.6,132.61,186.04,1,1,0.88018
21,17,357.46,236.16,89.36,226.89,1,1,0.87848
21,18,0.59,666.1,47.23,289.15,1,1,0.88048
21,19,1241.82,417.18,125.56,155.62,1,1,0.84904
22,0,1791.47,287.66,94.09,238.61,1,1,0.922
22,1,49.55,468.42,147.52,215.97,1,1,0.91948
22,2,627.98,494.68,164.02,224.25,1,1,0.9096
22,3,1155.18,501.19,181.17,205.25,1,1,0.91232
22,4,892.43,364.3,169.54,165.01,1,1,0.91447
22,5,1466.45,361.83,124.47,216.52,1,1,0.90726
22,6,1102.94,355.76,139.22,165.89,1,1,0.90508
22,7,1457.15,595.92,103.7,280.23,1,1,0.90086
22,8,1295.5,314.66,137.61,166.56,1,1,0.89944
22,9,75.54,243.79,86.86,229.95,1,1,0.89793
22,10,628.35,160.38,128.56,217.44,1,1,0.898
22,11,890.02,140.35,109.39,243.74,1,1,0.88956
22,12,705.48,356.07,138.53,159.58,1,1,0.89881
22,13,280.85,254.27,93.44,270.28,1,1,0.88689
22,14,771.69,398.38,128.29,186.85,1,1,0.89124
22,15,458.63,401.21,110.95,182.85,1,1,0.89476
22,16,550.04,327.32,132.5,187.41,1,1,0.88064
22,17,357.05,235.47,89.03,227.28,1,1,0.87802
22,18,0.01,666.22,47.2,288.29,1,1,0.8778
22,19,1241.13,416.77,125.96,155.02,1,1,0.85475
23,0,1791.24,287.79,94.21,238.19,1,1,0.92193
23,1,49.29,468.09,147.06,216.25,1,1,0.91909
23,2,628.04,494.85,163.68,223.86,1,1,0.9097
23,3,1154.73,501.18,181.44,205.29,1,1,0.913
23,4,892.34,363.83,169.58,165.34,1,1,0.91421
23,5,1466.39,361.57,124.76,216.85,1,1,0.90707
23,6,1102.75,355.81,139.26,165.83,1,1,0.90492
23,7,1456.92,595.93,103.47,280.06,1,1,0.90042
23,8,1295.24,314.65,137.43,166.43,1,1,0.89887
23,9,74.84,243.77,87.31,229.85,1,1,0.89863
23,10,627.86,160.48,128.74,217.61,1,1,0.8991
23,11,890.07,141.64,109.26,242.53,1,1,0.88804
23,12,705.13,356.15,137.98,159.51,1,1,0.89744
23,13,280.52,254.03,93.36,270.51,1,1,0.88813
23,14,771.37,396.92,128.26,188.14,1,1,0.89181
23,15,458.65,401.14,110.82,182.75,1,1,0.89442
23,16,549.62,327.1,132.59,187.37,1,1,0.87907
23,17,356.79,235.49,88.92,227.16,1,1,0.87825
23,18,-0.12,666.21,47.01,288.15,1,1,0.87782
23,19,1240.75,416.95,126.25,154.61,1,1,0.85643
24,0,1791.14,287.88,94.27,237.92,1,1,0.92173
24,1,49.21,467.99,147.14,216.28,1,1,0.91976
24,2,627.94,494.82,163.74,223.77,1,1,0.91052
24,3,1154.54,501.05,181.57,205.41,1,1,0.91421
24,4,892.15,363.45,169.89,165.62,1,1,0.91475
24,5,1466.18,361.37,125.22,217.1,1,1,0.90692
24,6,1102.6,355.63,139.41,165.93,1,1,0.90393
24,7,1456.87,596.07,103.4,279.71,1,1,0.89894
24,8,1295.01,314.71,137.4,166.4,1,1,0.89813
24,9,74.44,243.53,87.49,229.94,1,1,0.8993
24,10,627.21,160.54,129.19,218.04,1,1,0.9005
24,11,889.83,143.03,109.87,241.26,1,1,0.88893
24,12,704.9,356.15,137.66,159.59,1,1,0.89753
24,13,280.35,254.02,93.31,270.45,1,1,0.88762
24,14,771.24,396.52,128.19,188.44,1,1,0.89227
24,15,458.67,401.05,110.79,182.79,1,1,0.89423
24,16,549.5,326.5,132.29,188.04,1,1,0.8807
24,17,356.73,235.69,88.66,227.05,1,1,0.87741
24,18,-0.12,666.23,46.97,288.11,1,1,0.87686
24,19,1240.35,416.85,126.77,154.69,1,1,0.85896
25,0,1791.15,287.74,94.3,238.1,1,1,0.92196
25,1,49.26,468.0,147.16,216.17,1,1,0.91927
25,2,628.18,495.01,163.7,223.53,1,1,0.91029
25,3,1154.52,501.15,181.75,205.37,1,1,0.91437
25,4,892.27,363.51,169.81,165.4,1,1,0.91516
25,5,1466.0,361.28,125.29,217.34,1,1,0.9071
25,6,1102.42,355.73,139.63,165.85,1,1,0.90361
25,7,1456.65,596.15,103.93,279.49,1,1,0.89816
25,8,1294.88,314.84,137.76,166.31,1,1,0.89703
25,9,74.58,243.5,87.35,229.93,1,1,0.90041
25,10,627.2,160.74,129.21,218.18,1,1,0.90138
25,11,889.7,145.22,110.01,239.18,1,1,0.88932
25,12,705.03,356.26,137.19,159.38,1,1,0.89712
25,13,280.29,253.94,93.37,270.48,1,1,0.88781
25,14,771.28,396.47,128.09,188.5,1,1,0.89255
25,15,458.76,400.98,110.65,182.78,1,1,0.89396
25,16,549.44,326.51,132.24,187.4,1,1,0.881
25,17,356.71,235.86,88.52,226.91,1,1,0.87772
25,18,-0.05,666.1,46.78,288.13,1,1,0.87677
25,19,1240.02,416.79,127.08,154.55,1,1,0.85773
26,0,1790.98,287.9,94.43,237.91,1,1,0.9224
26,1,49.22,467.89,147.14,216.06,1,1,0.91977
26,2,628.29,494.9,163.6,223.59,1,1,0.91014
26,3,1154.52,501.02,181.7,205.49,1,1,0.91339
26,4,892.18,363.38,169.86,165.39,1,1,0.91491
26,5,1465.85,361.39,125.05,217.19,1,1,0.90728
26,6,1102.11,355.87,139.96,165.7,1,1,0.90444
26,7,1456.26,596.36,104.02,278.53,1,1,0.89754
26,8,1294.93,314.76,137.92,166.35,1,1,0.89718
26,9,74.53,243.56,87.31,229.75,1,1,0.90178
26,10,627.26,160.75,129.07,218.35,1,1,0.90116
26,11,889.7,147.08,109.96,237.31,1,1,0.88968
26,12,705.05,356.35,137.02,159.34,1,1,0.89742
26,13,280.25,253.83,93.32,270.56,1,1,0.88799
26,14,771.26,397.0,128.01,188.0,1,1,0.89266
26,15,458.59,400.97,110.72,182.81,1,1,0.89407
26,16,549.25,326.67,132.42,186.69,1,1,0.88108
26,17,356.41,235.84,88.7,226.92,1,1,0.87846
26,18,-0.07,666.09,46.67,288.15,1,1,0.87664
26,19,1239.92,416.67,127.04,154.67,1,1,0.85681
27,0,1790.8,287.74,94.64,237.94,1,1,0.91997
27,1,49.08,467.93,147.37,215.95,1,1,0.91963
27,2,628.16,494.73,163.5,223.66,1,1,0.91044
27,3,1154.26,500.98,181.75,205.44,1,1,0.91414
27,4,891.96,363.21,169.75,165.53,1,1,0.91501
27,5,1465.53,361.3,125.16,217.31,1,1,0.90676
27,6,1101.91,355.68,139.98,165.88,1,1,0.90436
27,7,1455.52,596.63,103.49,277.65,1,1,0.89966
27,8,1294.9,314.77,137.93,166.33,1,1,0.89757
27,9,74.0,243.48,87.27,229.19,1,1,0.89821
27,10,627.21,160.77,129.18,218.31,1,1,0.90247
27,11,889.81,148.6,109.92,235.93,1,1,0.88944
27,12,705.05,355.58,137.66,160.07,1,1,0.89828
27,13,280.17,253.88,93.42,270.57,1,1,0.88842
27,14,771.03,398.04,128.18,186.9,1,1,0.89176
27,15,458.49,400.98,111.07,182.8,1,1,0.89371
27,16,549.05,326.72,132.54,186.01,1,1,0.88408
27,17,356.04,236.09,89.05,226.36,1,1,0.87869
27,18,-0.06,665.84,46.41,288.23,1,1,0.87812
27,19,1239.52,416.65,127.33,154.6,1,1,0.85767
28,0,1790.78,287.89,94.71,237.69,1,1,0.92118
28,1,49.07,468.06,147.12,215.67,1,1,0.92024
28,2,628.03,494.9,163.79,223.42,1,1,0.91045
28,3,1154.13,501.01,181.5,205.28,1,1,0.91507
28,4,891.87,362.97,169.69,165.67,1,1,0.91484
28,5,1465.43,361.3,124.87,217.35,1,1,0.90788
28,6,1101.97,355.32,139.91,166.15,1,1,0.90425
28,7,1454.84,596.96,103.08,277.22,1,1,0.89735
28,8,1294.98,314.79,137.68,166.37,1,1,0.89787
28,9,73.75,244.0,87.18,227.1,1,1,0.90028
28,10,627.22,160.84,129.33,218.13,1,1,0.90352
28,11,889.97,151.86,110.21,232.92,1,1,0.89004
28,12,704.95,354.17,139.1,161.33,1,1,0.90297
28,13,280.09,254.16,93.55,270.24,1,1,0.8887
28,14,771.33,400.9,127.89,184.01,1,1,0.89634
28,15,458.48,400.99,111.25,182.94,1,1,0.89445
28,16,548.82,326.76,132.76,185.61,1,1,0.88521
28,17,356.02,236.17,89.11,226.23,1,1,0.88178
28,18,-0.0,665.61,46.21,288.34,1,1,0.8765
28,19,1239.65,416.56,127.05,154.74,1,1,0.85775
29,0,1790.7,287.84,94.77,237.63,1,1,0.92048
29,1,49.03,467.9,146.86,215.94,1,1,0.92167
29,2,627.92,494.96,164.01,223.47,1,1,0.91037
29,3,1154.03,501.08,181.67,205.24,1,1,0.91424
29,4,891.86,363.19,169.81,165.44,1,1,0.91592
29,5,1465.13,360.99,124.85,217.72,1,1,0.90562
29,6,1101.96,354.7,139.61,166.1,1,1,0.90275
29,7,1453.53,596.84,103.11,276.84,1,1,0.8982
29,8,1294.66,315.01,137.93,166.22,1,1,0.89811
29,9,73.21,245.51,87.17,223.71,1,1,0.89855
29,10,627.57,161.02,129.39,217.76,1,1,0.90299
29,11,889.73,153.33,110.26,231.38,1,1,0.8898
29,12,704.63,351.13,143.1,164.46,1,1,0.90233
29,13,279.62,254.07,93.6,270.32,1,1,0.88658
29,14,771.69,402.35,127.54,182.59,1,1,0.8971
29,15,458.29,401.25,111.3,182.74,1,1,0.89385
29,16,548.57,326.93,132.7,185.37,1,1,0.88397
29,17,355.75,236.05,89.28,226.16,1,1,0.88002
29,18,-0.02,665.69,46.25,288.29,1,1,0.87636
29,19,1238.96,415.96,127.52,155.34,1,1,0.857
30,0,1790.59,287.62,94.94,237.77,1,1,0.91891
30,1,48.99,467.56,146.62,216.22,1,1,0.91999
30,2,627.51,495.13,164.2,223.19,1,1,0.91276
30,3,1153.97,501.05,181.83,205.13,1,1,0.91457
30,4,891.93,364.22,170.42,163.25,1,1,0.91752
30,5,1465.14,361.09,124.76,217.76,1,1,0.90594
30,6,1101.46,354.47,140.74,165.05,1,1,0.9054
30,7,1452.38,597.34,103.0,275.65,1,1,0.89948
30,8,1294.35,315.34,138.09,165.84,1,1,0.89683
30,9,72.81,248.04,88.55,223.42,1,1,0.8809
30,10,628.1,160.84,129.14,217.65,1,1,0.90041
30,11,889.09,154.56,109.93,230.52,1,1,0.88821
30,12,702.86,347.49,157.1,166.94,1,1,0.89411
30,13,278.79,253.4,94.25,270.93,1,1,0.8889
30,14,772.01,403.37,126.8,181.44,1,1,0.89618
30,15,458.26,401.37,111.28,182.62,1,1,0.89257
30,16,549.08,326.86,131.93,185.22,1,1,0.88516
30,17,356.43,235.63,88.92,226.29,1,1,0.88001
30,18,0.01,665.64,46.13,288.26,1,1,0.87592
30,19,1239.83,415.62,126.3,155.38,1,1,0.853
31,0,1790.7,287.74,95.1,237.74,1,1,0.91815
31,1,48.93,467.59,146.59,216.34,1,1,0.92119
31,2,627.95,495.53,163.85,222.81,1,1,0.9128
31,3,1154.2,500.72,181.29,205.49,1,1,0.91476
31,4,892.04,366.24,170.9,160.93,1,1,0.91794
31,5,1465.23,360.07,124.53,218.94,1,1,0.90839
31,6,1100.66,353.39,141.89,163.11,1,1,0.90139
31,7,1451.1,597.64,103.14,275.16,1,1,0.9004
31,8,1295.06,316.52,137.38,165.02,1,1,0.89895
31,9,73.0,251.3,90.26,219.8,1,1,0.88215
31,10,628.93,160.75,128.59,216.99,1,1,0.89942
31,11,887.88,155.4,111.61,231.56,1,1,0.88763
31,12,701.17,344.0,161.39,167.22,1,1,0.87632
31,13,277.13,254.03,95.52,270.77,1,1,0.89406
31,14,772.79,405.61,126.16,179.32,1,1,0.89379
31,15,458.46,401.93,111.2,182.18,1,1,0.89421
31,16,549.51,326.41,132.52,186.02,1,1,0.88903
31,17,357.7,235.37,87.81,226.07,1,1,0.88304
31,18,0.17,665.8,46.06,287.98,1,1,0.8756
31,19,1241.3,415.54,124.81,155.33,1,1,0.84827
32,0,1790.53,287.55,95.5,237.96,1,1,0.91684
32,1,48.6,467.34,146.76,216.59,1,1,0.92221
32,2,627.72,496.19,163.59,221.9,1,1,0.91184
32,3,1153.91,500.5,181.18,205.41,1,1,0.91372
32,4,892.12,366.69,171.23,158.46,1,1,0.91635
32,5,1466.09,358.76,123.62,220.58,1,1,0.9124
32,6,1096.79,351.16,145.01,163.61,1,1,0.90276
32,7,1449.09,598.07,103.08,274.35,1,1,0.9026
32,8,1294.79,316.41,137.6,165.38,1,1,0.90461
32,9,72.0,255.24,95.48,219.02,1,1,0.87529
32,10,628.48,160.54,128.59,216.18,1,1,0.90108
32,11,885.33,155.44,114.79,229.83,1,1,0.89301
32,12,700.95,340.05,156.59,167.42,1,1,0.89465
32,13,275.12,254.17,97.34,270.59,1,1,0.89593
32,14,772.81,406.23,126.52,178.49,1,1,0.89177
32,15,458.54,402.2,111.02,181.69,1,1,0.8948
32,16,550.32,323.03,131.41,188.64,1,1,0.89359
32,17,358.34,234.67,87.03,224.32,1,1,0.88357
32,18,0.1,666.27,45.8,286.95,1,1,0.876
32,19,1242.65,414.46,123.3,156.19,1,1,0.8499
33,0,1790.35,288.75,95.95,236.98,1,1,0.91399
33,1,48.8,467.05,146.26,216.67,1,1,0.92167
33,2,628.0,496.82,163.33,221.23,1,1,0.91145
33,3,1153.95,500.82,181.37,205.19,1,1,0.91382
33,4,892.92,365.19,170.36,159.1,1,1,0.91859
33,5,1467.3,356.78,122.11,222.94,1,1,0.90777
33,6,1094.43,349.89,147.77,164.47,1,1,0.90573
33,7,1447.54,599.54,102.77,272.49,1,1,0.90175
33,8,1294.92,316.19,137.8,166.52,1,1,0.90115
33,9,71.31,259.75,102.83,213.17,1,1,0.88161
33,10,629.92,160.73,126.32,216.15,1,1,0.8982
33,11,883.29,155.22,116.16,225.43,1,1,0.88187
33,12,700.66,336.59,153.61,168.89,1,1,0.8964
33,13,272.13,254.87,100.73,269.92,1,1,0.89043
33,14,773.04,403.26,126.81,182.17,1,1,0.88277
33,15,458.48,402.39,111.52,181.55,1,1,0.89403
33,16,551.79,318.77,132.32,193.05,1,1,0.90032
33,17,358.37,234.39,87.73,220.95,1,1,0.87375
33,18,0.22,666.28,45.57,286.89,1,1,0.87636
33,19,1242.07,411.35,122.84,159.62,1,1,0.85847
34,0,1790.44,291.11,96.08,232.66,1,1,0.91582
34,1,49.31,466.69,146.52,216.64,1,1,0.92107
34,2,628.33,497.09,163.14,220.59,1,1,0.91112
34,3,1154.08,501.03,181.14,204.88,1,1,0.91333
34,4,892.16,360.89,171.7,161.89,1,1,0.92444
34,5,1465.55,354.54,123.2,224.59,1,1,0.90999
34,6,1093.24,348.03,149.17,165.77,1,1,0.90628
34,7,1444.78,600.93,103.88,271.72,1,1,0.90352
34,8,1299.22,314.72,133.41,167.75,1,1,0.89468
34,9,69.53,264.14,108.53,209.06,1,1,0.87918
34,10,632.88,161.15,123.01,216.75,1,1,0.90082
34,11,885.8,154.48,114.23,221.36,1,1,0.88825
34,12,699.79,332.54,155.75,171.75,1,1,0.89159
34,13,269.11,256.98,105.48,266.42,1,1,0.86099
34,14,773.27,397.34,126.3,187.92,1,1,0.86883
34,15,458.11,401.46,111.67,182.11,1,1,0.89289
34,16,552.55,313.43,138.71,197.07,1,1,0.88933
34,17,358.77,235.98,92.12,216.73,1,1,0.87123
34,18,0.24,666.42,45.59,286.86,1,1,0.87859
34,19,1239.96,406.63,123.23,163.17,1,1,0.85943
35,0,1789.95,294.92,97.28,226.69,1,1,0.91101
35,1,49.65,465.78,146.69,217.78,1,1,0.9197
35,2,628.58,497.23,163.01,220.28,1,1,0.90987
35,3,1154.53,501.36,181.27,204.48,1,1,0.91166
35,4,891.51,356.83,172.07,165.79,1,1,0.91874
35,5,1461.25,352.54,126.39,226.0,1,1,0.90867
35,6,1093.22,346.37,152.65,167.32,1,1,0.90415
35,7,1442.32,604.38,105.08,268.08,1,1,0.90514
35,8,1305.33,312.19,128.27,170.01,1,1,0.88941
35,9,65.71,266.89,109.13,207.84,1,1,0.88819
35,10,636.51,161.91,119.44,218.91,1,1,0.8962
35,11,887.26,153.36,113.28,221.42,1,1,0.88709
35,12,699.78,325.8,166.69,177.78,1,1,0.87547
35,13,255.69,259.17,122.03,256.45,1,1,0.88699
35,14,774.47,381.88,125.17,202.96,1,1,0.86495
35,15,458.3,401.09,112.28,182.38,1,1,0.8911
35,16,555.59,308.0,141.98,197.8,1,1,0.86723
35,17,360.41,239.49,94.58,210.03,1,1,0.853
35,18,0.28,666.86,45.78,286.72,1,1,0.87657
35,19,1237.54,399.32,124.79,169.87,1,1,0.86085
36,0,1788.47,299.6,98.55,220.33,1,1,0.91761
36,1,49.75,465.08,146.42,218.6,1,1,0.92091
36,2,628.67,497.32,162.74,220.06,1,1,0.90934
36,3,1154.65,501.96,180.85,203.74,1,1,0.91334
36,4,891.44,353.56,174.77,168.18,1,1,0.9187
36,5,1452.59,350.42,134.4,228.12,1,1,0.90902
36,6,1094.14,345.02,156.22,168.32,1,1,0.89146
36,7,1439.59,608.13,105.96,264.12,1,1,0.91016
36,8,1307.62,308.73,129.86,172.51,1,1,0.88189
36,9,61.64,269.64,111.36,206.66,1,1,0.89031
36,10,638.31,162.79,116.76,220.55,1,1,0.8883
36,11,888.59,152.07,112.72,221.95,1,1,0.88683
36,12,699.33,318.84,195.56,183.28,1,1,0.89459
36,13,243.05,262.27,135.74,248.73,1,1,0.9058
36,14,774.86,372.85,125.56,211.25,1,1,0.87394
36,15,458.49,400.13,112.14,182.47,1,1,0.89457
36,16,558.12,301.78,141.95,195.36,1,1,0.86481
36,17,361.92,245.94,100.74,197.82,1,1,0.86583
36,18,0.14,667.59,45.92,286.18,1,1,0.87618
36,19,1232.25,389.98,129.95,178.92,1,1,0.86995
37,0,1783.98,303.48,103.86,215.4,1,1,0.89758
37,1,49.88,464.66,146.16,218.79,1,1,0.91897
37,2,628.81,497.33,163.02,219.93,1,1,0.90646
37,3,1154.86,501.4,181.06,204.32,1,1,0.91071
37,4,893.24,346.77,180.94,174.0,1,1,0.90266
37,5,1438.98,347.39,146.99,231.01,1,1,0.90958
37,6,1095.91,343.8,160.91,169.75,1,1,0.88661
37,7,1434.34,613.75,109.01,260.97,1,1,0.90994
37,8,1310.12,304.88,132.94,173.24,1,1,0.8723
37,9,58.56,271.37,112.84,205.95,1,1,0.88815
37,10,642.16,164.06,114.1,224.1,1,1,0.88248
37,11,890.42,150.88,111.1,223.49,1,1,0.88187
37,12,698.99,311.68,208.6,189.63,1,1,0.89872
37,13,234.84,264.12,145.51,245.9,1,1,0.9087
37,14,774.43,366.18,128.46,216.98,1,1,0.86797
37,15,459.45,398.03,114.16,184.06,1,1,0.88765
37,16,564.62,295.15,145.0,199.56,1,1,0.85128
37,17,361.75,252.43,113.04,185.82,1,1,0.85635
37,18,0.25,669.39,45.8,284.23,1,1,0.86996
37,19,1233.99,379.93,127.66,188.42,1,1,0.86693
38,0,1772.98,306.74,115.64,210.72,1,1,0.90546
38,1,49.84,464.3,145.55,218.45,1,1,0.91761
38,2,628.66,496.92,163.33,220.05,1,1,0.9078
38,3,1154.94,500.04,181.03,205.11,1,1,0.91391
38,4,895.98,339.66,189.64,179.67,1,1,0.89673
38,5,1425.85,342.82,159.9,234.69,1,1,0.91645
38,6,1096.36,340.84,162.35,172.8,1,1,0.87756
38,7,1425.23,617.67,115.53,260.5,1,1,0.9072
38,8,1314.96,300.39,134.8,171.08,1,1,0.86
38,9,56.61,272.66,116.18,205.42,1,1,0.88788
38,10,645.41,166.35,115.6,223.95,1,1,0.89053
38,11,892.79,148.65,109.19,226.65,1,1,0.8791
38,12,699.61,306.19,209.53,193.51,1,1,0.89907
38,13,229.05,264.87,154.34,243.28,1,1,0.91072
38,14,775.19,362.92,129.7,216.28,1,1,0.85732
38,15,459.83,393.44,119.73,187.52,1,1,0.89003
38,16,577.13,289.04,137.42,204.74,1,1,0.86647
38,17,361.63,255.54,122.21,186.85,1,1,0.87833
38,18,0.23,669.77,45.25,283.41,1,1,0.86794
38,19,1230.41,369.41,131.04,198.43,1,1,0.86955
39,0,1767.27,309.79,122.12,206.5,1,1,0.91189
39,1,49.92,463.6,145.27,219.03,1,1,0.91624
39,2,628.41,496.04,163.62,221.11,1,1,0.91057
39,3,1154.52,498.11,180.97,206.9,1,1,0.9135
39,4,896.74,331.34,203.63,187.71,1,1,0.90737
39,5,1419.55,339.04,165.54,237.41,1,1,0.91855
39,6,1095.73,336.78,161.35,176.76,1,1,0.88402
39,7,1414.3,621.42,124.33,259.02,1,1,0.90878
39,8,1316.78,295.12,136.4,168.51,1,1,0.85766
39,9,51.92,274.02,120.27,203.47,1,1,0.89107
39,10,647.4,168.07,119.16,219.79,1,1,0.89339
39,11,894.85,145.22,109.52,235.09,1,1,0.87278
39,12,705.91,303.62,206.44,193.93,1,1,0.89127
39,13,225.8,264.48,162.68,240.72,1,1,0.91449
39,14,777.06,352.16,131.04,223.37,1,1,0.84462
39,15,459.75,388.08,129.22,190.86,1,1,0.88342
39,16,581.63,284.04,141.82,214.32,1,1,0.85362
39,17,361.96,260.05,127.23,185.98,1,1,0.87625
39,18,0.18,677.22,43.99,276.31,1,1,0.86213
39,19,1220.81,360.26,140.82,207.65,1,1,0.88232
40,0,1769.7,311.49,121.25,203.7,1,1,0.92013
40,1,50.03,462.18,144.6,219.54,1,1,0.91411
40,2,628.25,496.89,162.49,219.42,1,1,0.91257
40,3,1154.4,494.72,180.68,209.6,1,1,0.9122
40,4,897.21,322.89,208.26,195.05,1,1,0.90808
40,5,1416.94,336.63,166.29,235.3,1,1,0.91445
40,6,1097.45,330.81,160.55,182.06,1,1,0.88274
40,7,1406.12,625.66,130.84,255.75,1,1,0.90965
40,8,1319.07,289.14,136.33,172.29,1,1,0.87404
40,9,49.85,275.28,119.46,201.81,1,1,0.89308
40,10,651.89,170.55,119.89,213.06,1,1,0.90002
40,11,894.8,141.3,110.31,241.81,1,1,0.87596
40,12,722.17,302.91,195.48,191.39,1,1,0.83807
40,13,223.91,262.55,174.79,241.13,1,1,0.9154
40,14,774.77,341.31,135.13,232.17,1,1,0.8457
40,15,459.89,383.21,134.24,193.42,1,1,0.89014
40,16,586.17,279.97,139.86,219.42,1,1,0.86009
40,17,358.88,261.59,134.17,184.57,1,1,0.87683
40,18,0.18,680.27,43.4,271.92,1,1,0.86788
40,19,1213.31,351.39,148.7,215.29,1,1,0.88573
41,0,1775.02,312.83,117.82,202.07,1,1,0.92341
41,1,50.13,462.14,144.03,219.0,1,1,0.91585
41,2,628.65,497.59,162.46,218.52,1,1,0.91044
41,3,1154.69,492.18,180.36,211.58,1,1,0.91451
41,4,899.29,314.96,217.38,202.89,1,1,0.9121
41,5,1416.62,336.24,163.23,229.79,1,1,0.90961
41,6,1099.92,323.26,159.3,187.96,1,1,0.88763
41,7,1397.03,629.53,138.94,252.65,1,1,0.91178
41,8,1322.12,282.53,139.6,179.55,1,1,0.88403
41,9,47.79,277.4,119.53,199.1,1,1,0.8938
41,10,657.61,173.19,117.92,206.44,1,1,0.9066
41,11,897.75,137.48,108.05,242.35,1,1,0.86868
41,12,789.37,303.12,156.78,140.88,1,1,0.76603
41,13,223.37,260.13,184.98,242.42,1,1,0.90892
41,14,768.34,332.53,141.49,238.81,1,1,0.86742
41,15,460.91,376.99,143.29,198.25,1,1,0.89237
41,16,589.02,277.41,146.59,221.44,1,1,0.85586
41,17,347.15,261.21,147.7,184.91,1,1,0.82848
41,18,0.3,683.15,42.37,268.56,1,1,0.86553
41,19,1208.13,343.93,155.2,221.03,1,1,0.88308
42,0,1782.24,313.41,111.66,200.48,1,1,0.91345
42,1,50.13,461.08,143.24,218.83,1,1,0.91619
42,2,629.07,498.16,162.31,217.22,1,1,0.90992
42,3,1155.62,489.39,179.07,212.99,1,1,0.91199
42,4,903.84,308.04,223.72,209.36,1,1,0.90934
42,5,1416.78,334.73,159.3,226.72,1,1,0.9028
42,6,1101.08,315.09,164.44,194.67,1,1,0.88582
42,7,1387.42,632.13,148.17,250.37,1,1,0.91446
42,8,1327.52,276.7,138.39,186.78,1,1,0.88401
42,9,42.1,280.94,124.17,194.81,1,1,0.89279
42,10,663.84,175.68,118.33,202.31,1,1,0.90405
42,11,900.26,131.79,105.53,249.6,1,1,0.86757
42,12,830.48,304.61,130.32,117.42,1,1,0.79001
42,13,224.89,257.0,189.14,245.14,1,1,0.90677
42,14,770.98,323.95,137.67,244.9,1,1,0.88059
42,15,461.52,372.24,148.63,202.07,1,1,0.89482
42,16,591.92,275.6,155.39,221.09,1,1,0.86365
42,18,0.22,690.19,41.31,261.06,1,1,0.87199
42,19,1208.68,339.44,156.25,220.99,1,1,0.8715
43,0,1788.49,315.29,106.62,198.4,1,1,0.91198
43,1,50.43,459.65,143.01,219.36,1,1,0.91399
43,2,629.58,497.95,162.33,216.96,1,1,0.91073
43,3,1155.85,485.82,178.46,216.1,1,1,0.91079
43,4,915.94,303.67,226.37,213.31,1,1,0.9149
43,5,1415.34,332.03,150.38,227.65,1,1,0.90253
43,6,1103.56,307.66,177.25,201.21,1,1,0.87751
43,7,1375.2,634.6,160.21,247.27,1,1,0.9232
43,8,1331.96,272.38,139.16,189.97,1,1,0.88941
43,9,35.07,284.88,130.03,189.98,1,1,0.90286
43,10,669.67,177.21,121.74,199.47,1,1,0.89495
43,11,902.29,127.94,106.95,254.81,1,1,0.88277
43,12,849.92,308.53,115.92,132.66,1,1,0.79998
43,13,228.0,256.91,189.18,244.45,1,1,0.90849
43,14,773.79,315.76,136.57,249.02,1,1,0.88391
43,15,462.76,364.66,155.54,208.51,1,1,0.90006
43,16,602.47,274.24,154.72,220.42,1,1,0.85819
43,18,0.36,692.79,40.59,258.11,1,1,0.86756
43,19,1206.7,339.42,161.73,213.58,1,1,0.8794
43,17,348.37,256.2,145.76,191.89,1,1,0.83071
44,0,1792.3,317.4,103.15,195.44,1,1,0.90554
44,1,50.58,457.76,142.99,220.07,1,1,0.91512
44,2,629.68,497.16,162.7,216.78,1,1,0.9107
44,3,1156.17,479.85,177.88,221.59,1,1,0.90992
44,4,938.09,300.31,221.13,215.18,1,1,0.90871
44,5,1414.01,327.88,140.58,230.33,1,1,0.89403
44,6,1110.45,301.06,188.38,205.35,1,1,0.8764
44,7,1361.23,636.24,173.99,246.47,1,1,0.92644
44,8,1334.88,269.34,143.15,194.64,1,1,0.88881
44,9,22.37,286.39,142.64,191.72,1,1,0.91403
44,10,675.76,177.85,127.76,196.0,1,1,0.87189
44,11,904.53,124.3,107.88,256.91,1,1,0.88479
44,12,857.57,311.34,106.21,140.44,1,1,0.8067
44,13,233.49,255.68,192.61,244.45,1,1,0.89313
44,14,774.55,311.51,136.63,246.5,1,1,0.8777
44,15,464.26,355.17,164.56,216.12,1,1,0.87345
44,16,610.64,273.86,154.83,218.85,1,1,0.85481
44,18,0.44,693.35,39.94,256.92,1,1,0.86226
44,19,1205.98,338.03,165.54,202.77,1,1,0.87598
45,0,1795.85,318.91,99.64,193.49,1,1,0.88628
45,1,50.64,455.94,144.03,221.17,1,1,0.91269
45,2,629.17,493.44,163.48,219.36,1,1,0.91146
45,3,1155.4,472.95,178.22,227.7,1,1,0.90856
45,4,967.99,298.04,193.19,215.81,1,1,0.90363
45,5,1416.09,321.94,133.84,235.0,1,1,0.88407
45,6,1120.61,296.62,196.04,206.56,1,1,0.87683
45,7,1347.54,639.34,182.82,245.05,1,1,0.92666
45,8,1339.93,267.3,144.76,200.68,1,1,0.88384
45,9,8.85,286.36,154.35,194.98,1,1,0.91802
45,10,682.57,176.18,134.17,195.32,1,1,0.83709
45,11,907.58,120.96,111.87,258.6,1,1,0.88504
45,12,863.27,312.72,104.54,174.88,1,1,0.81933
45,13,247.81,252.09,205.44,245.44,1,1,0.91122
45,14,775.6,309.24,135.37,241.34,1,1,0.88804
45,15,466.54,345.38,169.64,222.54,1,1,0.89151
45,16,613.72,272.43,159.14,218.98,1,1,0.86719
45,18,0.53,690.95,39.32,259.32,1,1,0.8577
45,19,1205.66,332.52,169.39,203.03,1,1,0.87838
46,0,1797.88,320.13,99.96,191.25,1,1,0.8889
46,1,50.48,453.85,146.21,222.83,1,1,0.90729
46,2,628.63,487.61,164.08,224.04,1,1,0.91009
46,3,1154.13,465.13,178.63,234.76,1,1,0.90977
46,4,993.59,297.46,172.14,216.31,1,1,0.90775
46,5,1416.65,312.77,132.22,240.6,1,1,0.88186
46,6,1138.75,292.83,193.87,204.53,1,1,0.79862
46,7,1335.4,642.86,184.08,243.11,1,1,0.91651
46,8,1351.95,266.8,136.72,209.69,1,1,0.88252
46,9,2.09,286.74,153.92,198.78,1,1,0.90953
46,10,687.02,170.99,145.17,206.18,1,1,0.76225
46,11,911.34,120.05,117.05,260.92,1,1,0.89295
46,12,869.09,311.27,99.77,193.94,1,1,0.84265
46,13,272.52,250.97,193.39,246.29,1,1,0.8966
46,14,777.08,304.78,132.09,241.27,1,1,0.8772
46,15,469.12,335.2,178.2,230.1,1,1,0.88296
46,16,622.38,269.29,157.63,221.47,1,1,0.8693
46,18,0.46,690.67,39.37,260.42,1,1,0.84346
46,19,1207.93,331.25,164.45,199.19,1,1,0.87365
47,0,1801.24,321.12,102.04,189.72,1,1,0.88684
47,1,51.53,450.19,152.18,225.32,1,1,0.91354
47,2,628.61,480.26,164.88,229.98,1,1,0.90688
47,3,1154.96,456.25,178.33,242.17,1,1,0.90827
47,4,1009.01,298.04,170.46,216.85,1,1,0.89926
47,5,1418.51,300.94,125.73,247.8,1,1,0.88432
47,6,1170.42,291.92,176.48,188.97,1,1,0.81435
47,7,1323.26,650.91,181.87,235.65,1,1,0.91078
47,8,1372.76,267.2,121.12,211.27,1,1,0.86985
47,9,-0.15,287.32,137.18,202.36,1,1,0.91025
47,10,699.53,166.27,148.22,217.15,1,1,0.78092
47,11,914.61,120.35,123.25,258.68,1,1,0.89584
47,12,874.57,308.86,101.2,202.12,1,1,0.86026
47,13,262.34,256.99,142.93,189.17,1,1,0.7712
47,14,780.36,300.69,129.95,242.22,1,1,0.87656
47,15,476.74,327.94,171.55,233.67,1,1,0.89387
47,16,628.96,267.73,156.84,225.07,1,1,0.86583
47,18,0.64,702.95,39.42,249.94,1,1,0.80193
47,19,1204.9,323.35,161.96,206.22,1,1,0.85742
47,17,324.84,252.67,153.12,242.8,1,1,0.87737
48,0,1804.71,321.72,107.29,188.43,1,1,0.89859
48,1,51.47,446.87,160.9,226.99,1,1,0.9162
48,2,628.19,470.63,165.75,237.53,1,1,0.90271
48,3,1155.49,447.4,177.9,248.9,1,1,0.90858
48,4,1020.53,298.6,172.12,221.61,1,1,0.89462
48,5,1422.38,293.77,118.52,250.15,1,1,0.88792
48,7,1316.08,653.81,179.97,232.5,1,1,0.90724
48,8,1392.01,268.84,105.17,212.56,1,1,0.85741
48,9,-0.9,289.25,117.26,202.53,1,1,0.90026
48,10,701.7,163.52,160.02,231.17,1,1,0.82032
48,11,918.08,121.2,129.81,255.76,1,1,0.89767
48,12,878.36,305.65,119.74,206.12,1,1,0.86078
48,13,248.64,259.61,134.84,178.8,1,1,0.85971
48,14,783.12,295.03,126.75,245.7,1,1,0.87418
48,15,491.69,318.17,174.26,240.05,1,1,0.88743
48,16,654.21,264.44,140.47,228.06,1,1,0.83431
48,18,0.64,693.37,39.3,259.89,1,1,0.75533
48,19,1195.53,313.77,168.65,215.5,1,1,0.85278
48,17,333.11,252.32,145.42,245.85,1,1,0.89438
49,0,1805.97,322.72,110.34,195.12,1,1,0.90673
49,1,51.45,444.48,167.42,228.46,1,1,0.91591
49,2,630.03,463.52,166.59,243.63,1,1,0.90021
49,3,1156.03,437.78,178.58,256.45,1,1,0.90352
49,4,1036.01,300.6,171.08,223.86,1,1,0.88796
49,5,1428.69,286.46,112.52,249.77,1,1,0.888
49,7,1306.38,656.42,185.02,229.28,1,1,0.91322
49,8,1400.69,272.1,95.97,212.49,1,1,0.86051
49,9,-1.02,304.32,108.55,188.91,1,1,0.90389
49,10,703.5,161.14,169.56,226.25,1,1,0.7953
49,11,920.42,123.14,137.85,252.85,1,1,0.89687
49,12,881.59,303.04,141.05,209.25,1,1,0.88203
49,13,235.57,260.94,139.25,176.51,1,1,0.88491
49,14,786.31,291.11,121.49,248.84,1,1,0.87462
49,15,509.21,310.06,169.74,246.97,1,1,0.8693
49,16,650.9,269.12,154.36,228.92,1,1,0.86275
49,18,0.55,679.66,38.77,271.64,1,1,0.73115
49,19,1190.43,307.99,169.91,224.58,1,1,0.85917
49,17,350.32,252.41,133.45,245.85,1,1,0.89958
50,0,1804.76,323.71,114.48,205.38,1,1,0.91385
50,1,51.42,441.74,172.24,230.12,1,1,0.91516
50,2,632.5,456.28,165.53,248.98,1,1,0.89834
50,3,1160.03,429.55,173.87,261.72,1,1,0.9033
50,4,1053.59,301.2,163.78,223.49,1,1,0.88953
50,5,1440.02,279.69,104.74,247.57,1,1,0.8858
50,7,1296.8,657.1,191.67,229.2,1,1,0.91207
50,8,1403.93,278.85,90.46,205.81,1,1,0.83419
50,9,-1.04,313.73,96.14,180.16,1,1,0.89597
50,10,708.27,161.54,177.14,201.34,1,1,0.83115
50,11,919.13,126.8,151.9,249.03,1,1,0.90935
50,12,886.05,300.11,155.03,211.27,1,1,0.88947
50,13,223.22,262.09,139.37,177.16,1,1,0.90043
50,14,787.34,286.79,122.91,250.66,1,1,0.87325
50,15,532.15,304.91,165.55,250.29,1,1,0.87133
50,16,660.7,273.01,154.88,226.32,1,1,0.84449
50,19,1194.77,304.66,159.07,227.94,1,1,0.8544
50,17,367.41,252.34,124.59,246.01,1,1,0.90699
51,0,1803.67,324.26,116.54,216.52,1,1,0.91368
51,1,50.92,438.54,177.08,231.92,1,1,0.91348
51,2,635.13,449.15,163.9,254.22,1,1,0.89419
51,3,1169.5,423.28,165.36,264.62,1,1,0.8986
51,4,1068.51,302.25,158.06,222.74,1,1,0.89234
51,5,1446.97,276.73,101.38,242.81,1,1,0.88001
51,7,1287.37,656.17,197.24,230.79,1,1,0.91245
51,8,1406.02,278.28,96.3,205.0,1,1,0.8505
51,9,-0.93,317.09,73.87,176.37,1,1,0.86515
51,10,717.81,161.79,179.25,184.61,1,1,0.83176
51,11,915.79,129.92,167.12,245.42,1,1,0.90497
51,12,891.38,294.91,164.45,213.54,1,1,0.89204
51,13,209.85,262.26,145.16,183.9,1,1,0.89703
51,14,787.4,284.23,127.81,248.92,1,1,0.86845
51,15,561.37,301.98,152.04,251.18,1,1,0.87042
51,16,670.12,276.93,154.53,222.15,1,1,0.86373
51,19,1205.15,303.19,142.81,227.34,1,1,0.85528
51,17,372.43,251.62,129.37,246.94,1,1,0.90537
51,6,1259.21,286.14,135.83,106.49,1,1,0.8153
51,18,0.42,652.97,32.93,296.8,1,1,0.66093
52,0,1804.6,324.89,116.14,219.48,1,1,0.90848
52,1,52.5,435.65,179.18,233.06,1,1,0.91232
52,2,643.95,444.66,158.3,255.82,1,1,0.89519
52,3,1184.83,417.71,152.34,266.85,1,1,0.89205
52,4,1079.33,303.81,156.08,219.36,1,1,0.88733
52,5,1451.12,272.73,102.48,239.87,1,1,0.87958
52,7,1281.27,654.0,198.65,234.2,1,1,0.91332
52,8,1408.87,275.72,101.5,206.13,1,1,0.82763
52,9,-0.44,315.14,56.5,185.29,1,1,0.83162
52,10,732.32,161.16,177.64,162.09,1,1,0.8601
52,11,918.51,131.36,173.39,242.79,1,1,0.90114
52,12,897.52,289.8,171.61,215.89,1,1,0.88636
52,13,197.2,261.49,144.46,187.81,1,1,0.90148
52,14,788.22,282.17,131.39,240.13,1,1,0.86917
52,15,581.57,298.22,140.11,249.36,1,1,0.86315
52,16,675.39,278.54,159.84,218.89,1,1,0.88189
52,19,1212.25,297.38,131.1,226.16,1,1,0.84838
52,17,375.64,249.99,138.52,247.47,1,1,0.90667
52,6,1272.32,279.73,135.88,117.22,1,1,0.80681
53,0,1801.26,326.93,119.67,219.13,1,1,0.91248
53,1,54.88,432.15,179.89,234.39,1,1,0.9111
53,2,655.47,442.94,150.36,255.49,1,1,0.89579
53,3,1203.58,414.37,136.36,266.92,1,1,0.89217
53,4,1081.83,303.01,163.61,219.05,1,1,0.88233
53,5,1456.65,269.18,107.01,238.64,1,1,0.85632
53,7,1279.56,654.49,190.15,240.73,1,1,0.91351
53,8,1412.15,269.54,113.33,211.28,1,1,0.80815
53,9,-0.15,315.47,44.85,185.09,1,1,0.75686
53,10,749.51,160.52,175.17,159.49,1,1,0.84297
53,11,921.57,132.28,176.59,243.11,1,1,0.89536
53,12,903.76,289.63,174.1,213.66,1,1,0.87047
53,13,183.19,262.2,119.5,188.79,1,1,0.88959
53,14,789.35,291.22,137.77,222.93,1,1,0.85176
53,15,599.58,295.46,130.97,240.35,1,1,0.85571
53,16,678.35,282.41,170.12,213.64,1,1,0.88718
53,19,1212.57,293.02,127.84,220.1,1,1,0.83073
53,17,377.03,247.64,154.31,248.77,1,1,0.9097
53,6,1279.94,275.3,142.18,150.49,1,1,0.83708
54,0,1797.76,330.58,123.24,215.58,1,1,0.91194
54,1,60.11,428.28,175.41,235.1,1,1,0.90493
54,2,667.28,441.64,145.23,253.8,1,1,0.89572
54,3,1218.81,410.99,128.32,265.21,1,1,0.88945
54,4,1086.06,299.94,167.95,219.81,1,1,0.87497
54,5,1461.26,263.83,111.42,241.63,1,1,0.86058
54,7,1281.62,654.34,177.5,245.58,1,1,0.90666
54,8,1413.95,265.52,120.03,211.07,1,1,0.80729
54,9,-0.02,292.57,34.18,199.28,1,1,0.65793
54,10,766.11,158.08,158.99,160.24,1,1,0.83349
54,11,928.05,130.86,173.07,244.67,1,1,0.89806
54,12,907.56,290.03,174.19,211.44,1,1,0.86208
54,13,167.62,263.01,106.64,188.0,1,1,0.89692
54,14,790.34,304.77,142.51,203.21,1,1,0.83973
54,15,611.26,291.02,124.39,237.42,1,1,0.8425
54,16,683.42,281.87,175.36,207.73,1,1,0.84414
54,19,1217.93,292.01,125.1,204.47,1,1,0.77621
54,17,376.63,242.57,176.41,251.94,1,1,0.90676
54,6,1278.17,270.41,159.31,167.95,1,1,0.85204
55,0,1793.92,333.63,127.02,211.53,1,1,0.91554
55,1,66.69,425.94,169.15,232.99,1,1,0.90745
55,2,676.11,440.78,142.75,253.11,1,1,0.89036
55,3,1227.91,410.9,126.31,264.4,1,1,0.88776
55,4,1086.58,293.37,177.67,225.5,1,1,0.88106
55,5,1474.85,258.86,104.88,247.32,1,1,0.85173
55,7,1281.08,656.58,158.05,246.26,1,1,0.90274
55,8,1416.2,261.63,128.0,213.39,1,1,0.76652
55,10,780.44,154.83,153.75,160.74,1,1,0.81845
55,11,933.6,128.2,168.23,246.79,1,1,0.89429
55,12,913.72,288.2,171.59,210.2,1,1,0.85353
55,13,151.65,264.93,112.3,185.07,1,1,0.89977
55,14,793.95,283.14,142.48,220.26,1,1,0.84545
55,15,617.55,287.62,130.93,230.74,1,1,0.84485
55,16,699.2,275.19,175.38,199.43,1,1,0.82681
55,19,1222.91,285.89,123.92,203.46,1,1,0.80304
55,17,379.95,239.28,186.91,253.41,1,1,0.90003
55,6,1289.91,265.14,162.23,184.02,1,1,0.87039
56,0,1794.16,335.58,126.52,207.17,1,1,0.92052
56,1,71.82,423.55,161.95,230.91,1,1,0.88481
56,2,678.54,442.88,149.59,250.91,1,1,0.8903
56,3,1233.42,413.98,128.79,261.78,1,1,0.88507
56,4,1089.41,285.77,183.81,231.72,1,1,0.88134
56,5,1488.86,252.32,99.79,252.65,1,1,0.75461
56,7,1274.26,660.74,132.07,241.75,1,1,0.87966
56,10,805.1,152.56,141.15,150.31,1,1,0.80017
56,11,941.99,125.2,160.86,248.39,1,1,0.89427
56,12,928.02,286.17,160.78,209.65,1,1,0.85257
56,13,133.6,266.17,125.15,184.44,1,1,0.89678
56,14,797.06,277.01,146.03,223.24,1,1,0.84056
56,15,619.4,284.36,150.09,225.68,1,1,0.86317
56,16,711.21,266.31,175.83,203.33,1,1,0.82404
56,19,1228.87,275.44,125.12,222.29,1,1,0.77463
56,17,387.43,233.16,194.66,256.96,1,1,0.90052
56,6,1302.78,259.24,161.51,194.42,1,1,0.8597
57,0,1796.65,337.76,123.85,211.33,1,1,0.92227
57,1,73.67,423.65,160.16,227.22,1,1,0.88377
57,2,678.4,444.34,160.64,249.98,1,1,0.89255
57,3,1237.45,416.6,132.21,258.7,1,1,0.87896
57,4,1102.47,278.49,179.13,233.47,1,1,0.85846
57,5,1498.64,248.65,101.07,257.38,1,1,0.78523
57,7,1259.18,663.44,123.28,241.14,1,1,0.88506
57,10,831.88,149.44,127.23,143.03,1,1,0.81143
57,11,953.58,121.63,147.54,243.71,1,1,0.86972
57,12,940.32,280.17,149.6,213.04,1,1,0.84175
57,13,109.74,266.83,140.7,183.22,1,1,0.90596
57,14,801.75,271.09,152.13,227.26,1,1,0.84123
57,15,619.84,281.42,163.79,224.63,1,1,0.8619
57,16,726.75,262.58,171.23,204.32,1,1,0.79737
57,19,1236.3,266.7,125.06,234.36,1,1,0.76124
57,17,401.07,228.84,199.63,257.98,1,1,0.89377
57,6,1312.61,254.39,162.07,202.01,1,1,0.85575
58,0,1798.39,340.5,113.91,221.03,1,1,0.90817
58,1,73.81,424.67,162.77,224.39,1,1,0.89058
58,2,678.25,446.42,170.39,247.22,1,1,0.89529
58,3,1238.93,419.14,137.65,255.12,1,1,0.86476
58,4,1111.46,272.86,181.48,234.91,1,1,0.85298
58,5,1504.68,247.84,105.61,256.47,1,1,0.74031
58,7,1244.34,662.1,123.44,249.39,1,1,0.88852
58,10,858.13,146.44,114.18,135.43,1,1,0.77392
58,11,964.25,119.02,142.74,242.63,1,1,0.86945
58,12,952.5,278.46,142.21,210.6,1,1,0.84326
58,13,88.81,268.06,125.18,189.83,1,1,0.84077
58,14,806.74,264.89,158.25,233.34,1,1,0.84088
58,15,620.3,276.03,175.05,228.17,1,1,0.86559
58,16,745.06,253.79,159.21,207.6,1,1,0.78069
58,19,1242.58,255.88,125.31,240.48,1,1,0.7732
58,17,421.5,225.42,202.7,255.95,1,1,0.86824
58,6,1318.83,249.8,165.67,208.66,1,1,0.83866
59,0,1792.69,342.67,113.39,229.8,1,1,0.90293
59,1,72.06,426.12,165.0,221.99,1,1,0.88887
59,2,678.73,448.1,180.24,244.52,1,1,0.90163
59,3,1240.08,419.84,144.45,249.9,1,1,0.88193
59,4,1130.08,267.1,172.58,234.5,1,1,0.84908
59,5,1504.85,247.01,110.23,256.26,1,1,0.77593
59,7,1231.68,661.41,127.63,256.31,1,1,0.89902
59,10,884.7,146.26,101.74,134.47,1,1,0.79802
59,11,974.03,116.61,137.59,240.51,1,1,0.87322
59,12,958.2,270.35,143.35,221.45,1,1,0.85766
59,13,70.89,270.57,123.02,191.99,1,1,0.8652
59,14,812.8,257.92,168.37,239.54,1,1,0.86104
59,15,623.19,270.26,183.2,231.68,1,1,0.88101
59,16,763.55,243.64,147.3,204.81,1,1,0.83892
59,19,1249.51,247.62,124.87,237.68,1,1,0.82024
59,17,449.16,223.42,202.82,252.27,1,1,0.86427
59,6,1328.71,244.91,165.3,214.99,1,1,0.86299
60,0,1788.94,344.91,117.14,232.72,1,1,0.89863
60,1,69.85,426.77,165.83,220.51,1,1,0.89531
60,2,679.92,448.9,185.71,243.51,1,1,0.90965
60,3,1240.05,417.73,153.66,249.51,1,1,0.88604
60,4,1141.95,263.29,169.99,228.93,1,1,0.86915
60,5,1510.51,245.23,124.94,257.03,1,1,0.80954
60,7,1220.41,663.41,127.42,258.88,1,1,0.90232
60,10,903.12,147.89,100.2,133.17,1,1,0.73707
60,11,981.05,115.91,134.26,236.84,1,1,0.87344
60,12,965.06,265.44,144.64,229.01,1,1,0.85317
60,13,51.73,273.15,123.87,191.03,1,1,0.88803
60,14,821.52,247.84,168.52,248.12,1,1,0.86286
60,15,628.06,265.85,188.26,229.56,1,1,0.88378
60,16,774.49,237.3,140.56,211.14,1,1,0.84663
60,19,1260.05,244.04,121.01,228.25,1,1,0.86235
60,17,489.11,222.58,174.71,250.01,1,1,0.84452
60,6,1334.66,240.11,167.88,218.8,1,1,0.87198
61,0,1786.02,346.86,127.0,232.54,1,1,0.90717
61,1,66.46,426.7,167.73,219.67,1,1,0.89492
61,2,680.62,447.75,187.54,244.98,1,1,0.91131
61,3,1237.9,413.37,166.12,254.98,1,1,0.88276
61,4,1154.76,260.17,168.2,223.41,1,1,0.85965
61,5,1517.05,241.13,139.52,261.16,1,1,0.83145
61,7,1207.22,666.55,128.95,260.65,1,1,0.89384
61,10,916.45,149.9,102.1,124.17,1,1,0.79919
61,11,988.95,116.01,133.73,235.86,1,1,0.87831
61,12,976.45,263.8,143.78,232.18,1,1,0.8637
61,13,32.69,276.53,128.21,187.74,1,1,0.87084
61,14,836.91,240.45,164.12,255.45,1,1,0.86633
61,15,638.14,261.77,188.09,225.96,1,1,0.88437
61,16,785.89,232.95,134.52,216.8,1,1,0.87312
61,19,1265.89,242.41,127.22,230.16,1,1,0.84726
61,17,519.21,221.07,167.64,249.51,1,1,0.86743
61,6,1334.76,235.88,173.25,224.21,1,1,0.86008
62,0,1780.65,350.92,132.54,228.12,1,1,0.92318
62,1,64.57,425.05,165.9,219.27,1,1,0.88996
62,2,679.94,445.05,189.27,246.63,1,1,0.91448
62,3,1233.71,407.16,177.93,260.92,1,1,0.88039
62,4,1164.46,258.39,168.89,219.32,1,1,0.85463
62,5,1521.01,236.0,152.72,263.94,1,1,0.86779
62,7,1191.81,668.05,126.84,268.4,1,1,0.89186
62,10,940.11,152.45,97.56,117.46,1,1,0.76342
62,11,996.13,118.12,131.08,236.59,1,1,0.83855
62,12,984.09,261.16,151.99,234.15,1,1,0.85417
62,13,12.35,280.28,130.36,180.69,1,1,0.87999
62,14,858.17,232.63,154.23,262.44,1,1,0.86239
62,15,656.06,256.97,178.62,226.87,1,1,0.88045
62,16,796.97,228.77,129.83,220.82,1,1,0.87047
62,19,1265.51,244.57,133.25,234.74,1,1,0.79421
62,17,533.71,219.6,166.96,249.86,1,1,0.87066
62,6,1341.95,232.94,165.81,223.01,1,1,0.84491
63,0,1772.34,353.28,136.23,224.93,1,1,0.91142
63,1,55.5,424.88,171.01,218.78,1,1,0.89876
63,2,675.66,443.73,193.42,247.11,1,1,0.91405
63,3,1229.6,402.37,179.87,263.14,1,1,0.86819
63,4,1166.41,256.78,177.93,216.73,1,1,0.848
63,5,1521.21,232.27,160.83,267.06,1,1,0.86619
63,7,1167.95,673.7,129.15,268.69,1,1,0.89046
63,10,962.98,154.93,89.35,105.14,1,1,0.75149
63,11,991.78,140.19,140.94,218.58,1,1,0.69358
63,12,989.27,259.83,156.94,235.23,1,1,0.87188
63,13,-1.73,285.16,122.49,184.49,1,1,0.89865
63,14,876.37,228.0,145.84,266.07,1,1,0.85858
63,15,680.49,253.85,159.12,229.39,1,1,0.8617
63,16,800.39,225.03,131.68,227.23,1,1,0.87011
63,19,1261.1,239.95,149.03,244.0,1,1,0.83461
63,17,546.28,218.84,167.92,248.84,1,1,0.88771
63,6,1353.1,231.88,151.83,228.54,1,1,0.86168
64,0,1762.56,356.21,137.8,228.29,1,1,0.90127
64,1,43.51,424.33,177.67,218.41,1,1,0.90914
64,2,672.9,438.69,196.58,251.12,1,1,0.91743
64,3,1231.36,398.22,179.99,263.3,1,1,0.8853
64,4,1174.57,255.34,182.54,209.71,1,1,0.8348
64,5,1520.9,233.26,161.77,265.01,1,1,0.87729
64,7,1145.32,676.71,134.63,267.29,1,1,0.88626
64,11,987.27,150.73,136.41,210.03,1,1,0.77572
64,12,998.21,258.71,147.68,236.51,1,1,0.869
64,13,-6.61,291.17,101.22,190.78,1,1,0.89933
64,14,888.89,223.13,132.87,270.85,1,1,0.8459
64,15,706.7,251.66,140.56,230.67,1,1,0.85355
64,16,804.77,221.13,132.9,238.87,1,1,0.85654
64,19,1261.77,237.0,154.36,239.01,1,1,0.83184
64,17,569.72,218.54,156.64,254.71,1,1,0.86953
64,6,1358.26,231.18,141.97,236.36,1,1,0.84102
64,21,1554.2,208.41,95.41,85.77,1,1,0.69143
65,0,1749.97,361.09,141.84,240.2,1,1,0.89921
65,1,30.64,423.39,185.22,219.33,1,1,0.89842
65,2,670.76,434.13,198.29,255.36,1,1,0.90722
65,3,1241.3,395.04,158.44,260.44,1,1,0.86741
65,4,1174.29,255.54,198.16,206.96,1,1,0.81307
65,5,1516.86,232.47,162.04,265.18,1,1,0.87175
65,7,1120.69,680.47,142.82,265.31,1,1,0.89541
65,11,992.13,155.52,126.13,202.79,1,1,0.76877
65,12,1002.76,257.78,144.81,237.91,1,1,0.86708
65,13,-6.9,311.77,79.17,170.33,1,1,0.77962
65,14,898.61,217.27,121.79,275.37,1,1,0.85555
65,15,725.05,250.59,126.76,230.93,1,1,0.82973
65,16,810.48,217.61,131.65,247.48,1,1,0.8478
65,19,1264.34,237.17,155.54,237.46,1,1,0.83743
65,17,581.67,219.54,157.25,253.89,1,1,0.8735
65,6,1364.64,231.03,130.1,242.17,1,1,0.85155
65,21,1557.89,203.1,94.19,88.64,1,1,0.7412
66,0,1738.85,366.66,136.91,248.84,1,1,0.9112
66,1,13.88,421.86,197.27,221.91,1,1,0.91772
66,2,675.37,433.61,194.43,255.07,1,1,0.90571
66,3,1252.48,391.57,149.49,256.27,1,1,0.88585
66,4,1187.11,252.46,197.47,214.26,1,1,0.82149
66,5,1518.24,235.54,156.57,261.3,1,1,0.88892
66,7,1103.35,680.98,145.56,268.85,1,1,0.89464
66,11,1002.6,158.76,121.14,192.6,1,1,0.71181
66,12,1007.22,255.38,138.31,240.0,1,1,0.85836
66,13,-5.26,313.04,45.29,208.63,1,1,0.74672
66,14,908.27,211.21,116.03,274.19,1,1,0.84695
66,15,733.78,249.6,120.13,231.34,1,1,0.82598
66,16,818.48,219.12,128.5,249.14,1,1,0.86716
66,19,1260.08,238.84,158.8,234.89,1,1,0.78775
66,17,594.14,221.67,155.18,254.19,1,1,0.88436
66,6,1371.89,230.86,129.76,239.62,1,1,0.88501
66,21,1560.77,201.6,96.24,91.69,1,1,0.78738
67,0,1726.47,373.46,134.44,251.19,1,1,0.89808
67,1,2.2,419.63,203.73,224.23,1,1,0.92395
67,2,684.46,431.58,181.89,256.48,1,1,0.89437
67,3,1256.92,387.23,142.56,254.98,1,1,0.8873
67,4,1197.83,250.74,191.22,220.05,1,1,0.85857
67,5,1526.47,237.54,146.02,257.82,1,1,0.85567
67,7,1089.26,680.68,147.4,275.3,1,1,0.88175
67,11,1014.94,161.28,119.11,190.72,1,1,0.7445
67,12,1008.65,251.44,133.89,242.12,1,1,0.84829
67,14,916.65,208.23,115.03,272.05,1,1,0.83639
67,15,741.07,248.83,117.72,234.67,1,1,0.84551
67,16,825.92,219.29,122.85,250.14,1,1,0.85593
67,19,1293.67,223.55,125.98,218.42,1,1,0.69095
67,17,604.45,223.8,151.02,252.29,1,1,0.88108
67,6,1377.83,230.63,134.31,238.84,1,1,0.88908
67,21,1563.21,200.03,96.65,84.94,1,1,0.75492
68,0,1712.73,381.26,140.14,248.94,1,1,0.91108
68,1,-2.53,416.92,197.56,226.56,1,1,0.9261
68,2,694.02,431.37,167.91,256.43,1,1,0.88864
68,3,1258.43,384.18,140.59,252.94,1,1,0.89232
68,4,1201.42,250.08,190.14,222.74,1,1,0.86108
68,5,1532.92,237.72,131.06,255.85,1,1,0.84891
68,7,1067.62,681.91,152.04,275.62,1,1,0.88502
68,11,1027.75,161.52,117.75,191.37,1,1,0.79604
68,12,1008.75,250.38,129.26,240.88,1,1,0.85762
68,14,922.42,205.32,109.76,271.5,1,1,0.84196
68,15,743.65,248.55,121.07,236.77,1,1,0.86195
68,16,832.42,218.84,118.45,255.18,1,1,0.86524
68,19,1308.56,214.15,112.75,208.06,1,1,0.79248
68,17,611.68,225.59,147.53,250.43,1,1,0.89049
68,6,1380.47,228.91,141.92,229.69,1,1,0.87376
68,21,1569.98,198.55,87.46,81.1,1,1,0.6899
69,0,1695.8,389.95,150.17,243.5,1,1,0.90603
69,1,-4.07,415.98,185.24,226.69,1,1,0.92443
69,2,701.37,431.58,158.9,255.79,1,1,0.87921
69,3,1256.12,379.98,143.94,252.81,1,1,0.88106
69,4,1204.02,249.27,182.92,226.02,1,1,0.87128
69,5,1530.54,238.44,131.32,253.01,1,1,0.84477
69,7,1046.58,685.37,154.89,281.64,1,1,0.87742
69,11,1035.91,164.53,120.94,196.14,1,1,0.81341
69,12,1006.17,249.47,129.59,238.32,1,1,0.8611
69,14,925.84,205.17,109.63,269.93,1,1,0.82919
69,15,738.48,248.15,140.12,239.08,1,1,0.8761
69,16,838.18,218.77,116.95,249.99,1,1,0.83918
69,19,1313.51,204.83,110.1,208.93,1,1,0.80181
69,17,615.33,227.39,147.19,250.18,1,1,0.88787
69,6,1380.74,225.19,152.06,226.15,1,1,0.8844
69,23,950.52,145.77,86.25,105.54,1,1,0.6527
70,0,1678.39,396.14,158.53,237.67,1,1,0.90598
70,1,-4.1,415.32,163.72,225.25,1,1,0.91258
70,2,703.6,431.37,156.85,255.39,1,1,0.88456
70,3,1253.44,378.79,148.36,249.22,1,1,0.88755
70,4,1205.45,245.39,176.0,231.37,1,1,0.87561
70,5,1531.08,238.21,131.02,251.73,1,1,0.83747
70,7,1031.1,689.5,148.23,285.58,1,1,0.87626
70,11,1047.14,167.84,120.84,207.83,1,1,0.84605
70,12,1004.92,249.03,125.28,233.11,1,1,0.85595
70,14,931.49,206.53,112.03,264.72,1,1,0.83997
70,15,734.05,246.63,156.54,239.12,1,1,0.87985
70,16,842.85,219.08,114.61,241.26,1,1,0.82746
70,19,1314.65,198.4,109.51,212.9,1,1,0.80344
70,17,617.87,227.51,148.18,251.42,1,1,0.88547
70,6,1382.39,222.71,161.49,223.65,1,1,0.88445
70,23,931.83,142.79,88.81,132.22,1,1,0.68866
70,21,1580.22,198.08,89.01,147.17,1,1,0.6898
71,0,1658.97,401.5,167.92,238.15,1,1,0.91146
71,1,-3.63,415.78,131.9,222.99,1,1,0.88505
71,2,704.78,432.56,151.74,253.81,1,1,0.88078
71,3,1248.48,379.16,154.49,240.49,1,1,0.89706
71,4,1204.85,240.7,172.34,235.02,1,1,0.86528
71,5,1532.81,238.24,131.84,249.41,1,1,0.84723
71,7,1012.15,697.26,135.72,285.14,1,1,0.86802
71,11,1056.8,170.93,124.78,212.54,1,1,0.8392
71,12,1005.74,249.03,117.13,228.16,1,1,0.85162
71,14,935.06,209.44,109.15,262.77,1,1,0.84345
71,15,732.73,246.89,157.98,235.58,1,1,0.865
71,16,842.63,219.21,116.47,235.73,1,1,0.82125
71,19,1315.01,193.46,107.19,229.22,1,1,0.79449
71,17,618.26,227.12,149.48,252.73,1,1,0.86482
71,6,1383.39,221.47,170.6,228.04,1,1,0.8853
71,21,1583.39,197.94,89.96,176.28,1,1,0.74928
72,0,1637.48,407.6,175.02,243.9,1,1,0.92081
72,1,-2.63,423.21,88.9,209.82,1,1,0.77946
72,2,705.74,434.2,146.26,251.84,1,1,0.87882
72,3,1240.34,380.48,166.85,230.95,1,1,0.90061
72,4,1208.39,235.99,166.14,234.45,1,1,0.85616
72,5,1540.99,237.41,123.4,249.21,1,1,0.83829
72,7,987.3,701.34,126.25,285.08,1,1,0.86414
72,11,1068.63,173.13,123.01,216.96,1,1,0.8489
72,12,1005.88,248.89,111.22,224.06,1,1,0.85762
72,14,936.12,211.88,108.09,260.69,1,1,0.85471
72,15,738.45,249.43,154.5,230.58,1,1,0.85503
72,16,846.2,220.11,115.43,221.55,1,1,0.82665
72,19,1314.45,190.11,103.23,234.56,1,1,0.79706
72,17,616.74,226.42,150.01,254.31,1,1,0.86
72,6,1386.75,221.02,173.15,232.39,1,1,0.89298
72,21,1583.0,198.05,91.03,194.77,1,1,0.78614
72,23,888.06,134.88,93.1,127.32,1,1,0.77854
73,0,1613.63,413.62,171.07,253.69,1,1,0.90953
73,1,-1.54,451.73,44.63,187.47,1,1,0.76947
73,2,705.14,437.82,144.84,246.93,1,1,0.89063
73,3,1237.76,381.97,180.38,226.13,1,1,0.89715
73,4,1214.02,230.25,162.11,238.87,1,1,0.84528
73,5,1548.15,237.4,113.41,247.58,1,1,0.85394
73,7,959.71,709.16,125.55,284.48,1,1,0.86068
73,11,1080.54,175.7,117.04,216.63,1,1,0.85493
73,12,1006.9,248.95,108.31,219.34,1,1,0.83675
73,14,939.12,213.5,108.51,260.63,1,1,0.82539
73,15,741.48,251.26,153.07,227.26,1,1,0.86694
73,16,848.05,222.84,116.57,215.91,1,1,0.81807
73,19,1314.01,188.28,105.74,235.19,1,1,0.79401
73,17,618.45,224.96,155.25,255.41,1,1,0.87049
73,6,1386.18,220.29,177.63,235.12,1,1,0.89362
73,21,1580.54,198.14,92.28,201.2,1,1,0.7893
73,23,862.82,132.03,101.46,125.26,1,1,0.77195
74,0,1585.78,419.01,166.56,255.97,1,1,0.90669
74,2,702.92,441.55,142.2,243.27,1,1,0.89812
74,3,1233.18,384.56,191.55,222.16,1,1,0.89986
74,4,1219.34,226.15,157.17,234.41,1,1,0.8376
74,5,1556.39,238.47,113.05,235.9,1,1,0.82503
74,7,933.7,717.18,127.32,288.69,1,1,0.86148
74,11,1091.48,177.03,115.37,216.45,1,1,0.85159
74,12,1010.13,246.48,107.74,216.42,1,1,0.80949
74,14,939.14,218.36,112.42,257.89,1,1,0.84196
74,15,747.47,253.28,143.36,225.79,1,1,0.86313
74,16,847.15,221.04,121.78,218.76,1,1,0.81557
74,19,1313.69,187.23,117.12,240.85,1,1,0.80766
74,17,619.44,222.63,158.2,256.96,1,1,0.86967
74,6,1383.96,219.16,183.72,238.59,1,1,0.89083
74,21,1578.92,198.02,93.73,207.22,1,1,0.74627
74,23,838.88,131.32,108.81,124.67,1,1,0.77195
75,0,1565.47,424.86,161.23,253.75,1,1,0.90806
75,2,701.15,448.46,138.89,239.22,1,1,0.88681
75,3,1232.9,386.7,196.07,218.7,1,1,0.88998
75,4,1222.63,223.92,156.27,231.2,1,1,0.8484
75,5,1560.45,239.52,134.67,229.57,1,1,0.85108
75,7,907.22,722.71,134.44,288.16,1,1,0.85676
75,11,1101.58,176.45,118.67,218.15,1,1,0.8596
75,12,1012.28,243.53,106.19,215.64,1,1,0.76135
75,14,943.0,222.4,111.83,255.75,1,1,0.8529
75,15,757.33,257.45,129.55,223.91,1,1,0.86178
75,16,852.08,218.22,123.71,226.75,1,1,0.81427
75,19,1315.04,186.96,129.19,233.01,1,1,0.83236
75,17,625.88,220.66,155.26,257.49,1,1,0.86545
75,6,1383.0,220.55,189.0,238.01,1,1,0.88098
75,21,1582.5,198.13,97.1,197.7,1,1,0.66883
75,23,821.49,130.97,115.37,139.48,1,1,0.76896
76,0,1543.82,429.76,168.64,251.42,1,1,0.90418
76,2,699.84,454.34,134.03,235.59,1,1,0.88506
76,3,1238.28,388.09,189.24,216.01,1,1,0.84059
76,4,1222.16,222.99,156.58,229.97,1,1,0.86676
76,5,1564.04,240.88,152.07,228.53,1,1,0.86638
76,7,885.05,726.7,139.99,288.77,1,1,0.86475
76,11,1118.13,172.67,120.58,222.72,1,1,0.85582
76,12,1014.99,239.5,124.02,221.24,1,1,0.81058
76,14,942.1,225.93,118.13,255.36,1,1,0.85788
76,15,763.42,261.45,124.67,221.02,1,1,0.86083
76,16,856.0,214.89,130.04,230.1,1,1,0.84143
76,19,1320.21,186.78,133.05,226.81,1,1,0.86347
76,17,639.65,219.84,144.59,255.47,1,1,0.86806
76,6,1384.42,223.37,192.17,234.14,1,1,0.88526
76,21,1587.94,198.95,99.06,191.77,1,1,0.67862
76,23,807.43,130.65,120.98,168.63,1,1,0.82742
77,0,1508.12,434.8,192.61,247.31,1,1,0.89227
77,2,694.58,458.85,130.74,231.32,1,1,0.88085
77,3,1233.59,389.51,188.93,214.08,1,1,0.87351
77,4,1221.53,221.59,160.94,229.4,1,1,0.86084
77,5,1563.36,244.39,164.08,227.59,1,1,0.87701
77,7,861.29,733.64,142.95,288.88,1,1,0.85719
77,11,1123.92,166.65,130.43,226.54,1,1,0.85263
77,12,1014.01,235.56,128.93,230.39,1,1,0.81008
77,14,935.89,229.1,124.45,253.45,1,1,0.85563
77,15,764.29,263.11,119.5,219.61,1,1,0.86327
77,16,859.24,213.73,133.51,231.57,1,1,0.83611
77,19,1321.18,184.78,134.61,223.79,1,1,0.86076
77,17,647.32,220.23,138.34,253.19,1,1,0.86983
77,6,1387.97,226.09,190.71,231.53,1,1,0.88076
77,21,1592.43,201.09,98.39,189.02,1,1,0.69978
77,23,790.39,129.27,129.11,172.98,1,1,0.84191
78,0,1480.44,439.89,198.66,240.82,1,1,0.8983
78,2,686.35,463.44,129.48,224.11,1,1,0.88486
78,3,1225.04,389.39,186.66,213.76,1,1,0.8873
78,4,1216.81,220.77,168.23,227.44,1,1,0.86744
78,5,1555.3,246.78,172.77,232.39,1,1,0.86872
78,7,835.59,739.27,149.63,289.53,1,1,0.86733
78,11,1122.44,159.21,141.92,229.66,1,1,0.86036
78,12,1011.92,231.44,127.74,234.85,1,1,0.84415
78,14,930.16,231.3,127.8,252.41,1,1,0.8513
78,15,757.82,265.02,118.18,218.68,1,1,0.86405
78,16,862.26,213.48,134.81,232.19,1,1,0.84001
78,19,1318.39,180.72,139.78,226.85,1,1,0.87736
78,17,645.94,221.22,135.51,252.06,1,1,0.88121
78,6,1393.31,228.08,184.59,230.33,1,1,0.8811
78,21,1593.34,203.44,99.43,189.57,1,1,0.77947
78,23,766.21,126.4,136.58,187.15,1,1,0.83245
79,0,1459.31,444.61,191.76,243.14,1,1,0.90074
79,2,674.14,465.47,133.1,223.16,1,1,0.84209
79,3,1217.42,391.4,179.57,211.62,1,1,0.89356
79,4,1205.21,220.7,176.58,225.09,1,1,0.85722
79,5,1545.9,251.75,173.9,230.09,1,1,0.87845
79,7,813.5,746.62,139.51,288.83,1,1,0.84994
79,11,1121.5,152.66,150.38,232.1,1,1,0.86898
79,12,1008.55,228.68,121.0,237.98,1,1,0.83401
79,14,927.43,232.4,123.03,251.95,1,1,0.84148
79,15,750.5,269.55,139.24,212.12,1,1,0.88924
79,16,865.45,213.4,130.18,232.62,1,1,0.83738
79,19,1312.6,177.79,148.21,236.38,1,1,0.88586
79,17,639.14,222.98,134.71,251.53,1,1,0.88189
79,6,1408.29,230.5,167.99,227.74,1,1,0.8873
79,21,1591.87,206.96,101.89,203.09,1,1,0.7847
79,23,738.51,123.31,156.26,192.76,1,1,0.85388
80,0,1431.31,447.55,184.44,253.85,1,1,0.90277
80,2,660.06,466.15,138.07,222.52,1,1,0.7882
80,3,1210.13,392.5,173.48,210.29,1,1,0.88866
80,4,1192.35,220.21,185.19,223.77,1,1,0.8741
80,5,1540.42,256.55,168.88,226.27,1,1,0.87923
80,7,798.65,751.8,128.76,298.78,1,1,0.8486
80,11,1121.43,146.51,157.92,225.71,1,1,0.88351
80,12,1002.53,225.75,113.49,245.52,1,1,0.81721
80,14,928.18,232.89,116.79,250.84,1,1,0.8229
80,15,743.66,270.25,150.49,212.69,1,1,0.88956
80,16,864.34,212.37,125.91,232.9,1,1,0.83639
80,19,1305.37,175.35,155.07,246.43,1,1,0.87438
80,17,632.16,224.25,135.5,248.88,1,1,0.87558
80,6,1413.35,233.39,161.75,221.96,1,1,0.89236
80,21,1587.78,210.07,109.33,207.55,1,1,0.82911
80,23,709.63,119.79,170.35,195.54,1,1,0.86817
81,0,1398.47,454.5,173.72,259.81,1,1,0.90036
81,2,643.53,464.28,134.14,223.88,1,1,0.82486
81,3,1202.62,393.41,171.02,208.06,1,1,0.89615
81,4,1186.01,219.62,186.42,224.49,1,1,0.8751
81,5,1536.47,255.95,160.03,228.83,1,1,0.86724
81,7,779.09,756.33,115.64,295.3,1,1,0.8611
81,11,1128.63,141.21,158.75,217.33,1,1,0.87997
81,12,997.82,223.09,107.84,239.37,1,1,0.85255
81,14,924.02,233.52,117.94,253.08,1,1,0.82906
81,15,736.54,272.06,154.85,212.61,1,1,0.8831
81,16,862.44,212.26,125.58,234.09,1,1,0.86146
81,19,1300.24,175.19,152.08,246.57,1,1,0.85846
81,17,622.67,226.35,136.74,246.95,1,1,0.8726
81,6,1407.72,236.25,165.46,219.82,1,1,0.89544
81,21,1591.6,212.23,112.54,214.83,1,1,0.85823
81,23,678.74,117.36,184.18,198.76,1,1,0.85494
82,0,1363.25,462.05,154.85,257.02,1,1,0.87651
82,2,622.66,461.27,133.25,222.49,1,1,0.84822
82,3,1194.31,395.61,169.37,205.33,1,1,0.89601
82,4,1184.13,219.2,183.82,225.4,1,1,0.86722
82,5,1535.24,254.58,145.7,229.84,1,1,0.86292
82,7,760.84,759.3,105.91,283.39,1,1,0.87341
82,11,1143.55,136.7,150.82,208.93,1,1,0.86826
82,12,994.76,220.24,104.52,238.38,1,1,0.86593
82,14,914.19,234.32,119.97,252.83,1,1,0.85824
82,15,721.58,275.54,161.59,208.77,1,1,0.89945
82,16,853.19,212.82,131.26,236.32,1,1,0.87066
82,19,1296.22,176.98,135.84,250.47,1,1,0.85052
82,17,615.58,229.15,131.14,242.74,1,1,0.86223
82,6,1402.69,237.07,168.95,219.67,1,1,0.89447
82,21,1595.13,215.7,111.56,218.63,1,1,0.86462
82,23,647.61,115.49,164.78,193.19,1,1,0.8158
83,0,1332.13,470.04,148.23,251.26,1,1,0.88991
83,2,599.94,458.42,135.63,225.91,1,1,0.88223
83,3,1193.04,397.0,157.49,202.41,1,1,0.88693
83,4,1190.41,215.6,176.13,230.17,1,1,0.85974
83,5,1531.31,254.6,137.05,229.97,1,1,0.83617
83,7,741.83,761.64,104.19,291.93,1,1,0.87525
83,11,1180.18,132.74,120.57,211.41,1,1,0.83563
83,12,994.86,216.54,102.58,239.88,1,1,0.86761
83,14,910.61,237.96,119.87,250.77,1,1,0.86215
83,15,707.95,273.38,166.86,211.2,1,1,0.88606
83,16,845.99,211.53,133.0,238.27,1,1,0.87404
83,19,1291.86,176.01,125.61,257.67,1,1,0.8211
83,17,610.17,231.89,127.75,237.11,1,1,0.87177
83,6,1402.13,235.2,170.83,221.95,1,1,0.88171
83,21,1597.34,218.78,104.47,218.03,1,1,0.84637
83,23,616.44,110.65,147.54,184.23,1,1,0.78539
84,0,1302.26,476.07,158.88,246.73,1,1,0.90276
84,2,574.5,454.96,145.19,228.17,1,1,0.88094
84,3,1192.98,400.92,139.37,197.41,1,1,0.86298
84,4,1206.03,210.63,164.07,235.15,1,1,0.84913
84,5,1525.22,255.03,130.86,224.52,1,1,0.83844
84,7,718.83,767.45,107.4,295.71,1,1,0.8778
84,11,1200.26,129.42,109.41,220.98,1,1,0.84149
84,12,996.28,214.88,100.42,242.6,1,1,0.8617
84,14,909.63,240.17,117.13,245.8,1,1,0.84632
84,15,702.37,274.73,161.47,209.07,1,1,0.8856
84,16,845.24,209.77,129.51,237.66,1,1,0.86353
84,19,1288.19,174.65,115.67,251.38,1,1,0.79878
84,17,608.18,233.03,121.8,234.63,1,1,0.87165
84,6,1401.43,231.28,176.21,225.78,1,1,0.87893
84,21,1595.58,222.24,102.31,213.61,1,1,0.81272
84,23,589.36,107.78,132.26,174.46,1,1,0.80997
85,0,1274.66,481.72,173.91,242.57,1,1,0.90418
85,2,547.65,454.15,161.54,231.62,1,1,0.87808
85,3,1190.06,402.63,120.26,196.24,1,1,0.84997
85,4,1221.29,202.68,157.86,244.24,1,1,0.84777
85,5,1522.88,257.39,124.55,221.44,1,1,0.8369
85,7,699.6,775.46,112.15,296.45,1,1,0.88251
85,11,1217.11,126.63,105.4,232.17,1,1,0.8398
85,12,996.51,214.74,106.68,244.99,1,1,0.85336
85,14,912.03,245.02,115.89,240.19,1,1,0.81756
85,15,699.77,278.02,155.51,205.73,1,1,0.88253
85,16,846.71,209.46,126.08,239.68,1,1,0.87365
85,17,606.71,234.41,115.25,235.72,1,1,0.868
85,6,1405.91,227.71,176.12,227.31,1,1,0.89062
85,21,1597.7,225.75,100.5,210.07,1,1,0.84504
85,23,562.12,105.69,130.59,168.29,1,1,0.80277
86,0,1244.12,485.54,189.86,245.98,1,1,0.90259
86,2,526.84,452.88,173.28,221.09,1,1,0.87338
86,3,1185.67,402.15,109.24,197.12,1,1,0.84772
86,4,1242.72,198.43,138.74,248.44,1,1,0.85607
86,5,1520.08,258.64,120.56,224.14,1,1,0.83987
86,7,682.14,784.1,116.84,293.02,1,1,0.89725
86,11,1213.9,123.12,119.36,239.55,1,1,0.85565
86,12,999.22,214.22,111.99,251.21,1,1,0.85545
86,14,917.4,248.93,111.94,238.17,1,1,0.81515
86,15,695.07,279.04,157.55,205.17,1,1,0.89807
86,16,853.55,208.84,119.44,238.69,1,1,0.8679
86,17,606.8,233.59,110.25,236.14,1,1,0.88007
86,6,1418.53,223.67,164.44,230.72,1,1,0.88422
86,21,1597.21,228.23,104.9,206.79,1,1,0.83541
86,23,538.74,102.0,130.85,176.18,1,1,0.8166
87,0,1208.11,487.55,203.09,257.59,1,1,0.89699
87,2,508.49,452.21,182.35,208.12,1,1,0.8934
87,3,1178.32,402.36,105.2,201.86,1,1,0.78935
87,4,1253.23,195.72,129.53,246.85,1,1,0.8296
87,5,1516.04,264.61,118.98,225.73,1,1,0.84462
87,7,661.74,794.07,126.58,286.51,1,1,0.90253
87,11,1211.67,119.78,136.89,240.16,1,1,0.8577
87,12,1001.57,215.85,117.79,245.93,1,1,0.87475
87,14,926.14,254.14,113.2,234.98,1,1,0.83973
87,15,687.11,279.28,161.25,205.65,1,1,0.90243
87,16,864.14,209.33,110.1,245.75,1,1,0.88729
87,17,603.63,233.62,108.29,237.32,1,1,0.87921
87,6,1437.26,220.44,144.67,234.3,1,1,0.87732
87,21,1601.07,230.91,106.47,203.56,1,1,0.85786
87,23,514.69,97.77,133.5,198.2,1,1,0.85599
88,0,1174.56,494.59,214.71,263.53,1,1,0.89078
88,2,488.3,451.28,185.0,205.03,1,1,0.88228
88,3,1166.65,399.37,136.66,194.79,1,1,0.89861
88,4,1258.61,193.12,126.49,248.96,1,1,0.83602
88,5,1509.12,264.44,117.74,231.1,1,1,0.85098
88,7,638.36,802.7,136.75,278.75,1,1,0.90532
88,11,1208.29,118.9,151.43,239.91,1,1,0.86202
88,12,997.94,217.23,123.85,244.4,1,1,0.87466
88,14,925.5,257.64,121.31,231.5,1,1,0.86341
88,15,672.5,277.19,167.23,208.08,1,1,0.90197
88,16,865.64,209.39,111.11,249.46,1,1,0.88828
88,17,595.41,234.73,108.38,237.82,1,1,0.87804
88,6,1450.57,216.08,130.86,242.39,1,1,0.87582
88,21,1602.37,228.92,112.65,204.98,1,1,0.8643
88,23,488.27,94.16,138.39,212.25,1,1,0.86868
89,0,1144.8,499.5,192.22,265.25,1,1,0.86507
89,2,466.73,450.47,188.84,202.71,1,1,0.90572
89,3,1154.24,394.81,151.01,197.1,1,1,0.89623
89,4,1258.04,193.29,123.34,238.61,1,1,0.8052
89,5,1503.88,265.03,119.26,234.04,1,1,0.85685
89,7,619.54,808.44,142.97,273.14,1,1,0.90034
89,11,1209.11,124.11,165.82,223.72,1,1,0.7902
89,12,996.9,219.12,131.88,243.94,1,1,0.88581
89,14,918.84,260.38,126.84,230.94,1,1,0.86344
89,15,653.65,276.2,179.12,211.02,1,1,0.90725
89,16,863.81,213.29,117.72,248.4,1,1,0.8897
89,17,582.91,236.27,110.63,236.42,1,1,0.88387
89,6,1468.37,211.07,113.5,245.56,1,1,0.86435
89,21,1605.73,227.75,113.25,207.72,1,1,0.86504
89,23,461.74,92.2,149.07,220.33,1,1,0.88915
90,0,1118.87,505.7,172.39,261.65,1,1,0.9217
90,2,453.57,448.08,191.14,208.17,1,1,0.91937
90,3,1143.68,392.01,159.28,202.32,1,1,0.88961
90,4,1263.31,190.31,119.28,228.8,1,1,0.81221
90,5,1501.14,264.12,123.87,237.57,1,1,0.85687
90,7,606.81,811.16,142.13,270.26,1,1,0.9026
90,12,1002.09,220.8,135.55,242.36,1,1,0.88699
90,14,922.03,263.86,124.95,228.07,1,1,0.87139
90,15,642.28,277.46,184.13,209.68,1,1,0.90678
90,16,864.25,218.04,122.83,245.0,1,1,0.89869
90,17,578.2,240.59,109.89,231.17,1,1,0.88404
90,6,1480.74,205.89,103.29,246.57,1,1,0.85578
90,21,1614.62,229.66,112.18,209.79,1,1,0.87104
90,23,439.34,91.71,159.81,225.88,1,1,0.88632
90,19,1289.38,119.09,124.62,262.0,1,1,0.76206
91,0,1088.61,510.75,177.83,257.72,1,1,0.92135
91,2,444.93,444.68,190.77,213.0,1,1,0.92257
91,3,1136.0,389.24,162.58,210.24,1,1,0.89065
91,4,1266.27,183.11,125.37,230.57,1,1,0.81338
91,5,1503.93,265.54,127.44,237.86,1,1,0.86038
91,7,597.03,815.07,143.83,266.04,1,1,0.90868
91,12,1012.7,221.7,131.02,242.56,1,1,0.88618
91,14,928.63,263.75,124.77,228.0,1,1,0.87443
91,15,633.03,281.2,180.58,206.1,1,1,0.90105
91,16,865.98,223.88,127.19,239.69,1,1,0.90001
91,17,577.91,242.56,108.91,229.32,1,1,0.8893
91,6,1491.36,201.99,104.17,244.19,1,1,0.80501
91,21,1627.23,233.47,119.14,216.9,1,1,0.89299
91,23,418.97,91.03,161.56,229.11,1,1,0.90116
91,19,1317.91,117.01,109.86,248.17,1,1,0.81714
92,0,1059.37,513.25,195.47,255.16,1,1,0.92653
92,2,443.13,440.46,183.48,226.59,1,1,0.91516
92,3,1127.35,389.42,159.04,216.61,1,1,0.88038
92,4,1280.05,177.79,116.32,234.72,1,1,0.83777
92,5,1512.42,268.59,126.8,235.45,1,1,0.86607
92,7,585.28,819.67,147.47,261.17,1,1,0.91111
92,12,1019.88,220.62,128.11,243.93,1,1,0.87355
92,14,932.63,264.55,140.3,227.54,1,1,0.86323
92,15,626.33,282.21,167.13,205.6,1,1,0.89545
92,16,865.88,230.01,136.78,234.92,1,1,0.89874
92,17,576.15,242.65,103.48,229.84,1,1,0.87794
92,6,1498.6,198.53,110.02,241.94,1,1,0.79721
92,21,1635.12,240.45,135.0,224.1,1,1,0.90701
92,23,397.99,90.31,153.98,230.2,1,1,0.89571
92,19,1347.84,118.25,95.47,245.37,1,1,0.85999
93,0,1041.65,515.4,201.3,262.7,1,1,0.92211
93,2,437.36,438.5,177.13,234.09,1,1,0.91897
93,3,1109.96,392.1,159.02,215.81,1,1,0.88279
93,4,1297.68,174.93,107.26,236.37,1,1,0.85945
93,5,1523.17,270.37,121.51,234.68,1,1,0.86922
93,7,574.95,827.03,149.01,253.74,1,1,0.9121
93,12,1030.36,219.89,122.72,242.57,1,1,0.87173
93,14,937.24,266.09,154.53,226.69,1,1,0.87537
93,15,624.36,283.06,155.7,206.2,1,1,0.90153
93,16,867.95,234.36,139.66,230.53,1,1,0.89705
93,17,574.18,243.52,99.79,229.79,1,1,0.87318
93,6,1507.49,198.14,114.8,235.19,1,1,0.77199
93,21,1647.01,246.55,141.82,225.06,1,1,0.91503
93,23,379.16,89.11,162.14,231.86,1,1,0.90296
93,19,1375.84,119.05,87.0,242.89,1,1,0.85527
94,0,1021.28,518.2,207.64,268.49,1,1,0.92748
94,2,434.03,436.55,157.01,238.75,1,1,0.9163
94,3,1093.19,394.8,167.13,211.08,1,1,0.89967
94,4,1310.64,169.15,105.94,238.13,1,1,0.87606
94,5,1533.14,269.57,118.7,235.74,1,1,0.87886
94,7,565.77,834.32,150.53,246.17,1,1,0.91123
94,12,1041.21,216.24,119.01,246.03,1,1,0.86992
94,14,945.54,269.0,154.95,223.79,1,1,0.78576
94,15,620.89,283.23,156.29,206.42,1,1,0.90139
94,16,871.12,237.72,148.34,229.28,1,1,0.87378
94,17,571.65,243.34,99.23,229.82,1,1,0.87889
94,6,1517.31,196.63,136.19,232.71,1,1,0.76708
94,21,1656.87,251.01,145.43,221.13,1,1,0.89107
94,23,360.72,86.13,174.65,234.57,1,1,0.91037
94,19,1395.08,118.13,92.6,243.25,1,1,0.85116
95,0,1000.52,521.4,203.87,275.7,1,1,0.91798
95,2,430.39,436.24,143.05,239.24,1,1,0.91472
95,3,1088.45,397.28,171.86,205.86,1,1,0.89819
95,4,1321.5,161.95,116.79,243.19,1,1,0.86945
95,5,1545.63,268.19,118.46,236.92,1,1,0.87364
95,7,563.3,841.08,148.02,239.17,1,1,0.91032
95,12,1052.03,212.75,115.95,247.49,1,1,0.87242
95,14,904.28,265.53,198.79,225.64,1,1,0.84471
95,15,618.81,282.76,159.7,209.23,1,1,0.89059
95,16,877.09,238.07,149.26,229.62,1,1,0.7228
95,17,570.49,242.86,99.66,229.31,1,1,0.87159
95,6,1530.36,197.05,155.14,189.37,1,1,0.81244
95,21,1679.83,255.34,145.61,217.31,1,1,0.89502
95,23,346.31,83.04,182.9,231.88,1,1,0.91784
95,19,1414.43,115.52,97.07,238.98,1,1,0.83542
95,11,1282.23,150.73,98.0,184.26,1,1,0.67399
96,0,983.45,524.0,190.1,284.03,1,1,0.91076
96,2,417.91,437.39,157.15,236.15,1,1,0.90895
96,3,1093.08,397.74,174.37,205.55,1,1,0.89757
96,4,1337.19,154.16,128.94,249.63,1,1,0.8694
96,5,1562.03,268.1,118.25,236.03,1,1,0.8738
96,7,570.69,846.78,141.25,233.2,1,1,0.89604
96,12,1064.34,209.72,117.1,243.1,1,1,0.87213
96,14,903.97,262.77,204.65,230.16,1,1,0.79436
96,15,620.46,279.61,166.63,218.92,1,1,0.89084
96,16,887.98,239.1,148.08,232.0,1,1,0.69983
96,17,573.75,241.99,100.62,229.27,1,1,0.85805
96,6,1547.88,198.75,157.26,174.99,1,1,0.8196
96,21,1707.03,258.23,149.74,216.27,1,1,0.89377
96,23,332.22,79.73,192.46,230.25,1,1,0.9099
96,19,1442.54,110.69,99.7,220.62,1,1,0.82926
96,11,1289.62,151.49,97.28,188.44,1,1,0.74826
97,0,968.33,528.59,171.4,286.23,1,1,0.9021
97,2,409.54,438.31,175.23,238.28,1,1,0.90568
97,3,1102.5,396.38,171.77,205.47,1,1,0.89843
97,4,1354.41,147.22,141.27,250.91,1,1,0.87474
97,5,1576.35,267.13,127.24,237.71,1,1,0.86772
97,7,581.92,853.65,133.71,226.09,1,1,0.87909
97,12,1078.46,204.01,119.57,244.65,1,1,0.87016
97,14,909.81,262.49,207.95,231.6,1,1,0.84574
97,15,624.15,275.93,171.7,229.75,1,1,0.89159
97,17,578.32,239.86,101.39,225.92,1,1,0.86106
97,6,1567.32,202.04,161.28,175.18,1,1,0.81309
97,21,1734.27,257.83,152.33,217.08,1,1,0.89352
97,23,319.63,74.35,198.06,235.04,1,1,0.90371
97,19,1469.62,105.09,105.56,221.77,1,1,0.85439
97,11,1301.45,148.57,100.05,185.9,1,1,0.81098
98,0,950.57,536.46,156.86,281.05,1,1,0.89881
98,2,405.43,438.74,184.05,241.5,1,1,0.90747
98,3,1111.43,393.96,167.18,212.75,1,1,0.89516
98,4,1377.65,143.29,144.27,244.84,1,1,0.87795
98,5,1589.84,269.03,141.71,238.14,1,1,0.86864
98,7,594.15,859.52,125.57,220.31,1,1,0.8516
98,12,1092.65,201.56,122.38,240.16,1,1,0.87158
98,14,924.84,262.58,197.99,231.34,1,1,0.85667
98,15,623.58,273.96,176.56,234.14,1,1,0.88077
98,17,582.38,238.65,102.63,226.55,1,1,0.8563
98,6,1585.4,207.14,160.54,162.97,1,1,0.80693
98,21,1761.65,258.17,154.61,216.32,1,1,0.90778
98,23,310.68,73.35,191.19,236.8,1,1,0.89335
98,19,1497.05,101.1,110.23,223.32,1,1,0.82887
98,11,1309.63,145.07,108.08,196.97,1,1,0.82361
99,0,932.52,541.59,173.5,278.75,1,1,0.90884
99,2,399.92,437.17,189.71,246.74,1,1,0.90802
99,3,1116.43,394.96,163.77,219.91,1,1,0.88223
99,4,1407.92,141.7,131.06,240.25,1,1,0.8596
99,5,1603.85,273.22,161.71,241.37,1,1,0.86158
99,7,604.35,869.26,121.32,210.57,1,1,0.84789
99,12,1108.32,200.04,127.47,235.48,1,1,0.88185
99,14,937.56,262.44,195.72,232.55,1,1,0.86335
99,15,624.87,274.59,180.46,238.45,1,1,0.88401
99,17,587.99,237.86,103.53,225.54,1,1,0.86168
99,6,1604.49,211.65,165.15,157.62,1,1,0.78714
99,21,1789.39,258.36,137.97,217.7,1,1,0.90162
99,23,303.88,73.01,176.27,236.6,1,1,0.89533
99,19,1527.36,97.86,114.36,221.01,1,1,0.81008
99,11,1315.01,140.73,120.44,207.2,1,1,0.86363
100,0,916.65,545.2,191.53,276.52,1,1,0.91845
100,2,393.82,436.57,184.83,253.43,1,1,0.9042
100,3,1120.29,398.75,156.68,216.28,1,1,0.8916
100,4,1435.58,140.24,120.66,240.78,1,1,0.86813
100,5,1619.43,277.48,169.22,242.29,1,1,0.88023
100,7,602.03,881.2,131.85,198.44,1,1,0.84462
100,12,1123.44,199.27,132.26,230.44,1,1,0.86811
100,14,956.91,259.85,187.07,239.35,1,1,0.80306
100,15,628.69,278.56,179.0,234.66,1,1,0.8856
100,17,593.71,236.32,105.52,227.47,1,1,0.86196
100,6,1625.35,215.18,166.61,156.17,1,1,0.75919
100,21,1818.7,257.47,111.28,218.33,1,1,0.89229
100,23,299.81,71.41,141.32,236.22,1,1,0.87538
100,19,1565.46,96.11,109.03,207.06,1,1,0.79426
100,11,1323.44,135.45,132.65,209.79,1,1,0.86449
101,0,901.97,547.5,203.45,281.94,1,1,0.91979
101,2,387.68,438.58,167.77,255.19,1,1,0.87266
101,3,1115.52,403.47,152.36,213.15,1,1,0.88749
101,4,1460.63,137.38,115.98,242.51,1,1,0.89
101,5,1638.22,283.14,170.12,240.25,1,1,0.88765
101,7,601.78,890.79,143.07,188.75,1,1,0.85872
101,12,1141.17,199.68,137.37,231.72,1,1,0.8712
101,14,994.22,260.68,156.41,236.78,1,1,0.79241
101,15,633.67,283.74,183.74,232.98,1,1,0.90377
101,17,600.04,234.46,103.31,232.64,1,1,0.87394
101,6,1641.17,217.94,163.1,155.42,1,1,0.78426
101,21,1847.44,256.95,81.36,220.12,1,1,0.89227
101,23,293.88,69.83,129.05,236.21,1,1,0.88762
101,19,1608.51,97.08,101.97,188.54,1,1,0.78002
101,11,1333.7,130.18,145.91,216.58,1,1,0.87648
102,0,889.47,547.91,205.12,283.61,1,1,0.91468
102,2,373.85,439.27,171.3,258.23,1,1,0.87419
102,3,1124.46,405.26,136.75,213.61,1,1,0.89204
102,4,1476.43,133.27,121.32,246.1,1,1,0.8878
102,5,1656.74,288.62,168.36,236.57,1,1,0.88148
102,7,605.96,900.44,144.91,178.88,1,1,0.86032
102,12,1159.67,200.35,141.0,241.79,1,1,0.88418
102,14,1016.51,260.23,135.84,230.9,1,1,0.78337
102,15,637.17,287.17,187.06,228.9,1,1,0.89354
102,17,604.19,232.55,101.56,236.09,1,1,0.86995
102,6,1655.24,220.83,153.27,150.04,1,1,0.7721
102,21,1871.99,253.42,53.94,228.08,1,1,0.8191
102,23,289.74,65.35,134.56,240.14,1,1,0.89404
102,19,1648.1,98.29,99.98,167.86,1,1,0.7128
102,11,1345.45,125.27,157.73,222.19,1,1,0.89002
102,16,974.01,239.58,115.47,243.39,1,1,0.73959
103,0,876.92,551.11,197.49,286.76,1,1,0.91205
103,2,359.91,440.49,195.18,259.25,1,1,0.88542
103,3,1133.49,408.2,135.11,222.2,1,1,0.88977
103,4,1487.33,129.07,133.56,246.58,1,1,0.89581
103,5,1679.15,289.23,162.07,236.04,1,1,0.87027
103,7,612.52,905.9,143.22,173.26,1,1,0.83845
103,12,1180.56,199.68,145.47,247.24,1,1,0.89461
103,14,1010.05,246.85,146.54,242.26,1,1,0.81879
103,15,639.22,290.04,203.02,229.78,1,1,0.90012
103,17,606.35,232.18,102.75,232.33,1,1,0.87055
103,6,1675.64,217.9,123.26,148.46,1,1,0.69959
103,21,1900.06,247.07,22.67,252.22,1,1,0.72118
103,23,285.07,59.93,143.34,243.87,1,1,0.9037
103,19,1686.44,103.29,109.6,200.11,1,1,0.76766
103,11,1358.78,124.05,165.75,222.07,1,1,0.90325
104,0,865.9,555.67,177.54,292.34,1,1,0.88958
104,2,348.41,439.77,217.08,259.04,1,1,0.90724
104,3,1138.53,411.62,142.84,230.2,1,1,0.88991
104,4,1506.8,123.86,135.78,249.59,1,1,0.90672
104,5,1702.79,292.02,153.52,231.91,1,1,0.88256
104,7,619.11,910.05,145.55,169.04,1,1,0.84896
104,12,1200.26,198.89,146.21,251.57,1,1,0.88566
104,14,1042.34,251.12,125.09,238.18,1,1,0.81371
104,15,642.35,294.35,206.98,226.65,1,1,0.89749
104,17,608.82,232.6,101.48,227.86,1,1,0.85758
104,6,1688.37,217.63,112.59,142.57,1,1,0.80048
104,23,271.9,55.87,160.57,244.39,1,1,0.91533
104,19,1723.75,105.15,110.24,206.51,1,1,0.82342
104,11,1369.93,123.58,172.25,223.07,1,1,0.91299
104,16,1005.3,235.73,98.92,244.77,1,1,0.82314
105,0,855.13,561.64,164.16,296.59,1,1,0.88663
105,2,349.76,436.79,224.67,260.4,1,1,0.91815
105,3,1146.37,411.14,144.37,242.72,1,1,0.88126
105,4,1531.06,119.18,133.87,254.3,1,1,0.90197
105,5,1723.98,294.75,150.02,229.05,1,1,0.87501
105,7,627.71,915.97,141.03,163.15,1,1,0.85512
105,12,1222.29,199.22,142.85,254.98,1,1,0.88959
105,14,1065.65,249.21,117.85,244.35,1,1,0.84905
105,15,647.35,301.48,207.81,222.34,1,1,0.90515
105,17,613.42,232.29,98.41,225.29,1,1,0.85471
105,6,1704.36,216.1,112.7,145.46,1,1,0.80626
105,23,256.1,53.16,178.29,243.61,1,1,0.9207
105,19,1761.53,105.74,112.2,221.15,1,1,0.83093
105,11,1382.14,124.67,176.21,222.69,1,1,0.91392
105,16,1018.81,235.14,94.53,246.21,1,1,0.82523
106,0,840.24,567.01,162.17,293.78,1,1,0.90625
106,2,353.93,433.66,224.14,253.15,1,1,0.9206
106,3,1151.73,415.64,143.66,242.3,1,1,0.87656
106,4,1555.52,115.42,131.65,258.55,1,1,0.91342
106,5,1739.34,297.9,154.97,226.52,1,1,0.88399
106,7,630.55,922.65,139.06,156.58,1,1,0.84672
106,12,1243.56,200.85,138.48,255.78,1,1,0.89166
106,14,1082.07,246.59,116.7,253.01,1,1,0.84498
106,15,657.68,304.13,203.24,223.86,1,1,0.90439
106,17,618.63,231.62,99.06,228.64,1,1,0.85529
106,6,1724.0,216.79,115.66,142.83,1,1,0.82621
106,23,246.76,52.32,186.58,243.15,1,1,0.92156
106,19,1802.82,105.21,113.32,234.12,1,1,0.87913
106,11,1394.28,126.11,183.45,223.58,1,1,0.91548
106,16,1036.65,235.43,89.58,245.84,1,1,0.80563
107,0,831.82,569.85,173.69,287.0,1,1,0.90014
107,2,362.39,431.53,213.77,254.24,1,1,0.90994
107,3,1166.78,422.15,130.39,235.97,1,1,0.85515
107,4,1581.83,114.52,137.46,252.69,1,1,0.90969
107,5,1756.18,296.23,162.9,230.5,1,1,0.87606
107,7,622.66,929.49,158.1,149.76,1,1,0.85959
107,12,1263.73,200.78,132.61,257.85,1,1,0.87712
107,14,1105.14,245.19,112.97,260.13,1,1,0.83712
107,15,670.19,308.34,193.68,223.8,1,1,0.87664
107,17,627.91,230.19,98.83,234.75,1,1,0.85803
107,6,1744.11,219.04,119.89,141.71,1,1,0.79508
107,23,246.31,51.88,187.2,247.85,1,1,0.91142
107,19,1840.33,104.1,92.11,236.63,1,1,0.85981
107,11,1408.59,125.79,193.53,225.89,1,1,0.91048
107,16,1051.94,237.04,91.8,245.24,1,1,0.78002
108,0,823.31,571.93,183.77,282.31,1,1,0.89406
108,2,373.62,429.87,162.46,255.94,1,1,0.86027
108,3,1178.67,428.74,132.28,230.35,1,1,0.8606
108,4,1607.88,113.67,151.94,244.12,1,1,0.89569
108,5,1775.66,294.64,152.88,233.2,1,1,0.87045
108,7,625.97,937.44,161.77,141.9,1,1,0.85524
108,12,1289.79,200.92,120.51,257.45,1,1,0.87036
108,14,1124.23,245.43,110.53,254.31,1,1,0.79883
108,15,685.98,314.47,177.94,224.6,1,1,0.86946
108,17,639.1,229.64,98.14,240.97,1,1,0.85475
108,6,1766.95,223.4,134.3,139.7,1,1,0.78336
108,23,257.06,52.9,172.12,250.31,1,1,0.89932
108,19,1877.88,102.77,56.37,235.46,1,1,0.77668
108,11,1421.41,125.38,199.1,227.03,1,1,0.89497
108,16,1067.68,238.6,88.06,245.3,1,1,0.80186
109,0,806.99,573.55,200.66,282.93,1,1,0.89033
109,2,387.56,429.37,152.65,256.98,1,1,0.84992
109,3,1185.54,435.4,144.89,224.45,1,1,0.88018
109,4,1632.99,113.89,158.78,240.58,1,1,0.88929
109,5,1792.9,294.83,137.53,235.37,1,1,0.84257
109,7,627.92,944.98,164.99,134.41,1,1,0.83795
109,12,1316.34,200.84,113.61,257.82,1,1,0.86576
109,14,1147.65,248.55,104.35,248.2,1,1,0.82171
109,15,700.44,317.31,164.77,225.9,1,1,0.86416
109,17,648.4,230.65,99.66,244.1,1,1,0.86302
109,6,1790.5,228.36,131.54,176.49,1,1,0.82994
109,23,267.31,55.78,151.34,248.77,1,1,0.89479
109,11,1433.87,125.43,199.33,224.3,1,1,0.89691
109,16,1089.32,240.51,84.7,244.13,1,1,0.80155
110,0,794.97,577.44,204.02,286.17,1,1,0.88986
110,2,394.46,427.89,155.02,257.19,1,1,0.87593
110,3,1194.08,437.9,156.76,224.44,1,1,0.87231
110,4,1656.43,114.15,165.1,237.23,1,1,0.89302
110,5,1806.11,292.07,123.59,247.48,1,1,0.84532
110,7,636.28,948.4,176.87,130.82,1,1,0.81269
110,12,1340.45,200.39,113.8,258.68,1,1,0.87714
110,14,1169.56,253.53,96.02,244.58,1,1,0.78774
110,15,712.27,319.82,171.37,225.27,1,1,0.88063
110,17,657.48,233.41,107.29,240.3,1,1,0.8613
110,6,1817.0,232.93,111.91,195.19,1,1,0.79308
110,23,274.58,59.07,131.01,245.08,1,1,0.8859
110,11,1447.04,124.31,196.32,217.28,1,1,0.89989
110,16,1109.81,240.8,85.82,243.81,1,1,0.74211
111,0,790.0,579.02,185.28,295.51,1,1,0.8803
111,2,396.18,426.66,173.55,258.31,1,1,0.88148
111,3,1200.77,441.51,168.63,222.81,1,1,0.8824
111,4,1679.76,114.24,171.11,237.11,1,1,0.88715
111,5,1814.56,291.71,113.6,252.78,1,1,0.86063
111,7,642.98,950.87,177.26,128.28,1,1,0.8141
111,12,1361.7,202.21,114.71,259.78,1,1,0.87802
111,14,1194.96,256.81,93.2,237.23,1,1,0.79618
111,15,723.91,323.89,181.22,223.87,1,1,0.86364
111,17,663.64,236.89,118.12,228.95,1,1,0.84235
111,6,1853.41,238.39,75.64,212.77,1,1,0.74168
111,23,281.0,60.15,126.36,244.9,1,1,0.88063
111,11,1460.36,125.29,186.66,213.37,1,1,0.89505
111,16,1133.24,240.45,83.98,249.89,1,1,0.83011
112,0,777.35,583.42,167.82,292.87,1,1,0.88229
112,2,403.39,425.43,185.78,258.49,1,1,0.88582
112,3,1210.34,442.84,172.43,223.29,1,1,0.8801
112,4,1704.72,113.12,171.56,238.13,1,1,0.89122
112,5,1823.26,292.16,103.62,262.71,1,1,0.84366
112,7,653.63,954.88,167.47,124.2,1,1,0.84277
112,12,1387.95,205.13,113.08,257.35,1,1,0.87371
112,14,1212.98,261.17,101.1,237.61,1,1,0.81063
112,15,729.36,322.1,197.18,230.05,1,1,0.86272
112,17,666.41,240.12,131.89,196.08,1,1,0.6619
112,23,289.64,60.35,132.93,244.21,1,1,0.88329
112,11,1471.55,127.13,170.37,207.01,1,1,0.89922
112,16,1155.46,238.99,81.76,252.59,1,1,0.83359
113,0,765.29,588.34,167.42,289.8,1,1,0.89896
113,2,407.24,422.65,195.52,261.89,1,1,0.87117
113,3,1219.4,445.63,171.64,228.2,1,1,0.8783
113,4,1726.66,109.67,172.7,242.11,1,1,0.8637
113,5,1839.15,291.9,86.13,286.22,1,1,0.79582
113,7,662.29,955.76,162.47,123.26,1,1,0.83033
113,12,1413.23,209.64,109.4,252.04,1,1,0.86379
113,14,1231.94,264.49,109.92,240.39,1,1,0.76126
113,15,737.32,322.86,203.97,234.68,1,1,0.87776
113,17,676.7,240.65,136.11,183.46,1,1,0.65659
113,23,296.58,58.76,148.34,248.27,1,1,0.87593
113,11,1476.86,128.49,169.3,203.5,1,1,0.8944
113,16,1177.04,239.8,80.81,249.83,1,1,0.83195
114,0,760.68,591.38,178.69,283.88,1,1,0.89976
114,2,405.27,422.49,196.17,264.49,1,1,0.88037
114,3,1234.13,447.87,159.99,229.91,1,1,0.87213
114,4,1749.19,107.7,166.24,245.17,1,1,0.87117
114,5,1855.03,298.66,68.22,285.85,1,1,0.75626
114,7,672.98,959.54,151.21,119.46,1,1,0.79438
114,12,1435.27,215.82,110.82,243.45,1,1,0.86719
114,14,1251.68,266.71,118.97,244.57,1,1,0.81495
114,15,748.06,321.72,201.51,237.85,1,1,0.87601
114,17,693.79,239.08,129.88,196.93,1,1,0.72186
114,23,296.17,58.15,167.84,248.8,1,1,0.87714
114,11,1483.14,127.66,177.61,205.52,1,1,0.86946
114,16,1196.78,240.29,80.69,255.18,1,1,0.82704
115,0,751.9,592.81,196.66,276.24,1,1,0.89892
115,2,404.14,422.37,186.99,266.48,1,1,0.88598
115,3,1242.98,448.23,150.5,231.68,1,1,0.86008
115,4,1772.38,106.88,155.03,243.42,1,1,0.86023
115,5,1859.68,306.23,62.0,258.68,1,1,0.76672
115,12,1457.57,221.7,109.68,238.31,1,1,0.85435
115,14,1275.93,268.36,122.21,246.34,1,1,0.85056
115,15,760.56,326.7,185.43,230.69,1,1,0.88473
115,17,688.43,242.49,149.85,209.2,1,1,0.78213
115,23,297.42,56.9,177.97,249.35,1,1,0.87473
115,11,1491.89,127.52,187.7,205.3,1,1,0.88351
115,16,1216.53,240.81,80.72,246.44,1,1,0.82636
116,0,748.4,591.95,202.52,272.46,1,1,0.88388
116,2,404.45,423.2,168.09,267.07,1,1,0.877
116,3,1250.85,452.11,146.44,227.91,1,1,0.85494
116,4,1794.72,106.76,135.25,242.94,1,1,0.84254
116,5,1866.11,301.23,54.63,251.18,1,1,0.77063
116,12,1479.41,227.42,108.14,233.47,1,1,0.85102
116,14,1297.99,273.15,124.15,242.74,1,1,0.83886
116,15,767.41,331.85,168.77,225.28,1,1,0.87983
116,17,691.57,246.66,160.48,192.01,1,1,0.71694
116,23,303.38,60.92,175.15,247.94,1,1,0.87419
116,11,1499.42,125.13,192.44,202.89,1,1,0.87768
116,16,1231.76,241.26,83.6,249.69,1,1,0.82242
116,28,332.53,122.98,27.71,38.21,1,2,0.71723
117,0,703.96,566.19,240.29,287.8,1,1,0.84344
117,2,411.79,422.35,162.68,267.49,1,1,0.89301
117,3,1265.17,460.17,145.39,227.99,1,1,0.8731
117,4,1817.63,109.67,111.95,258.19,1,1,0.83318
117,5,1867.95,297.88,52.57,269.88,1,1,0.72527
117,12,1503.62,234.31,114.65,227.7,1,1,0.86392
117,14,1317.04,277.64,129.38,239.88,1,1,0.85946
117,15,770.87,334.0,156.86,224.04,1,1,0.89047
117,17,701.81,253.23,161.1,169.36,1,1,0.76584
117,23,320.58,66.61,160.39,246.15,1,1,0.88635
117,11,1511.03,124.08,187.67,196.18,1,1,0.87772
117,16,1247.92,243.39,85.52,251.93,1,1,0.81917
117,28,342.53,124.37,27.41,37.99,1,2,0.69648
117,7,711.19,975.11,146.54,104.72,1,1,0.82112
118,0,708.96,563.71,216.34,303.15,1,1,0.81556
118,2,419.71,418.83,168.86,267.87,1,1,0.89657
118,3,1284.32,465.47,139.1,228.91,1,1,0.87267
118,4,1836.58,111.75,91.03,265.41,1,1,0.81032
118,5,1867.79,281.62,52.67,288.49,1,1,0.68879
118,12,1527.97,238.27,115.81,228.07,1,1,0.8434
118,14,1332.9,281.24,133.46,239.67,1,1,0.85158
118,15,772.3,335.94,170.9,222.4,1,1,0.89315
118,17,723.4,258.75,144.43,144.53,1,1,0.79777
118,23,341.72,71.07,137.03,242.82,1,1,0.86876
118,11,1519.77,123.81,178.44,191.78,1,1,0.8136
118,16,1261.69,246.27,91.18,246.0,1,1,0.82682
118,28,355.42,128.37,25.55,39.62,1,2,0.67939
118,7,716.58,974.75,147.93,105.09,1,1,0.67041
119,0,734.17,590.68,153.44,282.7,1,1,0.84242
119,2,429.3,415.19,171.02,259.38,1,1,0.89516
119,3,1297.62,470.01,134.69,229.72,1,1,0.87119
119,4,1857.23,113.69,68.37,259.49,1,1,0.84238
119,5,1873.68,295.56,46.96,277.91,1,1,0.75841
119,12,1547.2,242.86,120.56,225.29,1,1,0.85372
119,14,1347.81,287.59,128.36,243.66,1,1,0.84755
119,15,778.04,335.7,185.68,222.67,1,1,0.90169
119,17,752.86,262.92,127.92,128.82,1,1,0.79686
119,23,356.07,78.54,117.01,234.87,1,1,0.87433
119,11,1528.89,125.3,164.93,179.52,1,1,0.81266
119,16,1277.84,251.1,93.26,231.13,1,1,0.83032
119,7,724.93,976.61,141.42,103.32,1,1,0.79926
120,0,733.09,602.21,136.25,271.06,1,1,0.87055
120,2,437.58,411.76,164.39,251.42,1,1,0.89285
120,3,1313.25,474.19,125.09,229.81,1,1,0.86399
120,4,1874.37,116.36,48.55,256.02,1,1,0.82971
120,12,1567.08,243.0,120.12,226.9,1,1,0.85906
120,14,1363.32,292.48,129.39,243.63,1,1,0.86427
120,15,786.31,335.1,194.02,222.06,1,1,0.89725
120,17,783.73,264.45,111.84,125.79,1,1,0.80363
120,23,368.91,85.26,107.13,229.05,1,1,0.87163
120,11,1530.39,127.11,142.98,162.33,1,1,0.64516
120,16,1291.91,255.92,95.57,225.19,1,1,0.81821
120,7,733.37,977.0,123.61,102.81,1,1,0.79234
121,0,720.55,606.73,155.9,263.71,1,1,0.89917
121,2,445.51,408.42,153.3,253.85,1,1,0.88378
121,3,1330.79,478.85,111.74,230.02,1,1,0.85749
121,4,1890.21,99.42,30.76,274.05,1,1,0.78303
121,12,1584.22,244.06,124.65,227.21,1,1,0.86159
121,14,1378.14,297.45,137.26,242.16,1,1,0.87002
121,15,801.99,335.57,189.87,217.85,1,1,0.89239
121,17,804.2,266.0,100.39,122.64,1,1,0.83301
121,23,383.62,90.59,112.62,225.27,1,1,0.88331
121,11,1534.93,127.79,132.77,150.95,1,1,0.78194
121,16,1304.08,261.9,100.42,223.28,1,1,0.8448
121,7,738.72,980.5,141.41,99.29,1,1,0.82463
122,0,713.28,608.28,176.87,261.86,1,1,0.92077
122,2,458.28,405.41,133.12,258.03,1,1,0.88775
122,3,1342.75,481.69,105.74,229.58,1,1,0.85246
122,4,1898.18,115.04,21.37,254.93,1,1,0.64971
122,12,1596.12,244.31,139.23,228.35,1,1,0.87248
122,14,1395.27,302.34,139.22,238.96,1,1,0.87673
122,15,815.96,336.09,174.03,218.07,1,1,0.87549
122,17,817.36,266.99,97.32,127.95,1,1,0.80021
122,23,393.15,91.94,129.0,225.69,1,1,0.90372
122,11,1539.76,125.28,157.07,165.79,1,1,0.79391
122,16,1316.65,266.5,103.7,225.49,1,1,0.83571
122,7,747.55,983.13,148.52,96.49,1,1,0.84724
123,0,700.81,608.38,194.41,266.18,1,1,0.91319
123,2,474.92,403.25,109.55,258.37,1,1,0.88761
123,3,1353.79,488.13,109.59,223.0,1,1,0.86509
123,12,1607.7,244.13,154.42,229.54,1,1,0.88306
123,14,1413.63,306.73,137.17,233.97,1,1,0.88615
123,15,832.07,341.15,160.21,212.87,1,1,0.85542
123,17,828.29,267.78,98.98,127.66,1,1,0.75677
123,23,393.82,91.53,151.43,227.87,1,1,0.91629
123,11,1545.39,124.08,144.0,176.56,1,1,0.86281
123,16,1326.28,269.99,113.76,230.56,1,1,0.84796
123,7,754.22,987.34,146.59,92.2,1,1,0.85202
124,0,691.54,607.94,201.06,272.1,1,1,0.91101
124,2,488.9,402.23,103.7,256.05,1,1,0.88131
124,3,1368.59,492.25,112.09,217.06,1,1,0.85192
124,12,1620.77,243.75,165.66,233.89,1,1,0.88573
124,14,1431.09,309.27,130.89,231.08,1,1,0.8722
124,15,842.66,342.16,130.62,211.97,1,1,0.83875
124,17,836.55,269.32,120.63,175.93,1,1,0.70885
124,23,396.97,92.17,172.47,230.9,1,1,0.91225
124,11,1555.6,123.05,133.43,187.43,1,1,0.86543
124,16,1333.87,272.9,123.58,231.55,1,1,0.86161
124,7,757.46,989.66,142.62,89.78,1,1,0.82088
125,0,690.62,610.16,183.42,281.45,1,1,0.89997
125,2,493.16,398.7,120.43,257.98,1,1,0.89308
125,3,1378.28,495.49,121.49,214.58,1,1,0.88095
125,12,1639.33,243.14,171.36,235.84,1,1,0.90222
125,14,1448.01,311.89,127.3,233.5,1,1,0.87158
125,15,847.11,336.96,120.26,214.96,1,1,0.87729
125,17,844.67,270.31,145.77,192.12,1,1,0.81239
125,23,407.65,91.4,182.22,236.72,1,1,0.91374
125,11,1564.66,121.15,138.13,199.13,1,1,0.85994
125,16,1345.35,274.54,131.16,233.11,1,1,0.87855
125,7,752.39,992.65,145.67,86.61,1,1,0.80213
126,0,681.12,613.61,164.03,281.27,1,1,0.88838
126,2,488.96,393.43,138.69,256.78,1,1,0.88458
126,3,1385.92,499.85,127.07,217.76,1,1,0.88301
126,12,1654.65,242.39,173.15,238.57,1,1,0.91038
126,14,1461.26,312.78,127.83,237.82,1,1,0.88192
126,15,837.79,338.38,139.62,214.72,1,1,0.87368
126,17,849.71,271.53,159.63,194.31,1,1,0.71314
126,23,422.58,91.93,177.45,239.77,1,1,0.91012
126,11,1567.37,122.4,141.27,204.15,1,1,0.859
126,16,1361.53,275.83,129.33,235.05,1,1,0.87506
126,7,741.22,992.75,143.63,86.51,1,1,0.79764
127,0,659.57,616.43,156.18,274.1,1,1,0.89319
127,2,492.78,389.1,144.29,246.9,1,1,0.89619
127,3,1391.16,501.87,128.62,224.62,1,1,0.87706
127,12,1671.35,244.13,170.56,237.66,1,1,0.91521
127,14,1470.1,315.65,131.56,239.93,1,1,0.87757
127,15,845.77,334.3,149.94,219.27,1,1,0.88041
127,17,854.61,271.56,163.05,192.66,1,1,0.72999
127,23,434.52,93.87,165.51,240.2,1,1,0.90554
127,11,1566.68,124.81,138.89,205.8,1,1,0.86047
127,16,1381.83,277.51,123.31,230.8,1,1,0.86413
127,7,733.42,990.9,138.63,88.31,1,1,0.80624
128,0,641.34,617.69,171.16,268.99,1,1,0.90255
128,2,492.72,386.15,145.88,248.0,1,1,0.89709
128,3,1394.59,505.96,126.91,232.29,1,1,0.87405
128,12,1686.32,247.84,164.03,237.19,1,1,0.90688
128,14,1477.31,316.72,126.15,243.75,1,1,0.86543
128,15,842.61,331.37,166.24,223.58,1,1,0.89288
128,17,858.48,272.01,160.9,192.43,1,1,0.76339
128,23,430.92,96.47,156.99,238.4,1,1,0.91139
128,11,1555.11,127.51,132.01,201.6,1,1,0.89491
128,16,1401.48,278.61,111.21,232.73,1,1,0.84952
128,7,724.12,990.73,135.2,88.5,1,1,0.82341
129,0,626.27,619.22,185.61,263.69,1,1,0.915
129,2,484.85,385.23,146.5,246.58,1,1,0.88796
129,3,1394.6,512.28,125.22,231.48,1,1,0.88254
129,12,1700.06,253.51,154.58,232.87,1,1,0.90678
129,14,1487.28,321.13,114.89,242.04,1,1,0.87922
129,15,843.26,331.41,170.19,223.23,1,1,0.90204
129,17,862.16,273.58,150.01,197.95,1,1,0.79396
129,23,427.47,98.31,140.76,237.16,1,1,0.91343
129,11,1547.85,120.08,139.65,207.75,1,1,0.88852
129,16,1418.12,280.21,102.79,240.32,1,1,0.83616
129,7,729.57,987.18,123.54,92.12,1,1,0.69284
130,0,608.81,620.49,202.41,256.89,1,1,0.92359
130,2,483.55,384.23,137.44,244.55,1,1,0.89903
130,3,1394.75,520.55,123.08,225.97,1,1,0.89334
130,12,1711.37,258.65,143.42,228.41,1,1,0.90257
130,14,1498.99,326.89,103.55,236.91,1,1,0.88777
130,15,846.17,332.27,162.33,221.29,1,1,0.88546
130,17,868.7,276.25,137.3,205.94,1,1,0.84128
130,23,421.88,98.94,138.8,235.99,1,1,0.90635
130,11,1545.18,119.77,150.41,210.1,1,1,0.88972
130,16,1433.4,283.43,98.33,242.02,1,1,0.85148
130,7,730.14,987.46,126.16,91.85,1,1,0.76276
131,0,594.27,620.36,208.39,259.22,1,1,0.91677
131,2,483.38,382.14,138.47,243.69,1,1,0.91424
131,3,1394.35,525.37,130.1,222.61,1,1,0.89254
131,12,1720.83,263.53,135.41,227.25,1,1,0.89058
131,14,1508.04,333.51,106.99,230.27,1,1,0.8771
131,15,843.53,332.85,146.92,219.65,1,1,0.84942
131,17,874.15,278.31,131.9,214.23,1,1,0.87395
131,23,432.86,100.92,133.55,232.36,1,1,0.89245
131,11,1548.01,125.93,153.44,204.79,1,1,0.87803
131,16,1443.31,284.42,96.82,236.96,1,1,0.84096
131,7,728.94,988.76,131.95,90.44,1,1,0.768
132,0,589.68,621.44,188.8,264.12,1,1,0.91282
132,2,482.63,378.46,146.67,244.12,1,1,0.92208
132,3,1397.17,528.41,133.56,220.28,1,1,0.90025
132,12,1728.93,267.88,135.35,225.9,1,1,0.89568
132,14,1510.82,339.76,118.44,223.24,1,1,0.87478
132,15,839.21,332.07,128.11,219.77,1,1,0.88265
132,17,878.91,279.03,140.23,219.76,1,1,0.90589
132,23,451.4,102.02,122.82,231.28,1,1,0.88561
132,11,1547.62,130.12,160.44,199.06,1,1,0.89594
132,16,1449.17,286.58,97.09,232.57,1,1,0.85187
132,7,724.95,988.69,131.65,90.46,1,1,0.72113
133,0,584.65,622.86,174.71,264.33,1,1,0.81654
133,2,483.37,374.27,152.91,235.72,1,1,0.91031
133,3,1401.37,529.69,136.68,224.71,1,1,0.88955
133,12,1737.72,270.02,137.86,224.36,1,1,0.88776
133,14,1519.72,344.33,126.66,220.15,1,1,0.88925
133,15,830.83,331.31,134.02,221.16,1,1,0.89709
133,17,881.85,279.69,147.54,219.83,1,1,0.89945
133,23,463.03,102.7,117.74,233.82,1,1,0.87954
133,11,1546.16,132.11,162.46,198.11,1,1,0.90321
133,16,1449.46,287.77,103.39,232.25,1,1,0.85508
133,7,707.07,988.35,138.86,90.7,1,1,0.71639
134,0,577.68,624.34,139.7,260.42,1,1,0.88571
134,2,486.3,369.3,156.22,228.39,1,1,0.91307
134,3,1407.81,530.42,137.2,230.76,1,1,0.88757
134,12,1748.88,271.73,140.48,224.26,1,1,0.8914
134,14,1526.16,346.25,137.06,220.12,1,1,0.90114
134,15,826.11,331.26,149.59,220.4,1,1,0.90526
134,17,885.55,280.82,152.02,213.55,1,1,0.89841
134,23,469.34,104.59,114.6,238.21,1,1,0.89009
134,11,1545.5,133.13,156.74,199.3,1,1,0.89851
134,16,1456.69,290.43,103.65,227.83,1,1,0.8572
134,7,700.67,984.38,126.57,94.47,1,1,0.75929
135,0,564.05,623.87,148.8,258.93,1,1,0.90302
135,2,494.75,367.06,153.36,218.96,1,1,0.90304
135,3,1420.39,533.95,132.29,236.36,1,1,0.8812
135,12,1761.41,273.22,141.04,228.48,1,1,0.88134
135,14,1536.65,348.34,143.02,221.61,1,1,0.88813
135,15,824.38,331.54,162.08,217.98,1,1,0.89963
135,17,891.2,282.16,150.87,204.03,1,1,0.88359
135,23,478.19,109.64,107.62,241.84,1,1,0.88329
135,11,1545.21,136.06,143.06,199.44,1,1,0.87993
135,16,1470.56,292.96,97.55,224.76,1,1,0.84647
135,7,698.43,983.89,121.01,95.04,1,1,0.78373
136,0,548.75,623.69,165.95,255.58,1,1,0.90688
136,2,503.22,366.07,141.27,217.8,1,1,0.89723
136,3,1433.54,540.21,126.21,240.54,1,1,0.8754
136,12,1773.67,275.07,144.65,230.94,1,1,0.90355
136,14,1547.86,350.28,147.29,224.9,1,1,0.87653
136,15,825.92,330.81,170.08,211.95,1,1,0.89865
136,17,898.96,283.81,145.46,204.79,1,1,0.84675
136,23,487.97,117.2,95.81,243.0,1,1,0.87591
136,11,1541.25,138.54,125.25,198.39,1,1,0.8569
136,16,1485.16,295.66,92.26,232.26,1,1,0.84149
136,7,698.53,980.94,112.21,98.14,1,1,0.78804
137,0,536.14,624.29,180.99,254.56,1,1,0.90514
137,2,520.17,366.68,119.91,217.76,1,1,0.88597
137,3,1446.32,546.38,121.35,242.96,1,1,0.88039
137,12,1786.8,277.27,138.13,231.8,1,1,0.90278
137,14,1560.01,354.83,145.92,222.47,1,1,0.87282
137,15,828.84,328.96,172.7,211.17,1,1,0.88223
137,17,909.25,284.84,132.53,217.71,1,1,0.86434
137,23,496.28,125.99,88.76,238.46,1,1,0.86162
137,11,1544.63,139.9,120.47,201.63,1,1,0.87834
137,16,1499.11,299.11,89.55,232.73,1,1,0.8496
137,7,698.09,981.52,112.19,97.64,1,1,0.75631
138,0,527.84,624.34,185.32,256.46,1,1,0.90706
138,2,535.78,366.79,107.36,216.67,1,1,0.88761
138,3,1460.45,554.23,116.74,238.48,1,1,0.87942
138,12,1803.76,282.35,123.45,226.91,1,1,0.89963
138,14,1570.92,357.61,145.25,221.3,1,1,0.88559
138,15,842.07,328.67,149.56,209.55,1,1,0.84621
138,17,920.11,285.55,118.37,228.53,1,1,0.87882
138,23,502.84,133.66,92.16,231.76,1,1,0.85638
138,11,1548.94,140.82,130.15,202.71,1,1,0.88395
138,16,1515.84,302.86,86.64,231.24,1,1,0.84907
138,7,695.11,981.82,129.75,97.36,1,1,0.74552
139,0,525.48,626.0,171.46,261.47,1,1,0.8953
139,2,544.99,366.18,118.97,216.32,1,1,0.89727
139,3,1474.05,561.17,121.88,231.77,1,1,0.87514
139,12,1820.35,288.91,106.62,220.7,1,1,0.89073
139,14,1582.72,361.1,135.86,218.06,1,1,0.87491
139,15,855.42,328.77,128.62,209.12,1,1,0.81268
139,17,930.67,284.26,123.65,235.65,1,1,0.8779
139,23,511.69,138.93,103.44,226.89,1,1,0.86916
139,11,1554.49,140.02,139.7,200.82,1,1,0.88894
139,16,1527.98,307.04,93.35,224.58,1,1,0.82844
139,7,703.32,981.75,135.17,97.22,1,1,0.72984
140,0,517.58,626.06,157.37,263.96,1,1,0.8763
140,2,549.21,362.04,136.7,218.69,1,1,0.90268
140,3,1483.53,566.2,137.39,226.11,1,1,0.87738
140,12,1834.73,295.15,91.07,211.94,1,1,0.88034
140,14,1592.78,365.34,126.02,216.88,1,1,0.85316
140,15,861.64,330.5,117.82,206.39,1,1,0.86
140,17,939.67,281.24,136.7,238.68,1,1,0.8891
140,23,514.89,138.83,126.81,228.39,1,1,0.87979
140,11,1554.13,137.72,147.39,193.72,1,1,0.86957
140,16,1534.67,309.31,102.56,220.99,1,1,0.83554
140,7,704.02,982.39,145.44,96.48,1,1,0.74708
141,0,509.09,628.54,152.57,260.73,1,1,0.88041
141,2,554.61,360.61,149.84,210.77,1,1,0.88567
141,3,1485.62,576.5,156.48,217.69,1,1,0.84386
141,12,1850.39,300.35,73.92,213.49,1,1,0.87385
141,14,1604.48,370.97,127.77,216.81,1,1,0.85666
141,15,867.16,332.98,113.7,203.68,1,1,0.84476
141,17,949.41,279.02,146.45,239.32,1,1,0.88694
141,23,516.68,138.17,146.31,229.38,1,1,0.88105
141,11,1552.69,135.16,160.03,195.06,1,1,0.8639
141,16,1540.74,309.62,112.7,220.98,1,1,0.84026
141,7,695.58,979.86,147.26,98.87,1,1,0.72488
142,0,503.29,630.56,164.03,257.64,1,1,0.88722
142,2,559.79,358.81,159.08,208.12,1,1,0.88577
142,3,1493.64,585.78,165.94,215.27,1,1,0.86161
142,12,1864.54,301.92,57.95,216.3,1,1,0.84819
142,14,1618.08,372.73,130.27,219.32,1,1,0.85836
142,15,873.57,333.83,121.06,203.9,1,1,0.87155
142,17,959.58,277.91,155.15,236.65,1,1,0.88709
142,23,520.87,139.27,160.68,228.77,1,1,0.88625
142,11,1554.83,135.21,163.3,201.2,1,1,0.86433
142,16,1547.22,309.33,118.05,225.86,1,1,0.85761
142,7,691.69,979.05,144.2,99.66,1,1,0.75474
143,0,498.8,631.29,178.83,253.19,1,1,0.88781
143,2,564.07,359.21,165.99,203.82,1,1,0.88901
143,3,1500.55,582.92,166.91,225.95,1,1,0.86998
143,12,1879.48,300.82,41.62,248.68,1,1,0.80267
143,14,1625.84,374.35,134.15,220.01,1,1,0.86689
143,15,876.75,334.42,136.53,204.5,1,1,0.87912
143,17,971.1,278.57,158.92,231.35,1,1,0.87972
143,23,531.64,142.86,168.92,225.64,1,1,0.88676
143,11,1566.91,137.25,164.64,203.9,1,1,0.85884
143,16,1559.29,310.45,117.5,227.14,1,1,0.86044
143,7,690.9,976.63,145.26,102.02,1,1,0.6948
144,0,489.12,630.43,188.86,249.79,1,1,0.89742
144,2,574.45,360.45,156.86,199.81,1,1,0.87995
144,3,1507.52,586.08,160.67,230.6,1,1,0.87426
144,12,1892.05,291.46,27.72,264.78,1,1,0.70881
144,14,1629.12,374.42,145.89,220.67,1,1,0.87682
144,15,870.23,334.93,160.13,202.16,1,1,0.88217
144,17,983.66,281.77,164.93,226.09,1,1,0.88474
144,23,548.44,145.1,166.07,225.09,1,1,0.89187
144,11,1575.87,141.04,147.38,198.93,1,1,0.82038
144,16,1573.91,311.58,111.85,229.43,1,1,0.85158
144,7,692.83,972.0,141.62,106.71,1,1,0.76406
145,0,482.86,627.28,185.98,254.87,1,1,0.90365
145,2,587.92,363.94,117.55,194.27,1,1,0.80455
145,3,1513.8,590.5,139.64,228.86,1,1,0.831
145,14,1636.67,375.54,154.08,221.89,1,1,0.87136
145,15,867.49,334.4,170.01,203.48,1,1,0.87184
145,17,994.52,283.72,164.09,221.11,1,1,0.88512
145,23,569.88,147.69,149.91,222.53,1,1,0.87594
145,11,1576.44,145.83,129.11,187.17,1,1,0.84684
145,16,1590.42,313.82,101.88,230.13,1,1,0.85822
145,7,693.15,966.9,138.71,111.82,1,1,0.81386
146,0,482.71,626.14,167.73,256.43,1,1,0.88687
146,2,594.14,362.25,118.94,192.99,1,1,0.87554
146,3,1513.05,599.08,130.39,218.64,1,1,0.85694
146,14,1646.26,377.89,146.04,219.67,1,1,0.86551
146,15,872.13,335.39,165.39,206.67,1,1,0.87548
146,17,1006.63,283.55,155.74,223.99,1,1,0.88292
146,23,591.33,148.97,132.22,220.54,1,1,0.87585
146,11,1576.21,150.08,117.03,183.43,1,1,0.84196
146,16,1603.5,314.46,94.43,229.97,1,1,0.85265
146,7,691.07,964.63,134.07,113.97,1,1,0.81893
147,0,480.65,625.83,143.59,253.79,1,1,0.87467
147,2,595.41,359.57,115.51,191.96,1,1,0.8815
147,3,1505.67,603.41,140.64,210.93,1,1,0.8795
147,14,1649.49,380.78,134.58,215.78,1,1,0.85149
147,15,885.99,335.73,144.96,205.19,1,1,0.86351
147,17,1016.43,281.97,143.55,227.58,1,1,0.87536
147,23,605.02,149.72,116.78,217.87,1,1,0.85874
147,11,1571.99,152.51,120.39,185.38,1,1,0.86338
147,16,1612.13,317.75,90.54,225.14,1,1,0.84976
147,7,687.43,962.73,127.78,115.67,1,1,0.82166
148,0,476.13,623.9,133.7,249.86,1,1,0.87456
148,2,594.02,355.59,123.51,192.47,1,1,0.89144
148,3,1508.09,602.7,141.68,207.8,1,1,0.88406
148,14,1648.41,384.96,121.66,210.27,1,1,0.82732
148,15,893.58,335.57,129.22,203.16,1,1,0.85584
148,17,1025.45,279.17,127.38,230.83,1,1,0.87904
148,23,611.46,148.11,107.32,217.39,1,1,0.84142
148,11,1569.86,154.68,123.03,183.78,1,1,0.86992
148,16,1617.95,316.99,89.6,222.1,1,1,0.84461
148,7,684.28,961.92,119.21,116.1,1,1,0.83328
149,0,465.66,623.14,148.62,246.31,1,1,0.87612
149,2,594.78,351.59,131.69,193.38,1,1,0.87717
149,3,1513.59,603.63,142.2,204.24,1,1,0.8521
149,14,1649.93,383.28,109.5,209.57,1,1,0.83918
149,15,896.31,335.99,107.82,200.54,1,1,0.84411
149,17,1031.06,274.72,114.52,235.15,1,1,0.87741
149,23,618.19,146.54,109.41,218.21,1,1,0.8513
149,11,1569.02,155.63,127.01,184.93,1,1,0.85741
149,16,1621.7,316.49,89.11,209.25,1,1,0.79395
149,7,685.73,959.98,112.92,118.05,1,1,0.7884
150,0,448.92,618.68,172.32,244.36,1,1,0.87803
150,2,595.81,347.53,140.92,188.86,1,1,0.85327
150,3,1508.73,605.26,152.34,200.25,1,1,0.69015
150,14,1651.75,378.74,109.34,210.93,1,1,0.84245
150,15,896.6,334.55,109.09,199.29,1,1,0.84631
150,17,1036.64,269.79,102.54,237.38,1,1,0.87639
150,23,626.46,142.97,113.66,221.51,1,1,0.86209
150,11,1558.49,153.57,140.24,190.79,1,1,0.86004
150,7,689.67,952.85,113.92,124.97,1,1,0.73475
151,0,441.09,617.26,178.08,234.51,1,1,0.88344
151,2,596.35,345.47,148.09,181.13,1,1,0.86897
151,3,1502.35,600.88,158.09,205.46,1,1,0.84255
151,14,1649.0,370.53,118.88,216.16,1,1,0.84804
151,15,899.62,333.82,113.05,197.8,1,1,0.87715
151,17,1041.06,266.36,94.43,237.19,1,1,0.87115
151,23,633.34,140.36,120.08,220.66,1,1,0.87684
151,11,1549.35,153.47,148.23,192.55,1,1,0.86193
151,7,683.21,945.72,119.3,132.08,1,1,0.74085
152,0,441.58,615.43,165.32,230.33,1,1,0.86713
152,2,602.52,339.66,145.06,181.51,1,1,0.86478
152,3,1501.97,595.37,144.27,212.65,1,1,0.79072
152,14,1646.08,362.57,128.08,219.08,1,1,0.7829
152,15,895.89,332.8,127.81,195.71,1,1,0.87853
152,17,1046.91,263.98,94.69,236.9,1,1,0.8711
152,23,632.8,139.54,132.4,216.82,1,1,0.87958
152,11,1547.42,153.36,145.9,196.52,1,1,0.87223
152,7,673.53,939.11,135.19,138.69,1,1,0.76595
152,36,3.19,901.52,55.65,176.89,1,1,0.74952
153,0,442.01,615.21,146.86,221.92,1,1,0.81
153,2,610.65,339.98,128.43,180.47,1,1,0.84797
153,3,1497.91,597.36,121.87,208.66,1,1,0.79469
153,14,1644.23,358.57,136.92,215.24,1,1,0.79406
153,15,880.81,330.1,148.71,192.85,1,1,0.8834
153,17,1050.36,262.08,99.51,236.84,1,1,0.87608
153,23,632.69,139.03,142.37,212.96,1,1,0.88042
153,11,1554.84,155.29,122.94,194.63,1,1,0.85423
153,7,666.35,933.98,136.97,143.83,1,1,0.78187
153,36,4.53,899.31,57.8,178.71,1,1,0.83232
153,16,1643.22,306.31,88.77,119.73,1,1,0.68914
154,0,431.69,610.41,119.16,219.7,1,1,0.781
154,2,611.2,337.04,115.18,181.01,1,1,0.8315
154,3,1488.07,596.64,112.68,204.8,1,1,0.856
154,14,1641.93,359.58,141.87,208.06,1,1,0.75135
154,15,865.93,329.96,161.82,189.83,1,1,0.83636
154,17,1050.99,262.47,104.92,233.56,1,1,0.87899
154,23,635.65,139.77,143.91,207.93,1,1,0.8721
154,11,1565.07,157.26,88.87,190.47,1,1,0.82753
154,7,655.11,928.71,143.23,149.2,1,1,0.78328
154,36,2.84,903.04,71.91,175.27,1,1,0.82882
154,16,1645.81,305.01,87.11,110.29,1,1,0.77013
155,0,421.79,606.18,108.74,216.43,1,1,0.85061
155,2,605.21,338.53,114.16,178.38,1,1,0.82272
155,3,1474.38,595.47,123.98,200.67,1,1,0.89651
155,14,1641.61,362.23,145.18,202.29,1,1,0.76627
155,15,858.1,332.13,168.78,190.45,1,1,0.87988
155,17,1051.17,265.63,108.27,230.66,1,1,0.87706
155,23,639.94,142.58,141.62,205.54,1,1,0.87852
155,11,1565.95,158.92,72.08,187.43,1,1,0.84228
155,7,649.52,922.24,140.15,156.11,1,1,0.76373
155,36,2.18,902.43,81.46,176.36,1,1,0.82606
155,16,1647.18,305.02,85.32,108.04,1,1,0.73734
156,0,407.29,599.81,125.15,215.6,1,1,0.85527
156,2,600.14,336.48,133.7,192.5,1,1,0.82871
156,3,1465.47,593.6,141.01,199.8,1,1,0.90621
156,15,859.13,334.56,159.84,191.19,1,1,0.89673
156,17,1052.15,266.74,111.41,231.29,1,1,0.86817
156,23,647.57,145.55,133.68,202.69,1,1,0.86902
156,11,1560.2,159.76,73.0,184.38,1,1,0.81706
156,7,644.04,919.78,139.73,158.74,1,1,0.75528
156,36,1.89,915.33,92.86,163.6,1,1,0.87198
157,0,393.48,576.32,136.36,231.83,1,1,0.84087
157,2,602.4,334.63,140.33,191.52,1,1,0.82134
157,3,1461.05,592.88,151.2,197.46,1,1,0.90684
157,15,870.8,336.73,138.23,187.58,1,1,0.89336
157,17,1054.28,270.41,117.1,226.06,1,1,0.87465
157,23,657.34,148.77,123.1,199.44,1,1,0.8589
157,11,1557.75,158.73,80.18,182.55,1,1,0.84217
157,7,643.94,915.78,128.71,162.81,1,1,0.77628
157,36,3.05,916.77,123.12,162.19,1,1,0.85115
157,14,1644.41,364.3,82.19,212.93,1,1,0.72757
158,0,382.02,578.17,150.71,227.39,1,1,0.86244
158,2,607.59,331.12,133.52,179.52,1,1,0.76669
158,3,1459.63,589.99,152.03,201.42,1,1,0.8993
158,15,875.89,335.02,117.42,186.46,1,1,0.88213
158,17,1061.6,271.88,120.48,221.78,1,1,0.86648
158,23,670.1,150.67,108.91,198.38,1,1,0.83175
158,11,1550.25,156.6,98.06,181.58,1,1,0.82333
158,7,638.33,908.87,129.22,169.47,1,1,0.79513
158,36,3.95,914.68,129.38,164.06,1,1,0.82539
158,41,1875.45,348.07,46.77,184.54,1,1,0.85044
158,14,1639.86,367.04,74.38,208.72,1,1,0.66719
159,0,366.77,574.07,178.54,232.23,1,1,0.87504
159,2,618.39,329.27,130.77,169.26,1,1,0.80702
159,3,1457.4,588.29,148.71,204.84,1,1,0.87458
159,15,878.7,333.87,108.33,183.5,1,1,0.87004
159,17,1077.84,270.6,112.19,219.38,1,1,0.84499
159,23,679.56,149.45,102.48,201.29,1,1,0.80441
159,11,1541.07,154.97,116.11,182.44,1,1,0.85594
159,36,9.43,915.48,131.65,162.95,1,1,0.79909
159,41,1870.66,344.13,53.24,184.94,1,1,0.85502
159,16,1664.16,306.25,74.98,182.52,1,1,0.72972
160,0,357.36,571.15,187.65,233.77,1,1,0.88006
160,2,615.92,324.27,137.98,171.5,1,1,0.85841
160,3,1455.56,585.13,136.88,206.51,1,1,0.87188
160,15,885.27,331.11,105.6,180.75,1,1,0.86035
160,17,1090.17,267.01,105.66,218.16,1,1,0.84094
160,23,691.4,142.96,103.6,207.28,1,1,0.82003
160,11,1534.73,152.81,130.09,183.27,1,1,0.87722
160,36,24.17,917.95,127.43,160.14,1,1,0.79612
160,41,1860.04,339.65,63.28,184.84,1,1,0.87463
160,16,1671.51,302.76,77.15,186.53,1,1,0.677
160,7,631.74,889.34,150.75,187.79,1,1,0.80856
161,0,356.72,567.26,177.38,235.13,1,1,0.87497
161,2,620.33,320.44,136.97,169.32,1,1,0.87339
161,3,1450.41,580.95,125.94,204.53,1,1,0.85819
161,15,895.5,326.62,105.52,181.98,1,1,0.86358
161,17,1101.39,261.48,100.2,217.95,1,1,0.84838
161,23,695.03,137.28,113.06,212.39,1,1,0.82747
161,11,1533.62,150.19,135.54,184.2,1,1,0.84105
161,36,41.04,921.02,122.63,156.56,1,1,0.81545
161,41,1853.68,333.4,68.68,190.06,1,1,0.86435
161,16,1677.35,298.27,75.8,199.94,1,1,0.65319
161,14,1633.45,355.08,93.5,200.31,1,1,0.71322
162,0,365.33,563.06,153.42,233.2,1,1,0.85835
162,2,629.26,317.27,112.02,167.35,1,1,0.82734
162,3,1444.53,576.72,120.01,200.49,1,1,0.87254
162,15,889.05,320.73,125.82,186.87,1,1,0.86077
162,17,1105.63,253.79,103.96,218.55,1,1,0.86813
162,23,700.79,128.61,119.88,216.98,1,1,0.83341
162,11,1536.01,147.67,132.97,185.74,1,1,0.88111
162,36,50.32,917.29,123.17,159.95,1,1,0.80544
162,41,1848.8,327.72,72.26,192.54,1,1,0.88485
162,16,1680.54,292.44,75.41,199.86,1,1,0.74566
162,44,3.14,574.53,54.52,196.01,1,1,0.73182
162,14,1637.83,348.08,88.91,193.95,1,1,0.74251
162,7,623.01,876.31,150.98,199.0,1,1,0.83442
163,0,371.14,561.1,128.12,225.15,1,1,0.8603
163,2,635.45,312.71,95.28,163.41,1,1,0.84581
163,3,1433.81,572.38,135.27,196.49,1,1,0.88722
163,15,857.84,315.59,164.63,207.81,1,1,0.89042
163,17,1104.9,247.02,117.55,217.96,1,1,0.8756
163,23,706.86,121.75,121.56,209.52,1,1,0.84099
163,11,1542.87,145.23,122.75,185.59,1,1,0.87232
163,36,64.99,918.73,117.29,158.45,1,1,0.82565
163,41,1847.53,321.99,72.57,191.89,1,1,0.86765
163,16,1683.99,286.24,74.51,190.06,1,1,0.78479
163,44,5.51,580.0,67.21,177.99,1,1,0.84738
163,14,1644.1,341.7,84.57,194.59,1,1,0.82262
163,7,625.33,864.76,144.0,210.58,1,1,0.86708
164,0,369.28,558.03,120.29,218.01,1,1,0.86438
164,2,641.89,306.67,88.51,162.6,1,1,0.82817
164,3,1428.26,567.37,145.67,194.49,1,1,0.88817
164,15,857.41,310.85,172.09,215.26,1,1,0.89548
164,17,1105.68,240.99,128.08,216.69,1,1,0.87831
164,23,711.86,114.27,123.81,205.87,1,1,0.85122
164,11,1555.26,142.61,102.78,183.82,1,1,0.85913
164,36,78.62,913.79,122.7,163.59,1,1,0.84426
164,41,1840.82,317.98,79.27,188.87,1,1,0.84999
164,16,1686.51,280.76,81.84,186.66,1,1,0.78693
164,44,5.74,579.57,86.35,163.41,1,1,0.84601
164,14,1652.39,336.08,90.31,196.23,1,1,0.83379
164,7,630.8,853.56,120.45,218.93,1,1,0.82152
165,0,367.69,555.4,123.8,209.76,1,1,0.86853
165,2,647.45,300.57,95.53,162.18,1,1,0.84259
165,3,1418.95,561.08,157.31,195.05,1,1,0.88013
165,15,869.2,308.46,162.41,213.63,1,1,0.88709
165,17,1108.68,237.89,136.76,214.78,1,1,0.88792
165,23,717.3,110.27,130.06,201.76,1,1,0.85486
165,11,1558.37,141.33,92.16,180.37,1,1,0.83234
165,36,93.16,917.99,128.2,159.67,1,1,0.82865
165,41,1831.7,314.1,88.79,188.24,1,1,0.86958
165,16,1689.06,276.07,91.88,191.68,1,1,0.79015
165,44,5.94,578.91,108.52,163.04,1,1,0.88038
165,14,1653.3,331.79,99.37,197.94,1,1,0.82817
165,7,627.97,839.23,115.53,226.83,1,1,0.83728
166,0,359.02,553.76,136.98,205.35,1,1,0.8785
166,2,653.89,292.5,106.06,165.7,1,1,0.84132
166,3,1412.47,555.92,160.81,195.57,1,1,0.86918
166,15,889.59,307.24,140.05,209.54,1,1,0.87435
166,17,1118.19,235.85,138.04,212.24,1,1,0.87888
166,23,726.71,107.6,130.86,199.57,1,1,0.85009
166,11,1562.45,140.64,85.11,175.18,1,1,0.84804
166,36,111.2,912.08,116.63,164.87,1,1,0.80019
166,41,1831.45,308.57,89.51,187.38,1,1,0.88714
166,16,1692.09,271.8,97.34,193.46,1,1,0.79202
166,44,8.14,575.87,131.78,168.2,1,1,0.8778
166,14,1650.05,329.72,103.06,197.29,1,1,0.81719
166,7,628.45,827.98,114.57,230.39,1,1,0.85017
167,0,348.74,552.23,146.46,202.54,1,1,0.88721
167,2,653.44,285.66,120.14,170.3,1,1,0.8416
167,3,1411.74,550.71,151.21,198.67,1,1,0.86056
167,15,910.68,305.84,114.91,201.53,1,1,0.83566
167,17,1136.22,234.22,130.78,209.97,1,1,0.85886
167,23,742.82,107.07,124.26,196.98,1,1,0.84857
167,11,1567.49,140.06,84.82,171.67,1,1,0.84924
167,36,128.14,910.96,106.46,167.24,1,1,0.80627
167,41,1828.47,302.41,93.0,184.22,1,1,0.82904
167,16,1696.9,269.1,101.35,191.11,1,1,0.79444
167,44,24.13,574.93,142.45,168.74,1,1,0.86128
167,14,1651.9,328.56,113.6,197.15,1,1,0.8301
167,7,630.91,815.54,122.12,236.38,1,1,0.85749
168,0,352.73,550.8,136.84,200.87,1,1,0.87805
168,2,653.26,281.35,135.31,171.8,1,1,0.86223
168,3,1414.66,547.68,136.51,198.51,1,1,0.85636
168,15,927.49,305.14,96.61,201.09,1,1,0.83283
168,17,1146.9,230.07,130.22,212.39,1,1,0.82471
168,23,758.31,108.2,115.46,194.4,1,1,0.84205
168,11,1572.53,139.21,90.1,173.4,1,1,0.8513
168,36,145.27,913.22,102.5,165.75,1,1,0.82437
168,41,1816.7,296.92,105.55,174.96,1,1,0.82604
168,16,1703.03,265.04,92.55,184.4,1,1,0.77042
168,44,52.26,576.71,141.1,161.67,1,1,0.86823
168,14,1658.22,329.23,125.16,194.1,1,1,0.82331
168,7,631.44,803.44,133.38,232.05,1,1,0.86532
169,0,369.98,552.02,110.89,192.13,1,1,0.85398
169,2,662.44,279.36,139.27,170.4,1,1,0.85792
169,3,1419.43,544.48,117.49,194.09,1,1,0.85017
169,15,943.89,305.62,89.82,194.68,1,1,0.83596
169,17,1167.2,226.23,119.01,211.12,1,1,0.82677
169,23,777.06,109.14,106.15,191.2,1,1,0.84831
169,11,1578.27,138.48,97.3,174.36,1,1,0.86389
169,36,169.29,913.03,100.13,165.79,1,1,0.81424
169,41,1815.72,291.7,107.87,174.27,1,1,0.82473
169,16,1712.09,260.38,89.55,188.36,1,1,0.81611
169,44,86.81,579.19,138.17,152.95,1,1,0.85615
169,14,1673.77,329.46,124.16,186.75,1,1,0.84024
169,7,637.18,794.24,135.85,221.6,1,1,0.85904
170,0,382.05,552.71,94.82,180.97,1,1,0.86777
170,2,677.94,278.95,132.85,169.62,1,1,0.86428
170,3,1418.9,540.07,124.82,191.53,1,1,0.85596
170,15,955.07,301.22,99.39,181.23,1,1,0.84546
170,17,1177.38,222.81,116.67,209.23,1,1,0.84069
170,23,797.51,106.66,97.11,188.76,1,1,0.83627
170,11,1577.62,136.02,111.97,175.82,1,1,0.86703
170,36,189.74,914.77,102.44,163.51,1,1,0.83166
170,41,1820.97,287.27,103.18,173.17,1,1,0.83026
170,16,1724.86,254.81,84.91,188.73,1,1,0.78823
170,44,123.43,578.24,135.12,143.84,1,1,0.86415
170,14,1688.85,328.67,128.42,179.82,1,1,0.77007
170,7,643.76,783.36,132.31,213.54,1,1,0.85653
170,45,5.18,839.19,72.05,216.02,1,1,0.83705
171,0,383.61,549.63,107.63,178.18,1,1,0.8585
171,2,698.38,277.82,117.62,168.53,1,1,0.85917
171,3,1415.86,535.26,139.97,191.4,1,1,0.86125
171,15,960.79,297.89,120.36,175.15,1,1,0.83713
171,17,1191.7,219.55,107.72,209.02,1,1,0.84295
171,23,811.93,100.65,98.56,191.78,1,1,0.8357
171,11,1578.11,134.08,121.73,176.46,1,1,0.85747
171,36,209.41,911.12,96.08,167.5,1,1,0.81873
171,41,1828.68,284.5,94.29,169.43,1,1,0.82727
171,16,1733.99,250.04,94.43,190.42,1,1,0.78946
171,44,158.67,576.92,134.73,142.63,1,1,0.85367
171,14,1702.2,322.92,127.73,180.14,1,1,0.74529
171,7,649.09,771.55,140.96,210.3,1,1,0.84635
171,45,11.18,837.95,94.59,226.22,1,1,0.86559
172,0,369.33,548.7,132.54,175.16,1,1,0.87183
172,2,720.6,277.18,97.96,166.53,1,1,0.84672
172,3,1412.91,529.79,152.4,187.67,1,1,0.86554
172,15,966.83,295.88,137.38,173.89,1,1,0.85756
172,17,1209.52,214.07,97.01,210.4,1,1,0.84528
172,23,827.54,97.64,101.22,190.82,1,1,0.84942
172,11,1586.67,134.47,119.46,174.6,1,1,0.86468
172,36,225.85,907.71,104.21,170.9,1,1,0.82826
172,41,1842.92,280.16,79.02,166.15,1,1,0.81753
172,16,1744.33,245.03,94.08,186.53,1,1,0.726
172,44,191.8,574.83,132.58,144.39,1,1,0.85884
172,14,1718.79,321.12,96.43,175.11,1,1,0.7646
172,7,654.76,761.21,141.34,209.58,1,1,0.84594
172,45,31.33,836.18,100.57,223.04,1,1,0.84818
173,0,363.52,549.2,150.17,174.47,1,1,0.88317
173,2,737.85,276.36,90.59,161.93,1,1,0.86672
173,3,1415.5,525.03,154.19,185.5,1,1,0.88203
173,15,979.13,294.36,147.43,171.14,1,1,0.88269
173,17,1232.7,210.69,89.18,210.56,1,1,0.86794
173,23,841.95,95.16,106.14,189.44,1,1,0.8681
173,11,1604.43,134.43,106.18,171.96,1,1,0.8705
173,36,242.94,903.49,106.58,175.42,1,1,0.84982
173,41,1851.83,277.44,69.84,163.76,1,1,0.79989
173,16,1754.27,241.61,102.06,182.41,1,1,0.79508
173,44,224.36,573.35,130.28,149.38,1,1,0.87402
173,14,1733.12,318.32,85.04,173.51,1,1,0.83537
173,7,664.7,754.89,135.51,209.07,1,1,0.85656
173,45,56.81,831.8,102.6,221.92,1,1,0.85285
174,0,371.51,553.04,146.21,166.98,1,1,0.87863
174,2,752.23,274.8,88.92,159.86,1,1,0.86054
174,3,1417.94,522.64,145.92,187.67,1,1,0.88257
174,15,995.82,295.16,142.69,169.12,1,1,0.85067
174,17,1249.25,207.34,89.59,208.85,1,1,0.869
174,23,852.72,92.34,112.47,189.69,1,1,0.86879
174,11,1621.14,135.94,91.03,168.12,1,1,0.85058
174,36,257.94,906.96,114.39,172.34,1,1,0.86065
174,41,1859.89,274.28,61.34,161.79,1,1,0.8217
174,16,1767.32,239.55,102.99,175.02,1,1,0.80526
174,44,251.89,573.65,132.4,149.02,1,1,0.86699
174,14,1744.61,312.81,88.16,177.08,1,1,0.846
174,7,672.58,748.9,128.5,205.46,1,1,0.84685
174,45,82.51,829.72,102.03,219.98,1,1,0.85756
175,0,391.71,559.09,122.57,154.21,1,1,0.85606
175,2,760.67,271.56,94.73,165.87,1,1,0.85095
175,3,1421.62,521.59,132.16,190.07,1,1,0.87771
175,15,1014.2,295.83,118.32,160.06,1,1,0.82053
175,17,1265.14,205.03,89.55,206.84,1,1,0.86202
175,23,860.4,93.16,121.15,185.76,1,1,0.87016
175,11,1634.09,136.36,80.37,165.76,1,1,0.83472
175,36,268.86,911.78,113.55,167.81,1,1,0.84813
175,41,1869.11,270.15,51.47,156.11,1,1,0.70188
175,16,1778.48,238.46,86.16,162.84,1,1,0.76217
175,44,267.85,579.21,142.52,138.91,1,1,0.84282
175,14,1747.38,308.0,101.75,180.19,1,1,0.8641
175,7,675.16,744.6,127.7,203.69,1,1,0.87262
175,45,106.52,828.01,101.5,219.54,1,1,0.84428
176,0,404.01,565.99,100.44,142.46,1,1,0.8391
176,2,762.3,269.13,104.33,167.08,1,1,0.87515
176,3,1425.13,521.94,115.91,187.18,1,1,0.85925
176,15,1028.57,296.41,96.29,139.02,1,1,0.79957
176,17,1278.24,203.66,92.73,205.68,1,1,0.86086
176,23,868.32,89.67,123.48,186.21,1,1,0.86904
176,11,1642.98,133.55,77.36,165.19,1,1,0.83055
176,36,279.59,921.36,110.49,158.17,1,1,0.84567
176,41,1873.95,264.66,45.94,152.91,1,1,0.71203
176,16,1790.02,237.37,76.98,152.23,1,1,0.75697
176,44,281.96,579.59,153.47,133.75,1,1,0.8436
176,14,1750.17,301.96,119.87,184.15,1,1,0.87494
176,7,680.56,739.41,133.33,203.59,1,1,0.88226
176,45,126.92,827.61,101.92,220.18,1,1,0.8491
177,0,409.59,564.74,91.94,145.23,1,1,0.8271
177,2,762.41,267.11,118.87,167.98,1,1,0.86634
177,3,1424.12,523.14,105.4,185.38,1,1,0.85064
177,15,1038.85,294.91,87.82,137.25,1,1,0.79281
177,17,1290.45,200.07,96.67,209.4,1,1,0.85728
177,23,881.27,86.2,122.73,188.52,1,1,0.8667
177,11,1653.84,130.9,80.45,164.6,1,1,0.8371
177,36,291.41,926.37,107.94,153.5,1,1,0.82953
177,41,1865.67,262.13,54.01,144.39,1,1,0.74135
177,16,1801.75,235.48,75.88,152.9,1,1,0.77374
177,44,303.36,587.67,145.5,122.06,1,1,0.79243
177,14,1757.18,301.29,133.42,183.86,1,1,0.87381
177,7,682.52,734.38,146.19,202.36,1,1,0.87417
177,45,145.0,831.14,104.98,221.8,1,1,0.84444
177,46,4.48,550.72,76.99,185.72,1,1,0.85279
178,0,422.1,557.79,88.08,152.9,1,1,0.81785
178,2,768.56,264.37,119.57,169.61,1,1,0.86809
178,3,1423.71,521.46,117.32,183.23,1,1,0.86172
178,15,1048.24,292.29,82.03,132.81,1,1,0.8059
178,17,1308.76,200.71,91.82,205.1,1,1,0.84883
178,23,900.24,83.76,114.67,185.84,1,1,0.84691
178,11,1666.66,126.04,84.83,165.88,1,1,0.84903
178,36,301.18,926.2,109.4,153.28,1,1,0.80827
178,16,1819.37,232.81,73.71,160.87,1,1,0.78041
178,44,324.66,591.86,141.11,121.19,1,1,0.81113
178,14,1771.71,299.28,138.14,185.45,1,1,0.8719
178,7,677.19,728.43,160.0,195.97,1,1,0.87524
178,45,164.3,832.11,110.6,223.09,1,1,0.85455
178,46,8.41,544.39,100.0,188.28,1,1,0.8641
179,0,436.07,548.58,88.19,157.59,1,1,0.78875
179,2,782.03,259.84,113.21,170.73,1,1,0.86042
179,3,1427.75,518.64,129.94,182.72,1,1,0.87157
179,15,1059.13,288.34,80.59,152.72,1,1,0.84293
179,17,1326.92,199.38,87.64,203.07,1,1,0.84845
179,23,918.83,79.98,105.05,185.83,1,1,0.83636
179,11,1672.75,121.59,98.26,168.33,1,1,0.85458
179,36,311.99,924.86,113.75,154.33,1,1,0.81066
179,16,1836.36,228.84,73.19,169.02,1,1,0.78987
179,44,349.48,589.11,132.16,130.54,1,1,0.7966
179,14,1791.85,297.56,128.64,186.34,1,1,0.86364
179,7,673.13,721.78,166.63,188.8,1,1,0.87469
179,45,181.29,833.22,118.54,221.75,1,1,0.84966
179,46,19.41,538.89,117.86,190.61,1,1,0.81466
180,0,456.9,541.72,85.38,151.54,1,1,0.78303
180,2,803.06,258.28,100.03,168.01,1,1,0.84771
180,3,1424.95,516.61,144.4,181.42,1,1,0.88094
180,15,1063.24,285.8,90.62,163.68,1,1,0.85174
180,17,1343.7,197.87,87.26,202.99,1,1,0.8364
180,23,936.2,76.69,96.32,185.03,1,1,0.82596
180,11,1677.68,118.01,111.97,170.03,1,1,0.84637
180,36,326.3,922.14,115.46,157.11,1,1,0.81106
180,16,1850.94,224.24,68.61,172.09,1,1,0.77245
180,44,375.93,586.94,124.98,132.11,1,1,0.79011
180,14,1812.27,295.97,111.71,186.58,1,1,0.84382
180,7,676.85,716.54,157.97,188.68,1,1,0.84689
180,45,198.28,833.15,124.08,224.31,1,1,0.84715
180,46,41.31,534.55,124.64,192.77,1,1,0.83464
181,0,477.2,537.24,83.07,150.3,1,1,0.78937
181,2,820.61,256.02,89.53,167.53,1,1,0.84382
181,3,1420.22,513.53,156.74,186.98,1,1,0.87929
181,15,1065.61,283.5,103.05,169.11,1,1,0.86047
181,17,1361.94,195.43,84.88,200.86,1,1,0.84048
181,23,952.77,73.67,92.55,184.13,1,1,0.82586
181,11,1687.46,116.25,114.46,169.09,1,1,0.78309
181,36,337.48,922.4,115.68,156.87,1,1,0.80815
181,16,1867.35,220.07,55.18,172.23,1,1,0.64195
181,44,395.79,586.57,118.32,129.88,1,1,0.81251
181,14,1833.17,295.66,91.22,183.46,1,1,0.80767
181,7,687.13,712.99,139.0,189.07,1,1,0.86262
181,45,219.73,832.51,125.49,228.33,1,1,0.85206
181,46,68.84,530.8,128.29,193.63,1,1,0.83799
182,0,497.8,531.37,82.02,148.61,1,1,0.76839
182,2,832.26,253.16,90.08,165.64,1,1,0.83743
182,3,1420.95,510.54,158.77,191.17,1,1,0.87037
182,15,1073.2,280.49,110.23,173.41,1,1,0.86021
182,17,1373.46,188.52,94.28,202.17,1,1,0.83918
182,23,965.52,70.12,96.78,183.63,1,1,0.83732
182,11,1699.22,113.53,111.37,171.52,1,1,0.76639
182,36,350.84,920.48,113.79,158.53,1,1,0.8074
182,16,1884.72,213.99,37.75,130.39,1,1,0.6865
182,44,419.69,585.22,116.52,128.05,1,1,0.80416
182,14,1848.66,291.38,75.0,182.4,1,1,0.78272
182,7,696.03,706.22,118.85,190.7,1,1,0.85682
182,45,236.3,828.28,130.9,234.24,1,1,0.85043
182,46,96.77,528.35,131.99,189.77,1,1,0.84477
183,0,516.57,530.17,80.46,141.03,1,1,0.76525
183,2,843.92,248.9,88.16,163.4,1,1,0.84822
183,3,1430.4,507.73,145.74,195.26,1,1,0.86797
183,15,1083.29,276.4,118.7,178.22,1,1,0.86474
183,17,1389.16,184.96,100.89,201.34,1,1,0.86142
183,23,980.78,65.53,101.75,183.84,1,1,0.84826
183,11,1712.87,112.38,111.22,173.27,1,1,0.82335
183,36,366.93,922.08,111.63,156.77,1,1,0.80618
183,44,447.38,584.49,109.32,128.98,1,1,0.80709
183,14,1870.59,283.69,52.27,185.61,1,1,0.73968
183,7,701.81,701.31,98.61,186.76,1,1,0.86313
183,45,260.06,831.57,128.24,228.05,1,1,0.86539
183,46,129.93,529.26,129.6,182.56,1,1,0.86885
184,0,536.52,527.5,84.14,139.3,1,1,0.77137
184,2,855.44,244.16,94.96,162.38,1,1,0.83699
184,3,1442.59,506.77,124.28,193.97,1,1,0.85592
184,15,1099.1,275.59,118.28,176.78,1,1,0.86162
184,17,1401.73,179.57,112.51,202.2,1,1,0.85745
184,23,993.92,60.13,110.46,184.84,1,1,0.84708
184,11,1731.2,111.33,101.27,173.29,1,1,0.80057
184,36,382.35,922.97,110.85,155.85,1,1,0.79295
184,44,469.91,584.46,106.16,126.53,1,1,0.82064
184,7,706.32,693.89,98.46,189.35,1,1,0.85867
184,45,279.35,830.23,125.37,224.16,1,1,0.83143
184,46,158.95,523.64,132.65,185.29,1,1,0.85869
185,0,553.65,524.96,89.06,147.76,1,1,0.78496
185,2,862.36,237.11,111.45,169.82,1,1,0.85881
185,3,1448.2,504.21,111.57,193.34,1,1,0.84423
185,15,1117.3,274.31,107.74,175.66,1,1,0.85457
185,17,1411.64,173.78,125.94,203.8,1,1,0.86388
185,23,1002.38,53.2,120.17,185.97,1,1,0.856
185,11,1748.32,108.55,95.45,173.35,1,1,0.79854
185,36,397.38,928.38,115.06,150.54,1,1,0.77617
185,44,491.44,582.56,99.93,126.02,1,1,0.81226
185,7,711.94,690.74,105.81,184.08,1,1,0.86556
185,45,298.35,825.1,119.69,224.04,1,1,0.83897
185,46,186.3,519.43,137.74,189.36,1,1,0.8609
186,0,567.45,523.5,97.58,157.46,1,1,0.79936
186,2,868.76,230.59,123.84,177.51,1,1,0.87088
186,3,1451.18,501.15,119.61,191.42,1,1,0.85807
186,15,1133.93,271.35,97.36,174.16,1,1,0.84167
186,17,1425.09,167.52,135.67,206.85,1,1,0.87023
186,23,1010.52,47.18,128.59,185.7,1,1,0.85661
186,11,1764.83,105.19,92.23,172.69,1,1,0.8203
186,36,414.08,931.83,106.68,146.92,1,1,0.7641
186,44,512.04,580.98,93.09,120.58,1,1,0.79158
186,7,707.85,686.87,116.84,174.22,1,1,0.86428
186,45,316.73,819.44,115.59,223.14,1,1,0.84592
186,46,214.87,518.12,138.62,189.43,1,1,0.86318
187,0,586.36,521.77,105.92,158.8,1,1,0.77818
187,2,877.11,225.49,128.7,178.89,1,1,0.85882
187,3,1453.77,494.32,130.99,192.43,1,1,0.86616
187,15,1152.1,266.62,92.31,174.68,1,1,0.8303
187,17,1439.41,163.07,141.37,209.25,1,1,0.85147
187,23,1023.96,41.31,131.82,186.56,1,1,0.84569
187,11,1783.07,98.53,89.81,173.68,1,1,0.80373
187,36,420.44,929.21,106.76,149.52,1,1,0.78135
187,44,527.81,582.7,93.99,117.48,1,1,0.80078
187,7,697.77,683.37,129.31,170.75,1,1,0.8204
187,45,325.74,809.04,120.77,228.43,1,1,0.81359
187,46,244.49,516.21,141.79,190.72,1,1,0.84961
188,0,600.59,527.43,113.66,155.66,1,1,0.78608
188,2,890.3,224.09,125.26,178.89,1,1,0.8636
188,3,1450.81,490.96,145.46,190.57,1,1,0.86637
188,15,1166.31,263.34,91.36,172.61,1,1,0.84542
188,17,1458.76,161.29,139.33,208.17,1,1,0.85256
188,23,1039.34,38.3,130.0,186.28,1,1,0.84697
188,11,1800.52,94.59,83.79,173.95,1,1,0.82559
188,36,434.38,930.98,100.93,147.89,1,1,0.77479
188,44,544.83,587.61,91.46,114.67,1,1,0.77715
188,7,686.83,680.56,138.01,171.25,1,1,0.8271
188,45,340.99,799.98,117.03,233.31,1,1,0.83058
188,46,279.09,517.68,134.89,186.73,1,1,0.85372
189,0,613.43,532.88,119.89,147.1,1,1,0.78447
189,2,905.43,223.44,120.24,180.54,1,1,0.86547
189,3,1444.63,487.56,159.92,187.44,1,1,0.87344
189,15,1176.41,261.07,97.07,169.57,1,1,0.86472
189,17,1481.32,159.43,129.99,204.95,1,1,0.84299
189,23,1058.56,37.63,122.06,181.32,1,1,0.84323
189,11,1816.99,91.59,80.14,177.74,1,1,0.84734
189,36,446.66,933.26,95.04,145.53,1,1,0.79982
189,44,560.65,592.26,89.93,136.46,1,1,0.80977
189,7,686.67,677.83,128.08,174.44,1,1,0.85992
189,45,359.35,794.23,106.95,231.65,1,1,0.86096
189,46,314.34,519.47,127.28,179.97,1,1,0.86305
190,0,630.55,546.12,115.85,136.0,1,1,0.8309
190,2,926.05,226.06,102.75,175.21,1,1,0.88167
190,3,1438.51,485.76,163.13,189.79,1,1,0.88433
190,15,1177.44,257.23,110.45,174.46,1,1,0.88426
190,17,1499.2,156.13,119.95,203.53,1,1,0.83565
190,23,1076.69,35.44,110.96,178.2,1,1,0.8409
190,11,1823.84,88.8,84.01,180.27,1,1,0.85045
190,36,456.73,934.91,98.0,143.84,1,1,0.81895
190,44,573.24,599.77,86.38,131.0,1,1,0.84096
190,7,696.15,673.35,107.85,174.42,1,1,0.87675
190,45,369.92,787.01,103.74,230.33,1,1,0.87533
190,46,348.03,520.64,120.95,175.93,1,1,0.87751
191,0,641.89,553.68,117.52,128.19,1,1,0.81171
191,2,943.24,225.63,86.72,171.28,1,1,0.87664
191,3,1430.41,484.15,163.09,193.48,1,1,0.87976
191,15,1176.25,252.42,122.4,179.21,1,1,0.88915
191,17,1512.41,152.36,111.64,201.28,1,1,0.84328
191,23,1091.82,33.4,99.19,175.1,1,1,0.83188
191,11,1825.53,85.63,91.15,182.52,1,1,0.88548
191,36,462.61,935.76,101.6,143.11,1,1,0.82448
191,44,581.3,608.45,85.43,123.97,1,1,0.82457
191,7,704.23,669.74,97.75,175.98,1,1,0.86011
191,45,374.41,781.43,107.88,232.22,1,1,0.87864
191,46,376.54,521.32,118.55,174.32,1,1,0.8786
192,0,663.2,560.8,106.31,116.28,1,1,0.79397
192,2,953.84,222.2,78.89,168.92,1,1,0.88313
192,3,1427.36,484.19,144.54,194.65,1,1,0.88029
192,15,1177.75,248.35,128.78,183.19,1,1,0.89032
192,17,1526.27,147.47,99.19,199.95,1,1,0.83972
192,23,1103.86,29.41,86.18,173.78,1,1,0.83098
192,11,1825.07,83.11,94.14,184.61,1,1,0.90371
192,36,466.55,935.07,104.11,143.86,1,1,0.8249
192,44,587.79,617.03,86.47,115.03,1,1,0.82596
192,7,706.13,661.49,90.85,180.42,1,1,0.83804
192,45,375.66,778.42,112.61,232.27,1,1,0.8932
192,46,395.57,521.52,119.77,174.51,1,1,0.88023
193,0,667.83,569.8,108.16,111.0,1,1,0.81068
193,2,959.14,217.94,74.67,168.01,1,1,0.88095
193,3,1431.79,484.39,113.43,188.08,1,1,0.8446
193,15,1181.82,245.79,128.33,187.5,1,1,0.89237
193,17,1533.81,142.36,91.84,202.28,1,1,0.86412
193,23,1109.86,23.53,80.91,175.3,1,1,0.83412
193,11,1825.99,81.88,93.42,185.0,1,1,0.9051
193,36,465.63,936.76,107.38,142.18,1,1,0.81402
193,44,593.13,624.73,89.12,106.97,1,1,0.8329
193,7,693.33,655.32,95.99,179.37,1,1,0.83682
193,45,373.16,776.61,118.85,233.82,1,1,0.89473
193,46,414.07,521.75,118.2,174.22,1,1,0.8675
194,0,672.89,581.3,107.17,102.28,1,1,0.73355
194,2,960.48,214.8,73.47,170.62,1,1,0.88366
194,3,1433.59,483.88,86.05,183.69,1,1,0.83504
194,15,1186.74,245.9,121.89,187.06,1,1,0.87166
194,17,1539.98,135.29,87.18,209.52,1,1,0.84752
194,23,1114.59,17.58,79.14,175.25,1,1,0.83543
194,11,1828.48,81.19,90.17,182.7,1,1,0.89555
194,36,468.57,939.47,103.74,139.45,1,1,0.80851
194,44,594.96,631.75,101.65,95.84,1,1,0.83282
194,7,685.36,649.96,91.26,178.74,1,1,0.84628
194,45,367.37,774.89,125.47,233.16,1,1,0.89791
194,46,429.11,521.21,117.58,173.98,1,1,0.85145
195,0,676.78,594.71,110.23,83.79,1,1,0.74083
195,2,955.51,209.26,79.3,178.9,1,1,0.87042
195,3,1420.36,484.22,85.37,177.68,1,1,0.78322
195,15,1192.98,246.39,108.53,183.27,1,1,0.86971
195,17,1545.33,128.17,84.33,212.31,1,1,0.84321
195,23,1110.07,12.81,86.32,175.19,1,1,0.86095
195,11,1829.99,79.65,87.96,180.03,1,1,0.87741
195,36,463.96,943.85,106.66,135.21,1,1,0.81209
195,44,596.36,638.56,102.57,86.75,1,1,0.84075
195,7,679.39,644.17,90.06,180.93,1,1,0.84956
195,45,364.86,774.48,130.0,231.1,1,1,0.90318
195,46,440.56,520.51,117.85,175.78,1,1,0.86069
196,0,662.28,608.13,130.61,94.65,1,1,0.77131
196,2,948.66,205.77,84.3,182.11,1,1,0.88868
196,3,1408.22,475.45,89.68,180.37,1,1,0.82219
196,15,1194.15,245.26,98.28,179.9,1,1,0.87528
196,17,1549.43,123.84,83.34,213.78,1,1,0.85307
196,23,1102.14,8.81,96.32,178.16,1,1,0.88464
196,11,1832.44,77.28,83.55,177.46,1,1,0.85427
196,36,460.38,946.57,109.34,132.56,1,1,0.81081
196,44,597.48,640.13,111.42,83.78,1,1,0.76762
196,7,666.11,635.61,102.07,184.46,1,1,0.84295
196,45,366.95,772.03,130.42,229.13,1,1,0.90851
196,46,453.35,518.74,115.73,179.49,1,1,0.8722
197,0,674.51,618.89,124.05,96.47,1,1,0.84629
197,2,945.77,204.4,84.57,180.1,1,1,0.88911
197,3,1386.86,469.67,86.71,182.83,1,1,0.83043
197,15,1196.08,242.72,89.77,177.42,1,1,0.8813
197,17,1550.35,120.06,84.61,213.83,1,1,0.8461
197,23,1098.47,5.83,100.6,178.46,1,1,0.88468
197,11,1833.47,74.16,79.34,175.67,1,1,0.84444
197,36,459.09,949.24,109.46,129.87,1,1,0.79997
197,44,598.25,638.05,108.15,87.16,1,1,0.79977
197,7,660.65,630.05,94.7,181.86,1,1,0.8448
197,45,373.74,768.22,125.93,227.58,1,1,0.90791
197,46,472.59,517.6,106.41,177.77,1,1,0.85988
198,0,684.98,626.24,115.09,87.2,1,1,0.8351
198,2,940.18,203.76,84.6,180.18,1,1,0.88793
198,3,1358.28,466.2,110.53,183.72,1,1,0.87437
198,15,1195.81,239.21,85.35,174.8,1,1,0.87837
198,17,1547.79,115.87,87.36,210.82,1,1,0.84747
198,23,1093.97,4.25,102.18,177.21,1,1,0.88064
198,11,1832.6,69.29,78.14,175.58,1,1,0.85227
198,36,452.83,950.31,113.34,128.75,1,1,0.80234
198,44,597.82,632.25,102.94,90.24,1,1,0.81782
198,7,640.96,626.78,104.26,179.05,1,1,0.82562
198,45,379.25,762.55,120.77,225.54,1,1,0.89576
198,46,481.76,515.41,106.25,177.6,1,1,0.86255
198,47,1876.36,856.68,43.34,207.32,1,1,0.80989
199,0,682.31,632.9,119.18,77.0,1,1,0.84372
199,2,934.9,205.04,83.41,181.01,1,1,0.89075
199,3,1327.84,463.76,133.33,186.53,1,1,0.89552
199,15,1196.69,236.62,79.92,179.92,1,1,0.88534
199,17,1542.64,114.82,95.01,211.69,1,1,0.84474
199,23,1091.99,4.05,100.25,175.85,1,1,0.88302
199,11,1827.09,65.15,79.41,176.04,1,1,0.81569
199,36,445.14,952.44,117.72,127.25,1,1,0.79225
199,44,597.0,634.92,100.26,83.68,1,1,0.8027
199,7,616.26,625.53,115.58,176.44,1,1,0.87313
199,45,383.36,755.83,116.24,227.25,1,1,0.90063
199,46,496.58,513.79,100.13,177.05,1,1,0.86763
199,47,1858.65,849.87,61.25,218.03,1,1,0.82306
200,0,666.09,629.21,137.38,79.03,1,1,0.84397
200,2,930.32,204.92,81.04,180.21,1,1,0.88552
200,3,1300.45,463.53,151.26,189.75,1,1,0.89259
200,15,1190.88,234.11,79.01,186.92,1,1,0.88204
200,17,1536.47,115.77,90.7,206.2,1,1,0.8507
200,23,1090.61,3.96,95.74,172.01,1,1,0.87064
200,11,1817.2,62.21,82.97,176.51,1,1,0.72185
200,36,436.83,953.47,114.84,126.3,1,1,0.79855
200,44,595.38,636.45,89.84,79.13,1,1,0.79704
200,7,597.23,623.84,124.12,177.88,1,1,0.87126
200,45,387.05,747.47,109.52,231.13,1,1,0.89875
200,46,506.83,509.32,100.88,177.61,1,1,0.8706
200,47,1824.15,846.68,95.12,221.45,1,1,0.87428
200,48,0.07,502.34,18.91,177.01,1,1,0.7103
201,0,659.9,632.55,146.22,74.58,1,1,0.75339
201,2,921.86,205.23,79.56,179.34,1,1,0.86829
201,3,1276.45,466.22,148.35,195.2,1,1,0.88216
201,15,1172.87,234.73,91.01,190.47,1,1,0.87142
201,17,1529.75,115.92,87.55,202.81,1,1,0.85314
201,23,1088.32,5.88,90.66,168.33,1,1,0.85455
201,36,430.03,957.42,112.18,123.01,1,1,0.80792
201,7,585.17,621.86,127.92,180.45,1,1,0.87022
201,45,386.44,740.79,106.51,232.87,1,1,0.89461
201,46,520.43,503.74,102.96,180.06,1,1,0.8721
201,47,1789.8,846.25,128.81,224.45,1,1,0.87753
201,48,-0.11,503.25,21.58,174.92,1,1,0.7271
202,0,666.58,633.56,138.58,72.78,1,1,0.79642
202,2,900.25,204.57,93.21,177.48,1,1,0.81078
202,3,1264.23,467.8,132.78,196.14,1,1,0.88559
202,15,1155.58,236.16,99.87,191.39,1,1,0.87783
202,17,1521.57,116.22,87.27,200.77,1,1,0.85101
202,23,1086.09,6.92,84.01,165.29,1,1,0.84098
202,36,423.2,963.1,109.65,117.26,1,1,0.81118
202,7,579.12,617.82,121.06,182.91,1,1,0.88811
202,45,383.01,733.09,104.31,236.53,1,1,0.89668
202,46,531.21,500.15,92.95,180.47,1,1,0.87294
202,47,1759.89,844.83,158.19,226.79,1,1,0.89608
202,48,-0.31,504.42,24.74,174.11,1,1,0.77331
203,0,664.99,636.3,138.23,74.51,1,1,0.83971
203,2,892.85,203.23,92.14,176.68,1,1,0.83147
203,3,1259.99,467.75,110.19,196.63,1,1,0.87087
203,15,1145.54,240.18,102.85,190.65,1,1,0.88068
203,17,1517.76,117.81,83.0,197.39,1,1,0.83855
203,23,1083.14,6.72,78.34,164.4,1,1,0.85494
203,36,415.03,970.11,107.52,110.39,1,1,0.81214
203,7,575.29,614.27,114.39,184.52,1,1,0.88196
203,45,378.77,728.5,101.11,236.95,1,1,0.89653
203,46,536.7,495.36,87.58,184.68,1,1,0.86953
203,47,1743.04,847.77,164.73,222.98,1,1,0.88773
203,48,-0.35,504.67,27.36,177.08,1,1,0.7967
204,0,660.51,639.48,139.53,77.22,1,1,0.82371
204,2,886.04,201.29,90.65,177.46,1,1,0.86462
204,3,1251.42,464.73,86.68,197.92,1,1,0.8506
204,15,1134.7,243.86,104.42,191.97,1,1,0.88106
204,17,1511.5,117.15,82.0,196.46,1,1,0.83184
204,23,1078.96,5.76,74.35,164.0,1,1,0.85979
204,36,404.49,975.83,109.13,104.26,1,1,0.82535
204,7,571.69,609.12,109.39,187.08,1,1,0.86876
204,45,374.13,723.62,99.3,237.67,1,1,0.89731
204,46,540.89,488.24,85.47,190.66,1,1,0.86903
204,47,1735.51,849.14,148.11,218.25,1,1,0.8692
204,48,-0.33,503.39,30.98,175.64,1,1,0.80764
204,5,1887.78,140.85,31.22,194.35,1,1,0.79249
204,11,1780.38,66.63,91.87,184.39,1,1,0.77989
205,0,654.1,640.77,143.41,85.5,1,1,0.83068
205,2,875.95,201.18,95.37,180.77,1,1,0.87425
205,3,1234.57,463.36,79.83,197.68,1,1,0.86003
205,15,1130.77,248.32,96.63,187.77,1,1,0.87848
205,17,1503.11,115.68,83.66,195.31,1,1,0.83153
205,23,1068.43,3.51,77.13,165.85,1,1,0.8734
205,36,400.05,981.46,107.34,98.65,1,1,0.82476
205,7,559.17,606.73,111.91,186.7,1,1,0.86263
205,45,368.46,720.38,99.84,237.67,1,1,0.90411
205,46,542.84,482.01,86.91,187.19,1,1,0.87566
205,47,1727.25,849.36,123.72,216.46,1,1,0.8483
205,48,-0.34,503.02,34.11,173.94,1,1,0.81668
205,5,1872.78,140.15,42.24,196.01,1,1,0.83913
205,11,1774.3,71.57,88.84,182.33,1,1,0.81411
206,0,651.14,635.05,143.97,92.43,1,1,0.83676
206,2,869.14,201.35,94.9,182.08,1,1,0.87122
206,3,1210.52,463.35,87.81,199.08,1,1,0.86215
206,15,1124.92,252.41,88.13,183.59,1,1,0.87574
206,17,1496.44,114.48,87.57,196.98,1,1,0.8352
206,23,1056.83,3.31,82.48,168.95,1,1,0.88362
206,36,395.61,986.25,103.51,93.99,1,1,0.82525
206,7,543.51,603.83,118.88,186.3,1,1,0.86279
206,45,363.85,719.96,99.7,235.41,1,1,0.90494
206,46,541.25,478.42,93.13,182.13,1,1,0.88404
206,47,1712.98,847.49,105.64,216.45,1,1,0.84447
206,48,-0.46,504.87,36.78,177.16,1,1,0.78997
206,5,1856.96,140.88,54.91,200.26,1,1,0.86285
206,11,1770.42,75.06,82.3,179.33,1,1,0.81369
207,0,645.21,633.56,145.76,92.88,1,1,0.83902
207,2,862.61,202.95,94.13,180.81,1,1,0.877
207,3,1179.03,463.41,107.1,202.5,1,1,0.872
207,15,1115.08,254.46,83.5,181.47,1,1,0.87136
207,17,1490.68,114.06,90.08,198.02,1,1,0.84247
207,23,1047.05,3.52,87.01,171.75,1,1,0.88645
207,36,391.19,990.45,102.35,89.74,1,1,0.82396
207,7,529.98,603.81,125.53,185.17,1,1,0.86151
207,45,359.98,720.31,99.65,234.61,1,1,0.89623
207,46,538.04,474.3,103.15,183.39,1,1,0.88682
207,47,1694.77,843.83,99.52,219.8,1,1,0.84733
207,48,-0.56,507.22,39.72,179.52,1,1,0.76852
207,5,1851.85,144.42,59.11,197.34,1,1,0.86316
207,11,1765.31,77.41,75.56,176.62,1,1,0.84935
208,0,638.65,630.53,149.75,94.97,1,1,0.84576
208,2,854.49,206.38,91.44,181.47,1,1,0.87092
208,3,1145.75,464.72,127.49,205.87,1,1,0.88309
208,15,1107.42,253.32,78.46,182.28,1,1,0.87354
208,17,1482.67,113.61,97.03,196.91,1,1,0.83785
208,23,1038.99,4.3,91.06,174.54,1,1,0.88844
208,36,385.34,994.62,102.64,85.34,1,1,0.82371
208,7,519.37,605.32,128.84,183.69,1,1,0.85611
208,45,355.91,721.45,100.16,234.54,1,1,0.89438
208,46,534.47,471.72,112.38,185.83,1,1,0.87948
208,47,1670.1,840.13,106.66,223.52,1,1,0.83027
208,48,-0.55,509.48,43.36,181.09,1,1,0.77723
208,5,1845.76,146.07,66.04,194.71,1,1,0.86743
208,11,1757.7,77.68,74.68,175.53,1,1,0.86549
209,0,634.1,632.63,149.42,93.04,1,1,0.8571
209,2,846.52,213.32,86.96,182.03,1,1,0.87699
209,3,1118.53,470.13,139.02,203.87,1,1,0.8954
209,15,1101.42,253.68,75.53,181.6,1,1,0.88078
209,17,1471.75,114.55,102.99,198.12,1,1,0.83334
209,23,1033.76,7.47,91.92,175.72,1,1,0.88716
209,36,378.52,999.57,106.63,80.49,1,1,0.81589
209,7,513.29,607.99,130.39,179.45,1,1,0.84987
209,45,352.38,725.2,99.78,232.99,1,1,0.89729
209,46,548.15,471.57,105.67,182.05,1,1,0.86801
209,47,1638.28,838.96,126.22,226.89,1,1,0.85112
209,48,-0.54,512.86,46.47,186.99,1,1,0.79676
209,5,1838.69,147.41,73.76,193.7,1,1,0.86991
209,11,1751.77,77.58,72.9,174.28,1,1,0.86465
210,0,629.87,638.13,149.47,90.04,1,1,0.88395
210,2,840.17,219.21,84.53,181.55,1,1,0.87462
210,3,1097.14,474.1,140.42,203.82,1,1,0.89801
210,15,1092.75,253.44,80.12,184.84,1,1,0.87503
210,17,1462.45,115.97,105.62,199.1,1,1,0.83458
210,23,1031.3,10.07,88.72,174.09,1,1,0.89035
210,36,371.63,1002.22,110.91,77.53,1,1,0.80165
210,7,503.42,606.03,135.62,180.54,1,1,0.85879
210,45,349.77,729.15,99.96,230.62,1,1,0.89609
210,46,562.16,471.6,98.65,182.66,1,1,0.87351
210,47,1613.06,837.65,138.47,223.01,1,1,0.84572
210,48,-0.31,514.61,51.11,191.34,1,1,0.80909
210,5,1829.44,146.78,82.79,194.48,1,1,0.84789
210,11,1748.18,76.75,71.4,178.75,1,1,0.87074
