video_name,frame,actor_track_id,xml_track_id,position,team_side,action,xtl,ytl,xbr,ybr,w,h,source
BootPass_109,0,0,0,Position_Unknown,Team_Unknown,Action_PreSnap,815.14,655.02,914.75,786.91,99.61000000000001,131.89,xml_geometry_csv_action
BootPass_109,0,1,1,Position_Unknown,Team_Unknown,Action_PreSnap,795.85,372.03,881.85,469.49,86.0,97.46000000000004,xml_geometry_csv_action
BootPass_109,0,10,10,Position_Unknown,Team_Unknown,Action_PreSnap,1280.02,398.68,1330.43,514.97,50.41000000000008,116.29000000000002,xml_geometry_csv_action
BootPass_109,0,11,11,Position_Unknown,Team_Unknown,Action_PreSnap,857.72,517.2,933.46,605.14,75.74000000000001,87.93999999999994,xml_geometry_csv_action
BootPass_109,0,12,12,Position_Unknown,Team_Unknown,Action_PreSnap,555.14,466.05,607.6,609.99,52.460000000000036,143.94,xml_geometry_csv_action
BootPass_109,0,13,13,Position_Unknown,Team_Unknown,Action_PreSnap,797.22,452.75,871.18,539.32,73.95999999999992,86.57000000000005,xml_geometry_csv_action
BootPass_109,0,14,14,Position_Unknown,Team_Unknown,Action_PreSnap,978.03,570.3,1053.39,660.4,75.36000000000013,90.10000000000002,xml_geometry_csv_action
BootPass_109,0,15,15,Position_Unknown,Team_Unknown,Action_PreSnap,1101.18,348.47,1149.22,453.48,48.039999999999964,105.00999999999999,xml_geometry_csv_action
BootPass_109,0,16,16,Position_Unknown,Team_Unknown,Action_PreSnap,931.12,471.2,1010.66,539.48,79.53999999999996,68.28000000000003,xml_geometry_csv_action
BootPass_109,0,17,17,Position_Unknown,Team_Unknown,Action_PreSnap,823.34,493.25,893.84,561.54,70.5,68.28999999999996,xml_geometry_csv_action
BootPass_109,0,18,18,Position_Unknown,Team_Unknown,Action_PreSnap,830.08,559.42,898.5,655.02,68.41999999999996,95.60000000000002,xml_geometry_csv_action
BootPass_109,0,19,19,Position_Unknown,Team_Unknown,Action_PreSnap,959.46,527.98,1029.13,595.52,69.67000000000007,67.53999999999996,xml_geometry_csv_action
BootPass_109,0,2,2,Position_Unknown,Team_Unknown,Action_PreSnap,681.7,436.23,748.55,536.45,66.84999999999991,100.22000000000003,xml_geometry_csv_action
BootPass_109,0,20,20,Position_Unknown,Team_Unknown,Action_PreSnap,980.5,593.11,1054.76,683.02,74.25999999999999,89.90999999999997,xml_geometry_csv_action
BootPass_109,0,3,3,Position_Unknown,Team_Unknown,Action_PreSnap,994.35,665.35,1055.32,795.19,60.969999999999914,129.84000000000003,xml_geometry_csv_action
BootPass_109,0,4,4,Position_Unknown,Team_Unknown,Action_PreSnap,754.58,589.74,835.8,697.85,81.21999999999991,108.11000000000001,xml_geometry_csv_action
BootPass_109,0,5,5,Position_Unknown,Team_Unknown,Action_PreSnap,1264.16,632.85,1320.04,775.52,55.87999999999988,142.66999999999996,xml_geometry_csv_action
BootPass_109,0,6,6,Position_Unknown,Team_Unknown,Action_PreSnap,1088.46,422.62,1150.89,552.54,62.430000000000064,129.91999999999996,xml_geometry_csv_action
BootPass_109,0,7,7,Position_Unknown,Team_Unknown,Action_PreSnap,428.84,490.5,490.63,618.5,61.79000000000002,128.0,xml_geometry_csv_action
BootPass_109,0,8,8,Position_Unknown,Team_Unknown,Action_PreSnap,1144.01,562.05,1203.37,695.64,59.3599999999999,133.59000000000003,xml_geometry_csv_action
BootPass_109,0,9,9,Position_Unknown,Team_Unknown,Action_PreSnap,1416.43,480.76,1472.63,621.58,56.200000000000045,140.82000000000005,xml_geometry_csv_action
BootPass_109,1,0,0,Position_Unknown,Team_Unknown,Action_PreSnap,814.64,655.13,914.64,786.69,100.0,131.56000000000006,xml_geometry_csv_action
BootPass_109,1,1,1,Position_Unknown,Team_Unknown,Action_PreSnap,795.66,371.86,881.31,468.68,85.64999999999998,96.82,xml_geometry_csv_action
BootPass_109,1,10,10,Position_Unknown,Team_Unknown,Action_PreSnap,1277.78,398.97,1329.28,514.68,51.5,115.70999999999992,xml_geometry_csv_action
BootPass_109,1,11,11,Position_Unknown,Team_Unknown,Action_PreSnap,856.53,517.02,933.03,604.69,76.5,87.67000000000007,xml_geometry_csv_action
BootPass_109,1,12,12,Position_Unknown,Team_Unknown,Action_PreSnap,554.88,466.19,607.88,609.94,53.0,143.75000000000006,xml_geometry_csv_action
BootPass_109,1,13,13,Position_Unknown,Team_Unknown,Action_PreSnap,796.71,452.36,870.86,538.49,74.14999999999998,86.13,xml_geometry_csv_action
BootPass_109,1,14,14,Position_Unknown,Team_Unknown,Action_PreSnap,977.37,570.42,1053.57,660.51,76.19999999999993,90.09000000000003,xml_geometry_csv_action
BootPass_109,1,15,15,Position_Unknown,Team_Unknown,Action_PreSnap,1099.04,348.45,1147.59,454.16,48.549999999999955,105.71000000000004,xml_geometry_csv_action
BootPass_109,1,16,16,Position_Unknown,Team_Unknown,Action_PreSnap,930.76,471.13,1011.03,539.67,80.26999999999998,68.53999999999996,xml_geometry_csv_action
BootPass_109,1,17,17,Position_Unknown,Team_Unknown,Action_PreSnap,822.28,492.96,893.46,561.37,71.18000000000006,68.41000000000003,xml_geometry_csv_action
BootPass_109,1,18,18,Position_Unknown,Team_Unknown,Action_PreSnap,829.41,559.09,898.1,654.77,68.69000000000005,95.67999999999995,xml_geometry_csv_action
BootPass_109,1,19,19,Position_Unknown,Team_Unknown,Action_PreSnap,959.27,527.59,1029.14,595.57,69.87000000000012,67.98000000000002,xml_geometry_csv_action
BootPass_109,1,2,2,Position_Unknown,Team_Unknown,Action_PreSnap,681.36,435.97,748.46,535.83,67.10000000000002,99.86000000000001,xml_geometry_csv_action
BootPass_109,1,20,20,Position_Unknown,Team_Unknown,Action_PreSnap,978.95,593.74,1053.97,682.4,75.01999999999998,88.65999999999997,xml_geometry_csv_action
BootPass_109,1,3,3,Position_Unknown,Team_Unknown,Action_PreSnap,994.1,664.95,1054.08,794.83,59.979999999999905,129.88,xml_geometry_csv_action
BootPass_109,1,4,4,Position_Unknown,Team_Unknown,Action_PreSnap,753.98,589.54,835.72,697.59,81.74000000000001,108.05000000000007,xml_geometry_csv_action
BootPass_109,1,5,5,Position_Unknown,Team_Unknown,Action_PreSnap,1264.21,633.9,1320.51,775.59,56.299999999999955,141.69000000000005,xml_geometry_csv_action
BootPass_109,1,6,6,Position_Unknown,Team_Unknown,Action_PreSnap,1090.11,423.51,1151.11,552.27,61.0,128.76,xml_geometry_csv_action
BootPass_109,1,7,7,Position_Unknown,Team_Unknown,Action_PreSnap,428.39,490.17,490.03,617.44,61.639999999999986,127.27000000000004,xml_geometry_csv_action
BootPass_109,1,8,8,Position_Unknown,Team_Unknown,Action_PreSnap,1144.26,563.19,1204.45,696.42,60.190000000000055,133.2299999999999,xml_geometry_csv_action
BootPass_109,1,9,9,Position_Unknown,Team_Unknown,Action_PreSnap,1415.55,480.94,1472.11,621.89,56.559999999999945,140.95,xml_geometry_csv_action
BootPass_109,2,0,0,Position_Unknown,Team_Unknown,Action_PreSnap,814.37,655.2,914.41,786.45,100.03999999999996,131.25,xml_geometry_csv_action
BootPass_109,2,1,1,Position_Unknown,Team_Unknown,Action_PreSnap,795.77,371.5,880.74,468.21,84.97000000000003,96.70999999999998,xml_geometry_csv_action
BootPass_109,2,10,10,Position_Unknown,Team_Unknown,Action_PreSnap,1276.22,399.13,1327.51,513.79,51.289999999999964,114.65999999999997,xml_geometry_csv_action
BootPass_109,2,11,11,Position_Unknown,Team_Unknown,Action_PreSnap,855.55,516.92,932.75,604.05,77.20000000000005,87.13,xml_geometry_csv_action
BootPass_109,2,12,12,Position_Unknown,Team_Unknown,Action_PreSnap,554.4,465.99,607.77,609.87,53.370000000000005,143.88,xml_geometry_csv_action
BootPass_109,2,13,13,Position_Unknown,Team_Unknown,Action_PreSnap,796.59,452.1,870.49,538.3,73.89999999999998,86.19999999999993,xml_geometry_csv_action
BootPass_109,2,14,14,Position_Unknown,Team_Unknown,Action_PreSnap,976.72,570.01,1053.04,660.61,76.31999999999994,90.60000000000002,xml_geometry_csv_action
BootPass_109,2,15,15,Position_Unknown,Team_Unknown,Action_PreSnap,1098.55,348.28,1145.24,452.29,46.690000000000055,104.01000000000005,xml_geometry_csv_action
BootPass_109,2,16,16,Position_Unknown,Team_Unknown,Action_PreSnap,930.49,471.12,1009.77,539.65,79.27999999999997,68.52999999999997,xml_geometry_csv_action
BootPass_109,2,17,17,Position_Unknown,Team_Unknown,Action_PreSnap,821.8,492.79,892.98,561.59,71.18000000000006,68.80000000000001,xml_geometry_csv_action
BootPass_109,2,18,18,Position_Unknown,Team_Unknown,Action_PreSnap,828.91,559.14,897.37,654.72,68.46000000000004,95.58000000000004,xml_geometry_csv_action
BootPass_109,2,19,19,Position_Unknown,Team_Unknown,Action_PreSnap,958.89,527.5,1028.64,595.15,69.75000000000011,67.64999999999998,xml_geometry_csv_action
BootPass_109,2,2,2,Position_Unknown,Team_Unknown,Action_PreSnap,681.13,435.88,748.17,535.68,67.03999999999996,99.79999999999995,xml_geometry_csv_action
BootPass_109,2,20,20,Position_Unknown,Team_Unknown,Action_PreSnap,978.01,595.27,1053.11,683.05,75.09999999999991,87.77999999999997,xml_geometry_csv_action
BootPass_109,2,3,3,Position_Unknown,Team_Unknown,Action_PreSnap,993.42,664.82,1053.05,794.31,59.629999999999995,129.4899999999999,xml_geometry_csv_action
BootPass_109,2,4,4,Position_Unknown,Team_Unknown,Action_PreSnap,753.61,589.43,834.61,697.37,81.0,107.94000000000005,xml_geometry_csv_action
BootPass_109,2,5,5,Position_Unknown,Team_Unknown,Action_PreSnap,1263.86,634.89,1320.72,775.6,56.86000000000013,140.71000000000004,xml_geometry_csv_action
BootPass_109,2,6,6,Position_Unknown,Team_Unknown,Action_PreSnap,1093.16,423.03,1151.65,552.05,58.49000000000001,129.01999999999998,xml_geometry_csv_action
BootPass_109,2,7,7,Position_Unknown,Team_Unknown,Action_PreSnap,428.19,489.93,489.74,616.32,61.55000000000001,126.39000000000004,xml_geometry_csv_action
BootPass_109,2,8,8,Position_Unknown,Team_Unknown,Action_PreSnap,1144.63,564.85,1204.88,696.31,60.25,131.45999999999992,xml_geometry_csv_action
BootPass_109,2,9,9,Position_Unknown,Team_Unknown,Action_PreSnap,1415.2,481.11,1470.56,621.21,55.3599999999999,140.10000000000002,xml_geometry_csv_action
BootPass_109,3,0,0,Position_Unknown,Team_Unknown,Action_PreSnap,814.13,655.11,914.02,786.18,99.88999999999999,131.06999999999994,xml_geometry_csv_action
BootPass_109,3,1,1,Position_Unknown,Team_Unknown,Action_PreSnap,795.5,370.69,880.42,467.78,84.91999999999996,97.08999999999997,xml_geometry_csv_action
BootPass_109,3,10,10,Position_Unknown,Team_Unknown,Action_PreSnap,1274.55,399.07,1325.75,512.63,51.200000000000045,113.56,xml_geometry_csv_action
BootPass_109,3,11,11,Position_Unknown,Team_Unknown,Action_PreSnap,854.63,516.63,932.29,603.05,77.65999999999997,86.41999999999996,xml_geometry_csv_action
BootPass_109,3,12,12,Position_Unknown,Team_Unknown,Action_PreSnap,553.88,465.79,606.78,609.5,52.89999999999998,143.70999999999998,xml_geometry_csv_action
BootPass_109,3,13,13,Position_Unknown,Team_Unknown,Action_PreSnap,796.41,451.88,870.23,537.82,73.82000000000005,85.94000000000005,xml_geometry_csv_action
BootPass_109,3,14,14,Position_Unknown,Team_Unknown,Action_PreSnap,976.22,569.0,1052.44,659.45,76.22000000000003,90.45000000000005,xml_geometry_csv_action
BootPass_109,3,15,15,Position_Unknown,Team_Unknown,Action_PreSnap,1096.63,348.85,1143.59,452.61,46.95999999999981,103.75999999999999,xml_geometry_csv_action
BootPass_109,3,16,16,Position_Unknown,Team_Unknown,Action_PreSnap,929.79,471.05,1008.68,539.79,78.88999999999999,68.73999999999995,xml_geometry_csv_action
BootPass_109,3,17,17,Position_Unknown,Team_Unknown,Action_PreSnap,821.63,492.56,892.6,561.23,70.97000000000003,68.67000000000002,xml_geometry_csv_action
BootPass_109,3,18,18,Position_Unknown,Team_Unknown,Action_PreSnap,828.72,558.53,896.65,653.99,67.92999999999995,95.46000000000004,xml_geometry_csv_action
BootPass_109,3,19,19,Position_Unknown,Team_Unknown,Action_PreSnap,958.99,527.28,1028.25,595.67,69.25999999999999,68.38999999999999,xml_geometry_csv_action
BootPass_109,3,2,2,Position_Unknown,Team_Unknown,Action_PreSnap,680.55,435.56,747.74,535.31,67.19000000000005,99.74999999999994,xml_geometry_csv_action
BootPass_109,3,20,20,Position_Unknown,Team_Unknown,Action_PreSnap,977.68,596.03,1052.41,682.8,74.73000000000013,86.76999999999998,xml_geometry_csv_action
BootPass_109,3,3,3,Position_Unknown,Team_Unknown,Action_PreSnap,992.79,664.55,1052.4,793.53,59.61000000000013,128.98000000000002,xml_geometry_csv_action
BootPass_109,3,4,4,Position_Unknown,Team_Unknown,Action_PreSnap,753.27,589.23,833.61,697.07,80.34000000000003,107.84000000000003,xml_geometry_csv_action
BootPass_109,3,5,5,Position_Unknown,Team_Unknown,Action_PreSnap,1263.39,636.96,1320.75,775.39,57.3599999999999,138.42999999999995,xml_geometry_csv_action
BootPass_109,3,6,6,Position_Unknown,Team_Unknown,Action_PreSnap,1094.32,422.9,1151.96,551.4,57.6400000000001,128.5,xml_geometry_csv_action
BootPass_109,3,7,7,Position_Unknown,Team_Unknown,Action_PreSnap,428.04,489.87,489.01,615.99,60.96999999999997,126.12,xml_geometry_csv_action
BootPass_109,3,8,8,Position_Unknown,Team_Unknown,Action_PreSnap,1144.61,566.71,1205.2,696.49,60.590000000000146,129.77999999999997,xml_geometry_csv_action
BootPass_109,3,9,9,Position_Unknown,Team_Unknown,Action_PreSnap,1414.77,480.95,1469.23,620.95,54.460000000000036,140.00000000000006,xml_geometry_csv_action
BootPass_109,4,0,0,Position_Unknown,Team_Unknown,Action_PreSnap,813.78,654.98,913.65,785.74,99.87,130.76,xml_geometry_csv_action
BootPass_109,4,1,1,Position_Unknown,Team_Unknown,Action_PreSnap,795.15,369.8,879.93,467.65,84.77999999999997,97.84999999999997,xml_geometry_csv_action
BootPass_109,4,10,10,Position_Unknown,Team_Unknown,Action_PreSnap,1273.08,398.94,1324.67,512.38,51.590000000000146,113.44,xml_geometry_csv_action
BootPass_109,4,11,11,Position_Unknown,Team_Unknown,Action_PreSnap,854.65,516.42,931.89,602.39,77.24000000000001,85.97000000000003,xml_geometry_csv_action
BootPass_109,4,12,12,Position_Unknown,Team_Unknown,Action_PreSnap,553.44,465.45,605.64,609.37,52.19999999999993,143.92000000000002,xml_geometry_csv_action
BootPass_109,4,13,13,Position_Unknown,Team_Unknown,Action_PreSnap,796.15,451.72,869.76,537.69,73.61000000000001,85.97000000000003,xml_geometry_csv_action
BootPass_109,4,14,14,Position_Unknown,Team_Unknown,Action_PreSnap,976.01,568.34,1051.38,658.68,75.37000000000012,90.33999999999992,xml_geometry_csv_action
BootPass_109,4,15,15,Position_Unknown,Team_Unknown,Action_PreSnap,1094.8,348.98,1142.09,453.87,47.289999999999964,104.88999999999999,xml_geometry_csv_action
BootPass_109,4,16,16,Position_Unknown,Team_Unknown,Action_PreSnap,929.44,471.1,1007.55,539.81,78.1099999999999,68.70999999999992,xml_geometry_csv_action
BootPass_109,4,17,17,Position_Unknown,Team_Unknown,Action_PreSnap,821.24,492.55,892.18,561.02,70.93999999999994,68.46999999999997,xml_geometry_csv_action
BootPass_109,4,18,18,Position_Unknown,Team_Unknown,Action_PreSnap,828.64,558.41,896.28,653.5,67.63999999999999,95.09000000000003,xml_geometry_csv_action
BootPass_109,4,19,19,Position_Unknown,Team_Unknown,Action_PreSnap,958.99,527.19,1027.79,596.19,68.79999999999995,69.0,xml_geometry_csv_action
BootPass_109,4,2,2,Position_Unknown,Team_Unknown,Action_PreSnap,680.11,435.26,747.2,535.07,67.09000000000003,99.81000000000006,xml_geometry_csv_action
BootPass_109,4,20,20,Position_Unknown,Team_Unknown,Action_PreSnap,977.77,595.67,1051.21,682.11,73.44000000000005,86.44000000000005,xml_geometry_csv_action
BootPass_109,4,3,3,Position_Unknown,Team_Unknown,Action_PreSnap,992.44,664.49,1051.8,792.87,59.3599999999999,128.38,xml_geometry_csv_action
BootPass_109,4,4,4,Position_Unknown,Team_Unknown,Action_PreSnap,752.79,589.21,832.22,696.77,79.43000000000006,107.55999999999995,xml_geometry_csv_action
BootPass_109,4,5,5,Position_Unknown,Team_Unknown,Action_PreSnap,1261.61,637.78,1320.4,774.87,58.79000000000019,137.09000000000003,xml_geometry_csv_action
BootPass_109,4,6,6,Position_Unknown,Team_Unknown,Action_PreSnap,1094.69,423.68,1152.45,551.0,57.75999999999999,127.32,xml_geometry_csv_action
BootPass_109,4,7,7,Position_Unknown,Team_Unknown,Action_PreSnap,427.86,489.74,488.56,615.7,60.69999999999999,125.96000000000004,xml_geometry_csv_action
BootPass_109,4,8,8,Position_Unknown,Team_Unknown,Action_PreSnap,1144.9,568.19,1205.64,696.46,60.74000000000001,128.26999999999998,xml_geometry_csv_action
BootPass_109,4,9,9,Position_Unknown,Team_Unknown,Action_PreSnap,1414.16,480.92,1468.08,620.54,53.919999999999845,139.61999999999995,xml_geometry_csv_action
BootPass_109,5,0,0,Position_Unknown,Team_Unknown,Action_PreSnap,813.48,654.8,913.35,785.4,99.87,130.60000000000002,xml_geometry_csv_action
BootPass_109,5,1,1,Position_Unknown,Team_Unknown,Action_PreSnap,794.52,369.28,879.6,467.45,85.08000000000004,98.17000000000002,xml_geometry_csv_action
BootPass_109,5,10,10,Position_Unknown,Team_Unknown,Action_PreSnap,1270.95,398.63,1322.85,512.24,51.899999999999864,113.61000000000001,xml_geometry_csv_action
BootPass_109,5,11,11,Position_Unknown,Team_Unknown,Action_PreSnap,854.54,515.96,931.45,601.63,76.91000000000008,85.66999999999996,xml_geometry_csv_action
BootPass_109,5,12,12,Position_Unknown,Team_Unknown,Action_PreSnap,553.07,464.98,605.12,608.89,52.049999999999955,143.90999999999997,xml_geometry_csv_action
BootPass_109,5,13,13,Position_Unknown,Team_Unknown,Action_PreSnap,795.7,451.24,869.37,537.29,73.66999999999996,86.04999999999995,xml_geometry_csv_action
BootPass_109,5,14,14,Position_Unknown,Team_Unknown,Action_PreSnap,975.67,567.88,1051.04,658.24,75.37,90.36000000000001,xml_geometry_csv_action
BootPass_109,5,15,15,Position_Unknown,Team_Unknown,Action_PreSnap,1093.92,348.91,1141.22,454.91,47.299999999999955,106.0,xml_geometry_csv_action
BootPass_109,5,16,16,Position_Unknown,Team_Unknown,Action_PreSnap,928.93,470.72,1007.35,539.63,78.42000000000007,68.90999999999997,xml_geometry_csv_action
BootPass_109,5,17,17,Position_Unknown,Team_Unknown,Action_PreSnap,820.77,492.32,891.91,560.48,71.13999999999999,68.16000000000003,xml_geometry_csv_action
BootPass_109,5,18,18,Position_Unknown,Team_Unknown,Action_PreSnap,828.24,557.95,895.81,652.57,67.56999999999994,94.62,xml_geometry_csv_action
BootPass_109,5,19,19,Position_Unknown,Team_Unknown,Action_PreSnap,958.34,526.67,1027.08,596.4,68.7399999999999,69.73000000000002,xml_geometry_csv_action
BootPass_109,5,2,2,Position_Unknown,Team_Unknown,Action_PreSnap,679.42,435.03,746.8,534.6,67.38,99.57000000000005,xml_geometry_csv_action
BootPass_109,5,20,20,Position_Unknown,Team_Unknown,Action_PreSnap,977.28,594.95,1050.64,681.79,73.36000000000013,86.83999999999992,xml_geometry_csv_action
BootPass_109,5,3,3,Position_Unknown,Team_Unknown,Action_PreSnap,992.01,664.27,1051.28,792.45,59.26999999999998,128.18000000000006,xml_geometry_csv_action
BootPass_109,5,4,4,Position_Unknown,Team_Unknown,Action_PreSnap,752.59,588.84,832.25,696.37,79.65999999999997,107.52999999999997,xml_geometry_csv_action
BootPass_109,5,5,5,Position_Unknown,Team_Unknown,Action_PreSnap,1261.14,639.45,1320.34,774.37,59.19999999999982,134.91999999999996,xml_geometry_csv_action
BootPass_109,5,6,6,Position_Unknown,Team_Unknown,Action_PreSnap,1095.36,424.1,1153.09,550.74,57.73000000000002,126.63999999999999,xml_geometry_csv_action
BootPass_109,5,7,7,Position_Unknown,Team_Unknown,Action_PreSnap,427.47,489.15,488.32,615.79,60.849999999999966,126.63999999999999,xml_geometry_csv_action
BootPass_109,5,8,8,Position_Unknown,Team_Unknown,Action_PreSnap,1145.42,569.23,1206.61,696.56,61.18999999999983,127.32999999999993,xml_geometry_csv_action
BootPass_109,5,9,9,Position_Unknown,Team_Unknown,Action_PreSnap,1413.88,480.35,1466.86,620.04,52.97999999999979,139.68999999999994,xml_geometry_csv_action
BootPass_109,6,0,0,Position_Unknown,Team_Unknown,Action_PreSnap,813.29,654.53,913.39,784.9,100.10000000000002,130.37,xml_geometry_csv_action
BootPass_109,6,1,1,Position_Unknown,Team_Unknown,Action_PreSnap,794.13,368.98,879.24,467.01,85.11000000000001,98.02999999999997,xml_geometry_csv_action
BootPass_109,6,10,10,Position_Unknown,Team_Unknown,Action_PreSnap,1269.03,398.26,1320.55,511.96,51.51999999999998,113.69999999999999,xml_geometry_csv_action
BootPass_109,6,11,11,Position_Unknown,Team_Unknown,Action_PreSnap,855.3,515.67,931.12,600.92,75.82000000000005,85.25,xml_geometry_csv_action
BootPass_109,6,12,12,Position_Unknown,Team_Unknown,Action_PreSnap,552.89,464.56,604.75,608.19,51.860000000000014,143.63000000000005,xml_geometry_csv_action
BootPass_109,6,13,13,Position_Unknown,Team_Unknown,Action_PreSnap,795.24,450.77,869.02,537.01,73.77999999999997,86.24000000000001,xml_geometry_csv_action
BootPass_109,6,14,14,Position_Unknown,Team_Unknown,Action_PreSnap,975.61,567.34,1050.64,657.8,75.03000000000009,90.45999999999992,xml_geometry_csv_action
BootPass_109,6,15,15,Position_Unknown,Team_Unknown,Action_PreSnap,1093.1,349.14,1140.68,457.21,47.580000000000155,108.07,xml_geometry_csv_action
BootPass_109,6,16,16,Position_Unknown,Team_Unknown,Action_PreSnap,928.84,470.22,1007.19,539.52,78.35000000000002,69.29999999999995,xml_geometry_csv_action
BootPass_109,6,17,17,Position_Unknown,Team_Unknown,Action_PreSnap,820.21,492.01,891.62,560.56,71.40999999999997,68.54999999999995,xml_geometry_csv_action
BootPass_109,6,18,18,Position_Unknown,Team_Unknown,Action_PreSnap,828.29,557.14,895.7,651.99,67.41000000000008,94.85000000000002,xml_geometry_csv_action
BootPass_109,6,19,19,Position_Unknown,Team_Unknown,Action_PreSnap,957.75,526.33,1026.78,595.62,69.02999999999997,69.28999999999996,xml_geometry_csv_action
BootPass_109,6,2,2,Position_Unknown,Team_Unknown,Action_PreSnap,678.81,435.01,746.15,534.1,67.34000000000003,99.09000000000003,xml_geometry_csv_action
BootPass_109,6,20,20,Position_Unknown,Team_Unknown,Action_PreSnap,977.41,594.05,1050.15,681.98,72.74000000000012,87.93000000000006,xml_geometry_csv_action
BootPass_109,6,22,21,Position_Unknown,Team_Unknown,Action_PreSnap,825.41,549.12,898.06,632.44,72.64999999999998,83.32000000000005,xml_geometry_csv_action
BootPass_109,6,3,3,Position_Unknown,Team_Unknown,Action_PreSnap,991.18,664.22,1050.97,791.87,59.79000000000008,127.64999999999998,xml_geometry_csv_action
BootPass_109,6,4,4,Position_Unknown,Team_Unknown,Action_PreSnap,752.37,588.44,831.93,695.84,79.55999999999995,107.39999999999998,xml_geometry_csv_action
BootPass_109,6,5,5,Position_Unknown,Team_Unknown,Action_PreSnap,1260.27,640.46,1320.14,773.7,59.87000000000012,133.24,xml_geometry_csv_action
BootPass_109,6,6,6,Position_Unknown,Team_Unknown,Action_PreSnap,1096.33,424.24,1154.61,550.17,58.27999999999997,125.92999999999995,xml_geometry_csv_action
BootPass_109,6,7,7,Position_Unknown,Team_Unknown,Action_PreSnap,427.1,488.67,487.95,615.31,60.849999999999966,126.63999999999993,xml_geometry_csv_action
BootPass_109,6,8,8,Position_Unknown,Team_Unknown,Action_PreSnap,1145.63,569.99,1206.95,696.08,61.319999999999936,126.09000000000003,xml_geometry_csv_action
BootPass_109,6,9,9,Position_Unknown,Team_Unknown,Action_PreSnap,1413.56,479.93,1465.49,619.43,51.930000000000064,139.49999999999994,xml_geometry_csv_action
BootPass_109,7,0,0,Position_Unknown,Team_Unknown,Action_PreSnap,813.28,654.46,913.42,784.86,100.13999999999999,130.39999999999998,xml_geometry_csv_action
BootPass_109,7,1,1,Position_Unknown,Team_Unknown,Action_PreSnap,794.1,368.85,879.16,467.0,85.05999999999995,98.14999999999998,xml_geometry_csv_action
BootPass_109,7,10,10,Position_Unknown,Team_Unknown,Action_PreSnap,1268.0,398.16,1318.82,511.78,50.819999999999936,113.61999999999995,xml_geometry_csv_action
BootPass_109,7,11,11,Position_Unknown,Team_Unknown,Action_PreSnap,855.67,515.66,930.97,600.8,75.30000000000007,85.13999999999999,xml_geometry_csv_action
BootPass_109,7,12,12,Position_Unknown,Team_Unknown,Action_PreSnap,552.93,464.46,604.4,607.95,51.47000000000003,143.49000000000007,xml_geometry_csv_action
BootPass_109,7,13,13,Position_Unknown,Team_Unknown,Action_PreSnap,795.06,450.64,868.81,537.02,73.75,86.38,xml_geometry_csv_action
BootPass_109,7,14,14,Position_Unknown,Team_Unknown,Action_PreSnap,975.63,567.19,1050.36,657.69,74.7299999999999,90.5,xml_geometry_csv_action
BootPass_109,7,15,15,Position_Unknown,Team_Unknown,Action_PreSnap,1092.67,349.88,1140.22,460.02,47.549999999999955,110.13999999999999,xml_geometry_csv_action
BootPass_109,7,16,16,Position_Unknown,Team_Unknown,Action_PreSnap,928.93,470.15,1007.39,539.63,78.46000000000004,69.48000000000002,xml_geometry_csv_action
BootPass_109,7,17,17,Position_Unknown,Team_Unknown,Action_PreSnap,820.08,491.97,891.48,560.72,71.39999999999998,68.75,xml_geometry_csv_action
BootPass_109,7,18,18,Position_Unknown,Team_Unknown,Action_PreSnap,828.31,556.99,895.8,651.74,67.49000000000001,94.75,xml_geometry_csv_action
BootPass_109,7,19,19,Position_Unknown,Team_Unknown,Action_PreSnap,957.68,526.28,1026.86,595.29,69.17999999999995,69.00999999999999,xml_geometry_csv_action
BootPass_109,7,2,2,Position_Unknown,Team_Unknown,Action_PreSnap,678.76,434.96,745.96,533.89,67.20000000000005,98.93,xml_geometry_csv_action
BootPass_109,7,20,20,Position_Unknown,Team_Unknown,Action_PreSnap,977.8,593.76,1049.96,682.12,72.16000000000008,88.36000000000001,xml_geometry_csv_action
BootPass_109,7,22,21,Position_Unknown,Team_Unknown,Action_PreSnap,825.31,548.94,898.12,632.79,72.81000000000006,83.84999999999991,xml_geometry_csv_action
BootPass_109,7,3,3,Position_Unknown,Team_Unknown,Action_PreSnap,991.02,664.27,1051.33,791.7,60.309999999999945,127.43000000000006,xml_geometry_csv_action
BootPass_109,7,4,4,Position_Unknown,Team_Unknown,Action_PreSnap,752.46,588.33,831.99,695.61,79.52999999999997,107.27999999999997,xml_geometry_csv_action
BootPass_109,7,5,5,Position_Unknown,Team_Unknown,Action_PreSnap,1259.98,641.05,1320.21,773.55,60.23000000000002,132.5,xml_geometry_csv_action
BootPass_109,7,6,6,Position_Unknown,Team_Unknown,Action_PreSnap,1097.45,424.87,1156.1,549.94,58.649999999999864,125.07000000000005,xml_geometry_csv_action
BootPass_109,7,7,7,Position_Unknown,Team_Unknown,Action_PreSnap,426.99,488.55,487.84,615.05,60.849999999999966,126.49999999999994,xml_geometry_csv_action
BootPass_109,7,8,8,Position_Unknown,Team_Unknown,Action_PreSnap,1145.93,570.37,1207.25,695.81,61.319999999999936,125.43999999999994,xml_geometry_csv_action
BootPass_109,7,9,9,Position_Unknown,Team_Unknown,Action_PreSnap,1412.96,479.87,1464.77,619.31,51.809999999999945,139.43999999999994,xml_geometry_csv_action
BootPass_109,8,0,0,Position_Unknown,Team_Unknown,Action_PreSnap,813.35,654.41,913.42,784.82,100.06999999999994,130.41000000000008,xml_geometry_csv_action
BootPass_109,8,1,1,Position_Unknown,Team_Unknown,Action_PreSnap,794.25,368.72,879.15,467.06,84.89999999999998,98.33999999999997,xml_geometry_csv_action
BootPass_109,8,10,10,Position_Unknown,Team_Unknown,Action_PreSnap,1267.77,398.15,1318.25,512.21,50.48000000000002,114.06000000000006,xml_geometry_csv_action
BootPass_109,8,11,11,Position_Unknown,Team_Unknown,Action_PreSnap,855.89,515.66,930.95,600.79,75.06000000000006,85.13,xml_geometry_csv_action
BootPass_109,8,12,12,Position_Unknown,Team_Unknown,Action_PreSnap,552.98,464.3,604.3,607.83,51.319999999999936,143.53000000000003,xml_geometry_csv_action
BootPass_109,8,13,13,Position_Unknown,Team_Unknown,Action_PreSnap,795.06,450.67,868.58,537.15,73.5200000000001,86.47999999999996,xml_geometry_csv_action
BootPass_109,8,14,14,Position_Unknown,Team_Unknown,Action_PreSnap,975.62,567.07,1050.19,657.66,74.57000000000005,90.58999999999992,xml_geometry_csv_action
BootPass_109,8,15,15,Position_Unknown,Team_Unknown,Action_PreSnap,1092.5,350.15,1140.2,460.91,47.700000000000045,110.76000000000005,xml_geometry_csv_action
BootPass_109,8,16,16,Position_Unknown,Team_Unknown,Action_PreSnap,929.06,470.13,1007.23,539.64,78.17000000000007,69.50999999999999,xml_geometry_csv_action
BootPass_109,8,17,17,Position_Unknown,Team_Unknown,Action_PreSnap,820.04,491.91,891.36,560.82,71.32000000000005,68.91000000000003,xml_geometry_csv_action
BootPass_109,8,18,18,Position_Unknown,Team_Unknown,Action_PreSnap,828.26,557.03,895.94,651.62,67.68000000000006,94.59000000000003,xml_geometry_csv_action
BootPass_109,8,19,19,Position_Unknown,Team_Unknown,Action_PreSnap,957.75,526.22,1027.0,595.04,69.25,68.81999999999994,xml_geometry_csv_action
BootPass_109,8,2,2,Position_Unknown,Team_Unknown,Action_PreSnap,678.7,434.81,745.72,533.71,67.01999999999998,98.90000000000003,xml_geometry_csv_action
BootPass_109,8,20,20,Position_Unknown,Team_Unknown,Action_PreSnap,978.1,593.65,1049.99,682.11,71.88999999999999,88.46000000000004,xml_geometry_csv_action
BootPass_109,8,22,21,Position_Unknown,Team_Unknown,Action_PreSnap,825.2,549.01,898.33,633.02,73.13,84.00999999999999,xml_geometry_csv_action
BootPass_109,8,3,3,Position_Unknown,Team_Unknown,Action_PreSnap,991.05,664.3,1051.73,791.67,60.680000000000064,127.37,xml_geometry_csv_action
BootPass_109,8,4,4,Position_Unknown,Team_Unknown,Action_PreSnap,752.54,588.33,831.86,695.49,79.32000000000005,107.15999999999997,xml_geometry_csv_action
BootPass_109,8,5,5,Position_Unknown,Team_Unknown,Action_PreSnap,1259.76,641.35,1320.33,773.4,60.569999999999936,132.04999999999995,xml_geometry_csv_action
BootPass_109,8,6,6,Position_Unknown,Team_Unknown,Action_PreSnap,1097.53,424.89,1156.65,549.66,59.12000000000012,124.76999999999998,xml_geometry_csv_action
BootPass_109,8,7,7,Position_Unknown,Team_Unknown,Action_PreSnap,426.96,488.54,487.65,614.88,60.69,126.33999999999997,xml_geometry_csv_action
BootPass_109,8,8,8,Position_Unknown,Team_Unknown,Action_PreSnap,1146.15,570.68,1207.45,695.56,61.299999999999955,124.88,xml_geometry_csv_action
BootPass_109,8,9,9,Position_Unknown,Team_Unknown,Action_PreSnap,1412.71,479.85,1464.46,619.08,51.75,139.23000000000002,xml_geometry_csv_action
BootPass_109,9,0,0,Position_Unknown,Team_Unknown,Action_PreSnap,813.39,654.47,913.28,784.8,99.88999999999999,130.32999999999993,xml_geometry_csv_action
BootPass_109,9,1,1,Position_Unknown,Team_Unknown,Action_PreSnap,794.13,368.69,879.0,466.99,84.87,98.30000000000001,xml_geometry_csv_action
BootPass_109,9,10,10,Position_Unknown,Team_Unknown,Action_PreSnap,1266.91,398.07,1317.01,511.78,50.09999999999991,113.70999999999998,xml_geometry_csv_action
BootPass_109,9,11,11,Position_Unknown,Team_Unknown,Action_PreSnap,855.38,515.57,930.73,600.65,75.35000000000002,85.07999999999993,xml_geometry_csv_action
BootPass_109,9,12,12,Position_Unknown,Team_Unknown,Action_PreSnap,552.87,464.2,604.02,607.76,51.14999999999998,143.56,xml_geometry_csv_action
BootPass_109,9,13,13,Position_Unknown,Team_Unknown,Action_PreSnap,794.81,450.67,868.4,537.31,73.59000000000003,86.63999999999993,xml_geometry_csv_action
BootPass_109,9,14,14,Position_Unknown,Team_Unknown,Action_PreSnap,975.35,566.86,1049.77,657.0,74.41999999999996,90.13999999999999,xml_geometry_csv_action
BootPass_109,9,15,15,Position_Unknown,Team_Unknown,Action_PreSnap,1092.09,350.52,1140.19,463.84,48.100000000000136,113.32,xml_geometry_csv_action
BootPass_109,9,16,16,Position_Unknown,Team_Unknown,Action_PreSnap,928.7,469.86,1006.72,539.9,78.01999999999998,70.03999999999996,xml_geometry_csv_action
BootPass_109,9,17,17,Position_Unknown,Team_Unknown,Action_PreSnap,820.03,491.83,891.17,560.28,71.13999999999999,68.44999999999999,xml_geometry_csv_action
BootPass_109,9,18,18,Position_Unknown,Team_Unknown,Action_PreSnap,828.15,556.86,895.62,651.72,67.47000000000003,94.86000000000001,xml_geometry_csv_action
BootPass_109,9,19,19,Position_Unknown,Team_Unknown,Action_PreSnap,957.37,526.14,1026.82,595.59,69.44999999999993,69.45000000000005,xml_geometry_csv_action
BootPass_109,9,2,2,Position_Unknown,Team_Unknown,Action_PreSnap,678.75,434.59,745.6,533.49,66.85000000000002,98.90000000000003,xml_geometry_csv_action
BootPass_109,9,20,20,Position_Unknown,Team_Unknown,Action_PreSnap,978.64,593.69,1049.8,681.97,71.15999999999997,88.27999999999997,xml_geometry_csv_action
BootPass_109,9,22,21,Position_Unknown,Team_Unknown,Action_PreSnap,825.07,549.03,898.1,631.98,73.02999999999997,82.95000000000005,xml_geometry_csv_action
BootPass_109,9,3,3,Position_Unknown,Team_Unknown,Action_PreSnap,990.72,664.36,1051.87,790.98,61.149999999999864,126.62,xml_geometry_csv_action
BootPass_109,9,4,4,Position_Unknown,Team_Unknown,Action_PreSnap,752.5,588.29,831.75,695.41,79.25,107.12,xml_geometry_csv_action
BootPass_109,9,5,5,Position_Unknown,Team_Unknown,Action_PreSnap,1259.27,641.82,1320.04,773.18,60.76999999999998,131.3599999999999,xml_geometry_csv_action
BootPass_109,9,6,6,Position_Unknown,Team_Unknown,Action_PreSnap,1099.26,425.67,1158.02,549.72,58.75999999999999,124.05000000000001,xml_geometry_csv_action
BootPass_109,9,7,7,Position_Unknown,Team_Unknown,Action_PreSnap,426.92,488.55,487.51,614.78,60.589999999999975,126.22999999999996,xml_geometry_csv_action
BootPass_109,9,8,8,Position_Unknown,Team_Unknown,Action_PreSnap,1146.51,571.05,1207.71,695.43,61.200000000000045,124.38,xml_geometry_csv_action
BootPass_109,9,9,9,Position_Unknown,Team_Unknown,Action_PreSnap,1412.27,479.42,1463.36,618.81,51.08999999999992,139.38999999999993,xml_geometry_csv_action
BootPass_109,10,0,0,Position_Unknown,Team_Unknown,Action_PreSnap,813.43,654.37,913.27,784.47,99.84000000000003,130.10000000000002,xml_geometry_csv_action
BootPass_109,10,1,1,Position_Unknown,Team_Unknown,Action_PreSnap,794.15,368.51,878.73,466.78,84.58000000000004,98.26999999999998,xml_geometry_csv_action
BootPass_109,10,10,10,Position_Unknown,Team_Unknown,Action_PreSnap,1265.73,397.76,1315.19,512.93,49.460000000000036,115.16999999999996,xml_geometry_csv_action
BootPass_109,10,11,11,Position_Unknown,Team_Unknown,Action_PreSnap,855.44,515.33,930.56,600.4,75.11999999999989,85.06999999999994,xml_geometry_csv_action
BootPass_109,10,12,12,Position_Unknown,Team_Unknown,Action_PreSnap,552.71,463.81,603.86,607.61,51.14999999999998,143.8,xml_geometry_csv_action
BootPass_109,10,13,13,Position_Unknown,Team_Unknown,Action_PreSnap,794.59,450.55,868.22,537.29,73.63,86.73999999999995,xml_geometry_csv_action
BootPass_109,10,14,14,Position_Unknown,Team_Unknown,Action_PreSnap,975.16,566.59,1049.17,656.5,74.0100000000001,89.90999999999997,xml_geometry_csv_action
BootPass_109,10,15,15,Position_Unknown,Team_Unknown,Action_PreSnap,1091.74,351.07,1139.99,466.01,48.25,114.94,xml_geometry_csv_action
BootPass_109,10,16,16,Position_Unknown,Team_Unknown,Action_PreSnap,928.34,469.58,1006.53,540.14,78.18999999999994,70.56,xml_geometry_csv_action
BootPass_109,10,17,17,Position_Unknown,Team_Unknown,Action_PreSnap,819.87,491.72,890.95,560.19,71.08000000000004,68.47000000000003,xml_geometry_csv_action
BootPass_109,10,18,18,Position_Unknown,Team_Unknown,Action_PreSnap,827.91,556.72,895.19,651.67,67.28000000000009,94.94999999999993,xml_geometry_csv_action
BootPass_109,10,19,19,Position_Unknown,Team_Unknown,Action_PreSnap,957.12,526.03,1026.67,595.14,69.55000000000007,69.11000000000001,xml_geometry_csv_action
BootPass_109,10,2,2,Position_Unknown,Team_Unknown,Action_PreSnap,678.86,434.36,745.38,533.21,66.51999999999998,98.85000000000002,xml_geometry_csv_action
BootPass_109,10,20,20,Position_Unknown,Team_Unknown,Action_PreSnap,979.74,593.67,1049.47,682.0,69.73000000000002,88.33000000000004,xml_geometry_csv_action
BootPass_109,10,22,21,Position_Unknown,Team_Unknown,Action_PreSnap,824.81,549.35,897.78,631.09,72.97000000000003,81.74000000000001,xml_geometry_csv_action
BootPass_109,10,3,3,Position_Unknown,Team_Unknown,Action_PreSnap,990.04,664.55,1051.72,789.81,61.680000000000064,125.25999999999999,xml_geometry_csv_action
BootPass_109,10,4,4,Position_Unknown,Team_Unknown,Action_PreSnap,752.43,588.23,831.71,695.2,79.28000000000009,106.97000000000003,xml_geometry_csv_action
BootPass_109,10,5,5,Position_Unknown,Team_Unknown,Action_PreSnap,1258.84,641.99,1319.71,772.87,60.87000000000012,130.88,xml_geometry_csv_action
BootPass_109,10,6,6,Position_Unknown,Team_Unknown,Action_PreSnap,1101.69,426.38,1159.54,549.83,57.84999999999991,123.45000000000005,xml_geometry_csv_action
BootPass_109,10,7,7,Position_Unknown,Team_Unknown,Action_PreSnap,426.9,488.38,487.4,614.51,60.5,126.13,xml_geometry_csv_action
BootPass_109,10,8,8,Position_Unknown,Team_Unknown,Action_PreSnap,1146.56,571.38,1207.66,695.2,61.100000000000136,123.82000000000005,xml_geometry_csv_action
BootPass_109,10,9,9,Position_Unknown,Team_Unknown,Action_PreSnap,1412.68,479.42,1463.07,618.22,50.38999999999987,138.8,xml_geometry_csv_action
BootPass_109,11,0,0,Position_Unknown,Team_Unknown,Action_PreSnap,813.12,654.18,913.16,784.17,100.03999999999996,129.99,xml_geometry_csv_action
BootPass_109,11,1,1,Position_Unknown,Team_Unknown,Action_PreSnap,794.12,368.31,878.29,466.04,84.16999999999996,97.73000000000002,xml_geometry_csv_action
BootPass_109,11,10,10,Position_Unknown,Team_Unknown,Action_PreSnap,1263.83,397.15,1313.1,515.22,49.26999999999998,118.07000000000005,xml_geometry_csv_action
BootPass_109,11,11,11,Position_Unknown,Team_Unknown,Action_PreSnap,855.68,515.1,930.31,600.18,74.63,85.07999999999993,xml_geometry_csv_action
BootPass_109,11,12,12,Position_Unknown,Team_Unknown,Action_PreSnap,552.09,463.33,603.42,607.38,51.32999999999993,144.05,xml_geometry_csv_action
BootPass_109,11,13,13,Position_Unknown,Team_Unknown,Action_PreSnap,794.12,450.12,868.12,536.86,74.0,86.74000000000001,xml_geometry_csv_action
BootPass_109,11,14,14,Position_Unknown,Team_Unknown,Action_PreSnap,974.75,566.45,1048.69,655.8,73.94000000000005,89.34999999999991,xml_geometry_csv_action
BootPass_109,11,15,15,Position_Unknown,Team_Unknown,Action_PreSnap,1091.28,352.64,1139.7,468.69,48.42000000000007,116.05000000000001,xml_geometry_csv_action
BootPass_109,11,16,16,Position_Unknown,Team_Unknown,Action_PreSnap,927.68,469.35,1005.17,539.66,77.49000000000001,70.30999999999995,xml_geometry_csv_action
BootPass_109,11,17,17,Position_Unknown,Team_Unknown,Action_PreSnap,819.46,491.43,890.3,560.37,70.83999999999992,68.94,xml_geometry_csv_action
BootPass_109,11,18,18,Position_Unknown,Team_Unknown,Action_PreSnap,827.2,556.48,894.58,651.42,67.38,94.93999999999994,xml_geometry_csv_action
BootPass_109,11,19,19,Position_Unknown,Team_Unknown,Action_PreSnap,956.73,525.91,1026.4,594.27,69.67000000000007,68.36000000000001,xml_geometry_csv_action
BootPass_109,11,2,2,Position_Unknown,Team_Unknown,Action_PreSnap,678.63,434.08,745.09,532.78,66.46000000000004,98.69999999999999,xml_geometry_csv_action
BootPass_109,11,20,20,Position_Unknown,Team_Unknown,Action_PreSnap,980.48,593.84,1049.37,681.83,68.88999999999987,87.99000000000001,xml_geometry_csv_action
BootPass_109,11,3,3,Position_Unknown,Team_Unknown,Action_PreSnap,989.46,664.64,1051.44,789.03,61.98000000000002,124.38999999999999,xml_geometry_csv_action
BootPass_109,11,4,4,Position_Unknown,Team_Unknown,Action_PreSnap,752.29,588.0,831.62,695.0,79.33000000000004,107.0,xml_geometry_csv_action
BootPass_109,11,5,5,Position_Unknown,Team_Unknown,Action_PreSnap,1258.84,642.04,1319.45,772.74,60.61000000000013,130.70000000000005,xml_geometry_csv_action
BootPass_109,11,6,6,Position_Unknown,Team_Unknown,Action_PreSnap,1105.62,427.96,1161.56,549.64,55.940000000000055,121.68,xml_geometry_csv_action
BootPass_109,11,7,7,Position_Unknown,Team_Unknown,Action_PreSnap,426.74,488.09,487.15,614.4,60.40999999999997,126.31,xml_geometry_csv_action
BootPass_109,11,8,8,Position_Unknown,Team_Unknown,Action_PreSnap,1148.35,571.08,1208.51,694.9,60.16000000000008,123.81999999999994,xml_geometry_csv_action
BootPass_109,11,9,9,Position_Unknown,Team_Unknown,Action_PreSnap,1412.29,478.53,1461.55,616.52,49.25999999999999,137.99,xml_geometry_csv_action
BootPass_109,12,0,0,Position_Unknown,Team_Unknown,Action_PreSnap,812.8,654.27,913.11,784.03,100.31000000000006,129.76,xml_geometry_csv_action
BootPass_109,12,1,1,Position_Unknown,Team_Unknown,Action_PreSnap,793.96,368.35,877.67,465.65,83.70999999999992,97.29999999999995,xml_geometry_csv_action
BootPass_109,12,10,10,Position_Unknown,Team_Unknown,Action_PreSnap,1261.69,396.87,1310.81,515.86,49.11999999999989,118.99000000000001,xml_geometry_csv_action
BootPass_109,12,11,11,Position_Unknown,Team_Unknown,Action_PreSnap,856.14,515.14,930.0,600.17,73.86000000000001,85.02999999999997,xml_geometry_csv_action
BootPass_109,12,12,12,Position_Unknown,Team_Unknown,Action_PreSnap,551.59,462.86,603.0,607.23,51.40999999999997,144.37,xml_geometry_csv_action
BootPass_109,12,13,13,Position_Unknown,Team_Unknown,Action_PreSnap,793.84,449.98,867.76,536.99,73.91999999999996,87.00999999999999,xml_geometry_csv_action
BootPass_109,12,14,14,Position_Unknown,Team_Unknown,Action_PreSnap,974.82,566.67,1048.05,655.52,73.2299999999999,88.85000000000002,xml_geometry_csv_action
BootPass_109,12,15,15,Position_Unknown,Team_Unknown,Action_PreSnap,1091.04,353.75,1139.87,470.24,48.82999999999993,116.49000000000001,xml_geometry_csv_action
BootPass_109,12,16,16,Position_Unknown,Team_Unknown,Action_PreSnap,927.21,469.27,1004.35,539.33,77.13999999999999,70.06000000000006,xml_geometry_csv_action
BootPass_109,12,17,17,Position_Unknown,Team_Unknown,Action_PreSnap,818.94,491.35,889.75,561.03,70.80999999999995,69.67999999999995,xml_geometry_csv_action
BootPass_109,12,18,18,Position_Unknown,Team_Unknown,Action_PreSnap,826.44,556.77,893.93,651.29,67.4899999999999,94.51999999999998,xml_geometry_csv_action
BootPass_109,12,19,19,Position_Unknown,Team_Unknown,Action_PreSnap,956.24,525.99,1025.76,593.02,69.51999999999998,67.02999999999997,xml_geometry_csv_action
BootPass_109,12,2,2,Position_Unknown,Team_Unknown,Action_PreSnap,678.41,433.84,744.54,532.45,66.13,98.61000000000007,xml_geometry_csv_action
BootPass_109,12,20,20,Position_Unknown,Team_Unknown,Action_PreSnap,979.98,594.71,1049.21,681.84,69.23000000000002,87.13,xml_geometry_csv_action
BootPass_109,12,22,21,Position_Unknown,Team_Unknown,Action_PreSnap,823.55,550.23,896.86,632.65,73.31000000000006,82.41999999999996,xml_geometry_csv_action
BootPass_109,12,3,3,Position_Unknown,Team_Unknown,Action_PreSnap,989.02,665.03,1051.9,788.8,62.88000000000011,123.76999999999998,xml_geometry_csv_action
BootPass_109,12,4,4,Position_Unknown,Team_Unknown,Action_PreSnap,751.86,588.03,831.59,694.94,79.73000000000002,106.91000000000008,xml_geometry_csv_action
BootPass_109,12,5,5,Position_Unknown,Team_Unknown,Action_PreSnap,1258.73,642.27,1319.01,772.63,60.27999999999997,130.36,xml_geometry_csv_action
BootPass_109,12,6,6,Position_Unknown,Team_Unknown,Action_PreSnap,1107.1,428.33,1162.92,549.66,55.820000000000164,121.32999999999998,xml_geometry_csv_action
BootPass_109,12,7,7,Position_Unknown,Team_Unknown,Action_PreSnap,426.68,487.98,486.79,614.53,60.110000000000014,126.54999999999995,xml_geometry_csv_action
BootPass_109,12,8,8,Position_Unknown,Team_Unknown,Action_PreSnap,1149.15,570.57,1209.44,694.69,60.289999999999964,124.12,xml_geometry_csv_action
BootPass_109,12,9,9,Position_Unknown,Team_Unknown,Action_PreSnap,1411.3,478.15,1460.31,615.06,49.00999999999999,136.90999999999997,xml_geometry_csv_action
BootPass_109,13,0,0,Position_Unknown,Team_Unknown,Action_PreSnap,812.64,654.37,913.08,784.04,100.44000000000005,129.66999999999996,xml_geometry_csv_action
BootPass_109,13,1,1,Position_Unknown,Team_Unknown,Action_PreSnap,793.94,368.42,877.43,465.42,83.4899999999999,97.0,xml_geometry_csv_action
BootPass_109,13,10,10,Position_Unknown,Team_Unknown,Action_PreSnap,1261.06,396.73,1310.17,515.75,49.11000000000013,119.01999999999998,xml_geometry_csv_action
BootPass_109,13,11,11,Position_Unknown,Team_Unknown,Action_PreSnap,856.33,515.16,929.84,600.02,73.50999999999999,84.86000000000001,xml_geometry_csv_action
BootPass_109,13,12,12,Position_Unknown,Team_Unknown,Action_PreSnap,551.32,462.79,603.12,607.05,51.799999999999955,144.25999999999993,xml_geometry_csv_action
BootPass_109,13,13,13,Position_Unknown,Team_Unknown,Action_PreSnap,793.4,450.02,867.6,537.08,74.20000000000005,87.06000000000006,xml_geometry_csv_action
BootPass_109,13,14,14,Position_Unknown,Team_Unknown,Action_PreSnap,974.56,566.81,1047.71,655.35,73.15000000000009,88.54000000000008,xml_geometry_csv_action
BootPass_109,13,15,15,Position_Unknown,Team_Unknown,Action_PreSnap,1091.18,354.27,1140.41,470.81,49.23000000000002,116.54000000000002,xml_geometry_csv_action
BootPass_109,13,16,16,Position_Unknown,Team_Unknown,Action_PreSnap,927.07,469.22,1004.49,539.19,77.41999999999996,69.97000000000003,xml_geometry_csv_action
BootPass_109,13,17,17,Position_Unknown,Team_Unknown,Action_PreSnap,818.64,491.23,889.52,561.34,70.88,70.11000000000001,xml_geometry_csv_action
BootPass_109,13,18,18,Position_Unknown,Team_Unknown,Action_PreSnap,825.71,556.63,893.55,651.23,67.83999999999992,94.60000000000002,xml_geometry_csv_action
BootPass_109,13,19,19,Position_Unknown,Team_Unknown,Action_PreSnap,955.94,525.9,1025.34,592.49,69.39999999999986,66.59000000000003,xml_geometry_csv_action
BootPass_109,13,2,2,Position_Unknown,Team_Unknown,Action_PreSnap,678.3,433.71,744.46,532.4,66.16000000000008,98.69,xml_geometry_csv_action
BootPass_109,13,20,20,Position_Unknown,Team_Unknown,Action_PreSnap,979.55,595.15,1049.22,681.73,69.67000000000007,86.58000000000004,xml_geometry_csv_action
BootPass_109,13,22,21,Position_Unknown,Team_Unknown,Action_PreSnap,823.0,550.58,896.63,634.34,73.63,83.75999999999999,xml_geometry_csv_action
BootPass_109,13,3,3,Position_Unknown,Team_Unknown,Action_PreSnap,989.05,665.34,1052.23,789.03,63.180000000000064,123.68999999999994,xml_geometry_csv_action
BootPass_109,13,4,4,Position_Unknown,Team_Unknown,Action_PreSnap,751.57,588.05,831.4,694.89,79.82999999999993,106.84000000000003,xml_geometry_csv_action
BootPass_109,13,5,5,Position_Unknown,Team_Unknown,Action_PreSnap,1258.81,642.93,1318.98,772.54,60.17000000000007,129.61,xml_geometry_csv_action
BootPass_109,13,6,6,Position_Unknown,Team_Unknown,Action_PreSnap,1107.84,428.68,1163.48,549.8,55.6400000000001,121.11999999999995,xml_geometry_csv_action
BootPass_109,13,7,7,Position_Unknown,Team_Unknown,Action_PreSnap,426.62,487.89,486.62,614.69,60.0,126.80000000000007,xml_geometry_csv_action
BootPass_109,13,8,8,Position_Unknown,Team_Unknown,Action_PreSnap,1149.84,570.36,1210.06,694.5,60.22000000000003,124.13999999999999,xml_geometry_csv_action
BootPass_109,13,9,9,Position_Unknown,Team_Unknown,Action_PreSnap,1410.98,478.17,1459.84,614.41,48.8599999999999,136.23999999999995,xml_geometry_csv_action
BootPass_109,14,0,0,Position_Unknown,Team_Unknown,Action_PreSnap,812.5,654.48,912.97,783.9,100.47000000000003,129.41999999999996,xml_geometry_csv_action
BootPass_109,14,1,1,Position_Unknown,Team_Unknown,Action_PreSnap,793.96,368.36,877.06,465.11,83.09999999999991,96.75,xml_geometry_csv_action
BootPass_109,14,10,10,Position_Unknown,Team_Unknown,Action_PreSnap,1259.62,396.19,1308.32,515.68,48.700000000000045,119.48999999999995,xml_geometry_csv_action
BootPass_109,14,11,11,Position_Unknown,Team_Unknown,Action_PreSnap,856.05,515.01,929.35,599.69,73.30000000000007,84.68000000000006,xml_geometry_csv_action
BootPass_109,14,12,12,Position_Unknown,Team_Unknown,Action_PreSnap,551.07,462.72,603.32,606.91,52.25,144.18999999999994,xml_geometry_csv_action
BootPass_109,14,13,13,Position_Unknown,Team_Unknown,Action_PreSnap,793.11,449.97,867.4,537.2,74.28999999999996,87.23000000000002,xml_geometry_csv_action
BootPass_109,14,14,14,Position_Unknown,Team_Unknown,Action_PreSnap,974.2,566.75,1047.44,655.17,73.24000000000001,88.41999999999996,xml_geometry_csv_action
BootPass_109,14,15,15,Position_Unknown,Team_Unknown,Action_PreSnap,1091.0,355.47,1140.8,471.12,49.799999999999955,115.64999999999998,xml_geometry_csv_action
BootPass_109,14,16,16,Position_Unknown,Team_Unknown,Action_PreSnap,926.92,469.15,1005.06,539.5,78.13999999999999,70.35000000000002,xml_geometry_csv_action
BootPass_109,14,17,17,Position_Unknown,Team_Unknown,Action_PreSnap,818.44,491.14,889.09,561.74,70.64999999999998,70.60000000000002,xml_geometry_csv_action
BootPass_109,14,18,18,Position_Unknown,Team_Unknown,Action_PreSnap,825.32,556.75,892.92,651.59,67.59999999999991,94.84000000000003,xml_geometry_csv_action
BootPass_109,14,19,19,Position_Unknown,Team_Unknown,Action_PreSnap,955.62,525.9,1025.15,592.16,69.53000000000009,66.25999999999999,xml_geometry_csv_action
BootPass_109,14,2,2,Position_Unknown,Team_Unknown,Action_PreSnap,677.94,433.62,744.27,532.46,66.32999999999993,98.84000000000003,xml_geometry_csv_action
BootPass_109,14,20,20,Position_Unknown,Team_Unknown,Action_PreSnap,979.1,595.59,1049.11,681.88,70.00999999999988,86.28999999999996,xml_geometry_csv_action
BootPass_109,14,22,21,Position_Unknown,Team_Unknown,Action_PreSnap,822.65,550.37,896.25,634.62,73.60000000000002,84.25,xml_geometry_csv_action
BootPass_109,14,3,3,Position_Unknown,Team_Unknown,Action_PreSnap,989.06,665.65,1052.3,789.06,63.24000000000001,123.40999999999997,xml_geometry_csv_action
BootPass_109,14,4,4,Position_Unknown,Team_Unknown,Action_PreSnap,751.21,587.97,830.87,694.71,79.65999999999997,106.74000000000001,xml_geometry_csv_action
BootPass_109,14,5,5,Position_Unknown,Team_Unknown,Action_PreSnap,1258.68,643.23,1318.75,772.49,60.069999999999936,129.26,xml_geometry_csv_action
BootPass_109,14,6,6,Position_Unknown,Team_Unknown,Action_PreSnap,1109.7,429.13,1164.58,548.94,54.87999999999988,119.81000000000006,xml_geometry_csv_action
BootPass_109,14,7,7,Position_Unknown,Team_Unknown,Action_PreSnap,426.37,487.88,486.2,614.73,59.829999999999984,126.85000000000002,xml_geometry_csv_action
BootPass_109,14,8,8,Position_Unknown,Team_Unknown,Action_PreSnap,1150.34,570.22,1209.96,693.95,59.62000000000012,123.73000000000002,xml_geometry_csv_action
BootPass_109,14,9,9,Position_Unknown,Team_Unknown,Action_PreSnap,1409.48,478.08,1458.04,612.73,48.559999999999945,134.65000000000003,xml_geometry_csv_action
BootPass_109,15,0,0,Position_Unknown,Team_Unknown,Action_PreSnap,812.3,654.67,912.84,783.99,100.54000000000008,129.32000000000005,xml_geometry_csv_action
BootPass_109,15,1,1,Position_Unknown,Team_Unknown,Action_PreSnap,793.87,368.37,876.83,465.15,82.96000000000004,96.77999999999997,xml_geometry_csv_action
BootPass_109,15,10,10,Position_Unknown,Team_Unknown,Action_PreSnap,1258.59,395.88,1307.17,515.71,48.580000000000155,119.83000000000004,xml_geometry_csv_action
BootPass_109,15,11,11,Position_Unknown,Team_Unknown,Action_PreSnap,855.88,515.05,929.02,599.64,73.13999999999999,84.59000000000003,xml_geometry_csv_action
BootPass_109,15,12,12,Position_Unknown,Team_Unknown,Action_PreSnap,550.84,462.75,603.41,606.91,52.569999999999936,144.15999999999997,xml_geometry_csv_action
BootPass_109,15,13,13,Position_Unknown,Team_Unknown,Action_PreSnap,792.81,450.07,867.16,537.26,74.35000000000002,87.19,xml_geometry_csv_action
BootPass_109,15,14,14,Position_Unknown,Team_Unknown,Action_PreSnap,973.63,566.7,1046.91,655.08,73.28000000000009,88.38,xml_geometry_csv_action
BootPass_109,15,15,15,Position_Unknown,Team_Unknown,Action_PreSnap,1090.54,356.04,1140.97,471.62,50.430000000000064,115.57999999999998,xml_geometry_csv_action
BootPass_109,15,16,16,Position_Unknown,Team_Unknown,Action_PreSnap,926.88,469.19,1005.7,539.52,78.82000000000005,70.32999999999998,xml_geometry_csv_action
BootPass_109,15,17,17,Position_Unknown,Team_Unknown,Action_PreSnap,818.39,491.13,888.86,562.03,70.47000000000003,70.89999999999998,xml_geometry_csv_action
BootPass_109,15,18,18,Position_Unknown,Team_Unknown,Action_PreSnap,825.17,556.72,892.82,651.75,67.65000000000009,95.02999999999997,xml_geometry_csv_action
BootPass_109,15,19,19,Position_Unknown,Team_Unknown,Action_PreSnap,955.36,525.92,1024.97,592.04,69.61000000000001,66.12,xml_geometry_csv_action
BootPass_109,15,2,2,Position_Unknown,Team_Unknown,Action_PreSnap,677.82,433.65,744.08,532.55,66.25999999999999,98.89999999999998,xml_geometry_csv_action
BootPass_109,15,20,20,Position_Unknown,Team_Unknown,Action_PreSnap,978.95,595.69,1048.85,682.1,69.89999999999986,86.40999999999997,xml_geometry_csv_action
BootPass_109,15,22,21,Position_Unknown,Team_Unknown,Action_PreSnap,823.02,550.13,896.35,634.57,73.33000000000004,84.44000000000005,xml_geometry_csv_action
BootPass_109,15,3,3,Position_Unknown,Team_Unknown,Action_PreSnap,988.99,665.98,1052.39,789.39,63.40000000000009,123.40999999999997,xml_geometry_csv_action
BootPass_109,15,4,4,Position_Unknown,Team_Unknown,Action_PreSnap,750.93,587.94,830.52,694.7,79.59000000000003,106.75999999999999,xml_geometry_csv_action
BootPass_109,15,5,5,Position_Unknown,Team_Unknown,Action_PreSnap,1258.2,643.19,1318.48,772.59,60.27999999999997,129.39999999999998,xml_geometry_csv_action
BootPass_109,15,6,6,Position_Unknown,Team_Unknown,Action_PreSnap,1110.61,429.25,1165.82,548.55,55.210000000000036,119.29999999999995,xml_geometry_csv_action
BootPass_109,15,7,7,Position_Unknown,Team_Unknown,Action_PreSnap,426.11,487.88,485.92,614.87,59.81,126.99000000000001,xml_geometry_csv_action
BootPass_109,15,8,8,Position_Unknown,Team_Unknown,Action_PreSnap,1150.94,570.28,1210.11,693.6,59.169999999999845,123.32000000000005,xml_geometry_csv_action
BootPass_109,15,9,9,Position_Unknown,Team_Unknown,Action_PreSnap,1407.9,478.21,1456.15,612.21,48.25,134.00000000000006,xml_geometry_csv_action
BootPass_109,16,0,0,Position_Unknown,Team_Unknown,Action_PreSnap,811.96,654.79,912.69,783.92,100.73000000000002,129.13,xml_geometry_csv_action
BootPass_109,16,1,1,Position_Unknown,Team_Unknown,Action_PreSnap,793.76,368.27,876.59,465.22,82.83000000000004,96.95000000000005,xml_geometry_csv_action
BootPass_109,16,10,10,Position_Unknown,Team_Unknown,Action_PreSnap,1257.11,395.64,1305.69,514.99,48.580000000000155,119.35000000000002,xml_geometry_csv_action
BootPass_109,16,11,11,Position_Unknown,Team_Unknown,Action_PreSnap,855.51,515.1,928.8,599.69,73.28999999999996,84.59000000000003,xml_geometry_csv_action
BootPass_109,16,12,12,Position_Unknown,Team_Unknown,Action_PreSnap,550.4,462.7,603.17,606.89,52.76999999999998,144.19,xml_geometry_csv_action
BootPass_109,16,13,13,Position_Unknown,Team_Unknown,Action_PreSnap,792.5,450.11,866.76,537.25,74.25999999999999,87.13999999999999,xml_geometry_csv_action
BootPass_109,16,14,14,Position_Unknown,Team_Unknown,Action_PreSnap,973.23,566.61,1046.39,655.1,73.16000000000008,88.49000000000001,xml_geometry_csv_action
BootPass_109,16,15,15,Position_Unknown,Team_Unknown,Action_PreSnap,1090.13,356.56,1141.3,471.34,51.169999999999845,114.77999999999997,xml_geometry_csv_action
BootPass_109,16,16,16,Position_Unknown,Team_Unknown,Action_PreSnap,926.82,469.17,1006.47,539.24,79.64999999999998,70.07,xml_geometry_csv_action
BootPass_109,16,17,17,Position_Unknown,Team_Unknown,Action_PreSnap,818.08,491.22,888.47,561.77,70.38999999999999,70.54999999999995,xml_geometry_csv_action
BootPass_109,16,18,18,Position_Unknown,Team_Unknown,Action_PreSnap,825.08,556.55,892.9,651.49,67.81999999999994,94.94000000000005,xml_geometry_csv_action
BootPass_109,16,19,19,Position_Unknown,Team_Unknown,Action_PreSnap,954.95,525.97,1024.75,592.26,69.79999999999995,66.28999999999996,xml_geometry_csv_action
BootPass_109,16,2,2,Position_Unknown,Team_Unknown,Action_PreSnap,677.52,433.63,743.66,532.56,66.13999999999999,98.92999999999995,xml_geometry_csv_action
BootPass_109,16,20,20,Position_Unknown,Team_Unknown,Action_PreSnap,978.55,595.79,1048.63,682.49,70.08000000000015,86.70000000000005,xml_geometry_csv_action
BootPass_109,16,22,21,Position_Unknown,Team_Unknown,Action_PreSnap,823.64,549.61,896.52,633.92,72.88,84.30999999999995,xml_geometry_csv_action
BootPass_109,16,3,3,Position_Unknown,Team_Unknown,Action_PreSnap,988.9,666.28,1052.36,789.7,63.45999999999992,123.42000000000007,xml_geometry_csv_action
BootPass_109,16,4,4,Position_Unknown,Team_Unknown,Action_PreSnap,750.45,587.86,830.86,694.78,80.40999999999997,106.91999999999996,xml_geometry_csv_action
BootPass_109,16,5,5,Position_Unknown,Team_Unknown,Action_PreSnap,1257.78,643.06,1318.08,772.59,60.299999999999955,129.5300000000001,xml_geometry_csv_action
BootPass_109,16,6,6,Position_Unknown,Team_Unknown,Action_PreSnap,1111.31,429.22,1166.1,549.54,54.789999999999964,120.31999999999994,xml_geometry_csv_action
BootPass_109,16,7,7,Position_Unknown,Team_Unknown,Action_PreSnap,425.94,487.93,485.58,614.94,59.639999999999986,127.01000000000005,xml_geometry_csv_action
BootPass_109,16,8,8,Position_Unknown,Team_Unknown,Action_PreSnap,1151.15,570.13,1210.24,693.48,59.08999999999992,123.35000000000002,xml_geometry_csv_action
BootPass_109,16,9,9,Position_Unknown,Team_Unknown,Action_PreSnap,1406.13,477.91,1454.5,611.94,48.36999999999989,134.03000000000003,xml_geometry_csv_action
BootPass_109,17,0,0,Position_Unknown,Team_Unknown,Action_PreSnap,811.52,654.99,912.31,784.27,100.78999999999996,129.27999999999997,xml_geometry_csv_action
BootPass_109,17,1,1,Position_Unknown,Team_Unknown,Action_PreSnap,793.11,368.38,876.34,465.37,83.23000000000002,96.99000000000001,xml_geometry_csv_action
BootPass_109,17,10,10,Position_Unknown,Team_Unknown,Action_PreSnap,1256.17,395.42,1304.76,515.13,48.58999999999992,119.70999999999998,xml_geometry_csv_action
BootPass_109,17,11,11,Position_Unknown,Team_Unknown,Action_PreSnap,854.89,515.38,928.4,600.24,73.50999999999999,84.86000000000001,xml_geometry_csv_action
BootPass_109,17,12,12,Position_Unknown,Team_Unknown,Action_PreSnap,550.18,462.93,603.17,606.97,52.99000000000001,144.04000000000002,xml_geometry_csv_action
BootPass_109,17,13,13,Position_Unknown,Team_Unknown,Action_PreSnap,791.98,450.3,866.42,536.97,74.43999999999994,86.67000000000002,xml_geometry_csv_action
BootPass_109,17,14,14,Position_Unknown,Team_Unknown,Action_PreSnap,972.54,567.17,1046.34,655.65,73.79999999999995,88.48000000000002,xml_geometry_csv_action
BootPass_109,17,15,15,Position_Unknown,Team_Unknown,Action_PreSnap,1089.68,356.96,1141.26,471.48,51.57999999999993,114.52000000000004,xml_geometry_csv_action
BootPass_109,17,16,16,Position_Unknown,Team_Unknown,Action_PreSnap,926.66,469.24,1006.71,539.52,80.05000000000007,70.27999999999997,xml_geometry_csv_action
BootPass_109,17,17,17,Position_Unknown,Team_Unknown,Action_PreSnap,817.58,491.29,887.97,561.6,70.38999999999999,70.31,xml_geometry_csv_action
BootPass_109,17,18,18,Position_Unknown,Team_Unknown,Action_PreSnap,824.29,556.48,892.48,651.4,68.19000000000005,94.91999999999996,xml_geometry_csv_action
BootPass_109,17,19,19,Position_Unknown,Team_Unknown,Action_PreSnap,954.28,526.04,1024.37,594.02,70.08999999999992,67.98000000000002,xml_geometry_csv_action
BootPass_109,17,2,2,Position_Unknown,Team_Unknown,Action_PreSnap,677.19,433.65,743.35,532.67,66.15999999999997,99.01999999999998,xml_geometry_csv_action
BootPass_109,17,20,20,Position_Unknown,Team_Unknown,Action_PreSnap,977.18,596.14,1048.4,682.57,71.22000000000014,86.43000000000006,xml_geometry_csv_action
BootPass_109,17,22,21,Position_Unknown,Team_Unknown,Action_PreSnap,823.63,549.54,896.12,634.77,72.49000000000001,85.23000000000002,xml_geometry_csv_action
BootPass_109,17,3,3,Position_Unknown,Team_Unknown,Action_PreSnap,988.76,666.76,1052.04,789.69,63.27999999999997,122.93000000000006,xml_geometry_csv_action
BootPass_109,17,4,4,Position_Unknown,Team_Unknown,Action_PreSnap,750.25,588.16,831.19,695.0,80.94000000000005,106.84000000000003,xml_geometry_csv_action
BootPass_109,17,5,5,Position_Unknown,Team_Unknown,Action_PreSnap,1257.8,643.65,1317.69,773.08,59.8900000000001,129.43000000000006,xml_geometry_csv_action
BootPass_109,17,6,6,Position_Unknown,Team_Unknown,Action_PreSnap,1111.55,429.14,1166.46,550.84,54.91000000000008,121.70000000000005,xml_geometry_csv_action
BootPass_109,17,7,7,Position_Unknown,Team_Unknown,Action_PreSnap,425.7,487.96,485.39,615.2,59.69,127.24000000000007,xml_geometry_csv_action
BootPass_109,17,8,8,Position_Unknown,Team_Unknown,Action_PreSnap,1150.88,570.39,1210.04,693.62,59.159999999999854,123.23000000000002,xml_geometry_csv_action
BootPass_109,17,9,9,Position_Unknown,Team_Unknown,Action_PreSnap,1404.77,477.7,1453.43,612.24,48.66000000000008,134.54000000000002,xml_geometry_csv_action
BootPass_109,18,0,0,Position_Unknown,Team_Unknown,Action_PreSnap,811.03,655.28,911.86,784.61,100.83000000000004,129.33000000000004,xml_geometry_csv_action
BootPass_109,18,1,1,Position_Unknown,Team_Unknown,Action_PreSnap,792.47,368.62,876.02,465.67,83.54999999999995,97.05000000000001,xml_geometry_csv_action
BootPass_109,18,10,10,Position_Unknown,Team_Unknown,Action_PreSnap,1254.76,395.1,1303.52,517.5,48.75999999999999,122.39999999999998,xml_geometry_csv_action
BootPass_109,18,11,11,Position_Unknown,Team_Unknown,Action_PreSnap,854.5,515.7,928.18,600.82,73.67999999999995,85.12,xml_geometry_csv_action
BootPass_109,18,12,12,Position_Unknown,Team_Unknown,Action_PreSnap,550.01,463.2,603.06,607.32,53.049999999999955,144.12000000000006,xml_geometry_csv_action
BootPass_109,18,13,13,Position_Unknown,Team_Unknown,Action_PreSnap,791.6,450.44,866.13,537.03,74.52999999999997,86.58999999999997,xml_geometry_csv_action
BootPass_109,18,14,14,Position_Unknown,Team_Unknown,Action_PreSnap,972.9,567.69,1046.36,655.81,73.45999999999992,88.11999999999989,xml_geometry_csv_action
BootPass_109,18,15,15,Position_Unknown,Team_Unknown,Action_PreSnap,1089.83,357.76,1141.09,471.93,51.25999999999999,114.17000000000002,xml_geometry_csv_action
BootPass_109,18,16,16,Position_Unknown,Team_Unknown,Action_PreSnap,926.47,469.32,1006.42,539.81,79.94999999999993,70.48999999999995,xml_geometry_csv_action
BootPass_109,18,17,17,Position_Unknown,Team_Unknown,Action_PreSnap,817.37,491.56,887.67,561.32,70.29999999999995,69.76000000000005,xml_geometry_csv_action
BootPass_109,18,18,18,Position_Unknown,Team_Unknown,Action_PreSnap,824.08,556.56,892.27,651.71,68.18999999999994,95.15000000000009,xml_geometry_csv_action
BootPass_109,18,19,19,Position_Unknown,Team_Unknown,Action_PreSnap,953.87,526.08,1024.05,594.94,70.17999999999995,68.86000000000001,xml_geometry_csv_action
BootPass_109,18,2,2,Position_Unknown,Team_Unknown,Action_PreSnap,676.86,433.87,742.95,533.01,66.09000000000003,99.13999999999999,xml_geometry_csv_action
BootPass_109,18,20,20,Position_Unknown,Team_Unknown,Action_PreSnap,976.41,596.19,1047.95,683.22,71.54000000000008,87.02999999999997,xml_geometry_csv_action
BootPass_109,18,22,21,Position_Unknown,Team_Unknown,Action_PreSnap,823.81,549.53,896.02,635.07,72.21000000000004,85.54000000000008,xml_geometry_csv_action
BootPass_109,18,3,3,Position_Unknown,Team_Unknown,Action_PreSnap,988.85,667.81,1051.49,789.47,62.639999999999986,121.66000000000008,xml_geometry_csv_action
BootPass_109,18,4,4,Position_Unknown,Team_Unknown,Action_PreSnap,749.6,588.43,830.98,695.31,81.38,106.88,xml_geometry_csv_action
BootPass_109,18,5,5,Position_Unknown,Team_Unknown,Action_PreSnap,1257.69,644.24,1317.28,773.43,59.58999999999992,129.18999999999994,xml_geometry_csv_action
BootPass_109,18,6,6,Position_Unknown,Team_Unknown,Action_PreSnap,1112.27,429.76,1166.87,552.6,54.59999999999991,122.84000000000003,xml_geometry_csv_action
BootPass_109,18,7,7,Position_Unknown,Team_Unknown,Action_PreSnap,425.51,488.21,485.24,615.51,59.73000000000002,127.30000000000001,xml_geometry_csv_action
BootPass_109,18,8,8,Position_Unknown,Team_Unknown,Action_PreSnap,1150.45,570.6,1210.33,693.57,59.87999999999988,122.97000000000003,xml_geometry_csv_action
BootPass_109,18,9,9,Position_Unknown,Team_Unknown,Action_PreSnap,1403.54,477.57,1452.38,612.88,48.840000000000146,135.31,xml_geometry_csv_action
BootPass_109,19,0,0,Position_Unknown,Team_Unknown,Action_PreSnap,810.87,655.47,911.34,784.83,100.47000000000003,129.36,xml_geometry_csv_action
BootPass_109,19,1,1,Position_Unknown,Team_Unknown,Action_PreSnap,792.16,368.73,875.88,466.04,83.72000000000003,97.31,xml_geometry_csv_action
BootPass_109,19,10,10,Position_Unknown,Team_Unknown,Action_PreSnap,1253.09,394.51,1302.32,518.02,49.23000000000002,123.50999999999999,xml_geometry_csv_action
BootPass_109,19,11,11,Position_Unknown,Team_Unknown,Action_PreSnap,854.23,515.88,927.91,601.1,73.67999999999995,85.22000000000003,xml_geometry_csv_action
BootPass_109,19,12,12,Position_Unknown,Team_Unknown,Action_PreSnap,549.97,463.43,602.69,607.52,52.72000000000003,144.08999999999997,xml_geometry_csv_action
BootPass_109,19,13,13,Position_Unknown,Team_Unknown,Action_PreSnap,791.08,450.66,865.61,536.81,74.52999999999997,86.14999999999992,xml_geometry_csv_action
BootPass_109,19,14,14,Position_Unknown,Team_Unknown,Action_PreSnap,972.62,567.98,1045.84,655.67,73.21999999999991,87.68999999999994,xml_geometry_csv_action
BootPass_109,19,15,15,Position_Unknown,Team_Unknown,Action_PreSnap,1089.93,358.37,1140.74,472.32,50.809999999999945,113.94999999999999,xml_geometry_csv_action
BootPass_109,19,16,16,Position_Unknown,Team_Unknown,Action_PreSnap,926.2,469.39,1006.74,539.55,80.53999999999996,70.15999999999997,xml_geometry_csv_action
BootPass_109,19,17,17,Position_Unknown,Team_Unknown,Action_PreSnap,816.91,491.61,887.19,561.04,70.28000000000009,69.42999999999995,xml_geometry_csv_action
BootPass_109,19,18,18,Position_Unknown,Team_Unknown,Action_PreSnap,823.87,556.68,892.1,651.6,68.23000000000002,94.92000000000007,xml_geometry_csv_action
BootPass_109,19,19,19,Position_Unknown,Team_Unknown,Action_PreSnap,953.46,526.03,1023.88,595.73,70.41999999999996,69.70000000000005,xml_geometry_csv_action
BootPass_109,19,2,2,Position_Unknown,Team_Unknown,Action_PreSnap,676.55,434.08,742.69,533.25,66.1400000000001,99.17000000000002,xml_geometry_csv_action
BootPass_109,19,20,20,Position_Unknown,Team_Unknown,Action_PreSnap,975.81,596.34,1047.17,683.84,71.36000000000013,87.5,xml_geometry_csv_action
BootPass_109,19,22,21,Position_Unknown,Team_Unknown,Action_PreSnap,823.87,549.59,895.92,634.83,72.04999999999995,85.24000000000001,xml_geometry_csv_action
BootPass_109,19,3,3,Position_Unknown,Team_Unknown,Action_PreSnap,988.83,668.42,1050.78,789.5,61.94999999999993,121.08000000000004,xml_geometry_csv_action
BootPass_109,19,4,4,Position_Unknown,Team_Unknown,Action_PreSnap,749.15,588.63,830.56,695.46,81.40999999999997,106.83000000000004,xml_geometry_csv_action
BootPass_109,19,5,5,Position_Unknown,Team_Unknown,Action_PreSnap,1257.55,644.71,1316.86,773.4,59.309999999999945,128.68999999999994,xml_geometry_csv_action
BootPass_109,19,6,6,Position_Unknown,Team_Unknown,Action_PreSnap,1112.15,430.04,1167.14,553.87,54.99000000000001,123.82999999999998,xml_geometry_csv_action
BootPass_109,19,7,7,Position_Unknown,Team_Unknown,Action_PreSnap,425.42,488.35,485.27,615.6,59.849999999999966,127.25,xml_geometry_csv_action
BootPass_109,19,8,8,Position_Unknown,Team_Unknown,Action_PreSnap,1150.17,570.89,1210.19,693.15,60.01999999999998,122.25999999999999,xml_geometry_csv_action
BootPass_109,19,9,9,Position_Unknown,Team_Unknown,Action_PreSnap,1402.72,477.89,1451.53,613.31,48.809999999999945,135.41999999999996,xml_geometry_csv_action
BootPass_109,20,0,0,Position_Unknown,Team_Unknown,Action_PreSnap,810.69,655.63,910.88,784.87,100.18999999999994,129.24,xml_geometry_csv_action
BootPass_109,20,1,1,Position_Unknown,Team_Unknown,Action_PreSnap,791.86,368.69,875.78,466.28,83.91999999999996,97.58999999999997,xml_geometry_csv_action
BootPass_109,20,10,10,Position_Unknown,Team_Unknown,Action_PreSnap,1251.01,393.75,1301.02,518.41,50.00999999999999,124.65999999999997,xml_geometry_csv_action
BootPass_109,20,11,11,Position_Unknown,Team_Unknown,Action_PreSnap,853.35,515.93,927.5,601.34,74.14999999999998,85.41000000000008,xml_geometry_csv_action
BootPass_109,20,12,12,Position_Unknown,Team_Unknown,Action_PreSnap,549.8,463.62,602.4,607.56,52.60000000000002,143.93999999999994,xml_geometry_csv_action
BootPass_109,20,13,13,Position_Unknown,Team_Unknown,Action_PreSnap,790.77,450.67,865.0,536.91,74.23000000000002,86.23999999999995,xml_geometry_csv_action
BootPass_109,20,14,14,Position_Unknown,Team_Unknown,Action_PreSnap,972.96,568.04,1045.6,655.12,72.63999999999987,87.08000000000004,xml_geometry_csv_action
BootPass_109,20,15,15,Position_Unknown,Team_Unknown,Action_PreSnap,1089.81,358.87,1140.08,472.28,50.26999999999998,113.40999999999997,xml_geometry_csv_action
BootPass_109,20,16,16,Position_Unknown,Team_Unknown,Action_PreSnap,925.83,469.44,1006.69,539.02,80.86000000000001,69.57999999999998,xml_geometry_csv_action
BootPass_109,20,17,17,Position_Unknown,Team_Unknown,Action_PreSnap,817.07,491.63,886.71,560.56,69.63999999999999,68.92999999999995,xml_geometry_csv_action
BootPass_109,20,18,18,Position_Unknown,Team_Unknown,Action_PreSnap,823.76,556.48,891.97,651.27,68.21000000000004,94.78999999999996,xml_geometry_csv_action
BootPass_109,20,19,19,Position_Unknown,Team_Unknown,Action_PreSnap,953.21,525.87,1023.89,595.86,70.67999999999995,69.99000000000001,xml_geometry_csv_action
BootPass_109,20,2,2,Position_Unknown,Team_Unknown,Action_PreSnap,676.19,434.21,742.17,533.41,65.9799999999999,99.19999999999999,xml_geometry_csv_action
BootPass_109,20,20,20,Position_Unknown,Team_Unknown,Action_PreSnap,974.93,596.28,1046.39,684.29,71.46000000000015,88.00999999999999,xml_geometry_csv_action
BootPass_109,20,22,21,Position_Unknown,Team_Unknown,Action_PreSnap,823.79,549.51,895.68,634.78,71.88999999999999,85.26999999999998,xml_geometry_csv_action
BootPass_109,20,3,3,Position_Unknown,Team_Unknown,Action_PreSnap,988.67,668.85,1050.41,789.5,61.74000000000012,120.64999999999998,xml_geometry_csv_action
BootPass_109,20,4,4,Position_Unknown,Team_Unknown,Action_PreSnap,748.45,588.71,829.88,695.6,81.42999999999995,106.88999999999999,xml_geometry_csv_action
BootPass_109,20,5,5,Position_Unknown,Team_Unknown,Action_PreSnap,1256.97,644.87,1316.48,773.08,59.50999999999999,128.21000000000004,xml_geometry_csv_action
BootPass_109,20,6,6,Position_Unknown,Team_Unknown,Action_PreSnap,1112.01,430.57,1167.02,555.32,55.00999999999999,124.75000000000006,xml_geometry_csv_action
BootPass_109,20,7,7,Position_Unknown,Team_Unknown,Action_PreSnap,425.22,488.41,485.22,615.57,60.0,127.16000000000003,xml_geometry_csv_action
BootPass_109,20,8,8,Position_Unknown,Team_Unknown,Action_PreSnap,1149.55,571.21,1209.58,693.6,60.02999999999997,122.38999999999999,xml_geometry_csv_action
BootPass_109,20,9,9,Position_Unknown,Team_Unknown,Action_PreSnap,1402.06,478.02,1450.73,613.3,48.67000000000007,135.27999999999997,xml_geometry_csv_action
BootPass_109,21,0,0,Position_Unknown,Team_Unknown,Action_PreSnap,810.18,655.96,910.44,785.07,100.2600000000001,129.11,xml_geometry_csv_action
BootPass_109,21,1,1,Position_Unknown,Team_Unknown,Action_PreSnap,791.27,368.92,875.7,466.55,84.43000000000006,97.63,xml_geometry_csv_action
BootPass_109,21,10,10,Position_Unknown,Team_Unknown,Action_PreSnap,1249.34,393.26,1299.99,518.38,50.65000000000009,125.12,xml_geometry_csv_action
BootPass_109,21,11,11,Position_Unknown,Team_Unknown,Action_PreSnap,852.62,516.21,926.88,601.67,74.25999999999999,85.45999999999992,xml_geometry_csv_action
BootPass_109,21,12,12,Position_Unknown,Team_Unknown,Action_PreSnap,549.35,463.85,601.58,607.94,52.23000000000002,144.09000000000003,xml_geometry_csv_action
BootPass_109,21,13,13,Position_Unknown,Team_Unknown,Action_PreSnap,790.04,451.03,864.4,536.92,74.36000000000001,85.88999999999999,xml_geometry_csv_action
BootPass_109,21,14,14,Position_Unknown,Team_Unknown,Action_PreSnap,972.25,568.39,1044.88,655.76,72.63000000000011,87.37,xml_geometry_csv_action
BootPass_109,21,15,15,Position_Unknown,Team_Unknown,Action_PreSnap,1089.46,359.24,1139.05,472.49,49.58999999999992,113.25,xml_geometry_csv_action
BootPass_109,21,16,16,Position_Unknown,Team_Unknown,Action_PreSnap,925.26,469.74,1006.73,539.4,81.47000000000003,69.65999999999997,xml_geometry_csv_action
BootPass_109,21,17,17,Position_Unknown,Team_Unknown,Action_PreSnap,816.14,491.89,886.08,560.62,69.94000000000005,68.73000000000002,xml_geometry_csv_action
BootPass_109,21,18,18,Position_Unknown,Team_Unknown,Action_PreSnap,822.04,556.7,891.36,650.62,69.32000000000005,93.91999999999996,xml_geometry_csv_action
BootPass_109,21,19,19,Position_Unknown,Team_Unknown,Action_PreSnap,952.89,525.95,1023.38,596.41,70.49000000000001,70.45999999999992,xml_geometry_csv_action
BootPass_109,21,2,2,Position_Unknown,Team_Unknown,Action_PreSnap,675.64,434.76,741.8,533.64,66.15999999999997,98.88,xml_geometry_csv_action
BootPass_109,21,20,20,Position_Unknown,Team_Unknown,Action_PreSnap,974.56,597.01,1045.44,684.87,70.88000000000011,87.86000000000001,xml_geometry_csv_action
BootPass_109,21,22,21,Position_Unknown,Team_Unknown,Action_PreSnap,822.13,550.77,894.53,636.78,72.39999999999998,86.00999999999999,xml_geometry_csv_action
BootPass_109,21,3,3,Position_Unknown,Team_Unknown,Action_PreSnap,988.76,669.62,1049.84,789.92,61.07999999999993,120.29999999999995,xml_geometry_csv_action
BootPass_109,21,4,4,Position_Unknown,Team_Unknown,Action_PreSnap,747.97,589.22,830.3,695.73,82.32999999999993,106.50999999999999,xml_geometry_csv_action
BootPass_109,21,5,5,Position_Unknown,Team_Unknown,Action_PreSnap,1256.38,645.09,1315.76,773.43,59.37999999999988,128.33999999999992,xml_geometry_csv_action
BootPass_109,21,6,6,Position_Unknown,Team_Unknown,Action_PreSnap,1111.28,431.18,1166.92,556.14,55.6400000000001,124.95999999999998,xml_geometry_csv_action
BootPass_109,21,7,7,Position_Unknown,Team_Unknown,Action_PreSnap,424.7,488.64,484.83,615.97,60.129999999999995,127.33000000000004,xml_geometry_csv_action
BootPass_109,21,8,8,Position_Unknown,Team_Unknown,Action_PreSnap,1149.51,572.33,1209.93,695.23,60.42000000000007,122.89999999999998,xml_geometry_csv_action
BootPass_109,21,9,9,Position_Unknown,Team_Unknown,Action_PreSnap,1400.77,478.25,1449.08,614.02,48.309999999999945,135.76999999999998,xml_geometry_csv_action
BootPass_109,22,0,0,Position_Unknown,Team_Unknown,Action_PreSnap,809.93,656.06,910.29,785.24,100.36000000000001,129.18000000000006,xml_geometry_csv_action
BootPass_109,22,1,1,Position_Unknown,Team_Unknown,Action_PreSnap,790.53,368.98,875.2,466.97,84.67000000000007,97.99000000000001,xml_geometry_csv_action
BootPass_109,22,10,10,Position_Unknown,Team_Unknown,Action_PreSnap,1247.94,392.95,1299.0,517.35,51.059999999999945,124.40000000000003,xml_geometry_csv_action
BootPass_109,22,11,11,Position_Unknown,Team_Unknown,Action_PreSnap,852.0,516.3,926.15,602.02,74.14999999999998,85.72000000000003,xml_geometry_csv_action
BootPass_109,22,12,12,Position_Unknown,Team_Unknown,Action_PreSnap,548.74,463.95,600.85,608.1,52.110000000000014,144.15000000000003,xml_geometry_csv_action
BootPass_109,22,13,13,Position_Unknown,Team_Unknown,Action_PreSnap,789.16,451.3,863.4,536.71,74.24000000000001,85.41000000000003,xml_geometry_csv_action
BootPass_109,22,14,14,Position_Unknown,Team_Unknown,Action_PreSnap,971.53,568.68,1044.25,656.22,72.72000000000003,87.54000000000008,xml_geometry_csv_action
BootPass_109,22,15,15,Position_Unknown,Team_Unknown,Action_PreSnap,1088.93,359.55,1138.22,472.19,49.289999999999964,112.63999999999999,xml_geometry_csv_action
BootPass_109,22,16,16,Position_Unknown,Team_Unknown,Action_PreSnap,924.62,470.02,1005.88,539.22,81.25999999999999,69.20000000000005,xml_geometry_csv_action
BootPass_109,22,17,17,Position_Unknown,Team_Unknown,Action_PreSnap,815.13,492.03,885.05,560.99,69.91999999999996,68.96000000000004,xml_geometry_csv_action
BootPass_109,22,18,18,Position_Unknown,Team_Unknown,Action_PreSnap,820.14,556.71,890.59,650.17,70.45000000000005,93.45999999999992,xml_geometry_csv_action
BootPass_109,22,19,19,Position_Unknown,Team_Unknown,Action_PreSnap,952.58,526.22,1022.69,596.22,70.11000000000001,70.0,xml_geometry_csv_action
BootPass_109,22,2,2,Position_Unknown,Team_Unknown,Action_PreSnap,675.12,434.82,741.03,534.01,65.90999999999997,99.19,xml_geometry_csv_action
BootPass_109,22,20,20,Position_Unknown,Team_Unknown,Action_PreSnap,973.83,598.29,1044.43,684.27,70.60000000000002,85.98000000000002,xml_geometry_csv_action
BootPass_109,22,22,21,Position_Unknown,Team_Unknown,Action_PreSnap,820.93,551.36,893.62,636.08,72.69000000000005,84.72000000000003,xml_geometry_csv_action
BootPass_109,22,3,3,Position_Unknown,Team_Unknown,Action_PreSnap,988.2,669.16,1049.45,790.36,61.25,121.20000000000005,xml_geometry_csv_action
BootPass_109,22,4,4,Position_Unknown,Team_Unknown,Action_PreSnap,747.24,589.84,831.12,695.86,83.88,106.01999999999998,xml_geometry_csv_action
BootPass_109,22,5,5,Position_Unknown,Team_Unknown,Action_PreSnap,1255.42,645.05,1315.14,773.82,59.72000000000003,128.7700000000001,xml_geometry_csv_action
BootPass_109,22,6,6,Position_Unknown,Team_Unknown,Action_PreSnap,1111.38,431.84,1166.69,556.5,55.309999999999945,124.66000000000003,xml_geometry_csv_action
BootPass_109,22,7,7,Position_Unknown,Team_Unknown,Action_PreSnap,424.2,489.22,484.3,616.19,60.10000000000002,126.97000000000003,xml_geometry_csv_action
BootPass_109,22,8,8,Position_Unknown,Team_Unknown,Action_PreSnap,1148.69,573.37,1209.72,696.24,61.02999999999997,122.87,xml_geometry_csv_action
BootPass_109,22,9,9,Position_Unknown,Team_Unknown,Action_PreSnap,1399.62,478.5,1447.94,614.24,48.320000000000164,135.74,xml_geometry_csv_action
BootPass_109,23,0,0,Position_Unknown,Team_Unknown,Action_PreSnap,809.08,656.29,909.87,785.91,100.78999999999996,129.62,xml_geometry_csv_action
BootPass_109,23,1,1,Position_Unknown,Team_Unknown,Action_PreSnap,789.32,369.38,874.27,467.45,84.94999999999993,98.07,xml_geometry_csv_action
BootPass_109,23,10,10,Position_Unknown,Team_Unknown,Action_PreSnap,1246.63,392.9,1298.05,515.95,51.419999999999845,123.05000000000007,xml_geometry_csv_action
BootPass_109,23,11,11,Position_Unknown,Team_Unknown,Action_PreSnap,851.91,516.54,925.46,602.53,73.55000000000007,85.99000000000001,xml_geometry_csv_action
BootPass_109,23,12,12,Position_Unknown,Team_Unknown,Action_PreSnap,548.12,464.53,600.24,608.3,52.120000000000005,143.76999999999998,xml_geometry_csv_action
BootPass_109,23,13,13,Position_Unknown,Team_Unknown,Action_PreSnap,788.15,451.71,862.23,536.78,74.08000000000004,85.07,xml_geometry_csv_action
BootPass_109,23,14,14,Position_Unknown,Team_Unknown,Action_PreSnap,970.18,569.01,1043.5,657.05,73.32000000000005,88.03999999999996,xml_geometry_csv_action
BootPass_109,23,15,15,Position_Unknown,Team_Unknown,Action_PreSnap,1088.12,359.88,1137.73,472.13,49.61000000000013,112.25,xml_geometry_csv_action
BootPass_109,23,16,16,Position_Unknown,Team_Unknown,Action_PreSnap,923.82,470.36,1004.71,539.33,80.88999999999999,68.97000000000003,xml_geometry_csv_action
BootPass_109,23,17,17,Position_Unknown,Team_Unknown,Action_PreSnap,813.66,492.11,883.81,561.75,70.14999999999998,69.63999999999999,xml_geometry_csv_action
BootPass_109,23,18,18,Position_Unknown,Team_Unknown,Action_PreSnap,818.66,556.54,890.12,650.36,71.46000000000004,93.82000000000005,xml_geometry_csv_action
BootPass_109,23,19,19,Position_Unknown,Team_Unknown,Action_PreSnap,951.64,526.17,1021.51,595.74,69.87,69.57000000000005,xml_geometry_csv_action
BootPass_109,23,2,2,Position_Unknown,Team_Unknown,Action_PreSnap,674.71,434.93,740.64,534.0,65.92999999999995,99.07,xml_geometry_csv_action
BootPass_109,23,20,20,Position_Unknown,Team_Unknown,Action_PreSnap,972.21,598.82,1043.01,683.94,70.79999999999995,85.12,xml_geometry_csv_action
BootPass_109,23,22,21,Position_Unknown,Team_Unknown,Action_PreSnap,819.66,551.91,892.87,637.51,73.21000000000004,85.60000000000002,xml_geometry_csv_action
BootPass_109,23,3,3,Position_Unknown,Team_Unknown,Action_PreSnap,987.71,669.03,1049.04,790.69,61.32999999999993,121.66000000000008,xml_geometry_csv_action
BootPass_109,23,4,4,Position_Unknown,Team_Unknown,Action_PreSnap,746.61,590.27,830.39,696.02,83.77999999999997,105.75,xml_geometry_csv_action
BootPass_109,23,5,5,Position_Unknown,Team_Unknown,Action_PreSnap,1254.66,645.36,1314.49,774.24,59.82999999999993,128.88,xml_geometry_csv_action
BootPass_109,23,6,6,Position_Unknown,Team_Unknown,Action_PreSnap,1110.63,433.18,1166.67,556.94,56.039999999999964,123.76000000000005,xml_geometry_csv_action
BootPass_109,23,7,7,Position_Unknown,Team_Unknown,Action_PreSnap,423.73,489.55,484.11,616.51,60.379999999999995,126.95999999999998,xml_geometry_csv_action
BootPass_109,23,8,8,Position_Unknown,Team_Unknown,Action_PreSnap,1148.33,574.5,1209.88,697.0,61.55000000000018,122.5,xml_geometry_csv_action
BootPass_109,23,9,9,Position_Unknown,Team_Unknown,Action_PreSnap,1398.1,478.88,1446.61,614.48,48.50999999999999,135.60000000000002,xml_geometry_csv_action
BootPass_109,24,0,0,Position_Unknown,Team_Unknown,Action_PreSnap,808.54,656.35,909.13,786.28,100.59000000000003,129.92999999999995,xml_geometry_csv_action
BootPass_109,24,1,1,Position_Unknown,Team_Unknown,Action_PreSnap,788.33,369.59,873.54,467.97,85.20999999999992,98.38000000000005,xml_geometry_csv_action
BootPass_109,24,10,10,Position_Unknown,Team_Unknown,Action_PreSnap,1245.4,392.79,1297.13,514.8,51.73000000000002,122.00999999999993,xml_geometry_csv_action
BootPass_109,24,11,11,Position_Unknown,Team_Unknown,Action_PreSnap,851.52,516.65,924.71,602.72,73.19000000000005,86.07000000000005,xml_geometry_csv_action
BootPass_109,24,12,12,Position_Unknown,Team_Unknown,Action_PreSnap,547.68,464.86,599.62,608.53,51.940000000000055,143.66999999999996,xml_geometry_csv_action
BootPass_109,24,13,13,Position_Unknown,Team_Unknown,Action_PreSnap,787.68,451.96,861.57,536.98,73.8900000000001,85.02000000000004,xml_geometry_csv_action
BootPass_109,24,14,14,Position_Unknown,Team_Unknown,Action_PreSnap,969.15,569.04,1042.74,657.58,73.59000000000003,88.54000000000008,xml_geometry_csv_action
BootPass_109,24,15,15,Position_Unknown,Team_Unknown,Action_PreSnap,1087.4,360.07,1137.22,471.87,49.819999999999936,111.80000000000001,xml_geometry_csv_action
BootPass_109,24,16,16,Position_Unknown,Team_Unknown,Action_PreSnap,923.09,470.58,1003.48,539.41,80.38999999999999,68.82999999999998,xml_geometry_csv_action
BootPass_109,24,17,17,Position_Unknown,Team_Unknown,Action_PreSnap,813.09,492.2,882.95,561.98,69.86000000000001,69.78000000000003,xml_geometry_csv_action
BootPass_109,24,18,18,Position_Unknown,Team_Unknown,Action_PreSnap,818.14,556.46,889.96,650.84,71.82000000000005,94.38,xml_geometry_csv_action
BootPass_109,24,19,19,Position_Unknown,Team_Unknown,Action_PreSnap,951.09,526.18,1020.44,594.89,69.35000000000002,68.71000000000004,xml_geometry_csv_action
BootPass_109,24,2,2,Position_Unknown,Team_Unknown,Action_PreSnap,674.08,435.21,740.09,534.15,66.00999999999999,98.94,xml_geometry_csv_action
BootPass_109,24,20,20,Position_Unknown,Team_Unknown,Action_PreSnap,971.46,598.91,1042.17,684.37,70.71000000000004,85.46000000000004,xml_geometry_csv_action
BootPass_109,24,22,21,Position_Unknown,Team_Unknown,Action_PreSnap,818.69,551.6,892.61,638.68,73.91999999999996,87.07999999999993,xml_geometry_csv_action
BootPass_109,24,3,3,Position_Unknown,Team_Unknown,Action_PreSnap,987.58,669.1,1049.24,790.81,61.65999999999997,121.70999999999992,xml_geometry_csv_action
BootPass_109,24,4,4,Position_Unknown,Team_Unknown,Action_PreSnap,746.22,590.35,829.2,696.22,82.98000000000002,105.87,xml_geometry_csv_action
BootPass_109,24,5,5,Position_Unknown,Team_Unknown,Action_PreSnap,1252.55,644.67,1313.94,774.37,61.3900000000001,129.70000000000005,xml_geometry_csv_action
BootPass_109,24,6,6,Position_Unknown,Team_Unknown,Action_PreSnap,1110.12,434.66,1166.43,557.14,56.31000000000017,122.47999999999996,xml_geometry_csv_action
BootPass_109,24,7,7,Position_Unknown,Team_Unknown,Action_PreSnap,423.47,489.79,483.68,616.43,60.20999999999998,126.63999999999993,xml_geometry_csv_action
BootPass_109,24,8,8,Position_Unknown,Team_Unknown,Action_PreSnap,1147.94,575.5,1209.86,697.34,61.919999999999845,121.84000000000003,xml_geometry_csv_action
BootPass_109,24,9,9,Position_Unknown,Team_Unknown,Action_PreSnap,1396.99,479.16,1445.85,614.68,48.8599999999999,135.51999999999992,xml_geometry_csv_action
BootPass_109,25,0,0,Position_Unknown,Team_Unknown,Action_PreSnap,807.6,656.43,908.36,786.41,100.75999999999999,129.98000000000002,xml_geometry_csv_action
BootPass_109,25,1,1,Position_Unknown,Team_Unknown,Action_PreSnap,787.55,369.56,872.77,468.06,85.22000000000003,98.5,xml_geometry_csv_action
BootPass_109,25,10,10,Position_Unknown,Team_Unknown,Action_PreSnap,1243.34,392.77,1295.67,513.65,52.330000000000155,120.88,xml_geometry_csv_action
BootPass_109,25,11,11,Position_Unknown,Team_Unknown,Action_PreSnap,851.0,516.6,923.81,603.26,72.80999999999995,86.65999999999997,xml_geometry_csv_action
BootPass_109,25,12,12,Position_Unknown,Team_Unknown,Action_PreSnap,546.82,465.32,598.2,608.73,51.379999999999995,143.41000000000003,xml_geometry_csv_action
BootPass_109,25,13,13,Position_Unknown,Team_Unknown,Action_PreSnap,786.63,452.11,860.22,537.54,73.59000000000003,85.42999999999995,xml_geometry_csv_action
BootPass_109,25,14,14,Position_Unknown,Team_Unknown,Action_PreSnap,968.31,569.18,1041.57,657.75,73.25999999999999,88.57000000000005,xml_geometry_csv_action
BootPass_109,25,15,15,Position_Unknown,Team_Unknown,Action_PreSnap,1086.59,360.62,1136.27,471.74,49.680000000000064,111.12,xml_geometry_csv_action
BootPass_109,25,16,16,Position_Unknown,Team_Unknown,Action_PreSnap,922.33,470.74,1003.7,539.74,81.37,69.0,xml_geometry_csv_action
BootPass_109,25,17,17,Position_Unknown,Team_Unknown,Action_PreSnap,812.0,492.31,881.92,561.8,69.91999999999996,69.48999999999995,xml_geometry_csv_action
BootPass_109,25,18,18,Position_Unknown,Team_Unknown,Action_PreSnap,817.18,557.24,889.12,651.06,71.94000000000005,93.81999999999994,xml_geometry_csv_action
BootPass_109,25,19,19,Position_Unknown,Team_Unknown,Action_PreSnap,949.95,526.47,1019.46,595.27,69.50999999999999,68.79999999999995,xml_geometry_csv_action
BootPass_109,25,2,2,Position_Unknown,Team_Unknown,Action_PreSnap,672.99,435.51,739.11,534.14,66.12,98.63,xml_geometry_csv_action
BootPass_109,25,20,20,Position_Unknown,Team_Unknown,Action_PreSnap,970.11,599.34,1040.48,684.98,70.37,85.63999999999999,xml_geometry_csv_action
BootPass_109,25,22,21,Position_Unknown,Team_Unknown,Action_PreSnap,817.78,551.65,891.84,638.41,74.06000000000006,86.75999999999999,xml_geometry_csv_action
BootPass_109,25,3,3,Position_Unknown,Team_Unknown,Action_PreSnap,987.0,669.21,1048.32,790.88,61.319999999999936,121.66999999999996,xml_geometry_csv_action
BootPass_109,25,4,4,Position_Unknown,Team_Unknown,Action_PreSnap,745.32,590.52,827.82,696.23,82.5,105.71000000000004,xml_geometry_csv_action
BootPass_109,25,5,5,Position_Unknown,Team_Unknown,Action_PreSnap,1251.39,644.71,1312.82,774.31,61.429999999999836,129.5999999999999,xml_geometry_csv_action
BootPass_109,25,6,6,Position_Unknown,Team_Unknown,Action_PreSnap,1109.06,435.68,1166.18,557.34,57.12000000000012,121.66000000000003,xml_geometry_csv_action
BootPass_109,25,7,7,Position_Unknown,Team_Unknown,Action_PreSnap,422.59,489.67,482.94,616.65,60.35000000000002,126.97999999999996,xml_geometry_csv_action
BootPass_109,25,8,8,Position_Unknown,Team_Unknown,Action_PreSnap,1147.39,576.78,1209.13,697.4,61.74000000000001,120.62,xml_geometry_csv_action
BootPass_109,25,9,9,Position_Unknown,Team_Unknown,Action_PreSnap,1395.34,478.96,1444.15,614.67,48.81000000000017,135.70999999999998,xml_geometry_csv_action
BootPass_109,26,0,0,Position_Unknown,Team_Unknown,Action_PreSnap,807.11,656.1,908.11,786.44,101.0,130.34000000000003,xml_geometry_csv_action
BootPass_109,26,1,1,Position_Unknown,Team_Unknown,Action_PreSnap,786.66,369.39,872.43,468.05,85.76999999999998,98.66000000000003,xml_geometry_csv_action
BootPass_109,26,10,10,Position_Unknown,Team_Unknown,Action_PreSnap,1241.99,392.68,1294.55,512.85,52.559999999999945,120.17000000000002,xml_geometry_csv_action
BootPass_109,26,11,11,Position_Unknown,Team_Unknown,Action_PreSnap,849.82,516.43,923.03,603.35,73.20999999999992,86.92000000000007,xml_geometry_csv_action
BootPass_109,26,12,12,Position_Unknown,Team_Unknown,Action_PreSnap,546.23,465.3,597.62,608.8,51.389999999999986,143.49999999999994,xml_geometry_csv_action
BootPass_109,26,13,13,Position_Unknown,Team_Unknown,Action_PreSnap,786.33,452.17,859.3,537.88,72.96999999999991,85.70999999999998,xml_geometry_csv_action
BootPass_109,26,14,14,Position_Unknown,Team_Unknown,Action_PreSnap,967.77,569.42,1040.84,657.85,73.06999999999994,88.43000000000006,xml_geometry_csv_action
BootPass_109,26,15,15,Position_Unknown,Team_Unknown,Action_PreSnap,1086.08,361.01,1136.01,471.91,49.930000000000064,110.90000000000003,xml_geometry_csv_action
BootPass_109,26,16,16,Position_Unknown,Team_Unknown,Action_PreSnap,921.39,470.87,1003.8,540.45,82.40999999999997,69.58000000000004,xml_geometry_csv_action
BootPass_109,26,17,17,Position_Unknown,Team_Unknown,Action_PreSnap,811.37,492.29,881.33,561.48,69.96000000000004,69.19,xml_geometry_csv_action
BootPass_109,26,18,18,Position_Unknown,Team_Unknown,Action_PreSnap,816.02,556.97,888.2,650.95,72.18000000000006,93.98000000000002,xml_geometry_csv_action
BootPass_109,26,19,19,Position_Unknown,Team_Unknown,Action_PreSnap,949.27,526.89,1018.67,594.67,69.39999999999998,67.77999999999997,xml_geometry_csv_action
BootPass_109,26,2,2,Position_Unknown,Team_Unknown,Action_PreSnap,672.08,435.66,738.12,533.89,66.03999999999996,98.22999999999996,xml_geometry_csv_action
BootPass_109,26,20,20,Position_Unknown,Team_Unknown,Action_PreSnap,968.92,599.66,1039.5,684.87,70.58000000000004,85.21000000000004,xml_geometry_csv_action
BootPass_109,26,22,21,Position_Unknown,Team_Unknown,Action_PreSnap,816.76,552.35,890.53,640.47,73.76999999999998,88.12,xml_geometry_csv_action
BootPass_109,26,3,3,Position_Unknown,Team_Unknown,Action_PreSnap,986.24,668.79,1048.05,791.0,61.809999999999945,122.21000000000004,xml_geometry_csv_action
BootPass_109,26,4,4,Position_Unknown,Team_Unknown,Action_PreSnap,744.6,590.48,827.4,696.3,82.79999999999995,105.81999999999994,xml_geometry_csv_action
BootPass_109,26,5,5,Position_Unknown,Team_Unknown,Action_PreSnap,1249.97,645.02,1312.05,774.34,62.07999999999993,129.32000000000005,xml_geometry_csv_action
BootPass_109,26,6,6,Position_Unknown,Team_Unknown,Action_PreSnap,1108.72,436.32,1165.8,557.29,57.07999999999993,120.96999999999997,xml_geometry_csv_action
BootPass_109,26,7,7,Position_Unknown,Team_Unknown,Action_PreSnap,421.97,489.86,482.42,616.86,60.44999999999999,127.0,xml_geometry_csv_action
BootPass_109,26,8,8,Position_Unknown,Team_Unknown,Action_PreSnap,1146.83,577.51,1208.05,697.53,61.22000000000003,120.01999999999998,xml_geometry_csv_action
BootPass_109,26,9,9,Position_Unknown,Team_Unknown,Action_PreSnap,1393.78,478.69,1442.61,614.59,48.82999999999993,135.90000000000003,xml_geometry_csv_action
BootPass_109,27,0,0,Position_Unknown,Team_Unknown,Action_PreSnap,806.12,655.94,907.26,786.54,101.13999999999999,130.5999999999999,xml_geometry_csv_action
BootPass_109,27,1,1,Position_Unknown,Team_Unknown,Action_PreSnap,785.27,369.37,871.8,468.01,86.52999999999997,98.63999999999999,xml_geometry_csv_action
BootPass_109,27,10,10,Position_Unknown,Team_Unknown,Action_PreSnap,1240.66,393.07,1292.72,512.47,52.059999999999945,119.40000000000003,xml_geometry_csv_action
BootPass_109,27,11,11,Position_Unknown,Team_Unknown,Action_PreSnap,848.98,516.35,922.1,603.51,73.12,87.15999999999997,xml_geometry_csv_action
BootPass_109,27,12,12,Position_Unknown,Team_Unknown,Action_PreSnap,545.34,465.2,597.42,608.74,52.07999999999993,143.54000000000002,xml_geometry_csv_action
BootPass_109,27,13,13,Position_Unknown,Team_Unknown,Action_PreSnap,785.77,452.18,858.65,537.65,72.88,85.46999999999997,xml_geometry_csv_action
BootPass_109,27,14,14,Position_Unknown,Team_Unknown,Action_PreSnap,966.71,569.37,1039.96,657.66,73.25,88.28999999999996,xml_geometry_csv_action
BootPass_109,27,15,15,Position_Unknown,Team_Unknown,Action_PreSnap,1085.55,361.3,1135.61,471.85,50.059999999999945,110.55000000000001,xml_geometry_csv_action
BootPass_109,27,16,16,Position_Unknown,Team_Unknown,Action_PreSnap,920.62,470.96,1002.39,540.27,81.76999999999998,69.31,xml_geometry_csv_action
BootPass_109,27,17,17,Position_Unknown,Team_Unknown,Action_PreSnap,810.19,492.39,880.59,561.41,70.39999999999998,69.01999999999998,xml_geometry_csv_action
BootPass_109,27,18,18,Position_Unknown,Team_Unknown,Action_PreSnap,815.09,556.44,887.59,651.08,72.5,94.63999999999999,xml_geometry_csv_action
BootPass_109,27,19,19,Position_Unknown,Team_Unknown,Action_PreSnap,947.9,526.57,1017.13,594.94,69.23000000000002,68.37,xml_geometry_csv_action
BootPass_109,27,2,2,Position_Unknown,Team_Unknown,Action_PreSnap,671.14,435.75,737.69,534.31,66.55000000000007,98.55999999999995,xml_geometry_csv_action
BootPass_109,27,20,20,Position_Unknown,Team_Unknown,Action_PreSnap,967.15,599.18,1038.7,684.59,71.55000000000007,85.41000000000008,xml_geometry_csv_action
BootPass_109,27,22,21,Position_Unknown,Team_Unknown,Action_PreSnap,815.39,552.22,889.62,641.57,74.23000000000002,89.35000000000002,xml_geometry_csv_action
BootPass_109,27,3,3,Position_Unknown,Team_Unknown,Action_PreSnap,985.4,668.57,1047.12,791.09,61.719999999999914,122.51999999999998,xml_geometry_csv_action
BootPass_109,27,4,4,Position_Unknown,Team_Unknown,Action_PreSnap,743.77,590.41,827.71,696.4,83.94000000000005,105.99000000000001,xml_geometry_csv_action
BootPass_109,27,5,5,Position_Unknown,Team_Unknown,Action_PreSnap,1248.24,645.09,1310.99,774.5,62.75,129.40999999999997,xml_geometry_csv_action
BootPass_109,27,6,6,Position_Unknown,Team_Unknown,Action_PreSnap,1106.84,437.01,1165.1,557.23,58.25999999999999,120.22000000000003,xml_geometry_csv_action
BootPass_109,27,7,7,Position_Unknown,Team_Unknown,Action_PreSnap,421.24,489.93,481.94,616.95,60.69999999999999,127.02000000000004,xml_geometry_csv_action
BootPass_109,27,8,8,Position_Unknown,Team_Unknown,Action_PreSnap,1146.08,577.82,1207.37,697.43,61.289999999999964,119.6099999999999,xml_geometry_csv_action
BootPass_109,27,9,9,Position_Unknown,Team_Unknown,Action_PreSnap,1392.14,478.64,1440.85,614.56,48.70999999999981,135.91999999999996,xml_geometry_csv_action
BootPass_109,28,0,0,Position_Unknown,Team_Unknown,Action_PreSnap,805.2,656.06,906.11,786.56,100.90999999999997,130.5,xml_geometry_csv_action
BootPass_109,28,1,1,Position_Unknown,Team_Unknown,Action_PreSnap,783.96,369.4,871.25,468.13,87.28999999999996,98.73000000000002,xml_geometry_csv_action
BootPass_109,28,10,10,Position_Unknown,Team_Unknown,Action_PreSnap,1239.58,393.51,1291.62,512.16,52.039999999999964,118.64999999999998,xml_geometry_csv_action
BootPass_109,28,11,11,Position_Unknown,Team_Unknown,Action_PreSnap,848.12,516.34,921.32,603.89,73.20000000000005,87.54999999999995,xml_geometry_csv_action
BootPass_109,28,12,12,Position_Unknown,Team_Unknown,Action_PreSnap,544.73,465.32,596.94,608.71,52.210000000000036,143.39000000000004,xml_geometry_csv_action
BootPass_109,28,13,13,Position_Unknown,Team_Unknown,Action_PreSnap,785.09,452.27,857.85,538.2,72.75999999999999,85.93000000000006,xml_geometry_csv_action
BootPass_109,28,14,14,Position_Unknown,Team_Unknown,Action_PreSnap,965.86,569.27,1038.89,657.66,73.03000000000009,88.38999999999999,xml_geometry_csv_action
BootPass_109,28,15,15,Position_Unknown,Team_Unknown,Action_PreSnap,1084.91,361.5,1134.34,471.78,49.429999999999836,110.27999999999997,xml_geometry_csv_action
BootPass_109,28,16,16,Position_Unknown,Team_Unknown,Action_PreSnap,919.88,471.03,1001.86,540.42,81.98000000000002,69.38999999999999,xml_geometry_csv_action
BootPass_109,28,17,17,Position_Unknown,Team_Unknown,Action_PreSnap,809.35,492.45,879.85,560.92,70.5,68.46999999999997,xml_geometry_csv_action
BootPass_109,28,18,18,Position_Unknown,Team_Unknown,Action_PreSnap,813.99,556.65,886.44,651.26,72.45000000000005,94.61000000000001,xml_geometry_csv_action
BootPass_109,28,19,19,Position_Unknown,Team_Unknown,Action_PreSnap,946.96,526.26,1016.5,595.7,69.53999999999996,69.44000000000005,xml_geometry_csv_action
BootPass_109,28,2,2,Position_Unknown,Team_Unknown,Action_PreSnap,670.45,435.99,736.4,534.54,65.94999999999993,98.54999999999995,xml_geometry_csv_action
BootPass_109,28,20,20,Position_Unknown,Team_Unknown,Action_PreSnap,965.73,599.27,1037.58,684.61,71.84999999999991,85.34000000000003,xml_geometry_csv_action
BootPass_109,28,22,21,Position_Unknown,Team_Unknown,Action_PreSnap,814.42,552.26,888.59,641.51,74.17000000000007,89.25,xml_geometry_csv_action
BootPass_109,28,3,3,Position_Unknown,Team_Unknown,Action_PreSnap,984.41,669.16,1046.0,791.46,61.59000000000003,122.30000000000007,xml_geometry_csv_action
BootPass_109,28,4,4,Position_Unknown,Team_Unknown,Action_PreSnap,742.99,590.29,827.16,696.6,84.16999999999996,106.31000000000006,xml_geometry_csv_action
BootPass_109,28,5,5,Position_Unknown,Team_Unknown,Action_PreSnap,1247.13,645.39,1309.95,774.46,62.819999999999936,129.07000000000005,xml_geometry_csv_action
BootPass_109,28,6,6,Position_Unknown,Team_Unknown,Action_PreSnap,1106.29,438.48,1164.48,557.33,58.190000000000055,118.85000000000002,xml_geometry_csv_action
BootPass_109,28,7,7,Position_Unknown,Team_Unknown,Action_PreSnap,420.13,490.04,480.96,616.88,60.829999999999984,126.83999999999997,xml_geometry_csv_action
BootPass_109,28,8,8,Position_Unknown,Team_Unknown,Action_PreSnap,1145.32,577.97,1206.53,697.21,61.210000000000036,119.24000000000001,xml_geometry_csv_action
BootPass_109,28,9,9,Position_Unknown,Team_Unknown,Action_PreSnap,1390.63,478.76,1439.09,614.78,48.45999999999981,136.01999999999998,xml_geometry_csv_action
BootPass_109,29,0,0,Position_Unknown,Team_Unknown,Action_PreSnap,804.11,656.2,905.13,786.68,101.01999999999998,130.4799999999999,xml_geometry_csv_action
BootPass_109,29,1,1,Position_Unknown,Team_Unknown,Action_PreSnap,783.12,369.5,870.77,468.09,87.64999999999998,98.58999999999997,xml_geometry_csv_action
BootPass_109,29,10,10,Position_Unknown,Team_Unknown,Action_PreSnap,1238.36,393.8,1290.21,512.1,51.850000000000136,118.30000000000001,xml_geometry_csv_action
BootPass_109,29,11,11,Position_Unknown,Team_Unknown,Action_PreSnap,845.87,516.26,920.36,604.02,74.49000000000001,87.75999999999999,xml_geometry_csv_action
BootPass_109,29,12,12,Position_Unknown,Team_Unknown,Action_PreSnap,544.13,465.54,596.38,608.84,52.25,143.3,xml_geometry_csv_action
BootPass_109,29,13,13,Position_Unknown,Team_Unknown,Action_PreSnap,784.11,452.4,857.03,538.72,72.91999999999996,86.32000000000005,xml_geometry_csv_action
BootPass_109,29,14,14,Position_Unknown,Team_Unknown,Action_PreSnap,965.1,569.6,1038.07,657.93,72.96999999999991,88.32999999999993,xml_geometry_csv_action
BootPass_109,29,15,15,Position_Unknown,Team_Unknown,Action_PreSnap,1084.22,361.59,1133.49,471.75,49.26999999999998,110.16000000000003,xml_geometry_csv_action
BootPass_109,29,16,16,Position_Unknown,Team_Unknown,Action_PreSnap,918.8,471.16,1001.56,540.6,82.75999999999999,69.44,xml_geometry_csv_action
BootPass_109,29,17,17,Position_Unknown,Team_Unknown,Action_PreSnap,808.53,492.45,879.18,560.34,70.64999999999998,67.89000000000004,xml_geometry_csv_action
BootPass_109,29,18,18,Position_Unknown,Team_Unknown,Action_PreSnap,812.7,556.79,884.89,651.51,72.18999999999994,94.72000000000003,xml_geometry_csv_action
BootPass_109,29,19,19,Position_Unknown,Team_Unknown,Action_PreSnap,946.14,526.41,1015.47,595.96,69.33000000000004,69.55000000000007,xml_geometry_csv_action
BootPass_109,29,2,2,Position_Unknown,Team_Unknown,Action_PreSnap,669.56,436.11,735.33,534.42,65.7700000000001,98.30999999999995,xml_geometry_csv_action
BootPass_109,29,20,20,Position_Unknown,Team_Unknown,Action_PreSnap,964.34,599.49,1036.56,683.7,72.21999999999991,84.21000000000004,xml_geometry_csv_action
BootPass_109,29,22,21,Position_Unknown,Team_Unknown,Action_PreSnap,813.07,552.68,887.16,642.01,74.08999999999992,89.33000000000004,xml_geometry_csv_action
BootPass_109,29,3,3,Position_Unknown,Team_Unknown,Action_PreSnap,983.46,669.07,1045.06,791.87,61.59999999999991,122.79999999999995,xml_geometry_csv_action
BootPass_109,29,4,4,Position_Unknown,Team_Unknown,Action_PreSnap,742.33,590.2,826.36,696.72,84.02999999999997,106.51999999999998,xml_geometry_csv_action
BootPass_109,29,5,5,Position_Unknown,Team_Unknown,Action_PreSnap,1245.61,645.2,1308.89,774.54,63.2800000000002,129.33999999999992,xml_geometry_csv_action
BootPass_109,29,6,6,Position_Unknown,Team_Unknown,Action_PreSnap,1105.42,439.55,1163.57,557.51,58.149999999999864,117.95999999999998,xml_geometry_csv_action
BootPass_109,29,7,7,Position_Unknown,Team_Unknown,Action_PreSnap,419.43,490.13,480.22,617.01,60.79000000000002,126.88,xml_geometry_csv_action
BootPass_109,29,8,8,Position_Unknown,Team_Unknown,Action_PreSnap,1144.16,577.98,1205.46,697.3,61.299999999999955,119.31999999999994,xml_geometry_csv_action
BootPass_109,29,9,9,Position_Unknown,Team_Unknown,Action_PreSnap,1389.16,478.99,1437.49,614.88,48.32999999999993,135.89,xml_geometry_csv_action
BootPass_109,30,0,0,Position_Unknown,Team_Unknown,Action_PreSnap,803.55,656.25,904.51,786.52,100.96000000000004,130.26999999999998,xml_geometry_csv_action
BootPass_109,30,1,1,Position_Unknown,Team_Unknown,Action_PreSnap,782.46,369.52,869.91,468.19,87.44999999999993,98.67000000000002,xml_geometry_csv_action
BootPass_109,30,10,10,Position_Unknown,Team_Unknown,Action_PreSnap,1237.51,394.13,1288.96,512.17,51.450000000000045,118.03999999999996,xml_geometry_csv_action
BootPass_109,30,11,11,Position_Unknown,Team_Unknown,Action_PreSnap,844.85,516.24,919.46,603.89,74.61000000000001,87.64999999999998,xml_geometry_csv_action
BootPass_109,30,12,12,Position_Unknown,Team_Unknown,Action_PreSnap,543.52,465.57,595.71,608.83,52.190000000000055,143.26000000000005,xml_geometry_csv_action
BootPass_109,30,13,13,Position_Unknown,Team_Unknown,Action_PreSnap,783.27,452.52,856.08,539.06,72.81000000000006,86.53999999999996,xml_geometry_csv_action
BootPass_109,30,14,14,Position_Unknown,Team_Unknown,Action_PreSnap,964.69,569.46,1037.4,657.06,72.71000000000004,87.59999999999991,xml_geometry_csv_action
BootPass_109,30,15,15,Position_Unknown,Team_Unknown,Action_PreSnap,1083.99,361.64,1133.21,471.75,49.22000000000003,110.11000000000001,xml_geometry_csv_action
BootPass_109,30,16,16,Position_Unknown,Team_Unknown,Action_PreSnap,918.03,471.26,1000.99,540.75,82.96000000000004,69.49000000000001,xml_geometry_csv_action
BootPass_109,30,17,17,Position_Unknown,Team_Unknown,Action_PreSnap,808.17,492.54,878.6,560.57,70.43000000000006,68.03000000000003,xml_geometry_csv_action
BootPass_109,30,18,18,Position_Unknown,Team_Unknown,Action_PreSnap,812.39,556.68,884.03,651.42,71.63999999999999,94.74000000000001,xml_geometry_csv_action
BootPass_109,30,19,19,Position_Unknown,Team_Unknown,Action_PreSnap,945.61,526.78,1015.01,594.82,69.39999999999998,68.04000000000008,xml_geometry_csv_action
BootPass_109,30,2,2,Position_Unknown,Team_Unknown,Action_PreSnap,668.91,436.24,734.59,534.4,65.68000000000006,98.15999999999997,xml_geometry_csv_action
BootPass_109,30,20,20,Position_Unknown,Team_Unknown,Action_PreSnap,963.73,599.24,1035.8,683.51,72.06999999999994,84.26999999999998,xml_geometry_csv_action
BootPass_109,30,22,21,Position_Unknown,Team_Unknown,Action_PreSnap,812.9,552.9,886.3,641.24,73.39999999999998,88.34000000000003,xml_geometry_csv_action
BootPass_109,30,3,3,Position_Unknown,Team_Unknown,Action_PreSnap,983.02,668.79,1044.4,791.89,61.38000000000011,123.10000000000002,xml_geometry_csv_action
BootPass_109,30,4,4,Position_Unknown,Team_Unknown,Action_PreSnap,741.67,590.29,825.86,696.68,84.19000000000005,106.38999999999999,xml_geometry_csv_action
BootPass_109,30,5,5,Position_Unknown,Team_Unknown,Action_PreSnap,1244.28,645.02,1307.91,774.77,63.63000000000011,129.75,xml_geometry_csv_action
BootPass_109,30,6,6,Position_Unknown,Team_Unknown,Action_PreSnap,1105.29,440.63,1162.66,557.52,57.37000000000012,116.88999999999999,xml_geometry_csv_action
BootPass_109,30,7,7,Position_Unknown,Team_Unknown,Action_PreSnap,418.67,490.22,479.27,616.8,60.599999999999966,126.57999999999993,xml_geometry_csv_action
BootPass_109,30,8,8,Position_Unknown,Team_Unknown,Action_PreSnap,1143.31,577.86,1204.85,696.99,61.539999999999964,119.13,xml_geometry_csv_action
BootPass_109,30,9,9,Position_Unknown,Team_Unknown,Action_PreSnap,1388.0,479.11,1436.21,614.97,48.210000000000036,135.86,xml_geometry_csv_action
BootPass_109,31,0,0,Position_Unknown,Team_Unknown,Action_PreSnap,802.48,656.37,902.55,786.42,100.06999999999994,130.04999999999995,xml_geometry_csv_action
BootPass_109,31,1,1,Position_Unknown,Team_Unknown,Action_PreSnap,780.73,369.67,868.41,468.48,87.67999999999995,98.81,xml_geometry_csv_action
BootPass_109,31,10,10,Position_Unknown,Team_Unknown,Action_PreSnap,1236.06,394.61,1287.21,512.23,51.15000000000009,117.62,xml_geometry_csv_action
BootPass_109,31,11,11,Position_Unknown,Team_Unknown,Action_PreSnap,843.51,516.11,917.95,603.28,74.44000000000005,87.16999999999996,xml_geometry_csv_action
BootPass_109,31,12,12,Position_Unknown,Team_Unknown,Action_PreSnap,542.26,465.47,594.55,608.57,52.289999999999964,143.10000000000002,xml_geometry_csv_action
BootPass_109,31,13,13,Position_Unknown,Team_Unknown,Action_PreSnap,781.87,452.54,854.34,539.51,72.47000000000003,86.96999999999997,xml_geometry_csv_action
BootPass_109,31,14,14,Position_Unknown,Team_Unknown,Action_PreSnap,963.54,569.79,1036.57,657.57,73.02999999999997,87.78000000000009,xml_geometry_csv_action
BootPass_109,31,15,15,Position_Unknown,Team_Unknown,Action_PreSnap,1083.07,361.47,1132.31,471.78,49.24000000000001,110.30999999999995,xml_geometry_csv_action
BootPass_109,31,16,16,Position_Unknown,Team_Unknown,Action_PreSnap,916.29,471.25,1000.09,540.67,83.80000000000007,69.41999999999996,xml_geometry_csv_action
BootPass_109,31,17,17,Position_Unknown,Team_Unknown,Action_PreSnap,807.43,492.57,877.42,560.39,69.99000000000001,67.82,xml_geometry_csv_action
BootPass_109,31,18,18,Position_Unknown,Team_Unknown,Action_PreSnap,813.26,557.28,883.92,651.63,70.65999999999997,94.35000000000002,xml_geometry_csv_action
BootPass_109,31,19,19,Position_Unknown,Team_Unknown,Action_PreSnap,943.69,526.75,1013.38,596.01,69.68999999999994,69.25999999999999,xml_geometry_csv_action
BootPass_109,31,2,2,Position_Unknown,Team_Unknown,Action_PreSnap,667.72,436.33,733.57,534.71,65.85000000000002,98.38000000000005,xml_geometry_csv_action
BootPass_109,31,20,20,Position_Unknown,Team_Unknown,Action_PreSnap,962.47,599.93,1034.31,683.33,71.83999999999992,83.40000000000009,xml_geometry_csv_action
BootPass_109,31,22,21,Position_Unknown,Team_Unknown,Action_PreSnap,812.1,551.92,886.39,637.78,74.28999999999996,85.86000000000001,xml_geometry_csv_action
BootPass_109,31,3,3,Position_Unknown,Team_Unknown,Action_PreSnap,981.85,668.89,1043.14,791.91,61.29000000000008,123.01999999999998,xml_geometry_csv_action
BootPass_109,31,4,4,Position_Unknown,Team_Unknown,Action_PreSnap,740.19,590.22,824.41,696.66,84.21999999999991,106.43999999999994,xml_geometry_csv_action
BootPass_109,31,5,5,Position_Unknown,Team_Unknown,Action_PreSnap,1243.25,645.02,1306.39,774.55,63.1400000000001,129.52999999999997,xml_geometry_csv_action
BootPass_109,31,6,6,Position_Unknown,Team_Unknown,Action_PreSnap,1102.8,441.36,1161.21,557.61,58.41000000000008,116.25,xml_geometry_csv_action
BootPass_109,31,7,7,Position_Unknown,Team_Unknown,Action_PreSnap,417.49,490.34,478.01,616.95,60.51999999999998,126.61000000000007,xml_geometry_csv_action
BootPass_109,31,8,8,Position_Unknown,Team_Unknown,Action_PreSnap,1142.14,578.08,1203.78,696.78,61.63999999999987,118.69999999999993,xml_geometry_csv_action
BootPass_109,31,9,9,Position_Unknown,Team_Unknown,Action_PreSnap,1386.29,479.17,1434.7,615.11,48.41000000000008,135.94,xml_geometry_csv_action
BootPass_109,32,0,0,Position_Unknown,Team_Unknown,Action_PreSnap,801.43,656.4,901.68,786.34,100.25,129.94000000000005,xml_geometry_csv_action
BootPass_109,32,1,1,Position_Unknown,Team_Unknown,Action_PreSnap,779.87,369.69,867.45,468.61,87.58000000000004,98.92000000000002,xml_geometry_csv_action
BootPass_109,32,10,10,Position_Unknown,Team_Unknown,Action_PreSnap,1235.04,394.91,1286.13,512.1,51.090000000000146,117.19,xml_geometry_csv_action
BootPass_109,32,11,11,Position_Unknown,Team_Unknown,Action_PreSnap,842.16,515.94,917.06,603.03,74.89999999999998,87.08999999999992,xml_geometry_csv_action
BootPass_109,32,12,12,Position_Unknown,Team_Unknown,Action_PreSnap,541.7,465.64,593.95,608.57,52.25,142.93000000000006,xml_geometry_csv_action
BootPass_109,32,13,13,Position_Unknown,Team_Unknown,Action_PreSnap,781.0,452.66,853.29,540.06,72.28999999999996,87.39999999999992,xml_geometry_csv_action
BootPass_109,32,14,14,Position_Unknown,Team_Unknown,Action_PreSnap,962.93,570.24,1035.75,657.9,72.82000000000005,87.65999999999997,xml_geometry_csv_action
BootPass_109,32,15,15,Position_Unknown,Team_Unknown,Action_PreSnap,1082.61,361.4,1131.77,471.7,49.16000000000008,110.30000000000001,xml_geometry_csv_action
BootPass_109,32,16,16,Position_Unknown,Team_Unknown,Action_PreSnap,914.99,471.4,1000.4,541.06,85.40999999999997,69.65999999999997,xml_geometry_csv_action
BootPass_109,32,17,17,Position_Unknown,Team_Unknown,Action_PreSnap,806.87,492.6,876.53,560.55,69.65999999999997,67.94999999999993,xml_geometry_csv_action
BootPass_109,32,18,18,Position_Unknown,Team_Unknown,Action_PreSnap,812.77,557.43,883.06,651.33,70.28999999999996,93.90000000000009,xml_geometry_csv_action
BootPass_109,32,19,19,Position_Unknown,Team_Unknown,Action_PreSnap,942.71,527.06,1012.71,596.1,70.0,69.04000000000008,xml_geometry_csv_action
BootPass_109,32,2,2,Position_Unknown,Team_Unknown,Action_PreSnap,666.81,436.31,732.52,534.56,65.71000000000004,98.24999999999994,xml_geometry_csv_action
BootPass_109,32,20,20,Position_Unknown,Team_Unknown,Action_PreSnap,961.43,599.95,1033.04,683.92,71.61000000000001,83.96999999999991,xml_geometry_csv_action
BootPass_109,32,22,21,Position_Unknown,Team_Unknown,Action_PreSnap,811.17,552.42,885.46,638.11,74.29000000000008,85.69000000000005,xml_geometry_csv_action
BootPass_109,32,3,3,Position_Unknown,Team_Unknown,Action_PreSnap,981.35,668.99,1042.48,792.15,61.129999999999995,123.15999999999997,xml_geometry_csv_action
BootPass_109,32,4,4,Position_Unknown,Team_Unknown,Action_PreSnap,739.64,590.09,823.57,696.66,83.93000000000006,106.56999999999994,xml_geometry_csv_action
BootPass_109,32,5,5,Position_Unknown,Team_Unknown,Action_PreSnap,1242.11,644.96,1305.31,774.5,63.200000000000045,129.53999999999996,xml_geometry_csv_action
BootPass_109,32,6,6,Position_Unknown,Team_Unknown,Action_PreSnap,1101.82,441.86,1160.03,557.63,58.210000000000036,115.76999999999998,xml_geometry_csv_action
BootPass_109,32,7,7,Position_Unknown,Team_Unknown,Action_PreSnap,416.3,490.44,476.77,617.64,60.46999999999997,127.19999999999999,xml_geometry_csv_action
BootPass_109,32,8,8,Position_Unknown,Team_Unknown,Action_PreSnap,1141.1,577.95,1202.97,696.78,61.87000000000012,118.82999999999993,xml_geometry_csv_action
BootPass_109,32,9,9,Position_Unknown,Team_Unknown,Action_PreSnap,1384.72,479.34,1432.95,614.83,48.23000000000002,135.49000000000007,xml_geometry_csv_action
BootPass_109,33,0,0,Position_Unknown,Team_Unknown,Action_PreSnap,801.46,656.39,901.79,786.29,100.32999999999993,129.89999999999998,xml_geometry_csv_action
BootPass_109,33,1,1,Position_Unknown,Team_Unknown,Action_PreSnap,779.98,369.7,867.54,468.69,87.55999999999995,98.99000000000001,xml_geometry_csv_action
BootPass_109,33,10,10,Position_Unknown,Team_Unknown,Action_PreSnap,1235.14,395.0,1286.2,512.04,51.059999999999945,117.03999999999996,xml_geometry_csv_action
BootPass_109,33,11,11,Position_Unknown,Team_Unknown,Action_PreSnap,842.08,515.85,917.17,602.91,75.08999999999992,87.05999999999995,xml_geometry_csv_action
BootPass_109,33,12,12,Position_Unknown,Team_Unknown,Action_PreSnap,541.9,465.67,594.14,608.55,52.24000000000001,142.87999999999994,xml_geometry_csv_action
BootPass_109,33,13,13,Position_Unknown,Team_Unknown,Action_PreSnap,781.1,452.68,853.33,540.24,72.23000000000002,87.56,xml_geometry_csv_action
BootPass_109,33,14,14,Position_Unknown,Team_Unknown,Action_PreSnap,963.12,570.38,1035.87,658.0,72.74999999999989,87.62,xml_geometry_csv_action
BootPass_109,33,15,15,Position_Unknown,Team_Unknown,Action_PreSnap,1082.87,361.35,1132.02,471.65,49.15000000000009,110.29999999999995,xml_geometry_csv_action
BootPass_109,33,16,16,Position_Unknown,Team_Unknown,Action_PreSnap,914.92,471.43,1000.93,541.19,86.00999999999999,69.76000000000005,xml_geometry_csv_action
BootPass_109,33,17,17,Position_Unknown,Team_Unknown,Action_PreSnap,807.09,492.58,876.63,560.57,69.53999999999996,67.99000000000007,xml_geometry_csv_action
BootPass_109,33,18,18,Position_Unknown,Team_Unknown,Action_PreSnap,813.0,557.44,883.17,651.18,70.16999999999996,93.7399999999999,xml_geometry_csv_action
BootPass_109,33,19,19,Position_Unknown,Team_Unknown,Action_PreSnap,942.78,527.14,1012.9,596.1,70.12,68.96000000000004,xml_geometry_csv_action
BootPass_109,33,2,2,Position_Unknown,Team_Unknown,Action_PreSnap,666.9,436.27,732.57,534.48,65.67000000000007,98.21000000000004,xml_geometry_csv_action
BootPass_109,33,20,20,Position_Unknown,Team_Unknown,Action_PreSnap,961.46,599.92,1032.99,684.12,71.52999999999997,84.20000000000005,xml_geometry_csv_action
BootPass_109,33,22,21,Position_Unknown,Team_Unknown,Action_PreSnap,811.24,552.56,885.54,638.2,74.29999999999995,85.6400000000001,xml_geometry_csv_action
BootPass_109,33,3,3,Position_Unknown,Team_Unknown,Action_PreSnap,981.59,669.0,1042.66,792.2,61.07000000000005,123.20000000000005,xml_geometry_csv_action
BootPass_109,33,4,4,Position_Unknown,Team_Unknown,Action_PreSnap,739.85,590.01,823.66,696.64,83.80999999999995,106.63,xml_geometry_csv_action
BootPass_109,33,5,5,Position_Unknown,Team_Unknown,Action_PreSnap,1242.12,644.9,1305.33,774.45,63.210000000000036,129.55000000000007,xml_geometry_csv_action
BootPass_109,33,6,6,Position_Unknown,Team_Unknown,Action_PreSnap,1101.87,441.98,1159.99,557.6,58.12000000000012,115.62,xml_geometry_csv_action
BootPass_109,33,7,7,Position_Unknown,Team_Unknown,Action_PreSnap,416.29,490.43,476.74,617.88,60.44999999999999,127.44999999999999,xml_geometry_csv_action
BootPass_109,33,8,8,Position_Unknown,Team_Unknown,Action_PreSnap,1141.13,577.85,1203.11,696.75,61.97999999999979,118.89999999999998,xml_geometry_csv_action
BootPass_109,33,9,9,Position_Unknown,Team_Unknown,Action_PreSnap,1384.59,479.37,1432.75,614.75,48.16000000000008,135.38,xml_geometry_csv_action
BootPass_109,34,0,0,Position_Unknown,Team_Unknown,Action_PreSnap,799.36,656.66,899.94,786.49,100.58000000000004,129.83000000000004,xml_geometry_csv_action
BootPass_109,34,1,1,Position_Unknown,Team_Unknown,Action_PreSnap,777.8,370.04,865.37,469.03,87.57000000000005,98.98999999999995,xml_geometry_csv_action
BootPass_109,34,10,10,Position_Unknown,Team_Unknown,Action_PreSnap,1232.4,396.04,1283.28,512.38,50.87999999999988,116.33999999999997,xml_geometry_csv_action
BootPass_109,34,11,11,Position_Unknown,Team_Unknown,Action_PreSnap,841.35,516.11,914.94,603.25,73.59000000000003,87.13999999999999,xml_geometry_csv_action
BootPass_109,34,12,12,Position_Unknown,Team_Unknown,Action_PreSnap,539.6,466.67,591.83,608.97,52.23000000000002,142.3,xml_geometry_csv_action
BootPass_109,34,13,13,Position_Unknown,Team_Unknown,Action_PreSnap,778.77,453.1,851.23,539.86,72.46000000000004,86.75999999999999,xml_geometry_csv_action
BootPass_109,34,14,14,Position_Unknown,Team_Unknown,Action_PreSnap,960.41,571.05,1033.4,657.65,72.99000000000012,86.60000000000002,xml_geometry_csv_action
BootPass_109,34,15,15,Position_Unknown,Team_Unknown,Action_PreSnap,1081.16,361.85,1130.42,471.73,49.25999999999999,109.88,xml_geometry_csv_action
BootPass_109,34,16,16,Position_Unknown,Team_Unknown,Action_PreSnap,912.78,471.32,996.88,541.61,84.10000000000002,70.29000000000002,xml_geometry_csv_action
BootPass_109,34,17,17,Position_Unknown,Team_Unknown,Action_PreSnap,804.95,493.01,874.58,561.19,69.63,68.18000000000006,xml_geometry_csv_action
BootPass_109,34,18,18,Position_Unknown,Team_Unknown,Action_PreSnap,811.4,557.61,881.3,651.2,69.89999999999998,93.59000000000003,xml_geometry_csv_action
BootPass_109,34,19,19,Position_Unknown,Team_Unknown,Action_PreSnap,940.73,527.55,1010.84,596.96,70.11000000000001,69.41000000000008,xml_geometry_csv_action
BootPass_109,34,2,2,Position_Unknown,Team_Unknown,Action_PreSnap,665.09,436.28,730.9,535.48,65.80999999999995,99.20000000000005,xml_geometry_csv_action
BootPass_109,34,20,20,Position_Unknown,Team_Unknown,Action_PreSnap,960.15,599.82,1031.31,685.41,71.15999999999997,85.58999999999992,xml_geometry_csv_action
BootPass_109,34,22,21,Position_Unknown,Team_Unknown,Action_PreSnap,810.7,551.9,884.19,635.99,73.49000000000001,84.09000000000003,xml_geometry_csv_action
BootPass_109,34,3,3,Position_Unknown,Team_Unknown,Action_PreSnap,980.17,669.64,1041.59,792.26,61.41999999999996,122.62,xml_geometry_csv_action
BootPass_109,34,4,4,Position_Unknown,Team_Unknown,Action_PreSnap,737.97,590.42,822.9,697.12,84.92999999999995,106.70000000000005,xml_geometry_csv_action
BootPass_109,34,5,5,Position_Unknown,Team_Unknown,Action_PreSnap,1239.66,645.38,1303.26,774.96,63.59999999999991,129.58000000000004,xml_geometry_csv_action
BootPass_109,34,6,6,Position_Unknown,Team_Unknown,Action_PreSnap,1100.5,443.49,1158.07,557.47,57.569999999999936,113.98000000000002,xml_geometry_csv_action
BootPass_109,34,7,7,Position_Unknown,Team_Unknown,Action_PreSnap,414.33,490.85,475.05,618.54,60.72000000000003,127.68999999999994,xml_geometry_csv_action
BootPass_109,34,8,8,Position_Unknown,Team_Unknown,Action_PreSnap,1139.01,577.6,1200.91,697.46,61.90000000000009,119.86000000000001,xml_geometry_csv_action
BootPass_109,34,9,9,Position_Unknown,Team_Unknown,Action_PreSnap,1381.46,479.55,1429.6,614.76,48.13999999999987,135.20999999999998,xml_geometry_csv_action
BootPass_109,35,0,0,Position_Unknown,Team_Unknown,Action_PreSnap,797.76,656.95,899.0,786.7,101.24000000000001,129.75,xml_geometry_csv_action
BootPass_109,35,1,1,Position_Unknown,Team_Unknown,Action_PreSnap,776.6,370.19,864.55,469.51,87.94999999999993,99.32,xml_geometry_csv_action
BootPass_109,35,10,10,Position_Unknown,Team_Unknown,Action_PreSnap,1230.54,396.64,1281.68,512.23,51.1400000000001,115.59000000000003,xml_geometry_csv_action
BootPass_109,35,11,11,Position_Unknown,Team_Unknown,Action_PreSnap,838.8,516.5,913.83,603.64,75.03000000000009,87.13999999999999,xml_geometry_csv_action
BootPass_109,35,12,12,Position_Unknown,Team_Unknown,Action_PreSnap,538.28,467.16,591.2,609.51,52.92000000000007,142.34999999999997,xml_geometry_csv_action
BootPass_109,35,13,13,Position_Unknown,Team_Unknown,Action_PreSnap,777.21,453.34,849.99,540.07,72.77999999999997,86.73000000000008,xml_geometry_csv_action
BootPass_109,35,14,14,Position_Unknown,Team_Unknown,Action_PreSnap,959.03,570.93,1031.84,656.61,72.80999999999995,85.68000000000006,xml_geometry_csv_action
BootPass_109,35,15,15,Position_Unknown,Team_Unknown,Action_PreSnap,1080.46,362.14,1129.58,472.0,49.11999999999989,109.86000000000001,xml_geometry_csv_action
BootPass_109,35,16,16,Position_Unknown,Team_Unknown,Action_PreSnap,911.6,471.53,996.16,541.39,84.55999999999995,69.86000000000001,xml_geometry_csv_action
BootPass_109,35,17,17,Position_Unknown,Team_Unknown,Action_PreSnap,804.22,493.14,873.62,561.3,69.39999999999998,68.15999999999997,xml_geometry_csv_action
BootPass_109,35,18,18,Position_Unknown,Team_Unknown,Action_PreSnap,809.21,557.91,879.57,651.72,70.36000000000001,93.81000000000006,xml_geometry_csv_action
BootPass_109,35,19,19,Position_Unknown,Team_Unknown,Action_PreSnap,939.87,528.19,1010.04,597.47,70.16999999999996,69.27999999999997,xml_geometry_csv_action
BootPass_109,35,2,2,Position_Unknown,Team_Unknown,Action_PreSnap,664.07,436.36,730.12,535.79,66.04999999999995,99.42999999999995,xml_geometry_csv_action
BootPass_109,35,20,20,Position_Unknown,Team_Unknown,Action_PreSnap,958.3,600.51,1029.4,684.37,71.10000000000014,83.86000000000001,xml_geometry_csv_action
BootPass_109,35,22,21,Position_Unknown,Team_Unknown,Action_PreSnap,809.9,552.52,882.5,637.1,72.60000000000002,84.58000000000004,xml_geometry_csv_action
BootPass_109,35,3,3,Position_Unknown,Team_Unknown,Action_PreSnap,978.99,669.5,1040.89,792.43,61.90000000000009,122.92999999999995,xml_geometry_csv_action
BootPass_109,35,4,4,Position_Unknown,Team_Unknown,Action_PreSnap,737.12,590.7,821.92,697.31,84.79999999999995,106.6099999999999,xml_geometry_csv_action
BootPass_109,35,5,5,Position_Unknown,Team_Unknown,Action_PreSnap,1238.26,645.47,1302.15,775.37,63.8900000000001,129.89999999999998,xml_geometry_csv_action
BootPass_109,35,6,6,Position_Unknown,Team_Unknown,Action_PreSnap,1099.72,444.56,1156.93,557.41,57.210000000000036,112.84999999999997,xml_geometry_csv_action
BootPass_109,35,7,7,Position_Unknown,Team_Unknown,Action_PreSnap,413.41,491.05,474.22,618.52,60.81,127.46999999999997,xml_geometry_csv_action
BootPass_109,35,8,8,Position_Unknown,Team_Unknown,Action_PreSnap,1137.83,577.93,1199.69,697.87,61.86000000000013,119.94000000000005,xml_geometry_csv_action
BootPass_109,35,9,9,Position_Unknown,Team_Unknown,Action_PreSnap,1379.45,479.73,1427.98,615.43,48.52999999999997,135.69999999999993,xml_geometry_csv_action
BootPass_109,36,0,0,Position_Unknown,Team_Unknown,Action_PreSnap,796.72,656.72,897.73,786.4,101.00999999999999,129.67999999999995,xml_geometry_csv_action
BootPass_109,36,1,1,Position_Unknown,Team_Unknown,Action_PreSnap,776.0,370.1,863.49,469.37,87.49000000000001,99.26999999999998,xml_geometry_csv_action
BootPass_109,36,10,10,Position_Unknown,Team_Unknown,Action_PreSnap,1229.06,396.65,1280.18,512.17,51.12000000000012,115.51999999999998,xml_geometry_csv_action
BootPass_109,36,11,11,Position_Unknown,Team_Unknown,Action_PreSnap,836.89,516.64,912.7,603.61,75.81000000000006,86.97000000000003,xml_geometry_csv_action
BootPass_109,36,12,12,Position_Unknown,Team_Unknown,Action_PreSnap,536.95,467.37,590.64,609.56,53.68999999999994,142.18999999999994,xml_geometry_csv_action
BootPass_109,36,13,13,Position_Unknown,Team_Unknown,Action_PreSnap,775.85,453.26,848.68,539.83,72.82999999999993,86.57000000000005,xml_geometry_csv_action
BootPass_109,36,14,14,Position_Unknown,Team_Unknown,Action_PreSnap,957.29,570.12,1030.59,657.11,73.29999999999995,86.99000000000001,xml_geometry_csv_action
BootPass_109,36,15,15,Position_Unknown,Team_Unknown,Action_PreSnap,1080.13,362.16,1129.51,470.57,49.37999999999988,108.40999999999997,xml_geometry_csv_action
BootPass_109,36,16,16,Position_Unknown,Team_Unknown,Action_PreSnap,910.48,471.4,993.43,540.82,82.94999999999993,69.42000000000007,xml_geometry_csv_action
BootPass_109,36,17,17,Position_Unknown,Team_Unknown,Action_PreSnap,803.16,493.1,872.94,561.04,69.78000000000009,67.93999999999994,xml_geometry_csv_action
BootPass_109,36,18,18,Position_Unknown,Team_Unknown,Action_PreSnap,807.12,557.34,878.4,651.3,71.27999999999997,93.95999999999992,xml_geometry_csv_action
BootPass_109,36,19,19,Position_Unknown,Team_Unknown,Action_PreSnap,938.95,527.73,1008.63,597.3,69.67999999999995,69.56999999999994,xml_geometry_csv_action
BootPass_109,36,2,2,Position_Unknown,Team_Unknown,Action_PreSnap,662.8,436.36,729.29,535.79,66.49000000000001,99.42999999999995,xml_geometry_csv_action
BootPass_109,36,20,20,Position_Unknown,Team_Unknown,Action_PreSnap,957.1,599.99,1028.46,683.32,71.36000000000001,83.33000000000004,xml_geometry_csv_action
BootPass_109,36,22,21,Position_Unknown,Team_Unknown,Action_PreSnap,809.06,552.61,881.06,638.22,72.0,85.61000000000001,xml_geometry_csv_action
BootPass_109,36,3,3,Position_Unknown,Team_Unknown,Action_PreSnap,978.12,669.49,1040.34,792.1,62.219999999999914,122.61000000000001,xml_geometry_csv_action
BootPass_109,36,4,4,Position_Unknown,Team_Unknown,Action_PreSnap,735.9,590.92,821.24,697.24,85.34000000000003,106.32000000000005,xml_geometry_csv_action
BootPass_109,36,5,5,Position_Unknown,Team_Unknown,Action_PreSnap,1236.66,645.67,1300.79,775.38,64.12999999999988,129.71000000000004,xml_geometry_csv_action
BootPass_109,36,6,6,Position_Unknown,Team_Unknown,Action_PreSnap,1097.85,444.68,1155.77,557.05,57.92000000000007,112.36999999999995,xml_geometry_csv_action
BootPass_109,36,7,7,Position_Unknown,Team_Unknown,Action_PreSnap,412.4,491.02,473.24,618.0,60.84000000000003,126.98000000000002,xml_geometry_csv_action
BootPass_109,36,8,8,Position_Unknown,Team_Unknown,Action_PreSnap,1136.7,577.84,1198.72,697.93,62.01999999999998,120.08999999999992,xml_geometry_csv_action
BootPass_109,36,9,9,Position_Unknown,Team_Unknown,Action_PreSnap,1377.82,479.27,1426.64,615.48,48.820000000000164,136.21000000000004,xml_geometry_csv_action
BootPass_109,37,0,0,Position_Unknown,Team_Unknown,Action_PreSnap,795.32,656.64,896.8,786.4,101.4799999999999,129.76,xml_geometry_csv_action
BootPass_109,37,1,1,Position_Unknown,Team_Unknown,Action_PreSnap,775.24,370.02,862.78,469.38,87.53999999999996,99.36000000000001,xml_geometry_csv_action
BootPass_109,37,10,10,Position_Unknown,Team_Unknown,Action_PreSnap,1227.54,396.9,1278.82,512.21,51.27999999999997,115.31000000000006,xml_geometry_csv_action
BootPass_109,37,11,11,Position_Unknown,Team_Unknown,Action_PreSnap,836.41,516.7,911.71,603.54,75.30000000000007,86.83999999999992,xml_geometry_csv_action
BootPass_109,37,12,12,Position_Unknown,Team_Unknown,Action_PreSnap,536.04,467.24,589.41,609.47,53.370000000000005,142.23000000000002,xml_geometry_csv_action
BootPass_109,37,13,13,Position_Unknown,Team_Unknown,Action_PreSnap,774.95,453.0,847.73,539.76,72.77999999999997,86.75999999999999,xml_geometry_csv_action
BootPass_109,37,14,14,Position_Unknown,Team_Unknown,Action_PreSnap,956.17,570.12,1029.91,657.29,73.74000000000012,87.16999999999996,xml_geometry_csv_action
BootPass_109,37,15,15,Position_Unknown,Team_Unknown,Action_PreSnap,1079.93,362.45,1129.06,470.09,49.12999999999988,107.63999999999999,xml_geometry_csv_action
BootPass_109,37,16,16,Position_Unknown,Team_Unknown,Action_PreSnap,909.45,471.32,991.87,540.49,82.41999999999996,69.17000000000002,xml_geometry_csv_action
BootPass_109,37,17,17,Position_Unknown,Team_Unknown,Action_PreSnap,802.34,492.95,872.18,560.69,69.83999999999992,67.74000000000007,xml_geometry_csv_action
BootPass_109,37,18,18,Position_Unknown,Team_Unknown,Action_PreSnap,806.78,556.96,878.17,651.03,71.38999999999999,94.06999999999994,xml_geometry_csv_action
BootPass_109,37,19,19,Position_Unknown,Team_Unknown,Action_PreSnap,938.17,527.69,1007.64,597.85,69.47000000000003,70.15999999999997,xml_geometry_csv_action
BootPass_109,37,2,2,Position_Unknown,Team_Unknown,Action_PreSnap,661.7,436.52,728.47,535.77,66.76999999999998,99.25,xml_geometry_csv_action
BootPass_109,37,20,20,Position_Unknown,Team_Unknown,Action_PreSnap,955.82,600.74,1027.91,682.09,72.09000000000003,81.35000000000002,xml_geometry_csv_action
BootPass_109,37,22,21,Position_Unknown,Team_Unknown,Action_PreSnap,808.68,551.74,880.91,637.19,72.23000000000002,85.45000000000005,xml_geometry_csv_action
BootPass_109,37,3,3,Position_Unknown,Team_Unknown,Action_PreSnap,977.61,669.75,1039.83,791.68,62.219999999999914,121.92999999999995,xml_geometry_csv_action
BootPass_109,37,4,4,Position_Unknown,Team_Unknown,Action_PreSnap,734.47,591.31,820.06,697.28,85.58999999999992,105.97000000000003,xml_geometry_csv_action
BootPass_109,37,5,5,Position_Unknown,Team_Unknown,Action_PreSnap,1235.43,645.62,1299.91,775.46,64.48000000000002,129.84000000000003,xml_geometry_csv_action
BootPass_109,37,6,6,Position_Unknown,Team_Unknown,Action_PreSnap,1097.01,445.74,1155.0,556.96,57.99000000000001,111.22000000000003,xml_geometry_csv_action
BootPass_109,37,7,7,Position_Unknown,Team_Unknown,Action_PreSnap,411.65,491.03,472.71,617.89,61.06,126.86000000000001,xml_geometry_csv_action
BootPass_109,37,8,8,Position_Unknown,Team_Unknown,Action_PreSnap,1135.75,577.94,1198.06,697.92,62.309999999999945,119.9799999999999,xml_geometry_csv_action
BootPass_109,37,9,9,Position_Unknown,Team_Unknown,Action_PreSnap,1376.42,479.13,1425.5,615.62,49.07999999999993,136.49,xml_geometry_csv_action
BootPass_109,38,0,0,Position_Unknown,Team_Unknown,Action_PreSnap,794.23,656.74,895.53,786.47,101.29999999999995,129.73000000000002,xml_geometry_csv_action
BootPass_109,38,1,1,Position_Unknown,Team_Unknown,Action_PreSnap,773.82,369.96,861.8,469.41,87.9799999999999,99.45000000000005,xml_geometry_csv_action
BootPass_109,38,10,10,Position_Unknown,Team_Unknown,Action_PreSnap,1226.09,397.42,1277.11,512.22,51.01999999999998,114.80000000000001,xml_geometry_csv_action
BootPass_109,38,11,11,Position_Unknown,Team_Unknown,Action_PreSnap,834.78,516.64,910.06,601.37,75.27999999999997,84.73000000000002,xml_geometry_csv_action
BootPass_109,38,12,12,Position_Unknown,Team_Unknown,Action_PreSnap,535.17,467.26,588.19,609.39,53.020000000000095,142.13,xml_geometry_csv_action
BootPass_109,38,13,13,Position_Unknown,Team_Unknown,Action_PreSnap,774.01,452.81,846.56,539.82,72.54999999999995,87.01000000000005,xml_geometry_csv_action
BootPass_109,38,14,14,Position_Unknown,Team_Unknown,Action_PreSnap,954.76,569.6,1028.76,656.65,74.0,87.04999999999995,xml_geometry_csv_action
BootPass_109,38,15,15,Position_Unknown,Team_Unknown,Action_PreSnap,1079.13,362.75,1128.44,470.14,49.309999999999945,107.38999999999999,xml_geometry_csv_action
BootPass_109,38,16,16,Position_Unknown,Team_Unknown,Action_PreSnap,908.31,471.54,991.76,540.7,83.45000000000005,69.16000000000003,xml_geometry_csv_action
BootPass_109,38,17,17,Position_Unknown,Team_Unknown,Action_PreSnap,801.58,492.72,871.38,559.85,69.79999999999995,67.13,xml_geometry_csv_action
BootPass_109,38,18,18,Position_Unknown,Team_Unknown,Action_PreSnap,807.83,556.82,877.81,651.71,69.9799999999999,94.88999999999999,xml_geometry_csv_action
BootPass_109,38,19,19,Position_Unknown,Team_Unknown,Action_PreSnap,937.28,527.99,1006.79,597.71,69.50999999999999,69.72000000000003,xml_geometry_csv_action
BootPass_109,38,2,2,Position_Unknown,Team_Unknown,Action_PreSnap,660.51,436.6,727.5,535.41,66.99000000000001,98.80999999999995,xml_geometry_csv_action
BootPass_109,38,20,20,Position_Unknown,Team_Unknown,Action_PreSnap,954.41,601.2,1026.91,680.77,72.50000000000011,79.56999999999994,xml_geometry_csv_action
BootPass_109,38,22,21,Position_Unknown,Team_Unknown,Action_PreSnap,807.41,550.05,880.15,635.17,72.74000000000001,85.12,xml_geometry_csv_action
BootPass_109,38,3,3,Position_Unknown,Team_Unknown,Action_PreSnap,976.19,669.2,1038.5,791.55,62.309999999999945,122.34999999999991,xml_geometry_csv_action
BootPass_109,38,4,4,Position_Unknown,Team_Unknown,Action_PreSnap,733.2,591.39,817.77,697.25,84.56999999999994,105.86000000000001,xml_geometry_csv_action
BootPass_109,38,5,5,Position_Unknown,Team_Unknown,Action_PreSnap,1234.43,645.82,1298.79,775.68,64.3599999999999,129.8599999999999,xml_geometry_csv_action
BootPass_109,38,6,6,Position_Unknown,Team_Unknown,Action_PreSnap,1095.87,446.19,1153.56,556.83,57.690000000000055,110.64000000000004,xml_geometry_csv_action
BootPass_109,38,7,7,Position_Unknown,Team_Unknown,Action_PreSnap,410.88,491.12,471.58,617.78,60.69999999999999,126.65999999999997,xml_geometry_csv_action
BootPass_109,38,8,8,Position_Unknown,Team_Unknown,Action_PreSnap,1134.36,577.81,1196.55,698.0,62.190000000000055,120.19000000000005,xml_geometry_csv_action
BootPass_109,38,9,9,Position_Unknown,Team_Unknown,Action_PreSnap,1374.83,478.98,1424.39,615.71,49.56000000000017,136.73000000000002,xml_geometry_csv_action
BootPass_109,39,0,0,Position_Unknown,Team_Unknown,Action_PreSnap,793.66,656.65,894.49,786.54,100.83000000000004,129.89,xml_geometry_csv_action
BootPass_109,39,1,1,Position_Unknown,Team_Unknown,Action_PreSnap,772.95,370.11,861.0,469.23,88.04999999999995,99.12,xml_geometry_csv_action
BootPass_109,39,10,10,Position_Unknown,Team_Unknown,Action_PreSnap,1224.54,397.46,1275.86,512.76,51.319999999999936,115.30000000000001,xml_geometry_csv_action
BootPass_109,39,11,11,Position_Unknown,Team_Unknown,Action_PreSnap,832.74,516.51,908.39,598.38,75.64999999999998,81.87,xml_geometry_csv_action
BootPass_109,39,12,12,Position_Unknown,Team_Unknown,Action_PreSnap,534.59,467.31,586.88,609.29,52.289999999999964,141.97999999999996,xml_geometry_csv_action
BootPass_109,39,13,13,Position_Unknown,Team_Unknown,Action_PreSnap,773.36,452.87,846.01,539.93,72.64999999999998,87.05999999999995,xml_geometry_csv_action
BootPass_109,39,14,14,Position_Unknown,Team_Unknown,Action_PreSnap,954.07,568.93,1028.21,656.23,74.13999999999999,87.30000000000007,xml_geometry_csv_action
BootPass_109,39,15,15,Position_Unknown,Team_Unknown,Action_PreSnap,1078.59,363.44,1128.31,470.04,49.72000000000003,106.60000000000002,xml_geometry_csv_action
BootPass_109,39,16,16,Position_Unknown,Team_Unknown,Action_PreSnap,907.27,471.64,989.69,541.73,82.42000000000007,70.09000000000003,xml_geometry_csv_action
BootPass_109,39,17,17,Position_Unknown,Team_Unknown,Action_PreSnap,801.41,492.54,870.95,558.11,69.54000000000008,65.57,xml_geometry_csv_action
BootPass_109,39,18,18,Position_Unknown,Team_Unknown,Action_PreSnap,807.56,556.56,877.41,650.73,69.85000000000002,94.17000000000007,xml_geometry_csv_action
BootPass_109,39,19,19,Position_Unknown,Team_Unknown,Action_PreSnap,936.59,527.97,1006.0,597.1,69.40999999999997,69.13,xml_geometry_csv_action
BootPass_109,39,2,2,Position_Unknown,Team_Unknown,Action_PreSnap,659.32,437.01,726.51,535.35,67.18999999999994,98.34000000000003,xml_geometry_csv_action
BootPass_109,39,20,20,Position_Unknown,Team_Unknown,Action_PreSnap,953.48,601.32,1026.72,680.57,73.24000000000001,79.25,xml_geometry_csv_action
BootPass_109,39,22,21,Position_Unknown,Team_Unknown,Action_PreSnap,805.47,549.43,878.88,635.9,73.40999999999997,86.47000000000003,xml_geometry_csv_action
BootPass_109,39,3,3,Position_Unknown,Team_Unknown,Action_PreSnap,975.82,669.48,1037.93,791.49,62.110000000000014,122.00999999999999,xml_geometry_csv_action
BootPass_109,39,4,4,Position_Unknown,Team_Unknown,Action_PreSnap,732.46,591.65,818.03,697.46,85.56999999999994,105.81000000000006,xml_geometry_csv_action
BootPass_109,39,5,5,Position_Unknown,Team_Unknown,Action_PreSnap,1233.38,645.82,1297.73,776.24,64.34999999999991,130.41999999999996,xml_geometry_csv_action
BootPass_109,39,6,6,Position_Unknown,Team_Unknown,Action_PreSnap,1094.91,446.8,1152.38,556.93,57.47000000000003,110.12999999999994,xml_geometry_csv_action
BootPass_109,39,7,7,Position_Unknown,Team_Unknown,Action_PreSnap,409.74,491.01,470.54,618.17,60.80000000000001,127.15999999999997,xml_geometry_csv_action
BootPass_109,39,8,8,Position_Unknown,Team_Unknown,Action_PreSnap,1132.88,577.82,1194.87,698.19,61.98999999999978,120.37,xml_geometry_csv_action
BootPass_109,39,9,9,Position_Unknown,Team_Unknown,Action_PreSnap,1373.49,478.75,1423.11,615.72,49.61999999999989,136.97000000000003,xml_geometry_csv_action
BootPass_109,40,0,0,Position_Unknown,Team_Unknown,Action_PreSnap,793.13,657.07,893.9,786.74,100.76999999999998,129.66999999999996,xml_geometry_csv_action
BootPass_109,40,1,1,Position_Unknown,Team_Unknown,Action_PreSnap,772.59,370.53,859.57,469.26,86.98000000000002,98.73000000000002,xml_geometry_csv_action
BootPass_109,40,10,10,Position_Unknown,Team_Unknown,Action_PreSnap,1222.79,398.28,1274.57,513.2,51.77999999999997,114.92000000000007,xml_geometry_csv_action
BootPass_109,40,11,11,Position_Unknown,Team_Unknown,Action_PreSnap,831.13,516.19,907.42,594.39,76.28999999999996,78.19999999999993,xml_geometry_csv_action
BootPass_109,40,12,12,Position_Unknown,Team_Unknown,Action_PreSnap,533.99,467.17,586.45,609.55,52.460000000000036,142.37999999999994,xml_geometry_csv_action
BootPass_109,40,13,13,Position_Unknown,Team_Unknown,Action_PreSnap,772.91,453.4,845.2,540.92,72.29000000000008,87.51999999999998,xml_geometry_csv_action
BootPass_109,40,14,14,Position_Unknown,Team_Unknown,Action_PreSnap,953.63,568.83,1027.75,655.2,74.12,86.37,xml_geometry_csv_action
BootPass_109,40,15,15,Position_Unknown,Team_Unknown,Action_PreSnap,1078.45,364.03,1128.36,469.67,49.909999999999854,105.64000000000004,xml_geometry_csv_action
BootPass_109,40,16,16,Position_Unknown,Team_Unknown,Action_PreSnap,906.16,471.78,988.14,542.46,81.98000000000002,70.68000000000006,xml_geometry_csv_action
BootPass_109,40,17,17,Position_Unknown,Team_Unknown,Action_PreSnap,801.21,492.13,870.62,558.71,69.40999999999997,66.58000000000004,xml_geometry_csv_action
BootPass_109,40,18,18,Position_Unknown,Team_Unknown,Action_PreSnap,805.68,556.61,875.96,650.72,70.28000000000009,94.11000000000001,xml_geometry_csv_action
BootPass_109,40,19,19,Position_Unknown,Team_Unknown,Action_PreSnap,935.94,527.96,1005.27,596.73,69.32999999999993,68.76999999999998,xml_geometry_csv_action
BootPass_109,40,2,2,Position_Unknown,Team_Unknown,Action_PreSnap,658.05,437.56,725.42,536.0,67.37,98.44,xml_geometry_csv_action
BootPass_109,40,20,20,Position_Unknown,Team_Unknown,Action_PreSnap,952.47,600.25,1025.98,680.7,73.50999999999999,80.45000000000005,xml_geometry_csv_action
BootPass_109,40,22,21,Position_Unknown,Team_Unknown,Action_PreSnap,805.44,549.69,877.98,635.8,72.53999999999996,86.1099999999999,xml_geometry_csv_action
BootPass_109,40,3,3,Position_Unknown,Team_Unknown,Action_PreSnap,974.98,670.08,1037.55,791.66,62.569999999999936,121.57999999999993,xml_geometry_csv_action
BootPass_109,40,4,4,Position_Unknown,Team_Unknown,Action_PreSnap,731.75,592.15,817.45,697.93,85.70000000000005,105.77999999999997,xml_geometry_csv_action
BootPass_109,40,5,5,Position_Unknown,Team_Unknown,Action_PreSnap,1232.66,646.01,1296.79,776.62,64.12999999999988,130.61,xml_geometry_csv_action
BootPass_109,40,6,6,Position_Unknown,Team_Unknown,Action_PreSnap,1093.22,447.06,1151.28,557.06,58.059999999999945,109.99999999999994,xml_geometry_csv_action
BootPass_109,40,7,7,Position_Unknown,Team_Unknown,Action_PreSnap,408.76,491.22,469.77,618.32,61.00999999999999,127.10000000000002,xml_geometry_csv_action
BootPass_109,40,8,8,Position_Unknown,Team_Unknown,Action_PreSnap,1132.15,578.03,1194.06,698.54,61.909999999999854,120.50999999999999,xml_geometry_csv_action
BootPass_109,40,9,9,Position_Unknown,Team_Unknown,Action_PreSnap,1372.29,478.62,1421.99,615.93,49.700000000000045,137.30999999999995,xml_geometry_csv_action
BootPass_109,41,0,0,Position_Unknown,Team_Unknown,Action_PreSnap,792.55,657.4,893.4,786.69,100.85000000000002,129.29000000000008,xml_geometry_csv_action
BootPass_109,41,1,1,Position_Unknown,Team_Unknown,Action_PreSnap,771.83,370.75,858.37,469.33,86.53999999999996,98.57999999999998,xml_geometry_csv_action
BootPass_109,41,10,10,Position_Unknown,Team_Unknown,Action_PreSnap,1221.15,398.8,1273.3,513.08,52.149999999999864,114.28000000000003,xml_geometry_csv_action
BootPass_109,41,11,11,Position_Unknown,Team_Unknown,Action_PreSnap,830.07,515.15,906.87,592.55,76.79999999999995,77.39999999999998,xml_geometry_csv_action
BootPass_109,41,12,12,Position_Unknown,Team_Unknown,Action_PreSnap,533.61,466.92,585.6,609.56,51.99000000000001,142.63999999999993,xml_geometry_csv_action
BootPass_109,41,13,13,Position_Unknown,Team_Unknown,Action_PreSnap,771.96,453.68,844.1,541.19,72.13999999999999,87.51000000000005,xml_geometry_csv_action
BootPass_109,41,14,14,Position_Unknown,Team_Unknown,Action_PreSnap,953.02,568.46,1026.99,655.5,73.97000000000003,87.03999999999996,xml_geometry_csv_action
BootPass_109,41,15,15,Position_Unknown,Team_Unknown,Action_PreSnap,1078.41,364.21,1128.22,469.13,49.809999999999945,104.92000000000002,xml_geometry_csv_action
BootPass_109,41,16,16,Position_Unknown,Team_Unknown,Action_PreSnap,905.18,471.92,987.73,542.53,82.55000000000007,70.60999999999996,xml_geometry_csv_action
BootPass_109,41,17,17,Position_Unknown,Team_Unknown,Action_PreSnap,800.94,491.26,870.05,558.88,69.1099999999999,67.62,xml_geometry_csv_action
BootPass_109,41,18,18,Position_Unknown,Team_Unknown,Action_PreSnap,803.74,557.81,873.16,654.36,69.41999999999996,96.55000000000007,xml_geometry_csv_action
BootPass_109,41,19,19,Position_Unknown,Team_Unknown,Action_PreSnap,935.12,527.64,1004.57,596.7,69.45000000000005,69.06000000000006,xml_geometry_csv_action
BootPass_109,41,2,2,Position_Unknown,Team_Unknown,Action_PreSnap,656.5,437.87,724.65,535.89,68.14999999999998,98.01999999999998,xml_geometry_csv_action
BootPass_109,41,20,20,Position_Unknown,Team_Unknown,Action_PreSnap,951.52,599.09,1025.47,680.44,73.95000000000005,81.35000000000002,xml_geometry_csv_action
BootPass_109,41,22,21,Position_Unknown,Team_Unknown,Action_PreSnap,804.02,548.21,876.0,636.43,71.98000000000002,88.21999999999991,xml_geometry_csv_action
BootPass_109,41,3,3,Position_Unknown,Team_Unknown,Action_PreSnap,974.32,669.74,1036.4,791.86,62.08000000000004,122.12,xml_geometry_csv_action
BootPass_109,41,4,4,Position_Unknown,Team_Unknown,Action_PreSnap,730.91,592.17,816.0,697.81,85.09000000000003,105.63999999999999,xml_geometry_csv_action
BootPass_109,41,5,5,Position_Unknown,Team_Unknown,Action_PreSnap,1231.8,646.05,1295.67,776.41,63.87000000000012,130.36,xml_geometry_csv_action
BootPass_109,41,6,6,Position_Unknown,Team_Unknown,Action_PreSnap,1092.5,447.34,1150.25,557.05,57.75,109.70999999999998,xml_geometry_csv_action
BootPass_109,41,7,7,Position_Unknown,Team_Unknown,Action_PreSnap,407.71,491.16,468.76,617.78,61.05000000000001,126.61999999999995,xml_geometry_csv_action
BootPass_109,41,8,8,Position_Unknown,Team_Unknown,Action_PreSnap,1130.9,577.89,1193.12,698.25,62.2199999999998,120.36000000000001,xml_geometry_csv_action
BootPass_109,41,9,9,Position_Unknown,Team_Unknown,Action_PreSnap,1370.79,478.35,1420.62,615.91,49.82999999999993,137.55999999999995,xml_geometry_csv_action
BootPass_109,42,0,0,Position_Unknown,Team_Unknown,Action_PreSnap,793.07,657.71,893.12,785.96,100.04999999999995,128.25,xml_geometry_csv_action
BootPass_109,42,1,1,Position_Unknown,Team_Unknown,Action_PreSnap,771.96,371.32,857.67,469.09,85.70999999999992,97.76999999999998,xml_geometry_csv_action
BootPass_109,42,10,10,Position_Unknown,Team_Unknown,Action_PreSnap,1220.05,399.52,1272.02,512.79,51.97000000000003,113.26999999999998,xml_geometry_csv_action
BootPass_109,42,11,11,Position_Unknown,Team_Unknown,Action_PreSnap,831.15,513.87,905.28,594.5,74.13,80.63,xml_geometry_csv_action
BootPass_109,42,12,12,Position_Unknown,Team_Unknown,Action_PreSnap,533.19,466.92,584.02,609.44,50.82999999999993,142.52000000000004,xml_geometry_csv_action
BootPass_109,42,13,13,Position_Unknown,Team_Unknown,Action_PreSnap,770.96,453.49,843.46,540.82,72.5,87.33000000000004,xml_geometry_csv_action
BootPass_109,42,14,14,Position_Unknown,Team_Unknown,Action_PreSnap,952.25,567.49,1026.18,655.87,73.93000000000006,88.38,xml_geometry_csv_action
BootPass_109,42,15,15,Position_Unknown,Team_Unknown,Action_PreSnap,1078.04,364.23,1127.94,468.71,49.90000000000009,104.47999999999996,xml_geometry_csv_action
BootPass_109,42,16,16,Position_Unknown,Team_Unknown,Action_PreSnap,904.65,471.45,986.82,540.06,82.17000000000007,68.60999999999996,xml_geometry_csv_action
BootPass_109,42,17,17,Position_Unknown,Team_Unknown,Action_PreSnap,801.48,489.8,869.42,559.3,67.93999999999994,69.49999999999994,xml_geometry_csv_action
BootPass_109,42,18,18,Position_Unknown,Team_Unknown,Action_PreSnap,803.94,557.81,872.85,655.86,68.90999999999997,98.05000000000007,xml_geometry_csv_action
BootPass_109,42,19,19,Position_Unknown,Team_Unknown,Action_PreSnap,934.16,526.62,1003.87,595.91,69.71000000000004,69.28999999999996,xml_geometry_csv_action
BootPass_109,42,2,2,Position_Unknown,Team_Unknown,Action_PreSnap,654.47,438.61,723.7,535.53,69.23000000000002,96.91999999999996,xml_geometry_csv_action
BootPass_109,42,20,20,Position_Unknown,Team_Unknown,Action_PreSnap,951.38,597.62,1024.11,684.01,72.7299999999999,86.38999999999999,xml_geometry_csv_action
BootPass_109,42,22,21,Position_Unknown,Team_Unknown,Action_PreSnap,801.93,546.14,875.44,634.23,73.5100000000001,88.09000000000003,xml_geometry_csv_action
BootPass_109,42,3,3,Position_Unknown,Team_Unknown,Action_PreSnap,974.38,671.31,1035.94,791.97,61.56000000000006,120.66000000000008,xml_geometry_csv_action
BootPass_109,42,4,4,Position_Unknown,Team_Unknown,Action_PreSnap,730.61,592.06,813.79,697.79,83.17999999999995,105.73000000000002,xml_geometry_csv_action
BootPass_109,42,5,5,Position_Unknown,Team_Unknown,Action_PreSnap,1230.48,645.76,1294.37,776.36,63.88999999999987,130.60000000000002,xml_geometry_csv_action
BootPass_109,42,6,6,Position_Unknown,Team_Unknown,Action_PreSnap,1091.18,447.18,1148.82,556.62,57.63999999999987,109.44,xml_geometry_csv_action
BootPass_109,42,7,7,Position_Unknown,Team_Unknown,Action_PreSnap,406.78,491.05,467.9,617.42,61.120000000000005,126.36999999999995,xml_geometry_csv_action
BootPass_109,42,8,8,Position_Unknown,Team_Unknown,Action_PreSnap,1129.67,577.47,1192.19,698.06,62.51999999999998,120.58999999999992,xml_geometry_csv_action
BootPass_109,42,9,9,Position_Unknown,Team_Unknown,Action_PreSnap,1369.48,478.07,1419.32,615.84,49.83999999999992,137.77000000000004,xml_geometry_csv_action
BootPass_109,43,0,0,Position_Unknown,Team_Unknown,Action_PreSnap,793.48,658.42,893.34,785.49,99.86000000000001,127.07000000000005,xml_geometry_csv_action
BootPass_109,43,1,1,Position_Unknown,Team_Unknown,Action_PreSnap,772.35,372.84,857.81,469.34,85.45999999999992,96.5,xml_geometry_csv_action
BootPass_109,43,10,10,Position_Unknown,Team_Unknown,Action_PreSnap,1219.03,399.72,1271.28,512.58,52.25,112.86000000000001,xml_geometry_csv_action
BootPass_109,43,11,11,Position_Unknown,Team_Unknown,Action_PreSnap,831.35,513.2,904.03,592.89,72.67999999999995,79.68999999999994,xml_geometry_csv_action
BootPass_109,43,12,12,Position_Unknown,Team_Unknown,Action_PreSnap,533.17,466.78,583.5,609.36,50.33000000000004,142.58000000000004,xml_geometry_csv_action
BootPass_109,43,13,13,Position_Unknown,Team_Unknown,Action_PreSnap,770.18,453.64,842.83,540.02,72.65000000000009,86.38,xml_geometry_csv_action
BootPass_109,43,14,14,Position_Unknown,Team_Unknown,Action_PreSnap,951.41,567.4,1025.58,655.77,74.16999999999996,88.37,xml_geometry_csv_action
BootPass_109,43,15,15,Position_Unknown,Team_Unknown,Action_PreSnap,1077.99,364.57,1128.38,468.5,50.3900000000001,103.93,xml_geometry_csv_action
BootPass_109,43,16,16,Position_Unknown,Team_Unknown,Action_PreSnap,904.13,470.37,988.03,537.52,83.89999999999998,67.14999999999998,xml_geometry_csv_action
BootPass_109,43,17,17,Position_Unknown,Team_Unknown,Action_PreSnap,802.64,488.78,869.09,559.6,66.45000000000005,70.82000000000005,xml_geometry_csv_action
BootPass_109,43,18,18,Position_Unknown,Team_Unknown,Action_PreSnap,805.0,557.42,873.31,653.54,68.30999999999995,96.12,xml_geometry_csv_action
BootPass_109,43,19,19,Position_Unknown,Team_Unknown,Action_PreSnap,933.25,525.26,1002.91,594.5,69.65999999999997,69.24000000000001,xml_geometry_csv_action
BootPass_109,43,2,2,Position_Unknown,Team_Unknown,Action_PreSnap,653.1,439.33,722.88,535.21,69.77999999999997,95.88000000000005,xml_geometry_csv_action
BootPass_109,43,20,20,Position_Unknown,Team_Unknown,Action_PreSnap,950.43,597.08,1023.19,685.72,72.7600000000001,88.63999999999999,xml_geometry_csv_action
BootPass_109,43,3,3,Position_Unknown,Team_Unknown,Action_PreSnap,974.58,672.27,1035.72,791.98,61.139999999999986,119.71000000000004,xml_geometry_csv_action
BootPass_109,43,4,4,Position_Unknown,Team_Unknown,Action_PreSnap,730.75,592.33,812.53,697.84,81.77999999999997,105.50999999999999,xml_geometry_csv_action
BootPass_109,43,5,5,Position_Unknown,Team_Unknown,Action_PreSnap,1229.66,645.47,1293.66,776.1,64.0,130.63,xml_geometry_csv_action
BootPass_109,43,6,6,Position_Unknown,Team_Unknown,Action_PreSnap,1091.0,447.68,1148.41,556.8,57.41000000000008,109.11999999999995,xml_geometry_csv_action
BootPass_109,43,7,7,Position_Unknown,Team_Unknown,Action_PreSnap,406.23,490.96,467.46,617.62,61.22999999999996,126.66000000000003,xml_geometry_csv_action
BootPass_109,43,8,8,Position_Unknown,Team_Unknown,Action_PreSnap,1128.27,577.23,1191.38,698.05,63.11000000000013,120.81999999999994,xml_geometry_csv_action
BootPass_109,43,9,9,Position_Unknown,Team_Unknown,Action_PreSnap,1368.27,478.14,1418.17,615.92,49.90000000000009,137.77999999999997,xml_geometry_csv_action
BootPass_109,44,0,0,Position_Unknown,Team_Unknown,Action_PreSnap,794.17,659.26,893.22,784.48,99.05000000000007,125.22000000000003,xml_geometry_csv_action
BootPass_109,44,1,1,Position_Unknown,Team_Unknown,Action_PreSnap,772.22,374.9,857.59,469.94,85.37,95.04000000000002,xml_geometry_csv_action
BootPass_109,44,10,10,Position_Unknown,Team_Unknown,Action_PreSnap,1217.98,400.15,1270.12,512.23,52.13999999999987,112.08000000000004,xml_geometry_csv_action
BootPass_109,44,11,11,Position_Unknown,Team_Unknown,Action_PreSnap,828.51,512.21,903.59,587.2,75.08000000000004,74.99000000000001,xml_geometry_csv_action
BootPass_109,44,12,12,Position_Unknown,Team_Unknown,Action_PreSnap,533.26,466.69,583.62,609.16,50.360000000000014,142.46999999999997,xml_geometry_csv_action
BootPass_109,44,13,13,Position_Unknown,Team_Unknown,Action_PreSnap,769.58,453.79,841.26,539.78,71.67999999999995,85.98999999999995,xml_geometry_csv_action
BootPass_109,44,14,14,Position_Unknown,Team_Unknown,Action_PreSnap,951.33,565.82,1024.57,654.37,73.2399999999999,88.54999999999995,xml_geometry_csv_action
BootPass_109,44,15,15,Position_Unknown,Team_Unknown,Action_PreSnap,1078.0,365.11,1128.67,466.89,50.67000000000007,101.77999999999997,xml_geometry_csv_action
BootPass_109,44,16,16,Position_Unknown,Team_Unknown,Action_PreSnap,903.13,468.3,989.35,535.09,86.22000000000003,66.79000000000002,xml_geometry_csv_action
BootPass_109,44,17,17,Position_Unknown,Team_Unknown,Action_PreSnap,804.39,487.34,868.83,556.58,64.44000000000005,69.24000000000007,xml_geometry_csv_action
BootPass_109,44,18,18,Position_Unknown,Team_Unknown,Action_PreSnap,804.22,556.89,872.58,649.25,68.36000000000001,92.36000000000001,xml_geometry_csv_action
BootPass_109,44,19,19,Position_Unknown,Team_Unknown,Action_PreSnap,932.67,523.01,1001.72,589.58,69.05000000000007,66.57000000000005,xml_geometry_csv_action
BootPass_109,44,2,2,Position_Unknown,Team_Unknown,Action_PreSnap,652.21,439.89,721.31,535.96,69.09999999999991,96.07000000000005,xml_geometry_csv_action
BootPass_109,44,20,20,Position_Unknown,Team_Unknown,Action_PreSnap,950.03,597.88,1022.36,686.24,72.33000000000004,88.36000000000001,xml_geometry_csv_action
BootPass_109,44,3,3,Position_Unknown,Team_Unknown,Action_PreSnap,974.61,671.89,1035.37,791.59,60.75999999999988,119.70000000000005,xml_geometry_csv_action
BootPass_109,44,4,4,Position_Unknown,Team_Unknown,Action_PreSnap,730.03,592.26,810.41,697.86,80.38,105.60000000000002,xml_geometry_csv_action
BootPass_109,44,5,5,Position_Unknown,Team_Unknown,Action_PreSnap,1228.5,645.47,1292.87,775.73,64.36999999999989,130.26,xml_geometry_csv_action
BootPass_109,44,6,6,Position_Unknown,Team_Unknown,Action_PreSnap,1090.0,447.35,1147.49,556.6,57.49000000000001,109.25,xml_geometry_csv_action
BootPass_109,44,7,7,Position_Unknown,Team_Unknown,Action_PreSnap,405.6,490.91,466.85,617.64,61.25,126.72999999999996,xml_geometry_csv_action
BootPass_109,44,8,8,Position_Unknown,Team_Unknown,Action_PreSnap,1126.63,576.71,1190.59,697.96,63.95999999999981,121.25,xml_geometry_csv_action
BootPass_109,44,9,9,Position_Unknown,Team_Unknown,Action_PreSnap,1367.2,478.19,1417.4,615.96,50.200000000000045,137.77000000000004,xml_geometry_csv_action
BootPass_109,45,0,0,Position_Unknown,Team_Unknown,Action_PreSnap,795.01,660.64,892.63,784.49,97.62,123.85000000000002,xml_geometry_csv_action
BootPass_109,45,1,1,Position_Unknown,Team_Unknown,Action_PreSnap,770.8,377.17,856.81,469.79,86.00999999999999,92.62,xml_geometry_csv_action
BootPass_109,45,10,10,Position_Unknown,Team_Unknown,Action_PreSnap,1216.14,400.17,1268.21,511.8,52.069999999999936,111.63,xml_geometry_csv_action
BootPass_109,45,11,11,Position_Unknown,Team_Unknown,Action_PreSnap,824.46,511.13,902.51,584.89,78.04999999999995,73.75999999999999,xml_geometry_csv_action
BootPass_109,45,12,12,Position_Unknown,Team_Unknown,Action_PreSnap,532.99,466.65,582.75,609.11,49.75999999999999,142.46000000000004,xml_geometry_csv_action
BootPass_109,45,13,13,Position_Unknown,Team_Unknown,Action_PreSnap,768.16,453.62,839.55,539.73,71.38999999999999,86.11000000000001,xml_geometry_csv_action
BootPass_109,45,14,14,Position_Unknown,Team_Unknown,Action_SnapReceive,949.41,562.6,1022.99,653.49,73.58000000000004,90.88999999999999,xml_geometry_csv_action
BootPass_109,45,15,15,Position_Unknown,Team_Unknown,Action_PreSnap,1078.23,365.51,1128.64,464.62,50.41000000000008,99.11000000000001,xml_geometry_csv_action
BootPass_109,45,16,16,Position_Unknown,Team_Unknown,Action_PreSnap,901.34,465.59,987.58,532.21,86.24000000000001,66.62000000000006,xml_geometry_csv_action
BootPass_109,45,17,17,Position_Unknown,Team_Unknown,Action_PreSnap,804.66,486.07,868.01,556.9,63.35000000000002,70.82999999999998,xml_geometry_csv_action
BootPass_109,45,18,18,Position_Unknown,Team_Unknown,Action_PreSnap,802.67,555.58,870.57,649.48,67.90000000000009,93.89999999999998,xml_geometry_csv_action
BootPass_109,45,19,19,Position_Unknown,Team_Unknown,Action_PreSnap,932.15,518.69,998.45,584.21,66.30000000000007,65.51999999999998,xml_geometry_csv_action
BootPass_109,45,2,2,Position_Unknown,Team_Unknown,Action_PreSnap,652.64,440.23,719.71,535.49,67.07000000000005,95.25999999999999,xml_geometry_csv_action
BootPass_109,45,20,20,Position_Unknown,Team_Unknown,Action_PreSnap,948.41,597.81,1021.02,686.54,72.61000000000001,88.73000000000002,xml_geometry_csv_action
BootPass_109,45,22,21,Position_Unknown,Team_Unknown,Action_PreSnap,797.17,539.28,869.29,601.37,72.12,62.09000000000003,xml_geometry_csv_action
BootPass_109,45,3,3,Position_Unknown,Team_Unknown,Action_PreSnap,974.02,671.14,1034.32,791.44,60.299999999999955,120.30000000000007,xml_geometry_csv_action
BootPass_109,45,4,4,Position_Unknown,Team_Unknown,Action_PreSnap,729.6,592.39,809.84,697.61,80.24000000000001,105.22000000000003,xml_geometry_csv_action
BootPass_109,45,5,5,Position_Unknown,Team_Unknown,Action_PreSnap,1227.81,645.61,1292.32,775.87,64.50999999999999,130.26,xml_geometry_csv_action
BootPass_109,45,6,6,Position_Unknown,Team_Unknown,Action_PreSnap,1087.71,445.92,1145.98,556.54,58.26999999999998,110.61999999999995,xml_geometry_csv_action
BootPass_109,45,7,7,Position_Unknown,Team_Unknown,Action_PreSnap,404.42,490.9,465.94,617.88,61.51999999999998,126.98000000000002,xml_geometry_csv_action
BootPass_109,45,8,8,Position_Unknown,Team_Unknown,Action_PreSnap,1124.78,576.22,1189.25,697.64,64.47000000000003,121.41999999999996,xml_geometry_csv_action
BootPass_109,45,9,9,Position_Unknown,Team_Unknown,Action_PreSnap,1365.8,478.22,1415.98,615.81,50.180000000000064,137.58999999999992,xml_geometry_csv_action
BootPass_109,46,0,0,Position_Unknown,Team_Unknown,Action_PreSnap,797.74,662.13,893.01,784.2,95.26999999999998,122.07000000000005,xml_geometry_csv_action
BootPass_109,46,1,1,Position_Unknown,Team_Unknown,Action_PreSnap,770.0,379.48,857.09,470.04,87.09000000000003,90.56,xml_geometry_csv_action
BootPass_109,46,10,10,Position_Unknown,Team_Unknown,Action_PreSnap,1215.07,399.37,1267.22,511.62,52.15000000000009,112.25,xml_geometry_csv_action
BootPass_109,46,11,11,Position_Unknown,Team_Unknown,Action_PreSnap,826.14,510.14,902.98,585.5,76.84000000000003,75.36000000000001,xml_geometry_csv_action
BootPass_109,46,12,12,Position_Unknown,Team_Unknown,Action_PreSnap,532.99,466.9,582.17,608.58,49.17999999999995,141.68000000000006,xml_geometry_csv_action
BootPass_109,46,13,13,Position_Unknown,Team_Unknown,Action_PreSnap,768.73,453.34,838.86,540.5,70.13,87.16000000000003,xml_geometry_csv_action
BootPass_109,46,14,14,Position_Unknown,Team_Unknown,Action_None,948.19,559.01,1021.58,652.61,73.38999999999999,93.60000000000002,xml_geometry_csv_action
BootPass_109,46,15,15,Position_Unknown,Team_Unknown,Action_PreSnap,1078.58,366.35,1128.73,462.5,50.15000000000009,96.14999999999998,xml_geometry_csv_action
BootPass_109,46,16,16,Position_Unknown,Team_Unknown,Action_PreSnap,900.33,461.92,982.03,530.19,81.69999999999993,68.27000000000004,xml_geometry_csv_action
BootPass_109,46,17,17,Position_Unknown,Team_Unknown,Action_PreSnap,805.18,484.85,867.97,554.92,62.79000000000008,70.06999999999994,xml_geometry_csv_action
BootPass_109,46,18,18,Position_Unknown,Team_Unknown,Action_PreSnap,799.75,555.24,868.07,656.34,68.32000000000005,101.10000000000002,xml_geometry_csv_action
BootPass_109,46,19,19,Position_Unknown,Team_Unknown,Action_PreSnap,932.37,514.91,996.64,580.46,64.26999999999998,65.55000000000007,xml_geometry_csv_action
BootPass_109,46,2,2,Position_Unknown,Team_Unknown,Action_PreSnap,653.91,440.3,718.34,534.26,64.43000000000006,93.95999999999998,xml_geometry_csv_action
BootPass_109,46,20,20,Position_Unknown,Team_Unknown,Action_PreSnap,947.36,597.93,1019.72,686.47,72.36000000000001,88.54000000000008,xml_geometry_csv_action
BootPass_109,46,22,21,Position_Unknown,Team_Unknown,Action_PreSnap,797.61,536.29,868.53,593.09,70.91999999999996,56.80000000000007,xml_geometry_csv_action
BootPass_109,46,3,3,Position_Unknown,Team_Unknown,Action_PreSnap,974.63,671.55,1034.0,791.12,59.370000000000005,119.57000000000005,xml_geometry_csv_action
BootPass_109,46,4,4,Position_Unknown,Team_Unknown,Action_PreSnap,729.33,592.03,810.23,697.29,80.89999999999998,105.25999999999999,xml_geometry_csv_action
BootPass_109,46,5,5,Position_Unknown,Team_Unknown,Action_PreSnap,1227.29,645.96,1291.81,775.8,64.51999999999998,129.83999999999992,xml_geometry_csv_action
BootPass_109,46,6,6,Position_Unknown,Team_Unknown,Action_PreSnap,1086.12,444.01,1145.03,556.43,58.91000000000008,112.41999999999996,xml_geometry_csv_action
BootPass_109,46,7,7,Position_Unknown,Team_Unknown,Action_PreSnap,403.93,490.94,465.61,617.97,61.68000000000001,127.03000000000003,xml_geometry_csv_action
BootPass_109,46,8,8,Position_Unknown,Team_Unknown,Action_PreSnap,1123.91,576.09,1189.96,697.44,66.04999999999995,121.35000000000002,xml_geometry_csv_action
BootPass_109,46,9,9,Position_Unknown,Team_Unknown,Action_PreSnap,1364.67,478.15,1415.4,615.37,50.73000000000002,137.22000000000003,xml_geometry_csv_action
BootPass_109,47,0,0,Position_Unknown,Team_Unknown,Action_PreSnap,799.09,663.4,893.77,784.71,94.67999999999995,121.31000000000006,xml_geometry_csv_action
BootPass_109,47,1,1,Position_Unknown,Team_Unknown,Action_PreSnap,769.22,381.79,858.43,470.23,89.20999999999992,88.44,xml_geometry_csv_action
BootPass_109,47,10,10,Position_Unknown,Team_Unknown,Action_PreSnap,1214.56,399.24,1266.62,511.36,52.059999999999945,112.12,xml_geometry_csv_action
BootPass_109,47,11,11,Position_Unknown,Team_Unknown,Action_PreSnap,831.13,508.76,901.16,583.25,70.02999999999997,74.49000000000001,xml_geometry_csv_action
BootPass_109,47,12,12,Position_Unknown,Team_Unknown,Action_PreSnap,532.67,467.45,582.48,608.04,49.81000000000006,140.58999999999997,xml_geometry_csv_action
BootPass_109,47,13,13,Position_Unknown,Team_Unknown,Action_PreSnap,768.49,453.53,838.33,540.04,69.84000000000003,86.50999999999999,xml_geometry_csv_action
BootPass_109,47,14,14,Position_Unknown,Team_Unknown,Action_None,947.32,554.33,1020.02,651.3,72.69999999999993,96.96999999999991,xml_geometry_csv_action
BootPass_109,47,15,15,Position_Unknown,Team_Unknown,Action_PreSnap,1079.32,367.04,1129.54,460.26,50.22000000000003,93.21999999999997,xml_geometry_csv_action
BootPass_109,47,16,16,Position_Unknown,Team_Unknown,Action_PreSnap,898.52,458.28,972.71,529.2,74.19000000000005,70.92000000000007,xml_geometry_csv_action
BootPass_109,47,17,17,Position_Unknown,Team_Unknown,Action_PreSnap,804.26,483.27,867.63,553.8,63.370000000000005,70.52999999999997,xml_geometry_csv_action
BootPass_109,47,18,18,Position_Unknown,Team_Unknown,Action_PreSnap,793.94,556.49,862.17,662.75,68.2299999999999,106.25999999999999,xml_geometry_csv_action
BootPass_109,47,19,19,Position_Unknown,Team_Unknown,Action_PreSnap,931.63,511.46,993.77,575.8,62.139999999999986,64.33999999999997,xml_geometry_csv_action
BootPass_109,47,2,2,Position_Unknown,Team_Unknown,Action_PreSnap,654.21,440.43,716.18,535.5,61.969999999999914,95.07,xml_geometry_csv_action
BootPass_109,47,20,20,Position_Unknown,Team_Unknown,Action_PreSnap,946.28,597.17,1017.63,689.89,71.35000000000002,92.72000000000003,xml_geometry_csv_action
BootPass_109,47,22,21,Position_Unknown,Team_Unknown,Action_PreSnap,795.3,533.8,863.06,590.2,67.75999999999999,56.40000000000009,xml_geometry_csv_action
BootPass_109,47,3,3,Position_Unknown,Team_Unknown,Action_PreSnap,975.29,672.52,1033.75,790.93,58.460000000000036,118.40999999999997,xml_geometry_csv_action
BootPass_109,47,4,4,Position_Unknown,Team_Unknown,Action_PreSnap,730.13,591.38,810.46,697.09,80.33000000000004,105.71000000000004,xml_geometry_csv_action
BootPass_109,47,5,5,Position_Unknown,Team_Unknown,Action_PreSnap,1225.9,645.93,1291.49,775.77,65.58999999999992,129.84000000000003,xml_geometry_csv_action
BootPass_109,47,6,6,Position_Unknown,Team_Unknown,Action_PreSnap,1083.35,441.95,1143.64,555.94,60.29000000000019,113.99000000000007,xml_geometry_csv_action
BootPass_109,47,7,7,Position_Unknown,Team_Unknown,Action_PreSnap,403.67,490.97,465.17,617.76,61.5,126.78999999999996,xml_geometry_csv_action
BootPass_109,47,8,8,Position_Unknown,Team_Unknown,Action_PreSnap,1123.03,575.63,1191.86,697.08,68.82999999999993,121.45000000000005,xml_geometry_csv_action
BootPass_109,47,9,9,Position_Unknown,Team_Unknown,Action_PreSnap,1363.68,478.44,1414.43,614.7,50.75,136.26000000000005,xml_geometry_csv_action
BootPass_109,48,0,0,Position_Unknown,Team_Unknown,Action_PreSnap,802.2,664.82,895.81,785.56,93.6099999999999,120.7399999999999,xml_geometry_csv_action
BootPass_109,48,1,1,Position_Unknown,Team_Unknown,Action_PreSnap,769.0,383.72,861.0,469.73,92.0,86.00999999999999,xml_geometry_csv_action
BootPass_109,48,10,10,Position_Unknown,Team_Unknown,Action_PreSnap,1213.8,399.0,1266.02,510.87,52.22000000000003,111.87,xml_geometry_csv_action
BootPass_109,48,11,11,Position_Unknown,Team_Unknown,Action_PreSnap,834.71,508.42,899.73,593.61,65.01999999999998,85.19,xml_geometry_csv_action
BootPass_109,48,12,12,Position_Unknown,Team_Unknown,Action_PreSnap,533.0,468.79,584.18,607.51,51.17999999999995,138.71999999999997,xml_geometry_csv_action
BootPass_109,48,13,13,Position_Unknown,Team_Unknown,Action_PreSnap,768.26,452.98,838.53,539.93,70.26999999999998,86.94999999999993,xml_geometry_csv_action
BootPass_109,48,14,14,Position_Unknown,Team_Unknown,Action_None,945.49,551.43,1018.03,650.59,72.53999999999996,99.16000000000008,xml_geometry_csv_action
BootPass_109,48,15,15,Position_Unknown,Team_Unknown,Action_PreSnap,1080.43,368.2,1130.37,459.25,49.93999999999983,91.05000000000001,xml_geometry_csv_action
BootPass_109,48,16,16,Position_Unknown,Team_Unknown,Action_PreSnap,896.26,454.62,966.39,529.58,70.13,74.96000000000004,xml_geometry_csv_action
BootPass_109,48,17,17,Position_Unknown,Team_Unknown,Action_PreSnap,799.95,481.83,867.0,554.65,67.04999999999995,72.82,xml_geometry_csv_action
BootPass_109,48,18,18,Position_Unknown,Team_Unknown,Action_PreSnap,789.32,557.69,857.44,666.99,68.12,109.29999999999995,xml_geometry_csv_action
BootPass_109,48,19,19,Position_Unknown,Team_Unknown,Action_PreSnap,930.75,509.58,990.8,574.43,60.049999999999955,64.84999999999997,xml_geometry_csv_action
BootPass_109,48,2,2,Position_Unknown,Team_Unknown,Action_PreSnap,652.23,440.59,713.34,537.0,61.110000000000014,96.41000000000003,xml_geometry_csv_action
BootPass_109,48,20,20,Position_Unknown,Team_Unknown,Action_PreSnap,945.28,596.14,1015.45,691.28,70.17000000000007,95.13999999999999,xml_geometry_csv_action
BootPass_109,48,22,21,Position_Unknown,Team_Unknown,Action_PreSnap,790.51,533.16,857.57,590.98,67.06000000000006,57.82000000000005,xml_geometry_csv_action
BootPass_109,48,3,3,Position_Unknown,Team_Unknown,Action_PreSnap,974.62,671.59,1033.75,790.59,59.129999999999995,119.0,xml_geometry_csv_action
BootPass_109,48,4,4,Position_Unknown,Team_Unknown,Action_PreSnap,731.01,590.52,810.99,696.88,79.98000000000002,106.36000000000001,xml_geometry_csv_action
BootPass_109,48,5,5,Position_Unknown,Team_Unknown,Action_PreSnap,1224.34,645.5,1290.7,775.53,66.36000000000013,130.02999999999997,xml_geometry_csv_action
BootPass_109,48,6,6,Position_Unknown,Team_Unknown,Action_PreSnap,1081.51,440.26,1142.49,555.24,60.98000000000002,114.98000000000002,xml_geometry_csv_action
BootPass_109,48,7,7,Position_Unknown,Team_Unknown,Action_PreSnap,403.48,490.79,465.13,617.19,61.64999999999998,126.40000000000003,xml_geometry_csv_action
BootPass_109,48,8,8,Position_Unknown,Team_Unknown,Action_PreSnap,1122.16,574.98,1194.04,696.73,71.87999999999988,121.75,xml_geometry_csv_action
BootPass_109,48,9,9,Position_Unknown,Team_Unknown,Action_PreSnap,1362.63,478.81,1413.92,614.22,51.289999999999964,135.41000000000003,xml_geometry_csv_action
BootPass_109,49,0,0,Position_Unknown,Team_Unknown,Action_PreSnap,802.38,667.33,898.86,787.33,96.48000000000002,120.0,xml_geometry_csv_action
BootPass_109,49,1,1,Position_Unknown,Team_Unknown,Action_PreSnap,769.95,385.21,864.14,468.02,94.18999999999994,82.81,xml_geometry_csv_action
BootPass_109,49,10,10,Position_Unknown,Team_Unknown,Action_PreSnap,1212.57,397.96,1265.16,510.4,52.590000000000146,112.44,xml_geometry_csv_action
BootPass_109,49,11,11,Position_Unknown,Team_Unknown,Action_PreSnap,831.99,508.23,898.32,604.01,66.33000000000004,95.77999999999997,xml_geometry_csv_action
BootPass_109,49,12,12,Position_Unknown,Team_Unknown,Action_PreSnap,533.3,470.5,585.57,607.46,52.270000000000095,136.96000000000004,xml_geometry_csv_action
BootPass_109,49,13,13,Position_Unknown,Team_Unknown,Action_PreSnap,765.68,452.73,838.67,538.72,72.99000000000001,85.99000000000001,xml_geometry_csv_action
BootPass_109,49,14,14,Position_Unknown,Team_Unknown,Action_None,944.51,548.4,1015.31,646.33,70.79999999999995,97.93000000000006,xml_geometry_csv_action
BootPass_109,49,15,15,Position_Unknown,Team_Unknown,Action_PreSnap,1081.69,369.44,1131.84,457.0,50.149999999999864,87.56,xml_geometry_csv_action
BootPass_109,49,16,16,Position_Unknown,Team_Unknown,Action_PreSnap,893.62,451.3,960.94,527.85,67.32000000000005,76.55000000000001,xml_geometry_csv_action
BootPass_109,49,17,17,Position_Unknown,Team_Unknown,Action_PreSnap,794.49,480.83,866.12,554.53,71.63,73.69999999999999,xml_geometry_csv_action
BootPass_109,49,18,18,Position_Unknown,Team_Unknown,Action_PreSnap,783.01,553.65,851.82,663.66,68.81000000000006,110.00999999999999,xml_geometry_csv_action
BootPass_109,49,19,19,Position_Unknown,Team_Unknown,Action_PreSnap,927.74,506.69,988.39,572.38,60.64999999999998,65.69,xml_geometry_csv_action
BootPass_109,49,2,2,Position_Unknown,Team_Unknown,Action_PreSnap,650.4,440.92,711.01,535.53,60.610000000000014,94.60999999999996,xml_geometry_csv_action
BootPass_109,49,20,20,Position_Unknown,Team_Unknown,Action_PreSnap,943.53,595.03,1013.97,692.99,70.44000000000005,97.96000000000004,xml_geometry_csv_action
BootPass_109,49,3,3,Position_Unknown,Team_Unknown,Action_PreSnap,975.46,672.14,1034.25,790.35,58.789999999999964,118.21000000000004,xml_geometry_csv_action
BootPass_109,49,4,4,Position_Unknown,Team_Unknown,Action_PreSnap,731.42,588.48,813.35,696.64,81.93000000000006,108.15999999999997,xml_geometry_csv_action
BootPass_109,49,5,5,Position_Unknown,Team_Unknown,Action_PreSnap,1224.28,645.89,1290.37,775.56,66.08999999999992,129.66999999999996,xml_geometry_csv_action
BootPass_109,49,6,6,Position_Unknown,Team_Unknown,Action_PreSnap,1080.15,439.85,1141.92,554.71,61.76999999999998,114.86000000000001,xml_geometry_csv_action
BootPass_109,49,7,7,Position_Unknown,Team_Unknown,Action_PreSnap,403.42,490.75,464.88,617.09,61.45999999999998,126.34000000000003,xml_geometry_csv_action
BootPass_109,49,8,8,Position_Unknown,Team_Unknown,Action_PreSnap,1121.02,574.75,1197.05,694.33,76.02999999999997,119.58000000000004,xml_geometry_csv_action
BootPass_109,49,9,9,Position_Unknown,Team_Unknown,Action_PreSnap,1361.17,479.66,1412.41,613.8,51.24000000000001,134.13999999999993,xml_geometry_csv_action
BootPass_109,50,0,0,Position_Unknown,Team_Unknown,Action_PreSnap,804.72,669.79,902.76,789.21,98.03999999999996,119.42000000000007,xml_geometry_csv_action
BootPass_109,50,1,1,Position_Unknown,Team_Unknown,Action_PreSnap,772.23,386.08,869.08,466.54,96.85000000000002,80.46000000000004,xml_geometry_csv_action
BootPass_109,50,10,10,Position_Unknown,Team_Unknown,Action_PreSnap,1210.84,397.01,1264.22,509.96,53.38000000000011,112.94999999999999,xml_geometry_csv_action
BootPass_109,50,11,11,Position_Unknown,Team_Unknown,Action_PreSnap,830.35,508.22,897.89,604.8,67.53999999999996,96.57999999999993,xml_geometry_csv_action
BootPass_109,50,12,12,Position_Unknown,Team_Unknown,Action_PreSnap,533.79,472.51,588.46,607.88,54.67000000000007,135.37,xml_geometry_csv_action
BootPass_109,50,13,13,Position_Unknown,Team_Unknown,Action_PreSnap,763.99,452.05,839.1,538.91,75.11000000000001,86.85999999999996,xml_geometry_csv_action
BootPass_109,50,14,14,Position_Unknown,Team_Unknown,Action_None,943.5,544.95,1011.88,642.11,68.38,97.15999999999997,xml_geometry_csv_action
BootPass_109,50,15,15,Position_Unknown,Team_Unknown,Action_PreSnap,1083.6,369.56,1137.44,454.66,53.840000000000146,85.10000000000002,xml_geometry_csv_action
BootPass_109,50,16,16,Position_Unknown,Team_Unknown,Action_PreSnap,889.99,447.98,954.82,526.74,64.83000000000004,78.75999999999999,xml_geometry_csv_action
BootPass_109,50,17,17,Position_Unknown,Team_Unknown,Action_PreSnap,790.75,480.34,865.81,553.4,75.05999999999995,73.06,xml_geometry_csv_action
BootPass_109,50,18,18,Position_Unknown,Team_Unknown,Action_PreSnap,779.3,550.06,848.45,659.07,69.15000000000009,109.0100000000001,xml_geometry_csv_action
BootPass_109,50,19,19,Position_Unknown,Team_Unknown,Action_PreSnap,925.82,504.93,986.21,571.34,60.389999999999986,66.41000000000003,xml_geometry_csv_action
BootPass_109,50,2,2,Position_Unknown,Team_Unknown,Action_PreSnap,649.07,440.79,709.48,536.15,60.40999999999997,95.35999999999996,xml_geometry_csv_action
BootPass_109,50,20,20,Position_Unknown,Team_Unknown,Action_PreSnap,942.21,595.12,1010.38,693.82,68.16999999999996,98.70000000000005,xml_geometry_csv_action
BootPass_109,50,3,3,Position_Unknown,Team_Unknown,Action_PreSnap,976.35,672.38,1034.09,790.78,57.739999999999895,118.39999999999998,xml_geometry_csv_action
BootPass_109,50,4,4,Position_Unknown,Team_Unknown,Action_PreSnap,732.19,585.87,818.44,696.5,86.25,110.63,xml_geometry_csv_action
BootPass_109,50,5,5,Position_Unknown,Team_Unknown,Action_PreSnap,1224.16,646.67,1289.73,775.34,65.56999999999994,128.67000000000007,xml_geometry_csv_action
BootPass_109,50,6,6,Position_Unknown,Team_Unknown,Action_PreSnap,1079.4,440.15,1143.17,553.85,63.76999999999998,113.70000000000005,xml_geometry_csv_action
BootPass_109,50,7,7,Position_Unknown,Team_Unknown,Action_PreSnap,403.16,490.73,464.78,616.91,61.61999999999995,126.17999999999995,xml_geometry_csv_action
BootPass_109,50,8,8,Position_Unknown,Team_Unknown,Action_PreSnap,1119.25,575.11,1203.3,692.47,84.04999999999995,117.36000000000001,xml_geometry_csv_action
BootPass_109,50,9,9,Position_Unknown,Team_Unknown,Action_PreSnap,1359.35,481.1,1411.46,613.16,52.11000000000013,132.05999999999995,xml_geometry_csv_action
BootPass_109,51,0,0,Position_Unknown,Team_Unknown,Action_PreSnap,815.3,672.32,907.19,790.16,91.8900000000001,117.83999999999992,xml_geometry_csv_action
BootPass_109,51,1,1,Position_Unknown,Team_Unknown,Action_PreSnap,776.42,386.57,873.52,464.33,97.10000000000002,77.75999999999999,xml_geometry_csv_action
BootPass_109,51,10,10,Position_Unknown,Team_Unknown,Action_PreSnap,1209.47,396.19,1262.9,509.61,53.430000000000064,113.42000000000002,xml_geometry_csv_action
BootPass_109,51,11,11,Position_Unknown,Team_Unknown,Action_PreSnap,830.58,508.76,898.76,606.07,68.17999999999995,97.31000000000006,xml_geometry_csv_action
BootPass_109,51,12,12,Position_Unknown,Team_Unknown,Action_PreSnap,534.36,473.92,590.38,608.71,56.01999999999998,134.79000000000002,xml_geometry_csv_action
BootPass_109,51,13,13,Position_Unknown,Team_Unknown,Action_PreSnap,762.4,451.65,839.81,539.46,77.40999999999997,87.81000000000006,xml_geometry_csv_action
BootPass_109,51,14,14,Position_Unknown,Team_Unknown,Action_None,939.6,540.37,1009.49,643.24,69.88999999999999,102.87,xml_geometry_csv_action
BootPass_109,51,15,15,Position_Unknown,Team_Unknown,Action_PreSnap,1085.17,369.63,1143.66,454.04,58.49000000000001,84.41000000000003,xml_geometry_csv_action
BootPass_109,51,16,16,Position_Unknown,Team_Unknown,Action_PreSnap,886.31,444.34,950.92,525.79,64.61000000000001,81.44999999999999,xml_geometry_csv_action
BootPass_109,51,17,17,Position_Unknown,Team_Unknown,Action_PreSnap,788.23,480.37,865.81,552.81,77.57999999999993,72.43999999999994,xml_geometry_csv_action
BootPass_109,51,18,18,Position_Unknown,Team_Unknown,Action_PreSnap,776.58,542.01,846.03,656.25,69.44999999999993,114.24000000000001,xml_geometry_csv_action
BootPass_109,51,19,19,Position_Unknown,Team_Unknown,Action_PreSnap,921.43,503.15,982.67,573.7,61.24000000000001,70.55000000000007,xml_geometry_csv_action
BootPass_109,51,2,2,Position_Unknown,Team_Unknown,Action_PreSnap,647.92,440.58,708.15,537.21,60.23000000000002,96.63000000000005,xml_geometry_csv_action
BootPass_109,51,20,20,Position_Unknown,Team_Unknown,Action_PreSnap,940.18,591.99,1007.98,696.23,67.80000000000007,104.24000000000001,xml_geometry_csv_action
BootPass_109,51,3,3,Position_Unknown,Team_Unknown,Action_PreSnap,977.41,673.87,1034.62,792.84,57.20999999999992,118.97000000000003,xml_geometry_csv_action
BootPass_109,51,4,4,Position_Unknown,Team_Unknown,Action_PreSnap,732.44,582.4,824.01,696.32,91.56999999999994,113.92000000000007,xml_geometry_csv_action
BootPass_109,51,5,5,Position_Unknown,Team_Unknown,Action_PreSnap,1222.38,646.46,1289.45,775.16,67.06999999999994,128.69999999999993,xml_geometry_csv_action
BootPass_109,51,6,6,Position_Unknown,Team_Unknown,Action_PreSnap,1080.51,440.14,1147.15,552.77,66.6400000000001,112.63,xml_geometry_csv_action
BootPass_109,51,7,7,Position_Unknown,Team_Unknown,Action_PreSnap,402.69,490.72,464.57,616.86,61.879999999999995,126.13999999999999,xml_geometry_csv_action
BootPass_109,51,8,8,Position_Unknown,Team_Unknown,Action_PreSnap,1116.37,576.12,1205.59,690.17,89.22000000000003,114.04999999999995,xml_geometry_csv_action
BootPass_109,51,9,9,Position_Unknown,Team_Unknown,Action_PreSnap,1357.47,483.09,1410.42,612.4,52.950000000000045,129.31,xml_geometry_csv_action
BootPass_109,52,0,0,Position_Unknown,Team_Unknown,Action_PreSnap,824.11,675.31,910.35,792.59,86.24000000000001,117.28000000000009,xml_geometry_csv_action
BootPass_109,52,1,1,Position_Unknown,Team_Unknown,Action_PreSnap,784.08,386.8,878.46,462.57,94.38,75.76999999999998,xml_geometry_csv_action
BootPass_109,52,10,10,Position_Unknown,Team_Unknown,Action_PreSnap,1208.18,395.38,1261.92,509.5,53.74000000000001,114.12,xml_geometry_csv_action
BootPass_109,52,11,11,Position_Unknown,Team_Unknown,Action_PreSnap,830.53,509.61,898.72,607.47,68.19000000000005,97.86000000000001,xml_geometry_csv_action
BootPass_109,52,12,12,Position_Unknown,Team_Unknown,Action_PreSnap,534.5,476.09,590.48,610.34,55.98000000000002,134.25000000000006,xml_geometry_csv_action
BootPass_109,52,13,13,Position_Unknown,Team_Unknown,Action_PreSnap,763.5,451.54,842.27,539.11,78.76999999999998,87.57,xml_geometry_csv_action
BootPass_109,52,14,14,Position_Unknown,Team_Unknown,Action_None,938.16,539.0,1008.76,645.07,70.60000000000002,106.07000000000005,xml_geometry_csv_action
BootPass_109,52,15,15,Position_Unknown,Team_Unknown,Action_PreSnap,1088.69,370.0,1148.83,454.51,60.13999999999987,84.50999999999999,xml_geometry_csv_action
BootPass_109,52,16,16,Position_Unknown,Team_Unknown,Action_PreSnap,883.05,440.35,947.02,525.7,63.97000000000003,85.35000000000002,xml_geometry_csv_action
BootPass_109,52,17,17,Position_Unknown,Team_Unknown,Action_PreSnap,791.87,480.39,867.21,548.05,75.34000000000003,67.65999999999997,xml_geometry_csv_action
BootPass_109,52,19,19,Position_Unknown,Team_Unknown,Action_PreSnap,916.45,501.97,979.49,584.92,63.039999999999964,82.94999999999993,xml_geometry_csv_action
BootPass_109,52,2,2,Position_Unknown,Team_Unknown,Action_PreSnap,647.82,441.32,706.65,537.69,58.82999999999993,96.37000000000006,xml_geometry_csv_action
BootPass_109,52,20,20,Position_Unknown,Team_Unknown,Action_PreSnap,940.01,592.11,1005.9,696.39,65.88999999999999,104.27999999999997,xml_geometry_csv_action
BootPass_109,52,22,21,Position_Unknown,Team_Unknown,Action_PreSnap,776.3,526.82,840.62,600.48,64.32000000000005,73.65999999999997,xml_geometry_csv_action
BootPass_109,52,3,3,Position_Unknown,Team_Unknown,Action_PreSnap,978.15,674.55,1035.49,795.44,57.34000000000003,120.8900000000001,xml_geometry_csv_action
BootPass_109,52,4,4,Position_Unknown,Team_Unknown,Action_PreSnap,733.11,580.31,833.27,696.11,100.15999999999997,115.80000000000007,xml_geometry_csv_action
BootPass_109,52,5,5,Position_Unknown,Team_Unknown,Action_PreSnap,1221.26,646.68,1288.4,775.09,67.1400000000001,128.41000000000008,xml_geometry_csv_action
BootPass_109,52,6,6,Position_Unknown,Team_Unknown,Action_PreSnap,1080.34,440.67,1150.27,552.52,69.93000000000006,111.84999999999997,xml_geometry_csv_action
BootPass_109,52,7,7,Position_Unknown,Team_Unknown,Action_PreSnap,402.53,490.7,464.45,616.81,61.920000000000016,126.10999999999996,xml_geometry_csv_action
BootPass_109,52,8,8,Position_Unknown,Team_Unknown,Action_PreSnap,1113.88,577.0,1206.0,687.79,92.11999999999989,110.78999999999996,xml_geometry_csv_action
BootPass_109,52,9,9,Position_Unknown,Team_Unknown,Action_PreSnap,1355.53,485.97,1409.17,612.8,53.6400000000001,126.82999999999993,xml_geometry_csv_action
BootPass_109,53,0,0,Position_Unknown,Team_Unknown,Action_PreSnap,828.57,677.62,913.71,794.84,85.13999999999999,117.22000000000003,xml_geometry_csv_action
BootPass_109,53,1,1,Position_Unknown,Team_Unknown,Action_PreSnap,793.09,386.67,883.16,461.32,90.06999999999994,74.64999999999998,xml_geometry_csv_action
BootPass_109,53,10,10,Position_Unknown,Team_Unknown,Action_PreSnap,1206.98,395.36,1260.81,509.05,53.82999999999993,113.69,xml_geometry_csv_action
BootPass_109,53,11,11,Position_Unknown,Team_Unknown,Action_PreSnap,834.17,510.18,899.06,609.47,64.88999999999999,99.29000000000002,xml_geometry_csv_action
BootPass_109,53,12,12,Position_Unknown,Team_Unknown,Action_PreSnap,534.25,477.62,588.11,611.67,53.860000000000014,134.04999999999995,xml_geometry_csv_action
BootPass_109,53,13,13,Position_Unknown,Team_Unknown,Action_PreSnap,774.26,451.84,843.63,534.83,69.37,82.99000000000007,xml_geometry_csv_action
BootPass_109,53,14,14,Position_Unknown,Team_Unknown,Action_None,936.52,534.45,1006.12,640.69,69.60000000000002,106.24000000000001,xml_geometry_csv_action
BootPass_109,53,15,15,Position_Unknown,Team_Unknown,Action_PreSnap,1092.1,370.6,1151.68,455.33,59.580000000000155,84.72999999999996,xml_geometry_csv_action
BootPass_109,53,16,16,Position_Unknown,Team_Unknown,Action_PreSnap,880.45,436.79,945.05,526.85,64.59999999999991,90.06,xml_geometry_csv_action
BootPass_109,53,17,17,Position_Unknown,Team_Unknown,Action_PreSnap,802.15,480.34,869.76,557.56,67.61000000000001,77.21999999999997,xml_geometry_csv_action
BootPass_109,53,19,19,Position_Unknown,Team_Unknown,Action_PreSnap,913.45,501.32,973.22,583.05,59.76999999999998,81.72999999999996,xml_geometry_csv_action
BootPass_109,53,2,2,Position_Unknown,Team_Unknown,Action_PreSnap,647.95,442.34,703.54,537.25,55.58999999999992,94.91000000000003,xml_geometry_csv_action
BootPass_109,53,20,20,Position_Unknown,Team_Unknown,Action_PreSnap,937.72,593.03,1003.14,697.89,65.41999999999996,104.86000000000001,xml_geometry_csv_action
BootPass_109,53,22,21,Position_Unknown,Team_Unknown,Action_FakeHandoff,774.29,522.52,832.21,600.78,57.92000000000007,78.25999999999999,xml_geometry_csv_action
BootPass_109,53,3,3,Position_Unknown,Team_Unknown,Action_PreSnap,979.28,676.6,1037.4,795.2,58.12000000000012,118.60000000000002,xml_geometry_csv_action
BootPass_109,53,4,4,Position_Unknown,Team_Unknown,Action_PreSnap,733.9,577.5,836.73,695.7,102.83000000000004,118.20000000000005,xml_geometry_csv_action
BootPass_109,53,5,5,Position_Unknown,Team_Unknown,Action_PreSnap,1220.33,647.81,1286.4,774.85,66.07000000000016,127.04000000000008,xml_geometry_csv_action
BootPass_109,53,6,6,Position_Unknown,Team_Unknown,Action_PreSnap,1079.4,441.62,1151.71,552.33,72.30999999999995,110.71000000000004,xml_geometry_csv_action
BootPass_109,53,7,7,Position_Unknown,Team_Unknown,Action_PreSnap,402.4,490.49,464.19,616.27,61.79000000000002,125.77999999999997,xml_geometry_csv_action
BootPass_109,53,8,8,Position_Unknown,Team_Unknown,Action_PreSnap,1110.87,576.8,1205.0,686.61,94.13000000000011,109.81000000000006,xml_geometry_csv_action
BootPass_109,53,9,9,Position_Unknown,Team_Unknown,Action_PreSnap,1352.86,489.77,1407.05,613.33,54.190000000000055,123.56000000000006,xml_geometry_csv_action
BootPass_109,54,0,0,Position_Unknown,Team_Unknown,Action_PreSnap,832.28,679.97,918.7,794.62,86.42000000000007,114.64999999999998,xml_geometry_csv_action
BootPass_109,54,1,1,Position_Unknown,Team_Unknown,Action_PreSnap,813.41,386.23,888.64,462.64,75.23000000000002,76.40999999999997,xml_geometry_csv_action
BootPass_109,54,10,10,Position_Unknown,Team_Unknown,Action_PreSnap,1206.14,395.51,1259.72,508.76,53.57999999999993,113.25,xml_geometry_csv_action
BootPass_109,54,11,11,Position_Unknown,Team_Unknown,Action_PreSnap,835.77,510.12,902.98,612.18,67.21000000000004,102.05999999999995,xml_geometry_csv_action
BootPass_109,54,12,12,Position_Unknown,Team_Unknown,Action_PreSnap,534.73,479.11,587.59,612.61,52.860000000000014,133.5,xml_geometry_csv_action
BootPass_109,54,13,13,Position_Unknown,Team_Unknown,Action_PreSnap,780.52,451.51,845.87,531.13,65.35000000000002,79.62,xml_geometry_csv_action
BootPass_109,54,14,14,Position_Unknown,Team_Unknown,Action_None,933.96,533.5,1003.64,636.11,69.67999999999995,102.61000000000001,xml_geometry_csv_action
BootPass_109,54,15,15,Position_Unknown,Team_Unknown,Action_PreSnap,1094.88,371.0,1153.93,458.45,59.049999999999955,87.44999999999999,xml_geometry_csv_action
BootPass_109,54,16,16,Position_Unknown,Team_Unknown,Action_PreSnap,878.62,434.18,939.2,521.0,60.58000000000004,86.82,xml_geometry_csv_action
BootPass_109,54,17,17,Position_Unknown,Team_Unknown,Action_PreSnap,811.29,480.49,872.83,568.45,61.54000000000008,87.96000000000004,xml_geometry_csv_action
BootPass_109,54,19,19,Position_Unknown,Team_Unknown,Action_PreSnap,908.42,498.94,967.2,585.85,58.780000000000086,86.91000000000003,xml_geometry_csv_action
BootPass_109,54,2,2,Position_Unknown,Team_Unknown,Action_PreSnap,649.25,444.16,701.04,536.04,51.789999999999964,91.87999999999994,xml_geometry_csv_action
BootPass_109,54,20,20,Position_Unknown,Team_Unknown,Action_PreSnap,934.4,591.87,1001.24,701.44,66.84000000000003,109.57000000000005,xml_geometry_csv_action
BootPass_109,54,22,21,Position_Unknown,Team_Unknown,Action_FakeHandoff,771.88,515.35,827.48,600.35,55.60000000000002,85.0,xml_geometry_csv_action
BootPass_109,54,3,3,Position_Unknown,Team_Unknown,Action_PreSnap,980.45,679.57,1039.71,795.91,59.25999999999999,116.33999999999992,xml_geometry_csv_action
BootPass_109,54,4,4,Position_Unknown,Team_Unknown,Action_PreSnap,735.74,574.73,838.86,695.73,103.12,121.0,xml_geometry_csv_action
BootPass_109,54,5,5,Position_Unknown,Team_Unknown,Action_PreSnap,1219.69,649.07,1284.34,774.33,64.64999999999986,125.25999999999999,xml_geometry_csv_action
BootPass_109,54,6,6,Position_Unknown,Team_Unknown,Action_PreSnap,1078.09,443.04,1152.27,553.03,74.18000000000006,109.98999999999995,xml_geometry_csv_action
BootPass_109,54,7,7,Position_Unknown,Team_Unknown,Action_PreSnap,402.11,490.15,464.31,616.22,62.19999999999999,126.07000000000005,xml_geometry_csv_action
BootPass_109,54,8,8,Position_Unknown,Team_Unknown,Action_PreSnap,1108.57,576.64,1201.54,687.61,92.97000000000003,110.97000000000003,xml_geometry_csv_action
BootPass_109,54,9,9,Position_Unknown,Team_Unknown,Action_PreSnap,1350.87,493.55,1405.33,614.81,54.460000000000036,121.25999999999993,xml_geometry_csv_action
BootPass_109,55,0,0,Position_Unknown,Team_Unknown,Action_PreSnap,838.53,681.97,922.27,792.41,83.74000000000001,110.43999999999994,xml_geometry_csv_action
BootPass_109,55,1,1,Position_Unknown,Team_Unknown,Action_PreSnap,824.77,385.85,894.13,464.35,69.36000000000001,78.5,xml_geometry_csv_action
BootPass_109,55,10,10,Position_Unknown,Team_Unknown,Action_PreSnap,1205.41,395.87,1258.63,508.73,53.22000000000003,112.86000000000001,xml_geometry_csv_action
BootPass_109,55,11,11,Position_Unknown,Team_Unknown,Action_PreSnap,834.89,511.66,906.47,615.56,71.58000000000004,103.89999999999992,xml_geometry_csv_action
BootPass_109,55,12,12,Position_Unknown,Team_Unknown,Action_PreSnap,534.91,480.08,588.06,613.06,53.14999999999998,132.97999999999996,xml_geometry_csv_action
BootPass_109,55,13,13,Position_Unknown,Team_Unknown,Action_PreSnap,781.81,451.07,846.97,530.62,65.16000000000008,79.55000000000001,xml_geometry_csv_action
BootPass_109,55,14,14,Position_Unknown,Team_Unknown,Action_None,932.05,531.68,1001.49,624.73,69.44000000000005,93.05000000000007,xml_geometry_csv_action
BootPass_109,55,15,15,Position_Unknown,Team_Unknown,Action_PreSnap,1098.83,371.32,1157.11,463.77,58.27999999999997,92.44999999999999,xml_geometry_csv_action
BootPass_109,55,16,16,Position_Unknown,Team_Unknown,Action_PreSnap,875.81,432.59,933.98,518.14,58.17000000000007,85.55000000000001,xml_geometry_csv_action
BootPass_109,55,17,17,Position_Unknown,Team_Unknown,Action_PreSnap,815.36,480.48,875.11,570.53,59.75,90.04999999999995,xml_geometry_csv_action
BootPass_109,55,19,19,Position_Unknown,Team_Unknown,Action_PreSnap,904.97,496.8,963.39,587.18,58.41999999999996,90.37999999999994,xml_geometry_csv_action
BootPass_109,55,2,2,Position_Unknown,Team_Unknown,Action_PreSnap,649.71,445.59,699.4,537.29,49.68999999999994,91.69999999999999,xml_geometry_csv_action
BootPass_109,55,20,20,Position_Unknown,Team_Unknown,Action_PreSnap,931.18,589.99,1000.95,703.12,69.7700000000001,113.13,xml_geometry_csv_action
BootPass_109,55,22,21,Position_Unknown,Team_Unknown,Action_FakeHandoff,768.99,510.14,825.74,597.68,56.75,87.53999999999996,xml_geometry_csv_action
BootPass_109,55,3,3,Position_Unknown,Team_Unknown,Action_PreSnap,982.86,683.32,1040.83,796.49,57.969999999999914,113.16999999999996,xml_geometry_csv_action
BootPass_109,55,4,4,Position_Unknown,Team_Unknown,Action_PreSnap,739.52,572.31,839.3,694.49,99.77999999999997,122.18000000000006,xml_geometry_csv_action
BootPass_109,55,5,5,Position_Unknown,Team_Unknown,Action_PreSnap,1218.04,649.41,1281.04,773.95,63.0,124.54000000000008,xml_geometry_csv_action
BootPass_109,55,6,6,Position_Unknown,Team_Unknown,Action_PreSnap,1075.51,443.92,1152.06,553.16,76.54999999999995,109.23999999999995,xml_geometry_csv_action
BootPass_109,55,7,7,Position_Unknown,Team_Unknown,Action_PreSnap,401.98,489.45,464.13,616.22,62.14999999999998,126.77000000000004,xml_geometry_csv_action
BootPass_109,55,8,8,Position_Unknown,Team_Unknown,Action_PreSnap,1104.45,576.32,1195.26,688.06,90.80999999999995,111.7399999999999,xml_geometry_csv_action
BootPass_109,55,9,9,Position_Unknown,Team_Unknown,Action_PreSnap,1348.36,495.61,1403.24,616.36,54.88000000000011,120.75,xml_geometry_csv_action
BootPass_109,56,0,0,Position_Unknown,Team_Unknown,Action_PreSnap,843.6,684.11,925.44,795.26,81.84000000000003,111.14999999999998,xml_geometry_csv_action
BootPass_109,56,1,1,Position_Unknown,Team_Unknown,Action_PreSnap,829.97,385.81,899.6,465.22,69.63,79.41000000000003,xml_geometry_csv_action
BootPass_109,56,10,10,Position_Unknown,Team_Unknown,Action_PreSnap,1204.58,396.43,1257.62,508.85,53.039999999999964,112.42000000000002,xml_geometry_csv_action
BootPass_109,56,11,11,Position_Unknown,Team_Unknown,Action_PreSnap,833.4,513.73,906.29,617.7,72.88999999999999,103.97000000000003,xml_geometry_csv_action
BootPass_109,56,12,12,Position_Unknown,Team_Unknown,Action_PreSnap,535.05,480.74,586.78,613.26,51.73000000000002,132.51999999999998,xml_geometry_csv_action
BootPass_109,56,13,13,Position_Unknown,Team_Unknown,Action_PreSnap,785.34,450.39,850.09,527.85,64.75,77.46000000000004,xml_geometry_csv_action
BootPass_109,56,14,14,Position_Unknown,Team_Unknown,Action_None,931.25,530.35,997.27,621.6,66.01999999999998,91.25,xml_geometry_csv_action
BootPass_109,56,15,15,Position_Unknown,Team_Unknown,Action_PreSnap,1102.18,371.76,1160.31,465.73,58.12999999999988,93.97000000000003,xml_geometry_csv_action
BootPass_109,56,16,16,Position_Unknown,Team_Unknown,Action_PreSnap,873.01,431.59,929.04,514.77,56.02999999999997,83.18,xml_geometry_csv_action
BootPass_109,56,17,17,Position_Unknown,Team_Unknown,Action_PreSnap,816.38,481.49,877.72,575.43,61.34000000000003,93.93999999999994,xml_geometry_csv_action
BootPass_109,56,19,19,Position_Unknown,Team_Unknown,Action_PreSnap,901.12,495.87,957.54,585.61,56.41999999999996,89.74000000000001,xml_geometry_csv_action
BootPass_109,56,2,2,Position_Unknown,Team_Unknown,Action_PreSnap,650.11,447.27,699.15,538.44,49.039999999999964,91.17000000000007,xml_geometry_csv_action
BootPass_109,56,20,20,Position_Unknown,Team_Unknown,Action_PreSnap,927.3,588.12,1000.48,701.55,73.18000000000006,113.42999999999995,xml_geometry_csv_action
BootPass_109,56,22,21,Position_Unknown,Team_Unknown,Action_FakeHandoff,766.26,504.86,822.59,599.41,56.33000000000004,94.54999999999995,xml_geometry_csv_action
BootPass_109,56,3,3,Position_Unknown,Team_Unknown,Action_PreSnap,983.82,685.59,1043.31,796.39,59.489999999999895,110.79999999999995,xml_geometry_csv_action
BootPass_109,56,4,4,Position_Unknown,Team_Unknown,Action_PreSnap,745.68,570.56,838.12,692.71,92.44000000000005,122.15000000000009,xml_geometry_csv_action
BootPass_109,56,5,5,Position_Unknown,Team_Unknown,Action_PreSnap,1216.89,650.15,1280.01,773.66,63.11999999999989,123.50999999999999,xml_geometry_csv_action
BootPass_109,56,6,6,Position_Unknown,Team_Unknown,Action_PreSnap,1072.95,445.15,1150.53,553.22,77.57999999999993,108.07000000000005,xml_geometry_csv_action
BootPass_109,56,7,7,Position_Unknown,Team_Unknown,Action_PreSnap,402.06,488.65,464.05,616.12,61.99000000000001,127.47000000000003,xml_geometry_csv_action
BootPass_109,56,8,8,Position_Unknown,Team_Unknown,Action_PreSnap,1099.44,575.05,1188.43,687.48,88.99000000000001,112.43000000000006,xml_geometry_csv_action
BootPass_109,56,9,9,Position_Unknown,Team_Unknown,Action_PreSnap,1346.64,497.44,1401.9,617.91,55.25999999999999,120.46999999999997,xml_geometry_csv_action
BootPass_109,57,0,0,Position_Unknown,Team_Unknown,Action_PreSnap,844.79,686.59,929.45,798.37,84.66000000000008,111.77999999999997,xml_geometry_csv_action
BootPass_109,57,1,1,Position_Unknown,Team_Unknown,Action_PreSnap,829.67,385.49,905.53,465.36,75.86000000000001,79.87,xml_geometry_csv_action
BootPass_109,57,10,10,Position_Unknown,Team_Unknown,Action_PreSnap,1203.6,397.19,1256.54,509.95,52.940000000000055,112.75999999999999,xml_geometry_csv_action
BootPass_109,57,11,11,Position_Unknown,Team_Unknown,Action_PreSnap,830.51,515.46,904.73,617.99,74.22000000000003,102.52999999999997,xml_geometry_csv_action
BootPass_109,57,12,12,Position_Unknown,Team_Unknown,Action_PreSnap,535.85,481.33,587.35,613.61,51.5,132.28000000000003,xml_geometry_csv_action
BootPass_109,57,13,13,Position_Unknown,Team_Unknown,Action_PreSnap,789.2,450.14,853.6,529.92,64.39999999999998,79.77999999999997,xml_geometry_csv_action
BootPass_109,57,14,14,Position_Unknown,Team_Unknown,Action_None,928.75,528.24,994.62,619.78,65.87,91.53999999999996,xml_geometry_csv_action
BootPass_109,57,15,15,Position_Unknown,Team_Unknown,Action_PreSnap,1104.5,372.09,1165.25,464.54,60.75,92.45000000000005,xml_geometry_csv_action
BootPass_109,57,16,16,Position_Unknown,Team_Unknown,Action_PreSnap,868.94,431.88,922.98,513.01,54.039999999999964,81.13,xml_geometry_csv_action
BootPass_109,57,17,17,Position_Unknown,Team_Unknown,Action_PreSnap,818.67,481.97,879.97,578.85,61.30000000000007,96.88,xml_geometry_csv_action
BootPass_109,57,18,18,Position_Unknown,Team_Unknown,Action_PreSnap,764.18,522.16,818.54,630.11,54.360000000000014,107.95000000000005,xml_geometry_csv_action
BootPass_109,57,19,19,Position_Unknown,Team_Unknown,Action_PreSnap,896.82,496.11,952.4,591.07,55.57999999999993,94.96000000000004,xml_geometry_csv_action
BootPass_109,57,2,2,Position_Unknown,Team_Unknown,Action_PreSnap,651.12,448.44,701.01,538.57,49.889999999999986,90.13000000000005,xml_geometry_csv_action
BootPass_109,57,20,20,Position_Unknown,Team_Unknown,Action_PreSnap,924.39,586.47,999.63,699.8,75.24000000000001,113.32999999999993,xml_geometry_csv_action
BootPass_109,57,22,21,Position_Unknown,Team_Unknown,Action_FakeHandoff,767.41,500.71,821.49,589.45,54.08000000000004,88.74000000000007,xml_geometry_csv_action
BootPass_109,57,3,3,Position_Unknown,Team_Unknown,Action_PreSnap,985.21,685.5,1048.13,797.55,62.92000000000007,112.04999999999995,xml_geometry_csv_action
BootPass_109,57,4,4,Position_Unknown,Team_Unknown,Action_PreSnap,754.14,569.85,839.63,689.79,85.49000000000001,119.93999999999994,xml_geometry_csv_action
BootPass_109,57,5,5,Position_Unknown,Team_Unknown,Action_PreSnap,1215.51,650.27,1279.11,773.51,63.59999999999991,123.24000000000001,xml_geometry_csv_action
BootPass_109,57,6,6,Position_Unknown,Team_Unknown,Action_PreSnap,1069.99,445.69,1148.47,553.22,78.48000000000002,107.53000000000003,xml_geometry_csv_action
BootPass_109,57,7,7,Position_Unknown,Team_Unknown,Action_PreSnap,402.18,487.81,464.02,616.18,61.839999999999975,128.36999999999995,xml_geometry_csv_action
BootPass_109,57,8,8,Position_Unknown,Team_Unknown,Action_PreSnap,1094.56,575.19,1180.35,687.5,85.78999999999996,112.30999999999995,xml_geometry_csv_action
BootPass_109,57,9,9,Position_Unknown,Team_Unknown,Action_PreSnap,1345.05,498.5,1400.95,618.83,55.90000000000009,120.33000000000004,xml_geometry_csv_action
BootPass_109,58,0,0,Position_Unknown,Team_Unknown,Action_PreSnap,845.13,689.74,934.57,799.1,89.44000000000005,109.36000000000001,xml_geometry_csv_action
BootPass_109,58,1,1,Position_Unknown,Team_Unknown,Action_PreSnap,833.38,385.36,911.65,463.69,78.26999999999998,78.32999999999998,xml_geometry_csv_action
BootPass_109,58,10,10,Position_Unknown,Team_Unknown,Action_PreSnap,1202.55,397.94,1256.13,511.34,53.580000000000155,113.39999999999998,xml_geometry_csv_action
BootPass_109,58,11,11,Position_Unknown,Team_Unknown,Action_PreSnap,831.06,516.97,901.93,615.91,70.87,98.93999999999994,xml_geometry_csv_action
BootPass_109,58,12,12,Position_Unknown,Team_Unknown,Action_PreSnap,536.34,481.54,587.78,614.07,51.43999999999994,132.53000000000003,xml_geometry_csv_action
BootPass_109,58,13,13,Position_Unknown,Team_Unknown,Action_PreSnap,788.14,450.46,855.32,530.83,67.18000000000006,80.37000000000006,xml_geometry_csv_action
BootPass_109,58,14,14,Position_Unknown,Team_Unknown,Action_None,923.94,525.33,992.63,619.17,68.68999999999994,93.83999999999992,xml_geometry_csv_action
BootPass_109,58,15,15,Position_Unknown,Team_Unknown,Action_PreSnap,1106.89,372.05,1172.56,462.56,65.66999999999985,90.50999999999999,xml_geometry_csv_action
BootPass_109,58,16,16,Position_Unknown,Team_Unknown,Action_PreSnap,864.7,433.85,915.31,511.12,50.6099999999999,77.26999999999998,xml_geometry_csv_action
BootPass_109,58,17,17,Position_Unknown,Team_Unknown,Action_PreSnap,817.56,482.47,881.83,576.52,64.2700000000001,94.04999999999995,xml_geometry_csv_action
BootPass_109,58,18,18,Position_Unknown,Team_Unknown,Action_PreSnap,762.2,517.96,816.97,627.23,54.76999999999998,109.26999999999998,xml_geometry_csv_action
BootPass_109,58,19,19,Position_Unknown,Team_Unknown,Action_PreSnap,891.98,496.05,945.04,593.15,53.059999999999945,97.09999999999997,xml_geometry_csv_action
BootPass_109,58,2,2,Position_Unknown,Team_Unknown,Action_PreSnap,650.46,449.82,703.38,544.48,52.91999999999996,94.66000000000003,xml_geometry_csv_action
BootPass_109,58,20,20,Position_Unknown,Team_Unknown,Action_PreSnap,920.78,585.14,998.99,697.24,78.21000000000004,112.10000000000002,xml_geometry_csv_action
BootPass_109,58,22,21,Position_Unknown,Team_Unknown,Action_FakeHandoff,766.34,499.5,820.98,581.92,54.639999999999986,82.41999999999996,xml_geometry_csv_action
BootPass_109,58,3,3,Position_Unknown,Team_Unknown,Action_PreSnap,986.04,685.85,1052.87,798.29,66.82999999999993,112.43999999999994,xml_geometry_csv_action
BootPass_109,58,4,4,Position_Unknown,Team_Unknown,Action_PreSnap,761.86,568.54,840.75,686.02,78.88999999999999,117.48000000000002,xml_geometry_csv_action
BootPass_109,58,5,5,Position_Unknown,Team_Unknown,Action_PreSnap,1212.69,649.59,1277.21,772.8,64.51999999999998,123.20999999999992,xml_geometry_csv_action
BootPass_109,58,6,6,Position_Unknown,Team_Unknown,Action_PreSnap,1065.35,445.89,1143.76,553.58,78.41000000000008,107.69000000000005,xml_geometry_csv_action
BootPass_109,58,7,7,Position_Unknown,Team_Unknown,Action_PreSnap,402.13,487.14,463.73,616.2,61.60000000000002,129.06000000000006,xml_geometry_csv_action
BootPass_109,58,8,8,Position_Unknown,Team_Unknown,Action_PreSnap,1087.65,575.64,1170.61,687.41,82.95999999999981,111.76999999999998,xml_geometry_csv_action
BootPass_109,58,9,9,Position_Unknown,Team_Unknown,Action_PreSnap,1342.39,498.52,1399.12,619.03,56.72999999999979,120.50999999999999,xml_geometry_csv_action
BootPass_109,59,0,0,Position_Unknown,Team_Unknown,Action_PreSnap,843.78,693.12,943.42,802.4,99.63999999999999,109.27999999999997,xml_geometry_csv_action
BootPass_109,59,1,1,Position_Unknown,Team_Unknown,Action_PreSnap,843.1,385.19,918.57,463.12,75.47000000000003,77.93,xml_geometry_csv_action
BootPass_109,59,10,10,Position_Unknown,Team_Unknown,Action_PreSnap,1201.79,399.14,1255.43,512.58,53.6400000000001,113.44000000000005,xml_geometry_csv_action
BootPass_109,59,11,11,Position_Unknown,Team_Unknown,Action_PreSnap,831.68,517.59,901.8,614.02,70.12,96.42999999999995,xml_geometry_csv_action
BootPass_109,59,12,12,Position_Unknown,Team_Unknown,Action_PreSnap,536.16,480.31,587.21,614.2,51.05000000000007,133.89000000000004,xml_geometry_csv_action
BootPass_109,59,13,13,Position_Unknown,Team_Unknown,Action_PreSnap,788.46,451.69,857.05,531.82,68.58999999999992,80.13000000000005,xml_geometry_csv_action
BootPass_109,59,14,14,Position_Unknown,Team_Unknown,Action_None,920.75,524.71,992.09,621.32,71.34000000000003,96.61000000000001,xml_geometry_csv_action
BootPass_109,59,15,15,Position_Unknown,Team_Unknown,Action_PreSnap,1108.25,371.14,1178.84,460.67,70.58999999999992,89.53000000000003,xml_geometry_csv_action
BootPass_109,59,16,16,Position_Unknown,Team_Unknown,Action_PreSnap,860.61,438.04,909.67,507.51,49.059999999999945,69.46999999999997,xml_geometry_csv_action
BootPass_109,59,17,17,Position_Unknown,Team_Unknown,Action_PreSnap,817.17,483.67,883.51,574.52,66.34000000000003,90.84999999999997,xml_geometry_csv_action
BootPass_109,59,18,18,Position_Unknown,Team_Unknown,Action_PreSnap,760.82,515.7,817.79,638.29,56.969999999999914,122.58999999999992,xml_geometry_csv_action
BootPass_109,59,19,19,Position_Unknown,Team_Unknown,Action_PreSnap,886.81,496.57,939.38,584.35,52.57000000000005,87.78000000000003,xml_geometry_csv_action
BootPass_109,59,2,2,Position_Unknown,Team_Unknown,Action_PreSnap,649.61,451.33,704.17,550.41,54.559999999999945,99.07999999999998,xml_geometry_csv_action
BootPass_109,59,20,20,Position_Unknown,Team_Unknown,Action_PreSnap,916.07,582.19,999.26,694.6,83.18999999999994,112.40999999999997,xml_geometry_csv_action
BootPass_109,59,3,3,Position_Unknown,Team_Unknown,Action_PreSnap,987.2,685.16,1055.87,798.87,68.66999999999985,113.71000000000004,xml_geometry_csv_action
BootPass_109,59,4,4,Position_Unknown,Team_Unknown,Action_PreSnap,767.03,566.88,844.0,685.6,76.97000000000003,118.72000000000003,xml_geometry_csv_action
BootPass_109,59,5,5,Position_Unknown,Team_Unknown,Action_PreSnap,1211.25,649.84,1276.81,773.27,65.55999999999995,123.42999999999995,xml_geometry_csv_action
BootPass_109,59,6,6,Position_Unknown,Team_Unknown,Action_PreSnap,1060.98,446.31,1140.32,553.58,79.33999999999992,107.27000000000004,xml_geometry_csv_action
BootPass_109,59,7,7,Position_Unknown,Team_Unknown,Action_PreSnap,402.33,486.78,463.2,616.06,60.870000000000005,129.27999999999997,xml_geometry_csv_action
BootPass_109,59,8,8,Position_Unknown,Team_Unknown,Action_PreSnap,1079.07,576.35,1165.71,687.06,86.6400000000001,110.70999999999992,xml_geometry_csv_action
BootPass_109,59,9,9,Position_Unknown,Team_Unknown,Action_PreSnap,1339.81,498.07,1396.86,619.42,57.049999999999955,121.34999999999997,xml_geometry_csv_action
BootPass_109,60,0,0,Position_Unknown,Team_Unknown,Action_PreSnap,843.32,694.76,950.62,808.39,107.29999999999995,113.63,xml_geometry_csv_action
BootPass_109,60,1,1,Position_Unknown,Team_Unknown,Action_PreSnap,858.45,385.24,924.92,466.75,66.46999999999991,81.50999999999999,xml_geometry_csv_action
BootPass_109,60,10,10,Position_Unknown,Team_Unknown,Action_PreSnap,1201.03,399.7,1255.5,513.45,54.47000000000003,113.75000000000006,xml_geometry_csv_action
BootPass_109,60,12,12,Position_Unknown,Team_Unknown,Action_PreSnap,535.6,479.02,585.01,614.17,49.40999999999997,135.14999999999998,xml_geometry_csv_action
BootPass_109,60,13,13,Position_Unknown,Team_Unknown,Action_PreSnap,790.31,453.11,858.16,535.47,67.85000000000002,82.36000000000001,xml_geometry_csv_action
BootPass_109,60,14,14,Position_Unknown,Team_Unknown,Action_None,917.59,525.31,990.42,621.39,72.82999999999993,96.08000000000004,xml_geometry_csv_action
BootPass_109,60,15,15,Position_Unknown,Team_Unknown,Action_PreSnap,1110.63,369.58,1184.87,459.94,74.23999999999978,90.36000000000001,xml_geometry_csv_action
BootPass_109,60,16,16,Position_Unknown,Team_Unknown,Action_PreSnap,853.89,438.07,905.45,508.03,51.56000000000006,69.95999999999998,xml_geometry_csv_action
BootPass_109,60,17,17,Position_Unknown,Team_Unknown,Action_PreSnap,816.91,485.42,885.14,572.31,68.23000000000002,86.88999999999993,xml_geometry_csv_action
BootPass_109,60,18,18,Position_Unknown,Team_Unknown,Action_PreSnap,759.76,507.98,815.87,642.3,56.110000000000014,134.31999999999994,xml_geometry_csv_action
BootPass_109,60,19,19,Position_Unknown,Team_Unknown,Action_PreSnap,883.13,498.44,935.94,582.37,52.81000000000006,83.93,xml_geometry_csv_action
BootPass_109,60,2,2,Position_Unknown,Team_Unknown,Action_PreSnap,649.06,453.05,704.16,553.66,55.10000000000002,100.60999999999996,xml_geometry_csv_action
BootPass_109,60,20,20,Position_Unknown,Team_Unknown,Action_PreSnap,910.7,581.04,998.33,692.08,87.63,111.04000000000008,xml_geometry_csv_action
BootPass_109,60,3,3,Position_Unknown,Team_Unknown,Action_PreSnap,992.2,685.21,1056.28,799.88,64.07999999999993,114.66999999999996,xml_geometry_csv_action
BootPass_109,60,4,4,Position_Unknown,Team_Unknown,Action_PreSnap,770.23,565.16,847.7,682.98,77.47000000000003,117.82000000000005,xml_geometry_csv_action
BootPass_109,60,5,5,Position_Unknown,Team_Unknown,Action_PreSnap,1209.28,650.9,1275.11,772.84,65.82999999999993,121.94000000000005,xml_geometry_csv_action
BootPass_109,60,6,6,Position_Unknown,Team_Unknown,Action_PreSnap,1055.69,445.89,1138.32,554.07,82.62999999999988,108.18000000000006,xml_geometry_csv_action
BootPass_109,60,7,7,Position_Unknown,Team_Unknown,Action_PreSnap,402.49,486.64,462.14,616.2,59.64999999999998,129.56000000000006,xml_geometry_csv_action
BootPass_109,60,8,8,Position_Unknown,Team_Unknown,Action_PreSnap,1068.06,575.85,1161.8,686.97,93.74000000000001,111.12,xml_geometry_csv_action
BootPass_109,60,9,9,Position_Unknown,Team_Unknown,Action_PreSnap,1336.68,496.74,1394.32,619.66,57.63999999999987,122.91999999999996,xml_geometry_csv_action
BootPass_109,61,0,0,Position_Unknown,Team_Unknown,Action_PreSnap,849.28,697.03,958.08,812.37,108.80000000000007,115.34000000000003,xml_geometry_csv_action
BootPass_109,61,1,1,Position_Unknown,Team_Unknown,Action_PreSnap,867.96,386.01,931.73,468.77,63.76999999999998,82.75999999999999,xml_geometry_csv_action
BootPass_109,61,10,10,Position_Unknown,Team_Unknown,Action_PreSnap,1199.73,400.03,1254.8,514.0,55.069999999999936,113.97000000000003,xml_geometry_csv_action
BootPass_109,61,12,12,Position_Unknown,Team_Unknown,Action_PreSnap,533.14,476.13,581.97,613.42,48.83000000000004,137.28999999999996,xml_geometry_csv_action
BootPass_109,61,13,13,Position_Unknown,Team_Unknown,Action_PreSnap,793.63,454.17,859.01,537.83,65.38,83.66000000000003,xml_geometry_csv_action
BootPass_109,61,14,14,Position_Unknown,Team_Unknown,Action_None,913.29,524.97,988.0,622.96,74.71000000000004,97.99000000000001,xml_geometry_csv_action
BootPass_109,61,15,15,Position_Unknown,Team_Unknown,Action_PreSnap,1112.33,368.42,1190.97,460.62,78.6400000000001,92.19999999999999,xml_geometry_csv_action
BootPass_109,61,16,16,Position_Unknown,Team_Unknown,Action_PreSnap,847.55,436.43,899.44,504.89,51.8900000000001,68.45999999999998,xml_geometry_csv_action
BootPass_109,61,17,17,Position_Unknown,Team_Unknown,Action_PreSnap,819.18,486.64,884.22,569.44,65.04000000000008,82.80000000000007,xml_geometry_csv_action
BootPass_109,61,18,18,Position_Unknown,Team_Unknown,Action_PreSnap,758.69,497.4,811.06,643.73,52.36999999999989,146.33000000000004,xml_geometry_csv_action
BootPass_109,61,19,19,Position_Unknown,Team_Unknown,Action_PreSnap,877.29,496.72,929.84,574.92,52.55000000000007,78.19999999999993,xml_geometry_csv_action
BootPass_109,61,2,2,Position_Unknown,Team_Unknown,Action_PreSnap,648.84,455.02,702.08,555.4,53.24000000000001,100.38,xml_geometry_csv_action
BootPass_109,61,20,20,Position_Unknown,Team_Unknown,Action_PreSnap,904.61,580.1,996.57,691.35,91.96000000000004,111.25,xml_geometry_csv_action
BootPass_109,61,3,3,Position_Unknown,Team_Unknown,Action_PreSnap,990.19,684.3,1054.77,801.75,64.57999999999993,117.45000000000005,xml_geometry_csv_action
BootPass_109,61,4,4,Position_Unknown,Team_Unknown,Action_PreSnap,771.22,565.84,850.17,681.91,78.94999999999993,116.06999999999994,xml_geometry_csv_action
BootPass_109,61,5,5,Position_Unknown,Team_Unknown,Action_PreSnap,1205.07,652.22,1273.34,772.09,68.26999999999998,119.87,xml_geometry_csv_action
BootPass_109,61,6,6,Position_Unknown,Team_Unknown,Action_PreSnap,1050.17,445.69,1136.38,554.42,86.21000000000004,108.72999999999996,xml_geometry_csv_action
BootPass_109,61,7,7,Position_Unknown,Team_Unknown,Action_PreSnap,403.69,486.48,461.68,615.97,57.99000000000001,129.49,xml_geometry_csv_action
BootPass_109,61,8,8,Position_Unknown,Team_Unknown,Action_PreSnap,1060.4,576.31,1158.66,685.7,98.25999999999999,109.3900000000001,xml_geometry_csv_action
BootPass_109,61,9,9,Position_Unknown,Team_Unknown,Action_PreSnap,1332.83,495.38,1391.53,620.13,58.700000000000045,124.75,xml_geometry_csv_action
BootPass_109,62,0,0,Position_Unknown,Team_Unknown,Action_PreSnap,865.97,698.88,967.84,817.83,101.87,118.95000000000005,xml_geometry_csv_action
BootPass_109,62,1,1,Position_Unknown,Team_Unknown,Action_PreSnap,875.73,387.53,938.49,474.86,62.75999999999999,87.33000000000004,xml_geometry_csv_action
BootPass_109,62,10,10,Position_Unknown,Team_Unknown,Action_PreSnap,1198.75,399.6,1254.58,514.19,55.82999999999993,114.59000000000003,xml_geometry_csv_action
BootPass_109,62,11,11,Position_Unknown,Team_Unknown,Action_PreSnap,850.37,516.95,907.74,614.52,57.370000000000005,97.56999999999994,xml_geometry_csv_action
BootPass_109,62,12,12,Position_Unknown,Team_Unknown,Action_PreSnap,531.03,472.84,580.26,612.9,49.23000000000002,140.06,xml_geometry_csv_action
BootPass_109,62,13,13,Position_Unknown,Team_Unknown,Action_PreSnap,798.54,457.36,861.55,539.04,63.00999999999999,81.67999999999995,xml_geometry_csv_action
BootPass_109,62,14,14,Position_Unknown,Team_Unknown,Action_None,908.91,524.49,986.19,625.21,77.28000000000009,100.72000000000003,xml_geometry_csv_action
BootPass_109,62,15,15,Position_Unknown,Team_Unknown,Action_PreSnap,1117.23,367.8,1196.81,460.94,79.57999999999993,93.13999999999999,xml_geometry_csv_action
BootPass_109,62,16,16,Position_Unknown,Team_Unknown,Action_PreSnap,840.91,435.31,891.71,503.23,50.80000000000007,67.92000000000002,xml_geometry_csv_action
BootPass_109,62,17,17,Position_Unknown,Team_Unknown,Action_PreSnap,819.07,487.62,882.65,569.77,63.57999999999993,82.14999999999998,xml_geometry_csv_action
BootPass_109,62,18,18,Position_Unknown,Team_Unknown,Action_PreSnap,757.36,499.48,808.23,642.99,50.870000000000005,143.51,xml_geometry_csv_action
BootPass_109,62,19,19,Position_Unknown,Team_Unknown,Action_PreSnap,873.16,495.98,924.94,563.71,51.780000000000086,67.73000000000002,xml_geometry_csv_action
BootPass_109,62,2,2,Position_Unknown,Team_Unknown,Action_PreSnap,648.27,457.23,700.39,555.44,52.120000000000005,98.21000000000004,xml_geometry_csv_action
BootPass_109,62,20,20,Position_Unknown,Team_Unknown,Action_PreSnap,898.5,579.47,992.46,687.89,93.96000000000004,108.41999999999996,xml_geometry_csv_action
BootPass_109,62,3,3,Position_Unknown,Team_Unknown,Action_PreSnap,989.63,684.91,1056.24,802.7,66.61000000000001,117.79000000000008,xml_geometry_csv_action
BootPass_109,62,4,4,Position_Unknown,Team_Unknown,Action_PreSnap,772.6,565.58,853.52,679.17,80.91999999999996,113.58999999999992,xml_geometry_csv_action
BootPass_109,62,5,5,Position_Unknown,Team_Unknown,Action_PreSnap,1198.97,652.7,1272.56,772.01,73.58999999999992,119.30999999999995,xml_geometry_csv_action
BootPass_109,62,6,6,Position_Unknown,Team_Unknown,Action_PreSnap,1044.87,444.86,1133.78,554.37,88.91000000000008,109.50999999999999,xml_geometry_csv_action
BootPass_109,62,7,7,Position_Unknown,Team_Unknown,Action_PreSnap,403.98,485.88,462.52,615.55,58.539999999999964,129.66999999999996,xml_geometry_csv_action
BootPass_109,62,8,8,Position_Unknown,Team_Unknown,Action_PreSnap,1056.69,575.4,1148.97,682.78,92.27999999999997,107.38,xml_geometry_csv_action
BootPass_109,62,9,9,Position_Unknown,Team_Unknown,Action_PreSnap,1328.0,493.15,1388.2,620.43,60.200000000000045,127.27999999999997,xml_geometry_csv_action
BootPass_109,63,0,0,Position_Unknown,Team_Unknown,Action_PreSnap,877.67,702.19,975.05,818.43,97.38,116.2399999999999,xml_geometry_csv_action
BootPass_109,63,1,1,Position_Unknown,Team_Unknown,Action_PreSnap,881.02,389.5,945.33,477.25,64.31000000000006,87.75,xml_geometry_csv_action
BootPass_109,63,10,10,Position_Unknown,Team_Unknown,Action_PreSnap,1198.39,399.51,1254.2,514.17,55.809999999999945,114.65999999999997,xml_geometry_csv_action
BootPass_109,63,12,12,Position_Unknown,Team_Unknown,Action_PreSnap,528.86,469.98,580.89,611.57,52.02999999999997,141.59000000000003,xml_geometry_csv_action
BootPass_109,63,13,13,Position_Unknown,Team_Unknown,Action_PreSnap,802.25,460.44,862.83,542.83,60.58000000000004,82.39000000000004,xml_geometry_csv_action
BootPass_109,63,14,14,Position_Unknown,Team_Unknown,Action_None,903.4,523.6,981.05,625.55,77.64999999999998,101.94999999999993,xml_geometry_csv_action
BootPass_109,63,15,15,Position_Unknown,Team_Unknown,Action_PreSnap,1126.78,367.82,1201.17,461.7,74.3900000000001,93.88,xml_geometry_csv_action
BootPass_109,63,16,16,Position_Unknown,Team_Unknown,Action_PreSnap,835.68,434.77,883.77,500.62,48.09000000000003,65.85000000000002,xml_geometry_csv_action
BootPass_109,63,17,17,Position_Unknown,Team_Unknown,Action_PreSnap,821.1,486.31,881.17,569.2,60.069999999999936,82.89000000000004,xml_geometry_csv_action
BootPass_109,63,18,18,Position_Unknown,Team_Unknown,Action_PreSnap,756.13,501.8,804.04,637.92,47.90999999999997,136.11999999999995,xml_geometry_csv_action
BootPass_109,63,19,19,Position_Unknown,Team_Unknown,Action_PreSnap,870.5,496.9,919.42,555.58,48.91999999999996,58.680000000000064,xml_geometry_csv_action
BootPass_109,63,2,2,Position_Unknown,Team_Unknown,Action_PreSnap,646.51,459.58,698.84,555.28,52.33000000000004,95.69999999999999,xml_geometry_csv_action
BootPass_109,63,20,20,Position_Unknown,Team_Unknown,Action_PreSnap,890.72,579.5,988.08,688.52,97.36000000000001,109.01999999999998,xml_geometry_csv_action
BootPass_109,63,3,3,Position_Unknown,Team_Unknown,Action_PreSnap,996.2,688.51,1057.53,802.84,61.32999999999993,114.33000000000004,xml_geometry_csv_action
BootPass_109,63,4,4,Position_Unknown,Team_Unknown,Action_PreSnap,782.96,566.06,858.81,675.96,75.84999999999991,109.90000000000009,xml_geometry_csv_action
BootPass_109,63,5,5,Position_Unknown,Team_Unknown,Action_PreSnap,1194.27,652.81,1270.52,772.14,76.25,119.33000000000004,xml_geometry_csv_action
BootPass_109,63,6,6,Position_Unknown,Team_Unknown,Action_PreSnap,1038.86,443.9,1129.18,552.27,90.32000000000016,108.37,xml_geometry_csv_action
BootPass_109,63,7,7,Position_Unknown,Team_Unknown,Action_PreSnap,403.98,485.63,463.73,615.25,59.75,129.62,xml_geometry_csv_action
BootPass_109,63,8,8,Position_Unknown,Team_Unknown,Action_PreSnap,1049.07,573.27,1120.99,685.17,71.92000000000007,111.89999999999998,xml_geometry_csv_action
BootPass_109,63,9,9,Position_Unknown,Team_Unknown,Action_PreSnap,1323.67,491.08,1384.7,620.56,61.02999999999997,129.47999999999996,xml_geometry_csv_action
BootPass_109,64,0,0,Position_Unknown,Team_Unknown,Action_PreSnap,888.75,704.96,979.59,819.9,90.84000000000003,114.93999999999994,xml_geometry_csv_action
BootPass_109,64,1,1,Position_Unknown,Team_Unknown,Action_PreSnap,885.12,391.7,950.56,478.81,65.43999999999994,87.11000000000001,xml_geometry_csv_action
BootPass_109,64,10,10,Position_Unknown,Team_Unknown,Action_PreSnap,1198.26,399.01,1253.36,513.73,55.09999999999991,114.72000000000003,xml_geometry_csv_action
BootPass_109,64,12,12,Position_Unknown,Team_Unknown,Action_PreSnap,527.44,467.51,580.58,609.28,53.139999999999986,141.76999999999998,xml_geometry_csv_action
BootPass_109,64,13,13,Position_Unknown,Team_Unknown,Action_PreSnap,803.73,461.64,863.09,545.16,59.360000000000014,83.51999999999998,xml_geometry_csv_action
BootPass_109,64,14,14,Position_Unknown,Team_Unknown,Action_None,896.67,521.93,974.47,624.22,77.80000000000007,102.29000000000008,xml_geometry_csv_action
BootPass_109,64,15,15,Position_Unknown,Team_Unknown,Action_PreSnap,1137.34,368.38,1204.31,461.46,66.97000000000003,93.07999999999998,xml_geometry_csv_action
BootPass_109,64,16,16,Position_Unknown,Team_Unknown,Action_PreSnap,829.9,434.74,875.41,492.47,45.50999999999999,57.73000000000002,xml_geometry_csv_action
BootPass_109,64,17,17,Position_Unknown,Team_Unknown,Action_PreSnap,820.1,484.23,877.8,569.49,57.69999999999993,85.25999999999999,xml_geometry_csv_action
BootPass_109,64,18,18,Position_Unknown,Team_Unknown,Action_PreSnap,753.27,502.22,802.89,639.92,49.620000000000005,137.69999999999993,xml_geometry_csv_action
BootPass_109,64,2,2,Position_Unknown,Team_Unknown,Action_PreSnap,644.42,461.61,697.5,555.55,53.08000000000004,93.93999999999994,xml_geometry_csv_action
BootPass_109,64,20,20,Position_Unknown,Team_Unknown,Action_PreSnap,885.32,579.61,977.62,687.0,92.29999999999995,107.38999999999999,xml_geometry_csv_action
BootPass_109,64,3,3,Position_Unknown,Team_Unknown,Action_PreSnap,998.79,692.6,1061.21,803.94,62.42000000000007,111.34000000000003,xml_geometry_csv_action
BootPass_109,64,4,4,Position_Unknown,Team_Unknown,Action_PreSnap,806.16,566.01,865.12,673.74,58.960000000000036,107.73000000000002,xml_geometry_csv_action
BootPass_109,64,5,5,Position_Unknown,Team_Unknown,Action_PreSnap,1188.13,652.61,1269.41,770.26,81.27999999999997,117.64999999999998,xml_geometry_csv_action
BootPass_109,64,6,6,Position_Unknown,Team_Unknown,Action_PreSnap,1033.36,443.22,1124.76,554.48,91.40000000000009,111.25999999999999,xml_geometry_csv_action
BootPass_109,64,7,7,Position_Unknown,Team_Unknown,Action_PreSnap,404.22,484.61,463.26,615.74,59.039999999999964,131.13,xml_geometry_csv_action
BootPass_109,64,8,8,Position_Unknown,Team_Unknown,Action_PreSnap,1039.29,571.33,1107.13,686.62,67.84000000000015,115.28999999999996,xml_geometry_csv_action
BootPass_109,64,9,9,Position_Unknown,Team_Unknown,Action_PreSnap,1319.51,490.24,1381.12,620.08,61.6099999999999,129.84000000000003,xml_geometry_csv_action
BootPass_109,65,0,0,Position_Unknown,Team_Unknown,Action_PreSnap,898.41,707.87,985.12,822.41,86.71000000000004,114.53999999999996,xml_geometry_csv_action
BootPass_109,65,1,1,Position_Unknown,Team_Unknown,Action_PreSnap,887.44,392.86,956.83,480.32,69.38999999999999,87.45999999999998,xml_geometry_csv_action
BootPass_109,65,10,10,Position_Unknown,Team_Unknown,Action_PreSnap,1197.08,399.43,1252.07,513.51,54.99000000000001,114.07999999999998,xml_geometry_csv_action
BootPass_109,65,12,12,Position_Unknown,Team_Unknown,Action_PreSnap,526.29,465.64,579.41,605.76,53.120000000000005,140.12,xml_geometry_csv_action
BootPass_109,65,13,13,Position_Unknown,Team_Unknown,Action_PreSnap,803.68,465.6,862.35,555.48,58.67000000000007,89.88,xml_geometry_csv_action
BootPass_109,65,14,14,Position_Unknown,Team_Unknown,Action_None,891.32,518.98,966.58,620.8,75.25999999999999,101.81999999999994,xml_geometry_csv_action
BootPass_109,65,15,15,Position_Unknown,Team_Unknown,Action_PreSnap,1147.48,367.69,1206.67,464.13,59.190000000000055,96.44,xml_geometry_csv_action
BootPass_109,65,16,16,Position_Unknown,Team_Unknown,Action_PreSnap,826.36,435.23,869.73,488.36,43.370000000000005,53.129999999999995,xml_geometry_csv_action
BootPass_109,65,17,17,Position_Unknown,Team_Unknown,Action_PreSnap,813.09,482.96,875.03,574.35,61.93999999999994,91.39000000000004,xml_geometry_csv_action
BootPass_109,65,18,18,Position_Unknown,Team_Unknown,Action_PreSnap,748.82,503.87,802.7,641.87,53.879999999999995,138.0,xml_geometry_csv_action
BootPass_109,65,2,2,Position_Unknown,Team_Unknown,Action_PreSnap,640.31,464.21,694.84,559.88,54.530000000000086,95.67000000000002,xml_geometry_csv_action
BootPass_109,65,20,20,Position_Unknown,Team_Unknown,Action_PreSnap,879.89,580.55,971.75,686.38,91.86000000000001,105.83000000000004,xml_geometry_csv_action
BootPass_109,65,22,21,Position_Unknown,Team_Unknown,Action_FakeHandoff,761.01,482.41,814.21,596.75,53.200000000000045,114.33999999999997,xml_geometry_csv_action
BootPass_109,65,3,3,Position_Unknown,Team_Unknown,Action_PreSnap,998.99,696.95,1064.17,803.11,65.18000000000006,106.15999999999997,xml_geometry_csv_action
BootPass_109,65,4,4,Position_Unknown,Team_Unknown,Action_PreSnap,814.82,565.25,877.86,672.19,63.039999999999964,106.94000000000005,xml_geometry_csv_action
BootPass_109,65,5,5,Position_Unknown,Team_Unknown,Action_PreSnap,1181.8,652.42,1267.15,768.43,85.35000000000014,116.00999999999999,xml_geometry_csv_action
BootPass_109,65,6,6,Position_Unknown,Team_Unknown,Action_PreSnap,1026.91,442.85,1118.6,557.15,91.68999999999983,114.29999999999995,xml_geometry_csv_action
BootPass_109,65,7,7,Position_Unknown,Team_Unknown,Action_PreSnap,403.51,482.41,460.71,617.8,57.19999999999999,135.38999999999993,xml_geometry_csv_action
BootPass_109,65,8,8,Position_Unknown,Team_Unknown,Action_PreSnap,1023.21,570.54,1100.58,687.0,77.36999999999989,116.46000000000004,xml_geometry_csv_action
BootPass_109,65,9,9,Position_Unknown,Team_Unknown,Action_PreSnap,1315.39,490.02,1377.66,619.18,62.26999999999998,129.15999999999997,xml_geometry_csv_action
BootPass_109,66,0,0,Position_Unknown,Team_Unknown,Action_PreSnap,903.84,710.08,993.03,824.79,89.18999999999994,114.70999999999992,xml_geometry_csv_action
BootPass_109,66,1,1,Position_Unknown,Team_Unknown,Action_PreSnap,895.63,393.06,964.57,481.02,68.94000000000005,87.95999999999998,xml_geometry_csv_action
BootPass_109,66,10,10,Position_Unknown,Team_Unknown,Action_PreSnap,1194.2,399.42,1251.39,513.02,57.190000000000055,113.59999999999997,xml_geometry_csv_action
BootPass_109,66,12,12,Position_Unknown,Team_Unknown,Action_PreSnap,523.8,463.69,578.26,602.77,54.460000000000036,139.07999999999998,xml_geometry_csv_action
BootPass_109,66,13,13,Position_Unknown,Team_Unknown,Action_PreSnap,803.19,470.36,856.82,560.81,53.629999999999995,90.44999999999993,xml_geometry_csv_action
BootPass_109,66,14,14,Position_Unknown,Team_Unknown,Action_None,887.38,517.59,962.71,620.27,75.33000000000004,102.67999999999995,xml_geometry_csv_action
BootPass_109,66,15,15,Position_Unknown,Team_Unknown,Action_PreSnap,1152.82,368.15,1209.01,464.09,56.190000000000055,95.94,xml_geometry_csv_action
BootPass_109,66,16,16,Position_Unknown,Team_Unknown,Action_PreSnap,821.37,436.04,865.02,491.93,43.64999999999998,55.889999999999986,xml_geometry_csv_action
BootPass_109,66,17,17,Position_Unknown,Team_Unknown,Action_PreSnap,814.9,506.6,879.2,588.19,64.30000000000007,81.59000000000003,xml_geometry_csv_action
BootPass_109,66,18,18,Position_Unknown,Team_Unknown,Action_PreSnap,743.09,506.56,800.04,640.8,56.94999999999993,134.23999999999995,xml_geometry_csv_action
BootPass_109,66,2,2,Position_Unknown,Team_Unknown,Action_PreSnap,638.3,466.17,692.63,562.66,54.33000000000004,96.48999999999995,xml_geometry_csv_action
BootPass_109,66,20,20,Position_Unknown,Team_Unknown,Action_PreSnap,874.67,579.58,965.27,681.09,90.60000000000002,101.50999999999999,xml_geometry_csv_action
BootPass_109,66,22,21,Position_Unknown,Team_Unknown,Action_FakeHandoff,757.33,481.14,813.74,594.66,56.40999999999997,113.51999999999998,xml_geometry_csv_action
BootPass_109,66,3,3,Position_Unknown,Team_Unknown,Action_PreSnap,998.4,699.19,1068.38,803.97,69.98000000000013,104.77999999999997,xml_geometry_csv_action
BootPass_109,66,4,4,Position_Unknown,Team_Unknown,Action_PreSnap,813.71,565.36,889.76,678.08,76.04999999999995,112.72000000000003,xml_geometry_csv_action
BootPass_109,66,5,5,Position_Unknown,Team_Unknown,Action_PreSnap,1174.95,651.44,1261.71,770.86,86.75999999999999,119.41999999999996,xml_geometry_csv_action
BootPass_109,66,6,6,Position_Unknown,Team_Unknown,Action_PreSnap,1021.71,442.45,1109.8,558.24,88.08999999999992,115.79000000000002,xml_geometry_csv_action
BootPass_109,66,7,7,Position_Unknown,Team_Unknown,Action_PreSnap,404.51,479.86,460.48,618.05,55.97000000000003,138.18999999999994,xml_geometry_csv_action
BootPass_109,66,8,8,Position_Unknown,Team_Unknown,Action_PreSnap,1014.42,570.74,1090.49,687.53,76.07000000000005,116.78999999999996,xml_geometry_csv_action
BootPass_109,66,9,9,Position_Unknown,Team_Unknown,Action_PreSnap,1311.2,490.57,1372.18,617.89,60.98000000000002,127.32,xml_geometry_csv_action
BootPass_109,67,0,0,Position_Unknown,Team_Unknown,Action_PreSnap,905.9,712.14,1000.95,830.15,95.05000000000007,118.00999999999999,xml_geometry_csv_action
BootPass_109,67,1,1,Position_Unknown,Team_Unknown,Action_PreSnap,907.0,394.58,972.01,480.52,65.00999999999999,85.94,xml_geometry_csv_action
BootPass_109,67,10,10,Position_Unknown,Team_Unknown,Action_PreSnap,1192.38,400.56,1248.88,512.33,56.5,111.77000000000004,xml_geometry_csv_action
BootPass_109,67,12,12,Position_Unknown,Team_Unknown,Action_PreSnap,521.27,462.53,578.23,600.85,56.960000000000036,138.32000000000005,xml_geometry_csv_action
BootPass_109,67,13,13,Position_Unknown,Team_Unknown,Action_PreSnap,805.56,471.56,859.47,563.75,53.91000000000008,92.19,xml_geometry_csv_action
BootPass_109,67,14,14,Position_Unknown,Team_Unknown,Action_None,883.78,516.18,955.58,620.26,71.80000000000007,104.08000000000004,xml_geometry_csv_action
BootPass_109,67,15,15,Position_Unknown,Team_Unknown,Action_PreSnap,1158.65,367.65,1211.56,464.93,52.909999999999854,97.28000000000003,xml_geometry_csv_action
BootPass_109,67,16,16,Position_Unknown,Team_Unknown,Action_PreSnap,810.19,437.33,861.49,494.37,51.299999999999955,57.04000000000002,xml_geometry_csv_action
BootPass_109,67,17,17,Position_Unknown,Team_Unknown,Action_PreSnap,812.77,517.6,878.61,610.76,65.84000000000003,93.15999999999997,xml_geometry_csv_action
BootPass_109,67,18,18,Position_Unknown,Team_Unknown,Action_PreSnap,736.91,506.78,795.66,638.69,58.75,131.91000000000008,xml_geometry_csv_action
BootPass_109,67,2,2,Position_Unknown,Team_Unknown,Action_PreSnap,638.87,468.41,690.95,565.21,52.08000000000004,96.80000000000001,xml_geometry_csv_action
BootPass_109,67,20,20,Position_Unknown,Team_Unknown,Action_PreSnap,868.35,577.38,956.43,678.35,88.07999999999993,100.97000000000003,xml_geometry_csv_action
BootPass_109,67,22,21,Position_Unknown,Team_Unknown,Action_FakeHandoff,757.57,479.88,814.15,585.9,56.57999999999993,106.01999999999998,xml_geometry_csv_action
BootPass_109,67,3,3,Position_Unknown,Team_Unknown,Action_PreSnap,1002.25,700.13,1072.43,807.27,70.18000000000006,107.13999999999999,xml_geometry_csv_action
BootPass_109,67,4,4,Position_Unknown,Team_Unknown,Action_PreSnap,812.74,566.25,892.94,680.28,80.20000000000005,114.02999999999997,xml_geometry_csv_action
BootPass_109,67,5,5,Position_Unknown,Team_Unknown,Action_PreSnap,1168.33,650.95,1248.01,770.19,79.68000000000006,119.24000000000001,xml_geometry_csv_action
BootPass_109,67,6,6,Position_Unknown,Team_Unknown,Action_PreSnap,1016.53,442.76,1097.52,559.22,80.99000000000001,116.46000000000004,xml_geometry_csv_action
BootPass_109,67,7,7,Position_Unknown,Team_Unknown,Action_PreSnap,403.7,477.86,459.71,614.8,56.00999999999999,136.93999999999994,xml_geometry_csv_action
BootPass_109,67,8,8,Position_Unknown,Team_Unknown,Action_PreSnap,1009.95,571.41,1084.4,689.19,74.45000000000005,117.78000000000009,xml_geometry_csv_action
BootPass_109,67,9,9,Position_Unknown,Team_Unknown,Action_PreSnap,1306.62,492.21,1365.33,617.87,58.710000000000036,125.66000000000003,xml_geometry_csv_action
BootPass_109,68,0,0,Position_Unknown,Team_Unknown,Action_PreSnap,906.93,712.78,1004.17,832.01,97.24000000000001,119.23000000000002,xml_geometry_csv_action
BootPass_109,68,1,1,Position_Unknown,Team_Unknown,Action_PreSnap,911.33,395.05,974.91,480.18,63.57999999999993,85.13,xml_geometry_csv_action
BootPass_109,68,10,10,Position_Unknown,Team_Unknown,Action_PreSnap,1192.11,400.9,1248.3,511.99,56.190000000000055,111.09000000000003,xml_geometry_csv_action
BootPass_109,68,12,12,Position_Unknown,Team_Unknown,Action_PreSnap,520.73,462.06,578.63,600.09,57.89999999999998,138.03000000000003,xml_geometry_csv_action
BootPass_109,68,13,13,Position_Unknown,Team_Unknown,Action_PreSnap,806.72,471.9,860.75,564.72,54.02999999999997,92.82000000000005,xml_geometry_csv_action
BootPass_109,68,14,14,Position_Unknown,Team_Unknown,Action_None,882.98,515.6,953.42,620.22,70.43999999999994,104.62,xml_geometry_csv_action
BootPass_109,68,15,15,Position_Unknown,Team_Unknown,Action_PreSnap,1160.85,367.37,1212.68,465.16,51.830000000000155,97.79000000000002,xml_geometry_csv_action
BootPass_109,68,16,16,Position_Unknown,Team_Unknown,Action_PreSnap,806.58,437.76,860.5,495.34,53.91999999999996,57.579999999999984,xml_geometry_csv_action
BootPass_109,68,17,17,Position_Unknown,Team_Unknown,Action_PreSnap,812.36,521.29,878.78,618.32,66.41999999999996,97.03000000000009,xml_geometry_csv_action
BootPass_109,68,18,18,Position_Unknown,Team_Unknown,Action_PreSnap,735.04,506.78,794.44,637.81,59.40000000000009,131.02999999999997,xml_geometry_csv_action
BootPass_109,68,2,2,Position_Unknown,Team_Unknown,Action_PreSnap,639.53,469.12,690.76,566.03,51.23000000000002,96.90999999999997,xml_geometry_csv_action
BootPass_109,68,20,20,Position_Unknown,Team_Unknown,Action_PreSnap,866.51,576.52,953.58,677.35,87.07000000000005,100.83000000000004,xml_geometry_csv_action
BootPass_109,68,22,21,Position_Unknown,Team_Unknown,Action_FakeHandoff,758.27,479.42,814.77,582.37,56.5,102.94999999999999,xml_geometry_csv_action
BootPass_109,68,3,3,Position_Unknown,Team_Unknown,Action_PreSnap,1004.14,700.36,1074.37,808.36,70.2299999999999,108.0,xml_geometry_csv_action
BootPass_109,68,4,4,Position_Unknown,Team_Unknown,Action_PreSnap,812.44,566.54,894.4,681.1,81.95999999999992,114.56000000000006,xml_geometry_csv_action
BootPass_109,68,5,5,Position_Unknown,Team_Unknown,Action_PreSnap,1166.31,650.68,1243.03,769.88,76.72000000000003,119.20000000000005,xml_geometry_csv_action
BootPass_109,68,6,6,Position_Unknown,Team_Unknown,Action_PreSnap,1015.15,442.8,1093.4,559.49,78.25000000000011,116.69,xml_geometry_csv_action
BootPass_109,68,7,7,Position_Unknown,Team_Unknown,Action_PreSnap,403.73,477.02,459.84,613.54,56.10999999999996,136.51999999999998,xml_geometry_csv_action
BootPass_109,68,8,8,Position_Unknown,Team_Unknown,Action_PreSnap,1008.99,571.59,1082.81,689.72,73.81999999999994,118.13,xml_geometry_csv_action
BootPass_109,68,9,9,Position_Unknown,Team_Unknown,Action_PreSnap,1305.42,492.74,1363.24,617.75,57.819999999999936,125.00999999999999,xml_geometry_csv_action
BootPass_109,69,0,0,Position_Unknown,Team_Unknown,Action_PreSnap,908.48,714.47,1003.8,837.13,95.31999999999994,122.65999999999997,xml_geometry_csv_action
BootPass_109,69,1,1,Position_Unknown,Team_Unknown,Action_PreSnap,922.18,396.83,978.48,479.79,56.30000000000007,82.96000000000004,xml_geometry_csv_action
BootPass_109,69,10,10,Position_Unknown,Team_Unknown,Action_PreSnap,1190.94,398.37,1247.16,511.53,56.22000000000003,113.15999999999997,xml_geometry_csv_action
BootPass_109,69,12,12,Position_Unknown,Team_Unknown,Action_PreSnap,517.94,461.98,580.03,599.64,62.08999999999992,137.65999999999997,xml_geometry_csv_action
BootPass_109,69,13,13,Position_Unknown,Team_Unknown,Action_PreSnap,809.6,471.19,863.23,559.55,53.629999999999995,88.35999999999996,xml_geometry_csv_action
BootPass_109,69,14,14,Position_Unknown,Team_Unknown,Action_None,878.5,514.85,947.17,622.43,68.66999999999996,107.57999999999993,xml_geometry_csv_action
BootPass_109,69,15,15,Position_Unknown,Team_Unknown,Action_PreSnap,1159.5,367.7,1213.51,467.56,54.00999999999999,99.86000000000001,xml_geometry_csv_action
BootPass_109,69,16,16,Position_Unknown,Team_Unknown,Action_PreSnap,799.24,438.57,853.88,512.0,54.639999999999986,73.43,xml_geometry_csv_action
BootPass_109,69,17,17,Position_Unknown,Team_Unknown,Action_PreSnap,813.76,521.17,877.28,607.4,63.51999999999998,86.23000000000002,xml_geometry_csv_action
BootPass_109,69,18,18,Position_Unknown,Team_Unknown,Action_PreSnap,733.82,505.79,792.26,636.56,58.43999999999994,130.76999999999992,xml_geometry_csv_action
BootPass_109,69,2,2,Position_Unknown,Team_Unknown,Action_PreSnap,639.29,470.15,689.21,571.59,49.92000000000007,101.44000000000005,xml_geometry_csv_action
BootPass_109,69,20,20,Position_Unknown,Team_Unknown,Action_PreSnap,866.87,576.13,944.41,672.74,77.53999999999996,96.61000000000001,xml_geometry_csv_action
BootPass_109,69,22,21,Position_Unknown,Team_Unknown,Action_FakeHandoff,755.21,479.05,814.66,584.42,59.44999999999993,105.36999999999995,xml_geometry_csv_action
BootPass_109,69,3,3,Position_Unknown,Team_Unknown,Action_PreSnap,1008.12,702.64,1077.58,817.39,69.45999999999992,114.75,xml_geometry_csv_action
BootPass_109,69,4,4,Position_Unknown,Team_Unknown,Action_PreSnap,807.14,563.77,891.28,674.84,84.13999999999999,111.07000000000005,xml_geometry_csv_action
BootPass_109,69,5,5,Position_Unknown,Team_Unknown,Action_PreSnap,1159.33,650.61,1232.13,771.09,72.80000000000018,120.48000000000002,xml_geometry_csv_action
BootPass_109,69,6,6,Position_Unknown,Team_Unknown,Action_PreSnap,1009.59,443.34,1080.45,556.91,70.86000000000001,113.57,xml_geometry_csv_action
BootPass_109,69,7,7,Position_Unknown,Team_Unknown,Action_PreSnap,401.92,476.51,458.38,608.23,56.45999999999998,131.72000000000003,xml_geometry_csv_action
BootPass_109,69,8,8,Position_Unknown,Team_Unknown,Action_PreSnap,1002.25,571.98,1074.74,691.73,72.49000000000001,119.75,xml_geometry_csv_action
BootPass_109,69,9,9,Position_Unknown,Team_Unknown,Action_PreSnap,1301.79,494.35,1357.35,619.68,55.559999999999945,125.32999999999993,xml_geometry_csv_action
BootPass_109,70,0,0,Position_Unknown,Team_Unknown,Action_PreSnap,935.17,717.97,1018.9,842.6,83.73000000000002,124.63,xml_geometry_csv_action
BootPass_109,70,1,1,Position_Unknown,Team_Unknown,Action_PreSnap,932.67,398.79,984.13,482.89,51.460000000000036,84.09999999999997,xml_geometry_csv_action
BootPass_109,70,10,10,Position_Unknown,Team_Unknown,Action_PreSnap,1188.01,400.52,1243.99,511.53,55.98000000000002,111.00999999999999,xml_geometry_csv_action
BootPass_109,70,12,12,Position_Unknown,Team_Unknown,Action_PreSnap,513.51,462.45,581.21,596.06,67.70000000000005,133.60999999999996,xml_geometry_csv_action
BootPass_109,70,13,13,Position_Unknown,Team_Unknown,Action_PreSnap,809.25,470.63,864.74,561.17,55.49000000000001,90.53999999999996,xml_geometry_csv_action
BootPass_109,70,14,14,Position_Unknown,Team_Unknown,Action_None,874.59,513.81,943.45,621.83,68.86000000000001,108.0200000000001,xml_geometry_csv_action
BootPass_109,70,15,15,Position_Unknown,Team_Unknown,Action_PreSnap,1166.72,369.08,1218.12,463.07,51.399999999999864,93.99000000000001,xml_geometry_csv_action
BootPass_109,70,16,16,Position_Unknown,Team_Unknown,Action_PreSnap,791.81,438.97,844.35,520.68,52.54000000000008,81.70999999999992,xml_geometry_csv_action
BootPass_109,70,17,17,Position_Unknown,Team_Unknown,Action_PreSnap,814.45,520.3,876.04,600.75,61.58999999999992,80.45000000000005,xml_geometry_csv_action
BootPass_109,70,18,18,Position_Unknown,Team_Unknown,Action_PreSnap,728.86,503.79,790.73,635.42,61.870000000000005,131.62999999999994,xml_geometry_csv_action
BootPass_109,70,2,2,Position_Unknown,Team_Unknown,Action_PreSnap,638.52,472.92,687.8,573.3,49.27999999999997,100.37999999999994,xml_geometry_csv_action
BootPass_109,70,20,20,Position_Unknown,Team_Unknown,Action_PreSnap,865.29,574.88,936.82,669.66,71.53000000000009,94.77999999999997,xml_geometry_csv_action
BootPass_109,70,22,21,Position_Unknown,Team_Unknown,Action_FakeHandoff,750.48,478.48,809.98,585.32,59.5,106.84000000000003,xml_geometry_csv_action
BootPass_109,70,24,22,Position_Unknown,Team_Unknown,Action_PreSnap,829.72,574.24,902.73,687.24,73.00999999999999,113.0,xml_geometry_csv_action
BootPass_109,70,3,3,Position_Unknown,Team_Unknown,Action_PreSnap,1019.07,704.69,1085.59,822.11,66.51999999999987,117.41999999999996,xml_geometry_csv_action
BootPass_109,70,4,4,Position_Unknown,Team_Unknown,Action_PreSnap,805.08,563.86,887.36,670.93,82.27999999999997,107.06999999999994,xml_geometry_csv_action
BootPass_109,70,5,5,Position_Unknown,Team_Unknown,Action_PreSnap,1150.8,650.22,1218.95,766.24,68.15000000000009,116.01999999999998,xml_geometry_csv_action
BootPass_109,70,6,6,Position_Unknown,Team_Unknown,Action_PreSnap,1004.61,444.79,1068.44,558.56,63.83000000000004,113.76999999999992,xml_geometry_csv_action
BootPass_109,70,7,7,Position_Unknown,Team_Unknown,Action_PreSnap,399.79,475.88,460.26,600.02,60.46999999999997,124.13999999999999,xml_geometry_csv_action
BootPass_109,70,8,8,Position_Unknown,Team_Unknown,Action_PreSnap,993.22,572.02,1060.63,689.0,67.41000000000008,116.98000000000002,xml_geometry_csv_action
BootPass_109,70,9,9,Position_Unknown,Team_Unknown,Action_PreSnap,1297.77,496.36,1351.38,621.96,53.61000000000013,125.60000000000002,xml_geometry_csv_action
BootPass_109,71,0,0,Position_Unknown,Team_Unknown,Action_PreSnap,942.29,721.02,1029.52,846.02,87.23000000000002,125.0,xml_geometry_csv_action
BootPass_109,71,1,1,Position_Unknown,Team_Unknown,Action_PreSnap,938.46,400.79,990.53,486.61,52.069999999999936,85.82,xml_geometry_csv_action
BootPass_109,71,10,10,Position_Unknown,Team_Unknown,Action_PreSnap,1184.31,401.7,1241.18,512.97,56.87000000000012,111.27000000000004,xml_geometry_csv_action
BootPass_109,71,12,12,Position_Unknown,Team_Unknown,Action_PreSnap,509.45,462.79,581.37,593.33,71.92000000000002,130.54000000000002,xml_geometry_csv_action
BootPass_109,71,13,13,Position_Unknown,Team_Unknown,Action_PreSnap,808.89,470.52,865.57,560.78,56.680000000000064,90.25999999999999,xml_geometry_csv_action
BootPass_109,71,14,14,Position_Unknown,Team_Unknown,Action_None,871.14,513.24,942.63,622.91,71.49000000000001,109.66999999999996,xml_geometry_csv_action
BootPass_109,71,15,15,Position_Unknown,Team_Unknown,Action_PreSnap,1174.95,369.6,1226.03,464.67,51.07999999999993,95.07,xml_geometry_csv_action
BootPass_109,71,16,16,Position_Unknown,Team_Unknown,Action_PreSnap,789.06,438.57,837.65,524.64,48.59000000000003,86.07,xml_geometry_csv_action
BootPass_109,71,17,17,Position_Unknown,Team_Unknown,Action_PreSnap,812.5,520.21,873.53,600.7,61.02999999999997,80.49000000000001,xml_geometry_csv_action
BootPass_109,71,18,18,Position_Unknown,Team_Unknown,Action_PreSnap,724.15,501.43,789.4,633.54,65.25,132.10999999999996,xml_geometry_csv_action
BootPass_109,71,2,2,Position_Unknown,Team_Unknown,Action_PreSnap,637.99,476.9,688.07,575.66,50.08000000000004,98.75999999999999,xml_geometry_csv_action
BootPass_109,71,20,20,Position_Unknown,Team_Unknown,Action_PreSnap,861.09,570.13,934.01,668.94,72.91999999999996,98.81000000000006,xml_geometry_csv_action
BootPass_109,71,22,21,Position_Unknown,Team_Unknown,Action_FakeHandoff,748.14,477.05,805.76,587.6,57.620000000000005,110.55000000000001,xml_geometry_csv_action
BootPass_109,71,24,22,Position_Unknown,Team_Unknown,Action_PreSnap,829.96,573.92,901.44,686.26,71.48000000000002,112.34000000000003,xml_geometry_csv_action
BootPass_109,71,25,23,Position_Unknown,Team_Unknown,Action_PreSnap,1246.17,492.74,1297.72,614.71,51.549999999999955,121.97000000000003,xml_geometry_csv_action
BootPass_109,71,3,3,Position_Unknown,Team_Unknown,Action_PreSnap,1026.52,708.98,1097.01,824.22,70.49000000000001,115.24000000000001,xml_geometry_csv_action
BootPass_109,71,4,4,Position_Unknown,Team_Unknown,Action_PreSnap,803.7,562.51,883.04,666.51,79.33999999999992,104.0,xml_geometry_csv_action
BootPass_109,71,5,5,Position_Unknown,Team_Unknown,Action_PreSnap,1142.06,650.69,1208.62,764.7,66.55999999999995,114.00999999999999,xml_geometry_csv_action
BootPass_109,71,6,6,Position_Unknown,Team_Unknown,Action_PreSnap,997.97,446.08,1060.09,561.05,62.11999999999989,114.96999999999997,xml_geometry_csv_action
BootPass_109,71,7,7,Position_Unknown,Team_Unknown,Action_PreSnap,399.15,474.39,467.21,596.38,68.06,121.99000000000001,xml_geometry_csv_action
BootPass_109,71,8,8,Position_Unknown,Team_Unknown,Action_PreSnap,983.88,571.99,1046.17,688.24,62.29000000000008,116.25,xml_geometry_csv_action
BootPass_109,71,9,9,Position_Unknown,Team_Unknown,Action_PreSnap,1292.65,498.45,1346.15,624.47,53.5,126.02000000000004,xml_geometry_csv_action
BootPass_109,72,0,0,Position_Unknown,Team_Unknown,Action_PreSnap,949.78,724.04,1041.2,845.91,91.42000000000007,121.87,xml_geometry_csv_action
BootPass_109,72,1,1,Position_Unknown,Team_Unknown,Action_PreSnap,940.12,402.48,996.95,491.04,56.83000000000004,88.56,xml_geometry_csv_action
BootPass_109,72,10,10,Position_Unknown,Team_Unknown,Action_PreSnap,1178.78,402.71,1238.18,516.71,59.40000000000009,114.00000000000006,xml_geometry_csv_action
BootPass_109,72,12,12,Position_Unknown,Team_Unknown,Action_PreSnap,505.5,462.5,579.11,589.41,73.61000000000001,126.90999999999997,xml_geometry_csv_action
BootPass_109,72,13,13,Position_Unknown,Team_Unknown,Action_PreSnap,808.67,470.05,866.56,558.07,57.889999999999986,88.02000000000004,xml_geometry_csv_action
BootPass_109,72,14,14,Position_Unknown,Team_Unknown,Action_None,865.17,507.76,939.61,621.78,74.44000000000005,114.01999999999998,xml_geometry_csv_action
BootPass_109,72,15,15,Position_Unknown,Team_Unknown,Action_PreSnap,1186.39,369.78,1236.87,452.83,50.47999999999979,83.05000000000001,xml_geometry_csv_action
BootPass_109,72,16,16,Position_Unknown,Team_Unknown,Action_PreSnap,784.9,439.41,832.81,526.64,47.90999999999997,87.22999999999996,xml_geometry_csv_action
BootPass_109,72,17,17,Position_Unknown,Team_Unknown,Action_PreSnap,810.09,519.46,872.18,603.56,62.08999999999992,84.09999999999991,xml_geometry_csv_action
BootPass_109,72,18,18,Position_Unknown,Team_Unknown,Action_PreSnap,719.73,499.15,787.23,630.13,67.5,130.98000000000002,xml_geometry_csv_action
BootPass_109,72,2,2,Position_Unknown,Team_Unknown,Action_PreSnap,637.04,480.66,687.64,576.49,50.60000000000002,95.82999999999998,xml_geometry_csv_action
BootPass_109,72,20,20,Position_Unknown,Team_Unknown,Action_PreSnap,856.64,563.7,931.95,668.38,75.31000000000006,104.67999999999995,xml_geometry_csv_action
BootPass_109,72,22,21,Position_Unknown,Team_Unknown,Action_FakeHandoff,746.41,475.57,800.41,589.35,54.0,113.78000000000003,xml_geometry_csv_action
BootPass_109,72,24,22,Position_Unknown,Team_Unknown,Action_PreSnap,829.39,573.39,899.47,685.41,70.08000000000004,112.01999999999998,xml_geometry_csv_action
BootPass_109,72,25,23,Position_Unknown,Team_Unknown,Action_PreSnap,1245.09,494.08,1295.06,612.49,49.97000000000003,118.41000000000003,xml_geometry_csv_action
BootPass_109,72,3,3,Position_Unknown,Team_Unknown,Action_PreSnap,1036.55,712.11,1109.24,816.09,72.69000000000005,103.98000000000002,xml_geometry_csv_action
BootPass_109,72,4,4,Position_Unknown,Team_Unknown,Action_PreSnap,801.95,562.9,874.98,663.54,73.02999999999997,100.63999999999999,xml_geometry_csv_action
BootPass_109,72,5,5,Position_Unknown,Team_Unknown,Action_PreSnap,1133.14,650.45,1203.29,769.59,70.14999999999986,119.13999999999999,xml_geometry_csv_action
BootPass_109,72,6,6,Position_Unknown,Team_Unknown,Action_PreSnap,989.59,447.1,1050.5,562.71,60.90999999999997,115.61000000000001,xml_geometry_csv_action
BootPass_109,72,7,7,Position_Unknown,Team_Unknown,Action_PreSnap,398.89,472.34,465.54,593.59,66.65000000000003,121.25000000000006,xml_geometry_csv_action
BootPass_109,72,8,8,Position_Unknown,Team_Unknown,Action_PreSnap,974.34,574.25,1032.88,692.65,58.54000000000008,118.39999999999998,xml_geometry_csv_action
BootPass_109,72,9,9,Position_Unknown,Team_Unknown,Action_PreSnap,1286.46,499.94,1340.66,627.15,54.200000000000045,127.20999999999998,xml_geometry_csv_action
BootPass_109,73,0,0,Position_Unknown,Team_Unknown,Action_PreSnap,961.1,725.8,1049.47,844.82,88.37,119.0200000000001,xml_geometry_csv_action
BootPass_109,73,1,1,Position_Unknown,Team_Unknown,Action_PreSnap,939.72,403.94,1002.59,491.16,62.870000000000005,87.22000000000003,xml_geometry_csv_action
BootPass_109,73,10,10,Position_Unknown,Team_Unknown,Action_PreSnap,1174.9,404.58,1237.84,520.17,62.93999999999983,115.58999999999997,xml_geometry_csv_action
BootPass_109,73,12,12,Position_Unknown,Team_Unknown,Action_PreSnap,502.78,463.09,575.8,586.69,73.01999999999998,123.60000000000008,xml_geometry_csv_action
BootPass_109,73,13,13,Position_Unknown,Team_Unknown,Action_PreSnap,805.03,470.21,865.59,558.51,60.56000000000006,88.30000000000001,xml_geometry_csv_action
BootPass_109,73,14,14,Position_Unknown,Team_Unknown,Action_None,861.59,504.59,935.87,621.3,74.27999999999997,116.70999999999998,xml_geometry_csv_action
BootPass_109,73,15,15,Position_Unknown,Team_Unknown,Action_PreSnap,1194.45,371.45,1248.71,447.27,54.25999999999999,75.82,xml_geometry_csv_action
BootPass_109,73,16,16,Position_Unknown,Team_Unknown,Action_PreSnap,780.73,441.47,828.03,528.13,47.299999999999955,86.65999999999997,xml_geometry_csv_action
BootPass_109,73,18,18,Position_Unknown,Team_Unknown,Action_PreSnap,714.89,495.99,782.2,626.82,67.31000000000006,130.83000000000004,xml_geometry_csv_action
BootPass_109,73,2,2,Position_Unknown,Team_Unknown,Action_PreSnap,638.22,483.46,688.2,578.88,49.98000000000002,95.42000000000002,xml_geometry_csv_action
BootPass_109,73,20,20,Position_Unknown,Team_Unknown,Action_PreSnap,853.38,558.85,930.58,669.83,77.20000000000005,110.98000000000002,xml_geometry_csv_action
BootPass_109,73,22,21,Position_Unknown,Team_Unknown,Action_FakeHandoff,743.3,474.63,796.67,590.5,53.370000000000005,115.87,xml_geometry_csv_action
BootPass_109,73,24,22,Position_Unknown,Team_Unknown,Action_PreSnap,828.69,574.43,897.14,684.07,68.44999999999993,109.6400000000001,xml_geometry_csv_action
BootPass_109,73,3,3,Position_Unknown,Team_Unknown,Action_PreSnap,1047.72,712.98,1119.26,814.04,71.53999999999996,101.05999999999995,xml_geometry_csv_action
BootPass_109,73,4,4,Position_Unknown,Team_Unknown,Action_PreSnap,798.45,534.51,870.25,653.61,71.79999999999995,119.10000000000002,xml_geometry_csv_action
BootPass_109,73,5,5,Position_Unknown,Team_Unknown,Action_PreSnap,1123.27,650.4,1201.3,770.94,78.02999999999997,120.54000000000008,xml_geometry_csv_action
BootPass_109,73,6,6,Position_Unknown,Team_Unknown,Action_PreSnap,982.56,449.9,1039.52,564.98,56.960000000000036,115.08000000000004,xml_geometry_csv_action
BootPass_109,73,7,7,Position_Unknown,Team_Unknown,Action_PreSnap,401.02,469.54,464.96,589.95,63.94,120.41000000000003,xml_geometry_csv_action
BootPass_109,73,8,8,Position_Unknown,Team_Unknown,Action_PreSnap,963.97,575.59,1022.0,692.96,58.02999999999997,117.37,xml_geometry_csv_action
BootPass_109,73,9,9,Position_Unknown,Team_Unknown,Action_PreSnap,1279.37,501.89,1333.1,628.08,53.73000000000002,126.19000000000005,xml_geometry_csv_action
BootPass_109,74,0,0,Position_Unknown,Team_Unknown,Action_PreSnap,965.26,727.55,1055.58,845.52,90.31999999999994,117.97000000000003,xml_geometry_csv_action
BootPass_109,74,1,1,Position_Unknown,Team_Unknown,Action_PreSnap,953.6,405.5,1010.71,484.08,57.110000000000014,78.57999999999998,xml_geometry_csv_action
BootPass_109,74,10,10,Position_Unknown,Team_Unknown,Action_PreSnap,1170.62,406.1,1235.81,522.59,65.19000000000005,116.49000000000001,xml_geometry_csv_action
BootPass_109,74,12,12,Position_Unknown,Team_Unknown,Action_PreSnap,500.58,463.21,573.74,585.35,73.16000000000003,122.14000000000004,xml_geometry_csv_action
BootPass_109,74,14,14,Position_Unknown,Team_Unknown,Action_None,858.34,504.04,928.92,616.89,70.57999999999993,112.84999999999997,xml_geometry_csv_action
BootPass_109,74,15,15,Position_Unknown,Team_Unknown,Action_PreSnap,1199.63,372.89,1256.88,451.5,57.25,78.61000000000001,xml_geometry_csv_action
BootPass_109,74,16,16,Position_Unknown,Team_Unknown,Action_PreSnap,776.54,444.95,823.8,528.85,47.25999999999999,83.90000000000003,xml_geometry_csv_action
BootPass_109,74,18,18,Position_Unknown,Team_Unknown,Action_PreSnap,711.14,493.22,776.61,623.59,65.47000000000003,130.37,xml_geometry_csv_action
BootPass_109,74,2,2,Position_Unknown,Team_Unknown,Action_PreSnap,638.76,485.72,689.38,587.44,50.620000000000005,101.72000000000003,xml_geometry_csv_action
BootPass_109,74,20,20,Position_Unknown,Team_Unknown,Action_PreSnap,852.96,558.63,929.03,670.33,76.06999999999994,111.70000000000005,xml_geometry_csv_action
BootPass_109,74,22,21,Position_Unknown,Team_Unknown,Action_FakeHandoff,740.71,474.09,794.78,590.0,54.069999999999936,115.91000000000003,xml_geometry_csv_action
BootPass_109,74,24,22,Position_Unknown,Team_Unknown,Action_PreSnap,827.51,574.55,894.66,682.47,67.14999999999998,107.92000000000007,xml_geometry_csv_action
BootPass_109,74,3,3,Position_Unknown,Team_Unknown,Action_PreSnap,1051.32,714.36,1122.03,816.91,70.71000000000004,102.54999999999995,xml_geometry_csv_action
BootPass_109,74,4,4,Position_Unknown,Team_Unknown,Action_PreSnap,796.85,527.1,864.88,651.33,68.02999999999997,124.23000000000002,xml_geometry_csv_action
BootPass_109,74,5,5,Position_Unknown,Team_Unknown,Action_PreSnap,1110.87,649.04,1192.4,765.67,81.5300000000002,116.63,xml_geometry_csv_action
BootPass_109,74,6,6,Position_Unknown,Team_Unknown,Action_PreSnap,974.72,453.03,1027.1,565.93,52.37999999999988,112.89999999999998,xml_geometry_csv_action
BootPass_109,74,7,7,Position_Unknown,Team_Unknown,Action_PreSnap,403.63,466.96,466.35,588.31,62.72000000000003,121.34999999999997,xml_geometry_csv_action
BootPass_109,74,8,8,Position_Unknown,Team_Unknown,Action_PreSnap,955.19,576.27,1011.83,692.85,56.639999999999986,116.58000000000004,xml_geometry_csv_action
BootPass_109,74,9,9,Position_Unknown,Team_Unknown,Action_PreSnap,1270.5,503.1,1325.99,628.96,55.49000000000001,125.86000000000001,xml_geometry_csv_action
BootPass_109,75,0,0,Position_Unknown,Team_Unknown,Action_PreSnap,966.14,729.27,1064.36,845.61,98.21999999999991,116.34000000000003,xml_geometry_csv_action
BootPass_109,75,1,1,Position_Unknown,Team_Unknown,Action_PreSnap,963.55,407.42,1018.39,490.44,54.84000000000003,83.01999999999998,xml_geometry_csv_action
BootPass_109,75,10,10,Position_Unknown,Team_Unknown,Action_PreSnap,1165.0,407.19,1235.4,523.5,70.40000000000009,116.31,xml_geometry_csv_action
BootPass_109,75,12,12,Position_Unknown,Team_Unknown,Action_PreSnap,498.01,462.81,569.53,583.47,71.51999999999998,120.66000000000003,xml_geometry_csv_action
BootPass_109,75,13,13,Position_Unknown,Team_Unknown,Action_PreSnap,800.86,470.94,864.05,569.76,63.18999999999994,98.82,xml_geometry_csv_action
BootPass_109,75,14,14,Position_Unknown,Team_Unknown,Action_None,855.95,502.91,924.29,615.38,68.33999999999992,112.46999999999997,xml_geometry_csv_action
BootPass_109,75,15,15,Position_Unknown,Team_Unknown,Action_PreSnap,1204.29,374.56,1264.47,462.6,60.180000000000064,88.04000000000002,xml_geometry_csv_action
BootPass_109,75,16,16,Position_Unknown,Team_Unknown,Action_PreSnap,771.62,448.83,819.49,535.37,47.870000000000005,86.54000000000002,xml_geometry_csv_action
BootPass_109,75,18,18,Position_Unknown,Team_Unknown,Action_PreSnap,706.76,490.91,771.07,620.56,64.31000000000006,129.64999999999992,xml_geometry_csv_action
BootPass_109,75,2,2,Position_Unknown,Team_Unknown,Action_PreSnap,638.41,488.37,690.9,601.22,52.49000000000001,112.85000000000002,xml_geometry_csv_action
BootPass_109,75,20,20,Position_Unknown,Team_Unknown,Action_PreSnap,847.72,559.14,927.56,671.45,79.83999999999992,112.31000000000006,xml_geometry_csv_action
BootPass_109,75,22,21,Position_Unknown,Team_Unknown,Action_None,737.95,472.2,792.5,588.89,54.549999999999955,116.69,xml_geometry_csv_action
BootPass_109,75,3,3,Position_Unknown,Team_Unknown,Action_PreSnap,1058.09,717.54,1128.57,823.08,70.48000000000002,105.54000000000008,xml_geometry_csv_action
BootPass_109,75,4,4,Position_Unknown,Team_Unknown,Action_PreSnap,796.09,524.7,861.0,649.43,64.90999999999997,124.7299999999999,xml_geometry_csv_action
BootPass_109,75,5,5,Position_Unknown,Team_Unknown,Action_PreSnap,1100.79,647.97,1187.4,763.73,86.61000000000013,115.75999999999999,xml_geometry_csv_action
BootPass_109,75,6,6,Position_Unknown,Team_Unknown,Action_PreSnap,964.69,453.0,1016.44,566.88,51.75,113.88,xml_geometry_csv_action
BootPass_109,75,7,7,Position_Unknown,Team_Unknown,Action_PreSnap,407.68,464.94,468.12,586.15,60.44,121.20999999999998,xml_geometry_csv_action
BootPass_109,75,8,8,Position_Unknown,Team_Unknown,Action_PreSnap,946.35,577.47,1004.12,693.57,57.76999999999998,116.10000000000002,xml_geometry_csv_action
BootPass_109,75,9,9,Position_Unknown,Team_Unknown,Action_PreSnap,1260.69,503.21,1316.47,629.19,55.77999999999997,125.98000000000008,xml_geometry_csv_action
BootPass_109,76,0,0,Position_Unknown,Team_Unknown,Action_PreSnap,970.05,733.08,1069.39,851.55,99.34000000000015,118.46999999999991,xml_geometry_csv_action
BootPass_109,76,1,1,Position_Unknown,Team_Unknown,Action_PreSnap,966.59,410.45,1024.85,499.14,58.25999999999988,88.69,xml_geometry_csv_action
BootPass_109,76,10,10,Position_Unknown,Team_Unknown,Action_PreSnap,1157.26,407.54,1231.87,523.97,74.6099999999999,116.43,xml_geometry_csv_action
BootPass_109,76,12,12,Position_Unknown,Team_Unknown,Action_PreSnap,496.19,462.96,565.41,581.54,69.21999999999997,118.57999999999998,xml_geometry_csv_action
BootPass_109,76,14,14,Position_Unknown,Team_Unknown,Action_None,855.12,503.13,918.62,612.2,63.5,109.07000000000005,xml_geometry_csv_action
BootPass_109,76,15,15,Position_Unknown,Team_Unknown,Action_PreSnap,1208.59,375.81,1270.86,469.52,62.26999999999998,93.70999999999998,xml_geometry_csv_action
BootPass_109,76,16,16,Position_Unknown,Team_Unknown,Action_PreSnap,767.35,454.9,815.93,540.48,48.57999999999993,85.58000000000004,xml_geometry_csv_action
BootPass_109,76,18,18,Position_Unknown,Team_Unknown,Action_PreSnap,701.82,489.11,763.71,616.47,61.889999999999986,127.36000000000001,xml_geometry_csv_action
BootPass_109,76,2,2,Position_Unknown,Team_Unknown,Action_PreSnap,639.27,491.63,690.47,597.02,51.200000000000045,105.38999999999999,xml_geometry_csv_action
BootPass_109,76,20,20,Position_Unknown,Team_Unknown,Action_PreSnap,840.09,559.49,924.26,673.22,84.16999999999996,113.73000000000002,xml_geometry_csv_action
BootPass_109,76,3,3,Position_Unknown,Team_Unknown,Action_PreSnap,1065.16,719.29,1132.78,827.17,67.61999999999989,107.88,xml_geometry_csv_action
BootPass_109,76,4,4,Position_Unknown,Team_Unknown,Action_PreSnap,794.78,529.27,859.32,648.0,64.54000000000008,118.73000000000002,xml_geometry_csv_action
BootPass_109,76,5,5,Position_Unknown,Team_Unknown,Action_PreSnap,1093.2,648.03,1174.4,761.12,81.20000000000005,113.09000000000003,xml_geometry_csv_action
BootPass_109,76,6,6,Position_Unknown,Team_Unknown,Action_PreSnap,953.89,452.84,1009.06,566.21,55.16999999999996,113.37000000000006,xml_geometry_csv_action
BootPass_109,76,7,7,Position_Unknown,Team_Unknown,Action_PreSnap,412.55,463.76,470.58,584.5,58.02999999999997,120.74000000000001,xml_geometry_csv_action
BootPass_109,76,8,8,Position_Unknown,Team_Unknown,Action_PreSnap,937.93,578.16,995.4,693.91,57.47000000000003,115.75,xml_geometry_csv_action
BootPass_109,76,9,9,Position_Unknown,Team_Unknown,Action_PreSnap,1247.07,502.7,1308.35,628.6,61.27999999999997,125.90000000000003,xml_geometry_csv_action
BootPass_109,77,0,0,Position_Unknown,Team_Unknown,Action_PreSnap,987.27,732.74,1080.27,855.34,93.0,122.60000000000002,xml_geometry_csv_action
BootPass_109,77,1,1,Position_Unknown,Team_Unknown,Action_PreSnap,972.47,413.81,1029.87,502.59,57.399999999999864,88.77999999999997,xml_geometry_csv_action
BootPass_109,77,10,10,Position_Unknown,Team_Unknown,Action_PreSnap,1151.44,407.17,1225.79,523.99,74.34999999999991,116.82,xml_geometry_csv_action
BootPass_109,77,12,12,Position_Unknown,Team_Unknown,Action_PreSnap,495.48,463.03,560.18,577.45,64.69999999999993,114.42000000000007,xml_geometry_csv_action
BootPass_109,77,14,14,Position_Unknown,Team_Unknown,Action_None,856.44,503.47,915.74,594.36,59.299999999999955,90.88999999999999,xml_geometry_csv_action
BootPass_109,77,15,15,Position_Unknown,Team_Unknown,Action_PreSnap,1210.5,377.16,1277.96,475.38,67.46000000000004,98.21999999999997,xml_geometry_csv_action
BootPass_109,77,16,16,Position_Unknown,Team_Unknown,Action_PreSnap,763.3,460.47,810.99,542.29,47.690000000000055,81.81999999999994,xml_geometry_csv_action
BootPass_109,77,18,18,Position_Unknown,Team_Unknown,Action_PreSnap,697.2,487.53,755.51,611.3,58.309999999999945,123.76999999999998,xml_geometry_csv_action
BootPass_109,77,2,2,Position_Unknown,Team_Unknown,Action_PreSnap,636.8,494.88,692.78,601.99,55.98000000000002,107.11000000000001,xml_geometry_csv_action
BootPass_109,77,20,20,Position_Unknown,Team_Unknown,Action_PreSnap,836.38,558.24,922.47,671.74,86.09000000000003,113.5,xml_geometry_csv_action
BootPass_109,77,22,21,Position_Unknown,Team_Unknown,Action_None,732.73,470.87,784.93,583.88,52.19999999999993,113.00999999999999,xml_geometry_csv_action
BootPass_109,77,3,3,Position_Unknown,Team_Unknown,Action_PreSnap,1069.01,720.14,1137.19,831.28,68.18000000000006,111.13999999999999,xml_geometry_csv_action
BootPass_109,77,4,4,Position_Unknown,Team_Unknown,Action_PreSnap,794.94,535.55,859.7,649.53,64.75999999999999,113.98000000000002,xml_geometry_csv_action
BootPass_109,77,5,5,Position_Unknown,Team_Unknown,Action_PreSnap,1085.7,647.53,1158.82,756.64,73.11999999999989,109.11000000000001,xml_geometry_csv_action
BootPass_109,77,6,6,Position_Unknown,Team_Unknown,Action_PreSnap,941.81,451.97,999.02,565.0,57.210000000000036,113.02999999999997,xml_geometry_csv_action
BootPass_109,77,7,7,Position_Unknown,Team_Unknown,Action_PreSnap,418.24,461.65,473.31,582.85,55.06999999999999,121.20000000000005,xml_geometry_csv_action
BootPass_109,77,8,8,Position_Unknown,Team_Unknown,Action_PreSnap,928.17,578.29,986.55,690.08,58.379999999999995,111.79000000000008,xml_geometry_csv_action
BootPass_109,77,9,9,Position_Unknown,Team_Unknown,Action_PreSnap,1237.8,502.73,1300.74,626.66,62.940000000000055,123.92999999999995,xml_geometry_csv_action
BootPass_109,78,0,0,Position_Unknown,Team_Unknown,Action_PreSnap,997.31,734.79,1087.28,857.8,89.97000000000003,123.00999999999999,xml_geometry_csv_action
BootPass_109,78,1,1,Position_Unknown,Team_Unknown,Action_PreSnap,976.77,416.78,1035.45,510.22,58.680000000000064,93.44000000000005,xml_geometry_csv_action
BootPass_109,78,10,10,Position_Unknown,Team_Unknown,Action_PreSnap,1144.04,406.58,1215.58,523.43,71.53999999999996,116.84999999999997,xml_geometry_csv_action
BootPass_109,78,13,13,Position_Unknown,Team_Unknown,Action_PreSnap,802.16,472.04,859.63,558.13,57.47000000000003,86.08999999999997,xml_geometry_csv_action
BootPass_109,78,14,14,Position_Unknown,Team_Unknown,Action_None,856.8,503.32,922.09,592.32,65.29000000000008,89.00000000000006,xml_geometry_csv_action
BootPass_109,78,15,15,Position_Unknown,Team_Unknown,Action_PreSnap,1210.64,378.65,1282.16,478.12,71.51999999999998,99.47000000000003,xml_geometry_csv_action
BootPass_109,78,18,18,Position_Unknown,Team_Unknown,Action_PreSnap,691.51,486.56,746.75,607.97,55.24000000000001,121.41000000000003,xml_geometry_csv_action
BootPass_109,78,2,2,Position_Unknown,Team_Unknown,Action_PreSnap,635.94,498.26,691.17,600.52,55.229999999999905,102.25999999999999,xml_geometry_csv_action
BootPass_109,78,20,20,Position_Unknown,Team_Unknown,Action_PreSnap,833.43,553.81,920.27,668.03,86.84000000000003,114.22000000000003,xml_geometry_csv_action
BootPass_109,78,22,21,Position_Unknown,Team_Unknown,Action_None,729.28,472.43,778.61,581.8,49.33000000000004,109.36999999999995,xml_geometry_csv_action
BootPass_109,78,3,3,Position_Unknown,Team_Unknown,Action_PreSnap,1069.18,720.17,1140.86,832.9,71.67999999999984,112.73000000000002,xml_geometry_csv_action
BootPass_109,78,4,4,Position_Unknown,Team_Unknown,Action_PreSnap,794.1,539.56,857.33,653.94,63.23000000000002,114.38000000000011,xml_geometry_csv_action
BootPass_109,78,5,5,Position_Unknown,Team_Unknown,Action_PreSnap,1072.97,650.0,1134.95,743.02,61.98000000000002,93.01999999999998,xml_geometry_csv_action
BootPass_109,78,6,6,Position_Unknown,Team_Unknown,Action_PreSnap,932.56,451.85,989.41,562.77,56.85000000000002,110.91999999999996,xml_geometry_csv_action
BootPass_109,78,7,7,Position_Unknown,Team_Unknown,Action_PreSnap,425.32,460.04,478.74,581.89,53.420000000000016,121.84999999999997,xml_geometry_csv_action
BootPass_109,78,8,8,Position_Unknown,Team_Unknown,Action_PreSnap,916.18,579.37,980.15,689.3,63.97000000000003,109.92999999999995,xml_geometry_csv_action
BootPass_109,78,9,9,Position_Unknown,Team_Unknown,Action_PreSnap,1230.95,502.74,1292.56,624.23,61.6099999999999,121.49000000000001,xml_geometry_csv_action
BootPass_109,79,0,0,Position_Unknown,Team_Unknown,Action_PreSnap,1008.35,737.1,1096.8,858.4,88.44999999999993,121.29999999999995,xml_geometry_csv_action
BootPass_109,79,1,1,Position_Unknown,Team_Unknown,Action_PreSnap,979.11,420.01,1039.61,517.24,60.499999999999886,97.23000000000002,xml_geometry_csv_action
BootPass_109,79,10,10,Position_Unknown,Team_Unknown,Action_PreSnap,1136.75,406.77,1204.88,522.87,68.13000000000011,116.10000000000002,xml_geometry_csv_action
BootPass_109,79,13,13,Position_Unknown,Team_Unknown,Action_PreSnap,801.82,472.71,857.73,553.82,55.90999999999997,81.11000000000007,xml_geometry_csv_action
BootPass_109,79,14,14,Position_Unknown,Team_Unknown,Action_None,857.69,502.8,921.23,589.53,63.539999999999964,86.72999999999996,xml_geometry_csv_action
BootPass_109,79,15,15,Position_Unknown,Team_Unknown,Action_PreSnap,1217.25,381.17,1286.23,479.36,68.98000000000002,98.19,xml_geometry_csv_action
BootPass_109,79,18,18,Position_Unknown,Team_Unknown,Action_PreSnap,687.53,485.36,741.32,604.03,53.79000000000008,118.66999999999996,xml_geometry_csv_action
BootPass_109,79,2,2,Position_Unknown,Team_Unknown,Action_PreSnap,633.01,502.04,691.47,603.64,58.460000000000036,101.59999999999997,xml_geometry_csv_action
BootPass_109,79,20,20,Position_Unknown,Team_Unknown,Action_PreSnap,834.39,551.39,915.23,662.92,80.84000000000003,111.52999999999997,xml_geometry_csv_action
BootPass_109,79,22,21,Position_Unknown,Team_Unknown,Action_None,726.47,474.75,774.56,580.27,48.08999999999992,105.51999999999998,xml_geometry_csv_action
BootPass_109,79,3,3,Position_Unknown,Team_Unknown,Action_PreSnap,1081.46,721.93,1149.58,832.08,68.11999999999989,110.15000000000009,xml_geometry_csv_action
BootPass_109,79,5,5,Position_Unknown,Team_Unknown,Action_PreSnap,1061.32,650.54,1117.65,738.17,56.330000000000155,87.63,xml_geometry_csv_action
BootPass_109,79,6,6,Position_Unknown,Team_Unknown,Action_PreSnap,926.14,452.2,979.52,561.47,53.379999999999995,109.27000000000004,xml_geometry_csv_action
BootPass_109,79,8,8,Position_Unknown,Team_Unknown,Action_PreSnap,906.66,577.97,973.32,689.83,66.66000000000008,111.86000000000001,xml_geometry_csv_action
BootPass_109,79,9,9,Position_Unknown,Team_Unknown,Action_PreSnap,1221.57,500.02,1283.11,623.66,61.539999999999964,123.63999999999999,xml_geometry_csv_action
BootPass_109,80,0,0,Position_Unknown,Team_Unknown,Action_PreSnap,1004.04,738.44,1107.23,857.49,103.19000000000005,119.04999999999995,xml_geometry_csv_action
BootPass_109,80,1,1,Position_Unknown,Team_Unknown,Action_PreSnap,983.07,423.27,1043.27,522.55,60.19999999999993,99.27999999999997,xml_geometry_csv_action
BootPass_109,80,10,10,Position_Unknown,Team_Unknown,Action_PreSnap,1130.08,406.68,1196.27,521.97,66.19000000000005,115.29000000000002,xml_geometry_csv_action
BootPass_109,80,13,13,Position_Unknown,Team_Unknown,Action_PreSnap,800.37,473.68,857.11,549.68,56.74000000000001,75.99999999999994,xml_geometry_csv_action
BootPass_109,80,14,14,Position_Unknown,Team_Unknown,Action_None,858.99,502.05,920.12,594.23,61.129999999999995,92.18,xml_geometry_csv_action
BootPass_109,80,15,15,Position_Unknown,Team_Unknown,Action_PreSnap,1223.32,383.13,1290.42,480.62,67.10000000000014,97.49000000000001,xml_geometry_csv_action
BootPass_109,80,18,18,Position_Unknown,Team_Unknown,Action_PreSnap,684.07,483.95,735.34,598.48,51.26999999999998,114.53000000000003,xml_geometry_csv_action
BootPass_109,80,2,2,Position_Unknown,Team_Unknown,Action_PreSnap,632.64,505.6,691.05,606.41,58.40999999999997,100.80999999999995,xml_geometry_csv_action
BootPass_109,80,20,20,Position_Unknown,Team_Unknown,Action_PreSnap,831.41,549.65,904.39,660.55,72.98000000000002,110.89999999999998,xml_geometry_csv_action
BootPass_109,80,22,21,Position_Unknown,Team_Unknown,Action_None,723.35,477.2,771.86,579.63,48.50999999999999,102.43,xml_geometry_csv_action
BootPass_109,80,3,3,Position_Unknown,Team_Unknown,Action_PreSnap,1091.97,725.52,1157.42,827.64,65.45000000000005,102.12,xml_geometry_csv_action
BootPass_109,80,5,5,Position_Unknown,Team_Unknown,Action_PreSnap,1050.97,653.03,1106.78,749.78,55.809999999999945,96.75,xml_geometry_csv_action
BootPass_109,80,6,6,Position_Unknown,Team_Unknown,Action_PreSnap,919.91,453.29,970.24,561.02,50.33000000000004,107.72999999999996,xml_geometry_csv_action
BootPass_109,80,7,7,Position_Unknown,Team_Unknown,Action_PreSnap,435.94,459.56,490.02,577.06,54.079999999999984,117.49999999999994,xml_geometry_csv_action
BootPass_109,80,8,8,Position_Unknown,Team_Unknown,Action_PreSnap,897.53,579.61,967.82,691.95,70.29000000000008,112.34000000000003,xml_geometry_csv_action
BootPass_109,80,9,9,Position_Unknown,Team_Unknown,Action_PreSnap,1215.38,499.7,1273.78,623.31,58.399999999999864,123.60999999999996,xml_geometry_csv_action
BootPass_109,81,0,0,Position_Unknown,Team_Unknown,Action_PreSnap,1019.67,741.23,1114.59,857.98,94.91999999999996,116.75,xml_geometry_csv_action
BootPass_109,81,1,1,Position_Unknown,Team_Unknown,Action_PreSnap,994.29,426.71,1047.75,525.39,53.460000000000036,98.68,xml_geometry_csv_action
BootPass_109,81,10,10,Position_Unknown,Team_Unknown,Action_PreSnap,1123.61,407.74,1188.1,521.69,64.49000000000001,113.95000000000005,xml_geometry_csv_action
BootPass_109,81,13,13,Position_Unknown,Team_Unknown,Action_PreSnap,798.42,475.45,854.59,551.52,56.17000000000007,76.07,xml_geometry_csv_action
BootPass_109,81,14,14,Position_Unknown,Team_Unknown,Action_None,860.41,501.35,916.48,598.63,56.07000000000005,97.27999999999997,xml_geometry_csv_action
BootPass_109,81,15,15,Position_Unknown,Team_Unknown,Action_PreSnap,1228.0,384.69,1292.18,481.3,64.18000000000006,96.61000000000001,xml_geometry_csv_action
BootPass_109,81,18,18,Position_Unknown,Team_Unknown,Action_PreSnap,680.64,482.9,730.22,595.57,49.58000000000004,112.67000000000007,xml_geometry_csv_action
BootPass_109,81,2,2,Position_Unknown,Team_Unknown,Action_PreSnap,632.28,509.76,692.05,610.18,59.76999999999998,100.41999999999996,xml_geometry_csv_action
BootPass_109,81,20,20,Position_Unknown,Team_Unknown,Action_PreSnap,829.16,550.09,897.67,657.78,68.50999999999999,107.68999999999994,xml_geometry_csv_action
BootPass_109,81,22,21,Position_Unknown,Team_Unknown,Action_None,718.83,478.43,771.72,579.43,52.889999999999986,100.99999999999994,xml_geometry_csv_action
BootPass_109,81,3,3,Position_Unknown,Team_Unknown,Action_PreSnap,1099.52,727.48,1164.74,832.19,65.22000000000003,104.71000000000004,xml_geometry_csv_action
BootPass_109,81,5,5,Position_Unknown,Team_Unknown,Action_PreSnap,1041.69,653.9,1095.85,754.83,54.159999999999854,100.93000000000006,xml_geometry_csv_action
BootPass_109,81,6,6,Position_Unknown,Team_Unknown,Action_PreSnap,913.37,454.62,962.24,560.71,48.870000000000005,106.09000000000003,xml_geometry_csv_action
BootPass_109,81,7,7,Position_Unknown,Team_Unknown,Action_PreSnap,441.6,460.27,494.46,570.27,52.85999999999996,110.0,xml_geometry_csv_action
BootPass_109,81,8,8,Position_Unknown,Team_Unknown,Action_PreSnap,888.93,580.5,960.66,696.36,71.73000000000002,115.86000000000001,xml_geometry_csv_action
BootPass_109,81,9,9,Position_Unknown,Team_Unknown,Action_PreSnap,1208.4,507.55,1264.21,622.17,55.809999999999945,114.61999999999995,xml_geometry_csv_action
BootPass_109,82,0,0,Position_Unknown,Team_Unknown,Action_PreSnap,1027.24,744.06,1121.91,858.87,94.67000000000007,114.81000000000006,xml_geometry_csv_action
BootPass_109,82,1,1,Position_Unknown,Team_Unknown,Action_PreSnap,1002.0,430.03,1053.54,527.73,51.539999999999964,97.70000000000005,xml_geometry_csv_action
BootPass_109,82,10,10,Position_Unknown,Team_Unknown,Action_PreSnap,1117.56,408.51,1179.28,521.74,61.72000000000003,113.23000000000002,xml_geometry_csv_action
BootPass_109,82,13,13,Position_Unknown,Team_Unknown,Action_PreSnap,797.53,476.85,852.8,554.91,55.26999999999998,78.05999999999995,xml_geometry_csv_action
BootPass_109,82,14,14,Position_Unknown,Team_Unknown,Action_None,861.51,498.82,916.73,598.28,55.22000000000003,99.45999999999998,xml_geometry_csv_action
BootPass_109,82,15,15,Position_Unknown,Team_Unknown,Action_PreSnap,1231.89,386.52,1292.25,482.73,60.3599999999999,96.21000000000004,xml_geometry_csv_action
BootPass_109,82,18,18,Position_Unknown,Team_Unknown,Action_PreSnap,677.12,482.52,727.7,591.39,50.58000000000004,108.87,xml_geometry_csv_action
BootPass_109,82,2,2,Position_Unknown,Team_Unknown,Action_PreSnap,631.53,512.74,690.08,614.85,58.55000000000007,102.11000000000001,xml_geometry_csv_action
BootPass_109,82,20,20,Position_Unknown,Team_Unknown,Action_PreSnap,826.09,549.92,891.78,655.89,65.68999999999994,105.97000000000003,xml_geometry_csv_action
BootPass_109,82,22,21,Position_Unknown,Team_Unknown,Action_None,715.32,481.87,769.44,579.85,54.120000000000005,97.98000000000002,xml_geometry_csv_action
BootPass_109,82,25,23,Position_Unknown,Team_Unknown,Action_PreSnap,1210.57,495.55,1262.42,591.3,51.850000000000136,95.74999999999994,xml_geometry_csv_action
BootPass_109,82,3,3,Position_Unknown,Team_Unknown,Action_RunFlatRoute,1108.61,730.01,1174.11,837.9,65.5,107.88999999999999,xml_geometry_csv_action
BootPass_109,82,4,4,Position_Unknown,Team_Unknown,Action_PreSnap,784.82,540.51,844.91,654.43,60.08999999999992,113.91999999999996,xml_geometry_csv_action
BootPass_109,82,5,5,Position_Unknown,Team_Unknown,Action_PreSnap,1033.94,654.15,1086.8,757.8,52.8599999999999,103.64999999999998,xml_geometry_csv_action
BootPass_109,82,6,6,Position_Unknown,Team_Unknown,Action_PreSnap,906.88,454.79,954.94,559.29,48.06000000000006,104.49999999999994,xml_geometry_csv_action
BootPass_109,82,8,8,Position_Unknown,Team_Unknown,Action_PreSnap,879.49,580.94,944.37,699.2,64.88,118.25999999999999,xml_geometry_csv_action
BootPass_109,82,9,9,Position_Unknown,Team_Unknown,Action_PreSnap,1200.84,515.56,1254.11,623.3,53.26999999999998,107.74000000000001,xml_geometry_csv_action
BootPass_109,83,0,0,Position_Unknown,Team_Unknown,Action_PreSnap,1031.15,748.46,1129.71,864.93,98.55999999999995,116.46999999999991,xml_geometry_csv_action
BootPass_109,83,1,1,Position_Unknown,Team_Unknown,Action_PreSnap,1005.41,433.74,1059.45,531.09,54.04000000000008,97.35000000000002,xml_geometry_csv_action
BootPass_109,83,10,10,Position_Unknown,Team_Unknown,Action_PreSnap,1112.79,410.98,1170.85,521.83,58.059999999999945,110.85000000000002,xml_geometry_csv_action
BootPass_109,83,12,12,Position_Unknown,Team_Unknown,Action_PreSnap,483.84,476.47,536.63,568.76,52.79000000000002,92.28999999999996,xml_geometry_csv_action
BootPass_109,83,13,13,Position_Unknown,Team_Unknown,Action_PreSnap,795.08,477.67,850.39,555.78,55.309999999999945,78.10999999999996,xml_geometry_csv_action
BootPass_109,83,14,14,Position_Unknown,Team_Unknown,Action_None,863.54,497.67,918.67,598.53,55.129999999999995,100.85999999999996,xml_geometry_csv_action
BootPass_109,83,15,15,Position_Unknown,Team_Unknown,Action_PreSnap,1233.51,388.22,1290.45,484.35,56.940000000000055,96.13,xml_geometry_csv_action
BootPass_109,83,16,16,Position_Unknown,Team_Unknown,Action_PreSnap,738.81,476.59,789.68,553.92,50.870000000000005,77.32999999999998,xml_geometry_csv_action
BootPass_109,83,18,18,Position_Unknown,Team_Unknown,Action_PreSnap,673.94,482.28,724.67,585.66,50.729999999999905,103.38,xml_geometry_csv_action
BootPass_109,83,2,2,Position_Unknown,Team_Unknown,Action_PreSnap,626.86,513.72,687.59,620.84,60.73000000000002,107.12,xml_geometry_csv_action
BootPass_109,83,20,20,Position_Unknown,Team_Unknown,Action_PreSnap,826.89,550.44,886.79,654.54,59.89999999999998,104.09999999999991,xml_geometry_csv_action
BootPass_109,83,22,21,Position_Unknown,Team_Unknown,Action_None,711.5,486.13,766.0,580.17,54.5,94.03999999999996,xml_geometry_csv_action
BootPass_109,83,25,23,Position_Unknown,Team_Unknown,Action_PreSnap,1206.05,496.41,1258.01,593.82,51.960000000000036,97.41000000000003,xml_geometry_csv_action
BootPass_109,83,3,3,Position_Unknown,Team_Unknown,Action_RunFlatRoute,1124.41,731.25,1188.32,841.68,63.909999999999854,110.42999999999995,xml_geometry_csv_action
BootPass_109,83,4,4,Position_Unknown,Team_Unknown,Action_PreSnap,782.8,540.67,842.2,653.17,59.40000000000009,112.5,xml_geometry_csv_action
BootPass_109,83,5,5,Position_Unknown,Team_Unknown,Action_PreSnap,1024.53,654.4,1078.14,758.5,53.61000000000013,104.10000000000002,xml_geometry_csv_action
BootPass_109,83,6,6,Position_Unknown,Team_Unknown,Action_PreSnap,900.72,455.68,947.21,555.98,46.49000000000001,100.30000000000001,xml_geometry_csv_action
BootPass_109,83,7,7,Position_Unknown,Team_Unknown,Action_PreSnap,452.07,465.79,500.13,565.39,48.06,99.59999999999997,xml_geometry_csv_action
BootPass_109,83,8,8,Position_Unknown,Team_Unknown,Action_PreSnap,871.38,583.85,929.59,700.47,58.210000000000036,116.62,xml_geometry_csv_action
BootPass_109,83,9,9,Position_Unknown,Team_Unknown,Action_PreSnap,1190.7,520.74,1246.18,624.46,55.48000000000002,103.72000000000003,xml_geometry_csv_action
BootPass_109,84,0,0,Position_Unknown,Team_Unknown,Action_PreSnap,1039.54,750.11,1139.66,862.91,100.12000000000012,112.79999999999995,xml_geometry_csv_action
BootPass_109,84,1,1,Position_Unknown,Team_Unknown,Action_PreSnap,1008.43,436.85,1065.72,532.08,57.29000000000008,95.23000000000002,xml_geometry_csv_action
BootPass_109,84,10,10,Position_Unknown,Team_Unknown,Action_PreSnap,1107.82,413.02,1163.15,522.73,55.330000000000155,109.71000000000004,xml_geometry_csv_action
BootPass_109,84,12,12,Position_Unknown,Team_Unknown,Action_PreSnap,477.87,478.09,533.45,567.02,55.58000000000004,88.93,xml_geometry_csv_action
BootPass_109,84,13,13,Position_Unknown,Team_Unknown,Action_PreSnap,794.45,477.77,848.66,555.92,54.20999999999992,78.14999999999998,xml_geometry_csv_action
BootPass_109,84,14,14,Position_Unknown,Team_Unknown,Action_None,864.46,497.4,920.43,598.4,55.969999999999914,101.0,xml_geometry_csv_action
BootPass_109,84,15,15,Position_Unknown,Team_Unknown,Action_PreSnap,1235.56,389.64,1288.31,485.49,52.75,95.85000000000002,xml_geometry_csv_action
BootPass_109,84,18,18,Position_Unknown,Team_Unknown,Action_PreSnap,671.48,482.63,722.19,583.3,50.710000000000036,100.66999999999996,xml_geometry_csv_action
BootPass_109,84,2,2,Position_Unknown,Team_Unknown,Action_PreSnap,624.6,515.2,687.98,625.59,63.379999999999995,110.38999999999999,xml_geometry_csv_action
BootPass_109,84,20,20,Position_Unknown,Team_Unknown,Action_PreSnap,822.18,546.74,876.58,653.88,54.40000000000009,107.13999999999999,xml_geometry_csv_action
BootPass_109,84,3,3,Position_Unknown,Team_Unknown,Action_RunFlatRoute,1134.95,732.64,1198.94,843.57,63.99000000000001,110.93000000000006,xml_geometry_csv_action
BootPass_109,84,4,4,Position_Unknown,Team_Unknown,Action_PreSnap,776.81,542.51,832.65,650.51,55.84000000000003,108.0,xml_geometry_csv_action
BootPass_109,84,5,5,Position_Unknown,Team_Unknown,Action_PreSnap,1014.87,654.38,1072.26,756.69,57.389999999999986,102.31000000000006,xml_geometry_csv_action
BootPass_109,84,6,6,Position_Unknown,Team_Unknown,Action_PreSnap,895.31,457.35,942.03,543.69,46.72000000000003,86.34000000000003,xml_geometry_csv_action
BootPass_109,84,7,7,Position_Unknown,Team_Unknown,Action_PreSnap,455.23,467.54,503.73,562.93,48.5,95.38999999999993,xml_geometry_csv_action
BootPass_109,84,8,8,Position_Unknown,Team_Unknown,Action_PreSnap,863.45,585.86,919.23,701.01,55.77999999999997,115.14999999999998,xml_geometry_csv_action
BootPass_109,84,9,9,Position_Unknown,Team_Unknown,Action_PreSnap,1181.82,522.58,1239.9,615.59,58.080000000000155,93.00999999999999,xml_geometry_csv_action
BootPass_109,85,0,0,Position_Unknown,Team_Unknown,Action_PreSnap,1055.45,750.69,1148.33,859.59,92.87999999999988,108.89999999999998,xml_geometry_csv_action
BootPass_109,85,1,1,Position_Unknown,Team_Unknown,Action_PreSnap,1009.51,439.29,1074.36,532.76,64.84999999999991,93.46999999999997,xml_geometry_csv_action
BootPass_109,85,10,10,Position_Unknown,Team_Unknown,Action_PreSnap,1102.51,414.62,1157.68,524.34,55.17000000000007,109.72000000000003,xml_geometry_csv_action
BootPass_109,85,13,13,Position_Unknown,Team_Unknown,Action_PreSnap,792.83,477.2,847.74,554.99,54.90999999999997,77.79000000000002,xml_geometry_csv_action
BootPass_109,85,14,14,Position_Unknown,Team_Unknown,Action_None,865.13,497.27,921.8,597.8,56.66999999999996,100.52999999999997,xml_geometry_csv_action
BootPass_109,85,15,15,Position_Unknown,Team_Unknown,Action_PreSnap,1237.56,390.62,1287.32,486.83,49.75999999999999,96.20999999999998,xml_geometry_csv_action
BootPass_109,85,16,16,Position_Unknown,Team_Unknown,Action_PreSnap,735.41,474.85,786.2,555.88,50.79000000000008,81.02999999999997,xml_geometry_csv_action
BootPass_109,85,18,18,Position_Unknown,Team_Unknown,Action_PreSnap,668.81,482.49,718.85,583.6,50.04000000000008,101.11000000000001,xml_geometry_csv_action
BootPass_109,85,2,2,Position_Unknown,Team_Unknown,Action_PreSnap,623.24,518.93,689.5,629.37,66.25999999999999,110.44000000000005,xml_geometry_csv_action
BootPass_109,85,20,20,Position_Unknown,Team_Unknown,Action_PreSnap,820.59,543.77,870.78,652.13,50.18999999999994,108.36000000000001,xml_geometry_csv_action
BootPass_109,85,22,21,Position_Unknown,Team_Unknown,Action_None,707.14,488.04,765.62,579.86,58.48000000000002,91.82,xml_geometry_csv_action
BootPass_109,85,3,3,Position_Unknown,Team_Unknown,Action_RunFlatRoute,1133.93,734.81,1199.94,845.61,66.00999999999999,110.80000000000007,xml_geometry_csv_action
BootPass_109,85,4,4,Position_Unknown,Team_Unknown,Action_PreSnap,774.51,538.43,834.63,648.81,60.120000000000005,110.38,xml_geometry_csv_action
BootPass_109,85,5,5,Position_Unknown,Team_Unknown,Action_PreSnap,1005.47,654.98,1067.95,756.03,62.48000000000002,101.04999999999995,xml_geometry_csv_action
BootPass_109,85,6,6,Position_Unknown,Team_Unknown,Action_PreSnap,890.92,459.2,936.48,539.05,45.56000000000006,79.84999999999997,xml_geometry_csv_action
BootPass_109,85,7,7,Position_Unknown,Team_Unknown,Action_PreSnap,461.42,469.19,525.54,564.43,64.11999999999995,95.23999999999995,xml_geometry_csv_action
BootPass_109,85,8,8,Position_Unknown,Team_Unknown,Action_PreSnap,852.98,587.5,909.29,700.84,56.309999999999945,113.34000000000003,xml_geometry_csv_action
BootPass_109,85,9,9,Position_Unknown,Team_Unknown,Action_PreSnap,1170.73,522.76,1232.41,616.48,61.680000000000064,93.72000000000003,xml_geometry_csv_action
BootPass_109,86,0,0,Position_Unknown,Team_Unknown,Action_PreSnap,1069.86,750.48,1159.67,857.43,89.81000000000017,106.94999999999993,xml_geometry_csv_action
BootPass_109,86,1,1,Position_Unknown,Team_Unknown,Action_PreSnap,1010.94,442.01,1082.53,536.15,71.58999999999992,94.13999999999999,xml_geometry_csv_action
BootPass_109,86,10,10,Position_Unknown,Team_Unknown,Action_PreSnap,1097.2,415.69,1152.17,525.27,54.97000000000003,109.57999999999998,xml_geometry_csv_action
BootPass_109,86,13,13,Position_Unknown,Team_Unknown,Action_PreSnap,791.82,476.81,846.79,556.01,54.969999999999914,79.19999999999999,xml_geometry_csv_action
BootPass_109,86,14,14,Position_Unknown,Team_Unknown,Action_None,864.5,496.57,921.98,596.94,57.48000000000002,100.37000000000006,xml_geometry_csv_action
BootPass_109,86,15,15,Position_Unknown,Team_Unknown,Action_PreSnap,1241.11,392.6,1287.82,488.19,46.710000000000036,95.58999999999997,xml_geometry_csv_action
BootPass_109,86,16,16,Position_Unknown,Team_Unknown,Action_PreSnap,733.4,472.6,784.33,556.07,50.930000000000064,83.47000000000003,xml_geometry_csv_action
BootPass_109,86,18,18,Position_Unknown,Team_Unknown,Action_PreSnap,666.18,481.84,716.13,584.33,49.950000000000045,102.49000000000007,xml_geometry_csv_action
BootPass_109,86,2,2,Position_Unknown,Team_Unknown,Action_PreSnap,627.55,519.39,689.42,628.35,61.870000000000005,108.96000000000004,xml_geometry_csv_action
BootPass_109,86,20,20,Position_Unknown,Team_Unknown,Action_PreSnap,817.81,535.19,864.33,643.57,46.520000000000095,108.38,xml_geometry_csv_action
BootPass_109,86,22,21,Position_Unknown,Team_Unknown,Action_None,704.71,488.31,764.56,580.04,59.84999999999991,91.72999999999996,xml_geometry_csv_action
BootPass_109,86,4,4,Position_Unknown,Team_Unknown,Action_PreSnap,773.03,541.07,829.92,647.26,56.889999999999986,106.18999999999994,xml_geometry_csv_action
BootPass_109,86,5,5,Position_Unknown,Team_Unknown,Action_PreSnap,995.19,656.06,1063.53,756.28,68.33999999999992,100.22000000000003,xml_geometry_csv_action
BootPass_109,86,6,6,Position_Unknown,Team_Unknown,Action_PreSnap,886.29,461.74,930.28,534.7,43.99000000000001,72.96000000000004,xml_geometry_csv_action
BootPass_109,86,7,7,Position_Unknown,Team_Unknown,Action_PreSnap,463.83,469.63,532.76,565.26,68.93,95.63,xml_geometry_csv_action
BootPass_109,86,8,8,Position_Unknown,Team_Unknown,Action_PreSnap,843.46,586.6,901.01,700.46,57.549999999999955,113.86000000000001,xml_geometry_csv_action
BootPass_109,86,9,9,Position_Unknown,Team_Unknown,Action_PreSnap,1162.65,523.8,1224.94,616.69,62.289999999999964,92.8900000000001,xml_geometry_csv_action
BootPass_109,87,0,0,Position_Unknown,Team_Unknown,Action_PreSnap,1089.06,747.13,1169.66,867.96,80.60000000000014,120.83000000000004,xml_geometry_csv_action
BootPass_109,87,1,1,Position_Unknown,Team_Unknown,Action_PreSnap,1020.32,444.58,1091.91,541.41,71.59000000000003,96.82999999999998,xml_geometry_csv_action
BootPass_109,87,10,10,Position_Unknown,Team_Unknown,Action_PreSnap,1091.92,416.25,1146.8,526.04,54.87999999999988,109.78999999999996,xml_geometry_csv_action
BootPass_109,87,13,13,Position_Unknown,Team_Unknown,Action_PreSnap,791.23,475.86,846.33,548.5,55.10000000000002,72.63999999999999,xml_geometry_csv_action
BootPass_109,87,14,14,Position_Unknown,Team_Unknown,Action_None,860.14,496.19,921.39,597.08,61.25,100.89000000000004,xml_geometry_csv_action
BootPass_109,87,15,15,Position_Unknown,Team_Unknown,Action_PreSnap,1242.26,394.55,1290.97,488.91,48.710000000000036,94.36000000000001,xml_geometry_csv_action
BootPass_109,87,16,16,Position_Unknown,Team_Unknown,Action_PreSnap,730.37,469.48,782.02,555.44,51.64999999999998,85.96000000000004,xml_geometry_csv_action
BootPass_109,87,18,18,Position_Unknown,Team_Unknown,Action_PreSnap,664.43,481.03,714.34,581.52,49.91000000000008,100.49000000000001,xml_geometry_csv_action
BootPass_109,87,2,2,Position_Unknown,Team_Unknown,Action_PreSnap,627.89,522.63,690.76,632.46,62.870000000000005,109.83000000000004,xml_geometry_csv_action
BootPass_109,87,22,21,Position_Unknown,Team_Unknown,Action_None,701.07,487.24,763.27,579.87,62.19999999999993,92.63,xml_geometry_csv_action
BootPass_109,87,3,3,Position_Unknown,Team_Unknown,Action_RunFlatRoute,1140.83,732.99,1218.98,839.96,78.15000000000009,106.97000000000003,xml_geometry_csv_action
BootPass_109,87,4,4,Position_Unknown,Team_Unknown,Action_PreSnap,770.85,538.97,828.18,646.5,57.32999999999993,107.52999999999997,xml_geometry_csv_action
BootPass_109,87,5,5,Position_Unknown,Team_Unknown,Action_PreSnap,983.5,654.7,1058.95,759.06,75.45000000000005,104.3599999999999,xml_geometry_csv_action
BootPass_109,87,6,6,Position_Unknown,Team_Unknown,Action_PreSnap,880.59,463.53,922.95,534.66,42.360000000000014,71.13,xml_geometry_csv_action
BootPass_109,87,7,7,Position_Unknown,Team_Unknown,Action_PreSnap,461.63,466.47,529.95,563.36,68.32000000000005,96.88999999999999,xml_geometry_csv_action
BootPass_109,87,8,8,Position_Unknown,Team_Unknown,Action_PreSnap,831.93,586.28,891.43,699.49,59.5,113.21000000000004,xml_geometry_csv_action
BootPass_109,87,9,9,Position_Unknown,Team_Unknown,Action_PreSnap,1153.75,525.27,1218.27,617.32,64.51999999999998,92.05000000000007,xml_geometry_csv_action
BootPass_109,88,0,0,Position_Unknown,Team_Unknown,Action_PreSnap,1095.9,748.45,1176.98,870.1,81.07999999999993,121.64999999999998,xml_geometry_csv_action
BootPass_109,88,1,1,Position_Unknown,Team_Unknown,Action_PreSnap,1032.54,447.69,1099.98,546.54,67.44000000000005,98.84999999999997,xml_geometry_csv_action
BootPass_109,88,10,10,Position_Unknown,Team_Unknown,Action_PreSnap,1086.47,416.05,1139.49,525.37,53.01999999999998,109.32,xml_geometry_csv_action
BootPass_109,88,13,13,Position_Unknown,Team_Unknown,Action_PreSnap,789.64,475.4,845.46,548.48,55.82000000000005,73.08000000000004,xml_geometry_csv_action
BootPass_109,88,14,14,Position_Unknown,Team_Unknown,Action_None,852.14,497.66,906.09,604.61,53.950000000000045,106.94999999999999,xml_geometry_csv_action
BootPass_109,88,15,15,Position_Unknown,Team_Unknown,Action_PreSnap,1243.04,397.87,1294.43,490.68,51.3900000000001,92.81,xml_geometry_csv_action
BootPass_109,88,16,16,Position_Unknown,Team_Unknown,Action_PreSnap,731.6,467.22,780.66,555.46,49.059999999999945,88.24000000000001,xml_geometry_csv_action
BootPass_109,88,18,18,Position_Unknown,Team_Unknown,Action_PreSnap,659.03,480.6,711.38,579.03,52.35000000000002,98.42999999999995,xml_geometry_csv_action
BootPass_109,88,2,2,Position_Unknown,Team_Unknown,Action_PreSnap,625.64,532.23,689.97,639.54,64.33000000000004,107.30999999999995,xml_geometry_csv_action
BootPass_109,88,22,21,Position_Unknown,Team_Unknown,Action_None,697.36,485.67,761.85,580.73,64.49000000000001,95.06,xml_geometry_csv_action
BootPass_109,88,3,3,Position_Unknown,Team_Unknown,Action_RunFlatRoute,1146.76,732.37,1230.75,839.27,83.99000000000001,106.89999999999998,xml_geometry_csv_action
BootPass_109,88,4,4,Position_Unknown,Team_Unknown,Action_PreSnap,767.71,530.02,829.81,642.97,62.09999999999991,112.95000000000005,xml_geometry_csv_action
BootPass_109,88,5,5,Position_Unknown,Team_Unknown,Action_PreSnap,974.01,654.96,1052.2,759.74,78.19000000000005,104.77999999999997,xml_geometry_csv_action
BootPass_109,88,6,6,Position_Unknown,Team_Unknown,Action_PreSnap,874.35,465.36,917.81,557.43,43.45999999999992,92.06999999999994,xml_geometry_csv_action
BootPass_109,88,7,7,Position_Unknown,Team_Unknown,Action_PreSnap,458.01,463.53,522.87,562.9,64.86000000000001,99.37,xml_geometry_csv_action
BootPass_109,88,8,8,Position_Unknown,Team_Unknown,Action_PreSnap,822.99,587.45,881.09,697.51,58.10000000000002,110.05999999999995,xml_geometry_csv_action
BootPass_109,88,9,9,Position_Unknown,Team_Unknown,Action_PreSnap,1144.92,526.48,1207.72,619.45,62.799999999999955,92.97000000000003,xml_geometry_csv_action
BootPass_109,89,0,0,Position_Unknown,Team_Unknown,Action_PreSnap,1097.58,752.78,1184.67,875.95,87.09000000000015,123.17000000000007,xml_geometry_csv_action
BootPass_109,89,1,1,Position_Unknown,Team_Unknown,Action_PreSnap,1046.11,451.93,1104.39,548.83,58.2800000000002,96.90000000000003,xml_geometry_csv_action
BootPass_109,89,10,10,Position_Unknown,Team_Unknown,Action_PreSnap,1080.98,415.61,1132.53,522.98,51.549999999999955,107.37,xml_geometry_csv_action
BootPass_109,89,12,12,Position_Unknown,Team_Unknown,Action_PreSnap,444.69,479.59,494.72,565.35,50.03000000000003,85.76000000000005,xml_geometry_csv_action
BootPass_109,89,13,13,Position_Unknown,Team_Unknown,Action_PreSnap,787.22,474.68,843.61,548.49,56.389999999999986,73.81,xml_geometry_csv_action
BootPass_109,89,14,14,Position_Unknown,Team_Unknown,Action_None,847.68,500.18,900.89,609.07,53.210000000000036,108.89000000000004,xml_geometry_csv_action
BootPass_109,89,15,15,Position_Unknown,Team_Unknown,Action_PreSnap,1243.75,401.36,1297.44,492.95,53.690000000000055,91.58999999999997,xml_geometry_csv_action
BootPass_109,89,16,16,Position_Unknown,Team_Unknown,Action_PreSnap,732.01,465.51,777.77,554.5,45.75999999999999,88.99000000000001,xml_geometry_csv_action
BootPass_109,89,18,18,Position_Unknown,Team_Unknown,Action_PreSnap,651.55,480.12,707.9,578.64,56.35000000000002,98.51999999999998,xml_geometry_csv_action
BootPass_109,89,2,2,Position_Unknown,Team_Unknown,Action_PreSnap,623.38,537.04,691.37,644.75,67.99000000000001,107.71000000000004,xml_geometry_csv_action
BootPass_109,89,22,21,Position_Unknown,Team_Unknown,Action_None,694.83,485.33,759.69,580.19,64.86000000000001,94.86000000000007,xml_geometry_csv_action
BootPass_109,89,3,3,Position_Unknown,Team_Unknown,Action_RunFlatRoute,1151.41,735.76,1239.91,844.57,88.5,108.81000000000006,xml_geometry_csv_action
BootPass_109,89,4,4,Position_Unknown,Team_Unknown,Action_PreSnap,766.14,524.63,831.4,639.75,65.25999999999999,115.12,xml_geometry_csv_action
BootPass_109,89,5,5,Position_Unknown,Team_Unknown,Action_PreSnap,966.23,657.07,1041.77,759.79,75.53999999999996,102.71999999999991,xml_geometry_csv_action
BootPass_109,89,6,6,Position_Unknown,Team_Unknown,Action_PreSnap,868.93,467.0,912.68,564.05,43.75,97.04999999999995,xml_geometry_csv_action
BootPass_109,89,7,7,Position_Unknown,Team_Unknown,Action_PreSnap,468.52,458.63,521.63,556.69,53.110000000000014,98.06000000000006,xml_geometry_csv_action
BootPass_109,89,8,8,Position_Unknown,Team_Unknown,Action_PreSnap,815.45,585.26,871.4,694.53,55.94999999999993,109.26999999999998,xml_geometry_csv_action
BootPass_109,89,9,9,Position_Unknown,Team_Unknown,Action_PreSnap,1135.68,528.35,1194.26,619.99,58.57999999999993,91.63999999999999,xml_geometry_csv_action
BootPass_109,90,0,0,Position_Unknown,Team_Unknown,Action_PreSnap,1100.68,754.88,1194.16,877.77,93.48000000000002,122.88999999999999,xml_geometry_csv_action
BootPass_109,90,1,1,Position_Unknown,Team_Unknown,Action_PreSnap,1051.38,458.38,1107.62,550.36,56.23999999999978,91.98000000000002,xml_geometry_csv_action
BootPass_109,90,10,10,Position_Unknown,Team_Unknown,Action_PreSnap,1075.12,415.32,1124.71,520.25,49.590000000000146,104.93,xml_geometry_csv_action
BootPass_109,90,12,12,Position_Unknown,Team_Unknown,Action_PreSnap,437.57,481.2,486.07,564.03,48.5,82.82999999999998,xml_geometry_csv_action
BootPass_109,90,13,13,Position_Unknown,Team_Unknown,Action_PreSnap,784.65,474.44,841.77,551.29,57.120000000000005,76.84999999999997,xml_geometry_csv_action
BootPass_109,90,14,14,Position_Unknown,Team_Unknown,Action_None,846.06,502.89,896.72,611.77,50.66000000000008,108.88,xml_geometry_csv_action
BootPass_109,90,15,15,Position_Unknown,Team_Unknown,Action_PreSnap,1242.08,404.33,1299.12,495.54,57.039999999999964,91.21000000000004,xml_geometry_csv_action
BootPass_109,90,16,16,Position_Unknown,Team_Unknown,Action_PreSnap,731.56,464.89,776.25,554.08,44.690000000000055,89.19000000000005,xml_geometry_csv_action
BootPass_109,90,18,18,Position_Unknown,Team_Unknown,Action_PreSnap,643.68,479.93,702.0,574.79,58.32000000000005,94.85999999999996,xml_geometry_csv_action
BootPass_109,90,2,2,Position_Unknown,Team_Unknown,Action_PreSnap,625.14,539.11,693.45,650.11,68.31000000000006,111.0,xml_geometry_csv_action
BootPass_109,90,22,21,Position_Unknown,Team_Unknown,Action_None,691.0,484.15,758.24,580.29,67.24000000000001,96.13999999999999,xml_geometry_csv_action
BootPass_109,90,3,3,Position_Unknown,Team_Unknown,Action_RunFlatRoute,1165.33,738.49,1245.93,851.36,80.60000000000014,112.87,xml_geometry_csv_action
BootPass_109,90,4,4,Position_Unknown,Team_Unknown,Action_PreSnap,758.82,521.91,829.92,634.19,71.09999999999991,112.28000000000009,xml_geometry_csv_action
BootPass_109,90,5,5,Position_Unknown,Team_Unknown,Action_PreSnap,960.11,658.49,1031.15,764.31,71.04000000000008,105.81999999999994,xml_geometry_csv_action
BootPass_109,90,6,6,Position_Unknown,Team_Unknown,Action_PreSnap,863.44,468.08,908.06,570.5,44.61999999999989,102.42000000000002,xml_geometry_csv_action
BootPass_109,90,7,7,Position_Unknown,Team_Unknown,Action_PreSnap,473.29,452.99,522.48,552.19,49.19,99.20000000000005,xml_geometry_csv_action
BootPass_109,90,8,8,Position_Unknown,Team_Unknown,Action_PreSnap,805.02,586.79,861.4,694.22,56.379999999999995,107.43000000000006,xml_geometry_csv_action
BootPass_109,90,9,9,Position_Unknown,Team_Unknown,Action_PreSnap,1127.56,531.48,1181.62,621.42,54.059999999999945,89.93999999999994,xml_geometry_csv_action
BootPass_109,91,0,0,Position_Unknown,Team_Unknown,Action_PreSnap,1106.46,756.37,1203.71,879.3,97.25,122.92999999999995,xml_geometry_csv_action
BootPass_109,91,1,1,Position_Unknown,Team_Unknown,Action_PreSnap,1053.29,460.65,1110.1,549.45,56.809999999999945,88.80000000000007,xml_geometry_csv_action
BootPass_109,91,10,10,Position_Unknown,Team_Unknown,Action_PreSnap,1065.1,415.18,1116.3,518.01,51.200000000000045,102.82999999999998,xml_geometry_csv_action
BootPass_109,91,12,12,Position_Unknown,Team_Unknown,Action_PreSnap,432.82,483.91,480.22,566.49,47.400000000000034,82.57999999999998,xml_geometry_csv_action
BootPass_109,91,13,13,Position_Unknown,Team_Unknown,Action_PreSnap,783.96,473.32,838.92,545.91,54.95999999999992,72.58999999999997,xml_geometry_csv_action
BootPass_109,91,14,14,Position_Unknown,Team_Unknown,Action_None,844.5,504.49,895.53,610.36,51.02999999999997,105.87,xml_geometry_csv_action
BootPass_109,91,15,15,Position_Unknown,Team_Unknown,Action_PreSnap,1238.74,407.0,1299.01,497.9,60.26999999999998,90.89999999999998,xml_geometry_csv_action
BootPass_109,91,16,16,Position_Unknown,Team_Unknown,Action_PreSnap,730.64,464.89,772.71,553.45,42.07000000000005,88.56000000000006,xml_geometry_csv_action
BootPass_109,91,18,18,Position_Unknown,Team_Unknown,Action_PreSnap,639.31,479.93,697.18,575.3,57.870000000000005,95.36999999999995,xml_geometry_csv_action
BootPass_109,91,2,2,Position_Unknown,Team_Unknown,Action_PreSnap,633.24,539.69,695.53,654.0,62.289999999999964,114.30999999999995,xml_geometry_csv_action
BootPass_109,91,22,21,Position_Unknown,Team_Unknown,Action_None,688.23,483.1,754.17,579.16,65.93999999999994,96.05999999999995,xml_geometry_csv_action
BootPass_109,91,3,3,Position_Unknown,Team_Unknown,Action_RunFlatRoute,1173.93,741.03,1250.26,856.88,76.32999999999993,115.85000000000002,xml_geometry_csv_action
BootPass_109,91,4,4,Position_Unknown,Team_Unknown,Action_PreSnap,752.77,523.24,826.38,622.18,73.61000000000001,98.93999999999994,xml_geometry_csv_action
BootPass_109,91,5,5,Position_Unknown,Team_Unknown,Action_PreSnap,954.31,659.52,1018.35,766.05,64.04000000000008,106.52999999999997,xml_geometry_csv_action
BootPass_109,91,6,6,Position_Unknown,Team_Unknown,Action_PreSnap,857.67,468.85,902.97,570.66,45.30000000000007,101.80999999999995,xml_geometry_csv_action
BootPass_109,91,7,7,Position_Unknown,Team_Unknown,Action_PreSnap,477.16,448.25,523.34,543.64,46.18000000000001,95.38999999999999,xml_geometry_csv_action
BootPass_109,91,8,8,Position_Unknown,Team_Unknown,Action_PreSnap,796.15,588.98,851.38,689.7,55.23000000000002,100.72000000000003,xml_geometry_csv_action
BootPass_109,91,9,9,Position_Unknown,Team_Unknown,Action_PreSnap,1115.77,534.0,1169.9,622.68,54.13000000000011,88.67999999999995,xml_geometry_csv_action
BootPass_109,92,0,0,Position_Unknown,Team_Unknown,Action_PreSnap,1121.64,762.64,1210.19,884.18,88.54999999999995,121.53999999999996,xml_geometry_csv_action
BootPass_109,92,1,1,Position_Unknown,Team_Unknown,Action_PreSnap,1054.81,461.75,1113.28,548.12,58.47000000000003,86.37,xml_geometry_csv_action
BootPass_109,92,10,10,Position_Unknown,Team_Unknown,Action_PreSnap,1057.91,415.82,1110.76,513.31,52.84999999999991,97.48999999999995,xml_geometry_csv_action
BootPass_109,92,13,13,Position_Unknown,Team_Unknown,Action_PreSnap,783.2,472.16,836.12,544.94,52.91999999999996,72.78000000000003,xml_geometry_csv_action
BootPass_109,92,14,14,Position_Unknown,Team_Unknown,Action_None,841.8,507.61,892.16,611.27,50.360000000000014,103.65999999999997,xml_geometry_csv_action
BootPass_109,92,15,15,Position_Unknown,Team_Unknown,Action_PreSnap,1240.22,409.8,1296.6,499.7,56.37999999999988,89.89999999999998,xml_geometry_csv_action
BootPass_109,92,16,16,Position_Unknown,Team_Unknown,Action_PreSnap,728.12,465.44,770.43,553.74,42.309999999999945,88.30000000000001,xml_geometry_csv_action
BootPass_109,92,18,18,Position_Unknown,Team_Unknown,Action_PreSnap,632.96,479.75,692.18,573.53,59.219999999999914,93.77999999999997,xml_geometry_csv_action
BootPass_109,92,2,2,Position_Unknown,Team_Unknown,Action_PreSnap,635.55,543.59,693.54,656.97,57.99000000000001,113.38,xml_geometry_csv_action
BootPass_109,92,22,21,Position_Unknown,Team_Unknown,Action_None,687.36,482.05,749.97,578.07,62.610000000000014,96.02000000000004,xml_geometry_csv_action
BootPass_109,92,3,3,Position_Unknown,Team_Unknown,Action_RunFlatRoute,1178.01,744.15,1249.8,857.62,71.78999999999996,113.47000000000003,xml_geometry_csv_action
BootPass_109,92,5,5,Position_Unknown,Team_Unknown,Action_PreSnap,947.34,660.36,1003.53,768.12,56.18999999999994,107.75999999999999,xml_geometry_csv_action
BootPass_109,92,6,6,Position_Unknown,Team_Unknown,Action_PreSnap,850.25,469.9,897.33,568.99,47.08000000000004,99.09000000000003,xml_geometry_csv_action
BootPass_109,92,7,7,Position_Unknown,Team_Unknown,Action_PreSnap,479.43,444.13,524.57,539.36,45.14000000000004,95.23000000000002,xml_geometry_csv_action
BootPass_109,92,8,8,Position_Unknown,Team_Unknown,Action_PreSnap,785.98,591.29,842.17,687.69,56.18999999999994,96.40000000000009,xml_geometry_csv_action
BootPass_109,92,9,9,Position_Unknown,Team_Unknown,Action_PreSnap,1104.8,535.66,1159.89,623.9,55.090000000000146,88.24000000000001,xml_geometry_csv_action
BootPass_109,93,0,0,Position_Unknown,Team_Unknown,Action_PreSnap,1124.89,770.27,1213.79,888.72,88.89999999999986,118.45000000000005,xml_geometry_csv_action
BootPass_109,93,1,1,Position_Unknown,Team_Unknown,Action_PreSnap,1055.45,461.76,1119.64,551.16,64.19000000000005,89.39999999999998,xml_geometry_csv_action
BootPass_109,93,10,10,Position_Unknown,Team_Unknown,Action_PreSnap,1051.22,416.77,1099.25,510.35,48.02999999999997,93.58000000000004,xml_geometry_csv_action
BootPass_109,93,13,13,Position_Unknown,Team_Unknown,Action_PreSnap,780.81,471.29,833.37,542.74,52.56000000000006,71.44999999999999,xml_geometry_csv_action
BootPass_109,93,14,14,Position_Unknown,Team_Unknown,Action_None,838.26,509.36,888.1,611.74,49.84000000000003,102.38,xml_geometry_csv_action
BootPass_109,93,15,15,Position_Unknown,Team_Unknown,Action_PreSnap,1240.82,413.07,1293.57,503.24,52.75,90.17000000000002,xml_geometry_csv_action
BootPass_109,93,16,16,Position_Unknown,Team_Unknown,Action_PreSnap,723.35,466.13,766.21,555.34,42.860000000000014,89.21000000000004,xml_geometry_csv_action
BootPass_109,93,18,18,Position_Unknown,Team_Unknown,Action_PreSnap,626.35,479.6,686.33,573.22,59.98000000000002,93.62,xml_geometry_csv_action
BootPass_109,93,2,2,Position_Unknown,Team_Unknown,Action_PreSnap,635.17,547.98,691.59,657.21,56.42000000000007,109.23000000000002,xml_geometry_csv_action
BootPass_109,93,20,20,Position_Unknown,Team_Unknown,Action_PreSnap,787.42,527.09,847.63,626.25,60.210000000000036,99.15999999999997,xml_geometry_csv_action
BootPass_109,93,22,21,Position_Unknown,Team_Unknown,Action_None,684.64,482.18,746.42,576.78,61.77999999999997,94.59999999999997,xml_geometry_csv_action
BootPass_109,93,3,3,Position_Unknown,Team_Unknown,Action_RunFlatRoute,1181.21,747.9,1251.44,860.0,70.23000000000002,112.10000000000002,xml_geometry_csv_action
BootPass_109,93,5,5,Position_Unknown,Team_Unknown,Action_PreSnap,940.95,661.0,991.73,770.53,50.77999999999997,109.52999999999997,xml_geometry_csv_action
BootPass_109,93,6,6,Position_Unknown,Team_Unknown,Action_PreSnap,844.21,470.53,890.75,555.39,46.539999999999964,84.86000000000001,xml_geometry_csv_action
BootPass_109,93,7,7,Position_Unknown,Team_Unknown,Action_PreSnap,480.79,439.09,524.92,535.9,44.12999999999994,96.81,xml_geometry_csv_action
BootPass_109,93,8,8,Position_Unknown,Team_Unknown,Action_PreSnap,775.5,593.71,833.11,687.72,57.610000000000014,94.00999999999999,xml_geometry_csv_action
BootPass_109,93,9,9,Position_Unknown,Team_Unknown,Action_PreSnap,1096.89,536.98,1150.28,623.58,53.38999999999987,86.60000000000002,xml_geometry_csv_action
BootPass_109,94,0,0,Position_Unknown,Team_Unknown,Action_PreSnap,1146.68,778.48,1222.78,887.8,76.09999999999991,109.31999999999994,xml_geometry_csv_action
BootPass_109,94,1,1,Position_Unknown,Team_Unknown,Action_PreSnap,1067.19,462.99,1124.58,549.86,57.38999999999987,86.87,xml_geometry_csv_action
BootPass_109,94,10,10,Position_Unknown,Team_Unknown,Action_PreSnap,1043.64,417.91,1090.85,516.19,47.20999999999981,98.28000000000003,xml_geometry_csv_action
BootPass_109,94,12,12,Position_Unknown,Team_Unknown,Action_PreSnap,403.49,489.2,458.85,567.8,55.360000000000014,78.59999999999997,xml_geometry_csv_action
BootPass_109,94,13,13,Position_Unknown,Team_Unknown,Action_PreSnap,777.73,470.82,830.79,541.46,53.059999999999945,70.64000000000004,xml_geometry_csv_action
BootPass_109,94,14,14,Position_Unknown,Team_Unknown,Action_None,835.0,510.25,884.43,610.59,49.42999999999995,100.34000000000003,xml_geometry_csv_action
BootPass_109,94,15,15,Position_Unknown,Team_Unknown,Action_PreSnap,1241.89,416.24,1290.37,505.54,48.47999999999979,89.30000000000001,xml_geometry_csv_action
BootPass_109,94,16,16,Position_Unknown,Team_Unknown,Action_PreSnap,719.47,466.59,761.34,551.61,41.870000000000005,85.02000000000004,xml_geometry_csv_action
BootPass_109,94,18,18,Position_Unknown,Team_Unknown,Action_PreSnap,620.63,480.05,682.14,578.29,61.50999999999999,98.23999999999995,xml_geometry_csv_action
BootPass_109,94,2,2,Position_Unknown,Team_Unknown,Action_PreSnap,637.16,552.4,689.15,656.87,51.99000000000001,104.47000000000003,xml_geometry_csv_action
BootPass_109,94,20,20,Position_Unknown,Team_Unknown,Action_PreSnap,782.82,529.36,845.85,627.0,63.02999999999997,97.63999999999999,xml_geometry_csv_action
BootPass_109,94,22,21,Position_Unknown,Team_Unknown,Action_None,682.93,482.26,741.58,577.88,58.65000000000009,95.62,xml_geometry_csv_action
BootPass_109,94,3,3,Position_Unknown,Team_Unknown,Action_RunFlatRoute,1188.29,749.21,1254.65,845.02,66.36000000000013,95.80999999999995,xml_geometry_csv_action
BootPass_109,94,5,5,Position_Unknown,Team_Unknown,Action_PreSnap,933.9,661.67,982.22,772.88,48.32000000000005,111.21000000000004,xml_geometry_csv_action
BootPass_109,94,6,6,Position_Unknown,Team_Unknown,Action_PreSnap,839.03,471.96,885.79,552.82,46.75999999999999,80.86000000000007,xml_geometry_csv_action
BootPass_109,94,7,7,Position_Unknown,Team_Unknown,Action_PreSnap,480.9,435.16,524.72,534.9,43.82000000000005,99.73999999999995,xml_geometry_csv_action
BootPass_109,94,8,8,Position_Unknown,Team_Unknown,Action_PreSnap,767.05,595.27,823.73,686.91,56.680000000000064,91.63999999999999,xml_geometry_csv_action
BootPass_109,94,9,9,Position_Unknown,Team_Unknown,Action_PreSnap,1088.74,539.12,1140.6,626.89,51.8599999999999,87.76999999999998,xml_geometry_csv_action
BootPass_109,95,0,0,Position_Unknown,Team_Unknown,Action_PreSnap,1157.23,780.41,1230.29,886.82,73.05999999999995,106.41000000000008,xml_geometry_csv_action
BootPass_109,95,1,1,Position_Unknown,Team_Unknown,Action_PreSnap,1077.61,465.44,1128.68,553.22,51.070000000000164,87.78000000000003,xml_geometry_csv_action
BootPass_109,95,10,10,Position_Unknown,Team_Unknown,Action_PreSnap,1035.9,420.05,1083.11,518.1,47.20999999999981,98.05000000000001,xml_geometry_csv_action
BootPass_109,95,12,12,Position_Unknown,Team_Unknown,Action_PreSnap,393.47,490.34,451.88,566.89,58.40999999999997,76.55000000000001,xml_geometry_csv_action
BootPass_109,95,13,13,Position_Unknown,Team_Unknown,Action_PreSnap,774.05,470.72,827.83,539.87,53.780000000000086,69.14999999999998,xml_geometry_csv_action
BootPass_109,95,14,14,Position_Unknown,Team_Unknown,Action_None,834.61,512.01,881.61,611.06,47.0,99.04999999999995,xml_geometry_csv_action
BootPass_109,95,15,15,Position_Unknown,Team_Unknown,Action_PreSnap,1243.89,419.07,1287.32,507.5,43.429999999999836,88.43,xml_geometry_csv_action
BootPass_109,95,16,16,Position_Unknown,Team_Unknown,Action_PreSnap,716.91,467.41,757.8,549.7,40.889999999999986,82.29000000000002,xml_geometry_csv_action
BootPass_109,95,18,18,Position_Unknown,Team_Unknown,Action_PreSnap,615.9,480.37,677.1,577.48,61.200000000000045,97.11000000000001,xml_geometry_csv_action
BootPass_109,95,2,2,Position_Unknown,Team_Unknown,Action_PreSnap,638.1,556.95,687.32,657.55,49.22000000000003,100.59999999999991,xml_geometry_csv_action
BootPass_109,95,20,20,Position_Unknown,Team_Unknown,Action_PreSnap,779.21,529.48,841.86,626.51,62.64999999999998,97.02999999999997,xml_geometry_csv_action
BootPass_109,95,22,21,Position_Unknown,Team_Unknown,Action_None,680.04,482.59,736.7,577.69,56.66000000000008,95.10000000000008,xml_geometry_csv_action
BootPass_109,95,3,3,Position_Unknown,Team_Unknown,Action_RunFlatRoute,1192.7,751.63,1258.13,828.37,65.43000000000006,76.74000000000001,xml_geometry_csv_action
BootPass_109,95,5,5,Position_Unknown,Team_Unknown,Action_PreSnap,924.39,661.64,973.47,775.08,49.08000000000004,113.44000000000005,xml_geometry_csv_action
BootPass_109,95,6,6,Position_Unknown,Team_Unknown,Action_PreSnap,833.68,472.38,880.29,541.84,46.610000000000014,69.46000000000004,xml_geometry_csv_action
BootPass_109,95,7,7,Position_Unknown,Team_Unknown,Action_PreSnap,480.55,430.94,524.58,534.87,44.03000000000003,103.93,xml_geometry_csv_action
BootPass_109,95,8,8,Position_Unknown,Team_Unknown,Action_PreSnap,758.78,595.82,815.26,686.27,56.48000000000002,90.44999999999993,xml_geometry_csv_action
BootPass_109,95,9,9,Position_Unknown,Team_Unknown,Action_PreSnap,1079.01,542.4,1132.32,632.54,53.309999999999945,90.13999999999999,xml_geometry_csv_action
BootPass_109,96,0,0,Position_Unknown,Team_Unknown,Action_PreSnap,1163.23,770.17,1245.21,884.66,81.98000000000002,114.49000000000001,xml_geometry_csv_action
BootPass_109,96,1,1,Position_Unknown,Team_Unknown,Action_PreSnap,1084.58,469.01,1132.12,556.23,47.539999999999964,87.22000000000003,xml_geometry_csv_action
BootPass_109,96,10,10,Position_Unknown,Team_Unknown,Action_PreSnap,1027.68,422.49,1075.13,517.94,47.450000000000045,95.45000000000005,xml_geometry_csv_action
BootPass_109,96,12,12,Position_Unknown,Team_Unknown,Action_PreSnap,384.02,491.12,442.13,570.19,58.110000000000014,79.07000000000005,xml_geometry_csv_action
BootPass_109,96,13,13,Position_Unknown,Team_Unknown,Action_PreSnap,771.38,470.5,824.76,537.26,53.379999999999995,66.75999999999999,xml_geometry_csv_action
BootPass_109,96,14,14,Position_Unknown,Team_Unknown,Action_None,831.83,511.8,879.84,611.57,48.00999999999999,99.77000000000004,xml_geometry_csv_action
BootPass_109,96,15,15,Position_Unknown,Team_Unknown,Action_PreSnap,1243.88,422.12,1285.0,509.94,41.11999999999989,87.82,xml_geometry_csv_action
BootPass_109,96,16,16,Position_Unknown,Team_Unknown,Action_PreSnap,714.98,469.01,754.06,553.48,39.07999999999993,84.47000000000003,xml_geometry_csv_action
BootPass_109,96,18,18,Position_Unknown,Team_Unknown,Action_PreSnap,611.55,480.35,669.94,578.7,58.3900000000001,98.35000000000002,xml_geometry_csv_action
BootPass_109,96,2,2,Position_Unknown,Team_Unknown,Action_PreSnap,638.26,560.57,686.06,662.4,47.799999999999955,101.82999999999993,xml_geometry_csv_action
BootPass_109,96,20,20,Position_Unknown,Team_Unknown,Action_PreSnap,766.49,530.98,829.22,622.51,62.73000000000002,91.52999999999997,xml_geometry_csv_action
BootPass_109,96,22,21,Position_Unknown,Team_Unknown,Action_None,679.07,481.28,733.74,576.98,54.66999999999996,95.70000000000005,xml_geometry_csv_action
BootPass_109,96,5,5,Position_Unknown,Team_Unknown,Action_PreSnap,915.81,661.59,965.84,775.63,50.030000000000086,114.03999999999996,xml_geometry_csv_action
BootPass_109,96,6,6,Position_Unknown,Team_Unknown,Action_PreSnap,829.69,472.77,875.33,537.18,45.639999999999986,64.40999999999997,xml_geometry_csv_action
BootPass_109,96,7,7,Position_Unknown,Team_Unknown,Action_PreSnap,480.99,427.32,524.92,531.84,43.92999999999995,104.52000000000004,xml_geometry_csv_action
BootPass_109,96,8,8,Position_Unknown,Team_Unknown,Action_PreSnap,748.7,594.66,805.75,685.47,57.049999999999955,90.81000000000006,xml_geometry_csv_action
BootPass_109,96,9,9,Position_Unknown,Team_Unknown,Action_PreSnap,1072.78,544.92,1123.67,635.07,50.8900000000001,90.15000000000009,xml_geometry_csv_action
BootPass_109,97,0,0,Position_Unknown,Team_Unknown,Action_PreSnap,1162.97,767.59,1253.51,887.45,90.53999999999996,119.86000000000001,xml_geometry_csv_action
BootPass_109,97,1,1,Position_Unknown,Team_Unknown,Action_PreSnap,1085.84,472.25,1137.08,556.91,51.24000000000001,84.65999999999997,xml_geometry_csv_action
BootPass_109,97,10,10,Position_Unknown,Team_Unknown,Action_PreSnap,1019.98,424.96,1067.54,518.11,47.559999999999945,93.15000000000003,xml_geometry_csv_action
BootPass_109,97,12,12,Position_Unknown,Team_Unknown,Action_PreSnap,374.8,493.27,430.56,575.83,55.75999999999999,82.56000000000006,xml_geometry_csv_action
BootPass_109,97,13,13,Position_Unknown,Team_Unknown,Action_PreSnap,768.5,470.21,822.96,536.78,54.460000000000036,66.57,xml_geometry_csv_action
BootPass_109,97,14,14,Position_Unknown,Team_Unknown,Action_None,829.32,512.55,880.08,613.0,50.75999999999999,100.45000000000005,xml_geometry_csv_action
BootPass_109,97,15,15,Position_Unknown,Team_Unknown,Action_PreSnap,1241.99,425.42,1283.45,511.8,41.460000000000036,86.38,xml_geometry_csv_action
BootPass_109,97,16,16,Position_Unknown,Team_Unknown,Action_PreSnap,711.68,470.63,749.99,560.84,38.31000000000006,90.21000000000004,xml_geometry_csv_action
BootPass_109,97,18,18,Position_Unknown,Team_Unknown,Action_PreSnap,609.12,479.74,667.12,576.44,58.0,96.70000000000005,xml_geometry_csv_action
BootPass_109,97,2,2,Position_Unknown,Team_Unknown,Action_PreSnap,636.69,565.86,685.1,668.87,48.40999999999997,103.00999999999999,xml_geometry_csv_action
BootPass_109,97,22,21,Position_Unknown,Team_Unknown,Action_None,677.29,480.93,730.0,576.86,52.710000000000036,95.93,xml_geometry_csv_action
BootPass_109,97,5,5,Position_Unknown,Team_Unknown,Action_PreSnap,909.0,662.18,959.23,775.95,50.23000000000002,113.7700000000001,xml_geometry_csv_action
BootPass_109,97,6,6,Position_Unknown,Team_Unknown,Action_PreSnap,825.29,473.38,870.19,535.32,44.90000000000009,61.940000000000055,xml_geometry_csv_action
BootPass_109,97,7,7,Position_Unknown,Team_Unknown,Action_PreSnap,480.59,424.02,524.17,526.35,43.579999999999984,102.33000000000004,xml_geometry_csv_action
BootPass_109,97,8,8,Position_Unknown,Team_Unknown,Action_PreSnap,742.17,594.11,797.35,685.39,55.180000000000064,91.27999999999997,xml_geometry_csv_action
BootPass_109,97,9,9,Position_Unknown,Team_Unknown,Action_PreSnap,1062.74,547.02,1114.86,636.26,52.11999999999989,89.24000000000001,xml_geometry_csv_action
BootPass_109,98,0,0,Position_Unknown,Team_Unknown,Action_PreSnap,1163.93,769.46,1262.54,891.85,98.6099999999999,122.38999999999999,xml_geometry_csv_action
BootPass_109,98,1,1,Position_Unknown,Team_Unknown,Action_PreSnap,1083.0,476.96,1141.67,560.76,58.67000000000007,83.80000000000001,xml_geometry_csv_action
BootPass_109,98,10,10,Position_Unknown,Team_Unknown,Action_PreSnap,1012.38,427.23,1060.86,518.75,48.479999999999905,91.51999999999998,xml_geometry_csv_action
BootPass_109,98,12,12,Position_Unknown,Team_Unknown,Action_PreSnap,367.77,494.93,420.5,578.5,52.73000000000002,83.57,xml_geometry_csv_action
BootPass_109,98,13,13,Position_Unknown,Team_Unknown,Action_PreSnap,765.27,470.01,820.66,539.48,55.389999999999986,69.47000000000003,xml_geometry_csv_action
BootPass_109,98,14,14,Position_Unknown,Team_Unknown,Action_None,826.07,513.16,880.33,613.06,54.25999999999999,99.89999999999998,xml_geometry_csv_action
BootPass_109,98,15,15,Position_Unknown,Team_Unknown,Action_PreSnap,1237.16,427.77,1282.52,514.32,45.3599999999999,86.55000000000007,xml_geometry_csv_action
BootPass_109,98,16,16,Position_Unknown,Team_Unknown,Action_PreSnap,706.85,470.68,745.27,563.06,38.41999999999996,92.37999999999994,xml_geometry_csv_action
BootPass_109,98,18,18,Position_Unknown,Team_Unknown,Action_PreSnap,603.53,479.47,663.6,573.74,60.07000000000005,94.26999999999998,xml_geometry_csv_action
BootPass_109,98,2,2,Position_Unknown,Team_Unknown,Action_PreSnap,632.09,568.65,684.14,675.76,52.049999999999955,107.11000000000001,xml_geometry_csv_action
BootPass_109,98,22,21,Position_Unknown,Team_Unknown,Action_None,674.4,481.26,726.04,577.18,51.639999999999986,95.91999999999996,xml_geometry_csv_action
BootPass_109,98,25,23,Position_Unknown,Team_Unknown,Action_PreSnap,1131.59,499.91,1179.32,598.43,47.73000000000002,98.51999999999992,xml_geometry_csv_action
BootPass_109,98,5,5,Position_Unknown,Team_Unknown,Action_PreSnap,902.22,662.01,951.88,774.97,49.65999999999997,112.96000000000004,xml_geometry_csv_action
BootPass_109,98,6,6,Position_Unknown,Team_Unknown,Action_PreSnap,820.71,473.77,865.26,533.13,44.549999999999955,59.360000000000014,xml_geometry_csv_action
BootPass_109,98,7,7,Position_Unknown,Team_Unknown,Action_PreSnap,479.98,421.52,523.1,520.53,43.120000000000005,99.00999999999999,xml_geometry_csv_action
BootPass_109,98,8,8,Position_Unknown,Team_Unknown,Action_PreSnap,736.91,592.93,791.1,684.29,54.190000000000055,91.36000000000001,xml_geometry_csv_action
BootPass_109,98,9,9,Position_Unknown,Team_Unknown,Action_PreSnap,1056.53,549.13,1108.76,637.36,52.23000000000002,88.23000000000002,xml_geometry_csv_action
BootPass_109,99,0,0,Position_Unknown,Team_Unknown,Action_PreSnap,1184.34,770.58,1268.45,894.87,84.11000000000013,124.28999999999996,xml_geometry_csv_action
BootPass_109,99,1,1,Position_Unknown,Team_Unknown,Action_PreSnap,1083.89,477.07,1145.47,558.91,61.57999999999993,81.83999999999997,xml_geometry_csv_action
BootPass_109,99,10,10,Position_Unknown,Team_Unknown,Action_PreSnap,1006.3,429.89,1054.79,518.57,48.49000000000001,88.68000000000006,xml_geometry_csv_action
BootPass_109,99,12,12,Position_Unknown,Team_Unknown,Action_PreSnap,362.46,498.85,410.42,579.38,47.960000000000036,80.52999999999997,xml_geometry_csv_action
BootPass_109,99,13,13,Position_Unknown,Team_Unknown,Action_PreSnap,763.55,469.4,818.28,540.86,54.73000000000002,71.46000000000004,xml_geometry_csv_action
BootPass_109,99,14,14,Position_Unknown,Team_Unknown,Action_None,822.31,514.42,879.13,613.25,56.82000000000005,98.83000000000004,xml_geometry_csv_action
BootPass_109,99,15,15,Position_Unknown,Team_Unknown,Action_PreSnap,1235.07,429.32,1282.4,516.92,47.330000000000155,87.59999999999997,xml_geometry_csv_action
BootPass_109,99,16,16,Position_Unknown,Team_Unknown,Action_PreSnap,702.68,471.11,741.68,561.1,39.0,89.99000000000001,xml_geometry_csv_action
BootPass_109,99,18,18,Position_Unknown,Team_Unknown,Action_PreSnap,598.81,478.86,659.96,572.75,61.15000000000009,93.88999999999999,xml_geometry_csv_action
BootPass_109,99,2,2,Position_Unknown,Team_Unknown,Action_PreSnap,632.08,571.49,684.5,681.88,52.41999999999996,110.38999999999999,xml_geometry_csv_action
BootPass_109,99,20,20,Position_Unknown,Team_Unknown,Action_PreSnap,779.48,512.77,829.02,589.14,49.539999999999964,76.37,xml_geometry_csv_action
BootPass_109,99,22,21,Position_Unknown,Team_Unknown,Action_None,670.57,482.63,721.7,576.92,51.129999999999995,94.28999999999996,xml_geometry_csv_action
BootPass_109,99,25,23,Position_Unknown,Team_Unknown,Action_PreSnap,1125.7,502.17,1173.19,597.62,47.49000000000001,95.44999999999999,xml_geometry_csv_action
BootPass_109,99,4,4,Position_Unknown,Team_Unknown,Action_PreSnap,730.6,526.91,790.66,598.97,60.059999999999945,72.06000000000006,xml_geometry_csv_action
BootPass_109,99,5,5,Position_Unknown,Team_Unknown,Action_PreSnap,896.29,663.43,945.62,773.53,49.33000000000004,110.10000000000002,xml_geometry_csv_action
BootPass_109,99,6,6,Position_Unknown,Team_Unknown,Action_PreSnap,816.54,474.26,860.99,531.24,44.450000000000045,56.98000000000002,xml_geometry_csv_action
BootPass_109,99,7,7,Position_Unknown,Team_Unknown,Action_PreSnap,480.36,418.89,523.49,516.52,43.129999999999995,97.63,xml_geometry_csv_action
BootPass_109,99,8,8,Position_Unknown,Team_Unknown,Action_PreSnap,731.31,591.17,783.76,681.73,52.450000000000045,90.56000000000006,xml_geometry_csv_action
BootPass_109,99,9,9,Position_Unknown,Team_Unknown,Action_PreSnap,1050.76,551.37,1103.65,640.29,52.8900000000001,88.91999999999996,xml_geometry_csv_action
BootPass_109,100,0,0,Position_Unknown,Team_Unknown,Action_PreSnap,1206.26,769.11,1276.67,897.63,70.41000000000008,128.51999999999998,xml_geometry_csv_action
BootPass_109,100,10,10,Position_Unknown,Team_Unknown,Action_PreSnap,1000.26,432.37,1048.66,519.07,48.40000000000009,86.70000000000005,xml_geometry_csv_action
BootPass_109,100,12,12,Position_Unknown,Team_Unknown,Action_PreSnap,355.96,501.38,402.42,580.9,46.460000000000036,79.51999999999998,xml_geometry_csv_action
BootPass_109,100,13,13,Position_Unknown,Team_Unknown,Action_PreSnap,761.59,470.07,814.25,542.24,52.65999999999997,72.17000000000002,xml_geometry_csv_action
BootPass_109,100,14,14,Position_Unknown,Team_Unknown,Action_None,818.89,515.45,875.56,612.15,56.66999999999996,96.69999999999993,xml_geometry_csv_action
BootPass_109,100,15,15,Position_Unknown,Team_Unknown,Action_PreSnap,1235.23,431.19,1281.21,518.03,45.98000000000002,86.83999999999997,xml_geometry_csv_action
BootPass_109,100,16,16,Position_Unknown,Team_Unknown,Action_PreSnap,698.6,471.4,738.66,548.45,40.059999999999945,77.05000000000007,xml_geometry_csv_action
BootPass_109,100,18,18,Position_Unknown,Team_Unknown,Action_PreSnap,593.51,478.62,653.67,572.34,60.15999999999997,93.72000000000003,xml_geometry_csv_action
BootPass_109,100,2,2,Position_Unknown,Team_Unknown,Action_PreSnap,632.87,576.75,686.12,684.5,53.25,107.75,xml_geometry_csv_action
BootPass_109,100,20,20,Position_Unknown,Team_Unknown,Action_PreSnap,781.74,510.09,829.28,582.94,47.539999999999964,72.85000000000008,xml_geometry_csv_action
BootPass_109,100,22,21,Position_Unknown,Team_Unknown,Action_None,667.17,483.47,717.3,576.82,50.129999999999995,93.35000000000002,xml_geometry_csv_action
BootPass_109,100,25,23,Position_Unknown,Team_Unknown,Action_PreSnap,1115.28,501.94,1166.89,596.85,51.61000000000013,94.91000000000003,xml_geometry_csv_action
BootPass_109,100,4,4,Position_Unknown,Team_Unknown,Action_PreSnap,741.3,529.81,789.34,613.5,48.04000000000008,83.69000000000005,xml_geometry_csv_action
BootPass_109,100,5,5,Position_Unknown,Team_Unknown,Action_PreSnap,890.98,664.93,938.93,772.15,47.94999999999993,107.22000000000003,xml_geometry_csv_action
BootPass_109,100,6,6,Position_Unknown,Team_Unknown,Action_PreSnap,811.52,474.79,856.47,529.8,44.950000000000045,55.009999999999934,xml_geometry_csv_action
BootPass_109,100,7,7,Position_Unknown,Team_Unknown,Action_PreSnap,480.21,416.99,523.63,514.26,43.420000000000016,97.26999999999998,xml_geometry_csv_action
BootPass_109,100,8,8,Position_Unknown,Team_Unknown,Action_PreSnap,725.53,592.57,775.09,682.82,49.56000000000006,90.25,xml_geometry_csv_action
BootPass_109,100,9,9,Position_Unknown,Team_Unknown,Action_PreSnap,1042.07,553.24,1096.68,644.66,54.61000000000013,91.41999999999996,xml_geometry_csv_action
BootPass_109,101,0,0,Position_Unknown,Team_Unknown,Action_PreSnap,1219.11,769.7,1280.12,896.54,61.00999999999999,126.83999999999992,xml_geometry_csv_action
BootPass_109,101,10,10,Position_Unknown,Team_Unknown,Action_PreSnap,995.39,433.99,1044.42,518.89,49.030000000000086,84.89999999999998,xml_geometry_csv_action
BootPass_109,101,12,12,Position_Unknown,Team_Unknown,Action_PreSnap,348.15,502.93,395.38,580.25,47.23000000000002,77.32,xml_geometry_csv_action
BootPass_109,101,13,13,Position_Unknown,Team_Unknown,Action_PreSnap,758.65,470.22,810.02,542.66,51.370000000000005,72.43999999999994,xml_geometry_csv_action
BootPass_109,101,14,14,Position_Unknown,Team_Unknown,Action_None,815.52,516.52,871.57,611.26,56.05000000000007,94.74000000000001,xml_geometry_csv_action
BootPass_109,101,15,15,Position_Unknown,Team_Unknown,Action_PreSnap,1235.16,433.37,1279.88,518.55,44.72000000000003,85.17999999999995,xml_geometry_csv_action
BootPass_109,101,16,16,Position_Unknown,Team_Unknown,Action_PreSnap,694.65,472.05,735.37,545.67,40.72000000000003,73.61999999999995,xml_geometry_csv_action
BootPass_109,101,18,18,Position_Unknown,Team_Unknown,Action_PreSnap,590.23,477.96,646.89,572.25,56.65999999999997,94.29000000000002,xml_geometry_csv_action
BootPass_109,101,2,2,Position_Unknown,Team_Unknown,Action_PreSnap,631.28,579.57,687.24,684.54,55.960000000000036,104.96999999999991,xml_geometry_csv_action
BootPass_109,101,22,21,Position_Unknown,Team_Unknown,Action_None,664.94,483.36,713.48,576.64,48.539999999999964,93.27999999999997,xml_geometry_csv_action
BootPass_109,101,25,23,Position_Unknown,Team_Unknown,Action_PreSnap,1107.28,499.79,1161.0,596.74,53.72000000000003,96.94999999999999,xml_geometry_csv_action
BootPass_109,101,3,3,Position_Unknown,Team_Unknown,Action_RunFlatRoute,1241.91,760.57,1296.99,852.36,55.07999999999993,91.78999999999996,xml_geometry_csv_action
BootPass_109,101,4,4,Position_Unknown,Team_Unknown,Action_PreSnap,741.03,533.96,785.21,617.23,44.180000000000064,83.26999999999998,xml_geometry_csv_action
BootPass_109,101,5,5,Position_Unknown,Team_Unknown,Action_PreSnap,884.25,666.75,932.62,771.6,48.370000000000005,104.85000000000002,xml_geometry_csv_action
BootPass_109,101,6,6,Position_Unknown,Team_Unknown,Action_PreSnap,807.17,474.55,853.4,530.14,46.23000000000002,55.589999999999975,xml_geometry_csv_action
BootPass_109,101,7,7,Position_Unknown,Team_Unknown,Action_PreSnap,479.72,415.43,522.82,511.1,43.10000000000002,95.67000000000002,xml_geometry_csv_action
BootPass_109,101,8,8,Position_Unknown,Team_Unknown,Action_PreSnap,718.96,594.51,767.35,681.92,48.389999999999986,87.40999999999997,xml_geometry_csv_action
BootPass_109,101,9,9,Position_Unknown,Team_Unknown,Action_PreSnap,1035.52,554.51,1089.88,647.97,54.36000000000013,93.46000000000004,xml_geometry_csv_action
BootPass_109,102,0,0,Position_Unknown,Team_Unknown,Action_PreSnap,1213.5,766.27,1292.43,877.86,78.93000000000006,111.59000000000003,xml_geometry_csv_action
BootPass_109,102,10,10,Position_Unknown,Team_Unknown,Action_PreSnap,989.44,434.96,1037.54,519.14,48.09999999999991,84.18,xml_geometry_csv_action
BootPass_109,102,12,12,Position_Unknown,Team_Unknown,Action_PreSnap,340.94,504.54,386.96,580.62,46.01999999999998,76.07999999999998,xml_geometry_csv_action
BootPass_109,102,13,13,Position_Unknown,Team_Unknown,Action_PreSnap,754.92,470.33,806.38,543.07,51.460000000000036,72.74000000000007,xml_geometry_csv_action
BootPass_109,102,14,14,Position_Unknown,Team_Unknown,Action_None,812.51,516.89,868.42,612.46,55.90999999999997,95.57000000000005,xml_geometry_csv_action
BootPass_109,102,15,15,Position_Unknown,Team_Unknown,Action_PreSnap,1234.88,436.43,1278.48,517.78,43.59999999999991,81.34999999999997,xml_geometry_csv_action
BootPass_109,102,16,16,Position_Unknown,Team_Unknown,Action_PreSnap,689.48,471.83,731.74,544.1,42.25999999999999,72.27000000000004,xml_geometry_csv_action
BootPass_109,102,18,18,Position_Unknown,Team_Unknown,Action_PreSnap,585.56,477.81,641.84,573.45,56.280000000000086,95.64000000000004,xml_geometry_csv_action
BootPass_109,102,2,2,Position_Unknown,Team_Unknown,Action_PreSnap,630.37,581.49,687.33,684.58,56.960000000000036,103.09000000000003,xml_geometry_csv_action
BootPass_109,102,22,21,Position_Unknown,Team_Unknown,Action_None,661.4,481.89,710.6,575.97,49.200000000000045,94.08000000000004,xml_geometry_csv_action
BootPass_109,102,5,5,Position_Unknown,Team_Unknown,Action_PreSnap,874.27,667.38,926.77,771.07,52.5,103.69000000000005,xml_geometry_csv_action
BootPass_109,102,6,6,Position_Unknown,Team_Unknown,Action_PreSnap,803.89,474.56,849.41,529.85,45.51999999999998,55.29000000000002,xml_geometry_csv_action
BootPass_109,102,7,7,Position_Unknown,Team_Unknown,Action_PreSnap,478.2,413.57,525.49,510.64,47.29000000000002,97.07,xml_geometry_csv_action
BootPass_109,102,8,8,Position_Unknown,Team_Unknown,Action_PreSnap,713.45,594.61,760.64,681.09,47.18999999999994,86.48000000000002,xml_geometry_csv_action
BootPass_109,103,0,0,Position_Unknown,Team_Unknown,Action_PreSnap,1221.75,773.2,1293.17,875.86,71.42000000000007,102.65999999999997,xml_geometry_csv_action
BootPass_109,103,10,10,Position_Unknown,Team_Unknown,Action_PreSnap,984.94,436.12,1032.87,519.65,47.929999999999836,83.52999999999997,xml_geometry_csv_action
BootPass_109,103,12,12,Position_Unknown,Team_Unknown,Action_PreSnap,334.41,506.97,379.02,579.77,44.60999999999996,72.79999999999995,xml_geometry_csv_action
BootPass_109,103,13,13,Position_Unknown,Team_Unknown,Action_PreSnap,751.16,470.91,802.57,544.1,51.41000000000008,73.19,xml_geometry_csv_action
BootPass_109,103,14,14,Position_Unknown,Team_Unknown,Action_None,808.18,517.84,864.18,612.67,56.0,94.82999999999993,xml_geometry_csv_action
BootPass_109,103,15,15,Position_Unknown,Team_Unknown,Action_PreSnap,1234.32,439.09,1278.6,520.69,44.27999999999997,81.60000000000008,xml_geometry_csv_action
BootPass_109,103,18,18,Position_Unknown,Team_Unknown,Action_PreSnap,580.84,478.46,638.0,573.07,57.15999999999997,94.61000000000007,xml_geometry_csv_action
BootPass_109,103,2,2,Position_Unknown,Team_Unknown,Action_PreSnap,631.86,584.4,688.46,687.76,56.60000000000002,103.36000000000001,xml_geometry_csv_action
BootPass_109,103,22,21,Position_Unknown,Team_Unknown,Action_None,659.2,478.38,706.99,571.78,47.789999999999964,93.39999999999998,xml_geometry_csv_action
BootPass_109,103,3,3,Position_Unknown,Team_Unknown,Action_RunFlatRoute,1250.31,762.61,1306.45,862.18,56.1400000000001,99.56999999999994,xml_geometry_csv_action
BootPass_109,103,5,5,Position_Unknown,Team_Unknown,Action_PreSnap,864.81,669.62,919.85,773.82,55.04000000000008,104.20000000000005,xml_geometry_csv_action
BootPass_109,103,6,6,Position_Unknown,Team_Unknown,Action_PreSnap,800.61,474.46,846.7,531.68,46.09000000000003,57.21999999999997,xml_geometry_csv_action
BootPass_109,103,7,7,Position_Unknown,Team_Unknown,Action_PreSnap,477.61,411.38,526.2,510.54,48.59000000000003,99.16000000000003,xml_geometry_csv_action
BootPass_109,103,8,8,Position_Unknown,Team_Unknown,Action_PreSnap,705.93,592.94,753.58,680.25,47.65000000000009,87.30999999999995,xml_geometry_csv_action
BootPass_109,104,0,0,Position_Unknown,Team_Unknown,Action_PreSnap,1228.76,780.17,1297.1,887.9,68.33999999999992,107.73000000000002,xml_geometry_csv_action
BootPass_109,104,10,10,Position_Unknown,Team_Unknown,Action_PreSnap,981.51,436.71,1028.48,520.27,46.97000000000003,83.56,xml_geometry_csv_action
BootPass_109,104,12,12,Position_Unknown,Team_Unknown,Action_PreSnap,329.06,509.07,374.77,581.62,45.70999999999998,72.55000000000001,xml_geometry_csv_action
BootPass_109,104,13,13,Position_Unknown,Team_Unknown,Action_PreSnap,749.33,471.95,799.43,545.54,50.09999999999991,73.58999999999997,xml_geometry_csv_action
BootPass_109,104,14,14,Position_Unknown,Team_Unknown,Action_None,804.7,517.82,860.37,612.64,55.66999999999996,94.81999999999994,xml_geometry_csv_action
BootPass_109,104,15,15,Position_Unknown,Team_Unknown,Action_PreSnap,1234.0,441.5,1280.99,523.76,46.99000000000001,82.25999999999999,xml_geometry_csv_action
BootPass_109,104,16,16,Position_Unknown,Team_Unknown,Action_PreSnap,680.18,470.48,723.29,538.92,43.110000000000014,68.43999999999994,xml_geometry_csv_action
BootPass_109,104,18,18,Position_Unknown,Team_Unknown,Action_PreSnap,577.4,478.57,635.81,573.16,58.40999999999997,94.58999999999997,xml_geometry_csv_action
BootPass_109,104,2,2,Position_Unknown,Team_Unknown,Action_PreSnap,634.9,588.03,694.33,693.74,59.430000000000064,105.71000000000004,xml_geometry_csv_action
BootPass_109,104,20,20,Position_Unknown,Team_Unknown,Action_PreSnap,763.27,509.95,813.31,587.83,50.039999999999964,77.88000000000005,xml_geometry_csv_action
BootPass_109,104,22,21,Position_Unknown,Team_Unknown,Action_None,657.66,476.84,704.57,568.6,46.91000000000008,91.76000000000005,xml_geometry_csv_action
BootPass_109,104,25,23,Position_Unknown,Team_Unknown,Action_PreSnap,1097.69,500.89,1148.01,596.99,50.319999999999936,96.10000000000002,xml_geometry_csv_action
BootPass_109,104,3,3,Position_Unknown,Team_Unknown,Action_RunFlatRoute,1253.77,763.77,1314.53,865.38,60.75999999999999,101.61000000000001,xml_geometry_csv_action
BootPass_109,104,4,4,Position_Unknown,Team_Unknown,Action_PreSnap,723.13,533.87,767.28,616.86,44.14999999999998,82.99000000000001,xml_geometry_csv_action
BootPass_109,104,5,5,Position_Unknown,Team_Unknown,Action_PreSnap,860.64,669.93,914.08,775.33,53.440000000000055,105.40000000000009,xml_geometry_csv_action
BootPass_109,104,6,6,Position_Unknown,Team_Unknown,Action_PreSnap,799.35,474.01,844.55,532.61,45.19999999999993,58.60000000000002,xml_geometry_csv_action
BootPass_109,104,7,7,Position_Unknown,Team_Unknown,Action_PreSnap,476.67,408.67,525.24,509.82,48.56999999999999,101.14999999999998,xml_geometry_csv_action
BootPass_109,104,8,8,Position_Unknown,Team_Unknown,Action_PreSnap,699.0,593.92,746.46,678.35,47.460000000000036,84.43000000000006,xml_geometry_csv_action
BootPass_109,104,9,9,Position_Unknown,Team_Unknown,Action_PreSnap,1015.43,562.08,1068.23,655.3,52.80000000000007,93.21999999999991,xml_geometry_csv_action
BootPass_109,105,0,0,Position_Unknown,Team_Unknown,Action_PreSnap,1235.59,771.99,1313.66,885.14,78.07000000000016,113.14999999999998,xml_geometry_csv_action
BootPass_109,105,1,1,Position_Unknown,Team_Unknown,Action_PreSnap,1130.38,495.3,1177.73,579.39,47.34999999999991,84.08999999999997,xml_geometry_csv_action
BootPass_109,105,10,10,Position_Unknown,Team_Unknown,Action_PreSnap,978.7,437.53,1024.65,520.99,45.950000000000045,83.46000000000004,xml_geometry_csv_action
BootPass_109,105,12,12,Position_Unknown,Team_Unknown,Action_PreSnap,323.12,512.14,368.92,586.42,45.80000000000001,74.27999999999997,xml_geometry_csv_action
BootPass_109,105,13,13,Position_Unknown,Team_Unknown,Action_PreSnap,747.54,472.54,797.68,547.07,50.139999999999986,74.53000000000003,xml_geometry_csv_action
BootPass_109,105,14,14,Position_Unknown,Team_Unknown,Action_None,801.06,518.31,857.41,612.69,56.35000000000002,94.38000000000011,xml_geometry_csv_action
BootPass_109,105,15,15,Position_Unknown,Team_Unknown,Action_PreSnap,1232.26,445.48,1282.47,521.38,50.210000000000036,75.89999999999998,xml_geometry_csv_action
BootPass_109,105,16,16,Position_Unknown,Team_Unknown,Action_PreSnap,674.98,469.35,719.7,537.87,44.72000000000003,68.51999999999998,xml_geometry_csv_action
BootPass_109,105,18,18,Position_Unknown,Team_Unknown,Action_PreSnap,574.99,479.19,633.79,573.9,58.799999999999955,94.70999999999998,xml_geometry_csv_action
BootPass_109,105,2,2,Position_Unknown,Team_Unknown,Action_PreSnap,636.5,592.08,695.84,699.83,59.34000000000003,107.75,xml_geometry_csv_action
BootPass_109,105,20,20,Position_Unknown,Team_Unknown,Action_PreSnap,759.33,510.86,812.78,590.36,53.44999999999993,79.5,xml_geometry_csv_action
BootPass_109,105,22,21,Position_Unknown,Team_Unknown,Action_None,656.4,476.9,702.6,565.48,46.200000000000045,88.58000000000004,xml_geometry_csv_action
BootPass_109,105,29,24,Position_Unknown,Team_Unknown,Action_PreSnap,678.72,529.51,727.74,581.37,49.01999999999998,51.860000000000014,xml_geometry_csv_action
BootPass_109,105,5,5,Position_Unknown,Team_Unknown,Action_PreSnap,859.22,671.72,912.47,776.14,53.25,104.41999999999996,xml_geometry_csv_action
BootPass_109,105,6,6,Position_Unknown,Team_Unknown,Action_PreSnap,797.89,473.02,843.48,535.07,45.59000000000003,62.05000000000007,xml_geometry_csv_action
BootPass_109,105,7,7,Position_Unknown,Team_Unknown,Action_PreSnap,475.12,405.95,522.64,508.88,47.51999999999998,102.93,xml_geometry_csv_action
BootPass_109,105,9,9,Position_Unknown,Team_Unknown,Action_PreSnap,1015.2,564.77,1062.63,641.94,47.430000000000064,77.17000000000007,xml_geometry_csv_action
BootPass_109,106,1,1,Position_Unknown,Team_Unknown,Action_PreSnap,1137.04,497.66,1189.46,583.98,52.42000000000007,86.32,xml_geometry_csv_action
BootPass_109,106,10,10,Position_Unknown,Team_Unknown,Action_PreSnap,975.04,438.03,1021.12,522.31,46.08000000000004,84.27999999999997,xml_geometry_csv_action
BootPass_109,106,12,12,Position_Unknown,Team_Unknown,Action_PreSnap,316.38,514.25,362.5,594.6,46.120000000000005,80.35000000000002,xml_geometry_csv_action
BootPass_109,106,13,13,Position_Unknown,Team_Unknown,Action_PreSnap,745.49,473.41,796.38,548.28,50.889999999999986,74.86999999999995,xml_geometry_csv_action
BootPass_109,106,14,14,Position_Unknown,Team_Unknown,Action_None,797.85,519.58,854.52,612.59,56.66999999999996,93.00999999999999,xml_geometry_csv_action
BootPass_109,106,15,15,Position_Unknown,Team_Unknown,Action_PreSnap,1230.92,448.24,1284.62,521.14,53.69999999999982,72.89999999999998,xml_geometry_csv_action
BootPass_109,106,16,16,Position_Unknown,Team_Unknown,Action_PreSnap,670.77,468.53,716.99,538.14,46.22000000000003,69.61000000000001,xml_geometry_csv_action
BootPass_109,106,18,18,Position_Unknown,Team_Unknown,Action_PreSnap,572.51,479.56,631.79,575.65,59.27999999999997,96.08999999999997,xml_geometry_csv_action
BootPass_109,106,2,2,Position_Unknown,Team_Unknown,Action_PreSnap,634.96,596.42,692.11,703.7,57.14999999999998,107.28000000000009,xml_geometry_csv_action
BootPass_109,106,20,20,Position_Unknown,Team_Unknown,Action_PreSnap,755.74,511.42,810.23,591.75,54.49000000000001,80.32999999999998,xml_geometry_csv_action
BootPass_109,106,29,24,Position_Unknown,Team_Unknown,Action_PreSnap,674.24,530.32,722.87,582.48,48.629999999999995,52.15999999999997,xml_geometry_csv_action
BootPass_109,106,3,3,Position_Unknown,Team_Unknown,Action_RunFlatRoute,1261.5,766.71,1329.08,878.24,67.57999999999993,111.52999999999997,xml_geometry_csv_action
BootPass_109,106,5,5,Position_Unknown,Team_Unknown,Action_PreSnap,855.45,676.49,909.94,777.75,54.49000000000001,101.25999999999999,xml_geometry_csv_action
BootPass_109,106,6,6,Position_Unknown,Team_Unknown,Action_PreSnap,795.88,471.39,843.51,539.95,47.629999999999995,68.56000000000006,xml_geometry_csv_action
BootPass_109,106,7,7,Position_Unknown,Team_Unknown,Action_PreSnap,474.58,403.93,521.24,505.26,46.660000000000025,101.32999999999998,xml_geometry_csv_action
BootPass_109,106,8,8,Position_Unknown,Team_Unknown,Action_PreSnap,690.83,596.35,737.46,676.27,46.629999999999995,79.91999999999996,xml_geometry_csv_action
BootPass_109,106,9,9,Position_Unknown,Team_Unknown,Action_PreSnap,1013.84,567.51,1058.52,637.06,44.67999999999995,69.54999999999995,xml_geometry_csv_action
BootPass_109,107,1,1,Position_Unknown,Team_Unknown,Action_PreSnap,1145.67,500.07,1198.48,587.25,52.809999999999945,87.18,xml_geometry_csv_action
BootPass_109,107,10,10,Position_Unknown,Team_Unknown,Action_PreSnap,970.77,439.13,1018.25,523.82,47.48000000000002,84.69000000000005,xml_geometry_csv_action
BootPass_109,107,12,12,Position_Unknown,Team_Unknown,Action_PreSnap,310.76,515.15,356.78,598.98,46.01999999999998,83.83000000000004,xml_geometry_csv_action
BootPass_109,107,13,13,Position_Unknown,Team_Unknown,Action_PreSnap,744.44,473.85,795.04,549.1,50.59999999999991,75.25,xml_geometry_csv_action
BootPass_109,107,14,14,Position_Unknown,Team_Unknown,Action_None,795.62,519.99,852.11,612.78,56.49000000000001,92.78999999999996,xml_geometry_csv_action
BootPass_109,107,15,15,Position_Unknown,Team_Unknown,Action_PreSnap,1232.38,450.47,1286.98,526.6,54.59999999999991,76.13,xml_geometry_csv_action
BootPass_109,107,16,16,Position_Unknown,Team_Unknown,Action_PreSnap,665.86,467.87,713.91,536.06,48.049999999999955,68.18999999999994,xml_geometry_csv_action
BootPass_109,107,18,18,Position_Unknown,Team_Unknown,Action_PreSnap,571.77,479.68,631.42,578.62,59.64999999999998,98.94,xml_geometry_csv_action
BootPass_109,107,2,2,Position_Unknown,Team_Unknown,Action_PreSnap,635.49,599.19,691.81,704.1,56.319999999999936,104.90999999999997,xml_geometry_csv_action
BootPass_109,107,20,20,Position_Unknown,Team_Unknown,Action_PreSnap,753.45,511.02,808.73,593.65,55.27999999999997,82.63,xml_geometry_csv_action
BootPass_109,107,29,24,Position_Unknown,Team_Unknown,Action_PreSnap,663.62,533.93,718.74,598.12,55.120000000000005,64.19000000000005,xml_geometry_csv_action
BootPass_109,107,3,3,Position_Unknown,Team_Unknown,Action_RunFlatRoute,1271.83,769.44,1337.52,890.28,65.69000000000005,120.83999999999992,xml_geometry_csv_action
BootPass_109,107,5,5,Position_Unknown,Team_Unknown,Action_PreSnap,851.99,680.03,907.72,779.08,55.73000000000002,99.05000000000007,xml_geometry_csv_action
BootPass_109,107,6,6,Position_Unknown,Team_Unknown,Action_PreSnap,795.27,470.04,840.22,534.96,44.950000000000045,64.92000000000002,xml_geometry_csv_action
BootPass_109,107,7,7,Position_Unknown,Team_Unknown,Action_PreSnap,474.3,402.39,520.81,502.73,46.509999999999934,100.34000000000003,xml_geometry_csv_action
BootPass_109,107,8,8,Position_Unknown,Team_Unknown,Action_PreSnap,685.51,598.84,733.25,677.62,47.74000000000001,78.77999999999997,xml_geometry_csv_action
BootPass_109,107,9,9,Position_Unknown,Team_Unknown,Action_PreSnap,1008.43,569.04,1054.83,649.51,46.39999999999998,80.47000000000003,xml_geometry_csv_action
BootPass_109,108,1,1,Position_Unknown,Team_Unknown,Action_PreSnap,1154.67,502.52,1204.97,590.4,50.299999999999955,87.88,xml_geometry_csv_action
BootPass_109,108,10,10,Position_Unknown,Team_Unknown,Action_PreSnap,967.61,439.99,1014.76,525.13,47.14999999999998,85.13999999999999,xml_geometry_csv_action
BootPass_109,108,12,12,Position_Unknown,Team_Unknown,Action_PreSnap,306.99,515.67,352.26,600.61,45.26999999999998,84.94000000000005,xml_geometry_csv_action
BootPass_109,108,13,13,Position_Unknown,Team_Unknown,Action_PreSnap,743.67,474.24,793.41,549.3,49.74000000000001,75.05999999999995,xml_geometry_csv_action
BootPass_109,108,14,14,Position_Unknown,Team_Unknown,Action_None,792.35,521.04,850.19,612.93,57.84000000000003,91.88999999999999,xml_geometry_csv_action
BootPass_109,108,15,15,Position_Unknown,Team_Unknown,Action_PreSnap,1232.52,452.99,1288.86,534.45,56.33999999999992,81.46000000000004,xml_geometry_csv_action
BootPass_109,108,16,16,Position_Unknown,Team_Unknown,Action_PreSnap,661.63,467.05,710.6,534.86,48.97000000000003,67.81,xml_geometry_csv_action
BootPass_109,108,18,18,Position_Unknown,Team_Unknown,Action_PreSnap,571.86,480.53,630.55,580.19,58.68999999999994,99.66000000000008,xml_geometry_csv_action
BootPass_109,108,2,2,Position_Unknown,Team_Unknown,Action_PreSnap,637.9,602.26,688.33,704.76,50.430000000000064,102.5,xml_geometry_csv_action
BootPass_109,108,20,20,Position_Unknown,Team_Unknown,Action_PreSnap,751.52,509.5,804.81,593.55,53.289999999999964,84.04999999999995,xml_geometry_csv_action
BootPass_109,108,3,3,Position_Unknown,Team_Unknown,Action_RunFlatRoute,1279.59,774.84,1344.93,896.27,65.34000000000015,121.42999999999995,xml_geometry_csv_action
BootPass_109,108,5,5,Position_Unknown,Team_Unknown,Action_PreSnap,849.04,681.3,905.18,781.38,56.139999999999986,100.08000000000004,xml_geometry_csv_action
BootPass_109,108,6,6,Position_Unknown,Team_Unknown,Action_PreSnap,794.66,468.0,836.55,530.27,41.889999999999986,62.26999999999998,xml_geometry_csv_action
BootPass_109,108,7,7,Position_Unknown,Team_Unknown,Action_PreSnap,474.45,401.01,520.55,499.37,46.099999999999966,98.36000000000001,xml_geometry_csv_action
BootPass_109,108,8,8,Position_Unknown,Team_Unknown,Action_PreSnap,680.6,599.71,729.92,677.12,49.319999999999936,77.40999999999997,xml_geometry_csv_action
BootPass_109,108,9,9,Position_Unknown,Team_Unknown,Action_PreSnap,1002.92,570.44,1051.33,657.11,48.40999999999997,86.66999999999996,xml_geometry_csv_action
BootPass_109,109,0,0,Position_Unknown,Team_Unknown,Action_PreSnap,1284.79,784.37,1352.18,896.87,67.3900000000001,112.5,xml_geometry_csv_action
BootPass_109,109,1,1,Position_Unknown,Team_Unknown,Action_PreSnap,1164.86,505.89,1207.77,591.97,42.91000000000008,86.08000000000004,xml_geometry_csv_action
BootPass_109,109,10,10,Position_Unknown,Team_Unknown,Action_PreSnap,965.61,441.49,1011.78,524.53,46.16999999999996,83.03999999999996,xml_geometry_csv_action
BootPass_109,109,12,12,Position_Unknown,Team_Unknown,Action_PreSnap,303.19,516.17,348.09,599.06,44.89999999999998,82.88999999999999,xml_geometry_csv_action
BootPass_109,109,13,13,Position_Unknown,Team_Unknown,Action_PreSnap,744.39,473.94,791.98,547.91,47.59000000000003,73.96999999999997,xml_geometry_csv_action
BootPass_109,109,14,14,Position_Unknown,Team_Unknown,Action_None,790.51,523.05,848.12,612.29,57.610000000000014,89.24000000000001,xml_geometry_csv_action
BootPass_109,109,15,15,Position_Unknown,Team_Unknown,Action_PreSnap,1240.59,455.88,1290.44,534.33,49.850000000000136,78.45000000000005,xml_geometry_csv_action
BootPass_109,109,16,16,Position_Unknown,Team_Unknown,Action_PreSnap,658.97,466.36,707.67,534.79,48.69999999999993,68.42999999999995,xml_geometry_csv_action
BootPass_109,109,18,18,Position_Unknown,Team_Unknown,Action_PreSnap,572.63,481.93,629.12,579.67,56.49000000000001,97.73999999999995,xml_geometry_csv_action
BootPass_109,109,2,2,Position_Unknown,Team_Unknown,Action_PreSnap,638.47,605.69,685.6,704.36,47.129999999999995,98.66999999999996,xml_geometry_csv_action
BootPass_109,109,20,20,Position_Unknown,Team_Unknown,Action_PreSnap,752.43,503.21,805.05,590.25,52.620000000000005,87.04000000000002,xml_geometry_csv_action
BootPass_109,109,29,24,Position_Unknown,Team_Unknown,Action_PreSnap,652.06,536.58,706.61,609.62,54.55000000000007,73.03999999999996,xml_geometry_csv_action
BootPass_109,109,3,3,Position_Unknown,Team_Unknown,Action_RunFlatRoute,1280.81,770.67,1353.36,872.45,72.54999999999995,101.78000000000009,xml_geometry_csv_action
BootPass_109,109,5,5,Position_Unknown,Team_Unknown,Action_PreSnap,848.06,681.61,902.98,785.62,54.92000000000007,104.00999999999999,xml_geometry_csv_action
BootPass_109,109,6,6,Position_Unknown,Team_Unknown,Action_PreSnap,796.62,466.1,833.97,525.54,37.35000000000002,59.43999999999994,xml_geometry_csv_action
BootPass_109,109,7,7,Position_Unknown,Team_Unknown,Action_PreSnap,474.15,400.58,520.16,498.1,46.00999999999999,97.52000000000004,xml_geometry_csv_action
BootPass_109,109,8,8,Position_Unknown,Team_Unknown,Action_PreSnap,677.65,597.83,727.43,676.91,49.77999999999997,79.07999999999993,xml_geometry_csv_action
BootPass_109,109,9,9,Position_Unknown,Team_Unknown,Action_PreSnap,999.89,571.01,1048.88,664.55,48.99000000000012,93.53999999999996,xml_geometry_csv_action
BootPass_109,110,0,0,Position_Unknown,Team_Unknown,Action_PreSnap,1302.45,776.44,1363.78,879.82,61.32999999999993,103.38,xml_geometry_csv_action
BootPass_109,110,1,1,Position_Unknown,Team_Unknown,Action_PreSnap,1172.9,508.32,1211.28,593.32,38.37999999999988,85.00000000000006,xml_geometry_csv_action
BootPass_109,110,10,10,Position_Unknown,Team_Unknown,Action_PreSnap,964.21,443.35,1009.08,525.22,44.870000000000005,81.87,xml_geometry_csv_action
BootPass_109,110,12,12,Position_Unknown,Team_Unknown,Action_PreSnap,298.66,517.09,344.33,599.08,45.66999999999996,81.99000000000001,xml_geometry_csv_action
BootPass_109,110,13,13,Position_Unknown,Team_Unknown,Action_PreSnap,745.19,473.63,791.53,546.99,46.33999999999992,73.36000000000001,xml_geometry_csv_action
BootPass_109,110,14,14,Position_Unknown,Team_Unknown,Action_None,788.39,522.97,845.11,611.77,56.72000000000003,88.79999999999995,xml_geometry_csv_action
BootPass_109,110,15,15,Position_Unknown,Team_Unknown,Action_PreSnap,1246.76,458.5,1292.46,537.18,45.700000000000045,78.67999999999995,xml_geometry_csv_action
BootPass_109,110,16,16,Position_Unknown,Team_Unknown,Action_PreSnap,656.63,466.26,705.57,536.88,48.940000000000055,70.62,xml_geometry_csv_action
BootPass_109,110,18,18,Position_Unknown,Team_Unknown,Action_PreSnap,573.86,482.93,628.7,579.39,54.84000000000003,96.45999999999998,xml_geometry_csv_action
BootPass_109,110,2,2,Position_Unknown,Team_Unknown,Action_PreSnap,638.48,608.39,682.3,705.75,43.819999999999936,97.36000000000001,xml_geometry_csv_action
BootPass_109,110,20,20,Position_Unknown,Team_Unknown,Action_PreSnap,753.3,499.28,804.68,584.98,51.379999999999995,85.70000000000005,xml_geometry_csv_action
BootPass_109,110,29,24,Position_Unknown,Team_Unknown,Action_PreSnap,645.53,536.14,695.52,612.58,49.99000000000001,76.44000000000005,xml_geometry_csv_action
BootPass_109,110,3,3,Position_Unknown,Team_Unknown,Action_RunFlatRoute,1284.21,769.29,1359.58,862.01,75.36999999999989,92.72000000000003,xml_geometry_csv_action
BootPass_109,110,4,4,Position_Unknown,Team_Unknown,Action_PreSnap,721.42,538.78,771.12,627.66,49.700000000000045,88.88,xml_geometry_csv_action
BootPass_109,110,5,5,Position_Unknown,Team_Unknown,Action_PreSnap,847.13,681.88,898.76,788.1,51.629999999999995,106.22000000000003,xml_geometry_csv_action
BootPass_109,110,6,6,Position_Unknown,Team_Unknown,Action_PreSnap,797.48,464.58,833.35,524.38,35.870000000000005,59.80000000000001,xml_geometry_csv_action
BootPass_109,110,7,7,Position_Unknown,Team_Unknown,Action_PreSnap,474.95,400.56,521.0,497.71,46.05000000000001,97.14999999999998,xml_geometry_csv_action
BootPass_109,110,8,8,Position_Unknown,Team_Unknown,Action_PreSnap,674.6,597.87,723.98,676.84,49.379999999999995,78.97000000000003,xml_geometry_csv_action
BootPass_109,110,9,9,Position_Unknown,Team_Unknown,Action_PreSnap,999.78,571.67,1046.22,667.24,46.440000000000055,95.57000000000005,xml_geometry_csv_action
BootPass_109,111,0,0,Position_Unknown,Team_Unknown,Action_PreSnap,1310.25,783.54,1372.06,887.94,61.809999999999945,104.40000000000009,xml_geometry_csv_action
BootPass_109,111,1,1,Position_Unknown,Team_Unknown,Action_PreSnap,1179.04,510.84,1217.51,594.73,38.47000000000003,83.89000000000004,xml_geometry_csv_action
BootPass_109,111,10,10,Position_Unknown,Team_Unknown,Action_PreSnap,963.09,444.8,1007.18,526.08,44.08999999999992,81.28000000000003,xml_geometry_csv_action
BootPass_109,111,12,12,Position_Unknown,Team_Unknown,Action_PreSnap,289.18,518.06,340.36,609.16,51.18000000000001,91.10000000000002,xml_geometry_csv_action
BootPass_109,111,13,13,Position_Unknown,Team_Unknown,Action_PreSnap,744.63,473.0,791.31,545.32,46.67999999999995,72.32000000000005,xml_geometry_csv_action
BootPass_109,111,14,14,Position_Unknown,Team_Unknown,Action_None,785.2,523.96,842.69,611.83,57.49000000000001,87.87,xml_geometry_csv_action
BootPass_109,111,15,15,Position_Unknown,Team_Unknown,Action_PreSnap,1249.71,462.75,1295.42,537.64,45.710000000000036,74.88999999999999,xml_geometry_csv_action
BootPass_109,111,16,16,Position_Unknown,Team_Unknown,Action_PreSnap,654.81,466.13,703.81,538.09,49.0,71.96000000000004,xml_geometry_csv_action
BootPass_109,111,18,18,Position_Unknown,Team_Unknown,Action_PreSnap,574.11,483.44,627.66,578.82,53.549999999999955,95.38000000000005,xml_geometry_csv_action
BootPass_109,111,2,2,Position_Unknown,Team_Unknown,Action_PreSnap,639.31,610.06,682.14,704.92,42.83000000000004,94.86000000000001,xml_geometry_csv_action
BootPass_109,111,20,20,Position_Unknown,Team_Unknown,Action_PreSnap,753.45,500.17,802.1,585.49,48.64999999999998,85.32,xml_geometry_csv_action
BootPass_109,111,22,21,Position_Unknown,Team_Unknown,Action_None,646.05,478.43,688.78,567.01,42.73000000000002,88.57999999999998,xml_geometry_csv_action
BootPass_109,111,29,24,Position_Unknown,Team_Unknown,Action_PreSnap,636.68,538.35,690.8,613.53,54.120000000000005,75.17999999999995,xml_geometry_csv_action
BootPass_109,111,3,3,Position_Unknown,Team_Unknown,Action_RunFlatRoute,1289.55,768.91,1367.42,851.52,77.87000000000012,82.61000000000001,xml_geometry_csv_action
BootPass_109,111,4,4,Position_Unknown,Team_Unknown,Action_PreSnap,723.06,541.01,774.17,629.99,51.110000000000014,88.98000000000002,xml_geometry_csv_action
BootPass_109,111,5,5,Position_Unknown,Team_Unknown,Action_PreSnap,846.58,682.15,895.34,790.53,48.75999999999999,108.38,xml_geometry_csv_action
BootPass_109,111,6,6,Position_Unknown,Team_Unknown,Action_PreSnap,797.15,463.43,833.24,527.73,36.09000000000003,64.30000000000001,xml_geometry_csv_action
BootPass_109,111,7,7,Position_Unknown,Team_Unknown,Action_PreSnap,475.58,400.33,521.68,497.09,46.099999999999966,96.75999999999999,xml_geometry_csv_action
BootPass_109,111,8,8,Position_Unknown,Team_Unknown,Action_PreSnap,670.62,598.84,721.58,679.54,50.960000000000036,80.69999999999993,xml_geometry_csv_action
BootPass_109,111,9,9,Position_Unknown,Team_Unknown,Action_PreSnap,999.14,573.51,1046.81,663.77,47.66999999999996,90.25999999999999,xml_geometry_csv_action
BootPass_109,112,0,0,Position_Unknown,Team_Unknown,Action_PreSnap,1305.28,788.52,1379.25,894.79,73.97000000000003,106.26999999999998,xml_geometry_csv_action
BootPass_109,112,1,1,Position_Unknown,Team_Unknown,Action_PreSnap,1182.65,511.83,1227.96,595.75,45.309999999999945,83.92000000000002,xml_geometry_csv_action
BootPass_109,112,10,10,Position_Unknown,Team_Unknown,Action_PreSnap,960.35,445.33,1006.26,529.62,45.90999999999997,84.29000000000002,xml_geometry_csv_action
BootPass_109,112,12,12,Position_Unknown,Team_Unknown,Action_PreSnap,284.01,521.75,333.96,615.46,49.94999999999999,93.71000000000004,xml_geometry_csv_action
BootPass_109,112,13,13,Position_Unknown,Team_Unknown,Action_PreSnap,744.06,472.99,790.82,546.59,46.760000000000105,73.60000000000002,xml_geometry_csv_action
BootPass_109,112,14,14,Position_Unknown,Team_Unknown,Action_None,779.68,524.65,839.41,611.74,59.73000000000002,87.09000000000003,xml_geometry_csv_action
BootPass_109,112,15,15,Position_Unknown,Team_Unknown,Action_PreSnap,1245.06,465.38,1295.14,545.29,50.080000000000155,79.90999999999997,xml_geometry_csv_action
BootPass_109,112,16,16,Position_Unknown,Team_Unknown,Action_PreSnap,655.17,466.24,702.39,538.87,47.22000000000003,72.63,xml_geometry_csv_action
BootPass_109,112,18,18,Position_Unknown,Team_Unknown,Action_PreSnap,575.64,483.09,626.65,575.38,51.00999999999999,92.29000000000002,xml_geometry_csv_action
BootPass_109,112,2,2,Position_Unknown,Team_Unknown,Action_PreSnap,639.63,611.59,684.77,696.9,45.139999999999986,85.30999999999995,xml_geometry_csv_action
BootPass_109,112,20,20,Position_Unknown,Team_Unknown,Action_PreSnap,754.64,498.02,800.65,584.63,46.00999999999999,86.61000000000001,xml_geometry_csv_action
BootPass_109,112,22,21,Position_Unknown,Team_Unknown,Action_None,645.35,474.48,687.96,565.89,42.610000000000014,91.40999999999997,xml_geometry_csv_action
BootPass_109,112,29,24,Position_Unknown,Team_Unknown,Action_PreSnap,623.34,540.92,682.26,613.99,58.91999999999996,73.07000000000005,xml_geometry_csv_action
BootPass_109,112,31,25,Position_Unknown,Team_Unknown,Action_PreSnap,804.34,518.7,848.27,602.89,43.92999999999995,84.18999999999994,xml_geometry_csv_action
BootPass_109,112,3,3,Position_Unknown,Team_Unknown,Action_RunFlatRoute,1315.14,769.55,1379.89,863.81,64.75,94.25999999999999,xml_geometry_csv_action
BootPass_109,112,5,5,Position_Unknown,Team_Unknown,Action_PreSnap,844.18,683.35,891.67,790.97,47.49000000000001,107.62,xml_geometry_csv_action
BootPass_109,112,6,6,Position_Unknown,Team_Unknown,Action_PreSnap,794.99,463.41,833.2,530.42,38.210000000000036,67.00999999999993,xml_geometry_csv_action
BootPass_109,112,7,7,Position_Unknown,Team_Unknown,Action_PreSnap,476.08,399.54,521.74,496.69,45.660000000000025,97.14999999999998,xml_geometry_csv_action
BootPass_109,112,8,8,Position_Unknown,Team_Unknown,Action_PreSnap,664.91,599.48,716.53,684.91,51.620000000000005,85.42999999999995,xml_geometry_csv_action
BootPass_109,112,9,9,Position_Unknown,Team_Unknown,Action_PreSnap,998.87,577.19,1046.2,663.5,47.33000000000004,86.30999999999995,xml_geometry_csv_action
BootPass_109,113,0,0,Position_Unknown,Team_Unknown,Action_PreSnap,1328.93,779.36,1395.6,898.32,66.66999999999985,118.96000000000004,xml_geometry_csv_action
BootPass_109,113,1,1,Position_Unknown,Team_Unknown,Action_PreSnap,1184.42,512.79,1237.61,601.46,53.18999999999983,88.67000000000007,xml_geometry_csv_action
BootPass_109,113,10,10,Position_Unknown,Team_Unknown,Action_PreSnap,957.56,446.44,1005.14,532.77,47.58000000000004,86.32999999999998,xml_geometry_csv_action
BootPass_109,113,12,12,Position_Unknown,Team_Unknown,Action_PreSnap,281.48,524.47,329.54,619.73,48.06,95.25999999999999,xml_geometry_csv_action
BootPass_109,113,13,13,Position_Unknown,Team_Unknown,Action_PreSnap,743.9,473.04,791.07,546.26,47.17000000000007,73.21999999999997,xml_geometry_csv_action
BootPass_109,113,14,14,Position_Unknown,Team_Unknown,Action_None,774.7,524.14,835.06,612.02,60.3599999999999,87.88,xml_geometry_csv_action
BootPass_109,113,15,15,Position_Unknown,Team_Unknown,Action_PreSnap,1245.87,466.79,1299.0,550.87,53.13000000000011,84.07999999999998,xml_geometry_csv_action
BootPass_109,113,16,16,Position_Unknown,Team_Unknown,Action_PreSnap,652.89,466.49,701.34,540.04,48.450000000000045,73.54999999999995,xml_geometry_csv_action
BootPass_109,113,18,18,Position_Unknown,Team_Unknown,Action_PreSnap,574.2,483.28,625.52,574.71,51.319999999999936,91.43000000000006,xml_geometry_csv_action
BootPass_109,113,22,21,Position_Unknown,Team_Unknown,Action_None,644.39,471.67,689.95,561.64,45.56000000000006,89.96999999999997,xml_geometry_csv_action
BootPass_109,113,29,24,Position_Unknown,Team_Unknown,Action_PreSnap,615.02,543.16,675.65,614.65,60.629999999999995,71.49000000000001,xml_geometry_csv_action
BootPass_109,113,31,25,Position_Unknown,Team_Unknown,Action_PreSnap,801.0,519.18,846.99,603.49,45.99000000000001,84.31000000000006,xml_geometry_csv_action
BootPass_109,113,3,3,Position_Unknown,Team_Unknown,Action_RunFlatRoute,1330.68,770.89,1390.12,864.73,59.43999999999983,93.84000000000003,xml_geometry_csv_action
BootPass_109,113,4,4,Position_Unknown,Team_Unknown,Action_PreSnap,722.42,538.3,775.8,627.13,53.379999999999995,88.83000000000004,xml_geometry_csv_action
BootPass_109,113,5,5,Position_Unknown,Team_Unknown,Action_PreSnap,836.66,684.53,888.63,791.73,51.97000000000003,107.20000000000005,xml_geometry_csv_action
BootPass_109,113,6,6,Position_Unknown,Team_Unknown,Action_PreSnap,793.84,463.07,832.17,530.73,38.32999999999993,67.66000000000003,xml_geometry_csv_action
BootPass_109,113,7,7,Position_Unknown,Team_Unknown,Action_PreSnap,475.91,398.16,521.19,496.4,45.28000000000003,98.23999999999995,xml_geometry_csv_action
BootPass_109,113,8,8,Position_Unknown,Team_Unknown,Action_PreSnap,658.52,601.54,712.9,688.43,54.379999999999995,86.88999999999999,xml_geometry_csv_action
BootPass_109,113,9,9,Position_Unknown,Team_Unknown,Action_PreSnap,995.35,580.54,1044.73,671.33,49.379999999999995,90.79000000000008,xml_geometry_csv_action
BootPass_109,114,0,0,Position_Unknown,Team_Unknown,Action_PreSnap,1340.63,775.2,1407.51,897.41,66.87999999999988,122.20999999999992,xml_geometry_csv_action
BootPass_109,114,1,1,Position_Unknown,Team_Unknown,Action_PreSnap,1188.94,513.84,1242.26,606.01,53.319999999999936,92.16999999999996,xml_geometry_csv_action
BootPass_109,114,10,10,Position_Unknown,Team_Unknown,Action_PreSnap,954.59,447.91,1004.61,535.9,50.01999999999998,87.98999999999995,xml_geometry_csv_action
BootPass_109,114,12,12,Position_Unknown,Team_Unknown,Action_PreSnap,281.66,526.51,325.98,620.96,44.31999999999999,94.45000000000005,xml_geometry_csv_action
BootPass_109,114,13,13,Position_Unknown,Team_Unknown,Action_PreSnap,744.31,473.47,790.64,547.1,46.33000000000004,73.63,xml_geometry_csv_action
BootPass_109,114,14,14,Position_Unknown,Team_Unknown,Action_None,770.03,524.2,831.83,612.34,61.80000000000007,88.13999999999999,xml_geometry_csv_action
BootPass_109,114,15,15,Position_Unknown,Team_Unknown,Action_PreSnap,1249.71,469.15,1301.83,554.67,52.11999999999989,85.51999999999998,xml_geometry_csv_action
BootPass_109,114,16,16,Position_Unknown,Team_Unknown,Action_PreSnap,646.55,469.16,697.12,549.48,50.57000000000005,80.32,xml_geometry_csv_action
BootPass_109,114,18,18,Position_Unknown,Team_Unknown,Action_PreSnap,573.12,482.57,624.07,567.31,50.950000000000045,84.73999999999995,xml_geometry_csv_action
BootPass_109,114,2,2,Position_Unknown,Team_Unknown,Action_PreSnap,645.82,616.18,689.84,720.38,44.01999999999998,104.20000000000005,xml_geometry_csv_action
BootPass_109,114,29,24,Position_Unknown,Team_Unknown,Action_PreSnap,608.01,544.42,668.98,615.55,60.97000000000003,71.13,xml_geometry_csv_action
BootPass_109,114,31,25,Position_Unknown,Team_Unknown,Action_PreSnap,795.1,517.87,844.92,605.15,49.819999999999936,87.27999999999997,xml_geometry_csv_action
BootPass_109,114,4,4,Position_Unknown,Team_Unknown,Action_PreSnap,723.87,536.01,776.32,626.31,52.450000000000045,90.29999999999995,xml_geometry_csv_action
BootPass_109,114,5,5,Position_Unknown,Team_Unknown,Action_PreSnap,833.66,686.07,885.81,790.31,52.14999999999998,104.2399999999999,xml_geometry_csv_action
BootPass_109,114,6,6,Position_Unknown,Team_Unknown,Action_PreSnap,793.22,461.47,832.02,531.06,38.799999999999955,69.58999999999992,xml_geometry_csv_action
BootPass_109,114,7,7,Position_Unknown,Team_Unknown,Action_PreSnap,475.57,396.6,518.71,495.2,43.14000000000004,98.59999999999997,xml_geometry_csv_action
BootPass_109,114,8,8,Position_Unknown,Team_Unknown,Action_PreSnap,655.04,603.18,709.58,691.66,54.54000000000008,88.48000000000002,xml_geometry_csv_action
BootPass_109,114,9,9,Position_Unknown,Team_Unknown,Action_PreSnap,993.68,585.25,1043.08,676.04,49.39999999999998,90.78999999999996,xml_geometry_csv_action
BootPass_109,115,0,0,Position_Unknown,Team_Unknown,Action_PreSnap,1341.33,774.17,1414.5,897.48,73.17000000000007,123.31000000000006,xml_geometry_csv_action
BootPass_109,115,1,1,Position_Unknown,Team_Unknown,Action_PreSnap,1195.22,518.57,1242.82,609.79,47.59999999999991,91.21999999999991,xml_geometry_csv_action
BootPass_109,115,10,10,Position_Unknown,Team_Unknown,Action_PreSnap,955.41,449.95,1003.38,536.47,47.97000000000003,86.52000000000004,xml_geometry_csv_action
BootPass_109,115,12,12,Position_Unknown,Team_Unknown,Action_PreSnap,280.57,528.65,322.06,619.52,41.49000000000001,90.87,xml_geometry_csv_action
BootPass_109,115,13,13,Position_Unknown,Team_Unknown,Action_PreSnap,744.59,474.05,790.13,548.54,45.539999999999964,74.48999999999995,xml_geometry_csv_action
BootPass_109,115,14,14,Position_Unknown,Team_Unknown,Action_None,766.67,526.22,826.77,612.32,60.10000000000002,86.10000000000002,xml_geometry_csv_action
BootPass_109,115,15,15,Position_Unknown,Team_Unknown,Action_PreSnap,1255.33,471.95,1304.87,559.83,49.539999999999964,87.88000000000005,xml_geometry_csv_action
BootPass_109,115,16,16,Position_Unknown,Team_Unknown,Action_PreSnap,643.88,470.0,694.47,555.54,50.59000000000003,85.53999999999996,xml_geometry_csv_action
BootPass_109,115,18,18,Position_Unknown,Team_Unknown,Action_PreSnap,571.07,481.17,621.89,565.38,50.819999999999936,84.20999999999998,xml_geometry_csv_action
BootPass_109,115,2,2,Position_Unknown,Team_Unknown,Action_PreSnap,648.61,613.46,700.95,717.3,52.34000000000003,103.83999999999992,xml_geometry_csv_action
BootPass_109,115,29,24,Position_Unknown,Team_Unknown,Action_PreSnap,600.35,546.28,661.05,618.11,60.69999999999993,71.83000000000004,xml_geometry_csv_action
BootPass_109,115,31,25,Position_Unknown,Team_Unknown,Action_PreSnap,794.73,518.51,843.67,604.6,48.93999999999994,86.09000000000003,xml_geometry_csv_action
BootPass_109,115,4,4,Position_Unknown,Team_Unknown,Action_PreSnap,724.95,533.94,775.56,626.71,50.6099999999999,92.76999999999998,xml_geometry_csv_action
BootPass_109,115,5,5,Position_Unknown,Team_Unknown,Action_PreSnap,832.71,686.62,883.39,788.03,50.67999999999995,101.40999999999997,xml_geometry_csv_action
BootPass_109,115,6,6,Position_Unknown,Team_Unknown,Action_PreSnap,791.96,459.86,830.46,530.7,38.5,70.84000000000003,xml_geometry_csv_action
BootPass_109,115,7,7,Position_Unknown,Team_Unknown,Action_PreSnap,474.46,395.15,516.06,493.99,41.599999999999966,98.84000000000003,xml_geometry_csv_action
BootPass_109,115,9,9,Position_Unknown,Team_Unknown,Action_PreSnap,993.89,585.87,1041.21,679.02,47.32000000000005,93.14999999999998,xml_geometry_csv_action
BootPass_109,116,0,0,Position_Unknown,Team_Unknown,Action_PreSnap,1366.3,778.26,1422.82,901.04,56.51999999999998,122.77999999999997,xml_geometry_csv_action
BootPass_109,116,1,1,Position_Unknown,Team_Unknown,Action_PreSnap,1198.8,523.17,1242.42,611.84,43.62000000000012,88.67000000000007,xml_geometry_csv_action
BootPass_109,116,10,10,Position_Unknown,Team_Unknown,Action_PreSnap,955.72,452.67,1002.86,537.83,47.139999999999986,85.16000000000003,xml_geometry_csv_action
BootPass_109,116,12,12,Position_Unknown,Team_Unknown,Action_PreSnap,278.39,530.47,318.56,623.31,40.170000000000016,92.83999999999992,xml_geometry_csv_action
BootPass_109,116,13,13,Position_Unknown,Team_Unknown,Action_PreSnap,745.51,475.32,789.78,548.19,44.26999999999998,72.87000000000006,xml_geometry_csv_action
BootPass_109,116,14,14,Position_Unknown,Team_Unknown,Action_None,764.1,528.94,822.76,613.76,58.65999999999997,84.81999999999994,xml_geometry_csv_action
BootPass_109,116,15,15,Position_Unknown,Team_Unknown,Action_PreSnap,1261.5,474.84,1305.75,562.22,44.25,87.38000000000005,xml_geometry_csv_action
BootPass_109,116,16,16,Position_Unknown,Team_Unknown,Action_PreSnap,641.3,471.95,693.69,557.04,52.3900000000001,85.08999999999997,xml_geometry_csv_action
BootPass_109,116,18,18,Position_Unknown,Team_Unknown,Action_PreSnap,568.85,480.68,619.2,561.98,50.35000000000002,81.30000000000001,xml_geometry_csv_action
BootPass_109,116,2,2,Position_Unknown,Team_Unknown,Action_PreSnap,650.12,615.97,703.33,718.33,53.210000000000036,102.36000000000001,xml_geometry_csv_action
BootPass_109,116,29,24,Position_Unknown,Team_Unknown,Action_PreSnap,587.69,546.46,654.08,619.73,66.38999999999999,73.26999999999998,xml_geometry_csv_action
BootPass_109,116,31,25,Position_Unknown,Team_Unknown,Action_PreSnap,792.88,519.59,841.53,603.81,48.64999999999998,84.21999999999991,xml_geometry_csv_action
BootPass_109,116,3,3,Position_Unknown,Team_Unknown,Action_RunFlatRoute,1346.34,772.71,1416.56,867.66,70.22000000000003,94.94999999999993,xml_geometry_csv_action
BootPass_109,116,4,4,Position_Unknown,Team_Unknown,Action_PreSnap,727.98,535.96,774.66,628.56,46.67999999999995,92.59999999999991,xml_geometry_csv_action
BootPass_109,116,5,5,Position_Unknown,Team_Unknown,Action_PreSnap,830.97,687.58,880.74,786.84,49.76999999999998,99.25999999999999,xml_geometry_csv_action
BootPass_109,116,6,6,Position_Unknown,Team_Unknown,Action_PreSnap,790.64,458.53,828.72,531.86,38.08000000000004,73.33000000000004,xml_geometry_csv_action
BootPass_109,116,7,7,Position_Unknown,Team_Unknown,Action_PreSnap,473.81,393.98,514.63,492.94,40.81999999999999,98.95999999999998,xml_geometry_csv_action
BootPass_109,116,9,9,Position_Unknown,Team_Unknown,Action_PreSnap,992.88,588.36,1037.46,681.72,44.58000000000004,93.36000000000001,xml_geometry_csv_action
BootPass_109,117,0,0,Position_Unknown,Team_Unknown,Action_PreSnap,1376.21,773.81,1431.09,886.1,54.87999999999988,112.29000000000008,xml_geometry_csv_action
BootPass_109,117,1,1,Position_Unknown,Team_Unknown,Action_PreSnap,1200.43,526.53,1241.93,613.23,41.5,86.70000000000005,xml_geometry_csv_action
BootPass_109,117,10,10,Position_Unknown,Team_Unknown,Action_PreSnap,952.52,455.32,1002.11,538.41,49.59000000000003,83.08999999999997,xml_geometry_csv_action
BootPass_109,117,12,12,Position_Unknown,Team_Unknown,Action_PreSnap,273.39,531.93,314.69,627.99,41.30000000000001,96.06000000000006,xml_geometry_csv_action
BootPass_109,117,13,13,Position_Unknown,Team_Unknown,Action_PreSnap,744.7,476.61,787.67,547.85,42.969999999999914,71.24000000000001,xml_geometry_csv_action
BootPass_109,117,14,14,Position_Unknown,Team_Unknown,Action_None,760.74,529.73,814.12,613.26,53.379999999999995,83.52999999999997,xml_geometry_csv_action
BootPass_109,117,15,15,Position_Unknown,Team_Unknown,Action_PreSnap,1265.89,478.48,1307.25,562.56,41.3599999999999,84.07999999999993,xml_geometry_csv_action
BootPass_109,117,16,16,Position_Unknown,Team_Unknown,Action_PreSnap,639.09,474.06,692.6,557.41,53.50999999999999,83.34999999999997,xml_geometry_csv_action
BootPass_109,117,18,18,Position_Unknown,Team_Unknown,Action_PreSnap,565.99,480.45,615.5,564.78,49.50999999999999,84.32999999999998,xml_geometry_csv_action
BootPass_109,117,2,2,Position_Unknown,Team_Unknown,Action_PreSnap,651.01,620.94,701.35,724.87,50.34000000000003,103.92999999999995,xml_geometry_csv_action
BootPass_109,117,29,24,Position_Unknown,Team_Unknown,Action_PreSnap,579.63,546.13,642.92,618.86,63.289999999999964,72.73000000000002,xml_geometry_csv_action
BootPass_109,117,31,25,Position_Unknown,Team_Unknown,Action_PreSnap,789.59,519.23,837.56,605.75,47.969999999999914,86.51999999999998,xml_geometry_csv_action
BootPass_109,117,32,26,Position_Unknown,Team_Unknown,Action_PreSnap,691.27,529.2,748.85,604.67,57.58000000000004,75.46999999999991,xml_geometry_csv_action
BootPass_109,117,4,4,Position_Unknown,Team_Unknown,Action_PreSnap,727.18,540.19,772.89,632.05,45.710000000000036,91.8599999999999,xml_geometry_csv_action
BootPass_109,117,5,5,Position_Unknown,Team_Unknown,Action_PreSnap,826.73,689.23,877.0,787.56,50.26999999999998,98.32999999999993,xml_geometry_csv_action
BootPass_109,117,6,6,Position_Unknown,Team_Unknown,Action_PreSnap,788.92,457.81,826.03,531.48,37.110000000000014,73.67000000000002,xml_geometry_csv_action
BootPass_109,117,7,7,Position_Unknown,Team_Unknown,Action_PreSnap,472.47,393.48,513.13,491.6,40.65999999999997,98.12,xml_geometry_csv_action
BootPass_109,117,9,9,Position_Unknown,Team_Unknown,Action_PreSnap,992.57,591.09,1035.04,687.05,42.469999999999914,95.95999999999992,xml_geometry_csv_action
BootPass_109,118,0,0,Position_Unknown,Team_Unknown,Action_PreSnap,1385.09,771.59,1438.4,877.45,53.31000000000017,105.86000000000001,xml_geometry_csv_action
BootPass_109,118,1,1,Position_Unknown,Team_Unknown,Action_PreSnap,1202.43,529.64,1245.56,616.59,43.12999999999988,86.95000000000005,xml_geometry_csv_action
BootPass_109,118,10,10,Position_Unknown,Team_Unknown,Action_PreSnap,952.54,458.35,1002.79,537.31,50.25,78.95999999999992,xml_geometry_csv_action
BootPass_109,118,12,12,Position_Unknown,Team_Unknown,Action_PreSnap,270.61,533.51,311.38,633.32,40.76999999999998,99.81000000000006,xml_geometry_csv_action
BootPass_109,118,13,13,Position_Unknown,Team_Unknown,Action_PreSnap,743.42,478.03,786.31,545.66,42.889999999999986,67.63,xml_geometry_csv_action
BootPass_109,118,14,14,Position_Unknown,Team_Unknown,Action_None,754.99,533.94,801.8,613.0,46.809999999999945,79.05999999999995,xml_geometry_csv_action
BootPass_109,118,15,15,Position_Unknown,Team_Unknown,Action_PreSnap,1262.66,481.36,1308.04,562.11,45.37999999999988,80.75,xml_geometry_csv_action
BootPass_109,118,16,16,Position_Unknown,Team_Unknown,Action_PreSnap,636.37,476.16,691.52,557.13,55.14999999999998,80.96999999999997,xml_geometry_csv_action
BootPass_109,118,18,18,Position_Unknown,Team_Unknown,Action_PreSnap,563.91,480.34,610.88,566.17,46.97000000000003,85.82999999999998,xml_geometry_csv_action
BootPass_109,118,2,2,Position_Unknown,Team_Unknown,Action_PreSnap,654.37,627.52,701.34,733.68,46.97000000000003,106.15999999999997,xml_geometry_csv_action
BootPass_109,118,29,24,Position_Unknown,Team_Unknown,Action_PreSnap,573.37,546.8,635.61,620.79,62.24000000000001,73.99000000000001,xml_geometry_csv_action
BootPass_109,118,31,25,Position_Unknown,Team_Unknown,Action_PreSnap,785.17,518.75,834.36,606.39,49.190000000000055,87.63999999999999,xml_geometry_csv_action
BootPass_109,118,32,26,Position_Unknown,Team_Unknown,Action_PreSnap,690.07,528.9,749.11,604.07,59.039999999999964,75.17000000000007,xml_geometry_csv_action
BootPass_109,118,4,4,Position_Unknown,Team_Unknown,Action_PreSnap,727.19,542.92,771.54,634.5,44.34999999999991,91.58000000000004,xml_geometry_csv_action
BootPass_109,118,5,5,Position_Unknown,Team_Unknown,Action_PreSnap,823.93,689.91,873.47,792.8,49.54000000000008,102.88999999999999,xml_geometry_csv_action
BootPass_109,118,6,6,Position_Unknown,Team_Unknown,Action_PreSnap,786.26,457.16,823.16,531.45,36.89999999999998,74.29000000000002,xml_geometry_csv_action
BootPass_109,118,7,7,Position_Unknown,Team_Unknown,Action_PreSnap,471.31,393.62,511.48,490.71,40.170000000000016,97.08999999999997,xml_geometry_csv_action
BootPass_109,118,9,9,Position_Unknown,Team_Unknown,Action_PreSnap,991.62,594.39,1034.39,689.08,42.770000000000095,94.69000000000005,xml_geometry_csv_action
BootPass_109,119,0,0,Position_Unknown,Team_Unknown,Action_PreSnap,1391.11,778.03,1446.87,881.49,55.75999999999999,103.46000000000004,xml_geometry_csv_action
BootPass_109,119,1,1,Position_Unknown,Team_Unknown,Action_PreSnap,1202.65,531.8,1251.55,620.41,48.899999999999864,88.61000000000001,xml_geometry_csv_action
BootPass_109,119,10,10,Position_Unknown,Team_Unknown,Action_PreSnap,951.66,460.99,1003.92,536.07,52.25999999999999,75.08000000000004,xml_geometry_csv_action
BootPass_109,119,12,12,Position_Unknown,Team_Unknown,Action_PreSnap,265.27,535.16,307.16,638.67,41.89000000000004,103.50999999999999,xml_geometry_csv_action
BootPass_109,119,13,13,Position_Unknown,Team_Unknown,Action_PreSnap,739.8,479.1,783.74,544.59,43.940000000000055,65.49000000000001,xml_geometry_csv_action
BootPass_109,119,14,14,Position_Unknown,Team_Unknown,Action_None,750.7,533.07,794.92,609.58,44.219999999999914,76.50999999999999,xml_geometry_csv_action
BootPass_109,119,15,15,Position_Unknown,Team_Unknown,Action_PreSnap,1258.51,483.07,1309.67,564.17,51.16000000000008,81.09999999999997,xml_geometry_csv_action
BootPass_109,119,16,16,Position_Unknown,Team_Unknown,Action_PreSnap,633.41,478.59,689.09,557.41,55.680000000000064,78.82,xml_geometry_csv_action
BootPass_109,119,18,18,Position_Unknown,Team_Unknown,Action_PreSnap,560.31,479.5,606.52,561.2,46.210000000000036,81.70000000000005,xml_geometry_csv_action
BootPass_109,119,2,2,Position_Unknown,Team_Unknown,Action_PreSnap,651.82,631.78,699.55,740.65,47.729999999999905,108.87,xml_geometry_csv_action
BootPass_109,119,29,24,Position_Unknown,Team_Unknown,Action_PreSnap,568.3,546.28,626.86,620.51,58.56000000000006,74.23000000000002,xml_geometry_csv_action
BootPass_109,119,31,25,Position_Unknown,Team_Unknown,Action_PreSnap,780.48,519.21,830.12,604.79,49.639999999999986,85.57999999999993,xml_geometry_csv_action
BootPass_109,119,32,26,Position_Unknown,Team_Unknown,Action_PreSnap,684.01,528.23,745.05,604.5,61.039999999999964,76.26999999999998,xml_geometry_csv_action
BootPass_109,119,3,3,Position_Unknown,Team_Unknown,Action_RunFlatRoute,1385.9,769.77,1446.49,860.67,60.58999999999992,90.89999999999998,xml_geometry_csv_action
BootPass_109,119,4,4,Position_Unknown,Team_Unknown,Action_PreSnap,725.69,545.98,770.55,634.08,44.8599999999999,88.10000000000002,xml_geometry_csv_action
BootPass_109,119,5,5,Position_Unknown,Team_Unknown,Action_PreSnap,820.88,690.22,869.69,796.48,48.81000000000006,106.25999999999999,xml_geometry_csv_action
BootPass_109,119,6,6,Position_Unknown,Team_Unknown,Action_PreSnap,782.73,455.88,820.79,532.35,38.059999999999945,76.47000000000003,xml_geometry_csv_action
BootPass_109,119,7,7,Position_Unknown,Team_Unknown,Action_PreSnap,469.93,393.73,509.38,489.46,39.44999999999999,95.72999999999996,xml_geometry_csv_action
BootPass_109,119,9,9,Position_Unknown,Team_Unknown,Action_PreSnap,989.47,597.55,1031.66,687.1,42.190000000000055,89.55000000000007,xml_geometry_csv_action
BootPass_109,120,0,0,Position_Unknown,Team_Unknown,Action_PreSnap,1403.43,781.32,1457.91,887.05,54.48000000000002,105.7299999999999,xml_geometry_csv_action
BootPass_109,120,1,1,Position_Unknown,Team_Unknown,Action_PreSnap,1207.25,534.48,1253.78,621.96,46.52999999999997,87.48000000000002,xml_geometry_csv_action
BootPass_109,120,10,10,Position_Unknown,Team_Unknown,Action_PreSnap,948.63,462.8,1004.86,537.49,56.23000000000002,74.69,xml_geometry_csv_action
BootPass_109,120,12,12,Position_Unknown,Team_Unknown,Action_PreSnap,260.42,537.76,303.18,641.03,42.75999999999999,103.26999999999998,xml_geometry_csv_action
BootPass_109,120,13,13,Position_Unknown,Team_Unknown,Action_PreSnap,736.88,479.16,781.08,543.04,44.200000000000045,63.87999999999994,xml_geometry_csv_action
BootPass_109,120,14,14,Position_Unknown,Team_Unknown,Action_None,745.66,534.21,789.88,611.61,44.22000000000003,77.39999999999998,xml_geometry_csv_action
BootPass_109,120,15,15,Position_Unknown,Team_Unknown,Action_PreSnap,1257.57,486.35,1310.34,568.09,52.76999999999998,81.74000000000001,xml_geometry_csv_action
BootPass_109,120,16,16,Position_Unknown,Team_Unknown,Action_PreSnap,631.32,479.83,686.1,557.46,54.77999999999997,77.63000000000005,xml_geometry_csv_action
BootPass_109,120,18,18,Position_Unknown,Team_Unknown,Action_PreSnap,557.11,478.96,604.09,559.66,46.98000000000002,80.69999999999999,xml_geometry_csv_action
BootPass_109,120,2,2,Position_Unknown,Team_Unknown,Action_PreSnap,649.45,634.05,697.91,749.3,48.45999999999992,115.25,xml_geometry_csv_action
BootPass_109,120,25,23,Position_Unknown,Team_Unknown,Action_PreSnap,1035.91,501.72,1076.84,589.84,40.929999999999836,88.12,xml_geometry_csv_action
BootPass_109,120,29,24,Position_Unknown,Team_Unknown,Action_PreSnap,560.68,550.41,613.12,624.79,52.440000000000055,74.38,xml_geometry_csv_action
BootPass_109,120,31,25,Position_Unknown,Team_Unknown,Action_PreSnap,774.83,519.06,824.1,603.58,49.26999999999998,84.5200000000001,xml_geometry_csv_action
BootPass_109,120,32,26,Position_Unknown,Team_Unknown,Action_PreSnap,682.27,528.2,743.57,603.49,61.30000000000007,75.28999999999996,xml_geometry_csv_action
BootPass_109,120,3,3,Position_Unknown,Team_Unknown,Action_RunFlatRoute,1398.29,771.25,1456.82,860.79,58.52999999999997,89.53999999999996,xml_geometry_csv_action
BootPass_109,120,4,4,Position_Unknown,Team_Unknown,Action_PreSnap,722.74,549.39,770.79,634.0,48.049999999999955,84.61000000000001,xml_geometry_csv_action
BootPass_109,120,5,5,Position_Unknown,Team_Unknown,Action_PreSnap,818.73,691.1,866.99,800.12,48.25999999999999,109.01999999999998,xml_geometry_csv_action
BootPass_109,120,6,6,Position_Unknown,Team_Unknown,Action_PreSnap,779.39,455.53,818.65,532.77,39.25999999999999,77.24000000000001,xml_geometry_csv_action
BootPass_109,120,7,7,Position_Unknown,Team_Unknown,Action_PreSnap,468.83,393.23,508.0,487.58,39.170000000000016,94.34999999999997,xml_geometry_csv_action
BootPass_109,120,9,9,Position_Unknown,Team_Unknown,Action_PreSnap,986.56,602.39,1028.8,688.55,42.24000000000001,86.15999999999997,xml_geometry_csv_action
BootPass_109,121,1,1,Position_Unknown,Team_Unknown,Action_PreSnap,1210.99,538.19,1255.96,627.32,44.97000000000003,89.13,xml_geometry_csv_action
BootPass_109,121,10,10,Position_Unknown,Team_Unknown,Action_PreSnap,946.36,464.04,1004.69,541.36,58.33000000000004,77.32,xml_geometry_csv_action
BootPass_109,121,12,12,Position_Unknown,Team_Unknown,Action_PreSnap,256.85,540.9,300.45,643.76,43.599999999999966,102.86000000000001,xml_geometry_csv_action
BootPass_109,121,13,13,Position_Unknown,Team_Unknown,Action_PreSnap,735.54,479.29,779.05,542.17,43.50999999999999,62.87999999999994,xml_geometry_csv_action
BootPass_109,121,15,15,Position_Unknown,Team_Unknown,Action_PreSnap,1259.97,489.33,1310.99,573.32,51.01999999999998,83.99000000000007,xml_geometry_csv_action
BootPass_109,121,16,16,Position_Unknown,Team_Unknown,Action_PreSnap,629.92,480.83,683.34,557.58,53.42000000000007,76.75000000000006,xml_geometry_csv_action
BootPass_109,121,18,18,Position_Unknown,Team_Unknown,Action_PreSnap,554.5,479.04,601.53,562.89,47.02999999999997,83.84999999999997,xml_geometry_csv_action
BootPass_109,121,2,2,Position_Unknown,Team_Unknown,Action_PreSnap,646.19,640.2,695.74,755.2,49.549999999999955,115.0,xml_geometry_csv_action
BootPass_109,121,20,20,Position_Unknown,Team_Unknown,Action_PreSnap,748.44,504.52,788.62,586.01,40.17999999999995,81.49000000000001,xml_geometry_csv_action
BootPass_109,121,22,21,Position_Unknown,Team_Unknown,Action_None,616.51,470.77,653.23,530.99,36.72000000000003,60.22000000000003,xml_geometry_csv_action
BootPass_109,121,25,23,Position_Unknown,Team_Unknown,Action_PreSnap,1031.26,501.79,1071.58,589.5,40.319999999999936,87.70999999999998,xml_geometry_csv_action
BootPass_109,121,29,24,Position_Unknown,Team_Unknown,Action_PreSnap,553.11,554.9,603.22,628.56,50.110000000000014,73.65999999999997,xml_geometry_csv_action
BootPass_109,121,31,25,Position_Unknown,Team_Unknown,Action_PreSnap,771.6,521.8,821.12,604.3,49.51999999999998,82.5,xml_geometry_csv_action
BootPass_109,121,32,26,Position_Unknown,Team_Unknown,Action_PreSnap,680.53,528.43,741.47,604.21,60.940000000000055,75.78000000000009,xml_geometry_csv_action
BootPass_109,121,3,3,Position_Unknown,Team_Unknown,Action_RunFlatRoute,1405.07,771.1,1463.92,869.4,58.850000000000136,98.29999999999995,xml_geometry_csv_action
BootPass_109,121,4,4,Position_Unknown,Team_Unknown,Action_PreSnap,719.17,551.18,771.11,637.11,51.940000000000055,85.93000000000006,xml_geometry_csv_action
BootPass_109,121,5,5,Position_Unknown,Team_Unknown,Action_PreSnap,816.1,693.08,866.78,802.86,50.67999999999995,109.77999999999997,xml_geometry_csv_action
BootPass_109,121,6,6,Position_Unknown,Team_Unknown,Action_PreSnap,775.87,455.38,816.64,534.43,40.76999999999998,79.04999999999995,xml_geometry_csv_action
BootPass_109,121,7,7,Position_Unknown,Team_Unknown,Action_PreSnap,468.47,392.41,507.0,485.7,38.52999999999997,93.28999999999996,xml_geometry_csv_action
BootPass_109,121,8,8,Position_Unknown,Team_Unknown,Action_PreSnap,615.57,619.01,661.68,693.68,46.1099999999999,74.66999999999996,xml_geometry_csv_action
BootPass_109,121,9,9,Position_Unknown,Team_Unknown,Action_PreSnap,981.77,604.34,1027.21,693.5,45.440000000000055,89.15999999999997,xml_geometry_csv_action
BootPass_109,122,1,1,Position_Unknown,Team_Unknown,Action_PreSnap,1214.08,541.37,1256.82,629.53,42.74000000000001,88.15999999999997,xml_geometry_csv_action
BootPass_109,122,10,10,Position_Unknown,Team_Unknown,Action_PreSnap,946.0,465.28,1004.11,544.88,58.110000000000014,79.60000000000002,xml_geometry_csv_action
BootPass_109,122,12,12,Position_Unknown,Team_Unknown,Action_PreSnap,252.68,544.11,296.85,644.9,44.170000000000016,100.78999999999996,xml_geometry_csv_action
BootPass_109,122,13,13,Position_Unknown,Team_Unknown,Action_PreSnap,734.35,479.52,775.53,540.21,41.17999999999995,60.690000000000055,xml_geometry_csv_action
BootPass_109,122,15,15,Position_Unknown,Team_Unknown,Action_PreSnap,1265.18,491.87,1311.37,577.2,46.18999999999983,85.33000000000004,xml_geometry_csv_action
BootPass_109,122,16,16,Position_Unknown,Team_Unknown,Action_PreSnap,628.44,481.16,680.98,557.44,52.539999999999964,76.28000000000003,xml_geometry_csv_action
BootPass_109,122,18,18,Position_Unknown,Team_Unknown,Action_PreSnap,552.67,478.41,598.53,563.51,45.860000000000014,85.09999999999997,xml_geometry_csv_action
BootPass_109,122,2,2,Position_Unknown,Team_Unknown,Action_PreSnap,645.01,645.43,693.21,755.97,48.200000000000045,110.54000000000008,xml_geometry_csv_action
BootPass_109,122,20,20,Position_Unknown,Team_Unknown,Action_PreSnap,745.14,506.47,786.21,591.13,41.07000000000005,84.65999999999997,xml_geometry_csv_action
BootPass_109,122,22,21,Position_Unknown,Team_Unknown,Action_None,611.9,471.78,647.06,534.79,35.15999999999997,63.00999999999999,xml_geometry_csv_action
BootPass_109,122,25,23,Position_Unknown,Team_Unknown,Action_PreSnap,1027.01,501.5,1067.08,590.04,40.069999999999936,88.53999999999996,xml_geometry_csv_action
BootPass_109,122,29,24,Position_Unknown,Team_Unknown,Action_PreSnap,540.42,556.94,591.67,632.54,51.25,75.59999999999991,xml_geometry_csv_action
BootPass_109,122,31,25,Position_Unknown,Team_Unknown,Action_PreSnap,767.16,521.72,815.4,603.36,48.24000000000001,81.63999999999999,xml_geometry_csv_action
BootPass_109,122,32,26,Position_Unknown,Team_Unknown,Action_PreSnap,681.12,529.08,739.47,602.64,58.35000000000002,73.55999999999995,xml_geometry_csv_action
BootPass_109,122,3,3,Position_Unknown,Team_Unknown,Action_RunFlatRoute,1407.59,771.37,1475.35,877.32,67.75999999999999,105.95000000000005,xml_geometry_csv_action
BootPass_109,122,4,4,Position_Unknown,Team_Unknown,Action_PreSnap,717.02,551.97,767.5,639.79,50.48000000000002,87.81999999999994,xml_geometry_csv_action
BootPass_109,122,5,5,Position_Unknown,Team_Unknown,Action_PreSnap,813.05,695.01,866.1,802.83,53.05000000000007,107.82000000000005,xml_geometry_csv_action
BootPass_109,122,6,6,Position_Unknown,Team_Unknown,Action_PreSnap,771.78,454.49,814.82,534.66,43.04000000000008,80.16999999999996,xml_geometry_csv_action
BootPass_109,122,7,7,Position_Unknown,Team_Unknown,Action_PreSnap,466.99,390.89,505.13,484.26,38.139999999999986,93.37,xml_geometry_csv_action
BootPass_109,122,8,8,Position_Unknown,Team_Unknown,Action_PreSnap,606.11,620.94,656.1,694.62,49.99000000000001,73.67999999999995,xml_geometry_csv_action
BootPass_109,122,9,9,Position_Unknown,Team_Unknown,Action_PreSnap,978.94,608.72,1026.11,698.55,47.169999999999845,89.82999999999993,xml_geometry_csv_action
BootPass_109,123,0,0,Position_Unknown,Team_Unknown,Action_PreSnap,1425.33,777.49,1484.64,893.86,59.31000000000017,116.37,xml_geometry_csv_action
BootPass_109,123,1,1,Position_Unknown,Team_Unknown,Action_PreSnap,1217.42,544.85,1259.82,630.54,42.399999999999864,85.68999999999994,xml_geometry_csv_action
BootPass_109,123,10,10,Position_Unknown,Team_Unknown,Action_PreSnap,951.01,466.15,1004.33,548.28,53.32000000000005,82.13,xml_geometry_csv_action
BootPass_109,123,12,12,Position_Unknown,Team_Unknown,Action_PreSnap,250.53,548.19,293.28,646.18,42.74999999999997,97.9899999999999,xml_geometry_csv_action
BootPass_109,123,13,13,Position_Unknown,Team_Unknown,Action_PreSnap,732.38,478.33,773.19,537.26,40.81000000000006,58.93000000000001,xml_geometry_csv_action
BootPass_109,123,15,15,Position_Unknown,Team_Unknown,Action_PreSnap,1271.37,494.98,1312.13,579.49,40.76000000000022,84.50999999999999,xml_geometry_csv_action
BootPass_109,123,16,16,Position_Unknown,Team_Unknown,Action_PreSnap,624.93,480.65,676.61,557.3,51.680000000000064,76.64999999999998,xml_geometry_csv_action
BootPass_109,123,18,18,Position_Unknown,Team_Unknown,Action_PreSnap,550.28,477.99,595.27,564.6,44.99000000000001,86.61000000000001,xml_geometry_csv_action
BootPass_109,123,2,2,Position_Unknown,Team_Unknown,Action_PreSnap,644.15,649.88,691.98,756.64,47.83000000000004,106.75999999999999,xml_geometry_csv_action
BootPass_109,123,20,20,Position_Unknown,Team_Unknown,Action_PreSnap,740.77,508.55,781.35,589.19,40.58000000000004,80.64000000000004,xml_geometry_csv_action
BootPass_109,123,22,21,Position_Unknown,Team_Unknown,Action_None,605.79,473.07,640.24,538.44,34.450000000000045,65.37000000000006,xml_geometry_csv_action
BootPass_109,123,25,23,Position_Unknown,Team_Unknown,Action_PreSnap,1023.17,501.93,1061.71,589.14,38.54000000000008,87.20999999999998,xml_geometry_csv_action
BootPass_109,123,29,24,Position_Unknown,Team_Unknown,Action_PreSnap,529.71,558.32,583.08,634.62,53.370000000000005,76.29999999999995,xml_geometry_csv_action
BootPass_109,123,31,25,Position_Unknown,Team_Unknown,Action_PreSnap,765.75,526.62,812.85,605.52,47.10000000000002,78.89999999999998,xml_geometry_csv_action
BootPass_109,123,32,26,Position_Unknown,Team_Unknown,Action_PreSnap,682.28,528.94,737.06,601.36,54.77999999999997,72.41999999999996,xml_geometry_csv_action
BootPass_109,123,3,3,Position_Unknown,Team_Unknown,Action_RunFlatRoute,1402.79,772.33,1477.29,871.32,74.5,98.99000000000001,xml_geometry_csv_action
BootPass_109,123,4,4,Position_Unknown,Team_Unknown,Action_PreSnap,714.22,553.05,763.72,641.76,49.5,88.71000000000004,xml_geometry_csv_action
BootPass_109,123,5,5,Position_Unknown,Team_Unknown,Action_PreSnap,809.96,697.4,864.09,801.87,54.129999999999995,104.47000000000003,xml_geometry_csv_action
BootPass_109,123,6,6,Position_Unknown,Team_Unknown,Action_PreSnap,768.16,453.11,811.14,533.35,42.98000000000002,80.24000000000001,xml_geometry_csv_action
BootPass_109,123,7,7,Position_Unknown,Team_Unknown,Action_PreSnap,466.13,389.56,503.81,482.24,37.68000000000001,92.68,xml_geometry_csv_action
BootPass_109,123,8,8,Position_Unknown,Team_Unknown,Action_PreSnap,597.48,622.84,651.42,693.66,53.93999999999994,70.81999999999994,xml_geometry_csv_action
BootPass_109,123,9,9,Position_Unknown,Team_Unknown,Action_PreSnap,979.11,608.89,1025.25,704.22,46.139999999999986,95.33000000000004,xml_geometry_csv_action
BootPass_109,124,0,0,Position_Unknown,Team_Unknown,Action_PreSnap,1433.06,777.36,1485.96,895.62,52.90000000000009,118.25999999999999,xml_geometry_csv_action
BootPass_109,124,1,1,Position_Unknown,Team_Unknown,Action_PreSnap,1219.43,547.42,1262.01,632.54,42.57999999999993,85.12,xml_geometry_csv_action
BootPass_109,124,10,10,Position_Unknown,Team_Unknown,Action_PreSnap,954.68,467.88,1003.87,548.0,49.190000000000055,80.12,xml_geometry_csv_action
BootPass_109,124,12,12,Position_Unknown,Team_Unknown,Action_PreSnap,248.24,553.11,289.56,646.44,41.31999999999999,93.33000000000004,xml_geometry_csv_action
BootPass_109,124,13,13,Position_Unknown,Team_Unknown,Action_PreSnap,731.84,476.71,771.56,536.67,39.719999999999914,59.95999999999998,xml_geometry_csv_action
BootPass_109,124,15,15,Position_Unknown,Team_Unknown,Action_PreSnap,1273.22,499.07,1312.11,580.43,38.88999999999987,81.35999999999996,xml_geometry_csv_action
BootPass_109,124,16,16,Position_Unknown,Team_Unknown,Action_PreSnap,621.2,480.07,671.34,556.19,50.139999999999986,76.12000000000006,xml_geometry_csv_action
BootPass_109,124,18,18,Position_Unknown,Team_Unknown,Action_PreSnap,546.65,478.2,590.96,563.26,44.31000000000006,85.06,xml_geometry_csv_action
BootPass_109,124,2,2,Position_Unknown,Team_Unknown,Action_PreSnap,643.69,653.8,690.66,757.41,46.969999999999914,103.61000000000001,xml_geometry_csv_action
BootPass_109,124,22,21,Position_Unknown,Team_Unknown,Action_None,599.6,474.22,634.69,540.82,35.09000000000003,66.60000000000002,xml_geometry_csv_action
BootPass_109,124,25,23,Position_Unknown,Team_Unknown,Action_PreSnap,1018.33,501.44,1056.92,589.27,38.59000000000003,87.82999999999998,xml_geometry_csv_action
BootPass_109,124,29,24,Position_Unknown,Team_Unknown,Action_PreSnap,522.31,560.05,573.76,637.07,51.450000000000045,77.0200000000001,xml_geometry_csv_action
BootPass_109,124,31,25,Position_Unknown,Team_Unknown,Action_PreSnap,762.09,526.82,809.63,606.35,47.539999999999964,79.52999999999997,xml_geometry_csv_action
BootPass_109,124,32,26,Position_Unknown,Team_Unknown,Action_PreSnap,682.28,530.36,734.84,599.03,52.56000000000006,68.66999999999996,xml_geometry_csv_action
BootPass_109,124,3,3,Position_Unknown,Team_Unknown,Action_RunFlatRoute,1401.5,771.93,1478.16,865.38,76.66000000000008,93.45000000000005,xml_geometry_csv_action
BootPass_109,124,4,4,Position_Unknown,Team_Unknown,Action_PreSnap,713.04,550.24,764.4,641.26,51.360000000000014,91.01999999999998,xml_geometry_csv_action
BootPass_109,124,5,5,Position_Unknown,Team_Unknown,Action_PreSnap,805.93,700.53,859.61,800.0,53.680000000000064,99.47000000000003,xml_geometry_csv_action
BootPass_109,124,6,6,Position_Unknown,Team_Unknown,Action_PreSnap,764.57,451.6,807.96,536.45,43.389999999999986,84.85000000000002,xml_geometry_csv_action
BootPass_109,124,7,7,Position_Unknown,Team_Unknown,Action_PreSnap,464.21,388.9,501.92,481.06,37.710000000000036,92.16000000000003,xml_geometry_csv_action
BootPass_109,124,8,8,Position_Unknown,Team_Unknown,Action_PreSnap,588.15,623.81,647.86,696.36,59.710000000000036,72.55000000000007,xml_geometry_csv_action
BootPass_109,124,9,9,Position_Unknown,Team_Unknown,Action_PreSnap,979.68,610.58,1024.69,707.16,45.010000000000105,96.57999999999993,xml_geometry_csv_action
BootPass_109,125,0,0,Position_Unknown,Team_Unknown,Action_PreSnap,1436.52,773.86,1489.66,892.06,53.1400000000001,118.19999999999993,xml_geometry_csv_action
BootPass_109,125,1,1,Position_Unknown,Team_Unknown,Action_PreSnap,1221.1,549.94,1266.63,634.96,45.5300000000002,85.01999999999998,xml_geometry_csv_action
BootPass_109,125,10,10,Position_Unknown,Team_Unknown,Action_PreSnap,956.47,469.96,1004.59,545.51,48.120000000000005,75.55000000000001,xml_geometry_csv_action
BootPass_109,125,12,12,Position_Unknown,Team_Unknown,Action_PreSnap,244.9,556.19,285.96,647.47,41.059999999999974,91.27999999999997,xml_geometry_csv_action
BootPass_109,125,13,13,Position_Unknown,Team_Unknown,Action_PreSnap,729.41,475.0,768.54,538.17,39.129999999999995,63.16999999999996,xml_geometry_csv_action
BootPass_109,125,15,15,Position_Unknown,Team_Unknown,Action_PreSnap,1271.74,502.2,1313.22,580.29,41.48000000000002,78.08999999999997,xml_geometry_csv_action
BootPass_109,125,16,16,Position_Unknown,Team_Unknown,Action_PreSnap,617.81,479.19,666.12,555.68,48.31000000000006,76.48999999999995,xml_geometry_csv_action
BootPass_109,125,18,18,Position_Unknown,Team_Unknown,Action_PreSnap,542.06,478.52,586.56,563.0,44.5,84.48000000000002,xml_geometry_csv_action
BootPass_109,125,2,2,Position_Unknown,Team_Unknown,Action_PreSnap,640.91,656.85,687.71,759.16,46.80000000000007,102.30999999999995,xml_geometry_csv_action
BootPass_109,125,22,21,Position_Unknown,Team_Unknown,Action_None,594.71,474.63,629.22,542.01,34.50999999999999,67.38,xml_geometry_csv_action
BootPass_109,125,25,23,Position_Unknown,Team_Unknown,Action_PreSnap,1013.72,501.91,1051.99,588.41,38.26999999999998,86.49999999999994,xml_geometry_csv_action
BootPass_109,125,29,24,Position_Unknown,Team_Unknown,Action_PreSnap,516.52,560.9,565.41,638.82,48.889999999999986,77.92000000000007,xml_geometry_csv_action
BootPass_109,125,31,25,Position_Unknown,Team_Unknown,Action_PreSnap,755.98,524.14,804.75,605.84,48.76999999999998,81.70000000000005,xml_geometry_csv_action
BootPass_109,125,32,26,Position_Unknown,Team_Unknown,Action_PreSnap,672.83,533.04,726.11,607.28,53.27999999999997,74.24000000000001,xml_geometry_csv_action
BootPass_109,125,4,4,Position_Unknown,Team_Unknown,Action_PreSnap,710.62,550.59,762.95,642.1,52.33000000000004,91.50999999999999,xml_geometry_csv_action
BootPass_109,125,5,5,Position_Unknown,Team_Unknown,Action_PreSnap,799.9,702.91,854.78,799.88,54.879999999999995,96.97000000000003,xml_geometry_csv_action
BootPass_109,125,6,6,Position_Unknown,Team_Unknown,Action_PreSnap,760.88,449.64,804.34,535.7,43.460000000000036,86.06000000000006,xml_geometry_csv_action
BootPass_109,125,7,7,Position_Unknown,Team_Unknown,Action_PreSnap,461.75,388.68,499.57,479.18,37.81999999999999,90.5,xml_geometry_csv_action
BootPass_109,125,8,8,Position_Unknown,Team_Unknown,Action_PreSnap,579.26,623.15,643.86,701.02,64.60000000000002,77.87,xml_geometry_csv_action
BootPass_109,125,9,9,Position_Unknown,Team_Unknown,Action_PreSnap,979.02,612.93,1025.29,709.98,46.26999999999998,97.05000000000007,xml_geometry_csv_action
BootPass_109,126,0,0,Position_Unknown,Team_Unknown,Action_PreSnap,1443.71,771.58,1495.82,880.02,52.1099999999999,108.43999999999994,xml_geometry_csv_action
BootPass_109,126,1,1,Position_Unknown,Team_Unknown,Action_PreSnap,1222.65,551.6,1272.9,636.27,50.25,84.66999999999996,xml_geometry_csv_action
BootPass_109,126,10,10,Position_Unknown,Team_Unknown,Action_PreSnap,957.35,471.41,1006.55,542.04,49.19999999999993,70.62999999999994,xml_geometry_csv_action
BootPass_109,126,12,12,Position_Unknown,Team_Unknown,Action_PreSnap,240.19,557.43,281.54,650.55,41.35000000000002,93.12,xml_geometry_csv_action
BootPass_109,126,13,13,Position_Unknown,Team_Unknown,Action_PreSnap,727.19,472.75,767.26,536.06,40.069999999999936,63.309999999999945,xml_geometry_csv_action
BootPass_109,126,15,15,Position_Unknown,Team_Unknown,Action_PreSnap,1268.7,504.54,1312.72,582.81,44.01999999999998,78.26999999999992,xml_geometry_csv_action
BootPass_109,126,16,16,Position_Unknown,Team_Unknown,Action_PreSnap,611.96,477.99,661.9,554.66,49.93999999999994,76.66999999999996,xml_geometry_csv_action
BootPass_109,126,18,18,Position_Unknown,Team_Unknown,Action_PreSnap,538.4,478.32,582.8,560.94,44.39999999999998,82.62000000000006,xml_geometry_csv_action
BootPass_109,126,2,2,Position_Unknown,Team_Unknown,Action_PreSnap,638.2,659.92,685.54,766.12,47.33999999999992,106.20000000000005,xml_geometry_csv_action
BootPass_109,126,20,20,Position_Unknown,Team_Unknown,Action_PreSnap,730.13,514.05,770.59,572.58,40.460000000000036,58.530000000000086,xml_geometry_csv_action
BootPass_109,126,22,21,Position_Unknown,Team_Unknown,Action_None,585.52,474.44,621.21,539.29,35.690000000000055,64.84999999999997,xml_geometry_csv_action
BootPass_109,126,25,23,Position_Unknown,Team_Unknown,Action_PreSnap,1009.23,501.58,1047.28,588.54,38.049999999999955,86.95999999999998,xml_geometry_csv_action
BootPass_109,126,29,24,Position_Unknown,Team_Unknown,Action_PreSnap,510.46,561.82,559.41,640.17,48.94999999999999,78.34999999999991,xml_geometry_csv_action
BootPass_109,126,31,25,Position_Unknown,Team_Unknown,Action_PreSnap,751.72,522.45,798.71,605.75,46.99000000000001,83.29999999999995,xml_geometry_csv_action
BootPass_109,126,32,26,Position_Unknown,Team_Unknown,Action_PreSnap,667.22,534.66,721.96,611.43,54.74000000000001,76.76999999999998,xml_geometry_csv_action
BootPass_109,126,4,4,Position_Unknown,Team_Unknown,Action_PreSnap,712.83,552.23,761.91,641.63,49.07999999999993,89.39999999999998,xml_geometry_csv_action
BootPass_109,126,5,5,Position_Unknown,Team_Unknown,Action_PreSnap,795.6,703.55,849.91,803.72,54.309999999999945,100.17000000000007,xml_geometry_csv_action
BootPass_109,126,6,6,Position_Unknown,Team_Unknown,Action_PreSnap,757.71,446.96,800.1,530.91,42.389999999999986,83.94999999999999,xml_geometry_csv_action
BootPass_109,126,7,7,Position_Unknown,Team_Unknown,Action_PreSnap,460.24,388.4,497.89,477.43,37.64999999999998,89.03000000000003,xml_geometry_csv_action
BootPass_109,126,8,8,Position_Unknown,Team_Unknown,Action_PreSnap,570.67,622.79,643.05,704.04,72.38,81.25,xml_geometry_csv_action
BootPass_109,126,9,9,Position_Unknown,Team_Unknown,Action_PreSnap,979.89,615.61,1026.58,709.0,46.68999999999994,93.38999999999999,xml_geometry_csv_action
BootPass_109,127,0,0,Position_Unknown,Team_Unknown,Action_PreSnap,1446.72,770.32,1501.56,875.41,54.83999999999992,105.08999999999992,xml_geometry_csv_action
BootPass_109,127,1,1,Position_Unknown,Team_Unknown,Action_PreSnap,1223.34,553.58,1273.47,634.02,50.13000000000011,80.43999999999994,xml_geometry_csv_action
BootPass_109,127,10,10,Position_Unknown,Team_Unknown,Action_PreSnap,955.19,473.12,1008.34,544.11,53.14999999999998,70.99000000000001,xml_geometry_csv_action
BootPass_109,127,12,12,Position_Unknown,Team_Unknown,Action_PreSnap,234.33,558.51,277.33,653.94,42.99999999999997,95.43000000000006,xml_geometry_csv_action
BootPass_109,127,13,13,Position_Unknown,Team_Unknown,Action_PreSnap,722.66,471.45,765.54,534.99,42.879999999999995,63.54000000000002,xml_geometry_csv_action
BootPass_109,127,15,15,Position_Unknown,Team_Unknown,Action_PreSnap,1268.8,506.52,1312.63,587.84,43.830000000000155,81.32000000000005,xml_geometry_csv_action
BootPass_109,127,16,16,Position_Unknown,Team_Unknown,Action_PreSnap,606.77,476.59,658.74,554.62,51.97000000000003,78.03000000000003,xml_geometry_csv_action
BootPass_109,127,18,18,Position_Unknown,Team_Unknown,Action_PreSnap,534.1,478.53,579.86,560.5,45.75999999999999,81.97000000000003,xml_geometry_csv_action
BootPass_109,127,2,2,Position_Unknown,Team_Unknown,Action_PreSnap,636.74,662.12,685.44,774.01,48.700000000000045,111.88999999999999,xml_geometry_csv_action
BootPass_109,127,20,20,Position_Unknown,Team_Unknown,Action_PreSnap,725.63,515.62,766.75,571.07,41.120000000000005,55.450000000000045,xml_geometry_csv_action
BootPass_109,127,22,21,Position_Unknown,Team_Unknown,Action_None,577.77,474.4,613.73,539.99,35.960000000000036,65.59000000000003,xml_geometry_csv_action
BootPass_109,127,25,23,Position_Unknown,Team_Unknown,Action_PreSnap,1004.67,502.07,1042.38,588.45,37.71000000000015,86.38000000000005,xml_geometry_csv_action
BootPass_109,127,29,24,Position_Unknown,Team_Unknown,Action_PreSnap,503.73,563.98,550.83,641.01,47.10000000000002,77.02999999999997,xml_geometry_csv_action
BootPass_109,127,31,25,Position_Unknown,Team_Unknown,Action_PreSnap,749.36,523.31,795.64,613.18,46.27999999999997,89.87,xml_geometry_csv_action
BootPass_109,127,32,26,Position_Unknown,Team_Unknown,Action_PreSnap,665.73,537.08,719.23,612.54,53.5,75.45999999999992,xml_geometry_csv_action
BootPass_109,127,4,4,Position_Unknown,Team_Unknown,Action_PreSnap,711.23,553.3,759.67,641.67,48.43999999999994,88.37,xml_geometry_csv_action
BootPass_109,127,5,5,Position_Unknown,Team_Unknown,Action_PreSnap,789.84,704.72,843.31,810.97,53.469999999999914,106.25,xml_geometry_csv_action
BootPass_109,127,6,6,Position_Unknown,Team_Unknown,Action_PreSnap,753.83,445.74,797.37,528.65,43.539999999999964,82.90999999999997,xml_geometry_csv_action
BootPass_109,127,7,7,Position_Unknown,Team_Unknown,Action_PreSnap,460.04,388.38,495.96,477.09,35.91999999999996,88.70999999999998,xml_geometry_csv_action
BootPass_109,127,8,8,Position_Unknown,Team_Unknown,Action_PreSnap,563.7,623.31,640.8,707.0,77.09999999999991,83.69000000000005,xml_geometry_csv_action
BootPass_109,127,9,9,Position_Unknown,Team_Unknown,Action_PreSnap,979.39,617.58,1028.02,711.23,48.629999999999995,93.64999999999998,xml_geometry_csv_action
BootPass_109,128,0,0,Position_Unknown,Team_Unknown,Action_PreSnap,1450.58,770.44,1508.96,878.46,58.38000000000011,108.01999999999998,xml_geometry_csv_action
BootPass_109,128,1,1,Position_Unknown,Team_Unknown,Action_PreSnap,1225.67,556.4,1275.88,642.19,50.210000000000036,85.79000000000008,xml_geometry_csv_action
BootPass_109,128,10,10,Position_Unknown,Team_Unknown,Action_PreSnap,950.65,475.35,1006.15,552.76,55.5,77.40999999999997,xml_geometry_csv_action
BootPass_109,128,12,12,Position_Unknown,Team_Unknown,Action_PreSnap,230.02,560.21,274.06,657.12,44.03999999999999,96.90999999999997,xml_geometry_csv_action
BootPass_109,128,13,13,Position_Unknown,Team_Unknown,Action_PreSnap,718.84,469.91,765.23,534.9,46.389999999999986,64.98999999999995,xml_geometry_csv_action
BootPass_109,128,15,15,Position_Unknown,Team_Unknown,Action_PreSnap,1269.99,509.42,1313.67,592.18,43.680000000000064,82.75999999999993,xml_geometry_csv_action
BootPass_109,128,16,16,Position_Unknown,Team_Unknown,Action_PreSnap,600.48,475.03,655.74,553.88,55.25999999999999,78.85000000000002,xml_geometry_csv_action
BootPass_109,128,18,18,Position_Unknown,Team_Unknown,Action_PreSnap,529.98,478.81,576.63,558.21,46.64999999999998,79.40000000000003,xml_geometry_csv_action
BootPass_109,128,2,2,Position_Unknown,Team_Unknown,Action_PreSnap,637.5,665.12,685.51,779.53,48.00999999999999,114.40999999999997,xml_geometry_csv_action
BootPass_109,128,22,21,Position_Unknown,Team_Unknown,Action_None,567.51,473.61,606.52,542.05,39.00999999999999,68.43999999999994,xml_geometry_csv_action
BootPass_109,128,25,23,Position_Unknown,Team_Unknown,Action_PreSnap,999.34,501.21,1038.09,588.33,38.749999999999886,87.12000000000006,xml_geometry_csv_action
BootPass_109,128,29,24,Position_Unknown,Team_Unknown,Action_PreSnap,494.52,565.07,542.45,640.71,47.930000000000064,75.63999999999999,xml_geometry_csv_action
BootPass_109,128,31,25,Position_Unknown,Team_Unknown,Action_PreSnap,745.74,524.46,790.72,616.74,44.98000000000002,92.27999999999997,xml_geometry_csv_action
BootPass_109,128,32,26,Position_Unknown,Team_Unknown,Action_PreSnap,664.11,536.53,716.3,608.82,52.18999999999994,72.29000000000008,xml_geometry_csv_action
BootPass_109,128,4,4,Position_Unknown,Team_Unknown,Action_PreSnap,707.16,554.22,755.52,649.42,48.360000000000014,95.19999999999993,xml_geometry_csv_action
BootPass_109,128,5,5,Position_Unknown,Team_Unknown,Action_PreSnap,786.78,705.37,837.4,817.2,50.620000000000005,111.83000000000004,xml_geometry_csv_action
BootPass_109,128,6,6,Position_Unknown,Team_Unknown,Action_PreSnap,750.32,444.65,794.73,528.74,44.40999999999997,84.09000000000003,xml_geometry_csv_action
BootPass_109,128,7,7,Position_Unknown,Team_Unknown,Action_PreSnap,458.79,388.34,494.2,476.74,35.40999999999997,88.40000000000003,xml_geometry_csv_action
BootPass_109,128,8,8,Position_Unknown,Team_Unknown,Action_PreSnap,554.35,624.2,630.14,707.45,75.78999999999996,83.25,xml_geometry_csv_action
BootPass_109,128,9,9,Position_Unknown,Team_Unknown,Action_PreSnap,977.85,618.09,1029.32,714.09,51.469999999999914,96.0,xml_geometry_csv_action
BootPass_109,129,0,0,Position_Unknown,Team_Unknown,Action_PreSnap,1458.23,769.99,1519.72,884.09,61.49000000000001,114.10000000000002,xml_geometry_csv_action
BootPass_109,129,1,1,Position_Unknown,Team_Unknown,Action_PreSnap,1226.4,559.33,1274.86,647.31,48.45999999999981,87.9799999999999,xml_geometry_csv_action
BootPass_109,129,10,10,Position_Unknown,Team_Unknown,Action_PreSnap,949.08,477.2,1004.37,556.65,55.289999999999964,79.44999999999999,xml_geometry_csv_action
BootPass_109,129,12,12,Position_Unknown,Team_Unknown,Action_PreSnap,227.48,561.71,270.58,660.45,43.099999999999994,98.74000000000001,xml_geometry_csv_action
BootPass_109,129,13,13,Position_Unknown,Team_Unknown,Action_PreSnap,716.41,469.0,762.92,535.97,46.50999999999999,66.97000000000003,xml_geometry_csv_action
BootPass_109,129,15,15,Position_Unknown,Team_Unknown,Action_PreSnap,1274.51,511.09,1314.8,596.48,40.289999999999964,85.39000000000004,xml_geometry_csv_action
BootPass_109,129,16,16,Position_Unknown,Team_Unknown,Action_PreSnap,594.42,474.28,650.38,552.15,55.960000000000036,77.87,xml_geometry_csv_action
BootPass_109,129,18,18,Position_Unknown,Team_Unknown,Action_PreSnap,526.51,479.36,573.34,559.16,46.83000000000004,79.79999999999995,xml_geometry_csv_action
BootPass_109,129,2,2,Position_Unknown,Team_Unknown,Action_PreSnap,637.54,668.79,685.18,784.35,47.639999999999986,115.56000000000006,xml_geometry_csv_action
BootPass_109,129,20,20,Position_Unknown,Team_Unknown,Action_PreSnap,716.12,516.29,760.18,578.78,44.059999999999945,62.49000000000001,xml_geometry_csv_action
BootPass_109,129,22,21,Position_Unknown,Team_Unknown,Action_None,563.6,473.99,602.47,543.92,38.870000000000005,69.92999999999995,xml_geometry_csv_action
BootPass_109,129,25,23,Position_Unknown,Team_Unknown,Action_PreSnap,994.13,499.95,1033.8,588.32,39.66999999999996,88.37000000000006,xml_geometry_csv_action
BootPass_109,129,29,24,Position_Unknown,Team_Unknown,Action_PreSnap,485.06,566.28,537.61,640.2,52.55000000000001,73.92000000000007,xml_geometry_csv_action
BootPass_109,129,31,25,Position_Unknown,Team_Unknown,Action_PreSnap,743.69,526.45,787.38,618.32,43.68999999999994,91.87,xml_geometry_csv_action
BootPass_109,129,32,26,Position_Unknown,Team_Unknown,Action_PreSnap,659.39,537.11,712.05,610.51,52.65999999999997,73.39999999999998,xml_geometry_csv_action
BootPass_109,129,4,4,Position_Unknown,Team_Unknown,Action_PreSnap,701.38,555.99,752.71,653.02,51.33000000000004,97.02999999999997,xml_geometry_csv_action
BootPass_109,129,5,5,Position_Unknown,Team_Unknown,Action_PreSnap,783.05,707.44,832.76,820.1,49.710000000000036,112.65999999999997,xml_geometry_csv_action
BootPass_109,129,6,6,Position_Unknown,Team_Unknown,Action_PreSnap,746.77,444.06,789.63,525.75,42.860000000000014,81.69,xml_geometry_csv_action
BootPass_109,129,7,7,Position_Unknown,Team_Unknown,Action_PreSnap,457.99,388.53,493.12,477.09,35.129999999999995,88.56,xml_geometry_csv_action
BootPass_109,129,8,8,Position_Unknown,Team_Unknown,Action_PreSnap,546.02,625.82,618.37,713.55,72.35000000000002,87.7299999999999,xml_geometry_csv_action
BootPass_109,129,9,9,Position_Unknown,Team_Unknown,Action_PreSnap,975.29,620.27,1030.52,716.6,55.23000000000002,96.33000000000004,xml_geometry_csv_action
BootPass_109,130,0,0,Position_Unknown,Team_Unknown,Action_PreSnap,1459.0,769.36,1530.56,886.48,71.55999999999995,117.12,xml_geometry_csv_action
BootPass_109,130,1,1,Position_Unknown,Team_Unknown,Action_PreSnap,1227.16,562.44,1274.15,649.27,46.99000000000001,86.82999999999993,xml_geometry_csv_action
BootPass_109,130,10,10,Position_Unknown,Team_Unknown,Action_PreSnap,948.26,478.42,1003.89,559.85,55.629999999999995,81.43,xml_geometry_csv_action
BootPass_109,130,12,12,Position_Unknown,Team_Unknown,Action_PreSnap,226.41,562.93,267.41,659.53,41.00000000000003,96.60000000000002,xml_geometry_csv_action
BootPass_109,130,13,13,Position_Unknown,Team_Unknown,Action_PreSnap,712.17,469.25,760.12,534.96,47.950000000000045,65.71000000000004,xml_geometry_csv_action
BootPass_109,130,15,15,Position_Unknown,Team_Unknown,Action_PreSnap,1278.48,514.72,1315.44,598.19,36.960000000000036,83.47000000000003,xml_geometry_csv_action
BootPass_109,130,16,16,Position_Unknown,Team_Unknown,Action_PreSnap,590.46,473.96,645.71,550.7,55.25,76.74000000000007,xml_geometry_csv_action
BootPass_109,130,18,18,Position_Unknown,Team_Unknown,Action_PreSnap,522.06,479.56,569.75,559.7,47.690000000000055,80.14000000000004,xml_geometry_csv_action
BootPass_109,130,2,2,Position_Unknown,Team_Unknown,Action_PreSnap,639.29,672.39,685.89,786.24,46.60000000000002,113.85000000000002,xml_geometry_csv_action
BootPass_109,130,22,21,Position_Unknown,Team_Unknown,Action_None,561.21,472.55,599.98,544.55,38.76999999999998,71.99999999999994,xml_geometry_csv_action
BootPass_109,130,25,23,Position_Unknown,Team_Unknown,Action_PreSnap,989.41,497.44,1029.82,587.24,40.40999999999997,89.80000000000001,xml_geometry_csv_action
BootPass_109,130,29,24,Position_Unknown,Team_Unknown,Action_PreSnap,474.19,567.73,531.69,642.94,57.50000000000006,75.21000000000004,xml_geometry_csv_action
BootPass_109,130,31,25,Position_Unknown,Team_Unknown,Action_PreSnap,741.93,528.06,784.73,619.41,42.80000000000007,91.35000000000002,xml_geometry_csv_action
BootPass_109,130,32,26,Position_Unknown,Team_Unknown,Action_PreSnap,656.28,539.42,709.69,614.09,53.41000000000008,74.67000000000007,xml_geometry_csv_action
BootPass_109,130,4,4,Position_Unknown,Team_Unknown,Action_PreSnap,698.24,558.63,751.59,657.3,53.35000000000002,98.66999999999996,xml_geometry_csv_action
BootPass_109,130,5,5,Position_Unknown,Team_Unknown,Action_PreSnap,778.16,709.68,826.27,820.09,48.110000000000014,110.41000000000008,xml_geometry_csv_action
BootPass_109,130,6,6,Position_Unknown,Team_Unknown,Action_PreSnap,743.47,443.3,785.39,524.48,41.91999999999996,81.18,xml_geometry_csv_action
BootPass_109,130,7,7,Position_Unknown,Team_Unknown,Action_PreSnap,457.06,388.23,492.1,477.33,35.04000000000002,89.09999999999997,xml_geometry_csv_action
BootPass_109,130,8,8,Position_Unknown,Team_Unknown,Action_PreSnap,536.69,627.02,605.65,717.04,68.95999999999992,90.01999999999998,xml_geometry_csv_action
BootPass_109,130,9,9,Position_Unknown,Team_Unknown,Action_PreSnap,967.64,620.49,1030.93,719.73,63.29000000000008,99.24000000000001,xml_geometry_csv_action
BootPass_109,131,0,0,Position_Unknown,Team_Unknown,Action_PreSnap,1467.3,768.9,1539.31,887.71,72.00999999999999,118.81000000000006,xml_geometry_csv_action
BootPass_109,131,1,1,Position_Unknown,Team_Unknown,Action_PreSnap,1228.65,565.42,1272.05,650.64,43.399999999999864,85.22000000000003,xml_geometry_csv_action
BootPass_109,131,12,12,Position_Unknown,Team_Unknown,Action_PreSnap,226.02,565.82,265.83,661.24,39.809999999999974,95.41999999999996,xml_geometry_csv_action
BootPass_109,131,15,15,Position_Unknown,Team_Unknown,Action_PreSnap,1280.13,518.12,1316.24,598.85,36.1099999999999,80.73000000000002,xml_geometry_csv_action
BootPass_109,131,16,16,Position_Unknown,Team_Unknown,Action_PreSnap,585.41,473.61,641.25,550.31,55.84000000000003,76.69999999999993,xml_geometry_csv_action
BootPass_109,131,18,18,Position_Unknown,Team_Unknown,Action_PreSnap,515.74,479.77,567.03,560.05,51.289999999999964,80.27999999999997,xml_geometry_csv_action
BootPass_109,131,2,2,Position_Unknown,Team_Unknown,Action_PreSnap,642.15,675.92,687.09,786.64,44.940000000000055,110.72000000000003,xml_geometry_csv_action
BootPass_109,131,20,20,Position_Unknown,Team_Unknown,Action_PreSnap,708.28,515.85,756.59,573.37,48.31000000000006,57.51999999999998,xml_geometry_csv_action
BootPass_109,131,22,21,Position_Unknown,Team_Unknown,Action_None,557.72,470.44,594.44,544.32,36.72000000000003,73.88000000000005,xml_geometry_csv_action
BootPass_109,131,25,23,Position_Unknown,Team_Unknown,Action_PreSnap,984.16,492.91,1025.17,587.3,41.010000000000105,94.38999999999993,xml_geometry_csv_action
BootPass_109,131,29,24,Position_Unknown,Team_Unknown,Action_PreSnap,465.5,568.68,525.64,645.45,60.139999999999986,76.7700000000001,xml_geometry_csv_action
BootPass_109,131,31,25,Position_Unknown,Team_Unknown,Action_PreSnap,742.44,530.57,784.43,620.59,41.989999999999895,90.01999999999998,xml_geometry_csv_action
BootPass_109,131,32,26,Position_Unknown,Team_Unknown,Action_PreSnap,655.0,539.25,707.2,615.41,52.200000000000045,76.15999999999997,xml_geometry_csv_action
BootPass_109,131,4,4,Position_Unknown,Team_Unknown,Action_PreSnap,698.92,562.81,751.2,659.72,52.280000000000086,96.91000000000008,xml_geometry_csv_action
BootPass_109,131,5,5,Position_Unknown,Team_Unknown,Action_PreSnap,772.97,711.47,821.79,820.19,48.819999999999936,108.72000000000003,xml_geometry_csv_action
BootPass_109,131,6,6,Position_Unknown,Team_Unknown,Action_PreSnap,741.21,442.68,781.75,523.76,40.539999999999964,81.07999999999998,xml_geometry_csv_action
BootPass_109,131,7,7,Position_Unknown,Team_Unknown,Action_PreSnap,456.12,388.07,491.31,477.56,35.19,89.49000000000001,xml_geometry_csv_action
BootPass_109,131,8,8,Position_Unknown,Team_Unknown,Action_PreSnap,526.68,628.25,594.22,714.24,67.54000000000008,85.99000000000001,xml_geometry_csv_action
BootPass_109,131,9,9,Position_Unknown,Team_Unknown,Action_PreSnap,960.13,622.41,1030.17,721.03,70.04000000000008,98.62,xml_geometry_csv_action
BootPass_109,132,0,0,Position_Unknown,Team_Unknown,Action_PreSnap,1478.3,768.63,1543.82,883.1,65.51999999999998,114.47000000000003,xml_geometry_csv_action
BootPass_109,132,1,1,Position_Unknown,Team_Unknown,Action_PreSnap,1229.61,568.15,1272.77,655.7,43.16000000000008,87.55000000000007,xml_geometry_csv_action
BootPass_109,132,12,12,Position_Unknown,Team_Unknown,Action_PreSnap,225.9,569.11,265.07,663.49,39.16999999999999,94.38,xml_geometry_csv_action
BootPass_109,132,13,13,Position_Unknown,Team_Unknown,Action_PreSnap,702.6,470.14,757.0,538.74,54.39999999999998,68.60000000000002,xml_geometry_csv_action
BootPass_109,132,15,15,Position_Unknown,Team_Unknown,Action_PreSnap,1278.82,519.33,1318.57,599.01,39.75,79.67999999999995,xml_geometry_csv_action
BootPass_109,132,16,16,Position_Unknown,Team_Unknown,Action_PreSnap,579.59,472.19,634.98,548.83,55.389999999999986,76.64000000000004,xml_geometry_csv_action
BootPass_109,132,18,18,Position_Unknown,Team_Unknown,Action_PreSnap,510.04,479.43,566.11,559.88,56.06999999999999,80.44999999999999,xml_geometry_csv_action
BootPass_109,132,2,2,Position_Unknown,Team_Unknown,Action_PreSnap,643.66,678.93,690.97,784.86,47.31000000000006,105.93000000000006,xml_geometry_csv_action
BootPass_109,132,22,21,Position_Unknown,Team_Unknown,Action_None,553.07,468.43,588.67,541.07,35.59999999999991,72.64000000000004,xml_geometry_csv_action
BootPass_109,132,25,23,Position_Unknown,Team_Unknown,Action_PreSnap,972.73,484.91,1020.2,586.55,47.47000000000003,101.63999999999993,xml_geometry_csv_action
BootPass_109,132,29,24,Position_Unknown,Team_Unknown,Action_PreSnap,459.35,568.8,518.57,648.27,59.22000000000003,79.47000000000003,xml_geometry_csv_action
BootPass_109,132,31,25,Position_Unknown,Team_Unknown,Action_PreSnap,740.75,529.86,782.86,619.43,42.110000000000014,89.56999999999994,xml_geometry_csv_action
BootPass_109,132,32,26,Position_Unknown,Team_Unknown,Action_PreSnap,652.8,538.31,704.4,616.56,51.60000000000002,78.25,xml_geometry_csv_action
BootPass_109,132,4,4,Position_Unknown,Team_Unknown,Action_PreSnap,703.46,565.05,752.95,660.9,49.49000000000001,95.85000000000002,xml_geometry_csv_action
BootPass_109,132,5,5,Position_Unknown,Team_Unknown,Action_PreSnap,765.53,712.3,817.11,817.51,51.58000000000004,105.21000000000004,xml_geometry_csv_action
BootPass_109,132,6,6,Position_Unknown,Team_Unknown,Action_PreSnap,739.05,441.29,779.57,523.56,40.520000000000095,82.26999999999992,xml_geometry_csv_action
BootPass_109,132,7,7,Position_Unknown,Team_Unknown,Action_PreSnap,455.35,387.49,490.59,476.3,35.23999999999995,88.81,xml_geometry_csv_action
BootPass_109,132,8,8,Position_Unknown,Team_Unknown,Action_PreSnap,518.36,630.34,585.02,713.26,66.65999999999997,82.91999999999996,xml_geometry_csv_action
BootPass_109,132,9,9,Position_Unknown,Team_Unknown,Action_PreSnap,972.67,623.53,1031.24,724.5,58.57000000000005,100.97000000000003,xml_geometry_csv_action
BootPass_109,133,0,0,Position_Unknown,Team_Unknown,Action_PreSnap,1493.81,768.86,1550.65,881.68,56.840000000000146,112.81999999999994,xml_geometry_csv_action
BootPass_109,133,1,1,Position_Unknown,Team_Unknown,Action_PreSnap,1225.88,571.06,1273.2,658.21,47.319999999999936,87.15000000000009,xml_geometry_csv_action
BootPass_109,133,12,12,Position_Unknown,Team_Unknown,Action_PreSnap,224.91,573.33,263.24,665.07,38.33000000000001,91.74000000000001,xml_geometry_csv_action
BootPass_109,133,13,13,Position_Unknown,Team_Unknown,Action_PreSnap,704.69,471.03,756.45,540.17,51.75999999999999,69.13999999999999,xml_geometry_csv_action
BootPass_109,133,15,15,Position_Unknown,Team_Unknown,Action_PreSnap,1278.65,521.79,1321.38,601.42,42.73000000000002,79.63,xml_geometry_csv_action
BootPass_109,133,16,16,Position_Unknown,Team_Unknown,Action_PreSnap,575.93,472.07,626.5,548.21,50.57000000000005,76.14000000000004,xml_geometry_csv_action
BootPass_109,133,18,18,Position_Unknown,Team_Unknown,Action_PreSnap,505.7,479.76,564.06,559.59,58.35999999999996,79.83000000000004,xml_geometry_csv_action
BootPass_109,133,2,2,Position_Unknown,Team_Unknown,Action_PreSnap,644.99,681.62,694.34,787.51,49.35000000000002,105.88999999999999,xml_geometry_csv_action
BootPass_109,133,22,21,Position_Unknown,Team_Unknown,Action_None,549.9,467.59,586.26,538.64,36.360000000000014,71.05000000000001,xml_geometry_csv_action
BootPass_109,133,25,23,Position_Unknown,Team_Unknown,Action_PreSnap,969.49,483.64,1017.78,586.3,48.289999999999964,102.65999999999997,xml_geometry_csv_action
BootPass_109,133,29,24,Position_Unknown,Team_Unknown,Action_PreSnap,456.16,570.37,514.92,650.2,58.759999999999934,79.83000000000004,xml_geometry_csv_action
BootPass_109,133,31,25,Position_Unknown,Team_Unknown,Action_PreSnap,740.6,531.32,781.85,618.91,41.25,87.58999999999992,xml_geometry_csv_action
BootPass_109,133,32,26,Position_Unknown,Team_Unknown,Action_PreSnap,652.62,536.96,700.87,613.82,48.25,76.86000000000001,xml_geometry_csv_action
BootPass_109,133,4,4,Position_Unknown,Team_Unknown,Action_PreSnap,709.07,569.46,754.52,663.09,45.44999999999993,93.63,xml_geometry_csv_action
BootPass_109,133,5,5,Position_Unknown,Team_Unknown,Action_PreSnap,761.94,713.41,814.76,816.83,52.819999999999936,103.42000000000007,xml_geometry_csv_action
BootPass_109,133,6,6,Position_Unknown,Team_Unknown,Action_PreSnap,736.82,440.22,776.52,520.76,39.69999999999993,80.53999999999996,xml_geometry_csv_action
BootPass_109,133,7,7,Position_Unknown,Team_Unknown,Action_PreSnap,455.06,387.19,489.95,475.32,34.889999999999986,88.13,xml_geometry_csv_action
BootPass_109,133,8,8,Position_Unknown,Team_Unknown,Action_PreSnap,511.3,632.02,581.14,715.41,69.83999999999997,83.38999999999999,xml_geometry_csv_action
BootPass_109,133,9,9,Position_Unknown,Team_Unknown,Action_PreSnap,983.87,623.9,1031.46,726.38,47.59000000000003,102.48000000000002,xml_geometry_csv_action
BootPass_109,134,0,0,Position_Unknown,Team_Unknown,Action_PreSnap,1503.41,768.33,1554.79,873.03,51.37999999999988,104.69999999999993,xml_geometry_csv_action
BootPass_109,134,1,1,Position_Unknown,Team_Unknown,Action_PreSnap,1223.74,574.05,1275.82,662.8,52.07999999999993,88.75,xml_geometry_csv_action
BootPass_109,134,12,12,Position_Unknown,Team_Unknown,Action_PreSnap,223.17,576.03,261.8,668.54,38.630000000000024,92.50999999999999,xml_geometry_csv_action
BootPass_109,134,13,13,Position_Unknown,Team_Unknown,Action_PreSnap,705.34,471.3,755.42,541.15,50.07999999999993,69.84999999999997,xml_geometry_csv_action
BootPass_109,134,15,15,Position_Unknown,Team_Unknown,Action_PreSnap,1279.69,524.97,1324.3,605.92,44.6099999999999,80.94999999999993,xml_geometry_csv_action
BootPass_109,134,16,16,Position_Unknown,Team_Unknown,Action_PreSnap,569.85,471.26,618.93,546.33,49.07999999999993,75.07000000000005,xml_geometry_csv_action
BootPass_109,134,18,18,Position_Unknown,Team_Unknown,Action_PreSnap,503.25,479.11,561.91,558.52,58.65999999999997,79.40999999999997,xml_geometry_csv_action
BootPass_109,134,2,2,Position_Unknown,Team_Unknown,Action_PreSnap,644.89,684.47,694.77,793.18,49.879999999999995,108.70999999999992,xml_geometry_csv_action
BootPass_109,134,22,21,Position_Unknown,Team_Unknown,Action_None,546.35,467.28,582.58,539.31,36.23000000000002,72.02999999999997,xml_geometry_csv_action
BootPass_109,134,25,23,Position_Unknown,Team_Unknown,Action_PreSnap,967.01,483.65,1018.11,585.17,51.10000000000002,101.51999999999998,xml_geometry_csv_action
BootPass_109,134,29,24,Position_Unknown,Team_Unknown,Action_PreSnap,452.58,572.0,506.71,650.61,54.129999999999995,78.61000000000001,xml_geometry_csv_action
BootPass_109,134,31,25,Position_Unknown,Team_Unknown,Action_PreSnap,738.3,533.09,781.45,618.88,43.15000000000009,85.78999999999996,xml_geometry_csv_action
BootPass_109,134,32,26,Position_Unknown,Team_Unknown,Action_PreSnap,652.0,536.8,702.57,611.45,50.57000000000005,74.65000000000009,xml_geometry_csv_action
BootPass_109,134,4,4,Position_Unknown,Team_Unknown,Action_PreSnap,708.86,571.41,755.18,663.64,46.319999999999936,92.23000000000002,xml_geometry_csv_action
BootPass_109,134,5,5,Position_Unknown,Team_Unknown,Action_PreSnap,757.79,713.32,813.05,819.49,55.25999999999999,106.16999999999996,xml_geometry_csv_action
BootPass_109,134,6,6,Position_Unknown,Team_Unknown,Action_PreSnap,733.56,439.38,772.89,520.88,39.33000000000004,81.5,xml_geometry_csv_action
BootPass_109,134,7,7,Position_Unknown,Team_Unknown,Action_PreSnap,455.02,387.88,489.59,474.4,34.56999999999999,86.51999999999998,xml_geometry_csv_action
BootPass_109,134,8,8,Position_Unknown,Team_Unknown,Action_PreSnap,504.97,634.75,578.59,715.67,73.62,80.91999999999996,xml_geometry_csv_action
BootPass_109,134,9,9,Position_Unknown,Team_Unknown,Action_PreSnap,991.17,625.75,1031.78,725.43,40.610000000000014,99.67999999999995,xml_geometry_csv_action
BootPass_109,135,0,0,Position_Unknown,Team_Unknown,Action_PreSnap,1511.89,769.74,1560.08,870.41,48.18999999999983,100.66999999999996,xml_geometry_csv_action
BootPass_109,135,1,1,Position_Unknown,Team_Unknown,Action_PreSnap,1230.47,577.51,1280.48,666.83,50.00999999999999,89.32000000000005,xml_geometry_csv_action
BootPass_109,135,12,12,Position_Unknown,Team_Unknown,Action_PreSnap,221.42,577.33,260.15,671.62,38.72999999999999,94.28999999999996,xml_geometry_csv_action
BootPass_109,135,13,13,Position_Unknown,Team_Unknown,Action_PreSnap,706.37,472.57,755.11,541.02,48.74000000000001,68.44999999999999,xml_geometry_csv_action
BootPass_109,135,15,15,Position_Unknown,Team_Unknown,Action_PreSnap,1281.97,528.16,1327.29,610.7,45.319999999999936,82.54000000000008,xml_geometry_csv_action
BootPass_109,135,16,16,Position_Unknown,Team_Unknown,Action_PreSnap,563.92,471.28,613.97,545.87,50.05000000000007,74.59000000000003,xml_geometry_csv_action
BootPass_109,135,18,18,Position_Unknown,Team_Unknown,Action_PreSnap,501.26,478.79,558.95,558.76,57.690000000000055,79.96999999999997,xml_geometry_csv_action
BootPass_109,135,2,2,Position_Unknown,Team_Unknown,Action_PreSnap,644.53,686.56,693.74,797.72,49.210000000000036,111.16000000000008,xml_geometry_csv_action
BootPass_109,135,22,21,Position_Unknown,Team_Unknown,Action_None,542.48,466.68,577.83,538.81,35.35000000000002,72.12999999999994,xml_geometry_csv_action
BootPass_109,135,29,24,Position_Unknown,Team_Unknown,Action_PreSnap,446.7,573.72,493.54,650.22,46.84000000000003,76.5,xml_geometry_csv_action
BootPass_109,135,31,25,Position_Unknown,Team_Unknown,Action_PreSnap,736.11,533.3,780.61,617.37,44.5,84.07000000000005,xml_geometry_csv_action
BootPass_109,135,32,26,Position_Unknown,Team_Unknown,Action_PreSnap,651.69,536.4,702.0,609.34,50.309999999999945,72.94000000000005,xml_geometry_csv_action
BootPass_109,135,4,4,Position_Unknown,Team_Unknown,Action_PreSnap,712.69,572.88,755.61,663.54,42.91999999999996,90.65999999999997,xml_geometry_csv_action
BootPass_109,135,5,5,Position_Unknown,Team_Unknown,Action_PreSnap,753.63,713.45,811.08,823.18,57.450000000000045,109.7299999999999,xml_geometry_csv_action
BootPass_109,135,6,6,Position_Unknown,Team_Unknown,Action_PreSnap,730.92,439.06,770.05,519.01,39.129999999999995,79.94999999999999,xml_geometry_csv_action
BootPass_109,135,7,7,Position_Unknown,Team_Unknown,Action_PreSnap,455.37,388.59,488.89,473.8,33.51999999999998,85.21000000000004,xml_geometry_csv_action
BootPass_109,135,8,8,Position_Unknown,Team_Unknown,Action_PreSnap,496.95,634.88,573.81,712.61,76.85999999999996,77.73000000000002,xml_geometry_csv_action
BootPass_109,135,9,9,Position_Unknown,Team_Unknown,Action_PreSnap,994.81,627.67,1032.27,725.54,37.460000000000036,97.87,xml_geometry_csv_action
BootPass_109,136,0,0,Position_Unknown,Team_Unknown,Action_PreSnap,1519.26,770.11,1570.57,873.34,51.309999999999945,103.23000000000002,xml_geometry_csv_action
BootPass_109,136,1,1,Position_Unknown,Team_Unknown,Action_PreSnap,1238.59,580.87,1284.39,669.03,45.80000000000018,88.15999999999997,xml_geometry_csv_action
BootPass_109,136,12,12,Position_Unknown,Team_Unknown,Action_PreSnap,221.53,579.38,258.36,662.7,36.83000000000001,83.32000000000005,xml_geometry_csv_action
BootPass_109,136,13,13,Position_Unknown,Team_Unknown,Action_PreSnap,705.84,473.37,753.91,539.92,48.069999999999936,66.54999999999995,xml_geometry_csv_action
BootPass_109,136,15,15,Position_Unknown,Team_Unknown,Action_PreSnap,1284.99,531.82,1329.76,614.46,44.76999999999998,82.63999999999999,xml_geometry_csv_action
BootPass_109,136,16,16,Position_Unknown,Team_Unknown,Action_PreSnap,559.52,470.12,609.69,544.69,50.17000000000007,74.57000000000005,xml_geometry_csv_action
BootPass_109,136,18,18,Position_Unknown,Team_Unknown,Action_PreSnap,502.31,477.96,557.9,557.61,55.589999999999975,79.65000000000003,xml_geometry_csv_action
BootPass_109,136,2,2,Position_Unknown,Team_Unknown,Action_PreSnap,639.99,690.78,693.2,802.58,53.210000000000036,111.80000000000007,xml_geometry_csv_action
BootPass_109,136,22,21,Position_Unknown,Team_Unknown,Action_None,539.37,466.11,573.94,536.88,34.57000000000005,70.76999999999998,xml_geometry_csv_action
BootPass_109,136,29,24,Position_Unknown,Team_Unknown,Action_PreSnap,441.87,574.81,485.81,651.63,43.94,76.82000000000005,xml_geometry_csv_action
BootPass_109,136,31,25,Position_Unknown,Team_Unknown,Action_PreSnap,734.24,533.58,779.71,616.84,45.47000000000003,83.25999999999999,xml_geometry_csv_action
BootPass_109,136,32,26,Position_Unknown,Team_Unknown,Action_PreSnap,651.75,536.04,703.0,608.04,51.25,72.0,xml_geometry_csv_action
BootPass_109,136,4,4,Position_Unknown,Team_Unknown,Action_PreSnap,708.48,574.04,755.08,663.49,46.60000000000002,89.45000000000005,xml_geometry_csv_action
BootPass_109,136,5,5,Position_Unknown,Team_Unknown,Action_PreSnap,750.01,716.05,808.39,826.65,58.379999999999995,110.60000000000002,xml_geometry_csv_action
BootPass_109,136,6,6,Position_Unknown,Team_Unknown,Action_PreSnap,728.31,438.74,767.84,518.68,39.530000000000086,79.93999999999994,xml_geometry_csv_action
BootPass_109,136,7,7,Position_Unknown,Team_Unknown,Action_PreSnap,455.85,388.74,488.48,472.0,32.629999999999995,83.25999999999999,xml_geometry_csv_action
BootPass_109,136,8,8,Position_Unknown,Team_Unknown,Action_PreSnap,485.78,635.06,562.35,709.74,76.57000000000005,74.68000000000006,xml_geometry_csv_action
BootPass_109,136,9,9,Position_Unknown,Team_Unknown,Action_PreSnap,997.36,629.3,1034.91,729.36,37.55000000000007,100.06000000000006,xml_geometry_csv_action
BootPass_109,137,0,0,Position_Unknown,Team_Unknown,Action_PreSnap,1525.12,769.83,1577.56,871.14,52.440000000000055,101.30999999999995,xml_geometry_csv_action
BootPass_109,137,1,1,Position_Unknown,Team_Unknown,Action_PreSnap,1244.92,584.01,1288.17,669.65,43.25,85.63999999999999,xml_geometry_csv_action
BootPass_109,137,12,12,Position_Unknown,Team_Unknown,Action_PreSnap,220.52,581.84,258.17,666.26,37.650000000000006,84.41999999999996,xml_geometry_csv_action
BootPass_109,137,13,13,Position_Unknown,Team_Unknown,Action_PreSnap,706.78,473.01,752.57,538.48,45.79000000000008,65.47000000000003,xml_geometry_csv_action
BootPass_109,137,15,15,Position_Unknown,Team_Unknown,Action_PreSnap,1290.6,534.38,1331.44,616.0,40.840000000000146,81.62,xml_geometry_csv_action
BootPass_109,137,16,16,Position_Unknown,Team_Unknown,Action_PreSnap,554.98,469.09,607.5,543.94,52.51999999999998,74.85000000000008,xml_geometry_csv_action
BootPass_109,137,18,18,Position_Unknown,Team_Unknown,Action_PreSnap,498.34,476.94,555.8,557.05,57.45999999999998,80.10999999999996,xml_geometry_csv_action
BootPass_109,137,2,2,Position_Unknown,Team_Unknown,Action_PreSnap,640.79,693.68,693.95,805.51,53.16000000000008,111.83000000000004,xml_geometry_csv_action
BootPass_109,137,22,21,Position_Unknown,Team_Unknown,Action_None,535.49,466.26,568.8,535.93,33.309999999999945,69.66999999999996,xml_geometry_csv_action
BootPass_109,137,29,24,Position_Unknown,Team_Unknown,Action_PreSnap,437.05,575.57,485.62,655.67,48.56999999999999,80.09999999999991,xml_geometry_csv_action
BootPass_109,137,31,25,Position_Unknown,Team_Unknown,Action_PreSnap,733.84,534.88,778.69,617.32,44.85000000000002,82.44000000000005,xml_geometry_csv_action
BootPass_109,137,32,26,Position_Unknown,Team_Unknown,Action_PreSnap,651.58,536.64,702.09,609.79,50.50999999999999,73.14999999999998,xml_geometry_csv_action
BootPass_109,137,4,4,Position_Unknown,Team_Unknown,Action_PreSnap,707.03,575.53,754.67,663.88,47.639999999999986,88.35000000000002,xml_geometry_csv_action
BootPass_109,137,5,5,Position_Unknown,Team_Unknown,Action_PreSnap,746.83,718.71,804.53,829.64,57.69999999999993,110.92999999999995,xml_geometry_csv_action
BootPass_109,137,6,6,Position_Unknown,Team_Unknown,Action_PreSnap,725.41,438.74,765.46,519.64,40.05000000000007,80.89999999999998,xml_geometry_csv_action
BootPass_109,137,7,7,Position_Unknown,Team_Unknown,Action_PreSnap,455.99,387.91,488.45,468.79,32.45999999999998,80.88,xml_geometry_csv_action
BootPass_109,137,8,8,Position_Unknown,Team_Unknown,Action_PreSnap,475.21,633.99,540.72,721.86,65.51000000000005,87.87,xml_geometry_csv_action
BootPass_109,137,9,9,Position_Unknown,Team_Unknown,Action_PreSnap,999.29,631.81,1038.88,732.09,39.590000000000146,100.28000000000009,xml_geometry_csv_action
BootPass_109,138,0,0,Position_Unknown,Team_Unknown,Action_PreSnap,1529.04,769.53,1583.59,873.08,54.549999999999955,103.55000000000007,xml_geometry_csv_action
BootPass_109,138,1,1,Position_Unknown,Team_Unknown,Action_PreSnap,1247.63,587.23,1290.24,670.86,42.6099999999999,83.63,xml_geometry_csv_action
BootPass_109,138,12,12,Position_Unknown,Team_Unknown,Action_PreSnap,213.96,588.97,258.46,683.79,44.49999999999997,94.81999999999994,xml_geometry_csv_action
BootPass_109,138,13,13,Position_Unknown,Team_Unknown,Action_PreSnap,706.81,472.98,752.23,538.2,45.42000000000007,65.22000000000003,xml_geometry_csv_action
BootPass_109,138,15,15,Position_Unknown,Team_Unknown,Action_PreSnap,1295.89,537.49,1332.28,615.78,36.38999999999987,78.28999999999996,xml_geometry_csv_action
BootPass_109,138,16,16,Position_Unknown,Team_Unknown,Action_PreSnap,548.03,467.78,603.14,542.52,55.110000000000014,74.74000000000001,xml_geometry_csv_action
BootPass_109,138,18,18,Position_Unknown,Team_Unknown,Action_PreSnap,497.4,475.36,553.62,556.67,56.22000000000003,81.30999999999995,xml_geometry_csv_action
BootPass_109,138,2,2,Position_Unknown,Team_Unknown,Action_PreSnap,644.57,697.5,694.95,807.85,50.379999999999995,110.35000000000002,xml_geometry_csv_action
BootPass_109,138,29,24,Position_Unknown,Team_Unknown,Action_PreSnap,431.92,577.4,480.7,661.11,48.77999999999997,83.71000000000004,xml_geometry_csv_action
BootPass_109,138,31,25,Position_Unknown,Team_Unknown,Action_PreSnap,734.18,537.12,777.93,618.54,43.75,81.41999999999996,xml_geometry_csv_action
BootPass_109,138,32,26,Position_Unknown,Team_Unknown,Action_PreSnap,650.47,537.07,698.11,611.29,47.639999999999986,74.21999999999991,xml_geometry_csv_action
BootPass_109,138,34,27,Position_Unknown,Team_Unknown,Action_ThrowPass,1000.84,487.78,1038.77,572.97,37.92999999999995,85.19000000000005,xml_geometry_csv_action
BootPass_109,138,4,4,Position_Unknown,Team_Unknown,Action_PreSnap,711.17,576.26,755.04,665.15,43.870000000000005,88.88999999999999,xml_geometry_csv_action
BootPass_109,138,5,5,Position_Unknown,Team_Unknown,Action_PreSnap,743.49,721.5,799.09,830.6,55.60000000000002,109.10000000000002,xml_geometry_csv_action
BootPass_109,138,6,6,Position_Unknown,Team_Unknown,Action_PreSnap,722.33,438.26,762.98,519.01,40.64999999999998,80.75,xml_geometry_csv_action
BootPass_109,138,7,7,Position_Unknown,Team_Unknown,Action_PreSnap,455.9,386.48,488.28,467.0,32.379999999999995,80.51999999999998,xml_geometry_csv_action
BootPass_109,138,8,8,Position_Unknown,Team_Unknown,Action_PreSnap,467.16,634.7,527.15,725.17,59.98999999999995,90.46999999999991,xml_geometry_csv_action
BootPass_109,138,9,9,Position_Unknown,Team_Unknown,Action_PreSnap,1000.1,634.67,1043.13,734.68,43.030000000000086,100.00999999999999,xml_geometry_csv_action
BootPass_109,139,0,0,Position_Unknown,Team_Unknown,Action_PreSnap,1532.7,768.73,1591.46,869.77,58.75999999999999,101.03999999999996,xml_geometry_csv_action
BootPass_109,139,1,1,Position_Unknown,Team_Unknown,Action_PreSnap,1249.22,589.16,1295.85,673.37,46.62999999999988,84.21000000000004,xml_geometry_csv_action
BootPass_109,139,12,12,Position_Unknown,Team_Unknown,Action_PreSnap,212.0,594.38,258.65,690.71,46.64999999999998,96.33000000000004,xml_geometry_csv_action
BootPass_109,139,13,13,Position_Unknown,Team_Unknown,Action_PreSnap,706.54,472.3,752.63,539.57,46.09000000000003,67.27000000000004,xml_geometry_csv_action
BootPass_109,139,15,15,Position_Unknown,Team_Unknown,Action_PreSnap,1298.25,540.92,1334.02,615.73,35.76999999999998,74.81000000000006,xml_geometry_csv_action
BootPass_109,139,16,16,Position_Unknown,Team_Unknown,Action_PreSnap,543.78,467.65,594.39,538.83,50.610000000000014,71.18000000000006,xml_geometry_csv_action
BootPass_109,139,18,18,Position_Unknown,Team_Unknown,Action_PreSnap,496.64,473.78,550.97,556.51,54.33000000000004,82.73000000000002,xml_geometry_csv_action
BootPass_109,139,2,2,Position_Unknown,Team_Unknown,Action_PreSnap,650.94,701.45,696.75,807.46,45.809999999999945,106.00999999999999,xml_geometry_csv_action
BootPass_109,139,20,20,Position_Unknown,Team_Unknown,Action_PreSnap,698.2,525.54,743.55,591.88,45.34999999999991,66.34000000000003,xml_geometry_csv_action
BootPass_109,139,29,24,Position_Unknown,Team_Unknown,Action_PreSnap,428.69,579.74,477.26,666.36,48.56999999999999,86.62,xml_geometry_csv_action
BootPass_109,139,31,25,Position_Unknown,Team_Unknown,Action_PreSnap,734.84,538.66,778.32,619.09,43.48000000000002,80.43000000000006,xml_geometry_csv_action
BootPass_109,139,32,26,Position_Unknown,Team_Unknown,Action_PreSnap,649.07,537.28,693.48,613.02,44.40999999999997,75.74000000000001,xml_geometry_csv_action
BootPass_109,139,34,27,Position_Unknown,Team_Unknown,Action_ThrowPass,999.99,490.21,1041.84,573.06,41.84999999999991,82.84999999999997,xml_geometry_csv_action
BootPass_109,139,4,4,Position_Unknown,Team_Unknown,Action_PreSnap,711.05,578.4,754.51,667.36,43.460000000000036,88.96000000000004,xml_geometry_csv_action
BootPass_109,139,5,5,Position_Unknown,Team_Unknown,Action_PreSnap,740.77,723.96,795.01,829.77,54.24000000000001,105.80999999999995,xml_geometry_csv_action
BootPass_109,139,6,6,Position_Unknown,Team_Unknown,Action_PreSnap,719.36,437.15,759.48,514.3,40.120000000000005,77.14999999999998,xml_geometry_csv_action
BootPass_109,139,7,7,Position_Unknown,Team_Unknown,Action_PreSnap,456.41,384.79,488.54,465.41,32.129999999999995,80.62,xml_geometry_csv_action
BootPass_109,139,8,8,Position_Unknown,Team_Unknown,Action_PreSnap,462.36,634.61,520.62,724.29,58.25999999999999,89.67999999999995,xml_geometry_csv_action
BootPass_109,139,9,9,Position_Unknown,Team_Unknown,Action_PreSnap,1000.3,639.59,1046.88,738.17,46.580000000000155,98.57999999999993,xml_geometry_csv_action
BootPass_109,140,0,0,Position_Unknown,Team_Unknown,Action_PreSnap,1535.13,769.75,1597.68,867.44,62.549999999999955,97.69000000000005,xml_geometry_csv_action
BootPass_109,140,1,1,Position_Unknown,Team_Unknown,Action_PreSnap,1251.64,591.63,1298.05,676.21,46.409999999999854,84.58000000000004,xml_geometry_csv_action
BootPass_109,140,12,12,Position_Unknown,Team_Unknown,Action_PreSnap,211.78,595.59,257.71,692.69,45.92999999999998,97.10000000000002,xml_geometry_csv_action
BootPass_109,140,13,13,Position_Unknown,Team_Unknown,Action_PreSnap,707.01,472.24,751.87,540.61,44.860000000000014,68.37,xml_geometry_csv_action
BootPass_109,140,15,15,Position_Unknown,Team_Unknown,Action_PreSnap,1297.64,543.5,1335.07,619.7,37.429999999999836,76.20000000000005,xml_geometry_csv_action
BootPass_109,140,16,16,Position_Unknown,Team_Unknown,Action_PreSnap,538.46,467.8,587.05,536.49,48.58999999999992,68.69,xml_geometry_csv_action
BootPass_109,140,18,18,Position_Unknown,Team_Unknown,Action_PreSnap,496.0,472.76,548.22,557.01,52.22000000000003,84.25,xml_geometry_csv_action
BootPass_109,140,2,2,Position_Unknown,Team_Unknown,Action_PreSnap,654.59,703.93,697.44,807.71,42.85000000000002,103.78000000000009,xml_geometry_csv_action
BootPass_109,140,29,24,Position_Unknown,Team_Unknown,Action_PreSnap,424.76,582.66,469.23,667.58,44.47000000000003,84.92000000000007,xml_geometry_csv_action
BootPass_109,140,31,25,Position_Unknown,Team_Unknown,Action_PreSnap,734.97,540.7,777.27,620.62,42.299999999999955,79.91999999999996,xml_geometry_csv_action
BootPass_109,140,32,26,Position_Unknown,Team_Unknown,Action_PreSnap,646.91,538.28,692.37,616.93,45.460000000000036,78.64999999999998,xml_geometry_csv_action
BootPass_109,140,34,27,Position_Unknown,Team_Unknown,Action_ThrowPass,1000.28,492.53,1047.02,571.9,46.74000000000001,79.37,xml_geometry_csv_action
BootPass_109,140,3,3,Position_Unknown,Team_Unknown,Action_None,1533.8,768.4,1593.82,851.89,60.01999999999998,83.49000000000001,xml_geometry_csv_action
BootPass_109,140,4,4,Position_Unknown,Team_Unknown,Action_PreSnap,714.23,580.68,755.58,667.93,41.35000000000002,87.25,xml_geometry_csv_action
BootPass_109,140,5,5,Position_Unknown,Team_Unknown,Action_PreSnap,737.8,726.1,789.88,828.41,52.08000000000004,102.30999999999995,xml_geometry_csv_action
BootPass_109,140,6,6,Position_Unknown,Team_Unknown,Action_PreSnap,715.4,435.31,755.55,511.39,40.14999999999998,76.07999999999998,xml_geometry_csv_action
BootPass_109,140,7,7,Position_Unknown,Team_Unknown,Action_PreSnap,456.57,383.74,488.73,464.15,32.160000000000025,80.40999999999997,xml_geometry_csv_action
BootPass_109,140,8,8,Position_Unknown,Team_Unknown,Action_PreSnap,451.32,635.25,512.96,720.99,61.64000000000004,85.74000000000001,xml_geometry_csv_action
BootPass_109,140,9,9,Position_Unknown,Team_Unknown,Action_PreSnap,999.82,644.66,1048.42,739.2,48.60000000000002,94.54000000000008,xml_geometry_csv_action
BootPass_109,141,0,0,Position_Unknown,Team_Unknown,Action_PreSnap,1541.16,769.2,1602.0,864.21,60.83999999999992,95.00999999999999,xml_geometry_csv_action
BootPass_109,141,1,1,Position_Unknown,Team_Unknown,Action_PreSnap,1254.49,594.71,1300.22,680.56,45.73000000000002,85.84999999999991,xml_geometry_csv_action
BootPass_109,141,12,12,Position_Unknown,Team_Unknown,Action_PreSnap,212.18,597.3,256.79,692.93,44.610000000000014,95.63,xml_geometry_csv_action
BootPass_109,141,13,13,Position_Unknown,Team_Unknown,Action_PreSnap,706.45,472.12,749.37,540.4,42.91999999999996,68.27999999999997,xml_geometry_csv_action
BootPass_109,141,15,15,Position_Unknown,Team_Unknown,Action_PreSnap,1297.26,545.54,1336.3,624.44,39.039999999999964,78.90000000000009,xml_geometry_csv_action
BootPass_109,141,16,16,Position_Unknown,Team_Unknown,Action_PreSnap,534.76,468.83,584.45,535.46,49.690000000000055,66.63000000000005,xml_geometry_csv_action
BootPass_109,141,18,18,Position_Unknown,Team_Unknown,Action_PreSnap,494.37,472.14,544.95,557.75,50.58000000000004,85.61000000000001,xml_geometry_csv_action
BootPass_109,141,2,2,Position_Unknown,Team_Unknown,Action_PreSnap,656.48,705.11,697.71,806.56,41.23000000000002,101.44999999999993,xml_geometry_csv_action
BootPass_109,141,20,20,Position_Unknown,Team_Unknown,Action_PreSnap,698.17,526.02,741.39,596.14,43.22000000000003,70.12,xml_geometry_csv_action
BootPass_109,141,29,24,Position_Unknown,Team_Unknown,Action_PreSnap,414.26,582.94,458.51,664.82,44.25,81.88,xml_geometry_csv_action
BootPass_109,141,31,25,Position_Unknown,Team_Unknown,Action_PreSnap,732.63,540.69,772.34,618.32,39.710000000000036,77.63,xml_geometry_csv_action
BootPass_109,141,32,26,Position_Unknown,Team_Unknown,Action_PreSnap,644.99,537.68,692.38,618.22,47.389999999999986,80.54000000000008,xml_geometry_csv_action
BootPass_109,141,34,27,Position_Unknown,Team_Unknown,Action_ThrowPass,1000.74,494.12,1050.08,570.28,49.33999999999992,76.15999999999997,xml_geometry_csv_action
BootPass_109,141,4,4,Position_Unknown,Team_Unknown,Action_PreSnap,714.7,582.8,756.73,669.67,42.02999999999997,86.87,xml_geometry_csv_action
BootPass_109,141,5,5,Position_Unknown,Team_Unknown,Action_PreSnap,731.46,727.67,785.81,828.98,54.34999999999991,101.31000000000006,xml_geometry_csv_action
BootPass_109,141,6,6,Position_Unknown,Team_Unknown,Action_PreSnap,711.71,433.21,752.76,514.13,41.049999999999955,80.92000000000002,xml_geometry_csv_action
BootPass_109,141,7,7,Position_Unknown,Team_Unknown,Action_PreSnap,456.61,382.63,488.96,463.46,32.349999999999966,80.82999999999998,xml_geometry_csv_action
BootPass_109,141,8,8,Position_Unknown,Team_Unknown,Action_PreSnap,439.08,634.67,506.73,717.78,67.65000000000003,83.11000000000001,xml_geometry_csv_action
BootPass_109,141,9,9,Position_Unknown,Team_Unknown,Action_PreSnap,1000.83,647.89,1050.66,739.67,49.83000000000004,91.77999999999997,xml_geometry_csv_action
BootPass_109,142,0,0,Position_Unknown,Team_Unknown,Action_PreSnap,1549.88,770.04,1607.56,866.92,57.679999999999836,96.88,xml_geometry_csv_action
BootPass_109,142,1,1,Position_Unknown,Team_Unknown,Action_PreSnap,1253.72,598.07,1301.13,684.24,47.41000000000008,86.16999999999996,xml_geometry_csv_action
BootPass_109,142,12,12,Position_Unknown,Team_Unknown,Action_PreSnap,213.12,600.04,256.46,694.79,43.339999999999975,94.75,xml_geometry_csv_action
BootPass_109,142,15,15,Position_Unknown,Team_Unknown,Action_PreSnap,1299.96,548.8,1337.95,628.91,37.99000000000001,80.11000000000001,xml_geometry_csv_action
BootPass_109,142,16,16,Position_Unknown,Team_Unknown,Action_PreSnap,531.31,469.06,579.63,535.17,48.32000000000005,66.10999999999996,xml_geometry_csv_action
BootPass_109,142,18,18,Position_Unknown,Team_Unknown,Action_PreSnap,493.79,471.6,541.29,557.54,47.49999999999994,85.93999999999994,xml_geometry_csv_action
BootPass_109,142,2,2,Position_Unknown,Team_Unknown,Action_PreSnap,657.36,706.0,697.13,811.81,39.76999999999998,105.80999999999995,xml_geometry_csv_action
BootPass_109,142,20,20,Position_Unknown,Team_Unknown,Action_PreSnap,696.33,525.41,738.42,593.81,42.08999999999992,68.39999999999998,xml_geometry_csv_action
BootPass_109,142,29,24,Position_Unknown,Team_Unknown,Action_PreSnap,408.77,584.96,451.5,655.84,42.73000000000002,70.88,xml_geometry_csv_action
BootPass_109,142,31,25,Position_Unknown,Team_Unknown,Action_PreSnap,729.04,541.17,767.11,616.75,38.07000000000005,75.58000000000004,xml_geometry_csv_action
BootPass_109,142,32,26,Position_Unknown,Team_Unknown,Action_PreSnap,642.63,539.09,692.26,618.28,49.629999999999995,79.18999999999994,xml_geometry_csv_action
BootPass_109,142,34,27,Position_Unknown,Team_Unknown,Action_ThrowPass,1003.38,494.99,1052.94,569.77,49.56000000000006,74.77999999999997,xml_geometry_csv_action
BootPass_109,142,4,4,Position_Unknown,Team_Unknown,Action_PreSnap,714.21,585.91,758.08,670.1,43.870000000000005,84.19000000000005,xml_geometry_csv_action
BootPass_109,142,5,5,Position_Unknown,Team_Unknown,Action_PreSnap,726.02,729.37,781.03,832.38,55.00999999999999,103.00999999999999,xml_geometry_csv_action
BootPass_109,142,6,6,Position_Unknown,Team_Unknown,Action_PreSnap,707.74,431.83,748.92,513.56,41.17999999999995,81.72999999999996,xml_geometry_csv_action
BootPass_109,142,7,7,Position_Unknown,Team_Unknown,Action_PreSnap,456.32,382.6,488.83,462.66,32.50999999999999,80.06,xml_geometry_csv_action
BootPass_109,142,8,8,Position_Unknown,Team_Unknown,Action_PreSnap,429.5,636.0,491.1,709.82,61.60000000000002,73.82000000000005,xml_geometry_csv_action
BootPass_109,142,9,9,Position_Unknown,Team_Unknown,Action_PreSnap,1001.84,651.14,1049.91,740.96,48.07000000000005,89.82000000000005,xml_geometry_csv_action
BootPass_109,143,0,0,Position_Unknown,Team_Unknown,Action_PreSnap,1559.05,770.41,1612.25,867.95,53.200000000000045,97.54000000000008,xml_geometry_csv_action
BootPass_109,143,1,1,Position_Unknown,Team_Unknown,Action_PreSnap,1255.56,602.38,1300.95,687.44,45.3900000000001,85.06000000000006,xml_geometry_csv_action
BootPass_109,143,12,12,Position_Unknown,Team_Unknown,Action_PreSnap,211.88,600.46,255.86,696.95,43.98000000000002,96.49000000000001,xml_geometry_csv_action
BootPass_109,143,15,15,Position_Unknown,Team_Unknown,Action_PreSnap,1305.28,552.07,1339.92,633.66,34.6400000000001,81.58999999999992,xml_geometry_csv_action
BootPass_109,143,16,16,Position_Unknown,Team_Unknown,Action_PreSnap,527.31,470.05,578.29,536.34,50.98000000000002,66.29000000000002,xml_geometry_csv_action
BootPass_109,143,18,18,Position_Unknown,Team_Unknown,Action_PreSnap,491.08,472.02,537.61,557.15,46.53000000000003,85.13,xml_geometry_csv_action
BootPass_109,143,2,2,Position_Unknown,Team_Unknown,Action_PreSnap,657.66,710.17,697.29,816.33,39.629999999999995,106.16000000000008,xml_geometry_csv_action
BootPass_109,143,20,20,Position_Unknown,Team_Unknown,Action_PreSnap,694.8,526.0,736.58,594.16,41.780000000000086,68.15999999999997,xml_geometry_csv_action
BootPass_109,143,24,22,Position_Unknown,Team_Unknown,Action_PreSnap,671.62,581.2,721.05,654.95,49.42999999999995,73.75,xml_geometry_csv_action
BootPass_109,143,29,24,Position_Unknown,Team_Unknown,Action_PreSnap,405.35,588.41,444.47,654.47,39.120000000000005,66.06000000000006,xml_geometry_csv_action
BootPass_109,143,31,25,Position_Unknown,Team_Unknown,Action_PreSnap,726.68,541.26,762.87,613.6,36.190000000000055,72.34000000000003,xml_geometry_csv_action
BootPass_109,143,32,26,Position_Unknown,Team_Unknown,Action_PreSnap,642.56,538.94,690.72,619.03,48.16000000000008,80.08999999999992,xml_geometry_csv_action
BootPass_109,143,34,27,Position_Unknown,Team_Unknown,Action_None,1006.51,495.84,1056.2,573.58,49.690000000000055,77.74000000000007,xml_geometry_csv_action
BootPass_109,143,4,4,Position_Unknown,Team_Unknown,Action_PreSnap,714.12,587.63,758.3,669.09,44.17999999999995,81.46000000000004,xml_geometry_csv_action
BootPass_109,143,5,5,Position_Unknown,Team_Unknown,Action_PreSnap,723.27,730.76,777.34,837.47,54.07000000000005,106.71000000000004,xml_geometry_csv_action
BootPass_109,143,6,6,Position_Unknown,Team_Unknown,Action_PreSnap,704.66,430.41,744.23,512.03,39.57000000000005,81.61999999999995,xml_geometry_csv_action
BootPass_109,143,7,7,Position_Unknown,Team_Unknown,Action_PreSnap,456.37,383.0,488.71,461.3,32.339999999999975,78.30000000000001,xml_geometry_csv_action
BootPass_109,143,8,8,Position_Unknown,Team_Unknown,Action_PreSnap,420.05,635.81,478.67,708.26,58.620000000000005,72.45000000000005,xml_geometry_csv_action
BootPass_109,143,9,9,Position_Unknown,Team_Unknown,Action_PreSnap,1002.34,654.6,1052.76,741.9,50.41999999999996,87.29999999999995,xml_geometry_csv_action
BootPass_109,144,0,0,Position_Unknown,Team_Unknown,Action_PreSnap,1566.51,769.26,1616.52,867.49,50.00999999999999,98.23000000000002,xml_geometry_csv_action
BootPass_109,144,1,1,Position_Unknown,Team_Unknown,Action_PreSnap,1258.39,606.23,1300.91,688.31,42.51999999999998,82.07999999999993,xml_geometry_csv_action
BootPass_109,144,12,12,Position_Unknown,Team_Unknown,Action_PreSnap,209.68,602.69,254.26,701.31,44.579999999999984,98.61999999999989,xml_geometry_csv_action
BootPass_109,144,15,15,Position_Unknown,Team_Unknown,Action_PreSnap,1307.25,555.91,1340.54,637.85,33.289999999999964,81.94000000000005,xml_geometry_csv_action
BootPass_109,144,16,16,Position_Unknown,Team_Unknown,Action_PreSnap,524.4,471.01,576.62,535.88,52.22000000000003,64.87,xml_geometry_csv_action
BootPass_109,144,18,18,Position_Unknown,Team_Unknown,Action_PreSnap,489.49,471.55,535.65,556.47,46.15999999999997,84.92000000000002,xml_geometry_csv_action
BootPass_109,144,2,2,Position_Unknown,Team_Unknown,Action_PreSnap,657.11,712.39,698.12,820.4,41.00999999999999,108.00999999999999,xml_geometry_csv_action
BootPass_109,144,20,20,Position_Unknown,Team_Unknown,Action_PreSnap,692.92,526.43,733.75,595.36,40.83000000000004,68.93000000000006,xml_geometry_csv_action
BootPass_109,144,24,22,Position_Unknown,Team_Unknown,Action_PreSnap,670.92,581.82,721.46,658.31,50.54000000000008,76.4899999999999,xml_geometry_csv_action
BootPass_109,144,29,24,Position_Unknown,Team_Unknown,Action_PreSnap,398.08,583.95,438.64,660.95,40.56,77.0,xml_geometry_csv_action
BootPass_109,144,32,26,Position_Unknown,Team_Unknown,Action_PreSnap,637.92,540.27,687.12,618.97,49.200000000000045,78.70000000000005,xml_geometry_csv_action
BootPass_109,144,34,27,Position_Unknown,Team_Unknown,Action_None,1010.26,496.94,1059.82,576.85,49.559999999999945,79.91000000000003,xml_geometry_csv_action
BootPass_109,144,4,4,Position_Unknown,Team_Unknown,Action_PreSnap,714.76,589.56,758.7,668.7,43.940000000000055,79.1400000000001,xml_geometry_csv_action
BootPass_109,144,5,5,Position_Unknown,Team_Unknown,Action_PreSnap,719.29,731.72,772.2,842.55,52.91000000000008,110.82999999999993,xml_geometry_csv_action
BootPass_109,144,7,7,Position_Unknown,Team_Unknown,Action_PreSnap,456.53,383.4,488.78,460.31,32.25,76.91000000000003,xml_geometry_csv_action
BootPass_109,144,8,8,Position_Unknown,Team_Unknown,Action_PreSnap,413.03,633.98,464.91,707.33,51.88000000000005,73.35000000000002,xml_geometry_csv_action
BootPass_109,144,9,9,Position_Unknown,Team_Unknown,Action_PreSnap,1003.22,657.97,1052.86,743.01,49.63999999999987,85.03999999999996,xml_geometry_csv_action
BootPass_109,145,0,0,Position_Unknown,Team_Unknown,Action_PreSnap,1569.12,768.11,1621.42,868.3,52.30000000000018,100.18999999999994,xml_geometry_csv_action
BootPass_109,145,1,1,Position_Unknown,Team_Unknown,Action_PreSnap,1261.06,608.81,1301.48,688.33,40.42000000000007,79.5200000000001,xml_geometry_csv_action
BootPass_109,145,12,12,Position_Unknown,Team_Unknown,Action_PreSnap,210.32,604.26,255.83,704.3,45.51000000000002,100.03999999999996,xml_geometry_csv_action
BootPass_109,145,15,15,Position_Unknown,Team_Unknown,Action_PreSnap,1309.53,559.57,1343.51,638.6,33.98000000000002,79.02999999999997,xml_geometry_csv_action
BootPass_109,145,16,16,Position_Unknown,Team_Unknown,Action_PreSnap,520.43,471.3,572.75,535.51,52.32000000000005,64.20999999999998,xml_geometry_csv_action
BootPass_109,145,18,18,Position_Unknown,Team_Unknown,Action_PreSnap,485.59,471.05,532.96,555.77,47.37000000000006,84.71999999999997,xml_geometry_csv_action
BootPass_109,145,2,2,Position_Unknown,Team_Unknown,Action_PreSnap,656.92,716.24,700.13,824.49,43.210000000000036,108.25,xml_geometry_csv_action
BootPass_109,145,20,20,Position_Unknown,Team_Unknown,Action_PreSnap,688.68,526.17,733.45,598.86,44.770000000000095,72.69000000000005,xml_geometry_csv_action
BootPass_109,145,24,22,Position_Unknown,Team_Unknown,Action_PreSnap,669.93,582.86,722.59,663.21,52.66000000000008,80.35000000000002,xml_geometry_csv_action
BootPass_109,145,29,24,Position_Unknown,Team_Unknown,Action_PreSnap,393.22,583.31,437.76,664.54,44.539999999999964,81.23000000000002,xml_geometry_csv_action
BootPass_109,145,31,25,Position_Unknown,Team_Unknown,Action_PreSnap,722.93,541.76,760.35,612.58,37.42000000000007,70.82000000000005,xml_geometry_csv_action
BootPass_109,145,32,26,Position_Unknown,Team_Unknown,Action_PreSnap,635.12,544.27,685.69,620.34,50.57000000000005,76.07000000000005,xml_geometry_csv_action
BootPass_109,145,34,27,Position_Unknown,Team_Unknown,Action_None,1016.36,498.19,1064.62,580.5,48.25999999999988,82.31,xml_geometry_csv_action
BootPass_109,145,4,4,Position_Unknown,Team_Unknown,Action_PreSnap,715.35,590.11,760.01,673.53,44.65999999999997,83.41999999999996,xml_geometry_csv_action
BootPass_109,145,5,5,Position_Unknown,Team_Unknown,Action_PreSnap,715.35,732.79,768.96,844.4,53.610000000000014,111.61000000000001,xml_geometry_csv_action
BootPass_109,145,7,7,Position_Unknown,Team_Unknown,Action_PreSnap,456.37,384.12,488.62,457.65,32.25,73.52999999999997,xml_geometry_csv_action
BootPass_109,145,8,8,Position_Unknown,Team_Unknown,Action_PreSnap,404.86,633.55,454.88,711.29,50.01999999999998,77.74000000000001,xml_geometry_csv_action
BootPass_109,145,9,9,Position_Unknown,Team_Unknown,Action_PreSnap,1003.13,660.53,1050.86,746.13,47.729999999999905,85.60000000000002,xml_geometry_csv_action
BootPass_109,146,0,0,Position_Unknown,Team_Unknown,Action_PreSnap,1570.38,768.55,1626.29,867.52,55.909999999999854,98.97000000000003,xml_geometry_csv_action
BootPass_109,146,1,1,Position_Unknown,Team_Unknown,Action_PreSnap,1263.37,611.67,1304.36,691.92,40.99000000000001,80.25,xml_geometry_csv_action
BootPass_109,146,12,12,Position_Unknown,Team_Unknown,Action_PreSnap,210.59,606.28,258.46,704.76,47.869999999999976,98.48000000000002,xml_geometry_csv_action
BootPass_109,146,15,15,Position_Unknown,Team_Unknown,Action_PreSnap,1310.62,562.29,1344.9,637.1,34.2800000000002,74.81000000000006,xml_geometry_csv_action
BootPass_109,146,16,16,Position_Unknown,Team_Unknown,Action_PreSnap,514.56,471.22,571.71,534.34,57.15000000000009,63.120000000000005,xml_geometry_csv_action
BootPass_109,146,18,18,Position_Unknown,Team_Unknown,Action_PreSnap,483.2,471.05,530.46,554.88,47.26000000000005,83.82999999999998,xml_geometry_csv_action
BootPass_109,146,2,2,Position_Unknown,Team_Unknown,Action_PreSnap,657.37,720.69,704.61,827.65,47.24000000000001,106.95999999999992,xml_geometry_csv_action
BootPass_109,146,20,20,Position_Unknown,Team_Unknown,Action_PreSnap,686.32,527.74,733.06,598.6,46.739999999999895,70.86000000000001,xml_geometry_csv_action
BootPass_109,146,29,24,Position_Unknown,Team_Unknown,Action_PreSnap,388.03,579.38,435.79,660.49,47.76000000000005,81.11000000000001,xml_geometry_csv_action
BootPass_109,146,32,26,Position_Unknown,Team_Unknown,Action_PreSnap,634.61,547.43,686.39,621.52,51.77999999999997,74.09000000000003,xml_geometry_csv_action
BootPass_109,146,34,27,Position_Unknown,Team_Unknown,Action_None,1022.08,501.22,1068.05,582.81,45.969999999999914,81.58999999999992,xml_geometry_csv_action
BootPass_109,146,4,4,Position_Unknown,Team_Unknown,Action_PreSnap,716.66,592.02,760.57,679.92,43.91000000000008,87.89999999999998,xml_geometry_csv_action
BootPass_109,146,5,5,Position_Unknown,Team_Unknown,Action_PreSnap,714.15,735.04,766.25,844.33,52.10000000000002,109.29000000000008,xml_geometry_csv_action
BootPass_109,146,6,6,Position_Unknown,Team_Unknown,Action_PreSnap,694.74,427.66,730.81,477.24,36.069999999999936,49.579999999999984,xml_geometry_csv_action
BootPass_109,146,7,7,Position_Unknown,Team_Unknown,Action_PreSnap,456.11,385.69,488.79,456.9,32.68000000000001,71.20999999999998,xml_geometry_csv_action
BootPass_109,146,8,8,Position_Unknown,Team_Unknown,Action_PreSnap,395.23,634.89,448.13,715.03,52.89999999999998,80.13999999999999,xml_geometry_csv_action
BootPass_109,146,9,9,Position_Unknown,Team_Unknown,Action_PreSnap,1002.19,662.48,1049.31,748.52,47.11999999999989,86.03999999999996,xml_geometry_csv_action
BootPass_109,147,0,0,Position_Unknown,Team_Unknown,Action_PreSnap,1571.81,769.18,1632.92,865.48,61.11000000000013,96.30000000000007,xml_geometry_csv_action
BootPass_109,147,1,1,Position_Unknown,Team_Unknown,Action_PreSnap,1265.51,614.04,1306.71,693.62,41.200000000000045,79.58000000000004,xml_geometry_csv_action
BootPass_109,147,12,12,Position_Unknown,Team_Unknown,Action_PreSnap,213.51,606.64,259.88,702.76,46.370000000000005,96.12,xml_geometry_csv_action
BootPass_109,147,15,15,Position_Unknown,Team_Unknown,Action_PreSnap,1309.2,565.38,1345.82,639.98,36.61999999999989,74.60000000000002,xml_geometry_csv_action
BootPass_109,147,16,16,Position_Unknown,Team_Unknown,Action_PreSnap,509.94,472.21,570.55,535.94,60.60999999999996,63.730000000000075,xml_geometry_csv_action
BootPass_109,147,18,18,Position_Unknown,Team_Unknown,Action_PreSnap,479.22,471.38,527.53,554.53,48.309999999999945,83.14999999999998,xml_geometry_csv_action
BootPass_109,147,2,2,Position_Unknown,Team_Unknown,Action_PreSnap,657.42,725.82,707.1,828.6,49.680000000000064,102.77999999999997,xml_geometry_csv_action
BootPass_109,147,20,20,Position_Unknown,Team_Unknown,Action_PreSnap,684.13,528.64,730.3,598.28,46.16999999999996,69.63999999999999,xml_geometry_csv_action
BootPass_109,147,24,22,Position_Unknown,Team_Unknown,Action_PreSnap,668.86,584.35,716.84,667.38,47.98000000000002,83.02999999999997,xml_geometry_csv_action
BootPass_109,147,29,24,Position_Unknown,Team_Unknown,Action_PreSnap,382.16,586.82,429.91,659.3,47.75,72.4799999999999,xml_geometry_csv_action
BootPass_109,147,31,25,Position_Unknown,Team_Unknown,Action_PreSnap,718.89,548.15,757.62,615.74,38.73000000000002,67.59000000000003,xml_geometry_csv_action
BootPass_109,147,32,26,Position_Unknown,Team_Unknown,Action_PreSnap,633.33,548.24,684.02,623.33,50.68999999999994,75.09000000000003,xml_geometry_csv_action
BootPass_109,147,34,27,Position_Unknown,Team_Unknown,Action_None,1030.48,503.66,1070.3,583.12,39.819999999999936,79.45999999999998,xml_geometry_csv_action
BootPass_109,147,3,3,Position_Unknown,Team_Unknown,Action_None,1569.03,768.16,1631.36,853.1,62.32999999999993,84.94000000000005,xml_geometry_csv_action
BootPass_109,147,4,4,Position_Unknown,Team_Unknown,Action_PreSnap,717.26,595.18,760.63,684.6,43.370000000000005,89.42000000000007,xml_geometry_csv_action
BootPass_109,147,5,5,Position_Unknown,Team_Unknown,Action_PreSnap,712.12,737.44,763.74,842.32,51.620000000000005,104.88,xml_geometry_csv_action
BootPass_109,147,6,6,Position_Unknown,Team_Unknown,Action_PreSnap,691.47,427.58,726.51,473.51,35.039999999999964,45.93000000000001,xml_geometry_csv_action
BootPass_109,147,7,7,Position_Unknown,Team_Unknown,Action_PreSnap,456.01,387.26,488.97,456.9,32.960000000000036,69.63999999999999,xml_geometry_csv_action
BootPass_109,147,8,8,Position_Unknown,Team_Unknown,Action_PreSnap,388.57,638.24,436.8,717.24,48.23000000000002,79.0,xml_geometry_csv_action
BootPass_109,147,9,9,Position_Unknown,Team_Unknown,Action_PreSnap,1000.2,663.71,1047.67,751.03,47.47000000000003,87.31999999999994,xml_geometry_csv_action
BootPass_109,148,0,0,Position_Unknown,Team_Unknown,Action_PreSnap,1577.21,769.87,1640.49,862.28,63.27999999999997,92.40999999999997,xml_geometry_csv_action
BootPass_109,148,1,1,Position_Unknown,Team_Unknown,Action_PreSnap,1268.66,616.84,1309.42,689.92,40.75999999999999,73.07999999999993,xml_geometry_csv_action
BootPass_109,148,12,12,Position_Unknown,Team_Unknown,Action_PreSnap,214.85,607.22,260.64,702.13,45.78999999999999,94.90999999999997,xml_geometry_csv_action
BootPass_109,148,13,13,Position_Unknown,Team_Unknown,Action_PreSnap,696.5,460.4,734.39,540.74,37.889999999999986,80.34000000000003,xml_geometry_csv_action
BootPass_109,148,15,15,Position_Unknown,Team_Unknown,Action_PreSnap,1309.87,568.48,1347.78,645.45,37.91000000000008,76.97000000000003,xml_geometry_csv_action
BootPass_109,148,16,16,Position_Unknown,Team_Unknown,Action_PreSnap,506.55,472.65,563.9,536.91,57.349999999999966,64.25999999999999,xml_geometry_csv_action
BootPass_109,148,18,18,Position_Unknown,Team_Unknown,Action_PreSnap,475.65,471.47,525.41,554.32,49.75999999999999,82.85000000000002,xml_geometry_csv_action
BootPass_109,148,2,2,Position_Unknown,Team_Unknown,Action_PreSnap,658.75,730.12,709.2,825.86,50.450000000000045,95.74000000000001,xml_geometry_csv_action
BootPass_109,148,20,20,Position_Unknown,Team_Unknown,Action_PreSnap,684.01,529.35,728.13,597.7,44.120000000000005,68.35000000000002,xml_geometry_csv_action
BootPass_109,148,24,22,Position_Unknown,Team_Unknown,Action_PreSnap,668.46,586.42,715.26,663.09,46.799999999999955,76.67000000000007,xml_geometry_csv_action
BootPass_109,148,29,24,Position_Unknown,Team_Unknown,Action_PreSnap,377.07,591.9,422.6,666.73,45.53000000000003,74.83000000000004,xml_geometry_csv_action
BootPass_109,148,31,25,Position_Unknown,Team_Unknown,Action_PreSnap,715.57,551.49,755.04,616.9,39.469999999999914,65.40999999999997,xml_geometry_csv_action
BootPass_109,148,32,26,Position_Unknown,Team_Unknown,Action_PreSnap,631.62,548.56,680.39,625.47,48.76999999999998,76.91000000000008,xml_geometry_csv_action
BootPass_109,148,34,27,Position_Unknown,Team_Unknown,Action_None,1035.53,506.13,1073.26,582.58,37.73000000000002,76.45000000000005,xml_geometry_csv_action
BootPass_109,148,3,3,Position_Unknown,Team_Unknown,Action_None,1578.91,766.52,1642.37,846.93,63.45999999999981,80.40999999999997,xml_geometry_csv_action
BootPass_109,148,4,4,Position_Unknown,Team_Unknown,Action_PreSnap,718.04,599.72,759.77,689.43,41.73000000000002,89.70999999999992,xml_geometry_csv_action
BootPass_109,148,5,5,Position_Unknown,Team_Unknown,Action_PreSnap,708.66,739.19,760.32,839.97,51.66000000000008,100.77999999999997,xml_geometry_csv_action
BootPass_109,148,6,6,Position_Unknown,Team_Unknown,Action_PreSnap,688.56,426.82,720.05,479.39,31.49000000000001,52.56999999999999,xml_geometry_csv_action
BootPass_109,148,7,7,Position_Unknown,Team_Unknown,Action_PreSnap,455.97,388.38,489.24,456.94,33.26999999999998,68.56,xml_geometry_csv_action
BootPass_109,148,8,8,Position_Unknown,Team_Unknown,Action_PreSnap,381.24,640.16,432.87,721.01,51.629999999999995,80.85000000000002,xml_geometry_csv_action
BootPass_109,148,9,9,Position_Unknown,Team_Unknown,Action_PreSnap,997.71,665.54,1046.19,752.41,48.48000000000002,86.87,xml_geometry_csv_action
BootPass_109,149,0,0,Position_Unknown,Team_Unknown,Action_PreSnap,1583.42,769.34,1646.12,863.31,62.69999999999982,93.96999999999991,xml_geometry_csv_action
BootPass_109,149,1,1,Position_Unknown,Team_Unknown,Action_PreSnap,1270.2,620.7,1311.85,696.64,41.649999999999864,75.93999999999994,xml_geometry_csv_action
BootPass_109,149,12,12,Position_Unknown,Team_Unknown,Action_PreSnap,215.94,608.91,261.16,703.38,45.22000000000003,94.47000000000003,xml_geometry_csv_action
BootPass_109,149,13,13,Position_Unknown,Team_Unknown,Action_PreSnap,694.57,460.21,733.6,541.1,39.02999999999997,80.89000000000004,xml_geometry_csv_action
BootPass_109,149,15,15,Position_Unknown,Team_Unknown,Action_PreSnap,1309.86,572.01,1349.43,649.55,39.570000000000164,77.53999999999996,xml_geometry_csv_action
BootPass_109,149,16,16,Position_Unknown,Team_Unknown,Action_PreSnap,501.16,472.82,556.61,536.29,55.44999999999999,63.46999999999997,xml_geometry_csv_action
BootPass_109,149,18,18,Position_Unknown,Team_Unknown,Action_PreSnap,472.36,472.44,522.71,554.33,50.35000000000002,81.89000000000004,xml_geometry_csv_action
BootPass_109,149,2,2,Position_Unknown,Team_Unknown,Action_PreSnap,660.26,732.76,711.33,824.5,51.07000000000005,91.74000000000001,xml_geometry_csv_action
BootPass_109,149,20,20,Position_Unknown,Team_Unknown,Action_PreSnap,683.4,530.84,725.69,597.79,42.29000000000008,66.94999999999993,xml_geometry_csv_action
BootPass_109,149,29,24,Position_Unknown,Team_Unknown,Action_PreSnap,369.48,596.08,412.86,673.94,43.379999999999995,77.86000000000001,xml_geometry_csv_action
BootPass_109,149,31,25,Position_Unknown,Team_Unknown,Action_PreSnap,711.67,552.88,753.22,613.6,41.55000000000007,60.72000000000003,xml_geometry_csv_action
BootPass_109,149,32,26,Position_Unknown,Team_Unknown,Action_PreSnap,631.24,549.56,677.62,626.18,46.379999999999995,76.62,xml_geometry_csv_action
BootPass_109,149,34,27,Position_Unknown,Team_Unknown,Action_None,1037.6,507.86,1077.98,583.81,40.38000000000011,75.94999999999993,xml_geometry_csv_action
BootPass_109,149,4,4,Position_Unknown,Team_Unknown,Action_PreSnap,718.68,602.11,759.3,691.9,40.620000000000005,89.78999999999996,xml_geometry_csv_action
BootPass_109,149,5,5,Position_Unknown,Team_Unknown,Action_PreSnap,707.0,741.32,758.26,842.42,51.25999999999999,101.09999999999991,xml_geometry_csv_action
BootPass_109,149,6,6,Position_Unknown,Team_Unknown,Action_PreSnap,685.75,426.47,715.92,482.65,30.16999999999996,56.17999999999995,xml_geometry_csv_action
BootPass_109,149,7,7,Position_Unknown,Team_Unknown,Action_PreSnap,456.87,389.75,490.37,457.02,33.5,67.26999999999998,xml_geometry_csv_action
BootPass_109,149,8,8,Position_Unknown,Team_Unknown,Action_PreSnap,369.25,643.14,424.16,723.81,54.910000000000025,80.66999999999996,xml_geometry_csv_action
BootPass_109,149,9,9,Position_Unknown,Team_Unknown,Action_PreSnap,995.7,666.88,1045.5,750.25,49.799999999999955,83.37,xml_geometry_csv_action
BootPass_109,150,0,0,Position_Unknown,Team_Unknown,Action_PreSnap,1587.96,768.53,1651.32,863.88,63.3599999999999,95.35000000000002,xml_geometry_csv_action
BootPass_109,150,1,1,Position_Unknown,Team_Unknown,Action_PreSnap,1272.38,624.55,1313.27,702.82,40.88999999999987,78.2700000000001,xml_geometry_csv_action
BootPass_109,150,12,12,Position_Unknown,Team_Unknown,Action_PreSnap,215.91,608.63,259.66,705.06,43.75000000000003,96.42999999999995,xml_geometry_csv_action
BootPass_109,150,13,13,Position_Unknown,Team_Unknown,Action_PreSnap,693.2,460.63,732.02,541.77,38.819999999999936,81.13999999999999,xml_geometry_csv_action
BootPass_109,150,15,15,Position_Unknown,Team_Unknown,Action_PreSnap,1312.16,575.69,1350.65,653.65,38.49000000000001,77.95999999999992,xml_geometry_csv_action
BootPass_109,150,16,16,Position_Unknown,Team_Unknown,Action_PreSnap,497.01,472.93,549.22,537.28,52.210000000000036,64.34999999999997,xml_geometry_csv_action
BootPass_109,150,18,18,Position_Unknown,Team_Unknown,Action_PreSnap,469.73,473.28,521.32,555.5,51.59000000000003,82.22000000000003,xml_geometry_csv_action
BootPass_109,150,2,2,Position_Unknown,Team_Unknown,Action_PreSnap,659.89,735.02,712.47,825.86,52.58000000000004,90.84000000000003,xml_geometry_csv_action
BootPass_109,150,20,20,Position_Unknown,Team_Unknown,Action_PreSnap,682.24,532.53,723.91,601.8,41.66999999999996,69.26999999999998,xml_geometry_csv_action
BootPass_109,150,22,21,Position_Unknown,Team_Unknown,Action_None,466.79,470.64,509.32,540.87,42.52999999999997,70.23000000000002,xml_geometry_csv_action
BootPass_109,150,29,24,Position_Unknown,Team_Unknown,Action_PreSnap,364.37,601.36,407.69,680.37,43.31999999999999,79.00999999999999,xml_geometry_csv_action
BootPass_109,150,31,25,Position_Unknown,Team_Unknown,Action_PreSnap,710.72,553.8,752.2,618.88,41.48000000000002,65.08000000000004,xml_geometry_csv_action
BootPass_109,150,32,26,Position_Unknown,Team_Unknown,Action_PreSnap,629.36,550.69,677.26,627.72,47.89999999999998,77.02999999999997,xml_geometry_csv_action
BootPass_109,150,34,27,Position_Unknown,Team_Unknown,Action_None,1037.12,509.68,1084.11,585.49,46.99000000000001,75.81,xml_geometry_csv_action
BootPass_109,150,4,4,Position_Unknown,Team_Unknown,Action_PreSnap,716.67,603.76,758.84,693.61,42.17000000000007,89.85000000000002,xml_geometry_csv_action
BootPass_109,150,5,5,Position_Unknown,Team_Unknown,Action_PreSnap,706.43,743.96,758.18,846.27,51.75,102.30999999999995,xml_geometry_csv_action
BootPass_109,150,6,6,Position_Unknown,Team_Unknown,Action_PreSnap,681.81,426.02,711.28,485.49,29.470000000000027,59.47000000000003,xml_geometry_csv_action
BootPass_109,150,7,7,Position_Unknown,Team_Unknown,Action_PreSnap,456.68,390.63,491.14,458.4,34.45999999999998,67.76999999999998,xml_geometry_csv_action
BootPass_109,150,8,8,Position_Unknown,Team_Unknown,Action_PreSnap,361.66,641.04,414.83,722.64,53.16999999999996,81.60000000000002,xml_geometry_csv_action
BootPass_109,150,9,9,Position_Unknown,Team_Unknown,Action_PreSnap,992.82,668.13,1044.79,749.44,51.969999999999914,81.31000000000006,xml_geometry_csv_action
BootPass_109,151,0,0,Position_Unknown,Team_Unknown,Action_PreSnap,1596.68,768.24,1656.16,862.27,59.48000000000002,94.02999999999997,xml_geometry_csv_action
BootPass_109,151,1,1,Position_Unknown,Team_Unknown,Action_PreSnap,1272.36,628.32,1314.21,705.34,41.850000000000136,77.01999999999998,xml_geometry_csv_action
BootPass_109,151,12,12,Position_Unknown,Team_Unknown,Action_PreSnap,216.89,610.39,257.46,705.56,40.56999999999999,95.16999999999996,xml_geometry_csv_action
BootPass_109,151,13,13,Position_Unknown,Team_Unknown,Action_PreSnap,692.55,461.64,731.47,541.37,38.92000000000007,79.73000000000002,xml_geometry_csv_action
BootPass_109,151,15,15,Position_Unknown,Team_Unknown,Action_PreSnap,1314.98,579.24,1351.19,655.21,36.210000000000036,75.97000000000003,xml_geometry_csv_action
BootPass_109,151,16,16,Position_Unknown,Team_Unknown,Action_PreSnap,495.3,473.48,544.91,537.61,49.60999999999996,64.13,xml_geometry_csv_action
BootPass_109,151,2,2,Position_Unknown,Team_Unknown,Action_PreSnap,658.85,737.51,712.97,827.64,54.120000000000005,90.13,xml_geometry_csv_action
BootPass_109,151,20,20,Position_Unknown,Team_Unknown,Action_PreSnap,680.95,533.42,721.88,601.42,40.92999999999995,68.0,xml_geometry_csv_action
BootPass_109,151,22,21,Position_Unknown,Team_Unknown,Action_None,462.04,470.94,504.22,542.41,42.18000000000001,71.46999999999997,xml_geometry_csv_action
BootPass_109,151,24,22,Position_Unknown,Team_Unknown,Action_PreSnap,668.44,591.34,716.4,669.63,47.95999999999992,78.28999999999996,xml_geometry_csv_action
BootPass_109,151,29,24,Position_Unknown,Team_Unknown,Action_PreSnap,358.6,601.93,405.89,684.53,47.289999999999964,82.60000000000002,xml_geometry_csv_action
BootPass_109,151,31,25,Position_Unknown,Team_Unknown,Action_PreSnap,710.75,553.97,750.35,617.82,39.60000000000002,63.85000000000002,xml_geometry_csv_action
BootPass_109,151,32,26,Position_Unknown,Team_Unknown,Action_PreSnap,629.66,552.16,674.67,627.51,45.00999999999999,75.35000000000002,xml_geometry_csv_action
BootPass_109,151,34,27,Position_Unknown,Team_Unknown,Action_None,1039.57,511.95,1089.28,586.82,49.710000000000036,74.87000000000006,xml_geometry_csv_action
BootPass_109,151,4,4,Position_Unknown,Team_Unknown,Action_PreSnap,714.97,604.43,758.39,693.62,43.41999999999996,89.19000000000005,xml_geometry_csv_action
BootPass_109,151,5,5,Position_Unknown,Team_Unknown,Action_PreSnap,704.14,746.66,759.07,850.5,54.930000000000064,103.84000000000003,xml_geometry_csv_action
BootPass_109,151,6,6,Position_Unknown,Team_Unknown,Action_PreSnap,678.25,425.0,707.59,487.09,29.340000000000032,62.089999999999975,xml_geometry_csv_action
BootPass_109,151,7,7,Position_Unknown,Team_Unknown,Action_PreSnap,457.18,391.8,491.83,459.51,34.64999999999998,67.70999999999998,xml_geometry_csv_action
BootPass_109,151,9,9,Position_Unknown,Team_Unknown,Action_PreSnap,989.65,669.6,1042.74,748.9,53.09000000000003,79.29999999999995,xml_geometry_csv_action
BootPass_109,152,0,0,Position_Unknown,Team_Unknown,Action_PreSnap,1603.92,766.33,1658.01,860.08,54.08999999999992,93.75,xml_geometry_csv_action
BootPass_109,152,1,1,Position_Unknown,Team_Unknown,Action_PreSnap,1273.08,630.64,1314.99,708.23,41.91000000000008,77.59000000000003,xml_geometry_csv_action
BootPass_109,152,12,12,Position_Unknown,Team_Unknown,Action_PreSnap,217.72,613.43,254.51,705.4,36.78999999999999,91.97000000000003,xml_geometry_csv_action
BootPass_109,152,13,13,Position_Unknown,Team_Unknown,Action_PreSnap,691.94,462.61,730.36,541.62,38.41999999999996,79.00999999999999,xml_geometry_csv_action
BootPass_109,152,15,15,Position_Unknown,Team_Unknown,Action_PreSnap,1317.02,582.31,1351.34,655.8,34.319999999999936,73.49000000000001,xml_geometry_csv_action
BootPass_109,152,16,16,Position_Unknown,Team_Unknown,Action_PreSnap,493.15,473.48,540.12,538.46,46.97000000000003,64.98000000000002,xml_geometry_csv_action
BootPass_109,152,2,2,Position_Unknown,Team_Unknown,Action_PreSnap,662.21,739.66,713.2,831.51,50.99000000000001,91.85000000000002,xml_geometry_csv_action
BootPass_109,152,20,20,Position_Unknown,Team_Unknown,Action_PreSnap,680.29,535.11,720.88,605.18,40.59000000000003,70.06999999999994,xml_geometry_csv_action
BootPass_109,152,22,21,Position_Unknown,Team_Unknown,Action_None,458.42,471.4,499.85,543.11,41.43000000000001,71.71000000000004,xml_geometry_csv_action
BootPass_109,152,24,22,Position_Unknown,Team_Unknown,Action_PreSnap,668.67,593.04,714.59,672.01,45.92000000000007,78.97000000000003,xml_geometry_csv_action
BootPass_109,152,29,24,Position_Unknown,Team_Unknown,Action_PreSnap,353.25,604.29,401.81,686.48,48.56,82.19000000000005,xml_geometry_csv_action
BootPass_109,152,31,25,Position_Unknown,Team_Unknown,Action_PreSnap,709.22,553.96,746.91,618.37,37.68999999999994,64.40999999999997,xml_geometry_csv_action
BootPass_109,152,32,26,Position_Unknown,Team_Unknown,Action_PreSnap,628.88,553.15,671.84,627.77,42.960000000000036,74.62,xml_geometry_csv_action
BootPass_109,152,34,27,Position_Unknown,Team_Unknown,Action_None,1043.8,514.3,1093.06,588.26,49.25999999999999,73.96000000000004,xml_geometry_csv_action
BootPass_109,152,4,4,Position_Unknown,Team_Unknown,Action_PreSnap,714.74,605.7,757.89,692.88,43.14999999999998,87.17999999999995,xml_geometry_csv_action
BootPass_109,152,5,5,Position_Unknown,Team_Unknown,Action_PreSnap,702.7,749.67,758.97,852.66,56.26999999999998,102.99000000000001,xml_geometry_csv_action
BootPass_109,152,6,6,Position_Unknown,Team_Unknown,Action_PreSnap,674.57,424.27,704.42,486.72,29.84999999999991,62.450000000000045,xml_geometry_csv_action
BootPass_109,152,7,7,Position_Unknown,Team_Unknown,Action_PreSnap,457.78,392.84,492.76,460.25,34.98000000000002,67.41000000000003,xml_geometry_csv_action
BootPass_109,152,9,9,Position_Unknown,Team_Unknown,Action_PreSnap,986.82,671.45,1035.09,750.69,48.26999999999987,79.24000000000001,xml_geometry_csv_action
BootPass_109,153,0,0,Position_Unknown,Team_Unknown,Action_PreSnap,1609.78,764.11,1657.74,862.53,47.960000000000036,98.41999999999996,xml_geometry_csv_action
BootPass_109,153,1,1,Position_Unknown,Team_Unknown,Action_PreSnap,1273.91,633.13,1317.55,712.82,43.63999999999987,79.69000000000005,xml_geometry_csv_action
BootPass_109,153,13,13,Position_Unknown,Team_Unknown,Action_PreSnap,690.58,463.85,728.79,542.35,38.20999999999992,78.5,xml_geometry_csv_action
BootPass_109,153,15,15,Position_Unknown,Team_Unknown,Action_PreSnap,1317.46,585.99,1351.67,657.22,34.210000000000036,71.23000000000002,xml_geometry_csv_action
BootPass_109,153,16,16,Position_Unknown,Team_Unknown,Action_PreSnap,490.42,473.4,535.5,540.44,45.079999999999984,67.04000000000008,xml_geometry_csv_action
BootPass_109,153,2,2,Position_Unknown,Team_Unknown,Action_PreSnap,664.29,741.88,713.05,837.89,48.75999999999999,96.00999999999999,xml_geometry_csv_action
BootPass_109,153,20,20,Position_Unknown,Team_Unknown,Action_PreSnap,678.4,536.15,720.52,607.11,42.120000000000005,70.96000000000004,xml_geometry_csv_action
BootPass_109,153,22,21,Position_Unknown,Team_Unknown,Action_None,453.62,471.76,495.55,542.89,41.93000000000001,71.13,xml_geometry_csv_action
BootPass_109,153,29,24,Position_Unknown,Team_Unknown,Action_PreSnap,348.14,608.32,395.3,681.54,47.160000000000025,73.21999999999991,xml_geometry_csv_action
BootPass_109,153,31,25,Position_Unknown,Team_Unknown,Action_PreSnap,708.43,553.15,743.98,615.96,35.55000000000007,62.81000000000006,xml_geometry_csv_action
BootPass_109,153,32,26,Position_Unknown,Team_Unknown,Action_PreSnap,627.37,553.81,670.22,628.38,42.85000000000002,74.57000000000005,xml_geometry_csv_action
BootPass_109,153,34,27,Position_Unknown,Team_Unknown,Action_None,1048.82,517.27,1097.17,591.08,48.350000000000136,73.81000000000006,xml_geometry_csv_action
BootPass_109,153,4,4,Position_Unknown,Team_Unknown,Action_PreSnap,715.77,610.94,757.88,695.08,42.110000000000014,84.13999999999999,xml_geometry_csv_action
BootPass_109,153,5,5,Position_Unknown,Team_Unknown,Action_PreSnap,701.44,752.61,757.83,851.28,56.389999999999986,98.66999999999996,xml_geometry_csv_action
BootPass_109,153,6,6,Position_Unknown,Team_Unknown,Action_PreSnap,670.61,423.37,700.79,487.28,30.17999999999995,63.90999999999997,xml_geometry_csv_action
BootPass_109,153,7,7,Position_Unknown,Team_Unknown,Action_PreSnap,458.2,394.03,493.5,461.0,35.30000000000001,66.97000000000003,xml_geometry_csv_action
BootPass_109,153,8,8,Position_Unknown,Team_Unknown,Action_PreSnap,336.7,646.19,382.48,724.69,45.78000000000003,78.5,xml_geometry_csv_action
BootPass_109,153,9,9,Position_Unknown,Team_Unknown,Action_PreSnap,982.45,672.49,1029.04,754.48,46.58999999999992,81.99000000000001,xml_geometry_csv_action
BootPass_109,154,0,0,Position_Unknown,Team_Unknown,Action_PreSnap,1612.8,766.4,1659.12,861.42,46.319999999999936,95.01999999999998,xml_geometry_csv_action
BootPass_109,154,1,1,Position_Unknown,Team_Unknown,Action_PreSnap,1274.21,635.87,1320.03,718.32,45.819999999999936,82.45000000000005,xml_geometry_csv_action
BootPass_109,154,13,13,Position_Unknown,Team_Unknown,Action_PreSnap,688.78,464.86,726.16,543.44,37.379999999999995,78.58000000000004,xml_geometry_csv_action
BootPass_109,154,15,15,Position_Unknown,Team_Unknown,Action_PreSnap,1314.8,588.48,1350.89,661.91,36.090000000000146,73.42999999999995,xml_geometry_csv_action
BootPass_109,154,16,16,Position_Unknown,Team_Unknown,Action_PreSnap,488.32,473.24,530.91,539.77,42.589999999999975,66.52999999999997,xml_geometry_csv_action
BootPass_109,154,2,2,Position_Unknown,Team_Unknown,Action_PreSnap,667.51,743.76,712.96,842.94,45.450000000000045,99.18000000000006,xml_geometry_csv_action
BootPass_109,154,22,21,Position_Unknown,Team_Unknown,Action_None,448.66,471.87,487.52,543.47,38.85999999999996,71.60000000000002,xml_geometry_csv_action
BootPass_109,154,24,22,Position_Unknown,Team_Unknown,Action_PreSnap,669.08,597.16,714.46,672.96,45.379999999999995,75.80000000000007,xml_geometry_csv_action
BootPass_109,154,29,24,Position_Unknown,Team_Unknown,Action_PreSnap,341.98,610.85,384.87,677.77,42.889999999999986,66.91999999999996,xml_geometry_csv_action
BootPass_109,154,31,25,Position_Unknown,Team_Unknown,Action_PreSnap,706.83,556.39,742.48,617.87,35.64999999999998,61.48000000000002,xml_geometry_csv_action
BootPass_109,154,32,26,Position_Unknown,Team_Unknown,Action_PreSnap,626.48,554.12,667.48,628.42,41.0,74.29999999999995,xml_geometry_csv_action
BootPass_109,154,34,27,Position_Unknown,Team_Unknown,Action_None,1055.06,518.95,1100.6,592.08,45.539999999999964,73.13,xml_geometry_csv_action
BootPass_109,154,4,4,Position_Unknown,Team_Unknown,Action_PreSnap,716.62,615.56,757.01,701.01,40.389999999999986,85.45000000000005,xml_geometry_csv_action
BootPass_109,154,5,5,Position_Unknown,Team_Unknown,Action_PreSnap,701.53,755.45,755.69,853.99,54.16000000000008,98.53999999999996,xml_geometry_csv_action
BootPass_109,154,6,6,Position_Unknown,Team_Unknown,Action_PreSnap,665.8,422.79,697.2,488.06,31.40000000000009,65.26999999999998,xml_geometry_csv_action
BootPass_109,154,7,7,Position_Unknown,Team_Unknown,Action_PreSnap,458.64,394.83,493.63,461.19,34.99000000000001,66.36000000000001,xml_geometry_csv_action
BootPass_109,154,8,8,Position_Unknown,Team_Unknown,Action_PreSnap,324.97,647.05,370.34,718.72,45.36999999999995,71.67000000000007,xml_geometry_csv_action
BootPass_109,154,9,9,Position_Unknown,Team_Unknown,Action_PreSnap,976.51,673.09,1022.31,757.5,45.799999999999955,84.40999999999997,xml_geometry_csv_action
BootPass_109,155,0,0,Position_Unknown,Team_Unknown,Action_PreSnap,1614.39,763.27,1662.54,859.66,48.149999999999864,96.38999999999999,xml_geometry_csv_action
BootPass_109,155,1,1,Position_Unknown,Team_Unknown,Action_PreSnap,1272.2,638.7,1320.24,722.8,48.039999999999964,84.09999999999991,xml_geometry_csv_action
BootPass_109,155,12,12,Position_Unknown,Team_Unknown,Action_PreSnap,212.9,624.42,250.35,711.35,37.44999999999999,86.93000000000006,xml_geometry_csv_action
BootPass_109,155,13,13,Position_Unknown,Team_Unknown,Action_PreSnap,686.53,465.47,723.37,543.56,36.84000000000003,78.08999999999992,xml_geometry_csv_action
BootPass_109,155,15,15,Position_Unknown,Team_Unknown,Action_PreSnap,1314.3,593.79,1350.31,666.63,36.00999999999999,72.84000000000003,xml_geometry_csv_action
BootPass_109,155,16,16,Position_Unknown,Team_Unknown,Action_PreSnap,484.25,473.55,526.52,540.26,42.26999999999998,66.70999999999998,xml_geometry_csv_action
BootPass_109,155,2,2,Position_Unknown,Team_Unknown,Action_PreSnap,667.18,745.47,711.97,845.67,44.79000000000008,100.19999999999993,xml_geometry_csv_action
BootPass_109,155,22,21,Position_Unknown,Team_Unknown,Action_None,442.57,472.38,480.86,544.13,38.29000000000002,71.75,xml_geometry_csv_action
BootPass_109,155,24,22,Position_Unknown,Team_Unknown,Action_PreSnap,667.09,603.05,712.98,673.26,45.889999999999986,70.21000000000004,xml_geometry_csv_action
BootPass_109,155,31,25,Position_Unknown,Team_Unknown,Action_PreSnap,705.14,559.95,742.11,617.88,36.97000000000003,57.92999999999995,xml_geometry_csv_action
BootPass_109,155,32,26,Position_Unknown,Team_Unknown,Action_PreSnap,625.23,554.58,663.85,627.28,38.620000000000005,72.69999999999993,xml_geometry_csv_action
BootPass_109,155,34,27,Position_Unknown,Team_Unknown,Action_None,1060.15,521.46,1102.64,592.54,42.49000000000001,71.07999999999993,xml_geometry_csv_action
BootPass_109,155,4,4,Position_Unknown,Team_Unknown,Action_PreSnap,715.95,619.01,755.17,704.47,39.219999999999914,85.46000000000004,xml_geometry_csv_action
BootPass_109,155,5,5,Position_Unknown,Team_Unknown,Action_PreSnap,701.22,757.33,751.35,859.12,50.129999999999995,101.78999999999996,xml_geometry_csv_action
BootPass_109,155,6,6,Position_Unknown,Team_Unknown,Action_PreSnap,660.73,422.43,693.51,489.04,32.77999999999997,66.61000000000001,xml_geometry_csv_action
BootPass_109,155,7,7,Position_Unknown,Team_Unknown,Action_PreSnap,458.82,395.76,493.44,461.77,34.620000000000005,66.00999999999999,xml_geometry_csv_action
BootPass_109,155,8,8,Position_Unknown,Team_Unknown,Action_PreSnap,315.15,647.16,363.35,720.23,48.200000000000045,73.07000000000005,xml_geometry_csv_action
BootPass_109,155,9,9,Position_Unknown,Team_Unknown,Action_PreSnap,970.28,673.47,1016.86,759.33,46.58000000000004,85.86000000000001,xml_geometry_csv_action
BootPass_109,156,0,0,Position_Unknown,Team_Unknown,Action_PreSnap,1614.59,765.44,1664.97,859.13,50.38000000000011,93.68999999999994,xml_geometry_csv_action
BootPass_109,156,1,1,Position_Unknown,Team_Unknown,Action_PreSnap,1272.12,642.14,1318.84,726.38,46.72000000000003,84.24000000000001,xml_geometry_csv_action
BootPass_109,156,12,12,Position_Unknown,Team_Unknown,Action_PreSnap,210.03,630.91,249.5,720.9,39.47,89.99000000000001,xml_geometry_csv_action
BootPass_109,156,13,13,Position_Unknown,Team_Unknown,Action_PreSnap,683.13,465.98,718.58,543.17,35.450000000000045,77.18999999999994,xml_geometry_csv_action
BootPass_109,156,15,15,Position_Unknown,Team_Unknown,Action_PreSnap,1314.59,598.0,1350.67,671.18,36.080000000000155,73.17999999999995,xml_geometry_csv_action
BootPass_109,156,16,16,Position_Unknown,Team_Unknown,Action_PreSnap,479.33,473.45,521.33,543.12,42.00000000000006,69.67000000000002,xml_geometry_csv_action
BootPass_109,156,2,2,Position_Unknown,Team_Unknown,Action_PreSnap,667.21,747.49,710.98,847.66,43.76999999999998,100.16999999999996,xml_geometry_csv_action
BootPass_109,156,22,21,Position_Unknown,Team_Unknown,Action_None,434.66,473.05,474.34,542.62,39.67999999999995,69.57,xml_geometry_csv_action
BootPass_109,156,29,24,Position_Unknown,Team_Unknown,Action_PreSnap,329.13,617.17,362.01,687.13,32.879999999999995,69.96000000000004,xml_geometry_csv_action
BootPass_109,156,31,25,Position_Unknown,Team_Unknown,Action_PreSnap,703.23,562.46,739.69,620.25,36.460000000000036,57.789999999999964,xml_geometry_csv_action
BootPass_109,156,32,26,Position_Unknown,Team_Unknown,Action_PreSnap,622.38,555.1,661.11,627.91,38.73000000000002,72.80999999999995,xml_geometry_csv_action
BootPass_109,156,34,27,Position_Unknown,Team_Unknown,Action_None,1063.56,523.32,1102.65,595.79,39.090000000000146,72.46999999999991,xml_geometry_csv_action
BootPass_109,156,4,4,Position_Unknown,Team_Unknown,Action_PreSnap,715.23,621.12,753.04,707.54,37.809999999999945,86.41999999999996,xml_geometry_csv_action
BootPass_109,156,5,5,Position_Unknown,Team_Unknown,Action_PreSnap,700.07,759.2,746.24,863.68,46.16999999999996,104.4799999999999,xml_geometry_csv_action
BootPass_109,156,6,6,Position_Unknown,Team_Unknown,Action_PreSnap,655.17,422.76,688.24,490.09,33.07000000000005,67.32999999999998,xml_geometry_csv_action
BootPass_109,156,7,7,Position_Unknown,Team_Unknown,Action_PreSnap,457.59,396.47,490.75,461.57,33.160000000000025,65.09999999999997,xml_geometry_csv_action
BootPass_109,156,8,8,Position_Unknown,Team_Unknown,Action_PreSnap,302.93,647.3,352.72,718.67,49.79000000000002,71.37,xml_geometry_csv_action
BootPass_109,156,9,9,Position_Unknown,Team_Unknown,Action_PreSnap,962.46,674.19,1006.96,760.49,44.5,86.29999999999995,xml_geometry_csv_action
BootPass_109,157,0,0,Position_Unknown,Team_Unknown,Action_PreSnap,1614.58,769.4,1669.14,859.8,54.56000000000017,90.39999999999998,xml_geometry_csv_action
BootPass_109,157,1,1,Position_Unknown,Team_Unknown,Action_PreSnap,1271.17,645.65,1314.73,726.73,43.559999999999945,81.08000000000004,xml_geometry_csv_action
BootPass_109,157,12,12,Position_Unknown,Team_Unknown,Action_PreSnap,207.15,634.3,247.96,725.48,40.81,91.18000000000006,xml_geometry_csv_action
BootPass_109,157,13,13,Position_Unknown,Team_Unknown,Action_PreSnap,679.64,466.12,713.96,543.18,34.32000000000005,77.05999999999995,xml_geometry_csv_action
BootPass_109,157,15,15,Position_Unknown,Team_Unknown,Action_PreSnap,1315.68,600.1,1350.55,673.52,34.86999999999989,73.41999999999996,xml_geometry_csv_action
BootPass_109,157,16,16,Position_Unknown,Team_Unknown,Action_PreSnap,476.3,474.42,516.78,546.78,40.47999999999996,72.35999999999996,xml_geometry_csv_action
BootPass_109,157,2,2,Position_Unknown,Team_Unknown,Action_PreSnap,666.91,749.38,710.17,846.88,43.25999999999999,97.5,xml_geometry_csv_action
BootPass_109,157,22,21,Position_Unknown,Team_Unknown,Action_None,428.73,474.8,468.04,541.83,39.31,67.03000000000003,xml_geometry_csv_action
BootPass_109,157,24,22,Position_Unknown,Team_Unknown,Action_PreSnap,664.15,609.7,707.62,684.58,43.47000000000003,74.88,xml_geometry_csv_action
BootPass_109,157,29,24,Position_Unknown,Team_Unknown,Action_PreSnap,323.2,620.48,356.64,701.87,33.44,81.38999999999999,xml_geometry_csv_action
BootPass_109,157,31,25,Position_Unknown,Team_Unknown,Action_PreSnap,700.63,564.94,737.47,620.48,36.84000000000003,55.539999999999964,xml_geometry_csv_action
BootPass_109,157,32,26,Position_Unknown,Team_Unknown,Action_PreSnap,619.19,556.07,657.68,630.21,38.489999999999895,74.13999999999999,xml_geometry_csv_action
BootPass_109,157,34,27,Position_Unknown,Team_Unknown,Action_None,1063.5,525.68,1104.15,599.66,40.65000000000009,73.98000000000002,xml_geometry_csv_action
BootPass_109,157,4,4,Position_Unknown,Team_Unknown,Action_PreSnap,714.18,624.32,750.17,711.95,35.99000000000001,87.63,xml_geometry_csv_action
BootPass_109,157,5,5,Position_Unknown,Team_Unknown,Action_PreSnap,699.33,761.19,744.65,865.45,45.319999999999936,104.25999999999999,xml_geometry_csv_action
BootPass_109,157,6,6,Position_Unknown,Team_Unknown,Action_PreSnap,650.63,423.56,682.17,488.18,31.539999999999964,64.62,xml_geometry_csv_action
BootPass_109,157,7,7,Position_Unknown,Team_Unknown,Action_PreSnap,456.61,396.69,488.5,462.29,31.889999999999986,65.60000000000002,xml_geometry_csv_action
BootPass_109,157,8,8,Position_Unknown,Team_Unknown,Action_PreSnap,293.99,647.01,345.1,717.5,51.110000000000014,70.49000000000001,xml_geometry_csv_action
BootPass_109,157,9,9,Position_Unknown,Team_Unknown,Action_PreSnap,954.88,674.78,997.85,760.99,42.97000000000003,86.21000000000004,xml_geometry_csv_action
BootPass_109,158,0,0,Position_Unknown,Team_Unknown,Action_PreSnap,1611.66,770.92,1671.36,858.99,59.69999999999982,88.07000000000005,xml_geometry_csv_action
BootPass_109,158,1,1,Position_Unknown,Team_Unknown,Action_PreSnap,1271.77,649.35,1309.47,727.34,37.700000000000045,77.99000000000001,xml_geometry_csv_action
BootPass_109,158,12,12,Position_Unknown,Team_Unknown,Action_PreSnap,205.09,637.83,247.86,725.58,42.77000000000001,87.75,xml_geometry_csv_action
BootPass_109,158,13,13,Position_Unknown,Team_Unknown,Action_PreSnap,675.31,465.62,710.16,543.41,34.85000000000002,77.78999999999996,xml_geometry_csv_action
BootPass_109,158,15,15,Position_Unknown,Team_Unknown,Action_PreSnap,1314.82,602.88,1349.21,676.22,34.3900000000001,73.34000000000003,xml_geometry_csv_action
BootPass_109,158,16,16,Position_Unknown,Team_Unknown,Action_PreSnap,469.94,474.57,511.14,547.96,41.19999999999999,73.39000000000004,xml_geometry_csv_action
BootPass_109,158,2,2,Position_Unknown,Team_Unknown,Action_PreSnap,665.82,750.83,708.72,843.07,42.89999999999998,92.24000000000001,xml_geometry_csv_action
BootPass_109,158,22,21,Position_Unknown,Team_Unknown,Action_None,423.86,474.97,462.33,542.5,38.46999999999997,67.52999999999997,xml_geometry_csv_action
BootPass_109,158,24,22,Position_Unknown,Team_Unknown,Action_PreSnap,662.58,612.72,704.12,690.93,41.539999999999964,78.20999999999992,xml_geometry_csv_action
BootPass_109,158,29,24,Position_Unknown,Team_Unknown,Action_PreSnap,315.3,622.41,348.89,707.21,33.589999999999975,84.80000000000007,xml_geometry_csv_action
BootPass_109,158,31,25,Position_Unknown,Team_Unknown,Action_PreSnap,693.82,566.92,735.11,621.16,41.289999999999964,54.24000000000001,xml_geometry_csv_action
BootPass_109,158,32,26,Position_Unknown,Team_Unknown,Action_PreSnap,616.49,557.05,654.55,631.16,38.059999999999945,74.11000000000001,xml_geometry_csv_action
BootPass_109,158,34,27,Position_Unknown,Team_Unknown,Action_None,1062.81,526.95,1104.42,600.68,41.61000000000013,73.7299999999999,xml_geometry_csv_action
BootPass_109,158,3,3,Position_Unknown,Team_Unknown,Action_None,1626.39,761.92,1678.68,817.73,52.289999999999964,55.81000000000006,xml_geometry_csv_action
BootPass_109,158,4,4,Position_Unknown,Team_Unknown,Action_PreSnap,711.63,628.42,746.78,714.07,35.14999999999998,85.65000000000009,xml_geometry_csv_action
BootPass_109,158,5,5,Position_Unknown,Team_Unknown,Action_PreSnap,698.78,762.38,744.01,864.46,45.23000000000002,102.08000000000004,xml_geometry_csv_action
BootPass_109,158,6,6,Position_Unknown,Team_Unknown,Action_PreSnap,645.4,424.37,676.57,487.41,31.170000000000073,63.04000000000002,xml_geometry_csv_action
BootPass_109,158,7,7,Position_Unknown,Team_Unknown,Action_PreSnap,454.5,396.77,485.85,463.46,31.350000000000023,66.69,xml_geometry_csv_action
BootPass_109,158,8,8,Position_Unknown,Team_Unknown,Action_PreSnap,281.95,648.19,331.23,717.43,49.28000000000003,69.2399999999999,xml_geometry_csv_action
BootPass_109,158,9,9,Position_Unknown,Team_Unknown,Action_PreSnap,945.71,677.47,988.35,760.47,42.639999999999986,83.0,xml_geometry_csv_action
BootPass_109,159,0,0,Position_Unknown,Team_Unknown,Action_PreSnap,1617.6,773.64,1673.58,859.66,55.98000000000002,86.01999999999998,xml_geometry_csv_action
BootPass_109,159,1,1,Position_Unknown,Team_Unknown,Action_PreSnap,1270.28,652.57,1305.91,731.72,35.63000000000011,79.14999999999998,xml_geometry_csv_action
BootPass_109,159,12,12,Position_Unknown,Team_Unknown,Action_PreSnap,200.66,640.83,247.72,723.49,47.06,82.65999999999997,xml_geometry_csv_action
BootPass_109,159,13,13,Position_Unknown,Team_Unknown,Action_PreSnap,670.7,464.98,706.15,544.1,35.44999999999993,79.12,xml_geometry_csv_action
BootPass_109,159,15,15,Position_Unknown,Team_Unknown,Action_PreSnap,1312.28,605.42,1346.2,676.56,33.92000000000007,71.13999999999999,xml_geometry_csv_action
BootPass_109,159,16,16,Position_Unknown,Team_Unknown,Action_PreSnap,462.14,474.96,504.32,548.03,42.18000000000001,73.07,xml_geometry_csv_action
BootPass_109,159,2,2,Position_Unknown,Team_Unknown,Action_PreSnap,662.08,752.49,708.26,846.31,46.17999999999995,93.81999999999994,xml_geometry_csv_action
BootPass_109,159,22,21,Position_Unknown,Team_Unknown,Action_None,419.75,475.68,458.38,542.52,38.629999999999995,66.83999999999997,xml_geometry_csv_action
BootPass_109,159,24,22,Position_Unknown,Team_Unknown,Action_PreSnap,658.09,616.24,698.24,696.74,40.14999999999998,80.5,xml_geometry_csv_action
BootPass_109,159,29,24,Position_Unknown,Team_Unknown,Action_PreSnap,306.97,623.52,341.93,706.85,34.95999999999998,83.33000000000004,xml_geometry_csv_action
BootPass_109,159,31,25,Position_Unknown,Team_Unknown,Action_PreSnap,692.39,567.87,732.54,624.0,40.14999999999998,56.129999999999995,xml_geometry_csv_action
BootPass_109,159,32,26,Position_Unknown,Team_Unknown,Action_PreSnap,612.36,558.37,652.1,632.58,39.74000000000001,74.21000000000004,xml_geometry_csv_action
BootPass_109,159,34,27,Position_Unknown,Team_Unknown,Action_None,1064.68,529.42,1105.48,602.84,40.799999999999955,73.42000000000007,xml_geometry_csv_action
BootPass_109,159,4,4,Position_Unknown,Team_Unknown,Action_PreSnap,708.24,631.19,743.9,714.13,35.65999999999997,82.93999999999994,xml_geometry_csv_action
BootPass_109,159,5,5,Position_Unknown,Team_Unknown,Action_PreSnap,698.01,763.18,743.41,863.08,45.39999999999998,99.90000000000009,xml_geometry_csv_action
BootPass_109,159,6,6,Position_Unknown,Team_Unknown,Action_PreSnap,639.81,424.86,671.02,490.03,31.210000000000036,65.16999999999996,xml_geometry_csv_action
BootPass_109,159,7,7,Position_Unknown,Team_Unknown,Action_PreSnap,452.16,396.83,483.0,464.41,30.839999999999975,67.58000000000004,xml_geometry_csv_action
BootPass_109,159,8,8,Position_Unknown,Team_Unknown,Action_PreSnap,268.81,649.05,319.42,721.01,50.610000000000014,71.96000000000004,xml_geometry_csv_action
BootPass_109,159,9,9,Position_Unknown,Team_Unknown,Action_PreSnap,936.6,679.55,979.58,758.17,42.98000000000002,78.62,xml_geometry_csv_action
BootPass_109,160,0,0,Position_Unknown,Team_Unknown,Action_PreSnap,1623.55,776.36,1674.04,861.08,50.49000000000001,84.72000000000003,xml_geometry_csv_action
BootPass_109,160,1,1,Position_Unknown,Team_Unknown,Action_PreSnap,1267.96,655.47,1305.57,737.84,37.6099999999999,82.37,xml_geometry_csv_action
BootPass_109,160,12,12,Position_Unknown,Team_Unknown,Action_PreSnap,193.87,644.84,248.31,730.09,54.44,85.25,xml_geometry_csv_action
BootPass_109,160,13,13,Position_Unknown,Team_Unknown,Action_PreSnap,666.86,464.27,701.9,542.46,35.039999999999964,78.19000000000005,xml_geometry_csv_action
BootPass_109,160,15,15,Position_Unknown,Team_Unknown,Action_PreSnap,1309.85,608.35,1344.92,680.66,35.070000000000164,72.30999999999995,xml_geometry_csv_action
BootPass_109,160,16,16,Position_Unknown,Team_Unknown,Action_PreSnap,452.95,475.97,496.64,546.49,43.69,70.51999999999998,xml_geometry_csv_action
BootPass_109,160,2,2,Position_Unknown,Team_Unknown,Action_PreSnap,659.01,754.51,708.29,854.05,49.27999999999997,99.53999999999996,xml_geometry_csv_action
BootPass_109,160,20,20,Position_Unknown,Team_Unknown,Action_PreSnap,655.6,545.64,696.69,610.05,41.09000000000003,64.40999999999997,xml_geometry_csv_action
BootPass_109,160,22,21,Position_Unknown,Team_Unknown,Action_None,413.66,476.46,451.52,542.09,37.85999999999996,65.63000000000005,xml_geometry_csv_action
BootPass_109,160,24,22,Position_Unknown,Team_Unknown,Action_PreSnap,654.7,623.65,693.54,704.04,38.83999999999992,80.38999999999999,xml_geometry_csv_action
BootPass_109,160,29,24,Position_Unknown,Team_Unknown,Action_PreSnap,300.09,624.95,334.96,706.02,34.870000000000005,81.06999999999994,xml_geometry_csv_action
BootPass_109,160,31,25,Position_Unknown,Team_Unknown,Action_PreSnap,689.78,570.15,728.69,628.77,38.91000000000008,58.620000000000005,xml_geometry_csv_action
BootPass_109,160,32,26,Position_Unknown,Team_Unknown,Action_PreSnap,609.35,561.49,651.37,632.08,42.01999999999998,70.59000000000003,xml_geometry_csv_action
BootPass_109,160,34,27,Position_Unknown,Team_Unknown,Action_None,1065.42,532.36,1105.37,605.58,39.94999999999982,73.22000000000003,xml_geometry_csv_action
BootPass_109,160,4,4,Position_Unknown,Team_Unknown,Action_PreSnap,706.64,633.33,742.95,714.34,36.31000000000006,81.00999999999999,xml_geometry_csv_action
BootPass_109,160,5,5,Position_Unknown,Team_Unknown,Action_PreSnap,698.55,763.97,743.71,860.72,45.16000000000008,96.75,xml_geometry_csv_action
BootPass_109,160,6,6,Position_Unknown,Team_Unknown,Action_PreSnap,634.39,424.5,664.99,489.95,30.600000000000023,65.44999999999999,xml_geometry_csv_action
BootPass_109,160,7,7,Position_Unknown,Team_Unknown,Action_PreSnap,450.55,397.01,480.73,464.59,30.180000000000007,67.57999999999998,xml_geometry_csv_action
BootPass_109,160,8,8,Position_Unknown,Team_Unknown,Action_PreSnap,257.62,649.88,307.01,722.97,49.389999999999986,73.09000000000003,xml_geometry_csv_action
BootPass_109,160,9,9,Position_Unknown,Team_Unknown,Action_PreSnap,924.27,682.17,969.83,757.92,45.56000000000006,75.75,xml_geometry_csv_action
BootPass_109,161,0,0,Position_Unknown,Team_Unknown,Action_PreSnap,1621.91,775.89,1670.84,860.24,48.929999999999836,84.35000000000002,xml_geometry_csv_action
BootPass_109,161,1,1,Position_Unknown,Team_Unknown,Action_PreSnap,1266.13,658.6,1305.46,742.45,39.32999999999993,83.85000000000002,xml_geometry_csv_action
BootPass_109,161,12,12,Position_Unknown,Team_Unknown,Action_PreSnap,188.39,649.21,239.73,736.37,51.34,87.15999999999997,xml_geometry_csv_action
BootPass_109,161,13,13,Position_Unknown,Team_Unknown,Action_PreSnap,662.66,463.36,698.19,542.04,35.530000000000086,78.67999999999995,xml_geometry_csv_action
BootPass_109,161,15,15,Position_Unknown,Team_Unknown,Action_PreSnap,1306.79,612.12,1343.77,684.91,36.98000000000002,72.78999999999996,xml_geometry_csv_action
BootPass_109,161,16,16,Position_Unknown,Team_Unknown,Action_PreSnap,447.82,476.87,490.87,545.69,43.05000000000001,68.82000000000005,xml_geometry_csv_action
BootPass_109,161,2,2,Position_Unknown,Team_Unknown,Action_PreSnap,657.22,756.97,706.05,857.28,48.82999999999993,100.30999999999995,xml_geometry_csv_action
BootPass_109,161,20,20,Position_Unknown,Team_Unknown,Action_PreSnap,652.22,547.64,694.59,611.49,42.370000000000005,63.85000000000002,xml_geometry_csv_action
BootPass_109,161,22,21,Position_Unknown,Team_Unknown,Action_None,407.45,477.31,445.52,542.76,38.06999999999999,65.44999999999999,xml_geometry_csv_action
BootPass_109,161,24,22,Position_Unknown,Team_Unknown,Action_PreSnap,652.21,624.39,691.28,705.34,39.069999999999936,80.95000000000005,xml_geometry_csv_action
BootPass_109,161,29,24,Position_Unknown,Team_Unknown,Action_PreSnap,292.08,625.89,327.57,704.79,35.49000000000001,78.89999999999998,xml_geometry_csv_action
BootPass_109,161,32,26,Position_Unknown,Team_Unknown,Action_PreSnap,607.52,562.81,649.89,632.06,42.370000000000005,69.25,xml_geometry_csv_action
BootPass_109,161,34,27,Position_Unknown,Team_Unknown,Action_None,1067.99,535.82,1105.92,608.21,37.930000000000064,72.38999999999999,xml_geometry_csv_action
BootPass_109,161,4,4,Position_Unknown,Team_Unknown,Action_PreSnap,704.65,634.71,741.99,716.19,37.34000000000003,81.48000000000002,xml_geometry_csv_action
BootPass_109,161,5,5,Position_Unknown,Team_Unknown,Action_PreSnap,698.7,764.94,743.31,859.1,44.6099999999999,94.15999999999997,xml_geometry_csv_action
BootPass_109,161,6,6,Position_Unknown,Team_Unknown,Action_PreSnap,629.47,424.16,658.97,489.81,29.5,65.64999999999998,xml_geometry_csv_action
BootPass_109,161,7,7,Position_Unknown,Team_Unknown,Action_PreSnap,448.96,397.48,479.06,464.56,30.100000000000023,67.07999999999998,xml_geometry_csv_action
BootPass_109,161,8,8,Position_Unknown,Team_Unknown,Action_PreSnap,248.02,651.8,297.02,729.79,48.99999999999997,77.99000000000001,xml_geometry_csv_action
BootPass_109,161,9,9,Position_Unknown,Team_Unknown,Action_PreSnap,913.72,684.02,961.87,757.9,48.14999999999998,73.88,xml_geometry_csv_action
BootPass_109,162,0,0,Position_Unknown,Team_Unknown,Action_PreSnap,1623.79,772.85,1667.06,856.79,43.26999999999998,83.93999999999994,xml_geometry_csv_action
BootPass_109,162,1,1,Position_Unknown,Team_Unknown,Action_PreSnap,1263.93,662.28,1303.99,745.39,40.059999999999945,83.11000000000001,xml_geometry_csv_action
BootPass_109,162,12,12,Position_Unknown,Team_Unknown,Action_PreSnap,183.27,650.7,230.06,740.16,46.78999999999999,89.45999999999992,xml_geometry_csv_action
BootPass_109,162,13,13,Position_Unknown,Team_Unknown,Action_PreSnap,657.6,462.75,693.56,541.21,35.95999999999992,78.46000000000004,xml_geometry_csv_action
BootPass_109,162,15,15,Position_Unknown,Team_Unknown,Action_PreSnap,1304.61,615.04,1341.73,688.31,37.12000000000012,73.26999999999998,xml_geometry_csv_action
BootPass_109,162,16,16,Position_Unknown,Team_Unknown,Action_PreSnap,446.71,477.54,485.61,545.38,38.900000000000034,67.83999999999997,xml_geometry_csv_action
BootPass_109,162,2,2,Position_Unknown,Team_Unknown,Action_PreSnap,656.17,759.74,705.79,856.18,49.620000000000005,96.43999999999994,xml_geometry_csv_action
BootPass_109,162,20,20,Position_Unknown,Team_Unknown,Action_PreSnap,648.15,548.0,690.68,612.76,42.52999999999997,64.75999999999999,xml_geometry_csv_action
BootPass_109,162,22,21,Position_Unknown,Team_Unknown,Action_None,401.91,477.98,437.95,542.38,36.039999999999964,64.39999999999998,xml_geometry_csv_action
BootPass_109,162,24,22,Position_Unknown,Team_Unknown,Action_PreSnap,650.98,623.23,691.0,703.41,40.01999999999998,80.17999999999995,xml_geometry_csv_action
BootPass_109,162,29,24,Position_Unknown,Team_Unknown,Action_PreSnap,284.81,627.8,320.27,706.28,35.45999999999998,78.48000000000002,xml_geometry_csv_action
BootPass_109,162,31,25,Position_Unknown,Team_Unknown,Action_PreSnap,684.57,572.12,723.92,638.42,39.34999999999991,66.29999999999995,xml_geometry_csv_action
BootPass_109,162,32,26,Position_Unknown,Team_Unknown,Action_PreSnap,603.41,565.44,646.89,634.15,43.48000000000002,68.70999999999992,xml_geometry_csv_action
BootPass_109,162,34,27,Position_Unknown,Team_Unknown,Action_None,1068.78,537.96,1108.88,609.22,40.100000000000136,71.25999999999999,xml_geometry_csv_action
BootPass_109,162,4,4,Position_Unknown,Team_Unknown,Action_PreSnap,703.83,635.48,742.08,721.11,38.25,85.63,xml_geometry_csv_action
BootPass_109,162,5,5,Position_Unknown,Team_Unknown,Action_PreSnap,698.14,765.48,743.82,856.47,45.680000000000064,90.99000000000001,xml_geometry_csv_action
BootPass_109,162,6,6,Position_Unknown,Team_Unknown,Action_PreSnap,624.09,423.83,653.4,490.22,29.309999999999945,66.39000000000004,xml_geometry_csv_action
BootPass_109,162,7,7,Position_Unknown,Team_Unknown,Action_PreSnap,446.92,398.39,476.79,465.0,29.870000000000005,66.61000000000001,xml_geometry_csv_action
BootPass_109,162,8,8,Position_Unknown,Team_Unknown,Action_PreSnap,237.77,651.69,291.44,727.18,53.66999999999999,75.4899999999999,xml_geometry_csv_action
BootPass_109,162,9,9,Position_Unknown,Team_Unknown,Action_PreSnap,907.07,684.99,953.88,758.61,46.809999999999945,73.62,xml_geometry_csv_action
BootPass_109,163,0,0,Position_Unknown,Team_Unknown,Action_PreSnap,1623.94,766.76,1669.22,852.35,45.27999999999997,85.59000000000003,xml_geometry_csv_action
BootPass_109,163,1,1,Position_Unknown,Team_Unknown,Action_PreSnap,1260.23,665.46,1299.6,746.43,39.36999999999989,80.96999999999991,xml_geometry_csv_action
BootPass_109,163,12,12,Position_Unknown,Team_Unknown,Action_PreSnap,180.41,650.85,221.31,740.08,40.900000000000006,89.23000000000002,xml_geometry_csv_action
BootPass_109,163,13,13,Position_Unknown,Team_Unknown,Action_PreSnap,652.89,462.37,689.09,540.12,36.200000000000045,77.75,xml_geometry_csv_action
BootPass_109,163,15,15,Position_Unknown,Team_Unknown,Action_PreSnap,1300.23,618.37,1339.2,693.87,38.97000000000003,75.5,xml_geometry_csv_action
BootPass_109,163,16,16,Position_Unknown,Team_Unknown,Action_PreSnap,445.67,477.82,481.88,544.59,36.20999999999998,66.77000000000004,xml_geometry_csv_action
BootPass_109,163,2,2,Position_Unknown,Team_Unknown,Action_PreSnap,653.42,762.8,703.53,854.24,50.110000000000014,91.44000000000005,xml_geometry_csv_action
BootPass_109,163,20,20,Position_Unknown,Team_Unknown,Action_PreSnap,642.35,549.08,685.23,617.7,42.879999999999995,68.62,xml_geometry_csv_action
BootPass_109,163,22,21,Position_Unknown,Team_Unknown,Action_None,396.86,479.99,434.79,545.41,37.93000000000001,65.41999999999996,xml_geometry_csv_action
BootPass_109,163,24,22,Position_Unknown,Team_Unknown,Action_PreSnap,651.78,624.18,694.03,702.85,42.25,78.67000000000007,xml_geometry_csv_action
BootPass_109,163,29,24,Position_Unknown,Team_Unknown,Action_PreSnap,277.04,630.09,310.79,704.7,33.75,74.61000000000001,xml_geometry_csv_action
BootPass_109,163,31,25,Position_Unknown,Team_Unknown,Action_PreSnap,681.09,572.96,720.3,639.81,39.20999999999992,66.84999999999991,xml_geometry_csv_action
BootPass_109,163,32,26,Position_Unknown,Team_Unknown,Action_PreSnap,598.92,567.34,643.04,636.47,44.120000000000005,69.13,xml_geometry_csv_action
BootPass_109,163,34,27,Position_Unknown,Team_Unknown,Action_None,1067.83,539.36,1107.66,609.22,39.830000000000155,69.86000000000001,xml_geometry_csv_action
BootPass_109,163,4,4,Position_Unknown,Team_Unknown,Action_PreSnap,702.78,636.53,741.1,726.28,38.32000000000005,89.75,xml_geometry_csv_action
BootPass_109,163,5,5,Position_Unknown,Team_Unknown,Action_PreSnap,697.32,766.66,743.94,853.76,46.620000000000005,87.10000000000002,xml_geometry_csv_action
BootPass_109,163,6,6,Position_Unknown,Team_Unknown,Action_PreSnap,618.47,423.52,648.13,489.1,29.659999999999968,65.58000000000004,xml_geometry_csv_action
BootPass_109,163,7,7,Position_Unknown,Team_Unknown,Action_PreSnap,445.13,399.63,474.47,465.51,29.340000000000032,65.88,xml_geometry_csv_action
BootPass_109,163,8,8,Position_Unknown,Team_Unknown,Action_PreSnap,231.84,652.81,281.05,731.9,49.21000000000001,79.09000000000003,xml_geometry_csv_action
BootPass_109,163,9,9,Position_Unknown,Team_Unknown,Action_PreSnap,901.22,684.84,945.73,762.36,44.50999999999999,77.51999999999998,xml_geometry_csv_action
BootPass_109,164,0,0,Position_Unknown,Team_Unknown,Action_PreSnap,1624.2,767.74,1668.67,849.14,44.47000000000003,81.39999999999998,xml_geometry_csv_action
BootPass_109,164,1,1,Position_Unknown,Team_Unknown,Action_PreSnap,1256.08,667.87,1294.69,747.15,38.61000000000013,79.27999999999997,xml_geometry_csv_action
BootPass_109,164,12,12,Position_Unknown,Team_Unknown,Action_PreSnap,176.22,652.9,214.35,740.71,38.129999999999995,87.81000000000006,xml_geometry_csv_action
BootPass_109,164,13,13,Position_Unknown,Team_Unknown,Action_PreSnap,648.26,462.67,684.51,539.79,36.25,77.11999999999995,xml_geometry_csv_action
BootPass_109,164,15,15,Position_Unknown,Team_Unknown,Action_PreSnap,1297.87,621.74,1335.63,697.43,37.76000000000022,75.68999999999994,xml_geometry_csv_action
BootPass_109,164,16,16,Position_Unknown,Team_Unknown,Action_PreSnap,442.01,477.96,477.17,545.24,35.160000000000025,67.28000000000003,xml_geometry_csv_action
BootPass_109,164,2,2,Position_Unknown,Team_Unknown,Action_PreSnap,649.3,765.14,700.0,854.92,50.700000000000045,89.77999999999997,xml_geometry_csv_action
BootPass_109,164,22,21,Position_Unknown,Team_Unknown,Action_None,388.0,481.28,427.58,546.59,39.579999999999984,65.31000000000006,xml_geometry_csv_action
BootPass_109,164,24,22,Position_Unknown,Team_Unknown,Action_PreSnap,650.59,626.65,693.38,702.57,42.789999999999964,75.92000000000007,xml_geometry_csv_action
BootPass_109,164,29,24,Position_Unknown,Team_Unknown,Action_PreSnap,268.6,633.6,301.81,701.8,33.20999999999998,68.19999999999993,xml_geometry_csv_action
BootPass_109,164,31,25,Position_Unknown,Team_Unknown,Action_PreSnap,674.76,574.31,716.83,642.49,42.07000000000005,68.18000000000006,xml_geometry_csv_action
BootPass_109,164,32,26,Position_Unknown,Team_Unknown,Action_PreSnap,594.32,568.77,639.12,636.41,44.799999999999955,67.63999999999999,xml_geometry_csv_action
BootPass_109,164,34,27,Position_Unknown,Team_Unknown,Action_None,1064.33,541.69,1106.39,610.47,42.06000000000017,68.77999999999997,xml_geometry_csv_action
BootPass_109,164,3,3,Position_Unknown,Team_Unknown,Action_None,1625.66,761.88,1670.92,837.46,45.25999999999999,75.58000000000004,xml_geometry_csv_action
BootPass_109,164,4,4,Position_Unknown,Team_Unknown,Action_PreSnap,701.98,638.28,738.88,731.37,36.89999999999998,93.09000000000003,xml_geometry_csv_action
BootPass_109,164,5,5,Position_Unknown,Team_Unknown,Action_PreSnap,695.02,767.54,743.83,854.16,48.81000000000006,86.62,xml_geometry_csv_action
BootPass_109,164,6,6,Position_Unknown,Team_Unknown,Action_PreSnap,612.08,423.71,641.25,487.8,29.16999999999996,64.09000000000003,xml_geometry_csv_action
BootPass_109,164,7,7,Position_Unknown,Team_Unknown,Action_PreSnap,441.97,400.73,471.08,466.6,29.109999999999957,65.87,xml_geometry_csv_action
BootPass_109,164,8,8,Position_Unknown,Team_Unknown,Action_PreSnap,222.47,652.16,271.07,731.97,48.599999999999994,79.81000000000006,xml_geometry_csv_action
BootPass_109,164,9,9,Position_Unknown,Team_Unknown,Action_PreSnap,892.97,688.26,935.0,766.83,42.02999999999997,78.57000000000005,xml_geometry_csv_action
BootPass_109,165,0,0,Position_Unknown,Team_Unknown,Action_PreSnap,1625.65,779.85,1667.23,857.51,41.57999999999993,77.65999999999997,xml_geometry_csv_action
BootPass_109,165,1,1,Position_Unknown,Team_Unknown,Action_PreSnap,1251.76,669.91,1291.75,750.01,39.99000000000001,80.10000000000002,xml_geometry_csv_action
BootPass_109,165,12,12,Position_Unknown,Team_Unknown,Action_PreSnap,173.37,654.03,212.17,740.23,38.79999999999998,86.20000000000005,xml_geometry_csv_action
BootPass_109,165,13,13,Position_Unknown,Team_Unknown,Action_PreSnap,643.4,463.43,679.6,539.77,36.200000000000045,76.33999999999997,xml_geometry_csv_action
BootPass_109,165,15,15,Position_Unknown,Team_Unknown,Action_PreSnap,1295.48,624.77,1331.4,699.65,35.92000000000007,74.88,xml_geometry_csv_action
BootPass_109,165,16,16,Position_Unknown,Team_Unknown,Action_PreSnap,439.03,477.89,472.28,545.66,33.25,67.76999999999998,xml_geometry_csv_action
BootPass_109,165,2,2,Position_Unknown,Team_Unknown,Action_PreSnap,646.13,766.09,696.46,856.81,50.33000000000004,90.71999999999991,xml_geometry_csv_action
BootPass_109,165,20,20,Position_Unknown,Team_Unknown,Action_PreSnap,632.49,552.75,669.52,623.35,37.02999999999997,70.60000000000002,xml_geometry_csv_action
BootPass_109,165,22,21,Position_Unknown,Team_Unknown,Action_None,379.35,482.65,420.57,548.33,41.21999999999997,65.68000000000006,xml_geometry_csv_action
BootPass_109,165,24,22,Position_Unknown,Team_Unknown,Action_PreSnap,647.52,630.75,691.22,706.66,43.700000000000045,75.90999999999997,xml_geometry_csv_action
BootPass_109,165,29,24,Position_Unknown,Team_Unknown,Action_PreSnap,259.77,635.56,295.59,706.42,35.81999999999999,70.86000000000001,xml_geometry_csv_action
BootPass_109,165,31,25,Position_Unknown,Team_Unknown,Action_PreSnap,671.65,575.29,713.69,636.87,42.04000000000008,61.58000000000004,xml_geometry_csv_action
BootPass_109,165,32,26,Position_Unknown,Team_Unknown,Action_PreSnap,591.99,569.05,635.92,636.15,43.92999999999995,67.10000000000002,xml_geometry_csv_action
BootPass_109,165,34,27,Position_Unknown,Team_Unknown,Action_None,1060.83,543.65,1103.52,610.45,42.690000000000055,66.80000000000007,xml_geometry_csv_action
BootPass_109,165,3,3,Position_Unknown,Team_Unknown,Action_None,1624.99,761.22,1668.59,822.49,43.59999999999991,61.26999999999998,xml_geometry_csv_action
BootPass_109,165,4,4,Position_Unknown,Team_Unknown,Action_PreSnap,698.15,642.28,735.03,735.48,36.879999999999995,93.20000000000005,xml_geometry_csv_action
BootPass_109,165,5,5,Position_Unknown,Team_Unknown,Action_PreSnap,692.0,768.66,743.12,857.32,51.120000000000005,88.66000000000008,xml_geometry_csv_action
BootPass_109,165,6,6,Position_Unknown,Team_Unknown,Action_PreSnap,605.6,423.92,634.85,487.24,29.25,63.31999999999999,xml_geometry_csv_action
BootPass_109,165,7,7,Position_Unknown,Team_Unknown,Action_PreSnap,439.16,402.06,468.0,467.93,28.839999999999975,65.87,xml_geometry_csv_action
BootPass_109,165,8,8,Position_Unknown,Team_Unknown,Action_PreSnap,211.68,651.61,258.16,735.17,46.48000000000002,83.55999999999995,xml_geometry_csv_action
BootPass_109,165,9,9,Position_Unknown,Team_Unknown,Action_PreSnap,885.27,689.7,924.88,772.27,39.610000000000014,82.56999999999994,xml_geometry_csv_action
BootPass_109,166,0,0,Position_Unknown,Team_Unknown,Action_PreSnap,1622.49,776.13,1665.93,855.68,43.440000000000055,79.54999999999995,xml_geometry_csv_action
BootPass_109,166,1,1,Position_Unknown,Team_Unknown,Action_PreSnap,1246.94,670.4,1290.65,754.52,43.710000000000036,84.12,xml_geometry_csv_action
BootPass_109,166,12,12,Position_Unknown,Team_Unknown,Action_PreSnap,169.02,653.86,206.8,741.04,37.78,87.17999999999995,xml_geometry_csv_action
BootPass_109,166,13,13,Position_Unknown,Team_Unknown,Action_PreSnap,638.54,464.19,674.62,539.48,36.08000000000004,75.29000000000002,xml_geometry_csv_action
BootPass_109,166,15,15,Position_Unknown,Team_Unknown,Action_PreSnap,1292.58,628.17,1327.41,701.45,34.830000000000155,73.28000000000009,xml_geometry_csv_action
BootPass_109,166,16,16,Position_Unknown,Team_Unknown,Action_PreSnap,437.3,478.0,468.48,545.51,31.180000000000007,67.50999999999999,xml_geometry_csv_action
BootPass_109,166,2,2,Position_Unknown,Team_Unknown,Action_PreSnap,643.82,766.94,692.92,857.95,49.09999999999991,91.00999999999999,xml_geometry_csv_action
BootPass_109,166,20,20,Position_Unknown,Team_Unknown,Action_PreSnap,627.52,553.55,663.62,626.13,36.10000000000002,72.58000000000004,xml_geometry_csv_action
BootPass_109,166,22,21,Position_Unknown,Team_Unknown,Action_None,373.23,484.07,413.07,549.71,39.839999999999975,65.64000000000004,xml_geometry_csv_action
BootPass_109,166,24,22,Position_Unknown,Team_Unknown,Action_PreSnap,647.01,633.77,689.9,712.43,42.889999999999986,78.65999999999997,xml_geometry_csv_action
BootPass_109,166,29,24,Position_Unknown,Team_Unknown,Action_PreSnap,252.01,637.08,288.8,708.66,36.79000000000002,71.57999999999993,xml_geometry_csv_action
BootPass_109,166,31,25,Position_Unknown,Team_Unknown,Action_PreSnap,667.9,574.97,709.36,638.44,41.460000000000036,63.47000000000003,xml_geometry_csv_action
BootPass_109,166,32,26,Position_Unknown,Team_Unknown,Action_PreSnap,588.48,569.71,632.54,638.6,44.059999999999945,68.88999999999999,xml_geometry_csv_action
BootPass_109,166,34,27,Position_Unknown,Team_Unknown,Action_None,1061.09,546.83,1102.99,614.48,41.90000000000009,67.64999999999998,xml_geometry_csv_action
BootPass_109,166,3,3,Position_Unknown,Team_Unknown,Action_None,1623.93,760.6,1666.66,816.0,42.73000000000002,55.39999999999998,xml_geometry_csv_action
BootPass_109,166,4,4,Position_Unknown,Team_Unknown,Action_PreSnap,695.78,644.91,732.8,737.65,37.01999999999998,92.74000000000001,xml_geometry_csv_action
BootPass_109,166,5,5,Position_Unknown,Team_Unknown,Action_PreSnap,693.09,769.8,741.48,857.83,48.389999999999986,88.03000000000009,xml_geometry_csv_action
BootPass_109,166,6,6,Position_Unknown,Team_Unknown,Action_PreSnap,599.37,424.63,628.05,487.08,28.67999999999995,62.44999999999999,xml_geometry_csv_action
BootPass_109,166,7,7,Position_Unknown,Team_Unknown,Action_PreSnap,436.17,402.98,464.91,468.52,28.74000000000001,65.53999999999996,xml_geometry_csv_action
BootPass_109,166,8,8,Position_Unknown,Team_Unknown,Action_PreSnap,200.78,653.1,247.4,737.94,46.620000000000005,84.84000000000003,xml_geometry_csv_action
BootPass_109,166,9,9,Position_Unknown,Team_Unknown,Action_PreSnap,879.54,690.33,917.03,775.93,37.49000000000001,85.59999999999991,xml_geometry_csv_action
BootPass_109,167,0,0,Position_Unknown,Team_Unknown,Action_PreSnap,1619.32,775.58,1665.41,857.3,46.090000000000146,81.71999999999991,xml_geometry_csv_action
BootPass_109,167,1,1,Position_Unknown,Team_Unknown,Action_PreSnap,1241.8,672.89,1287.67,759.43,45.87000000000012,86.53999999999996,xml_geometry_csv_action
BootPass_109,167,12,12,Position_Unknown,Team_Unknown,Action_PreSnap,163.51,654.64,199.21,742.08,35.70000000000002,87.44000000000005,xml_geometry_csv_action
BootPass_109,167,13,13,Position_Unknown,Team_Unknown,Action_PreSnap,633.46,465.61,669.47,539.63,36.00999999999999,74.01999999999998,xml_geometry_csv_action
BootPass_109,167,15,15,Position_Unknown,Team_Unknown,Action_PreSnap,1287.16,630.86,1321.83,700.11,34.669999999999845,69.25,xml_geometry_csv_action
BootPass_109,167,2,2,Position_Unknown,Team_Unknown,Action_PreSnap,641.74,768.5,688.66,859.56,46.91999999999996,91.05999999999995,xml_geometry_csv_action
BootPass_109,167,22,21,Position_Unknown,Team_Unknown,Action_None,368.88,485.61,409.37,551.69,40.49000000000001,66.08000000000004,xml_geometry_csv_action
BootPass_109,167,24,22,Position_Unknown,Team_Unknown,Action_PreSnap,646.88,635.97,688.47,717.06,41.59000000000003,81.08999999999992,xml_geometry_csv_action
BootPass_109,167,29,24,Position_Unknown,Team_Unknown,Action_PreSnap,245.14,638.77,283.39,711.89,38.25,73.12,xml_geometry_csv_action
BootPass_109,167,31,25,Position_Unknown,Team_Unknown,Action_PreSnap,664.47,576.48,704.29,640.62,39.819999999999936,64.13999999999999,xml_geometry_csv_action
BootPass_109,167,32,26,Position_Unknown,Team_Unknown,Action_PreSnap,586.41,569.16,629.58,639.66,43.17000000000007,70.5,xml_geometry_csv_action
BootPass_109,167,34,27,Position_Unknown,Team_Unknown,Action_None,1061.68,549.46,1103.07,617.66,41.38999999999987,68.19999999999993,xml_geometry_csv_action
BootPass_109,167,3,3,Position_Unknown,Team_Unknown,Action_None,1621.07,759.55,1664.11,817.12,43.039999999999964,57.57000000000005,xml_geometry_csv_action
BootPass_109,167,4,4,Position_Unknown,Team_Unknown,Action_PreSnap,692.88,646.61,729.5,738.35,36.620000000000005,91.74000000000001,xml_geometry_csv_action
BootPass_109,167,5,5,Position_Unknown,Team_Unknown,Action_PreSnap,694.92,771.22,739.52,857.16,44.60000000000002,85.93999999999994,xml_geometry_csv_action
BootPass_109,167,6,6,Position_Unknown,Team_Unknown,Action_PreSnap,593.51,426.01,621.5,487.96,27.99000000000001,61.94999999999999,xml_geometry_csv_action
BootPass_109,167,7,7,Position_Unknown,Team_Unknown,Action_PreSnap,434.02,404.4,462.48,469.2,28.460000000000036,64.80000000000001,xml_geometry_csv_action
BootPass_109,167,8,8,Position_Unknown,Team_Unknown,Action_PreSnap,192.62,655.64,237.61,742.25,44.99000000000001,86.61000000000001,xml_geometry_csv_action
BootPass_109,167,9,9,Position_Unknown,Team_Unknown,Action_PreSnap,875.12,692.07,911.34,776.94,36.22000000000003,84.87,xml_geometry_csv_action
BootPass_109,168,0,0,Position_Unknown,Team_Unknown,Action_PreSnap,1618.18,775.57,1664.56,857.99,46.37999999999988,82.41999999999996,xml_geometry_csv_action
BootPass_109,168,1,1,Position_Unknown,Team_Unknown,Action_PreSnap,1236.96,677.7,1283.12,762.85,46.159999999999854,85.14999999999998,xml_geometry_csv_action
BootPass_109,168,13,13,Position_Unknown,Team_Unknown,Action_PreSnap,627.91,467.9,664.75,540.37,36.84000000000003,72.47000000000003,xml_geometry_csv_action
BootPass_109,168,15,15,Position_Unknown,Team_Unknown,Action_PreSnap,1284.45,634.28,1317.1,707.31,32.649999999999864,73.02999999999997,xml_geometry_csv_action
BootPass_109,168,2,2,Position_Unknown,Team_Unknown,Action_PreSnap,639.85,770.96,684.92,860.48,45.069999999999936,89.51999999999998,xml_geometry_csv_action
BootPass_109,168,22,21,Position_Unknown,Team_Unknown,Action_None,364.19,486.89,402.89,551.61,38.69999999999999,64.72000000000003,xml_geometry_csv_action
BootPass_109,168,24,22,Position_Unknown,Team_Unknown,Action_PreSnap,645.91,637.23,684.67,719.33,38.75999999999999,82.10000000000002,xml_geometry_csv_action
BootPass_109,168,29,24,Position_Unknown,Team_Unknown,Action_PreSnap,237.46,640.21,276.67,713.56,39.21000000000001,73.34999999999991,xml_geometry_csv_action
BootPass_109,168,31,25,Position_Unknown,Team_Unknown,Action_PreSnap,662.44,577.05,700.68,641.97,38.239999999999895,64.92000000000007,xml_geometry_csv_action
BootPass_109,168,32,26,Position_Unknown,Team_Unknown,Action_PreSnap,583.96,570.39,625.09,642.33,41.129999999999995,71.94000000000005,xml_geometry_csv_action
BootPass_109,168,34,27,Position_Unknown,Team_Unknown,Action_None,1063.17,551.99,1101.91,619.94,38.74000000000001,67.95000000000005,xml_geometry_csv_action
BootPass_109,168,4,4,Position_Unknown,Team_Unknown,Action_PreSnap,691.23,648.31,725.94,738.08,34.710000000000036,89.7700000000001,xml_geometry_csv_action
BootPass_109,168,5,5,Position_Unknown,Team_Unknown,Action_PreSnap,695.65,773.28,736.42,854.73,40.76999999999998,81.45000000000005,xml_geometry_csv_action
BootPass_109,168,6,6,Position_Unknown,Team_Unknown,Action_PreSnap,587.93,427.93,614.93,487.54,27.0,59.610000000000014,xml_geometry_csv_action
BootPass_109,168,7,7,Position_Unknown,Team_Unknown,Action_PreSnap,431.61,406.14,458.82,469.73,27.20999999999998,63.59000000000003,xml_geometry_csv_action
BootPass_109,168,8,8,Position_Unknown,Team_Unknown,Action_PreSnap,184.73,656.27,233.66,741.56,48.93000000000001,85.28999999999996,xml_geometry_csv_action
BootPass_109,168,9,9,Position_Unknown,Team_Unknown,Action_PreSnap,870.09,693.02,905.63,776.81,35.539999999999964,83.78999999999996,xml_geometry_csv_action
BootPass_109,169,0,0,Position_Unknown,Team_Unknown,Action_PreSnap,1616.0,767.8,1660.22,856.4,44.22000000000003,88.60000000000002,xml_geometry_csv_action
BootPass_109,169,1,1,Position_Unknown,Team_Unknown,Action_PreSnap,1233.86,683.06,1274.17,763.28,40.31000000000017,80.22000000000003,xml_geometry_csv_action
BootPass_109,169,13,13,Position_Unknown,Team_Unknown,Action_PreSnap,622.08,469.4,659.63,539.47,37.549999999999955,70.07000000000005,xml_geometry_csv_action
BootPass_109,169,15,15,Position_Unknown,Team_Unknown,Action_PreSnap,1281.66,637.77,1312.15,710.86,30.49000000000001,73.09000000000003,xml_geometry_csv_action
BootPass_109,169,18,18,Position_Unknown,Team_Unknown,Action_PreSnap,392.7,489.25,432.6,551.88,39.900000000000034,62.629999999999995,xml_geometry_csv_action
BootPass_109,169,2,2,Position_Unknown,Team_Unknown,Action_PreSnap,639.44,773.84,679.9,860.06,40.45999999999992,86.21999999999991,xml_geometry_csv_action
BootPass_109,169,20,20,Position_Unknown,Team_Unknown,Action_PreSnap,610.49,559.36,644.61,631.13,34.120000000000005,71.76999999999998,xml_geometry_csv_action
BootPass_109,169,22,21,Position_Unknown,Team_Unknown,Action_None,357.04,489.25,391.92,550.03,34.879999999999995,60.77999999999997,xml_geometry_csv_action
BootPass_109,169,29,24,Position_Unknown,Team_Unknown,Action_PreSnap,230.38,642.18,266.08,711.6,35.69999999999999,69.42000000000007,xml_geometry_csv_action
BootPass_109,169,31,25,Position_Unknown,Team_Unknown,Action_PreSnap,659.33,578.44,696.53,641.84,37.19999999999993,63.39999999999998,xml_geometry_csv_action
BootPass_109,169,32,26,Position_Unknown,Team_Unknown,Action_PreSnap,580.89,572.31,620.15,643.8,39.25999999999999,71.49000000000001,xml_geometry_csv_action
BootPass_109,169,34,27,Position_Unknown,Team_Unknown,Action_None,1067.12,554.28,1099.44,618.5,32.320000000000164,64.22000000000003,xml_geometry_csv_action
BootPass_109,169,4,4,Position_Unknown,Team_Unknown,Action_PreSnap,689.29,650.89,720.67,735.14,31.379999999999995,84.25,xml_geometry_csv_action
BootPass_109,169,5,5,Position_Unknown,Team_Unknown,Action_PreSnap,694.78,774.92,732.88,854.52,38.10000000000002,79.60000000000002,xml_geometry_csv_action
BootPass_109,169,6,6,Position_Unknown,Team_Unknown,Action_PreSnap,581.65,428.66,607.8,487.7,26.149999999999977,59.039999999999964,xml_geometry_csv_action
BootPass_109,169,7,7,Position_Unknown,Team_Unknown,Action_PreSnap,429.29,407.41,455.21,469.13,25.91999999999996,61.71999999999997,xml_geometry_csv_action
BootPass_109,169,8,8,Position_Unknown,Team_Unknown,Action_PreSnap,176.5,659.74,219.31,741.55,42.81,81.80999999999995,xml_geometry_csv_action
BootPass_109,169,9,9,Position_Unknown,Team_Unknown,Action_PreSnap,867.02,692.8,900.01,771.53,32.99000000000001,78.73000000000002,xml_geometry_csv_action
BootPass_109,170,0,0,Position_Unknown,Team_Unknown,Action_PreSnap,1613.85,768.86,1654.32,855.13,40.47000000000003,86.26999999999998,xml_geometry_csv_action
BootPass_109,170,1,1,Position_Unknown,Team_Unknown,Action_PreSnap,1230.84,687.3,1267.24,762.95,36.40000000000009,75.65000000000009,xml_geometry_csv_action
BootPass_109,170,13,13,Position_Unknown,Team_Unknown,Action_PreSnap,616.92,470.86,655.57,539.16,38.65000000000009,68.29999999999995,xml_geometry_csv_action
BootPass_109,170,15,15,Position_Unknown,Team_Unknown,Action_PreSnap,1278.76,641.25,1308.29,713.75,29.529999999999973,72.5,xml_geometry_csv_action
BootPass_109,170,16,16,Position_Unknown,Team_Unknown,Action_PreSnap,423.42,480.31,453.08,543.53,29.659999999999968,63.21999999999997,xml_geometry_csv_action
BootPass_109,170,18,18,Position_Unknown,Team_Unknown,Action_PreSnap,387.48,489.06,426.45,550.99,38.96999999999997,61.93000000000001,xml_geometry_csv_action
BootPass_109,170,2,2,Position_Unknown,Team_Unknown,Action_PreSnap,638.05,776.33,675.42,860.26,37.370000000000005,83.92999999999995,xml_geometry_csv_action
BootPass_109,170,20,20,Position_Unknown,Team_Unknown,Action_PreSnap,606.09,561.26,639.95,631.46,33.860000000000014,70.20000000000005,xml_geometry_csv_action
BootPass_109,170,22,21,Position_Unknown,Team_Unknown,Action_None,351.4,489.57,384.15,550.58,32.75,61.01000000000005,xml_geometry_csv_action
BootPass_109,170,24,22,Position_Unknown,Team_Unknown,Action_PreSnap,643.65,637.37,680.09,698.97,36.440000000000055,61.60000000000002,xml_geometry_csv_action
BootPass_109,170,29,24,Position_Unknown,Team_Unknown,Action_PreSnap,221.6,642.05,255.88,711.52,34.28,69.47000000000003,xml_geometry_csv_action
BootPass_109,170,31,25,Position_Unknown,Team_Unknown,Action_PreSnap,657.94,578.24,694.44,640.44,36.5,62.200000000000045,xml_geometry_csv_action
BootPass_109,170,32,26,Position_Unknown,Team_Unknown,Action_PreSnap,578.66,573.08,616.44,644.46,37.780000000000086,71.38,xml_geometry_csv_action
BootPass_109,170,34,27,Position_Unknown,Team_Unknown,Action_None,1067.98,556.45,1098.28,618.78,30.299999999999955,62.32999999999993,xml_geometry_csv_action
BootPass_109,170,4,4,Position_Unknown,Team_Unknown,Action_PreSnap,686.97,652.56,716.68,733.79,29.709999999999923,81.23000000000002,xml_geometry_csv_action
BootPass_109,170,5,5,Position_Unknown,Team_Unknown,Action_PreSnap,694.61,775.72,731.11,855.62,36.5,79.89999999999998,xml_geometry_csv_action
BootPass_109,170,6,6,Position_Unknown,Team_Unknown,Action_PreSnap,576.06,429.01,601.96,487.76,25.90000000000009,58.75,xml_geometry_csv_action
BootPass_109,170,7,7,Position_Unknown,Team_Unknown,Action_PreSnap,427.17,408.27,452.78,469.41,25.609999999999957,61.14000000000004,xml_geometry_csv_action
BootPass_109,170,8,8,Position_Unknown,Team_Unknown,Action_PreSnap,169.26,660.38,206.74,741.94,37.48000000000002,81.56000000000006,xml_geometry_csv_action
BootPass_109,170,9,9,Position_Unknown,Team_Unknown,Action_PreSnap,863.11,690.33,894.73,771.56,31.620000000000005,81.2299999999999,xml_geometry_csv_action
BootPass_109,171,0,0,Position_Unknown,Team_Unknown,Action_PreSnap,1611.66,766.22,1650.44,854.34,38.77999999999997,88.12,xml_geometry_csv_action
BootPass_109,171,1,1,Position_Unknown,Team_Unknown,Action_PreSnap,1226.92,689.75,1262.61,765.56,35.68999999999983,75.80999999999995,xml_geometry_csv_action
BootPass_109,171,13,13,Position_Unknown,Team_Unknown,Action_PreSnap,611.13,471.59,652.82,540.48,41.690000000000055,68.89000000000004,xml_geometry_csv_action
BootPass_109,171,15,15,Position_Unknown,Team_Unknown,Action_PreSnap,1276.27,644.49,1306.51,716.37,30.24000000000001,71.88,xml_geometry_csv_action
BootPass_109,171,16,16,Position_Unknown,Team_Unknown,Action_PreSnap,420.51,481.04,450.3,544.1,29.79000000000002,63.06,xml_geometry_csv_action
BootPass_109,171,18,18,Position_Unknown,Team_Unknown,Action_PreSnap,382.02,489.53,423.51,550.81,41.49000000000001,61.27999999999997,xml_geometry_csv_action
BootPass_109,171,2,2,Position_Unknown,Team_Unknown,Action_PreSnap,636.7,777.86,674.64,859.77,37.93999999999994,81.90999999999997,xml_geometry_csv_action
BootPass_109,171,20,20,Position_Unknown,Team_Unknown,Action_PreSnap,603.87,562.41,637.59,629.11,33.72000000000003,66.70000000000005,xml_geometry_csv_action
BootPass_109,171,22,21,Position_Unknown,Team_Unknown,Action_None,346.78,491.11,378.89,552.72,32.110000000000014,61.610000000000014,xml_geometry_csv_action
BootPass_109,171,24,22,Position_Unknown,Team_Unknown,Action_PreSnap,640.74,642.06,677.08,714.85,36.34000000000003,72.79000000000008,xml_geometry_csv_action
BootPass_109,171,29,24,Position_Unknown,Team_Unknown,Action_PreSnap,214.77,641.76,248.82,710.44,34.04999999999998,68.68000000000006,xml_geometry_csv_action
BootPass_109,171,31,25,Position_Unknown,Team_Unknown,Action_PreSnap,658.48,578.54,694.13,641.52,35.64999999999998,62.98000000000002,xml_geometry_csv_action
BootPass_109,171,32,26,Position_Unknown,Team_Unknown,Action_PreSnap,577.75,574.78,614.18,646.52,36.42999999999995,71.74000000000001,xml_geometry_csv_action
BootPass_109,171,34,27,Position_Unknown,Team_Unknown,Action_None,1066.85,557.97,1099.17,620.93,32.320000000000164,62.95999999999992,xml_geometry_csv_action
BootPass_109,171,4,4,Position_Unknown,Team_Unknown,Action_PreSnap,685.43,653.31,714.62,731.88,29.190000000000055,78.57000000000005,xml_geometry_csv_action
BootPass_109,171,5,5,Position_Unknown,Team_Unknown,Action_PreSnap,693.73,776.06,731.15,857.83,37.41999999999996,81.7700000000001,xml_geometry_csv_action
BootPass_109,171,6,6,Position_Unknown,Team_Unknown,Action_PreSnap,570.35,429.64,597.68,488.94,27.329999999999927,59.30000000000001,xml_geometry_csv_action
BootPass_109,171,7,7,Position_Unknown,Team_Unknown,Action_PreSnap,425.51,408.51,451.12,470.5,25.610000000000014,61.99000000000001,xml_geometry_csv_action
BootPass_109,171,8,8,Position_Unknown,Team_Unknown,Action_PreSnap,157.63,661.71,200.92,744.03,43.28999999999999,82.31999999999994,xml_geometry_csv_action
BootPass_109,171,9,9,Position_Unknown,Team_Unknown,Action_PreSnap,859.49,683.68,892.04,763.73,32.549999999999955,80.05000000000007,xml_geometry_csv_action
BootPass_109,172,1,1,Position_Unknown,Team_Unknown,Action_PreSnap,1223.15,692.83,1257.32,771.3,34.169999999999845,78.46999999999991,xml_geometry_csv_action
BootPass_109,172,13,13,Position_Unknown,Team_Unknown,Action_PreSnap,607.56,472.59,650.85,541.68,43.29000000000008,69.08999999999997,xml_geometry_csv_action
BootPass_109,172,15,15,Position_Unknown,Team_Unknown,Action_PreSnap,1274.55,649.42,1305.35,718.66,30.799999999999955,69.24000000000001,xml_geometry_csv_action
BootPass_109,172,16,16,Position_Unknown,Team_Unknown,Action_PreSnap,417.85,482.22,447.58,545.39,29.72999999999996,63.16999999999996,xml_geometry_csv_action
BootPass_109,172,18,18,Position_Unknown,Team_Unknown,Action_PreSnap,376.37,490.62,418.7,552.33,42.329999999999984,61.710000000000036,xml_geometry_csv_action
BootPass_109,172,2,2,Position_Unknown,Team_Unknown,Action_PreSnap,637.3,778.92,673.48,858.57,36.180000000000064,79.65000000000009,xml_geometry_csv_action
BootPass_109,172,22,21,Position_Unknown,Team_Unknown,Action_None,342.6,493.84,373.58,554.03,30.97999999999996,60.19,xml_geometry_csv_action
BootPass_109,172,24,22,Position_Unknown,Team_Unknown,Action_PreSnap,639.05,644.77,675.31,720.54,36.25999999999999,75.76999999999998,xml_geometry_csv_action
BootPass_109,172,29,24,Position_Unknown,Team_Unknown,Action_PreSnap,210.46,640.67,245.99,712.87,35.53,72.20000000000005,xml_geometry_csv_action
BootPass_109,172,31,25,Position_Unknown,Team_Unknown,Action_PreSnap,660.72,576.94,695.93,640.6,35.20999999999992,63.65999999999997,xml_geometry_csv_action
BootPass_109,172,32,26,Position_Unknown,Team_Unknown,Action_PreSnap,576.16,576.35,611.85,647.2,35.690000000000055,70.85000000000002,xml_geometry_csv_action
BootPass_109,172,34,27,Position_Unknown,Team_Unknown,Action_None,1065.35,559.45,1100.0,625.54,34.65000000000009,66.08999999999992,xml_geometry_csv_action
BootPass_109,172,4,4,Position_Unknown,Team_Unknown,Action_PreSnap,682.81,654.53,712.81,734.58,30.0,80.05000000000007,xml_geometry_csv_action
BootPass_109,172,5,5,Position_Unknown,Team_Unknown,Action_PreSnap,694.61,776.83,733.59,858.49,38.98000000000002,81.65999999999997,xml_geometry_csv_action
BootPass_109,172,6,6,Position_Unknown,Team_Unknown,Action_PreSnap,565.67,429.11,593.69,489.46,28.020000000000095,60.349999999999966,xml_geometry_csv_action
BootPass_109,172,7,7,Position_Unknown,Team_Unknown,Action_PreSnap,423.84,409.58,449.87,471.34,26.03000000000003,61.75999999999999,xml_geometry_csv_action
BootPass_109,172,8,8,Position_Unknown,Team_Unknown,Action_PreSnap,149.11,661.55,192.59,743.9,43.47999999999999,82.35000000000002,xml_geometry_csv_action
BootPass_109,172,9,9,Position_Unknown,Team_Unknown,Action_PreSnap,855.61,679.5,889.0,763.54,33.389999999999986,84.03999999999996,xml_geometry_csv_action
BootPass_109,173,1,1,Position_Unknown,Team_Unknown,Action_PreSnap,1219.69,695.72,1252.84,775.83,33.149999999999864,80.11000000000001,xml_geometry_csv_action
BootPass_109,173,13,13,Position_Unknown,Team_Unknown,Action_PreSnap,602.93,472.37,648.01,541.56,45.08000000000004,69.18999999999994,xml_geometry_csv_action
BootPass_109,173,15,15,Position_Unknown,Team_Unknown,Action_PreSnap,1273.21,653.28,1302.85,719.0,29.639999999999873,65.72000000000003,xml_geometry_csv_action
BootPass_109,173,16,16,Position_Unknown,Team_Unknown,Action_PreSnap,415.56,482.6,444.89,546.55,29.329999999999984,63.94999999999993,xml_geometry_csv_action
BootPass_109,173,18,18,Position_Unknown,Team_Unknown,Action_PreSnap,370.9,490.65,411.91,552.28,41.01000000000005,61.629999999999995,xml_geometry_csv_action
BootPass_109,173,2,2,Position_Unknown,Team_Unknown,Action_PreSnap,637.55,780.29,672.54,859.32,34.99000000000001,79.03000000000009,xml_geometry_csv_action
BootPass_109,173,22,21,Position_Unknown,Team_Unknown,Action_None,337.82,495.2,368.01,554.45,30.189999999999998,59.25000000000006,xml_geometry_csv_action
BootPass_109,173,24,22,Position_Unknown,Team_Unknown,Action_PreSnap,638.36,646.47,674.46,722.24,36.10000000000002,75.76999999999998,xml_geometry_csv_action
BootPass_109,173,29,24,Position_Unknown,Team_Unknown,Action_PreSnap,207.18,640.39,242.68,712.94,35.5,72.55000000000007,xml_geometry_csv_action
BootPass_109,173,31,25,Position_Unknown,Team_Unknown,Action_PreSnap,660.12,586.59,694.56,644.41,34.43999999999994,57.819999999999936,xml_geometry_csv_action
BootPass_109,173,32,26,Position_Unknown,Team_Unknown,Action_PreSnap,575.66,577.07,609.45,648.67,33.79000000000008,71.59999999999991,xml_geometry_csv_action
BootPass_109,173,34,27,Position_Unknown,Team_Unknown,Action_None,1066.92,561.29,1101.59,628.03,34.669999999999845,66.74000000000001,xml_geometry_csv_action
BootPass_109,173,4,4,Position_Unknown,Team_Unknown,Action_PreSnap,680.91,657.15,711.41,740.01,30.5,82.86000000000001,xml_geometry_csv_action
BootPass_109,173,5,5,Position_Unknown,Team_Unknown,Action_PreSnap,694.46,778.43,733.99,858.82,39.52999999999997,80.3900000000001,xml_geometry_csv_action
BootPass_109,173,6,6,Position_Unknown,Team_Unknown,Action_PreSnap,561.04,429.11,589.66,488.66,28.620000000000005,59.55000000000001,xml_geometry_csv_action
BootPass_109,173,7,7,Position_Unknown,Team_Unknown,Action_PreSnap,422.35,410.65,448.28,471.72,25.92999999999995,61.07000000000005,xml_geometry_csv_action
BootPass_109,173,9,9,Position_Unknown,Team_Unknown,Action_PreSnap,853.57,679.35,887.3,762.24,33.729999999999905,82.88999999999999,xml_geometry_csv_action
BootPass_109,174,0,0,Position_Unknown,Team_Unknown,Action_PreSnap,1607.9,761.23,1648.77,846.92,40.86999999999989,85.68999999999994,xml_geometry_csv_action
BootPass_109,174,1,1,Position_Unknown,Team_Unknown,Action_PreSnap,1216.08,699.16,1250.97,779.02,34.8900000000001,79.86000000000001,xml_geometry_csv_action
BootPass_109,174,13,13,Position_Unknown,Team_Unknown,Action_PreSnap,599.22,472.55,645.02,541.77,45.799999999999955,69.21999999999997,xml_geometry_csv_action
BootPass_109,174,15,15,Position_Unknown,Team_Unknown,Action_PreSnap,1271.51,655.92,1299.89,719.2,28.38000000000011,63.280000000000086,xml_geometry_csv_action
BootPass_109,174,16,16,Position_Unknown,Team_Unknown,Action_PreSnap,414.33,483.45,443.85,547.52,29.52000000000004,64.07,xml_geometry_csv_action
BootPass_109,174,18,18,Position_Unknown,Team_Unknown,Action_PreSnap,368.0,490.77,410.6,553.03,42.60000000000002,62.25999999999999,xml_geometry_csv_action
BootPass_109,174,2,2,Position_Unknown,Team_Unknown,Action_PreSnap,637.7,781.96,672.47,862.91,34.76999999999998,80.94999999999993,xml_geometry_csv_action
BootPass_109,174,22,21,Position_Unknown,Team_Unknown,Action_None,333.78,495.99,364.83,554.54,31.05000000000001,58.549999999999955,xml_geometry_csv_action
BootPass_109,174,24,22,Position_Unknown,Team_Unknown,Action_PreSnap,638.36,647.08,675.56,725.82,37.19999999999993,78.74000000000001,xml_geometry_csv_action
BootPass_109,174,31,25,Position_Unknown,Team_Unknown,Action_PreSnap,660.09,590.69,693.61,644.86,33.51999999999998,54.16999999999996,xml_geometry_csv_action
BootPass_109,174,34,27,Position_Unknown,Team_Unknown,Action_None,1066.71,562.78,1103.27,630.62,36.559999999999945,67.84000000000003,xml_geometry_csv_action
BootPass_109,174,4,4,Position_Unknown,Team_Unknown,Action_PreSnap,678.14,658.97,710.69,744.95,32.55000000000007,85.98000000000002,xml_geometry_csv_action
BootPass_109,174,5,5,Position_Unknown,Team_Unknown,Action_PreSnap,694.56,779.26,734.42,858.7,39.860000000000014,79.44000000000005,xml_geometry_csv_action
BootPass_109,174,6,6,Position_Unknown,Team_Unknown,Action_PreSnap,556.25,428.45,586.44,487.32,30.190000000000055,58.870000000000005,xml_geometry_csv_action
BootPass_109,174,7,7,Position_Unknown,Team_Unknown,Action_PreSnap,421.66,411.54,447.63,472.71,25.96999999999997,61.16999999999996,xml_geometry_csv_action
BootPass_109,174,8,8,Position_Unknown,Team_Unknown,Action_PreSnap,127.84,659.63,179.45,744.04,51.609999999999985,84.40999999999997,xml_geometry_csv_action
BootPass_109,174,9,9,Position_Unknown,Team_Unknown,Action_PreSnap,852.07,681.91,887.19,766.69,35.120000000000005,84.78000000000009,xml_geometry_csv_action
BootPass_109,175,0,0,Position_Unknown,Team_Unknown,Action_PreSnap,1606.54,760.14,1648.9,845.09,42.36000000000013,84.95000000000005,xml_geometry_csv_action
BootPass_109,175,1,1,Position_Unknown,Team_Unknown,Action_PreSnap,1213.53,702.78,1249.72,780.69,36.190000000000055,77.91000000000008,xml_geometry_csv_action
BootPass_109,175,13,13,Position_Unknown,Team_Unknown,Action_PreSnap,596.28,472.24,641.08,541.4,44.80000000000007,69.15999999999997,xml_geometry_csv_action
BootPass_109,175,15,15,Position_Unknown,Team_Unknown,Action_PreSnap,1268.24,658.61,1298.02,724.47,29.779999999999973,65.86000000000001,xml_geometry_csv_action
BootPass_109,175,16,16,Position_Unknown,Team_Unknown,Action_PreSnap,413.59,484.03,442.21,547.98,28.620000000000005,63.950000000000045,xml_geometry_csv_action
BootPass_109,175,18,18,Position_Unknown,Team_Unknown,Action_PreSnap,365.89,490.97,407.27,553.65,41.379999999999995,62.67999999999995,xml_geometry_csv_action
BootPass_109,175,2,2,Position_Unknown,Team_Unknown,Action_PreSnap,638.78,783.83,673.51,867.59,34.73000000000002,83.75999999999999,xml_geometry_csv_action
BootPass_109,175,22,21,Position_Unknown,Team_Unknown,Action_None,330.17,496.74,363.34,553.75,33.16999999999996,57.00999999999999,xml_geometry_csv_action
BootPass_109,175,24,22,Position_Unknown,Team_Unknown,Action_PreSnap,636.93,648.52,676.72,729.47,39.79000000000008,80.95000000000005,xml_geometry_csv_action
BootPass_109,175,29,24,Position_Unknown,Team_Unknown,Action_PreSnap,196.1,645.78,231.13,723.19,35.03,77.41000000000008,xml_geometry_csv_action
BootPass_109,175,31,25,Position_Unknown,Team_Unknown,Action_PreSnap,659.92,593.16,693.02,646.37,33.10000000000002,53.210000000000036,xml_geometry_csv_action
BootPass_109,175,34,27,Position_Unknown,Team_Unknown,Action_None,1070.0,564.94,1105.34,633.36,35.33999999999992,68.41999999999996,xml_geometry_csv_action
BootPass_109,175,4,4,Position_Unknown,Team_Unknown,Action_PreSnap,675.58,662.22,708.99,748.56,33.40999999999997,86.33999999999992,xml_geometry_csv_action
BootPass_109,175,5,5,Position_Unknown,Team_Unknown,Action_PreSnap,694.99,779.44,734.82,858.25,39.83000000000004,78.80999999999995,xml_geometry_csv_action
BootPass_109,175,6,6,Position_Unknown,Team_Unknown,Action_PreSnap,552.41,428.13,583.39,486.63,30.980000000000018,58.5,xml_geometry_csv_action
BootPass_109,175,7,7,Position_Unknown,Team_Unknown,Action_PreSnap,421.13,412.59,447.04,473.95,25.910000000000025,61.360000000000014,xml_geometry_csv_action
BootPass_109,175,8,8,Position_Unknown,Team_Unknown,Action_PreSnap,119.92,661.59,172.71,743.8,52.790000000000006,82.20999999999992,xml_geometry_csv_action
BootPass_109,175,9,9,Position_Unknown,Team_Unknown,Action_PreSnap,849.96,682.87,886.85,770.22,36.889999999999986,87.35000000000002,xml_geometry_csv_action
BootPass_109,176,0,0,Position_Unknown,Team_Unknown,Action_PreSnap,1605.29,760.14,1648.9,844.76,43.61000000000013,84.62,xml_geometry_csv_action
BootPass_109,176,1,1,Position_Unknown,Team_Unknown,Action_PreSnap,1210.4,706.11,1247.1,782.36,36.69999999999982,76.25,xml_geometry_csv_action
BootPass_109,176,13,13,Position_Unknown,Team_Unknown,Action_PreSnap,592.85,471.84,638.08,541.45,45.23000000000002,69.61000000000007,xml_geometry_csv_action
BootPass_109,176,15,15,Position_Unknown,Team_Unknown,Action_PreSnap,1265.26,660.97,1297.27,731.29,32.00999999999999,70.31999999999994,xml_geometry_csv_action
BootPass_109,176,16,16,Position_Unknown,Team_Unknown,Action_PreSnap,413.21,484.4,441.57,548.42,28.360000000000014,64.01999999999998,xml_geometry_csv_action
BootPass_109,176,2,2,Position_Unknown,Team_Unknown,Action_PreSnap,638.14,786.27,674.18,872.58,36.039999999999964,86.31000000000006,xml_geometry_csv_action
BootPass_109,176,22,21,Position_Unknown,Team_Unknown,Action_None,325.56,497.82,361.05,552.8,35.49000000000001,54.97999999999996,xml_geometry_csv_action
BootPass_109,176,24,22,Position_Unknown,Team_Unknown,Action_PreSnap,636.47,649.71,677.45,731.91,40.98000000000002,82.19999999999993,xml_geometry_csv_action
BootPass_109,176,29,24,Position_Unknown,Team_Unknown,Action_PreSnap,191.27,646.71,226.27,723.97,35.0,77.25999999999999,xml_geometry_csv_action
BootPass_109,176,31,25,Position_Unknown,Team_Unknown,Action_PreSnap,657.81,594.82,692.77,649.51,34.960000000000036,54.68999999999994,xml_geometry_csv_action
BootPass_109,176,32,26,Position_Unknown,Team_Unknown,Action_PreSnap,573.55,578.78,607.49,646.76,33.940000000000055,67.98000000000002,xml_geometry_csv_action
BootPass_109,176,34,27,Position_Unknown,Team_Unknown,Action_None,1072.08,567.28,1106.31,634.54,34.23000000000002,67.25999999999999,xml_geometry_csv_action
BootPass_109,176,4,4,Position_Unknown,Team_Unknown,Action_PreSnap,674.07,664.99,708.75,749.36,34.67999999999995,84.37,xml_geometry_csv_action
BootPass_109,176,5,5,Position_Unknown,Team_Unknown,Action_PreSnap,695.73,778.79,735.86,857.61,40.129999999999995,78.82000000000005,xml_geometry_csv_action
BootPass_109,176,6,6,Position_Unknown,Team_Unknown,Action_PreSnap,548.76,429.75,580.0,486.43,31.24000000000001,56.68000000000001,xml_geometry_csv_action
BootPass_109,176,7,7,Position_Unknown,Team_Unknown,Action_PreSnap,420.53,413.73,446.43,474.59,25.900000000000034,60.85999999999996,xml_geometry_csv_action
BootPass_109,176,8,8,Position_Unknown,Team_Unknown,Action_PreSnap,114.61,662.98,166.77,742.63,52.16000000000001,79.64999999999998,xml_geometry_csv_action
BootPass_109,176,9,9,Position_Unknown,Team_Unknown,Action_PreSnap,847.87,683.1,886.44,769.57,38.57000000000005,86.47000000000003,xml_geometry_csv_action
BootPass_109,177,0,0,Position_Unknown,Team_Unknown,Action_PreSnap,1604.68,771.96,1646.45,845.8,41.76999999999998,73.83999999999992,xml_geometry_csv_action
BootPass_109,177,1,1,Position_Unknown,Team_Unknown,Action_PreSnap,1207.32,708.6,1242.51,781.74,35.190000000000055,73.13999999999999,xml_geometry_csv_action
BootPass_109,177,13,13,Position_Unknown,Team_Unknown,Action_PreSnap,591.04,472.02,632.5,539.82,41.460000000000036,67.80000000000007,xml_geometry_csv_action
BootPass_109,177,15,15,Position_Unknown,Team_Unknown,Action_PreSnap,1262.69,664.78,1294.53,735.74,31.839999999999918,70.96000000000004,xml_geometry_csv_action
BootPass_109,177,2,2,Position_Unknown,Team_Unknown,Action_PreSnap,638.79,788.81,674.45,874.76,35.66000000000008,85.95000000000005,xml_geometry_csv_action
BootPass_109,177,29,24,Position_Unknown,Team_Unknown,Action_PreSnap,187.02,654.33,221.57,726.65,34.54999999999998,72.31999999999994,xml_geometry_csv_action
BootPass_109,177,31,25,Position_Unknown,Team_Unknown,Action_PreSnap,659.3,595.14,693.82,654.21,34.520000000000095,59.07000000000005,xml_geometry_csv_action
BootPass_109,177,34,27,Position_Unknown,Team_Unknown,Action_None,1075.72,570.28,1107.08,635.45,31.3599999999999,65.17000000000007,xml_geometry_csv_action
BootPass_109,177,4,4,Position_Unknown,Team_Unknown,Action_PreSnap,674.28,667.85,708.94,748.03,34.66000000000008,80.17999999999995,xml_geometry_csv_action
BootPass_109,177,5,5,Position_Unknown,Team_Unknown,Action_PreSnap,699.48,778.55,740.87,857.57,41.389999999999986,79.0200000000001,xml_geometry_csv_action
BootPass_109,177,7,7,Position_Unknown,Team_Unknown,Action_PreSnap,421.04,415.06,445.77,475.27,24.72999999999996,60.20999999999998,xml_geometry_csv_action
BootPass_109,177,8,8,Position_Unknown,Team_Unknown,Action_PreSnap,115.71,665.12,159.5,735.96,43.790000000000006,70.84000000000003,xml_geometry_csv_action
BootPass_109,177,9,9,Position_Unknown,Team_Unknown,Action_PreSnap,843.88,684.08,882.85,765.59,38.97000000000003,81.50999999999999,xml_geometry_csv_action
BootPass_109,178,0,0,Position_Unknown,Team_Unknown,Action_PreSnap,1603.55,772.91,1643.15,843.8,39.600000000000136,70.88999999999999,xml_geometry_csv_action
BootPass_109,178,1,1,Position_Unknown,Team_Unknown,Action_PreSnap,1204.22,710.66,1238.51,782.38,34.289999999999964,71.72000000000003,xml_geometry_csv_action
BootPass_109,178,13,13,Position_Unknown,Team_Unknown,Action_PreSnap,589.92,472.1,625.32,537.41,35.40000000000009,65.30999999999995,xml_geometry_csv_action
BootPass_109,178,15,15,Position_Unknown,Team_Unknown,Action_PreSnap,1260.18,668.12,1291.6,737.39,31.419999999999845,69.26999999999998,xml_geometry_csv_action
BootPass_109,178,2,2,Position_Unknown,Team_Unknown,Action_PreSnap,640.25,790.66,675.03,874.33,34.77999999999997,83.67000000000007,xml_geometry_csv_action
BootPass_109,178,20,20,Position_Unknown,Team_Unknown,Action_PreSnap,582.5,575.31,615.29,643.14,32.789999999999964,67.83000000000004,xml_geometry_csv_action
BootPass_109,178,22,21,Position_Unknown,Team_Unknown,Action_None,318.35,499.47,352.01,550.24,33.65999999999997,50.76999999999998,xml_geometry_csv_action
BootPass_109,178,29,24,Position_Unknown,Team_Unknown,Action_PreSnap,183.03,658.05,217.71,728.61,34.68000000000001,70.56000000000006,xml_geometry_csv_action
BootPass_109,178,31,25,Position_Unknown,Team_Unknown,Action_PreSnap,661.04,596.06,695.32,657.57,34.280000000000086,61.510000000000105,xml_geometry_csv_action
BootPass_109,178,34,27,Position_Unknown,Team_Unknown,Action_None,1078.06,572.35,1107.65,634.21,29.590000000000146,61.860000000000014,xml_geometry_csv_action
BootPass_109,178,4,4,Position_Unknown,Team_Unknown,Action_PreSnap,674.86,670.11,708.21,744.07,33.35000000000002,73.96000000000004,xml_geometry_csv_action
BootPass_109,178,5,5,Position_Unknown,Team_Unknown,Action_PreSnap,702.92,777.04,744.35,849.62,41.430000000000064,72.58000000000004,xml_geometry_csv_action
BootPass_109,178,7,7,Position_Unknown,Team_Unknown,Action_PreSnap,421.39,415.86,445.39,475.12,24.0,59.25999999999999,xml_geometry_csv_action
BootPass_109,178,8,8,Position_Unknown,Team_Unknown,Action_PreSnap,104.31,679.72,146.51,753.21,42.19999999999999,73.49000000000001,xml_geometry_csv_action
BootPass_109,178,9,9,Position_Unknown,Team_Unknown,Action_PreSnap,844.35,686.15,881.88,757.53,37.52999999999997,71.38,xml_geometry_csv_action
BootPass_109,179,0,0,Position_Unknown,Team_Unknown,Action_PreSnap,1601.32,767.17,1642.12,841.09,40.799999999999955,73.92000000000007,xml_geometry_csv_action
BootPass_109,179,1,1,Position_Unknown,Team_Unknown,Action_PreSnap,1200.16,712.93,1234.52,784.65,34.3599999999999,71.72000000000003,xml_geometry_csv_action
BootPass_109,179,13,13,Position_Unknown,Team_Unknown,Action_PreSnap,587.01,470.72,620.4,537.59,33.389999999999986,66.87,xml_geometry_csv_action
BootPass_109,179,15,15,Position_Unknown,Team_Unknown,Action_PreSnap,1256.67,671.73,1288.67,739.62,32.0,67.88999999999999,xml_geometry_csv_action
BootPass_109,179,2,2,Position_Unknown,Team_Unknown,Action_PreSnap,641.01,792.05,675.96,874.4,34.950000000000045,82.35000000000002,xml_geometry_csv_action
BootPass_109,179,20,20,Position_Unknown,Team_Unknown,Action_PreSnap,582.4,574.57,616.04,643.14,33.639999999999986,68.56999999999994,xml_geometry_csv_action
BootPass_109,179,22,21,Position_Unknown,Team_Unknown,Action_None,314.9,499.12,347.92,549.78,33.02000000000004,50.65999999999997,xml_geometry_csv_action
BootPass_109,179,24,22,Position_Unknown,Team_Unknown,Action_PreSnap,643.27,660.96,680.89,737.57,37.620000000000005,76.61000000000001,xml_geometry_csv_action
BootPass_109,179,29,24,Position_Unknown,Team_Unknown,Action_PreSnap,179.98,657.71,213.89,730.18,33.91,72.46999999999991,xml_geometry_csv_action
BootPass_109,179,31,25,Position_Unknown,Team_Unknown,Action_PreSnap,662.85,596.62,696.86,660.05,34.00999999999999,63.42999999999995,xml_geometry_csv_action
BootPass_109,179,34,27,Position_Unknown,Team_Unknown,Action_None,1078.56,573.61,1108.7,634.71,30.1400000000001,61.10000000000002,xml_geometry_csv_action
BootPass_109,179,4,4,Position_Unknown,Team_Unknown,Action_PreSnap,674.87,671.67,708.45,743.45,33.58000000000004,71.78000000000009,xml_geometry_csv_action
BootPass_109,179,5,5,Position_Unknown,Team_Unknown,Action_PreSnap,705.89,775.89,747.24,853.8,41.35000000000002,77.90999999999997,xml_geometry_csv_action
BootPass_109,179,7,7,Position_Unknown,Team_Unknown,Action_PreSnap,421.19,416.77,445.16,475.83,23.970000000000027,59.06,xml_geometry_csv_action
BootPass_109,179,8,8,Position_Unknown,Team_Unknown,Action_PreSnap,97.34,685.76,138.39,761.26,41.04999999999998,75.5,xml_geometry_csv_action
BootPass_109,179,9,9,Position_Unknown,Team_Unknown,Action_PreSnap,841.8,687.15,881.57,754.93,39.770000000000095,67.77999999999997,xml_geometry_csv_action
BootPass_109,180,1,1,Position_Unknown,Team_Unknown,Action_PreSnap,1195.6,716.77,1229.42,787.08,33.820000000000164,70.31000000000006,xml_geometry_csv_action
BootPass_109,180,13,13,Position_Unknown,Team_Unknown,Action_PreSnap,584.31,470.05,615.66,536.89,31.350000000000023,66.83999999999997,xml_geometry_csv_action
BootPass_109,180,15,15,Position_Unknown,Team_Unknown,Action_PreSnap,1254.14,675.47,1284.0,740.73,29.8599999999999,65.25999999999999,xml_geometry_csv_action
BootPass_109,180,2,2,Position_Unknown,Team_Unknown,Action_PreSnap,642.86,792.64,677.31,872.51,34.44999999999993,79.87,xml_geometry_csv_action
BootPass_109,180,20,20,Position_Unknown,Team_Unknown,Action_PreSnap,581.59,574.95,615.77,644.22,34.17999999999995,69.26999999999998,xml_geometry_csv_action
BootPass_109,180,22,21,Position_Unknown,Team_Unknown,Action_None,311.08,499.98,344.53,552.83,33.44999999999999,52.85000000000002,xml_geometry_csv_action
BootPass_109,180,24,22,Position_Unknown,Team_Unknown,Action_PreSnap,645.14,664.23,682.43,736.73,37.289999999999964,72.5,xml_geometry_csv_action
BootPass_109,180,29,24,Position_Unknown,Team_Unknown,Action_PreSnap,177.66,661.59,209.55,732.29,31.890000000000015,70.69999999999993,xml_geometry_csv_action
BootPass_109,180,31,25,Position_Unknown,Team_Unknown,Action_PreSnap,664.66,599.13,697.85,663.08,33.190000000000055,63.950000000000045,xml_geometry_csv_action
BootPass_109,180,34,27,Position_Unknown,Team_Unknown,Action_None,1079.97,574.77,1110.2,635.93,30.230000000000018,61.15999999999997,xml_geometry_csv_action
BootPass_109,180,4,4,Position_Unknown,Team_Unknown,Action_PreSnap,674.89,673.78,708.12,746.3,33.23000000000002,72.51999999999998,xml_geometry_csv_action
BootPass_109,180,5,5,Position_Unknown,Team_Unknown,Action_PreSnap,709.9,779.11,749.75,859.13,39.85000000000002,80.01999999999998,xml_geometry_csv_action
BootPass_109,180,7,7,Position_Unknown,Team_Unknown,Action_PreSnap,421.29,418.05,445.06,477.01,23.769999999999982,58.95999999999998,xml_geometry_csv_action
BootPass_109,180,8,8,Position_Unknown,Team_Unknown,Action_PreSnap,94.67,687.42,135.23,764.83,40.55999999999999,77.41000000000008,xml_geometry_csv_action
BootPass_109,180,9,9,Position_Unknown,Team_Unknown,Action_PreSnap,840.43,688.1,879.37,754.13,38.940000000000055,66.02999999999997,xml_geometry_csv_action
BootPass_109,181,0,0,Position_Unknown,Team_Unknown,Action_PreSnap,1596.74,763.05,1640.18,841.33,43.440000000000055,78.28000000000009,xml_geometry_csv_action
BootPass_109,181,1,1,Position_Unknown,Team_Unknown,Action_PreSnap,1191.39,719.77,1224.98,787.36,33.58999999999992,67.59000000000003,xml_geometry_csv_action
BootPass_109,181,13,13,Position_Unknown,Team_Unknown,Action_PreSnap,582.06,469.17,611.72,536.87,29.660000000000082,67.69999999999999,xml_geometry_csv_action
BootPass_109,181,15,15,Position_Unknown,Team_Unknown,Action_PreSnap,1249.99,678.66,1279.43,741.89,29.440000000000055,63.23000000000002,xml_geometry_csv_action
BootPass_109,181,2,2,Position_Unknown,Team_Unknown,Action_PreSnap,643.36,792.02,679.45,870.3,36.09000000000003,78.27999999999997,xml_geometry_csv_action
BootPass_109,181,20,20,Position_Unknown,Team_Unknown,Action_PreSnap,578.17,580.26,612.11,648.16,33.940000000000055,67.89999999999998,xml_geometry_csv_action
BootPass_109,181,22,21,Position_Unknown,Team_Unknown,Action_None,308.34,501.34,341.36,553.76,33.02000000000004,52.420000000000016,xml_geometry_csv_action
BootPass_109,181,24,22,Position_Unknown,Team_Unknown,Action_PreSnap,645.62,665.68,682.07,738.21,36.450000000000045,72.53000000000009,xml_geometry_csv_action
BootPass_109,181,29,24,Position_Unknown,Team_Unknown,Action_PreSnap,176.47,663.8,207.96,733.02,31.49000000000001,69.22000000000003,xml_geometry_csv_action
BootPass_109,181,31,25,Position_Unknown,Team_Unknown,Action_PreSnap,662.77,600.96,698.91,665.64,36.139999999999986,64.67999999999995,xml_geometry_csv_action
BootPass_109,181,34,27,Position_Unknown,Team_Unknown,Action_None,1081.35,575.95,1112.35,637.6,31.0,61.64999999999998,xml_geometry_csv_action
BootPass_109,181,4,4,Position_Unknown,Team_Unknown,Action_PreSnap,675.58,675.41,708.4,750.49,32.819999999999936,75.08000000000004,xml_geometry_csv_action
BootPass_109,181,5,5,Position_Unknown,Team_Unknown,Action_PreSnap,713.88,777.99,750.66,862.8,36.77999999999997,84.80999999999995,xml_geometry_csv_action
BootPass_109,181,7,7,Position_Unknown,Team_Unknown,Action_PreSnap,421.48,419.19,444.93,477.45,23.44999999999999,58.25999999999999,xml_geometry_csv_action
BootPass_109,181,8,8,Position_Unknown,Team_Unknown,Action_PreSnap,92.72,676.34,128.03,733.04,35.31,56.69999999999993,xml_geometry_csv_action
BootPass_109,181,9,9,Position_Unknown,Team_Unknown,Action_PreSnap,838.23,689.41,878.11,755.52,39.879999999999995,66.11000000000001,xml_geometry_csv_action
BootPass_109,182,0,0,Position_Unknown,Team_Unknown,Action_PreSnap,1593.53,760.7,1638.0,840.84,44.47000000000003,80.13999999999999,xml_geometry_csv_action
BootPass_109,182,1,1,Position_Unknown,Team_Unknown,Action_PreSnap,1187.26,721.75,1220.32,788.57,33.059999999999945,66.82000000000005,xml_geometry_csv_action
BootPass_109,182,12,12,Position_Unknown,Team_Unknown,Action_PreSnap,97.18,691.08,133.93,764.51,36.75,73.42999999999995,xml_geometry_csv_action
BootPass_109,182,15,15,Position_Unknown,Team_Unknown,Action_PreSnap,1244.75,681.13,1274.73,744.45,29.980000000000018,63.32000000000005,xml_geometry_csv_action
BootPass_109,182,2,2,Position_Unknown,Team_Unknown,Action_PreSnap,644.71,791.19,681.59,867.12,36.879999999999995,75.92999999999995,xml_geometry_csv_action
BootPass_109,182,20,20,Position_Unknown,Team_Unknown,Action_PreSnap,576.05,583.03,609.7,650.24,33.65000000000009,67.21000000000004,xml_geometry_csv_action
BootPass_109,182,22,21,Position_Unknown,Team_Unknown,Action_None,305.18,502.92,337.9,554.15,32.71999999999997,51.22999999999996,xml_geometry_csv_action
BootPass_109,182,24,22,Position_Unknown,Team_Unknown,Action_PreSnap,648.56,666.02,682.83,728.97,34.270000000000095,62.950000000000045,xml_geometry_csv_action
BootPass_109,182,29,24,Position_Unknown,Team_Unknown,Action_PreSnap,174.96,665.64,205.82,734.03,30.859999999999985,68.38999999999999,xml_geometry_csv_action
BootPass_109,182,31,25,Position_Unknown,Team_Unknown,Action_PreSnap,665.66,602.0,699.48,666.35,33.82000000000005,64.35000000000002,xml_geometry_csv_action
BootPass_109,182,34,27,Position_Unknown,Team_Unknown,Action_None,1082.88,578.31,1113.43,639.58,30.549999999999955,61.270000000000095,xml_geometry_csv_action
BootPass_109,182,4,4,Position_Unknown,Team_Unknown,Action_PreSnap,676.09,676.82,707.4,753.47,31.309999999999945,76.64999999999998,xml_geometry_csv_action
BootPass_109,182,5,5,Position_Unknown,Team_Unknown,Action_PreSnap,716.56,777.71,750.66,861.22,34.10000000000002,83.50999999999999,xml_geometry_csv_action
BootPass_109,182,6,6,Position_Unknown,Team_Unknown,Action_PreSnap,532.16,429.48,556.73,486.68,24.57000000000005,57.19999999999999,xml_geometry_csv_action
BootPass_109,182,7,7,Position_Unknown,Team_Unknown,Action_PreSnap,421.46,420.17,444.86,478.2,23.400000000000034,58.02999999999997,xml_geometry_csv_action
BootPass_109,182,8,8,Position_Unknown,Team_Unknown,Action_PreSnap,89.43,670.74,122.86,720.83,33.42999999999999,50.09000000000003,xml_geometry_csv_action
BootPass_109,182,9,9,Position_Unknown,Team_Unknown,Action_PreSnap,838.67,690.98,876.37,760.08,37.700000000000045,69.10000000000002,xml_geometry_csv_action
BootPass_109,183,0,0,Position_Unknown,Team_Unknown,Action_PreSnap,1592.77,759.21,1636.9,841.13,44.13000000000011,81.91999999999996,xml_geometry_csv_action
BootPass_109,183,1,1,Position_Unknown,Team_Unknown,Action_PreSnap,1184.23,723.78,1216.88,791.02,32.65000000000009,67.24000000000001,xml_geometry_csv_action
BootPass_109,183,12,12,Position_Unknown,Team_Unknown,Action_PreSnap,94.1,691.3,128.86,764.45,34.76000000000002,73.15000000000009,xml_geometry_csv_action
BootPass_109,183,15,15,Position_Unknown,Team_Unknown,Action_PreSnap,1241.58,684.4,1271.79,749.17,30.210000000000036,64.76999999999998,xml_geometry_csv_action
BootPass_109,183,2,2,Position_Unknown,Team_Unknown,Action_PreSnap,646.37,791.61,683.72,867.15,37.35000000000002,75.53999999999996,xml_geometry_csv_action
BootPass_109,183,20,20,Position_Unknown,Team_Unknown,Action_PreSnap,575.27,586.73,607.2,650.96,31.930000000000064,64.23000000000002,xml_geometry_csv_action
BootPass_109,183,22,21,Position_Unknown,Team_Unknown,Action_None,301.84,503.99,335.37,554.68,33.53000000000003,50.68999999999994,xml_geometry_csv_action
BootPass_109,183,24,22,Position_Unknown,Team_Unknown,Action_PreSnap,652.97,665.77,685.01,731.4,32.039999999999964,65.63,xml_geometry_csv_action
BootPass_109,183,29,24,Position_Unknown,Team_Unknown,Action_PreSnap,171.81,665.34,202.85,733.15,31.039999999999992,67.80999999999995,xml_geometry_csv_action
BootPass_109,183,31,25,Position_Unknown,Team_Unknown,Action_PreSnap,669.56,602.5,700.93,666.16,31.370000000000005,63.65999999999997,xml_geometry_csv_action
BootPass_109,183,34,27,Position_Unknown,Team_Unknown,Action_None,1087.03,580.58,1115.45,642.9,28.420000000000073,62.319999999999936,xml_geometry_csv_action
BootPass_109,183,4,4,Position_Unknown,Team_Unknown,Action_PreSnap,675.4,679.27,706.06,755.35,30.659999999999968,76.08000000000004,xml_geometry_csv_action
BootPass_109,183,5,5,Position_Unknown,Team_Unknown,Action_PreSnap,718.81,778.4,751.93,852.99,33.120000000000005,74.59000000000003,xml_geometry_csv_action
BootPass_109,183,6,6,Position_Unknown,Team_Unknown,Action_PreSnap,530.02,429.41,553.59,485.6,23.57000000000005,56.19,xml_geometry_csv_action
BootPass_109,183,7,7,Position_Unknown,Team_Unknown,Action_PreSnap,421.22,420.86,444.43,477.99,23.20999999999998,57.129999999999995,xml_geometry_csv_action
BootPass_109,183,8,8,Position_Unknown,Team_Unknown,Action_PreSnap,84.46,668.71,117.43,724.18,32.97000000000001,55.469999999999914,xml_geometry_csv_action
BootPass_109,183,9,9,Position_Unknown,Team_Unknown,Action_PreSnap,838.93,692.9,874.96,765.78,36.030000000000086,72.88,xml_geometry_csv_action
BootPass_109,184,0,0,Position_Unknown,Team_Unknown,Action_PreSnap,1595.73,757.62,1638.3,841.24,42.569999999999936,83.62,xml_geometry_csv_action
BootPass_109,184,1,1,Position_Unknown,Team_Unknown,Action_PreSnap,1181.38,726.07,1215.74,794.39,34.3599999999999,68.31999999999994,xml_geometry_csv_action
BootPass_109,184,12,12,Position_Unknown,Team_Unknown,Action_PreSnap,90.83,700.82,122.25,766.7,31.42,65.88,xml_geometry_csv_action
BootPass_109,184,15,15,Position_Unknown,Team_Unknown,Action_PreSnap,1239.33,687.57,1270.79,754.36,31.460000000000036,66.78999999999996,xml_geometry_csv_action
BootPass_109,184,2,2,Position_Unknown,Team_Unknown,Action_PreSnap,646.64,792.47,685.77,871.0,39.129999999999995,78.52999999999997,xml_geometry_csv_action
BootPass_109,184,20,20,Position_Unknown,Team_Unknown,Action_PreSnap,572.27,588.91,604.18,653.2,31.909999999999968,64.29000000000008,xml_geometry_csv_action
BootPass_109,184,22,21,Position_Unknown,Team_Unknown,Action_None,298.41,504.08,331.02,554.24,32.60999999999996,50.160000000000025,xml_geometry_csv_action
BootPass_109,184,24,22,Position_Unknown,Team_Unknown,Action_PreSnap,653.95,666.15,686.88,734.21,32.92999999999995,68.06000000000006,xml_geometry_csv_action
BootPass_109,184,29,24,Position_Unknown,Team_Unknown,Action_PreSnap,166.7,665.3,198.69,734.52,31.99000000000001,69.22000000000003,xml_geometry_csv_action
BootPass_109,184,31,25,Position_Unknown,Team_Unknown,Action_PreSnap,671.75,602.49,701.97,667.18,30.220000000000027,64.68999999999994,xml_geometry_csv_action
BootPass_109,184,34,27,Position_Unknown,Team_Unknown,Action_None,1090.57,582.75,1118.29,645.16,27.720000000000027,62.40999999999997,xml_geometry_csv_action
BootPass_109,184,4,4,Position_Unknown,Team_Unknown,Action_PreSnap,674.45,679.62,705.02,757.49,30.569999999999936,77.87,xml_geometry_csv_action
BootPass_109,184,5,5,Position_Unknown,Team_Unknown,Action_PreSnap,718.96,779.92,754.53,854.37,35.569999999999936,74.45000000000005,xml_geometry_csv_action
BootPass_109,184,6,6,Position_Unknown,Team_Unknown,Action_PreSnap,526.63,428.18,550.68,485.26,24.049999999999955,57.079999999999984,xml_geometry_csv_action
BootPass_109,184,7,7,Position_Unknown,Team_Unknown,Action_PreSnap,419.34,420.83,443.02,478.05,23.680000000000007,57.22000000000003,xml_geometry_csv_action
BootPass_109,184,8,8,Position_Unknown,Team_Unknown,Action_PreSnap,76.0,667.98,111.49,726.38,35.489999999999995,58.39999999999998,xml_geometry_csv_action
BootPass_109,184,9,9,Position_Unknown,Team_Unknown,Action_PreSnap,839.38,695.82,874.04,773.43,34.65999999999997,77.6099999999999,xml_geometry_csv_action
BootPass_109,185,0,0,Position_Unknown,Team_Unknown,Action_PreSnap,1598.69,756.41,1639.22,841.66,40.52999999999997,85.25,xml_geometry_csv_action
BootPass_109,185,1,1,Position_Unknown,Team_Unknown,Action_PreSnap,1179.28,729.68,1214.43,797.64,35.15000000000009,67.96000000000004,xml_geometry_csv_action
BootPass_109,185,12,12,Position_Unknown,Team_Unknown,Action_PreSnap,87.86,696.76,117.69,767.31,29.83,70.54999999999995,xml_geometry_csv_action
BootPass_109,185,15,15,Position_Unknown,Team_Unknown,Action_PreSnap,1238.9,691.14,1270.54,758.75,31.639999999999873,67.61000000000001,xml_geometry_csv_action
BootPass_109,185,2,2,Position_Unknown,Team_Unknown,Action_PreSnap,647.73,793.71,687.73,873.34,40.0,79.63,xml_geometry_csv_action
BootPass_109,185,22,21,Position_Unknown,Team_Unknown,Action_None,294.3,503.89,326.22,553.74,31.920000000000016,49.85000000000002,xml_geometry_csv_action
BootPass_109,185,24,22,Position_Unknown,Team_Unknown,Action_PreSnap,652.93,666.61,686.58,735.09,33.65000000000009,68.48000000000002,xml_geometry_csv_action
BootPass_109,185,29,24,Position_Unknown,Team_Unknown,Action_PreSnap,162.26,666.41,193.76,735.5,31.5,69.09000000000003,xml_geometry_csv_action
BootPass_109,185,31,25,Position_Unknown,Team_Unknown,Action_PreSnap,672.67,601.98,702.42,665.72,29.75,63.74000000000001,xml_geometry_csv_action
BootPass_109,185,34,27,Position_Unknown,Team_Unknown,Action_None,1094.15,584.84,1121.37,646.4,27.2199999999998,61.559999999999945,xml_geometry_csv_action
BootPass_109,185,4,4,Position_Unknown,Team_Unknown,Action_PreSnap,673.4,680.84,704.1,758.55,30.700000000000045,77.70999999999992,xml_geometry_csv_action
BootPass_109,185,5,5,Position_Unknown,Team_Unknown,Action_PreSnap,719.72,780.71,756.92,854.62,37.19999999999993,73.90999999999997,xml_geometry_csv_action
BootPass_109,185,6,6,Position_Unknown,Team_Unknown,Action_PreSnap,523.27,427.34,547.84,485.21,24.57000000000005,57.870000000000005,xml_geometry_csv_action
BootPass_109,185,7,7,Position_Unknown,Team_Unknown,Action_PreSnap,417.63,420.56,441.97,477.74,24.340000000000032,57.18000000000001,xml_geometry_csv_action
BootPass_109,185,8,8,Position_Unknown,Team_Unknown,Action_PreSnap,68.22,667.76,102.44,727.67,34.22,59.90999999999997,xml_geometry_csv_action
BootPass_109,185,9,9,Position_Unknown,Team_Unknown,Action_PreSnap,838.75,699.64,872.35,777.38,33.60000000000002,77.74000000000001,xml_geometry_csv_action
BootPass_109,186,0,0,Position_Unknown,Team_Unknown,Action_PreSnap,1601.82,756.12,1639.91,840.72,38.090000000000146,84.60000000000002,xml_geometry_csv_action
BootPass_109,186,1,1,Position_Unknown,Team_Unknown,Action_PreSnap,1177.47,733.65,1212.8,800.37,35.32999999999993,66.72000000000003,xml_geometry_csv_action
BootPass_109,186,12,12,Position_Unknown,Team_Unknown,Action_PreSnap,84.72,693.5,114.56,767.91,29.840000000000003,74.40999999999997,xml_geometry_csv_action
BootPass_109,186,15,15,Position_Unknown,Team_Unknown,Action_PreSnap,1239.67,694.89,1271.67,761.28,32.0,66.38999999999999,xml_geometry_csv_action
BootPass_109,186,2,2,Position_Unknown,Team_Unknown,Action_PreSnap,652.27,795.31,690.41,875.38,38.139999999999986,80.07000000000005,xml_geometry_csv_action
BootPass_109,186,22,21,Position_Unknown,Team_Unknown,Action_None,290.78,503.64,323.19,555.52,32.410000000000025,51.879999999999995,xml_geometry_csv_action
BootPass_109,186,24,22,Position_Unknown,Team_Unknown,Action_PreSnap,657.79,666.67,692.18,727.09,34.389999999999986,60.42000000000007,xml_geometry_csv_action
BootPass_109,186,29,24,Position_Unknown,Team_Unknown,Action_PreSnap,158.39,667.07,189.14,733.87,30.75,66.79999999999995,xml_geometry_csv_action
BootPass_109,186,31,25,Position_Unknown,Team_Unknown,Action_PreSnap,674.35,601.82,703.32,664.03,28.970000000000027,62.20999999999992,xml_geometry_csv_action
BootPass_109,186,34,27,Position_Unknown,Team_Unknown,Action_None,1097.96,586.45,1125.34,648.16,27.37999999999988,61.70999999999992,xml_geometry_csv_action
BootPass_109,186,4,4,Position_Unknown,Team_Unknown,Action_PreSnap,675.41,686.2,704.79,761.19,29.379999999999995,74.99000000000001,xml_geometry_csv_action
BootPass_109,186,5,5,Position_Unknown,Team_Unknown,Action_PreSnap,720.51,781.06,761.08,855.81,40.57000000000005,74.75,xml_geometry_csv_action
BootPass_109,186,6,6,Position_Unknown,Team_Unknown,Action_PreSnap,520.46,427.42,545.06,483.91,24.59999999999991,56.49000000000001,xml_geometry_csv_action
BootPass_109,186,7,7,Position_Unknown,Team_Unknown,Action_PreSnap,416.78,420.07,441.18,476.47,24.400000000000034,56.400000000000034,xml_geometry_csv_action
BootPass_109,186,8,8,Position_Unknown,Team_Unknown,Action_PreSnap,59.84,668.14,93.0,729.33,33.16,61.190000000000055,xml_geometry_csv_action
BootPass_109,186,9,9,Position_Unknown,Team_Unknown,Action_PreSnap,838.04,703.63,870.55,780.29,32.50999999999999,76.65999999999997,xml_geometry_csv_action
BootPass_109,187,0,0,Position_Unknown,Team_Unknown,Action_PreSnap,1606.81,755.83,1643.02,839.18,36.210000000000036,83.34999999999991,xml_geometry_csv_action
BootPass_109,187,1,1,Position_Unknown,Team_Unknown,Action_PreSnap,1175.66,737.8,1211.71,801.95,36.049999999999955,64.15000000000009,xml_geometry_csv_action
BootPass_109,187,12,12,Position_Unknown,Team_Unknown,Action_PreSnap,82.34,689.74,111.99,766.14,29.64999999999999,76.39999999999998,xml_geometry_csv_action
BootPass_109,187,15,15,Position_Unknown,Team_Unknown,Action_PreSnap,1240.46,698.14,1273.11,763.27,32.649999999999864,65.13,xml_geometry_csv_action
BootPass_109,187,2,2,Position_Unknown,Team_Unknown,Action_PreSnap,654.63,796.97,693.46,879.09,38.83000000000004,82.12,xml_geometry_csv_action
BootPass_109,187,22,21,Position_Unknown,Team_Unknown,Action_None,288.39,502.35,320.69,555.63,32.30000000000001,53.27999999999997,xml_geometry_csv_action
BootPass_109,187,29,24,Position_Unknown,Team_Unknown,Action_PreSnap,155.06,668.25,186.15,734.67,31.090000000000003,66.41999999999996,xml_geometry_csv_action
BootPass_109,187,31,25,Position_Unknown,Team_Unknown,Action_PreSnap,675.35,602.59,705.14,664.57,29.789999999999964,61.98000000000002,xml_geometry_csv_action
BootPass_109,187,34,27,Position_Unknown,Team_Unknown,Action_None,1103.51,587.76,1130.26,649.76,26.75,62.0,xml_geometry_csv_action
BootPass_109,187,4,4,Position_Unknown,Team_Unknown,Action_PreSnap,676.49,691.21,705.37,763.1,28.879999999999995,71.88999999999999,xml_geometry_csv_action
BootPass_109,187,5,5,Position_Unknown,Team_Unknown,Action_PreSnap,724.88,780.66,766.69,858.82,41.81000000000006,78.16000000000008,xml_geometry_csv_action
BootPass_109,187,7,7,Position_Unknown,Team_Unknown,Action_PreSnap,415.56,419.23,440.14,475.99,24.579999999999984,56.75999999999999,xml_geometry_csv_action
BootPass_109,187,8,8,Position_Unknown,Team_Unknown,Action_PreSnap,51.08,669.14,85.45,734.08,34.370000000000005,64.94000000000005,xml_geometry_csv_action
BootPass_109,187,9,9,Position_Unknown,Team_Unknown,Action_PreSnap,838.19,708.5,870.03,781.31,31.839999999999918,72.80999999999995,xml_geometry_csv_action
BootPass_109,188,0,0,Position_Unknown,Team_Unknown,Action_PreSnap,1611.76,756.26,1646.24,840.12,34.48000000000002,83.86000000000001,xml_geometry_csv_action
BootPass_109,188,1,1,Position_Unknown,Team_Unknown,Action_PreSnap,1175.16,742.25,1209.37,803.63,34.20999999999981,61.379999999999995,xml_geometry_csv_action
BootPass_109,188,12,12,Position_Unknown,Team_Unknown,Action_PreSnap,78.73,692.09,108.5,771.46,29.769999999999996,79.37,xml_geometry_csv_action
BootPass_109,188,15,15,Position_Unknown,Team_Unknown,Action_PreSnap,1241.45,700.52,1273.28,762.63,31.829999999999927,62.110000000000014,xml_geometry_csv_action
BootPass_109,188,2,2,Position_Unknown,Team_Unknown,Action_PreSnap,657.42,799.63,696.77,882.48,39.35000000000002,82.85000000000002,xml_geometry_csv_action
BootPass_109,188,20,20,Position_Unknown,Team_Unknown,Action_PreSnap,571.83,590.33,601.88,657.8,30.049999999999955,67.46999999999991,xml_geometry_csv_action
BootPass_109,188,22,21,Position_Unknown,Team_Unknown,Action_None,285.36,501.46,318.4,556.01,33.039999999999964,54.55000000000001,xml_geometry_csv_action
BootPass_109,188,29,24,Position_Unknown,Team_Unknown,Action_PreSnap,151.42,669.54,182.78,737.16,31.360000000000014,67.62,xml_geometry_csv_action
BootPass_109,188,31,25,Position_Unknown,Team_Unknown,Action_PreSnap,677.13,602.98,706.7,667.21,29.57000000000005,64.23000000000002,xml_geometry_csv_action
BootPass_109,188,34,27,Position_Unknown,Team_Unknown,Action_None,1107.46,588.73,1136.06,651.8,28.59999999999991,63.069999999999936,xml_geometry_csv_action
BootPass_109,188,4,4,Position_Unknown,Team_Unknown,Action_PreSnap,678.12,689.76,706.92,761.37,28.799999999999955,71.61000000000001,xml_geometry_csv_action
BootPass_109,188,5,5,Position_Unknown,Team_Unknown,Action_PreSnap,731.21,780.98,771.27,861.25,40.059999999999945,80.26999999999998,xml_geometry_csv_action
BootPass_109,188,7,7,Position_Unknown,Team_Unknown,Action_PreSnap,414.93,418.42,439.69,475.64,24.75999999999999,57.21999999999997,xml_geometry_csv_action
BootPass_109,188,8,8,Position_Unknown,Team_Unknown,Action_PreSnap,44.3,670.7,78.41,736.78,34.11,66.07999999999993,xml_geometry_csv_action
BootPass_109,188,9,9,Position_Unknown,Team_Unknown,Action_PreSnap,839.04,712.52,870.13,782.41,31.090000000000032,69.88999999999999,xml_geometry_csv_action
BootPass_109,189,0,0,Position_Unknown,Team_Unknown,Action_PreSnap,1614.5,756.42,1650.04,838.75,35.539999999999964,82.33000000000004,xml_geometry_csv_action
BootPass_109,189,1,1,Position_Unknown,Team_Unknown,Action_PreSnap,1174.83,746.83,1207.96,806.37,33.13000000000011,59.539999999999964,xml_geometry_csv_action
BootPass_109,189,12,12,Position_Unknown,Team_Unknown,Action_PreSnap,75.53,695.6,106.65,775.58,31.120000000000005,79.98000000000002,xml_geometry_csv_action
BootPass_109,189,15,15,Position_Unknown,Team_Unknown,Action_PreSnap,1243.57,704.82,1275.83,769.36,32.25999999999999,64.53999999999996,xml_geometry_csv_action
BootPass_109,189,2,2,Position_Unknown,Team_Unknown,Action_PreSnap,660.33,801.88,698.49,884.42,38.15999999999997,82.53999999999996,xml_geometry_csv_action
BootPass_109,189,20,20,Position_Unknown,Team_Unknown,Action_PreSnap,572.0,590.67,602.14,659.66,30.139999999999986,68.99000000000001,xml_geometry_csv_action
BootPass_109,189,22,21,Position_Unknown,Team_Unknown,Action_None,282.59,500.96,315.42,556.77,32.83000000000004,55.81,xml_geometry_csv_action
BootPass_109,189,29,24,Position_Unknown,Team_Unknown,Action_PreSnap,147.48,671.06,178.89,739.09,31.409999999999997,68.03000000000009,xml_geometry_csv_action
BootPass_109,189,31,25,Position_Unknown,Team_Unknown,Action_PreSnap,678.35,603.1,707.62,669.54,29.269999999999982,66.43999999999994,xml_geometry_csv_action
BootPass_109,189,34,27,Position_Unknown,Team_Unknown,Action_None,1114.05,589.95,1141.86,653.1,27.809999999999945,63.14999999999998,xml_geometry_csv_action
BootPass_109,189,4,4,Position_Unknown,Team_Unknown,Action_PreSnap,679.59,687.46,707.76,757.58,28.16999999999996,70.12,xml_geometry_csv_action
BootPass_109,189,5,5,Position_Unknown,Team_Unknown,Action_PreSnap,735.96,781.29,775.14,863.12,39.17999999999995,81.83000000000004,xml_geometry_csv_action
BootPass_109,189,7,7,Position_Unknown,Team_Unknown,Action_PreSnap,414.75,417.93,439.2,475.21,24.44999999999999,57.27999999999997,xml_geometry_csv_action
BootPass_109,189,8,8,Position_Unknown,Team_Unknown,Action_PreSnap,35.96,672.62,72.65,741.57,36.690000000000005,68.95000000000005,xml_geometry_csv_action
BootPass_109,189,9,9,Position_Unknown,Team_Unknown,Action_PreSnap,840.3,715.8,871.3,784.43,31.0,68.63,xml_geometry_csv_action
BootPass_109,190,0,0,Position_Unknown,Team_Unknown,Action_PreSnap,1617.09,758.53,1656.28,838.16,39.190000000000055,79.63,xml_geometry_csv_action
BootPass_109,190,1,1,Position_Unknown,Team_Unknown,Action_PreSnap,1174.61,751.23,1207.39,808.69,32.7800000000002,57.460000000000036,xml_geometry_csv_action
BootPass_109,190,12,12,Position_Unknown,Team_Unknown,Action_PreSnap,73.15,698.71,104.56,778.49,31.409999999999997,79.77999999999997,xml_geometry_csv_action
BootPass_109,190,15,15,Position_Unknown,Team_Unknown,Action_PreSnap,1242.84,710.56,1275.37,774.08,32.52999999999997,63.520000000000095,xml_geometry_csv_action
BootPass_109,190,2,2,Position_Unknown,Team_Unknown,Action_PreSnap,663.44,803.28,700.89,883.31,37.44999999999993,80.02999999999997,xml_geometry_csv_action
BootPass_109,190,20,20,Position_Unknown,Team_Unknown,Action_PreSnap,574.34,589.79,604.28,660.2,29.93999999999994,70.41000000000008,xml_geometry_csv_action
BootPass_109,190,22,21,Position_Unknown,Team_Unknown,Action_None,280.13,500.0,311.57,557.54,31.439999999999998,57.539999999999964,xml_geometry_csv_action
BootPass_109,190,29,24,Position_Unknown,Team_Unknown,Action_PreSnap,143.53,672.42,174.93,741.03,31.400000000000006,68.61000000000001,xml_geometry_csv_action
BootPass_109,190,31,25,Position_Unknown,Team_Unknown,Action_PreSnap,679.72,604.5,709.95,671.81,30.230000000000018,67.30999999999995,xml_geometry_csv_action
BootPass_109,190,34,27,Position_Unknown,Team_Unknown,Action_None,1118.82,591.14,1147.43,655.04,28.610000000000127,63.89999999999998,xml_geometry_csv_action
BootPass_109,190,4,4,Position_Unknown,Team_Unknown,Action_PreSnap,681.03,689.11,709.52,757.06,28.49000000000001,67.94999999999993,xml_geometry_csv_action
BootPass_109,190,5,5,Position_Unknown,Team_Unknown,Action_PreSnap,741.91,781.9,780.18,864.67,38.26999999999998,82.76999999999998,xml_geometry_csv_action
BootPass_109,190,7,7,Position_Unknown,Team_Unknown,Action_PreSnap,414.04,417.31,438.66,474.9,24.620000000000005,57.589999999999975,xml_geometry_csv_action
BootPass_109,190,8,8,Position_Unknown,Team_Unknown,Action_PreSnap,28.27,673.44,65.31,744.04,37.040000000000006,70.59999999999991,xml_geometry_csv_action
BootPass_109,190,9,9,Position_Unknown,Team_Unknown,Action_PreSnap,842.24,717.88,873.21,787.82,30.970000000000027,69.94000000000005,xml_geometry_csv_action
BootPass_109,191,0,0,Position_Unknown,Team_Unknown,Action_PreSnap,1621.52,761.37,1663.56,839.69,42.039999999999964,78.32000000000005,xml_geometry_csv_action
BootPass_109,191,1,1,Position_Unknown,Team_Unknown,Action_PreSnap,1173.84,754.97,1205.44,811.21,31.600000000000136,56.24000000000001,xml_geometry_csv_action
BootPass_109,191,12,12,Position_Unknown,Team_Unknown,Action_PreSnap,70.37,702.09,101.7,780.85,31.33,78.75999999999999,xml_geometry_csv_action
BootPass_109,191,15,15,Position_Unknown,Team_Unknown,Action_PreSnap,1243.78,717.36,1275.51,778.9,31.730000000000018,61.539999999999964,xml_geometry_csv_action
BootPass_109,191,2,2,Position_Unknown,Team_Unknown,Action_PreSnap,665.83,804.77,703.42,884.25,37.58999999999992,79.48000000000002,xml_geometry_csv_action
BootPass_109,191,20,20,Position_Unknown,Team_Unknown,Action_PreSnap,576.29,589.47,605.84,658.59,29.550000000000068,69.12,xml_geometry_csv_action
BootPass_109,191,22,21,Position_Unknown,Team_Unknown,Action_None,278.05,499.5,308.54,558.32,30.49000000000001,58.82000000000005,xml_geometry_csv_action
BootPass_109,191,29,24,Position_Unknown,Team_Unknown,Action_PreSnap,140.35,672.71,171.34,742.39,30.99000000000001,69.67999999999995,xml_geometry_csv_action
BootPass_109,191,31,25,Position_Unknown,Team_Unknown,Action_PreSnap,681.66,605.65,712.11,673.49,30.450000000000045,67.84000000000003,xml_geometry_csv_action
BootPass_109,191,34,27,Position_Unknown,Team_Unknown,Action_None,1123.23,593.73,1152.23,657.49,29.0,63.75999999999999,xml_geometry_csv_action
BootPass_109,191,4,4,Position_Unknown,Team_Unknown,Action_PreSnap,681.68,690.24,711.51,758.75,29.83000000000004,68.50999999999999,xml_geometry_csv_action
BootPass_109,191,5,5,Position_Unknown,Team_Unknown,Action_PreSnap,749.91,783.29,785.05,866.19,35.139999999999986,82.90000000000009,xml_geometry_csv_action
BootPass_109,191,7,7,Position_Unknown,Team_Unknown,Action_PreSnap,413.63,416.85,438.34,474.24,24.70999999999998,57.389999999999986,xml_geometry_csv_action
BootPass_109,191,9,9,Position_Unknown,Team_Unknown,Action_PreSnap,842.53,718.96,874.09,791.08,31.56000000000006,72.12,xml_geometry_csv_action
BootPass_109,192,0,0,Position_Unknown,Team_Unknown,Action_PreSnap,1626.75,765.39,1668.87,841.49,42.11999999999989,76.10000000000002,xml_geometry_csv_action
BootPass_109,192,1,1,Position_Unknown,Team_Unknown,Action_PreSnap,1172.18,757.87,1202.95,812.7,30.769999999999982,54.83000000000004,xml_geometry_csv_action
BootPass_109,192,12,12,Position_Unknown,Team_Unknown,Action_PreSnap,66.8,705.81,97.68,784.16,30.88000000000001,78.35000000000002,xml_geometry_csv_action
BootPass_109,192,15,15,Position_Unknown,Team_Unknown,Action_PreSnap,1242.61,721.23,1273.93,782.03,31.320000000000164,60.799999999999955,xml_geometry_csv_action
BootPass_109,192,2,2,Position_Unknown,Team_Unknown,Action_PreSnap,668.56,805.75,706.81,883.55,38.25,77.79999999999995,xml_geometry_csv_action
BootPass_109,192,20,20,Position_Unknown,Team_Unknown,Action_PreSnap,577.8,588.94,606.93,657.93,29.129999999999995,68.9899999999999,xml_geometry_csv_action
BootPass_109,192,22,21,Position_Unknown,Team_Unknown,Action_None,276.07,499.87,305.25,558.65,29.180000000000007,58.77999999999997,xml_geometry_csv_action
BootPass_109,192,29,24,Position_Unknown,Team_Unknown,Action_PreSnap,137.29,672.84,167.18,742.94,29.890000000000015,70.10000000000002,xml_geometry_csv_action
BootPass_109,192,31,25,Position_Unknown,Team_Unknown,Action_PreSnap,686.19,606.0,714.81,674.14,28.61999999999989,68.13999999999999,xml_geometry_csv_action
BootPass_109,192,34,27,Position_Unknown,Team_Unknown,Action_None,1128.26,597.31,1156.51,658.5,28.25,61.190000000000055,xml_geometry_csv_action
BootPass_109,192,4,4,Position_Unknown,Team_Unknown,Action_PreSnap,681.69,693.51,712.39,765.59,30.699999999999932,72.08000000000004,xml_geometry_csv_action
BootPass_109,192,5,5,Position_Unknown,Team_Unknown,Action_PreSnap,755.87,784.61,787.96,866.38,32.09000000000003,81.76999999999998,xml_geometry_csv_action
BootPass_109,192,7,7,Position_Unknown,Team_Unknown,Action_PreSnap,413.33,416.33,437.84,473.35,24.50999999999999,57.02000000000004,xml_geometry_csv_action
BootPass_109,192,9,9,Position_Unknown,Team_Unknown,Action_PreSnap,843.19,720.53,874.79,793.22,31.59999999999991,72.69000000000005,xml_geometry_csv_action
BootPass_109,193,0,0,Position_Unknown,Team_Unknown,Action_PreSnap,1630.45,767.44,1674.43,844.07,43.98000000000002,76.63,xml_geometry_csv_action
BootPass_109,193,1,1,Position_Unknown,Team_Unknown,Action_PreSnap,1170.36,760.17,1200.82,814.34,30.460000000000036,54.17000000000007,xml_geometry_csv_action
BootPass_109,193,12,12,Position_Unknown,Team_Unknown,Action_PreSnap,63.12,709.65,94.17,784.43,31.050000000000004,74.77999999999997,xml_geometry_csv_action
BootPass_109,193,15,15,Position_Unknown,Team_Unknown,Action_PreSnap,1241.51,723.72,1272.88,783.72,31.37000000000012,60.0,xml_geometry_csv_action
BootPass_109,193,2,2,Position_Unknown,Team_Unknown,Action_PreSnap,671.35,806.51,709.7,884.64,38.35000000000002,78.13,xml_geometry_csv_action
BootPass_109,193,20,20,Position_Unknown,Team_Unknown,Action_PreSnap,578.6,591.79,607.04,657.92,28.43999999999994,66.13,xml_geometry_csv_action
BootPass_109,193,22,21,Position_Unknown,Team_Unknown,Action_None,273.01,500.51,301.31,559.12,28.30000000000001,58.610000000000014,xml_geometry_csv_action
BootPass_109,193,29,24,Position_Unknown,Team_Unknown,Action_PreSnap,134.25,673.59,163.82,744.02,29.569999999999993,70.42999999999995,xml_geometry_csv_action
BootPass_109,193,31,25,Position_Unknown,Team_Unknown,Action_PreSnap,691.64,606.41,718.82,673.48,27.180000000000064,67.07000000000005,xml_geometry_csv_action
BootPass_109,193,34,27,Position_Unknown,Team_Unknown,Action_None,1133.97,600.55,1161.1,659.93,27.12999999999988,59.379999999999995,xml_geometry_csv_action
BootPass_109,193,4,4,Position_Unknown,Team_Unknown,Action_PreSnap,683.52,697.79,714.8,772.02,31.279999999999973,74.23000000000002,xml_geometry_csv_action
BootPass_109,193,5,5,Position_Unknown,Team_Unknown,Action_PreSnap,761.33,785.35,790.89,864.34,29.559999999999945,78.99000000000001,xml_geometry_csv_action
BootPass_109,193,7,7,Position_Unknown,Team_Unknown,Action_PreSnap,412.91,416.04,437.17,472.46,24.25999999999999,56.41999999999996,xml_geometry_csv_action
BootPass_109,193,8,8,Position_Unknown,Team_Unknown,Action_PreSnap,15.73,679.56,45.91,747.85,30.179999999999996,68.29000000000008,xml_geometry_csv_action
BootPass_109,193,9,9,Position_Unknown,Team_Unknown,Action_PreSnap,844.97,722.65,876.15,794.96,31.17999999999995,72.31000000000006,xml_geometry_csv_action
BootPass_109,194,0,0,Position_Unknown,Team_Unknown,Action_PreSnap,1633.5,768.48,1677.08,844.58,43.57999999999993,76.10000000000002,xml_geometry_csv_action
BootPass_109,194,1,1,Position_Unknown,Team_Unknown,Action_PreSnap,1168.09,761.03,1198.86,814.98,30.769999999999982,53.950000000000045,xml_geometry_csv_action
BootPass_109,194,12,12,Position_Unknown,Team_Unknown,Action_PreSnap,60.96,712.89,91.85,779.58,30.889999999999993,66.69000000000005,xml_geometry_csv_action
BootPass_109,194,15,15,Position_Unknown,Team_Unknown,Action_PreSnap,1239.05,726.97,1270.19,784.26,31.1400000000001,57.289999999999964,xml_geometry_csv_action
BootPass_109,194,18,18,Position_Unknown,Team_Unknown,Action_PreSnap,327.88,486.13,358.5,549.21,30.620000000000005,63.08000000000004,xml_geometry_csv_action
BootPass_109,194,2,2,Position_Unknown,Team_Unknown,Action_PreSnap,674.81,806.5,712.51,885.89,37.700000000000045,79.38999999999999,xml_geometry_csv_action
BootPass_109,194,20,20,Position_Unknown,Team_Unknown,Action_PreSnap,580.33,591.2,608.9,657.49,28.569999999999936,66.28999999999996,xml_geometry_csv_action
BootPass_109,194,22,21,Position_Unknown,Team_Unknown,Action_None,270.1,500.91,297.7,560.39,27.599999999999966,59.47999999999996,xml_geometry_csv_action
BootPass_109,194,29,24,Position_Unknown,Team_Unknown,Action_PreSnap,131.65,673.95,160.98,743.54,29.329999999999984,69.58999999999992,xml_geometry_csv_action
BootPass_109,194,31,25,Position_Unknown,Team_Unknown,Action_PreSnap,696.03,606.53,722.22,671.69,26.190000000000055,65.16000000000008,xml_geometry_csv_action
BootPass_109,194,34,27,Position_Unknown,Team_Unknown,Action_None,1139.66,601.67,1166.04,660.43,26.37999999999988,58.75999999999999,xml_geometry_csv_action
BootPass_109,194,4,4,Position_Unknown,Team_Unknown,Action_PreSnap,685.53,698.82,717.12,774.26,31.590000000000032,75.43999999999994,xml_geometry_csv_action
BootPass_109,194,5,5,Position_Unknown,Team_Unknown,Action_PreSnap,764.21,785.68,794.27,863.43,30.059999999999945,77.75,xml_geometry_csv_action
BootPass_109,194,7,7,Position_Unknown,Team_Unknown,Action_PreSnap,412.15,415.79,437.08,471.55,24.930000000000007,55.75999999999999,xml_geometry_csv_action
BootPass_109,194,8,8,Position_Unknown,Team_Unknown,Action_PreSnap,15.29,680.33,42.12,745.59,26.83,65.25999999999999,xml_geometry_csv_action
BootPass_109,194,9,9,Position_Unknown,Team_Unknown,Action_PreSnap,847.51,724.48,878.12,792.81,30.610000000000014,68.32999999999993,xml_geometry_csv_action
BootPass_109,195,0,0,Position_Unknown,Team_Unknown,Action_PreSnap,1635.26,769.15,1678.72,845.76,43.460000000000036,76.61000000000001,xml_geometry_csv_action
BootPass_109,195,1,1,Position_Unknown,Team_Unknown,Action_PreSnap,1165.57,761.8,1197.35,815.57,31.779999999999973,53.770000000000095,xml_geometry_csv_action
BootPass_109,195,12,12,Position_Unknown,Team_Unknown,Action_PreSnap,58.45,714.94,90.49,775.94,32.03999999999999,61.0,xml_geometry_csv_action
BootPass_109,195,15,15,Position_Unknown,Team_Unknown,Action_PreSnap,1234.98,729.76,1268.81,787.83,33.82999999999993,58.07000000000005,xml_geometry_csv_action
BootPass_109,195,18,18,Position_Unknown,Team_Unknown,Action_PreSnap,326.53,485.52,357.69,549.48,31.160000000000025,63.960000000000036,xml_geometry_csv_action
BootPass_109,195,2,2,Position_Unknown,Team_Unknown,Action_PreSnap,677.09,806.52,717.21,892.03,40.120000000000005,85.50999999999999,xml_geometry_csv_action
BootPass_109,195,20,20,Position_Unknown,Team_Unknown,Action_PreSnap,581.07,591.87,610.41,658.4,29.339999999999918,66.52999999999997,xml_geometry_csv_action
BootPass_109,195,22,21,Position_Unknown,Team_Unknown,Action_None,266.59,501.53,295.45,561.49,28.860000000000014,59.960000000000036,xml_geometry_csv_action
BootPass_109,195,29,24,Position_Unknown,Team_Unknown,Action_PreSnap,127.6,674.13,157.59,744.82,29.99000000000001,70.69000000000005,xml_geometry_csv_action
BootPass_109,195,31,25,Position_Unknown,Team_Unknown,Action_PreSnap,699.72,605.88,725.18,670.48,25.459999999999923,64.60000000000002,xml_geometry_csv_action
BootPass_109,195,34,27,Position_Unknown,Team_Unknown,Action_None,1144.27,604.02,1170.81,662.07,26.539999999999964,58.05000000000007,xml_geometry_csv_action
BootPass_109,195,4,4,Position_Unknown,Team_Unknown,Action_PreSnap,687.45,699.12,718.94,774.81,31.49000000000001,75.68999999999994,xml_geometry_csv_action
BootPass_109,195,5,5,Position_Unknown,Team_Unknown,Action_PreSnap,768.66,786.49,797.95,864.35,29.290000000000077,77.86000000000001,xml_geometry_csv_action
BootPass_109,195,7,7,Position_Unknown,Team_Unknown,Action_PreSnap,411.15,414.96,436.88,470.86,25.730000000000018,55.900000000000034,xml_geometry_csv_action
BootPass_109,195,8,8,Position_Unknown,Team_Unknown,Action_PreSnap,8.25,680.24,37.73,744.63,29.479999999999997,64.38999999999999,xml_geometry_csv_action
BootPass_109,195,9,9,Position_Unknown,Team_Unknown,Action_PreSnap,850.16,726.62,880.11,790.71,29.950000000000045,64.09000000000003,xml_geometry_csv_action
BootPass_109,196,0,0,Position_Unknown,Team_Unknown,Action_PreSnap,1638.36,769.19,1682.36,845.2,44.0,76.00999999999999,xml_geometry_csv_action
BootPass_109,196,1,1,Position_Unknown,Team_Unknown,Action_PreSnap,1163.5,761.54,1195.73,815.69,32.23000000000002,54.15000000000009,xml_geometry_csv_action
BootPass_109,196,12,12,Position_Unknown,Team_Unknown,Action_PreSnap,55.6,716.14,88.46,776.91,32.85999999999999,60.76999999999998,xml_geometry_csv_action
BootPass_109,196,15,15,Position_Unknown,Team_Unknown,Action_PreSnap,1230.43,732.09,1267.75,790.62,37.319999999999936,58.52999999999997,xml_geometry_csv_action
BootPass_109,196,18,18,Position_Unknown,Team_Unknown,Action_PreSnap,323.97,484.41,355.92,549.08,31.94999999999999,64.67000000000002,xml_geometry_csv_action
BootPass_109,196,2,2,Position_Unknown,Team_Unknown,Action_PreSnap,680.13,806.51,720.66,895.4,40.52999999999997,88.88999999999999,xml_geometry_csv_action
BootPass_109,196,22,21,Position_Unknown,Team_Unknown,Action_None,263.28,501.32,292.9,560.61,29.620000000000005,59.29000000000002,xml_geometry_csv_action
BootPass_109,196,29,24,Position_Unknown,Team_Unknown,Action_PreSnap,124.18,674.67,154.37,745.26,30.189999999999998,70.59000000000003,xml_geometry_csv_action
BootPass_109,196,31,25,Position_Unknown,Team_Unknown,Action_PreSnap,703.2,604.92,728.66,667.86,25.459999999999923,62.940000000000055,xml_geometry_csv_action
BootPass_109,196,34,27,Position_Unknown,Team_Unknown,Action_None,1148.02,604.07,1176.16,663.38,28.1400000000001,59.309999999999945,xml_geometry_csv_action
BootPass_109,196,4,4,Position_Unknown,Team_Unknown,Action_PreSnap,690.12,703.5,721.43,778.99,31.309999999999945,75.49000000000001,xml_geometry_csv_action
BootPass_109,196,5,5,Position_Unknown,Team_Unknown,Action_PreSnap,772.08,785.78,803.14,866.48,31.059999999999945,80.70000000000005,xml_geometry_csv_action
BootPass_109,196,7,7,Position_Unknown,Team_Unknown,Action_PreSnap,410.51,413.69,436.4,469.77,25.889999999999986,56.079999999999984,xml_geometry_csv_action
BootPass_109,196,8,8,Position_Unknown,Team_Unknown,Action_PreSnap,2.43,681.08,33.05,745.59,30.619999999999997,64.50999999999999,xml_geometry_csv_action
BootPass_109,196,9,9,Position_Unknown,Team_Unknown,Action_PreSnap,851.92,727.78,882.06,790.78,30.139999999999986,63.0,xml_geometry_csv_action
BootPass_109,197,0,0,Position_Unknown,Team_Unknown,Action_PreSnap,1640.28,769.49,1684.8,844.2,44.51999999999998,74.71000000000004,xml_geometry_csv_action
BootPass_109,197,1,1,Position_Unknown,Team_Unknown,Action_PreSnap,1161.33,760.57,1193.71,814.94,32.38000000000011,54.370000000000005,xml_geometry_csv_action
BootPass_109,197,12,12,Position_Unknown,Team_Unknown,Action_PreSnap,53.9,716.1,87.13,776.91,33.23,60.809999999999945,xml_geometry_csv_action
BootPass_109,197,15,15,Position_Unknown,Team_Unknown,Action_PreSnap,1226.49,734.31,1264.43,793.14,37.940000000000055,58.83000000000004,xml_geometry_csv_action
BootPass_109,197,18,18,Position_Unknown,Team_Unknown,Action_PreSnap,322.72,483.61,354.21,548.68,31.489999999999952,65.06999999999994,xml_geometry_csv_action
BootPass_109,197,2,2,Position_Unknown,Team_Unknown,Action_PreSnap,682.72,807.3,724.32,898.33,41.60000000000002,91.03000000000009,xml_geometry_csv_action
BootPass_109,197,22,21,Position_Unknown,Team_Unknown,Action_None,260.59,500.73,290.35,560.17,29.760000000000048,59.43999999999994,xml_geometry_csv_action
BootPass_109,197,29,24,Position_Unknown,Team_Unknown,Action_PreSnap,121.08,675.14,151.76,746.06,30.679999999999993,70.91999999999996,xml_geometry_csv_action
BootPass_109,197,31,25,Position_Unknown,Team_Unknown,Action_PreSnap,706.64,604.39,732.26,666.54,25.620000000000005,62.14999999999998,xml_geometry_csv_action
BootPass_109,197,34,27,Position_Unknown,Team_Unknown,Action_None,1152.54,603.05,1182.24,665.21,29.700000000000045,62.16000000000008,xml_geometry_csv_action
BootPass_109,197,39,28,Position_Unknown,Team_Unknown,Action_SecureCatch,542.52,461.87,568.65,520.21,26.129999999999995,58.34000000000003,xml_geometry_csv_action
BootPass_109,197,4,4,Position_Unknown,Team_Unknown,Action_PreSnap,693.9,704.18,724.31,778.54,30.409999999999968,74.36000000000001,xml_geometry_csv_action
BootPass_109,197,5,5,Position_Unknown,Team_Unknown,Action_PreSnap,775.99,784.71,809.49,868.23,33.5,83.51999999999998,xml_geometry_csv_action
BootPass_109,197,7,7,Position_Unknown,Team_Unknown,Action_PreSnap,410.48,412.7,435.96,468.11,25.47999999999996,55.410000000000025,xml_geometry_csv_action
BootPass_109,197,8,8,Position_Unknown,Team_Unknown,Action_PreSnap,0.0,680.92,28.05,745.63,28.05,64.71000000000004,xml_geometry_csv_action
BootPass_109,197,9,9,Position_Unknown,Team_Unknown,Action_PreSnap,855.18,727.95,884.98,789.9,29.800000000000068,61.94999999999993,xml_geometry_csv_action
BootPass_109,198,0,0,Position_Unknown,Team_Unknown,Action_PreSnap,1643.28,768.37,1685.92,843.24,42.6400000000001,74.87,xml_geometry_csv_action
BootPass_109,198,1,1,Position_Unknown,Team_Unknown,Action_PreSnap,1159.09,759.79,1192.57,813.82,33.48000000000002,54.030000000000086,xml_geometry_csv_action
BootPass_109,198,12,12,Position_Unknown,Team_Unknown,Action_PreSnap,52.0,716.18,85.59,786.98,33.59,70.80000000000007,xml_geometry_csv_action
BootPass_109,198,15,15,Position_Unknown,Team_Unknown,Action_PreSnap,1224.27,737.89,1261.2,795.54,36.930000000000064,57.64999999999998,xml_geometry_csv_action
BootPass_109,198,18,18,Position_Unknown,Team_Unknown,Action_PreSnap,321.65,482.33,353.23,547.77,31.58000000000004,65.44,xml_geometry_csv_action
BootPass_109,198,2,2,Position_Unknown,Team_Unknown,Action_PreSnap,688.24,808.62,727.89,897.12,39.64999999999998,88.5,xml_geometry_csv_action
BootPass_109,198,20,20,Position_Unknown,Team_Unknown,Action_PreSnap,582.69,596.79,613.94,662.28,31.25,65.49000000000001,xml_geometry_csv_action
BootPass_109,198,22,21,Position_Unknown,Team_Unknown,Action_None,258.9,499.61,288.96,558.68,30.060000000000002,59.069999999999936,xml_geometry_csv_action
BootPass_109,198,24,22,Position_Unknown,Team_Unknown,Action_PreSnap,687.54,679.53,724.28,734.4,36.74000000000001,54.870000000000005,xml_geometry_csv_action
BootPass_109,198,29,24,Position_Unknown,Team_Unknown,Action_PreSnap,119.6,675.5,149.9,745.66,30.30000000000001,70.15999999999997,xml_geometry_csv_action
BootPass_109,198,31,25,Position_Unknown,Team_Unknown,Action_PreSnap,709.76,603.8,736.1,666.9,26.340000000000032,63.10000000000002,xml_geometry_csv_action
BootPass_109,198,34,27,Position_Unknown,Team_Unknown,Action_None,1157.26,603.67,1187.19,666.2,29.930000000000064,62.530000000000086,xml_geometry_csv_action
BootPass_109,198,39,28,Position_Unknown,Team_Unknown,Action_SecureCatch,541.38,459.9,566.35,518.23,24.970000000000027,58.33000000000004,xml_geometry_csv_action
BootPass_109,198,4,4,Position_Unknown,Team_Unknown,Action_PreSnap,696.32,704.5,725.81,778.38,29.489999999999895,73.88,xml_geometry_csv_action
BootPass_109,198,5,5,Position_Unknown,Team_Unknown,Action_PreSnap,781.39,783.34,815.95,867.41,34.56000000000006,84.06999999999994,xml_geometry_csv_action
BootPass_109,198,7,7,Position_Unknown,Team_Unknown,Action_PreSnap,410.75,411.51,436.36,467.11,25.610000000000014,55.60000000000002,xml_geometry_csv_action
BootPass_109,198,8,8,Position_Unknown,Team_Unknown,Action_PreSnap,0.0,680.37,22.39,744.75,22.39,64.38,xml_geometry_csv_action
BootPass_109,198,9,9,Position_Unknown,Team_Unknown,Action_PreSnap,856.77,727.42,888.6,791.14,31.83000000000004,63.72000000000003,xml_geometry_csv_action
BootPass_109,199,0,0,Position_Unknown,Team_Unknown,Action_PreSnap,1645.22,764.17,1686.63,841.93,41.41000000000008,77.75999999999999,xml_geometry_csv_action
BootPass_109,199,1,1,Position_Unknown,Team_Unknown,Action_PreSnap,1156.88,759.12,1191.25,813.48,34.36999999999989,54.360000000000014,xml_geometry_csv_action
BootPass_109,199,12,12,Position_Unknown,Team_Unknown,Action_PreSnap,50.14,717.27,84.58,794.27,34.44,77.0,xml_geometry_csv_action
BootPass_109,199,15,15,Position_Unknown,Team_Unknown,Action_PreSnap,1221.39,741.17,1256.73,797.03,35.33999999999992,55.860000000000014,xml_geometry_csv_action
BootPass_109,199,18,18,Position_Unknown,Team_Unknown,Action_PreSnap,319.39,481.48,352.6,546.93,33.210000000000036,65.44999999999993,xml_geometry_csv_action
BootPass_109,199,2,2,Position_Unknown,Team_Unknown,Action_PreSnap,692.99,810.66,731.36,896.88,38.370000000000005,86.22000000000003,xml_geometry_csv_action
BootPass_109,199,20,20,Position_Unknown,Team_Unknown,Action_PreSnap,583.94,598.01,616.65,663.52,32.70999999999992,65.50999999999999,xml_geometry_csv_action
BootPass_109,199,22,21,Position_Unknown,Team_Unknown,Action_None,256.92,498.39,287.72,557.57,30.80000000000001,59.180000000000064,xml_geometry_csv_action
BootPass_109,199,29,24,Position_Unknown,Team_Unknown,Action_PreSnap,118.09,676.02,148.14,746.33,30.049999999999983,70.31000000000006,xml_geometry_csv_action
BootPass_109,199,31,25,Position_Unknown,Team_Unknown,Action_PreSnap,712.16,602.91,739.5,666.28,27.340000000000032,63.370000000000005,xml_geometry_csv_action
BootPass_109,199,34,27,Position_Unknown,Team_Unknown,Action_None,1162.3,604.84,1193.9,668.41,31.600000000000136,63.569999999999936,xml_geometry_csv_action
BootPass_109,199,39,28,Position_Unknown,Team_Unknown,Action_SecureCatch,539.22,458.65,564.22,519.55,25.0,60.89999999999998,xml_geometry_csv_action
BootPass_109,199,4,4,Position_Unknown,Team_Unknown,Action_PreSnap,698.07,703.22,727.45,777.99,29.379999999999995,74.76999999999998,xml_geometry_csv_action
BootPass_109,199,5,5,Position_Unknown,Team_Unknown,Action_PreSnap,787.17,782.75,821.26,865.94,34.09000000000003,83.19000000000005,xml_geometry_csv_action
BootPass_109,199,7,7,Position_Unknown,Team_Unknown,Action_PreSnap,411.26,410.16,436.91,466.46,25.650000000000034,56.299999999999955,xml_geometry_csv_action
BootPass_109,199,8,8,Position_Unknown,Team_Unknown,Action_PreSnap,0.0,679.13,16.99,745.01,16.99,65.88,xml_geometry_csv_action
BootPass_109,199,9,9,Position_Unknown,Team_Unknown,Action_PreSnap,858.85,728.94,891.81,793.31,32.95999999999992,64.36999999999989,xml_geometry_csv_action
BootPass_109,200,0,0,Position_Unknown,Team_Unknown,Action_PreSnap,1647.33,762.52,1688.37,841.26,41.039999999999964,78.74000000000001,xml_geometry_csv_action
BootPass_109,200,1,1,Position_Unknown,Team_Unknown,Action_PreSnap,1154.6,757.94,1190.03,813.12,35.430000000000064,55.17999999999995,xml_geometry_csv_action
BootPass_109,200,12,12,Position_Unknown,Team_Unknown,Action_PreSnap,49.0,718.17,84.13,799.11,35.129999999999995,80.94000000000005,xml_geometry_csv_action
BootPass_109,200,15,15,Position_Unknown,Team_Unknown,Action_PreSnap,1219.09,744.38,1253.93,801.44,34.840000000000146,57.06000000000006,xml_geometry_csv_action
BootPass_109,200,18,18,Position_Unknown,Team_Unknown,Action_PreSnap,318.7,481.15,351.15,546.68,32.44999999999999,65.52999999999997,xml_geometry_csv_action
BootPass_109,200,2,2,Position_Unknown,Team_Unknown,Action_PreSnap,697.48,812.49,734.05,897.97,36.569999999999936,85.48000000000002,xml_geometry_csv_action
BootPass_109,200,20,20,Position_Unknown,Team_Unknown,Action_PreSnap,585.01,597.52,619.27,663.96,34.25999999999999,66.44000000000005,xml_geometry_csv_action
BootPass_109,200,22,21,Position_Unknown,Team_Unknown,Action_None,255.18,497.37,286.44,557.7,31.25999999999999,60.33000000000004,xml_geometry_csv_action
BootPass_109,200,29,24,Position_Unknown,Team_Unknown,Action_PreSnap,116.78,675.87,147.06,747.27,30.28,71.39999999999998,xml_geometry_csv_action
BootPass_109,200,31,25,Position_Unknown,Team_Unknown,Action_PreSnap,715.58,602.71,744.22,666.59,28.639999999999986,63.879999999999995,xml_geometry_csv_action
BootPass_109,200,34,27,Position_Unknown,Team_Unknown,Action_None,1169.04,607.16,1199.16,670.84,30.12000000000012,63.680000000000064,xml_geometry_csv_action
BootPass_109,200,4,4,Position_Unknown,Team_Unknown,Action_PreSnap,701.42,701.73,730.4,775.87,28.980000000000018,74.13999999999999,xml_geometry_csv_action
BootPass_109,200,5,5,Position_Unknown,Team_Unknown,Action_PreSnap,793.33,783.12,826.67,865.95,33.33999999999992,82.83000000000004,xml_geometry_csv_action
BootPass_109,200,7,7,Position_Unknown,Team_Unknown,Action_PreSnap,411.99,409.52,437.28,465.86,25.289999999999964,56.34000000000003,xml_geometry_csv_action
BootPass_109,200,8,8,Position_Unknown,Team_Unknown,Action_PreSnap,0.0,677.35,12.72,747.13,12.72,69.77999999999997,xml_geometry_csv_action
BootPass_109,200,9,9,Position_Unknown,Team_Unknown,Action_PreSnap,862.58,727.09,896.08,792.56,33.5,65.46999999999991,xml_geometry_csv_action
BootPass_109,201,0,0,Position_Unknown,Team_Unknown,Action_PreSnap,1649.01,760.56,1690.15,839.9,41.1400000000001,79.34000000000003,xml_geometry_csv_action
BootPass_109,201,1,1,Position_Unknown,Team_Unknown,Action_PreSnap,1153.51,757.29,1187.8,811.56,34.289999999999964,54.26999999999998,xml_geometry_csv_action
BootPass_109,201,12,12,Position_Unknown,Team_Unknown,Action_PreSnap,48.24,719.71,83.41,803.59,35.169999999999995,83.88,xml_geometry_csv_action
BootPass_109,201,18,18,Position_Unknown,Team_Unknown,Action_PreSnap,318.05,480.22,350.41,545.48,32.360000000000014,65.25999999999999,xml_geometry_csv_action
BootPass_109,201,2,2,Position_Unknown,Team_Unknown,Action_PreSnap,702.36,812.56,738.97,899.47,36.610000000000014,86.91000000000008,xml_geometry_csv_action
BootPass_109,201,22,21,Position_Unknown,Team_Unknown,Action_None,253.32,495.9,285.27,556.89,31.94999999999999,60.99000000000001,xml_geometry_csv_action
BootPass_109,201,29,24,Position_Unknown,Team_Unknown,Action_PreSnap,116.48,676.01,146.17,747.94,29.689999999999984,71.93000000000006,xml_geometry_csv_action
BootPass_109,201,31,25,Position_Unknown,Team_Unknown,Action_PreSnap,719.49,602.84,749.07,667.57,29.58000000000004,64.73000000000002,xml_geometry_csv_action
BootPass_109,201,34,27,Position_Unknown,Team_Unknown,Action_None,1176.23,609.06,1204.53,672.7,28.299999999999955,63.6400000000001,xml_geometry_csv_action
BootPass_109,201,4,4,Position_Unknown,Team_Unknown,Action_PreSnap,704.86,694.81,735.39,769.62,30.529999999999973,74.81000000000006,xml_geometry_csv_action
BootPass_109,201,5,5,Position_Unknown,Team_Unknown,Action_PreSnap,800.2,783.79,832.35,868.16,32.14999999999998,84.37,xml_geometry_csv_action
BootPass_109,201,7,7,Position_Unknown,Team_Unknown,Action_PreSnap,412.52,408.24,437.8,465.0,25.28000000000003,56.75999999999999,xml_geometry_csv_action
BootPass_109,201,9,9,Position_Unknown,Team_Unknown,Action_PreSnap,867.37,724.91,900.86,789.95,33.49000000000001,65.04000000000008,xml_geometry_csv_action
BootPass_109,202,0,0,Position_Unknown,Team_Unknown,Action_PreSnap,1651.54,760.26,1691.24,837.15,39.700000000000045,76.88999999999999,xml_geometry_csv_action
BootPass_109,202,1,1,Position_Unknown,Team_Unknown,Action_PreSnap,1151.73,756.54,1185.62,810.73,33.88999999999987,54.190000000000055,xml_geometry_csv_action
BootPass_109,202,12,12,Position_Unknown,Team_Unknown,Action_PreSnap,47.87,722.62,82.51,806.26,34.64000000000001,83.63999999999999,xml_geometry_csv_action
BootPass_109,202,15,15,Position_Unknown,Team_Unknown,Action_PreSnap,1213.0,747.67,1246.04,802.99,33.039999999999964,55.32000000000005,xml_geometry_csv_action
BootPass_109,202,18,18,Position_Unknown,Team_Unknown,Action_PreSnap,317.45,479.27,349.42,543.31,31.970000000000027,64.03999999999996,xml_geometry_csv_action
BootPass_109,202,2,2,Position_Unknown,Team_Unknown,Action_PreSnap,708.02,811.7,743.61,897.3,35.59000000000003,85.59999999999991,xml_geometry_csv_action
BootPass_109,202,22,21,Position_Unknown,Team_Unknown,Action_None,251.47,495.34,283.8,556.81,32.33000000000001,61.46999999999997,xml_geometry_csv_action
BootPass_109,202,29,24,Position_Unknown,Team_Unknown,Action_PreSnap,116.18,676.65,144.74,748.13,28.560000000000002,71.48000000000002,xml_geometry_csv_action
BootPass_109,202,31,25,Position_Unknown,Team_Unknown,Action_PreSnap,723.21,604.53,752.89,668.41,29.67999999999995,63.879999999999995,xml_geometry_csv_action
BootPass_109,202,34,27,Position_Unknown,Team_Unknown,Action_None,1181.35,610.56,1208.23,673.77,26.88000000000011,63.210000000000036,xml_geometry_csv_action
BootPass_109,202,39,28,Position_Unknown,Team_Unknown,Action_SecureCatch,534.24,455.92,560.54,520.93,26.299999999999955,65.00999999999993,xml_geometry_csv_action
BootPass_109,202,40,29,Position_Unknown,Team_Unknown,Action_PreSnap,389.42,473.71,416.67,534.37,27.25,60.660000000000025,xml_geometry_csv_action
BootPass_109,202,4,4,Position_Unknown,Team_Unknown,Action_PreSnap,709.39,691.89,739.62,765.54,30.230000000000018,73.64999999999998,xml_geometry_csv_action
BootPass_109,202,5,5,Position_Unknown,Team_Unknown,Action_PreSnap,807.1,784.31,836.81,866.76,29.709999999999923,82.45000000000005,xml_geometry_csv_action
BootPass_109,202,7,7,Position_Unknown,Team_Unknown,Action_PreSnap,412.99,407.81,437.89,464.27,24.899999999999977,56.45999999999998,xml_geometry_csv_action
BootPass_109,202,9,9,Position_Unknown,Team_Unknown,Action_PreSnap,873.32,724.38,904.93,790.59,31.6099999999999,66.21000000000004,xml_geometry_csv_action
BootPass_109,203,0,0,Position_Unknown,Team_Unknown,Action_PreSnap,1653.75,759.62,1692.11,835.89,38.3599999999999,76.26999999999998,xml_geometry_csv_action
BootPass_109,203,1,1,Position_Unknown,Team_Unknown,Action_PreSnap,1149.4,756.33,1182.67,811.18,33.26999999999998,54.84999999999991,xml_geometry_csv_action
BootPass_109,203,12,12,Position_Unknown,Team_Unknown,Action_PreSnap,47.63,725.95,82.01,808.56,34.38,82.6099999999999,xml_geometry_csv_action
BootPass_109,203,15,15,Position_Unknown,Team_Unknown,Action_PreSnap,1208.93,749.1,1240.38,801.41,31.450000000000045,52.309999999999945,xml_geometry_csv_action
BootPass_109,203,18,18,Position_Unknown,Team_Unknown,Action_PreSnap,317.84,478.72,348.96,542.56,31.120000000000005,63.83999999999992,xml_geometry_csv_action
BootPass_109,203,2,2,Position_Unknown,Team_Unknown,Action_PreSnap,712.4,811.99,747.18,895.2,34.77999999999997,83.21000000000004,xml_geometry_csv_action
BootPass_109,203,22,21,Position_Unknown,Team_Unknown,Action_None,250.31,494.54,282.15,556.08,31.839999999999975,61.54000000000002,xml_geometry_csv_action
BootPass_109,203,29,24,Position_Unknown,Team_Unknown,Action_PreSnap,116.35,676.36,143.63,748.3,27.28,71.93999999999994,xml_geometry_csv_action
BootPass_109,203,31,25,Position_Unknown,Team_Unknown,Action_PreSnap,725.28,606.76,754.68,669.11,29.399999999999977,62.35000000000002,xml_geometry_csv_action
BootPass_109,203,34,27,Position_Unknown,Team_Unknown,Action_None,1186.64,611.94,1211.9,673.66,25.25999999999999,61.719999999999914,xml_geometry_csv_action
BootPass_109,203,39,28,Position_Unknown,Team_Unknown,Action_SecureCatch,533.25,455.63,559.44,519.41,26.190000000000055,63.77999999999997,xml_geometry_csv_action
BootPass_109,203,4,4,Position_Unknown,Team_Unknown,Action_PreSnap,713.95,693.18,743.72,768.03,29.769999999999982,74.85000000000002,xml_geometry_csv_action
BootPass_109,203,5,5,Position_Unknown,Team_Unknown,Action_PreSnap,812.4,785.15,840.84,865.39,28.440000000000055,80.24000000000001,xml_geometry_csv_action
BootPass_109,203,7,7,Position_Unknown,Team_Unknown,Action_PreSnap,413.84,407.49,437.96,463.28,24.120000000000005,55.789999999999964,xml_geometry_csv_action
BootPass_109,203,9,9,Position_Unknown,Team_Unknown,Action_PreSnap,877.93,724.64,909.54,792.97,31.610000000000014,68.33000000000004,xml_geometry_csv_action
BootPass_109,204,0,0,Position_Unknown,Team_Unknown,Action_PreSnap,1655.05,758.63,1691.86,834.65,36.809999999999945,76.01999999999998,xml_geometry_csv_action
BootPass_109,204,1,1,Position_Unknown,Team_Unknown,Action_PreSnap,1146.78,756.23,1179.78,812.11,33.0,55.879999999999995,xml_geometry_csv_action
BootPass_109,204,12,12,Position_Unknown,Team_Unknown,Action_PreSnap,47.37,729.01,81.97,810.34,34.6,81.33000000000004,xml_geometry_csv_action
BootPass_109,204,15,15,Position_Unknown,Team_Unknown,Action_PreSnap,1204.42,751.86,1236.05,802.55,31.62999999999988,50.68999999999994,xml_geometry_csv_action
BootPass_109,204,18,18,Position_Unknown,Team_Unknown,Action_PreSnap,318.22,478.38,348.19,541.6,29.96999999999997,63.22000000000003,xml_geometry_csv_action
BootPass_109,204,2,2,Position_Unknown,Team_Unknown,Action_PreSnap,718.28,812.08,751.5,891.83,33.22000000000003,79.75,xml_geometry_csv_action
BootPass_109,204,20,20,Position_Unknown,Team_Unknown,Action_PreSnap,598.89,589.81,627.39,657.27,28.5,67.46000000000004,xml_geometry_csv_action
BootPass_109,204,22,21,Position_Unknown,Team_Unknown,Action_None,248.99,494.64,280.71,555.66,31.71999999999997,61.01999999999998,xml_geometry_csv_action
BootPass_109,204,29,24,Position_Unknown,Team_Unknown,Action_PreSnap,115.85,676.13,142.97,749.54,27.120000000000005,73.40999999999997,xml_geometry_csv_action
BootPass_109,204,31,25,Position_Unknown,Team_Unknown,Action_PreSnap,730.0,608.38,756.55,670.11,26.549999999999955,61.73000000000002,xml_geometry_csv_action
BootPass_109,204,34,27,Position_Unknown,Team_Unknown,Action_None,1190.9,613.86,1215.92,678.07,25.019999999999982,64.21000000000004,xml_geometry_csv_action
BootPass_109,204,39,28,Position_Unknown,Team_Unknown,Action_None,532.64,455.31,558.69,515.88,26.050000000000068,60.56999999999999,xml_geometry_csv_action
BootPass_109,204,40,29,Position_Unknown,Team_Unknown,Action_PreSnap,388.69,471.64,418.31,529.3,29.620000000000005,57.65999999999997,xml_geometry_csv_action
BootPass_109,204,4,4,Position_Unknown,Team_Unknown,Action_PreSnap,718.27,698.91,747.8,775.93,29.529999999999973,77.01999999999998,xml_geometry_csv_action
BootPass_109,204,5,5,Position_Unknown,Team_Unknown,Action_PreSnap,817.59,785.2,845.98,862.93,28.389999999999986,77.7299999999999,xml_geometry_csv_action
BootPass_109,204,7,7,Position_Unknown,Team_Unknown,Action_PreSnap,414.57,407.24,438.01,462.48,23.439999999999998,55.24000000000001,xml_geometry_csv_action
BootPass_109,204,9,9,Position_Unknown,Team_Unknown,Action_PreSnap,882.64,725.21,913.95,790.21,31.31000000000006,65.0,xml_geometry_csv_action
BootPass_109,205,0,0,Position_Unknown,Team_Unknown,Action_PreSnap,1654.56,756.44,1691.95,834.61,37.3900000000001,78.16999999999996,xml_geometry_csv_action
BootPass_109,205,1,1,Position_Unknown,Team_Unknown,Action_PreSnap,1144.28,756.74,1177.09,814.4,32.809999999999945,57.65999999999997,xml_geometry_csv_action
BootPass_109,205,12,12,Position_Unknown,Team_Unknown,Action_PreSnap,46.72,731.09,81.99,812.25,35.269999999999996,81.15999999999997,xml_geometry_csv_action
BootPass_109,205,15,15,Position_Unknown,Team_Unknown,Action_PreSnap,1199.1,755.81,1232.5,805.59,33.40000000000009,49.780000000000086,xml_geometry_csv_action
BootPass_109,205,18,18,Position_Unknown,Team_Unknown,Action_PreSnap,317.64,477.79,347.5,541.82,29.860000000000014,64.03000000000003,xml_geometry_csv_action
BootPass_109,205,2,2,Position_Unknown,Team_Unknown,Action_PreSnap,722.05,812.17,756.25,892.45,34.200000000000045,80.28000000000009,xml_geometry_csv_action
BootPass_109,205,22,21,Position_Unknown,Team_Unknown,Action_None,246.37,494.74,279.33,557.91,32.95999999999998,63.16999999999996,xml_geometry_csv_action
BootPass_109,205,29,24,Position_Unknown,Team_Unknown,Action_PreSnap,114.85,675.44,142.68,750.52,27.830000000000013,75.07999999999993,xml_geometry_csv_action
BootPass_109,205,31,25,Position_Unknown,Team_Unknown,Action_PreSnap,733.19,607.74,758.7,671.08,25.50999999999999,63.34000000000003,xml_geometry_csv_action
BootPass_109,205,34,27,Position_Unknown,Team_Unknown,Action_None,1194.67,615.96,1221.25,682.46,26.579999999999927,66.5,xml_geometry_csv_action
BootPass_109,205,39,28,Position_Unknown,Team_Unknown,Action_None,530.86,454.48,557.73,513.62,26.870000000000005,59.139999999999986,xml_geometry_csv_action
BootPass_109,205,40,29,Position_Unknown,Team_Unknown,Action_PreSnap,387.14,470.92,418.67,530.83,31.53000000000003,59.910000000000025,xml_geometry_csv_action
BootPass_109,205,4,4,Position_Unknown,Team_Unknown,Action_PreSnap,721.29,697.27,751.53,779.24,30.24000000000001,81.97000000000003,xml_geometry_csv_action
BootPass_109,205,5,5,Position_Unknown,Team_Unknown,Action_PreSnap,821.26,784.09,852.49,861.1,31.230000000000018,77.00999999999999,xml_geometry_csv_action
BootPass_109,205,7,7,Position_Unknown,Team_Unknown,Action_PreSnap,414.62,406.61,437.96,462.45,23.339999999999975,55.839999999999975,xml_geometry_csv_action
BootPass_109,205,9,9,Position_Unknown,Team_Unknown,Action_PreSnap,890.33,724.58,920.26,778.54,29.92999999999995,53.95999999999992,xml_geometry_csv_action
BootPass_109,206,0,0,Position_Unknown,Team_Unknown,Action_PreSnap,1654.74,756.19,1691.86,834.83,37.11999999999989,78.63999999999999,xml_geometry_csv_action
BootPass_109,206,1,1,Position_Unknown,Team_Unknown,Action_PreSnap,1141.71,758.47,1173.28,816.77,31.569999999999936,58.299999999999955,xml_geometry_csv_action
BootPass_109,206,12,12,Position_Unknown,Team_Unknown,Action_PreSnap,47.0,732.56,81.38,809.56,34.379999999999995,77.0,xml_geometry_csv_action
BootPass_109,206,15,15,Position_Unknown,Team_Unknown,Action_PreSnap,1193.92,761.03,1228.25,811.38,34.32999999999993,50.35000000000002,xml_geometry_csv_action
BootPass_109,206,18,18,Position_Unknown,Team_Unknown,Action_PreSnap,316.56,477.84,345.94,541.46,29.379999999999995,63.62000000000006,xml_geometry_csv_action
BootPass_109,206,2,2,Position_Unknown,Team_Unknown,Action_PreSnap,725.12,812.37,759.88,889.87,34.75999999999999,77.5,xml_geometry_csv_action
BootPass_109,206,20,20,Position_Unknown,Team_Unknown,Action_PreSnap,603.89,585.59,631.4,655.49,27.50999999999999,69.89999999999998,xml_geometry_csv_action
BootPass_109,206,22,21,Position_Unknown,Team_Unknown,Action_None,244.52,495.68,278.21,558.39,33.68999999999997,62.70999999999998,xml_geometry_csv_action
BootPass_109,206,29,24,Position_Unknown,Team_Unknown,Action_PreSnap,113.86,676.62,141.63,750.83,27.769999999999996,74.21000000000004,xml_geometry_csv_action
BootPass_109,206,31,25,Position_Unknown,Team_Unknown,Action_PreSnap,736.16,607.38,760.28,670.81,24.120000000000005,63.42999999999995,xml_geometry_csv_action
BootPass_109,206,34,27,Position_Unknown,Team_Unknown,Action_None,1197.44,619.3,1224.64,684.92,27.200000000000045,65.62,xml_geometry_csv_action
BootPass_109,206,39,28,Position_Unknown,Team_Unknown,Action_None,529.13,454.21,556.14,512.99,27.00999999999999,58.78000000000003,xml_geometry_csv_action
BootPass_109,206,40,29,Position_Unknown,Team_Unknown,Action_PreSnap,385.99,470.56,419.18,530.36,33.19,59.80000000000001,xml_geometry_csv_action
BootPass_109,206,4,4,Position_Unknown,Team_Unknown,Action_PreSnap,724.0,699.07,754.91,781.7,30.909999999999968,82.63,xml_geometry_csv_action
BootPass_109,206,5,5,Position_Unknown,Team_Unknown,Action_PreSnap,826.52,782.92,860.09,858.05,33.57000000000005,75.13,xml_geometry_csv_action
BootPass_109,206,7,7,Position_Unknown,Team_Unknown,Action_PreSnap,414.74,406.15,437.99,462.2,23.25,56.05000000000001,xml_geometry_csv_action
BootPass_109,206,9,9,Position_Unknown,Team_Unknown,Action_PreSnap,892.42,725.68,924.26,785.5,31.840000000000032,59.82000000000005,xml_geometry_csv_action
BootPass_109,207,0,0,Position_Unknown,Team_Unknown,Action_PreSnap,1654.35,756.62,1691.68,835.54,37.330000000000155,78.91999999999996,xml_geometry_csv_action
BootPass_109,207,1,1,Position_Unknown,Team_Unknown,Action_PreSnap,1138.43,760.05,1168.0,818.9,29.569999999999936,58.85000000000002,xml_geometry_csv_action
BootPass_109,207,12,12,Position_Unknown,Team_Unknown,Action_PreSnap,46.48,733.72,80.95,808.43,34.470000000000006,74.70999999999992,xml_geometry_csv_action
BootPass_109,207,15,15,Position_Unknown,Team_Unknown,Action_PreSnap,1187.48,765.83,1225.31,816.12,37.82999999999993,50.289999999999964,xml_geometry_csv_action
BootPass_109,207,18,18,Position_Unknown,Team_Unknown,Action_PreSnap,315.76,477.71,344.85,540.49,29.090000000000032,62.78000000000003,xml_geometry_csv_action
BootPass_109,207,2,2,Position_Unknown,Team_Unknown,Action_PreSnap,728.44,813.06,762.96,889.29,34.51999999999998,76.23000000000002,xml_geometry_csv_action
BootPass_109,207,20,20,Position_Unknown,Team_Unknown,Action_PreSnap,605.59,588.19,633.78,658.53,28.18999999999994,70.33999999999992,xml_geometry_csv_action
BootPass_109,207,22,21,Position_Unknown,Team_Unknown,Action_None,242.16,496.94,276.28,558.32,34.119999999999976,61.38000000000005,xml_geometry_csv_action
BootPass_109,207,29,24,Position_Unknown,Team_Unknown,Action_PreSnap,113.38,676.88,140.35,747.52,26.97,70.63999999999999,xml_geometry_csv_action
BootPass_109,207,31,25,Position_Unknown,Team_Unknown,Action_PreSnap,738.87,606.6,763.12,668.39,24.25,61.789999999999964,xml_geometry_csv_action
BootPass_109,207,34,27,Position_Unknown,Team_Unknown,Action_None,1200.86,621.05,1227.44,685.87,26.580000000000155,64.82000000000005,xml_geometry_csv_action
BootPass_109,207,39,28,Position_Unknown,Team_Unknown,Action_None,527.63,453.99,554.39,512.0,26.75999999999999,58.00999999999999,xml_geometry_csv_action
BootPass_109,207,40,29,Position_Unknown,Team_Unknown,Action_PreSnap,385.04,470.14,418.64,530.35,33.599999999999966,60.210000000000036,xml_geometry_csv_action
BootPass_109,207,4,4,Position_Unknown,Team_Unknown,Action_PreSnap,727.24,709.59,757.01,786.88,29.769999999999982,77.28999999999996,xml_geometry_csv_action
BootPass_109,207,5,5,Position_Unknown,Team_Unknown,Action_PreSnap,833.56,781.65,867.3,854.15,33.74000000000001,72.5,xml_geometry_csv_action
BootPass_109,207,7,7,Position_Unknown,Team_Unknown,Action_PreSnap,414.5,405.94,437.49,461.81,22.99000000000001,55.870000000000005,xml_geometry_csv_action
BootPass_109,207,9,9,Position_Unknown,Team_Unknown,Action_PreSnap,895.29,726.31,927.79,788.59,32.5,62.280000000000086,xml_geometry_csv_action
BootPass_109,208,0,0,Position_Unknown,Team_Unknown,Action_PreSnap,1654.96,757.0,1692.67,837.18,37.710000000000036,80.17999999999995,xml_geometry_csv_action
BootPass_109,208,1,1,Position_Unknown,Team_Unknown,Action_PreSnap,1136.28,761.76,1165.44,820.56,29.160000000000082,58.799999999999955,xml_geometry_csv_action
BootPass_109,208,12,12,Position_Unknown,Team_Unknown,Action_PreSnap,46.24,734.34,81.36,813.39,35.12,79.04999999999995,xml_geometry_csv_action
BootPass_109,208,15,15,Position_Unknown,Team_Unknown,Action_PreSnap,1180.32,771.14,1223.6,819.84,43.27999999999997,48.700000000000045,xml_geometry_csv_action
BootPass_109,208,18,18,Position_Unknown,Team_Unknown,Action_PreSnap,314.66,477.78,344.04,540.74,29.379999999999995,62.960000000000036,xml_geometry_csv_action
BootPass_109,208,2,2,Position_Unknown,Team_Unknown,Action_PreSnap,731.13,814.0,766.91,889.97,35.77999999999997,75.97000000000003,xml_geometry_csv_action
BootPass_109,208,20,20,Position_Unknown,Team_Unknown,Action_PreSnap,606.89,587.18,636.02,657.7,29.129999999999995,70.5200000000001,xml_geometry_csv_action
BootPass_109,208,22,21,Position_Unknown,Team_Unknown,Action_None,240.27,498.01,275.14,558.31,34.869999999999976,60.299999999999955,xml_geometry_csv_action
BootPass_109,208,24,22,Position_Unknown,Team_Unknown,Action_PreSnap,736.0,690.51,762.99,758.75,26.99000000000001,68.24000000000001,xml_geometry_csv_action
BootPass_109,208,29,24,Position_Unknown,Team_Unknown,Action_PreSnap,111.8,678.84,139.47,747.0,27.67,68.15999999999997,xml_geometry_csv_action
BootPass_109,208,31,25,Position_Unknown,Team_Unknown,Action_PreSnap,740.74,606.39,766.57,670.38,25.83000000000004,63.99000000000001,xml_geometry_csv_action
BootPass_109,208,34,27,Position_Unknown,Team_Unknown,Action_None,1207.28,624.02,1232.95,690.0,25.670000000000073,65.98000000000002,xml_geometry_csv_action
BootPass_109,208,39,28,Position_Unknown,Team_Unknown,Action_None,524.87,453.7,552.57,513.17,27.700000000000045,59.46999999999997,xml_geometry_csv_action
BootPass_109,208,40,29,Position_Unknown,Team_Unknown,Action_PreSnap,384.97,470.01,418.58,531.14,33.60999999999996,61.129999999999995,xml_geometry_csv_action
BootPass_109,208,4,4,Position_Unknown,Team_Unknown,Action_PreSnap,732.51,716.68,760.37,788.57,27.860000000000014,71.8900000000001,xml_geometry_csv_action
BootPass_109,208,5,5,Position_Unknown,Team_Unknown,Action_PreSnap,839.26,780.64,874.62,853.1,35.360000000000014,72.46000000000004,xml_geometry_csv_action
BootPass_109,208,7,7,Position_Unknown,Team_Unknown,Action_PreSnap,414.41,405.44,437.53,461.44,23.119999999999948,56.0,xml_geometry_csv_action
BootPass_109,208,9,9,Position_Unknown,Team_Unknown,Action_PreSnap,903.5,726.41,934.0,791.6,30.5,65.19000000000005,xml_geometry_csv_action
BootPass_109,209,0,0,Position_Unknown,Team_Unknown,Action_PreSnap,1655.45,757.86,1693.12,838.21,37.669999999999845,80.35000000000002,xml_geometry_csv_action
BootPass_109,209,1,1,Position_Unknown,Team_Unknown,Action_PreSnap,1134.6,763.8,1164.08,821.97,29.480000000000018,58.17000000000007,xml_geometry_csv_action
BootPass_109,209,12,12,Position_Unknown,Team_Unknown,Action_PreSnap,46.95,736.06,81.39,819.2,34.44,83.1400000000001,xml_geometry_csv_action
BootPass_109,209,15,15,Position_Unknown,Team_Unknown,Action_PreSnap,1174.4,775.28,1216.12,822.64,41.7199999999998,47.360000000000014,xml_geometry_csv_action
BootPass_109,209,18,18,Position_Unknown,Team_Unknown,Action_PreSnap,313.6,477.84,342.87,541.12,29.269999999999982,63.28000000000003,xml_geometry_csv_action
BootPass_109,209,2,2,Position_Unknown,Team_Unknown,Action_PreSnap,734.26,815.2,770.18,889.19,35.91999999999996,73.99000000000001,xml_geometry_csv_action
BootPass_109,209,20,20,Position_Unknown,Team_Unknown,Action_PreSnap,608.7,589.37,637.93,660.06,29.229999999999905,70.68999999999994,xml_geometry_csv_action
BootPass_109,209,22,21,Position_Unknown,Team_Unknown,Action_None,238.54,498.52,274.17,558.12,35.630000000000024,59.60000000000002,xml_geometry_csv_action
BootPass_109,209,24,22,Position_Unknown,Team_Unknown,Action_PreSnap,740.51,691.57,766.77,758.34,26.25999999999999,66.76999999999998,xml_geometry_csv_action
BootPass_109,209,29,24,Position_Unknown,Team_Unknown,Action_PreSnap,110.15,682.18,137.89,749.11,27.73999999999998,66.93000000000006,xml_geometry_csv_action
BootPass_109,209,31,25,Position_Unknown,Team_Unknown,Action_PreSnap,742.61,606.68,769.79,671.0,27.17999999999995,64.32000000000005,xml_geometry_csv_action
BootPass_109,209,34,27,Position_Unknown,Team_Unknown,Action_None,1213.0,628.01,1237.36,693.06,24.3599999999999,65.04999999999995,xml_geometry_csv_action
BootPass_109,209,39,28,Position_Unknown,Team_Unknown,Action_None,522.49,453.7,550.37,514.5,27.879999999999995,60.80000000000001,xml_geometry_csv_action
BootPass_109,209,40,29,Position_Unknown,Team_Unknown,Action_PreSnap,385.35,469.7,418.81,532.33,33.45999999999998,62.63000000000005,xml_geometry_csv_action
BootPass_109,209,4,4,Position_Unknown,Team_Unknown,Action_PreSnap,735.54,720.59,762.81,789.18,27.269999999999982,68.58999999999992,xml_geometry_csv_action
BootPass_109,209,5,5,Position_Unknown,Team_Unknown,Action_PreSnap,847.21,780.75,881.2,852.73,33.99000000000001,71.98000000000002,xml_geometry_csv_action
BootPass_109,209,7,7,Position_Unknown,Team_Unknown,Action_PreSnap,414.36,404.85,437.34,460.52,22.97999999999996,55.66999999999996,xml_geometry_csv_action
BootPass_109,209,9,9,Position_Unknown,Team_Unknown,Action_PreSnap,911.08,726.13,939.7,787.24,28.620000000000005,61.110000000000014,xml_geometry_csv_action
BootPass_109,210,0,0,Position_Unknown,Team_Unknown,Action_PreSnap,1656.13,757.63,1693.74,839.0,37.6099999999999,81.37,xml_geometry_csv_action
BootPass_109,210,1,1,Position_Unknown,Team_Unknown,Action_PreSnap,1132.43,766.87,1165.46,823.64,33.02999999999997,56.76999999999998,xml_geometry_csv_action
BootPass_109,210,12,12,Position_Unknown,Team_Unknown,Action_PreSnap,46.88,738.74,81.62,824.35,34.74,85.61000000000001,xml_geometry_csv_action
BootPass_109,210,15,15,Position_Unknown,Team_Unknown,Action_PreSnap,1167.47,779.2,1207.2,826.37,39.73000000000002,47.16999999999996,xml_geometry_csv_action
BootPass_109,210,18,18,Position_Unknown,Team_Unknown,Action_PreSnap,312.92,477.91,341.73,541.87,28.810000000000002,63.95999999999998,xml_geometry_csv_action
BootPass_109,210,2,2,Position_Unknown,Team_Unknown,Action_PreSnap,737.34,816.97,774.15,891.13,36.809999999999945,74.15999999999997,xml_geometry_csv_action
BootPass_109,210,20,20,Position_Unknown,Team_Unknown,Action_PreSnap,610.06,591.33,639.71,664.6,29.65000000000009,73.26999999999998,xml_geometry_csv_action
BootPass_109,210,22,21,Position_Unknown,Team_Unknown,Action_None,238.29,498.68,273.58,558.21,35.28999999999999,59.53000000000003,xml_geometry_csv_action
BootPass_109,210,24,22,Position_Unknown,Team_Unknown,Action_PreSnap,744.31,693.12,770.7,763.8,26.3900000000001,70.67999999999995,xml_geometry_csv_action
BootPass_109,210,29,24,Position_Unknown,Team_Unknown,Action_PreSnap,109.11,684.69,136.88,752.36,27.769999999999996,67.66999999999996,xml_geometry_csv_action
BootPass_109,210,31,25,Position_Unknown,Team_Unknown,Action_PreSnap,744.53,606.32,774.22,670.84,29.690000000000055,64.51999999999998,xml_geometry_csv_action
BootPass_109,210,34,27,Position_Unknown,Team_Unknown,Action_None,1217.55,630.27,1241.33,694.48,23.779999999999973,64.21000000000004,xml_geometry_csv_action
BootPass_109,210,39,28,Position_Unknown,Team_Unknown,Action_None,520.81,453.86,549.08,516.41,28.270000000000095,62.549999999999955,xml_geometry_csv_action
BootPass_109,210,40,29,Position_Unknown,Team_Unknown,Action_PreSnap,386.49,469.57,419.16,531.97,32.670000000000016,62.400000000000034,xml_geometry_csv_action
BootPass_109,210,4,4,Position_Unknown,Team_Unknown,Action_PreSnap,738.51,719.2,765.39,788.79,26.879999999999995,69.58999999999992,xml_geometry_csv_action
BootPass_109,210,5,5,Position_Unknown,Team_Unknown,Action_PreSnap,853.62,781.43,885.93,852.61,32.309999999999945,71.18000000000006,xml_geometry_csv_action
BootPass_109,210,7,7,Position_Unknown,Team_Unknown,Action_PreSnap,414.59,404.49,437.48,459.54,22.890000000000043,55.05000000000001,xml_geometry_csv_action
BootPass_109,210,9,9,Position_Unknown,Team_Unknown,Action_PreSnap,917.79,726.27,945.0,789.4,27.210000000000036,63.129999999999995,xml_geometry_csv_action
BootPass_109,211,0,0,Position_Unknown,Team_Unknown,Action_PreSnap,1656.44,757.43,1693.24,838.74,36.799999999999955,81.31000000000006,xml_geometry_csv_action
BootPass_109,211,1,1,Position_Unknown,Team_Unknown,Action_PreSnap,1130.03,769.8,1164.95,826.7,34.92000000000007,56.90000000000009,xml_geometry_csv_action
BootPass_109,211,12,12,Position_Unknown,Team_Unknown,Action_PreSnap,47.58,741.27,81.13,827.8,33.55,86.52999999999997,xml_geometry_csv_action
BootPass_109,211,18,18,Position_Unknown,Team_Unknown,Action_PreSnap,311.51,478.44,340.17,541.0,28.660000000000025,62.56,xml_geometry_csv_action
BootPass_109,211,2,2,Position_Unknown,Team_Unknown,Action_PreSnap,742.1,819.34,777.83,891.94,35.73000000000002,72.60000000000002,xml_geometry_csv_action
BootPass_109,211,20,20,Position_Unknown,Team_Unknown,Action_PreSnap,611.46,596.91,640.67,667.48,29.209999999999923,70.57000000000005,xml_geometry_csv_action
BootPass_109,211,22,21,Position_Unknown,Team_Unknown,Action_None,237.35,498.68,271.53,556.92,34.17999999999998,58.23999999999995,xml_geometry_csv_action
BootPass_109,211,24,22,Position_Unknown,Team_Unknown,Action_PreSnap,747.38,694.56,773.93,763.44,26.549999999999955,68.88000000000011,xml_geometry_csv_action
BootPass_109,211,29,24,Position_Unknown,Team_Unknown,Action_PreSnap,107.51,686.94,134.72,753.32,27.209999999999994,66.38,xml_geometry_csv_action
BootPass_109,211,31,25,Position_Unknown,Team_Unknown,Action_PreSnap,747.09,605.72,777.62,670.56,30.529999999999973,64.83999999999992,xml_geometry_csv_action
BootPass_109,211,34,27,Position_Unknown,Team_Unknown,Action_None,1220.69,632.22,1244.36,694.55,23.669999999999845,62.32999999999993,xml_geometry_csv_action
BootPass_109,211,39,28,Position_Unknown,Team_Unknown,Action_None,518.83,453.72,546.88,515.89,28.049999999999955,62.16999999999996,xml_geometry_csv_action
BootPass_109,211,40,29,Position_Unknown,Team_Unknown,Action_PreSnap,386.99,469.59,418.93,530.11,31.939999999999998,60.52000000000004,xml_geometry_csv_action
BootPass_109,211,4,4,Position_Unknown,Team_Unknown,Action_PreSnap,740.69,717.99,767.21,787.23,26.519999999999982,69.24000000000001,xml_geometry_csv_action
BootPass_109,211,5,5,Position_Unknown,Team_Unknown,Action_PreSnap,859.12,783.56,889.86,853.4,30.74000000000001,69.84000000000003,xml_geometry_csv_action
BootPass_109,211,7,7,Position_Unknown,Team_Unknown,Action_PreSnap,414.1,404.3,436.21,457.9,22.109999999999957,53.599999999999966,xml_geometry_csv_action
BootPass_109,211,9,9,Position_Unknown,Team_Unknown,Action_PreSnap,923.03,727.45,949.14,789.07,26.110000000000014,61.620000000000005,xml_geometry_csv_action
BootPass_109,212,0,0,Position_Unknown,Team_Unknown,Action_PreSnap,1656.16,756.79,1692.78,838.25,36.61999999999989,81.46000000000004,xml_geometry_csv_action
BootPass_109,212,1,1,Position_Unknown,Team_Unknown,Action_PreSnap,1126.87,773.38,1163.66,830.3,36.79000000000019,56.91999999999996,xml_geometry_csv_action
BootPass_109,212,12,12,Position_Unknown,Team_Unknown,Action_PreSnap,46.32,744.26,80.89,830.66,34.57,86.39999999999998,xml_geometry_csv_action
BootPass_109,212,18,18,Position_Unknown,Team_Unknown,Action_PreSnap,310.15,478.74,338.36,539.94,28.210000000000036,61.200000000000045,xml_geometry_csv_action
BootPass_109,212,2,2,Position_Unknown,Team_Unknown,Action_PreSnap,745.93,821.16,781.32,892.38,35.3900000000001,71.22000000000003,xml_geometry_csv_action
BootPass_109,212,20,20,Position_Unknown,Team_Unknown,Action_PreSnap,612.66,603.17,642.2,670.54,29.540000000000077,67.37,xml_geometry_csv_action
BootPass_109,212,22,21,Position_Unknown,Team_Unknown,Action_None,236.51,498.5,270.25,556.03,33.74000000000001,57.52999999999997,xml_geometry_csv_action
BootPass_109,212,24,22,Position_Unknown,Team_Unknown,Action_PreSnap,750.01,695.9,776.76,764.03,26.75,68.13,xml_geometry_csv_action
BootPass_109,212,29,24,Position_Unknown,Team_Unknown,Action_PreSnap,106.03,687.99,133.52,755.13,27.49000000000001,67.13999999999999,xml_geometry_csv_action
BootPass_109,212,31,25,Position_Unknown,Team_Unknown,Action_PreSnap,749.31,605.45,780.0,670.87,30.690000000000055,65.41999999999996,xml_geometry_csv_action
BootPass_109,212,34,27,Position_Unknown,Team_Unknown,Action_None,1223.27,634.84,1247.48,696.65,24.210000000000036,61.809999999999945,xml_geometry_csv_action
BootPass_109,212,39,28,Position_Unknown,Team_Unknown,Action_None,516.98,453.37,544.54,515.08,27.559999999999945,61.710000000000036,xml_geometry_csv_action
BootPass_109,212,40,29,Position_Unknown,Team_Unknown,Action_PreSnap,387.65,469.67,418.83,528.14,31.180000000000007,58.46999999999997,xml_geometry_csv_action
BootPass_109,212,4,4,Position_Unknown,Team_Unknown,Action_PreSnap,743.17,714.7,770.54,784.4,27.370000000000005,69.69999999999993,xml_geometry_csv_action
BootPass_109,212,5,5,Position_Unknown,Team_Unknown,Action_PreSnap,864.11,785.01,894.28,853.19,30.16999999999996,68.18000000000006,xml_geometry_csv_action
BootPass_109,212,7,7,Position_Unknown,Team_Unknown,Action_PreSnap,413.54,403.92,435.11,458.06,21.569999999999993,54.139999999999986,xml_geometry_csv_action
BootPass_109,212,9,9,Position_Unknown,Team_Unknown,Action_PreSnap,927.62,728.63,953.94,788.81,26.32000000000005,60.17999999999995,xml_geometry_csv_action
BootPass_109,213,0,0,Position_Unknown,Team_Unknown,Action_PreSnap,1655.07,757.06,1692.28,838.26,37.210000000000036,81.20000000000005,xml_geometry_csv_action
BootPass_109,213,1,1,Position_Unknown,Team_Unknown,Action_PreSnap,1122.74,776.24,1162.65,833.26,39.91000000000008,57.01999999999998,xml_geometry_csv_action
BootPass_109,213,12,12,Position_Unknown,Team_Unknown,Action_PreSnap,44.86,747.96,80.43,833.22,35.57000000000001,85.25999999999999,xml_geometry_csv_action
BootPass_109,213,18,18,Position_Unknown,Team_Unknown,Action_PreSnap,307.94,478.92,336.59,539.85,28.649999999999977,60.93000000000001,xml_geometry_csv_action
BootPass_109,213,2,2,Position_Unknown,Team_Unknown,Action_PreSnap,748.37,822.53,783.79,894.93,35.41999999999996,72.39999999999998,xml_geometry_csv_action
BootPass_109,213,20,20,Position_Unknown,Team_Unknown,Action_PreSnap,613.0,605.42,643.23,671.67,30.230000000000018,66.25,xml_geometry_csv_action
BootPass_109,213,22,21,Position_Unknown,Team_Unknown,Action_None,235.11,498.48,268.43,556.39,33.31999999999999,57.90999999999997,xml_geometry_csv_action
BootPass_109,213,24,22,Position_Unknown,Team_Unknown,Action_PreSnap,753.93,697.05,780.58,761.25,26.65000000000009,64.20000000000005,xml_geometry_csv_action
BootPass_109,213,29,24,Position_Unknown,Team_Unknown,Action_PreSnap,103.98,688.48,131.84,756.04,27.86,67.55999999999995,xml_geometry_csv_action
BootPass_109,213,31,25,Position_Unknown,Team_Unknown,Action_PreSnap,754.85,604.71,784.99,671.27,30.139999999999986,66.55999999999995,xml_geometry_csv_action
BootPass_109,213,32,26,Position_Unknown,Team_Unknown,Action_PreSnap,616.95,582.88,644.02,623.23,27.069999999999936,40.35000000000002,xml_geometry_csv_action
BootPass_109,213,34,27,Position_Unknown,Team_Unknown,Action_None,1225.15,637.16,1250.84,700.68,25.689999999999827,63.51999999999998,xml_geometry_csv_action
BootPass_109,213,39,28,Position_Unknown,Team_Unknown,Action_None,514.66,453.22,542.27,515.41,27.610000000000014,62.18999999999994,xml_geometry_csv_action
BootPass_109,213,40,29,Position_Unknown,Team_Unknown,Action_PreSnap,387.7,469.6,418.18,526.86,30.480000000000018,57.25999999999999,xml_geometry_csv_action
BootPass_109,213,4,4,Position_Unknown,Team_Unknown,Action_PreSnap,744.61,716.06,772.58,788.2,27.970000000000027,72.1400000000001,xml_geometry_csv_action
BootPass_109,213,5,5,Position_Unknown,Team_Unknown,Action_PreSnap,868.37,784.96,900.75,852.11,32.379999999999995,67.14999999999998,xml_geometry_csv_action
BootPass_109,213,7,7,Position_Unknown,Team_Unknown,Action_PreSnap,412.49,403.39,434.28,457.85,21.789999999999964,54.460000000000036,xml_geometry_csv_action
BootPass_109,213,9,9,Position_Unknown,Team_Unknown,Action_PreSnap,932.55,729.62,959.21,788.7,26.660000000000082,59.08000000000004,xml_geometry_csv_action
BootPass_109,214,0,0,Position_Unknown,Team_Unknown,Action_PreSnap,1653.07,756.02,1692.3,838.61,39.23000000000002,82.59000000000003,xml_geometry_csv_action
BootPass_109,214,1,1,Position_Unknown,Team_Unknown,Action_PreSnap,1116.8,778.32,1161.04,835.15,44.24000000000001,56.82999999999993,xml_geometry_csv_action
BootPass_109,214,12,12,Position_Unknown,Team_Unknown,Action_PreSnap,44.65,750.79,81.51,835.98,36.86000000000001,85.19000000000005,xml_geometry_csv_action
BootPass_109,214,18,18,Position_Unknown,Team_Unknown,Action_PreSnap,307.37,478.02,335.7,540.22,28.329999999999984,62.200000000000045,xml_geometry_csv_action
BootPass_109,214,2,2,Position_Unknown,Team_Unknown,Action_PreSnap,752.04,822.36,787.83,894.57,35.79000000000008,72.21000000000004,xml_geometry_csv_action
BootPass_109,214,20,20,Position_Unknown,Team_Unknown,Action_PreSnap,613.0,603.42,645.53,671.09,32.52999999999997,67.67000000000007,xml_geometry_csv_action
BootPass_109,214,22,21,Position_Unknown,Team_Unknown,Action_None,233.9,497.91,266.98,557.37,33.08000000000001,59.45999999999998,xml_geometry_csv_action
BootPass_109,214,24,22,Position_Unknown,Team_Unknown,Action_PreSnap,756.89,697.63,784.59,760.69,27.700000000000045,63.06000000000006,xml_geometry_csv_action
BootPass_109,214,29,24,Position_Unknown,Team_Unknown,Action_PreSnap,102.6,688.27,130.57,756.45,27.97,68.18000000000006,xml_geometry_csv_action
BootPass_109,214,31,25,Position_Unknown,Team_Unknown,Action_PreSnap,759.13,604.2,788.89,670.81,29.75999999999999,66.6099999999999,xml_geometry_csv_action
BootPass_109,214,34,27,Position_Unknown,Team_Unknown,Action_None,1226.89,639.1,1254.11,705.38,27.2199999999998,66.27999999999997,xml_geometry_csv_action
BootPass_109,214,39,28,Position_Unknown,Team_Unknown,Action_None,511.91,452.42,540.63,515.45,28.71999999999997,63.03000000000003,xml_geometry_csv_action
BootPass_109,214,40,29,Position_Unknown,Team_Unknown,Action_PreSnap,387.2,469.07,417.69,526.79,30.49000000000001,57.71999999999997,xml_geometry_csv_action
BootPass_109,214,4,4,Position_Unknown,Team_Unknown,Action_PreSnap,746.08,715.44,774.8,789.31,28.719999999999914,73.86999999999989,xml_geometry_csv_action
BootPass_109,214,5,5,Position_Unknown,Team_Unknown,Action_PreSnap,872.26,786.31,907.87,853.74,35.610000000000014,67.43000000000006,xml_geometry_csv_action
BootPass_109,214,7,7,Position_Unknown,Team_Unknown,Action_PreSnap,410.94,402.63,433.74,458.54,22.80000000000001,55.910000000000025,xml_geometry_csv_action
BootPass_109,214,9,9,Position_Unknown,Team_Unknown,Action_PreSnap,939.85,729.35,964.96,790.09,25.110000000000014,60.74000000000001,xml_geometry_csv_action
BootPass_109,215,0,0,Position_Unknown,Team_Unknown,Action_PreSnap,1651.58,754.46,1692.13,839.33,40.55000000000018,84.87,xml_geometry_csv_action
BootPass_109,215,1,1,Position_Unknown,Team_Unknown,Action_PreSnap,1115.06,780.1,1159.83,837.81,44.76999999999998,57.70999999999992,xml_geometry_csv_action
BootPass_109,215,12,12,Position_Unknown,Team_Unknown,Action_PreSnap,45.37,752.13,82.5,835.67,37.13,83.53999999999996,xml_geometry_csv_action
BootPass_109,215,18,18,Position_Unknown,Team_Unknown,Action_PreSnap,305.34,477.35,334.4,540.22,29.060000000000002,62.870000000000005,xml_geometry_csv_action
BootPass_109,215,2,2,Position_Unknown,Team_Unknown,Action_PreSnap,754.19,821.89,790.99,894.43,36.799999999999955,72.53999999999996,xml_geometry_csv_action
BootPass_109,215,20,20,Position_Unknown,Team_Unknown,Action_PreSnap,613.37,603.6,646.84,669.3,33.47000000000003,65.69999999999993,xml_geometry_csv_action
BootPass_109,215,22,21,Position_Unknown,Team_Unknown,Action_None,232.24,497.58,265.63,558.88,33.389999999999986,61.30000000000001,xml_geometry_csv_action
BootPass_109,215,24,22,Position_Unknown,Team_Unknown,Action_PreSnap,760.2,697.38,788.03,758.29,27.829999999999927,60.90999999999997,xml_geometry_csv_action
BootPass_109,215,29,24,Position_Unknown,Team_Unknown,Action_PreSnap,101.08,687.95,129.63,756.72,28.549999999999997,68.76999999999998,xml_geometry_csv_action
BootPass_109,215,31,25,Position_Unknown,Team_Unknown,Action_PreSnap,760.64,603.93,789.82,669.43,29.180000000000064,65.5,xml_geometry_csv_action
BootPass_109,215,32,26,Position_Unknown,Team_Unknown,Action_PreSnap,619.09,582.6,647.94,622.4,28.850000000000023,39.799999999999955,xml_geometry_csv_action
BootPass_109,215,34,27,Position_Unknown,Team_Unknown,Action_None,1228.81,641.03,1256.3,708.63,27.49000000000001,67.60000000000002,xml_geometry_csv_action
BootPass_109,215,39,28,Position_Unknown,Team_Unknown,Action_None,509.39,452.03,538.36,515.08,28.970000000000027,63.05000000000007,xml_geometry_csv_action
BootPass_109,215,40,29,Position_Unknown,Team_Unknown,Action_PreSnap,386.6,468.88,417.18,525.47,30.579999999999984,56.59000000000003,xml_geometry_csv_action
BootPass_109,215,4,4,Position_Unknown,Team_Unknown,Action_PreSnap,748.12,717.39,776.88,790.86,28.75999999999999,73.47000000000003,xml_geometry_csv_action
BootPass_109,215,5,5,Position_Unknown,Team_Unknown,Action_PreSnap,876.5,788.68,914.43,853.8,37.92999999999995,65.12,xml_geometry_csv_action
BootPass_109,215,7,7,Position_Unknown,Team_Unknown,Action_PreSnap,409.66,401.97,432.93,458.94,23.269999999999982,56.96999999999997,xml_geometry_csv_action
BootPass_109,215,9,9,Position_Unknown,Team_Unknown,Action_PreSnap,945.28,729.34,970.82,787.03,25.540000000000077,57.68999999999994,xml_geometry_csv_action
BootPass_109,216,0,0,Position_Unknown,Team_Unknown,Action_PreSnap,1651.17,752.94,1691.16,838.45,39.99000000000001,85.50999999999999,xml_geometry_csv_action
BootPass_109,216,1,1,Position_Unknown,Team_Unknown,Action_PreSnap,1112.18,781.06,1158.46,840.25,46.27999999999997,59.190000000000055,xml_geometry_csv_action
BootPass_109,216,12,12,Position_Unknown,Team_Unknown,Action_PreSnap,46.69,752.19,83.49,832.34,36.8,80.14999999999998,xml_geometry_csv_action
BootPass_109,216,18,18,Position_Unknown,Team_Unknown,Action_PreSnap,303.18,476.37,332.66,538.98,29.480000000000018,62.610000000000014,xml_geometry_csv_action
BootPass_109,216,2,2,Position_Unknown,Team_Unknown,Action_PreSnap,757.01,820.72,794.52,892.88,37.50999999999999,72.15999999999997,xml_geometry_csv_action
BootPass_109,216,20,20,Position_Unknown,Team_Unknown,Action_PreSnap,613.94,602.47,647.78,666.37,33.83999999999992,63.89999999999998,xml_geometry_csv_action
BootPass_109,216,22,21,Position_Unknown,Team_Unknown,Action_None,230.01,497.25,263.5,559.66,33.49000000000001,62.40999999999997,xml_geometry_csv_action
BootPass_109,216,24,22,Position_Unknown,Team_Unknown,Action_PreSnap,762.15,696.65,790.74,756.05,28.590000000000032,59.39999999999998,xml_geometry_csv_action
BootPass_109,216,29,24,Position_Unknown,Team_Unknown,Action_PreSnap,99.11,686.75,128.59,755.5,29.480000000000004,68.75,xml_geometry_csv_action
BootPass_109,216,31,25,Position_Unknown,Team_Unknown,Action_PreSnap,762.94,604.08,792.5,666.4,29.559999999999945,62.319999999999936,xml_geometry_csv_action
BootPass_109,216,32,26,Position_Unknown,Team_Unknown,Action_PreSnap,620.14,581.44,648.74,621.01,28.600000000000023,39.569999999999936,xml_geometry_csv_action
BootPass_109,216,34,27,Position_Unknown,Team_Unknown,Action_None,1230.86,643.85,1258.83,712.67,27.970000000000027,68.81999999999994,xml_geometry_csv_action
BootPass_109,216,39,28,Position_Unknown,Team_Unknown,Action_None,506.8,451.06,535.93,514.56,29.12999999999994,63.49999999999994,xml_geometry_csv_action
BootPass_109,216,4,4,Position_Unknown,Team_Unknown,Action_PreSnap,750.49,717.77,780.6,789.91,30.110000000000014,72.13999999999999,xml_geometry_csv_action
BootPass_109,216,5,5,Position_Unknown,Team_Unknown,Action_PreSnap,878.48,788.58,920.34,853.78,41.860000000000014,65.19999999999993,xml_geometry_csv_action
BootPass_109,216,7,7,Position_Unknown,Team_Unknown,Action_PreSnap,407.59,400.96,431.64,458.27,24.05000000000001,57.31,xml_geometry_csv_action
BootPass_109,216,9,9,Position_Unknown,Team_Unknown,Action_PreSnap,950.43,728.88,975.69,782.98,25.260000000000105,54.10000000000002,xml_geometry_csv_action
BootPass_109,217,0,0,Position_Unknown,Team_Unknown,Action_PreSnap,1651.11,750.7,1690.03,837.36,38.92000000000007,86.65999999999997,xml_geometry_csv_action
BootPass_109,217,1,1,Position_Unknown,Team_Unknown,Action_PreSnap,1106.09,782.22,1157.68,844.02,51.590000000000146,61.799999999999955,xml_geometry_csv_action
BootPass_109,217,12,12,Position_Unknown,Team_Unknown,Action_PreSnap,49.37,751.8,83.54,823.01,34.17000000000001,71.21000000000004,xml_geometry_csv_action
BootPass_109,217,18,18,Position_Unknown,Team_Unknown,Action_PreSnap,299.99,475.58,330.41,537.4,30.420000000000016,61.81999999999999,xml_geometry_csv_action
BootPass_109,217,2,2,Position_Unknown,Team_Unknown,Action_PreSnap,759.29,819.32,797.08,892.67,37.79000000000008,73.34999999999991,xml_geometry_csv_action
BootPass_109,217,20,20,Position_Unknown,Team_Unknown,Action_PreSnap,614.21,600.3,649.08,665.16,34.870000000000005,64.86000000000001,xml_geometry_csv_action
BootPass_109,217,22,21,Position_Unknown,Team_Unknown,Action_None,227.76,496.8,261.49,560.11,33.73000000000002,63.31,xml_geometry_csv_action
BootPass_109,217,24,22,Position_Unknown,Team_Unknown,Action_PreSnap,762.98,696.46,794.25,764.81,31.269999999999982,68.34999999999991,xml_geometry_csv_action
BootPass_109,217,29,24,Position_Unknown,Team_Unknown,Action_PreSnap,97.96,685.87,127.49,750.25,29.53,64.38,xml_geometry_csv_action
BootPass_109,217,31,25,Position_Unknown,Team_Unknown,Action_PreSnap,762.77,604.32,794.95,665.68,32.180000000000064,61.3599999999999,xml_geometry_csv_action
BootPass_109,217,34,27,Position_Unknown,Team_Unknown,Action_None,1231.93,646.33,1259.71,714.16,27.779999999999973,67.82999999999993,xml_geometry_csv_action
BootPass_109,217,39,28,Position_Unknown,Team_Unknown,Action_None,503.93,449.55,533.72,513.51,29.79000000000002,63.95999999999998,xml_geometry_csv_action
BootPass_109,217,40,29,Position_Unknown,Team_Unknown,Action_PreSnap,384.6,466.14,414.9,522.78,30.299999999999955,56.639999999999986,xml_geometry_csv_action
BootPass_109,217,4,4,Position_Unknown,Team_Unknown,Action_PreSnap,751.75,718.79,784.29,792.02,32.539999999999964,73.23000000000002,xml_geometry_csv_action
BootPass_109,217,7,7,Position_Unknown,Team_Unknown,Action_PreSnap,405.46,399.13,430.32,457.58,24.860000000000014,58.44999999999999,xml_geometry_csv_action
BootPass_109,217,9,9,Position_Unknown,Team_Unknown,Action_PreSnap,953.16,728.45,981.01,781.22,27.850000000000023,52.76999999999998,xml_geometry_csv_action
BootPass_109,218,0,0,Position_Unknown,Team_Unknown,Action_PreSnap,1650.32,748.22,1688.0,835.5,37.680000000000064,87.27999999999997,xml_geometry_csv_action
BootPass_109,218,1,1,Position_Unknown,Team_Unknown,Action_PreSnap,1101.83,783.91,1159.08,847.35,57.25,63.440000000000055,xml_geometry_csv_action
BootPass_109,218,12,12,Position_Unknown,Team_Unknown,Action_PreSnap,51.12,750.38,84.01,817.59,32.89000000000001,67.21000000000004,xml_geometry_csv_action
BootPass_109,218,18,18,Position_Unknown,Team_Unknown,Action_PreSnap,296.71,474.28,328.49,536.01,31.78000000000003,61.73000000000002,xml_geometry_csv_action
BootPass_109,218,2,2,Position_Unknown,Team_Unknown,Action_PreSnap,762.09,816.97,799.34,891.36,37.25,74.38999999999999,xml_geometry_csv_action
BootPass_109,218,20,20,Position_Unknown,Team_Unknown,Action_PreSnap,616.16,598.21,650.45,662.97,34.29000000000008,64.75999999999999,xml_geometry_csv_action
BootPass_109,218,22,21,Position_Unknown,Team_Unknown,Action_None,225.47,495.95,258.98,559.37,33.51000000000002,63.420000000000016,xml_geometry_csv_action
BootPass_109,218,24,22,Position_Unknown,Team_Unknown,Action_PreSnap,765.45,695.53,797.63,767.36,32.17999999999995,71.83000000000004,xml_geometry_csv_action
BootPass_109,218,29,24,Position_Unknown,Team_Unknown,Action_PreSnap,95.75,684.9,126.06,748.34,30.310000000000002,63.440000000000055,xml_geometry_csv_action
BootPass_109,218,31,25,Position_Unknown,Team_Unknown,Action_PreSnap,765.27,604.36,798.43,664.41,33.15999999999997,60.049999999999955,xml_geometry_csv_action
BootPass_109,218,34,27,Position_Unknown,Team_Unknown,Action_None,1233.15,647.29,1259.81,713.78,26.659999999999854,66.49000000000001,xml_geometry_csv_action
BootPass_109,218,39,28,Position_Unknown,Team_Unknown,Action_None,501.32,447.86,531.03,510.71,29.70999999999998,62.849999999999966,xml_geometry_csv_action
BootPass_109,218,40,29,Position_Unknown,Team_Unknown,Action_PreSnap,383.05,464.8,413.3,521.3,30.25,56.49999999999994,xml_geometry_csv_action
BootPass_109,218,4,4,Position_Unknown,Team_Unknown,Action_PreSnap,751.81,720.42,786.26,792.36,34.450000000000045,71.94000000000005,xml_geometry_csv_action
BootPass_109,218,5,5,Position_Unknown,Team_Unknown,Action_PreSnap,894.8,786.82,928.69,855.09,33.8900000000001,68.26999999999998,xml_geometry_csv_action
BootPass_109,218,7,7,Position_Unknown,Team_Unknown,Action_PreSnap,403.59,397.3,428.48,455.68,24.890000000000043,58.379999999999995,xml_geometry_csv_action
BootPass_109,218,9,9,Position_Unknown,Team_Unknown,Action_PreSnap,958.44,727.43,986.12,780.49,27.67999999999995,53.06000000000006,xml_geometry_csv_action
BootPass_109,219,0,0,Position_Unknown,Team_Unknown,Action_PreSnap,1647.4,746.09,1685.7,833.42,38.299999999999955,87.32999999999993,xml_geometry_csv_action
BootPass_109,219,1,1,Position_Unknown,Team_Unknown,Action_PreSnap,1098.39,784.81,1158.31,847.25,59.919999999999845,62.440000000000055,xml_geometry_csv_action
BootPass_109,219,18,18,Position_Unknown,Team_Unknown,Action_PreSnap,293.78,472.84,325.9,534.9,32.120000000000005,62.06,xml_geometry_csv_action
BootPass_109,219,2,2,Position_Unknown,Team_Unknown,Action_PreSnap,764.34,814.87,801.88,890.72,37.539999999999964,75.85000000000002,xml_geometry_csv_action
BootPass_109,219,20,20,Position_Unknown,Team_Unknown,Action_PreSnap,617.52,596.86,651.11,661.53,33.59000000000003,64.66999999999996,xml_geometry_csv_action
BootPass_109,219,22,21,Position_Unknown,Team_Unknown,Action_None,222.44,494.92,256.93,559.12,34.49000000000001,64.19999999999999,xml_geometry_csv_action
BootPass_109,219,24,22,Position_Unknown,Team_Unknown,Action_PreSnap,767.52,694.97,800.4,769.98,32.879999999999995,75.00999999999999,xml_geometry_csv_action
BootPass_109,219,29,24,Position_Unknown,Team_Unknown,Action_PreSnap,93.75,684.17,124.7,747.79,30.950000000000003,63.620000000000005,xml_geometry_csv_action
BootPass_109,219,31,25,Position_Unknown,Team_Unknown,Action_PreSnap,766.06,604.55,801.64,664.39,35.58000000000004,59.84000000000003,xml_geometry_csv_action
BootPass_109,219,34,27,Position_Unknown,Team_Unknown,Action_None,1234.55,647.79,1259.72,712.9,25.170000000000073,65.11000000000001,xml_geometry_csv_action
BootPass_109,219,39,28,Position_Unknown,Team_Unknown,Action_None,497.62,445.97,527.82,509.14,30.200000000000045,63.16999999999996,xml_geometry_csv_action
BootPass_109,219,40,29,Position_Unknown,Team_Unknown,Action_PreSnap,381.28,462.79,411.91,520.14,30.630000000000052,57.349999999999966,xml_geometry_csv_action
BootPass_109,219,4,4,Position_Unknown,Team_Unknown,Action_PreSnap,750.33,722.07,788.55,792.87,38.219999999999914,70.79999999999995,xml_geometry_csv_action
BootPass_109,219,7,7,Position_Unknown,Team_Unknown,Action_PreSnap,401.64,395.34,426.58,454.81,24.939999999999998,59.47000000000003,xml_geometry_csv_action
BootPass_109,219,9,9,Position_Unknown,Team_Unknown,Action_PreSnap,963.47,726.27,991.48,785.18,28.00999999999999,58.90999999999997,xml_geometry_csv_action
BootPass_109,220,0,0,Position_Unknown,Team_Unknown,Action_PreSnap,1645.0,742.76,1683.6,830.84,38.59999999999991,88.08000000000004,xml_geometry_csv_action
BootPass_109,220,1,1,Position_Unknown,Team_Unknown,Action_PreSnap,1094.01,786.37,1158.03,849.48,64.01999999999998,63.110000000000014,xml_geometry_csv_action
BootPass_109,220,18,18,Position_Unknown,Team_Unknown,Action_PreSnap,292.08,470.37,322.93,533.77,30.850000000000023,63.39999999999998,xml_geometry_csv_action
BootPass_109,220,2,2,Position_Unknown,Team_Unknown,Action_PreSnap,766.6,813.07,804.36,891.19,37.75999999999999,78.12,xml_geometry_csv_action
BootPass_109,220,20,20,Position_Unknown,Team_Unknown,Action_PreSnap,616.9,595.32,650.4,661.46,33.5,66.13999999999999,xml_geometry_csv_action
BootPass_109,220,22,21,Position_Unknown,Team_Unknown,Action_None,218.55,493.67,252.86,556.85,34.31,63.18000000000001,xml_geometry_csv_action
BootPass_109,220,24,22,Position_Unknown,Team_Unknown,Action_PreSnap,770.17,694.59,803.21,771.36,33.04000000000008,76.76999999999998,xml_geometry_csv_action
BootPass_109,220,29,24,Position_Unknown,Team_Unknown,Action_PreSnap,90.34,683.68,122.12,750.85,31.78,67.17000000000007,xml_geometry_csv_action
BootPass_109,220,31,25,Position_Unknown,Team_Unknown,Action_PreSnap,772.44,602.93,805.98,663.74,33.539999999999964,60.81000000000006,xml_geometry_csv_action
BootPass_109,220,34,27,Position_Unknown,Team_Unknown,Action_None,1233.75,648.16,1259.5,713.86,25.75,65.70000000000005,xml_geometry_csv_action
BootPass_109,220,39,28,Position_Unknown,Team_Unknown,Action_None,493.61,444.15,524.32,508.42,30.710000000000036,64.27000000000004,xml_geometry_csv_action
BootPass_109,220,40,29,Position_Unknown,Team_Unknown,Action_PreSnap,378.92,460.42,409.98,517.91,31.060000000000002,57.48999999999995,xml_geometry_csv_action
BootPass_109,220,4,4,Position_Unknown,Team_Unknown,Action_PreSnap,748.63,723.07,789.61,793.52,40.98000000000002,70.44999999999993,xml_geometry_csv_action
BootPass_109,220,7,7,Position_Unknown,Team_Unknown,Action_PreSnap,398.71,393.27,424.61,452.32,25.900000000000034,59.05000000000001,xml_geometry_csv_action
BootPass_109,220,9,9,Position_Unknown,Team_Unknown,Action_PreSnap,966.3,725.18,994.96,779.4,28.660000000000082,54.22000000000003,xml_geometry_csv_action
BootPass_109,221,0,0,Position_Unknown,Team_Unknown,Action_PreSnap,1641.82,739.06,1680.59,826.51,38.76999999999998,87.45000000000005,xml_geometry_csv_action
BootPass_109,221,18,18,Position_Unknown,Team_Unknown,Action_PreSnap,289.38,468.36,318.37,531.41,28.99000000000001,63.049999999999955,xml_geometry_csv_action
BootPass_109,221,2,2,Position_Unknown,Team_Unknown,Action_PreSnap,769.27,812.41,805.47,888.63,36.200000000000045,76.22000000000003,xml_geometry_csv_action
BootPass_109,221,20,20,Position_Unknown,Team_Unknown,Action_PreSnap,616.57,593.98,648.87,661.18,32.299999999999955,67.19999999999993,xml_geometry_csv_action
BootPass_109,221,22,21,Position_Unknown,Team_Unknown,Action_None,214.58,492.55,248.68,554.85,34.099999999999994,62.30000000000001,xml_geometry_csv_action
BootPass_109,221,24,22,Position_Unknown,Team_Unknown,Action_PreSnap,772.91,693.74,804.73,770.98,31.82000000000005,77.24000000000001,xml_geometry_csv_action
BootPass_109,221,29,24,Position_Unknown,Team_Unknown,Action_PreSnap,86.62,683.86,118.31,750.11,31.689999999999998,66.25,xml_geometry_csv_action
BootPass_109,221,31,25,Position_Unknown,Team_Unknown,Action_PreSnap,775.99,601.51,807.21,662.92,31.220000000000027,61.40999999999997,xml_geometry_csv_action
BootPass_109,221,34,27,Position_Unknown,Team_Unknown,Action_None,1231.35,649.15,1257.82,715.97,26.470000000000027,66.82000000000005,xml_geometry_csv_action
BootPass_109,221,39,28,Position_Unknown,Team_Unknown,Action_None,489.23,442.97,519.88,505.74,30.649999999999977,62.76999999999998,xml_geometry_csv_action
BootPass_109,221,40,29,Position_Unknown,Team_Unknown,Action_PreSnap,375.56,458.59,406.82,514.95,31.25999999999999,56.36000000000007,xml_geometry_csv_action
BootPass_109,221,4,4,Position_Unknown,Team_Unknown,Action_PreSnap,747.67,722.75,790.13,793.27,42.460000000000036,70.51999999999998,xml_geometry_csv_action
BootPass_109,221,7,7,Position_Unknown,Team_Unknown,Action_PreSnap,395.53,391.91,420.69,449.49,25.160000000000025,57.579999999999984,xml_geometry_csv_action
BootPass_109,221,9,9,Position_Unknown,Team_Unknown,Action_PreSnap,969.09,723.73,998.67,773.62,29.579999999999927,49.889999999999986,xml_geometry_csv_action
BootPass_109,222,0,0,Position_Unknown,Team_Unknown,Action_PreSnap,1638.83,737.0,1676.13,823.43,37.30000000000018,86.42999999999995,xml_geometry_csv_action
BootPass_109,222,2,2,Position_Unknown,Team_Unknown,Action_PreSnap,771.32,813.34,805.22,887.26,33.89999999999998,73.91999999999996,xml_geometry_csv_action
BootPass_109,222,20,20,Position_Unknown,Team_Unknown,Action_PreSnap,614.88,593.12,647.07,661.79,32.190000000000055,68.66999999999996,xml_geometry_csv_action
BootPass_109,222,22,21,Position_Unknown,Team_Unknown,Action_None,210.19,491.61,244.16,552.97,33.97,61.360000000000014,xml_geometry_csv_action
BootPass_109,222,24,22,Position_Unknown,Team_Unknown,Action_PreSnap,775.36,693.27,805.32,767.82,29.960000000000036,74.55000000000007,xml_geometry_csv_action
BootPass_109,222,29,24,Position_Unknown,Team_Unknown,Action_PreSnap,81.97,684.45,114.42,750.67,32.45,66.21999999999991,xml_geometry_csv_action
BootPass_109,222,31,25,Position_Unknown,Team_Unknown,Action_PreSnap,777.26,602.2,806.64,661.98,29.379999999999995,59.77999999999997,xml_geometry_csv_action
BootPass_109,222,34,27,Position_Unknown,Team_Unknown,Action_None,1230.37,650.22,1256.58,717.16,26.210000000000036,66.93999999999994,xml_geometry_csv_action
BootPass_109,222,39,28,Position_Unknown,Team_Unknown,Action_None,484.7,441.91,514.67,502.78,29.96999999999997,60.86999999999995,xml_geometry_csv_action
BootPass_109,222,40,29,Position_Unknown,Team_Unknown,Action_PreSnap,372.23,457.52,403.32,512.79,31.089999999999975,55.26999999999998,xml_geometry_csv_action
BootPass_109,222,4,4,Position_Unknown,Team_Unknown,Action_PreSnap,749.81,722.21,790.88,792.41,41.07000000000005,70.19999999999993,xml_geometry_csv_action
BootPass_109,222,7,7,Position_Unknown,Team_Unknown,Action_PreSnap,392.09,390.63,415.31,446.48,23.220000000000027,55.85000000000002,xml_geometry_csv_action
BootPass_109,222,9,9,Position_Unknown,Team_Unknown,Action_PreSnap,970.59,722.49,1001.62,775.04,31.029999999999973,52.549999999999955,xml_geometry_csv_action
BootPass_109,223,0,0,Position_Unknown,Team_Unknown,Action_PreSnap,1634.38,735.8,1670.74,820.74,36.3599999999999,84.94000000000005,xml_geometry_csv_action
BootPass_109,223,18,18,Position_Unknown,Team_Unknown,Action_PreSnap,280.38,465.49,309.72,527.85,29.340000000000032,62.360000000000014,xml_geometry_csv_action
BootPass_109,223,2,2,Position_Unknown,Team_Unknown,Action_PreSnap,772.63,814.02,804.42,886.45,31.789999999999964,72.43000000000006,xml_geometry_csv_action
BootPass_109,223,20,20,Position_Unknown,Team_Unknown,Action_PreSnap,614.43,590.78,645.67,661.5,31.24000000000001,70.72000000000003,xml_geometry_csv_action
BootPass_109,223,22,21,Position_Unknown,Team_Unknown,Action_None,205.47,490.26,238.57,552.72,33.099999999999994,62.460000000000036,xml_geometry_csv_action
BootPass_109,223,24,22,Position_Unknown,Team_Unknown,Action_PreSnap,777.28,692.17,805.77,760.83,28.49000000000001,68.66000000000008,xml_geometry_csv_action
BootPass_109,223,29,24,Position_Unknown,Team_Unknown,Action_PreSnap,77.26,686.08,110.36,753.65,33.099999999999994,67.56999999999994,xml_geometry_csv_action
BootPass_109,223,31,25,Position_Unknown,Team_Unknown,Action_PreSnap,776.5,602.49,805.66,661.56,29.159999999999968,59.069999999999936,xml_geometry_csv_action
BootPass_109,223,34,27,Position_Unknown,Team_Unknown,Action_None,1229.88,651.49,1255.72,714.43,25.839999999999918,62.93999999999994,xml_geometry_csv_action
BootPass_109,223,39,28,Position_Unknown,Team_Unknown,Action_None,479.89,440.29,508.86,499.31,28.970000000000027,59.01999999999998,xml_geometry_csv_action
BootPass_109,223,40,29,Position_Unknown,Team_Unknown,Action_PreSnap,367.62,456.1,399.53,510.22,31.909999999999968,54.120000000000005,xml_geometry_csv_action
BootPass_109,223,4,4,Position_Unknown,Team_Unknown,Action_PreSnap,750.27,723.29,790.99,792.6,40.72000000000003,69.31000000000006,xml_geometry_csv_action
BootPass_109,223,7,7,Position_Unknown,Team_Unknown,Action_PreSnap,386.87,389.3,409.63,443.65,22.75999999999999,54.349999999999966,xml_geometry_csv_action
BootPass_109,223,9,9,Position_Unknown,Team_Unknown,Action_PreSnap,973.85,721.62,1005.38,781.93,31.529999999999973,60.309999999999945,xml_geometry_csv_action
BootPass_109,224,0,0,Position_Unknown,Team_Unknown,Action_PreSnap,1629.05,733.51,1665.9,817.28,36.850000000000136,83.76999999999998,xml_geometry_csv_action
BootPass_109,224,12,12,Position_Unknown,Team_Unknown,Action_PreSnap,51.31,753.14,79.65,814.21,28.340000000000003,61.07000000000005,xml_geometry_csv_action
BootPass_109,224,18,18,Position_Unknown,Team_Unknown,Action_PreSnap,276.15,463.96,305.16,525.1,29.010000000000048,61.14000000000004,xml_geometry_csv_action
BootPass_109,224,2,2,Position_Unknown,Team_Unknown,Action_PreSnap,773.7,812.54,803.75,885.5,30.049999999999955,72.96000000000004,xml_geometry_csv_action
BootPass_109,224,22,21,Position_Unknown,Team_Unknown,Action_None,201.22,489.05,233.32,550.71,32.099999999999994,61.660000000000025,xml_geometry_csv_action
BootPass_109,224,24,22,Position_Unknown,Team_Unknown,Action_PreSnap,779.21,691.13,806.34,752.99,27.129999999999995,61.860000000000014,xml_geometry_csv_action
BootPass_109,224,29,24,Position_Unknown,Team_Unknown,Action_PreSnap,72.78,686.56,106.04,753.76,33.260000000000005,67.20000000000005,xml_geometry_csv_action
BootPass_109,224,31,25,Position_Unknown,Team_Unknown,Action_PreSnap,776.36,601.42,805.28,659.62,28.91999999999996,58.200000000000045,xml_geometry_csv_action
BootPass_109,224,34,27,Position_Unknown,Team_Unknown,Action_None,1228.2,652.74,1253.99,708.74,25.789999999999964,56.0,xml_geometry_csv_action
BootPass_109,224,39,28,Position_Unknown,Team_Unknown,Action_None,474.78,438.59,503.25,497.97,28.470000000000027,59.38000000000005,xml_geometry_csv_action
BootPass_109,224,40,29,Position_Unknown,Team_Unknown,Action_PreSnap,362.97,454.03,395.09,509.21,32.11999999999995,55.18000000000001,xml_geometry_csv_action
BootPass_109,224,4,4,Position_Unknown,Team_Unknown,Action_PreSnap,754.71,722.26,791.06,791.61,36.34999999999991,69.35000000000002,xml_geometry_csv_action
BootPass_109,224,5,5,Position_Unknown,Team_Unknown,Action_PreSnap,924.51,771.46,959.28,839.95,34.76999999999998,68.49000000000001,xml_geometry_csv_action
BootPass_109,224,7,7,Position_Unknown,Team_Unknown,Action_PreSnap,381.21,387.76,404.37,440.96,23.160000000000025,53.19999999999999,xml_geometry_csv_action
BootPass_109,224,9,9,Position_Unknown,Team_Unknown,Action_PreSnap,977.56,720.14,1007.94,784.35,30.38000000000011,64.21000000000004,xml_geometry_csv_action
BootPass_109,225,0,0,Position_Unknown,Team_Unknown,Action_PreSnap,1623.02,730.33,1660.47,814.9,37.450000000000045,84.56999999999994,xml_geometry_csv_action
BootPass_109,225,12,12,Position_Unknown,Team_Unknown,Action_PreSnap,48.37,754.73,78.38,826.62,30.009999999999998,71.88999999999999,xml_geometry_csv_action
BootPass_109,225,18,18,Position_Unknown,Team_Unknown,Action_PreSnap,271.89,462.83,300.89,524.33,29.0,61.50000000000006,xml_geometry_csv_action
BootPass_109,225,2,2,Position_Unknown,Team_Unknown,Action_PreSnap,773.98,810.48,802.95,881.72,28.970000000000027,71.24000000000001,xml_geometry_csv_action
BootPass_109,225,22,21,Position_Unknown,Team_Unknown,Action_None,195.5,487.62,228.54,549.24,33.03999999999999,61.620000000000005,xml_geometry_csv_action
BootPass_109,225,24,22,Position_Unknown,Team_Unknown,Action_PreSnap,780.98,689.9,807.12,746.16,26.139999999999986,56.25999999999999,xml_geometry_csv_action
BootPass_109,225,29,24,Position_Unknown,Team_Unknown,Action_PreSnap,69.29,686.27,102.86,754.98,33.56999999999999,68.71000000000004,xml_geometry_csv_action
BootPass_109,225,31,25,Position_Unknown,Team_Unknown,Action_PreSnap,774.97,600.82,803.75,658.19,28.779999999999973,57.370000000000005,xml_geometry_csv_action
BootPass_109,225,34,27,Position_Unknown,Team_Unknown,Action_None,1225.18,654.06,1251.91,706.23,26.730000000000018,52.17000000000007,xml_geometry_csv_action
BootPass_109,225,39,28,Position_Unknown,Team_Unknown,Action_None,468.9,437.39,497.76,498.81,28.860000000000014,61.420000000000016,xml_geometry_csv_action
BootPass_109,225,40,29,Position_Unknown,Team_Unknown,Action_PreSnap,357.41,452.49,390.68,509.74,33.26999999999998,57.25,xml_geometry_csv_action
BootPass_109,225,41,30,Position_Unknown,Team_Unknown,Action_PreSnap,414.56,388.17,439.48,447.53,24.920000000000016,59.35999999999996,xml_geometry_csv_action
BootPass_109,225,4,4,Position_Unknown,Team_Unknown,Action_PreSnap,757.36,721.41,790.48,790.28,33.120000000000005,68.87,xml_geometry_csv_action
BootPass_109,225,5,5,Position_Unknown,Team_Unknown,Action_PreSnap,926.49,770.62,961.95,840.52,35.460000000000036,69.89999999999998,xml_geometry_csv_action
BootPass_109,225,7,7,Position_Unknown,Team_Unknown,Action_PreSnap,375.71,385.8,400.43,440.27,24.720000000000027,54.46999999999997,xml_geometry_csv_action
BootPass_109,225,9,9,Position_Unknown,Team_Unknown,Action_PreSnap,982.42,718.95,1010.46,785.33,28.040000000000077,66.38,xml_geometry_csv_action
BootPass_109,226,0,0,Position_Unknown,Team_Unknown,Action_PreSnap,1618.08,727.9,1656.32,812.01,38.24000000000001,84.11000000000001,xml_geometry_csv_action
BootPass_109,226,12,12,Position_Unknown,Team_Unknown,Action_PreSnap,47.21,759.19,77.24,834.64,30.029999999999994,75.44999999999993,xml_geometry_csv_action
BootPass_109,226,18,18,Position_Unknown,Team_Unknown,Action_PreSnap,267.14,461.02,295.21,522.78,28.069999999999993,61.75999999999999,xml_geometry_csv_action
BootPass_109,226,22,21,Position_Unknown,Team_Unknown,Action_None,189.46,485.86,222.92,549.95,33.45999999999998,64.09000000000003,xml_geometry_csv_action
BootPass_109,226,24,22,Position_Unknown,Team_Unknown,Action_PreSnap,781.37,687.86,808.07,747.93,26.700000000000045,60.069999999999936,xml_geometry_csv_action
BootPass_109,226,29,24,Position_Unknown,Team_Unknown,Action_PreSnap,65.55,685.14,99.83,754.58,34.28,69.44000000000005,xml_geometry_csv_action
BootPass_109,226,31,25,Position_Unknown,Team_Unknown,Action_PreSnap,772.17,599.21,802.86,656.76,30.690000000000055,57.549999999999955,xml_geometry_csv_action
BootPass_109,226,34,27,Position_Unknown,Team_Unknown,Action_None,1223.73,654.34,1250.35,705.39,26.61999999999989,51.049999999999955,xml_geometry_csv_action
BootPass_109,226,39,28,Position_Unknown,Team_Unknown,Action_None,462.74,435.07,491.76,498.45,29.019999999999982,63.379999999999995,xml_geometry_csv_action
BootPass_109,226,40,29,Position_Unknown,Team_Unknown,Action_PreSnap,352.24,450.7,385.7,509.63,33.45999999999998,58.93000000000001,xml_geometry_csv_action
BootPass_109,226,41,30,Position_Unknown,Team_Unknown,Action_PreSnap,408.25,385.72,434.09,445.98,25.839999999999975,60.25999999999999,xml_geometry_csv_action
BootPass_109,226,42,31,Position_Unknown,Team_Unknown,Action_PreSnap,1763.68,923.14,1795.77,1016.69,32.08999999999992,93.55000000000007,xml_geometry_csv_action
BootPass_109,226,4,4,Position_Unknown,Team_Unknown,Action_PreSnap,758.07,719.83,790.36,788.37,32.289999999999964,68.53999999999996,xml_geometry_csv_action
BootPass_109,226,5,5,Position_Unknown,Team_Unknown,Action_PreSnap,930.01,770.01,964.9,842.56,34.889999999999986,72.54999999999995,xml_geometry_csv_action
BootPass_109,226,7,7,Position_Unknown,Team_Unknown,Action_PreSnap,370.78,383.59,396.08,439.89,25.30000000000001,56.30000000000001,xml_geometry_csv_action
BootPass_109,226,9,9,Position_Unknown,Team_Unknown,Action_PreSnap,984.63,718.6,1012.15,785.72,27.519999999999982,67.12,xml_geometry_csv_action
BootPass_109,227,0,0,Position_Unknown,Team_Unknown,Action_PreSnap,1612.91,725.31,1652.0,808.62,39.08999999999992,83.31000000000006,xml_geometry_csv_action
BootPass_109,227,12,12,Position_Unknown,Team_Unknown,Action_PreSnap,45.62,761.84,75.39,837.71,29.770000000000003,75.87,xml_geometry_csv_action
BootPass_109,227,18,18,Position_Unknown,Team_Unknown,Action_PreSnap,262.0,458.83,289.49,521.48,27.49000000000001,62.650000000000034,xml_geometry_csv_action
BootPass_109,227,20,20,Position_Unknown,Team_Unknown,Action_PreSnap,608.2,577.93,636.91,647.34,28.709999999999923,69.41000000000008,xml_geometry_csv_action
BootPass_109,227,22,21,Position_Unknown,Team_Unknown,Action_None,183.47,484.04,217.84,548.88,34.370000000000005,64.83999999999997,xml_geometry_csv_action
BootPass_109,227,24,22,Position_Unknown,Team_Unknown,Action_PreSnap,781.0,685.11,809.39,753.0,28.389999999999986,67.88999999999999,xml_geometry_csv_action
BootPass_109,227,29,24,Position_Unknown,Team_Unknown,Action_PreSnap,62.05,683.97,96.12,753.46,34.07000000000001,69.49000000000001,xml_geometry_csv_action
BootPass_109,227,31,25,Position_Unknown,Team_Unknown,Action_PreSnap,770.04,596.7,801.72,655.38,31.680000000000064,58.67999999999995,xml_geometry_csv_action
BootPass_109,227,34,27,Position_Unknown,Team_Unknown,Action_None,1222.01,654.34,1248.19,706.09,26.180000000000064,51.75,xml_geometry_csv_action
BootPass_109,227,39,28,Position_Unknown,Team_Unknown,Action_None,456.4,432.84,485.59,496.23,29.189999999999998,63.39000000000004,xml_geometry_csv_action
BootPass_109,227,40,29,Position_Unknown,Team_Unknown,Action_PreSnap,347.01,448.67,380.74,508.29,33.73000000000002,59.620000000000005,xml_geometry_csv_action
BootPass_109,227,41,30,Position_Unknown,Team_Unknown,Action_PreSnap,403.24,383.1,427.38,443.98,24.139999999999986,60.879999999999995,xml_geometry_csv_action
BootPass_109,227,42,31,Position_Unknown,Team_Unknown,Action_PreSnap,1758.11,919.95,1788.56,1011.94,30.450000000000045,91.99000000000001,xml_geometry_csv_action
BootPass_109,227,4,4,Position_Unknown,Team_Unknown,Action_PreSnap,759.18,716.77,790.34,782.39,31.160000000000082,65.62,xml_geometry_csv_action
BootPass_109,227,5,5,Position_Unknown,Team_Unknown,Action_PreSnap,932.71,770.1,965.72,842.59,33.00999999999999,72.49000000000001,xml_geometry_csv_action
BootPass_109,227,7,7,Position_Unknown,Team_Unknown,Action_PreSnap,364.78,381.32,389.65,438.22,24.870000000000005,56.900000000000034,xml_geometry_csv_action
BootPass_109,227,9,9,Position_Unknown,Team_Unknown,Action_PreSnap,985.08,717.89,1013.4,782.1,28.319999999999936,64.21000000000004,xml_geometry_csv_action
BootPass_109,228,0,0,Position_Unknown,Team_Unknown,Action_PreSnap,1607.88,724.21,1647.31,805.43,39.429999999999836,81.21999999999991,xml_geometry_csv_action
BootPass_109,228,12,12,Position_Unknown,Team_Unknown,Action_PreSnap,44.24,755.94,74.97,834.89,30.729999999999997,78.94999999999993,xml_geometry_csv_action
BootPass_109,228,18,18,Position_Unknown,Team_Unknown,Action_PreSnap,256.24,456.75,283.74,520.55,27.5,63.799999999999955,xml_geometry_csv_action
BootPass_109,228,20,20,Position_Unknown,Team_Unknown,Action_PreSnap,606.62,577.86,635.93,647.56,29.309999999999945,69.69999999999993,xml_geometry_csv_action
BootPass_109,228,22,21,Position_Unknown,Team_Unknown,Action_None,178.41,481.87,212.37,549.07,33.96000000000001,67.20000000000005,xml_geometry_csv_action
BootPass_109,228,24,22,Position_Unknown,Team_Unknown,Action_PreSnap,779.7,682.2,810.9,753.07,31.199999999999932,70.87,xml_geometry_csv_action
BootPass_109,228,29,24,Position_Unknown,Team_Unknown,Action_PreSnap,58.62,682.06,93.36,754.12,34.74,72.06000000000006,xml_geometry_csv_action
BootPass_109,228,31,25,Position_Unknown,Team_Unknown,Action_PreSnap,767.82,592.86,801.02,654.2,33.19999999999993,61.34000000000003,xml_geometry_csv_action
BootPass_109,228,34,27,Position_Unknown,Team_Unknown,Action_None,1219.31,654.18,1245.72,713.17,26.410000000000082,58.99000000000001,xml_geometry_csv_action
BootPass_109,228,39,28,Position_Unknown,Team_Unknown,Action_None,450.08,430.06,479.88,494.07,29.80000000000001,64.00999999999999,xml_geometry_csv_action
BootPass_109,228,40,29,Position_Unknown,Team_Unknown,Action_PreSnap,342.69,446.09,375.82,507.03,33.129999999999995,60.94,xml_geometry_csv_action
BootPass_109,228,4,4,Position_Unknown,Team_Unknown,Action_PreSnap,759.94,713.16,791.98,776.24,32.039999999999964,63.08000000000004,xml_geometry_csv_action
BootPass_109,228,5,5,Position_Unknown,Team_Unknown,Action_PreSnap,935.06,768.23,967.26,837.59,32.200000000000045,69.36000000000001,xml_geometry_csv_action
BootPass_109,228,7,7,Position_Unknown,Team_Unknown,Action_PreSnap,358.67,378.98,384.2,435.28,25.529999999999973,56.299999999999955,xml_geometry_csv_action
BootPass_109,228,9,9,Position_Unknown,Team_Unknown,Action_PreSnap,987.62,715.91,1017.84,774.89,30.220000000000027,58.98000000000002,xml_geometry_csv_action
BootPass_109,229,0,0,Position_Unknown,Team_Unknown,Action_PreSnap,1603.7,721.31,1644.06,802.91,40.3599999999999,81.60000000000002,xml_geometry_csv_action
BootPass_109,229,18,18,Position_Unknown,Team_Unknown,Action_PreSnap,251.19,455.55,279.04,519.46,27.850000000000023,63.910000000000025,xml_geometry_csv_action
BootPass_109,229,20,20,Position_Unknown,Team_Unknown,Action_PreSnap,604.71,584.11,635.66,649.94,30.949999999999932,65.83000000000004,xml_geometry_csv_action
BootPass_109,229,22,21,Position_Unknown,Team_Unknown,Action_None,174.1,479.1,207.98,547.94,33.879999999999995,68.84000000000003,xml_geometry_csv_action
BootPass_109,229,24,22,Position_Unknown,Team_Unknown,Action_PreSnap,780.01,680.57,811.35,752.8,31.340000000000032,72.2299999999999,xml_geometry_csv_action
BootPass_109,229,29,24,Position_Unknown,Team_Unknown,Action_PreSnap,56.84,680.17,91.17,752.63,34.33,72.46000000000004,xml_geometry_csv_action
BootPass_109,229,31,25,Position_Unknown,Team_Unknown,Action_PreSnap,765.04,589.63,802.23,652.83,37.190000000000055,63.200000000000045,xml_geometry_csv_action
BootPass_109,229,34,27,Position_Unknown,Team_Unknown,Action_None,1217.24,654.07,1243.34,716.99,26.09999999999991,62.91999999999996,xml_geometry_csv_action
BootPass_109,229,39,28,Position_Unknown,Team_Unknown,Action_None,443.89,427.22,474.47,490.66,30.58000000000004,63.44,xml_geometry_csv_action
BootPass_109,229,40,29,Position_Unknown,Team_Unknown,Action_PreSnap,337.31,444.52,371.26,506.46,33.94999999999999,61.94,xml_geometry_csv_action
BootPass_109,229,4,4,Position_Unknown,Team_Unknown,Action_PreSnap,759.35,708.23,793.87,772.96,34.51999999999998,64.73000000000002,xml_geometry_csv_action
BootPass_109,229,5,5,Position_Unknown,Team_Unknown,Action_PreSnap,936.63,767.48,969.58,833.3,32.950000000000045,65.81999999999994,xml_geometry_csv_action
BootPass_109,229,7,7,Position_Unknown,Team_Unknown,Action_PreSnap,353.3,376.28,379.56,432.46,26.25999999999999,56.18000000000001,xml_geometry_csv_action
BootPass_109,229,9,9,Position_Unknown,Team_Unknown,Action_PreSnap,992.33,713.25,1022.44,771.29,30.110000000000014,58.039999999999964,xml_geometry_csv_action
BootPass_109,230,0,0,Position_Unknown,Team_Unknown,Action_PreSnap,1599.87,716.46,1640.73,799.96,40.86000000000013,83.5,xml_geometry_csv_action
BootPass_109,230,18,18,Position_Unknown,Team_Unknown,Action_PreSnap,245.84,453.41,274.1,517.83,28.26000000000002,64.42000000000002,xml_geometry_csv_action
BootPass_109,230,22,21,Position_Unknown,Team_Unknown,Action_None,168.86,476.53,203.71,546.32,34.849999999999994,69.79000000000008,xml_geometry_csv_action
BootPass_109,230,24,22,Position_Unknown,Team_Unknown,Action_PreSnap,780.16,679.34,810.7,752.02,30.540000000000077,72.67999999999995,xml_geometry_csv_action
BootPass_109,230,29,24,Position_Unknown,Team_Unknown,Action_PreSnap,52.12,678.51,87.38,750.36,35.26,71.85000000000002,xml_geometry_csv_action
BootPass_109,230,31,25,Position_Unknown,Team_Unknown,Action_PreSnap,763.35,587.79,801.21,650.4,37.860000000000014,62.610000000000014,xml_geometry_csv_action
BootPass_109,230,34,27,Position_Unknown,Team_Unknown,Action_None,1215.23,654.58,1241.61,720.55,26.37999999999988,65.96999999999991,xml_geometry_csv_action
BootPass_109,230,39,28,Position_Unknown,Team_Unknown,Action_None,437.85,424.4,468.88,487.93,31.029999999999973,63.53000000000003,xml_geometry_csv_action
BootPass_109,230,40,29,Position_Unknown,Team_Unknown,Action_PreSnap,332.38,442.44,366.95,503.8,34.56999999999999,61.360000000000014,xml_geometry_csv_action
BootPass_109,230,41,30,Position_Unknown,Team_Unknown,Action_PreSnap,384.51,374.6,409.79,434.44,25.28000000000003,59.839999999999975,xml_geometry_csv_action
BootPass_109,230,4,4,Position_Unknown,Team_Unknown,Action_PreSnap,759.81,701.54,796.54,768.1,36.73000000000002,66.56000000000006,xml_geometry_csv_action
BootPass_109,230,5,5,Position_Unknown,Team_Unknown,Action_PreSnap,937.7,766.37,972.22,833.59,34.51999999999998,67.22000000000003,xml_geometry_csv_action
BootPass_109,230,7,7,Position_Unknown,Team_Unknown,Action_PreSnap,347.38,373.12,375.13,430.21,27.75,57.089999999999975,xml_geometry_csv_action
BootPass_109,230,9,9,Position_Unknown,Team_Unknown,Action_PreSnap,998.61,713.02,1026.99,768.94,28.379999999999995,55.92000000000007,xml_geometry_csv_action
BootPass_109,231,0,0,Position_Unknown,Team_Unknown,Action_PreSnap,1593.43,713.27,1636.33,797.03,42.899999999999864,83.75999999999999,xml_geometry_csv_action
BootPass_109,231,18,18,Position_Unknown,Team_Unknown,Action_PreSnap,240.46,451.23,269.05,517.31,28.590000000000003,66.07999999999993,xml_geometry_csv_action
BootPass_109,231,22,21,Position_Unknown,Team_Unknown,Action_None,163.55,474.38,198.31,544.02,34.75999999999999,69.63999999999999,xml_geometry_csv_action
BootPass_109,231,29,24,Position_Unknown,Team_Unknown,Action_PreSnap,48.61,677.29,83.4,748.33,34.790000000000006,71.04000000000008,xml_geometry_csv_action
BootPass_109,231,31,25,Position_Unknown,Team_Unknown,Action_PreSnap,764.56,585.45,800.04,648.25,35.48000000000002,62.799999999999955,xml_geometry_csv_action
BootPass_109,231,34,27,Position_Unknown,Team_Unknown,Action_None,1213.03,654.77,1239.07,720.36,26.039999999999964,65.59000000000003,xml_geometry_csv_action
BootPass_109,231,39,28,Position_Unknown,Team_Unknown,Action_None,432.77,421.55,463.64,485.1,30.870000000000005,63.55000000000001,xml_geometry_csv_action
BootPass_109,231,40,29,Position_Unknown,Team_Unknown,Action_PreSnap,327.71,440.52,361.9,501.79,34.19,61.27000000000004,xml_geometry_csv_action
BootPass_109,231,41,30,Position_Unknown,Team_Unknown,Action_PreSnap,377.83,370.96,403.92,430.79,26.090000000000032,59.83000000000004,xml_geometry_csv_action
BootPass_109,231,4,4,Position_Unknown,Team_Unknown,Action_PreSnap,760.05,695.34,799.43,763.08,39.379999999999995,67.74000000000001,xml_geometry_csv_action
BootPass_109,231,5,5,Position_Unknown,Team_Unknown,Action_PreSnap,937.42,762.07,976.54,833.63,39.120000000000005,71.55999999999995,xml_geometry_csv_action
BootPass_109,231,7,7,Position_Unknown,Team_Unknown,Action_PreSnap,341.31,369.76,369.95,427.36,28.639999999999986,57.60000000000002,xml_geometry_csv_action
BootPass_109,231,9,9,Position_Unknown,Team_Unknown,Action_PreSnap,1003.0,706.17,1031.85,766.11,28.84999999999991,59.940000000000055,xml_geometry_csv_action
BootPass_109,232,0,0,Position_Unknown,Team_Unknown,Action_PreSnap,1589.21,710.38,1631.86,794.37,42.649999999999864,83.99000000000001,xml_geometry_csv_action
BootPass_109,232,22,21,Position_Unknown,Team_Unknown,Action_None,159.73,472.39,192.79,542.09,33.06,69.70000000000005,xml_geometry_csv_action
BootPass_109,232,29,24,Position_Unknown,Team_Unknown,Action_PreSnap,46.35,675.97,80.18,744.24,33.830000000000005,68.26999999999998,xml_geometry_csv_action
BootPass_109,232,31,25,Position_Unknown,Team_Unknown,Action_PreSnap,768.67,582.05,800.68,646.16,32.00999999999999,64.11000000000001,xml_geometry_csv_action
BootPass_109,232,34,27,Position_Unknown,Team_Unknown,Action_None,1211.49,655.45,1236.1,716.52,24.6099999999999,61.069999999999936,xml_geometry_csv_action
BootPass_109,232,39,28,Position_Unknown,Team_Unknown,Action_None,427.57,419.07,458.28,481.12,30.70999999999998,62.05000000000001,xml_geometry_csv_action
BootPass_109,232,40,29,Position_Unknown,Team_Unknown,Action_PreSnap,324.02,438.44,357.7,499.42,33.68000000000001,60.98000000000002,xml_geometry_csv_action
BootPass_109,232,41,30,Position_Unknown,Team_Unknown,Action_PreSnap,370.84,368.37,396.4,426.73,25.560000000000002,58.360000000000014,xml_geometry_csv_action
BootPass_109,232,4,4,Position_Unknown,Team_Unknown,Action_PreSnap,766.02,686.9,802.05,756.92,36.02999999999997,70.01999999999998,xml_geometry_csv_action
BootPass_109,232,5,5,Position_Unknown,Team_Unknown,Action_PreSnap,939.42,758.56,980.32,832.67,40.90000000000009,74.11000000000001,xml_geometry_csv_action
BootPass_109,232,7,7,Position_Unknown,Team_Unknown,Action_PreSnap,335.27,366.74,363.9,425.05,28.629999999999995,58.31,xml_geometry_csv_action
BootPass_109,232,9,9,Position_Unknown,Team_Unknown,Action_PreSnap,1001.63,703.75,1031.77,761.97,30.139999999999986,58.22000000000003,xml_geometry_csv_action
BootPass_109,233,12,12,Position_Unknown,Team_Unknown,Action_PreSnap,41.4,744.53,73.45,835.47,32.050000000000004,90.94000000000005,xml_geometry_csv_action
BootPass_109,233,22,21,Position_Unknown,Team_Unknown,Action_None,155.53,470.58,187.29,539.56,31.75999999999999,68.97999999999996,xml_geometry_csv_action
BootPass_109,233,29,24,Position_Unknown,Team_Unknown,Action_PreSnap,44.16,674.81,77.37,743.54,33.21000000000001,68.73000000000002,xml_geometry_csv_action
BootPass_109,233,31,25,Position_Unknown,Team_Unknown,Action_PreSnap,769.98,578.97,800.62,643.03,30.639999999999986,64.05999999999995,xml_geometry_csv_action
BootPass_109,233,34,27,Position_Unknown,Team_Unknown,Action_None,1210.06,655.71,1233.41,713.32,23.350000000000136,57.610000000000014,xml_geometry_csv_action
BootPass_109,233,39,28,Position_Unknown,Team_Unknown,Action_None,422.51,416.84,452.88,477.52,30.370000000000005,60.68000000000001,xml_geometry_csv_action
BootPass_109,233,40,29,Position_Unknown,Team_Unknown,Action_PreSnap,320.26,436.02,353.03,496.68,32.76999999999998,60.660000000000025,xml_geometry_csv_action
BootPass_109,233,41,30,Position_Unknown,Team_Unknown,Action_PreSnap,363.45,365.29,389.56,424.75,26.110000000000014,59.45999999999998,xml_geometry_csv_action
BootPass_109,233,4,4,Position_Unknown,Team_Unknown,Action_PreSnap,770.05,682.79,803.28,759.6,33.23000000000002,76.81000000000006,xml_geometry_csv_action
BootPass_109,233,5,5,Position_Unknown,Team_Unknown,Action_PreSnap,943.86,756.32,983.59,832.74,39.73000000000002,76.41999999999996,xml_geometry_csv_action
BootPass_109,233,7,7,Position_Unknown,Team_Unknown,Action_PreSnap,330.18,363.83,358.44,422.85,28.25999999999999,59.02000000000004,xml_geometry_csv_action
BootPass_109,233,9,9,Position_Unknown,Team_Unknown,Action_PreSnap,1003.43,699.96,1032.55,759.56,29.120000000000005,59.59999999999991,xml_geometry_csv_action
BootPass_109,234,0,0,Position_Unknown,Team_Unknown,Action_PreSnap,1579.38,704.87,1621.37,790.43,41.98999999999978,85.55999999999995,xml_geometry_csv_action
BootPass_109,234,12,12,Position_Unknown,Team_Unknown,Action_PreSnap,40.54,744.53,72.75,836.79,32.21,92.25999999999999,xml_geometry_csv_action
BootPass_109,234,18,18,Position_Unknown,Team_Unknown,Action_PreSnap,225.0,444.9,253.98,508.9,28.97999999999999,64.0,xml_geometry_csv_action
BootPass_109,234,22,21,Position_Unknown,Team_Unknown,Action_None,151.99,468.76,182.26,536.7,30.269999999999982,67.94000000000005,xml_geometry_csv_action
BootPass_109,234,24,22,Position_Unknown,Team_Unknown,Action_PreSnap,780.82,670.66,807.78,727.69,26.959999999999923,57.030000000000086,xml_geometry_csv_action
BootPass_109,234,29,24,Position_Unknown,Team_Unknown,Action_PreSnap,41.86,673.57,75.01,743.33,33.150000000000006,69.75999999999999,xml_geometry_csv_action
BootPass_109,234,31,25,Position_Unknown,Team_Unknown,Action_PreSnap,772.35,576.7,802.02,637.71,29.66999999999996,61.00999999999999,xml_geometry_csv_action
BootPass_109,234,34,27,Position_Unknown,Team_Unknown,Action_None,1209.79,655.73,1231.54,709.34,21.75,53.610000000000014,xml_geometry_csv_action
BootPass_109,234,39,28,Position_Unknown,Team_Unknown,Action_None,417.47,414.28,447.15,474.9,29.67999999999995,60.620000000000005,xml_geometry_csv_action
BootPass_109,234,40,29,Position_Unknown,Team_Unknown,Action_PreSnap,316.62,434.28,347.8,493.65,31.180000000000007,59.370000000000005,xml_geometry_csv_action
BootPass_109,234,41,30,Position_Unknown,Team_Unknown,Action_PreSnap,357.66,362.63,383.61,422.77,25.94999999999999,60.139999999999986,xml_geometry_csv_action
BootPass_109,234,42,31,Position_Unknown,Team_Unknown,Action_PreSnap,1719.13,890.73,1752.38,982.37,33.25,91.63999999999999,xml_geometry_csv_action
BootPass_109,234,4,4,Position_Unknown,Team_Unknown,Action_PreSnap,769.35,686.8,801.64,763.53,32.289999999999964,76.73000000000002,xml_geometry_csv_action
BootPass_109,234,5,5,Position_Unknown,Team_Unknown,Action_PreSnap,949.64,754.47,986.35,832.63,36.710000000000036,78.15999999999997,xml_geometry_csv_action
BootPass_109,234,7,7,Position_Unknown,Team_Unknown,Action_PreSnap,325.46,360.76,353.73,419.92,28.27000000000004,59.160000000000025,xml_geometry_csv_action
BootPass_109,234,9,9,Position_Unknown,Team_Unknown,Action_PreSnap,1005.93,697.59,1034.57,756.68,28.639999999999986,59.08999999999992,xml_geometry_csv_action
BootPass_109,235,0,0,Position_Unknown,Team_Unknown,Action_PreSnap,1577.87,702.91,1616.94,788.71,39.070000000000164,85.80000000000007,xml_geometry_csv_action
BootPass_109,235,12,12,Position_Unknown,Team_Unknown,Action_PreSnap,38.54,744.43,70.86,835.4,32.32,90.97000000000003,xml_geometry_csv_action
BootPass_109,235,2,2,Position_Unknown,Team_Unknown,Action_PreSnap,764.79,784.24,795.75,861.97,30.960000000000036,77.73000000000002,xml_geometry_csv_action
BootPass_109,235,22,21,Position_Unknown,Team_Unknown,Action_None,148.13,466.65,178.42,533.68,30.289999999999992,67.02999999999997,xml_geometry_csv_action
BootPass_109,235,24,22,Position_Unknown,Team_Unknown,Action_PreSnap,780.56,666.49,809.38,720.91,28.82000000000005,54.41999999999996,xml_geometry_csv_action
BootPass_109,235,29,24,Position_Unknown,Team_Unknown,Action_PreSnap,38.99,672.0,70.97,740.8,31.979999999999997,68.79999999999995,xml_geometry_csv_action
BootPass_109,235,31,25,Position_Unknown,Team_Unknown,Action_PreSnap,773.99,573.81,802.63,632.49,28.639999999999986,58.680000000000064,xml_geometry_csv_action
BootPass_109,235,34,27,Position_Unknown,Team_Unknown,Action_None,1208.38,655.41,1229.21,703.78,20.829999999999927,48.370000000000005,xml_geometry_csv_action
BootPass_109,235,39,28,Position_Unknown,Team_Unknown,Action_None,412.49,412.16,440.92,471.83,28.430000000000007,59.66999999999996,xml_geometry_csv_action
BootPass_109,235,40,29,Position_Unknown,Team_Unknown,Action_PreSnap,312.77,432.27,342.57,491.26,29.80000000000001,58.99000000000001,xml_geometry_csv_action
BootPass_109,235,41,30,Position_Unknown,Team_Unknown,Action_PreSnap,352.27,359.82,376.77,420.1,24.5,60.28000000000003,xml_geometry_csv_action
BootPass_109,235,4,4,Position_Unknown,Team_Unknown,Action_PreSnap,769.25,689.51,800.98,764.46,31.730000000000018,74.95000000000005,xml_geometry_csv_action
BootPass_109,235,5,5,Position_Unknown,Team_Unknown,Action_PreSnap,955.94,753.35,988.0,831.23,32.059999999999945,77.88,xml_geometry_csv_action
BootPass_109,235,7,7,Position_Unknown,Team_Unknown,Action_PreSnap,321.34,358.56,347.77,417.59,26.430000000000007,59.02999999999997,xml_geometry_csv_action
BootPass_109,235,9,9,Position_Unknown,Team_Unknown,Action_PreSnap,1011.89,693.95,1036.99,755.24,25.100000000000023,61.289999999999964,xml_geometry_csv_action
BootPass_109,236,0,0,Position_Unknown,Team_Unknown,Action_PreSnap,1575.18,701.09,1612.85,786.01,37.669999999999845,84.91999999999996,xml_geometry_csv_action
BootPass_109,236,12,12,Position_Unknown,Team_Unknown,Action_PreSnap,37.59,742.91,70.68,832.56,33.09,89.64999999999998,xml_geometry_csv_action
BootPass_109,236,2,2,Position_Unknown,Team_Unknown,Action_PreSnap,764.84,781.01,795.95,858.73,31.110000000000014,77.72000000000003,xml_geometry_csv_action
BootPass_109,236,22,21,Position_Unknown,Team_Unknown,Action_None,144.31,464.62,174.42,530.93,30.109999999999985,66.30999999999995,xml_geometry_csv_action
BootPass_109,236,24,22,Position_Unknown,Team_Unknown,Action_PreSnap,779.69,662.56,809.97,719.79,30.279999999999973,57.23000000000002,xml_geometry_csv_action
BootPass_109,236,29,24,Position_Unknown,Team_Unknown,Action_PreSnap,35.85,670.45,69.05,739.11,33.199999999999996,68.65999999999997,xml_geometry_csv_action
BootPass_109,236,31,25,Position_Unknown,Team_Unknown,Action_PreSnap,773.2,571.44,803.15,632.5,29.949999999999932,61.059999999999945,xml_geometry_csv_action
BootPass_109,236,34,27,Position_Unknown,Team_Unknown,Action_None,1206.9,654.98,1227.68,702.41,20.779999999999973,47.42999999999995,xml_geometry_csv_action
BootPass_109,236,39,28,Position_Unknown,Team_Unknown,Action_None,407.68,409.63,435.92,468.89,28.24000000000001,59.25999999999999,xml_geometry_csv_action
BootPass_109,236,40,29,Position_Unknown,Team_Unknown,Action_PreSnap,308.53,429.81,337.52,487.58,28.99000000000001,57.76999999999998,xml_geometry_csv_action
BootPass_109,236,41,30,Position_Unknown,Team_Unknown,Action_PreSnap,347.62,357.69,370.88,417.29,23.25999999999999,59.60000000000002,xml_geometry_csv_action
BootPass_109,236,4,4,Position_Unknown,Team_Unknown,Action_PreSnap,769.64,687.81,802.22,762.81,32.58000000000004,75.0,xml_geometry_csv_action
BootPass_109,236,5,5,Position_Unknown,Team_Unknown,Action_PreSnap,959.52,752.45,992.24,828.07,32.72000000000003,75.62,xml_geometry_csv_action
BootPass_109,236,7,7,Position_Unknown,Team_Unknown,Action_PreSnap,316.97,355.99,342.22,413.66,25.25,57.670000000000016,xml_geometry_csv_action
BootPass_109,236,9,9,Position_Unknown,Team_Unknown,Action_PreSnap,1015.88,691.41,1040.01,750.0,24.129999999999995,58.59000000000003,xml_geometry_csv_action
BootPass_109,237,0,0,Position_Unknown,Team_Unknown,Action_PreSnap,1571.16,699.04,1608.4,784.02,37.24000000000001,84.98000000000002,xml_geometry_csv_action
BootPass_109,237,12,12,Position_Unknown,Team_Unknown,Action_PreSnap,39.68,739.52,70.81,828.89,31.130000000000003,89.37,xml_geometry_csv_action
BootPass_109,237,18,18,Position_Unknown,Team_Unknown,Action_PreSnap,211.55,437.8,240.03,499.67,28.47999999999999,61.870000000000005,xml_geometry_csv_action
BootPass_109,237,2,2,Position_Unknown,Team_Unknown,Action_PreSnap,765.28,777.56,796.7,856.37,31.420000000000073,78.81000000000006,xml_geometry_csv_action
BootPass_109,237,20,20,Position_Unknown,Team_Unknown,Action_PreSnap,589.26,568.36,615.74,630.58,26.480000000000018,62.22000000000003,xml_geometry_csv_action
BootPass_109,237,22,21,Position_Unknown,Team_Unknown,Action_None,139.63,462.49,169.7,529.67,30.069999999999993,67.17999999999995,xml_geometry_csv_action
BootPass_109,237,24,22,Position_Unknown,Team_Unknown,Action_PreSnap,779.63,659.05,810.9,720.16,31.269999999999982,61.110000000000014,xml_geometry_csv_action
BootPass_109,237,29,24,Position_Unknown,Team_Unknown,Action_PreSnap,33.06,667.95,67.28,736.3,34.22,68.34999999999991,xml_geometry_csv_action
BootPass_109,237,31,25,Position_Unknown,Team_Unknown,Action_PreSnap,773.86,568.97,803.24,630.15,29.379999999999995,61.17999999999995,xml_geometry_csv_action
BootPass_109,237,34,27,Position_Unknown,Team_Unknown,Action_None,1205.36,655.47,1226.7,702.5,21.340000000000146,47.02999999999997,xml_geometry_csv_action
BootPass_109,237,39,28,Position_Unknown,Team_Unknown,Action_None,402.9,407.24,431.44,464.99,28.54000000000002,57.75,xml_geometry_csv_action
BootPass_109,237,40,29,Position_Unknown,Team_Unknown,Action_PreSnap,304.49,427.25,333.11,484.46,28.620000000000005,57.20999999999998,xml_geometry_csv_action
BootPass_109,237,41,30,Position_Unknown,Team_Unknown,Action_PreSnap,342.38,354.7,364.96,413.35,22.579999999999984,58.650000000000034,xml_geometry_csv_action
BootPass_109,237,4,4,Position_Unknown,Team_Unknown,Action_PreSnap,769.68,687.14,803.71,761.16,34.030000000000086,74.01999999999998,xml_geometry_csv_action
BootPass_109,237,7,7,Position_Unknown,Team_Unknown,Action_PreSnap,312.01,353.23,336.5,407.93,24.49000000000001,54.69999999999999,xml_geometry_csv_action
BootPass_109,237,9,9,Position_Unknown,Team_Unknown,Action_PreSnap,1018.23,689.36,1043.39,746.48,25.160000000000082,57.120000000000005,xml_geometry_csv_action
BootPass_109,238,0,0,Position_Unknown,Team_Unknown,Action_PreSnap,1568.48,697.47,1604.5,781.3,36.01999999999998,83.82999999999993,xml_geometry_csv_action
BootPass_109,238,12,12,Position_Unknown,Team_Unknown,Action_PreSnap,41.63,736.68,71.22,819.62,29.589999999999996,82.94000000000005,xml_geometry_csv_action
BootPass_109,238,18,18,Position_Unknown,Team_Unknown,Action_PreSnap,207.14,435.57,235.57,497.19,28.430000000000007,61.620000000000005,xml_geometry_csv_action
BootPass_109,238,2,2,Position_Unknown,Team_Unknown,Action_PreSnap,765.02,773.79,795.82,850.83,30.800000000000068,77.04000000000008,xml_geometry_csv_action
BootPass_109,238,22,21,Position_Unknown,Team_Unknown,Action_None,135.92,459.78,165.3,527.48,29.380000000000024,67.70000000000005,xml_geometry_csv_action
BootPass_109,238,24,22,Position_Unknown,Team_Unknown,Action_PreSnap,780.85,655.39,811.94,720.05,31.090000000000032,64.65999999999997,xml_geometry_csv_action
BootPass_109,238,29,24,Position_Unknown,Team_Unknown,Action_PreSnap,30.67,665.8,66.25,733.14,35.58,67.34000000000003,xml_geometry_csv_action
BootPass_109,238,31,25,Position_Unknown,Team_Unknown,Action_PreSnap,773.07,566.88,803.93,628.26,30.8599999999999,61.379999999999995,xml_geometry_csv_action
BootPass_109,238,34,27,Position_Unknown,Team_Unknown,Action_None,1204.2,656.34,1225.66,703.44,21.460000000000036,47.10000000000002,xml_geometry_csv_action
BootPass_109,238,39,28,Position_Unknown,Team_Unknown,Action_None,398.27,405.11,426.04,460.26,27.77000000000004,55.14999999999998,xml_geometry_csv_action
BootPass_109,238,40,29,Position_Unknown,Team_Unknown,Action_PreSnap,302.62,424.51,329.37,479.4,26.75,54.889999999999986,xml_geometry_csv_action
BootPass_109,238,41,30,Position_Unknown,Team_Unknown,Action_PreSnap,336.42,352.15,359.47,410.75,23.05000000000001,58.60000000000002,xml_geometry_csv_action
BootPass_109,238,44,32,Position_Unknown,Team_Unknown,Action_PreSnap,1091.67,778.87,1140.87,839.41,49.19999999999982,60.539999999999964,xml_geometry_csv_action
BootPass_109,238,4,4,Position_Unknown,Team_Unknown,Action_PreSnap,771.89,685.4,805.18,758.13,33.289999999999964,72.73000000000002,xml_geometry_csv_action
BootPass_109,238,7,7,Position_Unknown,Team_Unknown,Action_PreSnap,307.27,350.95,331.36,403.59,24.090000000000032,52.639999999999986,xml_geometry_csv_action
BootPass_109,238,9,9,Position_Unknown,Team_Unknown,Action_PreSnap,1018.77,686.49,1046.7,744.91,27.930000000000064,58.41999999999996,xml_geometry_csv_action
BootPass_109,239,0,0,Position_Unknown,Team_Unknown,Action_PreSnap,1563.69,694.4,1600.39,777.72,36.700000000000045,83.32000000000005,xml_geometry_csv_action
BootPass_109,239,12,12,Position_Unknown,Team_Unknown,Action_PreSnap,42.84,734.17,71.48,817.29,28.64,83.12,xml_geometry_csv_action
BootPass_109,239,18,18,Position_Unknown,Team_Unknown,Action_PreSnap,203.16,433.23,230.98,494.85,27.819999999999993,61.620000000000005,xml_geometry_csv_action
BootPass_109,239,2,2,Position_Unknown,Team_Unknown,Action_PreSnap,763.85,770.23,794.88,844.44,31.029999999999973,74.21000000000004,xml_geometry_csv_action
BootPass_109,239,22,21,Position_Unknown,Team_Unknown,Action_None,132.02,457.61,161.55,525.72,29.53,68.11000000000001,xml_geometry_csv_action
BootPass_109,239,24,22,Position_Unknown,Team_Unknown,Action_PreSnap,783.07,653.09,812.99,720.25,29.91999999999996,67.15999999999997,xml_geometry_csv_action
BootPass_109,239,29,24,Position_Unknown,Team_Unknown,Action_PreSnap,29.95,663.98,65.42,729.73,35.47,65.75,xml_geometry_csv_action
BootPass_109,239,31,25,Position_Unknown,Team_Unknown,Action_PreSnap,773.99,564.42,804.07,627.21,30.08000000000004,62.79000000000008,xml_geometry_csv_action
BootPass_109,239,34,27,Position_Unknown,Team_Unknown,Action_None,1202.69,657.18,1223.32,706.36,20.62999999999988,49.180000000000064,xml_geometry_csv_action
BootPass_109,239,39,28,Position_Unknown,Team_Unknown,Action_None,393.23,403.06,420.72,458.32,27.49000000000001,55.25999999999999,xml_geometry_csv_action
BootPass_109,239,40,29,Position_Unknown,Team_Unknown,Action_PreSnap,300.11,421.68,325.55,475.52,25.439999999999998,53.839999999999975,xml_geometry_csv_action
BootPass_109,239,41,30,Position_Unknown,Team_Unknown,Action_PreSnap,330.57,349.15,353.65,408.16,23.079999999999984,59.01000000000005,xml_geometry_csv_action
BootPass_109,239,44,32,Position_Unknown,Team_Unknown,Action_PreSnap,1091.77,777.51,1141.52,838.63,49.75,61.120000000000005,xml_geometry_csv_action
BootPass_109,239,4,4,Position_Unknown,Team_Unknown,Action_PreSnap,771.29,683.01,804.47,754.85,33.180000000000064,71.84000000000003,xml_geometry_csv_action
BootPass_109,239,7,7,Position_Unknown,Team_Unknown,Action_PreSnap,302.96,348.95,326.9,401.91,23.939999999999998,52.960000000000036,xml_geometry_csv_action
BootPass_109,239,9,9,Position_Unknown,Team_Unknown,Action_PreSnap,1019.5,683.93,1050.01,748.51,30.50999999999999,64.58000000000004,xml_geometry_csv_action
BootPass_109,240,0,0,Position_Unknown,Team_Unknown,Action_PreSnap,1560.75,691.08,1596.66,774.15,35.91000000000008,83.06999999999994,xml_geometry_csv_action
BootPass_109,240,12,12,Position_Unknown,Team_Unknown,Action_PreSnap,43.72,731.81,73.12,818.32,29.400000000000006,86.5100000000001,xml_geometry_csv_action
BootPass_109,240,18,18,Position_Unknown,Team_Unknown,Action_PreSnap,199.09,430.6,226.67,493.22,27.579999999999984,62.620000000000005,xml_geometry_csv_action
BootPass_109,240,2,2,Position_Unknown,Team_Unknown,Action_PreSnap,763.48,766.33,794.24,831.32,30.75999999999999,64.99000000000001,xml_geometry_csv_action
BootPass_109,240,22,21,Position_Unknown,Team_Unknown,Action_None,129.35,454.78,158.58,522.52,29.230000000000018,67.74000000000001,xml_geometry_csv_action
BootPass_109,240,24,22,Position_Unknown,Team_Unknown,Action_PreSnap,783.28,651.86,814.2,722.33,30.920000000000073,70.47000000000003,xml_geometry_csv_action
BootPass_109,240,29,24,Position_Unknown,Team_Unknown,Action_PreSnap,31.17,662.37,64.86,728.79,33.69,66.41999999999996,xml_geometry_csv_action
BootPass_109,240,31,25,Position_Unknown,Team_Unknown,Action_PreSnap,776.0,562.61,804.14,625.54,28.139999999999986,62.92999999999995,xml_geometry_csv_action
BootPass_109,240,34,27,Position_Unknown,Team_Unknown,Action_None,1201.14,658.07,1221.55,704.81,20.409999999999854,46.739999999999895,xml_geometry_csv_action
BootPass_109,240,39,28,Position_Unknown,Team_Unknown,Action_None,389.48,400.86,416.61,454.81,27.129999999999995,53.94999999999999,xml_geometry_csv_action
BootPass_109,240,41,30,Position_Unknown,Team_Unknown,Action_PreSnap,325.81,346.68,348.85,405.14,23.04000000000002,58.45999999999998,xml_geometry_csv_action
BootPass_109,240,44,32,Position_Unknown,Team_Unknown,Action_PreSnap,1100.72,776.61,1144.73,837.65,44.00999999999999,61.039999999999964,xml_geometry_csv_action
BootPass_109,240,7,7,Position_Unknown,Team_Unknown,Action_PreSnap,299.24,346.58,322.97,400.2,23.730000000000018,53.620000000000005,xml_geometry_csv_action
BootPass_109,240,9,9,Position_Unknown,Team_Unknown,Action_PreSnap,1024.44,681.67,1055.32,748.11,30.87999999999988,66.44000000000005,xml_geometry_csv_action
BootPass_109,241,0,0,Position_Unknown,Team_Unknown,Action_PreSnap,1556.84,687.84,1593.14,770.33,36.30000000000018,82.49000000000001,xml_geometry_csv_action
BootPass_109,241,12,12,Position_Unknown,Team_Unknown,Action_PreSnap,44.73,729.76,74.66,818.7,29.93,88.94000000000005,xml_geometry_csv_action
BootPass_109,241,18,18,Position_Unknown,Team_Unknown,Action_PreSnap,194.26,428.08,221.27,491.91,27.01000000000002,63.83000000000004,xml_geometry_csv_action
BootPass_109,241,2,2,Position_Unknown,Team_Unknown,Action_PreSnap,762.66,763.11,793.97,826.72,31.31000000000006,63.610000000000014,xml_geometry_csv_action
BootPass_109,241,22,21,Position_Unknown,Team_Unknown,Action_None,126.26,452.45,155.06,520.33,28.799999999999997,67.88000000000005,xml_geometry_csv_action
BootPass_109,241,24,22,Position_Unknown,Team_Unknown,Action_PreSnap,784.2,650.88,815.2,723.4,31.0,72.51999999999998,xml_geometry_csv_action
BootPass_109,241,29,24,Position_Unknown,Team_Unknown,Action_PreSnap,32.72,661.47,63.48,727.04,30.759999999999998,65.56999999999994,xml_geometry_csv_action
BootPass_109,241,31,25,Position_Unknown,Team_Unknown,Action_PreSnap,777.63,561.59,804.6,624.44,26.970000000000027,62.85000000000002,xml_geometry_csv_action
BootPass_109,241,34,27,Position_Unknown,Team_Unknown,Action_None,1199.75,660.02,1220.7,710.24,20.950000000000045,50.22000000000003,xml_geometry_csv_action
BootPass_109,241,39,28,Position_Unknown,Team_Unknown,Action_None,385.24,399.44,412.24,454.01,27.0,54.56999999999999,xml_geometry_csv_action
BootPass_109,241,41,30,Position_Unknown,Team_Unknown,Action_PreSnap,320.69,344.78,344.24,402.72,23.55000000000001,57.940000000000055,xml_geometry_csv_action
BootPass_109,241,44,32,Position_Unknown,Team_Unknown,Action_PreSnap,1103.79,776.38,1145.99,834.87,42.200000000000045,58.49000000000001,xml_geometry_csv_action
BootPass_109,241,5,5,Position_Unknown,Team_Unknown,Action_PreSnap,979.32,745.86,1019.19,817.18,39.870000000000005,71.31999999999994,xml_geometry_csv_action
BootPass_109,241,7,7,Position_Unknown,Team_Unknown,Action_PreSnap,294.09,344.6,318.44,399.12,24.350000000000023,54.51999999999998,xml_geometry_csv_action
BootPass_109,241,9,9,Position_Unknown,Team_Unknown,Action_PreSnap,1029.37,680.27,1058.82,746.81,29.450000000000045,66.53999999999996,xml_geometry_csv_action
BootPass_109,242,0,0,Position_Unknown,Team_Unknown,Action_PreSnap,1550.71,683.94,1588.65,766.95,37.940000000000055,83.00999999999999,xml_geometry_csv_action
BootPass_109,242,12,12,Position_Unknown,Team_Unknown,Action_PreSnap,46.59,728.75,77.1,816.55,30.50999999999999,87.79999999999995,xml_geometry_csv_action
BootPass_109,242,18,18,Position_Unknown,Team_Unknown,Action_PreSnap,189.5,425.62,216.12,489.65,26.620000000000005,64.02999999999997,xml_geometry_csv_action
BootPass_109,242,2,2,Position_Unknown,Team_Unknown,Action_PreSnap,762.46,760.8,794.23,832.6,31.769999999999982,71.80000000000007,xml_geometry_csv_action
BootPass_109,242,20,20,Position_Unknown,Team_Unknown,Action_PreSnap,583.17,549.85,610.54,612.35,27.370000000000005,62.5,xml_geometry_csv_action
BootPass_109,242,22,21,Position_Unknown,Team_Unknown,Action_None,122.53,450.33,151.13,518.96,28.599999999999994,68.63000000000005,xml_geometry_csv_action
BootPass_109,242,24,22,Position_Unknown,Team_Unknown,Action_PreSnap,785.72,649.09,816.08,721.27,30.360000000000014,72.17999999999995,xml_geometry_csv_action
BootPass_109,242,29,24,Position_Unknown,Team_Unknown,Action_PreSnap,31.62,660.59,61.93,729.2,30.31,68.61000000000001,xml_geometry_csv_action
BootPass_109,242,31,25,Position_Unknown,Team_Unknown,Action_PreSnap,778.16,560.13,804.79,622.69,26.629999999999995,62.56000000000006,xml_geometry_csv_action
BootPass_109,242,34,27,Position_Unknown,Team_Unknown,Action_None,1197.65,661.26,1219.61,713.63,21.95999999999981,52.370000000000005,xml_geometry_csv_action
BootPass_109,242,39,28,Position_Unknown,Team_Unknown,Action_None,380.79,398.01,407.97,452.92,27.180000000000007,54.910000000000025,xml_geometry_csv_action
BootPass_109,242,41,30,Position_Unknown,Team_Unknown,Action_PreSnap,313.59,341.94,338.26,401.38,24.670000000000016,59.44,xml_geometry_csv_action
BootPass_109,242,7,7,Position_Unknown,Team_Unknown,Action_PreSnap,288.71,342.16,314.09,398.11,25.379999999999995,55.94999999999999,xml_geometry_csv_action
BootPass_109,242,9,9,Position_Unknown,Team_Unknown,Action_PreSnap,1033.39,679.52,1061.91,747.02,28.519999999999982,67.5,xml_geometry_csv_action
BootPass_109,243,0,0,Position_Unknown,Team_Unknown,Action_PreSnap,1544.85,681.35,1584.98,764.03,40.13000000000011,82.67999999999995,xml_geometry_csv_action
BootPass_109,243,12,12,Position_Unknown,Team_Unknown,Action_PreSnap,47.99,727.07,79.18,814.92,31.190000000000005,87.84999999999991,xml_geometry_csv_action
BootPass_109,243,18,18,Position_Unknown,Team_Unknown,Action_PreSnap,184.99,423.31,211.95,488.16,26.95999999999998,64.85000000000002,xml_geometry_csv_action
BootPass_109,243,2,2,Position_Unknown,Team_Unknown,Action_PreSnap,762.69,758.32,795.3,830.14,32.6099999999999,71.81999999999994,xml_geometry_csv_action
BootPass_109,243,20,20,Position_Unknown,Team_Unknown,Action_PreSnap,582.21,548.16,610.44,611.32,28.230000000000018,63.16000000000008,xml_geometry_csv_action
BootPass_109,243,22,21,Position_Unknown,Team_Unknown,Action_None,118.74,448.96,147.82,517.68,29.08,68.71999999999997,xml_geometry_csv_action
BootPass_109,243,24,22,Position_Unknown,Team_Unknown,Action_PreSnap,787.86,648.07,817.29,719.51,29.42999999999995,71.43999999999994,xml_geometry_csv_action
BootPass_109,243,29,24,Position_Unknown,Team_Unknown,Action_PreSnap,30.73,659.57,61.26,729.82,30.529999999999998,70.25,xml_geometry_csv_action
BootPass_109,243,31,25,Position_Unknown,Team_Unknown,Action_PreSnap,778.43,557.32,805.54,617.97,27.110000000000014,60.64999999999998,xml_geometry_csv_action
BootPass_109,243,34,27,Position_Unknown,Team_Unknown,Action_None,1194.39,662.84,1218.08,725.72,23.689999999999827,62.879999999999995,xml_geometry_csv_action
BootPass_109,243,41,30,Position_Unknown,Team_Unknown,Action_PreSnap,308.7,340.23,333.2,399.36,24.5,59.129999999999995,xml_geometry_csv_action
BootPass_109,243,7,7,Position_Unknown,Team_Unknown,Action_PreSnap,284.13,340.54,310.32,397.26,26.189999999999998,56.71999999999997,xml_geometry_csv_action
BootPass_109,243,9,9,Position_Unknown,Team_Unknown,Action_PreSnap,1036.77,678.78,1064.11,747.28,27.339999999999918,68.5,xml_geometry_csv_action
BootPass_109,244,0,0,Position_Unknown,Team_Unknown,Action_PreSnap,1538.84,679.1,1581.23,760.49,42.3900000000001,81.38999999999999,xml_geometry_csv_action
BootPass_109,244,12,12,Position_Unknown,Team_Unknown,Action_PreSnap,48.9,726.65,80.53,816.12,31.630000000000003,89.47000000000003,xml_geometry_csv_action
BootPass_109,244,18,18,Position_Unknown,Team_Unknown,Action_PreSnap,180.21,422.12,208.0,488.85,27.789999999999992,66.73000000000002,xml_geometry_csv_action
BootPass_109,244,2,2,Position_Unknown,Team_Unknown,Action_PreSnap,762.53,757.1,795.26,828.6,32.73000000000002,71.5,xml_geometry_csv_action
BootPass_109,244,20,20,Position_Unknown,Team_Unknown,Action_PreSnap,579.47,551.66,608.68,611.32,29.209999999999923,59.66000000000008,xml_geometry_csv_action
BootPass_109,244,22,21,Position_Unknown,Team_Unknown,Action_None,115.19,449.23,143.51,516.73,28.319999999999993,67.5,xml_geometry_csv_action
BootPass_109,244,24,22,Position_Unknown,Team_Unknown,Action_PreSnap,791.4,645.31,818.15,709.65,26.75,64.34000000000003,xml_geometry_csv_action
BootPass_109,244,29,24,Position_Unknown,Team_Unknown,Action_PreSnap,30.19,658.43,61.34,727.83,31.150000000000002,69.40000000000009,xml_geometry_csv_action
BootPass_109,244,31,25,Position_Unknown,Team_Unknown,Action_PreSnap,776.36,555.92,805.68,618.26,29.319999999999936,62.34000000000003,xml_geometry_csv_action
BootPass_109,244,34,27,Position_Unknown,Team_Unknown,Action_None,1191.08,664.94,1216.93,733.74,25.850000000000136,68.79999999999995,xml_geometry_csv_action
BootPass_109,244,41,30,Position_Unknown,Team_Unknown,Action_PreSnap,302.84,337.56,327.19,396.96,24.350000000000023,59.39999999999998,xml_geometry_csv_action
BootPass_109,244,42,31,Position_Unknown,Team_Unknown,Action_PreSnap,1669.02,857.32,1701.68,947.59,32.66000000000008,90.26999999999998,xml_geometry_csv_action
BootPass_109,244,4,4,Position_Unknown,Team_Unknown,Action_PreSnap,783.94,666.36,813.45,732.01,29.50999999999999,65.64999999999998,xml_geometry_csv_action
BootPass_109,244,5,5,Position_Unknown,Team_Unknown,Action_PreSnap,995.03,741.02,1031.1,820.51,36.069999999999936,79.49000000000001,xml_geometry_csv_action
BootPass_109,244,7,7,Position_Unknown,Team_Unknown,Action_PreSnap,279.72,338.75,305.67,396.37,25.94999999999999,57.620000000000005,xml_geometry_csv_action
BootPass_109,244,9,9,Position_Unknown,Team_Unknown,Action_PreSnap,1040.32,677.66,1066.03,745.41,25.710000000000036,67.75,xml_geometry_csv_action
BootPass_109,245,0,0,Position_Unknown,Team_Unknown,Action_PreSnap,1531.18,677.85,1576.67,759.35,45.49000000000001,81.5,xml_geometry_csv_action
BootPass_109,245,1,1,Position_Unknown,Team_Unknown,Action_PreSnap,959.61,761.47,1007.52,823.63,47.90999999999997,62.15999999999997,xml_geometry_csv_action
BootPass_109,245,12,12,Position_Unknown,Team_Unknown,Action_PreSnap,49.4,726.07,81.32,817.84,31.919999999999995,91.76999999999998,xml_geometry_csv_action
BootPass_109,245,18,18,Position_Unknown,Team_Unknown,Action_PreSnap,175.69,420.76,204.16,488.05,28.47,67.29000000000002,xml_geometry_csv_action
BootPass_109,245,2,2,Position_Unknown,Team_Unknown,Action_PreSnap,762.1,756.3,794.57,829.85,32.47000000000003,73.55000000000007,xml_geometry_csv_action
BootPass_109,245,20,20,Position_Unknown,Team_Unknown,Action_PreSnap,578.13,552.72,606.19,610.69,28.06000000000006,57.97000000000003,xml_geometry_csv_action
BootPass_109,245,22,21,Position_Unknown,Team_Unknown,Action_None,111.15,449.32,139.12,515.92,27.97,66.59999999999997,xml_geometry_csv_action
BootPass_109,245,24,22,Position_Unknown,Team_Unknown,Action_PreSnap,792.91,643.14,819.72,705.77,26.81000000000006,62.629999999999995,xml_geometry_csv_action
BootPass_109,245,29,24,Position_Unknown,Team_Unknown,Action_PreSnap,28.63,656.71,60.8,725.87,32.17,69.15999999999997,xml_geometry_csv_action
BootPass_109,245,31,25,Position_Unknown,Team_Unknown,Action_PreSnap,774.8,554.3,807.46,618.56,32.66000000000008,64.25999999999999,xml_geometry_csv_action
BootPass_109,245,34,27,Position_Unknown,Team_Unknown,Action_None,1187.5,666.52,1215.93,738.83,28.430000000000064,72.31000000000006,xml_geometry_csv_action
BootPass_109,245,39,28,Position_Unknown,Team_Unknown,Action_None,367.56,394.84,396.3,451.7,28.74000000000001,56.860000000000014,xml_geometry_csv_action
BootPass_109,245,40,29,Position_Unknown,Team_Unknown,Action_PreSnap,274.5,408.39,305.99,467.97,31.49000000000001,59.58000000000004,xml_geometry_csv_action
BootPass_109,245,41,30,Position_Unknown,Team_Unknown,Action_PreSnap,297.22,336.63,321.94,395.69,24.71999999999997,59.06,xml_geometry_csv_action
BootPass_109,245,42,31,Position_Unknown,Team_Unknown,Action_PreSnap,1663.68,854.43,1695.23,944.95,31.549999999999955,90.5200000000001,xml_geometry_csv_action
BootPass_109,245,44,32,Position_Unknown,Team_Unknown,Action_PreSnap,1092.78,763.46,1149.42,827.03,56.6400000000001,63.569999999999936,xml_geometry_csv_action
BootPass_109,245,4,4,Position_Unknown,Team_Unknown,Action_PreSnap,784.48,665.21,814.64,732.67,30.159999999999968,67.45999999999992,xml_geometry_csv_action
BootPass_109,245,5,5,Position_Unknown,Team_Unknown,Action_PreSnap,997.63,739.43,1033.45,814.32,35.82000000000005,74.8900000000001,xml_geometry_csv_action
BootPass_109,245,7,7,Position_Unknown,Team_Unknown,Action_PreSnap,274.61,337.57,300.35,395.45,25.74000000000001,57.879999999999995,xml_geometry_csv_action
BootPass_109,245,9,9,Position_Unknown,Team_Unknown,Action_PreSnap,1042.76,675.7,1068.56,741.03,25.799999999999955,65.32999999999993,xml_geometry_csv_action
BootPass_109,246,0,0,Position_Unknown,Team_Unknown,Action_PreSnap,1523.7,675.78,1572.39,758.65,48.690000000000055,82.87,xml_geometry_csv_action
BootPass_109,246,1,1,Position_Unknown,Team_Unknown,Action_PreSnap,953.45,760.09,999.96,822.46,46.50999999999999,62.370000000000005,xml_geometry_csv_action
BootPass_109,246,12,12,Position_Unknown,Team_Unknown,Action_PreSnap,49.76,725.58,81.0,817.5,31.240000000000002,91.91999999999996,xml_geometry_csv_action
BootPass_109,246,2,2,Position_Unknown,Team_Unknown,Action_PreSnap,761.37,754.55,794.42,830.83,33.049999999999955,76.28000000000009,xml_geometry_csv_action
BootPass_109,246,22,21,Position_Unknown,Team_Unknown,Action_None,106.47,447.84,135.25,514.61,28.78,66.77000000000004,xml_geometry_csv_action
BootPass_109,246,24,22,Position_Unknown,Team_Unknown,Action_PreSnap,793.82,640.49,821.3,701.99,27.479999999999905,61.5,xml_geometry_csv_action
BootPass_109,246,29,24,Position_Unknown,Team_Unknown,Action_PreSnap,26.47,654.15,60.56,725.29,34.09,71.13999999999999,xml_geometry_csv_action
BootPass_109,246,31,25,Position_Unknown,Team_Unknown,Action_PreSnap,773.4,553.25,808.47,618.05,35.07000000000005,64.79999999999995,xml_geometry_csv_action
BootPass_109,246,41,30,Position_Unknown,Team_Unknown,Action_PreSnap,290.13,334.59,315.66,394.34,25.53000000000003,59.75,xml_geometry_csv_action
BootPass_109,246,42,31,Position_Unknown,Team_Unknown,Action_PreSnap,1658.55,851.78,1689.45,942.23,30.90000000000009,90.45000000000005,xml_geometry_csv_action
BootPass_109,246,44,32,Position_Unknown,Team_Unknown,Action_PreSnap,1093.25,758.35,1149.32,825.19,56.069999999999936,66.84000000000003,xml_geometry_csv_action
BootPass_109,246,4,4,Position_Unknown,Team_Unknown,Action_PreSnap,785.34,664.83,816.56,735.21,31.219999999999914,70.38,xml_geometry_csv_action
BootPass_109,246,5,5,Position_Unknown,Team_Unknown,Action_PreSnap,1000.73,738.81,1036.05,807.94,35.319999999999936,69.13000000000011,xml_geometry_csv_action
BootPass_109,246,7,7,Position_Unknown,Team_Unknown,Action_PreSnap,267.59,335.66,293.35,394.14,25.760000000000048,58.47999999999996,xml_geometry_csv_action
BootPass_109,246,9,9,Position_Unknown,Team_Unknown,Action_PreSnap,1044.12,674.78,1071.59,740.91,27.470000000000027,66.13,xml_geometry_csv_action
BootPass_109,247,0,0,Position_Unknown,Team_Unknown,Action_PreSnap,1517.94,673.68,1568.24,758.38,50.299999999999955,84.70000000000005,xml_geometry_csv_action
BootPass_109,247,12,12,Position_Unknown,Team_Unknown,Action_PreSnap,51.43,725.25,80.92,817.27,29.490000000000002,92.01999999999998,xml_geometry_csv_action
BootPass_109,247,18,18,Position_Unknown,Team_Unknown,Action_PreSnap,164.38,418.03,195.84,486.45,31.460000000000008,68.42000000000002,xml_geometry_csv_action
BootPass_109,247,24,22,Position_Unknown,Team_Unknown,Action_PreSnap,795.08,637.12,822.48,698.42,27.399999999999977,61.299999999999955,xml_geometry_csv_action
BootPass_109,247,29,24,Position_Unknown,Team_Unknown,Action_PreSnap,24.88,651.87,60.79,725.55,35.91,73.67999999999995,xml_geometry_csv_action
BootPass_109,247,31,25,Position_Unknown,Team_Unknown,Action_PreSnap,771.04,552.19,808.2,617.33,37.16000000000008,65.13999999999999,xml_geometry_csv_action
BootPass_109,247,41,30,Position_Unknown,Team_Unknown,Action_PreSnap,284.55,332.4,310.18,393.04,25.629999999999995,60.64000000000004,xml_geometry_csv_action
BootPass_109,247,42,31,Position_Unknown,Team_Unknown,Action_PreSnap,1652.64,848.36,1684.38,939.78,31.74000000000001,91.41999999999996,xml_geometry_csv_action
BootPass_109,247,44,32,Position_Unknown,Team_Unknown,Action_PreSnap,1094.6,752.53,1149.2,822.88,54.600000000000136,70.35000000000002,xml_geometry_csv_action
BootPass_109,247,4,4,Position_Unknown,Team_Unknown,Action_PreSnap,784.02,662.89,817.44,735.03,33.42000000000007,72.13999999999999,xml_geometry_csv_action
BootPass_109,247,5,5,Position_Unknown,Team_Unknown,Action_PreSnap,999.95,736.28,1040.32,808.8,40.36999999999989,72.51999999999998,xml_geometry_csv_action
BootPass_109,247,7,7,Position_Unknown,Team_Unknown,Action_PreSnap,261.51,333.84,287.98,392.14,26.470000000000027,58.30000000000001,xml_geometry_csv_action
BootPass_109,247,9,9,Position_Unknown,Team_Unknown,Action_PreSnap,1046.23,672.97,1075.53,740.68,29.299999999999955,67.70999999999992,xml_geometry_csv_action
BootPass_109,248,0,0,Position_Unknown,Team_Unknown,Action_PreSnap,1513.44,669.95,1564.15,754.95,50.710000000000036,85.0,xml_geometry_csv_action
BootPass_109,248,12,12,Position_Unknown,Team_Unknown,Action_PreSnap,51.78,723.34,81.48,815.55,29.700000000000003,92.20999999999992,xml_geometry_csv_action
BootPass_109,248,18,18,Position_Unknown,Team_Unknown,Action_PreSnap,158.54,416.39,190.34,484.7,31.80000000000001,68.31,xml_geometry_csv_action
BootPass_109,248,22,21,Position_Unknown,Team_Unknown,Action_None,96.65,443.55,127.43,510.87,30.78,67.32,xml_geometry_csv_action
BootPass_109,248,24,22,Position_Unknown,Team_Unknown,Action_PreSnap,794.93,634.47,823.19,697.87,28.260000000000105,63.39999999999998,xml_geometry_csv_action
BootPass_109,248,29,24,Position_Unknown,Team_Unknown,Action_PreSnap,23.05,649.39,60.21,722.7,37.16,73.31000000000006,xml_geometry_csv_action
BootPass_109,248,31,25,Position_Unknown,Team_Unknown,Action_PreSnap,769.86,551.1,807.04,616.52,37.17999999999995,65.41999999999996,xml_geometry_csv_action
BootPass_109,248,34,27,Position_Unknown,Team_Unknown,Action_None,1180.39,671.01,1212.16,743.82,31.769999999999982,72.81000000000006,xml_geometry_csv_action
BootPass_109,248,39,28,Position_Unknown,Team_Unknown,Action_None,350.26,391.22,381.44,447.08,31.180000000000007,55.85999999999996,xml_geometry_csv_action
BootPass_109,248,41,30,Position_Unknown,Team_Unknown,Action_PreSnap,277.22,330.07,303.36,391.46,26.139999999999986,61.389999999999986,xml_geometry_csv_action
BootPass_109,248,42,31,Position_Unknown,Team_Unknown,Action_PreSnap,1647.53,845.23,1679.64,936.74,32.11000000000013,91.50999999999999,xml_geometry_csv_action
BootPass_109,248,44,32,Position_Unknown,Team_Unknown,Action_PreSnap,1100.75,747.19,1149.86,820.48,49.1099999999999,73.28999999999996,xml_geometry_csv_action
BootPass_109,248,4,4,Position_Unknown,Team_Unknown,Action_PreSnap,785.1,657.66,818.31,731.51,33.20999999999992,73.85000000000002,xml_geometry_csv_action
BootPass_109,248,5,5,Position_Unknown,Team_Unknown,Action_PreSnap,1007.2,733.63,1046.02,807.67,38.819999999999936,74.03999999999996,xml_geometry_csv_action
BootPass_109,248,7,7,Position_Unknown,Team_Unknown,Action_PreSnap,255.97,331.43,282.18,390.13,26.210000000000008,58.69999999999999,xml_geometry_csv_action
BootPass_109,248,9,9,Position_Unknown,Team_Unknown,Action_PreSnap,1047.87,671.88,1079.21,740.85,31.340000000000146,68.97000000000003,xml_geometry_csv_action
BootPass_109,249,0,0,Position_Unknown,Team_Unknown,Action_PreSnap,1509.3,666.37,1560.96,752.02,51.66000000000008,85.64999999999998,xml_geometry_csv_action
BootPass_109,249,12,12,Position_Unknown,Team_Unknown,Action_PreSnap,49.89,721.16,82.1,813.75,32.209999999999994,92.59000000000003,xml_geometry_csv_action
BootPass_109,249,18,18,Position_Unknown,Team_Unknown,Action_PreSnap,153.07,414.98,185.83,484.61,32.76000000000002,69.63,xml_geometry_csv_action
BootPass_109,249,22,21,Position_Unknown,Team_Unknown,Action_None,91.95,440.74,123.73,510.17,31.78,69.43,xml_geometry_csv_action
BootPass_109,249,24,22,Position_Unknown,Team_Unknown,Action_PreSnap,795.46,631.25,823.87,701.61,28.409999999999968,70.36000000000001,xml_geometry_csv_action
BootPass_109,249,29,24,Position_Unknown,Team_Unknown,Action_PreSnap,21.44,647.64,59.25,721.97,37.81,74.33000000000004,xml_geometry_csv_action
BootPass_109,249,31,25,Position_Unknown,Team_Unknown,Action_PreSnap,772.38,548.01,807.32,615.24,34.940000000000055,67.23000000000002,xml_geometry_csv_action
BootPass_109,249,34,27,Position_Unknown,Team_Unknown,Action_None,1177.22,671.73,1210.24,745.69,33.01999999999998,73.96000000000004,xml_geometry_csv_action
BootPass_109,249,39,28,Position_Unknown,Team_Unknown,Action_None,343.31,388.66,376.9,445.01,33.589999999999975,56.349999999999966,xml_geometry_csv_action
BootPass_109,249,42,31,Position_Unknown,Team_Unknown,Action_PreSnap,1640.55,841.73,1674.3,934.74,33.75,93.00999999999999,xml_geometry_csv_action
BootPass_109,249,44,32,Position_Unknown,Team_Unknown,Action_PreSnap,1101.32,742.43,1151.78,816.83,50.460000000000036,74.40000000000009,xml_geometry_csv_action
BootPass_109,249,5,5,Position_Unknown,Team_Unknown,Action_PreSnap,1005.16,730.28,1055.02,807.84,49.860000000000014,77.56000000000006,xml_geometry_csv_action
BootPass_109,249,7,7,Position_Unknown,Team_Unknown,Action_PreSnap,250.36,327.93,278.76,388.3,28.399999999999977,60.370000000000005,xml_geometry_csv_action
BootPass_109,249,9,9,Position_Unknown,Team_Unknown,Action_PreSnap,1049.39,670.38,1081.68,741.02,32.289999999999964,70.63999999999999,xml_geometry_csv_action
BootPass_109,250,0,0,Position_Unknown,Team_Unknown,Action_PreSnap,1505.8,663.54,1557.36,750.05,51.559999999999945,86.50999999999999,xml_geometry_csv_action
BootPass_109,250,12,12,Position_Unknown,Team_Unknown,Action_PreSnap,48.32,717.44,83.39,810.76,35.07,93.31999999999994,xml_geometry_csv_action
BootPass_109,250,18,18,Position_Unknown,Team_Unknown,Action_PreSnap,148.0,412.8,181.18,483.67,33.18000000000001,70.87,xml_geometry_csv_action
BootPass_109,250,22,21,Position_Unknown,Team_Unknown,Action_None,86.96,437.63,118.66,508.75,31.700000000000003,71.12,xml_geometry_csv_action
BootPass_109,250,24,22,Position_Unknown,Team_Unknown,Action_PreSnap,794.04,629.34,823.98,705.51,29.940000000000055,76.16999999999996,xml_geometry_csv_action
BootPass_109,250,29,24,Position_Unknown,Team_Unknown,Action_PreSnap,20.93,646.41,57.24,721.54,36.31,75.13,xml_geometry_csv_action
BootPass_109,250,31,25,Position_Unknown,Team_Unknown,Action_PreSnap,776.19,546.74,807.43,614.17,31.239999999999895,67.42999999999995,xml_geometry_csv_action
BootPass_109,250,34,27,Position_Unknown,Team_Unknown,Action_None,1176.27,672.2,1208.05,746.78,31.779999999999973,74.57999999999993,xml_geometry_csv_action
BootPass_109,250,39,28,Position_Unknown,Team_Unknown,Action_None,338.17,385.98,372.91,441.75,34.74000000000001,55.76999999999998,xml_geometry_csv_action
BootPass_109,250,41,30,Position_Unknown,Team_Unknown,Action_PreSnap,263.39,324.1,290.51,386.73,27.120000000000005,62.629999999999995,xml_geometry_csv_action
BootPass_109,250,42,31,Position_Unknown,Team_Unknown,Action_PreSnap,1634.56,838.52,1669.22,933.46,34.66000000000008,94.94000000000005,xml_geometry_csv_action
BootPass_109,250,44,32,Position_Unknown,Team_Unknown,Action_PreSnap,1100.02,738.15,1151.89,812.38,51.87000000000012,74.23000000000002,xml_geometry_csv_action
BootPass_109,250,5,5,Position_Unknown,Team_Unknown,Action_PreSnap,1013.39,727.57,1061.84,806.5,48.44999999999993,78.92999999999995,xml_geometry_csv_action
BootPass_109,251,0,0,Position_Unknown,Team_Unknown,Action_PreSnap,1501.74,659.65,1552.79,747.39,51.049999999999955,87.74000000000001,xml_geometry_csv_action
BootPass_109,251,12,12,Position_Unknown,Team_Unknown,Action_PreSnap,46.57,713.5,85.62,806.39,39.050000000000004,92.88999999999999,xml_geometry_csv_action
BootPass_109,251,22,21,Position_Unknown,Team_Unknown,Action_None,81.91,434.86,114.24,506.8,32.33,71.94,xml_geometry_csv_action
BootPass_109,251,29,24,Position_Unknown,Team_Unknown,Action_PreSnap,19.67,644.78,55.04,720.66,35.37,75.88,xml_geometry_csv_action
BootPass_109,251,31,25,Position_Unknown,Team_Unknown,Action_PreSnap,776.89,545.24,807.02,611.8,30.129999999999995,66.55999999999995,xml_geometry_csv_action
BootPass_109,251,34,27,Position_Unknown,Team_Unknown,Action_None,1174.75,671.78,1205.84,744.86,31.089999999999918,73.08000000000004,xml_geometry_csv_action
BootPass_109,251,39,28,Position_Unknown,Team_Unknown,Action_None,331.82,383.2,368.39,440.96,36.56999999999999,57.75999999999999,xml_geometry_csv_action
BootPass_109,251,41,30,Position_Unknown,Team_Unknown,Action_PreSnap,257.39,321.56,284.75,384.79,27.360000000000014,63.23000000000002,xml_geometry_csv_action
BootPass_109,251,42,31,Position_Unknown,Team_Unknown,Action_PreSnap,1627.43,834.84,1664.2,931.02,36.76999999999998,96.17999999999995,xml_geometry_csv_action
BootPass_109,251,44,32,Position_Unknown,Team_Unknown,Action_PreSnap,1098.75,734.04,1150.64,808.59,51.8900000000001,74.55000000000007,xml_geometry_csv_action
BootPass_109,251,4,4,Position_Unknown,Team_Unknown,Action_PreSnap,787.55,643.58,820.03,721.07,32.48000000000002,77.49000000000001,xml_geometry_csv_action
BootPass_109,251,5,5,Position_Unknown,Team_Unknown,Action_PreSnap,1017.61,725.17,1065.58,805.52,47.969999999999914,80.35000000000002,xml_geometry_csv_action
BootPass_109,251,7,7,Position_Unknown,Team_Unknown,Action_PreSnap,236.35,322.69,267.63,384.14,31.28,61.44999999999999,xml_geometry_csv_action
BootPass_109,252,0,0,Position_Unknown,Team_Unknown,Action_PreSnap,1497.78,656.8,1547.51,744.47,49.73000000000002,87.67000000000007,xml_geometry_csv_action
BootPass_109,252,12,12,Position_Unknown,Team_Unknown,Action_PreSnap,44.44,709.37,89.01,802.59,44.57000000000001,93.22000000000003,xml_geometry_csv_action
BootPass_109,252,20,20,Position_Unknown,Team_Unknown,Action_PreSnap,559.16,522.52,590.6,593.79,31.440000000000055,71.26999999999998,xml_geometry_csv_action
BootPass_109,252,22,21,Position_Unknown,Team_Unknown,Action_None,77.91,433.33,109.73,505.67,31.820000000000007,72.34000000000003,xml_geometry_csv_action
BootPass_109,252,29,24,Position_Unknown,Team_Unknown,Action_PreSnap,20.17,643.35,54.16,720.94,33.989999999999995,77.59000000000003,xml_geometry_csv_action
BootPass_109,252,31,25,Position_Unknown,Team_Unknown,Action_PreSnap,777.73,540.31,808.27,607.18,30.539999999999964,66.87,xml_geometry_csv_action
BootPass_109,252,34,27,Position_Unknown,Team_Unknown,Action_None,1172.97,673.08,1203.99,744.7,31.019999999999982,71.62,xml_geometry_csv_action
BootPass_109,252,39,28,Position_Unknown,Team_Unknown,Action_None,327.12,380.64,364.11,440.08,36.99000000000001,59.44,xml_geometry_csv_action
BootPass_109,252,41,30,Position_Unknown,Team_Unknown,Action_PreSnap,250.84,319.71,279.02,382.8,28.17999999999998,63.09000000000003,xml_geometry_csv_action
BootPass_109,252,42,31,Position_Unknown,Team_Unknown,Action_PreSnap,1622.08,831.7,1658.95,927.77,36.87000000000012,96.06999999999994,xml_geometry_csv_action
BootPass_109,252,44,32,Position_Unknown,Team_Unknown,Action_PreSnap,1099.59,729.88,1149.76,804.63,50.17000000000007,74.75,xml_geometry_csv_action
BootPass_109,252,4,4,Position_Unknown,Team_Unknown,Action_PreSnap,786.88,643.14,819.45,721.3,32.57000000000005,78.15999999999997,xml_geometry_csv_action
BootPass_109,252,5,5,Position_Unknown,Team_Unknown,Action_PreSnap,1025.96,723.52,1068.03,805.56,42.069999999999936,82.03999999999996,xml_geometry_csv_action
BootPass_109,252,7,7,Position_Unknown,Team_Unknown,Action_PreSnap,230.37,320.32,260.78,382.22,30.409999999999968,61.900000000000034,xml_geometry_csv_action
BootPass_109,253,0,0,Position_Unknown,Team_Unknown,Action_PreSnap,1497.38,653.02,1542.02,743.85,44.63999999999987,90.83000000000004,xml_geometry_csv_action
BootPass_109,253,12,12,Position_Unknown,Team_Unknown,Action_PreSnap,43.36,707.16,91.17,798.16,47.81,91.0,xml_geometry_csv_action
BootPass_109,253,18,18,Position_Unknown,Team_Unknown,Action_PreSnap,131.76,406.11,163.75,481.95,31.99000000000001,75.83999999999997,xml_geometry_csv_action
BootPass_109,253,22,21,Position_Unknown,Team_Unknown,Action_None,74.47,432.92,104.91,505.1,30.439999999999998,72.18,xml_geometry_csv_action
BootPass_109,253,29,24,Position_Unknown,Team_Unknown,Action_PreSnap,19.8,642.24,53.18,716.58,33.379999999999995,74.34000000000003,xml_geometry_csv_action
BootPass_109,253,31,25,Position_Unknown,Team_Unknown,Action_PreSnap,776.65,537.72,807.86,603.84,31.210000000000036,66.12,xml_geometry_csv_action
BootPass_109,253,34,27,Position_Unknown,Team_Unknown,Action_None,1169.43,673.51,1201.66,744.24,32.23000000000002,70.73000000000002,xml_geometry_csv_action
BootPass_109,253,39,28,Position_Unknown,Team_Unknown,Action_None,323.07,378.52,359.68,438.45,36.610000000000014,59.93000000000001,xml_geometry_csv_action
BootPass_109,253,41,30,Position_Unknown,Team_Unknown,Action_PreSnap,245.73,317.98,273.1,380.18,27.370000000000033,62.19999999999999,xml_geometry_csv_action
BootPass_109,253,42,31,Position_Unknown,Team_Unknown,Action_PreSnap,1615.71,828.79,1652.01,924.52,36.299999999999955,95.73000000000002,xml_geometry_csv_action
BootPass_109,253,44,32,Position_Unknown,Team_Unknown,Action_PreSnap,1101.38,726.88,1150.28,798.65,48.899999999999864,71.76999999999998,xml_geometry_csv_action
BootPass_109,253,4,4,Position_Unknown,Team_Unknown,Action_PreSnap,783.79,641.16,818.89,723.78,35.10000000000002,82.62,xml_geometry_csv_action
BootPass_109,253,5,5,Position_Unknown,Team_Unknown,Action_PreSnap,1033.58,722.36,1068.65,805.21,35.070000000000164,82.85000000000002,xml_geometry_csv_action
BootPass_109,253,7,7,Position_Unknown,Team_Unknown,Action_PreSnap,223.87,318.51,253.85,379.87,29.97999999999999,61.360000000000014,xml_geometry_csv_action
BootPass_109,253,9,9,Position_Unknown,Team_Unknown,Action_PreSnap,1052.74,668.84,1086.02,735.14,33.27999999999997,66.29999999999995,xml_geometry_csv_action
BootPass_109,254,0,0,Position_Unknown,Team_Unknown,Action_PreSnap,1490.75,649.98,1536.46,741.21,45.710000000000036,91.23000000000002,xml_geometry_csv_action
BootPass_109,254,12,12,Position_Unknown,Team_Unknown,Action_PreSnap,47.09,704.28,91.87,791.96,44.78,87.68000000000006,xml_geometry_csv_action
BootPass_109,254,18,18,Position_Unknown,Team_Unknown,Action_PreSnap,126.26,403.92,158.65,482.66,32.39,78.74000000000001,xml_geometry_csv_action
BootPass_109,254,22,21,Position_Unknown,Team_Unknown,Action_None,71.4,430.77,101.12,503.29,29.72,72.52000000000004,xml_geometry_csv_action
BootPass_109,254,29,24,Position_Unknown,Team_Unknown,Action_PreSnap,19.78,640.56,52.8,712.41,33.019999999999996,71.85000000000002,xml_geometry_csv_action
BootPass_109,254,31,25,Position_Unknown,Team_Unknown,Action_PreSnap,775.75,536.56,807.71,601.24,31.960000000000036,64.68000000000006,xml_geometry_csv_action
BootPass_109,254,34,27,Position_Unknown,Team_Unknown,Action_None,1165.24,672.75,1198.88,744.03,33.6400000000001,71.27999999999997,xml_geometry_csv_action
BootPass_109,254,39,28,Position_Unknown,Team_Unknown,Action_None,320.77,376.52,355.85,437.54,35.08000000000004,61.02000000000004,xml_geometry_csv_action
BootPass_109,254,41,30,Position_Unknown,Team_Unknown,Action_PreSnap,239.75,315.93,266.99,378.73,27.24000000000001,62.80000000000001,xml_geometry_csv_action
BootPass_109,254,42,31,Position_Unknown,Team_Unknown,Action_PreSnap,1608.79,826.3,1645.66,921.53,36.87000000000012,95.23000000000002,xml_geometry_csv_action
BootPass_109,254,44,32,Position_Unknown,Team_Unknown,Action_PreSnap,1110.99,725.28,1151.93,794.49,40.940000000000055,69.21000000000004,xml_geometry_csv_action
BootPass_109,254,47,33,Position_Unknown,Team_Unknown,Action_PreSnap,1788.69,768.31,1827.02,862.77,38.32999999999993,94.46000000000004,xml_geometry_csv_action
BootPass_109,254,4,4,Position_Unknown,Team_Unknown,Action_PreSnap,781.27,637.8,818.9,721.75,37.629999999999995,83.95000000000005,xml_geometry_csv_action
BootPass_109,254,5,5,Position_Unknown,Team_Unknown,Action_PreSnap,1037.23,719.26,1070.54,802.88,33.309999999999945,83.62,xml_geometry_csv_action
BootPass_109,254,7,7,Position_Unknown,Team_Unknown,Action_PreSnap,217.33,316.23,246.57,378.16,29.23999999999998,61.93000000000001,xml_geometry_csv_action
BootPass_109,254,9,9,Position_Unknown,Team_Unknown,Action_PreSnap,1053.82,667.1,1086.74,732.66,32.92000000000007,65.55999999999995,xml_geometry_csv_action
BootPass_109,255,0,0,Position_Unknown,Team_Unknown,Action_PreSnap,1487.64,648.75,1531.18,737.82,43.539999999999964,89.07000000000005,xml_geometry_csv_action
BootPass_109,255,12,12,Position_Unknown,Team_Unknown,Action_PreSnap,49.48,703.31,93.13,789.38,43.65,86.07000000000005,xml_geometry_csv_action
BootPass_109,255,22,21,Position_Unknown,Team_Unknown,Action_None,67.25,431.35,96.28,501.14,29.03,69.78999999999996,xml_geometry_csv_action
BootPass_109,255,29,24,Position_Unknown,Team_Unknown,Action_PreSnap,15.46,639.05,52.32,712.68,36.86,73.63,xml_geometry_csv_action
BootPass_109,255,31,25,Position_Unknown,Team_Unknown,Action_PreSnap,775.4,535.14,809.15,599.9,33.75,64.75999999999999,xml_geometry_csv_action
BootPass_109,255,34,27,Position_Unknown,Team_Unknown,Action_None,1161.44,673.02,1195.11,742.64,33.669999999999845,69.62,xml_geometry_csv_action
BootPass_109,255,39,28,Position_Unknown,Team_Unknown,Action_None,317.79,374.98,351.67,438.06,33.879999999999995,63.079999999999984,xml_geometry_csv_action
BootPass_109,255,41,30,Position_Unknown,Team_Unknown,Action_PreSnap,231.91,313.85,260.52,377.37,28.609999999999985,63.51999999999998,xml_geometry_csv_action
BootPass_109,255,42,31,Position_Unknown,Team_Unknown,Action_PreSnap,1602.63,824.1,1639.65,919.0,37.01999999999998,94.89999999999998,xml_geometry_csv_action
BootPass_109,255,44,32,Position_Unknown,Team_Unknown,Action_PreSnap,1114.02,726.37,1153.01,793.8,38.99000000000001,67.42999999999995,xml_geometry_csv_action
BootPass_109,255,47,33,Position_Unknown,Team_Unknown,Action_PreSnap,1782.86,765.63,1821.83,857.95,38.97000000000003,92.32000000000005,xml_geometry_csv_action
BootPass_109,255,4,4,Position_Unknown,Team_Unknown,Action_PreSnap,780.28,636.82,818.94,718.43,38.66000000000008,81.6099999999999,xml_geometry_csv_action
BootPass_109,255,5,5,Position_Unknown,Team_Unknown,Action_PreSnap,1038.94,718.23,1073.43,800.28,34.49000000000001,82.04999999999995,xml_geometry_csv_action
BootPass_109,255,7,7,Position_Unknown,Team_Unknown,Action_PreSnap,210.48,314.73,240.26,377.33,29.78,62.599999999999966,xml_geometry_csv_action
BootPass_109,255,9,9,Position_Unknown,Team_Unknown,Action_PreSnap,1056.37,666.77,1088.1,731.24,31.730000000000018,64.47000000000003,xml_geometry_csv_action
BootPass_109,256,0,0,Position_Unknown,Team_Unknown,Action_PreSnap,1485.5,645.79,1526.42,731.42,40.92000000000007,85.63,xml_geometry_csv_action
BootPass_109,256,12,12,Position_Unknown,Team_Unknown,Action_PreSnap,52.28,701.36,91.49,787.03,39.209999999999994,85.66999999999996,xml_geometry_csv_action
BootPass_109,256,22,21,Position_Unknown,Team_Unknown,Action_None,62.54,431.05,91.8,499.25,29.259999999999998,68.19999999999999,xml_geometry_csv_action
BootPass_109,256,24,22,Position_Unknown,Team_Unknown,Action_PreSnap,793.48,614.31,821.25,678.16,27.769999999999982,63.85000000000002,xml_geometry_csv_action
BootPass_109,256,29,24,Position_Unknown,Team_Unknown,Action_PreSnap,13.55,636.83,52.04,711.14,38.489999999999995,74.30999999999995,xml_geometry_csv_action
BootPass_109,256,31,25,Position_Unknown,Team_Unknown,Action_PreSnap,776.3,534.17,810.69,597.81,34.3900000000001,63.639999999999986,xml_geometry_csv_action
BootPass_109,256,34,27,Position_Unknown,Team_Unknown,Action_None,1160.26,674.96,1190.97,740.58,30.710000000000036,65.62,xml_geometry_csv_action
BootPass_109,256,39,28,Position_Unknown,Team_Unknown,Action_None,317.18,373.56,347.54,435.99,30.360000000000014,62.43000000000001,xml_geometry_csv_action
BootPass_109,256,40,29,Position_Unknown,Team_Unknown,Action_PreSnap,227.59,388.54,258.12,453.23,30.53,64.69,xml_geometry_csv_action
BootPass_109,256,41,30,Position_Unknown,Team_Unknown,Action_PreSnap,224.89,313.27,253.11,375.68,28.220000000000027,62.410000000000025,xml_geometry_csv_action
BootPass_109,256,42,31,Position_Unknown,Team_Unknown,Action_PreSnap,1597.89,821.34,1633.9,914.86,36.00999999999999,93.51999999999998,xml_geometry_csv_action
BootPass_109,256,44,32,Position_Unknown,Team_Unknown,Action_PreSnap,1112.68,729.09,1152.91,789.17,40.23000000000002,60.07999999999993,xml_geometry_csv_action
BootPass_109,256,4,4,Position_Unknown,Team_Unknown,Action_PreSnap,782.55,637.35,818.3,714.31,35.75,76.95999999999992,xml_geometry_csv_action
BootPass_109,256,5,5,Position_Unknown,Team_Unknown,Action_PreSnap,1038.21,717.37,1079.24,795.91,41.02999999999997,78.53999999999996,xml_geometry_csv_action
BootPass_109,256,7,7,Position_Unknown,Team_Unknown,Action_PreSnap,204.0,313.64,233.49,375.65,29.49000000000001,62.00999999999999,xml_geometry_csv_action
BootPass_109,256,9,9,Position_Unknown,Team_Unknown,Action_PreSnap,1059.82,665.89,1089.16,727.24,29.340000000000146,61.35000000000002,xml_geometry_csv_action
BootPass_109,257,0,0,Position_Unknown,Team_Unknown,Action_PreSnap,1480.17,642.99,1520.4,726.99,40.23000000000002,84.0,xml_geometry_csv_action
BootPass_109,257,12,12,Position_Unknown,Team_Unknown,Action_PreSnap,52.4,699.35,90.83,790.22,38.43,90.87,xml_geometry_csv_action
BootPass_109,257,22,21,Position_Unknown,Team_Unknown,Action_None,57.64,428.98,88.38,497.48,30.739999999999995,68.5,xml_geometry_csv_action
BootPass_109,257,24,22,Position_Unknown,Team_Unknown,Action_PreSnap,792.41,611.43,819.95,660.75,27.540000000000077,49.32000000000005,xml_geometry_csv_action
BootPass_109,257,29,24,Position_Unknown,Team_Unknown,Action_PreSnap,10.8,634.49,52.54,708.98,41.739999999999995,74.49000000000001,xml_geometry_csv_action
BootPass_109,257,31,25,Position_Unknown,Team_Unknown,Action_PreSnap,776.55,533.72,810.92,596.27,34.370000000000005,62.549999999999955,xml_geometry_csv_action
BootPass_109,257,34,27,Position_Unknown,Team_Unknown,Action_None,1158.02,676.48,1187.83,738.69,29.809999999999945,62.210000000000036,xml_geometry_csv_action
BootPass_109,257,39,28,Position_Unknown,Team_Unknown,Action_None,314.51,372.68,343.25,433.58,28.74000000000001,60.89999999999998,xml_geometry_csv_action
BootPass_109,257,40,29,Position_Unknown,Team_Unknown,Action_PreSnap,224.07,386.46,255.06,451.52,30.99000000000001,65.06,xml_geometry_csv_action
BootPass_109,257,41,30,Position_Unknown,Team_Unknown,Action_PreSnap,218.32,311.82,246.37,373.69,28.05000000000001,61.870000000000005,xml_geometry_csv_action
BootPass_109,257,42,31,Position_Unknown,Team_Unknown,Action_PreSnap,1592.17,819.1,1628.67,912.29,36.5,93.18999999999994,xml_geometry_csv_action
BootPass_109,257,44,32,Position_Unknown,Team_Unknown,Action_PreSnap,1108.9,730.24,1152.93,786.32,44.02999999999997,56.08000000000004,xml_geometry_csv_action
BootPass_109,257,4,4,Position_Unknown,Team_Unknown,Action_PreSnap,784.22,638.23,818.53,711.36,34.309999999999945,73.13,xml_geometry_csv_action
BootPass_109,257,5,5,Position_Unknown,Team_Unknown,Action_PreSnap,1038.12,714.56,1084.39,791.48,46.27000000000021,76.92000000000007,xml_geometry_csv_action
BootPass_109,257,7,7,Position_Unknown,Team_Unknown,Action_PreSnap,197.68,312.49,226.25,373.95,28.569999999999993,61.45999999999998,xml_geometry_csv_action
BootPass_109,257,9,9,Position_Unknown,Team_Unknown,Action_PreSnap,1062.21,665.94,1089.95,721.65,27.74000000000001,55.70999999999992,xml_geometry_csv_action
BootPass_109,258,0,0,Position_Unknown,Team_Unknown,Action_PreSnap,1473.04,639.64,1516.45,724.93,43.41000000000008,85.28999999999996,xml_geometry_csv_action
BootPass_109,258,12,12,Position_Unknown,Team_Unknown,Action_PreSnap,51.44,701.11,87.82,791.98,36.379999999999995,90.87,xml_geometry_csv_action
BootPass_109,258,2,2,Position_Unknown,Team_Unknown,Action_PreSnap,737.92,724.76,770.95,795.19,33.030000000000086,70.43000000000006,xml_geometry_csv_action
BootPass_109,258,22,21,Position_Unknown,Team_Unknown,Action_None,53.24,427.57,84.57,496.19,31.32999999999999,68.62,xml_geometry_csv_action
BootPass_109,258,29,24,Position_Unknown,Team_Unknown,Action_PreSnap,10.22,633.11,53.23,707.84,43.01,74.73000000000002,xml_geometry_csv_action
BootPass_109,258,31,25,Position_Unknown,Team_Unknown,Action_PreSnap,777.69,534.75,809.27,596.12,31.579999999999927,61.370000000000005,xml_geometry_csv_action
BootPass_109,258,34,27,Position_Unknown,Team_Unknown,Action_None,1156.41,678.14,1185.5,739.27,29.089999999999918,61.129999999999995,xml_geometry_csv_action
BootPass_109,258,39,28,Position_Unknown,Team_Unknown,Action_None,308.86,371.26,337.98,432.94,29.120000000000005,61.68000000000001,xml_geometry_csv_action
BootPass_109,258,40,29,Position_Unknown,Team_Unknown,Action_PreSnap,219.61,384.96,251.44,451.79,31.829999999999984,66.83000000000004,xml_geometry_csv_action
BootPass_109,258,41,30,Position_Unknown,Team_Unknown,Action_PreSnap,211.31,310.99,239.91,373.57,28.599999999999994,62.579999999999984,xml_geometry_csv_action
BootPass_109,258,42,31,Position_Unknown,Team_Unknown,Action_PreSnap,1586.57,817.24,1623.08,910.28,36.50999999999999,93.03999999999996,xml_geometry_csv_action
BootPass_109,258,44,32,Position_Unknown,Team_Unknown,Action_PreSnap,1113.87,720.48,1159.34,779.58,45.47000000000003,59.10000000000002,xml_geometry_csv_action
BootPass_109,258,47,33,Position_Unknown,Team_Unknown,Action_PreSnap,1762.16,753.33,1802.45,849.73,40.289999999999964,96.39999999999998,xml_geometry_csv_action
BootPass_109,258,4,4,Position_Unknown,Team_Unknown,Action_PreSnap,787.67,637.57,819.6,709.49,31.930000000000064,71.91999999999996,xml_geometry_csv_action
BootPass_109,258,5,5,Position_Unknown,Team_Unknown,Action_PreSnap,1042.21,712.32,1086.66,785.03,44.450000000000045,72.70999999999992,xml_geometry_csv_action
BootPass_109,258,7,7,Position_Unknown,Team_Unknown,Action_PreSnap,190.45,311.6,219.51,372.69,29.060000000000002,61.089999999999975,xml_geometry_csv_action
BootPass_109,258,9,9,Position_Unknown,Team_Unknown,Action_PreSnap,1064.23,667.02,1091.31,718.59,27.079999999999927,51.57000000000005,xml_geometry_csv_action
BootPass_109,259,0,0,Position_Unknown,Team_Unknown,Action_PreSnap,1463.17,638.68,1511.76,724.22,48.58999999999992,85.54000000000008,xml_geometry_csv_action
BootPass_109,259,12,12,Position_Unknown,Team_Unknown,Action_PreSnap,49.68,700.65,85.21,791.46,35.529999999999994,90.81000000000006,xml_geometry_csv_action
BootPass_109,259,2,2,Position_Unknown,Team_Unknown,Action_PreSnap,736.53,723.02,770.7,794.62,34.17000000000007,71.60000000000002,xml_geometry_csv_action
BootPass_109,259,22,21,Position_Unknown,Team_Unknown,Action_None,47.96,425.93,79.97,494.85,32.01,68.92000000000002,xml_geometry_csv_action
BootPass_109,259,29,24,Position_Unknown,Team_Unknown,Action_PreSnap,10.75,632.52,52.59,707.39,41.84,74.87,xml_geometry_csv_action
BootPass_109,259,31,25,Position_Unknown,Team_Unknown,Action_PreSnap,777.65,535.19,806.87,596.36,29.220000000000027,61.16999999999996,xml_geometry_csv_action
BootPass_109,259,34,27,Position_Unknown,Team_Unknown,Action_None,1151.28,679.8,1182.07,742.81,30.789999999999964,63.00999999999999,xml_geometry_csv_action
BootPass_109,259,39,28,Position_Unknown,Team_Unknown,Action_None,303.92,369.91,333.54,430.28,29.620000000000005,60.36999999999995,xml_geometry_csv_action
BootPass_109,259,40,29,Position_Unknown,Team_Unknown,Action_PreSnap,214.8,383.88,246.2,450.13,31.399999999999977,66.25,xml_geometry_csv_action
BootPass_109,259,41,30,Position_Unknown,Team_Unknown,Action_PreSnap,204.66,310.41,233.18,372.77,28.52000000000001,62.35999999999996,xml_geometry_csv_action
BootPass_109,259,42,31,Position_Unknown,Team_Unknown,Action_PreSnap,1579.42,815.34,1617.06,908.46,37.63999999999987,93.12,xml_geometry_csv_action
BootPass_109,259,44,32,Position_Unknown,Team_Unknown,Action_PreSnap,1116.62,719.34,1162.06,776.81,45.440000000000055,57.469999999999914,xml_geometry_csv_action
BootPass_109,259,4,4,Position_Unknown,Team_Unknown,Action_PreSnap,787.9,636.98,817.71,707.05,29.81000000000006,70.06999999999994,xml_geometry_csv_action
BootPass_109,259,5,5,Position_Unknown,Team_Unknown,Action_PreSnap,1044.15,710.38,1088.79,782.39,44.63999999999987,72.00999999999999,xml_geometry_csv_action
BootPass_109,259,7,7,Position_Unknown,Team_Unknown,Action_PreSnap,184.02,310.49,212.56,371.91,28.539999999999992,61.420000000000016,xml_geometry_csv_action
BootPass_109,259,9,9,Position_Unknown,Team_Unknown,Action_PreSnap,1064.9,667.66,1092.94,723.36,28.039999999999964,55.700000000000045,xml_geometry_csv_action
BootPass_109,260,0,0,Position_Unknown,Team_Unknown,Action_PreSnap,1455.26,637.25,1506.57,722.18,51.309999999999945,84.92999999999995,xml_geometry_csv_action
BootPass_109,260,12,12,Position_Unknown,Team_Unknown,Action_PreSnap,48.87,695.93,82.3,790.52,33.43,94.59000000000003,xml_geometry_csv_action
BootPass_109,260,2,2,Position_Unknown,Team_Unknown,Action_PreSnap,735.18,721.77,768.61,795.98,33.430000000000064,74.21000000000004,xml_geometry_csv_action
BootPass_109,260,22,21,Position_Unknown,Team_Unknown,Action_None,41.54,424.53,74.06,494.5,32.52,69.97000000000003,xml_geometry_csv_action
BootPass_109,260,24,22,Position_Unknown,Team_Unknown,Action_PreSnap,789.2,606.32,818.89,673.7,29.68999999999994,67.38,xml_geometry_csv_action
BootPass_109,260,29,24,Position_Unknown,Team_Unknown,Action_PreSnap,10.33,632.15,50.78,707.56,40.45,75.40999999999997,xml_geometry_csv_action
BootPass_109,260,31,25,Position_Unknown,Team_Unknown,Action_PreSnap,775.73,532.93,804.11,596.65,28.379999999999995,63.72000000000003,xml_geometry_csv_action
BootPass_109,260,34,27,Position_Unknown,Team_Unknown,Action_None,1146.64,682.43,1177.76,747.83,31.11999999999989,65.40000000000009,xml_geometry_csv_action
BootPass_109,260,39,28,Position_Unknown,Team_Unknown,Action_None,298.71,368.34,329.05,429.79,30.340000000000032,61.450000000000045,xml_geometry_csv_action
BootPass_109,260,42,31,Position_Unknown,Team_Unknown,Action_PreSnap,1572.96,812.45,1611.15,905.79,38.190000000000055,93.33999999999992,xml_geometry_csv_action
BootPass_109,260,47,33,Position_Unknown,Team_Unknown,Action_PreSnap,1746.27,751.16,1788.6,845.99,42.32999999999993,94.83000000000004,xml_geometry_csv_action
BootPass_109,260,4,4,Position_Unknown,Team_Unknown,Action_PreSnap,787.42,635.03,816.44,706.95,29.020000000000095,71.92000000000007,xml_geometry_csv_action
BootPass_109,260,5,5,Position_Unknown,Team_Unknown,Action_PreSnap,1049.8,707.81,1089.69,779.72,39.8900000000001,71.91000000000008,xml_geometry_csv_action
BootPass_109,260,9,9,Position_Unknown,Team_Unknown,Action_PreSnap,1066.4,669.14,1094.31,724.56,27.909999999999854,55.41999999999996,xml_geometry_csv_action
BootPass_109,261,0,0,Position_Unknown,Team_Unknown,Action_PreSnap,1447.41,635.77,1500.35,720.1,52.93999999999983,84.33000000000004,xml_geometry_csv_action
BootPass_109,261,12,12,Position_Unknown,Team_Unknown,Action_PreSnap,45.63,693.26,80.97,790.88,35.339999999999996,97.62,xml_geometry_csv_action
BootPass_109,261,2,2,Position_Unknown,Team_Unknown,Action_PreSnap,731.89,718.82,764.53,790.52,32.639999999999986,71.69999999999993,xml_geometry_csv_action
BootPass_109,261,20,20,Position_Unknown,Team_Unknown,Action_PreSnap,537.53,492.98,567.76,572.25,30.230000000000018,79.26999999999998,xml_geometry_csv_action
BootPass_109,261,22,21,Position_Unknown,Team_Unknown,Action_None,35.28,423.3,69.59,495.57,34.31,72.26999999999998,xml_geometry_csv_action
BootPass_109,261,24,22,Position_Unknown,Team_Unknown,Action_PreSnap,788.16,605.66,818.42,676.39,30.25999999999999,70.73000000000002,xml_geometry_csv_action
BootPass_109,261,29,24,Position_Unknown,Team_Unknown,Action_PreSnap,12.53,631.78,49.09,705.92,36.56,74.13999999999999,xml_geometry_csv_action
BootPass_109,261,31,25,Position_Unknown,Team_Unknown,Action_PreSnap,774.93,529.94,802.35,595.48,27.420000000000073,65.53999999999996,xml_geometry_csv_action
BootPass_109,261,34,27,Position_Unknown,Team_Unknown,Action_None,1143.49,684.32,1174.12,752.38,30.62999999999988,68.05999999999995,xml_geometry_csv_action
BootPass_109,261,39,28,Position_Unknown,Team_Unknown,Action_None,292.62,366.82,324.11,428.36,31.49000000000001,61.54000000000002,xml_geometry_csv_action
BootPass_109,261,41,30,Position_Unknown,Team_Unknown,Action_PreSnap,188.83,308.37,217.77,371.47,28.939999999999998,63.10000000000002,xml_geometry_csv_action
BootPass_109,261,42,31,Position_Unknown,Team_Unknown,Action_PreSnap,1564.37,810.26,1605.31,902.28,40.940000000000055,92.01999999999998,xml_geometry_csv_action
BootPass_109,261,47,33,Position_Unknown,Team_Unknown,Action_PreSnap,1739.05,749.72,1781.01,844.82,41.960000000000036,95.10000000000002,xml_geometry_csv_action
BootPass_109,261,4,4,Position_Unknown,Team_Unknown,Action_PreSnap,786.51,635.32,814.94,708.0,28.430000000000064,72.67999999999995,xml_geometry_csv_action
BootPass_109,261,5,5,Position_Unknown,Team_Unknown,Action_PreSnap,1055.66,705.38,1091.38,778.25,35.72000000000003,72.87,xml_geometry_csv_action
BootPass_109,261,7,7,Position_Unknown,Team_Unknown,Action_PreSnap,168.27,308.65,197.62,370.42,29.349999999999994,61.77000000000004,xml_geometry_csv_action
BootPass_109,261,9,9,Position_Unknown,Team_Unknown,Action_PreSnap,1065.7,667.81,1093.46,721.5,27.75999999999999,53.690000000000055,xml_geometry_csv_action
BootPass_109,262,0,0,Position_Unknown,Team_Unknown,Action_PreSnap,1442.33,631.66,1495.51,719.14,53.180000000000064,87.48000000000002,xml_geometry_csv_action
BootPass_109,262,12,12,Position_Unknown,Team_Unknown,Action_PreSnap,41.04,690.79,82.17,790.68,41.13,99.88999999999999,xml_geometry_csv_action
BootPass_109,262,18,18,Position_Unknown,Team_Unknown,Action_PreSnap,80.76,397.35,113.91,474.29,33.14999999999999,76.94,xml_geometry_csv_action
BootPass_109,262,2,2,Position_Unknown,Team_Unknown,Action_PreSnap,727.84,716.12,760.5,788.93,32.65999999999997,72.80999999999995,xml_geometry_csv_action
BootPass_109,262,20,20,Position_Unknown,Team_Unknown,Action_PreSnap,535.21,491.51,565.73,572.1,30.519999999999982,80.59000000000003,xml_geometry_csv_action
BootPass_109,262,22,21,Position_Unknown,Team_Unknown,Action_None,27.55,423.68,64.76,495.79,37.21000000000001,72.11000000000001,xml_geometry_csv_action
BootPass_109,262,29,24,Position_Unknown,Team_Unknown,Action_PreSnap,10.66,631.16,46.94,707.36,36.28,76.20000000000005,xml_geometry_csv_action
BootPass_109,262,31,25,Position_Unknown,Team_Unknown,Action_PreSnap,772.69,527.52,802.75,593.49,30.059999999999945,65.97000000000003,xml_geometry_csv_action
BootPass_109,262,34,27,Position_Unknown,Team_Unknown,Action_None,1140.05,686.18,1171.35,757.93,31.299999999999955,71.75,xml_geometry_csv_action
BootPass_109,262,39,28,Position_Unknown,Team_Unknown,Action_None,285.29,365.53,319.36,429.82,34.06999999999999,64.29000000000002,xml_geometry_csv_action
BootPass_109,262,41,30,Position_Unknown,Team_Unknown,Action_PreSnap,179.98,307.54,210.69,371.71,30.710000000000008,64.16999999999996,xml_geometry_csv_action
BootPass_109,262,42,31,Position_Unknown,Team_Unknown,Action_PreSnap,1557.27,808.32,1598.95,900.86,41.680000000000064,92.53999999999996,xml_geometry_csv_action
BootPass_109,262,47,33,Position_Unknown,Team_Unknown,Action_PreSnap,1731.25,746.77,1774.3,841.25,43.049999999999955,94.48000000000002,xml_geometry_csv_action
BootPass_109,262,4,4,Position_Unknown,Team_Unknown,Action_PreSnap,784.47,634.3,814.34,708.94,29.870000000000005,74.6400000000001,xml_geometry_csv_action
BootPass_109,262,5,5,Position_Unknown,Team_Unknown,Action_PreSnap,1059.4,699.42,1094.27,777.17,34.86999999999989,77.75,xml_geometry_csv_action
BootPass_109,263,0,0,Position_Unknown,Team_Unknown,Action_PreSnap,1438.27,629.03,1489.84,717.79,51.569999999999936,88.75999999999999,xml_geometry_csv_action
BootPass_109,263,12,12,Position_Unknown,Team_Unknown,Action_PreSnap,37.48,688.31,83.33,786.84,45.85,98.53000000000009,xml_geometry_csv_action
BootPass_109,263,18,18,Position_Unknown,Team_Unknown,Action_PreSnap,74.69,397.46,107.35,472.28,32.66,74.82,xml_geometry_csv_action
BootPass_109,263,2,2,Position_Unknown,Team_Unknown,Action_PreSnap,723.42,714.47,756.34,786.79,32.92000000000007,72.31999999999994,xml_geometry_csv_action
BootPass_109,263,20,20,Position_Unknown,Team_Unknown,Action_PreSnap,533.16,489.41,562.84,570.11,29.680000000000064,80.69999999999999,xml_geometry_csv_action
BootPass_109,263,22,21,Position_Unknown,Team_Unknown,Action_None,23.7,424.33,59.45,495.81,35.75,71.48000000000002,xml_geometry_csv_action
BootPass_109,263,24,22,Position_Unknown,Team_Unknown,Action_PreSnap,785.67,604.87,815.83,673.45,30.160000000000082,68.58000000000004,xml_geometry_csv_action
BootPass_109,263,29,24,Position_Unknown,Team_Unknown,Action_PreSnap,9.03,632.05,45.55,707.81,36.519999999999996,75.75999999999999,xml_geometry_csv_action
BootPass_109,263,31,25,Position_Unknown,Team_Unknown,Action_PreSnap,768.25,526.04,800.65,593.2,32.39999999999998,67.16000000000008,xml_geometry_csv_action
BootPass_109,263,34,27,Position_Unknown,Team_Unknown,Action_None,1139.27,687.71,1169.4,758.0,30.13000000000011,70.28999999999996,xml_geometry_csv_action
BootPass_109,263,39,28,Position_Unknown,Team_Unknown,Action_None,278.6,364.23,313.77,428.8,35.16999999999996,64.57,xml_geometry_csv_action
BootPass_109,263,42,31,Position_Unknown,Team_Unknown,Action_PreSnap,1550.52,806.12,1591.93,898.61,41.41000000000008,92.49000000000001,xml_geometry_csv_action
BootPass_109,263,47,33,Position_Unknown,Team_Unknown,Action_PreSnap,1723.59,744.47,1767.25,838.66,43.66000000000008,94.18999999999994,xml_geometry_csv_action
BootPass_109,263,4,4,Position_Unknown,Team_Unknown,Action_PreSnap,783.13,631.68,813.21,704.77,30.08000000000004,73.09000000000003,xml_geometry_csv_action
BootPass_109,263,5,5,Position_Unknown,Team_Unknown,Action_PreSnap,1061.6,698.17,1096.0,774.74,34.40000000000009,76.57000000000005,xml_geometry_csv_action
BootPass_109,263,9,9,Position_Unknown,Team_Unknown,Action_PreSnap,1060.28,666.67,1090.62,725.13,30.339999999999918,58.460000000000036,xml_geometry_csv_action
BootPass_109,264,12,12,Position_Unknown,Team_Unknown,Action_PreSnap,35.0,687.52,83.16,781.34,48.16,93.82000000000005,xml_geometry_csv_action
BootPass_109,264,18,18,Position_Unknown,Team_Unknown,Action_PreSnap,67.84,397.32,100.73,470.46,32.89,73.13999999999999,xml_geometry_csv_action
BootPass_109,264,2,2,Position_Unknown,Team_Unknown,Action_PreSnap,719.84,712.67,752.35,784.26,32.50999999999999,71.59000000000003,xml_geometry_csv_action
BootPass_109,264,22,21,Position_Unknown,Team_Unknown,Action_None,19.44,422.99,53.55,494.96,34.11,71.96999999999997,xml_geometry_csv_action
BootPass_109,264,29,24,Position_Unknown,Team_Unknown,Action_PreSnap,9.93,630.79,43.52,702.57,33.59,71.78000000000009,xml_geometry_csv_action
BootPass_109,264,31,25,Position_Unknown,Team_Unknown,Action_PreSnap,764.98,524.58,798.77,592.53,33.789999999999964,67.94999999999993,xml_geometry_csv_action
BootPass_109,264,34,27,Position_Unknown,Team_Unknown,Action_None,1136.82,689.13,1167.92,760.82,31.100000000000136,71.69000000000005,xml_geometry_csv_action
BootPass_109,264,39,28,Position_Unknown,Team_Unknown,Action_None,272.98,363.04,308.37,425.99,35.389999999999986,62.94999999999999,xml_geometry_csv_action
BootPass_109,264,42,31,Position_Unknown,Team_Unknown,Action_PreSnap,1546.05,803.86,1585.73,895.02,39.680000000000064,91.15999999999997,xml_geometry_csv_action
BootPass_109,264,47,33,Position_Unknown,Team_Unknown,Action_PreSnap,1716.92,741.66,1758.15,836.57,41.23000000000002,94.91000000000008,xml_geometry_csv_action
BootPass_109,264,4,4,Position_Unknown,Team_Unknown,Action_PreSnap,781.26,628.25,812.69,701.99,31.430000000000064,73.74000000000001,xml_geometry_csv_action
BootPass_109,264,5,5,Position_Unknown,Team_Unknown,Action_PreSnap,1060.3,697.11,1098.68,770.38,38.38000000000011,73.26999999999998,xml_geometry_csv_action
BootPass_109,264,9,9,Position_Unknown,Team_Unknown,Action_PreSnap,1058.59,665.61,1091.43,724.63,32.840000000000146,59.01999999999998,xml_geometry_csv_action
BootPass_109,265,12,12,Position_Unknown,Team_Unknown,Action_PreSnap,35.1,684.94,81.66,775.09,46.559999999999995,90.14999999999998,xml_geometry_csv_action
BootPass_109,265,18,18,Position_Unknown,Team_Unknown,Action_PreSnap,60.19,396.64,93.49,470.06,33.3,73.42000000000002,xml_geometry_csv_action
BootPass_109,265,2,2,Position_Unknown,Team_Unknown,Action_PreSnap,716.04,710.31,748.2,780.34,32.16000000000008,70.03000000000009,xml_geometry_csv_action
BootPass_109,265,22,21,Position_Unknown,Team_Unknown,Action_None,11.38,423.59,46.15,495.34,34.769999999999996,71.75,xml_geometry_csv_action
BootPass_109,265,29,24,Position_Unknown,Team_Unknown,Action_PreSnap,10.43,626.95,42.18,698.21,31.75,71.25999999999999,xml_geometry_csv_action
BootPass_109,265,31,25,Position_Unknown,Team_Unknown,Action_PreSnap,761.15,523.38,797.35,590.78,36.200000000000045,67.39999999999998,xml_geometry_csv_action
BootPass_109,265,39,28,Position_Unknown,Team_Unknown,Action_None,269.01,361.81,302.43,424.25,33.420000000000016,62.44,xml_geometry_csv_action
BootPass_109,265,42,31,Position_Unknown,Team_Unknown,Action_PreSnap,1538.77,801.16,1579.52,892.39,40.75,91.23000000000002,xml_geometry_csv_action
BootPass_109,265,47,33,Position_Unknown,Team_Unknown,Action_PreSnap,1709.21,738.1,1749.93,831.97,40.72000000000003,93.87,xml_geometry_csv_action
BootPass_109,265,4,4,Position_Unknown,Team_Unknown,Action_PreSnap,779.74,618.37,813.05,699.78,33.309999999999945,81.40999999999997,xml_geometry_csv_action
BootPass_109,265,9,9,Position_Unknown,Team_Unknown,Action_PreSnap,1058.45,664.0,1093.12,725.96,34.669999999999845,61.960000000000036,xml_geometry_csv_action
BootPass_109,266,12,12,Position_Unknown,Team_Unknown,Action_PreSnap,33.33,683.81,80.57,772.41,47.239999999999995,88.60000000000002,xml_geometry_csv_action
BootPass_109,266,18,18,Position_Unknown,Team_Unknown,Action_PreSnap,54.11,396.52,85.5,469.33,31.39,72.81,xml_geometry_csv_action
BootPass_109,266,2,2,Position_Unknown,Team_Unknown,Action_PreSnap,712.05,709.01,744.4,778.37,32.35000000000002,69.36000000000001,xml_geometry_csv_action
BootPass_109,266,22,21,Position_Unknown,Team_Unknown,Action_None,5.86,422.96,38.47,493.75,32.61,70.79000000000002,xml_geometry_csv_action
BootPass_109,266,29,24,Position_Unknown,Team_Unknown,Action_PreSnap,7.35,624.02,41.74,696.17,34.39,72.14999999999998,xml_geometry_csv_action
BootPass_109,266,31,25,Position_Unknown,Team_Unknown,Action_PreSnap,758.72,522.13,795.35,588.31,36.629999999999995,66.17999999999995,xml_geometry_csv_action
BootPass_109,266,39,28,Position_Unknown,Team_Unknown,Action_None,265.58,361.86,297.05,424.18,31.470000000000027,62.31999999999999,xml_geometry_csv_action
BootPass_109,266,47,33,Position_Unknown,Team_Unknown,Action_PreSnap,1700.69,737.72,1743.25,833.91,42.559999999999945,96.18999999999994,xml_geometry_csv_action
BootPass_109,266,4,4,Position_Unknown,Team_Unknown,Action_PreSnap,779.13,616.76,814.03,697.21,34.89999999999998,80.45000000000005,xml_geometry_csv_action
BootPass_109,266,9,9,Position_Unknown,Team_Unknown,Action_PreSnap,1059.52,661.37,1093.01,726.38,33.49000000000001,65.00999999999999,xml_geometry_csv_action
BootPass_109,267,12,12,Position_Unknown,Team_Unknown,Action_PreSnap,31.53,681.39,76.39,770.42,44.86,89.02999999999997,xml_geometry_csv_action
BootPass_109,267,18,18,Position_Unknown,Team_Unknown,Action_PreSnap,46.8,396.01,77.98,468.11,31.180000000000007,72.10000000000002,xml_geometry_csv_action
BootPass_109,267,2,2,Position_Unknown,Team_Unknown,Action_PreSnap,708.04,708.3,740.22,777.84,32.180000000000064,69.54000000000008,xml_geometry_csv_action
BootPass_109,267,22,21,Position_Unknown,Team_Unknown,Action_None,0.5,422.05,31.49,492.84,30.99,70.78999999999996,xml_geometry_csv_action
BootPass_109,267,29,24,Position_Unknown,Team_Unknown,Action_PreSnap,6.66,621.57,39.47,694.07,32.81,72.5,xml_geometry_csv_action
BootPass_109,267,31,25,Position_Unknown,Team_Unknown,Action_PreSnap,755.63,521.36,793.68,588.31,38.049999999999955,66.94999999999993,xml_geometry_csv_action
BootPass_109,267,39,28,Position_Unknown,Team_Unknown,Action_None,262.6,361.59,291.57,424.55,28.96999999999997,62.960000000000036,xml_geometry_csv_action
BootPass_109,267,42,31,Position_Unknown,Team_Unknown,Action_PreSnap,1524.34,796.47,1564.84,887.85,40.5,91.38,xml_geometry_csv_action
BootPass_109,267,47,33,Position_Unknown,Team_Unknown,Action_PreSnap,1692.74,735.02,1733.49,833.86,40.75,98.84000000000003,xml_geometry_csv_action
BootPass_109,267,4,4,Position_Unknown,Team_Unknown,Action_PreSnap,778.62,620.77,813.63,694.87,35.00999999999999,74.10000000000002,xml_geometry_csv_action
BootPass_109,268,12,12,Position_Unknown,Team_Unknown,Action_PreSnap,35.81,680.07,74.18,771.8,38.370000000000005,91.7299999999999,xml_geometry_csv_action
BootPass_109,268,18,18,Position_Unknown,Team_Unknown,Action_PreSnap,40.65,394.95,71.12,466.37,30.470000000000006,71.42000000000002,xml_geometry_csv_action
BootPass_109,268,2,2,Position_Unknown,Team_Unknown,Action_PreSnap,704.8,707.77,735.96,775.94,31.160000000000082,68.17000000000007,xml_geometry_csv_action
BootPass_109,268,22,21,Position_Unknown,Team_Unknown,Action_None,0.0,422.01,24.47,493.25,24.47,71.24000000000001,xml_geometry_csv_action
BootPass_109,268,29,24,Position_Unknown,Team_Unknown,Action_PreSnap,4.78,620.02,37.61,693.24,32.83,73.22000000000003,xml_geometry_csv_action
BootPass_109,268,31,25,Position_Unknown,Team_Unknown,Action_PreSnap,755.46,521.34,792.16,587.85,36.69999999999993,66.50999999999999,xml_geometry_csv_action
BootPass_109,268,39,28,Position_Unknown,Team_Unknown,Action_None,256.65,360.65,286.69,422.48,30.04000000000002,61.83000000000004,xml_geometry_csv_action
BootPass_109,268,42,31,Position_Unknown,Team_Unknown,Action_PreSnap,1516.57,795.32,1558.28,885.46,41.710000000000036,90.13999999999999,xml_geometry_csv_action
BootPass_109,268,47,33,Position_Unknown,Team_Unknown,Action_PreSnap,1685.26,732.12,1723.92,828.59,38.66000000000008,96.47000000000003,xml_geometry_csv_action
BootPass_109,268,4,4,Position_Unknown,Team_Unknown,Action_PreSnap,776.04,618.11,812.09,692.61,36.05000000000007,74.5,xml_geometry_csv_action
BootPass_109,269,12,12,Position_Unknown,Team_Unknown,Action_PreSnap,37.0,678.55,71.43,773.15,34.43000000000001,94.60000000000002,xml_geometry_csv_action
BootPass_109,269,18,18,Position_Unknown,Team_Unknown,Action_PreSnap,33.82,393.75,64.74,464.43,30.919999999999995,70.68,xml_geometry_csv_action
BootPass_109,269,2,2,Position_Unknown,Team_Unknown,Action_PreSnap,698.92,706.7,732.98,778.3,34.06000000000006,71.59999999999991,xml_geometry_csv_action
BootPass_109,269,22,21,Position_Unknown,Team_Unknown,Action_None,0.0,420.55,19.02,489.34,19.02,68.78999999999996,xml_geometry_csv_action
BootPass_109,269,29,24,Position_Unknown,Team_Unknown,Action_PreSnap,2.8,619.12,36.32,695.19,33.52,76.07000000000005,xml_geometry_csv_action
BootPass_109,269,31,25,Position_Unknown,Team_Unknown,Action_PreSnap,756.52,521.8,790.52,589.85,34.0,68.05000000000007,xml_geometry_csv_action
BootPass_109,269,39,28,Position_Unknown,Team_Unknown,Action_None,252.94,359.6,282.72,423.67,29.78000000000003,64.07,xml_geometry_csv_action
BootPass_109,269,42,31,Position_Unknown,Team_Unknown,Action_PreSnap,1509.77,794.27,1551.75,883.19,41.98000000000002,88.92000000000007,xml_geometry_csv_action
BootPass_109,269,47,33,Position_Unknown,Team_Unknown,Action_PreSnap,1675.86,729.52,1715.97,824.55,40.11000000000013,95.02999999999997,xml_geometry_csv_action
BootPass_109,269,4,4,Position_Unknown,Team_Unknown,Action_PreSnap,772.86,616.51,810.88,693.32,38.01999999999998,76.81000000000006,xml_geometry_csv_action
BootPass_109,269,7,7,Position_Unknown,Team_Unknown,Action_PreSnap,103.24,300.04,136.57,366.34,33.33,66.29999999999995,xml_geometry_csv_action
