1,0,852.75,759.67,110.81,156.05,1,1,0.9037
1,1,751.16,437.73,111.7,89.73,1,1,0.8955
1,2,935.47,456.52,80.27,129.73,1,1,0.89356
1,3,647.08,222.1,80.43,95.21,1,1,0.89236
1,4,434.9,221.08,69.04,123.92,1,1,0.89215
1,5,940.88,329.42,62.71,126.8,1,1,0.89195
1,6,647.32,530.71,99.01,143.68,1,1,0.89137
1,7,1129.59,716.41,73.16,158.7,1,1,0.88776
1,8,851.01,262.42,65.8,112.81,1,1,0.88552
1,9,693.66,363.56,101.65,76.33,1,1,0.8802
1,10,656.45,311.91,88.5,78.87,1,1,0.87805
1,11,1040.2,171.66,48.4,125.08,1,1,0.87547
1,12,158.91,343.52,56.24,137.32,1,1,0.87015
1,13,1466.41,454.0,56.66,147.34,1,1,0.86107
1,14,513.28,296.72,76.78,82.91,1,1,0.85826
1,15,750.95,141.95,63.18,109.46,1,1,0.85794
1,16,589.17,399.9,72.74,112.64,1,1,0.85348
1,17,503.4,271.62,70.44,69.78,1,1,0.83587
1,18,546.99,332.96,59.91,101.37,1,1,0.83203
1,19,597.92,343.05,69.26,50.75,1,1,0.82645
1,20,579.93,379.36,79.64,64.03,1,1,0.75325
1,21,554.41,321.08,72.24,48.54,1,1,0.74053
2,0,852.23,759.55,110.79,156.19,1,1,0.90467
2,1,751.11,437.64,111.88,89.48,1,1,0.89419
2,2,935.86,456.48,81.3,129.85,1,1,0.89478
2,3,646.72,221.81,80.12,95.11,1,1,0.88953
2,4,434.87,220.49,69.28,124.51,1,1,0.89071
2,5,940.71,328.88,62.82,127.12,1,1,0.89063
2,6,647.47,530.19,98.72,144.04,1,1,0.88876
2,7,1129.25,715.79,73.45,158.8,1,1,0.88674
2,8,850.96,262.46,65.92,112.61,1,1,0.88448
2,9,693.64,362.98,101.7,76.86,1,1,0.87859
2,10,656.21,311.58,88.87,78.98,1,1,0.87656
2,11,1039.55,171.31,48.18,125.25,1,1,0.87539
2,12,158.82,343.3,56.17,137.27,1,1,0.86887
2,13,1468.62,453.69,56.42,146.44,1,1,0.86257
2,14,512.95,296.42,77.0,83.08,1,1,0.85811
2,15,751.33,141.38,63.8,110.21,1,1,0.86081
2,16,589.08,399.91,72.96,112.44,1,1,0.85152
2,17,503.12,271.16,70.87,70.22,1,1,0.83538
2,18,547.0,332.32,59.71,101.88,1,1,0.83073
2,19,597.55,342.85,69.83,50.87,1,1,0.82697
2,20,580.02,379.14,79.44,63.02,1,1,0.75769
2,21,554.66,320.7,72.07,48.57,1,1,0.74015
3,0,852.15,759.64,110.76,156.02,1,1,0.90457
3,1,751.13,437.53,111.85,89.43,1,1,0.89431
3,2,936.04,456.34,81.4,130.27,1,1,0.89546
3,3,646.57,221.75,80.21,95.02,1,1,0.89001
3,4,434.86,220.22,69.22,124.56,1,1,0.8906
3,5,940.77,328.81,62.88,126.95,1,1,0.89097
3,6,647.61,530.1,98.37,143.86,1,1,0.88821
3,7,1129.04,715.57,73.53,158.89,1,1,0.8864
3,8,850.94,262.48,65.93,112.34,1,1,0.8849
3,9,693.62,362.74,101.61,77.01,1,1,0.87828
3,10,656.28,311.4,88.77,78.98,1,1,0.87634
3,11,1039.35,171.16,48.21,125.39,1,1,0.87593
3,12,158.79,343.15,56.06,137.17,1,1,0.86896
3,13,1469.09,453.59,56.5,146.4,1,1,0.86281
3,14,513.22,296.2,76.96,83.1,1,1,0.85853
3,15,751.25,141.38,64.05,110.16,1,1,0.86135
3,16,589.15,399.84,73.23,112.51,1,1,0.8516
3,17,503.02,271.08,71.04,69.95,1,1,0.83513
3,18,546.94,331.64,59.61,102.38,1,1,0.83103
3,19,597.32,342.7,70.23,50.94,1,1,0.82754
3,20,580.1,378.89,79.51,63.03,1,1,0.75713
3,21,554.49,320.78,72.28,48.58,1,1,0.73207
4,0,851.84,758.52,111.38,156.72,1,1,0.90392
4,1,750.97,436.47,112.17,89.51,1,1,0.89541
4,2,936.62,456.02,82.98,130.02,1,1,0.89625
4,3,646.66,220.78,79.93,94.15,1,1,0.88515
4,4,434.64,219.11,69.32,124.69,1,1,0.88956
4,5,940.86,327.78,62.93,126.79,1,1,0.89026
4,6,647.02,529.01,98.37,144.42,1,1,0.88989
4,7,1129.21,714.35,73.64,158.73,1,1,0.88542
4,8,850.66,261.92,66.45,112.07,1,1,0.88496
4,9,693.48,362.23,102.05,76.54,1,1,0.8785
4,10,656.19,310.69,89.29,79.08,1,1,0.87573
4,11,1038.33,170.21,48.31,125.46,1,1,0.87599
4,12,158.98,342.25,56.0,137.07,1,1,0.86774
4,13,1473.98,452.11,55.34,146.41,1,1,0.8611
4,14,513.17,295.13,77.4,83.15,1,1,0.85749
4,15,752.05,140.29,64.02,110.1,1,1,0.85794
4,16,589.22,399.21,74.08,112.14,1,1,0.85129
4,17,503.08,270.28,71.07,70.11,1,1,0.83866
4,18,547.25,330.23,60.09,103.23,1,1,0.83052
4,19,597.62,341.36,70.37,51.9,1,1,0.82157
4,20,579.88,378.05,79.16,62.99,1,1,0.76539
4,21,554.76,319.59,72.28,49.61,1,1,0.73611
5,0,851.79,758.02,111.35,156.56,1,1,0.90484
5,1,750.81,436.07,112.31,89.54,1,1,0.89634
5,2,937.39,456.32,82.83,129.38,1,1,0.89658
5,3,646.59,220.11,80.93,94.08,1,1,0.88354
5,4,434.72,218.88,69.11,124.41,1,1,0.89115
5,5,940.88,327.1,62.77,126.92,1,1,0.89063
5,6,646.73,528.8,99.05,144.2,1,1,0.89057
5,7,1129.41,713.8,73.77,158.32,1,1,0.88555
5,8,850.52,261.72,66.6,111.79,1,1,0.88554
5,9,693.21,362.17,102.22,76.18,1,1,0.87941
5,10,656.31,310.58,89.47,78.62,1,1,0.87615
5,11,1036.88,169.62,48.62,125.7,1,1,0.87687
5,12,159.05,341.66,55.94,137.08,1,1,0.86815
5,13,1478.31,451.63,53.82,145.86,1,1,0.8616
5,14,513.22,294.63,77.88,82.98,1,1,0.86021
5,15,752.07,139.7,64.53,110.61,1,1,0.86052
5,16,588.72,398.77,74.87,111.94,1,1,0.85216
5,17,503.26,269.79,70.73,70.47,1,1,0.83752
5,18,547.26,329.13,60.53,104.18,1,1,0.83186
5,19,597.86,340.8,70.34,52.2,1,1,0.82242
5,20,580.23,377.73,78.46,62.47,1,1,0.77138
5,21,554.66,319.03,72.62,50.27,1,1,0.73088
6,0,851.76,757.34,111.7,156.92,1,1,0.9045
6,1,750.81,435.49,112.41,89.72,1,1,0.89591
6,2,938.09,456.66,82.26,128.73,1,1,0.89562
6,3,646.78,219.09,82.18,94.51,1,1,0.88078
6,4,434.56,218.62,69.43,124.28,1,1,0.8908
6,5,940.7,326.76,62.85,126.99,1,1,0.89008
6,6,646.58,528.8,99.65,143.79,1,1,0.89092
6,7,1129.98,713.2,73.6,158.17,1,1,0.88633
6,8,850.28,261.43,66.88,111.61,1,1,0.88528
6,9,693.1,361.93,102.19,76.16,1,1,0.87872
6,10,656.48,310.42,89.6,78.35,1,1,0.87455
6,11,1035.41,168.94,49.5,125.81,1,1,0.87742
6,12,158.94,341.21,55.93,137.09,1,1,0.86746
6,13,1481.21,450.96,53.36,145.67,1,1,0.85951
6,14,512.99,293.98,78.19,83.1,1,1,0.85932
6,15,751.69,139.05,65.49,110.89,1,1,0.85586
6,16,588.41,398.82,75.82,111.57,1,1,0.85335
6,17,503.19,268.96,70.71,71.55,1,1,0.83769
6,18,547.22,328.75,60.94,104.46,1,1,0.83091
6,19,598.38,340.1,70.04,52.46,1,1,0.82385
6,20,580.8,377.42,77.69,61.08,1,1,0.77535
6,21,555.02,318.77,72.58,50.31,1,1,0.7246
7,0,851.93,756.73,111.5,157.05,1,1,0.90419
7,1,750.73,434.98,112.46,89.79,1,1,0.89753
7,2,938.59,456.4,81.64,128.42,1,1,0.89549
7,3,647.66,218.34,82.87,94.05,1,1,0.88137
7,4,434.27,218.39,69.69,123.92,1,1,0.89203
7,5,940.6,326.29,63.01,127.06,1,1,0.89079
7,6,646.82,528.53,100.23,143.5,1,1,0.89235
7,7,1130.71,712.99,73.56,157.54,1,1,0.88624
7,8,850.12,261.04,66.99,111.48,1,1,0.88674
7,9,693.12,361.7,102.06,76.06,1,1,0.87906
7,10,656.48,309.93,89.51,78.64,1,1,0.87629
7,11,1034.32,168.51,50.62,125.46,1,1,0.87979
7,12,158.86,341.01,55.89,136.8,1,1,0.86943
7,13,1483.42,450.63,53.51,145.48,1,1,0.86323
7,14,512.89,293.43,78.33,83.09,1,1,0.86173
7,15,750.69,138.83,66.3,109.89,1,1,0.85479
7,16,588.37,398.86,76.1,111.16,1,1,0.8551
7,17,503.15,268.28,70.56,72.19,1,1,0.83867
7,18,547.14,328.71,61.07,104.02,1,1,0.83238
7,19,598.4,339.62,69.98,52.53,1,1,0.8243
7,20,580.8,377.36,77.75,60.16,1,1,0.77825
7,21,554.34,318.71,73.04,50.72,1,1,0.70725
8,0,852.02,756.18,111.3,157.17,1,1,0.90338
8,1,750.51,434.46,112.47,89.95,1,1,0.89592
8,2,938.96,456.26,81.47,128.28,1,1,0.89503
8,3,649.05,217.32,83.26,95.05,1,1,0.88063
8,4,434.0,217.87,70.0,124.1,1,1,0.89028
8,5,940.53,325.73,63.04,127.41,1,1,0.88997
8,6,647.01,528.43,100.15,142.95,1,1,0.89154
8,7,1131.61,712.63,73.67,157.6,1,1,0.88495
8,8,849.74,260.48,67.16,111.63,1,1,0.88591
8,9,692.86,361.35,102.17,76.04,1,1,0.8767
8,10,656.73,309.47,89.41,78.7,1,1,0.87444
8,11,1033.43,168.09,50.5,125.19,1,1,0.87773
8,12,158.65,340.7,56.12,136.46,1,1,0.86884
8,13,1485.47,450.08,54.85,145.75,1,1,0.86076
8,14,512.36,292.86,78.77,83.59,1,1,0.85987
8,15,749.01,138.64,68.09,109.22,1,1,0.85461
8,16,588.25,398.77,76.07,110.82,1,1,0.85338
8,17,503.18,267.71,70.53,72.19,1,1,0.83009
8,18,547.01,328.09,61.32,103.68,1,1,0.83029
8,19,598.25,339.09,70.46,52.68,1,1,0.82309
8,20,580.68,377.06,78.04,59.38,1,1,0.77538
8,21,553.94,318.29,73.36,50.83,1,1,0.71717
9,0,852.38,755.76,110.61,157.34,1,1,0.90345
9,1,750.27,434.06,112.7,89.72,1,1,0.897
9,2,939.38,455.97,81.06,128.13,1,1,0.89488
9,3,650.54,216.44,84.09,95.86,1,1,0.88533
9,4,433.92,217.53,69.85,123.87,1,1,0.89102
9,5,940.52,325.24,62.93,127.41,1,1,0.88975
9,6,647.15,528.28,100.08,142.53,1,1,0.89171
9,7,1132.76,712.48,74.13,157.4,1,1,0.88593
9,8,849.45,259.93,67.35,111.68,1,1,0.88611
9,9,692.62,360.81,102.14,76.24,1,1,0.87753
9,10,656.72,308.9,89.03,79.06,1,1,0.87473
9,11,1032.39,167.15,50.16,125.59,1,1,0.87791
9,12,158.43,340.11,56.12,136.57,1,1,0.86949
9,13,1487.23,450.06,55.74,145.43,1,1,0.86362
9,14,512.47,292.18,78.38,83.93,1,1,0.85991
9,15,746.78,138.21,69.95,108.6,1,1,0.85859
9,16,588.27,398.23,75.88,110.87,1,1,0.85404
9,17,503.24,267.17,70.25,72.23,1,1,0.83053
9,18,546.82,327.57,61.61,103.47,1,1,0.82966
9,19,597.92,338.78,70.78,52.65,1,1,0.82223
9,20,580.5,376.6,78.35,59.39,1,1,0.77471
9,21,553.89,317.85,73.32,50.75,1,1,0.72251
10,0,852.15,755.51,110.61,157.37,1,1,0.90476
10,1,750.09,433.57,112.83,89.82,1,1,0.89726
10,2,939.86,455.71,80.77,128.22,1,1,0.8963
10,3,652.02,215.45,84.82,97.26,1,1,0.88829
10,4,433.88,217.14,69.93,123.74,1,1,0.89142
10,5,940.43,324.72,62.89,127.67,1,1,0.8904
10,6,647.18,528.16,100.18,142.29,1,1,0.89191
10,7,1133.85,712.41,74.78,157.36,1,1,0.88524
10,8,849.4,259.5,67.47,111.71,1,1,0.88628
10,9,692.64,360.17,102.04,76.58,1,1,0.87771
10,10,657.0,308.6,88.67,79.07,1,1,0.87443
10,11,1031.76,166.1,49.36,126.23,1,1,0.87706
10,12,158.43,339.63,56.08,136.82,1,1,0.87045
10,13,1488.66,450.07,56.22,144.91,1,1,0.86268
10,14,512.46,291.64,78.23,83.93,1,1,0.8636
10,15,745.37,138.14,71.29,108.07,1,1,0.85772
10,16,588.5,397.59,75.64,111.01,1,1,0.85435
10,17,503.27,266.68,70.1,72.01,1,1,0.82726
10,18,546.77,327.06,61.87,103.59,1,1,0.82735
10,19,597.69,338.54,71.11,52.59,1,1,0.8209
10,20,580.49,376.12,78.41,59.57,1,1,0.77383
10,21,554.1,317.59,73.35,50.83,1,1,0.72283
11,0,852.13,755.23,110.36,157.42,1,1,0.90548
11,1,749.9,433.32,112.85,89.72,1,1,0.89897
11,2,940.09,455.36,80.44,128.22,1,1,0.89704
11,3,653.38,214.41,85.0,98.39,1,1,0.89224
11,4,433.87,216.87,69.93,123.62,1,1,0.8925
11,5,940.47,324.3,62.83,127.81,1,1,0.89104
11,6,647.26,528.1,100.09,141.98,1,1,0.89279
11,7,1134.99,712.51,75.26,157.46,1,1,0.88697
11,8,849.47,259.01,67.52,111.85,1,1,0.88693
11,9,692.66,359.98,102.05,76.54,1,1,0.87952
11,10,657.23,307.98,88.72,79.28,1,1,0.87636
11,11,1030.9,165.16,48.96,126.55,1,1,0.87642
11,12,158.54,339.25,55.95,137.15,1,1,0.87126
11,13,1490.26,449.8,56.76,144.46,1,1,0.86605
11,14,512.74,291.23,78.1,83.82,1,1,0.86574
11,15,744.67,137.95,71.87,107.94,1,1,0.86083
11,16,588.69,397.06,75.49,111.12,1,1,0.85487
11,17,503.27,266.38,69.99,72.54,1,1,0.83366
11,18,546.88,326.54,62.03,103.79,1,1,0.82802
11,19,597.52,338.34,71.12,52.67,1,1,0.82276
11,20,580.57,375.74,78.06,59.88,1,1,0.7745
11,21,554.06,317.38,73.45,51.13,1,1,0.71766
12,0,852.01,755.14,110.27,157.5,1,1,0.90512
12,1,749.77,433.21,112.87,89.66,1,1,0.89854
12,2,939.97,455.21,80.58,128.4,1,1,0.89755
12,3,653.76,214.06,85.13,98.86,1,1,0.89204
12,4,433.91,216.72,69.92,123.59,1,1,0.89219
12,5,940.52,324.15,62.83,127.9,1,1,0.89078
12,6,647.25,528.15,100.06,141.76,1,1,0.89274
12,7,1135.21,712.62,75.49,157.46,1,1,0.88658
12,8,849.45,258.81,67.5,111.92,1,1,0.88661
12,9,692.63,359.91,101.94,76.56,1,1,0.87878
12,10,657.3,307.85,88.75,79.36,1,1,0.87593
12,11,1030.65,164.86,48.71,126.65,1,1,0.87608
12,12,158.54,339.2,55.84,137.25,1,1,0.87111
12,13,1490.62,449.72,57.03,144.37,1,1,0.86617
12,14,512.78,291.11,78.0,83.69,1,1,0.86509
12,15,744.39,137.89,72.12,107.97,1,1,0.86104
12,16,588.88,396.85,75.27,111.19,1,1,0.85406
12,17,503.39,266.32,69.81,72.67,1,1,0.83277
12,18,546.9,326.25,62.04,104.08,1,1,0.82739
12,19,597.53,338.28,71.03,52.69,1,1,0.82253
12,20,580.6,375.7,77.84,59.98,1,1,0.77501
12,21,554.02,317.3,73.4,51.15,1,1,0.71369
13,0,851.74,754.94,110.41,157.64,1,1,0.90475
13,1,749.61,433.07,112.99,89.68,1,1,0.89773
13,2,939.83,454.97,80.8,128.38,1,1,0.89796
13,3,654.93,213.67,84.69,99.17,1,1,0.89203
13,4,434.02,216.24,69.98,123.94,1,1,0.89179
13,5,940.6,323.96,62.77,128.02,1,1,0.89032
13,6,647.11,528.0,99.95,141.83,1,1,0.89365
13,7,1136.14,712.81,76.03,157.83,1,1,0.8842
13,8,849.38,258.56,67.6,112.07,1,1,0.88623
13,9,692.42,359.92,102.01,76.54,1,1,0.87834
13,10,657.32,307.45,88.82,79.61,1,1,0.87566
13,11,1029.62,164.27,48.72,126.92,1,1,0.87434
13,12,158.57,339.04,55.73,137.44,1,1,0.87039
13,13,1492.15,449.44,56.93,143.92,1,1,0.86723
13,14,512.72,291.01,77.97,83.49,1,1,0.8662
13,15,744.22,138.33,72.18,107.58,1,1,0.85869
13,16,588.84,396.72,75.31,111.16,1,1,0.85315
13,17,503.41,265.95,69.73,73.17,1,1,0.83333
13,18,546.88,326.06,62.06,104.2,1,1,0.82739
13,19,597.67,337.94,70.91,52.92,1,1,0.82254
13,20,580.52,375.52,77.61,59.78,1,1,0.77514
13,21,553.96,317.21,73.36,51.16,1,1,0.71541
14,0,851.75,755.0,110.37,157.56,1,1,0.90462
14,1,749.55,432.85,113.12,89.86,1,1,0.89815
14,2,939.76,454.72,80.91,128.4,1,1,0.8982
14,3,655.76,212.93,83.95,99.79,1,1,0.89094
14,4,434.11,215.83,69.97,124.3,1,1,0.89178
14,5,940.61,323.85,62.77,128.08,1,1,0.89052
14,6,647.06,527.98,100.05,141.85,1,1,0.8937
14,7,1137.48,713.56,76.18,158.04,1,1,0.88505
14,8,849.34,258.45,67.73,112.13,1,1,0.88607
14,9,692.25,359.99,101.91,76.35,1,1,0.87865
14,10,657.11,307.01,89.07,79.94,1,1,0.87569
14,11,1028.87,163.45,48.41,127.03,1,1,0.87364
14,12,158.7,338.89,55.65,137.29,1,1,0.86971
14,13,1493.84,448.94,57.05,143.71,1,1,0.86725
14,14,512.75,290.99,78.17,83.26,1,1,0.86824
14,15,743.45,138.91,72.33,106.96,1,1,0.86306
14,16,588.77,396.67,75.57,111.1,1,1,0.85295
14,17,503.57,265.73,69.69,73.42,1,1,0.83363
14,18,546.91,325.89,61.88,104.34,1,1,0.82789
14,19,597.73,337.67,70.84,53.14,1,1,0.82244
14,20,580.54,375.42,77.43,59.87,1,1,0.77466
14,21,553.89,317.11,73.35,51.02,1,1,0.71474
15,0,851.29,754.73,110.63,157.55,1,1,0.90429
15,1,749.13,432.62,113.32,89.7,1,1,0.89791
15,2,939.73,454.32,81.14,128.76,1,1,0.89745
15,3,656.72,211.82,82.98,99.8,1,1,0.88878
15,4,434.14,215.56,69.8,124.19,1,1,0.89212
15,5,940.78,323.2,62.67,128.25,1,1,0.88833
15,6,646.69,527.95,100.42,141.27,1,1,0.89345
15,7,1139.97,714.63,76.75,158.32,1,1,0.88405
15,8,848.9,258.09,67.96,112.08,1,1,0.88538
15,9,692.04,359.89,101.88,75.99,1,1,0.877
15,10,657.73,306.17,88.18,80.4,1,1,0.87226
15,11,1027.88,162.31,47.1,126.03,1,1,0.87041
15,12,158.58,338.19,55.92,137.72,1,1,0.87104
15,13,1497.0,447.51,57.32,143.42,1,1,0.86063
15,14,512.48,290.82,78.4,83.54,1,1,0.86815
15,15,742.68,139.76,72.27,105.66,1,1,0.86221
15,16,588.69,396.25,75.49,111.17,1,1,0.85442
15,17,503.57,265.41,69.43,73.52,1,1,0.83555
15,18,546.6,325.03,61.98,105.11,1,1,0.83341
15,19,597.58,337.41,71.17,53.36,1,1,0.82444
15,20,580.36,375.24,77.14,59.37,1,1,0.78161
15,21,552.9,316.43,74.05,51.71,1,1,0.71004
16,0,851.1,754.77,110.72,157.54,1,1,0.90423
16,1,748.96,432.68,113.39,89.65,1,1,0.89782
16,2,939.7,454.29,81.23,128.9,1,1,0.89742
16,3,657.03,211.54,82.62,99.79,1,1,0.88868
16,4,434.14,215.59,69.73,124.15,1,1,0.89202
16,5,940.81,323.09,62.64,128.31,1,1,0.88822
16,6,646.54,528.06,100.56,141.07,1,1,0.89329
16,7,1140.87,715.15,76.94,158.41,1,1,0.88391
16,8,848.74,258.09,68.05,112.06,1,1,0.88532
16,9,691.95,360.01,101.87,75.83,1,1,0.87689
16,10,657.95,305.99,87.86,80.57,1,1,0.87218
16,11,1027.52,161.99,46.61,125.68,1,1,0.87035
16,12,158.55,338.09,56.01,137.86,1,1,0.87083
16,13,1498.1,447.11,57.42,143.34,1,1,0.86044
16,14,512.36,290.88,78.48,83.65,1,1,0.86805
16,15,742.4,140.21,72.23,105.18,1,1,0.86211
16,16,588.65,396.22,75.45,111.21,1,1,0.85431
16,17,503.55,265.42,69.34,73.55,1,1,0.8355
16,18,546.47,324.85,62.01,105.41,1,1,0.83324
16,19,597.51,337.44,71.29,53.44,1,1,0.82441
16,20,580.27,375.31,77.02,59.17,1,1,0.78162
16,21,552.54,316.31,74.3,51.97,1,1,0.70992
17,0,850.97,754.54,110.9,157.71,1,1,0.90413
17,1,748.84,432.63,113.52,89.56,1,1,0.89796
17,2,939.69,454.16,81.46,129.02,1,1,0.89793
17,3,657.41,211.1,82.48,99.83,1,1,0.88911
17,4,434.26,215.5,69.65,124.02,1,1,0.89202
17,5,940.96,323.0,62.56,128.29,1,1,0.88817
17,6,646.56,527.97,100.35,141.01,1,1,0.89334
17,7,1141.79,715.38,77.32,158.86,1,1,0.88279
17,8,848.65,257.95,68.08,112.01,1,1,0.88571
17,9,691.92,360.18,101.98,75.54,1,1,0.87796
17,10,658.29,305.78,87.87,80.51,1,1,0.87205
17,11,1026.72,161.25,46.26,125.57,1,1,0.86764
17,12,158.63,337.94,56.06,137.87,1,1,0.8709
17,13,1499.83,446.3,57.12,143.54,1,1,0.8634
17,14,512.42,290.89,78.38,83.41,1,1,0.86949
17,15,742.2,140.45,72.25,104.65,1,1,0.86208
17,16,588.61,396.19,75.47,111.14,1,1,0.85423
17,17,503.7,265.36,69.16,73.31,1,1,0.83346
17,18,546.55,324.77,62.03,105.36,1,1,0.83166
17,19,597.5,337.34,71.42,53.46,1,1,0.82509
17,20,580.31,375.3,76.9,58.89,1,1,0.7828
17,21,552.8,316.2,74.12,51.8,1,1,0.7215
18,0,851.02,754.36,110.83,157.75,1,1,0.90456
18,1,748.75,432.61,113.6,89.41,1,1,0.89903
18,2,939.66,454.08,81.78,128.93,1,1,0.89903
18,3,657.94,210.89,82.07,99.84,1,1,0.88989
18,4,434.12,215.26,69.63,123.98,1,1,0.89263
18,5,941.04,322.89,62.41,128.22,1,1,0.88875
18,6,646.63,527.85,100.54,140.75,1,1,0.89381
18,7,1143.2,716.18,77.16,158.44,1,1,0.88342
18,8,848.52,257.81,68.03,111.77,1,1,0.88572
18,9,691.87,360.27,102.03,75.33,1,1,0.87944
18,10,658.72,305.83,87.6,80.38,1,1,0.87396
18,11,1025.83,160.81,45.46,124.82,1,1,0.86993
18,12,158.56,337.81,56.01,137.8,1,1,0.87135
18,13,1502.27,445.26,56.69,143.31,1,1,0.86702
18,14,512.58,290.85,78.33,83.17,1,1,0.87141
18,15,742.08,140.57,72.14,104.17,1,1,0.86193
18,16,588.51,396.29,75.49,110.97,1,1,0.85501
18,17,503.78,265.33,68.95,72.99,1,1,0.83546
18,18,546.64,324.54,62.04,105.36,1,1,0.83204
18,19,597.22,337.27,71.71,53.62,1,1,0.82615
18,20,580.21,375.34,76.94,58.89,1,1,0.7818
18,21,552.74,315.96,74.35,52.14,1,1,0.72263
19,0,851.04,754.42,110.84,157.52,1,1,0.90408
19,1,748.74,432.6,113.5,89.33,1,1,0.89819
19,2,939.59,453.95,81.88,128.99,1,1,0.8986
19,3,658.21,210.77,81.94,100.59,1,1,0.88934
19,4,434.21,215.17,69.64,123.76,1,1,0.89232
19,5,941.23,322.77,62.46,128.21,1,1,0.8889
19,6,646.9,527.73,100.37,140.65,1,1,0.89374
19,7,1144.76,716.88,76.86,157.84,1,1,0.88297
19,8,848.47,257.66,67.89,111.66,1,1,0.88496
19,9,691.86,360.37,101.97,75.15,1,1,0.87891
19,10,659.38,306.54,87.13,79.46,1,1,0.87161
19,11,1024.82,160.38,45.08,125.07,1,1,0.86978
19,12,158.68,337.75,55.94,137.67,1,1,0.87204
19,13,1504.52,444.63,57.03,142.53,1,1,0.86758
19,14,512.67,290.8,78.38,83.01,1,1,0.87218
19,15,741.61,140.86,72.33,103.49,1,1,0.86332
19,16,588.56,396.4,75.38,110.85,1,1,0.85497
19,17,503.88,265.18,68.75,72.77,1,1,0.83332
19,18,546.74,324.21,62.17,105.32,1,1,0.82893
19,19,597.03,337.09,71.93,53.83,1,1,0.82565
19,20,580.08,375.4,76.78,58.87,1,1,0.78256
19,21,552.54,315.87,74.76,52.44,1,1,0.72082
20,0,851.14,754.51,110.8,157.26,1,1,0.90399
20,1,748.69,432.7,113.28,89.22,1,1,0.89762
20,2,939.4,453.75,81.85,128.98,1,1,0.89812
20,3,658.17,210.74,81.88,100.86,1,1,0.88885
20,4,434.25,215.05,69.69,123.71,1,1,0.89187
20,5,941.35,322.57,62.49,128.24,1,1,0.88915
20,6,646.9,527.54,100.38,140.63,1,1,0.89408
20,7,1144.58,717.36,77.82,157.42,1,1,0.88729
20,8,848.34,257.57,67.82,111.6,1,1,0.88437
20,9,691.88,360.37,101.86,75.17,1,1,0.87865
20,10,659.67,307.26,86.7,78.48,1,1,0.87074
20,11,1023.19,160.36,44.71,124.39,1,1,0.86942
20,12,158.71,337.73,55.92,137.51,1,1,0.87183
20,13,1506.82,443.61,57.16,141.17,1,1,0.86579
20,14,512.62,290.73,78.52,83.01,1,1,0.87308
20,15,741.24,141.06,72.73,103.34,1,1,0.86482
20,16,588.67,396.41,75.33,110.74,1,1,0.85434
20,17,503.93,265.0,68.71,72.91,1,1,0.83348
20,18,546.64,324.14,62.27,105.32,1,1,0.82834
20,19,597.05,336.98,71.98,53.91,1,1,0.82596
20,20,579.97,375.48,76.73,58.95,1,1,0.78176
20,21,552.67,315.83,74.9,52.64,1,1,0.71973
21,0,851.1,754.41,111.11,157.18,1,1,0.90401
21,1,748.58,432.65,113.15,89.19,1,1,0.89795
21,2,939.29,453.64,82.01,129.1,1,1,0.89918
21,3,658.06,210.7,81.96,101.06,1,1,0.88966
21,4,434.2,215.03,69.69,123.57,1,1,0.89188
21,5,941.45,322.37,62.46,128.38,1,1,0.88879
21,6,646.84,527.5,100.55,140.78,1,1,0.89614
21,7,1146.22,718.08,77.49,156.75,1,1,0.8901
21,8,848.27,257.55,67.68,111.55,1,1,0.88409
21,9,691.92,360.34,101.75,75.18,1,1,0.87905
21,10,659.68,307.56,86.64,77.82,1,1,0.87028
21,11,1021.3,160.33,45.12,123.9,1,1,0.8715
21,12,158.5,337.65,56.16,137.57,1,1,0.8725
21,13,1509.39,443.2,57.39,139.87,1,1,0.86498
21,14,512.53,290.74,78.67,82.9,1,1,0.87276
21,15,741.15,141.35,73.18,103.19,1,1,0.86774
21,16,588.75,396.53,75.22,110.63,1,1,0.85564
21,17,503.83,264.84,68.7,73.07,1,1,0.83448
21,18,546.64,324.05,62.23,105.29,1,1,0.82915
21,19,596.96,336.78,72.14,53.95,1,1,0.82734
21,20,579.89,375.5,76.78,58.95,1,1,0.78318
21,21,553.27,315.82,74.5,52.37,1,1,0.71944
22,0,851.24,754.41,110.95,156.79,1,1,0.90448
22,1,748.64,432.58,112.94,89.2,1,1,0.8981
22,2,939.17,453.41,82.14,129.26,1,1,0.8994
22,3,657.79,210.66,82.27,100.99,1,1,0.89082
22,4,434.28,214.97,69.59,123.51,1,1,0.89266
22,5,941.54,322.13,62.3,128.59,1,1,0.88852
22,6,646.97,527.49,100.9,140.7,1,1,0.89698
22,7,1148.98,718.7,76.2,156.13,1,1,0.88949
22,8,848.31,257.53,67.46,111.58,1,1,0.88422
22,9,692.05,360.19,101.67,75.28,1,1,0.87966
22,10,659.8,307.55,86.43,77.71,1,1,0.87109
22,11,1019.4,160.33,45.61,123.67,1,1,0.87337
22,12,158.55,337.61,56.17,137.54,1,1,0.87228
22,13,1511.88,442.37,57.53,138.75,1,1,0.86715
22,14,512.52,290.73,78.81,82.88,1,1,0.87367
22,15,741.18,141.5,73.61,103.06,1,1,0.86936
22,16,588.97,396.54,75.01,110.55,1,1,0.85578
22,17,503.98,264.7,68.62,72.87,1,1,0.83444
22,18,546.66,324.16,62.24,105.12,1,1,0.83134
22,19,596.97,336.62,72.2,53.95,1,1,0.82802
22,20,579.91,375.43,76.91,59.19,1,1,0.7824
22,21,554.09,315.81,73.96,52.22,1,1,0.71572
23,0,851.25,754.27,110.99,156.68,1,1,0.90459
23,1,748.61,432.46,112.89,89.21,1,1,0.89768
23,2,938.92,453.16,82.44,129.47,1,1,0.89949
23,3,657.49,210.87,82.65,100.91,1,1,0.89055
23,4,434.3,214.9,69.47,123.48,1,1,0.89245
23,5,941.56,321.91,62.19,128.75,1,1,0.88789
23,6,647.08,527.46,100.91,140.59,1,1,0.89608
23,7,1153.34,719.02,73.57,155.81,1,1,0.88962
23,8,848.24,257.57,67.39,111.43,1,1,0.88427
23,9,692.03,360.13,101.63,75.26,1,1,0.87928
23,10,659.73,307.62,86.38,77.49,1,1,0.87058
23,11,1017.89,160.49,45.74,123.24,1,1,0.87339
23,12,158.46,337.54,56.19,137.59,1,1,0.8728
23,13,1514.22,441.79,58.14,138.0,1,1,0.86672
23,14,512.38,290.77,78.89,82.88,1,1,0.87439
23,15,741.07,141.67,73.78,103.12,1,1,0.86853
23,16,589.03,396.48,74.97,110.56,1,1,0.85641
23,17,504.02,264.57,68.71,72.44,1,1,0.83117
23,18,546.63,324.11,62.26,105.1,1,1,0.83285
23,19,596.88,336.57,72.24,53.88,1,1,0.82912
23,20,579.87,375.32,76.89,59.34,1,1,0.78233
23,21,554.0,315.76,73.99,52.35,1,1,0.7126
24,0,851.27,754.05,110.92,156.62,1,1,0.90456
24,1,748.51,432.38,112.27,89.14,1,1,0.89692
24,2,938.61,452.98,82.69,129.51,1,1,0.89903
24,3,656.66,211.19,83.21,100.58,1,1,0.89018
24,4,434.29,214.9,69.39,123.44,1,1,0.89252
24,5,941.47,321.68,62.09,128.95,1,1,0.88721
24,6,647.02,527.42,100.56,140.53,1,1,0.89583
24,7,1159.61,719.7,70.72,155.08,1,1,0.88727
24,8,848.27,257.63,67.43,111.31,1,1,0.88343
24,9,692.06,360.16,101.57,75.16,1,1,0.87848
24,10,659.79,307.71,86.21,77.36,1,1,0.86936
24,11,1016.63,160.51,46.87,123.33,1,1,0.87264
24,12,158.35,337.46,56.27,137.71,1,1,0.87253
24,13,1518.62,440.84,59.92,138.28,1,1,0.86358
24,14,512.39,290.74,78.9,82.92,1,1,0.87351
24,15,740.85,141.93,73.82,103.1,1,1,0.86802
24,16,589.08,396.3,74.98,110.72,1,1,0.85594
24,17,504.03,264.47,68.79,72.34,1,1,0.83056
24,18,546.52,324.11,62.1,104.98,1,1,0.83483
24,19,596.82,336.59,72.3,53.79,1,1,0.82905
24,20,579.78,375.27,76.75,59.49,1,1,0.78377
24,21,553.56,315.69,74.32,52.42,1,1,0.70759
25,0,851.34,753.9,110.87,156.69,1,1,0.90474
25,1,748.42,432.4,112.06,89.1,1,1,0.89698
25,2,938.39,452.95,82.81,129.5,1,1,0.89911
25,3,656.27,211.36,83.45,100.44,1,1,0.89047
25,4,434.22,214.9,69.37,123.5,1,1,0.89246
25,5,941.36,321.68,62.03,129.0,1,1,0.8872
25,6,646.97,527.43,100.57,140.43,1,1,0.8955
25,7,1161.68,719.92,69.62,154.92,1,1,0.88709
25,8,848.18,257.69,67.47,111.26,1,1,0.88358
25,9,692.05,360.17,101.55,75.19,1,1,0.87822
25,10,659.75,307.72,86.17,77.37,1,1,0.86941
25,11,1016.15,160.6,47.3,123.34,1,1,0.87263
25,12,158.24,337.48,56.32,137.74,1,1,0.87266
25,13,1520.19,440.43,60.75,138.63,1,1,0.86377
25,14,512.34,290.75,78.88,83.0,1,1,0.87326
25,15,740.68,142.16,73.78,103.02,1,1,0.86788
25,16,589.12,396.22,74.91,110.78,1,1,0.85562
25,17,504.01,264.44,68.81,72.32,1,1,0.83086
25,18,546.43,324.24,62.04,104.79,1,1,0.83425
25,19,596.8,336.64,72.29,53.72,1,1,0.82883
25,20,579.58,375.31,76.87,59.91,1,1,0.78311
25,21,553.53,315.67,74.34,52.32,1,1,0.71113
26,0,851.4,753.77,110.87,156.77,1,1,0.90507
26,1,748.46,432.39,111.78,89.02,1,1,0.89748
26,2,938.24,452.89,82.8,129.38,1,1,0.89927
26,3,655.82,211.5,83.33,100.34,1,1,0.88979
26,4,434.15,214.87,69.34,123.52,1,1,0.89238
26,5,941.22,321.55,62.04,129.11,1,1,0.88774
26,6,646.98,527.39,100.12,140.22,1,1,0.89532
26,7,1163.87,719.8,69.16,154.96,1,1,0.8872
26,8,848.14,257.69,67.41,111.23,1,1,0.88377
26,9,692.03,360.21,101.58,75.09,1,1,0.87829
26,10,659.67,307.67,86.38,77.42,1,1,0.8694
26,11,1015.46,160.46,47.49,123.43,1,1,0.87276
26,12,158.24,337.49,56.28,137.74,1,1,0.87297
26,13,1522.96,440.37,60.93,138.45,1,1,0.86255
26,14,512.38,290.61,78.97,83.19,1,1,0.87321
26,15,740.44,142.23,73.9,103.05,1,1,0.86817
26,16,589.17,396.29,74.81,110.56,1,1,0.85483
26,17,503.99,264.41,68.89,72.14,1,1,0.8296
26,18,546.28,324.3,62.2,104.66,1,1,0.83631
26,19,596.84,336.51,72.21,53.81,1,1,0.82982
26,20,579.41,375.31,77.04,60.27,1,1,0.78217
26,21,553.37,315.66,74.59,52.23,1,1,0.71009
27,0,851.47,753.75,110.79,156.73,1,1,0.90471
27,1,748.51,432.36,111.68,88.95,1,1,0.89698
27,2,938.25,452.82,82.78,129.26,1,1,0.89897
27,3,655.5,211.41,82.92,100.21,1,1,0.88733
27,4,434.12,214.91,69.44,123.42,1,1,0.8918
27,5,941.32,321.46,61.96,129.07,1,1,0.88708
27,6,647.11,527.34,100.09,140.13,1,1,0.895
27,7,1166.66,719.82,67.97,154.95,1,1,0.88645
27,8,848.09,257.78,67.5,111.01,1,1,0.88289
27,9,692.03,360.08,101.61,75.12,1,1,0.87796
27,10,659.68,307.57,86.51,77.39,1,1,0.86847
27,11,1014.91,160.23,47.63,123.53,1,1,0.87309
27,12,158.3,337.47,56.21,137.76,1,1,0.87245
27,13,1526.15,439.78,60.24,138.64,1,1,0.85916
27,14,512.47,290.47,78.99,83.15,1,1,0.87263
27,15,740.39,142.23,73.94,102.87,1,1,0.8674
27,16,589.25,396.37,74.8,110.39,1,1,0.85456
27,17,504.05,264.36,68.89,72.15,1,1,0.82956
27,18,546.34,324.4,62.09,104.44,1,1,0.83398
27,19,596.87,336.42,72.23,53.91,1,1,0.82856
27,20,579.49,375.36,77.29,60.13,1,1,0.7811
27,21,553.24,315.55,74.73,52.29,1,1,0.71234
28,0,851.36,753.8,110.71,156.62,1,1,0.90481
28,1,748.35,432.36,111.71,88.87,1,1,0.89691
28,2,938.09,452.79,82.65,129.11,1,1,0.89876
28,3,654.93,211.37,82.99,99.87,1,1,0.8876
28,4,433.95,214.85,69.51,123.47,1,1,0.89228
28,5,941.24,321.38,61.95,129.06,1,1,0.8869
28,6,647.08,527.37,100.16,140.13,1,1,0.8953
28,7,1168.79,719.47,67.32,155.41,1,1,0.8865
28,8,847.9,258.02,67.62,110.68,1,1,0.88325
28,9,691.97,359.99,101.58,75.17,1,1,0.87808
28,10,659.53,307.49,86.57,77.48,1,1,0.86836
28,11,1013.64,160.18,47.26,123.29,1,1,0.87355
28,12,158.31,337.36,56.15,137.97,1,1,0.87229
28,13,1528.95,439.48,59.34,138.49,1,1,0.85639
28,14,512.24,290.43,79.08,83.23,1,1,0.87308
28,15,740.27,142.18,73.9,102.8,1,1,0.86762
28,16,589.17,396.29,74.78,110.4,1,1,0.85474
28,17,503.96,264.34,68.88,72.35,1,1,0.8313
28,18,546.3,324.36,62.04,104.38,1,1,0.83283
28,19,596.69,336.43,72.31,53.87,1,1,0.82882
28,20,579.41,375.36,77.54,60.0,1,1,0.78238
28,21,553.14,315.44,74.71,52.3,1,1,0.7113
29,0,851.47,753.81,110.59,156.61,1,1,0.90523
29,1,748.29,432.3,111.87,88.86,1,1,0.89786
29,2,938.12,452.72,82.59,129.13,1,1,0.90014
29,3,654.35,211.3,83.13,99.63,1,1,0.88805
29,4,433.79,214.74,69.59,123.58,1,1,0.89269
29,5,941.23,321.26,61.99,129.08,1,1,0.88797
29,6,647.19,527.39,100.27,140.01,1,1,0.89626
29,7,1170.64,718.72,67.36,156.12,1,1,0.88854
29,8,847.71,258.2,67.66,110.45,1,1,0.88391
29,9,692.02,359.86,101.52,75.15,1,1,0.87902
29,10,659.41,307.5,86.45,77.51,1,1,0.86878
29,11,1012.95,160.16,46.96,122.96,1,1,0.87539
29,12,158.36,337.39,56.1,138.05,1,1,0.87278
29,13,1531.36,439.17,59.1,138.12,1,1,0.86278
29,14,512.18,290.35,79.16,83.34,1,1,0.87344
29,15,740.31,142.13,73.74,102.58,1,1,0.86912
29,16,589.12,396.17,74.87,110.51,1,1,0.85564
29,17,503.95,264.28,68.84,72.63,1,1,0.83238
29,18,546.24,324.26,62.1,104.4,1,1,0.83355
29,19,596.61,336.43,72.37,53.68,1,1,0.82967
29,20,579.4,375.13,77.7,60.09,1,1,0.78381
29,21,553.12,315.41,74.66,52.13,1,1,0.7055
30,0,851.91,753.5,110.29,156.17,1,1,0.90385
30,1,748.5,432.51,111.99,88.48,1,1,0.89948
30,2,938.44,452.73,82.49,128.77,1,1,0.9018
30,3,654.32,211.54,82.97,98.73,1,1,0.88976
30,4,433.9,214.61,69.64,123.27,1,1,0.892
30,5,941.05,321.04,61.92,129.01,1,1,0.89178
30,6,647.16,527.27,99.99,140.43,1,1,0.89989
30,7,1173.13,718.36,66.95,155.9,1,1,0.88967
30,8,847.29,258.32,67.75,110.08,1,1,0.88646
30,9,692.35,359.67,100.97,75.07,1,1,0.88082
30,10,659.46,307.25,86.05,77.5,1,1,0.87156
30,11,1012.38,159.99,48.28,122.97,1,1,0.8789
30,12,158.6,337.24,55.74,137.38,1,1,0.87207
30,13,1534.33,438.94,58.75,137.9,1,1,0.86485
30,14,511.98,290.03,79.48,83.67,1,1,0.87596
30,15,740.01,142.37,73.54,102.27,1,1,0.86852
30,16,589.18,395.72,74.36,110.5,1,1,0.85727
30,17,504.28,264.0,68.63,72.77,1,1,0.83754
30,18,546.17,324.5,62.22,104.25,1,1,0.83888
30,19,597.42,336.12,71.61,53.33,1,1,0.83068
30,20,579.47,375.24,77.55,59.83,1,1,0.79468
30,21,553.67,315.25,74.11,52.42,1,1,0.70914
31,0,852.15,753.37,110.11,155.96,1,1,0.9039
31,1,748.56,432.5,112.03,88.35,1,1,0.89931
31,2,938.72,452.73,81.73,128.35,1,1,0.9014
31,3,654.21,211.61,83.05,98.19,1,1,0.88947
31,4,433.89,214.54,69.68,123.03,1,1,0.89168
31,5,940.93,320.96,61.88,128.99,1,1,0.89213
31,6,647.16,527.22,99.9,140.52,1,1,0.89958
31,7,1175.59,717.75,66.5,156.26,1,1,0.88983
31,8,846.7,258.46,68.09,109.86,1,1,0.88742
31,9,692.42,359.62,100.76,74.93,1,1,0.88081
31,10,659.44,306.84,86.09,77.72,1,1,0.87183
31,11,1011.54,159.56,48.53,123.24,1,1,0.87839
31,12,158.66,337.02,55.72,137.19,1,1,0.8722
31,13,1536.24,438.51,58.62,137.84,1,1,0.87086
31,14,511.87,289.83,79.61,83.78,1,1,0.87643
31,15,739.93,142.26,73.41,102.23,1,1,0.86829
31,16,589.18,395.45,74.13,110.57,1,1,0.8575
31,17,504.37,263.88,68.55,72.8,1,1,0.83747
31,18,546.09,324.57,62.14,104.25,1,1,0.83808
31,19,597.7,335.98,71.3,53.15,1,1,0.83028
31,20,579.43,375.13,77.51,59.92,1,1,0.79646
31,21,553.78,315.16,73.89,52.6,1,1,0.70891
32,0,852.29,753.37,110.04,155.77,1,1,0.90407
32,1,748.65,432.49,111.84,88.28,1,1,0.89994
32,2,939.79,453.37,81.29,127.59,1,1,0.90057
32,3,655.11,211.62,82.14,98.09,1,1,0.89007
32,4,434.0,214.55,69.64,122.84,1,1,0.89212
32,5,941.13,320.91,61.66,128.92,1,1,0.89225
32,6,647.22,527.24,99.94,140.52,1,1,0.90027
32,7,1179.53,716.21,65.99,157.57,1,1,0.88939
32,8,845.9,259.11,68.45,108.88,1,1,0.88927
32,9,692.48,359.53,100.68,74.8,1,1,0.8821
32,10,659.58,306.64,86.18,77.81,1,1,0.8729
32,11,1010.15,159.18,48.82,123.32,1,1,0.87646
32,12,158.8,336.84,55.67,137.18,1,1,0.87232
32,13,1540.32,437.55,58.75,138.64,1,1,0.87589
32,14,511.9,289.73,79.57,83.69,1,1,0.87723
32,15,740.0,142.11,73.4,102.11,1,1,0.86794
32,16,589.22,395.15,74.03,110.77,1,1,0.85741
32,17,504.45,263.85,68.5,72.8,1,1,0.83756
32,18,546.11,324.71,61.97,104.15,1,1,0.83809
32,19,597.78,336.0,71.26,52.99,1,1,0.83117
32,20,579.49,374.92,77.29,60.22,1,1,0.79649
32,21,553.42,315.16,74.06,52.45,1,1,0.71127
33,0,852.29,753.47,109.92,155.59,1,1,0.90433
33,1,748.64,432.52,111.78,88.24,1,1,0.90001
33,2,940.07,453.62,81.16,127.26,1,1,0.90095
33,3,655.44,211.71,81.76,97.98,1,1,0.89057
33,4,433.8,214.56,69.76,122.79,1,1,0.89229
33,5,941.04,320.9,61.55,128.91,1,1,0.8923
33,6,647.13,527.25,100.02,140.51,1,1,0.90065
33,7,1180.86,715.65,65.71,158.1,1,1,0.88935
33,8,845.47,259.41,68.61,108.55,1,1,0.88955
33,9,692.39,359.53,100.78,74.77,1,1,0.88245
33,10,659.56,306.58,86.16,77.84,1,1,0.87308
33,11,1009.63,159.05,48.91,123.37,1,1,0.87661
33,12,158.79,336.84,55.65,137.16,1,1,0.87254
33,13,1541.66,437.22,58.86,139.05,1,1,0.87528
33,14,511.91,289.77,79.5,83.55,1,1,0.87784
33,15,739.96,142.1,73.38,102.05,1,1,0.86886
33,16,589.18,395.19,73.89,110.74,1,1,0.85738
33,17,504.39,263.87,68.49,72.96,1,1,0.83973
33,18,546.01,324.64,62.1,104.25,1,1,0.83815
33,19,597.81,336.04,71.19,52.95,1,1,0.83086
33,20,579.42,374.9,77.29,60.51,1,1,0.79533
33,21,553.08,315.18,74.2,52.65,1,1,0.70302
34,0,852.17,753.3,110.0,155.73,1,1,0.90514
34,1,748.66,432.49,111.64,88.18,1,1,0.90061
34,2,940.64,454.0,81.55,126.4,1,1,0.89938
34,3,655.63,211.83,82.13,97.7,1,1,0.89194
34,4,433.56,214.52,69.95,122.82,1,1,0.89266
34,5,940.97,320.89,61.56,128.94,1,1,0.89296
34,6,647.04,527.26,99.97,140.47,1,1,0.90121
34,7,1182.62,715.29,65.21,158.55,1,1,0.88893
34,8,844.98,260.0,68.69,107.89,1,1,0.88994
34,9,692.34,359.49,100.88,74.72,1,1,0.88302
34,10,659.5,306.53,86.0,77.84,1,1,0.87311
34,11,1008.65,158.99,49.32,123.41,1,1,0.8765
34,12,158.75,336.8,55.64,137.15,1,1,0.87282
34,13,1543.21,436.77,59.71,139.1,1,1,0.87672
34,14,511.92,289.91,79.52,83.41,1,1,0.87902
34,15,739.79,142.03,73.54,102.08,1,1,0.87047
34,16,589.25,395.17,73.88,110.72,1,1,0.85822
34,17,504.34,263.89,68.54,73.08,1,1,0.84168
34,18,545.92,324.43,62.19,104.39,1,1,0.84017
34,19,597.91,336.03,71.1,52.87,1,1,0.8327
34,20,579.46,374.84,77.3,60.79,1,1,0.79628
34,21,552.46,315.19,74.54,52.88,1,1,0.68134
35,0,852.06,753.26,110.02,155.74,1,1,0.9057
35,1,748.89,432.61,111.35,88.05,1,1,0.9004
35,2,941.94,454.6,84.01,126.13,1,1,0.89643
35,3,656.26,212.61,82.24,96.83,1,1,0.8893
35,4,433.58,214.48,70.07,122.89,1,1,0.89226
35,5,941.09,320.75,61.34,128.79,1,1,0.89239
35,6,647.04,527.4,100.41,140.23,1,1,0.90069
35,7,1186.13,713.77,65.17,159.19,1,1,0.88645
35,8,843.32,261.75,69.71,106.55,1,1,0.88898
35,9,692.39,359.6,100.94,74.77,1,1,0.88315
35,10,659.72,306.66,85.97,77.76,1,1,0.87239
35,11,1007.78,158.76,48.86,123.85,1,1,0.87557
35,12,158.87,336.74,55.81,137.01,1,1,0.87175
35,13,1546.34,436.05,61.87,139.05,1,1,0.87684
35,14,511.91,290.27,79.66,82.65,1,1,0.88001
35,15,739.87,141.92,73.89,102.42,1,1,0.87209
35,16,589.32,395.24,73.85,110.68,1,1,0.85739
35,17,504.42,263.91,68.65,73.3,1,1,0.84122
35,18,545.63,324.35,62.28,104.91,1,1,0.84017
35,19,597.34,335.89,71.62,52.59,1,1,0.83672
35,20,579.84,375.02,76.96,60.0,1,1,0.79828
35,21,552.14,315.42,74.74,53.01,1,1,0.65851
36,0,851.94,753.21,110.05,155.75,1,1,0.90595
36,1,748.88,432.62,111.25,88.0,1,1,0.90052
36,2,942.34,454.78,84.98,126.0,1,1,0.89649
36,3,656.4,212.87,82.28,96.49,1,1,0.88944
36,4,433.53,214.48,70.09,122.88,1,1,0.89255
36,5,941.05,320.68,61.27,128.71,1,1,0.89248
36,6,646.89,527.49,100.58,140.09,1,1,0.90079
36,7,1187.26,713.18,65.19,159.42,1,1,0.88654
36,8,842.61,262.36,70.09,106.06,1,1,0.88912
36,9,692.32,359.63,100.97,74.75,1,1,0.88331
36,10,659.72,306.67,85.94,77.74,1,1,0.87249
36,11,1007.4,158.64,48.68,124.05,1,1,0.8756
36,12,158.78,336.67,55.88,136.96,1,1,0.8718
36,13,1547.39,435.75,62.63,139.03,1,1,0.8767
36,14,511.84,290.37,79.69,82.35,1,1,0.88024
36,15,739.82,141.84,74.02,102.54,1,1,0.8724
36,16,589.23,395.25,73.86,110.64,1,1,0.85769
36,17,504.36,263.9,68.77,73.36,1,1,0.84169
36,18,545.43,324.28,62.31,105.1,1,1,0.84058
36,19,597.03,335.81,71.84,52.48,1,1,0.83696
36,20,579.89,375.05,76.84,59.67,1,1,0.79831
36,21,551.94,315.47,74.79,53.0,1,1,0.65879
37,0,851.89,753.31,110.23,155.84,1,1,0.907
37,1,748.93,432.74,111.57,87.98,1,1,0.90087
37,2,943.23,455.4,86.55,127.37,1,1,0.89645
37,3,656.75,212.97,82.23,96.53,1,1,0.88957
37,4,433.58,214.51,70.22,122.88,1,1,0.89281
37,5,940.86,320.6,61.42,128.73,1,1,0.89302
37,6,646.67,527.52,101.04,140.1,1,1,0.90236
37,7,1188.93,712.06,65.29,159.46,1,1,0.88626
37,8,842.05,263.16,70.11,105.17,1,1,0.88883
37,9,692.53,359.67,100.91,74.92,1,1,0.88374
37,10,659.88,306.64,85.97,77.86,1,1,0.87283
37,11,1006.56,158.47,49.1,124.17,1,1,0.87706
37,12,158.68,336.61,56.17,137.1,1,1,0.87294
37,13,1549.21,435.63,62.95,138.81,1,1,0.87759
37,14,511.59,290.44,80.06,82.17,1,1,0.88218
37,15,740.01,141.73,74.18,102.65,1,1,0.87397
37,16,589.08,395.44,73.71,110.51,1,1,0.8591
37,17,504.4,263.96,68.89,73.74,1,1,0.84522
37,18,545.38,324.03,63.21,105.33,1,1,0.84276
37,19,597.14,335.41,71.8,53.09,1,1,0.83933
37,20,579.73,375.07,76.81,59.57,1,1,0.8031
38,0,851.87,753.28,110.32,155.92,1,1,0.90668
38,1,748.94,432.8,112.09,87.96,1,1,0.9009
38,2,943.58,456.06,88.81,128.4,1,1,0.8961
38,3,656.74,212.89,82.14,96.62,1,1,0.88772
38,4,433.68,214.51,70.29,122.89,1,1,0.89235
38,5,940.66,320.29,61.48,128.91,1,1,0.8913
38,6,646.38,527.52,101.35,140.09,1,1,0.90185
38,7,1190.99,710.97,65.6,159.15,1,1,0.88368
38,8,841.73,264.49,69.91,103.7,1,1,0.88509
38,9,692.38,359.65,101.08,75.04,1,1,0.8834
38,10,660.02,306.65,85.84,77.77,1,1,0.87042
38,11,1005.82,158.38,49.42,124.0,1,1,0.8766
38,12,158.58,336.47,56.43,137.25,1,1,0.87272
38,13,1551.13,435.54,63.36,138.46,1,1,0.88078
38,14,511.25,290.4,80.37,82.09,1,1,0.88087
38,15,740.12,141.66,74.1,102.72,1,1,0.87262
38,16,588.74,395.46,74.07,110.39,1,1,0.85843
38,17,504.35,263.97,68.94,74.24,1,1,0.84796
38,18,545.34,324.42,63.69,104.84,1,1,0.84093
38,19,597.39,334.47,71.94,54.2,1,1,0.84079
38,20,579.52,375.31,76.5,58.81,1,1,0.80156
38,21,554.42,315.77,73.11,52.08,1,1,0.69282
39,0,852.05,753.25,110.11,155.96,1,1,0.9059
39,1,749.06,432.96,112.47,87.82,1,1,0.8999
39,2,944.1,457.34,91.98,128.48,1,1,0.90025
39,3,656.99,212.92,82.08,97.04,1,1,0.88457
39,4,433.88,214.53,70.31,122.95,1,1,0.89252
39,5,940.23,319.67,61.15,129.41,1,1,0.89051
39,6,646.34,527.59,101.48,139.86,1,1,0.90128
39,7,1197.0,709.41,64.77,158.67,1,1,0.87995
39,8,839.53,267.66,71.76,99.94,1,1,0.877
39,9,692.12,359.62,101.4,75.2,1,1,0.88243
39,10,660.09,306.78,86.43,77.65,1,1,0.86732
39,11,1004.58,158.34,49.77,123.81,1,1,0.87662
39,12,158.65,336.54,56.64,137.25,1,1,0.87226
39,13,1553.8,436.04,63.29,137.03,1,1,0.88064
39,14,511.57,290.47,80.66,81.71,1,1,0.87571
39,15,740.13,141.58,73.47,102.7,1,1,0.8699
39,16,587.93,395.76,74.98,109.81,1,1,0.85721
39,17,504.59,264.25,68.91,75.15,1,1,0.85088
39,18,545.95,326.96,63.2,102.52,1,1,0.83598
39,19,597.89,333.35,72.07,55.05,1,1,0.84401
39,20,579.96,375.42,76.4,57.17,1,1,0.78707
39,21,556.84,315.18,71.37,50.79,1,1,0.78239
40,0,852.08,753.23,110.0,155.94,1,1,0.90622
40,1,749.07,433.0,112.53,87.74,1,1,0.89996
40,2,944.24,457.83,93.14,128.45,1,1,0.90051
40,3,656.99,212.85,82.08,97.15,1,1,0.88462
40,4,433.98,214.46,70.33,123.02,1,1,0.89252
40,5,940.01,319.4,61.05,129.57,1,1,0.89074
40,6,646.41,527.54,101.47,139.8,1,1,0.90129
40,7,1199.14,708.78,64.46,158.48,1,1,0.88022
40,8,838.63,268.78,72.48,98.53,1,1,0.8774
40,9,691.97,359.56,101.6,75.28,1,1,0.88254
40,10,660.04,306.79,86.72,77.56,1,1,0.86747
40,11,1004.08,158.26,49.91,123.75,1,1,0.87664
40,12,158.75,336.55,56.67,137.2,1,1,0.87247
40,13,1554.68,436.15,63.31,136.54,1,1,0.88104
40,14,511.65,290.43,80.83,81.59,1,1,0.87559
40,15,740.14,141.46,73.24,102.73,1,1,0.87028
40,16,587.57,395.83,75.33,109.59,1,1,0.85817
40,17,504.67,264.26,69.03,75.43,1,1,0.84959
40,18,546.13,327.83,63.03,101.76,1,1,0.83515
40,19,598.02,332.88,72.18,55.38,1,1,0.84324
40,20,580.04,375.44,76.37,56.55,1,1,0.78581
40,21,557.62,314.96,70.75,50.36,1,1,0.78103
41,0,852.0,753.21,110.05,155.97,1,1,0.90628
41,1,749.29,433.02,112.42,87.7,1,1,0.9004
41,2,945.08,458.02,92.56,128.19,1,1,0.89897
41,3,657.11,212.72,82.1,96.21,1,1,0.8858
41,4,434.15,214.4,70.39,122.88,1,1,0.89168
41,5,939.22,319.07,61.4,129.72,1,1,0.89165
41,6,646.53,527.48,101.61,139.9,1,1,0.90125
41,7,1202.46,707.76,63.45,155.64,1,1,0.87974
41,8,834.05,269.98,77.06,97.08,1,1,0.8768
41,9,691.89,359.26,102.17,75.46,1,1,0.88362
41,10,660.32,305.87,86.97,78.32,1,1,0.86915
41,11,1003.41,158.26,50.3,123.69,1,1,0.87674
41,12,158.78,336.66,56.79,137.05,1,1,0.87229
41,13,1555.77,436.75,63.68,135.76,1,1,0.87968
41,14,511.92,290.07,81.54,81.82,1,1,0.86846
41,15,740.4,141.39,73.12,102.76,1,1,0.87266
41,16,587.5,395.45,76.46,109.86,1,1,0.86123
41,17,504.67,264.31,69.31,75.6,1,1,0.84988
41,18,546.48,330.21,62.61,99.5,1,1,0.8351
41,19,598.51,331.78,71.63,55.94,1,1,0.84233
41,20,580.76,375.33,76.87,56.58,1,1,0.79019
41,21,560.42,314.19,68.67,49.89,1,1,0.79604
42,0,852.08,753.17,109.96,155.89,1,1,0.90572
42,1,749.68,433.02,112.04,87.61,1,1,0.89983
42,2,946.33,458.41,91.49,127.56,1,1,0.89812
42,3,657.27,212.53,81.96,95.09,1,1,0.88742
42,4,434.47,214.34,70.24,122.65,1,1,0.89097
42,5,938.04,318.08,62.02,130.53,1,1,0.89322
42,6,646.48,527.44,101.65,139.88,1,1,0.90093
42,7,1206.03,707.34,63.37,152.76,1,1,0.87615
42,8,829.75,271.35,81.11,95.73,1,1,0.87421
42,9,691.59,358.58,103.04,75.97,1,1,0.88522
42,10,659.09,304.23,87.35,78.33,1,1,0.86477
42,11,1002.84,157.97,50.36,123.85,1,1,0.87596
42,12,158.97,336.78,56.62,136.82,1,1,0.87171
42,13,1556.86,437.52,63.64,134.33,1,1,0.87694
42,14,512.28,288.78,82.95,82.69,1,1,0.85578
42,15,740.52,141.28,73.15,102.7,1,1,0.87332
42,16,587.6,393.47,76.22,111.62,1,1,0.86259
42,17,504.89,264.31,69.4,75.85,1,1,0.84386
42,18,546.63,332.56,62.58,97.27,1,1,0.83103
42,19,598.52,330.66,71.61,57.0,1,1,0.83946
42,20,581.03,375.27,77.7,57.14,1,1,0.79318
42,21,561.57,313.31,68.62,49.79,1,1,0.79677
43,0,852.13,753.22,109.94,155.97,1,1,0.90555
43,1,750.11,433.1,111.53,87.43,1,1,0.89735
43,2,949.37,458.73,88.39,127.28,1,1,0.89811
43,3,657.32,212.49,81.73,93.53,1,1,0.88786
43,4,434.99,214.34,70.17,122.54,1,1,0.88878
43,5,936.44,317.54,62.66,130.78,1,1,0.89183
43,6,646.47,527.52,101.83,139.9,1,1,0.89981
43,7,1209.11,707.91,63.59,150.27,1,1,0.87574
43,8,828.98,272.02,80.5,97.49,1,1,0.87539
43,9,691.2,357.26,103.81,77.04,1,1,0.88425
43,10,657.31,302.06,86.52,76.61,1,1,0.86056
43,11,1002.09,158.06,50.63,123.86,1,1,0.8764
43,12,159.26,336.82,56.59,136.85,1,1,0.87089
43,13,1557.83,438.6,64.19,132.94,1,1,0.87625
43,14,516.34,287.27,82.2,83.45,1,1,0.79996
43,15,740.68,141.29,73.0,102.7,1,1,0.87248
43,16,588.22,391.22,76.14,113.8,1,1,0.86107
43,17,504.76,264.23,69.83,83.03,1,1,0.80824
43,18,546.17,333.46,63.09,96.7,1,1,0.82876
43,19,598.5,329.9,71.8,58.03,1,1,0.8342
43,20,582.55,374.24,76.5,55.46,1,1,0.77356
43,21,559.98,311.85,70.64,51.05,1,1,0.78579
44,0,852.07,753.2,110.11,155.99,1,1,0.90594
44,1,750.7,433.35,112.07,87.04,1,1,0.89925
44,2,953.59,459.55,84.05,126.32,1,1,0.89879
44,3,657.37,212.43,81.71,92.3,1,1,0.89048
44,4,435.48,214.29,70.22,122.3,1,1,0.88943
44,5,935.23,317.28,63.42,130.67,1,1,0.89162
44,6,646.75,527.54,101.51,139.82,1,1,0.90131
44,7,1212.38,709.26,63.52,149.68,1,1,0.87278
44,8,830.13,271.91,75.71,98.88,1,1,0.8797
44,9,690.89,355.73,104.48,78.29,1,1,0.88521
44,10,655.2,299.3,84.32,79.87,1,1,0.85897
44,11,1001.35,157.97,51.1,123.91,1,1,0.87781
44,12,160.17,336.74,56.29,136.93,1,1,0.87241
44,13,1559.43,440.19,63.74,131.62,1,1,0.87975
44,14,516.32,285.98,84.5,84.97,1,1,0.76308
44,15,740.89,141.28,72.67,102.62,1,1,0.87136
44,16,588.79,390.27,75.9,114.46,1,1,0.86246
44,17,505.16,263.81,69.96,81.93,1,1,0.82885
44,18,545.82,335.08,63.33,95.09,1,1,0.83054
44,19,598.47,329.95,71.09,58.13,1,1,0.82761
44,20,582.94,371.84,74.47,56.34,1,1,0.74992
44,21,559.95,310.49,71.41,53.07,1,1,0.80468
45,0,852.13,753.23,110.11,156.13,1,1,0.90494
45,1,750.25,433.06,114.01,86.84,1,1,0.89741
45,2,957.99,460.54,79.81,125.56,1,1,0.89816
45,3,657.31,212.1,82.13,91.57,1,1,0.89195
45,4,435.93,214.66,70.36,122.35,1,1,0.88632
45,5,933.91,317.37,64.12,129.55,1,1,0.89124
45,6,647.05,527.58,101.22,139.69,1,1,0.8995
45,7,1215.7,711.1,63.98,149.62,1,1,0.87274
45,8,830.22,271.92,71.21,99.31,1,1,0.8774
45,9,690.49,354.31,105.12,79.34,1,1,0.88031
45,10,653.38,296.66,80.95,80.44,1,1,0.85706
45,11,1000.65,157.45,51.33,124.11,1,1,0.87786
45,12,160.85,336.45,56.13,137.34,1,1,0.87154
45,13,1561.98,441.39,63.01,131.87,1,1,0.87839
45,14,530.14,284.52,75.26,74.93,1,1,0.69139
45,15,741.57,141.11,72.47,102.78,1,1,0.87045
45,16,588.8,390.38,72.39,113.89,1,1,0.85804
45,17,505.63,262.1,70.61,98.61,1,1,0.85876
45,18,544.28,334.6,63.86,95.98,1,1,0.83312
45,19,599.2,329.74,70.8,59.03,1,1,0.81964
45,20,583.65,369.97,72.58,59.54,1,1,0.7485
45,21,561.59,309.14,70.63,55.04,1,1,0.78958
46,0,852.81,753.13,109.59,156.1,1,1,0.90263
46,1,749.78,432.49,116.14,86.5,1,1,0.89654
46,2,960.35,461.52,77.79,124.48,1,1,0.89721
46,3,656.94,211.74,82.54,91.5,1,1,0.89152
46,4,436.27,215.06,70.45,121.58,1,1,0.88421
46,5,933.17,318.59,65.45,127.39,1,1,0.88858
46,6,647.43,527.52,100.79,139.53,1,1,0.89574
46,7,1219.78,713.66,65.66,148.11,1,1,0.8721
46,8,827.83,272.17,69.49,99.57,1,1,0.87319
46,9,687.95,352.56,107.1,80.24,1,1,0.87734
46,10,650.72,294.32,80.65,78.77,1,1,0.85159
46,11,1000.45,157.16,50.93,124.05,1,1,0.87789
46,12,161.03,336.4,56.28,137.44,1,1,0.87085
46,13,1565.24,442.22,61.96,132.21,1,1,0.87145
46,14,529.18,283.55,79.05,79.92,1,1,0.7457
46,15,741.86,141.06,72.79,102.67,1,1,0.8694
46,16,589.66,391.06,71.39,111.5,1,1,0.85816
46,17,507.17,259.97,69.73,93.39,1,1,0.85029
46,18,542.97,333.43,64.48,97.55,1,1,0.83771
46,19,599.58,330.06,69.66,57.86,1,1,0.81171
46,20,584.57,367.45,70.71,61.91,1,1,0.76934
46,21,563.17,307.65,70.33,56.9,1,1,0.78635
47,0,853.29,753.09,109.83,156.16,1,1,0.90152
47,1,748.33,430.27,118.25,88.1,1,1,0.89612
47,2,961.23,462.06,77.5,123.76,1,1,0.89758
47,3,656.48,211.2,82.74,92.0,1,1,0.89135
47,4,436.46,215.34,71.11,121.61,1,1,0.88105
47,5,931.92,319.68,68.2,125.34,1,1,0.88698
47,6,647.45,527.4,100.96,139.61,1,1,0.89632
47,7,1222.81,715.92,70.17,146.35,1,1,0.87464
47,8,824.97,273.22,70.16,98.41,1,1,0.87493
47,9,685.47,350.68,108.49,82.29,1,1,0.8757
47,10,647.22,291.97,80.64,77.99,1,1,0.84237
47,11,1000.43,156.79,50.41,124.14,1,1,0.87841
47,12,161.19,337.28,56.83,136.38,1,1,0.86896
47,13,1568.64,442.62,62.86,132.09,1,1,0.86785
47,14,535.68,282.79,76.09,79.99,1,1,0.78265
47,15,742.12,141.0,73.95,102.53,1,1,0.87205
47,16,589.51,389.55,73.52,111.08,1,1,0.85714
47,17,508.76,257.0,69.46,101.52,1,1,0.85192
47,18,540.8,333.93,65.53,96.78,1,1,0.84169
47,19,601.34,330.02,68.25,57.04,1,1,0.79639
47,20,583.26,364.59,70.85,66.92,1,1,0.75753
47,21,567.04,305.64,67.64,58.18,1,1,0.7743
48,0,854.74,754.31,109.62,155.09,1,1,0.89873
48,1,744.03,424.1,117.87,94.71,1,1,0.89245
48,2,962.85,464.01,78.02,121.48,1,1,0.89549
48,3,655.95,209.4,81.42,94.11,1,1,0.88971
48,4,437.3,216.16,71.9,119.37,1,1,0.87834
48,5,929.11,321.81,76.51,123.48,1,1,0.89057
48,6,647.21,527.5,101.56,139.66,1,1,0.89702
48,7,1227.35,717.8,84.03,145.14,1,1,0.88557
48,8,818.49,276.0,76.39,95.96,1,1,0.87476
48,9,677.68,346.61,107.14,82.87,1,1,0.86879
48,10,642.39,289.99,82.54,76.2,1,1,0.82536
48,11,999.1,156.37,49.77,124.2,1,1,0.87334
48,12,161.03,340.16,59.65,132.2,1,1,0.87076
48,13,1574.36,438.98,60.83,135.3,1,1,0.85917
48,14,545.11,282.85,73.28,74.27,1,1,0.81544
48,15,742.68,140.91,75.22,102.05,1,1,0.87364
48,16,588.89,386.04,72.42,112.76,1,1,0.85115
48,17,511.66,251.76,69.34,103.94,1,1,0.86523
48,18,538.87,332.44,67.14,99.46,1,1,0.82679
48,19,604.68,331.68,67.7,55.88,1,1,0.76676
48,20,582.12,362.79,72.13,71.72,1,1,0.74458
48,21,569.43,303.59,67.45,62.03,1,1,0.68944
49,0,855.17,754.78,109.59,154.65,1,1,0.89844
49,1,742.37,421.88,117.71,97.09,1,1,0.89262
49,2,963.35,464.7,78.3,120.73,1,1,0.89589
49,3,655.72,208.73,80.95,94.94,1,1,0.88982
49,4,437.55,216.49,72.23,118.51,1,1,0.87847
49,5,927.89,322.62,79.61,122.79,1,1,0.89066
49,6,647.17,527.56,101.8,139.59,1,1,0.89688
49,7,1229.05,718.49,89.29,144.68,1,1,0.88563
49,8,816.08,276.99,78.69,95.12,1,1,0.87492
49,9,674.75,345.03,106.52,83.14,1,1,0.86916
49,10,640.63,289.3,83.36,75.53,1,1,0.82532
49,11,998.56,156.25,49.47,124.08,1,1,0.87324
49,12,160.76,341.28,60.71,130.49,1,1,0.87016
49,13,1576.54,437.59,60.1,136.26,1,1,0.85875
49,14,548.48,282.94,72.43,71.91,1,1,0.81416
49,15,742.83,140.93,75.74,101.93,1,1,0.87315
49,16,588.6,384.82,71.88,113.02,1,1,0.85117
49,17,512.73,249.65,69.29,104.83,1,1,0.86532
49,18,538.02,331.96,67.73,100.42,1,1,0.82781
49,19,605.89,332.31,67.52,55.43,1,1,0.76641
49,20,581.68,362.01,72.63,73.82,1,1,0.74711
49,21,570.27,302.8,67.37,63.47,1,1,0.68846
50,0,855.36,756.4,109.8,153.01,1,1,0.89641
50,1,739.68,421.11,113.15,97.86,1,1,0.8905
50,2,964.57,465.57,79.14,119.56,1,1,0.8938
50,3,655.36,208.04,79.36,96.42,1,1,0.88543
50,4,438.76,216.61,72.35,118.84,1,1,0.87389
50,5,925.99,324.27,83.6,121.58,1,1,0.89149
50,6,648.78,527.81,101.35,138.42,1,1,0.89482
50,7,1230.14,718.59,94.45,144.59,1,1,0.88959
50,8,812.61,278.27,82.66,94.63,1,1,0.87871
50,9,671.54,343.59,103.61,85.64,1,1,0.8635
50,10,638.01,288.31,85.64,73.29,1,1,0.82342
50,11,998.44,156.42,49.06,123.76,1,1,0.87302
50,12,158.64,344.19,62.14,127.27,1,1,0.86387
50,13,1578.79,434.1,58.34,139.66,1,1,0.85284
50,14,550.43,283.49,73.35,67.98,1,1,0.81889
50,15,743.38,140.67,75.55,100.88,1,1,0.86969
50,16,588.12,382.09,70.22,116.33,1,1,0.85116
50,17,513.44,247.12,69.51,106.34,1,1,0.86605
50,18,536.55,331.59,63.74,102.61,1,1,0.84549
50,19,605.2,333.83,68.22,56.16,1,1,0.75828
50,20,581.84,359.66,71.43,84.41,1,1,0.69915
50,21,577.78,302.0,60.67,72.07,1,1,0.76218
51,0,853.95,760.62,114.38,149.22,1,1,0.89869
51,1,733.1,416.43,109.5,103.87,1,1,0.89062
51,2,965.05,467.25,84.37,122.45,1,1,0.88994
51,3,655.5,206.86,75.04,102.23,1,1,0.87067
51,4,441.46,216.69,72.75,119.95,1,1,0.874
51,5,919.56,326.45,90.37,119.82,1,1,0.8935
51,6,655.78,530.95,97.17,130.47,1,1,0.88111
51,7,1230.49,716.39,100.48,147.46,1,1,0.88853
51,8,805.12,279.31,88.45,99.04,1,1,0.8823
51,9,662.91,341.33,95.0,85.33,1,1,0.82431
51,10,631.33,286.93,77.5,69.17,1,1,0.80932
51,11,997.37,156.75,49.26,123.88,1,1,0.8714
51,12,155.28,351.14,72.24,119.51,1,1,0.8635
51,13,1582.56,428.8,58.17,140.84,1,1,0.8516
51,14,555.53,285.81,75.3,62.52,1,1,0.80764
51,15,744.04,139.71,77.27,101.2,1,1,0.86575
51,16,588.94,380.26,66.09,119.18,1,1,0.8372
51,17,514.75,240.91,72.04,111.18,1,1,0.86909
51,18,534.06,329.31,61.27,104.99,1,1,0.84462
51,19,602.57,336.04,69.8,57.58,1,1,0.69191
51,21,580.31,304.92,59.56,78.76,1,1,0.77036
52,0,853.36,762.12,115.99,147.8,1,1,0.89845
52,1,730.66,414.6,108.16,106.14,1,1,0.8906
52,2,965.17,467.78,86.33,123.53,1,1,0.88989
52,3,655.51,206.37,73.42,104.38,1,1,0.87061
52,4,442.41,216.66,72.86,120.36,1,1,0.87359
52,5,916.98,327.17,93.03,119.19,1,1,0.89351
52,6,658.4,532.05,95.61,127.5,1,1,0.88086
52,7,1230.52,715.5,102.81,148.53,1,1,0.88846
52,8,802.18,279.61,90.67,100.66,1,1,0.88199
52,9,659.69,340.44,91.76,85.18,1,1,0.82385
52,10,628.75,286.4,74.26,67.69,1,1,0.80921
52,11,996.95,156.84,49.32,123.89,1,1,0.87102
52,12,153.98,353.59,76.0,116.77,1,1,0.86333
52,13,1583.81,426.7,58.12,141.29,1,1,0.8514
52,14,557.25,286.59,76.07,60.65,1,1,0.8074
52,15,744.23,139.3,77.91,101.29,1,1,0.86551
52,16,589.18,379.5,64.58,120.27,1,1,0.83706
52,17,515.15,238.49,73.01,112.96,1,1,0.86897
52,18,533.12,328.35,60.39,105.91,1,1,0.84473
52,19,601.5,336.81,70.4,58.09,1,1,0.69209
52,21,581.08,306.07,59.2,81.41,1,1,0.77061
53,0,853.05,765.18,120.92,145.08,1,1,0.8976
53,1,725.57,411.6,111.57,109.12,1,1,0.88934
53,2,965.97,468.63,87.44,124.01,1,1,0.88943
53,3,650.16,206.38,79.2,107.27,1,1,0.86817
53,4,444.57,217.65,74.2,120.1,1,1,0.87579
53,5,911.89,327.18,98.02,119.5,1,1,0.89072
53,6,660.74,536.22,96.01,124.35,1,1,0.88316
53,7,1233.08,713.89,106.94,148.52,1,1,0.88965
53,8,796.48,281.02,80.38,102.03,1,1,0.85699
53,9,656.16,341.21,84.32,92.7,1,1,0.82415
53,10,628.38,287.65,63.99,66.32,1,1,0.78412
53,11,996.71,157.59,49.06,124.2,1,1,0.87205
53,12,153.55,358.95,77.03,112.14,1,1,0.8663
53,13,1585.56,423.22,57.7,139.26,1,1,0.86143
53,14,562.45,286.07,76.21,64.65,1,1,0.81893
53,15,746.57,139.16,77.55,100.79,1,1,0.85679
53,16,587.94,383.14,65.39,117.55,1,1,0.83969
53,17,513.56,231.86,74.76,116.22,1,1,0.87837
53,18,530.84,330.24,58.62,103.64,1,1,0.8428
53,21,580.16,305.84,62.56,85.04,1,1,0.76143
53,20,591.33,350.61,67.02,75.13,1,1,0.6827
54,0,853.94,766.55,123.26,143.38,1,1,0.89376
54,1,721.59,409.64,112.0,110.05,1,1,0.89024
54,2,966.65,469.11,87.22,123.88,1,1,0.88728
54,3,645.88,207.23,84.28,107.14,1,1,0.87128
54,4,445.55,219.02,76.31,119.21,1,1,0.88047
54,5,907.37,326.71,100.33,119.64,1,1,0.89076
54,6,659.26,538.73,99.47,125.43,1,1,0.89169
54,7,1239.79,711.82,107.23,149.5,1,1,0.88556
54,8,792.3,283.82,74.88,100.59,1,1,0.85958
54,9,656.78,341.34,78.18,95.31,1,1,0.82312
54,10,627.95,288.41,58.57,66.15,1,1,0.76809
54,11,996.13,158.67,49.11,123.85,1,1,0.86913
54,12,153.82,361.82,78.81,109.08,1,1,0.86981
54,13,1586.75,419.83,58.38,138.51,1,1,0.86715
54,14,564.43,285.43,75.95,70.94,1,1,0.81308
54,15,749.18,138.72,76.97,100.6,1,1,0.85357
54,16,587.64,384.06,65.69,116.15,1,1,0.83698
54,17,511.87,227.76,77.69,115.88,1,1,0.88117
54,18,529.17,330.36,55.66,103.32,1,1,0.85261
54,21,579.28,306.6,64.07,88.13,1,1,0.79128
55,0,853.96,767.03,124.3,142.74,1,1,0.89369
55,1,720.05,408.94,112.06,110.43,1,1,0.89004
55,2,966.76,469.26,86.71,123.89,1,1,0.88642
55,3,643.92,207.62,86.12,106.99,1,1,0.87035
55,4,445.72,219.69,77.04,118.69,1,1,0.87963
55,5,905.45,326.54,100.97,119.7,1,1,0.89002
55,6,658.47,539.58,100.99,125.86,1,1,0.89018
55,7,1242.08,711.0,107.3,149.91,1,1,0.88539
55,8,790.69,285.01,72.81,99.87,1,1,0.8593
55,9,656.99,341.46,76.15,96.26,1,1,0.82226
55,10,627.79,288.77,56.89,66.07,1,1,0.76819
55,11,995.73,159.2,49.34,123.6,1,1,0.86837
55,12,153.67,362.72,79.37,108.08,1,1,0.86914
55,13,1587.02,418.57,58.68,138.33,1,1,0.86675
55,14,564.98,285.08,75.94,73.36,1,1,0.81341
55,15,750.0,138.43,76.73,100.58,1,1,0.85308
55,16,587.84,384.48,65.46,115.54,1,1,0.83757
55,17,511.1,226.2,78.74,115.6,1,1,0.88041
55,18,528.56,330.42,54.53,103.18,1,1,0.85252
55,21,578.77,306.91,64.64,89.25,1,1,0.79023
56,0,856.98,766.85,125.74,142.67,1,1,0.89226
56,1,716.11,410.89,110.42,107.45,1,1,0.89244
56,2,967.23,469.46,86.0,124.11,1,1,0.88797
56,3,643.91,208.1,84.78,107.82,1,1,0.87561
56,4,445.11,221.04,80.19,117.44,1,1,0.88768
56,5,902.48,325.94,100.31,119.34,1,1,0.89038
56,6,658.4,540.85,103.06,125.46,1,1,0.88991
56,7,1250.64,709.24,102.1,150.97,1,1,0.88335
56,8,785.21,287.33,71.42,98.86,1,1,0.86823
56,9,657.81,342.13,68.99,96.1,1,1,0.83974
56,10,626.76,286.97,55.18,76.01,1,1,0.76523
56,11,995.37,160.1,49.34,123.61,1,1,0.86979
56,12,155.5,363.17,78.59,107.73,1,1,0.87325
56,13,1587.48,416.15,59.06,139.31,1,1,0.86699
56,14,567.44,286.46,71.08,78.49,1,1,0.77621
56,15,752.62,137.61,75.38,100.71,1,1,0.84923
56,16,589.23,386.23,66.1,116.07,1,1,0.85589
56,17,511.68,225.17,80.77,114.23,1,1,0.88162
56,18,526.68,331.54,54.44,107.01,1,1,0.86266
56,21,582.61,307.33,61.87,88.17,1,1,0.7324
56,20,595.1,358.5,58.91,75.29,1,1,0.69777
57,0,870.04,764.92,120.73,140.77,1,1,0.8794
57,1,707.91,414.99,101.45,104.42,1,1,0.86788
57,2,971.1,469.19,82.52,124.71,1,1,0.87924
57,3,647.01,209.27,82.35,110.99,1,1,0.87476
57,4,445.08,222.33,86.2,116.09,1,1,0.88942
57,5,895.12,325.28,91.29,113.0,1,1,0.87711
57,6,661.51,539.89,105.64,127.32,1,1,0.88788
57,7,1279.06,705.99,85.21,152.2,1,1,0.86056
57,8,780.81,290.31,67.37,105.82,1,1,0.85363
57,9,658.93,340.15,61.83,100.03,1,1,0.81629
57,10,625.97,285.92,55.24,74.6,1,1,0.71483
57,11,994.97,162.94,49.07,123.68,1,1,0.86464
57,12,168.34,362.18,72.62,109.71,1,1,0.85927
57,13,1592.03,412.31,60.3,135.47,1,1,0.85368
57,14,573.4,288.21,63.66,96.96,1,1,0.80702
57,15,760.73,137.15,70.06,99.72,1,1,0.83749
57,16,588.81,390.03,69.15,120.64,1,1,0.84897
57,17,512.03,222.9,86.92,114.45,1,1,0.88677
57,18,520.09,331.52,58.97,110.39,1,1,0.86568
57,20,591.7,361.18,61.5,98.79,1,1,0.696
58,0,875.03,763.93,118.74,140.27,1,1,0.88041
58,1,704.77,416.5,98.06,103.29,1,1,0.86851
58,2,972.39,468.99,81.18,124.99,1,1,0.87972
58,3,648.08,209.6,81.36,112.25,1,1,0.87551
58,4,444.85,222.69,88.59,115.6,1,1,0.88972
58,5,892.12,324.89,87.6,110.63,1,1,0.87779
58,6,662.5,539.39,106.66,128.11,1,1,0.88785
58,7,1289.94,704.46,78.54,152.85,1,1,0.86136
58,8,779.25,291.26,65.79,108.42,1,1,0.85437
58,9,659.18,339.29,59.64,101.52,1,1,0.81648
58,10,625.59,285.46,55.32,73.97,1,1,0.71582
58,11,994.64,163.9,49.02,123.73,1,1,0.86531
58,12,173.37,361.66,70.12,110.51,1,1,0.85959
58,13,1593.4,410.78,60.88,133.96,1,1,0.85463
58,14,575.28,288.8,60.96,103.99,1,1,0.80717
58,15,763.65,136.88,68.08,99.57,1,1,0.83733
58,16,588.5,391.36,70.31,122.37,1,1,0.84953
58,17,512.03,221.93,89.23,114.55,1,1,0.88709
58,18,517.52,331.37,60.67,111.82,1,1,0.8662
58,20,590.64,361.93,62.18,106.22,1,1,0.69457
59,0,882.81,761.55,115.37,141.27,1,1,0.87868
59,1,700.06,417.83,91.27,104.72,1,1,0.86812
59,2,976.61,468.66,77.51,125.26,1,1,0.8767
59,3,645.05,211.32,83.92,111.22,1,1,0.86044
59,4,445.82,222.56,92.18,115.01,1,1,0.89289
59,5,887.44,324.87,82.79,107.94,1,1,0.87435
59,6,665.93,537.66,107.57,129.44,1,1,0.89106
59,7,1301.17,702.86,75.1,154.18,1,1,0.86325
59,8,777.21,292.64,60.07,113.46,1,1,0.82992
59,9,659.05,335.59,59.46,109.44,1,1,0.81538
59,10,623.9,285.21,53.1,67.28,1,1,0.7256
59,11,994.56,165.16,49.22,124.28,1,1,0.86673
59,12,181.76,362.6,64.3,110.38,1,1,0.85685
59,13,1596.3,409.3,61.43,130.54,1,1,0.86033
59,14,575.74,290.51,58.18,94.03,1,1,0.78511
59,15,767.45,136.82,66.52,98.6,1,1,0.84514
59,16,589.31,393.42,72.55,122.9,1,1,0.8322
59,17,512.81,220.96,95.02,112.73,1,1,0.88068
59,18,513.99,332.35,65.31,111.13,1,1,0.85861
59,20,589.79,363.66,63.43,109.74,1,1,0.64101
59,21,595.99,319.0,58.59,68.99,1,1,0.68306
60,0,899.74,759.01,103.21,141.38,1,1,0.87152
60,1,691.55,419.04,86.04,110.14,1,1,0.85894
60,2,981.65,468.66,74.47,125.14,1,1,0.87883
60,3,640.9,213.13,83.38,109.83,1,1,0.86264
60,4,447.01,221.73,96.37,115.66,1,1,0.89719
60,5,879.63,324.45,85.95,110.63,1,1,0.88336
60,6,685.76,535.95,92.84,128.41,1,1,0.83297
60,7,1308.19,702.03,76.74,153.98,1,1,0.87081
60,8,773.3,294.52,56.97,117.18,1,1,0.84305
60,9,657.72,332.63,60.79,113.11,1,1,0.82315
60,10,623.14,286.27,50.45,63.89,1,1,0.74282
60,11,994.32,166.86,49.22,123.48,1,1,0.86629
60,12,184.98,363.94,64.24,109.52,1,1,0.86219
60,13,1595.83,407.91,65.19,128.19,1,1,0.86706
60,14,566.07,289.86,69.47,96.16,1,1,0.8016
60,15,770.06,137.17,66.35,97.38,1,1,0.84432
60,16,585.19,398.43,77.75,121.35,1,1,0.81106
60,17,515.04,219.97,99.38,109.97,1,1,0.87665
60,18,508.64,334.09,71.63,108.85,1,1,0.87316
60,20,593.33,363.9,63.05,87.61,1,1,0.75462
60,21,595.52,322.89,60.48,69.71,1,1,0.72229
61,0,913.44,755.33,101.28,143.62,1,1,0.88521
61,1,677.47,420.51,82.28,120.08,1,1,0.86751
61,2,987.57,468.79,75.15,125.18,1,1,0.88304
61,3,636.21,216.03,86.21,107.36,1,1,0.87152
61,4,453.94,219.98,98.86,114.95,1,1,0.89436
61,5,869.69,324.98,91.77,111.34,1,1,0.88963
61,6,704.53,533.2,86.91,130.34,1,1,0.88123
61,7,1318.37,700.15,80.72,156.04,1,1,0.88587
61,8,766.57,299.08,56.97,115.02,1,1,0.86356
61,9,656.86,330.8,68.93,116.71,1,1,0.83217
61,10,621.18,288.56,49.31,61.52,1,1,0.76549
61,11,994.08,168.51,48.47,122.31,1,1,0.8649
61,12,185.98,364.32,72.76,108.95,1,1,0.87533
61,13,1595.06,404.51,72.06,129.28,1,1,0.87813
61,14,558.39,290.13,77.7,108.75,1,1,0.85305
61,15,772.1,140.3,68.11,93.16,1,1,0.8575
61,16,582.74,406.84,81.21,116.88,1,1,0.83707
61,17,529.34,218.83,96.6,101.28,1,1,0.85018
61,18,498.3,337.13,68.21,107.64,1,1,0.8624
61,20,594.23,367.97,64.01,81.03,1,1,0.73384
61,21,596.4,328.48,61.95,75.09,1,1,0.65033
62,0,917.77,753.87,100.78,144.52,1,1,0.8852
62,1,672.61,420.98,80.99,123.86,1,1,0.8674
62,2,989.51,468.75,75.5,125.17,1,1,0.88325
62,3,634.27,216.99,87.29,106.4,1,1,0.8716
62,4,456.52,219.25,99.67,114.59,1,1,0.89431
62,5,865.71,325.1,94.11,111.71,1,1,0.88977
62,6,710.38,532.04,85.1,131.29,1,1,0.88097
62,7,1322.12,699.4,81.83,156.4,1,1,0.88554
62,8,764.14,300.78,57.04,114.0,1,1,0.86355
62,9,656.39,329.99,71.93,118.12,1,1,0.83228
62,10,620.38,289.29,48.98,60.64,1,1,0.76537
62,11,993.8,169.09,48.18,121.97,1,1,0.86475
62,12,186.39,364.32,75.76,108.83,1,1,0.87509
62,13,1594.38,403.19,74.55,129.72,1,1,0.8774
62,14,555.06,290.12,81.02,113.48,1,1,0.85274
62,15,772.65,141.38,68.74,91.53,1,1,0.85685
62,16,581.55,409.85,82.6,115.15,1,1,0.83625
62,17,534.92,218.39,95.26,97.94,1,1,0.85029
62,18,494.02,338.14,66.71,107.05,1,1,0.86244
62,20,594.38,369.19,64.36,78.86,1,1,0.73442
62,21,596.53,330.31,62.54,76.89,1,1,0.6509
63,0,925.16,750.56,108.91,146.14,1,1,0.8854
63,1,666.95,422.85,83.99,124.0,1,1,0.87025
63,2,991.37,470.12,79.83,124.46,1,1,0.88414
63,3,634.49,217.72,86.74,105.76,1,1,0.87982
63,4,472.25,219.31,94.44,113.59,1,1,0.88857
63,5,859.1,325.52,80.04,114.47,1,1,0.87179
63,6,713.57,532.95,95.2,130.51,1,1,0.89667
63,7,1342.36,697.72,75.17,154.63,1,1,0.87206
63,8,756.63,304.68,61.08,110.94,1,1,0.85574
63,9,657.45,331.86,79.19,119.12,1,1,0.8675
63,10,622.81,294.65,48.84,56.16,1,1,0.72114
63,11,993.34,169.4,46.95,122.33,1,1,0.86723
63,12,191.46,364.88,81.09,111.14,1,1,0.8798
63,13,1597.79,399.7,76.29,130.64,1,1,0.88219
63,14,551.57,292.26,83.9,119.67,1,1,0.87572
63,15,774.42,142.96,72.36,90.53,1,1,0.86185
63,16,582.56,413.72,81.21,116.3,1,1,0.85201
63,17,550.96,218.38,86.37,96.52,1,1,0.85496
63,18,484.79,340.07,67.14,105.47,1,1,0.86784
63,20,597.59,373.11,62.74,81.13,1,1,0.69983
63,21,574.19,345.92,81.36,91.0,1,1,0.73848
64,0,931.23,747.25,114.73,146.98,1,1,0.88171
64,1,663.13,423.89,86.19,124.21,1,1,0.87199
64,2,992.53,471.19,82.65,125.51,1,1,0.88178
64,3,631.75,217.34,89.59,105.52,1,1,0.88214
64,4,489.39,220.34,84.67,113.31,1,1,0.88244
64,5,853.58,326.61,74.22,115.1,1,1,0.8666
64,6,717.57,533.31,101.99,130.14,1,1,0.89113
64,7,1359.22,697.37,69.71,154.31,1,1,0.87074
64,8,750.3,307.22,66.19,112.21,1,1,0.85714
64,9,657.97,335.28,83.27,117.32,1,1,0.86856
64,10,625.22,299.39,49.08,55.72,1,1,0.72152
64,11,992.58,169.34,46.56,122.82,1,1,0.86815
64,12,199.58,365.52,84.42,113.91,1,1,0.87478
64,13,1605.57,397.31,73.36,131.11,1,1,0.87592
64,14,546.91,293.48,88.47,122.23,1,1,0.88114
64,15,774.44,143.6,76.02,91.15,1,1,0.86398
64,16,583.7,415.58,77.41,120.29,1,1,0.84853
64,17,562.39,219.27,78.57,94.36,1,1,0.84292
64,18,478.03,341.74,69.48,104.03,1,1,0.84795
64,20,598.9,376.36,61.0,78.49,1,1,0.6956
64,21,560.78,355.1,91.9,97.97,1,1,0.8236
65,0,933.12,745.89,117.03,147.4,1,1,0.88217
65,1,661.62,424.14,87.17,124.29,1,1,0.8714
65,2,992.71,471.42,83.62,125.83,1,1,0.88111
65,3,630.66,217.07,90.54,105.39,1,1,0.88134
65,4,495.64,220.6,80.81,113.25,1,1,0.88267
65,5,851.67,326.96,72.24,115.51,1,1,0.86618
65,6,718.71,533.21,104.79,130.16,1,1,0.8907
65,7,1364.64,697.25,67.66,154.06,1,1,0.87045
65,8,747.81,307.93,68.19,112.74,1,1,0.8559
65,9,657.98,336.59,84.94,116.49,1,1,0.86834
65,10,626.01,300.88,49.37,55.6,1,1,0.72168
65,11,992.17,169.1,46.41,123.03,1,1,0.868
65,12,202.63,365.58,85.66,114.87,1,1,0.87437
65,13,1608.34,396.37,72.33,131.48,1,1,0.87633
65,14,544.96,293.76,90.21,123.18,1,1,0.88105
65,15,774.25,143.7,77.47,91.56,1,1,0.86447
65,16,584.07,416.07,75.93,121.84,1,1,0.84989
65,17,566.22,219.53,75.79,93.62,1,1,0.84254
65,18,475.42,342.16,70.34,103.5,1,1,0.84752
65,20,599.17,377.39,60.39,77.43,1,1,0.69485
65,21,554.75,358.66,96.44,100.75,1,1,0.82359
66,0,939.99,744.11,116.89,143.29,1,1,0.88396
66,1,657.66,425.86,91.7,122.87,1,1,0.87646
66,2,992.83,471.91,85.24,128.14,1,1,0.87999
66,3,629.61,216.88,91.21,104.88,1,1,0.88151
66,4,501.73,223.37,80.48,111.4,1,1,0.87637
66,5,846.19,327.37,69.48,115.17,1,1,0.86843
66,6,726.37,532.82,104.95,130.12,1,1,0.88356
66,7,1371.53,697.3,68.52,152.69,1,1,0.8703
66,8,738.68,310.05,78.01,112.01,1,1,0.86654
66,9,658.51,340.53,85.85,114.84,1,1,0.88143
66,10,627.02,305.03,52.43,51.29,1,1,0.73316
66,11,991.57,169.35,46.58,122.67,1,1,0.86833
66,12,221.23,366.54,76.05,115.06,1,1,0.84222
66,13,1620.51,395.98,65.17,129.81,1,1,0.87221
66,14,543.31,296.09,91.8,121.41,1,1,0.88505
66,15,774.71,144.07,80.54,92.27,1,1,0.84989
66,16,587.84,418.28,70.95,122.3,1,1,0.83819
66,17,570.77,218.99,72.53,86.26,1,1,0.83389
66,18,470.26,342.8,72.02,103.09,1,1,0.86182
66,20,599.87,379.26,60.36,72.15,1,1,0.71424
66,21,553.31,355.1,95.23,107.32,1,1,0.82634
67,0,949.67,742.15,115.1,143.24,1,1,0.8846
67,1,655.46,427.37,95.32,121.89,1,1,0.87984
67,2,993.43,472.33,85.37,130.37,1,1,0.87667
67,3,628.01,215.3,92.72,105.38,1,1,0.88907
67,4,503.96,226.54,83.1,108.72,1,1,0.86552
67,5,838.66,328.54,66.71,114.28,1,1,0.8709
67,6,739.15,532.06,99.76,133.99,1,1,0.87531
67,7,1374.87,695.99,75.39,153.16,1,1,0.88601
67,8,729.63,312.0,87.63,114.2,1,1,0.872
67,9,658.59,344.79,85.16,113.39,1,1,0.87511
67,10,628.19,309.6,56.1,49.74,1,1,0.76743
67,11,990.16,169.56,47.83,122.31,1,1,0.86934
67,12,237.69,367.86,65.65,114.76,1,1,0.8607
67,13,1629.34,395.89,60.87,127.06,1,1,0.87457
67,14,542.23,298.9,93.87,118.4,1,1,0.89065
67,15,776.49,144.87,82.96,92.45,1,1,0.85012
67,16,589.67,420.69,66.63,124.78,1,1,0.84406
67,17,578.37,217.91,65.69,81.86,1,1,0.83249
67,18,464.21,343.62,74.81,103.91,1,1,0.86317
67,20,600.65,380.65,60.52,67.59,1,1,0.68607
67,21,553.23,354.93,92.24,113.76,1,1,0.83456
68,0,962.53,740.68,110.76,145.08,1,1,0.88269
68,1,652.23,430.13,100.16,121.08,1,1,0.88381
68,2,995.78,472.55,82.85,132.18,1,1,0.87325
68,3,626.89,213.37,91.68,106.59,1,1,0.88744
68,4,505.78,229.16,86.74,106.33,1,1,0.86859
68,5,830.07,328.62,67.15,114.01,1,1,0.87899
68,6,766.07,530.6,79.51,137.98,1,1,0.87615
68,7,1376.13,694.66,87.55,153.39,1,1,0.89309
68,8,722.72,315.19,91.52,116.82,1,1,0.86493
68,9,657.93,349.43,84.06,110.9,1,1,0.87234
68,10,626.3,313.21,59.98,50.16,1,1,0.78284
68,11,988.84,169.96,49.09,122.1,1,1,0.87318
68,12,245.38,369.23,62.28,113.37,1,1,0.86215
68,13,1635.13,395.15,59.84,121.62,1,1,0.87081
68,14,541.63,300.4,95.8,116.23,1,1,0.88847
68,15,783.42,146.16,79.67,91.31,1,1,0.85139
68,16,588.41,421.32,65.61,126.26,1,1,0.83078
68,17,585.02,216.88,59.04,83.15,1,1,0.82376
68,18,459.33,345.36,75.97,109.18,1,1,0.82731
68,21,551.56,354.02,92.02,125.59,1,1,0.84811
69,0,990.26,737.55,98.85,150.29,1,1,0.87674
69,1,648.61,433.98,104.61,126.46,1,1,0.88757
69,2,999.55,472.75,77.03,134.18,1,1,0.87681
69,3,626.02,208.2,89.58,111.45,1,1,0.88008
69,4,513.52,229.94,90.35,105.17,1,1,0.86934
69,5,818.65,328.59,70.25,114.59,1,1,0.88134
69,6,787.48,527.68,72.23,140.31,1,1,0.87098
69,7,1379.44,693.7,112.11,154.17,1,1,0.90232
69,8,715.72,321.44,87.82,114.81,1,1,0.87632
69,9,656.25,353.68,83.94,118.01,1,1,0.87553
69,10,627.31,320.72,59.49,49.69,1,1,0.79462
69,11,987.49,171.94,49.28,119.58,1,1,0.87011
69,12,249.86,371.19,69.84,115.89,1,1,0.85979
69,13,1642.15,393.13,61.43,117.6,1,1,0.87663
69,14,538.97,305.72,100.18,112.18,1,1,0.89316
69,15,790.84,148.51,73.96,90.55,1,1,0.85962
69,16,585.72,420.68,63.59,128.47,1,1,0.81287
69,17,592.64,216.43,50.95,87.69,1,1,0.79533
69,18,449.03,351.45,75.92,119.14,1,1,0.88354
69,21,549.31,355.48,92.67,128.68,1,1,0.86025
69,20,615.66,382.87,55.5,52.79,1,1,0.64462
70,0,1000.05,736.19,94.58,152.33,1,1,0.87707
70,1,647.45,435.21,106.32,128.45,1,1,0.88772
70,2,1000.96,472.64,74.82,134.93,1,1,0.87681
70,3,625.86,206.07,88.76,113.29,1,1,0.88021
70,4,516.54,229.91,91.72,104.86,1,1,0.86978
70,5,814.75,328.4,71.38,114.81,1,1,0.88131
70,6,793.96,526.39,70.03,141.19,1,1,0.87081
70,7,1380.83,693.19,121.91,154.35,1,1,0.90189
70,8,713.26,323.6,86.16,113.99,1,1,0.87633
70,9,655.73,355.04,83.89,120.6,1,1,0.87565
70,10,627.83,323.2,59.28,49.58,1,1,0.79477
70,11,987.09,172.49,49.34,118.65,1,1,0.8701
70,12,251.56,371.69,72.4,116.84,1,1,0.85991
70,13,1644.61,392.29,62.01,116.25,1,1,0.87683
70,14,538.07,307.53,101.84,110.57,1,1,0.89321
70,15,793.66,149.19,71.74,90.29,1,1,0.85942
70,16,584.83,420.2,62.89,129.29,1,1,0.81282
70,17,594.9,216.11,48.45,89.39,1,1,0.79548
70,18,445.31,353.59,75.86,122.9,1,1,0.88343
70,21,548.61,355.76,92.85,129.75,1,1,0.86024
70,20,619.07,382.93,54.4,49.85,1,1,0.64422
71,0,1005.3,732.3,104.08,155.14,1,1,0.88281
71,1,643.17,438.79,104.54,130.52,1,1,0.88394
71,2,1005.72,473.85,70.83,134.54,1,1,0.87551
71,3,624.64,202.55,90.19,116.92,1,1,0.88731
71,4,531.71,227.36,90.3,107.79,1,1,0.83516
71,5,804.83,329.04,72.51,113.05,1,1,0.87443
71,6,806.99,520.14,69.78,139.79,1,1,0.82788
71,7,1396.64,691.78,116.19,156.71,1,1,0.899
71,8,704.93,328.48,85.54,114.23,1,1,0.86871
71,9,654.4,355.82,86.37,127.4,1,1,0.87272
71,10,630.0,327.49,58.36,50.82,1,1,0.77845
71,11,985.47,176.97,53.43,116.89,1,1,0.87205
71,12,266.13,374.72,68.67,119.06,1,1,0.83705
71,13,1650.1,392.54,65.33,113.12,1,1,0.88195
71,14,538.23,311.88,103.93,109.16,1,1,0.89139
71,15,795.61,150.86,68.74,93.13,1,1,0.85189
71,16,581.54,420.94,59.86,128.95,1,1,0.80982
71,18,435.06,360.13,78.96,120.98,1,1,0.88691
71,21,546.97,357.98,95.07,128.79,1,1,0.85341
71,20,620.72,389.41,53.77,49.91,1,1,0.69745
72,0,1013.69,728.17,108.44,156.45,1,1,0.88002
72,1,638.56,443.18,102.34,129.0,1,1,0.87996
72,2,1009.59,475.76,68.71,132.83,1,1,0.87867
72,3,625.37,199.95,90.19,119.0,1,1,0.88439
72,4,551.75,220.86,79.66,107.56,1,1,0.74909
72,5,796.15,330.22,73.89,112.53,1,1,0.86912
72,6,814.72,515.57,71.2,138.12,1,1,0.85418
72,7,1415.1,689.92,102.88,159.05,1,1,0.89737
72,8,701.0,331.19,80.48,117.95,1,1,0.86409
72,9,654.34,358.13,87.94,128.35,1,1,0.87323
72,10,631.64,330.04,57.38,52.16,1,1,0.76773
72,11,985.35,181.78,56.09,114.32,1,1,0.87372
72,12,286.14,377.03,61.5,119.14,1,1,0.85285
72,13,1654.2,393.13,68.17,110.95,1,1,0.88076
72,14,538.72,315.93,104.04,108.9,1,1,0.89146
72,15,796.21,152.12,66.36,97.96,1,1,0.85564
72,16,576.55,421.41,57.18,130.54,1,1,0.81589
72,18,425.86,363.34,84.23,119.48,1,1,0.89208
72,21,545.86,362.14,95.74,122.46,1,1,0.84784
72,20,621.0,393.62,55.37,55.91,1,1,0.73501
72,17,568.1,205.03,68.31,108.95,1,1,0.66878
73,0,1016.83,726.39,109.8,156.75,1,1,0.87904
73,1,636.97,444.47,101.51,128.45,1,1,0.88006
73,2,1010.91,476.21,67.97,132.12,1,1,0.87835
73,3,625.72,198.65,90.13,119.68,1,1,0.88416
73,4,559.06,218.21,75.54,107.44,1,1,0.74891
73,5,793.15,330.39,74.38,112.33,1,1,0.86902
73,6,817.15,513.63,71.69,137.45,1,1,0.85407
73,7,1421.96,689.01,97.44,159.83,1,1,0.89764
73,8,699.82,331.85,78.43,119.36,1,1,0.8642
73,9,654.35,358.73,88.54,128.61,1,1,0.87324
73,10,632.25,330.62,57.01,52.73,1,1,0.76738
73,11,985.37,183.24,57.11,113.41,1,1,0.87381
73,12,293.24,377.6,58.77,119.17,1,1,0.85281
73,13,1655.65,393.15,69.25,110.21,1,1,0.88084
73,14,538.95,317.11,104.01,108.82,1,1,0.89165
73,15,796.37,152.32,65.52,99.78,1,1,0.85569
73,16,574.84,421.27,56.18,131.11,1,1,0.81517
73,18,422.42,364.2,86.26,118.8,1,1,0.89128
73,21,545.58,363.35,95.87,120.11,1,1,0.84732
73,20,621.08,394.82,55.96,58.01,1,1,0.73443
73,17,562.86,202.29,72.77,113.32,1,1,0.67058
74,0,1022.27,724.64,109.8,153.61,1,1,0.88515
74,1,631.94,445.31,104.21,128.92,1,1,0.88445
74,2,1012.43,477.76,68.11,131.78,1,1,0.88085
74,3,626.49,196.56,89.41,120.74,1,1,0.88202
74,4,568.15,221.19,69.29,114.63,1,1,0.71702
74,5,789.63,332.36,71.08,111.64,1,1,0.86614
74,6,828.44,511.22,65.87,137.99,1,1,0.858
74,7,1438.64,688.5,84.83,160.29,1,1,0.89036
74,8,699.4,335.12,73.92,119.23,1,1,0.86585
74,9,653.42,358.49,88.9,129.83,1,1,0.87367
74,10,628.89,336.16,57.85,48.85,1,1,0.73819
74,11,985.71,187.11,57.5,111.3,1,1,0.8706
74,12,299.3,380.36,55.69,117.34,1,1,0.85519
74,13,1658.85,394.37,68.57,108.71,1,1,0.8829
74,14,541.16,319.89,101.47,109.42,1,1,0.89117
74,15,796.72,153.31,64.87,103.17,1,1,0.85413
74,16,572.98,426.38,59.71,129.66,1,1,0.81832
74,18,413.82,366.55,93.89,119.1,1,1,0.89756
74,21,545.24,365.17,95.46,118.57,1,1,0.82709
74,20,621.82,398.23,56.88,61.52,1,1,0.76502
74,17,564.54,200.44,70.65,117.61,1,1,0.8025
75,0,1027.68,722.03,111.39,150.28,1,1,0.88548
75,1,627.63,450.16,105.63,128.53,1,1,0.88001
75,2,1012.25,480.26,71.1,131.62,1,1,0.87832
75,3,628.4,196.94,87.29,117.63,1,1,0.86576
75,4,575.07,226.37,66.26,112.78,1,1,0.78787
75,5,780.41,333.52,69.11,114.6,1,1,0.85871
75,6,834.45,508.78,63.13,138.61,1,1,0.86594
75,7,1457.75,685.91,71.06,162.32,1,1,0.8872
75,8,699.71,338.39,71.92,121.28,1,1,0.85271
75,9,652.41,358.17,88.49,130.36,1,1,0.8716
75,10,628.37,341.63,59.68,47.99,1,1,0.73316
75,11,985.66,193.04,56.78,107.47,1,1,0.8611
75,12,304.07,383.34,57.42,114.68,1,1,0.85703
75,13,1662.49,396.19,70.69,107.51,1,1,0.88433
75,14,545.35,322.87,97.21,108.19,1,1,0.87557
75,15,798.6,154.72,64.52,104.97,1,1,0.83771
75,16,569.0,428.66,61.96,133.38,1,1,0.83964
75,18,402.16,368.55,102.52,123.48,1,1,0.90093
75,21,543.47,366.79,95.73,120.53,1,1,0.83697
75,20,622.47,403.12,56.38,62.93,1,1,0.75279
75,17,564.11,199.16,68.6,119.22,1,1,0.84144
76,0,1043.23,719.92,103.63,147.86,1,1,0.86391
76,1,621.74,453.73,107.04,131.57,1,1,0.88177
76,2,1010.76,483.63,80.2,132.59,1,1,0.88404
76,3,629.79,198.86,84.0,116.96,1,1,0.83659
76,4,578.94,235.61,71.26,104.6,1,1,0.80192
76,5,773.63,334.23,65.08,117.04,1,1,0.85261
76,6,842.69,505.65,61.89,141.21,1,1,0.85693
76,7,1472.67,682.78,64.2,163.95,1,1,0.88458
76,8,698.04,341.69,70.74,125.35,1,1,0.85159
76,9,651.29,359.25,86.75,129.2,1,1,0.87657
76,10,628.66,345.8,60.57,47.11,1,1,0.71999
76,11,983.78,195.56,56.27,106.67,1,1,0.85697
76,12,304.2,387.29,67.6,113.06,1,1,0.86327
76,13,1664.74,397.75,75.51,106.17,1,1,0.88273
76,14,555.02,327.77,85.96,97.66,1,1,0.82683
76,15,802.34,156.13,61.76,104.95,1,1,0.84151
76,16,560.41,430.39,65.3,138.65,1,1,0.83647
76,18,390.34,370.14,108.78,126.65,1,1,0.89596
76,21,558.2,363.33,82.8,93.83,1,1,0.73246
76,20,621.58,405.93,57.71,74.6,1,1,0.7988
76,17,563.17,197.79,70.68,121.38,1,1,0.8634
77,0,1068.83,717.93,86.06,148.89,1,1,0.86278
77,1,617.39,453.1,104.53,139.03,1,1,0.87427
77,2,1010.5,487.52,85.88,136.5,1,1,0.88345
77,3,623.61,194.59,88.76,124.08,1,1,0.8606
77,4,582.71,238.35,81.33,101.97,1,1,0.80678
77,5,767.13,334.98,60.84,118.64,1,1,0.85472
77,6,848.71,500.48,61.37,144.33,1,1,0.83986
77,7,1483.95,680.57,61.78,163.96,1,1,0.87721
77,8,695.32,345.25,69.99,125.38,1,1,0.85747
77,9,648.92,362.38,86.46,126.76,1,1,0.87523
77,10,627.83,348.52,62.79,48.54,1,1,0.73095
77,11,982.34,197.89,58.06,105.95,1,1,0.84651
77,12,310.72,391.65,74.8,111.24,1,1,0.85039
77,13,1667.13,399.69,79.51,103.87,1,1,0.88734
77,14,558.18,330.72,81.5,95.5,1,1,0.82463
77,15,807.17,158.41,59.14,102.92,1,1,0.83345
77,16,555.79,434.74,64.66,138.36,1,1,0.826
77,18,379.76,371.64,109.74,128.58,1,1,0.89042
77,21,555.49,367.68,82.5,88.6,1,1,0.65126
77,20,621.52,410.29,60.76,83.97,1,1,0.78213
77,17,561.53,196.2,73.43,124.15,1,1,0.86494
78,0,1079.63,716.97,89.7,148.84,1,1,0.88641
78,1,607.84,460.48,90.54,137.57,1,1,0.87152
78,2,1009.6,493.86,86.34,134.94,1,1,0.88374
78,3,632.32,215.95,78.36,117.72,1,1,0.74298
78,4,605.98,208.78,66.3,100.84,1,1,0.74896
78,5,756.43,336.84,58.75,119.68,1,1,0.86223
78,6,856.35,491.23,64.58,140.89,1,1,0.84579
78,7,1498.06,679.42,62.89,160.88,1,1,0.87985
78,8,692.57,349.68,67.72,125.93,1,1,0.86617
78,9,647.36,369.2,77.2,129.1,1,1,0.82413
78,10,627.12,353.32,61.33,50.58,1,1,0.70143
78,11,979.1,199.77,61.37,110.39,1,1,0.84438
78,12,327.97,403.78,71.41,107.66,1,1,0.84453
78,13,1670.46,402.28,80.49,99.27,1,1,0.87706
78,14,561.41,334.9,76.48,90.06,1,1,0.80023
78,15,810.72,161.24,58.46,100.13,1,1,0.84951
78,16,540.96,437.35,67.8,137.16,1,1,0.84841
78,18,363.96,374.33,89.55,127.44,1,1,0.84678
78,21,559.69,375.14,73.27,84.88,1,1,0.80795
78,20,623.99,418.5,68.39,115.53,1,1,0.83889
78,17,557.94,195.33,73.61,128.12,1,1,0.86313
79,0,1083.96,716.26,90.78,148.97,1,1,0.88657
79,1,605.51,462.87,85.05,136.91,1,1,0.87181
79,2,1010.18,495.85,86.46,134.28,1,1,0.88391
79,3,637.02,224.2,74.07,114.99,1,1,0.74089
79,4,616.5,197.54,59.48,100.17,1,1,0.74852
79,5,753.83,337.09,58.09,120.07,1,1,0.86255
79,6,859.94,487.32,65.68,139.5,1,1,0.8465
79,7,1503.42,678.62,63.34,159.66,1,1,0.88001
79,8,692.67,350.83,66.9,126.1,1,1,0.86634
79,9,647.82,371.29,73.54,129.93,1,1,0.82443
79,10,627.86,354.59,60.71,51.39,1,1,0.70204
79,11,978.86,199.94,62.63,112.04,1,1,0.84454
79,12,335.78,407.77,69.88,106.39,1,1,0.84482
79,13,1672.73,402.87,80.75,97.65,1,1,0.87743
79,14,563.5,335.91,74.67,87.85,1,1,0.80005
79,15,812.81,161.83,58.24,99.05,1,1,0.8497
79,16,536.5,437.86,68.91,136.65,1,1,0.84821
79,18,359.15,374.87,80.76,126.86,1,1,0.84623
79,21,562.22,377.28,69.8,83.64,1,1,0.80798
79,20,625.89,421.35,71.31,127.99,1,1,0.83927
79,17,557.63,194.61,73.54,129.56,1,1,0.86321
80,0,1086.19,713.57,104.01,150.66,1,1,0.8855
80,1,590.72,467.59,90.47,132.36,1,1,0.87814
80,2,1005.37,499.73,88.95,131.27,1,1,0.88154
80,3,645.05,228.48,68.67,119.46,1,1,0.85209
80,4,619.33,196.36,62.23,107.9,1,1,0.82001
80,5,741.13,340.79,58.3,120.62,1,1,0.86353
80,6,867.57,482.1,65.28,139.4,1,1,0.8624
80,7,1510.73,679.69,65.05,157.11,1,1,0.88071
80,8,687.88,354.26,70.11,121.99,1,1,0.849
80,9,643.36,379.26,81.39,128.41,1,1,0.84409
80,10,626.28,362.26,63.63,47.33,1,1,0.71575
80,11,979.05,201.66,59.99,111.22,1,1,0.85657
80,12,340.79,406.29,76.5,110.64,1,1,0.76035
80,13,1672.02,403.98,83.28,97.4,1,1,0.86723
80,14,564.26,340.66,72.22,91.81,1,1,0.78353
80,15,812.42,162.51,58.05,100.39,1,1,0.8537
80,16,519.67,444.49,80.41,139.91,1,1,0.84379
80,18,338.5,375.27,84.95,130.85,1,1,0.79035
80,21,562.21,378.77,69.22,87.89,1,1,0.82869
80,20,623.59,427.8,74.37,124.54,1,1,0.8685
80,17,551.31,194.15,76.69,129.27,1,1,0.85968
81,0,1088.37,712.41,108.76,151.31,1,1,0.88541
81,1,586.94,469.06,92.32,130.56,1,1,0.87818
81,2,1004.9,500.89,89.85,130.11,1,1,0.88159
81,3,649.12,229.8,66.83,121.09,1,1,0.852
81,4,621.48,195.75,63.11,110.71,1,1,0.82007
81,5,738.08,341.95,58.43,120.81,1,1,0.86356
81,6,871.48,480.05,65.15,139.36,1,1,0.86237
81,7,1514.32,679.95,65.71,156.15,1,1,0.8807
81,8,687.53,355.22,71.28,120.36,1,1,0.84903
81,9,643.1,382.03,84.06,127.77,1,1,0.84417
81,10,627.06,364.82,64.7,45.76,1,1,0.71574
81,11,980.61,202.03,58.88,110.88,1,1,0.85655
81,12,343.99,405.5,78.89,112.2,1,1,0.76135
81,13,1673.04,404.17,84.33,97.4,1,1,0.86706
81,14,565.78,342.08,71.41,93.09,1,1,0.78317
81,15,813.5,162.52,58.01,100.88,1,1,0.85364
81,16,514.76,446.71,84.66,141.11,1,1,0.84372
81,18,332.75,375.16,86.35,132.28,1,1,0.78959
81,21,563.44,379.05,69.09,89.4,1,1,0.82876
81,20,624.07,430.21,75.54,122.69,1,1,0.86853
81,17,550.34,193.83,77.83,129.05,1,1,0.8597
82,0,1093.44,710.46,112.6,147.74,1,1,0.88925
82,1,580.22,470.86,95.87,129.5,1,1,0.87736
82,2,1003.72,503.67,88.53,127.21,1,1,0.88186
82,3,650.66,231.73,70.78,120.53,1,1,0.86587
82,4,619.16,198.78,67.01,105.81,1,1,0.83779
82,5,732.27,344.82,58.91,121.19,1,1,0.85397
82,6,879.25,478.02,61.21,140.9,1,1,0.85412
82,7,1519.68,681.21,67.02,153.18,1,1,0.88021
82,8,685.9,358.51,73.19,119.82,1,1,0.85161
82,9,643.54,387.88,82.12,126.48,1,1,0.86359
82,10,625.47,368.77,65.19,46.82,1,1,0.74614
82,11,981.96,203.03,56.54,111.11,1,1,0.85674
82,12,351.76,415.55,68.23,103.87,1,1,0.81876
82,13,1671.27,404.84,86.49,99.12,1,1,0.87651
82,14,567.68,343.9,69.01,80.36,1,1,0.81635
82,15,812.43,163.54,57.99,101.61,1,1,0.84343
82,16,510.5,452.08,84.51,142.77,1,1,0.84453
82,18,320.03,374.24,66.46,113.63,1,1,0.81293
82,21,559.05,383.09,70.08,92.12,1,1,0.83025
82,20,618.57,434.32,78.55,119.29,1,1,0.87754
82,17,547.33,194.86,75.63,128.29,1,1,0.85431
83,0,1103.79,708.18,112.37,145.31,1,1,0.89027
83,1,570.46,474.02,102.7,128.17,1,1,0.88425
83,2,1004.47,505.68,85.31,125.31,1,1,0.88245
83,3,650.79,231.71,84.48,121.79,1,1,0.87359
83,4,620.48,201.88,68.58,102.12,1,1,0.83417
83,5,725.65,348.43,59.51,123.7,1,1,0.84745
83,6,883.22,473.53,60.66,145.1,1,1,0.85873
83,7,1522.85,681.11,78.01,152.83,1,1,0.89181
83,8,684.16,361.52,75.91,122.96,1,1,0.84688
83,9,643.49,391.93,79.91,127.36,1,1,0.87586
83,10,622.59,372.1,66.59,47.91,1,1,0.74483
83,11,983.09,203.45,56.89,110.74,1,1,0.85955
83,12,358.56,420.81,59.85,103.43,1,1,0.83928
83,13,1668.44,404.97,87.57,100.0,1,1,0.88434
83,14,567.48,345.39,69.54,74.94,1,1,0.82724
83,15,811.29,164.33,59.04,104.36,1,1,0.84779
83,16,505.37,454.5,87.29,144.89,1,1,0.84329
83,18,306.14,372.94,68.34,117.94,1,1,0.83536
83,21,556.33,385.35,70.56,97.24,1,1,0.82738
83,20,612.29,438.79,82.94,116.1,1,1,0.87736
83,17,545.06,195.82,77.84,128.32,1,1,0.8562
84,0,1121.31,705.5,103.38,144.56,1,1,0.8953
84,1,561.42,476.99,106.09,127.51,1,1,0.88327
84,2,1003.68,507.61,82.9,122.4,1,1,0.88265
84,3,652.35,235.3,89.04,115.57,1,1,0.87946
84,4,626.27,205.78,64.56,98.76,1,1,0.8277
84,5,719.93,351.95,60.01,121.86,1,1,0.85679
84,6,884.69,469.08,61.89,148.37,1,1,0.84758
84,7,1524.49,680.78,90.36,152.31,1,1,0.89767
84,8,682.01,365.55,79.09,127.84,1,1,0.84962
84,9,643.05,396.73,77.2,133.72,1,1,0.87141
84,10,621.69,375.39,63.88,52.02,1,1,0.71726
84,11,982.71,203.48,58.16,111.48,1,1,0.86304
84,12,365.23,424.01,56.21,106.35,1,1,0.84172
84,13,1664.69,406.23,86.88,98.64,1,1,0.88391
84,14,567.23,346.27,69.09,71.92,1,1,0.84469
84,15,810.84,166.13,58.65,104.38,1,1,0.85037
84,16,502.75,458.57,82.83,143.55,1,1,0.85124
84,18,293.45,373.58,67.79,123.42,1,1,0.82819
84,21,554.04,388.62,68.15,99.81,1,1,0.84616
84,20,606.02,442.17,86.64,113.34,1,1,0.86371
84,17,543.83,196.65,76.04,128.34,1,1,0.85228
85,0,1141.51,701.47,92.58,147.91,1,1,0.88428
85,1,552.11,479.17,106.86,130.71,1,1,0.86229
85,2,1001.52,508.35,81.45,123.58,1,1,0.8842
85,3,653.41,232.21,100.19,118.6,1,1,0.88973
85,4,631.54,209.07,62.21,96.88,1,1,0.82987
85,5,712.65,355.99,63.42,124.34,1,1,0.82792
85,6,889.48,464.14,63.76,151.71,1,1,0.85741
85,7,1523.25,678.74,102.03,153.77,1,1,0.90255
85,8,683.05,370.79,84.97,126.44,1,1,0.83718
85,9,642.95,404.68,77.19,136.03,1,1,0.87457
85,10,620.92,379.97,64.44,54.72,1,1,0.76541
85,11,981.24,204.78,59.45,112.44,1,1,0.85979
85,12,370.2,426.34,56.64,114.67,1,1,0.83542
85,13,1660.55,407.1,86.12,98.05,1,1,0.88539
85,14,566.24,346.44,70.21,74.5,1,1,0.84614
85,15,809.82,169.19,59.21,103.22,1,1,0.84119
85,16,499.45,456.06,74.12,146.0,1,1,0.85935
85,18,279.95,373.59,65.34,133.42,1,1,0.83504
85,21,553.72,392.23,65.33,99.18,1,1,0.838
85,20,601.36,444.36,87.08,116.11,1,1,0.82608
85,17,545.53,195.74,72.78,130.75,1,1,0.84978
86,0,1156.05,698.47,89.24,149.92,1,1,0.87894
86,1,544.07,481.2,92.96,137.15,1,1,0.84747
86,2,999.07,508.79,81.08,124.38,1,1,0.88095
86,3,662.69,233.88,101.25,113.28,1,1,0.89026
86,4,631.65,211.87,64.73,95.7,1,1,0.8236
86,5,702.99,359.67,69.63,97.9,1,1,0.70243
86,6,893.08,460.36,63.2,146.93,1,1,0.85534
86,7,1521.77,676.41,110.7,154.38,1,1,0.89939
86,8,685.46,374.66,90.1,125.07,1,1,0.85638
86,9,644.04,408.88,76.42,137.44,1,1,0.87853
86,10,617.93,382.48,63.98,61.79,1,1,0.68211
86,11,982.36,208.27,57.99,110.64,1,1,0.85403
86,12,377.18,429.85,55.28,115.15,1,1,0.85486
86,13,1655.01,407.33,85.98,97.52,1,1,0.8761
86,14,566.04,346.88,69.72,74.75,1,1,0.84755
86,15,810.53,172.38,57.66,103.93,1,1,0.84157
86,16,494.9,455.63,66.23,145.88,1,1,0.8522
86,18,269.77,375.48,61.49,136.33,1,1,0.84513
86,21,551.63,396.14,64.45,100.46,1,1,0.81239
86,20,595.66,448.66,80.79,127.88,1,1,0.86093
86,17,549.27,193.99,71.34,134.07,1,1,0.83848
87,0,1162.87,692.63,97.49,151.79,1,1,0.88707
87,1,534.27,488.74,79.07,133.56,1,1,0.85877
87,2,994.35,508.49,79.44,125.26,1,1,0.8779
87,3,701.71,233.73,75.83,124.37,1,1,0.83399
87,4,632.73,215.73,76.68,102.9,1,1,0.87567
87,5,689.41,367.85,82.04,74.16,1,1,0.7598
87,6,904.0,455.63,58.6,137.9,1,1,0.85939
87,7,1521.32,669.98,114.31,155.2,1,1,0.89292
87,8,688.91,382.06,88.26,125.84,1,1,0.84631
87,9,639.7,414.11,76.98,134.85,1,1,0.87182
87,10,616.99,384.26,66.96,60.49,1,1,0.73217
87,11,979.67,215.04,60.57,109.32,1,1,0.86008
87,12,387.76,435.8,54.13,112.59,1,1,0.86493
87,13,1646.83,408.41,84.33,97.0,1,1,0.87739
87,14,565.68,350.42,67.03,76.33,1,1,0.83735
87,15,810.6,178.6,59.26,105.02,1,1,0.8524
87,16,485.05,456.8,59.94,143.2,1,1,0.85394
87,18,249.36,378.48,61.79,136.39,1,1,0.86471
87,21,549.42,401.85,64.96,105.95,1,1,0.80236
87,20,587.05,456.23,79.86,126.98,1,1,0.8618
87,17,550.77,192.11,63.6,136.1,1,1,0.83079
88,0,1166.88,689.89,100.38,152.55,1,1,0.88569
88,1,532.83,491.01,74.15,132.09,1,1,0.85767
88,2,994.23,507.7,78.88,125.65,1,1,0.87775
88,3,720.07,233.13,64.47,128.29,1,1,0.83367
88,4,634.94,216.58,80.98,105.48,1,1,0.87522
88,5,685.95,369.81,86.79,66.56,1,1,0.76252
88,6,909.55,453.48,56.91,134.52,1,1,0.85792
88,7,1522.58,666.98,116.25,155.62,1,1,0.89254
88,8,692.1,384.2,87.46,126.05,1,1,0.84598
88,9,639.82,415.41,77.28,133.83,1,1,0.87154
88,10,618.37,384.19,67.99,59.79,1,1,0.73232
88,11,980.33,216.94,61.57,108.86,1,1,0.85965
88,12,392.91,437.41,53.78,111.57,1,1,0.86461
88,13,1645.53,408.36,83.63,96.72,1,1,0.87607
88,14,567.15,351.1,66.08,77.01,1,1,0.83738
88,15,812.27,180.41,59.87,105.37,1,1,0.85202
88,16,483.43,456.63,57.74,142.07,1,1,0.85312
88,18,244.07,379.01,62.0,136.33,1,1,0.86468
88,21,550.26,403.33,65.2,108.09,1,1,0.80213
88,20,585.64,458.59,79.58,126.44,1,1,0.86113
88,17,553.24,190.84,60.49,136.79,1,1,0.82975
89,0,1169.21,684.93,105.68,149.66,1,1,0.88768
89,1,529.22,493.03,71.36,130.28,1,1,0.86138
89,2,991.7,508.09,78.57,125.35,1,1,0.88068
89,3,733.11,236.54,58.61,128.28,1,1,0.84553
89,4,633.13,218.26,82.62,104.72,1,1,0.88061
89,5,682.58,374.02,87.35,63.22,1,1,0.73626
89,6,910.29,451.16,60.3,134.03,1,1,0.86891
89,7,1527.43,666.55,115.1,155.38,1,1,0.88846
89,8,694.36,389.85,81.15,126.25,1,1,0.84171
89,9,637.25,418.41,78.85,132.12,1,1,0.87435
89,10,619.48,385.21,71.44,60.5,1,1,0.74027
89,11,979.08,221.73,67.06,106.03,1,1,0.86675
89,12,398.85,439.45,55.36,111.9,1,1,0.86591
89,13,1640.27,408.79,82.56,98.94,1,1,0.88252
89,14,566.89,353.68,64.55,78.28,1,1,0.83728
89,15,811.38,185.08,63.3,105.46,1,1,0.86032
89,16,477.51,457.83,56.93,143.53,1,1,0.84272
89,18,232.46,378.66,69.1,136.14,1,1,0.86532
89,21,551.67,407.49,64.19,107.22,1,1,0.81986
89,20,582.0,461.74,80.75,123.86,1,1,0.86379
89,17,550.57,190.23,56.22,136.02,1,1,0.84239
90,0,1174.45,679.06,108.26,147.27,1,1,0.87751
90,1,525.47,494.62,66.12,128.78,1,1,0.85797
90,2,989.87,509.36,77.79,124.18,1,1,0.87776
90,3,742.99,240.25,55.38,126.25,1,1,0.84314
90,4,629.69,219.64,84.43,104.83,1,1,0.88243
90,5,679.52,378.53,85.6,58.09,1,1,0.73624
90,6,908.27,447.84,67.77,135.59,1,1,0.87303
90,7,1539.39,666.28,105.27,154.12,1,1,0.86728
90,8,694.78,395.83,76.37,128.33,1,1,0.8404
90,9,635.23,423.02,80.0,131.86,1,1,0.87019
90,10,618.74,387.14,66.55,60.56,1,1,0.74596
90,11,977.7,226.37,72.66,103.67,1,1,0.87829
90,12,403.72,441.75,59.14,112.32,1,1,0.86467
90,13,1633.83,410.21,80.96,101.87,1,1,0.87747
90,14,566.33,357.39,63.77,77.04,1,1,0.82954
90,15,810.74,189.05,67.84,103.1,1,1,0.86983
90,16,472.06,461.52,56.77,146.03,1,1,0.82676
90,18,216.32,378.76,78.88,131.98,1,1,0.86346
90,21,551.25,410.82,62.71,97.83,1,1,0.79948
90,20,575.5,464.56,84.52,120.4,1,1,0.86016
90,17,549.72,189.92,54.62,131.88,1,1,0.84715
91,0,1182.44,674.45,108.2,145.76,1,1,0.87276
91,1,523.78,496.29,60.87,129.06,1,1,0.84908
91,2,988.22,511.75,77.82,121.8,1,1,0.87465
91,3,747.04,241.57,67.67,125.66,1,1,0.86334
91,4,625.05,220.56,89.12,104.95,1,1,0.8837
91,5,676.58,382.91,83.33,70.18,1,1,0.77392
91,6,906.5,443.18,74.17,137.74,1,1,0.86346
91,7,1554.93,664.94,86.56,154.16,1,1,0.86265
91,8,695.79,400.02,73.13,131.88,1,1,0.84937
91,9,632.36,429.39,83.14,136.4,1,1,0.86173
91,10,618.24,389.99,64.59,65.06,1,1,0.78895
91,11,976.03,227.3,80.61,105.67,1,1,0.88348
91,12,408.63,444.23,60.49,113.05,1,1,0.86612
91,13,1628.34,411.58,76.12,102.49,1,1,0.88129
91,14,566.45,360.16,61.66,74.66,1,1,0.81742
91,15,812.49,193.01,69.81,97.86,1,1,0.86505
91,16,466.08,465.63,59.4,146.08,1,1,0.83352
91,18,199.8,376.66,86.69,133.56,1,1,0.86966
91,21,551.69,412.31,63.25,85.23,1,1,0.79612
91,20,567.04,466.66,82.75,114.08,1,1,0.83213
91,17,550.02,190.3,54.38,128.73,1,1,0.85058
92,0,1207.21,672.79,89.76,144.79,1,1,0.81583
92,1,521.73,497.24,55.37,133.49,1,1,0.83536
92,2,985.99,514.58,77.71,119.86,1,1,0.87096
92,3,756.39,242.01,69.92,118.21,1,1,0.84432
92,4,621.64,221.33,91.45,104.47,1,1,0.88633
92,5,673.92,387.36,80.88,68.9,1,1,0.72601
92,6,906.21,438.27,79.61,140.1,1,1,0.86009
92,7,1565.65,662.62,76.0,154.63,1,1,0.85984
92,8,695.26,404.04,70.8,131.91,1,1,0.84692
92,9,630.65,435.31,85.9,136.38,1,1,0.86595
92,10,618.64,393.55,59.16,65.13,1,1,0.80895
92,11,974.21,229.44,90.4,107.42,1,1,0.8756
92,12,414.37,447.58,57.63,113.64,1,1,0.85272
92,13,1621.15,413.08,74.84,101.85,1,1,0.87523
92,14,565.89,364.6,60.24,74.43,1,1,0.82541
92,15,817.01,196.1,68.89,96.11,1,1,0.85565
92,16,460.84,471.47,60.53,142.19,1,1,0.81703
92,18,190.91,375.12,78.54,135.32,1,1,0.86766
92,21,548.88,415.75,65.29,76.48,1,1,0.81243
92,20,560.62,468.78,82.74,110.1,1,1,0.83706
92,17,549.6,190.4,55.32,126.56,1,1,0.85297
93,0,1228.08,669.23,84.31,144.89,1,1,0.86768
93,1,513.69,498.99,55.28,140.33,1,1,0.83479
93,2,976.93,521.48,79.48,118.32,1,1,0.87186
93,3,769.79,243.26,76.29,113.64,1,1,0.83142
93,4,618.82,225.02,92.24,103.99,1,1,0.88672
93,5,668.29,394.18,68.12,91.64,1,1,0.79839
93,6,919.54,431.8,75.62,126.52,1,1,0.86191
93,7,1572.5,658.03,74.29,155.71,1,1,0.8755
93,8,694.37,409.37,70.15,127.91,1,1,0.85435
93,9,626.19,443.2,88.29,130.03,1,1,0.86652
93,10,615.11,400.19,59.21,61.92,1,1,0.78282
93,11,977.47,230.47,92.9,109.65,1,1,0.86753
93,12,422.09,454.87,57.84,111.33,1,1,0.80446
93,13,1614.39,416.58,70.81,101.05,1,1,0.86558
93,14,564.1,371.45,59.67,71.95,1,1,0.78782
93,15,824.67,198.77,61.81,99.04,1,1,0.84816
93,16,443.2,480.13,68.43,134.34,1,1,0.82965
93,18,180.55,375.43,63.8,136.9,1,1,0.85612
93,21,540.95,422.25,71.54,70.47,1,1,0.77827
93,20,551.83,474.88,81.65,105.45,1,1,0.82244
93,17,545.64,189.32,58.8,127.8,1,1,0.85781
94,0,1235.99,667.34,82.55,144.95,1,1,0.86711
94,1,512.46,498.89,55.29,142.92,1,1,0.8346
94,2,975.01,523.31,80.12,117.78,1,1,0.87166
94,3,776.26,242.96,78.73,112.05,1,1,0.83075
94,4,619.14,225.7,92.49,103.78,1,1,0.88654
94,5,668.04,396.0,63.02,99.39,1,1,0.79246
94,6,926.34,428.85,73.85,121.19,1,1,0.8615
94,7,1575.89,655.69,73.74,156.09,1,1,0.87525
94,8,695.33,410.5,70.05,126.36,1,1,0.85419
94,9,625.94,445.3,89.2,127.58,1,1,0.86639
94,10,615.26,401.94,59.22,60.6,1,1,0.78268
94,11,980.47,230.09,93.8,110.54,1,1,0.8672
94,12,426.21,456.87,57.88,110.31,1,1,0.80507
94,13,1613.48,417.19,69.25,100.75,1,1,0.86554
94,14,564.85,373.22,59.48,71.1,1,1,0.78797
94,15,829.04,199.02,58.97,100.14,1,1,0.84766
94,16,438.24,482.59,71.27,131.37,1,1,0.82957
94,18,178.94,374.84,58.13,137.49,1,1,0.85607
94,21,540.31,423.78,72.77,68.58,1,1,0.77435
94,20,550.07,476.32,81.19,103.73,1,1,0.82219
94,17,545.63,188.27,60.11,128.25,1,1,0.8576
95,0,1237.08,664.71,89.74,145.27,1,1,0.8793
95,1,508.61,499.65,55.42,149.03,1,1,0.8051
95,2,971.34,526.46,79.53,119.36,1,1,0.85877
95,3,795.36,244.46,66.4,114.09,1,1,0.81062
95,4,618.09,228.66,91.33,107.49,1,1,0.8783
95,5,665.08,398.5,62.41,101.81,1,1,0.8368
95,6,934.42,426.93,70.5,116.73,1,1,0.85232
95,7,1578.54,653.04,75.2,155.6,1,1,0.8727
95,8,696.91,414.24,69.96,124.05,1,1,0.85525
95,9,623.91,450.03,86.71,125.18,1,1,0.85607
95,10,610.85,404.61,62.55,62.24,1,1,0.77665
95,11,987.11,230.4,88.66,112.1,1,1,0.8598
95,12,429.14,460.68,62.05,111.67,1,1,0.77545
95,13,1609.51,419.13,67.56,100.44,1,1,0.86416
95,14,563.83,376.56,58.58,70.65,1,1,0.74513
95,15,834.77,199.91,53.69,101.76,1,1,0.8234
95,16,428.95,487.23,78.22,130.23,1,1,0.8169
95,18,171.33,375.88,57.21,134.72,1,1,0.84885
95,21,545.88,425.05,67.76,72.56,1,1,0.7261
95,20,545.7,480.73,73.03,117.48,1,1,0.77715
95,17,544.7,187.82,61.33,129.24,1,1,0.85709
96,0,1242.44,659.13,100.02,140.22,1,1,0.87216
96,1,500.38,504.41,57.99,147.17,1,1,0.77663
96,2,966.75,532.4,77.92,123.77,1,1,0.84615
96,3,826.03,250.63,54.66,112.93,1,1,0.81951
96,4,615.22,235.86,83.09,107.63,1,1,0.85763
96,5,659.88,403.79,60.44,100.04,1,1,0.82714
96,6,950.45,420.79,62.68,122.7,1,1,0.8365
96,7,1590.57,648.85,71.92,152.41,1,1,0.8566
96,8,696.83,421.11,71.1,121.15,1,1,0.85392
96,9,620.39,453.88,82.46,130.53,1,1,0.84415
96,10,604.97,408.5,68.11,69.4,1,1,0.71721
96,11,1005.8,233.51,69.86,110.84,1,1,0.8525
96,12,436.26,466.26,63.67,96.35,1,1,0.69927
96,13,1601.6,422.87,67.85,105.52,1,1,0.85371
96,14,561.13,382.11,59.61,73.3,1,1,0.68782
96,15,821.06,202.89,70.99,97.52,1,1,0.85314
96,16,417.05,494.86,88.74,133.95,1,1,0.84277
96,18,147.93,375.32,67.52,134.08,1,1,0.85737
96,21,549.82,433.65,58.77,92.9,1,1,0.71213
96,20,533.09,489.12,66.72,119.03,1,1,0.76881
96,17,549.18,186.71,56.09,125.67,1,1,0.84602
96,19,536.22,382.54,85.02,108.58,1,1,0.69883
97,0,1245.71,656.32,103.92,138.29,1,1,0.87274
97,1,498.73,505.25,58.98,146.33,1,1,0.77799
97,2,966.41,533.67,77.28,125.47,1,1,0.84675
97,3,837.14,251.86,50.57,112.7,1,1,0.81956
97,4,615.22,237.69,79.76,107.65,1,1,0.85795
97,5,659.41,404.79,59.74,99.2,1,1,0.82785
97,6,957.39,417.8,59.69,124.85,1,1,0.83719
97,7,1595.93,646.47,70.73,151.19,1,1,0.85708
97,8,698.01,422.64,71.5,120.07,1,1,0.85468
97,9,620.33,454.31,80.83,132.51,1,1,0.84495
97,10,604.01,409.02,70.23,72.03,1,1,0.71826
97,11,1014.48,233.72,62.09,110.34,1,1,0.85279
97,12,440.11,467.25,64.27,90.34,1,1,0.69836
97,13,1600.12,423.34,67.91,107.41,1,1,0.85405
97,14,561.43,383.19,59.91,74.15,1,1,0.69063
97,15,818.15,203.01,76.4,95.85,1,1,0.85346
97,16,413.77,496.67,92.92,135.34,1,1,0.84395
97,18,140.88,374.21,71.03,133.81,1,1,0.85785
97,21,552.5,435.91,55.46,100.03,1,1,0.7123
97,20,529.97,491.41,64.54,119.61,1,1,0.7695
97,17,552.28,185.45,53.99,124.1,1,1,0.84692
97,19,535.98,382.71,85.1,109.23,1,1,0.69706
98,0,1263.51,654.65,92.96,135.77,1,1,0.85316
98,1,490.51,507.47,62.51,144.03,1,1,0.8024
98,2,966.08,535.9,70.46,126.62,1,1,0.83693
98,3,842.24,254.1,53.9,109.23,1,1,0.83119
98,4,614.0,241.53,76.04,107.35,1,1,0.85314
98,5,656.37,407.5,62.09,95.94,1,1,0.81342
98,6,963.1,414.76,60.1,125.74,1,1,0.84581
98,7,1608.27,645.26,63.02,150.48,1,1,0.84984
98,8,697.38,426.79,71.73,119.93,1,1,0.852
98,9,620.9,456.95,79.34,133.63,1,1,0.8446
98,10,601.64,411.7,71.69,75.26,1,1,0.67026
98,11,1021.92,237.4,54.88,107.31,1,1,0.84686
98,13,1596.69,424.98,67.77,107.64,1,1,0.85114
98,14,561.32,385.01,59.58,74.12,1,1,0.74496
98,15,822.52,205.24,75.94,92.33,1,1,0.84857
98,16,410.53,498.35,94.03,137.25,1,1,0.83675
98,18,129.12,373.46,75.7,129.0,1,1,0.85223
98,21,549.86,438.89,57.45,105.28,1,1,0.78069
98,20,524.61,491.83,63.93,122.9,1,1,0.80884
98,17,553.59,185.88,52.28,121.85,1,1,0.85351
99,0,1288.48,649.18,75.86,139.91,1,1,0.83901
99,1,487.57,511.22,63.7,138.97,1,1,0.80489
99,2,965.72,537.6,64.12,127.2,1,1,0.84225
99,3,845.99,251.52,64.22,109.21,1,1,0.82572
99,4,613.08,244.83,75.79,108.54,1,1,0.86229
99,5,654.45,411.13,65.0,93.73,1,1,0.8041
99,6,968.85,410.03,61.7,127.25,1,1,0.8505
99,7,1617.97,644.53,59.86,150.42,1,1,0.84949
99,8,697.08,429.98,72.59,122.75,1,1,0.85946
99,9,624.03,458.33,76.54,133.8,1,1,0.84581
99,10,600.36,414.93,71.3,81.52,1,1,0.64267
99,11,1028.17,238.88,51.22,106.97,1,1,0.84326
99,13,1594.83,425.84,66.53,107.94,1,1,0.85353
99,14,561.73,386.09,59.67,74.96,1,1,0.79731
99,15,834.62,205.85,69.71,90.05,1,1,0.82669
99,16,404.87,505.14,92.98,133.12,1,1,0.84102
99,18,120.38,373.09,77.27,127.39,1,1,0.85709
99,21,547.46,441.8,59.18,106.07,1,1,0.78882
99,20,519.86,495.85,66.94,120.78,1,1,0.83879
99,17,554.51,185.24,52.08,122.03,1,1,0.85216
99,12,445.77,475.56,60.62,88.7,1,1,0.69579
100,0,1309.15,645.85,66.08,141.51,1,1,0.85887
100,1,481.3,519.9,62.76,140.39,1,1,0.8139
100,2,965.46,539.92,59.17,126.87,1,1,0.84965
100,3,856.38,245.51,75.67,110.73,1,1,0.84785
100,4,608.73,250.32,81.17,107.49,1,1,0.87558
100,5,649.09,418.15,66.74,88.74,1,1,0.81122
100,6,985.41,403.54,56.91,126.6,1,1,0.83987
100,7,1619.94,642.23,70.26,150.28,1,1,0.87056
100,8,697.93,432.99,72.2,122.96,1,1,0.85978
100,9,619.88,461.15,80.26,132.19,1,1,0.84332
100,11,1030.86,240.74,58.53,107.29,1,1,0.8561
100,13,1594.58,424.72,61.14,109.62,1,1,0.86003
100,14,561.15,388.13,61.14,79.09,1,1,0.80697
100,15,845.95,208.06,68.68,96.53,1,1,0.85612
100,16,400.96,510.52,86.89,128.82,1,1,0.84482
100,18,115.51,373.38,71.62,128.72,1,1,0.8464
100,21,544.82,448.08,60.86,106.67,1,1,0.8027
100,20,510.12,503.13,69.91,109.47,1,1,0.83998
100,17,557.57,181.53,48.99,126.23,1,1,0.84245
101,0,1316.06,643.78,63.06,142.09,1,1,0.8583
101,1,480.11,522.09,62.43,140.93,1,1,0.81385
101,2,966.34,539.78,57.53,126.74,1,1,0.84955
101,3,861.54,242.33,80.32,111.3,1,1,0.8478
101,4,608.16,251.37,83.12,107.08,1,1,0.87549
101,5,648.19,419.7,67.39,86.79,1,1,0.81109
101,6,992.32,400.31,55.05,126.36,1,1,0.84014
101,7,1621.76,640.53,73.61,150.25,1,1,0.87094
101,8,699.25,433.05,72.06,123.05,1,1,0.85974
101,9,619.4,461.14,81.57,131.57,1,1,0.84306
101,11,1032.75,240.45,60.85,107.42,1,1,0.85603
101,13,1595.67,423.31,59.16,110.25,1,1,0.85997
101,14,561.92,387.9,61.69,80.62,1,1,0.8069
101,15,850.99,207.93,68.27,98.85,1,1,0.85604
101,16,400.8,511.48,84.31,127.21,1,1,0.84479
101,18,115.41,372.56,69.2,129.28,1,1,0.8463
101,21,544.84,449.45,61.49,106.83,1,1,0.80258
101,20,507.61,504.77,71.04,104.95,1,1,0.83975
101,17,559.74,179.25,47.81,127.78,1,1,0.84264
102,0,1318.87,641.78,70.8,142.6,1,1,0.84556
102,1,477.38,525.29,62.69,140.75,1,1,0.81184
102,2,966.22,539.66,56.95,127.41,1,1,0.84539
102,3,873.87,244.14,76.14,112.24,1,1,0.82173
102,4,603.09,253.98,87.31,106.26,1,1,0.87316
102,5,645.27,423.42,69.96,85.03,1,1,0.799
102,6,1001.68,398.13,51.78,128.2,1,1,0.84049
102,7,1621.22,639.69,82.34,148.65,1,1,0.87574
102,8,699.04,434.91,72.67,122.0,1,1,0.86133
102,9,617.18,463.28,83.93,130.3,1,1,0.84491
102,11,1030.97,242.8,69.24,106.18,1,1,0.86589
102,13,1593.57,420.54,59.65,113.85,1,1,0.84902
102,14,561.93,389.65,62.95,84.19,1,1,0.79833
102,15,852.27,208.3,71.67,99.96,1,1,0.87357
102,16,401.07,514.73,80.73,125.0,1,1,0.85755
102,18,112.88,372.01,63.14,129.93,1,1,0.84379
102,21,546.32,453.09,59.91,109.55,1,1,0.80894
102,20,501.37,509.27,71.36,99.21,1,1,0.78764
102,17,559.52,178.4,48.38,129.06,1,1,0.83354
103,0,1324.43,636.3,73.0,140.39,1,1,0.8382
103,1,475.13,530.77,63.21,139.91,1,1,0.81139
103,2,965.96,539.32,58.44,127.28,1,1,0.84998
103,3,895.43,245.27,61.1,114.63,1,1,0.8295
103,4,595.73,256.94,91.46,104.32,1,1,0.87026
103,5,642.04,426.33,69.74,87.87,1,1,0.81458
103,6,1010.49,395.91,49.89,130.27,1,1,0.84023
103,7,1622.79,637.36,88.68,146.73,1,1,0.87617
103,8,699.52,434.55,72.43,122.33,1,1,0.87124
103,9,613.76,467.76,87.44,128.4,1,1,0.8552
103,11,1029.8,244.16,78.11,105.94,1,1,0.87479
103,13,1591.13,416.52,62.24,118.23,1,1,0.84652
103,14,562.77,392.32,64.21,86.38,1,1,0.80099
103,15,853.71,208.0,75.97,100.6,1,1,0.88898
103,16,401.61,517.12,81.1,123.95,1,1,0.86487
103,18,109.25,370.3,60.53,129.87,1,1,0.84263
103,21,546.81,455.78,60.54,114.96,1,1,0.8183
103,20,490.01,504.0,71.83,105.27,1,1,0.76236
103,17,558.6,177.24,48.7,127.99,1,1,0.83576
104,0,1335.18,632.53,69.58,132.69,1,1,0.78517
104,1,471.82,534.89,64.89,138.91,1,1,0.8211
104,2,966.0,538.66,60.55,127.1,1,1,0.85319
104,3,909.69,246.57,53.72,115.01,1,1,0.83331
104,4,589.32,258.88,95.9,103.38,1,1,0.87718
104,5,639.83,429.35,70.5,90.78,1,1,0.83263
104,6,1018.17,394.61,48.69,130.86,1,1,0.83417
104,7,1630.88,635.68,84.66,141.89,1,1,0.87501
104,8,702.16,436.31,70.01,120.69,1,1,0.87174
104,9,610.06,468.92,89.88,131.44,1,1,0.86355
104,11,1031.71,245.14,83.89,106.39,1,1,0.88175
104,13,1591.16,412.12,62.04,122.53,1,1,0.84982
104,14,564.73,395.79,62.16,82.88,1,1,0.81315
104,15,860.11,207.59,76.14,100.29,1,1,0.88699
104,16,402.26,520.78,83.73,122.45,1,1,0.87557
104,18,101.5,367.45,63.72,130.77,1,1,0.8477
104,21,545.83,457.05,62.58,120.97,1,1,0.83828
104,20,490.83,499.52,58.29,110.85,1,1,0.77303
104,17,558.23,177.08,49.31,120.93,1,1,0.83216
105,0,1344.9,627.78,69.56,126.17,1,1,0.80196
105,1,468.04,540.43,67.19,136.33,1,1,0.81783
105,2,967.88,538.39,61.11,125.43,1,1,0.84687
105,3,921.89,244.48,52.46,117.91,1,1,0.82929
105,4,584.38,261.48,96.36,103.44,1,1,0.87857
105,5,638.14,432.14,73.07,89.53,1,1,0.82051
105,6,1025.91,393.36,52.11,129.22,1,1,0.81652
105,7,1642.7,633.92,74.18,140.41,1,1,0.86035
105,8,706.21,438.19,67.7,120.03,1,1,0.87224
105,9,606.48,473.46,90.97,128.94,1,1,0.85939
105,11,1036.26,247.48,85.68,104.47,1,1,0.86479
105,13,1589.39,406.55,58.26,126.54,1,1,0.84489
105,14,567.77,399.49,59.52,81.5,1,1,0.7978
105,15,871.18,208.71,71.49,101.86,1,1,0.86139
105,16,403.55,524.6,81.76,121.47,1,1,0.85542
105,18,92.71,364.95,69.21,130.55,1,1,0.85848
105,21,545.42,460.02,62.31,122.42,1,1,0.8341
105,17,558.2,176.83,51.73,115.34,1,1,0.80766
105,12,490.82,494.7,54.21,104.66,1,1,0.7174
106,0,1372.67,621.33,54.82,127.66,1,1,0.85957
106,1,465.9,548.69,64.24,132.67,1,1,0.83588
106,2,968.24,537.9,64.11,125.62,1,1,0.86223
106,3,932.91,240.86,57.03,114.1,1,1,0.8346
106,4,573.7,263.54,91.12,105.49,1,1,0.87536
106,5,633.83,433.91,76.1,91.15,1,1,0.86049
106,6,1032.34,392.17,65.58,121.99,1,1,0.85238
106,7,1656.54,628.87,67.59,142.97,1,1,0.86488
106,8,712.44,440.55,66.93,124.53,1,1,0.87793
106,9,601.03,477.0,91.42,126.67,1,1,0.86113
106,11,1053.51,249.11,73.66,105.05,1,1,0.84448
106,13,1583.61,400.45,55.04,130.85,1,1,0.86037
106,14,569.92,408.21,60.4,79.16,1,1,0.79388
106,15,891.97,211.72,62.22,104.23,1,1,0.87913
106,16,401.01,531.89,82.33,118.79,1,1,0.86309
106,18,86.15,362.25,69.38,126.0,1,1,0.86383
106,21,547.86,462.47,59.34,124.51,1,1,0.78537
106,17,559.08,177.52,51.79,106.08,1,1,0.84284
106,12,511.52,498.2,52.22,98.27,1,1,0.74992
106,20,476.76,527.96,71.72,94.11,1,1,0.76169
107,0,1382.97,618.15,49.11,128.21,1,1,0.85952
107,1,466.03,550.6,63.07,131.31,1,1,0.83557
107,2,969.14,536.66,65.23,125.69,1,1,0.86219
107,3,937.42,238.38,58.62,112.62,1,1,0.83447
107,4,570.37,263.21,88.96,106.25,1,1,0.87534
107,5,632.98,433.47,77.29,91.73,1,1,0.86049
107,6,1035.68,390.88,70.45,119.25,1,1,0.85227
107,7,1661.8,626.06,65.28,143.94,1,1,0.8648
107,8,715.38,440.34,66.68,126.2,1,1,0.87781
107,9,599.74,477.17,91.56,125.82,1,1,0.86087
107,11,1061.21,248.66,68.39,105.26,1,1,0.84427
107,13,1582.32,397.02,53.93,132.47,1,1,0.86015
107,14,571.36,410.36,60.72,78.27,1,1,0.79407
107,15,900.24,211.78,58.67,105.12,1,1,0.87901
107,16,400.91,533.46,82.49,117.83,1,1,0.86291
107,18,84.72,360.24,69.4,124.26,1,1,0.86357
107,21,549.52,462.24,58.19,125.25,1,1,0.7852
107,17,560.14,176.85,51.81,102.76,1,1,0.84291
107,12,518.48,498.36,51.62,95.72,1,1,0.74925
107,20,474.61,533.67,74.51,90.01,1,1,0.76119
108,0,1388.74,617.3,49.82,126.78,1,1,0.84986
108,1,466.68,553.89,61.97,128.6,1,1,0.84566
108,2,969.14,535.6,66.2,126.41,1,1,0.86244
108,3,944.9,235.55,60.46,107.06,1,1,0.83833
108,4,562.75,263.91,82.75,106.6,1,1,0.87896
108,5,632.29,433.59,76.3,93.1,1,1,0.86155
108,6,1042.5,391.09,69.35,116.39,1,1,0.85924
108,7,1665.37,622.86,65.72,144.89,1,1,0.86699
108,8,716.88,442.28,68.12,125.8,1,1,0.87687
108,9,596.56,480.1,88.04,123.12,1,1,0.85743
108,11,1068.17,250.77,63.49,103.81,1,1,0.84256
108,13,1580.16,395.89,53.4,131.4,1,1,0.85628
108,14,572.28,413.93,60.53,77.47,1,1,0.80494
108,15,902.47,212.49,63.46,105.47,1,1,0.88628
108,16,398.84,537.02,84.2,116.16,1,1,0.8694
108,18,83.67,359.52,67.27,123.78,1,1,0.85995
108,21,549.26,464.17,56.49,103.35,1,1,0.72243
108,17,560.98,175.68,51.68,99.04,1,1,0.84254
108,12,528.55,503.94,49.6,92.59,1,1,0.79772
108,20,474.98,538.18,75.69,88.95,1,1,0.79474
109,0,1391.13,614.17,56.66,128.98,1,1,0.83393
109,1,467.72,557.5,61.1,124.93,1,1,0.83789
109,2,970.52,533.11,66.24,128.68,1,1,0.86282
109,3,953.25,234.44,64.24,109.73,1,1,0.85957
109,4,554.17,265.4,81.44,105.5,1,1,0.8744
109,5,631.97,432.86,73.93,94.85,1,1,0.85997
109,6,1048.45,389.9,65.48,117.43,1,1,0.86254
109,7,1665.82,619.73,70.87,144.01,1,1,0.86892
109,8,717.18,444.7,69.78,124.06,1,1,0.86852
109,9,594.99,482.3,80.07,121.01,1,1,0.83847
109,11,1076.22,252.7,60.42,103.21,1,1,0.84591
109,13,1579.59,395.4,52.22,130.32,1,1,0.84847
109,14,573.58,417.29,62.08,77.22,1,1,0.78845
109,15,904.12,212.64,70.92,105.48,1,1,0.88753
109,16,397.19,539.76,85.87,114.85,1,1,0.86899
109,18,79.8,358.86,68.69,122.87,1,1,0.86338
109,21,545.43,467.3,58.24,98.59,1,1,0.71697
109,17,563.09,173.76,50.8,101.72,1,1,0.83624
109,12,535.65,506.6,50.12,98.52,1,1,0.66584
109,20,471.95,541.65,75.53,87.85,1,1,0.74913
110,0,1396.23,609.06,61.92,123.66,1,1,0.74595
110,1,468.23,562.26,60.95,120.09,1,1,0.85047
110,2,974.88,529.88,63.05,131.41,1,1,0.86341
110,3,972.97,234.32,53.93,111.2,1,1,0.82108
110,4,547.46,267.1,86.52,105.81,1,1,0.87413
110,5,632.61,431.46,71.22,97.51,1,1,0.8622
110,6,1053.0,386.64,61.07,120.94,1,1,0.84979
110,7,1667.43,616.17,75.48,138.28,1,1,0.86829
110,8,717.88,446.23,70.89,123.3,1,1,0.8682
110,9,593.12,483.68,75.2,120.06,1,1,0.83344
110,11,1082.71,254.27,58.92,101.43,1,1,0.85514
110,13,1579.21,394.79,51.49,129.54,1,1,0.83109
110,14,575.61,420.28,59.96,77.39,1,1,0.76545
110,15,909.49,213.45,73.83,103.83,1,1,0.88384
110,16,396.72,544.89,83.76,110.79,1,1,0.86601
110,18,76.98,357.09,69.4,121.34,1,1,0.86306
110,21,545.53,470.3,57.96,95.71,1,1,0.7425
110,17,565.24,172.31,51.52,106.63,1,1,0.832
110,12,539.02,519.61,53.82,101.87,1,1,0.78874
111,0,1406.31,600.94,73.68,124.3,1,1,0.85293
111,1,470.0,564.1,61.85,120.62,1,1,0.85818
111,2,979.37,527.11,58.83,132.21,1,1,0.85584
111,3,994.02,240.9,49.82,105.99,1,1,0.83377
111,4,535.52,270.9,95.22,103.93,1,1,0.88889
111,5,633.07,427.38,66.98,103.63,1,1,0.86392
111,6,1057.41,383.16,61.06,121.14,1,1,0.83925
111,7,1681.22,611.23,68.42,135.61,1,1,0.85923
111,8,720.8,447.64,68.71,123.1,1,1,0.86171
111,9,589.84,485.79,76.06,122.91,1,1,0.84173
111,13,1579.8,394.35,48.75,127.54,1,1,0.84455
111,14,579.61,425.03,55.72,75.7,1,1,0.77312
111,15,938.2,214.5,56.28,102.86,1,1,0.839
111,16,405.18,549.04,78.81,110.59,1,1,0.85628
111,18,72.01,353.16,70.83,122.92,1,1,0.86441
111,21,534.74,475.53,62.58,100.96,1,1,0.824
111,17,567.01,170.73,54.74,110.85,1,1,0.84771
111,12,547.32,525.81,57.22,99.37,1,1,0.81182
112,0,1410.51,597.07,78.16,124.54,1,1,0.85305
112,1,471.0,563.66,62.18,120.79,1,1,0.85809
112,2,981.24,524.95,57.31,132.51,1,1,0.85581
112,3,1001.02,242.06,48.17,104.13,1,1,0.83111
112,4,531.28,271.19,98.55,103.2,1,1,0.88887
112,5,633.6,424.67,65.41,105.94,1,1,0.86407
112,6,1059.09,380.83,61.06,121.26,1,1,0.83929
112,7,1686.66,608.49,65.45,134.68,1,1,0.85917
112,8,722.04,447.0,67.91,123.04,1,1,0.86161
112,9,588.99,485.43,76.39,123.99,1,1,0.84175
112,13,1580.35,393.16,47.81,126.72,1,1,0.84473
112,14,581.26,425.61,54.16,75.08,1,1,0.77312
112,15,950.03,213.79,48.44,102.48,1,1,0.83808
112,16,408.74,549.43,76.87,110.49,1,1,0.85625
112,18,70.57,350.69,71.33,123.53,1,1,0.86429
112,21,531.11,476.27,64.27,102.85,1,1,0.82417
112,17,567.93,169.09,55.92,112.46,1,1,0.84772
112,12,550.58,526.9,58.54,98.32,1,1,0.81133
113,0,1430.81,593.02,66.51,129.66,1,1,0.83453
113,1,474.84,569.81,60.33,124.17,1,1,0.84162
113,2,984.31,524.46,55.26,130.2,1,1,0.85067
113,3,1006.3,235.32,59.61,103.98,1,1,0.87653
113,4,524.49,272.93,93.23,107.17,1,1,0.8785
113,5,635.47,419.93,64.19,111.34,1,1,0.85959
113,6,1063.16,377.55,65.29,110.63,1,1,0.84556
113,7,1698.63,605.51,62.76,136.36,1,1,0.8502
113,8,723.68,444.27,60.26,126.03,1,1,0.83956
113,9,589.21,488.03,71.56,118.31,1,1,0.82275
113,13,1576.87,391.93,48.8,121.81,1,1,0.84329
113,14,584.08,430.95,50.62,69.29,1,1,0.77416
113,15,960.01,216.43,48.87,99.36,1,1,0.85784
113,16,420.91,549.83,69.1,115.02,1,1,0.83138
113,18,69.5,349.39,70.75,119.43,1,1,0.85085
113,21,520.64,483.03,70.44,108.28,1,1,0.81517
113,17,570.63,171.16,56.73,112.24,1,1,0.84891
113,12,570.07,531.38,53.72,91.0,1,1,0.75377
113,11,1124.1,252.71,52.74,103.09,1,1,0.70892
114,0,1438.7,590.51,61.32,131.58,1,1,0.8344
114,1,476.51,570.89,59.64,125.47,1,1,0.84155
114,2,985.52,523.17,54.57,129.3,1,1,0.85072
114,3,1008.79,231.76,63.41,103.95,1,1,0.87646
114,4,522.25,272.43,90.98,108.63,1,1,0.87846
114,5,636.37,416.92,63.77,113.39,1,1,0.85955
114,6,1064.76,375.38,66.86,106.55,1,1,0.84549
114,7,1702.86,603.42,61.8,137.01,1,1,0.85011
114,8,724.31,442.09,57.34,127.15,1,1,0.83946
114,9,589.57,487.79,69.76,116.17,1,1,0.82263
114,13,1575.83,390.43,49.2,119.91,1,1,0.84323
114,14,585.17,431.7,49.37,67.12,1,1,0.77416
114,15,963.27,216.29,49.0,98.16,1,1,0.85777
114,16,425.66,548.81,66.21,116.69,1,1,0.83123
114,18,69.48,347.87,70.51,117.9,1,1,0.85078
114,21,516.85,484.4,72.79,110.32,1,1,0.81516
114,17,571.8,170.88,57.02,112.16,1,1,0.84886
114,12,577.42,531.74,51.76,88.16,1,1,0.75396
114,11,1129.45,251.47,51.92,103.43,1,1,0.70849
115,0,1446.43,588.29,57.46,133.82,1,1,0.85276
115,1,476.56,574.34,60.29,124.73,1,1,0.83206
115,2,989.67,522.4,51.89,128.52,1,1,0.84484
115,3,1012.84,228.79,69.24,104.2,1,1,0.88314
115,4,517.34,272.59,85.83,110.21,1,1,0.87559
115,5,637.32,413.87,64.45,114.78,1,1,0.85223
115,6,1065.45,373.46,66.28,104.12,1,1,0.83913
115,7,1706.54,600.19,62.55,137.42,1,1,0.85287
115,8,726.17,440.28,54.99,127.52,1,1,0.8481
115,9,588.34,490.98,68.1,111.12,1,1,0.81688
115,13,1574.07,389.34,49.8,119.6,1,1,0.84711
115,14,585.58,433.93,50.72,68.9,1,1,0.74884
115,15,964.68,215.96,53.94,97.44,1,1,0.87251
115,16,429.16,550.02,62.05,122.55,1,1,0.83693
115,18,71.63,346.51,69.55,117.33,1,1,0.85204
115,21,512.33,487.02,76.42,111.54,1,1,0.82433
115,17,572.99,171.29,56.23,112.37,1,1,0.84937
115,12,584.64,542.04,50.03,100.96,1,1,0.76152
115,11,1133.91,251.41,55.78,104.43,1,1,0.78993
116,0,1453.72,586.16,55.23,135.87,1,1,0.85673
116,1,480.55,579.04,57.69,120.88,1,1,0.8272
116,2,994.08,521.23,49.36,128.58,1,1,0.83559
116,3,1026.53,225.73,64.21,102.99,1,1,0.83558
116,4,511.05,273.89,77.71,110.78,1,1,0.85578
116,5,638.91,411.32,62.45,116.45,1,1,0.84582
116,6,1067.97,370.76,60.83,98.62,1,1,0.79497
116,7,1707.87,596.3,65.0,135.54,1,1,0.85481
116,8,728.46,438.53,52.87,127.2,1,1,0.83897
116,9,587.28,494.78,67.12,106.38,1,1,0.80024
116,13,1572.77,388.84,51.58,119.74,1,1,0.84518
116,14,591.48,437.07,67.4,80.7,1,1,0.70927
116,15,965.45,215.52,61.91,100.18,1,1,0.87606
116,16,433.05,552.48,59.62,124.16,1,1,0.84256
116,18,74.52,345.21,68.62,116.86,1,1,0.85668
116,21,509.53,490.12,78.3,109.92,1,1,0.80102
116,17,572.98,171.25,55.64,111.63,1,1,0.84367
116,12,594.51,548.8,50.17,104.14,1,1,0.79433
116,11,1138.53,252.93,53.07,104.14,1,1,0.79622
117,0,1457.2,581.55,58.89,139.25,1,1,0.85298
117,1,483.72,583.17,56.34,117.45,1,1,0.81659
117,2,997.4,519.78,48.27,129.72,1,1,0.8352
117,3,1043.99,225.02,55.06,103.79,1,1,0.80957
117,4,501.17,275.3,70.62,110.26,1,1,0.84953
117,5,639.93,408.56,59.43,117.6,1,1,0.84036
117,6,1069.32,368.81,59.72,101.0,1,1,0.81049
117,7,1708.54,591.85,68.53,136.53,1,1,0.85685
117,8,731.36,437.51,51.33,124.98,1,1,0.83227
117,9,585.65,497.29,57.78,88.76,1,1,0.72284
117,13,1570.42,387.64,59.71,121.49,1,1,0.84721
117,14,597.96,440.02,70.78,84.84,1,1,0.72334
117,15,972.59,215.03,65.68,98.55,1,1,0.87612
117,16,436.69,555.4,56.9,125.3,1,1,0.84517
117,18,75.85,342.72,69.22,118.53,1,1,0.85233
117,21,511.13,493.01,77.71,108.64,1,1,0.78729
117,17,572.76,169.79,56.3,113.61,1,1,0.84495
117,12,602.2,551.21,51.67,105.56,1,1,0.82959
117,11,1141.58,250.77,51.01,106.82,1,1,0.76607
117,24,491.15,562.08,46.03,43.99,1,1,0.72144
118,0,1463.7,576.93,61.18,137.0,1,1,0.80581
118,1,485.26,588.68,56.52,114.76,1,1,0.81213
118,2,1000.19,518.14,47.91,131.16,1,1,0.83898
118,3,1057.2,224.45,48.24,110.67,1,1,0.80864
118,4,492.57,276.23,66.76,110.96,1,1,0.85493
118,5,640.19,405.66,58.25,119.53,1,1,0.84882
118,6,1068.33,366.27,54.71,91.97,1,1,0.79831
118,7,1711.68,588.23,67.67,130.98,1,1,0.85524
118,8,734.09,436.74,49.94,123.18,1,1,0.82537
118,9,585.94,498.32,53.0,99.78,1,1,0.75462
118,13,1567.49,385.44,65.87,123.53,1,1,0.85241
118,14,605.38,443.82,62.58,85.02,1,1,0.77662
118,15,985.05,214.9,60.34,97.67,1,1,0.86214
118,16,437.74,559.09,56.49,129.13,1,1,0.84474
118,18,78.0,341.05,69.07,117.61,1,1,0.84231
118,21,512.73,495.36,75.12,106.99,1,1,0.78328
118,17,572.82,168.82,57.23,114.23,1,1,0.84502
118,12,605.69,555.91,54.05,103.29,1,1,0.84325
118,11,1144.77,250.26,49.02,104.27,1,1,0.7846
118,24,492.98,563.61,44.12,45.39,1,1,0.73309
119,0,1470.18,572.67,64.57,129.31,1,1,0.83932
119,1,487.6,592.51,54.93,115.7,1,1,0.79013
119,2,1002.69,516.43,47.73,130.46,1,1,0.83637
119,3,1066.54,224.56,46.44,114.44,1,1,0.81479
119,4,485.38,276.54,68.9,110.06,1,1,0.85182
119,5,639.71,403.2,57.61,119.16,1,1,0.84506
119,6,1067.31,362.13,51.2,90.29,1,1,0.78619
119,7,1716.61,585.06,62.53,128.77,1,1,0.84559
119,8,735.41,435.2,48.86,123.29,1,1,0.81209
119,9,586.58,498.78,51.39,115.24,1,1,0.80912
119,13,1564.06,382.74,69.77,125.66,1,1,0.85628
119,14,609.53,446.93,56.11,97.77,1,1,0.79874
119,15,1000.65,214.96,48.29,98.04,1,1,0.84495
119,16,439.51,561.71,56.34,129.01,1,1,0.84815
119,18,79.31,339.15,69.54,114.15,1,1,0.84729
119,21,516.43,496.54,69.68,104.93,1,1,0.78648
119,17,571.99,167.8,58.81,112.23,1,1,0.84134
119,12,608.05,558.05,57.86,102.4,1,1,0.84719
119,11,1148.43,248.04,49.51,103.96,1,1,0.81672
119,24,494.93,564.21,43.5,49.5,1,1,0.73439
120,0,1480.32,570.26,64.83,122.65,1,1,0.82596
120,1,491.46,596.51,50.82,119.99,1,1,0.77255
120,2,1004.61,514.59,48.55,128.82,1,1,0.82869
120,3,1074.09,224.4,46.74,116.24,1,1,0.81755
120,4,478.9,276.65,71.02,108.29,1,1,0.85799
120,5,639.74,400.92,56.02,117.86,1,1,0.84274
120,6,1066.24,358.91,50.77,91.54,1,1,0.80932
120,7,1723.92,582.12,55.91,129.02,1,1,0.83271
120,8,736.65,433.84,47.85,122.73,1,1,0.80108
120,9,587.43,497.99,50.54,122.99,1,1,0.79915
120,13,1564.41,379.67,64.2,125.28,1,1,0.84321
120,14,612.26,450.17,55.37,104.53,1,1,0.8078
120,15,1011.05,215.56,45.61,99.28,1,1,0.82942
120,16,440.58,563.94,57.14,128.14,1,1,0.83775
120,18,81.61,336.97,68.28,114.15,1,1,0.83835
120,21,521.01,495.98,65.65,105.5,1,1,0.76953
120,17,573.83,167.31,56.91,108.81,1,1,0.83018
120,12,611.61,560.94,64.29,100.12,1,1,0.82863
120,11,1154.48,246.33,46.26,103.96,1,1,0.81193
120,24,496.34,566.73,44.1,49.77,1,1,0.7244
121,0,1494.37,565.34,55.69,124.01,1,1,0.8269
121,1,494.99,602.33,50.07,129.57,1,1,0.79733
121,2,1006.16,513.9,52.04,124.89,1,1,0.84205
121,3,1085.25,223.65,49.37,107.67,1,1,0.80378
121,4,467.44,277.48,69.01,101.79,1,1,0.86057
121,5,638.02,398.32,57.54,119.0,1,1,0.83816
121,6,1064.6,355.04,51.68,98.87,1,1,0.81623
121,7,1727.13,576.5,53.96,132.63,1,1,0.83651
121,8,738.07,431.76,47.67,122.37,1,1,0.82528
121,9,589.74,497.45,61.47,131.26,1,1,0.80281
121,13,1565.31,378.5,55.92,122.57,1,1,0.84486
121,14,614.99,456.09,62.83,107.85,1,1,0.81032
121,15,1017.18,215.54,48.48,101.53,1,1,0.86099
121,16,441.22,567.45,58.15,126.05,1,1,0.83793
121,18,87.77,333.89,60.84,114.56,1,1,0.82545
121,21,521.25,495.47,66.7,105.85,1,1,0.78436
121,17,573.89,168.32,56.23,107.85,1,1,0.8279
121,12,635.39,566.44,58.5,110.59,1,1,0.80014
121,11,1162.79,247.5,45.01,104.98,1,1,0.80923
121,24,497.19,571.1,50.27,55.42,1,1,0.69629
122,0,1499.51,562.52,51.97,124.51,1,1,0.82681
122,1,496.47,603.2,49.84,133.19,1,1,0.79728
122,2,1007.02,512.5,53.32,123.4,1,1,0.84202
122,3,1089.4,222.19,50.33,104.23,1,1,0.80381
122,4,463.77,276.55,68.29,99.3,1,1,0.86043
122,5,637.72,396.16,58.11,119.37,1,1,0.83803
122,6,1064.25,352.5,52.06,101.55,1,1,0.81636
122,7,1728.39,573.31,53.33,134.0,1,1,0.83651
122,8,738.8,429.79,47.66,122.23,1,1,0.82512
122,9,590.81,495.9,65.03,134.49,1,1,0.80274
122,13,1566.08,376.92,52.71,121.51,1,1,0.84501
122,14,616.33,457.09,65.47,109.07,1,1,0.8099
122,15,1019.55,214.3,49.45,102.38,1,1,0.86091
122,16,441.7,567.47,58.56,125.23,1,1,0.83789
122,18,90.55,331.61,57.98,114.74,1,1,0.8254
122,21,521.67,493.99,67.07,105.98,1,1,0.78428
122,17,574.21,167.54,55.96,107.5,1,1,0.82776
122,12,645.26,567.22,55.91,114.41,1,1,0.80006
122,11,1165.8,246.73,44.6,105.39,1,1,0.80929
122,24,497.79,571.47,52.34,57.38,1,1,0.69622
123,0,1509.2,557.72,48.58,129.2,1,1,0.82004
123,1,497.17,623.23,50.64,116.08,1,1,0.78026
123,2,1010.34,510.91,56.52,124.68,1,1,0.83692
123,3,1110.08,221.45,41.57,91.72,1,1,0.76803
123,4,451.63,279.81,61.94,96.84,1,1,0.84546
123,5,639.94,396.49,57.39,119.41,1,1,0.81979
123,6,1059.85,346.87,46.29,96.85,1,1,0.7821
123,7,1730.75,568.1,56.98,131.81,1,1,0.82909
123,8,740.54,429.58,46.2,117.28,1,1,0.81652
123,9,592.9,496.04,67.12,129.0,1,1,0.8391
123,13,1566.35,376.58,48.52,120.43,1,1,0.83304
123,14,619.92,457.98,69.55,114.92,1,1,0.82239
123,15,1030.41,213.7,45.38,94.6,1,1,0.82163
123,16,439.49,570.41,63.05,122.72,1,1,0.83547
123,18,95.67,329.52,56.55,114.3,1,1,0.83339
123,21,525.64,495.98,63.14,105.98,1,1,0.77166
123,17,573.92,166.69,52.12,109.79,1,1,0.81126
123,12,661.6,574.15,52.46,116.11,1,1,0.80278
123,11,1168.34,248.18,52.35,104.55,1,1,0.81204
123,24,499.11,573.87,61.27,66.32,1,1,0.74109
124,0,1512.51,554.97,47.22,130.57,1,1,0.81498
124,1,497.74,629.68,50.77,108.82,1,1,0.78155
124,2,1011.91,508.65,57.71,125.63,1,1,0.83675
124,3,1117.58,219.85,37.97,87.21,1,1,0.76925
124,4,448.02,279.78,59.61,95.9,1,1,0.84514
124,5,641.03,395.25,57.16,119.31,1,1,0.81963
124,6,1058.34,343.45,43.91,94.67,1,1,0.78006
124,7,1731.99,564.88,58.23,131.38,1,1,0.82883
124,8,741.33,428.04,45.75,115.42,1,1,0.81551
124,9,594.02,494.62,67.94,126.7,1,1,0.83888
124,13,1566.93,375.17,46.99,119.87,1,1,0.82875
124,14,621.56,456.77,71.09,117.22,1,1,0.82229
124,15,1034.35,212.22,43.96,91.48,1,1,0.82024
124,16,439.19,570.19,64.51,121.45,1,1,0.83329
124,18,97.76,327.46,56.0,114.17,1,1,0.83251
124,21,527.48,495.25,61.58,105.95,1,1,0.7707
124,17,573.89,165.12,50.48,110.2,1,1,0.81063
124,12,667.58,575.34,51.27,116.6,1,1,0.8018
124,11,1169.5,247.42,55.6,104.39,1,1,0.8157
124,24,500.04,573.37,64.49,69.41,1,1,0.73872
125,0,1514.6,547.07,56.4,129.52,1,1,0.80875
125,1,497.63,640.92,54.22,98.28,1,1,0.80441
125,2,1011.91,506.06,60.44,126.68,1,1,0.83205
125,3,1132.48,221.54,39.44,101.49,1,1,0.78366
125,4,432.97,284.8,72.74,94.99,1,1,0.85882
125,5,639.51,395.61,62.09,111.16,1,1,0.80541
125,6,1050.49,337.29,44.95,94.68,1,1,0.79131
125,7,1735.91,560.12,57.15,124.9,1,1,0.82948
125,8,741.63,428.73,48.77,115.41,1,1,0.81403
125,9,597.65,495.35,65.37,123.55,1,1,0.82867
125,13,1566.64,374.37,44.78,120.64,1,1,0.8345
125,14,626.48,470.2,70.0,107.93,1,1,0.79843
125,15,1045.16,212.06,41.55,94.67,1,1,0.79119
125,16,439.08,575.48,66.48,123.45,1,1,0.82716
125,18,100.67,327.01,56.32,113.71,1,1,0.83322
125,21,532.7,497.24,58.2,105.47,1,1,0.76128
125,17,575.05,164.9,46.57,114.2,1,1,0.81467
125,12,675.96,579.97,58.88,113.02,1,1,0.81167
125,11,1178.96,248.38,53.11,101.75,1,1,0.80098
125,24,499.6,577.68,68.13,75.99,1,1,0.72575
126,0,1515.88,542.91,59.45,129.11,1,1,0.80881
126,1,497.9,643.43,55.49,94.59,1,1,0.80463
126,2,1012.2,503.83,61.48,127.08,1,1,0.83202
126,3,1137.61,220.86,39.9,106.19,1,1,0.78343
126,4,428.12,285.36,76.91,94.67,1,1,0.8582
126,5,639.31,394.54,63.87,107.94,1,1,0.80545
126,6,1048.12,333.9,45.35,94.68,1,1,0.79143
126,7,1737.56,557.24,56.75,122.46,1,1,0.82944
126,8,742.05,427.74,49.86,115.43,1,1,0.81394
126,9,599.39,494.31,64.55,122.33,1,1,0.82878
126,13,1566.91,372.84,44.04,120.93,1,1,0.83435
126,14,628.64,474.11,69.52,103.98,1,1,0.79853
126,15,1049.0,210.77,40.71,95.83,1,1,0.79117
126,16,439.35,576.09,67.25,124.21,1,1,0.82751
126,18,102.03,325.64,56.44,113.55,1,1,0.83322
126,21,534.95,496.67,57.02,105.26,1,1,0.76114
126,17,575.76,163.54,45.17,115.69,1,1,0.81449
126,12,679.4,580.28,61.57,111.53,1,1,0.81179
126,11,1182.84,247.45,52.05,100.76,1,1,0.80089
126,24,499.75,577.98,69.54,78.57,1,1,0.72653
126,25,620.43,446.57,47.73,50.2,1,1,0.69492
127,0,1519.14,540.6,63.02,120.66,1,1,0.82001
127,1,495.52,647.19,60.02,91.17,1,1,0.82121
127,2,1014.78,502.54,59.24,126.11,1,1,0.82784
127,3,1142.93,221.4,41.94,109.1,1,1,0.78187
127,4,421.93,286.47,81.64,95.41,1,1,0.86463
127,5,638.19,395.95,66.35,106.39,1,1,0.79438
127,6,1046.28,331.97,44.62,98.73,1,1,0.80972
127,7,1739.62,555.52,54.91,122.98,1,1,0.82424
127,8,742.0,427.66,53.21,115.59,1,1,0.81981
127,9,601.42,495.45,62.47,120.68,1,1,0.82344
127,13,1566.11,371.56,43.54,117.25,1,1,0.83155
127,14,631.92,481.03,66.39,99.19,1,1,0.80105
127,15,1053.44,210.91,42.15,95.69,1,1,0.82134
127,16,439.21,578.81,68.5,121.38,1,1,0.83064
127,18,103.43,325.54,56.88,114.09,1,1,0.83261
127,21,535.07,498.78,56.24,104.43,1,1,0.76939
127,17,575.34,163.2,44.25,114.44,1,1,0.82184
127,12,683.58,582.46,68.95,109.48,1,1,0.81846
127,11,1191.83,248.47,49.79,102.12,1,1,0.79981
127,24,499.59,580.41,69.3,80.97,1,1,0.75938
127,25,620.1,446.09,47.91,52.57,1,1,0.7182
128,0,1525.81,537.67,60.96,115.77,1,1,0.80653
128,1,493.28,650.58,63.9,88.17,1,1,0.84245
128,2,1017.22,501.44,57.42,122.83,1,1,0.83659
128,3,1148.72,220.98,43.92,104.49,1,1,0.78286
128,4,415.56,287.22,83.41,96.77,1,1,0.86795
128,5,640.9,397.51,67.02,107.63,1,1,0.81912
128,6,1044.01,329.49,42.89,101.03,1,1,0.79969
128,7,1741.64,553.36,52.9,124.75,1,1,0.82484
128,8,741.89,426.91,55.28,116.92,1,1,0.82518
128,9,603.99,497.8,60.88,118.18,1,1,0.82881
128,13,1564.79,371.24,43.7,111.75,1,1,0.84484
128,14,631.83,485.37,66.65,96.37,1,1,0.80356
128,15,1057.47,210.26,42.21,94.66,1,1,0.79684
128,16,438.38,582.22,70.19,119.44,1,1,0.84745
128,18,106.06,324.42,56.32,114.86,1,1,0.83445
128,21,535.3,499.36,56.31,105.3,1,1,0.77845
128,17,575.04,163.28,42.87,111.8,1,1,0.82934
128,12,691.18,585.3,67.99,101.29,1,1,0.8365
128,11,1199.92,250.43,46.99,102.21,1,1,0.818
128,24,499.47,583.86,70.11,84.43,1,1,0.80196
128,25,620.55,443.27,53.73,68.78,1,1,0.75655
128,26,565.7,481.93,51.05,107.31,1,1,0.73842
129,0,1532.8,533.8,53.91,121.88,1,1,0.81828
129,1,494.02,660.1,64.28,89.56,1,1,0.85121
129,2,1019.58,500.13,54.78,121.06,1,1,0.83759
129,3,1157.08,220.51,47.64,96.89,1,1,0.78112
129,4,404.95,289.9,76.21,100.87,1,1,0.86644
129,5,643.11,402.27,63.76,112.31,1,1,0.84912
129,6,1038.26,326.79,41.75,95.76,1,1,0.80189
129,7,1742.61,548.37,53.66,128.56,1,1,0.81761
129,8,741.31,425.88,56.55,108.97,1,1,0.80795
129,9,604.26,501.18,63.39,116.52,1,1,0.81649
129,13,1561.23,370.64,46.82,112.12,1,1,0.82855
129,14,625.17,494.22,71.12,91.32,1,1,0.77742
129,15,1062.32,211.78,51.54,92.38,1,1,0.83849
129,16,436.93,589.52,72.41,124.62,1,1,0.85045
129,18,107.92,323.45,57.82,114.86,1,1,0.83635
129,21,535.87,502.36,55.34,104.8,1,1,0.78879
129,17,574.06,166.23,41.92,107.75,1,1,0.83906
129,12,707.12,591.32,65.17,114.06,1,1,0.77438
129,11,1205.43,251.26,47.04,101.34,1,1,0.80819
129,24,498.81,592.33,68.21,86.02,1,1,0.80788
129,25,618.79,440.67,59.97,83.48,1,1,0.82603
129,26,564.17,484.07,52.49,108.28,1,1,0.76456
130,0,1535.88,530.96,51.14,124.09,1,1,0.81843
130,1,495.15,661.82,64.4,90.13,1,1,0.85137
130,2,1021.17,498.17,53.8,120.42,1,1,0.8377
130,3,1160.9,218.83,49.07,94.05,1,1,0.78127
130,4,402.06,289.3,73.23,102.42,1,1,0.86652
130,5,644.8,402.49,62.45,114.07,1,1,0.8492
130,6,1037.01,324.36,41.39,93.7,1,1,0.80179
130,7,1743.66,545.04,53.96,130.02,1,1,0.81734
130,8,741.91,423.97,57.03,105.99,1,1,0.80794
130,9,605.12,500.87,64.32,115.91,1,1,0.81657
130,13,1560.77,368.98,47.96,112.28,1,1,0.8294
130,14,623.47,495.79,72.79,89.43,1,1,0.7773
130,15,1065.02,210.82,54.8,91.54,1,1,0.83854
130,16,437.15,590.6,73.28,126.54,1,1,0.85074
130,18,109.36,321.58,58.37,114.87,1,1,0.8364
130,21,536.83,501.89,55.03,104.61,1,1,0.7889
130,17,574.45,165.81,41.63,106.24,1,1,0.83919
130,12,713.8,591.95,64.03,118.52,1,1,0.77479
130,11,1208.0,250.01,47.07,101.03,1,1,0.80833
130,24,499.35,594.0,67.38,86.54,1,1,0.80805
130,25,618.94,437.78,62.2,89.55,1,1,0.82606
130,26,564.41,483.36,53.0,108.61,1,1,0.7646
131,0,1535.85,527.4,49.46,127.27,1,1,0.83001
131,1,494.97,674.62,65.24,88.38,1,1,0.84616
131,2,1022.87,495.91,51.71,122.37,1,1,0.83117
131,3,1171.88,220.07,44.59,93.22,1,1,0.76557
131,4,385.75,293.77,59.24,102.58,1,1,0.84402
131,5,644.22,406.62,60.22,114.24,1,1,0.83435
131,6,1029.6,322.3,40.4,86.32,1,1,0.78672
131,7,1742.42,540.69,56.7,124.18,1,1,0.83113
131,8,741.17,423.43,54.28,108.45,1,1,0.82608
131,9,602.98,504.26,66.37,115.46,1,1,0.8075
131,13,1557.28,368.0,52.01,111.71,1,1,0.79442
131,14,611.92,497.23,80.21,90.94,1,1,0.77604
131,15,1074.64,212.47,52.39,89.62,1,1,0.8136
131,16,436.74,597.0,71.84,124.29,1,1,0.84092
131,18,108.93,320.58,57.14,113.04,1,1,0.83023
131,21,536.21,503.81,52.76,105.9,1,1,0.78786
131,17,564.16,170.13,46.98,103.41,1,1,0.82665
131,12,729.94,598.52,56.98,121.29,1,1,0.82553
131,11,1207.98,250.42,49.01,96.63,1,1,0.81045
131,24,499.5,600.78,64.19,90.68,1,1,0.81116
131,25,615.2,436.3,62.43,94.43,1,1,0.82364
131,26,565.67,486.19,50.17,107.28,1,1,0.75814
132,0,1538.4,522.28,49.73,128.64,1,1,0.81718
132,1,494.52,683.54,66.58,82.67,1,1,0.83004
132,2,1025.51,492.91,49.93,122.45,1,1,0.82662
132,3,1180.49,220.42,40.98,102.38,1,1,0.78575
132,4,366.88,295.61,63.57,102.5,1,1,0.84508
132,5,643.82,407.68,58.63,114.38,1,1,0.82821
132,6,1024.52,320.6,39.88,81.26,1,1,0.79425
132,7,1742.04,536.13,57.01,118.92,1,1,0.82833
132,8,739.76,422.17,52.72,106.46,1,1,0.82979
132,9,602.29,504.87,66.39,115.79,1,1,0.809
132,13,1555.06,365.1,57.24,113.66,1,1,0.81829
132,14,607.54,495.94,81.95,93.2,1,1,0.72466
132,15,1081.36,209.64,50.49,94.11,1,1,0.79655
132,16,439.27,599.87,69.43,122.43,1,1,0.82787
132,18,110.55,317.13,56.17,114.48,1,1,0.82672
132,21,537.16,503.15,51.22,107.77,1,1,0.78343
132,17,561.31,171.53,48.23,101.85,1,1,0.81992
132,12,742.04,601.66,55.69,120.64,1,1,0.81692
132,11,1214.09,249.18,46.37,97.91,1,1,0.80225
132,24,501.6,604.45,61.33,95.24,1,1,0.81327
132,25,612.95,435.09,60.62,95.19,1,1,0.78089
132,26,567.23,487.36,47.36,107.6,1,1,0.75376
133,0,1539.84,519.71,49.85,129.17,1,1,0.81734
133,1,495.05,685.78,67.08,80.68,1,1,0.83027
133,2,1027.06,491.09,49.3,122.51,1,1,0.82652
133,3,1183.85,219.77,39.69,105.68,1,1,0.78563
133,4,361.54,295.51,64.82,102.46,1,1,0.84518
133,5,644.34,407.31,58.06,114.42,1,1,0.82827
133,6,1023.33,319.47,39.83,79.54,1,1,0.79368
133,7,1742.5,533.9,57.14,117.03,1,1,0.82861
133,8,739.97,421.02,52.2,105.74,1,1,0.82971
133,9,602.71,504.32,66.39,115.92,1,1,0.80904
133,13,1554.94,363.34,59.35,114.45,1,1,0.81839
133,14,606.48,494.59,82.6,94.06,1,1,0.72436
133,15,1084.35,207.87,49.76,95.75,1,1,0.79588
133,16,440.96,600.09,68.47,121.75,1,1,0.82802
133,18,111.79,315.15,55.8,115.02,1,1,0.82707
133,21,538.11,502.15,50.73,108.44,1,1,0.78343
133,17,560.96,171.31,48.75,101.32,1,1,0.82001
133,12,746.69,601.96,55.26,120.31,1,1,0.81699
133,11,1216.87,247.99,45.34,98.4,1,1,0.8022
133,24,503.05,605.03,60.22,96.97,1,1,0.81342
133,25,612.83,433.87,59.76,95.1,1,1,0.78106
133,26,568.25,487.08,46.5,107.7,1,1,0.75385
134,0,1541.97,517.94,51.01,122.49,1,1,0.82872
134,1,493.3,691.82,69.79,77.68,1,1,0.83139
134,2,1026.34,490.68,49.0,118.38,1,1,0.83471
134,3,1187.14,220.14,38.67,106.74,1,1,0.80119
134,4,352.74,296.29,68.83,103.22,1,1,0.84709
134,5,643.13,407.74,55.83,112.53,1,1,0.81595
134,6,1018.35,318.75,41.41,90.43,1,1,0.80643
134,7,1740.22,532.46,54.94,117.08,1,1,0.83177
134,8,738.45,420.99,51.0,104.67,1,1,0.8318
134,9,600.03,506.42,66.58,114.53,1,1,0.82184
134,13,1553.15,362.59,57.79,112.91,1,1,0.83194
134,14,603.07,497.4,81.66,92.7,1,1,0.72638
134,15,1088.86,209.48,45.08,96.11,1,1,0.82255
134,16,440.74,602.48,66.88,120.5,1,1,0.83874
134,18,114.79,315.63,55.26,113.93,1,1,0.8238
134,21,536.77,503.46,50.79,108.81,1,1,0.78962
134,17,560.05,172.0,48.48,102.69,1,1,0.822
134,12,752.95,605.12,55.96,117.29,1,1,0.82508
134,11,1220.02,248.54,43.54,97.64,1,1,0.81379
134,24,503.18,608.19,57.77,99.43,1,1,0.81465
134,25,609.99,435.39,59.64,95.46,1,1,0.81136
134,26,566.2,489.04,46.74,108.65,1,1,0.75326
135,0,1544.22,515.46,52.55,115.73,1,1,0.82249
135,1,491.78,699.06,73.84,79.19,1,1,0.82878
135,2,1027.04,490.28,48.45,117.39,1,1,0.83461
135,3,1191.25,219.82,36.71,107.11,1,1,0.78947
135,4,344.42,298.26,75.24,102.57,1,1,0.85586
135,5,641.99,407.82,53.14,109.86,1,1,0.81083
135,6,1015.13,318.79,40.83,91.98,1,1,0.81349
135,7,1737.86,530.04,51.93,119.06,1,1,0.82855
135,8,738.32,420.89,48.6,104.29,1,1,0.82739
135,9,599.42,508.81,64.29,112.71,1,1,0.81325
135,13,1551.57,361.32,51.57,109.51,1,1,0.83169
135,14,603.22,499.4,77.41,94.1,1,1,0.65754
135,15,1091.17,211.2,43.01,95.52,1,1,0.80948
135,16,443.79,604.32,62.3,122.66,1,1,0.82802
135,18,120.06,312.25,51.57,118.09,1,1,0.8158
135,21,536.95,505.05,49.32,107.82,1,1,0.78625
135,17,558.62,172.47,48.54,102.93,1,1,0.82064
135,12,762.58,608.34,57.62,118.55,1,1,0.82374
135,11,1220.05,250.07,43.24,97.52,1,1,0.81005
135,24,505.85,611.36,54.3,100.09,1,1,0.81627
135,25,607.44,437.53,57.5,96.18,1,1,0.81099
135,26,565.74,490.73,45.98,108.2,1,1,0.74039
136,0,1546.07,513.49,49.33,114.81,1,1,0.82803
136,1,489.46,717.68,82.21,73.94,1,1,0.83548
136,2,1025.31,489.72,51.52,120.84,1,1,0.84436
136,3,1197.82,219.52,35.96,98.71,1,1,0.80515
136,4,329.34,296.83,74.3,105.19,1,1,0.86402
136,5,640.27,408.42,50.96,103.07,1,1,0.82807
136,6,1006.82,316.25,41.44,97.62,1,1,0.82357
136,7,1732.59,525.67,49.16,123.53,1,1,0.8329
136,8,733.92,419.39,48.29,102.21,1,1,0.82769
136,9,595.11,514.68,62.2,109.31,1,1,0.82772
136,13,1546.05,361.49,46.43,108.77,1,1,0.83831
136,14,603.67,504.79,64.97,93.01,1,1,0.70131
136,15,1094.64,214.29,41.23,93.15,1,1,0.81493
136,16,445.03,607.8,57.07,129.68,1,1,0.84196
136,18,127.91,310.88,46.51,114.51,1,1,0.82596
136,21,535.88,510.35,47.76,105.12,1,1,0.78664
136,17,555.51,174.44,44.06,96.07,1,1,0.82083
136,12,780.2,616.53,58.83,123.11,1,1,0.84571
136,11,1216.14,250.43,49.85,98.21,1,1,0.8286
136,24,507.45,617.6,51.0,105.64,1,1,0.82796
136,25,601.58,442.5,48.95,86.13,1,1,0.76909
136,26,563.18,492.74,44.63,106.5,1,1,0.73778
137,0,1547.03,510.76,47.88,116.01,1,1,0.83685
137,1,492.83,729.64,84.72,73.13,1,1,0.82899
137,2,1025.53,487.65,53.17,122.59,1,1,0.83813
137,3,1203.79,218.3,35.63,90.76,1,1,0.79772
137,4,321.87,297.87,67.2,105.76,1,1,0.84417
137,5,639.84,406.83,49.05,101.75,1,1,0.82966
137,6,1001.5,313.34,41.92,92.19,1,1,0.81152
137,7,1728.8,520.82,49.47,124.99,1,1,0.82909
137,8,731.24,416.03,47.83,105.11,1,1,0.83246
137,9,593.15,518.24,60.72,108.05,1,1,0.82993
137,13,1543.28,360.8,43.91,109.47,1,1,0.83102
137,14,603.63,508.22,58.74,91.6,1,1,0.72308
137,15,1098.71,215.52,39.5,88.59,1,1,0.82926
137,16,445.64,610.12,54.77,132.28,1,1,0.84309
137,18,131.98,309.11,43.34,112.35,1,1,0.82829
137,21,536.17,512.5,47.45,103.94,1,1,0.79068
137,17,554.56,176.27,40.46,91.68,1,1,0.81662
137,12,793.99,623.05,53.32,122.99,1,1,0.84305
137,11,1217.97,249.78,52.39,97.16,1,1,0.82292
137,24,509.05,621.96,49.99,107.98,1,1,0.82478
137,25,599.04,445.38,46.68,84.4,1,1,0.77951
137,26,564.08,493.18,42.25,106.06,1,1,0.72993
138,0,1548.21,509.04,47.36,116.48,1,1,0.8369
138,1,495.32,732.76,85.62,72.93,1,1,0.82876
138,2,1026.57,486.07,53.83,123.26,1,1,0.83809
138,3,1206.58,217.11,35.54,87.89,1,1,0.79779
138,4,320.57,297.37,64.35,106.02,1,1,0.84416
138,5,640.61,405.45,48.4,101.3,1,1,0.82974
138,6,1000.59,311.5,42.1,89.94,1,1,0.81162
138,7,1728.37,518.28,49.63,125.52,1,1,0.82924
138,8,731.21,414.0,47.68,106.19,1,1,0.83246
138,9,593.39,518.67,60.18,107.63,1,1,0.82994
138,13,1543.26,359.77,43.04,109.76,1,1,0.83124
138,14,604.51,508.55,56.67,91.09,1,1,0.72267
138,15,1100.85,215.17,38.92,86.9,1,1,0.82933
138,16,446.71,610.06,53.98,133.25,1,1,0.84296
138,18,134.1,307.7,42.32,111.55,1,1,0.82823
138,21,537.2,512.42,47.36,103.51,1,1,0.79073
138,17,555.18,176.12,39.19,90.16,1,1,0.81663
138,12,799.6,624.58,51.1,122.87,1,1,0.8431
138,11,1219.62,248.7,53.41,96.69,1,1,0.82304
138,24,510.47,622.71,49.64,108.82,1,1,0.82456
138,25,599.12,445.62,45.94,83.68,1,1,0.77956
138,26,565.31,492.5,41.43,105.91,1,1,0.73024
139,0,1546.69,505.02,48.51,119.31,1,1,0.84667
139,1,505.79,741.46,79.63,75.49,1,1,0.86081
139,2,1025.23,483.94,53.8,120.0,1,1,0.83783
139,3,1212.35,220.0,34.08,81.53,1,1,0.76846
139,4,309.59,301.29,51.97,105.85,1,1,0.85024
139,5,637.48,405.11,47.93,103.8,1,1,0.84013
139,6,993.63,308.21,40.3,95.11,1,1,0.791
139,7,1721.34,515.17,52.52,113.74,1,1,0.83502
139,8,728.99,414.06,45.71,106.19,1,1,0.84481
139,9,589.35,525.79,59.47,114.47,1,1,0.81206
139,13,1539.16,359.99,41.37,109.4,1,1,0.83955
139,14,602.41,507.54,56.66,98.36,1,1,0.81657
139,15,1104.36,217.53,38.92,88.5,1,1,0.83287
139,16,442.74,617.0,54.56,132.89,1,1,0.85273
139,18,135.03,308.88,41.98,107.84,1,1,0.84375
139,21,535.17,518.42,46.1,104.38,1,1,0.79711
139,17,550.27,180.25,38.02,88.86,1,1,0.81168
139,12,811.01,629.41,48.11,122.43,1,1,0.81883
139,11,1227.57,251.18,47.78,94.74,1,1,0.82551
139,24,512.16,630.72,50.98,113.93,1,1,0.83989
139,25,594.68,449.4,44.88,75.11,1,1,0.81049
140,0,1547.58,501.86,49.12,120.82,1,1,0.84663
140,1,511.53,742.72,77.15,76.4,1,1,0.8605
140,2,1026.15,481.43,53.77,118.76,1,1,0.83818
140,3,1215.59,219.43,33.57,79.38,1,1,0.76837
140,4,307.75,300.97,47.33,105.77,1,1,0.85027
140,5,637.77,403.24,47.8,104.77,1,1,0.84025
140,6,992.66,305.31,39.6,96.96,1,1,0.79106
140,7,1720.19,512.5,53.71,109.21,1,1,0.83591
140,8,729.7,412.34,45.0,106.24,1,1,0.84511
140,9,589.23,526.66,58.61,116.8,1,1,0.813
140,13,1539.08,358.34,40.85,109.28,1,1,0.83858
140,14,603.08,505.35,56.78,101.07,1,1,0.81913
140,15,1106.89,216.65,38.95,89.11,1,1,0.83302
140,16,442.69,617.82,54.88,132.74,1,1,0.85326
140,18,136.66,307.66,41.96,106.48,1,1,0.84391
140,21,535.93,518.85,45.72,104.72,1,1,0.79714
140,17,549.96,180.03,37.65,88.44,1,1,0.81153
140,12,816.09,629.31,47.06,122.24,1,1,0.81971
140,11,1232.03,250.39,45.54,94.06,1,1,0.82593
140,24,514.2,631.92,51.7,115.81,1,1,0.84073
140,25,594.55,449.12,44.54,71.48,1,1,0.81092
141,0,1546.88,498.13,52.31,118.66,1,1,0.86016
141,1,514.93,746.05,76.16,77.68,1,1,0.8587
141,2,1025.85,481.3,53.26,114.06,1,1,0.84993
141,3,1217.91,219.21,34.82,86.12,1,1,0.76502
141,4,299.85,302.49,50.32,106.82,1,1,0.8539
141,5,636.23,402.91,46.59,106.02,1,1,0.83875
141,6,988.69,305.37,38.94,96.93,1,1,0.83225
141,7,1716.19,511.19,54.55,108.11,1,1,0.84725
141,8,729.68,412.47,43.61,102.48,1,1,0.84838
141,9,586.44,530.53,56.05,118.31,1,1,0.81317
141,13,1537.76,357.91,40.07,107.56,1,1,0.83198
141,14,603.29,508.4,53.88,102.23,1,1,0.81165
141,15,1108.64,217.65,43.09,91.32,1,1,0.81591
141,16,441.8,621.28,54.97,132.65,1,1,0.85027
141,18,137.02,309.26,40.32,104.85,1,1,0.84516
141,21,535.58,520.95,44.84,106.31,1,1,0.80342
141,17,549.07,181.71,36.73,89.84,1,1,0.81746
141,12,822.51,633.0,49.24,123.48,1,1,0.82329
141,11,1238.83,251.27,41.46,96.42,1,1,0.79888
141,24,515.91,635.69,50.51,113.62,1,1,0.83619
141,25,592.07,450.71,43.94,73.53,1,1,0.79754
142,0,1545.32,495.04,53.69,114.02,1,1,0.86945
142,1,517.08,748.5,75.73,78.62,1,1,0.85947
142,2,1025.23,480.22,51.4,109.59,1,1,0.85394
142,3,1219.99,220.73,36.04,95.69,1,1,0.78258
142,4,289.99,301.7,57.72,107.23,1,1,0.87718
142,5,634.39,403.44,46.12,106.21,1,1,0.83852
142,6,985.1,303.04,38.05,96.64,1,1,0.83907
142,7,1712.21,509.23,54.13,109.25,1,1,0.85298
142,8,728.87,412.5,43.36,101.71,1,1,0.85921
142,9,583.96,534.77,54.84,116.33,1,1,0.82099
142,13,1537.05,357.29,39.75,104.18,1,1,0.84245
142,14,602.01,510.66,54.03,102.62,1,1,0.81781
142,15,1111.74,218.4,46.9,91.82,1,1,0.84206
142,16,440.62,624.66,54.69,132.11,1,1,0.86056
142,18,138.7,310.12,39.63,104.34,1,1,0.8396
142,21,534.97,522.95,44.22,105.37,1,1,0.80374
142,17,548.17,183.64,35.37,89.44,1,1,0.82707
142,12,827.7,638.99,54.37,120.64,1,1,0.82909
142,11,1243.29,251.89,39.54,96.99,1,1,0.80949
142,24,516.9,639.32,50.75,112.48,1,1,0.8462
142,25,589.8,451.6,42.52,73.35,1,1,0.81152
143,0,1545.38,491.78,53.29,109.31,1,1,0.85663
143,1,515.24,751.7,79.24,77.93,1,1,0.84982
143,2,1023.44,479.2,50.71,108.99,1,1,0.84215
143,3,1223.9,220.69,35.75,99.43,1,1,0.76936
143,4,277.8,301.83,67.53,105.89,1,1,0.87335
143,5,633.17,402.25,45.48,104.78,1,1,0.81461
143,6,980.34,303.62,39.32,96.08,1,1,0.8389
143,7,1709.25,506.18,51.55,111.82,1,1,0.84305
143,8,728.39,412.37,42.98,102.72,1,1,0.85424
143,9,582.64,538.83,52.86,113.92,1,1,0.80134
143,13,1535.87,356.77,39.24,101.73,1,1,0.83592
143,14,601.04,513.19,52.85,103.06,1,1,0.80313
143,15,1114.09,218.39,50.33,91.69,1,1,0.84472
143,16,440.15,628.19,53.37,130.76,1,1,0.85839
143,18,140.15,311.71,39.05,104.62,1,1,0.83099
143,21,535.37,523.5,44.16,105.67,1,1,0.77924
143,17,546.16,184.3,34.15,86.6,1,1,0.80724
143,12,832.67,643.11,58.94,120.18,1,1,0.81894
143,11,1244.97,251.87,40.03,97.72,1,1,0.8235
143,24,517.2,643.0,53.19,111.49,1,1,0.83794
143,25,587.52,451.31,40.99,75.12,1,1,0.80318
144,0,1544.28,488.7,49.17,112.01,1,1,0.84597
144,1,509.75,758.3,87.3,75.43,1,1,0.85991
144,2,1021.28,478.24,49.54,110.96,1,1,0.85694
144,3,1229.26,220.25,35.62,90.71,1,1,0.80847
144,4,260.36,306.73,74.84,102.76,1,1,0.88854
144,5,629.17,401.69,45.64,103.71,1,1,0.83694
144,6,974.9,306.88,39.56,93.93,1,1,0.82865
144,7,1704.54,500.46,49.2,115.86,1,1,0.85943
144,8,728.24,408.72,42.91,107.47,1,1,0.86326
144,9,581.02,542.69,53.55,112.39,1,1,0.80082
144,13,1532.28,357.87,39.84,101.65,1,1,0.86246
144,14,594.64,515.2,53.63,107.12,1,1,0.76292
144,15,1115.68,219.12,53.56,89.85,1,1,0.85651
144,16,439.87,632.83,51.77,129.24,1,1,0.86166
144,18,142.13,316.01,39.26,105.08,1,1,0.83732
144,21,534.93,527.96,43.98,105.99,1,1,0.80947
144,17,541.66,188.46,34.6,85.45,1,1,0.83015
144,12,842.1,649.17,55.71,119.81,1,1,0.81914
144,11,1246.39,252.15,42.65,94.22,1,1,0.83489
144,24,517.9,649.18,58.11,109.5,1,1,0.8523
144,25,579.71,452.22,42.21,74.54,1,1,0.79952
145,0,1544.84,485.98,47.53,113.1,1,1,0.84639
145,1,508.85,758.87,90.41,74.48,1,1,0.85964
145,2,1021.61,476.29,49.12,111.71,1,1,0.85647
145,3,1232.28,218.36,35.56,87.03,1,1,0.80825
145,4,254.74,306.89,77.88,101.57,1,1,0.8886
145,5,628.9,399.84,45.73,103.32,1,1,0.83662
145,6,974.17,306.53,39.67,93.1,1,1,0.82863
145,7,1704.06,496.73,48.35,117.38,1,1,0.85961
145,8,729.36,405.72,42.94,109.22,1,1,0.86295
145,9,581.61,542.39,53.82,111.81,1,1,0.80078
145,13,1532.09,356.68,40.08,101.68,1,1,0.86225
145,14,593.51,514.24,53.95,108.61,1,1,0.76337
145,15,1117.47,217.71,54.83,89.16,1,1,0.85641
145,16,440.91,632.8,51.24,128.67,1,1,0.8614
145,18,143.9,315.96,39.37,105.31,1,1,0.83732
145,21,535.93,527.92,43.93,106.09,1,1,0.80934
145,17,541.23,188.32,34.79,85.08,1,1,0.83017
145,12,846.58,649.65,54.35,119.69,1,1,0.82011
145,11,1248.05,250.57,43.58,92.88,1,1,0.8342
145,24,519.37,649.72,59.98,108.66,1,1,0.85234
145,25,578.15,450.86,42.65,74.28,1,1,0.79962
146,1,505.69,761.91,93.76,72.75,1,1,0.84216
146,2,1019.91,474.95,48.06,112.45,1,1,0.84426
146,3,1236.48,217.84,33.92,80.71,1,1,0.75921
146,4,249.15,308.02,73.09,102.63,1,1,0.87233
146,5,626.95,400.49,46.06,101.37,1,1,0.82659
146,6,970.07,307.5,37.4,82.84,1,1,0.79829
146,7,1700.05,494.0,49.87,117.68,1,1,0.84067
146,8,728.87,405.59,42.65,109.29,1,1,0.85129
146,9,580.46,543.86,53.35,111.65,1,1,0.79054
146,13,1529.78,356.69,42.35,103.38,1,1,0.84855
146,14,593.26,518.06,49.86,109.27,1,1,0.68867
146,15,1120.22,217.96,52.08,87.64,1,1,0.84182
146,16,439.53,635.04,50.91,127.32,1,1,0.84608
146,18,144.79,316.0,39.76,105.3,1,1,0.82832
146,21,535.83,529.51,43.93,107.01,1,1,0.79136
146,17,538.77,189.64,35.17,83.55,1,1,0.82515
146,12,853.17,651.59,50.84,118.54,1,1,0.811
146,11,1252.22,250.67,41.48,92.65,1,1,0.80544
146,24,520.01,653.22,63.73,108.45,1,1,0.84693
146,25,573.37,451.78,44.08,77.86,1,1,0.79181
147,1,502.9,764.11,96.33,72.07,1,1,0.86182
147,2,1018.84,473.76,47.25,112.68,1,1,0.83943
147,3,1241.21,217.77,32.94,77.69,1,1,0.71304
147,4,245.24,309.81,62.61,102.36,1,1,0.84959
147,5,624.63,400.73,46.19,100.51,1,1,0.84567
147,6,964.99,305.24,35.42,77.32,1,1,0.82824
147,7,1696.6,490.94,51.12,115.09,1,1,0.84624
147,8,728.04,405.0,42.11,106.78,1,1,0.86187
147,9,578.64,546.57,53.45,109.57,1,1,0.80851
147,13,1526.91,356.02,43.66,100.58,1,1,0.85113
147,14,592.32,521.97,47.12,105.03,1,1,0.74587
147,15,1123.32,219.27,47.89,87.5,1,1,0.84255
147,16,438.81,636.72,51.53,126.4,1,1,0.85057
147,18,145.89,317.29,40.69,105.57,1,1,0.83943
147,21,536.3,531.18,44.48,105.98,1,1,0.77371
147,17,536.69,190.3,35.02,83.99,1,1,0.82677
147,12,860.69,653.69,46.51,116.78,1,1,0.82889
147,11,1257.89,251.26,39.78,92.87,1,1,0.82919
147,24,522.54,657.09,66.79,109.49,1,1,0.85385
147,25,569.32,452.14,44.92,80.23,1,1,0.80962
147,0,1543.15,480.89,45.17,117.72,1,1,0.84035
148,1,501.15,765.75,98.68,70.85,1,1,0.84946
148,2,1019.02,473.34,45.93,107.23,1,1,0.82992
148,3,1246.26,218.19,31.93,77.67,1,1,0.70618
148,4,239.96,312.02,50.23,101.66,1,1,0.82501
148,5,623.08,401.1,47.01,99.98,1,1,0.83252
148,6,960.57,304.08,35.01,81.39,1,1,0.80461
148,7,1692.05,488.11,50.61,110.85,1,1,0.83277
148,8,726.7,404.47,42.63,103.62,1,1,0.84708
148,9,578.82,550.52,50.35,107.54,1,1,0.77688
148,13,1523.3,354.4,44.69,104.39,1,1,0.8398
148,14,591.26,524.06,44.3,102.96,1,1,0.70725
148,15,1125.87,220.03,44.93,87.54,1,1,0.83123
148,16,439.3,638.44,52.63,127.78,1,1,0.83449
148,18,147.06,316.23,40.78,103.21,1,1,0.82193
148,21,536.25,531.65,43.87,106.69,1,1,0.74261
148,17,534.65,191.04,35.38,85.39,1,1,0.82142
148,12,868.99,655.29,43.52,115.77,1,1,0.81608
148,11,1261.12,252.58,38.82,93.04,1,1,0.80868
148,24,527.34,660.46,65.55,107.96,1,1,0.82695
148,25,566.63,452.71,45.26,81.14,1,1,0.79095
148,0,1542.02,477.71,43.97,119.9,1,1,0.82404
149,1,499.23,766.88,102.05,70.99,1,1,0.86011
149,2,1020.07,473.24,44.85,99.64,1,1,0.83703
149,3,1251.31,218.94,31.11,71.86,1,1,0.74513
149,4,234.23,314.28,43.86,101.95,1,1,0.83811
149,5,622.16,401.73,47.68,98.34,1,1,0.84244
149,6,956.69,303.71,35.57,84.15,1,1,0.84248
149,7,1688.06,485.68,49.62,105.62,1,1,0.84162
149,8,725.37,404.61,42.75,100.3,1,1,0.85373
149,9,577.35,554.27,49.07,107.25,1,1,0.78975
149,13,1520.39,353.01,46.27,104.67,1,1,0.85149
149,14,585.34,524.58,47.86,104.39,1,1,0.69068
149,15,1128.47,220.55,43.3,88.99,1,1,0.84258
149,16,439.85,640.31,53.73,129.75,1,1,0.84005
149,18,148.27,316.41,40.71,99.67,1,1,0.83435
149,21,536.63,534.68,44.53,105.3,1,1,0.71485
149,17,532.0,192.98,36.37,85.38,1,1,0.83307
149,12,876.3,657.52,42.49,117.4,1,1,0.82101
149,11,1263.83,252.44,39.91,94.7,1,1,0.82337
149,24,532.54,664.17,63.43,108.78,1,1,0.83195
149,25,563.9,453.03,45.43,81.47,1,1,0.79894
149,0,1540.89,475.23,42.73,113.67,1,1,0.81862
150,1,498.42,768.34,106.29,70.6,1,1,0.86585
150,2,1021.5,471.53,44.39,97.6,1,1,0.83331
150,3,1255.09,218.35,31.73,73.94,1,1,0.77444
150,4,228.56,314.85,43.5,102.01,1,1,0.83965
150,5,622.95,402.35,48.12,97.42,1,1,0.83636
150,6,952.94,302.86,34.88,82.31,1,1,0.84259
150,7,1684.11,484.1,48.89,102.48,1,1,0.8485
150,8,721.8,404.06,45.0,100.15,1,1,0.84945
150,9,576.17,558.5,47.7,108.07,1,1,0.78638
150,13,1518.86,351.66,47.46,100.79,1,1,0.84981
150,14,584.31,525.53,48.26,102.79,1,1,0.7357
150,15,1130.73,220.28,43.19,90.63,1,1,0.83725
150,16,440.29,642.32,56.03,131.83,1,1,0.83786
150,18,149.49,315.6,40.99,98.88,1,1,0.836
150,21,538.0,536.53,44.99,104.93,1,1,0.75474
150,17,529.07,194.26,37.0,85.87,1,1,0.83275
150,12,883.75,661.54,42.21,117.42,1,1,0.81474
150,11,1264.91,253.18,42.8,94.47,1,1,0.84778
150,24,538.22,669.55,59.64,104.68,1,1,0.81881
150,25,560.81,453.1,46.03,81.88,1,1,0.80485
150,0,1542.02,472.99,40.92,105.7,1,1,0.82423
151,1,497.89,769.74,109.44,69.93,1,1,0.87046
151,2,1021.63,469.92,44.03,98.75,1,1,0.83789
151,3,1257.91,217.52,32.36,82.61,1,1,0.75776
151,4,219.57,314.38,49.18,103.9,1,1,0.85757
151,5,623.68,402.21,47.41,97.01,1,1,0.83329
151,6,950.34,302.18,33.91,81.28,1,1,0.84374
151,7,1681.22,482.49,47.56,103.17,1,1,0.85015
151,8,720.26,403.75,45.52,99.99,1,1,0.85329
151,9,576.22,563.18,46.67,107.9,1,1,0.80528
151,13,1517.01,351.17,48.15,97.7,1,1,0.84434
151,14,582.17,525.01,49.31,105.02,1,1,0.73864
151,15,1135.93,220.43,41.45,89.64,1,1,0.83885
151,16,440.76,644.94,57.34,132.45,1,1,0.83465
151,18,150.92,315.73,42.32,98.7,1,1,0.83811
151,21,538.49,535.93,44.89,106.59,1,1,0.75301
151,17,526.95,195.24,36.94,86.35,1,1,0.84225
151,12,891.64,663.83,42.4,120.29,1,1,0.82183
151,11,1267.09,253.3,44.71,91.51,1,1,0.84435
151,24,541.23,674.87,56.91,100.27,1,1,0.81211
151,25,557.22,453.11,47.16,82.56,1,1,0.80891
151,0,1541.64,471.04,39.92,100.06,1,1,0.81037
152,1,497.2,771.11,113.22,70.43,1,1,0.86913
152,2,1019.73,467.13,46.94,104.02,1,1,0.83293
152,3,1263.13,218.62,33.22,82.25,1,1,0.75672
152,4,206.61,316.43,55.08,98.81,1,1,0.87069
152,5,625.49,401.18,46.14,96.64,1,1,0.81613
152,6,943.72,301.03,34.07,78.16,1,1,0.81253
152,7,1674.7,480.34,46.0,106.23,1,1,0.84595
152,8,718.89,402.26,45.82,99.94,1,1,0.85681
152,9,572.21,572.56,47.51,106.88,1,1,0.79049
152,13,1513.47,353.09,46.89,98.02,1,1,0.82096
152,15,1144.76,221.92,44.22,86.04,1,1,0.84945
152,16,438.56,650.61,64.28,131.73,1,1,0.81043
152,18,150.86,317.35,44.72,97.38,1,1,0.84696
152,21,539.37,536.64,41.97,108.32,1,1,0.74502
152,17,525.75,199.25,37.2,86.56,1,1,0.8332
152,12,903.04,671.93,45.44,120.7,1,1,0.81735
152,11,1276.14,255.64,41.39,88.44,1,1,0.84147
152,24,541.21,682.24,59.52,96.67,1,1,0.79597
152,25,552.71,454.19,47.84,82.05,1,1,0.7967
152,0,1539.91,469.71,41.12,99.29,1,1,0.82467
153,1,497.36,770.69,115.58,71.38,1,1,0.85935
153,2,1019.21,464.29,48.48,105.18,1,1,0.8298
153,3,1268.24,217.87,32.6,83.66,1,1,0.75771
153,4,199.83,317.14,55.49,96.07,1,1,0.87062
153,5,627.01,398.99,45.08,98.88,1,1,0.82704
153,6,938.59,299.26,34.19,73.28,1,1,0.80777
153,7,1669.44,476.33,44.66,108.69,1,1,0.84076
153,8,719.14,399.95,44.77,98.36,1,1,0.85593
153,9,570.4,576.62,46.91,106.2,1,1,0.78693
153,13,1509.74,352.44,46.75,98.82,1,1,0.81991
153,15,1150.19,222.38,46.02,84.4,1,1,0.84915
153,16,436.61,654.65,65.67,130.01,1,1,0.8214
153,18,151.35,317.56,44.71,95.69,1,1,0.84591
153,21,539.91,537.25,39.87,108.15,1,1,0.73764
153,17,525.38,201.55,37.29,86.43,1,1,0.81193
153,12,910.77,677.8,48.8,119.56,1,1,0.82225
153,11,1283.1,255.9,38.37,87.95,1,1,0.83285
153,24,543.93,684.06,58.36,95.94,1,1,0.78867
153,25,550.52,454.87,47.36,84.78,1,1,0.77699
153,0,1538.19,466.94,42.48,100.63,1,1,0.80427
154,1,499.08,770.0,115.73,72.46,1,1,0.86207
154,2,1017.22,461.75,51.1,99.59,1,1,0.82292
154,3,1272.19,216.85,33.47,83.62,1,1,0.76461
154,4,196.29,318.11,51.83,94.03,1,1,0.86076
154,5,628.83,396.76,43.81,100.01,1,1,0.83731
154,6,934.56,298.02,37.03,82.56,1,1,0.85792
154,7,1665.2,472.93,43.0,110.12,1,1,0.84336
154,8,719.37,397.18,43.86,99.56,1,1,0.8624
154,9,569.66,580.37,47.0,104.43,1,1,0.78772
154,13,1506.49,352.1,45.08,97.3,1,1,0.80729
154,15,1153.47,223.38,47.49,84.56,1,1,0.85552
154,16,435.28,658.29,69.22,127.61,1,1,0.8225
154,18,152.08,316.01,43.41,95.66,1,1,0.8421
154,21,540.28,537.45,39.33,108.94,1,1,0.7359
154,17,524.95,203.31,38.12,85.17,1,1,0.82966
154,12,915.59,683.38,54.05,117.54,1,1,0.83762
154,11,1287.88,255.78,36.87,88.27,1,1,0.84162
154,24,546.51,684.37,57.18,97.92,1,1,0.7888
154,25,549.7,455.94,46.0,83.98,1,1,0.77253
154,0,1536.58,463.37,42.19,103.51,1,1,0.82551
155,1,500.07,768.98,115.69,72.9,1,1,0.86255
155,2,1016.78,460.27,52.22,97.6,1,1,0.82374
155,3,1273.84,215.81,33.78,83.59,1,1,0.76543
155,4,195.73,317.78,50.39,93.34,1,1,0.86095
155,5,629.8,395.26,43.38,100.49,1,1,0.8375
155,6,933.44,296.84,38.08,85.65,1,1,0.85805
155,7,1664.08,471.07,42.44,110.68,1,1,0.84364
155,8,719.72,395.52,43.59,100.08,1,1,0.86259
155,9,569.71,580.97,47.08,103.81,1,1,0.78842
155,13,1505.58,351.35,44.47,96.75,1,1,0.80793
155,15,1154.86,223.14,48.08,84.58,1,1,0.85564
155,16,435.06,658.88,70.62,126.74,1,1,0.82283
155,18,152.55,314.77,42.94,95.71,1,1,0.84216
155,21,540.68,536.83,39.2,109.22,1,1,0.73635
155,17,525.13,203.26,38.47,84.73,1,1,0.82966
155,12,917.66,684.65,56.09,116.79,1,1,0.83792
155,11,1289.69,255.08,36.35,88.4,1,1,0.84185
155,24,547.62,683.7,56.78,98.7,1,1,0.78944
155,25,549.8,455.69,45.49,83.59,1,1,0.77221
155,0,1536.24,461.47,42.08,104.63,1,1,0.82645
156,1,502.22,769.82,114.27,71.79,1,1,0.84427
156,2,1015.1,460.27,53.07,93.27,1,1,0.82188
156,3,1277.36,216.14,34.03,83.59,1,1,0.77433
156,4,194.06,318.55,44.36,94.5,1,1,0.84033
156,5,629.56,395.35,43.79,98.53,1,1,0.82269
156,6,930.35,296.71,38.3,83.26,1,1,0.84599
156,7,1660.37,469.43,41.44,107.65,1,1,0.83979
156,8,718.21,395.97,44.32,96.4,1,1,0.8537
156,9,568.99,584.15,46.78,103.47,1,1,0.7793
156,13,1502.82,351.1,44.11,96.94,1,1,0.80223
156,15,1154.79,224.86,48.07,84.3,1,1,0.85367
156,16,435.15,661.21,68.02,125.27,1,1,0.83182
156,18,152.17,314.67,42.14,94.14,1,1,0.82973
156,17,525.58,206.11,37.57,81.6,1,1,0.78205
156,12,919.57,688.22,59.53,114.6,1,1,0.82462
156,11,1292.17,254.53,36.75,88.94,1,1,0.82865
156,24,553.76,687.29,53.14,97.23,1,1,0.77095
156,25,550.03,456.2,44.74,85.13,1,1,0.76793
156,0,1535.39,459.0,42.25,107.25,1,1,0.79499
157,1,508.29,770.58,103.39,72.36,1,1,0.85055
157,2,1012.81,460.03,52.33,89.44,1,1,0.82199
157,3,1282.3,216.45,34.55,86.17,1,1,0.79198
157,4,180.55,318.65,43.93,95.83,1,1,0.82653
157,5,629.36,395.06,43.99,96.07,1,1,0.8295
157,6,923.68,295.4,38.63,81.81,1,1,0.84423
157,7,1655.87,466.21,40.71,99.17,1,1,0.83166
157,8,716.52,395.35,43.97,94.24,1,1,0.85221
157,9,564.24,590.28,49.13,104.52,1,1,0.80057
157,13,1500.14,349.0,42.67,92.37,1,1,0.79147
157,15,1155.69,225.83,48.98,83.84,1,1,0.84166
157,16,438.07,664.04,64.07,124.44,1,1,0.84317
157,18,149.15,313.51,39.11,94.95,1,1,0.82489
157,17,525.95,205.75,36.89,80.53,1,1,0.81264
157,12,923.68,694.42,60.27,112.67,1,1,0.82637
157,11,1296.34,251.63,40.29,87.4,1,1,0.84382
157,24,560.11,697.38,49.17,93.13,1,1,0.78537
157,25,550.55,455.92,41.37,85.52,1,1,0.76679
157,0,1535.79,452.67,45.31,104.63,1,1,0.80022
157,26,565.09,541.43,44.65,70.91,1,1,0.67069
157,21,536.6,536.91,42.27,113.65,1,1,0.74882
158,1,511.46,769.9,99.01,72.59,1,1,0.85086
158,2,1012.76,459.16,52.04,88.13,1,1,0.8222
158,3,1284.84,215.64,34.74,87.14,1,1,0.79195
158,4,176.87,317.75,43.81,96.34,1,1,0.82661
158,5,630.09,394.08,44.09,95.16,1,1,0.82948
158,6,922.08,294.04,38.75,81.28,1,1,0.84432
158,7,1655.13,464.3,40.49,96.02,1,1,0.83183
158,8,716.7,394.27,43.85,93.45,1,1,0.85217
158,9,563.33,591.54,50.0,104.92,1,1,0.80072
158,13,1500.02,347.35,42.15,90.67,1,1,0.79178
158,15,1156.75,225.27,49.34,83.68,1,1,0.84182
158,16,439.99,664.09,62.52,124.42,1,1,0.843
158,18,148.71,312.19,37.99,95.28,1,1,0.82505
158,17,526.92,204.68,36.64,80.18,1,1,0.81266
158,12,925.91,695.69,60.53,111.97,1,1,0.82658
158,11,1298.65,249.63,41.58,86.83,1,1,0.84386
158,24,562.99,700.13,47.78,91.56,1,1,0.78553
158,25,551.66,454.88,40.11,85.62,1,1,0.76655
158,0,1536.76,449.46,46.44,103.63,1,1,0.80074
158,26,565.58,541.65,44.77,70.33,1,1,0.67153
158,21,536.24,536.07,43.07,114.6,1,1,0.74906
159,1,517.0,771.22,91.44,72.75,1,1,0.85689
159,2,1012.69,458.4,50.68,88.13,1,1,0.82905
159,3,1283.58,215.39,39.25,91.75,1,1,0.79329
159,4,172.38,316.81,42.36,97.68,1,1,0.83688
159,5,629.08,394.16,44.04,94.3,1,1,0.82656
159,6,919.26,293.19,39.3,83.49,1,1,0.8476
159,7,1653.4,462.78,40.75,95.37,1,1,0.83713
159,8,717.58,393.85,43.0,93.98,1,1,0.85526
159,9,562.17,593.99,50.94,104.67,1,1,0.81205
159,13,1499.82,346.54,42.43,88.06,1,1,0.78731
159,15,1159.86,224.87,53.75,85.21,1,1,0.85045
159,16,444.51,665.41,69.85,124.76,1,1,0.82617
159,18,146.49,311.13,37.07,95.68,1,1,0.81314
159,17,526.25,203.57,36.07,80.91,1,1,0.81216
159,12,941.06,697.43,52.77,111.55,1,1,0.81062
159,11,1301.82,247.22,43.14,85.92,1,1,0.83428
159,24,566.19,705.05,46.82,90.21,1,1,0.8002
159,25,551.08,453.86,38.96,88.43,1,1,0.79124
159,0,1538.35,447.31,47.65,101.33,1,1,0.79657
159,26,562.33,542.94,44.75,69.04,1,1,0.67537
159,21,532.9,538.14,43.78,114.71,1,1,0.75551
160,1,529.26,771.9,76.35,76.86,1,1,0.82801
160,2,1007.97,456.13,52.24,90.65,1,1,0.81556
160,3,1291.91,211.03,37.99,89.42,1,1,0.74644
160,4,163.36,314.93,43.31,98.37,1,1,0.83505
160,5,626.64,395.23,43.16,95.22,1,1,0.79602
160,6,913.85,287.32,41.38,86.7,1,1,0.83464
160,7,1649.39,458.64,42.13,99.55,1,1,0.83074
160,8,717.66,393.34,42.99,94.43,1,1,0.84916
160,9,559.34,595.37,49.54,106.85,1,1,0.80125
160,13,1498.26,344.9,43.42,88.51,1,1,0.75183
160,15,1164.49,224.88,55.69,79.26,1,1,0.85416
160,16,450.99,666.57,61.37,130.31,1,1,0.82759
160,18,141.65,308.02,35.39,96.32,1,1,0.79888
160,17,525.22,201.29,37.3,83.03,1,1,0.80066
160,12,955.37,699.67,51.27,113.19,1,1,0.83785
160,11,1309.39,246.1,40.57,86.81,1,1,0.80306
160,24,567.81,715.25,51.13,90.83,1,1,0.80888
160,25,548.3,450.4,38.58,91.53,1,1,0.79368
160,0,1540.74,443.48,47.94,98.63,1,1,0.797
160,26,555.57,542.58,45.67,72.05,1,1,0.68606
160,21,527.34,541.76,44.05,115.47,1,1,0.80068
160,14,569.99,517.22,37.59,64.46,1,1,0.646
161,1,533.54,773.34,69.81,79.43,1,1,0.82124
161,2,1003.25,451.64,54.71,93.74,1,1,0.8111
161,3,1298.27,207.7,38.06,85.31,1,1,0.77748
161,4,157.22,312.92,45.55,97.44,1,1,0.83358
161,5,626.05,395.06,44.36,95.95,1,1,0.81065
161,6,911.6,283.44,43.2,87.01,1,1,0.82257
161,7,1646.96,453.47,43.45,103.76,1,1,0.82927
161,8,716.55,391.32,43.64,96.51,1,1,0.83633
161,9,558.31,596.59,48.4,107.41,1,1,0.77042
161,13,1497.18,342.22,43.77,88.34,1,1,0.70036
161,15,1167.94,224.52,55.54,75.89,1,1,0.85373
161,16,456.21,667.86,54.78,131.83,1,1,0.82746
161,18,138.67,305.12,34.78,98.85,1,1,0.80143
161,17,524.22,199.35,38.61,85.81,1,1,0.78832
161,12,967.13,699.18,50.22,113.35,1,1,0.79982
161,11,1317.12,245.53,38.4,86.79,1,1,0.81034
161,24,569.85,722.21,54.1,92.63,1,1,0.80422
161,25,546.43,448.65,38.51,94.65,1,1,0.77759
161,0,1542.74,440.92,47.01,99.26,1,1,0.79835
161,26,552.45,544.63,45.8,72.18,1,1,0.67885
161,21,524.83,544.39,43.88,115.16,1,1,0.78375
161,14,569.65,516.32,36.02,65.79,1,1,0.68075
162,1,533.81,774.75,68.99,82.16,1,1,0.82283
162,2,998.42,448.45,57.02,95.88,1,1,0.83058
162,3,1303.39,205.23,38.03,80.44,1,1,0.74148
162,4,152.6,311.9,46.62,95.6,1,1,0.82536
162,5,625.83,393.85,44.65,97.2,1,1,0.81291
162,6,907.65,280.85,42.83,90.67,1,1,0.83645
162,7,1644.88,448.67,44.86,106.81,1,1,0.8434
162,8,715.63,388.43,43.42,100.03,1,1,0.83227
162,9,558.6,597.65,47.05,107.9,1,1,0.77743
162,15,1170.29,223.63,55.3,76.15,1,1,0.85511
162,16,458.93,669.67,51.08,133.18,1,1,0.84468
162,18,136.26,303.55,34.63,99.12,1,1,0.78403
162,17,522.86,199.17,39.68,85.34,1,1,0.77044
162,12,972.79,698.17,54.11,115.9,1,1,0.82309
162,11,1321.7,243.89,38.06,88.68,1,1,0.78496
162,24,570.91,728.2,58.11,94.08,1,1,0.81965
162,25,544.05,447.81,39.0,96.04,1,1,0.79335
162,0,1544.09,438.08,44.6,102.16,1,1,0.78812
162,26,550.99,546.68,45.54,71.81,1,1,0.68581
162,21,522.62,547.0,43.88,114.54,1,1,0.77906
162,14,569.28,515.55,34.15,68.56,1,1,0.66197
163,1,534.05,775.05,68.81,83.2,1,1,0.82306
163,2,996.83,447.12,57.96,96.71,1,1,0.83073
163,3,1305.51,204.18,37.93,78.63,1,1,0.74161
163,4,151.39,311.37,47.03,94.87,1,1,0.82549
163,5,626.03,393.2,44.74,97.65,1,1,0.81291
163,6,906.48,279.68,42.69,92.07,1,1,0.83664
163,7,1644.43,446.73,45.38,107.97,1,1,0.84389
163,8,715.58,387.17,43.34,101.35,1,1,0.83279
163,9,559.02,597.77,46.56,108.07,1,1,0.77733
163,15,1171.35,223.12,55.17,76.27,1,1,0.85506
163,16,460.04,670.09,49.84,133.69,1,1,0.84488
163,18,135.65,302.84,34.61,99.19,1,1,0.78508
163,17,522.64,198.93,40.06,85.14,1,1,0.77042
163,12,975.06,697.51,55.49,116.86,1,1,0.82332
163,11,1323.54,243.04,37.9,89.45,1,1,0.78456
163,24,571.53,730.1,59.66,94.65,1,1,0.81971
163,25,543.52,447.33,39.19,96.52,1,1,0.79345
163,0,1544.87,436.92,43.63,103.22,1,1,0.78734
163,26,550.76,547.23,45.43,71.7,1,1,0.68613
163,21,522.09,547.78,43.87,114.27,1,1,0.77895
163,14,569.45,515.09,33.54,69.52,1,1,0.66279
164,1,534.09,775.84,68.89,88.75,1,1,0.80411
164,2,991.11,441.48,52.19,93.37,1,1,0.82296
164,3,1316.28,202.98,34.12,69.64,1,1,0.69845
164,4,145.72,311.86,44.45,94.39,1,1,0.80055
164,5,627.64,390.53,45.07,97.61,1,1,0.79527
164,6,899.77,278.25,40.92,87.81,1,1,0.82542
164,7,1642.13,443.39,44.05,105.48,1,1,0.83415
164,8,716.07,382.66,42.2,100.19,1,1,0.82675
164,9,559.11,598.75,45.18,110.5,1,1,0.78285
164,15,1170.78,221.67,53.31,77.37,1,1,0.85169
164,16,459.99,673.25,49.82,133.87,1,1,0.84383
164,18,131.99,301.87,33.57,94.62,1,1,0.704
164,17,520.23,199.64,45.28,83.89,1,1,0.786
164,12,982.76,699.22,62.79,113.17,1,1,0.82052
164,11,1328.13,240.67,41.24,89.34,1,1,0.82932
164,24,572.29,740.33,58.91,87.16,1,1,0.81918
164,25,541.7,447.52,39.1,96.21,1,1,0.79943
164,0,1545.94,432.44,40.01,106.73,1,1,0.79283
164,21,520.77,549.81,43.92,113.51,1,1,0.76625
164,14,569.19,514.58,32.59,81.97,1,1,0.70096
164,13,1489.69,334.41,47.07,96.09,1,1,0.79769
165,1,534.62,774.15,70.08,94.1,1,1,0.7864
165,2,987.15,437.41,47.95,93.8,1,1,0.8255
165,3,1324.0,202.66,33.24,67.02,1,1,0.73499
165,4,136.59,309.49,42.49,97.11,1,1,0.79754
165,5,631.07,388.79,43.39,92.59,1,1,0.79244
165,6,896.17,277.15,39.34,80.99,1,1,0.79915
165,7,1640.97,440.58,41.92,98.7,1,1,0.82573
165,8,716.99,381.27,41.23,96.39,1,1,0.82547
165,9,558.95,599.44,45.55,113.72,1,1,0.76998
165,15,1171.22,219.61,51.41,77.91,1,1,0.84239
165,16,461.28,676.02,49.38,132.79,1,1,0.82879
165,17,519.51,201.05,47.5,82.52,1,1,0.78074
165,12,996.11,703.04,61.71,110.63,1,1,0.7878
165,11,1332.77,238.77,43.05,87.0,1,1,0.8182
165,24,573.01,748.36,58.76,81.21,1,1,0.79558
165,25,541.12,447.17,38.37,94.45,1,1,0.80339
165,0,1547.95,429.1,38.51,107.98,1,1,0.78903
165,21,520.17,550.58,43.09,113.49,1,1,0.76285
165,14,569.25,514.21,33.28,88.84,1,1,0.74295
165,13,1488.71,332.46,44.52,93.89,1,1,0.77214
166,1,533.76,774.44,72.45,96.08,1,1,0.76798
166,2,983.18,434.2,46.43,96.59,1,1,0.82572
166,3,1329.42,203.21,33.28,74.89,1,1,0.70369
166,4,130.45,306.76,40.98,99.58,1,1,0.80419
166,5,634.25,387.23,41.34,89.85,1,1,0.80505
166,6,892.45,276.76,40.01,80.42,1,1,0.82905
166,7,1639.99,438.08,40.28,95.78,1,1,0.81621
166,8,717.44,381.05,40.58,93.48,1,1,0.80885
166,9,559.92,600.79,44.99,115.47,1,1,0.78341
166,15,1170.23,217.92,51.88,78.2,1,1,0.83267
166,16,464.12,678.4,49.01,131.82,1,1,0.83316
166,17,519.32,204.16,47.41,79.85,1,1,0.79158
166,12,1007.33,704.7,56.86,110.3,1,1,0.78285
166,11,1338.62,237.63,42.72,84.41,1,1,0.7846
166,24,572.87,753.5,58.81,78.15,1,1,0.77663
166,25,540.14,446.18,38.01,96.87,1,1,0.81107
166,0,1549.52,426.11,37.83,105.58,1,1,0.79338
166,21,519.74,551.65,42.78,112.99,1,1,0.72539
166,14,569.38,513.44,34.44,95.14,1,1,0.76253
166,13,1487.38,330.55,43.24,90.2,1,1,0.77845
167,1,533.69,774.6,73.06,96.44,1,1,0.76522
167,2,981.71,432.76,45.94,97.76,1,1,0.82636
167,3,1331.08,203.29,33.44,78.05,1,1,0.69207
167,4,128.41,305.38,40.63,100.69,1,1,0.80493
167,5,635.55,386.42,40.72,89.68,1,1,0.805
167,6,891.16,276.5,40.13,80.13,1,1,0.8293
167,7,1639.97,436.95,39.59,94.76,1,1,0.81617
167,8,717.64,380.85,40.57,92.53,1,1,0.80866
167,9,560.41,601.01,44.7,116.19,1,1,0.77922
167,15,1169.54,217.14,52.23,78.17,1,1,0.83297
167,16,465.13,679.0,48.79,131.27,1,1,0.83083
167,17,519.25,205.04,47.43,78.93,1,1,0.79189
167,12,1010.49,704.83,55.57,110.4,1,1,0.78316
167,11,1340.27,237.09,42.68,83.51,1,1,0.78377
167,24,573.02,754.91,58.58,77.17,1,1,0.77458
167,25,539.82,445.57,37.92,97.85,1,1,0.809
167,0,1550.12,424.86,37.41,104.67,1,1,0.79637
167,21,519.64,551.61,42.62,112.86,1,1,0.72184
167,14,569.49,512.8,34.98,97.79,1,1,0.76051
167,13,1486.96,329.7,42.81,88.69,1,1,0.77996
168,1,532.73,774.66,74.17,97.8,1,1,0.77162
168,2,977.05,428.49,46.69,101.65,1,1,0.83366
168,3,1340.32,200.38,31.11,82.31,1,1,0.75609
168,4,121.8,300.7,40.95,102.84,1,1,0.83784
168,5,639.32,386.51,40.14,89.66,1,1,0.80667
168,6,889.17,274.03,39.45,80.78,1,1,0.82692
168,7,1638.1,434.28,38.89,97.34,1,1,0.81787
168,8,716.3,379.98,42.27,92.75,1,1,0.82689
168,9,562.14,605.38,44.7,114.39,1,1,0.77095
168,15,1169.46,215.69,53.11,73.34,1,1,0.84575
168,16,471.23,681.22,46.13,129.6,1,1,0.82455
168,17,518.19,207.86,50.18,78.16,1,1,0.81202
168,12,1026.7,706.64,47.57,111.95,1,1,0.79892
168,11,1349.7,235.29,38.29,83.78,1,1,0.78877
168,24,572.56,760.06,58.83,77.53,1,1,0.68529
168,25,539.83,443.89,38.11,99.26,1,1,0.81559
168,0,1552.13,422.9,37.01,96.01,1,1,0.82137
168,21,517.95,552.4,38.54,111.54,1,1,0.64091
168,14,571.1,513.52,35.79,101.97,1,1,0.78832
168,13,1483.87,328.77,44.95,88.07,1,1,0.68726
169,1,532.51,773.14,74.41,99.74,1,1,0.7797
169,2,973.08,423.22,46.89,103.04,1,1,0.80332
169,3,1346.86,197.1,30.93,75.0,1,1,0.6852
169,4,117.27,298.01,40.56,101.47,1,1,0.83543
169,5,642.38,386.56,39.68,89.33,1,1,0.7957
169,6,887.36,272.57,38.23,80.35,1,1,0.81596
169,7,1636.59,431.35,38.87,100.08,1,1,0.81196
169,8,715.45,377.77,42.84,92.99,1,1,0.80947
169,9,563.35,607.54,44.77,113.8,1,1,0.77579
169,15,1170.04,214.19,52.83,70.93,1,1,0.83954
169,16,475.2,682.69,46.23,127.73,1,1,0.81739
169,17,519.52,208.42,50.6,77.87,1,1,0.78291
169,12,1041.22,703.81,43.67,114.45,1,1,0.78806
169,11,1354.92,233.31,36.54,85.46,1,1,0.77675
169,25,540.36,441.51,38.38,100.26,1,1,0.80118
169,0,1553.96,420.94,37.31,92.61,1,1,0.8122
169,21,517.34,551.65,36.73,112.58,1,1,0.70976
169,14,572.5,513.67,36.4,103.41,1,1,0.7826
169,13,1482.01,326.4,46.49,89.1,1,1,0.68786
170,1,531.78,773.16,74.72,100.51,1,1,0.80412
170,2,969.64,417.91,47.59,104.34,1,1,0.82126
170,3,1349.61,194.31,33.32,72.18,1,1,0.7538
170,4,113.72,296.61,40.24,99.86,1,1,0.83763
170,5,646.18,384.79,39.43,90.94,1,1,0.81882
170,6,884.83,270.56,38.25,80.98,1,1,0.82801
170,7,1633.66,427.9,40.24,102.59,1,1,0.81815
170,8,714.44,374.02,43.43,94.6,1,1,0.82766
170,9,563.46,609.39,45.74,114.07,1,1,0.7863
170,15,1171.62,212.56,52.43,71.38,1,1,0.86106
170,16,476.97,683.29,48.78,127.31,1,1,0.82319
170,17,520.86,208.5,51.82,78.61,1,1,0.78832
170,12,1048.07,703.02,51.22,115.49,1,1,0.8298
170,11,1360.68,230.12,34.86,87.06,1,1,0.79864
170,25,540.37,439.68,39.42,100.95,1,1,0.81459
170,0,1555.16,420.08,38.07,92.1,1,1,0.82678
170,21,517.16,551.04,35.98,113.36,1,1,0.7607
170,14,573.33,514.21,37.87,105.55,1,1,0.79465
170,24,572.85,767.08,62.61,80.17,1,1,0.74081
171,1,531.4,774.14,74.49,99.57,1,1,0.79083
171,2,966.12,413.9,46.64,101.92,1,1,0.83434
171,3,1353.0,192.89,34.78,69.75,1,1,0.73672
171,4,108.93,295.62,41.05,98.27,1,1,0.83517
171,5,648.9,382.94,39.78,92.85,1,1,0.80192
171,6,883.08,269.64,37.89,79.17,1,1,0.81422
171,7,1630.52,424.31,41.23,103.97,1,1,0.81266
171,8,716.88,371.66,41.08,90.87,1,1,0.79984
171,9,564.61,610.04,45.49,114.04,1,1,0.77896
171,15,1171.5,209.93,51.89,72.52,1,1,0.8527
171,16,478.89,683.11,50.99,127.13,1,1,0.81293
171,17,529.08,210.02,47.46,73.63,1,1,0.78179
171,12,1052.08,700.09,56.75,117.59,1,1,0.82793
171,11,1366.55,226.68,33.16,88.45,1,1,0.79256
171,25,541.36,437.61,38.84,99.48,1,1,0.80819
171,0,1556.18,417.68,38.76,94.0,1,1,0.82008
171,21,516.89,550.99,34.71,112.33,1,1,0.76366
171,14,575.35,514.68,37.95,104.64,1,1,0.78887
171,24,573.04,769.07,66.38,78.5,1,1,0.73172
172,1,530.83,776.14,74.28,97.74,1,1,0.79522
172,2,962.6,411.54,45.84,100.16,1,1,0.8421
172,3,1359.64,192.5,32.9,67.59,1,1,0.76687
172,4,103.89,296.09,42.66,96.42,1,1,0.83212
172,5,652.06,379.85,40.81,94.93,1,1,0.78724
172,6,881.9,268.96,38.18,77.19,1,1,0.81579
172,7,1627.23,420.86,42.02,104.84,1,1,0.80269
172,8,718.53,368.53,41.04,92.92,1,1,0.80368
172,9,565.74,609.72,45.17,114.4,1,1,0.77924
172,15,1170.73,208.03,50.49,73.76,1,1,0.85006
172,16,479.05,682.96,54.25,127.06,1,1,0.82969
172,17,534.33,210.62,46.4,72.04,1,1,0.79467
172,12,1054.84,700.27,63.2,116.14,1,1,0.83598
172,11,1371.7,224.46,32.96,86.38,1,1,0.80706
172,25,542.23,435.84,38.54,100.53,1,1,0.80668
172,0,1558.31,415.39,38.01,96.14,1,1,0.81257
172,21,517.01,551.48,34.06,111.8,1,1,0.78663
172,14,576.86,515.64,39.1,103.81,1,1,0.79817
172,24,574.52,770.43,68.33,76.11,1,1,0.76431
172,26,536.28,560.19,39.46,109.97,1,1,0.72679
172,13,1474.26,319.13,50.06,88.13,1,1,0.74282
173,1,530.7,776.99,74.36,96.99,1,1,0.79899
173,2,959.45,410.26,44.82,101.05,1,1,0.83424
173,3,1366.23,191.53,31.65,66.29,1,1,0.76141
173,4,99.22,296.53,44.66,97.19,1,1,0.82057
173,5,655.12,374.63,42.1,90.23,1,1,0.7914
173,6,882.25,267.64,38.26,74.67,1,1,0.80199
173,7,1625.55,417.51,41.6,101.52,1,1,0.78959
173,8,719.16,364.94,41.37,92.05,1,1,0.81662
173,9,566.86,609.57,45.81,114.55,1,1,0.77766
173,15,1169.31,205.77,49.17,74.92,1,1,0.84208
173,16,479.93,682.65,57.07,127.07,1,1,0.83021
173,17,538.93,211.37,45.51,69.36,1,1,0.78742
173,12,1058.91,708.55,68.05,100.21,1,1,0.82404
173,11,1376.17,222.56,33.31,82.51,1,1,0.79117
173,25,543.22,435.16,38.08,98.58,1,1,0.79758
173,0,1560.48,412.62,37.26,98.06,1,1,0.78975
173,21,516.53,551.81,33.51,111.02,1,1,0.7841
173,14,578.23,516.03,39.78,103.2,1,1,0.8097
173,24,575.92,771.58,68.84,71.88,1,1,0.77399
173,26,535.83,561.22,39.4,112.14,1,1,0.74428
174,1,529.75,776.86,74.7,97.71,1,1,0.81879
174,2,956.21,408.24,44.2,103.27,1,1,0.83935
174,3,1370.16,191.64,31.86,64.66,1,1,0.76067
174,4,95.13,300.98,46.16,94.4,1,1,0.83576
174,5,656.53,372.11,43.22,90.35,1,1,0.80658
174,6,882.28,265.61,39.39,72.96,1,1,0.81725
174,7,1619.16,414.5,45.51,96.87,1,1,0.77736
174,8,720.39,361.96,41.24,92.47,1,1,0.8328
174,9,568.56,608.39,45.39,115.68,1,1,0.7818
174,15,1168.0,203.83,47.5,75.54,1,1,0.84533
174,16,480.27,683.02,60.54,128.05,1,1,0.84653
174,17,539.74,210.85,48.57,69.46,1,1,0.81203
174,12,1065.61,703.25,72.12,108.88,1,1,0.82372
174,11,1379.84,221.06,33.44,79.38,1,1,0.81777
174,25,544.15,434.94,38.57,97.87,1,1,0.81275
174,0,1561.95,408.27,37.96,102.02,1,1,0.74685
174,21,516.2,552.04,33.54,111.06,1,1,0.7901
174,14,578.78,516.27,40.93,103.59,1,1,0.82287
174,24,578.28,771.92,67.43,74.79,1,1,0.80039
174,26,534.58,562.49,40.22,113.29,1,1,0.77273
174,13,1467.64,314.56,47.34,82.72,1,1,0.68272
175,1,529.43,776.75,74.75,97.93,1,1,0.81792
175,2,955.13,407.53,43.96,104.09,1,1,0.83959
175,3,1371.41,191.7,31.92,64.19,1,1,0.76185
175,4,93.7,302.71,46.74,93.31,1,1,0.83566
175,5,656.97,371.18,43.63,90.42,1,1,0.80575
175,6,882.4,264.87,39.74,72.31,1,1,0.81689
175,7,1616.83,413.5,46.9,95.12,1,1,0.77747
175,8,720.84,360.87,41.14,92.62,1,1,0.8324
175,9,569.16,607.85,45.23,116.09,1,1,0.78147
175,15,1167.45,203.09,46.89,75.79,1,1,0.84471
175,16,480.33,683.06,61.86,128.41,1,1,0.8459
175,17,540.02,210.6,49.64,69.55,1,1,0.81193
175,12,1068.11,701.48,73.59,111.61,1,1,0.82257
175,11,1380.98,220.54,33.47,78.27,1,1,0.81796
175,25,544.47,434.84,38.73,97.61,1,1,0.81275
175,0,1562.44,406.64,38.22,103.5,1,1,0.74786
175,21,516.03,552.05,33.6,111.09,1,1,0.78988
175,14,578.96,516.31,41.36,103.71,1,1,0.82304
175,24,579.1,771.9,66.82,75.84,1,1,0.80006
175,26,534.15,562.9,40.53,113.65,1,1,0.7725
175,13,1466.31,313.82,46.61,81.54,1,1,0.68229
176,1,530.57,778.43,71.68,96.78,1,1,0.81786
176,2,950.67,405.58,43.28,104.68,1,1,0.83745
176,3,1379.35,189.14,31.09,65.22,1,1,0.74027
176,4,90.61,304.16,44.77,91.99,1,1,0.81985
176,5,661.03,370.18,43.88,85.61,1,1,0.81442
176,6,879.72,262.3,43.21,74.26,1,1,0.82337
176,7,1618.58,409.84,42.73,96.88,1,1,0.79759
176,8,722.46,360.32,40.12,90.46,1,1,0.82601
176,9,570.57,605.22,45.83,118.66,1,1,0.8002
176,15,1165.88,201.14,48.4,71.95,1,1,0.84688
176,16,483.46,684.23,63.25,128.14,1,1,0.83799
176,17,541.33,208.94,53.56,70.59,1,1,0.83779
176,12,1090.54,699.69,60.03,113.9,1,1,0.75319
176,11,1386.69,219.94,33.56,79.21,1,1,0.8092
176,25,544.59,434.72,41.01,95.21,1,1,0.8138
176,0,1563.79,400.89,41.01,102.12,1,1,0.77708
176,21,515.08,552.81,33.73,111.32,1,1,0.79436
176,14,580.99,516.76,42.29,102.61,1,1,0.82123
176,24,579.68,771.08,61.48,82.2,1,1,0.81092
176,26,533.72,564.35,40.3,114.04,1,1,0.76309
176,13,1461.26,311.32,47.21,82.5,1,1,0.80638
176,18,107.69,280.46,30.69,85.13,1,1,0.66031
177,1,531.02,778.06,69.57,97.4,1,1,0.81804
177,2,944.82,403.2,44.26,101.86,1,1,0.81751
177,3,1385.29,187.54,31.16,69.41,1,1,0.71435
177,4,87.53,304.9,45.8,91.45,1,1,0.81029
177,5,662.89,369.36,44.48,84.39,1,1,0.81976
177,6,878.5,259.57,45.54,73.41,1,1,0.82703
177,7,1618.94,405.76,40.57,100.03,1,1,0.80016
177,8,724.03,358.65,39.68,91.72,1,1,0.81762
177,9,572.76,604.12,45.35,119.51,1,1,0.81542
177,15,1163.38,199.69,49.95,70.61,1,1,0.85779
177,16,488.83,685.7,62.5,125.78,1,1,0.82829
177,17,542.9,207.09,56.18,71.11,1,1,0.84399
177,12,1107.84,702.47,50.57,114.7,1,1,0.80002
177,11,1390.47,218.24,34.38,80.69,1,1,0.80912
177,25,545.1,433.31,43.72,95.47,1,1,0.81657
177,0,1564.74,397.36,40.91,99.36,1,1,0.79242
177,21,514.22,552.92,34.47,111.98,1,1,0.78129
177,14,582.91,516.38,43.34,103.07,1,1,0.80493
177,24,580.25,772.6,59.05,83.72,1,1,0.81519
177,26,532.61,565.47,40.46,115.47,1,1,0.75986
177,13,1457.61,309.08,47.88,83.51,1,1,0.75949
177,18,104.18,278.39,32.41,86.59,1,1,0.64768
178,1,531.5,777.07,69.63,98.44,1,1,0.82205
178,2,939.94,400.78,46.81,101.04,1,1,0.82382
178,4,83.65,303.84,48.15,91.47,1,1,0.81129
178,5,665.22,367.45,44.24,85.67,1,1,0.82396
178,6,878.66,257.36,46.78,73.13,1,1,0.83281
178,7,1616.94,401.58,42.24,102.28,1,1,0.80896
178,8,725.76,356.33,38.91,94.33,1,1,0.81599
178,9,574.56,603.89,44.79,119.85,1,1,0.81492
178,15,1160.42,198.25,51.88,71.34,1,1,0.86067
178,16,495.57,686.13,60.24,125.15,1,1,0.82767
178,17,547.07,205.07,56.1,71.95,1,1,0.84013
178,12,1119.04,701.88,45.68,117.54,1,1,0.82425
178,11,1393.15,215.95,35.77,83.08,1,1,0.80643
178,25,545.91,431.91,46.88,96.42,1,1,0.81939
178,0,1565.7,395.09,40.74,96.82,1,1,0.79608
178,21,513.95,552.96,34.54,112.22,1,1,0.78775
178,14,585.41,515.97,43.75,103.05,1,1,0.81041
178,24,583.06,773.09,56.97,88.42,1,1,0.8044
178,26,531.41,566.72,40.93,114.66,1,1,0.77579
178,13,1453.05,306.11,49.51,85.47,1,1,0.67269
179,1,531.55,776.75,69.66,98.71,1,1,0.81711
179,2,937.71,400.03,47.87,101.04,1,1,0.82626
179,4,81.82,303.44,49.1,91.65,1,1,0.81007
179,5,666.07,366.76,44.05,86.64,1,1,0.82212
179,6,878.88,256.35,47.03,73.18,1,1,0.83279
179,7,1616.3,400.09,42.77,103.12,1,1,0.80945
179,8,726.33,355.43,38.6,95.13,1,1,0.81059
179,9,575.21,603.67,44.5,119.82,1,1,0.81055
179,15,1158.98,197.67,52.67,71.8,1,1,0.85749
179,16,497.77,686.2,59.49,125.02,1,1,0.82499
179,17,548.7,204.37,56.16,71.85,1,1,0.8371
179,12,1122.25,701.35,44.33,118.51,1,1,0.8256
179,11,1393.87,215.23,36.39,83.78,1,1,0.80147
179,25,546.18,431.5,48.02,96.31,1,1,0.81777
179,0,1566.04,394.42,40.54,95.86,1,1,0.79242
179,21,513.5,552.99,34.89,112.55,1,1,0.78142
179,14,586.48,515.89,43.43,102.89,1,1,0.81228
179,24,584.09,773.28,56.49,90.04,1,1,0.80192
179,26,530.75,567.05,41.23,113.71,1,1,0.76578
179,18,102.01,276.03,31.75,86.47,1,1,0.65315
180,1,531.24,776.05,70.85,98.99,1,1,0.83105
180,2,933.44,399.12,49.81,98.56,1,1,0.84549
180,4,78.01,300.72,50.71,93.2,1,1,0.8171
180,5,670.59,365.76,42.38,82.22,1,1,0.81687
180,6,879.22,255.62,47.65,73.27,1,1,0.8307
180,7,1615.43,396.31,46.95,106.17,1,1,0.8088
180,8,726.88,353.0,38.37,85.68,1,1,0.80058
180,9,575.93,603.67,44.6,118.47,1,1,0.81425
180,15,1155.89,196.01,55.09,71.99,1,1,0.86627
180,16,504.81,686.76,54.92,124.44,1,1,0.81872
180,17,553.96,202.85,54.8,72.25,1,1,0.81623
180,12,1127.56,700.21,44.9,118.71,1,1,0.83788
180,11,1396.66,210.72,37.33,86.32,1,1,0.79538
180,25,547.35,430.44,48.74,95.44,1,1,0.80829
180,0,1567.13,393.4,39.18,95.92,1,1,0.76343
180,21,512.98,553.09,35.0,112.54,1,1,0.75818
180,14,587.76,515.17,42.89,102.91,1,1,0.81927
180,24,586.62,772.5,55.91,96.57,1,1,0.81205
180,26,529.83,567.42,41.8,113.65,1,1,0.76155
180,18,101.94,274.8,30.47,84.43,1,1,0.67036
180,3,1398.22,183.43,29.71,40.7,1,1,0.68536
180,13,1446.72,302.05,51.87,86.81,1,1,0.69383
181,1,530.97,774.51,72.65,100.12,1,1,0.82987
181,2,930.72,398.35,49.65,95.22,1,1,0.83736
181,4,75.39,297.9,49.92,91.99,1,1,0.80701
181,5,674.47,365.02,40.85,77.89,1,1,0.80003
181,6,880.46,251.78,48.06,76.35,1,1,0.81974
181,7,1614.86,393.29,47.86,103.73,1,1,0.79714
181,8,726.52,350.26,37.68,82.42,1,1,0.79246
181,9,577.69,603.9,43.82,116.65,1,1,0.80329
181,15,1152.91,194.41,56.68,71.98,1,1,0.85608
181,16,514.72,687.15,48.99,123.49,1,1,0.8179
181,17,565.36,203.44,46.77,72.3,1,1,0.78117
181,12,1133.52,699.28,46.36,118.11,1,1,0.83586
181,11,1400.04,207.31,38.04,86.98,1,1,0.7871
181,25,549.33,429.16,47.63,94.38,1,1,0.79538
181,0,1568.45,391.7,37.24,96.9,1,1,0.71078
181,21,513.17,553.45,34.68,112.28,1,1,0.70309
181,14,590.39,514.05,41.73,103.34,1,1,0.81225
181,24,590.58,769.84,54.07,101.37,1,1,0.81064
181,26,529.67,567.73,41.53,112.45,1,1,0.74747
181,18,100.69,274.11,30.15,81.87,1,1,0.67536
181,13,1442.29,300.03,52.58,86.01,1,1,0.77918
182,1,530.38,772.99,73.72,102.05,1,1,0.83618
182,2,929.73,397.39,48.16,93.98,1,1,0.83983
182,4,73.4,296.62,51.02,85.42,1,1,0.81992
182,5,677.75,363.99,40.07,77.39,1,1,0.77975
182,6,882.7,248.94,47.05,78.74,1,1,0.81248
182,7,1614.2,390.22,46.65,98.19,1,1,0.79628
182,8,726.24,347.21,38.21,85.41,1,1,0.79053
182,9,578.39,603.99,44.32,114.32,1,1,0.81077
182,15,1149.39,192.61,57.58,70.75,1,1,0.85159
182,16,522.08,688.23,45.25,122.7,1,1,0.81886
182,17,574.93,203.81,38.85,72.86,1,1,0.77793
182,12,1140.88,698.01,47.17,115.94,1,1,0.81605
182,11,1402.12,206.05,39.59,84.96,1,1,0.78644
182,25,550.92,427.88,47.71,94.05,1,1,0.80501
182,0,1568.13,389.4,37.34,98.14,1,1,0.66316
182,21,513.17,553.62,34.71,113.07,1,1,0.69182
182,14,592.64,512.65,41.88,102.86,1,1,0.81185
182,24,595.07,767.09,51.0,107.18,1,1,0.81187
182,26,529.84,567.96,41.65,112.55,1,1,0.74349
182,13,1437.33,297.6,51.14,82.64,1,1,0.81951
183,1,530.2,770.91,74.52,104.14,1,1,0.83667
183,2,929.14,394.62,47.6,96.22,1,1,0.82634
183,4,70.96,295.31,50.45,83.92,1,1,0.81313
183,5,681.98,361.01,42.23,90.8,1,1,0.79198
183,6,890.62,242.91,44.06,78.37,1,1,0.7957
183,7,1612.98,385.29,40.08,93.43,1,1,0.80662
183,8,725.59,343.89,39.6,88.69,1,1,0.81911
183,9,580.01,604.15,45.19,112.02,1,1,0.80793
183,15,1141.09,190.92,55.47,67.4,1,1,0.83541
183,16,524.09,688.51,49.03,123.58,1,1,0.82562
183,17,580.31,204.07,47.81,72.81,1,1,0.82968
183,12,1160.04,694.62,41.65,103.06,1,1,0.82541
183,11,1409.17,204.73,37.76,80.62,1,1,0.77444
183,25,555.07,426.08,46.42,94.07,1,1,0.81372
183,21,512.32,553.38,34.76,114.36,1,1,0.70953
183,14,595.0,509.65,42.0,103.42,1,1,0.80653
183,24,600.93,763.24,48.73,110.52,1,1,0.81911
183,26,530.44,568.96,40.71,112.85,1,1,0.74814
183,13,1430.96,295.16,46.51,81.14,1,1,0.64939
183,18,91.15,269.79,36.44,80.51,1,1,0.6884
184,1,529.72,767.37,75.97,107.98,1,1,0.8497
184,2,928.22,391.49,48.58,98.37,1,1,0.82524
184,4,70.37,294.55,49.12,82.7,1,1,0.80832
184,5,684.55,357.81,42.24,96.83,1,1,0.80477
184,6,895.72,239.18,42.75,76.12,1,1,0.81057
184,7,1612.34,382.3,37.01,93.08,1,1,0.80788
184,8,726.17,341.65,39.26,90.62,1,1,0.82496
184,9,581.53,603.4,46.17,110.95,1,1,0.81749
184,15,1134.08,189.07,54.68,68.16,1,1,0.84399
184,16,524.52,688.06,53.29,124.19,1,1,0.83134
184,17,583.16,202.74,52.85,73.91,1,1,0.84002
184,12,1174.34,693.41,39.44,98.96,1,1,0.82377
184,11,1413.15,204.03,36.87,78.48,1,1,0.78132
184,25,558.36,424.8,45.18,95.11,1,1,0.81818
184,14,596.75,506.78,40.98,103.6,1,1,0.82227
184,24,605.02,760.27,48.44,114.03,1,1,0.8244
184,26,530.36,569.43,40.1,112.81,1,1,0.73641
184,13,1424.63,293.18,44.98,80.41,1,1,0.80315
184,18,89.98,268.01,36.81,85.35,1,1,0.74943
185,1,530.47,765.57,74.91,109.85,1,1,0.85052
185,2,927.81,388.07,47.69,100.77,1,1,0.82965
185,4,69.39,292.17,47.69,84.49,1,1,0.80323
185,5,688.84,355.65,40.91,96.96,1,1,0.80566
185,6,901.59,236.59,39.82,74.02,1,1,0.81798
185,7,1611.77,379.94,35.47,94.55,1,1,0.80611
185,8,727.24,339.59,38.83,92.72,1,1,0.82918
185,9,583.52,602.55,47.01,110.23,1,1,0.82764
185,15,1128.89,187.51,54.71,68.9,1,1,0.85082
185,16,525.89,686.63,57.36,124.59,1,1,0.82359
185,17,586.64,202.12,54.41,72.83,1,1,0.82898
185,12,1186.2,693.96,38.41,100.25,1,1,0.79666
185,11,1416.84,202.0,35.78,79.25,1,1,0.77696
185,25,561.01,423.66,45.06,96.17,1,1,0.82824
185,14,598.24,504.84,40.62,103.99,1,1,0.818
185,24,608.19,757.9,50.23,116.28,1,1,0.82527
185,26,530.14,570.03,39.85,113.41,1,1,0.73782
185,13,1419.51,290.83,46.97,82.7,1,1,0.69421
185,18,90.44,266.91,35.55,86.55,1,1,0.769
185,3,1422.51,174.67,28.92,37.83,1,1,0.64903
185,21,511.99,553.33,34.12,115.8,1,1,0.64791
186,1,530.73,763.53,74.23,112.68,1,1,0.86029
186,2,928.09,384.15,45.91,100.03,1,1,0.81306
186,4,69.46,289.35,46.44,86.52,1,1,0.80913
186,5,693.64,354.4,40.02,95.74,1,1,0.80287
186,6,906.47,233.44,37.86,75.35,1,1,0.82082
186,7,1610.97,377.1,35.49,97.18,1,1,0.81465
186,8,728.98,337.77,38.45,93.34,1,1,0.82769
186,9,586.07,601.0,47.74,109.33,1,1,0.83819
186,15,1124.17,185.46,55.75,70.71,1,1,0.85773
186,16,526.4,685.64,63.39,124.82,1,1,0.83527
186,17,591.88,198.91,53.72,74.06,1,1,0.67662
186,12,1196.25,693.54,37.95,106.08,1,1,0.82444
186,11,1419.87,198.87,35.79,81.13,1,1,0.76346
186,25,562.84,421.72,46.54,98.33,1,1,0.83777
186,14,600.31,503.25,40.57,104.88,1,1,0.82759
186,24,610.6,756.52,52.3,119.02,1,1,0.83203
186,26,529.91,571.37,39.72,114.7,1,1,0.76981
186,13,1414.5,288.62,49.36,83.62,1,1,0.70308
186,18,88.96,266.17,35.97,85.03,1,1,0.77844
186,0,1566.12,375.58,37.37,99.41,1,1,0.71253
187,1,533.37,762.2,70.83,114.25,1,1,0.84877
187,2,927.9,380.28,45.71,94.44,1,1,0.82565
187,4,69.33,287.65,46.75,87.37,1,1,0.81197
187,5,698.71,351.46,38.51,92.98,1,1,0.79883
187,6,910.61,230.99,36.05,74.21,1,1,0.80748
187,7,1610.43,374.32,35.4,98.5,1,1,0.80908
187,8,731.16,334.66,37.82,92.51,1,1,0.80671
187,9,588.7,599.86,48.63,109.28,1,1,0.83156
187,15,1120.72,183.94,54.51,70.44,1,1,0.85273
187,16,528.92,684.59,66.28,122.93,1,1,0.82351
187,12,1203.38,692.84,37.24,109.61,1,1,0.81571
187,11,1424.03,196.57,35.77,82.91,1,1,0.77195
187,25,563.9,419.06,49.4,100.38,1,1,0.84576
187,14,601.75,501.2,40.62,105.67,1,1,0.82464
187,24,613.79,755.59,53.12,121.84,1,1,0.8322
187,26,529.42,572.29,39.73,115.99,1,1,0.77684
187,13,1409.09,286.51,51.66,83.26,1,1,0.78902
187,18,88.85,265.26,35.2,79.83,1,1,0.73521
187,0,1566.26,373.76,36.21,97.13,1,1,0.67951
187,21,511.61,553.09,33.03,116.0,1,1,0.72084
188,1,534.31,761.71,69.54,114.81,1,1,0.84847
188,2,927.87,378.95,45.66,92.25,1,1,0.82553
188,4,69.3,287.03,46.88,87.72,1,1,0.81188
188,5,700.39,350.39,37.96,91.89,1,1,0.79844
188,6,911.97,230.18,35.43,73.72,1,1,0.80794
188,7,1610.21,373.38,35.41,99.03,1,1,0.80926
188,8,731.91,333.56,37.6,92.17,1,1,0.80633
188,9,589.63,599.47,48.95,109.24,1,1,0.83148
188,15,1119.47,183.42,53.99,70.33,1,1,0.85247
188,16,529.78,684.19,67.4,122.2,1,1,0.82346
188,12,1205.44,692.59,37.02,110.95,1,1,0.81559
188,11,1425.43,195.77,35.76,83.55,1,1,0.77115
188,25,564.27,418.09,50.48,101.11,1,1,0.84489
188,14,602.18,500.43,40.62,105.99,1,1,0.82411
188,24,614.86,755.24,53.43,122.87,1,1,0.83208
188,26,529.21,572.6,39.72,116.45,1,1,0.77737
188,13,1407.1,285.81,52.51,83.1,1,1,0.78728
188,18,88.86,265.01,34.86,77.83,1,1,0.73451
188,0,1566.28,373.15,35.79,96.35,1,1,0.67944
188,21,511.58,553.02,32.77,115.94,1,1,0.72579
189,1,541.76,761.51,63.22,116.17,1,1,0.83858
189,2,925.12,375.97,47.59,91.08,1,1,0.83774
189,4,72.08,281.7,45.6,84.5,1,1,0.79305
189,5,705.47,351.34,36.56,91.06,1,1,0.78782
189,6,917.86,227.51,34.47,65.81,1,1,0.7868
189,7,1608.36,368.82,35.74,99.94,1,1,0.79318
189,8,733.62,330.78,37.92,81.13,1,1,0.81788
189,9,594.52,599.22,47.67,108.45,1,1,0.83065
189,15,1115.12,182.33,48.19,69.67,1,1,0.83341
189,16,537.06,684.29,63.79,116.8,1,1,0.8047
189,12,1215.02,691.34,39.4,112.31,1,1,0.81199
189,11,1429.83,194.95,35.39,82.03,1,1,0.78948
189,25,569.26,414.35,49.44,99.01,1,1,0.84677
189,14,604.96,500.09,40.5,104.74,1,1,0.81296
189,24,622.51,757.09,50.88,126.72,1,1,0.83552
189,26,529.99,574.96,39.24,118.69,1,1,0.78734
189,13,1398.96,283.71,52.86,80.82,1,1,0.77463
189,21,510.78,553.48,33.25,115.04,1,1,0.68545
189,17,618.62,196.1,46.37,74.56,1,1,0.79098
190,1,544.59,761.38,60.71,116.55,1,1,0.83514
190,2,924.05,374.77,48.43,90.76,1,1,0.83709
190,4,73.3,279.73,44.89,83.09,1,1,0.79132
190,5,706.99,351.65,36.04,90.62,1,1,0.78593
190,6,919.86,226.54,34.15,63.06,1,1,0.78314
190,7,1607.65,367.0,36.02,101.41,1,1,0.79733
190,8,734.15,329.67,38.01,76.64,1,1,0.81822
190,9,596.33,599.11,47.07,108.26,1,1,0.82745
190,15,1113.47,181.76,46.0,69.66,1,1,0.83248
190,16,539.64,684.14,62.41,114.92,1,1,0.80258
190,12,1218.22,690.45,40.27,113.42,1,1,0.8116
190,11,1431.25,194.64,35.23,81.28,1,1,0.78691
190,25,571.12,412.85,48.8,98.18,1,1,0.84419
190,14,605.96,500.06,40.26,104.11,1,1,0.81129
190,24,625.44,757.69,49.85,128.04,1,1,0.83426
190,26,530.24,575.91,38.96,119.23,1,1,0.78197
190,13,1395.94,282.88,53.08,80.02,1,1,0.76383
190,21,510.03,553.58,33.49,114.35,1,1,0.66048
190,17,621.99,195.68,44.85,74.89,1,1,0.78721
191,1,549.89,760.99,56.09,117.3,1,1,0.82528
191,2,923.85,372.94,48.66,91.97,1,1,0.84017
191,4,74.7,279.47,44.12,78.39,1,1,0.77874
191,5,711.03,351.8,35.69,88.71,1,1,0.7841
191,6,923.37,224.33,34.58,61.75,1,1,0.7998
191,7,1607.4,364.62,35.78,98.73,1,1,0.79841
191,8,734.8,327.9,38.21,76.36,1,1,0.82362
191,9,598.61,599.75,47.15,108.11,1,1,0.82052
191,15,1110.69,181.99,39.91,66.94,1,1,0.82614
191,16,546.37,683.71,58.31,112.34,1,1,0.78023
191,12,1222.03,687.61,42.57,116.59,1,1,0.79971
191,11,1433.53,194.25,35.42,79.96,1,1,0.79589
191,25,576.39,411.43,46.03,94.97,1,1,0.83699
191,14,608.11,499.6,39.06,103.34,1,1,0.80884
191,24,628.86,760.35,49.18,128.14,1,1,0.8366
191,26,530.65,576.99,39.36,119.65,1,1,0.7929
191,13,1391.82,281.17,50.27,80.11,1,1,0.81312
191,17,624.23,196.06,47.37,73.94,1,1,0.78763
192,1,555.61,760.32,50.93,117.19,1,1,0.82111
192,2,924.7,368.67,48.3,96.06,1,1,0.82436
192,4,76.66,278.76,42.79,73.55,1,1,0.73252
192,5,718.09,348.37,39.03,88.54,1,1,0.75075
192,6,930.16,220.52,35.54,64.7,1,1,0.80339
192,7,1606.59,360.45,35.6,94.37,1,1,0.80607
192,8,736.69,324.97,37.92,73.14,1,1,0.80263
192,9,603.86,599.41,46.03,108.68,1,1,0.81416
192,15,1101.53,182.6,40.78,65.69,1,1,0.82883
192,16,563.44,682.51,47.24,101.17,1,1,0.77616
192,12,1229.39,682.3,45.91,111.13,1,1,0.72313
192,11,1437.36,194.71,36.2,75.18,1,1,0.79663
192,25,584.98,409.34,43.09,93.05,1,1,0.82994
192,14,611.17,497.77,39.1,103.54,1,1,0.81035
192,24,635.05,764.24,48.19,127.27,1,1,0.82511
192,26,532.11,579.02,38.66,118.9,1,1,0.79222
192,13,1382.69,278.76,47.59,81.79,1,1,0.81878
192,17,628.72,196.58,51.63,70.8,1,1,0.81059
192,3,1445.55,167.45,42.45,69.61,1,1,0.76304
193,1,557.69,759.76,50.14,115.95,1,1,0.83337
193,2,925.8,366.24,47.77,97.21,1,1,0.82343
193,4,77.4,279.62,41.63,71.42,1,1,0.69532
193,5,722.53,346.9,38.56,82.58,1,1,0.76024
193,6,935.29,217.82,35.7,67.14,1,1,0.81203
193,7,1606.14,357.51,35.37,94.1,1,1,0.81207
193,8,739.0,322.68,37.51,74.39,1,1,0.80702
193,9,608.08,597.86,45.17,111.09,1,1,0.82011
193,15,1094.96,182.21,43.87,65.72,1,1,0.84221
193,16,573.04,680.33,42.59,94.62,1,1,0.79061
193,12,1239.02,679.87,45.32,101.43,1,1,0.76154
193,11,1441.73,193.79,36.14,74.1,1,1,0.81008
193,25,590.46,408.09,42.97,93.04,1,1,0.83437
193,14,613.12,496.02,39.94,105.02,1,1,0.81923
193,24,639.33,766.87,48.2,127.63,1,1,0.83454
193,26,532.82,580.42,38.05,119.0,1,1,0.80368
193,13,1375.0,276.17,48.23,84.0,1,1,0.83614
193,17,634.33,196.28,55.13,69.19,1,1,0.82149
193,3,1449.92,166.9,42.82,70.71,1,1,0.78791
193,18,86.16,258.86,36.56,73.03,1,1,0.66967
194,1,558.44,760.23,52.39,115.08,1,1,0.82995
194,2,927.54,363.01,47.51,94.92,1,1,0.82557
194,4,77.04,277.92,43.4,71.34,1,1,0.72986
194,5,725.47,344.26,41.37,84.7,1,1,0.6679
194,6,937.09,215.62,37.29,68.7,1,1,0.7943
194,7,1605.12,353.49,37.63,96.44,1,1,0.77521
194,8,740.18,319.72,38.78,77.51,1,1,0.77778
194,9,611.07,595.78,44.73,113.29,1,1,0.79232
194,15,1087.48,181.24,49.51,66.43,1,1,0.84239
194,16,577.96,679.09,41.83,94.05,1,1,0.77674
194,12,1247.31,677.51,46.37,106.13,1,1,0.79728
194,11,1444.39,191.96,36.75,74.27,1,1,0.80349
194,25,593.01,406.26,45.86,93.07,1,1,0.83492
194,14,614.59,493.93,41.57,106.39,1,1,0.8114
194,24,642.62,769.0,50.37,127.68,1,1,0.8277
194,26,533.64,581.57,38.14,119.14,1,1,0.78844
194,13,1368.75,273.34,49.5,86.3,1,1,0.83557
194,17,643.26,196.1,53.48,68.78,1,1,0.77833
194,3,1453.26,165.62,43.78,71.74,1,1,0.80302
195,1,557.88,761.21,55.81,114.3,1,1,0.82674
195,2,929.44,360.02,46.46,89.36,1,1,0.82192
195,4,76.5,277.57,43.78,72.63,1,1,0.72393
195,5,727.8,346.04,43.14,83.05,1,1,0.70077
195,6,941.08,213.49,35.36,66.79,1,1,0.78619
195,7,1604.11,349.91,40.06,98.33,1,1,0.75017
195,8,740.69,316.8,39.14,80.22,1,1,0.78691
195,9,614.79,593.81,43.63,113.37,1,1,0.80284
195,15,1079.93,179.67,54.75,67.28,1,1,0.83149
195,16,581.63,677.44,42.08,96.09,1,1,0.79118
195,12,1255.16,678.08,45.75,106.88,1,1,0.7868
195,11,1446.59,189.12,37.14,76.27,1,1,0.78995
195,25,594.42,405.57,48.08,92.87,1,1,0.8316
195,14,615.69,492.68,43.28,106.76,1,1,0.8137
195,24,646.55,771.16,51.59,127.28,1,1,0.82731
195,26,534.24,582.91,38.28,118.31,1,1,0.78511
195,13,1362.9,270.12,49.8,87.04,1,1,0.81607
195,17,662.54,194.7,41.92,69.89,1,1,0.74109
195,3,1456.46,164.99,43.57,72.65,1,1,0.79006
196,1,557.85,762.8,59.22,113.67,1,1,0.83036
196,2,931.24,356.6,45.26,88.15,1,1,0.81925
196,4,75.88,275.34,46.26,76.77,1,1,0.75203
196,6,942.16,211.09,34.97,66.86,1,1,0.77654
196,7,1602.65,344.85,43.26,101.72,1,1,0.72673
196,8,741.81,314.04,39.5,84.95,1,1,0.78842
196,9,617.58,591.28,43.81,114.12,1,1,0.79612
196,15,1075.62,178.32,55.27,68.15,1,1,0.83416
196,16,584.74,675.53,42.46,99.45,1,1,0.79918
196,12,1260.92,676.64,44.39,97.36,1,1,0.77133
196,11,1448.18,186.58,37.66,77.61,1,1,0.79156
196,25,596.29,404.1,49.51,92.55,1,1,0.82224
196,14,616.71,491.85,45.2,107.29,1,1,0.8179
196,24,650.67,773.48,52.57,130.35,1,1,0.83646
196,26,534.36,584.61,39.18,117.55,1,1,0.79263
196,13,1356.57,267.2,50.97,86.7,1,1,0.82288
196,17,671.86,193.74,40.44,71.23,1,1,0.75585
196,3,1459.32,164.81,41.05,73.05,1,1,0.76866
196,21,501.81,555.03,38.7,119.14,1,1,0.65123
197,1,557.74,763.32,60.53,113.45,1,1,0.83067
197,2,931.93,355.44,44.77,87.67,1,1,0.81905
197,4,75.61,274.46,47.2,78.31,1,1,0.75293
197,6,942.42,210.21,34.82,66.9,1,1,0.77651
197,7,1602.08,342.94,44.49,103.01,1,1,0.7265
197,8,742.18,312.98,39.61,86.76,1,1,0.7889
197,9,618.46,590.25,43.85,114.39,1,1,0.7966
197,15,1074.08,177.77,55.42,68.49,1,1,0.83418
197,16,585.64,674.76,42.6,100.76,1,1,0.79983
197,12,1262.76,676.05,43.92,93.91,1,1,0.76944
197,11,1448.66,185.57,37.86,78.14,1,1,0.7915
197,25,596.87,403.52,50.03,92.42,1,1,0.82252
197,14,617.05,491.51,45.88,107.45,1,1,0.81893
197,24,652.07,774.23,52.94,131.49,1,1,0.83669
197,26,534.34,585.14,39.54,117.25,1,1,0.79256
197,13,1354.31,266.1,51.4,86.56,1,1,0.82334
197,17,674.68,193.32,39.95,71.76,1,1,0.75542
197,3,1460.22,164.69,39.99,73.15,1,1,0.76883
197,21,501.04,555.06,39.22,119.58,1,1,0.65758
198,1,557.99,763.52,62.18,114.4,1,1,0.82391
198,2,934.15,352.38,44.9,90.51,1,1,0.82083
198,4,78.25,271.87,49.04,81.56,1,1,0.77543
198,6,946.49,208.47,34.95,72.48,1,1,0.80468
198,8,746.92,309.51,38.25,79.92,1,1,0.72473
198,9,622.6,588.1,43.32,110.22,1,1,0.81263
198,15,1067.74,177.84,46.92,67.74,1,1,0.81978
198,16,589.86,673.11,43.48,112.23,1,1,0.82538
198,12,1269.8,675.25,42.78,107.1,1,1,0.82798
198,11,1452.17,184.93,38.05,77.31,1,1,0.76477
198,25,600.94,402.77,50.23,90.55,1,1,0.81776
198,14,618.22,490.83,48.01,105.59,1,1,0.81601
198,24,657.25,777.54,54.99,132.31,1,1,0.83289
198,26,535.47,585.37,41.27,117.58,1,1,0.80504
198,13,1345.43,265.2,48.21,84.67,1,1,0.73647
198,17,679.37,193.13,46.98,71.48,1,1,0.77045
198,3,1461.69,163.9,39.53,71.87,1,1,0.74854
198,21,501.12,555.28,38.9,120.45,1,1,0.65155
198,5,740.61,335.32,42.96,88.88,1,1,0.79739
199,1,557.92,763.37,62.76,114.71,1,1,0.82304
199,2,934.84,351.08,44.95,91.59,1,1,0.82088
199,4,79.17,270.68,49.67,82.76,1,1,0.77529
199,6,947.79,207.6,35.03,74.54,1,1,0.8044
199,8,748.5,308.06,37.75,77.3,1,1,0.72431
199,9,623.93,587.09,43.16,108.61,1,1,0.81136
199,15,1065.49,177.75,43.39,67.39,1,1,0.81985
199,16,591.25,672.27,43.79,116.43,1,1,0.82454
199,12,1272.03,674.74,42.28,111.58,1,1,0.82754
199,11,1453.24,184.55,38.1,76.98,1,1,0.76734
199,25,602.35,402.34,50.29,89.85,1,1,0.8167
199,14,618.52,490.38,48.78,104.87,1,1,0.81392
199,24,658.97,778.51,55.72,132.58,1,1,0.83269
199,26,535.75,585.19,41.93,117.69,1,1,0.80388
199,13,1342.15,264.7,46.86,83.94,1,1,0.72651
199,17,681.04,192.82,49.61,71.42,1,1,0.76835
199,3,1462.01,163.43,39.34,71.24,1,1,0.7512
199,5,742.0,333.75,42.88,89.82,1,1,0.7965
200,1,558.87,761.56,62.1,117.18,1,1,0.81212
200,2,937.55,348.21,44.76,92.17,1,1,0.7966
200,4,84.92,266.99,48.79,83.38,1,1,0.77975
200,6,952.37,206.08,35.78,75.0,1,1,0.79037
200,8,749.39,306.89,39.12,79.98,1,1,0.75822
200,9,627.46,586.25,42.46,106.23,1,1,0.79496
200,15,1055.67,177.1,36.59,67.62,1,1,0.78932
200,16,597.17,672.25,42.73,119.17,1,1,0.812
200,12,1278.73,671.74,40.85,111.8,1,1,0.81932
200,11,1456.68,183.43,36.03,76.01,1,1,0.76156
200,25,614.98,401.2,44.08,89.35,1,1,0.78683
200,14,621.34,489.97,49.62,104.08,1,1,0.79726
200,24,663.62,780.37,53.46,132.36,1,1,0.82882
200,26,538.18,585.97,42.54,117.54,1,1,0.79386
200,13,1333.31,262.7,39.99,86.72,1,1,0.75628
200,3,1464.67,164.27,39.45,68.46,1,1,0.73632
200,5,752.39,332.57,40.72,89.71,1,1,0.77444
200,7,1597.93,333.66,40.6,89.25,1,1,0.69514
201,1,559.73,759.79,61.14,119.13,1,1,0.80194
201,2,940.47,346.41,43.19,87.94,1,1,0.77965
201,4,89.25,265.25,47.92,83.41,1,1,0.76797
201,6,955.64,204.68,36.96,73.78,1,1,0.78789
201,8,750.14,305.49,40.84,82.49,1,1,0.75023
201,9,630.34,585.57,41.86,105.85,1,1,0.78604
201,15,1046.83,177.76,33.95,63.45,1,1,0.78106
201,16,601.47,672.48,42.44,119.96,1,1,0.79445
201,12,1285.83,669.91,39.72,105.03,1,1,0.80884
201,11,1459.79,181.63,35.17,75.96,1,1,0.73327
201,25,623.94,400.72,39.9,88.73,1,1,0.77893
201,14,624.47,489.5,49.12,103.4,1,1,0.78191
201,24,667.02,779.92,52.44,133.6,1,1,0.82535
201,26,539.62,586.67,43.66,116.74,1,1,0.7828
201,13,1325.05,259.25,38.63,89.83,1,1,0.65884
201,3,1466.56,164.08,40.87,67.38,1,1,0.67648
201,5,757.33,329.12,42.25,93.48,1,1,0.73883
202,1,559.95,758.9,60.83,119.93,1,1,0.80299
202,2,941.48,345.62,42.65,86.37,1,1,0.77944
202,4,90.84,264.4,47.52,83.45,1,1,0.76882
202,6,957.1,204.23,37.16,73.13,1,1,0.78736
202,8,750.33,304.84,41.52,83.58,1,1,0.75074
202,9,631.27,585.17,41.66,105.73,1,1,0.7864
202,15,1044.2,177.88,33.12,61.84,1,1,0.78094
202,16,602.86,672.4,42.37,120.25,1,1,0.79508
202,12,1288.1,669.04,39.35,102.39,1,1,0.80958
202,11,1460.79,180.84,34.81,75.92,1,1,0.73269
202,25,626.9,400.3,38.47,88.66,1,1,0.77974
202,14,625.53,489.17,48.91,103.21,1,1,0.78313
202,24,668.1,779.5,52.08,134.13,1,1,0.82666
202,26,540.15,586.69,44.04,116.33,1,1,0.78281
202,13,1322.45,257.76,38.22,91.06,1,1,0.66046
202,3,1467.17,163.84,41.37,66.87,1,1,0.67542
202,5,758.94,327.52,42.91,95.12,1,1,0.73818
203,1,561.2,757.03,59.36,122.94,1,1,0.811
203,4,97.85,265.84,43.6,81.79,1,1,0.76521
203,6,959.67,203.58,35.7,67.61,1,1,0.77598
203,8,752.95,300.53,41.78,81.39,1,1,0.7862
203,9,634.28,585.47,41.65,104.66,1,1,0.77436
203,15,1032.72,179.12,33.49,60.55,1,1,0.78317
203,16,607.85,672.04,41.07,119.6,1,1,0.77263
203,12,1295.72,666.86,40.91,103.09,1,1,0.81233
203,11,1462.21,179.74,37.56,75.55,1,1,0.75598
203,25,630.71,397.04,41.34,91.7,1,1,0.80658
203,14,630.79,487.34,47.16,105.19,1,1,0.78442
203,24,673.72,777.92,52.27,135.02,1,1,0.81646
203,26,540.77,588.2,48.13,115.51,1,1,0.77113
203,13,1312.83,256.72,42.87,89.63,1,1,0.65711
203,3,1469.05,164.13,42.04,66.9,1,1,0.72294
203,5,766.11,328.34,43.02,92.97,1,1,0.79604
203,21,499.59,557.72,40.09,119.63,1,1,0.70874
203,7,1591.73,328.57,36.89,90.78,1,1,0.74905
204,1,561.95,755.31,58.13,124.99,1,1,0.817
204,4,101.17,264.74,43.27,83.23,1,1,0.78141
204,6,961.96,203.13,36.69,67.75,1,1,0.78998
204,8,755.01,297.7,42.81,80.4,1,1,0.80256
204,9,636.97,585.48,42.14,103.85,1,1,0.78608
204,15,1024.23,180.2,34.59,60.84,1,1,0.79346
204,16,610.85,671.66,40.73,118.27,1,1,0.76433
204,12,1302.69,664.83,40.75,104.11,1,1,0.80348
204,11,1462.32,179.81,38.63,74.35,1,1,0.76543
204,25,633.29,394.35,44.73,93.75,1,1,0.81133
204,14,635.49,485.36,46.28,107.73,1,1,0.79485
204,24,677.83,776.72,53.05,135.37,1,1,0.82184
204,26,540.59,589.25,51.73,115.28,1,1,0.78945
204,13,1302.55,254.3,50.33,87.57,1,1,0.81513
204,3,1470.23,164.25,42.55,66.84,1,1,0.75518
204,5,772.02,326.92,43.29,91.98,1,1,0.78281
204,21,497.98,558.14,41.4,118.6,1,1,0.75377
204,7,1590.23,326.3,36.11,93.2,1,1,0.69874
204,18,94.88,254.47,45.15,70.88,1,1,0.68506
204,17,736.03,192.92,39.33,68.99,1,1,0.74876
204,2,946.27,339.04,40.19,86.79,1,1,0.74791
205,1,562.13,753.5,56.49,125.91,1,1,0.80902
205,4,102.5,264.48,45.01,82.58,1,1,0.78951
205,6,962.96,202.96,37.47,65.46,1,1,0.76897
205,8,756.93,295.67,43.46,81.84,1,1,0.81116
205,9,640.11,583.5,42.19,104.3,1,1,0.76595
205,15,1019.32,181.61,32.04,60.13,1,1,0.77818
205,16,615.05,670.48,41.53,119.54,1,1,0.78504
205,12,1307.69,663.43,41.31,104.2,1,1,0.78146
205,11,1462.87,179.8,39.19,73.32,1,1,0.77755
205,25,636.6,392.41,46.01,93.18,1,1,0.7946
205,14,638.84,483.4,45.24,107.42,1,1,0.80155
205,24,682.81,775.82,52.93,135.15,1,1,0.81475
205,26,540.76,590.26,54.47,114.89,1,1,0.78063
205,13,1294.61,254.09,53.31,83.09,1,1,0.7148
205,3,1470.7,164.62,42.85,65.81,1,1,0.75499
205,5,779.27,323.89,40.75,85.28,1,1,0.79301
205,21,497.29,558.66,42.7,117.78,1,1,0.77389
205,7,1588.48,323.68,35.65,94.98,1,1,0.69619
205,17,741.12,194.65,42.38,66.89,1,1,0.6534
206,1,561.36,752.26,55.88,126.85,1,1,0.81029
206,4,103.28,262.99,48.84,83.61,1,1,0.81654
206,6,964.39,202.63,39.24,66.79,1,1,0.78355
206,8,760.31,293.87,42.73,82.46,1,1,0.81115
206,9,643.41,581.18,42.4,104.19,1,1,0.76806
206,15,1011.82,183.2,32.45,59.25,1,1,0.7939
206,16,618.25,669.32,42.66,121.96,1,1,0.80037
206,12,1312.4,662.15,41.49,106.64,1,1,0.7979
206,11,1463.34,180.15,40.69,72.63,1,1,0.79078
206,25,641.37,389.06,47.23,91.74,1,1,0.80047
206,14,641.47,481.41,45.34,106.97,1,1,0.79967
206,24,687.66,776.41,53.61,134.49,1,1,0.81552
206,26,540.91,590.86,56.13,115.68,1,1,0.77963
206,13,1288.51,254.09,52.16,82.45,1,1,0.80489
206,3,1470.7,164.53,43.33,65.67,1,1,0.76686
206,5,783.91,322.58,41.52,84.45,1,1,0.81348
206,21,497.2,558.87,43.65,116.95,1,1,0.77951
206,17,745.08,193.12,48.65,68.7,1,1,0.73231
206,2,951.14,335.94,40.91,88.24,1,1,0.72606
207,1,560.05,751.31,55.99,127.44,1,1,0.80418
207,4,104.61,261.34,51.95,84.16,1,1,0.81684
207,6,964.8,202.9,39.75,65.85,1,1,0.77655
207,8,763.93,291.98,42.0,78.64,1,1,0.79657
207,9,646.56,578.89,42.89,104.29,1,1,0.77212
207,15,1005.92,184.67,32.43,57.83,1,1,0.78864
207,16,619.69,667.75,44.09,124.58,1,1,0.79199
207,12,1316.47,660.74,41.24,107.68,1,1,0.79594
207,11,1464.12,180.65,41.6,72.25,1,1,0.78189
207,25,648.92,386.84,45.08,90.13,1,1,0.78838
207,14,644.18,479.52,44.66,106.53,1,1,0.79384
207,24,691.98,777.71,53.68,132.62,1,1,0.80686
207,26,543.05,591.77,56.77,115.76,1,1,0.77125
207,13,1285.08,254.55,46.48,82.46,1,1,0.81417
207,3,1471.72,164.02,42.26,67.64,1,1,0.71696
207,5,791.0,321.74,39.56,80.53,1,1,0.79155
207,21,497.1,559.63,44.02,115.66,1,1,0.78376
207,17,750.66,194.28,52.57,68.37,1,1,0.7909
207,2,952.49,332.72,43.03,90.72,1,1,0.79202
208,1,558.75,750.94,56.72,127.97,1,1,0.82265
208,4,106.89,259.83,53.81,84.69,1,1,0.81238
208,6,964.8,203.25,42.94,67.42,1,1,0.80302
208,8,769.4,290.55,40.2,76.84,1,1,0.80338
208,9,649.46,576.69,43.5,104.64,1,1,0.79001
208,15,999.32,184.52,33.88,58.67,1,1,0.79607
208,16,621.93,666.43,45.33,125.13,1,1,0.80673
208,12,1320.54,658.08,43.27,111.65,1,1,0.81838
208,11,1465.58,181.94,41.99,70.49,1,1,0.78509
208,25,654.58,386.72,44.81,88.28,1,1,0.8
208,14,646.87,478.23,44.46,106.3,1,1,0.8007
208,24,696.61,780.12,58.5,132.33,1,1,0.83248
208,26,542.93,592.66,58.59,116.06,1,1,0.80301
208,13,1281.48,253.69,40.37,84.47,1,1,0.78515
208,3,1470.49,163.45,42.83,68.0,1,1,0.71203
208,5,796.51,320.92,38.97,79.43,1,1,0.80253
208,21,497.44,559.99,44.57,115.28,1,1,0.80806
208,17,756.84,193.76,56.62,69.49,1,1,0.78725
208,2,954.33,330.57,44.46,93.1,1,1,0.82219
208,7,1581.73,315.98,35.73,88.49,1,1,0.64469
209,1,558.54,751.18,56.05,127.09,1,1,0.81436
209,4,110.34,257.36,55.73,85.27,1,1,0.80145
209,6,964.41,202.59,43.91,66.88,1,1,0.78578
209,8,774.24,289.16,38.93,75.14,1,1,0.79302
209,9,652.4,575.15,44.13,105.07,1,1,0.78962
209,15,994.49,185.74,33.31,56.54,1,1,0.77659
209,16,624.76,664.84,47.29,124.28,1,1,0.79986
209,12,1324.38,655.54,46.57,113.48,1,1,0.8055
209,11,1469.33,182.85,39.88,69.17,1,1,0.77415
209,25,663.08,385.93,41.38,88.57,1,1,0.79044
209,14,650.18,478.15,43.72,104.41,1,1,0.80554
209,24,700.33,783.17,62.27,131.91,1,1,0.82139
209,26,542.62,593.42,59.62,115.63,1,1,0.7965
209,13,1275.13,251.26,39.01,87.61,1,1,0.70785
209,3,1466.68,163.37,35.55,70.77,1,1,0.70227
209,5,803.67,321.06,37.01,79.25,1,1,0.7653
209,21,497.38,560.2,45.79,115.15,1,1,0.80591
209,17,775.99,191.04,47.0,72.72,1,1,0.7322
209,2,957.7,327.79,43.83,95.06,1,1,0.78035
209,7,1579.58,314.57,36.04,82.71,1,1,0.73072
210,1,558.11,751.14,56.01,126.64,1,1,0.81913
210,4,111.86,256.7,56.39,84.4,1,1,0.80431
210,6,963.79,202.08,45.04,67.92,1,1,0.80006
210,8,775.31,288.64,39.06,74.78,1,1,0.80257
210,9,653.36,574.44,44.44,105.06,1,1,0.78817
210,15,992.39,186.4,32.88,55.69,1,1,0.77652
210,16,625.33,663.81,48.4,124.93,1,1,0.79812
210,12,1325.3,655.43,48.17,113.17,1,1,0.81005
210,11,1470.26,183.14,39.2,68.6,1,1,0.78316
210,25,666.14,385.45,40.01,88.85,1,1,0.79205
210,14,651.48,477.74,43.39,104.65,1,1,0.80781
210,24,701.76,783.91,64.1,132.01,1,1,0.82764
210,26,543.25,593.57,59.31,115.44,1,1,0.79578
210,3,1465.64,162.95,32.02,71.68,1,1,0.68981
210,5,806.23,320.73,36.33,79.92,1,1,0.77329
210,21,497.19,560.02,46.36,115.4,1,1,0.80537
210,17,785.01,189.56,41.72,74.39,1,1,0.74838
210,2,958.76,326.5,43.97,95.98,1,1,0.78126
210,7,1578.83,313.88,36.71,81.07,1,1,0.73958
211,1,558.13,751.42,54.77,125.59,1,1,0.8147
211,4,115.84,257.35,56.35,80.28,1,1,0.79172
211,6,963.51,201.38,43.89,66.95,1,1,0.77881
211,8,778.06,287.11,38.87,74.37,1,1,0.79484
211,9,655.82,573.51,44.61,105.17,1,1,0.78958
211,15,988.66,188.77,32.9,54.11,1,1,0.75242
211,16,626.43,663.25,49.29,123.22,1,1,0.79653
211,12,1326.77,653.89,51.12,111.73,1,1,0.81443
211,11,1472.14,183.98,38.49,67.24,1,1,0.78616
211,25,670.66,385.15,39.24,88.16,1,1,0.78524
211,14,653.74,477.31,42.14,103.6,1,1,0.802
211,24,704.03,786.24,67.15,131.03,1,1,0.82053
211,26,543.39,594.54,60.44,114.71,1,1,0.80447
211,3,1465.56,162.82,30.15,71.59,1,1,0.73776
211,5,811.79,320.86,34.66,81.16,1,1,0.74999
211,21,497.07,560.42,47.1,115.48,1,1,0.77164
211,17,796.72,188.24,35.19,75.58,1,1,0.75223
211,2,963.28,324.71,41.45,90.96,1,1,0.77924
211,7,1577.74,312.91,36.63,81.29,1,1,0.74001
212,1,557.59,750.69,53.34,124.58,1,1,0.81928
212,4,126.51,259.15,53.14,77.22,1,1,0.78351
212,6,965.78,196.92,40.62,69.77,1,1,0.70778
212,8,783.23,285.44,39.26,75.24,1,1,0.79979
212,9,659.86,573.28,45.44,105.32,1,1,0.77453
212,16,629.58,661.3,49.19,123.14,1,1,0.78985
212,12,1336.44,651.41,48.99,103.42,1,1,0.77975
212,11,1473.99,184.06,37.19,66.98,1,1,0.78997
212,25,677.01,384.91,40.6,86.03,1,1,0.78925
212,14,658.79,477.14,40.38,102.43,1,1,0.78036
212,24,707.34,792.34,71.94,127.76,1,1,0.82171
212,26,544.57,596.19,63.24,114.45,1,1,0.81455
212,3,1466.68,163.29,28.36,69.62,1,1,0.73062
212,5,820.26,320.81,35.68,79.95,1,1,0.75928
212,21,497.54,561.66,49.37,115.14,1,1,0.77011
212,17,808.51,188.85,37.76,75.19,1,1,0.70635
212,2,970.35,321.61,39.4,86.7,1,1,0.76246
212,7,1575.28,311.77,36.94,82.95,1,1,0.68725
212,13,1260.85,245.03,41.03,87.32,1,1,0.80568
213,1,557.8,749.68,51.54,124.25,1,1,0.80356
213,4,140.44,259.85,45.23,76.29,1,1,0.75941
213,6,965.91,195.07,37.98,66.84,1,1,0.734
213,8,786.52,283.98,39.88,75.62,1,1,0.77253
213,9,663.36,574.54,45.04,103.58,1,1,0.76012
213,16,632.75,660.77,48.44,122.65,1,1,0.78419
213,12,1345.06,649.93,46.22,97.9,1,1,0.75453
213,11,1475.11,184.1,36.26,65.94,1,1,0.76495
213,25,680.9,383.88,43.13,84.44,1,1,0.77518
213,14,663.34,476.44,38.78,101.75,1,1,0.72257
213,24,710.3,796.03,72.86,124.11,1,1,0.79754
213,26,550.21,597.35,61.55,112.71,1,1,0.77511
213,3,1466.33,163.5,27.85,67.11,1,1,0.67477
213,5,825.38,318.83,37.28,80.34,1,1,0.72588
213,21,498.32,562.38,49.58,113.43,1,1,0.7355
213,17,815.99,189.21,41.3,72.99,1,1,0.70258
213,2,975.23,320.33,37.97,84.15,1,1,0.76177
213,7,1571.56,309.35,38.52,85.36,1,1,0.67679
213,13,1255.84,243.03,40.75,84.16,1,1,0.79369
214,1,557.82,748.59,50.63,125.2,1,1,0.80971
214,4,147.9,259.7,43.54,77.23,1,1,0.78074
214,6,963.28,194.82,36.84,63.41,1,1,0.74668
214,8,788.27,282.77,42.35,76.47,1,1,0.79233
214,9,666.3,575.79,45.54,102.98,1,1,0.77045
214,16,636.75,661.34,47.56,122.03,1,1,0.79017
214,12,1350.84,648.06,44.47,100.95,1,1,0.76629
214,11,1475.24,184.3,36.41,65.54,1,1,0.77492
214,25,684.19,383.34,46.13,83.87,1,1,0.79653
214,14,665.82,475.15,38.89,103.34,1,1,0.72444
214,24,711.73,798.66,75.38,122.35,1,1,0.81076
214,26,557.24,597.99,57.63,111.87,1,1,0.78299
214,3,1465.83,164.52,27.96,65.11,1,1,0.68722
214,5,829.37,315.73,38.55,82.81,1,1,0.74998
214,21,498.83,563.35,50.01,113.0,1,1,0.7264
214,17,820.33,190.56,44.99,71.88,1,1,0.76025
214,2,979.11,317.87,39.57,84.83,1,1,0.77158
214,13,1250.86,241.51,40.99,82.3,1,1,0.81566
215,1,558.42,747.66,49.16,125.49,1,1,0.80384
215,4,152.39,257.36,44.66,80.45,1,1,0.79304
215,6,957.65,195.76,39.1,60.38,1,1,0.7452
215,8,792.74,281.52,41.9,78.22,1,1,0.79568
215,9,669.69,575.76,45.52,102.55,1,1,0.77217
215,16,643.09,662.31,45.21,121.11,1,1,0.78161
215,12,1355.73,645.88,43.39,102.83,1,1,0.774
215,11,1474.3,184.23,36.72,65.79,1,1,0.77295
215,25,689.95,381.95,47.38,84.58,1,1,0.80005
215,14,668.05,474.4,39.61,103.81,1,1,0.66476
215,24,713.62,799.44,74.27,121.81,1,1,0.80927
215,26,567.41,598.55,50.82,111.08,1,1,0.77183
215,3,1464.9,165.73,28.16,63.87,1,1,0.68642
215,5,833.46,313.85,38.68,84.98,1,1,0.73051
215,21,499.37,563.83,50.31,113.1,1,1,0.73602
215,17,827.5,191.49,48.05,70.27,1,1,0.72731
215,2,983.06,316.1,41.0,84.82,1,1,0.71418
215,13,1247.1,240.68,38.5,81.55,1,1,0.80775
215,7,1567.39,302.59,38.4,88.66,1,1,0.64956
216,1,558.86,746.66,48.21,125.9,1,1,0.79671
216,4,155.52,257.51,46.58,80.59,1,1,0.79384
216,6,950.88,196.97,44.08,57.13,1,1,0.75407
216,8,795.92,280.29,42.77,79.31,1,1,0.78747
216,9,674.13,574.77,44.7,102.62,1,1,0.76295
216,16,648.26,662.17,44.24,121.56,1,1,0.77495
216,12,1360.12,642.59,42.69,103.25,1,1,0.76694
216,11,1473.79,185.12,36.28,64.88,1,1,0.76436
216,25,693.64,382.39,48.36,84.08,1,1,0.79522
216,14,670.02,473.28,40.2,105.06,1,1,0.67368
216,24,717.26,799.82,74.09,121.15,1,1,0.7942
216,26,576.98,598.47,45.01,111.35,1,1,0.77676
216,3,1463.02,165.79,29.38,63.02,1,1,0.69004
216,5,838.1,312.72,38.93,84.87,1,1,0.70646
216,21,500.41,564.47,50.14,112.75,1,1,0.64218
216,17,839.04,191.7,45.29,71.18,1,1,0.71955
216,2,989.01,313.82,39.3,80.07,1,1,0.7401
216,13,1242.03,239.42,37.18,82.66,1,1,0.80861
216,7,1564.12,300.03,40.62,84.95,1,1,0.65539
217,1,559.57,745.22,47.48,126.42,1,1,0.80256
217,4,157.75,256.33,49.92,81.57,1,1,0.80453
217,6,945.87,197.28,48.21,57.17,1,1,0.7804
217,8,799.19,278.71,44.22,80.79,1,1,0.79243
217,9,678.14,573.38,44.28,100.84,1,1,0.75853
217,16,652.31,660.87,44.84,122.87,1,1,0.78591
217,12,1364.72,638.64,41.3,102.41,1,1,0.77069
217,11,1473.21,186.67,35.67,63.49,1,1,0.76433
217,25,703.11,381.54,43.86,85.47,1,1,0.78913
217,14,671.34,471.7,41.59,106.73,1,1,0.72044
217,24,724.47,799.45,69.07,122.37,1,1,0.8015
217,26,582.69,598.39,42.3,111.18,1,1,0.78085
217,3,1461.7,165.96,29.12,62.81,1,1,0.70949
217,5,843.09,311.81,39.63,86.48,1,1,0.71906
217,17,855.06,190.79,37.92,75.5,1,1,0.74465
217,2,992.38,311.21,40.03,81.33,1,1,0.7426
217,13,1236.4,238.59,36.36,83.39,1,1,0.81256
217,7,1560.41,297.65,41.78,80.94,1,1,0.74866
218,1,559.79,744.54,47.25,126.61,1,1,0.80259
218,4,158.47,255.75,51.2,81.92,1,1,0.80429
218,6,943.89,197.25,49.79,57.14,1,1,0.77987
218,8,800.37,278.01,44.74,81.29,1,1,0.79229
218,9,679.53,572.73,44.12,100.19,1,1,0.75855
218,16,653.69,660.24,45.07,123.36,1,1,0.78591
218,12,1366.17,637.08,40.79,102.05,1,1,0.77071
218,11,1472.94,187.05,35.45,63.04,1,1,0.76493
218,25,706.59,381.1,41.96,85.98,1,1,0.78907
218,14,671.75,470.97,42.11,107.35,1,1,0.71927
218,24,727.1,799.1,66.97,122.83,1,1,0.80154
218,26,584.45,598.17,41.44,111.14,1,1,0.78053
218,3,1461.17,165.86,29.05,62.82,1,1,0.7112
218,5,844.8,311.35,39.87,87.08,1,1,0.71826
218,17,860.48,190.28,35.01,77.11,1,1,0.74493
218,2,993.5,310.18,40.28,81.8,1,1,0.7438
218,13,1234.53,238.16,36.09,83.7,1,1,0.81273
218,7,1559.04,296.75,42.23,79.45,1,1,0.74708
219,1,559.55,743.93,47.47,126.84,1,1,0.80634
219,4,163.12,252.32,53.56,82.0,1,1,0.80532
219,8,804.17,275.05,48.15,80.79,1,1,0.80832
219,9,683.84,568.92,43.52,98.42,1,1,0.75584
219,16,656.86,658.75,45.64,124.09,1,1,0.80781
219,12,1373.11,633.56,41.25,99.55,1,1,0.77571
219,11,1469.26,187.14,38.53,63.6,1,1,0.76787
219,25,716.84,378.64,38.68,89.1,1,1,0.79694
219,14,672.77,469.93,45.88,107.33,1,1,0.7494
219,24,739.85,797.42,58.59,125.46,1,1,0.80415
219,26,588.21,597.96,41.81,113.29,1,1,0.7956
219,3,1459.33,165.34,30.23,63.46,1,1,0.68481
219,5,852.85,311.0,38.7,86.86,1,1,0.72249
219,17,872.64,188.06,38.34,81.24,1,1,0.76849
219,2,1000.55,306.04,38.24,82.02,1,1,0.68593
219,13,1227.37,235.79,37.72,85.51,1,1,0.76931
219,7,1555.81,295.02,39.26,56.17,1,1,0.66637
219,15,942.99,192.68,48.32,63.24,1,1,0.76706
219,21,500.25,565.56,53.67,114.0,1,1,0.74803
220,1,559.29,743.23,47.74,128.15,1,1,0.8082
220,4,167.59,251.7,54.68,79.58,1,1,0.80593
220,8,808.37,271.97,49.37,80.22,1,1,0.80892
220,9,687.31,566.43,43.95,100.43,1,1,0.76341
220,16,658.55,657.24,45.51,125.62,1,1,0.80366
220,12,1379.55,631.33,40.94,98.38,1,1,0.77884
220,11,1469.28,187.19,39.53,64.15,1,1,0.77374
220,25,721.03,376.51,39.56,91.88,1,1,0.80827
220,14,673.51,469.25,48.67,106.0,1,1,0.79146
220,24,748.37,795.52,53.27,127.73,1,1,0.80606
220,26,589.63,597.01,43.95,115.04,1,1,0.80243
220,3,1458.44,164.79,30.48,65.37,1,1,0.73409
220,5,859.98,310.15,37.04,87.1,1,1,0.75647
220,17,880.56,189.38,39.13,81.13,1,1,0.77757
220,13,1218.17,233.95,42.92,85.39,1,1,0.80576
220,7,1553.98,293.52,36.66,40.15,1,1,0.72836
220,32,1549.12,319.76,39.0,100.22,1,1,0.68327
220,15,941.19,193.37,49.17,64.75,1,1,0.77513
220,21,500.65,565.57,54.6,114.91,1,1,0.75934
221,1,559.24,742.92,47.87,128.62,1,1,0.80773
221,4,169.27,251.42,55.08,78.65,1,1,0.80585
221,8,810.0,270.79,49.83,79.97,1,1,0.80869
221,9,688.55,565.45,44.11,101.15,1,1,0.76275
221,16,659.12,656.61,45.46,126.17,1,1,0.80351
221,12,1381.83,630.52,40.8,97.92,1,1,0.77834
221,11,1469.34,187.11,39.91,64.37,1,1,0.77269
221,25,722.48,375.62,39.85,92.95,1,1,0.80812
221,14,673.8,468.95,49.76,105.47,1,1,0.79111
221,24,751.13,794.68,51.48,128.58,1,1,0.80566
221,26,590.15,596.55,44.72,115.69,1,1,0.80206
221,3,1458.19,164.5,30.56,66.07,1,1,0.73352
221,5,862.47,309.78,36.4,87.18,1,1,0.75669
221,17,883.26,189.71,39.55,81.16,1,1,0.77916
221,13,1214.78,233.23,44.87,85.34,1,1,0.80591
221,7,1553.48,293.28,35.7,36.0,1,1,0.7286
221,32,1549.32,319.2,38.76,100.64,1,1,0.68089
221,15,940.87,193.53,49.46,65.27,1,1,0.77489
221,21,500.92,565.5,54.87,115.16,1,1,0.75627
222,1,558.1,744.39,48.67,126.24,1,1,0.79761
222,4,179.86,251.04,50.05,78.56,1,1,0.76468
222,8,819.41,269.36,45.71,76.4,1,1,0.80478
222,9,692.6,563.5,43.77,102.59,1,1,0.78633
222,16,662.7,657.0,44.72,124.97,1,1,0.80052
222,12,1389.36,628.14,41.1,98.31,1,1,0.77443
222,11,1469.76,186.67,39.93,66.06,1,1,0.76188
222,25,726.99,374.16,43.24,91.18,1,1,0.80345
222,14,675.75,469.14,50.88,102.9,1,1,0.74336
222,24,756.17,793.46,53.57,130.32,1,1,0.79616
222,26,591.12,596.7,50.62,115.05,1,1,0.80998
222,3,1456.57,164.88,30.09,65.27,1,1,0.73121
222,5,868.58,309.31,37.06,85.91,1,1,0.70831
222,17,889.7,195.89,45.61,73.69,1,1,0.79289
222,13,1208.04,233.06,44.41,83.2,1,1,0.78299
222,7,1550.81,289.93,33.47,35.13,1,1,0.7294
222,32,1548.85,315.72,39.41,103.28,1,1,0.65403
222,15,943.84,191.39,46.95,67.89,1,1,0.72448
222,21,504.71,565.68,53.26,113.54,1,1,0.70499
222,2,1011.89,300.25,40.44,87.62,1,1,0.73357
223,1,557.86,744.75,48.98,125.3,1,1,0.79724
223,4,183.97,250.71,48.02,78.53,1,1,0.76436
223,8,823.13,268.7,44.01,75.02,1,1,0.80441
223,9,694.18,562.58,43.62,103.14,1,1,0.78603
223,16,664.1,656.96,44.42,124.49,1,1,0.8003
223,12,1392.14,627.13,41.22,98.28,1,1,0.77437
223,11,1470.1,186.26,39.9,66.71,1,1,0.76146
223,25,728.77,373.43,44.46,90.47,1,1,0.80305
223,14,676.64,469.02,51.28,101.93,1,1,0.74186
223,24,758.04,792.75,54.3,130.94,1,1,0.79563
223,26,591.63,596.52,52.77,114.79,1,1,0.80979
223,3,1456.13,164.8,29.92,64.95,1,1,0.73064
223,5,870.85,308.96,37.31,85.41,1,1,0.70645
223,17,892.33,198.06,47.78,70.75,1,1,0.79214
223,13,1205.83,232.83,44.18,82.41,1,1,0.78164
223,7,1550.08,288.88,32.68,35.05,1,1,0.72925
223,32,1548.85,314.4,39.52,104.14,1,1,0.64068
223,15,945.44,190.34,45.85,68.85,1,1,0.72397
223,21,506.3,565.51,52.62,112.91,1,1,0.70577
223,2,1013.28,299.57,40.8,88.54,1,1,0.73412
224,1,557.17,745.31,49.1,122.6,1,1,0.79394
224,4,195.62,253.22,45.02,76.16,1,1,0.76848
224,8,829.37,267.33,43.22,76.0,1,1,0.78865
224,9,697.4,562.73,42.98,103.3,1,1,0.78506
224,16,669.16,656.85,43.26,122.89,1,1,0.78514
224,12,1399.36,622.52,41.35,102.52,1,1,0.76995
224,11,1470.76,186.23,37.5,67.12,1,1,0.75575
224,25,737.42,369.49,45.16,88.25,1,1,0.77569
224,14,681.31,467.88,49.64,100.87,1,1,0.64565
224,24,764.55,791.96,53.81,128.11,1,1,0.79034
224,26,595.92,596.62,51.7,114.32,1,1,0.78354
224,3,1452.87,166.28,30.44,62.02,1,1,0.74021
224,5,876.69,306.53,38.69,83.41,1,1,0.74113
224,17,914.56,200.72,39.66,70.92,1,1,0.73136
224,13,1202.59,232.54,45.54,81.99,1,1,0.69098
224,7,1546.19,284.15,31.46,37.59,1,1,0.7356
224,32,1545.42,312.13,42.72,102.44,1,1,0.75028
224,15,954.96,186.87,37.44,68.94,1,1,0.72481
224,21,510.04,566.8,50.6,111.71,1,1,0.74171
225,1,557.15,745.29,48.75,122.91,1,1,0.79388
225,4,200.06,253.21,46.64,76.07,1,1,0.7662
225,8,832.55,265.76,45.09,76.66,1,1,0.781
225,9,700.36,563.25,42.47,103.62,1,1,0.78107
225,16,672.53,658.43,42.78,121.47,1,1,0.79601
225,12,1405.64,617.35,40.3,106.21,1,1,0.74033
225,11,1471.74,186.18,36.12,67.87,1,1,0.74832
225,25,745.97,367.48,42.74,87.33,1,1,0.77408
225,24,769.06,792.14,55.23,127.25,1,1,0.80114
225,26,598.67,597.44,51.08,113.45,1,1,0.78574
225,3,1450.51,166.73,31.16,60.03,1,1,0.74795
225,5,881.9,304.61,40.26,79.86,1,1,0.741
225,17,930.42,195.99,34.97,78.46,1,1,0.72716
225,13,1200.38,230.93,44.31,84.61,1,1,0.66848
225,7,1543.23,281.98,30.6,39.68,1,1,0.72382
225,32,1543.75,311.17,43.2,98.94,1,1,0.67799
225,15,961.69,184.37,31.02,67.05,1,1,0.68964
225,21,514.66,567.29,47.55,111.93,1,1,0.75355
225,2,1023.07,293.5,41.82,82.32,1,1,0.70901
226,1,556.5,744.45,48.19,124.27,1,1,0.79393
226,4,200.27,253.58,50.54,75.57,1,1,0.76612
226,8,834.81,263.77,47.32,76.44,1,1,0.7706
226,9,702.72,564.12,42.25,103.54,1,1,0.77808
226,16,674.94,660.75,42.48,119.47,1,1,0.79632
226,12,1409.31,612.91,40.69,102.69,1,1,0.74231
226,11,1471.73,185.23,35.96,68.96,1,1,0.74048
226,25,754.32,366.83,38.26,86.7,1,1,0.76617
226,24,773.41,793.08,55.73,126.11,1,1,0.80719
226,26,600.04,598.67,51.17,113.16,1,1,0.77272
226,3,1447.83,167.59,32.63,59.91,1,1,0.74962
226,5,885.81,303.32,42.29,79.46,1,1,0.73063
226,17,940.31,197.11,31.82,78.43,1,1,0.74041
226,13,1197.93,228.65,45.5,86.07,1,1,0.7425
226,7,1540.15,280.14,30.22,41.79,1,1,0.71867
226,15,965.78,182.45,26.24,65.86,1,1,0.65055
226,21,517.27,567.43,46.64,112.15,1,1,0.75233
226,2,1028.03,291.64,42.49,80.1,1,1,0.75018
226,14,692.79,466.27,43.57,102.48,1,1,0.66856
227,1,556.47,743.95,47.99,124.8,1,1,0.79413
227,4,200.47,253.55,51.99,75.4,1,1,0.76668
227,8,835.74,262.88,48.2,76.41,1,1,0.77113
227,9,703.69,564.3,42.18,103.52,1,1,0.77824
227,16,675.92,661.45,42.4,118.73,1,1,0.79632
227,12,1410.68,611.13,40.89,101.34,1,1,0.74247
227,11,1471.92,184.68,35.92,69.38,1,1,0.74092
227,25,757.3,366.46,36.59,86.49,1,1,0.7665
227,24,775.08,793.26,55.93,125.69,1,1,0.80744
227,26,600.67,598.93,51.21,113.06,1,1,0.7729
227,3,1447.05,167.72,33.19,59.89,1,1,0.74978
227,5,887.38,302.72,43.08,79.31,1,1,0.73116
227,17,943.43,197.37,30.77,78.39,1,1,0.74086
227,13,1197.31,227.63,45.98,86.63,1,1,0.74237
227,7,1539.31,279.35,30.09,42.62,1,1,0.71884
227,15,967.35,181.56,24.78,65.41,1,1,0.64873
227,21,518.35,567.28,46.34,112.24,1,1,0.75254
227,2,1029.97,290.86,42.71,79.34,1,1,0.75093
227,14,695.29,465.78,42.04,102.94,1,1,0.66891
228,1,555.05,742.54,47.55,128.12,1,1,0.80851
228,4,200.65,250.39,56.59,76.75,1,1,0.79393
228,8,839.83,261.75,52.15,75.5,1,1,0.81055
228,9,706.84,563.88,42.49,104.0,1,1,0.76703
228,16,678.45,660.69,43.17,121.74,1,1,0.79708
228,12,1417.27,609.05,39.85,97.56,1,1,0.73655
228,11,1472.29,183.12,35.06,72.67,1,1,0.75741
228,25,766.74,363.71,35.51,90.36,1,1,0.788
228,24,780.57,794.76,55.34,125.35,1,1,0.80659
228,26,604.07,600.96,50.19,113.43,1,1,0.78555
228,3,1440.54,169.19,37.37,62.5,1,1,0.78031
228,5,893.39,302.37,45.8,83.11,1,1,0.74121
228,17,952.46,203.03,35.01,74.79,1,1,0.74777
228,13,1190.55,223.73,41.88,86.99,1,1,0.7751
228,7,1532.69,277.9,32.3,46.55,1,1,0.71374
228,21,518.5,566.65,49.93,114.14,1,1,0.74797
228,2,1035.18,288.78,43.24,81.04,1,1,0.79054
228,14,698.01,464.62,43.42,106.51,1,1,0.73336
228,32,1536.33,309.06,44.51,96.19,1,1,0.71052
229,1,554.67,741.27,47.19,130.41,1,1,0.81226
229,4,202.6,249.17,61.47,75.6,1,1,0.81045
229,8,846.83,261.98,52.85,72.67,1,1,0.78871
229,9,710.07,563.25,42.54,102.35,1,1,0.76701
229,16,680.2,659.15,45.13,124.8,1,1,0.8063
229,12,1422.9,607.58,39.0,100.64,1,1,0.74711
229,11,1473.39,182.89,34.68,73.66,1,1,0.76813
229,25,772.04,362.54,35.38,92.36,1,1,0.79056
229,24,785.1,795.99,54.32,125.18,1,1,0.81368
229,26,609.54,601.1,47.04,115.65,1,1,0.79457
229,3,1436.45,169.46,40.31,64.84,1,1,0.79281
229,5,901.82,301.83,42.91,87.95,1,1,0.69073
229,17,957.94,201.2,40.8,75.9,1,1,0.79698
229,13,1185.95,221.2,38.9,85.68,1,1,0.78967
229,7,1529.25,275.75,34.88,48.56,1,1,0.70016
229,21,519.47,565.77,50.77,115.36,1,1,0.74684
229,2,1040.28,287.29,43.69,82.13,1,1,0.80308
229,14,699.68,462.67,43.77,108.39,1,1,0.78071
229,33,921.33,181.08,38.9,69.92,1,1,0.75707
230,1,553.96,740.85,47.64,132.01,1,1,0.80007
230,4,206.54,249.75,62.54,73.51,1,1,0.79916
230,8,857.22,261.01,49.79,71.41,1,1,0.77965
230,9,712.75,561.85,42.89,101.31,1,1,0.7644
230,16,681.21,658.21,48.28,126.53,1,1,0.80115
230,12,1427.11,606.69,40.32,104.41,1,1,0.76709
230,11,1474.38,180.9,35.19,75.73,1,1,0.77126
230,25,774.51,360.73,38.11,92.09,1,1,0.78934
230,24,789.13,796.8,53.68,125.74,1,1,0.79909
230,26,614.04,601.22,44.95,117.13,1,1,0.78404
230,3,1431.26,169.87,43.81,69.13,1,1,0.80184
230,5,907.77,301.06,41.95,93.66,1,1,0.64229
230,17,962.63,199.97,47.26,75.33,1,1,0.80408
230,13,1181.94,219.83,36.95,84.2,1,1,0.78039
230,7,1525.33,273.5,36.96,49.62,1,1,0.69808
230,21,519.36,564.98,52.17,117.68,1,1,0.76461
230,2,1042.67,286.21,46.67,83.72,1,1,0.78762
230,14,700.61,461.65,44.22,109.55,1,1,0.76991
230,33,914.73,180.47,44.75,71.52,1,1,0.75766
231,1,553.02,741.03,48.26,133.23,1,1,0.81101
231,4,212.32,251.2,60.2,71.95,1,1,0.78765
231,8,865.06,261.31,48.15,70.14,1,1,0.79763
231,9,714.93,560.07,44.18,103.85,1,1,0.76404
231,16,680.79,656.69,51.74,128.59,1,1,0.80252
231,12,1430.86,605.99,41.41,107.93,1,1,0.78596
231,11,1475.59,179.29,35.23,77.19,1,1,0.77697
231,25,776.65,358.98,41.34,91.39,1,1,0.80458
231,24,791.67,796.1,52.66,127.86,1,1,0.80619
231,26,617.68,600.51,43.62,119.87,1,1,0.80066
231,3,1429.37,170.75,45.64,70.08,1,1,0.81251
231,17,970.59,199.75,50.8,75.01,1,1,0.79375
231,13,1176.26,218.18,38.68,84.15,1,1,0.78233
231,7,1520.94,271.51,36.75,52.72,1,1,0.71674
231,21,519.99,564.12,51.26,119.24,1,1,0.78443
231,2,1044.71,284.25,49.79,85.42,1,1,0.81044
231,14,701.14,460.55,45.82,110.02,1,1,0.77663
231,33,908.46,182.03,49.22,70.64,1,1,0.76312
231,15,961.64,172.18,26.99,63.85,1,1,0.67986
231,32,1531.72,308.59,45.0,98.41,1,1,0.66509
232,1,551.64,742.07,48.72,131.45,1,1,0.80029
232,4,221.35,252.63,53.67,70.69,1,1,0.76555
232,8,872.14,258.47,46.91,72.31,1,1,0.77789
232,9,716.5,559.24,44.99,104.83,1,1,0.73258
232,16,680.48,655.38,54.99,129.8,1,1,0.79708
232,12,1434.39,604.68,41.72,109.94,1,1,0.77562
232,11,1475.67,177.29,35.81,78.41,1,1,0.76929
232,25,778.31,357.85,45.82,89.96,1,1,0.80678
232,24,793.98,794.36,51.43,129.75,1,1,0.80695
232,26,619.58,600.07,45.22,121.25,1,1,0.78811
232,3,1427.87,171.39,44.83,69.79,1,1,0.80053
232,17,978.68,197.01,51.53,78.54,1,1,0.79323
232,13,1170.24,217.14,41.54,82.64,1,1,0.77666
232,7,1517.5,269.58,35.61,57.98,1,1,0.67712
232,21,521.49,563.67,50.14,120.23,1,1,0.77102
232,2,1046.07,282.13,52.93,87.48,1,1,0.79479
232,14,701.96,459.9,47.11,109.31,1,1,0.74756
232,33,903.69,182.15,51.87,70.57,1,1,0.78324
232,15,961.01,171.5,29.66,66.29,1,1,0.6912
232,5,919.47,300.44,40.47,90.76,1,1,0.68205
233,1,551.14,742.96,48.41,129.59,1,1,0.81068
233,4,232.39,253.0,45.99,71.78,1,1,0.7692
233,8,875.77,257.21,51.01,73.32,1,1,0.78725
233,9,717.26,558.69,46.67,105.62,1,1,0.73927
233,16,679.98,655.09,57.57,128.95,1,1,0.80014
233,12,1438.68,602.51,41.55,112.71,1,1,0.78098
233,11,1476.83,176.52,35.3,78.75,1,1,0.78206
233,25,782.02,357.07,47.91,89.63,1,1,0.80665
233,24,796.36,792.83,51.63,131.9,1,1,0.81364
233,26,619.45,599.2,48.01,123.0,1,1,0.79948
233,3,1426.42,172.48,45.3,69.27,1,1,0.80861
233,17,990.33,195.45,46.38,81.17,1,1,0.77657
233,13,1164.6,216.67,44.87,82.97,1,1,0.7831
233,7,1513.61,268.12,35.51,67.58,1,1,0.74413
233,21,524.69,563.9,47.11,119.18,1,1,0.76783
233,2,1050.02,279.5,54.12,86.74,1,1,0.78576
233,14,703.02,460.53,48.81,107.77,1,1,0.76227
233,33,899.63,182.8,53.39,70.98,1,1,0.78997
233,5,924.31,300.54,40.74,78.03,1,1,0.75901
234,1,550.24,744.48,47.93,126.73,1,1,0.78476
234,4,238.9,251.89,43.08,73.38,1,1,0.76958
234,8,880.4,253.34,53.1,74.39,1,1,0.77569
234,9,719.26,558.54,47.58,105.38,1,1,0.70909
234,16,680.33,655.53,57.4,126.71,1,1,0.77826
234,12,1442.77,601.22,41.23,109.4,1,1,0.76124
234,11,1477.93,176.38,34.66,77.25,1,1,0.76382
234,25,787.9,357.24,46.18,85.93,1,1,0.769
234,24,798.56,792.01,51.61,128.22,1,1,0.78513
234,26,619.15,599.02,47.26,123.66,1,1,0.78007
234,3,1424.77,174.57,44.3,66.99,1,1,0.7768
234,17,1003.47,194.44,39.2,82.77,1,1,0.75621
234,13,1160.05,216.32,46.64,79.72,1,1,0.75838
234,7,1507.7,266.59,37.38,73.78,1,1,0.73426
234,21,528.24,564.51,43.89,117.0,1,1,0.75406
234,2,1055.37,277.82,52.84,81.93,1,1,0.75568
234,14,706.56,460.76,47.15,104.82,1,1,0.68392
234,33,897.88,184.68,53.31,68.49,1,1,0.77454
234,5,927.56,298.69,44.25,73.83,1,1,0.74276
234,32,1527.79,306.8,42.54,96.95,1,1,0.68636
234,15,960.15,172.98,33.75,78.35,1,1,0.67222
235,1,549.24,745.49,47.76,124.99,1,1,0.79796
235,4,241.55,249.03,46.17,77.12,1,1,0.78015
235,8,884.14,250.86,54.88,73.41,1,1,0.7794
235,9,720.06,559.19,49.1,105.46,1,1,0.74228
235,16,680.8,657.51,56.59,124.7,1,1,0.78925
235,12,1446.3,598.46,41.41,104.12,1,1,0.75682
235,11,1477.99,176.72,34.85,76.23,1,1,0.78419
235,25,796.6,356.92,42.23,86.9,1,1,0.75669
235,24,799.23,790.66,54.42,128.34,1,1,0.80852
235,26,619.05,598.44,48.61,124.09,1,1,0.79349
235,3,1421.75,176.5,44.64,67.0,1,1,0.80024
235,17,1014.18,194.92,36.51,83.07,1,1,0.77743
235,13,1156.88,216.05,48.62,78.64,1,1,0.79171
235,7,1500.88,265.91,41.22,76.9,1,1,0.76559
235,21,531.35,565.59,41.92,116.86,1,1,0.76904
235,2,1061.98,275.85,50.82,81.63,1,1,0.7539
235,14,711.65,461.3,43.22,103.83,1,1,0.71979
235,33,896.38,187.8,51.65,66.68,1,1,0.80085
235,5,930.8,296.74,46.26,74.32,1,1,0.75802
235,32,1527.57,306.21,41.57,95.37,1,1,0.68336
235,15,960.42,177.5,35.39,79.25,1,1,0.76229
236,1,549.39,745.64,47.72,124.37,1,1,0.7983
236,4,242.93,247.73,47.23,78.53,1,1,0.7804
236,8,885.93,249.75,55.61,73.06,1,1,0.78019
236,9,720.82,559.23,49.69,105.49,1,1,0.74266
236,16,681.42,658.04,56.28,124.0,1,1,0.78976
236,12,1448.01,597.32,41.45,102.08,1,1,0.75686
236,11,1478.5,176.65,34.97,75.84,1,1,0.78462
236,25,800.18,356.6,40.7,87.32,1,1,0.75744
236,24,799.93,789.94,55.48,128.43,1,1,0.80892
236,26,619.49,597.98,49.12,124.26,1,1,0.79379
236,3,1421.18,176.95,44.78,67.03,1,1,0.80099
236,17,1018.03,194.88,35.62,83.17,1,1,0.778
236,13,1156.32,215.78,49.4,78.29,1,1,0.79263
236,7,1498.82,265.44,42.72,78.14,1,1,0.76617
236,21,532.86,565.75,41.26,116.84,1,1,0.76957
236,2,1064.85,274.96,50.04,81.57,1,1,0.75551
236,14,713.93,461.3,41.72,103.49,1,1,0.7208
236,33,896.52,188.64,50.89,66.1,1,1,0.80116
236,5,932.44,295.86,47.05,74.55,1,1,0.75869
236,32,1527.98,305.78,41.3,95.0,1,1,0.68287
236,15,961.06,179.11,36.03,79.59,1,1,0.76276
237,1,545.39,746.6,48.66,126.38,1,1,0.7875
237,4,240.5,244.85,52.88,81.32,1,1,0.80309
237,8,902.95,247.97,44.82,70.86,1,1,0.76182
237,9,719.64,561.75,53.08,105.54,1,1,0.73855
237,16,683.62,662.96,54.24,120.88,1,1,0.7756
237,12,1452.38,595.56,40.68,100.2,1,1,0.75267
237,11,1477.96,177.05,34.65,76.49,1,1,0.76522
237,25,806.59,357.05,38.32,89.41,1,1,0.76162
237,24,799.49,790.83,54.41,126.66,1,1,0.78854
237,26,620.08,599.37,49.45,123.23,1,1,0.77414
237,3,1416.18,181.48,44.58,67.08,1,1,0.77615
237,17,1020.23,194.18,41.72,83.16,1,1,0.78821
237,13,1150.28,217.53,48.6,75.18,1,1,0.77794
237,7,1494.73,265.13,41.5,78.72,1,1,0.77338
237,21,532.33,567.66,40.92,116.16,1,1,0.76454
237,2,1075.58,273.49,44.25,84.59,1,1,0.74746
237,14,718.36,462.01,38.25,103.71,1,1,0.70247
237,33,892.05,188.18,50.55,67.49,1,1,0.78082
237,5,938.1,295.82,48.32,73.9,1,1,0.74088
237,32,1522.59,305.71,40.28,93.29,1,1,0.76382
237,15,958.34,183.01,36.84,76.5,1,1,0.75228
238,1,543.2,746.67,49.74,127.59,1,1,0.80015
238,4,239.94,238.84,59.66,86.8,1,1,0.8152
238,8,915.54,246.22,38.33,74.11,1,1,0.77796
238,9,721.68,563.22,53.69,105.77,1,1,0.75594
238,16,686.69,665.46,52.7,120.42,1,1,0.78455
238,12,1456.76,594.18,41.06,101.56,1,1,0.76094
238,11,1477.53,176.96,35.2,77.22,1,1,0.76729
238,25,811.72,356.07,38.13,91.79,1,1,0.77955
238,24,798.57,791.86,55.97,128.06,1,1,0.80883
238,26,622.09,600.23,48.08,121.94,1,1,0.78904
238,3,1413.09,184.14,45.05,70.55,1,1,0.79175
238,17,1023.5,193.46,51.71,81.03,1,1,0.80384
238,13,1146.83,216.36,45.98,75.54,1,1,0.78052
238,7,1492.4,263.76,39.99,80.12,1,1,0.78195
238,21,532.35,567.73,41.74,117.1,1,1,0.75859
238,2,1080.64,271.26,44.89,87.81,1,1,0.78121
238,14,720.31,461.57,37.55,104.61,1,1,0.73369
238,33,889.78,188.52,51.3,68.66,1,1,0.75294
238,5,938.56,294.7,55.34,75.77,1,1,0.76678
238,32,1520.48,305.17,38.37,93.9,1,1,0.72542
238,15,956.58,184.7,38.5,76.42,1,1,0.7723
239,1,542.99,746.37,50.59,128.48,1,1,0.80545
239,4,240.45,236.34,62.38,88.93,1,1,0.81814
239,8,920.07,245.51,36.18,75.46,1,1,0.77958
239,9,723.07,563.55,54.17,105.93,1,1,0.76088
239,16,688.6,665.96,52.01,121.11,1,1,0.79101
239,12,1459.2,593.52,41.06,102.24,1,1,0.77038
239,11,1478.09,176.73,35.42,77.55,1,1,0.77009
239,25,814.18,355.48,38.07,92.94,1,1,0.78467
239,24,798.8,792.16,56.83,128.82,1,1,0.81848
239,26,623.56,600.32,47.66,121.66,1,1,0.79423
239,3,1412.76,184.89,45.19,71.87,1,1,0.79466
239,17,1025.71,193.02,55.64,80.15,1,1,0.80641
239,13,1146.51,215.75,45.0,75.71,1,1,0.78393
239,7,1492.47,263.06,39.37,80.62,1,1,0.78473
239,21,532.92,567.52,42.25,117.8,1,1,0.76345
239,2,1082.97,270.22,45.2,89.35,1,1,0.78515
239,14,721.59,461.03,37.45,105.24,1,1,0.74399
239,33,889.81,188.28,51.46,69.18,1,1,0.76289
239,5,939.27,294.14,58.14,76.76,1,1,0.77097
239,32,1520.48,304.81,37.66,94.1,1,1,0.73039
239,15,956.5,185.6,39.38,76.0,1,1,0.77882
240,1,541.38,746.02,50.57,127.5,1,1,0.78873
240,4,242.29,234.86,62.72,89.44,1,1,0.7845
240,8,924.71,244.92,34.68,74.53,1,1,0.75931
240,9,726.49,563.92,51.59,104.95,1,1,0.72827
240,16,692.3,666.38,50.34,122.34,1,1,0.77445
240,12,1462.01,592.79,40.5,101.8,1,1,0.72674
240,11,1476.94,176.41,35.81,78.48,1,1,0.76794
240,25,814.23,354.96,40.44,92.75,1,1,0.77386
240,24,802.33,793.75,53.35,125.29,1,1,0.78108
240,26,625.7,601.6,45.44,120.68,1,1,0.78362
240,3,1410.23,186.9,45.62,71.76,1,1,0.77679
240,17,1037.46,194.06,50.17,74.58,1,1,0.75507
240,13,1143.78,215.48,43.13,75.02,1,1,0.76322
240,7,1486.84,261.88,40.78,81.41,1,1,0.77286
240,21,532.25,567.57,43.6,117.53,1,1,0.76354
240,2,1084.25,268.78,48.26,89.9,1,1,0.77472
240,14,719.03,460.38,40.56,106.99,1,1,0.72652
240,33,888.19,188.36,50.35,69.51,1,1,0.78331
240,5,947.16,293.82,53.84,78.11,1,1,0.71674
240,32,1517.94,304.63,36.2,95.04,1,1,0.74258
240,15,954.48,186.79,38.29,72.58,1,1,0.73644
241,1,538.11,744.81,52.46,131.71,1,1,0.82644
241,4,257.52,234.17,50.92,92.69,1,1,0.76009
241,8,930.19,245.0,38.2,73.62,1,1,0.77693
241,9,732.66,563.4,48.07,105.24,1,1,0.76087
241,16,695.36,662.79,49.69,131.6,1,1,0.81894
241,12,1464.09,589.53,42.23,109.07,1,1,0.77957
241,11,1475.2,176.23,36.28,79.41,1,1,0.79362
241,25,815.66,353.99,45.5,91.85,1,1,0.81416
241,24,805.52,794.99,51.98,131.0,1,1,0.8188
241,26,628.74,603.03,44.09,123.45,1,1,0.80271
241,3,1407.69,187.97,46.01,73.14,1,1,0.80713
241,17,1047.95,194.97,49.97,78.13,1,1,0.79596
241,13,1136.54,215.77,41.69,74.47,1,1,0.78645
241,7,1476.56,258.63,45.75,81.75,1,1,0.77045
241,21,526.99,566.89,49.72,121.52,1,1,0.79392
241,2,1088.86,266.35,51.17,89.19,1,1,0.79314
241,14,714.07,459.91,47.62,110.38,1,1,0.81138
241,33,886.42,187.37,48.83,71.62,1,1,0.81565
241,5,960.28,292.43,47.15,85.35,1,1,0.77619
241,32,1512.37,302.23,36.96,99.37,1,1,0.67605
241,15,947.27,186.99,38.84,70.1,1,1,0.75155
242,1,538.57,743.85,53.18,133.27,1,1,0.82638
242,4,265.28,233.41,45.84,93.9,1,1,0.76022
242,8,933.58,244.59,39.37,73.27,1,1,0.77683
242,9,736.52,562.7,46.72,105.33,1,1,0.76072
242,16,698.03,660.93,49.45,135.03,1,1,0.81889
242,12,1466.43,587.87,42.86,111.71,1,1,0.77927
242,11,1476.2,175.66,36.45,79.72,1,1,0.79353
242,25,817.87,353.14,47.42,91.48,1,1,0.81371
242,24,808.2,794.94,51.48,133.08,1,1,0.81874
242,26,631.37,603.04,43.61,124.47,1,1,0.80264
242,3,1408.49,187.81,46.15,73.65,1,1,0.80706
242,17,1053.31,194.8,49.87,79.37,1,1,0.7959
242,13,1135.65,215.4,41.17,74.29,1,1,0.78632
242,7,1474.39,256.91,47.64,81.83,1,1,0.77063
242,21,526.73,566.12,51.99,123.01,1,1,0.79364
242,2,1092.25,264.97,52.3,88.9,1,1,0.79299
242,14,713.91,459.24,50.28,111.65,1,1,0.81132
242,33,887.51,186.47,48.21,72.41,1,1,0.81566
242,5,966.65,291.4,44.54,88.03,1,1,0.77608
242,32,1512.01,300.83,37.23,100.98,1,1,0.67481
242,15,946.26,186.56,39.04,69.18,1,1,0.75166
243,1,537.29,744.26,53.08,131.61,1,1,0.80314
243,4,267.94,237.46,43.4,90.45,1,1,0.74299
243,8,936.7,244.01,41.23,70.53,1,1,0.74225
243,9,739.72,562.02,44.75,103.94,1,1,0.75331
243,16,699.44,660.55,48.85,134.25,1,1,0.78308
243,12,1468.6,586.06,42.74,109.19,1,1,0.69184
243,11,1476.05,175.91,35.94,78.07,1,1,0.77451
243,25,822.38,353.34,44.85,88.77,1,1,0.78866
243,24,809.33,795.45,50.43,133.86,1,1,0.80003
243,26,632.75,603.8,42.0,124.38,1,1,0.78439
243,3,1406.59,188.65,46.51,73.75,1,1,0.78148
243,17,1065.54,195.36,41.01,80.64,1,1,0.75896
243,13,1131.77,216.63,41.33,68.56,1,1,0.76739
243,7,1470.95,255.27,47.56,78.07,1,1,0.76426
243,21,526.45,566.72,53.1,122.81,1,1,0.7715
243,2,1097.55,264.47,50.68,84.59,1,1,0.70751
243,14,712.14,459.47,53.17,111.81,1,1,0.7716
243,33,889.22,186.66,46.6,70.3,1,1,0.77513
243,5,972.39,290.34,41.94,91.22,1,1,0.73959
243,32,1508.08,300.35,39.51,100.75,1,1,0.71553
243,15,944.15,187.64,34.88,63.57,1,1,0.7206
244,1,536.18,746.35,53.06,127.06,1,1,0.80562
244,4,273.76,243.33,43.41,86.69,1,1,0.76158
244,8,945.43,241.38,40.45,68.16,1,1,0.73204
244,9,743.11,561.52,43.32,104.87,1,1,0.77186
244,16,699.39,660.42,50.16,134.09,1,1,0.77861
244,12,1472.62,583.02,44.01,100.4,1,1,0.75082
244,11,1474.96,176.79,37.14,77.32,1,1,0.78007
244,25,832.06,353.44,39.7,87.78,1,1,0.78744
244,24,809.61,795.15,51.92,135.96,1,1,0.80114
244,26,631.44,603.52,43.53,126.63,1,1,0.77788
244,3,1401.83,189.82,49.01,74.05,1,1,0.78616
244,17,1077.23,196.77,38.06,76.53,1,1,0.75898
244,13,1120.38,216.77,47.07,63.82,1,1,0.75171
244,7,1465.88,252.3,46.89,77.76,1,1,0.7642
244,21,525.18,568.27,53.44,121.33,1,1,0.77221
244,2,1110.34,262.19,44.0,86.42,1,1,0.73921
244,14,709.86,461.2,57.98,108.89,1,1,0.75981
244,33,887.59,187.92,47.75,68.9,1,1,0.77102
244,5,976.93,287.89,42.95,91.82,1,1,0.73896
244,32,1500.41,299.55,42.82,100.58,1,1,0.71584
245,1,536.85,747.6,52.37,125.85,1,1,0.81532
245,4,276.97,245.32,45.88,85.18,1,1,0.76332
245,8,954.12,240.02,39.62,66.63,1,1,0.74338
245,9,746.0,560.84,43.63,104.98,1,1,0.78604
245,16,700.7,660.59,50.99,135.13,1,1,0.78832
245,12,1478.92,581.95,42.57,95.11,1,1,0.74689
245,11,1474.29,177.19,39.48,76.38,1,1,0.78846
245,25,838.92,353.23,38.12,88.53,1,1,0.8129
245,24,810.37,793.77,52.75,136.72,1,1,0.80915
245,26,630.81,602.77,45.46,127.51,1,1,0.78828
245,3,1401.83,190.18,48.55,74.43,1,1,0.80611
245,17,1086.57,198.6,36.23,71.54,1,1,0.7316
245,13,1110.97,215.75,50.54,59.18,1,1,0.69965
245,7,1464.1,250.02,46.75,78.72,1,1,0.76383
245,21,526.68,569.51,52.96,120.82,1,1,0.77147
245,2,1121.3,260.67,41.85,87.44,1,1,0.75922
245,14,710.26,462.53,60.01,106.91,1,1,0.78396
245,33,886.33,188.89,49.79,68.61,1,1,0.79019
245,5,983.75,285.95,41.34,87.53,1,1,0.74495
245,32,1495.63,299.48,46.13,99.14,1,1,0.69168
245,15,931.9,191.36,33.09,57.48,1,1,0.65396
246,1,537.35,748.34,51.27,126.15,1,1,0.79584
246,4,276.14,247.45,50.56,82.62,1,1,0.77609
246,8,958.35,238.21,42.47,66.93,1,1,0.73402
246,9,747.44,561.45,44.46,104.6,1,1,0.76843
246,16,702.36,663.2,50.1,132.06,1,1,0.77254
246,12,1484.08,579.74,41.83,93.44,1,1,0.72934
246,11,1473.49,178.21,43.71,74.86,1,1,0.78371
246,25,843.67,352.76,38.33,87.94,1,1,0.7757
246,24,810.77,793.4,53.33,133.96,1,1,0.79773
246,26,630.29,602.7,48.12,127.72,1,1,0.77213
246,3,1401.69,188.36,49.43,76.38,1,1,0.78427
246,17,1092.12,201.47,33.21,66.07,1,1,0.64048
246,13,1105.07,206.55,43.88,64.42,1,1,0.67902
246,7,1464.15,246.27,46.41,81.26,1,1,0.74028
246,21,529.79,571.22,50.35,119.82,1,1,0.76696
246,2,1127.39,259.15,41.03,87.43,1,1,0.75079
246,14,712.26,463.86,58.21,104.64,1,1,0.7512
246,33,886.26,187.48,51.12,69.13,1,1,0.75866
246,5,987.53,285.24,42.94,86.76,1,1,0.74523
246,32,1492.14,300.82,48.01,95.55,1,1,0.67399
247,1,538.05,748.28,50.56,127.65,1,1,0.7919
247,4,275.55,248.13,54.98,81.27,1,1,0.78874
247,8,966.7,237.88,39.87,73.5,1,1,0.71449
247,9,749.3,563.07,43.9,104.99,1,1,0.76379
247,16,704.14,666.7,47.51,128.86,1,1,0.77977
247,12,1489.58,578.89,41.06,92.69,1,1,0.72007
247,11,1472.15,178.95,48.24,75.64,1,1,0.78484
247,25,847.13,352.71,39.81,87.28,1,1,0.77651
247,24,811.52,794.12,54.03,132.07,1,1,0.80055
247,26,630.25,603.07,50.03,125.96,1,1,0.77481
247,3,1401.51,187.35,48.88,77.97,1,1,0.78001
247,13,1102.78,205.56,40.26,64.72,1,1,0.68324
247,7,1464.74,244.04,46.43,82.71,1,1,0.733
247,21,532.88,573.33,48.28,119.55,1,1,0.75734
247,2,1128.62,258.32,45.16,88.35,1,1,0.74684
247,14,715.75,464.81,54.3,105.09,1,1,0.72657
247,33,886.53,187.23,50.18,69.25,1,1,0.73073
247,5,991.02,284.8,45.56,88.2,1,1,0.73673
247,15,924.67,191.69,34.41,64.6,1,1,0.68391
248,1,538.31,747.45,50.19,128.6,1,1,0.77936
248,4,274.81,247.18,59.94,81.61,1,1,0.76827
248,8,973.36,236.97,38.23,74.3,1,1,0.70405
248,9,751.84,565.42,43.15,104.86,1,1,0.75692
248,16,706.38,669.28,44.94,126.56,1,1,0.77131
248,12,1493.4,577.77,41.66,89.91,1,1,0.73332
248,11,1471.63,179.68,50.01,75.47,1,1,0.76648
248,25,849.61,352.96,41.74,86.45,1,1,0.77409
248,24,812.48,795.85,53.46,128.61,1,1,0.79476
248,26,629.95,604.41,51.36,123.82,1,1,0.75876
248,3,1401.78,186.14,48.22,78.44,1,1,0.74783
248,13,1093.13,205.14,39.11,62.88,1,1,0.68825
248,7,1466.53,241.78,44.18,83.63,1,1,0.70346
248,21,536.41,575.04,45.51,119.18,1,1,0.74337
248,2,1131.37,256.51,47.27,88.3,1,1,0.69411
248,14,723.04,465.39,49.17,104.36,1,1,0.68618
248,5,998.07,286.03,44.8,85.68,1,1,0.70563
248,15,922.16,190.72,34.05,66.19,1,1,0.65015
248,17,1107.01,208.33,35.25,66.15,1,1,0.66975
249,1,537.4,746.4,50.2,129.23,1,1,0.77568
249,4,275.4,244.62,64.87,85.04,1,1,0.78217
249,8,978.94,236.21,37.51,74.07,1,1,0.70974
249,9,754.08,566.91,43.17,105.57,1,1,0.76044
249,16,707.61,671.48,43.77,123.19,1,1,0.7705
249,12,1496.65,575.57,40.98,96.18,1,1,0.75408
249,11,1469.75,179.67,51.85,76.55,1,1,0.76222
249,25,852.8,353.25,43.49,84.88,1,1,0.78217
249,24,813.33,798.35,52.59,126.68,1,1,0.79205
249,26,629.08,606.28,52.39,123.2,1,1,0.76361
249,3,1400.8,184.54,48.36,80.01,1,1,0.75248
249,13,1087.42,205.5,44.17,60.36,1,1,0.70115
249,7,1466.8,239.57,42.63,83.64,1,1,0.69877
249,21,537.09,575.43,44.45,121.1,1,1,0.74774
249,2,1135.81,255.06,49.64,86.41,1,1,0.71016
249,14,728.9,465.2,46.37,106.63,1,1,0.65246
249,5,1004.31,286.84,42.87,85.37,1,1,0.70558
249,17,1107.59,212.31,38.6,65.02,1,1,0.69122
250,1,535.49,746.1,50.59,129.17,1,1,0.77761
250,4,284.05,245.75,60.92,85.45,1,1,0.65874
250,8,983.82,235.17,38.99,76.93,1,1,0.70751
250,9,755.82,568.27,43.58,106.39,1,1,0.75475
250,16,708.58,673.46,43.85,123.48,1,1,0.75926
250,12,1500.13,572.21,40.52,99.31,1,1,0.74045
250,11,1467.5,179.75,52.42,76.91,1,1,0.76996
250,25,855.85,353.0,44.42,84.24,1,1,0.77304
250,24,813.59,800.42,52.27,125.66,1,1,0.7844
250,26,628.54,608.69,53.42,121.5,1,1,0.75264
250,3,1398.01,186.03,48.48,79.54,1,1,0.72628
250,13,1088.58,209.77,42.17,64.8,1,1,0.68125
250,7,1466.72,238.87,41.32,80.75,1,1,0.72461
250,21,536.36,575.65,46.04,122.59,1,1,0.76119
250,2,1140.47,253.21,53.84,85.47,1,1,0.71169
250,14,731.23,464.85,45.26,109.79,1,1,0.68184
250,5,1009.85,287.77,41.1,86.65,1,1,0.72487
250,15,913.94,186.95,36.33,77.97,1,1,0.65516
251,1,533.83,746.06,51.5,131.11,1,1,0.77853
251,4,296.93,247.59,49.92,87.28,1,1,0.69366
251,8,987.61,234.27,40.03,77.19,1,1,0.73089
251,9,756.6,568.42,45.2,109.34,1,1,0.76603
251,16,709.24,674.24,44.12,128.04,1,1,0.75916
251,12,1502.08,570.08,41.22,101.21,1,1,0.76573
251,11,1466.46,179.62,50.53,76.64,1,1,0.77334
251,25,858.34,352.95,46.04,86.32,1,1,0.78535
251,24,813.84,801.29,52.82,128.01,1,1,0.78459
251,26,628.95,610.96,54.2,120.86,1,1,0.7673
251,3,1393.6,182.68,54.29,80.0,1,1,0.79379
251,13,1085.87,210.2,52.33,63.66,1,1,0.68636
251,7,1466.66,237.89,40.8,76.57,1,1,0.74145
251,21,534.95,575.7,45.81,124.94,1,1,0.76478
251,2,1146.43,251.74,53.89,87.4,1,1,0.76662
251,14,730.75,464.51,45.16,112.89,1,1,0.71077
251,5,1014.99,287.98,39.43,89.56,1,1,0.7336
251,15,910.11,184.73,37.5,84.35,1,1,0.72589
252,1,532.63,746.98,50.65,126.94,1,1,0.77904
252,4,307.04,253.07,39.6,82.81,1,1,0.71491
252,8,989.61,233.16,42.04,76.62,1,1,0.7334
252,9,757.32,568.55,46.71,110.03,1,1,0.74255
252,16,709.22,674.58,45.7,130.98,1,1,0.75265
252,12,1505.35,568.91,40.72,99.58,1,1,0.76963
252,11,1466.0,179.7,47.38,75.55,1,1,0.75999
252,25,863.94,353.44,43.18,87.67,1,1,0.76251
252,24,814.67,803.15,52.4,128.66,1,1,0.78167
252,26,630.0,612.83,53.95,121.39,1,1,0.76581
252,3,1390.77,181.81,56.52,78.18,1,1,0.75883
252,7,1467.41,237.85,37.94,70.78,1,1,0.73024
252,21,534.49,575.56,45.84,123.88,1,1,0.75282
252,2,1154.38,250.72,48.85,88.0,1,1,0.74716
252,14,730.05,464.49,44.28,112.58,1,1,0.68313
252,5,1020.14,288.36,37.89,90.08,1,1,0.72647
252,15,906.37,185.28,40.25,83.49,1,1,0.69326
252,32,1470.54,296.18,39.47,105.35,1,1,0.72866
253,1,530.27,748.55,51.37,128.71,1,1,0.8141
253,4,305.13,255.09,42.4,83.93,1,1,0.75993
253,8,994.2,233.31,40.76,74.17,1,1,0.75757
253,9,756.21,567.82,49.62,113.83,1,1,0.79386
253,16,707.86,675.56,50.19,133.78,1,1,0.77411
253,12,1508.21,568.64,41.08,100.9,1,1,0.7975
253,11,1465.14,179.5,44.95,76.01,1,1,0.75258
253,25,870.7,353.51,40.17,91.89,1,1,0.81182
253,24,815.01,802.81,52.94,133.99,1,1,0.80163
253,26,632.05,614.2,53.18,123.8,1,1,0.79136
253,3,1388.15,181.5,58.79,79.53,1,1,0.79131
253,7,1468.17,236.62,36.75,69.02,1,1,0.75154
253,21,532.99,575.44,47.68,126.56,1,1,0.78211
253,2,1160.64,249.99,45.65,90.97,1,1,0.80594
253,14,726.78,464.24,47.03,115.19,1,1,0.7604
253,5,1023.14,287.05,38.85,93.74,1,1,0.78562
253,15,900.24,185.48,45.0,84.57,1,1,0.6936
253,32,1466.78,293.12,39.15,109.73,1,1,0.73037
253,13,1080.88,235.34,58.0,40.23,1,1,0.69954
254,1,529.53,750.45,50.59,126.93,1,1,0.79728
254,4,308.46,257.01,41.55,84.65,1,1,0.75362
254,8,998.73,231.88,39.83,73.92,1,1,0.74088
254,9,755.74,567.93,51.88,114.39,1,1,0.77114
254,16,707.26,675.75,54.17,133.97,1,1,0.75963
254,12,1509.66,569.09,42.2,99.76,1,1,0.7784
254,11,1463.28,179.6,42.58,69.58,1,1,0.74244
254,25,875.63,353.48,39.01,93.94,1,1,0.79362
254,24,816.02,802.85,51.84,134.5,1,1,0.77806
254,26,634.71,615.16,50.45,125.41,1,1,0.77813
254,3,1386.96,181.83,59.7,79.09,1,1,0.77559
254,7,1467.71,234.49,37.35,69.65,1,1,0.7402
254,21,532.11,576.31,48.33,125.85,1,1,0.7692
254,2,1165.85,248.52,44.37,93.77,1,1,0.77615
254,14,724.86,464.9,49.25,115.38,1,1,0.74711
254,5,1024.47,285.92,40.3,97.24,1,1,0.73897
254,15,898.04,185.91,47.03,86.13,1,1,0.67209
254,32,1464.28,292.38,38.56,110.54,1,1,0.7556
254,13,1075.1,241.77,67.06,33.8,1,1,0.65482
255,1,527.69,752.28,50.16,127.88,1,1,0.81276
255,4,309.96,254.71,41.91,88.55,1,1,0.78335
255,8,1005.53,231.98,36.33,73.34,1,1,0.73052
255,9,754.79,568.27,55.28,115.1,1,1,0.78924
255,16,704.57,675.92,57.92,133.62,1,1,0.77145
255,12,1512.02,569.2,43.04,92.62,1,1,0.7703
255,11,1460.91,179.69,42.14,67.83,1,1,0.74736
255,25,877.26,352.92,40.9,96.31,1,1,0.81106
255,24,815.33,802.42,52.02,135.94,1,1,0.79411
255,26,635.08,615.0,47.67,129.07,1,1,0.7976
255,3,1385.37,182.04,61.37,79.63,1,1,0.79437
255,7,1467.08,232.66,37.22,72.0,1,1,0.75239
255,21,530.78,577.84,49.09,126.62,1,1,0.79079
255,2,1169.51,247.18,44.35,96.05,1,1,0.79871
255,14,722.71,466.03,52.2,115.25,1,1,0.76406
255,5,1024.76,284.94,43.68,99.77,1,1,0.7666
255,32,1460.97,293.93,38.66,109.02,1,1,0.74626
255,13,1066.63,246.8,72.97,27.94,1,1,0.68232
255,34,1090.95,214.65,70.4,44.63,1,1,0.71617
256,1,524.48,753.78,50.94,129.61,1,1,0.81017
256,4,308.04,251.94,45.98,92.1,1,1,0.78404
256,8,1014.17,230.5,33.62,83.34,1,1,0.72133
256,9,753.99,569.42,60.17,114.46,1,1,0.78956
256,16,703.19,677.42,59.48,131.74,1,1,0.77641
256,12,1514.28,568.81,43.81,91.01,1,1,0.7734
256,11,1458.7,179.95,41.78,63.19,1,1,0.75628
256,25,877.58,352.3,46.64,97.9,1,1,0.80668
256,24,813.58,802.6,54.03,137.83,1,1,0.79105
256,26,633.66,614.72,45.91,131.62,1,1,0.79024
256,3,1384.27,182.0,64.19,79.98,1,1,0.79655
256,7,1465.79,230.11,36.12,77.2,1,1,0.75309
256,21,529.13,580.38,49.13,125.86,1,1,0.79437
256,2,1173.06,245.29,45.01,98.59,1,1,0.79427
256,14,722.31,468.03,53.11,112.72,1,1,0.69953
256,5,1024.51,284.5,48.0,100.02,1,1,0.75264
256,13,1059.27,245.73,76.11,27.12,1,1,0.70794
256,34,1113.59,228.93,49.98,37.5,1,1,0.67971
257,1,519.97,754.71,52.7,132.18,1,1,0.82195
257,4,304.92,248.7,50.36,95.79,1,1,0.81341
257,8,1019.63,229.05,34.48,86.92,1,1,0.74857
257,9,754.01,571.68,64.26,113.7,1,1,0.79224
257,16,700.07,680.06,61.18,130.75,1,1,0.78286
257,12,1516.48,567.58,44.23,99.54,1,1,0.77618
257,11,1456.49,179.85,42.34,63.14,1,1,0.75813
257,25,877.56,352.49,50.11,98.53,1,1,0.81562
257,24,811.66,803.22,55.52,137.73,1,1,0.80115
257,26,631.3,614.75,46.98,133.12,1,1,0.80257
257,3,1384.72,182.3,64.95,80.83,1,1,0.81789
257,7,1463.34,228.26,35.95,82.32,1,1,0.782
257,21,529.11,583.25,47.78,124.54,1,1,0.79526
257,2,1174.68,245.08,47.28,97.23,1,1,0.80399
257,14,723.45,470.42,51.65,111.07,1,1,0.7076
257,5,1024.49,284.09,52.58,98.62,1,1,0.78193
257,13,1056.15,245.59,72.36,26.84,1,1,0.7225
257,34,1106.34,218.8,53.88,49.61,1,1,0.71489
258,1,515.11,754.92,55.5,135.23,1,1,0.82793
258,4,301.65,246.88,56.25,97.78,1,1,0.8235
258,8,1020.35,227.57,38.92,90.5,1,1,0.77128
258,9,752.61,574.47,67.37,114.08,1,1,0.79513
258,16,697.11,683.37,62.29,130.98,1,1,0.79559
258,12,1519.2,565.59,45.1,108.95,1,1,0.80005
258,11,1454.51,179.89,43.51,67.9,1,1,0.74545
258,25,879.47,350.62,52.34,96.77,1,1,0.81364
258,24,810.28,805.05,57.14,137.06,1,1,0.80201
258,26,629.12,615.39,48.82,134.82,1,1,0.81119
258,3,1385.1,182.61,66.2,81.94,1,1,0.8282
258,7,1460.92,226.72,36.47,86.1,1,1,0.77855
258,21,529.2,585.54,46.71,124.74,1,1,0.78898
258,2,1175.22,244.3,53.79,96.0,1,1,0.78769
258,14,725.38,472.06,49.52,112.18,1,1,0.7285
258,5,1025.27,284.76,58.37,95.29,1,1,0.80639
258,13,1056.82,244.05,68.81,28.28,1,1,0.699
258,34,1107.64,216.66,52.46,53.86,1,1,0.72825
258,32,1447.88,298.52,39.34,103.63,1,1,0.77101
259,1,514.74,754.48,56.55,136.37,1,1,0.82763
259,4,301.81,245.68,58.57,98.5,1,1,0.82325
259,8,1022.04,226.5,40.51,91.86,1,1,0.77162
259,9,753.51,575.02,68.57,114.18,1,1,0.7948
259,16,697.4,684.09,62.69,131.05,1,1,0.79538
259,12,1521.55,564.33,45.39,112.59,1,1,0.79996
259,11,1455.2,179.42,43.93,69.57,1,1,0.7453
259,25,881.6,349.43,53.19,96.03,1,1,0.81348
259,24,811.16,805.24,57.74,136.78,1,1,0.80188
259,26,629.68,615.12,49.52,135.44,1,1,0.81101
259,3,1386.75,182.24,66.65,82.34,1,1,0.82813
259,7,1461.43,225.67,36.66,87.55,1,1,0.7791
259,21,530.58,585.88,46.31,124.8,1,1,0.78881
259,2,1176.89,243.56,56.22,95.49,1,1,0.78729
259,14,727.45,472.17,48.7,112.59,1,1,0.72776
259,5,1027.04,284.56,60.66,93.97,1,1,0.80593
259,13,1058.64,243.09,67.41,28.79,1,1,0.69834
259,34,1108.94,215.25,52.28,55.4,1,1,0.7279
259,32,1447.7,298.9,39.49,102.62,1,1,0.76676
260,1,509.71,755.31,59.27,136.55,1,1,0.82439
260,4,299.34,247.97,62.32,96.59,1,1,0.82756
260,8,1020.35,226.78,43.42,89.44,1,1,0.78563
260,9,752.93,577.88,68.31,114.16,1,1,0.79119
260,16,695.16,686.41,62.58,131.66,1,1,0.79391
260,12,1523.82,563.61,46.34,115.41,1,1,0.78591
260,11,1452.79,180.27,44.18,72.77,1,1,0.73534
260,25,885.54,350.09,51.38,93.64,1,1,0.80662
260,24,807.95,807.86,57.96,137.04,1,1,0.79973
260,26,627.61,616.47,51.5,135.34,1,1,0.80871
260,3,1389.29,183.17,63.96,80.82,1,1,0.81197
260,7,1458.84,225.76,36.17,89.74,1,1,0.77597
260,21,528.35,587.93,46.65,126.49,1,1,0.79254
260,2,1179.0,244.49,57.79,92.4,1,1,0.79282
260,14,729.52,474.27,44.27,112.93,1,1,0.76461
260,5,1031.65,285.16,58.77,92.86,1,1,0.80156
260,13,1060.34,241.58,62.48,30.92,1,1,0.70998
260,34,1109.11,218.09,52.32,54.06,1,1,0.77063
260,32,1444.74,301.03,39.67,100.66,1,1,0.79994
261,1,504.25,758.09,60.94,133.57,1,1,0.82719
261,4,298.6,250.19,63.88,98.43,1,1,0.80353
261,8,1021.04,228.48,45.86,83.9,1,1,0.75738
261,9,757.39,581.92,63.46,116.37,1,1,0.78799
261,16,696.68,690.84,58.47,135.5,1,1,0.78834
261,12,1524.61,562.83,47.78,110.89,1,1,0.78081
261,11,1449.27,182.37,43.47,74.83,1,1,0.73229
261,25,894.94,353.25,45.85,91.3,1,1,0.80042
261,24,803.02,813.79,57.73,137.34,1,1,0.81312
261,26,623.41,621.23,51.57,132.81,1,1,0.79796
261,3,1396.1,187.24,55.28,79.34,1,1,0.78908
261,7,1454.87,227.12,35.9,89.51,1,1,0.77207
261,21,522.39,590.56,47.88,127.96,1,1,0.77542
261,2,1184.27,245.32,54.41,92.22,1,1,0.78316
261,14,729.09,476.79,43.87,115.69,1,1,0.73167
261,5,1036.02,287.21,54.04,95.37,1,1,0.77334
261,13,1061.77,241.59,52.47,32.49,1,1,0.71494
261,34,1111.39,226.5,50.06,46.14,1,1,0.72981
261,32,1438.04,303.81,37.76,100.1,1,1,0.79818
262,1,505.9,758.13,61.87,132.13,1,1,0.82047
262,4,301.83,250.07,64.45,98.93,1,1,0.80175
262,8,1024.54,228.1,46.97,81.82,1,1,0.75584
262,9,762.39,582.4,61.58,117.12,1,1,0.78399
262,16,700.55,691.45,56.76,136.99,1,1,0.78112
262,12,1528.28,561.54,48.18,108.86,1,1,0.77942
262,11,1451.33,182.12,43.2,75.38,1,1,0.72984
262,25,901.72,353.44,43.6,90.33,1,1,0.7981
262,24,804.57,815.01,58.03,137.42,1,1,0.80638
262,26,625.45,621.93,51.49,131.8,1,1,0.79382
262,3,1402.04,187.79,51.83,78.67,1,1,0.78761
262,7,1456.62,226.6,35.96,89.43,1,1,0.76645
262,21,523.61,590.33,48.27,128.36,1,1,0.7754
262,2,1189.54,244.63,53.04,92.09,1,1,0.78117
262,14,731.88,476.67,43.77,116.56,1,1,0.72392
262,5,1040.87,286.95,52.2,96.25,1,1,0.77106
262,13,1065.77,240.53,48.65,33.11,1,1,0.71303
262,34,1115.11,228.86,49.33,42.74,1,1,0.7273
262,32,1438.96,304.02,37.04,99.7,1,1,0.79509
263,1,503.97,760.37,61.65,132.01,1,1,0.82796
263,4,310.2,252.03,54.47,99.46,1,1,0.72761
263,8,1027.39,227.75,45.84,81.84,1,1,0.74748
263,9,767.09,583.64,56.34,119.3,1,1,0.78913
263,16,703.07,693.23,54.76,138.66,1,1,0.78464
263,12,1531.4,562.04,48.91,106.88,1,1,0.78195
263,11,1451.05,183.53,40.63,74.21,1,1,0.67588
263,25,906.02,354.6,41.09,92.03,1,1,0.7885
263,24,804.6,818.46,57.52,137.43,1,1,0.80555
263,26,625.03,625.07,50.02,130.2,1,1,0.7975
263,3,1403.44,188.88,50.62,78.78,1,1,0.78126
263,7,1455.58,228.1,35.32,87.15,1,1,0.75495
263,21,519.86,591.41,49.81,128.93,1,1,0.77465
263,2,1194.84,244.34,49.34,91.62,1,1,0.78235
263,14,729.15,476.42,46.17,118.7,1,1,0.70762
263,5,1046.87,287.17,48.35,98.72,1,1,0.73452
263,13,1063.94,239.97,46.78,36.72,1,1,0.70472
263,34,1120.77,229.48,43.64,42.92,1,1,0.74263
263,32,1435.99,304.36,35.97,100.57,1,1,0.76075
264,1,503.48,763.48,60.59,129.43,1,1,0.80922
264,4,313.32,254.55,48.82,98.09,1,1,0.71329
264,8,1032.76,227.09,43.13,79.06,1,1,0.70681
264,9,772.45,584.77,51.42,120.12,1,1,0.76651
264,16,704.34,695.12,53.14,140.59,1,1,0.78152
264,12,1537.39,563.11,47.94,102.56,1,1,0.76827
264,25,910.34,354.9,39.61,94.29,1,1,0.77833
264,24,804.59,821.77,54.9,136.97,1,1,0.77819
264,26,624.81,628.35,48.44,128.54,1,1,0.77641
264,3,1403.68,189.46,51.25,79.38,1,1,0.76035
264,7,1454.48,228.93,34.98,84.96,1,1,0.73915
264,21,516.42,592.7,51.57,128.13,1,1,0.75293
264,2,1202.84,244.13,43.88,91.72,1,1,0.73492
264,14,725.92,477.67,48.88,119.12,1,1,0.70659
264,5,1053.32,287.16,46.15,99.23,1,1,0.71095
264,34,1125.67,233.8,41.15,38.0,1,1,0.68399
264,32,1433.07,303.68,35.76,103.49,1,1,0.67524
265,1,502.33,765.92,59.16,130.28,1,1,0.83264
265,4,313.55,259.24,48.48,97.21,1,1,0.74708
265,8,1037.05,227.22,46.03,74.23,1,1,0.65403
265,9,774.13,585.19,50.54,123.54,1,1,0.7755
265,16,703.2,696.27,54.65,144.16,1,1,0.80291
265,12,1542.87,564.51,46.45,101.32,1,1,0.75219
265,25,913.11,353.27,40.33,98.91,1,1,0.79543
265,24,803.74,823.65,53.45,140.29,1,1,0.80628
265,26,624.61,631.44,47.23,129.18,1,1,0.79044
265,3,1404.16,188.23,53.82,82.05,1,1,0.78103
265,7,1453.12,228.33,35.78,83.84,1,1,0.75946
265,21,510.71,594.01,56.51,131.93,1,1,0.77361
265,2,1208.52,242.81,41.43,94.1,1,1,0.73845
265,14,722.17,478.47,52.96,121.2,1,1,0.7538
265,5,1059.3,286.81,42.88,101.56,1,1,0.77068
265,34,1127.7,227.38,41.62,44.57,1,1,0.70405
265,32,1429.95,302.83,36.42,106.5,1,1,0.69592
265,11,1453.61,184.22,38.65,71.84,1,1,0.65952
266,1,502.36,767.63,56.3,133.22,1,1,0.82103
266,4,315.64,258.78,46.72,99.53,1,1,0.76551
266,9,774.66,585.61,50.77,125.4,1,1,0.76967
266,16,701.63,697.6,54.94,145.49,1,1,0.78768
266,12,1547.6,565.46,44.83,98.87,1,1,0.72218
266,25,914.4,353.29,41.8,99.99,1,1,0.79429
266,24,801.97,825.41,53.43,141.19,1,1,0.78874
266,26,624.29,633.84,47.41,130.45,1,1,0.78089
266,3,1405.53,185.47,57.07,85.17,1,1,0.77508
266,7,1452.1,225.64,36.35,85.81,1,1,0.74335
266,21,508.09,596.12,56.92,131.38,1,1,0.76469
266,2,1213.25,241.49,40.5,94.1,1,1,0.73036
266,14,718.49,479.66,56.9,121.22,1,1,0.75475
266,5,1063.91,285.1,41.03,103.32,1,1,0.7555
266,34,1129.4,229.7,42.28,42.43,1,1,0.71779
266,32,1426.67,302.47,38.59,108.5,1,1,0.78448
266,11,1456.54,183.41,38.22,74.43,1,1,0.72644
267,1,503.1,768.65,52.71,137.55,1,1,0.82591
267,4,314.03,262.78,46.71,97.36,1,1,0.78193
267,9,773.86,586.51,52.28,127.5,1,1,0.79531
267,16,700.04,699.85,55.26,146.21,1,1,0.80364
267,12,1551.39,565.2,44.16,106.02,1,1,0.71663
267,25,914.13,352.49,45.01,103.82,1,1,0.81194
267,24,799.4,826.85,54.83,144.28,1,1,0.80623
267,26,622.51,635.83,47.8,133.36,1,1,0.78985
267,3,1407.99,182.22,58.06,87.7,1,1,0.79608
267,7,1451.43,223.42,35.91,86.66,1,1,0.75513
267,21,504.43,598.97,57.38,132.52,1,1,0.77019
267,2,1216.17,240.79,44.73,94.06,1,1,0.71856
267,14,715.19,482.1,60.95,121.03,1,1,0.78956
267,5,1068.32,283.91,41.17,105.21,1,1,0.78167
267,34,1128.59,230.77,43.99,41.18,1,1,0.72814
267,32,1422.93,302.67,40.52,109.76,1,1,0.79882
267,11,1459.86,183.07,35.65,76.73,1,1,0.73705
267,8,1048.8,223.24,43.07,85.64,1,1,0.71599
268,1,501.14,769.59,51.84,141.14,1,1,0.82143
268,4,309.78,263.11,50.32,98.1,1,1,0.79537
268,9,773.34,588.02,54.34,129.09,1,1,0.79081
268,16,698.63,702.35,56.2,145.42,1,1,0.79943
268,12,1553.78,564.71,45.82,113.25,1,1,0.76252
268,25,913.84,352.54,48.68,102.99,1,1,0.8011
268,24,796.68,828.93,55.51,143.84,1,1,0.7933
268,26,619.4,637.59,49.57,136.56,1,1,0.79969
268,3,1411.76,179.86,56.38,90.33,1,1,0.77978
268,7,1450.68,221.69,35.15,88.04,1,1,0.74734
268,21,500.3,603.2,58.33,131.89,1,1,0.76649
268,2,1217.93,240.71,47.01,91.99,1,1,0.75252
268,14,713.63,484.89,61.59,119.6,1,1,0.78634
268,5,1071.53,284.04,41.7,104.54,1,1,0.76585
268,34,1129.49,229.68,44.58,41.81,1,1,0.73501
268,32,1419.22,303.76,41.49,109.41,1,1,0.76908
268,11,1461.68,183.1,33.99,77.44,1,1,0.74187
268,8,1052.05,220.88,39.69,88.23,1,1,0.72817
269,1,497.69,770.47,52.39,145.58,1,1,0.83069
269,4,305.07,265.83,55.93,96.45,1,1,0.8231
269,9,771.9,590.75,57.53,128.93,1,1,0.80992
269,16,697.18,705.41,57.03,145.77,1,1,0.81646
269,12,1557.31,563.73,45.53,121.11,1,1,0.79511
269,25,915.55,352.94,54.07,101.93,1,1,0.80639
269,24,793.97,830.97,56.73,146.63,1,1,0.81528
269,26,615.56,638.86,51.55,139.81,1,1,0.82145
269,3,1416.35,178.3,52.73,91.66,1,1,0.78148
269,7,1449.52,221.03,34.95,89.78,1,1,0.76343
269,21,498.02,607.08,58.08,131.73,1,1,0.78235
269,2,1222.42,240.89,45.64,88.39,1,1,0.74952
269,14,711.24,487.97,61.95,119.5,1,1,0.80706
269,5,1073.8,285.07,41.55,105.12,1,1,0.7795
269,34,1129.12,228.44,48.34,42.71,1,1,0.75385
269,32,1416.27,305.81,42.73,108.78,1,1,0.80173
269,11,1462.94,184.17,32.7,78.35,1,1,0.7448
269,8,1052.37,219.49,40.62,91.48,1,1,0.74277
270,1,493.3,771.32,53.94,148.32,1,1,0.81894
270,4,301.65,266.32,61.28,97.5,1,1,0.81983
270,9,771.97,594.14,58.47,126.91,1,1,0.78589
270,16,697.23,709.47,55.54,143.64,1,1,0.79477
270,12,1561.08,563.45,46.1,124.05,1,1,0.79438
270,25,917.22,354.02,58.98,101.97,1,1,0.79425
270,24,791.85,834.73,57.0,144.34,1,1,0.79703
270,26,611.36,640.64,54.17,140.38,1,1,0.80848
270,3,1422.37,177.62,45.8,92.26,1,1,0.66385
270,7,1449.48,219.39,33.63,90.67,1,1,0.73179
270,21,499.36,611.41,54.53,130.04,1,1,0.76063
270,2,1226.91,240.66,44.51,86.13,1,1,0.72921
270,14,709.82,490.92,60.57,119.47,1,1,0.7757
270,5,1075.54,286.21,42.66,102.95,1,1,0.75281
270,34,1130.05,227.19,50.25,43.17,1,1,0.75248
270,32,1413.79,308.08,44.31,107.76,1,1,0.77583
270,11,1466.21,185.01,32.12,78.54,1,1,0.73766
270,8,1053.06,218.53,43.28,89.09,1,1,0.64675
