1,0,964.87,632.09,144.7,155.17,1,1,0.92839
1,1,1557.5,640.44,152.9,165.73,1,1,0.9177
1,2,1405.14,622.8,137.16,161.28,1,1,0.89931
1,3,1209.37,613.38,131.54,167.58,1,1,0.89625
1,4,348.23,591.17,159.49,200.84,1,1,0.892
1,5,245.0,551.11,99.75,181.45,1,1,0.88856
1,6,1565.19,375.9,85.43,197.56,1,1,0.8882
1,7,142.14,433.71,86.2,202.26,1,1,0.88443
1,8,1270.57,482.14,98.13,151.43,1,1,0.88305
1,9,585.16,617.64,124.85,166.79,1,1,0.87607
1,10,774.51,505.42,102.57,156.45,1,1,0.86961
1,11,871.82,604.55,105.79,133.81,1,1,0.86624
1,12,1307.62,613.02,89.03,132.28,1,1,0.85306
1,13,735.27,726.71,112.64,208.94,1,1,0.84482
1,14,566.41,605.86,78.62,137.16,1,1,0.82133
1,15,772.73,619.74,92.14,235.03,1,1,0.79698
2,0,965.18,632.06,144.43,155.04,1,1,0.92969
2,1,1558.0,640.64,152.58,165.15,1,1,0.91901
2,2,1405.13,622.65,137.12,161.17,1,1,0.89948
2,3,1208.81,613.93,132.78,167.02,1,1,0.89705
2,4,348.76,591.36,158.23,200.05,1,1,0.89465
2,5,245.51,551.19,99.24,180.73,1,1,0.88902
2,6,1567.38,375.99,83.29,197.25,1,1,0.8902
2,7,143.02,434.39,85.46,201.29,1,1,0.88833
2,8,1271.18,482.34,97.31,150.98,1,1,0.88219
2,9,585.43,617.05,124.7,167.31,1,1,0.87538
2,10,774.74,505.6,102.37,155.97,1,1,0.87033
2,11,872.05,604.48,105.42,133.56,1,1,0.8661
2,12,1308.18,612.4,88.92,132.93,1,1,0.85001
2,13,735.72,727.5,112.28,208.54,1,1,0.84099
2,14,566.6,605.9,78.2,136.35,1,1,0.81154
2,15,773.21,619.76,92.13,234.84,1,1,0.79478
3,0,965.34,631.83,144.2,155.08,1,1,0.93033
3,1,1558.09,640.7,152.62,165.03,1,1,0.91896
3,2,1404.99,622.51,137.57,160.95,1,1,0.8994
3,3,1208.72,613.72,133.22,167.25,1,1,0.89664
3,4,348.92,591.29,157.74,199.85,1,1,0.89455
3,5,245.89,551.1,98.93,180.25,1,1,0.89077
3,6,1568.35,376.03,82.25,197.24,1,1,0.89064
3,7,143.84,434.88,85.16,200.55,1,1,0.88835
3,8,1271.48,482.4,97.09,150.48,1,1,0.88288
3,9,585.62,616.81,124.59,167.37,1,1,0.87532
3,10,774.85,505.67,102.25,155.68,1,1,0.86954
3,11,872.03,604.39,105.49,133.51,1,1,0.86619
3,12,1308.66,612.18,89.4,133.01,1,1,0.84937
3,13,736.09,727.35,111.95,208.7,1,1,0.84222
3,14,566.79,605.84,78.33,135.96,1,1,0.80929
3,15,773.33,619.64,92.92,234.24,1,1,0.79181
4,0,965.76,631.88,144.21,155.13,1,1,0.92999
4,1,1558.3,640.74,152.71,165.02,1,1,0.91878
4,2,1405.35,622.61,137.68,161.01,1,1,0.8989
4,3,1209.2,613.61,133.0,167.42,1,1,0.89658
4,4,349.11,591.0,157.54,200.31,1,1,0.89408
4,5,246.25,551.19,98.88,180.26,1,1,0.8898
4,6,1569.4,375.88,81.52,197.37,1,1,0.88805
4,7,145.66,435.59,83.91,199.96,1,1,0.88836
4,8,1271.94,482.6,96.82,150.25,1,1,0.88326
4,9,585.7,616.75,124.88,167.76,1,1,0.87437
4,10,775.04,505.74,102.11,155.7,1,1,0.86942
4,11,872.46,604.41,105.53,133.63,1,1,0.86654
4,12,1308.94,612.15,89.41,133.11,1,1,0.85062
4,13,736.3,728.2,112.14,207.53,1,1,0.84571
4,14,567.37,605.85,78.52,136.17,1,1,0.80423
4,15,773.86,619.67,93.23,234.05,1,1,0.79005
5,0,965.82,631.68,144.46,155.42,1,1,0.93101
5,1,1558.6,640.63,152.74,165.17,1,1,0.9184
5,2,1405.61,622.7,137.72,161.2,1,1,0.89942
5,3,1209.78,613.45,132.52,167.63,1,1,0.89614
5,4,349.08,590.62,158.14,200.85,1,1,0.89401
5,5,246.56,551.02,98.91,180.67,1,1,0.89104
5,6,1570.24,375.75,81.2,197.72,1,1,0.88852
5,7,147.15,435.92,83.32,199.41,1,1,0.8884
5,8,1271.85,482.81,97.26,150.15,1,1,0.88434
5,9,585.41,616.71,125.56,168.12,1,1,0.87584
5,10,775.22,505.84,102.25,156.03,1,1,0.86879
5,11,872.44,604.35,105.8,133.99,1,1,0.86771
5,12,1308.76,612.03,89.83,133.37,1,1,0.84983
5,13,736.16,729.01,112.9,206.89,1,1,0.84665
5,14,567.48,605.58,79.19,136.62,1,1,0.80828
5,15,774.0,619.35,94.25,234.04,1,1,0.78921
6,0,966.08,631.56,144.36,155.53,1,1,0.93163
6,1,1558.79,640.43,152.85,165.51,1,1,0.91808
6,2,1406.07,622.63,137.41,161.37,1,1,0.89999
6,3,1210.55,613.15,131.6,167.77,1,1,0.89589
6,4,349.55,590.62,158.08,200.83,1,1,0.89478
6,5,246.89,550.8,98.65,180.73,1,1,0.89309
6,6,1570.82,375.55,80.8,197.83,1,1,0.8881
6,7,148.95,436.27,82.09,199.06,1,1,0.89068
6,8,1271.8,482.96,97.45,149.9,1,1,0.88287
6,9,585.49,616.63,125.68,168.19,1,1,0.87719
6,10,775.38,505.86,102.38,156.37,1,1,0.86953
6,11,872.5,604.3,105.92,134.43,1,1,0.86829
6,12,1308.6,612.03,90.12,133.12,1,1,0.85535
6,13,736.12,729.69,113.28,206.27,1,1,0.84839
6,14,567.67,605.37,79.67,136.78,1,1,0.81141
6,15,774.19,619.37,94.21,233.85,1,1,0.79193
7,0,966.25,631.8,144.18,155.32,1,1,0.93172
7,1,1558.9,640.48,152.7,165.37,1,1,0.91848
7,2,1406.39,622.68,137.14,161.32,1,1,0.89911
7,3,1210.6,613.33,131.51,167.57,1,1,0.8962
7,4,350.02,590.9,157.61,200.65,1,1,0.89427
7,5,247.09,550.79,98.24,180.67,1,1,0.89379
7,6,1570.9,375.74,80.5,197.5,1,1,0.88777
7,7,150.12,436.65,81.28,198.72,1,1,0.89103
7,8,1271.9,483.07,97.35,149.97,1,1,0.88326
7,9,585.38,616.75,125.8,168.16,1,1,0.87624
7,10,775.74,505.96,102.09,156.15,1,1,0.86964
7,11,872.37,604.42,106.14,134.68,1,1,0.86634
7,12,1308.74,612.24,90.01,132.76,1,1,0.85456
7,13,736.16,729.78,113.03,206.21,1,1,0.84792
7,14,567.84,605.44,79.99,137.01,1,1,0.80652
7,15,774.25,619.57,94.8,234.09,1,1,0.78971
8,0,966.4,632.01,144.03,155.2,1,1,0.93051
8,1,1558.93,640.57,152.75,165.29,1,1,0.91781
8,2,1406.51,622.58,137.03,161.54,1,1,0.8983
8,3,1210.97,613.38,131.23,167.65,1,1,0.8955
8,4,349.89,590.88,157.84,200.7,1,1,0.89375
8,5,247.3,550.94,97.93,180.67,1,1,0.89259
8,6,1571.4,375.74,80.05,197.44,1,1,0.88772
8,7,151.42,437.08,80.4,198.31,1,1,0.89082
8,8,1272.42,483.05,96.96,150.04,1,1,0.88276
8,9,585.51,616.93,125.69,168.15,1,1,0.87556
8,10,775.79,505.99,102.08,155.99,1,1,0.86994
8,11,872.4,604.48,106.14,134.77,1,1,0.86607
8,12,1308.78,612.24,90.04,132.83,1,1,0.85415
8,13,736.37,729.84,112.85,206.14,1,1,0.84779
8,14,568.03,605.5,80.0,137.21,1,1,0.80609
8,15,774.44,619.58,94.38,234.3,1,1,0.79118
9,0,966.34,632.14,143.91,155.15,1,1,0.93013
9,1,1559.11,640.62,152.27,165.2,1,1,0.91856
9,2,1406.24,622.8,137.12,161.35,1,1,0.89976
9,3,1211.42,613.45,130.44,167.54,1,1,0.89531
9,4,349.92,591.09,157.42,200.5,1,1,0.89353
9,5,247.49,551.0,97.62,180.58,1,1,0.89128
9,6,1571.25,375.76,79.87,197.65,1,1,0.88841
9,7,152.14,437.33,80.24,198.22,1,1,0.88895
9,8,1272.5,483.07,96.79,150.45,1,1,0.88326
9,9,585.64,617.5,125.39,167.62,1,1,0.87573
9,10,775.39,505.99,102.35,156.07,1,1,0.87134
9,11,872.61,604.57,105.76,134.43,1,1,0.86678
9,12,1308.58,612.64,90.04,132.53,1,1,0.85524
9,13,736.29,730.14,112.82,205.91,1,1,0.84599
9,14,567.83,605.51,79.9,136.95,1,1,0.81604
9,15,774.28,619.89,93.93,233.9,1,1,0.79329
10,0,966.45,632.21,143.62,155.16,1,1,0.93034
10,1,1559.52,640.66,151.63,165.13,1,1,0.91905
10,2,1406.18,623.14,136.84,160.92,1,1,0.90039
10,3,1211.31,613.63,130.48,167.37,1,1,0.89638
10,4,350.0,591.52,156.52,200.0,1,1,0.89449
10,5,247.78,551.12,97.15,180.2,1,1,0.89048
10,6,1571.12,375.67,79.46,197.73,1,1,0.8879
10,7,153.09,437.67,79.62,197.9,1,1,0.88957
10,8,1272.59,483.17,96.66,150.84,1,1,0.88228
10,9,585.7,617.96,125.21,167.18,1,1,0.87568
10,10,775.14,506.06,102.45,155.85,1,1,0.87182
10,11,872.84,604.77,105.51,134.18,1,1,0.86635
10,12,1308.62,613.21,89.74,132.1,1,1,0.85557
10,13,736.31,730.53,113.06,205.64,1,1,0.843
10,14,567.7,605.59,79.59,136.17,1,1,0.81973
10,15,774.26,620.34,93.55,233.65,1,1,0.79564
11,0,966.43,632.23,143.5,155.12,1,1,0.9308
11,1,1559.58,640.79,151.45,164.98,1,1,0.91979
11,2,1406.14,623.25,136.79,160.73,1,1,0.90056
11,3,1211.19,613.61,130.46,167.31,1,1,0.89694
11,4,350.02,591.74,156.21,199.76,1,1,0.89484
11,5,247.93,551.24,96.94,179.84,1,1,0.8922
11,6,1571.37,375.84,79.16,197.57,1,1,0.88753
11,7,153.78,437.86,79.63,197.67,1,1,0.89062
11,8,1272.68,483.1,96.45,151.08,1,1,0.88197
11,9,585.59,618.02,125.25,167.06,1,1,0.87497
11,10,775.14,506.14,102.43,155.7,1,1,0.87303
11,11,872.68,604.86,105.5,133.94,1,1,0.86641
11,12,1308.68,613.44,89.55,131.81,1,1,0.85564
11,13,736.33,730.54,112.9,205.72,1,1,0.84207
11,14,567.62,605.64,79.29,136.0,1,1,0.81752
11,15,774.24,620.4,93.3,233.91,1,1,0.79646
12,0,966.31,632.3,143.46,155.07,1,1,0.9306
12,1,1559.27,640.97,151.7,164.87,1,1,0.91946
12,2,1405.97,623.14,136.98,160.93,1,1,0.90032
12,3,1211.19,613.52,130.21,167.41,1,1,0.89684
12,4,349.79,591.98,156.4,199.54,1,1,0.89433
12,5,247.64,551.33,97.23,179.77,1,1,0.89066
12,6,1571.45,376.04,79.08,197.51,1,1,0.88741
12,7,153.96,437.88,79.84,197.76,1,1,0.88849
12,8,1272.73,483.0,96.31,151.3,1,1,0.88099
12,9,585.18,617.99,125.5,167.06,1,1,0.87518
12,10,774.81,506.15,102.68,155.66,1,1,0.87281
12,11,872.33,604.85,105.7,133.97,1,1,0.86646
12,12,1308.69,613.64,89.44,131.56,1,1,0.85506
12,13,736.19,730.14,112.8,206.32,1,1,0.84157
12,14,567.3,605.68,79.4,136.37,1,1,0.81621
12,15,774.02,620.42,93.41,234.37,1,1,0.799
13,0,966.16,632.29,143.47,155.07,1,1,0.93073
13,1,1559.19,641.17,151.69,164.67,1,1,0.91939
13,2,1405.92,623.05,136.99,161.04,1,1,0.90029
13,3,1210.98,613.46,130.31,167.49,1,1,0.89716
13,4,349.65,592.23,156.33,199.27,1,1,0.89479
13,5,247.53,551.42,97.3,179.6,1,1,0.89212
13,6,1571.59,376.14,78.8,197.44,1,1,0.88715
13,7,154.48,437.93,79.41,197.68,1,1,0.88981
13,8,1272.66,482.89,96.33,151.47,1,1,0.8817
13,9,585.07,618.06,125.38,166.9,1,1,0.87477
13,10,774.76,506.19,102.73,155.47,1,1,0.873
13,11,872.11,604.96,105.9,133.77,1,1,0.86717
13,12,1308.56,613.8,89.46,131.33,1,1,0.85502
13,13,736.2,730.01,112.74,206.53,1,1,0.8412
13,14,567.2,605.75,79.08,136.7,1,1,0.81377
13,15,774.0,620.52,92.93,234.39,1,1,0.7993
14,0,965.69,632.5,143.98,154.71,1,1,0.92994
14,1,1558.59,641.15,152.29,164.58,1,1,0.91887
14,2,1405.64,623.15,137.4,160.98,1,1,0.90212
14,3,1209.78,613.83,132.02,167.44,1,1,0.89784
14,4,349.78,592.13,156.81,199.08,1,1,0.89775
14,5,247.24,551.59,97.49,179.59,1,1,0.89332
14,6,1571.29,376.25,79.36,197.52,1,1,0.88961
14,7,154.44,438.28,79.9,197.57,1,1,0.88914
14,8,1272.72,482.93,96.17,151.58,1,1,0.88469
14,9,584.88,617.63,125.06,167.44,1,1,0.87538
14,10,774.46,506.32,103.21,155.61,1,1,0.87309
14,11,871.51,605.32,106.06,133.29,1,1,0.8679
14,12,1308.88,613.72,89.44,131.08,1,1,0.85529
14,13,736.02,730.34,112.15,206.56,1,1,0.85246
14,14,566.87,605.82,77.91,136.2,1,1,0.81026
14,15,773.55,620.31,92.83,233.46,1,1,0.79719
15,0,965.27,632.6,144.2,154.47,1,1,0.93053
15,1,1558.2,641.03,152.55,164.49,1,1,0.91968
15,2,1405.18,623.07,137.49,160.88,1,1,0.90243
15,3,1208.71,614.05,133.15,167.19,1,1,0.89869
15,4,349.39,592.09,157.08,198.92,1,1,0.89878
15,5,246.88,551.67,97.68,179.49,1,1,0.89473
15,6,1570.77,376.38,79.64,197.36,1,1,0.89064
15,7,154.32,438.33,80.11,197.36,1,1,0.88926
15,8,1272.32,482.83,96.37,151.71,1,1,0.88635
15,9,584.64,617.56,124.76,167.42,1,1,0.87524
15,10,774.14,506.21,103.44,155.96,1,1,0.87452
15,11,871.0,605.37,106.29,133.19,1,1,0.86837
15,12,1308.59,613.64,89.39,131.07,1,1,0.85352
15,13,735.98,729.22,111.33,207.86,1,1,0.85234
15,14,566.52,605.66,77.59,136.4,1,1,0.80935
15,15,773.26,620.26,92.52,233.37,1,1,0.79846
16,0,965.03,632.76,144.18,154.24,1,1,0.92942
16,1,1557.72,640.94,152.76,164.51,1,1,0.91878
16,2,1404.86,622.86,137.3,160.88,1,1,0.90165
16,3,1208.2,614.18,133.41,167.0,1,1,0.89842
16,4,348.98,591.99,157.11,198.87,1,1,0.89858
16,5,246.48,551.76,97.86,179.7,1,1,0.89597
16,6,1570.49,376.25,79.73,197.53,1,1,0.89
16,7,154.67,438.37,79.76,197.41,1,1,0.8892
16,8,1271.96,482.72,96.61,151.9,1,1,0.88781
16,9,584.59,618.07,124.38,166.8,1,1,0.87509
16,10,773.87,506.07,103.63,156.39,1,1,0.87582
16,11,871.01,605.45,106.24,133.16,1,1,0.86878
16,12,1308.42,613.65,89.01,131.01,1,1,0.85407
16,13,735.76,728.34,110.99,208.44,1,1,0.85368
16,14,566.12,605.38,77.59,136.97,1,1,0.81489
16,15,773.06,620.51,91.64,232.93,1,1,0.79838
17,0,965.19,632.83,143.9,154.11,1,1,0.93054
17,1,1557.67,640.82,152.9,164.59,1,1,0.91888
17,2,1404.61,622.65,137.23,161.1,1,1,0.90289
17,3,1208.05,614.43,133.76,166.95,1,1,0.89962
17,4,348.83,591.79,157.02,198.91,1,1,0.89978
17,5,246.19,551.9,98.21,179.59,1,1,0.8975
17,6,1569.95,376.36,80.61,197.31,1,1,0.88939
17,7,155.12,438.26,79.49,197.2,1,1,0.89024
17,8,1271.88,482.81,96.89,152.17,1,1,0.88768
17,9,584.72,618.41,124.17,166.32,1,1,0.87695
17,10,773.58,506.09,104.12,156.48,1,1,0.87648
17,11,871.13,605.53,106.25,133.14,1,1,0.86987
17,12,1308.34,613.67,89.0,130.91,1,1,0.85529
17,13,735.75,727.61,110.46,209.36,1,1,0.85436
17,14,566.18,605.58,77.59,136.91,1,1,0.81959
17,15,772.96,620.84,91.76,232.78,1,1,0.80036
18,0,965.21,632.9,143.8,153.98,1,1,0.93038
18,1,1557.42,640.84,153.37,164.79,1,1,0.91881
18,2,1404.41,622.51,137.56,161.22,1,1,0.90304
18,3,1207.91,614.52,133.99,167.06,1,1,0.89966
18,4,348.96,591.72,156.68,198.86,1,1,0.8996
18,5,246.18,552.01,98.24,179.34,1,1,0.89786
18,6,1569.21,376.06,81.87,197.66,1,1,0.88838
18,7,155.21,438.18,79.51,197.08,1,1,0.89023
18,8,1271.67,482.77,97.22,152.34,1,1,0.88814
18,9,584.61,618.55,124.2,166.2,1,1,0.8761
18,10,773.23,506.12,104.55,156.57,1,1,0.87576
18,11,871.1,605.48,106.38,133.22,1,1,0.87048
18,12,1308.26,613.75,89.04,130.79,1,1,0.85591
18,13,735.84,727.0,110.32,210.2,1,1,0.85414
18,14,566.22,605.82,77.62,136.72,1,1,0.81784
18,15,772.96,621.03,91.61,232.42,1,1,0.79961
19,0,965.18,632.83,143.86,153.85,1,1,0.92999
19,1,1557.56,640.74,153.26,164.66,1,1,0.9184
19,2,1404.11,622.28,137.61,161.23,1,1,0.90257
19,3,1207.83,614.2,133.79,167.33,1,1,0.89919
19,4,348.79,591.55,156.79,198.87,1,1,0.89788
19,5,245.87,551.88,98.62,179.6,1,1,0.89648
19,6,1569.03,375.9,82.53,197.62,1,1,0.89043
19,7,155.15,437.93,79.64,197.38,1,1,0.88971
19,8,1271.76,482.71,97.31,152.35,1,1,0.88699
19,9,584.53,618.31,124.17,166.33,1,1,0.87654
19,10,773.54,506.03,104.15,156.7,1,1,0.87475
19,11,871.2,605.28,106.35,133.14,1,1,0.87074
19,12,1308.3,613.7,88.92,130.6,1,1,0.85725
19,13,735.91,727.1,110.64,210.03,1,1,0.85613
19,14,566.11,605.92,77.66,136.16,1,1,0.81785
19,15,772.83,620.88,91.83,232.29,1,1,0.79946
19,17,814.82,615.91,94.41,152.19,1,1,0.65705
20,0,964.96,632.86,144.03,153.64,1,1,0.92944
20,1,1557.69,640.38,152.85,164.68,1,1,0.91953
20,2,1403.92,622.06,137.63,161.12,1,1,0.90309
20,3,1207.58,613.96,133.63,167.28,1,1,0.89932
20,4,348.64,591.47,156.54,198.73,1,1,0.89897
20,5,245.74,551.57,98.79,179.87,1,1,0.8972
20,6,1569.22,375.76,82.77,197.36,1,1,0.89161
20,7,155.27,437.52,79.44,197.88,1,1,0.89126
20,8,1271.53,482.6,97.38,152.26,1,1,0.88743
20,9,584.49,618.06,124.0,166.23,1,1,0.87544
20,10,773.34,505.85,104.15,156.71,1,1,0.87562
20,11,870.85,605.22,106.69,133.33,1,1,0.86941
20,12,1308.15,613.69,88.84,130.43,1,1,0.85668
20,13,735.86,725.99,110.72,210.91,1,1,0.85708
20,14,566.05,605.79,77.36,135.91,1,1,0.819
20,15,772.57,620.77,93.09,232.24,1,1,0.79459
21,0,964.62,631.69,144.4,153.88,1,1,0.92972
21,1,1557.23,639.21,153.34,164.86,1,1,0.91738
21,2,1403.49,620.74,138.35,161.53,1,1,0.90185
21,3,1207.61,612.19,133.29,168.15,1,1,0.89601
21,4,348.09,590.17,157.73,199.04,1,1,0.90005
21,5,245.66,549.96,99.27,180.57,1,1,0.89247
21,6,1568.93,374.28,83.51,197.79,1,1,0.8878
21,7,155.11,435.84,79.72,198.87,1,1,0.89131
21,8,1271.04,481.57,98.08,152.27,1,1,0.88645
21,9,584.02,616.99,124.63,166.53,1,1,0.87857
21,10,772.49,504.67,104.68,157.16,1,1,0.87235
21,11,870.2,604.08,106.87,133.78,1,1,0.8706
21,12,1307.51,612.68,90.22,130.16,1,1,0.85578
21,13,735.62,724.21,110.88,211.42,1,1,0.85711
21,14,565.6,604.38,78.21,135.98,1,1,0.82378
21,15,772.19,619.51,92.64,232.61,1,1,0.79922
21,17,813.49,614.05,95.65,152.59,1,1,0.66674
22,0,964.62,630.1,144.77,154.11,1,1,0.92978
22,1,1557.08,637.99,153.77,164.83,1,1,0.9173
22,2,1403.61,618.56,138.86,162.66,1,1,0.90155
22,3,1207.59,609.39,133.67,169.87,1,1,0.89423
22,4,347.99,588.76,157.91,199.19,1,1,0.90223
22,5,246.09,548.37,99.03,180.7,1,1,0.89161
22,6,1568.61,372.68,83.7,198.25,1,1,0.89037
22,7,155.15,434.34,79.71,199.05,1,1,0.89089
22,8,1270.36,480.26,98.73,151.74,1,1,0.88708
22,9,583.8,615.49,125.35,167.12,1,1,0.88308
22,10,771.85,503.0,105.32,157.3,1,1,0.87029
22,11,870.18,602.79,106.89,133.95,1,1,0.87264
22,12,1307.46,610.82,90.78,130.32,1,1,0.85555
22,13,735.27,722.96,111.67,210.78,1,1,0.86015
22,14,565.58,602.96,78.26,135.47,1,1,0.82848
22,15,771.8,618.31,94.83,232.03,1,1,0.79312
23,0,964.61,628.88,144.81,154.41,1,1,0.93421
23,1,1556.98,636.43,153.7,165.54,1,1,0.91745
23,2,1403.54,617.47,139.1,163.1,1,1,0.90261
23,3,1207.19,607.71,133.76,170.66,1,1,0.89568
23,4,348.07,587.86,157.88,199.22,1,1,0.90455
23,5,245.88,547.28,99.28,180.63,1,1,0.8938
23,6,1569.23,371.53,82.22,198.52,1,1,0.89875
23,7,154.98,433.2,79.78,199.29,1,1,0.89191
23,8,1269.72,479.41,99.31,151.76,1,1,0.89019
23,9,583.36,614.19,126.02,167.65,1,1,0.88148
23,10,771.18,502.1,105.82,157.32,1,1,0.87015
23,11,869.67,601.71,107.25,134.51,1,1,0.87577
23,12,1307.54,609.78,90.57,130.55,1,1,0.85805
23,13,735.46,722.15,111.89,210.42,1,1,0.86609
23,14,565.47,601.79,78.46,135.06,1,1,0.83409
23,15,771.8,617.67,95.74,231.64,1,1,0.79971
24,0,964.64,628.29,144.66,154.65,1,1,0.93355
24,1,1556.62,635.78,154.03,165.85,1,1,0.9174
24,2,1403.57,617.01,139.55,163.44,1,1,0.90278
24,3,1207.14,607.2,133.51,170.88,1,1,0.89477
24,4,348.21,587.28,158.11,199.47,1,1,0.90483
24,5,246.14,546.85,99.13,180.49,1,1,0.89587
24,6,1569.9,370.99,81.36,198.6,1,1,0.90003
24,7,154.79,432.75,79.49,199.02,1,1,0.89324
24,8,1269.4,478.94,99.68,151.96,1,1,0.89166
24,9,583.03,613.98,126.57,167.63,1,1,0.87981
24,10,770.85,501.65,105.85,157.11,1,1,0.86837
24,11,869.51,601.15,107.15,134.87,1,1,0.87561
24,12,1307.4,609.43,90.67,130.5,1,1,0.85947
24,13,735.79,721.88,111.73,210.22,1,1,0.86715
24,14,565.48,601.33,78.93,135.1,1,1,0.83191
24,15,771.77,617.52,95.43,231.44,1,1,0.80017
25,0,964.54,628.15,144.66,154.6,1,1,0.933
25,1,1556.59,635.42,154.04,165.99,1,1,0.91627
25,2,1403.51,616.92,139.61,163.51,1,1,0.90194
25,3,1207.05,607.19,133.28,170.68,1,1,0.89381
25,4,348.12,587.09,158.49,199.61,1,1,0.90391
25,5,246.07,546.68,99.36,180.43,1,1,0.89378
25,6,1569.81,370.56,81.39,199.0,1,1,0.89881
25,7,154.27,432.29,79.42,199.38,1,1,0.89279
25,8,1268.84,478.71,100.05,152.19,1,1,0.88917
25,9,582.69,613.68,126.98,167.79,1,1,0.8795
25,10,770.58,501.46,105.99,157.08,1,1,0.86926
25,11,869.59,600.8,106.95,135.38,1,1,0.87447
25,12,1307.54,609.41,90.49,130.28,1,1,0.85795
25,13,735.68,721.55,112.06,210.35,1,1,0.86636
25,14,565.24,601.02,79.47,135.33,1,1,0.82997
25,15,771.77,617.26,95.29,231.38,1,1,0.79935
26,0,964.61,627.76,144.42,154.93,1,1,0.9316
26,1,1556.52,635.08,154.31,166.25,1,1,0.91463
26,2,1403.41,616.93,139.6,163.59,1,1,0.90124
26,3,1206.91,606.93,133.11,170.85,1,1,0.8932
26,4,348.36,587.04,158.39,199.56,1,1,0.90192
26,5,246.06,546.65,99.49,179.89,1,1,0.8921
26,6,1569.5,369.89,81.51,199.5,1,1,0.89714
26,7,153.83,432.2,78.9,199.27,1,1,0.89338
26,8,1268.48,478.63,100.17,152.3,1,1,0.88522
26,9,583.05,613.43,126.54,167.47,1,1,0.8778
26,10,770.06,501.41,106.27,156.96,1,1,0.87037
26,11,869.73,600.58,106.67,135.77,1,1,0.87252
26,12,1307.67,609.41,90.07,130.2,1,1,0.8566
26,13,735.68,721.61,112.2,210.18,1,1,0.86641
26,14,565.04,600.94,79.83,135.61,1,1,0.82658
26,15,771.73,617.06,94.51,231.47,1,1,0.80071
27,0,964.6,627.47,144.36,155.09,1,1,0.93278
27,1,1556.55,634.98,154.17,166.23,1,1,0.9152
27,2,1403.14,616.89,139.76,163.48,1,1,0.90149
27,3,1207.16,606.49,132.62,171.2,1,1,0.89321
27,4,348.27,587.08,158.4,199.5,1,1,0.90228
27,5,245.85,546.72,99.73,179.95,1,1,0.89293
27,6,1569.81,370.19,81.19,199.15,1,1,0.896
27,7,152.99,431.76,79.23,199.55,1,1,0.89258
27,8,1268.44,478.62,100.26,152.45,1,1,0.88594
27,9,583.02,613.19,126.44,167.54,1,1,0.8784
27,10,770.04,501.22,106.2,157.29,1,1,0.86948
27,11,869.66,600.58,106.58,135.89,1,1,0.87318
27,12,1307.71,609.36,89.87,130.13,1,1,0.85829
27,13,735.75,721.64,112.04,210.26,1,1,0.86692
27,14,565.05,600.98,79.88,135.57,1,1,0.82896
27,15,771.67,616.96,94.52,231.63,1,1,0.80197
28,0,964.58,627.42,144.41,155.13,1,1,0.93211
28,1,1556.58,634.91,154.08,166.24,1,1,0.9145
28,2,1403.05,616.87,139.79,163.49,1,1,0.90105
28,3,1207.18,606.2,132.59,171.41,1,1,0.89342
28,4,348.27,587.01,158.22,199.58,1,1,0.902
28,5,245.86,546.69,99.65,180.04,1,1,0.89322
28,6,1570.01,370.58,80.9,198.72,1,1,0.8954
28,7,152.34,431.43,79.37,199.76,1,1,0.89274
28,8,1268.41,478.58,100.46,152.62,1,1,0.88524
28,9,583.01,613.18,126.37,167.55,1,1,0.87827
28,10,770.19,501.06,105.93,157.55,1,1,0.8689
28,11,869.42,600.62,106.76,135.92,1,1,0.87212
28,12,1307.71,609.35,89.75,130.16,1,1,0.8585
28,13,735.86,721.47,111.87,210.47,1,1,0.86637
28,14,565.08,600.97,79.85,135.77,1,1,0.82782
28,15,771.72,616.87,94.72,231.83,1,1,0.79998
29,0,964.25,627.36,144.66,155.1,1,1,0.9329
29,1,1556.34,635.04,153.98,166.21,1,1,0.91452
29,2,1402.91,616.9,139.86,163.53,1,1,0.90223
29,3,1207.23,605.94,132.24,171.61,1,1,0.89369
29,4,348.2,586.86,158.14,199.74,1,1,0.90319
29,5,245.43,546.88,100.0,179.95,1,1,0.89511
29,6,1570.27,371.33,80.75,197.87,1,1,0.89401
29,7,151.76,431.39,79.29,199.77,1,1,0.89245
29,8,1268.43,478.72,100.65,152.59,1,1,0.88412
29,9,583.11,613.23,126.19,167.71,1,1,0.87734
29,10,769.97,501.04,105.73,158.15,1,1,0.86833
29,11,868.81,600.72,107.09,136.05,1,1,0.87135
29,12,1307.75,609.81,89.53,129.72,1,1,0.86093
29,13,735.36,721.99,112.21,209.68,1,1,0.86686
29,14,565.0,601.06,80.21,135.79,1,1,0.82649
29,15,771.65,617.02,95.17,231.49,1,1,0.79773
30,0,963.97,627.39,144.83,155.06,1,1,0.93226
30,1,1556.03,635.07,154.11,166.53,1,1,0.91387
30,2,1402.77,616.93,139.93,163.66,1,1,0.90208
30,3,1207.15,605.89,132.21,171.57,1,1,0.89264
30,4,347.87,586.78,158.28,199.82,1,1,0.90303
30,5,244.97,546.92,100.39,180.16,1,1,0.89525
30,6,1570.17,371.6,81.02,197.72,1,1,0.89511
30,7,151.45,431.35,79.37,199.66,1,1,0.89253
30,8,1268.32,478.85,100.66,152.29,1,1,0.88416
30,9,583.3,613.43,125.81,167.57,1,1,0.87597
30,10,769.33,501.04,106.26,158.58,1,1,0.86974
30,11,868.53,600.83,107.34,135.95,1,1,0.87207
30,12,1307.71,610.17,89.52,129.41,1,1,0.85989
30,13,735.16,722.79,112.33,209.09,1,1,0.86515
30,14,564.75,601.06,80.83,135.76,1,1,0.82809
30,15,771.67,617.85,94.8,230.48,1,1,0.79638
31,0,963.72,627.69,145.01,154.99,1,1,0.93347
31,1,1556.01,635.21,154.13,166.52,1,1,0.91492
31,2,1402.68,617.03,139.97,163.69,1,1,0.90264
31,3,1207.03,606.09,132.22,171.41,1,1,0.89314
31,4,347.54,586.91,158.58,199.75,1,1,0.90362
31,5,244.71,546.84,100.71,180.56,1,1,0.89631
31,6,1570.19,372.16,81.14,197.15,1,1,0.89549
31,7,150.75,431.26,80.0,199.71,1,1,0.89233
31,8,1267.85,479.07,101.21,152.09,1,1,0.88498
31,9,583.4,613.39,125.55,167.69,1,1,0.87716
31,10,769.2,501.21,106.34,158.84,1,1,0.8708
31,11,868.07,600.87,107.74,135.95,1,1,0.87172
31,12,1307.71,610.56,89.71,129.19,1,1,0.8611
31,13,735.13,723.35,112.0,208.69,1,1,0.86617
31,14,564.6,601.5,80.97,135.24,1,1,0.83104
31,15,771.94,618.84,94.96,229.87,1,1,0.79503
32,0,963.66,627.8,145.03,154.95,1,1,0.93298
32,1,1556.16,635.44,153.78,166.21,1,1,0.91536
32,2,1402.74,617.07,139.75,163.64,1,1,0.90282
32,3,1206.89,606.1,132.29,171.52,1,1,0.894
32,4,347.48,587.03,158.5,199.7,1,1,0.90362
32,5,244.72,546.75,100.84,180.9,1,1,0.89772
32,6,1570.26,372.33,81.08,196.92,1,1,0.89502
32,7,150.43,431.28,80.31,199.46,1,1,0.89244
32,8,1267.67,479.14,101.32,151.96,1,1,0.88543
32,9,583.75,613.4,125.04,167.52,1,1,0.87722
32,10,768.87,501.3,106.67,159.04,1,1,0.87234
32,11,867.81,600.93,108.01,135.77,1,1,0.87326
32,12,1307.69,610.82,89.78,128.96,1,1,0.86228
32,13,735.19,723.59,111.82,208.56,1,1,0.86695
32,14,564.56,601.68,81.05,134.85,1,1,0.83139
32,15,772.33,620.05,94.01,228.73,1,1,0.79904
33,0,963.69,627.92,145.03,154.92,1,1,0.93297
33,1,1556.44,635.62,153.12,165.93,1,1,0.91547
33,2,1402.79,617.16,139.53,163.53,1,1,0.90279
33,3,1206.79,606.3,132.61,171.57,1,1,0.89367
33,4,347.37,587.54,158.4,199.36,1,1,0.90317
33,5,244.7,546.93,100.85,181.0,1,1,0.89659
33,6,1570.14,372.86,81.35,196.55,1,1,0.89407
33,7,150.36,431.43,80.59,199.49,1,1,0.89122
33,8,1267.61,479.27,101.37,151.84,1,1,0.88447
33,9,584.06,613.3,124.7,167.6,1,1,0.87682
33,10,768.62,501.58,107.03,159.11,1,1,0.87188
33,11,867.75,601.09,108.05,135.56,1,1,0.87253
33,12,1307.81,611.16,89.75,128.68,1,1,0.86122
33,13,735.02,724.27,112.08,208.26,1,1,0.86393
33,14,564.64,601.84,80.84,134.74,1,1,0.83065
33,15,772.5,621.13,93.6,228.04,1,1,0.79895
34,0,963.75,628.06,145.0,154.96,1,1,0.93179
34,1,1556.65,635.7,153.11,165.85,1,1,0.91511
34,2,1402.89,617.38,139.3,163.27,1,1,0.90302
34,3,1206.8,606.39,132.81,171.82,1,1,0.89352
34,4,347.3,587.69,158.46,199.26,1,1,0.90271
34,5,244.62,547.1,100.97,180.91,1,1,0.89604
34,6,1570.22,373.23,81.35,196.5,1,1,0.89361
34,7,150.59,431.86,80.49,199.41,1,1,0.89084
34,8,1267.68,479.27,101.25,151.95,1,1,0.88478
34,9,584.04,613.5,124.64,167.45,1,1,0.8756
34,10,768.37,501.76,107.3,159.1,1,1,0.87233
34,11,867.9,601.41,107.98,135.04,1,1,0.87399
34,12,1308.08,611.48,89.52,128.31,1,1,0.86067
34,13,735.19,724.33,111.9,208.17,1,1,0.86377
34,14,564.69,601.98,80.82,134.95,1,1,0.83161
34,15,772.51,621.85,92.26,227.45,1,1,0.80377
34,17,811.55,614.82,96.62,149.27,1,1,0.70421
35,0,963.86,628.16,144.93,154.86,1,1,0.93249
35,1,1556.62,635.81,153.23,165.82,1,1,0.91487
35,2,1403.0,617.45,139.29,163.16,1,1,0.90247
35,3,1206.71,606.35,132.86,171.79,1,1,0.89252
35,4,347.32,587.79,158.39,199.19,1,1,0.90309
35,5,244.71,547.18,100.92,180.7,1,1,0.8955
35,6,1570.44,373.52,81.12,196.28,1,1,0.89284
35,7,150.68,432.27,80.55,199.17,1,1,0.89176
35,8,1267.85,479.22,101.02,151.98,1,1,0.88386
35,9,584.08,613.51,124.61,167.38,1,1,0.87517
35,10,768.49,501.81,107.14,158.83,1,1,0.87243
35,11,867.8,601.51,108.12,134.9,1,1,0.8738
35,12,1308.34,611.55,89.34,128.29,1,1,0.86002
35,13,735.5,723.92,111.76,208.69,1,1,0.86351
35,14,564.76,602.3,80.45,134.71,1,1,0.82913
35,15,772.6,622.2,91.32,227.22,1,1,0.80363
35,17,811.81,614.96,96.27,149.14,1,1,0.69233
36,0,963.87,628.19,144.85,154.87,1,1,0.93248
36,1,1556.6,635.89,153.16,165.72,1,1,0.91461
36,2,1402.98,617.54,139.37,163.07,1,1,0.9024
36,3,1206.77,606.31,132.84,171.81,1,1,0.8922
36,4,347.38,587.86,158.39,199.07,1,1,0.90347
36,5,244.68,547.21,100.92,180.6,1,1,0.89566
36,6,1570.69,373.6,80.94,196.28,1,1,0.89108
36,7,150.87,432.77,80.47,198.81,1,1,0.89078
36,8,1267.95,479.2,100.86,151.94,1,1,0.88342
36,9,584.2,613.53,124.5,167.21,1,1,0.87495
36,10,768.47,501.8,107.12,158.68,1,1,0.8728
36,11,867.75,601.49,108.12,134.93,1,1,0.87374
36,12,1308.51,611.56,89.28,128.36,1,1,0.85936
36,13,735.82,723.7,111.74,208.91,1,1,0.86425
36,14,564.83,602.47,80.31,134.66,1,1,0.82787
36,15,772.68,622.35,90.76,226.97,1,1,0.80256
36,17,812.02,615.03,96.05,149.01,1,1,0.69794
37,0,963.88,628.12,144.93,154.9,1,1,0.93235
37,1,1556.6,635.94,153.31,165.78,1,1,0.91416
37,2,1403.16,617.51,139.48,163.2,1,1,0.9026
37,3,1206.84,606.28,133.03,171.8,1,1,0.89298
37,4,347.53,587.9,158.61,199.01,1,1,0.90169
37,5,245.06,547.03,100.81,180.61,1,1,0.89528
37,6,1571.08,373.53,80.48,196.27,1,1,0.8918
37,7,151.34,433.07,80.35,198.5,1,1,0.89208
37,8,1267.99,479.05,101.07,151.97,1,1,0.88258
37,9,583.99,613.6,124.97,167.39,1,1,0.8761
37,10,768.67,501.63,106.94,158.96,1,1,0.87208
37,11,867.88,601.38,108.15,135.16,1,1,0.87427
37,12,1308.61,611.32,89.3,128.64,1,1,0.85974
37,13,735.95,723.97,111.56,208.64,1,1,0.86324
37,14,564.87,602.29,80.65,135.06,1,1,0.82741
37,15,772.7,622.33,91.23,227.28,1,1,0.80335
37,17,811.95,614.72,96.29,149.47,1,1,0.68426
38,0,964.3,628.26,144.9,154.73,1,1,0.93135
38,1,1556.47,636.12,153.85,165.8,1,1,0.91304
38,2,1403.55,617.28,139.7,163.79,1,1,0.90195
38,3,1207.44,606.66,132.58,171.22,1,1,0.89154
38,4,348.08,587.85,158.42,198.97,1,1,0.90108
38,5,245.54,547.17,100.53,180.26,1,1,0.89649
38,6,1571.66,373.41,80.01,196.37,1,1,0.89291
38,7,152.24,433.37,79.82,198.07,1,1,0.89366
38,8,1268.25,479.12,101.21,151.84,1,1,0.8817
38,9,583.82,613.25,125.28,167.93,1,1,0.87568
38,10,768.65,501.63,107.25,158.99,1,1,0.87586
38,11,868.24,601.38,108.2,135.26,1,1,0.8742
38,12,1308.91,611.06,89.05,129.04,1,1,0.85966
38,13,736.41,723.9,111.5,208.46,1,1,0.86515
38,14,565.3,602.05,80.49,135.34,1,1,0.8253
38,15,773.04,622.34,91.56,227.53,1,1,0.80345
38,17,811.69,615.07,96.61,149.18,1,1,0.67553
39,0,964.85,628.31,144.81,154.47,1,1,0.93317
39,1,1556.83,636.19,154.12,165.64,1,1,0.91422
39,2,1404.26,617.16,139.41,163.77,1,1,0.90296
39,3,1207.93,606.88,132.92,170.59,1,1,0.89246
39,4,348.66,587.76,157.74,198.91,1,1,0.90329
39,5,246.3,547.21,100.32,179.86,1,1,0.89874
39,6,1572.32,373.36,79.89,196.19,1,1,0.89104
39,7,153.49,433.63,79.58,197.62,1,1,0.8946
39,8,1268.81,479.19,101.06,151.52,1,1,0.88282
39,9,584.17,612.72,125.59,168.19,1,1,0.87686
39,10,769.79,501.74,106.76,158.07,1,1,0.87356
39,11,868.63,601.35,108.07,134.89,1,1,0.87455
39,12,1309.39,611.0,89.29,128.95,1,1,0.86021
39,13,737.06,723.55,111.05,208.5,1,1,0.86358
39,14,565.87,602.36,79.64,134.47,1,1,0.82442
39,15,772.98,622.33,92.34,227.03,1,1,0.7996
39,17,812.54,615.41,96.25,148.69,1,1,0.64828
40,0,965.36,627.75,144.69,154.96,1,1,0.9323
40,1,1557.28,636.45,154.12,165.34,1,1,0.9138
40,2,1405.03,617.19,139.21,163.71,1,1,0.90186
40,3,1208.49,607.21,132.89,170.21,1,1,0.89177
40,4,349.2,587.78,157.44,198.68,1,1,0.9029
40,5,246.68,547.31,100.4,179.96,1,1,0.89827
40,6,1572.92,373.26,79.58,196.13,1,1,0.89286
40,7,154.44,433.67,79.43,197.88,1,1,0.89225
40,8,1269.39,479.15,100.94,151.35,1,1,0.88388
40,9,584.92,612.81,125.53,167.91,1,1,0.875
40,10,770.95,501.94,106.38,157.28,1,1,0.87168
40,11,868.97,601.29,107.98,134.53,1,1,0.8738
40,12,1309.89,610.92,89.61,128.87,1,1,0.8607
40,13,737.86,723.83,110.69,208.1,1,1,0.86339
40,14,566.27,602.46,79.13,134.23,1,1,0.82551
40,15,773.31,621.93,92.65,227.25,1,1,0.80056
40,17,813.56,615.32,96.03,148.71,1,1,0.66213
41,0,965.89,627.46,144.58,155.11,1,1,0.93442
41,1,1558.27,636.36,153.54,165.09,1,1,0.91662
41,2,1405.31,617.28,139.24,163.38,1,1,0.90265
41,3,1208.92,607.21,133.12,169.9,1,1,0.89345
41,4,349.53,587.52,157.1,198.8,1,1,0.90667
41,5,247.09,547.06,100.67,180.08,1,1,0.90074
41,6,1573.48,373.61,79.53,195.59,1,1,0.8927
41,7,155.32,433.73,79.52,197.96,1,1,0.89361
41,8,1270.04,479.02,100.57,151.37,1,1,0.88532
41,9,585.65,612.61,125.39,167.99,1,1,0.87831
41,10,772.53,501.95,105.18,156.56,1,1,0.87114
41,11,869.19,601.11,108.39,134.48,1,1,0.8744
41,12,1310.4,610.62,89.78,129.08,1,1,0.86164
41,13,738.09,723.98,110.35,208.12,1,1,0.86129
41,14,566.83,602.56,78.48,133.53,1,1,0.83093
41,15,773.84,621.53,93.62,227.56,1,1,0.80051
42,0,966.62,627.65,144.42,154.87,1,1,0.93329
42,1,1559.06,636.22,153.21,165.18,1,1,0.9167
42,2,1405.92,616.95,139.0,163.72,1,1,0.90245
42,3,1209.8,607.25,132.82,169.99,1,1,0.89422
42,4,350.21,587.43,157.45,198.88,1,1,0.90684
42,5,247.66,546.99,100.86,180.17,1,1,0.89937
42,6,1574.19,373.77,79.67,195.53,1,1,0.8933
42,7,156.47,433.69,79.26,198.05,1,1,0.89307
42,8,1270.37,478.95,100.75,151.37,1,1,0.88514
42,9,586.91,613.22,124.62,167.23,1,1,0.87783
42,10,773.44,501.84,104.6,156.47,1,1,0.87271
42,11,869.41,601.17,108.9,134.46,1,1,0.87546
42,12,1311.05,610.53,89.63,129.11,1,1,0.8642
42,13,738.45,724.18,111.07,207.79,1,1,0.86296
42,14,567.47,602.51,78.2,133.54,1,1,0.83541
42,15,774.5,621.59,92.69,227.27,1,1,0.80397
43,0,967.73,627.75,144.11,154.58,1,1,0.93336
43,1,1560.06,636.27,153.28,164.97,1,1,0.9163
43,2,1407.0,616.88,138.69,163.69,1,1,0.9035
43,3,1210.82,607.24,133.11,169.77,1,1,0.89588
43,4,351.15,587.52,157.33,198.69,1,1,0.90932
43,5,249.23,546.47,100.44,180.78,1,1,0.90229
43,6,1575.04,374.54,79.72,194.79,1,1,0.89316
43,7,157.6,433.55,79.51,197.76,1,1,0.89142
43,8,1271.29,478.9,100.48,151.3,1,1,0.88272
43,9,587.68,613.74,125.1,166.66,1,1,0.87846
43,10,772.96,501.53,105.84,156.93,1,1,0.87514
43,11,870.62,601.08,108.69,134.28,1,1,0.87797
43,12,1311.93,610.4,89.29,129.09,1,1,0.86487
43,13,739.3,723.04,111.07,208.85,1,1,0.86477
43,14,568.33,602.44,78.24,133.53,1,1,0.84109
43,15,775.1,621.97,92.44,226.13,1,1,0.80216
44,0,968.43,627.47,144.24,155.01,1,1,0.93149
44,1,1560.59,636.52,153.3,164.88,1,1,0.91573
44,2,1407.67,616.89,138.9,163.8,1,1,0.90231
44,3,1211.13,606.95,133.65,170.37,1,1,0.89487
44,4,351.5,587.6,157.88,198.69,1,1,0.90718
44,5,249.5,546.44,101.3,180.99,1,1,0.89743
44,6,1575.58,374.72,79.66,194.77,1,1,0.89355
44,7,158.07,433.39,79.68,197.94,1,1,0.88896
44,8,1272.23,478.91,100.25,151.17,1,1,0.88131
44,9,588.27,613.78,125.2,166.93,1,1,0.87581
44,10,773.68,501.34,105.65,157.15,1,1,0.87287
44,11,871.23,601.13,108.43,133.98,1,1,0.87642
44,12,1312.58,610.48,89.25,128.85,1,1,0.86572
44,13,739.77,722.83,111.26,208.93,1,1,0.86285
44,14,569.31,602.21,77.95,133.98,1,1,0.83962
44,15,775.7,622.04,93.17,225.41,1,1,0.79608
45,0,969.08,627.54,144.91,154.82,1,1,0.93445
45,1,1561.67,636.43,153.33,164.75,1,1,0.91795
45,2,1408.64,617.11,138.6,163.33,1,1,0.90418
45,3,1211.56,607.2,134.67,169.94,1,1,0.89706
45,4,351.98,587.83,158.42,198.38,1,1,0.90916
45,5,250.3,545.96,101.36,181.03,1,1,0.89841
45,6,1576.25,375.36,79.89,193.89,1,1,0.88995
45,7,158.96,433.39,79.86,197.81,1,1,0.89096
45,8,1273.86,478.96,99.5,150.86,1,1,0.88174
45,9,589.83,613.15,124.64,166.97,1,1,0.87638
45,10,775.42,501.05,104.66,157.58,1,1,0.87525
45,11,871.11,600.86,108.89,134.21,1,1,0.87397
45,12,1313.62,610.7,89.34,128.54,1,1,0.86716
45,13,740.67,723.21,111.23,208.35,1,1,0.86067
45,14,570.48,602.17,77.85,133.61,1,1,0.84217
45,15,776.55,622.32,94.8,224.86,1,1,0.79947
45,17,817.62,615.94,96.6,146.44,1,1,0.66947
46,0,970.27,627.59,144.54,154.87,1,1,0.93426
46,1,1562.08,636.23,153.72,164.61,1,1,0.9176
46,2,1409.67,616.83,138.39,163.68,1,1,0.90236
46,3,1212.71,607.58,133.98,169.57,1,1,0.89342
46,4,352.75,588.02,159.16,198.21,1,1,0.90832
46,5,251.49,545.78,101.02,181.43,1,1,0.89549
46,6,1576.57,374.73,80.26,194.68,1,1,0.89074
46,7,159.75,433.17,80.13,197.98,1,1,0.89025
46,8,1275.1,478.84,98.96,150.99,1,1,0.87806
46,9,590.83,613.25,124.55,166.68,1,1,0.87559
46,10,776.18,500.73,104.93,158.24,1,1,0.87471
46,11,872.67,600.66,108.3,134.83,1,1,0.87268
46,12,1314.76,610.65,88.7,128.58,1,1,0.86594
46,13,741.36,722.89,111.26,208.1,1,1,0.86288
46,14,571.11,601.71,77.97,133.84,1,1,0.84292
46,15,777.6,623.84,94.85,223.27,1,1,0.79584
46,17,818.87,617.39,95.73,145.22,1,1,0.66538
47,0,971.37,627.23,144.19,155.03,1,1,0.93615
47,1,1563.07,636.03,153.88,164.7,1,1,0.91755
47,2,1410.35,616.76,138.23,163.55,1,1,0.90247
47,3,1213.5,607.49,134.81,169.38,1,1,0.8952
47,4,353.52,588.2,158.84,197.93,1,1,0.91029
47,5,252.78,545.34,100.61,181.83,1,1,0.89568
47,6,1577.36,374.87,80.09,194.26,1,1,0.8888
47,7,160.34,432.84,80.45,198.06,1,1,0.88983
47,8,1276.29,478.73,98.3,150.74,1,1,0.87562
47,9,591.05,612.28,125.5,167.37,1,1,0.87574
47,10,778.18,500.68,103.86,157.42,1,1,0.87072
47,11,873.7,600.22,107.98,135.46,1,1,0.87141
47,12,1315.72,610.63,88.29,128.46,1,1,0.86374
47,13,741.86,722.68,110.8,208.04,1,1,0.85802
47,14,572.23,601.67,77.61,133.34,1,1,0.84141
47,15,778.66,625.0,97.91,222.82,1,1,0.79222
48,0,972.25,627.1,144.12,154.87,1,1,0.93627
48,1,1564.38,635.88,153.47,164.6,1,1,0.91966
48,2,1411.31,616.5,138.12,163.51,1,1,0.9016
48,3,1214.33,607.95,134.88,168.91,1,1,0.89386
48,4,354.26,588.22,158.36,197.66,1,1,0.90932
48,5,253.07,545.51,101.2,181.28,1,1,0.89346
48,6,1578.37,375.14,80.06,193.65,1,1,0.88806
48,7,160.92,432.41,80.39,198.39,1,1,0.89156
48,8,1277.5,478.5,98.03,150.89,1,1,0.87497
48,9,592.01,612.22,125.6,167.11,1,1,0.87391
48,10,780.21,500.63,103.11,156.67,1,1,0.87258
48,11,874.61,600.19,107.56,135.04,1,1,0.87165
48,12,1316.47,610.77,88.33,128.03,1,1,0.86646
48,13,742.52,723.36,110.41,207.1,1,1,0.85715
48,14,573.27,601.45,77.53,133.52,1,1,0.84577
48,15,779.46,626.39,96.74,221.87,1,1,0.79927
48,17,822.76,619.14,93.61,143.4,1,1,0.68525
49,0,972.83,627.42,144.17,154.19,1,1,0.93679
49,1,1565.1,635.76,153.7,164.46,1,1,0.92186
49,2,1412.03,616.42,138.11,163.34,1,1,0.90172
49,3,1214.55,608.54,135.19,168.22,1,1,0.89335
49,4,355.03,588.37,157.69,197.18,1,1,0.91235
49,5,253.38,545.47,101.52,180.28,1,1,0.89392
49,6,1579.03,375.09,80.28,193.26,1,1,0.88762
49,7,161.27,432.31,80.56,198.24,1,1,0.8922
49,8,1278.03,478.6,97.84,151.02,1,1,0.87462
49,9,593.35,612.12,124.75,166.47,1,1,0.87487
49,10,781.49,500.7,102.39,155.97,1,1,0.87157
49,11,875.43,600.22,107.22,135.11,1,1,0.8711
49,12,1317.22,610.76,88.29,127.84,1,1,0.86653
49,13,742.89,723.43,109.84,206.95,1,1,0.85541
49,14,574.09,601.45,77.05,132.66,1,1,0.84758
49,15,780.31,628.4,93.69,219.81,1,1,0.80679
49,17,823.84,619.95,93.22,142.52,1,1,0.72326
50,0,974.27,628.33,143.58,153.17,1,1,0.93274
50,1,1565.46,635.44,154.68,165.0,1,1,0.91864
50,2,1412.9,616.18,138.23,163.89,1,1,0.89951
50,3,1215.61,609.29,134.33,167.76,1,1,0.8886
50,4,356.06,588.38,158.07,197.25,1,1,0.9087
50,5,254.06,545.39,101.65,180.65,1,1,0.89064
50,6,1579.69,374.9,80.81,193.81,1,1,0.88824
50,7,161.9,431.89,80.54,198.5,1,1,0.88941
50,8,1278.4,478.45,98.36,151.71,1,1,0.8718
50,9,594.5,613.28,124.25,165.67,1,1,0.87171
50,10,782.07,500.67,103.35,155.82,1,1,0.86743
50,11,877.01,600.15,107.04,135.26,1,1,0.87249
50,12,1317.9,610.27,88.37,128.08,1,1,0.86563
50,13,743.0,723.0,111.18,207.28,1,1,0.86007
50,14,574.76,600.85,77.48,133.37,1,1,0.85251
50,15,781.26,629.51,91.12,219.07,1,1,0.81277
50,17,824.16,619.93,93.4,142.68,1,1,0.78092
51,0,975.32,627.94,143.87,152.76,1,1,0.93703
51,1,1566.59,634.2,154.17,165.77,1,1,0.92099
51,2,1413.49,615.97,138.28,163.86,1,1,0.90017
51,3,1215.62,609.21,134.83,167.62,1,1,0.89207
51,4,356.76,588.76,157.7,196.55,1,1,0.91146
51,5,255.09,545.36,101.17,180.18,1,1,0.89253
51,6,1580.75,375.14,80.73,193.51,1,1,0.88693
51,7,162.91,431.53,80.32,198.57,1,1,0.89188
51,8,1279.56,478.5,97.79,150.8,1,1,0.8674
51,9,595.19,613.82,124.23,164.92,1,1,0.87139
51,10,783.36,500.83,103.26,155.08,1,1,0.86376
51,11,877.91,600.01,107.04,134.77,1,1,0.87436
51,12,1318.16,610.24,88.92,127.91,1,1,0.86661
51,13,743.43,721.69,110.97,208.59,1,1,0.85316
51,14,575.61,600.92,77.31,132.92,1,1,0.8529
51,15,782.4,629.84,90.15,218.79,1,1,0.81334
51,17,823.44,620.14,95.46,142.09,1,1,0.77063
52,0,976.37,626.54,143.81,153.6,1,1,0.93602
52,1,1567.97,631.63,153.07,168.06,1,1,0.91985
52,2,1414.05,615.47,138.24,164.41,1,1,0.90047
52,3,1215.18,606.83,135.62,170.09,1,1,0.89014
52,4,357.8,589.11,157.35,196.13,1,1,0.90897
52,5,256.0,545.67,100.9,179.84,1,1,0.88795
52,6,1581.96,375.53,80.19,192.84,1,1,0.88523
52,7,163.61,431.41,80.25,198.82,1,1,0.8924
52,8,1281.21,478.46,96.87,149.2,1,1,0.86689
52,9,596.18,613.96,124.09,164.69,1,1,0.87085
52,10,784.12,500.96,102.95,154.43,1,1,0.86363
52,11,878.87,600.09,106.9,133.69,1,1,0.87401
52,12,1317.21,610.45,90.75,127.77,1,1,0.86639
52,13,744.2,721.26,111.11,209.06,1,1,0.85762
52,14,576.59,600.75,76.59,133.55,1,1,0.85159
52,15,783.71,631.14,88.86,217.7,1,1,0.81491
52,17,822.02,618.85,97.84,143.04,1,1,0.79773
53,0,976.88,624.18,144.53,155.47,1,1,0.93688
53,1,1569.12,629.93,151.87,169.61,1,1,0.9191
53,2,1413.72,615.23,138.6,164.55,1,1,0.90456
53,3,1214.67,603.79,136.43,172.54,1,1,0.89523
53,4,358.61,588.9,156.95,196.43,1,1,0.91104
53,5,256.63,545.8,100.69,179.82,1,1,0.89169
53,6,1582.92,375.65,79.72,192.55,1,1,0.88423
53,7,163.99,431.56,80.57,198.54,1,1,0.89041
53,8,1283.2,478.48,95.16,146.65,1,1,0.86473
53,9,596.84,613.01,124.05,165.78,1,1,0.87452
53,10,785.43,500.95,101.84,153.32,1,1,0.86183
53,11,879.89,600.17,106.96,132.96,1,1,0.8748
53,12,1316.6,609.98,91.76,128.35,1,1,0.86774
53,13,744.47,721.11,111.56,209.43,1,1,0.85359
53,14,577.37,600.8,75.98,133.37,1,1,0.8475
53,15,784.39,630.83,88.39,218.28,1,1,0.82143
53,17,817.84,614.76,102.81,146.51,1,1,0.80442
54,0,977.2,621.94,145.69,157.42,1,1,0.93207
54,1,1569.81,627.98,151.02,171.2,1,1,0.91836
54,2,1414.07,614.35,138.74,165.43,1,1,0.90144
54,3,1212.1,599.73,139.31,175.66,1,1,0.89854
54,4,359.82,587.97,156.78,197.38,1,1,0.90625
54,5,257.75,545.78,100.1,179.57,1,1,0.88821
54,6,1584.2,375.41,79.21,192.6,1,1,0.88617
54,7,164.68,431.48,80.57,198.78,1,1,0.88736
54,8,1284.27,478.37,94.84,145.58,1,1,0.86624
54,9,597.72,612.04,123.97,166.73,1,1,0.87712
54,10,786.33,501.13,100.85,151.78,1,1,0.86402
54,11,880.69,599.24,107.32,133.57,1,1,0.87143
54,12,1316.33,609.44,93.37,128.64,1,1,0.86861
54,13,745.19,721.22,111.81,208.8,1,1,0.85879
54,14,578.42,600.68,75.11,133.34,1,1,0.84041
54,15,785.36,630.72,87.97,218.66,1,1,0.81634
54,17,810.06,610.62,111.97,149.94,1,1,0.82752
55,0,977.11,618.8,147.42,160.47,1,1,0.93377
55,1,1569.9,625.76,152.17,173.42,1,1,0.91779
55,2,1414.07,612.21,139.23,168.22,1,1,0.89827
55,3,1208.13,594.73,144.74,180.69,1,1,0.89977
55,4,360.7,585.91,157.21,199.45,1,1,0.90301
55,5,259.23,545.75,99.65,179.75,1,1,0.88848
55,6,1585.36,374.93,79.69,193.0,1,1,0.88759
55,7,165.49,431.33,80.94,199.03,1,1,0.88954
55,8,1283.73,478.43,95.95,146.33,1,1,0.86221
55,9,597.85,611.66,124.61,167.23,1,1,0.88317
55,10,787.46,501.59,100.92,150.0,1,1,0.86066
55,11,882.64,596.99,106.67,131.92,1,1,0.86749
55,12,1314.83,608.04,96.6,130.05,1,1,0.86896
55,13,746.65,721.04,111.42,208.99,1,1,0.85911
55,14,579.25,600.85,73.81,132.94,1,1,0.83326
55,15,786.62,631.28,87.75,219.25,1,1,0.81385
55,17,802.73,607.05,120.05,152.63,1,1,0.83158
56,0,974.98,615.01,150.21,164.58,1,1,0.92807
56,1,1567.71,623.96,155.7,175.26,1,1,0.91465
56,2,1414.78,610.08,139.32,169.86,1,1,0.89493
56,3,1205.12,588.88,147.71,186.64,1,1,0.89834
56,4,360.94,583.22,157.51,201.76,1,1,0.90485
56,5,260.31,545.82,99.0,179.33,1,1,0.89064
56,6,1586.29,374.64,80.24,193.26,1,1,0.88566
56,7,166.31,431.17,80.7,198.8,1,1,0.89268
56,8,1282.93,478.33,98.01,149.2,1,1,0.8493
56,9,598.3,611.15,124.45,167.43,1,1,0.88416
56,10,788.89,501.87,100.71,149.52,1,1,0.85776
56,11,885.33,593.19,102.95,132.72,1,1,0.85856
56,12,1312.1,604.93,100.66,132.22,1,1,0.86426
56,13,747.18,719.15,112.22,210.56,1,1,0.86682
56,14,579.79,600.85,72.65,133.81,1,1,0.83509
56,15,787.91,631.93,87.44,219.16,1,1,0.80997
56,17,797.33,603.57,125.26,154.71,1,1,0.82806
57,0,973.04,610.73,152.29,169.33,1,1,0.92915
57,1,1563.08,621.02,162.04,178.02,1,1,0.91147
57,2,1415.91,607.53,140.63,172.4,1,1,0.89628
57,3,1202.95,583.36,149.9,192.63,1,1,0.90255
57,4,361.13,579.6,157.68,204.41,1,1,0.90717
57,5,261.14,545.56,99.25,180.0,1,1,0.8905
57,6,1586.91,374.5,81.63,193.7,1,1,0.88418
57,7,167.2,431.36,80.6,198.47,1,1,0.88949
57,8,1282.39,478.07,100.92,156.15,1,1,0.82397
57,9,597.11,608.93,126.0,169.21,1,1,0.88239
57,10,790.95,501.94,99.19,147.63,1,1,0.84826
57,11,889.01,588.0,95.43,133.77,1,1,0.85189
57,12,1308.0,601.63,106.09,135.39,1,1,0.87098
57,13,748.14,717.99,112.66,210.59,1,1,0.87027
57,14,579.58,600.34,71.81,135.01,1,1,0.81296
57,15,788.16,633.29,86.56,217.89,1,1,0.81993
57,17,791.27,600.23,131.52,157.16,1,1,0.8066
58,0,969.76,604.38,155.99,175.57,1,1,0.9296
58,1,1556.75,617.83,168.15,180.22,1,1,0.90437
58,2,1416.03,603.11,145.22,176.94,1,1,0.89239
58,3,1197.81,577.9,154.72,197.82,1,1,0.90191
58,4,360.76,575.1,158.06,207.03,1,1,0.90946
58,5,261.51,544.62,100.12,179.82,1,1,0.8925
58,6,1587.75,374.06,81.94,193.59,1,1,0.88955
58,7,168.28,431.09,80.2,198.09,1,1,0.8892
58,8,1282.54,477.76,103.96,161.18,1,1,0.8027
58,9,592.75,604.17,130.47,172.75,1,1,0.87958
58,10,792.42,501.79,98.51,144.39,1,1,0.84029
58,11,889.42,581.77,89.97,135.43,1,1,0.84308
58,12,1302.26,596.6,113.01,139.49,1,1,0.8718
58,13,749.98,713.74,111.23,213.12,1,1,0.86925
58,14,577.89,598.22,72.35,135.31,1,1,0.68496
58,15,787.77,632.89,86.27,218.24,1,1,0.81306
58,17,786.12,596.71,137.51,161.04,1,1,0.79149
59,0,966.31,598.43,160.42,181.99,1,1,0.92623
59,1,1556.76,613.21,168.43,183.71,1,1,0.91066
59,2,1416.63,599.2,150.18,180.43,1,1,0.89656
59,3,1190.44,573.09,162.19,201.23,1,1,0.90847
59,4,360.73,570.54,157.78,208.82,1,1,0.92075
59,5,263.01,543.03,100.98,178.48,1,1,0.90831
59,6,1589.24,374.19,81.86,193.1,1,1,0.89048
59,7,169.46,431.19,79.53,197.42,1,1,0.89313
59,8,1283.43,477.22,106.73,165.1,1,1,0.829
59,9,584.7,599.34,139.71,176.92,1,1,0.90089
59,10,793.72,501.47,96.98,143.15,1,1,0.84627
59,11,888.07,576.5,89.18,138.43,1,1,0.84745
59,12,1296.11,592.62,119.82,141.21,1,1,0.87104
59,13,752.47,710.87,109.1,213.69,1,1,0.86538
59,15,786.17,632.59,89.33,218.61,1,1,0.80819
59,17,782.33,595.0,141.82,162.96,1,1,0.74517
60,0,962.83,592.13,165.3,188.71,1,1,0.91921
60,1,1549.12,609.78,175.28,186.02,1,1,0.91336
60,2,1419.51,594.44,154.69,185.98,1,1,0.89831
60,3,1182.56,569.73,169.41,203.48,1,1,0.91633
60,4,358.8,565.39,161.01,212.12,1,1,0.91869
60,5,263.8,541.43,104.35,177.94,1,1,0.90498
60,6,1591.16,374.07,82.54,192.44,1,1,0.89447
60,7,170.54,431.25,79.51,197.09,1,1,0.89452
60,8,1285.45,476.79,108.18,169.16,1,1,0.86715
60,9,581.91,595.13,143.66,180.91,1,1,0.89234
60,10,791.83,501.12,98.33,141.42,1,1,0.84745
60,11,885.94,570.67,90.24,144.73,1,1,0.85113
60,12,1287.94,588.22,128.66,140.49,1,1,0.86654
60,13,754.68,709.3,108.05,211.08,1,1,0.86928
60,15,784.03,630.62,97.01,220.86,1,1,0.79719
60,17,775.71,590.81,147.7,166.08,1,1,0.69002
61,0,962.01,586.15,166.82,194.5,1,1,0.92179
61,1,1545.37,603.04,177.76,192.31,1,1,0.91569
61,2,1421.9,589.18,149.74,193.25,1,1,0.87882
61,3,1173.02,568.13,172.85,204.67,1,1,0.92279
61,4,355.5,559.74,164.48,216.68,1,1,0.91804
61,5,264.09,540.55,107.96,177.38,1,1,0.90706
61,6,1592.49,374.34,83.76,192.12,1,1,0.89554
61,7,171.23,431.51,79.47,196.86,1,1,0.89429
61,8,1289.37,476.94,105.11,169.97,1,1,0.88342
61,9,573.21,590.17,153.89,186.4,1,1,0.91315
61,10,789.43,500.61,98.89,138.39,1,1,0.84609
61,11,884.3,567.69,90.81,147.32,1,1,0.86049
61,12,1281.36,583.52,135.05,141.58,1,1,0.87656
61,13,756.47,709.33,109.44,209.09,1,1,0.87526
61,15,783.33,629.41,97.06,222.25,1,1,0.80014
62,0,959.85,580.67,169.97,199.52,1,1,0.91773
62,1,1465.98,591.08,254.43,203.28,1,1,0.85905
62,3,1164.85,566.89,164.6,204.49,1,1,0.91653
62,4,352.26,555.61,167.87,220.14,1,1,0.92353
62,5,265.07,539.68,111.5,177.86,1,1,0.91
62,6,1593.49,374.66,85.38,191.59,1,1,0.89274
62,7,172.4,431.75,78.55,196.09,1,1,0.90237
62,8,1289.71,476.76,105.48,170.62,1,1,0.87727
62,9,567.32,586.22,159.66,189.3,1,1,0.89123
62,10,786.88,500.26,98.49,134.5,1,1,0.84595
62,11,881.72,565.64,93.09,149.52,1,1,0.86442
62,12,1271.97,578.67,143.71,145.45,1,1,0.88498
62,13,757.59,709.75,112.81,213.17,1,1,0.88705
62,15,782.38,628.93,98.03,222.4,1,1,0.7864
63,0,954.17,575.15,175.17,204.39,1,1,0.91857
63,1,1438.04,582.76,278.99,212.16,1,1,0.92938
63,3,1155.99,564.55,153.86,205.88,1,1,0.92143
63,4,350.22,551.2,169.75,224.71,1,1,0.92831
63,5,267.86,538.5,110.55,178.46,1,1,0.89788
63,6,1594.43,374.93,87.57,190.9,1,1,0.8864
63,7,173.49,431.68,78.85,195.18,1,1,0.90239
63,8,1289.74,476.96,104.82,170.3,1,1,0.87616
63,9,555.95,580.09,170.92,193.22,1,1,0.92164
63,10,782.05,499.31,100.58,130.96,1,1,0.84599
63,11,876.9,563.28,93.82,152.74,1,1,0.86306
63,12,1261.74,574.63,151.82,147.64,1,1,0.90048
63,13,757.24,712.18,118.5,217.26,1,1,0.88732
63,15,781.13,627.11,108.1,223.47,1,1,0.79081
63,17,757.69,572.16,98.12,104.9,1,1,0.72528
64,0,948.33,572.6,172.46,206.28,1,1,0.91126
64,1,1428.18,578.05,273.69,218.76,1,1,0.9201
64,3,1145.71,563.31,141.21,207.0,1,1,0.91996
64,4,345.58,547.75,173.0,230.25,1,1,0.91524
64,5,270.61,538.08,108.39,178.48,1,1,0.88872
64,6,1594.06,375.04,92.47,191.28,1,1,0.88329
64,7,173.7,432.02,81.01,195.08,1,1,0.89517
64,8,1288.18,477.69,105.81,170.58,1,1,0.88335
64,9,545.53,575.79,180.13,195.38,1,1,0.93568
64,10,776.21,498.39,102.0,130.6,1,1,0.84028
64,11,869.96,561.7,95.29,159.74,1,1,0.84898
64,12,1254.35,569.77,150.41,150.91,1,1,0.9096
64,13,756.56,715.93,121.65,220.56,1,1,0.87582
64,15,778.59,626.05,108.98,224.91,1,1,0.82286
65,0,940.91,569.7,167.86,208.43,1,1,0.91296
65,1,1434.55,578.98,245.23,218.02,1,1,0.89774
65,3,1136.94,562.01,132.18,207.77,1,1,0.9348
65,4,342.69,545.01,170.62,234.72,1,1,0.90579
65,5,274.37,537.39,102.25,179.08,1,1,0.87767
65,6,1594.9,376.02,94.84,191.38,1,1,0.88
65,7,174.09,432.49,84.07,193.69,1,1,0.89836
65,8,1285.01,478.48,109.12,171.1,1,1,0.88658
65,9,539.32,572.2,185.03,197.71,1,1,0.93312
65,10,771.27,496.75,100.63,132.96,1,1,0.84376
65,11,865.95,559.52,93.68,165.37,1,1,0.83491
65,12,1247.27,566.25,141.56,154.8,1,1,0.90804
65,13,757.98,723.48,123.45,213.69,1,1,0.85936
65,15,776.0,622.81,104.98,229.83,1,1,0.83654
66,0,933.19,567.97,161.54,209.13,1,1,0.91196
66,1,1451.44,579.56,186.45,218.12,1,1,0.89257
66,3,1128.42,560.32,134.57,208.78,1,1,0.9388
66,4,338.11,544.62,167.12,236.09,1,1,0.91427
66,5,279.77,537.26,94.41,179.33,1,1,0.87817
66,6,1597.95,377.41,94.27,190.44,1,1,0.88568
66,7,175.12,433.16,88.9,190.41,1,1,0.90587
66,8,1281.81,478.27,115.45,174.02,1,1,0.89463
66,9,535.34,569.65,185.57,199.18,1,1,0.92471
66,10,765.69,494.96,101.51,134.57,1,1,0.8489
66,11,863.38,557.26,89.51,168.52,1,1,0.8465
66,12,1234.15,563.42,133.56,159.9,1,1,0.8961
66,13,758.62,727.35,125.86,211.61,1,1,0.86619
66,15,774.05,620.86,100.55,230.79,1,1,0.83759
67,0,928.42,564.74,145.64,211.93,1,1,0.90239
67,1,1468.05,576.38,154.59,221.1,1,1,0.91244
67,3,1120.12,558.61,141.32,209.33,1,1,0.94718
67,4,328.9,546.21,167.71,234.25,1,1,0.88845
67,5,288.65,538.38,88.02,181.07,1,1,0.85619
67,6,1601.99,379.14,92.99,190.08,1,1,0.89828
67,7,177.02,433.62,98.2,189.0,1,1,0.90882
67,8,1278.03,477.31,122.83,177.0,1,1,0.90135
67,9,530.86,565.68,182.92,203.57,1,1,0.93079
67,10,762.83,492.47,100.42,135.33,1,1,0.84767
67,11,860.05,555.52,86.81,173.37,1,1,0.84993
67,12,1230.58,561.3,114.64,164.3,1,1,0.88048
67,13,761.11,730.82,128.48,206.39,1,1,0.86997
67,15,772.07,619.66,100.65,228.9,1,1,0.84601
68,0,925.31,561.44,132.91,215.28,1,1,0.90586
68,1,1474.67,573.36,141.02,224.24,1,1,0.89407
68,3,1113.7,556.5,146.24,211.96,1,1,0.94433
68,4,310.94,544.44,174.23,237.21,1,1,0.91449
68,6,1605.77,379.29,93.87,190.62,1,1,0.88527
68,7,179.3,433.64,107.99,190.64,1,1,0.88251
68,8,1274.09,475.07,133.11,181.86,1,1,0.90349
68,9,526.22,562.58,178.33,211.76,1,1,0.91486
68,10,761.82,490.31,98.66,139.73,1,1,0.83315
68,11,858.58,552.7,87.22,177.6,1,1,0.84306
68,12,1225.35,559.66,108.31,167.7,1,1,0.84967
68,13,763.83,738.88,130.13,198.75,1,1,0.8599
68,15,773.85,621.34,99.53,227.16,1,1,0.84452
68,17,687.89,565.58,121.06,171.88,1,1,0.71243
69,0,917.89,558.86,136.25,217.68,1,1,0.90312
69,1,1511.71,559.6,110.96,227.88,1,1,0.85962
69,3,1108.44,554.6,148.3,215.26,1,1,0.9444
69,4,303.94,543.38,169.63,237.1,1,1,0.92149
69,6,1610.9,380.36,94.91,190.53,1,1,0.89013
69,7,183.89,433.13,114.23,191.19,1,1,0.88958
69,8,1268.69,472.29,144.58,185.2,1,1,0.89616
69,9,521.79,560.9,170.41,213.91,1,1,0.91693
69,10,766.4,490.49,92.77,144.28,1,1,0.83723
69,11,857.44,550.77,84.54,179.92,1,1,0.83424
69,12,1222.99,559.29,112.34,170.61,1,1,0.85267
69,13,766.6,724.76,131.69,211.32,1,1,0.76879
69,15,775.01,624.24,101.35,228.05,1,1,0.82151
69,2,1473.7,581.01,127.42,211.42,1,1,0.8989
70,0,916.46,556.85,137.11,218.82,1,1,0.90143
70,1,1528.42,552.04,101.51,220.65,1,1,0.85624
70,3,1102.25,553.26,143.64,212.63,1,1,0.94067
70,4,302.4,542.9,149.01,236.39,1,1,0.87055
70,6,1616.07,381.46,95.64,189.42,1,1,0.89006
70,7,189.31,432.78,116.95,190.76,1,1,0.88967
70,8,1260.42,469.82,157.6,187.64,1,1,0.8988
70,9,516.91,562.82,148.56,212.41,1,1,0.8855
70,10,773.27,497.04,75.65,140.68,1,1,0.82505
70,11,853.22,549.98,88.94,180.43,1,1,0.82755
70,12,1219.45,559.72,115.27,176.35,1,1,0.85436
70,13,770.47,682.81,128.85,251.08,1,1,0.6992
70,15,778.82,627.82,102.22,225.55,1,1,0.82422
70,2,1473.85,580.41,132.99,203.78,1,1,0.88891
70,17,673.69,551.56,90.68,143.97,1,1,0.76391
71,0,914.59,555.62,135.28,222.04,1,1,0.88534
71,1,1537.77,545.16,100.94,220.0,1,1,0.86349
71,3,1094.44,551.99,132.8,211.23,1,1,0.90893
71,4,301.52,543.24,133.04,235.08,1,1,0.8369
71,6,1620.02,380.89,97.89,190.08,1,1,0.88295
71,7,193.87,431.14,118.55,193.04,1,1,0.8725
71,8,1249.85,468.1,170.47,189.02,1,1,0.90988
71,9,510.77,563.72,134.71,213.86,1,1,0.89132
71,10,740.35,488.87,102.52,152.35,1,1,0.78673
71,11,851.09,549.2,93.0,178.93,1,1,0.82585
71,12,1208.82,561.45,115.87,179.21,1,1,0.81988
71,13,749.72,683.71,146.26,246.88,1,1,0.64971
71,15,782.21,630.96,104.13,222.98,1,1,0.84931
71,2,1469.41,579.38,130.02,202.53,1,1,0.8817
71,17,672.69,548.22,86.1,177.62,1,1,0.84279
72,0,904.16,553.88,137.75,219.88,1,1,0.88689
72,1,1544.31,540.01,106.97,217.73,1,1,0.87156
72,3,1086.38,551.93,115.6,208.54,1,1,0.90907
72,4,296.86,542.63,126.98,234.98,1,1,0.84352
72,6,1622.88,379.98,99.43,190.19,1,1,0.8908
72,7,198.2,430.12,117.69,193.88,1,1,0.88304
72,8,1237.6,467.17,175.64,183.91,1,1,0.91017
72,9,503.17,564.3,124.8,213.25,1,1,0.89575
72,10,718.3,484.29,122.2,155.78,1,1,0.799
72,11,846.65,547.83,92.26,176.17,1,1,0.81599
72,12,1194.95,564.45,115.55,179.25,1,1,0.86635
72,13,745.74,658.75,143.6,265.15,1,1,0.70068
72,15,783.97,635.85,106.55,216.49,1,1,0.8546
72,2,1458.43,580.05,139.7,200.33,1,1,0.88942
72,17,672.43,549.18,85.62,191.6,1,1,0.83764
73,0,895.64,552.9,135.08,218.86,1,1,0.89769
73,1,1548.25,536.76,111.79,217.1,1,1,0.8877
73,3,1077.89,551.56,114.16,208.12,1,1,0.91615
73,4,283.99,541.5,135.23,231.95,1,1,0.88804
73,6,1625.09,379.99,101.27,189.62,1,1,0.8916
73,7,202.85,430.18,115.36,191.39,1,1,0.88423
73,8,1229.82,466.55,170.58,181.06,1,1,0.90566
73,9,495.82,563.15,127.68,211.34,1,1,0.90628
73,10,704.77,481.2,131.47,161.17,1,1,0.82233
73,11,840.75,547.76,87.88,172.04,1,1,0.82049
73,12,1180.35,566.23,118.77,178.53,1,1,0.88811
73,13,737.7,689.36,137.41,229.57,1,1,0.84517
73,15,785.3,644.03,107.98,207.17,1,1,0.85265
73,2,1440.22,581.85,159.63,198.12,1,1,0.90561
73,17,671.96,553.47,88.72,193.53,1,1,0.86232
73,18,382.48,555.09,94.57,175.53,1,1,0.85341
74,0,883.67,553.59,132.02,213.2,1,1,0.88031
74,1,1553.59,534.97,112.89,214.98,1,1,0.90425
74,3,1066.85,549.52,123.86,210.08,1,1,0.90527
74,4,281.99,541.3,133.3,221.85,1,1,0.89093
74,6,1626.69,379.92,102.42,189.21,1,1,0.89701
74,7,208.37,430.93,111.4,188.96,1,1,0.88965
74,8,1221.63,465.33,166.32,180.2,1,1,0.90883
74,9,489.44,561.43,134.26,210.3,1,1,0.90691
74,10,698.25,478.4,137.68,165.42,1,1,0.83962
74,11,838.04,548.33,82.99,172.72,1,1,0.81298
74,12,1172.19,566.62,122.5,177.4,1,1,0.89488
74,13,727.0,697.25,131.54,215.78,1,1,0.77983
74,15,771.16,648.29,124.79,200.83,1,1,0.74513
74,2,1417.78,582.57,183.66,196.1,1,1,0.92093
74,17,666.36,554.65,96.82,193.8,1,1,0.87287
74,18,383.04,558.74,98.66,172.36,1,1,0.86465
75,0,873.26,552.66,134.39,211.32,1,1,0.879
75,1,1558.38,533.51,117.68,215.7,1,1,0.90258
75,3,1054.57,548.66,133.92,210.49,1,1,0.88847
75,4,283.54,539.92,130.83,216.37,1,1,0.88737
75,6,1628.19,378.4,104.62,189.5,1,1,0.89167
75,7,210.43,431.55,108.51,187.01,1,1,0.8822
75,8,1217.46,463.41,163.75,180.44,1,1,0.90975
75,9,482.87,557.27,144.38,211.97,1,1,0.89859
75,10,696.18,475.38,134.6,165.9,1,1,0.80794
75,11,835.89,549.13,75.94,180.46,1,1,0.82224
75,12,1165.38,565.7,128.65,178.18,1,1,0.89487
75,13,718.38,705.14,132.7,208.43,1,1,0.75593
75,15,742.95,646.67,149.36,198.85,1,1,0.8088
75,2,1393.35,582.6,207.44,192.88,1,1,0.91485
75,17,659.81,555.29,104.84,190.14,1,1,0.84641
75,18,382.29,559.8,100.81,169.79,1,1,0.8522
76,0,872.54,553.27,134.97,210.44,1,1,0.88113
76,1,1561.56,531.61,122.05,216.61,1,1,0.89895
76,3,1043.61,549.07,141.03,209.39,1,1,0.87159
76,4,292.58,536.95,116.39,217.06,1,1,0.86405
76,6,1631.09,376.96,105.76,189.47,1,1,0.88863
76,7,211.45,432.38,106.48,186.03,1,1,0.87693
76,8,1215.75,461.04,158.93,182.6,1,1,0.91208
76,9,472.41,552.08,157.53,215.71,1,1,0.88321
76,10,693.01,472.97,104.6,168.35,1,1,0.82648
76,11,823.61,551.06,77.7,183.1,1,1,0.81706
76,12,1156.69,563.66,139.16,177.45,1,1,0.891
76,2,1377.16,580.44,217.35,187.51,1,1,0.91
76,17,650.08,554.9,115.84,195.49,1,1,0.82063
76,18,377.13,558.82,102.26,173.21,1,1,0.82308
77,0,867.06,554.88,143.63,210.59,1,1,0.88002
77,1,1564.73,528.57,125.79,217.42,1,1,0.8967
77,3,1033.18,548.96,142.04,208.45,1,1,0.86189
77,4,297.51,534.32,100.52,216.23,1,1,0.84888
77,6,1633.95,376.02,105.89,188.85,1,1,0.8847
77,7,211.45,434.75,101.99,183.56,1,1,0.86929
77,8,1214.32,458.89,154.43,185.42,1,1,0.90862
77,9,458.97,547.54,171.11,217.05,1,1,0.88664
77,10,687.74,471.24,94.26,177.02,1,1,0.84646
77,11,814.37,552.36,78.72,186.15,1,1,0.78953
77,12,1147.2,560.24,150.58,178.14,1,1,0.88544
77,2,1366.42,578.2,219.19,185.99,1,1,0.89955
77,17,634.73,552.75,120.2,201.6,1,1,0.86945
77,18,373.59,557.66,104.84,180.47,1,1,0.83101
77,13,710.21,678.38,139.59,218.72,1,1,0.75465
78,0,861.43,557.09,150.71,210.76,1,1,0.88622
78,1,1564.94,523.96,130.27,219.07,1,1,0.9101
78,3,1022.11,546.14,142.51,212.08,1,1,0.88423
78,4,293.69,531.79,102.48,217.14,1,1,0.84925
78,6,1637.59,374.51,103.87,187.38,1,1,0.8876
78,7,212.91,439.02,97.94,179.91,1,1,0.86108
78,8,1211.33,456.91,150.57,189.77,1,1,0.90783
78,9,452.66,543.75,173.04,215.76,1,1,0.88189
78,10,680.99,470.37,91.88,181.1,1,1,0.8578
78,11,811.18,551.24,76.24,203.22,1,1,0.7623
78,12,1138.84,556.19,156.5,177.62,1,1,0.89749
78,2,1360.24,576.75,195.43,186.08,1,1,0.86165
78,17,617.2,549.72,127.78,204.42,1,1,0.8828
78,18,375.04,555.39,100.75,184.64,1,1,0.84705
78,13,703.92,671.41,147.24,217.64,1,1,0.78776
79,0,850.04,555.67,158.6,212.82,1,1,0.89072
79,1,1563.7,517.93,135.35,221.21,1,1,0.92119
79,3,1011.49,545.01,136.59,212.03,1,1,0.88614
79,4,288.1,530.09,101.75,216.39,1,1,0.85555
79,6,1640.51,373.67,102.04,185.45,1,1,0.89458
79,7,214.67,442.3,91.7,175.8,1,1,0.85777
79,8,1209.39,455.49,146.77,192.04,1,1,0.90988
79,9,446.47,540.15,166.6,217.05,1,1,0.86846
79,10,673.6,470.35,92.07,182.42,1,1,0.87472
79,11,810.69,548.21,69.07,210.75,1,1,0.68116
79,12,1132.76,552.55,152.95,175.62,1,1,0.9047
79,2,1357.13,576.15,163.69,184.8,1,1,0.88127
79,17,602.86,547.13,130.53,210.15,1,1,0.90066
79,18,375.68,552.73,97.91,185.51,1,1,0.86423
79,13,698.55,668.26,143.82,212.94,1,1,0.84331
80,0,837.72,551.94,164.39,216.48,1,1,0.87851
80,1,1565.62,511.94,137.6,215.16,1,1,0.91622
80,3,1000.59,540.23,133.96,215.41,1,1,0.8876
80,4,278.69,525.39,104.01,220.47,1,1,0.85191
80,6,1642.3,372.63,103.14,184.05,1,1,0.89667
80,7,214.48,443.45,84.88,173.93,1,1,0.84742
80,8,1208.16,455.51,140.88,193.52,1,1,0.90719
80,9,442.1,537.02,159.39,218.4,1,1,0.87097
80,10,665.22,469.76,96.6,181.24,1,1,0.85834
80,12,1126.1,549.7,141.97,176.06,1,1,0.89535
80,2,1355.04,573.85,154.28,183.99,1,1,0.8791
80,17,586.63,545.36,134.34,213.76,1,1,0.89873
80,18,376.29,547.04,95.33,188.81,1,1,0.86826
80,13,693.34,668.22,117.43,208.25,1,1,0.84094
81,0,829.37,545.88,150.93,221.66,1,1,0.851
81,1,1571.2,506.65,135.96,205.61,1,1,0.9189
81,3,988.43,535.16,126.62,218.44,1,1,0.88551
81,4,269.41,520.07,108.84,224.14,1,1,0.83848
81,6,1643.89,371.45,104.58,183.16,1,1,0.90043
81,7,212.13,443.4,78.34,173.92,1,1,0.86311
81,8,1208.51,455.91,130.56,193.31,1,1,0.89987
81,9,436.56,532.95,149.53,218.55,1,1,0.88362
81,10,654.86,467.45,107.17,181.11,1,1,0.86159
81,12,1119.18,547.18,122.99,175.34,1,1,0.87772
81,2,1353.02,571.32,128.33,184.77,1,1,0.90772
81,17,572.88,543.33,133.53,214.41,1,1,0.9044
81,18,375.17,541.15,91.9,185.4,1,1,0.82928
81,13,685.65,667.65,113.88,205.41,1,1,0.86516
82,0,825.03,540.33,138.09,223.28,1,1,0.87179
82,1,1576.5,501.42,136.86,204.67,1,1,0.91686
82,3,975.23,529.6,118.79,219.92,1,1,0.90509
82,4,263.93,515.34,126.06,226.91,1,1,0.87126
82,6,1645.39,369.17,105.99,183.59,1,1,0.90489
82,7,208.17,441.81,77.99,173.09,1,1,0.87386
82,8,1209.47,456.13,112.53,191.2,1,1,0.88403
82,9,429.93,528.36,134.18,220.55,1,1,0.89318
82,10,644.3,463.57,120.66,182.45,1,1,0.88284
82,12,1113.79,545.01,105.73,176.09,1,1,0.88626
82,2,1348.87,566.53,110.45,186.77,1,1,0.91395
82,17,561.66,541.11,130.55,213.16,1,1,0.91728
82,18,372.08,535.42,86.32,183.27,1,1,0.83614
82,13,674.77,663.19,123.76,202.68,1,1,0.8724
82,19,1872.05,489.14,47.14,201.69,1,1,0.7776
83,0,824.19,534.46,129.61,225.2,1,1,0.90271
83,1,1579.14,497.07,140.48,206.31,1,1,0.91003
83,3,969.55,522.83,109.95,222.57,1,1,0.91515
83,4,253.97,511.31,133.38,228.06,1,1,0.86543
83,6,1645.01,366.72,108.65,183.5,1,1,0.90641
83,7,200.12,438.65,81.02,176.22,1,1,0.86678
83,8,1208.02,456.33,101.24,188.03,1,1,0.88982
83,9,423.01,523.62,116.66,221.85,1,1,0.88574
83,10,632.25,458.46,131.39,182.49,1,1,0.8858
83,12,1107.78,544.03,96.29,172.28,1,1,0.89607
83,2,1343.01,558.2,104.13,190.02,1,1,0.89772
83,17,551.75,536.59,127.3,213.54,1,1,0.90581
83,18,361.61,529.29,88.96,184.62,1,1,0.81964
83,13,662.63,657.1,136.17,200.74,1,1,0.87156
83,19,1858.86,488.46,60.36,202.13,1,1,0.83067
84,0,827.46,531.83,117.82,223.67,1,1,0.90923
84,1,1578.39,492.62,144.35,206.83,1,1,0.9093
84,3,961.59,518.36,107.25,219.44,1,1,0.92242
84,4,245.47,510.59,124.8,225.38,1,1,0.87182
84,6,1644.89,363.42,111.65,184.0,1,1,0.90373
84,7,191.9,435.43,86.39,187.43,1,1,0.84743
84,8,1203.88,455.88,103.4,184.37,1,1,0.88441
84,9,418.28,523.38,106.95,218.56,1,1,0.87534
84,10,620.75,453.01,136.72,179.84,1,1,0.89105
84,12,1099.97,543.5,94.44,174.09,1,1,0.91146
84,2,1333.18,551.11,104.05,191.97,1,1,0.88981
84,17,541.87,531.43,125.17,207.81,1,1,0.90051
84,18,353.84,525.68,91.77,184.81,1,1,0.83173
84,13,652.39,650.11,129.26,198.56,1,1,0.88685
84,19,1851.61,495.05,67.59,196.06,1,1,0.8599
85,0,832.37,537.22,107.77,213.39,1,1,0.88976
85,1,1578.71,486.83,148.92,207.97,1,1,0.91428
85,3,953.0,513.35,107.41,217.39,1,1,0.92374
85,4,231.34,508.23,132.48,223.3,1,1,0.88639
85,6,1643.73,359.94,114.59,184.23,1,1,0.90608
85,7,184.02,433.26,89.78,186.46,1,1,0.86431
85,8,1197.63,452.85,111.98,183.22,1,1,0.89061
85,9,413.27,525.13,103.03,219.94,1,1,0.87791
85,10,610.1,449.35,135.6,172.52,1,1,0.88672
85,12,1089.8,542.89,93.96,172.58,1,1,0.91558
85,2,1319.85,545.88,107.84,189.81,1,1,0.85992
85,17,530.34,525.52,124.67,206.08,1,1,0.90151
85,18,357.94,519.67,85.0,184.88,1,1,0.82004
85,13,644.64,641.67,124.8,202.63,1,1,0.88569
85,19,1845.26,494.09,73.94,194.78,1,1,0.88209
85,11,741.84,524.93,74.61,196.01,1,1,0.84431
86,0,837.99,542.56,97.04,204.08,1,1,0.87305
86,1,1577.44,481.53,152.34,209.5,1,1,0.92087
86,3,947.54,508.19,103.85,217.11,1,1,0.92783
86,4,224.63,495.77,133.53,231.18,1,1,0.89665
86,6,1644.54,355.61,115.6,186.01,1,1,0.9035
86,7,177.3,431.49,92.42,180.64,1,1,0.82235
86,8,1188.01,449.43,123.16,183.98,1,1,0.88128
86,9,409.52,520.95,105.05,224.99,1,1,0.88694
86,10,600.95,447.28,128.12,168.33,1,1,0.88982
86,12,1075.55,542.1,97.9,171.79,1,1,0.91783
86,2,1304.35,541.11,115.66,188.77,1,1,0.88384
86,17,516.91,520.08,129.23,208.12,1,1,0.89086
86,18,355.62,508.77,88.31,193.93,1,1,0.84773
86,13,637.79,635.59,116.3,205.55,1,1,0.87798
86,19,1839.18,488.25,80.14,195.38,1,1,0.88765
86,11,736.52,518.97,80.58,192.83,1,1,0.87049
86,15,746.11,644.7,77.1,186.21,1,1,0.78974
87,0,835.87,544.71,95.04,197.75,1,1,0.69736
87,1,1575.04,475.75,154.43,208.92,1,1,0.93503
87,3,934.82,503.68,105.76,217.69,1,1,0.92164
87,4,219.83,489.74,137.63,232.71,1,1,0.91109
87,6,1645.82,351.3,111.52,186.2,1,1,0.91951
87,7,172.74,429.88,100.75,170.21,1,1,0.82668
87,8,1177.43,445.9,136.17,188.46,1,1,0.89634
87,9,404.01,516.89,104.68,226.89,1,1,0.90192
87,10,590.68,445.46,117.83,178.89,1,1,0.91939
87,12,1055.8,541.22,110.08,170.34,1,1,0.92418
87,2,1295.26,538.08,118.27,190.53,1,1,0.89947
87,17,505.39,515.61,131.26,213.25,1,1,0.90264
87,18,348.93,498.92,93.52,204.5,1,1,0.85679
87,13,631.37,629.77,121.46,207.68,1,1,0.89692
87,19,1830.34,482.34,89.1,197.1,1,1,0.91556
87,11,731.35,513.95,87.72,195.21,1,1,0.90643
88,1,1573.02,471.27,155.16,199.14,1,1,0.92638
88,3,923.63,500.76,107.7,219.61,1,1,0.92798
88,4,213.67,485.69,142.33,232.38,1,1,0.88546
88,6,1647.54,348.11,105.02,186.73,1,1,0.9164
88,7,168.72,428.21,101.22,163.19,1,1,0.66253
88,8,1166.0,442.07,144.49,189.89,1,1,0.90688
88,9,397.47,514.91,102.77,226.8,1,1,0.8967
88,10,580.13,445.82,104.32,181.78,1,1,0.93242
88,12,1040.44,538.42,126.08,172.3,1,1,0.91941
88,2,1288.65,538.81,121.29,186.76,1,1,0.91703
88,17,494.08,513.54,130.65,214.2,1,1,0.91017
88,18,340.65,492.15,98.68,212.66,1,1,0.86929
88,13,620.63,625.62,116.45,209.56,1,1,0.92011
88,19,1822.39,475.7,97.27,199.94,1,1,0.91649
88,11,725.34,511.59,95.51,196.08,1,1,0.90766
88,15,751.73,650.73,80.21,178.22,1,1,0.80444
89,1,1570.57,466.31,154.95,193.54,1,1,0.91687
89,3,916.17,497.41,107.19,221.04,1,1,0.91341
89,4,208.09,481.92,148.24,232.7,1,1,0.89652
89,6,1649.66,343.83,97.52,187.43,1,1,0.89827
89,7,163.72,425.28,99.48,158.97,1,1,0.71787
89,8,1157.11,439.5,146.85,189.74,1,1,0.90452
89,9,392.37,510.62,106.87,228.27,1,1,0.87249
89,10,570.54,443.61,101.79,182.71,1,1,0.92358
89,12,1028.85,534.14,139.79,174.2,1,1,0.91038
89,2,1281.39,538.42,125.78,187.85,1,1,0.9154
89,17,483.95,512.57,128.94,215.32,1,1,0.90285
89,18,332.53,488.43,103.33,211.57,1,1,0.79648
89,13,610.19,623.85,112.15,207.63,1,1,0.91504
89,19,1819.36,469.63,100.35,203.37,1,1,0.91118
89,11,717.1,509.64,100.53,193.87,1,1,0.86636
90,1,1568.41,460.95,151.54,190.83,1,1,0.9001
90,3,908.51,494.46,109.76,225.7,1,1,0.90293
90,4,201.32,478.72,151.39,228.73,1,1,0.89671
90,6,1652.34,340.06,91.26,187.92,1,1,0.88199
90,7,160.19,421.67,94.0,160.79,1,1,0.75583
90,8,1147.99,436.82,144.42,188.94,1,1,0.88725
90,9,384.49,507.28,115.89,227.2,1,1,0.85751
90,10,560.6,441.4,105.8,179.98,1,1,0.90839
90,12,1022.32,531.06,148.39,174.49,1,1,0.9128
90,2,1280.2,534.78,125.02,189.86,1,1,0.89603
90,17,474.98,512.91,129.23,215.09,1,1,0.88495
90,18,322.31,491.22,106.36,200.03,1,1,0.73037
90,13,600.3,619.22,116.87,209.08,1,1,0.89363
90,19,1819.67,464.66,100.05,202.5,1,1,0.90228
90,11,707.37,508.2,98.96,194.27,1,1,0.86118
90,15,767.5,625.39,118.38,203.06,1,1,0.7621
91,1,1566.49,454.3,144.32,193.25,1,1,0.89233
91,3,901.91,491.45,110.41,230.7,1,1,0.89122
91,4,191.66,474.62,151.12,229.16,1,1,0.88379
91,6,1654.87,336.56,89.76,189.51,1,1,0.87679
91,7,156.17,418.42,90.31,159.01,1,1,0.77819
91,8,1142.28,433.12,129.16,189.53,1,1,0.89275
91,9,381.78,504.84,121.48,226.23,1,1,0.85824
91,10,551.09,438.85,109.81,177.59,1,1,0.89507
91,12,1015.67,528.41,148.41,174.44,1,1,0.90537
91,2,1282.37,529.03,122.56,193.71,1,1,0.89733
91,17,470.97,511.17,125.2,213.92,1,1,0.86785
91,18,309.13,497.53,109.39,184.72,1,1,0.77374
91,13,591.28,613.89,121.96,208.65,1,1,0.85962
91,19,1823.36,459.0,96.35,203.41,1,1,0.8965
91,11,697.89,507.33,95.9,192.1,1,1,0.85679
91,21,767.57,508.62,84.21,185.76,1,1,0.84228
92,1,1564.35,447.32,138.01,195.86,1,1,0.90546
92,3,895.41,489.39,112.52,232.53,1,1,0.88914
92,4,180.28,471.7,147.09,230.17,1,1,0.86694
92,6,1657.84,333.8,89.47,190.02,1,1,0.88097
92,7,153.29,414.49,84.67,136.02,1,1,0.78944
92,8,1137.83,429.2,111.94,190.07,1,1,0.89043
92,9,378.07,500.95,123.24,226.06,1,1,0.85428
92,10,543.58,437.0,110.62,172.61,1,1,0.89722
92,12,1012.47,528.22,143.58,172.12,1,1,0.90109
92,2,1286.89,521.66,119.98,198.68,1,1,0.90548
92,17,467.49,508.89,120.33,213.36,1,1,0.86968
92,18,293.52,510.13,113.14,171.3,1,1,0.82868
92,13,583.5,607.44,127.43,208.7,1,1,0.8828
92,19,1829.52,453.63,90.12,201.0,1,1,0.88969
92,11,684.69,506.88,98.99,191.17,1,1,0.84953
92,21,762.96,504.17,97.12,196.83,1,1,0.8589
92,5,351.54,473.21,72.93,211.77,1,1,0.76654
92,15,777.19,629.97,129.88,190.48,1,1,0.81659
93,1,1561.6,440.26,137.1,195.84,1,1,0.93468
93,3,894.37,487.98,107.21,230.08,1,1,0.90361
93,4,177.69,469.77,128.74,227.4,1,1,0.84562
93,6,1662.06,331.04,88.41,190.17,1,1,0.8899
93,7,152.8,410.98,79.01,160.11,1,1,0.76766
93,8,1132.29,424.62,102.01,189.61,1,1,0.89655
93,9,377.71,494.78,119.72,225.92,1,1,0.86055
93,10,537.45,434.31,108.44,166.39,1,1,0.90947
93,12,1012.94,527.77,141.96,168.34,1,1,0.9011
93,2,1292.8,520.14,117.67,193.6,1,1,0.92574
93,17,462.38,503.54,117.55,214.67,1,1,0.87995
93,18,280.88,513.81,121.77,171.02,1,1,0.81727
93,13,575.78,602.1,125.51,198.15,1,1,0.89464
93,19,1833.52,449.66,86.22,198.61,1,1,0.8988
93,11,675.95,507.65,99.46,188.68,1,1,0.85834
93,21,759.1,502.21,106.79,215.82,1,1,0.87514
94,1,1559.1,430.24,141.55,203.08,1,1,0.92676
94,3,897.76,485.61,97.4,227.09,1,1,0.89808
94,4,176.57,468.97,113.68,223.79,1,1,0.82496
94,6,1664.96,329.05,90.66,188.11,1,1,0.88727
94,7,152.35,408.15,73.55,174.61,1,1,0.74159
94,8,1127.48,420.46,104.49,189.98,1,1,0.89117
94,9,375.16,490.28,113.61,222.12,1,1,0.84445
94,10,531.84,431.67,105.33,158.86,1,1,0.89444
94,12,1013.91,528.2,138.5,163.62,1,1,0.86616
94,2,1294.0,515.95,122.11,192.57,1,1,0.91715
94,17,459.25,497.98,115.41,212.57,1,1,0.88129
94,18,270.1,512.68,115.45,173.68,1,1,0.73657
94,13,570.92,597.41,123.37,191.31,1,1,0.9004
94,19,1830.94,447.27,88.97,196.18,1,1,0.88953
94,11,665.13,506.64,105.77,189.15,1,1,0.8419
94,21,754.92,498.69,115.68,224.99,1,1,0.8765
94,5,341.2,465.05,77.3,212.94,1,1,0.7248
95,1,1555.52,419.83,146.25,209.69,1,1,0.93282
95,3,901.93,482.86,89.53,224.48,1,1,0.90737
95,4,169.37,466.75,106.77,221.09,1,1,0.86169
95,6,1666.91,327.87,92.36,185.23,1,1,0.89149
95,7,148.5,405.66,68.62,173.34,1,1,0.78896
95,8,1119.1,417.46,113.13,192.13,1,1,0.90443
95,9,374.4,486.1,108.45,219.69,1,1,0.84324
95,10,526.04,430.46,97.99,157.4,1,1,0.89198
95,12,1017.17,527.92,139.79,160.37,1,1,0.87015
95,2,1298.92,513.25,123.07,190.57,1,1,0.91459
95,17,455.61,492.44,113.5,214.11,1,1,0.88967
95,18,254.43,510.42,120.91,174.63,1,1,0.80542
95,13,566.55,594.35,112.05,185.22,1,1,0.90369
95,19,1825.78,446.28,93.28,193.29,1,1,0.89131
95,11,648.48,506.58,116.59,191.34,1,1,0.87934
95,21,746.37,497.16,132.42,227.64,1,1,0.91122
95,5,337.5,463.78,78.25,211.45,1,1,0.76574
96,1,1550.44,410.33,148.02,204.37,1,1,0.91937
96,3,905.92,480.42,86.68,223.4,1,1,0.87576
96,4,158.85,461.92,114.03,220.25,1,1,0.87987
96,6,1664.92,327.69,98.94,180.47,1,1,0.89274
96,7,141.62,403.48,69.29,162.99,1,1,0.81579
96,8,1107.9,415.62,122.37,185.92,1,1,0.90368
96,9,371.48,483.88,106.24,220.51,1,1,0.86973
96,10,519.4,428.5,92.69,155.41,1,1,0.89895
96,12,1020.96,526.96,132.09,160.26,1,1,0.85586
96,2,1307.43,509.26,121.18,188.55,1,1,0.90177
96,17,451.5,487.97,111.79,218.09,1,1,0.88849
96,18,250.5,503.1,126.6,178.41,1,1,0.85382
96,13,557.85,592.52,111.27,181.4,1,1,0.90045
96,19,1814.47,446.32,102.08,188.11,1,1,0.87929
96,11,635.33,506.58,123.86,191.1,1,1,0.88559
96,21,740.5,497.47,135.69,225.46,1,1,0.84449
97,1,1544.58,401.32,145.85,203.06,1,1,0.90225
97,3,911.68,482.62,82.65,212.97,1,1,0.84745
97,4,151.31,453.51,125.17,225.06,1,1,0.9159
97,6,1662.6,327.51,106.56,177.06,1,1,0.88944
97,7,128.9,400.52,76.35,167.09,1,1,0.87013
97,8,1096.93,414.2,129.92,177.23,1,1,0.90466
97,9,367.58,484.63,105.42,214.23,1,1,0.88413
97,10,514.07,426.92,83.96,160.99,1,1,0.89843
97,12,1015.52,526.3,139.54,165.61,1,1,0.89396
97,2,1315.18,508.29,119.04,188.07,1,1,0.90254
97,17,448.12,484.75,106.84,223.05,1,1,0.89957
97,18,249.52,497.57,124.57,181.16,1,1,0.85435
97,13,542.9,588.49,125.32,182.49,1,1,0.90171
97,19,1814.32,446.28,102.27,186.13,1,1,0.87209
97,11,628.15,506.99,126.69,188.61,1,1,0.87629
97,21,734.46,497.53,127.12,222.59,1,1,0.89528
97,22,0.65,434.91,41.87,204.92,1,1,0.83353
98,1,1535.55,394.4,143.43,203.76,1,1,0.88579
98,3,920.73,491.02,71.84,162.98,1,1,0.72502
98,4,142.4,447.32,136.45,227.03,1,1,0.90834
98,6,1659.98,327.21,115.43,175.11,1,1,0.88525
98,7,117.68,397.42,81.42,172.31,1,1,0.87555
98,8,1089.39,412.99,132.4,169.04,1,1,0.89004
98,9,361.86,485.56,105.52,209.53,1,1,0.8798
98,10,508.51,425.43,79.64,167.53,1,1,0.88472
98,12,1017.48,524.61,142.15,169.1,1,1,0.904
98,2,1320.03,507.06,120.8,183.95,1,1,0.90879
98,17,445.95,481.72,102.63,225.57,1,1,0.88724
98,18,245.07,492.56,132.55,180.88,1,1,0.84391
98,13,528.75,584.21,141.62,182.87,1,1,0.89565
98,19,1814.6,445.78,103.6,183.48,1,1,0.87836
98,11,621.71,508.45,129.96,183.55,1,1,0.88768
98,21,729.16,497.32,125.43,220.55,1,1,0.89821
98,22,1.29,436.14,60.27,188.82,1,1,0.87707
99,1,1531.98,389.05,136.46,206.01,1,1,0.88535
99,3,888.15,479.27,98.62,186.35,1,1,0.7485
99,4,131.49,443.3,141.76,225.83,1,1,0.91026
99,6,1660.13,326.82,120.46,174.05,1,1,0.88851
99,7,114.01,396.92,79.57,172.79,1,1,0.88027
99,8,1082.75,413.43,130.75,166.53,1,1,0.86721
99,9,352.56,482.72,115.92,211.87,1,1,0.88325
99,10,504.66,424.33,75.79,167.37,1,1,0.89338
99,12,1016.21,524.98,140.43,169.93,1,1,0.89953
99,2,1326.08,505.37,128.33,183.42,1,1,0.89655
99,17,442.1,477.42,101.38,227.83,1,1,0.89921
99,18,241.7,487.36,131.83,181.94,1,1,0.8367
99,13,510.42,578.02,162.17,184.41,1,1,0.90464
99,19,1812.34,445.09,104.13,181.29,1,1,0.86478
99,11,621.8,510.3,125.75,177.4,1,1,0.86355
99,21,723.22,498.34,130.99,224.35,1,1,0.88289
99,22,1.66,438.08,83.87,177.76,1,1,0.89987
99,15,874.52,613.99,133.13,208.79,1,1,0.88985
100,1,1531.01,385.97,120.97,208.28,1,1,0.86668
100,3,869.33,475.25,79.85,197.19,1,1,0.65229
100,4,124.56,442.97,144.64,225.16,1,1,0.9015
100,6,1662.4,326.32,124.29,174.15,1,1,0.88508
100,8,1073.17,416.42,125.12,165.43,1,1,0.84939
100,9,344.85,485.51,122.72,209.88,1,1,0.86736
100,10,500.85,424.16,73.54,159.45,1,1,0.86755
100,12,1012.41,527.42,138.0,170.62,1,1,0.88098
100,2,1334.26,501.63,139.78,183.77,1,1,0.88555
100,17,439.51,474.65,97.99,227.74,1,1,0.86528
100,18,237.8,485.96,128.03,178.71,1,1,0.79244
100,13,488.24,574.7,180.43,184.13,1,1,0.88716
100,19,1809.42,443.76,102.55,182.2,1,1,0.85175
100,11,615.37,511.83,127.64,174.13,1,1,0.84947
100,21,717.19,498.97,132.68,227.36,1,1,0.885
100,22,1.62,437.85,110.64,197.81,1,1,0.90025
100,15,887.7,614.48,134.93,209.35,1,1,0.85636
101,1,1533.35,383.84,106.71,210.23,1,1,0.85887
101,3,854.85,471.37,82.5,204.18,1,1,0.83497
101,4,121.67,443.63,139.13,227.18,1,1,0.88036
101,6,1666.74,325.34,124.49,174.82,1,1,0.89189
101,8,1062.53,418.14,119.96,156.02,1,1,0.83692
101,9,336.02,487.2,130.35,209.95,1,1,0.83931
101,10,497.78,423.89,72.77,160.57,1,1,0.85694
101,12,1009.04,527.5,131.9,167.66,1,1,0.85464
101,2,1341.31,495.83,151.52,187.1,1,1,0.89047
101,17,435.42,471.61,97.69,221.44,1,1,0.8254
101,18,231.29,484.21,121.36,183.79,1,1,0.84553
101,13,473.7,573.93,185.14,185.26,1,1,0.89184
101,19,1807.26,443.25,103.21,183.31,1,1,0.85651
101,11,609.44,511.49,131.09,174.2,1,1,0.85127
101,21,711.97,498.79,139.88,225.46,1,1,0.8903
101,22,1.9,436.84,136.32,204.61,1,1,0.88415
101,15,898.49,616.32,142.37,209.26,1,1,0.88401
102,1,1534.04,382.51,97.99,213.39,1,1,0.87151
102,3,845.86,469.27,92.71,208.63,1,1,0.86565
102,4,119.36,443.6,125.12,226.39,1,1,0.86291
102,6,1671.68,324.51,119.86,174.56,1,1,0.89035
102,8,1056.84,421.91,117.98,145.4,1,1,0.83675
102,9,329.99,488.45,141.85,208.08,1,1,0.82634
102,10,494.54,425.22,72.22,153.78,1,1,0.84897
102,12,1025.6,529.65,110.97,167.02,1,1,0.84526
102,2,1349.69,489.12,157.08,191.98,1,1,0.88942
102,17,429.77,469.7,99.97,205.95,1,1,0.75894
102,18,226.18,483.2,120.64,187.54,1,1,0.84637
102,13,466.24,567.92,176.19,190.42,1,1,0.87127
102,19,1806.71,445.13,100.29,181.24,1,1,0.85172
102,11,610.0,510.46,130.19,174.62,1,1,0.84481
102,21,706.41,498.79,143.06,221.11,1,1,0.88543
102,22,13.8,432.17,150.99,204.95,1,1,0.75485
102,15,907.87,617.26,150.85,210.26,1,1,0.89892
103,1,1532.13,380.96,93.0,216.09,1,1,0.85707
103,3,837.28,466.89,108.27,215.67,1,1,0.88785
103,4,116.99,438.5,111.91,231.31,1,1,0.84702
103,6,1675.27,323.59,111.16,175.0,1,1,0.88147
103,8,1053.27,426.18,110.08,136.33,1,1,0.82506
103,9,323.67,488.07,136.19,207.64,1,1,0.81083
103,10,491.95,428.31,73.4,148.83,1,1,0.84285
103,12,1039.83,529.31,99.34,169.34,1,1,0.80317
103,2,1354.46,481.86,166.36,199.6,1,1,0.89612
103,17,424.62,469.22,102.33,183.24,1,1,0.73063
103,18,214.69,481.09,117.43,189.33,1,1,0.85821
103,13,460.31,559.55,158.23,197.55,1,1,0.87664
103,19,1796.27,447.47,111.68,180.96,1,1,0.8571
103,11,614.31,510.55,124.39,174.27,1,1,0.83143
103,21,703.18,500.73,142.2,217.57,1,1,0.891
103,15,919.48,619.52,158.7,212.62,1,1,0.89551
104,1,1523.33,378.31,100.85,214.22,1,1,0.85565
104,3,830.69,465.77,117.94,218.89,1,1,0.91095
104,4,109.95,436.44,105.17,232.86,1,1,0.83298
104,6,1677.47,322.74,103.51,175.63,1,1,0.86918
104,8,1052.67,429.11,103.31,133.31,1,1,0.82406
104,9,317.45,487.91,126.53,206.8,1,1,0.81953
104,10,490.54,430.53,73.91,155.71,1,1,0.83124
104,12,1046.99,526.69,97.5,154.27,1,1,0.79665
104,2,1364.38,476.94,168.58,204.83,1,1,0.88093
104,18,209.74,478.8,111.26,190.55,1,1,0.8698
104,13,450.07,550.88,139.74,205.18,1,1,0.80576
104,19,1787.25,449.67,125.77,178.71,1,1,0.87617
104,21,695.86,503.7,137.4,210.73,1,1,0.84725
104,15,958.93,621.7,141.51,216.7,1,1,0.86142
105,1,1522.29,376.39,101.13,213.89,1,1,0.85677
105,3,825.99,465.82,121.42,218.44,1,1,0.93771
105,4,100.76,431.7,103.89,235.33,1,1,0.8822
105,6,1681.39,322.68,98.15,175.43,1,1,0.88685
105,8,1045.71,432.2,104.38,146.73,1,1,0.8569
105,9,312.7,481.46,122.73,212.83,1,1,0.87245
105,10,490.94,432.46,73.3,162.26,1,1,0.8566
105,12,1045.5,528.47,108.13,165.13,1,1,0.84468
105,2,1380.1,472.93,160.07,206.3,1,1,0.90557
105,18,210.07,476.35,106.11,192.49,1,1,0.89113
105,13,437.65,554.35,121.49,199.21,1,1,0.85636
105,19,1777.91,452.05,137.77,176.59,1,1,0.90164
105,21,685.02,506.62,129.29,204.96,1,1,0.8282
105,15,981.66,623.97,140.74,225.99,1,1,0.89877
105,17,410.94,467.32,120.99,205.64,1,1,0.79348
106,1,1529.35,374.51,94.31,211.96,1,1,0.84721
106,3,822.22,465.92,123.33,219.92,1,1,0.93248
106,4,92.67,426.79,106.06,238.33,1,1,0.89758
106,6,1682.93,322.66,99.59,176.47,1,1,0.88207
106,8,1024.73,436.48,122.89,163.11,1,1,0.88551
106,9,312.86,476.04,119.04,215.49,1,1,0.86864
106,10,490.82,434.36,72.47,157.92,1,1,0.85653
106,12,1042.84,529.18,119.93,160.01,1,1,0.86595
106,2,1402.68,475.48,148.71,201.26,1,1,0.90178
106,18,209.12,473.5,105.51,196.99,1,1,0.86285
106,13,423.55,551.3,110.79,200.02,1,1,0.83949
106,19,1774.96,454.71,143.54,174.53,1,1,0.9127
106,21,669.66,507.66,130.57,203.33,1,1,0.82511
106,15,998.72,623.53,145.66,242.61,1,1,0.90152
107,1,1534.95,369.58,90.68,209.02,1,1,0.84706
107,3,820.33,466.84,123.1,219.72,1,1,0.94173
107,4,86.15,424.48,111.99,240.18,1,1,0.91871
107,6,1683.85,323.45,102.91,176.95,1,1,0.90119
107,8,1017.69,439.76,128.82,167.91,1,1,0.89088
107,9,310.08,472.17,116.61,211.08,1,1,0.87593
107,10,490.21,436.5,71.26,175.77,1,1,0.88094
107,12,1045.12,531.15,127.73,157.68,1,1,0.88439
107,2,1432.34,471.41,140.07,203.2,1,1,0.88124
107,18,200.51,473.28,106.77,199.1,1,1,0.90872
107,13,412.73,550.64,108.91,197.72,1,1,0.86021
107,19,1778.97,458.49,140.69,168.83,1,1,0.92906
107,21,671.12,507.51,123.47,201.77,1,1,0.88614
107,15,1015.33,623.39,150.35,249.78,1,1,0.89752
107,23,1.1,403.99,46.59,186.6,1,1,0.88229
107,17,406.33,468.58,122.22,210.71,1,1,0.78429
108,1,1528.67,372.81,99.02,202.74,1,1,0.84546
108,3,818.93,468.45,123.31,217.51,1,1,0.93357
108,4,78.36,423.07,116.91,236.18,1,1,0.89743
108,6,1682.86,324.47,108.98,175.83,1,1,0.8916
108,8,1019.17,442.72,126.92,169.24,1,1,0.88123
108,9,308.57,472.2,114.83,206.72,1,1,0.84163
108,10,491.63,439.08,68.29,184.72,1,1,0.86135
108,12,1047.93,534.2,135.81,159.44,1,1,0.88535
108,2,1464.16,470.48,125.7,202.5,1,1,0.87826
108,18,191.12,474.74,108.23,198.89,1,1,0.91024
108,13,408.13,551.47,97.61,196.29,1,1,0.88288
108,19,1784.46,462.09,135.82,166.2,1,1,0.91787
108,21,661.74,506.43,136.9,201.13,1,1,0.92804
108,15,1041.28,624.82,148.63,249.5,1,1,0.89512
108,23,2.27,399.53,62.86,182.08,1,1,0.8912
108,17,406.84,471.56,121.68,206.24,1,1,0.79162
109,1,1506.45,375.35,123.39,196.32,1,1,0.8692
109,3,817.8,470.21,122.91,216.2,1,1,0.93241
109,4,73.31,423.37,113.7,229.13,1,1,0.88694
109,6,1682.04,325.81,117.03,173.91,1,1,0.89566
109,8,1027.38,444.33,123.29,168.66,1,1,0.87106
109,9,303.52,472.88,114.78,204.67,1,1,0.80319
109,10,493.03,440.15,67.12,189.59,1,1,0.8298
109,12,1055.44,536.71,139.2,160.55,1,1,0.89789
109,2,1482.75,477.06,130.32,195.75,1,1,0.88045
109,18,184.63,475.48,104.21,201.16,1,1,0.89604
109,13,399.95,552.06,99.43,195.39,1,1,0.90275
109,19,1793.7,465.93,127.05,163.59,1,1,0.90774
109,21,652.19,502.38,154.5,205.46,1,1,0.92973
109,15,1074.78,623.95,141.71,244.57,1,1,0.8928
109,23,2.87,394.7,82.78,181.95,1,1,0.8945
109,17,406.15,473.19,129.93,207.61,1,1,0.79321
109,25,279.87,413.94,99.03,137.15,1,1,0.76582
110,1,1499.95,377.06,138.02,194.66,1,1,0.87519
110,3,818.62,472.39,122.38,215.84,1,1,0.91039
110,4,69.98,427.36,106.67,223.32,1,1,0.86587
110,6,1682.53,327.63,123.4,172.37,1,1,0.89476
110,8,1035.21,444.97,123.92,167.91,1,1,0.87841
110,9,296.5,471.85,116.48,206.61,1,1,0.79988
110,10,493.67,441.14,70.82,189.5,1,1,0.83002
110,12,1069.44,538.78,137.81,163.81,1,1,0.89765
110,2,1496.38,482.22,141.46,192.01,1,1,0.87839
110,18,177.89,477.97,110.32,200.76,1,1,0.86317
110,13,382.05,554.94,120.13,190.08,1,1,0.86937
110,19,1802.91,468.33,118.01,161.89,1,1,0.8955
110,21,646.64,500.15,167.9,207.43,1,1,0.8886
110,15,1108.39,623.18,134.88,239.82,1,1,0.89269
110,23,3.14,391.02,103.56,188.51,1,1,0.85784
110,17,410.53,475.74,134.07,205.18,1,1,0.78159
110,25,302.93,412.65,107.35,106.98,1,1,0.76784
111,1,1505.27,375.93,141.55,195.23,1,1,0.86357
111,3,818.4,474.54,123.95,212.35,1,1,0.92982
111,4,67.51,431.16,97.34,218.11,1,1,0.86238
111,6,1686.52,327.79,124.24,171.83,1,1,0.89401
111,8,1044.08,445.28,127.14,167.22,1,1,0.87931
111,9,299.4,469.56,107.21,211.23,1,1,0.81105
111,10,494.93,442.67,76.25,185.4,1,1,0.84956
111,12,1089.3,539.25,131.19,165.33,1,1,0.89974
111,2,1510.74,483.23,148.96,190.03,1,1,0.88481
111,18,174.55,480.75,109.0,198.32,1,1,0.89399
111,13,363.23,560.05,144.97,181.61,1,1,0.87573
111,19,1812.27,468.97,108.63,159.27,1,1,0.89725
111,21,651.03,500.64,144.78,204.73,1,1,0.87762
111,15,1137.22,619.97,132.24,240.33,1,1,0.88116
111,23,12.34,390.65,117.21,177.21,1,1,0.80732
111,17,415.34,478.06,132.24,199.52,1,1,0.79068
111,25,347.31,409.22,92.73,120.68,1,1,0.81834
112,1,1513.4,374.89,144.17,197.7,1,1,0.85731
112,3,819.27,475.98,127.38,210.45,1,1,0.90968
112,4,64.88,432.84,92.93,218.27,1,1,0.83795
112,6,1692.99,326.61,120.98,172.5,1,1,0.88955
112,8,1053.64,443.92,131.09,168.95,1,1,0.87916
112,9,305.83,471.44,94.61,201.79,1,1,0.81897
112,10,496.17,442.83,85.16,185.47,1,1,0.86761
112,12,1110.47,538.43,125.75,169.58,1,1,0.89551
112,2,1530.55,484.75,149.7,190.38,1,1,0.86344
112,18,168.05,482.99,112.37,197.99,1,1,0.87663
112,13,349.58,561.78,164.58,178.17,1,1,0.88315
112,19,1820.94,468.48,99.95,160.81,1,1,0.88158
112,21,658.88,500.66,123.03,203.28,1,1,0.86206
112,15,1163.02,617.25,135.98,244.3,1,1,0.87396
112,17,419.6,481.8,127.16,192.29,1,1,0.82063
112,25,380.75,407.78,85.11,129.99,1,1,0.84161
112,26,726.1,493.19,124.22,192.76,1,1,0.83906
112,27,1.8,719.06,33.76,261.78,1,1,0.66036
113,1,1521.33,371.85,150.41,197.6,1,1,0.87765
113,3,822.23,477.62,123.87,202.1,1,1,0.92503
113,4,61.42,432.14,89.6,217.96,1,1,0.83746
113,6,1699.08,325.08,115.93,173.02,1,1,0.89904
113,8,1063.33,440.46,135.36,172.57,1,1,0.88661
113,9,308.51,475.55,90.57,194.36,1,1,0.83015
113,10,495.71,441.99,94.53,185.79,1,1,0.87936
113,12,1127.9,537.27,124.97,173.7,1,1,0.90478
113,2,1549.68,486.99,151.58,188.55,1,1,0.86812
113,18,157.53,484.07,119.36,195.28,1,1,0.89271
113,13,344.24,564.17,176.2,174.63,1,1,0.89702
113,19,1829.94,465.91,90.62,163.97,1,1,0.85973
113,21,669.0,500.52,106.0,201.05,1,1,0.89906
113,15,1175.85,615.64,149.62,250.83,1,1,0.89411
113,17,412.93,480.93,125.43,187.53,1,1,0.82489
113,25,405.41,408.27,84.7,124.41,1,1,0.84327
113,26,739.46,493.35,119.64,187.79,1,1,0.87851
114,1,1528.22,368.12,149.21,200.85,1,1,0.89784
114,3,830.43,479.16,117.65,200.87,1,1,0.91669
114,4,44.92,421.39,87.55,225.37,1,1,0.73442
114,6,1706.29,323.0,111.05,171.74,1,1,0.8969
114,8,1072.26,436.68,139.17,175.0,1,1,0.89035
114,9,306.26,477.77,86.23,196.68,1,1,0.82734
114,10,486.02,430.29,112.46,197.36,1,1,0.83283
114,12,1141.46,535.45,127.86,181.54,1,1,0.90467
114,2,1573.6,481.32,148.05,193.77,1,1,0.88981
114,18,147.38,484.52,125.81,193.74,1,1,0.90828
114,13,340.48,552.13,178.35,190.28,1,1,0.90583
114,19,1837.67,448.66,82.43,182.02,1,1,0.81295
114,21,677.78,499.17,100.48,201.64,1,1,0.90169
114,15,1199.74,616.71,152.84,251.72,1,1,0.90537
114,17,411.69,475.13,116.38,199.22,1,1,0.82802
114,26,750.23,490.68,115.6,190.7,1,1,0.8767
114,7,76.22,427.52,75.91,218.43,1,1,0.75222
115,1,1540.19,363.46,141.3,199.29,1,1,0.89112
115,3,837.74,480.77,111.51,200.19,1,1,0.92551
115,4,24.18,421.37,118.14,224.83,1,1,0.88643
115,6,1713.79,321.49,106.7,171.15,1,1,0.88704
115,8,1101.28,433.89,123.82,175.97,1,1,0.81991
115,9,301.74,478.14,84.45,195.66,1,1,0.85653
115,10,481.38,415.84,124.52,211.87,1,1,0.88385
115,12,1152.55,533.82,132.07,188.61,1,1,0.90783
115,2,1608.48,480.91,132.68,193.91,1,1,0.88777
115,18,137.72,485.9,133.29,192.56,1,1,0.90652
115,13,339.44,550.32,139.41,193.78,1,1,0.87474
115,19,1846.04,434.6,73.48,196.67,1,1,0.80606
115,21,686.27,496.19,98.02,203.98,1,1,0.90601
115,15,1238.26,619.49,138.97,253.46,1,1,0.88362
115,17,407.37,469.99,116.56,219.78,1,1,0.88204
115,26,755.95,488.36,116.98,191.79,1,1,0.87436
115,28,143.62,378.41,99.2,154.85,1,1,0.84026
116,1,1548.94,362.08,134.51,189.99,1,1,0.9033
116,3,840.37,483.41,106.68,197.25,1,1,0.93961
116,4,13.6,421.72,132.36,223.74,1,1,0.88711
116,6,1720.34,320.73,104.15,169.1,1,1,0.89189
116,8,1106.77,432.76,129.86,175.54,1,1,0.87072
116,9,294.38,476.65,88.23,195.99,1,1,0.87936
116,10,478.47,424.64,129.78,201.52,1,1,0.90797
116,12,1164.28,533.9,132.94,191.79,1,1,0.91014
116,2,1630.53,480.92,129.4,193.47,1,1,0.88631
116,18,126.8,488.13,143.23,191.56,1,1,0.91646
116,13,333.63,547.64,119.01,196.27,1,1,0.88527
116,19,1860.17,430.13,58.73,199.27,1,1,0.78997
116,21,690.79,493.72,97.62,203.54,1,1,0.91906
116,15,1274.08,620.75,129.5,250.31,1,1,0.88857
116,17,403.78,468.06,116.01,225.48,1,1,0.90528
116,26,755.72,487.43,124.93,192.68,1,1,0.88281
116,28,155.72,375.42,105.27,147.04,1,1,0.90473
117,1,1556.28,361.65,132.62,184.73,1,1,0.89883
117,3,838.97,485.74,108.08,195.99,1,1,0.91727
117,4,4.83,423.69,141.35,220.3,1,1,0.88205
117,6,1726.64,320.27,102.61,167.31,1,1,0.88725
117,8,1119.17,431.75,129.16,179.64,1,1,0.8844
117,9,283.33,475.19,95.2,193.93,1,1,0.82916
117,10,472.46,431.02,133.87,193.17,1,1,0.88461
117,12,1182.53,535.62,126.97,190.91,1,1,0.9165
117,2,1641.59,484.87,139.03,190.28,1,1,0.88652
117,18,121.53,491.15,149.03,190.23,1,1,0.90975
117,13,320.01,547.14,114.95,196.75,1,1,0.89436
117,19,1880.12,433.05,38.52,194.97,1,1,0.69819
117,21,691.93,491.23,99.22,201.41,1,1,0.88553
117,15,1296.61,621.14,131.77,244.88,1,1,0.89798
117,17,399.67,467.95,116.83,223.94,1,1,0.8866
117,26,756.21,486.49,129.35,193.96,1,1,0.86793
117,28,173.33,376.21,112.8,143.57,1,1,0.87527
117,25,521.08,395.29,85.91,166.44,1,1,0.8627
118,1,1560.39,361.14,134.3,181.78,1,1,0.90906
118,3,840.5,485.2,107.98,197.75,1,1,0.89678
118,4,-0.03,425.41,141.4,218.75,1,1,0.90034
118,6,1730.89,319.8,102.4,165.29,1,1,0.88928
118,8,1129.14,433.45,127.59,179.93,1,1,0.90827
118,9,273.41,473.86,97.31,191.23,1,1,0.70853
118,10,462.47,431.5,135.02,187.52,1,1,0.87013
118,12,1193.79,538.69,126.2,187.75,1,1,0.92194
118,2,1648.0,483.99,151.85,190.55,1,1,0.89175
118,18,123.4,490.18,145.05,192.65,1,1,0.90754
118,13,307.99,547.86,110.37,195.21,1,1,0.89447
118,21,690.91,486.69,99.86,199.71,1,1,0.88603
118,15,1308.92,619.19,141.72,243.74,1,1,0.90538
118,17,401.39,467.75,114.51,220.45,1,1,0.89686
118,26,756.47,483.87,132.81,197.93,1,1,0.86457
118,28,198.79,374.66,110.44,139.81,1,1,0.91595
118,25,536.61,392.64,96.28,182.65,1,1,0.89458
119,1,1563.3,360.48,137.82,181.99,1,1,0.90426
119,3,841.52,482.91,109.91,202.71,1,1,0.87997
119,4,-3.4,425.89,135.56,217.79,1,1,0.91241
119,6,1734.07,319.12,102.48,165.27,1,1,0.87236
119,8,1134.25,435.63,131.38,179.11,1,1,0.90474
119,10,453.0,430.16,129.84,183.02,1,1,0.80867
119,12,1201.63,541.47,128.54,185.91,1,1,0.91579
119,2,1661.68,482.57,156.93,189.62,1,1,0.87353
119,18,126.0,494.98,131.06,190.1,1,1,0.87326
119,13,287.96,543.79,117.12,198.44,1,1,0.81246
119,21,685.15,481.27,105.47,204.49,1,1,0.83498
119,15,1319.69,617.7,154.53,242.65,1,1,0.89367
119,17,404.89,468.75,108.5,215.68,1,1,0.85969
119,26,761.88,479.05,126.96,203.39,1,1,0.82088
119,28,220.73,370.34,107.82,150.45,1,1,0.90196
119,25,548.91,389.54,109.5,191.96,1,1,0.83952
119,29,326.72,430.62,67.33,152.34,1,1,0.76227
120,1,1566.52,359.82,141.93,182.38,1,1,0.9023
120,3,842.02,481.28,111.24,203.62,1,1,0.87922
120,4,-5.34,424.99,122.9,218.9,1,1,0.91517
120,6,1733.22,319.59,107.07,163.11,1,1,0.87433
120,8,1138.8,438.0,136.63,176.72,1,1,0.89428
120,10,441.8,429.0,115.01,178.09,1,1,0.70557
120,12,1205.46,542.98,133.93,188.32,1,1,0.90503
120,2,1673.52,478.65,160.61,189.42,1,1,0.87829
120,18,125.54,500.21,129.12,185.76,1,1,0.8921
120,13,272.26,540.35,124.9,200.53,1,1,0.87222
120,21,675.11,476.97,120.43,207.81,1,1,0.85684
120,15,1343.8,616.54,151.08,240.81,1,1,0.88973
120,17,407.34,469.13,103.6,211.06,1,1,0.85908
120,26,767.82,475.98,122.04,204.64,1,1,0.79712
120,28,241.3,366.8,105.16,136.63,1,1,0.89261
120,25,562.66,387.61,119.88,195.91,1,1,0.83235
120,29,325.52,433.78,69.14,180.36,1,1,0.69483
121,1,1568.22,357.05,147.02,185.63,1,1,0.90584
121,3,838.3,478.21,113.54,207.01,1,1,0.89308
121,4,-5.79,423.53,106.29,219.25,1,1,0.91249
121,6,1729.8,320.1,115.12,160.88,1,1,0.88593
121,8,1142.44,438.65,143.19,177.13,1,1,0.90278
121,12,1204.79,543.98,145.06,194.05,1,1,0.90537
121,2,1688.82,473.49,160.42,191.16,1,1,0.88804
121,18,119.64,504.37,124.78,180.96,1,1,0.88512
121,13,251.4,537.04,139.1,203.79,1,1,0.88949
121,21,662.77,474.68,135.49,208.87,1,1,0.88194
121,15,1367.66,615.8,147.38,244.31,1,1,0.89073
121,17,409.65,468.02,105.89,209.06,1,1,0.87259
121,26,769.43,472.77,117.99,203.88,1,1,0.76543
121,28,260.73,363.42,102.61,128.92,1,1,0.8895
121,25,586.87,385.68,120.24,197.88,1,1,0.91552
121,29,320.91,438.33,73.55,200.57,1,1,0.76444
122,1,1570.7,353.03,150.92,188.38,1,1,0.90114
122,3,836.87,477.42,109.39,206.86,1,1,0.89719
122,4,-5.34,421.77,97.34,219.76,1,1,0.91494
122,6,1728.27,320.53,120.7,159.74,1,1,0.89229
122,8,1146.3,439.02,148.45,177.95,1,1,0.91134
122,12,1206.58,545.54,153.45,193.69,1,1,0.92043
122,2,1715.98,471.09,149.14,193.72,1,1,0.89145
122,18,107.56,507.16,126.13,177.51,1,1,0.90239
122,13,231.25,533.51,143.67,205.01,1,1,0.90321
122,21,652.66,473.78,145.51,208.9,1,1,0.87913
122,15,1402.36,615.8,133.23,243.27,1,1,0.88127
122,17,408.74,467.86,104.29,207.65,1,1,0.8661
122,26,769.97,471.47,116.9,202.61,1,1,0.77774
122,28,276.65,360.84,103.02,125.45,1,1,0.87879
122,25,602.24,384.08,129.56,197.75,1,1,0.91755
122,29,319.73,442.96,75.53,202.74,1,1,0.84212
122,9,244.59,465.67,94.86,147.41,1,1,0.65622
123,1,1583.56,349.41,143.25,184.23,1,1,0.88046
123,3,833.81,476.29,104.91,207.71,1,1,0.89022
123,4,-5.21,419.49,91.32,221.48,1,1,0.89982
123,6,1726.99,319.77,123.85,160.32,1,1,0.89116
123,8,1150.71,438.49,149.5,183.07,1,1,0.89925
123,12,1212.17,547.26,157.98,195.82,1,1,0.91151
123,2,1746.88,470.6,136.58,193.64,1,1,0.89293
123,18,89.67,507.85,131.78,176.85,1,1,0.88961
123,13,210.41,532.91,140.33,203.08,1,1,0.90366
123,21,647.7,473.16,147.32,208.8,1,1,0.87349
123,15,1433.52,616.17,123.08,242.38,1,1,0.87821
123,17,402.65,466.2,106.96,209.12,1,1,0.88039
123,26,768.54,470.47,114.77,200.83,1,1,0.81667
123,28,295.94,359.43,97.72,117.39,1,1,0.88335
123,25,611.33,383.29,142.16,198.18,1,1,0.89848
123,29,316.42,447.07,76.01,193.49,1,1,0.8442
123,9,235.8,462.28,94.46,170.86,1,1,0.82934
124,1,1587.65,347.05,143.98,177.0,1,1,0.88714
124,3,830.27,474.48,98.69,209.31,1,1,0.91706
124,4,-4.87,416.97,87.75,222.6,1,1,0.89997
124,6,1724.79,318.52,127.72,162.23,1,1,0.89546
124,8,1187.76,439.79,117.68,185.02,1,1,0.88669
124,12,1221.26,549.43,155.72,197.28,1,1,0.91776
124,2,1757.0,471.62,142.54,192.71,1,1,0.90327
124,18,71.46,507.66,137.27,175.61,1,1,0.90702
124,13,197.83,535.45,121.95,200.25,1,1,0.90708
124,21,649.96,472.99,138.91,209.61,1,1,0.88456
124,15,1447.18,615.37,127.3,241.46,1,1,0.90137
124,17,394.13,466.34,107.6,211.27,1,1,0.88292
124,26,763.8,469.16,119.67,204.59,1,1,0.85339
124,28,314.02,359.26,92.91,116.08,1,1,0.89878
124,25,625.55,381.07,149.98,191.4,1,1,0.85652
124,29,301.84,450.26,88.61,181.69,1,1,0.86744
124,9,225.63,458.13,90.21,160.83,1,1,0.82647
125,1,1596.7,343.6,137.23,178.57,1,1,0.88602
125,3,827.91,471.38,94.66,213.38,1,1,0.90286
125,4,-4.58,414.55,82.1,214.18,1,1,0.86862
125,6,1723.52,315.65,132.34,164.6,1,1,0.88783
125,8,1198.89,441.77,111.24,187.62,1,1,0.87044
125,12,1231.49,551.59,153.06,197.93,1,1,0.90137
125,2,1759.82,471.24,153.78,194.33,1,1,0.89457
125,18,54.53,506.62,140.37,175.87,1,1,0.90922
125,13,180.48,539.55,108.39,196.33,1,1,0.89003
125,21,640.68,471.01,140.61,210.96,1,1,0.8733
125,15,1460.99,613.64,131.51,242.81,1,1,0.88532
125,17,384.0,469.17,93.93,209.67,1,1,0.81672
125,26,757.56,467.77,120.55,206.64,1,1,0.839
125,28,329.16,358.29,91.21,118.06,1,1,0.86957
125,25,671.88,381.64,122.57,151.75,1,1,0.74945
125,29,284.9,449.07,99.99,182.32,1,1,0.84073
125,9,213.93,453.46,90.45,177.72,1,1,0.81801
126,1,1601.73,343.28,133.03,177.88,1,1,0.88327
126,3,824.86,469.2,92.76,215.35,1,1,0.91221
126,4,-4.05,416.68,67.63,210.82,1,1,0.83407
126,6,1725.28,313.14,136.42,164.09,1,1,0.88837
126,8,1206.39,444.43,107.39,186.81,1,1,0.89089
126,12,1247.73,554.54,140.66,193.76,1,1,0.9127
126,2,1761.6,471.34,158.26,193.81,1,1,0.90132
126,18,39.6,505.26,138.89,182.08,1,1,0.92367
126,13,154.99,539.97,104.99,196.16,1,1,0.89202
126,21,645.77,469.43,125.64,211.49,1,1,0.90358
126,15,1463.2,611.47,147.54,239.96,1,1,0.89225
126,17,374.79,469.29,91.64,209.82,1,1,0.8998
126,26,751.28,468.72,120.26,205.9,1,1,0.87274
126,28,348.79,356.51,91.02,119.07,1,1,0.87179
126,25,713.0,382.02,99.04,118.92,1,1,0.82065
126,29,271.83,442.47,107.24,195.43,1,1,0.8765
126,9,199.84,448.99,94.41,190.81,1,1,0.86769
127,1,1593.61,344.78,138.04,175.41,1,1,0.8683
127,3,809.11,470.15,92.47,213.57,1,1,0.92556
127,4,-5.58,441.44,37.73,192.16,1,1,0.79157
127,6,1726.84,312.75,143.57,154.92,1,1,0.90338
127,8,1202.6,446.19,114.75,185.27,1,1,0.89628
127,12,1259.58,559.0,144.26,188.65,1,1,0.92268
127,2,1773.93,470.06,145.25,197.22,1,1,0.89892
127,18,19.67,503.47,126.97,188.81,1,1,0.92356
127,13,106.35,536.97,114.13,199.69,1,1,0.92274
127,21,634.64,467.38,119.36,206.53,1,1,0.93194
127,15,1491.28,613.37,142.75,244.18,1,1,0.88932
127,17,349.32,471.31,93.54,206.09,1,1,0.92308
127,26,733.85,470.85,110.24,200.67,1,1,0.91228
127,28,365.55,352.41,94.65,140.42,1,1,0.91932
127,25,742.92,382.7,87.9,113.75,1,1,0.84841
127,29,259.67,433.65,111.16,209.17,1,1,0.91637
127,9,170.41,446.74,107.56,204.97,1,1,0.90472
128,1,1596.24,344.96,139.46,174.56,1,1,0.86782
128,3,808.72,470.0,92.4,212.87,1,1,0.92585
128,4,-0.69,450.63,29.31,184.78,1,1,0.79303
128,6,1733.1,312.12,146.25,151.43,1,1,0.90321
128,8,1205.85,446.26,117.7,184.58,1,1,0.89812
128,12,1268.74,560.13,145.51,186.72,1,1,0.9222
128,2,1783.69,469.1,139.92,198.46,1,1,0.89957
128,18,18.32,502.25,122.22,191.36,1,1,0.92391
128,13,94.55,535.36,117.24,201.03,1,1,0.9227
128,21,635.92,466.14,117.25,204.72,1,1,0.93132
128,15,1507.74,613.58,140.63,246.26,1,1,0.88926
128,17,345.56,471.53,94.23,204.71,1,1,0.92333
128,26,732.76,471.2,106.36,198.62,1,1,0.91195
128,28,376.49,350.45,95.92,147.87,1,1,0.91996
128,25,756.39,382.51,84.3,112.38,1,1,0.84973
128,29,260.86,429.61,112.53,214.39,1,1,0.91648
128,9,164.77,445.41,112.64,210.48,1,1,0.90534
129,1,1592.07,344.59,143.32,173.32,1,1,0.87483
129,3,799.12,471.9,94.51,211.79,1,1,0.8977
129,6,1733.43,311.62,145.22,152.01,1,1,0.88556
129,8,1211.31,445.98,112.74,186.98,1,1,0.88334
129,12,1266.7,560.24,152.55,190.06,1,1,0.90981
129,2,1799.76,468.15,122.0,202.69,1,1,0.8994
129,18,7.84,502.74,115.35,193.27,1,1,0.90891
129,13,67.18,532.82,127.19,203.97,1,1,0.89857
129,21,628.79,466.45,114.01,203.57,1,1,0.91665
129,15,1526.91,613.43,133.74,249.6,1,1,0.88739
129,17,329.79,477.53,96.08,197.83,1,1,0.91352
129,26,722.26,471.84,99.45,197.53,1,1,0.89932
129,28,378.33,349.28,100.76,154.99,1,1,0.8819
129,25,767.7,382.59,84.9,117.12,1,1,0.83557
129,29,256.49,427.76,109.69,215.02,1,1,0.90494
129,9,145.79,446.72,123.71,208.1,1,1,0.89744
130,1,1585.24,343.84,149.57,169.43,1,1,0.87761
130,3,787.15,470.52,97.48,211.33,1,1,0.88533
130,6,1725.75,311.26,149.09,149.66,1,1,0.88858
130,8,1205.51,443.3,119.98,189.0,1,1,0.88344
130,12,1262.46,559.17,160.04,192.38,1,1,0.89799
130,2,1817.42,468.64,103.36,205.48,1,1,0.878
130,18,-3.17,503.66,109.4,191.81,1,1,0.90179
130,13,34.81,533.44,139.11,203.9,1,1,0.89488
130,21,620.13,466.47,113.56,205.07,1,1,0.90058
130,15,1540.04,612.33,131.43,244.91,1,1,0.87787
130,17,316.2,481.52,99.25,193.39,1,1,0.90468
130,26,712.44,471.43,92.27,197.88,1,1,0.87413
130,28,371.1,348.56,116.05,158.68,1,1,0.87265
130,25,778.1,380.12,89.01,123.67,1,1,0.83485
130,29,248.67,425.99,105.67,215.61,1,1,0.87464
130,9,123.78,448.99,133.32,204.33,1,1,0.89197
131,1,1581.54,343.29,155.22,164.35,1,1,0.8759
131,3,774.53,469.74,102.36,209.63,1,1,0.87567
131,6,1721.18,311.08,146.54,148.17,1,1,0.89224
131,8,1198.19,441.16,128.35,188.75,1,1,0.88318
131,12,1258.63,559.26,162.25,192.97,1,1,0.90444
131,2,1810.77,468.8,109.25,207.91,1,1,0.88506
131,18,-6.51,504.95,96.14,190.48,1,1,0.87216
131,13,14.08,533.97,131.11,204.72,1,1,0.87715
131,21,612.1,466.06,112.55,207.13,1,1,0.87639
131,15,1538.54,610.7,138.81,239.24,1,1,0.87985
131,17,301.7,487.29,101.87,189.06,1,1,0.89813
131,26,701.13,470.37,89.08,198.48,1,1,0.83939
131,28,376.22,349.16,121.05,160.92,1,1,0.881
131,25,787.96,377.48,93.74,132.21,1,1,0.86124
131,29,242.11,428.01,104.13,208.28,1,1,0.85493
131,9,101.04,450.91,141.33,205.61,1,1,0.89292
132,1,1584.87,342.49,151.99,162.23,1,1,0.87917
132,3,762.55,469.82,103.6,206.31,1,1,0.88437
132,6,1719.01,310.95,137.83,149.27,1,1,0.89622
132,8,1195.35,439.61,132.7,187.77,1,1,0.88224
132,12,1259.32,559.15,159.98,195.54,1,1,0.90825
132,2,1804.93,467.85,114.98,208.5,1,1,0.87992
132,18,-6.23,506.58,79.61,172.92,1,1,0.8183
132,13,-2.74,528.98,113.74,209.22,1,1,0.89662
132,21,605.04,466.95,111.65,205.47,1,1,0.88182
132,15,1535.68,606.91,151.57,236.96,1,1,0.89881
132,17,288.61,491.67,105.17,187.16,1,1,0.90421
132,26,689.49,471.84,92.01,196.77,1,1,0.84248
132,28,390.38,349.56,116.47,160.71,1,1,0.90441
132,25,799.16,375.76,95.9,155.11,1,1,0.87148
132,29,236.12,433.27,110.43,197.06,1,1,0.85047
132,9,83.61,451.18,142.65,208.13,1,1,0.91713
133,1,1590.26,341.25,145.55,161.37,1,1,0.88297
133,3,747.54,468.08,110.13,208.02,1,1,0.85599
133,6,1710.3,311.54,134.64,152.12,1,1,0.8856
133,8,1210.5,439.47,118.19,188.79,1,1,0.86733
133,12,1269.18,558.88,152.82,195.64,1,1,0.88654
133,2,1797.91,469.14,121.94,204.23,1,1,0.88935
133,13,-8.98,520.77,92.18,217.06,1,1,0.88967
133,21,597.85,467.94,111.49,205.31,1,1,0.8663
133,15,1538.11,604.19,161.55,231.77,1,1,0.90685
133,17,274.81,495.62,109.63,185.47,1,1,0.89246
133,26,680.72,473.32,94.21,195.59,1,1,0.81873
133,28,398.22,349.74,123.0,161.31,1,1,0.89827
133,25,811.23,374.63,98.21,170.6,1,1,0.87184
133,29,223.55,423.46,85.22,193.55,1,1,0.80334
133,9,67.26,450.97,140.64,209.6,1,1,0.91291
133,10,252.68,434.46,104.36,181.09,1,1,0.75605
134,1,1598.74,342.56,135.03,160.81,1,1,0.89926
134,3,738.76,468.63,109.75,207.6,1,1,0.89887
134,6,1713.63,313.43,120.17,153.61,1,1,0.8519
134,8,1223.31,440.56,105.52,187.96,1,1,0.88492
134,12,1284.77,559.48,136.28,195.9,1,1,0.89789
134,2,1798.62,470.17,121.07,199.45,1,1,0.87645
134,13,-9.04,516.3,73.55,218.18,1,1,0.88521
134,21,594.41,469.36,104.91,204.21,1,1,0.8708
134,15,1548.88,602.49,157.32,232.22,1,1,0.8985
134,17,263.44,496.94,111.57,184.89,1,1,0.91458
134,26,668.77,476.39,91.39,193.88,1,1,0.83993
134,28,399.41,349.86,131.2,159.81,1,1,0.92099
134,25,819.19,375.03,100.07,178.57,1,1,0.89618
134,29,209.02,421.5,78.26,195.18,1,1,0.90032
134,9,52.23,449.6,136.9,211.79,1,1,0.93054
134,10,258.04,435.25,92.3,145.01,1,1,0.8113
135,1,1596.62,344.21,135.45,159.77,1,1,0.90185
135,3,729.91,469.2,108.23,207.66,1,1,0.91023
135,6,1717.24,315.94,107.98,151.86,1,1,0.8907
135,8,1228.76,441.65,102.52,187.71,1,1,0.89126
135,12,1304.41,560.13,121.45,194.83,1,1,0.91469
135,2,1805.05,471.54,114.49,195.24,1,1,0.88289
135,13,-7.2,518.58,52.55,216.86,1,1,0.88636
135,21,594.55,471.05,95.61,203.36,1,1,0.89237
135,15,1567.38,602.7,136.68,227.65,1,1,0.9061
135,17,250.24,498.12,110.61,184.64,1,1,0.92712
135,26,662.22,483.45,83.44,186.36,1,1,0.8514
135,28,401.12,351.38,138.57,155.62,1,1,0.94814
135,25,838.56,375.35,91.01,181.4,1,1,0.90087
135,29,192.78,422.97,78.27,194.03,1,1,0.91988
135,9,39.17,448.8,132.98,213.23,1,1,0.94615
135,10,260.68,435.64,85.43,130.67,1,1,0.72511
136,1,1587.45,343.99,141.79,162.02,1,1,0.88723
136,3,721.33,471.4,106.01,206.3,1,1,0.92275
136,6,1718.98,319.28,100.66,150.06,1,1,0.898
136,8,1223.69,442.79,107.85,188.31,1,1,0.89045
136,12,1316.36,560.51,118.26,193.44,1,1,0.91178
136,2,1821.67,477.4,97.65,189.34,1,1,0.87435
136,13,-4.26,521.77,38.13,213.59,1,1,0.82272
136,21,593.67,473.29,86.66,201.51,1,1,0.86032
136,15,1591.24,603.45,109.26,229.99,1,1,0.89534
136,17,234.56,498.27,111.63,185.66,1,1,0.92938
136,26,653.87,488.94,81.25,181.38,1,1,0.80511
136,28,405.65,352.6,141.72,150.66,1,1,0.94997
136,25,847.94,376.89,92.2,178.91,1,1,0.93189
136,29,174.67,424.62,79.71,189.02,1,1,0.91974
136,9,28.61,447.16,128.98,215.11,1,1,0.94427
136,10,265.71,435.76,79.13,146.95,1,1,0.86727
137,1,1581.87,343.97,137.9,159.21,1,1,0.83045
137,3,704.3,476.48,101.76,202.63,1,1,0.88294
137,6,1703.42,323.65,106.96,145.06,1,1,0.87443
137,8,1203.68,442.55,120.49,187.93,1,1,0.88256
137,12,1302.4,560.66,131.19,196.72,1,1,0.90934
137,2,1832.79,485.36,82.89,185.07,1,1,0.87723
137,21,581.42,478.74,81.24,197.46,1,1,0.82094
137,15,1597.38,603.8,105.2,233.98,1,1,0.88342
137,17,207.4,494.34,103.31,193.34,1,1,0.93488
137,28,427.14,356.59,129.4,148.3,1,1,0.92695
137,25,838.39,380.97,107.48,177.52,1,1,0.91504
137,29,139.53,427.46,78.23,179.9,1,1,0.92248
137,9,8.75,448.69,124.29,214.63,1,1,0.94076
137,5,271.01,434.83,77.07,184.06,1,1,0.91521
138,1,1588.05,342.58,136.42,158.3,1,1,0.83057
138,3,706.43,477.03,100.08,201.22,1,1,0.88349
138,6,1705.69,323.87,109.02,143.13,1,1,0.87442
138,8,1204.54,441.03,125.14,187.8,1,1,0.88279
138,12,1305.31,559.31,135.65,197.94,1,1,0.90988
138,2,1842.89,486.91,78.3,183.52,1,1,0.87798
138,21,584.7,479.41,79.57,195.97,1,1,0.8219
138,15,1605.92,602.56,103.96,235.6,1,1,0.88347
138,17,205.87,491.45,99.98,196.22,1,1,0.93492
138,28,443.85,356.72,124.15,147.4,1,1,0.92725
138,25,843.37,381.13,112.93,176.81,1,1,0.91541
138,29,134.94,427.19,77.68,176.47,1,1,0.92273
138,9,10.04,447.9,122.48,214.36,1,1,0.94099
138,5,270.51,434.56,77.02,183.82,1,1,0.91567
139,1,1575.61,338.75,143.48,159.79,1,1,0.86904
139,3,698.88,478.07,99.18,201.78,1,1,0.86261
139,6,1696.62,323.86,111.42,143.5,1,1,0.87133
139,8,1195.37,439.78,128.11,186.5,1,1,0.87681
139,12,1296.95,559.05,140.65,198.98,1,1,0.8911
139,2,1836.42,487.56,83.12,181.53,1,1,0.88246
139,21,574.94,481.02,85.35,192.62,1,1,0.78297
139,15,1600.73,600.44,122.36,236.96,1,1,0.87645
139,17,194.74,488.85,91.33,199.55,1,1,0.92127
139,28,460.28,359.5,113.91,147.21,1,1,0.88121
139,25,840.3,377.67,134.23,181.18,1,1,0.8799
139,29,118.18,428.59,78.09,174.88,1,1,0.89418
139,9,-0.48,450.57,120.74,210.21,1,1,0.9303
139,5,262.48,434.99,77.65,188.13,1,1,0.87251
140,1,1571.05,336.57,143.0,161.56,1,1,0.8664
140,3,690.31,478.08,99.24,201.99,1,1,0.86505
140,6,1691.8,323.69,109.78,143.2,1,1,0.87365
140,8,1192.22,439.22,125.24,187.51,1,1,0.85906
140,12,1290.15,558.64,146.51,197.05,1,1,0.89754
140,2,1826.54,484.29,92.42,183.17,1,1,0.88542
140,21,565.06,481.57,97.38,192.53,1,1,0.87534
140,15,1588.1,597.99,144.12,231.06,1,1,0.90051
140,17,179.39,487.11,88.83,201.16,1,1,0.91375
140,28,473.38,360.9,109.09,147.88,1,1,0.89769
140,25,847.28,375.42,139.38,175.91,1,1,0.7806
140,29,97.22,429.71,83.43,171.38,1,1,0.91087
140,9,-5.35,454.16,111.96,205.44,1,1,0.94456
140,5,255.82,436.2,78.39,188.89,1,1,0.88572
141,1,1574.5,334.71,134.26,164.62,1,1,0.87084
141,3,669.94,477.11,112.82,203.8,1,1,0.87146
141,6,1693.52,323.61,101.49,144.35,1,1,0.85227
141,8,1195.46,439.74,116.32,186.91,1,1,0.84544
141,12,1286.47,558.94,150.71,197.38,1,1,0.88305
141,2,1819.6,478.08,99.17,184.45,1,1,0.88188
141,21,554.81,482.67,100.73,191.91,1,1,0.87134
141,15,1579.29,595.55,155.68,227.09,1,1,0.89814
141,17,164.67,486.72,87.43,202.08,1,1,0.90764
141,28,473.43,361.82,120.69,147.72,1,1,0.88472
141,25,894.34,376.39,100.99,173.77,1,1,0.83154
141,29,76.02,431.1,85.72,167.86,1,1,0.8965
141,9,-6.35,458.65,99.77,201.95,1,1,0.92794
141,5,248.38,438.19,81.41,188.46,1,1,0.86401
142,1,1581.71,334.26,120.94,165.43,1,1,0.86937
142,3,655.63,475.17,120.97,206.75,1,1,0.87218
142,6,1698.23,323.68,89.01,146.34,1,1,0.85396
142,8,1201.2,439.85,109.0,186.57,1,1,0.84727
142,12,1286.95,559.87,144.2,195.18,1,1,0.86678
142,2,1818.47,475.66,100.02,185.24,1,1,0.88401
142,21,542.19,484.25,106.45,191.03,1,1,0.85954
142,15,1573.85,593.53,155.13,224.22,1,1,0.88471
142,17,148.16,488.17,90.76,203.44,1,1,0.88764
142,28,471.12,361.34,133.87,151.2,1,1,0.8794
142,25,910.51,376.23,91.63,178.37,1,1,0.84372
142,29,57.22,435.38,83.25,158.64,1,1,0.85732
142,9,-5.9,461.9,87.25,196.31,1,1,0.90374
142,5,236.04,439.53,99.57,188.47,1,1,0.85708
143,1,1589.48,335.42,106.43,166.65,1,1,0.86341
143,3,647.25,474.58,117.23,204.16,1,1,0.91178
143,6,1685.06,325.18,95.34,145.87,1,1,0.87372
143,8,1199.54,441.56,106.72,184.66,1,1,0.84375
143,12,1292.73,560.99,130.75,191.39,1,1,0.87624
143,2,1823.56,474.44,94.78,190.13,1,1,0.87492
143,21,530.43,485.02,108.39,188.95,1,1,0.89724
143,15,1576.59,590.94,138.91,228.09,1,1,0.86059
143,17,131.45,491.5,90.23,200.67,1,1,0.91281
143,28,472.75,362.18,140.66,148.03,1,1,0.8929
143,25,932.17,378.03,73.56,175.27,1,1,0.87186
143,29,42.51,439.84,73.38,150.11,1,1,0.86517
143,9,-4.95,462.81,73.05,192.37,1,1,0.89333
143,5,231.85,442.1,113.18,186.45,1,1,0.90471
144,1,1578.62,336.7,112.94,168.77,1,1,0.86519
144,3,636.57,475.46,115.77,203.04,1,1,0.90161
144,6,1682.06,327.06,94.87,143.02,1,1,0.86952
144,8,1194.2,439.9,106.34,187.19,1,1,0.84946
144,12,1301.61,560.89,117.94,191.46,1,1,0.86377
144,2,1834.75,475.78,83.34,193.5,1,1,0.86229
144,21,517.23,486.7,109.35,187.8,1,1,0.88441
144,15,1586.61,586.7,123.08,232.82,1,1,0.8476
144,17,113.34,496.0,91.16,198.61,1,1,0.89697
144,28,478.91,363.47,139.06,143.24,1,1,0.88582
144,25,935.33,377.9,74.92,173.49,1,1,0.83119
144,29,23.7,445.91,68.13,142.57,1,1,0.80744
144,9,-3.83,464.31,59.73,186.56,1,1,0.83419
144,5,230.65,444.72,117.32,185.94,1,1,0.87491
145,1,1570.15,338.34,115.69,168.5,1,1,0.85893
145,3,628.12,476.07,112.05,198.2,1,1,0.89651
145,6,1676.05,328.67,96.81,141.38,1,1,0.8657
145,8,1182.31,439.68,108.2,187.34,1,1,0.87462
145,12,1313.14,562.32,105.16,190.02,1,1,0.86706
145,2,1836.27,477.48,81.82,194.45,1,1,0.87022
145,21,502.67,488.29,110.91,187.51,1,1,0.8866
145,15,1594.57,582.31,113.02,231.68,1,1,0.88134
145,17,92.12,503.1,94.85,195.54,1,1,0.90109
145,28,491.26,365.33,131.72,143.1,1,1,0.86457
145,25,927.26,382.34,97.45,168.56,1,1,0.84707
145,29,1.45,452.38,66.35,176.83,1,1,0.8785
145,5,227.7,446.35,121.62,185.45,1,1,0.87823
146,1,1563.49,339.95,117.77,165.13,1,1,0.84814
146,3,619.48,478.52,108.45,194.74,1,1,0.88218
146,6,1669.64,331.17,94.79,143.35,1,1,0.83779
146,8,1173.78,439.58,108.68,182.61,1,1,0.87501
146,12,1316.84,560.92,100.76,191.36,1,1,0.8461
146,2,1826.26,479.01,91.83,194.43,1,1,0.87671
146,21,486.51,490.2,115.48,188.43,1,1,0.86692
146,15,1591.88,573.94,123.08,238.13,1,1,0.86687
146,17,71.92,512.73,98.29,192.42,1,1,0.87398
146,28,509.36,368.53,117.69,142.95,1,1,0.86639
146,25,919.41,381.68,116.26,166.18,1,1,0.82521
146,29,-5.65,456.39,55.33,186.2,1,1,0.82572
146,5,221.5,447.0,120.77,185.73,1,1,0.85323
147,1,1551.76,342.4,123.51,161.79,1,1,0.85485
147,3,611.31,480.7,101.54,191.43,1,1,0.88757
147,6,1663.04,335.24,89.27,141.72,1,1,0.85626
147,8,1166.44,440.83,107.25,177.75,1,1,0.87084
147,12,1307.89,559.16,101.68,194.04,1,1,0.86509
147,2,1811.55,480.72,106.37,191.82,1,1,0.90438
147,21,472.54,493.21,116.8,187.38,1,1,0.89054
147,15,1588.12,577.86,128.2,230.63,1,1,0.88888
147,17,51.81,522.43,101.57,187.69,1,1,0.89546
147,28,529.61,371.65,104.17,141.58,1,1,0.86692
147,25,948.57,382.46,94.91,167.02,1,1,0.83619
147,29,-6.35,460.66,40.78,192.91,1,1,0.79717
147,5,213.81,446.71,112.89,184.66,1,1,0.88771
148,1,1539.18,346.44,127.57,159.8,1,1,0.8521
148,3,601.31,483.28,99.81,191.0,1,1,0.85262
148,6,1655.44,339.09,83.77,142.93,1,1,0.83573
148,8,1162.68,443.05,101.01,175.0,1,1,0.85198
148,12,1295.58,557.46,107.08,196.94,1,1,0.84926
148,2,1792.64,482.72,124.87,190.74,1,1,0.90317
148,21,457.85,496.0,118.15,188.81,1,1,0.85734
148,15,1581.89,580.35,123.53,216.09,1,1,0.86815
148,17,31.79,533.04,105.62,184.05,1,1,0.8603
148,28,538.58,374.49,102.8,141.94,1,1,0.85213
148,25,961.07,383.18,95.61,171.58,1,1,0.82087
148,29,-4.62,461.55,26.04,202.43,1,1,0.67866
148,5,203.86,446.59,117.19,187.31,1,1,0.85067
149,1,1533.84,349.83,121.92,161.42,1,1,0.86278
149,3,591.41,484.98,93.56,191.19,1,1,0.85012
149,6,1646.83,341.49,77.25,146.67,1,1,0.82332
149,8,1162.54,445.23,93.08,175.74,1,1,0.8343
149,12,1276.18,557.26,119.07,197.17,1,1,0.86204
149,2,1778.03,484.28,139.03,186.03,1,1,0.90605
149,21,443.9,497.37,115.59,190.7,1,1,0.85818
149,15,1569.53,582.52,114.06,202.32,1,1,0.87541
149,17,14.12,543.03,104.15,178.42,1,1,0.86721
149,28,531.0,376.4,114.98,144.5,1,1,0.8638
149,25,961.44,385.5,98.88,175.26,1,1,0.83762
149,5,194.93,447.83,118.03,187.63,1,1,0.8462
150,1,1527.64,358.14,98.72,160.41,1,1,0.8457
150,3,557.53,489.61,86.19,190.84,1,1,0.85254
150,6,1617.7,349.36,75.12,146.55,1,1,0.83806
150,8,1139.52,451.03,91.18,175.71,1,1,0.84358
150,12,1244.18,562.99,135.91,194.62,1,1,0.87654
150,2,1758.77,492.7,131.68,181.82,1,1,0.86212
150,21,408.93,501.03,111.52,191.14,1,1,0.87488
150,15,1551.55,589.84,96.01,198.35,1,1,0.85973
150,17,-9.96,557.9,89.37,171.54,1,1,0.8968
150,28,511.65,380.39,126.69,142.45,1,1,0.86562
150,25,943.65,393.4,93.9,180.27,1,1,0.82117
150,5,171.61,454.43,115.31,184.49,1,1,0.8752
151,1,1519.53,362.03,94.78,159.86,1,1,0.85182
151,3,537.7,492.04,83.65,189.7,1,1,0.8358
151,6,1602.39,352.81,76.94,142.98,1,1,0.83735
151,8,1116.22,451.85,102.0,176.29,1,1,0.84138
151,12,1231.3,566.07,140.37,193.49,1,1,0.87082
151,2,1758.68,494.82,119.67,182.27,1,1,0.8482
151,21,387.65,500.78,111.15,193.83,1,1,0.86458
151,15,1546.25,595.14,86.85,197.53,1,1,0.87063
151,17,-10.27,562.9,69.31,165.11,1,1,0.8459
151,28,509.84,381.83,129.95,142.84,1,1,0.85487
151,25,946.41,395.83,86.25,183.12,1,1,0.82975
151,5,166.15,457.96,110.96,182.78,1,1,0.86011
151,31,1858.21,492.25,56.63,155.54,1,1,0.82022
152,1,1523.35,361.8,93.53,159.7,1,1,0.85156
152,3,537.77,491.13,82.82,189.47,1,1,0.83583
152,6,1604.12,352.43,77.58,141.47,1,1,0.83744
152,8,1115.28,450.52,105.79,176.54,1,1,0.84202
152,12,1234.11,565.62,142.0,193.0,1,1,0.87096
152,2,1766.19,493.95,114.79,182.46,1,1,0.84875
152,21,387.46,499.05,110.98,194.75,1,1,0.8662
152,15,1550.71,595.51,84.04,197.32,1,1,0.87063
152,17,-2.74,562.7,62.31,162.99,1,1,0.84761
152,28,516.14,380.71,131.35,142.92,1,1,0.85687
152,25,954.26,395.03,83.0,184.15,1,1,0.82917
152,5,171.73,457.58,108.9,182.14,1,1,0.86186
152,31,1859.74,489.22,58.1,155.97,1,1,0.82053
153,1,1500.72,365.35,98.0,158.67,1,1,0.85062
153,3,516.17,493.81,78.33,186.9,1,1,0.85353
153,6,1585.45,354.45,80.21,136.96,1,1,0.83982
153,8,1089.61,452.23,112.0,177.08,1,1,0.85031
153,12,1217.95,571.37,134.69,189.32,1,1,0.87318
153,2,1758.22,496.32,103.39,183.59,1,1,0.82476
153,21,366.78,502.99,108.14,192.39,1,1,0.87524
153,15,1532.58,600.18,85.68,194.78,1,1,0.87869
153,17,-6.55,571.68,44.54,160.54,1,1,0.75308
153,28,515.84,384.34,118.9,143.81,1,1,0.83646
153,25,931.51,398.46,97.52,184.47,1,1,0.86576
153,5,161.66,463.02,99.74,178.95,1,1,0.84991
154,1,1456.99,368.88,101.1,159.14,1,1,0.82498
154,3,463.21,497.2,79.78,187.81,1,1,0.85685
154,6,1540.49,357.14,85.2,140.36,1,1,0.81967
154,8,1040.96,455.86,117.23,170.44,1,1,0.85272
154,12,1191.02,577.1,122.24,186.95,1,1,0.8479
154,2,1715.75,499.9,101.1,183.57,1,1,0.82995
154,21,321.02,510.12,102.05,191.44,1,1,0.85985
154,15,1472.76,607.93,116.75,191.72,1,1,0.88473
154,28,511.57,394.05,99.19,142.57,1,1,0.84748
154,25,889.74,404.87,118.99,175.23,1,1,0.86123
154,5,137.92,473.96,87.34,173.62,1,1,0.8411
155,1,1460.07,366.73,102.68,159.37,1,1,0.8248
155,3,463.41,495.09,80.33,188.17,1,1,0.85729
155,6,1543.55,354.73,87.1,141.69,1,1,0.81942
155,8,1042.68,453.82,119.3,167.93,1,1,0.85356
155,12,1200.66,575.86,117.49,186.01,1,1,0.84813
155,2,1719.31,497.83,100.4,183.56,1,1,0.83094
155,21,323.91,509.36,99.82,191.08,1,1,0.86001
155,15,1471.68,607.5,126.74,190.68,1,1,0.8848
155,28,528.3,394.27,91.85,142.09,1,1,0.84778
155,25,894.44,403.84,127.61,171.59,1,1,0.86164
155,5,148.37,474.66,82.75,171.63,1,1,0.84191
155,32,1826.3,493.09,73.43,164.92,1,1,0.77364
156,1,1431.69,367.99,112.3,159.0,1,1,0.84439
156,3,435.82,498.39,81.23,184.98,1,1,0.85895
156,6,1523.66,357.17,84.42,142.47,1,1,0.81902
156,8,1024.8,456.39,114.63,167.72,1,1,0.84686
156,12,1188.93,579.02,109.1,184.41,1,1,0.83653
156,2,1687.92,501.05,103.49,180.14,1,1,0.8158
156,21,300.99,512.65,96.33,189.88,1,1,0.84813
156,15,1441.48,609.98,146.87,191.3,1,1,0.8901
156,28,513.02,397.39,91.26,142.08,1,1,0.84396
156,25,874.99,407.19,136.95,166.31,1,1,0.87939
156,5,129.09,479.86,83.18,171.03,1,1,0.84946
156,32,1790.51,496.94,82.25,166.89,1,1,0.80268
157,1,1391.68,373.78,104.65,157.53,1,1,0.82149
157,3,377.94,505.65,88.87,181.34,1,1,0.83084
157,6,1478.98,362.61,77.7,143.51,1,1,0.79404
157,8,988.63,462.77,108.16,168.55,1,1,0.83237
157,12,1150.04,582.42,98.63,185.06,1,1,0.80588
157,2,1639.78,509.0,114.39,169.99,1,1,0.79632
157,21,248.36,519.86,90.76,189.52,1,1,0.83941
157,15,1391.83,616.69,146.93,182.62,1,1,0.89939
157,28,468.99,402.35,109.17,143.42,1,1,0.82285
157,25,852.03,413.88,127.5,164.66,1,1,0.80294
157,5,80.92,486.17,93.92,170.48,1,1,0.83552
157,32,1738.8,503.35,75.7,171.75,1,1,0.77651
158,1,1380.22,377.42,93.45,155.79,1,1,0.82849
158,3,349.38,509.46,91.39,180.09,1,1,0.84043
158,6,1458.43,365.82,72.61,132.9,1,1,0.79311
158,8,977.49,463.51,105.21,171.71,1,1,0.84078
158,12,1127.58,582.3,97.29,186.78,1,1,0.83216
158,2,1623.39,511.83,111.97,171.96,1,1,0.78916
158,21,223.23,522.03,85.5,189.49,1,1,0.84131
158,15,1375.18,619.22,141.63,179.79,1,1,0.88263
158,28,453.57,405.11,122.77,142.01,1,1,0.83001
158,25,854.59,418.45,108.92,166.66,1,1,0.80942
158,5,57.05,486.71,102.66,173.33,1,1,0.83835
158,32,1713.88,504.14,75.44,175.59,1,1,0.7786
158,33,187.08,506.34,60.66,167.28,1,1,0.72913
159,1,1386.3,377.33,89.33,155.18,1,1,0.82866
159,3,349.63,509.43,92.35,179.68,1,1,0.84048
159,6,1461.24,365.63,70.79,128.79,1,1,0.79318
159,8,983.84,462.35,104.05,172.89,1,1,0.84057
159,12,1129.61,580.83,96.86,187.41,1,1,0.8322
159,2,1628.26,511.43,110.75,172.73,1,1,0.78847
159,21,224.5,521.35,83.75,189.5,1,1,0.841
159,15,1379.94,618.75,139.17,178.81,1,1,0.88264
159,28,458.55,404.69,128.31,141.45,1,1,0.82956
159,25,865.85,418.7,101.33,167.52,1,1,0.80962
159,5,58.83,485.44,106.15,174.41,1,1,0.83824
159,32,1715.19,503.11,75.32,176.83,1,1,0.77888
159,33,186.94,505.94,60.52,168.04,1,1,0.72969
160,1,1343.36,381.26,82.72,157.33,1,1,0.81388
160,3,286.9,514.47,99.79,179.32,1,1,0.84267
160,6,1412.7,370.75,68.21,127.95,1,1,0.78549
160,8,927.37,463.7,107.02,173.6,1,1,0.82133
160,12,1070.98,584.49,110.09,183.51,1,1,0.85474
160,2,1592.4,516.1,91.34,156.44,1,1,0.79256
160,21,165.24,527.49,84.61,187.57,1,1,0.83419
160,15,1347.82,618.25,119.74,184.35,1,1,0.87557
160,28,444.42,414.09,100.85,136.01,1,1,0.81768
160,25,835.93,423.94,87.64,167.9,1,1,0.78021
160,5,5.96,489.85,113.04,173.95,1,1,0.83152
160,32,1664.46,506.46,74.7,157.82,1,1,0.81452
160,33,127.8,510.72,60.77,165.45,1,1,0.75706
161,1,1316.86,382.02,86.0,156.51,1,1,0.83341
161,3,257.25,512.28,102.63,182.34,1,1,0.84529
161,6,1388.31,371.96,68.32,132.11,1,1,0.7958
161,8,904.81,460.81,108.36,170.26,1,1,0.79793
161,12,1044.52,584.1,118.58,182.33,1,1,0.85033
161,2,1575.62,515.52,80.3,165.33,1,1,0.77555
161,21,136.63,527.84,83.61,189.02,1,1,0.80828
161,15,1329.41,613.78,114.61,190.75,1,1,0.87546
161,28,431.64,416.75,98.62,137.08,1,1,0.79315
161,25,821.03,424.59,91.53,169.08,1,1,0.7913
161,5,-6.6,491.51,104.65,172.63,1,1,0.82281
161,32,1639.55,503.05,76.62,157.4,1,1,0.78178
161,33,97.88,508.74,63.38,171.04,1,1,0.76192
162,1,1287.64,382.88,90.92,156.84,1,1,0.83839
162,3,227.17,513.02,103.34,182.79,1,1,0.83326
162,6,1362.41,373.36,69.82,134.61,1,1,0.78431
162,8,878.83,461.38,106.13,166.66,1,1,0.80314
162,12,1018.24,584.7,124.6,182.13,1,1,0.85796
162,2,1554.24,515.12,78.55,170.77,1,1,0.77778
162,21,106.42,527.66,85.02,189.71,1,1,0.80189
162,15,1305.69,609.26,115.88,190.58,1,1,0.85592
162,28,426.87,419.38,85.72,135.91,1,1,0.75859
162,25,799.88,425.79,96.39,166.93,1,1,0.8223
162,5,-9.8,493.24,84.11,169.74,1,1,0.8163
162,32,1612.65,501.38,80.39,160.89,1,1,0.78184
162,33,70.18,506.77,59.63,174.29,1,1,0.70735
162,34,978.24,215.78,60.93,127.2,1,1,0.78309
163,1,1256.84,382.81,102.65,153.81,1,1,0.84213
163,3,196.25,512.33,104.99,184.14,1,1,0.83696
163,6,1337.64,373.64,69.17,136.11,1,1,0.76343
163,8,861.51,462.01,98.98,164.91,1,1,0.78328
163,12,994.59,586.86,119.9,180.14,1,1,0.84666
163,2,1528.17,513.52,84.89,174.45,1,1,0.79498
163,21,75.06,528.63,88.04,189.63,1,1,0.79851
163,15,1275.92,606.21,121.82,189.38,1,1,0.85921
163,28,419.66,419.68,79.6,138.81,1,1,0.7257
163,25,776.61,425.97,107.36,168.9,1,1,0.82182
163,5,-8.44,496.45,58.84,166.14,1,1,0.7745
163,32,1589.23,499.43,81.36,165.51,1,1,0.78226
163,33,38.25,503.92,61.45,173.42,1,1,0.66795
164,1,1229.37,383.43,108.51,149.62,1,1,0.83651
164,3,165.6,510.91,107.47,185.15,1,1,0.84332
164,6,1313.88,374.14,68.51,137.45,1,1,0.75866
164,8,837.64,463.68,95.74,160.23,1,1,0.81286
164,12,973.35,589.94,108.82,175.71,1,1,0.84187
164,2,1503.24,513.86,91.02,171.56,1,1,0.81229
164,21,45.84,528.8,86.89,189.12,1,1,0.78324
164,15,1248.44,604.39,131.14,188.44,1,1,0.85706
164,25,755.32,425.78,113.95,161.69,1,1,0.82595
164,5,-5.54,499.63,29.41,161.55,1,1,0.6515
164,32,1566.93,500.73,76.92,169.06,1,1,0.78445
164,33,7.23,503.61,64.12,173.67,1,1,0.73867
165,1,1202.57,383.18,112.46,148.79,1,1,0.83403
165,3,134.73,509.79,109.23,186.58,1,1,0.83262
165,6,1292.1,374.22,66.21,132.44,1,1,0.68903
165,8,816.61,464.04,93.37,157.73,1,1,0.79128
165,12,955.76,589.56,97.75,175.15,1,1,0.82514
165,2,1467.69,513.07,104.08,169.44,1,1,0.80652
165,21,14.95,527.91,89.77,189.22,1,1,0.80593
165,15,1223.65,602.19,136.28,186.32,1,1,0.85131
165,25,736.46,426.6,115.33,155.17,1,1,0.80203
165,32,1542.41,500.55,71.62,172.86,1,1,0.76867
165,33,-7.53,498.01,49.29,175.82,1,1,0.72397
166,1,1204.09,382.89,114.14,148.45,1,1,0.83383
166,3,134.98,509.11,109.83,187.08,1,1,0.83248
166,6,1295.46,373.86,65.29,130.48,1,1,0.68644
166,8,820.21,463.81,92.51,156.96,1,1,0.79096
166,12,960.29,589.09,93.84,174.98,1,1,0.8246
166,2,1466.05,512.46,109.16,168.63,1,1,0.80673
166,21,15.09,527.27,90.83,189.25,1,1,0.80601
166,15,1226.0,601.17,138.24,185.39,1,1,0.85102
166,25,740.71,426.59,115.94,152.79,1,1,0.80228
166,32,1544.67,500.18,69.67,174.23,1,1,0.76745
166,33,-0.91,495.68,43.09,176.65,1,1,0.72376
167,1,1183.45,384.04,105.25,149.3,1,1,0.82141
167,3,104.51,509.41,108.14,186.09,1,1,0.83043
167,6,1271.52,374.8,62.83,131.62,1,1,0.65066
167,8,798.54,465.0,84.03,148.23,1,1,0.76073
167,12,941.26,589.11,84.44,174.35,1,1,0.80592
167,2,1436.7,513.53,108.24,166.12,1,1,0.78788
167,21,-5.22,527.95,78.89,185.61,1,1,0.83494
167,15,1207.7,602.28,129.24,182.24,1,1,0.84962
167,25,727.52,428.12,106.07,144.81,1,1,0.78361
167,32,1517.26,501.56,67.1,175.04,1,1,0.76843
168,1,1216.01,380.34,71.14,123.71,1,1,0.67524
168,2,1470.56,505.48,77.68,144.04,1,1,0.79457
168,21,35.12,516.7,98.93,179.24,1,1,0.85412
168,15,1201.86,603.59,102.05,174.35,1,1,0.79627
168,25,744.34,452.0,100.85,152.95,1,1,0.82858
168,31,1411.62,517.02,82.62,164.96,1,1,0.82064
169,1,1148.96,388.75,83.9,139.16,1,1,0.78082
169,2,1450.91,501.6,69.12,141.02,1,1,0.79989
169,21,9.35,511.31,105.1,177.94,1,1,0.84692
169,15,1170.05,617.94,78.89,146.71,1,1,0.78527
169,25,729.93,456.96,92.12,156.07,1,1,0.75639
169,35,865.24,580.68,85.74,179.09,1,1,0.83058
169,36,704.82,431.63,67.68,136.16,1,1,0.76041
169,38,329.91,415.23,74.83,138.4,1,1,0.75
169,31,1388.17,517.64,77.81,164.05,1,1,0.8075
170,1,1141.26,391.03,87.59,143.86,1,1,0.78166
170,2,1455.4,499.73,67.06,140.56,1,1,0.80031
170,21,12.57,509.19,108.12,177.8,1,1,0.84524
170,15,1170.67,623.39,71.68,136.27,1,1,0.78047
170,25,737.03,458.62,88.87,157.33,1,1,0.7517
170,35,866.1,579.58,87.18,180.28,1,1,0.83153
170,36,709.28,431.05,66.08,137.43,1,1,0.75849
170,38,332.03,414.92,75.17,139.55,1,1,0.74693
170,31,1392.98,517.72,75.48,163.83,1,1,0.80841
171,1,1106.28,391.85,92.78,146.92,1,1,0.77636
171,2,1426.82,499.51,68.54,144.38,1,1,0.81094
171,21,-6.28,507.94,95.52,180.88,1,1,0.84815
171,15,1149.11,614.54,79.76,158.92,1,1,0.77111
171,25,703.98,458.01,92.35,156.05,1,1,0.77738
171,35,833.76,577.81,98.12,181.06,1,1,0.84048
171,36,692.07,428.51,60.74,140.15,1,1,0.74658
171,38,298.08,415.56,84.95,142.3,1,1,0.78971
171,31,1369.26,517.01,74.41,164.72,1,1,0.81462
172,1,1049.55,390.54,80.28,138.3,1,1,0.74546
172,15,1082.93,607.58,102.67,167.55,1,1,0.82913
172,25,639.99,459.36,98.71,147.9,1,1,0.76879
172,35,765.38,576.16,114.18,177.75,1,1,0.85388
172,36,630.81,424.36,79.83,145.2,1,1,0.79729
172,38,253.88,414.94,83.23,140.32,1,1,0.80987
172,31,1312.19,514.28,83.99,167.33,1,1,0.84889
172,39,656.13,223.25,56.71,127.38,1,1,0.79657
172,32,1385.79,498.39,71.18,155.59,1,1,0.82127
173,1,1057.24,389.99,74.88,135.05,1,1,0.7435
173,15,1086.31,604.94,110.93,171.07,1,1,0.82931
173,25,644.16,459.91,101.23,144.57,1,1,0.76973
173,35,767.99,575.7,120.16,176.57,1,1,0.85402
173,36,635.65,423.02,85.01,146.45,1,1,0.79385
173,38,265.71,414.81,82.3,139.52,1,1,0.80875
173,31,1318.89,513.36,87.37,168.33,1,1,0.84761
173,39,657.37,222.99,56.39,127.43,1,1,0.7961
173,40,1858.17,359.63,60.81,113.11,1,1,0.80658
173,41,1127.21,369.68,70.64,133.75,1,1,0.78123
173,32,1384.91,498.42,71.67,153.66,1,1,0.82072
174,15,1040.77,601.16,113.67,174.13,1,1,0.84818
174,25,585.16,459.78,109.5,145.21,1,1,0.73426
174,35,709.17,577.71,118.08,174.11,1,1,0.88018
174,38,209.63,413.24,90.0,141.54,1,1,0.83832
174,31,1251.59,511.37,108.9,163.58,1,1,0.81996
174,39,590.07,220.79,52.77,127.77,1,1,0.77489
174,41,1046.54,380.07,66.97,137.47,1,1,0.72926
174,32,1326.96,498.74,69.08,159.58,1,1,0.77191
174,6,1092.94,369.18,56.35,138.72,1,1,0.77662
175,15,1052.77,599.83,114.61,175.29,1,1,0.84846
175,25,591.23,459.73,112.71,145.58,1,1,0.73598
175,35,715.66,578.54,116.71,173.19,1,1,0.88067
175,38,216.3,412.75,92.65,142.21,1,1,0.83893
175,31,1254.78,510.68,117.08,161.7,1,1,0.82051
175,39,592.51,220.17,51.55,127.82,1,1,0.77128
175,41,1045.14,383.58,65.36,138.69,1,1,0.73034
175,32,1333.59,498.96,67.95,161.62,1,1,0.77282
175,42,1830.89,360.39,67.84,105.04,1,1,0.84677
175,6,1093.47,369.02,55.95,139.18,1,1,0.77716
176,15,992.92,600.63,126.93,170.35,1,1,0.81974
176,25,542.07,453.23,109.03,154.74,1,1,0.78853
176,35,662.79,580.69,101.67,170.0,1,1,0.84353
176,38,153.98,409.44,118.69,145.89,1,1,0.84153
176,31,1207.55,511.34,110.6,161.03,1,1,0.80439
176,41,987.61,383.61,66.04,136.13,1,1,0.75845
176,32,1280.32,497.61,71.25,139.52,1,1,0.73091
176,42,1769.21,358.32,76.38,116.03,1,1,0.82745
176,6,1035.42,367.09,58.34,130.77,1,1,0.73234
177,15,973.63,601.51,131.71,170.0,1,1,0.79915
177,25,527.15,452.27,105.68,155.71,1,1,0.79927
177,35,645.18,582.26,92.07,169.15,1,1,0.84538
177,38,133.64,408.69,127.07,146.78,1,1,0.84652
177,31,1199.1,511.2,95.48,161.41,1,1,0.79967
177,41,971.28,384.38,63.05,131.62,1,1,0.76758
177,32,1261.61,496.05,67.73,128.9,1,1,0.76222
177,42,1745.17,357.53,92.32,121.59,1,1,0.8419
177,6,1015.03,366.69,60.46,122.03,1,1,0.76132
177,8,568.4,422.09,63.97,104.11,1,1,0.68664
177,39,485.1,216.3,59.24,134.97,1,1,0.74915
178,15,966.8,602.69,110.36,169.25,1,1,0.77321
178,25,502.49,450.67,104.16,154.88,1,1,0.78569
178,35,622.66,581.37,88.96,170.64,1,1,0.83821
178,38,120.43,410.85,120.51,147.26,1,1,0.83308
178,31,1187.62,510.79,80.36,161.16,1,1,0.83267
178,41,946.83,384.95,69.68,139.41,1,1,0.79249
178,32,1242.7,494.68,64.72,132.46,1,1,0.81413
178,42,1721.25,359.49,102.98,122.46,1,1,0.86677
178,6,995.99,366.73,59.43,116.86,1,1,0.783
178,8,545.96,420.97,69.12,127.09,1,1,0.68842
179,15,977.44,603.2,100.84,168.87,1,1,0.76886
179,25,504.74,450.32,104.4,154.76,1,1,0.78747
179,35,626.56,581.05,88.14,171.21,1,1,0.83814
179,38,128.8,411.54,117.17,147.68,1,1,0.83048
179,31,1195.33,510.72,74.96,161.07,1,1,0.83281
179,41,950.19,385.16,71.9,141.95,1,1,0.79166
179,32,1248.16,494.22,63.58,133.82,1,1,0.81599
179,42,1725.16,360.21,106.87,122.46,1,1,0.86625
179,6,1001.6,366.77,58.78,114.79,1,1,0.78296
179,8,549.16,420.42,70.52,131.91,1,1,0.69261
180,15,967.98,601.78,85.37,173.39,1,1,0.79515
180,25,478.62,449.68,101.36,149.94,1,1,0.79378
180,35,601.38,579.2,89.3,175.47,1,1,0.79972
180,38,114.47,413.67,102.51,145.33,1,1,0.82428
180,31,1172.73,509.09,70.98,162.87,1,1,0.81938
180,41,922.27,385.47,81.99,141.46,1,1,0.79799
180,32,1223.16,492.2,64.04,140.17,1,1,0.79037
180,42,1697.65,360.17,108.05,122.53,1,1,0.83054
180,6,977.74,366.01,59.26,119.29,1,1,0.76319
180,8,530.15,419.39,62.11,131.87,1,1,0.75004
181,15,917.12,596.19,86.64,177.74,1,1,0.82402
181,25,427.04,448.95,96.83,149.98,1,1,0.8254
181,35,547.03,575.72,86.75,177.68,1,1,0.82875
181,38,74.6,412.38,99.51,147.42,1,1,0.81013
181,31,1118.55,504.86,74.3,165.3,1,1,0.82962
181,41,869.74,382.29,94.16,144.88,1,1,0.78598
181,32,1174.65,489.37,67.97,147.21,1,1,0.81958
181,42,1644.64,361.75,102.75,119.45,1,1,0.83113
181,6,928.16,363.23,67.28,133.55,1,1,0.72774
181,8,488.56,417.55,61.84,138.9,1,1,0.80771
182,15,923.49,594.41,86.63,179.24,1,1,0.82608
182,25,433.82,448.85,95.09,149.93,1,1,0.8257
182,35,552.92,574.79,85.28,178.47,1,1,0.82986
182,38,85.7,411.76,98.09,148.03,1,1,0.80721
182,31,1124.27,503.48,75.39,166.26,1,1,0.83069
182,41,877.38,381.22,98.56,146.17,1,1,0.78715
182,32,1182.87,488.59,69.05,149.61,1,1,0.8203
182,42,1651.37,362.57,100.08,118.05,1,1,0.83247
182,6,936.3,362.73,69.75,138.72,1,1,0.72597
182,8,498.11,417.11,61.82,141.47,1,1,0.80903
182,44,1839.99,424.4,76.99,98.41,1,1,0.83248
183,15,894.27,591.2,92.26,181.49,1,1,0.81499
183,25,413.79,448.83,88.01,147.16,1,1,0.80902
183,35,520.94,571.23,92.11,182.29,1,1,0.82894
183,38,62.15,407.35,97.6,149.22,1,1,0.79458
183,31,1099.71,500.58,80.66,164.78,1,1,0.82017
183,41,848.92,381.23,103.14,147.15,1,1,0.8087
183,32,1158.76,488.01,68.1,153.22,1,1,0.79396
183,42,1630.68,361.65,93.42,116.01,1,1,0.8198
183,6,914.38,362.66,69.78,142.52,1,1,0.75557
183,8,475.48,415.76,69.17,150.01,1,1,0.82823
183,44,1806.29,426.4,102.28,102.0,1,1,0.81805
184,15,868.36,588.75,96.97,181.33,1,1,0.83008
184,25,396.82,448.93,80.44,150.34,1,1,0.80628
184,35,490.77,571.01,98.79,181.26,1,1,0.83118
184,38,38.16,404.46,98.03,149.99,1,1,0.79802
184,31,1075.15,498.28,84.41,162.94,1,1,0.79375
184,41,829.16,379.33,98.28,151.61,1,1,0.80215
184,32,1134.37,486.7,66.09,158.94,1,1,0.7552
184,42,1616.07,361.05,85.39,116.89,1,1,0.77556
184,6,892.76,362.7,65.27,145.79,1,1,0.73942
184,8,452.16,414.61,74.02,153.89,1,1,0.85121
184,44,1772.91,426.01,112.26,104.56,1,1,0.7792
185,15,837.47,587.15,110.6,182.01,1,1,0.84263
185,25,373.42,447.63,82.8,151.15,1,1,0.79912
185,35,463.44,570.88,101.01,180.19,1,1,0.83863
185,38,8.11,403.37,107.17,147.84,1,1,0.82582
185,31,1053.63,497.32,82.15,159.81,1,1,0.8039
185,41,814.42,381.72,87.78,150.36,1,1,0.81492
185,32,1111.52,487.15,62.9,158.04,1,1,0.7566
185,42,1596.42,361.57,88.98,118.47,1,1,0.82958
185,6,873.21,366.85,58.7,138.8,1,1,0.76245
185,8,431.62,413.11,77.7,156.42,1,1,0.83982
185,44,1740.17,426.34,114.95,104.98,1,1,0.81581
186,15,807.9,584.9,127.02,183.84,1,1,0.85124
186,25,342.42,445.9,91.28,153.85,1,1,0.84076
186,35,436.74,572.84,97.59,175.99,1,1,0.83863
186,38,-4.88,400.84,105.22,147.43,1,1,0.84959
186,31,1032.94,497.49,82.75,158.72,1,1,0.82377
186,41,806.37,384.46,74.05,147.35,1,1,0.8137
186,32,1089.78,486.68,60.24,141.23,1,1,0.76744
186,42,1572.72,360.35,91.56,122.2,1,1,0.85097
186,6,853.89,368.56,54.36,132.09,1,1,0.80032
186,8,413.45,412.25,78.03,158.93,1,1,0.82491
186,44,1710.24,424.78,110.61,105.18,1,1,0.84512
187,15,766.92,585.65,123.47,183.41,1,1,0.86792
187,25,286.14,443.09,103.97,152.26,1,1,0.86969
187,35,388.79,577.72,81.21,165.73,1,1,0.87214
187,38,-19.97,401.72,80.55,148.41,1,1,0.8524
187,31,989.82,498.15,75.94,157.48,1,1,0.86279
187,41,763.37,383.49,81.55,148.34,1,1,0.83278
187,32,1043.55,483.38,61.22,136.3,1,1,0.8534
187,42,1523.45,362.09,85.99,122.65,1,1,0.87636
187,6,812.65,367.53,51.36,116.86,1,1,0.7397
187,8,373.16,412.81,71.38,160.0,1,1,0.81629
187,44,1650.55,420.38,100.62,107.08,1,1,0.85663
188,15,777.45,586.02,121.64,183.13,1,1,0.86826
188,25,290.26,442.06,108.71,151.49,1,1,0.87011
188,35,395.53,579.62,74.64,161.84,1,1,0.87286
188,38,-0.57,402.17,70.18,148.64,1,1,0.85289
188,31,998.4,498.45,73.26,156.97,1,1,0.86442
188,41,771.29,383.09,83.98,148.67,1,1,0.83381
188,32,1050.81,482.3,61.44,134.55,1,1,0.85287
188,42,1529.66,362.95,83.63,122.57,1,1,0.87847
188,6,821.22,367.14,50.26,111.07,1,1,0.7402
188,8,382.92,413.22,68.48,160.21,1,1,0.81743
188,44,1653.19,418.73,96.28,107.75,1,1,0.85742
189,15,747.42,588.41,97.89,177.71,1,1,0.87402
189,25,252.38,440.69,101.45,148.79,1,1,0.85809
189,35,348.62,580.55,70.99,158.96,1,1,0.87137
189,31,955.9,496.5,75.3,157.85,1,1,0.86453
189,41,727.45,379.73,92.35,141.43,1,1,0.84093
189,32,1009.65,480.22,70.31,137.99,1,1,0.86122
189,42,1477.92,364.77,81.63,117.58,1,1,0.88714
189,6,781.79,364.54,51.85,125.22,1,1,0.69421
189,8,342.67,411.88,67.81,157.79,1,1,0.81618
189,44,1593.03,414.14,97.9,109.13,1,1,0.87209
190,15,759.41,589.49,88.07,175.76,1,1,0.87363
190,25,261.86,440.36,98.29,147.83,1,1,0.85616
190,35,353.66,581.02,69.91,157.84,1,1,0.86978
190,31,962.98,495.94,75.99,158.33,1,1,0.86452
190,41,734.78,378.54,95.27,138.82,1,1,0.83956
190,32,1017.54,479.63,73.5,139.33,1,1,0.86123
190,42,1481.47,365.57,80.89,115.67,1,1,0.88478
190,6,789.68,363.74,52.5,129.86,1,1,0.69589
190,8,350.41,411.51,67.87,156.9,1,1,0.81577
190,44,1593.89,412.62,98.4,109.65,1,1,0.87048
191,15,730.62,588.87,78.54,176.53,1,1,0.8376
191,25,233.97,440.26,85.51,148.36,1,1,0.85101
191,35,303.44,577.2,69.88,162.99,1,1,0.87244
191,31,915.48,492.97,89.74,159.95,1,1,0.849
191,41,699.58,374.88,98.11,144.8,1,1,0.83475
191,32,976.33,477.96,72.68,144.08,1,1,0.85077
191,42,1429.09,368.76,84.63,114.06,1,1,0.89033
191,8,309.49,407.01,72.29,157.7,1,1,0.83733
191,44,1537.59,412.01,95.07,111.33,1,1,0.87644
192,15,740.2,588.61,75.1,176.74,1,1,0.83873
192,25,244.86,440.29,80.41,148.39,1,1,0.85222
192,35,306.05,575.76,69.93,164.85,1,1,0.87366
192,31,919.76,491.86,94.51,160.43,1,1,0.84994
192,41,708.5,373.28,98.98,147.2,1,1,0.83615
192,32,982.65,477.38,72.17,145.7,1,1,0.851
192,42,1431.1,369.91,85.98,113.43,1,1,0.891
192,8,315.76,405.37,73.69,157.9,1,1,0.83886
192,44,1538.3,411.76,93.63,111.89,1,1,0.87726
193,15,696.04,585.18,86.5,177.45,1,1,0.89549
193,25,206.4,437.14,85.73,149.7,1,1,0.85927
193,35,257.61,572.98,76.18,166.84,1,1,0.89828
193,31,884.42,490.57,91.25,155.69,1,1,0.86097
193,41,684.65,368.86,86.7,152.04,1,1,0.85518
193,32,943.24,477.13,68.76,146.52,1,1,0.86172
193,42,1387.15,373.52,90.15,113.81,1,1,0.90775
193,8,287.15,403.69,73.68,153.71,1,1,0.81128
193,44,1486.45,413.73,85.68,114.47,1,1,0.87803
194,15,699.76,583.98,90.44,177.62,1,1,0.89739
194,25,211.72,436.02,88.2,150.74,1,1,0.8567
194,35,259.45,571.94,79.08,167.99,1,1,0.8929
194,31,891.83,490.2,89.24,153.86,1,1,0.86182
194,41,695.77,366.96,81.87,154.4,1,1,0.85555
194,32,948.58,477.2,67.58,146.7,1,1,0.86327
194,42,1390.88,374.98,91.88,113.76,1,1,0.9061
194,8,296.2,402.98,74.03,152.52,1,1,0.81098
194,44,1487.2,414.54,82.69,115.45,1,1,0.87695
195,15,660.34,581.87,111.48,178.14,1,1,0.87547
195,25,175.33,431.79,95.64,151.02,1,1,0.85688
195,35,210.91,564.12,86.74,171.9,1,1,0.85239
195,31,861.7,487.54,77.4,156.29,1,1,0.84923
195,41,673.06,365.51,76.38,156.29,1,1,0.83659
195,32,914.45,471.5,67.39,146.13,1,1,0.82399
195,42,1351.79,378.15,92.83,110.33,1,1,0.86786
195,8,271.01,404.14,70.43,153.11,1,1,0.78245
195,44,1439.27,418.06,84.59,118.16,1,1,0.84792
196,15,651.62,581.95,119.58,173.09,1,1,0.88052
196,25,167.88,430.33,95.35,145.52,1,1,0.86627
196,35,193.3,562.27,86.45,169.62,1,1,0.86782
196,31,851.73,484.65,72.21,158.39,1,1,0.86515
196,41,666.97,365.31,77.74,154.23,1,1,0.80482
196,32,903.87,467.01,65.54,143.05,1,1,0.83528
196,42,1339.51,378.94,89.58,111.25,1,1,0.86816
196,8,267.62,404.25,60.42,151.03,1,1,0.76507
196,44,1419.11,419.93,85.61,118.08,1,1,0.83853
197,15,656.94,582.19,122.95,171.14,1,1,0.88131
197,25,173.24,430.04,95.25,143.39,1,1,0.8666
197,35,194.94,561.74,86.31,168.79,1,1,0.8679
197,31,855.59,483.83,70.52,159.17,1,1,0.86539
197,41,672.43,365.53,78.22,153.32,1,1,0.80595
197,32,907.86,465.54,64.82,141.85,1,1,0.83522
197,42,1343.13,379.34,88.21,111.64,1,1,0.86933
197,8,273.56,404.51,56.68,150.27,1,1,0.76576
197,44,1420.0,420.87,85.94,117.96,1,1,0.83974
198,15,647.02,581.94,121.34,171.56,1,1,0.87394
198,25,165.23,429.29,89.76,142.18,1,1,0.83382
198,35,176.24,562.74,85.95,165.03,1,1,0.85602
198,31,840.46,480.72,67.85,161.18,1,1,0.8543
198,41,657.87,364.16,86.23,150.33,1,1,0.81647
198,32,894.94,461.69,61.82,143.29,1,1,0.84119
198,42,1330.53,379.55,81.56,111.12,1,1,0.85732
198,44,1399.78,420.62,87.45,116.76,1,1,0.84774
199,15,643.32,581.17,109.97,171.71,1,1,0.87715
199,25,164.67,429.88,80.76,137.97,1,1,0.83735
199,35,163.62,562.69,81.08,162.47,1,1,0.86619
199,31,827.96,477.41,68.29,159.19,1,1,0.84475
199,41,649.86,362.75,91.79,144.3,1,1,0.81126
199,32,883.42,456.98,62.69,144.69,1,1,0.80719
199,42,1319.19,379.88,74.59,109.27,1,1,0.84921
199,44,1380.7,416.8,88.6,118.46,1,1,0.84682
200,15,648.88,581.13,87.07,171.64,1,1,0.83039
200,25,170.99,429.76,72.21,134.84,1,1,0.83279
200,35,155.25,562.72,75.8,160.0,1,1,0.87413
200,31,817.19,475.12,70.82,156.22,1,1,0.85571
200,41,646.26,361.87,93.99,141.79,1,1,0.802
200,32,875.08,453.96,63.54,144.56,1,1,0.83755
200,42,1306.94,380.06,72.89,107.22,1,1,0.85025
200,44,1366.06,413.03,87.1,120.53,1,1,0.85489
200,8,267.29,402.16,50.74,122.94,1,1,0.81985
201,15,648.44,576.38,66.55,173.97,1,1,0.87558
201,25,159.49,429.09,66.22,133.95,1,1,0.85026
201,35,136.94,557.27,69.96,162.44,1,1,0.90088
201,31,802.01,468.57,66.84,150.62,1,1,0.87279
201,41,640.74,360.35,84.99,140.44,1,1,0.8356
201,32,857.54,449.6,64.7,145.87,1,1,0.85479
201,42,1281.11,377.29,70.71,106.74,1,1,0.87699
201,44,1338.73,403.55,86.92,126.06,1,1,0.88542
201,8,247.44,393.81,65.32,141.29,1,1,0.88057
202,15,649.19,572.85,64.76,175.39,1,1,0.86775
202,35,130.47,550.28,69.64,168.34,1,1,0.88601
202,31,801.13,466.15,63.09,148.17,1,1,0.86746
202,41,649.59,360.89,74.25,137.75,1,1,0.8307
202,32,857.21,447.97,64.0,145.81,1,1,0.85593
202,42,1270.57,377.31,69.18,106.04,1,1,0.88463
202,44,1327.61,396.74,86.77,131.45,1,1,0.89268
202,8,238.4,389.99,83.07,147.33,1,1,0.86525
203,15,643.84,568.49,68.81,177.25,1,1,0.87471
203,35,121.65,548.47,69.83,168.6,1,1,0.88543
203,31,797.87,463.88,63.03,148.22,1,1,0.85865
203,41,652.63,359.52,66.23,138.61,1,1,0.84346
203,32,856.08,445.8,61.98,144.88,1,1,0.85541
203,42,1258.32,377.37,72.6,106.04,1,1,0.86754
203,44,1316.62,392.6,88.12,134.53,1,1,0.87598
203,8,252.18,387.27,75.14,151.0,1,1,0.8532
203,25,152.9,417.99,87.55,140.15,1,1,0.82037
204,15,636.54,564.56,79.37,178.79,1,1,0.85524
204,35,114.46,547.51,66.91,166.9,1,1,0.86444
204,31,793.01,461.17,65.39,149.21,1,1,0.82611
204,32,851.8,442.5,61.74,145.18,1,1,0.82808
204,42,1242.07,375.89,76.98,113.2,1,1,0.8304
204,44,1303.89,388.47,87.95,137.4,1,1,0.84811
204,8,262.85,386.08,63.88,153.71,1,1,0.85075
204,25,177.16,416.02,70.61,140.73,1,1,0.75019
204,6,649.24,354.3,71.22,143.3,1,1,0.84727
205,15,626.74,561.32,98.83,179.35,1,1,0.86135
205,35,105.95,544.22,65.97,167.8,1,1,0.84123
205,31,787.8,457.05,67.71,150.46,1,1,0.81564
205,32,844.88,438.18,62.89,147.27,1,1,0.81717
205,42,1226.05,374.06,82.6,117.16,1,1,0.82101
205,44,1291.86,385.64,87.03,139.21,1,1,0.84382
205,8,260.06,382.99,64.69,160.18,1,1,0.77412
205,25,179.06,413.84,68.49,141.85,1,1,0.78935
205,6,646.87,352.35,79.42,139.1,1,1,0.83837
206,15,627.88,560.59,106.56,179.63,1,1,0.86143
206,35,107.23,543.44,65.71,168.19,1,1,0.84025
206,31,790.25,456.02,68.72,150.99,1,1,0.81542
206,32,846.73,437.05,63.34,148.1,1,1,0.81651
206,42,1224.64,373.76,84.8,118.73,1,1,0.82077
206,44,1292.06,385.06,86.71,139.86,1,1,0.84358
206,8,263.25,382.2,65.38,162.8,1,1,0.77386
206,25,183.75,413.48,67.93,142.3,1,1,0.78845
206,6,650.78,352.06,82.88,137.73,1,1,0.8385
207,15,617.71,559.08,110.63,175.89,1,1,0.88358
207,35,91.01,543.27,58.07,161.46,1,1,0.85219
207,31,773.21,451.31,74.47,150.9,1,1,0.84946
207,32,834.71,431.78,65.11,142.91,1,1,0.84945
207,42,1202.29,373.43,84.74,117.78,1,1,0.84597
207,44,1269.47,384.84,86.45,136.01,1,1,0.85839
207,8,258.04,383.6,63.54,158.62,1,1,0.83646
207,25,177.92,412.31,65.68,141.78,1,1,0.82215
207,6,639.4,349.46,84.89,137.69,1,1,0.8473
208,15,622.79,559.74,104.99,173.37,1,1,0.91482
208,35,84.97,544.5,51.77,150.91,1,1,0.86195
208,31,770.7,447.82,74.01,149.58,1,1,0.88598
208,32,833.5,428.79,66.1,141.17,1,1,0.87935
208,42,1193.87,373.36,83.99,117.43,1,1,0.85797
208,44,1258.79,386.3,87.47,132.77,1,1,0.87895
208,8,257.82,383.17,68.9,154.3,1,1,0.84952
208,25,182.76,410.01,64.38,142.42,1,1,0.86727
208,6,639.64,348.67,83.84,136.58,1,1,0.86091
209,15,628.54,560.89,93.24,172.05,1,1,0.92171
209,35,77.93,547.8,45.91,142.33,1,1,0.84635
209,31,769.04,445.78,70.9,150.24,1,1,0.90841
209,32,832.06,427.51,66.68,142.05,1,1,0.8801
209,42,1186.01,373.43,82.38,117.21,1,1,0.85824
209,44,1248.11,387.48,90.24,132.18,1,1,0.8801
209,8,258.44,381.84,72.69,151.7,1,1,0.84726
209,25,178.64,408.11,76.54,145.07,1,1,0.86843
209,6,640.46,348.97,78.08,135.28,1,1,0.86528
210,15,635.76,561.24,79.27,171.09,1,1,0.93669
210,35,71.5,551.93,40.2,135.79,1,1,0.81103
210,31,767.59,443.36,68.09,152.15,1,1,0.93745
210,32,832.22,426.72,66.47,144.56,1,1,0.90214
210,42,1179.99,373.08,79.93,115.82,1,1,0.90413
210,44,1237.44,386.71,93.69,132.11,1,1,0.91536
210,8,261.45,379.92,75.06,147.3,1,1,0.87909
210,25,173.38,406.78,85.73,146.33,1,1,0.91201
210,6,640.18,348.63,75.2,135.42,1,1,0.87085
211,15,640.87,560.5,70.4,172.15,1,1,0.92326
211,31,763.15,441.08,69.23,154.23,1,1,0.9307
211,32,827.08,426.09,72.86,146.61,1,1,0.90255
211,42,1173.58,372.89,78.26,115.21,1,1,0.89985
211,44,1225.94,385.57,97.29,133.13,1,1,0.90662
211,8,266.24,378.2,78.3,148.89,1,1,0.86776
211,25,168.46,404.87,93.74,144.36,1,1,0.90263
211,6,641.99,346.96,76.27,135.77,1,1,0.85334
212,15,641.83,558.56,70.02,176.62,1,1,0.88056
212,31,757.28,438.66,72.72,157.01,1,1,0.87957
212,32,825.35,425.91,75.06,147.55,1,1,0.85303
212,42,1165.67,372.63,77.58,117.68,1,1,0.85478
212,44,1215.7,383.13,101.63,138.21,1,1,0.8623
212,8,271.48,376.92,79.63,153.65,1,1,0.83694
212,25,163.99,402.46,104.81,149.38,1,1,0.87714
212,6,644.04,344.98,84.14,136.98,1,1,0.84389
212,2,615.01,343.48,52.39,106.9,1,1,0.7283
213,15,639.81,556.12,71.89,179.72,1,1,0.88839
213,31,751.37,435.38,75.9,158.62,1,1,0.89232
213,32,821.61,425.29,75.0,147.65,1,1,0.87147
213,42,1157.02,373.2,78.73,120.26,1,1,0.86897
213,44,1207.67,379.52,102.66,140.82,1,1,0.8677
213,8,276.01,376.09,73.1,154.31,1,1,0.85701
213,25,166.54,401.13,106.42,151.85,1,1,0.88973
213,6,645.44,342.13,87.35,137.5,1,1,0.88896
213,2,610.06,339.96,53.95,120.04,1,1,0.78972
214,15,642.09,555.19,72.67,181.06,1,1,0.88599
214,31,752.5,434.16,77.21,159.24,1,1,0.88958
214,32,823.55,425.06,75.0,147.75,1,1,0.86854
214,42,1157.16,373.36,79.23,121.31,1,1,0.86645
214,44,1208.3,378.15,103.0,141.9,1,1,0.86525
214,8,280.56,375.72,70.68,154.94,1,1,0.85439
214,25,171.02,400.55,107.28,153.27,1,1,0.88686
214,6,649.34,341.01,88.64,137.78,1,1,0.88679
214,2,611.51,338.72,54.42,123.35,1,1,0.7893
215,15,625.91,551.66,89.96,182.58,1,1,0.89208
215,31,740.94,429.99,80.4,153.12,1,1,0.9016
215,32,815.24,421.75,76.23,143.92,1,1,0.8731
215,42,1137.35,373.81,84.74,122.92,1,1,0.8608
215,44,1197.8,373.86,95.39,144.04,1,1,0.8748
215,8,282.43,373.99,61.94,156.65,1,1,0.86329
215,25,180.93,399.65,88.22,152.22,1,1,0.86731
215,6,642.0,337.73,85.38,131.63,1,1,0.89604
215,2,597.46,337.04,56.63,121.84,1,1,0.88286
215,35,50.46,532.27,45.25,163.93,1,1,0.81103
216,15,622.11,549.75,99.2,178.72,1,1,0.93523
216,31,740.73,427.0,78.56,149.58,1,1,0.94031
216,32,813.95,420.03,77.83,140.2,1,1,0.93199
216,42,1128.94,373.8,89.26,122.52,1,1,0.92213
216,44,1200.23,371.65,80.95,142.86,1,1,0.92028
216,8,285.14,371.7,64.12,154.99,1,1,0.90471
216,25,197.77,399.38,70.88,149.58,1,1,0.91231
216,6,641.52,336.16,79.41,129.71,1,1,0.93323
216,2,589.62,338.21,61.91,118.07,1,1,0.9297
216,35,39.23,528.56,48.73,167.84,1,1,0.85282
217,15,619.07,549.26,103.52,175.52,1,1,0.92941
217,31,739.45,425.72,80.43,149.77,1,1,0.93994
217,32,817.44,418.15,74.11,139.14,1,1,0.92385
217,42,1119.96,372.53,94.88,123.53,1,1,0.91721
217,44,1202.07,370.25,70.4,142.84,1,1,0.91231
217,8,281.23,368.46,72.48,153.28,1,1,0.89891
217,25,197.39,397.96,80.94,148.93,1,1,0.89706
217,6,638.09,333.68,73.07,130.28,1,1,0.91869
217,2,580.65,338.28,69.22,118.54,1,1,0.92891
217,35,24.48,526.87,52.81,168.68,1,1,0.88542
218,15,618.6,550.19,101.27,174.83,1,1,0.92484
218,31,739.4,423.53,79.15,151.96,1,1,0.93918
218,32,827.78,416.54,63.48,139.24,1,1,0.9176
218,42,1112.44,370.7,98.26,123.82,1,1,0.92587
218,44,1199.59,368.76,66.29,144.23,1,1,0.91691
218,8,276.7,366.23,81.57,153.57,1,1,0.88826
218,25,190.64,396.1,89.43,150.75,1,1,0.91067
218,6,632.61,329.72,69.55,132.71,1,1,0.90265
218,2,571.36,337.62,73.31,120.47,1,1,0.93211
218,35,11.74,525.71,53.95,169.35,1,1,0.89399
219,15,621.19,550.39,91.92,175.01,1,1,0.91225
219,31,737.58,420.96,78.49,153.65,1,1,0.92935
219,32,833.3,414.06,59.88,139.08,1,1,0.89883
219,42,1105.88,368.2,102.41,126.8,1,1,0.90357
219,44,1198.81,365.91,62.04,144.53,1,1,0.86249
219,8,279.89,364.26,84.56,152.52,1,1,0.86045
219,25,183.0,393.11,100.66,153.33,1,1,0.90227
219,6,621.43,324.14,77.0,137.26,1,1,0.89524
219,2,560.2,335.29,75.94,122.93,1,1,0.92349
219,35,2.35,526.54,51.02,169.82,1,1,0.91642
220,15,623.78,550.59,81.65,176.53,1,1,0.9086
220,31,732.24,418.07,80.86,155.03,1,1,0.92317
220,32,832.93,411.14,64.09,141.06,1,1,0.89879
220,42,1101.15,366.97,104.63,127.73,1,1,0.90699
220,44,1198.94,363.29,57.82,143.62,1,1,0.88391
220,8,287.71,363.1,82.94,151.97,1,1,0.86512
220,25,177.66,391.0,113.63,152.83,1,1,0.90088
220,6,614.48,318.98,89.29,141.89,1,1,0.90216
220,2,548.78,333.52,77.66,123.58,1,1,0.92524
220,35,-0.86,527.16,43.51,168.7,1,1,0.88229
221,15,622.54,549.65,77.41,179.66,1,1,0.89749
221,31,723.16,414.93,87.71,158.53,1,1,0.92403
221,32,829.33,407.73,73.48,143.33,1,1,0.89176
221,42,1098.04,366.84,106.2,126.11,1,1,0.8934
221,44,1196.53,361.08,56.52,142.55,1,1,0.8767
221,8,288.24,361.89,85.63,155.13,1,1,0.83115
221,25,175.71,388.85,120.1,154.65,1,1,0.88952
221,6,611.33,313.72,95.01,145.58,1,1,0.87958
221,2,536.46,329.96,78.66,125.69,1,1,0.91015
221,35,-1.59,525.44,34.22,173.95,1,1,0.7771
222,15,618.08,546.17,75.67,186.73,1,1,0.88325
222,31,715.32,411.55,91.86,159.89,1,1,0.88001
222,32,823.87,402.42,84.24,147.14,1,1,0.86399
222,42,1096.96,367.08,106.18,125.15,1,1,0.87144
222,44,1195.68,358.54,55.97,142.3,1,1,0.85404
222,8,286.31,359.4,81.43,159.4,1,1,0.82245
222,25,175.91,386.49,120.35,160.28,1,1,0.87544
222,6,610.02,308.67,97.81,147.41,1,1,0.8543
222,2,522.65,325.09,80.25,129.56,1,1,0.87967
222,35,-1.39,526.6,26.75,175.88,1,1,0.68591
223,15,612.22,542.73,77.13,188.91,1,1,0.90831
223,31,712.59,408.07,92.42,155.58,1,1,0.90934
223,32,818.67,399.07,94.03,146.74,1,1,0.9004
223,42,1101.27,367.7,100.83,123.72,1,1,0.87183
223,44,1195.59,356.77,55.47,145.96,1,1,0.86781
223,8,293.79,359.3,66.33,157.75,1,1,0.85838
223,25,186.4,385.63,102.43,157.55,1,1,0.88603
223,6,610.3,305.55,98.24,146.68,1,1,0.88304
223,2,511.62,322.74,79.13,128.29,1,1,0.91434
224,15,607.24,539.34,78.76,190.99,1,1,0.91279
224,31,711.68,405.23,89.83,155.33,1,1,0.91998
224,32,818.35,395.46,94.8,144.59,1,1,0.91078
224,42,1108.42,368.51,92.71,121.9,1,1,0.86519
224,44,1195.22,356.62,56.69,145.63,1,1,0.87567
224,8,300.1,356.8,60.44,159.81,1,1,0.89133
224,25,198.89,384.13,83.92,158.37,1,1,0.89721
224,6,611.77,303.66,95.77,145.77,1,1,0.89684
224,2,500.7,318.81,74.37,129.25,1,1,0.9282
225,15,607.45,537.98,79.37,191.75,1,1,0.91276
225,31,713.5,404.17,88.74,155.24,1,1,0.91996
225,32,820.4,394.1,94.98,143.75,1,1,0.91063
225,42,1113.26,368.73,89.6,121.2,1,1,0.86499
225,44,1197.15,356.54,57.16,145.46,1,1,0.87528
225,8,303.83,355.83,58.53,160.54,1,1,0.89153
225,25,204.97,383.53,77.04,158.63,1,1,0.8971
225,6,614.48,302.95,94.7,145.42,1,1,0.89657
225,2,498.85,317.31,72.4,129.59,1,1,0.92798
226,15,598.56,534.61,87.05,190.59,1,1,0.90587
226,31,713.51,400.27,80.84,159.16,1,1,0.92174
226,32,825.29,390.59,83.22,148.06,1,1,0.9176
226,42,1112.65,369.08,85.42,121.01,1,1,0.87146
226,44,1190.34,356.42,71.65,143.45,1,1,0.88817
226,8,297.25,350.89,64.26,154.76,1,1,0.89236
226,25,206.75,377.91,76.45,163.48,1,1,0.91131
226,6,608.33,303.16,96.89,143.55,1,1,0.89811
226,2,479.51,310.2,64.43,135.17,1,1,0.92967
227,15,594.06,533.56,91.8,186.6,1,1,0.92118
227,31,717.45,396.36,75.19,163.0,1,1,0.92358
227,32,837.74,388.2,72.55,150.91,1,1,0.92531
227,42,1108.84,367.37,88.39,121.24,1,1,0.86739
227,44,1187.55,356.1,81.97,142.07,1,1,0.89228
227,8,294.74,345.61,72.28,154.43,1,1,0.90171
227,25,204.02,373.47,84.44,167.09,1,1,0.90756
227,6,605.99,302.89,94.54,141.82,1,1,0.91366
227,2,466.22,303.99,58.27,140.73,1,1,0.92924
228,15,590.56,534.37,92.59,184.67,1,1,0.92887
228,31,718.95,392.08,73.84,166.89,1,1,0.93049
228,32,840.05,386.11,72.7,152.25,1,1,0.9379
228,42,1102.81,365.12,93.97,122.19,1,1,0.87721
228,44,1187.33,356.36,87.08,140.06,1,1,0.90134
228,8,295.89,341.59,79.78,155.0,1,1,0.91723
228,25,199.04,370.84,92.52,164.56,1,1,0.92388
228,6,603.06,303.04,92.14,143.35,1,1,0.9253
228,2,452.56,299.01,54.57,143.91,1,1,0.93085
229,15,591.37,534.45,92.83,183.93,1,1,0.92932
229,31,721.44,390.25,73.39,168.34,1,1,0.93076
229,32,842.79,385.12,72.76,152.74,1,1,0.93831
229,42,1102.71,364.01,96.09,122.53,1,1,0.87786
229,44,1189.58,356.26,89.11,139.26,1,1,0.90186
229,8,298.52,339.88,82.77,155.22,1,1,0.91773
229,25,199.16,369.64,95.7,163.48,1,1,0.92443
229,6,604.0,302.88,91.16,143.91,1,1,0.92551
229,2,450.06,296.9,53.34,145.09,1,1,0.93111
230,15,582.68,537.38,88.96,184.09,1,1,0.94502
230,31,712.43,385.88,80.31,167.01,1,1,0.93353
230,32,838.21,380.37,78.87,154.76,1,1,0.93091
230,42,1094.8,361.03,101.22,126.87,1,1,0.8775
230,44,1187.69,356.47,80.58,139.49,1,1,0.88942
230,8,298.74,338.04,80.98,157.97,1,1,0.92418
230,25,191.7,369.4,111.63,160.56,1,1,0.93188
230,6,590.63,300.98,97.2,146.41,1,1,0.92564
230,2,427.66,294.04,52.02,139.97,1,1,0.93792
231,15,579.37,537.44,86.31,186.84,1,1,0.95049
231,31,710.88,382.5,85.48,162.81,1,1,0.94081
231,32,838.6,376.98,87.89,154.06,1,1,0.93458
231,42,1093.87,356.08,101.37,131.62,1,1,0.89019
231,44,1186.6,352.48,75.74,143.63,1,1,0.90025
231,8,298.09,336.8,79.05,160.27,1,1,0.92881
231,25,193.19,368.99,117.46,162.36,1,1,0.94166
231,6,585.52,297.94,101.44,150.5,1,1,0.9401
231,2,411.36,291.44,55.41,139.69,1,1,0.94354
232,15,576.19,537.67,84.36,190.43,1,1,0.92818
232,31,710.06,381.1,90.5,162.41,1,1,0.91348
232,32,840.45,375.09,94.3,150.62,1,1,0.896
232,42,1093.27,353.24,100.67,135.28,1,1,0.87154
232,44,1185.71,349.08,71.68,148.75,1,1,0.87436
232,8,300.4,336.73,72.19,163.58,1,1,0.86913
232,25,199.98,371.02,114.34,164.91,1,1,0.91852
232,6,581.18,295.28,103.54,153.81,1,1,0.92493
232,2,396.94,290.68,59.01,140.53,1,1,0.92352
233,15,573.06,537.56,82.11,193.83,1,1,0.92152
233,31,714.23,380.89,89.81,163.83,1,1,0.91151
233,32,845.66,374.22,92.41,152.09,1,1,0.90686
233,42,1097.21,349.98,95.94,138.79,1,1,0.88118
233,44,1185.01,346.72,73.12,151.38,1,1,0.88373
233,8,306.45,334.63,64.66,168.11,1,1,0.88816
233,25,210.72,372.52,98.04,166.53,1,1,0.92089
233,6,579.31,293.14,98.67,156.56,1,1,0.92241
233,2,382.27,289.38,64.46,142.41,1,1,0.922
234,15,573.59,536.57,81.27,195.12,1,1,0.92117
234,31,717.65,379.97,89.44,164.37,1,1,0.91131
234,32,849.19,373.05,91.74,152.68,1,1,0.90617
234,42,1100.41,347.73,94.11,140.19,1,1,0.881
234,44,1186.4,344.92,73.69,152.38,1,1,0.88339
234,8,310.04,332.94,61.86,169.81,1,1,0.88773
234,25,216.39,372.2,91.23,167.12,1,1,0.92039
234,6,580.36,291.42,96.61,157.59,1,1,0.92201
234,2,378.7,288.04,66.5,143.14,1,1,0.92206
235,15,565.71,536.43,82.07,200.17,1,1,0.89274
235,31,718.01,381.41,86.25,168.32,1,1,0.88439
235,32,864.9,374.13,75.68,155.71,1,1,0.84761
235,42,1098.32,346.26,93.4,145.25,1,1,0.86693
235,44,1182.97,345.06,74.47,151.82,1,1,0.86817
235,8,310.65,331.35,62.89,163.42,1,1,0.85024
235,25,231.87,372.53,78.29,172.51,1,1,0.87275
235,6,572.78,291.71,94.72,161.42,1,1,0.89513
235,2,363.17,286.78,63.51,141.29,1,1,0.85755
236,15,566.07,534.59,82.39,202.08,1,1,0.89226
236,31,721.41,380.23,84.98,169.79,1,1,0.88402
236,32,874.14,372.81,69.05,156.86,1,1,0.84687
236,42,1100.77,343.91,93.14,147.15,1,1,0.8667
236,44,1184.97,343.37,74.76,151.58,1,1,0.86782
236,8,313.9,329.0,63.25,160.86,1,1,0.8494
236,25,240.33,370.89,73.48,174.54,1,1,0.87215
236,6,573.22,290.06,94.0,162.86,1,1,0.89463
236,2,361.02,284.6,62.23,140.59,1,1,0.85678
237,15,561.55,535.83,86.72,203.92,1,1,0.89657
237,31,719.0,380.46,85.81,172.18,1,1,0.88563
237,32,880.62,373.7,66.97,157.78,1,1,0.85887
237,42,1097.78,345.67,94.41,146.48,1,1,0.87075
237,44,1183.95,344.32,72.35,150.45,1,1,0.86413
237,8,311.32,328.57,67.9,165.47,1,1,0.85281
237,25,240.67,371.19,71.51,176.5,1,1,0.88872
237,6,566.96,290.26,93.91,160.67,1,1,0.88738
237,2,354.14,285.02,59.69,130.44,1,1,0.84574
238,15,555.4,537.09,91.43,203.74,1,1,0.87083
238,31,712.77,378.85,91.47,177.31,1,1,0.87001
238,32,883.97,371.58,70.66,159.88,1,1,0.82616
238,42,1094.17,348.58,97.99,145.57,1,1,0.86246
238,44,1183.64,344.78,71.55,149.16,1,1,0.8514
238,8,309.84,327.52,73.56,171.63,1,1,0.80262
238,25,231.87,370.04,85.88,184.54,1,1,0.83727
238,6,554.25,288.72,98.12,163.55,1,1,0.86201
238,2,347.37,283.8,58.81,115.17,1,1,0.74836
239,15,550.19,540.0,92.31,201.77,1,1,0.87153
239,31,706.67,378.9,99.32,177.5,1,1,0.85883
239,32,885.8,370.89,73.93,161.34,1,1,0.82865
239,42,1092.43,351.11,99.59,143.9,1,1,0.85721
239,44,1184.81,345.52,72.36,141.59,1,1,0.78473
239,8,312.02,328.63,81.01,174.44,1,1,0.80023
239,25,222.6,369.8,102.99,190.79,1,1,0.85302
239,6,546.45,287.14,97.59,167.29,1,1,0.85257
240,15,542.21,549.49,92.74,197.72,1,1,0.85481
240,31,697.12,383.59,111.77,171.15,1,1,0.83906
240,32,884.31,373.92,93.61,161.59,1,1,0.80253
240,42,1088.35,356.39,103.68,142.35,1,1,0.83612
240,44,1182.74,348.78,84.68,146.51,1,1,0.84546
240,8,315.33,337.55,85.15,173.37,1,1,0.79997
240,25,217.78,376.26,124.07,186.08,1,1,0.82858
240,6,537.46,286.72,98.31,172.45,1,1,0.8315
241,15,541.11,549.65,92.92,196.22,1,1,0.85488
241,31,695.37,381.99,116.73,168.68,1,1,0.83923
241,32,885.89,371.7,100.91,161.75,1,1,0.80342
241,42,1088.76,354.94,105.2,141.77,1,1,0.83683
241,44,1183.95,346.68,89.19,148.29,1,1,0.84585
241,8,318.59,337.56,86.79,172.91,1,1,0.79999
241,25,217.85,375.27,132.94,184.09,1,1,0.8293
241,6,536.02,283.11,98.61,174.43,1,1,0.83165
242,15,533.53,558.92,93.43,197.54,1,1,0.8833
242,31,708.52,388.83,104.2,171.11,1,1,0.84449
242,32,887.24,379.6,108.55,159.25,1,1,0.85349
242,42,1095.18,361.23,99.72,142.87,1,1,0.84335
242,44,1181.69,352.44,87.5,151.46,1,1,0.85982
242,8,329.42,345.67,68.58,172.14,1,1,0.78647
242,25,224.98,387.39,127.19,182.35,1,1,0.87204
242,6,536.13,287.17,93.21,174.53,1,1,0.87587
242,2,304.79,294.36,62.43,122.7,1,1,0.72915
243,15,527.64,561.6,93.6,200.5,1,1,0.87418
243,31,721.33,388.58,91.45,176.38,1,1,0.84296
243,32,897.45,382.55,106.01,162.25,1,1,0.83169
243,42,1103.62,362.43,93.26,143.65,1,1,0.84038
243,44,1180.4,353.96,83.36,152.68,1,1,0.85348
243,8,335.19,346.76,60.07,174.4,1,1,0.80154
243,25,237.18,394.05,108.8,178.59,1,1,0.85423
243,6,535.06,286.64,91.74,175.43,1,1,0.86383
243,2,295.28,294.54,65.52,122.57,1,1,0.76508
244,15,526.47,561.17,93.63,201.59,1,1,0.87442
244,31,726.89,387.06,86.69,178.4,1,1,0.84379
244,32,902.51,382.26,104.72,163.37,1,1,0.83172
244,42,1107.64,361.48,90.84,143.93,1,1,0.84056
244,44,1180.83,353.16,81.7,153.14,1,1,0.85369
244,8,337.77,345.78,57.31,175.23,1,1,0.8017
244,25,242.85,395.17,101.07,177.12,1,1,0.85468
244,6,535.7,285.1,91.19,175.67,1,1,0.86494
244,2,292.99,293.37,66.52,122.43,1,1,0.7656
245,15,515.77,561.56,91.59,208.2,1,1,0.88073
245,31,730.63,385.51,80.31,183.08,1,1,0.85896
245,32,916.6,384.03,91.9,165.81,1,1,0.83428
245,42,1118.94,363.07,78.9,145.03,1,1,0.79272
245,44,1178.77,355.85,75.14,155.05,1,1,0.83418
245,8,342.41,342.49,60.92,174.7,1,1,0.81623
245,25,263.09,398.19,79.63,180.38,1,1,0.82098
245,6,525.25,288.75,95.97,177.17,1,1,0.86482
245,2,272.02,293.71,78.73,138.46,1,1,0.78675
246,15,513.49,559.81,90.75,210.64,1,1,0.88102
246,31,733.45,383.06,77.97,184.83,1,1,0.85909
246,32,923.54,382.86,86.52,166.72,1,1,0.83356
246,42,1124.68,361.82,74.32,145.41,1,1,0.79123
246,44,1179.59,355.01,72.69,155.79,1,1,0.83413
246,8,345.57,339.38,62.16,174.44,1,1,0.81643
246,25,272.02,397.43,71.24,181.58,1,1,0.82098
246,6,523.16,288.33,97.69,177.67,1,1,0.86496
246,2,265.87,291.92,83.3,144.38,1,1,0.78703
247,15,508.83,558.48,89.37,212.69,1,1,0.89074
247,31,735.0,382.32,75.95,182.6,1,1,0.86673
247,32,928.45,379.82,81.31,167.65,1,1,0.84674
247,42,1129.19,362.83,70.9,145.33,1,1,0.78346
247,44,1176.32,353.94,73.43,157.33,1,1,0.84681
247,8,347.07,336.26,61.04,176.44,1,1,0.86208
247,25,276.62,394.97,66.65,185.1,1,1,0.83554
247,6,514.33,290.01,103.22,176.97,1,1,0.85622
247,2,256.3,290.94,89.06,147.45,1,1,0.80659
248,15,504.67,556.87,88.6,215.47,1,1,0.87666
248,31,735.46,379.67,77.65,181.11,1,1,0.8639
248,32,931.88,376.16,80.25,168.28,1,1,0.85572
248,42,1132.04,363.16,69.29,147.63,1,1,0.77707
248,44,1173.41,351.4,74.39,161.44,1,1,0.84515
248,8,349.22,333.11,64.43,177.41,1,1,0.85979
248,25,277.12,392.99,69.97,187.41,1,1,0.83747
248,6,507.77,290.38,105.89,177.57,1,1,0.84354
248,2,246.36,289.95,94.19,148.98,1,1,0.8539
249,15,499.68,556.64,88.61,214.61,1,1,0.88488
249,31,738.31,378.82,77.82,177.55,1,1,0.85873
249,32,936.06,372.66,78.06,172.13,1,1,0.84828
249,44,1168.3,349.17,76.01,164.15,1,1,0.82716
249,8,350.17,332.54,75.27,177.1,1,1,0.87215
249,25,273.58,392.02,78.29,188.95,1,1,0.85556
249,6,497.96,290.04,110.05,179.62,1,1,0.85879
249,2,238.16,290.4,98.8,145.66,1,1,0.85543
250,15,495.15,558.03,88.04,212.37,1,1,0.90837
250,31,742.91,380.0,74.71,174.38,1,1,0.87982
250,32,942.46,369.98,75.76,170.44,1,1,0.85869
250,44,1164.88,346.47,74.58,165.45,1,1,0.70261
250,8,356.42,333.11,77.37,177.06,1,1,0.88097
250,25,270.78,391.55,90.67,186.98,1,1,0.8793
250,6,491.1,289.44,109.51,182.65,1,1,0.89082
250,2,233.96,290.14,98.7,139.65,1,1,0.85431
250,42,1137.23,353.7,87.89,159.9,1,1,0.65211
251,15,485.82,565.46,89.35,209.7,1,1,0.91153
251,31,750.94,382.25,75.1,175.57,1,1,0.89824
251,32,952.99,371.39,75.23,167.93,1,1,0.85864
251,44,1156.47,345.66,78.55,167.47,1,1,0.80946
251,8,365.87,337.62,70.21,177.61,1,1,0.87096
251,25,271.7,395.15,104.95,183.26,1,1,0.89508
251,6,490.41,289.86,97.83,183.93,1,1,0.88792
251,2,231.34,291.7,92.95,147.04,1,1,0.83781
252,15,483.76,566.35,89.82,208.64,1,1,0.91164
252,31,754.99,381.24,75.26,176.02,1,1,0.89824
252,32,957.83,370.08,75.07,166.95,1,1,0.85882
252,44,1154.67,343.45,80.12,168.38,1,1,0.81065
252,8,370.71,337.46,67.23,177.8,1,1,0.87108
252,25,273.47,394.62,110.75,181.8,1,1,0.89523
252,6,491.76,288.11,93.12,184.36,1,1,0.88806
252,2,232.13,290.38,90.53,149.69,1,1,0.83811
253,15,478.56,570.45,91.94,208.74,1,1,0.88932
253,31,760.19,381.12,75.16,179.09,1,1,0.86426
253,32,964.06,372.61,74.17,167.78,1,1,0.85573
253,44,1150.71,343.05,85.71,171.97,1,1,0.86102
253,8,375.8,338.93,63.89,180.16,1,1,0.85329
253,25,278.04,398.0,109.28,181.53,1,1,0.87585
253,6,492.45,289.12,87.72,181.21,1,1,0.87506
253,2,233.81,288.9,85.86,154.01,1,1,0.85224
253,42,1121.46,372.16,68.86,131.55,1,1,0.75536
254,15,470.27,576.16,94.56,212.57,1,1,0.90722
254,31,764.98,380.04,79.49,184.92,1,1,0.8576
254,32,974.43,378.92,72.65,168.75,1,1,0.85246
254,44,1142.82,346.71,88.76,172.81,1,1,0.85899
254,8,387.42,339.59,67.51,185.95,1,1,0.87041
254,25,294.56,404.26,89.22,184.51,1,1,0.88536
254,6,490.03,292.86,78.64,181.44,1,1,0.88648
254,2,234.2,284.49,81.42,164.93,1,1,0.86157
254,42,1117.04,379.34,84.78,140.83,1,1,0.68727
255,15,468.3,575.66,95.57,213.99,1,1,0.90712
255,31,767.7,377.01,81.13,187.11,1,1,0.85744
255,32,978.98,378.71,72.13,169.09,1,1,0.85241
255,44,1140.83,345.53,89.96,173.2,1,1,0.85887
255,8,392.56,337.22,68.78,188.12,1,1,0.87022
255,25,302.12,403.98,80.58,185.61,1,1,0.88524
255,6,490.28,291.69,75.43,181.49,1,1,0.88612
255,2,235.66,280.12,79.72,169.07,1,1,0.8614
255,42,1117.09,379.33,88.4,143.21,1,1,0.67011
256,15,465.05,576.27,95.02,216.74,1,1,0.9043
256,31,768.19,378.07,86.79,184.54,1,1,0.85842
256,32,983.76,381.43,71.31,165.99,1,1,0.86499
256,44,1132.15,349.02,97.67,175.08,1,1,0.83181
256,8,393.96,336.93,69.25,190.31,1,1,0.88561
256,25,310.74,406.63,75.8,187.18,1,1,0.88199
256,6,487.34,291.23,72.29,184.25,1,1,0.88564
256,2,231.63,278.45,81.07,173.14,1,1,0.87526
257,15,460.2,576.48,95.34,220.06,1,1,0.90097
257,31,766.78,379.26,94.07,181.39,1,1,0.86489
257,32,988.14,382.23,77.21,166.62,1,1,0.85693
257,8,395.2,335.52,74.83,190.09,1,1,0.87978
257,25,319.9,405.51,75.05,191.54,1,1,0.88239
257,6,483.12,288.71,70.42,188.43,1,1,0.87178
257,2,227.86,276.76,82.13,175.23,1,1,0.86535
257,42,1112.68,360.2,103.11,169.16,1,1,0.85913
258,15,455.37,574.27,95.33,224.23,1,1,0.91309
258,31,770.81,380.7,96.53,177.41,1,1,0.86372
258,32,992.71,383.78,85.82,162.42,1,1,0.86307
258,8,397.43,333.8,82.33,190.44,1,1,0.89492
258,25,326.24,402.95,72.11,196.44,1,1,0.88667
258,6,479.23,285.98,67.85,192.08,1,1,0.8829
258,2,225.93,275.66,81.86,170.3,1,1,0.87471
258,42,1109.42,355.45,100.29,177.13,1,1,0.87654
259,15,450.58,572.01,96.98,227.88,1,1,0.90032
259,31,777.79,381.96,96.64,177.02,1,1,0.85589
259,32,996.23,383.51,95.3,161.11,1,1,0.86007
259,8,402.72,332.82,91.13,190.19,1,1,0.87186
259,25,329.92,400.0,77.58,200.48,1,1,0.86869
259,6,475.54,283.59,66.76,189.24,1,1,0.86372
259,2,225.03,275.14,81.98,164.99,1,1,0.86816
259,42,1102.95,350.51,102.73,183.59,1,1,0.8595
260,15,443.85,573.57,98.14,230.7,1,1,0.88784
260,31,788.31,381.42,97.72,183.68,1,1,0.85812
260,32,1000.69,387.92,100.55,160.03,1,1,0.85378
260,8,414.56,337.66,99.27,186.48,1,1,0.858
260,25,332.27,399.24,85.36,200.34,1,1,0.86532
260,6,471.57,282.7,64.28,184.63,1,1,0.84618
260,2,226.16,278.32,79.94,161.2,1,1,0.84423
260,42,1111.22,348.12,96.73,189.21,1,1,0.83407
261,15,441.56,572.84,98.56,231.74,1,1,0.88781
261,31,792.37,379.92,98.13,186.19,1,1,0.85756
261,32,1002.4,388.35,102.67,159.6,1,1,0.85349
261,8,419.26,338.25,102.72,185.02,1,1,0.85808
261,25,333.25,397.63,88.32,200.19,1,1,0.86476
261,6,470.4,281.06,63.53,182.89,1,1,0.84577
261,2,226.86,278.27,79.2,159.74,1,1,0.84329
261,42,1114.65,345.87,94.25,191.32,1,1,0.83386
261,45,1074.17,347.63,64.75,141.79,1,1,0.81264
262,15,435.14,579.37,100.11,228.77,1,1,0.91276
262,31,799.63,379.04,94.09,189.81,1,1,0.90016
262,32,1009.41,391.89,97.32,162.33,1,1,0.85983
262,8,431.3,345.58,94.96,182.86,1,1,0.86616
262,25,338.87,400.6,90.81,198.95,1,1,0.88973
262,6,464.6,282.15,63.44,164.01,1,1,0.72487
262,2,226.37,280.37,80.27,160.07,1,1,0.83998
262,42,1120.36,347.74,98.44,191.09,1,1,0.88106
262,45,1059.75,348.6,76.77,161.22,1,1,0.82853
263,15,430.3,584.89,101.37,225.56,1,1,0.91739
263,31,805.42,377.76,89.04,189.58,1,1,0.91407
263,32,1013.17,394.56,94.76,164.3,1,1,0.86482
263,8,445.21,351.17,85.42,181.37,1,1,0.86511
263,25,345.99,404.39,88.15,197.7,1,1,0.8754
263,6,451.9,281.18,70.1,126.29,1,1,0.76321
263,2,237.01,280.23,67.7,160.88,1,1,0.82433
263,45,1046.8,352.5,88.78,170.66,1,1,0.82848
264,15,428.53,585.98,101.84,224.31,1,1,0.91699
264,31,807.27,376.32,87.14,189.46,1,1,0.91291
264,32,1014.31,394.71,93.76,164.93,1,1,0.86385
264,8,450.08,352.29,81.69,180.86,1,1,0.86499
264,25,348.37,404.87,87.14,197.18,1,1,0.87479
264,6,447.39,280.23,72.44,112.65,1,1,0.76325
264,2,241.4,279.24,62.66,161.18,1,1,0.82493
264,45,1042.07,353.09,93.23,173.62,1,1,0.82877
264,42,1124.16,350.03,103.03,188.53,1,1,0.89054
265,15,424.98,591.17,102.77,223.15,1,1,0.9313
265,31,811.9,379.0,85.51,188.05,1,1,0.93713
265,32,1015.14,394.87,93.2,168.66,1,1,0.87595
265,8,460.97,352.36,81.47,185.12,1,1,0.89267
265,25,359.99,410.05,78.46,195.34,1,1,0.89854
265,6,444.49,279.27,72.36,115.05,1,1,0.79415
265,2,241.62,279.55,61.2,158.91,1,1,0.8644
265,45,1033.35,360.6,95.66,160.5,1,1,0.79454
265,42,1122.74,353.88,107.39,187.12,1,1,0.89752
266,15,420.89,596.22,102.95,223.47,1,1,0.92777
266,31,818.4,382.02,85.83,188.68,1,1,0.92711
266,32,1014.83,386.01,94.15,181.94,1,1,0.87949
266,8,471.56,348.72,80.73,192.57,1,1,0.884
266,25,369.21,414.7,73.89,194.54,1,1,0.89669
266,6,443.11,278.78,71.36,152.28,1,1,0.84094
266,2,242.98,279.36,58.31,164.49,1,1,0.88441
266,42,1121.83,357.1,111.48,188.38,1,1,0.89945
267,15,412.27,602.77,101.3,227.05,1,1,0.91088
267,31,829.82,389.47,96.36,188.78,1,1,0.90772
267,32,1007.9,390.03,91.22,181.33,1,1,0.86558
267,8,482.02,346.8,77.65,198.25,1,1,0.86654
267,25,379.97,422.18,72.5,198.61,1,1,0.88787
267,6,438.32,281.97,71.42,177.16,1,1,0.84819
267,2,240.69,281.12,64.15,164.6,1,1,0.87634
267,42,1122.8,370.42,111.4,187.07,1,1,0.89584
268,15,408.57,601.9,100.66,228.41,1,1,0.91127
268,31,833.45,389.03,100.18,188.8,1,1,0.90799
268,32,1004.43,388.22,89.99,180.98,1,1,0.86546
268,8,485.0,342.69,76.48,200.45,1,1,0.86689
268,25,383.07,421.69,72.06,200.13,1,1,0.88775
268,6,436.12,279.68,71.47,187.88,1,1,0.84857
268,2,239.45,278.5,66.08,164.61,1,1,0.87633
268,42,1122.54,372.17,111.31,186.59,1,1,0.8958
268,46,0.0,374.98,33.88,192.26,1,1,0.83
269,15,401.73,605.81,100.09,232.06,1,1,0.8548
269,31,843.05,395.63,104.71,190.68,1,1,0.84924
269,32,991.19,390.48,103.91,178.08,1,1,0.82818
269,8,493.59,344.92,96.73,203.0,1,1,0.85282
269,25,392.99,425.75,74.66,197.39,1,1,0.82087
269,6,429.18,284.11,76.64,188.37,1,1,0.84141
269,2,236.35,282.4,72.56,167.17,1,1,0.82109
269,42,1119.01,383.82,117.87,183.55,1,1,0.85231
269,46,0.56,381.01,29.87,195.87,1,1,0.81446
270,15,398.4,604.37,99.87,233.42,1,1,0.85452
270,31,845.69,395.27,106.43,191.39,1,1,0.84909
270,32,985.59,388.49,108.98,176.9,1,1,0.82865
270,8,496.06,342.88,103.74,203.93,1,1,0.85251
270,25,395.6,424.38,75.56,196.32,1,1,0.82031
270,6,425.76,282.93,78.55,188.29,1,1,0.84102
270,2,234.28,281.03,75.01,168.12,1,1,0.82071
270,42,1116.76,385.3,120.31,182.47,1,1,0.85186
270,46,-0.05,380.42,28.58,197.15,1,1,0.81402
271,15,389.71,609.1,102.12,239.58,1,1,0.86246
271,31,851.86,405.04,105.48,192.02,1,1,0.8501
271,32,990.29,393.46,95.6,180.64,1,1,0.7999
271,8,511.92,353.4,104.08,204.49,1,1,0.84139
271,25,403.74,432.45,80.14,198.21,1,1,0.79505
271,6,420.67,291.41,81.23,186.55,1,1,0.83607
271,2,233.7,289.9,69.34,169.66,1,1,0.84542
271,42,1117.14,400.36,110.93,175.56,1,1,0.85305
271,46,0.12,387.78,43.37,201.25,1,1,0.85126
272,15,386.07,607.29,102.96,241.86,1,1,0.86187
272,31,853.51,405.17,105.03,192.23,1,1,0.84962
272,32,991.78,391.82,89.71,182.01,1,1,0.7999
272,8,517.58,353.86,104.09,204.67,1,1,0.84091
272,25,406.19,431.92,81.81,198.91,1,1,0.79435
272,6,418.32,291.09,82.27,185.72,1,1,0.83563
272,2,232.99,289.74,67.04,170.22,1,1,0.84479
272,42,1116.64,402.41,107.12,173.02,1,1,0.85302
272,46,-0.33,387.07,47.68,202.55,1,1,0.85102
273,15,377.9,615.08,106.12,243.14,1,1,0.87786
273,31,859.12,411.88,97.6,193.61,1,1,0.87208
273,32,983.32,397.51,83.27,184.85,1,1,0.8183
273,8,541.73,362.61,86.47,205.95,1,1,0.85032
273,25,415.71,439.15,84.82,204.17,1,1,0.81439
273,6,417.13,295.77,78.66,183.25,1,1,0.82494
273,2,231.26,296.78,70.6,171.73,1,1,0.83907
273,42,1113.22,419.16,108.15,172.67,1,1,0.88019
273,46,-1.14,389.94,66.8,208.14,1,1,0.8774
274,15,372.29,619.36,109.13,242.57,1,1,0.88917
274,31,863.29,415.51,90.29,194.54,1,1,0.86588
274,32,978.47,400.51,86.69,186.92,1,1,0.82813
274,8,560.6,367.24,76.5,206.22,1,1,0.85913
274,25,422.86,444.09,86.82,206.25,1,1,0.83384
274,6,415.37,297.69,74.54,172.26,1,1,0.84324
274,2,236.09,300.28,69.98,175.24,1,1,0.83546
274,42,1112.21,429.87,106.68,170.14,1,1,0.88423
274,46,-1.33,391.73,87.65,209.88,1,1,0.88188
274,47,938.61,400.12,65.68,178.28,1,1,0.72787
275,15,370.82,619.0,110.28,242.28,1,1,0.88901
275,31,865.07,414.9,87.58,194.85,1,1,0.86577
275,32,977.27,399.7,87.86,187.67,1,1,0.82807
275,8,567.13,367.03,73.07,206.28,1,1,0.85911
275,25,425.95,443.97,87.57,207.02,1,1,0.83369
275,6,415.4,296.51,73.0,167.85,1,1,0.84313
275,2,238.56,299.65,69.73,176.53,1,1,0.83535
275,42,1112.34,431.78,106.1,169.26,1,1,0.88418
275,46,-0.77,390.49,97.21,210.4,1,1,0.88204
275,47,938.33,399.72,64.91,178.35,1,1,0.72784
276,15,368.46,625.61,109.96,241.69,1,1,0.90148
276,31,867.09,421.74,86.06,195.84,1,1,0.86683
276,32,972.25,404.46,91.21,189.87,1,1,0.8548
276,8,576.1,371.5,73.62,208.13,1,1,0.87398
276,25,432.21,452.36,90.51,207.6,1,1,0.84553
276,6,414.5,301.7,73.93,174.01,1,1,0.84667
276,2,243.64,303.31,67.38,179.18,1,1,0.84606
276,42,1110.27,439.98,106.76,169.0,1,1,0.88616
276,46,-0.91,396.31,113.33,207.11,1,1,0.88914
276,47,930.34,405.25,62.64,171.3,1,1,0.74331
277,15,366.84,632.24,108.03,240.29,1,1,0.90821
277,31,870.85,427.77,82.05,196.12,1,1,0.86606
277,32,964.45,407.63,92.12,193.63,1,1,0.85502
277,8,587.03,377.42,76.64,205.37,1,1,0.86648
277,25,442.07,460.47,94.57,205.53,1,1,0.8807
277,6,413.7,306.03,71.56,182.64,1,1,0.87278
277,2,250.49,308.27,63.99,178.49,1,1,0.86956
277,42,1107.73,446.46,108.46,169.65,1,1,0.89405
277,46,0.12,401.82,126.68,203.08,1,1,0.89823
277,47,925.33,408.58,57.77,160.55,1,1,0.71792
278,15,363.72,636.68,106.89,240.83,1,1,0.91982
278,31,874.25,431.44,78.05,198.59,1,1,0.85675
278,32,954.73,409.85,96.94,197.03,1,1,0.85687
278,8,598.67,382.93,86.57,202.9,1,1,0.86572
278,25,451.63,468.88,104.86,206.02,1,1,0.89462
278,6,412.4,308.83,73.62,188.24,1,1,0.89737
278,2,254.51,312.63,64.09,176.22,1,1,0.88351
278,42,1104.2,450.51,109.81,170.23,1,1,0.89363
278,46,9.65,407.68,127.44,202.11,1,1,0.89955
279,15,360.51,639.07,106.27,242.63,1,1,0.90129
279,31,876.3,433.53,76.28,202.08,1,1,0.84433
279,32,944.56,411.77,103.37,195.69,1,1,0.84672
279,8,608.31,388.3,95.9,199.82,1,1,0.83428
279,25,460.3,477.1,112.88,207.57,1,1,0.87797
279,6,410.7,311.78,77.08,192.97,1,1,0.88765
279,2,257.13,316.52,68.17,177.37,1,1,0.86056
279,42,1100.0,451.19,108.93,172.84,1,1,0.86965
279,46,23.46,413.17,119.8,202.64,1,1,0.8506
280,15,355.15,640.82,105.59,245.25,1,1,0.91236
280,31,878.91,432.38,73.54,204.86,1,1,0.83853
280,32,934.42,415.32,102.2,185.93,1,1,0.83482
280,8,625.11,398.38,104.49,196.55,1,1,0.84934
280,25,474.13,488.7,105.63,204.4,1,1,0.87356
280,6,407.01,318.0,79.08,194.28,1,1,0.88672
280,2,261.97,323.08,71.75,179.78,1,1,0.86655
280,42,1092.52,451.07,102.95,175.42,1,1,0.86242
280,46,57.84,420.93,98.43,200.44,1,1,0.84231
281,15,354.06,639.41,105.25,246.15,1,1,0.91213
281,31,880.37,429.92,72.51,205.8,1,1,0.83703
281,32,931.28,414.68,101.6,182.01,1,1,0.83341
281,8,632.44,400.08,107.75,195.2,1,1,0.84657
281,25,480.21,490.98,102.3,203.09,1,1,0.87141
281,6,406.43,318.47,79.78,194.5,1,1,0.88496
281,2,264.57,323.5,73.05,180.63,1,1,0.86445
281,42,1090.47,448.9,100.55,176.4,1,1,0.8613
281,46,72.81,421.81,88.93,199.61,1,1,0.83924
282,15,349.27,639.33,105.67,246.29,1,1,0.90742
282,31,882.16,424.72,75.99,204.87,1,1,0.84275
282,32,923.46,413.95,103.91,171.87,1,1,0.84103
282,8,649.33,406.12,95.68,194.49,1,1,0.83559
282,25,493.1,491.6,95.53,202.12,1,1,0.86071
282,6,403.27,319.71,79.52,194.05,1,1,0.87962
282,2,272.26,324.63,71.1,180.52,1,1,0.84132
282,42,1080.43,444.91,96.99,172.88,1,1,0.88005
282,46,97.39,420.39,85.14,203.05,1,1,0.85044
283,15,348.07,638.93,105.97,245.95,1,1,0.90738
283,31,883.41,422.15,77.0,204.85,1,1,0.84239
283,32,921.49,413.39,104.11,167.75,1,1,0.83887
283,8,656.38,407.69,89.86,194.54,1,1,0.83232
283,25,498.29,491.39,92.8,201.93,1,1,0.86284
283,6,402.65,319.88,79.31,193.53,1,1,0.87794
283,2,275.88,324.39,70.27,180.29,1,1,0.83989
283,42,1077.27,442.46,95.92,171.8,1,1,0.8802
283,46,106.67,419.48,83.27,203.94,1,1,0.84767
284,15,346.4,639.33,105.39,244.75,1,1,0.9146
284,31,884.72,417.7,81.56,207.63,1,1,0.82904
284,32,915.23,411.72,109.63,169.41,1,1,0.67455
284,8,664.59,409.49,85.63,193.22,1,1,0.85666
284,25,504.57,489.69,91.01,200.38,1,1,0.8859
284,6,401.14,319.36,78.83,192.94,1,1,0.87989
284,2,280.81,323.39,67.39,181.24,1,1,0.84251
284,42,1072.6,440.54,97.25,176.17,1,1,0.88951
284,46,113.38,417.96,87.83,205.01,1,1,0.85856
285,15,344.35,640.14,105.07,242.77,1,1,0.90911
285,31,889.78,415.46,83.02,207.19,1,1,0.82705
285,8,671.95,409.81,89.18,192.28,1,1,0.8228
285,25,511.21,487.97,87.38,201.04,1,1,0.87824
285,6,398.69,316.73,78.08,193.36,1,1,0.86758
285,2,284.39,321.68,66.86,183.66,1,1,0.82903
285,42,1067.55,437.64,101.61,180.26,1,1,0.88391
285,46,118.18,416.17,99.08,203.46,1,1,0.85462
286,15,342.69,640.73,103.79,240.96,1,1,0.91337
286,31,894.09,415.2,90.35,206.08,1,1,0.84102
286,8,679.72,408.97,95.67,192.54,1,1,0.83237
286,25,517.7,486.24,84.13,201.92,1,1,0.88287
286,6,396.1,313.82,77.8,194.65,1,1,0.87903
286,2,289.01,320.25,65.72,187.04,1,1,0.84075
286,42,1063.5,435.22,104.59,180.95,1,1,0.89056
286,46,126.7,414.56,109.29,196.96,1,1,0.86413
287,15,341.1,641.04,102.85,240.3,1,1,0.90011
287,31,897.94,416.04,96.39,202.45,1,1,0.85487
287,8,686.61,407.78,94.74,194.17,1,1,0.82968
287,25,524.67,483.92,82.34,201.92,1,1,0.87423
287,6,395.62,310.24,77.04,197.21,1,1,0.85286
287,2,293.15,319.11,65.31,190.68,1,1,0.84362
287,42,1058.75,433.83,104.76,178.89,1,1,0.8748
287,46,134.61,412.32,121.08,196.25,1,1,0.88306
287,47,859.26,408.86,75.02,186.71,1,1,0.75888
288,15,337.95,640.99,100.0,236.3,1,1,0.89974
288,31,905.17,418.48,105.61,197.9,1,1,0.85919
288,8,697.34,404.2,85.18,195.19,1,1,0.8553
288,25,536.02,479.9,83.31,200.38,1,1,0.8732
288,6,398.68,304.74,72.68,201.93,1,1,0.86443
288,2,297.15,317.81,70.01,191.3,1,1,0.85048
288,42,1049.95,431.17,105.52,177.53,1,1,0.88223
288,46,158.56,413.11,113.56,194.43,1,1,0.88447
288,47,857.31,408.46,78.1,192.51,1,1,0.75281
289,15,336.36,641.09,99.28,234.99,1,1,0.89881
289,31,907.64,419.45,109.14,196.36,1,1,0.8568
289,8,700.59,403.03,81.17,195.55,1,1,0.85341
289,25,539.61,478.56,83.77,199.69,1,1,0.86627
289,6,399.62,303.06,71.02,203.22,1,1,0.861
289,2,298.24,317.87,71.79,191.16,1,1,0.8445
289,42,1046.43,430.42,105.82,177.08,1,1,0.88126
289,46,168.12,413.59,109.7,193.82,1,1,0.88002
289,47,856.37,408.54,79.05,194.45,1,1,0.74745
290,15,332.71,637.48,96.55,236.78,1,1,0.88986
290,31,911.69,421.81,112.61,192.79,1,1,0.88032
290,8,709.54,396.3,80.94,195.26,1,1,0.87256
290,25,549.0,471.98,82.63,201.85,1,1,0.87375
290,6,400.05,300.79,70.54,203.92,1,1,0.88395
290,2,301.98,317.55,75.8,189.33,1,1,0.8669
290,42,1037.79,429.88,102.62,176.26,1,1,0.89522
290,46,205.65,412.91,91.45,191.68,1,1,0.86678
290,47,854.3,406.34,74.49,195.77,1,1,0.72426
291,15,329.91,633.39,94.1,238.74,1,1,0.8803
291,31,913.36,422.93,115.19,192.34,1,1,0.89213
291,8,715.56,390.54,86.5,195.45,1,1,0.86569
291,25,556.25,465.89,81.0,206.7,1,1,0.87926
291,6,399.49,300.34,73.36,203.69,1,1,0.88449
291,2,307.29,317.75,75.97,188.19,1,1,0.85427
291,42,1028.83,430.29,102.3,175.3,1,1,0.89082
291,46,235.3,411.63,78.69,191.05,1,1,0.85888
292,15,328.68,632.07,93.27,239.51,1,1,0.8797
292,31,913.58,423.55,116.13,192.24,1,1,0.89181
292,8,717.32,388.6,88.57,195.54,1,1,0.86528
292,25,558.34,463.83,80.39,208.54,1,1,0.87916
292,6,398.99,300.45,74.42,203.57,1,1,0.88378
292,2,308.94,318.0,75.96,187.78,1,1,0.85313
292,42,1025.39,430.66,102.05,174.97,1,1,0.89037
292,46,244.58,411.35,74.27,190.88,1,1,0.85786
292,49,1438.3,287.44,54.6,185.89,1,1,0.64852
293,15,326.52,629.94,94.02,240.36,1,1,0.86779
293,31,916.99,423.2,112.92,191.23,1,1,0.8814
293,8,719.98,385.85,94.48,195.52,1,1,0.86081
293,25,562.79,460.12,80.25,210.32,1,1,0.86768
293,6,400.02,301.76,75.56,201.63,1,1,0.86614
293,2,317.95,317.88,68.65,186.53,1,1,0.81623
293,42,1022.04,430.71,101.71,174.25,1,1,0.88532
293,46,253.74,409.86,79.92,190.74,1,1,0.84675
293,49,1440.47,287.51,53.77,185.9,1,1,0.64905
293,47,829.68,408.4,77.63,187.67,1,1,0.64025
294,15,324.22,627.08,96.03,241.96,1,1,0.88084
294,31,919.45,421.95,109.89,191.57,1,1,0.88175
294,8,723.13,383.11,92.47,196.33,1,1,0.85001
294,25,566.63,455.41,80.51,212.19,1,1,0.87034
294,6,402.73,303.64,77.1,198.95,1,1,0.86891
294,2,328.54,317.18,60.81,186.14,1,1,0.8107
294,42,1017.27,429.58,103.43,175.91,1,1,0.89121
294,46,259.04,407.1,90.54,192.68,1,1,0.86968
294,49,1441.21,287.12,54.37,186.43,1,1,0.75627
294,47,816.89,408.75,84.55,186.05,1,1,0.77647
294,32,881.65,399.29,61.41,191.94,1,1,0.72633
295,15,321.45,624.96,98.17,241.82,1,1,0.88714
295,31,921.67,418.45,107.45,193.28,1,1,0.87027
295,8,727.13,380.64,92.27,195.08,1,1,0.85581
295,25,569.56,450.58,81.3,211.24,1,1,0.86199
295,6,402.6,305.15,78.43,196.83,1,1,0.84446
295,2,336.73,316.47,57.36,183.27,1,1,0.77215
295,42,1012.67,424.56,103.89,179.23,1,1,0.88278
295,46,264.89,405.06,105.57,193.71,1,1,0.86255
295,49,1442.17,286.41,54.67,186.31,1,1,0.73431
295,47,808.37,407.02,90.45,186.43,1,1,0.79809
295,32,879.06,397.83,62.73,193.83,1,1,0.7611
296,15,318.94,623.98,100.67,241.22,1,1,0.88641
296,31,922.39,415.01,105.81,194.75,1,1,0.87085
296,8,731.24,378.94,93.18,195.13,1,1,0.85264
296,25,572.22,446.9,83.0,208.81,1,1,0.85991
296,6,403.11,305.45,77.59,195.81,1,1,0.831
296,2,343.34,315.44,55.81,177.74,1,1,0.7383
296,42,1008.32,418.8,103.24,180.73,1,1,0.8859
296,46,272.33,403.46,120.62,192.75,1,1,0.85714
296,49,1443.65,285.6,55.05,186.87,1,1,0.65171
296,47,802.08,406.05,97.63,187.03,1,1,0.81117
296,32,879.0,395.66,59.95,184.76,1,1,0.64921
297,15,315.39,623.74,103.96,240.19,1,1,0.88108
297,31,919.89,410.21,107.82,195.7,1,1,0.85323
297,8,739.04,378.28,89.1,195.21,1,1,0.83319
297,25,579.12,443.86,82.44,209.84,1,1,0.86671
297,6,408.99,304.45,68.82,193.55,1,1,0.83106
297,2,349.41,313.03,56.66,144.94,1,1,0.74976
297,42,1001.96,413.39,94.13,181.39,1,1,0.88357
297,46,289.87,410.11,140.31,182.37,1,1,0.85887
297,47,799.56,407.1,97.63,183.22,1,1,0.7922
298,15,313.12,623.46,105.02,237.8,1,1,0.87963
298,31,917.16,407.51,103.72,194.24,1,1,0.84253
298,8,744.33,378.57,82.82,195.14,1,1,0.83727
298,25,583.32,442.17,80.98,210.7,1,1,0.86406
298,6,414.84,302.44,61.01,192.45,1,1,0.82687
298,2,355.21,311.77,55.19,137.69,1,1,0.78067
298,42,995.88,411.38,87.98,181.45,1,1,0.87313
298,46,307.71,412.18,145.02,181.5,1,1,0.87336
298,47,800.47,409.2,94.8,179.43,1,1,0.80522
299,15,311.6,623.38,105.48,236.72,1,1,0.8763
299,31,915.6,406.55,102.11,193.97,1,1,0.8393
299,8,745.56,379.31,80.69,194.79,1,1,0.83615
299,25,584.17,441.55,80.47,211.13,1,1,0.86235
299,6,416.62,301.75,58.35,192.03,1,1,0.82091
299,2,357.09,311.6,54.37,135.76,1,1,0.77684
299,42,993.72,410.85,85.63,181.12,1,1,0.87075
299,46,314.77,413.31,146.63,180.86,1,1,0.87104
299,47,800.28,409.96,94.09,178.38,1,1,0.80636
300,15,310.38,623.28,103.74,235.11,1,1,0.88807
300,31,915.64,404.16,96.86,195.88,1,1,0.83328
300,8,750.37,379.85,77.36,194.49,1,1,0.84046
300,25,586.88,440.59,79.97,211.83,1,1,0.88222
300,6,418.94,299.73,58.35,191.56,1,1,0.83421
300,2,361.02,311.66,52.96,150.75,1,1,0.75351
300,42,989.55,410.5,85.02,178.99,1,1,0.86993
300,46,334.95,415.2,129.21,178.4,1,1,0.8792
300,47,803.97,412.17,92.28,177.16,1,1,0.79498
301,15,308.42,623.14,100.84,233.5,1,1,0.88461
301,31,914.21,402.11,91.09,196.83,1,1,0.84528
301,8,755.59,379.95,74.49,192.71,1,1,0.84071
301,25,590.6,437.15,79.37,214.43,1,1,0.88135
301,6,419.82,297.64,59.43,187.38,1,1,0.80344
301,2,365.55,312.01,50.98,170.48,1,1,0.79014
301,42,986.02,410.22,86.84,179.11,1,1,0.8809
301,46,359.07,415.65,107.45,177.57,1,1,0.86594
301,47,807.52,413.33,92.56,176.2,1,1,0.79907
302,15,307.26,622.8,96.76,233.07,1,1,0.88888
302,31,912.53,400.68,85.26,197.79,1,1,0.84786
302,8,759.95,380.1,70.88,190.34,1,1,0.83724
302,25,593.16,433.96,79.36,217.44,1,1,0.88963
302,6,421.91,296.22,59.47,176.51,1,1,0.76846
302,2,369.0,311.97,50.89,181.19,1,1,0.82065
302,42,980.11,409.62,92.35,179.86,1,1,0.89677
302,46,384.74,415.89,94.34,177.53,1,1,0.85402
302,47,808.86,413.54,92.74,173.63,1,1,0.7949
303,15,305.39,621.04,94.17,234.72,1,1,0.88749
303,31,909.43,397.64,77.83,199.42,1,1,0.85351
303,8,762.44,380.76,69.17,187.82,1,1,0.83071
303,25,596.55,429.72,79.67,219.12,1,1,0.88847
303,6,426.73,295.08,56.1,155.02,1,1,0.80419
303,2,371.65,312.15,53.03,186.17,1,1,0.86003
303,42,973.23,407.24,98.89,182.71,1,1,0.90028
303,46,404.6,420.71,87.61,172.43,1,1,0.85023
303,47,809.83,417.17,92.2,169.48,1,1,0.78987
304,15,301.04,616.04,97.24,240.35,1,1,0.86531
304,31,903.03,394.35,71.95,198.86,1,1,0.79735
304,8,764.81,380.62,70.37,179.99,1,1,0.82871
304,25,602.42,424.71,81.54,217.33,1,1,0.85719
304,6,432.24,292.85,57.1,149.18,1,1,0.7798
304,2,375.74,312.04,56.51,190.5,1,1,0.84535
304,42,963.51,402.2,105.94,183.69,1,1,0.87227
304,46,428.36,411.95,81.9,180.2,1,1,0.84167
304,47,810.14,415.36,94.55,172.53,1,1,0.78407
305,15,298.58,614.27,98.39,242.51,1,1,0.86562
305,31,899.96,393.27,70.15,198.59,1,1,0.7974
305,8,764.61,380.75,70.9,177.05,1,1,0.82837
305,25,603.54,423.19,82.28,216.38,1,1,0.85673
305,6,433.16,292.19,57.61,147.5,1,1,0.77854
305,2,376.23,312.12,57.86,192.09,1,1,0.84355
305,42,958.88,400.51,108.68,183.96,1,1,0.87193
305,46,435.1,408.92,79.95,183.05,1,1,0.84007
305,47,809.33,414.89,95.35,173.63,1,1,0.78372
306,15,298.21,610.42,97.16,241.52,1,1,0.88306
306,31,898.24,392.56,64.62,191.6,1,1,0.71917
306,8,766.2,383.57,71.96,171.44,1,1,0.83995
306,25,611.41,422.13,80.01,209.82,1,1,0.88089
306,6,438.91,291.54,60.65,147.77,1,1,0.76809
306,2,381.38,312.2,58.61,192.02,1,1,0.86262
306,42,951.79,396.29,100.14,181.48,1,1,0.85909
306,46,450.44,403.68,90.19,184.41,1,1,0.86671
306,47,813.2,418.86,95.58,167.11,1,1,0.77774
307,15,296.85,608.2,96.31,240.66,1,1,0.88729
307,31,893.25,391.62,62.2,189.67,1,1,0.74517
307,8,765.69,386.17,74.38,167.68,1,1,0.84636
307,25,616.58,422.49,79.43,206.58,1,1,0.89003
307,6,441.84,291.15,58.11,156.12,1,1,0.76969
307,2,383.9,312.37,59.91,191.97,1,1,0.87717
307,42,946.0,392.19,90.56,184.21,1,1,0.85427
307,46,461.74,397.64,93.12,188.16,1,1,0.87913
307,47,815.42,421.51,94.57,162.61,1,1,0.81476
308,15,295.95,607.54,96.14,240.49,1,1,0.88515
308,31,891.23,391.52,61.55,189.03,1,1,0.74553
308,8,764.96,387.26,75.28,166.41,1,1,0.84723
308,25,617.83,422.87,79.32,205.52,1,1,0.88821
308,6,442.64,291.18,56.87,159.42,1,1,0.76988
308,2,384.28,312.57,60.46,191.92,1,1,0.87595
308,42,943.82,390.86,87.04,185.32,1,1,0.85361
308,46,465.01,395.58,94.26,189.58,1,1,0.87742
308,47,815.99,422.65,94.0,160.88,1,1,0.81373
309,15,296.05,607.46,94.55,238.97,1,1,0.89484
309,31,888.64,391.12,59.21,188.74,1,1,0.8007
309,8,764.46,388.8,76.91,163.9,1,1,0.87277
309,25,622.19,423.01,78.17,203.49,1,1,0.91159
309,6,447.3,291.4,54.62,182.69,1,1,0.83011
309,2,386.36,312.66,59.99,191.66,1,1,0.90409
309,42,942.78,388.38,78.66,185.29,1,1,0.85777
309,46,475.41,394.32,86.08,186.88,1,1,0.89711
309,47,817.77,421.72,89.3,156.64,1,1,0.81006
310,15,296.32,607.63,92.27,237.29,1,1,0.91042
310,31,883.23,391.45,61.49,187.1,1,1,0.77998
310,8,763.49,391.41,76.86,161.73,1,1,0.8745
310,25,627.61,422.1,76.64,203.7,1,1,0.92467
310,6,451.21,292.12,54.2,190.54,1,1,0.85126
310,2,388.47,312.8,60.35,192.01,1,1,0.91414
310,42,940.31,385.06,74.17,186.15,1,1,0.8964
310,46,486.96,391.6,77.55,187.28,1,1,0.9022
310,47,816.72,415.71,88.24,160.34,1,1,0.80651
311,15,296.54,608.2,88.63,234.2,1,1,0.93219
311,8,765.32,400.82,75.94,151.95,1,1,0.88251
311,25,637.08,417.66,73.41,206.42,1,1,0.93334
311,6,456.93,291.38,56.79,196.89,1,1,0.90597
311,2,392.91,312.15,60.87,192.34,1,1,0.93325
311,42,936.41,379.97,73.62,186.81,1,1,0.90551
311,46,501.46,386.99,71.93,187.57,1,1,0.92024
311,47,828.0,413.77,93.03,162.3,1,1,0.81373
312,15,295.55,608.71,87.47,232.9,1,1,0.92714
312,8,764.9,404.44,75.7,148.51,1,1,0.87902
312,25,639.43,416.27,72.29,207.34,1,1,0.92973
312,6,457.96,291.35,57.75,199.15,1,1,0.90275
312,2,393.5,312.18,61.01,192.31,1,1,0.93088
312,42,934.34,378.38,73.44,186.65,1,1,0.90068
312,46,504.72,385.53,70.32,187.31,1,1,0.91743
312,47,831.17,413.31,94.61,163.03,1,1,0.79642
313,15,295.12,609.15,86.39,232.7,1,1,0.91865
313,8,766.31,407.25,75.16,144.27,1,1,0.85353
313,25,643.47,413.43,72.17,209.15,1,1,0.91835
313,6,460.52,291.2,59.47,200.61,1,1,0.89511
313,2,396.54,311.92,60.94,193.09,1,1,0.9194
313,42,932.6,376.63,73.58,186.82,1,1,0.89693
313,46,517.05,384.77,67.42,187.68,1,1,0.91764
314,15,294.62,606.91,82.77,234.39,1,1,0.90126
314,8,768.91,408.37,75.6,144.47,1,1,0.7192
314,25,648.78,408.28,74.66,209.32,1,1,0.89745
314,6,465.08,291.67,63.07,199.76,1,1,0.87169
314,2,403.46,312.29,58.9,192.66,1,1,0.90479
314,42,930.0,374.51,74.66,183.82,1,1,0.86374
314,46,531.88,384.36,79.27,184.08,1,1,0.89066
315,15,293.45,606.19,81.41,234.99,1,1,0.9038
315,8,768.67,408.77,75.45,144.55,1,1,0.72801
315,25,649.46,406.44,75.59,209.58,1,1,0.89903
315,6,465.56,291.97,64.41,199.27,1,1,0.87395
315,2,404.75,312.56,58.14,192.36,1,1,0.90621
315,42,928.03,373.8,75.12,182.7,1,1,0.86579
315,46,536.01,384.36,83.25,182.68,1,1,0.89233
316,15,289.13,600.81,85.63,235.14,1,1,0.87543
316,8,767.64,403.66,78.28,149.41,1,1,0.74439
316,25,654.35,403.62,74.81,204.34,1,1,0.87618
316,6,468.3,291.36,69.22,198.12,1,1,0.87099
316,2,410.61,311.92,55.88,192.87,1,1,0.88084
316,42,927.2,372.67,72.97,180.54,1,1,0.82607
316,46,550.46,386.41,90.33,177.53,1,1,0.88587
317,15,286.56,599.05,87.19,235.21,1,1,0.87549
317,8,766.17,402.0,79.32,151.23,1,1,0.74494
317,25,654.98,402.92,74.5,202.31,1,1,0.87662
317,6,468.21,291.2,71.04,197.74,1,1,0.87269
317,2,411.65,311.91,55.03,193.05,1,1,0.88168
317,42,926.11,372.61,72.11,179.65,1,1,0.82501
317,46,554.74,387.51,93.06,175.62,1,1,0.88609
318,15,282.17,596.1,93.57,236.72,1,1,0.86928
318,8,765.58,397.56,76.57,152.24,1,1,0.769
318,25,659.76,402.39,75.65,200.2,1,1,0.87699
318,6,472.07,290.2,72.96,198.33,1,1,0.85887
318,2,416.67,312.0,56.83,194.15,1,1,0.85176
318,42,921.11,368.2,73.55,182.18,1,1,0.84746
318,46,566.43,391.37,87.48,170.06,1,1,0.8763
318,31,826.01,398.02,105.44,173.5,1,1,0.76065
319,15,279.5,595.11,96.29,237.43,1,1,0.86949
319,8,764.26,396.11,75.35,152.58,1,1,0.77089
319,25,660.36,402.39,76.09,199.55,1,1,0.87852
319,6,472.47,289.97,73.58,198.56,1,1,0.86082
319,2,417.39,312.25,57.54,194.52,1,1,0.85407
319,42,918.08,366.81,74.37,183.08,1,1,0.84863
319,46,569.46,393.02,84.98,168.11,1,1,0.87729
319,31,821.91,398.68,108.29,172.68,1,1,0.77105
320,15,278.07,595.37,99.28,236.11,1,1,0.87449
320,8,764.67,391.98,72.6,154.88,1,1,0.68087
320,25,664.26,399.9,76.11,201.72,1,1,0.88642
320,6,475.98,289.84,74.51,200.21,1,1,0.87463
320,2,421.57,313.25,57.64,195.14,1,1,0.86003
320,42,915.55,360.29,72.55,183.99,1,1,0.85792
320,46,579.45,394.29,80.98,164.96,1,1,0.87009
320,31,824.37,396.21,106.23,173.79,1,1,0.82472
321,15,276.6,595.71,100.26,235.61,1,1,0.87569
321,8,764.08,390.58,71.31,155.72,1,1,0.67382
321,25,664.56,399.17,76.09,202.54,1,1,0.88778
321,6,476.23,289.95,74.79,200.84,1,1,0.87655
321,2,422.01,313.8,57.67,195.31,1,1,0.8619
321,42,913.67,358.07,71.92,184.33,1,1,0.86001
321,46,581.7,394.91,79.5,163.95,1,1,0.87118
321,31,824.63,395.43,105.11,174.2,1,1,0.82677
322,15,274.72,595.99,101.04,233.16,1,1,0.87296
322,8,761.48,389.31,71.53,155.03,1,1,0.64435
322,25,668.3,393.51,76.82,208.54,1,1,0.86798
322,6,481.48,290.87,75.62,202.16,1,1,0.86608
322,2,425.12,314.35,60.19,196.66,1,1,0.86157
322,42,911.5,352.77,71.37,187.11,1,1,0.85809
322,46,590.44,392.13,77.67,169.45,1,1,0.85762
322,31,826.9,389.36,96.51,179.84,1,1,0.8165
323,15,272.09,595.99,100.74,232.21,1,1,0.87461
323,8,760.59,388.56,68.91,157.01,1,1,0.65215
323,25,669.39,389.13,77.38,212.3,1,1,0.84969
323,6,483.67,292.78,76.81,202.04,1,1,0.86889
323,2,426.09,315.02,61.29,197.1,1,1,0.86102
323,42,908.7,350.08,70.48,188.65,1,1,0.83973
323,46,595.77,389.21,75.1,172.99,1,1,0.85328
323,31,824.3,385.24,90.47,183.77,1,1,0.7538
324,15,271.01,595.98,100.16,232.03,1,1,0.87483
324,8,759.82,388.64,68.24,157.46,1,1,0.65489
324,25,669.31,387.69,77.67,213.64,1,1,0.8536
324,6,484.06,293.69,77.36,201.84,1,1,0.86877
324,2,426.13,315.47,61.6,197.18,1,1,0.86112
324,42,907.43,349.19,70.23,189.2,1,1,0.83995
324,46,596.92,388.22,74.22,174.36,1,1,0.85454
324,31,823.31,383.82,88.1,185.19,1,1,0.75127
325,15,268.96,595.19,100.78,232.66,1,1,0.86692
325,8,756.31,385.5,69.22,162.19,1,1,0.75439
325,25,671.26,384.45,76.82,213.44,1,1,0.87248
325,6,486.89,296.45,78.68,199.42,1,1,0.86185
325,2,427.83,315.71,63.19,197.3,1,1,0.8562
325,42,907.06,347.99,69.7,191.1,1,1,0.84052
325,46,599.65,385.89,73.83,176.76,1,1,0.85446
325,31,823.77,380.1,85.16,188.87,1,1,0.79505
326,15,266.43,591.84,100.62,236.29,1,1,0.87871
326,8,757.6,384.38,71.46,163.43,1,1,0.73559
326,25,674.34,383.05,76.46,207.94,1,1,0.85913
326,6,491.48,301.68,82.2,196.4,1,1,0.85941
326,2,431.81,318.56,64.59,193.93,1,1,0.86695
326,42,906.75,347.88,65.82,192.97,1,1,0.84121
326,46,604.43,383.17,73.67,178.99,1,1,0.8585
326,31,822.4,375.71,80.11,192.72,1,1,0.81924
327,15,264.03,588.21,101.1,238.97,1,1,0.8835
327,8,763.61,385.26,70.48,161.64,1,1,0.77433
327,25,675.53,383.42,78.09,205.76,1,1,0.83629
327,6,495.39,304.41,82.89,194.47,1,1,0.85492
327,2,432.21,323.37,67.09,188.36,1,1,0.8595
327,42,905.19,348.2,62.23,192.27,1,1,0.83435
327,46,606.73,380.67,73.41,178.33,1,1,0.84457
327,31,820.38,373.26,82.1,193.55,1,1,0.8332
328,15,262.59,584.27,100.72,241.88,1,1,0.87899
328,25,675.63,385.16,79.07,203.84,1,1,0.80521
328,6,499.24,305.89,83.16,193.75,1,1,0.84202
328,2,428.28,328.42,77.04,184.16,1,1,0.84671
328,42,903.91,348.33,61.1,192.65,1,1,0.82968
328,46,607.38,378.67,74.06,178.17,1,1,0.82251
328,31,816.85,372.75,89.61,191.75,1,1,0.79176
329,15,261.84,581.9,99.41,242.04,1,1,0.89098
329,25,677.32,387.34,78.87,201.07,1,1,0.81465
329,6,502.21,306.53,87.08,194.26,1,1,0.85856
329,2,423.85,333.51,91.55,181.34,1,1,0.86548
329,42,903.19,348.65,61.49,192.17,1,1,0.82468
329,46,607.81,377.67,76.11,175.76,1,1,0.84657
329,31,817.64,372.38,92.65,190.84,1,1,0.78505
329,8,760.03,376.41,66.14,169.47,1,1,0.69615
330,15,261.05,580.95,99.13,242.37,1,1,0.89151
330,25,677.07,388.25,79.04,200.22,1,1,0.82434
330,6,502.85,306.74,88.46,194.51,1,1,0.86017
330,2,421.41,335.62,97.49,180.06,1,1,0.86775
330,42,902.48,348.97,61.98,192.03,1,1,0.82711
330,46,607.23,377.37,76.96,174.91,1,1,0.84855
330,31,817.68,372.37,93.86,190.47,1,1,0.79556
330,8,758.94,374.63,64.97,171.34,1,1,0.70451
331,15,260.68,579.52,98.38,241.25,1,1,0.89527
331,25,681.42,387.79,75.95,199.54,1,1,0.81202
331,6,504.07,309.0,94.25,194.19,1,1,0.85701
331,2,419.82,345.16,104.51,171.31,1,1,0.86538
331,42,901.48,349.34,64.53,189.71,1,1,0.82075
331,46,608.39,375.72,79.22,175.52,1,1,0.85136
331,31,820.96,371.98,94.65,189.1,1,1,0.78274
331,8,757.93,365.6,62.59,175.25,1,1,0.68441
331,32,789.71,376.71,67.02,177.07,1,1,0.67308
332,15,259.55,579.12,98.34,240.8,1,1,0.8965
332,25,682.09,387.82,74.69,199.35,1,1,0.81461
332,6,503.34,309.66,96.67,194.44,1,1,0.85769
332,2,418.02,348.65,107.48,168.22,1,1,0.86428
332,42,899.98,349.68,65.71,188.93,1,1,0.81998
332,46,607.7,375.25,80.14,175.71,1,1,0.85312
332,31,821.17,372.04,95.19,188.61,1,1,0.78566
332,8,756.77,362.43,61.69,176.94,1,1,0.69074
332,32,788.12,377.0,66.99,176.77,1,1,0.67473
333,15,259.26,579.33,98.28,238.43,1,1,0.88885
333,25,682.5,386.02,73.58,198.82,1,1,0.79774
333,6,506.13,311.88,95.43,192.1,1,1,0.84726
333,2,419.55,352.66,108.01,164.19,1,1,0.85968
333,42,899.43,350.19,65.59,183.74,1,1,0.8236
333,46,608.52,373.92,79.18,178.14,1,1,0.83657
333,31,815.03,370.86,101.87,188.65,1,1,0.7425
333,8,752.22,355.86,65.29,173.07,1,1,0.73988
334,15,259.24,580.45,98.0,234.91,1,1,0.89206
334,25,681.55,384.16,74.51,196.67,1,1,0.82039
334,6,508.51,315.61,93.79,188.64,1,1,0.85522
334,2,421.92,356.28,108.47,160.78,1,1,0.8674
334,42,897.7,350.85,67.33,179.03,1,1,0.84309
334,46,608.41,372.69,81.08,179.73,1,1,0.84683
334,31,799.69,368.75,115.86,190.86,1,1,0.84332
334,8,749.09,349.53,66.26,178.03,1,1,0.78205
335,15,258.59,581.63,95.26,233.0,1,1,0.88897
335,25,681.32,377.0,74.46,197.08,1,1,0.78034
335,6,519.64,323.54,84.79,176.38,1,1,0.82211
335,2,430.28,359.66,112.32,156.18,1,1,0.86679
335,42,892.92,350.97,71.28,176.63,1,1,0.83644
335,46,605.8,369.37,85.19,181.94,1,1,0.8231
335,31,791.98,367.59,115.03,194.16,1,1,0.83982
335,8,748.16,347.52,62.33,180.6,1,1,0.78205
336,15,256.78,581.18,93.06,232.97,1,1,0.89018
336,25,681.17,375.03,75.14,195.76,1,1,0.79143
336,6,532.27,330.26,75.29,168.14,1,1,0.80327
336,2,435.5,360.56,115.73,155.75,1,1,0.87102
336,42,887.87,351.15,73.71,174.47,1,1,0.84533
336,46,603.47,365.93,87.65,183.45,1,1,0.81115
336,31,783.19,369.51,101.61,192.53,1,1,0.79291
336,8,745.94,348.26,59.84,166.02,1,1,0.74279
337,15,255.78,581.06,92.27,232.99,1,1,0.89007
337,25,680.69,374.36,75.41,195.31,1,1,0.79189
337,6,536.34,332.57,71.82,165.31,1,1,0.80342
337,2,437.17,360.75,116.93,155.72,1,1,0.87116
337,42,885.65,351.29,74.58,173.71,1,1,0.84594
337,46,602.07,364.68,88.59,184.01,1,1,0.81156
337,31,779.58,370.36,95.99,191.85,1,1,0.79352
337,8,744.84,348.77,58.93,160.23,1,1,0.74357
338,15,251.84,577.18,93.81,235.47,1,1,0.86814
338,25,681.39,377.19,74.75,194.33,1,1,0.75635
338,6,540.12,334.52,70.98,163.31,1,1,0.75192
338,2,452.5,362.03,113.97,153.98,1,1,0.8299
338,42,878.37,354.51,87.13,171.37,1,1,0.82473
338,46,602.24,363.19,90.13,183.48,1,1,0.78534
338,31,774.28,372.63,79.53,190.07,1,1,0.76478
338,8,740.9,349.6,59.1,133.8,1,1,0.6506
339,15,249.41,575.77,94.49,236.38,1,1,0.86939
339,25,680.53,378.29,74.55,194.0,1,1,0.75794
339,6,540.22,335.19,70.86,162.65,1,1,0.75156
339,2,457.39,362.51,112.69,153.24,1,1,0.83087
339,42,874.49,355.65,91.9,170.69,1,1,0.82507
339,46,601.17,362.71,90.72,183.26,1,1,0.7857
339,31,771.64,373.49,73.37,189.44,1,1,0.76626
339,8,738.52,350.12,59.1,123.82,1,1,0.64675
340,15,246.76,571.98,98.81,236.54,1,1,0.86921
340,25,682.85,376.03,73.98,195.55,1,1,0.72996
340,6,554.88,336.42,62.12,162.81,1,1,0.75569
340,2,482.24,358.87,93.75,154.88,1,1,0.82979
340,42,867.96,356.62,103.57,167.77,1,1,0.84492
340,46,603.17,365.51,92.21,176.69,1,1,0.78105
340,31,771.54,372.34,72.33,188.61,1,1,0.78469
341,15,245.29,570.35,99.71,235.65,1,1,0.87964
341,25,682.67,374.3,74.07,196.09,1,1,0.78757
341,6,560.76,335.21,59.98,164.81,1,1,0.73674
341,2,504.4,355.02,77.54,159.35,1,1,0.81953
341,42,860.09,357.17,114.66,167.89,1,1,0.86404
341,46,604.72,369.3,93.87,172.62,1,1,0.81104
341,31,768.78,369.91,81.91,190.51,1,1,0.80803
342,15,244.22,569.92,100.04,235.31,1,1,0.87815
342,25,681.96,373.82,74.07,196.31,1,1,0.78707
342,6,562.06,334.85,59.27,165.58,1,1,0.73701
342,2,510.97,353.69,72.15,161.11,1,1,0.81924
342,42,856.22,357.51,119.1,168.01,1,1,0.86262
342,46,604.9,370.88,94.25,171.14,1,1,0.80927
342,31,767.07,369.16,85.19,191.16,1,1,0.80611
343,15,247.35,571.24,98.58,230.13,1,1,0.86826
343,25,685.34,370.88,75.5,195.47,1,1,0.80585
343,6,570.85,333.82,58.88,166.66,1,1,0.64391
343,2,525.83,352.96,69.07,165.86,1,1,0.79365
343,42,851.78,355.24,126.34,169.66,1,1,0.8707
343,46,613.24,366.52,97.74,172.07,1,1,0.79042
343,31,767.05,367.17,77.84,189.59,1,1,0.74049
344,15,246.97,573.4,98.41,226.52,1,1,0.87505
344,25,685.56,368.1,73.34,190.26,1,1,0.78538
344,2,533.6,353.39,74.23,167.25,1,1,0.75663
344,42,845.9,353.63,129.68,172.25,1,1,0.86512
344,46,619.85,345.21,99.92,191.42,1,1,0.76087
344,31,768.11,365.78,90.29,183.43,1,1,0.75286
345,15,247.03,575.4,97.99,223.94,1,1,0.88432
345,25,687.66,367.18,69.1,186.72,1,1,0.79619
345,2,535.19,355.86,74.51,163.61,1,1,0.65886
345,42,840.32,353.38,131.03,171.27,1,1,0.87063
345,31,771.31,367.64,90.38,176.01,1,1,0.78313
346,15,249.86,577.86,97.26,222.72,1,1,0.89144
346,25,688.44,367.57,67.93,185.07,1,1,0.79682
346,2,549.99,359.75,86.79,164.57,1,1,0.78466
346,42,834.47,353.9,130.58,169.74,1,1,0.87505
346,31,772.66,369.72,88.11,174.11,1,1,0.79172
347,15,253.2,579.16,98.34,222.75,1,1,0.89025
347,25,691.0,369.67,67.19,183.39,1,1,0.78987
347,2,562.51,364.47,85.74,158.54,1,1,0.7221
347,42,828.2,355.19,128.54,167.05,1,1,0.8735
347,31,774.32,372.64,88.79,173.21,1,1,0.76653
348,15,258.0,577.99,98.44,223.61,1,1,0.89498
348,25,692.82,368.67,66.1,184.37,1,1,0.81506
348,2,558.98,365.64,72.89,156.54,1,1,0.70965
348,42,822.51,356.46,124.93,162.93,1,1,0.86299
348,31,778.75,378.71,84.37,168.2,1,1,0.78548
349,15,263.3,576.57,98.5,224.49,1,1,0.8903
349,25,695.74,367.2,68.53,185.31,1,1,0.7331
349,2,564.0,367.97,68.01,155.59,1,1,0.68896
350,15,263.62,575.62,98.59,224.97,1,1,0.88979
350,25,695.17,366.38,69.33,185.66,1,1,0.73553
350,2,563.95,369.04,66.48,154.71,1,1,0.69373
351,15,272.62,575.02,99.13,224.37,1,1,0.92833
351,25,704.14,362.96,69.47,188.33,1,1,0.71088
351,2,575.85,366.67,67.08,159.29,1,1,0.71132
352,15,277.87,573.21,98.01,217.14,1,1,0.93688
352,25,709.77,357.54,65.07,190.83,1,1,0.81677
352,2,584.09,358.49,63.93,165.84,1,1,0.76494
352,6,633.25,357.58,56.5,165.0,1,1,0.70063
352,42,811.9,355.42,101.72,164.61,1,1,0.84165
352,31,779.56,360.93,85.75,186.84,1,1,0.77721
353,15,277.82,572.65,98.13,214.42,1,1,0.94103
353,25,710.09,355.54,63.39,191.85,1,1,0.81357
353,2,585.08,355.4,62.76,168.27,1,1,0.7596
353,6,634.26,358.23,56.31,164.94,1,1,0.69571
353,42,809.65,354.91,98.51,164.9,1,1,0.84113
353,31,777.88,358.4,85.89,189.25,1,1,0.77315
354,15,285.25,570.68,97.84,214.06,1,1,0.93106
354,25,720.2,352.79,62.76,185.14,1,1,0.82704
354,2,600.58,350.33,54.72,170.68,1,1,0.73868
354,6,636.72,359.09,63.85,169.77,1,1,0.7696
354,42,815.45,351.28,96.2,163.98,1,1,0.87471
354,31,786.78,373.42,85.1,170.19,1,1,0.83014
355,15,288.37,568.45,97.03,214.97,1,1,0.92736
355,25,725.17,350.83,63.19,181.78,1,1,0.79345
355,2,607.38,347.8,53.41,168.93,1,1,0.71774
355,6,636.34,358.92,68.59,171.32,1,1,0.76629
355,42,817.02,348.62,94.84,163.9,1,1,0.8497
355,31,788.64,381.68,85.38,159.06,1,1,0.78857
356,15,293.14,564.4,94.55,217.54,1,1,0.9352
356,25,728.19,349.87,63.89,180.89,1,1,0.77431
356,2,614.95,344.93,55.45,176.25,1,1,0.74033
356,6,647.48,357.4,64.15,174.17,1,1,0.72448
356,42,819.19,346.64,92.19,165.94,1,1,0.81543
356,31,788.96,385.26,76.41,153.42,1,1,0.77271
357,15,293.39,563.01,93.65,218.52,1,1,0.93552
357,25,727.71,349.67,64.24,180.61,1,1,0.77511
357,2,616.06,343.94,56.22,179.07,1,1,0.74045
357,6,650.55,356.87,62.03,175.25,1,1,0.72552
357,42,818.66,346.03,91.38,166.73,1,1,0.81524
357,31,787.66,386.58,72.98,151.5,1,1,0.77122
358,15,297.72,559.2,92.58,218.09,1,1,0.92933
358,25,729.23,349.15,64.54,180.82,1,1,0.81423
358,2,620.84,344.0,55.6,179.4,1,1,0.80113
358,6,653.28,356.47,64.22,174.84,1,1,0.78373
358,42,821.28,345.0,86.29,162.92,1,1,0.81078
358,31,787.2,384.24,70.14,152.36,1,1,0.80273
359,15,301.51,554.71,93.03,220.68,1,1,0.91258
359,25,726.5,348.29,66.63,179.93,1,1,0.78486
359,2,625.07,347.18,54.27,176.13,1,1,0.77951
359,6,658.94,355.23,62.57,176.49,1,1,0.7981
359,42,823.46,342.99,79.98,161.83,1,1,0.76437
359,31,788.3,384.37,79.62,150.72,1,1,0.79389
360,15,304.45,549.32,94.0,222.81,1,1,0.90444
360,31,792.99,385.42,77.8,148.95,1,1,0.66412
361,15,309.59,544.71,93.68,216.13,1,1,0.91773
361,6,669.6,355.67,60.61,182.18,1,1,0.73016
362,15,312.89,542.63,92.35,214.05,1,1,0.91099
362,6,676.42,357.6,57.3,181.79,1,1,0.81716
363,15,314.9,542.17,92.0,214.33,1,1,0.91213
363,6,682.4,361.68,53.11,179.89,1,1,0.74781
364,15,316.0,542.35,93.27,215.59,1,1,0.92346
365,15,317.59,541.6,93.99,216.98,1,1,0.92494
365,31,804.52,388.98,71.68,142.54,1,1,0.80401
365,6,683.68,375.14,55.63,167.98,1,1,0.79547
366,15,318.11,540.95,94.26,217.51,1,1,0.92519
366,31,805.18,389.02,71.15,142.15,1,1,0.80342
366,6,683.48,377.52,56.36,165.32,1,1,0.79456
367,15,321.37,538.88,93.13,220.78,1,1,0.92359
367,31,803.94,390.34,70.95,142.81,1,1,0.79727
367,6,682.48,373.15,57.21,173.91,1,1,0.80395
368,15,322.91,536.36,93.48,223.07,1,1,0.92563
368,31,801.43,389.68,72.34,144.39,1,1,0.81789
368,6,680.76,370.07,59.1,180.87,1,1,0.81961
369,15,323.6,534.67,93.66,223.97,1,1,0.92584
369,31,800.7,388.58,72.84,145.02,1,1,0.81852
369,6,680.25,367.99,59.79,183.58,1,1,0.82006
370,15,324.59,534.24,93.12,220.98,1,1,0.91739
370,6,680.21,366.83,60.39,187.82,1,1,0.82605
371,15,327.05,537.87,92.09,215.39,1,1,0.92303
371,6,677.76,371.44,67.35,190.27,1,1,0.80274
371,31,794.41,385.9,75.0,154.16,1,1,0.70568
372,15,328.48,536.98,91.69,213.3,1,1,0.9237
372,6,677.34,370.81,69.98,191.21,1,1,0.80784
372,31,793.48,383.31,75.55,156.23,1,1,0.71152
373,15,330.92,540.82,91.38,212.74,1,1,0.92434
373,6,678.65,377.58,74.51,190.15,1,1,0.84595
373,31,793.78,386.02,76.1,156.61,1,1,0.723
374,15,334.84,544.87,91.52,215.02,1,1,0.90554
374,6,678.5,386.06,75.04,190.4,1,1,0.80134
374,31,795.28,391.81,76.47,155.87,1,1,0.78013
375,15,340.01,549.51,91.16,217.56,1,1,0.89859
375,6,680.57,398.27,74.58,186.77,1,1,0.82986
375,31,800.21,399.52,73.94,153.29,1,1,0.74284
376,15,352.14,557.69,91.52,223.4,1,1,0.89075
376,6,689.12,415.32,67.79,187.12,1,1,0.75709
376,31,805.98,417.25,77.42,152.05,1,1,0.64914
377,15,359.02,557.97,91.5,227.93,1,1,0.88456
377,6,692.68,422.81,64.49,186.41,1,1,0.77504
377,31,808.53,425.84,82.32,149.63,1,1,0.71662
377,52,0.79,473.61,45.05,210.35,1,1,0.80206
378,15,360.2,556.07,91.48,229.66,1,1,0.88471
378,6,692.67,423.54,63.23,186.15,1,1,0.77442
378,31,808.08,427.09,84.25,148.69,1,1,0.71693
378,52,0.33,478.5,47.83,205.54,1,1,0.80151
379,15,369.48,557.27,92.45,219.6,1,1,0.88474
379,6,692.51,430.69,71.85,187.46,1,1,0.78624
379,31,811.24,434.37,94.64,146.19,1,1,0.76799
379,52,1.38,487.97,61.43,203.06,1,1,0.84656
379,25,737.24,417.21,80.78,174.87,1,1,0.77759
380,15,374.63,557.18,92.35,213.63,1,1,0.90164
380,6,688.54,433.57,82.79,187.25,1,1,0.81903
380,31,812.04,438.53,95.86,142.58,1,1,0.78261
380,52,0.62,489.73,70.29,201.27,1,1,0.85555
380,53,0.34,405.4,58.27,116.54,1,1,0.68134
380,25,737.07,416.89,84.39,179.7,1,1,0.83512
381,15,380.27,557.52,91.7,211.23,1,1,0.90687
381,6,681.68,434.41,91.83,189.26,1,1,0.85511
381,31,813.6,440.61,92.54,143.05,1,1,0.78449
381,52,0.61,490.21,79.13,199.9,1,1,0.88276
381,25,732.02,415.62,92.67,180.46,1,1,0.84246
382,15,381.84,557.38,91.38,210.39,1,1,0.90732
382,6,678.05,434.4,95.69,189.86,1,1,0.86134
382,31,813.67,440.96,91.29,143.49,1,1,0.78705
382,52,0.04,489.98,82.54,199.43,1,1,0.88542
382,25,729.67,414.8,95.73,180.83,1,1,0.84516
383,15,388.23,556.56,89.95,210.83,1,1,0.92165
383,6,668.11,434.07,95.92,191.21,1,1,0.87905
383,31,817.6,443.42,94.54,141.81,1,1,0.79684
383,52,14.97,486.58,80.49,201.29,1,1,0.88335
383,25,728.92,416.11,101.39,180.66,1,1,0.85017
384,15,391.15,553.0,91.33,213.16,1,1,0.90961
384,6,659.96,431.8,91.94,192.96,1,1,0.86865
384,31,820.21,443.23,99.72,140.6,1,1,0.79943
384,52,24.81,481.19,83.2,204.48,1,1,0.88625
384,25,730.13,414.99,105.18,183.47,1,1,0.86593
385,15,392.03,551.74,91.89,214.04,1,1,0.90972
385,6,656.75,430.94,90.22,193.56,1,1,0.86913
385,31,821.19,443.12,101.71,140.07,1,1,0.79999
385,52,28.51,479.22,84.26,205.64,1,1,0.88709
385,25,730.6,414.53,106.66,184.53,1,1,0.86764
385,55,868.83,423.6,68.53,77.05,1,1,0.66896
386,15,400.44,545.39,89.19,216.91,1,1,0.89874
386,6,642.03,426.67,86.22,194.27,1,1,0.86257
386,31,820.48,446.07,99.55,134.94,1,1,0.84899
386,52,41.82,474.21,85.8,203.26,1,1,0.88644
386,25,732.85,413.85,111.87,191.24,1,1,0.85748
386,55,878.14,430.96,67.1,112.65,1,1,0.82055
387,15,403.64,543.25,88.28,218.04,1,1,0.89884
387,6,636.74,425.2,84.59,194.53,1,1,0.8631
387,31,820.44,447.31,98.59,133.02,1,1,0.84929
387,52,47.32,472.52,86.24,202.59,1,1,0.88794
387,25,733.94,413.77,113.93,193.74,1,1,0.85849
387,55,881.44,433.76,66.62,125.48,1,1,0.82102
388,15,406.82,538.2,91.13,219.1,1,1,0.91661
388,6,624.77,424.44,83.65,194.46,1,1,0.88217
388,31,820.6,452.16,95.45,129.19,1,1,0.82262
388,52,56.58,469.87,90.31,193.12,1,1,0.89196
388,25,737.79,420.62,111.53,189.38,1,1,0.84556
388,55,889.99,440.54,66.06,122.51,1,1,0.82887
389,15,408.48,536.42,91.87,219.17,1,1,0.91492
389,6,620.88,424.15,83.11,194.56,1,1,0.88214
389,31,821.04,453.98,94.23,127.8,1,1,0.8219
389,52,60.54,469.05,91.87,189.52,1,1,0.89056
389,25,739.71,423.3,110.13,187.72,1,1,0.84364
389,55,892.88,443.44,65.87,119.38,1,1,0.8293
389,56,82.01,391.29,78.56,95.72,1,1,0.80892
390,15,411.37,534.74,93.26,214.01,1,1,0.92003
390,6,614.31,425.42,82.76,195.55,1,1,0.88649
390,31,822.18,456.07,92.79,124.08,1,1,0.84533
390,52,67.41,468.33,91.69,187.58,1,1,0.88474
390,25,741.34,425.83,113.82,185.79,1,1,0.85964
390,55,896.28,448.57,66.94,111.33,1,1,0.82755
390,56,92.11,388.87,76.76,98.16,1,1,0.79829
390,42,693.42,392.59,91.49,152.82,1,1,0.68268
