1,0,353.79,415.47,148.48,263.87,1,1,0.93226
1,1,1580.53,303.71,167.74,277.92,1,1,0.92849
1,2,559.98,462.17,171.94,213.16,1,1,0.92164
1,3,1471.47,451.43,177.95,242.08,1,1,0.91542
1,4,767.67,425.69,110.32,337.33,1,1,0.90968
1,5,986.83,477.78,159.76,295.28,1,1,0.90947
1,6,116.69,351.6,124.39,278.55,1,1,0.90707
1,7,1240.58,455.21,164.87,220.18,1,1,0.90171
1,8,1074.43,459.55,126.07,217.45,1,1,0.8744
1,9,533.42,453.92,103.14,186.48,1,1,0.8612
1,10,970.01,324.23,122.35,220.06,1,1,0.85142
1,11,851.57,480.7,104.5,184.97,1,1,0.84603
1,12,893.21,447.12,114.94,186.75,1,1,0.77599
2,0,354.12,415.48,148.89,263.93,1,1,0.93282
2,1,1584.06,303.85,176.16,277.26,1,1,0.92912
2,2,560.6,462.64,172.34,212.63,1,1,0.92317
2,3,1471.71,451.87,178.47,242.15,1,1,0.92147
2,4,768.39,425.96,110.51,337.02,1,1,0.9093
2,5,987.31,477.92,160.63,295.22,1,1,0.91252
2,6,117.45,351.66,124.23,277.61,1,1,0.91483
2,7,1241.22,456.03,165.27,219.27,1,1,0.90485
2,8,1075.98,459.88,125.13,217.23,1,1,0.87935
2,9,535.04,455.69,101.79,184.71,1,1,0.86777
2,10,970.34,324.27,122.34,207.25,1,1,0.86425
2,11,852.99,474.48,104.19,191.06,1,1,0.842
2,12,895.96,446.84,112.93,187.62,1,1,0.76586
3,0,355.72,414.88,150.82,266.19,1,1,0.91656
3,1,1590.74,304.77,181.65,276.64,1,1,0.91953
3,2,561.84,463.42,173.65,212.15,1,1,0.91219
3,3,1473.56,449.63,179.37,245.48,1,1,0.91213
3,4,770.7,425.36,111.66,339.94,1,1,0.89577
3,5,989.14,478.06,160.49,295.43,1,1,0.89712
3,6,118.49,351.66,125.41,279.2,1,1,0.89786
3,7,1243.45,456.46,165.58,219.54,1,1,0.89625
3,8,1075.04,458.85,128.95,218.92,1,1,0.86815
3,9,537.76,457.91,101.38,182.96,1,1,0.85208
3,10,972.34,323.84,122.62,213.51,1,1,0.85227
3,11,855.05,479.64,104.96,186.61,1,1,0.836
3,12,896.24,447.27,113.6,187.02,1,1,0.80651
4,0,355.63,414.39,152.36,267.59,1,1,0.91279
4,1,1596.96,305.69,185.89,277.79,1,1,0.91622
4,2,562.81,462.76,173.26,212.9,1,1,0.9105
4,3,1473.75,448.84,179.29,246.47,1,1,0.9068
4,4,771.02,424.76,113.11,341.88,1,1,0.89179
4,5,988.99,476.98,160.89,296.61,1,1,0.89472
4,6,118.41,351.44,126.64,279.89,1,1,0.89461
4,7,1243.94,457.12,165.62,219.36,1,1,0.89615
4,8,1075.43,458.72,128.79,219.29,1,1,0.86817
4,9,537.67,457.39,103.22,183.68,1,1,0.84199
4,10,972.99,323.74,123.17,223.16,1,1,0.83761
4,11,855.68,476.73,105.22,190.18,1,1,0.83379
4,12,892.77,445.53,116.16,188.5,1,1,0.80062
5,0,356.02,414.5,152.02,267.53,1,1,0.91418
5,1,1602.7,307.24,186.65,277.85,1,1,0.91587
5,2,562.71,462.39,173.18,213.48,1,1,0.91417
5,3,1473.86,449.79,179.13,245.1,1,1,0.90896
5,4,770.99,425.18,113.36,342.16,1,1,0.89229
5,5,988.83,476.61,161.09,296.94,1,1,0.89744
5,6,118.32,351.5,127.02,279.43,1,1,0.89601
5,7,1244.04,457.23,165.24,219.31,1,1,0.89657
5,8,1075.75,458.87,128.49,219.29,1,1,0.87004
5,9,537.15,456.86,103.67,184.56,1,1,0.84009
5,10,972.86,323.67,123.24,217.72,1,1,0.84175
5,11,855.89,477.14,105.01,189.94,1,1,0.83398
5,12,891.98,446.02,117.33,188.07,1,1,0.80057
6,0,356.82,414.53,152.12,267.36,1,1,0.91317
6,1,1609.61,308.99,185.93,276.52,1,1,0.91312
6,2,563.22,462.75,173.29,212.62,1,1,0.91782
6,3,1474.4,450.04,179.1,244.73,1,1,0.90949
6,4,771.09,425.6,113.79,340.34,1,1,0.89548
6,5,989.69,475.83,160.52,297.64,1,1,0.8985
6,6,118.78,351.15,127.2,279.63,1,1,0.89767
6,7,1244.57,457.07,165.43,219.37,1,1,0.89835
6,8,1076.72,458.52,128.29,219.67,1,1,0.87031
6,9,537.29,457.3,103.81,184.11,1,1,0.83625
6,10,973.47,323.57,123.39,225.05,1,1,0.8249
6,11,856.83,481.38,105.01,185.78,1,1,0.8404
6,12,892.01,445.6,117.93,187.88,1,1,0.80232
7,0,356.95,414.37,153.32,269.11,1,1,0.90679
7,1,1615.6,310.84,183.72,275.63,1,1,0.90614
7,2,563.98,462.52,173.18,213.66,1,1,0.90927
7,3,1474.21,450.01,180.18,245.12,1,1,0.90021
7,4,770.62,425.5,115.73,342.27,1,1,0.88835
7,5,990.64,476.45,160.36,297.83,1,1,0.888
7,6,118.88,350.83,127.62,281.68,1,1,0.89004
7,7,1245.44,458.81,166.78,218.8,1,1,0.89355
7,8,1076.63,458.29,129.66,221.51,1,1,0.86127
7,9,537.59,458.14,104.81,183.11,1,1,0.82894
7,10,974.35,323.65,122.99,220.1,1,1,0.82001
7,11,856.44,489.9,106.67,178.36,1,1,0.84163
7,12,893.72,446.45,119.06,188.04,1,1,0.78718
8,0,356.91,414.26,153.93,269.77,1,1,0.90611
8,1,1620.88,312.15,180.23,274.85,1,1,0.90371
8,2,564.43,462.69,172.53,213.6,1,1,0.90834
8,3,1474.01,450.23,180.97,245.45,1,1,0.89683
8,4,768.2,425.84,118.41,342.6,1,1,0.88973
8,5,990.57,477.25,160.94,297.49,1,1,0.8889
8,6,119.31,350.98,127.53,281.93,1,1,0.88892
8,7,1245.95,459.98,167.37,218.15,1,1,0.89101
8,8,1075.98,458.39,130.6,222.27,1,1,0.85919
8,9,537.89,458.64,104.83,182.26,1,1,0.83317
8,10,974.67,323.83,123.32,218.46,1,1,0.81396
8,11,856.5,493.19,107.07,175.64,1,1,0.84378
8,12,895.84,447.54,118.28,187.62,1,1,0.79344
9,0,356.85,414.71,154.34,269.98,1,1,0.90702
9,1,1625.16,313.81,178.02,273.99,1,1,0.90269
9,2,564.1,463.13,173.08,213.83,1,1,0.90814
9,3,1473.65,449.91,181.94,246.48,1,1,0.89809
9,4,765.76,426.98,122.18,342.02,1,1,0.88922
9,5,990.89,478.1,161.19,297.2,1,1,0.88934
9,6,119.65,351.08,127.64,282.15,1,1,0.88947
9,7,1246.32,461.93,167.54,216.84,1,1,0.89301
9,8,1075.94,458.38,130.89,222.91,1,1,0.85983
9,9,537.8,459.35,104.45,181.88,1,1,0.834
9,10,974.91,323.94,123.51,219.12,1,1,0.80906
9,11,857.04,495.77,106.54,172.92,1,1,0.84283
9,12,897.29,448.27,117.37,187.86,1,1,0.79996
10,0,357.32,415.04,154.66,269.89,1,1,0.90656
10,1,1629.69,314.44,174.57,273.65,1,1,0.90559
10,2,564.14,463.74,173.5,213.67,1,1,0.90831
10,3,1473.35,449.71,183.24,247.04,1,1,0.89996
10,4,764.69,427.44,124.64,341.12,1,1,0.88977
10,5,991.33,478.4,161.39,297.22,1,1,0.89016
10,6,119.88,351.16,127.75,281.99,1,1,0.88903
10,7,1246.53,462.7,167.86,216.26,1,1,0.89203
10,8,1075.8,458.64,131.33,222.76,1,1,0.86041
10,9,537.85,459.7,104.52,181.75,1,1,0.83163
10,10,975.29,324.03,123.59,222.01,1,1,0.80504
10,11,857.52,496.56,106.05,172.04,1,1,0.83956
10,12,898.41,448.27,117.79,188.31,1,1,0.7914
11,0,357.01,414.88,154.41,269.63,1,1,0.90884
11,1,1633.23,314.17,170.65,273.51,1,1,0.90179
11,2,563.67,463.86,173.69,212.71,1,1,0.91054
11,3,1473.13,449.21,183.15,247.22,1,1,0.90187
11,4,763.93,427.37,126.69,340.11,1,1,0.89201
11,5,991.26,478.25,161.16,296.8,1,1,0.89346
11,6,119.92,350.77,127.29,282.01,1,1,0.8918
11,7,1246.29,462.5,167.17,216.06,1,1,0.89378
11,8,1076.36,458.86,130.74,222.18,1,1,0.86235
11,9,537.81,459.83,102.99,181.18,1,1,0.83775
11,10,975.03,324.04,123.24,216.71,1,1,0.80718
11,11,858.1,497.85,105.04,170.05,1,1,0.84602
11,12,900.98,448.48,114.83,187.12,1,1,0.7863
12,0,355.55,414.64,154.16,269.16,1,1,0.90815
12,1,1635.51,313.87,167.25,273.92,1,1,0.9038
12,2,561.85,464.21,174.35,211.82,1,1,0.91262
12,3,1471.79,449.21,182.45,246.87,1,1,0.9027
12,4,763.17,427.21,126.08,340.23,1,1,0.89371
12,5,989.81,477.55,161.36,297.08,1,1,0.89336
12,6,119.07,350.38,126.84,282.6,1,1,0.89184
12,7,1244.18,459.83,167.38,218.19,1,1,0.89317
12,8,1075.21,458.23,129.42,221.57,1,1,0.8657
12,9,536.15,459.66,103.49,181.57,1,1,0.83915
12,10,973.25,323.55,123.69,225.52,1,1,0.82618
12,11,857.48,497.82,104.49,170.14,1,1,0.85289
12,12,894.15,447.6,117.99,186.3,1,1,0.76392
13,0,354.26,414.53,154.05,269.31,1,1,0.90644
13,1,1634.92,313.28,167.16,274.59,1,1,0.90625
13,2,560.57,463.78,174.02,212.29,1,1,0.90869
13,3,1470.73,449.6,182.67,246.66,1,1,0.90069
13,4,763.34,427.99,123.65,340.04,1,1,0.89142
13,5,988.45,478.1,162.32,297.07,1,1,0.89002
13,6,117.87,350.74,126.9,282.65,1,1,0.8925
13,7,1242.63,460.67,167.84,217.42,1,1,0.89165
13,8,1071.99,458.26,131.65,221.76,1,1,0.85807
13,9,535.15,459.3,103.4,181.76,1,1,0.84072
13,10,971.86,323.45,123.98,221.41,1,1,0.81809
13,11,855.49,499.72,105.4,168.65,1,1,0.8565
13,12,892.83,448.79,117.35,184.67,1,1,0.79089
14,0,351.92,414.39,153.35,268.93,1,1,0.90997
14,1,1634.13,312.43,166.14,275.4,1,1,0.90427
14,2,558.27,463.32,173.73,212.85,1,1,0.91025
14,3,1468.94,448.97,182.26,246.91,1,1,0.89977
14,4,762.48,427.69,120.96,339.48,1,1,0.8965
14,5,986.07,477.53,161.56,297.03,1,1,0.88802
14,6,115.59,350.36,126.35,282.65,1,1,0.89504
14,7,1240.18,458.32,166.76,219.18,1,1,0.88696
14,8,1069.42,457.54,131.56,222.17,1,1,0.86064
14,9,532.38,459.14,103.36,180.78,1,1,0.83097
14,10,969.29,322.93,124.08,226.69,1,1,0.8422
14,11,852.51,500.31,105.42,167.3,1,1,0.8561
14,12,887.34,447.64,121.3,185.67,1,1,0.80002
15,0,350.5,414.95,152.4,267.04,1,1,0.91996
15,1,1634.46,311.94,165.01,274.64,1,1,0.9092
15,2,557.47,464.19,173.15,211.12,1,1,0.91749
15,3,1469.02,450.2,181.25,245.17,1,1,0.91659
15,4,765.25,428.39,116.32,336.64,1,1,0.89938
15,5,985.42,478.37,161.21,295.56,1,1,0.90038
15,6,115.26,350.27,125.26,281.53,1,1,0.89981
15,7,1239.11,458.53,164.56,217.92,1,1,0.8901
15,8,1071.83,458.56,127.25,219.88,1,1,0.86397
15,9,530.95,459.24,101.8,180.88,1,1,0.84184
15,10,968.49,323.17,123.41,220.97,1,1,0.85527
15,11,851.7,494.18,104.52,172.51,1,1,0.85172
15,12,882.21,446.4,124.98,185.87,1,1,0.78263
16,0,350.41,415.25,151.31,265.53,1,1,0.92364
16,1,1634.65,311.2,164.68,274.65,1,1,0.9143
16,2,557.08,464.97,173.16,209.75,1,1,0.92213
16,3,1469.62,450.78,180.44,244.43,1,1,0.92163
16,4,767.22,428.94,113.4,334.44,1,1,0.90035
16,5,985.24,478.52,160.46,294.7,1,1,0.90729
16,6,115.39,349.91,124.6,280.99,1,1,0.90497
16,7,1238.98,458.19,163.8,217.19,1,1,0.89351
16,8,1073.52,459.19,124.43,218.02,1,1,0.8666
16,9,530.83,459.32,100.86,180.74,1,1,0.85513
16,10,968.53,323.02,122.99,222.06,1,1,0.85276
16,11,851.99,496.66,103.81,168.14,1,1,0.85396
16,12,888.15,446.06,118.02,185.04,1,1,0.80883
17,0,349.74,415.18,151.77,265.53,1,1,0.92062
17,1,1634.66,310.73,165.07,275.25,1,1,0.91557
17,2,556.83,465.2,173.01,209.03,1,1,0.92096
17,3,1469.73,450.99,180.56,243.95,1,1,0.92053
17,4,767.56,428.62,112.37,333.45,1,1,0.9012
17,5,985.27,478.57,159.96,294.31,1,1,0.90556
17,6,115.12,349.8,124.77,280.86,1,1,0.90252
17,7,1238.83,458.19,163.21,216.1,1,1,0.89318
17,8,1074.23,459.18,123.62,217.51,1,1,0.86709
17,9,530.69,459.24,101.12,180.8,1,1,0.85751
17,10,968.46,323.05,123.04,224.7,1,1,0.85145
17,11,851.46,498.15,104.66,166.43,1,1,0.85642
17,12,896.48,448.87,108.32,182.2,1,1,0.82393
18,0,352.2,414.95,151.36,266.42,1,1,0.91176
18,1,1637.16,310.48,165.14,276.91,1,1,0.9128
18,2,557.87,464.85,173.8,210.68,1,1,0.91344
18,3,1470.68,450.93,181.62,244.28,1,1,0.91208
18,4,769.61,428.37,112.24,334.09,1,1,0.88994
18,5,986.63,478.8,160.83,294.92,1,1,0.9002
18,6,116.43,350.04,124.9,281.06,1,1,0.89662
18,7,1240.14,459.04,163.77,215.77,1,1,0.88718
18,8,1072.67,459.32,127.86,217.78,1,1,0.86116
18,9,531.88,458.63,102.27,181.09,1,1,0.84543
18,10,969.6,322.92,122.69,219.85,1,1,0.82658
18,11,853.63,481.76,105.1,182.18,1,1,0.81234
18,12,903.09,450.81,103.18,182.58,1,1,0.82593
19,0,353.66,415.05,151.8,266.15,1,1,0.91405
19,1,1638.15,310.62,165.89,277.2,1,1,0.9146
19,2,559.15,464.42,174.36,211.06,1,1,0.91215
19,3,1471.48,450.85,182.66,244.66,1,1,0.91247
19,4,771.25,427.97,112.7,334.21,1,1,0.89102
19,5,987.89,478.69,161.99,295.25,1,1,0.8996
19,6,118.14,349.54,124.52,281.78,1,1,0.89807
19,7,1241.11,456.06,165.24,218.98,1,1,0.88736
19,8,1074.23,458.38,128.11,218.68,1,1,0.86261
19,9,532.65,458.11,103.5,181.91,1,1,0.84494
19,10,971.29,322.83,122.48,230.34,1,1,0.83322
19,11,855.19,469.09,106.02,194.89,1,1,0.82145
19,12,906.04,450.74,102.81,182.31,1,1,0.82276
20,0,355.17,415.38,151.86,265.61,1,1,0.91407
20,1,1638.82,310.74,165.98,277.64,1,1,0.91922
20,2,561.12,463.94,173.57,211.21,1,1,0.91774
20,3,1473.16,450.97,181.66,244.5,1,1,0.91826
20,4,769.74,429.31,117.76,332.1,1,1,0.89556
20,5,988.53,479.77,162.94,294.36,1,1,0.90099
20,6,119.66,350.4,124.24,280.41,1,1,0.90301
20,7,1242.43,456.64,164.97,218.5,1,1,0.89516
20,8,1073.39,456.51,130.99,219.84,1,1,0.84762
20,9,533.35,457.57,103.46,182.63,1,1,0.8568
20,10,972.82,323.66,121.16,205.74,1,1,0.86744
20,11,851.1,457.71,111.55,206.03,1,1,0.8158
20,12,910.88,448.26,99.26,184.63,1,1,0.82129
21,0,355.37,415.54,151.98,265.2,1,1,0.91592
21,1,1638.72,310.68,166.53,277.83,1,1,0.91973
21,2,561.48,463.45,173.36,211.22,1,1,0.91801
21,3,1472.96,451.06,182.29,244.64,1,1,0.91922
21,4,768.8,429.7,119.55,330.6,1,1,0.89761
21,5,988.35,480.0,163.29,294.28,1,1,0.89972
21,6,119.9,350.43,124.13,279.65,1,1,0.90353
21,7,1242.7,457.06,164.88,218.16,1,1,0.89543
21,8,1072.99,455.76,131.25,220.14,1,1,0.84937
21,9,533.23,457.19,103.27,183.02,1,1,0.85396
21,10,973.1,324.06,120.72,194.83,1,1,0.88001
21,11,849.79,453.14,113.0,210.35,1,1,0.81715
21,12,912.02,447.52,98.71,185.3,1,1,0.82322
22,0,356.01,415.63,153.08,265.15,1,1,0.91272
22,1,1638.58,310.73,168.02,278.31,1,1,0.91777
22,2,562.35,461.17,172.82,213.16,1,1,0.91629
22,3,1473.56,450.69,182.42,244.7,1,1,0.91622
22,4,767.3,430.75,121.77,328.4,1,1,0.8939
22,5,988.81,483.67,163.47,290.87,1,1,0.8966
22,6,120.03,350.38,124.62,279.05,1,1,0.90037
22,7,1243.75,455.78,165.27,219.85,1,1,0.89201
22,8,1067.5,453.71,138.57,221.83,1,1,0.84253
22,9,534.04,456.54,104.07,183.92,1,1,0.85241
22,10,973.79,323.89,120.64,187.56,1,1,0.89218
22,11,852.08,462.77,111.44,199.92,1,1,0.77302
22,12,915.04,447.0,99.1,185.03,1,1,0.84094
23,0,355.53,414.62,154.97,266.57,1,1,0.90923
23,1,1637.54,310.86,169.66,278.7,1,1,0.91238
23,2,562.99,456.1,172.13,218.46,1,1,0.9103
23,3,1473.48,445.86,182.71,249.65,1,1,0.91302
23,4,762.72,430.98,126.36,329.62,1,1,0.88274
23,5,988.48,482.88,164.52,292.19,1,1,0.89208
23,6,119.95,350.24,124.8,282.32,1,1,0.90188
23,7,1244.05,447.3,166.12,228.47,1,1,0.90374
23,8,1058.23,446.42,147.68,229.23,1,1,0.8164
23,9,533.54,456.13,104.33,184.65,1,1,0.83783
23,10,973.8,323.76,120.74,185.85,1,1,0.87955
23,11,841.81,440.73,122.52,221.96,1,1,0.77924
23,12,915.19,442.17,98.05,190.56,1,1,0.79916
24,0,354.37,411.72,156.38,268.78,1,1,0.91164
24,1,1637.16,310.9,170.01,277.73,1,1,0.91477
24,2,562.74,450.19,173.28,222.8,1,1,0.91205
24,3,1474.56,439.06,181.84,256.4,1,1,0.91706
24,4,755.87,436.75,134.62,324.66,1,1,0.87187
24,5,988.21,480.34,165.35,294.57,1,1,0.88516
24,6,120.56,350.68,124.26,280.15,1,1,0.90368
24,7,1244.16,444.38,166.44,230.53,1,1,0.90857
24,8,1050.66,437.69,153.63,237.18,1,1,0.81009
24,9,533.04,455.02,104.27,186.11,1,1,0.8377
24,10,974.33,323.72,120.77,184.82,1,1,0.8604
24,11,829.1,421.01,134.52,240.09,1,1,0.86176
24,12,912.33,435.35,94.57,188.36,1,1,0.65633
25,0,353.68,408.66,157.66,270.28,1,1,0.9162
25,1,1637.2,310.65,170.74,277.78,1,1,0.91591
25,2,561.95,441.83,176.96,230.86,1,1,0.91515
25,3,1475.4,433.81,181.86,261.91,1,1,0.91797
25,4,748.66,444.24,145.64,313.19,1,1,0.8737
25,5,987.53,476.97,167.11,298.61,1,1,0.8808
25,6,121.94,351.27,124.3,278.37,1,1,0.9025
25,7,1244.5,440.03,167.59,234.67,1,1,0.91305
25,8,1026.24,429.81,177.92,244.02,1,1,0.7085
25,9,534.4,452.96,101.02,188.99,1,1,0.84706
25,10,975.27,323.78,121.07,177.85,1,1,0.85286
25,11,818.05,408.07,145.45,250.9,1,1,0.89067
25,12,909.29,428.35,107.4,192.0,1,1,0.68317
26,0,351.34,402.88,158.57,272.42,1,1,0.93756
26,1,1638.03,310.35,169.92,277.19,1,1,0.92879
26,2,561.0,431.58,179.23,239.54,1,1,0.92885
26,3,1476.62,428.88,181.39,266.17,1,1,0.92733
26,4,740.14,446.67,155.42,307.83,1,1,0.87704
26,5,988.32,476.96,166.54,297.77,1,1,0.89458
26,6,122.51,352.96,125.36,273.67,1,1,0.91408
26,7,1244.39,433.97,168.17,239.97,1,1,0.92954
26,9,535.25,447.28,96.21,195.26,1,1,0.86306
26,10,975.55,323.64,119.14,163.53,1,1,0.88147
26,11,808.35,398.25,154.91,257.68,1,1,0.89602
26,12,905.49,424.82,114.35,195.7,1,1,0.72043
27,0,342.03,396.73,164.91,274.38,1,1,0.95812
27,1,1637.51,310.28,168.94,275.9,1,1,0.93852
27,2,556.37,422.29,186.98,248.7,1,1,0.93089
27,3,1476.69,426.36,178.29,267.68,1,1,0.93644
27,4,730.06,453.14,165.53,300.22,1,1,0.88474
27,5,987.41,476.15,166.42,297.76,1,1,0.89693
27,6,122.08,355.72,126.14,267.52,1,1,0.93851
27,7,1242.81,427.41,168.62,246.31,1,1,0.9473
27,9,532.36,440.06,96.16,189.89,1,1,0.82404
27,10,974.08,323.77,117.16,147.47,1,1,0.84386
27,11,800.05,391.63,153.85,257.36,1,1,0.89005
27,12,900.03,416.59,118.17,209.14,1,1,0.80251
28,0,332.56,390.16,172.25,279.48,1,1,0.95354
28,1,1637.15,310.07,168.22,275.82,1,1,0.92951
28,2,552.13,414.63,195.0,257.56,1,1,0.91889
28,3,1475.73,424.86,174.1,268.42,1,1,0.9283
28,4,724.32,456.31,169.04,298.21,1,1,0.88148
28,5,985.83,474.29,167.06,299.86,1,1,0.89989
28,6,120.83,358.63,129.29,264.23,1,1,0.92941
28,7,1239.15,421.34,170.66,252.29,1,1,0.93529
28,9,528.38,431.8,101.13,191.38,1,1,0.84585
28,11,794.17,386.88,146.47,257.99,1,1,0.88099
29,0,324.98,384.39,178.8,287.88,1,1,0.95239
29,1,1636.66,309.62,167.48,275.6,1,1,0.92893
29,2,547.71,407.61,202.25,266.22,1,1,0.92162
29,3,1474.45,422.82,172.25,271.14,1,1,0.93181
29,4,722.11,458.08,169.04,296.57,1,1,0.89192
29,5,984.17,470.78,167.76,303.36,1,1,0.90209
29,6,120.16,360.37,131.89,262.56,1,1,0.91573
29,7,1235.09,414.71,173.82,258.87,1,1,0.93495
29,9,525.56,420.56,106.03,197.19,1,1,0.85882
29,11,788.99,382.55,140.45,264.17,1,1,0.88035
30,0,319.26,378.39,184.52,297.72,1,1,0.95396
30,1,1636.4,309.06,167.12,275.59,1,1,0.93532
30,2,545.78,402.13,207.98,271.78,1,1,0.92337
30,3,1473.66,421.89,173.47,273.48,1,1,0.9468
30,4,721.59,462.19,165.6,291.94,1,1,0.90138
30,5,984.65,468.89,167.43,304.77,1,1,0.92126
30,6,120.02,360.83,135.62,261.77,1,1,0.91932
30,7,1230.9,408.07,177.25,264.9,1,1,0.93732
30,9,524.69,412.25,112.97,202.0,1,1,0.87128
30,11,781.96,379.64,145.15,268.63,1,1,0.88965
30,8,968.54,394.66,142.64,257.53,1,1,0.80873
31,0,316.53,374.27,187.23,304.74,1,1,0.95313
31,1,1635.74,308.15,167.08,277.38,1,1,0.93048
31,2,544.59,397.25,213.23,278.16,1,1,0.92146
31,3,1470.74,420.2,176.31,275.7,1,1,0.94854
31,4,721.31,465.41,162.67,288.64,1,1,0.89672
31,5,985.25,467.59,167.15,306.2,1,1,0.92685
31,6,119.47,361.51,137.93,261.43,1,1,0.91682
31,7,1226.67,402.49,180.26,270.92,1,1,0.93337
31,9,521.12,404.81,120.53,207.66,1,1,0.86218
31,11,773.97,378.35,151.52,270.79,1,1,0.8725
31,8,954.9,390.95,139.73,259.32,1,1,0.81979
32,0,314.63,370.91,190.03,309.58,1,1,0.94813
32,1,1635.17,307.3,167.84,279.7,1,1,0.92495
32,2,544.58,390.91,218.71,285.6,1,1,0.91132
32,3,1465.77,416.82,181.7,278.33,1,1,0.9426
32,4,720.93,466.99,160.79,287.17,1,1,0.89535
32,5,986.94,464.0,164.72,309.53,1,1,0.92865
32,6,118.77,361.77,138.88,261.66,1,1,0.91244
32,7,1222.05,398.49,184.88,275.49,1,1,0.92257
32,9,518.11,397.72,125.48,211.97,1,1,0.84634
32,11,772.37,376.94,152.01,272.74,1,1,0.8693
32,8,954.74,387.02,128.21,261.99,1,1,0.84364
33,0,313.23,368.19,192.23,313.92,1,1,0.94641
33,1,1633.69,307.11,168.71,280.14,1,1,0.92435
33,2,546.18,386.05,224.68,294.02,1,1,0.90995
33,3,1459.73,411.28,188.03,282.35,1,1,0.94414
33,4,718.3,465.27,159.93,289.25,1,1,0.89853
33,5,987.55,461.83,163.33,311.19,1,1,0.92461
33,6,117.19,363.99,139.58,259.15,1,1,0.90489
33,7,1217.56,391.59,186.75,281.7,1,1,0.92332
33,9,514.01,392.46,130.24,219.52,1,1,0.87271
33,11,767.89,377.13,157.77,274.08,1,1,0.87355
33,8,938.65,385.7,139.64,264.7,1,1,0.82711
34,0,312.74,366.55,192.83,316.31,1,1,0.94845
34,1,1631.41,307.06,170.67,280.2,1,1,0.92852
34,2,549.76,382.39,225.29,299.67,1,1,0.91261
34,3,1454.06,403.87,193.75,288.84,1,1,0.94603
34,4,715.26,463.5,159.98,291.25,1,1,0.89604
34,5,988.08,459.09,162.06,313.49,1,1,0.929
34,6,114.29,366.28,140.83,256.96,1,1,0.91996
34,7,1212.19,385.98,188.93,287.09,1,1,0.9293
34,9,508.16,389.06,136.49,226.55,1,1,0.86904
34,11,763.1,377.89,161.64,273.8,1,1,0.66878
34,8,921.94,385.95,143.55,268.79,1,1,0.84421
34,13,1321.1,374.43,128.08,228.73,1,1,0.87303
35,0,312.56,364.89,188.73,318.07,1,1,0.94766
35,1,1629.49,308.42,172.25,278.78,1,1,0.92791
35,2,555.51,380.42,229.33,302.43,1,1,0.9062
35,3,1448.63,396.34,199.79,295.8,1,1,0.93956
35,4,713.1,463.14,157.82,291.48,1,1,0.90225
35,5,986.13,458.18,163.49,313.76,1,1,0.92866
35,6,110.89,368.11,142.88,255.29,1,1,0.92288
35,7,1205.6,381.0,193.34,291.32,1,1,0.93253
35,9,493.84,385.75,150.53,237.24,1,1,0.88703
35,8,908.25,386.69,146.79,268.92,1,1,0.86867
35,13,1319.7,368.91,140.22,236.08,1,1,0.89466
36,0,310.22,365.4,187.66,318.85,1,1,0.92251
36,1,1623.51,312.3,177.83,277.42,1,1,0.91464
36,2,579.41,388.77,237.17,294.22,1,1,0.84314
36,3,1439.17,387.22,197.54,300.56,1,1,0.94011
36,4,710.52,464.45,156.28,291.08,1,1,0.88598
36,5,980.95,460.55,167.07,310.92,1,1,0.90036
36,6,100.39,372.19,150.44,252.0,1,1,0.90495
36,7,1191.4,372.91,192.2,298.77,1,1,0.89762
36,9,488.51,382.12,151.94,249.42,1,1,0.89155
36,8,888.85,388.35,146.78,266.21,1,1,0.87703
36,13,1313.24,359.87,155.56,253.93,1,1,0.89098
36,14,-0.48,227.71,25.99,305.15,1,1,0.66356
37,0,310.48,365.72,187.22,318.88,1,1,0.9224
37,1,1622.23,313.67,179.8,276.88,1,1,0.91511
37,2,589.64,391.85,239.84,291.06,1,1,0.84369
37,3,1436.51,383.7,196.68,302.08,1,1,0.94019
37,4,710.7,464.68,155.43,290.72,1,1,0.88849
37,5,979.87,461.4,168.63,309.86,1,1,0.90046
37,6,97.33,373.56,153.01,250.89,1,1,0.90485
37,7,1186.96,369.97,191.91,301.3,1,1,0.90094
37,9,487.44,380.7,152.29,254.11,1,1,0.89214
37,8,882.75,389.03,146.73,265.24,1,1,0.87743
37,13,1311.89,356.88,161.05,259.73,1,1,0.89233
37,14,-0.11,225.88,26.59,308.72,1,1,0.6655
38,0,312.51,367.79,184.21,317.9,1,1,0.93432
38,1,1618.13,316.09,183.22,274.52,1,1,0.92054
38,2,628.2,385.44,210.45,297.29,1,1,0.80657
38,3,1437.03,380.99,187.53,303.05,1,1,0.94036
38,4,710.41,462.41,151.46,291.86,1,1,0.89075
38,5,975.12,467.32,171.96,303.58,1,1,0.91371
38,6,92.35,373.3,154.6,253.31,1,1,0.90962
38,7,1177.66,365.65,172.54,304.64,1,1,0.92734
38,9,481.68,382.15,149.0,254.52,1,1,0.91313
38,8,850.73,392.28,169.97,267.03,1,1,0.88163
38,13,1309.18,354.01,162.53,265.75,1,1,0.87978
38,14,-0.26,229.98,33.22,294.36,1,1,0.73482
38,10,982.74,322.78,129.59,243.9,1,1,0.85927
39,0,314.04,368.64,182.8,317.27,1,1,0.93592
39,1,1617.45,316.81,184.08,273.59,1,1,0.92078
39,2,644.06,383.02,198.04,299.5,1,1,0.80545
39,3,1437.73,380.03,184.08,303.34,1,1,0.94118
39,4,710.66,461.48,150.06,292.07,1,1,0.89294
39,5,974.01,469.44,173.33,301.45,1,1,0.91515
39,6,91.08,372.95,154.84,254.5,1,1,0.90943
39,7,1174.3,364.06,165.42,305.8,1,1,0.9285
39,9,480.0,382.83,147.65,254.39,1,1,0.91377
39,8,839.59,393.44,178.39,267.67,1,1,0.88192
39,13,1308.74,353.01,162.65,267.61,1,1,0.87963
39,14,0.18,231.0,35.55,288.7,1,1,0.74198
39,10,983.47,322.91,130.53,248.31,1,1,0.86067
40,0,319.27,369.47,178.2,319.15,1,1,0.94699
40,1,1616.85,317.0,185.31,273.36,1,1,0.92604
40,2,649.65,375.18,151.52,307.94,1,1,0.81608
40,3,1441.53,379.88,173.89,302.97,1,1,0.94629
40,4,709.97,459.16,150.46,293.7,1,1,0.87739
40,5,973.63,472.01,175.2,298.51,1,1,0.92037
40,6,90.25,370.41,155.24,258.84,1,1,0.93299
40,7,1171.43,362.84,157.38,307.03,1,1,0.93622
40,9,481.89,386.07,140.96,250.78,1,1,0.93459
40,8,834.57,393.97,180.47,269.68,1,1,0.88853
40,13,1310.98,353.6,160.74,271.3,1,1,0.86903
40,14,0.52,236.76,40.09,278.54,1,1,0.83303
40,10,982.34,323.52,134.32,249.04,1,1,0.89635
41,0,330.46,373.77,175.14,322.09,1,1,0.93593
41,1,1620.29,311.68,182.81,279.67,1,1,0.90843
41,2,656.22,377.93,135.34,305.59,1,1,0.87588
41,3,1446.36,380.5,152.5,300.07,1,1,0.91711
41,4,714.75,454.93,149.02,300.03,1,1,0.88712
41,5,968.53,472.71,186.6,297.7,1,1,0.89696
41,6,91.9,365.5,156.76,271.56,1,1,0.91391
41,7,1162.18,363.75,149.47,307.73,1,1,0.92051
41,9,483.93,391.85,137.71,246.34,1,1,0.90789
41,8,836.55,392.26,172.85,282.13,1,1,0.87591
41,13,1298.85,358.09,172.72,282.21,1,1,0.88256
41,14,1.56,235.36,49.28,279.63,1,1,0.89957
41,10,984.73,317.93,134.09,254.59,1,1,0.8875
42,0,333.52,375.3,173.88,323.17,1,1,0.93501
42,1,1620.32,309.53,181.85,282.0,1,1,0.90872
42,2,657.32,379.12,130.56,304.34,1,1,0.87742
42,3,1447.09,380.68,144.58,298.73,1,1,0.91739
42,4,715.04,452.86,148.55,302.56,1,1,0.88731
42,5,965.11,472.8,191.08,297.16,1,1,0.89725
42,6,91.36,363.5,157.32,276.28,1,1,0.9152
42,7,1157.89,364.08,146.65,307.84,1,1,0.92055
42,9,483.61,393.98,136.44,244.45,1,1,0.90818
42,8,836.6,391.43,169.67,287.43,1,1,0.876
42,13,1293.28,359.73,176.91,286.15,1,1,0.88241
42,14,0.63,234.69,52.97,280.09,1,1,0.89973
42,10,984.43,315.57,133.73,256.52,1,1,0.8879
43,0,337.23,377.2,178.51,323.1,1,1,0.91924
43,1,1621.52,307.23,182.4,285.21,1,1,0.90322
43,2,653.31,383.27,133.28,288.09,1,1,0.8674
43,3,1446.53,383.02,143.4,297.85,1,1,0.90581
43,4,711.65,457.18,154.29,299.68,1,1,0.88645
43,5,959.14,472.72,200.23,295.63,1,1,0.89195
43,6,93.21,362.08,156.22,280.1,1,1,0.89029
43,7,1153.15,364.22,146.48,309.47,1,1,0.9155
43,9,486.47,394.93,133.3,243.58,1,1,0.87799
43,8,841.6,389.92,160.56,288.09,1,1,0.85239
43,13,1290.84,365.49,179.05,284.27,1,1,0.87739
43,14,1.1,235.21,60.6,278.65,1,1,0.87981
43,10,986.08,310.81,138.11,264.35,1,1,0.89977
44,0,342.21,379.68,184.08,320.85,1,1,0.92458
44,1,1622.6,305.23,183.85,288.4,1,1,0.9039
44,2,634.22,386.99,148.86,284.97,1,1,0.87979
44,3,1441.67,387.28,149.59,293.0,1,1,0.90525
44,4,709.62,460.54,159.44,296.38,1,1,0.88453
44,5,947.8,474.35,213.39,294.7,1,1,0.88728
44,6,94.12,362.07,161.07,281.98,1,1,0.88285
44,7,1146.51,364.1,149.08,309.79,1,1,0.91884
44,9,488.16,393.21,132.29,248.99,1,1,0.89333
44,8,851.96,387.67,146.32,287.11,1,1,0.74842
44,13,1292.35,371.39,177.67,279.4,1,1,0.88618
44,14,1.35,237.74,71.03,276.58,1,1,0.88824
44,10,983.73,305.03,148.25,273.44,1,1,0.89939
44,11,804.34,371.04,126.58,301.97,1,1,0.75325
45,0,345.54,382.72,188.64,317.67,1,1,0.91782
45,1,1623.8,305.19,181.71,287.79,1,1,0.90403
45,2,618.4,391.16,156.77,274.48,1,1,0.88745
45,3,1437.55,390.48,154.79,288.22,1,1,0.90737
45,4,707.04,461.16,163.4,295.82,1,1,0.89529
45,5,931.03,474.03,222.64,291.73,1,1,0.89364
45,6,94.9,361.85,163.69,281.61,1,1,0.88175
45,7,1136.33,366.12,154.53,306.99,1,1,0.91674
45,9,490.67,393.17,131.17,246.15,1,1,0.88
45,8,834.02,382.23,125.75,293.2,1,1,0.7822
45,13,1293.25,377.39,177.44,274.19,1,1,0.88981
45,14,1.18,243.15,82.85,269.48,1,1,0.89233
45,10,985.49,300.72,152.71,277.67,1,1,0.90856
46,0,350.9,387.26,195.94,310.04,1,1,0.91343
46,1,1625.51,311.24,179.3,282.45,1,1,0.91072
46,2,596.81,394.12,167.8,280.93,1,1,0.90218
46,3,1432.42,391.16,164.59,286.33,1,1,0.90738
46,4,708.69,470.8,167.82,291.66,1,1,0.88109
46,5,925.0,475.13,199.93,285.6,1,1,0.89753
46,6,101.07,360.18,161.02,284.18,1,1,0.88766
46,7,1117.47,370.61,169.42,302.92,1,1,0.92247
46,9,494.79,396.37,112.76,235.24,1,1,0.85304
46,8,846.17,386.15,121.55,276.27,1,1,0.81949
46,13,1297.36,384.91,177.59,268.44,1,1,0.8821
46,14,2.44,253.82,97.73,258.9,1,1,0.85703
46,10,995.36,296.18,154.93,279.35,1,1,0.90711
47,0,358.89,391.62,191.21,303.38,1,1,0.90986
47,1,1625.81,318.28,177.22,276.03,1,1,0.91776
47,2,581.63,396.9,173.98,281.31,1,1,0.90375
47,3,1427.41,386.37,172.51,289.05,1,1,0.91066
47,4,709.85,476.76,166.26,290.18,1,1,0.8849
47,5,913.07,476.79,175.45,280.77,1,1,0.88062
47,6,102.95,357.23,155.94,288.08,1,1,0.89124
47,7,1102.54,373.13,181.64,299.45,1,1,0.92303
47,9,496.57,398.62,102.95,239.64,1,1,0.8315
47,8,842.24,382.61,134.81,298.82,1,1,0.84573
47,13,1298.12,386.01,175.6,265.81,1,1,0.88756
47,14,1.65,260.66,107.2,251.76,1,1,0.8635
47,10,1005.08,297.71,153.71,279.26,1,1,0.90043
48,0,365.6,394.48,184.21,298.11,1,1,0.90853
48,1,1626.08,324.67,174.42,269.13,1,1,0.92544
48,2,568.73,398.7,182.39,279.75,1,1,0.8951
48,3,1422.06,381.88,178.29,292.17,1,1,0.91438
48,4,708.82,481.21,170.53,288.73,1,1,0.89155
48,5,895.1,472.07,163.19,284.0,1,1,0.85877
48,6,104.15,356.21,149.74,291.55,1,1,0.8916
48,7,1091.97,373.47,190.21,298.94,1,1,0.92221
48,9,496.99,399.83,96.37,253.7,1,1,0.8145
48,13,1295.94,384.23,172.46,267.07,1,1,0.87375
48,14,0.4,264.55,115.05,245.97,1,1,0.86948
48,10,1015.92,298.81,147.52,282.66,1,1,0.91037
49,0,371.98,394.48,173.82,303.61,1,1,0.85558
49,1,1626.11,331.56,170.66,266.09,1,1,0.8969
49,2,561.18,397.76,188.41,282.52,1,1,0.88478
49,3,1417.13,370.64,181.51,302.36,1,1,0.88959
49,4,724.73,483.21,161.08,289.64,1,1,0.83452
49,5,888.34,474.07,146.52,282.97,1,1,0.84554
49,6,103.6,355.5,143.43,298.02,1,1,0.87495
49,7,1085.59,371.64,179.67,301.34,1,1,0.87235
49,9,491.09,398.41,98.12,266.3,1,1,0.71189
49,13,1297.18,376.81,164.48,273.31,1,1,0.65706
49,14,0.07,265.92,124.22,252.26,1,1,0.84075
49,10,1033.23,304.3,129.52,278.85,1,1,0.83859
50,0,376.8,394.92,171.67,310.9,1,1,0.88175
50,1,1625.92,339.76,168.78,260.68,1,1,0.90974
50,2,546.48,394.77,198.16,285.37,1,1,0.88625
50,3,1412.78,360.09,174.26,310.37,1,1,0.9018
50,4,729.47,483.95,160.47,290.96,1,1,0.85102
50,5,869.33,470.97,140.49,275.8,1,1,0.78114
50,6,103.62,357.64,133.53,303.21,1,1,0.90482
50,7,1075.05,367.34,195.67,307.76,1,1,0.88031
50,13,1292.19,369.9,160.45,281.31,1,1,0.83626
50,14,-0.49,266.4,133.83,251.1,1,1,0.86871
50,12,946.98,382.38,103.62,302.56,1,1,0.77538
51,0,379.96,395.12,169.99,315.33,1,1,0.88345
51,1,1626.11,344.78,172.12,257.37,1,1,0.89631
51,2,535.4,391.99,193.35,287.64,1,1,0.88423
51,3,1409.56,350.55,163.07,318.82,1,1,0.90379
51,4,735.85,493.21,154.34,285.36,1,1,0.83795
51,5,859.82,464.46,123.31,281.69,1,1,0.788
51,6,100.03,362.4,130.86,303.66,1,1,0.91324
51,7,1068.06,366.61,204.92,312.29,1,1,0.8693
51,13,1285.85,364.46,163.12,287.97,1,1,0.86365
51,14,-0.77,265.17,145.67,257.79,1,1,0.87414
51,12,942.57,380.64,119.27,316.77,1,1,0.82891
52,0,381.22,395.01,169.17,317.27,1,1,0.88045
52,1,1626.51,346.36,173.32,256.4,1,1,0.89415
52,2,531.95,390.85,190.82,288.55,1,1,0.88389
52,3,1408.96,346.99,158.85,321.98,1,1,0.90243
52,4,741.07,496.54,149.74,283.8,1,1,0.83558
52,5,857.74,461.83,117.49,284.33,1,1,0.78337
52,6,99.02,364.03,130.15,303.98,1,1,0.91106
52,7,1066.13,366.09,208.14,314.19,1,1,0.86568
52,13,1284.12,362.32,164.12,290.68,1,1,0.86008
52,14,-0.46,264.4,150.41,261.06,1,1,0.87244
52,12,941.73,379.97,123.99,322.42,1,1,0.82858
53,0,381.59,394.0,165.78,321.55,1,1,0.86065
53,1,1625.12,346.81,186.4,257.56,1,1,0.905
53,2,529.11,388.29,181.36,291.9,1,1,0.88518
53,3,1407.27,340.95,148.08,327.56,1,1,0.89531
53,4,750.37,504.78,151.82,273.82,1,1,0.78371
53,5,851.52,414.59,118.29,314.58,1,1,0.76432
53,6,94.8,368.24,133.39,302.89,1,1,0.8792
53,7,1063.62,362.25,194.37,318.75,1,1,0.80518
53,13,1282.63,359.64,161.03,293.4,1,1,0.8811
53,14,-0.23,262.68,161.29,269.2,1,1,0.86953
53,12,941.8,380.85,139.72,326.42,1,1,0.85955
54,0,383.09,389.68,156.76,324.28,1,1,0.89
54,1,1631.69,343.6,204.07,258.32,1,1,0.92066
54,2,517.7,384.02,186.48,293.89,1,1,0.90072
54,3,1401.06,331.98,143.48,334.65,1,1,0.90998
54,4,748.41,500.89,184.5,276.01,1,1,0.81242
54,6,86.67,376.83,142.25,294.34,1,1,0.90829
54,7,1057.77,358.39,173.19,323.3,1,1,0.82448
54,13,1276.41,359.33,157.73,288.89,1,1,0.91947
54,14,6.11,262.11,180.61,265.87,1,1,0.87372
54,12,960.24,379.27,142.46,328.05,1,1,0.85965
54,8,821.14,388.04,138.83,296.83,1,1,0.77497
55,0,383.69,388.05,152.92,325.14,1,1,0.89054
55,1,1634.0,342.34,211.08,258.51,1,1,0.92311
55,2,513.64,382.4,188.16,294.51,1,1,0.90134
55,3,1398.99,328.98,141.85,336.96,1,1,0.91071
55,4,747.77,499.59,196.15,276.82,1,1,0.81512
55,6,83.65,380.08,145.48,290.65,1,1,0.90842
55,7,1056.2,357.3,165.88,324.75,1,1,0.82956
55,13,1274.12,359.39,156.47,286.94,1,1,0.92057
55,14,8.88,261.79,188.22,264.84,1,1,0.87276
55,12,967.95,378.72,143.25,328.55,1,1,0.86042
55,8,820.64,388.56,139.02,296.27,1,1,0.77271
56,0,385.13,385.19,149.24,327.67,1,1,0.90266
56,1,1641.67,338.74,217.75,261.85,1,1,0.92621
56,2,507.57,381.01,191.03,296.57,1,1,0.91081
56,3,1390.31,326.79,162.91,337.69,1,1,0.90749
56,4,740.33,505.57,210.48,268.64,1,1,0.86467
56,6,79.21,384.19,150.47,286.39,1,1,0.9021
56,13,1261.49,359.48,164.48,283.41,1,1,0.92081
56,14,26.87,261.08,199.97,266.17,1,1,0.81562
56,12,980.24,374.1,161.21,332.41,1,1,0.80927
56,11,812.35,389.54,129.64,170.19,1,1,0.76697
57,0,385.29,382.67,145.19,329.14,1,1,0.92594
57,1,1663.43,334.86,207.17,265.06,1,1,0.9347
57,2,500.35,379.21,194.78,299.75,1,1,0.92972
57,3,1381.2,327.67,185.75,337.72,1,1,0.9188
57,4,742.18,511.26,218.38,265.16,1,1,0.84936
57,6,71.86,385.1,158.24,284.85,1,1,0.91513
57,13,1242.35,360.49,178.99,280.56,1,1,0.92815
57,14,45.7,259.66,206.98,268.96,1,1,0.871
57,11,813.99,387.49,121.08,170.16,1,1,0.69049
57,10,1113.99,318.06,119.37,292.98,1,1,0.8536
57,7,1004.57,346.32,178.83,355.92,1,1,0.86992
58,0,382.53,380.18,142.02,332.36,1,1,0.91427
58,1,1685.18,332.28,191.93,267.81,1,1,0.91477
58,2,494.86,378.26,197.48,305.38,1,1,0.91586
58,3,1373.25,330.06,205.29,335.68,1,1,0.92441
58,4,782.99,513.46,193.31,272.27,1,1,0.85318
58,6,67.65,385.41,163.75,288.18,1,1,0.89982
58,13,1229.25,363.45,189.61,278.16,1,1,0.90872
58,14,72.85,258.68,204.44,210.12,1,1,0.78226
58,10,1126.64,320.12,112.05,295.12,1,1,0.68673
58,7,1004.55,357.6,189.27,347.89,1,1,0.86189
58,8,809.04,384.91,118.38,232.55,1,1,0.81055
59,0,375.41,372.63,142.07,337.4,1,1,0.85882
59,1,1705.03,330.4,180.48,271.52,1,1,0.87835
59,2,493.42,376.31,175.77,307.01,1,1,0.85824
59,3,1375.39,334.67,212.38,333.24,1,1,0.89802
59,4,827.44,513.16,167.81,282.18,1,1,0.80177
59,6,70.83,384.83,164.97,296.21,1,1,0.84654
59,13,1236.1,367.07,187.27,277.62,1,1,0.83519
59,14,93.92,255.43,198.58,186.57,1,1,0.7184
59,7,1037.8,366.85,174.74,338.79,1,1,0.82429
59,8,813.06,381.64,114.46,245.91,1,1,0.77339
59,5,729.8,481.24,134.04,241.65,1,1,0.78047
59,12,995.22,343.41,127.38,307.56,1,1,0.80057
60,0,369.13,369.58,139.27,331.43,1,1,0.88364
60,1,1718.34,329.76,171.84,276.11,1,1,0.86656
60,2,495.37,376.09,154.65,309.29,1,1,0.8677
60,3,1378.53,340.6,218.17,328.77,1,1,0.88474
60,4,856.77,510.15,159.08,287.15,1,1,0.79157
60,6,77.69,388.39,156.95,296.62,1,1,0.81029
60,13,1263.99,371.04,158.04,277.26,1,1,0.82446
60,14,111.87,252.21,189.63,239.77,1,1,0.77095
60,7,1064.89,377.28,152.1,329.5,1,1,0.8339
60,8,816.45,378.41,111.74,250.75,1,1,0.79269
60,5,704.1,481.01,137.87,257.44,1,1,0.82655
60,12,985.07,341.01,130.49,313.97,1,1,0.83167
61,0,368.64,381.33,139.66,324.95,1,1,0.86546
61,1,1738.93,333.01,167.05,273.41,1,1,0.90643
61,2,489.22,377.14,145.93,309.66,1,1,0.88781
61,3,1384.66,353.61,223.57,318.19,1,1,0.91763
61,4,874.83,516.46,170.78,283.32,1,1,0.85599
61,6,85.42,395.9,162.32,297.82,1,1,0.85142
61,13,1262.2,377.13,153.05,277.34,1,1,0.85616
61,14,133.45,248.86,187.17,258.09,1,1,0.83579
61,7,1099.27,388.85,157.12,322.53,1,1,0.84864
61,8,810.25,376.37,112.52,279.33,1,1,0.83677
61,5,674.54,475.28,140.03,270.52,1,1,0.85268
61,12,968.33,341.77,135.03,317.24,1,1,0.8503
62,0,366.21,388.42,145.62,337.12,1,1,0.87928
62,1,1749.54,336.65,166.3,272.22,1,1,0.9253
62,2,479.81,377.77,146.35,313.69,1,1,0.89768
62,3,1387.84,362.51,219.77,310.95,1,1,0.91437
62,4,885.64,527.9,178.65,271.44,1,1,0.8607
62,6,87.2,403.01,172.87,293.9,1,1,0.89182
62,13,1264.11,381.24,142.68,270.11,1,1,0.86841
62,14,148.61,248.18,181.77,256.3,1,1,0.84137
62,7,1120.54,401.21,156.69,315.08,1,1,0.8748
62,8,792.2,374.97,123.52,298.65,1,1,0.84941
62,5,649.92,472.97,154.3,273.94,1,1,0.84392
62,12,950.23,345.97,141.7,282.42,1,1,0.83532
62,10,1119.84,341.97,134.08,274.17,1,1,0.66104
63,0,365.58,390.8,147.83,342.13,1,1,0.87976
63,1,1753.32,337.82,166.07,271.75,1,1,0.92507
63,2,476.97,377.83,146.49,315.18,1,1,0.89744
63,3,1389.5,365.58,218.0,308.27,1,1,0.91432
63,4,889.84,531.84,181.5,267.12,1,1,0.86037
63,6,88.17,405.4,176.76,292.34,1,1,0.89171
63,13,1265.17,382.52,138.96,267.32,1,1,0.8686
63,14,154.38,247.72,179.45,255.41,1,1,0.84073
63,7,1128.63,405.47,156.58,312.33,1,1,0.87467
63,8,786.08,374.19,127.36,306.45,1,1,0.84898
63,5,640.85,471.72,158.98,275.24,1,1,0.84356
63,12,943.62,347.54,144.27,268.96,1,1,0.83422
63,15,720.17,376.48,106.12,191.51,1,1,0.72451
63,10,1117.72,344.04,136.61,271.5,1,1,0.6573
64,0,353.78,397.38,147.05,332.59,1,1,0.90308
64,1,1763.31,347.28,155.37,274.72,1,1,0.9407
64,2,463.99,377.78,145.06,326.71,1,1,0.91376
64,3,1377.94,366.24,207.92,306.86,1,1,0.93135
64,4,884.99,523.39,210.21,274.34,1,1,0.91205
64,6,83.56,406.56,189.65,293.7,1,1,0.89078
64,13,1277.53,381.43,114.14,262.51,1,1,0.86322
64,14,178.49,250.31,160.3,261.82,1,1,0.89463
64,7,1143.32,408.18,155.62,308.73,1,1,0.88338
64,8,755.56,377.11,150.36,309.25,1,1,0.90463
64,5,613.91,459.08,155.81,288.95,1,1,0.89512
64,12,911.84,359.91,146.87,286.84,1,1,0.88681
64,10,1093.89,346.68,146.84,284.23,1,1,0.7602
65,0,345.62,405.64,148.33,337.65,1,1,0.86681
65,1,1768.34,356.5,149.95,268.62,1,1,0.94396
65,2,450.76,377.39,147.25,330.8,1,1,0.90538
65,3,1370.11,365.64,191.29,305.94,1,1,0.94049
65,4,885.8,516.84,224.96,283.45,1,1,0.8969
65,6,79.49,406.21,192.55,294.91,1,1,0.81675
65,13,1280.29,378.9,104.05,256.7,1,1,0.85266
65,14,193.36,254.46,149.66,266.79,1,1,0.89303
65,7,1151.57,409.07,157.88,308.88,1,1,0.87045
65,8,740.99,379.3,153.8,307.38,1,1,0.88575
65,5,583.88,454.07,155.3,290.15,1,1,0.89221
65,12,885.66,368.33,148.77,290.62,1,1,0.88601
66,0,334.83,407.93,142.82,345.51,1,1,0.85627
66,1,1761.15,361.7,155.38,261.33,1,1,0.92133
66,2,420.4,369.72,155.13,331.84,1,1,0.86603
66,3,1355.71,365.27,175.83,298.78,1,1,0.93073
66,4,909.24,512.62,208.64,290.01,1,1,0.84161
66,6,78.26,401.28,159.62,298.63,1,1,0.79334
66,13,1275.56,377.89,95.5,254.47,1,1,0.81512
66,14,211.69,257.62,125.27,264.6,1,1,0.78704
66,7,1152.1,408.93,168.73,310.17,1,1,0.83788
66,8,728.92,379.03,143.45,305.18,1,1,0.86582
66,5,549.98,447.1,152.02,297.58,1,1,0.87805
66,12,856.18,373.9,148.95,298.0,1,1,0.88081
67,0,336.02,409.15,140.74,348.45,1,1,0.85628
67,1,1763.32,363.98,157.3,258.59,1,1,0.92123
67,2,414.32,367.16,158.1,332.09,1,1,0.86575
67,3,1355.61,365.51,170.15,296.17,1,1,0.93043
67,4,924.5,511.4,200.98,292.5,1,1,0.84084
67,6,83.56,399.74,145.42,300.07,1,1,0.79303
67,13,1278.3,377.92,93.09,253.74,1,1,0.81517
67,14,222.29,259.31,116.47,263.67,1,1,0.78513
67,7,1157.3,409.19,172.48,310.72,1,1,0.83685
67,8,730.11,379.39,139.04,304.2,1,1,0.86557
67,5,542.95,444.92,150.65,300.46,1,1,0.87793
67,12,850.43,376.34,148.98,300.86,1,1,0.88049
68,0,303.9,406.32,142.27,337.9,1,1,0.83811
68,1,1739.62,364.46,174.71,258.25,1,1,0.9207
68,2,382.86,369.66,160.05,317.27,1,1,0.86107
68,3,1332.05,364.74,165.05,289.97,1,1,0.93398
68,4,910.04,510.33,207.64,297.97,1,1,0.867
68,6,71.44,396.35,133.81,298.25,1,1,0.77414
68,13,1260.71,375.87,90.79,264.46,1,1,0.80445
68,14,216.22,263.27,114.18,264.94,1,1,0.71193
68,7,1144.78,410.21,173.55,312.36,1,1,0.85676
68,8,702.37,381.42,140.09,306.15,1,1,0.86186
68,5,506.91,442.18,140.88,298.71,1,1,0.85847
68,12,819.39,381.28,147.11,295.96,1,1,0.87813
69,0,253.44,412.41,150.13,331.07,1,1,0.84805
69,1,1692.58,360.53,210.47,262.53,1,1,0.92346
69,2,339.01,373.92,149.77,305.45,1,1,0.85307
69,3,1295.02,362.98,137.58,282.56,1,1,0.90707
69,4,908.95,510.74,197.95,295.37,1,1,0.90732
69,6,33.4,403.53,152.32,303.91,1,1,0.7944
69,13,1228.64,377.35,90.75,270.61,1,1,0.81107
69,7,1112.93,417.68,167.04,303.39,1,1,0.88361
69,8,635.68,378.78,166.28,309.49,1,1,0.88937
69,5,438.86,447.72,136.4,297.25,1,1,0.86542
69,12,755.91,384.52,163.38,291.76,1,1,0.89473
70,0,250.46,415.39,153.75,327.9,1,1,0.84932
70,1,1691.49,359.34,224.25,264.08,1,1,0.92368
70,2,339.15,376.03,146.19,301.11,1,1,0.85412
70,3,1297.95,362.65,127.43,279.95,1,1,0.90849
70,4,925.27,511.37,193.88,294.12,1,1,0.90913
70,6,34.15,408.08,160.31,304.33,1,1,0.80424
70,13,1232.7,378.33,90.59,272.89,1,1,0.81318
70,7,1117.23,420.81,164.37,299.95,1,1,0.88456
70,8,626.75,378.35,176.82,310.46,1,1,0.893
70,5,430.67,450.26,134.83,296.52,1,1,0.86625
70,12,748.65,386.2,169.73,289.89,1,1,0.89676
71,0,226.22,412.09,157.37,329.48,1,1,0.8179
71,1,1674.63,351.86,236.34,270.72,1,1,0.90233
71,2,324.54,377.83,145.49,302.37,1,1,0.79875
71,3,1279.15,361.95,115.4,276.22,1,1,0.87876
71,4,935.72,509.77,181.75,294.74,1,1,0.87665
71,6,24.59,411.25,157.46,304.68,1,1,0.76263
71,13,1212.53,379.47,95.99,273.84,1,1,0.80308
71,7,1106.61,415.38,157.08,304.52,1,1,0.87485
71,8,604.49,375.21,166.44,311.47,1,1,0.86335
71,5,399.15,447.29,138.13,303.73,1,1,0.81174
71,12,720.57,384.96,172.17,292.93,1,1,0.86166
72,0,190.32,418.17,162.88,320.82,1,1,0.85844
72,1,1659.61,349.62,232.72,271.31,1,1,0.92061
72,2,296.95,383.64,170.75,344.94,1,1,0.9042
72,3,1244.39,360.31,109.99,273.69,1,1,0.84285
72,4,924.8,518.99,192.94,283.19,1,1,0.89029
72,6,3.49,424.95,177.79,286.08,1,1,0.911
72,13,1185.52,382.65,124.62,272.61,1,1,0.85376
72,7,1078.0,414.6,151.7,302.69,1,1,0.86568
72,8,567.54,375.94,160.65,307.91,1,1,0.87043
72,12,674.05,387.76,189.81,285.24,1,1,0.88562
73,0,168.74,423.87,169.6,311.11,1,1,0.84162
73,1,1671.33,346.37,218.65,274.07,1,1,0.92718
73,2,288.29,389.68,176.29,350.11,1,1,0.64095
73,3,1226.54,357.04,107.68,277.16,1,1,0.7805
73,4,928.4,516.89,213.9,282.49,1,1,0.89771
73,6,2.12,431.21,186.59,276.89,1,1,0.90006
73,13,1177.6,387.78,137.01,273.96,1,1,0.84495
73,7,1071.99,415.36,143.62,299.52,1,1,0.84741
73,8,551.94,374.62,153.36,305.42,1,1,0.84789
73,12,643.26,379.65,206.64,289.53,1,1,0.86697
73,16,-2.22,279.0,86.84,290.25,1,1,0.84619
73,9,300.1,385.89,147.41,247.95,1,1,0.72467
73,5,300.43,467.79,169.37,284.42,1,1,0.77369
74,0,152.8,425.8,165.89,304.15,1,1,0.77514
74,1,1677.99,341.48,196.3,276.55,1,1,0.89675
74,2,276.46,392.49,151.91,301.99,1,1,0.71574
74,4,921.91,522.66,234.64,276.66,1,1,0.86513
74,6,-4.7,432.49,177.74,281.9,1,1,0.83331
74,13,1157.86,392.97,126.42,279.17,1,1,0.79923
74,7,1064.52,409.07,133.55,301.58,1,1,0.79091
74,8,521.58,374.06,151.53,303.79,1,1,0.82829
74,12,607.45,381.93,184.86,288.02,1,1,0.74401
74,16,-6.65,279.99,84.53,286.13,1,1,0.85349
74,5,260.03,425.06,147.29,328.83,1,1,0.66246
75,0,155.52,426.01,164.11,301.74,1,1,0.77445
75,1,1688.31,339.32,187.69,277.5,1,1,0.8954
75,2,281.01,393.05,141.47,282.47,1,1,0.71389
75,4,927.65,524.43,242.59,274.61,1,1,0.86347
75,6,1.04,432.48,173.74,283.82,1,1,0.83046
75,13,1158.33,394.42,121.35,281.59,1,1,0.79761
75,7,1069.16,405.85,130.2,303.0,1,1,0.78855
75,8,518.68,373.47,150.66,303.23,1,1,0.82726
75,12,602.27,382.52,173.72,287.35,1,1,0.74554
75,16,0.1,280.01,83.83,284.63,1,1,0.85227
75,5,254.01,411.12,137.26,343.01,1,1,0.66328
76,1,1644.23,336.67,173.24,278.46,1,1,0.89408
76,2,216.03,394.4,142.43,300.39,1,1,0.83711
76,4,895.43,521.42,228.45,277.72,1,1,0.87515
76,6,-20.52,433.86,133.24,278.81,1,1,0.79282
76,13,1097.39,394.86,113.73,280.79,1,1,0.79
76,7,988.03,409.77,128.88,287.8,1,1,0.77149
76,8,428.93,377.9,163.99,294.54,1,1,0.84448
76,12,518.18,380.31,203.94,288.1,1,1,0.87425
76,5,136.67,420.99,164.22,342.51,1,1,0.78723
77,1,1615.85,335.27,165.09,276.85,1,1,0.86151
77,2,169.69,396.45,147.76,308.26,1,1,0.83766
77,4,896.34,515.9,200.39,281.9,1,1,0.86076
77,13,1060.45,392.53,143.7,277.07,1,1,0.77887
77,7,935.23,412.33,125.52,280.43,1,1,0.83887
77,8,369.07,376.42,170.6,295.22,1,1,0.83352
77,12,471.24,373.61,175.89,290.63,1,1,0.81956
77,5,81.55,426.59,164.81,339.75,1,1,0.80473
78,1,1578.32,335.4,163.63,274.05,1,1,0.90695
78,2,125.4,399.82,146.32,312.85,1,1,0.85506
78,4,896.92,510.16,171.95,286.88,1,1,0.88422
78,13,1023.03,388.0,162.45,272.81,1,1,0.85533
78,7,886.43,416.22,126.59,275.66,1,1,0.85233
78,8,311.07,380.57,172.46,291.25,1,1,0.85428
78,12,420.81,373.89,173.78,289.61,1,1,0.83966
78,5,33.4,429.8,160.61,336.29,1,1,0.83585
78,0,-0.89,430.13,80.09,294.29,1,1,0.65989
79,1,1580.74,335.23,163.24,272.96,1,1,0.9072
79,2,125.96,400.81,145.68,314.57,1,1,0.85542
79,4,912.01,507.74,161.84,288.75,1,1,0.88477
79,13,1026.37,386.04,170.38,271.16,1,1,0.85602
79,7,885.16,417.32,127.06,274.01,1,1,0.85239
79,8,306.58,381.9,173.13,289.79,1,1,0.85438
79,12,419.26,373.8,172.99,289.14,1,1,0.83992
79,5,33.36,430.96,158.83,334.78,1,1,0.83594
79,18,970.63,328.71,98.02,207.91,1,1,0.69956
79,0,-0.23,430.1,65.1,293.3,1,1,0.66131
80,1,1540.05,337.66,159.06,269.61,1,1,0.9216
80,2,87.23,401.69,141.75,312.17,1,1,0.8639
80,4,897.27,502.16,144.04,292.33,1,1,0.8773
80,13,994.19,389.42,164.12,263.41,1,1,0.84952
80,7,832.02,422.63,140.94,273.24,1,1,0.84709
80,8,254.94,388.69,171.75,281.96,1,1,0.85821
80,12,375.22,372.35,195.75,288.48,1,1,0.84674
80,5,-9.26,470.81,159.52,294.69,1,1,0.86313
80,18,892.78,321.33,126.37,150.08,1,1,0.74467
80,9,22.18,422.47,139.16,275.06,1,1,0.82731
81,1,1456.94,344.44,179.53,266.82,1,1,0.92753
81,2,4.92,404.29,138.81,314.78,1,1,0.83064
81,4,850.87,497.95,137.46,292.64,1,1,0.87322
81,13,908.45,398.59,154.74,250.04,1,1,0.84452
81,7,733.22,428.72,153.48,273.08,1,1,0.8822
81,8,150.18,391.74,172.33,279.59,1,1,0.82598
81,12,293.65,371.03,193.59,283.61,1,1,0.87777
81,18,763.22,313.95,154.17,153.49,1,1,0.80964
81,19,1654.38,190.49,137.22,262.31,1,1,0.83011
81,9,-20.76,420.59,102.15,307.69,1,1,0.71676
82,1,1423.19,350.52,199.07,258.79,1,1,0.91918
82,2,-12.05,404.98,114.26,316.8,1,1,0.8752
82,4,840.25,492.35,127.33,294.58,1,1,0.87581
82,7,689.31,430.27,159.28,273.58,1,1,0.88254
82,8,99.78,386.12,156.09,282.0,1,1,0.82751
82,12,254.81,369.44,195.86,281.96,1,1,0.88698
82,18,708.17,311.86,157.91,155.67,1,1,0.75153
82,19,1610.33,189.08,127.52,263.2,1,1,0.83484
82,20,69.26,250.15,96.04,257.14,1,1,0.80621
83,1,1426.24,352.81,207.37,255.84,1,1,0.91579
83,2,-2.24,405.2,104.92,317.64,1,1,0.87367
83,4,849.73,490.33,124.74,295.33,1,1,0.87336
83,7,688.75,430.86,161.73,273.82,1,1,0.882
83,8,97.32,383.97,149.53,283.26,1,1,0.82544
83,12,256.75,368.82,195.79,281.61,1,1,0.88417
83,18,705.23,311.42,157.77,158.47,1,1,0.74299
83,19,1609.64,188.52,124.98,263.82,1,1,0.83277
83,20,72.06,250.04,96.4,258.28,1,1,0.80573
84,1,1397.15,355.44,213.86,252.48,1,1,0.92293
84,2,-10.28,415.74,77.76,308.6,1,1,0.85296
84,4,827.34,490.93,136.36,293.79,1,1,0.88951
84,7,650.18,427.02,174.52,277.19,1,1,0.88101
84,8,63.01,386.31,129.25,274.15,1,1,0.86277
84,12,221.93,367.91,194.1,280.5,1,1,0.90228
84,18,676.25,313.61,143.02,151.58,1,1,0.71273
84,19,1574.23,189.35,115.08,261.26,1,1,0.85356
84,20,46.88,254.9,101.12,197.34,1,1,0.79887
85,1,1358.96,352.18,209.11,255.57,1,1,0.92531
85,4,788.14,495.72,152.48,293.11,1,1,0.90925
85,7,592.83,428.82,186.65,268.24,1,1,0.89993
85,8,-1.46,385.15,122.9,269.76,1,1,0.86419
85,12,171.44,368.33,183.18,277.02,1,1,0.91949
85,18,615.9,317.44,131.3,154.24,1,1,0.79113
85,19,1516.36,189.36,111.24,255.22,1,1,0.85597
85,20,19.17,263.76,111.82,160.02,1,1,0.77923
85,15,77.47,399.17,140.95,236.32,1,1,0.73807
86,1,1354.63,347.38,194.87,258.31,1,1,0.92422
86,4,783.61,500.87,152.28,290.56,1,1,0.92757
86,7,573.7,426.93,205.41,268.93,1,1,0.91098
86,8,-9.05,377.49,92.59,272.28,1,1,0.86056
86,12,155.56,367.45,176.49,276.59,1,1,0.92259
86,18,587.09,318.72,114.81,158.96,1,1,0.8099
86,19,1493.88,190.15,111.79,250.39,1,1,0.86633
86,20,18.98,265.43,124.01,158.03,1,1,0.81714
86,15,47.15,392.09,148.52,245.68,1,1,0.83321
86,13,816.98,403.07,95.11,169.05,1,1,0.6483
87,1,1361.11,345.75,189.1,259.3,1,1,0.92197
87,4,789.59,502.84,152.19,289.5,1,1,0.92624
87,7,574.98,426.31,212.4,268.71,1,1,0.91005
87,8,-2.62,374.85,81.76,273.04,1,1,0.85986
87,12,158.18,367.08,173.67,276.55,1,1,0.9221
87,18,586.14,319.25,107.78,162.26,1,1,0.81438
87,19,1493.89,190.47,112.17,248.75,1,1,0.86572
87,20,27.04,265.82,128.56,157.36,1,1,0.81669
87,15,44.08,389.23,151.51,249.3,1,1,0.83209
87,13,822.64,403.27,88.83,162.98,1,1,0.6737
88,1,1348.6,345.23,182.05,258.36,1,1,0.91952
88,4,778.62,507.74,160.43,285.33,1,1,0.92793
88,7,555.28,423.49,225.91,275.64,1,1,0.91756
88,8,-5.56,376.98,61.35,264.98,1,1,0.81849
88,12,144.17,366.96,168.13,278.0,1,1,0.92307
88,18,562.48,320.35,108.21,188.85,1,1,0.82105
88,19,1472.98,191.41,114.64,247.97,1,1,0.86206
88,20,14.01,265.58,139.39,156.76,1,1,0.79133
88,15,18.81,383.25,156.67,254.83,1,1,0.82334
88,13,802.58,404.13,93.49,154.47,1,1,0.82588
88,3,708.13,342.83,89.94,160.19,1,1,0.76773
89,1,1342.61,343.76,168.11,259.0,1,1,0.9217
89,4,774.91,511.63,166.93,280.99,1,1,0.92436
89,7,537.15,420.17,230.84,276.86,1,1,0.90771
89,12,127.37,366.95,164.92,279.32,1,1,0.91762
89,18,535.41,323.1,106.2,197.98,1,1,0.87351
89,19,1456.13,193.46,117.75,248.52,1,1,0.85675
89,20,9.91,264.82,135.77,172.82,1,1,0.74986
89,15,-0.27,389.53,159.24,250.57,1,1,0.88571
89,13,786.54,403.39,99.25,152.63,1,1,0.82815
90,1,1339.72,340.42,150.19,261.32,1,1,0.93573
90,4,769.89,513.91,171.2,278.6,1,1,0.92741
90,7,524.66,417.51,238.06,280.0,1,1,0.90642
90,12,111.92,366.0,162.28,281.02,1,1,0.92118
90,18,511.88,326.25,106.66,217.48,1,1,0.88607
90,19,1442.11,193.85,117.31,243.34,1,1,0.85501
90,20,13.4,263.27,125.87,183.71,1,1,0.77445
90,15,-6.75,388.17,147.7,252.41,1,1,0.87961
90,13,775.77,402.84,101.16,153.86,1,1,0.8427
91,1,1349.82,335.24,128.29,263.82,1,1,0.95001
91,4,768.18,510.24,169.51,280.24,1,1,0.92966
91,7,528.79,413.33,223.38,285.05,1,1,0.91196
91,12,99.39,365.12,160.21,282.38,1,1,0.92736
91,18,478.76,337.43,114.5,239.1,1,1,0.92282
91,19,1433.91,190.93,109.43,241.53,1,1,0.85595
91,20,24.49,263.26,115.57,216.14,1,1,0.80297
91,15,-8.85,377.54,133.11,259.2,1,1,0.87839
91,13,770.95,405.49,106.83,145.02,1,1,0.81732
92,1,1364.44,332.22,118.97,263.73,1,1,0.94682
92,4,779.13,505.13,159.83,279.08,1,1,0.92785
92,7,554.6,412.45,198.83,287.14,1,1,0.89343
92,12,99.79,365.09,164.1,282.75,1,1,0.92851
92,18,461.2,340.55,129.78,245.69,1,1,0.91351
92,19,1439.63,187.49,106.79,222.35,1,1,0.83417
92,20,44.82,263.57,107.59,227.49,1,1,0.7584
92,15,-3.42,370.71,123.43,263.81,1,1,0.87111
92,13,782.99,409.21,115.11,152.85,1,1,0.84914
93,1,1374.74,330.28,116.23,263.7,1,1,0.92238
93,4,784.32,500.06,153.5,281.4,1,1,0.92028
93,7,576.47,411.6,173.49,288.62,1,1,0.87973
93,12,101.93,365.21,171.51,281.75,1,1,0.92844
93,18,446.63,342.86,147.7,250.12,1,1,0.91454
93,20,62.71,263.72,103.08,230.07,1,1,0.76109
93,15,-1.02,374.27,117.61,255.4,1,1,0.86181
93,13,798.45,411.4,122.13,150.44,1,1,0.83885
93,3,597.87,353.06,96.16,103.2,1,1,0.73416
94,1,1377.91,329.55,115.66,263.48,1,1,0.92403
94,4,786.08,498.03,150.91,282.42,1,1,0.91986
94,7,584.53,411.35,163.85,289.05,1,1,0.87907
94,12,103.25,365.21,173.97,281.41,1,1,0.92824
94,18,441.45,343.91,154.67,251.37,1,1,0.91539
94,20,68.49,263.86,101.67,230.87,1,1,0.76145
94,15,0.2,375.78,115.61,251.77,1,1,0.86185
94,13,804.89,412.27,124.55,149.78,1,1,0.83683
94,22,-0.02,259.99,48.77,182.15,1,1,0.67229
94,3,593.35,353.98,96.36,100.11,1,1,0.74394
94,19,1447.16,184.61,109.45,212.86,1,1,0.68139
95,1,1391.53,328.98,119.86,263.25,1,1,0.91755
95,4,789.92,488.78,160.71,286.25,1,1,0.92249
95,7,604.54,408.41,151.53,291.56,1,1,0.93102
95,12,115.74,363.41,177.0,281.72,1,1,0.93061
95,18,423.02,341.32,173.59,257.94,1,1,0.93775
95,15,0.32,387.73,112.08,239.32,1,1,0.85539
95,13,829.79,414.16,125.57,187.44,1,1,0.82904
95,22,-0.16,259.07,90.39,200.14,1,1,0.87347
95,3,565.83,348.91,102.87,147.98,1,1,0.79838
95,19,1457.23,183.23,118.85,208.91,1,1,0.86695
96,1,1402.53,330.13,123.21,262.62,1,1,0.92792
96,4,800.33,481.78,175.01,290.56,1,1,0.91788
96,7,618.43,407.36,136.92,293.36,1,1,0.94511
96,12,131.36,360.44,174.93,282.86,1,1,0.932
96,18,410.99,338.69,182.4,261.7,1,1,0.9505
96,15,1.12,396.04,110.94,225.12,1,1,0.87789
96,13,852.24,415.58,125.5,209.38,1,1,0.79764
96,22,1.43,258.7,116.52,212.42,1,1,0.87281
96,3,546.02,345.92,115.55,171.29,1,1,0.85506
96,19,1465.96,180.94,122.9,208.33,1,1,0.88917
96,11,135.54,267.2,117.93,146.11,1,1,0.71924
97,1,1412.48,332.32,119.99,261.45,1,1,0.92809
97,4,811.1,476.72,166.94,294.11,1,1,0.93274
97,7,627.04,408.11,122.81,294.61,1,1,0.9277
97,12,141.71,357.27,175.98,284.16,1,1,0.93118
97,18,398.7,336.96,181.86,262.95,1,1,0.94351
97,15,1.62,391.99,109.32,228.81,1,1,0.89911
97,13,869.51,417.67,138.38,239.38,1,1,0.88512
97,22,13.98,255.65,131.15,226.46,1,1,0.85055
97,3,531.43,344.6,127.81,190.07,1,1,0.87244
97,19,1473.96,179.9,127.84,209.46,1,1,0.89953
97,11,142.55,266.68,127.3,139.11,1,1,0.75085
98,1,1420.04,333.29,118.45,260.72,1,1,0.92517
98,4,817.27,475.37,167.32,294.98,1,1,0.92978
98,7,633.33,410.05,121.23,293.06,1,1,0.92454
98,12,152.22,354.95,174.45,285.67,1,1,0.93716
98,18,384.15,333.26,167.26,265.82,1,1,0.93475
98,15,1.41,387.34,108.5,236.46,1,1,0.90708
98,13,887.14,422.63,137.49,248.56,1,1,0.89767
98,22,33.65,248.68,135.33,233.83,1,1,0.86043
98,3,514.02,342.36,139.66,203.35,1,1,0.86603
98,19,1479.14,179.53,128.58,223.55,1,1,0.90811
99,1,1426.79,332.66,121.6,262.0,1,1,0.91407
99,4,826.61,476.92,169.45,293.55,1,1,0.92151
99,7,640.17,412.84,125.59,290.39,1,1,0.9135
99,12,161.24,353.56,174.48,286.29,1,1,0.93029
99,18,368.41,331.34,161.96,268.17,1,1,0.93725
99,15,1.64,387.88,108.61,236.82,1,1,0.91246
99,13,903.82,428.89,129.9,248.55,1,1,0.87925
99,22,55.37,241.91,144.15,245.17,1,1,0.85995
99,3,498.31,341.95,151.15,209.5,1,1,0.84244
99,19,1485.38,179.35,127.29,230.63,1,1,0.90878
100,1,1427.98,332.53,123.0,262.46,1,1,0.91329
100,4,828.81,477.75,170.41,293.06,1,1,0.92138
100,7,641.27,414.01,127.67,289.32,1,1,0.9144
100,12,163.48,353.18,174.65,286.59,1,1,0.93076
100,18,361.97,330.68,159.92,268.93,1,1,0.93827
100,15,0.8,388.15,108.68,236.85,1,1,0.912
100,13,908.55,431.44,126.86,248.3,1,1,0.88008
100,22,63.42,239.51,147.35,249.17,1,1,0.86031
100,3,491.03,341.96,155.93,211.73,1,1,0.83759
100,19,1486.64,179.5,126.64,233.27,1,1,0.90808
101,1,1432.19,328.98,149.98,265.7,1,1,0.91229
101,4,851.22,485.46,169.22,286.66,1,1,0.92312
101,7,652.1,413.86,138.99,289.13,1,1,0.91889
101,12,176.32,352.78,171.94,286.73,1,1,0.91725
101,18,349.64,328.06,172.86,269.83,1,1,0.93547
101,15,3.0,385.99,104.96,237.88,1,1,0.90962
101,13,924.05,439.51,118.93,238.52,1,1,0.82956
101,22,90.51,229.46,163.21,252.3,1,1,0.85205
101,3,477.94,341.79,183.31,234.34,1,1,0.89755
101,19,1501.8,182.11,124.66,235.54,1,1,0.89883
102,1,1431.23,327.57,159.42,266.86,1,1,0.91277
102,4,856.44,488.33,168.62,284.13,1,1,0.9239
102,7,653.11,413.67,143.09,289.01,1,1,0.91947
102,12,178.02,352.48,170.93,286.77,1,1,0.91757
102,18,342.21,326.93,177.71,269.7,1,1,0.93563
102,15,0.89,384.8,103.61,238.57,1,1,0.90969
102,13,926.27,442.49,115.86,234.33,1,1,0.83004
102,22,98.47,225.6,169.34,252.97,1,1,0.85172
102,3,469.83,341.63,193.78,242.99,1,1,0.89776
102,19,1504.56,183.09,123.75,236.26,1,1,0.89932
103,1,1442.13,326.25,172.32,265.43,1,1,0.93795
103,4,866.85,500.3,173.34,274.19,1,1,0.92466
103,7,670.8,413.7,168.35,298.87,1,1,0.92139
103,12,197.97,353.88,174.95,293.07,1,1,0.91946
103,18,338.72,323.65,172.85,265.56,1,1,0.91484
103,15,4.27,380.58,108.02,240.2,1,1,0.85064
103,13,938.16,447.03,140.65,240.0,1,1,0.79722
103,22,143.65,221.47,152.42,259.37,1,1,0.84006
103,3,467.49,340.14,201.75,249.15,1,1,0.9296
103,19,1523.4,182.51,122.34,237.27,1,1,0.91152
103,14,0.02,385.87,53.38,338.47,1,1,0.70322
103,20,252.86,294.27,109.99,209.18,1,1,0.68727
104,1,1441.16,325.56,177.47,264.78,1,1,0.93891
104,4,865.63,504.61,175.03,270.43,1,1,0.92512
104,7,672.56,413.52,177.59,302.51,1,1,0.92141
104,12,200.44,354.23,176.45,295.42,1,1,0.91985
104,18,332.79,322.18,170.71,263.8,1,1,0.91503
104,15,0.82,378.75,109.65,240.9,1,1,0.84941
104,13,938.09,448.4,149.21,242.0,1,1,0.79366
104,22,157.18,219.79,143.62,261.55,1,1,0.84008
104,3,461.56,339.35,204.83,251.23,1,1,0.92977
104,19,1525.48,182.09,121.74,237.56,1,1,0.9118
104,14,1.52,387.29,52.94,339.43,1,1,0.70508
104,20,258.7,295.59,110.46,207.9,1,1,0.68745
105,1,1447.76,323.06,175.87,263.73,1,1,0.94941
105,4,871.46,510.13,173.98,264.83,1,1,0.94274
105,7,684.54,414.95,187.55,304.72,1,1,0.92368
105,12,209.03,358.34,175.5,292.14,1,1,0.92873
105,18,319.13,317.12,164.65,269.7,1,1,0.89318
105,15,1.39,378.63,111.79,241.07,1,1,0.88182
105,13,943.8,451.18,159.04,245.9,1,1,0.83133
105,3,460.41,338.58,195.66,255.16,1,1,0.93303
105,19,1536.63,182.0,119.92,235.37,1,1,0.90937
105,14,4.19,396.47,57.23,332.2,1,1,0.8102
106,1,1457.14,319.25,169.62,263.99,1,1,0.94908
106,4,879.7,513.07,171.02,261.87,1,1,0.94766
106,7,697.37,418.06,193.65,303.49,1,1,0.92304
106,12,218.29,363.68,171.27,286.8,1,1,0.92012
106,18,309.69,314.99,149.23,272.53,1,1,0.89305
106,15,1.63,376.64,113.97,244.73,1,1,0.87892
106,13,947.57,453.38,169.8,247.72,1,1,0.90379
106,3,455.34,339.02,179.12,257.0,1,1,0.92728
106,19,1546.91,179.73,118.73,235.5,1,1,0.88766
106,14,4.51,404.22,64.28,327.21,1,1,0.852
107,1,1470.48,315.98,157.79,264.1,1,1,0.93691
107,4,888.21,515.15,167.42,260.45,1,1,0.94969
107,7,715.73,422.25,188.21,299.74,1,1,0.92742
107,12,226.53,368.53,169.25,282.32,1,1,0.92629
107,18,304.62,324.16,146.7,263.75,1,1,0.89451
107,15,8.29,370.53,110.14,255.3,1,1,0.84345
107,13,955.3,455.58,171.25,246.34,1,1,0.92602
107,3,445.4,340.12,157.69,256.31,1,1,0.92654
107,19,1555.29,177.7,120.12,235.63,1,1,0.90016
107,14,4.33,391.69,71.38,341.48,1,1,0.85701
108,1,1484.37,312.04,148.87,264.09,1,1,0.90985
108,4,889.63,513.85,171.2,263.13,1,1,0.94282
108,7,737.72,427.06,177.46,295.81,1,1,0.92785
108,12,234.0,372.65,165.78,278.43,1,1,0.9118
108,18,294.28,325.89,154.51,260.92,1,1,0.69686
108,15,11.86,366.71,108.66,259.18,1,1,0.82423
108,13,959.58,458.48,173.26,244.26,1,1,0.92797
108,3,432.62,339.25,151.65,257.5,1,1,0.92839
108,19,1564.29,175.26,116.2,236.11,1,1,0.90034
108,14,3.54,419.44,77.01,315.04,1,1,0.80091
109,1,1497.51,310.23,139.81,262.71,1,1,0.89326
109,4,889.5,511.53,173.88,266.15,1,1,0.93026
109,7,755.25,431.0,160.37,292.11,1,1,0.91248
109,12,238.67,374.89,166.3,276.52,1,1,0.91936
109,18,318.63,333.98,125.93,252.09,1,1,0.77366
109,15,21.97,363.56,99.78,261.97,1,1,0.81541
109,13,962.31,461.43,187.63,241.3,1,1,0.92277
109,3,422.19,337.37,154.9,258.61,1,1,0.91689
109,19,1570.94,172.54,115.34,238.96,1,1,0.90023
109,14,2.82,411.82,82.05,326.46,1,1,0.80156
110,1,1507.2,309.43,133.06,262.46,1,1,0.89818
110,4,886.94,506.78,173.66,270.16,1,1,0.91975
110,7,767.56,435.4,147.22,289.12,1,1,0.90549
110,12,241.27,373.33,166.33,278.74,1,1,0.92287
110,18,329.0,331.4,107.8,252.26,1,1,0.69241
110,15,28.33,361.24,94.38,263.4,1,1,0.8518
110,13,962.42,463.75,199.56,240.25,1,1,0.91884
110,3,408.06,334.0,160.74,258.68,1,1,0.91188
110,19,1576.39,169.16,114.01,241.43,1,1,0.89932
110,14,1.81,387.4,86.39,346.87,1,1,0.88484
110,11,223.92,239.0,117.34,187.16,1,1,0.77792
111,1,1515.05,309.42,129.16,262.54,1,1,0.8974
111,4,883.01,502.59,166.04,274.5,1,1,0.91084
111,7,780.24,442.57,141.24,282.61,1,1,0.90013
111,12,244.72,370.48,164.13,281.69,1,1,0.90633
111,15,36.06,358.05,95.76,265.94,1,1,0.86547
111,13,960.22,465.66,206.83,241.62,1,1,0.92471
111,3,387.0,330.05,172.07,260.67,1,1,0.89307
111,19,1579.65,164.78,114.86,244.9,1,1,0.85299
111,14,1.43,378.07,98.46,356.38,1,1,0.8993
112,1,1521.73,310.75,127.57,262.09,1,1,0.89217
112,4,870.94,501.12,158.15,276.63,1,1,0.89642
112,7,795.02,449.15,135.13,274.19,1,1,0.87726
112,12,249.25,368.11,161.89,284.15,1,1,0.89943
112,15,45.07,356.04,98.26,267.27,1,1,0.84548
112,13,958.71,467.37,208.21,247.78,1,1,0.92431
112,3,366.66,329.56,178.74,256.05,1,1,0.89947
112,19,1584.15,160.85,114.97,243.61,1,1,0.83648
112,14,1.44,376.56,115.51,358.51,1,1,0.88565
112,11,273.79,238.69,92.45,161.89,1,1,0.70056
113,1,1534.7,314.92,123.21,258.54,1,1,0.90531
113,4,860.94,498.32,137.0,277.49,1,1,0.86498
113,7,814.44,454.9,130.55,260.24,1,1,0.7623
113,12,260.64,364.46,158.28,287.52,1,1,0.9133
113,13,967.32,473.72,204.89,252.9,1,1,0.92763
113,3,355.96,323.61,151.06,260.47,1,1,0.82441
113,19,1593.26,157.66,115.52,238.08,1,1,0.84762
113,14,3.8,416.83,141.69,314.01,1,1,0.88367
113,23,197.35,314.35,100.26,237.66,1,1,0.83557
113,11,296.18,237.57,97.85,158.95,1,1,0.83317
113,6,-0.13,439.11,36.44,308.96,1,1,0.67176
114,1,1547.1,318.08,122.46,255.75,1,1,0.88664
114,4,849.31,490.57,137.82,284.19,1,1,0.86787
114,12,270.88,363.88,159.16,288.44,1,1,0.90268
114,13,975.89,478.1,206.82,253.75,1,1,0.92469
114,3,339.25,312.21,141.71,262.34,1,1,0.69293
114,19,1602.18,155.93,120.73,234.49,1,1,0.85001
114,14,7.39,438.05,160.7,293.68,1,1,0.88062
114,23,189.24,313.77,104.99,233.06,1,1,0.83656
114,6,1.03,446.66,42.22,301.22,1,1,0.70682
115,1,1559.51,321.71,119.51,251.64,1,1,0.88
115,4,854.03,489.12,129.43,289.74,1,1,0.89131
115,12,280.95,363.62,161.14,289.42,1,1,0.9062
115,13,986.56,481.52,207.99,252.42,1,1,0.91577
115,3,337.26,306.14,139.72,271.58,1,1,0.77513
115,19,1611.44,155.1,125.22,234.99,1,1,0.86906
115,14,15.82,453.67,171.71,280.74,1,1,0.86506
115,23,180.02,311.22,116.64,248.47,1,1,0.85335
115,6,4.33,448.66,47.91,300.87,1,1,0.75682
115,15,36.52,360.64,97.74,181.24,1,1,0.72991
116,1,1559.61,323.07,118.5,250.1,1,1,0.88079
116,4,851.86,488.58,126.54,291.82,1,1,0.89181
116,12,280.31,363.52,161.96,289.74,1,1,0.90719
116,13,986.23,482.63,208.19,251.85,1,1,0.91641
116,3,332.99,303.79,139.05,275.02,1,1,0.7704
116,19,1610.44,154.86,127.02,235.28,1,1,0.86882
116,14,14.53,458.96,176.19,276.29,1,1,0.86592
116,23,173.16,310.77,120.59,252.45,1,1,0.854
116,6,1.12,449.41,49.94,300.53,1,1,0.75888
116,15,30.15,361.87,97.83,166.05,1,1,0.73094
117,1,1572.57,325.79,123.32,247.92,1,1,0.88997
117,4,861.42,492.14,117.25,291.13,1,1,0.8859
117,12,292.25,365.27,168.63,288.44,1,1,0.89275
117,13,1003.73,484.25,208.24,250.48,1,1,0.92428
117,19,1619.58,156.3,137.73,234.17,1,1,0.88967
117,14,43.74,457.43,165.09,278.79,1,1,0.84622
117,6,4.92,451.68,63.07,299.72,1,1,0.81505
117,15,53.29,360.19,97.85,147.4,1,1,0.69138
117,22,398.67,241.47,107.81,247.7,1,1,0.71355
118,1,1581.27,327.03,125.75,247.09,1,1,0.8868
118,4,851.11,494.39,122.8,289.08,1,1,0.8895
118,12,299.14,364.13,170.89,288.73,1,1,0.90846
118,13,1012.32,483.59,209.99,253.82,1,1,0.91573
118,19,1623.02,157.45,147.38,232.71,1,1,0.88875
118,14,66.21,464.6,155.13,271.26,1,1,0.84019
118,6,3.85,451.68,68.21,299.08,1,1,0.83878
118,15,55.29,357.48,110.75,232.7,1,1,0.69574
118,24,2.1,194.99,97.79,225.85,1,1,0.72169
118,22,409.16,247.32,111.65,245.73,1,1,0.82782
118,7,929.01,456.88,99.57,269.1,1,1,0.81219
118,23,147.4,330.38,90.85,230.48,1,1,0.64731
119,1,1588.69,322.48,131.3,251.22,1,1,0.88321
119,4,837.77,495.31,134.19,288.12,1,1,0.88703
119,12,311.82,361.59,165.29,291.2,1,1,0.89067
119,13,1019.72,481.71,211.21,257.08,1,1,0.90817
119,19,1627.73,157.87,150.43,233.1,1,1,0.87471
119,14,89.37,458.53,145.83,276.5,1,1,0.85235
119,6,2.54,451.6,74.47,294.83,1,1,0.85203
119,22,422.94,252.8,115.36,235.44,1,1,0.83642
119,7,936.99,457.06,99.95,273.34,1,1,0.82984
119,3,323.75,281.45,96.73,163.22,1,1,0.73149
120,1,1588.11,320.93,133.31,252.85,1,1,0.88366
120,4,829.68,495.81,138.43,287.74,1,1,0.88682
120,12,313.23,360.9,163.09,292.03,1,1,0.89076
120,13,1019.02,481.09,211.6,258.27,1,1,0.90836
120,19,1626.01,158.24,151.54,233.26,1,1,0.87502
120,14,94.79,456.32,142.07,278.54,1,1,0.8527
120,6,-1.48,451.7,76.81,293.25,1,1,0.85232
120,22,424.18,254.97,116.75,231.57,1,1,0.83534
120,7,937.28,457.31,99.85,274.78,1,1,0.82918
120,3,320.61,278.12,90.32,142.87,1,1,0.73083
120,18,269.98,307.67,91.64,257.63,1,1,0.75323
120,24,11.54,195.33,114.33,224.37,1,1,0.64504
121,1,1611.26,315.32,128.7,255.97,1,1,0.88618
121,4,827.11,496.3,154.76,287.02,1,1,0.89843
121,12,334.88,356.31,161.49,294.73,1,1,0.91828
121,13,1030.59,479.95,220.28,261.31,1,1,0.92089
121,19,1641.88,152.99,150.56,237.79,1,1,0.89371
121,14,123.13,451.72,149.07,282.44,1,1,0.85306
121,6,4.76,454.48,87.71,287.07,1,1,0.84437
121,22,452.92,255.51,126.85,220.26,1,1,0.85224
121,7,946.75,458.05,107.35,276.09,1,1,0.85004
121,3,321.34,276.79,83.06,132.59,1,1,0.7554
121,18,255.5,309.42,99.59,259.87,1,1,0.80338
121,15,76.05,366.85,143.17,259.0,1,1,0.74806
122,1,1625.03,308.58,122.99,258.76,1,1,0.89322
122,4,823.68,495.0,166.68,288.91,1,1,0.91182
122,12,347.81,354.64,159.09,295.53,1,1,0.92991
122,13,1031.72,480.39,234.29,265.51,1,1,0.92426
122,19,1653.81,148.58,141.17,238.53,1,1,0.85975
122,14,139.59,445.83,159.63,288.42,1,1,0.85667
122,6,3.67,454.67,105.14,289.18,1,1,0.79698
122,22,473.41,252.12,135.37,219.74,1,1,0.85725
122,7,945.51,458.05,117.58,279.8,1,1,0.85483
122,3,316.52,275.9,88.35,145.23,1,1,0.74373
122,15,92.13,368.41,149.17,261.62,1,1,0.76035
122,8,0.34,437.04,63.91,308.17,1,1,0.74875
122,24,50.64,285.73,125.02,221.46,1,1,0.81658
123,1,1637.88,305.07,117.61,257.68,1,1,0.88275
123,4,822.78,493.92,171.27,289.99,1,1,0.91333
123,12,359.78,353.91,157.32,294.94,1,1,0.93679
123,13,1041.29,482.49,238.06,265.99,1,1,0.92262
123,19,1664.63,142.67,132.09,242.6,1,1,0.81742
123,14,136.19,443.46,189.73,290.41,1,1,0.85919
123,6,2.74,445.94,89.23,303.56,1,1,0.80085
123,22,494.16,249.98,142.76,225.99,1,1,0.85899
123,7,945.86,458.19,123.06,280.31,1,1,0.85927
123,3,310.47,275.91,96.99,160.47,1,1,0.72474
123,15,102.41,368.9,163.4,261.01,1,1,0.7932
123,24,51.3,300.1,125.83,221.42,1,1,0.87402
124,1,1648.71,302.05,114.45,256.97,1,1,0.90936
124,4,820.24,491.17,173.42,293.67,1,1,0.93498
124,12,370.88,350.91,159.77,297.57,1,1,0.94549
124,13,1053.02,485.36,233.95,261.72,1,1,0.9305
124,19,1673.15,135.02,124.14,252.32,1,1,0.69927
124,14,147.72,443.23,197.55,290.08,1,1,0.87957
124,22,512.66,246.62,149.59,234.23,1,1,0.88552
124,7,947.9,459.15,126.2,280.1,1,1,0.86959
124,3,301.81,274.33,105.74,157.94,1,1,0.79829
124,15,129.98,371.09,151.01,222.54,1,1,0.64076
124,24,41.14,302.05,131.25,224.78,1,1,0.89885
124,18,267.17,353.87,105.54,228.08,1,1,0.80172
124,8,3.4,449.07,70.63,298.77,1,1,0.84316
125,1,1649.17,300.94,113.11,256.72,1,1,0.90696
125,4,815.87,490.06,174.01,294.96,1,1,0.93173
125,12,371.52,349.76,160.68,298.16,1,1,0.94384
125,13,1053.73,486.35,232.49,260.0,1,1,0.92942
125,19,1672.91,132.16,121.14,256.02,1,1,0.70068
125,14,148.38,443.12,200.82,289.84,1,1,0.87857
125,22,515.93,245.27,152.32,237.31,1,1,0.8822
125,7,945.02,459.44,127.36,280.17,1,1,0.86812
125,3,295.3,273.73,109.05,157.17,1,1,0.7901
125,15,137.88,371.67,145.36,207.3,1,1,0.65428
125,24,33.89,301.95,133.12,226.06,1,1,0.8964
125,18,266.31,361.32,106.28,222.98,1,1,0.80035
125,8,-0.12,451.46,72.09,296.35,1,1,0.84189
126,1,1663.63,300.38,122.12,255.86,1,1,0.89465
126,4,814.1,484.32,168.83,300.6,1,1,0.92092
126,12,391.06,349.1,170.86,298.24,1,1,0.94501
126,13,1072.46,490.71,227.95,256.26,1,1,0.92642
126,19,1690.23,124.63,113.29,256.6,1,1,0.64951
126,14,175.01,442.41,196.56,292.61,1,1,0.84022
126,22,566.68,241.66,140.19,242.99,1,1,0.79106
126,7,952.44,458.5,136.63,293.61,1,1,0.88136
126,3,288.01,270.16,104.27,145.89,1,1,0.67218
126,15,167.48,371.49,143.83,207.14,1,1,0.73601
126,18,303.61,370.83,99.91,235.86,1,1,0.77464
126,8,5.02,440.7,76.4,312.53,1,1,0.86668
126,16,25.1,289.53,97.08,235.6,1,1,0.85475
126,6,48.67,467.75,122.88,259.39,1,1,0.77517
127,1,1671.11,302.08,133.95,257.26,1,1,0.8754
127,4,813.28,479.89,161.07,305.14,1,1,0.90379
127,12,404.93,349.99,180.12,296.85,1,1,0.92069
127,13,1086.78,492.78,221.71,255.24,1,1,0.90608
127,19,1702.89,120.35,108.34,256.91,1,1,0.76917
127,14,218.34,441.73,169.8,293.15,1,1,0.86042
127,22,604.57,240.57,135.03,246.44,1,1,0.80653
127,7,958.06,458.75,142.63,303.29,1,1,0.88571
127,15,187.47,373.79,143.02,219.71,1,1,0.80522
127,18,330.6,367.31,94.96,246.11,1,1,0.74031
127,8,4.6,437.5,85.83,316.11,1,1,0.85746
127,16,27.35,290.39,97.36,230.03,1,1,0.80929
127,6,61.13,473.66,135.02,251.06,1,1,0.82272
128,1,1668.76,302.77,139.06,257.35,1,1,0.87589
128,4,808.85,478.07,158.0,307.24,1,1,0.90598
128,12,405.47,350.24,183.69,296.37,1,1,0.92303
128,13,1087.87,493.55,218.93,254.33,1,1,0.90931
128,19,1703.16,118.89,106.45,256.93,1,1,0.77397
128,14,230.75,441.38,158.53,293.25,1,1,0.86593
128,22,613.53,239.97,133.56,247.74,1,1,0.80699
128,7,955.38,458.69,145.28,307.09,1,1,0.88889
128,15,190.38,374.54,142.43,224.29,1,1,0.807
128,18,336.32,365.82,93.01,249.73,1,1,0.73911
128,8,-0.3,436.05,89.46,317.41,1,1,0.86106
128,16,23.35,290.69,97.24,227.84,1,1,0.81063
128,6,61.27,475.44,139.94,248.44,1,1,0.82624
129,1,1680.96,307.84,142.46,255.39,1,1,0.88613
129,4,822.56,478.44,142.95,305.41,1,1,0.90728
129,12,420.2,351.12,189.29,295.83,1,1,0.91812
129,13,1099.01,496.64,215.45,255.72,1,1,0.91382
129,19,1715.84,117.94,105.33,256.59,1,1,0.79278
129,14,250.02,441.51,158.57,293.55,1,1,0.87395
129,22,635.15,238.36,148.89,250.47,1,1,0.8831
129,7,964.13,459.85,151.28,307.19,1,1,0.8945
129,15,208.0,373.36,141.19,235.15,1,1,0.8101
129,18,359.55,371.45,90.52,249.36,1,1,0.6639
129,8,3.1,436.12,100.53,318.23,1,1,0.87376
129,16,14.69,290.15,103.54,233.71,1,1,0.82723
129,6,70.83,474.72,152.51,260.07,1,1,0.85846
129,24,122.63,307.41,126.77,208.29,1,1,0.7921
129,3,269.44,267.12,113.83,156.68,1,1,0.72119
130,1,1705.25,317.05,163.45,250.04,1,1,0.90174
130,4,836.12,484.3,145.53,304.8,1,1,0.87283
130,12,464.11,352.87,187.33,294.45,1,1,0.90841
130,13,1131.72,503.91,206.98,261.49,1,1,0.9052
130,19,1750.61,119.45,103.54,249.52,1,1,0.75791
130,14,304.13,434.91,152.2,298.02,1,1,0.85862
130,22,687.84,237.56,158.77,245.73,1,1,0.8579
130,7,995.77,466.49,159.8,302.2,1,1,0.90065
130,15,253.26,358.49,139.46,263.12,1,1,0.81585
130,18,411.92,375.13,85.94,252.23,1,1,0.67505
130,8,14.9,436.84,127.01,318.89,1,1,0.88394
130,16,18.1,286.57,96.2,235.61,1,1,0.77765
130,6,110.64,468.9,158.05,266.22,1,1,0.85033
130,24,147.26,309.03,119.19,202.77,1,1,0.78991
131,1,1718.38,322.64,178.27,245.16,1,1,0.91557
131,4,834.75,489.73,158.63,302.82,1,1,0.92012
131,12,499.69,350.9,181.36,295.45,1,1,0.91087
131,13,1152.24,512.92,207.79,258.23,1,1,0.90488
131,19,1773.72,123.39,105.92,244.01,1,1,0.8445
131,14,347.37,433.62,144.9,297.82,1,1,0.883
131,22,733.12,238.57,163.39,246.83,1,1,0.88375
131,7,1021.44,471.5,162.24,297.14,1,1,0.90722
131,15,289.47,361.18,128.77,267.11,1,1,0.84627
131,8,29.06,433.3,138.53,321.76,1,1,0.90823
131,16,13.06,282.44,90.39,250.54,1,1,0.89402
131,6,144.71,464.48,158.37,270.08,1,1,0.87553
131,23,122.3,305.99,111.28,237.93,1,1,0.83404
132,1,1712.56,324.54,184.36,243.38,1,1,0.91565
132,4,824.46,491.66,163.44,302.02,1,1,0.92014
132,12,502.86,350.03,179.0,295.81,1,1,0.91083
132,13,1149.87,516.12,208.11,256.92,1,1,0.90506
132,19,1772.29,124.8,106.82,241.92,1,1,0.84439
132,14,352.96,432.89,142.13,297.81,1,1,0.88291
132,22,739.91,238.79,165.15,247.24,1,1,0.8838
132,7,1020.94,473.2,163.08,295.14,1,1,0.90725
132,15,292.81,362.1,124.61,268.58,1,1,0.84615
132,8,23.63,431.78,143.44,322.82,1,1,0.90819
132,16,1.65,280.81,88.29,255.95,1,1,0.89401
132,6,147.6,462.62,158.33,271.57,1,1,0.87559
132,23,116.71,305.01,112.08,238.3,1,1,0.83399
133,1,1753.55,325.24,180.8,240.91,1,1,0.92311
133,4,873.52,505.2,157.53,292.91,1,1,0.90187
133,12,572.67,349.31,163.0,295.86,1,1,0.89624
133,13,1209.7,527.01,201.1,246.63,1,1,0.89762
133,19,1824.59,131.44,100.83,236.83,1,1,0.86698
133,14,427.31,431.84,138.42,296.63,1,1,0.87003
133,22,844.98,242.0,141.44,248.48,1,1,0.87268
133,7,1080.15,481.96,166.17,286.45,1,1,0.89986
133,15,365.49,365.1,118.18,269.11,1,1,0.82285
133,8,75.37,423.46,150.14,329.78,1,1,0.90081
133,16,18.56,278.45,100.3,266.23,1,1,0.88703
133,6,224.01,454.41,152.85,277.79,1,1,0.87685
133,23,149.65,299.31,143.52,229.92,1,1,0.87781
133,3,305.69,267.58,118.42,186.18,1,1,0.84855
133,18,529.34,381.0,77.81,239.98,1,1,0.692
134,1,1776.35,325.88,160.6,237.73,1,1,0.92184
134,4,903.84,516.78,150.89,285.45,1,1,0.91431
134,12,617.7,348.41,144.9,297.89,1,1,0.89775
134,13,1240.98,538.6,199.81,235.17,1,1,0.88652
134,19,1853.92,138.01,76.95,219.97,1,1,0.64459
134,14,470.06,431.75,137.37,299.12,1,1,0.8593
134,22,902.61,244.7,135.37,248.96,1,1,0.88844
134,7,1113.46,489.74,168.5,274.7,1,1,0.9057
134,15,411.02,366.32,109.0,270.97,1,1,0.80406
134,8,106.1,421.36,154.56,333.18,1,1,0.89971
134,16,14.86,277.97,117.52,272.22,1,1,0.88555
134,6,290.13,449.0,136.46,284.39,1,1,0.79449
134,23,159.58,296.78,166.73,228.32,1,1,0.88984
134,28,483.16,237.75,131.43,158.41,1,1,0.77003
134,29,859.65,200.72,93.32,227.0,1,1,0.82231
134,3,315.48,265.71,123.55,199.78,1,1,0.83929
135,1,1808.51,325.53,128.62,236.25,1,1,0.89357
135,4,940.22,523.4,149.01,282.96,1,1,0.90056
135,12,666.7,347.27,134.34,299.19,1,1,0.89609
135,13,1276.24,547.68,205.23,224.13,1,1,0.86532
135,14,522.05,431.15,134.95,300.12,1,1,0.88233
135,22,968.35,246.25,127.84,247.88,1,1,0.90037
135,7,1152.66,497.99,172.44,264.95,1,1,0.88496
135,15,455.87,369.2,102.1,268.91,1,1,0.78125
135,8,139.27,422.4,161.27,332.59,1,1,0.89549
135,16,17.57,277.02,135.42,273.44,1,1,0.87666
135,6,349.85,441.05,133.09,293.48,1,1,0.77299
135,23,175.1,297.63,168.87,224.37,1,1,0.89423
135,28,518.99,232.26,130.69,159.72,1,1,0.73046
135,29,902.88,198.06,98.16,224.37,1,1,0.83295
135,3,333.9,264.66,127.1,211.44,1,1,0.87071
136,1,1805.85,325.11,116.51,235.81,1,1,0.89406
136,4,939.16,525.51,148.3,282.0,1,1,0.90061
136,12,669.47,346.6,130.88,299.67,1,1,0.8962
136,13,1274.68,550.53,207.07,220.21,1,1,0.86642
136,14,525.85,430.7,134.24,300.51,1,1,0.88292
136,22,976.91,246.61,125.12,247.42,1,1,0.9005
136,7,1152.3,500.62,173.85,261.46,1,1,0.88521
136,15,457.23,370.08,99.52,267.82,1,1,0.77851
136,8,136.59,422.59,163.79,332.23,1,1,0.89572
136,16,2.34,276.48,142.69,273.66,1,1,0.87686
136,6,356.6,437.78,132.01,296.9,1,1,0.77315
136,23,165.23,297.8,169.45,222.88,1,1,0.89421
136,28,517.31,230.3,130.56,160.05,1,1,0.73132
136,29,903.95,197.02,99.9,223.16,1,1,0.83398
136,3,326.02,264.02,128.45,215.99,1,1,0.87055
136,31,0.05,440.71,57.8,292.53,1,1,0.85341
137,4,1040.74,528.07,142.55,282.12,1,1,0.90079
137,12,781.3,347.41,131.47,295.37,1,1,0.89475
137,13,1367.31,545.94,222.17,227.78,1,1,0.80863
137,14,640.11,432.16,143.27,292.38,1,1,0.85613
137,22,1108.95,245.89,125.09,252.37,1,1,0.89591
137,7,1258.36,511.47,165.58,250.33,1,1,0.85334
137,15,566.75,369.61,109.8,260.12,1,1,0.78379
137,8,237.22,413.02,160.28,339.41,1,1,0.88634
137,16,71.08,275.23,162.19,270.47,1,1,0.89898
137,6,476.74,441.16,140.12,288.94,1,1,0.82601
137,23,229.04,301.46,140.83,181.41,1,1,0.83524
137,3,405.82,263.78,151.86,226.02,1,1,0.90166
137,31,36.29,436.77,117.28,298.42,1,1,0.87125
138,4,1098.83,529.28,137.72,282.58,1,1,0.90084
138,12,845.93,348.37,133.16,294.22,1,1,0.89364
138,13,1417.87,539.14,228.46,237.49,1,1,0.83871
138,14,719.31,428.25,140.69,294.34,1,1,0.85646
138,22,1188.75,243.42,128.28,254.28,1,1,0.89714
138,7,1322.76,518.55,145.24,243.57,1,1,0.84012
138,15,636.47,369.86,111.93,257.78,1,1,0.77745
138,8,294.64,411.12,159.82,339.35,1,1,0.89766
138,16,105.6,273.7,167.45,259.45,1,1,0.87508
138,6,555.88,433.53,138.25,294.84,1,1,0.83451
138,23,255.34,301.61,125.92,180.55,1,1,0.75995
138,3,445.64,262.98,160.29,231.1,1,1,0.89868
138,31,71.17,433.29,135.73,301.64,1,1,0.85524
138,29,1076.56,196.85,117.81,240.33,1,1,0.86009
139,4,1162.3,530.24,138.86,281.25,1,1,0.88952
139,12,922.27,351.4,133.34,290.66,1,1,0.88523
139,13,1486.55,551.6,236.68,223.74,1,1,0.81615
139,14,802.91,422.16,139.89,299.65,1,1,0.82615
139,22,1274.16,240.08,137.35,258.94,1,1,0.88479
139,7,1395.32,523.57,139.59,246.75,1,1,0.80316
139,15,721.79,364.78,108.86,270.25,1,1,0.76752
139,8,357.44,407.17,163.09,340.75,1,1,0.88935
139,16,149.23,270.4,172.68,253.39,1,1,0.86698
139,6,641.53,429.99,130.75,294.96,1,1,0.83656
139,23,296.58,301.25,115.94,209.23,1,1,0.81573
139,3,493.16,266.87,157.09,228.76,1,1,0.88113
139,31,128.06,430.36,145.53,308.24,1,1,0.84866
139,29,1151.29,196.82,123.61,255.07,1,1,0.81338
140,4,1230.26,529.57,146.79,282.82,1,1,0.87819
140,12,1006.97,356.46,129.42,288.11,1,1,0.86339
140,13,1562.14,533.33,239.81,255.28,1,1,0.665
140,14,892.49,424.01,140.64,297.58,1,1,0.83773
140,22,1361.74,236.01,152.24,265.56,1,1,0.87887
140,7,1470.61,529.33,124.04,242.87,1,1,0.82191
140,15,800.59,369.38,114.41,276.1,1,1,0.78874
140,8,434.16,416.48,157.37,329.32,1,1,0.89974
140,16,203.38,268.58,152.54,231.54,1,1,0.83929
140,6,735.4,466.22,113.74,240.53,1,1,0.68424
140,23,350.52,302.0,117.18,224.38,1,1,0.78127
140,3,543.82,268.17,157.9,217.59,1,1,0.83189
140,31,199.86,429.96,147.74,309.17,1,1,0.85113
141,4,1226.74,528.82,149.73,283.49,1,1,0.87847
141,12,1009.17,357.93,128.15,287.38,1,1,0.86346
141,13,1562.11,527.26,240.07,265.36,1,1,0.66387
141,14,896.8,424.39,140.63,296.69,1,1,0.83807
141,22,1365.14,233.99,158.06,268.13,1,1,0.87914
141,7,1469.73,530.79,118.5,241.6,1,1,0.82165
141,15,800.71,370.74,116.53,278.39,1,1,0.78862
141,8,434.01,419.73,154.9,324.87,1,1,0.89992
141,16,195.11,267.6,143.83,223.35,1,1,0.8399
141,6,740.88,480.43,107.17,218.29,1,1,0.67434
141,23,342.43,301.83,117.77,230.82,1,1,0.78365
141,3,533.76,268.27,158.19,212.96,1,1,0.83202
141,31,198.95,429.71,147.2,309.18,1,1,0.85154
142,13,1622.74,528.7,247.09,259.94,1,1,0.84033
142,7,1410.89,528.76,152.8,270.85,1,1,0.88424
142,8,406.21,418.98,134.45,312.61,1,1,0.82324
142,23,353.33,282.49,101.28,203.55,1,1,0.80037
142,3,493.22,290.3,133.64,204.2,1,1,0.8083
142,20,1557.39,232.29,182.6,276.2,1,1,0.84907
142,24,616.01,420.5,148.01,318.24,1,1,0.89457
143,13,1736.65,528.43,198.57,259.72,1,1,0.84253
143,7,1477.61,525.75,164.46,285.09,1,1,0.87767
143,8,483.4,428.45,122.74,297.48,1,1,0.83706
143,23,441.46,274.83,91.55,193.6,1,1,0.78181
143,3,552.81,300.91,136.59,213.97,1,1,0.81541
143,33,764.22,265.68,190.89,215.24,1,1,0.88373
143,34,1192.0,397.06,168.28,327.19,1,1,0.84705
143,20,1661.76,231.91,182.48,275.57,1,1,0.85088
143,24,706.45,423.32,145.55,325.07,1,1,0.89743
143,4,1291.36,407.08,132.19,287.98,1,1,0.85216
143,12,1094.19,363.66,119.55,285.81,1,1,0.73061
143,14,1044.26,461.76,107.35,269.4,1,1,0.78981
144,13,1829.16,528.29,119.69,270.46,1,1,0.80451
144,7,1543.81,524.4,169.34,290.95,1,1,0.89004
144,8,558.73,416.7,119.82,305.95,1,1,0.72716
144,33,826.37,266.2,194.57,202.8,1,1,0.85997
144,34,1284.06,419.19,163.42,304.98,1,1,0.84831
144,20,1756.3,235.87,172.26,271.84,1,1,0.83452
144,24,791.01,420.68,156.43,331.02,1,1,0.80866
144,4,1375.2,380.91,121.94,285.05,1,1,0.85003
144,12,1186.98,368.4,112.39,278.35,1,1,0.72416
144,14,1140.78,467.09,106.55,263.66,1,1,0.78926
145,13,1831.25,525.48,91.83,276.7,1,1,0.79514
145,7,1536.79,523.08,171.15,293.13,1,1,0.88982
145,8,555.69,411.95,119.0,309.03,1,1,0.72768
145,33,817.55,265.76,196.04,198.5,1,1,0.85987
145,34,1286.53,425.73,161.82,297.83,1,1,0.84843
145,20,1759.27,236.86,168.03,270.16,1,1,0.83581
145,24,790.76,418.56,163.13,333.25,1,1,0.8016
145,4,1375.02,371.13,118.75,284.0,1,1,0.85009
145,12,1189.63,369.49,110.08,275.82,1,1,0.72412
145,14,1144.32,468.25,106.16,261.91,1,1,0.78997
146,7,1666.79,525.65,170.55,293.71,1,1,0.89356
146,33,942.87,276.51,163.86,182.82,1,1,0.82744
146,34,1446.69,423.39,155.29,301.46,1,1,0.8649
146,24,941.22,420.09,153.2,329.93,1,1,0.90495
146,4,1522.71,368.61,117.71,277.81,1,1,0.84926
146,12,1347.1,375.44,108.12,291.02,1,1,0.71262
146,14,1311.75,475.12,114.08,264.73,1,1,0.76436
146,3,717.31,310.15,155.83,222.66,1,1,0.77135
147,7,1718.53,527.6,168.48,294.36,1,1,0.88409
147,34,1526.77,434.04,147.58,290.17,1,1,0.86458
147,24,1009.62,415.51,148.15,332.9,1,1,0.91973
147,4,1588.41,368.44,120.37,258.49,1,1,0.86174
147,12,1420.67,377.84,110.93,299.16,1,1,0.7046
147,14,1390.83,477.96,120.18,262.18,1,1,0.72964
147,23,653.41,276.43,80.14,238.31,1,1,0.71995
148,7,1769.77,533.04,158.35,292.62,1,1,0.9078
148,34,1592.63,439.21,150.95,285.32,1,1,0.8567
148,24,1076.51,420.63,147.25,324.24,1,1,0.90883
148,4,1656.58,366.72,121.11,250.99,1,1,0.84823
148,14,1462.81,477.39,121.5,261.96,1,1,0.79726
148,23,702.27,277.39,87.33,250.62,1,1,0.83542
149,7,1763.51,534.46,154.26,291.8,1,1,0.90878
149,34,1591.59,440.04,151.97,284.06,1,1,0.85808
149,24,1075.72,421.74,146.78,320.44,1,1,0.91045
149,4,1656.39,365.86,121.46,248.41,1,1,0.84876
149,14,1463.66,476.45,121.26,262.13,1,1,0.79771
149,23,695.34,277.23,89.26,255.29,1,1,0.83658
149,35,1399.41,239.55,144.57,152.37,1,1,0.74435
150,7,1817.91,535.27,118.76,294.02,1,1,0.86651
150,34,1663.32,441.14,144.09,282.61,1,1,0.84221
150,24,1142.21,423.83,143.98,316.17,1,1,0.9273
150,4,1723.34,365.55,116.23,241.71,1,1,0.84942
150,14,1540.17,478.58,111.53,264.46,1,1,0.81303
150,23,740.54,280.26,103.29,253.07,1,1,0.84816
150,35,1456.55,241.99,150.45,153.42,1,1,0.7797
150,33,1052.27,281.42,135.53,193.93,1,1,0.85858
150,12,1550.31,367.62,113.29,171.0,1,1,0.69738
151,34,1789.33,438.52,132.34,285.57,1,1,0.87432
151,24,1258.09,430.65,136.99,307.75,1,1,0.95175
151,4,1837.74,365.81,92.38,243.25,1,1,0.77857
151,14,1655.83,486.31,124.42,254.09,1,1,0.83855
151,23,816.44,284.1,129.12,247.41,1,1,0.84222
151,35,1542.07,246.6,152.23,172.47,1,1,0.8388
151,33,1136.54,281.13,145.34,207.48,1,1,0.88023
152,34,1839.13,425.91,95.03,301.39,1,1,0.82326
152,24,1305.96,432.59,128.53,302.75,1,1,0.94966
152,14,1706.29,491.56,135.58,251.49,1,1,0.84439
152,23,838.57,284.62,139.71,244.2,1,1,0.85004
152,35,1572.76,249.48,160.28,175.91,1,1,0.8602
152,33,1164.89,280.54,154.43,214.64,1,1,0.88287
152,3,944.37,311.37,91.53,191.02,1,1,0.83046
153,34,1838.24,420.96,82.36,306.95,1,1,0.82372
153,24,1304.89,432.67,125.47,300.81,1,1,0.94945
153,14,1705.87,492.96,139.98,250.52,1,1,0.8452
153,23,826.93,284.4,144.11,242.75,1,1,0.85009
153,35,1566.46,250.03,163.14,176.58,1,1,0.86021
153,33,1157.31,279.87,157.78,217.1,1,1,0.88294
153,3,939.1,310.18,86.18,188.47,1,1,0.83062
154,24,1391.4,432.12,122.83,298.39,1,1,0.94821
154,14,1804.83,499.88,123.93,240.97,1,1,0.84036
154,23,884.36,286.0,131.72,243.32,1,1,0.8694
154,35,1640.74,248.15,169.6,183.89,1,1,0.85628
154,33,1209.4,283.48,150.5,225.56,1,1,0.87089
154,3,987.12,308.47,91.9,209.85,1,1,0.86542
154,12,1873.77,390.05,46.46,248.68,1,1,0.64103
155,24,1435.13,428.36,120.01,298.58,1,1,0.94346
155,14,1859.42,494.2,79.51,237.09,1,1,0.71836
155,23,896.83,285.97,128.0,242.58,1,1,0.86575
155,35,1670.06,245.05,177.75,191.97,1,1,0.87399
155,33,1235.32,285.15,117.62,227.88,1,1,0.8412
155,3,1000.18,304.97,96.67,218.12,1,1,0.80395
155,38,9.39,334.92,111.52,245.44,1,1,0.87809
155,18,1811.7,384.07,107.19,262.56,1,1,0.84316
155,8,1098.54,449.3,83.05,240.9,1,1,0.88545
156,24,1434.28,426.7,119.09,298.64,1,1,0.94354
156,14,1861.56,491.71,62.01,235.93,1,1,0.71681
156,23,884.76,285.83,126.71,242.35,1,1,0.86606
156,35,1664.13,243.7,180.75,194.85,1,1,0.87404
156,33,1230.56,285.69,104.98,228.61,1,1,0.84125
156,3,989.13,303.4,98.63,221.55,1,1,0.8039
156,38,3.08,334.18,117.29,245.65,1,1,0.87838
156,18,1812.34,383.29,107.83,263.03,1,1,0.84131
156,8,1095.21,450.61,81.76,238.11,1,1,0.88565
157,24,1530.8,421.9,119.92,300.26,1,1,0.93883
157,23,939.52,286.79,140.97,240.76,1,1,0.86943
157,35,1744.55,246.26,159.31,191.39,1,1,0.86544
157,3,1056.28,302.2,110.54,226.43,1,1,0.84593
157,38,83.34,325.04,127.93,247.59,1,1,0.86513
157,8,1184.15,450.06,89.15,233.78,1,1,0.91103
158,24,1529.98,419.38,119.97,301.14,1,1,0.93942
158,23,922.94,286.69,146.39,240.27,1,1,0.86891
158,35,1738.04,246.94,150.53,189.68,1,1,0.86593
158,3,1044.8,301.24,114.78,228.5,1,1,0.84466
158,38,76.33,321.79,132.29,248.38,1,1,0.86522
158,8,1180.72,449.42,91.64,232.36,1,1,0.91215
159,24,1624.71,416.27,121.79,304.93,1,1,0.91979
159,23,988.58,288.02,136.01,231.66,1,1,0.87737
159,35,1807.77,243.77,128.03,184.1,1,1,0.84403
159,3,1104.92,302.2,104.89,232.03,1,1,0.84668
159,38,155.34,308.1,135.5,255.66,1,1,0.87507
159,8,1268.85,442.09,98.88,253.9,1,1,0.90643
159,33,1328.25,277.23,159.52,217.2,1,1,0.82367
160,24,1664.79,415.37,124.94,307.33,1,1,0.93258
160,23,1010.57,288.46,129.53,230.7,1,1,0.85877
160,35,1834.49,243.02,95.97,187.39,1,1,0.74733
160,3,1117.67,302.19,116.23,233.06,1,1,0.87211
160,38,186.14,295.81,136.47,262.97,1,1,0.87265
160,8,1302.96,439.09,104.14,257.63,1,1,0.90928
160,33,1347.94,285.32,111.94,191.51,1,1,0.81264
161,24,1703.72,416.0,127.9,305.72,1,1,0.93956
161,23,1036.51,291.12,119.58,232.91,1,1,0.85932
161,35,1864.55,235.97,61.02,199.31,1,1,0.76152
161,3,1128.61,301.48,134.97,233.32,1,1,0.89149
161,38,213.12,288.15,144.2,267.98,1,1,0.88348
161,8,1339.83,434.7,105.49,260.12,1,1,0.89302
161,33,1366.97,289.38,93.81,175.57,1,1,0.79197
162,24,1739.54,418.43,132.37,303.49,1,1,0.93426
162,23,1055.9,294.97,110.07,231.27,1,1,0.86308
162,3,1140.17,301.15,145.34,231.78,1,1,0.88086
162,38,235.15,284.39,154.02,270.09,1,1,0.88982
162,8,1374.08,431.25,109.69,264.45,1,1,0.89632
162,33,1379.13,293.52,109.4,169.5,1,1,0.83995
163,24,1773.36,422.1,134.86,300.59,1,1,0.94105
163,23,1072.4,298.63,105.96,228.2,1,1,0.86574
163,3,1147.73,300.4,153.04,228.95,1,1,0.87491
163,38,253.06,280.72,166.37,265.21,1,1,0.90662
163,8,1406.34,426.97,112.55,267.14,1,1,0.90929
163,33,1387.3,296.9,109.91,163.45,1,1,0.76634
164,24,1771.81,423.21,135.96,299.45,1,1,0.94058
164,23,1065.57,299.65,104.49,226.51,1,1,0.86586
164,3,1136.44,299.71,155.59,227.6,1,1,0.87828
164,38,245.49,279.3,171.0,263.27,1,1,0.90592
164,8,1404.54,425.33,113.51,267.85,1,1,0.90879
164,33,1377.22,297.62,109.85,161.74,1,1,0.7683
165,24,1840.75,431.64,97.85,298.62,1,1,0.93624
165,23,1107.12,307.23,97.79,225.52,1,1,0.84868
165,3,1172.51,306.61,131.94,231.88,1,1,0.85935
165,38,284.52,285.96,172.85,252.87,1,1,0.90749
165,8,1466.23,433.75,110.6,266.58,1,1,0.92969
165,33,1400.72,300.25,114.23,188.36,1,1,0.83866
166,24,1869.31,435.75,60.14,295.26,1,1,0.84631
166,23,1107.83,312.72,104.19,231.66,1,1,0.81423
166,3,1174.89,312.11,106.14,228.27,1,1,0.83109
166,38,287.78,293.78,173.96,247.1,1,1,0.91336
166,8,1487.14,439.97,107.86,265.21,1,1,0.94016
166,33,1396.14,301.97,122.04,202.48,1,1,0.84411
167,24,1894.16,446.26,28.89,263.42,1,1,0.76569
167,23,1104.25,316.97,99.28,214.74,1,1,0.76596
167,3,1161.54,317.5,118.87,229.33,1,1,0.86694
167,38,292.58,302.56,173.93,249.27,1,1,0.92858
167,8,1510.17,444.46,98.63,263.0,1,1,0.93381
167,33,1396.84,305.65,132.01,209.82,1,1,0.85547
168,24,1894.56,448.26,23.99,251.09,1,1,0.76758
168,23,1095.26,316.54,96.85,208.02,1,1,0.76447
168,3,1148.79,317.53,122.55,229.7,1,1,0.86555
168,38,285.27,303.94,173.86,250.06,1,1,0.92966
168,8,1510.02,444.24,95.1,262.09,1,1,0.93416
168,33,1387.84,304.97,136.1,213.09,1,1,0.85517
169,3,1142.82,329.84,137.42,222.87,1,1,0.8558
169,38,310.15,325.2,177.18,247.66,1,1,0.92822
169,8,1548.56,454.3,84.92,265.17,1,1,0.94002
169,33,1393.81,318.52,121.2,219.62,1,1,0.83272
170,3,1105.45,334.53,162.5,219.45,1,1,0.90268
170,38,314.93,338.18,172.86,245.91,1,1,0.95216
170,8,1557.96,454.77,79.68,271.06,1,1,0.94133
170,33,1367.37,324.57,118.41,221.25,1,1,0.86237
171,3,1094.06,343.22,155.86,221.55,1,1,0.89816
171,38,321.86,350.83,164.0,242.36,1,1,0.95614
171,8,1565.34,457.53,80.12,274.49,1,1,0.94663
171,33,1351.07,332.74,126.83,225.09,1,1,0.89103
172,3,1085.39,353.14,142.29,225.92,1,1,0.89167
172,38,332.93,362.03,152.34,237.59,1,1,0.95632
172,8,1574.49,460.54,80.89,277.46,1,1,0.94385
172,33,1336.24,338.74,141.13,222.15,1,1,0.87953
173,3,1072.41,364.73,120.47,225.56,1,1,0.89896
173,38,342.38,372.69,139.83,234.75,1,1,0.9553
173,8,1580.69,467.05,81.3,281.21,1,1,0.9391
173,33,1320.29,346.0,152.36,213.2,1,1,0.90343
174,3,1048.98,372.19,122.46,229.69,1,1,0.8963
174,38,349.42,385.73,131.48,226.16,1,1,0.9556
174,8,1583.91,476.1,85.6,277.47,1,1,0.95182
174,33,1300.8,354.06,158.13,213.9,1,1,0.89088
175,3,1031.87,379.13,117.85,231.53,1,1,0.8248
175,38,353.01,396.1,125.41,222.5,1,1,0.94353
175,8,1582.27,484.95,89.61,274.33,1,1,0.94751
175,33,1283.85,362.77,148.62,218.16,1,1,0.88523
176,3,1010.53,382.27,122.67,233.23,1,1,0.68347
176,38,356.19,404.0,117.71,220.8,1,1,0.92986
176,8,1578.75,494.12,93.03,273.43,1,1,0.94972
176,33,1253.25,371.67,140.91,220.9,1,1,0.88345
177,3,975.52,382.01,129.44,234.14,1,1,0.76928
177,38,359.52,406.06,115.09,218.9,1,1,0.90724
177,8,1574.91,501.36,94.58,270.08,1,1,0.95132
177,33,1225.51,377.18,136.13,222.5,1,1,0.87507
178,3,941.39,380.49,156.33,237.19,1,1,0.87341
178,38,362.67,404.73,113.33,216.22,1,1,0.90578
178,8,1569.1,504.63,96.27,269.35,1,1,0.95379
178,33,1195.86,379.09,143.29,219.13,1,1,0.86681
178,42,1855.6,336.28,63.8,192.81,1,1,0.8482
179,3,912.04,381.39,151.81,236.91,1,1,0.8045
179,38,370.38,401.29,111.45,213.23,1,1,0.87937
179,8,1566.98,505.24,96.47,268.81,1,1,0.95827
179,33,1180.0,377.48,141.56,213.31,1,1,0.87153
179,42,1854.05,339.18,66.34,195.38,1,1,0.80504
180,3,898.57,386.18,123.08,232.85,1,1,0.8292
180,38,374.82,397.62,108.03,209.61,1,1,0.89711
180,8,1564.76,505.03,97.31,268.21,1,1,0.9611
180,33,1157.55,374.42,152.07,205.86,1,1,0.87436
180,23,968.52,368.71,103.96,231.14,1,1,0.66901
181,3,886.38,385.95,105.4,231.85,1,1,0.84433
181,38,372.75,395.32,106.04,213.84,1,1,0.91907
181,8,1559.05,503.2,102.79,269.03,1,1,0.96433
181,33,1134.12,370.51,152.55,210.39,1,1,0.89259
181,23,941.4,364.74,116.97,231.12,1,1,0.83181
182,3,870.0,382.99,102.95,231.15,1,1,0.84372
182,38,370.76,393.68,102.76,217.32,1,1,0.93801
182,8,1555.54,498.42,106.96,271.88,1,1,0.9632
182,33,1112.64,367.34,138.85,216.33,1,1,0.86514
182,23,920.02,361.82,116.14,229.58,1,1,0.81454
183,3,847.84,382.74,105.34,229.29,1,1,0.83249
183,38,370.62,392.19,101.47,219.37,1,1,0.92934
183,8,1551.61,494.4,111.15,273.58,1,1,0.96312
183,33,1091.46,365.97,113.22,219.14,1,1,0.84923
183,23,902.87,360.56,103.77,224.49,1,1,0.76926
184,3,823.73,379.0,120.85,229.01,1,1,0.85778
184,38,371.89,388.42,98.02,221.28,1,1,0.94017
184,8,1548.68,489.38,113.54,274.89,1,1,0.95968
184,33,1062.45,363.54,116.39,220.29,1,1,0.87493
184,23,885.87,359.54,101.53,219.47,1,1,0.79798
185,3,813.79,378.11,126.73,228.83,1,1,0.85738
185,38,371.58,387.3,96.74,222.08,1,1,0.93976
185,8,1546.64,488.0,114.47,274.93,1,1,0.95973
185,33,1051.76,363.05,117.76,221.14,1,1,0.87693
185,23,879.39,359.58,100.57,216.96,1,1,0.79987
185,43,1722.53,323.53,93.4,195.1,1,1,0.8532
186,3,796.7,376.86,133.05,226.32,1,1,0.84729
186,38,371.68,382.68,97.34,224.88,1,1,0.94502
186,8,1546.68,485.33,115.52,276.04,1,1,0.95911
186,33,1036.92,358.93,127.12,224.73,1,1,0.87883
186,23,865.29,359.86,105.71,226.07,1,1,0.85231
186,43,1705.85,320.75,112.02,200.09,1,1,0.86072
187,3,776.84,376.38,129.43,227.43,1,1,0.82859
187,38,366.58,380.17,101.95,214.69,1,1,0.9394
187,8,1546.27,484.36,114.76,274.52,1,1,0.96293
187,33,1016.04,354.66,140.25,220.23,1,1,0.8834
187,23,849.06,360.81,116.13,235.68,1,1,0.8734
187,43,1679.99,318.74,139.96,203.65,1,1,0.88632
188,3,732.5,375.08,119.02,235.84,1,1,0.84342
188,38,359.95,376.77,115.04,214.63,1,1,0.92487
188,8,1545.06,484.61,113.22,271.08,1,1,0.95973
188,33,980.3,348.51,120.81,219.68,1,1,0.75413
188,23,814.56,360.58,144.47,243.9,1,1,0.87856
188,43,1651.63,316.8,158.67,208.47,1,1,0.85716
189,3,699.15,373.4,117.35,240.6,1,1,0.86839
189,38,357.43,376.21,126.38,213.1,1,1,0.89303
189,8,1543.37,486.24,110.24,269.38,1,1,0.95962
189,33,940.32,344.3,116.99,227.5,1,1,0.86658
189,23,788.21,360.47,163.43,247.03,1,1,0.90133
189,43,1624.92,315.64,155.43,216.14,1,1,0.85149
190,3,667.41,373.32,123.48,237.24,1,1,0.87576
190,38,358.48,375.95,147.5,210.5,1,1,0.9337
190,8,1541.07,486.88,107.17,269.66,1,1,0.95734
190,33,918.51,343.03,105.51,230.85,1,1,0.88612
190,23,761.05,362.08,182.44,242.44,1,1,0.89309
190,43,1598.37,315.38,143.75,218.8,1,1,0.86736
191,3,641.89,377.18,128.33,224.93,1,1,0.85424
191,38,358.85,375.73,161.64,210.06,1,1,0.92351
191,8,1538.19,485.41,103.47,271.6,1,1,0.96084
191,33,897.93,345.14,102.59,229.41,1,1,0.87404
191,23,735.01,365.44,193.44,237.6,1,1,0.88263
191,43,1566.77,311.73,136.56,224.84,1,1,0.85488
192,3,613.24,379.18,143.21,221.01,1,1,0.85444
192,38,360.27,375.87,165.62,206.98,1,1,0.90615
192,8,1536.5,480.86,99.3,276.89,1,1,0.95547
192,33,867.61,344.06,115.33,227.09,1,1,0.86502
192,23,715.88,366.59,189.94,234.29,1,1,0.86995
192,43,1544.84,306.63,132.68,227.54,1,1,0.85968
193,3,555.7,382.01,172.59,213.4,1,1,0.78665
193,38,364.85,378.02,155.32,201.0,1,1,0.9063
193,8,1533.47,475.75,95.67,280.68,1,1,0.95196
193,33,841.75,343.18,125.27,219.5,1,1,0.89744
193,23,684.96,364.13,192.75,237.34,1,1,0.88043
193,43,1516.22,304.23,146.62,221.15,1,1,0.88194
194,3,521.58,383.17,177.52,218.22,1,1,0.87003
194,38,367.5,381.09,135.53,194.73,1,1,0.9237
194,8,1529.15,470.28,93.81,285.76,1,1,0.94975
194,33,814.58,345.37,130.52,211.44,1,1,0.90682
194,23,672.92,359.64,169.56,243.83,1,1,0.89312
194,43,1492.43,300.4,155.68,216.01,1,1,0.90918
195,3,498.37,385.28,155.63,225.5,1,1,0.91387
195,38,369.56,384.03,119.17,190.18,1,1,0.93275
195,8,1525.93,465.05,92.86,291.06,1,1,0.95098
195,33,785.53,346.51,132.8,202.43,1,1,0.90823
195,23,669.16,356.05,143.41,247.68,1,1,0.92091
195,43,1464.6,299.68,166.62,217.01,1,1,0.91648
196,3,491.41,386.02,145.94,228.09,1,1,0.91391
196,38,370.5,385.29,113.34,188.29,1,1,0.93342
196,8,1524.88,463.16,92.55,292.83,1,1,0.95208
196,33,775.13,346.82,133.71,199.52,1,1,0.90915
196,23,669.36,354.77,133.34,248.94,1,1,0.92002
196,43,1454.52,299.56,170.49,216.94,1,1,0.91643
197,3,451.65,389.46,146.95,226.42,1,1,0.83588
197,38,372.59,387.83,101.96,179.79,1,1,0.92166
197,8,1517.53,459.92,94.36,291.33,1,1,0.95853
197,33,736.63,351.74,111.62,200.75,1,1,0.84421
197,23,659.73,350.61,107.24,252.61,1,1,0.88631
197,43,1428.38,303.39,141.7,220.51,1,1,0.85748
198,3,433.27,399.48,133.42,216.32,1,1,0.83872
198,38,374.56,389.7,92.72,174.76,1,1,0.88897
198,8,1512.66,459.98,97.55,286.68,1,1,0.96326
198,33,706.77,354.61,88.4,198.95,1,1,0.79334
198,23,642.53,348.81,108.97,252.36,1,1,0.88617
198,43,1401.66,313.38,121.73,212.91,1,1,0.84152
199,3,406.65,394.63,127.63,221.38,1,1,0.85553
199,38,374.66,389.59,83.18,172.73,1,1,0.80693
199,8,1506.65,461.81,102.21,282.21,1,1,0.96072
199,23,613.9,349.61,129.22,251.31,1,1,0.88419
199,43,1373.8,317.04,105.87,208.42,1,1,0.77955
200,3,378.9,388.09,136.02,226.57,1,1,0.86562
200,38,367.76,386.96,64.45,171.13,1,1,0.64302
200,8,1501.27,465.77,105.34,278.42,1,1,0.95999
200,23,588.32,348.31,150.24,252.98,1,1,0.88532
200,43,1343.02,328.06,107.17,196.28,1,1,0.7995
201,3,355.55,387.2,145.63,221.33,1,1,0.87384
201,38,342.21,383.98,78.36,178.3,1,1,0.77649
201,8,1494.58,468.28,105.95,276.72,1,1,0.95916
201,23,564.79,347.56,166.56,255.73,1,1,0.90127
201,43,1308.31,311.73,125.11,213.09,1,1,0.84791
202,3,363.27,384.21,142.14,215.5,1,1,0.88415
202,38,317.83,382.9,97.75,186.59,1,1,0.85459
202,8,1488.98,470.15,106.79,276.12,1,1,0.96255
202,23,550.07,351.69,173.41,253.06,1,1,0.90644
202,43,1265.86,307.3,143.72,210.85,1,1,0.85272
203,3,362.66,379.66,128.91,209.77,1,1,0.84326
203,38,283.77,383.19,105.88,201.13,1,1,0.86676
203,8,1483.11,470.65,107.1,276.65,1,1,0.96232
203,23,539.88,352.24,167.23,252.73,1,1,0.87724
203,43,1230.68,305.86,151.42,211.71,1,1,0.79925
204,3,364.57,378.1,122.94,207.89,1,1,0.84576
204,38,270.38,383.59,109.25,206.59,1,1,0.86451
204,8,1481.54,471.07,107.14,276.71,1,1,0.96211
204,23,537.42,352.71,164.75,252.55,1,1,0.87774
204,43,1217.88,305.64,154.54,211.97,1,1,0.77904
205,3,363.67,365.93,139.68,201.13,1,1,0.85987
205,38,234.92,385.43,99.41,219.51,1,1,0.83125
205,8,1472.91,467.46,110.76,279.94,1,1,0.96351
205,23,532.58,350.55,142.11,254.28,1,1,0.90105
205,33,476.03,361.46,93.09,168.2,1,1,0.6976
206,3,365.78,352.08,116.67,208.0,1,1,0.91584
206,38,206.07,385.01,86.72,225.16,1,1,0.81962
206,8,1465.93,463.83,114.63,283.31,1,1,0.96477
206,23,528.96,347.81,113.96,257.08,1,1,0.91136
206,44,1781.03,427.86,87.27,262.39,1,1,0.88302
206,33,457.75,361.54,87.95,171.08,1,1,0.8515
207,3,371.94,339.38,117.49,218.79,1,1,0.89981
207,38,175.15,381.01,97.95,230.14,1,1,0.81959
207,8,1459.43,459.66,116.8,285.19,1,1,0.96156
207,23,517.24,340.5,104.07,262.85,1,1,0.91898
207,44,1771.35,426.5,94.28,266.24,1,1,0.87323
208,3,379.75,328.53,112.31,228.51,1,1,0.91818
208,38,151.56,375.32,99.42,232.63,1,1,0.81632
208,8,1453.94,455.55,118.25,287.34,1,1,0.96162
208,23,502.43,334.28,108.15,266.67,1,1,0.92278
208,44,1763.21,425.91,99.56,269.7,1,1,0.88663
209,3,385.69,319.39,106.54,238.39,1,1,0.91154
209,38,124.89,366.88,104.64,238.34,1,1,0.80082
209,8,1447.1,452.12,119.09,289.43,1,1,0.96013
209,23,488.87,329.18,113.2,269.6,1,1,0.92697
209,44,1747.13,428.33,104.08,267.45,1,1,0.87612
209,43,1102.91,324.36,107.12,192.59,1,1,0.68488
210,3,388.82,316.24,104.55,242.15,1,1,0.91214
210,38,115.82,363.85,106.52,240.53,1,1,0.79954
210,8,1445.24,451.08,119.45,290.19,1,1,0.95943
210,23,484.93,327.49,115.11,270.68,1,1,0.92762
210,44,1742.11,429.36,105.33,266.51,1,1,0.87702
210,43,1100.03,326.65,101.52,190.71,1,1,0.69544
211,3,402.25,311.71,91.32,246.13,1,1,0.89144
211,8,1436.37,449.73,119.27,284.9,1,1,0.96193
211,23,468.11,325.69,116.56,269.64,1,1,0.91596
211,44,1720.11,429.07,106.24,264.21,1,1,0.92144
211,42,1819.77,451.51,58.15,279.2,1,1,0.70745
211,33,346.18,347.48,84.16,195.04,1,1,0.85525
212,3,404.86,314.26,87.96,242.25,1,1,0.86637
212,8,1431.64,451.87,117.03,280.3,1,1,0.9623
212,23,455.1,325.86,116.3,268.18,1,1,0.9086
212,44,1702.07,427.44,109.58,266.07,1,1,0.91864
212,42,1809.51,451.64,68.27,285.95,1,1,0.88945
212,33,327.68,346.79,82.55,187.68,1,1,0.85753
212,43,1013.12,327.18,127.16,187.3,1,1,0.69236
213,3,402.16,313.12,89.06,243.44,1,1,0.82338
213,8,1426.46,453.89,115.35,278.58,1,1,0.96489
213,23,440.47,327.36,120.06,268.55,1,1,0.90052
213,44,1683.37,426.39,118.53,267.19,1,1,0.92765
213,42,1798.78,450.02,78.88,291.66,1,1,0.90872
213,33,314.33,346.5,83.21,181.68,1,1,0.84742
213,43,976.47,337.04,143.21,182.11,1,1,0.65934
214,3,397.81,317.03,90.42,242.23,1,1,0.77646
214,8,1421.63,455.36,112.53,277.94,1,1,0.96244
214,23,428.03,332.15,120.79,264.92,1,1,0.87451
214,44,1664.57,424.96,128.09,266.43,1,1,0.93841
214,42,1790.76,448.89,87.26,294.6,1,1,0.93042
214,33,301.85,348.36,84.89,171.98,1,1,0.82266
214,43,955.64,355.92,142.02,166.48,1,1,0.84227
215,3,396.92,318.66,90.97,241.87,1,1,0.77611
215,8,1420.64,455.98,111.49,277.9,1,1,0.96247
215,23,424.41,334.08,121.06,263.53,1,1,0.87423
215,44,1658.14,424.55,131.81,266.13,1,1,0.93837
215,42,1788.26,448.5,90.72,295.68,1,1,0.93011
215,33,298.6,349.16,85.65,168.46,1,1,0.82213
215,43,949.66,362.83,141.06,160.8,1,1,0.84218
216,8,1412.56,454.33,105.76,277.46,1,1,0.96232
216,23,405.66,341.02,121.17,259.29,1,1,0.88284
216,44,1643.2,423.87,130.62,259.98,1,1,0.94926
216,42,1777.46,449.42,99.19,298.24,1,1,0.94598
216,33,243.68,356.75,109.09,166.47,1,1,0.85718
216,43,935.94,344.7,120.63,178.62,1,1,0.85269
217,8,1409.91,450.05,100.3,279.56,1,1,0.96031
217,23,394.78,346.75,116.73,254.86,1,1,0.83388
217,44,1630.24,422.88,122.29,257.92,1,1,0.93376
217,42,1769.0,450.24,108.18,299.19,1,1,0.95324
217,33,205.93,364.94,129.53,177.05,1,1,0.83928
217,43,921.89,331.95,107.48,191.64,1,1,0.85603
218,8,1404.97,446.43,97.67,279.66,1,1,0.95766
218,23,385.46,348.76,119.44,253.72,1,1,0.84861
218,44,1616.44,421.49,113.71,259.52,1,1,0.94641
218,42,1758.17,450.9,117.87,299.61,1,1,0.95971
218,33,177.19,374.35,138.12,171.91,1,1,0.83922
218,43,891.18,331.31,111.96,190.81,1,1,0.86104
219,8,1400.08,442.06,96.45,281.73,1,1,0.95685
219,23,379.58,339.66,140.02,261.82,1,1,0.89066
219,44,1605.18,419.33,109.58,262.08,1,1,0.95642
219,42,1750.53,449.73,123.04,300.74,1,1,0.96153
219,33,155.8,384.64,151.18,163.13,1,1,0.82141
219,43,871.32,325.49,109.84,196.41,1,1,0.86793
220,8,1394.02,439.05,96.56,283.75,1,1,0.9561
220,23,374.4,337.22,151.71,264.06,1,1,0.91727
220,44,1592.76,415.02,112.13,265.66,1,1,0.95759
220,42,1744.37,447.06,125.86,301.94,1,1,0.96036
220,33,143.93,395.13,149.21,152.37,1,1,0.84672
220,43,851.94,318.98,114.91,203.71,1,1,0.88386
221,8,1388.49,437.93,98.48,281.17,1,1,0.95576
221,23,369.75,336.81,162.64,260.64,1,1,0.93108
221,44,1582.18,410.06,114.55,269.1,1,1,0.95743
221,42,1743.77,441.58,121.01,306.3,1,1,0.95874
221,33,142.36,404.89,138.35,138.69,1,1,0.83579
221,43,829.4,316.59,127.35,206.51,1,1,0.87371
222,8,1384.57,438.24,99.24,278.86,1,1,0.95905
222,23,362.64,335.73,175.03,257.08,1,1,0.94595
222,44,1568.51,406.05,118.71,269.48,1,1,0.95315
222,42,1742.89,436.02,117.25,311.11,1,1,0.95501
222,33,144.87,415.68,123.54,133.25,1,1,0.83386
222,43,812.97,316.81,119.21,208.86,1,1,0.87685
223,8,1379.64,438.56,100.95,278.39,1,1,0.95909
223,23,356.28,335.56,181.48,254.65,1,1,0.94564
223,44,1554.73,402.32,123.23,270.27,1,1,0.96063
223,42,1740.33,429.86,116.58,315.94,1,1,0.9539
223,33,142.39,425.69,110.19,127.46,1,1,0.84209
223,43,797.51,316.82,115.44,211.75,1,1,0.89142
224,8,1378.37,439.04,101.56,278.24,1,1,0.95916
224,23,354.48,335.84,183.89,253.78,1,1,0.94521
224,44,1550.2,401.3,124.92,270.55,1,1,0.96066
224,42,1739.88,427.83,116.31,317.73,1,1,0.95385
224,33,142.86,429.23,105.31,125.53,1,1,0.84186
224,43,792.97,317.2,114.0,212.8,1,1,0.89156
225,8,1373.97,439.82,105.6,278.69,1,1,0.96286
225,23,346.32,336.31,189.08,252.46,1,1,0.93773
225,44,1534.47,398.08,121.77,266.75,1,1,0.95636
225,42,1735.17,423.28,120.72,312.3,1,1,0.95089
225,33,136.04,442.63,78.48,117.55,1,1,0.72076
225,43,767.51,315.47,113.85,215.81,1,1,0.89264
226,8,1370.93,439.24,111.36,281.51,1,1,0.9641
226,23,344.62,334.47,189.01,255.3,1,1,0.93532
226,44,1521.41,396.8,117.19,266.79,1,1,0.95302
226,42,1729.57,421.55,125.53,312.48,1,1,0.95476
226,43,746.14,315.46,113.08,217.17,1,1,0.89677
227,8,1366.29,434.31,118.09,287.88,1,1,0.9596
227,23,346.5,331.16,182.2,257.43,1,1,0.93517
227,44,1511.79,393.9,107.15,270.43,1,1,0.95365
227,42,1723.24,422.1,128.83,313.26,1,1,0.95162
227,43,722.82,316.88,120.54,216.17,1,1,0.90185
227,45,1819.74,584.54,79.41,294.25,1,1,0.81421
228,8,1364.57,432.75,120.72,290.29,1,1,0.95962
228,23,347.63,330.22,179.32,258.25,1,1,0.93435
228,44,1508.89,393.15,103.27,271.81,1,1,0.95386
228,42,1720.92,422.64,129.99,313.5,1,1,0.95127
228,43,714.42,317.79,123.31,215.68,1,1,0.90188
228,45,1818.99,585.02,80.46,290.82,1,1,0.81446
229,8,1358.62,420.57,125.74,300.25,1,1,0.94671
229,23,350.41,324.86,170.19,255.45,1,1,0.94605
229,44,1494.4,388.24,111.09,275.52,1,1,0.95003
229,42,1715.56,423.09,131.74,314.43,1,1,0.94779
229,43,703.09,322.15,116.44,211.72,1,1,0.87211
229,45,1807.23,575.58,96.5,319.92,1,1,0.88951
230,8,1355.63,415.14,126.52,301.67,1,1,0.93975
230,23,357.58,322.72,156.4,257.76,1,1,0.95393
230,44,1479.82,382.8,124.75,281.46,1,1,0.94666
230,42,1718.76,421.7,128.1,315.63,1,1,0.93757
230,43,681.03,325.13,125.53,210.54,1,1,0.89436
230,45,1794.58,568.09,112.53,329.39,1,1,0.86397
231,8,1352.44,411.2,126.57,300.43,1,1,0.93321
231,23,359.17,320.81,158.26,258.9,1,1,0.95551
231,44,1465.14,378.76,137.6,283.79,1,1,0.94264
231,42,1720.61,417.3,128.83,316.57,1,1,0.9111
231,43,665.24,329.43,129.42,206.48,1,1,0.89083
231,45,1782.97,566.76,124.67,333.45,1,1,0.88906
231,46,1843.43,319.3,75.1,264.94,1,1,0.80241
232,8,1350.19,410.32,125.58,294.8,1,1,0.92695
232,23,356.33,319.84,163.4,259.24,1,1,0.94327
232,44,1453.27,376.0,144.65,283.4,1,1,0.93645
232,42,1720.32,411.87,134.86,319.02,1,1,0.89614
232,43,649.18,331.62,139.42,204.33,1,1,0.89766
232,45,1774.98,564.81,133.22,337.9,1,1,0.91619
233,8,1350.07,410.67,124.9,293.16,1,1,0.93595
233,23,352.28,316.89,180.12,260.33,1,1,0.9379
233,44,1444.67,375.57,146.66,276.9,1,1,0.91689
233,42,1719.07,406.53,138.34,278.11,1,1,0.87257
233,43,630.51,330.22,154.59,205.32,1,1,0.90201
233,45,1765.48,564.03,142.64,338.1,1,1,0.91496
234,8,1350.3,409.92,117.28,294.66,1,1,0.92811
234,23,347.97,313.3,195.77,261.8,1,1,0.95064
234,44,1434.81,374.57,144.32,274.38,1,1,0.88764
234,42,1718.16,399.8,140.56,266.99,1,1,0.85397
234,43,612.63,327.1,167.09,207.94,1,1,0.92053
234,45,1757.26,565.65,147.61,333.65,1,1,0.90606
235,8,1351.11,410.17,115.45,295.77,1,1,0.91445
235,23,345.31,310.83,205.16,262.33,1,1,0.94141
235,44,1429.47,379.75,122.03,261.56,1,1,0.7094
235,42,1719.23,396.79,142.37,267.92,1,1,0.87477
235,43,597.79,326.48,176.2,208.49,1,1,0.92535
235,45,1750.35,568.52,151.25,328.93,1,1,0.91814
236,8,1351.69,410.41,114.95,296.79,1,1,0.9142
236,23,344.61,310.3,208.84,262.62,1,1,0.94229
236,44,1428.69,381.86,112.78,256.96,1,1,0.70808
236,42,1720.06,396.22,143.0,268.66,1,1,0.87465
236,43,592.7,326.63,179.78,208.73,1,1,0.92564
236,45,1748.22,569.86,152.33,327.18,1,1,0.91872
237,8,1350.52,407.43,113.35,300.72,1,1,0.91415
237,23,356.7,310.43,181.72,255.7,1,1,0.91853
237,44,1421.26,375.26,96.88,271.61,1,1,0.72257
237,42,1716.63,394.4,140.55,263.89,1,1,0.84625
237,43,556.44,328.85,197.89,204.17,1,1,0.91013
237,45,1738.29,571.94,150.85,321.33,1,1,0.92707
238,8,1350.76,403.17,111.61,305.97,1,1,0.91488
238,23,366.95,313.49,157.64,252.35,1,1,0.90924
238,42,1717.95,397.29,137.51,259.68,1,1,0.86949
238,43,518.0,338.62,217.86,196.65,1,1,0.89879
238,45,1730.55,574.15,145.73,322.56,1,1,0.93087
238,47,1645.83,298.8,111.1,279.33,1,1,0.89298
239,8,1350.54,397.03,113.4,311.81,1,1,0.91843
239,23,380.52,315.88,137.06,250.15,1,1,0.90183
239,42,1714.92,400.12,139.15,256.35,1,1,0.8933
239,43,505.9,356.02,209.81,179.93,1,1,0.88678
239,45,1724.68,574.04,146.17,331.59,1,1,0.94162
239,47,1629.96,297.3,112.17,284.24,1,1,0.90217
240,8,1350.43,395.26,113.95,313.69,1,1,0.91795
240,23,384.95,317.05,130.12,249.33,1,1,0.90217
240,42,1713.59,401.51,139.71,255.52,1,1,0.8945
240,43,501.82,362.62,205.77,173.77,1,1,0.88707
240,45,1722.46,574.23,146.12,334.85,1,1,0.94186
240,47,1624.31,297.04,112.51,286.01,1,1,0.90187
241,8,1348.56,382.29,120.68,327.01,1,1,0.93031
241,23,383.36,319.6,130.14,246.58,1,1,0.91388
241,42,1711.01,397.68,135.72,244.83,1,1,0.87427
241,43,499.1,376.88,174.94,163.72,1,1,0.83299
241,45,1716.91,562.6,149.66,347.22,1,1,0.94774
241,47,1586.02,292.06,118.77,286.7,1,1,0.90993
241,35,349.91,325.99,83.85,194.42,1,1,0.68983
242,8,1347.4,378.28,123.33,332.08,1,1,0.92991
242,23,382.47,321.47,130.19,245.66,1,1,0.91331
242,42,1709.8,397.2,134.03,240.92,1,1,0.87443
242,43,499.1,382.66,162.27,160.3,1,1,0.83331
242,45,1714.58,559.16,151.01,351.75,1,1,0.94792
242,47,1573.37,291.26,120.55,286.88,1,1,0.90972
242,35,340.79,326.23,83.86,194.34,1,1,0.6925
243,8,1346.65,377.11,119.5,327.49,1,1,0.93674
243,23,380.94,315.51,126.13,249.18,1,1,0.90443
243,42,1709.09,386.41,130.74,236.91,1,1,0.84688
243,43,484.18,384.24,154.18,155.27,1,1,0.84025
243,45,1712.43,548.17,148.09,364.51,1,1,0.93718
243,47,1528.91,281.96,149.67,285.39,1,1,0.91281
243,35,311.77,319.75,105.84,209.7,1,1,0.89678
244,8,1345.02,377.43,119.44,320.67,1,1,0.92943
244,23,385.72,311.1,119.34,253.63,1,1,0.88804
244,42,1708.9,379.23,129.79,236.27,1,1,0.83315
244,43,474.61,395.93,147.08,142.22,1,1,0.7679
244,45,1713.0,543.82,142.7,365.4,1,1,0.9235
244,47,1489.01,276.2,179.24,279.52,1,1,0.91561
244,35,296.58,317.69,116.1,213.02,1,1,0.89257
245,8,1342.55,378.48,123.42,315.27,1,1,0.90733
245,23,385.42,306.43,115.32,254.62,1,1,0.87445
245,42,1705.75,373.52,132.6,238.41,1,1,0.82335
245,45,1707.7,541.49,142.28,359.16,1,1,0.92111
245,47,1461.67,276.52,193.85,272.58,1,1,0.85692
245,35,283.09,313.89,124.56,218.2,1,1,0.86579
246,8,1341.71,379.49,124.7,313.2,1,1,0.90832
246,23,385.31,305.26,113.8,254.81,1,1,0.87375
246,42,1704.5,372.01,133.65,239.28,1,1,0.82183
246,45,1705.75,541.19,142.02,356.47,1,1,0.92007
246,47,1450.64,277.16,199.93,270.59,1,1,0.85754
246,35,278.05,313.1,127.85,219.89,1,1,0.86606
247,8,1340.71,379.89,125.22,313.93,1,1,0.92188
247,23,383.67,300.75,113.27,255.15,1,1,0.86336
247,42,1700.07,370.32,136.74,242.58,1,1,0.80026
247,45,1704.49,543.48,139.55,353.74,1,1,0.90705
247,47,1438.51,273.02,192.3,280.4,1,1,0.82501
247,35,267.48,309.71,128.14,220.18,1,1,0.86327
247,43,386.95,327.25,211.44,216.12,1,1,0.76229
248,8,1339.27,380.35,125.27,314.49,1,1,0.91243
248,42,1698.09,369.06,138.2,237.77,1,1,0.82396
248,45,1700.4,546.46,140.49,355.6,1,1,0.92628
248,35,261.15,303.2,130.51,221.65,1,1,0.86483
248,43,373.95,307.38,214.32,239.88,1,1,0.86886
248,44,1275.64,328.78,102.78,286.09,1,1,0.80036
249,8,1337.33,379.3,125.39,317.28,1,1,0.91318
249,42,1693.03,369.61,142.37,240.09,1,1,0.84311
249,45,1692.88,550.52,144.1,355.43,1,1,0.94564
249,35,252.4,297.64,145.7,223.94,1,1,0.87152
249,43,372.81,303.46,201.07,246.34,1,1,0.88605
249,44,1258.93,327.02,111.02,293.67,1,1,0.84192
250,8,1340.14,376.62,120.94,321.05,1,1,0.91725
250,42,1690.43,371.25,144.08,240.88,1,1,0.8729
250,45,1690.54,554.73,142.66,354.38,1,1,0.9461
250,35,243.3,294.62,161.48,225.21,1,1,0.86298
250,44,1248.93,326.42,115.43,294.1,1,1,0.90019
250,23,389.27,301.36,155.3,249.34,1,1,0.86051
251,8,1341.3,369.74,120.08,328.99,1,1,0.93017
251,42,1691.26,374.1,141.3,236.82,1,1,0.86951
251,45,1690.04,555.84,137.54,355.23,1,1,0.94383
251,35,228.97,295.63,176.58,225.42,1,1,0.88373
251,44,1237.8,324.61,124.08,297.63,1,1,0.90782
251,23,390.81,298.38,153.83,251.31,1,1,0.89457
252,8,1340.17,362.15,121.39,336.59,1,1,0.92965
252,42,1696.88,375.26,138.37,228.53,1,1,0.82633
252,45,1690.59,554.37,130.19,359.27,1,1,0.93768
252,35,224.23,312.25,144.15,210.6,1,1,0.74683
252,44,1224.33,321.67,140.69,299.06,1,1,0.90317
252,23,397.1,295.32,148.14,252.33,1,1,0.85683
253,8,1339.35,357.91,121.36,339.3,1,1,0.94362
253,42,1695.65,372.88,140.0,226.66,1,1,0.83714
253,45,1688.9,548.83,126.43,363.36,1,1,0.95118
253,35,224.69,320.87,128.37,201.2,1,1,0.68434
253,44,1211.84,320.26,152.35,303.51,1,1,0.89629
253,23,400.69,291.28,153.89,252.28,1,1,0.86855
253,43,295.03,402.32,140.42,135.83,1,1,0.65295
254,8,1337.78,354.03,123.08,343.49,1,1,0.94066
254,42,1696.65,368.56,141.16,223.45,1,1,0.83799
254,45,1687.57,542.32,122.61,368.29,1,1,0.94667
254,44,1199.72,319.82,151.98,304.84,1,1,0.91164
254,23,401.18,288.63,142.48,253.16,1,1,0.78662
254,43,268.62,331.33,139.42,195.92,1,1,0.80823
255,8,1334.45,350.75,126.22,343.97,1,1,0.9426
255,42,1694.43,364.8,142.56,225.05,1,1,0.84657
255,45,1683.18,535.39,120.76,374.73,1,1,0.94459
255,44,1188.19,323.14,143.01,303.8,1,1,0.90958
255,23,400.69,286.87,158.0,241.6,1,1,0.71027
255,43,249.11,327.01,149.97,192.82,1,1,0.68762
256,8,1332.01,347.86,128.03,343.2,1,1,0.95292
256,42,1689.9,361.29,144.8,222.48,1,1,0.83941
256,45,1677.57,530.82,121.54,378.23,1,1,0.9431
256,44,1176.08,325.89,136.26,301.52,1,1,0.89569
256,23,414.68,287.17,145.43,205.52,1,1,0.8242
256,43,244.12,328.45,142.53,145.35,1,1,0.6778
256,35,235.23,328.3,146.17,189.02,1,1,0.68112
257,8,1331.64,346.01,129.01,341.48,1,1,0.95564
257,42,1686.11,358.99,145.53,221.52,1,1,0.80477
257,45,1672.05,525.78,123.5,384.21,1,1,0.94809
257,44,1169.2,318.54,132.44,309.69,1,1,0.92489
257,23,421.36,287.87,135.22,198.16,1,1,0.87564
257,43,243.74,334.95,143.61,159.57,1,1,0.73161
257,35,247.58,396.46,169.2,133.21,1,1,0.83212
258,8,1329.85,346.93,129.31,336.88,1,1,0.95795
258,42,1683.07,358.8,142.52,221.96,1,1,0.78744
258,45,1663.46,522.24,126.85,384.32,1,1,0.94029
258,44,1155.31,310.43,135.74,316.82,1,1,0.91765
258,23,425.59,283.21,127.87,217.63,1,1,0.8512
258,35,244.14,419.82,181.1,113.92,1,1,0.72325
259,8,1328.54,349.4,129.12,334.16,1,1,0.96091
259,45,1657.77,519.11,127.88,383.72,1,1,0.93326
259,44,1139.51,304.95,142.59,320.0,1,1,0.86664
259,23,428.87,280.59,121.85,235.65,1,1,0.73899
259,35,239.14,424.55,181.8,108.65,1,1,0.72479
259,43,229.7,353.48,150.27,163.75,1,1,0.66206
260,8,1327.81,350.97,130.09,333.07,1,1,0.95999
260,45,1653.95,522.97,126.86,377.3,1,1,0.92763
260,44,1124.56,301.94,145.77,317.59,1,1,0.85008
260,23,431.86,283.71,113.54,245.22,1,1,0.87103
260,35,230.52,408.4,182.3,128.28,1,1,0.78429
261,8,1329.39,351.75,128.41,332.12,1,1,0.96059
261,45,1651.71,527.06,127.21,372.1,1,1,0.9385
261,44,1120.78,301.3,138.01,314.81,1,1,0.71962
261,35,227.0,399.32,177.33,142.01,1,1,0.82581
261,42,1652.21,361.61,151.84,238.01,1,1,0.80842
262,8,1332.4,351.34,125.01,333.03,1,1,0.96061
262,45,1648.09,529.57,130.33,369.15,1,1,0.94888
262,44,1117.66,299.79,131.04,292.3,1,1,0.67957
262,35,225.39,392.6,170.11,151.03,1,1,0.85843
262,42,1646.1,359.03,152.37,244.28,1,1,0.8266
262,23,435.36,271.66,116.65,259.8,1,1,0.79778
263,8,1336.38,349.12,121.39,336.02,1,1,0.95714
263,45,1646.06,531.02,132.88,368.24,1,1,0.9492
263,44,1111.73,294.23,129.58,291.51,1,1,0.8203
263,35,228.16,387.91,163.57,154.15,1,1,0.86812
263,42,1641.48,355.34,154.56,251.21,1,1,0.75971
263,23,439.52,274.07,121.87,257.39,1,1,0.86513
264,8,1338.54,343.1,118.21,338.65,1,1,0.95034
264,45,1644.3,529.01,136.8,369.7,1,1,0.95396
264,44,1099.88,294.66,130.56,296.02,1,1,0.88585
264,35,223.59,385.1,157.87,153.84,1,1,0.88807
264,42,1639.41,347.24,153.43,258.1,1,1,0.81927
264,23,444.15,278.8,125.92,250.7,1,1,0.88074
264,46,1859.6,275.13,59.42,255.43,1,1,0.7658
265,8,1339.57,337.52,116.93,342.2,1,1,0.93476
265,45,1642.43,525.86,141.03,371.7,1,1,0.95375
265,44,1088.42,296.95,129.03,297.63,1,1,0.91145
265,35,220.42,384.36,152.88,152.72,1,1,0.87908
265,42,1639.0,340.47,152.0,258.01,1,1,0.80038
265,23,448.18,283.25,123.1,245.14,1,1,0.89609
265,49,956.72,246.57,144.63,282.78,1,1,0.87264
265,46,1843.59,225.43,75.82,298.43,1,1,0.86049
266,8,1340.29,329.61,117.82,351.16,1,1,0.92523
266,45,1641.19,520.23,143.16,377.29,1,1,0.95179
266,44,1076.76,298.55,127.6,297.79,1,1,0.90798
266,35,241.65,383.11,135.95,127.25,1,1,0.66359
266,42,1640.23,333.87,149.72,259.62,1,1,0.85401
266,23,451.28,285.81,129.89,242.22,1,1,0.91301
266,49,949.16,241.14,133.47,285.1,1,1,0.87248
266,46,1831.06,210.0,88.7,306.42,1,1,0.845
266,43,207.33,400.86,138.27,134.41,1,1,0.81169
267,8,1340.94,324.92,114.1,353.14,1,1,0.92262
267,45,1640.24,512.37,144.84,384.43,1,1,0.9494
267,44,1068.16,295.38,121.13,302.15,1,1,0.92003
267,35,239.92,370.91,146.05,142.48,1,1,0.70564
267,42,1641.19,328.71,147.03,257.77,1,1,0.78334
267,23,454.4,293.26,135.44,233.19,1,1,0.92231
267,49,936.39,236.15,126.93,288.61,1,1,0.87264
267,46,1815.96,206.11,103.85,319.42,1,1,0.79387
267,43,200.13,391.62,137.32,146.04,1,1,0.74583
268,8,1340.22,323.08,114.1,353.7,1,1,0.9269
268,45,1639.88,506.81,145.17,388.54,1,1,0.95321
268,44,1055.07,293.31,122.8,305.87,1,1,0.91107
268,42,1640.85,326.39,142.42,244.26,1,1,0.82646
268,23,456.15,307.91,133.91,215.49,1,1,0.92117
268,49,917.11,228.96,130.59,293.31,1,1,0.88218
268,43,197.43,395.06,153.08,141.79,1,1,0.74935
269,8,1337.38,322.7,116.15,350.36,1,1,0.92514
269,45,1638.34,501.95,147.06,392.17,1,1,0.95444
269,44,1044.51,290.63,120.45,307.25,1,1,0.9096
269,42,1636.45,326.16,145.45,236.66,1,1,0.90527
269,23,459.68,325.28,127.75,197.21,1,1,0.89303
269,49,900.77,222.12,129.57,300.28,1,1,0.8989
269,43,196.75,397.39,186.79,130.9,1,1,0.74518
269,46,1817.0,289.27,101.72,326.44,1,1,0.66398
270,8,1333.35,323.48,121.94,345.92,1,1,0.92208
270,45,1636.37,500.47,146.82,390.2,1,1,0.95071
270,44,1025.1,285.86,125.42,312.98,1,1,0.90885
270,42,1630.78,327.68,151.63,232.47,1,1,0.89731
270,23,461.19,340.77,126.37,187.19,1,1,0.85545
270,49,875.93,218.08,136.66,302.77,1,1,0.90223
270,43,196.62,396.0,196.44,136.0,1,1,0.85637
270,46,1839.09,312.43,78.89,323.39,1,1,0.87096
