1,0,1147.59,549.9,133.79,157.04,1,1,0.94071
1,1,43.66,455.31,135.59,186.94,1,1,0.93665
1,2,458.36,451.53,93.11,212.25,1,1,0.93227
1,3,525.15,534.73,107.75,183.0,1,1,0.93094
1,4,1679.45,441.91,91.83,202.72,1,1,0.92572
1,5,874.75,603.73,112.14,278.43,1,1,0.92547
1,6,673.04,597.34,102.09,231.64,1,1,0.91199
1,7,961.38,377.9,98.45,173.32,1,1,0.91057
1,8,1378.98,518.15,141.32,192.34,1,1,0.90706
1,9,751.04,542.71,124.08,168.29,1,1,0.88592
1,10,1020.89,514.98,106.86,138.73,1,1,0.87014
1,11,975.83,542.32,97.78,155.53,1,1,0.85495
1,12,899.94,522.65,85.02,133.52,1,1,0.7477
2,0,1147.43,547.54,134.72,157.51,1,1,0.94166
2,1,43.95,453.21,135.04,186.52,1,1,0.93888
2,2,457.88,449.53,93.55,212.36,1,1,0.92967
2,3,525.1,532.73,107.82,183.06,1,1,0.93056
2,4,1679.52,439.84,91.67,202.48,1,1,0.92577
2,5,874.53,601.74,112.66,278.08,1,1,0.9242
2,6,672.68,595.05,102.7,231.58,1,1,0.91511
2,7,961.8,375.71,99.12,171.53,1,1,0.91015
2,8,1379.87,516.43,139.88,191.36,1,1,0.90617
2,9,750.36,531.26,124.55,177.47,1,1,0.88844
2,10,1020.21,512.98,107.31,138.35,1,1,0.86702
2,11,975.53,539.73,98.06,155.62,1,1,0.85252
2,12,900.28,520.02,84.93,133.73,1,1,0.76151
3,0,1148.18,543.41,134.95,157.27,1,1,0.93861
3,1,44.15,448.53,135.9,187.46,1,1,0.93171
3,2,458.39,445.52,93.71,213.31,1,1,0.92466
3,3,526.19,528.58,107.78,183.11,1,1,0.92377
3,4,1680.18,436.44,91.64,201.92,1,1,0.92275
3,5,875.34,597.58,112.78,278.29,1,1,0.91748
3,6,673.89,590.15,102.32,231.93,1,1,0.90927
3,7,962.81,372.42,99.61,170.64,1,1,0.90756
3,8,1380.15,512.24,139.98,191.47,1,1,0.89884
3,9,751.7,535.02,123.9,169.5,1,1,0.88053
3,10,1020.58,508.73,107.06,138.3,1,1,0.86424
3,11,976.81,536.57,98.22,154.11,1,1,0.84777
3,12,900.71,515.92,85.82,134.0,1,1,0.77465
4,0,1148.22,540.01,134.98,157.92,1,1,0.93186
4,1,43.9,444.96,136.66,188.76,1,1,0.91407
4,2,457.89,442.93,94.4,212.64,1,1,0.91232
4,3,526.24,525.7,107.99,183.45,1,1,0.91523
4,4,1680.12,433.81,91.53,202.01,1,1,0.91019
4,5,875.21,594.73,113.17,278.76,1,1,0.91005
4,6,673.79,587.36,102.36,232.23,1,1,0.901
4,7,962.86,368.86,100.23,170.24,1,1,0.90188
4,8,1380.31,509.28,140.07,191.65,1,1,0.89041
4,9,752.13,537.15,123.32,164.45,1,1,0.87288
4,10,1019.25,505.63,108.22,138.96,1,1,0.86139
4,11,977.3,534.4,98.02,153.76,1,1,0.84156
4,12,900.28,512.24,86.9,135.88,1,1,0.77741
5,0,1147.78,537.94,134.46,158.01,1,1,0.92926
5,1,43.56,442.6,137.55,189.45,1,1,0.91093
5,2,457.37,440.48,94.88,212.46,1,1,0.91084
5,3,526.3,522.78,108.2,184.21,1,1,0.91497
5,4,1680.14,431.61,91.85,202.17,1,1,0.90913
5,5,875.26,592.24,112.55,279.0,1,1,0.90716
5,6,673.77,585.03,102.41,232.25,1,1,0.9011
5,7,963.6,366.45,100.14,170.32,1,1,0.90187
5,8,1379.9,506.75,140.98,192.63,1,1,0.89141
5,9,752.29,537.88,123.03,161.64,1,1,0.87778
5,10,1019.58,503.19,107.54,138.59,1,1,0.86028
5,11,977.42,531.4,98.08,155.4,1,1,0.84315
5,12,899.9,509.88,87.2,134.8,1,1,0.74575
6,0,1147.33,534.91,134.57,158.01,1,1,0.92963
6,1,43.68,439.96,136.97,189.12,1,1,0.90849
6,2,456.87,437.18,95.24,212.56,1,1,0.90768
6,3,526.11,519.43,108.43,184.68,1,1,0.9151
6,4,1679.78,429.14,92.14,202.35,1,1,0.91032
6,5,875.11,589.67,112.19,278.98,1,1,0.904
6,6,673.63,581.85,102.54,232.56,1,1,0.9026
6,7,964.14,363.7,99.33,168.48,1,1,0.90232
6,8,1380.31,504.34,140.62,192.13,1,1,0.89413
6,9,752.39,533.17,122.57,163.12,1,1,0.87052
6,10,1018.39,500.78,108.98,137.81,1,1,0.85503
6,11,977.37,529.01,97.71,155.07,1,1,0.83626
6,12,900.02,507.84,86.99,135.3,1,1,0.68342
7,0,1146.33,533.73,134.7,158.03,1,1,0.93145
7,1,43.53,438.98,136.4,188.36,1,1,0.91444
7,2,455.71,435.88,95.14,212.5,1,1,0.91236
7,3,525.03,517.81,108.61,185.14,1,1,0.92039
7,4,1679.12,428.28,92.3,201.71,1,1,0.91391
7,5,874.29,588.4,112.22,278.92,1,1,0.91048
7,6,672.77,580.14,102.6,233.26,1,1,0.90525
7,7,964.49,362.78,98.03,166.88,1,1,0.9031
7,8,1379.63,503.33,140.31,191.46,1,1,0.89577
7,9,751.39,528.23,122.76,166.99,1,1,0.87364
7,10,1018.4,499.48,108.51,137.43,1,1,0.86157
7,11,976.54,527.35,97.29,155.62,1,1,0.84031
7,12,899.77,507.04,86.49,137.06,1,1,0.68777
8,0,1146.35,532.78,134.21,158.1,1,1,0.9325
8,1,43.53,437.78,136.08,188.0,1,1,0.91896
8,2,455.44,434.94,95.11,212.3,1,1,0.91452
8,3,524.63,517.06,108.36,184.94,1,1,0.9219
8,4,1679.22,427.51,91.98,200.81,1,1,0.91839
8,5,874.24,587.33,112.37,278.73,1,1,0.91135
8,6,672.65,578.87,102.51,233.73,1,1,0.90664
8,7,964.93,361.95,97.04,166.04,1,1,0.90339
8,8,1379.57,502.44,140.07,191.27,1,1,0.89568
8,9,750.89,525.12,122.88,169.16,1,1,0.87118
8,10,1018.39,498.55,108.52,137.16,1,1,0.86368
8,11,976.28,525.62,96.89,155.79,1,1,0.84046
8,12,899.77,505.96,86.25,138.21,1,1,0.68327
9,0,1146.19,531.78,134.28,157.93,1,1,0.93011
9,1,43.35,436.58,136.24,187.99,1,1,0.9167
9,2,455.03,433.69,95.37,212.43,1,1,0.91135
9,3,524.49,515.97,108.76,184.85,1,1,0.91946
9,4,1678.98,426.69,91.83,200.54,1,1,0.9151
9,5,874.3,586.03,112.32,279.04,1,1,0.90781
9,6,672.64,578.13,102.3,232.91,1,1,0.90227
9,7,964.4,361.27,97.18,165.88,1,1,0.90581
9,8,1379.2,500.94,139.99,191.75,1,1,0.89229
9,9,750.24,524.45,123.31,169.0,1,1,0.87147
9,10,1017.43,497.57,109.32,136.94,1,1,0.86263
9,11,976.05,524.31,96.72,155.85,1,1,0.84156
9,12,899.64,505.27,86.37,138.03,1,1,0.65433
10,0,1145.33,531.2,134.93,158.2,1,1,0.9311
10,1,43.03,435.42,135.85,188.3,1,1,0.91808
10,2,454.51,432.71,95.1,212.5,1,1,0.91151
10,3,524.05,515.61,108.55,184.71,1,1,0.91807
10,4,1678.57,426.41,91.78,200.42,1,1,0.91436
10,5,873.94,585.68,112.19,278.85,1,1,0.90612
10,6,672.3,577.9,102.01,232.18,1,1,0.90415
10,7,963.56,360.95,97.08,165.73,1,1,0.90551
10,8,1378.81,500.02,139.24,191.86,1,1,0.8919
10,9,749.86,524.99,123.64,167.84,1,1,0.87603
10,10,1016.77,497.29,109.95,136.85,1,1,0.86222
10,11,975.64,523.95,96.21,155.32,1,1,0.84007
10,12,898.87,504.48,86.82,134.2,1,1,0.68409
11,0,1144.77,530.65,134.97,157.85,1,1,0.93333
11,1,42.39,434.9,135.55,187.92,1,1,0.92035
11,2,453.8,431.98,95.07,212.56,1,1,0.91431
11,3,523.46,514.79,108.56,184.6,1,1,0.92206
11,4,1677.87,425.96,91.63,200.33,1,1,0.91685
11,5,873.43,584.84,111.9,278.72,1,1,0.90719
11,6,671.43,577.48,102.41,231.56,1,1,0.90545
11,7,962.31,360.95,96.8,165.12,1,1,0.90518
11,8,1378.0,499.62,139.3,191.43,1,1,0.89532
11,9,748.91,525.85,124.21,166.14,1,1,0.88437
11,10,1016.14,496.86,110.46,136.82,1,1,0.86391
11,11,975.04,523.42,96.03,154.42,1,1,0.84392
11,12,898.23,503.89,86.68,131.68,1,1,0.70192
12,0,1144.67,527.64,135.33,157.64,1,1,0.93642
12,1,42.17,431.41,135.21,187.73,1,1,0.92825
12,2,453.36,428.5,94.75,212.37,1,1,0.92039
12,3,523.01,511.39,107.88,184.52,1,1,0.92626
12,4,1677.6,422.88,91.24,200.33,1,1,0.92074
12,5,872.98,581.46,112.21,278.35,1,1,0.91525
12,6,671.06,574.76,102.54,231.15,1,1,0.90733
12,7,961.37,358.26,97.21,165.24,1,1,0.91013
12,8,1377.89,496.8,139.25,190.61,1,1,0.90519
12,9,748.36,521.11,124.61,167.03,1,1,0.88161
12,10,1016.82,492.65,110.02,137.65,1,1,0.86717
12,11,974.98,519.28,96.28,155.34,1,1,0.85211
12,12,898.36,500.73,86.58,131.91,1,1,0.6863
13,0,1146.57,527.28,134.97,157.46,1,1,0.93451
13,1,43.53,430.46,135.58,187.96,1,1,0.92737
13,2,454.69,427.43,94.58,212.52,1,1,0.92014
13,3,524.2,510.55,108.61,184.75,1,1,0.92357
13,4,1678.85,422.22,91.78,199.91,1,1,0.92119
13,5,874.23,580.32,113.29,278.64,1,1,0.91875
13,6,672.29,574.14,102.92,231.39,1,1,0.90568
13,7,962.18,358.1,97.45,164.68,1,1,0.90933
13,8,1379.69,495.89,138.74,190.93,1,1,0.90356
13,9,750.39,522.74,123.84,164.73,1,1,0.89036
13,10,1017.57,492.16,110.47,137.7,1,1,0.86772
13,11,976.19,517.68,96.39,156.48,1,1,0.85319
13,12,900.22,499.8,86.37,139.36,1,1,0.69797
14,0,1147.42,527.65,134.99,157.43,1,1,0.93492
14,1,44.02,430.96,135.68,188.04,1,1,0.92581
14,2,455.19,427.84,94.11,212.19,1,1,0.92053
14,3,524.99,511.11,108.73,184.43,1,1,0.92181
14,4,1679.29,422.65,92.08,199.89,1,1,0.92182
14,5,874.62,580.6,113.66,278.81,1,1,0.91745
14,6,672.94,574.36,102.73,231.66,1,1,0.90391
14,7,962.04,359.39,97.33,164.63,1,1,0.90986
14,8,1380.19,496.7,138.39,190.38,1,1,0.90255
14,9,751.16,523.08,123.46,164.66,1,1,0.88507
14,10,1018.61,492.7,110.38,137.39,1,1,0.86987
14,11,976.88,517.97,96.17,156.65,1,1,0.85468
14,12,900.89,500.56,86.23,142.08,1,1,0.69135
15,0,1147.42,526.59,134.6,157.49,1,1,0.93426
15,1,44.11,429.92,135.8,188.26,1,1,0.92388
15,2,455.24,426.43,93.9,212.45,1,1,0.9211
15,3,524.64,509.78,109.18,184.71,1,1,0.9232
15,4,1679.19,421.87,92.03,199.91,1,1,0.92028
15,5,874.78,579.3,113.42,278.79,1,1,0.91816
15,6,672.83,573.39,102.83,231.67,1,1,0.90375
15,7,961.66,358.91,97.37,164.31,1,1,0.91152
15,8,1379.96,495.46,138.84,191.0,1,1,0.90201
15,9,751.57,523.93,123.07,163.08,1,1,0.89167
15,10,1018.8,491.51,110.09,137.86,1,1,0.86857
15,11,976.95,516.54,96.24,157.23,1,1,0.85572
16,0,1147.8,524.75,134.81,157.6,1,1,0.93454
16,1,44.37,427.93,136.32,187.94,1,1,0.92246
16,2,455.7,423.73,93.61,212.95,1,1,0.91596
16,3,525.48,507.08,109.05,184.96,1,1,0.92162
16,4,1679.38,419.9,92.19,199.9,1,1,0.91785
16,5,875.44,577.36,112.91,278.77,1,1,0.91715
16,6,673.85,570.23,102.69,232.54,1,1,0.9043
16,7,962.08,357.49,97.37,163.48,1,1,0.90954
16,8,1380.47,493.19,139.53,191.74,1,1,0.9011
16,9,752.38,520.08,123.44,164.81,1,1,0.885
16,10,1020.38,488.82,109.7,138.39,1,1,0.87148
16,11,977.47,514.81,97.42,157.47,1,1,0.85844
16,12,901.58,497.34,85.63,136.44,1,1,0.6736
17,0,1148.62,522.78,134.84,156.85,1,1,0.93884
17,1,45.17,425.81,135.99,187.25,1,1,0.92915
17,2,456.4,421.1,93.16,213.29,1,1,0.92143
17,3,526.38,505.1,108.86,184.44,1,1,0.92364
17,4,1680.12,417.41,92.0,199.92,1,1,0.92368
17,5,875.93,575.5,113.53,278.16,1,1,0.92515
17,6,674.55,567.51,102.71,232.86,1,1,0.90704
17,7,962.01,355.99,98.34,162.72,1,1,0.91034
17,8,1381.4,491.18,139.17,191.49,1,1,0.90594
17,9,753.31,518.09,123.32,164.49,1,1,0.89006
17,10,1021.84,486.5,108.97,138.42,1,1,0.87321
17,11,977.84,512.39,97.85,157.66,1,1,0.85969
17,12,902.59,495.5,84.87,138.97,1,1,0.70677
18,0,1148.82,519.6,134.86,156.81,1,1,0.93636
18,1,45.27,422.53,136.14,187.28,1,1,0.93029
18,2,456.33,416.87,92.81,214.86,1,1,0.91815
18,3,526.57,501.96,108.73,184.37,1,1,0.92018
18,4,1679.8,414.45,92.66,199.48,1,1,0.92236
18,5,875.75,572.05,113.69,278.49,1,1,0.91752
18,6,674.88,563.63,102.35,233.28,1,1,0.90281
18,7,960.89,352.7,99.32,162.61,1,1,0.90964
18,8,1381.48,488.25,138.87,191.23,1,1,0.89512
18,9,753.29,514.32,123.42,164.88,1,1,0.88
18,10,1022.25,483.06,108.52,138.89,1,1,0.8691
18,11,978.05,508.6,97.53,157.68,1,1,0.84707
18,12,902.51,491.97,85.47,137.8,1,1,0.7343
19,0,1148.59,515.87,135.74,156.67,1,1,0.93758
19,1,45.28,418.47,136.08,187.85,1,1,0.92229
19,2,455.78,411.98,92.41,215.35,1,1,0.91241
19,3,526.66,497.81,108.6,184.76,1,1,0.91677
19,4,1679.31,410.78,92.95,199.81,1,1,0.92092
19,5,875.7,568.14,113.89,278.74,1,1,0.91459
19,6,674.67,560.02,102.52,232.85,1,1,0.90058
19,7,959.64,348.02,100.0,163.21,1,1,0.91256
19,8,1381.6,484.67,138.74,190.93,1,1,0.8934
19,9,753.11,511.1,123.74,164.2,1,1,0.87899
19,10,1022.55,478.48,107.53,139.68,1,1,0.86729
19,11,978.13,504.59,97.21,157.21,1,1,0.85008
19,12,902.38,487.6,85.71,136.85,1,1,0.78057
20,0,1148.87,511.58,135.73,157.12,1,1,0.93437
20,1,46.09,414.61,135.96,187.47,1,1,0.91773
20,2,455.72,407.24,91.69,216.22,1,1,0.91641
20,3,527.34,493.19,108.79,185.44,1,1,0.91827
20,4,1679.87,406.78,93.43,200.15,1,1,0.91814
20,5,876.48,563.75,113.93,279.09,1,1,0.91447
20,6,675.57,555.95,101.99,232.92,1,1,0.90024
20,7,960.1,344.22,99.29,162.46,1,1,0.9135
20,8,1382.42,481.25,139.19,190.67,1,1,0.88965
20,9,753.94,509.28,123.33,161.96,1,1,0.88097
20,10,1022.41,474.86,107.87,139.28,1,1,0.86338
20,11,978.53,500.28,98.0,158.78,1,1,0.84867
20,12,903.41,483.25,84.96,139.11,1,1,0.76365
21,0,1149.08,507.08,135.03,157.51,1,1,0.93508
21,1,45.99,410.24,136.55,187.56,1,1,0.92097
21,2,454.77,402.7,92.13,217.1,1,1,0.91981
21,3,527.32,488.8,109.0,185.75,1,1,0.92123
21,4,1679.91,402.53,93.57,200.39,1,1,0.92023
21,5,876.73,559.84,113.51,278.39,1,1,0.91357
21,6,675.7,551.72,101.76,232.97,1,1,0.90092
21,7,960.39,339.88,98.37,162.66,1,1,0.91179
21,8,1382.41,477.96,139.12,189.56,1,1,0.88799
21,9,753.69,503.14,123.53,164.25,1,1,0.87547
21,10,1021.41,471.45,108.93,138.25,1,1,0.86443
21,11,978.64,496.28,97.67,158.3,1,1,0.8436
21,12,904.05,478.86,84.54,146.82,1,1,0.6655
22,0,1149.52,501.42,135.9,157.8,1,1,0.93394
22,1,46.07,404.33,136.57,187.92,1,1,0.92184
22,2,454.75,396.85,91.47,216.04,1,1,0.92349
22,3,527.84,483.63,108.48,185.7,1,1,0.92062
22,4,1680.16,397.66,93.51,200.55,1,1,0.92113
22,5,877.05,554.45,113.81,278.12,1,1,0.91298
22,6,676.09,546.5,101.3,232.97,1,1,0.89968
22,7,961.24,334.27,97.68,164.94,1,1,0.91491
22,8,1382.51,471.38,139.02,191.02,1,1,0.89219
22,9,753.97,495.36,123.43,166.7,1,1,0.87467
22,10,1022.13,466.0,109.0,138.38,1,1,0.86561
22,11,978.2,490.28,98.55,158.79,1,1,0.84182
22,12,903.78,473.07,84.96,139.92,1,1,0.70152
23,0,1149.59,486.83,135.66,157.97,1,1,0.93403
23,1,46.07,389.7,136.35,188.42,1,1,0.92475
23,2,454.33,383.12,90.84,219.25,1,1,0.91556
23,3,527.82,469.29,108.03,185.73,1,1,0.91465
23,4,1679.91,384.63,93.62,199.73,1,1,0.91403
23,5,876.85,540.42,113.62,277.84,1,1,0.91022
23,6,676.14,531.0,101.01,234.35,1,1,0.90023
23,7,960.8,319.76,98.01,165.76,1,1,0.91145
23,8,1382.04,456.56,138.78,191.71,1,1,0.88969
23,9,754.27,479.86,122.95,167.83,1,1,0.87386
23,10,1022.56,452.18,108.15,139.3,1,1,0.86171
23,11,977.35,476.76,99.45,158.48,1,1,0.84434
23,12,903.1,458.56,85.06,133.49,1,1,0.78733
24,0,1149.68,486.67,135.55,158.06,1,1,0.93451
24,1,46.19,389.52,136.2,188.56,1,1,0.92604
24,2,454.27,383.3,90.6,220.44,1,1,0.91699
24,3,527.91,469.15,107.82,186.12,1,1,0.91571
24,4,1679.95,385.06,93.66,199.38,1,1,0.91524
24,5,876.83,540.48,113.59,277.65,1,1,0.911
24,6,676.28,530.43,100.85,234.91,1,1,0.90157
24,7,960.73,319.65,98.17,165.89,1,1,0.91155
24,8,1381.96,456.26,138.7,192.04,1,1,0.89129
24,9,754.47,479.29,122.76,168.28,1,1,0.87532
24,10,1022.79,452.23,107.73,139.78,1,1,0.86152
24,11,977.04,476.97,99.93,158.42,1,1,0.84591
24,12,902.95,458.32,85.03,131.09,1,1,0.7895
25,0,1149.38,478.38,135.18,158.53,1,1,0.92763
25,1,45.44,381.02,137.33,189.35,1,1,0.91444
25,2,454.16,375.57,90.4,221.24,1,1,0.91618
25,3,527.69,460.74,108.26,186.83,1,1,0.91468
25,4,1679.64,377.33,94.3,199.3,1,1,0.90485
25,5,876.64,532.24,113.84,278.55,1,1,0.89858
25,6,675.88,521.87,101.4,235.6,1,1,0.897
25,7,960.77,312.08,98.45,164.93,1,1,0.905
25,8,1381.99,449.37,139.26,191.03,1,1,0.87735
25,9,754.3,472.15,122.46,167.39,1,1,0.87096
25,10,1021.3,444.78,109.26,138.37,1,1,0.85218
25,11,977.01,469.86,100.06,158.71,1,1,0.83258
25,12,902.1,449.98,85.61,129.94,1,1,0.73543
26,0,1148.22,469.88,136.45,158.61,1,1,0.92387
26,1,45.25,372.19,137.38,189.89,1,1,0.91388
26,2,454.16,367.19,90.14,220.96,1,1,0.91514
26,3,527.71,451.65,107.81,186.82,1,1,0.90807
26,4,1678.64,369.35,94.99,199.04,1,1,0.89804
26,5,876.4,523.84,113.56,278.83,1,1,0.89755
26,6,675.24,513.88,101.99,235.13,1,1,0.89111
26,7,961.2,303.12,99.06,166.19,1,1,0.90356
26,8,1381.39,441.15,140.21,191.12,1,1,0.8804
26,9,754.24,465.99,122.48,165.35,1,1,0.86966
26,10,1020.71,434.86,110.01,139.69,1,1,0.85176
26,11,976.63,460.25,99.88,159.73,1,1,0.82732
26,12,901.64,441.18,85.96,130.53,1,1,0.71492
26,13,700.86,431.72,109.97,120.77,1,1,0.72125
27,0,1148.74,462.88,136.34,158.18,1,1,0.93347
27,1,45.77,364.85,136.26,189.3,1,1,0.9297
27,2,454.53,360.4,89.81,221.38,1,1,0.92505
27,3,528.05,444.88,107.35,185.91,1,1,0.91825
27,4,1678.79,362.74,95.07,197.59,1,1,0.91054
27,5,876.41,515.95,113.7,279.09,1,1,0.90893
27,6,675.8,505.8,101.47,235.59,1,1,0.89669
27,7,960.91,295.95,98.95,167.96,1,1,0.90417
27,8,1381.32,432.95,140.03,192.03,1,1,0.88641
27,9,754.13,455.09,122.94,168.68,1,1,0.87195
27,10,1022.2,426.12,108.31,141.41,1,1,0.85902
27,11,976.53,452.43,100.08,159.6,1,1,0.83476
27,12,901.86,433.86,84.99,130.59,1,1,0.75836
28,0,1148.68,455.5,135.69,158.36,1,1,0.93035
28,1,45.79,357.71,136.2,188.93,1,1,0.92431
28,2,454.42,353.25,90.14,220.93,1,1,0.92202
28,3,527.4,436.95,108.14,186.86,1,1,0.91465
28,4,1679.17,356.11,94.67,196.96,1,1,0.91353
28,5,876.2,508.37,114.13,279.13,1,1,0.91194
28,6,675.89,498.72,101.23,235.37,1,1,0.89923
28,7,960.68,288.4,98.9,168.24,1,1,0.90401
28,8,1381.98,426.96,139.38,190.79,1,1,0.88471
28,9,753.95,448.58,123.12,167.88,1,1,0.87514
28,10,1021.53,419.22,108.71,140.7,1,1,0.85346
28,11,976.31,446.39,100.73,158.94,1,1,0.83485
28,12,902.05,426.95,84.37,130.28,1,1,0.7233
28,13,703.22,417.25,107.84,118.48,1,1,0.68521
29,0,1149.89,450.89,135.33,157.85,1,1,0.93987
29,1,46.34,353.74,136.1,187.7,1,1,0.92727
29,2,454.89,348.57,90.36,221.21,1,1,0.92698
29,3,527.5,432.89,108.94,186.13,1,1,0.92431
29,4,1680.05,352.65,93.75,195.4,1,1,0.9188
29,5,876.7,503.88,114.03,278.94,1,1,0.91865
29,6,676.76,495.66,100.86,233.52,1,1,0.90847
29,7,961.61,283.67,98.09,167.15,1,1,0.91104
29,8,1382.47,421.23,139.52,191.16,1,1,0.89713
29,9,754.37,442.81,123.1,168.63,1,1,0.88458
29,10,1021.82,415.65,109.25,139.09,1,1,0.86335
29,11,977.2,440.81,100.31,159.72,1,1,0.84277
29,12,902.94,422.53,84.53,134.31,1,1,0.64789
29,13,702.22,412.73,109.65,120.5,1,1,0.66936
30,0,1150.72,446.27,135.81,157.65,1,1,0.93922
30,1,47.08,349.28,135.73,187.16,1,1,0.92665
30,2,455.23,343.78,90.84,220.96,1,1,0.92571
30,3,528.28,429.07,109.04,185.19,1,1,0.92223
30,4,1681.57,348.47,92.66,194.09,1,1,0.92157
30,5,877.7,499.2,113.37,278.76,1,1,0.92061
30,6,677.47,492.43,101.04,232.07,1,1,0.90789
30,7,962.88,278.98,97.77,168.87,1,1,0.91467
30,8,1383.28,414.58,139.25,192.88,1,1,0.89996
30,9,754.77,435.65,123.62,171.17,1,1,0.88198
30,10,1022.79,411.42,109.66,138.0,1,1,0.86774
30,11,978.71,435.02,99.73,160.04,1,1,0.84643
31,0,1150.71,446.4,135.79,157.41,1,1,0.94029
31,1,47.07,349.6,135.53,186.72,1,1,0.92815
31,2,454.9,343.95,91.16,220.83,1,1,0.92802
31,3,528.27,429.5,109.05,184.74,1,1,0.92354
31,4,1681.9,348.82,92.22,193.53,1,1,0.923
31,5,877.78,499.22,113.08,278.81,1,1,0.92105
31,6,677.5,493.15,100.91,231.51,1,1,0.90987
31,7,963.04,279.04,97.61,169.66,1,1,0.91537
31,8,1383.21,413.97,139.14,193.5,1,1,0.90089
31,9,754.45,433.5,123.94,173.41,1,1,0.88253
31,10,1022.67,411.85,109.95,137.41,1,1,0.8686
31,11,978.88,434.86,99.6,159.99,1,1,0.8461
32,0,1150.57,447.14,136.28,157.4,1,1,0.93681
32,1,46.94,350.06,135.81,187.31,1,1,0.9219
32,2,454.64,344.5,91.47,220.98,1,1,0.92272
32,3,528.25,430.14,109.27,184.93,1,1,0.91886
32,4,1682.01,349.23,92.14,193.88,1,1,0.91727
32,5,878.1,500.02,112.8,278.66,1,1,0.91304
32,6,677.45,493.84,101.11,231.43,1,1,0.90296
32,7,963.04,279.4,97.74,169.76,1,1,0.9133
32,8,1383.11,413.95,139.43,194.13,1,1,0.89577
32,9,754.35,434.64,124.0,173.08,1,1,0.87456
32,10,1022.63,412.55,110.01,137.31,1,1,0.86882
32,11,979.19,435.63,99.4,159.68,1,1,0.84578
33,0,1150.93,450.13,136.72,156.62,1,1,0.93435
33,1,47.45,352.73,136.08,187.65,1,1,0.91492
33,2,455.18,347.66,91.43,220.79,1,1,0.92311
33,3,528.3,432.88,109.86,185.16,1,1,0.91491
33,4,1682.08,351.56,92.35,194.79,1,1,0.90888
33,5,878.45,502.64,113.03,278.53,1,1,0.91023
33,6,678.19,496.15,101.03,231.73,1,1,0.90102
33,7,963.64,281.82,97.53,168.62,1,1,0.90881
33,8,1383.42,417.61,139.09,192.96,1,1,0.88742
33,9,754.88,438.34,123.68,172.12,1,1,0.87096
33,10,1022.32,414.9,110.65,137.48,1,1,0.86189
33,11,979.44,438.58,99.36,159.51,1,1,0.84085
33,12,903.45,421.12,85.74,131.83,1,1,0.64515
33,13,704.73,411.39,107.99,119.38,1,1,0.66145
34,0,1150.6,452.03,135.9,157.18,1,1,0.93199
34,1,46.91,355.18,136.41,187.92,1,1,0.91533
34,2,454.18,350.17,91.82,220.48,1,1,0.91862
34,3,527.6,435.01,109.99,185.49,1,1,0.91156
34,4,1681.4,353.74,92.58,195.01,1,1,0.90476
34,5,877.96,504.69,113.19,278.89,1,1,0.90759
34,6,677.6,497.47,101.45,232.71,1,1,0.89787
34,7,962.85,283.97,97.98,168.05,1,1,0.90708
34,8,1382.83,420.26,139.09,192.55,1,1,0.88199
34,9,754.48,441.01,123.67,171.96,1,1,0.8636
34,10,1020.84,416.91,111.4,137.91,1,1,0.8574
34,11,978.86,441.22,99.07,159.3,1,1,0.83676
34,12,902.66,423.4,86.74,134.14,1,1,0.64153
35,0,1149.68,454.91,136.23,157.31,1,1,0.92783
35,1,46.6,358.96,136.78,187.61,1,1,0.90923
35,2,452.7,353.62,92.65,219.31,1,1,0.91338
35,3,527.22,437.56,110.14,186.1,1,1,0.90935
35,4,1681.01,356.31,92.21,195.57,1,1,0.90102
35,5,877.58,508.02,113.54,279.32,1,1,0.903
35,6,677.07,501.03,101.93,232.71,1,1,0.8903
35,7,961.52,286.5,99.36,168.95,1,1,0.90629
35,8,1382.69,423.41,139.35,192.66,1,1,0.87698
35,9,754.57,449.52,123.48,166.64,1,1,0.86864
35,10,1020.72,419.26,110.5,138.82,1,1,0.86365
35,11,977.47,445.78,100.35,158.48,1,1,0.84603
35,12,900.41,426.32,89.33,134.36,1,1,0.73526
35,13,703.11,417.15,109.31,120.94,1,1,0.73783
36,0,1150.26,459.07,136.48,157.34,1,1,0.93173
36,1,47.34,363.02,136.5,188.11,1,1,0.91646
36,2,452.4,358.38,92.95,218.96,1,1,0.91371
36,3,527.82,442.04,109.46,185.8,1,1,0.91156
36,4,1681.2,360.19,93.02,195.09,1,1,0.90391
36,5,877.76,512.12,114.11,279.63,1,1,0.90709
36,6,677.47,505.11,101.8,233.03,1,1,0.89536
36,7,961.55,290.86,100.52,169.9,1,1,0.90945
36,8,1383.44,427.73,138.62,192.56,1,1,0.88258
36,9,755.35,455.74,123.41,164.5,1,1,0.87402
36,10,1021.47,422.36,110.39,140.54,1,1,0.86101
36,11,978.55,449.48,100.18,158.6,1,1,0.84157
36,12,899.43,430.5,92.57,139.81,1,1,0.66641
36,13,705.05,421.42,107.49,118.97,1,1,0.70353
37,0,1149.42,461.59,136.62,156.63,1,1,0.93648
37,1,46.51,365.49,135.94,187.41,1,1,0.92293
37,2,450.72,361.78,93.36,218.5,1,1,0.91813
37,3,526.94,444.73,109.2,184.81,1,1,0.91551
37,4,1680.28,362.12,92.81,194.74,1,1,0.90938
37,5,876.72,514.78,114.41,278.31,1,1,0.91423
37,6,676.25,506.69,102.26,233.66,1,1,0.89879
37,7,960.29,292.86,101.13,171.04,1,1,0.9097
37,8,1382.73,430.11,138.4,191.96,1,1,0.88573
37,9,754.72,457.97,123.5,164.12,1,1,0.8811
37,10,1022.59,424.43,108.12,140.72,1,1,0.86829
37,11,977.36,451.59,100.03,157.56,1,1,0.84838
37,12,897.5,432.87,93.15,137.84,1,1,0.77164
38,0,1148.79,463.48,136.94,156.56,1,1,0.93502
38,1,45.95,367.43,135.65,187.13,1,1,0.92488
38,2,449.46,364.31,93.38,217.73,1,1,0.91724
38,3,526.3,446.35,109.02,184.82,1,1,0.91452
38,4,1679.44,363.5,92.69,194.79,1,1,0.91261
38,5,876.1,516.35,114.34,278.18,1,1,0.91557
38,6,675.53,507.87,102.21,233.95,1,1,0.89767
38,7,959.88,294.65,101.31,170.7,1,1,0.90854
38,8,1381.88,431.47,138.56,192.08,1,1,0.88843
38,9,753.69,456.63,123.67,166.96,1,1,0.87627
38,10,1022.13,426.28,108.14,140.53,1,1,0.86754
38,11,976.42,454.15,99.89,156.12,1,1,0.84249
38,12,898.26,435.19,91.61,135.35,1,1,0.77028
39,0,1147.63,463.17,136.95,156.84,1,1,0.93095
39,1,44.32,367.46,135.81,187.07,1,1,0.91998
39,2,446.99,365.18,93.83,216.74,1,1,0.91264
39,3,524.75,446.32,109.15,184.91,1,1,0.90759
39,4,1677.81,363.11,92.39,195.22,1,1,0.90399
39,5,874.63,516.22,114.48,278.28,1,1,0.91198
39,6,673.67,507.78,102.8,233.52,1,1,0.89217
39,7,958.85,294.71,101.4,170.25,1,1,0.90792
39,8,1380.56,431.12,138.44,192.16,1,1,0.88557
39,9,751.5,456.82,124.68,166.91,1,1,0.87692
39,10,1021.06,426.09,107.73,140.86,1,1,0.86923
39,11,973.89,454.29,100.88,155.27,1,1,0.85259
39,12,899.27,435.33,87.68,134.23,1,1,0.79674
40,0,1146.78,463.47,136.53,156.87,1,1,0.93097
40,1,43.18,367.61,135.86,187.14,1,1,0.92249
40,2,445.87,366.54,92.88,215.81,1,1,0.91583
40,3,523.46,446.51,108.99,185.0,1,1,0.90833
40,4,1676.63,363.19,92.44,195.25,1,1,0.90503
40,5,873.87,516.72,114.21,277.97,1,1,0.91303
40,6,672.16,507.85,103.15,233.53,1,1,0.89498
40,7,958.27,295.12,101.02,168.7,1,1,0.90719
40,8,1379.75,431.43,138.21,192.12,1,1,0.88496
40,9,750.15,458.26,125.04,165.62,1,1,0.8804
40,10,1020.08,426.58,107.24,140.63,1,1,0.86735
40,11,972.43,454.36,100.82,155.33,1,1,0.85077
40,12,899.68,435.72,86.01,134.03,1,1,0.78979
41,0,1146.67,463.01,136.42,156.88,1,1,0.92941
41,1,43.02,367.14,135.4,187.05,1,1,0.92059
41,2,445.15,366.59,92.3,215.35,1,1,0.91574
41,3,522.83,445.97,109.18,185.05,1,1,0.90615
41,4,1676.12,362.41,92.58,195.66,1,1,0.90248
41,5,873.57,516.1,114.2,277.91,1,1,0.91056
41,6,671.54,507.48,103.2,233.31,1,1,0.89306
41,7,957.97,294.49,100.89,167.81,1,1,0.90758
41,8,1379.34,431.02,138.32,191.97,1,1,0.88223
41,9,749.78,458.95,125.04,164.3,1,1,0.88282
41,10,1020.06,425.97,106.77,140.69,1,1,0.86665
41,11,971.95,453.75,100.55,155.62,1,1,0.848
41,12,899.89,435.56,85.51,134.7,1,1,0.77504
42,0,1146.25,462.85,136.66,156.96,1,1,0.93199
42,1,42.86,367.09,134.81,186.88,1,1,0.92057
42,2,444.53,366.57,91.95,215.12,1,1,0.91817
42,3,522.31,445.7,108.99,185.19,1,1,0.90723
42,4,1675.62,362.02,92.7,196.09,1,1,0.90549
42,5,873.15,515.98,113.81,278.22,1,1,0.91176
42,6,671.02,507.54,103.13,233.34,1,1,0.8955
42,7,957.61,294.29,100.66,167.56,1,1,0.90821
42,8,1378.64,431.06,138.6,191.82,1,1,0.88597
42,9,749.25,458.62,125.07,164.4,1,1,0.88114
42,10,1020.42,425.49,106.25,140.94,1,1,0.86667
42,11,972.1,453.29,99.94,155.86,1,1,0.85044
42,12,899.66,435.54,85.37,134.85,1,1,0.75325
43,0,1145.9,464.19,136.47,156.47,1,1,0.92927
43,1,42.68,367.99,134.94,187.05,1,1,0.91853
43,2,444.1,367.67,91.72,214.52,1,1,0.91488
43,3,522.26,446.83,108.69,185.03,1,1,0.90559
43,4,1675.41,362.89,92.86,196.02,1,1,0.9021
43,5,873.2,517.22,113.33,278.02,1,1,0.91078
43,6,670.74,508.85,103.36,232.64,1,1,0.89389
43,7,957.35,295.46,100.85,167.76,1,1,0.90541
43,8,1378.22,431.9,138.52,191.91,1,1,0.88407
43,9,748.95,460.05,125.37,164.04,1,1,0.88147
43,10,1019.24,427.08,107.45,140.64,1,1,0.86476
43,11,972.24,454.46,99.52,155.42,1,1,0.84701
43,12,898.71,436.32,86.34,133.22,1,1,0.78171
44,0,1146.63,463.5,136.34,156.57,1,1,0.93045
44,1,43.35,367.22,135.22,187.18,1,1,0.92042
44,2,444.55,367.22,91.62,214.38,1,1,0.91677
44,3,522.89,446.14,108.69,185.07,1,1,0.9072
44,4,1676.24,362.35,92.96,195.91,1,1,0.90447
44,5,873.89,516.39,113.52,278.38,1,1,0.90902
44,6,671.41,508.2,103.38,232.86,1,1,0.89469
44,7,958.1,294.69,100.74,167.13,1,1,0.90706
44,8,1379.09,431.34,138.62,191.94,1,1,0.88378
44,9,749.77,459.01,125.22,164.45,1,1,0.88142
44,10,1020.2,426.61,106.94,140.49,1,1,0.86436
44,11,973.85,453.08,98.61,156.2,1,1,0.85043
44,12,899.79,435.81,86.15,134.86,1,1,0.73376
45,0,1146.43,463.82,136.04,156.72,1,1,0.92937
45,1,43.01,367.67,135.25,187.04,1,1,0.9187
45,2,444.04,367.26,91.67,214.33,1,1,0.91565
45,3,523.0,446.14,108.55,185.23,1,1,0.90516
45,4,1676.12,362.43,92.91,196.13,1,1,0.9042
45,5,874.03,516.75,113.36,278.31,1,1,0.90953
45,6,671.33,508.2,103.2,233.0,1,1,0.89419
45,7,957.95,294.93,100.87,167.02,1,1,0.90778
45,8,1379.09,431.82,138.21,191.66,1,1,0.88514
45,9,749.66,460.39,125.18,163.29,1,1,0.88433
45,10,1019.96,426.93,106.96,140.42,1,1,0.86255
45,11,973.77,453.35,98.64,156.23,1,1,0.84915
45,12,899.6,435.91,86.28,135.29,1,1,0.75642
46,0,1146.05,464.34,136.03,156.94,1,1,0.92902
46,1,42.31,368.56,135.3,186.75,1,1,0.91869
46,2,443.15,367.31,91.79,214.26,1,1,0.91383
46,3,522.89,445.92,108.13,186.55,1,1,0.90546
46,4,1675.76,362.71,93.01,196.34,1,1,0.90197
46,5,873.84,517.36,113.29,278.37,1,1,0.90899
46,6,670.99,508.31,103.5,233.88,1,1,0.89406
46,7,957.49,295.44,101.39,167.62,1,1,0.90843
46,8,1378.59,432.46,138.04,191.32,1,1,0.88472
46,9,749.42,461.3,125.15,162.9,1,1,0.8857
46,10,1018.93,427.46,107.95,140.62,1,1,0.8644
46,11,973.38,453.47,99.17,156.97,1,1,0.8484
46,12,898.96,436.58,86.48,133.88,1,1,0.75336
47,0,1145.73,465.02,135.88,157.03,1,1,0.92762
47,1,41.99,369.14,135.64,187.01,1,1,0.91458
47,2,441.84,367.55,92.32,214.5,1,1,0.90824
47,3,522.89,445.91,107.99,187.46,1,1,0.90024
47,4,1675.25,362.89,93.31,196.71,1,1,0.89413
47,5,873.55,517.75,113.49,278.7,1,1,0.90567
47,6,670.44,509.0,104.23,233.84,1,1,0.88954
47,7,957.16,296.31,101.86,168.2,1,1,0.90887
47,8,1378.11,433.39,138.36,190.85,1,1,0.8822
47,9,749.41,462.29,125.09,162.71,1,1,0.88197
47,10,1018.56,427.72,108.1,140.95,1,1,0.86406
47,11,972.88,452.98,99.91,158.57,1,1,0.84062
47,12,898.55,437.13,86.95,134.1,1,1,0.73431
48,0,1144.49,464.27,136.94,158.87,1,1,0.9275
48,1,41.11,369.72,135.92,187.14,1,1,0.91708
48,2,439.73,367.77,93.5,214.91,1,1,0.91221
48,3,522.16,445.78,108.45,188.72,1,1,0.90076
48,4,1674.65,363.66,93.45,196.68,1,1,0.89589
48,5,872.73,518.76,114.02,278.28,1,1,0.9116
48,6,669.57,510.12,104.83,233.53,1,1,0.89341
48,7,956.33,297.07,101.73,169.24,1,1,0.9085
48,8,1377.02,433.26,139.1,192.05,1,1,0.8866
48,9,749.15,461.91,124.76,164.02,1,1,0.88218
48,10,1017.41,428.16,108.62,141.21,1,1,0.86747
48,11,971.45,450.77,101.18,161.83,1,1,0.85005
48,12,897.66,437.95,87.25,135.88,1,1,0.72655
48,13,694.76,428.59,110.23,118.37,1,1,0.66762
49,0,1143.11,461.31,137.61,161.82,1,1,0.92544
49,1,40.78,369.92,135.67,187.1,1,1,0.91724
49,2,437.85,367.84,94.18,215.06,1,1,0.91266
49,3,521.55,445.35,108.7,189.43,1,1,0.90017
49,4,1673.95,363.9,93.71,196.58,1,1,0.89412
49,5,872.26,519.55,114.85,277.74,1,1,0.91129
49,6,668.8,511.53,105.38,232.03,1,1,0.89778
49,7,955.52,297.58,101.49,168.31,1,1,0.91203
49,8,1376.27,432.6,139.79,192.89,1,1,0.8879
49,9,748.55,460.92,124.41,165.6,1,1,0.88072
49,10,1017.09,428.53,107.57,140.81,1,1,0.86845
49,11,970.07,446.66,102.35,165.68,1,1,0.85358
49,12,896.88,438.25,87.69,134.96,1,1,0.7621
50,0,1141.21,456.91,139.13,166.67,1,1,0.91937
50,1,40.6,370.56,135.32,186.98,1,1,0.91818
50,2,435.96,368.47,94.75,215.06,1,1,0.91626
50,3,521.06,444.31,108.9,191.25,1,1,0.89939
50,4,1673.3,364.63,93.92,196.21,1,1,0.89388
50,5,871.82,521.08,115.15,276.83,1,1,0.91171
50,6,668.09,511.65,105.68,232.62,1,1,0.89968
50,7,955.01,298.13,101.25,166.76,1,1,0.91104
50,8,1375.89,430.55,140.32,195.61,1,1,0.89265
50,9,747.8,461.36,124.2,166.05,1,1,0.8853
50,10,1017.62,428.44,106.0,141.39,1,1,0.8699
50,11,967.01,440.58,105.21,172.34,1,1,0.85912
50,12,896.1,439.07,87.8,131.74,1,1,0.79196
51,0,1139.55,451.86,141.16,172.9,1,1,0.92812
51,1,40.74,372.93,135.63,186.6,1,1,0.91929
51,2,434.56,370.63,95.86,214.49,1,1,0.92662
51,3,521.26,444.54,109.38,192.47,1,1,0.90871
51,4,1674.23,367.08,93.19,195.2,1,1,0.90254
51,5,872.52,523.7,115.09,275.82,1,1,0.92052
51,6,669.08,511.08,104.78,235.13,1,1,0.90499
51,7,955.79,300.29,100.48,164.82,1,1,0.90499
51,8,1376.05,429.37,140.75,198.61,1,1,0.898
51,9,747.93,461.02,123.63,168.67,1,1,0.89237
51,10,1018.52,428.89,105.76,142.56,1,1,0.87073
51,11,964.97,435.78,107.86,179.57,1,1,0.85854
51,12,896.33,441.87,87.01,128.02,1,1,0.80223
51,13,694.79,429.75,105.95,123.26,1,1,0.81683
52,0,1136.58,445.81,143.58,179.95,1,1,0.93344
52,1,40.44,374.7,135.17,186.22,1,1,0.92483
52,2,433.03,372.58,98.07,213.93,1,1,0.92624
52,3,520.76,443.51,109.77,194.86,1,1,0.91476
52,4,1674.21,369.2,93.21,194.46,1,1,0.91209
52,5,872.46,524.06,114.06,276.63,1,1,0.92188
52,6,669.34,510.53,103.76,236.67,1,1,0.90042
52,7,956.72,301.87,98.55,159.85,1,1,0.9022
52,8,1374.23,426.96,142.46,202.49,1,1,0.89975
52,9,747.39,458.8,123.57,171.93,1,1,0.89784
52,10,1018.42,428.95,106.01,144.33,1,1,0.8658
52,11,961.83,431.87,109.42,184.89,1,1,0.86264
52,12,895.69,444.87,86.06,125.98,1,1,0.71452
52,13,690.77,426.64,105.34,131.39,1,1,0.84269
53,0,1132.89,438.66,147.07,187.75,1,1,0.92928
53,1,40.26,375.68,135.25,186.28,1,1,0.92299
53,2,430.93,374.94,104.24,211.57,1,1,0.91476
53,3,520.71,440.99,110.5,197.56,1,1,0.91008
53,4,1673.59,370.45,94.57,193.96,1,1,0.90524
53,5,873.04,523.06,113.03,278.11,1,1,0.91989
53,6,669.61,513.4,101.39,233.09,1,1,0.89893
53,7,957.35,302.78,97.42,160.55,1,1,0.89485
53,8,1371.06,414.71,145.78,215.93,1,1,0.8928
53,9,745.91,457.85,124.78,173.24,1,1,0.90303
53,10,1017.58,427.25,106.66,146.96,1,1,0.87284
53,11,958.32,428.54,112.27,188.78,1,1,0.86653
53,12,894.63,446.45,87.45,124.86,1,1,0.68445
53,13,686.87,422.13,108.41,138.95,1,1,0.86226
54,0,1130.13,432.27,150.06,194.89,1,1,0.93522
54,1,40.51,376.42,135.27,186.15,1,1,0.92851
54,2,429.0,377.3,109.74,208.7,1,1,0.91633
54,3,520.81,437.83,111.23,199.68,1,1,0.91401
54,4,1672.48,371.28,97.54,193.3,1,1,0.90989
54,5,873.98,520.26,111.88,281.1,1,1,0.92069
54,6,671.24,517.91,95.35,225.81,1,1,0.88713
54,7,957.63,303.52,97.53,161.88,1,1,0.89077
54,8,1363.62,402.75,153.8,228.4,1,1,0.91327
54,9,744.74,455.47,126.69,175.75,1,1,0.90716
54,10,1016.54,424.5,107.59,150.67,1,1,0.86664
54,11,955.9,426.71,114.41,190.31,1,1,0.85598
54,13,682.49,416.96,109.06,146.02,1,1,0.87645
55,0,1128.93,426.34,152.79,201.52,1,1,0.93066
55,1,41.76,377.62,135.36,185.81,1,1,0.93054
55,2,428.71,380.78,113.67,203.63,1,1,0.91509
55,3,520.4,435.48,113.44,201.09,1,1,0.91757
55,4,1672.75,371.71,102.32,193.15,1,1,0.90512
55,5,876.44,519.92,110.58,282.06,1,1,0.92469
55,6,672.99,522.15,89.71,218.74,1,1,0.88859
55,7,958.82,304.68,98.23,161.54,1,1,0.89298
55,8,1353.58,406.16,165.06,225.28,1,1,0.89521
55,9,743.09,453.77,130.15,177.51,1,1,0.9049
55,10,1017.71,423.34,107.91,152.38,1,1,0.87223
55,11,955.05,426.52,115.96,189.8,1,1,0.85227
55,13,678.09,411.56,110.1,152.91,1,1,0.87882
56,0,1125.99,418.5,155.93,207.95,1,1,0.92931
56,1,42.14,377.05,134.99,185.34,1,1,0.9303
56,2,427.76,381.99,114.05,197.57,1,1,0.91813
56,3,515.13,431.81,118.51,201.67,1,1,0.91955
56,4,1671.26,370.37,111.18,190.01,1,1,0.90032
56,5,878.15,519.58,108.96,281.62,1,1,0.92854
56,6,673.01,524.02,86.73,212.89,1,1,0.88918
56,7,959.11,303.98,98.69,159.83,1,1,0.8932
56,8,1341.62,417.16,177.14,212.24,1,1,0.89882
56,9,739.85,450.1,133.32,180.0,1,1,0.9062
56,10,1015.54,420.36,111.76,153.91,1,1,0.85481
56,11,952.6,424.32,115.61,186.96,1,1,0.85959
56,13,673.83,405.45,107.47,158.17,1,1,0.8855
57,0,1122.05,410.83,160.73,213.14,1,1,0.93235
57,1,42.77,376.25,135.58,185.04,1,1,0.92915
57,2,427.97,383.62,111.11,191.47,1,1,0.91605
57,3,510.76,427.74,122.8,200.77,1,1,0.91821
57,4,1669.93,368.56,123.89,188.19,1,1,0.9083
57,5,881.03,521.99,106.32,279.05,1,1,0.91954
57,6,673.85,524.01,85.24,212.82,1,1,0.89141
57,7,960.11,302.93,98.33,158.31,1,1,0.88811
57,8,1331.64,406.77,188.54,221.22,1,1,0.91065
57,9,736.69,445.02,137.22,183.61,1,1,0.8998
57,10,1014.35,417.55,114.41,155.65,1,1,0.84783
57,11,951.93,422.07,113.41,182.44,1,1,0.85325
57,13,671.58,399.74,103.16,163.13,1,1,0.87449
57,12,889.59,443.46,84.3,119.72,1,1,0.76589
58,0,1114.56,405.32,166.02,217.23,1,1,0.92747
58,1,42.26,376.26,135.56,185.33,1,1,0.92827
58,2,426.45,386.66,107.0,184.41,1,1,0.90416
58,3,502.88,423.9,129.08,204.06,1,1,0.91639
58,4,1667.8,367.52,134.74,191.98,1,1,0.9186
58,5,882.76,526.51,103.2,274.67,1,1,0.91232
58,6,672.96,523.92,86.56,215.55,1,1,0.88905
58,7,959.9,302.92,98.35,155.89,1,1,0.88016
58,8,1329.92,394.08,191.05,234.18,1,1,0.92456
58,9,733.87,440.84,139.23,186.71,1,1,0.90459
58,10,1013.07,417.4,115.76,155.77,1,1,0.80153
58,11,949.73,420.0,112.77,184.12,1,1,0.84084
58,13,668.37,397.21,96.96,168.23,1,1,0.86633
58,12,887.43,441.05,85.29,122.18,1,1,0.75225
59,0,1109.35,400.89,166.19,218.24,1,1,0.93119
59,1,43.35,375.92,135.65,185.63,1,1,0.93021
59,2,423.27,389.47,107.46,178.41,1,1,0.90977
59,3,496.62,418.54,135.62,211.41,1,1,0.91887
59,4,1666.68,366.71,141.47,194.66,1,1,0.92443
59,5,885.5,530.6,105.27,268.54,1,1,0.91156
59,6,673.34,521.65,88.39,221.66,1,1,0.88616
59,7,961.59,302.57,98.4,153.1,1,1,0.87475
59,8,1327.73,384.73,193.45,243.45,1,1,0.93816
59,9,734.47,434.06,139.86,192.49,1,1,0.90679
59,11,948.88,416.31,114.85,189.93,1,1,0.85556
59,13,668.08,394.25,89.86,173.38,1,1,0.8398
59,12,886.44,436.18,84.81,131.95,1,1,0.80293
60,0,1105.41,397.4,157.63,216.89,1,1,0.93662
60,1,44.08,375.04,135.24,186.25,1,1,0.93217
60,2,410.37,392.2,118.2,176.52,1,1,0.91853
60,3,492.78,413.31,139.78,218.65,1,1,0.92447
60,4,1666.91,367.75,141.66,194.53,1,1,0.92401
60,5,887.59,537.31,102.73,262.55,1,1,0.92117
60,6,673.71,516.02,93.05,229.47,1,1,0.87354
60,7,962.49,302.42,97.02,151.06,1,1,0.87094
60,8,1325.52,380.47,188.54,246.24,1,1,0.93803
60,9,729.91,428.77,145.57,196.66,1,1,0.90364
60,11,948.15,415.74,116.83,193.18,1,1,0.84699
60,13,668.71,393.07,79.57,177.95,1,1,0.79945
60,12,885.25,433.05,85.68,146.89,1,1,0.82966
61,0,1104.59,395.63,143.56,213.77,1,1,0.92756
61,1,44.62,374.14,134.69,186.96,1,1,0.93578
61,2,391.87,394.38,132.64,178.47,1,1,0.91517
61,3,489.68,408.85,142.53,224.05,1,1,0.92697
61,4,1667.12,369.33,141.26,193.63,1,1,0.92435
61,5,888.13,545.4,99.75,255.64,1,1,0.93278
61,6,674.91,515.45,98.18,230.76,1,1,0.88155
61,7,962.92,302.41,97.5,145.31,1,1,0.84418
61,8,1323.83,380.37,175.35,243.5,1,1,0.93744
61,9,723.15,422.57,153.66,202.91,1,1,0.9053
61,11,946.96,418.05,118.31,193.21,1,1,0.86145
61,13,668.1,390.95,71.31,177.33,1,1,0.7574
61,12,884.9,432.28,87.11,161.61,1,1,0.86175
62,0,1100.68,393.75,126.94,211.39,1,1,0.92511
62,1,44.15,371.91,134.71,188.91,1,1,0.94034
62,2,375.0,394.19,142.93,183.0,1,1,0.91517
62,3,484.66,405.82,145.62,226.43,1,1,0.92385
62,4,1664.31,371.0,144.18,191.93,1,1,0.92937
62,5,887.25,552.33,100.0,249.71,1,1,0.93791
62,6,675.15,512.98,105.82,232.5,1,1,0.90253
62,7,962.48,301.84,98.65,143.07,1,1,0.81591
62,8,1318.15,381.06,162.54,240.6,1,1,0.94269
62,9,712.83,415.89,163.18,209.67,1,1,0.90047
62,11,944.68,421.15,119.96,190.56,1,1,0.86146
62,12,882.98,433.39,86.58,168.99,1,1,0.89505
63,0,1093.64,392.38,120.38,213.56,1,1,0.92918
63,1,43.42,370.22,134.54,191.64,1,1,0.94492
63,2,359.66,395.19,150.42,187.16,1,1,0.90903
63,3,476.46,405.15,144.77,226.68,1,1,0.91887
63,4,1660.79,374.43,148.3,189.49,1,1,0.93497
63,5,885.9,557.98,100.75,244.9,1,1,0.93619
63,6,673.68,512.62,116.97,231.01,1,1,0.89168
63,7,962.2,302.4,99.62,150.43,1,1,0.82453
63,8,1310.11,384.53,146.91,236.94,1,1,0.93914
63,9,699.15,411.72,171.44,211.31,1,1,0.89218
63,11,942.32,417.62,121.83,196.29,1,1,0.8763
63,12,880.6,437.09,86.71,171.32,1,1,0.89885
64,0,1083.43,390.78,125.0,217.92,1,1,0.92944
64,1,42.52,368.52,135.12,193.97,1,1,0.95401
64,2,349.69,394.56,153.73,195.87,1,1,0.90736
64,3,472.31,403.78,134.89,227.55,1,1,0.90388
64,4,1660.28,376.04,149.08,188.88,1,1,0.9389
64,5,883.84,559.02,104.48,243.58,1,1,0.93545
64,6,671.85,504.86,138.06,238.77,1,1,0.85406
64,7,962.06,302.44,101.58,158.62,1,1,0.87994
64,8,1298.59,386.28,139.6,235.25,1,1,0.9577
64,9,682.45,408.25,171.87,206.16,1,1,0.85062
64,11,940.73,414.81,122.89,200.69,1,1,0.8784
64,12,878.55,440.95,86.59,172.52,1,1,0.87331
65,0,1071.3,389.6,134.04,221.18,1,1,0.93231
65,1,41.15,367.38,135.37,197.0,1,1,0.95447
65,2,343.89,394.16,152.06,207.75,1,1,0.90986
65,3,467.55,403.6,121.21,227.37,1,1,0.89514
65,4,1658.46,377.76,150.59,191.4,1,1,0.93931
65,5,883.48,554.04,107.68,249.12,1,1,0.91934
65,6,671.36,493.96,147.9,251.06,1,1,0.8986
65,7,960.95,303.22,101.02,162.57,1,1,0.88433
65,8,1288.94,387.62,130.03,236.61,1,1,0.95798
65,11,938.05,412.15,124.72,205.47,1,1,0.87766
65,12,875.89,446.37,86.15,177.24,1,1,0.79106
66,0,1058.2,387.74,145.72,224.22,1,1,0.94086
66,1,39.55,365.53,135.66,200.13,1,1,0.95337
66,2,339.8,393.13,146.73,213.48,1,1,0.91704
66,3,458.67,403.63,110.02,227.34,1,1,0.90946
66,4,1653.12,378.35,155.59,195.83,1,1,0.94802
66,5,885.03,551.1,107.32,252.49,1,1,0.91228
66,6,672.5,496.31,149.89,249.97,1,1,0.91959
66,7,959.62,303.72,99.23,162.5,1,1,0.8851
66,8,1279.25,387.67,126.07,233.45,1,1,0.95435
66,11,932.12,408.5,129.99,210.22,1,1,0.88277
66,12,869.86,453.02,87.56,223.31,1,1,0.8512
66,9,667.6,412.6,110.0,198.65,1,1,0.76519
67,0,1047.61,384.51,156.18,226.54,1,1,0.93975
67,1,39.12,361.72,135.95,203.4,1,1,0.95502
67,2,338.4,390.58,140.04,217.01,1,1,0.92219
67,3,448.91,401.93,109.93,227.41,1,1,0.9238
67,4,1647.64,376.96,160.33,200.19,1,1,0.94708
67,5,887.99,549.05,104.96,251.82,1,1,0.91116
67,6,677.51,496.93,149.14,234.45,1,1,0.91233
67,7,958.17,302.64,99.21,160.69,1,1,0.86912
67,8,1266.39,386.92,134.78,228.53,1,1,0.94712
67,11,924.28,404.66,136.51,211.91,1,1,0.87889
67,12,864.29,458.88,84.04,237.29,1,1,0.86026
67,9,664.74,415.7,93.52,197.31,1,1,0.85996
68,0,1039.95,381.59,159.52,226.88,1,1,0.93643
68,1,39.23,358.91,136.24,206.36,1,1,0.95827
68,2,337.17,389.37,132.75,219.6,1,1,0.92939
68,3,438.36,401.16,117.0,227.04,1,1,0.93593
68,4,1641.82,376.37,162.06,205.98,1,1,0.94152
68,5,891.59,548.36,102.64,251.61,1,1,0.92608
68,6,685.56,495.58,145.11,225.98,1,1,0.9346
68,7,957.4,302.65,99.69,157.81,1,1,0.86819
68,8,1251.92,386.3,147.24,225.89,1,1,0.94129
68,11,916.27,398.03,141.91,217.7,1,1,0.88945
68,12,856.36,465.85,86.44,240.63,1,1,0.90218
68,9,663.41,415.28,87.34,203.71,1,1,0.87528
69,0,1030.85,379.1,149.06,224.2,1,1,0.92893
69,1,39.29,355.93,136.91,209.39,1,1,0.95981
69,2,335.08,388.05,126.94,222.95,1,1,0.93234
69,3,428.3,400.98,125.92,225.42,1,1,0.94321
69,4,1633.8,376.53,162.63,210.18,1,1,0.9476
69,5,894.09,546.16,100.76,251.46,1,1,0.92218
69,6,694.33,494.75,141.4,222.92,1,1,0.94882
69,7,958.29,302.74,98.37,151.12,1,1,0.87305
69,8,1239.53,384.09,159.49,228.59,1,1,0.95402
69,11,911.4,389.9,143.51,223.82,1,1,0.89782
69,12,849.47,470.3,91.53,242.05,1,1,0.92019
69,9,662.42,414.53,87.09,202.7,1,1,0.85465
70,0,1025.27,376.66,135.94,223.77,1,1,0.91682
70,1,41.02,353.14,136.62,211.53,1,1,0.95979
70,2,330.41,387.76,123.1,221.44,1,1,0.93352
70,3,417.35,399.45,135.88,226.08,1,1,0.94008
70,4,1626.61,376.42,163.5,212.24,1,1,0.94822
70,5,896.04,540.4,99.76,252.81,1,1,0.91368
70,6,701.26,494.09,141.39,223.17,1,1,0.95234
70,7,959.46,302.56,96.95,152.12,1,1,0.89071
70,8,1226.08,380.8,172.75,234.0,1,1,0.95144
70,11,906.54,382.32,142.81,229.43,1,1,0.89699
70,12,844.12,471.76,95.35,245.78,1,1,0.9155
70,9,662.6,419.26,92.29,196.12,1,1,0.83259
71,0,1021.48,376.59,124.72,220.15,1,1,0.90975
71,1,44.65,351.5,134.65,212.78,1,1,0.95369
71,2,322.04,387.82,122.26,220.22,1,1,0.92505
71,3,408.84,397.77,142.72,228.51,1,1,0.92893
71,4,1620.31,377.66,162.07,216.33,1,1,0.93447
71,5,894.79,535.32,101.17,256.7,1,1,0.90071
71,6,703.79,494.38,147.61,223.64,1,1,0.94286
71,7,960.74,303.72,95.92,150.86,1,1,0.87628
71,8,1213.33,378.56,184.63,242.3,1,1,0.95003
71,11,902.6,377.05,132.72,225.46,1,1,0.88226
71,12,841.73,472.68,96.81,249.27,1,1,0.89858
71,9,661.45,429.23,99.45,188.94,1,1,0.82999
71,14,537.68,395.15,85.11,200.15,1,1,0.81608
72,0,1013.65,374.32,121.44,223.88,1,1,0.91268
72,1,53.05,349.57,128.23,213.58,1,1,0.9519
72,2,308.43,387.16,126.15,220.27,1,1,0.9185
72,3,400.38,394.76,147.99,234.75,1,1,0.91735
72,4,1614.01,379.25,155.6,217.65,1,1,0.93096
72,5,897.67,526.94,99.65,257.71,1,1,0.89168
72,6,705.79,491.82,157.82,225.57,1,1,0.92669
72,7,962.98,304.76,93.74,148.71,1,1,0.84415
72,8,1205.83,377.17,189.67,246.62,1,1,0.9527
72,11,895.44,370.75,126.04,226.09,1,1,0.87585
72,12,840.36,471.18,98.41,253.02,1,1,0.88791
72,14,525.46,398.61,98.4,204.62,1,1,0.88139
73,0,1002.06,370.0,126.55,230.04,1,1,0.8998
73,1,66.05,348.21,117.28,213.62,1,1,0.95006
73,2,289.71,387.15,134.55,217.85,1,1,0.92197
73,3,395.59,392.24,148.81,246.74,1,1,0.91853
73,4,1608.44,381.53,138.26,215.4,1,1,0.94131
73,5,900.21,521.86,96.86,244.69,1,1,0.89112
73,6,707.2,485.84,170.66,230.99,1,1,0.91858
73,7,966.6,305.59,89.4,143.95,1,1,0.83813
73,8,1200.7,375.83,191.61,250.41,1,1,0.95428
73,11,891.07,368.07,122.46,227.77,1,1,0.85994
73,12,838.3,470.93,100.2,255.48,1,1,0.87925
73,14,510.05,399.58,114.12,210.65,1,1,0.88235
74,0,994.37,364.65,131.31,237.81,1,1,0.88874
74,1,79.3,348.41,106.17,214.2,1,1,0.94253
74,2,271.67,389.85,142.78,218.68,1,1,0.92543
74,3,391.02,392.71,139.21,252.15,1,1,0.90095
74,4,1600.97,385.72,124.12,214.19,1,1,0.93039
74,5,901.64,519.86,98.34,240.71,1,1,0.89716
74,6,713.92,479.02,193.86,240.22,1,1,0.86676
74,7,969.72,307.34,90.33,139.51,1,1,0.82799
74,8,1194.39,375.03,194.47,254.05,1,1,0.95094
74,11,885.44,366.98,121.55,219.0,1,1,0.80191
74,12,834.2,474.5,101.73,253.24,1,1,0.82601
74,14,495.3,401.41,126.95,212.02,1,1,0.87806
74,9,588.12,411.75,176.21,215.38,1,1,0.73716
75,0,988.46,371.26,134.87,230.22,1,1,0.88301
75,1,82.73,346.94,103.16,214.79,1,1,0.92006
75,2,256.49,391.46,146.6,221.33,1,1,0.9248
75,3,382.11,394.08,130.02,252.54,1,1,0.90388
75,4,1590.37,388.8,120.67,219.15,1,1,0.94475
75,5,900.89,515.72,104.02,242.76,1,1,0.89845
75,6,718.89,471.54,204.6,251.24,1,1,0.91438
75,7,971.71,307.82,98.02,127.7,1,1,0.82198
75,8,1185.14,372.12,192.58,258.13,1,1,0.94069
75,11,884.89,369.1,114.89,208.28,1,1,0.74696
75,14,478.51,402.51,139.18,213.36,1,1,0.87345
75,9,571.69,411.47,185.82,218.94,1,1,0.85298
76,0,979.95,375.04,139.52,226.7,1,1,0.8905
76,1,83.7,346.37,101.59,215.15,1,1,0.92773
76,2,244.83,393.44,149.72,225.77,1,1,0.93293
76,3,371.52,397.03,124.81,251.59,1,1,0.91161
76,4,1574.8,392.85,130.08,221.35,1,1,0.95215
76,5,901.6,509.61,106.66,248.09,1,1,0.91122
76,6,751.62,470.72,178.38,254.37,1,1,0.82511
76,7,973.43,308.41,105.8,122.29,1,1,0.84747
76,8,1175.67,370.97,171.73,258.89,1,1,0.94076
76,11,878.44,371.34,110.79,190.06,1,1,0.70866
76,14,465.98,404.81,137.83,212.27,1,1,0.88788
76,9,559.77,412.43,181.85,220.33,1,1,0.84726
77,0,971.33,379.92,134.52,222.63,1,1,0.86918
77,1,84.56,345.21,100.28,216.62,1,1,0.93895
77,2,237.38,394.92,148.27,227.72,1,1,0.92788
77,3,359.92,399.61,121.2,250.19,1,1,0.91815
77,4,1562.12,395.56,138.62,220.96,1,1,0.94361
77,5,904.71,503.38,104.25,253.52,1,1,0.90638
77,7,977.03,307.43,107.8,120.97,1,1,0.84369
77,8,1165.99,369.34,157.58,260.64,1,1,0.94669
77,14,456.17,408.21,130.2,210.29,1,1,0.88465
77,9,544.51,415.31,123.66,199.25,1,1,0.84759
77,12,816.0,474.07,114.88,257.85,1,1,0.87244
78,0,964.25,383.34,127.71,208.29,1,1,0.85905
78,1,85.14,343.85,99.3,216.31,1,1,0.94307
78,2,232.97,396.44,149.42,228.5,1,1,0.92433
78,3,350.65,401.26,117.8,248.94,1,1,0.92056
78,4,1545.98,396.07,146.64,220.59,1,1,0.94312
78,5,907.25,501.42,103.98,252.52,1,1,0.91439
78,7,977.61,305.34,111.96,131.31,1,1,0.8302
78,8,1154.77,368.02,153.04,261.18,1,1,0.94044
78,14,443.59,409.84,129.3,208.75,1,1,0.8774
78,9,532.75,415.5,101.98,186.98,1,1,0.87304
78,12,815.33,472.02,114.83,259.93,1,1,0.90793
78,11,872.35,377.14,100.54,158.51,1,1,0.69343
79,0,959.77,384.21,127.38,205.94,1,1,0.86195
79,1,85.29,343.47,99.83,215.73,1,1,0.94571
79,2,230.63,398.39,143.93,227.52,1,1,0.92642
79,3,341.81,402.76,121.42,248.19,1,1,0.92086
79,4,1528.44,396.02,159.49,221.5,1,1,0.94583
79,5,908.42,493.9,103.87,257.12,1,1,0.9039
79,7,978.93,303.92,113.94,141.3,1,1,0.80699
79,8,1143.62,368.22,150.1,262.01,1,1,0.91838
79,14,427.92,411.36,138.98,209.13,1,1,0.87442
79,9,522.95,417.0,101.91,184.77,1,1,0.88805
79,12,813.62,471.35,115.9,261.4,1,1,0.88598
79,15,563.34,243.25,56.8,193.4,1,1,0.73218
79,11,869.95,380.21,94.12,146.02,1,1,0.67959
80,0,961.89,383.06,121.49,198.8,1,1,0.84324
80,1,90.55,342.25,100.15,214.97,1,1,0.95319
80,2,233.47,399.87,124.7,226.55,1,1,0.92303
80,3,327.71,405.55,136.45,243.9,1,1,0.9142
80,4,1500.54,395.47,176.85,223.66,1,1,0.93969
80,5,913.94,483.23,103.15,251.0,1,1,0.89181
80,7,981.71,302.02,113.71,143.87,1,1,0.82813
80,8,1123.95,369.25,150.46,255.67,1,1,0.92884
80,14,410.67,410.45,140.06,212.93,1,1,0.8865
80,9,511.25,417.07,112.31,202.88,1,1,0.91222
80,12,814.3,471.61,112.6,259.07,1,1,0.89384
80,15,564.29,254.42,56.4,184.8,1,1,0.6593
80,11,866.99,384.19,89.91,139.3,1,1,0.80307
81,0,963.74,382.63,119.27,196.29,1,1,0.84289
81,1,93.03,341.8,100.37,214.66,1,1,0.95303
81,2,235.8,400.37,117.23,226.13,1,1,0.92333
81,3,323.24,406.6,142.03,242.21,1,1,0.91446
81,4,1490.43,395.18,183.68,224.45,1,1,0.93968
81,5,916.64,479.28,102.88,248.59,1,1,0.8921
81,7,983.4,301.23,113.61,144.9,1,1,0.82838
81,8,1117.79,369.67,150.65,253.1,1,1,0.92897
81,14,404.95,410.04,140.19,214.31,1,1,0.88672
81,9,507.83,417.07,116.06,209.35,1,1,0.91219
81,12,815.39,471.56,111.29,258.18,1,1,0.89422
81,11,866.77,385.52,88.51,137.3,1,1,0.80378
82,0,965.06,381.01,115.42,205.01,1,1,0.78564
82,1,99.89,341.89,100.19,214.4,1,1,0.95126
82,2,240.04,400.31,107.35,226.69,1,1,0.91969
82,3,318.3,408.71,149.15,238.02,1,1,0.90927
82,4,1482.5,395.97,179.27,223.44,1,1,0.93678
82,5,919.73,477.59,98.82,247.21,1,1,0.88353
82,7,984.91,303.12,110.68,138.78,1,1,0.81851
82,8,1111.45,371.99,154.65,249.28,1,1,0.92523
82,14,399.33,409.92,137.87,217.21,1,1,0.89031
82,9,503.77,418.41,123.06,212.59,1,1,0.90459
82,12,816.43,473.5,109.74,254.85,1,1,0.88655
82,11,861.34,388.28,91.53,133.13,1,1,0.79229
83,0,965.71,378.43,113.26,207.53,1,1,0.73061
83,1,108.78,341.47,100.43,213.14,1,1,0.93874
83,2,242.69,399.26,100.31,227.72,1,1,0.91567
83,3,314.66,409.85,155.67,239.35,1,1,0.90183
83,4,1473.05,396.89,168.39,222.78,1,1,0.93573
83,5,921.83,476.46,95.33,244.75,1,1,0.8898
83,7,987.25,305.45,108.78,140.4,1,1,0.80771
83,8,1106.41,375.01,160.43,245.77,1,1,0.92624
83,14,394.66,409.66,133.17,219.04,1,1,0.88094
83,9,499.11,421.59,131.4,211.87,1,1,0.91446
83,12,817.93,474.85,110.11,248.3,1,1,0.88538
83,11,857.7,390.38,92.16,136.75,1,1,0.71795
84,0,975.33,377.93,102.32,167.69,1,1,0.74975
84,1,120.03,340.85,98.89,212.0,1,1,0.92687
84,2,243.29,399.4,94.52,227.43,1,1,0.89992
84,3,312.08,410.83,159.17,241.24,1,1,0.87805
84,4,1463.63,396.99,152.8,225.83,1,1,0.92228
84,5,925.36,473.61,94.68,244.68,1,1,0.88688
84,7,991.15,308.64,105.22,126.06,1,1,0.79685
84,8,1103.06,378.89,165.49,243.24,1,1,0.9295
84,14,391.39,409.81,130.9,219.93,1,1,0.87136
84,9,500.0,425.26,135.51,208.32,1,1,0.91172
84,12,818.6,477.91,111.94,239.5,1,1,0.8889
84,11,857.57,392.22,90.62,133.99,1,1,0.7465
84,16,-0.15,401.51,67.91,203.81,1,1,0.89801
84,10,991.5,461.46,95.03,203.77,1,1,0.79469
84,15,579.51,256.52,120.93,188.48,1,1,0.83182
85,0,983.28,376.17,93.56,163.47,1,1,0.78305
85,1,131.99,341.53,96.47,210.97,1,1,0.92333
85,2,239.36,401.38,92.42,224.73,1,1,0.89999
85,3,308.9,412.56,164.36,241.24,1,1,0.87509
85,4,1453.24,398.71,134.96,224.88,1,1,0.92566
85,5,926.01,471.17,96.51,244.48,1,1,0.89092
85,7,993.91,315.01,102.47,112.45,1,1,0.80991
85,8,1097.64,384.13,169.48,239.11,1,1,0.92815
85,14,387.45,411.09,129.31,218.32,1,1,0.84824
85,9,500.66,429.2,139.75,207.41,1,1,0.91294
85,12,817.94,480.87,114.73,231.1,1,1,0.89337
85,11,858.32,393.42,88.77,136.0,1,1,0.68551
85,16,-0.35,403.08,84.62,207.13,1,1,0.89564
85,10,1000.03,459.43,103.35,209.73,1,1,0.82987
85,15,583.98,257.98,132.92,186.91,1,1,0.87001
86,0,985.72,375.65,93.02,175.57,1,1,0.81645
86,1,142.09,342.56,94.04,208.23,1,1,0.90707
86,2,227.97,403.49,97.42,222.53,1,1,0.89988
86,3,304.25,413.89,163.12,240.56,1,1,0.87452
86,4,1440.18,400.66,122.06,219.52,1,1,0.92211
86,5,926.88,468.73,94.49,241.94,1,1,0.88754
86,7,996.96,322.11,98.98,105.79,1,1,0.76446
86,8,1097.32,389.69,165.32,224.13,1,1,0.91832
86,14,383.69,413.39,127.47,216.92,1,1,0.82884
86,9,499.28,432.9,143.66,214.0,1,1,0.90745
86,12,816.24,480.3,117.89,228.55,1,1,0.87551
86,16,-0.3,403.75,103.17,205.38,1,1,0.89793
86,10,1008.98,462.9,114.56,209.55,1,1,0.87552
86,15,587.8,262.28,141.09,182.7,1,1,0.88841
87,0,983.97,375.41,93.46,185.67,1,1,0.84068
87,1,150.21,345.38,92.61,207.01,1,1,0.88746
87,2,211.05,408.47,106.7,221.87,1,1,0.9007
87,3,297.15,416.23,148.78,239.73,1,1,0.87627
87,4,1421.26,404.87,119.43,215.43,1,1,0.91084
87,5,925.51,469.79,93.69,227.3,1,1,0.879
87,8,1096.22,394.18,157.12,209.26,1,1,0.91843
87,14,379.32,418.6,128.55,220.92,1,1,0.85855
87,9,493.74,437.21,148.13,216.47,1,1,0.90262
87,12,815.38,483.19,119.5,227.39,1,1,0.8712
87,16,4.51,404.21,119.63,204.47,1,1,0.87932
87,10,1014.62,462.07,129.57,215.24,1,1,0.86481
87,15,589.92,266.24,147.22,181.11,1,1,0.88187
87,11,853.72,396.15,88.74,156.14,1,1,0.64706
88,0,981.94,375.4,94.8,192.43,1,1,0.85841
88,1,158.47,349.51,90.35,204.56,1,1,0.88617
88,2,192.2,415.79,120.66,217.81,1,1,0.90449
88,3,291.88,417.67,139.01,238.93,1,1,0.90337
88,4,1400.21,409.2,123.22,213.08,1,1,0.91271
88,5,922.21,472.39,98.62,216.19,1,1,0.8937
88,8,1086.97,396.26,153.56,203.65,1,1,0.87332
88,14,376.78,423.69,126.93,223.85,1,1,0.86916
88,9,488.37,442.46,148.53,214.88,1,1,0.90454
88,12,815.81,486.56,119.79,230.59,1,1,0.88822
88,16,21.05,404.59,124.83,203.96,1,1,0.87556
88,10,1030.86,463.42,127.47,215.43,1,1,0.85521
88,15,592.76,267.71,151.2,182.46,1,1,0.89771
88,11,845.0,398.26,95.87,183.35,1,1,0.69203
89,0,980.09,378.97,90.23,189.97,1,1,0.8334
89,1,163.94,354.18,90.3,199.6,1,1,0.86737
89,2,176.08,423.74,132.8,213.91,1,1,0.89027
89,3,285.76,419.83,129.95,236.84,1,1,0.88515
89,4,1369.82,415.53,132.51,214.56,1,1,0.91904
89,5,918.79,477.56,100.22,208.43,1,1,0.87163
89,8,1074.8,401.36,132.65,198.21,1,1,0.69289
89,14,374.76,430.17,117.58,225.92,1,1,0.85767
89,9,477.47,448.76,139.05,212.81,1,1,0.88678
89,12,815.79,491.22,117.77,231.14,1,1,0.88525
89,16,38.01,404.76,124.75,204.68,1,1,0.86375
89,10,1051.06,465.74,120.76,212.11,1,1,0.86092
89,15,595.33,270.38,151.59,183.57,1,1,0.89817
89,11,832.62,402.03,102.52,192.05,1,1,0.6963
89,17,800.81,397.52,81.88,197.52,1,1,0.66086
90,0,974.96,385.47,84.59,191.57,1,1,0.80642
90,1,169.13,360.57,87.46,189.42,1,1,0.83382
90,2,160.41,437.92,143.44,212.76,1,1,0.8916
90,3,274.76,425.54,117.78,225.58,1,1,0.85142
90,4,1336.71,426.11,145.81,212.67,1,1,0.92988
90,5,914.02,482.66,97.59,204.07,1,1,0.8798
90,8,1045.43,402.61,104.18,220.24,1,1,0.76541
90,14,369.29,440.12,109.44,224.42,1,1,0.86953
90,9,464.63,457.22,131.73,209.78,1,1,0.9025
90,12,812.48,497.48,114.61,229.59,1,1,0.87062
90,16,47.8,406.21,131.46,207.02,1,1,0.87701
90,10,1067.94,468.23,118.59,208.04,1,1,0.85703
90,15,597.69,277.09,147.76,183.33,1,1,0.89036
90,11,823.13,409.01,102.99,194.85,1,1,0.77168
90,17,793.11,403.67,79.31,196.28,1,1,0.64061
91,0,966.96,390.01,84.04,205.65,1,1,0.81532
91,1,172.99,366.43,82.8,147.78,1,1,0.71298
91,2,147.79,439.71,149.12,218.78,1,1,0.86911
91,3,259.52,430.5,115.52,222.96,1,1,0.85091
91,4,1311.62,434.95,149.92,208.28,1,1,0.93169
91,5,908.0,485.18,93.26,200.34,1,1,0.87724
91,8,1031.61,406.81,94.35,225.87,1,1,0.81461
91,14,355.64,448.7,110.25,218.79,1,1,0.87075
91,9,451.82,463.07,132.15,206.25,1,1,0.89354
91,12,805.87,509.81,112.68,219.45,1,1,0.85636
91,16,62.99,407.11,126.62,206.74,1,1,0.85779
91,10,1083.57,478.28,117.75,197.86,1,1,0.90419
91,15,599.18,282.3,141.17,182.94,1,1,0.89341
91,11,812.99,413.08,106.72,199.64,1,1,0.80275
91,17,781.3,406.03,80.73,197.99,1,1,0.78508
92,0,961.75,391.26,82.87,199.8,1,1,0.80929
92,1,178.58,371.15,77.66,122.07,1,1,0.77459
92,2,141.96,449.1,146.83,214.18,1,1,0.8673
92,3,252.05,434.65,108.57,224.33,1,1,0.85038
92,4,1297.39,441.88,145.01,203.57,1,1,0.92502
92,5,902.94,486.19,92.39,199.7,1,1,0.87363
92,8,1024.77,412.0,91.4,223.73,1,1,0.82163
92,14,342.75,455.01,109.4,213.41,1,1,0.8612
92,9,441.5,466.37,132.46,203.64,1,1,0.8839
92,12,800.47,524.19,112.0,206.58,1,1,0.87948
92,16,89.09,405.59,114.58,205.09,1,1,0.85569
92,10,1089.7,486.54,125.51,189.42,1,1,0.91762
92,15,604.99,287.62,130.84,180.68,1,1,0.75946
92,11,805.73,415.82,106.98,199.93,1,1,0.81218
92,17,771.44,409.46,80.95,196.02,1,1,0.79124
93,0,958.58,394.13,86.3,213.33,1,1,0.8318
93,1,180.09,377.35,75.5,110.2,1,1,0.81774
93,2,136.86,462.73,124.76,204.18,1,1,0.84635
93,3,243.78,441.13,102.52,217.95,1,1,0.85778
93,4,1283.65,449.16,139.56,199.99,1,1,0.91717
93,5,895.26,486.93,95.89,198.38,1,1,0.85651
93,8,1019.28,419.63,91.0,219.51,1,1,0.83194
93,14,329.37,463.66,102.89,207.6,1,1,0.87267
93,9,425.74,468.78,137.7,204.9,1,1,0.88741
93,12,793.26,530.51,116.03,202.75,1,1,0.87906
93,16,116.05,406.21,99.67,186.9,1,1,0.77777
93,10,1084.75,495.46,148.75,183.27,1,1,0.90761
93,15,633.78,293.69,95.08,173.7,1,1,0.88557
93,11,794.68,418.58,104.95,203.93,1,1,0.79478
93,17,762.0,413.67,78.47,194.02,1,1,0.77009
94,0,953.59,397.63,87.36,220.63,1,1,0.83062
94,1,172.12,382.29,77.8,96.56,1,1,0.70984
94,2,133.72,463.88,108.02,205.66,1,1,0.85275
94,3,232.63,448.28,99.63,224.17,1,1,0.87185
94,4,1270.48,455.5,134.66,195.49,1,1,0.91544
94,5,888.0,488.11,94.27,195.82,1,1,0.87005
94,8,1010.41,425.84,83.06,217.82,1,1,0.8342
94,14,315.5,472.89,98.01,199.66,1,1,0.87468
94,9,407.71,471.78,143.19,203.97,1,1,0.90808
94,12,785.81,532.95,121.3,201.56,1,1,0.8975
94,10,1078.6,504.1,166.48,175.27,1,1,0.89062
94,15,641.25,302.25,76.36,167.16,1,1,0.88768
94,11,784.27,420.86,99.28,209.19,1,1,0.82489
94,17,755.91,417.25,72.14,193.69,1,1,0.64985
95,0,947.96,423.1,94.13,212.98,1,1,0.78773
95,1,168.63,386.64,79.13,94.4,1,1,0.84078
95,2,131.35,464.3,101.17,207.07,1,1,0.86202
95,3,221.1,453.75,99.6,227.8,1,1,0.87329
95,4,1257.65,458.54,131.09,192.38,1,1,0.90132
95,5,882.84,488.78,95.16,192.95,1,1,0.85998
95,8,1000.32,430.04,76.87,214.34,1,1,0.77276
95,14,299.61,479.86,100.68,192.18,1,1,0.85156
95,9,390.94,472.9,146.04,203.25,1,1,0.9017
95,12,781.22,533.86,125.43,200.09,1,1,0.89871
95,10,1077.23,509.2,180.22,166.06,1,1,0.89816
95,15,639.53,310.32,67.93,162.33,1,1,0.8853
95,11,774.74,420.84,96.94,210.46,1,1,0.84241
96,0,937.11,435.8,100.65,211.47,1,1,0.81677
96,1,169.76,390.64,84.13,86.77,1,1,0.82152
96,2,129.53,462.59,93.52,208.56,1,1,0.8786
96,3,209.49,455.45,98.95,230.13,1,1,0.86792
96,4,1249.75,460.03,122.57,188.82,1,1,0.90019
96,5,879.04,488.58,94.58,183.67,1,1,0.84596
96,8,985.99,433.3,77.58,209.88,1,1,0.70808
96,14,286.91,483.42,98.98,188.7,1,1,0.86245
96,9,373.93,474.33,135.79,200.99,1,1,0.89274
96,12,778.07,533.76,128.32,199.02,1,1,0.91027
96,10,1078.54,515.91,189.84,154.21,1,1,0.91135
96,15,635.69,317.27,63.52,157.25,1,1,0.89943
96,11,764.21,420.8,99.45,210.13,1,1,0.85274
97,0,926.08,443.47,107.92,210.49,1,1,0.86928
97,1,169.17,393.87,83.5,89.38,1,1,0.81391
97,2,126.49,469.79,86.7,201.47,1,1,0.87794
97,3,197.21,465.2,93.82,221.95,1,1,0.87087
97,4,1244.96,463.13,108.53,183.75,1,1,0.90058
97,5,872.11,490.0,91.62,174.71,1,1,0.81847
97,14,276.09,486.66,93.18,186.3,1,1,0.85747
97,9,359.27,478.31,125.28,196.95,1,1,0.88995
97,12,771.57,535.49,131.89,197.12,1,1,0.90172
97,10,1082.63,525.21,195.37,146.0,1,1,0.90756
97,15,627.81,324.46,63.07,152.14,1,1,0.90308
97,11,752.25,422.63,103.72,210.35,1,1,0.84979
98,1,170.47,394.94,77.47,90.1,1,1,0.81921
98,2,125.63,470.4,80.66,199.12,1,1,0.87815
98,3,189.69,468.06,88.51,217.44,1,1,0.8377
98,4,1235.89,464.92,98.05,181.16,1,1,0.92151
98,5,872.33,491.47,86.63,166.39,1,1,0.78157
98,14,266.11,491.04,91.79,185.17,1,1,0.85499
98,9,346.89,482.72,121.01,195.96,1,1,0.89596
98,12,765.98,536.4,135.95,194.8,1,1,0.9151
98,10,1095.27,534.58,185.43,136.03,1,1,0.89305
98,15,621.85,330.09,64.52,146.62,1,1,0.92208
98,11,743.55,423.19,105.41,209.76,1,1,0.87637
98,8,932.66,441.99,97.3,207.01,1,1,0.84379
99,1,175.7,394.15,75.49,95.52,1,1,0.81384
99,2,124.3,467.84,78.52,201.32,1,1,0.86045
99,3,182.06,473.86,83.07,210.04,1,1,0.78637
99,4,1223.14,467.07,93.56,175.42,1,1,0.9167
99,5,878.16,467.9,83.08,183.01,1,1,0.64691
99,14,251.45,492.93,92.51,188.61,1,1,0.83277
99,9,334.88,487.62,121.33,196.54,1,1,0.86595
99,12,761.71,535.83,141.34,194.09,1,1,0.90853
99,10,1151.32,537.96,135.72,133.01,1,1,0.86535
99,15,616.32,335.14,67.81,140.1,1,1,0.91935
99,11,737.58,427.8,106.19,205.38,1,1,0.87712
99,8,930.73,440.6,90.76,207.46,1,1,0.85795
100,1,180.59,393.22,77.57,108.82,1,1,0.83544
100,2,121.7,465.84,73.97,201.93,1,1,0.84376
100,3,166.78,472.56,83.41,205.03,1,1,0.69041
100,4,1192.42,469.88,113.87,191.07,1,1,0.90099
100,14,233.15,479.94,98.85,206.6,1,1,0.83549
100,9,324.68,492.8,125.76,195.21,1,1,0.88897
100,12,756.24,533.09,150.73,195.97,1,1,0.90679
100,15,610.25,339.17,71.3,136.17,1,1,0.91979
100,11,729.58,427.4,109.18,205.63,1,1,0.87654
100,8,922.73,441.66,87.95,205.82,1,1,0.84512
100,21,253.44,398.6,68.71,104.94,1,1,0.80099
101,1,183.9,392.3,80.39,120.01,1,1,0.83989
101,2,118.1,462.21,76.58,205.24,1,1,0.78696
101,4,1169.41,472.62,133.95,194.82,1,1,0.91296
101,14,221.12,488.11,98.09,200.94,1,1,0.86347
101,9,311.69,497.55,128.67,191.49,1,1,0.87532
101,12,751.8,529.32,157.77,197.86,1,1,0.89551
101,15,603.57,342.32,76.5,135.47,1,1,0.90782
101,11,723.01,431.76,108.23,200.67,1,1,0.84114
101,8,915.39,446.25,81.99,199.88,1,1,0.82556
101,21,260.07,398.12,70.59,111.8,1,1,0.80602
101,0,940.35,401.95,83.16,186.85,1,1,0.79551
101,5,876.05,485.65,82.06,157.6,1,1,0.70441
102,1,184.73,392.24,86.61,130.2,1,1,0.87349
102,2,115.51,458.83,90.16,210.46,1,1,0.89942
102,4,1154.38,475.69,121.19,170.54,1,1,0.71768
102,14,210.45,493.99,98.27,195.54,1,1,0.88206
102,9,292.18,495.56,135.79,194.77,1,1,0.88907
102,12,749.27,521.35,167.68,205.39,1,1,0.91033
102,15,596.63,343.4,82.7,137.47,1,1,0.93351
102,11,715.95,429.96,107.17,203.16,1,1,0.88455
102,21,269.12,396.39,72.61,120.06,1,1,0.82401
102,0,934.1,395.81,92.09,188.19,1,1,0.83724
102,10,1179.72,524.88,137.5,144.68,1,1,0.87115
103,1,181.19,391.73,93.84,137.38,1,1,0.86517
103,2,108.42,456.37,94.4,214.65,1,1,0.91984
103,4,1144.93,478.57,113.3,169.58,1,1,0.6666
103,14,199.12,501.46,96.01,186.48,1,1,0.89293
103,9,277.85,499.66,137.73,190.01,1,1,0.89655
103,12,749.99,519.64,166.41,205.41,1,1,0.91894
103,15,588.8,342.54,90.18,140.95,1,1,0.93567
103,11,706.86,427.36,107.56,204.61,1,1,0.88827
103,21,274.49,394.86,76.94,129.28,1,1,0.8582
103,0,924.8,393.6,91.62,188.63,1,1,0.8442
103,10,1175.5,520.08,149.65,146.09,1,1,0.81362
103,8,883.76,464.14,86.45,182.64,1,1,0.70974
104,1,180.35,390.65,99.05,136.99,1,1,0.88781
104,2,97.62,454.6,100.87,216.02,1,1,0.91369
104,4,1129.23,480.6,115.43,161.72,1,1,0.85021
104,14,190.08,503.14,95.57,182.63,1,1,0.87846
104,9,267.02,504.93,130.19,183.25,1,1,0.91612
104,12,758.44,522.23,155.17,200.88,1,1,0.9329
104,15,582.23,339.31,101.14,145.5,1,1,0.94059
104,11,699.52,428.06,108.06,202.36,1,1,0.91655
104,21,274.67,391.1,88.49,149.08,1,1,0.90219
104,0,914.59,390.41,92.22,189.57,1,1,0.86851
104,10,1175.32,523.74,157.93,139.7,1,1,0.90252
104,22,798.34,444.68,91.33,159.1,1,1,0.82469
104,8,876.9,459.28,86.95,185.96,1,1,0.81001
104,17,665.77,419.72,90.73,178.3,1,1,0.81068
105,1,179.94,390.67,105.06,137.22,1,1,0.86552
105,2,84.88,455.98,107.22,214.53,1,1,0.87688
105,4,1116.04,482.27,172.86,166.57,1,1,0.791
105,14,178.83,504.62,95.2,180.23,1,1,0.84252
105,9,254.81,506.51,121.08,181.23,1,1,0.90723
105,12,771.27,526.83,141.24,195.73,1,1,0.92404
105,15,574.71,337.11,115.25,150.53,1,1,0.93002
105,11,692.18,430.53,105.52,198.9,1,1,0.89144
105,21,275.69,387.76,99.77,166.75,1,1,0.90482
105,0,904.49,388.81,92.76,190.85,1,1,0.87072
105,10,1174.71,522.46,164.81,136.07,1,1,0.70898
105,22,782.7,446.76,96.13,170.3,1,1,0.79982
105,8,870.09,452.22,86.06,191.61,1,1,0.74971
105,17,655.94,419.48,95.51,177.35,1,1,0.86782
106,1,181.08,390.76,109.17,136.29,1,1,0.86924
106,2,62.81,460.87,122.73,208.75,1,1,0.87717
106,4,1102.58,482.16,158.41,158.65,1,1,0.90797
106,14,168.64,503.09,95.79,181.57,1,1,0.85535
106,9,242.76,505.64,114.55,181.72,1,1,0.90978
106,12,781.89,531.89,129.25,190.04,1,1,0.9058
106,15,567.06,336.16,128.0,155.6,1,1,0.92039
106,11,684.33,433.41,105.52,194.78,1,1,0.89193
106,21,281.05,384.9,107.08,177.02,1,1,0.89698
106,0,895.6,388.31,86.97,188.26,1,1,0.83103
106,10,1202.58,520.83,147.19,135.72,1,1,0.79319
106,22,772.01,449.51,93.09,165.07,1,1,0.7453
106,17,643.17,421.27,102.09,177.33,1,1,0.88616
107,1,182.76,390.03,112.86,134.35,1,1,0.82911
107,2,44.87,468.63,133.55,200.12,1,1,0.86038
107,4,1089.11,480.54,161.35,158.16,1,1,0.88299
107,14,158.52,502.92,97.2,180.3,1,1,0.77289
107,9,224.13,502.62,120.55,183.03,1,1,0.82327
107,12,779.9,536.46,129.99,185.82,1,1,0.85207
107,15,560.6,335.71,140.79,161.08,1,1,0.90041
107,11,678.6,436.1,99.69,190.94,1,1,0.79683
107,21,287.3,381.53,116.7,185.95,1,1,0.83884
107,0,885.46,387.1,84.66,184.05,1,1,0.79067
107,10,1222.86,508.11,144.82,148.91,1,1,0.8009
107,22,763.84,454.89,86.22,168.02,1,1,0.77725
107,17,630.42,422.71,111.6,177.8,1,1,0.86115
107,3,102.01,456.1,63.6,102.92,1,1,0.66911
107,5,877.11,463.75,84.14,174.73,1,1,0.6952
107,8,837.73,438.6,74.92,143.29,1,1,0.77754
108,1,186.35,389.16,118.48,145.32,1,1,0.84082
108,2,30.52,473.05,130.07,196.13,1,1,0.83119
108,4,1075.59,477.79,142.26,161.92,1,1,0.85497
108,14,150.22,505.53,94.56,176.35,1,1,0.76927
108,9,210.34,503.76,121.78,179.73,1,1,0.80528
108,12,776.55,531.58,137.8,191.75,1,1,0.85394
108,15,563.05,335.9,142.71,160.22,1,1,0.8906
108,11,672.82,438.37,99.39,191.65,1,1,0.78405
108,21,300.2,379.47,121.68,188.11,1,1,0.84985
108,0,876.46,386.31,81.21,168.56,1,1,0.76777
108,10,1240.09,496.73,131.42,158.94,1,1,0.85514
108,22,754.58,458.53,78.79,170.27,1,1,0.75436
108,17,616.56,424.02,121.35,177.55,1,1,0.84614
108,23,1846.56,357.11,70.89,167.76,1,1,0.85327
108,3,96.75,459.96,66.86,178.47,1,1,0.74431
108,5,875.3,459.33,82.86,177.45,1,1,0.73038
108,8,820.37,434.24,73.29,136.63,1,1,0.73893
109,1,191.77,390.31,118.5,142.72,1,1,0.85193
109,2,24.06,476.84,117.76,191.79,1,1,0.86399
109,4,1064.68,475.1,144.79,165.38,1,1,0.90348
109,14,138.44,505.92,92.31,175.13,1,1,0.77235
109,9,195.83,502.3,123.72,180.58,1,1,0.80924
109,12,774.48,539.92,147.24,185.12,1,1,0.86623
109,15,571.34,337.2,134.38,159.01,1,1,0.88089
109,11,669.08,440.7,100.25,195.94,1,1,0.74721
109,21,317.87,379.62,118.66,187.97,1,1,0.85179
109,0,868.34,387.72,81.35,161.02,1,1,0.80561
109,10,1243.75,494.42,133.33,159.95,1,1,0.87919
109,17,606.4,427.15,126.12,176.19,1,1,0.83712
109,23,1827.12,360.38,89.52,156.51,1,1,0.87627
109,3,95.3,464.25,61.39,169.51,1,1,0.74275
109,5,877.17,458.28,81.24,164.88,1,1,0.70435
109,8,809.89,435.64,69.92,151.44,1,1,0.78795
110,1,199.55,391.63,114.89,143.22,1,1,0.86452
110,2,21.99,477.15,107.87,190.63,1,1,0.87001
110,4,1055.18,473.4,141.96,167.14,1,1,0.90331
110,14,130.17,504.04,90.79,176.14,1,1,0.81858
110,9,190.29,499.85,116.9,178.6,1,1,0.83924
110,12,777.16,538.86,149.96,188.51,1,1,0.86808
110,15,576.21,337.83,130.78,157.5,1,1,0.88918
110,11,659.45,442.14,100.35,180.86,1,1,0.7835
110,21,338.09,380.37,107.61,186.62,1,1,0.8512
110,0,861.48,389.18,82.24,157.91,1,1,0.814
110,10,1239.62,493.28,145.87,159.58,1,1,0.89953
110,17,600.2,428.83,128.12,174.31,1,1,0.84796
110,23,1809.5,361.78,105.07,153.99,1,1,0.87882
110,3,94.76,469.63,64.58,155.55,1,1,0.71445
110,5,882.26,458.29,78.66,171.66,1,1,0.75614
110,8,798.12,437.12,70.96,163.86,1,1,0.76618
110,22,691.19,466.79,113.12,174.55,1,1,0.73105
111,1,210.69,393.61,107.24,156.38,1,1,0.86313
111,2,22.19,476.74,99.21,189.92,1,1,0.87281
111,4,1049.61,472.85,140.33,167.62,1,1,0.90371
111,14,122.8,502.07,92.45,176.25,1,1,0.82246
111,9,185.46,499.27,115.95,175.96,1,1,0.8499
111,12,783.14,543.77,153.75,186.71,1,1,0.85971
111,15,578.19,337.7,128.82,157.29,1,1,0.88981
111,11,653.12,443.19,99.2,173.01,1,1,0.78113
111,21,358.59,380.01,96.1,185.23,1,1,0.86205
111,0,855.76,390.07,84.1,165.59,1,1,0.82527
111,10,1237.59,491.02,154.64,156.19,1,1,0.9038
111,17,596.51,430.67,129.82,172.24,1,1,0.83796
111,23,1796.6,363.94,112.53,151.54,1,1,0.88358
111,3,95.08,475.37,66.69,144.07,1,1,0.68248
111,5,882.75,458.86,84.69,178.74,1,1,0.78985
111,8,787.59,440.49,75.81,182.29,1,1,0.83352
111,24,-0.87,379.7,37.66,151.73,1,1,0.7785
111,22,669.27,473.36,122.27,170.01,1,1,0.81334
112,1,220.91,396.3,98.67,163.89,1,1,0.88516
112,2,20.7,476.99,95.04,189.51,1,1,0.86658
112,4,1052.16,474.65,129.38,164.58,1,1,0.89462
112,14,115.23,502.48,92.44,174.5,1,1,0.81525
112,9,176.65,500.45,120.3,175.14,1,1,0.8422
112,12,802.05,544.49,144.04,185.94,1,1,0.86829
112,15,578.02,337.79,126.42,157.5,1,1,0.89397
112,11,649.05,444.83,96.97,171.03,1,1,0.78771
112,21,374.3,381.04,91.32,182.59,1,1,0.85521
112,0,849.6,391.87,86.48,168.68,1,1,0.8306
112,10,1235.7,489.35,162.21,149.59,1,1,0.90513
112,17,593.87,432.42,128.81,170.2,1,1,0.79985
112,23,1784.77,365.13,114.58,149.97,1,1,0.88336
112,3,93.62,479.33,74.15,137.79,1,1,0.73578
112,5,888.06,462.08,88.79,178.0,1,1,0.82772
112,8,776.33,443.57,83.26,192.64,1,1,0.83133
112,24,-1.38,382.46,45.68,145.53,1,1,0.86026
112,22,657.95,482.25,122.97,161.77,1,1,0.79333
113,1,230.12,399.39,90.74,167.02,1,1,0.89015
113,2,17.74,479.03,93.5,188.2,1,1,0.86672
113,4,1050.54,477.44,119.7,161.7,1,1,0.90335
113,14,108.99,501.49,91.12,173.8,1,1,0.81304
113,9,169.52,503.09,120.48,176.72,1,1,0.85346
113,12,823.21,546.27,131.89,184.24,1,1,0.87457
113,15,578.42,338.98,123.18,156.81,1,1,0.89952
113,11,643.09,444.59,96.21,171.89,1,1,0.81406
113,21,382.0,380.05,96.64,181.65,1,1,0.87152
113,0,842.87,395.01,89.74,172.35,1,1,0.8624
113,10,1271.61,485.45,132.99,154.04,1,1,0.80958
113,17,589.86,434.58,127.32,168.97,1,1,0.79716
113,23,1773.06,365.79,111.88,150.46,1,1,0.87393
113,3,91.56,482.58,74.48,131.02,1,1,0.69072
113,5,894.78,463.65,92.25,176.24,1,1,0.85652
113,8,766.24,447.39,91.18,195.64,1,1,0.85988
113,24,-1.39,382.91,52.48,144.03,1,1,0.87887
113,22,650.81,490.67,122.62,154.04,1,1,0.82958
114,1,239.24,402.51,82.51,166.17,1,1,0.89076
114,2,11.16,480.46,94.18,188.25,1,1,0.87421
114,4,1051.18,480.1,110.11,158.46,1,1,0.90668
114,14,107.83,504.46,84.49,168.26,1,1,0.80427
114,9,164.61,506.56,113.57,176.48,1,1,0.86001
114,12,830.85,547.68,133.13,182.35,1,1,0.88206
114,15,580.46,339.69,117.46,155.43,1,1,0.89348
114,11,638.06,441.79,91.9,177.4,1,1,0.80872
114,21,382.43,379.01,110.05,181.38,1,1,0.89446
114,0,836.58,399.06,90.8,170.38,1,1,0.85205
114,10,1270.5,480.38,139.08,160.3,1,1,0.85878
114,17,588.09,436.51,114.26,166.37,1,1,0.77667
114,23,1760.16,364.95,109.46,152.56,1,1,0.87237
114,3,84.99,484.15,79.57,140.62,1,1,0.74386
114,5,901.09,465.35,87.13,173.8,1,1,0.8507
114,8,755.11,450.73,98.57,196.92,1,1,0.86541
114,24,-1.35,382.87,60.6,145.46,1,1,0.88223
114,22,647.05,495.81,119.71,148.07,1,1,0.80487
114,25,1864.84,310.77,52.89,140.71,1,1,0.8155
115,1,245.22,405.34,80.43,164.08,1,1,0.88937
115,2,3.05,481.9,95.68,187.64,1,1,0.88685
115,4,1049.77,479.99,106.41,158.99,1,1,0.9006
115,14,103.71,509.75,78.26,160.94,1,1,0.78496
115,9,157.29,510.49,106.49,174.99,1,1,0.84856
115,12,830.37,550.36,138.82,178.77,1,1,0.89605
115,15,583.81,340.26,109.72,152.47,1,1,0.88431
115,11,631.96,439.82,88.79,181.03,1,1,0.79989
115,21,383.57,377.41,112.87,180.88,1,1,0.88478
115,0,828.59,402.2,88.45,168.15,1,1,0.84313
115,10,1298.39,475.71,113.72,164.84,1,1,0.88359
115,17,589.63,437.09,107.79,165.52,1,1,0.72986
115,23,1747.77,364.99,102.92,151.29,1,1,0.86186
115,3,74.14,487.2,81.98,154.05,1,1,0.71959
115,5,902.45,465.77,83.11,169.74,1,1,0.82046
115,8,741.55,454.74,99.67,192.84,1,1,0.8647
115,24,-1.43,383.39,70.54,146.51,1,1,0.88891
115,22,642.52,497.77,114.02,146.53,1,1,0.80319
115,25,1851.38,317.96,64.98,131.03,1,1,0.84524
116,1,246.21,407.16,86.59,163.41,1,1,0.87807
116,2,-0.96,483.83,94.69,186.63,1,1,0.89065
116,4,1047.6,479.57,104.04,159.17,1,1,0.89207
116,14,78.3,505.75,81.34,160.92,1,1,0.73816
116,9,145.71,512.2,97.53,174.79,1,1,0.82591
116,12,830.44,550.82,143.67,176.64,1,1,0.89868
116,15,595.32,341.13,96.61,146.2,1,1,0.85857
116,11,620.19,437.63,92.49,177.99,1,1,0.79048
116,21,389.95,376.74,104.3,170.48,1,1,0.87907
116,0,821.47,405.44,89.48,167.39,1,1,0.85037
116,10,1309.04,472.6,109.23,164.94,1,1,0.86317
116,23,1734.07,365.63,96.35,146.26,1,1,0.84896
116,3,77.08,486.76,75.79,87.6,1,1,0.76948
116,5,899.53,466.57,84.56,149.03,1,1,0.77553
116,8,729.92,458.43,94.78,187.78,1,1,0.85534
116,24,-1.25,384.86,81.43,141.98,1,1,0.86988
116,22,640.69,498.14,106.05,149.42,1,1,0.78233
116,25,1832.44,321.83,83.96,126.81,1,1,0.8557
116,7,881.45,403.11,53.25,111.17,1,1,0.71953
117,1,245.01,407.55,95.88,164.52,1,1,0.87711
117,2,-2.28,486.71,90.74,183.9,1,1,0.88939
117,4,1042.8,480.03,105.83,162.62,1,1,0.89587
117,14,68.29,499.46,81.9,164.33,1,1,0.69047
117,9,134.95,512.61,89.82,175.6,1,1,0.83847
117,12,832.48,551.04,145.18,176.17,1,1,0.89703
117,15,608.19,343.48,83.99,138.27,1,1,0.83849
117,11,612.5,437.33,93.04,183.96,1,1,0.82077
117,21,401.42,375.62,89.5,159.16,1,1,0.85676
117,0,814.44,407.89,92.29,167.63,1,1,0.85376
117,10,1309.23,470.04,114.7,167.35,1,1,0.88196
117,23,1719.88,366.01,92.04,140.95,1,1,0.86717
117,3,75.31,487.03,72.84,56.12,1,1,0.64644
117,5,900.59,466.74,84.28,148.5,1,1,0.8204
117,8,719.56,461.66,88.06,181.8,1,1,0.86093
117,24,1.38,386.5,89.9,134.76,1,1,0.84849
117,22,632.61,500.89,104.79,149.59,1,1,0.81326
117,25,1816.37,326.04,89.82,121.33,1,1,0.84434
117,7,876.56,406.55,54.94,108.7,1,1,0.75859
118,1,240.76,407.85,106.46,165.39,1,1,0.88742
118,2,-2.78,488.12,84.67,181.23,1,1,0.88966
118,4,1039.4,481.25,106.72,165.05,1,1,0.88435
118,14,59.62,494.05,82.25,167.21,1,1,0.82182
118,9,126.55,511.4,83.07,176.79,1,1,0.83553
118,12,840.75,546.11,139.96,181.63,1,1,0.89447
118,15,618.96,345.68,75.28,128.35,1,1,0.79993
118,11,602.12,436.32,95.7,187.96,1,1,0.83853
118,21,414.57,385.91,68.66,140.64,1,1,0.75467
118,0,805.97,410.09,100.68,166.08,1,1,0.86376
118,10,1303.82,467.08,125.46,169.21,1,1,0.89241
118,23,1704.89,366.79,87.97,138.34,1,1,0.86169
118,5,904.91,466.32,82.63,148.03,1,1,0.79683
118,8,708.2,465.62,82.67,174.36,1,1,0.85577
118,24,7.6,388.19,91.76,131.63,1,1,0.82734
118,22,622.02,503.44,106.54,152.39,1,1,0.83989
118,25,1800.29,329.23,90.15,119.47,1,1,0.85132
118,7,870.98,409.03,56.49,123.73,1,1,0.74412
119,1,235.19,407.59,112.72,165.19,1,1,0.89199
119,2,-2.82,489.82,77.28,175.71,1,1,0.86328
119,4,1036.58,481.88,105.78,165.74,1,1,0.89592
119,14,51.65,492.01,80.53,166.57,1,1,0.83109
119,9,116.31,509.22,80.13,176.31,1,1,0.84134
119,12,854.52,542.98,128.85,183.25,1,1,0.89453
119,15,618.53,346.34,76.25,130.8,1,1,0.8136
119,11,592.73,436.94,95.57,186.26,1,1,0.84775
119,21,431.11,381.63,72.84,137.85,1,1,0.69467
119,0,794.84,412.13,105.13,162.82,1,1,0.88118
119,10,1303.65,464.64,126.23,162.28,1,1,0.89262
119,23,1685.47,366.97,88.58,134.58,1,1,0.86588
119,5,905.92,464.43,84.03,146.39,1,1,0.80974
119,8,693.68,468.73,81.87,170.12,1,1,0.87107
119,24,15.37,387.87,89.88,133.3,1,1,0.82069
119,22,610.77,504.75,105.92,152.78,1,1,0.85254
119,25,1781.36,331.34,88.64,117.86,1,1,0.85677
119,7,864.72,408.47,57.58,136.94,1,1,0.71412
120,1,229.31,407.12,119.74,166.4,1,1,0.89418
120,2,-2.76,484.56,71.72,180.21,1,1,0.85683
120,4,1039.88,484.16,98.67,167.82,1,1,0.88128
120,14,50.53,493.9,76.48,170.43,1,1,0.78178
120,9,105.71,509.45,78.68,174.77,1,1,0.82444
120,12,875.68,540.61,112.63,184.64,1,1,0.8852
120,15,618.34,347.11,75.8,125.58,1,1,0.79395
120,11,584.12,444.26,90.87,179.45,1,1,0.80287
120,21,458.5,377.17,54.66,145.56,1,1,0.6903
120,0,781.77,415.05,107.28,160.45,1,1,0.87677
120,10,1303.46,463.92,127.34,162.37,1,1,0.88006
120,23,1665.29,369.38,91.77,132.59,1,1,0.87041
120,5,903.96,463.28,86.03,140.76,1,1,0.81529
120,8,677.96,472.85,82.7,166.75,1,1,0.85176
120,24,21.14,388.17,88.04,120.93,1,1,0.77415
120,22,599.14,508.15,105.01,150.56,1,1,0.83715
120,25,1762.88,333.65,87.32,117.5,1,1,0.84978
120,7,856.32,408.84,58.51,148.17,1,1,0.72439
121,1,226.51,408.76,122.13,165.84,1,1,0.89622
121,2,-2.37,481.06,63.95,183.1,1,1,0.86228
121,4,1040.27,487.89,92.72,167.32,1,1,0.87456
121,14,38.44,489.27,75.3,172.17,1,1,0.73711
121,9,89.05,509.26,83.67,174.78,1,1,0.78859
121,12,881.78,540.7,108.77,184.51,1,1,0.87925
121,15,618.99,348.02,73.1,115.27,1,1,0.76299
121,11,573.8,450.56,92.55,176.91,1,1,0.80259
121,21,466.32,380.87,53.19,146.42,1,1,0.82862
121,0,769.2,418.61,109.76,158.49,1,1,0.88119
121,10,1321.54,465.31,110.75,163.93,1,1,0.84318
121,23,1643.87,372.57,97.15,130.83,1,1,0.86786
121,5,893.81,461.81,94.36,159.54,1,1,0.85447
121,8,663.19,476.87,83.06,164.19,1,1,0.86091
121,24,27.91,389.02,83.37,106.66,1,1,0.76749
121,22,587.1,510.75,104.06,148.61,1,1,0.79203
121,25,1743.8,336.89,88.34,117.97,1,1,0.83949
121,7,846.93,411.32,59.52,149.16,1,1,0.7037
121,28,609.57,417.5,70.44,87.15,1,1,0.65867
122,1,226.95,408.58,119.47,164.55,1,1,0.8887
122,2,-1.69,476.3,59.53,180.3,1,1,0.8212
122,4,1034.33,491.2,92.24,161.15,1,1,0.86684
122,14,31.55,490.26,75.64,177.8,1,1,0.81045
122,9,79.42,504.61,82.92,176.13,1,1,0.80845
122,12,877.89,539.08,112.19,184.89,1,1,0.88004
122,15,618.51,347.96,70.16,111.25,1,1,0.78539
122,11,564.1,451.06,93.46,173.52,1,1,0.81806
122,21,465.2,380.25,57.9,143.63,1,1,0.85576
122,0,757.33,418.56,112.6,158.35,1,1,0.87887
122,10,1326.24,465.44,106.93,164.71,1,1,0.89082
122,23,1622.95,372.54,105.45,130.66,1,1,0.87121
122,5,882.21,459.73,103.23,166.21,1,1,0.87293
122,8,649.38,478.19,82.58,162.01,1,1,0.84809
122,24,35.16,388.05,79.59,107.79,1,1,0.80851
122,22,577.35,512.28,102.81,145.77,1,1,0.82239
122,25,1725.04,337.99,97.25,118.53,1,1,0.8592
122,7,838.84,410.78,59.85,152.31,1,1,0.74262
122,28,610.89,410.33,64.02,75.81,1,1,0.67814
123,1,232.03,407.99,112.4,163.66,1,1,0.88629
123,2,-1.82,476.31,49.52,173.69,1,1,0.80195
123,4,1021.96,494.11,98.28,157.54,1,1,0.87838
123,14,22.93,489.87,75.97,180.91,1,1,0.79508
123,9,72.96,507.58,79.44,171.51,1,1,0.81926
123,12,871.96,535.92,116.77,187.12,1,1,0.88499
123,15,616.75,348.49,68.23,112.18,1,1,0.80558
123,11,553.25,449.97,96.29,173.03,1,1,0.82015
123,21,461.24,379.91,64.35,147.23,1,1,0.85445
123,0,748.58,418.48,112.43,158.83,1,1,0.87004
123,10,1332.95,465.58,102.17,163.06,1,1,0.88501
123,23,1602.21,372.32,113.0,130.85,1,1,0.86478
123,5,873.22,459.17,100.67,161.83,1,1,0.85542
123,8,636.24,478.95,82.09,164.68,1,1,0.83708
123,24,39.69,388.77,75.25,107.24,1,1,0.81441
123,22,570.93,512.62,97.35,146.22,1,1,0.80175
123,25,1707.21,338.41,103.35,117.93,1,1,0.85782
123,7,832.67,412.71,59.45,147.84,1,1,0.78237
123,28,601.43,418.67,65.0,66.13,1,1,0.64656
123,29,806.52,345.38,81.6,80.22,1,1,0.75595
124,1,238.85,408.16,101.73,163.11,1,1,0.8817
124,2,-1.3,476.44,40.54,172.56,1,1,0.79814
124,4,1008.97,496.35,108.79,154.71,1,1,0.88741
124,14,15.43,492.63,79.03,178.87,1,1,0.78006
124,9,62.54,509.32,79.39,169.06,1,1,0.8187
124,12,868.54,533.84,120.91,188.53,1,1,0.89025
124,15,616.37,349.57,69.22,115.28,1,1,0.81827
124,11,541.69,451.64,99.25,170.41,1,1,0.82755
124,21,449.62,379.92,78.9,150.14,1,1,0.87499
124,0,743.79,419.33,108.67,158.33,1,1,0.87423
124,10,1325.63,465.71,109.63,162.47,1,1,0.8923
124,23,1583.57,372.0,115.96,132.73,1,1,0.87002
124,5,865.81,460.33,94.98,154.89,1,1,0.87432
124,8,625.37,481.19,78.3,164.55,1,1,0.81426
124,24,41.33,391.78,74.52,113.86,1,1,0.83754
124,22,565.54,516.37,92.54,148.63,1,1,0.80296
124,25,1689.29,339.0,106.04,119.68,1,1,0.85055
124,7,827.2,413.68,58.71,139.0,1,1,0.78064
124,28,587.12,433.75,63.26,60.39,1,1,0.68996
124,29,791.54,348.15,81.99,81.46,1,1,0.6443
125,1,242.41,407.96,92.64,162.48,1,1,0.88124
125,2,-0.81,477.06,38.74,170.24,1,1,0.71709
125,4,996.53,497.04,117.61,154.42,1,1,0.88912
125,14,8.56,490.65,81.89,180.85,1,1,0.73348
125,9,50.94,510.88,81.02,166.28,1,1,0.79498
125,12,871.47,530.96,117.17,189.88,1,1,0.89121
125,15,613.52,351.12,75.49,117.55,1,1,0.82539
125,11,533.69,446.85,100.84,171.88,1,1,0.82132
125,21,446.42,379.92,83.81,151.97,1,1,0.86812
125,0,741.74,418.62,98.86,158.0,1,1,0.86729
125,10,1317.33,464.78,118.4,161.33,1,1,0.89436
125,23,1570.14,370.44,113.78,132.78,1,1,0.86439
125,5,863.25,460.31,88.88,152.76,1,1,0.87133
125,8,613.48,482.08,75.0,163.5,1,1,0.81305
125,24,43.64,394.17,73.32,116.08,1,1,0.80926
125,22,549.6,517.2,97.11,153.66,1,1,0.80617
125,25,1673.42,339.6,106.5,120.61,1,1,0.85589
125,7,820.77,413.32,60.21,131.9,1,1,0.80025
126,1,242.61,407.83,85.9,160.67,1,1,0.8807
126,2,-0.76,477.91,31.93,170.69,1,1,0.71717
126,4,987.61,497.11,124.65,153.77,1,1,0.88214
126,14,0.09,490.21,76.94,181.1,1,1,0.80246
126,9,41.69,507.9,80.77,167.74,1,1,0.80227
126,12,879.21,529.16,107.79,189.75,1,1,0.87553
126,15,606.65,351.62,76.03,120.48,1,1,0.80684
126,11,528.41,443.89,97.65,172.52,1,1,0.78804
126,21,449.94,380.57,80.17,151.85,1,1,0.85939
126,0,741.54,415.64,87.53,159.42,1,1,0.85382
126,10,1314.17,463.12,121.07,158.47,1,1,0.89384
126,23,1558.71,369.03,111.19,133.38,1,1,0.86518
126,5,863.4,461.06,83.31,155.87,1,1,0.86238
126,8,601.55,483.59,71.0,162.41,1,1,0.80647
126,24,47.63,396.47,71.18,115.66,1,1,0.76849
126,22,544.35,517.19,94.14,158.97,1,1,0.7927
126,25,1657.78,340.03,100.53,120.52,1,1,0.84564
126,7,812.3,412.67,62.71,131.29,1,1,0.82206
126,3,32.12,466.96,64.54,66.74,1,1,0.67374
126,29,765.04,352.27,76.09,89.32,1,1,0.75976
127,1,241.29,408.85,81.17,159.39,1,1,0.87653
127,4,985.29,498.41,125.31,153.16,1,1,0.87248
127,14,-3.1,494.36,61.46,176.57,1,1,0.83846
127,9,31.92,511.75,84.04,163.56,1,1,0.82792
127,12,891.04,526.53,99.42,191.2,1,1,0.86344
127,15,603.49,352.86,76.89,126.15,1,1,0.82955
127,11,525.25,444.15,93.18,167.56,1,1,0.79392
127,21,456.45,382.0,73.97,153.05,1,1,0.86695
127,0,740.78,415.73,78.81,158.91,1,1,0.85117
127,10,1343.11,462.03,91.02,157.79,1,1,0.83815
127,23,1552.11,369.7,101.9,132.15,1,1,0.8628
127,5,857.73,462.86,86.43,155.04,1,1,0.86659
127,8,591.81,485.31,66.35,160.51,1,1,0.76572
127,24,50.22,398.89,71.49,119.6,1,1,0.78601
127,22,534.15,519.86,95.7,160.26,1,1,0.80993
127,25,1642.16,341.47,94.84,120.75,1,1,0.85391
127,7,804.18,411.92,64.32,129.6,1,1,0.84508
127,3,32.66,466.01,65.46,70.75,1,1,0.64549
128,1,234.24,412.72,71.78,155.09,1,1,0.88627
128,4,983.1,500.92,117.58,152.41,1,1,0.87361
128,14,-6.42,498.72,41.24,170.07,1,1,0.78495
128,9,9.61,517.67,91.51,157.17,1,1,0.83276
128,12,893.33,524.84,95.37,191.54,1,1,0.85283
128,15,590.69,354.2,81.38,129.6,1,1,0.85304
128,11,514.71,446.25,88.53,162.19,1,1,0.8012
128,21,456.48,383.69,73.42,153.28,1,1,0.88259
128,0,732.89,418.42,71.19,156.71,1,1,0.84669
128,10,1346.16,464.66,81.48,157.04,1,1,0.88245
128,23,1543.59,371.41,82.05,128.17,1,1,0.85572
128,5,833.86,464.07,101.42,152.76,1,1,0.89636
128,24,52.3,400.68,70.5,125.12,1,1,0.84212
128,22,516.39,524.19,96.16,159.86,1,1,0.83762
128,25,1615.54,346.25,84.0,118.74,1,1,0.85123
128,7,785.41,413.87,70.99,131.57,1,1,0.84679
129,1,238.64,412.07,68.44,153.58,1,1,0.88437
129,4,990.68,499.74,114.43,152.14,1,1,0.87343
129,14,-0.56,498.28,34.67,167.73,1,1,0.78256
129,9,8.97,517.63,94.55,155.07,1,1,0.83472
129,12,901.08,522.13,94.07,191.66,1,1,0.8522
129,15,593.73,352.52,83.26,131.01,1,1,0.8525
129,11,518.73,445.0,86.89,160.36,1,1,0.80094
129,21,464.0,382.2,73.24,153.39,1,1,0.88184
129,0,737.4,417.32,68.76,155.94,1,1,0.84639
129,10,1353.16,463.61,78.79,156.79,1,1,0.88214
129,23,1549.22,369.98,74.5,126.7,1,1,0.855
129,5,833.13,462.45,106.93,151.92,1,1,0.89613
129,24,60.79,399.16,69.93,127.3,1,1,0.84084
129,22,517.98,523.63,96.36,159.69,1,1,0.83759
129,25,1614.11,345.88,79.68,118.03,1,1,0.8512
129,7,786.46,412.51,73.53,132.28,1,1,0.84681
130,1,233.25,414.51,67.41,152.57,1,1,0.86047
130,4,987.56,501.02,111.77,152.85,1,1,0.8555
130,9,0.43,510.75,92.86,163.32,1,1,0.81104
130,12,893.02,522.57,97.69,190.26,1,1,0.8601
130,15,583.59,352.24,88.39,135.01,1,1,0.84865
130,11,511.08,449.12,83.73,161.26,1,1,0.76281
130,21,456.3,380.8,81.46,153.36,1,1,0.87775
130,0,730.19,419.44,67.13,152.16,1,1,0.82506
130,10,1348.13,464.86,84.09,155.58,1,1,0.87183
130,23,1542.05,371.75,68.26,127.54,1,1,0.83382
130,5,824.52,462.51,112.34,148.91,1,1,0.88679
130,24,57.44,398.59,73.28,131.04,1,1,0.83485
130,22,508.71,529.3,104.96,154.91,1,1,0.82786
130,25,1600.77,347.95,75.92,118.74,1,1,0.84664
130,7,776.59,413.73,73.75,134.13,1,1,0.82758
131,1,225.61,417.76,69.95,151.41,1,1,0.85619
131,4,979.82,501.46,113.83,156.8,1,1,0.85097
131,9,-4.12,502.13,86.18,173.69,1,1,0.8351
131,12,883.03,522.15,107.52,188.07,1,1,0.87348
131,15,570.36,352.73,95.25,138.27,1,1,0.84918
131,11,501.72,455.54,69.2,155.26,1,1,0.75039
131,21,448.64,379.87,89.1,149.4,1,1,0.8755
131,0,721.22,421.58,69.41,148.11,1,1,0.83389
131,10,1339.51,464.53,97.9,155.09,1,1,0.87018
131,23,1533.56,373.27,70.2,129.0,1,1,0.8368
131,5,817.22,461.86,116.75,147.36,1,1,0.8772
131,24,51.89,398.41,77.85,134.85,1,1,0.83572
131,22,495.15,534.2,115.15,150.38,1,1,0.83837
131,25,1588.5,349.83,72.49,120.42,1,1,0.83851
131,7,766.15,414.48,73.27,136.93,1,1,0.82823
131,3,0.72,477.51,65.29,124.97,1,1,0.64615
132,1,213.63,420.72,76.84,150.34,1,1,0.87095
132,4,976.41,502.24,111.32,159.31,1,1,0.85076
132,9,-5.45,505.99,69.26,170.92,1,1,0.76746
132,12,876.81,523.35,117.99,180.47,1,1,0.87945
132,15,567.39,353.67,90.59,139.28,1,1,0.86154
132,11,486.85,469.56,69.21,144.07,1,1,0.66196
132,21,440.88,380.23,95.42,142.56,1,1,0.86611
132,0,707.53,421.57,73.25,147.46,1,1,0.84855
132,10,1331.67,464.1,111.02,155.58,1,1,0.88586
132,23,1518.8,375.73,72.85,128.04,1,1,0.84582
132,5,810.24,462.37,119.65,143.98,1,1,0.8824
132,24,42.71,399.0,83.16,137.2,1,1,0.83519
132,22,481.01,536.45,122.92,149.31,1,1,0.81847
132,25,1576.04,351.8,70.27,123.11,1,1,0.83688
132,7,757.68,415.22,70.59,136.95,1,1,0.83435
133,1,200.07,422.19,87.08,149.93,1,1,0.88122
133,4,974.99,503.47,105.95,159.84,1,1,0.85945
133,12,873.97,525.15,122.64,176.25,1,1,0.87781
133,15,568.13,353.84,82.97,140.05,1,1,0.86428
133,11,470.95,484.57,77.04,136.17,1,1,0.66767
133,21,431.52,380.57,99.93,137.8,1,1,0.8663
133,0,693.41,421.24,79.46,147.85,1,1,0.85983
133,10,1340.48,462.3,105.11,154.24,1,1,0.86223
133,23,1502.07,377.61,78.58,126.85,1,1,0.8541
133,5,811.69,462.98,113.89,139.52,1,1,0.86134
133,24,41.17,399.44,80.84,137.64,1,1,0.85443
133,22,468.92,537.19,130.98,148.83,1,1,0.85721
133,25,1565.2,354.19,68.91,126.95,1,1,0.83476
133,7,749.81,415.31,69.18,139.96,1,1,0.84834
133,28,519.56,450.17,56.22,108.2,1,1,0.68097
133,3,-3.56,481.1,54.97,162.62,1,1,0.73179
134,1,190.39,423.34,95.74,150.64,1,1,0.88209
134,4,982.42,505.52,100.44,159.52,1,1,0.85764
134,12,883.0,526.79,116.18,177.38,1,1,0.82164
134,15,571.35,355.03,78.11,139.98,1,1,0.85033
134,11,460.43,491.04,80.31,131.24,1,1,0.73194
134,21,430.94,381.71,98.6,131.38,1,1,0.85856
134,0,683.37,421.17,86.64,148.66,1,1,0.8677
134,10,1348.59,462.7,102.12,156.15,1,1,0.85604
134,23,1490.44,379.45,87.09,126.07,1,1,0.86802
134,5,819.66,464.6,105.52,138.67,1,1,0.85903
134,24,39.99,400.77,84.43,139.05,1,1,0.853
134,22,464.81,538.36,135.0,151.24,1,1,0.8563
134,25,1562.11,357.34,64.93,122.6,1,1,0.83742
134,7,745.95,417.03,68.11,141.44,1,1,0.85682
134,28,515.26,452.23,54.42,114.36,1,1,0.72893
134,3,-1.78,483.34,46.42,172.16,1,1,0.81105
135,1,179.71,423.81,101.85,152.5,1,1,0.88021
135,4,985.47,507.97,96.49,161.41,1,1,0.87136
135,12,891.75,528.24,106.38,181.3,1,1,0.85504
135,15,566.45,355.6,80.08,139.14,1,1,0.86816
135,11,449.52,497.05,79.8,156.48,1,1,0.80929
135,21,444.94,382.79,83.75,121.06,1,1,0.77621
135,0,673.23,421.17,94.13,149.7,1,1,0.87124
135,10,1370.21,462.88,86.06,157.59,1,1,0.87178
135,23,1480.13,379.77,94.16,126.66,1,1,0.87817
135,5,825.62,465.77,98.46,141.3,1,1,0.87485
135,24,42.9,401.28,83.58,140.32,1,1,0.85484
135,22,470.2,538.18,123.21,155.25,1,1,0.85325
135,25,1556.3,360.75,65.03,119.02,1,1,0.84587
135,7,742.01,418.17,68.16,141.18,1,1,0.86452
135,28,508.85,453.73,56.45,118.62,1,1,0.74899
135,3,-1.26,482.71,39.5,161.81,1,1,0.83355
135,29,645.24,373.9,75.1,150.13,1,1,0.72866
136,1,170.76,424.7,102.34,152.65,1,1,0.87989
136,4,985.99,510.89,93.09,166.01,1,1,0.8634
136,12,907.06,529.98,89.97,184.35,1,1,0.82384
136,15,560.51,356.22,85.96,139.67,1,1,0.87334
136,11,436.33,503.53,78.1,160.2,1,1,0.80909
136,21,453.41,383.75,73.07,113.47,1,1,0.77977
136,0,664.07,421.63,97.91,151.05,1,1,0.88134
136,10,1378.31,463.95,79.94,156.29,1,1,0.87376
136,23,1474.22,380.82,94.0,126.39,1,1,0.87609
136,5,828.32,466.52,94.59,143.17,1,1,0.87185
136,24,41.8,401.43,86.22,140.59,1,1,0.85012
136,22,475.41,539.93,113.01,156.97,1,1,0.84537
136,25,1551.5,362.8,65.58,117.11,1,1,0.84605
136,7,737.35,418.23,73.23,141.76,1,1,0.86949
136,28,500.42,455.29,58.3,127.9,1,1,0.78368
136,3,-1.16,482.12,31.21,159.57,1,1,0.79753
136,29,636.61,376.51,70.83,152.67,1,1,0.83446
137,1,162.88,425.69,101.13,152.69,1,1,0.87686
137,4,981.39,514.56,88.58,166.77,1,1,0.8527
137,12,919.12,538.08,84.07,178.86,1,1,0.8393
137,15,552.64,356.35,91.54,138.53,1,1,0.86938
137,11,423.04,508.84,79.63,161.78,1,1,0.84159
137,21,460.42,384.23,63.12,101.78,1,1,0.80227
137,0,653.91,422.83,100.4,151.73,1,1,0.87852
137,10,1376.93,463.96,81.96,157.05,1,1,0.8788
137,23,1468.75,381.42,91.98,128.4,1,1,0.87422
137,5,825.71,465.76,94.96,141.03,1,1,0.85052
137,24,34.64,400.39,92.47,142.89,1,1,0.8559
137,22,477.66,541.77,106.98,159.09,1,1,0.86133
137,25,1545.27,364.02,66.75,118.52,1,1,0.84699
137,7,731.68,419.09,80.84,139.19,1,1,0.87393
137,28,490.13,456.77,60.88,136.11,1,1,0.78099
137,3,-0.97,476.17,22.55,161.09,1,1,0.67497
137,29,627.63,380.15,67.5,150.3,1,1,0.82705
138,1,156.63,427.37,92.18,150.69,1,1,0.86317
138,4,981.99,519.21,88.67,158.04,1,1,0.82163
138,12,918.77,542.7,84.42,175.75,1,1,0.85122
138,15,546.1,357.43,92.55,134.48,1,1,0.88502
138,11,406.66,510.72,79.18,165.14,1,1,0.85617
138,21,459.2,384.33,59.79,98.85,1,1,0.8151
138,0,647.41,423.68,97.35,151.42,1,1,0.87726
138,10,1368.96,463.89,91.49,156.6,1,1,0.88615
138,23,1465.91,382.2,87.05,128.95,1,1,0.86669
138,5,813.49,464.69,107.05,145.47,1,1,0.87893
138,24,24.23,399.47,98.28,143.79,1,1,0.86598
138,22,473.74,545.82,104.9,158.14,1,1,0.8771
138,25,1538.07,365.72,66.58,119.4,1,1,0.85222
138,7,723.0,418.37,87.3,136.84,1,1,0.85793
138,28,476.61,458.43,64.88,143.92,1,1,0.80008
138,29,613.21,383.99,68.05,148.99,1,1,0.83317
139,1,153.37,433.0,83.7,144.28,1,1,0.77633
139,4,980.68,523.22,85.87,149.75,1,1,0.84822
139,12,911.45,546.89,87.53,172.98,1,1,0.8511
139,15,543.32,358.12,88.28,131.91,1,1,0.87491
139,11,389.39,510.05,81.23,170.1,1,1,0.84697
139,21,455.03,382.92,60.53,97.43,1,1,0.81636
139,0,644.79,423.1,89.54,152.05,1,1,0.87252
139,10,1369.21,463.81,92.82,155.11,1,1,0.88131
139,23,1465.64,382.66,79.25,130.29,1,1,0.84905
139,5,805.66,463.51,112.74,144.61,1,1,0.88225
139,24,13.36,397.94,104.39,143.77,1,1,0.87098
139,22,466.03,549.73,107.25,156.81,1,1,0.88643
139,25,1529.11,366.76,68.8,120.1,1,1,0.85369
139,7,712.85,417.54,90.9,135.13,1,1,0.863
139,28,466.96,458.13,65.52,149.32,1,1,0.79661
139,29,598.9,389.02,66.83,146.57,1,1,0.81528
140,1,151.42,434.12,86.57,142.77,1,1,0.76062
140,4,976.35,525.74,85.67,150.91,1,1,0.85308
140,12,899.96,551.92,97.23,169.79,1,1,0.84971
140,15,543.42,358.59,79.61,124.44,1,1,0.85986
140,11,373.21,508.88,82.95,172.53,1,1,0.85107
140,21,447.99,380.87,61.91,98.96,1,1,0.80644
140,0,644.73,421.78,78.54,153.05,1,1,0.86322
140,10,1387.05,464.05,74.42,156.74,1,1,0.84904
140,23,1463.87,382.6,73.97,130.5,1,1,0.84676
140,5,798.08,462.1,114.99,141.36,1,1,0.88481
140,24,4.09,397.83,109.03,142.13,1,1,0.87868
140,22,450.83,552.39,120.84,156.04,1,1,0.89006
140,25,1519.43,368.44,70.7,116.59,1,1,0.83717
140,7,700.9,416.15,91.52,138.86,1,1,0.86182
140,28,456.74,455.09,66.51,153.94,1,1,0.77051
140,29,580.78,392.65,67.53,143.5,1,1,0.77957
140,30,432.9,468.19,60.4,141.0,1,1,0.74763
141,1,148.87,431.66,83.84,144.07,1,1,0.7278
141,4,972.44,527.07,85.09,155.72,1,1,0.85429
141,12,887.61,553.6,109.48,169.34,1,1,0.87063
141,15,545.97,359.24,72.4,140.98,1,1,0.7305
141,11,354.82,509.21,84.55,174.32,1,1,0.84324
141,21,440.33,379.44,60.9,100.96,1,1,0.79502
141,0,638.55,420.21,74.61,155.79,1,1,0.86297
141,10,1390.88,464.9,71.85,157.3,1,1,0.85781
141,23,1457.44,383.44,70.67,130.58,1,1,0.83842
141,5,793.82,461.95,113.73,142.03,1,1,0.88312
141,24,-0.67,398.73,107.63,141.85,1,1,0.86932
141,22,436.41,554.87,132.73,155.01,1,1,0.88726
141,25,1509.9,370.57,69.64,113.19,1,1,0.82848
141,7,687.46,414.51,91.46,145.64,1,1,0.8633
141,28,445.7,456.48,67.28,155.19,1,1,0.78258
141,30,419.69,470.71,58.44,139.21,1,1,0.72264
141,31,1870.39,321.53,45.4,137.45,1,1,0.82098
142,1,137.98,424.38,88.47,151.7,1,1,0.77319
142,4,963.36,529.22,87.5,158.45,1,1,0.85434
142,12,878.26,553.46,118.01,170.17,1,1,0.88243
142,15,543.12,359.98,76.96,162.44,1,1,0.80457
142,11,335.17,509.18,84.65,175.37,1,1,0.84661
142,21,431.61,377.34,60.6,102.32,1,1,0.8068
142,0,625.63,420.01,76.38,156.43,1,1,0.86703
142,10,1390.96,465.69,73.89,155.59,1,1,0.85542
142,23,1451.58,384.67,64.76,129.1,1,1,0.83624
142,5,793.54,462.42,108.2,143.27,1,1,0.87553
142,24,0.72,400.09,98.77,141.88,1,1,0.83621
142,22,422.77,556.03,138.85,155.57,1,1,0.88977
142,25,1500.51,372.28,66.35,109.7,1,1,0.81938
142,7,677.51,413.95,91.08,147.42,1,1,0.87499
142,28,435.32,454.39,66.71,156.03,1,1,0.76725
142,30,402.32,474.75,59.68,138.61,1,1,0.80222
142,31,1846.96,326.93,61.82,133.68,1,1,0.84661
143,1,152.81,419.45,65.02,134.1,1,1,0.73645
143,4,954.12,530.35,89.38,162.4,1,1,0.86062
143,12,872.92,553.18,116.97,171.72,1,1,0.88025
143,15,541.72,358.49,73.11,126.5,1,1,0.74875
143,11,314.61,509.06,86.15,174.22,1,1,0.84075
143,21,421.82,375.87,60.56,100.71,1,1,0.80375
143,0,612.16,419.09,78.66,155.12,1,1,0.87103
143,10,1378.66,464.08,87.93,157.16,1,1,0.88056
143,23,1442.69,385.12,59.34,127.72,1,1,0.82725
143,5,792.45,462.06,100.17,144.6,1,1,0.8708
143,24,-0.22,400.93,90.47,141.19,1,1,0.85319
143,22,413.08,554.65,138.65,158.37,1,1,0.88985
143,25,1483.92,372.67,70.5,118.01,1,1,0.81291
143,7,667.91,413.17,88.56,147.28,1,1,0.88082
143,28,422.99,452.04,66.84,153.17,1,1,0.78315
143,30,384.73,476.67,63.18,136.82,1,1,0.80599
143,31,1820.2,327.03,71.01,129.35,1,1,0.85194
144,1,115.7,419.35,65.7,146.35,1,1,0.85706
144,4,932.3,534.33,81.53,160.78,1,1,0.85832
144,12,863.46,557.74,95.54,169.17,1,1,0.86292
144,15,509.06,356.77,74.51,122.93,1,1,0.82407
144,11,255.65,512.8,96.33,174.49,1,1,0.85457
144,21,395.33,376.83,56.07,99.51,1,1,0.78466
144,0,577.58,418.94,78.7,152.9,1,1,0.86801
144,10,1347.75,454.88,104.6,165.72,1,1,0.8729
144,23,1411.19,387.99,56.98,119.31,1,1,0.78435
144,5,778.79,461.99,90.37,144.38,1,1,0.8587
144,24,-12.35,400.96,69.95,141.17,1,1,0.84569
144,22,394.66,555.45,124.61,159.0,1,1,0.88302
144,25,1449.03,373.57,68.46,122.83,1,1,0.84946
144,7,636.22,415.64,85.98,143.69,1,1,0.87397
144,28,383.11,454.39,71.95,148.81,1,1,0.77353
144,30,338.21,479.32,68.39,136.44,1,1,0.82825
144,31,1764.52,326.52,71.67,126.41,1,1,0.85878
144,29,467.92,392.38,69.3,146.39,1,1,0.78855
145,1,119.19,418.86,65.81,150.39,1,1,0.85708
145,4,942.0,535.38,78.5,160.08,1,1,0.85828
145,12,878.3,558.99,86.54,168.23,1,1,0.86289
145,15,514.44,355.82,75.09,121.91,1,1,0.82373
145,11,251.81,513.69,100.16,174.58,1,1,0.85464
145,21,402.91,376.79,54.44,99.23,1,1,0.78464
145,0,582.87,418.48,78.49,152.01,1,1,0.86764
145,10,1354.7,451.05,111.34,168.87,1,1,0.87286
145,23,1416.64,388.65,56.29,116.12,1,1,0.78441
145,5,790.93,461.56,86.68,144.33,1,1,0.85828
145,24,0.27,400.54,62.11,141.14,1,1,0.84558
145,22,406.44,555.24,118.74,159.24,1,1,0.88302
145,25,1454.27,373.44,67.63,124.7,1,1,0.84941
145,7,642.43,416.17,84.98,142.26,1,1,0.87393
145,28,386.34,455.06,73.88,146.78,1,1,0.7738
145,30,338.94,479.78,70.36,136.34,1,1,0.82756
145,31,1761.64,325.92,71.48,125.65,1,1,0.8589
145,32,1848.19,324.34,70.81,136.97,1,1,0.84107
145,29,466.65,391.53,69.57,146.34,1,1,0.78623
146,1,94.86,419.38,69.92,151.75,1,1,0.86338
146,4,928.47,535.54,76.34,158.88,1,1,0.83267
146,12,873.24,559.2,76.62,168.3,1,1,0.84734
146,15,493.96,355.15,74.89,124.98,1,1,0.85759
146,11,221.49,516.09,103.54,173.95,1,1,0.84358
146,21,386.72,378.0,51.69,98.14,1,1,0.7964
146,0,567.53,418.55,77.23,151.1,1,1,0.86881
146,10,1344.18,444.52,109.96,175.38,1,1,0.87517
146,23,1379.48,389.47,75.74,121.74,1,1,0.78499
146,5,764.22,460.58,98.22,145.42,1,1,0.8684
146,24,-3.41,394.34,49.41,136.61,1,1,0.77817
146,22,400.71,556.18,110.72,157.11,1,1,0.87819
146,25,1438.79,373.41,64.69,121.4,1,1,0.83182
146,7,625.28,416.94,84.97,138.4,1,1,0.8588
146,28,362.17,456.54,77.28,144.95,1,1,0.76791
146,30,313.79,480.71,74.68,135.77,1,1,0.81314
146,31,1729.79,327.02,72.4,123.71,1,1,0.85554
146,32,1813.02,323.36,84.82,138.81,1,1,0.84226
146,29,441.99,393.12,69.11,144.76,1,1,0.78441
147,1,69.55,420.55,73.31,152.7,1,1,0.85774
147,4,916.7,534.89,79.9,150.56,1,1,0.79329
147,12,854.69,558.38,82.52,169.29,1,1,0.85313
147,15,469.57,355.31,77.46,127.76,1,1,0.85432
147,11,192.43,517.79,107.34,174.56,1,1,0.86262
147,21,370.39,379.96,52.94,96.69,1,1,0.79301
147,0,545.3,420.35,80.87,150.38,1,1,0.87025
147,10,1337.85,440.6,102.3,178.88,1,1,0.86816
147,23,1345.4,389.78,90.74,121.66,1,1,0.82306
147,5,744.17,459.0,104.12,145.69,1,1,0.87088
147,22,389.88,557.85,109.41,157.64,1,1,0.86806
147,25,1421.52,374.3,62.73,116.36,1,1,0.78375
147,7,607.0,418.1,87.8,133.06,1,1,0.86633
147,28,337.62,451.96,81.83,155.25,1,1,0.76971
147,30,290.21,480.81,76.79,137.21,1,1,0.82787
147,31,1697.67,327.36,71.4,123.64,1,1,0.84823
147,32,1778.15,323.01,88.25,139.25,1,1,0.84649
147,29,414.17,393.89,68.54,143.61,1,1,0.75817
148,1,45.85,421.94,74.52,153.28,1,1,0.84898
148,4,902.5,534.32,80.29,147.33,1,1,0.81457
148,12,833.93,556.57,89.17,172.61,1,1,0.86098
148,15,446.57,355.78,80.6,130.02,1,1,0.85642
148,11,167.7,518.24,108.21,174.75,1,1,0.87472
148,21,353.47,380.32,51.99,96.84,1,1,0.79633
148,0,521.0,420.95,86.58,150.08,1,1,0.86569
148,10,1328.65,440.28,96.25,179.82,1,1,0.85375
148,23,1321.84,389.45,97.41,122.54,1,1,0.83732
148,5,722.34,458.54,113.14,144.88,1,1,0.88585
148,22,373.75,558.25,110.39,157.45,1,1,0.86691
148,25,1405.03,376.22,61.9,113.34,1,1,0.76382
148,7,589.19,417.2,95.07,131.81,1,1,0.85671
148,28,315.95,450.4,83.88,158.51,1,1,0.77191
148,30,262.49,480.67,84.12,139.75,1,1,0.83554
148,31,1665.58,327.42,69.55,123.64,1,1,0.84971
148,32,1743.64,322.39,88.01,140.14,1,1,0.85861
148,29,389.11,395.08,69.47,142.99,1,1,0.77512
149,1,20.6,423.12,78.41,154.22,1,1,0.8658
149,4,895.36,533.22,76.27,150.24,1,1,0.85379
149,12,813.95,554.22,104.3,175.18,1,1,0.88366
149,15,428.22,355.54,81.67,130.48,1,1,0.86759
149,11,147.88,517.77,108.15,175.35,1,1,0.87874
149,21,339.91,379.17,47.7,90.91,1,1,0.70237
149,0,497.73,420.93,95.09,150.08,1,1,0.86945
149,10,1315.58,430.55,98.66,187.53,1,1,0.8569
149,23,1307.27,389.22,98.27,120.44,1,1,0.73117
149,5,711.1,457.87,114.24,143.42,1,1,0.88606
149,22,356.3,556.65,120.35,159.44,1,1,0.87995
149,25,1391.26,376.87,60.0,112.85,1,1,0.79348
149,7,572.38,415.62,101.67,132.8,1,1,0.87356
149,28,300.41,449.98,80.58,158.96,1,1,0.74248
149,30,237.54,479.69,91.3,142.47,1,1,0.86182
149,31,1635.72,326.34,69.01,123.67,1,1,0.83998
149,32,1712.74,320.84,78.04,139.72,1,1,0.84087
150,1,5.64,424.49,77.49,152.89,1,1,0.85689
150,4,885.17,532.04,77.99,156.16,1,1,0.86609
150,12,797.46,551.84,117.92,176.97,1,1,0.88749
150,15,414.73,355.43,82.28,131.4,1,1,0.86711
150,11,131.36,517.68,102.43,174.22,1,1,0.87631
150,0,477.13,420.98,103.52,149.2,1,1,0.87534
150,10,1310.44,427.06,99.8,187.64,1,1,0.85772
150,23,1301.63,389.3,92.15,119.35,1,1,0.83247
150,5,706.63,457.92,108.86,144.39,1,1,0.88569
150,22,341.81,555.36,126.38,159.34,1,1,0.88833
150,25,1382.62,378.54,56.44,111.89,1,1,0.79969
150,7,562.27,414.97,96.97,134.61,1,1,0.85785
150,28,286.44,451.33,81.97,157.37,1,1,0.82171
150,30,216.1,478.37,96.69,143.62,1,1,0.86885
150,31,1605.63,324.78,69.18,123.34,1,1,0.84839
150,32,1684.59,320.48,73.69,137.57,1,1,0.86008
150,29,333.4,394.34,65.7,137.27,1,1,0.6887
151,1,-2.83,426.27,72.51,151.64,1,1,0.87715
151,4,872.44,532.38,82.88,158.83,1,1,0.86085
151,12,783.87,551.53,125.96,176.19,1,1,0.8939
151,15,398.64,355.39,87.41,132.44,1,1,0.87903
151,11,112.8,518.34,99.85,176.06,1,1,0.87439
151,0,457.77,422.81,107.83,147.73,1,1,0.88048
151,10,1305.31,428.13,99.31,183.5,1,1,0.86311
151,23,1301.26,390.79,82.05,120.91,1,1,0.82225
151,5,705.56,458.84,101.78,146.3,1,1,0.87676
151,22,331.44,554.99,127.3,154.86,1,1,0.88226
151,25,1373.32,379.43,55.99,116.62,1,1,0.82125
151,7,548.48,415.7,92.93,134.62,1,1,0.84448
151,28,274.99,452.84,80.62,154.1,1,1,0.81939
151,30,197.2,477.17,101.02,144.03,1,1,0.88339
151,31,1576.19,324.18,67.99,121.98,1,1,0.84648
151,32,1655.57,319.98,71.13,136.7,1,1,0.8617
151,29,309.08,397.52,64.59,124.61,1,1,0.71489
151,21,315.77,375.93,48.65,57.87,1,1,0.65228
152,1,-4.87,426.71,61.68,143.64,1,1,0.86642
152,4,866.54,531.27,80.53,159.79,1,1,0.85097
152,12,775.99,551.69,126.03,177.61,1,1,0.88959
152,15,384.84,354.16,90.74,133.82,1,1,0.88799
152,11,95.09,518.02,95.98,178.33,1,1,0.87801
152,0,441.9,424.08,109.83,145.15,1,1,0.88791
152,10,1304.31,426.59,98.5,183.64,1,1,0.86225
152,23,1291.16,390.83,81.03,125.51,1,1,0.8487
152,5,709.71,458.95,89.01,149.28,1,1,0.86422
152,22,327.86,553.99,121.28,154.34,1,1,0.87752
152,25,1364.53,379.86,57.11,120.07,1,1,0.7967
152,7,539.49,416.51,83.69,133.32,1,1,0.83716
152,28,263.63,453.67,78.22,154.66,1,1,0.81656
152,30,184.45,475.25,99.06,144.62,1,1,0.88312
152,31,1549.27,324.03,67.5,121.63,1,1,0.8481
152,32,1627.69,319.87,73.33,136.39,1,1,0.87256
152,29,287.76,400.26,66.5,131.99,1,1,0.76547
153,1,-4.69,426.93,49.01,141.14,1,1,0.8576
153,4,863.5,530.76,74.11,163.23,1,1,0.84995
153,12,772.2,552.48,117.7,180.78,1,1,0.88914
153,15,370.41,352.95,94.98,132.33,1,1,0.8854
153,11,77.59,518.55,91.68,179.49,1,1,0.87728
153,0,429.15,424.18,106.69,144.2,1,1,0.87901
153,10,1308.12,421.56,93.38,190.51,1,1,0.85901
153,23,1276.78,390.82,85.47,126.36,1,1,0.85269
153,5,705.32,457.98,88.72,148.93,1,1,0.86566
153,22,331.28,554.96,108.05,153.35,1,1,0.87232
153,7,528.89,417.64,94.01,132.55,1,1,0.8541
153,28,247.14,460.52,78.47,149.29,1,1,0.8045
153,30,175.04,473.94,93.28,144.69,1,1,0.87344
153,31,1520.25,322.92,68.45,121.24,1,1,0.83549
153,32,1598.71,318.94,77.02,135.01,1,1,0.86841
153,29,267.12,406.14,65.46,132.42,1,1,0.70399
153,21,294.59,375.78,50.48,118.6,1,1,0.7132
154,1,-3.63,425.76,33.06,141.77,1,1,0.79523
154,4,857.59,530.91,70.52,165.24,1,1,0.8434
154,12,772.87,554.07,103.68,181.36,1,1,0.87517
154,15,358.69,352.33,96.8,128.57,1,1,0.88435
154,11,59.36,520.27,89.57,181.73,1,1,0.8744
154,0,419.84,424.13,103.28,143.73,1,1,0.88327
154,10,1313.0,422.09,89.19,192.43,1,1,0.86306
154,23,1263.27,390.71,90.06,125.97,1,1,0.85535
154,5,691.31,456.43,96.87,149.65,1,1,0.88142
154,22,337.98,554.95,95.35,153.27,1,1,0.87231
154,7,515.4,417.51,100.92,133.92,1,1,0.87336
154,28,231.27,462.36,81.17,148.71,1,1,0.82629
154,30,160.24,472.36,93.46,146.09,1,1,0.87789
154,31,1494.11,322.42,67.07,118.5,1,1,0.84424
154,32,1569.05,317.41,81.62,133.63,1,1,0.87278
154,29,244.29,402.54,59.68,103.15,1,1,0.78113
154,21,284.91,375.15,49.07,125.4,1,1,0.80074
155,1,-1.81,418.24,16.35,148.94,1,1,0.70533
155,4,850.88,531.24,73.87,163.9,1,1,0.83259
155,12,776.58,555.4,93.02,180.02,1,1,0.86642
155,15,350.2,351.59,96.5,125.59,1,1,0.89099
155,11,44.5,523.47,86.07,180.45,1,1,0.87042
155,0,414.99,423.46,96.4,141.68,1,1,0.87473
155,10,1313.81,422.12,85.85,193.09,1,1,0.82616
155,23,1254.2,390.23,91.17,122.54,1,1,0.85182
155,5,677.93,454.16,104.3,150.72,1,1,0.88972
155,22,341.55,554.96,86.73,153.02,1,1,0.86975
155,7,499.98,416.57,100.97,134.37,1,1,0.88856
155,28,216.56,463.19,86.98,148.09,1,1,0.83502
155,30,143.81,470.43,93.06,147.79,1,1,0.87722
155,31,1469.56,321.1,64.11,117.81,1,1,0.84157
155,32,1541.5,314.47,84.56,134.76,1,1,0.87658
155,29,225.95,399.39,58.29,96.87,1,1,0.69861
155,21,274.57,375.38,48.71,122.65,1,1,0.78793
156,4,846.05,531.46,78.07,161.05,1,1,0.81456
156,12,782.97,555.92,86.01,180.23,1,1,0.85869
156,15,348.92,352.38,90.92,126.71,1,1,0.88079
156,11,29.7,526.72,84.13,179.5,1,1,0.85552
156,0,414.32,423.54,87.83,144.25,1,1,0.87135
156,10,1306.84,416.49,91.55,198.74,1,1,0.81369
156,23,1248.6,390.87,89.92,122.91,1,1,0.84837
156,5,668.8,452.38,110.59,146.67,1,1,0.89045
156,22,331.61,555.33,92.73,152.38,1,1,0.8747
156,7,486.71,416.36,101.95,133.54,1,1,0.8853
156,28,205.49,462.64,93.61,149.09,1,1,0.83954
156,30,127.81,469.69,96.66,149.02,1,1,0.87613
156,31,1447.12,321.01,61.94,117.56,1,1,0.83095
156,32,1514.18,312.97,85.33,134.88,1,1,0.877
156,29,208.11,398.83,55.85,113.63,1,1,0.77567
156,21,265.02,376.02,50.46,120.93,1,1,0.81777
157,4,839.53,531.76,80.39,158.27,1,1,0.8472
157,12,775.94,555.67,88.07,182.24,1,1,0.86036
157,15,352.14,352.38,85.3,125.59,1,1,0.85617
157,11,14.15,529.52,83.51,177.66,1,1,0.85521
157,0,409.8,422.5,84.14,145.74,1,1,0.85553
157,10,1293.74,425.36,101.22,189.95,1,1,0.81944
157,23,1247.03,391.39,84.21,123.03,1,1,0.84268
157,5,662.2,450.7,115.26,143.04,1,1,0.88621
157,22,316.68,553.18,103.57,154.72,1,1,0.87312
157,7,475.64,415.49,102.95,132.64,1,1,0.88005
157,28,199.65,455.25,93.57,154.74,1,1,0.83017
157,30,112.08,468.88,100.0,149.01,1,1,0.87316
157,31,1424.81,320.48,59.92,115.96,1,1,0.8145
157,32,1487.07,311.78,84.36,134.27,1,1,0.86026
157,29,189.18,398.81,54.9,117.12,1,1,0.79563
157,21,255.71,375.6,52.13,117.5,1,1,0.79128
158,4,832.47,531.3,80.25,157.78,1,1,0.86368
158,12,763.26,554.8,91.54,183.83,1,1,0.86953
158,15,347.92,352.28,87.16,128.05,1,1,0.86216
158,11,-0.67,531.42,81.03,176.82,1,1,0.86719
158,0,397.68,421.21,84.82,141.33,1,1,0.80771
158,10,1286.3,430.88,99.45,176.59,1,1,0.81551
158,23,1246.59,392.15,79.85,124.1,1,1,0.8413
158,5,660.74,450.25,110.14,142.79,1,1,0.88109
158,22,301.12,552.97,118.81,154.27,1,1,0.86718
158,7,468.28,414.29,101.14,134.97,1,1,0.87103
158,28,191.37,455.84,90.85,153.04,1,1,0.82841
158,30,97.65,468.63,102.02,147.82,1,1,0.87039
158,31,1402.76,320.73,57.11,114.55,1,1,0.80963
158,32,1459.24,310.92,83.1,133.71,1,1,0.84763
158,29,170.69,398.22,56.21,116.35,1,1,0.70477
158,21,245.45,373.81,54.88,133.59,1,1,0.75893
159,4,828.12,530.24,81.2,159.1,1,1,0.87129
159,12,750.98,554.35,97.83,184.24,1,1,0.87417
159,15,334.14,352.42,95.16,129.11,1,1,0.87812
159,11,-5.55,532.75,68.31,172.76,1,1,0.87107
159,0,381.74,420.43,90.68,139.55,1,1,0.82324
159,23,1235.0,392.47,85.24,122.99,1,1,0.84725
159,5,667.91,450.86,95.75,143.74,1,1,0.8765
159,22,292.96,558.38,125.12,146.19,1,1,0.87109
159,7,473.07,413.32,87.32,139.12,1,1,0.83262
159,28,187.77,458.88,83.92,148.67,1,1,0.83981
159,30,84.46,468.35,102.58,147.12,1,1,0.86332
159,31,1379.98,321.05,53.87,110.5,1,1,0.77322
159,32,1432.51,312.06,80.24,130.72,1,1,0.85286
159,29,150.68,399.09,57.7,126.89,1,1,0.73254
159,21,235.45,371.93,56.61,141.88,1,1,0.82228
160,4,823.49,530.72,80.59,159.39,1,1,0.86807
160,12,739.33,554.48,105.31,178.08,1,1,0.88259
160,15,319.83,351.54,103.31,129.92,1,1,0.88445
160,11,-6.03,533.35,53.37,168.58,1,1,0.86014
160,0,364.24,420.02,97.44,141.33,1,1,0.85862
160,23,1220.49,392.15,90.25,123.12,1,1,0.84304
160,5,675.68,452.21,84.03,144.03,1,1,0.86709
160,22,289.66,553.13,120.39,149.42,1,1,0.87424
160,7,463.87,412.95,87.41,141.55,1,1,0.8491
160,28,177.12,459.34,85.48,148.75,1,1,0.85622
160,30,73.79,468.49,101.77,147.8,1,1,0.85919
160,31,1355.92,321.87,52.51,109.02,1,1,0.71108
160,32,1406.72,314.19,74.7,128.14,1,1,0.85317
160,29,130.61,399.19,57.55,122.93,1,1,0.70802
160,21,225.58,370.29,59.48,139.35,1,1,0.84656
160,25,1288.41,387.33,53.08,185.67,1,1,0.67125
161,4,809.24,532.0,69.96,159.47,1,1,0.84839
161,12,722.94,556.63,105.22,164.49,1,1,0.85116
161,15,295.17,351.58,103.78,123.17,1,1,0.88538
161,0,338.72,420.55,97.56,137.54,1,1,0.86517
161,23,1197.19,391.59,91.35,126.44,1,1,0.85362
161,5,655.37,454.55,91.32,143.53,1,1,0.87758
161,22,291.13,548.39,104.64,154.65,1,1,0.85441
161,7,446.5,413.22,82.84,143.57,1,1,0.87629
161,28,144.25,457.07,87.96,149.92,1,1,0.84669
161,30,58.39,471.74,91.27,145.73,1,1,0.84821
161,31,1310.45,321.7,52.23,117.06,1,1,0.77032
161,32,1355.91,318.26,69.7,126.79,1,1,0.84193
161,29,92.1,400.31,56.99,113.04,1,1,0.77202
161,21,204.39,369.98,58.01,137.92,1,1,0.84609
161,10,1305.96,449.88,64.18,157.96,1,1,0.83596
162,4,818.35,532.02,65.76,159.48,1,1,0.84836
162,12,731.98,556.98,105.07,159.39,1,1,0.85118
162,15,301.09,351.15,103.83,120.55,1,1,0.88539
162,0,344.32,420.31,97.53,136.12,1,1,0.86502
162,23,1203.62,390.92,91.65,127.6,1,1,0.85339
162,5,662.08,455.0,93.6,143.31,1,1,0.87747
162,22,306.64,546.15,98.31,156.6,1,1,0.85433
162,7,454.59,412.88,81.11,144.29,1,1,0.87645
162,28,146.84,455.75,88.9,150.32,1,1,0.84668
162,30,67.99,472.54,86.98,144.9,1,1,0.84832
162,31,1308.79,321.24,52.17,119.9,1,1,0.77001
162,32,1352.55,319.32,67.95,126.32,1,1,0.84206
162,29,92.83,400.24,56.79,109.23,1,1,0.77196
162,21,211.56,369.4,57.36,137.09,1,1,0.84581
162,34,-0.0,521.48,13.4,149.73,1,1,0.66988
162,10,1317.85,452.75,57.93,155.1,1,1,0.83609
163,4,812.09,531.22,66.11,156.49,1,1,0.80036
163,12,730.14,560.42,99.52,154.28,1,1,0.80767
163,15,296.26,351.53,98.83,115.5,1,1,0.87048
163,0,338.67,420.84,92.45,135.39,1,1,0.86273
163,23,1199.04,394.85,80.15,127.64,1,1,0.82717
163,5,645.2,455.5,104.01,143.65,1,1,0.89638
163,22,311.02,544.3,89.89,158.77,1,1,0.85408
163,7,438.92,413.53,88.11,145.01,1,1,0.89298
163,28,130.6,455.05,93.08,152.41,1,1,0.86332
163,30,54.01,472.77,88.77,146.21,1,1,0.85518
163,31,1290.0,321.19,50.15,115.43,1,1,0.74407
163,32,1330.64,321.3,65.0,120.86,1,1,0.82062
163,29,75.68,401.58,56.6,110.11,1,1,0.76684
163,21,202.72,370.83,55.52,135.1,1,1,0.84624
163,10,1301.8,444.59,73.09,162.32,1,1,0.84352
164,4,806.1,528.85,68.57,155.56,1,1,0.83286
164,12,734.52,562.75,85.31,152.3,1,1,0.80824
164,15,296.8,351.22,90.22,117.6,1,1,0.86083
164,0,336.27,419.75,86.01,132.97,1,1,0.83848
164,5,635.23,454.97,112.49,144.08,1,1,0.88765
164,22,305.74,540.01,89.8,163.01,1,1,0.84997
164,7,425.08,413.14,95.7,146.1,1,1,0.88334
164,28,116.89,451.81,96.97,155.54,1,1,0.85752
164,30,40.04,470.23,92.37,148.48,1,1,0.85011
164,32,1309.66,322.53,61.34,119.18,1,1,0.79185
164,21,193.68,371.96,56.73,133.77,1,1,0.83082
164,10,1286.32,438.55,93.89,166.78,1,1,0.82455
165,4,801.39,526.3,73.07,155.25,1,1,0.84613
165,12,746.34,563.49,69.05,149.9,1,1,0.79481
165,15,302.49,351.4,78.93,121.4,1,1,0.85907
165,0,338.9,418.44,77.97,131.05,1,1,0.80444
165,5,632.43,455.05,113.92,143.32,1,1,0.87163
165,22,295.78,532.64,94.49,169.98,1,1,0.85007
165,7,415.9,412.89,99.92,141.48,1,1,0.87888
165,28,106.59,450.82,99.52,156.03,1,1,0.86419
165,30,25.47,468.63,95.18,151.08,1,1,0.85739
165,32,1290.64,323.3,57.18,115.52,1,1,0.76657
165,21,186.16,372.62,58.97,129.91,1,1,0.82934
165,10,1277.67,449.6,109.08,151.08,1,1,0.84043
166,4,795.22,524.84,81.7,155.75,1,1,0.85618
166,12,747.12,563.59,66.38,155.77,1,1,0.79052
166,15,300.47,351.57,77.28,123.77,1,1,0.8532
166,0,327.68,417.21,81.72,133.0,1,1,0.77742
166,5,639.18,456.12,103.03,139.73,1,1,0.86519
166,22,285.28,528.08,101.85,171.24,1,1,0.86164
166,7,410.05,412.54,100.8,137.66,1,1,0.88016
166,28,99.89,451.15,94.97,155.13,1,1,0.8602
166,30,13.97,468.58,96.02,150.41,1,1,0.86611
166,32,1253.61,358.48,68.18,121.36,1,1,0.67097
166,21,180.08,372.67,59.71,126.23,1,1,0.82235
166,10,1276.82,455.58,110.13,145.97,1,1,0.85846
167,4,784.23,522.88,86.08,157.64,1,1,0.84677
167,12,728.84,561.97,79.12,169.46,1,1,0.82657
167,15,280.39,349.99,86.91,125.61,1,1,0.86386
167,0,298.96,417.54,90.75,136.44,1,1,0.85436
167,5,649.83,456.94,84.74,142.41,1,1,0.84375
167,22,277.18,531.51,95.57,161.82,1,1,0.85201
167,7,405.77,413.22,96.91,138.8,1,1,0.87345
167,28,89.6,453.84,82.93,157.46,1,1,0.85718
167,30,-2.51,469.46,90.71,147.52,1,1,0.84945
167,32,1208.33,377.39,62.79,130.88,1,1,0.76519
167,21,162.29,371.14,67.0,128.91,1,1,0.83955
167,10,1284.34,457.58,81.05,145.23,1,1,0.85008
167,31,1202.27,318.37,47.92,109.71,1,1,0.75168
168,4,788.98,521.39,80.8,159.08,1,1,0.84108
168,12,722.01,560.99,94.75,175.16,1,1,0.84641
168,15,275.95,348.75,93.34,122.14,1,1,0.87164
168,0,289.16,417.44,98.16,136.56,1,1,0.85308
168,5,656.72,456.18,84.05,145.62,1,1,0.85992
168,22,285.34,533.28,88.09,157.56,1,1,0.856
168,7,416.29,413.39,91.14,141.68,1,1,0.87546
168,28,94.54,454.99,72.91,159.31,1,1,0.86065
168,30,1.3,469.39,80.93,146.14,1,1,0.84482
168,32,1192.67,384.97,64.74,136.73,1,1,0.71327
168,21,159.08,370.09,72.1,130.31,1,1,0.84834
168,10,1296.75,456.93,66.44,146.52,1,1,0.85096
168,36,1249.64,391.75,57.94,125.36,1,1,0.78073
168,31,1186.02,317.12,49.34,108.58,1,1,0.76434
169,4,795.86,520.82,78.55,159.62,1,1,0.84105
169,12,724.79,560.55,100.95,177.4,1,1,0.84646
169,15,279.44,348.25,95.89,120.79,1,1,0.87161
169,0,290.71,417.38,101.08,136.58,1,1,0.85313
169,5,663.45,455.85,83.82,146.83,1,1,0.85992
169,22,292.87,533.95,85.37,155.99,1,1,0.85613
169,7,425.17,413.42,88.92,142.74,1,1,0.87541
169,28,100.85,455.41,69.44,159.97,1,1,0.86067
169,30,7.7,469.34,77.25,145.61,1,1,0.84486
169,32,1192.32,387.62,65.44,139.14,1,1,0.71213
169,21,163.31,369.68,74.12,130.72,1,1,0.84834
169,10,1304.59,456.59,61.79,147.04,1,1,0.8509
169,36,1252.3,393.07,57.92,124.43,1,1,0.7805
169,31,1185.35,316.65,49.79,108.19,1,1,0.7635
170,4,793.52,521.59,75.28,161.52,1,1,0.83575
170,12,717.07,561.75,107.72,177.69,1,1,0.84233
170,15,276.15,348.15,95.17,112.13,1,1,0.84655
170,0,284.63,417.61,100.72,137.39,1,1,0.84629
170,5,657.31,455.42,88.43,148.08,1,1,0.86227
170,22,297.39,532.81,82.77,158.75,1,1,0.82931
170,7,420.69,414.79,89.22,142.97,1,1,0.87559
170,28,97.3,456.94,67.98,158.97,1,1,0.84672
170,30,7.38,469.36,71.31,147.09,1,1,0.82921
170,32,1181.41,394.63,70.18,138.58,1,1,0.79735
170,21,157.14,370.08,76.4,131.64,1,1,0.83694
170,10,1303.04,456.02,68.48,146.03,1,1,0.82933
170,36,1248.75,394.99,61.25,125.5,1,1,0.79107
170,31,1170.43,315.49,50.87,111.12,1,1,0.77059
171,4,794.6,521.49,75.43,163.6,1,1,0.8502
171,12,713.94,563.7,107.84,177.99,1,1,0.84416
171,15,295.39,348.31,73.86,105.1,1,1,0.79582
171,0,283.0,418.12,97.06,139.74,1,1,0.82122
171,5,650.3,455.17,98.0,146.04,1,1,0.86547
171,22,298.25,531.94,83.46,159.7,1,1,0.8338
171,7,410.14,415.61,97.65,143.59,1,1,0.88185
171,28,89.24,455.59,72.73,161.17,1,1,0.84391
171,30,1.07,469.78,69.63,147.81,1,1,0.86333
171,32,1180.39,400.86,70.1,135.73,1,1,0.83054
171,21,157.76,371.01,70.21,132.57,1,1,0.81671
171,10,1304.5,456.33,79.8,140.43,1,1,0.84869
171,36,1247.15,396.89,63.16,120.4,1,1,0.80992
171,31,1156.69,313.95,52.36,119.33,1,1,0.77407
172,4,796.82,519.03,75.48,165.88,1,1,0.85668
172,12,714.35,565.18,103.06,179.03,1,1,0.85345
172,15,310.16,348.73,57.5,103.34,1,1,0.80698
172,0,286.08,418.46,90.41,140.06,1,1,0.80259
172,5,648.41,454.79,103.86,142.78,1,1,0.87268
172,22,292.43,529.04,90.14,161.78,1,1,0.83873
172,7,401.96,416.08,104.46,143.62,1,1,0.88333
172,28,76.89,455.83,81.8,161.35,1,1,0.86183
172,30,-1.18,469.32,66.89,149.58,1,1,0.86566
172,32,1175.76,404.29,75.97,133.44,1,1,0.82759
172,21,154.99,372.18,67.17,133.13,1,1,0.81423
172,10,1305.41,456.06,87.36,136.38,1,1,0.85541
172,36,1246.95,399.16,65.88,119.35,1,1,0.81281
172,31,1143.68,313.29,54.37,123.41,1,1,0.73918
173,4,794.37,519.56,78.54,165.34,1,1,0.85992
173,12,721.36,567.61,89.59,180.46,1,1,0.84089
173,15,304.49,350.71,64.7,101.69,1,1,0.79462
173,0,293.15,420.89,79.61,143.13,1,1,0.84018
173,5,652.37,456.5,101.02,143.08,1,1,0.87974
173,22,287.02,530.49,98.97,160.41,1,1,0.84852
173,7,397.01,418.66,108.53,141.46,1,1,0.88885
173,28,64.77,459.44,90.84,162.27,1,1,0.87463
173,30,-1.56,470.66,63.86,149.22,1,1,0.85627
173,32,1167.44,408.51,85.13,132.78,1,1,0.84066
173,21,149.66,375.33,68.69,135.48,1,1,0.83202
173,10,1307.13,458.6,88.14,135.59,1,1,0.85281
173,36,1248.49,403.23,67.52,120.33,1,1,0.81938
173,31,1131.96,314.17,56.97,125.18,1,1,0.74958
174,4,789.95,522.37,82.18,163.85,1,1,0.8515
174,12,730.2,573.21,74.14,180.33,1,1,0.8201
174,15,305.59,355.34,65.8,118.3,1,1,0.80918
174,0,298.11,426.78,73.45,145.35,1,1,0.84074
174,5,661.61,461.31,89.97,144.28,1,1,0.8576
174,22,293.57,532.79,98.21,158.5,1,1,0.81193
174,7,394.03,423.35,109.95,140.54,1,1,0.88866
174,28,54.91,466.41,97.7,162.09,1,1,0.86503
174,30,-2.0,475.2,61.3,150.44,1,1,0.85937
174,32,1159.09,414.65,93.23,132.36,1,1,0.84569
174,21,152.44,381.04,64.47,135.29,1,1,0.83724
174,10,1307.18,462.84,83.1,136.86,1,1,0.84506
174,36,1248.89,409.89,68.43,123.36,1,1,0.81986
174,31,1116.77,319.61,57.15,123.92,1,1,0.78424
175,4,785.45,526.07,88.28,164.75,1,1,0.84618
175,12,736.11,579.41,64.33,179.85,1,1,0.82357
175,15,293.74,360.53,79.75,124.98,1,1,0.83188
175,0,289.2,431.01,78.33,151.77,1,1,0.83228
175,5,681.02,466.97,70.47,146.11,1,1,0.83516
175,22,291.78,538.0,101.48,158.51,1,1,0.82094
175,7,394.55,428.2,104.74,145.04,1,1,0.879
175,28,49.98,473.72,97.42,160.4,1,1,0.85962
175,30,-2.03,480.61,56.97,150.35,1,1,0.84481
175,32,1154.36,422.15,98.0,131.6,1,1,0.84184
175,21,144.81,386.69,72.04,135.76,1,1,0.84717
175,10,1307.91,468.46,72.24,137.47,1,1,0.83618
175,36,1248.97,417.91,67.77,123.65,1,1,0.81507
175,31,1101.37,325.25,57.69,120.91,1,1,0.78869
175,38,1129.5,325.4,57.13,125.55,1,1,0.76209
176,4,777.54,533.66,83.89,162.88,1,1,0.84845
176,12,714.17,587.17,77.73,181.98,1,1,0.83197
176,15,269.26,369.67,92.67,124.83,1,1,0.86367
176,0,259.06,439.24,89.96,151.26,1,1,0.85009
176,5,670.08,474.99,74.66,146.64,1,1,0.85574
176,22,281.06,546.06,95.27,157.48,1,1,0.85525
176,7,395.31,439.25,90.04,143.32,1,1,0.87183
176,28,32.97,485.47,99.27,158.22,1,1,0.87069
176,30,-8.15,489.62,38.22,151.58,1,1,0.7946
176,32,1148.76,436.02,91.09,131.25,1,1,0.85469
176,21,125.04,395.58,78.44,128.98,1,1,0.85098
176,10,1293.37,478.33,87.96,134.26,1,1,0.86404
176,36,1233.98,429.63,69.07,121.02,1,1,0.81117
176,38,1078.77,333.64,87.07,127.23,1,1,0.81564
177,4,770.26,533.9,83.59,164.07,1,1,0.86008
177,12,701.0,585.75,92.82,184.14,1,1,0.84681
177,15,260.58,370.54,98.78,124.93,1,1,0.86165
177,0,243.82,440.88,97.2,146.2,1,1,0.84597
177,5,659.2,474.87,86.94,147.69,1,1,0.86733
177,22,286.62,545.88,89.38,159.42,1,1,0.84663
177,7,394.34,441.27,89.57,141.94,1,1,0.8724
177,28,32.31,488.9,96.37,155.45,1,1,0.86874
177,30,-2.8,487.69,23.25,158.69,1,1,0.72136
177,32,1157.52,440.24,79.93,130.09,1,1,0.85063
177,21,114.78,396.38,84.0,128.14,1,1,0.85757
177,10,1288.65,479.27,92.86,132.58,1,1,0.86996
177,36,1227.26,432.14,71.76,120.4,1,1,0.82806
177,38,1053.84,335.17,102.27,126.01,1,1,0.81652
178,4,774.56,533.36,83.22,164.51,1,1,0.85918
178,12,703.41,584.58,98.86,184.86,1,1,0.84687
178,15,264.94,370.18,101.04,124.91,1,1,0.86087
178,0,245.27,440.87,100.22,144.14,1,1,0.84623
178,5,662.51,474.15,91.31,148.12,1,1,0.8673
178,22,295.37,545.23,87.17,160.1,1,1,0.84656
178,7,400.59,441.39,89.36,141.35,1,1,0.87234
178,28,39.5,489.53,95.15,154.32,1,1,0.86876
178,30,1.28,486.25,20.39,161.41,1,1,0.72039
178,32,1168.44,440.99,75.49,129.64,1,1,0.85053
178,21,118.31,396.03,86.2,127.85,1,1,0.85773
178,10,1294.21,478.97,94.83,132.0,1,1,0.86969
178,36,1231.85,432.36,72.8,120.23,1,1,0.82849
178,38,1053.1,335.26,107.33,125.38,1,1,0.81182
179,4,768.34,534.39,73.79,165.72,1,1,0.84403
179,12,686.93,586.99,107.13,182.34,1,1,0.85826
179,15,258.23,372.14,95.73,127.76,1,1,0.82345
179,0,232.63,443.37,97.75,141.47,1,1,0.834
179,5,646.06,475.01,99.05,143.8,1,1,0.87118
179,22,287.18,545.83,91.32,161.7,1,1,0.85722
179,7,382.95,443.25,96.18,140.95,1,1,0.88669
179,28,27.52,488.59,95.32,158.68,1,1,0.85518
179,32,1156.63,443.41,77.87,129.11,1,1,0.84397
179,21,105.8,397.43,86.08,129.51,1,1,0.85184
179,10,1280.95,481.39,94.14,130.73,1,1,0.85761
179,36,1221.27,434.04,71.21,121.03,1,1,0.81973
179,38,1025.09,334.92,113.43,127.19,1,1,0.83894
180,4,761.51,534.93,67.81,165.36,1,1,0.84773
180,12,674.19,587.17,109.8,181.33,1,1,0.85999
180,15,264.5,374.62,74.77,129.18,1,1,0.79385
180,0,222.43,442.57,95.46,145.65,1,1,0.84238
180,5,634.12,476.3,102.11,136.63,1,1,0.85626
180,22,276.72,546.01,86.82,161.15,1,1,0.86673
180,7,366.39,444.02,101.08,142.06,1,1,0.89048
180,28,9.34,493.2,98.35,157.46,1,1,0.84472
180,32,1139.01,445.05,84.06,128.0,1,1,0.85575
180,21,91.81,399.92,85.38,131.3,1,1,0.84971
180,10,1266.98,482.52,88.97,130.5,1,1,0.85322
180,36,1211.94,436.72,67.91,120.82,1,1,0.8077
180,38,999.44,335.7,112.02,127.8,1,1,0.80321
181,4,748.84,535.34,71.22,162.88,1,1,0.84026
181,12,664.18,591.65,106.61,178.59,1,1,0.8492
181,15,264.46,378.89,64.35,125.19,1,1,0.77223
181,0,215.56,448.89,84.53,143.73,1,1,0.83046
181,5,629.97,477.22,96.8,135.77,1,1,0.83126
181,22,260.46,546.61,89.13,159.45,1,1,0.86472
181,7,351.03,445.37,106.67,139.56,1,1,0.88681
181,28,-1.68,496.48,91.21,154.88,1,1,0.8792
181,32,1120.69,446.23,91.89,126.71,1,1,0.85608
181,21,82.63,402.31,79.56,132.19,1,1,0.85428
181,10,1252.29,483.82,82.62,129.59,1,1,0.81135
181,36,1203.59,440.26,63.3,120.84,1,1,0.8126
181,38,980.04,337.73,109.42,127.16,1,1,0.80562
182,4,732.61,535.33,80.27,162.4,1,1,0.84201
182,12,659.48,597.19,96.43,175.71,1,1,0.85033
182,15,260.67,381.61,61.3,108.6,1,1,0.78069
182,0,213.49,453.97,70.61,141.87,1,1,0.82026
182,5,633.96,478.79,86.98,138.26,1,1,0.82579
182,22,244.81,546.39,97.24,159.2,1,1,0.87559
182,7,343.24,447.15,105.16,138.53,1,1,0.87492
182,28,-4.69,497.78,77.88,152.77,1,1,0.87828
182,32,1110.26,447.84,94.0,127.96,1,1,0.85642
182,21,78.63,405.41,73.26,131.82,1,1,0.85199
182,10,1234.89,488.08,83.59,126.27,1,1,0.77858
182,36,1195.04,443.39,61.13,120.02,1,1,0.79715
182,38,964.46,339.75,105.1,126.87,1,1,0.82322
183,4,716.72,535.55,92.91,163.14,1,1,0.85317
183,12,658.56,601.05,81.69,173.53,1,1,0.83202
183,15,256.35,382.84,61.23,115.58,1,1,0.83707
183,0,205.8,453.88,66.32,146.32,1,1,0.81918
183,5,638.18,481.42,79.3,136.86,1,1,0.81776
183,22,238.99,547.19,94.97,159.31,1,1,0.86078
183,7,342.79,449.14,94.92,140.42,1,1,0.8659
183,28,-4.13,499.08,66.11,152.27,1,1,0.8786
183,32,1108.03,449.66,90.13,129.66,1,1,0.84082
183,21,68.27,407.76,78.56,131.91,1,1,0.85775
183,10,1225.25,491.87,81.51,121.32,1,1,0.75399
183,36,1190.73,447.03,58.34,119.78,1,1,0.78979
183,38,948.82,340.56,101.85,126.96,1,1,0.83695
184,4,705.85,536.53,103.52,162.76,1,1,0.85599
184,12,655.78,602.8,72.1,174.43,1,1,0.82123
184,15,248.17,383.42,66.3,121.17,1,1,0.84993
184,0,191.31,454.33,72.78,148.89,1,1,0.84285
184,5,635.4,482.58,77.72,140.49,1,1,0.83418
184,22,244.16,548.52,81.54,160.34,1,1,0.83639
184,7,349.0,451.31,82.29,141.59,1,1,0.86305
184,28,-2.83,501.51,54.76,154.11,1,1,0.86613
184,32,1114.18,451.55,79.5,130.9,1,1,0.83645
184,21,58.39,409.29,86.46,130.93,1,1,0.85445
184,10,1216.94,492.0,84.09,118.7,1,1,0.81701
184,36,1186.47,450.33,59.94,121.56,1,1,0.79363
184,38,933.33,339.03,97.57,130.57,1,1,0.84285
185,4,702.01,537.04,106.53,163.7,1,1,0.84233
185,12,651.28,603.4,67.52,174.6,1,1,0.81366
185,15,244.5,383.99,70.0,124.26,1,1,0.85383
185,0,178.52,454.44,81.27,151.34,1,1,0.85346
185,5,631.76,482.92,73.3,139.65,1,1,0.82957
185,22,247.35,549.68,74.88,161.6,1,1,0.84748
185,7,357.87,453.23,72.91,141.45,1,1,0.85061
185,28,-1.43,503.05,43.8,155.92,1,1,0.86016
185,32,1120.25,453.21,72.62,131.61,1,1,0.82643
185,21,50.23,410.56,94.26,130.23,1,1,0.87344
185,10,1206.41,492.52,90.71,118.91,1,1,0.81901
185,36,1184.62,454.47,58.14,118.18,1,1,0.75044
185,38,921.82,338.75,91.94,129.98,1,1,0.82464
186,4,705.96,539.32,96.57,163.45,1,1,0.83641
186,12,646.55,605.45,69.7,174.22,1,1,0.84623
186,15,244.37,386.18,71.94,128.12,1,1,0.85325
186,0,170.29,456.12,88.58,150.57,1,1,0.85767
186,5,630.32,484.48,77.72,137.51,1,1,0.84415
186,22,248.96,550.59,72.75,165.42,1,1,0.85624
186,7,355.74,455.3,76.17,141.05,1,1,0.87245
186,28,-0.32,505.75,38.31,154.98,1,1,0.83287
186,32,1116.2,454.96,77.23,132.69,1,1,0.83623
186,21,44.81,413.16,103.03,128.76,1,1,0.87028
186,10,1201.99,492.38,88.84,121.86,1,1,0.80785
186,36,1184.81,459.58,56.76,119.56,1,1,0.68022
186,38,913.55,339.45,78.11,127.23,1,1,0.79772
187,4,712.42,541.49,84.85,162.55,1,1,0.84472
187,12,640.9,605.45,82.63,176.34,1,1,0.84942
187,15,244.8,388.65,70.8,130.53,1,1,0.83683
187,0,166.88,458.23,91.77,148.51,1,1,0.85232
187,5,631.96,485.24,81.24,136.15,1,1,0.86125
187,22,248.81,550.65,78.17,167.4,1,1,0.85894
187,7,350.74,456.53,86.42,140.84,1,1,0.88164
187,28,0.4,507.86,35.18,154.84,1,1,0.82855
187,32,1110.83,456.01,82.66,132.91,1,1,0.85028
187,21,42.2,415.83,109.55,128.12,1,1,0.86297
187,10,1201.33,491.39,85.29,126.76,1,1,0.7638
187,38,907.52,340.68,66.39,126.89,1,1,0.81007
188,4,729.8,543.88,75.61,163.21,1,1,0.86451
188,12,645.66,607.96,95.07,174.39,1,1,0.88546
188,15,262.97,393.87,65.3,131.83,1,1,0.86964
188,0,180.15,464.56,82.75,147.98,1,1,0.88539
188,5,648.4,487.5,77.09,138.26,1,1,0.87501
188,22,251.25,551.28,97.19,169.55,1,1,0.89921
188,7,356.93,459.63,101.6,137.72,1,1,0.88552
188,28,0.87,512.29,50.98,150.36,1,1,0.85122
188,32,1117.62,458.64,86.58,130.07,1,1,0.86072
188,21,67.39,420.17,93.61,130.98,1,1,0.84695
188,10,1193.17,495.57,85.15,127.59,1,1,0.83815
188,38,906.76,345.22,61.86,129.82,1,1,0.83589
188,39,943.9,336.65,52.82,128.63,1,1,0.74854
188,36,1209.51,472.14,78.49,115.26,1,1,0.73852
189,4,738.76,542.87,72.3,163.47,1,1,0.86489
189,12,651.21,606.93,100.12,173.63,1,1,0.88547
189,15,272.76,393.87,63.19,132.29,1,1,0.86984
189,0,188.84,465.0,78.92,147.76,1,1,0.88584
189,5,657.66,486.45,75.44,139.04,1,1,0.87576
189,22,255.94,549.58,104.16,170.35,1,1,0.8994
189,7,362.96,458.84,107.56,136.55,1,1,0.88576
189,28,5.08,512.0,54.87,148.66,1,1,0.85143
189,32,1123.69,457.62,88.1,128.94,1,1,0.8609
189,21,81.38,419.85,86.38,132.03,1,1,0.84711
189,10,1193.38,495.24,85.09,127.88,1,1,0.83863
189,38,909.51,345.01,60.47,130.89,1,1,0.83613
189,39,945.52,336.47,51.92,128.17,1,1,0.74879
189,36,1218.57,473.13,83.07,114.3,1,1,0.73959
190,4,747.33,543.88,72.96,162.74,1,1,0.91506
190,12,660.22,608.49,98.73,171.58,1,1,0.9095
190,15,282.4,396.34,68.15,130.48,1,1,0.88746
190,0,205.44,468.75,82.01,147.56,1,1,0.87273
190,5,671.79,487.93,70.83,139.42,1,1,0.85059
190,22,266.99,550.07,102.58,162.53,1,1,0.87278
190,7,375.61,460.3,105.02,138.18,1,1,0.90444
190,28,5.85,513.34,65.76,147.24,1,1,0.89426
190,21,98.12,422.2,82.56,131.86,1,1,0.8865
190,10,1193.0,496.63,85.66,128.85,1,1,0.82064
190,38,909.8,346.05,62.81,131.9,1,1,0.83797
190,36,1228.06,474.83,80.29,115.52,1,1,0.68394
191,4,755.04,543.92,69.9,161.46,1,1,0.90001
191,12,671.92,610.37,90.62,169.76,1,1,0.89354
191,15,292.32,397.72,74.36,127.49,1,1,0.87113
191,0,223.63,470.53,75.63,148.32,1,1,0.87043
191,5,684.99,487.55,68.61,140.85,1,1,0.86237
191,22,281.69,550.11,98.95,155.86,1,1,0.89034
191,7,395.14,460.4,95.34,140.03,1,1,0.85763
191,28,6.16,513.87,78.42,146.14,1,1,0.90272
191,21,122.77,423.87,73.23,131.26,1,1,0.87851
191,10,1190.9,495.62,86.81,130.78,1,1,0.84506
191,38,911.84,345.92,64.21,132.31,1,1,0.83524
191,36,1236.45,476.05,75.63,115.27,1,1,0.79709
191,39,949.86,338.91,64.62,123.62,1,1,0.71133
192,4,768.37,540.33,56.14,151.39,1,1,0.69269
192,12,690.04,612.62,78.02,167.88,1,1,0.88725
192,15,310.15,397.06,85.56,125.96,1,1,0.87179
192,0,233.18,470.64,82.89,150.06,1,1,0.87667
192,5,703.54,485.16,74.21,138.34,1,1,0.83324
192,22,316.53,549.39,83.39,156.13,1,1,0.85356
192,7,435.43,458.81,83.28,141.78,1,1,0.89171
192,28,12.11,512.68,91.26,151.23,1,1,0.83953
192,21,135.02,422.38,86.28,133.68,1,1,0.88316
192,10,1188.91,492.0,83.45,133.57,1,1,0.83998
192,38,919.88,342.86,65.55,133.79,1,1,0.82125
192,36,1251.59,476.12,75.18,116.84,1,1,0.81614
192,39,956.37,344.1,73.19,121.2,1,1,0.66495
193,4,772.37,538.44,51.05,147.64,1,1,0.69454
193,12,696.38,612.92,73.22,167.21,1,1,0.88705
193,15,317.3,396.25,89.95,125.38,1,1,0.87196
193,0,236.86,470.12,85.39,150.72,1,1,0.87689
193,5,710.24,483.72,76.14,137.37,1,1,0.83378
193,22,329.44,548.63,77.09,156.26,1,1,0.85368
193,7,449.77,457.66,78.73,142.45,1,1,0.89188
193,28,14.88,511.68,96.6,153.12,1,1,0.83853
193,21,139.81,421.25,90.44,134.58,1,1,0.88312
193,10,1188.09,490.07,82.12,134.68,1,1,0.83968
193,38,923.11,341.18,66.07,134.34,1,1,0.82071
193,36,1257.3,475.55,74.85,117.46,1,1,0.81543
193,39,959.2,345.25,76.5,120.47,1,1,0.66586
194,12,705.89,608.74,69.17,170.11,1,1,0.86995
194,15,331.82,394.33,88.56,127.68,1,1,0.83742
194,0,241.98,468.36,90.73,150.53,1,1,0.86271
194,5,717.0,480.04,84.47,133.32,1,1,0.82753
194,22,342.31,546.22,77.94,156.67,1,1,0.86455
194,7,457.85,455.19,81.4,142.88,1,1,0.88812
194,28,20.26,509.9,98.64,154.25,1,1,0.85308
194,21,146.18,418.2,98.31,131.89,1,1,0.87024
194,10,1187.5,487.55,81.85,133.92,1,1,0.80914
194,38,932.11,338.29,60.2,133.57,1,1,0.81438
194,36,1268.21,474.6,76.98,117.71,1,1,0.83388
194,32,1214.83,461.2,56.05,90.38,1,1,0.66341
195,12,721.98,603.76,70.82,172.8,1,1,0.85377
195,15,368.07,395.0,72.05,127.77,1,1,0.80984
195,0,254.35,464.52,95.93,149.26,1,1,0.84086
195,5,730.82,474.35,88.36,129.31,1,1,0.81886
195,22,360.33,541.34,80.73,159.54,1,1,0.85472
195,7,470.91,450.6,89.12,142.08,1,1,0.88828
195,28,35.48,507.81,105.56,155.36,1,1,0.84425
195,21,159.96,415.6,106.12,128.68,1,1,0.85559
195,10,1194.61,482.8,83.88,135.84,1,1,0.82985
195,38,946.16,335.52,56.84,133.09,1,1,0.74594
195,36,1289.88,471.46,75.71,122.41,1,1,0.83835
195,32,1240.38,458.27,58.26,111.21,1,1,0.74171
196,12,739.18,597.61,75.47,175.03,1,1,0.83506
196,15,399.81,394.13,60.64,126.68,1,1,0.8237
196,0,275.37,460.43,91.06,147.83,1,1,0.83075
196,5,755.65,469.52,77.12,126.97,1,1,0.79428
196,22,380.88,534.72,83.92,160.91,1,1,0.84546
196,7,486.53,446.5,99.34,135.7,1,1,0.89192
196,28,62.52,504.84,101.75,155.4,1,1,0.83784
196,21,186.01,412.6,101.27,128.29,1,1,0.82687
196,10,1205.59,475.65,79.73,137.72,1,1,0.84676
196,38,958.77,341.92,60.79,124.2,1,1,0.77304
196,36,1311.96,466.12,69.41,126.17,1,1,0.83301
196,32,1260.7,454.87,57.32,120.46,1,1,0.78125
196,40,857.6,523.79,44.26,164.0,1,1,0.78661
196,39,987.77,341.93,77.28,118.0,1,1,0.76562
197,12,753.15,591.58,79.53,175.21,1,1,0.84633
197,15,420.44,390.27,64.3,127.54,1,1,0.83214
197,0,303.61,456.66,75.7,147.19,1,1,0.81076
197,5,774.45,463.62,67.87,132.42,1,1,0.80955
197,22,397.35,527.6,87.58,161.73,1,1,0.87481
197,7,502.63,440.03,106.42,135.24,1,1,0.8961
197,28,91.09,501.39,91.17,155.88,1,1,0.88318
197,21,212.82,408.6,92.49,130.02,1,1,0.81141
197,10,1213.26,468.06,75.36,139.0,1,1,0.85733
197,38,966.3,340.84,65.5,121.76,1,1,0.82725
197,36,1326.56,462.54,68.67,126.71,1,1,0.8244
197,32,1275.46,451.17,59.29,129.35,1,1,0.82192
197,40,866.03,523.33,51.25,159.13,1,1,0.8713
197,39,1002.01,338.71,72.73,117.05,1,1,0.75829
198,12,765.59,584.65,80.28,176.12,1,1,0.85327
198,15,434.62,385.74,72.54,128.33,1,1,0.86131
198,0,327.5,452.97,70.69,147.12,1,1,0.81619
198,5,791.01,457.03,58.18,136.68,1,1,0.79997
198,22,415.97,521.49,86.74,152.85,1,1,0.87208
198,7,525.74,433.97,100.44,137.4,1,1,0.87298
198,28,113.21,496.98,85.15,156.08,1,1,0.90029
198,21,249.64,404.36,78.27,130.35,1,1,0.82204
198,10,1221.58,460.32,73.37,137.95,1,1,0.85451
198,38,972.06,335.17,71.86,125.14,1,1,0.84345
198,36,1342.89,458.39,73.19,127.13,1,1,0.77884
198,32,1291.5,448.37,59.83,132.42,1,1,0.8098
198,40,874.76,519.45,65.57,156.91,1,1,0.87751
198,39,1019.27,335.96,68.22,116.22,1,1,0.78501
198,42,1.31,488.29,42.82,149.69,1,1,0.86476
199,12,775.91,579.15,76.74,174.09,1,1,0.8524
199,15,445.29,380.64,83.05,129.36,1,1,0.87756
199,0,348.07,450.31,67.73,146.15,1,1,0.83354
199,5,803.7,450.08,50.1,134.23,1,1,0.7656
199,22,436.58,516.21,81.13,151.53,1,1,0.86942
199,7,560.66,429.58,77.59,140.75,1,1,0.82007
199,28,126.29,492.65,87.1,156.03,1,1,0.90703
199,21,268.07,400.51,82.08,130.6,1,1,0.85563
199,10,1229.11,453.97,68.72,134.04,1,1,0.84996
199,38,976.81,333.34,79.34,121.68,1,1,0.86427
199,36,1360.69,454.69,82.63,125.75,1,1,0.84607
199,32,1302.39,446.88,63.51,133.61,1,1,0.83641
199,40,881.21,514.4,82.27,156.42,1,1,0.84172
199,39,1035.55,332.4,61.22,114.17,1,1,0.82376
199,42,2.51,482.57,52.39,151.83,1,1,0.88312
200,12,792.77,573.62,66.57,166.62,1,1,0.85353
200,15,466.69,374.21,93.95,129.17,1,1,0.87952
200,0,360.39,445.22,85.42,146.55,1,1,0.85706
200,22,470.31,510.55,71.34,152.4,1,1,0.85903
200,7,599.64,424.09,66.75,142.42,1,1,0.86985
200,28,142.96,484.67,98.88,155.83,1,1,0.89888
200,21,285.26,395.59,96.13,125.23,1,1,0.87301
200,10,1238.53,446.29,64.51,138.11,1,1,0.83902
200,38,986.26,329.23,88.28,120.32,1,1,0.86982
200,36,1379.94,447.14,91.06,125.89,1,1,0.86628
200,32,1311.32,444.72,85.3,133.88,1,1,0.87536
200,40,892.82,507.4,96.92,151.03,1,1,0.84475
200,39,1056.24,327.23,56.35,108.8,1,1,0.796
200,42,2.98,474.31,69.49,152.86,1,1,0.88914
201,12,796.43,573.38,62.56,163.75,1,1,0.85367
201,15,472.87,373.46,98.4,129.22,1,1,0.87968
201,0,363.24,445.05,91.21,146.73,1,1,0.85638
201,22,479.85,510.27,67.88,152.73,1,1,0.85697
201,7,609.57,423.79,63.85,142.96,1,1,0.86908
201,28,147.14,483.45,103.23,155.69,1,1,0.8986
201,21,289.53,395.57,101.37,123.34,1,1,0.8732
201,10,1239.93,445.18,63.12,139.6,1,1,0.83915
201,38,987.91,329.43,91.74,119.68,1,1,0.87006
201,36,1385.26,446.24,94.42,125.73,1,1,0.86693
201,32,1313.17,445.76,93.06,133.79,1,1,0.8755
201,40,895.68,506.63,102.79,149.24,1,1,0.84317
201,39,1061.07,327.1,54.69,106.86,1,1,0.7981
201,42,0.86,473.25,76.66,153.08,1,1,0.88926
202,12,804.65,573.7,54.72,158.35,1,1,0.87614
202,15,502.43,372.65,79.82,131.02,1,1,0.81886
202,0,367.29,444.19,100.1,146.2,1,1,0.87183
202,22,492.12,508.8,64.93,151.7,1,1,0.88812
202,7,616.42,422.8,70.54,142.83,1,1,0.88991
202,28,156.43,482.47,100.55,152.09,1,1,0.91104
202,21,297.65,394.71,105.95,120.39,1,1,0.87441
202,10,1242.51,443.8,62.0,140.1,1,1,0.84925
202,38,994.1,329.44,92.53,118.94,1,1,0.86153
202,36,1397.68,444.34,90.85,126.65,1,1,0.86981
202,32,1319.44,445.47,99.16,134.84,1,1,0.88162
202,40,907.49,504.97,94.43,148.59,1,1,0.85709
202,39,1071.16,325.87,51.46,105.26,1,1,0.83505
202,42,2.55,471.74,81.14,151.76,1,1,0.8914
202,5,831.42,431.56,68.57,135.76,1,1,0.80436
203,12,812.19,574.07,48.16,155.65,1,1,0.85096
203,15,526.02,373.6,66.91,133.45,1,1,0.80069
203,0,372.11,444.0,105.49,143.83,1,1,0.87459
203,22,500.42,506.27,68.69,153.96,1,1,0.87003
203,7,622.16,422.3,82.62,142.23,1,1,0.88795
203,28,170.54,481.82,90.09,152.4,1,1,0.87491
203,21,308.1,394.12,110.39,116.46,1,1,0.87093
203,10,1242.1,442.86,64.26,141.94,1,1,0.83813
203,38,1004.04,330.33,89.61,118.04,1,1,0.85504
203,36,1406.33,443.18,89.07,130.43,1,1,0.87394
203,32,1325.25,446.07,101.03,135.05,1,1,0.87332
203,40,923.2,503.5,82.98,150.91,1,1,0.86032
203,39,1077.04,325.33,51.28,103.32,1,1,0.8344
203,42,10.5,471.42,79.57,148.46,1,1,0.85936
203,5,838.65,440.65,73.61,127.19,1,1,0.68522
204,15,547.12,376.58,70.91,131.37,1,1,0.8502
204,0,393.48,445.79,93.8,143.47,1,1,0.8488
204,22,504.96,503.03,87.12,151.59,1,1,0.87411
204,7,633.07,423.09,95.1,137.33,1,1,0.87968
204,28,200.38,483.31,70.93,151.66,1,1,0.8666
204,21,348.22,396.77,89.6,120.33,1,1,0.80504
204,10,1238.05,441.44,67.26,143.19,1,1,0.82717
204,38,1021.7,331.81,80.21,117.93,1,1,0.85246
204,36,1421.24,443.32,75.62,131.36,1,1,0.85203
204,32,1343.69,447.39,92.25,134.98,1,1,0.8717
204,40,938.2,500.75,75.9,153.76,1,1,0.88538
204,39,1089.87,326.64,51.52,109.36,1,1,0.81894
204,42,28.01,473.11,69.62,148.83,1,1,0.86006
204,5,858.9,438.63,61.86,131.49,1,1,0.8425
205,15,555.32,376.89,72.16,130.52,1,1,0.85065
205,0,403.24,445.63,88.58,143.35,1,1,0.84894
205,22,508.36,501.02,93.7,150.71,1,1,0.87398
205,7,638.74,422.59,100.12,135.43,1,1,0.88004
205,28,211.96,483.07,63.62,151.36,1,1,0.86644
205,21,365.39,396.93,80.4,121.72,1,1,0.80566
205,10,1237.88,440.12,68.34,143.62,1,1,0.82783
205,38,1029.84,331.52,76.44,117.92,1,1,0.8527
205,36,1427.59,442.63,70.16,131.61,1,1,0.85207
205,32,1352.17,447.02,88.41,134.89,1,1,0.87199
205,40,944.95,498.96,73.03,154.84,1,1,0.88609
205,39,1095.45,326.32,51.67,111.51,1,1,0.81945
205,42,36.85,472.98,65.09,148.95,1,1,0.86011
205,5,868.5,437.14,56.2,132.99,1,1,0.84225
205,43,-0.0,427.89,18.97,167.16,1,1,0.71731
206,15,559.9,378.32,79.37,126.78,1,1,0.86348
206,0,419.43,447.38,77.12,142.93,1,1,0.85047
206,22,511.85,498.23,97.19,150.7,1,1,0.88199
206,7,650.52,423.04,93.48,135.3,1,1,0.91707
206,28,222.85,483.55,63.28,153.31,1,1,0.88387
206,21,389.67,397.94,64.38,122.78,1,1,0.85193
206,10,1235.19,440.22,68.97,136.16,1,1,0.85041
206,38,1030.63,332.45,79.74,116.8,1,1,0.87487
206,36,1435.41,442.74,63.28,131.69,1,1,0.86186
206,32,1365.39,446.46,82.69,135.48,1,1,0.89168
206,40,949.21,497.56,73.56,154.76,1,1,0.91235
206,39,1101.89,328.19,59.4,109.74,1,1,0.79361
206,42,45.35,474.4,60.98,149.0,1,1,0.87663
206,5,870.53,436.48,57.46,134.0,1,1,0.86107
206,43,-0.47,424.76,27.32,171.59,1,1,0.72522
207,15,564.46,380.52,91.33,124.18,1,1,0.88552
207,0,438.83,448.04,66.93,143.82,1,1,0.85958
207,22,524.23,498.47,87.21,149.64,1,1,0.87113
207,7,670.82,422.74,75.64,135.59,1,1,0.91092
207,28,225.73,482.17,69.16,156.44,1,1,0.88356
207,21,400.67,397.69,65.34,124.94,1,1,0.85732
207,10,1232.53,440.47,70.5,133.12,1,1,0.86261
207,38,1031.76,333.55,83.05,116.22,1,1,0.88304
207,36,1444.62,442.95,64.62,130.69,1,1,0.85138
207,32,1382.37,444.89,78.07,136.85,1,1,0.83474
207,40,954.64,496.03,75.83,155.81,1,1,0.89664
207,39,1107.24,330.58,66.39,109.82,1,1,0.8579
207,42,51.79,475.1,61.64,152.32,1,1,0.87493
207,5,872.68,434.97,62.21,135.75,1,1,0.86841
207,43,-0.61,414.97,37.84,172.05,1,1,0.81608
208,15,600.98,381.82,70.86,127.06,1,1,0.83845
208,0,446.74,447.02,70.88,143.22,1,1,0.88626
208,22,544.04,497.03,73.47,150.63,1,1,0.93147
208,7,694.33,420.34,70.07,137.32,1,1,0.89138
208,28,223.46,479.44,89.55,156.58,1,1,0.88544
208,21,404.13,395.1,81.33,125.72,1,1,0.86397
208,10,1226.12,439.33,73.47,133.21,1,1,0.89354
208,38,1034.1,334.78,86.62,108.59,1,1,0.85605
208,36,1455.51,443.9,70.71,130.04,1,1,0.86772
208,32,1386.3,444.26,82.3,136.49,1,1,0.87829
208,40,965.97,493.84,71.94,146.48,1,1,0.93365
208,39,1112.77,332.42,63.23,109.17,1,1,0.86683
208,42,51.43,473.09,72.04,149.93,1,1,0.88789
208,5,875.03,432.05,71.19,136.52,1,1,0.87732
208,43,-2.79,410.32,53.97,169.92,1,1,0.88577
208,12,852.25,565.43,54.63,160.99,1,1,0.82758
209,15,618.99,382.11,60.91,128.11,1,1,0.83899
209,0,451.68,446.44,72.11,143.0,1,1,0.88676
209,22,553.28,496.37,68.22,151.0,1,1,0.9316
209,7,704.02,419.28,68.22,137.97,1,1,0.89176
209,28,225.59,478.23,97.02,156.61,1,1,0.88562
209,21,408.31,393.92,86.67,126.02,1,1,0.86402
209,10,1226.38,438.76,74.58,133.28,1,1,0.89367
209,38,1037.62,335.06,87.97,105.73,1,1,0.85617
209,36,1461.83,444.06,73.09,129.77,1,1,0.86753
209,32,1390.06,443.82,83.9,136.37,1,1,0.87915
209,40,972.98,492.91,70.14,142.92,1,1,0.934
209,39,1117.45,332.91,61.89,108.94,1,1,0.86671
209,42,53.98,472.17,75.87,148.99,1,1,0.88814
209,5,878.66,430.81,74.71,136.81,1,1,0.87719
209,43,-0.47,408.9,61.4,169.19,1,1,0.8854
209,12,856.25,564.42,55.39,161.6,1,1,0.82821
210,15,635.49,383.64,50.62,128.68,1,1,0.8635
210,0,453.09,446.59,79.26,139.08,1,1,0.87983
210,22,556.88,494.21,68.87,153.73,1,1,0.93281
210,7,708.0,418.18,69.98,138.34,1,1,0.88106
210,28,227.67,477.8,103.01,153.23,1,1,0.87129
210,21,411.74,392.74,92.1,119.67,1,1,0.86213
210,10,1223.92,437.43,74.05,132.09,1,1,0.89106
210,38,1057.09,335.88,72.21,102.92,1,1,0.82774
210,36,1466.26,445.79,72.43,129.43,1,1,0.86348
210,32,1395.17,445.24,83.72,128.76,1,1,0.87396
210,40,978.86,491.64,66.38,144.8,1,1,0.91933
210,39,1119.94,334.75,59.58,107.15,1,1,0.8495
210,42,52.84,471.64,84.23,148.82,1,1,0.87831
210,5,880.32,430.24,75.34,134.3,1,1,0.86979
210,43,-0.55,409.62,69.58,165.62,1,1,0.85676
210,12,854.24,564.76,58.72,161.66,1,1,0.8647
211,15,646.73,384.66,51.89,128.0,1,1,0.87855
211,0,456.6,444.65,84.7,137.61,1,1,0.86816
211,22,562.85,490.37,69.26,156.33,1,1,0.91449
211,7,712.88,416.08,76.07,137.03,1,1,0.87951
211,28,233.41,476.38,103.9,150.76,1,1,0.86472
211,21,415.7,391.14,98.04,110.54,1,1,0.845
211,10,1222.73,435.43,72.18,131.85,1,1,0.87705
211,38,1063.74,337.13,71.27,101.48,1,1,0.84335
211,36,1469.65,446.31,74.38,129.11,1,1,0.84438
211,32,1403.79,447.64,82.64,127.1,1,1,0.85019
211,40,984.99,488.89,63.24,147.85,1,1,0.87596
211,39,1123.6,336.63,59.41,104.68,1,1,0.85675
211,42,55.17,470.6,89.01,145.56,1,1,0.86833
211,5,883.04,429.96,73.14,133.02,1,1,0.87106
211,43,7.04,409.83,70.15,165.28,1,1,0.83541
211,12,852.53,565.71,62.19,162.18,1,1,0.88036
212,15,652.16,385.16,63.25,127.33,1,1,0.88598
212,0,466.21,442.74,80.35,137.96,1,1,0.85837
212,22,569.8,487.4,71.06,154.06,1,1,0.91339
212,7,719.62,414.1,81.44,130.27,1,1,0.88581
212,28,244.49,475.58,95.5,151.49,1,1,0.86871
212,21,449.97,389.67,75.72,103.04,1,1,0.77613
212,10,1224.02,433.76,67.35,130.8,1,1,0.86666
212,38,1064.8,337.42,76.26,101.71,1,1,0.848
212,36,1475.13,446.42,75.29,128.12,1,1,0.82006
212,32,1421.01,450.11,74.29,129.59,1,1,0.82243
212,40,991.34,485.85,61.03,149.74,1,1,0.86739
212,39,1130.07,337.85,56.42,102.05,1,1,0.84722
212,42,61.53,470.27,86.92,143.74,1,1,0.86053
212,5,886.23,429.45,68.37,132.01,1,1,0.86058
212,43,3.92,410.4,81.27,171.66,1,1,0.85154
212,12,850.88,566.28,65.71,162.39,1,1,0.8819
213,15,655.68,384.35,74.77,127.37,1,1,0.89834
213,0,482.39,442.92,67.56,137.4,1,1,0.84737
213,22,575.74,485.04,73.29,148.31,1,1,0.91897
213,7,729.69,411.68,79.44,130.17,1,1,0.88491
213,28,260.78,475.61,84.86,151.81,1,1,0.87463
213,21,478.06,388.8,58.78,101.02,1,1,0.75708
213,10,1225.67,432.72,61.86,129.32,1,1,0.865
213,38,1066.67,337.0,79.48,101.59,1,1,0.82749
213,36,1481.55,447.27,75.92,126.73,1,1,0.80354
213,32,1438.9,450.23,68.58,131.26,1,1,0.82682
213,40,996.99,482.55,62.17,150.53,1,1,0.87775
213,39,1134.07,338.3,54.95,101.41,1,1,0.85365
213,42,71.24,470.29,78.14,142.74,1,1,0.86569
213,5,886.32,427.38,65.41,133.85,1,1,0.86693
213,43,19.75,408.72,73.15,171.89,1,1,0.74992
213,12,849.55,565.84,66.39,163.35,1,1,0.8938
214,15,660.96,383.06,84.89,126.01,1,1,0.906
214,0,500.44,442.05,57.84,137.73,1,1,0.85674
214,22,584.57,482.59,69.38,146.21,1,1,0.92674
214,7,746.06,409.15,65.9,131.52,1,1,0.88586
214,28,278.73,474.84,75.44,153.0,1,1,0.91907
214,21,496.46,387.4,53.07,94.06,1,1,0.72778
214,10,1227.1,431.11,57.4,129.33,1,1,0.89463
214,38,1065.91,335.44,85.39,101.51,1,1,0.87246
214,36,1488.33,447.7,73.17,123.96,1,1,0.80542
214,32,1449.9,449.73,68.02,130.94,1,1,0.85089
214,40,1000.19,478.46,66.96,152.53,1,1,0.90662
214,39,1139.3,338.73,55.95,99.77,1,1,0.85965
214,42,81.15,469.49,71.76,142.78,1,1,0.87875
214,5,886.42,424.36,63.33,135.33,1,1,0.89205
214,43,26.7,408.09,77.5,173.18,1,1,0.81901
214,12,850.75,564.31,65.25,164.39,1,1,0.91408
215,15,668.26,381.11,95.05,125.24,1,1,0.88821
215,0,510.65,438.32,57.57,140.3,1,1,0.85797
215,22,594.44,480.79,62.13,146.96,1,1,0.91863
215,7,761.86,406.64,51.59,133.63,1,1,0.84394
215,28,288.26,473.29,72.12,153.45,1,1,0.93508
215,21,512.65,386.35,48.88,89.81,1,1,0.74817
215,10,1227.02,429.42,56.19,130.03,1,1,0.87131
215,38,1066.76,334.33,89.61,98.12,1,1,0.84413
215,36,1494.33,448.18,67.99,122.7,1,1,0.74291
215,32,1453.34,448.34,71.32,132.08,1,1,0.84497
215,40,1000.86,475.25,71.79,148.91,1,1,0.88641
215,39,1144.91,339.43,58.93,98.93,1,1,0.85899
215,42,93.17,467.92,65.76,144.07,1,1,0.86323
215,5,883.7,421.56,66.21,135.56,1,1,0.87022
215,43,32.19,416.09,81.09,164.4,1,1,0.72873
215,12,852.04,562.51,65.24,164.98,1,1,0.8965
216,15,691.08,380.94,82.26,125.73,1,1,0.79633
216,0,513.23,433.72,65.32,144.46,1,1,0.85022
216,22,602.99,478.39,57.29,149.69,1,1,0.89549
216,7,774.53,404.68,37.82,136.18,1,1,0.82286
216,28,293.53,471.61,71.86,152.2,1,1,0.93687
216,21,527.55,385.93,46.6,85.91,1,1,0.71049
216,10,1227.96,427.47,53.28,132.22,1,1,0.84946
216,38,1064.76,333.88,96.73,99.46,1,1,0.8248
216,32,1453.84,447.08,84.05,132.39,1,1,0.81811
216,40,1002.99,472.53,72.1,144.8,1,1,0.87936
216,39,1148.81,340.52,61.69,100.1,1,1,0.8562
216,42,100.19,466.6,64.45,145.79,1,1,0.86422
216,5,881.98,419.32,68.14,136.31,1,1,0.85259
216,43,36.52,413.72,84.57,167.55,1,1,0.77557
216,12,853.36,560.5,65.18,166.28,1,1,0.88718
217,15,721.91,380.3,61.4,128.06,1,1,0.80955
217,0,513.85,434.22,77.55,142.4,1,1,0.84434
217,22,609.91,474.8,55.3,151.73,1,1,0.88022
217,28,297.21,469.54,74.99,151.55,1,1,0.9436
217,10,1227.79,424.32,51.37,132.54,1,1,0.85334
217,38,1060.96,333.38,105.03,100.5,1,1,0.77851
217,32,1452.79,444.93,97.88,133.66,1,1,0.87698
217,40,1006.79,470.54,69.71,144.61,1,1,0.88658
217,39,1153.86,342.15,59.9,99.22,1,1,0.84681
217,42,103.54,464.62,64.52,146.19,1,1,0.85798
217,5,884.88,417.41,64.31,133.88,1,1,0.85375
217,43,42.49,409.05,87.0,170.29,1,1,0.82651
217,12,853.63,557.11,66.12,168.59,1,1,0.87649
218,15,740.04,379.5,49.78,128.21,1,1,0.83219
218,0,514.54,437.12,88.22,136.14,1,1,0.85495
218,22,614.05,471.54,56.7,153.47,1,1,0.88649
218,28,300.5,468.17,81.64,149.56,1,1,0.93864
218,10,1226.63,421.71,51.55,132.8,1,1,0.85533
218,38,1069.4,332.58,99.33,102.03,1,1,0.78424
218,32,1454.27,444.56,105.21,134.4,1,1,0.88348
218,40,1011.99,469.4,65.29,145.32,1,1,0.90508
218,39,1158.37,341.61,60.85,99.9,1,1,0.86039
218,42,106.56,463.28,64.21,145.56,1,1,0.86052
218,5,889.54,416.15,59.35,128.38,1,1,0.87736
218,43,49.49,407.36,88.72,169.4,1,1,0.83023
218,12,854.17,554.76,68.83,169.85,1,1,0.88408
219,15,747.9,376.26,47.31,132.85,1,1,0.83096
219,0,516.47,438.04,94.13,131.84,1,1,0.85928
219,22,614.59,468.97,64.88,154.63,1,1,0.88969
219,28,305.04,467.62,87.34,145.44,1,1,0.92379
219,10,1226.61,420.4,51.16,127.05,1,1,0.85611
219,38,1087.25,333.85,83.85,102.78,1,1,0.82816
219,32,1460.44,442.69,82.22,127.43,1,1,0.80777
219,40,1015.3,467.88,62.56,147.47,1,1,0.90706
219,39,1163.04,342.54,66.44,100.61,1,1,0.86406
219,42,109.42,462.27,66.35,145.26,1,1,0.84413
219,5,892.32,416.75,58.49,126.67,1,1,0.8954
219,43,57.67,407.85,88.86,161.19,1,1,0.82917
219,12,854.46,553.46,71.09,169.82,1,1,0.89244
219,36,1483.56,452.15,82.79,127.55,1,1,0.77368
219,7,811.8,398.91,44.46,127.58,1,1,0.83623
220,0,523.49,438.36,91.12,133.38,1,1,0.84991
220,22,614.66,467.77,72.29,150.89,1,1,0.88478
220,28,311.0,467.98,86.67,143.27,1,1,0.9186
220,10,1225.93,419.57,52.47,126.98,1,1,0.85965
220,38,1098.08,335.53,75.11,103.12,1,1,0.85957
220,32,1470.73,441.33,65.27,122.52,1,1,0.84996
220,40,1014.9,465.59,63.46,149.84,1,1,0.91505
220,39,1165.8,343.87,70.51,100.58,1,1,0.8811
220,42,112.27,461.92,65.83,145.03,1,1,0.83341
220,5,892.32,418.46,62.0,125.64,1,1,0.894
220,43,69.43,408.75,88.03,151.99,1,1,0.81124
220,12,853.93,553.58,72.85,169.18,1,1,0.89269
220,36,1502.13,455.9,68.14,126.71,1,1,0.84975
220,7,813.6,400.12,51.34,127.1,1,1,0.85514
221,0,538.05,438.42,78.77,135.09,1,1,0.80587
221,22,615.47,465.88,77.09,145.02,1,1,0.8762
221,28,320.2,467.56,78.41,143.33,1,1,0.91257
221,10,1223.31,419.44,56.67,126.33,1,1,0.84629
221,38,1103.41,336.18,72.29,102.48,1,1,0.8539
221,32,1478.99,439.1,56.58,122.58,1,1,0.8488
221,40,1013.88,462.71,65.98,151.7,1,1,0.90579
221,39,1168.3,345.4,72.22,99.25,1,1,0.88108
221,42,117.15,462.37,61.25,143.68,1,1,0.83395
221,5,891.62,418.9,66.88,125.38,1,1,0.88
221,43,89.41,408.37,78.25,143.49,1,1,0.72598
221,12,852.48,553.4,73.44,167.3,1,1,0.87919
221,36,1511.72,456.8,64.03,127.1,1,1,0.86553
221,7,813.15,400.13,56.24,128.56,1,1,0.85425
222,0,554.22,438.0,67.58,137.54,1,1,0.82058
222,22,621.56,464.04,72.99,144.44,1,1,0.89735
222,28,332.0,466.84,68.01,145.25,1,1,0.91971
222,10,1221.4,417.28,60.61,127.82,1,1,0.85995
222,38,1105.08,337.15,73.19,101.5,1,1,0.86221
222,32,1482.03,435.84,56.52,125.71,1,1,0.86469
222,40,1013.99,460.28,68.23,153.64,1,1,0.90587
222,39,1170.74,346.71,70.66,98.01,1,1,0.88146
222,42,119.29,459.57,62.25,146.17,1,1,0.81287
222,5,890.8,417.89,71.5,124.41,1,1,0.89864
222,43,106.27,407.74,72.37,141.82,1,1,0.69776
222,12,851.91,554.26,72.26,163.4,1,1,0.90376
222,36,1517.05,457.43,64.94,127.09,1,1,0.8823
222,7,813.45,401.32,60.44,128.73,1,1,0.85351
223,0,562.9,436.87,62.45,140.2,1,1,0.84899
223,22,629.15,462.51,66.32,146.22,1,1,0.87874
223,28,344.13,466.38,60.61,147.76,1,1,0.90777
223,10,1220.16,416.05,62.86,128.11,1,1,0.84553
223,38,1103.91,337.66,77.37,101.88,1,1,0.87455
223,32,1481.58,434.72,58.78,131.36,1,1,0.88188
223,40,1015.98,458.31,68.87,150.56,1,1,0.89232
223,39,1173.36,347.97,68.89,97.0,1,1,0.87936
223,42,122.01,459.67,66.9,148.55,1,1,0.81389
223,5,887.92,415.82,78.88,126.31,1,1,0.88025
223,43,115.31,407.34,75.5,137.1,1,1,0.73406
223,12,851.13,556.1,71.8,161.0,1,1,0.91018
223,36,1521.17,458.25,67.68,126.61,1,1,0.88823
223,7,819.84,402.92,61.0,128.73,1,1,0.83063
223,21,605.73,396.57,39.86,77.24,1,1,0.66941
223,15,800.31,377.97,48.63,108.08,1,1,0.79393
224,0,567.58,434.98,64.34,142.18,1,1,0.84656
224,22,633.65,459.47,65.74,149.62,1,1,0.86527
224,28,351.13,464.85,61.97,149.28,1,1,0.89235
224,10,1216.35,413.87,67.43,129.14,1,1,0.84897
224,38,1101.72,337.67,82.16,101.54,1,1,0.8741
224,32,1480.74,433.09,60.75,132.52,1,1,0.88667
224,40,1019.97,456.26,67.51,146.83,1,1,0.89344
224,39,1175.93,347.62,66.67,97.66,1,1,0.87585
224,42,124.37,449.07,73.5,160.3,1,1,0.7865
224,5,886.93,413.3,82.52,126.19,1,1,0.88003
224,12,849.49,556.66,71.31,160.68,1,1,0.90755
224,36,1525.2,457.12,72.15,126.08,1,1,0.89379
224,7,823.11,401.75,64.81,130.78,1,1,0.8221
224,21,613.52,397.74,40.71,107.74,1,1,0.70328
224,15,810.38,377.4,52.85,99.53,1,1,0.69393
225,0,571.93,433.37,67.33,143.75,1,1,0.85412
225,22,632.23,454.33,69.21,155.48,1,1,0.86772
225,28,353.37,463.13,66.92,150.64,1,1,0.88641
225,10,1213.55,410.89,68.79,129.81,1,1,0.83917
225,38,1099.78,337.59,86.31,102.48,1,1,0.87642
225,32,1478.99,431.68,61.01,130.12,1,1,0.86699
225,40,1023.79,454.84,66.18,147.7,1,1,0.89642
225,39,1178.78,346.09,63.53,98.41,1,1,0.86568
225,42,124.8,453.92,80.08,155.0,1,1,0.79276
225,5,888.32,410.92,81.37,124.5,1,1,0.8763
225,12,848.05,556.78,69.64,160.95,1,1,0.90424
225,36,1527.33,457.97,76.91,124.69,1,1,0.87659
225,7,824.39,387.73,71.71,144.27,1,1,0.85291
225,21,619.89,397.22,42.87,87.34,1,1,0.6949
226,0,575.56,432.68,69.97,139.88,1,1,0.86014
226,22,634.63,449.82,70.79,160.22,1,1,0.86159
226,28,353.02,461.56,75.01,151.72,1,1,0.88381
226,10,1212.67,408.96,68.66,127.37,1,1,0.82328
226,38,1102.13,337.66,88.15,103.03,1,1,0.87312
226,32,1477.11,431.42,62.15,129.18,1,1,0.8636
226,40,1027.38,453.28,63.85,148.36,1,1,0.89743
226,39,1182.81,344.8,60.44,98.08,1,1,0.85274
226,42,127.01,454.57,77.91,153.8,1,1,0.82083
226,5,891.09,410.26,77.55,122.27,1,1,0.87573
226,12,845.65,556.06,69.26,162.09,1,1,0.90208
226,36,1528.69,459.4,82.73,119.84,1,1,0.88249
226,7,828.06,381.42,74.74,148.25,1,1,0.85935
226,21,626.92,396.3,47.06,75.24,1,1,0.69417
227,0,580.31,432.55,70.37,135.45,1,1,0.85218
227,22,638.54,446.34,71.58,162.59,1,1,0.86638
227,28,352.35,460.28,85.3,152.13,1,1,0.89391
227,10,1214.22,407.95,67.07,128.36,1,1,0.81919
227,38,1111.9,338.45,81.81,102.8,1,1,0.83868
227,32,1474.69,431.11,64.25,129.95,1,1,0.87708
227,40,1029.98,451.72,60.7,149.17,1,1,0.89605
227,39,1185.9,344.02,57.53,96.25,1,1,0.84107
227,42,129.89,456.82,79.14,149.75,1,1,0.83623
227,5,892.59,410.35,74.17,121.07,1,1,0.88384
227,12,843.02,554.39,69.31,163.9,1,1,0.91867
227,36,1530.15,461.45,90.26,115.56,1,1,0.88352
227,7,832.33,378.54,74.57,147.2,1,1,0.86274
228,0,590.12,432.23,65.7,134.52,1,1,0.83322
228,22,644.68,445.14,71.04,155.96,1,1,0.86437
228,28,354.8,459.3,90.62,148.64,1,1,0.86829
228,10,1219.85,405.74,60.67,131.12,1,1,0.82424
228,38,1134.7,338.95,63.57,103.96,1,1,0.85234
228,32,1472.44,430.78,65.24,131.87,1,1,0.87653
228,40,1033.05,449.6,58.7,149.09,1,1,0.87168
228,39,1190.42,343.52,53.65,92.38,1,1,0.80347
228,42,133.8,456.7,78.46,146.1,1,1,0.83294
228,5,892.67,410.65,71.48,121.22,1,1,0.8553
228,12,841.02,552.52,67.9,166.28,1,1,0.90164
228,36,1537.02,464.27,92.76,117.42,1,1,0.8709
228,7,843.67,399.59,72.33,124.24,1,1,0.7865
228,43,183.84,408.07,50.78,149.63,1,1,0.73983
228,15,837.91,375.68,70.03,125.31,1,1,0.82622
228,21,642.12,395.2,53.44,70.6,1,1,0.72194
229,0,604.2,432.5,57.59,135.83,1,1,0.82837
229,22,650.58,445.49,69.3,149.29,1,1,0.86449
229,28,360.32,460.09,89.29,146.2,1,1,0.86536
229,10,1223.26,405.47,57.2,132.73,1,1,0.82326
229,38,1143.79,339.05,59.13,105.7,1,1,0.84267
229,32,1470.32,431.25,64.9,132.4,1,1,0.88518
229,40,1034.39,447.22,60.18,150.85,1,1,0.87049
229,39,1194.81,343.48,50.64,112.62,1,1,0.81054
229,42,137.54,452.78,77.01,148.8,1,1,0.83374
229,5,892.36,410.16,68.57,123.22,1,1,0.84163
229,12,839.04,551.11,67.13,167.55,1,1,0.89538
229,36,1549.05,465.24,86.67,119.27,1,1,0.86039
229,7,849.53,384.01,72.62,138.51,1,1,0.81409
229,43,193.77,408.4,51.93,144.79,1,1,0.75495
229,21,649.56,395.27,55.9,71.53,1,1,0.76565
230,0,616.68,430.71,52.77,137.98,1,1,0.83217
230,22,657.57,442.63,65.01,148.26,1,1,0.84428
230,28,368.26,459.55,83.36,144.32,1,1,0.88902
230,10,1222.58,399.43,57.87,137.16,1,1,0.83013
230,38,1148.98,337.24,58.17,107.52,1,1,0.84266
230,32,1467.67,428.15,64.69,134.21,1,1,0.88905
230,40,1034.43,441.6,63.36,148.7,1,1,0.87699
230,39,1199.0,341.88,46.36,107.54,1,1,0.72414
230,42,143.41,452.24,72.87,147.58,1,1,0.83638
230,5,893.86,407.21,64.01,124.71,1,1,0.78369
230,12,838.44,547.98,64.89,168.15,1,1,0.91706
230,36,1563.35,465.8,78.08,119.27,1,1,0.84745
230,7,858.45,378.35,74.0,143.26,1,1,0.82394
230,43,202.07,406.08,54.73,135.94,1,1,0.77884
230,21,657.0,394.57,55.5,69.92,1,1,0.74266
231,0,624.25,430.14,51.5,139.48,1,1,0.8169
231,22,664.83,441.47,59.18,149.14,1,1,0.8328
231,28,384.65,459.52,71.07,143.92,1,1,0.90601
231,10,1221.9,398.06,60.8,137.37,1,1,0.82564
231,38,1148.83,336.42,59.79,109.0,1,1,0.86504
231,32,1465.47,426.87,62.35,134.41,1,1,0.89116
231,40,1035.16,439.4,64.75,145.13,1,1,0.88631
231,39,1201.99,343.24,45.14,104.0,1,1,0.78603
231,42,150.8,454.97,69.38,145.14,1,1,0.83651
231,5,892.72,403.53,61.2,128.1,1,1,0.7545
231,12,837.25,547.51,64.19,165.1,1,1,0.92588
231,36,1579.18,466.13,68.29,120.12,1,1,0.8618
231,7,862.6,382.14,76.32,140.67,1,1,0.78443
231,43,213.02,404.51,55.82,128.26,1,1,0.81418
231,21,665.3,394.41,53.22,68.14,1,1,0.70956
232,0,626.74,428.74,53.95,141.7,1,1,0.82721
232,22,670.25,438.61,59.64,150.7,1,1,0.78727
232,28,395.45,458.91,65.44,145.19,1,1,0.94032
232,10,1222.03,397.53,63.94,132.18,1,1,0.82899
232,38,1149.29,336.1,61.32,110.55,1,1,0.87214
232,32,1462.55,425.76,60.19,131.19,1,1,0.88777
232,40,1037.57,439.05,63.77,144.19,1,1,0.88559
232,39,1205.31,345.74,43.98,99.19,1,1,0.77255
232,42,159.56,454.93,65.84,146.31,1,1,0.85431
232,5,894.82,395.44,60.93,135.84,1,1,0.68308
232,12,835.97,548.11,63.46,162.03,1,1,0.92755
232,36,1590.14,464.18,64.58,122.81,1,1,0.87076
232,7,862.11,389.83,78.21,136.25,1,1,0.82228
232,43,221.67,402.93,62.32,127.11,1,1,0.79681
232,21,671.92,393.73,52.41,67.74,1,1,0.73418
233,0,626.16,427.61,59.04,142.44,1,1,0.84052
233,22,673.69,439.34,56.34,151.91,1,1,0.79523
233,28,398.77,458.1,66.79,147.75,1,1,0.94516
233,10,1222.72,398.31,67.47,127.19,1,1,0.84435
233,38,1151.0,336.7,61.7,112.34,1,1,0.87549
233,32,1459.62,426.36,59.14,130.54,1,1,0.88843
233,40,1039.94,441.1,62.54,142.84,1,1,0.90234
233,39,1208.05,349.33,44.93,93.26,1,1,0.75942
233,42,163.4,456.44,65.12,146.37,1,1,0.85021
233,5,897.44,394.06,58.66,138.12,1,1,0.64818
233,12,833.88,549.57,64.5,160.34,1,1,0.91292
233,36,1595.84,463.68,65.51,123.93,1,1,0.87182
233,7,860.8,393.24,79.38,131.94,1,1,0.85532
233,43,231.12,402.3,67.58,128.41,1,1,0.80317
233,21,678.14,391.31,49.0,74.42,1,1,0.64235
233,46,-0.52,451.63,35.63,142.32,1,1,0.80985
234,0,625.79,428.65,63.88,138.35,1,1,0.83439
234,22,675.63,438.68,50.56,154.04,1,1,0.7798
234,28,399.64,457.9,68.26,149.63,1,1,0.94676
234,10,1221.99,399.13,71.83,127.38,1,1,0.85304
234,38,1155.33,338.64,61.14,115.49,1,1,0.86131
234,32,1456.41,427.22,58.86,131.6,1,1,0.88588
234,40,1039.34,443.09,62.45,143.31,1,1,0.89649
234,39,1209.46,353.68,44.91,93.95,1,1,0.74223
234,42,164.95,458.39,62.1,145.21,1,1,0.83713
234,12,830.72,552.48,66.03,159.51,1,1,0.89602
234,36,1598.27,463.76,70.93,125.07,1,1,0.86566
234,7,859.87,394.49,83.18,130.78,1,1,0.84358
234,43,242.88,402.08,67.35,128.43,1,1,0.8379
234,46,-1.22,439.97,39.59,156.54,1,1,0.86338
234,47,197.12,428.31,58.81,129.61,1,1,0.79793
234,15,931.56,365.02,58.03,127.78,1,1,0.80193
235,0,626.08,430.17,68.09,132.13,1,1,0.81443
235,22,674.47,436.54,52.59,157.55,1,1,0.64641
235,28,399.96,458.16,70.13,150.42,1,1,0.94182
235,10,1219.98,397.73,73.79,130.58,1,1,0.8405
235,38,1161.19,340.58,57.18,117.0,1,1,0.85411
235,32,1451.6,427.88,58.72,132.45,1,1,0.8863
235,40,1037.24,442.88,62.52,145.9,1,1,0.89491
235,39,1208.49,356.53,43.85,95.66,1,1,0.73108
235,42,164.94,459.18,61.65,144.92,1,1,0.86586
235,12,827.4,555.01,66.35,159.84,1,1,0.89233
235,36,1597.55,463.23,80.42,125.97,1,1,0.87989
235,7,861.34,395.62,85.06,132.14,1,1,0.82076
235,43,251.5,403.5,64.49,129.9,1,1,0.85329
235,46,-1.25,434.9,43.01,164.17,1,1,0.89081
235,47,201.45,429.39,63.01,129.54,1,1,0.8449
235,15,938.66,371.25,62.82,122.3,1,1,0.83521
236,0,629.76,430.25,72.28,128.21,1,1,0.74434
236,28,401.97,457.58,73.42,148.88,1,1,0.94243
236,10,1219.22,398.92,70.69,129.24,1,1,0.83486
236,38,1165.14,342.8,54.37,117.49,1,1,0.85596
236,32,1446.63,427.74,58.85,132.79,1,1,0.88488
236,40,1035.74,440.69,62.33,147.97,1,1,0.89143
236,39,1209.1,357.63,43.67,88.45,1,1,0.6792
236,42,166.15,459.07,61.49,142.11,1,1,0.89326
236,12,825.19,555.89,65.92,160.21,1,1,0.90049
236,36,1598.41,462.97,90.79,124.27,1,1,0.89367
236,7,880.74,395.18,73.74,135.97,1,1,0.80214
236,43,259.99,405.81,57.44,128.85,1,1,0.86154
236,46,-0.89,439.47,42.25,160.92,1,1,0.88182
236,47,207.35,429.44,65.2,130.57,1,1,0.86545
236,15,948.3,374.77,64.46,121.35,1,1,0.86239
236,21,695.74,392.48,79.29,107.57,1,1,0.74654
237,0,644.68,432.53,62.22,140.18,1,1,0.81207
237,28,405.92,458.22,75.69,145.62,1,1,0.93591
237,10,1217.96,401.09,70.51,126.22,1,1,0.8405
237,38,1163.81,347.54,56.61,115.59,1,1,0.86168
237,32,1441.8,428.7,57.95,133.87,1,1,0.88725
237,40,1036.79,440.57,61.54,149.02,1,1,0.8888
237,39,1208.95,360.5,45.2,87.44,1,1,0.69941
237,42,168.43,461.19,60.83,138.83,1,1,0.89149
237,12,823.12,557.58,66.08,160.99,1,1,0.90804
237,36,1602.68,464.33,92.76,124.71,1,1,0.87454
237,7,881.48,394.74,74.78,141.55,1,1,0.8559
237,43,265.26,408.82,54.43,128.8,1,1,0.85273
237,46,-0.55,449.19,43.22,153.74,1,1,0.89869
237,47,212.44,430.48,63.95,134.91,1,1,0.86018
237,15,965.03,378.26,56.71,122.72,1,1,0.83447
237,21,718.17,401.39,67.55,106.91,1,1,0.814
238,0,653.03,433.65,52.08,141.44,1,1,0.86895
238,28,410.07,460.25,74.07,141.19,1,1,0.94669
238,10,1213.74,403.27,71.79,126.33,1,1,0.8463
238,38,1159.96,351.84,59.69,113.31,1,1,0.87183
238,32,1437.27,429.23,56.33,133.23,1,1,0.89543
238,40,1037.84,441.85,61.08,141.31,1,1,0.89614
238,39,1208.14,362.14,45.86,75.56,1,1,0.75075
238,42,170.46,463.13,59.75,137.25,1,1,0.90839
238,12,819.68,558.19,66.22,162.12,1,1,0.93005
238,36,1609.59,468.07,91.11,123.93,1,1,0.87261
238,7,882.68,394.4,71.68,144.02,1,1,0.87028
238,43,272.78,410.06,51.7,128.85,1,1,0.88964
238,46,-0.61,454.8,45.2,150.96,1,1,0.91462
238,47,217.32,432.15,58.9,136.55,1,1,0.85865
238,15,979.7,381.7,50.85,122.58,1,1,0.84946
238,21,725.47,402.58,64.84,110.95,1,1,0.85596
239,0,656.07,432.44,44.51,139.72,1,1,0.8389
239,28,414.82,461.18,69.74,141.03,1,1,0.9515
239,10,1211.28,403.79,72.21,127.16,1,1,0.849
239,38,1155.28,353.93,64.33,112.16,1,1,0.87383
239,32,1432.56,429.65,55.33,131.52,1,1,0.90219
239,40,1038.52,442.1,60.35,134.49,1,1,0.889
239,39,1206.24,362.47,45.93,73.12,1,1,0.73408
239,42,173.66,463.64,57.67,136.95,1,1,0.90975
239,12,816.42,557.48,65.75,163.26,1,1,0.92923
239,36,1624.86,469.66,75.05,123.45,1,1,0.68914
239,7,879.71,392.52,69.77,147.07,1,1,0.84617
239,43,276.79,408.8,55.1,129.62,1,1,0.8971
239,46,-0.52,456.02,47.46,150.23,1,1,0.93464
239,47,221.72,432.54,54.43,137.49,1,1,0.86201
239,15,987.1,382.36,50.99,123.48,1,1,0.88707
239,21,724.82,401.39,66.96,115.76,1,1,0.87236
240,28,420.85,462.15,65.36,141.58,1,1,0.95332
240,10,1208.1,402.62,69.98,131.26,1,1,0.82622
240,38,1151.45,354.83,67.86,112.48,1,1,0.88358
240,32,1427.34,428.33,54.96,129.26,1,1,0.90118
240,40,1041.01,441.63,57.83,134.93,1,1,0.86784
240,39,1206.16,362.89,44.57,65.33,1,1,0.74032
240,42,177.93,464.08,54.07,137.88,1,1,0.9148
240,12,812.31,556.95,65.02,164.29,1,1,0.92418
240,7,874.8,391.69,64.59,148.15,1,1,0.82899
240,43,279.82,407.17,58.86,129.85,1,1,0.88827
240,46,-0.61,455.23,50.08,151.0,1,1,0.94262
240,47,225.07,432.23,54.15,138.47,1,1,0.87599
240,15,994.8,384.07,54.63,123.9,1,1,0.8974
240,21,720.63,400.87,69.46,120.01,1,1,0.87956
240,5,912.3,386.07,45.26,118.17,1,1,0.70178
241,28,427.48,463.51,61.54,142.64,1,1,0.94417
241,10,1207.0,404.77,68.53,131.36,1,1,0.83921
241,38,1148.91,356.73,71.37,112.55,1,1,0.88783
241,32,1422.48,428.74,55.06,129.09,1,1,0.89601
241,40,1041.19,442.42,61.58,136.2,1,1,0.79769
241,39,1207.97,365.5,44.07,63.12,1,1,0.78186
241,42,180.46,463.72,52.32,140.08,1,1,0.90752
241,12,808.66,557.46,63.81,164.92,1,1,0.91743
241,7,871.14,392.72,66.4,150.27,1,1,0.85293
241,43,282.35,406.69,65.72,130.78,1,1,0.88602
241,46,-0.37,454.99,54.04,150.39,1,1,0.93979
241,47,227.12,432.41,57.95,139.58,1,1,0.87579
241,15,1003.53,386.64,56.56,123.22,1,1,0.8445
241,21,717.63,400.79,69.12,121.62,1,1,0.88068
241,5,914.5,387.69,50.03,117.49,1,1,0.79772
242,28,432.59,463.76,57.74,144.82,1,1,0.93041
242,10,1203.56,407.65,68.13,128.31,1,1,0.79243
242,38,1147.0,358.22,72.72,112.73,1,1,0.8835
242,32,1415.2,429.04,55.75,130.01,1,1,0.89025
242,40,1036.65,440.17,64.57,139.6,1,1,0.78358
242,39,1207.8,367.21,45.38,65.19,1,1,0.77621
242,42,180.35,463.5,52.12,140.13,1,1,0.90852
242,12,803.57,558.67,63.21,163.79,1,1,0.90604
242,7,866.58,396.63,67.61,146.48,1,1,0.81963
242,43,284.9,406.6,71.64,128.08,1,1,0.88054
242,46,-0.65,454.68,61.11,147.54,1,1,0.9379
242,47,228.1,431.67,59.48,139.72,1,1,0.87276
242,15,1015.6,390.07,55.38,125.2,1,1,0.72147
242,21,714.87,399.94,64.02,122.28,1,1,0.84758
242,5,913.38,388.6,55.25,117.38,1,1,0.8449
243,28,436.3,463.99,56.93,145.27,1,1,0.91238
243,10,1196.03,410.96,68.09,123.11,1,1,0.80018
243,38,1149.67,361.8,70.75,109.26,1,1,0.86862
243,32,1408.98,429.75,56.72,130.9,1,1,0.87337
243,40,1035.58,438.63,62.49,141.52,1,1,0.788
243,39,1210.14,370.18,61.62,84.18,1,1,0.64296
243,42,178.97,463.62,55.76,140.88,1,1,0.89432
243,12,799.13,560.75,62.9,161.01,1,1,0.89958
243,7,866.63,402.33,65.29,130.03,1,1,0.81992
243,43,289.47,407.41,74.42,128.0,1,1,0.86482
243,46,-0.61,455.04,70.48,144.61,1,1,0.93155
243,47,230.35,432.22,64.2,138.55,1,1,0.85965
243,21,713.2,398.84,62.35,122.79,1,1,0.85205
243,5,914.26,389.97,55.31,117.81,1,1,0.85158
243,22,696.98,445.87,34.9,135.81,1,1,0.77855
244,28,436.74,463.72,59.65,147.22,1,1,0.90978
244,10,1189.71,414.85,67.94,119.05,1,1,0.81053
244,38,1156.21,364.76,65.04,106.37,1,1,0.82843
244,32,1403.5,429.96,56.51,131.76,1,1,0.8819
244,40,1037.83,426.63,59.49,154.08,1,1,0.8176
244,39,1211.35,373.45,71.72,97.44,1,1,0.83078
244,42,177.35,463.49,62.17,142.16,1,1,0.89759
244,12,795.37,562.83,62.91,160.74,1,1,0.90292
244,7,863.57,407.44,69.98,123.36,1,1,0.86031
244,43,300.36,408.53,68.59,129.47,1,1,0.87594
244,46,-0.38,456.61,77.08,142.41,1,1,0.92764
244,47,234.76,432.83,67.82,133.5,1,1,0.87528
244,21,712.89,397.86,65.5,122.47,1,1,0.85953
244,5,917.72,392.67,55.91,117.95,1,1,0.82975
244,22,692.33,441.56,40.16,141.08,1,1,0.82465
245,28,436.06,464.38,64.06,148.51,1,1,0.91062
245,10,1185.22,419.73,72.29,117.43,1,1,0.83797
245,38,1162.66,368.91,59.72,103.38,1,1,0.81988
245,32,1396.46,432.34,57.92,131.37,1,1,0.88898
245,40,1037.73,419.09,63.86,161.69,1,1,0.8493
245,39,1213.34,380.03,75.97,103.56,1,1,0.84938
245,42,175.04,464.62,68.64,141.12,1,1,0.90935
245,12,791.68,565.67,62.77,159.67,1,1,0.90587
245,7,858.33,412.45,75.95,118.1,1,1,0.89077
245,43,309.54,411.41,61.59,130.18,1,1,0.87913
245,46,-0.15,459.81,80.0,142.25,1,1,0.93356
245,47,239.26,433.98,69.16,132.91,1,1,0.87545
245,21,712.39,398.02,68.68,120.74,1,1,0.85418
245,5,920.8,395.99,58.41,116.96,1,1,0.85546
245,22,688.26,442.39,45.15,138.95,1,1,0.84304
246,28,434.16,464.62,71.74,148.21,1,1,0.88689
246,10,1180.34,425.22,72.75,115.43,1,1,0.82261
246,38,1168.23,372.98,54.63,100.35,1,1,0.74728
246,32,1389.88,434.67,58.38,128.92,1,1,0.87217
246,40,1036.07,431.22,62.14,144.45,1,1,0.83412
246,39,1210.46,380.76,80.29,109.92,1,1,0.8481
246,42,172.92,466.75,73.34,136.88,1,1,0.89388
246,12,787.15,568.02,63.06,160.84,1,1,0.87748
246,7,852.0,416.1,82.08,116.75,1,1,0.87115
246,43,319.3,413.08,54.92,131.79,1,1,0.86661
246,46,2.75,462.83,76.77,142.74,1,1,0.92342
246,47,246.05,435.05,65.13,134.67,1,1,0.86532
246,21,711.44,398.98,71.41,119.66,1,1,0.85489
246,5,923.34,398.24,63.63,117.08,1,1,0.83796
246,22,685.73,443.42,49.34,139.32,1,1,0.82834
247,28,435.04,467.34,76.97,144.51,1,1,0.89191
247,10,1178.07,429.29,69.85,116.23,1,1,0.83083
247,38,1175.37,376.88,49.69,86.58,1,1,0.71675
247,32,1382.79,436.12,58.4,126.48,1,1,0.87414
247,40,1034.49,439.78,63.89,135.85,1,1,0.83513
247,39,1210.84,390.09,78.57,106.96,1,1,0.84992
247,42,173.93,469.75,72.8,136.62,1,1,0.88613
247,12,782.94,571.49,63.08,161.25,1,1,0.88459
247,7,847.72,420.87,84.95,115.59,1,1,0.87231
247,43,328.75,415.52,50.76,132.72,1,1,0.8697
247,46,9.54,467.13,70.19,142.98,1,1,0.91463
247,47,254.15,437.9,57.85,135.44,1,1,0.87869
247,21,711.9,402.16,71.91,119.26,1,1,0.85101
247,5,924.94,401.78,66.41,116.02,1,1,0.8643
247,22,685.09,449.03,52.82,136.81,1,1,0.8209
247,15,1071.82,414.32,53.49,102.76,1,1,0.7777
248,28,438.83,470.78,75.99,143.35,1,1,0.89193
248,10,1172.43,431.91,70.77,119.51,1,1,0.83286
248,38,1172.89,382.56,52.2,88.08,1,1,0.66676
248,32,1376.47,438.2,57.4,127.02,1,1,0.86769
248,40,1033.51,446.32,63.16,131.84,1,1,0.8433
248,39,1210.37,399.85,76.38,102.7,1,1,0.85229
248,42,176.09,474.75,70.74,136.61,1,1,0.87153
248,12,778.58,574.66,62.84,162.51,1,1,0.88272
248,7,844.95,425.72,85.62,114.9,1,1,0.87623
248,43,333.51,418.2,51.82,134.02,1,1,0.861
248,46,15.64,470.81,66.2,144.04,1,1,0.90215
248,47,261.66,441.09,51.43,136.83,1,1,0.86966
248,21,712.65,406.12,70.35,118.96,1,1,0.83926
248,5,926.71,405.59,68.22,112.64,1,1,0.8764
248,22,683.05,453.96,59.11,135.64,1,1,0.82886
248,15,1080.02,421.27,66.0,98.46,1,1,0.85537
249,28,447.9,475.57,71.18,144.63,1,1,0.88975
249,10,1168.36,435.11,72.79,121.91,1,1,0.84172
249,38,1182.11,388.2,44.94,72.22,1,1,0.73433
249,32,1371.95,442.92,56.34,127.37,1,1,0.8621
249,40,1033.12,450.56,61.18,134.35,1,1,0.85398
249,39,1211.18,406.75,74.51,102.72,1,1,0.85427
249,42,183.36,478.93,67.48,139.72,1,1,0.85632
249,12,774.25,577.95,62.32,164.5,1,1,0.88162
249,7,843.42,431.04,86.12,114.17,1,1,0.86752
249,43,335.76,420.87,57.94,134.26,1,1,0.87282
249,46,22.67,473.45,61.74,146.82,1,1,0.8968
249,47,269.75,444.25,47.95,137.76,1,1,0.85267
249,21,712.14,410.42,70.37,118.36,1,1,0.8307
249,5,930.8,410.71,70.19,110.79,1,1,0.8776
249,22,683.61,456.35,60.57,137.24,1,1,0.81168
249,15,1087.87,427.59,69.97,97.83,1,1,0.85176
250,28,455.04,480.86,69.73,146.2,1,1,0.88371
250,10,1162.29,440.48,74.48,120.0,1,1,0.8434
250,38,1187.11,394.24,39.88,69.06,1,1,0.7774
250,32,1367.19,446.32,55.04,128.97,1,1,0.85964
250,40,1032.43,453.45,60.59,138.02,1,1,0.85007
250,39,1211.16,410.65,75.44,105.43,1,1,0.8528
250,42,188.92,482.29,63.75,143.13,1,1,0.87412
250,12,769.57,581.54,62.4,165.81,1,1,0.8734
250,7,842.77,434.89,85.73,115.54,1,1,0.86326
250,43,335.28,423.58,70.51,135.35,1,1,0.86524
250,46,27.95,475.98,59.47,148.7,1,1,0.88553
250,47,272.62,447.29,50.84,138.85,1,1,0.84459
250,21,712.2,414.49,70.31,118.56,1,1,0.81198
250,5,935.45,415.62,67.71,112.27,1,1,0.87178
250,22,682.62,458.63,59.01,138.9,1,1,0.81295
250,15,1093.02,434.2,69.74,96.83,1,1,0.83688
251,28,458.18,485.29,70.81,148.2,1,1,0.88251
251,10,1156.93,446.92,77.9,113.29,1,1,0.82116
251,38,1190.15,400.71,38.29,69.73,1,1,0.77683
251,32,1362.04,448.82,56.12,131.76,1,1,0.85096
251,40,1030.74,456.32,59.85,142.12,1,1,0.84269
251,39,1210.39,415.56,79.96,107.18,1,1,0.83925
251,42,190.79,485.88,62.45,145.21,1,1,0.87987
251,12,764.14,586.01,63.46,167.74,1,1,0.86781
251,7,845.98,437.53,81.09,117.41,1,1,0.85059
251,43,336.63,427.88,80.07,132.24,1,1,0.86487
251,46,30.54,478.96,61.12,150.28,1,1,0.87802
251,47,272.78,450.81,57.72,139.9,1,1,0.84183
251,21,712.58,417.88,70.09,118.6,1,1,0.70306
251,5,940.34,421.08,63.49,113.19,1,1,0.84188
251,22,683.12,462.14,58.01,141.03,1,1,0.80621
251,15,1108.39,442.57,63.06,95.27,1,1,0.81537
252,28,460.81,490.44,70.16,149.02,1,1,0.8843
252,10,1153.57,451.62,77.73,113.84,1,1,0.82329
252,38,1190.08,409.17,38.95,68.87,1,1,0.69653
252,32,1359.39,453.02,54.17,133.41,1,1,0.83292
252,40,1029.08,459.32,60.35,147.66,1,1,0.84302
252,39,1210.29,421.55,85.56,108.11,1,1,0.84987
252,42,191.85,489.73,61.0,147.6,1,1,0.88156
252,12,759.68,591.74,63.5,167.0,1,1,0.88202
252,7,852.05,440.16,73.39,120.66,1,1,0.85306
252,43,340.69,433.95,85.52,129.99,1,1,0.87047
252,46,30.06,483.43,67.2,150.38,1,1,0.87523
252,47,272.47,455.72,66.46,137.82,1,1,0.8389
252,21,712.79,421.6,69.72,116.13,1,1,0.71638
252,5,946.65,427.95,58.73,114.53,1,1,0.81463
252,22,682.95,466.05,57.05,141.53,1,1,0.80899
252,15,1119.24,449.68,59.73,95.82,1,1,0.82202
252,0,716.3,462.72,48.7,132.26,1,1,0.65333
253,28,462.96,494.49,69.43,150.51,1,1,0.88429
253,10,1151.15,453.16,76.87,112.56,1,1,0.78171
253,38,1190.7,417.08,42.52,81.2,1,1,0.65949
253,32,1355.92,458.49,54.42,134.01,1,1,0.83824
253,40,1027.93,462.93,59.96,150.21,1,1,0.84792
253,39,1210.27,426.73,89.37,110.76,1,1,0.86153
253,42,192.95,494.2,60.67,146.37,1,1,0.87213
253,12,756.14,597.32,63.02,166.09,1,1,0.89218
253,7,856.91,443.66,67.44,121.48,1,1,0.84178
253,43,350.82,440.69,80.98,129.63,1,1,0.85211
253,46,28.33,487.93,74.14,146.72,1,1,0.88084
253,47,272.03,460.7,73.3,134.8,1,1,0.84103
253,21,709.94,424.85,58.19,75.46,1,1,0.68951
253,5,955.43,434.34,53.38,115.05,1,1,0.81908
253,22,681.89,470.5,57.43,136.57,1,1,0.82717
253,15,1126.36,452.57,58.27,102.41,1,1,0.75961
253,0,717.85,467.64,50.12,132.29,1,1,0.69357
254,28,466.95,499.69,67.95,150.2,1,1,0.87868
254,38,1192.73,424.48,44.79,89.81,1,1,0.6485
254,32,1353.39,463.07,53.64,134.37,1,1,0.82838
254,40,1027.93,466.92,59.07,152.47,1,1,0.85061
254,39,1213.32,433.73,89.11,111.0,1,1,0.85461
254,42,194.84,499.28,60.74,143.89,1,1,0.87842
254,12,752.87,603.84,63.93,165.31,1,1,0.89427
254,7,859.91,447.35,63.68,121.72,1,1,0.84657
254,43,365.06,446.81,69.4,131.32,1,1,0.82823
254,46,29.4,493.18,76.45,143.33,1,1,0.88974
254,47,275.06,465.71,75.4,133.3,1,1,0.85251
254,21,708.07,428.95,53.03,60.28,1,1,0.67184
254,5,962.22,440.12,51.56,114.99,1,1,0.82757
254,22,680.88,475.57,55.09,128.72,1,1,0.8095
254,15,1132.3,454.01,60.18,110.48,1,1,0.79121
254,0,718.53,474.85,48.43,131.86,1,1,0.72995
254,4,1170.64,462.93,54.47,106.88,1,1,0.67123
255,28,470.53,504.72,68.38,147.78,1,1,0.88962
255,38,1197.2,432.48,44.48,98.26,1,1,0.64226
255,32,1349.49,467.37,52.23,132.71,1,1,0.82985
255,40,1028.0,471.48,57.29,148.01,1,1,0.81909
255,39,1218.36,443.62,87.33,110.88,1,1,0.85432
255,42,197.99,504.79,61.69,141.33,1,1,0.86352
255,12,749.79,610.98,64.68,163.77,1,1,0.88877
255,7,861.79,451.93,61.44,122.79,1,1,0.84691
255,43,378.95,452.81,59.95,132.83,1,1,0.85363
255,46,34.26,499.6,75.61,144.07,1,1,0.88305
255,47,282.32,471.71,71.19,135.21,1,1,0.85189
255,21,708.47,434.41,52.68,58.6,1,1,0.71057
255,5,968.04,446.61,51.62,113.41,1,1,0.812
255,22,680.94,481.33,51.91,119.43,1,1,0.81012
255,15,1134.55,455.37,57.65,112.86,1,1,0.83202
255,0,719.29,481.74,49.75,131.71,1,1,0.80841
255,4,1173.1,472.06,50.95,114.78,1,1,0.71332
256,28,475.5,509.69,69.02,143.4,1,1,0.89271
256,32,1344.61,472.98,51.8,128.5,1,1,0.84961
256,40,1030.26,476.55,54.69,146.04,1,1,0.82972
256,39,1222.95,451.69,85.3,110.25,1,1,0.85491
256,42,201.32,510.75,62.02,140.51,1,1,0.85719
256,12,747.7,616.76,65.87,161.97,1,1,0.89587
256,7,864.99,456.65,58.74,123.34,1,1,0.83244
256,43,391.14,457.02,54.43,134.89,1,1,0.85832
256,46,43.18,506.03,73.39,145.09,1,1,0.89015
256,47,295.38,477.12,63.32,136.77,1,1,0.84506
256,21,709.34,439.58,47.16,58.9,1,1,0.75721
256,5,972.83,452.33,51.95,112.77,1,1,0.80007
256,22,682.62,487.42,51.48,116.58,1,1,0.79877
256,15,1133.55,455.75,52.11,110.15,1,1,0.77941
256,0,722.14,486.87,49.32,131.88,1,1,0.80784
257,28,477.58,509.13,69.2,141.97,1,1,0.88897
257,32,1343.27,472.85,51.59,126.92,1,1,0.84854
257,40,1031.92,476.36,53.42,144.34,1,1,0.83388
257,39,1225.19,452.49,84.14,109.72,1,1,0.85591
257,42,202.88,510.7,62.38,140.26,1,1,0.85705
257,12,747.4,616.64,66.3,161.41,1,1,0.89537
257,7,866.3,456.15,57.87,123.59,1,1,0.83329
257,43,395.28,456.27,52.53,135.31,1,1,0.85892
257,46,46.92,506.16,72.37,145.31,1,1,0.88973
257,47,300.26,476.88,60.35,137.27,1,1,0.84801
257,21,709.82,439.34,45.13,59.13,1,1,0.75836
257,5,975.2,452.22,52.28,112.13,1,1,0.80356
257,22,683.62,487.51,51.18,115.2,1,1,0.80101
257,15,1132.88,453.52,49.97,109.56,1,1,0.78379
257,0,723.45,486.54,49.07,131.87,1,1,0.80897
258,28,487.91,520.66,66.85,139.95,1,1,0.88418
258,32,1340.29,484.86,53.51,126.25,1,1,0.84725
258,40,1036.84,486.97,53.04,145.36,1,1,0.84253
258,39,1237.8,466.82,72.07,107.23,1,1,0.8356
258,42,211.41,522.45,60.45,140.9,1,1,0.86798
258,12,748.82,625.58,64.88,162.19,1,1,0.89278
258,7,871.35,467.89,55.64,120.75,1,1,0.83175
258,43,405.69,463.94,55.36,135.9,1,1,0.88005
258,46,60.42,517.74,66.81,145.42,1,1,0.8987
258,47,313.32,486.56,60.43,139.33,1,1,0.88248
258,21,692.26,452.56,60.47,92.26,1,1,0.67116
258,5,986.42,461.69,51.17,106.57,1,1,0.81855
258,22,686.37,493.87,55.28,130.84,1,1,0.82688
258,15,1129.38,460.82,50.79,113.47,1,1,0.82927
258,0,730.98,492.67,48.53,129.66,1,1,0.8048
258,38,1213.36,456.19,45.96,108.04,1,1,0.69244
259,28,498.02,526.79,65.2,139.26,1,1,0.87336
259,32,1339.82,490.47,54.3,124.95,1,1,0.84918
259,40,1040.19,491.06,53.83,147.37,1,1,0.83145
259,39,1247.12,473.25,64.16,106.35,1,1,0.8294
259,42,220.23,528.03,60.29,141.68,1,1,0.85368
259,12,751.5,629.47,63.97,163.86,1,1,0.88353
259,7,878.23,473.57,54.0,120.24,1,1,0.82565
259,43,415.08,467.51,58.66,135.77,1,1,0.86145
259,46,70.81,522.82,63.98,145.83,1,1,0.90295
259,47,323.0,489.91,62.05,140.58,1,1,0.87421
259,21,687.27,458.89,69.71,99.12,1,1,0.79864
259,5,995.81,466.65,48.86,104.67,1,1,0.8272
259,22,688.55,496.85,59.3,137.43,1,1,0.8009
259,15,1127.16,464.06,56.39,117.98,1,1,0.85785
259,0,736.12,494.4,49.83,131.81,1,1,0.78778
259,38,1219.19,462.67,44.67,107.05,1,1,0.66442
259,10,1181.55,496.84,52.05,93.83,1,1,0.78224
260,28,509.09,532.04,64.52,139.61,1,1,0.87852
260,32,1339.72,496.31,52.45,122.73,1,1,0.84932
260,40,1043.83,494.11,52.62,144.45,1,1,0.82959
260,39,1252.62,478.81,61.29,105.91,1,1,0.81667
260,42,227.75,531.54,57.96,140.0,1,1,0.85533
260,12,753.65,633.26,62.39,164.25,1,1,0.88672
260,7,884.01,478.74,55.82,120.23,1,1,0.81713
260,43,423.6,472.1,62.34,130.26,1,1,0.87183
260,46,79.41,526.12,63.46,145.65,1,1,0.91199
260,47,332.07,493.0,62.41,139.11,1,1,0.88374
260,21,688.02,463.27,72.32,95.72,1,1,0.70443
260,5,1003.96,471.71,45.82,106.18,1,1,0.83422
260,22,689.24,500.24,62.46,137.97,1,1,0.82551
260,15,1125.85,468.27,56.15,119.7,1,1,0.86659
260,0,741.43,496.23,50.27,134.03,1,1,0.79687
260,10,1188.59,506.93,58.87,87.94,1,1,0.7358
261,28,520.3,534.83,61.17,140.13,1,1,0.86988
261,32,1339.16,500.95,52.92,120.76,1,1,0.8659
261,40,1048.47,497.28,52.61,142.65,1,1,0.83038
261,39,1259.83,484.26,60.22,103.79,1,1,0.78087
261,42,235.69,534.03,54.59,142.27,1,1,0.84162
261,12,755.51,637.24,61.71,164.69,1,1,0.87847
261,7,887.62,483.4,64.54,120.6,1,1,0.82642
261,43,432.74,476.74,64.31,126.08,1,1,0.86189
261,46,86.8,529.09,64.3,145.83,1,1,0.90904
261,47,339.73,495.53,64.42,139.87,1,1,0.85801
261,21,709.21,465.56,54.06,72.39,1,1,0.75429
261,5,1011.57,477.33,42.69,106.8,1,1,0.83594
261,22,692.04,504.27,63.29,133.43,1,1,0.82456
261,15,1124.2,472.11,52.33,121.35,1,1,0.86293
261,0,748.0,500.69,50.27,131.95,1,1,0.80362
261,38,1227.93,476.41,42.75,105.57,1,1,0.6558
262,28,528.06,536.73,60.87,140.91,1,1,0.86846
262,32,1336.83,504.01,56.8,119.55,1,1,0.86536
262,40,1053.62,499.87,50.9,136.0,1,1,0.83017
262,39,1267.93,489.65,60.67,101.78,1,1,0.73794
262,42,242.77,535.73,54.15,143.08,1,1,0.83415
262,12,757.1,640.68,61.2,164.81,1,1,0.88502
262,7,891.06,487.4,70.09,119.91,1,1,0.82964
262,43,443.46,480.67,64.14,123.98,1,1,0.86458
262,46,95.25,531.47,64.64,141.99,1,1,0.91371
262,47,346.76,497.76,67.21,135.79,1,1,0.86321
262,21,720.82,466.66,44.9,63.76,1,1,0.7826
262,5,1019.45,481.74,41.64,106.6,1,1,0.81727
262,22,698.12,506.57,61.44,130.04,1,1,0.83125
262,15,1121.61,476.36,51.28,121.08,1,1,0.85674
262,0,754.8,502.85,50.75,131.43,1,1,0.81179
263,28,535.69,538.9,60.69,141.84,1,1,0.86262
263,32,1336.24,509.23,59.93,118.58,1,1,0.87049
263,40,1059.42,503.52,48.62,126.44,1,1,0.84729
263,39,1275.67,493.34,62.73,102.3,1,1,0.81517
263,42,248.7,538.77,55.55,141.6,1,1,0.82123
263,12,759.62,645.08,59.8,165.02,1,1,0.8885
263,7,895.33,492.43,70.47,118.75,1,1,0.83979
263,43,456.76,485.05,59.92,123.41,1,1,0.8565
263,46,104.43,534.99,65.3,137.64,1,1,0.91308
263,47,355.86,500.59,68.32,132.46,1,1,0.86481
263,21,726.51,468.7,42.0,61.2,1,1,0.79079
263,5,1028.17,485.84,39.63,105.86,1,1,0.83067
263,22,704.95,509.8,60.23,129.82,1,1,0.84718
263,15,1118.14,482.04,54.96,121.38,1,1,0.86818
263,0,760.66,504.77,52.02,132.13,1,1,0.81418
263,10,1205.88,526.16,87.35,77.04,1,1,0.77472
263,38,1239.31,483.76,43.59,69.83,1,1,0.72291
264,28,544.07,540.18,61.43,143.25,1,1,0.86854
264,32,1336.68,512.35,63.66,119.07,1,1,0.86186
264,40,1065.4,506.78,47.79,124.8,1,1,0.70542
264,39,1280.47,498.33,64.75,106.69,1,1,0.79004
264,42,254.14,542.18,58.73,140.09,1,1,0.80926
264,12,762.34,649.63,59.13,164.17,1,1,0.89472
264,7,900.37,496.37,69.34,118.47,1,1,0.81934
264,43,470.44,489.15,57.09,124.12,1,1,0.8557
264,46,115.22,538.38,64.67,136.56,1,1,0.91749
264,47,367.7,504.45,70.44,132.04,1,1,0.86288
264,21,730.05,470.12,43.15,61.83,1,1,0.7482
264,5,1035.52,489.89,39.79,106.42,1,1,0.74373
264,22,713.58,512.44,58.71,130.68,1,1,0.84623
264,15,1114.22,488.37,60.86,120.9,1,1,0.86584
264,0,766.65,503.93,53.69,135.96,1,1,0.81891
265,28,552.02,542.65,62.56,138.92,1,1,0.86562
265,32,1338.25,515.6,66.45,118.51,1,1,0.86862
265,40,1070.18,510.98,47.52,124.22,1,1,0.78041
265,39,1285.15,504.62,66.25,105.51,1,1,0.77843
265,42,259.89,545.26,60.43,136.72,1,1,0.8333
265,12,764.22,653.66,58.81,162.61,1,1,0.90566
265,7,905.17,499.95,66.37,117.54,1,1,0.83359
265,43,484.83,491.45,52.83,124.51,1,1,0.84861
265,46,127.18,541.39,63.38,137.41,1,1,0.91442
265,47,380.78,507.95,67.79,131.61,1,1,0.86001
265,21,733.03,471.9,42.04,60.49,1,1,0.76729
265,5,1043.48,493.91,39.83,106.96,1,1,0.71
265,22,719.8,514.05,56.59,132.46,1,1,0.85335
265,15,1111.55,493.54,64.54,120.25,1,1,0.87241
265,0,772.3,504.99,55.74,136.5,1,1,0.84323
266,28,560.37,545.18,62.94,135.08,1,1,0.86881
266,32,1340.03,520.46,69.5,115.77,1,1,0.86485
266,40,1073.83,514.44,48.18,124.4,1,1,0.80601
266,39,1286.8,511.27,68.19,110.03,1,1,0.68471
266,42,264.93,549.72,62.94,134.8,1,1,0.8522
266,12,766.45,657.87,58.3,163.06,1,1,0.91002
266,7,909.96,503.49,64.7,117.32,1,1,0.85726
266,43,495.46,493.06,52.95,124.41,1,1,0.8582
266,46,138.66,544.28,59.3,139.38,1,1,0.90485
266,47,395.67,511.71,61.02,132.18,1,1,0.85676
266,21,735.98,475.13,41.21,60.07,1,1,0.70835
266,5,1050.87,498.24,40.65,109.53,1,1,0.78441
266,22,725.16,514.76,54.57,135.06,1,1,0.84837
266,15,1109.44,498.39,67.79,119.87,1,1,0.87534
266,0,776.87,507.46,57.52,134.05,1,1,0.82533
266,10,1243.19,492.3,61.86,123.15,1,1,0.72749
267,28,569.47,547.51,60.65,135.31,1,1,0.87679
267,32,1342.16,521.84,73.35,116.52,1,1,0.82883
267,40,1076.89,515.23,50.01,125.92,1,1,0.81684
267,39,1291.0,516.74,68.84,113.93,1,1,0.64932
267,42,272.68,553.14,63.86,135.38,1,1,0.84553
267,12,768.37,662.14,57.64,161.32,1,1,0.91615
267,7,916.45,505.64,60.51,117.67,1,1,0.86248
267,43,502.48,493.97,57.71,125.5,1,1,0.87334
267,46,151.47,546.51,53.54,140.11,1,1,0.89375
267,47,409.48,513.29,55.49,132.5,1,1,0.87668
267,21,738.39,478.0,39.29,56.22,1,1,0.70579
267,5,1058.13,502.59,39.8,104.71,1,1,0.78105
267,22,729.79,516.04,55.81,136.29,1,1,0.84748
267,15,1108.3,501.6,70.43,118.67,1,1,0.87243
267,0,782.61,510.94,58.75,131.42,1,1,0.82748
267,10,1251.53,488.38,58.15,129.94,1,1,0.83822
268,28,582.62,549.73,54.11,136.6,1,1,0.86622
268,32,1346.22,522.16,76.27,115.24,1,1,0.78918
268,40,1081.19,514.88,49.44,127.58,1,1,0.80992
268,42,283.47,555.08,64.61,136.72,1,1,0.8487
268,12,771.04,664.23,57.99,160.03,1,1,0.90647
268,7,924.67,507.3,56.23,118.09,1,1,0.85281
268,43,511.06,494.75,64.3,126.67,1,1,0.86955
268,46,162.51,545.68,51.82,143.15,1,1,0.88586
268,47,417.6,514.65,60.21,133.35,1,1,0.86263
268,5,1065.21,505.88,41.63,100.73,1,1,0.75511
268,22,734.13,515.43,57.85,138.14,1,1,0.84211
268,15,1108.04,504.06,72.66,117.21,1,1,0.86809
268,0,792.21,513.26,57.68,130.01,1,1,0.7971
268,10,1260.99,487.32,51.2,132.04,1,1,0.82663
269,28,595.96,550.79,45.73,138.53,1,1,0.85297
269,40,1087.52,514.27,49.3,129.68,1,1,0.80267
269,42,293.34,554.85,63.28,137.98,1,1,0.86478
269,12,774.48,665.21,58.65,158.72,1,1,0.9056
269,7,933.24,507.52,53.21,118.65,1,1,0.83614
269,43,521.85,495.01,67.93,125.91,1,1,0.87755
269,46,171.26,544.55,54.4,145.07,1,1,0.88861
269,47,423.62,515.08,67.1,133.69,1,1,0.86596
269,5,1073.41,507.65,45.47,99.32,1,1,0.66168
269,22,741.11,514.27,58.15,135.46,1,1,0.83152
269,15,1110.96,505.64,71.39,116.11,1,1,0.84904
269,0,802.72,513.89,56.37,129.48,1,1,0.80001
269,10,1270.26,487.71,48.18,129.49,1,1,0.81943
269,21,742.74,481.64,40.89,67.08,1,1,0.67985
270,28,605.71,551.77,38.13,138.86,1,1,0.84294
270,40,1087.06,511.81,55.47,129.64,1,1,0.82405
270,42,300.12,554.01,61.97,139.13,1,1,0.88028
270,12,777.33,665.55,58.42,157.6,1,1,0.91096
270,7,939.54,508.05,52.42,118.05,1,1,0.8196
270,43,535.43,495.39,66.15,124.39,1,1,0.88307
270,46,175.35,543.13,60.77,145.02,1,1,0.89955
270,47,430.75,514.87,72.36,130.78,1,1,0.89341
270,22,749.85,517.46,57.57,127.07,1,1,0.83539
270,15,1113.12,507.67,69.09,115.6,1,1,0.78406
270,0,813.61,514.25,53.61,129.67,1,1,0.83145
270,10,1278.56,488.37,45.97,129.39,1,1,0.81437
270,49,0.81,574.38,25.26,143.51,1,1,0.7069
270,21,743.94,482.03,44.86,80.37,1,1,0.72145
270,32,1363.08,523.06,71.43,113.76,1,1,0.76229
271,28,613.81,552.13,33.62,138.38,1,1,0.82841
271,40,1087.77,508.1,64.01,126.83,1,1,0.83024
271,42,307.3,552.9,59.86,140.26,1,1,0.90478
271,12,781.66,664.64,58.02,158.83,1,1,0.91365
271,7,941.46,508.24,56.12,116.18,1,1,0.8167
271,43,551.83,494.73,59.99,124.64,1,1,0.87852
271,46,179.78,541.89,66.97,142.07,1,1,0.90979
271,47,439.04,514.37,78.17,127.61,1,1,0.91558
271,22,758.93,520.52,57.22,121.67,1,1,0.83107
271,0,823.72,511.24,54.14,132.74,1,1,0.82398
271,10,1285.17,490.68,46.8,128.8,1,1,0.77715
271,21,745.37,481.78,48.99,97.59,1,1,0.76947
271,32,1380.22,519.41,61.34,115.63,1,1,0.80069
272,40,1090.29,506.02,69.08,127.41,1,1,0.88637
272,42,313.09,550.53,58.23,140.32,1,1,0.89473
272,12,785.0,662.67,57.21,160.49,1,1,0.92208
272,7,944.96,507.56,59.89,117.55,1,1,0.79862
272,43,569.88,492.98,53.41,126.21,1,1,0.845
272,46,183.59,540.26,73.6,138.37,1,1,0.89047
272,47,449.4,513.0,78.8,125.35,1,1,0.89084
272,22,766.38,519.39,56.9,122.33,1,1,0.84463
272,0,832.61,508.65,52.55,132.15,1,1,0.78606
272,10,1292.3,493.03,45.62,124.59,1,1,0.69152
272,21,746.73,479.38,50.64,112.07,1,1,0.79338
272,32,1392.71,515.28,54.94,118.44,1,1,0.86173
273,40,1092.78,503.67,68.74,128.76,1,1,0.88372
273,42,317.17,548.67,57.78,138.73,1,1,0.91495
273,12,785.49,660.44,57.47,162.85,1,1,0.92904
273,7,950.28,506.85,57.73,119.1,1,1,0.85015
273,43,583.48,490.75,50.89,128.26,1,1,0.85519
273,46,189.06,538.51,74.89,136.07,1,1,0.90255
273,47,460.47,511.77,75.51,124.7,1,1,0.90839
273,22,771.79,515.6,58.43,124.87,1,1,0.87015
273,0,837.61,504.45,53.17,133.04,1,1,0.83339
273,10,1296.83,495.54,46.28,127.19,1,1,0.83178
273,21,747.3,477.31,49.86,119.93,1,1,0.81801
273,32,1399.64,511.07,52.1,120.64,1,1,0.86403
274,40,1105.84,503.7,59.22,129.24,1,1,0.78546
274,42,322.01,547.41,57.29,137.49,1,1,0.89636
274,12,786.17,659.46,58.27,164.1,1,1,0.92179
274,7,954.99,506.59,55.28,120.32,1,1,0.85223
274,43,593.54,489.19,50.63,128.91,1,1,0.86806
274,46,199.09,537.26,73.98,137.48,1,1,0.86898
274,47,475.51,510.97,71.62,125.7,1,1,0.86798
274,22,775.7,513.17,60.68,126.58,1,1,0.86259
274,0,844.11,501.69,54.21,135.09,1,1,0.82362
274,10,1301.5,498.14,46.41,127.83,1,1,0.78863
274,21,749.62,476.59,48.8,121.12,1,1,0.81352
274,32,1401.73,508.2,54.67,121.96,1,1,0.84288
275,40,1100.38,501.8,47.1,122.73,1,1,0.70636
275,42,327.11,547.6,55.93,136.28,1,1,0.89763
275,12,787.06,659.22,59.57,165.12,1,1,0.9249
275,7,961.17,507.0,52.25,120.53,1,1,0.85418
275,43,601.87,487.68,48.83,128.2,1,1,0.87855
275,46,215.5,537.56,66.34,138.75,1,1,0.87567
275,47,491.58,510.79,66.03,126.59,1,1,0.87085
275,22,780.95,508.74,61.05,130.98,1,1,0.87997
275,0,849.5,501.36,55.59,135.43,1,1,0.8372
275,10,1307.21,499.59,48.7,129.15,1,1,0.76426
275,21,752.41,477.24,48.16,119.5,1,1,0.83265
275,32,1404.45,504.67,58.47,125.36,1,1,0.80506
275,50,670.42,541.69,38.23,130.05,1,1,0.86336
275,5,1123.49,505.96,44.86,122.27,1,1,0.81343
276,40,1094.82,501.09,51.61,125.21,1,1,0.78578
276,42,332.75,548.31,54.74,135.49,1,1,0.91311
276,12,786.18,659.34,61.36,166.35,1,1,0.92412
276,7,964.53,508.14,51.91,120.5,1,1,0.87028
276,43,609.77,485.42,44.54,129.38,1,1,0.86597
276,46,222.14,538.03,67.26,140.03,1,1,0.89952
276,47,506.37,509.61,62.16,129.17,1,1,0.89339
276,22,785.42,505.41,62.06,134.85,1,1,0.87808
276,0,853.33,501.59,59.39,135.55,1,1,0.84773
276,10,1311.73,503.7,51.03,126.75,1,1,0.80228
276,21,755.58,477.94,48.96,119.06,1,1,0.83014
276,32,1410.47,502.23,59.09,128.16,1,1,0.84881
276,50,671.49,541.59,42.56,133.76,1,1,0.88197
276,5,1126.52,505.36,46.08,119.63,1,1,0.78758
277,40,1090.69,501.51,53.3,126.67,1,1,0.83536
277,42,337.78,549.22,54.2,135.4,1,1,0.91799
277,12,784.54,660.68,63.38,166.38,1,1,0.91841
277,7,966.87,510.21,51.85,118.96,1,1,0.86822
277,43,615.55,485.26,39.27,126.12,1,1,0.81909
277,46,229.09,538.72,65.41,140.29,1,1,0.91247
277,47,513.1,509.19,66.12,130.52,1,1,0.91612
277,22,791.32,504.38,62.59,134.22,1,1,0.87419
277,0,859.57,502.98,60.91,135.84,1,1,0.8538
277,10,1317.69,506.82,48.9,124.93,1,1,0.83134
277,21,757.86,479.59,49.78,118.25,1,1,0.84358
277,32,1414.08,500.88,58.72,126.76,1,1,0.84424
277,50,671.29,543.21,48.5,135.58,1,1,0.88722
277,5,1129.33,505.55,49.04,118.35,1,1,0.8301
277,39,1355.91,521.8,60.55,114.69,1,1,0.69237
278,40,1086.94,502.0,54.25,124.86,1,1,0.841
278,42,342.17,550.2,52.83,136.05,1,1,0.92071
278,12,783.05,662.88,64.48,166.79,1,1,0.91866
278,7,968.27,513.85,52.87,116.14,1,1,0.87087
278,46,235.16,539.72,63.46,140.62,1,1,0.92627
278,47,518.11,509.68,70.47,130.88,1,1,0.92251
278,22,797.75,504.91,62.12,129.91,1,1,0.85367
278,0,864.75,505.62,64.14,134.4,1,1,0.85519
278,10,1322.01,509.63,48.91,125.26,1,1,0.82969
278,21,758.19,481.85,50.98,118.12,1,1,0.84929
278,32,1418.03,501.11,57.74,122.37,1,1,0.83272
278,50,672.19,544.69,53.38,137.83,1,1,0.89448
278,5,1130.15,506.47,53.29,117.31,1,1,0.85129
278,39,1363.59,521.3,62.9,116.53,1,1,0.6739
279,40,1085.0,503.45,54.02,123.38,1,1,0.84488
279,42,344.88,549.61,52.74,137.9,1,1,0.91238
279,12,781.61,665.7,66.06,166.07,1,1,0.91546
279,7,969.11,517.16,55.25,113.13,1,1,0.86732
279,46,238.67,539.29,65.05,141.15,1,1,0.92445
279,47,524.68,510.29,79.53,128.71,1,1,0.90354
279,22,804.66,505.95,60.75,128.32,1,1,0.8502
279,0,871.56,507.51,65.84,132.43,1,1,0.87329
279,10,1327.64,512.56,49.18,125.25,1,1,0.84561
279,21,759.15,483.45,50.2,119.63,1,1,0.85485
279,32,1423.13,501.68,61.02,122.87,1,1,0.83899
279,50,672.76,543.92,59.63,141.17,1,1,0.88798
279,5,1129.36,506.51,58.34,114.68,1,1,0.8642
279,39,1372.69,526.41,64.01,115.24,1,1,0.78815
280,40,1081.98,504.11,53.7,124.0,1,1,0.82721
280,42,343.74,548.73,55.02,139.27,1,1,0.89166
280,12,778.48,667.84,67.76,166.68,1,1,0.90862
280,7,968.36,519.69,57.75,111.91,1,1,0.85485
280,46,239.85,538.84,67.41,141.4,1,1,0.91527
280,47,532.16,510.14,84.54,126.64,1,1,0.8814
280,22,807.26,505.84,63.85,129.35,1,1,0.86434
280,0,875.17,508.08,66.75,131.66,1,1,0.87896
280,10,1331.57,513.64,49.93,126.06,1,1,0.85145
280,21,757.96,483.37,49.19,121.65,1,1,0.85713
280,32,1427.1,502.39,63.33,123.29,1,1,0.83097
280,50,675.63,543.04,61.11,142.77,1,1,0.86201
280,39,1375.73,528.99,68.45,116.32,1,1,0.72696
280,15,1124.64,505.71,62.91,117.01,1,1,0.86177
280,43,657.14,484.83,35.08,111.44,1,1,0.71675
281,40,1080.7,504.59,53.15,124.84,1,1,0.80688
281,42,340.89,548.84,58.14,139.89,1,1,0.90536
281,12,775.71,670.44,68.18,167.47,1,1,0.91412
281,7,968.52,523.14,57.51,109.57,1,1,0.86061
281,46,241.21,539.59,69.15,137.48,1,1,0.9204
281,47,541.92,510.85,82.19,125.79,1,1,0.88638
281,22,808.5,505.72,68.96,130.65,1,1,0.87087
281,0,880.2,509.65,64.48,131.7,1,1,0.88065
281,10,1335.55,515.93,49.47,126.22,1,1,0.86252
281,21,756.95,483.01,48.79,123.48,1,1,0.85796
281,32,1432.7,505.64,65.98,123.24,1,1,0.86082
281,50,679.42,541.29,60.46,145.62,1,1,0.86275
281,39,1378.11,533.58,70.7,115.03,1,1,0.76195
281,51,1745.17,581.57,76.3,159.0,1,1,0.80798
281,15,1124.08,506.33,63.49,118.52,1,1,0.85312
281,43,663.17,486.48,35.49,116.69,1,1,0.77202
282,40,1074.36,505.03,58.59,126.85,1,1,0.7947
282,42,337.5,550.14,61.55,139.09,1,1,0.88917
282,12,773.35,673.41,67.84,167.3,1,1,0.91538
282,7,969.98,526.46,56.83,110.34,1,1,0.84658
282,46,243.74,541.09,68.81,134.89,1,1,0.90006
282,47,552.43,512.86,77.75,126.68,1,1,0.88056
282,22,808.8,506.3,75.3,131.32,1,1,0.8496
282,0,885.15,511.44,61.52,132.36,1,1,0.86046
282,10,1339.84,518.6,50.91,127.36,1,1,0.84767
282,21,754.22,482.84,50.79,126.56,1,1,0.84937
282,32,1436.82,509.34,69.13,126.18,1,1,0.86312
282,50,682.73,540.1,61.0,148.17,1,1,0.84464
282,51,1749.64,587.93,77.07,157.04,1,1,0.79826
282,15,1123.15,508.5,67.17,120.77,1,1,0.85906
282,43,666.56,487.96,39.01,117.47,1,1,0.78999
283,40,1069.83,506.75,61.71,128.91,1,1,0.81597
283,42,332.84,552.18,64.96,138.96,1,1,0.91359
283,12,771.57,676.7,65.87,167.78,1,1,0.92616
283,7,970.97,529.87,56.24,111.08,1,1,0.84963
283,46,246.57,543.66,66.01,135.0,1,1,0.92093
283,47,563.32,515.43,66.85,127.86,1,1,0.9006
283,22,807.84,508.09,81.42,133.0,1,1,0.86494
283,0,888.92,513.19,58.86,133.84,1,1,0.86613
283,10,1343.59,523.26,51.35,126.4,1,1,0.85354
283,21,751.34,483.3,51.52,128.09,1,1,0.85592
283,32,1442.57,513.44,67.21,124.99,1,1,0.86684
283,50,685.17,538.73,62.39,151.59,1,1,0.85228
283,51,1753.08,603.21,79.47,147.72,1,1,0.83382
283,15,1120.83,510.52,70.78,123.52,1,1,0.85822
283,43,669.15,490.16,41.07,124.07,1,1,0.75922
283,39,1390.71,539.91,67.05,117.9,1,1,0.65271
284,40,1069.36,510.16,62.32,129.75,1,1,0.80669
284,42,328.54,555.6,69.17,139.93,1,1,0.91792
284,12,769.65,679.58,64.68,169.2,1,1,0.92735
284,7,971.14,532.51,57.07,113.14,1,1,0.81454
284,46,250.83,547.39,61.18,135.3,1,1,0.9272
284,47,573.19,517.53,56.76,130.32,1,1,0.89646
284,22,807.65,509.81,86.15,133.86,1,1,0.87253
284,0,890.43,514.48,59.38,135.9,1,1,0.84959
284,10,1346.43,526.68,50.51,126.84,1,1,0.8415
284,21,747.94,484.27,52.97,129.47,1,1,0.85144
284,32,1447.54,516.98,68.08,124.36,1,1,0.85014
284,50,686.0,541.08,64.19,148.12,1,1,0.8465
284,51,1756.23,618.1,80.6,137.12,1,1,0.8143
284,15,1119.01,513.91,73.27,122.96,1,1,0.84883
284,43,668.48,492.08,47.44,128.56,1,1,0.77106
284,39,1399.42,542.77,62.23,119.33,1,1,0.75547
285,40,1071.19,512.64,62.2,129.85,1,1,0.81091
285,42,328.57,557.51,72.36,140.11,1,1,0.91481
285,12,768.87,681.09,63.21,169.92,1,1,0.9289
285,7,971.04,531.93,58.02,116.44,1,1,0.84098
285,46,255.59,548.59,57.7,136.87,1,1,0.92707
285,47,581.21,517.9,49.1,132.38,1,1,0.89907
285,22,810.15,509.92,87.97,130.61,1,1,0.88746
285,0,892.05,514.21,62.66,137.33,1,1,0.84228
285,10,1351.16,527.36,55.45,128.82,1,1,0.83303
285,21,746.76,484.5,54.12,127.29,1,1,0.85318
285,32,1453.36,517.78,68.97,125.31,1,1,0.85029
285,50,687.79,541.82,65.37,146.38,1,1,0.84133
285,51,1762.25,624.23,78.8,134.15,1,1,0.80806
285,15,1120.86,515.85,74.36,121.9,1,1,0.86746
285,43,672.72,493.24,49.52,126.09,1,1,0.75889
285,39,1405.54,542.27,60.53,122.39,1,1,0.81758
286,40,1084.8,514.32,60.53,109.93,1,1,0.79449
286,42,330.28,559.64,74.95,140.51,1,1,0.91489
286,12,768.68,682.29,61.68,172.12,1,1,0.93198
286,7,971.57,531.23,58.55,119.25,1,1,0.8395
286,46,256.04,548.74,58.88,139.21,1,1,0.92552
286,47,587.32,516.45,42.13,136.38,1,1,0.88419
286,22,814.6,508.96,88.06,125.13,1,1,0.88504
286,0,894.75,514.15,64.92,137.37,1,1,0.83291
286,10,1356.09,528.23,59.61,130.56,1,1,0.84705
286,21,745.62,484.68,55.92,126.09,1,1,0.86219
286,32,1458.26,518.31,69.25,125.89,1,1,0.85654
286,50,690.22,543.96,65.47,145.85,1,1,0.82964
286,51,1766.3,619.58,77.19,143.09,1,1,0.73612
286,15,1123.36,518.19,76.25,120.65,1,1,0.87384
286,39,1411.59,540.54,59.55,126.84,1,1,0.82903
287,40,1087.94,516.82,59.18,101.71,1,1,0.77156
287,42,334.85,561.89,71.15,141.6,1,1,0.91875
287,12,767.98,685.15,61.22,174.32,1,1,0.91835
287,7,972.22,532.29,59.25,121.69,1,1,0.83584
287,46,253.93,549.5,64.28,141.54,1,1,0.93079
287,47,591.8,515.67,35.68,139.98,1,1,0.84465
287,22,822.03,509.92,85.52,120.42,1,1,0.884
287,0,898.4,516.28,65.38,136.6,1,1,0.81848
287,10,1360.41,531.22,61.66,131.88,1,1,0.83521
287,21,745.64,486.47,57.43,125.01,1,1,0.8688
287,32,1465.11,520.54,70.03,125.04,1,1,0.87538
287,50,697.13,550.37,62.57,143.24,1,1,0.86219
287,15,1124.62,521.04,79.74,120.89,1,1,0.86906
287,39,1417.06,541.67,58.5,129.51,1,1,0.82977
287,43,691.22,496.57,46.05,116.03,1,1,0.75143
288,40,1096.31,521.85,61.28,110.24,1,1,0.753
288,42,336.26,563.23,68.86,143.63,1,1,0.91898
288,12,765.24,688.07,62.1,176.32,1,1,0.9014
288,7,972.65,532.52,59.09,124.74,1,1,0.83108
288,46,247.83,548.85,72.72,145.49,1,1,0.93797
288,47,594.37,516.42,63.56,141.14,1,1,0.83414
288,22,829.51,511.85,81.55,118.18,1,1,0.85467
288,0,901.47,517.85,63.64,135.35,1,1,0.79941
288,10,1362.13,541.2,62.21,126.38,1,1,0.79398
288,21,744.59,488.77,59.18,122.73,1,1,0.87922
288,32,1469.87,522.24,71.52,123.49,1,1,0.87098
288,50,699.56,555.06,62.23,142.83,1,1,0.88244
288,15,1125.31,523.18,84.29,120.2,1,1,0.86117
288,39,1423.21,542.43,57.42,132.74,1,1,0.83624
288,52,0.26,585.51,16.69,156.51,1,1,0.74854
288,53,1069.27,539.63,59.91,114.59,1,1,0.74628
288,43,697.66,498.58,45.32,112.4,1,1,0.77658
289,40,1101.8,524.02,57.74,113.27,1,1,0.75039
289,42,336.29,563.37,69.89,145.43,1,1,0.91197
289,12,763.67,690.37,62.59,177.51,1,1,0.90762
289,7,974.73,531.41,58.0,127.43,1,1,0.8355
289,46,242.79,548.25,81.21,147.06,1,1,0.9345
289,47,598.14,518.36,72.09,137.81,1,1,0.83791
289,22,842.56,512.71,73.43,123.71,1,1,0.85129
289,0,905.62,517.62,62.8,135.59,1,1,0.79072
289,10,1370.3,535.08,61.83,110.96,1,1,0.72645
289,21,745.11,491.12,61.09,121.25,1,1,0.88801
289,32,1474.68,522.51,72.91,124.5,1,1,0.88159
289,50,705.4,554.32,60.56,145.68,1,1,0.89554
289,15,1129.93,523.14,85.36,121.51,1,1,0.87284
289,39,1430.63,544.15,56.33,134.1,1,1,0.85513
289,53,1071.3,541.92,59.5,114.88,1,1,0.7271
289,43,703.88,499.91,45.26,109.7,1,1,0.7507
289,54,1364.34,550.95,65.0,115.71,1,1,0.78402
290,40,1104.58,525.62,53.23,114.69,1,1,0.67773
290,42,336.41,563.03,70.12,146.8,1,1,0.91353
290,12,762.04,692.57,63.34,178.69,1,1,0.9104
290,7,975.66,530.43,56.94,129.06,1,1,0.8228
290,46,239.44,547.69,88.54,145.06,1,1,0.92146
290,22,852.03,511.74,69.62,128.96,1,1,0.85148
290,0,907.79,517.6,60.97,134.1,1,1,0.75304
290,10,1367.65,551.89,70.84,113.7,1,1,0.83861
290,21,746.32,493.93,62.99,119.36,1,1,0.88554
290,32,1478.44,521.68,74.5,124.07,1,1,0.89463
290,50,709.28,553.06,59.23,148.48,1,1,0.89092
290,15,1132.1,522.38,88.47,123.94,1,1,0.87859
290,39,1433.08,545.86,59.49,135.7,1,1,0.87026
290,53,1076.45,538.89,61.25,117.96,1,1,0.7672
290,54,1373.72,534.45,61.51,106.09,1,1,0.77461
290,51,1775.36,623.07,68.88,159.36,1,1,0.70833
291,42,336.57,562.88,69.97,147.96,1,1,0.90955
291,12,759.29,695.36,64.96,180.94,1,1,0.90644
291,7,976.2,529.59,56.91,131.39,1,1,0.83919
291,46,239.61,547.82,92.76,144.03,1,1,0.90298
291,22,860.1,509.49,66.97,125.42,1,1,0.85015
291,0,908.74,519.05,60.46,134.89,1,1,0.77605
291,10,1365.92,561.32,70.36,111.99,1,1,0.85861
291,21,748.35,496.08,64.94,117.98,1,1,0.88229
291,32,1480.67,520.91,78.26,126.42,1,1,0.892
291,50,713.14,550.76,60.32,152.85,1,1,0.8891
291,15,1133.3,522.16,90.93,123.96,1,1,0.87737
291,39,1434.98,550.64,62.77,135.33,1,1,0.86193
291,53,1078.98,541.73,58.7,116.48,1,1,0.80191
291,54,1379.29,530.28,57.09,91.43,1,1,0.82545
291,51,1776.08,627.39,72.78,160.79,1,1,0.79801
291,47,627.74,518.71,52.03,133.61,1,1,0.86118
292,42,336.96,563.25,69.64,148.53,1,1,0.90974
292,12,757.37,698.63,65.06,181.75,1,1,0.90653
292,7,977.04,528.81,56.81,133.38,1,1,0.83838
292,46,256.89,549.47,80.25,144.39,1,1,0.796
292,22,868.09,508.48,65.05,123.27,1,1,0.84708
292,0,912.67,520.19,62.25,135.48,1,1,0.81172
292,10,1364.59,565.9,71.43,113.77,1,1,0.86603
292,21,750.71,498.57,65.51,117.09,1,1,0.85181
292,32,1482.22,519.69,83.12,129.89,1,1,0.8876
292,50,715.87,551.41,61.13,152.72,1,1,0.88434
292,15,1134.4,522.17,90.46,125.12,1,1,0.87617
292,39,1438.01,550.51,65.3,140.48,1,1,0.85885
292,53,1081.44,540.93,63.69,118.71,1,1,0.80068
292,54,1383.47,530.2,57.86,94.64,1,1,0.81122
292,51,1783.3,629.87,71.88,162.03,1,1,0.79512
292,47,633.01,520.96,46.36,131.79,1,1,0.87246
293,42,338.69,564.11,68.26,147.91,1,1,0.9145
293,12,755.88,701.85,65.0,181.76,1,1,0.90469
293,7,978.49,527.67,56.86,135.54,1,1,0.84482
293,46,277.22,550.78,66.39,146.04,1,1,0.85214
293,22,876.04,507.17,64.71,129.82,1,1,0.81564
293,0,917.2,521.41,62.56,135.48,1,1,0.80596
293,10,1363.18,568.55,68.49,115.44,1,1,0.8656
293,21,752.1,499.88,66.0,118.74,1,1,0.74806
293,32,1483.97,518.18,80.07,126.88,1,1,0.85642
293,50,720.56,549.3,61.15,150.74,1,1,0.88228
293,15,1135.8,521.4,86.89,124.96,1,1,0.8675
293,39,1441.55,551.12,67.15,144.35,1,1,0.86358
293,53,1083.98,544.15,67.44,116.13,1,1,0.81037
293,54,1388.4,530.39,58.09,105.58,1,1,0.79686
293,51,1790.74,632.64,72.9,162.46,1,1,0.67886
293,47,633.8,520.53,46.62,133.7,1,1,0.88438
294,42,341.37,564.81,65.85,147.11,1,1,0.89967
294,12,753.2,705.0,65.19,180.35,1,1,0.87949
294,7,977.97,526.28,57.73,137.5,1,1,0.83624
294,46,283.87,550.88,64.09,149.04,1,1,0.83794
294,22,884.3,505.38,67.92,128.26,1,1,0.74788
294,0,918.36,522.77,62.85,135.72,1,1,0.76968
294,10,1359.98,571.22,67.9,116.59,1,1,0.87035
294,21,747.76,498.74,70.09,124.14,1,1,0.75542
294,32,1485.09,517.45,75.08,119.3,1,1,0.85342
294,50,723.91,547.9,61.23,148.42,1,1,0.87781
294,15,1136.71,520.19,81.96,126.74,1,1,0.87206
294,39,1441.9,556.37,72.51,143.21,1,1,0.84483
294,53,1084.5,549.99,69.88,112.11,1,1,0.81337
294,54,1393.99,533.65,58.33,115.57,1,1,0.77975
294,51,1794.76,635.17,76.29,164.2,1,1,0.70612
294,47,631.66,519.27,51.06,135.82,1,1,0.8892
295,42,344.76,565.01,66.47,147.94,1,1,0.90991
295,12,751.79,707.46,64.53,172.56,1,1,0.89283
295,7,978.73,524.84,58.23,138.89,1,1,0.83665
295,46,283.69,548.64,69.45,153.44,1,1,0.88308
295,22,895.54,506.21,70.72,133.58,1,1,0.67255
295,0,920.23,519.27,63.25,140.33,1,1,0.71862
295,10,1358.21,572.21,68.81,118.2,1,1,0.87127
295,21,753.01,497.16,63.8,131.25,1,1,0.76291
295,32,1486.43,516.1,69.16,118.03,1,1,0.85778
295,50,727.2,550.46,61.96,145.72,1,1,0.88528
295,15,1138.24,519.65,74.46,128.75,1,1,0.87728
295,39,1442.81,561.78,77.16,140.35,1,1,0.8498
295,53,1085.04,554.29,67.44,110.0,1,1,0.81605
295,54,1399.65,534.36,54.97,122.04,1,1,0.75974
295,51,1798.29,638.47,81.29,165.22,1,1,0.88682
295,47,630.32,517.38,57.73,138.49,1,1,0.9042
295,40,1115.11,535.36,63.23,119.08,1,1,0.68142
296,42,345.0,564.55,67.27,149.84,1,1,0.91929
296,12,749.52,709.53,64.41,163.63,1,1,0.90124
296,7,980.67,522.69,57.84,141.22,1,1,0.82802
296,46,283.98,545.76,75.04,157.56,1,1,0.90274
296,0,917.51,512.54,66.98,147.84,1,1,0.83228
296,10,1357.04,571.47,68.84,120.37,1,1,0.86647
296,32,1487.49,515.13,66.77,118.76,1,1,0.86783
296,50,730.59,550.24,61.56,147.04,1,1,0.89902
296,15,1138.99,520.81,66.0,131.18,1,1,0.86594
296,39,1443.06,566.33,81.35,138.75,1,1,0.86177
296,53,1085.06,558.99,64.86,108.5,1,1,0.79765
296,54,1405.92,535.24,48.91,134.86,1,1,0.79053
296,51,1801.21,640.83,86.57,167.24,1,1,0.81358
296,47,629.17,515.29,63.17,141.44,1,1,0.90892
296,40,1117.64,535.09,60.3,120.98,1,1,0.64154
297,42,342.14,564.09,70.26,151.48,1,1,0.90332
297,12,746.47,710.67,65.6,159.14,1,1,0.88765
297,7,984.71,520.51,55.69,144.1,1,1,0.83775
297,46,283.84,543.46,80.26,160.63,1,1,0.88919
297,0,920.59,510.14,66.03,151.04,1,1,0.82396
297,10,1355.71,571.47,70.7,122.02,1,1,0.87009
297,32,1488.89,514.52,65.28,121.55,1,1,0.87716
297,50,734.64,549.23,60.65,150.05,1,1,0.90559
297,15,1140.76,523.0,59.37,131.6,1,1,0.86396
297,39,1445.82,568.5,84.12,139.86,1,1,0.87614
297,53,1085.51,564.09,65.34,104.01,1,1,0.76318
297,54,1412.7,537.27,46.15,139.53,1,1,0.75494
297,51,1805.0,644.02,90.06,168.92,1,1,0.70542
297,47,630.02,513.42,67.28,142.22,1,1,0.91565
297,40,1119.59,538.53,57.13,119.25,1,1,0.72733
297,21,760.34,493.97,57.26,134.42,1,1,0.68539
298,42,338.74,563.73,73.88,153.04,1,1,0.87852
298,12,743.09,711.3,66.32,156.12,1,1,0.90116
298,7,987.36,518.31,54.33,146.8,1,1,0.85728
298,46,286.27,541.91,81.79,162.12,1,1,0.82748
298,0,922.07,509.22,66.24,151.24,1,1,0.84407
298,10,1354.16,571.25,75.56,123.97,1,1,0.87662
298,32,1489.23,513.61,65.68,124.82,1,1,0.87577
298,50,737.3,546.15,63.19,155.56,1,1,0.91053
298,15,1142.2,526.21,56.34,129.97,1,1,0.86822
298,39,1448.4,570.19,85.58,140.99,1,1,0.87866
298,53,1085.03,568.39,62.51,98.26,1,1,0.78641
298,54,1419.53,540.0,45.51,138.65,1,1,0.75679
298,51,1807.67,646.22,92.54,169.23,1,1,0.8701
298,47,631.04,512.93,70.06,140.24,1,1,0.91932
298,21,763.49,492.49,68.12,138.97,1,1,0.7044
299,42,336.98,563.11,77.11,154.8,1,1,0.8833
299,12,739.81,712.02,67.35,156.19,1,1,0.90715
299,7,988.27,515.99,55.17,149.35,1,1,0.88076
299,46,289.58,540.07,82.32,161.47,1,1,0.79021
299,0,923.35,510.47,66.31,147.59,1,1,0.86067
299,10,1352.2,570.37,81.57,126.18,1,1,0.89224
299,32,1489.01,512.03,67.24,125.16,1,1,0.8681
299,50,738.53,541.89,66.86,161.29,1,1,0.91792
299,15,1140.34,529.39,58.92,126.48,1,1,0.86221
299,39,1446.12,572.4,91.71,141.01,1,1,0.88688
299,53,1085.59,571.71,64.43,91.92,1,1,0.77791
299,54,1425.9,540.49,44.61,136.14,1,1,0.71893
299,47,633.29,513.06,71.88,139.09,1,1,0.92967
300,42,333.56,563.03,82.68,155.5,1,1,0.89688
300,12,734.76,713.21,68.76,158.7,1,1,0.91104
300,7,987.62,514.87,56.85,151.39,1,1,0.88846
300,46,292.77,540.49,81.77,154.47,1,1,0.78145
300,0,923.14,511.62,66.58,145.88,1,1,0.88226
300,10,1347.45,567.8,88.0,130.48,1,1,0.88826
300,32,1487.17,510.83,67.79,129.55,1,1,0.87824
300,50,737.44,539.25,71.58,166.04,1,1,0.92551
300,15,1132.52,534.13,66.41,122.51,1,1,0.84853
300,39,1441.98,572.53,95.85,142.98,1,1,0.89371
300,53,1083.62,578.35,63.99,84.44,1,1,0.78322
300,47,634.96,514.26,74.85,138.89,1,1,0.93915
300,21,785.93,501.97,83.27,137.27,1,1,0.82789
301,42,331.74,564.02,86.5,156.38,1,1,0.88842
301,12,730.27,714.98,70.43,162.44,1,1,0.91742
301,7,986.24,513.81,59.59,155.72,1,1,0.90317
301,46,300.25,541.81,77.63,148.18,1,1,0.76174
301,0,922.15,512.87,68.35,147.82,1,1,0.90456
301,10,1344.6,567.11,91.05,133.57,1,1,0.89859
301,32,1485.88,509.26,69.28,134.9,1,1,0.87557
301,50,737.13,537.92,75.65,169.79,1,1,0.93435
301,15,1123.52,538.17,76.56,121.48,1,1,0.86198
301,39,1440.44,572.41,94.63,147.06,1,1,0.88257
301,47,636.68,515.39,77.62,140.38,1,1,0.94125
301,21,793.19,508.88,83.43,136.22,1,1,0.8934
301,43,762.92,489.33,52.33,69.92,1,1,0.75881
302,42,345.54,566.5,75.72,155.44,1,1,0.79841
302,12,726.5,716.68,71.59,167.58,1,1,0.89853
302,7,986.75,514.97,60.77,157.87,1,1,0.87129
302,0,921.47,513.51,71.98,150.65,1,1,0.88695
302,10,1342.95,565.31,93.78,138.99,1,1,0.90566
302,32,1485.43,507.88,74.05,140.86,1,1,0.87983
302,50,738.88,538.37,79.06,169.73,1,1,0.92471
302,15,1120.93,543.41,81.3,118.33,1,1,0.8686
302,39,1439.26,577.72,90.6,145.71,1,1,0.85943
302,47,640.62,515.94,81.19,142.96,1,1,0.93759
302,21,801.44,513.58,79.06,135.95,1,1,0.87285
302,43,765.82,490.08,53.86,70.65,1,1,0.81309
302,53,1081.24,595.82,64.15,64.19,1,1,0.65872
303,42,347.09,570.12,78.81,154.08,1,1,0.818
303,12,721.46,717.97,73.51,176.4,1,1,0.89227
303,7,989.98,515.66,59.07,158.39,1,1,0.84238
303,0,920.82,512.84,77.76,154.32,1,1,0.88087
303,10,1340.47,562.47,98.18,144.97,1,1,0.9146
303,32,1484.54,505.96,73.24,139.35,1,1,0.8549
303,50,741.88,537.67,82.5,167.25,1,1,0.91927
303,15,1121.99,548.57,83.09,115.34,1,1,0.88021
303,39,1455.74,556.87,75.33,154.75,1,1,0.77473
303,47,644.58,514.71,83.94,145.01,1,1,0.9353
303,21,809.5,516.16,72.14,136.08,1,1,0.86394
303,43,766.72,490.06,57.37,73.59,1,1,0.81016
303,53,1080.24,601.35,62.53,57.35,1,1,0.77939
303,54,1437.57,577.95,71.3,143.91,1,1,0.835
304,42,347.97,571.45,82.52,155.38,1,1,0.85548
304,12,715.6,719.61,76.56,190.06,1,1,0.91152
304,7,994.06,514.77,56.91,160.14,1,1,0.8191
304,0,920.55,511.37,83.46,157.95,1,1,0.88711
304,10,1338.19,560.5,100.85,148.58,1,1,0.91327
304,32,1483.31,503.56,74.02,140.02,1,1,0.83482
304,50,748.64,540.52,81.51,163.51,1,1,0.91318
304,15,1122.59,553.98,86.82,112.27,1,1,0.87295
304,39,1463.56,550.57,71.7,158.62,1,1,0.8495
304,47,647.7,513.12,83.53,147.9,1,1,0.93348
304,21,816.0,517.81,65.75,136.35,1,1,0.86426
304,43,767.37,491.22,59.73,76.37,1,1,0.83618
304,53,1080.77,603.43,60.87,54.91,1,1,0.76885
304,54,1438.68,582.47,74.03,145.55,1,1,0.85116
305,42,346.89,570.83,86.8,158.07,1,1,0.87291
305,12,709.76,721.7,79.04,196.35,1,1,0.92778
305,7,998.09,516.63,55.8,158.53,1,1,0.78949
305,0,921.39,510.71,87.31,159.58,1,1,0.88752
305,10,1334.58,558.21,102.17,150.89,1,1,0.9175
305,32,1481.39,502.26,69.52,136.75,1,1,0.81021
305,50,756.82,543.02,78.67,162.1,1,1,0.89754
305,15,1123.73,558.86,88.91,106.17,1,1,0.86473
305,39,1466.97,546.39,72.25,162.45,1,1,0.86826
305,47,649.51,511.86,81.14,150.01,1,1,0.92791
305,21,820.29,518.1,61.77,136.11,1,1,0.8589
305,43,768.22,492.48,60.44,79.24,1,1,0.83
305,53,1083.29,603.62,68.58,56.24,1,1,0.76384
305,54,1435.68,581.3,78.94,150.52,1,1,0.86078
306,42,346.98,565.49,88.04,164.69,1,1,0.91455
306,12,703.55,723.75,81.97,200.02,1,1,0.92353
306,7,999.58,520.51,55.69,153.51,1,1,0.81138
306,0,926.75,510.53,85.8,153.43,1,1,0.84723
306,10,1330.73,556.6,101.39,153.06,1,1,0.91496
306,32,1478.63,501.14,65.61,121.82,1,1,0.70559
306,50,766.49,544.01,73.63,161.96,1,1,0.88958
306,15,1121.75,565.22,92.72,98.44,1,1,0.86806
306,39,1469.45,542.89,74.27,166.89,1,1,0.87939
306,47,649.44,510.96,77.42,150.99,1,1,0.91779
306,21,824.13,518.01,57.84,136.71,1,1,0.84585
306,43,769.65,493.4,59.12,85.76,1,1,0.81473
306,53,1084.31,600.93,64.81,57.78,1,1,0.7691
306,54,1430.54,575.49,84.72,156.97,1,1,0.87304
307,42,343.93,561.58,92.67,168.8,1,1,0.90886
307,12,697.79,725.31,84.71,201.8,1,1,0.93175
307,7,999.03,518.7,57.16,156.14,1,1,0.82414
307,0,932.83,509.12,82.33,152.97,1,1,0.84583
307,10,1327.71,556.04,100.69,153.88,1,1,0.91731
307,32,1478.3,500.27,60.57,91.38,1,1,0.69537
307,50,774.48,542.19,69.95,164.48,1,1,0.88684
307,15,1114.59,572.67,99.83,90.31,1,1,0.84394
307,39,1470.09,538.28,78.05,172.94,1,1,0.88665
307,47,649.93,509.96,73.23,150.07,1,1,0.91832
307,21,828.27,516.96,56.51,136.13,1,1,0.82642
307,43,770.35,493.6,57.75,83.77,1,1,0.80077
307,54,1426.14,569.54,89.68,162.4,1,1,0.88727
308,42,349.2,559.23,87.66,169.72,1,1,0.85171
308,12,693.71,726.14,86.92,203.97,1,1,0.92544
308,7,998.57,512.56,57.38,162.69,1,1,0.8237
308,0,938.94,507.09,79.5,149.77,1,1,0.82566
308,10,1326.81,553.84,95.94,155.44,1,1,0.90469
308,32,1477.65,497.42,56.9,71.97,1,1,0.72936
308,50,782.35,535.28,69.02,170.44,1,1,0.885
308,15,1118.76,577.58,97.66,84.12,1,1,0.86124
308,39,1473.45,535.72,80.35,174.88,1,1,0.87397
308,47,651.46,507.84,70.3,149.47,1,1,0.9075
308,21,833.44,513.96,58.92,137.85,1,1,0.82879
308,43,771.58,492.66,56.23,121.7,1,1,0.83657
308,54,1424.58,565.11,92.69,165.45,1,1,0.88766
308,55,1036.78,492.77,58.94,139.29,1,1,0.83884
308,53,1086.1,595.47,64.19,60.69,1,1,0.68818
309,42,353.09,557.04,86.81,169.14,1,1,0.84199
309,12,690.19,726.32,87.33,207.33,1,1,0.9242
309,7,999.21,506.51,58.03,167.69,1,1,0.81989
309,10,1325.98,550.26,84.9,158.93,1,1,0.87345
309,32,1476.27,492.93,53.39,64.16,1,1,0.71022
309,50,789.8,527.3,68.15,177.17,1,1,0.87676
309,15,1127.95,578.44,90.48,78.45,1,1,0.74069
309,39,1474.87,530.49,85.37,180.24,1,1,0.86188
309,47,653.06,504.29,68.32,150.65,1,1,0.90788
309,21,836.71,509.67,57.52,140.04,1,1,0.80227
309,43,772.39,490.59,56.29,136.14,1,1,0.8629
309,54,1420.96,560.1,96.89,169.36,1,1,0.89199
309,55,1042.14,486.69,64.55,144.88,1,1,0.85448
309,53,1087.93,595.83,84.91,63.27,1,1,0.80101
310,42,358.52,555.45,85.88,168.61,1,1,0.83619
310,12,687.04,726.97,86.76,211.03,1,1,0.92321
310,7,998.65,501.94,60.27,172.28,1,1,0.80391
310,10,1323.75,545.73,75.65,164.33,1,1,0.88059
310,32,1474.59,488.22,50.09,64.26,1,1,0.64527
310,50,795.25,519.68,69.65,184.03,1,1,0.84986
310,15,1130.19,576.01,89.15,81.68,1,1,0.86118
310,39,1475.45,527.49,90.89,184.18,1,1,0.86877
310,47,653.34,501.27,68.48,153.32,1,1,0.90521
310,21,838.92,506.33,53.61,142.46,1,1,0.64345
310,43,772.44,488.53,56.85,145.73,1,1,0.85017
310,54,1416.18,556.52,100.06,173.92,1,1,0.89235
310,55,1047.78,482.49,68.45,148.24,1,1,0.8524
310,53,1085.99,598.11,82.28,59.8,1,1,0.78562
310,51,1832.13,648.01,87.42,190.44,1,1,0.65921
311,42,361.5,555.26,86.83,168.08,1,1,0.84273
311,12,684.53,727.77,85.46,214.27,1,1,0.91924
311,7,994.94,498.53,65.73,177.47,1,1,0.82539
311,10,1320.99,542.37,72.29,169.11,1,1,0.89269
311,32,1468.11,484.35,51.55,115.52,1,1,0.76405
311,50,799.5,514.42,70.64,186.55,1,1,0.84684
311,15,1133.82,572.32,86.03,85.25,1,1,0.87402
311,39,1477.57,524.53,94.45,188.38,1,1,0.88554
311,47,653.31,498.56,69.93,156.12,1,1,0.90549
311,43,771.59,485.88,58.21,151.85,1,1,0.84321
311,54,1414.35,554.18,99.98,178.11,1,1,0.88653
311,55,1054.03,479.37,70.44,149.46,1,1,0.81891
311,53,1083.76,599.57,82.09,59.03,1,1,0.8255
311,51,1834.89,648.57,84.84,192.28,1,1,0.79818
312,42,368.76,551.44,84.04,170.61,1,1,0.83322
312,12,682.85,726.02,83.94,216.18,1,1,0.925
312,7,989.35,493.6,73.63,182.17,1,1,0.85538
312,10,1319.08,534.76,67.93,176.0,1,1,0.89313
312,32,1463.29,478.42,54.37,138.36,1,1,0.81717
312,50,803.31,508.9,71.19,184.23,1,1,0.85015
312,15,1135.77,566.41,86.98,90.6,1,1,0.87516
312,39,1478.94,524.12,99.47,188.97,1,1,0.88111
312,47,653.84,495.64,71.6,157.2,1,1,0.89777
312,43,771.48,481.46,59.64,156.39,1,1,0.8404
312,54,1415.84,552.76,94.1,180.13,1,1,0.87107
312,55,1064.04,474.99,69.51,129.61,1,1,0.81612
312,53,1080.89,596.51,81.77,59.95,1,1,0.83419
312,51,1838.45,649.07,81.67,192.24,1,1,0.6469
313,42,375.03,551.96,84.11,170.57,1,1,0.83466
313,12,680.85,724.6,82.98,217.37,1,1,0.92829
313,7,990.24,490.79,75.82,185.98,1,1,0.86788
313,10,1317.8,530.08,65.17,181.17,1,1,0.89826
313,32,1462.84,473.37,54.18,150.73,1,1,0.80372
313,50,808.66,510.17,69.42,177.19,1,1,0.84292
313,15,1139.27,561.0,88.91,94.64,1,1,0.88213
313,39,1482.8,522.81,101.31,191.02,1,1,0.87957
313,47,654.49,493.45,73.05,158.38,1,1,0.89428
313,43,771.72,477.81,61.42,160.39,1,1,0.86148
313,54,1416.1,551.31,85.89,183.28,1,1,0.87422
313,55,1073.92,472.31,67.21,117.57,1,1,0.83789
313,53,1082.14,593.57,81.37,62.18,1,1,0.81898
313,21,847.29,495.27,51.37,150.35,1,1,0.67536
314,42,382.3,552.58,82.53,169.1,1,1,0.83639
314,12,678.79,722.88,82.46,219.27,1,1,0.9292
314,7,996.21,488.74,73.59,187.56,1,1,0.8547
314,10,1316.2,524.63,65.18,186.59,1,1,0.90422
314,32,1462.96,468.63,53.14,153.51,1,1,0.81028
314,50,814.61,508.8,69.43,174.02,1,1,0.84982
314,15,1143.28,555.47,89.39,97.93,1,1,0.88526
314,39,1488.38,522.04,101.59,191.43,1,1,0.87929
314,47,655.3,490.17,74.0,160.37,1,1,0.88986
314,43,772.99,473.52,62.04,164.02,1,1,0.86245
314,54,1414.74,548.75,78.52,186.46,1,1,0.86647
314,55,1083.69,468.09,65.56,120.68,1,1,0.8258
314,53,1085.81,592.13,78.02,62.39,1,1,0.80997
315,42,389.32,550.8,80.82,169.76,1,1,0.8463
315,12,676.74,720.55,82.33,222.79,1,1,0.93968
315,7,1001.44,491.47,72.45,184.18,1,1,0.87131
315,10,1312.27,519.43,69.73,191.27,1,1,0.91312
315,32,1461.82,465.8,54.56,159.37,1,1,0.81757
315,50,822.25,510.27,68.42,171.3,1,1,0.85584
315,15,1148.22,551.0,88.63,101.08,1,1,0.88663
315,39,1496.92,520.01,98.39,193.58,1,1,0.88191
315,47,657.39,486.27,75.09,163.52,1,1,0.89009
315,43,774.42,468.53,62.53,168.91,1,1,0.8787
315,54,1408.73,547.84,79.53,188.02,1,1,0.88058
315,55,1095.79,463.45,62.87,124.04,1,1,0.83768
315,53,1088.58,588.55,73.67,63.28,1,1,0.79513
316,42,393.94,547.68,78.37,172.53,1,1,0.8564
316,12,673.17,719.26,83.16,226.2,1,1,0.94504
316,7,1005.14,491.9,71.99,182.84,1,1,0.87586
316,10,1305.95,515.86,77.48,193.81,1,1,0.91355
316,32,1460.42,463.82,57.32,160.41,1,1,0.83409
316,50,829.48,512.53,71.51,168.75,1,1,0.87476
316,15,1153.82,548.54,88.75,102.15,1,1,0.89036
316,39,1501.22,517.04,97.59,196.04,1,1,0.89645
316,47,658.44,482.21,80.08,166.63,1,1,0.90174
316,43,775.06,464.16,64.36,173.03,1,1,0.88429
316,54,1403.52,544.39,80.71,191.52,1,1,0.89
316,55,1107.14,457.76,62.17,129.62,1,1,0.82466
316,53,1090.8,583.47,73.98,66.51,1,1,0.82302
316,51,1850.61,653.74,69.74,193.36,1,1,0.763
317,42,394.41,539.86,82.71,181.35,1,1,0.87597
317,12,670.05,718.66,82.95,229.12,1,1,0.95556
317,7,1008.17,492.5,70.81,182.03,1,1,0.88919
317,10,1299.8,513.92,85.73,195.44,1,1,0.91981
317,32,1459.59,462.82,58.94,162.86,1,1,0.83024
317,50,836.27,513.55,74.03,168.5,1,1,0.87486
317,15,1157.55,546.64,94.5,104.21,1,1,0.90032
317,39,1504.17,513.91,98.59,198.77,1,1,0.9049
317,47,659.11,477.89,86.6,170.47,1,1,0.92853
317,43,776.24,460.08,66.8,177.12,1,1,0.89987
317,54,1401.01,541.17,82.62,194.86,1,1,0.90248
317,55,1119.01,454.17,60.1,134.96,1,1,0.82668
317,53,1092.38,582.1,73.18,66.09,1,1,0.8452
317,51,1852.53,652.81,67.29,196.22,1,1,0.91307
318,42,393.38,535.51,88.27,185.02,1,1,0.86561
318,12,664.88,718.29,84.04,232.45,1,1,0.95345
318,7,1010.07,491.05,70.89,182.04,1,1,0.89281
318,10,1295.59,512.96,89.69,197.57,1,1,0.92803
318,32,1457.6,461.33,63.09,162.8,1,1,0.84773
318,50,840.34,510.1,77.81,172.33,1,1,0.89256
318,15,1157.98,544.84,103.48,107.37,1,1,0.89774
318,39,1506.1,511.62,98.84,201.19,1,1,0.9077
318,47,659.1,474.06,88.51,174.26,1,1,0.92028
318,43,775.92,457.25,68.32,179.83,1,1,0.90102
318,54,1400.21,538.28,81.93,196.36,1,1,0.90757
318,55,1125.0,450.13,61.84,146.51,1,1,0.74516
318,53,1093.3,580.46,71.51,66.02,1,1,0.80836
318,51,1853.42,650.39,66.02,198.4,1,1,0.92973
318,22,1055.24,466.34,48.94,170.98,1,1,0.80941
319,42,393.04,532.07,93.41,187.21,1,1,0.87994
319,12,660.54,718.68,85.36,234.69,1,1,0.95346
319,7,1012.36,489.42,72.72,183.34,1,1,0.89492
319,10,1296.44,513.43,88.54,198.9,1,1,0.93273
319,32,1455.98,459.1,65.31,164.85,1,1,0.85939
319,50,845.84,503.75,80.57,178.21,1,1,0.89749
319,15,1156.16,540.96,114.57,115.38,1,1,0.89253
319,39,1507.27,509.0,99.92,204.57,1,1,0.90925
319,47,659.61,470.18,87.66,178.02,1,1,0.91234
319,43,776.99,454.51,69.83,182.86,1,1,0.89812
319,54,1400.88,533.79,82.38,199.75,1,1,0.91434
319,55,1129.26,447.65,66.5,174.57,1,1,0.80232
319,51,1856.74,647.62,62.79,200.4,1,1,0.93056
319,22,1061.48,462.88,60.63,178.53,1,1,0.82684
320,42,393.18,530.79,91.49,186.37,1,1,0.87087
320,12,655.91,720.48,86.29,237.12,1,1,0.9552
320,7,1015.2,487.5,71.62,184.65,1,1,0.89833
320,10,1296.64,515.14,85.98,199.19,1,1,0.93247
320,32,1454.94,456.23,63.38,169.59,1,1,0.86253
320,50,849.54,499.88,81.29,181.09,1,1,0.88648
320,15,1152.85,546.44,124.62,111.71,1,1,0.87373
320,39,1509.33,506.97,98.72,207.51,1,1,0.8934
320,47,659.95,467.11,83.79,181.5,1,1,0.8987
320,43,778.25,452.49,69.91,184.49,1,1,0.88896
320,54,1400.72,529.89,83.5,201.64,1,1,0.91589
320,55,1145.35,445.46,64.74,146.89,1,1,0.77055
320,51,1858.76,644.19,60.64,205.07,1,1,0.92439
320,22,1067.39,459.3,60.58,183.07,1,1,0.86217
320,53,1094.01,575.25,79.18,71.15,1,1,0.77254
321,42,391.83,527.09,89.84,184.74,1,1,0.87181
321,12,649.85,722.01,88.52,239.12,1,1,0.94871
321,7,1017.19,484.99,70.9,187.58,1,1,0.8923
321,10,1295.03,516.15,81.81,198.46,1,1,0.91784
321,32,1452.97,452.18,63.12,173.81,1,1,0.861
321,50,855.81,495.16,79.08,185.24,1,1,0.88379
321,15,1149.49,553.49,131.33,104.62,1,1,0.86852
321,39,1518.28,506.36,89.05,207.91,1,1,0.88537
321,47,660.07,464.18,81.08,184.2,1,1,0.89832
321,43,779.9,449.77,67.22,185.41,1,1,0.88657
321,54,1398.93,526.38,84.33,202.4,1,1,0.90996
321,55,1159.41,444.5,68.25,132.33,1,1,0.82951
321,51,1859.49,643.52,59.63,207.63,1,1,0.92715
321,22,1071.45,455.22,61.83,187.19,1,1,0.85866
321,53,1092.41,574.88,87.14,70.85,1,1,0.69838
322,42,392.48,527.13,85.45,180.77,1,1,0.85238
322,12,644.15,724.45,90.49,240.47,1,1,0.95065
322,7,1019.62,483.86,69.87,189.87,1,1,0.89425
322,10,1292.62,516.98,76.69,198.9,1,1,0.90535
322,32,1450.2,448.97,62.82,178.18,1,1,0.86082
322,50,858.56,490.03,80.0,189.77,1,1,0.89096
322,15,1150.95,556.86,130.93,101.02,1,1,0.86443
322,39,1525.29,506.83,81.62,209.13,1,1,0.87654
322,47,658.0,461.89,81.25,186.99,1,1,0.90384
322,43,781.76,448.61,65.16,186.27,1,1,0.88343
322,54,1397.52,526.02,83.96,202.5,1,1,0.90527
322,55,1171.24,443.56,70.67,127.36,1,1,0.8368
322,51,1859.84,644.78,59.14,209.19,1,1,0.91917
322,22,1076.31,453.15,63.79,191.8,1,1,0.87394
323,42,396.85,509.73,112.38,193.8,1,1,0.66949
323,12,639.0,725.81,92.51,241.62,1,1,0.94367
323,7,1020.75,480.95,71.73,192.77,1,1,0.8989
323,10,1290.34,514.97,71.58,201.49,1,1,0.90144
323,32,1447.46,444.45,62.11,182.18,1,1,0.87563
323,50,861.39,485.66,81.55,192.39,1,1,0.88813
323,15,1156.08,557.48,125.87,99.59,1,1,0.87335
323,39,1532.23,507.77,73.67,209.19,1,1,0.87103
323,47,656.85,458.76,79.94,189.96,1,1,0.89886
323,43,784.25,445.86,62.99,188.4,1,1,0.88119
323,54,1395.75,526.95,82.19,201.76,1,1,0.9059
323,55,1183.05,441.25,69.74,130.44,1,1,0.85172
323,51,1860.75,645.47,58.16,211.26,1,1,0.90957
323,22,1079.63,450.25,68.73,195.24,1,1,0.88037
324,42,405.56,508.91,122.63,191.9,1,1,0.82416
324,12,634.18,726.8,93.79,243.72,1,1,0.93583
324,7,1023.17,478.5,73.51,195.32,1,1,0.90361
324,10,1288.98,511.54,68.47,205.64,1,1,0.90221
324,32,1445.27,440.57,63.42,185.35,1,1,0.88297
324,50,864.77,482.19,83.11,195.74,1,1,0.8921
324,15,1162.67,558.56,119.78,98.3,1,1,0.88163
324,39,1538.44,508.54,67.65,211.2,1,1,0.87879
324,47,657.94,456.25,77.54,192.51,1,1,0.88968
324,43,786.95,443.34,61.57,190.8,1,1,0.87203
324,54,1393.86,528.01,80.37,201.1,1,1,0.90156
324,55,1194.26,437.18,68.17,136.36,1,1,0.85684
324,51,1862.66,646.53,56.37,213.11,1,1,0.9112
324,22,1082.77,447.84,75.67,198.48,1,1,0.8844
325,42,418.75,510.13,119.19,187.65,1,1,0.83832
325,12,628.64,727.57,95.48,245.79,1,1,0.9427
325,7,1024.62,476.27,75.01,197.74,1,1,0.90713
325,10,1286.86,507.23,64.9,210.37,1,1,0.90641
325,32,1443.43,436.9,64.93,187.64,1,1,0.88928
325,50,868.03,480.78,84.46,196.17,1,1,0.89874
325,15,1165.55,558.72,116.65,98.11,1,1,0.89084
325,39,1541.78,508.43,66.73,213.3,1,1,0.87943
325,47,659.58,453.34,74.05,195.6,1,1,0.88806
325,43,788.33,441.34,60.85,193.15,1,1,0.87536
325,54,1391.09,528.53,79.06,201.67,1,1,0.90348
325,55,1203.24,431.86,67.17,142.08,1,1,0.86654
325,51,1862.6,648.75,56.38,213.51,1,1,0.90624
325,22,1087.62,444.71,79.41,201.53,1,1,0.88591
325,57,848.94,460.76,51.47,176.48,1,1,0.84018
326,42,465.63,509.53,77.82,180.84,1,1,0.81022
326,12,621.72,727.74,97.32,247.63,1,1,0.94008
326,7,1025.51,473.35,76.18,200.29,1,1,0.907
326,10,1280.76,503.32,65.21,214.01,1,1,0.90416
326,32,1440.06,434.85,66.49,188.11,1,1,0.88979
326,50,872.14,479.84,87.46,194.54,1,1,0.89488
326,15,1168.48,557.71,113.43,99.42,1,1,0.87567
326,39,1542.51,506.72,69.22,216.14,1,1,0.87418
326,47,658.25,450.18,74.11,198.07,1,1,0.89546
326,43,787.83,438.87,59.86,194.9,1,1,0.87554
326,54,1388.1,527.45,79.54,203.35,1,1,0.89864
326,55,1210.46,426.6,66.11,148.06,1,1,0.85299
326,51,1864.84,652.23,53.81,211.92,1,1,0.90166
326,22,1090.2,440.71,85.66,205.09,1,1,0.8874
326,57,847.11,458.6,53.13,184.84,1,1,0.84988
327,42,482.03,501.04,60.37,186.67,1,1,0.69134
327,12,614.97,726.77,97.41,246.49,1,1,0.94243
327,7,1025.86,471.43,77.65,201.57,1,1,0.90952
327,10,1272.71,500.03,67.25,217.29,1,1,0.89612
327,32,1435.27,434.27,66.08,184.79,1,1,0.88697
327,50,876.39,477.31,89.9,195.37,1,1,0.8977
327,15,1168.9,557.46,109.4,99.58,1,1,0.87901
327,39,1540.01,505.23,73.54,216.62,1,1,0.89238
327,47,656.35,446.9,73.55,200.72,1,1,0.90251
327,43,786.44,436.71,58.98,196.57,1,1,0.88191
327,54,1383.69,524.95,82.26,206.08,1,1,0.89933
327,55,1216.32,420.95,65.07,151.42,1,1,0.84699
327,51,1860.56,652.91,57.56,213.19,1,1,0.90081
327,22,1095.19,435.58,87.55,208.46,1,1,0.89494
327,57,845.32,456.8,55.17,192.62,1,1,0.87398
328,42,482.1,511.07,60.99,180.23,1,1,0.80615
328,12,608.49,724.23,96.41,247.21,1,1,0.94439
328,7,1025.2,469.98,79.22,202.06,1,1,0.90118
328,10,1263.05,498.25,71.4,217.56,1,1,0.8993
328,32,1428.84,432.78,65.52,184.35,1,1,0.87061
328,50,882.98,473.39,91.34,197.83,1,1,0.89811
328,15,1168.55,557.2,107.88,99.3,1,1,0.87416
328,39,1535.57,503.16,79.24,217.32,1,1,0.90512
328,47,654.98,443.47,72.51,203.55,1,1,0.90179
328,43,785.35,434.86,57.96,196.95,1,1,0.88345
328,54,1379.02,519.56,82.44,210.01,1,1,0.89718
328,55,1220.68,414.82,65.1,149.39,1,1,0.84894
328,51,1853.13,652.59,64.72,213.31,1,1,0.90255
328,22,1099.76,429.94,90.0,212.66,1,1,0.8954
328,57,843.84,454.67,56.88,195.28,1,1,0.87166
329,42,480.89,508.83,62.79,189.93,1,1,0.84845
329,12,603.51,720.59,94.78,245.88,1,1,0.9453
329,7,1025.9,468.32,79.22,202.23,1,1,0.90603
329,10,1256.33,496.97,73.32,216.21,1,1,0.90322
329,32,1424.0,430.96,64.36,179.55,1,1,0.85421
329,50,890.58,468.77,91.84,201.28,1,1,0.90669
329,15,1165.82,556.69,106.76,96.32,1,1,0.87779
329,39,1529.81,499.87,85.76,218.86,1,1,0.91577
329,47,654.58,440.12,72.0,206.13,1,1,0.89711
329,43,785.36,431.88,58.08,198.64,1,1,0.88981
329,54,1374.56,513.52,83.05,213.62,1,1,0.90632
329,55,1225.59,409.38,66.2,144.54,1,1,0.83228
329,51,1843.75,648.38,74.37,216.84,1,1,0.89164
329,22,1107.13,423.09,89.91,216.91,1,1,0.89184
329,57,843.45,452.26,58.28,198.32,1,1,0.88365
330,42,479.4,506.54,68.26,194.66,1,1,0.87049
330,12,597.91,717.77,93.26,248.51,1,1,0.9264
330,7,1026.39,468.25,77.82,201.75,1,1,0.90278
330,10,1250.51,500.32,73.31,211.13,1,1,0.89381
330,32,1418.04,430.43,61.08,177.48,1,1,0.84444
330,50,894.66,463.95,90.48,205.01,1,1,0.90992
330,15,1165.09,556.6,101.17,95.67,1,1,0.88465
330,39,1522.46,499.76,93.02,218.38,1,1,0.90852
330,47,655.46,437.61,70.21,209.26,1,1,0.89501
330,43,785.6,431.02,58.16,199.36,1,1,0.88991
330,54,1369.98,507.63,82.73,217.89,1,1,0.90455
330,55,1231.41,405.58,71.68,127.31,1,1,0.83277
330,51,1833.51,643.87,84.6,222.46,1,1,0.89912
330,22,1114.87,418.32,87.75,219.76,1,1,0.90378
330,57,842.78,451.44,59.65,199.5,1,1,0.88963
331,42,479.95,506.62,75.05,198.99,1,1,0.87918
331,12,593.56,715.8,92.47,250.37,1,1,0.93005
331,7,1028.34,468.91,77.33,200.82,1,1,0.9097
331,10,1244.31,508.41,76.39,201.81,1,1,0.88667
331,32,1414.8,429.26,54.12,181.41,1,1,0.80333
331,50,897.59,459.59,89.34,207.8,1,1,0.91368
331,15,1166.82,556.86,94.39,94.21,1,1,0.86441
331,39,1516.08,499.26,99.0,218.85,1,1,0.91065
331,47,657.18,436.94,68.22,210.11,1,1,0.8955
331,43,786.89,430.77,58.15,199.72,1,1,0.88698
331,54,1363.68,503.92,83.42,218.44,1,1,0.90609
331,55,1237.79,404.92,77.73,120.46,1,1,0.83516
331,51,1822.39,641.95,96.09,225.27,1,1,0.90435
331,22,1125.36,415.65,83.52,200.85,1,1,0.89003
331,57,842.93,451.18,60.66,199.76,1,1,0.88654
332,42,481.09,506.25,82.14,198.86,1,1,0.87982
332,12,589.87,711.99,92.45,252.7,1,1,0.92822
332,7,1030.8,467.72,76.3,199.3,1,1,0.90922
332,10,1237.37,509.43,82.21,198.78,1,1,0.87119
332,32,1410.0,427.22,52.88,194.32,1,1,0.83796
332,50,901.69,453.41,84.87,209.57,1,1,0.91546
332,15,1167.91,554.51,87.34,94.6,1,1,0.83819
332,39,1511.47,497.81,102.83,218.74,1,1,0.90859
332,47,658.44,434.77,67.14,210.88,1,1,0.90143
332,43,788.36,429.66,57.68,199.51,1,1,0.88598
332,54,1356.8,500.91,82.89,217.59,1,1,0.9026
332,55,1243.55,403.98,83.62,142.09,1,1,0.81674
332,51,1808.1,640.41,109.48,225.48,1,1,0.91289
332,22,1134.92,412.75,79.92,193.36,1,1,0.88748
332,57,842.2,449.6,62.5,199.65,1,1,0.88941
332,58,-0.02,500.42,44.58,217.81,1,1,0.88073
332,53,1096.65,565.98,96.57,74.76,1,1,0.68735
333,42,486.78,506.36,85.18,196.55,1,1,0.86648
333,12,587.57,708.75,92.68,253.75,1,1,0.93018
333,7,1034.79,465.5,74.83,198.43,1,1,0.9113
333,10,1229.02,505.28,82.6,201.39,1,1,0.84845
333,32,1406.08,423.94,53.66,198.4,1,1,0.83731
333,50,906.09,448.24,83.73,211.26,1,1,0.91175
333,15,1170.72,551.78,80.23,94.84,1,1,0.76528
333,39,1508.78,498.39,105.44,215.94,1,1,0.91347
333,47,661.45,433.17,67.01,210.84,1,1,0.90199
333,43,790.27,428.25,57.35,199.18,1,1,0.88916
333,54,1351.49,497.71,83.89,216.45,1,1,0.90076
333,55,1250.88,403.89,86.97,167.03,1,1,0.87444
333,51,1792.86,641.03,123.2,223.74,1,1,0.92141
333,22,1142.8,410.42,79.92,196.17,1,1,0.87847
333,57,842.8,447.61,64.02,200.48,1,1,0.89438
333,58,0.23,488.41,60.52,225.48,1,1,0.89754
333,53,1097.51,566.78,94.22,73.92,1,1,0.84366
334,42,497.36,506.81,83.84,194.07,1,1,0.86176
334,12,586.21,706.23,92.9,253.58,1,1,0.93218
334,7,1039.02,463.0,74.55,198.89,1,1,0.91083
334,10,1221.63,499.47,82.57,205.76,1,1,0.87127
334,32,1401.37,421.73,55.75,193.18,1,1,0.84524
334,50,910.71,444.44,84.92,212.05,1,1,0.91126
334,39,1506.72,498.56,107.9,213.97,1,1,0.91704
334,47,665.13,432.26,66.51,210.49,1,1,0.8999
334,43,792.98,426.74,56.76,199.42,1,1,0.88723
334,54,1347.99,495.54,85.4,214.7,1,1,0.89338
334,55,1260.08,405.61,86.91,177.85,1,1,0.8682
334,51,1782.18,641.28,130.86,223.01,1,1,0.93205
334,22,1151.38,409.86,79.92,182.01,1,1,0.87094
334,57,844.29,445.92,65.27,201.07,1,1,0.89788
334,58,0.45,485.45,78.12,223.43,1,1,0.91026
334,53,1097.54,566.84,94.62,72.89,1,1,0.86955
335,42,505.57,510.95,84.46,186.15,1,1,0.85066
335,12,582.8,703.0,94.02,252.75,1,1,0.93466
335,7,1041.5,459.34,74.74,198.3,1,1,0.91135
335,10,1219.65,493.44,79.0,207.61,1,1,0.89158
335,32,1393.02,415.86,60.87,190.89,1,1,0.86399
335,50,914.7,440.71,86.05,204.58,1,1,0.91009
335,39,1503.36,496.56,110.42,213.08,1,1,0.91327
335,47,666.22,429.69,66.49,209.75,1,1,0.89684
335,43,796.19,423.73,55.0,198.95,1,1,0.88316
335,54,1343.42,494.39,86.2,210.54,1,1,0.88901
335,55,1268.83,406.45,84.07,181.49,1,1,0.87479
335,51,1776.43,642.0,130.83,219.94,1,1,0.92177
335,22,1159.96,408.49,79.1,158.04,1,1,0.88132
335,57,844.55,443.07,66.16,200.79,1,1,0.89823
335,58,0.19,485.42,93.13,217.76,1,1,0.93212
335,53,1093.99,564.07,96.71,72.36,1,1,0.87734
336,42,511.52,511.91,92.61,179.86,1,1,0.84307
336,12,578.06,699.74,95.39,251.16,1,1,0.93945
336,7,1042.6,454.72,74.47,199.24,1,1,0.91159
336,10,1214.07,487.46,78.77,208.7,1,1,0.89323
336,32,1383.76,411.17,67.25,190.58,1,1,0.86713
336,50,917.21,437.43,88.83,202.14,1,1,0.91153
336,39,1500.61,493.56,112.34,212.8,1,1,0.91813
336,47,666.36,426.8,68.06,209.07,1,1,0.9009
336,43,798.47,419.65,54.21,198.31,1,1,0.87815
336,54,1338.92,494.05,83.04,206.88,1,1,0.89413
336,55,1276.35,404.01,85.3,184.18,1,1,0.87822
336,51,1770.4,640.49,128.32,217.71,1,1,0.91934
336,22,1168.74,405.84,75.01,145.99,1,1,0.8778
336,57,844.26,439.76,66.57,201.47,1,1,0.89528
336,58,-0.06,483.86,103.45,213.95,1,1,0.93456
336,53,1090.95,560.21,98.5,72.93,1,1,0.88764
337,42,517.28,503.07,96.89,183.2,1,1,0.82064
337,12,573.67,696.19,96.97,250.11,1,1,0.93625
337,7,1043.23,449.48,74.87,199.23,1,1,0.91353
337,10,1208.24,481.44,80.27,210.46,1,1,0.88639
337,32,1374.96,404.55,72.99,191.68,1,1,0.87114
337,50,919.39,434.47,91.18,200.5,1,1,0.91611
337,39,1498.85,489.36,112.48,213.1,1,1,0.92125
337,47,667.08,422.88,68.78,208.46,1,1,0.90204
337,43,799.41,415.51,53.43,197.01,1,1,0.87637
337,54,1332.62,492.17,83.17,204.79,1,1,0.88893
337,55,1282.93,400.96,82.54,181.03,1,1,0.8461
337,51,1763.75,638.17,123.99,215.72,1,1,0.917
337,22,1176.95,400.76,72.47,136.65,1,1,0.86915
337,57,843.04,435.82,67.97,201.85,1,1,0.89654
337,58,-0.24,481.35,110.16,213.85,1,1,0.92254
337,53,1086.77,554.47,98.5,75.11,1,1,0.87858
337,59,1848.88,398.75,60.36,180.63,1,1,0.7302
338,42,524.79,496.52,89.38,187.47,1,1,0.79165
338,12,568.28,694.41,97.92,248.76,1,1,0.94378
338,7,1043.35,445.98,74.16,199.81,1,1,0.91461
338,10,1188.64,517.79,98.6,170.57,1,1,0.90489
338,32,1363.53,401.77,78.65,188.64,1,1,0.85991
338,50,921.85,432.87,91.71,198.96,1,1,0.92005
338,39,1495.77,486.5,111.4,213.73,1,1,0.92841
338,47,666.14,420.66,71.16,207.85,1,1,0.90393
338,43,799.42,412.38,51.56,195.18,1,1,0.86868
338,54,1325.0,487.68,87.25,206.22,1,1,0.87504
338,55,1289.01,400.53,78.1,177.52,1,1,0.81241
338,51,1751.04,632.86,120.04,218.09,1,1,0.92038
338,22,1184.26,395.96,69.72,136.23,1,1,0.85863
338,57,840.29,433.05,70.08,202.2,1,1,0.89724
338,58,-0.74,480.57,113.15,211.74,1,1,0.93409
338,53,1084.65,549.92,96.71,77.79,1,1,0.86723
338,59,1846.86,395.77,59.07,181.68,1,1,0.73632
339,42,534.22,490.01,83.78,192.32,1,1,0.83454
339,12,565.6,692.91,98.84,247.9,1,1,0.94767
339,7,1045.43,443.59,73.28,200.24,1,1,0.91583
339,10,1177.28,533.19,110.77,152.47,1,1,0.91379
339,32,1356.4,401.37,79.71,184.08,1,1,0.8276
339,50,927.49,431.83,91.09,198.67,1,1,0.92519
339,39,1495.06,484.44,108.13,213.67,1,1,0.92943
339,47,666.48,418.55,73.45,206.94,1,1,0.90493
339,43,801.17,410.32,51.36,194.98,1,1,0.86324
339,54,1323.05,484.05,87.86,208.81,1,1,0.87482
339,55,1297.36,394.91,73.02,179.45,1,1,0.82194
339,51,1739.36,626.98,115.75,222.23,1,1,0.92499
339,22,1193.44,391.12,68.64,131.03,1,1,0.81934
339,57,839.64,431.03,71.67,201.41,1,1,0.89626
339,58,1.36,480.73,114.5,209.27,1,1,0.94048
339,53,1082.7,546.21,95.51,81.91,1,1,0.85028
339,59,1847.21,394.14,59.27,181.87,1,1,0.69934
340,42,543.69,484.52,83.7,195.93,1,1,0.8578
340,12,562.02,690.49,99.85,247.9,1,1,0.94331
340,7,1047.71,441.01,72.08,202.18,1,1,0.91521
340,10,1169.27,537.99,118.64,146.1,1,1,0.91315
340,32,1347.97,401.14,81.11,182.16,1,1,0.81031
340,50,935.01,429.31,86.92,199.27,1,1,0.92095
340,39,1493.52,480.72,104.0,215.15,1,1,0.9313
340,47,666.98,416.74,76.02,205.64,1,1,0.9003
340,43,802.43,407.9,50.48,194.93,1,1,0.86023
340,54,1321.92,479.37,83.88,211.06,1,1,0.87478
340,55,1302.47,388.3,68.01,180.9,1,1,0.78987
340,51,1727.87,620.99,109.51,225.39,1,1,0.92979
340,22,1201.34,385.61,68.85,136.78,1,1,0.80911
340,57,839.06,428.8,71.58,201.02,1,1,0.89643
340,58,10.17,480.42,112.35,207.02,1,1,0.92458
340,53,1084.49,542.29,94.15,84.49,1,1,0.84633
341,42,551.11,479.8,85.52,197.86,1,1,0.86857
341,12,558.58,687.87,101.6,248.23,1,1,0.94425
341,7,1050.6,439.08,70.63,203.23,1,1,0.9135
341,10,1165.18,533.88,119.19,148.96,1,1,0.8767
341,32,1346.67,394.59,74.34,186.37,1,1,0.80309
341,50,945.59,424.69,80.06,201.79,1,1,0.91317
341,39,1492.09,477.37,98.71,216.72,1,1,0.92533
341,47,666.78,414.63,78.9,204.71,1,1,0.90546
341,43,803.09,405.3,50.5,195.65,1,1,0.86048
341,54,1321.32,476.2,81.71,212.57,1,1,0.88473
341,55,1306.73,381.5,65.42,140.42,1,1,0.78759
341,51,1718.68,616.13,101.36,225.47,1,1,0.92028
341,22,1208.34,381.16,69.38,142.5,1,1,0.84497
341,57,838.31,426.42,71.64,200.74,1,1,0.90104
341,58,22.14,478.12,110.21,207.71,1,1,0.92959
341,53,1087.89,538.06,92.85,86.18,1,1,0.84568
342,42,554.56,476.86,92.02,199.07,1,1,0.87402
342,12,555.04,685.08,101.06,246.79,1,1,0.94292
342,7,1052.95,438.5,70.05,204.2,1,1,0.90861
342,10,1164.13,502.36,108.5,181.12,1,1,0.86312
342,50,954.44,420.29,73.08,204.38,1,1,0.91123
342,39,1488.81,475.19,93.6,218.61,1,1,0.91546
342,47,667.77,413.44,79.12,203.55,1,1,0.90932
342,43,803.35,404.58,49.99,198.03,1,1,0.85697
342,54,1317.82,470.92,82.65,217.2,1,1,0.89788
342,55,1313.78,378.67,80.21,133.88,1,1,0.78425
342,51,1708.49,614.37,96.84,224.3,1,1,0.91881
342,22,1215.08,378.04,68.22,150.43,1,1,0.84545
342,57,836.97,425.5,71.42,200.04,1,1,0.90199
342,58,32.97,474.82,106.0,210.47,1,1,0.94215
342,53,1096.76,534.78,85.56,87.49,1,1,0.81906
343,42,557.64,474.85,98.27,199.33,1,1,0.88884
343,12,551.65,681.63,98.76,245.99,1,1,0.94699
343,7,1055.91,438.08,69.27,203.84,1,1,0.90468
343,10,1164.41,484.79,102.77,197.9,1,1,0.90867
343,50,961.36,416.29,68.31,205.8,1,1,0.91449
343,39,1486.26,474.08,86.47,218.87,1,1,0.90822
343,47,669.67,411.31,79.74,202.82,1,1,0.91409
343,43,803.93,404.02,49.77,198.88,1,1,0.85072
343,54,1315.22,466.73,80.31,219.21,1,1,0.90853
343,55,1318.9,372.64,78.42,118.41,1,1,0.84276
343,51,1699.37,612.93,95.04,223.49,1,1,0.91566
343,22,1224.52,375.92,65.65,161.83,1,1,0.68341
343,57,836.3,424.36,71.11,199.58,1,1,0.90147
343,58,42.67,471.2,101.92,213.2,1,1,0.94868
343,53,1103.9,531.51,78.17,90.88,1,1,0.71661
343,59,1843.85,391.32,60.44,181.73,1,1,0.72668
344,42,563.72,475.15,98.95,196.58,1,1,0.8777
344,12,548.53,678.09,95.33,246.84,1,1,0.94459
344,7,1059.31,437.62,67.94,203.3,1,1,0.90427
344,10,1163.07,477.24,100.7,204.52,1,1,0.91247
344,50,967.86,411.73,66.18,208.91,1,1,0.91088
344,39,1483.15,472.31,79.82,220.03,1,1,0.90115
344,47,672.09,409.74,76.98,202.25,1,1,0.90635
344,43,804.96,403.67,49.14,199.28,1,1,0.84987
344,54,1313.36,464.15,78.93,220.18,1,1,0.90858
344,55,1322.89,368.25,72.33,111.47,1,1,0.81169
344,51,1690.92,612.94,95.36,221.62,1,1,0.91136
344,22,1233.32,375.2,65.54,165.95,1,1,0.82574
344,57,836.12,423.54,69.84,199.2,1,1,0.89975
344,58,51.12,466.6,98.02,216.48,1,1,0.94902
344,53,1105.19,529.01,76.49,96.74,1,1,0.6974
344,59,1844.4,391.69,60.18,180.89,1,1,0.65257
345,42,568.92,476.25,101.56,193.46,1,1,0.87639
345,12,544.82,675.2,91.87,247.81,1,1,0.94568
345,7,1061.93,437.7,67.82,201.98,1,1,0.90081
345,10,1162.57,475.07,96.66,205.39,1,1,0.9062
345,50,973.79,408.47,64.53,211.49,1,1,0.90419
345,39,1479.29,471.48,73.24,219.83,1,1,0.90082
345,47,674.09,408.68,74.4,202.64,1,1,0.89729
345,43,806.37,403.26,49.14,199.25,1,1,0.83152
345,54,1311.95,463.44,78.72,218.5,1,1,0.90045
345,51,1686.25,614.72,94.38,221.53,1,1,0.91325
345,22,1239.87,374.38,66.69,166.29,1,1,0.84795
345,57,835.92,422.74,68.91,198.81,1,1,0.8992
345,58,59.27,461.93,93.21,219.13,1,1,0.95184
345,53,1097.16,527.31,82.56,105.42,1,1,0.74659
345,59,1844.51,391.24,60.32,180.79,1,1,0.71284
345,32,1334.02,384.57,66.18,168.77,1,1,0.77464
346,42,572.84,476.41,102.57,192.49,1,1,0.88466
346,12,541.27,672.51,87.78,249.68,1,1,0.93843
346,7,1063.63,437.26,67.55,200.88,1,1,0.89586
346,10,1161.11,472.52,91.32,206.29,1,1,0.906
346,50,977.18,406.13,64.61,210.6,1,1,0.90221
346,39,1473.89,470.23,70.4,220.59,1,1,0.89562
346,47,674.52,407.73,72.28,202.1,1,1,0.89484
346,43,806.01,402.9,49.9,198.91,1,1,0.81295
346,54,1308.87,464.58,78.65,214.43,1,1,0.90031
346,51,1678.43,618.6,96.79,220.53,1,1,0.92808
346,22,1243.11,375.64,69.16,166.16,1,1,0.84385
346,57,834.3,421.97,68.81,197.8,1,1,0.89596
346,58,65.06,458.24,92.68,220.68,1,1,0.95242
346,53,1091.5,524.86,84.69,109.9,1,1,0.67382
346,59,1844.06,391.15,60.46,180.36,1,1,0.71243
346,61,1216.62,525.09,84.49,99.62,1,1,0.87862
346,62,565.57,434.62,60.51,133.61,1,1,0.78935
346,32,1329.12,381.24,73.16,171.0,1,1,0.81007
347,42,578.7,476.61,100.64,191.8,1,1,0.886
347,12,537.78,670.23,86.37,251.27,1,1,0.92751
347,7,1065.71,437.22,70.09,200.55,1,1,0.86793
347,10,1159.05,470.34,83.65,206.35,1,1,0.90561
347,50,978.71,405.18,68.8,207.96,1,1,0.90469
347,39,1470.26,469.47,69.51,220.97,1,1,0.88802
347,47,676.23,407.2,70.11,201.44,1,1,0.89175
347,43,806.14,402.58,50.0,199.12,1,1,0.81766
347,54,1306.37,466.06,77.66,211.17,1,1,0.90849
347,51,1668.0,622.08,101.32,219.69,1,1,0.92983
347,22,1248.3,376.74,71.61,170.87,1,1,0.81859
347,57,832.56,421.2,70.02,197.88,1,1,0.89725
347,58,71.78,455.69,96.65,219.91,1,1,0.95036
347,59,1843.89,390.62,61.04,180.75,1,1,0.71859
347,61,1211.06,525.88,90.35,99.84,1,1,0.88667
347,62,567.85,432.4,60.27,145.89,1,1,0.7906
347,32,1326.62,374.14,78.36,178.64,1,1,0.83737
348,42,588.6,475.47,94.25,192.41,1,1,0.87797
348,12,533.35,668.76,84.92,252.22,1,1,0.93485
348,7,1067.76,437.02,72.91,200.24,1,1,0.87903
348,10,1154.95,467.67,77.46,207.85,1,1,0.90474
348,50,980.5,405.01,73.04,202.17,1,1,0.90883
348,39,1464.88,469.92,70.66,220.21,1,1,0.88904
348,47,676.97,406.29,69.37,201.29,1,1,0.88655
348,43,806.2,402.25,50.5,198.1,1,1,0.76739
348,54,1303.36,466.63,76.36,207.76,1,1,0.90479
348,51,1653.5,625.19,109.52,217.62,1,1,0.92917
348,22,1252.46,377.38,74.73,167.17,1,1,0.8533
348,57,829.79,420.68,71.39,197.49,1,1,0.89408
348,58,78.01,454.6,99.48,218.24,1,1,0.95164
348,59,1843.16,390.4,61.53,180.22,1,1,0.7737
348,61,1206.8,525.75,97.38,100.15,1,1,0.8942
348,62,568.94,430.89,61.87,179.94,1,1,0.8241
348,32,1322.52,372.91,83.27,180.03,1,1,0.82811
349,42,603.27,473.23,83.77,193.59,1,1,0.87968
349,12,529.89,668.01,84.33,252.18,1,1,0.93732
349,7,1069.84,436.52,74.37,199.38,1,1,0.88242
349,10,1151.08,465.64,75.02,209.11,1,1,0.90336
349,50,983.79,405.51,75.76,198.61,1,1,0.90488
349,39,1458.9,470.7,75.26,218.96,1,1,0.88901
349,47,678.72,405.29,70.22,201.09,1,1,0.88454
349,54,1301.82,465.14,74.96,207.68,1,1,0.89949
349,51,1638.21,627.08,117.75,216.62,1,1,0.93072
349,22,1261.36,377.18,73.19,163.66,1,1,0.84557
349,57,827.34,419.76,73.81,197.57,1,1,0.89017
349,58,84.69,454.82,101.14,214.3,1,1,0.9545
349,59,1843.24,389.39,62.3,180.25,1,1,0.78442
349,61,1203.52,524.22,99.13,102.04,1,1,0.89683
349,62,570.13,430.01,64.81,200.66,1,1,0.85273
349,32,1323.77,376.69,84.54,177.26,1,1,0.83488
350,42,612.56,469.88,78.5,196.24,1,1,0.88084
350,12,526.44,667.62,84.48,251.41,1,1,0.93395
350,7,1072.06,435.69,71.3,197.98,1,1,0.87312
350,10,1146.73,463.73,75.5,209.94,1,1,0.90068
350,50,988.2,406.97,76.14,195.47,1,1,0.90251
350,39,1449.94,470.84,81.9,217.93,1,1,0.89648
350,47,680.66,404.65,70.87,200.89,1,1,0.88508
350,54,1300.49,464.29,75.2,206.62,1,1,0.89403
350,51,1625.39,627.97,123.77,216.24,1,1,0.93662
350,22,1266.6,374.55,73.74,161.36,1,1,0.8307
350,57,825.03,419.07,74.96,197.41,1,1,0.88992
350,58,91.57,455.85,99.98,210.97,1,1,0.95879
350,59,1843.36,388.71,62.38,179.98,1,1,0.78149
350,61,1201.93,524.19,99.78,100.81,1,1,0.90053
350,62,569.98,429.65,68.04,212.85,1,1,0.86796
350,32,1333.92,376.01,76.06,179.1,1,1,0.80615
351,42,618.71,465.46,74.31,199.84,1,1,0.88442
351,12,521.05,667.75,85.87,250.14,1,1,0.9391
351,7,1073.08,434.42,72.92,194.96,1,1,0.87168
351,10,1143.45,462.26,78.27,210.04,1,1,0.89751
351,50,993.11,407.48,77.14,194.85,1,1,0.90472
351,39,1440.76,471.16,88.97,216.59,1,1,0.90939
351,47,680.98,404.15,71.61,200.38,1,1,0.88547
351,54,1296.83,461.88,75.85,207.1,1,1,0.88382
351,51,1619.14,627.59,123.57,216.14,1,1,0.93668
351,22,1272.61,371.26,78.19,145.08,1,1,0.74604
351,57,821.66,417.62,77.23,198.36,1,1,0.89174
351,58,98.81,457.13,96.51,206.77,1,1,0.96333
351,59,1842.85,388.93,62.09,178.99,1,1,0.70511
351,61,1198.7,521.75,100.42,100.97,1,1,0.8988
351,62,569.24,429.56,71.17,218.32,1,1,0.88262
351,32,1345.43,373.43,69.15,180.64,1,1,0.80516
352,42,624.39,461.81,73.3,203.1,1,1,0.88268
352,12,516.74,668.1,86.98,248.98,1,1,0.93929
352,7,1074.51,432.77,72.73,193.88,1,1,0.85981
352,10,1139.74,461.82,82.0,209.38,1,1,0.89303
352,50,998.1,406.35,75.95,196.33,1,1,0.90841
352,39,1431.01,472.06,97.44,215.28,1,1,0.91262
352,47,681.7,403.94,71.42,199.57,1,1,0.88839
352,54,1293.46,460.52,76.99,206.74,1,1,0.8941
352,51,1615.58,627.29,124.43,216.59,1,1,0.93694
352,22,1277.42,369.97,76.88,131.88,1,1,0.698
352,57,819.29,415.89,79.01,199.99,1,1,0.89516
352,58,105.78,457.81,95.6,205.17,1,1,0.96351
352,59,1842.18,388.39,63.19,178.85,1,1,0.6906
352,61,1198.56,520.34,98.54,101.19,1,1,0.8948
352,62,568.73,429.94,74.61,219.25,1,1,0.8919
352,32,1350.08,364.76,69.94,189.87,1,1,0.87073
353,42,627.83,458.17,73.32,205.54,1,1,0.88838
353,12,512.72,668.68,88.76,247.78,1,1,0.94174
353,7,1076.94,431.25,69.9,194.77,1,1,0.87399
353,10,1133.65,462.28,86.86,208.77,1,1,0.89432
353,50,1003.24,403.85,74.81,198.76,1,1,0.91093
353,39,1425.89,472.31,101.62,214.72,1,1,0.91471
353,47,682.58,403.6,69.65,199.1,1,1,0.89288
353,54,1291.11,458.56,76.96,207.33,1,1,0.89842
353,51,1614.17,626.49,123.71,217.15,1,1,0.93468
353,22,1279.62,365.63,72.86,124.72,1,1,0.7583
353,57,817.19,414.52,80.97,201.74,1,1,0.90124
353,58,113.73,457.57,94.87,204.76,1,1,0.96284
353,59,1841.49,387.32,63.88,179.51,1,1,0.75801
353,61,1198.15,518.04,96.67,102.52,1,1,0.89069
353,62,568.08,430.16,77.56,218.41,1,1,0.9037
353,32,1351.88,358.41,75.05,196.16,1,1,0.87333
354,42,632.85,454.47,73.64,207.46,1,1,0.88079
354,12,509.38,667.98,90.33,247.13,1,1,0.94034
354,7,1079.97,428.67,62.67,194.14,1,1,0.86739
354,10,1125.41,462.61,84.18,207.03,1,1,0.87178
354,50,1005.44,399.29,76.86,201.96,1,1,0.9101
354,39,1423.48,472.46,103.74,213.82,1,1,0.90997
354,47,684.19,403.2,66.33,199.74,1,1,0.8851
354,54,1289.43,455.71,76.32,208.37,1,1,0.89685
354,51,1614.25,624.58,119.69,217.84,1,1,0.93651
354,22,1283.38,371.9,72.92,118.6,1,1,0.75172
354,57,816.23,413.73,82.33,202.88,1,1,0.8998
354,58,122.82,455.92,94.01,205.83,1,1,0.96292
354,59,1841.5,386.26,64.03,179.95,1,1,0.787
354,61,1195.12,511.49,98.03,108.27,1,1,0.88546
354,62,570.67,429.86,78.26,217.32,1,1,0.89742
354,32,1356.56,354.04,78.17,200.08,1,1,0.88438
355,42,637.41,452.29,74.57,207.58,1,1,0.88679
355,12,505.93,666.05,90.28,244.99,1,1,0.93925
355,7,1081.72,425.88,59.74,194.58,1,1,0.86041
355,10,1118.72,461.8,83.82,205.49,1,1,0.88203
355,50,1007.67,393.42,80.27,205.09,1,1,0.9151
355,39,1420.4,472.03,105.25,212.56,1,1,0.90663
355,47,686.12,401.84,62.56,199.88,1,1,0.88252
355,54,1287.36,453.09,75.56,207.37,1,1,0.89856
355,51,1612.86,621.32,109.02,219.1,1,1,0.9408
355,22,1285.47,370.81,73.72,123.55,1,1,0.69182
355,57,815.36,411.86,82.97,203.54,1,1,0.90538
355,58,130.78,452.23,92.1,207.6,1,1,0.96137
355,59,1840.88,385.15,64.56,179.37,1,1,0.7899
355,61,1192.73,505.85,99.02,111.86,1,1,0.88996
355,62,575.51,427.54,76.7,215.93,1,1,0.89565
355,32,1360.35,349.98,80.73,201.9,1,1,0.89452
356,42,642.4,452.7,76.09,206.58,1,1,0.88102
356,12,502.91,663.92,89.84,243.35,1,1,0.93835
356,7,1083.4,424.78,59.51,197.37,1,1,0.84586
356,10,1113.14,461.94,84.92,203.86,1,1,0.88594
356,50,1009.72,389.1,83.32,206.06,1,1,0.91254
356,39,1418.0,471.4,107.26,212.05,1,1,0.90863
356,47,688.37,401.23,61.42,198.26,1,1,0.86818
356,54,1284.53,451.31,75.63,205.83,1,1,0.87848
356,51,1609.26,618.99,96.27,220.65,1,1,0.93941
356,22,1286.22,363.49,75.34,151.83,1,1,0.68147
356,57,814.6,410.01,83.77,204.97,1,1,0.90524
356,58,139.6,448.24,89.98,210.35,1,1,0.95938
356,59,1840.73,384.28,65.11,179.73,1,1,0.77736
356,61,1188.48,499.76,102.42,116.78,1,1,0.88991
356,62,581.86,425.56,75.33,214.88,1,1,0.89034
356,32,1362.62,348.27,82.75,201.4,1,1,0.89123
357,42,647.62,454.37,78.9,204.28,1,1,0.8824
357,12,500.75,661.41,87.89,242.44,1,1,0.93205
357,7,1084.88,423.28,58.68,199.01,1,1,0.85818
357,10,1109.05,460.06,83.65,204.19,1,1,0.89896
357,50,1012.6,385.9,84.4,206.4,1,1,0.91098
357,39,1416.87,469.77,107.2,212.24,1,1,0.91233
357,47,689.92,399.42,61.5,196.48,1,1,0.85517
357,54,1282.74,447.21,79.18,206.58,1,1,0.89229
357,51,1604.25,615.44,83.17,222.87,1,1,0.93052
357,22,1289.13,358.08,78.77,162.84,1,1,0.65335
357,57,814.76,408.75,83.74,205.37,1,1,0.90313
357,58,147.96,444.18,92.73,213.04,1,1,0.94801
357,59,1841.3,383.08,64.97,180.12,1,1,0.82331
357,61,1183.31,490.98,106.81,123.55,1,1,0.88641
357,62,588.46,423.67,73.61,212.31,1,1,0.89292
357,32,1364.51,346.33,81.33,201.65,1,1,0.88985
358,42,652.1,456.43,81.31,201.41,1,1,0.88204
358,12,499.76,658.7,84.52,240.45,1,1,0.92677
358,7,1085.39,421.95,58.94,197.3,1,1,0.8491
358,10,1106.12,458.45,83.96,204.4,1,1,0.90242
358,50,1015.71,383.59,85.06,205.26,1,1,0.90163
358,39,1416.22,467.83,105.93,212.61,1,1,0.90977
358,47,692.12,397.29,62.02,195.53,1,1,0.83793
358,54,1280.78,445.31,83.22,206.09,1,1,0.89972
358,51,1596.8,612.44,78.19,225.49,1,1,0.92032
358,57,816.25,408.51,82.83,203.9,1,1,0.89752
358,58,155.64,440.65,99.1,215.01,1,1,0.94878
358,59,1842.37,382.35,64.94,179.66,1,1,0.7711
358,61,1181.36,487.1,109.17,124.9,1,1,0.88663
358,62,596.0,421.3,71.54,210.42,1,1,0.8888
358,32,1367.4,344.82,80.58,201.81,1,1,0.88191
359,42,654.71,457.75,82.99,199.49,1,1,0.88669
359,12,496.93,656.06,81.58,240.69,1,1,0.93323
359,7,1087.05,421.07,57.11,195.04,1,1,0.83915
359,10,1102.37,457.09,85.18,204.83,1,1,0.9036
359,50,1017.83,383.18,85.24,202.69,1,1,0.90235
359,39,1415.47,466.94,101.55,211.76,1,1,0.91017
359,47,692.32,395.2,62.53,194.42,1,1,0.83218
359,54,1278.02,447.92,82.06,202.44,1,1,0.90075
359,51,1587.52,611.22,76.86,226.65,1,1,0.90214
359,57,815.58,407.55,82.57,202.59,1,1,0.89755
359,58,162.14,438.19,103.75,215.84,1,1,0.94858
359,59,1842.33,381.68,64.91,179.73,1,1,0.64072
359,61,1183.67,482.59,105.51,128.71,1,1,0.87112
359,62,601.59,419.83,69.0,210.07,1,1,0.88789
359,32,1368.78,344.54,79.57,201.73,1,1,0.88018
359,22,1307.85,354.39,70.97,180.38,1,1,0.81306
360,42,658.58,457.29,83.56,197.55,1,1,0.88458
360,12,493.83,652.72,78.61,241.88,1,1,0.93995
360,10,1098.89,457.79,84.76,203.23,1,1,0.89468
360,50,1020.37,383.19,84.72,200.3,1,1,0.89115
360,39,1413.45,465.27,96.9,212.03,1,1,0.90822
360,47,691.67,392.7,63.26,189.89,1,1,0.78789
360,54,1276.18,448.56,79.62,201.37,1,1,0.89724
360,51,1575.56,611.09,77.84,227.65,1,1,0.88342
360,57,814.01,404.85,83.31,202.81,1,1,0.89879
360,58,167.32,436.47,107.08,214.86,1,1,0.94792
360,59,1841.9,381.09,65.31,179.74,1,1,0.65274
360,61,1193.24,474.5,93.72,135.97,1,1,0.85555
360,62,605.21,418.52,67.84,210.75,1,1,0.8936
360,32,1371.3,344.32,79.07,200.28,1,1,0.8734
360,22,1312.9,353.94,69.0,183.78,1,1,0.84438
360,15,1170.33,490.67,74.08,123.3,1,1,0.71821
361,42,662.88,454.13,84.19,198.05,1,1,0.88212
361,12,490.84,649.63,77.03,243.54,1,1,0.94719
361,10,1097.27,457.8,82.81,201.56,1,1,0.89526
361,50,1023.3,385.07,84.63,195.49,1,1,0.89447
361,39,1407.01,461.94,95.02,214.37,1,1,0.90118
361,54,1275.55,447.23,77.48,201.57,1,1,0.88984
361,51,1564.97,612.82,79.7,227.49,1,1,0.88998
361,57,812.33,401.68,84.11,203.95,1,1,0.90469
361,58,172.74,435.8,106.91,213.73,1,1,0.94417
361,61,1200.26,467.79,84.67,141.53,1,1,0.84868
361,62,608.8,416.87,67.43,212.15,1,1,0.89892
361,32,1373.94,343.49,81.24,195.73,1,1,0.88414
361,22,1316.62,354.56,68.6,184.47,1,1,0.85593
361,63,1261.7,374.67,59.29,129.3,1,1,0.79176
361,15,1170.97,484.68,75.31,128.38,1,1,0.77984
361,7,1095.06,419.33,58.65,102.99,1,1,0.69394
362,42,666.74,451.53,83.34,197.96,1,1,0.8864
362,12,486.96,647.43,77.22,244.6,1,1,0.95286
362,10,1093.55,454.12,81.46,203.79,1,1,0.90022
362,50,1027.68,386.25,82.27,197.39,1,1,0.89118
362,39,1402.79,460.2,89.91,215.7,1,1,0.89658
362,54,1276.73,443.98,73.52,203.79,1,1,0.88673
362,51,1554.03,615.47,83.71,225.39,1,1,0.89212
362,57,810.29,397.95,85.37,206.59,1,1,0.90887
362,58,177.84,436.68,106.65,211.65,1,1,0.95357
362,61,1205.31,462.28,78.76,146.33,1,1,0.8282
362,62,613.03,416.04,68.2,212.72,1,1,0.90052
362,32,1377.97,343.39,81.76,190.24,1,1,0.87201
362,22,1320.24,352.36,67.51,187.04,1,1,0.84173
362,63,1259.59,374.57,58.45,129.61,1,1,0.80466
362,15,1171.18,478.59,75.9,133.42,1,1,0.79217
362,7,1102.92,418.77,56.97,71.23,1,1,0.6659
363,42,671.49,449.97,82.24,197.75,1,1,0.88214
363,12,485.05,645.9,76.77,245.8,1,1,0.95404
363,10,1091.64,451.65,82.21,204.02,1,1,0.8972
363,50,1033.31,386.01,79.67,201.72,1,1,0.89396
363,39,1402.87,457.03,82.53,218.46,1,1,0.89662
363,54,1277.97,441.03,70.33,206.26,1,1,0.88032
363,51,1541.7,619.46,91.68,222.13,1,1,0.89292
363,57,809.67,395.82,85.2,207.75,1,1,0.91575
363,58,184.61,437.89,104.14,208.68,1,1,0.95716
363,61,1211.45,458.47,73.89,148.94,1,1,0.78771
363,62,617.69,414.92,69.94,213.42,1,1,0.90638
363,32,1385.1,343.38,81.61,175.98,1,1,0.83505
363,22,1326.31,348.42,68.66,190.24,1,1,0.85814
363,63,1257.75,374.42,56.9,128.43,1,1,0.79163
363,15,1175.13,469.82,73.44,141.41,1,1,0.834
364,42,675.69,446.5,80.56,200.29,1,1,0.8804
364,12,483.18,645.09,77.13,245.77,1,1,0.95499
364,10,1086.21,447.4,79.4,205.98,1,1,0.8914
364,50,1040.31,385.23,75.09,200.54,1,1,0.88477
364,39,1403.06,455.24,75.34,218.56,1,1,0.89496
364,54,1278.81,436.94,70.7,209.68,1,1,0.8758
364,51,1532.22,622.81,98.66,218.68,1,1,0.89149
364,57,809.43,394.99,83.73,207.29,1,1,0.91377
364,58,189.88,438.31,103.57,206.13,1,1,0.96105
364,61,1215.66,456.05,71.69,150.81,1,1,0.74351
364,62,621.2,413.48,72.36,214.34,1,1,0.90371
364,32,1391.48,343.53,79.84,167.88,1,1,0.83805
364,22,1329.92,345.82,68.7,190.74,1,1,0.86054
364,63,1254.21,373.0,54.89,125.97,1,1,0.78134
364,15,1175.73,462.48,71.5,148.26,1,1,0.79852
364,53,1123.66,420.79,57.89,191.21,1,1,0.78039
364,47,685.24,385.66,71.62,109.37,1,1,0.67131
365,42,680.89,444.36,77.49,199.16,1,1,0.87849
365,12,481.86,643.22,78.16,245.38,1,1,0.95384
365,10,1082.37,443.05,75.44,206.99,1,1,0.89373
365,50,1048.9,381.03,69.58,185.06,1,1,0.85816
365,39,1400.78,454.02,71.74,217.28,1,1,0.89309
365,54,1280.07,432.76,69.16,211.48,1,1,0.87969
365,51,1524.38,623.49,105.88,216.83,1,1,0.89457
365,57,809.13,392.56,82.1,206.98,1,1,0.91641
365,58,196.47,435.8,102.14,205.51,1,1,0.96202
365,62,625.26,410.62,72.83,215.18,1,1,0.9023
365,32,1396.81,342.24,77.87,157.1,1,1,0.84208
365,22,1333.86,341.46,67.31,192.62,1,1,0.87201
365,63,1251.59,370.48,54.93,116.75,1,1,0.76808
365,15,1183.15,455.47,73.24,151.29,1,1,0.76522
365,53,1126.75,415.63,56.28,194.53,1,1,0.86436
365,59,1847.08,377.28,64.53,176.92,1,1,0.65488
366,42,684.55,443.36,77.58,198.17,1,1,0.87292
366,12,480.22,642.5,79.32,244.32,1,1,0.95232
366,10,1080.01,441.04,72.06,206.68,1,1,0.89461
366,50,1056.61,375.05,64.38,159.98,1,1,0.80756
366,39,1397.32,453.71,70.88,216.39,1,1,0.89573
366,54,1281.03,430.14,67.24,211.81,1,1,0.88599
366,51,1519.49,623.49,111.86,216.86,1,1,0.90748
366,57,808.19,391.24,79.28,206.38,1,1,0.90436
366,58,201.34,432.89,101.25,206.65,1,1,0.96065
366,62,628.3,408.81,71.31,215.28,1,1,0.89299
366,32,1401.46,340.61,75.37,146.0,1,1,0.84969
366,22,1337.15,337.51,67.11,193.98,1,1,0.87621
366,63,1247.9,369.12,51.7,104.0,1,1,0.72707
366,15,1183.95,450.65,69.98,152.46,1,1,0.82058
366,53,1127.18,412.88,57.96,196.45,1,1,0.87999
366,59,1847.08,375.79,63.51,176.81,1,1,0.69866
367,42,688.97,439.97,81.49,199.82,1,1,0.89172
367,12,480.66,641.79,79.77,243.58,1,1,0.95415
367,10,1078.73,437.77,69.75,208.71,1,1,0.89221
367,50,1063.54,369.57,62.86,121.15,1,1,0.83117
367,39,1395.03,451.61,71.22,217.01,1,1,0.9017
367,54,1280.85,427.83,68.24,211.9,1,1,0.89586
367,51,1518.75,622.55,115.31,216.97,1,1,0.90988
367,57,808.73,389.73,76.97,207.02,1,1,0.90737
367,58,206.25,429.29,100.54,208.82,1,1,0.9594
367,62,632.15,406.99,69.36,215.1,1,1,0.89513
367,32,1408.73,338.47,72.15,144.17,1,1,0.84757
367,22,1341.22,333.69,67.95,195.17,1,1,0.88301
367,63,1245.76,366.83,48.78,104.49,1,1,0.67443
367,15,1185.77,445.51,69.47,154.6,1,1,0.83873
367,53,1128.12,410.48,61.63,197.21,1,1,0.88789
367,59,1848.22,374.1,63.76,177.14,1,1,0.72692
368,42,692.12,437.73,86.51,200.02,1,1,0.89255
368,12,480.73,640.97,79.3,242.65,1,1,0.95332
368,10,1072.35,432.34,73.81,212.95,1,1,0.89194
368,50,1067.45,364.42,62.28,108.02,1,1,0.84083
368,39,1390.01,448.77,73.78,216.72,1,1,0.90448
368,54,1280.17,426.48,69.57,211.31,1,1,0.89338
368,51,1516.2,621.11,116.5,216.98,1,1,0.91297
368,57,807.39,388.24,76.7,207.96,1,1,0.90868
368,58,210.12,424.79,97.09,211.44,1,1,0.95614
368,62,634.96,405.3,67.39,214.69,1,1,0.8937
368,32,1412.48,336.27,72.13,149.24,1,1,0.8584
368,22,1342.63,331.32,67.67,194.05,1,1,0.87863
368,63,1243.39,365.0,46.91,116.93,1,1,0.75858
368,15,1188.03,435.71,70.65,161.58,1,1,0.83923
368,53,1128.38,408.15,63.71,199.0,1,1,0.89234
368,59,1848.49,371.96,63.74,178.07,1,1,0.68506
369,42,695.08,434.71,89.99,200.82,1,1,0.89836
369,12,480.56,638.92,78.31,241.42,1,1,0.94742
369,10,1065.06,421.7,82.14,220.75,1,1,0.88855
369,50,1070.01,359.53,62.13,102.2,1,1,0.82507
369,39,1383.65,447.71,78.18,214.79,1,1,0.91176
369,54,1279.71,424.94,71.4,210.05,1,1,0.89996
369,51,1512.04,617.61,114.51,218.54,1,1,0.92147
369,57,808.05,386.19,73.88,208.57,1,1,0.90702
369,58,212.67,418.86,93.5,214.71,1,1,0.95227
369,62,635.74,402.57,68.87,215.0,1,1,0.88679
369,32,1417.07,332.75,70.15,157.92,1,1,0.87679
369,22,1344.69,329.71,67.08,189.85,1,1,0.87841
369,63,1240.72,361.81,47.13,135.86,1,1,0.78952
369,15,1188.41,429.41,73.34,165.51,1,1,0.84624
369,53,1127.44,405.18,64.45,200.19,1,1,0.88429
369,59,1849.28,368.6,63.18,179.38,1,1,0.73996
370,42,697.46,434.55,91.85,199.52,1,1,0.89854
370,12,480.41,637.55,75.11,239.63,1,1,0.93226
370,10,1057.15,417.55,87.34,222.31,1,1,0.90382
370,50,1072.89,356.22,62.25,93.24,1,1,0.81618
370,39,1375.49,447.06,84.4,213.92,1,1,0.91482
370,54,1279.41,424.1,71.61,208.68,1,1,0.89804
370,51,1505.24,613.79,107.89,221.47,1,1,0.9231
370,57,807.2,384.59,71.82,209.08,1,1,0.90632
370,58,215.35,415.02,89.64,216.52,1,1,0.94989
370,62,636.92,400.81,69.41,214.99,1,1,0.88271
370,32,1420.9,329.99,68.63,173.65,1,1,0.87676
370,22,1347.06,329.12,66.65,187.11,1,1,0.88214
370,63,1237.67,359.73,46.68,146.7,1,1,0.79561
370,15,1188.94,426.59,69.13,167.18,1,1,0.87021
370,53,1127.93,402.84,65.17,201.37,1,1,0.89926
370,59,1849.52,366.84,62.9,179.74,1,1,0.7879
371,42,699.91,433.75,91.74,199.8,1,1,0.90258
371,12,479.5,635.31,68.31,237.67,1,1,0.809
371,10,1048.3,416.93,92.15,221.74,1,1,0.90283
371,50,1076.11,354.86,61.73,95.99,1,1,0.80958
371,39,1369.01,447.15,88.03,212.04,1,1,0.91138
371,54,1278.01,423.74,72.32,207.09,1,1,0.89997
371,51,1495.85,610.12,105.5,224.44,1,1,0.93318
371,57,806.06,383.67,70.5,208.66,1,1,0.90174
371,58,216.99,412.87,88.86,217.63,1,1,0.94728
371,62,637.28,399.09,71.39,214.6,1,1,0.88821
371,32,1423.78,328.7,67.45,182.31,1,1,0.87439
371,22,1348.7,330.22,68.08,184.48,1,1,0.87932
371,63,1233.22,357.72,47.52,154.18,1,1,0.78721
371,15,1191.1,423.38,65.13,169.22,1,1,0.86833
371,53,1128.18,400.52,65.16,202.22,1,1,0.90313
371,59,1849.01,366.21,63.42,179.64,1,1,0.79873
372,42,702.43,432.2,92.37,198.96,1,1,0.90347
372,10,1041.56,419.1,96.29,217.76,1,1,0.8933
372,50,1079.19,353.32,61.63,108.27,1,1,0.82293
372,39,1362.16,444.2,93.65,211.74,1,1,0.90602
372,54,1278.36,421.67,70.82,205.89,1,1,0.90233
372,51,1486.27,605.2,107.03,228.05,1,1,0.92897
372,57,803.75,381.32,70.84,208.71,1,1,0.89599
372,58,218.91,409.82,88.7,218.55,1,1,0.94904
372,62,642.13,397.69,73.63,213.12,1,1,0.86745
372,32,1426.66,325.99,67.23,188.66,1,1,0.87487
372,22,1350.01,329.89,70.51,182.7,1,1,0.85652
372,63,1229.7,354.19,46.57,167.47,1,1,0.76214
372,15,1189.17,416.91,64.46,172.67,1,1,0.87275
372,53,1128.09,397.59,64.94,202.25,1,1,0.89032
372,59,1848.52,365.2,63.77,178.92,1,1,0.7657
373,42,704.27,431.29,92.68,198.61,1,1,0.90924
373,10,1037.2,427.81,96.63,207.82,1,1,0.90238
373,50,1080.27,353.3,62.56,122.71,1,1,0.87866
373,39,1355.77,443.64,98.77,210.61,1,1,0.90356
373,54,1279.07,419.73,69.53,205.92,1,1,0.90335
373,51,1477.67,602.2,110.74,228.57,1,1,0.93207
373,57,800.75,379.95,72.51,208.99,1,1,0.89402
373,58,221.94,407.96,88.87,219.03,1,1,0.94524
373,62,644.34,396.54,75.37,211.41,1,1,0.88136
373,32,1430.66,324.3,66.87,194.06,1,1,0.88146
373,22,1351.69,330.27,74.68,179.07,1,1,0.83658
373,63,1225.63,351.64,48.08,199.19,1,1,0.81419
373,15,1185.93,410.73,64.95,176.49,1,1,0.86906
373,53,1126.89,396.0,66.45,202.74,1,1,0.8856
373,59,1848.98,364.35,63.23,178.56,1,1,0.66844
374,42,705.84,430.14,91.14,198.09,1,1,0.90453
374,10,1034.28,430.48,92.65,203.56,1,1,0.90678
374,50,1081.85,353.14,63.28,127.61,1,1,0.88252
374,39,1350.24,443.26,102.92,209.96,1,1,0.90086
374,54,1278.8,417.51,69.89,205.08,1,1,0.90473
374,51,1469.26,600.14,113.97,228.49,1,1,0.9417
374,57,799.64,379.08,72.76,207.86,1,1,0.89361
374,58,225.04,407.24,89.58,218.64,1,1,0.95089
374,62,647.3,395.24,73.42,210.55,1,1,0.88239
374,32,1434.68,322.98,66.53,195.69,1,1,0.87838
374,22,1352.78,328.02,76.96,170.92,1,1,0.77885
374,63,1221.72,350.05,48.92,204.19,1,1,0.81406
374,15,1183.34,402.78,65.17,181.86,1,1,0.87721
374,53,1128.2,395.01,66.18,202.37,1,1,0.88613
374,59,1848.86,362.98,63.16,178.49,1,1,0.72826
375,42,707.42,428.77,90.62,197.97,1,1,0.90434
375,10,1032.57,431.1,90.78,201.61,1,1,0.90947
375,50,1085.23,353.14,62.61,132.05,1,1,0.88317
375,39,1345.92,443.07,106.78,209.12,1,1,0.90315
375,54,1279.23,414.13,71.04,205.18,1,1,0.89945
375,51,1461.83,599.26,116.93,228.16,1,1,0.93698
375,57,798.57,379.56,74.24,205.55,1,1,0.89364
375,58,228.92,406.92,89.5,217.28,1,1,0.95299
375,62,650.75,391.9,71.7,210.82,1,1,0.86872
375,32,1438.69,322.14,67.96,196.61,1,1,0.88359
375,22,1354.33,324.22,78.63,159.9,1,1,0.73989
375,63,1217.81,349.52,48.2,197.23,1,1,0.78913
375,15,1181.24,395.87,67.61,186.9,1,1,0.87251
375,53,1130.02,393.83,65.59,202.6,1,1,0.88782
375,59,1849.04,361.9,63.04,178.16,1,1,0.7544
376,42,708.37,427.71,88.94,196.93,1,1,0.90463
376,10,1030.05,430.24,89.11,200.05,1,1,0.91166
376,50,1085.67,351.4,63.56,133.22,1,1,0.87853
376,39,1343.17,440.55,107.83,210.44,1,1,0.90803
376,54,1278.83,411.22,71.3,205.26,1,1,0.89764
376,51,1452.53,599.4,117.34,226.71,1,1,0.93454
376,57,796.46,379.36,75.48,204.31,1,1,0.89183
376,58,231.27,406.0,88.93,216.06,1,1,0.95247
376,62,652.71,388.08,69.75,211.75,1,1,0.86794
376,32,1440.32,320.98,68.42,196.6,1,1,0.88512
376,22,1355.12,320.78,79.37,152.85,1,1,0.71892
376,63,1212.26,348.63,51.35,206.3,1,1,0.78092
376,15,1179.76,390.79,68.62,190.35,1,1,0.84374
376,53,1129.73,392.35,66.4,202.63,1,1,0.87796
376,59,1848.05,360.25,63.58,177.99,1,1,0.80674
377,42,711.34,425.55,88.01,197.34,1,1,0.90795
377,10,1027.94,427.88,87.34,199.79,1,1,0.91245
377,50,1087.71,348.22,63.51,133.94,1,1,0.8821
377,39,1342.23,438.85,107.53,210.88,1,1,0.91281
377,54,1278.24,408.65,72.53,205.71,1,1,0.89441
377,51,1442.59,601.69,117.46,225.28,1,1,0.92557
377,57,795.36,378.35,76.12,204.08,1,1,0.89265
377,58,235.62,405.14,86.91,215.11,1,1,0.95099
377,62,652.95,385.97,72.52,212.27,1,1,0.88647
377,32,1442.32,319.81,69.09,196.32,1,1,0.88966
377,22,1356.08,317.62,79.03,149.26,1,1,0.73748
377,63,1204.95,347.52,55.7,219.12,1,1,0.7927
377,53,1131.62,391.48,66.88,202.31,1,1,0.885
377,59,1847.75,358.6,63.95,178.43,1,1,0.75313
377,61,1241.2,417.26,51.89,165.52,1,1,0.75375
378,42,711.47,422.38,88.16,198.38,1,1,0.90886
378,10,1023.97,424.73,83.65,199.99,1,1,0.91197
378,50,1086.62,343.01,65.14,135.49,1,1,0.88698
378,39,1339.48,437.59,107.65,210.52,1,1,0.91111
378,54,1278.19,405.91,71.61,206.49,1,1,0.88907
378,51,1428.51,604.56,116.96,222.59,1,1,0.92278
378,57,791.15,376.31,79.08,204.35,1,1,0.89264
378,58,237.75,403.38,85.14,214.55,1,1,0.95542
378,62,651.26,382.95,75.15,213.95,1,1,0.89315
378,32,1443.72,317.55,67.45,196.08,1,1,0.89025
378,63,1200.84,345.43,55.11,220.12,1,1,0.80427
378,53,1132.49,389.54,69.39,198.28,1,1,0.86469
378,59,1846.62,356.53,64.52,178.81,1,1,0.77334
378,61,1241.43,416.0,52.37,165.12,1,1,0.85008
378,0,1090.65,473.02,93.31,118.44,1,1,0.84808
379,42,713.25,418.45,87.29,199.94,1,1,0.90891
379,10,1022.01,420.53,76.09,200.99,1,1,0.91077
379,50,1085.59,337.45,66.85,138.39,1,1,0.88846
379,39,1338.19,435.01,104.63,211.1,1,1,0.91463
379,54,1278.84,402.72,71.12,207.04,1,1,0.89306
379,51,1414.05,608.6,115.42,218.03,1,1,0.92412
379,57,787.19,374.27,81.87,203.7,1,1,0.88962
379,58,239.53,400.48,84.75,213.7,1,1,0.95245
379,62,650.23,379.4,77.18,215.7,1,1,0.88771
379,32,1445.96,315.1,65.72,196.65,1,1,0.89562
379,63,1197.6,343.15,53.0,214.89,1,1,0.79345
379,53,1134.57,386.88,70.94,191.32,1,1,0.86526
379,59,1846.08,354.65,64.64,179.04,1,1,0.74808
379,61,1241.41,414.45,53.03,165.44,1,1,0.86728
379,0,1089.7,470.02,94.63,118.83,1,1,0.87172
380,42,714.7,415.52,85.98,200.92,1,1,0.9106
380,10,1019.04,417.22,70.08,202.14,1,1,0.9113
380,50,1084.64,332.28,69.85,139.18,1,1,0.88785
380,39,1336.93,432.98,101.42,212.02,1,1,0.91038
380,54,1279.46,400.8,70.23,207.52,1,1,0.88769
380,51,1396.24,612.96,119.22,214.18,1,1,0.92028
380,57,784.86,372.29,81.85,203.58,1,1,0.88007
380,58,241.5,397.15,84.67,213.35,1,1,0.95648
380,62,650.97,378.89,78.23,214.21,1,1,0.88441
380,32,1449.2,313.66,64.49,196.71,1,1,0.89155
380,63,1194.62,341.51,51.9,203.85,1,1,0.78403
380,53,1136.26,385.23,72.17,186.16,1,1,0.86689
380,59,1845.99,353.89,65.44,178.99,1,1,0.734
380,61,1242.06,413.04,53.48,166.18,1,1,0.85728
380,0,1088.49,468.91,96.32,118.13,1,1,0.89681
380,64,388.41,607.27,50.33,230.88,1,1,0.92273
381,42,717.21,412.68,84.78,201.36,1,1,0.91369
381,10,1016.12,412.8,64.9,204.67,1,1,0.91316
381,50,1085.57,329.09,71.09,139.61,1,1,0.88649
381,39,1335.29,430.89,96.33,212.09,1,1,0.89283
381,54,1279.38,399.53,70.29,207.0,1,1,0.88527
381,51,1382.42,616.7,123.97,209.61,1,1,0.92759
381,57,781.96,369.9,82.74,202.63,1,1,0.88012
381,58,244.17,392.88,84.39,213.6,1,1,0.95598
381,62,652.79,377.42,78.36,213.72,1,1,0.88739
381,32,1454.46,311.4,61.09,196.89,1,1,0.8949
381,63,1192.62,340.29,53.47,193.93,1,1,0.82256
381,53,1136.67,384.1,73.42,184.72,1,1,0.86428
381,59,1846.02,353.39,65.93,178.97,1,1,0.77271
381,61,1241.69,409.88,54.33,167.31,1,1,0.86172
381,0,1087.88,468.18,97.56,115.95,1,1,0.9
381,64,383.2,606.05,55.63,228.54,1,1,0.93422
381,22,1356.74,305.97,71.66,177.09,1,1,0.72018
382,42,717.67,409.86,83.86,201.55,1,1,0.91381
382,10,1011.66,408.66,62.41,206.02,1,1,0.91622
382,50,1083.89,324.9,72.62,139.82,1,1,0.88307
382,39,1332.29,428.11,90.8,212.44,1,1,0.90131
382,54,1277.69,397.47,70.12,206.81,1,1,0.88091
382,51,1370.98,614.93,129.01,210.09,1,1,0.92679
382,57,776.9,366.89,79.85,201.78,1,1,0.85107
382,58,244.95,388.11,84.74,212.85,1,1,0.95946
382,62,657.19,375.63,74.4,212.88,1,1,0.87484
382,32,1456.86,308.56,58.63,197.19,1,1,0.88289
382,63,1187.24,337.49,55.49,185.58,1,1,0.82891
382,53,1134.91,381.35,72.93,184.21,1,1,0.86599
382,59,1844.64,352.25,65.83,178.32,1,1,0.8001
382,61,1238.56,405.69,55.34,169.9,1,1,0.86264
382,0,1087.42,464.84,97.27,116.15,1,1,0.90083
382,64,376.13,603.87,61.15,229.19,1,1,0.93527
382,22,1354.43,304.4,71.43,182.71,1,1,0.82558
383,42,718.52,406.63,83.5,201.89,1,1,0.90917
383,10,1007.08,405.0,60.86,206.25,1,1,0.91945
383,50,1082.89,322.16,73.92,134.64,1,1,0.8718
383,39,1330.24,424.23,84.94,212.5,1,1,0.8964
383,54,1276.7,395.45,69.43,205.99,1,1,0.88016
383,51,1366.65,612.18,130.63,211.34,1,1,0.93137
383,57,772.77,363.12,76.19,203.37,1,1,0.8541
383,58,246.04,384.21,85.64,213.0,1,1,0.95779
383,62,660.87,372.61,71.21,212.37,1,1,0.87907
383,32,1457.93,303.12,57.55,199.35,1,1,0.87326
383,63,1182.68,334.69,56.81,183.24,1,1,0.82055
383,53,1132.89,378.54,73.19,184.36,1,1,0.87275
383,59,1844.12,350.52,65.8,177.75,1,1,0.72629
383,61,1236.06,400.11,56.59,171.73,1,1,0.85599
383,0,1089.14,462.35,96.25,114.63,1,1,0.89661
383,64,370.71,601.46,66.05,232.12,1,1,0.93983
383,22,1353.87,302.76,71.76,185.92,1,1,0.84057
384,42,719.67,404.83,83.12,201.66,1,1,0.90595
384,10,1003.38,403.21,60.91,205.94,1,1,0.91506
384,50,1082.67,321.62,75.23,129.73,1,1,0.87817
384,39,1327.45,421.8,77.0,213.21,1,1,0.88265
384,54,1275.68,395.04,69.48,204.81,1,1,0.88212
384,51,1362.01,609.6,132.98,213.37,1,1,0.92836
384,57,769.88,361.07,74.34,204.24,1,1,0.85382
384,58,248.4,381.2,85.68,213.01,1,1,0.95481
384,62,662.72,370.48,70.03,212.13,1,1,0.88137
384,32,1459.61,298.12,57.37,201.93,1,1,0.86542
384,63,1178.99,331.75,55.04,165.32,1,1,0.75206
384,53,1132.28,375.72,75.29,186.26,1,1,0.86157
384,59,1844.63,350.24,65.9,177.06,1,1,0.7518
384,61,1234.59,395.0,57.17,176.5,1,1,0.85034
384,0,1091.76,461.6,94.68,114.24,1,1,0.88741
384,64,366.45,598.66,70.45,234.38,1,1,0.93832
384,22,1353.16,301.98,74.44,188.24,1,1,0.83946
384,65,630.1,336.68,57.51,190.46,1,1,0.82468
385,42,719.18,402.36,83.5,201.3,1,1,0.90497
385,10,997.76,400.87,61.75,205.72,1,1,0.91512
385,50,1081.82,320.99,75.31,126.74,1,1,0.87609
385,39,1323.05,417.71,73.31,213.84,1,1,0.88622
385,54,1273.6,392.8,68.74,204.01,1,1,0.8877
385,51,1353.84,606.45,135.89,214.1,1,1,0.93205
385,57,765.1,357.17,73.23,206.12,1,1,0.85111
385,58,249.18,377.53,85.61,213.66,1,1,0.95612
385,62,662.68,366.75,68.98,213.14,1,1,0.88608
385,32,1460.21,295.8,57.77,202.55,1,1,0.87782
385,63,1173.39,327.91,52.91,147.14,1,1,0.77653
385,53,1130.01,372.05,75.95,192.27,1,1,0.85719
385,59,1843.73,347.86,64.85,176.91,1,1,0.72304
385,61,1229.86,388.53,58.91,180.96,1,1,0.85219
385,0,1093.08,458.41,91.68,115.18,1,1,0.86577
385,64,362.75,594.8,73.15,236.13,1,1,0.9426
385,22,1350.89,299.85,76.66,188.74,1,1,0.80346
385,65,625.92,332.65,58.97,195.27,1,1,0.85766
386,42,719.81,400.06,84.42,200.98,1,1,0.90385
386,10,992.89,398.26,63.29,206.33,1,1,0.91331
386,50,1082.47,319.91,74.34,127.63,1,1,0.85425
386,39,1319.74,414.59,73.23,211.62,1,1,0.87733
386,54,1272.74,389.23,67.82,203.87,1,1,0.88533
386,51,1344.33,602.02,136.24,216.21,1,1,0.92291
386,57,762.97,355.13,70.95,205.8,1,1,0.78019
386,58,251.22,373.9,86.28,214.33,1,1,0.95621
386,62,664.52,363.83,67.51,213.29,1,1,0.89236
386,32,1461.75,293.39,59.29,202.8,1,1,0.87191
386,63,1168.94,324.12,52.57,135.07,1,1,0.71965
386,53,1126.67,368.72,79.6,197.54,1,1,0.84823
386,59,1843.34,344.16,65.95,178.55,1,1,0.71232
386,61,1228.75,381.22,59.18,185.12,1,1,0.85255
386,64,360.51,591.05,76.44,237.03,1,1,0.95038
386,22,1349.66,297.41,77.18,189.26,1,1,0.85444
386,65,623.4,329.94,60.68,197.87,1,1,0.87471
387,42,722.57,398.13,84.41,200.1,1,1,0.89987
387,10,988.49,397.07,67.48,204.79,1,1,0.91086
387,50,1085.29,318.12,72.77,131.04,1,1,0.84764
387,39,1317.52,412.37,71.87,204.72,1,1,0.8646
387,54,1274.8,386.42,66.94,203.13,1,1,0.87181
387,51,1337.94,595.24,128.42,220.55,1,1,0.9205
387,57,762.95,354.71,70.35,204.91,1,1,0.73798
387,58,254.24,371.09,90.51,213.75,1,1,0.95599
387,62,669.21,361.3,65.77,212.31,1,1,0.88803
387,32,1464.42,292.91,60.74,201.97,1,1,0.87024
387,63,1165.7,320.83,52.53,127.13,1,1,0.74748
387,53,1132.95,366.58,78.32,198.22,1,1,0.85987
387,59,1845.51,342.32,67.25,178.51,1,1,0.75066
387,61,1229.33,374.71,61.42,188.27,1,1,0.84601
387,64,359.82,587.12,79.02,238.44,1,1,0.94585
387,22,1350.89,294.91,77.5,188.58,1,1,0.85474
387,65,622.25,325.94,63.64,201.29,1,1,0.87944
388,42,724.24,396.14,85.87,199.89,1,1,0.88537
388,10,983.95,396.32,71.17,203.26,1,1,0.91269
388,50,1088.52,316.13,69.49,138.52,1,1,0.79681
388,39,1311.93,409.51,73.72,199.78,1,1,0.83623
388,54,1274.74,384.01,68.01,200.86,1,1,0.85496
388,51,1330.04,589.11,118.87,224.9,1,1,0.92482
388,58,257.11,368.3,94.31,213.87,1,1,0.95284
388,62,671.2,358.59,65.84,212.6,1,1,0.88093
388,32,1465.54,292.46,62.32,200.88,1,1,0.86968
388,63,1159.28,317.87,53.55,114.09,1,1,0.66007
388,53,1136.25,363.73,79.46,199.26,1,1,0.85659
388,59,1847.0,341.04,67.75,178.47,1,1,0.80455
388,61,1227.98,369.15,63.66,189.49,1,1,0.84878
388,64,356.75,583.49,78.51,238.66,1,1,0.94089
388,22,1350.71,292.19,78.35,189.11,1,1,0.86164
388,65,620.46,322.68,66.02,202.75,1,1,0.87341
389,42,726.08,393.37,88.23,200.5,1,1,0.88688
389,10,982.3,395.15,73.39,201.8,1,1,0.9167
389,50,1091.66,312.4,67.52,161.33,1,1,0.72668
389,39,1308.58,408.17,74.82,196.66,1,1,0.83922
389,54,1276.11,380.35,70.07,197.56,1,1,0.84885
389,51,1323.08,583.53,108.49,228.34,1,1,0.92109
389,58,261.02,366.06,97.52,214.32,1,1,0.9496
389,62,675.25,356.79,64.84,211.23,1,1,0.87049
389,32,1467.26,290.78,64.13,200.36,1,1,0.86665
389,63,1156.57,314.78,51.29,91.25,1,1,0.71872
389,53,1139.94,360.6,79.74,200.88,1,1,0.85481
389,59,1849.23,339.1,67.9,178.51,1,1,0.81534
389,61,1226.88,364.78,66.08,193.18,1,1,0.85574
389,64,353.29,580.08,78.47,239.06,1,1,0.92658
389,22,1352.64,288.54,76.92,188.26,1,1,0.83898
389,65,619.98,319.32,68.05,203.19,1,1,0.86633
390,42,728.19,391.59,90.36,200.79,1,1,0.88449
390,10,981.34,393.28,75.81,201.43,1,1,0.92124
390,50,1097.01,308.52,66.18,125.1,1,1,0.79373
390,39,1307.43,408.24,75.89,197.04,1,1,0.86313
390,54,1277.87,376.44,70.18,196.66,1,1,0.84452
390,51,1317.01,577.98,97.98,231.19,1,1,0.92719
390,58,265.11,364.5,98.67,214.43,1,1,0.93988
390,62,679.68,354.97,63.35,209.74,1,1,0.87409
390,32,1470.46,289.71,65.17,199.44,1,1,0.87441
390,63,1155.52,312.03,53.47,90.83,1,1,0.6493
390,53,1145.49,357.7,76.5,199.05,1,1,0.86531
390,59,1852.79,337.17,66.64,178.76,1,1,0.87268
390,61,1226.25,360.08,68.13,196.08,1,1,0.85948
390,64,349.92,578.07,78.22,238.98,1,1,0.92014
390,22,1355.41,284.94,74.71,187.57,1,1,0.84685
390,65,621.18,317.07,68.72,202.58,1,1,0.87377
390,0,1107.33,437.85,89.76,123.8,1,1,0.8234
391,42,737.19,390.99,90.66,201.27,1,1,0.8894
391,10,987.39,391.87,77.17,201.4,1,1,0.92944
391,50,1109.06,305.32,63.06,106.35,1,1,0.81578
391,39,1312.14,410.25,77.19,199.11,1,1,0.88363
391,54,1285.15,374.58,70.19,195.19,1,1,0.85167
391,51,1316.38,574.37,91.33,233.23,1,1,0.92564
391,58,276.21,364.18,97.48,214.17,1,1,0.94918
391,62,689.39,353.58,62.29,209.52,1,1,0.87603
391,32,1478.34,290.22,67.97,197.84,1,1,0.88419
391,63,1159.12,311.79,53.7,83.92,1,1,0.67964
391,53,1152.22,355.78,77.05,198.61,1,1,0.87922
391,59,1863.25,334.5,59.07,180.66,1,1,0.86041
391,61,1232.91,356.84,69.93,199.0,1,1,0.87623
391,64,352.69,576.63,77.97,239.74,1,1,0.92964
391,22,1363.08,282.93,76.03,187.52,1,1,0.86755
391,65,628.71,316.03,68.59,202.05,1,1,0.88185
391,0,1116.23,429.71,85.79,131.14,1,1,0.82424
392,42,738.1,389.46,90.53,202.27,1,1,0.88877
392,10,984.78,390.03,77.58,201.34,1,1,0.93134
392,50,1112.44,303.04,61.07,100.74,1,1,0.79279
392,39,1306.91,410.77,81.59,203.11,1,1,0.89215
392,54,1287.65,371.84,69.76,195.02,1,1,0.85565
392,51,1309.44,574.3,86.68,233.73,1,1,0.9241
392,58,280.36,363.36,92.49,213.38,1,1,0.95248
392,62,691.44,352.6,61.63,207.81,1,1,0.87061
392,32,1480.3,290.4,69.67,196.96,1,1,0.88746
392,53,1152.69,353.1,76.99,200.31,1,1,0.88072
392,59,1865.04,333.77,55.33,181.6,1,1,0.88012
392,61,1236.26,353.93,67.65,201.94,1,1,0.87898
392,64,345.85,575.02,80.9,240.35,1,1,0.92941
392,22,1364.76,281.16,73.42,187.54,1,1,0.86238
392,65,629.66,314.49,68.6,202.31,1,1,0.88088
392,0,1116.73,424.25,83.55,136.51,1,1,0.84511
393,42,739.04,388.21,89.95,203.07,1,1,0.89222
393,10,981.62,388.62,75.31,201.46,1,1,0.92159
393,50,1114.67,301.48,57.32,97.16,1,1,0.82107
393,39,1302.91,409.01,85.92,207.68,1,1,0.89473
393,54,1289.14,370.01,68.21,194.8,1,1,0.85601
393,51,1299.94,577.13,85.37,232.5,1,1,0.90824
393,58,283.33,363.08,89.18,212.36,1,1,0.94896
393,62,694.39,351.61,59.91,206.57,1,1,0.86618
393,32,1481.34,291.09,71.83,197.03,1,1,0.89173
393,53,1154.64,353.57,75.89,201.04,1,1,0.88337
393,59,1866.49,333.82,52.96,182.69,1,1,0.88412
393,61,1239.27,352.07,65.65,203.6,1,1,0.88499
393,64,334.0,574.48,89.91,240.22,1,1,0.92157
393,22,1364.56,280.56,73.59,188.56,1,1,0.85911
393,65,628.5,313.98,68.23,201.88,1,1,0.88235
393,0,1119.0,416.17,79.47,144.66,1,1,0.78585
394,42,741.03,388.65,89.92,203.45,1,1,0.88545
394,10,980.61,387.57,71.36,202.5,1,1,0.9235
394,50,1118.36,301.89,55.49,94.64,1,1,0.82461
394,39,1305.14,408.59,86.55,211.33,1,1,0.90042
394,54,1292.01,370.12,67.57,189.72,1,1,0.83907
394,51,1292.84,581.64,82.69,232.09,1,1,0.91911
394,58,287.94,363.92,88.35,211.28,1,1,0.9512
394,62,700.96,351.93,58.24,206.17,1,1,0.86806
394,32,1482.37,292.57,73.77,197.32,1,1,0.88749
394,53,1157.52,355.22,75.87,202.58,1,1,0.88741
394,59,1869.18,334.69,50.52,183.38,1,1,0.85869
394,61,1242.15,351.46,65.22,203.2,1,1,0.88339
394,64,321.51,575.35,103.12,239.99,1,1,0.93831
394,22,1365.73,281.05,74.97,189.31,1,1,0.87175
394,65,629.57,315.12,67.13,202.8,1,1,0.88764
394,0,1102.9,392.85,64.32,150.78,1,1,0.80424
395,42,741.92,389.43,91.04,203.27,1,1,0.88592
395,10,979.06,386.1,68.8,204.12,1,1,0.9229
395,50,1120.85,302.32,57.01,96.82,1,1,0.81682
395,39,1307.41,410.05,87.1,211.2,1,1,0.90406
395,54,1294.28,369.77,67.69,185.69,1,1,0.83916
395,51,1285.41,585.63,82.08,232.24,1,1,0.92214
395,58,292.29,365.27,89.16,210.05,1,1,0.94373
395,62,705.23,352.54,58.36,206.56,1,1,0.874
395,32,1485.11,294.27,74.69,195.76,1,1,0.89198
395,53,1162.47,356.8,74.74,202.67,1,1,0.90035
395,59,1872.5,334.25,47.2,184.02,1,1,0.80046
395,61,1244.88,350.74,64.09,202.93,1,1,0.89201
395,64,310.55,577.26,115.99,238.84,1,1,0.93704
395,22,1366.13,280.26,74.67,190.26,1,1,0.88438
395,65,630.44,316.41,66.6,203.01,1,1,0.90006
395,0,1093.66,380.91,57.12,148.28,1,1,0.77394
396,42,741.55,389.52,92.45,203.92,1,1,0.89087
396,10,977.99,383.93,68.5,206.21,1,1,0.91816
396,50,1121.24,303.15,59.93,104.5,1,1,0.80126
396,39,1308.06,412.0,89.26,209.37,1,1,0.90677
396,54,1294.68,369.42,72.24,185.7,1,1,0.81349
396,51,1273.9,590.97,86.82,231.08,1,1,0.92337
396,58,296.41,365.78,90.82,209.36,1,1,0.94297
396,62,708.96,352.01,59.39,208.03,1,1,0.86956
396,32,1489.47,294.2,76.07,195.81,1,1,0.89748
396,53,1168.1,357.67,73.09,202.04,1,1,0.90604
396,59,1875.94,334.71,43.64,183.43,1,1,0.80947
396,61,1247.34,350.6,61.41,201.07,1,1,0.89438
396,64,303.75,578.88,125.04,237.49,1,1,0.93347
396,22,1366.56,279.52,74.96,191.26,1,1,0.88929
396,65,630.66,317.36,66.69,202.33,1,1,0.91142
396,0,1085.99,371.79,50.91,145.28,1,1,0.68935
397,42,741.43,388.53,93.55,204.16,1,1,0.89156
397,10,976.92,381.73,70.13,208.03,1,1,0.91444
397,50,1121.32,304.39,61.27,104.09,1,1,0.67046
397,39,1307.44,412.43,91.28,209.59,1,1,0.90532
397,54,1297.63,368.53,75.7,182.78,1,1,0.65824
397,51,1259.55,596.96,100.1,226.98,1,1,0.9166
397,58,300.55,364.79,91.96,208.99,1,1,0.9455
397,62,713.1,351.2,58.87,207.49,1,1,0.85733
397,32,1492.67,293.44,79.86,196.19,1,1,0.89967
397,53,1173.71,358.39,71.19,201.04,1,1,0.90068
397,59,1879.04,333.33,40.42,183.92,1,1,0.82542
397,61,1249.67,350.04,60.73,200.27,1,1,0.89568
397,64,300.99,579.02,130.39,236.99,1,1,0.9368
397,22,1367.86,278.74,75.69,191.24,1,1,0.887
397,65,627.06,317.57,70.97,200.65,1,1,0.91219
397,0,1079.67,364.95,52.65,138.46,1,1,0.82509
397,67,1116.47,390.84,72.61,163.6,1,1,0.81983
397,68,0.46,387.53,25.62,226.24,1,1,0.8633
398,42,741.8,387.23,94.86,203.97,1,1,0.87722
398,10,976.81,379.35,70.99,210.14,1,1,0.91085
398,39,1304.91,413.97,93.62,206.95,1,1,0.90528
398,51,1240.95,601.48,120.18,221.33,1,1,0.92015
398,58,304.92,363.09,92.63,207.69,1,1,0.94856
398,62,717.51,349.34,57.1,208.35,1,1,0.8393
398,32,1495.49,291.48,85.01,196.56,1,1,0.89252
398,53,1178.52,356.81,69.63,200.88,1,1,0.89205
398,59,1883.14,331.13,36.25,182.93,1,1,0.80908
398,61,1251.98,348.65,59.65,200.14,1,1,0.88649
398,64,300.64,577.81,132.41,236.84,1,1,0.94496
398,22,1369.8,277.2,74.97,190.36,1,1,0.89154
398,65,621.31,316.85,78.11,199.27,1,1,0.9074
398,0,1071.85,359.02,58.0,143.31,1,1,0.8629
398,67,1121.53,387.41,71.15,165.19,1,1,0.8283
398,68,0.78,388.07,30.48,223.73,1,1,0.90045
399,42,742.06,386.48,94.81,204.39,1,1,0.87981
399,10,975.03,377.49,72.75,211.64,1,1,0.91013
399,39,1299.79,413.34,96.55,206.31,1,1,0.90744
399,51,1226.97,603.95,135.88,217.82,1,1,0.92358
399,58,308.62,361.25,92.07,207.81,1,1,0.94875
399,62,720.23,349.38,56.67,208.31,1,1,0.83037
399,32,1496.57,290.23,93.23,196.51,1,1,0.89051
399,53,1183.34,355.72,67.57,201.13,1,1,0.89952
399,59,1886.3,334.43,32.73,176.82,1,1,0.79172
399,61,1253.76,347.12,58.48,200.08,1,1,0.89312
399,64,301.25,577.02,130.16,236.12,1,1,0.94323
399,22,1370.79,276.69,75.81,189.65,1,1,0.90093
399,65,616.66,317.1,83.74,197.95,1,1,0.90838
399,0,1064.17,353.9,61.03,149.24,1,1,0.88282
399,67,1124.05,374.07,70.29,177.53,1,1,0.83393
399,68,0.39,390.28,36.14,221.05,1,1,0.91938
399,54,1313.96,368.03,73.51,174.95,1,1,0.82062
400,42,742.56,385.78,93.52,203.86,1,1,0.87736
400,10,971.44,375.52,74.38,212.28,1,1,0.91102
400,39,1296.74,408.61,95.99,208.93,1,1,0.90439
400,51,1218.22,604.12,144.07,215.85,1,1,0.92603
400,58,312.01,358.67,90.77,208.06,1,1,0.95042
400,32,1496.83,287.63,98.36,197.83,1,1,0.88185
400,53,1184.93,353.16,68.18,202.49,1,1,0.90254
400,59,1889.54,335.38,29.18,172.68,1,1,0.73222
400,61,1253.96,344.59,57.59,198.62,1,1,0.89676
400,64,302.09,574.98,124.82,235.77,1,1,0.95079
400,22,1371.1,274.86,75.74,189.35,1,1,0.89695
400,65,613.68,316.58,86.67,196.33,1,1,0.90619
400,0,1056.68,348.72,63.43,152.75,1,1,0.88363
400,67,1123.73,366.4,67.79,182.08,1,1,0.82699
400,68,-0.07,389.6,42.76,220.93,1,1,0.93841
400,54,1321.25,366.45,70.22,181.63,1,1,0.85876
401,42,743.41,384.99,93.07,203.3,1,1,0.88437
401,10,966.2,374.86,80.75,210.82,1,1,0.90349
401,39,1296.06,406.02,93.18,209.85,1,1,0.90069
401,51,1214.16,604.03,145.98,215.83,1,1,0.92556
401,58,315.95,355.9,89.6,208.47,1,1,0.95148
401,32,1497.91,286.42,99.41,197.59,1,1,0.87109
401,53,1186.52,351.12,68.47,204.13,1,1,0.8946
401,59,1893.35,334.15,25.52,172.95,1,1,0.69866
401,61,1254.08,342.01,58.01,198.37,1,1,0.89353
401,64,303.31,571.82,118.93,235.24,1,1,0.95392
401,22,1372.34,273.66,75.51,189.34,1,1,0.90054
401,65,612.92,316.33,88.92,195.51,1,1,0.91122
401,0,1051.09,344.62,76.68,157.61,1,1,0.86978
401,67,1126.31,359.21,66.27,187.91,1,1,0.77474
401,68,0.05,386.88,49.77,222.51,1,1,0.95094
401,54,1326.42,365.3,67.29,188.37,1,1,0.85333
402,42,743.5,383.61,91.86,203.55,1,1,0.87925
402,10,956.91,374.55,89.98,209.62,1,1,0.90179
402,39,1292.83,402.74,90.11,211.57,1,1,0.90168
402,51,1207.21,603.6,146.62,216.77,1,1,0.92793
402,58,318.83,353.05,87.43,209.37,1,1,0.95301
402,32,1498.06,286.09,99.13,198.14,1,1,0.8711
402,53,1185.92,350.12,69.09,203.89,1,1,0.88507
402,61,1253.11,339.75,58.55,198.66,1,1,0.88659
402,64,302.03,568.16,110.07,235.45,1,1,0.9512
402,22,1372.33,273.68,75.13,189.41,1,1,0.90182
402,65,612.54,315.32,89.08,195.35,1,1,0.91651
402,0,1044.03,341.75,92.47,163.27,1,1,0.88316
402,67,1118.91,354.95,71.94,189.31,1,1,0.68038
402,68,-0.23,384.1,56.49,220.51,1,1,0.94825
402,54,1330.95,365.17,64.06,193.04,1,1,0.86101
402,50,1126.77,294.45,63.9,174.66,1,1,0.71974
403,42,742.89,382.63,90.33,202.82,1,1,0.88332
403,10,952.34,374.51,95.47,208.38,1,1,0.90326
403,39,1289.67,400.45,86.83,212.12,1,1,0.90046
403,51,1198.58,603.04,146.86,216.23,1,1,0.93065
403,58,321.34,350.74,85.57,209.8,1,1,0.95405
403,32,1497.53,285.42,96.71,198.37,1,1,0.8684
403,53,1181.58,348.45,74.75,203.26,1,1,0.89343
403,61,1253.11,337.48,58.26,198.14,1,1,0.89135
403,64,298.9,565.08,99.99,236.14,1,1,0.95122
403,22,1372.24,272.53,74.43,189.84,1,1,0.90515
403,65,612.93,314.16,87.9,195.33,1,1,0.92023
403,0,1035.89,338.66,87.89,166.76,1,1,0.88999
403,67,1113.77,351.98,73.28,188.54,1,1,0.78036
403,68,-0.27,381.81,63.33,219.37,1,1,0.95887
403,54,1332.92,363.86,63.48,196.0,1,1,0.87165
403,50,1125.94,291.41,63.77,180.42,1,1,0.71688
403,59,1897.82,334.8,21.02,171.91,1,1,0.64846
404,42,742.08,381.6,89.11,203.24,1,1,0.88252
404,10,949.3,374.83,100.12,207.69,1,1,0.90559
404,39,1285.57,397.53,83.97,213.9,1,1,0.89341
404,51,1188.2,603.09,145.62,216.07,1,1,0.93323
404,58,322.69,350.13,84.79,209.84,1,1,0.95529
404,32,1496.4,285.25,90.0,198.1,1,1,0.8627
404,53,1181.92,347.52,74.27,202.22,1,1,0.8877
404,61,1252.05,336.93,58.91,196.66,1,1,0.88103
404,64,294.52,563.44,90.33,237.01,1,1,0.9516
404,22,1370.99,271.87,73.99,190.04,1,1,0.89618
404,65,614.01,313.31,84.39,195.52,1,1,0.91002
404,0,1028.99,336.93,85.1,169.13,1,1,0.90254
404,67,1119.04,341.16,68.35,197.94,1,1,0.67448
404,68,-0.48,381.5,73.6,219.0,1,1,0.95964
404,54,1332.75,363.28,65.97,196.96,1,1,0.87476
405,42,741.42,378.53,90.73,204.82,1,1,0.87654
405,10,945.67,373.87,106.98,207.68,1,1,0.91171
405,39,1278.8,393.89,84.63,216.02,1,1,0.89636
405,51,1177.58,600.71,139.84,216.75,1,1,0.92568
405,58,324.86,348.74,83.45,209.81,1,1,0.95503
405,32,1495.02,283.65,90.01,198.47,1,1,0.88081
405,53,1185.3,345.86,72.14,201.5,1,1,0.89466
405,61,1251.53,335.01,59.71,196.57,1,1,0.87941
405,64,289.92,560.71,83.3,237.83,1,1,0.95128
405,22,1371.05,269.66,73.1,189.03,1,1,0.882
405,65,615.29,310.39,78.19,197.01,1,1,0.89601
405,0,1022.18,333.81,86.84,171.83,1,1,0.91052
405,67,1116.41,336.67,71.9,202.31,1,1,0.84457
405,68,-0.28,381.1,86.37,218.25,1,1,0.95773
405,54,1333.91,358.37,69.98,201.2,1,1,0.88658
405,50,1124.12,286.9,66.01,185.99,1,1,0.71497
406,42,740.8,377.13,92.55,204.38,1,1,0.87827
406,10,943.39,372.69,112.09,207.25,1,1,0.9176
406,39,1271.89,389.02,85.53,219.62,1,1,0.89192
406,51,1164.99,597.84,132.2,218.05,1,1,0.90872
406,58,325.95,346.95,82.42,209.39,1,1,0.95624
406,32,1494.01,282.63,89.5,198.16,1,1,0.89072
406,53,1187.33,344.75,69.69,199.23,1,1,0.89604
406,61,1251.0,333.48,59.58,195.94,1,1,0.87461
406,64,285.13,558.13,81.43,238.64,1,1,0.94672
406,22,1370.73,267.27,70.34,189.43,1,1,0.85909
406,65,615.63,307.73,69.86,197.73,1,1,0.88348
406,0,1013.76,330.25,91.72,173.7,1,1,0.912
406,67,1109.64,339.05,77.49,199.47,1,1,0.87388
406,68,0.02,380.71,99.44,216.93,1,1,0.95531
406,54,1333.96,355.18,71.69,202.95,1,1,0.892
406,50,1124.25,285.53,65.42,183.29,1,1,0.74426
407,42,741.21,376.76,93.29,203.87,1,1,0.88087
407,10,941.01,372.19,115.64,207.14,1,1,0.91519
407,39,1267.94,388.28,83.53,219.56,1,1,0.89168
407,51,1152.96,594.82,124.94,220.77,1,1,0.91611
407,58,327.59,346.41,81.88,208.29,1,1,0.95505
407,32,1493.11,282.34,86.86,197.46,1,1,0.89951
407,53,1187.85,344.25,68.35,197.28,1,1,0.89435
407,61,1250.97,333.09,59.73,193.95,1,1,0.86963
407,64,280.2,557.06,82.47,238.93,1,1,0.94442
407,22,1370.83,265.23,68.05,193.08,1,1,0.85615
407,65,616.73,307.18,61.68,197.08,1,1,0.89556
407,0,1006.65,326.39,96.75,176.18,1,1,0.90579
407,67,1109.86,341.82,77.8,196.16,1,1,0.87167
407,68,1.18,381.56,109.48,214.88,1,1,0.95609
407,54,1332.93,353.13,73.21,203.97,1,1,0.8945
407,50,1122.59,284.83,65.11,176.96,1,1,0.72435
407,62,705.23,335.17,55.09,196.02,1,1,0.79014
408,42,740.48,376.21,91.86,203.64,1,1,0.87282
408,10,937.37,369.76,119.06,208.72,1,1,0.91304
408,39,1265.84,389.25,80.56,217.68,1,1,0.89173
408,51,1142.42,591.26,122.03,223.63,1,1,0.91589
408,58,328.05,345.85,81.82,207.57,1,1,0.9554
408,32,1490.72,282.35,84.98,196.68,1,1,0.9022
408,53,1188.87,343.43,66.31,196.49,1,1,0.90152
408,61,1250.32,332.62,60.43,191.34,1,1,0.86069
408,64,274.01,556.33,85.71,239.23,1,1,0.93963
408,22,1370.6,263.2,66.1,190.86,1,1,0.85588
408,65,614.78,305.92,57.91,196.91,1,1,0.91264
408,0,997.23,320.95,101.78,179.55,1,1,0.90616
408,67,1107.29,345.59,81.46,191.87,1,1,0.88917
408,68,2.46,382.15,115.83,213.92,1,1,0.95513
408,54,1331.84,351.26,75.63,205.56,1,1,0.89737
408,50,1119.68,284.33,64.79,156.62,1,1,0.7475
408,62,699.97,334.41,57.3,195.89,1,1,0.82323
409,42,737.87,375.23,91.48,204.28,1,1,0.87298
409,10,936.7,368.14,115.49,209.42,1,1,0.8919
409,39,1262.87,390.49,79.4,216.27,1,1,0.904
409,51,1130.33,586.74,124.6,227.1,1,1,0.90949
409,58,328.02,345.31,82.29,207.25,1,1,0.95515
409,32,1488.21,282.7,83.67,195.39,1,1,0.9021
409,53,1188.29,342.3,66.51,197.04,1,1,0.90645
409,61,1249.69,331.7,60.97,191.15,1,1,0.86737
409,64,264.1,556.18,92.38,239.0,1,1,0.93555
409,22,1370.64,261.41,63.07,189.09,1,1,0.86282
409,65,611.85,304.92,56.75,196.97,1,1,0.90883
409,0,988.15,314.86,106.24,181.9,1,1,0.89091
409,67,1101.35,347.66,87.46,189.52,1,1,0.89808
409,68,3.67,382.25,119.87,213.53,1,1,0.95504
409,54,1331.21,349.13,77.78,206.92,1,1,0.899
409,50,1117.69,284.16,63.85,145.06,1,1,0.77993
409,62,694.81,333.89,60.54,194.18,1,1,0.83137
410,42,736.87,375.14,91.39,204.52,1,1,0.87292
410,10,936.67,367.8,113.84,209.69,1,1,0.89155
410,39,1261.95,391.22,79.05,215.74,1,1,0.9042
410,51,1126.22,585.29,125.52,228.39,1,1,0.90935
410,58,327.97,345.4,82.5,207.12,1,1,0.95488
410,32,1487.32,283.09,83.18,194.89,1,1,0.90221
410,53,1188.08,342.14,66.62,197.28,1,1,0.90669
410,61,1249.5,331.61,61.15,191.16,1,1,0.86731
410,64,260.5,556.41,94.93,238.94,1,1,0.93548
410,22,1370.71,261.04,62.01,188.45,1,1,0.86274
410,65,610.93,304.85,56.43,196.95,1,1,0.90889
410,0,984.8,312.92,107.87,182.67,1,1,0.8908
410,67,1099.13,348.79,89.78,188.55,1,1,0.89837
410,68,4.26,382.56,121.34,213.39,1,1,0.95506
410,54,1330.97,348.62,78.57,207.41,1,1,0.89908
410,50,1117.08,284.31,63.41,140.9,1,1,0.78142
410,62,692.93,333.99,61.73,193.65,1,1,0.83196
411,42,736.51,375.13,91.39,204.6,1,1,0.87306
411,10,936.79,367.7,113.13,209.77,1,1,0.89151
411,39,1261.76,391.51,78.95,215.54,1,1,0.90424
411,51,1125.13,584.74,125.83,228.88,1,1,0.9096
411,58,327.89,345.45,82.59,207.09,1,1,0.95473
411,32,1487.03,283.22,82.96,194.72,1,1,0.90221
411,53,1187.94,342.09,66.72,197.39,1,1,0.90676
411,61,1249.47,331.62,61.2,191.14,1,1,0.86749
411,64,259.36,556.53,95.93,238.9,1,1,0.93519
411,22,1370.74,260.92,61.68,188.26,1,1,0.86287
411,65,610.68,304.89,56.37,196.9,1,1,0.90918
411,0,983.75,312.31,108.44,182.84,1,1,0.89109
411,67,1098.36,349.26,90.59,188.16,1,1,0.89825
411,68,4.51,382.66,121.75,213.38,1,1,0.95514
411,54,1330.83,348.46,78.79,207.54,1,1,0.89918
411,50,1116.88,284.31,63.28,139.61,1,1,0.78114
411,62,692.26,334.05,62.17,193.5,1,1,0.83221
412,42,736.42,375.13,91.38,204.62,1,1,0.87272
412,10,936.95,367.7,112.93,209.76,1,1,0.8921
412,39,1261.84,391.63,78.91,215.45,1,1,0.90426
412,51,1125.14,584.55,125.9,229.02,1,1,0.90944
412,58,327.8,345.48,82.64,207.07,1,1,0.9548
412,32,1486.92,283.26,82.93,194.67,1,1,0.90233
412,53,1187.87,342.07,66.76,197.45,1,1,0.90673
412,61,1249.47,331.62,61.21,191.12,1,1,0.86723
412,64,259.12,556.58,96.29,238.89,1,1,0.93508
412,22,1370.77,260.91,61.6,188.18,1,1,0.86278
412,65,610.65,304.92,56.39,196.87,1,1,0.90945
412,0,983.58,312.22,108.54,182.82,1,1,0.89099
412,67,1098.15,349.5,90.86,187.96,1,1,0.89831
412,68,4.63,382.67,121.72,213.4,1,1,0.95511
412,54,1330.74,348.42,78.88,207.55,1,1,0.89903
412,50,1116.82,284.26,63.23,139.25,1,1,0.7811
412,62,692.06,334.07,62.31,193.5,1,1,0.83206
413,42,736.37,375.15,91.43,204.6,1,1,0.87329
413,10,937.17,367.74,112.81,209.72,1,1,0.89206
413,39,1262.0,391.63,78.91,215.48,1,1,0.90433
413,51,1125.47,584.47,125.91,229.08,1,1,0.90987
413,58,327.71,345.48,82.7,207.11,1,1,0.95466
413,32,1486.93,283.24,82.91,194.69,1,1,0.90222
413,53,1187.8,342.07,66.81,197.48,1,1,0.90676
413,61,1249.5,331.6,61.21,191.02,1,1,0.86722
413,64,259.17,556.62,96.46,238.88,1,1,0.93499
413,22,1370.79,260.92,61.59,188.2,1,1,0.86291
413,65,610.69,304.92,56.45,196.88,1,1,0.90944
413,0,983.73,312.31,108.56,182.76,1,1,0.8911
413,67,1098.14,349.62,90.96,187.87,1,1,0.8984
413,68,4.7,382.67,121.51,213.44,1,1,0.9551
413,54,1330.69,348.49,78.81,207.44,1,1,0.89917
413,50,1116.82,284.19,63.23,139.31,1,1,0.78147
413,62,692.05,334.09,62.35,193.48,1,1,0.83212
414,42,736.37,375.16,91.46,204.59,1,1,0.87313
414,10,937.32,367.77,112.84,209.71,1,1,0.8924
414,39,1262.16,391.64,78.93,215.47,1,1,0.9043
414,51,1125.92,584.46,125.83,229.05,1,1,0.90962
414,58,327.63,345.51,82.71,207.11,1,1,0.95464
414,32,1486.95,283.22,82.91,194.7,1,1,0.9022
414,53,1187.76,342.08,66.83,197.49,1,1,0.90674
414,61,1249.52,331.64,61.18,190.97,1,1,0.86759
414,64,259.39,556.64,96.47,238.86,1,1,0.93495
414,22,1370.8,260.95,61.62,188.19,1,1,0.86293
414,65,610.75,304.94,56.51,196.87,1,1,0.90935
414,0,984.0,312.44,108.48,182.68,1,1,0.89085
414,67,1098.2,349.71,90.95,187.79,1,1,0.89837
414,68,4.72,382.65,121.3,213.48,1,1,0.95511
414,54,1330.64,348.54,78.73,207.36,1,1,0.89921
414,50,1116.84,284.12,63.22,139.48,1,1,0.78098
414,62,692.11,334.11,62.34,193.5,1,1,0.83208
415,42,736.39,375.18,91.47,204.58,1,1,0.87309
415,10,937.47,367.79,112.83,209.71,1,1,0.89254
415,39,1262.29,391.65,78.97,215.47,1,1,0.90429
415,51,1126.36,584.48,125.79,229.01,1,1,0.90966
415,58,327.57,345.53,82.73,207.11,1,1,0.95466
415,32,1486.97,283.21,82.92,194.71,1,1,0.90224
415,53,1187.72,342.09,66.85,197.51,1,1,0.90674
415,61,1249.54,331.67,61.16,190.96,1,1,0.86757
415,64,259.62,556.67,96.45,238.85,1,1,0.93494
415,22,1370.81,260.98,61.66,188.19,1,1,0.86282
415,65,610.81,304.95,56.57,196.86,1,1,0.90939
415,0,984.29,312.6,108.38,182.6,1,1,0.89078
415,67,1098.29,349.79,90.89,187.72,1,1,0.89835
415,68,4.74,382.63,121.05,213.52,1,1,0.95513
415,54,1330.6,348.59,78.71,207.29,1,1,0.89911
415,50,1116.87,284.06,63.22,139.64,1,1,0.78051
415,62,692.17,334.14,62.33,193.54,1,1,0.8321
416,42,736.42,375.19,91.47,204.57,1,1,0.8731
416,10,937.61,367.8,112.74,209.7,1,1,0.89237
416,39,1262.43,391.66,78.98,215.46,1,1,0.90429
416,51,1126.77,584.49,125.75,228.98,1,1,0.9096
416,58,327.51,345.55,82.74,207.12,1,1,0.95465
416,32,1486.99,283.2,82.92,194.73,1,1,0.90222
416,53,1187.69,342.1,66.87,197.52,1,1,0.90675
416,61,1249.56,331.69,61.16,190.97,1,1,0.86756
416,64,259.83,556.69,96.43,238.85,1,1,0.93497
416,22,1370.82,261.0,61.7,188.2,1,1,0.86291
416,65,610.86,304.96,56.62,196.87,1,1,0.90931
416,0,984.59,312.76,108.27,182.49,1,1,0.89082
416,67,1098.38,349.84,90.81,187.68,1,1,0.89835
416,68,4.76,382.61,120.79,213.55,1,1,0.95508
416,54,1330.57,348.63,78.66,207.23,1,1,0.89918
416,50,1116.89,284.01,63.23,139.75,1,1,0.78109
416,62,692.24,334.15,62.31,193.57,1,1,0.83201
417,42,736.44,375.18,91.48,204.57,1,1,0.87323
417,10,937.75,367.82,112.5,209.68,1,1,0.89182
417,39,1262.55,391.67,79.01,215.44,1,1,0.90434
417,51,1127.13,584.5,125.71,228.96,1,1,0.90975
417,58,327.45,345.55,82.77,207.13,1,1,0.9547
417,32,1487.01,283.19,82.92,194.73,1,1,0.90217
417,53,1187.68,342.1,66.88,197.53,1,1,0.90678
417,61,1249.57,331.7,61.17,190.98,1,1,0.86742
417,64,260.0,556.7,96.44,238.85,1,1,0.93502
417,22,1370.82,261.02,61.75,188.2,1,1,0.86291
417,65,610.91,304.96,56.68,196.88,1,1,0.90951
417,0,984.85,312.89,108.21,182.39,1,1,0.89099
417,67,1098.47,349.87,90.76,187.66,1,1,0.89841
417,68,4.78,382.59,120.54,213.58,1,1,0.95509
417,54,1330.53,348.67,78.65,207.17,1,1,0.89919
417,50,1116.9,283.95,63.26,139.84,1,1,0.78178
417,62,692.29,334.15,62.3,193.61,1,1,0.83196
418,42,736.46,375.19,91.48,204.58,1,1,0.87335
418,10,937.83,367.83,112.69,209.69,1,1,0.8927
418,39,1262.65,391.67,79.04,215.44,1,1,0.90426
418,51,1127.46,584.52,125.75,228.93,1,1,0.90966
418,58,327.41,345.57,82.78,207.14,1,1,0.95464
418,32,1487.03,283.18,82.94,194.75,1,1,0.90236
418,53,1187.64,342.11,66.91,197.55,1,1,0.90671
418,61,1249.57,331.74,61.17,191.05,1,1,0.86776
418,64,260.19,556.72,96.41,238.85,1,1,0.93485
418,22,1370.82,261.05,61.8,188.2,1,1,0.86282
418,65,610.95,304.97,56.72,196.88,1,1,0.90941
418,0,985.09,313.01,108.12,182.32,1,1,0.89076
418,67,1098.54,349.92,90.7,187.6,1,1,0.89838
418,68,4.82,382.57,120.32,213.6,1,1,0.95512
418,54,1330.5,348.71,78.66,207.11,1,1,0.89914
418,50,1116.91,283.89,63.28,140.1,1,1,0.78028
418,62,692.35,334.2,62.28,193.63,1,1,0.83259
419,42,736.48,375.21,91.47,204.57,1,1,0.87321
419,10,937.98,367.85,112.49,209.66,1,1,0.89189
419,39,1262.77,391.7,79.06,215.41,1,1,0.90433
419,51,1127.78,584.52,125.76,228.91,1,1,0.90974
419,58,327.37,345.58,82.8,207.18,1,1,0.95463
419,32,1487.05,283.17,82.94,194.76,1,1,0.90248
419,53,1187.62,342.11,66.96,197.57,1,1,0.90677
419,61,1249.57,331.77,61.17,191.14,1,1,0.86784
419,64,260.32,556.73,96.44,238.84,1,1,0.935
419,22,1370.82,261.07,61.83,188.21,1,1,0.86277
419,65,611.0,304.97,56.75,196.89,1,1,0.90936
419,0,985.33,313.12,108.07,182.22,1,1,0.89101
419,67,1098.6,349.93,90.62,187.6,1,1,0.89845
419,68,4.84,382.56,120.11,213.62,1,1,0.95498
419,54,1330.45,348.74,78.71,207.05,1,1,0.89905
419,50,1116.89,283.83,63.3,140.11,1,1,0.78165
419,62,692.4,334.28,62.28,193.67,1,1,0.83261
442,70,1.36,-0.09,398.14,1077.67,1,1,0.74258
443,70,1.0,-0.23,397.0,1077.63,1,1,0.77684
443,71,1259.78,1.62,489.5,1074.64,1,1,0.72613
444,70,0.8,-0.12,396.46,1077.6,1,1,0.7855
444,71,1266.82,0.22,479.94,1076.38,1,1,0.82908
446,72,854.05,-0.12,116.63,240.9,1,1,0.79115
447,72,857.37,0.18,113.19,243.56,1,1,0.79119
447,74,626.59,6.49,104.94,267.34,1,1,0.77749
447,71,1285.02,4.66,462.93,1070.89,1,1,0.68311
448,72,860.07,0.46,117.13,243.49,1,1,0.85644
448,74,634.45,11.83,100.72,271.06,1,1,0.82669
448,75,991.2,1.35,116.66,239.28,1,1,0.65228
449,72,864.49,0.49,134.47,239.36,1,1,0.84837
449,74,651.53,16.54,87.71,272.89,1,1,0.72737
449,75,1002.58,0.97,109.57,239.19,1,1,0.73905
450,72,873.11,0.84,136.93,240.16,1,1,0.86551
450,75,1013.04,0.95,109.23,235.16,1,1,0.81737
