38,0,1670.93,588.59,58.65,133.15,1,1,0.91246
38,1,1504.09,653.81,64.2,132.14,1,1,0.90626
38,2,1355.49,266.08,82.52,111.2,1,1,0.90021
38,3,1106.85,533.21,101.56,82.12,1,1,0.89894
38,4,1210.98,717.56,83.11,110.63,1,1,0.89835
38,5,635.5,689.91,70.66,126.77,1,1,0.89417
38,6,1255.73,90.97,52.75,106.26,1,1,0.89287
38,7,1369.23,101.56,76.02,97.36,1,1,0.89261
38,8,503.06,285.06,48.44,120.01,1,1,0.89126
38,9,1019.58,735.8,92.12,122.71,1,1,0.88938
38,10,842.72,546.5,66.34,133.11,1,1,0.88687
38,11,1272.55,499.03,73.35,92.81,1,1,0.88197
38,12,1028.57,248.17,54.05,116.77,1,1,0.87674
38,13,1075.84,650.49,89.89,74.66,1,1,0.8663
38,14,1490.95,563.01,54.08,118.96,1,1,0.86642
38,15,1156.71,468.35,83.01,80.5,1,1,0.86091
38,16,1240.78,548.35,69.92,85.76,1,1,0.85976
38,17,1204.23,580.97,73.52,64.16,1,1,0.85314
38,18,862.14,514.69,67.66,112.83,1,1,0.8518
38,19,1060.43,713.35,89.55,88.93,1,1,0.83337
38,20,1209.16,627.33,80.2,62.66,1,1,0.81716
38,21,1217.52,661.31,73.98,74.56,1,1,0.79938
39,0,1670.89,588.58,58.66,133.16,1,1,0.91254
39,1,1504.13,653.83,64.2,132.14,1,1,0.90618
39,2,1355.49,266.07,82.46,111.21,1,1,0.89973
39,3,1106.84,533.22,101.57,82.08,1,1,0.89887
39,4,1211.01,717.56,83.1,110.62,1,1,0.89834
39,5,635.46,689.89,70.73,126.75,1,1,0.89459
39,6,1255.77,90.95,52.68,106.26,1,1,0.89305
39,7,1369.18,101.56,76.0,97.35,1,1,0.89268
39,8,503.28,285.18,48.44,120.04,1,1,0.8909
39,9,1019.54,735.98,92.11,122.52,1,1,0.88883
39,10,842.75,546.55,66.52,133.03,1,1,0.88664
39,11,1272.52,499.04,73.37,92.77,1,1,0.88176
39,12,1029.97,248.67,53.27,118.12,1,1,0.87701
39,13,1076.0,650.49,89.76,74.63,1,1,0.86591
39,14,1490.98,562.98,54.03,119.0,1,1,0.86526
39,15,1156.48,468.4,83.23,80.49,1,1,0.86001
39,16,1240.85,548.35,69.85,85.25,1,1,0.8586
39,17,1204.27,580.98,73.58,64.15,1,1,0.8534
39,18,862.21,514.35,67.65,112.85,1,1,0.85164
39,19,1060.41,713.4,89.49,88.84,1,1,0.83285
39,20,1209.14,627.35,80.22,62.7,1,1,0.8165
39,21,1217.48,661.3,73.98,74.46,1,1,0.80238
40,0,1670.9,588.56,58.65,133.17,1,1,0.91216
40,1,1504.18,653.86,64.2,132.09,1,1,0.90583
40,2,1355.62,266.07,82.37,111.09,1,1,0.89904
40,3,1106.9,533.24,101.44,82.04,1,1,0.89865
40,4,1211.04,717.5,83.09,110.77,1,1,0.8981
40,5,635.47,689.92,70.74,126.68,1,1,0.8939
40,6,1255.71,90.94,52.66,106.33,1,1,0.89347
40,7,1369.2,101.54,75.93,97.37,1,1,0.89254
40,8,503.39,285.63,48.4,119.85,1,1,0.88953
40,9,1019.58,736.27,91.98,122.22,1,1,0.88872
40,10,842.79,546.6,66.6,133.07,1,1,0.8862
40,11,1272.54,499.01,73.4,92.78,1,1,0.88152
40,12,1031.22,249.08,52.9,119.62,1,1,0.8795
40,13,1076.03,650.48,89.78,74.63,1,1,0.86565
40,14,1491.09,562.96,53.98,118.92,1,1,0.86509
40,15,1156.58,468.36,83.23,80.67,1,1,0.86012
40,16,1240.96,548.35,69.75,85.02,1,1,0.85873
40,17,1204.39,581.0,73.57,64.13,1,1,0.85278
40,18,862.19,514.11,67.8,113.41,1,1,0.84994
40,19,1060.31,713.34,89.62,88.94,1,1,0.83462
40,20,1209.28,627.37,80.13,62.71,1,1,0.81539
40,21,1217.56,661.33,73.95,74.61,1,1,0.79696
41,0,1670.89,588.54,58.69,133.28,1,1,0.91222
41,1,1504.25,653.88,64.14,132.15,1,1,0.90588
41,2,1355.57,266.14,82.43,111.06,1,1,0.89898
41,3,1106.96,533.26,101.47,82.06,1,1,0.8986
41,4,1211.02,717.41,83.1,110.93,1,1,0.89787
41,5,635.56,689.89,70.74,126.75,1,1,0.89413
41,6,1255.74,90.9,52.64,106.39,1,1,0.89334
41,7,1369.18,101.5,76.02,97.46,1,1,0.89267
41,8,503.38,285.79,48.5,119.71,1,1,0.89005
41,9,1019.69,736.36,91.96,122.07,1,1,0.88894
41,10,842.84,546.73,66.59,132.89,1,1,0.88577
41,11,1272.58,499.0,73.36,92.7,1,1,0.88119
41,12,1032.72,249.63,52.23,120.52,1,1,0.88115
41,13,1076.1,650.48,89.71,74.59,1,1,0.86618
41,14,1491.2,562.92,53.86,118.95,1,1,0.86432
41,15,1156.28,468.33,83.59,80.81,1,1,0.85949
41,16,1241.02,548.33,69.74,85.23,1,1,0.85913
41,17,1204.52,580.99,73.53,64.14,1,1,0.85188
41,18,862.2,514.07,67.89,113.43,1,1,0.84847
41,19,1060.34,713.28,89.86,88.94,1,1,0.83458
41,20,1209.41,627.35,80.05,62.73,1,1,0.81589
41,21,1217.6,661.3,73.88,74.2,1,1,0.80607
42,0,1670.96,588.52,58.64,133.21,1,1,0.91184
42,1,1504.28,653.88,64.16,132.16,1,1,0.9062
42,2,1355.5,266.2,82.55,111.05,1,1,0.89853
42,3,1106.95,533.36,101.5,81.99,1,1,0.89794
42,4,1211.08,717.39,83.1,110.9,1,1,0.89755
42,5,635.69,689.88,70.77,126.74,1,1,0.89305
42,6,1255.7,90.8,52.66,106.5,1,1,0.89289
42,7,1369.25,101.54,76.05,97.42,1,1,0.89203
42,8,503.48,285.93,48.59,119.64,1,1,0.89017
42,9,1019.46,736.39,92.37,122.03,1,1,0.88811
42,10,842.95,546.84,66.5,132.74,1,1,0.88487
42,11,1272.64,499.01,73.34,92.66,1,1,0.88106
42,12,1034.5,250.49,51.69,121.39,1,1,0.8811
42,13,1076.12,650.5,89.66,74.65,1,1,0.8654
42,14,1491.28,562.83,53.82,118.96,1,1,0.86381
42,15,1156.34,468.28,83.75,80.74,1,1,0.85956
42,16,1241.04,548.29,69.81,85.15,1,1,0.85931
42,17,1204.6,580.98,73.52,64.19,1,1,0.85196
42,18,862.29,513.41,68.02,115.06,1,1,0.8505
42,19,1060.44,713.37,89.78,88.71,1,1,0.83328
42,20,1209.49,627.29,80.0,62.77,1,1,0.81714
42,21,1217.66,661.31,73.87,73.92,1,1,0.80672
43,0,1671.02,588.53,58.59,133.18,1,1,0.9117
43,1,1504.24,653.88,64.23,132.15,1,1,0.90651
43,2,1355.36,266.27,82.57,111.02,1,1,0.89886
43,3,1107.05,533.42,101.5,81.95,1,1,0.89758
43,4,1211.09,717.38,83.03,110.91,1,1,0.89785
43,5,635.68,689.88,70.84,126.79,1,1,0.89366
43,6,1255.71,90.79,52.6,106.46,1,1,0.89295
43,7,1369.27,101.56,76.12,97.41,1,1,0.89241
43,8,503.52,286.05,48.65,119.75,1,1,0.89088
43,9,1019.38,736.28,92.75,122.11,1,1,0.88866
43,10,843.04,546.99,66.45,132.58,1,1,0.88451
43,11,1272.63,499.02,73.31,92.59,1,1,0.88171
43,12,1035.58,251.56,51.24,122.11,1,1,0.88162
43,13,1076.14,650.5,89.62,74.61,1,1,0.86605
43,14,1491.3,562.72,53.69,119.06,1,1,0.86404
43,15,1156.85,468.25,83.34,80.56,1,1,0.86071
43,16,1240.95,548.22,69.94,85.16,1,1,0.8599
43,17,1204.64,580.96,73.44,64.19,1,1,0.8525
43,18,862.42,512.99,68.07,115.79,1,1,0.85081
43,19,1060.59,713.39,89.67,88.56,1,1,0.83341
43,20,1209.5,627.23,79.96,62.8,1,1,0.81733
43,21,1217.61,661.35,73.9,73.74,1,1,0.80809
44,0,1671.02,588.57,58.58,133.16,1,1,0.91193
44,1,1504.25,653.88,64.23,132.13,1,1,0.9062
44,2,1355.23,266.26,82.65,111.04,1,1,0.89852
44,3,1107.0,533.43,101.66,81.97,1,1,0.89737
44,4,1211.07,717.27,83.0,111.02,1,1,0.89706
44,5,635.72,689.84,70.88,126.85,1,1,0.89374
44,6,1255.67,90.71,52.63,106.55,1,1,0.89358
44,7,1369.29,101.58,76.09,97.35,1,1,0.89239
44,8,503.45,286.32,48.77,119.96,1,1,0.89121
44,9,1019.4,736.25,93.05,122.24,1,1,0.88854
44,10,843.02,547.06,66.36,132.6,1,1,0.88346
44,11,1272.59,499.03,73.35,92.59,1,1,0.88116
44,12,1036.08,252.7,51.57,121.71,1,1,0.87936
44,13,1076.14,650.51,89.66,74.6,1,1,0.86556
44,14,1491.3,562.69,53.66,119.0,1,1,0.8633
44,15,1156.94,468.23,83.25,80.49,1,1,0.85851
44,16,1240.98,548.2,69.95,85.03,1,1,0.85882
44,17,1204.6,580.92,73.47,64.23,1,1,0.85154
44,18,862.51,512.53,68.09,116.78,1,1,0.85171
44,19,1060.61,713.36,89.66,88.45,1,1,0.8325
44,20,1209.49,627.21,79.97,62.71,1,1,0.81696
44,21,1217.52,661.32,73.99,73.91,1,1,0.80306
45,0,1670.96,588.61,58.6,133.17,1,1,0.91258
45,1,1504.29,653.91,64.17,132.09,1,1,0.90645
45,2,1355.12,266.31,82.76,111.0,1,1,0.8987
45,3,1106.92,533.35,101.94,82.07,1,1,0.89759
45,4,1211.05,717.17,83.0,111.18,1,1,0.89701
45,5,635.69,689.94,70.91,126.7,1,1,0.89415
45,6,1255.67,90.66,52.65,106.61,1,1,0.89376
45,7,1369.28,101.58,76.03,97.27,1,1,0.8926
45,8,503.47,286.49,48.8,120.41,1,1,0.89168
45,9,1019.5,736.21,93.22,122.28,1,1,0.88875
45,10,843.1,547.1,66.32,132.54,1,1,0.8837
45,11,1272.55,499.05,73.36,92.54,1,1,0.88145
45,12,1037.15,253.16,51.07,121.33,1,1,0.88092
45,13,1076.0,650.54,89.77,74.53,1,1,0.86572
45,14,1491.36,562.7,53.64,118.89,1,1,0.86341
45,15,1156.97,468.2,83.2,80.36,1,1,0.85774
45,16,1241.03,548.19,69.91,85.12,1,1,0.85942
45,17,1204.61,580.9,73.44,64.2,1,1,0.85127
45,18,862.37,512.32,68.17,116.63,1,1,0.85138
45,19,1060.48,713.26,89.83,88.51,1,1,0.83236
45,20,1209.51,627.21,79.91,62.6,1,1,0.81808
45,21,1217.49,661.31,73.99,73.81,1,1,0.8072
46,0,1670.86,588.68,58.66,133.15,1,1,0.91198
46,1,1504.26,653.92,64.19,132.09,1,1,0.90594
46,2,1355.0,266.46,82.91,110.81,1,1,0.89805
46,3,1106.96,533.39,101.93,82.02,1,1,0.89702
46,4,1211.05,717.18,83.01,111.15,1,1,0.89707
46,5,635.66,689.92,70.96,126.67,1,1,0.89345
46,6,1255.66,90.62,52.66,106.63,1,1,0.89329
46,7,1369.29,101.56,76.03,97.3,1,1,0.89229
46,8,503.42,286.77,48.81,120.51,1,1,0.8905
46,9,1019.68,735.66,93.56,122.85,1,1,0.88873
46,10,843.09,547.22,66.3,132.47,1,1,0.88387
46,11,1272.6,499.04,73.33,92.56,1,1,0.88076
46,12,1037.95,253.75,50.59,120.94,1,1,0.87918
46,13,1075.95,650.59,89.82,74.55,1,1,0.86496
46,14,1491.37,562.75,53.69,118.84,1,1,0.86331
46,15,1156.97,468.26,83.11,80.26,1,1,0.85679
46,16,1241.05,548.2,69.89,85.11,1,1,0.85863
46,17,1204.62,580.89,73.44,64.19,1,1,0.85093
46,18,862.25,512.14,68.16,116.31,1,1,0.85212
46,19,1060.28,713.25,89.89,88.46,1,1,0.83136
46,20,1209.54,627.21,79.91,62.57,1,1,0.81802
46,21,1217.42,661.29,74.06,73.83,1,1,0.80494
47,0,1670.78,588.7,58.67,133.13,1,1,0.91201
47,1,1504.26,653.95,64.18,132.09,1,1,0.90605
47,2,1354.82,266.66,82.98,110.58,1,1,0.89802
47,3,1106.98,533.44,101.96,81.95,1,1,0.89654
47,4,1211.01,717.14,83.02,111.2,1,1,0.89675
47,5,635.67,689.91,71.01,126.58,1,1,0.89322
47,6,1255.66,90.61,52.7,106.66,1,1,0.89331
47,7,1369.3,101.56,76.02,97.35,1,1,0.89215
47,8,503.33,286.99,48.8,120.57,1,1,0.88942
47,9,1019.88,734.7,94.37,123.79,1,1,0.88906
47,10,843.05,547.29,66.43,132.47,1,1,0.88245
47,11,1272.53,499.06,73.4,92.55,1,1,0.88024
47,12,1038.83,254.1,49.85,120.56,1,1,0.88077
47,13,1075.98,650.61,89.82,74.6,1,1,0.86441
47,14,1491.18,562.68,53.93,118.99,1,1,0.86274
47,15,1157.07,468.32,83.01,80.18,1,1,0.85627
47,16,1241.02,548.22,69.89,85.12,1,1,0.85818
47,17,1204.6,580.88,73.45,64.18,1,1,0.85049
47,18,862.13,512.04,68.17,116.32,1,1,0.85122
47,19,1060.07,713.25,90.07,88.2,1,1,0.82965
47,20,1209.51,627.21,79.94,62.63,1,1,0.81679
47,21,1217.4,661.3,74.04,73.78,1,1,0.80615
48,0,1670.75,588.72,58.69,133.15,1,1,0.91193
48,1,1504.3,653.97,64.23,132.08,1,1,0.90557
48,2,1354.79,266.72,83.04,110.53,1,1,0.89863
48,3,1107.01,533.46,102.05,81.93,1,1,0.89667
48,4,1211.04,717.16,83.08,111.2,1,1,0.89686
48,5,635.53,689.86,71.24,126.59,1,1,0.89335
48,6,1255.65,90.58,52.71,106.76,1,1,0.89353
48,7,1369.32,101.54,76.11,97.39,1,1,0.89232
48,8,503.2,287.19,49.0,120.49,1,1,0.88906
48,9,1019.93,734.59,94.97,123.92,1,1,0.88977
48,10,843.08,547.17,66.73,132.61,1,1,0.88269
48,11,1272.68,499.04,73.39,92.73,1,1,0.88054
48,12,1038.66,254.11,50.38,120.89,1,1,0.87863
48,13,1076.0,650.72,89.87,74.45,1,1,0.86516
48,14,1490.57,562.6,54.59,119.08,1,1,0.86114
48,15,1156.81,468.3,83.3,80.12,1,1,0.85654
48,16,1241.08,548.22,69.92,85.13,1,1,0.85811
48,17,1204.61,580.89,73.52,64.17,1,1,0.85087
48,18,861.89,511.72,68.54,116.08,1,1,0.8474
48,19,1059.98,713.19,90.46,88.04,1,1,0.82641
48,20,1209.51,627.23,79.99,62.63,1,1,0.81665
48,21,1217.38,661.31,74.04,73.71,1,1,0.80613
49,0,1670.71,588.7,58.75,133.16,1,1,0.91206
49,1,1504.28,653.96,64.3,132.12,1,1,0.90573
49,2,1354.74,266.73,83.19,110.52,1,1,0.89909
49,3,1107.04,533.53,102.15,81.8,1,1,0.89624
49,4,1211.05,717.17,83.11,111.15,1,1,0.897
49,5,635.49,689.91,71.36,126.53,1,1,0.89287
49,6,1255.65,90.6,52.7,106.69,1,1,0.89392
49,7,1369.31,101.49,76.19,97.46,1,1,0.89251
49,8,503.12,287.45,49.26,120.1,1,1,0.88888
49,9,1020.06,734.56,95.49,123.97,1,1,0.89051
49,10,843.12,547.14,67.0,132.62,1,1,0.88268
49,11,1272.78,499.03,73.35,92.74,1,1,0.88063
49,12,1038.47,254.04,51.1,121.02,1,1,0.87903
49,13,1075.95,650.77,89.95,74.46,1,1,0.8647
49,14,1490.05,562.67,55.19,119.24,1,1,0.86265
49,15,1156.58,468.28,83.6,80.1,1,1,0.85596
49,16,1241.1,548.2,69.98,84.99,1,1,0.85804
49,17,1204.6,580.89,73.6,64.12,1,1,0.85107
49,18,861.79,511.41,68.99,115.08,1,1,0.84393
49,19,1059.92,713.13,90.91,87.88,1,1,0.82623
49,20,1209.42,627.23,80.08,62.68,1,1,0.81728
49,21,1217.36,661.32,74.11,73.86,1,1,0.80119
50,0,1670.72,588.7,58.84,133.19,1,1,0.91268
50,1,1504.19,653.92,64.45,132.16,1,1,0.90592
50,2,1354.84,266.63,83.32,110.74,1,1,0.89911
50,3,1107.2,533.61,102.26,81.66,1,1,0.89616
50,4,1211.11,717.2,83.18,111.14,1,1,0.89655
50,5,635.64,689.88,71.45,126.6,1,1,0.89321
50,6,1255.72,90.48,52.74,106.8,1,1,0.89364
50,7,1369.37,101.48,76.18,97.41,1,1,0.89243
50,8,503.13,287.82,49.26,119.69,1,1,0.88912
50,9,1020.16,734.58,96.05,124.02,1,1,0.89068
50,10,843.28,547.2,67.31,132.62,1,1,0.8838
50,11,1272.8,498.92,73.4,92.81,1,1,0.88083
50,12,1038.29,253.91,52.1,121.38,1,1,0.87813
50,13,1076.04,650.77,89.87,74.4,1,1,0.86513
50,14,1489.48,562.9,55.97,118.73,1,1,0.86066
50,15,1156.89,468.27,83.46,79.9,1,1,0.85624
50,16,1241.17,548.19,70.05,84.88,1,1,0.85786
50,17,1204.66,580.9,73.7,64.15,1,1,0.85042
50,18,861.79,511.24,69.18,114.06,1,1,0.84841
50,19,1060.04,713.06,91.46,87.58,1,1,0.82561
50,20,1209.55,627.23,80.11,62.74,1,1,0.81688
50,21,1217.5,661.2,74.2,74.08,1,1,0.79796
51,0,1670.67,588.72,58.91,133.13,1,1,0.91259
51,1,1504.15,653.8,64.57,132.26,1,1,0.90703
51,2,1354.79,266.65,83.41,110.79,1,1,0.8994
51,3,1107.29,533.74,102.31,81.53,1,1,0.8962
51,4,1211.01,717.2,83.28,111.16,1,1,0.89674
51,5,635.89,689.97,71.36,126.53,1,1,0.89349
51,6,1255.72,90.3,52.75,106.92,1,1,0.89383
51,7,1369.39,101.48,76.15,97.36,1,1,0.89283
51,8,503.21,288.1,49.24,119.33,1,1,0.8888
51,9,1020.39,734.39,96.29,124.27,1,1,0.89078
51,10,843.63,547.09,67.78,132.76,1,1,0.8855
51,11,1272.73,498.89,73.46,92.76,1,1,0.88096
51,12,1037.88,253.85,52.97,121.31,1,1,0.88016
51,13,1076.16,650.78,89.72,74.35,1,1,0.86532
51,14,1489.83,562.97,55.98,118.39,1,1,0.86289
51,15,1157.07,468.33,83.51,79.74,1,1,0.85691
51,16,1241.21,548.18,70.06,84.71,1,1,0.85814
51,17,1204.76,580.95,73.69,64.17,1,1,0.85047
51,18,861.63,511.05,69.43,112.65,1,1,0.84637
51,19,1060.18,712.93,91.69,87.41,1,1,0.82415
51,20,1209.6,627.25,80.15,62.88,1,1,0.81542
51,21,1217.69,661.13,74.16,74.25,1,1,0.80074
52,0,1670.58,588.71,58.82,133.06,1,1,0.91249
52,1,1504.01,653.77,64.58,132.25,1,1,0.90598
52,2,1354.91,266.69,83.26,110.65,1,1,0.89607
52,3,1107.21,533.75,102.5,81.57,1,1,0.89374
52,4,1210.96,717.11,83.35,111.32,1,1,0.89519
52,5,635.95,690.02,71.45,126.57,1,1,0.89252
52,6,1255.61,90.13,52.76,107.04,1,1,0.89146
52,7,1369.57,101.47,76.14,97.35,1,1,0.89052
52,8,503.25,288.44,49.32,118.87,1,1,0.88683
52,9,1020.33,734.48,96.22,124.26,1,1,0.89008
52,10,843.76,547.1,68.18,132.85,1,1,0.8839
52,11,1272.74,498.75,73.7,93.04,1,1,0.87935
52,12,1037.03,253.88,54.38,121.51,1,1,0.87633
52,13,1076.14,650.7,89.8,74.47,1,1,0.86381
52,14,1490.81,562.94,55.35,117.84,1,1,0.86083
52,15,1157.48,468.27,83.22,79.63,1,1,0.85596
52,16,1241.31,548.2,70.06,84.64,1,1,0.85677
52,17,1204.74,580.89,73.71,64.39,1,1,0.84783
52,18,861.6,510.79,69.64,110.92,1,1,0.84352
52,19,1060.08,712.73,91.91,87.97,1,1,0.825
52,20,1209.57,627.17,80.18,62.85,1,1,0.8166
52,21,1217.54,660.97,74.01,74.11,1,1,0.80446
53,0,1670.62,588.71,58.75,132.92,1,1,0.91279
53,1,1504.15,653.72,64.5,132.25,1,1,0.90586
53,2,1355.12,266.68,83.34,110.74,1,1,0.8965
53,3,1107.19,533.72,102.69,81.59,1,1,0.89295
53,4,1211.06,717.07,83.34,111.41,1,1,0.89511
53,5,636.14,690.14,71.45,126.41,1,1,0.89181
53,6,1255.69,90.02,52.69,107.18,1,1,0.89141
53,7,1369.79,101.48,76.05,97.31,1,1,0.8903
53,8,503.41,288.77,49.38,118.54,1,1,0.88713
53,9,1020.54,734.72,95.87,124.08,1,1,0.88921
53,10,844.18,547.21,68.33,132.79,1,1,0.88506
53,11,1272.76,498.73,73.83,93.22,1,1,0.87866
53,12,1036.54,254.1,55.51,121.19,1,1,0.87593
53,13,1076.26,650.67,89.77,74.5,1,1,0.8634
53,14,1491.67,562.95,54.76,117.63,1,1,0.86123
53,15,1158.23,468.18,82.53,79.79,1,1,0.8565
53,16,1241.5,548.22,69.98,84.34,1,1,0.85551
53,17,1204.86,580.82,73.73,64.61,1,1,0.84654
53,18,861.57,510.61,69.94,109.7,1,1,0.84511
53,19,1060.08,712.59,91.78,88.52,1,1,0.82544
53,20,1209.74,627.13,80.14,62.95,1,1,0.81486
53,21,1217.65,660.99,73.87,74.18,1,1,0.80128
54,0,1670.7,588.76,58.73,132.88,1,1,0.91238
54,1,1504.2,653.76,64.51,132.3,1,1,0.9055
54,2,1355.22,266.74,83.42,110.66,1,1,0.89567
54,3,1107.25,533.8,102.76,81.45,1,1,0.89307
54,4,1211.2,717.08,83.3,111.48,1,1,0.89504
54,5,636.32,690.27,71.47,126.34,1,1,0.89216
54,6,1255.74,89.96,52.67,107.36,1,1,0.89102
54,7,1369.94,101.6,76.11,97.23,1,1,0.89013
54,8,503.4,289.22,49.49,118.14,1,1,0.88584
54,9,1020.56,734.93,95.66,123.91,1,1,0.8891
54,10,844.37,547.41,68.76,132.64,1,1,0.88518
54,11,1272.73,498.74,73.94,93.25,1,1,0.8787
54,12,1035.29,254.25,57.38,121.07,1,1,0.8754
54,13,1076.29,650.71,89.76,74.55,1,1,0.86337
54,14,1491.96,562.93,54.42,117.51,1,1,0.86115
54,15,1158.64,468.22,82.21,79.85,1,1,0.85724
54,16,1241.6,548.27,70.04,84.25,1,1,0.85591
54,17,1204.95,580.75,73.8,64.78,1,1,0.84637
54,18,861.7,510.32,70.16,108.64,1,1,0.84474
54,19,1060.16,712.59,91.53,88.96,1,1,0.82686
54,20,1209.85,627.09,80.14,62.96,1,1,0.81737
54,21,1217.78,661.04,73.9,74.13,1,1,0.80196
55,0,1670.71,588.82,58.76,132.8,1,1,0.91201
55,1,1504.2,653.78,64.55,132.35,1,1,0.90521
55,2,1355.15,266.8,83.7,110.56,1,1,0.89596
55,3,1107.21,533.91,102.95,81.37,1,1,0.89287
55,4,1211.33,717.13,83.19,111.48,1,1,0.89419
55,5,636.4,690.32,71.42,126.25,1,1,0.891
55,6,1255.73,89.91,52.64,107.43,1,1,0.89094
55,7,1370.0,101.69,76.13,97.1,1,1,0.89001
55,8,503.38,289.58,49.53,117.77,1,1,0.88478
55,9,1020.59,734.93,95.49,123.84,1,1,0.88925
55,10,844.53,547.47,69.08,132.65,1,1,0.88461
55,11,1272.72,498.71,73.96,93.29,1,1,0.87901
55,12,1034.99,254.56,58.35,120.77,1,1,0.87541
55,13,1076.26,650.77,89.71,74.56,1,1,0.86338
55,14,1491.92,562.87,54.29,117.48,1,1,0.86083
55,15,1158.56,468.25,82.33,79.74,1,1,0.85575
55,16,1241.65,548.32,70.03,83.97,1,1,0.85598
55,17,1204.92,580.74,73.9,64.78,1,1,0.84514
55,18,861.78,509.95,70.32,107.88,1,1,0.84162
55,19,1060.11,712.69,91.3,89.05,1,1,0.82662
55,20,1210.02,627.16,80.0,62.73,1,1,0.81957
55,21,1217.81,661.02,73.97,74.04,1,1,0.8021
56,0,1670.82,588.81,58.91,132.93,1,1,0.91202
56,1,1504.35,653.72,64.47,132.41,1,1,0.90532
56,2,1355.15,266.88,83.76,110.38,1,1,0.89583
56,3,1107.19,534.0,103.1,81.17,1,1,0.89317
56,4,1211.57,717.2,83.12,111.48,1,1,0.89455
56,5,636.6,690.53,71.44,126.06,1,1,0.89095
56,6,1255.76,89.82,52.67,107.49,1,1,0.89108
56,7,1370.17,101.7,76.05,97.08,1,1,0.8898
56,8,503.63,289.89,49.57,117.53,1,1,0.88452
56,9,1020.75,734.93,95.48,123.76,1,1,0.88941
56,10,844.74,547.69,69.23,132.33,1,1,0.8849
56,11,1272.84,498.69,73.86,93.11,1,1,0.88017
56,12,1035.62,254.88,58.18,120.38,1,1,0.87709
56,13,1076.32,650.8,89.67,74.76,1,1,0.86346
56,14,1491.69,562.85,54.24,117.61,1,1,0.86139
56,15,1158.51,468.22,82.51,79.84,1,1,0.85536
56,16,1241.83,548.34,70.02,83.7,1,1,0.85588
56,17,1204.99,580.71,74.02,64.77,1,1,0.84602
56,18,862.14,509.6,70.26,107.71,1,1,0.84577
56,19,1060.2,712.79,90.78,89.3,1,1,0.82825
56,20,1210.22,627.15,79.87,62.49,1,1,0.82112
56,21,1217.8,661.02,74.27,74.12,1,1,0.79596
57,0,1670.94,588.8,59.0,132.92,1,1,0.91309
57,1,1504.38,653.78,64.54,132.27,1,1,0.90656
57,2,1355.13,266.91,83.99,110.27,1,1,0.89739
57,3,1107.24,533.98,103.29,81.23,1,1,0.89524
57,4,1211.72,717.11,83.05,111.49,1,1,0.89539
57,5,636.82,690.79,71.4,125.71,1,1,0.89209
57,6,1255.73,89.73,52.67,107.41,1,1,0.89207
57,7,1370.31,101.68,76.07,97.12,1,1,0.8908
57,8,503.74,290.3,49.49,117.12,1,1,0.88567
57,9,1020.88,734.65,95.73,124.07,1,1,0.89022
57,10,845.17,547.71,69.21,132.24,1,1,0.8864
57,11,1272.85,498.71,73.8,92.95,1,1,0.88182
57,12,1036.24,255.03,57.99,120.09,1,1,0.87896
57,13,1076.13,650.85,89.8,74.97,1,1,0.86485
57,14,1491.31,562.78,54.37,117.68,1,1,0.86278
57,15,1158.3,468.19,82.82,79.84,1,1,0.85654
57,16,1241.98,548.39,70.04,83.61,1,1,0.85844
57,17,1205.11,580.74,73.99,64.66,1,1,0.84635
57,18,862.43,509.38,70.03,106.76,1,1,0.84793
57,19,1060.13,712.93,90.49,89.17,1,1,0.82958
57,20,1210.51,627.23,79.77,62.12,1,1,0.82506
57,21,1217.99,661.0,74.28,73.89,1,1,0.80328
58,0,1671.1,588.76,59.1,132.98,1,1,0.91266
58,1,1504.42,653.79,64.58,132.35,1,1,0.90635
58,2,1355.26,266.9,83.97,110.19,1,1,0.89654
58,3,1107.41,533.8,103.5,81.37,1,1,0.89437
58,4,1212.05,717.12,83.17,111.49,1,1,0.89554
58,5,637.1,690.93,71.65,125.4,1,1,0.89109
58,6,1255.92,89.62,52.61,107.58,1,1,0.89188
58,7,1370.54,101.67,76.02,97.12,1,1,0.89025
58,8,503.99,290.19,49.73,117.18,1,1,0.88431
58,9,1021.03,734.64,95.87,124.06,1,1,0.88933
58,10,845.56,547.8,69.06,132.14,1,1,0.88631
58,11,1273.19,498.68,73.4,92.8,1,1,0.88205
58,12,1037.25,255.11,57.52,119.84,1,1,0.88202
58,13,1076.23,650.85,89.94,75.24,1,1,0.8647
58,14,1491.16,562.74,54.44,117.75,1,1,0.86267
58,15,1158.39,468.14,83.02,79.96,1,1,0.8558
58,16,1242.42,548.53,69.89,83.31,1,1,0.85852
58,17,1205.34,580.75,73.91,64.56,1,1,0.84629
58,18,862.72,509.18,70.16,106.49,1,1,0.85279
58,19,1060.36,712.99,90.46,88.94,1,1,0.82933
58,20,1210.59,627.22,79.81,62.09,1,1,0.82178
58,21,1218.11,660.87,74.61,74.22,1,1,0.79015
59,0,1671.32,588.78,59.06,132.99,1,1,0.91289
59,1,1504.46,653.84,64.69,132.32,1,1,0.90649
59,2,1355.47,266.9,84.13,110.13,1,1,0.8975
59,3,1107.6,533.94,103.78,81.26,1,1,0.8957
59,4,1212.24,717.13,83.28,111.46,1,1,0.89678
59,5,637.31,690.82,72.0,125.44,1,1,0.89029
59,6,1256.17,89.48,52.47,107.89,1,1,0.89136
59,7,1370.83,101.7,76.12,97.08,1,1,0.89073
59,8,504.11,290.37,49.84,117.07,1,1,0.88558
59,9,1021.17,734.22,96.48,124.58,1,1,0.89015
59,10,845.89,547.9,69.29,132.11,1,1,0.88723
59,11,1273.79,498.76,72.69,92.52,1,1,0.88283
59,12,1037.49,255.12,57.62,119.77,1,1,0.88212
59,13,1076.21,650.93,90.42,75.31,1,1,0.86355
59,14,1491.01,562.77,54.58,117.79,1,1,0.86324
59,15,1159.01,468.05,82.81,79.96,1,1,0.85663
59,16,1243.23,548.87,69.46,83.25,1,1,0.85885
59,17,1205.54,580.63,73.93,64.59,1,1,0.84762
59,18,863.04,508.74,70.54,105.79,1,1,0.85047
59,19,1060.41,712.97,90.8,88.97,1,1,0.82804
59,20,1210.54,627.19,80.2,62.36,1,1,0.8216
59,21,1218.47,660.87,75.04,76.12,1,1,0.75206
60,0,1671.48,588.81,59.04,132.94,1,1,0.91351
60,1,1504.53,653.85,64.82,132.18,1,1,0.90679
60,2,1355.68,266.93,84.18,110.05,1,1,0.89845
60,3,1107.65,533.93,104.06,81.02,1,1,0.89613
60,4,1212.42,717.3,83.45,111.22,1,1,0.898
60,5,637.58,690.83,72.01,125.25,1,1,0.8898
60,6,1256.3,89.35,52.33,108.04,1,1,0.89079
60,7,1371.34,101.64,75.86,97.1,1,1,0.89034
60,8,504.13,290.6,49.98,116.76,1,1,0.88756
60,9,1021.54,733.67,96.99,125.11,1,1,0.88958
60,10,846.54,547.96,69.33,131.98,1,1,0.88805
60,11,1273.91,499.08,72.53,92.27,1,1,0.88237
60,12,1038.05,255.12,57.59,119.62,1,1,0.88377
60,13,1076.25,651.06,90.68,75.24,1,1,0.86396
60,14,1490.89,562.79,54.73,117.77,1,1,0.86417
60,15,1159.09,468.02,83.5,79.85,1,1,0.85532
60,16,1243.53,548.77,69.1,82.92,1,1,0.85972
60,17,1206.09,580.5,73.61,63.99,1,1,0.84658
60,18,863.24,508.41,70.69,104.94,1,1,0.84585
60,19,1060.56,713.07,90.74,88.75,1,1,0.82592
60,20,1210.29,627.15,80.76,62.14,1,1,0.82549
60,21,1218.64,661.07,75.35,76.19,1,1,0.7739
61,0,1671.5,588.86,59.05,132.88,1,1,0.91382
61,1,1504.38,653.86,64.79,132.19,1,1,0.90655
61,2,1355.73,266.93,84.18,110.05,1,1,0.89741
61,3,1107.72,533.99,104.23,80.87,1,1,0.89442
61,4,1212.49,717.1,83.63,111.42,1,1,0.89673
61,5,637.62,690.75,72.14,125.35,1,1,0.88976
61,6,1256.28,89.31,52.29,108.1,1,1,0.89027
61,7,1371.47,101.54,75.81,97.11,1,1,0.88969
61,8,504.02,290.86,50.2,116.5,1,1,0.88892
61,9,1021.57,733.89,97.16,124.82,1,1,0.8897
61,10,846.8,548.17,69.23,131.72,1,1,0.88741
61,11,1274.32,499.79,72.17,91.68,1,1,0.87972
61,12,1038.69,255.05,57.25,119.74,1,1,0.88269
61,13,1076.26,651.21,90.73,74.94,1,1,0.86128
61,14,1490.85,562.98,54.7,117.29,1,1,0.86369
61,15,1158.19,468.09,85.56,79.76,1,1,0.85012
61,16,1243.67,548.22,68.63,82.35,1,1,0.85851
61,17,1207.36,580.52,72.82,63.48,1,1,0.84963
61,18,863.53,508.41,70.58,103.49,1,1,0.84686
61,19,1060.53,713.2,90.7,88.39,1,1,0.82662
61,20,1213.29,627.39,78.27,61.11,1,1,0.84907
61,21,1218.96,661.28,75.15,74.78,1,1,0.80445
62,0,1671.54,588.86,59.06,132.85,1,1,0.91378
62,1,1504.33,653.87,64.74,132.21,1,1,0.90652
62,2,1355.78,266.93,84.2,110.05,1,1,0.89728
62,3,1107.79,533.86,104.43,80.92,1,1,0.89467
62,4,1212.57,717.26,83.63,111.23,1,1,0.89725
62,5,637.78,690.66,72.13,125.44,1,1,0.89052
62,6,1256.34,89.32,52.3,108.07,1,1,0.89037
62,7,1371.55,101.41,75.84,97.22,1,1,0.88972
62,8,504.05,291.12,50.28,116.28,1,1,0.88864
62,9,1021.66,733.61,97.76,125.09,1,1,0.88994
62,10,847.24,548.28,69.32,131.59,1,1,0.88699
62,11,1274.67,500.54,72.34,91.02,1,1,0.87752
62,12,1039.1,254.95,57.01,119.85,1,1,0.8827
62,13,1076.23,651.15,90.84,74.67,1,1,0.86026
62,14,1490.84,563.27,54.66,116.76,1,1,0.8648
62,15,1154.93,468.21,89.84,79.63,1,1,0.84516
62,16,1244.03,547.36,68.02,82.67,1,1,0.85798
62,17,1208.2,579.99,72.59,63.27,1,1,0.84888
62,18,863.77,508.45,70.54,102.01,1,1,0.84398
62,19,1060.47,712.83,91.18,88.51,1,1,0.82237
62,20,1214.48,627.19,77.3,60.77,1,1,0.85334
62,21,1218.67,661.54,75.8,74.73,1,1,0.78164
63,0,1671.38,588.55,58.92,133.1,1,1,0.91246
63,1,1504.15,653.84,64.57,132.22,1,1,0.90379
63,2,1355.86,266.95,84.13,109.97,1,1,0.89701
63,3,1107.82,533.97,104.25,80.52,1,1,0.89771
63,4,1212.22,716.65,83.76,111.91,1,1,0.89578
63,5,637.78,690.61,72.23,125.48,1,1,0.88938
63,6,1256.29,89.25,52.34,108.11,1,1,0.89015
63,7,1371.52,101.44,76.03,97.1,1,1,0.88938
63,8,503.89,291.03,50.41,116.41,1,1,0.88594
63,9,1021.54,733.59,98.57,125.19,1,1,0.8895
63,10,847.45,548.18,69.37,131.7,1,1,0.88674
63,11,1274.72,501.1,72.73,90.74,1,1,0.87741
63,12,1039.19,254.79,57.19,120.08,1,1,0.88262
63,13,1075.76,650.55,91.42,75.1,1,1,0.85898
63,14,1490.6,563.42,54.76,116.63,1,1,0.865
63,15,1154.22,467.48,92.18,79.21,1,1,0.83993
63,16,1243.63,546.21,67.99,82.89,1,1,0.85853
63,17,1208.5,578.86,72.72,63.53,1,1,0.8472
63,18,863.94,508.15,70.53,101.42,1,1,0.84143
63,19,1060.53,712.03,90.12,89.22,1,1,0.81748
63,20,1215.32,626.59,76.63,60.86,1,1,0.85232
63,21,1218.29,661.14,76.69,83.47,1,1,0.73415
64,0,1671.3,588.22,58.82,133.42,1,1,0.91347
64,1,1503.52,653.87,64.61,132.12,1,1,0.90727
64,2,1355.91,266.93,84.14,109.92,1,1,0.89826
64,3,1107.95,534.2,103.31,80.1,1,1,0.89962
64,4,1211.01,716.63,84.17,111.89,1,1,0.89626
64,5,637.88,690.6,72.22,125.51,1,1,0.89026
64,6,1256.29,89.24,52.39,108.11,1,1,0.89143
64,7,1371.39,101.19,76.49,97.31,1,1,0.89052
64,8,503.59,290.84,50.59,116.65,1,1,0.8884
64,9,1021.73,733.4,98.73,125.38,1,1,0.88721
64,10,847.71,548.12,69.19,131.83,1,1,0.88738
64,11,1274.98,501.46,72.74,90.48,1,1,0.87804
64,12,1039.56,254.86,57.03,119.85,1,1,0.88576
64,13,1075.75,649.86,91.51,75.55,1,1,0.86513
64,14,1489.89,563.76,55.38,116.01,1,1,0.86752
64,15,1154.7,466.49,94.05,77.04,1,1,0.85345
64,16,1243.21,545.47,68.21,82.88,1,1,0.86266
64,17,1209.38,577.93,72.55,63.88,1,1,0.84955
64,18,863.95,507.99,70.61,102.11,1,1,0.84496
64,19,1060.53,712.63,85.87,89.34,1,1,0.83788
64,20,1216.04,625.66,76.4,61.02,1,1,0.85952
64,21,1217.14,661.37,79.48,95.74,1,1,0.82836
65,0,1670.85,587.75,58.72,133.9,1,1,0.91236
65,1,1502.6,653.63,64.96,132.36,1,1,0.90867
65,2,1355.84,267.0,84.05,109.78,1,1,0.89636
65,3,1107.72,532.7,103.9,81.22,1,1,0.89935
65,4,1209.94,715.07,84.59,113.62,1,1,0.89368
65,5,637.96,690.65,72.42,125.51,1,1,0.88981
65,6,1256.31,89.26,52.36,108.13,1,1,0.8904
65,7,1370.74,100.45,77.18,98.06,1,1,0.89044
65,8,503.06,290.72,50.75,116.8,1,1,0.88599
65,9,1021.53,733.91,100.18,124.79,1,1,0.88721
65,10,848.0,548.33,69.11,131.76,1,1,0.88707
65,11,1275.8,501.35,71.94,90.34,1,1,0.87805
65,12,1040.0,254.78,56.69,120.02,1,1,0.8859
65,13,1076.04,648.21,91.65,76.25,1,1,0.87065
65,14,1489.05,564.08,55.87,115.1,1,1,0.87001
65,15,1154.58,464.33,97.05,75.97,1,1,0.84894
65,16,1243.08,544.76,67.97,84.17,1,1,0.86787
65,17,1210.14,575.9,71.92,64.45,1,1,0.85008
65,18,864.11,507.72,70.49,102.95,1,1,0.85227
65,19,1060.95,712.09,84.71,88.8,1,1,0.8372
65,20,1216.13,623.64,76.25,61.97,1,1,0.85228
65,21,1216.62,661.62,80.36,99.94,1,1,0.8302
66,0,1670.55,587.28,58.5,134.18,1,1,0.91281
66,1,1502.05,653.58,65.19,132.44,1,1,0.90959
66,2,1355.7,267.0,84.23,109.79,1,1,0.8971
66,3,1107.1,531.47,105.01,81.39,1,1,0.90021
66,4,1209.57,714.16,84.4,114.54,1,1,0.89611
66,5,638.09,690.86,72.64,125.35,1,1,0.8915
66,6,1256.3,89.26,52.32,108.14,1,1,0.89085
66,7,1370.29,100.0,77.35,98.48,1,1,0.89101
66,8,502.55,290.87,50.67,116.66,1,1,0.88566
66,9,1021.51,734.75,101.84,123.62,1,1,0.88771
66,10,848.31,548.22,69.35,131.95,1,1,0.88851
66,11,1276.76,500.14,70.94,90.65,1,1,0.88133
66,12,1040.38,254.8,56.28,119.83,1,1,0.88778
66,13,1076.5,646.21,91.95,77.34,1,1,0.87017
66,14,1487.78,564.27,56.74,115.24,1,1,0.87283
66,15,1156.95,461.1,97.75,76.25,1,1,0.85545
66,16,1243.27,543.69,67.53,85.1,1,1,0.86433
66,17,1210.92,574.84,71.45,64.77,1,1,0.84985
66,18,864.16,507.5,70.48,102.46,1,1,0.84708
66,19,1061.0,710.5,83.75,88.11,1,1,0.83868
66,20,1216.56,622.1,75.74,62.7,1,1,0.85666
66,21,1215.9,661.81,81.22,100.91,1,1,0.84689
67,0,1670.13,586.71,58.07,134.47,1,1,0.91153
67,1,1500.63,653.24,65.41,132.6,1,1,0.9072
67,2,1355.38,267.01,84.58,109.72,1,1,0.89268
67,3,1106.45,528.83,105.65,82.74,1,1,0.89534
67,4,1208.54,713.15,84.77,115.61,1,1,0.89193
67,5,638.18,690.97,72.96,125.31,1,1,0.88915
67,6,1256.22,89.12,52.25,108.27,1,1,0.88709
67,7,1369.43,99.75,76.1,98.66,1,1,0.88714
67,8,501.9,291.1,50.74,116.55,1,1,0.881
67,9,1021.47,734.5,104.82,123.79,1,1,0.88871
67,10,848.92,546.95,69.59,133.52,1,1,0.88685
67,11,1277.97,498.38,69.61,92.39,1,1,0.87773
67,12,1040.67,254.64,55.96,119.92,1,1,0.88426
67,13,1077.58,643.68,92.68,76.71,1,1,0.86309
67,14,1486.33,564.62,58.1,114.61,1,1,0.8686
67,15,1164.95,457.6,93.72,77.97,1,1,0.85012
67,16,1243.11,542.55,67.4,86.23,1,1,0.86243
67,17,1211.6,574.09,71.71,64.08,1,1,0.84179
67,18,864.49,507.1,70.27,102.57,1,1,0.84351
67,19,1060.34,709.0,85.01,87.09,1,1,0.84303
67,20,1217.0,620.76,75.21,62.37,1,1,0.85691
67,21,1215.56,661.51,81.47,100.92,1,1,0.85004
68,0,1669.53,585.97,57.66,135.02,1,1,0.90541
68,1,1498.96,652.89,66.29,132.81,1,1,0.90255
68,2,1354.77,267.97,84.83,108.78,1,1,0.88643
68,3,1106.51,525.47,106.75,85.15,1,1,0.8922
68,4,1207.97,711.93,84.39,116.78,1,1,0.88917
68,5,638.57,690.96,73.18,125.29,1,1,0.88312
68,6,1256.36,89.11,51.87,108.38,1,1,0.87841
68,7,1368.84,100.28,74.41,98.12,1,1,0.88378
68,8,501.12,291.28,50.99,116.43,1,1,0.87286
68,9,1021.63,733.72,108.05,124.58,1,1,0.89194
68,10,849.51,546.01,69.51,134.6,1,1,0.88224
68,11,1278.6,496.57,69.0,94.33,1,1,0.86535
68,12,1040.78,254.53,55.75,119.88,1,1,0.87914
68,13,1078.23,640.69,94.02,77.05,1,1,0.85803
68,14,1483.7,565.36,60.37,114.17,1,1,0.86339
68,15,1175.45,453.91,88.22,78.69,1,1,0.85657
68,16,1242.89,541.74,67.22,87.01,1,1,0.85742
68,17,1212.71,573.72,70.96,63.61,1,1,0.82865
68,18,864.93,506.96,69.86,103.07,1,1,0.8429
68,19,1057.68,706.73,89.66,86.58,1,1,0.82824
68,20,1217.1,620.52,75.04,61.85,1,1,0.85297
68,21,1215.54,661.13,81.0,100.4,1,1,0.84058
69,0,1668.6,585.52,56.97,135.58,1,1,0.90018
69,1,1498.11,653.14,66.58,132.73,1,1,0.89779
69,2,1354.23,269.56,84.29,107.16,1,1,0.88363
69,3,1108.54,521.91,105.63,88.53,1,1,0.87952
69,4,1207.76,710.94,83.76,117.6,1,1,0.88482
69,5,638.94,690.94,73.58,125.35,1,1,0.88155
69,6,1256.42,89.45,51.54,108.11,1,1,0.87583
69,7,1368.05,101.14,72.53,97.59,1,1,0.88071
69,8,500.26,292.79,51.23,114.92,1,1,0.87193
69,9,1021.92,732.78,111.44,125.51,1,1,0.89342
69,10,849.63,546.01,70.18,134.47,1,1,0.88012
69,11,1276.88,494.51,70.86,95.56,1,1,0.85241
69,12,1040.4,254.64,56.06,119.57,1,1,0.87813
69,13,1077.47,637.83,96.45,78.73,1,1,0.86172
69,14,1482.27,566.6,61.11,113.8,1,1,0.85904
69,15,1182.17,450.96,89.29,80.8,1,1,0.83029
69,16,1243.39,541.77,65.59,87.04,1,1,0.85229
69,17,1213.51,573.77,70.69,63.95,1,1,0.82039
69,18,865.07,506.95,69.77,103.67,1,1,0.83425
69,19,1046.82,705.66,103.53,85.98,1,1,0.84418
69,20,1217.18,620.6,74.97,62.62,1,1,0.84823
69,21,1215.8,661.97,79.51,87.76,1,1,0.77883
70,0,1667.71,585.16,56.3,135.84,1,1,0.8958
70,1,1496.27,653.0,67.44,132.9,1,1,0.8983
70,2,1353.44,271.25,83.84,105.13,1,1,0.87999
70,3,1112.28,518.64,102.65,91.3,1,1,0.87668
70,4,1206.73,709.99,83.52,117.94,1,1,0.87709
70,5,639.25,690.91,73.97,125.3,1,1,0.8833
70,6,1256.4,89.66,51.15,107.81,1,1,0.87657
70,7,1366.9,102.49,70.71,96.61,1,1,0.87874
70,8,499.82,294.78,51.01,112.85,1,1,0.86837
70,9,1021.92,731.56,114.96,126.82,1,1,0.89397
70,10,849.59,546.1,70.64,133.97,1,1,0.87695
70,11,1278.01,493.59,70.61,97.93,1,1,0.84531
70,12,1039.6,254.73,56.59,119.29,1,1,0.87921
70,13,1077.99,635.05,98.35,81.13,1,1,0.86228
70,14,1480.75,567.23,62.84,113.37,1,1,0.84963
70,15,1186.48,449.0,94.04,82.53,1,1,0.82135
70,16,1244.29,542.08,63.31,84.17,1,1,0.83996
70,17,1215.18,574.15,70.1,64.09,1,1,0.82513
70,18,865.19,506.84,69.79,103.89,1,1,0.83847
70,19,1041.15,704.56,112.16,85.56,1,1,0.86476
70,20,1216.71,619.98,74.64,62.87,1,1,0.84749
70,21,1216.24,662.08,77.66,77.63,1,1,0.81763
71,0,1666.89,585.69,55.47,134.12,1,1,0.87876
71,1,1494.08,652.76,68.25,133.02,1,1,0.89325
71,2,1352.54,273.7,84.86,102.65,1,1,0.88045
71,3,1116.61,516.62,100.67,92.8,1,1,0.87145
71,4,1205.92,709.46,84.01,118.57,1,1,0.87249
71,5,639.75,691.14,74.65,125.39,1,1,0.88062
71,6,1256.56,90.04,50.59,107.57,1,1,0.87105
71,7,1365.8,104.28,70.32,97.23,1,1,0.87398
71,8,499.35,296.25,50.98,111.59,1,1,0.86277
71,9,1022.31,731.43,117.85,126.72,1,1,0.89236
71,10,849.35,546.62,71.67,133.13,1,1,0.87265
71,11,1278.65,493.01,70.69,98.21,1,1,0.84344
71,12,1039.37,254.67,56.79,119.63,1,1,0.8755
71,13,1079.03,633.03,100.16,83.34,1,1,0.86703
71,14,1478.42,567.68,65.98,113.15,1,1,0.83451
71,15,1187.92,447.88,99.16,87.05,1,1,0.78314
71,16,1245.43,542.68,59.83,84.24,1,1,0.81034
71,17,1216.81,573.95,69.34,64.95,1,1,0.80794
71,18,865.83,507.05,69.59,104.1,1,1,0.83633
71,19,1039.08,703.04,119.49,87.47,1,1,0.86225
71,20,1216.87,619.31,74.23,64.06,1,1,0.83179
71,21,1217.94,663.1,76.07,77.61,1,1,0.76264
72,0,1666.15,586.47,54.93,132.11,1,1,0.87365
72,1,1492.36,652.92,68.2,133.06,1,1,0.89427
72,2,1351.74,276.54,87.07,100.84,1,1,0.88614
72,3,1122.85,518.76,96.34,91.75,1,1,0.85734
72,4,1204.65,709.29,83.87,120.01,1,1,0.87709
72,5,640.39,691.45,75.06,125.21,1,1,0.88365
72,6,1256.74,90.35,49.9,107.51,1,1,0.87176
72,7,1365.09,106.9,72.88,96.34,1,1,0.87939
72,8,498.73,297.11,50.89,111.16,1,1,0.8661
72,9,1022.91,731.84,120.71,126.67,1,1,0.89532
72,10,849.03,547.7,72.69,131.61,1,1,0.87611
72,11,1278.9,492.94,70.48,104.13,1,1,0.84013
72,12,1039.12,255.04,56.92,119.73,1,1,0.87512
72,13,1080.24,632.02,103.44,85.51,1,1,0.88013
72,14,1479.13,568.65,65.57,112.26,1,1,0.81369
72,15,1185.46,448.72,101.08,85.92,1,1,0.77434
72,16,1246.03,544.19,60.21,80.29,1,1,0.78389
72,17,1218.41,573.92,68.15,64.46,1,1,0.80694
72,18,866.29,508.16,69.4,102.34,1,1,0.83513
72,19,1039.73,701.63,124.48,88.6,1,1,0.87212
72,20,1217.13,618.25,73.53,65.76,1,1,0.82957
72,21,1219.9,663.92,74.83,89.53,1,1,0.76194
73,0,1665.39,587.34,54.85,130.48,1,1,0.86378
73,1,1490.77,652.68,68.71,133.77,1,1,0.88762
73,2,1350.64,278.58,90.05,100.19,1,1,0.88478
73,3,1129.56,520.13,88.76,93.27,1,1,0.8408
73,4,1203.61,709.94,83.51,120.9,1,1,0.87103
73,5,640.76,691.55,75.51,125.46,1,1,0.87935
73,6,1256.92,90.5,49.12,107.75,1,1,0.86516
73,7,1363.35,109.23,76.31,95.31,1,1,0.87794
73,8,498.1,298.22,50.52,110.23,1,1,0.86069
73,9,1024.17,733.05,122.68,125.6,1,1,0.88577
73,10,848.2,550.12,73.4,129.5,1,1,0.86706
73,11,1279.79,493.97,66.72,109.08,1,1,0.8405
73,12,1039.43,255.45,56.42,119.41,1,1,0.86911
73,13,1084.35,631.36,105.35,87.31,1,1,0.87932
73,14,1483.91,569.55,61.28,109.88,1,1,0.78177
73,15,1189.85,449.89,103.3,91.27,1,1,0.72209
73,16,1245.69,544.9,55.82,82.33,1,1,0.76593
73,17,1219.88,574.48,65.45,65.68,1,1,0.79317
73,18,866.44,509.56,68.86,101.67,1,1,0.81344
73,19,1044.68,704.06,125.75,85.18,1,1,0.87518
73,20,1217.21,617.28,71.52,67.65,1,1,0.80474
73,21,1221.64,664.51,72.01,90.19,1,1,0.75076
74,0,1664.49,589.08,54.86,128.84,1,1,0.8524
74,1,1489.33,651.9,68.79,134.89,1,1,0.87672
74,2,1348.4,281.17,93.61,98.8,1,1,0.88693
74,3,1136.27,520.12,83.05,95.9,1,1,0.85618
74,4,1202.91,711.61,81.89,122.14,1,1,0.84877
74,5,641.2,691.86,75.94,125.52,1,1,0.87711
74,6,1257.33,90.9,48.01,107.85,1,1,0.86083
74,7,1361.33,110.99,79.56,94.43,1,1,0.87715
74,8,497.76,299.43,50.02,109.56,1,1,0.85826
74,9,1026.36,735.94,123.44,123.02,1,1,0.87786
74,10,847.35,553.46,74.42,126.65,1,1,0.86131
74,11,1279.68,493.37,62.73,114.46,1,1,0.83816
74,12,1040.24,256.08,55.56,119.04,1,1,0.86557
74,13,1090.69,631.38,104.71,89.72,1,1,0.87084
74,14,1482.7,571.07,63.23,109.0,1,1,0.76518
74,15,1189.55,452.33,100.94,94.77,1,1,0.72236
74,16,1243.74,546.45,55.65,77.14,1,1,0.76106
74,17,1221.47,576.56,63.5,65.08,1,1,0.78189
74,18,866.44,510.9,68.22,100.08,1,1,0.79203
74,19,1056.1,706.3,119.57,82.54,1,1,0.83426
74,20,1218.43,617.18,69.36,69.83,1,1,0.80206
74,21,1225.07,666.44,69.69,107.14,1,1,0.78884
75,0,1663.15,591.42,55.33,127.46,1,1,0.84702
75,1,1487.32,650.76,69.49,136.89,1,1,0.86812
75,2,1344.81,282.16,97.62,98.36,1,1,0.88591
75,3,1140.55,519.97,79.82,99.61,1,1,0.84335
75,4,1201.56,712.19,82.17,124.19,1,1,0.85215
75,5,641.27,692.44,76.87,125.65,1,1,0.87159
75,6,1257.46,90.86,47.56,108.45,1,1,0.85355
75,7,1359.04,111.94,81.63,94.1,1,1,0.87416
75,8,496.59,300.34,50.0,109.77,1,1,0.85384
75,9,1030.76,736.68,124.74,120.43,1,1,0.87252
75,10,846.17,557.24,76.25,123.66,1,1,0.85475
75,11,1280.18,494.87,59.56,116.06,1,1,0.83493
75,12,1040.54,256.63,55.14,119.13,1,1,0.8597
75,13,1100.05,631.28,102.56,90.93,1,1,0.85318
75,14,1477.54,572.67,69.8,108.66,1,1,0.78876
75,15,1198.49,451.18,104.52,98.39,1,1,0.83198
75,16,1241.62,548.83,56.9,73.44,1,1,0.77915
75,17,1222.1,578.35,62.63,64.46,1,1,0.7687
75,18,866.74,512.68,67.69,95.26,1,1,0.78714
75,19,1075.24,708.51,107.33,79.2,1,1,0.77373
75,20,1218.81,616.87,68.73,72.31,1,1,0.78595
75,21,1226.71,667.72,69.57,116.0,1,1,0.82491
76,0,1661.05,595.53,56.11,125.98,1,1,0.84535
76,1,1485.62,648.96,69.94,139.42,1,1,0.86542
76,2,1341.97,282.6,98.06,98.54,1,1,0.88581
76,3,1144.63,519.24,76.9,102.33,1,1,0.83863
76,4,1198.86,713.48,82.61,125.97,1,1,0.84785
76,5,641.91,693.55,77.01,124.86,1,1,0.87342
76,6,1257.13,91.06,47.28,108.49,1,1,0.85105
76,7,1356.42,111.83,81.78,94.18,1,1,0.87344
76,8,494.72,300.6,50.19,110.33,1,1,0.85288
76,9,1038.0,737.9,119.94,117.51,1,1,0.86141
76,10,846.08,561.45,76.58,121.35,1,1,0.85526
76,11,1280.04,498.69,56.23,113.62,1,1,0.82592
76,12,1041.02,257.2,54.6,118.86,1,1,0.85969
76,13,1111.17,631.51,98.37,91.57,1,1,0.8159
76,14,1478.32,573.93,68.82,107.01,1,1,0.78001
76,15,1210.3,451.8,101.11,98.73,1,1,0.82365
76,16,1237.75,550.22,58.29,73.36,1,1,0.76665
76,17,1223.59,578.92,60.9,67.1,1,1,0.75054
76,18,866.73,514.48,67.07,91.4,1,1,0.79848
76,19,1089.1,710.06,99.88,80.43,1,1,0.77265
76,20,1220.03,617.52,68.52,75.53,1,1,0.80103
76,21,1228.95,669.33,68.64,121.41,1,1,0.83395
77,0,1659.01,599.16,57.38,125.97,1,1,0.84138
77,1,1484.05,646.15,70.48,141.76,1,1,0.86124
77,2,1338.08,282.5,97.86,99.39,1,1,0.87758
77,3,1147.23,519.44,74.29,103.78,1,1,0.84808
77,4,1196.67,715.57,84.29,126.58,1,1,0.84511
77,5,642.82,694.25,77.4,124.44,1,1,0.87072
77,6,1256.67,91.45,47.0,108.8,1,1,0.84578
77,7,1354.44,111.18,79.51,94.28,1,1,0.86517
77,8,492.0,300.68,51.65,110.93,1,1,0.85323
77,9,1048.45,738.81,112.48,116.09,1,1,0.85472
77,10,848.19,565.34,74.89,119.48,1,1,0.84321
77,11,1280.63,502.43,52.7,110.33,1,1,0.8072
77,12,1041.39,257.84,54.47,118.8,1,1,0.85554
77,13,1122.11,631.86,94.92,95.21,1,1,0.77907
77,14,1482.13,575.49,64.78,102.83,1,1,0.79094
77,15,1221.83,453.61,96.11,97.95,1,1,0.83636
77,16,1233.34,550.72,60.56,72.76,1,1,0.7612
77,17,1224.25,580.26,59.94,66.47,1,1,0.75116
77,18,867.31,516.01,66.53,91.33,1,1,0.81559
77,19,1088.28,712.25,108.19,82.44,1,1,0.72968
77,20,1218.83,619.83,70.75,77.39,1,1,0.77614
77,21,1229.22,671.34,69.7,123.76,1,1,0.82515
78,0,1656.15,602.79,60.7,122.16,1,1,0.83456
78,1,1481.83,642.64,71.32,143.2,1,1,0.86327
78,2,1332.25,281.19,99.23,100.17,1,1,0.86688
78,3,1148.39,520.06,75.32,104.04,1,1,0.85883
78,4,1195.77,718.78,84.78,125.16,1,1,0.8418
78,5,644.29,695.09,77.77,123.56,1,1,0.87738
78,6,1255.6,92.12,47.26,108.47,1,1,0.84855
78,7,1350.96,109.96,78.82,95.01,1,1,0.86355
78,8,489.23,299.77,52.75,111.61,1,1,0.85527
78,9,1060.63,741.73,102.83,115.09,1,1,0.85169
78,10,850.49,568.6,73.84,118.76,1,1,0.85074
78,11,1279.82,505.92,53.69,107.29,1,1,0.81894
78,12,1041.62,258.42,54.43,118.42,1,1,0.85683
78,13,1127.52,632.39,95.02,97.34,1,1,0.74995
78,14,1485.98,577.13,61.18,98.54,1,1,0.79246
78,15,1240.44,455.32,84.0,99.37,1,1,0.83808
78,16,1229.67,552.1,64.67,70.85,1,1,0.76585
78,17,1223.67,581.12,61.05,66.15,1,1,0.74161
78,18,868.13,516.99,65.56,92.86,1,1,0.80881
78,19,1083.65,714.53,118.64,84.72,1,1,0.75908
78,20,1219.01,622.65,72.75,82.99,1,1,0.73968
78,21,1230.96,673.08,68.55,124.05,1,1,0.82799
79,0,1650.47,606.05,66.18,121.59,1,1,0.84122
79,1,1480.27,639.4,69.75,139.83,1,1,0.8536
79,2,1327.25,278.94,89.82,99.1,1,1,0.86309
79,3,1149.55,520.88,77.07,103.68,1,1,0.84306
79,4,1192.94,721.14,87.31,123.29,1,1,0.83877
79,5,645.08,696.01,78.24,122.12,1,1,0.87545
79,6,1254.51,92.76,48.24,106.29,1,1,0.8429
79,7,1347.28,108.78,73.87,95.38,1,1,0.85007
79,8,485.84,299.32,53.55,110.98,1,1,0.8544
79,9,1072.43,745.01,93.75,115.06,1,1,0.84676
79,10,852.95,571.96,72.8,118.01,1,1,0.84295
79,11,1275.03,508.9,58.64,104.47,1,1,0.80775
79,12,1041.66,258.53,54.48,118.41,1,1,0.85314
79,13,1131.51,631.73,95.75,99.28,1,1,0.72826
79,14,1491.53,578.89,57.19,96.05,1,1,0.78555
79,15,1249.32,455.95,84.07,97.74,1,1,0.82118
79,16,1227.57,552.49,67.04,71.78,1,1,0.75854
79,17,1223.34,582.81,62.17,67.61,1,1,0.71712
79,18,868.77,517.36,65.22,97.34,1,1,0.7993
79,19,1099.86,715.04,107.52,86.18,1,1,0.73991
79,20,1220.56,625.1,71.18,80.84,1,1,0.74902
79,21,1231.79,674.99,69.11,122.05,1,1,0.82404
80,0,1644.04,609.25,72.84,120.57,1,1,0.84866
80,1,1478.26,636.75,66.38,134.24,1,1,0.8485
80,2,1321.36,276.85,80.3,99.71,1,1,0.85908
80,3,1150.18,521.35,79.14,104.72,1,1,0.83536
80,4,1192.23,725.13,86.31,119.3,1,1,0.8294
80,5,645.74,696.72,78.52,121.37,1,1,0.87565
80,6,1253.11,93.77,49.13,103.33,1,1,0.84167
80,7,1341.89,106.97,71.4,97.26,1,1,0.85057
80,8,482.71,298.72,53.81,109.97,1,1,0.85605
80,9,1081.24,749.59,90.13,114.75,1,1,0.84087
80,10,854.39,574.93,71.87,115.76,1,1,0.8429
80,11,1272.73,511.72,61.25,101.67,1,1,0.80763
80,12,1041.09,258.47,54.99,118.2,1,1,0.85122
80,13,1136.87,630.73,94.54,100.78,1,1,0.72921
80,14,1495.16,580.65,54.39,93.88,1,1,0.77781
80,15,1252.59,456.77,90.55,97.49,1,1,0.78221
80,16,1226.5,553.8,68.88,73.37,1,1,0.75028
80,17,1223.74,586.02,63.03,66.19,1,1,0.71414
80,18,868.92,518.1,65.08,98.71,1,1,0.80761
80,19,1107.27,714.46,103.38,87.87,1,1,0.76172
80,20,1222.26,627.46,69.72,79.04,1,1,0.70035
80,21,1231.13,676.56,71.71,120.68,1,1,0.81718
81,0,1637.18,611.93,78.82,119.76,1,1,0.85989
81,1,1473.94,634.24,66.12,133.15,1,1,0.84811
81,2,1313.22,275.83,73.92,101.06,1,1,0.84356
81,3,1148.69,522.15,83.29,106.28,1,1,0.83363
81,4,1189.77,726.44,87.22,118.19,1,1,0.83185
81,5,646.08,698.09,78.99,120.67,1,1,0.87018
81,6,1251.34,94.99,49.75,100.98,1,1,0.83794
81,7,1336.52,105.45,67.24,99.61,1,1,0.85137
81,8,479.75,298.76,53.04,108.75,1,1,0.85051
81,9,1087.92,750.4,88.42,118.41,1,1,0.83104
81,10,855.46,577.44,71.42,112.43,1,1,0.83667
81,11,1271.09,513.23,64.02,99.63,1,1,0.79101
81,12,1040.12,258.73,55.15,118.83,1,1,0.84594
81,13,1150.72,628.73,83.26,104.03,1,1,0.69802
81,14,1497.92,582.2,52.83,94.71,1,1,0.75446
81,15,1274.49,457.51,76.64,85.71,1,1,0.70235
81,16,1226.13,556.34,67.72,74.57,1,1,0.74631
81,17,1224.29,590.01,64.07,65.68,1,1,0.70749
81,18,868.8,518.79,65.21,101.03,1,1,0.8042
81,19,1106.79,714.14,105.65,88.22,1,1,0.71205
81,20,1223.08,627.57,78.7,100.4,1,1,0.7904
81,21,1228.32,677.83,74.89,116.13,1,1,0.81611
82,0,1630.99,615.22,82.36,117.79,1,1,0.85618
82,1,1470.65,631.61,63.99,133.18,1,1,0.84329
82,2,1305.05,275.59,76.52,101.52,1,1,0.83498
82,3,1146.45,523.07,87.82,108.67,1,1,0.83837
82,4,1187.89,727.56,85.43,117.22,1,1,0.82306
82,5,646.52,700.42,79.17,119.07,1,1,0.86826
82,6,1248.66,96.59,51.28,97.97,1,1,0.82775
82,7,1332.37,104.37,66.43,100.84,1,1,0.85072
82,8,477.49,299.36,51.89,108.19,1,1,0.84698
82,9,1091.42,748.53,94.04,125.03,1,1,0.82495
82,10,858.02,580.85,71.27,108.88,1,1,0.83902
82,11,1265.29,518.22,67.03,95.29,1,1,0.78319
82,12,1040.11,259.2,54.58,118.92,1,1,0.84327
82,13,1163.59,627.33,72.73,104.64,1,1,0.72256
82,14,1500.01,583.26,51.09,101.43,1,1,0.73731
82,15,1291.31,458.69,69.75,95.3,1,1,0.78456
82,16,1225.99,561.02,66.74,72.18,1,1,0.76357
82,17,1224.24,592.86,66.0,67.8,1,1,0.72307
82,18,868.3,519.59,65.39,103.44,1,1,0.81774
82,20,1224.07,627.96,84.79,109.7,1,1,0.82062
82,21,1228.01,679.63,73.37,110.72,1,1,0.8084
83,0,1626.78,618.15,80.71,115.8,1,1,0.82942
83,1,1467.14,628.62,63.54,134.57,1,1,0.83197
83,2,1298.02,274.09,81.26,102.74,1,1,0.82814
83,3,1146.79,524.69,90.67,111.82,1,1,0.82486
83,4,1184.95,726.41,83.28,117.9,1,1,0.80452
83,5,647.03,701.73,79.51,117.5,1,1,0.85421
83,6,1245.24,97.16,53.11,96.37,1,1,0.82127
83,7,1328.01,102.15,66.87,101.55,1,1,0.8456
83,8,475.86,299.84,50.38,105.85,1,1,0.83751
83,9,1093.3,746.93,97.56,129.55,1,1,0.81084
83,10,859.34,583.99,71.84,105.97,1,1,0.82442
83,11,1258.22,519.8,71.38,95.79,1,1,0.79028
83,12,1039.96,259.56,54.19,119.03,1,1,0.8275
83,13,1171.18,630.07,67.16,102.34,1,1,0.71136
83,14,1502.0,584.12,50.54,111.32,1,1,0.75381
83,15,1300.77,458.16,74.38,102.79,1,1,0.76689
83,16,1226.07,564.27,66.95,70.75,1,1,0.77294
83,18,867.58,520.22,65.51,104.72,1,1,0.81163
83,20,1225.18,623.43,89.33,119.69,1,1,0.79476
83,21,1226.53,680.96,71.61,112.87,1,1,0.78959
84,0,1620.88,621.05,79.14,112.53,1,1,0.81807
84,1,1464.51,625.49,63.51,135.26,1,1,0.85064
84,2,1291.58,271.87,82.33,102.37,1,1,0.81856
84,3,1149.63,527.48,90.56,113.54,1,1,0.83378
84,4,1183.34,723.61,80.57,120.64,1,1,0.8267
84,5,647.76,703.81,79.85,115.14,1,1,0.85823
84,6,1241.52,97.75,55.32,94.66,1,1,0.84106
84,7,1323.88,100.11,65.31,100.09,1,1,0.85383
84,8,474.21,300.36,49.23,103.74,1,1,0.84261
84,9,1094.24,744.89,101.72,135.29,1,1,0.84734
84,10,861.39,586.96,72.78,102.89,1,1,0.82866
84,11,1257.68,518.8,69.6,104.57,1,1,0.78559
84,12,1041.21,260.32,52.46,118.36,1,1,0.83501
84,13,1174.17,631.45,65.8,103.65,1,1,0.69782
84,14,1502.59,586.24,51.87,117.78,1,1,0.79798
84,15,1312.62,457.87,69.3,105.89,1,1,0.79661
84,16,1226.59,567.05,64.5,71.24,1,1,0.7152
84,18,866.8,521.16,65.67,105.55,1,1,0.82209
84,20,1227.33,617.63,91.67,129.58,1,1,0.81804
84,21,1225.42,683.62,74.13,111.32,1,1,0.82531
85,0,1614.52,623.73,75.24,110.21,1,1,0.81436
85,1,1460.88,622.51,63.9,136.33,1,1,0.82018
85,2,1285.28,269.55,79.82,101.41,1,1,0.77469
85,3,1154.13,531.66,87.67,116.41,1,1,0.81323
85,4,1184.5,723.73,76.8,120.74,1,1,0.80037
85,5,648.7,705.09,80.01,114.02,1,1,0.84695
85,6,1236.77,97.95,58.81,93.97,1,1,0.81769
85,7,1318.79,99.35,64.74,96.28,1,1,0.82968
85,8,471.99,300.96,49.28,102.49,1,1,0.8335
85,9,1097.59,745.0,102.28,140.74,1,1,0.83169
85,10,863.15,589.45,73.27,100.55,1,1,0.80878
85,11,1259.87,522.29,65.73,107.17,1,1,0.75795
85,12,1041.55,261.04,51.74,118.09,1,1,0.82608
85,13,1178.34,633.56,63.32,99.25,1,1,0.71751
85,14,1503.25,588.09,53.11,120.6,1,1,0.78501
85,15,1322.08,456.61,63.69,108.3,1,1,0.77677
85,16,1226.32,571.0,59.63,69.39,1,1,0.7024
85,18,866.68,522.25,65.69,106.82,1,1,0.81511
85,20,1231.95,627.03,90.45,124.47,1,1,0.82497
85,21,1226.99,687.21,75.66,112.06,1,1,0.83385
86,0,1609.51,626.24,73.0,106.88,1,1,0.85361
86,1,1455.93,619.08,63.2,133.13,1,1,0.83251
86,2,1279.34,267.52,76.22,100.2,1,1,0.7863
86,3,1161.14,535.67,80.59,118.47,1,1,0.82045
86,4,1184.45,722.62,73.59,120.75,1,1,0.81971
86,5,650.01,707.13,79.82,111.51,1,1,0.85448
86,6,1232.52,97.3,61.08,94.91,1,1,0.82821
86,7,1313.6,98.42,60.49,91.39,1,1,0.8401
86,8,469.77,301.25,49.6,101.19,1,1,0.8441
86,9,1102.27,741.29,100.8,147.23,1,1,0.86389
86,10,865.04,591.03,74.58,99.14,1,1,0.81625
86,11,1260.17,526.37,63.25,106.08,1,1,0.80537
86,12,1042.69,262.2,50.02,117.16,1,1,0.83793
86,13,1181.19,636.24,60.96,96.04,1,1,0.71399
86,14,1503.03,590.51,53.88,122.66,1,1,0.81079
86,15,1327.05,457.92,62.71,107.91,1,1,0.79539
86,18,866.32,524.01,65.19,106.06,1,1,0.84744
86,20,1235.43,627.87,88.89,127.49,1,1,0.83601
86,21,1228.18,689.15,77.88,116.17,1,1,0.86714
87,0,1603.53,628.42,74.54,104.4,1,1,0.82409
87,1,1449.95,615.92,63.27,132.35,1,1,0.81807
87,2,1271.07,267.01,71.8,97.81,1,1,0.79687
87,3,1168.79,538.89,73.76,123.48,1,1,0.78212
87,4,1184.97,720.81,70.35,121.49,1,1,0.78431
87,5,650.82,708.46,80.94,110.32,1,1,0.83709
87,6,1227.02,96.76,64.8,97.36,1,1,0.81145
87,7,1306.36,98.86,61.02,90.01,1,1,0.82588
87,8,466.04,300.75,52.36,102.5,1,1,0.83359
87,9,1109.88,739.94,96.72,149.64,1,1,0.82535
87,10,867.06,592.35,76.09,98.46,1,1,0.79976
87,11,1258.33,532.03,69.45,103.04,1,1,0.79748
87,12,1042.46,262.66,49.5,117.49,1,1,0.8248
87,13,1183.47,642.49,59.61,91.19,1,1,0.66272
87,14,1503.92,593.83,52.83,123.54,1,1,0.80395
87,15,1327.77,462.56,66.51,104.43,1,1,0.79744
87,18,866.75,525.1,64.64,106.35,1,1,0.82124
87,20,1238.91,628.72,86.92,130.26,1,1,0.80836
87,21,1229.36,691.27,79.52,121.18,1,1,0.83672
87,16,1221.8,576.89,55.98,62.09,1,1,0.67742
88,0,1597.29,629.8,76.52,102.39,1,1,0.83447
88,1,1445.87,613.34,61.14,129.42,1,1,0.84045
88,2,1262.21,266.48,62.93,94.99,1,1,0.80885
88,3,1176.04,541.47,67.02,128.7,1,1,0.80073
88,4,1184.85,717.68,69.3,123.85,1,1,0.80917
88,5,652.02,709.89,81.81,108.99,1,1,0.84166
88,6,1221.52,95.95,66.48,99.28,1,1,0.81506
88,7,1298.5,99.01,66.95,90.96,1,1,0.83242
88,8,462.5,301.23,54.85,102.79,1,1,0.84135
88,9,1117.52,738.45,90.86,151.47,1,1,0.84336
88,10,868.51,593.47,79.15,97.71,1,1,0.81322
88,11,1259.07,537.03,71.6,101.34,1,1,0.81427
88,12,1042.8,262.94,48.51,117.81,1,1,0.82605
88,13,1189.56,643.42,55.42,86.85,1,1,0.69799
88,14,1502.99,595.73,54.1,124.05,1,1,0.80736
88,15,1335.06,467.13,65.56,100.93,1,1,0.80249
88,18,866.64,527.03,64.58,107.61,1,1,0.83989
88,20,1242.06,632.08,84.51,129.31,1,1,0.79996
88,21,1229.37,692.94,81.5,126.66,1,1,0.85937
89,0,1587.82,630.45,82.45,102.05,1,1,0.83484
89,1,1441.44,610.84,59.18,128.38,1,1,0.82659
89,2,1252.16,267.69,61.94,93.55,1,1,0.81345
89,3,1180.12,543.72,64.71,131.32,1,1,0.78795
89,4,1186.65,715.91,65.29,124.6,1,1,0.78759
89,5,653.54,710.83,83.45,108.2,1,1,0.83576
89,6,1216.74,95.12,66.85,101.58,1,1,0.80775
89,7,1290.16,98.78,73.26,91.36,1,1,0.83199
89,8,459.06,301.88,56.16,102.57,1,1,0.83116
89,9,1132.68,738.71,79.77,150.96,1,1,0.79292
89,10,871.08,594.92,79.83,97.12,1,1,0.79729
89,11,1258.96,539.44,71.99,106.97,1,1,0.80718
89,12,1041.9,263.2,49.31,116.99,1,1,0.815
89,13,1192.16,644.45,55.2,81.12,1,1,0.6541
89,14,1498.98,597.86,59.14,123.02,1,1,0.80606
89,15,1337.61,469.51,66.67,102.27,1,1,0.7971
89,18,866.88,529.04,64.01,109.67,1,1,0.82072
89,20,1243.63,633.51,82.67,129.77,1,1,0.79242
89,21,1229.46,696.01,82.78,130.59,1,1,0.83348
90,0,1582.09,630.68,85.43,101.79,1,1,0.90585
90,1,1436.14,607.96,58.7,127.57,1,1,0.90101
90,2,1238.29,268.06,69.83,95.38,1,1,0.87
90,3,1181.02,546.11,64.1,131.11,1,1,0.84265
90,4,1188.4,711.73,62.65,128.11,1,1,0.7504
90,5,655.43,711.93,86.19,107.78,1,1,0.88418
90,6,1211.03,95.07,67.61,101.87,1,1,0.85814
90,7,1280.15,98.21,79.09,90.58,1,1,0.85976
90,8,458.21,301.84,57.63,102.42,1,1,0.87915
90,9,1146.01,739.7,73.7,148.17,1,1,0.84842
90,10,874.02,596.56,80.31,98.93,1,1,0.84823
90,11,1259.43,541.12,71.06,114.53,1,1,0.88376
90,12,1042.17,263.79,48.86,115.46,1,1,0.86247
90,14,1495.19,599.4,63.88,121.14,1,1,0.85793
90,15,1345.48,470.61,62.62,108.77,1,1,0.83962
90,18,867.16,531.78,62.97,112.76,1,1,0.87719
90,20,1245.59,633.84,79.47,130.35,1,1,0.85546
90,21,1228.49,697.13,84.21,136.12,1,1,0.88965
91,0,1573.89,630.4,91.0,105.75,1,1,0.91251
91,1,1431.02,605.21,60.0,128.64,1,1,0.90063
91,2,1225.6,267.94,81.75,100.7,1,1,0.89765
91,3,1181.37,548.45,64.73,129.38,1,1,0.84486
91,5,657.47,712.21,89.42,111.0,1,1,0.88157
91,6,1204.9,94.52,65.45,101.16,1,1,0.86999
91,7,1273.2,97.84,80.82,89.71,1,1,0.87142
91,8,457.42,302.47,57.68,101.54,1,1,0.88053
91,9,1160.56,739.0,69.39,147.57,1,1,0.83702
91,10,876.84,598.19,82.01,103.21,1,1,0.84646
91,11,1258.49,543.66,71.37,119.71,1,1,0.86349
91,12,1041.5,264.28,49.44,113.34,1,1,0.85985
91,14,1491.02,600.7,70.77,119.6,1,1,0.84895
91,15,1350.91,471.7,62.07,113.82,1,1,0.83964
91,18,867.52,534.44,62.46,117.0,1,1,0.85381
91,20,1247.52,634.14,77.64,129.74,1,1,0.84519
91,21,1226.2,699.06,87.11,136.75,1,1,0.8871
91,19,1139.19,702.35,72.3,126.85,1,1,0.80474
91,13,1203.92,643.93,49.15,77.76,1,1,0.65073
92,0,1564.82,630.99,95.01,108.21,1,1,0.90974
92,1,1427.0,601.13,62.09,131.03,1,1,0.87718
92,2,1216.2,268.11,88.87,101.15,1,1,0.89686
92,3,1181.17,550.61,66.22,127.12,1,1,0.82934
92,5,660.76,712.87,91.5,114.31,1,1,0.88051
92,6,1199.38,93.75,60.6,100.82,1,1,0.85347
92,7,1265.2,96.78,79.57,89.46,1,1,0.85641
92,8,454.97,303.01,54.77,101.99,1,1,0.85954
92,9,1170.5,738.16,67.52,147.92,1,1,0.83445
92,10,885.16,600.25,78.6,109.62,1,1,0.81456
92,11,1257.32,544.77,72.15,126.51,1,1,0.834
92,12,1039.81,264.77,50.68,111.59,1,1,0.85516
92,14,1486.35,603.71,78.13,117.09,1,1,0.85416
92,15,1356.1,473.97,65.37,115.22,1,1,0.83492
92,18,867.38,537.14,62.82,127.54,1,1,0.8454
92,20,1250.82,635.41,74.42,127.73,1,1,0.83798
92,21,1224.51,702.01,88.42,135.36,1,1,0.87599
92,19,1140.14,699.86,72.22,129.37,1,1,0.80573
92,13,1206.15,644.51,50.15,80.03,1,1,0.71658
93,0,1558.2,634.76,94.69,107.75,1,1,0.89096
93,1,1422.11,597.0,63.79,132.21,1,1,0.86345
93,2,1206.72,269.32,91.12,100.28,1,1,0.89745
93,3,1180.19,553.04,68.62,125.11,1,1,0.83371
93,5,662.96,713.75,94.51,118.03,1,1,0.87729
93,6,1193.78,93.65,57.55,100.92,1,1,0.85489
93,7,1257.22,98.04,75.35,87.18,1,1,0.85982
93,8,452.55,303.61,50.79,102.08,1,1,0.85028
93,9,1178.2,742.09,65.04,145.77,1,1,0.8352
93,10,894.52,603.62,73.49,110.96,1,1,0.8082
93,11,1258.74,548.82,71.62,127.87,1,1,0.85072
93,12,1039.17,265.99,50.49,110.09,1,1,0.84773
93,14,1482.53,605.89,82.26,114.69,1,1,0.87482
93,15,1359.51,474.93,68.2,118.69,1,1,0.83443
93,18,867.72,539.55,62.62,132.51,1,1,0.83248
93,20,1252.97,635.32,71.32,127.08,1,1,0.83552
93,21,1224.35,705.47,87.29,131.44,1,1,0.86037
93,19,1140.1,701.21,69.34,128.22,1,1,0.81057
93,13,1208.18,643.96,52.05,79.91,1,1,0.67108
94,0,1553.25,636.71,74.63,106.45,1,1,0.89877
94,1,1419.19,592.05,65.19,133.64,1,1,0.89873
94,2,1197.21,270.3,89.34,100.97,1,1,0.91025
94,3,1179.28,555.35,69.9,122.25,1,1,0.89235
94,5,666.62,715.54,94.96,117.49,1,1,0.925
94,6,1188.78,94.25,53.18,99.69,1,1,0.90455
94,7,1249.25,99.11,68.16,86.27,1,1,0.90644
94,8,450.12,304.07,48.3,101.31,1,1,0.90017
94,9,1184.14,744.9,67.89,144.93,1,1,0.92175
94,10,902.46,607.42,69.56,107.69,1,1,0.90299
94,11,1259.89,551.17,70.31,128.55,1,1,0.90262
94,12,1039.45,267.86,48.87,107.74,1,1,0.90212
94,14,1482.76,607.85,82.62,113.37,1,1,0.9226
94,15,1367.44,476.01,65.15,121.89,1,1,0.8592
94,18,868.87,542.7,61.42,132.75,1,1,0.88864
94,20,1254.32,635.2,69.16,126.45,1,1,0.90088
94,21,1225.22,706.14,85.29,129.33,1,1,0.9104
94,19,1138.62,701.57,69.21,130.05,1,1,0.88059
95,0,1545.65,635.67,63.57,107.39,1,1,0.8999
95,1,1412.87,587.04,65.96,134.04,1,1,0.87875
95,2,1191.81,270.76,79.88,101.84,1,1,0.90949
95,3,1177.99,557.03,71.77,118.84,1,1,0.886
95,5,671.8,717.07,94.51,116.02,1,1,0.92313
95,6,1184.23,95.3,49.96,97.62,1,1,0.89409
95,7,1241.15,100.08,61.37,86.17,1,1,0.90383
95,8,447.77,304.15,48.24,101.11,1,1,0.90763
95,9,1187.21,745.82,74.8,146.27,1,1,0.9317
95,10,903.58,611.32,72.28,103.1,1,1,0.89866
95,11,1260.03,553.81,68.8,124.63,1,1,0.90653
95,12,1039.43,269.12,47.96,107.38,1,1,0.89701
95,14,1486.43,610.24,77.82,113.5,1,1,0.92508
95,15,1374.0,478.99,61.3,119.08,1,1,0.73044
95,18,869.77,545.12,60.52,130.19,1,1,0.88526
95,20,1255.25,636.35,68.2,124.79,1,1,0.89632
95,21,1224.36,707.13,85.54,125.15,1,1,0.91665
95,19,1137.98,701.88,72.91,129.34,1,1,0.88964
96,0,1538.57,636.79,56.96,105.37,1,1,0.89376
96,1,1406.76,582.92,64.46,127.82,1,1,0.90382
96,2,1183.49,272.31,70.94,102.55,1,1,0.91094
96,3,1176.88,558.86,72.86,115.54,1,1,0.89205
96,5,678.96,719.46,92.27,112.67,1,1,0.93462
96,6,1178.78,96.93,51.8,94.91,1,1,0.90064
96,7,1232.45,100.37,63.76,87.34,1,1,0.90898
96,8,445.11,304.43,49.31,100.72,1,1,0.91765
96,9,1189.25,748.45,81.12,146.16,1,1,0.93955
96,10,905.38,615.83,74.03,97.86,1,1,0.93089
96,11,1259.56,557.26,67.61,118.58,1,1,0.91884
96,12,1039.5,270.77,46.81,106.55,1,1,0.91457
96,14,1489.1,612.07,75.05,115.7,1,1,0.91339
96,15,1380.66,483.79,56.95,114.03,1,1,0.77696
96,18,871.2,547.59,58.97,124.53,1,1,0.9199
96,20,1257.53,637.6,66.39,123.28,1,1,0.90707
96,21,1222.09,707.96,87.4,121.35,1,1,0.92579
96,19,1137.17,703.51,75.1,127.89,1,1,0.89514
97,0,1532.28,638.8,52.96,103.69,1,1,0.84411
97,1,1403.95,580.68,62.46,125.04,1,1,0.89767
97,2,1172.16,273.09,64.52,101.98,1,1,0.91581
97,3,1174.99,560.06,74.38,114.91,1,1,0.89766
97,5,688.43,722.58,87.77,108.66,1,1,0.93668
97,6,1171.47,98.37,58.23,94.08,1,1,0.90318
97,7,1222.75,99.97,69.68,89.6,1,1,0.9226
97,8,443.78,304.24,47.77,100.38,1,1,0.9223
97,9,1190.54,749.54,83.72,145.01,1,1,0.94186
97,10,911.65,619.14,72.14,101.78,1,1,0.93838
97,11,1258.61,559.68,67.75,113.76,1,1,0.92338
97,12,1038.84,272.64,46.31,105.48,1,1,0.92123
97,14,1490.25,614.14,75.68,116.26,1,1,0.87896
97,18,872.46,549.56,57.65,121.3,1,1,0.93
97,20,1260.81,639.93,65.8,121.95,1,1,0.91072
97,21,1221.4,709.02,88.22,118.67,1,1,0.93133
97,19,1132.61,704.89,79.94,128.32,1,1,0.89264
98,0,1513.29,635.28,63.02,112.14,1,1,0.75339
98,1,1398.97,573.48,63.67,122.9,1,1,0.87684
98,2,1163.26,272.8,57.88,102.17,1,1,0.91685
98,3,1171.88,561.4,77.31,116.07,1,1,0.90496
98,5,700.27,725.56,81.26,105.71,1,1,0.93245
98,6,1163.61,99.16,65.24,93.59,1,1,0.8871
98,7,1213.73,99.03,73.79,91.58,1,1,0.92012
98,8,441.96,303.84,45.49,100.37,1,1,0.9197
98,9,1191.67,749.73,84.3,143.71,1,1,0.93692
98,10,916.1,622.38,71.86,108.53,1,1,0.93014
98,11,1257.06,561.47,69.48,110.98,1,1,0.92136
98,12,1037.76,273.64,46.66,105.19,1,1,0.91463
98,18,873.98,551.2,56.61,119.6,1,1,0.93078
98,20,1263.87,642.7,65.74,122.17,1,1,0.90802
98,21,1220.72,710.59,88.44,117.24,1,1,0.93062
98,19,1127.25,706.65,83.48,128.38,1,1,0.90502
99,0,1502.77,627.41,66.84,123.51,1,1,0.90053
99,1,1392.45,567.45,68.47,126.33,1,1,0.89118
99,2,1154.01,271.12,56.48,101.41,1,1,0.90387
99,3,1168.82,562.79,78.5,118.46,1,1,0.90466
99,5,712.26,727.61,74.98,108.36,1,1,0.9384
99,6,1157.61,99.57,59.6,84.1,1,1,0.82923
99,7,1205.16,98.28,75.85,91.72,1,1,0.91215
99,8,440.5,304.34,43.34,98.62,1,1,0.92072
99,9,1197.25,749.85,80.84,141.82,1,1,0.92715
99,10,920.87,625.61,71.71,113.92,1,1,0.93506
99,11,1254.44,564.11,74.55,109.08,1,1,0.92593
99,12,1037.3,273.8,46.09,106.45,1,1,0.91107
99,18,874.59,552.53,56.6,117.91,1,1,0.93191
99,20,1265.46,644.94,68.37,123.54,1,1,0.91455
99,21,1220.87,713.01,87.18,116.37,1,1,0.92958
99,19,1123.36,710.12,84.23,130.36,1,1,0.9012
99,16,1177.22,612.73,72.0,103.98,1,1,0.70287
100,0,1499.08,631.51,66.48,122.9,1,1,0.8862
100,1,1384.81,565.63,74.82,128.8,1,1,0.87667
100,2,1145.66,267.72,57.23,98.94,1,1,0.86559
100,3,1167.63,564.1,77.16,121.91,1,1,0.89763
100,5,721.15,729.53,72.66,112.54,1,1,0.93398
100,6,1151.11,99.05,56.44,81.11,1,1,0.83783
100,7,1197.05,97.43,74.14,92.23,1,1,0.89537
100,8,439.04,305.58,42.27,95.91,1,1,0.92236
100,9,1201.32,750.06,81.67,139.94,1,1,0.91299
100,10,925.1,629.07,71.98,118.41,1,1,0.9283
100,11,1251.97,566.29,78.85,109.81,1,1,0.92406
100,12,1036.63,273.39,46.61,107.23,1,1,0.90677
100,18,875.89,553.26,56.55,117.06,1,1,0.93316
100,20,1269.07,647.13,70.08,126.05,1,1,0.92294
100,21,1220.4,714.9,84.21,117.1,1,1,0.91908
100,19,1120.57,712.59,84.83,131.37,1,1,0.89366
100,16,1174.81,614.19,72.07,104.97,1,1,0.76514
101,0,1493.81,640.19,60.39,119.14,1,1,0.85355
101,1,1377.37,561.34,79.46,132.19,1,1,0.86394
101,2,1138.58,266.02,61.13,103.62,1,1,0.90851
101,3,1167.63,566.33,74.42,124.26,1,1,0.88816
101,5,725.55,730.56,74.72,116.81,1,1,0.93422
101,6,1147.83,99.28,51.02,78.85,1,1,0.83691
101,7,1188.85,96.43,66.62,90.05,1,1,0.90244
101,8,436.9,305.66,43.75,94.75,1,1,0.92674
101,9,1210.57,750.85,81.19,137.34,1,1,0.91017
101,10,931.85,631.84,70.42,121.64,1,1,0.92057
101,11,1249.91,568.69,80.88,109.57,1,1,0.9061
101,12,1035.77,272.62,48.92,108.1,1,1,0.9112
101,18,877.2,553.54,56.96,116.15,1,1,0.93212
101,20,1272.9,649.09,71.62,129.87,1,1,0.92849
101,21,1221.53,715.21,77.99,112.99,1,1,0.75628
101,19,1119.03,713.05,86.67,129.82,1,1,0.90103
101,16,1174.49,613.41,72.51,104.78,1,1,0.74365
101,15,1408.37,501.54,54.83,108.25,1,1,0.80964
102,0,1490.12,645.46,53.41,119.99,1,1,0.91925
102,1,1370.42,557.91,82.27,126.58,1,1,0.8308
102,2,1131.83,264.27,60.43,96.9,1,1,0.90473
102,3,1169.66,567.98,69.4,125.23,1,1,0.82561
102,5,730.39,731.85,75.75,119.07,1,1,0.93909
102,6,1142.92,97.56,46.57,82.32,1,1,0.86409
102,7,1181.53,96.6,58.4,86.76,1,1,0.90633
102,8,431.97,305.29,48.95,94.11,1,1,0.93091
102,9,1224.35,749.73,73.78,136.3,1,1,0.93027
102,10,940.26,634.54,67.56,120.82,1,1,0.93205
102,11,1249.01,571.24,79.47,108.11,1,1,0.89372
102,12,1034.77,270.97,50.13,109.54,1,1,0.91135
102,18,878.68,553.52,58.13,115.38,1,1,0.93572
102,20,1273.85,652.14,76.77,133.12,1,1,0.92805
102,19,1118.44,713.83,87.36,126.9,1,1,0.81232
102,15,1412.85,502.1,54.85,109.8,1,1,0.86846
102,4,1132.8,743.64,91.64,112.99,1,1,0.77891
102,14,1528.13,624.52,54.55,99.89,1,1,0.91955
103,0,1484.25,647.19,54.19,120.68,1,1,0.90721
103,1,1367.38,554.23,76.45,116.67,1,1,0.90772
103,2,1123.91,263.44,57.47,93.88,1,1,0.91242
103,5,736.36,733.17,76.46,121.54,1,1,0.94061
103,6,1139.45,97.56,45.82,83.85,1,1,0.84917
103,7,1174.71,98.8,57.26,84.78,1,1,0.89321
103,8,428.1,304.95,54.62,93.83,1,1,0.93588
103,9,1234.63,748.87,72.67,135.71,1,1,0.93205
103,10,947.15,636.33,65.93,118.85,1,1,0.93945
103,11,1247.74,573.49,67.13,97.4,1,1,0.90004
103,12,1035.05,269.5,50.62,109.45,1,1,0.90517
103,18,881.21,554.15,58.65,113.26,1,1,0.93684
103,20,1277.99,655.89,79.3,135.35,1,1,0.93121
103,15,1417.41,502.11,54.5,111.23,1,1,0.86727
103,4,1125.33,749.27,97.5,105.05,1,1,0.89677
103,14,1531.01,625.3,59.3,105.81,1,1,0.91797
103,16,1175.73,611.99,73.91,106.76,1,1,0.88238
104,0,1475.3,649.03,56.48,119.65,1,1,0.9203
104,1,1363.74,550.56,68.09,111.39,1,1,0.92183
104,2,1117.53,263.38,52.23,92.07,1,1,0.92073
104,5,744.43,734.5,76.04,124.17,1,1,0.92853
104,6,1134.57,98.25,46.87,81.74,1,1,0.85965
104,7,1168.98,100.12,61.81,83.91,1,1,0.89937
104,8,427.49,304.7,56.63,93.36,1,1,0.93209
104,9,1242.02,752.11,75.26,131.68,1,1,0.92902
104,10,956.09,638.11,64.0,116.44,1,1,0.93928
104,11,1247.98,574.62,59.73,91.57,1,1,0.90865
104,12,1035.68,268.66,50.59,108.2,1,1,0.89859
104,18,884.86,555.15,58.99,111.77,1,1,0.93388
104,20,1282.53,657.49,81.21,136.99,1,1,0.93052
104,15,1421.79,504.16,54.18,110.32,1,1,0.90013
104,4,1122.7,753.95,102.52,97.75,1,1,0.90487
104,14,1533.31,625.46,65.21,108.71,1,1,0.92754
104,16,1181.27,612.38,71.44,108.37,1,1,0.85983
105,0,1464.42,650.2,65.07,118.78,1,1,0.93476
105,1,1362.24,545.55,58.6,112.68,1,1,0.91942
105,2,1112.32,265.07,49.4,89.18,1,1,0.91621
105,5,754.02,736.66,74.9,123.45,1,1,0.93712
105,6,1130.89,99.32,48.19,80.59,1,1,0.83849
105,7,1162.73,99.35,65.98,84.72,1,1,0.90244
105,8,429.94,305.21,54.69,92.96,1,1,0.92804
105,9,1246.11,754.42,80.75,129.66,1,1,0.93388
105,10,964.28,639.44,63.52,113.56,1,1,0.93888
105,11,1249.55,576.37,55.56,89.04,1,1,0.90629
105,12,1036.95,268.66,47.77,105.95,1,1,0.89892
105,18,888.77,557.07,59.89,111.09,1,1,0.93516
105,20,1287.76,659.38,80.47,136.0,1,1,0.92493
105,15,1425.06,507.61,55.64,109.1,1,1,0.88291
105,4,1123.0,759.69,103.72,91.51,1,1,0.92521
105,14,1542.6,625.42,63.17,114.96,1,1,0.93203
105,16,1191.42,613.89,65.19,109.88,1,1,0.82947
106,0,1456.93,652.4,70.93,116.03,1,1,0.9311
106,1,1361.92,541.8,51.89,114.93,1,1,0.91417
106,2,1105.57,266.12,54.94,87.27,1,1,0.91364
106,5,765.64,738.91,73.13,121.34,1,1,0.93107
106,6,1127.85,99.91,48.92,80.56,1,1,0.88576
106,7,1156.84,98.18,68.02,83.37,1,1,0.90197
106,8,432.9,305.41,49.13,92.07,1,1,0.91902
106,9,1250.23,756.58,87.92,128.59,1,1,0.93501
106,10,970.6,641.16,65.27,110.75,1,1,0.94035
106,11,1251.27,578.56,51.51,85.92,1,1,0.8942
106,12,1038.49,267.88,46.45,103.25,1,1,0.91445
106,18,892.09,559.76,60.76,114.25,1,1,0.93278
106,20,1293.81,662.67,77.75,132.78,1,1,0.92321
106,15,1429.06,511.41,57.83,109.91,1,1,0.81756
106,4,1122.96,764.3,104.25,91.53,1,1,0.92697
106,14,1556.34,625.94,59.29,118.18,1,1,0.92906
106,16,1200.32,616.12,59.05,108.87,1,1,0.88799
106,21,1232.89,719.03,62.33,102.13,1,1,0.85982
107,0,1451.91,653.72,70.7,113.67,1,1,0.94042
107,1,1360.85,535.62,51.31,120.22,1,1,0.91183
107,2,1099.76,266.29,61.92,87.03,1,1,0.91952
107,5,780.71,740.92,66.55,119.03,1,1,0.92583
107,6,1124.06,99.51,48.01,79.29,1,1,0.88621
107,7,1151.16,98.14,66.47,77.75,1,1,0.88905
107,8,434.35,305.56,44.6,90.99,1,1,0.91968
107,9,1253.43,755.26,94.41,132.37,1,1,0.92744
107,10,975.48,642.47,69.08,109.82,1,1,0.93859
107,11,1253.38,580.16,46.68,84.45,1,1,0.88077
107,12,1039.38,267.28,45.44,100.05,1,1,0.91177
107,18,895.06,562.19,61.46,117.49,1,1,0.92961
107,20,1300.11,665.16,74.1,130.78,1,1,0.91108
107,15,1438.96,516.1,53.86,110.13,1,1,0.8692
107,4,1121.62,769.71,107.22,94.4,1,1,0.91712
107,14,1565.75,627.01,59.15,118.97,1,1,0.92226
107,16,1204.99,618.23,56.7,107.51,1,1,0.89171
107,21,1237.25,719.22,61.23,103.97,1,1,0.87083
107,19,1155.22,720.55,74.69,80.13,1,1,0.67725
108,0,1450.54,655.75,69.74,111.68,1,1,0.93621
108,1,1357.89,530.45,52.12,123.38,1,1,0.91063
108,2,1091.54,263.57,69.97,90.15,1,1,0.90724
108,5,793.7,742.27,61.16,117.71,1,1,0.91669
108,6,1118.63,99.13,47.48,78.15,1,1,0.87395
108,7,1145.73,99.67,60.06,72.28,1,1,0.83767
108,8,434.09,305.2,42.17,91.86,1,1,0.92312
108,9,1257.06,755.44,97.92,134.82,1,1,0.91277
108,10,980.66,644.4,73.41,111.56,1,1,0.91324
108,11,1255.56,583.32,44.94,89.24,1,1,0.75546
108,12,1039.4,265.7,45.59,99.07,1,1,0.91494
108,18,897.63,566.26,62.54,119.83,1,1,0.92084
108,20,1304.45,666.54,72.35,132.78,1,1,0.89576
108,15,1444.55,519.81,54.97,109.1,1,1,0.90962
108,4,1114.9,773.96,114.4,96.14,1,1,0.91849
108,14,1569.88,628.51,65.12,118.0,1,1,0.92942
108,16,1208.33,620.22,55.05,105.14,1,1,0.8666
108,21,1240.03,720.17,64.46,108.42,1,1,0.84978
108,3,1187.31,582.35,56.57,115.97,1,1,0.66551
109,0,1450.03,659.21,68.18,109.21,1,1,0.92847
109,1,1352.51,525.46,54.45,125.82,1,1,0.89476
109,2,1084.85,262.47,72.59,86.28,1,1,0.91933
109,5,801.41,744.28,61.45,115.1,1,1,0.89985
109,6,1113.34,98.35,44.17,76.21,1,1,0.80992
109,7,1138.13,100.69,55.11,80.84,1,1,0.82855
109,8,433.09,304.32,42.09,93.12,1,1,0.91948
109,9,1261.18,758.0,99.05,133.9,1,1,0.87598
109,10,985.98,645.99,77.45,115.69,1,1,0.88662
109,12,1038.91,264.24,46.22,99.34,1,1,0.91215
109,18,899.55,569.99,64.16,122.99,1,1,0.9162
109,20,1309.3,669.28,69.84,132.98,1,1,0.88433
109,15,1452.73,523.69,56.6,106.38,1,1,0.9068
109,4,1106.03,777.91,122.31,96.8,1,1,0.89068
109,14,1576.08,629.55,69.78,116.83,1,1,0.92664
109,16,1210.15,622.08,54.59,104.41,1,1,0.85039
109,21,1241.35,720.7,68.9,113.28,1,1,0.86791
109,3,1186.14,585.17,57.21,115.5,1,1,0.74347
109,19,1162.64,725.96,75.69,82.82,1,1,0.69649
110,0,1450.84,661.35,67.15,113.44,1,1,0.91225
110,1,1348.0,521.6,52.76,112.8,1,1,0.89998
110,2,1078.5,261.3,69.39,82.4,1,1,0.88359
110,5,807.94,746.33,63.54,115.87,1,1,0.86558
110,6,1108.49,97.45,42.28,73.85,1,1,0.83118
110,7,1132.72,100.68,49.94,79.18,1,1,0.82931
110,8,431.33,302.22,43.09,95.7,1,1,0.91198
110,9,1269.91,760.14,101.04,133.49,1,1,0.77618
110,10,991.8,649.14,78.2,117.84,1,1,0.8627
110,12,1038.8,262.67,46.2,98.39,1,1,0.89391
110,18,902.59,574.06,63.79,124.86,1,1,0.89281
110,20,1314.81,673.98,69.91,126.43,1,1,0.83049
110,15,1460.96,526.95,58.75,104.18,1,1,0.86222
110,4,1094.16,780.86,129.22,98.6,1,1,0.77655
110,14,1582.09,630.24,73.39,117.23,1,1,0.92484
110,16,1211.17,623.51,55.01,104.99,1,1,0.80238
110,21,1243.73,722.34,71.56,117.16,1,1,0.83934
110,11,1257.98,588.38,46.52,95.04,1,1,0.72129
111,0,1452.19,663.33,64.64,117.15,1,1,0.86657
111,1,1344.0,517.55,49.33,110.15,1,1,0.87568
111,2,1072.59,260.53,62.77,82.64,1,1,0.82528
111,5,813.44,748.22,66.98,118.01,1,1,0.83885
111,6,1102.09,96.11,41.79,73.1,1,1,0.75959
111,7,1124.87,100.75,52.02,79.92,1,1,0.75873
111,8,429.88,300.71,43.55,97.17,1,1,0.87431
111,9,1287.46,760.51,95.61,134.96,1,1,0.71965
111,10,999.61,653.54,75.6,116.48,1,1,0.80661
111,12,1040.01,261.78,43.77,96.84,1,1,0.8452
111,18,906.0,578.62,62.64,123.88,1,1,0.83882
111,20,1319.9,677.56,72.17,124.79,1,1,0.78543
111,15,1464.48,530.15,70.21,106.19,1,1,0.82821
111,4,1093.68,785.31,122.99,96.45,1,1,0.72894
111,14,1587.34,630.55,80.27,119.31,1,1,0.87433
111,16,1212.43,625.77,53.85,104.66,1,1,0.71512
111,21,1248.36,724.47,69.17,122.09,1,1,0.80468
111,11,1258.59,591.89,45.14,95.42,1,1,0.77641
111,3,1177.84,594.56,61.13,117.45,1,1,0.70596
112,0,1453.08,664.05,61.87,118.91,1,1,0.83095
112,1,1340.75,514.5,46.35,111.43,1,1,0.85421
112,2,1067.25,258.68,56.06,83.43,1,1,0.80405
112,5,817.11,751.2,74.18,119.32,1,1,0.83328
112,6,1095.29,95.08,46.26,75.93,1,1,0.74128
112,7,1119.87,96.71,52.84,81.56,1,1,0.73833
112,8,427.75,299.15,43.76,98.56,1,1,0.85901
112,9,1307.95,763.22,81.57,133.69,1,1,0.7405
112,10,1010.31,658.32,70.81,115.4,1,1,0.77758
112,12,1040.78,259.47,41.62,95.61,1,1,0.80696
112,18,909.62,582.92,62.73,121.18,1,1,0.81549
112,20,1324.65,679.69,75.79,126.22,1,1,0.72843
112,15,1466.59,532.36,78.65,111.18,1,1,0.8323
112,4,1084.41,787.61,109.45,95.69,1,1,0.77049
112,14,1595.94,630.94,85.17,120.59,1,1,0.83638
112,16,1213.39,627.93,52.52,103.42,1,1,0.69791
112,21,1251.92,725.86,67.47,127.43,1,1,0.76445
112,11,1258.26,596.52,45.45,96.8,1,1,0.77531
112,3,1173.1,598.68,65.0,118.14,1,1,0.70296
112,19,1165.26,733.02,82.1,110.31,1,1,0.71783
113,0,1454.36,664.43,59.36,120.62,1,1,0.83036
113,1,1336.85,511.02,47.23,114.75,1,1,0.84255
113,2,1061.72,256.42,55.64,88.27,1,1,0.81472
113,5,821.35,754.42,81.63,121.6,1,1,0.84303
113,6,1085.89,93.74,48.98,77.94,1,1,0.78527
113,7,1114.01,94.67,56.27,81.29,1,1,0.77886
113,8,425.64,298.22,44.75,100.96,1,1,0.85017
113,9,1323.05,768.42,76.3,130.62,1,1,0.7908
113,10,1022.89,662.0,65.03,118.02,1,1,0.81045
113,12,1036.94,256.4,43.09,99.34,1,1,0.79889
113,18,911.27,585.36,64.22,119.87,1,1,0.82976
113,20,1328.73,684.02,80.76,126.67,1,1,0.76553
113,15,1469.45,533.11,84.25,115.84,1,1,0.84675
113,4,1078.53,788.88,106.39,94.55,1,1,0.83713
113,14,1600.38,630.89,94.97,122.21,1,1,0.86027
113,16,1213.96,630.82,52.35,100.6,1,1,0.69761
113,21,1255.08,727.75,67.54,131.28,1,1,0.79621
113,11,1255.04,599.66,49.88,94.97,1,1,0.76121
113,3,1169.29,603.03,66.43,115.26,1,1,0.79957
113,19,1164.25,733.94,90.12,114.23,1,1,0.71356
114,0,1455.53,664.3,58.09,122.01,1,1,0.83409
114,1,1333.28,506.61,48.56,118.6,1,1,0.82946
114,2,1052.29,253.91,60.26,92.13,1,1,0.77984
114,5,826.75,758.4,84.95,125.6,1,1,0.8502
114,6,1078.48,92.78,49.91,78.55,1,1,0.78302
114,7,1103.15,92.95,61.53,77.58,1,1,0.77444
114,8,423.64,297.71,45.68,102.41,1,1,0.83428
114,9,1334.67,769.69,78.68,130.0,1,1,0.82085
114,10,1031.91,665.47,61.74,121.18,1,1,0.80777
114,12,1033.36,252.59,46.22,100.28,1,1,0.75786
114,18,912.99,586.84,64.56,119.27,1,1,0.82706
114,20,1333.64,689.3,71.63,111.87,1,1,0.74582
114,15,1474.43,533.97,88.69,121.02,1,1,0.81097
114,4,1071.92,789.08,102.15,94.48,1,1,0.81633
114,14,1611.43,630.6,95.68,124.17,1,1,0.84
114,16,1212.02,632.46,54.36,100.16,1,1,0.65201
114,21,1256.6,730.12,67.53,134.71,1,1,0.81288
114,11,1251.76,603.52,53.07,95.43,1,1,0.74307
114,3,1168.3,606.72,66.12,116.2,1,1,0.77211
114,19,1164.56,736.65,94.67,108.45,1,1,0.75385
115,0,1456.06,662.79,57.82,123.89,1,1,0.82885
115,1,1329.22,502.63,49.5,121.69,1,1,0.80055
115,2,1041.9,249.46,67.39,97.57,1,1,0.80687
115,5,835.01,763.34,80.69,127.87,1,1,0.84554
115,6,1070.3,91.41,50.2,75.73,1,1,0.75364
115,7,1093.42,91.75,59.5,73.28,1,1,0.705
115,8,420.56,297.71,45.96,101.74,1,1,0.82949
115,9,1339.73,770.29,82.57,129.71,1,1,0.82468
115,10,1038.85,669.49,59.36,122.5,1,1,0.7996
115,12,1028.35,250.9,48.03,99.89,1,1,0.6562
115,18,916.93,586.08,63.31,120.67,1,1,0.82324
115,20,1337.31,693.29,65.36,105.02,1,1,0.7706
115,15,1483.56,535.26,85.77,126.31,1,1,0.79556
115,4,1064.05,786.99,104.08,95.93,1,1,0.8162
115,14,1627.6,631.08,88.68,125.08,1,1,0.82425
115,16,1211.01,633.44,54.78,102.43,1,1,0.65025
115,21,1258.34,731.81,66.89,136.98,1,1,0.80714
115,11,1248.18,606.57,56.39,101.15,1,1,0.74748
115,3,1168.14,609.32,63.59,117.57,1,1,0.75242
115,19,1161.93,739.09,101.21,109.68,1,1,0.76453
116,0,1455.59,660.74,58.08,126.07,1,1,0.82263
116,1,1324.18,498.06,51.46,123.91,1,1,0.77737
116,2,1032.11,245.31,68.72,94.83,1,1,0.80452
116,5,844.38,768.27,73.28,130.67,1,1,0.83663
116,6,1059.77,88.19,54.06,77.6,1,1,0.71787
116,7,1084.81,90.09,55.7,72.06,1,1,0.68869
116,8,415.17,298.05,47.3,100.07,1,1,0.83336
116,9,1341.39,769.01,90.34,131.28,1,1,0.83612
116,10,1045.69,672.93,56.7,111.18,1,1,0.79612
116,18,920.39,583.9,63.43,122.89,1,1,0.82396
116,20,1341.24,695.61,63.21,103.52,1,1,0.77332
116,15,1506.51,537.94,74.99,132.06,1,1,0.77827
116,4,1055.48,783.36,98.01,99.93,1,1,0.84842
116,14,1642.18,630.79,82.9,125.92,1,1,0.82719
116,16,1211.73,635.34,55.67,104.16,1,1,0.71202
116,21,1261.21,733.56,65.55,137.88,1,1,0.80068
116,11,1245.22,608.88,58.57,99.15,1,1,0.74874
116,3,1168.69,611.25,61.59,116.07,1,1,0.76219
116,19,1158.5,740.7,108.75,115.71,1,1,0.79336
117,0,1455.18,659.6,57.44,127.18,1,1,0.83662
117,1,1316.73,492.51,54.59,123.7,1,1,0.78203
117,2,1016.89,241.79,73.17,93.52,1,1,0.81315
117,5,851.54,772.42,67.8,133.01,1,1,0.85838
117,6,1045.66,84.71,55.47,74.82,1,1,0.64952
117,7,1070.18,90.97,56.58,78.93,1,1,0.81616
117,8,409.24,297.94,49.63,100.97,1,1,0.85243
117,9,1344.16,766.05,97.19,133.36,1,1,0.87124
117,10,1050.4,676.13,56.5,104.9,1,1,0.82849
117,18,923.93,580.64,63.39,126.47,1,1,0.84735
117,20,1343.0,697.83,63.04,107.0,1,1,0.7877
117,15,1516.97,543.68,71.28,131.34,1,1,0.80519
117,4,1043.67,781.36,104.89,103.6,1,1,0.88847
117,14,1664.16,628.23,70.63,129.24,1,1,0.83819
117,16,1211.0,635.86,55.98,108.7,1,1,0.77413
117,21,1264.27,734.78,64.8,139.35,1,1,0.81183
117,11,1242.24,610.9,61.18,97.57,1,1,0.77195
117,3,1168.75,612.49,60.55,115.2,1,1,0.79222
117,19,1156.8,743.83,114.8,119.13,1,1,0.83721
118,0,1454.63,659.73,57.15,129.05,1,1,0.83164
118,1,1305.69,487.95,60.04,117.36,1,1,0.80247
118,2,1008.03,239.57,55.7,84.61,1,1,0.75414
118,5,856.31,776.47,63.91,133.66,1,1,0.85314
118,6,1034.09,84.58,56.56,80.14,1,1,0.78779
118,7,1064.83,91.74,50.54,79.76,1,1,0.80585
118,8,404.54,299.47,48.38,100.96,1,1,0.84705
118,9,1349.36,762.68,99.79,134.04,1,1,0.87093
118,10,1053.31,679.49,57.06,102.97,1,1,0.8131
118,18,925.78,576.86,62.9,129.44,1,1,0.84097
118,20,1345.83,701.2,62.48,107.71,1,1,0.76931
118,15,1524.48,549.33,68.71,127.77,1,1,0.83905
118,4,1033.31,778.66,110.83,105.86,1,1,0.88952
118,14,1673.4,625.55,71.0,132.07,1,1,0.84185
118,16,1211.19,635.74,55.0,114.14,1,1,0.77369
118,21,1265.19,734.87,63.31,138.02,1,1,0.77151
118,11,1239.43,613.58,64.59,100.07,1,1,0.77826
118,3,1168.74,612.75,59.93,113.78,1,1,0.77831
118,19,1156.18,747.15,117.55,123.62,1,1,0.82715
118,22,1308.19,685.0,52.09,101.39,1,1,0.73403
118,12,1011.81,245.63,50.79,107.13,1,1,0.81695
119,0,1453.46,659.77,57.78,130.41,1,1,0.84072
119,1,1301.96,482.79,59.46,114.78,1,1,0.8163
119,2,1001.11,238.02,43.79,80.54,1,1,0.79473
119,5,858.8,780.52,61.68,136.14,1,1,0.85917
119,6,1025.97,84.86,58.93,82.58,1,1,0.78681
119,7,1057.81,90.11,51.8,80.08,1,1,0.78332
119,8,398.89,301.16,47.27,101.68,1,1,0.84397
119,9,1356.42,759.16,98.97,130.23,1,1,0.86965
119,10,1055.47,681.77,59.71,107.39,1,1,0.80505
119,18,926.2,572.86,62.83,132.46,1,1,0.84141
119,20,1344.68,700.28,66.11,120.21,1,1,0.8017
119,15,1528.61,553.39,73.51,124.06,1,1,0.85808
119,4,1022.29,774.5,118.36,109.51,1,1,0.89634
119,14,1680.09,623.82,71.03,131.63,1,1,0.83284
119,16,1209.59,635.32,56.96,118.93,1,1,0.76568
119,21,1266.08,735.67,63.62,141.55,1,1,0.80899
119,11,1235.44,616.82,70.42,107.99,1,1,0.81195
119,3,1167.13,611.86,60.27,114.94,1,1,0.78195
119,19,1159.39,748.72,115.61,127.21,1,1,0.8373
119,22,1305.53,680.16,51.66,105.09,1,1,0.73621
119,12,1010.33,246.58,49.63,106.42,1,1,0.8355
120,0,1453.05,659.94,56.87,130.54,1,1,0.83791
120,1,1299.37,479.12,56.38,113.78,1,1,0.82088
120,2,991.47,237.61,41.07,76.61,1,1,0.80106
120,5,860.2,784.13,60.22,135.25,1,1,0.85921
120,6,1019.8,83.64,57.78,86.0,1,1,0.81674
120,7,1049.12,87.22,54.86,80.06,1,1,0.74451
120,8,390.9,301.33,49.15,102.23,1,1,0.85334
120,9,1368.23,756.62,94.26,128.14,1,1,0.85518
120,10,1058.28,683.25,61.13,112.32,1,1,0.81927
120,18,926.99,568.34,61.19,135.01,1,1,0.83538
120,20,1346.18,700.03,66.53,115.87,1,1,0.77988
120,15,1530.54,555.01,82.26,121.88,1,1,0.86821
120,4,1011.72,768.34,120.98,115.51,1,1,0.89594
120,14,1685.77,620.91,73.86,129.76,1,1,0.841
120,16,1208.7,635.77,57.21,120.43,1,1,0.76118
120,21,1267.76,736.71,62.96,142.51,1,1,0.80927
120,11,1232.56,619.33,69.71,111.88,1,1,0.79329
120,3,1164.1,610.64,59.52,115.75,1,1,0.80028
120,19,1163.83,748.38,112.96,128.99,1,1,0.83413
120,22,1306.48,682.46,49.48,100.5,1,1,0.74893
120,12,1007.96,248.06,49.68,103.13,1,1,0.83082
121,0,1451.2,659.79,56.74,127.19,1,1,0.83037
121,1,1294.61,474.29,54.05,116.03,1,1,0.81233
121,2,978.92,236.54,39.85,76.52,1,1,0.80221
121,5,860.9,787.75,60.92,131.99,1,1,0.86045
121,6,1013.44,79.41,52.11,85.34,1,1,0.74855
121,7,1035.96,82.86,59.54,81.07,1,1,0.76365
121,8,379.58,300.3,54.59,102.28,1,1,0.85505
121,9,1386.53,754.25,85.35,127.94,1,1,0.84541
121,10,1061.17,684.13,63.58,115.87,1,1,0.83106
121,18,928.52,564.79,59.05,134.51,1,1,0.82513
121,20,1347.51,700.21,67.18,116.42,1,1,0.77143
121,15,1531.46,554.16,89.68,122.01,1,1,0.87676
121,4,1002.87,762.55,116.34,120.27,1,1,0.89953
121,14,1695.84,617.19,70.95,126.06,1,1,0.84117
121,16,1208.18,637.06,56.73,119.46,1,1,0.75328
121,21,1267.71,736.54,64.52,144.21,1,1,0.82143
121,11,1229.99,620.09,64.55,110.79,1,1,0.75105
121,3,1159.8,608.57,59.7,117.64,1,1,0.80718
121,19,1170.19,747.73,106.89,129.61,1,1,0.83456
121,22,1307.15,680.83,48.21,99.62,1,1,0.76751
121,12,1002.02,249.63,52.16,99.37,1,1,0.82817
122,0,1447.46,660.21,58.38,120.03,1,1,0.80846
122,1,1287.58,470.12,53.94,119.29,1,1,0.80796
122,2,965.24,233.85,40.39,78.21,1,1,0.79553
122,5,860.91,791.37,62.89,128.8,1,1,0.85473
122,6,1006.25,77.62,66.33,87.88,1,1,0.83606
122,8,369.02,297.59,58.53,104.49,1,1,0.85317
122,9,1403.24,754.0,74.49,127.14,1,1,0.83976
122,10,1063.11,685.26,64.13,118.39,1,1,0.82081
122,18,930.85,562.81,55.18,131.42,1,1,0.82589
122,20,1347.26,699.88,70.27,128.82,1,1,0.81027
122,15,1533.1,555.33,95.39,120.47,1,1,0.86532
122,4,991.86,757.47,106.59,124.51,1,1,0.88773
122,14,1705.8,614.47,66.53,125.02,1,1,0.84225
122,16,1205.5,639.62,60.34,116.97,1,1,0.74961
122,21,1267.14,737.96,65.51,143.23,1,1,0.8107
122,11,1225.37,621.85,62.11,104.23,1,1,0.71341
122,3,1154.41,607.5,61.65,118.16,1,1,0.80685
122,19,1174.35,748.43,101.33,128.92,1,1,0.82906
122,22,1307.21,683.53,48.15,97.11,1,1,0.76278
122,12,990.97,250.77,59.39,96.19,1,1,0.83604
123,0,1444.34,660.21,61.52,121.98,1,1,0.7842
123,1,1281.04,465.34,51.23,120.17,1,1,0.79184
123,2,951.05,231.61,46.9,86.12,1,1,0.79743
123,5,859.19,794.86,64.78,125.43,1,1,0.85166
123,6,994.02,75.42,70.8,91.1,1,1,0.83536
123,8,357.82,294.9,63.52,107.91,1,1,0.84437
123,9,1407.56,753.46,76.23,127.66,1,1,0.83478
123,10,1062.82,687.76,64.63,122.39,1,1,0.80165
123,18,931.38,561.53,51.72,129.02,1,1,0.82579
123,20,1346.43,699.9,72.62,131.4,1,1,0.81364
123,15,1534.85,554.17,100.65,122.12,1,1,0.84721
123,4,979.75,753.15,92.57,128.5,1,1,0.86614
123,14,1720.54,613.16,56.8,125.36,1,1,0.839
123,16,1202.45,641.62,60.79,115.23,1,1,0.75239
123,21,1265.2,739.31,66.33,140.99,1,1,0.79342
123,11,1219.79,623.14,60.68,102.27,1,1,0.6873
123,3,1147.89,606.42,63.8,118.73,1,1,0.81172
123,19,1174.79,749.58,98.91,127.31,1,1,0.8075
123,22,1306.15,686.11,48.03,97.75,1,1,0.75503
123,12,978.81,250.49,65.02,95.99,1,1,0.82622
124,0,1443.8,657.01,60.85,118.07,1,1,0.80908
124,1,1275.51,461.58,48.94,106.53,1,1,0.7783
124,2,936.88,228.91,48.62,94.73,1,1,0.80366
124,5,857.27,798.75,65.4,121.79,1,1,0.85586
124,6,981.69,74.23,71.22,91.46,1,1,0.86102
124,8,347.79,291.64,67.38,110.24,1,1,0.85836
124,9,1407.91,752.68,83.24,128.64,1,1,0.85698
124,10,1061.53,689.76,64.48,123.62,1,1,0.78265
124,18,931.11,560.81,49.6,127.32,1,1,0.82674
124,20,1347.01,700.08,74.06,128.41,1,1,0.81321
124,15,1541.89,554.13,103.28,126.2,1,1,0.83754
124,4,967.29,748.29,88.37,131.85,1,1,0.86504
124,14,1731.03,612.45,50.67,124.84,1,1,0.86837
124,16,1200.6,644.7,59.5,112.19,1,1,0.74971
124,21,1263.46,740.37,68.08,138.84,1,1,0.79591
124,3,1140.53,605.02,63.69,118.9,1,1,0.80672
124,19,1173.35,749.67,98.36,126.27,1,1,0.7885
124,22,1306.3,687.74,47.84,103.14,1,1,0.7439
124,12,973.29,250.03,62.33,95.79,1,1,0.84842
125,0,1441.75,653.72,60.95,119.05,1,1,0.81671
125,1,1270.3,457.62,45.9,104.31,1,1,0.80928
125,2,922.69,228.19,44.88,99.39,1,1,0.81916
125,5,855.14,802.26,67.51,122.36,1,1,0.85723
125,6,970.51,73.51,69.0,89.39,1,1,0.86127
125,8,340.97,289.55,65.23,110.14,1,1,0.80888
125,9,1406.81,751.5,91.81,128.93,1,1,0.86699
125,10,1057.59,691.42,65.29,123.93,1,1,0.78537
125,18,929.24,560.27,49.13,126.48,1,1,0.82758
125,20,1347.02,700.78,73.26,128.85,1,1,0.81782
125,15,1554.98,554.44,96.79,130.34,1,1,0.80171
125,4,954.79,744.17,90.98,132.6,1,1,0.87815
125,14,1733.91,611.29,55.71,125.44,1,1,0.87439
125,16,1195.45,647.09,60.96,109.49,1,1,0.73401
125,21,1262.8,742.16,68.66,136.84,1,1,0.80827
125,3,1131.01,604.61,67.52,118.61,1,1,0.7967
125,19,1171.24,750.31,97.91,125.35,1,1,0.78752
125,22,1305.65,689.85,48.62,105.37,1,1,0.76371
125,12,965.3,250.14,61.69,94.74,1,1,0.85189
126,0,1438.52,650.45,60.51,123.43,1,1,0.86461
126,1,1265.46,453.29,43.89,100.66,1,1,0.85215
126,2,908.48,226.51,44.54,102.34,1,1,0.83914
126,5,853.24,805.01,72.89,124.12,1,1,0.88155
126,6,959.01,72.47,63.57,88.52,1,1,0.89038
126,9,1408.71,748.23,97.66,127.82,1,1,0.89921
126,10,1054.58,692.87,63.7,121.28,1,1,0.83397
126,18,928.29,559.07,47.36,125.77,1,1,0.85393
126,20,1346.85,700.92,69.47,132.56,1,1,0.84126
126,15,1573.37,556.56,83.22,129.71,1,1,0.7275
126,4,942.16,739.52,95.45,133.77,1,1,0.92729
126,14,1733.81,611.9,64.43,122.59,1,1,0.915
126,16,1190.02,646.89,60.56,109.2,1,1,0.73505
126,21,1262.73,744.21,68.36,134.13,1,1,0.83527
126,3,1122.74,604.1,69.4,119.26,1,1,0.8373
126,19,1169.13,750.94,99.11,128.42,1,1,0.84196
126,22,1304.5,691.74,48.72,105.32,1,1,0.78758
126,12,955.86,252.05,61.46,91.08,1,1,0.87155
127,0,1435.48,647.01,60.61,127.25,1,1,0.8937
127,1,1258.05,449.13,44.34,103.74,1,1,0.85317
127,2,892.37,225.49,48.82,98.2,1,1,0.84333
127,5,850.19,806.92,75.83,124.91,1,1,0.89611
127,6,946.24,72.11,63.17,87.78,1,1,0.8862
127,9,1415.73,746.0,96.63,126.41,1,1,0.90692
127,10,1050.66,693.84,63.73,119.73,1,1,0.84744
127,18,926.01,556.73,50.18,127.18,1,1,0.8635
127,20,1345.15,702.39,68.01,135.87,1,1,0.86052
127,15,1591.06,556.74,70.23,129.2,1,1,0.86508
127,4,929.01,735.95,99.01,130.72,1,1,0.92831
127,14,1733.4,609.99,74.43,121.99,1,1,0.92052
127,16,1184.84,649.12,62.1,107.12,1,1,0.71144
127,21,1261.79,746.58,70.24,135.51,1,1,0.84985
127,3,1115.5,603.64,70.93,119.8,1,1,0.80552
127,19,1166.34,752.21,101.19,134.99,1,1,0.8667
127,22,1302.83,693.67,50.41,105.95,1,1,0.79626
127,12,941.04,254.15,66.12,88.71,1,1,0.87933
127,8,329.7,288.1,51.76,106.93,1,1,0.72993
128,0,1434.38,644.97,58.87,125.37,1,1,0.90614
128,1,1250.74,444.13,44.01,107.4,1,1,0.84981
128,2,877.66,223.97,51.78,92.74,1,1,0.85314
128,5,846.9,808.11,76.92,124.61,1,1,0.89883
128,6,931.53,71.84,66.02,87.51,1,1,0.86971
128,9,1428.33,743.58,88.67,126.77,1,1,0.89131
128,10,1045.63,694.63,65.03,118.62,1,1,0.83899
128,18,924.45,553.91,54.18,128.85,1,1,0.86225
128,20,1344.4,704.23,65.55,137.13,1,1,0.87678
128,15,1598.21,558.0,70.3,128.41,1,1,0.88278
128,4,915.94,732.97,98.17,130.13,1,1,0.90319
128,14,1735.78,607.55,79.51,123.11,1,1,0.91539
128,16,1176.03,649.64,66.74,107.45,1,1,0.70077
128,21,1261.72,748.75,70.9,137.71,1,1,0.85843
128,3,1109.64,604.14,71.41,119.64,1,1,0.77181
128,19,1165.0,755.29,101.59,140.09,1,1,0.8789
128,22,1301.22,696.21,51.09,106.57,1,1,0.80226
128,12,928.69,255.24,67.86,87.98,1,1,0.89145
129,0,1433.09,643.29,57.35,122.97,1,1,0.87607
129,1,1242.6,439.53,45.67,110.09,1,1,0.82728
129,2,861.85,222.72,52.25,90.95,1,1,0.82975
129,5,842.43,807.8,78.99,125.27,1,1,0.88033
129,6,915.92,69.79,67.1,90.01,1,1,0.86886
129,9,1446.58,740.83,76.27,128.51,1,1,0.8728
129,10,1041.06,694.81,66.46,118.91,1,1,0.82622
129,18,922.59,550.82,58.03,130.12,1,1,0.84287
129,20,1342.71,705.42,65.09,141.36,1,1,0.86091
129,15,1599.45,558.39,80.38,126.2,1,1,0.86595
129,4,901.64,730.72,92.73,132.37,1,1,0.85546
129,14,1738.54,604.14,79.64,125.47,1,1,0.8971
129,16,1168.42,649.66,69.4,109.06,1,1,0.72493
129,21,1259.57,751.05,74.0,136.0,1,1,0.82213
129,3,1105.44,604.23,70.35,119.85,1,1,0.80832
129,19,1162.03,757.33,103.55,145.41,1,1,0.8724
129,22,1299.88,697.95,51.27,108.85,1,1,0.78296
129,12,921.19,255.09,66.3,87.1,1,1,0.86652
129,11,1192.39,620.96,57.03,112.06,1,1,0.67648
130,0,1430.73,641.46,57.64,123.41,1,1,0.82623
130,1,1232.96,434.93,50.15,111.55,1,1,0.79257
130,2,846.67,223.08,50.73,92.03,1,1,0.77798
130,5,833.13,808.55,83.66,125.73,1,1,0.82182
130,6,902.5,69.06,67.7,89.47,1,1,0.83762
130,9,1460.15,738.75,68.06,131.39,1,1,0.83726
130,10,1036.84,694.56,67.68,119.88,1,1,0.7758
130,18,920.28,548.16,60.45,127.47,1,1,0.79567
130,20,1339.91,708.74,64.4,144.01,1,1,0.81986
130,15,1599.48,558.69,90.57,125.67,1,1,0.82287
130,4,875.73,728.97,97.39,136.16,1,1,0.82161
130,14,1753.6,602.35,67.28,126.37,1,1,0.85594
130,16,1160.34,651.48,73.22,112.06,1,1,0.70152
130,21,1258.66,754.37,78.3,139.1,1,1,0.78757
130,3,1100.64,605.85,71.81,119.67,1,1,0.72404
130,19,1158.73,760.33,105.76,148.7,1,1,0.80191
130,22,1298.48,700.68,50.47,107.06,1,1,0.74587
130,12,915.69,253.53,62.91,88.38,1,1,0.80187
130,11,1185.66,619.96,57.4,117.72,1,1,0.69547
131,0,1428.45,638.91,58.96,126.91,1,1,0.80414
131,1,1225.43,429.79,51.58,117.01,1,1,0.7834
131,2,833.95,221.09,49.32,96.2,1,1,0.77841
131,5,820.0,808.42,92.22,127.41,1,1,0.82806
131,6,888.09,68.12,69.64,87.2,1,1,0.82101
131,9,1466.13,735.16,68.73,135.37,1,1,0.82119
131,10,1031.91,693.59,68.1,121.48,1,1,0.79279
131,18,919.4,545.4,61.08,124.54,1,1,0.80727
131,20,1337.17,711.58,64.29,144.25,1,1,0.81579
131,15,1600.34,557.56,98.0,125.39,1,1,0.82467
131,4,859.14,726.19,97.95,140.44,1,1,0.82886
131,14,1767.35,598.91,58.53,130.06,1,1,0.83432
131,16,1154.15,653.11,76.37,116.17,1,1,0.70384
131,21,1257.38,757.41,83.51,143.56,1,1,0.80232
131,3,1096.17,607.08,72.3,118.53,1,1,0.77714
131,19,1155.98,764.25,106.63,149.95,1,1,0.81333
131,22,1297.18,703.68,49.99,106.69,1,1,0.76164
131,12,909.87,251.77,66.57,91.3,1,1,0.81963
131,11,1178.6,617.81,59.05,116.64,1,1,0.69651
131,8,295.43,286.71,44.34,109.84,1,1,0.73866
132,0,1427.55,635.18,57.44,129.59,1,1,0.80186
132,1,1215.82,425.82,54.57,118.48,1,1,0.75681
132,2,819.43,219.52,47.96,98.38,1,1,0.79293
132,5,808.46,806.65,99.4,129.1,1,1,0.83796
132,6,873.4,67.73,69.91,86.71,1,1,0.80749
132,9,1469.21,729.76,73.33,140.09,1,1,0.8328
132,10,1022.59,692.02,72.35,123.09,1,1,0.79749
132,18,917.69,542.58,61.89,123.4,1,1,0.81466
132,20,1333.34,714.78,64.13,143.04,1,1,0.81636
132,15,1605.0,556.0,100.73,124.29,1,1,0.84978
132,4,844.92,722.15,97.93,144.09,1,1,0.83756
132,14,1772.82,594.99,56.98,132.93,1,1,0.82534
132,16,1143.47,652.42,83.34,120.39,1,1,0.78125
132,21,1256.93,760.78,87.31,147.27,1,1,0.81177
132,3,1091.63,607.83,73.36,117.57,1,1,0.78524
132,19,1153.92,769.23,108.16,149.07,1,1,0.8171
132,22,1295.81,706.81,49.08,101.46,1,1,0.76827
132,12,904.98,250.14,69.97,93.17,1,1,0.82826
132,11,1171.7,615.82,60.23,118.93,1,1,0.71883
132,8,286.61,284.36,45.16,110.38,1,1,0.79791
133,0,1425.27,630.81,56.02,132.5,1,1,0.80543
133,1,1208.33,419.62,55.22,118.53,1,1,0.76238
133,2,802.86,218.88,48.72,99.74,1,1,0.80873
133,5,798.22,804.17,105.26,130.76,1,1,0.841
133,6,857.0,66.3,68.71,89.33,1,1,0.8141
133,9,1470.27,724.66,79.11,142.58,1,1,0.84108
133,10,1011.74,689.62,77.1,125.37,1,1,0.80786
133,18,914.03,539.47,59.88,124.75,1,1,0.81078
133,20,1330.33,716.65,63.31,141.89,1,1,0.8179
133,15,1617.42,553.81,96.61,126.33,1,1,0.80839
133,4,830.21,717.8,98.11,146.0,1,1,0.82979
133,14,1776.45,589.94,59.94,135.04,1,1,0.82443
133,16,1137.54,652.83,85.26,121.39,1,1,0.79088
133,21,1255.25,763.67,90.46,147.84,1,1,0.82473
133,3,1087.47,607.1,72.54,118.25,1,1,0.80233
133,19,1153.11,772.73,107.1,147.81,1,1,0.84058
133,22,1293.93,708.8,49.39,101.87,1,1,0.7773
133,12,900.08,249.04,73.09,94.41,1,1,0.83422
133,11,1164.77,613.79,59.42,118.91,1,1,0.75487
133,8,276.41,281.63,45.1,110.53,1,1,0.74798
134,0,1423.5,626.37,53.65,133.4,1,1,0.79445
134,1,1202.64,415.23,53.06,112.08,1,1,0.80036
134,2,785.95,219.9,55.25,98.84,1,1,0.83223
134,5,789.69,801.7,106.98,131.76,1,1,0.82953
134,6,842.13,64.12,64.97,89.09,1,1,0.80719
134,9,1474.91,719.94,81.46,139.96,1,1,0.82803
134,10,1001.0,686.37,82.51,128.31,1,1,0.80782
134,18,910.37,535.46,58.34,127.52,1,1,0.79695
134,20,1328.31,718.43,61.42,140.15,1,1,0.80529
134,15,1630.61,551.33,86.68,128.41,1,1,0.80429
134,4,819.88,713.62,94.72,144.36,1,1,0.83342
134,14,1784.53,587.25,57.28,129.47,1,1,0.82057
134,16,1131.52,651.11,86.51,123.3,1,1,0.81263
134,21,1255.32,765.85,89.06,146.72,1,1,0.81802
134,3,1084.62,605.77,71.01,119.79,1,1,0.79721
134,19,1153.54,774.95,104.04,145.72,1,1,0.8263
134,22,1292.07,710.7,49.77,103.41,1,1,0.766
134,12,894.77,247.93,76.91,94.27,1,1,0.82961
134,11,1159.3,611.25,58.64,119.29,1,1,0.77833
134,8,267.76,280.75,42.82,107.77,1,1,0.75515
135,0,1422.81,622.84,52.88,131.62,1,1,0.78861
135,1,1197.23,411.53,52.57,107.75,1,1,0.80034
135,2,767.5,220.82,66.5,99.21,1,1,0.83242
135,5,784.72,800.92,104.26,131.26,1,1,0.83235
135,6,824.78,63.48,67.72,89.62,1,1,0.79924
135,9,1483.77,715.91,79.75,134.8,1,1,0.81442
135,10,992.06,682.74,86.15,130.96,1,1,0.8087
135,18,909.73,531.05,57.11,130.95,1,1,0.79792
135,20,1325.83,720.6,61.01,137.94,1,1,0.79251
135,15,1645.48,549.59,79.36,131.43,1,1,0.80468
135,4,813.46,709.32,88.36,137.68,1,1,0.83192
135,14,1793.91,584.08,54.21,124.91,1,1,0.83217
135,16,1126.97,649.15,86.21,125.55,1,1,0.809
135,21,1253.01,767.41,88.57,145.43,1,1,0.8169
135,3,1083.01,603.41,68.16,122.37,1,1,0.80212
135,19,1154.99,776.59,100.07,143.86,1,1,0.82089
135,22,1290.92,713.53,50.41,108.48,1,1,0.76477
135,12,891.49,247.9,78.69,92.84,1,1,0.81304
135,11,1154.56,609.11,59.56,118.96,1,1,0.78025
135,8,259.51,280.52,43.63,106.7,1,1,0.71416
136,0,1424.39,619.88,50.11,125.68,1,1,0.77993
136,1,1192.64,409.13,52.51,105.33,1,1,0.79696
136,2,743.95,221.87,80.67,99.83,1,1,0.85256
136,5,778.9,801.92,101.1,127.76,1,1,0.84546
136,6,811.29,63.22,70.26,89.87,1,1,0.79103
136,9,1498.79,713.19,72.89,133.58,1,1,0.82416
136,10,985.73,679.28,88.2,132.9,1,1,0.81635
136,18,909.77,526.52,55.54,133.06,1,1,0.79188
136,20,1324.29,721.96,60.99,135.79,1,1,0.77794
136,15,1660.52,547.73,73.34,133.35,1,1,0.80447
136,4,806.58,706.15,79.29,130.55,1,1,0.81537
136,14,1803.19,581.77,50.8,122.2,1,1,0.83736
136,16,1124.97,648.53,84.17,126.0,1,1,0.79829
136,21,1253.67,768.11,86.21,144.47,1,1,0.80562
136,3,1081.37,600.69,67.42,124.56,1,1,0.77789
136,19,1155.16,776.89,97.11,143.21,1,1,0.80865
136,22,1290.96,716.87,52.21,110.4,1,1,0.73636
136,12,889.68,248.04,76.83,90.92,1,1,0.80639
136,11,1151.47,607.76,58.52,118.3,1,1,0.7786
136,8,248.83,280.14,47.46,107.45,1,1,0.78347
137,0,1424.38,617.6,52.35,123.18,1,1,0.79242
137,1,1189.25,405.88,49.36,106.98,1,1,0.78922
137,2,727.89,222.56,83.43,99.62,1,1,0.85945
137,5,774.21,804.21,94.93,122.7,1,1,0.85044
137,6,798.32,61.85,75.52,90.07,1,1,0.80338
137,9,1514.95,710.62,64.01,135.0,1,1,0.82364
137,10,982.92,677.03,86.74,132.89,1,1,0.82121
137,18,910.49,522.53,54.2,134.59,1,1,0.80529
137,20,1324.1,722.86,61.43,134.56,1,1,0.79968
137,15,1667.71,547.58,74.91,133.95,1,1,0.80776
137,4,798.75,701.91,66.05,122.78,1,1,0.79382
137,14,1812.53,580.32,49.91,122.38,1,1,0.83137
137,16,1122.97,648.29,78.8,125.59,1,1,0.80412
137,21,1253.22,768.6,85.81,143.97,1,1,0.80719
137,3,1080.68,597.26,67.7,127.39,1,1,0.78411
137,19,1156.84,776.31,93.21,144.26,1,1,0.81864
137,22,1291.75,719.27,54.01,114.28,1,1,0.75223
137,12,890.67,247.36,74.57,88.85,1,1,0.82316
137,11,1149.59,607.33,56.4,116.75,1,1,0.78323
137,8,236.39,278.86,54.65,107.77,1,1,0.83635
138,0,1424.5,614.42,53.73,125.22,1,1,0.81308
138,1,1186.51,402.02,48.22,108.89,1,1,0.80188
138,2,719.36,223.31,72.12,97.98,1,1,0.85131
138,5,769.26,807.27,85.32,117.5,1,1,0.84545
138,6,787.91,61.41,76.31,90.17,1,1,0.81375
138,9,1526.76,708.35,60.19,136.04,1,1,0.84494
138,10,982.46,675.3,83.46,133.07,1,1,0.83367
138,18,911.55,519.11,51.99,132.76,1,1,0.80707
138,20,1325.16,722.92,60.45,134.34,1,1,0.80022
138,15,1673.27,548.39,77.46,132.18,1,1,0.82185
138,4,790.43,698.85,56.06,126.04,1,1,0.77999
138,14,1821.72,578.34,49.35,122.71,1,1,0.85158
138,16,1120.98,646.57,70.45,126.26,1,1,0.80619
138,21,1251.85,768.26,86.51,144.01,1,1,0.81627
138,3,1080.46,593.64,67.51,130.45,1,1,0.78005
138,19,1159.91,774.96,87.32,145.58,1,1,0.82735
138,22,1292.77,720.01,53.4,113.61,1,1,0.75603
138,12,892.56,246.23,71.44,88.25,1,1,0.83915
138,11,1148.42,606.67,54.38,115.68,1,1,0.78486
138,8,225.09,276.37,61.82,108.83,1,1,0.8528
139,0,1426.18,610.52,53.52,127.06,1,1,0.89785
139,1,1184.91,397.26,46.23,109.14,1,1,0.83518
139,2,717.44,222.52,58.39,97.23,1,1,0.86984
139,5,763.15,805.04,78.49,118.13,1,1,0.89668
139,6,778.08,61.28,72.8,88.16,1,1,0.82046
139,9,1536.15,704.88,60.57,136.52,1,1,0.88976
139,10,982.16,673.99,74.73,128.95,1,1,0.89055
139,18,913.85,516.37,48.02,126.1,1,1,0.83603
139,20,1327.31,722.8,57.29,132.47,1,1,0.84632
139,15,1678.36,545.22,86.4,133.01,1,1,0.87996
139,4,782.42,694.69,50.93,133.75,1,1,0.83864
139,14,1830.92,575.56,48.51,121.49,1,1,0.9133
139,16,1118.76,645.01,59.71,125.65,1,1,0.88181
139,21,1253.74,767.38,81.62,141.19,1,1,0.84276
139,3,1081.59,591.25,64.85,129.39,1,1,0.79457
139,19,1167.28,772.07,78.76,146.68,1,1,0.87834
139,12,895.25,245.82,65.37,84.45,1,1,0.87033
139,11,1146.49,603.94,53.3,115.18,1,1,0.85228
139,8,218.08,273.4,64.08,108.75,1,1,0.83748
140,0,1426.78,607.26,55.9,128.29,1,1,0.89288
140,1,1184.82,390.98,43.14,108.67,1,1,0.79804
140,2,715.71,220.25,49.88,98.23,1,1,0.85137
140,5,757.17,804.05,71.59,118.9,1,1,0.87309
140,6,765.8,61.48,70.25,90.01,1,1,0.80944
140,9,1542.8,700.26,64.13,135.72,1,1,0.84891
140,10,979.3,672.14,66.53,126.88,1,1,0.8639
140,18,915.82,513.6,45.91,122.67,1,1,0.84269
140,20,1328.76,723.28,55.61,130.82,1,1,0.83255
140,15,1686.52,542.21,88.79,129.07,1,1,0.85958
140,4,770.93,689.99,53.04,139.63,1,1,0.84639
140,14,1834.19,572.56,56.13,121.08,1,1,0.91097
140,16,1115.53,644.59,54.18,125.98,1,1,0.87001
140,21,1253.38,767.92,80.08,139.62,1,1,0.82823
140,3,1081.45,589.3,64.54,129.6,1,1,0.82172
140,19,1170.63,769.09,73.93,148.45,1,1,0.86202
140,12,897.26,245.17,60.8,81.94,1,1,0.84671
140,11,1145.55,600.61,51.25,117.3,1,1,0.82129
140,8,213.45,271.03,61.17,108.58,1,1,0.85697
141,0,1426.84,603.63,58.17,127.18,1,1,0.85952
141,1,1182.41,384.89,42.43,106.4,1,1,0.80309
141,2,711.92,218.45,48.76,99.55,1,1,0.83464
141,5,749.83,801.53,70.24,121.05,1,1,0.84359
141,6,754.58,61.73,66.15,90.96,1,1,0.83494
141,9,1547.01,697.95,72.45,132.38,1,1,0.80449
141,10,975.6,670.42,61.47,127.44,1,1,0.81055
141,18,915.98,511.08,46.36,122.48,1,1,0.80918
141,20,1330.62,724.42,52.81,129.88,1,1,0.79103
141,15,1701.16,539.99,84.05,126.76,1,1,0.79088
141,4,755.02,685.6,60.58,137.93,1,1,0.81616
141,14,1835.17,569.36,63.85,121.74,1,1,0.89668
141,16,1109.71,643.04,53.95,128.62,1,1,0.82592
141,21,1251.95,769.97,79.59,137.36,1,1,0.80623
141,3,1082.04,587.99,64.97,121.71,1,1,0.79736
141,19,1170.12,766.23,72.45,149.74,1,1,0.83361
141,12,897.74,244.76,59.36,80.95,1,1,0.83448
141,11,1144.47,598.24,49.39,121.97,1,1,0.76799
141,8,209.71,269.69,56.16,107.08,1,1,0.82561
141,22,1293.81,721.24,53.17,119.49,1,1,0.65309
142,0,1430.68,600.27,57.69,124.82,1,1,0.82254
142,1,1181.13,381.28,40.77,97.68,1,1,0.79086
142,2,703.76,216.63,51.01,99.35,1,1,0.80963
142,5,741.32,797.22,73.81,125.02,1,1,0.80688
142,6,746.46,62.33,61.16,92.73,1,1,0.79314
142,9,1551.69,694.45,79.76,131.2,1,1,0.81093
142,10,972.04,668.26,59.03,129.26,1,1,0.77854
142,18,916.12,508.6,46.52,123.3,1,1,0.79312
142,20,1330.39,726.07,52.95,130.85,1,1,0.76228
142,4,740.23,681.43,67.54,137.04,1,1,0.81347
142,14,1837.74,565.08,66.99,122.62,1,1,0.87932
142,16,1105.99,642.5,51.88,129.02,1,1,0.77535
142,21,1244.59,771.75,82.52,138.13,1,1,0.79298
142,3,1082.75,586.68,66.65,116.82,1,1,0.71284
142,19,1168.94,763.63,69.61,149.41,1,1,0.80027
142,12,896.86,246.22,59.21,78.49,1,1,0.82897
142,11,1144.31,593.86,47.7,132.83,1,1,0.74929
142,8,206.96,269.45,51.36,105.5,1,1,0.83163
142,22,1293.2,721.01,52.07,123.07,1,1,0.65951
143,0,1436.03,596.47,54.64,120.82,1,1,0.8164
143,1,1177.05,379.25,41.48,95.49,1,1,0.79968
143,2,688.64,215.19,58.95,98.96,1,1,0.83322
143,5,735.02,790.6,76.65,129.96,1,1,0.81746
143,6,738.12,63.52,58.07,93.13,1,1,0.78319
143,9,1559.06,690.27,81.46,128.89,1,1,0.82994
143,10,968.6,664.02,60.51,132.22,1,1,0.79058
143,18,917.05,504.58,46.83,126.91,1,1,0.799
143,20,1330.27,727.36,54.38,133.04,1,1,0.75716
143,4,729.52,676.68,69.53,136.34,1,1,0.80944
143,14,1844.24,562.29,66.11,117.52,1,1,0.88244
143,16,1100.35,642.2,53.86,128.74,1,1,0.79877
143,21,1241.07,772.85,81.78,140.93,1,1,0.80652
143,3,1082.39,584.89,68.67,116.5,1,1,0.6699
143,19,1166.07,761.29,71.14,149.38,1,1,0.80936
143,12,895.63,247.41,61.2,76.76,1,1,0.82688
143,11,1144.09,590.02,47.06,137.61,1,1,0.77661
143,8,206.38,268.17,46.58,105.52,1,1,0.72312
143,22,1292.72,720.91,52.46,125.59,1,1,0.65086
143,15,1738.52,538.47,63.75,126.54,1,1,0.81134
144,0,1441.09,592.64,50.11,116.5,1,1,0.88546
144,1,1172.95,376.99,41.08,96.8,1,1,0.82666
144,2,676.64,212.45,62.94,96.34,1,1,0.86858
144,5,727.88,784.17,79.12,133.52,1,1,0.868
144,6,723.28,61.56,64.26,94.43,1,1,0.83309
144,9,1569.76,687.14,75.19,127.86,1,1,0.88655
144,10,965.57,658.31,60.65,133.28,1,1,0.81747
144,18,918.8,500.02,46.12,129.14,1,1,0.81268
144,20,1331.43,730.1,55.66,134.82,1,1,0.78565
144,4,723.73,672.9,65.92,132.1,1,1,0.84452
144,14,1855.72,559.82,62.37,114.73,1,1,0.89871
144,16,1096.52,641.36,54.77,128.55,1,1,0.8371
144,21,1237.27,773.99,81.56,145.9,1,1,0.84482
144,19,1163.71,760.14,68.83,148.55,1,1,0.84698
144,12,896.24,248.74,62.31,74.95,1,1,0.80928
144,11,1144.04,586.51,47.3,138.31,1,1,0.8048
144,15,1751.7,537.66,63.94,125.53,1,1,0.86184
145,0,1444.94,589.68,47.82,115.02,1,1,0.89227
145,1,1168.55,374.02,42.83,99.52,1,1,0.85415
145,2,668.63,210.23,63.74,93.67,1,1,0.89448
145,5,723.44,777.67,80.74,136.35,1,1,0.89646
145,6,711.28,57.96,68.66,95.6,1,1,0.89177
145,9,1583.74,684.06,64.52,129.23,1,1,0.89811
145,10,961.46,653.21,60.1,134.11,1,1,0.85338
145,18,920.19,495.66,46.25,130.9,1,1,0.82097
145,20,1327.4,727.96,61.52,143.52,1,1,0.82329
145,4,717.88,670.65,62.52,127.0,1,1,0.8632
145,14,1870.02,555.79,51.4,115.77,1,1,0.90302
145,16,1092.47,640.19,57.34,129.01,1,1,0.8597
145,21,1236.06,775.63,79.41,147.45,1,1,0.86107
145,19,1160.19,759.08,65.99,148.64,1,1,0.87002
145,12,895.41,249.78,66.29,73.86,1,1,0.81516
145,11,1144.04,583.28,48.21,138.8,1,1,0.83749
145,15,1756.63,534.62,69.8,126.48,1,1,0.82027
146,0,1446.88,586.73,47.77,116.22,1,1,0.89503
146,1,1163.84,369.74,46.35,102.9,1,1,0.86426
146,2,663.1,209.27,62.2,92.85,1,1,0.91063
146,5,717.51,772.27,78.14,131.23,1,1,0.91292
146,6,697.24,54.97,71.11,93.39,1,1,0.86371
146,9,1593.06,681.26,57.45,131.41,1,1,0.92096
146,10,954.66,649.4,61.24,131.6,1,1,0.88762
146,18,921.17,492.12,45.48,126.6,1,1,0.85572
146,20,1326.27,732.3,63.07,146.59,1,1,0.87942
146,4,711.35,668.37,61.72,122.3,1,1,0.89589
146,14,1876.77,552.45,45.02,118.66,1,1,0.90466
146,16,1087.18,639.21,60.01,128.04,1,1,0.86434
146,21,1236.54,777.74,76.11,147.42,1,1,0.89413
146,19,1155.73,759.07,62.17,148.43,1,1,0.91608
146,12,894.64,250.76,70.04,73.68,1,1,0.83699
146,11,1143.15,581.26,49.1,135.83,1,1,0.87987
146,15,1759.49,532.74,77.19,125.09,1,1,0.90391
146,8,196.63,262.42,39.77,98.73,1,1,0.67237
147,0,1446.32,583.24,48.31,117.69,1,1,0.89426
147,1,1160.26,365.99,46.84,104.8,1,1,0.86349
147,2,658.79,208.51,59.24,94.01,1,1,0.91581
147,5,709.5,771.35,71.97,125.16,1,1,0.91487
147,6,682.13,55.16,73.36,89.89,1,1,0.86257
147,9,1598.41,677.04,55.16,135.0,1,1,0.91413
147,10,948.33,647.68,63.34,127.09,1,1,0.90643
147,18,921.21,489.47,44.92,119.6,1,1,0.86739
147,20,1323.72,740.27,63.56,145.3,1,1,0.88712
147,4,705.12,665.39,60.17,120.54,1,1,0.90604
147,14,1880.28,549.05,41.04,121.06,1,1,0.90184
147,16,1083.03,639.31,60.45,127.56,1,1,0.85702
147,21,1236.47,778.87,71.73,146.1,1,1,0.8939
147,19,1150.32,758.2,59.67,148.52,1,1,0.92391
147,12,892.9,251.88,73.53,73.53,1,1,0.86589
147,11,1140.36,579.72,51.28,134.14,1,1,0.9018
147,15,1762.13,531.13,81.81,120.86,1,1,0.88868
147,8,191.14,260.63,39.27,97.64,1,1,0.70512
147,3,1083.57,573.83,64.08,107.08,1,1,0.67295
148,0,1444.45,577.75,48.2,121.28,1,1,0.89182
148,1,1156.27,361.89,44.28,105.67,1,1,0.83782
148,2,648.5,207.44,61.1,95.49,1,1,0.89204
148,5,699.77,767.52,61.45,126.31,1,1,0.90849
148,6,669.17,55.67,69.79,88.19,1,1,0.88216
148,9,1601.78,671.05,54.78,139.18,1,1,0.89891
148,10,942.38,646.32,59.7,122.53,1,1,0.89497
148,18,920.07,486.83,44.48,116.97,1,1,0.85005
148,20,1318.75,745.7,66.27,142.65,1,1,0.8671
148,4,697.2,659.51,58.04,119.92,1,1,0.89194
148,14,1883.33,547.35,37.3,120.59,1,1,0.88633
148,16,1080.18,638.15,57.63,127.21,1,1,0.82297
148,21,1238.28,779.83,64.67,141.57,1,1,0.84649
148,19,1143.84,756.45,59.61,148.96,1,1,0.914
148,12,893.73,252.72,72.63,72.89,1,1,0.86279
148,11,1137.23,577.54,52.47,134.44,1,1,0.89368
148,15,1763.94,528.14,85.82,119.64,1,1,0.90183
148,8,185.04,259.46,38.95,95.32,1,1,0.68107
148,3,1087.78,569.53,57.94,100.66,1,1,0.71068
149,0,1443.47,572.93,46.63,121.75,1,1,0.87813
149,1,1150.0,358.47,44.6,107.57,1,1,0.83092
149,2,640.47,205.58,61.91,96.98,1,1,0.87695
149,5,690.16,763.88,60.04,130.46,1,1,0.90689
149,6,655.11,56.29,65.73,89.73,1,1,0.88985
149,9,1604.68,665.31,54.51,141.17,1,1,0.90366
149,10,936.95,644.34,55.68,120.92,1,1,0.88609
149,18,918.6,484.44,43.83,116.77,1,1,0.83851
149,20,1315.38,752.91,66.84,135.83,1,1,0.85804
149,4,685.3,653.85,58.98,119.66,1,1,0.89086
149,14,1891.02,546.5,29.21,117.86,1,1,0.85697
149,16,1076.97,636.09,56.93,128.71,1,1,0.84069
149,21,1236.18,779.94,61.21,140.03,1,1,0.85997
149,19,1138.72,753.14,58.44,149.58,1,1,0.907
149,12,897.2,253.39,70.13,73.31,1,1,0.86703
149,11,1135.99,575.71,52.34,134.9,1,1,0.89742
149,15,1770.52,525.32,83.75,117.89,1,1,0.90378
149,8,179.32,258.2,39.9,96.54,1,1,0.78628
149,3,1089.47,566.03,54.77,100.78,1,1,0.69858
150,0,1444.24,568.73,43.6,120.63,1,1,0.84499
150,1,1145.14,355.02,43.35,108.13,1,1,0.8098
150,2,632.64,204.5,62.85,97.28,1,1,0.87282
150,5,679.28,763.25,64.61,129.28,1,1,0.89623
150,6,637.97,57.41,65.96,89.23,1,1,0.86948
150,9,1606.48,661.57,55.86,136.12,1,1,0.87256
150,10,930.01,642.46,52.33,123.18,1,1,0.88024
150,18,916.64,481.41,44.11,118.64,1,1,0.81734
150,20,1313.16,759.22,65.46,130.35,1,1,0.82229
150,4,670.28,648.83,61.6,122.12,1,1,0.89615
150,14,1899.05,549.83,20.61,108.91,1,1,0.79412
150,16,1072.51,633.65,55.63,128.48,1,1,0.85691
150,21,1234.07,779.54,57.95,140.85,1,1,0.83411
150,19,1132.38,750.37,57.21,148.49,1,1,0.89404
150,12,904.76,255.38,63.65,73.63,1,1,0.84137
150,11,1135.65,572.67,51.26,137.34,1,1,0.88629
150,15,1780.27,523.56,77.65,119.3,1,1,0.88456
150,24,1306.92,704.66,62.11,87.23,1,1,0.7282
151,0,1444.02,565.03,41.59,115.18,1,1,0.83784
151,1,1140.1,352.55,42.96,103.5,1,1,0.80211
151,2,626.9,203.86,61.26,95.26,1,1,0.85627
151,5,664.37,762.61,67.71,121.93,1,1,0.85323
151,6,621.72,59.7,66.56,85.79,1,1,0.8408
151,9,1610.84,657.94,53.18,125.05,1,1,0.84608
151,10,922.18,640.01,53.02,122.79,1,1,0.8413
151,18,914.31,478.35,44.22,120.61,1,1,0.78933
151,20,1310.15,763.18,63.74,125.64,1,1,0.81513
151,4,658.14,644.99,60.62,122.83,1,1,0.87905
151,14,1904.53,550.72,14.71,103.56,1,1,0.74035
151,16,1068.82,632.6,53.43,126.6,1,1,0.82464
151,21,1230.43,778.77,55.15,133.4,1,1,0.83891
151,19,1126.24,747.24,53.85,146.38,1,1,0.86365
151,12,914.41,257.98,54.82,75.13,1,1,0.82596
151,11,1134.84,570.44,50.01,137.13,1,1,0.86189
151,15,1790.67,522.79,72.24,120.35,1,1,0.87733
151,24,1303.86,704.27,65.09,91.84,1,1,0.75283
151,8,165.72,258.09,42.14,99.07,1,1,0.7439
152,0,1441.39,561.4,41.29,113.45,1,1,0.83737
152,1,1134.15,350.55,40.43,96.7,1,1,0.81033
152,2,622.56,204.01,58.27,88.5,1,1,0.85053
152,5,646.62,760.69,81.74,124.35,1,1,0.87014
152,6,611.48,61.0,62.89,87.14,1,1,0.80531
152,9,1613.51,654.26,53.39,119.18,1,1,0.85223
152,10,911.13,636.36,56.21,123.49,1,1,0.83251
152,18,910.28,475.02,44.74,121.1,1,1,0.81419
152,20,1303.95,762.72,64.4,124.6,1,1,0.83706
152,4,647.18,641.09,58.33,123.91,1,1,0.89569
152,14,1905.26,550.98,13.72,102.76,1,1,0.78883
152,16,1063.49,630.34,54.04,127.85,1,1,0.8703
152,21,1223.32,775.44,54.88,130.28,1,1,0.875
152,19,1118.04,743.92,52.34,144.45,1,1,0.89136
152,12,919.31,260.91,48.94,78.09,1,1,0.82488
152,11,1131.11,568.69,51.37,137.56,1,1,0.89343
152,15,1793.43,521.98,75.54,119.55,1,1,0.89993
152,24,1300.0,702.54,66.44,94.13,1,1,0.77211
152,8,156.53,256.44,44.18,99.73,1,1,0.65982
153,0,1434.63,557.72,42.88,117.08,1,1,0.80577
153,1,1125.72,349.66,41.58,95.48,1,1,0.77453
153,2,615.05,203.51,56.51,84.84,1,1,0.82174
153,5,631.27,759.29,85.96,126.26,1,1,0.82407
153,6,597.13,62.06,67.1,88.99,1,1,0.79801
153,9,1612.38,650.55,59.67,120.12,1,1,0.80594
153,10,899.52,632.14,58.72,127.69,1,1,0.80521
153,18,904.23,471.15,46.26,121.17,1,1,0.75973
153,20,1295.62,761.37,65.62,124.98,1,1,0.80887
153,4,635.45,639.43,57.31,123.04,1,1,0.84529
153,14,1902.81,549.09,15.85,103.01,1,1,0.78006
153,16,1057.64,627.66,54.51,131.08,1,1,0.8367
153,21,1214.92,772.81,56.24,133.37,1,1,0.82388
153,19,1108.67,741.56,50.38,140.42,1,1,0.84649
153,12,919.4,262.95,46.85,81.9,1,1,0.81492
153,11,1126.72,567.45,53.85,134.21,1,1,0.842
153,15,1790.24,521.04,83.78,120.74,1,1,0.84721
153,24,1294.01,701.82,66.57,95.5,1,1,0.75717
153,22,1254.55,747.7,47.25,110.28,1,1,0.69628
154,0,1426.34,554.11,43.88,119.65,1,1,0.82517
154,1,1115.55,348.65,40.62,96.54,1,1,0.76291
154,2,608.13,203.11,53.63,84.93,1,1,0.84884
154,5,617.36,758.59,84.45,127.06,1,1,0.84783
154,6,577.86,63.44,72.65,87.6,1,1,0.80664
154,9,1607.6,644.2,67.42,124.52,1,1,0.82725
154,10,888.83,628.05,59.9,131.49,1,1,0.84024
154,18,897.33,467.92,45.69,118.39,1,1,0.80695
154,20,1286.28,759.4,65.59,126.84,1,1,0.8279
154,4,621.35,636.0,58.38,126.81,1,1,0.84048
154,14,1897.7,546.89,20.2,103.8,1,1,0.80899
154,16,1049.73,624.91,54.3,133.58,1,1,0.87415
154,21,1203.45,771.13,59.21,136.3,1,1,0.85821
154,19,1098.85,740.17,47.84,136.95,1,1,0.85609
154,12,917.15,264.91,44.62,83.98,1,1,0.82851
154,11,1120.8,566.51,56.23,132.26,1,1,0.8415
154,15,1784.87,520.17,90.95,121.14,1,1,0.87874
154,24,1287.15,701.95,64.66,95.52,1,1,0.78014
154,22,1244.77,748.37,48.85,110.33,1,1,0.7224
155,0,1416.21,548.7,45.46,121.61,1,1,0.83069
155,1,1103.79,346.93,39.87,98.15,1,1,0.77817
155,2,601.22,202.87,50.2,85.67,1,1,0.83415
155,5,604.66,759.16,76.26,125.1,1,1,0.82121
155,9,1599.48,638.54,71.7,125.98,1,1,0.81372
155,10,874.39,624.53,63.75,130.87,1,1,0.83655
155,18,890.32,465.22,44.19,113.74,1,1,0.81819
155,20,1275.43,758.88,64.07,127.33,1,1,0.81149
155,4,608.32,630.64,57.35,129.86,1,1,0.82785
155,14,1885.69,538.81,31.26,108.85,1,1,0.81718
155,16,1039.94,621.68,53.42,134.36,1,1,0.88338
155,21,1189.83,769.29,62.42,141.54,1,1,0.84685
155,19,1086.01,737.94,48.01,138.13,1,1,0.83927
155,12,912.43,267.22,42.48,85.05,1,1,0.8248
155,11,1113.64,566.25,54.7,129.19,1,1,0.823
155,15,1778.53,518.81,94.99,114.04,1,1,0.85346
155,24,1277.38,700.7,61.11,94.24,1,1,0.77587
155,22,1231.98,748.24,50.47,116.25,1,1,0.71652
155,8,128.43,252.78,45.15,95.61,1,1,0.72102
156,0,1405.36,544.0,46.49,121.32,1,1,0.83125
156,1,1091.2,344.34,38.87,98.88,1,1,0.79909
156,2,591.99,202.49,47.31,87.09,1,1,0.86804
156,5,591.47,755.22,69.01,127.8,1,1,0.87181
156,9,1590.38,632.47,72.31,119.73,1,1,0.83879
156,10,860.48,620.84,65.23,126.74,1,1,0.87151
156,18,881.07,463.15,43.49,111.7,1,1,0.85831
156,20,1263.56,757.03,64.39,129.09,1,1,0.85629
156,4,592.1,624.83,59.65,132.15,1,1,0.87643
156,14,1871.55,529.98,44.13,112.69,1,1,0.87981
156,16,1029.08,618.12,51.98,134.36,1,1,0.9106
156,21,1175.3,766.21,62.36,141.06,1,1,0.85408
156,19,1071.29,735.46,48.04,137.81,1,1,0.87364
156,12,905.6,269.17,41.72,84.66,1,1,0.84122
156,11,1105.27,565.41,51.61,126.39,1,1,0.86131
156,15,1774.53,517.55,92.42,107.34,1,1,0.88318
156,24,1264.89,699.76,57.5,89.65,1,1,0.80807
156,22,1217.15,746.54,52.02,118.19,1,1,0.71567
156,8,118.81,252.43,42.97,91.55,1,1,0.82207
156,6,537.99,69.5,69.27,87.63,1,1,0.72742
157,0,1392.34,539.85,49.56,121.3,1,1,0.82794
157,1,1077.21,341.89,39.56,101.9,1,1,0.82527
157,2,582.4,197.28,46.82,93.71,1,1,0.86736
157,5,576.92,751.06,66.5,130.29,1,1,0.87626
157,9,1573.6,625.99,79.12,124.9,1,1,0.87165
157,10,847.47,618.45,65.33,121.17,1,1,0.85658
157,18,870.38,460.84,43.79,111.74,1,1,0.8609
157,20,1247.43,756.41,67.25,130.21,1,1,0.8334
157,4,573.15,619.93,63.96,133.15,1,1,0.88179
157,14,1857.41,525.27,57.25,112.16,1,1,0.88266
157,16,1016.39,616.12,52.21,133.35,1,1,0.90163
157,21,1159.71,763.88,60.87,139.4,1,1,0.83057
157,19,1051.46,732.77,53.81,138.14,1,1,0.84986
157,12,897.04,270.84,42.65,84.43,1,1,0.86202
157,11,1091.98,563.51,58.55,126.06,1,1,0.86703
157,15,1772.96,515.63,86.13,105.82,1,1,0.85376
157,24,1250.58,698.61,55.84,89.27,1,1,0.81857
157,22,1202.16,744.5,52.57,122.62,1,1,0.76199
157,8,109.62,253.75,41.97,90.51,1,1,0.84863
157,6,518.42,72.44,64.26,90.58,1,1,0.83258
157,3,1022.54,551.66,56.71,86.7,1,1,0.7335
158,0,1380.17,535.74,49.34,116.56,1,1,0.83778
158,1,1062.96,339.67,39.53,102.04,1,1,0.81165
158,2,574.4,194.39,45.21,95.26,1,1,0.83449
158,5,561.81,744.73,63.58,133.0,1,1,0.86066
158,9,1565.07,621.23,73.65,118.21,1,1,0.85359
158,10,836.75,615.86,63.63,118.25,1,1,0.83551
158,18,860.29,457.64,43.68,113.14,1,1,0.83597
158,20,1232.17,754.41,69.58,132.01,1,1,0.81181
158,4,556.64,615.25,66.2,130.47,1,1,0.87968
158,14,1845.21,521.72,62.74,110.11,1,1,0.85376
158,16,1004.3,613.99,50.86,131.63,1,1,0.8759
158,21,1143.89,760.91,59.98,136.38,1,1,0.84061
158,19,1033.46,727.68,55.93,137.92,1,1,0.83698
158,12,888.56,271.99,43.23,83.63,1,1,0.85681
158,11,1079.63,560.6,61.25,127.11,1,1,0.86242
158,15,1772.81,514.1,77.12,105.61,1,1,0.84245
158,24,1237.49,698.08,53.49,86.92,1,1,0.79074
158,22,1186.38,742.43,53.56,128.15,1,1,0.73637
158,8,101.16,255.29,41.52,90.44,1,1,0.82995
158,6,495.93,77.09,66.12,91.38,1,1,0.82223
158,3,1010.03,549.25,59.28,87.15,1,1,0.64045
159,0,1369.42,531.8,46.62,110.55,1,1,0.82774
159,1,1049.45,338.27,38.93,100.16,1,1,0.79762
159,2,565.83,196.24,43.23,91.1,1,1,0.83278
159,5,546.71,738.87,61.66,132.68,1,1,0.81443
159,9,1557.32,616.43,67.05,110.11,1,1,0.83595
159,10,825.47,613.06,64.28,118.15,1,1,0.82571
159,18,849.19,454.87,44.51,114.74,1,1,0.82233
159,20,1214.48,754.23,72.68,132.12,1,1,0.82332
159,4,542.32,609.88,66.47,128.27,1,1,0.8638
159,14,1834.95,516.3,61.46,109.62,1,1,0.81984
159,16,992.46,613.42,50.0,128.67,1,1,0.86771
159,21,1127.55,758.9,57.65,134.39,1,1,0.8266
159,19,1016.99,723.11,57.13,137.56,1,1,0.81638
159,12,879.21,272.7,45.02,85.39,1,1,0.83339
159,11,1067.15,558.0,61.98,127.94,1,1,0.85414
159,15,1764.18,512.02,77.27,107.83,1,1,0.82704
159,24,1223.29,697.68,52.84,86.06,1,1,0.78814
159,22,1171.07,740.44,53.55,129.45,1,1,0.76141
159,8,92.35,256.79,43.48,90.63,1,1,0.83489
159,6,474.95,80.79,62.56,92.33,1,1,0.80834
160,0,1358.85,530.47,43.16,103.31,1,1,0.8287
160,1,1035.62,337.51,37.8,98.21,1,1,0.79751
160,2,555.48,197.2,43.06,86.21,1,1,0.79249
160,5,531.96,734.47,59.47,127.3,1,1,0.80001
160,9,1551.71,612.35,60.85,108.0,1,1,0.81676
160,10,815.04,610.37,62.73,118.15,1,1,0.81326
160,18,840.07,452.16,43.83,114.77,1,1,0.78235
160,20,1198.46,754.48,73.28,131.52,1,1,0.80042
160,4,531.35,606.54,61.94,121.68,1,1,0.8419
160,14,1826.69,515.23,54.95,104.82,1,1,0.79709
160,16,980.7,612.68,48.86,128.56,1,1,0.85532
160,21,1112.79,756.4,53.68,132.6,1,1,0.80456
160,19,1003.38,719.57,54.86,134.52,1,1,0.78462
160,12,868.77,273.57,45.88,88.25,1,1,0.80779
160,11,1057.8,554.84,58.4,128.19,1,1,0.85668
160,15,1749.34,510.38,84.45,107.97,1,1,0.81627
160,24,1209.46,697.93,50.74,87.39,1,1,0.77913
160,22,1156.86,738.44,52.69,129.24,1,1,0.733
160,8,83.49,257.79,44.53,91.65,1,1,0.77177
160,6,458.0,88.48,56.87,89.01,1,1,0.78649
161,0,1347.03,527.04,43.37,102.75,1,1,0.84639
161,1,1022.85,338.01,38.54,94.28,1,1,0.8345
161,2,543.99,200.73,44.08,86.05,1,1,0.82093
161,5,512.64,729.0,63.06,125.51,1,1,0.81963
161,9,1544.32,608.56,58.11,108.3,1,1,0.84472
161,10,805.94,606.72,60.11,119.88,1,1,0.83177
161,18,830.02,450.07,44.26,113.67,1,1,0.81673
161,20,1183.81,754.94,72.84,131.89,1,1,0.8189
161,4,521.98,604.7,56.8,116.3,1,1,0.8545
161,14,1817.43,509.02,53.56,108.78,1,1,0.80123
161,16,968.87,614.02,49.94,126.1,1,1,0.86911
161,21,1098.73,754.42,51.54,130.97,1,1,0.83719
161,19,989.65,716.3,54.21,133.7,1,1,0.82477
161,12,861.36,275.07,44.9,88.96,1,1,0.84881
161,11,1047.2,553.04,56.77,126.92,1,1,0.86617
161,15,1736.22,509.5,92.89,108.13,1,1,0.8658
161,24,1197.4,698.55,49.15,89.07,1,1,0.77347
161,22,1143.05,737.1,53.65,131.9,1,1,0.77372
161,8,71.98,258.39,48.29,91.96,1,1,0.78897
161,6,444.33,96.11,54.48,85.72,1,1,0.79608
162,0,1336.15,524.57,42.34,102.12,1,1,0.8305
162,1,1009.18,337.42,42.91,94.49,1,1,0.78569
162,2,532.11,204.32,47.23,86.88,1,1,0.79524
162,5,497.85,725.38,60.37,119.61,1,1,0.79494
162,9,1537.71,604.23,56.19,111.57,1,1,0.81974
162,10,797.28,604.01,60.62,121.41,1,1,0.8133
162,18,821.19,448.17,44.16,110.26,1,1,0.82141
162,20,1170.54,756.29,70.47,132.32,1,1,0.78552
162,4,511.25,602.93,53.36,115.37,1,1,0.8487
162,14,1807.72,503.96,52.0,110.97,1,1,0.78238
162,16,956.2,615.76,50.71,125.72,1,1,0.82293
162,21,1084.6,752.38,49.9,131.55,1,1,0.82733
162,19,977.06,713.2,52.86,131.05,1,1,0.78895
162,12,853.19,275.95,47.2,90.2,1,1,0.83105
162,11,1035.96,551.54,56.75,127.36,1,1,0.83052
162,15,1726.28,507.01,98.42,108.59,1,1,0.85027
162,24,1185.87,699.31,48.81,94.37,1,1,0.73164
162,22,1130.18,736.73,55.56,132.18,1,1,0.77923
162,8,60.49,259.82,51.82,90.85,1,1,0.81349
162,6,426.09,101.34,57.25,84.06,1,1,0.78983
163,0,1325.82,521.08,42.07,104.31,1,1,0.81233
163,1,996.61,337.45,46.84,96.12,1,1,0.78051
163,2,521.07,207.65,49.43,87.26,1,1,0.80756
163,5,483.74,723.38,57.4,118.18,1,1,0.79821
163,9,1528.1,600.07,57.81,115.93,1,1,0.82931
163,10,787.42,601.19,61.77,123.61,1,1,0.81768
163,18,812.92,447.13,44.39,104.95,1,1,0.82865
163,20,1158.14,757.5,69.17,132.82,1,1,0.79799
163,4,499.68,600.35,49.86,119.16,1,1,0.83846
163,14,1796.35,502.09,55.54,110.39,1,1,0.80865
163,16,943.92,617.87,51.56,125.17,1,1,0.79931
163,21,1071.24,751.04,51.13,134.48,1,1,0.82296
163,19,965.18,711.59,51.96,127.63,1,1,0.78804
163,12,849.49,276.74,44.71,90.86,1,1,0.83588
163,11,1025.52,550.34,58.54,127.34,1,1,0.81683
163,15,1719.4,504.09,101.4,110.88,1,1,0.87901
163,24,1174.36,700.12,48.47,105.29,1,1,0.74361
163,22,1117.88,736.78,57.07,130.72,1,1,0.77403
163,8,48.4,260.73,51.47,89.25,1,1,0.82443
163,6,406.16,105.34,58.06,81.63,1,1,0.74364
163,3,955.61,545.39,67.36,91.77,1,1,0.69127
164,0,1316.81,514.69,42.01,114.31,1,1,0.82525
164,1,985.81,336.71,47.26,98.32,1,1,0.79082
164,2,512.63,208.69,50.23,89.08,1,1,0.80967
164,5,467.87,722.19,54.45,119.2,1,1,0.78694
164,9,1520.68,596.79,60.03,118.37,1,1,0.83376
164,10,781.56,599.71,60.68,121.71,1,1,0.80674
164,18,803.11,446.58,46.1,103.08,1,1,0.81435
164,20,1146.56,757.5,64.36,134.45,1,1,0.77815
164,4,486.75,597.66,49.79,122.38,1,1,0.83449
164,14,1790.42,499.7,55.71,109.73,1,1,0.81905
164,16,933.82,619.56,50.83,123.83,1,1,0.78846
164,21,1057.96,750.44,51.72,136.72,1,1,0.81887
164,19,953.46,709.63,51.82,129.0,1,1,0.78681
164,12,843.16,277.99,45.1,90.01,1,1,0.82352
164,11,1018.78,550.02,57.07,126.78,1,1,0.80878
164,15,1717.21,504.16,100.86,110.0,1,1,0.87571
164,24,1164.75,701.57,47.9,115.3,1,1,0.77904
164,22,1107.16,738.67,57.81,125.8,1,1,0.79224
164,8,33.52,260.51,49.94,91.78,1,1,0.80503
164,6,383.34,108.11,68.15,81.03,1,1,0.77099
165,0,1307.88,512.09,42.25,114.82,1,1,0.82414
165,1,975.16,336.1,48.6,99.69,1,1,0.8291
165,2,504.15,208.4,46.81,92.29,1,1,0.81511
165,5,448.79,721.48,57.04,123.34,1,1,0.81624
165,9,1514.66,593.1,61.8,119.98,1,1,0.85273
165,10,773.26,598.31,61.26,118.15,1,1,0.83817
165,18,794.28,446.02,46.75,103.77,1,1,0.82736
165,20,1136.34,757.66,59.65,135.5,1,1,0.79088
165,4,473.09,593.9,50.5,126.85,1,1,0.84672
165,14,1788.34,499.21,54.3,110.59,1,1,0.80992
165,16,925.57,621.35,50.79,121.62,1,1,0.79974
165,21,1044.75,750.51,53.77,138.39,1,1,0.82935
165,19,941.85,707.83,53.49,131.43,1,1,0.8024
165,12,837.94,278.8,44.19,90.73,1,1,0.83327
165,11,1010.15,549.24,56.58,127.1,1,1,0.81961
165,15,1717.74,502.9,98.94,110.41,1,1,0.87901
165,24,1155.86,702.86,47.29,120.57,1,1,0.80913
165,22,1096.08,740.03,60.13,121.21,1,1,0.80776
165,8,16.13,260.98,53.63,94.63,1,1,0.80023
165,6,359.98,111.75,74.3,78.99,1,1,0.82661
165,3,929.35,545.07,74.12,95.53,1,1,0.74996
166,0,1300.01,508.96,42.63,114.83,1,1,0.83327
166,1,965.33,335.26,49.51,99.8,1,1,0.82839
166,2,496.87,207.54,45.44,92.5,1,1,0.81314
166,5,432.37,720.35,58.37,122.14,1,1,0.80367
166,9,1511.81,589.61,63.51,118.13,1,1,0.84279
166,10,765.79,597.25,60.78,110.68,1,1,0.8277
166,18,785.77,444.81,48.73,105.65,1,1,0.8243
166,20,1127.64,756.3,55.04,137.35,1,1,0.77169
166,4,460.05,589.79,48.99,130.48,1,1,0.82584
166,14,1792.04,497.75,50.65,110.63,1,1,0.80547
166,16,918.09,621.37,50.3,120.91,1,1,0.76906
166,21,1033.23,750.78,55.91,139.21,1,1,0.82461
166,19,931.4,704.57,53.48,134.99,1,1,0.8051
166,12,831.31,279.95,45.26,90.89,1,1,0.82688
166,11,1005.94,548.21,53.25,126.9,1,1,0.81829
166,15,1720.38,502.2,96.31,112.81,1,1,0.86897
166,24,1148.47,704.58,46.5,122.74,1,1,0.79276
166,22,1087.17,739.92,62.66,121.12,1,1,0.77307
166,8,4.29,260.2,53.94,97.0,1,1,0.78508
166,6,336.95,114.78,75.88,77.59,1,1,0.76403
166,3,920.32,543.94,67.16,96.19,1,1,0.75214
167,0,1294.99,508.22,40.83,112.6,1,1,0.821
167,1,957.03,334.6,48.05,100.36,1,1,0.81935
167,2,489.98,207.67,44.58,87.83,1,1,0.82755
167,5,415.83,717.66,61.05,126.9,1,1,0.80694
167,9,1511.73,587.23,63.5,111.75,1,1,0.84491
167,10,758.71,596.69,60.27,109.54,1,1,0.82632
167,18,779.11,442.46,50.34,108.8,1,1,0.82814
167,20,1120.56,757.3,51.73,136.67,1,1,0.78605
167,4,448.01,588.03,48.68,126.66,1,1,0.81605
167,14,1796.7,496.01,48.02,112.44,1,1,0.81439
167,16,911.69,621.62,49.57,120.51,1,1,0.77117
167,21,1022.51,751.25,57.42,139.14,1,1,0.81538
167,19,921.0,701.95,53.76,137.89,1,1,0.79625
167,12,828.8,282.12,44.49,90.79,1,1,0.83455
167,11,1001.8,548.49,51.03,127.16,1,1,0.84319
167,15,1722.2,504.69,93.78,112.48,1,1,0.85914
167,24,1141.63,707.26,46.08,123.68,1,1,0.79447
167,22,1079.83,741.13,63.95,122.55,1,1,0.79458
167,8,-1.63,259.73,49.62,100.48,1,1,0.82447
167,6,327.64,118.74,62.35,71.99,1,1,0.73468
167,3,915.92,542.21,61.13,95.72,1,1,0.76394
168,0,1291.2,508.33,39.89,107.37,1,1,0.81497
168,1,950.33,333.85,46.53,97.09,1,1,0.80151
168,2,484.8,210.17,42.56,81.32,1,1,0.80327
168,5,402.91,715.21,62.73,123.61,1,1,0.77463
168,9,1520.34,585.41,56.25,110.17,1,1,0.81494
168,10,753.94,595.73,59.14,109.66,1,1,0.80799
168,18,775.0,440.69,50.92,111.06,1,1,0.80574
168,20,1113.75,756.48,52.49,136.62,1,1,0.7599
168,4,437.32,586.59,49.28,122.6,1,1,0.81741
168,14,1801.44,495.81,46.32,111.96,1,1,0.80764
168,16,907.26,620.53,48.24,115.82,1,1,0.71482
168,21,1013.16,752.25,59.62,138.91,1,1,0.80722
168,19,912.44,699.95,52.98,139.63,1,1,0.77175
168,12,827.54,284.28,42.14,90.05,1,1,0.82317
168,11,998.82,547.88,48.79,127.84,1,1,0.83425
168,15,1731.36,506.38,86.81,111.26,1,1,0.83291
168,24,1135.85,710.18,45.53,122.4,1,1,0.75433
168,22,1074.07,741.28,64.25,122.69,1,1,0.76275
168,6,309.81,121.24,59.6,77.01,1,1,0.74832
168,3,911.44,540.17,57.28,95.59,1,1,0.71254
169,0,1287.56,509.36,38.67,103.38,1,1,0.80945
169,1,943.64,334.29,45.18,94.53,1,1,0.81822
169,2,482.46,209.28,37.75,79.1,1,1,0.79447
169,5,390.88,712.47,64.68,123.09,1,1,0.8122
169,9,1523.24,585.05,56.4,110.92,1,1,0.82782
169,10,750.12,593.52,59.43,112.9,1,1,0.82407
169,18,771.87,438.97,51.13,111.47,1,1,0.81719
169,20,1107.54,756.74,53.85,135.61,1,1,0.78466
169,4,427.9,585.2,50.12,118.57,1,1,0.81703
169,14,1805.5,497.34,45.63,109.91,1,1,0.81721
169,16,903.35,620.74,48.02,109.23,1,1,0.75108
169,21,1005.83,754.69,59.98,137.93,1,1,0.82919
169,19,905.76,698.76,51.93,134.68,1,1,0.7708
169,12,825.76,286.71,41.04,90.79,1,1,0.83464
169,11,995.48,547.9,47.0,129.27,1,1,0.8434
169,15,1741.89,507.29,78.55,110.3,1,1,0.84063
169,24,1130.24,713.32,45.1,120.93,1,1,0.757
169,22,1067.61,741.3,66.23,123.6,1,1,0.76976
169,6,302.19,127.65,46.8,77.12,1,1,0.75233
169,3,909.54,538.4,52.78,97.13,1,1,0.73823
170,0,1286.0,509.13,38.35,103.97,1,1,0.81498
170,1,938.83,335.03,42.82,93.58,1,1,0.81027
170,2,479.15,208.96,37.22,80.09,1,1,0.78874
170,5,383.05,710.98,62.55,118.15,1,1,0.81637
170,9,1527.56,584.78,55.89,111.62,1,1,0.82723
170,10,748.29,590.8,59.55,116.1,1,1,0.81413
170,18,770.86,437.73,49.83,108.88,1,1,0.79899
170,20,1103.34,758.06,53.59,133.39,1,1,0.79131
170,4,421.67,584.33,47.23,114.32,1,1,0.82587
170,14,1809.3,500.84,45.53,107.59,1,1,0.80643
170,16,901.15,620.38,47.3,102.87,1,1,0.76695
170,21,997.81,757.15,60.24,136.26,1,1,0.81084
170,19,900.56,698.19,51.0,130.28,1,1,0.76167
170,12,824.98,289.12,39.97,91.95,1,1,0.84558
170,11,993.91,547.11,46.3,129.13,1,1,0.85262
170,15,1750.03,507.82,74.39,110.8,1,1,0.83043
170,24,1124.98,717.37,45.74,118.25,1,1,0.74249
170,22,1063.56,740.53,66.67,125.77,1,1,0.68907
170,6,294.21,132.79,43.92,74.64,1,1,0.76255
170,3,906.43,537.26,50.36,96.44,1,1,0.72622
170,26,273.31,121.93,34.26,70.83,1,1,0.74353
171,0,1285.1,507.89,37.2,107.66,1,1,0.81324
171,1,935.97,335.54,40.26,94.65,1,1,0.80877
171,2,473.44,209.88,40.9,83.9,1,1,0.80724
171,5,377.21,710.24,60.0,118.46,1,1,0.81748
171,9,1532.67,583.95,52.38,114.38,1,1,0.82587
171,10,747.45,588.47,59.81,118.65,1,1,0.81187
171,18,772.21,437.19,46.76,103.82,1,1,0.80342
171,20,1099.83,758.92,53.46,133.64,1,1,0.8033
171,4,416.17,583.74,45.24,113.71,1,1,0.83961
171,14,1811.79,503.24,47.03,106.08,1,1,0.81039
171,16,898.51,620.39,47.4,101.12,1,1,0.7729
171,21,989.52,760.13,61.28,135.42,1,1,0.82438
171,19,897.67,698.19,49.43,134.69,1,1,0.74731
171,12,825.32,291.78,38.7,93.13,1,1,0.84642
171,11,992.3,547.51,46.47,128.7,1,1,0.84987
171,15,1752.59,508.61,75.1,110.64,1,1,0.83965
171,24,1120.01,722.0,48.3,117.22,1,1,0.76951
171,22,1062.18,740.75,64.96,127.52,1,1,0.71947
171,6,282.68,136.35,42.2,78.22,1,1,0.7584
171,3,905.59,536.85,48.88,95.58,1,1,0.72818
171,26,260.82,125.16,35.73,74.73,1,1,0.72514
172,0,1284.39,507.37,37.53,108.28,1,1,0.81049
172,1,934.7,335.36,38.87,94.97,1,1,0.80831
172,2,471.4,209.64,42.57,85.39,1,1,0.80197
172,5,373.75,710.91,57.09,117.59,1,1,0.80946
172,9,1536.86,582.72,50.7,116.85,1,1,0.838
172,10,750.24,586.72,58.09,117.75,1,1,0.79472
172,18,774.35,438.23,44.5,101.2,1,1,0.80893
172,20,1097.9,759.99,54.07,133.57,1,1,0.79132
172,4,411.3,581.62,44.08,116.81,1,1,0.85929
172,14,1814.73,504.78,50.47,104.71,1,1,0.81383
172,16,897.98,621.93,48.23,96.99,1,1,0.78175
172,21,981.17,762.58,62.69,135.85,1,1,0.83183
172,19,895.31,698.55,48.23,127.12,1,1,0.7594
172,12,824.88,293.65,39.0,93.5,1,1,0.84017
172,11,991.65,548.73,45.35,125.43,1,1,0.85391
172,15,1753.84,510.4,79.83,109.6,1,1,0.85039
172,24,1118.45,726.42,49.0,115.79,1,1,0.73098
172,22,1062.71,741.52,62.66,124.5,1,1,0.74735
172,6,270.9,139.65,46.3,78.21,1,1,0.76259
172,3,904.2,537.57,49.16,97.16,1,1,0.74386
172,26,250.35,128.18,32.51,73.17,1,1,0.75638
173,0,1283.61,506.17,38.13,109.44,1,1,0.80291
173,1,932.95,336.73,39.54,96.01,1,1,0.79849
173,2,470.15,210.62,44.19,83.24,1,1,0.80884
173,5,370.32,711.29,57.01,118.39,1,1,0.81439
173,9,1540.02,581.68,50.12,117.93,1,1,0.82344
173,10,753.56,585.52,55.23,113.71,1,1,0.79609
173,18,776.01,439.47,43.33,101.35,1,1,0.81076
173,20,1095.02,761.65,54.61,133.21,1,1,0.79092
173,4,406.77,579.77,43.61,119.6,1,1,0.8492
173,14,1818.02,505.82,55.16,102.5,1,1,0.81473
173,16,896.27,624.07,50.74,94.7,1,1,0.76659
173,21,975.16,765.21,62.24,136.51,1,1,0.82683
173,19,892.35,697.6,47.61,127.31,1,1,0.77626
173,12,825.42,294.96,39.09,93.47,1,1,0.82747
173,11,991.23,550.49,44.93,121.87,1,1,0.84651
173,15,1755.43,512.52,84.91,104.37,1,1,0.85263
173,24,1115.7,731.64,52.12,115.57,1,1,0.76542
173,22,1063.41,743.14,60.88,121.83,1,1,0.74912
173,6,260.46,144.47,48.48,78.29,1,1,0.79026
173,3,903.25,538.7,50.24,98.35,1,1,0.75566
173,26,234.67,131.35,35.13,72.84,1,1,0.77992
174,0,1282.72,504.12,38.9,113.25,1,1,0.81201
174,1,932.17,337.24,40.47,96.13,1,1,0.80303
174,2,471.01,211.5,43.62,79.07,1,1,0.80456
174,5,366.59,710.07,55.77,119.58,1,1,0.7989
174,9,1542.16,580.38,51.59,117.77,1,1,0.82552
174,10,758.88,584.96,50.47,109.47,1,1,0.78907
174,18,777.58,439.7,42.25,101.55,1,1,0.81093
174,20,1093.03,765.11,54.41,130.98,1,1,0.79199
174,4,402.91,577.26,44.05,122.33,1,1,0.84963
174,14,1823.02,507.06,60.08,102.61,1,1,0.83546
174,16,896.51,625.67,50.44,93.41,1,1,0.75344
174,21,971.29,766.41,61.02,137.89,1,1,0.82404
174,19,889.75,697.29,47.53,128.05,1,1,0.7698
174,12,825.65,295.92,38.08,94.05,1,1,0.82435
174,11,992.24,552.39,43.95,116.24,1,1,0.85051
174,15,1760.42,514.99,87.65,100.15,1,1,0.84848
174,24,1115.68,736.92,53.64,114.75,1,1,0.75354
174,22,1063.76,744.84,58.96,120.36,1,1,0.74746
174,6,252.56,147.71,47.49,78.0,1,1,0.78387
174,3,902.88,539.15,50.1,97.6,1,1,0.74936
174,26,218.53,135.13,41.55,73.13,1,1,0.76296
175,0,1281.36,503.74,40.88,113.36,1,1,0.81637
175,1,932.15,338.57,42.06,96.71,1,1,0.79181
175,2,471.66,213.47,44.29,77.04,1,1,0.80886
175,5,362.28,709.0,54.85,123.22,1,1,0.79392
175,9,1543.76,580.2,55.64,114.23,1,1,0.83005
175,10,758.98,585.7,51.34,109.93,1,1,0.80261
175,18,778.65,439.26,42.06,103.43,1,1,0.80326
175,20,1091.14,767.31,54.9,130.47,1,1,0.79874
175,4,398.75,575.72,45.34,126.46,1,1,0.82875
175,14,1831.43,507.92,62.86,99.8,1,1,0.82818
175,16,895.83,627.68,51.39,92.06,1,1,0.73663
175,21,968.64,768.2,61.48,140.38,1,1,0.82504
175,19,887.68,695.59,47.28,131.13,1,1,0.76927
175,12,826.34,297.48,37.85,94.58,1,1,0.81552
175,11,991.83,554.08,45.33,114.49,1,1,0.83704
175,15,1763.77,517.96,90.73,97.19,1,1,0.85912
175,24,1113.57,742.36,56.21,112.99,1,1,0.76904
175,22,1063.83,748.4,56.55,118.12,1,1,0.76817
175,6,243.33,150.75,46.74,79.07,1,1,0.75649
175,3,902.75,539.51,51.59,100.69,1,1,0.74874
175,26,204.46,139.92,46.95,74.83,1,1,0.75968
176,0,1280.75,503.32,42.36,108.76,1,1,0.79877
176,1,932.7,339.86,41.78,94.11,1,1,0.79924
176,2,473.47,216.16,43.08,74.81,1,1,0.79227
176,5,358.76,705.45,52.97,126.93,1,1,0.7964
176,9,1546.84,580.11,57.98,108.48,1,1,0.83063
176,10,762.26,585.9,49.64,111.6,1,1,0.78873
176,18,779.12,437.55,42.96,107.34,1,1,0.78754
176,20,1090.42,770.36,54.55,128.48,1,1,0.7759
176,4,393.77,573.76,46.31,124.95,1,1,0.82173
176,14,1841.52,509.9,59.5,95.7,1,1,0.83218
176,16,896.65,627.47,51.23,92.46,1,1,0.70137
176,21,966.15,769.01,62.0,142.58,1,1,0.83046
176,19,885.39,693.11,47.89,133.6,1,1,0.75377
176,12,826.31,298.5,37.85,93.08,1,1,0.80813
176,11,991.71,554.35,45.81,114.95,1,1,0.82678
176,15,1774.18,521.64,88.17,99.73,1,1,0.84824
176,24,1113.28,747.63,56.15,110.84,1,1,0.75415
176,22,1063.97,749.77,54.26,118.69,1,1,0.75811
176,6,234.79,153.44,46.0,78.88,1,1,0.76359
176,3,899.44,539.58,55.21,101.24,1,1,0.73087
176,26,195.22,143.68,45.18,76.53,1,1,0.78036
177,0,1281.62,504.39,43.55,104.19,1,1,0.81088
177,1,933.41,341.88,42.02,90.71,1,1,0.81305
177,2,477.41,218.41,41.69,75.63,1,1,0.79164
177,5,355.9,701.87,51.95,122.71,1,1,0.81634
177,9,1552.05,581.23,57.85,103.6,1,1,0.8334
177,10,766.34,586.13,47.9,112.47,1,1,0.7871
177,18,778.85,437.08,44.74,107.94,1,1,0.78546
177,20,1089.8,770.72,54.7,129.58,1,1,0.78298
177,4,388.71,573.33,47.98,121.22,1,1,0.82819
177,14,1851.5,511.38,56.87,98.31,1,1,0.82234
177,16,897.06,628.64,51.62,100.67,1,1,0.7212
177,21,963.89,770.65,62.55,142.83,1,1,0.83543
177,19,884.4,691.74,46.9,131.88,1,1,0.69126
177,12,826.03,300.36,39.42,90.79,1,1,0.82996
177,11,992.2,554.8,46.8,116.9,1,1,0.82678
177,15,1789.25,524.18,78.49,104.12,1,1,0.84176
177,24,1109.65,752.8,59.6,109.48,1,1,0.73295
177,22,1062.83,751.15,53.68,117.43,1,1,0.75
177,6,223.31,158.52,47.67,77.19,1,1,0.77443
177,3,896.14,540.16,57.77,102.24,1,1,0.76405
177,26,190.65,148.26,40.13,76.38,1,1,0.77877
178,0,1282.67,505.81,43.4,101.88,1,1,0.80359
178,1,935.01,343.46,42.59,88.68,1,1,0.81063
178,2,482.86,220.58,41.47,74.59,1,1,0.77573
178,5,352.92,699.02,50.71,115.42,1,1,0.81857
178,9,1562.13,581.79,53.47,102.04,1,1,0.82847
178,10,769.21,585.91,47.15,116.96,1,1,0.79446
178,18,780.81,436.29,46.4,104.69,1,1,0.78185
178,20,1090.17,772.18,54.62,129.27,1,1,0.77139
178,4,383.39,573.43,50.72,116.9,1,1,0.8149
178,14,1860.51,512.61,56.22,100.21,1,1,0.82772
178,16,897.53,629.78,52.03,104.54,1,1,0.74038
178,21,961.33,770.17,61.01,143.85,1,1,0.82673
178,19,882.66,689.88,47.16,133.18,1,1,0.74439
178,12,826.69,301.63,40.88,90.06,1,1,0.82824
178,11,992.99,554.07,47.07,119.41,1,1,0.8246
178,15,1803.28,525.54,71.44,107.03,1,1,0.8478
178,24,1107.86,756.27,61.27,109.3,1,1,0.67763
178,22,1061.74,751.3,53.36,118.38,1,1,0.6878
178,6,213.86,162.23,47.4,76.25,1,1,0.78668
178,3,894.13,540.71,62.27,101.84,1,1,0.7738
178,26,184.13,151.46,36.31,77.46,1,1,0.7841
179,0,1283.3,507.81,43.25,101.36,1,1,0.80963
179,1,935.77,344.19,44.63,89.01,1,1,0.81848
179,2,485.94,222.43,39.92,73.45,1,1,0.78995
179,5,348.25,697.16,51.13,113.28,1,1,0.8282
179,9,1570.82,581.38,50.31,105.45,1,1,0.83085
179,10,771.94,585.34,46.6,119.24,1,1,0.79247
179,18,784.32,436.32,47.02,100.77,1,1,0.80205
179,20,1089.8,773.84,54.95,128.05,1,1,0.78392
179,4,378.33,573.47,52.82,114.56,1,1,0.82263
179,14,1868.32,513.39,51.14,96.47,1,1,0.81017
179,16,897.85,631.09,52.21,107.98,1,1,0.7457
179,21,958.77,771.36,59.99,144.47,1,1,0.83179
179,19,880.41,688.28,47.07,127.88,1,1,0.74761
179,12,827.36,302.48,41.56,91.17,1,1,0.83655
179,11,993.7,553.55,47.4,121.43,1,1,0.82247
179,15,1813.67,526.35,70.04,109.53,1,1,0.84527
179,22,1062.43,751.23,52.61,119.14,1,1,0.67134
179,6,206.55,167.21,46.06,74.35,1,1,0.78594
179,3,890.88,541.51,66.98,101.42,1,1,0.79687
179,26,174.82,153.31,36.58,77.05,1,1,0.8029
180,0,1284.54,508.52,42.6,102.66,1,1,0.80125
180,1,936.52,343.25,44.24,91.31,1,1,0.82484
180,2,487.3,224.58,37.95,69.34,1,1,0.78978
180,5,342.13,695.83,53.94,114.91,1,1,0.82426
180,9,1576.68,579.68,50.36,109.45,1,1,0.83469
180,10,773.63,583.99,46.68,118.04,1,1,0.78319
180,18,788.22,436.68,46.6,98.67,1,1,0.80058
180,20,1090.28,775.55,54.22,126.62,1,1,0.76381
180,4,374.56,573.47,52.05,111.06,1,1,0.82607
180,14,1876.18,512.89,45.38,96.24,1,1,0.80705
180,16,899.09,632.21,51.7,110.4,1,1,0.75019
180,21,956.35,772.29,58.59,143.06,1,1,0.83327
180,19,878.11,686.82,47.51,122.75,1,1,0.77975
180,12,828.38,303.62,40.72,91.65,1,1,0.82953
180,11,995.68,552.81,47.4,121.29,1,1,0.82187
180,15,1820.36,529.58,71.27,108.38,1,1,0.84507
180,22,1064.64,750.83,50.49,121.38,1,1,0.65415
180,6,200.41,170.44,43.99,73.67,1,1,0.78984
180,3,896.38,541.84,60.69,100.62,1,1,0.77215
180,26,165.07,155.71,38.54,75.69,1,1,0.80286
181,0,1285.87,506.23,42.71,106.35,1,1,0.80677
181,1,936.19,340.06,42.17,95.21,1,1,0.829
181,2,487.43,226.26,39.86,65.61,1,1,0.76861
181,5,337.44,693.26,54.85,118.57,1,1,0.8337
181,9,1581.7,576.83,49.99,113.76,1,1,0.8379
181,10,774.83,582.34,48.1,119.97,1,1,0.79817
181,18,791.39,435.78,45.4,99.86,1,1,0.80969
181,20,1089.62,775.23,55.06,127.82,1,1,0.75766
181,4,371.16,573.94,50.95,110.24,1,1,0.84246
181,14,1883.81,511.99,37.99,97.33,1,1,0.80164
181,16,899.89,632.7,51.51,113.59,1,1,0.77471
181,21,953.56,773.34,57.94,142.32,1,1,0.84685
181,19,874.92,686.25,48.26,121.52,1,1,0.8084
181,12,828.64,304.4,39.98,91.54,1,1,0.82659
181,11,997.1,552.26,47.93,119.65,1,1,0.83132
181,15,1822.96,532.37,77.26,107.28,1,1,0.85918
181,22,1064.96,750.14,49.21,124.55,1,1,0.66048
181,6,192.69,173.53,44.44,72.73,1,1,0.80169
181,3,898.87,541.22,58.72,101.53,1,1,0.77866
181,26,152.02,158.82,42.97,73.08,1,1,0.81107
182,0,1287.43,504.42,41.62,109.59,1,1,0.79975
182,1,933.62,337.73,41.01,97.26,1,1,0.83209
182,2,487.75,226.71,40.55,66.4,1,1,0.76891
182,5,334.13,690.11,54.46,121.74,1,1,0.83012
182,9,1584.47,573.96,49.4,117.34,1,1,0.83798
182,10,776.13,580.66,49.16,118.48,1,1,0.80104
182,18,793.28,434.19,44.59,101.56,1,1,0.80665
182,20,1089.15,773.51,56.55,129.79,1,1,0.73025
182,4,369.5,572.86,48.44,111.69,1,1,0.8396
182,14,1897.07,513.79,24.21,100.05,1,1,0.69771
182,16,899.61,632.57,51.83,119.05,1,1,0.78762
182,21,951.41,774.04,56.03,139.6,1,1,0.845
182,19,871.26,685.89,49.61,122.21,1,1,0.81928
182,12,828.78,306.1,41.96,90.06,1,1,0.83278
182,11,997.97,551.76,48.49,117.85,1,1,0.83458
182,15,1825.47,533.69,84.04,106.07,1,1,0.86726
182,22,1063.96,749.55,46.98,127.71,1,1,0.66299
182,6,184.19,176.88,45.11,70.7,1,1,0.81199
182,3,900.6,540.5,58.17,101.65,1,1,0.75221
182,26,140.45,162.63,45.0,69.92,1,1,0.81047
183,0,1288.23,502.77,40.83,112.76,1,1,0.79827
183,1,930.82,336.59,41.49,98.33,1,1,0.83529
183,2,488.82,227.49,42.02,66.85,1,1,0.78088
183,5,333.36,685.56,52.4,126.1,1,1,0.81937
183,9,1587.47,570.94,49.78,120.03,1,1,0.82722
183,10,778.01,579.65,50.02,114.96,1,1,0.81442
183,18,794.79,431.99,44.93,104.37,1,1,0.80116
183,20,1088.7,768.46,61.77,134.46,1,1,0.74474
183,4,368.2,570.43,46.47,114.26,1,1,0.83493
183,16,899.73,632.68,51.25,123.93,1,1,0.80392
183,21,949.42,774.72,53.85,136.97,1,1,0.84501
183,19,867.77,684.74,51.26,124.12,1,1,0.83573
183,12,828.38,307.42,44.24,88.62,1,1,0.8413
183,11,999.87,551.33,48.56,116.99,1,1,0.83136
183,15,1827.12,534.17,90.53,106.77,1,1,0.87763
183,22,1061.36,749.5,47.02,129.33,1,1,0.74674
183,6,176.03,180.29,46.75,70.22,1,1,0.81599
183,3,901.13,538.11,58.41,103.89,1,1,0.71112
183,26,130.39,165.53,47.32,69.49,1,1,0.81782
184,0,1288.77,498.87,40.35,117.04,1,1,0.79325
184,1,928.68,334.42,40.76,98.51,1,1,0.82752
184,2,488.97,227.9,41.91,66.64,1,1,0.76419
184,5,330.19,681.11,51.14,118.74,1,1,0.77209
184,9,1590.09,567.88,50.52,120.46,1,1,0.81074
184,10,780.04,578.32,48.84,110.99,1,1,0.8021
184,18,796.48,428.91,43.99,106.04,1,1,0.78262
184,20,1089.85,766.34,61.92,134.41,1,1,0.70365
184,4,365.02,567.08,45.0,115.89,1,1,0.82415
184,16,899.93,633.09,49.5,124.1,1,1,0.78794
184,21,947.02,774.43,52.46,135.24,1,1,0.82914
184,19,864.66,682.6,50.87,126.21,1,1,0.81692
184,12,825.57,308.42,48.16,86.39,1,1,0.84171
184,11,1000.28,550.23,48.02,115.39,1,1,0.81371
184,15,1829.04,535.59,92.17,105.48,1,1,0.87621
184,22,1059.47,748.93,45.07,130.43,1,1,0.67199
184,6,166.81,182.95,48.16,69.46,1,1,0.8093
184,3,904.64,535.19,54.5,104.35,1,1,0.69049
184,26,124.31,167.17,43.73,68.03,1,1,0.79696
185,0,1288.32,496.16,40.35,118.59,1,1,0.80653
185,1,925.87,333.01,41.23,95.29,1,1,0.84479
185,2,487.95,227.78,45.12,67.92,1,1,0.77128
185,5,327.79,676.72,50.9,117.82,1,1,0.81175
185,9,1593.19,564.11,51.29,117.19,1,1,0.8139
185,10,781.71,576.35,47.36,107.98,1,1,0.82295
185,18,796.2,425.81,43.21,106.53,1,1,0.79419
185,20,1092.26,763.63,62.2,135.0,1,1,0.70742
185,4,361.22,562.36,43.39,118.61,1,1,0.83486
185,16,899.74,633.74,48.25,121.32,1,1,0.81391
185,21,943.8,773.23,51.99,135.76,1,1,0.84303
185,19,862.04,679.16,50.26,127.54,1,1,0.82481
185,12,822.03,308.12,51.29,85.1,1,1,0.85418
185,11,999.87,548.55,48.22,115.07,1,1,0.82169
185,15,1831.32,535.31,90.9,104.81,1,1,0.86554
185,22,1056.09,748.69,44.37,131.01,1,1,0.73076
185,6,159.39,186.17,47.89,68.49,1,1,0.81462
185,3,906.23,531.06,52.78,108.08,1,1,0.73735
185,26,118.22,167.35,40.76,68.48,1,1,0.80243
186,0,1288.3,493.49,39.32,115.57,1,1,0.7871
186,1,924.03,330.82,40.26,91.67,1,1,0.8467
186,2,487.04,227.72,45.31,68.5,1,1,0.76201
186,5,325.86,671.74,49.17,112.55,1,1,0.81114
186,9,1596.35,560.52,52.35,111.93,1,1,0.81278
186,10,783.91,573.74,45.41,107.34,1,1,0.80934
186,18,796.7,423.24,42.17,103.14,1,1,0.78012
186,20,1094.24,762.38,59.14,134.59,1,1,0.75542
186,4,356.72,558.31,42.94,121.03,1,1,0.82672
186,16,900.02,633.07,46.6,118.73,1,1,0.82059
186,21,939.87,771.46,51.14,136.41,1,1,0.83942
186,19,859.1,674.63,48.88,128.68,1,1,0.81518
186,12,816.87,307.2,52.0,83.79,1,1,0.83279
186,11,999.17,546.33,47.56,114.87,1,1,0.80696
186,15,1835.72,535.95,86.36,99.02,1,1,0.81964
186,22,1052.82,748.0,42.92,130.49,1,1,0.76009
186,6,153.43,188.33,45.87,66.91,1,1,0.7957
186,3,909.27,528.63,49.73,106.42,1,1,0.72169
186,26,109.79,167.78,38.9,69.5,1,1,0.78592
187,0,1287.54,491.89,38.75,103.71,1,1,0.7947
187,1,920.27,328.72,41.93,91.33,1,1,0.85068
187,2,486.03,227.39,44.46,67.97,1,1,0.76725
187,5,324.38,667.55,47.6,111.93,1,1,0.82035
187,9,1599.52,557.8,52.37,106.27,1,1,0.82435
187,10,784.56,570.7,44.58,110.1,1,1,0.81404
187,18,796.07,419.94,41.88,97.87,1,1,0.79286
187,20,1095.08,762.02,56.44,134.34,1,1,0.79452
187,4,352.68,554.92,42.83,122.72,1,1,0.83194
187,16,898.87,630.33,45.83,120.19,1,1,0.81578
187,21,936.12,768.65,49.41,138.62,1,1,0.85545
187,19,854.89,671.01,47.91,127.9,1,1,0.80538
187,12,810.68,304.96,54.96,84.27,1,1,0.83332
187,11,997.4,543.45,47.4,116.66,1,1,0.81607
187,15,1840.37,541.96,81.21,95.6,1,1,0.82021
187,22,1047.9,747.2,42.64,131.48,1,1,0.79225
187,6,148.26,190.28,43.95,66.92,1,1,0.79744
187,3,909.4,525.69,49.81,107.82,1,1,0.75691
187,26,98.75,168.32,41.49,69.55,1,1,0.7783
188,0,1285.0,489.7,38.85,100.84,1,1,0.79652
188,1,915.37,326.28,43.03,92.09,1,1,0.86146
188,2,483.29,225.93,45.52,69.62,1,1,0.76645
188,5,321.05,663.09,48.86,114.85,1,1,0.81673
188,9,1600.6,555.75,53.82,103.74,1,1,0.82421
188,10,783.81,566.2,44.28,113.0,1,1,0.81832
188,18,794.38,417.42,41.98,93.46,1,1,0.80229
188,20,1094.76,761.09,53.56,133.38,1,1,0.80415
188,4,347.67,550.99,43.27,123.55,1,1,0.82608
188,16,896.64,628.72,45.29,120.03,1,1,0.81376
188,21,930.92,765.74,48.56,138.71,1,1,0.86064
188,19,849.67,666.94,47.02,123.56,1,1,0.80778
188,12,805.31,303.2,56.92,84.08,1,1,0.8331
188,11,995.22,540.7,47.17,118.03,1,1,0.81017
188,15,1847.55,541.69,73.29,97.34,1,1,0.82845
188,22,1041.35,744.74,43.71,133.39,1,1,0.80518
188,6,141.4,191.46,43.52,65.81,1,1,0.79183
188,3,906.95,523.88,50.62,109.23,1,1,0.77009
188,26,82.7,167.89,46.87,70.89,1,1,0.8047
189,0,1280.56,488.48,37.78,98.17,1,1,0.802
189,1,908.25,324.15,43.98,93.17,1,1,0.85977
189,2,477.49,226.13,48.56,70.23,1,1,0.77445
189,5,315.28,657.88,47.69,118.43,1,1,0.82587
189,9,1599.31,554.01,54.92,103.92,1,1,0.8192
189,10,780.8,561.57,44.56,115.28,1,1,0.81772
189,18,789.99,416.31,43.3,91.92,1,1,0.81079
189,20,1092.27,760.41,52.46,133.56,1,1,0.81308
189,4,340.62,549.07,43.97,120.44,1,1,0.82873
189,16,892.37,624.71,44.33,122.33,1,1,0.8258
189,21,922.45,764.45,49.53,138.7,1,1,0.84995
189,19,842.41,664.32,47.09,122.65,1,1,0.82024
189,12,795.2,301.01,60.19,83.02,1,1,0.83867
189,11,990.38,537.31,47.67,118.33,1,1,0.80758
189,15,1855.61,540.87,64.19,99.75,1,1,0.82909
189,22,1033.42,743.6,45.08,133.33,1,1,0.79923
189,6,129.23,192.88,45.8,64.6,1,1,0.80339
189,3,904.24,522.79,49.37,106.92,1,1,0.72846
189,26,71.01,169.2,46.97,70.47,1,1,0.80821
190,0,1273.63,482.45,36.93,102.24,1,1,0.81387
190,1,899.32,321.44,44.76,93.9,1,1,0.86638
190,2,471.87,226.46,48.55,69.57,1,1,0.77327
190,5,307.47,652.16,46.89,122.03,1,1,0.81861
190,9,1597.47,551.37,54.94,105.71,1,1,0.81903
190,10,774.39,556.99,45.62,116.99,1,1,0.82259
190,18,784.27,414.24,43.62,92.38,1,1,0.82066
190,20,1087.67,758.55,50.72,133.34,1,1,0.81446
190,4,331.62,548.01,44.51,115.73,1,1,0.81984
190,16,886.66,619.77,43.81,124.51,1,1,0.84736
190,21,912.68,762.39,48.76,138.59,1,1,0.87046
190,19,832.51,661.81,47.21,117.66,1,1,0.83437
190,12,783.15,299.71,63.01,80.46,1,1,0.84882
190,11,983.63,533.86,47.98,121.18,1,1,0.81335
190,15,1862.85,539.96,56.02,100.65,1,1,0.81571
190,22,1022.83,741.52,44.62,132.91,1,1,0.8092
190,6,117.85,193.58,46.37,62.98,1,1,0.80126
190,3,900.25,519.3,49.53,104.05,1,1,0.70669
190,26,58.93,169.47,45.86,69.07,1,1,0.8056
191,0,1264.78,478.37,37.13,103.9,1,1,0.81972
191,1,889.1,318.33,45.55,95.3,1,1,0.88174
191,2,466.06,227.23,48.64,69.43,1,1,0.76456
191,5,297.07,646.2,46.97,126.91,1,1,0.83026
191,9,1595.32,547.24,53.98,109.0,1,1,0.82834
191,10,766.85,553.18,46.74,117.92,1,1,0.83393
191,18,777.65,411.76,43.41,94.09,1,1,0.81763
191,20,1080.85,755.89,50.44,135.1,1,1,0.81467
191,4,320.55,546.71,45.45,111.73,1,1,0.83176
191,16,878.48,616.7,43.98,123.93,1,1,0.8619
191,21,902.11,760.77,48.62,137.63,1,1,0.88
191,19,820.79,658.25,47.83,118.48,1,1,0.85684
191,12,773.94,299.26,61.67,78.54,1,1,0.85905
191,11,976.69,529.66,48.44,121.7,1,1,0.78995
191,15,1872.98,538.39,45.25,100.6,1,1,0.80847
191,22,1011.39,738.27,45.4,133.06,1,1,0.82058
191,6,106.46,194.24,46.39,62.35,1,1,0.80927
191,3,892.04,515.76,49.82,101.93,1,1,0.76963
191,26,46.25,166.42,44.37,71.33,1,1,0.82693
192,0,1258.15,475.57,35.54,98.04,1,1,0.87231
192,1,880.37,315.07,44.45,94.04,1,1,0.89332
192,5,288.62,639.5,45.08,125.44,1,1,0.83763
192,9,1589.49,543.23,54.56,110.6,1,1,0.82024
192,10,762.07,549.64,45.71,115.13,1,1,0.82656
192,18,770.3,408.15,43.99,95.17,1,1,0.81557
192,20,1077.1,752.16,47.46,136.23,1,1,0.83142
192,4,310.99,545.56,46.01,107.57,1,1,0.83893
192,16,872.16,613.29,43.31,123.76,1,1,0.88177
192,21,892.56,759.54,47.97,134.68,1,1,0.89062
192,19,811.74,653.24,46.75,120.77,1,1,0.88076
192,12,765.11,297.46,58.31,77.34,1,1,0.85379
192,11,969.87,526.19,47.64,115.02,1,1,0.78044
192,15,1878.03,536.46,40.49,101.39,1,1,0.81609
192,22,1000.8,736.4,44.19,130.77,1,1,0.83099
192,6,98.31,193.75,44.01,62.2,1,1,0.79021
192,3,885.47,511.85,49.68,100.28,1,1,0.74177
192,26,35.73,166.72,42.06,72.26,1,1,0.81692
193,0,1252.87,472.76,35.09,99.35,1,1,0.82975
193,1,871.98,312.45,43.86,90.71,1,1,0.87322
193,5,281.82,634.58,43.73,120.29,1,1,0.81128
193,9,1585.19,538.66,55.37,113.68,1,1,0.82945
193,10,757.46,545.69,45.64,110.61,1,1,0.814
193,18,763.25,404.51,44.46,95.83,1,1,0.78549
193,20,1072.43,749.63,48.05,137.98,1,1,0.81797
193,4,303.13,542.69,44.92,106.75,1,1,0.77927
193,16,866.52,611.57,43.23,121.77,1,1,0.84364
193,21,883.79,759.94,48.85,133.72,1,1,0.88552
193,19,802.87,649.57,47.88,123.01,1,1,0.8302
193,12,754.53,294.75,59.99,79.75,1,1,0.84054
193,11,963.86,522.83,47.51,112.18,1,1,0.79533
193,15,1878.85,531.95,39.98,106.04,1,1,0.82761
193,22,990.56,736.51,46.48,130.72,1,1,0.81389
193,6,88.46,192.09,46.73,62.45,1,1,0.80793
193,3,878.92,509.48,51.85,100.32,1,1,0.77102
193,26,24.03,166.76,42.09,71.37,1,1,0.82429
193,2,460.31,223.51,44.37,69.26,1,1,0.76815
194,0,1248.12,469.99,36.53,101.15,1,1,0.81408
194,1,865.33,311.09,42.4,86.07,1,1,0.85902
194,5,276.95,630.18,42.05,110.99,1,1,0.79334
194,9,1584.67,534.66,54.83,115.41,1,1,0.82024
194,10,754.74,543.22,45.36,105.21,1,1,0.80291
194,18,757.67,400.55,45.94,97.53,1,1,0.76991
194,20,1070.05,748.01,47.3,138.58,1,1,0.79075
194,4,297.01,538.88,42.24,101.88,1,1,0.74155
194,16,863.32,609.39,43.57,120.99,1,1,0.82881
194,21,876.94,760.81,49.63,132.12,1,1,0.87259
194,19,795.27,646.13,48.95,124.18,1,1,0.80201
194,12,744.26,292.63,61.46,78.99,1,1,0.80816
194,11,959.97,521.17,47.59,108.38,1,1,0.80309
194,15,1879.37,528.69,40.12,109.06,1,1,0.82085
194,22,982.49,736.77,47.36,129.56,1,1,0.80354
194,6,82.67,191.26,47.3,62.94,1,1,0.80615
194,3,874.48,506.56,54.98,101.88,1,1,0.77722
194,26,13.02,166.12,44.14,70.24,1,1,0.81801
194,27,1029.18,719.35,48.27,129.07,1,1,0.76011
194,2,453.87,221.04,46.18,71.17,1,1,0.77288
195,0,1245.1,467.38,37.62,102.33,1,1,0.79641
195,1,860.34,309.15,39.54,85.03,1,1,0.84416
195,5,273.48,626.3,41.07,104.36,1,1,0.78662
195,9,1584.7,530.88,54.2,116.04,1,1,0.82246
195,10,754.24,540.91,44.78,102.05,1,1,0.78899
195,18,753.74,396.54,46.11,97.37,1,1,0.79013
195,20,1069.1,746.74,46.98,138.83,1,1,0.79111
195,4,292.68,534.09,40.85,107.13,1,1,0.7574
195,16,861.09,608.65,44.41,120.12,1,1,0.82802
195,21,871.05,761.09,50.53,130.37,1,1,0.86057
195,19,789.36,642.26,50.24,125.56,1,1,0.79746
195,12,736.11,291.31,58.85,76.57,1,1,0.81638
195,11,957.73,520.03,48.06,106.91,1,1,0.81178
195,15,1878.91,528.9,41.14,108.62,1,1,0.81105
195,22,974.76,737.36,48.44,127.89,1,1,0.80515
195,6,79.12,190.54,47.56,62.07,1,1,0.7988
195,3,871.82,504.26,56.98,102.42,1,1,0.78062
195,26,2.98,166.27,47.78,69.09,1,1,0.81925
195,27,1025.49,718.01,50.19,130.32,1,1,0.77435
195,2,452.73,219.72,44.38,72.25,1,1,0.7666
196,0,1243.25,465.48,37.54,99.54,1,1,0.79265
196,1,855.05,307.18,39.3,85.78,1,1,0.84039
196,5,270.58,622.35,42.21,104.72,1,1,0.79559
196,9,1586.45,527.9,53.17,113.51,1,1,0.82224
196,10,754.43,538.69,44.07,100.23,1,1,0.78148
196,18,751.06,393.03,46.54,95.37,1,1,0.78765
196,20,1069.77,745.87,46.35,137.54,1,1,0.79944
196,4,289.59,529.28,40.27,109.76,1,1,0.78405
196,16,859.73,607.68,44.73,119.5,1,1,0.84232
196,21,866.47,760.24,49.99,129.42,1,1,0.85824
196,19,783.96,638.29,50.74,125.02,1,1,0.77314
196,12,730.53,289.01,56.06,75.03,1,1,0.81275
196,11,956.54,518.16,48.42,108.5,1,1,0.80179
196,15,1882.69,529.21,37.84,107.16,1,1,0.7334
196,22,968.32,736.49,49.88,126.66,1,1,0.80816
196,6,78.56,189.25,46.13,62.08,1,1,0.79561
196,3,870.54,501.23,58.01,103.83,1,1,0.76291
196,26,-2.21,166.43,47.11,68.97,1,1,0.813
196,27,1024.14,715.27,50.02,131.31,1,1,0.7901
196,2,454.9,218.88,40.96,72.19,1,1,0.76864
197,0,1242.08,464.06,36.54,96.22,1,1,0.80643
197,1,850.89,306.27,39.7,86.05,1,1,0.84375
197,5,267.84,618.27,43.6,108.04,1,1,0.80465
197,9,1588.05,526.27,52.54,108.29,1,1,0.82626
197,10,754.23,536.32,43.75,100.99,1,1,0.77345
197,18,749.51,391.02,45.81,91.08,1,1,0.79567
197,20,1070.37,745.55,46.35,133.71,1,1,0.81418
197,4,286.82,525.68,40.05,106.78,1,1,0.78415
197,16,859.09,606.97,44.57,118.09,1,1,0.85651
197,21,862.84,758.46,49.14,129.94,1,1,0.86661
197,19,779.39,635.42,48.67,117.16,1,1,0.78984
197,12,723.0,287.27,55.54,75.54,1,1,0.80944
197,11,955.74,516.38,49.4,110.44,1,1,0.80713
197,15,1890.47,522.77,29.94,109.53,1,1,0.73966
197,22,963.55,735.76,50.26,126.57,1,1,0.81869
197,6,79.47,188.96,44.24,63.7,1,1,0.80009
197,3,870.55,498.16,57.12,106.55,1,1,0.77506
197,26,-3.75,167.97,41.23,68.04,1,1,0.77313
197,27,1022.98,712.84,49.35,130.5,1,1,0.80265
197,2,457.66,217.88,36.87,71.8,1,1,0.77997
198,0,1240.39,463.52,38.12,98.19,1,1,0.811
198,1,845.56,303.96,43.21,88.43,1,1,0.83854
198,5,263.89,612.72,45.76,113.04,1,1,0.79963
198,9,1590.11,524.54,51.84,104.95,1,1,0.84091
198,10,753.72,532.82,44.24,103.83,1,1,0.78265
198,18,747.2,389.39,48.96,90.03,1,1,0.83239
198,20,1069.64,745.07,49.14,132.79,1,1,0.81484
198,4,284.0,521.68,40.57,105.21,1,1,0.79033
198,16,856.83,605.97,46.56,118.4,1,1,0.84012
198,21,859.41,756.99,51.01,133.02,1,1,0.84631
198,19,773.96,633.68,50.07,112.32,1,1,0.80273
198,12,716.18,285.6,57.51,76.41,1,1,0.85257
198,11,953.88,513.54,51.49,113.53,1,1,0.82914
198,15,1895.91,522.52,24.21,109.29,1,1,0.70145
198,22,955.99,734.78,54.52,128.46,1,1,0.82105
198,6,80.94,188.46,42.89,65.65,1,1,0.79683
198,3,870.34,494.16,58.4,109.86,1,1,0.7992
198,26,-3.43,170.18,34.27,67.15,1,1,0.748
198,27,1021.28,712.52,50.09,130.26,1,1,0.80445
198,2,459.25,218.93,36.06,72.54,1,1,0.81087
199,0,1239.22,462.6,38.7,97.61,1,1,0.80834
199,1,840.09,297.33,46.5,94.37,1,1,0.83806
199,5,258.29,606.97,48.8,117.22,1,1,0.7859
199,9,1592.73,523.72,50.57,102.84,1,1,0.83778
199,10,753.45,529.79,45.13,105.41,1,1,0.79012
199,18,745.68,386.84,50.58,92.07,1,1,0.83557
199,20,1069.21,744.59,51.73,132.24,1,1,0.82427
199,4,280.39,518.47,41.68,110.19,1,1,0.7806
199,16,854.72,604.56,48.47,119.72,1,1,0.8299
199,21,855.8,755.17,52.26,135.83,1,1,0.84903
199,19,769.87,632.55,50.24,108.74,1,1,0.8141
199,12,710.26,284.65,54.91,77.26,1,1,0.85295
199,11,953.61,510.23,51.66,116.32,1,1,0.82977
199,15,1905.91,518.14,13.95,107.6,1,1,0.68771
199,22,950.79,732.83,55.35,130.19,1,1,0.82592
199,6,80.7,188.45,43.63,66.44,1,1,0.7985
199,3,871.08,490.27,56.43,112.55,1,1,0.78795
199,26,-2.68,169.69,28.57,66.41,1,1,0.75637
199,27,1018.71,713.24,49.75,129.82,1,1,0.80684
199,2,461.11,219.61,35.49,74.19,1,1,0.82098
200,0,1238.55,460.7,38.61,100.08,1,1,0.80956
200,1,835.12,292.79,50.81,98.6,1,1,0.8517
200,5,258.53,600.79,47.81,122.5,1,1,0.79266
200,9,1595.47,523.08,49.36,103.68,1,1,0.83886
200,10,754.5,526.35,45.16,106.29,1,1,0.77765
200,18,743.88,384.14,51.84,94.13,1,1,0.8389
200,20,1069.39,743.48,54.37,132.86,1,1,0.83237
200,4,278.26,516.11,42.25,110.34,1,1,0.78049
200,16,855.3,602.28,48.68,120.99,1,1,0.82574
200,21,852.68,753.01,53.13,137.34,1,1,0.84903
200,19,765.86,632.5,50.14,107.33,1,1,0.80986
200,12,704.29,284.09,57.83,78.95,1,1,0.85802
200,11,953.96,507.7,51.72,118.11,1,1,0.82542
200,22,946.51,732.07,56.22,129.81,1,1,0.82557
200,6,81.23,189.02,45.04,65.65,1,1,0.80934
200,3,873.27,487.08,55.23,113.34,1,1,0.78396
200,26,-1.84,170.19,23.89,69.02,1,1,0.73345
200,27,1016.33,714.11,48.79,129.37,1,1,0.8022
200,2,462.63,219.69,36.62,75.2,1,1,0.8238
201,0,1240.63,459.09,38.47,101.43,1,1,0.81866
201,1,834.65,289.34,52.0,99.58,1,1,0.8536
201,5,260.82,596.35,45.49,120.62,1,1,0.74047
201,9,1600.2,521.54,47.46,105.84,1,1,0.84134
201,10,756.76,523.13,45.68,106.78,1,1,0.78699
201,18,743.81,381.52,52.92,96.35,1,1,0.84157
201,20,1071.93,741.47,56.63,135.25,1,1,0.84535
201,4,279.16,514.08,42.77,110.26,1,1,0.80094
201,16,858.22,600.48,48.78,122.61,1,1,0.83546
201,21,851.68,751.11,54.0,138.43,1,1,0.85762
201,19,763.64,632.47,49.99,108.25,1,1,0.81479
201,12,701.0,283.96,59.1,78.68,1,1,0.85114
201,11,956.97,504.77,51.07,118.85,1,1,0.82437
201,22,945.39,730.66,57.21,129.76,1,1,0.82828
201,6,86.86,190.24,44.92,63.46,1,1,0.80935
201,3,877.77,484.42,53.41,112.89,1,1,0.78554
201,26,-0.8,172.19,21.86,66.56,1,1,0.74477
201,27,1015.39,714.66,48.82,130.37,1,1,0.81087
201,2,466.06,220.42,36.96,75.04,1,1,0.82166
202,0,1245.59,457.44,39.15,103.12,1,1,0.83501
202,1,837.29,288.83,52.3,96.13,1,1,0.85491
202,5,265.9,592.83,45.36,115.71,1,1,0.76649
202,9,1607.4,519.38,45.9,108.94,1,1,0.84654
202,10,763.6,519.96,46.26,105.11,1,1,0.81527
202,18,746.81,379.44,54.34,96.45,1,1,0.84563
202,20,1077.59,738.78,57.51,137.39,1,1,0.85231
202,4,282.66,512.83,43.73,109.8,1,1,0.82226
202,16,865.56,599.69,47.5,124.59,1,1,0.84816
202,21,854.6,749.18,54.18,140.09,1,1,0.86421
202,19,764.46,630.82,50.23,110.29,1,1,0.83201
202,12,699.68,283.44,64.56,79.24,1,1,0.86982
202,11,962.79,503.03,51.51,118.94,1,1,0.82922
202,22,946.83,729.83,59.19,129.82,1,1,0.84139
202,6,90.53,190.52,50.21,66.07,1,1,0.84001
202,3,882.83,482.32,54.69,111.29,1,1,0.76506
202,26,0.4,173.87,23.94,62.85,1,1,0.77824
202,27,1019.35,714.67,48.37,131.55,1,1,0.83034
202,2,472.6,222.31,37.62,77.34,1,1,0.83696
203,0,1252.97,455.72,38.94,104.75,1,1,0.82089
203,1,842.62,288.08,51.35,93.31,1,1,0.84252
203,5,272.87,589.59,46.7,113.1,1,1,0.76076
203,9,1616.58,516.23,45.15,112.97,1,1,0.83834
203,10,771.74,518.14,47.5,106.15,1,1,0.81655
203,18,753.95,377.02,53.57,95.48,1,1,0.82569
203,20,1085.38,736.31,56.88,138.39,1,1,0.84049
203,4,289.56,512.29,43.01,109.95,1,1,0.81905
203,16,873.36,597.89,48.16,127.45,1,1,0.83693
203,21,860.11,748.05,54.22,139.99,1,1,0.86604
203,19,767.58,627.15,51.07,114.05,1,1,0.8269
203,12,700.56,282.91,68.1,80.03,1,1,0.85448
203,11,972.78,502.62,50.76,116.43,1,1,0.81535
203,22,949.61,729.49,60.52,129.24,1,1,0.83906
203,6,99.21,190.14,50.88,67.63,1,1,0.82192
203,3,894.6,481.69,50.21,103.38,1,1,0.78925
203,26,1.67,174.17,29.48,68.86,1,1,0.79465
203,27,1024.99,715.02,48.69,132.73,1,1,0.83293
203,2,481.42,223.46,36.96,79.51,1,1,0.81557
204,0,1261.79,454.96,38.76,105.28,1,1,0.83458
204,1,848.76,287.34,48.86,91.94,1,1,0.84392
204,5,281.08,586.63,46.44,108.03,1,1,0.8101
204,9,1628.25,512.82,44.53,117.43,1,1,0.85135
204,10,782.43,516.98,47.35,103.68,1,1,0.82564
204,18,760.98,375.52,54.77,94.02,1,1,0.84775
204,20,1094.16,735.07,56.47,138.94,1,1,0.8554
204,4,297.17,511.58,43.85,109.6,1,1,0.83394
204,16,883.94,595.99,47.52,130.08,1,1,0.84591
204,21,865.88,748.42,54.16,139.13,1,1,0.87085
204,19,772.15,623.69,51.73,117.56,1,1,0.83262
204,12,702.3,282.41,68.08,81.04,1,1,0.86059
204,11,981.91,502.59,51.56,116.86,1,1,0.82609
204,22,955.57,729.33,59.57,129.89,1,1,0.84484
204,6,110.61,190.05,53.32,69.25,1,1,0.82756
204,3,904.43,481.54,49.34,95.94,1,1,0.79064
204,26,2.52,173.92,38.13,72.13,1,1,0.83062
204,27,1031.16,713.6,49.38,135.26,1,1,0.83789
204,2,490.1,225.49,38.75,80.05,1,1,0.8345
205,0,1270.46,455.37,39.81,105.79,1,1,0.84657
205,1,855.11,286.13,46.46,92.03,1,1,0.85431
205,5,289.87,584.47,47.42,101.93,1,1,0.83408
205,9,1639.96,511.21,43.39,119.8,1,1,0.85003
205,10,793.54,516.31,47.43,101.76,1,1,0.84594
205,18,767.9,375.4,53.24,88.48,1,1,0.87136
205,20,1103.34,734.04,55.17,139.55,1,1,0.85711
205,4,305.2,510.22,44.32,108.4,1,1,0.8345
205,16,893.03,595.18,48.36,131.04,1,1,0.85356
205,21,872.51,749.05,54.41,137.59,1,1,0.86898
205,19,777.51,620.42,52.18,119.74,1,1,0.84391
205,12,704.36,282.47,63.61,81.71,1,1,0.86175
205,11,992.08,503.26,51.46,116.21,1,1,0.82999
205,22,960.46,730.8,58.43,129.05,1,1,0.85796
205,6,117.7,189.8,60.27,70.97,1,1,0.82468
205,3,914.14,481.25,49.89,94.54,1,1,0.78487
205,26,5.09,172.99,46.11,73.06,1,1,0.85001
205,27,1036.53,713.46,51.58,135.75,1,1,0.83911
205,2,499.73,226.45,39.79,80.66,1,1,0.84712
206,0,1278.61,455.97,40.22,105.49,1,1,0.84286
206,1,859.69,286.29,46.5,92.44,1,1,0.86384
206,5,297.34,581.86,47.29,100.52,1,1,0.84212
206,9,1649.09,510.32,43.94,119.73,1,1,0.85812
206,10,803.21,515.21,46.7,102.19,1,1,0.83683
206,18,773.67,374.62,52.49,86.06,1,1,0.87324
206,20,1113.28,733.46,54.67,136.54,1,1,0.86213
206,4,312.37,508.65,44.16,107.56,1,1,0.83058
206,16,901.45,595.63,49.2,130.29,1,1,0.85246
206,21,879.38,749.58,53.79,135.79,1,1,0.8735
206,19,782.55,617.43,51.97,118.48,1,1,0.83776
206,12,706.41,282.0,59.87,82.8,1,1,0.86882
206,11,1002.63,503.95,50.71,113.98,1,1,0.8359
206,22,963.46,732.39,57.71,128.38,1,1,0.86458
206,6,132.69,189.42,60.55,73.41,1,1,0.82557
206,3,926.05,480.12,48.55,96.56,1,1,0.80748
206,26,11.73,174.05,48.91,72.62,1,1,0.85218
206,27,1043.31,713.05,53.51,135.85,1,1,0.8512
206,2,508.47,226.6,40.2,82.23,1,1,0.85325
207,0,1287.49,456.75,40.45,105.89,1,1,0.84101
207,1,865.17,287.19,45.93,91.77,1,1,0.86494
207,5,304.47,579.37,47.99,102.07,1,1,0.84527
207,9,1657.47,509.45,46.99,117.0,1,1,0.8571
207,10,812.34,513.92,46.02,104.14,1,1,0.84101
207,18,779.58,373.0,51.56,86.32,1,1,0.8733
207,20,1123.1,733.06,53.24,134.11,1,1,0.86503
207,4,319.54,506.53,44.97,108.21,1,1,0.82014
207,16,910.04,596.28,48.9,126.96,1,1,0.85719
207,21,886.09,749.44,52.3,134.18,1,1,0.87002
207,19,787.52,614.34,51.24,116.67,1,1,0.83172
207,12,708.56,281.41,55.08,83.67,1,1,0.86252
207,11,1012.04,504.38,50.11,112.89,1,1,0.83774
207,22,967.01,733.2,57.17,128.22,1,1,0.86504
207,6,146.71,189.32,56.77,75.92,1,1,0.82492
207,3,938.47,478.3,46.01,98.08,1,1,0.81514
207,26,19.54,175.43,50.97,71.69,1,1,0.84992
207,27,1050.63,711.99,53.46,135.22,1,1,0.85877
207,2,517.79,226.4,39.07,83.99,1,1,0.845
208,0,1295.88,457.18,40.49,105.58,1,1,0.83702
208,1,868.8,287.0,47.9,92.19,1,1,0.86731
208,5,313.13,576.02,50.06,105.54,1,1,0.84935
208,9,1666.16,508.74,49.39,114.36,1,1,0.85513
208,10,820.81,511.5,46.13,106.0,1,1,0.84264
208,18,784.86,371.01,52.67,89.11,1,1,0.87624
208,20,1133.07,732.98,52.49,129.97,1,1,0.8676
208,4,327.23,504.39,44.68,101.19,1,1,0.81811
208,16,918.13,597.03,48.82,124.93,1,1,0.85516
208,21,893.03,749.2,51.65,131.87,1,1,0.87619
208,19,793.61,611.76,47.98,114.15,1,1,0.84544
208,12,711.56,280.2,51.58,85.53,1,1,0.86806
208,11,1022.43,503.93,49.18,112.82,1,1,0.84593
208,22,971.26,734.58,57.24,128.29,1,1,0.86844
208,6,158.29,190.54,52.93,75.58,1,1,0.8356
208,3,949.48,476.41,44.68,100.54,1,1,0.81954
208,26,28.89,174.76,51.38,72.48,1,1,0.84554
208,27,1056.52,711.75,55.17,134.32,1,1,0.86463
208,2,526.04,226.35,39.38,83.69,1,1,0.85461
209,0,1303.93,456.15,40.02,105.37,1,1,0.82764
209,1,873.22,286.69,49.45,91.96,1,1,0.86396
209,5,321.47,570.77,50.39,110.54,1,1,0.84337
209,9,1674.95,508.92,51.13,108.0,1,1,0.8568
209,10,829.14,508.59,46.68,108.76,1,1,0.83631
209,18,790.55,367.73,53.39,92.75,1,1,0.87558
209,20,1142.17,731.46,52.63,128.97,1,1,0.86768
209,4,335.44,502.77,43.37,97.43,1,1,0.80958
209,16,925.58,597.52,49.91,121.29,1,1,0.85245
209,21,899.57,748.37,51.84,132.28,1,1,0.86292
209,19,799.31,610.35,45.72,112.19,1,1,0.84224
209,12,714.62,278.36,50.94,87.36,1,1,0.86404
209,11,1031.48,503.04,48.36,112.33,1,1,0.84167
209,22,975.19,733.85,57.11,130.75,1,1,0.86229
209,6,172.79,192.28,52.54,73.97,1,1,0.84972
209,3,961.35,473.93,44.52,99.55,1,1,0.8185
209,26,38.77,174.98,50.98,72.55,1,1,0.84453
209,27,1063.53,711.64,53.12,130.92,1,1,0.86141
209,2,534.54,225.58,38.69,84.78,1,1,0.84144
210,0,1311.98,455.51,40.32,104.29,1,1,0.81971
210,1,878.98,284.77,48.87,91.77,1,1,0.86643
210,5,329.89,564.74,48.99,115.38,1,1,0.81978
210,9,1683.95,509.88,52.48,104.91,1,1,0.85314
210,10,837.29,505.54,46.28,110.37,1,1,0.82138
210,18,795.47,365.21,55.58,94.78,1,1,0.87859
210,20,1150.98,730.92,51.97,129.06,1,1,0.87268
210,4,343.42,501.52,42.71,96.85,1,1,0.80162
210,16,935.74,596.72,48.33,119.67,1,1,0.84105
210,21,906.69,746.56,50.71,133.27,1,1,0.86364
210,19,804.81,608.24,44.8,114.11,1,1,0.83423
210,12,717.24,275.74,53.35,89.68,1,1,0.86208
210,11,1041.89,501.65,47.31,114.25,1,1,0.8275
210,22,978.96,732.71,58.24,131.97,1,1,0.8572
210,6,187.62,193.8,54.5,72.39,1,1,0.84976
210,3,971.6,472.26,44.13,101.04,1,1,0.79934
210,26,49.85,174.48,49.98,73.22,1,1,0.83768
210,27,1070.72,710.77,51.66,128.68,1,1,0.86064
210,2,543.66,225.87,38.19,86.65,1,1,0.83942
211,0,1320.1,453.67,40.46,104.9,1,1,0.80793
211,1,884.38,283.97,48.04,88.03,1,1,0.85749
211,5,337.73,559.56,47.58,117.25,1,1,0.80936
211,9,1694.23,509.8,53.91,104.49,1,1,0.84039
211,10,847.04,502.78,46.15,110.47,1,1,0.80883
211,18,800.84,362.55,56.77,96.27,1,1,0.87301
211,20,1160.21,729.15,51.38,130.51,1,1,0.85445
211,4,352.02,498.85,42.29,100.46,1,1,0.77826
211,16,944.96,595.17,48.16,119.64,1,1,0.83727
211,21,913.21,744.92,51.16,133.29,1,1,0.84688
211,19,808.48,606.65,46.44,115.05,1,1,0.82833
211,12,719.83,274.1,54.12,86.65,1,1,0.84708
211,11,1052.03,499.69,46.77,114.4,1,1,0.81601
211,22,983.51,731.24,59.63,132.34,1,1,0.84097
211,6,202.2,193.59,54.51,72.17,1,1,0.83593
211,3,981.93,470.43,45.73,100.05,1,1,0.78059
211,26,61.34,174.25,49.02,72.91,1,1,0.83184
211,27,1077.75,709.9,50.33,127.05,1,1,0.84777
211,2,552.3,224.49,37.53,86.95,1,1,0.81766
212,0,1328.72,451.21,40.69,107.78,1,1,0.8005
212,1,889.87,282.86,46.44,84.5,1,1,0.85216
212,5,345.9,553.69,45.65,118.02,1,1,0.81364
212,9,1705.63,508.49,53.88,106.07,1,1,0.83772
212,10,855.86,499.21,47.06,109.27,1,1,0.81713
212,18,806.21,359.48,55.64,94.33,1,1,0.86662
212,20,1169.02,725.65,52.08,132.36,1,1,0.85807
212,4,360.3,495.89,42.25,109.34,1,1,0.81131
212,16,952.16,593.89,48.88,120.44,1,1,0.83678
212,21,920.37,743.05,51.76,132.72,1,1,0.85253
212,19,813.65,603.08,47.6,117.28,1,1,0.83177
212,12,722.85,270.72,53.95,84.64,1,1,0.84317
212,11,1061.86,496.14,46.74,112.97,1,1,0.81346
212,22,988.42,729.55,59.81,132.88,1,1,0.84968
212,6,213.31,194.01,54.55,72.3,1,1,0.83818
212,3,994.01,468.81,45.38,100.63,1,1,0.79691
212,26,74.38,173.68,46.88,72.12,1,1,0.82964
212,27,1086.15,707.31,49.69,127.95,1,1,0.84741
212,2,561.21,222.26,37.38,87.38,1,1,0.80433
213,0,1337.26,449.03,41.29,109.26,1,1,0.80809
213,1,896.4,282.04,42.67,82.61,1,1,0.83925
213,5,354.86,548.36,43.56,114.08,1,1,0.81784
213,9,1717.57,505.93,53.03,108.23,1,1,0.8329
213,10,864.79,496.85,46.74,105.86,1,1,0.80962
213,18,811.18,357.27,52.57,89.8,1,1,0.86497
213,20,1177.56,721.58,51.94,134.51,1,1,0.85709
213,4,369.13,492.17,41.84,111.3,1,1,0.8048
213,16,962.53,590.85,47.91,121.8,1,1,0.83525
213,21,926.93,740.51,52.31,133.67,1,1,0.84704
213,19,818.95,599.1,49.59,117.42,1,1,0.82599
213,12,726.04,269.5,51.82,83.3,1,1,0.84227
213,11,1071.36,493.13,46.61,108.91,1,1,0.81405
213,22,992.14,727.42,61.53,133.55,1,1,0.84243
213,6,224.58,192.8,55.55,73.59,1,1,0.83323
213,3,1005.31,468.07,45.97,100.45,1,1,0.8024
213,26,87.03,173.12,47.22,71.29,1,1,0.82499
213,27,1094.66,704.98,48.44,127.66,1,1,0.84219
213,2,571.01,219.4,37.77,89.33,1,1,0.80496
214,0,1347.28,447.24,40.47,107.31,1,1,0.81258
214,1,902.34,280.51,39.72,83.17,1,1,0.84358
214,5,362.77,544.54,42.9,106.7,1,1,0.80808
214,9,1731.24,503.43,50.27,109.93,1,1,0.82991
214,10,874.2,494.67,46.63,101.0,1,1,0.81477
214,18,817.18,355.59,49.53,86.92,1,1,0.85942
214,20,1187.79,718.12,51.27,135.63,1,1,0.84892
214,4,377.4,487.45,41.45,111.85,1,1,0.77762
214,16,970.64,587.6,49.8,123.73,1,1,0.83553
214,21,934.19,738.16,52.17,133.59,1,1,0.83946
214,19,825.2,595.44,51.47,116.81,1,1,0.82316
214,12,730.13,267.88,47.06,83.31,1,1,0.84537
214,11,1081.72,491.38,45.97,109.18,1,1,0.81055
214,22,994.65,726.89,64.18,132.33,1,1,0.8406
214,6,237.19,192.22,56.4,74.85,1,1,0.83357
214,3,1016.75,466.78,45.53,100.66,1,1,0.81077
214,26,101.14,173.16,45.98,69.43,1,1,0.81929
214,27,1101.7,701.68,48.18,128.08,1,1,0.84125
214,2,579.97,217.84,38.04,93.06,1,1,0.80498
214,8,-0.0,229.14,23.94,70.61,1,1,0.80065
215,0,1356.82,446.67,40.93,107.25,1,1,0.81823
215,1,907.88,278.53,39.07,85.69,1,1,0.84598
215,5,370.2,541.51,43.04,103.14,1,1,0.80048
215,9,1744.7,500.03,47.59,113.19,1,1,0.83609
215,10,883.96,493.21,46.15,99.35,1,1,0.82489
215,18,823.26,353.92,46.57,85.91,1,1,0.86132
215,20,1196.47,714.51,51.68,137.85,1,1,0.84836
215,4,384.78,483.4,42.37,109.17,1,1,0.73567
215,16,979.54,584.85,50.26,126.04,1,1,0.84754
215,21,939.86,737.19,54.08,133.59,1,1,0.84548
215,19,829.94,591.52,53.03,117.34,1,1,0.82421
215,12,732.54,266.81,45.28,83.37,1,1,0.84859
215,11,1090.5,491.01,46.84,106.62,1,1,0.81538
215,22,999.23,726.77,63.92,130.11,1,1,0.84274
215,6,249.43,191.49,58.33,75.74,1,1,0.85576
215,3,1027.92,465.95,45.07,100.66,1,1,0.81123
215,26,112.69,172.97,46.08,70.6,1,1,0.82469
215,27,1108.17,697.63,49.72,129.44,1,1,0.84477
215,2,588.67,217.44,38.23,93.71,1,1,0.8166
215,8,1.09,227.53,36.78,71.36,1,1,0.8425
216,0,1366.61,446.55,41.06,105.48,1,1,0.80632
216,1,912.41,276.49,41.3,88.16,1,1,0.85216
216,5,378.39,538.81,44.28,103.03,1,1,0.80193
216,9,1756.08,497.56,47.97,115.04,1,1,0.82262
216,10,893.38,491.16,46.29,101.14,1,1,0.82243
216,18,829.41,352.13,46.39,87.56,1,1,0.85558
216,20,1204.74,712.23,51.97,136.87,1,1,0.84415
216,4,391.71,479.7,44.16,109.34,1,1,0.7882
216,16,988.41,582.18,50.2,128.38,1,1,0.8392
216,21,946.44,736.47,54.64,133.43,1,1,0.83969
216,19,834.6,588.09,53.46,114.02,1,1,0.82023
216,12,736.43,265.77,45.88,84.89,1,1,0.84132
216,11,1100.95,490.37,46.16,106.76,1,1,0.81516
216,22,1004.9,727.85,61.85,125.87,1,1,0.82811
216,6,264.82,191.78,57.12,76.3,1,1,0.83574
216,3,1039.34,463.86,44.02,101.53,1,1,0.81365
216,26,122.74,173.15,47.25,71.38,1,1,0.83464
216,27,1114.45,695.0,51.64,129.74,1,1,0.83778
216,2,597.25,218.41,37.01,92.22,1,1,0.8009
216,8,4.46,226.27,46.12,71.51,1,1,0.83782
217,0,1375.39,445.7,41.8,103.45,1,1,0.82777
217,1,916.06,274.89,44.62,88.16,1,1,0.85745
217,5,386.27,536.8,45.32,103.31,1,1,0.80842
217,9,1766.56,495.48,47.85,115.93,1,1,0.83593
217,10,900.86,488.56,47.46,103.27,1,1,0.83054
217,18,833.86,349.23,48.7,90.83,1,1,0.869
217,20,1211.91,710.38,54.08,133.68,1,1,0.86146
217,4,398.44,476.93,44.36,105.82,1,1,0.78313
217,16,996.74,580.53,50.87,128.02,1,1,0.84605
217,21,951.27,736.93,56.65,132.48,1,1,0.85967
217,19,838.41,585.66,53.36,111.0,1,1,0.82921
217,12,737.74,264.33,51.11,85.47,1,1,0.85935
217,11,1110.59,490.14,45.82,107.27,1,1,0.81863
217,22,1011.25,728.26,57.73,123.36,1,1,0.84245
217,6,281.05,191.87,53.87,76.85,1,1,0.84569
217,3,1048.87,460.83,44.07,103.71,1,1,0.80869
217,26,132.57,172.89,48.53,72.51,1,1,0.83633
217,27,1120.21,692.99,52.16,131.16,1,1,0.85813
217,2,603.3,219.68,39.71,91.38,1,1,0.82176
217,8,13.03,225.2,51.73,72.38,1,1,0.85087
218,0,1383.57,444.63,42.25,103.59,1,1,0.82253
218,1,919.83,273.35,47.6,88.28,1,1,0.85095
218,5,393.84,533.26,44.18,106.35,1,1,0.81118
218,9,1775.58,493.05,48.22,114.54,1,1,0.83702
218,10,908.98,485.71,47.86,105.29,1,1,0.83383
218,18,838.11,346.22,52.24,93.56,1,1,0.86609
218,20,1219.72,708.91,54.23,130.34,1,1,0.86868
218,4,405.84,474.31,43.39,102.19,1,1,0.80361
218,16,1006.53,579.51,49.72,127.01,1,1,0.84967
218,21,957.05,737.01,56.32,131.45,1,1,0.86734
218,19,841.7,583.71,51.12,110.18,1,1,0.82234
218,12,736.48,263.29,55.41,84.59,1,1,0.86587
218,11,1118.6,490.1,46.32,106.52,1,1,0.82601
218,22,1016.39,727.26,54.06,123.23,1,1,0.84975
218,6,299.91,192.64,48.55,76.45,1,1,0.83708
218,3,1055.74,457.77,45.6,105.36,1,1,0.83314
218,26,142.31,172.86,49.06,73.74,1,1,0.84601
218,27,1126.24,690.63,52.43,131.14,1,1,0.86672
218,2,610.18,222.73,41.44,89.58,1,1,0.81423
218,8,24.26,223.33,54.58,73.68,1,1,0.84757
219,0,1390.89,441.6,42.84,104.93,1,1,0.823
219,1,922.18,271.89,50.48,86.67,1,1,0.8578
219,5,400.65,528.7,44.83,109.78,1,1,0.81091
219,9,1784.4,491.81,48.12,111.66,1,1,0.83552
219,10,915.98,481.96,48.63,108.07,1,1,0.83544
219,18,842.06,343.21,55.46,94.6,1,1,0.86436
219,20,1226.59,708.11,54.43,127.02,1,1,0.86918
219,4,412.23,472.12,41.72,95.95,1,1,0.77848
219,16,1014.84,579.28,49.78,124.55,1,1,0.852
219,21,961.05,737.37,56.61,129.73,1,1,0.87011
219,19,842.92,581.74,51.41,111.25,1,1,0.83163
219,12,735.59,263.13,56.3,82.69,1,1,0.86496
219,11,1126.3,490.1,45.94,105.3,1,1,0.82326
219,22,1018.3,726.11,54.58,124.88,1,1,0.84428
219,6,318.67,191.83,47.17,76.94,1,1,0.8391
219,3,1062.58,454.97,46.4,106.74,1,1,0.82258
219,26,153.37,173.51,48.81,73.99,1,1,0.83976
219,27,1131.87,689.24,53.02,129.08,1,1,0.87069
219,2,618.37,227.71,41.47,83.56,1,1,0.8239
219,8,35.43,221.24,58.3,75.5,1,1,0.8516
220,0,1398.04,438.91,41.48,105.67,1,1,0.82371
220,1,922.74,271.3,53.99,82.83,1,1,0.85349
220,5,408.01,524.37,44.3,113.12,1,1,0.80989
220,9,1792.91,491.43,47.99,107.61,1,1,0.83187
220,10,922.8,478.39,48.54,109.71,1,1,0.82537
220,18,845.29,341.18,57.31,93.06,1,1,0.86264
220,20,1231.99,706.72,55.08,125.49,1,1,0.86471
220,4,417.78,469.77,41.9,90.43,1,1,0.76771
220,16,1020.87,579.08,51.06,121.67,1,1,0.84944
220,21,966.12,736.55,55.87,128.93,1,1,0.86144
220,19,844.02,579.05,53.0,114.01,1,1,0.83024
220,12,735.84,262.57,53.36,82.78,1,1,0.85649
220,11,1135.15,488.63,45.44,106.46,1,1,0.81313
220,22,1021.66,724.07,55.3,125.61,1,1,0.84451
220,6,333.8,193.29,46.54,77.02,1,1,0.83591
220,3,1068.27,452.1,47.64,108.23,1,1,0.81202
220,26,163.14,173.43,49.28,73.91,1,1,0.83572
220,27,1136.07,688.41,53.09,125.91,1,1,0.8677
220,2,624.76,232.17,42.65,79.87,1,1,0.8188
220,8,45.77,219.05,63.79,76.2,1,1,0.85286
221,0,1405.4,436.71,40.36,104.83,1,1,0.81393
221,1,925.16,269.83,52.22,80.24,1,1,0.83649
221,5,414.8,519.35,44.04,115.03,1,1,0.795
221,9,1801.4,491.39,48.37,103.77,1,1,0.82352
221,10,929.27,475.01,48.54,110.03,1,1,0.82062
221,18,847.47,338.63,58.42,90.3,1,1,0.85463
221,20,1237.39,705.32,55.1,125.96,1,1,0.85815
221,4,423.99,467.89,42.32,82.53,1,1,0.75143
221,16,1027.29,578.44,50.77,120.09,1,1,0.84129
221,21,972.15,734.89,54.72,129.59,1,1,0.84858
221,19,845.68,576.4,53.55,115.88,1,1,0.82464
221,12,737.13,262.59,49.92,81.57,1,1,0.85214
221,11,1143.71,486.57,45.05,108.16,1,1,0.81707
221,22,1025.03,721.69,56.33,126.87,1,1,0.84452
221,6,345.28,195.12,47.75,76.59,1,1,0.8369
221,3,1074.82,449.97,47.67,105.81,1,1,0.80539
221,26,176.05,174.06,46.41,72.62,1,1,0.81579
221,27,1140.2,688.0,53.43,123.73,1,1,0.86295
221,2,630.7,235.93,43.82,77.48,1,1,0.82604
221,8,58.26,215.87,65.15,77.13,1,1,0.83842
222,0,1411.78,434.59,40.15,103.09,1,1,0.81552
222,1,927.76,268.36,48.14,78.52,1,1,0.8212
222,5,420.17,515.48,44.12,114.11,1,1,0.78873
222,9,1809.18,491.09,48.23,103.01,1,1,0.82608
222,10,935.61,471.87,48.21,107.0,1,1,0.82778
222,18,849.24,336.33,56.87,88.65,1,1,0.84442
222,20,1242.97,703.04,54.69,128.18,1,1,0.85619
222,4,429.71,463.74,42.09,76.47,1,1,0.73283
222,16,1033.34,577.74,50.47,117.91,1,1,0.8345
222,21,976.67,732.88,54.35,131.62,1,1,0.84502
222,19,846.96,571.85,55.33,118.55,1,1,0.8238
222,12,739.3,261.84,47.43,81.96,1,1,0.84499
222,11,1151.7,484.81,44.56,108.7,1,1,0.803
222,22,1027.26,719.49,59.2,127.37,1,1,0.84805
222,6,355.58,196.45,48.67,77.56,1,1,0.83134
222,3,1081.65,447.79,47.19,102.33,1,1,0.81171
222,26,190.6,176.19,42.64,70.75,1,1,0.8217
222,27,1143.9,687.91,53.64,122.77,1,1,0.85746
222,2,636.54,237.76,44.89,75.66,1,1,0.82168
222,8,70.74,213.87,66.07,76.02,1,1,0.85097
223,0,1418.85,432.67,39.64,102.2,1,1,0.82086
223,1,929.27,266.67,44.12,79.01,1,1,0.83179
223,5,426.07,511.59,43.89,109.59,1,1,0.79333
223,9,1815.55,490.46,48.51,103.58,1,1,0.83103
223,10,942.13,469.79,46.93,100.3,1,1,0.82168
223,18,851.15,334.73,54.21,87.61,1,1,0.85552
223,20,1247.43,698.56,55.07,132.14,1,1,0.85648
223,4,436.57,458.55,40.9,73.2,1,1,0.77565
223,16,1039.96,576.03,49.96,118.2,1,1,0.83443
223,21,982.11,730.46,52.61,133.62,1,1,0.8433
223,19,848.88,566.43,54.57,119.36,1,1,0.81581
223,12,741.92,260.83,47.21,82.57,1,1,0.84433
223,11,1158.33,482.6,45.9,109.53,1,1,0.79765
223,22,1029.3,717.25,61.94,127.69,1,1,0.8551
223,6,365.5,197.43,50.39,79.39,1,1,0.82938
223,3,1088.63,446.36,47.18,101.19,1,1,0.81285
223,26,203.13,178.07,40.89,68.4,1,1,0.83272
223,27,1148.26,687.14,53.2,122.99,1,1,0.85898
223,2,640.71,239.76,46.37,75.35,1,1,0.81992
223,8,87.38,212.05,62.54,73.74,1,1,0.83023
224,0,1425.77,431.3,38.79,100.67,1,1,0.81578
224,1,930.74,264.45,42.46,80.21,1,1,0.84217
224,5,432.23,507.77,43.0,104.44,1,1,0.77755
224,9,1822.82,488.73,46.82,104.42,1,1,0.81549
224,10,948.82,467.33,45.61,97.88,1,1,0.81986
224,18,852.03,333.16,51.0,87.19,1,1,0.86254
224,20,1252.99,695.16,54.36,134.24,1,1,0.86021
224,4,442.95,454.55,40.0,71.44,1,1,0.7625
224,16,1046.09,574.23,49.62,118.69,1,1,0.82515
224,21,986.7,727.79,51.53,134.76,1,1,0.83821
224,19,850.08,562.49,54.96,117.93,1,1,0.81576
224,12,743.19,259.36,46.71,82.73,1,1,0.84674
224,11,1165.26,480.09,46.23,109.39,1,1,0.78668
224,22,1031.54,715.64,63.84,126.04,1,1,0.84907
224,6,375.78,197.87,51.88,81.07,1,1,0.83045
224,3,1094.9,444.64,47.78,100.58,1,1,0.80981
224,26,212.09,179.07,42.45,67.3,1,1,0.84278
224,27,1151.96,685.48,53.09,124.65,1,1,0.86119
224,2,644.69,241.52,48.26,72.15,1,1,0.81176
224,8,104.98,212.22,58.14,70.27,1,1,0.82758
225,0,1431.15,430.67,39.47,100.62,1,1,0.82652
225,1,931.93,262.63,42.8,81.83,1,1,0.84727
225,5,438.14,504.48,42.16,102.99,1,1,0.78525
225,9,1828.95,486.45,47.48,105.94,1,1,0.82557
225,10,954.04,464.43,45.22,98.88,1,1,0.83186
225,18,852.49,330.81,49.65,88.83,1,1,0.86289
225,20,1257.53,692.47,54.61,136.39,1,1,0.86212
225,4,447.91,449.54,39.53,70.46,1,1,0.7772
225,16,1052.02,572.7,48.8,118.99,1,1,0.81852
225,21,990.07,725.54,52.91,135.46,1,1,0.84588
225,19,851.67,558.82,52.93,114.08,1,1,0.83867
225,12,743.56,258.42,47.11,81.45,1,1,0.84692
225,11,1172.23,477.48,46.06,109.12,1,1,0.80243
225,22,1033.81,714.49,65.11,125.67,1,1,0.85444
225,6,386.75,198.36,51.15,84.28,1,1,0.83274
225,3,1100.54,442.52,47.91,101.41,1,1,0.81638
225,26,219.5,179.69,46.28,66.79,1,1,0.8539
225,27,1155.77,682.79,52.73,127.44,1,1,0.86169
225,2,646.38,244.94,52.22,70.11,1,1,0.82442
225,8,127.62,211.91,48.01,68.75,1,1,0.8363
226,0,1436.93,430.56,39.91,100.35,1,1,0.82549
226,1,934.23,259.92,43.32,83.43,1,1,0.83921
226,5,444.69,503.08,42.14,101.97,1,1,0.78703
226,9,1834.69,483.86,48.4,106.84,1,1,0.82032
226,10,958.44,461.2,45.56,100.69,1,1,0.81839
226,18,852.75,328.01,51.02,91.19,1,1,0.86236
226,20,1261.16,689.04,55.0,138.16,1,1,0.85676
226,4,453.34,446.04,39.47,73.35,1,1,0.77606
226,16,1058.05,570.41,48.14,119.75,1,1,0.81005
226,21,993.99,723.7,52.92,135.87,1,1,0.84346
226,19,853.98,555.44,48.95,110.8,1,1,0.83439
226,12,743.45,257.95,46.56,80.08,1,1,0.84029
226,11,1179.18,475.05,46.83,110.03,1,1,0.791
226,22,1035.87,713.96,63.4,123.08,1,1,0.84822
226,6,405.51,199.12,44.06,84.99,1,1,0.82714
226,3,1106.42,439.6,48.58,103.13,1,1,0.81617
226,26,229.0,179.11,48.94,67.09,1,1,0.85061
226,27,1159.43,679.62,52.72,129.43,1,1,0.85906
226,2,648.66,246.2,55.4,68.7,1,1,0.83181
226,8,144.8,211.35,42.96,68.65,1,1,0.83424
227,0,1442.38,430.39,39.93,100.06,1,1,0.82847
227,1,937.04,257.2,43.16,84.06,1,1,0.83121
227,5,451.0,501.62,42.58,101.4,1,1,0.79254
227,9,1839.09,480.83,50.23,109.0,1,1,0.82613
227,10,962.12,457.09,47.74,103.29,1,1,0.82646
227,18,852.89,324.66,54.36,93.1,1,1,0.86218
227,20,1265.61,686.09,54.89,139.5,1,1,0.86346
227,4,457.89,442.84,39.88,82.13,1,1,0.76183
227,16,1063.82,568.3,48.79,120.53,1,1,0.81637
227,21,998.53,722.42,52.13,133.39,1,1,0.83746
227,19,856.52,552.84,45.49,110.33,1,1,0.84005
227,12,743.35,257.75,46.85,77.76,1,1,0.83883
227,11,1187.26,472.92,46.74,110.09,1,1,0.80556
227,22,1038.08,712.96,60.06,120.67,1,1,0.84652
227,6,422.49,200.5,40.32,84.49,1,1,0.83645
227,3,1112.3,436.02,48.64,106.61,1,1,0.80801
227,26,237.7,177.62,53.37,69.18,1,1,0.86028
227,27,1161.29,676.94,53.85,130.08,1,1,0.85968
227,2,653.34,246.33,56.45,68.49,1,1,0.84053
227,8,158.68,210.57,42.26,68.51,1,1,0.84978
228,0,1448.16,430.59,39.75,100.03,1,1,0.81886
228,1,938.6,254.96,41.68,82.55,1,1,0.83227
228,5,454.99,497.64,43.33,103.86,1,1,0.78284
228,9,1843.7,478.43,52.47,109.2,1,1,0.80881
228,10,966.96,454.15,48.49,105.31,1,1,0.80812
228,18,855.47,321.54,54.72,93.63,1,1,0.86255
228,20,1270.86,684.07,53.95,135.08,1,1,0.8642
228,4,463.1,437.37,39.72,88.73,1,1,0.76058
228,16,1069.25,566.73,49.22,120.5,1,1,0.80042
228,21,1003.9,722.38,50.89,130.73,1,1,0.83486
228,19,859.21,550.08,43.36,111.89,1,1,0.83376
228,12,742.17,258.05,46.92,74.73,1,1,0.83707
228,11,1194.61,472.3,46.7,109.14,1,1,0.7847
228,22,1039.27,712.15,55.56,121.71,1,1,0.83277
228,6,436.97,203.56,40.02,81.93,1,1,0.84022
228,3,1119.01,433.16,46.64,107.3,1,1,0.77766
228,26,247.65,178.58,56.15,69.49,1,1,0.85188
228,27,1165.01,672.29,53.61,133.79,1,1,0.86327
228,2,659.81,248.11,52.9,66.6,1,1,0.82931
228,8,171.05,209.48,42.79,69.59,1,1,0.8484
229,0,1453.48,431.03,39.7,98.74,1,1,0.81486
229,1,939.63,253.04,39.57,78.96,1,1,0.82645
229,5,460.27,492.82,42.11,107.62,1,1,0.77642
229,9,1849.25,476.72,52.88,108.79,1,1,0.78809
229,10,971.37,450.03,49.29,107.43,1,1,0.80355
229,18,856.14,319.01,54.07,91.89,1,1,0.84611
229,20,1275.78,682.17,53.28,130.51,1,1,0.85312
229,4,467.47,434.87,39.15,98.62,1,1,0.7663
229,16,1073.83,563.04,49.78,121.26,1,1,0.78835
229,21,1008.71,721.72,50.26,127.83,1,1,0.81763
229,19,861.46,546.59,43.18,113.18,1,1,0.82681
229,12,741.82,258.24,47.51,71.56,1,1,0.84063
229,11,1200.83,472.3,47.0,107.48,1,1,0.78762
229,22,1040.07,710.67,52.76,121.6,1,1,0.8042
229,6,449.53,205.54,40.42,79.23,1,1,0.82934
229,3,1124.48,430.15,45.51,106.16,1,1,0.78025
229,26,260.13,177.85,52.88,71.38,1,1,0.84352
229,27,1168.66,669.57,52.93,134.32,1,1,0.85195
229,2,663.91,251.1,50.69,63.85,1,1,0.80985
229,8,181.57,208.75,46.05,69.8,1,1,0.84356
230,0,1458.05,430.84,41.07,97.91,1,1,0.80886
230,1,940.72,251.61,40.01,76.81,1,1,0.82916
230,5,466.13,488.94,40.53,108.57,1,1,0.75646
230,9,1855.22,474.97,56.14,106.75,1,1,0.80769
230,10,975.16,446.75,50.03,105.79,1,1,0.79781
230,18,857.17,316.65,52.77,88.55,1,1,0.84092
230,20,1281.62,681.29,52.37,125.22,1,1,0.84196
230,4,472.46,432.44,39.35,101.78,1,1,0.76239
230,16,1078.37,561.59,49.8,119.53,1,1,0.80645
230,21,1013.06,722.01,50.35,125.45,1,1,0.82417
230,19,863.55,542.93,44.26,114.79,1,1,0.8189
230,12,742.16,258.0,48.25,68.92,1,1,0.85164
230,11,1206.75,472.2,48.05,106.81,1,1,0.78777
230,22,1041.31,708.54,49.66,122.75,1,1,0.80059
230,6,461.67,207.21,43.02,75.6,1,1,0.83286
230,3,1130.18,428.37,44.43,103.02,1,1,0.78658
230,26,272.76,179.07,49.26,70.47,1,1,0.83394
230,27,1172.11,667.98,52.13,131.53,1,1,0.85096
230,2,668.16,254.06,46.72,60.89,1,1,0.80692
230,8,194.01,207.55,47.18,69.34,1,1,0.83067
231,0,1463.52,430.21,42.03,98.65,1,1,0.80989
231,1,942.73,250.91,39.51,75.33,1,1,0.82521
231,5,471.59,484.82,40.25,105.44,1,1,0.76925
231,9,1862.63,474.01,55.02,100.04,1,1,0.7979
231,10,981.09,443.94,49.45,101.63,1,1,0.81774
231,18,858.07,314.88,50.8,85.0,1,1,0.83296
231,20,1286.17,680.47,53.44,122.02,1,1,0.8444
231,4,479.15,430.48,39.5,103.76,1,1,0.78106
231,16,1082.24,560.52,50.74,117.8,1,1,0.80477
231,21,1018.5,721.91,50.16,123.51,1,1,0.81908
231,19,865.07,538.42,46.72,114.87,1,1,0.8084
231,12,741.99,257.06,52.48,67.94,1,1,0.85066
231,11,1212.7,472.37,48.61,104.83,1,1,0.79448
231,22,1042.76,705.83,50.05,125.72,1,1,0.80864
231,6,472.07,208.56,47.36,75.2,1,1,0.84074
231,3,1135.4,426.57,44.12,100.04,1,1,0.79785
231,26,283.88,181.68,46.33,67.54,1,1,0.83276
231,27,1175.83,667.39,51.98,126.57,1,1,0.85379
231,2,670.8,254.1,47.0,61.58,1,1,0.83635
231,8,211.08,206.57,45.81,65.11,1,1,0.80286
232,0,1469.2,428.55,41.78,99.42,1,1,0.81779
232,1,944.06,249.72,40.63,75.64,1,1,0.83017
232,5,478.5,479.7,41.29,99.54,1,1,0.79045
232,9,1869.67,473.33,51.51,96.57,1,1,0.8123
232,10,986.62,440.07,50.13,96.62,1,1,0.82789
232,18,857.58,313.8,49.92,83.57,1,1,0.82006
232,20,1291.68,678.47,52.68,122.16,1,1,0.84666
232,4,485.12,427.43,39.43,101.21,1,1,0.77273
232,16,1086.91,560.4,51.71,113.07,1,1,0.80376
232,21,1023.15,720.82,51.8,122.19,1,1,0.81346
232,19,866.57,534.3,51.2,113.58,1,1,0.77723
232,12,742.86,255.28,55.9,68.06,1,1,0.84629
232,11,1219.34,473.35,47.99,101.11,1,1,0.78881
232,22,1043.67,703.02,52.86,125.43,1,1,0.80348
232,6,485.19,210.03,44.84,73.18,1,1,0.82887
232,3,1139.89,425.69,45.85,98.37,1,1,0.80378
232,26,294.66,184.49,43.67,65.32,1,1,0.81478
232,27,1179.18,666.32,52.13,121.77,1,1,0.84913
232,2,674.08,254.49,47.91,61.46,1,1,0.82762
232,8,227.34,206.33,42.87,62.02,1,1,0.80532
233,0,1475.54,426.59,41.28,99.62,1,1,0.81926
233,1,945.39,248.31,41.02,75.95,1,1,0.81882
233,5,485.53,474.66,41.59,97.01,1,1,0.79577
233,9,1875.83,472.88,46.46,94.06,1,1,0.80646
233,10,991.94,437.45,50.93,95.1,1,1,0.81996
233,18,859.26,312.6,47.47,83.21,1,1,0.82905
233,20,1297.71,675.9,54.16,124.01,1,1,0.84659
233,4,490.67,423.09,40.21,93.6,1,1,0.74949
233,16,1093.49,560.04,51.44,111.93,1,1,0.81298
233,21,1029.37,717.66,52.55,123.63,1,1,0.81474
233,19,869.71,530.48,52.96,107.04,1,1,0.7723
233,12,744.86,253.01,57.88,68.7,1,1,0.83954
233,11,1227.02,473.31,47.1,98.4,1,1,0.79007
233,22,1046.87,699.49,54.01,126.64,1,1,0.79283
233,6,500.37,210.79,40.56,72.78,1,1,0.82596
233,3,1144.54,424.36,47.36,97.05,1,1,0.80746
233,26,307.6,185.97,39.48,65.12,1,1,0.81766
233,27,1183.36,663.93,51.36,118.36,1,1,0.84982
233,2,678.65,254.5,51.62,61.92,1,1,0.81007
233,8,245.23,206.52,40.31,60.8,1,1,0.80916
234,0,1482.32,425.32,42.18,101.09,1,1,0.83266
234,1,947.77,247.09,38.58,76.48,1,1,0.83227
234,5,491.96,472.34,43.72,95.25,1,1,0.8105
234,9,1879.8,471.55,42.68,92.37,1,1,0.81786
234,10,995.95,435.38,53.23,94.92,1,1,0.84977
234,18,861.57,312.32,48.0,82.96,1,1,0.8533
234,20,1302.76,672.17,56.1,126.67,1,1,0.85915
234,4,497.41,418.79,40.71,81.17,1,1,0.76846
234,16,1099.27,559.0,51.33,111.69,1,1,0.82765
234,21,1035.52,715.52,55.28,124.76,1,1,0.82143
234,19,872.69,527.19,55.62,103.95,1,1,0.82238
234,12,747.79,251.49,59.55,69.71,1,1,0.86079
234,11,1234.15,470.9,48.62,101.68,1,1,0.80471
234,22,1049.83,696.47,55.14,126.12,1,1,0.7967
234,6,513.43,211.44,39.39,72.87,1,1,0.83819
234,3,1149.26,421.9,50.0,97.98,1,1,0.83349
234,26,319.46,186.51,37.24,66.01,1,1,0.81462
234,27,1188.99,662.62,50.86,118.92,1,1,0.86159
234,2,682.57,254.56,49.85,65.72,1,1,0.83206
234,8,261.49,206.34,39.39,62.63,1,1,0.82766
235,0,1489.84,423.51,41.75,102.92,1,1,0.83054
235,1,951.27,244.5,37.7,78.58,1,1,0.8303
235,5,498.8,466.02,44.05,99.61,1,1,0.80713
235,9,1887.07,468.23,35.14,91.91,1,1,0.79551
235,10,999.84,432.45,56.18,96.92,1,1,0.84839
235,18,861.46,310.09,54.92,83.45,1,1,0.86676
235,20,1308.23,668.26,58.02,128.1,1,1,0.85572
235,4,503.29,414.42,41.07,78.46,1,1,0.75087
235,16,1105.2,556.44,51.98,113.28,1,1,0.82562
235,21,1041.06,713.63,58.86,125.12,1,1,0.8234
235,19,877.69,523.96,56.04,102.9,1,1,0.81808
235,12,752.56,249.7,59.64,71.14,1,1,0.86301
235,11,1240.79,467.91,50.68,104.68,1,1,0.80474
235,22,1053.1,693.82,55.7,123.76,1,1,0.68197
235,6,524.16,212.05,41.16,72.61,1,1,0.84199
235,3,1154.37,418.6,52.43,99.99,1,1,0.82987
235,26,330.46,186.22,37.02,69.44,1,1,0.82221
235,27,1195.04,659.24,50.25,122.65,1,1,0.8622
235,2,686.94,254.03,48.4,70.38,1,1,0.82521
235,8,276.09,205.87,38.84,64.31,1,1,0.82202
236,0,1497.67,422.02,42.15,103.26,1,1,0.82812
236,1,954.51,241.45,39.81,80.77,1,1,0.83185
236,5,504.68,461.74,46.32,101.55,1,1,0.79637
236,9,1901.34,465.88,20.2,93.89,1,1,0.74698
236,10,1003.3,430.04,60.37,98.73,1,1,0.85349
236,18,861.95,308.14,61.8,83.51,1,1,0.86197
236,20,1313.11,665.36,61.02,127.82,1,1,0.85706
236,4,509.44,411.24,41.74,71.06,1,1,0.72363
236,16,1111.52,553.55,51.26,115.33,1,1,0.829
236,21,1046.49,713.91,61.32,122.33,1,1,0.82677
236,19,882.06,521.28,55.01,104.35,1,1,0.80554
236,12,756.99,248.53,58.26,70.93,1,1,0.85985
236,11,1247.94,466.61,53.27,107.26,1,1,0.81428
236,22,1055.15,691.95,56.93,119.35,1,1,0.68028
236,6,533.37,212.78,43.53,71.08,1,1,0.83928
236,3,1159.65,415.0,53.26,100.19,1,1,0.82787
236,26,340.48,186.36,39.24,70.59,1,1,0.82028
236,27,1199.54,656.67,51.06,123.66,1,1,0.85763
236,2,691.09,254.29,45.94,73.1,1,1,0.83516
236,8,290.32,205.37,38.97,65.62,1,1,0.82603
237,0,1505.57,420.39,43.2,104.22,1,1,0.8286
237,1,958.36,239.76,43.1,81.12,1,1,0.82713
237,5,510.96,456.75,49.34,105.02,1,1,0.78449
237,10,1009.03,426.89,61.36,100.66,1,1,0.84662
237,18,863.95,306.39,66.57,82.74,1,1,0.86305
237,20,1318.51,662.2,65.17,127.85,1,1,0.85512
237,4,517.74,408.32,42.3,89.3,1,1,0.72786
237,16,1117.45,550.29,51.36,117.91,1,1,0.82648
237,21,1051.2,712.12,63.56,121.66,1,1,0.83114
237,19,886.17,518.65,54.24,107.21,1,1,0.79824
237,12,760.14,247.27,55.04,70.79,1,1,0.85288
237,11,1254.64,465.39,55.69,107.69,1,1,0.81592
237,6,545.73,213.16,43.97,69.61,1,1,0.83008
237,3,1165.82,411.77,52.63,99.02,1,1,0.82177
237,26,350.99,185.5,42.09,72.24,1,1,0.81833
237,27,1204.67,653.44,52.63,123.99,1,1,0.85318
237,2,695.73,254.67,42.99,74.56,1,1,0.82826
237,8,303.51,204.36,40.54,67.66,1,1,0.82551
238,0,1513.06,418.23,44.43,104.32,1,1,0.83874
238,1,961.25,238.06,48.32,81.52,1,1,0.84495
238,5,517.66,451.31,52.02,107.61,1,1,0.78416
238,10,1015.37,424.02,61.0,101.63,1,1,0.85573
238,18,867.45,305.39,68.71,80.87,1,1,0.87247
238,20,1325.93,659.35,65.96,125.35,1,1,0.85494
238,4,524.96,405.95,46.48,97.54,1,1,0.77639
238,16,1124.17,546.97,51.78,120.2,1,1,0.84912
238,21,1056.99,709.34,63.01,122.24,1,1,0.8362
238,19,890.63,515.56,54.25,109.43,1,1,0.78802
238,12,762.72,246.47,50.0,70.33,1,1,0.85189
238,11,1260.36,463.87,55.97,104.77,1,1,0.82733
238,6,558.78,213.46,45.0,68.89,1,1,0.82986
238,3,1174.1,409.08,52.13,96.86,1,1,0.83019
238,26,363.44,186.62,44.21,72.88,1,1,0.8146
238,27,1209.88,650.61,54.85,124.28,1,1,0.85456
238,2,700.35,256.27,42.81,73.66,1,1,0.84251
238,8,319.23,204.6,40.38,66.43,1,1,0.81664
239,0,1520.69,416.77,45.26,103.19,1,1,0.84086
239,1,964.16,236.79,53.37,80.96,1,1,0.84993
239,5,527.09,447.3,51.77,105.6,1,1,0.79919
239,10,1021.99,421.18,61.62,102.44,1,1,0.85313
239,18,871.55,303.96,67.76,78.83,1,1,0.86541
239,20,1333.57,657.68,66.64,121.91,1,1,0.86444
239,4,534.15,404.11,48.27,100.67,1,1,0.78935
239,16,1130.78,543.86,53.04,122.45,1,1,0.84682
239,21,1062.0,707.36,62.87,122.02,1,1,0.8367
239,12,761.8,246.25,50.32,69.54,1,1,0.83769
239,11,1267.8,462.78,55.16,103.27,1,1,0.83037
239,6,573.31,213.21,44.48,68.7,1,1,0.83387
239,3,1180.99,406.91,54.18,95.25,1,1,0.83306
239,26,375.49,187.27,46.25,73.43,1,1,0.83013
239,27,1214.81,646.65,57.54,126.16,1,1,0.85642
239,2,704.18,257.6,46.45,71.35,1,1,0.84394
239,8,333.84,204.76,42.8,66.05,1,1,0.82288
240,0,1528.19,416.1,45.74,100.37,1,1,0.85066
240,1,968.37,236.37,54.78,78.95,1,1,0.85933
240,5,538.02,444.81,50.95,99.03,1,1,0.78949
240,10,1029.49,418.25,60.8,102.27,1,1,0.86025
240,18,874.77,302.19,64.84,77.23,1,1,0.86909
240,20,1340.57,656.75,67.16,119.75,1,1,0.8738
240,4,534.67,402.41,57.06,101.43,1,1,0.79726
240,16,1137.51,541.63,54.4,123.2,1,1,0.84913
240,21,1067.04,706.93,62.11,121.02,1,1,0.83575
240,12,764.48,244.88,54.42,69.71,1,1,0.85091
240,11,1275.52,461.75,56.54,103.09,1,1,0.83249
240,6,584.72,214.69,48.32,68.87,1,1,0.83968
240,3,1186.88,405.43,56.71,95.33,1,1,0.85254
240,26,389.1,188.78,46.84,72.9,1,1,0.83281
240,27,1219.86,643.54,59.44,126.8,1,1,0.86016
240,2,707.92,259.01,50.26,69.31,1,1,0.85838
240,8,349.13,205.21,41.98,66.34,1,1,0.81923
240,19,891.07,507.64,51.01,97.83,1,1,0.67636
241,0,1535.5,416.64,47.27,100.04,1,1,0.85739
241,1,973.84,234.72,53.41,78.6,1,1,0.86007
241,5,546.67,441.08,50.85,92.31,1,1,0.78061
241,10,1038.86,415.89,57.27,98.24,1,1,0.85923
241,18,878.69,300.49,59.54,76.58,1,1,0.87414
241,20,1347.24,655.73,67.25,118.44,1,1,0.8731
241,4,544.62,399.12,54.56,101.33,1,1,0.77882
241,16,1145.64,540.02,52.81,121.55,1,1,0.8515
241,21,1072.49,708.92,59.82,118.3,1,1,0.83442
241,12,766.86,245.55,59.38,68.44,1,1,0.85757
241,11,1283.27,459.22,55.62,104.61,1,1,0.83362
241,6,598.64,215.83,49.35,69.56,1,1,0.84524
241,3,1193.63,403.71,55.44,95.01,1,1,0.85128
241,26,401.8,190.56,47.96,72.98,1,1,0.82977
241,27,1226.11,641.33,60.71,124.04,1,1,0.86566
241,2,711.77,259.01,55.5,68.92,1,1,0.87095
241,8,364.64,205.57,41.52,66.98,1,1,0.82046
241,19,892.95,504.9,46.34,60.12,1,1,0.71974
242,0,1544.36,417.34,47.82,99.51,1,1,0.85361
242,1,979.94,233.49,50.06,79.05,1,1,0.85871
242,5,555.92,438.07,50.21,91.02,1,1,0.80574
242,10,1048.41,413.8,53.28,93.53,1,1,0.8569
242,18,882.48,297.97,53.63,78.08,1,1,0.87186
242,20,1354.41,654.79,64.92,118.52,1,1,0.86952
242,4,553.05,396.09,53.82,97.59,1,1,0.76168
242,16,1154.5,538.75,51.79,121.38,1,1,0.85059
242,21,1079.07,708.61,58.37,119.12,1,1,0.81155
242,12,772.37,245.16,56.72,68.58,1,1,0.84204
242,11,1291.5,456.38,54.07,106.3,1,1,0.83897
242,6,613.64,217.33,48.4,68.62,1,1,0.84587
242,3,1199.93,402.0,54.6,95.41,1,1,0.84596
242,26,415.95,191.39,45.91,74.26,1,1,0.81977
242,27,1233.05,640.09,63.46,122.85,1,1,0.87531
242,2,716.65,258.52,58.8,69.91,1,1,0.87162
242,8,379.1,205.86,42.66,68.21,1,1,0.81393
242,19,898.05,501.85,43.29,80.84,1,1,0.74888
243,0,1553.72,417.95,48.36,98.64,1,1,0.8561
243,1,983.33,233.35,47.64,79.17,1,1,0.85166
243,5,567.9,436.69,48.1,89.84,1,1,0.80005
243,10,1055.77,412.11,51.02,90.99,1,1,0.86094
243,18,883.78,296.06,54.3,79.34,1,1,0.88196
243,20,1360.0,653.21,64.71,119.7,1,1,0.87373
243,4,563.93,392.57,52.11,89.88,1,1,0.70253
243,16,1163.13,538.01,49.59,121.12,1,1,0.85304
243,21,1087.78,709.15,56.52,118.78,1,1,0.80611
243,12,776.14,244.28,56.33,68.54,1,1,0.84801
243,11,1299.24,454.67,53.82,108.39,1,1,0.84502
243,6,627.12,217.64,50.33,69.3,1,1,0.85643
243,3,1205.38,399.24,53.64,97.4,1,1,0.85121
243,26,428.58,191.58,46.78,73.64,1,1,0.8254
243,27,1239.16,638.89,65.03,122.55,1,1,0.87811
243,2,721.51,258.88,52.65,71.72,1,1,0.84303
243,8,394.73,205.91,42.82,68.96,1,1,0.82458
243,19,903.98,499.01,40.31,82.24,1,1,0.78217
244,0,1562.17,418.58,50.36,99.49,1,1,0.85584
244,1,987.61,232.49,45.8,79.33,1,1,0.85307
244,5,575.23,433.14,48.82,91.29,1,1,0.81579
244,10,1062.94,409.64,51.8,91.26,1,1,0.86091
244,18,883.89,293.39,59.84,82.11,1,1,0.87859
244,20,1366.56,651.52,61.8,120.91,1,1,0.87213
244,4,572.28,389.46,51.56,88.5,1,1,0.75166
244,16,1172.43,537.91,46.68,116.31,1,1,0.84507
244,21,1093.03,707.38,58.83,120.38,1,1,0.83566
244,12,782.04,244.12,49.37,68.34,1,1,0.84103
244,11,1306.04,452.44,54.32,109.54,1,1,0.8384
244,6,639.59,218.02,51.01,69.4,1,1,0.85405
244,3,1212.23,396.85,52.53,98.67,1,1,0.85351
244,26,443.5,192.85,45.18,73.36,1,1,0.83209
244,27,1244.23,637.92,64.44,122.15,1,1,0.86706
244,2,725.13,259.17,48.68,72.89,1,1,0.83113
244,8,409.19,206.31,44.55,70.42,1,1,0.82426
244,19,909.15,495.81,40.63,85.71,1,1,0.83068
245,0,1571.34,419.16,49.5,99.09,1,1,0.85169
245,1,991.18,231.19,47.86,80.33,1,1,0.86107
245,5,577.26,426.84,52.85,96.52,1,1,0.8414
245,10,1068.22,407.27,55.22,92.37,1,1,0.86351
245,18,883.54,291.21,66.55,83.26,1,1,0.87436
245,20,1371.37,650.24,61.51,122.65,1,1,0.87094
245,4,582.0,386.52,51.56,93.35,1,1,0.83425
245,16,1179.93,537.69,45.4,114.17,1,1,0.83954
245,21,1096.46,706.54,62.78,120.72,1,1,0.83064
245,12,787.07,244.64,44.73,68.76,1,1,0.84543
245,11,1314.29,450.65,53.56,109.88,1,1,0.83681
245,6,649.69,219.21,50.19,68.97,1,1,0.84326
245,3,1219.33,393.93,50.99,100.38,1,1,0.84752
245,26,453.78,192.55,45.85,76.71,1,1,0.83242
245,27,1249.08,636.98,62.0,121.55,1,1,0.86517
245,2,728.5,259.54,46.71,72.59,1,1,0.82299
245,8,423.55,206.54,44.69,71.65,1,1,0.8214
245,19,913.73,493.07,41.68,87.8,1,1,0.82923
245,22,1088.3,676.55,51.65,115.76,1,1,0.66383
246,0,1580.29,419.41,48.91,99.37,1,1,0.85311
246,1,995.01,230.0,51.12,80.18,1,1,0.86967
246,5,581.37,422.63,54.81,99.54,1,1,0.85209
246,10,1071.91,404.93,58.8,93.18,1,1,0.87134
246,18,886.37,289.56,68.9,82.51,1,1,0.87956
246,20,1377.89,647.67,60.63,125.14,1,1,0.86946
246,4,592.59,384.54,48.93,93.3,1,1,0.84463
246,16,1188.12,536.75,44.14,111.94,1,1,0.84607
246,21,1101.74,706.52,65.87,119.92,1,1,0.84297
246,12,790.84,244.78,40.44,68.6,1,1,0.85079
246,11,1321.76,449.22,52.62,109.68,1,1,0.83368
246,6,660.13,219.6,48.53,70.14,1,1,0.844
246,3,1227.28,391.19,48.29,100.94,1,1,0.82913
246,26,465.47,193.32,42.54,78.82,1,1,0.82078
246,27,1255.6,635.28,57.18,122.33,1,1,0.8688
246,2,733.87,260.87,46.26,70.33,1,1,0.85344
246,8,437.08,205.9,44.85,72.16,1,1,0.823
246,19,917.07,490.45,44.32,89.91,1,1,0.83872
247,0,1589.07,418.82,48.4,100.55,1,1,0.84914
247,1,999.56,228.45,52.84,81.07,1,1,0.86692
247,5,588.46,419.3,53.07,101.09,1,1,0.84484
247,10,1077.03,402.3,59.04,92.54,1,1,0.8565
247,18,889.92,288.29,67.7,80.88,1,1,0.8763
247,20,1385.27,644.2,59.88,126.85,1,1,0.86577
247,4,599.87,382.59,51.59,94.6,1,1,0.84094
247,16,1196.63,534.76,43.46,113.96,1,1,0.84098
247,21,1106.85,705.82,66.42,118.98,1,1,0.83235
247,12,792.83,245.64,42.02,68.06,1,1,0.84511
247,11,1328.76,447.25,51.85,106.7,1,1,0.83205
247,6,671.23,220.36,48.81,71.41,1,1,0.84768
247,3,1233.64,388.88,48.19,100.7,1,1,0.84021
247,26,474.41,194.13,40.61,79.37,1,1,0.81564
247,27,1263.31,634.25,52.64,123.61,1,1,0.86737
247,2,737.59,261.66,45.85,70.09,1,1,0.84205
247,8,447.96,205.67,46.19,72.78,1,1,0.81759
247,19,919.12,487.29,48.28,91.43,1,1,0.83731
247,22,1099.66,674.9,56.82,115.81,1,1,0.66589
248,0,1596.03,418.2,47.22,98.94,1,1,0.85336
248,1,1003.09,226.98,53.3,79.91,1,1,0.87084
248,5,594.3,415.52,50.68,96.72,1,1,0.83811
248,10,1082.23,399.23,59.8,90.86,1,1,0.84877
248,18,892.52,287.7,63.81,79.09,1,1,0.87405
248,20,1389.44,641.39,61.15,126.4,1,1,0.85762
248,4,606.78,380.48,54.53,95.04,1,1,0.84402
248,16,1203.91,532.7,42.34,114.08,1,1,0.84588
248,21,1109.22,702.24,66.79,119.52,1,1,0.83515
248,12,793.15,246.54,46.43,67.54,1,1,0.85679
248,11,1335.79,446.22,48.7,103.58,1,1,0.83006
248,6,681.68,221.15,50.92,74.57,1,1,0.84618
248,3,1239.66,387.09,47.56,98.97,1,1,0.8407
248,26,485.2,196.77,38.89,77.98,1,1,0.79568
248,27,1268.57,630.91,52.27,126.39,1,1,0.86262
248,2,737.52,263.3,53.25,71.26,1,1,0.83483
248,8,457.63,205.14,47.64,73.04,1,1,0.82527
248,19,920.37,484.11,51.58,89.66,1,1,0.8331
249,0,1602.26,417.08,44.53,98.74,1,1,0.85172
249,1,1006.4,225.14,53.09,79.64,1,1,0.86534
249,5,600.56,412.52,47.23,90.3,1,1,0.85433
249,10,1086.94,396.53,62.9,90.03,1,1,0.85688
249,18,895.44,287.0,57.51,78.9,1,1,0.85355
249,20,1393.76,637.92,61.86,126.75,1,1,0.85734
249,4,614.54,378.56,54.43,94.35,1,1,0.84983
249,16,1209.13,530.33,45.03,115.15,1,1,0.85058
249,21,1110.7,697.96,66.09,119.87,1,1,0.84059
249,12,793.24,247.13,50.7,66.72,1,1,0.85846
249,11,1341.9,445.14,46.1,103.4,1,1,0.83247
249,6,690.04,222.9,51.37,75.3,1,1,0.84763
249,3,1245.14,385.26,47.94,96.47,1,1,0.8468
249,26,494.94,198.38,38.59,77.63,1,1,0.81453
249,27,1274.28,628.2,52.91,127.77,1,1,0.863
249,2,740.67,265.36,55.11,71.93,1,1,0.83898
249,8,466.76,205.89,47.65,71.3,1,1,0.81174
249,19,921.63,480.47,57.65,90.47,1,1,0.83356
250,0,1608.02,415.9,42.48,98.93,1,1,0.85177
250,1,1009.7,224.15,48.58,77.99,1,1,0.85698
250,5,604.97,409.53,47.87,86.44,1,1,0.84702
250,10,1090.26,394.51,64.95,88.1,1,1,0.86136
250,18,897.63,287.87,49.94,76.68,1,1,0.84812
250,20,1397.94,637.54,59.96,121.8,1,1,0.85745
250,4,620.78,376.66,56.78,94.39,1,1,0.78725
250,16,1214.74,528.12,47.19,114.34,1,1,0.85775
250,21,1112.49,697.68,63.05,116.25,1,1,0.817
250,12,793.35,247.31,52.8,68.65,1,1,0.8346
250,11,1346.49,444.5,47.24,102.98,1,1,0.82411
250,6,697.9,224.12,48.96,72.71,1,1,0.84606
250,3,1249.98,384.42,49.42,96.11,1,1,0.84928
250,26,503.44,199.94,38.89,76.15,1,1,0.79145
250,27,1278.87,624.87,53.7,129.2,1,1,0.86521
250,2,743.44,266.26,56.28,76.12,1,1,0.8363
250,8,477.56,205.55,46.88,71.78,1,1,0.81368
250,19,922.31,477.84,60.89,90.27,1,1,0.85054
250,22,1106.23,672.94,48.22,55.15,1,1,0.64916
251,0,1613.86,414.1,40.13,98.22,1,1,0.84472
251,1,1012.85,223.28,44.81,77.35,1,1,0.8563
251,5,610.75,407.78,49.6,85.31,1,1,0.84978
251,10,1093.43,392.96,62.32,86.44,1,1,0.86508
251,18,897.84,287.78,46.99,76.23,1,1,0.85382
251,20,1402.86,636.16,57.01,117.77,1,1,0.86401
251,4,625.17,374.72,58.94,92.01,1,1,0.84197
251,16,1219.62,526.02,49.7,115.19,1,1,0.86472
251,21,1114.72,696.49,59.05,115.03,1,1,0.84351
251,12,793.94,247.66,55.67,72.03,1,1,0.83925
251,11,1351.29,444.18,49.23,103.02,1,1,0.8391
251,6,706.34,226.88,44.81,69.3,1,1,0.83813
251,3,1254.99,383.8,48.01,93.73,1,1,0.84931
251,26,513.35,203.03,37.61,74.89,1,1,0.80143
251,27,1281.99,622.73,55.03,129.46,1,1,0.85383
251,2,745.71,266.56,48.97,79.15,1,1,0.81346
251,8,486.77,206.49,47.86,71.58,1,1,0.81838
251,19,923.06,475.75,62.12,89.03,1,1,0.84272
251,22,1107.34,670.87,47.58,47.46,1,1,0.67778
252,0,1619.89,412.74,39.24,98.93,1,1,0.84568
252,1,1014.43,222.82,41.33,77.54,1,1,0.85248
252,5,615.02,405.07,51.28,85.74,1,1,0.8486
252,10,1095.85,391.27,58.55,85.9,1,1,0.8632
252,18,898.44,287.29,49.68,76.31,1,1,0.86287
252,20,1408.33,635.56,54.37,114.02,1,1,0.8648
252,4,628.75,369.74,59.43,88.54,1,1,0.84496
252,16,1224.71,524.01,51.69,115.79,1,1,0.86457
252,21,1119.13,694.44,56.65,115.79,1,1,0.84158
252,12,797.45,247.06,50.67,72.7,1,1,0.82943
252,11,1355.68,443.1,50.88,102.57,1,1,0.83759
252,6,713.51,229.41,41.19,66.69,1,1,0.8288
252,3,1259.69,383.15,47.41,92.05,1,1,0.85368
252,26,523.2,206.29,37.0,72.4,1,1,0.79989
252,27,1286.05,621.04,56.58,127.93,1,1,0.84586
252,2,747.67,268.38,45.46,78.74,1,1,0.83665
252,8,495.82,208.63,48.75,72.65,1,1,0.81106
252,19,924.01,472.98,60.93,90.98,1,1,0.83411
252,22,1108.94,668.15,47.48,45.45,1,1,0.64469
253,0,1626.76,411.04,39.22,100.06,1,1,0.85441
253,1,1015.33,222.05,44.58,78.59,1,1,0.85543
253,5,618.32,400.86,55.01,87.83,1,1,0.84161
253,10,1098.72,389.45,56.59,86.71,1,1,0.86338
253,18,897.32,283.51,55.97,79.99,1,1,0.86614
253,20,1413.01,634.7,52.31,113.07,1,1,0.86198
253,4,631.46,365.78,60.2,84.75,1,1,0.84436
253,16,1230.6,523.32,52.24,113.9,1,1,0.86544
253,21,1121.85,693.57,60.76,116.36,1,1,0.85038
253,12,800.2,247.32,41.37,72.49,1,1,0.83119
253,11,1360.53,441.37,55.9,102.65,1,1,0.84512
253,6,721.16,231.16,38.35,66.76,1,1,0.81555
253,3,1264.83,382.17,47.16,92.39,1,1,0.85965
253,26,533.26,207.86,36.8,72.65,1,1,0.82321
253,27,1291.58,620.27,55.1,123.52,1,1,0.84698
253,2,748.23,270.53,46.62,76.84,1,1,0.83968
253,8,504.57,210.91,49.1,73.47,1,1,0.82878
253,19,923.92,470.35,57.26,93.99,1,1,0.85148
253,22,1111.66,665.83,47.2,45.13,1,1,0.71087
254,0,1633.67,410.23,39.62,99.88,1,1,0.85038
254,1,1017.68,220.62,48.69,78.84,1,1,0.85828
254,5,622.18,397.0,60.65,90.41,1,1,0.8454
254,10,1102.83,386.9,58.21,89.25,1,1,0.86686
254,18,896.63,281.64,60.88,79.64,1,1,0.87067
254,20,1417.24,634.32,54.5,112.93,1,1,0.8596
254,4,635.9,361.59,59.5,85.11,1,1,0.84016
254,16,1237.46,522.47,53.17,113.26,1,1,0.86588
254,21,1123.38,691.68,67.89,117.1,1,1,0.8514
254,12,801.43,247.51,39.47,71.17,1,1,0.82945
254,11,1365.04,439.78,60.38,104.12,1,1,0.84641
254,6,728.01,230.49,35.98,66.88,1,1,0.80029
254,3,1270.64,379.78,49.79,94.32,1,1,0.85958
254,26,542.06,208.47,39.62,73.38,1,1,0.82536
254,27,1296.75,617.89,51.87,119.47,1,1,0.85161
254,2,747.46,270.19,51.73,76.56,1,1,0.8419
254,8,512.24,212.02,49.99,72.07,1,1,0.80698
254,19,923.6,467.4,55.51,96.89,1,1,0.85677
254,22,1115.29,663.97,47.0,45.9,1,1,0.6836
255,0,1640.16,409.71,41.9,99.77,1,1,0.85751
255,1,1019.54,219.0,54.6,79.65,1,1,0.86675
255,5,626.45,391.71,62.63,93.15,1,1,0.83439
255,10,1105.67,383.74,60.18,92.03,1,1,0.86176
255,18,896.54,282.49,63.08,76.24,1,1,0.86885
255,20,1423.52,634.11,57.61,112.8,1,1,0.85596
255,4,640.9,359.37,59.76,86.65,1,1,0.84265
255,16,1243.93,522.14,53.65,112.25,1,1,0.86737
255,21,1125.88,690.33,74.99,117.55,1,1,0.8637
255,12,804.2,248.16,41.53,68.99,1,1,0.84339
255,11,1370.5,438.44,61.97,101.96,1,1,0.8446
255,6,734.12,230.39,34.71,66.8,1,1,0.77345
255,3,1276.17,377.63,52.66,95.64,1,1,0.85587
255,26,551.98,209.01,41.47,74.34,1,1,0.83064
255,27,1302.45,615.99,51.45,118.01,1,1,0.85526
255,2,748.28,266.95,57.62,79.88,1,1,0.86089
255,8,518.69,213.18,52.9,71.34,1,1,0.81223
255,19,922.99,464.32,59.14,99.27,1,1,0.86361
255,22,1118.82,661.96,49.84,83.08,1,1,0.68982
256,0,1646.45,409.04,43.55,99.21,1,1,0.85657
256,1,1022.01,217.14,58.84,78.94,1,1,0.86921
256,5,631.16,387.23,62.35,90.99,1,1,0.8326
256,10,1108.58,380.59,64.35,92.96,1,1,0.85563
256,18,898.15,281.37,60.71,76.07,1,1,0.86967
256,20,1425.72,630.4,67.34,114.99,1,1,0.87147
256,4,645.05,356.24,62.03,88.52,1,1,0.84722
256,16,1250.08,521.17,53.78,111.89,1,1,0.86899
256,21,1129.72,690.74,79.4,115.39,1,1,0.87062
256,12,803.79,248.0,48.68,69.94,1,1,0.86462
256,11,1376.89,437.21,65.11,100.64,1,1,0.84738
256,6,739.34,229.67,38.54,66.94,1,1,0.71424
256,3,1280.69,374.98,55.7,97.05,1,1,0.85359
256,26,562.08,209.1,44.14,75.14,1,1,0.83616
256,27,1307.72,616.82,50.68,115.63,1,1,0.85258
256,2,748.3,264.34,60.48,79.9,1,1,0.85081
256,8,526.89,214.65,54.4,70.92,1,1,0.82603
256,19,923.47,460.73,63.74,100.37,1,1,0.85359
256,22,1122.44,660.52,49.25,96.16,1,1,0.77186
257,0,1650.22,409.62,49.01,97.78,1,1,0.86924
257,1,1025.32,214.43,60.94,77.93,1,1,0.86794
257,5,634.93,384.24,61.0,85.36,1,1,0.83502
257,10,1112.94,377.39,66.37,92.23,1,1,0.8515
257,18,899.9,280.0,52.01,76.32,1,1,0.82492
257,20,1429.44,627.67,73.82,115.93,1,1,0.87864
257,4,649.35,353.03,64.38,91.12,1,1,0.84007
257,16,1257.79,519.89,52.76,111.47,1,1,0.86944
257,21,1133.26,690.37,82.3,114.39,1,1,0.87097
257,12,805.03,246.54,53.29,72.73,1,1,0.85946
257,11,1383.57,435.29,64.49,98.7,1,1,0.84947
257,6,745.22,228.58,45.15,67.28,1,1,0.71296
257,3,1285.29,372.6,54.62,93.76,1,1,0.84031
257,26,570.93,207.84,49.4,77.89,1,1,0.8367
257,27,1313.51,614.66,51.03,117.8,1,1,0.84852
257,2,749.69,260.33,55.81,82.84,1,1,0.82539
257,8,535.75,215.61,54.77,71.28,1,1,0.82566
257,19,925.46,456.94,67.69,99.87,1,1,0.85139
257,22,1126.01,659.89,47.75,104.13,1,1,0.68474
258,0,1656.44,410.73,53.91,97.2,1,1,0.85732
258,1,1029.9,212.71,59.28,76.4,1,1,0.86069
258,5,638.85,379.86,57.02,83.94,1,1,0.82997
258,10,1117.13,373.99,67.49,90.3,1,1,0.86371
258,18,901.42,278.36,45.53,76.83,1,1,0.84414
258,20,1435.28,626.82,77.16,114.36,1,1,0.872
258,4,653.81,350.19,66.03,92.76,1,1,0.8364
258,16,1264.94,518.33,50.79,112.33,1,1,0.86319
258,21,1136.65,689.88,83.09,113.53,1,1,0.86256
258,12,807.38,245.54,52.53,74.54,1,1,0.84955
258,11,1390.33,434.29,59.84,97.48,1,1,0.83324
258,6,751.55,227.19,48.52,67.88,1,1,0.81979
258,3,1291.14,370.61,53.56,91.4,1,1,0.84539
258,26,580.34,207.07,52.41,78.4,1,1,0.83714
258,27,1318.64,612.48,53.04,120.2,1,1,0.84718
258,2,751.4,260.91,48.63,82.73,1,1,0.83668
258,8,542.68,216.11,55.1,70.79,1,1,0.83705
258,19,927.38,453.67,68.62,96.38,1,1,0.86336
258,22,1131.5,659.72,46.04,71.62,1,1,0.65882
259,0,1665.52,410.35,56.13,96.26,1,1,0.85715
259,1,1033.75,210.7,56.42,75.93,1,1,0.85869
259,5,642.57,375.34,52.9,83.78,1,1,0.82888
259,10,1121.71,370.27,67.02,88.87,1,1,0.86908
259,18,902.81,278.67,44.1,74.89,1,1,0.83124
259,20,1441.68,624.34,79.7,113.6,1,1,0.87506
259,4,657.87,346.61,65.87,91.99,1,1,0.82462
259,16,1272.67,515.65,47.74,114.01,1,1,0.87047
259,21,1141.63,689.94,79.83,112.92,1,1,0.85397
259,12,811.06,244.43,47.92,75.57,1,1,0.83741
259,11,1396.54,432.37,56.35,97.83,1,1,0.83417
259,6,758.25,226.99,47.2,67.68,1,1,0.80339
259,3,1297.87,368.99,58.25,91.12,1,1,0.85448
259,26,591.31,206.43,52.77,77.54,1,1,0.84368
259,27,1326.99,610.35,54.05,121.17,1,1,0.84985
259,2,752.49,262.16,47.84,81.05,1,1,0.84747
259,8,549.49,215.58,56.28,70.21,1,1,0.84595
259,19,929.51,449.56,66.37,95.19,1,1,0.85934
259,22,1136.68,659.8,44.68,53.1,1,1,0.68652
260,0,1676.21,409.89,59.51,96.82,1,1,0.85707
260,1,1036.45,207.5,52.34,77.51,1,1,0.85046
260,5,643.21,371.17,54.03,86.48,1,1,0.83782
260,10,1125.89,367.67,61.06,87.07,1,1,0.85967
260,18,901.98,278.74,49.67,73.43,1,1,0.84017
260,20,1449.06,623.8,77.0,110.1,1,1,0.85367
260,4,663.04,344.27,63.18,87.73,1,1,0.81665
260,16,1280.39,512.9,48.07,116.95,1,1,0.87112
260,21,1145.89,690.27,74.72,113.57,1,1,0.85341
260,12,813.49,244.29,44.48,75.06,1,1,0.82458
260,11,1402.85,429.98,55.44,99.43,1,1,0.84338
260,6,764.91,227.18,45.14,70.59,1,1,0.80405
260,3,1304.66,366.64,58.33,91.99,1,1,0.85509
260,26,602.38,206.17,52.28,75.15,1,1,0.84446
260,27,1335.67,607.83,55.83,122.4,1,1,0.85345
260,2,750.94,261.28,50.93,81.4,1,1,0.85279
260,8,554.44,214.78,54.4,70.07,1,1,0.85036
260,19,931.1,444.88,56.85,97.48,1,1,0.82789
260,22,1140.14,659.12,45.67,80.3,1,1,0.66997
261,0,1688.45,408.88,59.31,97.25,1,1,0.86082
261,1,1038.73,204.21,48.67,79.13,1,1,0.84579
261,5,644.57,367.63,56.63,88.7,1,1,0.8449
261,10,1130.23,364.56,57.42,86.42,1,1,0.86339
261,18,902.2,272.57,56.27,77.88,1,1,0.86254
261,20,1456.58,623.66,60.27,108.92,1,1,0.83735
261,4,664.92,341.54,60.95,81.83,1,1,0.79899
261,16,1287.14,510.24,50.06,118.23,1,1,0.86464
261,21,1150.29,690.23,67.64,115.37,1,1,0.84206
261,12,815.12,243.97,47.44,73.4,1,1,0.83582
261,11,1408.21,427.47,59.59,101.88,1,1,0.84561
261,6,769.8,227.78,47.38,74.46,1,1,0.82464
261,3,1310.73,363.72,56.03,93.34,1,1,0.86434
261,26,613.23,204.27,50.54,75.42,1,1,0.84098
261,27,1342.9,605.28,57.66,122.81,1,1,0.85922
261,2,749.5,260.92,56.1,79.86,1,1,0.86709
261,8,558.56,213.18,53.01,69.79,1,1,0.84334
261,19,932.84,442.65,51.0,98.19,1,1,0.8419
261,22,1144.37,656.54,43.9,61.82,1,1,0.71334
262,0,1700.68,407.1,59.91,98.71,1,1,0.86179
262,1,1040.11,199.91,51.57,80.55,1,1,0.85199
262,5,643.67,363.78,61.45,90.66,1,1,0.85264
262,10,1133.46,360.27,54.19,88.75,1,1,0.86453
262,18,900.85,268.38,61.94,78.39,1,1,0.86843
262,20,1461.71,623.33,57.15,110.19,1,1,0.84985
262,4,665.14,333.74,57.2,84.65,1,1,0.82076
262,16,1295.44,507.9,51.34,118.7,1,1,0.8731
262,21,1155.25,688.47,62.34,119.47,1,1,0.84809
262,12,815.62,243.01,49.05,75.27,1,1,0.84651
262,11,1415.3,424.29,61.71,104.45,1,1,0.84593
262,6,772.34,225.91,47.84,73.93,1,1,0.84124
262,3,1316.77,360.68,53.09,95.22,1,1,0.86674
262,26,621.15,203.58,51.34,77.42,1,1,0.84776
262,27,1348.65,601.74,61.53,123.52,1,1,0.86436
262,2,748.42,259.01,59.41,79.45,1,1,0.85694
262,8,561.18,211.08,53.66,69.8,1,1,0.84988
262,19,933.12,439.58,49.28,101.26,1,1,0.84498
262,22,1148.52,654.08,43.09,51.36,1,1,0.70896
263,0,1714.2,405.47,57.95,99.82,1,1,0.85753
263,1,1041.84,196.96,56.27,80.84,1,1,0.8609
263,5,644.66,359.55,63.56,93.59,1,1,0.85155
263,10,1137.51,357.05,57.13,90.35,1,1,0.87223
263,18,898.96,266.27,65.69,77.19,1,1,0.87076
263,20,1464.8,623.05,63.12,112.45,1,1,0.8663
263,4,665.28,329.46,55.04,86.17,1,1,0.84369
263,16,1301.92,505.29,54.6,119.12,1,1,0.86892
263,21,1158.55,686.04,64.33,123.79,1,1,0.85348
263,12,815.73,241.7,51.6,78.04,1,1,0.84288
263,11,1422.05,420.87,65.23,107.34,1,1,0.86154
263,6,773.98,223.53,48.23,75.14,1,1,0.83955
263,3,1322.59,356.98,52.8,98.31,1,1,0.86485
263,26,627.82,202.01,51.17,80.62,1,1,0.85193
263,27,1354.2,599.28,66.33,124.37,1,1,0.87041
263,2,741.57,257.74,64.89,76.81,1,1,0.81974
263,8,564.79,207.85,52.66,71.09,1,1,0.85348
263,19,932.25,436.27,56.59,103.32,1,1,0.86036
263,22,1152.23,651.88,43.07,45.07,1,1,0.73007
264,0,1728.7,403.83,53.68,100.84,1,1,0.85548
264,1,1044.14,192.44,59.88,81.63,1,1,0.86287
264,5,645.75,355.19,61.99,92.42,1,1,0.82498
264,10,1140.06,353.35,63.42,92.39,1,1,0.87316
264,18,899.81,265.16,62.16,76.22,1,1,0.85992
264,20,1471.63,622.27,63.28,114.51,1,1,0.85536
264,4,665.57,327.23,58.92,84.96,1,1,0.8685
264,16,1309.6,503.72,55.39,119.11,1,1,0.86225
264,21,1161.67,686.56,69.1,124.59,1,1,0.83878
264,12,816.6,240.25,53.39,79.5,1,1,0.82763
264,11,1430.36,418.32,66.04,108.09,1,1,0.85731
264,6,776.17,220.85,48.79,75.48,1,1,0.82837
264,3,1328.21,352.67,54.92,100.88,1,1,0.86206
264,26,633.38,200.91,50.66,81.91,1,1,0.84056
264,27,1360.63,597.34,67.92,122.3,1,1,0.86175
264,2,740.33,255.24,61.92,78.47,1,1,0.82539
264,8,568.32,204.69,51.4,72.01,1,1,0.85521
264,19,930.75,431.41,64.6,105.12,1,1,0.86342
264,22,1154.97,649.99,44.21,45.01,1,1,0.70668
265,0,1743.82,402.09,48.66,102.38,1,1,0.85683
265,1,1046.32,187.04,61.99,81.49,1,1,0.85422
265,5,646.14,350.29,58.7,89.49,1,1,0.83527
265,10,1142.74,349.72,68.38,93.21,1,1,0.87482
265,18,901.57,260.73,51.11,79.46,1,1,0.82947
265,20,1476.78,621.84,68.2,116.72,1,1,0.85454
265,4,664.35,321.9,65.2,89.0,1,1,0.86495
265,16,1318.22,501.99,54.94,118.7,1,1,0.86415
265,21,1164.05,684.94,74.01,125.34,1,1,0.84435
265,12,817.9,239.72,51.32,80.36,1,1,0.79736
265,11,1436.91,414.81,64.79,106.44,1,1,0.84972
265,6,778.93,218.51,50.23,74.76,1,1,0.81189
265,3,1335.41,349.06,54.6,102.02,1,1,0.85792
265,26,640.27,199.9,51.22,82.37,1,1,0.83258
265,27,1367.73,596.74,68.43,120.86,1,1,0.86643
265,2,741.27,253.93,48.66,83.24,1,1,0.8217
265,8,571.53,202.32,51.65,74.91,1,1,0.85687
265,19,927.71,428.54,73.33,105.23,1,1,0.87237
265,22,1156.05,649.55,53.74,95.86,1,1,0.69365
266,0,1757.1,399.8,44.22,104.5,1,1,0.84894
266,1,1048.22,184.25,61.4,79.71,1,1,0.83833
266,5,645.23,346.25,53.85,87.67,1,1,0.8362
266,10,1144.0,346.4,73.37,93.89,1,1,0.87667
266,18,900.98,257.72,44.69,81.66,1,1,0.83103
266,20,1481.62,620.32,73.32,119.46,1,1,0.85575
266,4,662.8,318.28,70.55,90.79,1,1,0.8559
266,16,1325.69,501.67,53.62,117.14,1,1,0.85433
266,21,1166.78,683.27,76.62,126.53,1,1,0.84932
266,12,817.87,239.71,48.26,81.25,1,1,0.81323
266,11,1444.1,411.72,62.04,106.96,1,1,0.85268
266,6,780.98,215.81,49.14,74.69,1,1,0.80475
266,3,1342.13,345.6,55.9,103.0,1,1,0.85503
266,26,645.44,199.81,54.15,82.4,1,1,0.8353
266,27,1374.25,596.44,67.28,120.96,1,1,0.8602
266,2,741.29,253.65,41.31,86.11,1,1,0.82857
266,8,574.65,200.63,52.01,78.28,1,1,0.85189
266,19,924.29,424.6,79.58,104.69,1,1,0.87328
266,22,1158.71,648.93,48.29,71.86,1,1,0.6527
267,0,1770.74,398.5,41.68,106.39,1,1,0.84636
267,1,1050.57,180.44,59.15,82.27,1,1,0.84791
267,5,642.95,342.37,48.45,87.82,1,1,0.83722
267,10,1144.31,343.55,77.51,92.62,1,1,0.8793
267,18,897.1,254.37,46.06,83.67,1,1,0.83783
267,20,1485.96,618.48,79.42,122.19,1,1,0.86242
267,4,660.1,315.12,75.13,88.89,1,1,0.83104
267,16,1333.12,501.49,52.39,117.12,1,1,0.85575
267,21,1169.24,683.82,77.09,124.73,1,1,0.8584
267,12,816.89,239.64,47.33,82.5,1,1,0.83491
267,11,1450.66,409.86,56.29,107.25,1,1,0.8397
267,6,782.33,213.12,48.3,77.9,1,1,0.80004
267,3,1348.15,342.48,54.99,101.41,1,1,0.84724
267,26,649.3,199.5,56.5,81.42,1,1,0.83423
267,27,1379.28,596.82,65.72,121.11,1,1,0.86039
267,2,738.34,254.45,42.02,85.06,1,1,0.82834
267,8,576.52,199.35,53.26,79.96,1,1,0.84334
267,19,922.17,422.24,79.39,102.05,1,1,0.87656
267,22,1160.19,649.76,54.19,104.73,1,1,0.70336
268,0,1781.21,397.47,42.2,108.43,1,1,0.84495
268,1,1051.83,176.68,52.48,85.23,1,1,0.83572
268,5,640.15,339.65,48.5,89.32,1,1,0.84316
268,10,1145.36,341.73,75.81,90.5,1,1,0.87678
268,18,893.18,252.09,51.54,85.4,1,1,0.85643
268,20,1491.39,618.63,81.91,121.35,1,1,0.8719
268,4,657.0,312.08,75.87,84.84,1,1,0.84372
268,16,1340.62,501.43,49.39,116.17,1,1,0.85531
268,21,1169.39,682.58,74.7,125.99,1,1,0.85781
268,12,815.53,239.64,48.27,82.9,1,1,0.84199
268,11,1456.15,408.99,51.53,107.75,1,1,0.84973
268,6,782.12,211.55,47.34,77.38,1,1,0.80898
268,3,1352.9,340.48,56.67,101.99,1,1,0.85877
268,26,653.6,199.47,58.02,81.05,1,1,0.85195
268,27,1384.06,596.96,62.67,123.44,1,1,0.86211
268,2,733.18,255.01,43.73,82.74,1,1,0.82873
268,8,577.8,199.05,54.15,81.21,1,1,0.82583
268,19,920.8,419.95,77.28,102.74,1,1,0.87616
268,22,1161.46,650.28,47.85,73.17,1,1,0.65551
269,0,1791.21,397.4,43.13,109.72,1,1,0.84569
269,1,1050.1,174.58,47.85,87.38,1,1,0.83505
269,5,637.46,337.19,50.97,90.94,1,1,0.83463
269,10,1146.6,340.17,71.05,91.26,1,1,0.87303
269,18,887.47,251.06,59.05,86.42,1,1,0.87384
269,20,1496.55,618.22,77.75,118.26,1,1,0.85062
269,4,652.96,308.5,73.31,81.7,1,1,0.85953
269,16,1347.02,501.57,47.1,116.33,1,1,0.85645
269,21,1169.74,682.88,68.18,127.55,1,1,0.84168
269,12,809.36,239.78,56.15,84.13,1,1,0.84898
269,11,1460.58,408.42,48.95,107.96,1,1,0.85085
269,6,780.42,211.48,43.57,83.1,1,1,0.75519
269,3,1357.14,339.7,54.54,101.76,1,1,0.85225
269,26,654.93,199.51,60.75,80.86,1,1,0.86623
269,27,1389.74,596.31,57.03,126.84,1,1,0.86826
269,2,726.02,252.86,52.9,85.67,1,1,0.84457
269,8,579.68,200.31,51.29,83.09,1,1,0.81711
269,19,917.89,418.34,68.6,104.33,1,1,0.86176
269,22,1160.6,650.68,49.17,101.16,1,1,0.7481
270,0,1799.52,397.36,45.15,110.43,1,1,0.85933
270,1,1047.77,171.61,48.06,88.41,1,1,0.82883
270,5,632.49,333.31,57.56,93.4,1,1,0.84995
270,10,1146.23,338.71,65.1,92.76,1,1,0.86978
270,18,880.2,250.41,66.76,87.12,1,1,0.88185
270,20,1502.79,617.18,65.06,118.8,1,1,0.83129
270,4,647.86,305.63,63.73,83.0,1,1,0.81545
270,16,1352.41,501.86,45.83,117.24,1,1,0.84736
270,21,1170.25,683.72,64.7,130.06,1,1,0.84781
270,12,803.04,238.85,63.58,84.85,1,1,0.84254
270,11,1464.7,407.66,52.17,109.92,1,1,0.85613
270,6,779.08,211.75,41.67,85.46,1,1,0.77683
270,3,1359.95,339.22,49.72,102.54,1,1,0.85843
270,26,654.37,199.2,63.8,81.88,1,1,0.86967
270,27,1393.64,595.5,55.87,130.47,1,1,0.8676
270,2,718.42,248.3,58.78,89.32,1,1,0.84351
270,8,579.36,201.83,47.83,85.96,1,1,0.82533
270,19,913.91,416.5,59.96,107.45,1,1,0.85538
270,22,1160.17,651.21,50.29,108.19,1,1,0.76784
271,0,1805.25,398.14,49.32,110.83,1,1,0.85422
271,1,1045.31,170.58,50.5,87.41,1,1,0.84019
271,5,626.83,330.78,61.73,93.8,1,1,0.84582
271,10,1144.24,336.39,59.88,96.17,1,1,0.87099
271,18,874.39,249.77,68.41,89.13,1,1,0.87732
271,20,1505.79,617.55,59.93,120.92,1,1,0.84811
271,4,642.7,304.37,55.53,84.96,1,1,0.82666
271,16,1357.12,500.92,45.06,118.76,1,1,0.84246
271,21,1169.47,684.24,63.49,132.38,1,1,0.84644
271,12,796.06,238.61,66.69,85.72,1,1,0.80811
271,11,1466.57,405.89,58.46,112.7,1,1,0.86084
271,6,776.69,211.93,40.08,82.62,1,1,0.76885
271,3,1361.62,338.19,47.67,102.62,1,1,0.85592
271,26,652.09,198.89,66.12,84.35,1,1,0.85633
271,27,1395.16,594.5,58.28,132.97,1,1,0.86369
271,2,711.61,245.87,50.9,90.34,1,1,0.80709
271,8,578.81,204.8,43.4,84.3,1,1,0.8334
271,19,905.7,414.59,58.42,110.26,1,1,0.86433
271,22,1159.04,650.86,51.21,111.1,1,1,0.74585
272,0,1809.46,399.46,54.98,111.46,1,1,0.85261
272,1,1040.86,168.88,56.43,86.85,1,1,0.84892
272,5,616.38,330.53,67.11,90.67,1,1,0.8285
272,10,1141.25,333.81,60.57,100.15,1,1,0.87335
272,18,868.17,250.57,58.19,91.39,1,1,0.82954
272,20,1505.12,619.29,58.67,122.44,1,1,0.84939
272,4,636.75,302.44,57.05,88.45,1,1,0.83224
272,16,1359.82,500.41,45.86,118.6,1,1,0.83339
272,21,1167.45,685.29,67.79,134.12,1,1,0.85544
272,12,788.32,238.25,62.11,87.82,1,1,0.80135
272,11,1465.88,404.28,65.25,114.55,1,1,0.85958
272,6,771.54,212.05,43.1,77.22,1,1,0.75065
272,3,1363.0,337.68,49.47,104.12,1,1,0.85597
272,26,647.71,198.78,65.61,83.97,1,1,0.8288
272,27,1397.36,593.81,60.53,134.07,1,1,0.85943
272,2,703.35,245.59,46.77,97.36,1,1,0.79736
272,8,576.93,209.12,40.22,80.72,1,1,0.82536
272,19,898.44,413.32,64.87,112.39,1,1,0.86218
272,22,1157.27,650.77,52.9,119.03,1,1,0.705
273,0,1814.43,401.41,58.9,112.06,1,1,0.86202
273,1,1035.62,165.73,62.76,87.23,1,1,0.86199
273,5,608.61,330.26,63.11,88.13,1,1,0.82209
273,10,1137.06,331.43,66.7,103.31,1,1,0.8844
273,18,862.82,250.88,50.51,93.38,1,1,0.85046
273,20,1498.35,621.85,67.36,122.79,1,1,0.82772
273,4,629.12,301.7,62.68,91.98,1,1,0.84584
273,16,1361.54,499.53,47.4,118.56,1,1,0.83345
273,21,1163.08,685.72,75.62,137.96,1,1,0.86397
273,12,781.86,239.39,57.16,89.47,1,1,0.78917
273,11,1462.96,403.48,71.63,114.36,1,1,0.85962
273,6,764.42,210.67,44.22,75.47,1,1,0.76832
273,3,1363.06,336.96,55.96,105.88,1,1,0.86652
273,26,643.28,200.58,59.73,81.29,1,1,0.78077
273,27,1397.57,593.68,64.28,135.56,1,1,0.85967
273,2,696.23,245.25,44.41,101.26,1,1,0.7937
273,8,572.24,209.22,42.51,82.07,1,1,0.83611
273,19,892.55,412.07,71.12,113.66,1,1,0.85892
273,22,1155.72,651.63,51.86,82.87,1,1,0.70055
274,0,1821.05,403.36,60.96,112.82,1,1,0.8626
274,1,1030.4,163.58,66.42,86.95,1,1,0.86054
274,5,600.57,327.98,64.85,90.63,1,1,0.81603
274,10,1133.35,329.04,71.82,105.83,1,1,0.88938
274,18,855.19,251.72,47.2,94.74,1,1,0.8662
274,20,1495.98,623.47,74.88,124.95,1,1,0.85598
274,4,620.44,300.11,67.76,96.43,1,1,0.83366
274,16,1363.01,499.45,50.55,117.8,1,1,0.83949
274,21,1157.6,687.94,83.43,138.86,1,1,0.87445
274,12,772.78,244.11,55.37,88.26,1,1,0.74839
274,11,1460.45,402.94,76.82,114.35,1,1,0.86776
274,6,758.45,209.58,47.06,73.72,1,1,0.67689
274,3,1361.36,336.77,62.65,107.46,1,1,0.87071
274,26,637.25,203.31,57.53,80.03,1,1,0.77692
274,27,1396.79,594.28,67.54,134.55,1,1,0.85607
274,2,687.88,245.71,48.17,104.43,1,1,0.78074
274,8,567.19,209.86,46.04,83.35,1,1,0.84341
274,19,882.62,410.41,78.53,112.76,1,1,0.86795
274,22,1154.28,652.46,50.8,62.47,1,1,0.65876
275,0,1828.65,405.32,62.26,113.99,1,1,0.85651
275,1,1026.68,162.46,66.35,86.99,1,1,0.85826
275,5,592.61,325.0,59.66,94.62,1,1,0.81084
275,10,1127.35,327.11,78.96,106.01,1,1,0.89165
275,18,847.53,251.99,50.72,95.41,1,1,0.87024
275,20,1494.21,624.51,80.89,125.68,1,1,0.87302
275,4,610.29,297.84,73.2,97.58,1,1,0.83077
275,16,1364.36,499.33,53.34,117.35,1,1,0.84998
275,21,1151.29,690.41,89.93,137.76,1,1,0.86277
275,12,768.09,258.55,55.83,77.15,1,1,0.71016
275,11,1459.42,401.56,77.75,115.7,1,1,0.86759
275,6,753.75,208.97,48.58,73.96,1,1,0.78655
275,3,1358.25,336.93,70.21,106.74,1,1,0.87138
275,26,632.83,206.28,56.24,72.64,1,1,0.80454
275,27,1397.03,595.77,68.61,131.6,1,1,0.86245
275,2,679.52,246.27,47.77,99.51,1,1,0.76104
275,8,559.47,210.99,52.84,82.45,1,1,0.86176
275,19,872.9,408.88,81.34,109.79,1,1,0.87582
275,22,1151.73,654.18,50.21,55.05,1,1,0.67481
275,31,1151.27,654.29,54.15,120.35,1,1,0.68559
276,0,1836.56,407.37,63.21,114.81,1,1,0.85827
276,1,1023.93,162.14,64.63,87.25,1,1,0.85251
276,5,582.61,323.18,55.57,97.24,1,1,0.83502
276,10,1120.46,325.83,82.39,104.39,1,1,0.88838
276,18,839.69,251.96,58.03,96.54,1,1,0.88602
276,20,1491.5,625.69,87.06,126.87,1,1,0.88117
276,4,602.6,296.29,73.28,97.2,1,1,0.85544
276,16,1366.04,500.14,57.37,117.54,1,1,0.85747
276,21,1146.95,695.65,93.05,135.17,1,1,0.8721
276,12,757.82,263.91,58.83,73.43,1,1,0.74558
276,11,1461.06,402.77,74.44,116.55,1,1,0.86713
276,6,748.55,208.44,47.27,73.53,1,1,0.72649
276,3,1356.53,337.4,73.25,105.82,1,1,0.87853
276,26,630.64,207.32,53.29,69.51,1,1,0.80812
276,27,1398.12,597.73,67.07,129.24,1,1,0.86664
276,2,667.74,245.96,54.61,96.05,1,1,0.80522
276,8,552.56,212.41,58.1,82.6,1,1,0.8708
276,19,864.66,408.21,79.19,109.68,1,1,0.87269
276,22,1149.14,656.81,49.41,54.44,1,1,0.68262
277,0,1844.99,408.91,63.46,114.26,1,1,0.8603
277,1,1019.55,161.15,62.46,89.89,1,1,0.84613
277,5,572.27,321.4,55.98,100.95,1,1,0.83392
277,10,1116.2,325.18,82.43,105.73,1,1,0.88574
277,18,830.9,251.29,65.47,96.67,1,1,0.87813
277,20,1488.73,627.13,93.18,127.08,1,1,0.87902
277,4,595.59,294.21,65.82,94.72,1,1,0.7918
277,16,1368.24,501.12,59.57,118.97,1,1,0.8468
277,21,1144.28,701.72,89.01,132.13,1,1,0.87287
277,12,753.74,266.03,59.99,74.09,1,1,0.74968
277,11,1461.1,403.84,72.14,117.17,1,1,0.86143
277,6,744.15,207.95,45.59,74.92,1,1,0.77828
277,3,1356.11,337.65,72.82,106.08,1,1,0.87447
277,26,626.13,205.8,51.04,74.23,1,1,0.789
277,27,1400.95,600.41,62.84,128.11,1,1,0.85809
277,2,652.98,244.71,66.25,96.33,1,1,0.81205
277,8,549.31,211.41,57.72,83.89,1,1,0.85862
277,19,860.0,407.61,72.35,112.96,1,1,0.86012
277,31,1148.45,659.79,59.57,120.52,1,1,0.75531
278,0,1855.13,410.71,61.16,114.69,1,1,0.86169
278,1,1015.25,159.59,58.77,92.54,1,1,0.83947
278,5,562.39,319.66,61.36,103.47,1,1,0.83597
278,10,1114.39,324.93,75.0,107.28,1,1,0.87253
278,18,823.03,251.18,61.16,91.42,1,1,0.80264
278,20,1489.82,629.03,92.35,128.41,1,1,0.87165
278,4,587.81,293.78,60.66,93.6,1,1,0.82904
278,16,1371.81,503.33,59.84,119.48,1,1,0.84694
278,21,1143.41,705.68,80.55,132.46,1,1,0.85958
278,12,749.86,265.98,60.63,75.12,1,1,0.77331
278,11,1462.27,408.41,66.46,114.38,1,1,0.83215
278,6,740.71,208.32,44.42,83.94,1,1,0.7652
278,3,1356.39,338.35,69.35,106.7,1,1,0.86234
278,26,623.25,206.88,48.22,80.21,1,1,0.80821
278,27,1403.09,603.23,57.83,127.96,1,1,0.84286
278,2,641.26,243.12,72.95,99.81,1,1,0.79198
278,8,546.4,212.54,54.96,83.06,1,1,0.84562
278,19,855.58,406.9,61.75,115.68,1,1,0.85576
278,31,1146.65,663.4,61.66,118.99,1,1,0.76655
279,0,1866.26,412.09,54.57,115.1,1,1,0.85902
279,1,1011.39,158.63,54.33,94.91,1,1,0.84182
279,5,554.39,316.71,63.37,106.28,1,1,0.83639
279,10,1111.43,324.85,64.99,109.36,1,1,0.86599
279,18,814.31,250.51,57.4,91.32,1,1,0.84354
279,20,1493.56,630.93,86.55,131.59,1,1,0.87641
279,4,580.68,292.56,51.11,95.47,1,1,0.8211
279,16,1375.62,505.86,57.45,119.31,1,1,0.8496
279,21,1140.9,708.27,70.46,135.6,1,1,0.85831
279,11,1466.38,405.45,58.48,121.14,1,1,0.83785
279,6,737.18,209.21,44.2,96.92,1,1,0.81578
279,3,1355.7,339.13,61.57,107.6,1,1,0.84983
279,26,618.7,206.39,45.66,86.15,1,1,0.82016
279,27,1404.54,604.73,54.41,130.3,1,1,0.8468
279,2,635.54,243.04,60.74,97.36,1,1,0.79432
279,8,542.96,208.79,50.48,87.34,1,1,0.84538
279,19,849.71,406.56,52.73,119.4,1,1,0.84446
279,31,1145.15,666.16,52.22,105.14,1,1,0.7235
280,0,1877.85,413.8,44.24,117.31,1,1,0.8479
280,1,1007.65,158.19,56.32,95.84,1,1,0.85206
280,5,546.07,315.24,60.07,104.23,1,1,0.81691
280,10,1107.49,325.29,54.93,111.58,1,1,0.8658
280,18,807.19,250.37,50.75,91.92,1,1,0.82906
280,20,1495.6,634.54,70.11,133.99,1,1,0.83449
280,4,572.66,292.35,48.7,98.46,1,1,0.8361
280,16,1378.94,508.19,55.55,119.85,1,1,0.84296
280,21,1138.02,708.8,64.18,140.25,1,1,0.86846
280,11,1465.99,405.25,61.34,124.45,1,1,0.83487
280,6,731.73,211.17,41.52,96.7,1,1,0.80045
280,3,1354.12,340.14,57.18,109.09,1,1,0.85505
280,26,614.74,206.37,44.99,92.1,1,1,0.8071
280,27,1406.19,605.06,54.89,133.33,1,1,0.84633
280,2,631.86,244.45,52.72,93.29,1,1,0.80055
280,8,539.4,207.48,46.22,90.34,1,1,0.84684
280,19,841.85,406.64,56.52,121.83,1,1,0.86606
280,31,1143.37,669.02,48.3,91.09,1,1,0.72358
281,0,1890.2,416.0,31.8,119.28,1,1,0.8405
281,1,1004.6,158.19,59.74,96.37,1,1,0.8597
281,5,537.67,315.18,62.09,102.32,1,1,0.83485
281,10,1104.23,325.96,52.39,113.42,1,1,0.86508
281,18,799.95,253.1,47.68,97.63,1,1,0.83312
281,20,1497.19,638.16,64.24,137.87,1,1,0.86263
281,4,564.72,293.29,52.93,103.16,1,1,0.84433
281,16,1381.76,511.31,54.63,120.96,1,1,0.83992
281,21,1135.49,708.68,67.48,148.06,1,1,0.86763
281,11,1467.1,405.27,65.7,127.16,1,1,0.85698
281,6,724.76,214.57,43.8,103.22,1,1,0.68689
281,3,1352.64,341.45,57.18,110.87,1,1,0.87359
281,26,610.61,208.9,45.49,84.62,1,1,0.73897
281,27,1407.68,604.16,59.24,138.93,1,1,0.84877
281,2,624.8,247.01,51.09,94.21,1,1,0.80745
281,8,536.28,208.36,45.35,91.42,1,1,0.85144
281,19,830.53,407.32,67.4,122.74,1,1,0.87318
282,0,1901.19,416.08,20.0,125.35,1,1,0.79595
282,1,1001.45,157.3,64.13,95.51,1,1,0.86474
282,5,529.02,314.81,58.19,105.49,1,1,0.82145
282,10,1100.82,326.95,58.87,114.88,1,1,0.87882
282,18,793.53,258.37,47.21,100.84,1,1,0.83436
282,20,1498.85,642.33,61.39,140.29,1,1,0.87092
282,4,556.85,292.95,58.41,107.23,1,1,0.85951
282,16,1384.47,513.76,55.47,120.85,1,1,0.841
282,21,1132.93,710.44,73.66,151.61,1,1,0.8748
282,11,1468.16,405.78,71.25,129.77,1,1,0.8713
282,6,719.1,216.72,45.45,95.21,1,1,0.7832
282,3,1353.44,342.04,59.87,114.19,1,1,0.8681
282,26,606.71,209.92,42.58,74.72,1,1,0.66443
282,27,1408.68,605.97,65.14,140.86,1,1,0.86205
282,2,618.97,244.26,48.5,94.6,1,1,0.82017
282,8,531.29,210.72,47.82,92.07,1,1,0.85951
282,19,821.98,407.38,76.75,122.58,1,1,0.88314
282,31,1138.46,674.04,56.01,126.16,1,1,0.73473
283,1,998.06,157.88,68.28,94.54,1,1,0.86837
283,5,521.63,316.12,55.49,107.33,1,1,0.82346
283,10,1097.66,327.91,67.78,116.66,1,1,0.8822
283,18,787.77,262.38,48.53,102.73,1,1,0.79863
283,20,1497.66,645.28,67.23,144.05,1,1,0.86401
283,4,549.13,294.5,61.38,105.43,1,1,0.85047
283,16,1388.31,515.93,57.65,119.43,1,1,0.83558
283,21,1129.78,713.41,79.18,152.45,1,1,0.8784
283,11,1469.7,408.5,75.51,129.83,1,1,0.87486
283,6,713.83,218.85,48.48,93.21,1,1,0.77874
283,3,1355.29,342.53,64.23,117.49,1,1,0.86617
283,27,1408.05,610.13,71.73,139.56,1,1,0.85737
283,2,613.78,242.94,46.26,96.71,1,1,0.78893
283,8,522.47,213.88,53.95,92.72,1,1,0.85846
283,19,810.43,407.77,86.11,119.92,1,1,0.87582
283,31,1135.99,676.82,64.98,135.3,1,1,0.82877
284,1,997.09,159.02,67.05,96.01,1,1,0.86623
284,5,514.44,319.16,48.88,108.38,1,1,0.8079
284,10,1093.31,329.29,78.26,115.79,1,1,0.88856
284,18,781.12,265.66,52.71,105.84,1,1,0.81051
284,20,1496.58,648.22,76.69,147.56,1,1,0.87794
284,4,540.26,297.82,61.75,102.59,1,1,0.83976
284,16,1393.36,518.47,57.98,120.17,1,1,0.83802
284,21,1126.45,719.03,85.04,149.37,1,1,0.87099
284,11,1471.64,413.77,77.87,127.0,1,1,0.86865
284,6,711.0,221.21,46.66,83.64,1,1,0.79298
284,3,1358.02,343.76,69.29,118.69,1,1,0.86678
284,27,1406.93,613.26,78.08,139.53,1,1,0.86373
284,2,609.07,247.94,49.08,94.14,1,1,0.7943
284,8,514.6,217.59,60.65,93.65,1,1,0.85578
284,19,801.01,409.88,89.99,118.24,1,1,0.86781
284,31,1133.59,680.99,72.85,139.5,1,1,0.8468
284,12,704.45,255.4,54.42,104.91,1,1,0.72124
284,26,602.93,218.38,51.2,91.68,1,1,0.69764
285,1,997.77,160.84,60.69,97.87,1,1,0.85254
285,5,507.8,321.49,49.81,111.19,1,1,0.81848
285,10,1089.08,331.32,86.37,112.75,1,1,0.8909
285,18,775.13,268.25,57.15,107.4,1,1,0.83816
285,20,1493.7,651.57,87.21,149.77,1,1,0.88149
285,4,535.31,302.3,56.01,98.93,1,1,0.83385
285,16,1398.56,521.53,59.4,121.69,1,1,0.84449
285,21,1124.41,724.7,86.56,147.29,1,1,0.86541
285,11,1477.36,418.41,73.71,124.51,1,1,0.87603
285,6,708.06,222.18,44.47,80.61,1,1,0.77984
285,3,1361.53,345.7,72.42,117.29,1,1,0.86586
285,27,1407.34,616.0,81.86,138.21,1,1,0.86288
285,2,603.49,252.87,55.61,89.73,1,1,0.79361
285,8,508.22,221.52,66.79,94.33,1,1,0.85988
285,19,797.03,412.8,89.02,119.91,1,1,0.86887
285,31,1131.95,686.29,80.83,141.13,1,1,0.85466
285,12,697.31,256.59,59.57,107.49,1,1,0.81662
285,26,599.71,224.98,60.07,93.2,1,1,0.78707
286,1,998.85,162.69,53.67,99.64,1,1,0.84285
286,5,503.1,322.0,53.44,112.53,1,1,0.79059
286,10,1089.02,334.1,87.35,111.25,1,1,0.88237
286,18,770.67,271.71,60.8,106.49,1,1,0.84225
286,20,1493.08,655.7,94.64,148.26,1,1,0.87541
286,4,531.2,305.6,48.71,94.69,1,1,0.80065
286,16,1405.3,524.21,60.53,124.08,1,1,0.83999
286,21,1125.77,730.63,82.53,146.98,1,1,0.85616
286,11,1485.03,422.69,66.74,124.94,1,1,0.87451
286,6,703.55,223.42,45.22,81.51,1,1,0.77475
286,3,1366.7,348.42,72.68,116.17,1,1,0.863
286,27,1413.47,622.47,80.98,135.86,1,1,0.84947
286,2,598.69,254.58,53.99,87.69,1,1,0.76408
286,8,506.52,227.24,69.46,91.15,1,1,0.85909
286,19,797.58,415.85,78.21,121.31,1,1,0.84544
286,31,1132.42,691.37,87.07,142.57,1,1,0.85776
286,12,691.68,259.57,59.15,102.56,1,1,0.79011
286,26,597.79,227.92,66.46,94.52,1,1,0.82155
287,1,999.89,164.53,49.51,101.85,1,1,0.84424
287,5,497.36,322.28,52.11,109.48,1,1,0.77934
287,10,1094.46,336.78,79.81,112.46,1,1,0.87049
287,18,768.43,274.89,64.02,104.8,1,1,0.83431
287,20,1497.42,660.28,96.58,145.39,1,1,0.88332
287,4,529.85,309.26,48.09,96.61,1,1,0.74454
287,16,1414.97,527.88,62.05,124.48,1,1,0.84822
287,21,1129.74,736.83,74.13,147.14,1,1,0.84939
287,11,1493.16,427.36,58.58,125.38,1,1,0.8589
287,6,702.43,226.92,44.76,84.1,1,1,0.788
287,3,1374.88,351.33,69.3,114.15,1,1,0.84108
287,27,1422.05,627.81,80.5,136.15,1,1,0.85565
287,2,595.18,258.04,50.46,85.23,1,1,0.81136
287,8,509.77,232.51,69.09,88.28,1,1,0.85981
287,19,798.0,418.48,67.65,124.63,1,1,0.83765
287,31,1134.59,697.74,85.76,134.27,1,1,0.84818
287,12,688.57,261.48,53.09,97.67,1,1,0.77594
287,26,597.4,229.37,69.64,94.1,1,1,0.8567
288,1,1001.39,166.87,53.23,101.9,1,1,0.86038
288,5,491.36,323.68,56.36,107.34,1,1,0.82808
288,10,1099.54,339.24,70.71,115.33,1,1,0.86774
288,18,766.84,277.33,59.48,104.31,1,1,0.79665
288,20,1506.74,665.46,91.42,146.07,1,1,0.87917
288,4,530.04,311.16,49.44,93.62,1,1,0.72226
288,16,1426.63,531.27,61.88,124.27,1,1,0.84258
288,21,1133.94,744.61,67.17,146.39,1,1,0.83929
288,11,1501.43,431.4,54.43,125.84,1,1,0.86034
288,6,704.36,230.66,48.42,91.22,1,1,0.81454
288,3,1384.86,354.15,65.85,115.34,1,1,0.85547
288,27,1431.78,634.07,81.02,137.35,1,1,0.85293
288,2,592.94,261.89,51.9,84.67,1,1,0.82158
288,8,516.51,237.71,66.6,85.28,1,1,0.85695
288,19,799.08,420.7,56.85,128.35,1,1,0.84686
288,31,1140.01,704.67,80.5,125.34,1,1,0.85635
288,12,690.31,263.1,53.86,101.26,1,1,0.79845
288,26,595.3,229.91,71.95,91.53,1,1,0.83984
289,1,1003.6,167.48,61.86,103.63,1,1,0.86414
289,5,487.79,324.95,59.99,107.94,1,1,0.8236
289,10,1103.6,342.33,64.03,117.6,1,1,0.86589
289,18,769.75,280.76,50.58,103.15,1,1,0.82353
289,20,1519.29,671.36,81.58,149.15,1,1,0.87669
289,4,529.57,312.75,48.98,106.71,1,1,0.78157
289,16,1439.75,535.6,61.33,126.43,1,1,0.83098
289,21,1136.7,751.74,69.76,147.15,1,1,0.84034
289,11,1510.13,434.91,59.03,130.33,1,1,0.86265
289,6,706.23,234.14,49.88,99.65,1,1,0.80273
289,3,1394.75,357.7,60.86,115.95,1,1,0.85481
289,27,1442.38,639.3,75.52,139.1,1,1,0.84507
289,2,590.99,262.89,59.82,86.51,1,1,0.82554
289,8,527.14,242.73,62.27,83.82,1,1,0.85189
289,19,797.35,422.52,61.26,131.62,1,1,0.86453
289,31,1146.31,711.8,73.06,120.77,1,1,0.84505
289,12,691.13,260.14,54.5,107.72,1,1,0.78998
289,26,597.64,232.62,68.39,88.13,1,1,0.85489
290,1,1006.06,168.22,69.98,103.54,1,1,0.86795
290,5,489.03,326.69,57.38,110.62,1,1,0.81195
290,10,1107.48,344.73,59.24,120.72,1,1,0.8675
290,18,771.43,285.12,48.75,103.34,1,1,0.7905
290,20,1528.04,678.69,73.29,151.54,1,1,0.8687
290,4,528.93,315.23,51.51,110.4,1,1,0.824
290,16,1453.71,541.08,61.22,128.6,1,1,0.82641
290,21,1138.06,759.22,76.38,147.88,1,1,0.85588
290,11,1517.03,438.04,66.69,133.04,1,1,0.87366
290,6,709.43,236.5,51.09,108.04,1,1,0.77871
290,3,1403.9,360.37,57.93,118.55,1,1,0.85941
290,27,1455.42,644.29,65.58,143.0,1,1,0.83502
290,2,589.87,264.49,66.69,86.58,1,1,0.83864
290,8,536.03,250.74,59.32,79.22,1,1,0.83677
290,19,796.32,424.24,68.6,133.73,1,1,0.87193
290,31,1152.89,718.81,62.81,122.78,1,1,0.73141
290,12,691.5,263.7,54.96,109.72,1,1,0.81109
290,26,602.88,234.65,59.38,89.82,1,1,0.82687
291,1,1008.28,170.38,78.13,102.11,1,1,0.86281
291,5,490.89,328.76,56.42,114.67,1,1,0.76943
291,10,1112.91,346.44,61.13,123.31,1,1,0.86385
291,18,768.45,288.67,53.93,104.22,1,1,0.76323
291,20,1536.2,685.21,65.53,154.62,1,1,0.85455
291,4,528.77,316.91,53.83,110.01,1,1,0.78709
291,16,1468.16,547.71,57.97,125.12,1,1,0.82157
291,21,1141.93,762.97,83.67,152.55,1,1,0.87397
291,11,1524.61,441.47,76.11,135.77,1,1,0.87486
291,6,712.63,237.38,50.0,97.58,1,1,0.8235
291,3,1412.35,362.52,59.8,121.14,1,1,0.84306
291,27,1467.64,649.54,63.14,146.59,1,1,0.8377
291,2,595.92,256.14,67.17,95.96,1,1,0.68307
291,8,542.43,258.69,58.23,71.9,1,1,0.81656
291,19,796.85,424.64,75.38,135.13,1,1,0.8732
291,31,1157.04,723.55,56.54,107.91,1,1,0.75393
291,12,691.41,268.03,53.22,111.82,1,1,0.83048
291,26,604.82,237.01,59.51,99.92,1,1,0.77783
292,1,1013.04,172.03,80.12,101.68,1,1,0.87105
292,5,491.86,329.49,50.78,119.47,1,1,0.80643
292,10,1121.42,347.99,65.81,125.67,1,1,0.87037
292,18,773.28,291.62,52.46,110.81,1,1,0.8299
292,20,1544.0,691.14,70.89,157.53,1,1,0.85066
292,4,530.16,318.16,53.84,118.2,1,1,0.81025
292,16,1484.03,554.43,53.96,120.34,1,1,0.84037
292,21,1145.11,768.12,92.64,154.24,1,1,0.89465
292,11,1532.38,444.76,85.48,134.89,1,1,0.88784
292,6,716.05,237.11,49.58,92.58,1,1,0.84055
292,3,1422.06,364.77,68.18,123.5,1,1,0.8599
292,27,1482.77,652.0,63.51,151.05,1,1,0.84703
292,2,590.84,263.46,73.81,90.94,1,1,0.83158
292,8,549.88,262.99,53.77,68.28,1,1,0.80399
292,19,793.71,427.69,83.32,129.08,1,1,0.87712
292,31,1165.09,728.39,59.7,132.08,1,1,0.7972
292,12,690.92,272.93,55.05,111.41,1,1,0.83688
292,26,608.16,240.14,63.03,106.14,1,1,0.86532
293,1,1021.77,173.58,76.2,103.2,1,1,0.87072
293,5,491.59,329.54,51.93,122.42,1,1,0.81184
293,10,1128.53,349.09,74.58,127.18,1,1,0.87944
293,18,775.82,293.96,54.28,114.19,1,1,0.8437
293,20,1550.02,696.56,83.32,160.09,1,1,0.86209
293,4,531.45,320.69,55.9,119.26,1,1,0.82395
293,16,1501.14,560.05,51.4,117.59,1,1,0.82411
293,21,1147.33,774.14,100.25,154.5,1,1,0.8816
293,11,1544.39,448.95,90.08,133.69,1,1,0.88697
293,6,719.98,235.96,47.49,93.76,1,1,0.82878
293,3,1431.92,367.02,77.1,124.07,1,1,0.86282
293,27,1497.49,656.92,63.4,148.53,1,1,0.82873
293,2,589.07,267.95,72.06,89.45,1,1,0.78793
293,8,556.9,266.95,48.83,66.91,1,1,0.78437
293,19,793.28,429.74,85.28,125.08,1,1,0.87784
293,31,1174.77,733.39,68.91,150.01,1,1,0.85439
293,12,689.7,275.91,57.97,109.16,1,1,0.8397
293,26,610.07,241.68,67.48,104.44,1,1,0.86512
294,1,1029.08,174.3,69.15,105.77,1,1,0.85139
294,5,491.46,329.16,54.2,124.16,1,1,0.83648
294,10,1136.49,349.55,81.65,125.14,1,1,0.88263
294,18,776.85,295.47,64.04,118.37,1,1,0.85082
294,20,1557.53,701.86,94.95,161.94,1,1,0.8923
294,4,534.48,322.89,58.02,117.79,1,1,0.81342
294,16,1519.8,565.5,50.48,118.06,1,1,0.79601
294,21,1153.48,779.87,99.05,155.52,1,1,0.8701
294,11,1559.83,453.9,89.98,133.78,1,1,0.88288
294,6,724.06,235.63,46.98,97.27,1,1,0.82548
294,3,1441.8,369.12,85.63,124.04,1,1,0.87128
294,27,1511.12,659.92,62.77,144.01,1,1,0.84996
294,2,588.99,271.16,65.94,90.4,1,1,0.82317
294,8,562.64,269.35,45.97,66.97,1,1,0.79436
294,19,799.0,429.88,78.74,128.68,1,1,0.8674
294,31,1184.77,738.26,73.68,163.81,1,1,0.85909
294,12,688.31,277.97,69.24,110.84,1,1,0.85882
294,26,612.58,243.16,71.13,102.46,1,1,0.85718
295,1,1035.12,174.01,62.46,108.44,1,1,0.84544
295,5,489.93,327.81,59.35,120.81,1,1,0.83317
295,10,1144.4,350.5,85.93,122.01,1,1,0.88626
295,18,779.8,295.73,69.1,119.98,1,1,0.86092
295,20,1564.75,707.5,108.0,160.5,1,1,0.89846
295,4,536.47,324.83,63.23,127.03,1,1,0.85538
295,16,1537.66,568.7,55.81,132.07,1,1,0.82088
295,21,1165.01,785.61,93.7,157.77,1,1,0.86227
295,11,1577.9,458.49,86.7,134.22,1,1,0.87977
295,6,728.51,235.71,47.88,105.68,1,1,0.84702
295,3,1455.02,371.94,89.92,122.83,1,1,0.87805
295,27,1526.51,661.98,64.76,143.12,1,1,0.84857
295,2,588.98,272.48,67.43,92.01,1,1,0.84181
295,8,566.28,270.78,46.9,67.31,1,1,0.76827
295,19,806.76,430.66,68.2,132.04,1,1,0.86239
295,31,1193.75,742.98,78.62,167.31,1,1,0.86889
295,12,687.74,278.61,80.03,112.76,1,1,0.89007
295,26,616.34,243.95,74.21,98.23,1,1,0.86661
296,1,1043.21,172.3,60.48,111.65,1,1,0.85653
296,5,488.27,325.97,66.68,121.17,1,1,0.8423
296,10,1155.91,350.88,83.5,121.58,1,1,0.88358
296,18,784.64,295.95,66.3,118.08,1,1,0.82384
296,20,1574.3,715.81,115.79,154.3,1,1,0.89558
296,4,542.88,326.01,63.59,122.03,1,1,0.85013
296,16,1556.3,570.97,62.33,139.17,1,1,0.83188
296,21,1175.8,792.5,89.3,159.8,1,1,0.86646
296,11,1595.55,461.46,81.71,134.58,1,1,0.87948
296,6,734.77,235.12,49.47,102.35,1,1,0.82053
296,3,1474.12,373.79,88.71,124.21,1,1,0.88023
296,27,1544.04,665.39,65.52,144.21,1,1,0.85482
296,2,591.24,272.62,75.24,94.25,1,1,0.83052
296,8,569.27,269.77,50.11,68.57,1,1,0.71811
296,19,811.28,431.15,60.03,136.45,1,1,0.85789
296,31,1204.68,747.99,82.51,160.66,1,1,0.88694
296,12,691.82,279.01,83.01,113.66,1,1,0.88649
296,26,621.91,245.44,77.09,95.32,1,1,0.86437
297,1,1053.36,169.47,64.07,113.77,1,1,0.86578
297,5,487.76,324.18,73.97,120.26,1,1,0.85051
297,10,1168.84,350.88,74.93,123.07,1,1,0.87689
297,18,790.49,294.65,57.58,123.12,1,1,0.83841
297,20,1588.21,720.97,115.1,154.93,1,1,0.87062
297,4,550.68,323.69,66.28,123.0,1,1,0.83193
297,16,1575.29,572.32,69.17,145.72,1,1,0.86778
297,21,1185.56,797.25,82.86,160.92,1,1,0.87518
297,11,1612.46,462.48,74.52,137.27,1,1,0.87273
297,6,742.42,233.57,52.49,109.32,1,1,0.85235
297,3,1492.07,374.91,85.27,126.07,1,1,0.87842
297,27,1562.84,668.73,64.94,146.42,1,1,0.85939
297,2,590.45,270.15,88.5,97.6,1,1,0.84201
297,19,813.08,430.73,59.53,139.24,1,1,0.85962
297,31,1215.72,752.81,83.31,153.19,1,1,0.88979
297,12,701.75,277.96,76.31,116.8,1,1,0.88096
297,26,627.11,245.4,75.44,92.94,1,1,0.86694
298,1,1064.17,166.08,68.76,113.38,1,1,0.87228
298,5,487.3,321.72,79.68,124.27,1,1,0.85489
298,10,1180.86,350.71,67.83,125.11,1,1,0.87281
298,18,797.73,292.86,55.58,120.6,1,1,0.8304
298,20,1609.39,726.15,107.13,157.42,1,1,0.89406
298,4,559.25,320.2,68.29,126.28,1,1,0.85365
298,16,1594.44,575.28,73.87,148.93,1,1,0.89743
298,21,1194.66,800.21,77.08,164.36,1,1,0.88687
298,11,1629.38,463.42,67.72,140.2,1,1,0.87549
298,6,747.93,231.53,54.18,108.68,1,1,0.84221
298,3,1508.24,375.33,80.31,126.78,1,1,0.87008
298,27,1582.61,672.91,61.62,146.03,1,1,0.88841
298,2,587.26,266.94,100.24,97.56,1,1,0.83758
298,19,817.46,429.95,66.59,142.2,1,1,0.86507
298,31,1229.57,758.36,80.25,148.5,1,1,0.87888
298,12,709.81,276.16,67.48,119.77,1,1,0.87306
298,26,632.02,245.31,68.85,90.74,1,1,0.85135
299,1,1071.68,162.34,74.67,111.16,1,1,0.86828
299,5,488.3,320.35,76.12,126.66,1,1,0.82314
299,10,1191.45,350.42,62.83,127.49,1,1,0.8713
299,18,805.17,291.17,51.51,121.28,1,1,0.84695
299,20,1630.7,730.3,94.35,161.83,1,1,0.87893
299,4,567.04,318.35,69.34,128.39,1,1,0.85588
299,16,1615.18,578.06,76.22,151.06,1,1,0.9043
299,21,1205.05,803.39,78.36,168.2,1,1,0.88659
299,11,1646.91,463.19,67.11,144.17,1,1,0.86523
299,6,751.19,229.09,58.68,107.69,1,1,0.8445
299,3,1522.23,374.89,72.91,130.27,1,1,0.87188
299,27,1601.44,677.49,58.73,147.18,1,1,0.88888
299,19,821.52,428.94,74.3,144.15,1,1,0.87819
299,31,1241.96,763.72,73.2,147.39,1,1,0.86592
299,12,711.57,274.8,61.49,121.77,1,1,0.85066
299,26,634.96,245.43,65.62,104.91,1,1,0.8404
299,8,588.63,266.18,62.67,76.07,1,1,0.7716
300,1,1076.86,160.48,80.85,111.65,1,1,0.86916
300,5,489.93,319.55,72.29,129.82,1,1,0.81686
300,10,1200.48,350.67,68.35,131.12,1,1,0.86864
300,18,808.41,290.22,56.32,126.98,1,1,0.83931
300,20,1648.85,736.62,79.65,164.34,1,1,0.87981
300,4,578.62,316.64,67.04,133.97,1,1,0.8294
300,16,1635.53,582.36,77.68,150.74,1,1,0.90467
300,21,1215.22,807.82,83.54,172.49,1,1,0.9039
300,11,1663.73,464.12,72.58,149.59,1,1,0.88841
300,6,754.72,226.83,62.74,107.73,1,1,0.84732
300,3,1535.92,375.42,73.92,134.21,1,1,0.87921
300,27,1620.7,683.27,55.62,148.68,1,1,0.88181
300,19,824.19,429.33,83.0,142.0,1,1,0.88289
300,31,1254.82,769.4,64.13,150.91,1,1,0.86331
300,12,712.49,275.3,64.79,123.49,1,1,0.85852
300,26,638.55,245.86,65.81,110.41,1,1,0.83541
300,8,592.09,267.19,60.86,74.95,1,1,0.74783
301,1,1084.73,159.2,81.87,113.18,1,1,0.86734
301,5,490.41,317.75,67.99,132.16,1,1,0.83404
301,10,1208.67,350.35,77.08,134.45,1,1,0.88212
301,18,810.33,289.54,66.38,127.2,1,1,0.86477
301,20,1656.28,739.27,77.98,170.58,1,1,0.87934
301,4,589.97,314.19,64.48,138.99,1,1,0.8311
301,16,1654.77,587.83,78.12,149.5,1,1,0.89025
301,21,1222.69,813.5,90.53,174.47,1,1,0.89744
301,11,1678.99,465.68,79.95,153.86,1,1,0.89615
301,6,760.27,224.91,63.42,107.25,1,1,0.85298
301,3,1552.44,374.98,74.84,136.63,1,1,0.86026
301,27,1638.74,686.91,53.25,139.09,1,1,0.78923
301,19,824.25,429.56,91.53,138.49,1,1,0.88575
301,31,1265.12,774.37,60.79,157.89,1,1,0.85942
301,12,715.55,276.15,68.57,124.7,1,1,0.87109
301,26,641.63,246.23,67.49,112.78,1,1,0.84053
301,8,591.59,269.53,61.34,60.41,1,1,0.67791
302,1,1097.37,157.72,73.08,115.74,1,1,0.85934
302,5,491.55,315.5,67.76,135.35,1,1,0.83968
302,10,1215.85,350.21,88.99,136.4,1,1,0.88342
302,18,812.5,288.6,78.49,128.93,1,1,0.88021
302,20,1670.8,742.78,80.61,176.23,1,1,0.86866
302,4,601.07,311.55,61.13,142.77,1,1,0.82745
302,16,1672.77,592.76,79.5,149.17,1,1,0.88418
302,21,1228.15,819.3,95.18,174.04,1,1,0.88048
302,11,1694.87,468.4,86.18,156.89,1,1,0.89666
302,6,764.65,223.74,62.59,108.33,1,1,0.84389
302,3,1570.67,375.4,74.55,137.18,1,1,0.8536
302,27,1655.86,689.4,52.64,141.85,1,1,0.72801
302,19,826.32,430.07,93.73,136.1,1,1,0.87936
302,31,1275.82,779.36,65.06,166.18,1,1,0.86225
302,12,714.15,278.16,76.45,121.99,1,1,0.87592
302,26,645.27,245.89,71.76,114.02,1,1,0.86277
302,8,590.15,271.92,62.49,51.29,1,1,0.65768
303,1,1108.49,157.95,61.64,117.75,1,1,0.85655
303,5,488.72,314.27,73.33,136.32,1,1,0.85476
303,10,1221.18,350.98,98.99,133.86,1,1,0.89681
303,18,813.05,288.06,87.69,129.83,1,1,0.89788
303,20,1681.01,744.19,90.35,184.42,1,1,0.90029
303,4,612.04,313.12,58.15,142.55,1,1,0.82553
303,16,1691.25,596.27,77.9,151.7,1,1,0.90473
303,21,1235.67,825.23,93.79,172.76,1,1,0.89592
303,11,1711.23,472.91,87.41,153.91,1,1,0.90729
303,6,768.6,223.79,60.61,111.75,1,1,0.85757
303,3,1587.47,376.55,78.82,138.31,1,1,0.87509
303,27,1671.62,693.09,54.44,152.33,1,1,0.6591
303,19,828.85,430.47,90.39,137.78,1,1,0.89094
303,31,1285.07,784.17,73.63,173.88,1,1,0.88833
303,12,714.02,280.7,79.01,118.49,1,1,0.87741
303,26,647.85,245.91,76.24,114.63,1,1,0.85983
303,2,609.52,280.38,81.19,87.91,1,1,0.7015
304,1,1116.42,157.7,53.7,121.75,1,1,0.84225
304,5,481.68,313.19,83.31,133.17,1,1,0.86412
304,10,1227.27,352.66,103.63,130.58,1,1,0.89299
304,18,814.9,289.35,90.65,129.48,1,1,0.88157
304,20,1691.42,750.84,99.89,186.3,1,1,0.90428
304,4,622.06,314.21,56.02,141.81,1,1,0.83252
304,16,1708.88,600.86,75.02,154.62,1,1,0.89249
304,21,1244.57,832.14,93.39,175.29,1,1,0.88616
304,11,1727.92,478.13,85.0,149.34,1,1,0.89863
304,6,771.0,225.01,58.49,115.17,1,1,0.81486
304,3,1602.4,380.04,83.24,137.14,1,1,0.87648
304,27,1683.9,697.18,56.94,156.6,1,1,0.76647
304,19,833.03,432.55,80.79,140.78,1,1,0.87439
304,31,1293.38,789.53,81.44,176.16,1,1,0.88538
304,12,715.85,284.74,76.72,113.3,1,1,0.86567
304,26,648.76,246.35,77.67,111.27,1,1,0.83012
304,2,603.02,283.97,59.32,94.92,1,1,0.66737
305,1,1122.95,156.59,56.05,124.93,1,1,0.84606
305,5,477.29,312.35,87.63,130.34,1,1,0.85704
305,10,1238.32,355.02,96.16,130.41,1,1,0.88681
305,18,819.34,291.21,86.82,130.51,1,1,0.85918
305,20,1699.78,757.34,109.77,184.32,1,1,0.89141
305,4,632.44,316.75,53.61,139.76,1,1,0.81258
305,16,1727.76,607.65,70.62,158.07,1,1,0.87763
305,21,1254.38,839.42,86.29,178.17,1,1,0.87978
305,11,1744.68,483.29,79.25,147.81,1,1,0.87327
305,6,772.55,227.51,64.52,117.68,1,1,0.79546
305,3,1618.58,384.27,84.67,135.26,1,1,0.88228
305,27,1695.77,701.21,57.92,158.2,1,1,0.75399
305,19,837.68,434.91,69.24,144.69,1,1,0.86718
305,31,1302.33,795.14,87.37,178.53,1,1,0.87398
305,12,717.01,288.11,71.17,111.38,1,1,0.83332
305,26,648.85,248.71,76.05,102.59,1,1,0.81948
305,2,579.87,278.9,65.13,98.48,1,1,0.76176
306,1,1129.04,155.38,61.7,126.85,1,1,0.85812
306,5,474.94,313.25,88.1,129.99,1,1,0.87
306,10,1249.06,357.53,86.57,132.16,1,1,0.87432
306,18,823.11,292.96,80.0,132.09,1,1,0.85973
306,20,1709.86,765.46,114.84,179.97,1,1,0.89319
306,4,641.29,316.86,52.78,143.12,1,1,0.82229
306,16,1744.69,614.48,71.56,161.62,1,1,0.88031
306,21,1262.26,846.93,77.97,180.78,1,1,0.87994
306,11,1761.38,489.3,71.63,147.63,1,1,0.86159
306,6,775.53,229.95,61.2,107.72,1,1,0.82177
306,3,1635.6,389.06,81.15,136.08,1,1,0.8774
306,19,839.13,437.34,67.62,148.45,1,1,0.87785
306,31,1310.63,801.66,92.25,177.2,1,1,0.87226
306,12,707.23,291.51,76.0,110.84,1,1,0.84789
306,26,647.54,250.7,72.47,99.12,1,1,0.78098
306,2,574.12,279.1,70.51,112.49,1,1,0.83299
307,1,1135.29,155.5,71.1,127.72,1,1,0.87201
307,5,476.76,316.32,81.86,130.7,1,1,0.8708
307,10,1257.84,360.05,76.13,136.18,1,1,0.8615
307,18,826.86,294.38,69.05,135.5,1,1,0.84086
307,20,1725.45,777.68,112.27,176.9,1,1,0.87716
307,4,646.88,319.54,55.32,141.3,1,1,0.82028
307,16,1762.21,621.43,76.12,165.75,1,1,0.84986
307,21,1267.64,854.41,80.34,184.67,1,1,0.88382
307,11,1775.1,495.0,66.06,149.95,1,1,0.84007
307,6,776.34,232.2,61.65,104.01,1,1,0.83884
307,3,1652.1,393.4,73.25,138.0,1,1,0.86775
307,19,839.65,440.57,74.26,151.93,1,1,0.86903
307,31,1319.07,810.54,94.59,172.39,1,1,0.87634
307,12,709.86,294.68,72.6,113.4,1,1,0.85364
307,26,645.22,254.31,71.52,92.02,1,1,0.7487
307,2,572.15,280.9,75.11,124.33,1,1,0.832
308,1,1139.49,156.05,82.02,125.42,1,1,0.87612
308,5,480.15,319.88,77.39,133.96,1,1,0.86096
308,10,1267.2,361.76,70.43,140.71,1,1,0.87053
308,18,829.13,295.19,68.2,139.52,1,1,0.84903
308,20,1745.09,789.53,101.17,175.91,1,1,0.86971
308,4,653.47,320.06,56.86,143.74,1,1,0.81986
308,16,1781.14,626.39,81.19,171.6,1,1,0.87036
308,21,1271.46,861.35,89.94,190.09,1,1,0.87798
308,11,1788.73,499.27,69.09,157.77,1,1,0.83659
308,6,777.13,232.93,64.74,105.01,1,1,0.85282
308,3,1667.63,396.75,65.23,142.27,1,1,0.86558
308,19,839.07,442.92,83.2,155.42,1,1,0.87829
308,31,1326.61,819.21,95.99,169.45,1,1,0.86765
308,12,720.15,296.85,68.53,116.87,1,1,0.86223
308,26,642.57,257.24,69.32,82.66,1,1,0.80318
308,2,572.05,283.51,77.43,129.55,1,1,0.82155
308,27,1748.75,723.22,87.13,162.48,1,1,0.81995
309,1,1141.27,157.7,93.09,123.42,1,1,0.8848
309,5,485.53,324.21,69.16,136.27,1,1,0.84932
309,10,1275.74,363.18,73.89,145.2,1,1,0.875
309,18,832.45,296.52,72.34,142.42,1,1,0.86529
309,20,1762.35,799.99,86.7,177.51,1,1,0.85049
309,4,660.29,319.47,57.11,147.99,1,1,0.82318
309,16,1800.02,631.77,87.43,175.31,1,1,0.87811
309,21,1276.6,869.58,100.24,193.4,1,1,0.88621
309,11,1799.89,503.55,80.45,162.36,1,1,0.85388
309,6,777.62,234.07,64.29,109.04,1,1,0.86005
309,3,1680.42,400.74,67.14,145.24,1,1,0.86271
309,19,838.21,444.98,91.68,155.26,1,1,0.8814
309,31,1336.22,829.61,92.52,166.68,1,1,0.86705
309,12,723.04,299.82,75.17,118.68,1,1,0.87087
309,26,639.07,259.62,75.08,76.7,1,1,0.80922
309,2,571.57,286.95,75.15,132.71,1,1,0.8219
309,27,1768.56,729.96,84.6,160.45,1,1,0.78757
310,1,1145.4,158.49,97.0,122.94,1,1,0.88608
310,5,492.47,325.91,63.57,140.94,1,1,0.84413
310,10,1281.03,363.33,84.07,150.01,1,1,0.87172
310,18,834.05,296.59,79.01,141.84,1,1,0.87573
310,20,1771.94,804.75,83.51,186.1,1,1,0.85925
310,4,665.57,321.52,61.15,150.24,1,1,0.82385
310,16,1818.16,636.86,92.67,177.43,1,1,0.87089
310,21,1279.31,876.13,112.29,196.5,1,1,0.88214
310,11,1812.45,506.88,90.93,165.93,1,1,0.87486
310,6,776.61,234.88,62.43,110.3,1,1,0.84873
310,3,1693.82,404.01,75.75,149.1,1,1,0.87099
310,19,837.02,446.31,97.21,149.97,1,1,0.8812
310,31,1343.92,838.79,88.63,171.64,1,1,0.86331
310,12,724.86,301.75,83.87,116.16,1,1,0.85116
310,26,640.71,261.43,74.13,83.95,1,1,0.80482
310,2,566.77,289.52,69.55,136.17,1,1,0.85403
310,27,1788.31,736.34,77.74,158.68,1,1,0.81871
311,1,1154.66,159.48,92.32,124.21,1,1,0.88443
311,5,494.84,324.95,60.96,145.7,1,1,0.8184
311,10,1288.76,364.82,90.1,148.27,1,1,0.83503
311,18,833.98,296.99,85.93,138.62,1,1,0.8729
311,20,1784.49,809.68,89.46,193.32,1,1,0.8689
311,4,672.48,322.84,61.97,148.37,1,1,0.80864
311,16,1837.75,643.62,85.24,176.59,1,1,0.88371
311,21,1278.97,883.72,125.43,196.38,1,1,0.89193
311,11,1822.8,511.42,96.09,164.66,1,1,0.88251
311,6,776.14,235.85,59.65,116.64,1,1,0.83156
311,3,1706.36,408.72,85.26,149.65,1,1,0.87701
311,19,838.57,447.38,94.36,149.21,1,1,0.88266
311,31,1351.45,846.83,82.69,182.38,1,1,0.84078
311,12,727.82,303.37,89.46,116.56,1,1,0.86833
311,26,643.88,265.39,70.3,90.78,1,1,0.73363
311,2,562.23,292.07,73.29,138.02,1,1,0.8578
311,27,1805.04,744.65,73.05,158.67,1,1,0.78163
312,1,1164.67,160.43,82.54,126.03,1,1,0.86581
312,5,492.69,323.67,62.81,149.53,1,1,0.83548
312,10,1296.3,366.41,94.03,144.33,1,1,0.85387
312,18,834.9,298.18,88.29,136.24,1,1,0.86757
312,20,1795.51,817.06,100.22,195.61,1,1,0.87696
312,4,680.25,323.73,62.62,146.34,1,1,0.83493
312,16,1859.82,650.81,66.77,163.49,1,1,0.85643
312,21,1283.0,892.62,128.59,190.03,1,1,0.89305
312,11,1833.48,517.14,91.26,162.54,1,1,0.87252
312,6,776.69,238.26,55.74,121.67,1,1,0.83549
312,3,1717.49,412.68,96.08,149.37,1,1,0.88232
312,19,842.37,449.3,84.4,153.18,1,1,0.87008
312,31,1360.16,855.23,78.82,196.32,1,1,0.8634
312,12,730.71,305.84,93.96,117.7,1,1,0.85834
312,26,642.89,267.99,66.03,104.3,1,1,0.78415
312,2,558.0,295.41,79.4,136.73,1,1,0.8528
312,27,1821.45,749.33,71.08,167.93,1,1,0.7795
313,1,1171.71,159.85,73.76,129.26,1,1,0.85741
313,5,490.1,321.34,67.67,147.92,1,1,0.85431
313,10,1302.94,368.0,78.4,135.45,1,1,0.84548
313,18,837.6,298.9,84.9,137.73,1,1,0.86271
313,20,1802.74,822.76,112.55,197.11,1,1,0.88972
313,4,688.25,325.04,64.57,144.49,1,1,0.8381
313,16,1881.92,659.54,43.97,167.63,1,1,0.8058
313,21,1293.48,901.53,119.42,181.39,1,1,0.89151
313,11,1847.85,521.89,78.19,164.46,1,1,0.87276
313,6,773.76,239.48,71.59,126.83,1,1,0.84081
313,3,1728.71,414.3,104.29,149.43,1,1,0.86503
313,19,844.21,452.2,72.84,154.73,1,1,0.86011
313,31,1369.76,861.85,83.4,200.79,1,1,0.87437
313,12,733.42,306.99,94.15,117.29,1,1,0.86143
313,26,642.33,268.98,62.4,113.29,1,1,0.83851
313,2,554.44,298.7,79.13,127.71,1,1,0.85089
313,27,1839.08,753.09,71.57,183.23,1,1,0.82159
313,36,639.02,379.19,78.25,56.19,1,1,0.80683
314,1,1178.1,158.28,65.87,133.23,1,1,0.84499
314,5,491.34,319.13,69.24,143.42,1,1,0.84891
314,10,1310.03,370.37,68.72,128.53,1,1,0.82116
314,18,840.76,299.21,75.48,140.57,1,1,0.84774
314,20,1808.32,827.0,114.3,195.63,1,1,0.88587
314,4,698.19,327.26,67.53,143.12,1,1,0.8272
314,21,1300.27,910.84,113.86,171.8,1,1,0.86244
314,11,1869.62,527.91,55.56,168.08,1,1,0.82924
314,6,770.85,239.27,74.31,130.35,1,1,0.84722
314,3,1743.94,415.39,105.34,152.4,1,1,0.86173
314,19,844.19,455.13,66.36,158.28,1,1,0.86733
314,31,1379.76,867.54,90.52,206.37,1,1,0.87763
314,12,736.07,306.93,87.17,113.57,1,1,0.78434
314,26,642.01,269.77,69.19,118.8,1,1,0.81579
314,2,549.6,302.59,82.41,118.29,1,1,0.82722
314,27,1855.03,755.63,66.69,190.26,1,1,0.83363
314,36,643.18,386.28,81.39,47.29,1,1,0.80625
315,1,1184.52,156.28,66.16,137.04,1,1,0.84732
315,5,494.88,316.33,69.38,143.8,1,1,0.86112
315,10,1318.45,372.12,65.53,129.07,1,1,0.8395
315,18,839.85,299.26,67.58,143.57,1,1,0.8444
315,20,1819.37,834.07,105.53,191.77,1,1,0.89032
315,4,706.77,329.46,66.86,143.69,1,1,0.81788
315,21,1305.2,918.61,105.77,163.65,1,1,0.85591
315,11,1893.38,533.75,29.78,170.04,1,1,0.80813
315,6,767.55,239.38,74.78,126.27,1,1,0.84277
315,3,1763.08,420.89,102.22,152.55,1,1,0.87564
315,19,841.54,456.89,71.43,161.34,1,1,0.86347
315,31,1387.64,873.32,98.69,207.8,1,1,0.89517
315,12,738.39,303.9,79.98,101.16,1,1,0.8455
315,26,639.78,273.21,70.71,126.7,1,1,0.82497
315,2,546.29,308.8,98.84,113.66,1,1,0.81949
315,27,1871.52,759.76,53.46,183.95,1,1,0.82527
315,36,654.19,389.64,78.71,46.22,1,1,0.75136
315,37,1199.32,23.9,70.2,123.77,1,1,0.76584
316,1,1191.99,154.83,70.17,138.86,1,1,0.84975
316,5,502.67,314.52,65.73,146.6,1,1,0.85374
316,10,1326.42,373.7,66.77,131.26,1,1,0.82932
316,18,837.64,297.59,72.92,147.7,1,1,0.83899
316,20,1838.27,842.04,86.79,193.19,1,1,0.87669
316,4,714.12,328.62,68.97,146.22,1,1,0.8202
316,21,1311.39,925.66,97.07,156.14,1,1,0.86292
316,6,767.05,238.54,74.62,114.52,1,1,0.85387
316,3,1779.64,425.35,96.9,154.28,1,1,0.86795
316,19,837.64,457.31,86.09,165.55,1,1,0.87204
316,31,1395.36,880.09,106.96,203.39,1,1,0.89743
316,12,740.21,301.43,70.18,127.36,1,1,0.768
316,26,635.35,275.41,70.19,127.43,1,1,0.84017
316,2,548.59,318.15,89.61,110.02,1,1,0.81546
316,27,1888.48,767.4,36.13,189.82,1,1,0.75724
316,36,654.73,394.48,84.78,48.08,1,1,0.75694
316,37,1216.05,24.19,73.31,124.01,1,1,0.79485
317,1,1198.28,153.16,75.55,138.15,1,1,0.86939
317,5,509.36,317.88,65.11,146.59,1,1,0.8053
317,10,1334.26,374.08,64.05,135.48,1,1,0.85601
317,18,840.84,295.65,79.43,150.91,1,1,0.85915
317,20,1857.1,851.56,66.92,196.33,1,1,0.87498
317,4,718.82,327.81,72.73,149.42,1,1,0.83812
317,21,1318.29,931.0,93.61,150.32,1,1,0.87405
317,6,768.45,237.58,71.66,106.67,1,1,0.87189
317,3,1793.93,428.59,91.65,156.95,1,1,0.86929
317,19,835.37,457.8,97.91,167.13,1,1,0.8844
317,31,1405.7,887.53,110.83,196.32,1,1,0.90521
317,26,629.51,276.61,79.27,127.4,1,1,0.84002
317,2,544.18,327.53,84.14,105.2,1,1,0.64981
317,36,652.14,396.17,90.73,49.54,1,1,0.79512
317,37,1235.18,23.2,74.79,125.43,1,1,0.80171
318,1,1201.23,152.03,83.56,136.56,1,1,0.89557
318,5,509.78,317.38,65.37,148.72,1,1,0.79621
318,10,1342.32,373.1,68.67,139.48,1,1,0.871
318,18,842.58,293.57,91.84,152.88,1,1,0.87767
318,20,1870.88,860.25,51.91,198.72,1,1,0.86917
318,4,724.8,324.13,84.77,154.62,1,1,0.82782
318,21,1327.78,936.72,95.96,144.21,1,1,0.87857
318,6,768.57,237.23,69.42,105.75,1,1,0.8771
318,3,1807.44,430.6,84.36,160.2,1,1,0.87151
318,19,831.3,457.8,111.24,165.39,1,1,0.89962
318,31,1417.02,896.34,110.87,187.22,1,1,0.90905
318,26,628.17,276.77,89.43,129.51,1,1,0.85169
318,2,538.91,332.69,85.55,102.76,1,1,0.69951
318,36,652.97,396.31,93.88,54.78,1,1,0.7546
318,37,1256.63,21.52,74.84,127.15,1,1,0.85976
318,12,741.13,296.12,57.95,70.84,1,1,0.69997
319,1,1206.03,151.64,85.28,132.31,1,1,0.92442
319,5,506.2,310.12,71.32,148.67,1,1,0.89111
319,10,1350.85,372.26,79.33,145.95,1,1,0.92414
319,18,844.66,291.68,99.83,145.54,1,1,0.92886
319,20,1877.32,868.04,44.36,200.32,1,1,0.80483
319,4,732.47,320.25,88.2,159.31,1,1,0.87724
319,21,1335.84,942.29,94.6,138.23,1,1,0.90556
319,6,768.75,236.82,68.62,107.03,1,1,0.89202
319,3,1824.74,432.88,83.0,161.49,1,1,0.88709
319,19,828.11,457.19,117.98,162.18,1,1,0.93402
319,31,1430.01,906.32,106.72,176.63,1,1,0.91063
319,26,626.19,275.98,97.82,132.1,1,1,0.9146
319,2,538.65,333.97,77.98,112.61,1,1,0.66102
319,37,1278.18,20.4,73.65,128.3,1,1,0.90523
320,1,1216.12,151.35,79.83,128.91,1,1,0.90131
320,5,502.27,306.89,78.2,139.83,1,1,0.90057
320,10,1358.48,371.25,90.54,151.2,1,1,0.91458
320,18,845.1,288.11,104.51,143.57,1,1,0.92309
320,20,1879.8,876.14,41.4,194.47,1,1,0.8443
320,4,743.95,317.4,88.69,161.95,1,1,0.88592
320,21,1344.08,946.64,94.06,133.5,1,1,0.8972
320,6,765.44,236.83,60.76,101.01,1,1,0.82787
320,3,1846.19,433.46,74.32,163.54,1,1,0.89946
320,19,830.31,457.92,114.46,162.23,1,1,0.92551
320,31,1442.32,915.27,95.7,167.0,1,1,0.86919
320,26,621.15,275.27,105.66,134.01,1,1,0.92064
320,2,544.42,335.79,74.93,112.17,1,1,0.85525
320,37,1300.39,17.68,71.56,130.66,1,1,0.8334
320,36,659.58,403.56,105.48,56.29,1,1,0.79646
321,1,1228.78,150.83,72.46,129.38,1,1,0.91672
321,5,497.97,305.88,86.13,131.77,1,1,0.8764
321,10,1365.97,370.1,99.03,152.6,1,1,0.90921
321,18,847.69,286.91,102.1,144.83,1,1,0.91196
321,20,1893.46,899.46,27.39,177.3,1,1,0.78989
321,4,760.15,316.69,86.51,162.0,1,1,0.90592
321,21,1353.35,952.28,90.56,127.59,1,1,0.91161
321,6,765.39,237.06,54.05,94.32,1,1,0.83336
321,3,1864.68,433.02,59.47,160.12,1,1,0.89914
321,19,835.05,458.04,103.79,163.79,1,1,0.92058
321,31,1455.9,923.66,84.87,158.02,1,1,0.88825
321,26,620.43,275.66,109.18,136.59,1,1,0.90733
321,37,1323.3,14.78,68.42,133.04,1,1,0.83799
321,36,666.25,406.87,107.48,55.26,1,1,0.83322
321,12,746.19,284.81,61.42,105.2,1,1,0.74881
322,1,1242.52,149.14,62.8,134.18,1,1,0.85581
322,5,495.92,304.41,92.41,129.17,1,1,0.85653
322,10,1371.92,368.86,97.22,152.92,1,1,0.84669
322,18,851.79,285.74,95.08,150.51,1,1,0.87638
322,4,776.27,313.72,84.06,165.75,1,1,0.85486
322,21,1361.4,958.86,89.5,120.78,1,1,0.85658
322,6,761.53,235.38,56.96,96.08,1,1,0.73479
322,3,1876.24,430.64,47.68,164.82,1,1,0.84447
322,19,836.13,459.12,93.95,168.28,1,1,0.87395
322,31,1465.12,927.32,84.37,153.86,1,1,0.85116
322,26,619.27,281.92,110.87,137.24,1,1,0.8313
322,36,675.63,409.38,116.74,56.07,1,1,0.81975
322,12,751.92,280.8,62.51,114.11,1,1,0.82037
323,1,1251.26,146.15,59.64,138.73,1,1,0.84891
323,5,494.92,301.71,113.53,129.17,1,1,0.81944
323,10,1380.67,368.16,100.93,152.26,1,1,0.84161
323,18,858.19,285.59,81.71,154.33,1,1,0.86691
323,4,792.89,308.88,79.33,169.13,1,1,0.84386
323,21,1369.28,965.43,90.01,113.91,1,1,0.84829
323,6,761.47,232.7,58.97,89.69,1,1,0.78745
323,3,1891.04,438.02,31.79,161.16,1,1,0.81372
323,19,839.15,458.68,83.77,174.82,1,1,0.87689
323,31,1472.76,931.2,87.76,149.47,1,1,0.83178
323,26,617.85,285.9,106.22,146.16,1,1,0.84404
323,36,691.05,412.17,120.99,57.05,1,1,0.82402
323,12,752.64,279.06,68.89,123.59,1,1,0.8229
324,1,1260.88,142.87,63.16,142.98,1,1,0.85896
324,5,493.44,299.71,117.67,128.58,1,1,0.86304
324,10,1391.35,368.07,90.92,153.99,1,1,0.83525
324,18,864.1,285.03,82.35,157.04,1,1,0.87417
324,4,809.94,301.8,77.86,177.1,1,1,0.84839
324,21,1380.51,970.98,85.69,108.16,1,1,0.84084
324,6,760.54,228.21,62.35,100.88,1,1,0.80117
324,19,842.4,454.63,85.84,183.0,1,1,0.88776
324,31,1482.42,934.54,101.12,145.73,1,1,0.81081
324,26,615.06,286.48,95.21,151.32,1,1,0.85493
324,36,706.23,414.87,131.11,57.6,1,1,0.79553
324,12,752.73,281.88,78.09,127.3,1,1,0.85905
325,1,1269.37,138.99,75.0,146.55,1,1,0.86643
325,5,493.19,299.16,121.22,126.49,1,1,0.87988
325,10,1402.7,367.0,83.83,160.29,1,1,0.84161
325,18,873.43,284.43,83.55,159.5,1,1,0.86391
325,4,829.91,297.43,75.54,172.73,1,1,0.82717
325,21,1391.11,973.88,85.1,105.19,1,1,0.8162
325,6,760.1,224.16,70.33,113.81,1,1,0.83151
325,19,844.45,450.87,93.96,189.83,1,1,0.87798
325,31,1495.56,939.98,105.82,140.05,1,1,0.80219
325,26,612.36,281.62,82.89,153.34,1,1,0.87234
325,36,723.25,417.62,134.11,59.0,1,1,0.84592
325,12,755.37,288.0,87.79,128.85,1,1,0.84331
326,1,1272.72,135.59,92.87,148.24,1,1,0.89402
326,5,495.12,298.65,121.1,126.9,1,1,0.87752
326,10,1413.92,365.01,78.34,165.55,1,1,0.85565
326,18,873.42,281.62,94.72,162.3,1,1,0.85276
326,4,848.68,289.31,79.73,178.46,1,1,0.85072
326,21,1402.25,976.84,83.13,102.15,1,1,0.81538
326,6,759.9,220.42,70.91,123.26,1,1,0.77697
326,19,843.5,446.48,105.07,195.25,1,1,0.89088
326,31,1512.95,944.79,98.88,135.0,1,1,0.80384
326,26,609.48,278.86,84.64,153.31,1,1,0.89374
326,36,736.95,419.64,132.64,55.24,1,1,0.83995
326,12,756.77,281.25,99.35,137.25,1,1,0.88219
327,1,1275.49,131.65,110.23,147.12,1,1,0.9433
327,5,497.2,298.28,117.73,128.21,1,1,0.92478
327,10,1422.94,363.64,80.29,167.35,1,1,0.91811
327,4,862.23,283.46,99.47,183.88,1,1,0.89113
327,21,1411.63,981.07,83.32,97.75,1,1,0.77481
327,6,753.54,217.48,77.55,136.83,1,1,0.85697
327,19,834.7,442.0,118.7,188.22,1,1,0.93552
327,31,1528.34,951.07,91.09,128.42,1,1,0.82592
327,26,610.57,275.98,93.21,154.26,1,1,0.93805
327,36,754.81,419.66,121.24,52.64,1,1,0.69749
327,12,752.1,280.57,108.53,143.35,1,1,0.90076
328,1,1284.84,129.03,119.85,144.56,1,1,0.95224
328,5,500.4,299.55,116.1,128.48,1,1,0.92714
328,10,1434.85,361.37,91.64,171.6,1,1,0.94046
328,4,881.91,283.71,101.64,184.59,1,1,0.9369
328,21,1422.83,987.41,79.09,91.45,1,1,0.77775
328,6,741.77,215.34,89.11,145.76,1,1,0.9373
328,19,829.47,438.33,131.01,179.74,1,1,0.93517
328,31,1545.34,958.69,86.46,120.73,1,1,0.83048
328,26,610.42,274.59,104.58,154.57,1,1,0.94475
328,12,745.95,284.12,121.29,145.82,1,1,0.91307
329,1,1297.63,126.87,122.79,142.34,1,1,0.95188
329,5,508.34,302.43,125.01,130.24,1,1,0.90087
329,10,1447.43,355.54,100.9,178.21,1,1,0.94079
329,4,905.57,283.34,97.8,186.59,1,1,0.94621
329,21,1429.16,993.82,88.63,85.1,1,1,0.75983
329,6,736.76,214.03,93.52,149.25,1,1,0.93109
329,19,828.98,436.83,129.2,178.79,1,1,0.94717
329,31,1557.24,966.45,87.97,112.94,1,1,0.84841
329,26,610.44,273.46,121.32,152.75,1,1,0.91652
329,12,750.33,287.8,122.51,149.9,1,1,0.90107
329,18,872.98,274.68,72.44,150.45,1,1,0.91928
330,1,1318.13,124.51,113.85,141.08,1,1,0.95248
330,5,519.89,305.69,127.69,133.78,1,1,0.92439
330,10,1460.22,351.21,108.15,177.77,1,1,0.92359
330,4,927.32,282.93,95.22,191.37,1,1,0.94514
330,21,1435.38,999.48,93.05,79.51,1,1,0.77649
330,6,739.49,213.13,90.55,151.35,1,1,0.92049
330,19,834.51,436.28,120.96,182.77,1,1,0.94744
330,31,1569.6,974.49,96.51,104.89,1,1,0.82092
330,26,611.64,270.07,136.78,151.29,1,1,0.92729
330,12,760.06,290.28,118.24,154.97,1,1,0.88802
330,18,877.19,273.23,70.18,151.44,1,1,0.92919
