video_name,frame,actor_track_id,xml_track_id,position,team_side,action,xtl,ytl,xbr,ybr,w,h,source
BootPass_6,0,0,0,Position_Unknown,Team_Unknown,Action_PreSnap,822.13,335.06,953.93,558.01,131.79999999999995,222.95,xml_geometry_csv_action
BootPass_6,0,1,1,Position_Unknown,Team_Unknown,Action_PreSnap,1470.38,524.32,1601.87,690.94,131.48999999999978,166.62,xml_geometry_csv_action
BootPass_6,0,10,10,Position_Unknown,Team_Unknown,Action_PreSnap,884.31,712.33,1027.49,960.59,143.18000000000006,248.26,xml_geometry_csv_action
BootPass_6,0,11,11,Position_Unknown,Team_Unknown,Action_PreSnap,1110.54,553.95,1251.55,744.3,141.01,190.3499999999999,xml_geometry_csv_action
BootPass_6,0,12,12,Position_Unknown,Team_Unknown,Action_PreSnap,1172.41,373.53,1304.02,570.65,131.6099999999999,197.12,xml_geometry_csv_action
BootPass_6,0,13,13,Position_Unknown,Team_Unknown,Action_PreSnap,922.22,537.32,1057.73,723.78,135.51,186.45999999999992,xml_geometry_csv_action
BootPass_6,0,14,14,Position_Unknown,Team_Unknown,Action_PreSnap,1074.96,523.4,1188.24,672.22,113.27999999999997,148.82000000000005,xml_geometry_csv_action
BootPass_6,0,15,15,Position_Unknown,Team_Unknown,Action_PreSnap,697.94,512.51,808.44,658.94,110.5,146.43000000000006,xml_geometry_csv_action
BootPass_6,0,16,16,Position_Unknown,Team_Unknown,Action_PreSnap,496.44,487.93,609.03,656.05,112.58999999999997,168.11999999999995,xml_geometry_csv_action
BootPass_6,0,17,17,Position_Unknown,Team_Unknown,Action_PreSnap,926.97,588.99,1037.4,868.14,110.43000000000006,279.15,xml_geometry_csv_action
BootPass_6,0,2,2,Position_Unknown,Team_Unknown,Action_PreSnap,264.97,522.75,405.18,768.98,140.20999999999998,246.23000000000002,xml_geometry_csv_action
BootPass_6,0,3,3,Position_Unknown,Team_Unknown,Action_PreSnap,727.06,533.16,865.27,735.49,138.21000000000004,202.33000000000004,xml_geometry_csv_action
BootPass_6,0,4,4,Position_Unknown,Team_Unknown,Action_PreSnap,545.58,527.68,672.0,743.3,126.41999999999996,215.62,xml_geometry_csv_action
BootPass_6,0,5,5,Position_Unknown,Team_Unknown,Action_PreSnap,1299.06,555.8,1424.36,766.17,125.29999999999995,210.37,xml_geometry_csv_action
BootPass_6,0,6,6,Position_Unknown,Team_Unknown,Action_PreSnap,387.23,541.39,515.85,717.84,128.62,176.45000000000005,xml_geometry_csv_action
BootPass_6,0,7,7,Position_Unknown,Team_Unknown,Action_PreSnap,1568.74,118.21,1662.47,369.06,93.73000000000002,250.85000000000002,xml_geometry_csv_action
BootPass_6,0,8,8,Position_Unknown,Team_Unknown,Action_PreSnap,250.25,316.83,372.13,553.24,121.88,236.41000000000003,xml_geometry_csv_action
BootPass_6,0,9,9,Position_Unknown,Team_Unknown,Action_PreSnap,425.67,320.72,600.25,534.91,174.57999999999998,214.18999999999994,xml_geometry_csv_action
BootPass_6,1,0,0,Position_Unknown,Team_Unknown,Action_PreSnap,821.33,335.31,953.89,559.01,132.55999999999995,223.7,xml_geometry_csv_action
BootPass_6,1,1,1,Position_Unknown,Team_Unknown,Action_PreSnap,1473.7,525.0,1602.97,692.02,129.26999999999998,167.01999999999998,xml_geometry_csv_action
BootPass_6,1,10,10,Position_Unknown,Team_Unknown,Action_PreSnap,883.38,714.79,1027.24,963.22,143.86,248.43000000000006,xml_geometry_csv_action
BootPass_6,1,11,11,Position_Unknown,Team_Unknown,Action_PreSnap,1111.85,554.96,1254.35,746.77,142.5,191.80999999999995,xml_geometry_csv_action
BootPass_6,1,12,12,Position_Unknown,Team_Unknown,Action_PreSnap,1173.52,372.8,1305.89,570.17,132.37000000000012,197.36999999999995,xml_geometry_csv_action
BootPass_6,1,13,13,Position_Unknown,Team_Unknown,Action_PreSnap,924.06,539.15,1058.18,724.85,134.12000000000012,185.70000000000005,xml_geometry_csv_action
BootPass_6,1,14,14,Position_Unknown,Team_Unknown,Action_PreSnap,1075.44,524.07,1188.06,674.9,112.61999999999989,150.82999999999993,xml_geometry_csv_action
BootPass_6,1,15,15,Position_Unknown,Team_Unknown,Action_PreSnap,696.89,513.73,807.82,659.43,110.93000000000006,145.69999999999993,xml_geometry_csv_action
BootPass_6,1,16,16,Position_Unknown,Team_Unknown,Action_PreSnap,495.58,488.57,607.29,664.42,111.70999999999998,175.84999999999997,xml_geometry_csv_action
BootPass_6,1,17,17,Position_Unknown,Team_Unknown,Action_PreSnap,927.67,588.78,1038.47,872.1,110.80000000000007,283.32000000000005,xml_geometry_csv_action
BootPass_6,1,2,2,Position_Unknown,Team_Unknown,Action_PreSnap,262.75,524.48,402.86,770.32,140.11,245.84000000000003,xml_geometry_csv_action
BootPass_6,1,3,3,Position_Unknown,Team_Unknown,Action_PreSnap,725.95,533.74,864.05,737.12,138.0999999999999,203.38,xml_geometry_csv_action
BootPass_6,1,4,4,Position_Unknown,Team_Unknown,Action_PreSnap,543.57,528.99,670.78,745.26,127.20999999999992,216.26999999999998,xml_geometry_csv_action
BootPass_6,1,5,5,Position_Unknown,Team_Unknown,Action_PreSnap,1300.46,556.48,1427.0,767.74,126.53999999999996,211.26,xml_geometry_csv_action
BootPass_6,1,6,6,Position_Unknown,Team_Unknown,Action_PreSnap,384.96,542.09,513.96,719.31,129.00000000000006,177.2199999999999,xml_geometry_csv_action
BootPass_6,1,7,7,Position_Unknown,Team_Unknown,Action_PreSnap,1571.36,116.35,1665.97,367.64,94.61000000000013,251.29,xml_geometry_csv_action
BootPass_6,1,8,8,Position_Unknown,Team_Unknown,Action_PreSnap,246.1,315.22,368.52,553.09,122.41999999999999,237.87,xml_geometry_csv_action
BootPass_6,1,9,9,Position_Unknown,Team_Unknown,Action_PreSnap,419.8,322.38,596.87,534.85,177.07,212.47000000000003,xml_geometry_csv_action
BootPass_6,2,0,0,Position_Unknown,Team_Unknown,Action_PreSnap,821.01,333.4,954.47,558.49,133.46000000000004,225.09000000000003,xml_geometry_csv_action
BootPass_6,2,1,1,Position_Unknown,Team_Unknown,Action_PreSnap,1476.42,524.22,1605.74,692.63,129.31999999999994,168.40999999999997,xml_geometry_csv_action
BootPass_6,2,10,10,Position_Unknown,Team_Unknown,Action_PreSnap,882.92,715.01,1028.28,964.22,145.36,249.21000000000004,xml_geometry_csv_action
BootPass_6,2,11,11,Position_Unknown,Team_Unknown,Action_PreSnap,1112.66,553.64,1256.89,746.96,144.23000000000002,193.32000000000005,xml_geometry_csv_action
BootPass_6,2,12,12,Position_Unknown,Team_Unknown,Action_PreSnap,1175.03,371.16,1309.16,569.35,134.1300000000001,198.19,xml_geometry_csv_action
BootPass_6,2,13,13,Position_Unknown,Team_Unknown,Action_PreSnap,924.39,538.34,1060.14,725.92,135.7500000000001,187.57999999999993,xml_geometry_csv_action
BootPass_6,2,14,14,Position_Unknown,Team_Unknown,Action_PreSnap,1076.16,523.19,1188.75,676.04,112.58999999999992,152.8499999999999,xml_geometry_csv_action
BootPass_6,2,15,15,Position_Unknown,Team_Unknown,Action_PreSnap,696.23,513.08,807.74,657.66,111.50999999999999,144.57999999999993,xml_geometry_csv_action
BootPass_6,2,16,16,Position_Unknown,Team_Unknown,Action_PreSnap,494.72,487.39,605.53,665.72,110.80999999999995,178.33000000000004,xml_geometry_csv_action
BootPass_6,2,17,17,Position_Unknown,Team_Unknown,Action_PreSnap,928.24,587.73,1039.31,873.06,111.06999999999994,285.3299999999999,xml_geometry_csv_action
BootPass_6,2,2,2,Position_Unknown,Team_Unknown,Action_PreSnap,261.07,527.21,400.7,769.86,139.63,242.64999999999998,xml_geometry_csv_action
BootPass_6,2,3,3,Position_Unknown,Team_Unknown,Action_PreSnap,725.55,532.84,864.13,737.02,138.58000000000004,204.17999999999995,xml_geometry_csv_action
BootPass_6,2,4,4,Position_Unknown,Team_Unknown,Action_PreSnap,541.54,528.17,669.44,745.64,127.90000000000009,217.47000000000003,xml_geometry_csv_action
BootPass_6,2,5,5,Position_Unknown,Team_Unknown,Action_PreSnap,1302.8,555.39,1429.97,767.9,127.17000000000007,212.51,xml_geometry_csv_action
BootPass_6,2,6,6,Position_Unknown,Team_Unknown,Action_PreSnap,381.0,540.67,512.15,719.31,131.14999999999998,178.64,xml_geometry_csv_action
BootPass_6,2,7,7,Position_Unknown,Team_Unknown,Action_PreSnap,1575.0,113.68,1669.19,365.13,94.19000000000005,251.45,xml_geometry_csv_action
BootPass_6,2,8,8,Position_Unknown,Team_Unknown,Action_PreSnap,241.21,311.54,363.46,550.87,122.24999999999997,239.32999999999998,xml_geometry_csv_action
BootPass_6,2,9,9,Position_Unknown,Team_Unknown,Action_PreSnap,414.55,321.96,592.65,533.04,178.09999999999997,211.07999999999998,xml_geometry_csv_action
BootPass_6,3,0,0,Position_Unknown,Team_Unknown,Action_PreSnap,820.2,332.56,954.3,559.31,134.0999999999999,226.74999999999994,xml_geometry_csv_action
BootPass_6,3,1,1,Position_Unknown,Team_Unknown,Action_PreSnap,1478.89,524.42,1608.29,694.13,129.39999999999986,169.71000000000004,xml_geometry_csv_action
BootPass_6,3,10,10,Position_Unknown,Team_Unknown,Action_PreSnap,883.24,716.23,1028.18,966.94,144.94000000000005,250.71000000000004,xml_geometry_csv_action
BootPass_6,3,11,11,Position_Unknown,Team_Unknown,Action_PreSnap,1113.1,553.85,1259.42,748.81,146.32000000000016,194.95999999999992,xml_geometry_csv_action
BootPass_6,3,12,12,Position_Unknown,Team_Unknown,Action_PreSnap,1175.98,370.81,1311.94,568.81,135.96000000000004,197.99999999999994,xml_geometry_csv_action
BootPass_6,3,13,13,Position_Unknown,Team_Unknown,Action_PreSnap,923.39,539.32,1059.92,726.45,136.5300000000001,187.13,xml_geometry_csv_action
BootPass_6,3,14,14,Position_Unknown,Team_Unknown,Action_PreSnap,1076.54,523.87,1188.18,676.6,111.6400000000001,152.73000000000002,xml_geometry_csv_action
BootPass_6,3,15,15,Position_Unknown,Team_Unknown,Action_PreSnap,694.48,513.61,806.05,661.01,111.56999999999994,147.39999999999998,xml_geometry_csv_action
BootPass_6,3,16,16,Position_Unknown,Team_Unknown,Action_PreSnap,492.28,488.11,603.1,669.45,110.82000000000005,181.34000000000003,xml_geometry_csv_action
BootPass_6,3,17,17,Position_Unknown,Team_Unknown,Action_PreSnap,926.64,587.87,1040.09,875.16,113.44999999999993,287.28999999999996,xml_geometry_csv_action
BootPass_6,3,2,2,Position_Unknown,Team_Unknown,Action_PreSnap,257.95,529.35,397.87,771.66,139.92000000000002,242.30999999999995,xml_geometry_csv_action
BootPass_6,3,3,3,Position_Unknown,Team_Unknown,Action_PreSnap,723.82,532.97,863.59,738.58,139.76999999999998,205.61,xml_geometry_csv_action
BootPass_6,3,4,4,Position_Unknown,Team_Unknown,Action_PreSnap,538.58,528.65,668.05,747.21,129.4699999999999,218.56000000000006,xml_geometry_csv_action
BootPass_6,3,5,5,Position_Unknown,Team_Unknown,Action_PreSnap,1304.05,556.41,1433.0,768.61,128.95000000000005,212.20000000000005,xml_geometry_csv_action
BootPass_6,3,6,6,Position_Unknown,Team_Unknown,Action_PreSnap,376.56,540.85,509.36,721.43,132.8,180.57999999999993,xml_geometry_csv_action
BootPass_6,3,7,7,Position_Unknown,Team_Unknown,Action_PreSnap,1577.55,111.23,1672.37,363.65,94.81999999999994,252.41999999999996,xml_geometry_csv_action
BootPass_6,3,8,8,Position_Unknown,Team_Unknown,Action_PreSnap,234.7,310.27,356.07,550.33,121.37,240.06000000000006,xml_geometry_csv_action
BootPass_6,3,9,9,Position_Unknown,Team_Unknown,Action_PreSnap,411.24,322.56,588.5,532.87,177.26,210.31,xml_geometry_csv_action
BootPass_6,4,0,0,Position_Unknown,Team_Unknown,Action_PreSnap,819.9,330.52,954.26,558.77,134.36,228.25,xml_geometry_csv_action
BootPass_6,4,1,1,Position_Unknown,Team_Unknown,Action_PreSnap,1482.31,524.13,1612.78,694.38,130.47000000000003,170.25,xml_geometry_csv_action
BootPass_6,4,10,10,Position_Unknown,Team_Unknown,Action_PreSnap,882.82,715.83,1029.36,969.14,146.53999999999985,253.30999999999995,xml_geometry_csv_action
BootPass_6,4,11,11,Position_Unknown,Team_Unknown,Action_PreSnap,1113.41,553.47,1260.84,748.69,147.42999999999984,195.22000000000003,xml_geometry_csv_action
BootPass_6,4,12,12,Position_Unknown,Team_Unknown,Action_PreSnap,1177.55,369.2,1314.75,567.03,137.20000000000005,197.82999999999998,xml_geometry_csv_action
BootPass_6,4,13,13,Position_Unknown,Team_Unknown,Action_PreSnap,922.88,538.1,1059.72,725.73,136.84000000000003,187.63,xml_geometry_csv_action
BootPass_6,4,14,14,Position_Unknown,Team_Unknown,Action_PreSnap,1077.16,523.31,1188.75,677.01,111.58999999999992,153.70000000000005,xml_geometry_csv_action
BootPass_6,4,15,15,Position_Unknown,Team_Unknown,Action_PreSnap,692.85,512.65,805.03,661.37,112.17999999999995,148.72000000000003,xml_geometry_csv_action
BootPass_6,4,16,16,Position_Unknown,Team_Unknown,Action_PreSnap,489.71,486.8,600.65,663.97,110.94,177.17000000000002,xml_geometry_csv_action
BootPass_6,4,17,17,Position_Unknown,Team_Unknown,Action_PreSnap,926.4,587.27,1040.92,874.87,114.5200000000001,287.6,xml_geometry_csv_action
BootPass_6,4,2,2,Position_Unknown,Team_Unknown,Action_PreSnap,252.66,528.28,393.68,772.04,141.02,243.76,xml_geometry_csv_action
BootPass_6,4,3,3,Position_Unknown,Team_Unknown,Action_PreSnap,722.9,532.11,863.19,738.53,140.29000000000008,206.41999999999996,xml_geometry_csv_action
BootPass_6,4,4,4,Position_Unknown,Team_Unknown,Action_PreSnap,536.6,527.63,667.06,747.15,130.45999999999992,219.51999999999998,xml_geometry_csv_action
BootPass_6,4,5,5,Position_Unknown,Team_Unknown,Action_PreSnap,1305.6,555.75,1435.59,768.76,129.99,213.01,xml_geometry_csv_action
BootPass_6,4,6,6,Position_Unknown,Team_Unknown,Action_PreSnap,372.59,539.06,506.23,721.32,133.64000000000004,182.2600000000001,xml_geometry_csv_action
BootPass_6,4,7,7,Position_Unknown,Team_Unknown,Action_PreSnap,1581.31,107.0,1676.21,361.65,94.90000000000009,254.64999999999998,xml_geometry_csv_action
BootPass_6,4,8,8,Position_Unknown,Team_Unknown,Action_PreSnap,228.31,307.7,349.91,548.71,121.60000000000002,241.01000000000005,xml_geometry_csv_action
BootPass_6,4,9,9,Position_Unknown,Team_Unknown,Action_PreSnap,408.66,322.25,584.51,530.71,175.84999999999997,208.46000000000004,xml_geometry_csv_action
BootPass_6,5,0,0,Position_Unknown,Team_Unknown,Action_PreSnap,819.28,328.93,953.55,558.5,134.26999999999998,229.57,xml_geometry_csv_action
BootPass_6,5,1,1,Position_Unknown,Team_Unknown,Action_PreSnap,1484.96,524.48,1616.43,694.96,131.47000000000003,170.48000000000002,xml_geometry_csv_action
BootPass_6,5,10,10,Position_Unknown,Team_Unknown,Action_PreSnap,881.28,716.02,1029.67,971.55,148.3900000000001,255.52999999999997,xml_geometry_csv_action
BootPass_6,5,11,11,Position_Unknown,Team_Unknown,Action_PreSnap,1113.5,553.13,1261.87,749.61,148.3699999999999,196.48000000000002,xml_geometry_csv_action
BootPass_6,5,12,12,Position_Unknown,Team_Unknown,Action_PreSnap,1178.67,368.09,1316.45,567.54,137.77999999999997,199.45,xml_geometry_csv_action
BootPass_6,5,13,13,Position_Unknown,Team_Unknown,Action_PreSnap,922.59,537.82,1060.33,725.99,137.7399999999999,188.16999999999996,xml_geometry_csv_action
BootPass_6,5,14,14,Position_Unknown,Team_Unknown,Action_PreSnap,1077.77,522.63,1188.79,677.3,111.01999999999998,154.66999999999996,xml_geometry_csv_action
BootPass_6,5,15,15,Position_Unknown,Team_Unknown,Action_PreSnap,691.23,512.25,804.51,661.33,113.27999999999997,149.08000000000004,xml_geometry_csv_action
BootPass_6,5,16,16,Position_Unknown,Team_Unknown,Action_PreSnap,486.17,485.97,599.3,664.41,113.12999999999994,178.43999999999994,xml_geometry_csv_action
BootPass_6,5,17,17,Position_Unknown,Team_Unknown,Action_PreSnap,925.5,587.18,1041.31,876.49,115.80999999999995,289.31000000000006,xml_geometry_csv_action
BootPass_6,5,2,2,Position_Unknown,Team_Unknown,Action_PreSnap,248.49,527.25,390.54,773.02,142.05,245.76999999999998,xml_geometry_csv_action
BootPass_6,5,3,3,Position_Unknown,Team_Unknown,Action_PreSnap,721.36,531.31,862.6,739.25,141.24,207.94000000000005,xml_geometry_csv_action
BootPass_6,5,4,4,Position_Unknown,Team_Unknown,Action_PreSnap,534.15,527.32,665.01,747.39,130.86,220.06999999999994,xml_geometry_csv_action
BootPass_6,5,5,5,Position_Unknown,Team_Unknown,Action_PreSnap,1307.36,555.41,1437.63,769.87,130.2700000000002,214.46000000000004,xml_geometry_csv_action
BootPass_6,5,6,6,Position_Unknown,Team_Unknown,Action_PreSnap,368.7,538.54,503.79,722.28,135.09000000000003,183.74,xml_geometry_csv_action
BootPass_6,5,7,7,Position_Unknown,Team_Unknown,Action_PreSnap,1584.89,103.55,1681.03,359.84,96.13999999999987,256.28999999999996,xml_geometry_csv_action
BootPass_6,5,8,8,Position_Unknown,Team_Unknown,Action_PreSnap,222.26,307.29,344.56,548.81,122.30000000000001,241.51999999999992,xml_geometry_csv_action
BootPass_6,5,9,9,Position_Unknown,Team_Unknown,Action_PreSnap,404.2,321.38,580.91,535.02,176.70999999999998,213.64,xml_geometry_csv_action
BootPass_6,6,0,0,Position_Unknown,Team_Unknown,Action_PreSnap,818.49,325.19,953.61,555.64,135.12,230.45,xml_geometry_csv_action
BootPass_6,6,1,1,Position_Unknown,Team_Unknown,Action_PreSnap,1488.77,522.06,1620.13,692.52,131.36000000000013,170.46000000000004,xml_geometry_csv_action
BootPass_6,6,10,10,Position_Unknown,Team_Unknown,Action_PreSnap,880.62,714.16,1029.85,970.21,149.2299999999999,256.05000000000007,xml_geometry_csv_action
BootPass_6,6,11,11,Position_Unknown,Team_Unknown,Action_PreSnap,1115.0,549.91,1262.68,747.5,147.68000000000006,197.59000000000003,xml_geometry_csv_action
BootPass_6,6,12,12,Position_Unknown,Team_Unknown,Action_PreSnap,1180.16,364.22,1318.5,564.84,138.33999999999992,200.62,xml_geometry_csv_action
BootPass_6,6,13,13,Position_Unknown,Team_Unknown,Action_PreSnap,922.62,535.11,1060.68,724.51,138.06000000000006,189.39999999999998,xml_geometry_csv_action
BootPass_6,6,14,14,Position_Unknown,Team_Unknown,Action_PreSnap,1078.42,519.87,1189.85,676.49,111.42999999999984,156.62,xml_geometry_csv_action
BootPass_6,6,15,15,Position_Unknown,Team_Unknown,Action_PreSnap,690.35,509.4,804.03,657.64,113.67999999999995,148.24,xml_geometry_csv_action
BootPass_6,6,16,16,Position_Unknown,Team_Unknown,Action_PreSnap,482.82,483.4,599.08,661.9,116.26000000000005,178.5,xml_geometry_csv_action
BootPass_6,6,17,17,Position_Unknown,Team_Unknown,Action_PreSnap,925.57,584.29,1041.52,875.94,115.94999999999993,291.6500000000001,xml_geometry_csv_action
BootPass_6,6,2,2,Position_Unknown,Team_Unknown,Action_PreSnap,245.08,523.75,387.49,771.34,142.41,247.59000000000003,xml_geometry_csv_action
BootPass_6,6,3,3,Position_Unknown,Team_Unknown,Action_PreSnap,721.11,527.81,862.18,737.38,141.06999999999994,209.57000000000005,xml_geometry_csv_action
BootPass_6,6,4,4,Position_Unknown,Team_Unknown,Action_PreSnap,532.29,524.29,663.66,745.11,131.37,220.82000000000005,xml_geometry_csv_action
BootPass_6,6,5,5,Position_Unknown,Team_Unknown,Action_PreSnap,1309.32,552.33,1440.3,768.21,130.98000000000002,215.88,xml_geometry_csv_action
BootPass_6,6,6,6,Position_Unknown,Team_Unknown,Action_PreSnap,365.94,536.29,501.18,719.96,135.24,183.67000000000007,xml_geometry_csv_action
BootPass_6,6,7,7,Position_Unknown,Team_Unknown,Action_PreSnap,1588.06,98.12,1685.5,355.36,97.44000000000005,257.24,xml_geometry_csv_action
BootPass_6,6,8,8,Position_Unknown,Team_Unknown,Action_PreSnap,216.73,305.33,342.99,545.95,126.26000000000002,240.62000000000006,xml_geometry_csv_action
BootPass_6,6,9,9,Position_Unknown,Team_Unknown,Action_PreSnap,400.59,318.26,577.7,537.48,177.11000000000007,219.22000000000003,xml_geometry_csv_action
BootPass_6,7,0,0,Position_Unknown,Team_Unknown,Action_PreSnap,817.02,320.75,953.4,552.82,136.38,232.07000000000005,xml_geometry_csv_action
BootPass_6,7,1,1,Position_Unknown,Team_Unknown,Action_PreSnap,1491.66,518.36,1623.75,690.47,132.08999999999992,172.11,xml_geometry_csv_action
BootPass_6,7,10,10,Position_Unknown,Team_Unknown,Action_PreSnap,880.4,712.78,1030.51,969.92,150.11,257.14,xml_geometry_csv_action
BootPass_6,7,11,11,Position_Unknown,Team_Unknown,Action_PreSnap,1115.91,545.9,1264.85,745.63,148.93999999999983,199.73000000000002,xml_geometry_csv_action
BootPass_6,7,12,12,Position_Unknown,Team_Unknown,Action_PreSnap,1182.24,359.96,1319.54,563.56,137.29999999999995,203.59999999999997,xml_geometry_csv_action
BootPass_6,7,13,13,Position_Unknown,Team_Unknown,Action_PreSnap,923.15,532.14,1060.9,723.35,137.7500000000001,191.21000000000004,xml_geometry_csv_action
BootPass_6,7,14,14,Position_Unknown,Team_Unknown,Action_PreSnap,1078.88,516.39,1190.77,674.4,111.88999999999987,158.01,xml_geometry_csv_action
BootPass_6,7,15,15,Position_Unknown,Team_Unknown,Action_PreSnap,689.41,505.18,803.18,653.24,113.76999999999998,148.06,xml_geometry_csv_action
BootPass_6,7,16,16,Position_Unknown,Team_Unknown,Action_PreSnap,478.47,480.51,599.59,661.9,121.12,181.39,xml_geometry_csv_action
BootPass_6,7,17,17,Position_Unknown,Team_Unknown,Action_PreSnap,926.83,581.37,1042.08,873.33,115.24999999999989,291.96000000000004,xml_geometry_csv_action
BootPass_6,7,2,2,Position_Unknown,Team_Unknown,Action_PreSnap,241.11,520.49,384.82,770.08,143.70999999999998,249.59000000000003,xml_geometry_csv_action
BootPass_6,7,3,3,Position_Unknown,Team_Unknown,Action_PreSnap,720.3,524.9,862.16,736.17,141.86,211.26999999999998,xml_geometry_csv_action
BootPass_6,7,4,4,Position_Unknown,Team_Unknown,Action_PreSnap,529.91,521.51,661.46,743.35,131.55000000000007,221.84000000000003,xml_geometry_csv_action
BootPass_6,7,5,5,Position_Unknown,Team_Unknown,Action_PreSnap,1310.51,548.72,1441.32,766.51,130.80999999999995,217.78999999999996,xml_geometry_csv_action
BootPass_6,7,6,6,Position_Unknown,Team_Unknown,Action_PreSnap,362.74,533.37,497.95,717.61,135.20999999999998,184.24,xml_geometry_csv_action
BootPass_6,7,7,7,Position_Unknown,Team_Unknown,Action_PreSnap,1591.03,92.16,1689.93,350.3,98.90000000000009,258.14,xml_geometry_csv_action
BootPass_6,7,8,8,Position_Unknown,Team_Unknown,Action_PreSnap,211.92,304.43,342.56,543.69,130.64000000000001,239.26000000000005,xml_geometry_csv_action
BootPass_6,7,9,9,Position_Unknown,Team_Unknown,Action_PreSnap,400.23,315.35,575.38,537.33,175.14999999999998,221.98000000000002,xml_geometry_csv_action
BootPass_6,8,0,0,Position_Unknown,Team_Unknown,Action_PreSnap,814.51,316.3,952.58,548.7,138.07000000000005,232.40000000000003,xml_geometry_csv_action
BootPass_6,8,1,1,Position_Unknown,Team_Unknown,Action_PreSnap,1493.02,514.2,1626.3,687.65,133.27999999999997,173.44999999999993,xml_geometry_csv_action
BootPass_6,8,10,10,Position_Unknown,Team_Unknown,Action_PreSnap,879.44,710.02,1029.48,968.03,150.03999999999996,258.01,xml_geometry_csv_action
BootPass_6,8,11,11,Position_Unknown,Team_Unknown,Action_PreSnap,1115.91,542.64,1264.59,742.38,148.67999999999984,199.74,xml_geometry_csv_action
BootPass_6,8,12,12,Position_Unknown,Team_Unknown,Action_PreSnap,1182.61,355.15,1319.55,561.42,136.94000000000005,206.26999999999998,xml_geometry_csv_action
BootPass_6,8,13,13,Position_Unknown,Team_Unknown,Action_PreSnap,922.47,527.27,1059.14,719.61,136.67000000000007,192.34000000000003,xml_geometry_csv_action
BootPass_6,8,14,14,Position_Unknown,Team_Unknown,Action_PreSnap,1078.41,511.95,1192.35,671.55,113.93999999999983,159.59999999999997,xml_geometry_csv_action
BootPass_6,8,15,15,Position_Unknown,Team_Unknown,Action_PreSnap,687.24,501.34,801.59,649.39,114.35000000000002,148.05,xml_geometry_csv_action
BootPass_6,8,16,16,Position_Unknown,Team_Unknown,Action_PreSnap,474.63,476.76,597.49,657.71,122.86000000000001,180.95000000000005,xml_geometry_csv_action
BootPass_6,8,17,17,Position_Unknown,Team_Unknown,Action_PreSnap,926.74,577.78,1039.84,872.35,113.09999999999991,294.57000000000005,xml_geometry_csv_action
BootPass_6,8,2,2,Position_Unknown,Team_Unknown,Action_PreSnap,237.28,515.34,381.25,767.19,143.97,251.85000000000002,xml_geometry_csv_action
BootPass_6,8,3,3,Position_Unknown,Team_Unknown,Action_PreSnap,718.4,521.9,860.51,732.76,142.11,210.86,xml_geometry_csv_action
BootPass_6,8,4,4,Position_Unknown,Team_Unknown,Action_PreSnap,527.32,517.68,658.52,739.99,131.19999999999993,222.31000000000006,xml_geometry_csv_action
BootPass_6,8,5,5,Position_Unknown,Team_Unknown,Action_PreSnap,1311.32,544.49,1441.66,763.39,130.34000000000015,218.89999999999998,xml_geometry_csv_action
BootPass_6,8,6,6,Position_Unknown,Team_Unknown,Action_PreSnap,358.67,529.13,494.38,714.36,135.70999999999998,185.23000000000002,xml_geometry_csv_action
BootPass_6,8,7,7,Position_Unknown,Team_Unknown,Action_PreSnap,1593.01,85.93,1693.74,344.92,100.73000000000002,258.99,xml_geometry_csv_action
BootPass_6,8,8,8,Position_Unknown,Team_Unknown,Action_PreSnap,206.55,302.72,338.98,540.54,132.43,237.81999999999994,xml_geometry_csv_action
BootPass_6,8,9,9,Position_Unknown,Team_Unknown,Action_PreSnap,397.82,311.09,572.87,534.65,175.05,223.56,xml_geometry_csv_action
BootPass_6,9,0,0,Position_Unknown,Team_Unknown,Action_PreSnap,815.0,314.55,952.96,547.29,137.96000000000004,232.73999999999995,xml_geometry_csv_action
BootPass_6,9,1,1,Position_Unknown,Team_Unknown,Action_PreSnap,1496.0,512.59,1630.03,687.29,134.02999999999997,174.69999999999993,xml_geometry_csv_action
BootPass_6,9,10,10,Position_Unknown,Team_Unknown,Action_PreSnap,879.81,709.87,1030.5,968.95,150.69000000000005,259.08000000000004,xml_geometry_csv_action
BootPass_6,9,11,11,Position_Unknown,Team_Unknown,Action_PreSnap,1117.08,541.75,1266.78,742.17,149.70000000000005,200.41999999999996,xml_geometry_csv_action
BootPass_6,9,12,12,Position_Unknown,Team_Unknown,Action_PreSnap,1183.81,353.15,1321.55,558.38,137.74,205.23000000000002,xml_geometry_csv_action
BootPass_6,9,13,13,Position_Unknown,Team_Unknown,Action_PreSnap,923.46,525.69,1061.06,718.54,137.5999999999999,192.8499999999999,xml_geometry_csv_action
BootPass_6,9,14,14,Position_Unknown,Team_Unknown,Action_PreSnap,1080.12,511.57,1194.87,670.3,114.75,158.72999999999996,xml_geometry_csv_action
BootPass_6,9,15,15,Position_Unknown,Team_Unknown,Action_PreSnap,687.17,499.91,801.45,648.95,114.28000000000009,149.04000000000002,xml_geometry_csv_action
BootPass_6,9,16,16,Position_Unknown,Team_Unknown,Action_PreSnap,473.5,474.69,595.52,655.25,122.01999999999998,180.56,xml_geometry_csv_action
BootPass_6,9,17,17,Position_Unknown,Team_Unknown,Action_PreSnap,927.81,577.21,1040.93,873.9,113.12000000000012,296.68999999999994,xml_geometry_csv_action
BootPass_6,9,2,2,Position_Unknown,Team_Unknown,Action_PreSnap,235.25,513.43,379.4,767.17,144.14999999999998,253.74,xml_geometry_csv_action
BootPass_6,9,3,3,Position_Unknown,Team_Unknown,Action_PreSnap,717.97,520.86,860.62,732.56,142.64999999999998,211.69999999999993,xml_geometry_csv_action
BootPass_6,9,4,4,Position_Unknown,Team_Unknown,Action_PreSnap,526.68,515.89,658.16,739.34,131.48000000000002,223.45000000000005,xml_geometry_csv_action
BootPass_6,9,5,5,Position_Unknown,Team_Unknown,Action_PreSnap,1313.62,543.17,1444.88,763.12,131.26000000000022,219.95000000000005,xml_geometry_csv_action
BootPass_6,9,6,6,Position_Unknown,Team_Unknown,Action_PreSnap,357.59,528.18,492.71,713.75,135.12,185.57000000000005,xml_geometry_csv_action
BootPass_6,9,7,7,Position_Unknown,Team_Unknown,Action_PreSnap,1596.63,82.21,1699.3,341.73,102.66999999999985,259.52000000000004,xml_geometry_csv_action
BootPass_6,9,8,8,Position_Unknown,Team_Unknown,Action_PreSnap,201.94,302.75,338.06,539.61,136.12,236.86,xml_geometry_csv_action
BootPass_6,9,9,9,Position_Unknown,Team_Unknown,Action_PreSnap,398.0,309.5,572.65,532.59,174.64999999999998,223.09000000000003,xml_geometry_csv_action
BootPass_6,10,0,0,Position_Unknown,Team_Unknown,Action_PreSnap,815.68,311.66,954.62,544.67,138.94000000000005,233.00999999999993,xml_geometry_csv_action
BootPass_6,10,1,1,Position_Unknown,Team_Unknown,Action_PreSnap,1500.23,510.67,1634.46,684.94,134.23000000000002,174.27000000000004,xml_geometry_csv_action
BootPass_6,10,10,10,Position_Unknown,Team_Unknown,Action_PreSnap,881.44,707.94,1032.06,967.65,150.6199999999999,259.7099999999999,xml_geometry_csv_action
BootPass_6,10,11,11,Position_Unknown,Team_Unknown,Action_PreSnap,1119.06,540.14,1269.86,740.8,150.79999999999995,200.65999999999997,xml_geometry_csv_action
BootPass_6,10,12,12,Position_Unknown,Team_Unknown,Action_PreSnap,1186.67,349.9,1325.36,554.92,138.68999999999983,205.01999999999998,xml_geometry_csv_action
BootPass_6,10,13,13,Position_Unknown,Team_Unknown,Action_PreSnap,924.87,523.56,1061.91,716.52,137.04000000000008,192.96000000000004,xml_geometry_csv_action
BootPass_6,10,14,14,Position_Unknown,Team_Unknown,Action_PreSnap,1082.3,509.01,1198.45,667.48,116.15000000000009,158.47000000000003,xml_geometry_csv_action
BootPass_6,10,15,15,Position_Unknown,Team_Unknown,Action_PreSnap,688.08,497.26,802.99,644.66,114.90999999999997,147.39999999999998,xml_geometry_csv_action
BootPass_6,10,16,16,Position_Unknown,Team_Unknown,Action_PreSnap,473.48,471.59,594.82,651.48,121.34000000000003,179.89000000000004,xml_geometry_csv_action
BootPass_6,10,17,17,Position_Unknown,Team_Unknown,Action_PreSnap,929.88,574.96,1043.65,871.48,113.7700000000001,296.52,xml_geometry_csv_action
BootPass_6,10,2,2,Position_Unknown,Team_Unknown,Action_PreSnap,233.98,510.92,379.16,765.82,145.18000000000004,254.90000000000003,xml_geometry_csv_action
BootPass_6,10,3,3,Position_Unknown,Team_Unknown,Action_PreSnap,718.34,518.36,861.72,730.63,143.38,212.26999999999998,xml_geometry_csv_action
BootPass_6,10,4,4,Position_Unknown,Team_Unknown,Action_PreSnap,527.06,512.82,659.02,736.79,131.96000000000004,223.9699999999999,xml_geometry_csv_action
BootPass_6,10,5,5,Position_Unknown,Team_Unknown,Action_PreSnap,1317.02,541.87,1448.22,761.37,131.20000000000005,219.5,xml_geometry_csv_action
BootPass_6,10,6,6,Position_Unknown,Team_Unknown,Action_PreSnap,357.61,525.9,492.62,711.96,135.01,186.06000000000006,xml_geometry_csv_action
BootPass_6,10,7,7,Position_Unknown,Team_Unknown,Action_PreSnap,1602.23,78.63,1703.59,339.02,101.3599999999999,260.39,xml_geometry_csv_action
BootPass_6,10,8,8,Position_Unknown,Team_Unknown,Action_PreSnap,199.4,301.01,338.39,537.1,138.98999999999998,236.09000000000003,xml_geometry_csv_action
BootPass_6,10,9,9,Position_Unknown,Team_Unknown,Action_PreSnap,398.56,307.74,573.54,530.85,174.97999999999996,223.11,xml_geometry_csv_action
BootPass_6,11,0,0,Position_Unknown,Team_Unknown,Action_PreSnap,816.44,307.73,955.92,541.68,139.4799999999999,233.94999999999993,xml_geometry_csv_action
BootPass_6,11,1,1,Position_Unknown,Team_Unknown,Action_PreSnap,1503.5,506.93,1636.99,681.88,133.49,174.95,xml_geometry_csv_action
BootPass_6,11,10,10,Position_Unknown,Team_Unknown,Action_PreSnap,882.09,705.64,1031.59,965.87,149.4999999999999,260.23,xml_geometry_csv_action
BootPass_6,11,11,11,Position_Unknown,Team_Unknown,Action_PreSnap,1120.4,536.48,1270.92,737.86,150.51999999999998,201.38,xml_geometry_csv_action
BootPass_6,11,12,12,Position_Unknown,Team_Unknown,Action_PreSnap,1189.55,345.38,1325.98,551.59,136.43000000000006,206.21000000000004,xml_geometry_csv_action
BootPass_6,11,13,13,Position_Unknown,Team_Unknown,Action_PreSnap,927.4,520.7,1063.8,713.76,136.39999999999998,193.05999999999995,xml_geometry_csv_action
BootPass_6,11,14,14,Position_Unknown,Team_Unknown,Action_PreSnap,1083.25,505.5,1200.72,664.26,117.47000000000003,158.76,xml_geometry_csv_action
BootPass_6,11,15,15,Position_Unknown,Team_Unknown,Action_PreSnap,687.94,493.61,804.19,641.06,116.25,147.44999999999993,xml_geometry_csv_action
BootPass_6,11,16,16,Position_Unknown,Team_Unknown,Action_PreSnap,472.98,468.11,595.19,647.0,122.21000000000004,178.89,xml_geometry_csv_action
BootPass_6,11,17,17,Position_Unknown,Team_Unknown,Action_PreSnap,931.35,572.29,1042.65,867.72,111.30000000000007,295.43000000000006,xml_geometry_csv_action
BootPass_6,11,2,2,Position_Unknown,Team_Unknown,Action_PreSnap,232.87,506.7,378.2,763.85,145.32999999999998,257.15000000000003,xml_geometry_csv_action
BootPass_6,11,3,3,Position_Unknown,Team_Unknown,Action_PreSnap,718.53,513.96,862.1,727.47,143.57000000000005,213.51,xml_geometry_csv_action
BootPass_6,11,4,4,Position_Unknown,Team_Unknown,Action_PreSnap,526.1,509.28,659.89,734.72,133.78999999999996,225.44000000000005,xml_geometry_csv_action
BootPass_6,11,5,5,Position_Unknown,Team_Unknown,Action_PreSnap,1319.03,538.55,1450.91,758.58,131.8800000000001,220.0300000000001,xml_geometry_csv_action
BootPass_6,11,6,6,Position_Unknown,Team_Unknown,Action_PreSnap,356.04,523.29,492.29,709.27,136.25,185.98000000000002,xml_geometry_csv_action
BootPass_6,11,7,7,Position_Unknown,Team_Unknown,Action_PreSnap,1605.42,73.92,1706.85,333.87,101.42999999999984,259.95,xml_geometry_csv_action
BootPass_6,11,8,8,Position_Unknown,Team_Unknown,Action_PreSnap,196.68,296.23,336.38,533.87,139.7,237.64,xml_geometry_csv_action
BootPass_6,11,9,9,Position_Unknown,Team_Unknown,Action_PreSnap,397.68,302.84,574.18,526.51,176.49999999999994,223.67000000000002,xml_geometry_csv_action
BootPass_6,12,0,0,Position_Unknown,Team_Unknown,Action_PreSnap,812.86,310.26,953.88,544.78,141.01999999999998,234.51999999999998,xml_geometry_csv_action
BootPass_6,12,1,1,Position_Unknown,Team_Unknown,Action_PreSnap,1502.25,509.78,1635.96,685.78,133.71000000000004,176.0,xml_geometry_csv_action
BootPass_6,12,10,10,Position_Unknown,Team_Unknown,Action_PreSnap,879.78,709.1,1030.36,970.68,150.57999999999993,261.5799999999999,xml_geometry_csv_action
BootPass_6,12,11,11,Position_Unknown,Team_Unknown,Action_PreSnap,1118.41,540.17,1269.88,741.85,151.47000000000003,201.68000000000006,xml_geometry_csv_action
BootPass_6,12,12,12,Position_Unknown,Team_Unknown,Action_PreSnap,1187.11,347.99,1325.85,554.43,138.74,206.43999999999994,xml_geometry_csv_action
BootPass_6,12,13,13,Position_Unknown,Team_Unknown,Action_PreSnap,924.26,523.84,1061.3,717.05,137.03999999999996,193.20999999999992,xml_geometry_csv_action
BootPass_6,12,14,14,Position_Unknown,Team_Unknown,Action_PreSnap,1081.58,509.22,1199.03,669.05,117.45000000000005,159.82999999999993,xml_geometry_csv_action
BootPass_6,12,15,15,Position_Unknown,Team_Unknown,Action_PreSnap,685.41,497.68,801.95,645.37,116.54000000000008,147.69,xml_geometry_csv_action
BootPass_6,12,16,16,Position_Unknown,Team_Unknown,Action_PreSnap,469.5,471.49,593.13,653.79,123.63,182.29999999999995,xml_geometry_csv_action
BootPass_6,12,17,17,Position_Unknown,Team_Unknown,Action_PreSnap,928.08,575.16,1041.79,874.21,113.70999999999992,299.05000000000007,xml_geometry_csv_action
BootPass_6,12,2,2,Position_Unknown,Team_Unknown,Action_PreSnap,229.83,510.33,375.53,767.15,145.69999999999996,256.82,xml_geometry_csv_action
BootPass_6,12,3,3,Position_Unknown,Team_Unknown,Action_PreSnap,715.18,518.38,859.95,732.08,144.7700000000001,213.70000000000005,xml_geometry_csv_action
BootPass_6,12,4,4,Position_Unknown,Team_Unknown,Action_PreSnap,523.63,512.53,657.12,738.67,133.49,226.14,xml_geometry_csv_action
BootPass_6,12,5,5,Position_Unknown,Team_Unknown,Action_PreSnap,1316.99,542.2,1449.05,762.02,132.05999999999995,219.81999999999994,xml_geometry_csv_action
BootPass_6,12,6,6,Position_Unknown,Team_Unknown,Action_PreSnap,352.89,525.61,489.91,713.3,137.02000000000004,187.68999999999994,xml_geometry_csv_action
BootPass_6,12,7,7,Position_Unknown,Team_Unknown,Action_PreSnap,1605.66,75.51,1706.23,335.46,100.56999999999994,259.95,xml_geometry_csv_action
BootPass_6,12,8,8,Position_Unknown,Team_Unknown,Action_PreSnap,190.93,298.05,331.14,537.45,140.20999999999998,239.40000000000003,xml_geometry_csv_action
BootPass_6,12,9,9,Position_Unknown,Team_Unknown,Action_PreSnap,395.93,305.35,573.25,531.05,177.32,225.69999999999993,xml_geometry_csv_action
BootPass_6,13,0,0,Position_Unknown,Team_Unknown,Action_PreSnap,810.65,311.93,952.24,546.23,141.59000000000003,234.3,xml_geometry_csv_action
BootPass_6,13,1,1,Position_Unknown,Team_Unknown,Action_PreSnap,1501.37,511.23,1635.63,687.32,134.26000000000022,176.09000000000003,xml_geometry_csv_action
BootPass_6,13,10,10,Position_Unknown,Team_Unknown,Action_PreSnap,877.59,710.03,1029.31,972.22,151.7199999999999,262.19000000000005,xml_geometry_csv_action
BootPass_6,13,11,11,Position_Unknown,Team_Unknown,Action_PreSnap,1117.37,541.34,1269.14,743.26,151.7700000000002,201.91999999999996,xml_geometry_csv_action
BootPass_6,13,12,12,Position_Unknown,Team_Unknown,Action_PreSnap,1185.81,349.48,1325.75,555.87,139.94000000000005,206.39,xml_geometry_csv_action
BootPass_6,13,13,13,Position_Unknown,Team_Unknown,Action_PreSnap,922.3,525.22,1059.19,718.14,136.8900000000001,192.91999999999996,xml_geometry_csv_action
BootPass_6,13,14,14,Position_Unknown,Team_Unknown,Action_PreSnap,1080.77,511.19,1198.07,671.38,117.29999999999995,160.19,xml_geometry_csv_action
BootPass_6,13,15,15,Position_Unknown,Team_Unknown,Action_PreSnap,683.92,500.39,800.85,647.39,116.93000000000006,147.0,xml_geometry_csv_action
BootPass_6,13,16,16,Position_Unknown,Team_Unknown,Action_PreSnap,468.6,472.75,591.84,657.3,123.24000000000001,184.54999999999995,xml_geometry_csv_action
BootPass_6,13,17,17,Position_Unknown,Team_Unknown,Action_PreSnap,926.81,576.52,1041.22,876.56,114.41000000000008,300.03999999999996,xml_geometry_csv_action
BootPass_6,13,2,2,Position_Unknown,Team_Unknown,Action_PreSnap,227.96,511.83,373.83,768.43,145.86999999999998,256.59999999999997,xml_geometry_csv_action
BootPass_6,13,3,3,Position_Unknown,Team_Unknown,Action_PreSnap,713.58,521.12,859.1,733.89,145.51999999999998,212.76999999999998,xml_geometry_csv_action
BootPass_6,13,4,4,Position_Unknown,Team_Unknown,Action_PreSnap,522.22,514.02,655.13,740.06,132.90999999999997,226.03999999999996,xml_geometry_csv_action
BootPass_6,13,5,5,Position_Unknown,Team_Unknown,Action_PreSnap,1316.18,543.13,1449.0,763.64,132.81999999999994,220.51,xml_geometry_csv_action
BootPass_6,13,6,6,Position_Unknown,Team_Unknown,Action_PreSnap,350.73,526.8,488.34,715.01,137.60999999999996,188.21000000000004,xml_geometry_csv_action
BootPass_6,13,7,7,Position_Unknown,Team_Unknown,Action_PreSnap,1606.09,76.66,1705.96,336.73,99.87000000000012,260.07000000000005,xml_geometry_csv_action
BootPass_6,13,8,8,Position_Unknown,Team_Unknown,Action_PreSnap,186.82,298.18,326.82,539.15,140.0,240.96999999999997,xml_geometry_csv_action
BootPass_6,13,9,9,Position_Unknown,Team_Unknown,Action_PreSnap,395.18,307.15,573.27,532.53,178.08999999999997,225.38,xml_geometry_csv_action
BootPass_6,14,0,0,Position_Unknown,Team_Unknown,Action_PreSnap,809.95,307.6,952.34,542.06,142.39,234.45999999999992,xml_geometry_csv_action
BootPass_6,14,1,1,Position_Unknown,Team_Unknown,Action_PreSnap,1502.48,506.56,1635.98,682.32,133.5,175.76000000000005,xml_geometry_csv_action
BootPass_6,14,10,10,Position_Unknown,Team_Unknown,Action_PreSnap,878.86,705.22,1029.8,967.33,150.93999999999994,262.11,xml_geometry_csv_action
BootPass_6,14,11,11,Position_Unknown,Team_Unknown,Action_PreSnap,1117.78,536.26,1268.94,738.68,151.16000000000008,202.41999999999996,xml_geometry_csv_action
BootPass_6,14,12,12,Position_Unknown,Team_Unknown,Action_PreSnap,1187.2,345.08,1325.34,552.09,138.13999999999987,207.01000000000005,xml_geometry_csv_action
BootPass_6,14,13,13,Position_Unknown,Team_Unknown,Action_PreSnap,923.05,520.87,1059.48,714.0,136.43000000000006,193.13,xml_geometry_csv_action
BootPass_6,14,14,14,Position_Unknown,Team_Unknown,Action_PreSnap,1080.25,506.17,1197.81,666.69,117.55999999999995,160.52000000000004,xml_geometry_csv_action
BootPass_6,14,15,15,Position_Unknown,Team_Unknown,Action_PreSnap,684.07,496.15,800.87,640.85,116.79999999999995,144.70000000000005,xml_geometry_csv_action
BootPass_6,14,16,16,Position_Unknown,Team_Unknown,Action_PreSnap,468.34,468.68,591.75,653.16,123.41000000000003,184.47999999999996,xml_geometry_csv_action
BootPass_6,14,17,17,Position_Unknown,Team_Unknown,Action_PreSnap,926.3,573.38,1041.75,871.8,115.45000000000005,298.41999999999996,xml_geometry_csv_action
BootPass_6,14,2,2,Position_Unknown,Team_Unknown,Action_PreSnap,228.32,507.99,373.68,764.15,145.36,256.15999999999997,xml_geometry_csv_action
BootPass_6,14,3,3,Position_Unknown,Team_Unknown,Action_PreSnap,713.13,515.97,859.16,729.41,146.02999999999997,213.43999999999994,xml_geometry_csv_action
BootPass_6,14,4,4,Position_Unknown,Team_Unknown,Action_PreSnap,522.96,509.35,655.65,735.43,132.68999999999994,226.07999999999993,xml_geometry_csv_action
BootPass_6,14,5,5,Position_Unknown,Team_Unknown,Action_PreSnap,1316.56,538.48,1448.91,759.52,132.35000000000014,221.03999999999996,xml_geometry_csv_action
BootPass_6,14,6,6,Position_Unknown,Team_Unknown,Action_PreSnap,350.46,522.69,487.84,710.92,137.38,188.2299999999999,xml_geometry_csv_action
BootPass_6,14,7,7,Position_Unknown,Team_Unknown,Action_PreSnap,1606.1,71.72,1706.43,331.33,100.33000000000015,259.61,xml_geometry_csv_action
BootPass_6,14,8,8,Position_Unknown,Team_Unknown,Action_PreSnap,185.04,291.94,324.04,535.06,139.00000000000003,243.11999999999995,xml_geometry_csv_action
BootPass_6,14,9,9,Position_Unknown,Team_Unknown,Action_PreSnap,394.69,302.47,574.63,528.77,179.94,226.29999999999995,xml_geometry_csv_action
BootPass_6,15,0,0,Position_Unknown,Team_Unknown,Action_PreSnap,808.91,306.95,951.82,542.22,142.91000000000008,235.27000000000004,xml_geometry_csv_action
BootPass_6,15,1,1,Position_Unknown,Team_Unknown,Action_PreSnap,1501.83,506.02,1635.26,681.69,133.43000000000006,175.67000000000007,xml_geometry_csv_action
BootPass_6,15,10,10,Position_Unknown,Team_Unknown,Action_PreSnap,878.34,704.79,1028.86,967.36,150.51999999999987,262.57000000000005,xml_geometry_csv_action
BootPass_6,15,11,11,Position_Unknown,Team_Unknown,Action_PreSnap,1116.66,535.62,1268.16,738.37,151.5,202.75,xml_geometry_csv_action
BootPass_6,15,12,12,Position_Unknown,Team_Unknown,Action_PreSnap,1186.03,343.71,1323.58,552.61,137.54999999999995,208.90000000000003,xml_geometry_csv_action
BootPass_6,15,13,13,Position_Unknown,Team_Unknown,Action_PreSnap,921.67,520.94,1057.91,713.29,136.24000000000012,192.3499999999999,xml_geometry_csv_action
BootPass_6,15,14,14,Position_Unknown,Team_Unknown,Action_PreSnap,1079.66,505.64,1196.56,666.35,116.89999999999986,160.71000000000004,xml_geometry_csv_action
BootPass_6,15,15,15,Position_Unknown,Team_Unknown,Action_PreSnap,683.38,496.12,800.08,640.55,116.70000000000005,144.42999999999995,xml_geometry_csv_action
BootPass_6,15,16,16,Position_Unknown,Team_Unknown,Action_PreSnap,467.54,468.33,591.3,652.9,123.75999999999993,184.57,xml_geometry_csv_action
BootPass_6,15,17,17,Position_Unknown,Team_Unknown,Action_PreSnap,924.98,573.87,1039.85,871.23,114.86999999999989,297.36,xml_geometry_csv_action
BootPass_6,15,2,2,Position_Unknown,Team_Unknown,Action_PreSnap,227.45,507.93,372.9,764.07,145.45,256.14000000000004,xml_geometry_csv_action
BootPass_6,15,3,3,Position_Unknown,Team_Unknown,Action_PreSnap,712.07,515.39,858.57,729.36,146.5,213.97000000000003,xml_geometry_csv_action
BootPass_6,15,4,4,Position_Unknown,Team_Unknown,Action_PreSnap,522.45,509.25,655.14,734.98,132.68999999999994,225.73000000000002,xml_geometry_csv_action
BootPass_6,15,5,5,Position_Unknown,Team_Unknown,Action_PreSnap,1315.4,538.42,1448.4,759.45,133.0,221.0300000000001,xml_geometry_csv_action
BootPass_6,15,6,6,Position_Unknown,Team_Unknown,Action_PreSnap,349.59,522.44,486.84,711.07,137.25,188.63,xml_geometry_csv_action
BootPass_6,15,7,7,Position_Unknown,Team_Unknown,Action_PreSnap,1605.51,70.63,1706.31,329.97,100.79999999999995,259.34000000000003,xml_geometry_csv_action
BootPass_6,15,8,8,Position_Unknown,Team_Unknown,Action_PreSnap,181.12,289.74,318.74,534.95,137.62,245.21000000000004,xml_geometry_csv_action
BootPass_6,15,9,9,Position_Unknown,Team_Unknown,Action_PreSnap,392.96,301.45,575.69,527.64,182.73000000000008,226.19,xml_geometry_csv_action
BootPass_6,16,0,0,Position_Unknown,Team_Unknown,Action_PreSnap,808.73,307.46,952.03,542.7,143.29999999999995,235.24000000000007,xml_geometry_csv_action
BootPass_6,16,1,1,Position_Unknown,Team_Unknown,Action_PreSnap,1501.14,506.74,1634.7,681.78,133.55999999999995,175.03999999999996,xml_geometry_csv_action
BootPass_6,16,10,10,Position_Unknown,Team_Unknown,Action_PreSnap,879.64,705.0,1028.62,967.03,148.9799999999999,262.03,xml_geometry_csv_action
BootPass_6,16,11,11,Position_Unknown,Team_Unknown,Action_PreSnap,1116.49,536.09,1268.64,738.58,152.1500000000001,202.49,xml_geometry_csv_action
BootPass_6,16,12,12,Position_Unknown,Team_Unknown,Action_PreSnap,1186.08,344.46,1323.99,553.63,137.91000000000008,209.17000000000002,xml_geometry_csv_action
BootPass_6,16,13,13,Position_Unknown,Team_Unknown,Action_PreSnap,921.45,521.45,1057.38,713.09,135.93000000000006,191.64,xml_geometry_csv_action
BootPass_6,16,14,14,Position_Unknown,Team_Unknown,Action_PreSnap,1079.63,505.76,1196.57,665.99,116.93999999999983,160.23000000000002,xml_geometry_csv_action
BootPass_6,16,15,15,Position_Unknown,Team_Unknown,Action_PreSnap,683.28,496.31,800.37,640.82,117.09000000000003,144.51000000000005,xml_geometry_csv_action
BootPass_6,16,16,16,Position_Unknown,Team_Unknown,Action_PreSnap,467.68,468.67,591.66,653.29,123.97999999999996,184.61999999999995,xml_geometry_csv_action
BootPass_6,16,17,17,Position_Unknown,Team_Unknown,Action_PreSnap,924.24,574.82,1038.88,871.15,114.6400000000001,296.3299999999999,xml_geometry_csv_action
BootPass_6,16,2,2,Position_Unknown,Team_Unknown,Action_PreSnap,227.26,507.74,373.03,764.44,145.76999999999998,256.70000000000005,xml_geometry_csv_action
BootPass_6,16,3,3,Position_Unknown,Team_Unknown,Action_PreSnap,712.04,515.81,858.45,729.87,146.41000000000008,214.06000000000006,xml_geometry_csv_action
BootPass_6,16,4,4,Position_Unknown,Team_Unknown,Action_PreSnap,522.64,509.64,655.09,735.02,132.45000000000005,225.38,xml_geometry_csv_action
BootPass_6,16,5,5,Position_Unknown,Team_Unknown,Action_PreSnap,1315.3,538.81,1448.49,759.97,133.19000000000005,221.16000000000008,xml_geometry_csv_action
BootPass_6,16,6,6,Position_Unknown,Team_Unknown,Action_PreSnap,349.74,522.45,486.8,711.31,137.06,188.8599999999999,xml_geometry_csv_action
BootPass_6,16,7,7,Position_Unknown,Team_Unknown,Action_PreSnap,1606.01,71.39,1706.9,330.11,100.8900000000001,258.72,xml_geometry_csv_action
BootPass_6,16,8,8,Position_Unknown,Team_Unknown,Action_PreSnap,177.76,289.0,314.22,535.57,136.46000000000004,246.57000000000005,xml_geometry_csv_action
BootPass_6,16,9,9,Position_Unknown,Team_Unknown,Action_PreSnap,391.98,302.13,578.61,528.58,186.63,226.45000000000005,xml_geometry_csv_action
BootPass_6,17,0,0,Position_Unknown,Team_Unknown,Action_PreSnap,811.48,301.16,953.72,537.17,142.24,236.00999999999993,xml_geometry_csv_action
BootPass_6,17,1,1,Position_Unknown,Team_Unknown,Action_PreSnap,1502.01,501.5,1635.57,676.36,133.55999999999995,174.86,xml_geometry_csv_action
BootPass_6,17,10,10,Position_Unknown,Team_Unknown,Action_PreSnap,880.94,700.35,1028.95,961.0,148.01,260.65,xml_geometry_csv_action
BootPass_6,17,11,11,Position_Unknown,Team_Unknown,Action_PreSnap,1118.05,530.93,1270.03,732.91,151.98000000000002,201.98000000000002,xml_geometry_csv_action
BootPass_6,17,12,12,Position_Unknown,Team_Unknown,Action_PreSnap,1187.25,339.56,1324.44,550.19,137.19000000000005,210.63000000000005,xml_geometry_csv_action
BootPass_6,17,13,13,Position_Unknown,Team_Unknown,Action_PreSnap,920.7,515.5,1060.41,707.99,139.71000000000004,192.49,xml_geometry_csv_action
BootPass_6,17,14,14,Position_Unknown,Team_Unknown,Action_PreSnap,1081.06,500.55,1198.51,659.72,117.45000000000005,159.17000000000002,xml_geometry_csv_action
BootPass_6,17,15,15,Position_Unknown,Team_Unknown,Action_PreSnap,684.62,490.45,801.46,639.41,116.84000000000003,148.95999999999998,xml_geometry_csv_action
BootPass_6,17,16,16,Position_Unknown,Team_Unknown,Action_PreSnap,469.64,462.28,592.89,650.89,123.25,188.61,xml_geometry_csv_action
BootPass_6,17,17,17,Position_Unknown,Team_Unknown,Action_PreSnap,925.05,568.92,1040.78,865.1,115.73000000000002,296.18000000000006,xml_geometry_csv_action
BootPass_6,17,2,2,Position_Unknown,Team_Unknown,Action_PreSnap,229.07,500.99,374.78,758.76,145.70999999999998,257.77,xml_geometry_csv_action
BootPass_6,17,3,3,Position_Unknown,Team_Unknown,Action_PreSnap,715.02,509.63,860.32,724.08,145.30000000000007,214.45000000000005,xml_geometry_csv_action
BootPass_6,17,4,4,Position_Unknown,Team_Unknown,Action_PreSnap,524.1,503.99,656.16,729.83,132.05999999999995,225.84000000000003,xml_geometry_csv_action
BootPass_6,17,5,5,Position_Unknown,Team_Unknown,Action_PreSnap,1317.02,533.43,1450.8,754.66,133.77999999999997,221.23000000000002,xml_geometry_csv_action
BootPass_6,17,6,6,Position_Unknown,Team_Unknown,Action_PreSnap,351.1,517.32,488.1,705.35,137.0,188.02999999999997,xml_geometry_csv_action
BootPass_6,17,7,7,Position_Unknown,Team_Unknown,Action_PreSnap,1607.28,66.21,1708.03,325.02,100.75,258.81,xml_geometry_csv_action
BootPass_6,17,8,8,Position_Unknown,Team_Unknown,Action_PreSnap,176.24,281.25,310.55,530.46,134.31,249.21000000000004,xml_geometry_csv_action
BootPass_6,17,9,9,Position_Unknown,Team_Unknown,Action_PreSnap,392.04,295.82,582.74,522.8,190.7,226.97999999999996,xml_geometry_csv_action
BootPass_6,18,0,0,Position_Unknown,Team_Unknown,Action_PreSnap,813.2,296.62,954.57,533.32,141.37,236.70000000000005,xml_geometry_csv_action
BootPass_6,18,1,1,Position_Unknown,Team_Unknown,Action_PreSnap,1502.57,498.08,1637.39,673.42,134.82000000000016,175.33999999999997,xml_geometry_csv_action
BootPass_6,18,10,10,Position_Unknown,Team_Unknown,Action_PreSnap,881.61,697.21,1029.65,956.85,148.04000000000008,259.64,xml_geometry_csv_action
BootPass_6,18,11,11,Position_Unknown,Team_Unknown,Action_PreSnap,1119.17,528.55,1271.37,729.74,152.19999999999982,201.19000000000005,xml_geometry_csv_action
BootPass_6,18,12,12,Position_Unknown,Team_Unknown,Action_PreSnap,1187.42,335.42,1325.53,544.61,138.1099999999999,209.19,xml_geometry_csv_action
BootPass_6,18,13,13,Position_Unknown,Team_Unknown,Action_PreSnap,919.96,512.54,1062.5,704.58,142.53999999999996,192.04000000000008,xml_geometry_csv_action
BootPass_6,18,14,14,Position_Unknown,Team_Unknown,Action_PreSnap,1082.26,497.39,1197.69,655.83,115.43000000000006,158.44000000000005,xml_geometry_csv_action
BootPass_6,18,15,15,Position_Unknown,Team_Unknown,Action_PreSnap,685.3,487.22,801.37,639.31,116.07000000000005,152.08999999999992,xml_geometry_csv_action
BootPass_6,18,16,16,Position_Unknown,Team_Unknown,Action_PreSnap,470.94,458.34,593.34,649.02,122.40000000000003,190.68,xml_geometry_csv_action
BootPass_6,18,17,17,Position_Unknown,Team_Unknown,Action_PreSnap,924.24,564.29,1041.28,862.12,117.03999999999996,297.83000000000004,xml_geometry_csv_action
BootPass_6,18,2,2,Position_Unknown,Team_Unknown,Action_PreSnap,230.88,496.05,375.61,754.56,144.73000000000002,258.50999999999993,xml_geometry_csv_action
BootPass_6,18,3,3,Position_Unknown,Team_Unknown,Action_PreSnap,715.85,506.19,860.96,720.32,145.11,214.13000000000005,xml_geometry_csv_action
BootPass_6,18,4,4,Position_Unknown,Team_Unknown,Action_PreSnap,524.36,500.15,656.68,726.11,132.31999999999994,225.96000000000004,xml_geometry_csv_action
BootPass_6,18,5,5,Position_Unknown,Team_Unknown,Action_PreSnap,1317.14,529.82,1450.85,751.06,133.7099999999998,221.2399999999999,xml_geometry_csv_action
BootPass_6,18,6,6,Position_Unknown,Team_Unknown,Action_PreSnap,351.83,513.07,489.79,701.31,137.96000000000004,188.2399999999999,xml_geometry_csv_action
BootPass_6,18,7,7,Position_Unknown,Team_Unknown,Action_PreSnap,1608.01,62.09,1709.48,320.38,101.47000000000003,258.28999999999996,xml_geometry_csv_action
BootPass_6,18,8,8,Position_Unknown,Team_Unknown,Action_PreSnap,173.64,275.69,303.25,526.74,129.61,251.05,xml_geometry_csv_action
BootPass_6,18,9,9,Position_Unknown,Team_Unknown,Action_PreSnap,392.52,291.3,585.72,517.82,193.20000000000005,226.52000000000004,xml_geometry_csv_action
BootPass_6,19,0,0,Position_Unknown,Team_Unknown,Action_PreSnap,813.19,296.31,954.12,533.69,140.92999999999995,237.38000000000005,xml_geometry_csv_action
BootPass_6,19,1,1,Position_Unknown,Team_Unknown,Action_PreSnap,1501.71,499.12,1636.45,674.38,134.74,175.26,xml_geometry_csv_action
BootPass_6,19,10,10,Position_Unknown,Team_Unknown,Action_PreSnap,880.86,698.43,1029.01,957.06,148.14999999999998,258.63,xml_geometry_csv_action
BootPass_6,19,11,11,Position_Unknown,Team_Unknown,Action_PreSnap,1118.88,529.73,1271.0,730.64,152.1199999999999,200.90999999999997,xml_geometry_csv_action
BootPass_6,19,12,12,Position_Unknown,Team_Unknown,Action_PreSnap,1186.15,336.27,1325.76,544.37,139.6099999999999,208.10000000000002,xml_geometry_csv_action
BootPass_6,19,13,13,Position_Unknown,Team_Unknown,Action_PreSnap,919.62,513.34,1063.87,706.43,144.2499999999999,193.08999999999992,xml_geometry_csv_action
BootPass_6,19,14,14,Position_Unknown,Team_Unknown,Action_PreSnap,1081.86,498.26,1196.64,656.26,114.7800000000002,158.0,xml_geometry_csv_action
BootPass_6,19,15,15,Position_Unknown,Team_Unknown,Action_PreSnap,684.79,488.18,800.35,639.28,115.56000000000006,151.09999999999997,xml_geometry_csv_action
BootPass_6,19,16,16,Position_Unknown,Team_Unknown,Action_PreSnap,470.77,458.88,590.82,647.2,120.05000000000007,188.32000000000005,xml_geometry_csv_action
BootPass_6,19,17,17,Position_Unknown,Team_Unknown,Action_PreSnap,924.01,565.21,1040.19,862.55,116.18000000000006,297.3399999999999,xml_geometry_csv_action
BootPass_6,19,2,2,Position_Unknown,Team_Unknown,Action_PreSnap,230.74,495.59,374.88,754.77,144.14,259.18,xml_geometry_csv_action
BootPass_6,19,3,3,Position_Unknown,Team_Unknown,Action_PreSnap,715.73,506.88,860.4,720.67,144.66999999999996,213.78999999999996,xml_geometry_csv_action
BootPass_6,19,4,4,Position_Unknown,Team_Unknown,Action_PreSnap,523.83,500.76,656.21,726.77,132.38,226.01,xml_geometry_csv_action
BootPass_6,19,5,5,Position_Unknown,Team_Unknown,Action_PreSnap,1316.47,530.17,1449.82,751.83,133.3499999999999,221.66000000000008,xml_geometry_csv_action
BootPass_6,19,6,6,Position_Unknown,Team_Unknown,Action_PreSnap,351.36,513.41,489.66,701.83,138.3,188.42000000000007,xml_geometry_csv_action
BootPass_6,19,7,7,Position_Unknown,Team_Unknown,Action_PreSnap,1607.94,61.73,1709.06,320.9,101.11999999999989,259.16999999999996,xml_geometry_csv_action
BootPass_6,19,8,8,Position_Unknown,Team_Unknown,Action_PreSnap,171.52,275.27,294.78,527.06,123.25999999999996,251.78999999999996,xml_geometry_csv_action
BootPass_6,19,9,9,Position_Unknown,Team_Unknown,Action_PreSnap,392.12,291.86,586.65,517.52,194.52999999999997,225.65999999999997,xml_geometry_csv_action
BootPass_6,20,0,0,Position_Unknown,Team_Unknown,Action_PreSnap,811.9,295.52,952.81,533.82,140.90999999999997,238.30000000000007,xml_geometry_csv_action
BootPass_6,20,1,1,Position_Unknown,Team_Unknown,Action_PreSnap,1500.27,499.53,1634.69,674.27,134.42000000000007,174.74,xml_geometry_csv_action
BootPass_6,20,10,10,Position_Unknown,Team_Unknown,Action_PreSnap,878.87,698.49,1027.59,956.97,148.7199999999999,258.48,xml_geometry_csv_action
BootPass_6,20,11,11,Position_Unknown,Team_Unknown,Action_PreSnap,1117.25,529.66,1269.39,730.68,152.1400000000001,201.01999999999998,xml_geometry_csv_action
BootPass_6,20,12,12,Position_Unknown,Team_Unknown,Action_PreSnap,1184.4,336.42,1325.0,545.48,140.5999999999999,209.06,xml_geometry_csv_action
BootPass_6,20,13,13,Position_Unknown,Team_Unknown,Action_PreSnap,918.83,512.95,1063.52,707.04,144.68999999999994,194.08999999999992,xml_geometry_csv_action
BootPass_6,20,14,14,Position_Unknown,Team_Unknown,Action_PreSnap,1080.59,498.4,1194.99,657.52,114.40000000000009,159.12,xml_geometry_csv_action
BootPass_6,20,15,15,Position_Unknown,Team_Unknown,Action_PreSnap,683.35,488.88,799.34,642.97,115.99000000000001,154.09000000000003,xml_geometry_csv_action
BootPass_6,20,16,16,Position_Unknown,Team_Unknown,Action_PreSnap,469.62,459.18,588.69,646.56,119.07000000000005,187.37999999999994,xml_geometry_csv_action
BootPass_6,20,17,17,Position_Unknown,Team_Unknown,Action_PreSnap,923.6,565.91,1038.55,861.97,114.94999999999993,296.06000000000006,xml_geometry_csv_action
BootPass_6,20,2,2,Position_Unknown,Team_Unknown,Action_PreSnap,229.48,495.51,373.67,754.52,144.19000000000003,259.01,xml_geometry_csv_action
BootPass_6,20,3,3,Position_Unknown,Team_Unknown,Action_PreSnap,714.39,507.41,859.12,721.17,144.73000000000002,213.75999999999993,xml_geometry_csv_action
BootPass_6,20,4,4,Position_Unknown,Team_Unknown,Action_PreSnap,522.62,501.04,654.67,726.78,132.04999999999995,225.73999999999995,xml_geometry_csv_action
BootPass_6,20,5,5,Position_Unknown,Team_Unknown,Action_PreSnap,1315.38,530.29,1448.45,752.11,133.06999999999994,221.82000000000005,xml_geometry_csv_action
BootPass_6,20,6,6,Position_Unknown,Team_Unknown,Action_PreSnap,350.31,513.99,488.57,702.25,138.26,188.26,xml_geometry_csv_action
BootPass_6,20,7,7,Position_Unknown,Team_Unknown,Action_PreSnap,1607.54,61.01,1709.28,319.95,101.74000000000001,258.94,xml_geometry_csv_action
BootPass_6,20,8,8,Position_Unknown,Team_Unknown,Action_PreSnap,168.41,274.79,283.09,528.09,114.67999999999998,253.3,xml_geometry_csv_action
BootPass_6,20,9,9,Position_Unknown,Team_Unknown,Action_PreSnap,391.43,291.97,586.67,517.18,195.23999999999995,225.20999999999992,xml_geometry_csv_action
BootPass_6,21,0,0,Position_Unknown,Team_Unknown,Action_PreSnap,811.47,294.43,952.24,532.8,140.76999999999998,238.36999999999995,xml_geometry_csv_action
BootPass_6,21,1,1,Position_Unknown,Team_Unknown,Action_PreSnap,1499.46,498.76,1634.26,673.22,134.79999999999995,174.46000000000004,xml_geometry_csv_action
BootPass_6,21,10,10,Position_Unknown,Team_Unknown,Action_PreSnap,878.98,697.58,1027.63,956.0,148.6500000000001,258.41999999999996,xml_geometry_csv_action
BootPass_6,21,11,11,Position_Unknown,Team_Unknown,Action_PreSnap,1117.11,527.77,1269.84,730.11,152.73000000000002,202.34000000000003,xml_geometry_csv_action
BootPass_6,21,12,12,Position_Unknown,Team_Unknown,Action_PreSnap,1183.1,334.71,1324.37,544.68,141.26999999999998,209.96999999999997,xml_geometry_csv_action
BootPass_6,21,13,13,Position_Unknown,Team_Unknown,Action_PreSnap,918.32,512.54,1063.32,706.21,144.9999999999999,193.67000000000007,xml_geometry_csv_action
BootPass_6,21,14,14,Position_Unknown,Team_Unknown,Action_PreSnap,1080.19,497.87,1193.8,657.15,113.6099999999999,159.27999999999997,xml_geometry_csv_action
BootPass_6,21,15,15,Position_Unknown,Team_Unknown,Action_PreSnap,682.62,488.8,798.51,641.92,115.88999999999999,153.11999999999995,xml_geometry_csv_action
BootPass_6,21,16,16,Position_Unknown,Team_Unknown,Action_PreSnap,469.85,458.56,588.32,647.06,118.47000000000003,188.49999999999994,xml_geometry_csv_action
BootPass_6,21,17,17,Position_Unknown,Team_Unknown,Action_PreSnap,923.56,565.09,1038.46,861.24,114.90000000000009,296.15,xml_geometry_csv_action
BootPass_6,21,2,2,Position_Unknown,Team_Unknown,Action_PreSnap,228.84,495.54,373.55,753.98,144.71,258.44,xml_geometry_csv_action
BootPass_6,21,3,3,Position_Unknown,Team_Unknown,Action_PreSnap,714.23,506.53,858.63,720.45,144.39999999999998,213.92000000000007,xml_geometry_csv_action
BootPass_6,21,4,4,Position_Unknown,Team_Unknown,Action_PreSnap,521.89,500.53,654.26,726.95,132.37,226.42000000000007,xml_geometry_csv_action
BootPass_6,21,5,5,Position_Unknown,Team_Unknown,Action_PreSnap,1314.48,529.66,1448.35,751.11,133.8699999999999,221.45000000000005,xml_geometry_csv_action
BootPass_6,21,6,6,Position_Unknown,Team_Unknown,Action_PreSnap,350.01,513.28,488.15,701.79,138.14,188.51,xml_geometry_csv_action
BootPass_6,21,7,7,Position_Unknown,Team_Unknown,Action_PreSnap,1606.78,59.33,1709.42,318.47,102.6400000000001,259.14000000000004,xml_geometry_csv_action
BootPass_6,21,8,8,Position_Unknown,Team_Unknown,Action_PreSnap,165.86,274.2,274.88,528.18,109.01999999999998,253.97999999999996,xml_geometry_csv_action
BootPass_6,21,9,9,Position_Unknown,Team_Unknown,Action_PreSnap,391.57,291.01,586.74,515.25,195.17000000000002,224.24,xml_geometry_csv_action
BootPass_6,22,0,0,Position_Unknown,Team_Unknown,Action_PreSnap,811.67,294.03,952.56,532.96,140.89,238.93000000000006,xml_geometry_csv_action
BootPass_6,22,1,1,Position_Unknown,Team_Unknown,Action_PreSnap,1499.52,499.05,1634.13,673.86,134.61000000000013,174.81,xml_geometry_csv_action
BootPass_6,22,10,10,Position_Unknown,Team_Unknown,Action_PreSnap,878.46,698.04,1027.84,956.65,149.37999999999988,258.61,xml_geometry_csv_action
BootPass_6,22,11,11,Position_Unknown,Team_Unknown,Action_PreSnap,1117.38,527.42,1270.18,730.37,152.79999999999995,202.95000000000005,xml_geometry_csv_action
BootPass_6,22,12,12,Position_Unknown,Team_Unknown,Action_PreSnap,1183.03,334.86,1324.56,545.54,141.52999999999997,210.67999999999995,xml_geometry_csv_action
BootPass_6,22,13,13,Position_Unknown,Team_Unknown,Action_PreSnap,918.87,512.81,1063.98,706.6,145.11,193.79000000000008,xml_geometry_csv_action
BootPass_6,22,14,14,Position_Unknown,Team_Unknown,Action_PreSnap,1080.42,498.31,1193.43,657.06,113.00999999999999,158.74999999999994,xml_geometry_csv_action
BootPass_6,22,15,15,Position_Unknown,Team_Unknown,Action_PreSnap,682.62,489.25,798.71,640.94,116.09000000000003,151.69000000000005,xml_geometry_csv_action
BootPass_6,22,16,16,Position_Unknown,Team_Unknown,Action_PreSnap,470.61,459.13,588.77,649.99,118.15999999999997,190.86,xml_geometry_csv_action
BootPass_6,22,17,17,Position_Unknown,Team_Unknown,Action_PreSnap,923.85,564.89,1038.17,860.75,114.32000000000005,295.86,xml_geometry_csv_action
BootPass_6,22,2,2,Position_Unknown,Team_Unknown,Action_PreSnap,228.34,496.75,373.68,754.61,145.34,257.86,xml_geometry_csv_action
BootPass_6,22,3,3,Position_Unknown,Team_Unknown,Action_PreSnap,714.29,506.76,858.66,720.75,144.37,213.99,xml_geometry_csv_action
BootPass_6,22,4,4,Position_Unknown,Team_Unknown,Action_PreSnap,521.93,500.81,654.61,727.08,132.68000000000006,226.27000000000004,xml_geometry_csv_action
BootPass_6,22,5,5,Position_Unknown,Team_Unknown,Action_PreSnap,1315.07,530.2,1448.99,752.16,133.92000000000007,221.95999999999992,xml_geometry_csv_action
BootPass_6,22,6,6,Position_Unknown,Team_Unknown,Action_PreSnap,350.58,513.4,488.77,702.12,138.19,188.72000000000003,xml_geometry_csv_action
BootPass_6,22,7,7,Position_Unknown,Team_Unknown,Action_PreSnap,1607.48,58.42,1709.81,318.06,102.32999999999993,259.64,xml_geometry_csv_action
BootPass_6,22,8,8,Position_Unknown,Team_Unknown,Action_PreSnap,164.43,274.57,269.32,530.33,104.88999999999999,255.76000000000005,xml_geometry_csv_action
BootPass_6,22,9,9,Position_Unknown,Team_Unknown,Action_PreSnap,393.02,291.3,586.84,516.09,193.82000000000005,224.79000000000002,xml_geometry_csv_action
BootPass_6,23,0,0,Position_Unknown,Team_Unknown,Action_PreSnap,811.86,293.44,953.24,532.19,141.38,238.75000000000006,xml_geometry_csv_action
BootPass_6,23,1,1,Position_Unknown,Team_Unknown,Action_PreSnap,1499.84,498.12,1634.98,672.98,135.1400000000001,174.86,xml_geometry_csv_action
BootPass_6,23,10,10,Position_Unknown,Team_Unknown,Action_PreSnap,880.14,696.78,1028.3,955.0,148.15999999999997,258.22,xml_geometry_csv_action
BootPass_6,23,11,11,Position_Unknown,Team_Unknown,Action_PreSnap,1117.76,526.37,1270.99,729.67,153.23000000000002,203.29999999999995,xml_geometry_csv_action
BootPass_6,23,12,12,Position_Unknown,Team_Unknown,Action_PreSnap,1183.21,333.77,1324.86,544.17,141.64999999999986,210.39999999999998,xml_geometry_csv_action
BootPass_6,23,13,13,Position_Unknown,Team_Unknown,Action_PreSnap,919.21,511.71,1065.24,705.99,146.02999999999997,194.28000000000003,xml_geometry_csv_action
BootPass_6,23,14,14,Position_Unknown,Team_Unknown,Action_PreSnap,1080.86,497.15,1193.88,655.72,113.02000000000021,158.57000000000005,xml_geometry_csv_action
BootPass_6,23,15,15,Position_Unknown,Team_Unknown,Action_PreSnap,683.27,488.14,799.25,639.39,115.98000000000002,151.25,xml_geometry_csv_action
BootPass_6,23,16,16,Position_Unknown,Team_Unknown,Action_PreSnap,470.93,458.41,589.64,648.71,118.70999999999998,190.3,xml_geometry_csv_action
BootPass_6,23,17,17,Position_Unknown,Team_Unknown,Action_PreSnap,923.11,564.41,1038.86,861.16,115.74999999999989,296.75,xml_geometry_csv_action
BootPass_6,23,2,2,Position_Unknown,Team_Unknown,Action_PreSnap,228.58,495.84,374.45,753.57,145.86999999999998,257.7300000000001,xml_geometry_csv_action
BootPass_6,23,3,3,Position_Unknown,Team_Unknown,Action_PreSnap,714.54,505.7,859.14,719.5,144.60000000000002,213.8,xml_geometry_csv_action
BootPass_6,23,4,4,Position_Unknown,Team_Unknown,Action_PreSnap,522.52,499.53,654.75,725.96,132.23000000000002,226.43000000000006,xml_geometry_csv_action
BootPass_6,23,5,5,Position_Unknown,Team_Unknown,Action_PreSnap,1315.24,529.17,1449.33,751.21,134.08999999999992,222.04000000000008,xml_geometry_csv_action
BootPass_6,23,6,6,Position_Unknown,Team_Unknown,Action_PreSnap,350.99,511.82,489.83,700.91,138.83999999999997,189.08999999999997,xml_geometry_csv_action
BootPass_6,23,7,7,Position_Unknown,Team_Unknown,Action_PreSnap,1607.77,56.99,1710.48,317.45,102.71000000000004,260.46,xml_geometry_csv_action
BootPass_6,23,8,8,Position_Unknown,Team_Unknown,Action_PreSnap,162.65,274.73,266.29,532.95,103.64000000000001,258.22,xml_geometry_csv_action
BootPass_6,23,9,9,Position_Unknown,Team_Unknown,Action_PreSnap,395.56,290.41,586.7,516.09,191.14000000000004,225.68,xml_geometry_csv_action
BootPass_6,24,0,0,Position_Unknown,Team_Unknown,Action_PreSnap,814.18,291.1,955.18,529.88,141.0,238.77999999999997,xml_geometry_csv_action
BootPass_6,24,1,1,Position_Unknown,Team_Unknown,Action_PreSnap,1502.07,495.66,1637.67,671.33,135.60000000000014,175.67000000000002,xml_geometry_csv_action
BootPass_6,24,10,10,Position_Unknown,Team_Unknown,Action_PreSnap,882.15,693.77,1029.82,953.09,147.66999999999996,259.32000000000005,xml_geometry_csv_action
BootPass_6,24,11,11,Position_Unknown,Team_Unknown,Action_PreSnap,1120.2,524.23,1272.57,727.72,152.3699999999999,203.49,xml_geometry_csv_action
BootPass_6,24,12,12,Position_Unknown,Team_Unknown,Action_PreSnap,1185.9,330.85,1325.43,539.66,139.52999999999997,208.80999999999995,xml_geometry_csv_action
BootPass_6,24,13,13,Position_Unknown,Team_Unknown,Action_PreSnap,921.56,509.53,1064.31,702.7,142.75,193.17000000000007,xml_geometry_csv_action
BootPass_6,24,14,14,Position_Unknown,Team_Unknown,Action_PreSnap,1082.93,494.55,1195.44,652.62,112.50999999999999,158.07,xml_geometry_csv_action
BootPass_6,24,15,15,Position_Unknown,Team_Unknown,Action_PreSnap,686.0,485.66,801.02,634.33,115.01999999999998,148.67000000000002,xml_geometry_csv_action
BootPass_6,24,16,16,Position_Unknown,Team_Unknown,Action_PreSnap,472.23,456.34,592.33,646.19,120.10000000000002,189.85000000000008,xml_geometry_csv_action
BootPass_6,24,17,17,Position_Unknown,Team_Unknown,Action_PreSnap,921.96,561.64,1041.92,860.14,119.96000000000004,298.5,xml_geometry_csv_action
BootPass_6,24,2,2,Position_Unknown,Team_Unknown,Action_PreSnap,229.63,492.97,376.8,751.94,147.17000000000002,258.97,xml_geometry_csv_action
BootPass_6,24,3,3,Position_Unknown,Team_Unknown,Action_PreSnap,716.17,502.92,860.98,717.04,144.81000000000006,214.11999999999995,xml_geometry_csv_action
BootPass_6,24,4,4,Position_Unknown,Team_Unknown,Action_PreSnap,524.34,497.07,656.59,723.36,132.25,226.29000000000002,xml_geometry_csv_action
BootPass_6,24,5,5,Position_Unknown,Team_Unknown,Action_PreSnap,1317.14,527.37,1451.49,749.06,134.3499999999999,221.68999999999994,xml_geometry_csv_action
BootPass_6,24,6,6,Position_Unknown,Team_Unknown,Action_PreSnap,353.11,509.02,491.77,698.37,138.65999999999997,189.35000000000002,xml_geometry_csv_action
BootPass_6,24,7,7,Position_Unknown,Team_Unknown,Action_PreSnap,1608.94,54.3,1712.32,314.09,103.37999999999988,259.78999999999996,xml_geometry_csv_action
BootPass_6,24,8,8,Position_Unknown,Team_Unknown,Action_PreSnap,163.42,274.04,265.28,534.49,101.85999999999999,260.45,xml_geometry_csv_action
BootPass_6,24,9,9,Position_Unknown,Team_Unknown,Action_PreSnap,400.19,288.49,586.96,514.73,186.77000000000004,226.24,xml_geometry_csv_action
BootPass_6,25,0,0,Position_Unknown,Team_Unknown,Action_PreSnap,813.42,292.43,954.52,531.44,141.10000000000002,239.01000000000005,xml_geometry_csv_action
BootPass_6,25,1,1,Position_Unknown,Team_Unknown,Action_PreSnap,1501.16,497.48,1637.51,673.24,136.3499999999999,175.76,xml_geometry_csv_action
BootPass_6,25,10,10,Position_Unknown,Team_Unknown,Action_PreSnap,882.17,695.41,1029.54,955.03,147.37,259.62,xml_geometry_csv_action
BootPass_6,25,11,11,Position_Unknown,Team_Unknown,Action_PreSnap,1119.72,526.65,1271.93,729.38,152.21000000000004,202.73000000000002,xml_geometry_csv_action
BootPass_6,25,12,12,Position_Unknown,Team_Unknown,Action_PreSnap,1185.32,332.25,1324.6,541.36,139.27999999999997,209.11,xml_geometry_csv_action
BootPass_6,25,13,13,Position_Unknown,Team_Unknown,Action_PreSnap,919.98,511.23,1064.13,704.45,144.1500000000001,193.22000000000003,xml_geometry_csv_action
BootPass_6,25,14,14,Position_Unknown,Team_Unknown,Action_PreSnap,1081.91,496.05,1194.73,654.34,112.81999999999994,158.29000000000002,xml_geometry_csv_action
BootPass_6,25,15,15,Position_Unknown,Team_Unknown,Action_PreSnap,685.5,487.22,800.57,636.77,115.07000000000005,149.54999999999995,xml_geometry_csv_action
BootPass_6,25,16,16,Position_Unknown,Team_Unknown,Action_PreSnap,471.97,457.75,592.29,647.51,120.31999999999994,189.76,xml_geometry_csv_action
BootPass_6,25,17,17,Position_Unknown,Team_Unknown,Action_PreSnap,921.26,562.62,1040.24,861.46,118.98000000000002,298.84000000000003,xml_geometry_csv_action
BootPass_6,25,2,2,Position_Unknown,Team_Unknown,Action_PreSnap,229.19,493.88,377.3,753.8,148.11,259.91999999999996,xml_geometry_csv_action
BootPass_6,25,3,3,Position_Unknown,Team_Unknown,Action_PreSnap,715.29,505.14,860.1,718.96,144.81000000000006,213.82000000000005,xml_geometry_csv_action
BootPass_6,25,4,4,Position_Unknown,Team_Unknown,Action_PreSnap,523.66,498.64,656.17,725.29,132.51,226.64999999999998,xml_geometry_csv_action
BootPass_6,25,5,5,Position_Unknown,Team_Unknown,Action_PreSnap,1316.17,529.16,1450.52,750.3,134.3499999999999,221.14,xml_geometry_csv_action
BootPass_6,25,6,6,Position_Unknown,Team_Unknown,Action_PreSnap,352.74,510.95,491.36,700.31,138.62,189.35999999999996,xml_geometry_csv_action
BootPass_6,25,7,7,Position_Unknown,Team_Unknown,Action_PreSnap,1608.03,55.31,1711.88,314.69,103.85000000000014,259.38,xml_geometry_csv_action
BootPass_6,25,8,8,Position_Unknown,Team_Unknown,Action_PreSnap,160.05,277.43,264.15,539.7,104.09999999999997,262.27000000000004,xml_geometry_csv_action
BootPass_6,25,9,9,Position_Unknown,Team_Unknown,Action_PreSnap,402.31,290.09,585.21,515.55,182.90000000000003,225.45999999999998,xml_geometry_csv_action
BootPass_6,26,0,0,Position_Unknown,Team_Unknown,Action_PreSnap,813.28,291.64,954.62,531.07,141.34000000000003,239.43000000000006,xml_geometry_csv_action
BootPass_6,26,1,1,Position_Unknown,Team_Unknown,Action_PreSnap,1500.95,497.19,1636.97,672.97,136.01999999999998,175.78000000000003,xml_geometry_csv_action
BootPass_6,26,10,10,Position_Unknown,Team_Unknown,Action_PreSnap,882.07,694.73,1029.5,954.76,147.42999999999995,260.03,xml_geometry_csv_action
BootPass_6,26,11,11,Position_Unknown,Team_Unknown,Action_PreSnap,1119.43,525.98,1271.23,728.82,151.79999999999995,202.84000000000003,xml_geometry_csv_action
BootPass_6,26,12,12,Position_Unknown,Team_Unknown,Action_PreSnap,1185.29,331.43,1324.25,540.52,138.96000000000004,209.08999999999997,xml_geometry_csv_action
BootPass_6,26,13,13,Position_Unknown,Team_Unknown,Action_PreSnap,920.28,510.59,1064.14,704.33,143.86000000000013,193.74000000000007,xml_geometry_csv_action
BootPass_6,26,14,14,Position_Unknown,Team_Unknown,Action_PreSnap,1081.46,495.19,1194.38,653.74,112.92000000000007,158.55,xml_geometry_csv_action
BootPass_6,26,15,15,Position_Unknown,Team_Unknown,Action_PreSnap,685.63,486.96,800.53,636.79,114.89999999999998,149.82999999999998,xml_geometry_csv_action
BootPass_6,26,16,16,Position_Unknown,Team_Unknown,Action_PreSnap,472.16,457.39,592.57,646.96,120.41000000000003,189.57000000000005,xml_geometry_csv_action
BootPass_6,26,17,17,Position_Unknown,Team_Unknown,Action_PreSnap,920.85,562.05,1039.18,860.5,118.33000000000004,298.45000000000005,xml_geometry_csv_action
BootPass_6,26,2,2,Position_Unknown,Team_Unknown,Action_PreSnap,229.76,493.07,379.55,752.99,149.79000000000002,259.92,xml_geometry_csv_action
BootPass_6,26,3,3,Position_Unknown,Team_Unknown,Action_PreSnap,715.12,504.89,860.04,718.26,144.91999999999996,213.37,xml_geometry_csv_action
BootPass_6,26,4,4,Position_Unknown,Team_Unknown,Action_PreSnap,523.49,498.1,655.89,725.05,132.39999999999998,226.94999999999993,xml_geometry_csv_action
BootPass_6,26,5,5,Position_Unknown,Team_Unknown,Action_PreSnap,1315.73,528.49,1450.1,749.71,134.3699999999999,221.22000000000003,xml_geometry_csv_action
BootPass_6,26,6,6,Position_Unknown,Team_Unknown,Action_PreSnap,355.3,509.9,491.01,699.28,135.70999999999998,189.38,xml_geometry_csv_action
BootPass_6,26,7,7,Position_Unknown,Team_Unknown,Action_PreSnap,1608.11,54.37,1711.3,313.43,103.19000000000005,259.06,xml_geometry_csv_action
BootPass_6,26,8,8,Position_Unknown,Team_Unknown,Action_PreSnap,157.43,279.47,264.3,542.42,106.87,262.94999999999993,xml_geometry_csv_action
BootPass_6,26,9,9,Position_Unknown,Team_Unknown,Action_PreSnap,407.52,289.95,583.35,514.39,175.83000000000004,224.44,xml_geometry_csv_action
BootPass_6,27,0,0,Position_Unknown,Team_Unknown,Action_PreSnap,813.17,291.63,954.41,531.32,141.24,239.69000000000005,xml_geometry_csv_action
BootPass_6,27,1,1,Position_Unknown,Team_Unknown,Action_PreSnap,1500.77,497.29,1636.98,672.87,136.21000000000004,175.57999999999998,xml_geometry_csv_action
BootPass_6,27,10,10,Position_Unknown,Team_Unknown,Action_PreSnap,881.86,694.74,1029.61,954.77,147.7499999999999,260.03,xml_geometry_csv_action
BootPass_6,27,11,11,Position_Unknown,Team_Unknown,Action_PreSnap,1119.15,525.86,1271.15,728.84,152.0,202.98000000000002,xml_geometry_csv_action
BootPass_6,27,12,12,Position_Unknown,Team_Unknown,Action_PreSnap,1185.27,331.41,1324.08,540.25,138.80999999999995,208.83999999999997,xml_geometry_csv_action
BootPass_6,27,13,13,Position_Unknown,Team_Unknown,Action_PreSnap,920.61,510.78,1064.19,704.73,143.58000000000004,193.95000000000005,xml_geometry_csv_action
BootPass_6,27,14,14,Position_Unknown,Team_Unknown,Action_PreSnap,1081.25,495.11,1194.35,653.79,113.09999999999991,158.67999999999995,xml_geometry_csv_action
BootPass_6,27,15,15,Position_Unknown,Team_Unknown,Action_PreSnap,685.6,487.19,799.97,637.52,114.37,150.32999999999998,xml_geometry_csv_action
BootPass_6,27,16,16,Position_Unknown,Team_Unknown,Action_PreSnap,472.35,457.54,592.63,647.4,120.27999999999997,189.85999999999996,xml_geometry_csv_action
BootPass_6,27,17,17,Position_Unknown,Team_Unknown,Action_PreSnap,920.67,561.99,1038.24,860.34,117.57000000000005,298.35,xml_geometry_csv_action
BootPass_6,27,2,2,Position_Unknown,Team_Unknown,Action_PreSnap,229.4,493.41,382.88,753.32,153.48,259.91,xml_geometry_csv_action
BootPass_6,27,3,3,Position_Unknown,Team_Unknown,Action_PreSnap,714.97,504.94,860.26,718.18,145.28999999999996,213.23999999999995,xml_geometry_csv_action
BootPass_6,27,4,4,Position_Unknown,Team_Unknown,Action_PreSnap,523.55,497.95,655.86,725.12,132.31000000000006,227.17000000000002,xml_geometry_csv_action
BootPass_6,27,5,5,Position_Unknown,Team_Unknown,Action_PreSnap,1315.4,528.66,1450.19,749.61,134.78999999999996,220.95000000000005,xml_geometry_csv_action
BootPass_6,27,6,6,Position_Unknown,Team_Unknown,Action_PreSnap,358.56,510.2,491.22,699.47,132.66000000000003,189.27000000000004,xml_geometry_csv_action
BootPass_6,27,7,7,Position_Unknown,Team_Unknown,Action_PreSnap,1607.88,54.25,1710.97,312.87,103.08999999999992,258.62,xml_geometry_csv_action
BootPass_6,27,8,8,Position_Unknown,Team_Unknown,Action_PreSnap,154.72,281.94,263.76,543.44,109.03999999999999,261.50000000000006,xml_geometry_csv_action
BootPass_6,27,9,9,Position_Unknown,Team_Unknown,Action_PreSnap,412.9,289.94,581.34,513.24,168.44000000000005,223.3,xml_geometry_csv_action
BootPass_6,28,0,0,Position_Unknown,Team_Unknown,Action_PreSnap,814.82,288.92,955.4,529.0,140.57999999999993,240.07999999999998,xml_geometry_csv_action
BootPass_6,28,1,1,Position_Unknown,Team_Unknown,Action_PreSnap,1502.34,494.8,1638.16,670.26,135.82000000000016,175.45999999999998,xml_geometry_csv_action
BootPass_6,28,10,10,Position_Unknown,Team_Unknown,Action_PreSnap,882.05,691.44,1030.86,952.05,148.80999999999995,260.6099999999999,xml_geometry_csv_action
BootPass_6,28,11,11,Position_Unknown,Team_Unknown,Action_PreSnap,1120.65,523.41,1271.68,726.47,151.02999999999997,203.06000000000006,xml_geometry_csv_action
BootPass_6,28,12,12,Position_Unknown,Team_Unknown,Action_PreSnap,1186.85,329.59,1324.95,537.16,138.10000000000014,207.57,xml_geometry_csv_action
BootPass_6,28,13,13,Position_Unknown,Team_Unknown,Action_PreSnap,923.24,508.15,1064.36,702.16,141.1199999999999,194.01,xml_geometry_csv_action
BootPass_6,28,14,14,Position_Unknown,Team_Unknown,Action_PreSnap,1082.73,492.86,1195.45,651.13,112.72000000000003,158.26999999999998,xml_geometry_csv_action
BootPass_6,28,15,15,Position_Unknown,Team_Unknown,Action_PreSnap,686.87,483.98,800.78,632.09,113.90999999999997,148.11,xml_geometry_csv_action
BootPass_6,28,16,16,Position_Unknown,Team_Unknown,Action_PreSnap,474.1,455.66,595.24,648.66,121.13999999999999,192.99999999999994,xml_geometry_csv_action
BootPass_6,28,17,17,Position_Unknown,Team_Unknown,Action_PreSnap,922.61,559.08,1040.12,858.29,117.50999999999988,299.2099999999999,xml_geometry_csv_action
BootPass_6,28,2,2,Position_Unknown,Team_Unknown,Action_PreSnap,230.21,491.0,391.58,751.57,161.36999999999998,260.57000000000005,xml_geometry_csv_action
BootPass_6,28,3,3,Position_Unknown,Team_Unknown,Action_PreSnap,715.72,501.59,861.28,715.73,145.55999999999995,214.14000000000004,xml_geometry_csv_action
BootPass_6,28,4,4,Position_Unknown,Team_Unknown,Action_PreSnap,524.78,495.78,657.06,722.4,132.27999999999997,226.62,xml_geometry_csv_action
BootPass_6,28,5,5,Position_Unknown,Team_Unknown,Action_PreSnap,1316.52,526.52,1450.98,747.6,134.46000000000004,221.08000000000004,xml_geometry_csv_action
BootPass_6,28,6,6,Position_Unknown,Team_Unknown,Action_PreSnap,364.25,508.52,493.21,697.51,128.95999999999998,188.99,xml_geometry_csv_action
BootPass_6,28,7,7,Position_Unknown,Team_Unknown,Action_PreSnap,1609.14,51.87,1711.99,310.32,102.84999999999991,258.45,xml_geometry_csv_action
BootPass_6,28,8,8,Position_Unknown,Team_Unknown,Action_PreSnap,154.12,281.72,264.04,542.23,109.92000000000002,260.51,xml_geometry_csv_action
BootPass_6,28,9,9,Position_Unknown,Team_Unknown,Action_PreSnap,419.88,287.69,580.22,512.52,160.34000000000003,224.82999999999998,xml_geometry_csv_action
BootPass_6,29,0,0,Position_Unknown,Team_Unknown,Action_PreSnap,813.65,289.14,954.26,529.6,140.61,240.46000000000004,xml_geometry_csv_action
BootPass_6,29,1,1,Position_Unknown,Team_Unknown,Action_PreSnap,1500.82,495.31,1636.73,670.51,135.91000000000008,175.2,xml_geometry_csv_action
BootPass_6,29,10,10,Position_Unknown,Team_Unknown,Action_PreSnap,880.99,691.44,1029.64,952.83,148.6500000000001,261.39,xml_geometry_csv_action
BootPass_6,29,11,11,Position_Unknown,Team_Unknown,Action_PreSnap,1119.89,523.84,1270.83,727.06,150.93999999999983,203.2199999999999,xml_geometry_csv_action
BootPass_6,29,12,12,Position_Unknown,Team_Unknown,Action_PreSnap,1185.54,330.2,1323.37,537.69,137.82999999999993,207.49000000000007,xml_geometry_csv_action
BootPass_6,29,13,13,Position_Unknown,Team_Unknown,Action_PreSnap,922.31,508.92,1063.01,703.06,140.70000000000005,194.13999999999993,xml_geometry_csv_action
BootPass_6,29,14,14,Position_Unknown,Team_Unknown,Action_PreSnap,1081.89,493.22,1194.22,651.98,112.32999999999993,158.76,xml_geometry_csv_action
BootPass_6,29,15,15,Position_Unknown,Team_Unknown,Action_PreSnap,685.52,485.0,799.83,632.36,114.31000000000006,147.36,xml_geometry_csv_action
BootPass_6,29,16,16,Position_Unknown,Team_Unknown,Action_PreSnap,471.67,456.14,595.47,651.24,123.80000000000001,195.10000000000002,xml_geometry_csv_action
BootPass_6,29,17,17,Position_Unknown,Team_Unknown,Action_PreSnap,921.28,558.97,1038.39,859.65,117.11000000000013,300.67999999999995,xml_geometry_csv_action
BootPass_6,29,2,2,Position_Unknown,Team_Unknown,Action_PreSnap,226.9,492.23,395.95,752.5,169.04999999999998,260.27,xml_geometry_csv_action
BootPass_6,29,3,3,Position_Unknown,Team_Unknown,Action_PreSnap,714.56,502.37,860.51,716.52,145.95000000000005,214.14999999999998,xml_geometry_csv_action
BootPass_6,29,4,4,Position_Unknown,Team_Unknown,Action_PreSnap,524.32,496.44,656.13,723.17,131.80999999999995,226.72999999999996,xml_geometry_csv_action
BootPass_6,29,5,5,Position_Unknown,Team_Unknown,Action_PreSnap,1315.72,527.05,1450.32,747.91,134.5999999999999,220.86,xml_geometry_csv_action
BootPass_6,29,6,6,Position_Unknown,Team_Unknown,Action_PreSnap,366.76,509.47,491.94,698.57,125.18,189.10000000000002,xml_geometry_csv_action
BootPass_6,29,7,7,Position_Unknown,Team_Unknown,Action_PreSnap,1608.07,52.17,1710.67,310.25,102.60000000000014,258.08,xml_geometry_csv_action
BootPass_6,29,8,8,Position_Unknown,Team_Unknown,Action_PreSnap,150.36,284.64,261.75,547.28,111.38999999999999,262.64,xml_geometry_csv_action
BootPass_6,29,9,9,Position_Unknown,Team_Unknown,Action_PreSnap,424.28,287.6,578.28,513.04,154.0,225.43999999999994,xml_geometry_csv_action
BootPass_6,30,0,0,Position_Unknown,Team_Unknown,Action_PreSnap,814.44,287.5,954.63,527.81,140.18999999999994,240.30999999999995,xml_geometry_csv_action
BootPass_6,30,1,1,Position_Unknown,Team_Unknown,Action_PreSnap,1502.3,493.93,1637.97,668.12,135.67000000000007,174.19,xml_geometry_csv_action
BootPass_6,30,10,10,Position_Unknown,Team_Unknown,Action_PreSnap,881.0,689.29,1030.34,950.91,149.33999999999992,261.62,xml_geometry_csv_action
BootPass_6,30,11,11,Position_Unknown,Team_Unknown,Action_PreSnap,1120.42,522.1,1270.58,724.35,150.15999999999985,202.25,xml_geometry_csv_action
BootPass_6,30,12,12,Position_Unknown,Team_Unknown,Action_PreSnap,1186.55,328.91,1323.67,536.27,137.12000000000012,207.35999999999996,xml_geometry_csv_action
BootPass_6,30,13,13,Position_Unknown,Team_Unknown,Action_PreSnap,924.23,507.5,1063.62,701.37,139.38999999999987,193.87,xml_geometry_csv_action
BootPass_6,30,14,14,Position_Unknown,Team_Unknown,Action_PreSnap,1082.49,491.98,1195.04,650.74,112.54999999999995,158.76,xml_geometry_csv_action
BootPass_6,30,15,15,Position_Unknown,Team_Unknown,Action_PreSnap,686.19,483.28,800.15,630.4,113.95999999999992,147.12,xml_geometry_csv_action
BootPass_6,30,16,16,Position_Unknown,Team_Unknown,Action_PreSnap,473.03,454.37,595.71,647.54,122.68000000000006,193.16999999999996,xml_geometry_csv_action
BootPass_6,30,17,17,Position_Unknown,Team_Unknown,Action_PreSnap,922.63,556.87,1038.73,857.83,116.10000000000002,300.96000000000004,xml_geometry_csv_action
BootPass_6,30,2,2,Position_Unknown,Team_Unknown,Action_PreSnap,225.23,491.68,400.06,750.97,174.83,259.29,xml_geometry_csv_action
BootPass_6,30,3,3,Position_Unknown,Team_Unknown,Action_PreSnap,715.03,500.52,861.24,714.95,146.21000000000004,214.43000000000006,xml_geometry_csv_action
BootPass_6,30,4,4,Position_Unknown,Team_Unknown,Action_PreSnap,524.78,494.57,657.0,721.61,132.22000000000003,227.04000000000002,xml_geometry_csv_action
BootPass_6,30,5,5,Position_Unknown,Team_Unknown,Action_PreSnap,1316.43,524.59,1451.34,746.49,134.90999999999985,221.89999999999998,xml_geometry_csv_action
BootPass_6,30,6,6,Position_Unknown,Team_Unknown,Action_PreSnap,363.46,507.19,492.31,696.6,128.85000000000002,189.41000000000003,xml_geometry_csv_action
BootPass_6,30,7,7,Position_Unknown,Team_Unknown,Action_PreSnap,1608.57,50.49,1711.05,308.5,102.48000000000002,258.01,xml_geometry_csv_action
BootPass_6,30,8,8,Position_Unknown,Team_Unknown,Action_PreSnap,148.05,285.18,258.36,549.17,110.31,263.98999999999995,xml_geometry_csv_action
BootPass_6,30,9,9,Position_Unknown,Team_Unknown,Action_PreSnap,431.76,286.17,577.42,509.94,145.65999999999997,223.76999999999998,xml_geometry_csv_action
BootPass_6,31,0,0,Position_Unknown,Team_Unknown,Action_PreSnap,813.38,286.6,953.93,527.12,140.54999999999995,240.51999999999998,xml_geometry_csv_action
BootPass_6,31,1,1,Position_Unknown,Team_Unknown,Action_PreSnap,1502.06,493.56,1636.86,667.9,134.79999999999995,174.33999999999997,xml_geometry_csv_action
BootPass_6,31,10,10,Position_Unknown,Team_Unknown,Action_PreSnap,880.09,689.37,1029.63,950.75,149.54000000000008,261.38,xml_geometry_csv_action
BootPass_6,31,11,11,Position_Unknown,Team_Unknown,Action_PreSnap,1119.38,521.47,1270.03,723.8,150.64999999999986,202.32999999999993,xml_geometry_csv_action
BootPass_6,31,12,12,Position_Unknown,Team_Unknown,Action_PreSnap,1185.82,328.72,1323.4,536.94,137.58000000000015,208.22000000000003,xml_geometry_csv_action
BootPass_6,31,13,13,Position_Unknown,Team_Unknown,Action_PreSnap,923.65,507.21,1063.05,700.98,139.39999999999998,193.77000000000004,xml_geometry_csv_action
BootPass_6,31,14,14,Position_Unknown,Team_Unknown,Action_PreSnap,1081.5,491.69,1194.23,651.23,112.73000000000002,159.54000000000002,xml_geometry_csv_action
BootPass_6,31,15,15,Position_Unknown,Team_Unknown,Action_PreSnap,685.18,483.38,799.37,629.42,114.19000000000005,146.03999999999996,xml_geometry_csv_action
BootPass_6,31,16,16,Position_Unknown,Team_Unknown,Action_PreSnap,473.02,454.45,594.97,644.3,121.95000000000005,189.84999999999997,xml_geometry_csv_action
BootPass_6,31,17,17,Position_Unknown,Team_Unknown,Action_PreSnap,923.05,556.62,1037.97,857.54,114.92000000000007,300.91999999999996,xml_geometry_csv_action
BootPass_6,31,2,2,Position_Unknown,Team_Unknown,Action_PreSnap,222.99,493.48,404.13,751.18,181.14,257.69999999999993,xml_geometry_csv_action
BootPass_6,31,3,3,Position_Unknown,Team_Unknown,Action_PreSnap,714.09,500.12,860.61,714.9,146.51999999999998,214.77999999999997,xml_geometry_csv_action
BootPass_6,31,4,4,Position_Unknown,Team_Unknown,Action_PreSnap,523.92,494.49,656.27,720.91,132.35000000000002,226.41999999999996,xml_geometry_csv_action
BootPass_6,31,5,5,Position_Unknown,Team_Unknown,Action_PreSnap,1315.57,523.84,1451.2,746.58,135.6300000000001,222.74,xml_geometry_csv_action
BootPass_6,31,6,6,Position_Unknown,Team_Unknown,Action_PreSnap,357.07,506.92,490.19,696.45,133.12,189.53000000000003,xml_geometry_csv_action
BootPass_6,31,7,7,Position_Unknown,Team_Unknown,Action_PreSnap,1607.14,49.42,1709.09,307.84,101.94999999999982,258.41999999999996,xml_geometry_csv_action
BootPass_6,31,8,8,Position_Unknown,Team_Unknown,Action_PreSnap,144.57,286.07,251.94,550.67,107.37,264.59999999999997,xml_geometry_csv_action
BootPass_6,31,9,9,Position_Unknown,Team_Unknown,Action_PreSnap,437.19,285.71,576.2,508.67,139.01000000000005,222.96000000000004,xml_geometry_csv_action
BootPass_6,32,0,0,Position_Unknown,Team_Unknown,Action_PreSnap,814.08,285.84,954.26,525.99,140.17999999999995,240.15000000000003,xml_geometry_csv_action
BootPass_6,32,1,1,Position_Unknown,Team_Unknown,Action_PreSnap,1503.21,492.97,1637.85,667.53,134.63999999999987,174.55999999999995,xml_geometry_csv_action
BootPass_6,32,10,10,Position_Unknown,Team_Unknown,Action_PreSnap,881.55,688.73,1030.12,949.72,148.56999999999994,260.99,xml_geometry_csv_action
BootPass_6,32,11,11,Position_Unknown,Team_Unknown,Action_PreSnap,1120.59,520.93,1270.7,722.79,150.11000000000013,201.86,xml_geometry_csv_action
BootPass_6,32,12,12,Position_Unknown,Team_Unknown,Action_PreSnap,1186.8,328.5,1324.22,534.37,137.42000000000007,205.87,xml_geometry_csv_action
BootPass_6,32,13,13,Position_Unknown,Team_Unknown,Action_PreSnap,924.68,506.5,1063.99,700.14,139.31000000000006,193.64,xml_geometry_csv_action
BootPass_6,32,14,14,Position_Unknown,Team_Unknown,Action_PreSnap,1082.14,490.9,1195.93,650.67,113.78999999999996,159.76999999999998,xml_geometry_csv_action
BootPass_6,32,15,15,Position_Unknown,Team_Unknown,Action_PreSnap,686.13,482.12,799.59,630.03,113.46000000000004,147.90999999999997,xml_geometry_csv_action
BootPass_6,32,16,16,Position_Unknown,Team_Unknown,Action_PreSnap,473.89,453.65,594.7,643.43,120.81000000000006,189.77999999999997,xml_geometry_csv_action
BootPass_6,32,17,17,Position_Unknown,Team_Unknown,Action_PreSnap,925.49,554.98,1039.21,856.93,113.72000000000003,301.94999999999993,xml_geometry_csv_action
BootPass_6,32,2,2,Position_Unknown,Team_Unknown,Action_PreSnap,223.4,493.9,410.35,749.82,186.95000000000002,255.92000000000007,xml_geometry_csv_action
BootPass_6,32,3,3,Position_Unknown,Team_Unknown,Action_PreSnap,715.65,499.47,861.22,713.79,145.57000000000005,214.31999999999994,xml_geometry_csv_action
BootPass_6,32,4,4,Position_Unknown,Team_Unknown,Action_PreSnap,525.01,493.55,657.34,719.78,132.33000000000004,226.22999999999996,xml_geometry_csv_action
BootPass_6,32,5,5,Position_Unknown,Team_Unknown,Action_PreSnap,1316.4,523.06,1452.02,745.64,135.6199999999999,222.58000000000004,xml_geometry_csv_action
BootPass_6,32,6,6,Position_Unknown,Team_Unknown,Action_PreSnap,353.68,507.02,491.08,694.76,137.39999999999998,187.74,xml_geometry_csv_action
BootPass_6,32,7,7,Position_Unknown,Team_Unknown,Action_PreSnap,1607.46,48.83,1708.83,306.85,101.36999999999989,258.02000000000004,xml_geometry_csv_action
BootPass_6,32,8,8,Position_Unknown,Team_Unknown,Action_PreSnap,142.76,285.89,247.6,551.43,104.84,265.53999999999996,xml_geometry_csv_action
BootPass_6,32,9,9,Position_Unknown,Team_Unknown,Action_PreSnap,443.92,284.82,575.71,508.32,131.79000000000002,223.5,xml_geometry_csv_action
BootPass_6,33,0,0,Position_Unknown,Team_Unknown,Action_PreSnap,815.0,285.68,954.33,526.43,139.33000000000004,240.74999999999994,xml_geometry_csv_action
BootPass_6,33,1,1,Position_Unknown,Team_Unknown,Action_PreSnap,1503.68,493.35,1638.51,667.82,134.82999999999993,174.47000000000003,xml_geometry_csv_action
BootPass_6,33,10,10,Position_Unknown,Team_Unknown,Action_PreSnap,882.41,689.31,1030.71,950.26,148.30000000000007,260.95000000000005,xml_geometry_csv_action
BootPass_6,33,11,11,Position_Unknown,Team_Unknown,Action_PreSnap,1121.21,521.49,1271.11,722.92,149.89999999999986,201.42999999999995,xml_geometry_csv_action
BootPass_6,33,12,12,Position_Unknown,Team_Unknown,Action_PreSnap,1187.6,329.03,1325.12,535.34,137.51999999999998,206.31000000000006,xml_geometry_csv_action
BootPass_6,33,13,13,Position_Unknown,Team_Unknown,Action_PreSnap,925.91,506.82,1064.7,700.41,138.79000000000008,193.58999999999997,xml_geometry_csv_action
BootPass_6,33,14,14,Position_Unknown,Team_Unknown,Action_PreSnap,1082.82,491.32,1196.61,651.62,113.78999999999996,160.3,xml_geometry_csv_action
BootPass_6,33,15,15,Position_Unknown,Team_Unknown,Action_PreSnap,686.63,482.44,800.17,630.53,113.53999999999996,148.08999999999997,xml_geometry_csv_action
BootPass_6,33,16,16,Position_Unknown,Team_Unknown,Action_PreSnap,474.73,454.17,595.2,640.04,120.47000000000003,185.86999999999995,xml_geometry_csv_action
BootPass_6,33,17,17,Position_Unknown,Team_Unknown,Action_PreSnap,926.27,554.38,1040.23,857.41,113.96000000000004,303.03,xml_geometry_csv_action
BootPass_6,33,2,2,Position_Unknown,Team_Unknown,Action_PreSnap,223.3,496.54,418.77,749.62,195.46999999999997,253.07999999999998,xml_geometry_csv_action
BootPass_6,33,3,3,Position_Unknown,Team_Unknown,Action_PreSnap,716.17,499.46,862.07,713.67,145.9000000000001,214.20999999999998,xml_geometry_csv_action
BootPass_6,33,4,4,Position_Unknown,Team_Unknown,Action_PreSnap,524.87,493.92,658.19,720.17,133.32000000000005,226.24999999999994,xml_geometry_csv_action
BootPass_6,33,5,5,Position_Unknown,Team_Unknown,Action_PreSnap,1317.19,523.38,1452.52,746.04,135.32999999999993,222.65999999999997,xml_geometry_csv_action
BootPass_6,33,6,6,Position_Unknown,Team_Unknown,Action_PreSnap,349.42,506.59,491.89,694.6,142.46999999999997,188.01000000000005,xml_geometry_csv_action
BootPass_6,33,7,7,Position_Unknown,Team_Unknown,Action_PreSnap,1608.11,48.78,1708.76,306.63,100.65000000000009,257.85,xml_geometry_csv_action
BootPass_6,33,8,8,Position_Unknown,Team_Unknown,Action_PreSnap,139.46,286.05,242.7,553.02,103.23999999999998,266.96999999999997,xml_geometry_csv_action
BootPass_6,33,9,9,Position_Unknown,Team_Unknown,Action_PreSnap,448.71,284.5,575.62,508.26,126.91000000000003,223.76,xml_geometry_csv_action
BootPass_6,34,0,0,Position_Unknown,Team_Unknown,Action_PreSnap,814.91,285.0,955.11,525.85,140.20000000000005,240.85000000000002,xml_geometry_csv_action
BootPass_6,34,1,1,Position_Unknown,Team_Unknown,Action_PreSnap,1504.16,493.36,1639.26,667.43,135.0999999999999,174.06999999999994,xml_geometry_csv_action
BootPass_6,34,10,10,Position_Unknown,Team_Unknown,Action_PreSnap,883.43,688.63,1031.15,949.66,147.72000000000014,261.03,xml_geometry_csv_action
BootPass_6,34,11,11,Position_Unknown,Team_Unknown,Action_PreSnap,1121.69,521.38,1271.78,722.47,150.08999999999992,201.09000000000003,xml_geometry_csv_action
BootPass_6,34,12,12,Position_Unknown,Team_Unknown,Action_PreSnap,1187.82,328.53,1326.01,535.11,138.19000000000005,206.58000000000004,xml_geometry_csv_action
BootPass_6,34,13,13,Position_Unknown,Team_Unknown,Action_PreSnap,926.44,506.31,1065.76,700.34,139.31999999999994,194.03000000000003,xml_geometry_csv_action
BootPass_6,34,14,14,Position_Unknown,Team_Unknown,Action_PreSnap,1083.07,490.45,1198.03,650.88,114.96000000000004,160.43,xml_geometry_csv_action
BootPass_6,34,15,15,Position_Unknown,Team_Unknown,Action_PreSnap,687.02,481.62,801.2,631.26,114.18000000000006,149.64,xml_geometry_csv_action
BootPass_6,34,16,16,Position_Unknown,Team_Unknown,Action_PreSnap,475.75,453.34,595.39,638.66,119.63999999999999,185.32,xml_geometry_csv_action
BootPass_6,34,17,17,Position_Unknown,Team_Unknown,Action_PreSnap,926.0,553.05,1040.98,857.01,114.98000000000002,303.96000000000004,xml_geometry_csv_action
BootPass_6,34,2,2,Position_Unknown,Team_Unknown,Action_PreSnap,225.32,498.59,428.21,748.74,202.89,250.15000000000003,xml_geometry_csv_action
BootPass_6,34,3,3,Position_Unknown,Team_Unknown,Action_PreSnap,716.66,499.25,862.79,713.6,146.13,214.35000000000002,xml_geometry_csv_action
BootPass_6,34,4,4,Position_Unknown,Team_Unknown,Action_PreSnap,525.48,493.59,659.31,719.82,133.82999999999993,226.23000000000008,xml_geometry_csv_action
BootPass_6,34,5,5,Position_Unknown,Team_Unknown,Action_PreSnap,1318.25,522.93,1453.53,745.66,135.27999999999997,222.73000000000002,xml_geometry_csv_action
BootPass_6,34,6,6,Position_Unknown,Team_Unknown,Action_PreSnap,347.26,502.96,492.5,694.36,145.24,191.40000000000003,xml_geometry_csv_action
BootPass_6,34,7,7,Position_Unknown,Team_Unknown,Action_PreSnap,1608.43,48.16,1708.49,306.51,100.05999999999995,258.35,xml_geometry_csv_action
BootPass_6,34,8,8,Position_Unknown,Team_Unknown,Action_PreSnap,135.64,285.26,239.2,553.76,103.56,268.5,xml_geometry_csv_action
BootPass_6,34,9,9,Position_Unknown,Team_Unknown,Action_PreSnap,452.39,283.68,576.0,508.69,123.61000000000001,225.01,xml_geometry_csv_action
BootPass_6,35,0,0,Position_Unknown,Team_Unknown,Action_PreSnap,814.83,285.62,955.09,526.87,140.26,241.25,xml_geometry_csv_action
BootPass_6,35,1,1,Position_Unknown,Team_Unknown,Action_PreSnap,1503.82,494.43,1639.25,669.03,135.43000000000006,174.59999999999997,xml_geometry_csv_action
BootPass_6,35,10,10,Position_Unknown,Team_Unknown,Action_PreSnap,883.44,689.84,1031.5,951.4,148.05999999999995,261.55999999999995,xml_geometry_csv_action
BootPass_6,35,11,11,Position_Unknown,Team_Unknown,Action_PreSnap,1121.8,522.53,1272.23,724.85,150.43000000000006,202.32000000000005,xml_geometry_csv_action
BootPass_6,35,12,12,Position_Unknown,Team_Unknown,Action_PreSnap,1188.23,329.42,1325.96,537.95,137.73000000000002,208.53000000000003,xml_geometry_csv_action
BootPass_6,35,13,13,Position_Unknown,Team_Unknown,Action_PreSnap,926.66,507.38,1065.65,701.62,138.99000000000012,194.24,xml_geometry_csv_action
BootPass_6,35,14,14,Position_Unknown,Team_Unknown,Action_PreSnap,1083.18,491.77,1198.08,651.04,114.89999999999986,159.26999999999998,xml_geometry_csv_action
BootPass_6,35,15,15,Position_Unknown,Team_Unknown,Action_PreSnap,686.68,483.18,801.63,630.99,114.95000000000005,147.81,xml_geometry_csv_action
BootPass_6,35,16,16,Position_Unknown,Team_Unknown,Action_PreSnap,476.84,454.74,595.68,632.18,118.83999999999997,177.43999999999994,xml_geometry_csv_action
BootPass_6,35,17,17,Position_Unknown,Team_Unknown,Action_PreSnap,925.31,554.43,1041.47,858.31,116.16000000000008,303.88,xml_geometry_csv_action
BootPass_6,35,2,2,Position_Unknown,Team_Unknown,Action_PreSnap,228.02,503.45,439.32,750.69,211.29999999999998,247.24000000000007,xml_geometry_csv_action
BootPass_6,35,3,3,Position_Unknown,Team_Unknown,Action_PreSnap,716.54,500.42,863.02,714.96,146.48000000000002,214.54000000000002,xml_geometry_csv_action
BootPass_6,35,4,4,Position_Unknown,Team_Unknown,Action_PreSnap,525.66,495.03,659.24,721.57,133.58000000000004,226.54000000000008,xml_geometry_csv_action
BootPass_6,35,5,5,Position_Unknown,Team_Unknown,Action_PreSnap,1318.52,524.0,1453.64,747.15,135.12000000000012,223.14999999999998,xml_geometry_csv_action
BootPass_6,35,6,6,Position_Unknown,Team_Unknown,Action_PreSnap,360.88,502.43,493.01,695.97,132.13,193.54000000000002,xml_geometry_csv_action
BootPass_6,35,7,7,Position_Unknown,Team_Unknown,Action_PreSnap,1608.67,48.9,1708.45,307.18,99.77999999999997,258.28000000000003,xml_geometry_csv_action
BootPass_6,35,8,8,Position_Unknown,Team_Unknown,Action_PreSnap,131.39,286.02,236.31,555.81,104.92000000000002,269.78999999999996,xml_geometry_csv_action
BootPass_6,35,9,9,Position_Unknown,Team_Unknown,Action_PreSnap,454.91,284.56,576.08,509.52,121.17000000000002,224.95999999999998,xml_geometry_csv_action
BootPass_6,36,0,0,Position_Unknown,Team_Unknown,Action_PreSnap,814.8,285.83,954.88,526.73,140.08000000000004,240.90000000000003,xml_geometry_csv_action
BootPass_6,36,1,1,Position_Unknown,Team_Unknown,Action_PreSnap,1504.01,494.4,1639.16,668.55,135.1500000000001,174.14999999999998,xml_geometry_csv_action
BootPass_6,36,10,10,Position_Unknown,Team_Unknown,Action_PreSnap,882.96,689.65,1031.42,950.51,148.46000000000004,260.86,xml_geometry_csv_action
BootPass_6,36,11,11,Position_Unknown,Team_Unknown,Action_PreSnap,1121.9,522.42,1272.03,724.11,150.12999999999988,201.69000000000005,xml_geometry_csv_action
BootPass_6,36,12,12,Position_Unknown,Team_Unknown,Action_PreSnap,1187.97,329.25,1325.52,537.28,137.54999999999995,208.02999999999997,xml_geometry_csv_action
BootPass_6,36,13,13,Position_Unknown,Team_Unknown,Action_PreSnap,926.41,507.39,1065.56,701.49,139.14999999999998,194.10000000000002,xml_geometry_csv_action
BootPass_6,36,14,14,Position_Unknown,Team_Unknown,Action_PreSnap,1082.93,491.5,1197.78,650.92,114.84999999999991,159.41999999999996,xml_geometry_csv_action
BootPass_6,36,15,15,Position_Unknown,Team_Unknown,Action_PreSnap,686.38,483.02,801.31,630.99,114.92999999999995,147.97000000000003,xml_geometry_csv_action
BootPass_6,36,16,16,Position_Unknown,Team_Unknown,Action_PreSnap,476.84,454.42,595.27,632.6,118.43,178.18,xml_geometry_csv_action
BootPass_6,36,17,17,Position_Unknown,Team_Unknown,Action_PreSnap,925.28,554.3,1041.91,857.41,116.63000000000011,303.11,xml_geometry_csv_action
BootPass_6,36,2,2,Position_Unknown,Team_Unknown,Action_PreSnap,234.4,505.76,459.5,750.65,225.1,244.89,xml_geometry_csv_action
BootPass_6,36,3,3,Position_Unknown,Team_Unknown,Action_PreSnap,716.11,500.24,862.95,714.44,146.84000000000003,214.20000000000005,xml_geometry_csv_action
BootPass_6,36,4,4,Position_Unknown,Team_Unknown,Action_PreSnap,525.0,495.01,659.98,721.49,134.98000000000002,226.48000000000002,xml_geometry_csv_action
BootPass_6,36,5,5,Position_Unknown,Team_Unknown,Action_PreSnap,1318.49,523.99,1453.42,747.08,134.93000000000006,223.09000000000003,xml_geometry_csv_action
BootPass_6,36,7,7,Position_Unknown,Team_Unknown,Action_PreSnap,1608.55,48.74,1707.35,307.01,98.79999999999995,258.27,xml_geometry_csv_action
BootPass_6,36,8,8,Position_Unknown,Team_Unknown,Action_PreSnap,128.33,285.49,233.9,555.12,105.57,269.63,xml_geometry_csv_action
BootPass_6,36,9,9,Position_Unknown,Team_Unknown,Action_PreSnap,456.03,284.22,576.36,508.65,120.33000000000004,224.42999999999995,xml_geometry_csv_action
BootPass_6,37,0,0,Position_Unknown,Team_Unknown,Action_PreSnap,814.74,285.17,955.42,525.63,140.67999999999995,240.45999999999998,xml_geometry_csv_action
BootPass_6,37,1,1,Position_Unknown,Team_Unknown,Action_PreSnap,1504.1,493.7,1639.97,667.65,135.87000000000012,173.95,xml_geometry_csv_action
BootPass_6,37,10,10,Position_Unknown,Team_Unknown,Action_PreSnap,883.46,688.92,1031.54,950.42,148.07999999999993,261.5,xml_geometry_csv_action
BootPass_6,37,11,11,Position_Unknown,Team_Unknown,Action_PreSnap,1121.97,521.97,1273.11,723.48,151.13999999999987,201.51,xml_geometry_csv_action
BootPass_6,37,12,12,Position_Unknown,Team_Unknown,Action_PreSnap,1188.16,328.23,1326.26,535.26,138.0999999999999,207.02999999999997,xml_geometry_csv_action
BootPass_6,37,13,13,Position_Unknown,Team_Unknown,Action_PreSnap,926.99,506.38,1066.8,700.88,139.80999999999995,194.5,xml_geometry_csv_action
BootPass_6,37,14,14,Position_Unknown,Team_Unknown,Action_PreSnap,1082.91,490.44,1198.51,650.15,115.59999999999991,159.70999999999998,xml_geometry_csv_action
BootPass_6,37,15,15,Position_Unknown,Team_Unknown,Action_PreSnap,686.45,482.05,802.19,629.53,115.74000000000001,147.47999999999996,xml_geometry_csv_action
BootPass_6,37,16,16,Position_Unknown,Team_Unknown,Action_PreSnap,469.41,453.74,595.67,638.07,126.25999999999993,184.33000000000004,xml_geometry_csv_action
BootPass_6,37,17,17,Position_Unknown,Team_Unknown,Action_PreSnap,925.07,552.75,1042.18,857.25,117.11000000000001,304.5,xml_geometry_csv_action
BootPass_6,37,2,2,Position_Unknown,Team_Unknown,Action_PreSnap,250.16,510.3,472.88,752.51,222.72,242.20999999999998,xml_geometry_csv_action
BootPass_6,37,3,3,Position_Unknown,Team_Unknown,Action_PreSnap,716.26,499.47,863.05,713.04,146.78999999999996,213.56999999999994,xml_geometry_csv_action
BootPass_6,37,4,4,Position_Unknown,Team_Unknown,Action_PreSnap,525.11,494.02,660.4,721.41,135.28999999999996,227.39,xml_geometry_csv_action
BootPass_6,37,5,5,Position_Unknown,Team_Unknown,Action_PreSnap,1318.45,522.96,1454.23,746.31,135.77999999999997,223.3499999999999,xml_geometry_csv_action
BootPass_6,37,7,7,Position_Unknown,Team_Unknown,Action_PreSnap,1608.23,47.95,1706.94,305.67,98.71000000000004,257.72,xml_geometry_csv_action
BootPass_6,37,8,8,Position_Unknown,Team_Unknown,Action_PreSnap,125.88,284.2,233.02,553.7,107.14000000000001,269.50000000000006,xml_geometry_csv_action
BootPass_6,37,9,9,Position_Unknown,Team_Unknown,Action_PreSnap,457.11,282.51,577.4,508.55,120.28999999999996,226.04000000000002,xml_geometry_csv_action
BootPass_6,38,0,0,Position_Unknown,Team_Unknown,Action_PreSnap,814.51,285.4,955.24,525.45,140.73000000000002,240.05000000000007,xml_geometry_csv_action
BootPass_6,38,1,1,Position_Unknown,Team_Unknown,Action_PreSnap,1504.03,493.69,1640.42,667.65,136.3900000000001,173.95999999999998,xml_geometry_csv_action
BootPass_6,38,10,10,Position_Unknown,Team_Unknown,Action_PreSnap,883.85,688.67,1031.28,950.11,147.42999999999995,261.44000000000005,xml_geometry_csv_action
BootPass_6,38,11,11,Position_Unknown,Team_Unknown,Action_PreSnap,1121.55,522.07,1273.48,723.45,151.93000000000006,201.38,xml_geometry_csv_action
BootPass_6,38,12,12,Position_Unknown,Team_Unknown,Action_PreSnap,1188.26,327.98,1326.53,535.24,138.26999999999998,207.26,xml_geometry_csv_action
BootPass_6,38,13,13,Position_Unknown,Team_Unknown,Action_PreSnap,926.47,506.03,1067.14,701.12,140.67000000000007,195.09000000000003,xml_geometry_csv_action
BootPass_6,38,14,14,Position_Unknown,Team_Unknown,Action_PreSnap,1082.81,490.37,1198.84,649.65,116.02999999999997,159.27999999999997,xml_geometry_csv_action
BootPass_6,38,15,15,Position_Unknown,Team_Unknown,Action_PreSnap,686.16,482.06,802.41,629.28,116.25,147.21999999999997,xml_geometry_csv_action
BootPass_6,38,16,16,Position_Unknown,Team_Unknown,Action_PreSnap,469.49,453.37,595.43,643.71,125.93999999999994,190.34000000000003,xml_geometry_csv_action
BootPass_6,38,17,17,Position_Unknown,Team_Unknown,Action_PreSnap,924.43,552.49,1042.49,856.37,118.06000000000006,303.88,xml_geometry_csv_action
BootPass_6,38,2,2,Position_Unknown,Team_Unknown,Action_PreSnap,271.57,506.56,487.31,753.78,215.74,247.21999999999997,xml_geometry_csv_action
BootPass_6,38,3,3,Position_Unknown,Team_Unknown,Action_PreSnap,716.19,499.52,862.85,712.92,146.65999999999997,213.39999999999998,xml_geometry_csv_action
BootPass_6,38,4,4,Position_Unknown,Team_Unknown,Action_PreSnap,525.11,493.92,660.19,721.09,135.08000000000004,227.17000000000002,xml_geometry_csv_action
BootPass_6,38,5,5,Position_Unknown,Team_Unknown,Action_PreSnap,1318.0,522.76,1454.56,745.89,136.55999999999995,223.13,xml_geometry_csv_action
BootPass_6,38,7,7,Position_Unknown,Team_Unknown,Action_PreSnap,1607.6,48.02,1706.16,305.3,98.56000000000017,257.28000000000003,xml_geometry_csv_action
BootPass_6,38,8,8,Position_Unknown,Team_Unknown,Action_PreSnap,122.58,284.21,231.25,552.88,108.67,268.67,xml_geometry_csv_action
BootPass_6,38,9,9,Position_Unknown,Team_Unknown,Action_PreSnap,457.23,281.81,577.81,509.37,120.57999999999993,227.56,xml_geometry_csv_action
BootPass_6,39,0,0,Position_Unknown,Team_Unknown,Action_PreSnap,814.55,284.58,955.1,524.67,140.55000000000007,240.08999999999997,xml_geometry_csv_action
BootPass_6,39,1,1,Position_Unknown,Team_Unknown,Action_PreSnap,1503.83,492.65,1640.42,666.8,136.59000000000015,174.14999999999998,xml_geometry_csv_action
BootPass_6,39,10,10,Position_Unknown,Team_Unknown,Action_PreSnap,883.52,687.87,1031.11,949.92,147.58999999999992,262.04999999999995,xml_geometry_csv_action
BootPass_6,39,11,11,Position_Unknown,Team_Unknown,Action_PreSnap,1121.32,521.55,1273.57,722.8,152.25,201.25,xml_geometry_csv_action
BootPass_6,39,12,12,Position_Unknown,Team_Unknown,Action_PreSnap,1187.96,327.09,1326.09,534.02,138.12999999999988,206.93,xml_geometry_csv_action
BootPass_6,39,13,13,Position_Unknown,Team_Unknown,Action_PreSnap,926.47,504.81,1067.26,699.97,140.78999999999996,195.16000000000003,xml_geometry_csv_action
BootPass_6,39,14,14,Position_Unknown,Team_Unknown,Action_PreSnap,1082.62,489.59,1199.19,648.92,116.57000000000016,159.32999999999998,xml_geometry_csv_action
BootPass_6,39,15,15,Position_Unknown,Team_Unknown,Action_PreSnap,686.03,481.08,802.03,628.53,116.0,147.45,xml_geometry_csv_action
BootPass_6,39,16,16,Position_Unknown,Team_Unknown,Action_PreSnap,468.59,452.33,594.24,645.64,125.65000000000003,193.31,xml_geometry_csv_action
BootPass_6,39,17,17,Position_Unknown,Team_Unknown,Action_PreSnap,924.72,553.49,1042.59,855.34,117.86999999999989,301.85,xml_geometry_csv_action
BootPass_6,39,2,2,Position_Unknown,Team_Unknown,Action_PreSnap,297.03,507.25,494.88,754.85,197.85000000000002,247.60000000000002,xml_geometry_csv_action
BootPass_6,39,3,3,Position_Unknown,Team_Unknown,Action_PreSnap,716.13,498.63,862.78,712.21,146.64999999999998,213.58000000000004,xml_geometry_csv_action
BootPass_6,39,4,4,Position_Unknown,Team_Unknown,Action_PreSnap,524.1,493.15,661.05,720.68,136.94999999999993,227.52999999999997,xml_geometry_csv_action
BootPass_6,39,5,5,Position_Unknown,Team_Unknown,Action_PreSnap,1317.64,522.0,1454.22,745.28,136.57999999999993,223.27999999999997,xml_geometry_csv_action
BootPass_6,39,7,7,Position_Unknown,Team_Unknown,Action_PreSnap,1607.62,47.28,1705.85,304.23,98.23000000000002,256.95000000000005,xml_geometry_csv_action
BootPass_6,39,8,8,Position_Unknown,Team_Unknown,Action_PreSnap,117.92,283.42,229.86,552.19,111.94000000000001,268.77000000000004,xml_geometry_csv_action
BootPass_6,39,9,9,Position_Unknown,Team_Unknown,Action_PreSnap,456.69,280.45,578.43,511.21,121.73999999999995,230.76,xml_geometry_csv_action
BootPass_6,40,0,0,Position_Unknown,Team_Unknown,Action_PreSnap,813.7,286.31,954.07,526.91,140.37,240.59999999999997,xml_geometry_csv_action
BootPass_6,40,1,1,Position_Unknown,Team_Unknown,Action_PreSnap,1503.04,494.3,1639.33,668.74,136.28999999999996,174.44,xml_geometry_csv_action
BootPass_6,40,10,10,Position_Unknown,Team_Unknown,Action_PreSnap,882.65,689.07,1031.03,951.5,148.38,262.42999999999995,xml_geometry_csv_action
BootPass_6,40,11,11,Position_Unknown,Team_Unknown,Action_PreSnap,1120.64,523.07,1272.53,724.57,151.88999999999987,201.5,xml_geometry_csv_action
BootPass_6,40,12,12,Position_Unknown,Team_Unknown,Action_PreSnap,1187.96,328.65,1325.4,537.71,137.44000000000005,209.06000000000006,xml_geometry_csv_action
BootPass_6,40,13,13,Position_Unknown,Team_Unknown,Action_PreSnap,926.12,506.96,1067.1,701.21,140.9799999999999,194.25000000000006,xml_geometry_csv_action
BootPass_6,40,14,14,Position_Unknown,Team_Unknown,Action_PreSnap,1082.0,491.19,1197.86,650.51,115.8599999999999,159.32,xml_geometry_csv_action
BootPass_6,40,15,15,Position_Unknown,Team_Unknown,Action_PreSnap,685.26,482.84,801.56,630.4,116.29999999999995,147.56,xml_geometry_csv_action
BootPass_6,40,16,16,Position_Unknown,Team_Unknown,Action_PreSnap,470.4,454.13,593.12,637.22,122.72000000000003,183.09000000000003,xml_geometry_csv_action
BootPass_6,40,17,17,Position_Unknown,Team_Unknown,Action_PreSnap,923.35,554.9,1041.71,857.67,118.36000000000001,302.77,xml_geometry_csv_action
BootPass_6,40,2,2,Position_Unknown,Team_Unknown,Action_PreSnap,326.84,512.2,502.88,757.75,176.04000000000002,245.54999999999995,xml_geometry_csv_action
BootPass_6,40,3,3,Position_Unknown,Team_Unknown,Action_PreSnap,715.42,500.39,862.2,714.27,146.7800000000001,213.88,xml_geometry_csv_action
BootPass_6,40,4,4,Position_Unknown,Team_Unknown,Action_PreSnap,526.25,495.12,660.72,722.38,134.47000000000003,227.26,xml_geometry_csv_action
BootPass_6,40,5,5,Position_Unknown,Team_Unknown,Action_PreSnap,1316.75,523.84,1452.79,746.74,136.03999999999996,222.89999999999998,xml_geometry_csv_action
BootPass_6,40,7,7,Position_Unknown,Team_Unknown,Action_PreSnap,1606.46,48.72,1704.48,305.12,98.01999999999998,256.4,xml_geometry_csv_action
BootPass_6,40,8,8,Position_Unknown,Team_Unknown,Action_PreSnap,113.58,285.63,227.14,555.88,113.55999999999999,270.25,xml_geometry_csv_action
BootPass_6,40,9,9,Position_Unknown,Team_Unknown,Action_PreSnap,456.42,282.06,577.85,511.67,121.43,229.61,xml_geometry_csv_action
BootPass_6,41,0,0,Position_Unknown,Team_Unknown,Action_PreSnap,813.47,284.08,954.1,524.75,140.63,240.67000000000002,xml_geometry_csv_action
BootPass_6,41,1,1,Position_Unknown,Team_Unknown,Action_PreSnap,1503.0,492.46,1639.86,666.89,136.8599999999999,174.43,xml_geometry_csv_action
BootPass_6,41,10,10,Position_Unknown,Team_Unknown,Action_PreSnap,883.09,687.59,1031.78,950.66,148.68999999999994,263.06999999999994,xml_geometry_csv_action
BootPass_6,41,11,11,Position_Unknown,Team_Unknown,Action_PreSnap,1120.43,521.36,1272.66,722.99,152.23000000000002,201.63,xml_geometry_csv_action
BootPass_6,41,12,12,Position_Unknown,Team_Unknown,Action_PreSnap,1187.77,326.62,1325.64,535.84,137.87000000000012,209.22000000000003,xml_geometry_csv_action
BootPass_6,41,13,13,Position_Unknown,Team_Unknown,Action_PreSnap,926.1,504.57,1067.77,699.65,141.66999999999996,195.07999999999998,xml_geometry_csv_action
BootPass_6,41,14,14,Position_Unknown,Team_Unknown,Action_PreSnap,1081.86,489.38,1198.73,648.92,116.87000000000012,159.53999999999996,xml_geometry_csv_action
BootPass_6,41,15,15,Position_Unknown,Team_Unknown,Action_PreSnap,685.33,481.21,801.43,628.0,116.09999999999991,146.79000000000002,xml_geometry_csv_action
BootPass_6,41,16,16,Position_Unknown,Team_Unknown,Action_PreSnap,472.66,452.58,588.0,579.94,115.33999999999997,127.36000000000007,xml_geometry_csv_action
BootPass_6,41,17,17,Position_Unknown,Team_Unknown,Action_PreSnap,923.1,552.64,1041.61,856.78,118.50999999999988,304.14,xml_geometry_csv_action
BootPass_6,41,2,2,Position_Unknown,Team_Unknown,Action_PreSnap,347.94,514.01,516.79,756.39,168.84999999999997,242.38,xml_geometry_csv_action
BootPass_6,41,3,3,Position_Unknown,Team_Unknown,Action_PreSnap,715.36,498.34,862.31,712.19,146.94999999999993,213.85000000000008,xml_geometry_csv_action
BootPass_6,41,4,4,Position_Unknown,Team_Unknown,Action_PreSnap,526.14,493.57,660.51,720.7,134.37,227.13000000000005,xml_geometry_csv_action
BootPass_6,41,5,5,Position_Unknown,Team_Unknown,Action_PreSnap,1316.87,521.69,1452.89,745.19,136.0200000000002,223.5,xml_geometry_csv_action
BootPass_6,41,6,6,Position_Unknown,Team_Unknown,Action_PreSnap,342.53,508.66,471.49,689.34,128.96000000000004,180.68,xml_geometry_csv_action
BootPass_6,41,7,7,Position_Unknown,Team_Unknown,Action_PreSnap,1606.64,46.6,1705.09,303.05,98.44999999999982,256.45,xml_geometry_csv_action
BootPass_6,41,8,8,Position_Unknown,Team_Unknown,Action_PreSnap,110.47,284.94,226.25,557.21,115.78,272.27000000000004,xml_geometry_csv_action
BootPass_6,41,9,9,Position_Unknown,Team_Unknown,Action_PreSnap,456.98,279.97,579.46,509.2,122.48000000000002,229.22999999999996,xml_geometry_csv_action
BootPass_6,42,0,0,Position_Unknown,Team_Unknown,Action_PreSnap,812.98,286.79,953.71,528.03,140.73000000000002,241.23999999999995,xml_geometry_csv_action
BootPass_6,42,1,1,Position_Unknown,Team_Unknown,Action_PreSnap,1502.66,495.14,1639.87,669.77,137.2099999999998,174.63,xml_geometry_csv_action
BootPass_6,42,10,10,Position_Unknown,Team_Unknown,Action_PreSnap,882.93,689.93,1031.84,953.05,148.90999999999997,263.12,xml_geometry_csv_action
BootPass_6,42,11,11,Position_Unknown,Team_Unknown,Action_PreSnap,1120.62,523.64,1273.35,726.34,152.73000000000002,202.70000000000005,xml_geometry_csv_action
BootPass_6,42,12,12,Position_Unknown,Team_Unknown,Action_PreSnap,1187.57,329.09,1325.15,537.42,137.58000000000015,208.32999999999998,xml_geometry_csv_action
BootPass_6,42,13,13,Position_Unknown,Team_Unknown,Action_PreSnap,926.05,507.57,1067.2,701.97,141.1500000000001,194.40000000000003,xml_geometry_csv_action
BootPass_6,42,14,14,Position_Unknown,Team_Unknown,Action_PreSnap,1082.37,492.17,1197.18,650.66,114.81000000000017,158.48999999999995,xml_geometry_csv_action
BootPass_6,42,15,15,Position_Unknown,Team_Unknown,Action_PreSnap,685.22,484.78,801.28,629.55,116.05999999999995,144.76999999999998,xml_geometry_csv_action
BootPass_6,42,16,16,Position_Unknown,Team_Unknown,Action_PreSnap,475.44,456.59,586.14,557.5,110.69999999999999,100.91000000000003,xml_geometry_csv_action
BootPass_6,42,17,17,Position_Unknown,Team_Unknown,Action_PreSnap,921.96,556.79,1040.91,859.16,118.95000000000005,302.37,xml_geometry_csv_action
BootPass_6,42,2,2,Position_Unknown,Team_Unknown,Action_PreSnap,357.61,517.8,536.69,757.95,179.08000000000004,240.1500000000001,xml_geometry_csv_action
BootPass_6,42,3,3,Position_Unknown,Team_Unknown,Action_PreSnap,715.42,501.52,862.48,715.31,147.06000000000006,213.78999999999996,xml_geometry_csv_action
BootPass_6,42,4,4,Position_Unknown,Team_Unknown,Action_PreSnap,527.99,496.57,660.83,723.72,132.84000000000003,227.15000000000003,xml_geometry_csv_action
BootPass_6,42,5,5,Position_Unknown,Team_Unknown,Action_PreSnap,1317.03,524.95,1452.94,747.64,135.91000000000008,222.68999999999994,xml_geometry_csv_action
BootPass_6,42,6,6,Position_Unknown,Team_Unknown,Action_PreSnap,341.09,511.18,470.95,690.83,129.86,179.65000000000003,xml_geometry_csv_action
BootPass_6,42,7,7,Position_Unknown,Team_Unknown,Action_PreSnap,1605.77,49.37,1704.81,305.04,99.03999999999996,255.67000000000002,xml_geometry_csv_action
BootPass_6,42,8,8,Position_Unknown,Team_Unknown,Action_PreSnap,107.72,289.9,224.85,562.68,117.13,272.78,xml_geometry_csv_action
BootPass_6,42,9,9,Position_Unknown,Team_Unknown,Action_PreSnap,455.95,282.61,580.3,512.07,124.34999999999997,229.46000000000004,xml_geometry_csv_action
BootPass_6,43,0,0,Position_Unknown,Team_Unknown,Action_PreSnap,813.32,284.36,954.62,525.87,141.29999999999995,241.51,xml_geometry_csv_action
BootPass_6,43,1,1,Position_Unknown,Team_Unknown,Action_PreSnap,1503.6,493.12,1640.94,667.11,137.34000000000015,173.99,xml_geometry_csv_action
BootPass_6,43,10,10,Position_Unknown,Team_Unknown,Action_PreSnap,883.0,687.94,1032.65,950.99,149.6500000000001,263.04999999999995,xml_geometry_csv_action
BootPass_6,43,11,11,Position_Unknown,Team_Unknown,Action_PreSnap,1121.42,522.11,1274.17,723.73,152.75,201.62,xml_geometry_csv_action
BootPass_6,43,12,12,Position_Unknown,Team_Unknown,Action_PreSnap,1187.91,326.84,1326.96,536.1,139.04999999999995,209.26000000000005,xml_geometry_csv_action
BootPass_6,43,13,13,Position_Unknown,Team_Unknown,Action_PreSnap,926.43,505.11,1068.24,699.97,141.81000000000006,194.86,xml_geometry_csv_action
BootPass_6,43,14,14,Position_Unknown,Team_Unknown,Action_PreSnap,1083.08,489.98,1199.05,649.14,115.97000000000003,159.15999999999997,xml_geometry_csv_action
BootPass_6,43,15,15,Position_Unknown,Team_Unknown,Action_PreSnap,686.03,482.14,802.79,627.04,116.75999999999999,144.89999999999998,xml_geometry_csv_action
BootPass_6,43,16,16,Position_Unknown,Team_Unknown,Action_PreSnap,475.81,453.04,587.82,545.23,112.01000000000005,92.19,xml_geometry_csv_action
BootPass_6,43,17,17,Position_Unknown,Team_Unknown,Action_PreSnap,923.44,554.28,1043.6,856.94,120.15999999999985,302.6600000000001,xml_geometry_csv_action
BootPass_6,43,2,2,Position_Unknown,Team_Unknown,Action_PreSnap,364.83,514.09,558.8,753.72,193.96999999999997,239.63,xml_geometry_csv_action
BootPass_6,43,3,3,Position_Unknown,Team_Unknown,Action_PreSnap,715.49,499.11,862.95,712.51,147.46000000000004,213.39999999999998,xml_geometry_csv_action
BootPass_6,43,4,4,Position_Unknown,Team_Unknown,Action_PreSnap,531.22,494.15,662.4,720.02,131.17999999999995,225.87,xml_geometry_csv_action
BootPass_6,43,5,5,Position_Unknown,Team_Unknown,Action_PreSnap,1317.85,522.68,1453.9,745.58,136.05000000000018,222.9000000000001,xml_geometry_csv_action
BootPass_6,43,6,6,Position_Unknown,Team_Unknown,Action_PreSnap,341.33,508.36,473.92,688.49,132.59000000000003,180.13,xml_geometry_csv_action
BootPass_6,43,7,7,Position_Unknown,Team_Unknown,Action_PreSnap,1606.2,47.81,1705.85,302.59,99.64999999999986,254.77999999999997,xml_geometry_csv_action
BootPass_6,43,8,8,Position_Unknown,Team_Unknown,Action_PreSnap,107.71,290.75,225.15,563.38,117.44000000000001,272.63,xml_geometry_csv_action
BootPass_6,43,9,9,Position_Unknown,Team_Unknown,Action_PreSnap,456.09,280.0,583.13,510.88,127.04000000000002,230.88,xml_geometry_csv_action
BootPass_6,44,0,0,Position_Unknown,Team_Unknown,Action_PreSnap,812.65,286.72,954.08,528.05,141.43000000000006,241.32999999999993,xml_geometry_csv_action
BootPass_6,44,1,1,Position_Unknown,Team_Unknown,Action_PreSnap,1502.85,494.87,1640.48,669.35,137.6300000000001,174.48000000000002,xml_geometry_csv_action
BootPass_6,44,10,10,Position_Unknown,Team_Unknown,Action_PreSnap,882.41,689.48,1032.28,953.29,149.87,263.80999999999995,xml_geometry_csv_action
BootPass_6,44,11,11,Position_Unknown,Team_Unknown,Action_PreSnap,1121.08,523.82,1274.07,726.28,152.99,202.45999999999992,xml_geometry_csv_action
BootPass_6,44,12,12,Position_Unknown,Team_Unknown,Action_PreSnap,1187.62,328.57,1327.02,536.94,139.4000000000001,208.37000000000006,xml_geometry_csv_action
BootPass_6,44,13,13,Position_Unknown,Team_Unknown,Action_PreSnap,926.58,507.52,1067.14,701.9,140.56000000000006,194.38,xml_geometry_csv_action
BootPass_6,44,14,14,Position_Unknown,Team_Unknown,Action_PreSnap,1082.99,491.99,1197.63,650.26,114.6400000000001,158.26999999999998,xml_geometry_csv_action
BootPass_6,44,15,15,Position_Unknown,Team_Unknown,Action_PreSnap,685.24,484.57,802.45,628.57,117.21000000000004,144.00000000000006,xml_geometry_csv_action
BootPass_6,44,16,16,Position_Unknown,Team_Unknown,Action_PreSnap,477.59,455.91,588.45,552.1,110.86000000000007,96.19,xml_geometry_csv_action
BootPass_6,44,17,17,Position_Unknown,Team_Unknown,Action_PreSnap,921.77,556.92,1042.76,859.0,120.99000000000001,302.08000000000004,xml_geometry_csv_action
BootPass_6,44,2,2,Position_Unknown,Team_Unknown,Action_PreSnap,372.95,512.73,578.23,752.25,205.28000000000003,239.51999999999998,xml_geometry_csv_action
BootPass_6,44,3,3,Position_Unknown,Team_Unknown,Action_PreSnap,714.89,501.29,862.61,714.93,147.72000000000003,213.63999999999993,xml_geometry_csv_action
BootPass_6,44,4,4,Position_Unknown,Team_Unknown,Action_PreSnap,531.28,495.48,661.8,719.15,130.51999999999998,223.66999999999996,xml_geometry_csv_action
BootPass_6,44,5,5,Position_Unknown,Team_Unknown,Action_PreSnap,1317.17,525.16,1453.42,747.57,136.25,222.41000000000008,xml_geometry_csv_action
BootPass_6,44,6,6,Position_Unknown,Team_Unknown,Action_PreSnap,338.83,510.45,477.79,692.86,138.96000000000004,182.41000000000003,xml_geometry_csv_action
BootPass_6,44,7,7,Position_Unknown,Team_Unknown,Action_PreSnap,1606.27,50.07,1706.39,303.66,100.12000000000012,253.59000000000003,xml_geometry_csv_action
BootPass_6,44,8,8,Position_Unknown,Team_Unknown,Action_PreSnap,105.7,298.24,223.85,569.46,118.14999999999999,271.22,xml_geometry_csv_action
BootPass_6,44,9,9,Position_Unknown,Team_Unknown,Action_PreSnap,455.18,281.46,584.09,513.14,128.91000000000003,231.68,xml_geometry_csv_action
BootPass_6,45,0,0,Position_Unknown,Team_Unknown,Action_PreSnap,812.72,284.64,954.36,525.82,141.64,241.18000000000006,xml_geometry_csv_action
BootPass_6,45,1,1,Position_Unknown,Team_Unknown,Action_PreSnap,1503.36,492.95,1640.69,667.22,137.33000000000015,174.27000000000004,xml_geometry_csv_action
BootPass_6,45,10,10,Position_Unknown,Team_Unknown,Action_PreSnap,881.26,687.57,1032.55,951.57,151.28999999999996,264.0,xml_geometry_csv_action
BootPass_6,45,11,11,Position_Unknown,Team_Unknown,Action_PreSnap,1121.12,522.24,1273.98,723.93,152.86000000000013,201.68999999999994,xml_geometry_csv_action
BootPass_6,45,12,12,Position_Unknown,Team_Unknown,Action_PreSnap,1187.67,326.52,1327.53,534.93,139.8599999999999,208.40999999999997,xml_geometry_csv_action
BootPass_6,45,13,13,Position_Unknown,Team_Unknown,Action_PreSnap,926.0,505.68,1068.49,700.64,142.49,194.95999999999998,xml_geometry_csv_action
BootPass_6,45,14,14,Position_Unknown,Team_Unknown,Action_PreSnap,1083.11,490.37,1198.81,648.73,115.70000000000005,158.36,xml_geometry_csv_action
BootPass_6,45,15,15,Position_Unknown,Team_Unknown,Action_PreSnap,685.62,482.82,803.06,626.27,117.43999999999994,143.45,xml_geometry_csv_action
BootPass_6,45,16,16,Position_Unknown,Team_Unknown,Action_PreSnap,479.4,453.3,595.39,556.36,115.99000000000001,103.06,xml_geometry_csv_action
BootPass_6,45,17,17,Position_Unknown,Team_Unknown,Action_PreSnap,922.26,554.11,1044.06,857.09,121.79999999999995,302.98,xml_geometry_csv_action
BootPass_6,45,2,2,Position_Unknown,Team_Unknown,Action_PreSnap,385.7,507.84,598.34,743.33,212.64000000000004,235.49000000000007,xml_geometry_csv_action
BootPass_6,45,3,3,Position_Unknown,Team_Unknown,Action_PreSnap,713.92,499.57,862.58,713.26,148.66000000000008,213.69,xml_geometry_csv_action
BootPass_6,45,4,4,Position_Unknown,Team_Unknown,Action_PreSnap,538.58,492.09,661.43,712.47,122.84999999999991,220.38000000000005,xml_geometry_csv_action
BootPass_6,45,5,5,Position_Unknown,Team_Unknown,Action_PreSnap,1317.34,522.7,1453.5,745.61,136.16000000000008,222.90999999999997,xml_geometry_csv_action
BootPass_6,45,6,6,Position_Unknown,Team_Unknown,Action_PreSnap,337.11,509.33,483.68,692.86,146.57,183.53000000000003,xml_geometry_csv_action
BootPass_6,45,7,7,Position_Unknown,Team_Unknown,Action_PreSnap,1605.69,49.47,1708.27,301.66,102.57999999999993,252.19000000000003,xml_geometry_csv_action
BootPass_6,45,8,8,Position_Unknown,Team_Unknown,Action_PreSnap,103.6,303.16,223.53,570.4,119.93,267.23999999999995,xml_geometry_csv_action
BootPass_6,45,9,9,Position_Unknown,Team_Unknown,Action_PreSnap,454.53,279.39,586.47,512.49,131.94000000000005,233.10000000000002,xml_geometry_csv_action
BootPass_6,46,0,0,Position_Unknown,Team_Unknown,Action_PreSnap,812.34,286.13,954.1,527.56,141.76,241.42999999999995,xml_geometry_csv_action
BootPass_6,46,1,1,Position_Unknown,Team_Unknown,Action_PreSnap,1503.0,494.6,1640.69,669.12,137.69000000000005,174.51999999999998,xml_geometry_csv_action
BootPass_6,46,10,10,Position_Unknown,Team_Unknown,Action_PreSnap,880.62,688.98,1032.33,953.54,151.70999999999992,264.55999999999995,xml_geometry_csv_action
BootPass_6,46,11,11,Position_Unknown,Team_Unknown,Action_PreSnap,1121.11,523.7,1274.12,726.06,153.01,202.3599999999999,xml_geometry_csv_action
BootPass_6,46,12,12,Position_Unknown,Team_Unknown,Action_PreSnap,1187.55,327.85,1326.91,536.67,139.36000000000013,208.81999999999994,xml_geometry_csv_action
BootPass_6,46,13,13,Position_Unknown,Team_Unknown,Action_PreSnap,926.13,507.39,1067.84,702.19,141.70999999999992,194.80000000000007,xml_geometry_csv_action
BootPass_6,46,14,14,Position_Unknown,Team_Unknown,Action_PreSnap,1083.17,491.87,1198.11,650.18,114.93999999999983,158.30999999999995,xml_geometry_csv_action
BootPass_6,46,15,15,Position_Unknown,Team_Unknown,Action_PreSnap,685.47,484.52,803.1,626.09,117.63,141.57000000000005,xml_geometry_csv_action
BootPass_6,46,16,16,Position_Unknown,Team_Unknown,Action_PreSnap,479.43,454.7,594.85,562.79,115.42000000000002,108.08999999999997,xml_geometry_csv_action
BootPass_6,46,17,17,Position_Unknown,Team_Unknown,Action_PreSnap,921.95,556.14,1044.48,858.97,122.52999999999997,302.83000000000004,xml_geometry_csv_action
BootPass_6,46,2,2,Position_Unknown,Team_Unknown,Action_PreSnap,400.44,506.72,616.28,741.19,215.83999999999997,234.47000000000003,xml_geometry_csv_action
BootPass_6,46,3,3,Position_Unknown,Team_Unknown,Action_PreSnap,714.35,500.98,862.94,715.34,148.59000000000003,214.36,xml_geometry_csv_action
BootPass_6,46,4,4,Position_Unknown,Team_Unknown,Action_PreSnap,545.34,492.7,659.54,712.34,114.19999999999993,219.64000000000004,xml_geometry_csv_action
BootPass_6,46,5,5,Position_Unknown,Team_Unknown,Action_PreSnap,1317.1,524.54,1453.48,747.3,136.3800000000001,222.76,xml_geometry_csv_action
BootPass_6,46,6,6,Position_Unknown,Team_Unknown,Action_PreSnap,336.05,510.79,486.84,697.42,150.78999999999996,186.62999999999994,xml_geometry_csv_action
BootPass_6,46,7,7,Position_Unknown,Team_Unknown,Action_PreSnap,1603.72,51.55,1710.36,302.22,106.63999999999987,250.67000000000002,xml_geometry_csv_action
BootPass_6,46,8,8,Position_Unknown,Team_Unknown,Action_PreSnap,101.01,312.83,222.16,574.13,121.14999999999999,261.3,xml_geometry_csv_action
BootPass_6,46,9,9,Position_Unknown,Team_Unknown,Action_PreSnap,452.64,280.85,587.29,513.16,134.64999999999998,232.30999999999995,xml_geometry_csv_action
BootPass_6,47,0,0,Position_Unknown,Team_Unknown,Action_PreSnap,812.42,285.3,954.06,526.0,141.64,240.7,xml_geometry_csv_action
BootPass_6,47,1,1,Position_Unknown,Team_Unknown,Action_PreSnap,1503.36,493.45,1640.37,667.4,137.01,173.95,xml_geometry_csv_action
BootPass_6,47,10,10,Position_Unknown,Team_Unknown,Action_PreSnap,881.02,687.98,1032.79,951.99,151.76999999999998,264.01,xml_geometry_csv_action
BootPass_6,47,11,11,Position_Unknown,Team_Unknown,Action_PreSnap,1120.69,522.84,1274.52,724.81,153.82999999999993,201.9699999999999,xml_geometry_csv_action
BootPass_6,47,12,12,Position_Unknown,Team_Unknown,Action_PreSnap,1187.88,326.9,1327.43,535.56,139.54999999999995,208.65999999999997,xml_geometry_csv_action
BootPass_6,47,13,13,Position_Unknown,Team_Unknown,Action_PreSnap,925.94,506.14,1068.24,701.01,142.29999999999995,194.87,xml_geometry_csv_action
BootPass_6,47,14,14,Position_Unknown,Team_Unknown,Action_PreSnap,1083.21,491.12,1198.47,649.7,115.25999999999999,158.58000000000004,xml_geometry_csv_action
BootPass_6,47,15,15,Position_Unknown,Team_Unknown,Action_PreSnap,686.08,483.2,803.17,624.57,117.08999999999992,141.37000000000006,xml_geometry_csv_action
BootPass_6,47,16,16,Position_Unknown,Team_Unknown,Action_PreSnap,479.47,454.18,597.76,563.63,118.28999999999996,109.44999999999999,xml_geometry_csv_action
BootPass_6,47,17,17,Position_Unknown,Team_Unknown,Action_PreSnap,922.3,555.29,1044.91,857.59,122.61000000000013,302.30000000000007,xml_geometry_csv_action
BootPass_6,47,3,3,Position_Unknown,Team_Unknown,Action_PreSnap,715.19,499.79,863.01,714.18,147.81999999999994,214.38999999999993,xml_geometry_csv_action
BootPass_6,47,4,4,Position_Unknown,Team_Unknown,Action_PreSnap,530.93,493.43,656.71,729.61,125.78000000000009,236.18,xml_geometry_csv_action
BootPass_6,47,5,5,Position_Unknown,Team_Unknown,Action_PreSnap,1317.39,523.4,1453.62,745.72,136.2299999999998,222.32000000000005,xml_geometry_csv_action
BootPass_6,47,6,6,Position_Unknown,Team_Unknown,Action_PreSnap,334.45,509.83,487.79,700.64,153.34000000000003,190.81,xml_geometry_csv_action
BootPass_6,47,7,7,Position_Unknown,Team_Unknown,Action_PreSnap,1598.28,51.74,1712.78,301.27,114.5,249.52999999999997,xml_geometry_csv_action
BootPass_6,47,8,8,Position_Unknown,Team_Unknown,Action_PreSnap,99.34,319.99,221.67,574.45,122.32999999999998,254.46000000000004,xml_geometry_csv_action
BootPass_6,47,9,9,Position_Unknown,Team_Unknown,Action_PreSnap,450.78,279.5,588.53,512.54,137.75,233.03999999999996,xml_geometry_csv_action
BootPass_6,48,0,0,Position_Unknown,Team_Unknown,Action_PreSnap,812.19,285.87,953.28,527.11,141.08999999999992,241.24,xml_geometry_csv_action
BootPass_6,48,1,1,Position_Unknown,Team_Unknown,Action_PreSnap,1502.4,494.22,1639.9,668.8,137.5,174.57999999999993,xml_geometry_csv_action
BootPass_6,48,10,10,Position_Unknown,Team_Unknown,Action_PreSnap,880.11,688.96,1032.17,953.25,152.06000000000006,264.28999999999996,xml_geometry_csv_action
BootPass_6,48,11,11,Position_Unknown,Team_Unknown,Action_PreSnap,1120.04,523.65,1273.9,726.22,153.86000000000013,202.57000000000005,xml_geometry_csv_action
BootPass_6,48,12,12,Position_Unknown,Team_Unknown,Action_PreSnap,1187.34,327.25,1326.52,535.75,139.18000000000006,208.5,xml_geometry_csv_action
BootPass_6,48,13,13,Position_Unknown,Team_Unknown,Action_PreSnap,925.63,507.29,1067.45,702.06,141.82000000000005,194.76999999999992,xml_geometry_csv_action
BootPass_6,48,14,14,Position_Unknown,Team_Unknown,Action_PreSnap,1082.94,491.98,1197.43,650.33,114.49000000000001,158.35000000000002,xml_geometry_csv_action
BootPass_6,48,15,15,Position_Unknown,Team_Unknown,Action_PreSnap,686.04,483.96,801.7,625.16,115.66000000000008,141.2,xml_geometry_csv_action
BootPass_6,48,16,16,Position_Unknown,Team_Unknown,Action_PreSnap,478.36,455.58,597.23,572.6,118.87,117.02000000000004,xml_geometry_csv_action
BootPass_6,48,17,17,Position_Unknown,Team_Unknown,Action_PreSnap,921.39,556.27,1043.99,858.39,122.60000000000002,302.12,xml_geometry_csv_action
BootPass_6,48,3,3,Position_Unknown,Team_Unknown,Action_PreSnap,715.72,500.52,862.84,716.06,147.12,215.53999999999996,xml_geometry_csv_action
BootPass_6,48,4,4,Position_Unknown,Team_Unknown,Action_PreSnap,528.81,494.54,657.06,737.79,128.25,243.24999999999994,xml_geometry_csv_action
BootPass_6,48,5,5,Position_Unknown,Team_Unknown,Action_PreSnap,1316.63,524.59,1452.73,746.89,136.0999999999999,222.29999999999995,xml_geometry_csv_action
BootPass_6,48,6,6,Position_Unknown,Team_Unknown,Action_PreSnap,333.39,509.91,492.15,699.67,158.76,189.75999999999993,xml_geometry_csv_action
BootPass_6,48,7,7,Position_Unknown,Team_Unknown,Action_PreSnap,1589.62,53.02,1715.23,302.28,125.61000000000013,249.25999999999996,xml_geometry_csv_action
BootPass_6,48,8,8,Position_Unknown,Team_Unknown,Action_PreSnap,97.81,326.24,222.28,576.27,124.47,250.02999999999997,xml_geometry_csv_action
BootPass_6,48,9,9,Position_Unknown,Team_Unknown,Action_PreSnap,448.21,279.53,588.73,513.12,140.52000000000004,233.59000000000003,xml_geometry_csv_action
BootPass_6,49,0,0,Position_Unknown,Team_Unknown,Action_PreSnap,811.23,286.01,953.36,527.82,142.13,241.81000000000006,xml_geometry_csv_action
BootPass_6,49,1,1,Position_Unknown,Team_Unknown,Action_PreSnap,1501.83,494.57,1639.87,669.41,138.03999999999996,174.83999999999997,xml_geometry_csv_action
BootPass_6,49,10,10,Position_Unknown,Team_Unknown,Action_PreSnap,880.3,689.71,1032.42,954.15,152.12000000000012,264.43999999999994,xml_geometry_csv_action
BootPass_6,49,11,11,Position_Unknown,Team_Unknown,Action_PreSnap,1119.7,523.63,1273.97,726.92,154.26999999999998,203.28999999999996,xml_geometry_csv_action
BootPass_6,49,12,12,Position_Unknown,Team_Unknown,Action_PreSnap,1187.04,327.55,1326.34,536.2,139.29999999999995,208.65000000000003,xml_geometry_csv_action
BootPass_6,49,13,13,Position_Unknown,Team_Unknown,Action_PreSnap,925.78,507.33,1067.26,702.54,141.48000000000002,195.20999999999998,xml_geometry_csv_action
BootPass_6,49,14,14,Position_Unknown,Team_Unknown,Action_PreSnap,1083.02,491.9,1197.42,650.53,114.40000000000009,158.63,xml_geometry_csv_action
BootPass_6,49,15,15,Position_Unknown,Team_Unknown,Action_PreSnap,685.65,485.37,800.98,625.52,115.33000000000004,140.14999999999998,xml_geometry_csv_action
BootPass_6,49,16,16,Position_Unknown,Team_Unknown,Action_PreSnap,477.85,456.85,599.12,578.14,121.26999999999998,121.28999999999996,xml_geometry_csv_action
BootPass_6,49,17,17,Position_Unknown,Team_Unknown,Action_PreSnap,920.59,557.17,1043.29,858.81,122.69999999999993,301.64,xml_geometry_csv_action
BootPass_6,49,3,3,Position_Unknown,Team_Unknown,Action_PreSnap,714.08,501.06,862.68,716.39,148.5999999999999,215.32999999999998,xml_geometry_csv_action
BootPass_6,49,4,4,Position_Unknown,Team_Unknown,Action_PreSnap,529.15,498.12,657.29,739.86,128.14,241.74,xml_geometry_csv_action
BootPass_6,49,5,5,Position_Unknown,Team_Unknown,Action_PreSnap,1316.45,525.2,1452.42,747.31,135.97000000000003,222.1099999999999,xml_geometry_csv_action
BootPass_6,49,6,6,Position_Unknown,Team_Unknown,Action_PreSnap,333.87,509.92,489.9,698.84,156.02999999999997,188.92000000000002,xml_geometry_csv_action
BootPass_6,49,7,7,Position_Unknown,Team_Unknown,Action_PreSnap,1576.71,55.19,1717.16,302.39,140.45000000000005,247.2,xml_geometry_csv_action
BootPass_6,49,8,8,Position_Unknown,Team_Unknown,Action_PreSnap,97.13,330.23,224.92,577.18,127.78999999999999,246.94999999999993,xml_geometry_csv_action
BootPass_6,49,9,9,Position_Unknown,Team_Unknown,Action_PreSnap,446.48,279.61,589.26,514.13,142.77999999999997,234.51999999999998,xml_geometry_csv_action
BootPass_6,50,0,0,Position_Unknown,Team_Unknown,Action_PreSnap,810.89,286.82,953.96,528.77,143.07000000000005,241.95,xml_geometry_csv_action
BootPass_6,50,1,1,Position_Unknown,Team_Unknown,Action_PreSnap,1501.68,495.15,1640.24,670.0,138.55999999999995,174.85000000000002,xml_geometry_csv_action
BootPass_6,50,10,10,Position_Unknown,Team_Unknown,Action_PreSnap,880.36,690.54,1032.14,954.85,151.7800000000001,264.31000000000006,xml_geometry_csv_action
BootPass_6,50,11,11,Position_Unknown,Team_Unknown,Action_PreSnap,1119.8,524.05,1274.6,727.65,154.79999999999995,203.60000000000002,xml_geometry_csv_action
BootPass_6,50,12,12,Position_Unknown,Team_Unknown,Action_PreSnap,1186.97,327.2,1327.0,537.01,140.02999999999997,209.81,xml_geometry_csv_action
BootPass_6,50,13,13,Position_Unknown,Team_Unknown,Action_PreSnap,924.55,508.14,1066.12,702.63,141.56999999999994,194.49,xml_geometry_csv_action
BootPass_6,50,14,14,Position_Unknown,Team_Unknown,Action_PreSnap,1083.45,492.65,1197.45,650.64,114.0,157.99,xml_geometry_csv_action
BootPass_6,50,15,15,Position_Unknown,Team_Unknown,Action_PreSnap,683.26,486.4,800.79,626.65,117.52999999999997,140.25,xml_geometry_csv_action
BootPass_6,50,16,16,Position_Unknown,Team_Unknown,Action_PreSnap,478.19,457.51,597.73,584.7,119.54000000000002,127.19000000000005,xml_geometry_csv_action
BootPass_6,50,17,17,Position_Unknown,Team_Unknown,Action_PreSnap,919.5,558.21,1043.65,859.71,124.15000000000009,301.5,xml_geometry_csv_action
BootPass_6,50,3,3,Position_Unknown,Team_Unknown,Action_PreSnap,716.14,502.34,863.4,717.16,147.26,214.82,xml_geometry_csv_action
BootPass_6,50,4,4,Position_Unknown,Team_Unknown,Action_PreSnap,526.48,499.82,659.42,739.54,132.93999999999994,239.71999999999997,xml_geometry_csv_action
BootPass_6,50,5,5,Position_Unknown,Team_Unknown,Action_PreSnap,1316.56,526.16,1452.55,747.79,135.99,221.63,xml_geometry_csv_action
BootPass_6,50,6,6,Position_Unknown,Team_Unknown,Action_PreSnap,334.62,510.04,490.07,699.41,155.45,189.36999999999995,xml_geometry_csv_action
BootPass_6,50,7,7,Position_Unknown,Team_Unknown,Action_PreSnap,1564.39,56.8,1720.35,302.79,155.9599999999998,245.99,xml_geometry_csv_action
BootPass_6,50,8,8,Position_Unknown,Team_Unknown,Action_PreSnap,97.52,333.35,228.46,577.87,130.94,244.51999999999998,xml_geometry_csv_action
BootPass_6,50,9,9,Position_Unknown,Team_Unknown,Action_PreSnap,445.13,279.6,590.02,515.38,144.89,235.77999999999997,xml_geometry_csv_action
BootPass_6,51,0,0,Position_Unknown,Team_Unknown,Action_PreSnap,809.94,287.0,953.98,529.06,144.03999999999996,242.05999999999995,xml_geometry_csv_action
BootPass_6,51,1,1,Position_Unknown,Team_Unknown,Action_PreSnap,1501.37,495.64,1639.9,670.1,138.5300000000002,174.46000000000004,xml_geometry_csv_action
BootPass_6,51,10,10,Position_Unknown,Team_Unknown,Action_PreSnap,879.77,690.77,1031.77,954.68,152.0,263.90999999999997,xml_geometry_csv_action
BootPass_6,51,11,11,Position_Unknown,Team_Unknown,Action_PreSnap,1119.38,524.38,1274.35,727.74,154.9699999999998,203.36,xml_geometry_csv_action
BootPass_6,51,12,12,Position_Unknown,Team_Unknown,Action_PreSnap,1186.48,327.06,1326.59,536.7,140.1099999999999,209.64000000000004,xml_geometry_csv_action
BootPass_6,51,13,13,Position_Unknown,Team_Unknown,Action_PreSnap,923.65,507.88,1065.26,702.67,141.61,194.78999999999996,xml_geometry_csv_action
BootPass_6,51,14,14,Position_Unknown,Team_Unknown,Action_PreSnap,1083.02,492.66,1197.21,650.41,114.19000000000005,157.74999999999994,xml_geometry_csv_action
BootPass_6,51,15,15,Position_Unknown,Team_Unknown,Action_PreSnap,680.61,486.72,799.19,626.51,118.58000000000004,139.78999999999996,xml_geometry_csv_action
BootPass_6,51,16,16,Position_Unknown,Team_Unknown,Action_PreSnap,476.89,457.14,596.56,596.33,119.66999999999996,139.19000000000005,xml_geometry_csv_action
BootPass_6,51,17,17,Position_Unknown,Team_Unknown,Action_PreSnap,918.13,558.83,1042.73,859.29,124.60000000000002,300.4599999999999,xml_geometry_csv_action
BootPass_6,51,3,3,Position_Unknown,Team_Unknown,Action_PreSnap,716.32,503.04,863.01,717.51,146.68999999999994,214.46999999999997,xml_geometry_csv_action
BootPass_6,51,4,4,Position_Unknown,Team_Unknown,Action_PreSnap,523.56,497.4,654.02,733.49,130.46000000000004,236.09000000000003,xml_geometry_csv_action
BootPass_6,51,5,5,Position_Unknown,Team_Unknown,Action_PreSnap,1316.52,526.47,1452.58,747.74,136.05999999999995,221.26999999999998,xml_geometry_csv_action
BootPass_6,51,6,6,Position_Unknown,Team_Unknown,Action_PreSnap,335.31,509.76,490.07,699.18,154.76,189.41999999999996,xml_geometry_csv_action
BootPass_6,51,7,7,Position_Unknown,Team_Unknown,Action_PreSnap,1555.06,58.11,1721.89,302.52,166.83000000000015,244.40999999999997,xml_geometry_csv_action
BootPass_6,51,8,8,Position_Unknown,Team_Unknown,Action_PreSnap,97.7,334.36,233.93,577.76,136.23000000000002,243.39999999999998,xml_geometry_csv_action
BootPass_6,51,9,9,Position_Unknown,Team_Unknown,Action_PreSnap,443.41,279.28,590.08,515.72,146.67000000000002,236.44000000000005,xml_geometry_csv_action
BootPass_6,52,0,0,Position_Unknown,Team_Unknown,Action_PreSnap,810.5,287.45,954.41,529.16,143.90999999999997,241.70999999999998,xml_geometry_csv_action
BootPass_6,52,1,1,Position_Unknown,Team_Unknown,Action_PreSnap,1501.96,495.67,1639.05,671.29,137.08999999999992,175.61999999999995,xml_geometry_csv_action
BootPass_6,52,10,10,Position_Unknown,Team_Unknown,Action_PreSnap,880.75,691.64,1031.32,954.54,150.56999999999994,262.9,xml_geometry_csv_action
BootPass_6,52,11,11,Position_Unknown,Team_Unknown,Action_PreSnap,1119.5,525.65,1274.31,727.73,154.80999999999995,202.08000000000004,xml_geometry_csv_action
BootPass_6,52,12,12,Position_Unknown,Team_Unknown,Action_PreSnap,1187.11,327.21,1327.57,538.03,140.46000000000004,210.82,xml_geometry_csv_action
BootPass_6,52,13,13,Position_Unknown,Team_Unknown,Action_PreSnap,922.69,508.33,1063.94,701.98,141.25,193.65000000000003,xml_geometry_csv_action
BootPass_6,52,14,14,Position_Unknown,Team_Unknown,Action_PreSnap,1083.05,493.14,1197.98,650.95,114.93000000000006,157.81000000000006,xml_geometry_csv_action
BootPass_6,52,15,15,Position_Unknown,Team_Unknown,Action_PreSnap,681.44,487.15,801.88,645.83,120.43999999999994,158.68000000000006,xml_geometry_csv_action
BootPass_6,52,16,16,Position_Unknown,Team_Unknown,Action_PreSnap,474.06,457.19,595.87,625.13,121.81,167.94,xml_geometry_csv_action
BootPass_6,52,17,17,Position_Unknown,Team_Unknown,Action_PreSnap,918.01,559.47,1042.42,859.79,124.41000000000008,300.31999999999994,xml_geometry_csv_action
BootPass_6,52,2,2,Position_Unknown,Team_Unknown,Action_PreSnap,587.57,503.3,741.22,717.27,153.64999999999998,213.96999999999997,xml_geometry_csv_action
BootPass_6,52,3,3,Position_Unknown,Team_Unknown,Action_PreSnap,718.25,502.8,863.07,717.24,144.82000000000005,214.44,xml_geometry_csv_action
BootPass_6,52,4,4,Position_Unknown,Team_Unknown,Action_PreSnap,524.12,496.69,656.4,734.47,132.27999999999997,237.78000000000003,xml_geometry_csv_action
BootPass_6,52,5,5,Position_Unknown,Team_Unknown,Action_PreSnap,1316.38,527.11,1451.76,747.37,135.37999999999988,220.26,xml_geometry_csv_action
BootPass_6,52,6,6,Position_Unknown,Team_Unknown,Action_PreSnap,335.49,509.65,490.84,699.05,155.34999999999997,189.39999999999998,xml_geometry_csv_action
BootPass_6,52,7,7,Position_Unknown,Team_Unknown,Action_PreSnap,1549.95,60.44,1724.58,302.72,174.62999999999988,242.28000000000003,xml_geometry_csv_action
BootPass_6,52,8,8,Position_Unknown,Team_Unknown,Action_PreSnap,98.51,334.15,244.49,578.17,145.98000000000002,244.01999999999998,xml_geometry_csv_action
BootPass_6,52,9,9,Position_Unknown,Team_Unknown,Action_PreSnap,442.87,279.24,590.31,515.32,147.43999999999994,236.08000000000004,xml_geometry_csv_action
BootPass_6,53,0,0,Position_Unknown,Team_Unknown,Action_PreSnap,810.77,287.35,953.99,528.62,143.22000000000003,241.26999999999998,xml_geometry_csv_action
BootPass_6,53,1,1,Position_Unknown,Team_Unknown,Action_PreSnap,1501.35,495.37,1637.76,671.03,136.41000000000008,175.65999999999997,xml_geometry_csv_action
BootPass_6,53,10,10,Position_Unknown,Team_Unknown,Action_PreSnap,880.76,691.22,1031.41,953.95,150.6500000000001,262.73,xml_geometry_csv_action
BootPass_6,53,11,11,Position_Unknown,Team_Unknown,Action_PreSnap,1119.23,524.87,1273.47,727.13,154.24,202.26,xml_geometry_csv_action
BootPass_6,53,12,12,Position_Unknown,Team_Unknown,Action_PreSnap,1186.57,326.23,1326.55,538.31,139.98000000000002,212.07999999999993,xml_geometry_csv_action
BootPass_6,53,13,13,Position_Unknown,Team_Unknown,Action_PreSnap,921.59,507.94,1062.72,701.04,141.13,193.09999999999997,xml_geometry_csv_action
BootPass_6,53,14,14,Position_Unknown,Team_Unknown,Action_PreSnap,1082.65,492.86,1197.05,651.11,114.39999999999986,158.25,xml_geometry_csv_action
BootPass_6,53,16,16,Position_Unknown,Team_Unknown,Action_PreSnap,472.19,457.1,594.63,636.14,122.44,179.03999999999996,xml_geometry_csv_action
BootPass_6,53,17,17,Position_Unknown,Team_Unknown,Action_PreSnap,916.91,558.58,1041.93,858.95,125.0200000000001,300.37,xml_geometry_csv_action
BootPass_6,53,2,2,Position_Unknown,Team_Unknown,Action_PreSnap,604.44,509.35,761.36,714.83,156.91999999999996,205.48000000000002,xml_geometry_csv_action
BootPass_6,53,3,3,Position_Unknown,Team_Unknown,Action_PreSnap,718.5,502.31,862.72,719.92,144.22000000000003,217.60999999999996,xml_geometry_csv_action
BootPass_6,53,4,4,Position_Unknown,Team_Unknown,Action_PreSnap,522.96,495.8,655.03,732.3,132.06999999999994,236.49999999999994,xml_geometry_csv_action
BootPass_6,53,5,5,Position_Unknown,Team_Unknown,Action_PreSnap,1315.63,526.71,1451.12,746.49,135.48999999999978,219.77999999999997,xml_geometry_csv_action
BootPass_6,53,6,6,Position_Unknown,Team_Unknown,Action_PreSnap,335.29,509.13,491.03,698.88,155.73999999999995,189.75,xml_geometry_csv_action
BootPass_6,53,7,7,Position_Unknown,Team_Unknown,Action_PreSnap,1548.24,62.53,1725.6,302.92,177.3599999999999,240.39000000000001,xml_geometry_csv_action
BootPass_6,53,8,8,Position_Unknown,Team_Unknown,Action_PreSnap,96.35,330.68,255.49,578.84,159.14000000000001,248.16000000000003,xml_geometry_csv_action
BootPass_6,53,9,9,Position_Unknown,Team_Unknown,Action_PreSnap,441.85,278.89,589.54,513.65,147.68999999999994,234.76,xml_geometry_csv_action
BootPass_6,54,0,0,Position_Unknown,Team_Unknown,Action_PreSnap,812.27,286.96,954.4,528.43,142.13,241.46999999999997,xml_geometry_csv_action
BootPass_6,54,1,1,Position_Unknown,Team_Unknown,Action_PreSnap,1501.58,494.92,1637.64,670.78,136.06000000000017,175.85999999999996,xml_geometry_csv_action
BootPass_6,54,10,10,Position_Unknown,Team_Unknown,Action_PreSnap,880.9,691.44,1031.52,953.48,150.62,262.03999999999996,xml_geometry_csv_action
BootPass_6,54,11,11,Position_Unknown,Team_Unknown,Action_PreSnap,1119.57,524.01,1273.46,726.76,153.8900000000001,202.75,xml_geometry_csv_action
BootPass_6,54,12,12,Position_Unknown,Team_Unknown,Action_PreSnap,1187.56,324.84,1326.06,537.58,138.5,212.74000000000007,xml_geometry_csv_action
BootPass_6,54,13,13,Position_Unknown,Team_Unknown,Action_PreSnap,921.33,507.6,1061.96,700.78,140.63,193.17999999999995,xml_geometry_csv_action
BootPass_6,54,14,14,Position_Unknown,Team_Unknown,Action_PreSnap,1082.93,492.54,1197.28,650.95,114.34999999999991,158.41000000000003,xml_geometry_csv_action
BootPass_6,54,16,16,Position_Unknown,Team_Unknown,Action_PreSnap,471.9,456.46,595.9,639.44,124.0,182.98000000000008,xml_geometry_csv_action
BootPass_6,54,17,17,Position_Unknown,Team_Unknown,Action_PreSnap,918.08,558.33,1042.18,859.55,124.10000000000002,301.2199999999999,xml_geometry_csv_action
BootPass_6,54,2,2,Position_Unknown,Team_Unknown,Action_PreSnap,617.28,492.76,796.48,717.4,179.20000000000005,224.64,xml_geometry_csv_action
BootPass_6,54,3,3,Position_Unknown,Team_Unknown,Action_PreSnap,720.66,499.39,862.99,725.46,142.33000000000004,226.07000000000005,xml_geometry_csv_action
BootPass_6,54,4,4,Position_Unknown,Team_Unknown,Action_PreSnap,522.42,495.33,656.23,730.53,133.81000000000006,235.2,xml_geometry_csv_action
BootPass_6,54,5,5,Position_Unknown,Team_Unknown,Action_PreSnap,1315.59,526.33,1451.38,746.16,135.7900000000002,219.82999999999993,xml_geometry_csv_action
BootPass_6,54,6,6,Position_Unknown,Team_Unknown,Action_PreSnap,335.87,509.01,492.22,698.96,156.35000000000002,189.95000000000005,xml_geometry_csv_action
BootPass_6,54,7,7,Position_Unknown,Team_Unknown,Action_PreSnap,1572.37,64.52,1725.86,304.18,153.49,239.66000000000003,xml_geometry_csv_action
BootPass_6,54,8,8,Position_Unknown,Team_Unknown,Action_PreSnap,97.1,325.19,267.75,577.94,170.65,252.75000000000006,xml_geometry_csv_action
BootPass_6,54,9,9,Position_Unknown,Team_Unknown,Action_PreSnap,442.56,277.82,589.43,512.89,146.86999999999995,235.07,xml_geometry_csv_action
BootPass_6,55,0,0,Position_Unknown,Team_Unknown,Action_PreSnap,813.04,287.38,953.95,528.75,140.91000000000008,241.37,xml_geometry_csv_action
BootPass_6,55,1,1,Position_Unknown,Team_Unknown,Action_PreSnap,1501.57,495.09,1637.06,670.94,135.49,175.85000000000008,xml_geometry_csv_action
BootPass_6,55,10,10,Position_Unknown,Team_Unknown,Action_PreSnap,880.52,691.9,1031.07,953.46,150.54999999999995,261.56000000000006,xml_geometry_csv_action
BootPass_6,55,11,11,Position_Unknown,Team_Unknown,Action_PreSnap,1119.69,523.59,1273.33,727.13,153.63999999999987,203.53999999999996,xml_geometry_csv_action
BootPass_6,55,12,12,Position_Unknown,Team_Unknown,Action_PreSnap,1187.36,324.41,1325.59,537.8,138.23000000000002,213.38999999999993,xml_geometry_csv_action
BootPass_6,55,13,13,Position_Unknown,Team_Unknown,Action_PreSnap,921.76,507.94,1061.55,700.12,139.78999999999996,192.18,xml_geometry_csv_action
BootPass_6,55,14,14,Position_Unknown,Team_Unknown,Action_PreSnap,1082.72,492.93,1196.57,651.01,113.84999999999991,158.07999999999998,xml_geometry_csv_action
BootPass_6,55,16,16,Position_Unknown,Team_Unknown,Action_PreSnap,471.0,456.79,596.25,642.2,125.25,185.41000000000003,xml_geometry_csv_action
BootPass_6,55,17,17,Position_Unknown,Team_Unknown,Action_PreSnap,920.25,558.66,1042.77,860.13,122.51999999999998,301.47,xml_geometry_csv_action
BootPass_6,55,2,2,Position_Unknown,Team_Unknown,Action_PreSnap,619.17,486.49,828.11,733.4,208.94000000000005,246.90999999999997,xml_geometry_csv_action
BootPass_6,55,4,4,Position_Unknown,Team_Unknown,Action_PreSnap,521.53,495.56,656.65,726.83,135.12,231.27000000000004,xml_geometry_csv_action
BootPass_6,55,5,5,Position_Unknown,Team_Unknown,Action_PreSnap,1315.63,526.46,1451.25,746.24,135.6199999999999,219.77999999999997,xml_geometry_csv_action
BootPass_6,55,6,6,Position_Unknown,Team_Unknown,Action_PreSnap,336.31,509.27,492.65,699.17,156.33999999999997,189.89999999999998,xml_geometry_csv_action
BootPass_6,55,7,7,Position_Unknown,Team_Unknown,Action_PreSnap,1598.38,67.99,1724.55,307.0,126.16999999999985,239.01,xml_geometry_csv_action
BootPass_6,55,8,8,Position_Unknown,Team_Unknown,Action_PreSnap,99.43,318.83,277.59,576.51,178.15999999999997,257.68,xml_geometry_csv_action
BootPass_6,55,9,9,Position_Unknown,Team_Unknown,Action_PreSnap,443.44,277.55,589.15,512.81,145.70999999999998,235.25999999999993,xml_geometry_csv_action
BootPass_6,56,0,0,Position_Unknown,Team_Unknown,Action_PreSnap,813.8,286.7,954.76,529.17,140.96000000000004,242.46999999999997,xml_geometry_csv_action
BootPass_6,56,1,1,Position_Unknown,Team_Unknown,Action_PreSnap,1502.46,494.74,1638.5,670.47,136.03999999999996,175.73000000000002,xml_geometry_csv_action
BootPass_6,56,10,10,Position_Unknown,Team_Unknown,Action_PreSnap,881.47,691.34,1031.74,952.72,150.26999999999998,261.38,xml_geometry_csv_action
BootPass_6,56,11,11,Position_Unknown,Team_Unknown,Action_PreSnap,1120.62,523.08,1273.93,726.53,153.31000000000017,203.44999999999993,xml_geometry_csv_action
BootPass_6,56,12,12,Position_Unknown,Team_Unknown,Action_PreSnap,1188.12,322.21,1326.24,537.32,138.12000000000012,215.11000000000007,xml_geometry_csv_action
BootPass_6,56,13,13,Position_Unknown,Team_Unknown,Action_PreSnap,924.05,508.46,1062.73,698.9,138.68000000000006,190.44,xml_geometry_csv_action
BootPass_6,56,14,14,Position_Unknown,Team_Unknown,Action_PreSnap,1083.26,492.59,1197.62,651.31,114.3599999999999,158.71999999999997,xml_geometry_csv_action
BootPass_6,56,15,15,Position_Unknown,Team_Unknown,Action_PreSnap,685.7,479.92,808.41,625.74,122.70999999999992,145.82,xml_geometry_csv_action
BootPass_6,56,16,16,Position_Unknown,Team_Unknown,Action_PreSnap,472.27,455.83,597.12,644.14,124.85000000000002,188.31,xml_geometry_csv_action
BootPass_6,56,17,17,Position_Unknown,Team_Unknown,Action_PreSnap,923.05,558.25,1045.76,859.62,122.71000000000004,301.37,xml_geometry_csv_action
BootPass_6,56,3,3,Position_Unknown,Team_Unknown,Action_PreSnap,726.24,489.88,862.3,708.54,136.05999999999995,218.65999999999997,xml_geometry_csv_action
BootPass_6,56,4,4,Position_Unknown,Team_Unknown,Action_PreSnap,522.33,495.45,660.07,724.35,137.74,228.90000000000003,xml_geometry_csv_action
BootPass_6,56,5,5,Position_Unknown,Team_Unknown,Action_PreSnap,1316.71,525.97,1452.42,746.18,135.71000000000004,220.20999999999992,xml_geometry_csv_action
BootPass_6,56,6,6,Position_Unknown,Team_Unknown,Action_PreSnap,337.98,508.89,494.28,698.19,156.29999999999995,189.30000000000007,xml_geometry_csv_action
BootPass_6,56,7,7,Position_Unknown,Team_Unknown,Action_PreSnap,1585.41,70.73,1725.94,309.42,140.52999999999997,238.69,xml_geometry_csv_action
BootPass_6,56,8,8,Position_Unknown,Team_Unknown,Action_PreSnap,106.07,310.35,285.47,572.72,179.40000000000003,262.37,xml_geometry_csv_action
BootPass_6,56,9,9,Position_Unknown,Team_Unknown,Action_PreSnap,446.17,277.16,590.44,512.1,144.27000000000004,234.94,xml_geometry_csv_action
BootPass_6,57,0,0,Position_Unknown,Team_Unknown,Action_PreSnap,813.79,286.24,955.57,529.44,141.7800000000001,243.20000000000005,xml_geometry_csv_action
BootPass_6,57,1,1,Position_Unknown,Team_Unknown,Action_PreSnap,1502.78,494.62,1639.25,670.47,136.47000000000003,175.85000000000002,xml_geometry_csv_action
BootPass_6,57,10,10,Position_Unknown,Team_Unknown,Action_PreSnap,882.53,691.07,1031.91,952.68,149.3800000000001,261.6099999999999,xml_geometry_csv_action
BootPass_6,57,11,11,Position_Unknown,Team_Unknown,Action_PreSnap,1121.04,523.34,1274.5,726.64,153.46000000000004,203.29999999999995,xml_geometry_csv_action
BootPass_6,57,12,12,Position_Unknown,Team_Unknown,Action_PreSnap,1188.33,320.92,1325.86,537.23,137.52999999999997,216.31,xml_geometry_csv_action
BootPass_6,57,13,13,Position_Unknown,Team_Unknown,Action_PreSnap,925.52,508.49,1064.19,698.62,138.67000000000007,190.13,xml_geometry_csv_action
BootPass_6,57,14,14,Position_Unknown,Team_Unknown,Action_PreSnap,1083.28,492.74,1198.0,651.59,114.72000000000003,158.85000000000002,xml_geometry_csv_action
BootPass_6,57,15,15,Position_Unknown,Team_Unknown,Action_PreSnap,686.75,481.62,808.03,624.83,121.27999999999997,143.21000000000004,xml_geometry_csv_action
BootPass_6,57,16,16,Position_Unknown,Team_Unknown,Action_PreSnap,473.01,455.76,597.19,646.65,124.18000000000006,190.89,xml_geometry_csv_action
BootPass_6,57,17,17,Position_Unknown,Team_Unknown,Action_PreSnap,922.87,557.63,1046.44,859.95,123.57000000000005,302.32000000000005,xml_geometry_csv_action
BootPass_6,57,2,2,Position_Unknown,Team_Unknown,Action_PreSnap,704.47,490.11,860.83,750.14,156.36,260.03,xml_geometry_csv_action
BootPass_6,57,4,4,Position_Unknown,Team_Unknown,Action_PreSnap,523.35,495.62,660.0,723.15,136.64999999999998,227.52999999999997,xml_geometry_csv_action
BootPass_6,57,5,5,Position_Unknown,Team_Unknown,Action_PreSnap,1317.47,525.74,1452.79,746.24,135.31999999999994,220.5,xml_geometry_csv_action
BootPass_6,57,6,6,Position_Unknown,Team_Unknown,Action_PreSnap,338.79,508.75,494.61,697.86,155.82,189.11,xml_geometry_csv_action
BootPass_6,57,7,7,Position_Unknown,Team_Unknown,Action_PreSnap,1568.44,75.31,1728.13,312.19,159.69000000000005,236.88,xml_geometry_csv_action
BootPass_6,57,8,8,Position_Unknown,Team_Unknown,Action_PreSnap,116.15,302.08,288.94,568.43,172.79,266.34999999999997,xml_geometry_csv_action
BootPass_6,57,9,9,Position_Unknown,Team_Unknown,Action_PreSnap,449.09,277.16,591.76,510.1,142.67000000000002,232.94,xml_geometry_csv_action
BootPass_6,58,0,0,Position_Unknown,Team_Unknown,Action_PreSnap,814.19,286.15,956.76,528.72,142.56999999999994,242.57000000000005,xml_geometry_csv_action
BootPass_6,58,1,1,Position_Unknown,Team_Unknown,Action_PreSnap,1503.36,494.29,1639.97,669.39,136.61000000000013,175.09999999999997,xml_geometry_csv_action
BootPass_6,58,10,10,Position_Unknown,Team_Unknown,Action_PreSnap,883.92,690.71,1031.71,951.89,147.79000000000008,261.17999999999995,xml_geometry_csv_action
BootPass_6,58,11,11,Position_Unknown,Team_Unknown,Action_PreSnap,1121.66,523.97,1274.67,726.14,153.01,202.16999999999996,xml_geometry_csv_action
BootPass_6,58,12,12,Position_Unknown,Team_Unknown,Action_PreSnap,1188.78,319.24,1326.26,536.88,137.48000000000002,217.64,xml_geometry_csv_action
BootPass_6,58,13,13,Position_Unknown,Team_Unknown,Action_PreSnap,928.45,507.87,1065.51,699.06,137.05999999999995,191.18999999999994,xml_geometry_csv_action
BootPass_6,58,14,14,Position_Unknown,Team_Unknown,Action_PreSnap,1083.42,492.35,1198.99,651.34,115.56999999999994,158.99,xml_geometry_csv_action
BootPass_6,58,15,15,Position_Unknown,Team_Unknown,Action_PreSnap,686.73,482.3,811.1,631.58,124.37,149.28000000000003,xml_geometry_csv_action
BootPass_6,58,16,16,Position_Unknown,Team_Unknown,Action_PreSnap,474.14,455.11,597.7,647.47,123.56000000000006,192.36,xml_geometry_csv_action
BootPass_6,58,17,17,Position_Unknown,Team_Unknown,Action_PreSnap,922.01,555.74,1045.39,858.61,123.38000000000011,302.87,xml_geometry_csv_action
BootPass_6,58,2,2,Position_Unknown,Team_Unknown,Action_PreSnap,719.06,501.08,867.54,754.97,148.48000000000002,253.89000000000004,xml_geometry_csv_action
BootPass_6,58,4,4,Position_Unknown,Team_Unknown,Action_PreSnap,524.31,495.42,659.79,722.86,135.48000000000002,227.44,xml_geometry_csv_action
BootPass_6,58,5,5,Position_Unknown,Team_Unknown,Action_PreSnap,1317.78,524.76,1452.61,745.6,134.82999999999993,220.84000000000003,xml_geometry_csv_action
BootPass_6,58,6,6,Position_Unknown,Team_Unknown,Action_PreSnap,340.37,508.49,495.48,697.38,155.11,188.89,xml_geometry_csv_action
BootPass_6,58,7,7,Position_Unknown,Team_Unknown,Action_PreSnap,1567.66,80.82,1731.6,314.65,163.93999999999983,233.82999999999998,xml_geometry_csv_action
BootPass_6,58,8,8,Position_Unknown,Team_Unknown,Action_PreSnap,129.05,293.06,292.03,563.3,162.97999999999996,270.23999999999995,xml_geometry_csv_action
BootPass_6,58,9,9,Position_Unknown,Team_Unknown,Action_PreSnap,451.76,276.95,592.48,508.86,140.72000000000003,231.91000000000003,xml_geometry_csv_action
BootPass_6,59,0,0,Position_Unknown,Team_Unknown,Action_PreSnap,814.96,286.51,956.55,529.58,141.58999999999992,243.07000000000005,xml_geometry_csv_action
BootPass_6,59,1,1,Position_Unknown,Team_Unknown,Action_PreSnap,1503.45,494.4,1639.92,669.12,136.47000000000003,174.72000000000003,xml_geometry_csv_action
BootPass_6,59,10,10,Position_Unknown,Team_Unknown,Action_PreSnap,884.68,691.02,1031.68,951.67,147.0000000000001,260.65,xml_geometry_csv_action
BootPass_6,59,11,11,Position_Unknown,Team_Unknown,Action_PreSnap,1121.51,524.06,1274.33,725.82,152.81999999999994,201.7600000000001,xml_geometry_csv_action
BootPass_6,59,12,12,Position_Unknown,Team_Unknown,Action_PreSnap,1187.84,317.62,1325.28,537.62,137.44000000000005,220.0,xml_geometry_csv_action
BootPass_6,59,13,13,Position_Unknown,Team_Unknown,Action_PreSnap,930.35,507.85,1065.92,700.34,135.57000000000005,192.49,xml_geometry_csv_action
BootPass_6,59,14,14,Position_Unknown,Team_Unknown,Action_PreSnap,1083.64,492.51,1198.72,651.57,115.07999999999993,159.06000000000006,xml_geometry_csv_action
BootPass_6,59,15,15,Position_Unknown,Team_Unknown,Action_PreSnap,686.49,483.46,811.86,641.76,125.37,158.3,xml_geometry_csv_action
BootPass_6,59,16,16,Position_Unknown,Team_Unknown,Action_PreSnap,474.39,455.23,596.73,647.38,122.34000000000003,192.14999999999998,xml_geometry_csv_action
BootPass_6,59,17,17,Position_Unknown,Team_Unknown,Action_PreSnap,922.2,556.3,1044.57,857.89,122.36999999999989,301.59000000000003,xml_geometry_csv_action
BootPass_6,59,2,2,Position_Unknown,Team_Unknown,Action_PreSnap,725.41,505.43,878.57,756.23,153.16000000000008,250.8,xml_geometry_csv_action
BootPass_6,59,4,4,Position_Unknown,Team_Unknown,Action_PreSnap,525.01,495.28,660.17,722.49,135.15999999999997,227.21000000000004,xml_geometry_csv_action
BootPass_6,59,5,5,Position_Unknown,Team_Unknown,Action_PreSnap,1317.59,524.67,1452.72,745.54,135.1300000000001,220.87,xml_geometry_csv_action
BootPass_6,59,6,6,Position_Unknown,Team_Unknown,Action_PreSnap,340.85,508.57,494.99,696.91,154.14,188.33999999999997,xml_geometry_csv_action
BootPass_6,59,7,7,Position_Unknown,Team_Unknown,Action_PreSnap,1572.74,88.42,1735.69,316.84,162.95000000000005,228.41999999999996,xml_geometry_csv_action
BootPass_6,59,8,8,Position_Unknown,Team_Unknown,Action_PreSnap,143.09,285.04,293.34,560.08,150.24999999999997,275.04,xml_geometry_csv_action
BootPass_6,59,9,9,Position_Unknown,Team_Unknown,Action_PreSnap,453.6,277.49,592.13,508.23,138.52999999999997,230.74,xml_geometry_csv_action
BootPass_6,60,0,0,Position_Unknown,Team_Unknown,Action_PreSnap,815.6,285.45,957.93,528.99,142.32999999999993,243.54000000000002,xml_geometry_csv_action
BootPass_6,60,1,1,Position_Unknown,Team_Unknown,Action_PreSnap,1505.3,493.56,1641.9,668.04,136.60000000000014,174.47999999999996,xml_geometry_csv_action
BootPass_6,60,10,10,Position_Unknown,Team_Unknown,Action_PreSnap,886.18,690.48,1033.0,950.61,146.82000000000005,260.13,xml_geometry_csv_action
BootPass_6,60,11,11,Position_Unknown,Team_Unknown,Action_PreSnap,1123.08,523.78,1275.0,724.52,151.92000000000007,200.74,xml_geometry_csv_action
BootPass_6,60,12,12,Position_Unknown,Team_Unknown,Action_PreSnap,1188.57,315.56,1326.69,535.98,138.12000000000012,220.42000000000002,xml_geometry_csv_action
BootPass_6,60,13,13,Position_Unknown,Team_Unknown,Action_PreSnap,931.88,506.07,1068.86,699.74,136.9799999999999,193.67000000000002,xml_geometry_csv_action
BootPass_6,60,14,14,Position_Unknown,Team_Unknown,Action_PreSnap,1084.85,491.49,1199.39,650.65,114.54000000000019,159.15999999999997,xml_geometry_csv_action
BootPass_6,60,15,15,Position_Unknown,Team_Unknown,Action_PreSnap,688.25,481.36,814.25,653.62,126.0,172.26,xml_geometry_csv_action
BootPass_6,60,16,16,Position_Unknown,Team_Unknown,Action_PreSnap,474.64,454.43,598.47,647.31,123.83000000000004,192.87999999999994,xml_geometry_csv_action
BootPass_6,60,17,17,Position_Unknown,Team_Unknown,Action_PreSnap,925.49,554.8,1045.33,856.22,119.83999999999992,301.4200000000001,xml_geometry_csv_action
BootPass_6,60,2,2,Position_Unknown,Team_Unknown,Action_PreSnap,730.15,493.98,894.51,753.89,164.36,259.90999999999997,xml_geometry_csv_action
BootPass_6,60,4,4,Position_Unknown,Team_Unknown,Action_PreSnap,527.1,494.22,662.28,721.53,135.17999999999995,227.30999999999995,xml_geometry_csv_action
BootPass_6,60,5,5,Position_Unknown,Team_Unknown,Action_PreSnap,1319.09,523.34,1454.63,745.01,135.5400000000002,221.66999999999996,xml_geometry_csv_action
BootPass_6,60,6,6,Position_Unknown,Team_Unknown,Action_PreSnap,342.71,507.14,496.09,695.99,153.38,188.85000000000002,xml_geometry_csv_action
BootPass_6,60,7,7,Position_Unknown,Team_Unknown,Action_PreSnap,1583.43,91.96,1742.51,318.63,159.07999999999993,226.67000000000002,xml_geometry_csv_action
BootPass_6,60,8,8,Position_Unknown,Team_Unknown,Action_PreSnap,159.15,276.85,301.11,556.27,141.96,279.41999999999996,xml_geometry_csv_action
BootPass_6,60,9,9,Position_Unknown,Team_Unknown,Action_PreSnap,456.55,276.84,595.02,505.63,138.46999999999997,228.79000000000002,xml_geometry_csv_action
BootPass_6,61,0,0,Position_Unknown,Team_Unknown,Action_PreSnap,817.3,285.43,959.34,526.23,142.04000000000008,240.8,xml_geometry_csv_action
BootPass_6,61,1,1,Position_Unknown,Team_Unknown,Action_PreSnap,1507.39,493.3,1644.97,667.98,137.57999999999993,174.68,xml_geometry_csv_action
BootPass_6,61,10,10,Position_Unknown,Team_Unknown,Action_PreSnap,887.94,691.42,1035.88,950.46,147.94000000000005,259.0400000000001,xml_geometry_csv_action
BootPass_6,61,11,11,Position_Unknown,Team_Unknown,Action_PreSnap,1125.43,523.08,1276.45,723.92,151.01999999999998,200.83999999999992,xml_geometry_csv_action
BootPass_6,61,12,12,Position_Unknown,Team_Unknown,Action_PreSnap,1189.5,313.85,1328.11,534.69,138.6099999999999,220.84000000000003,xml_geometry_csv_action
BootPass_6,61,13,13,Position_Unknown,Team_Unknown,Action_PreSnap,936.72,505.53,1072.06,699.99,135.33999999999992,194.46000000000004,xml_geometry_csv_action
BootPass_6,61,14,14,Position_Unknown,Team_Unknown,Action_PreSnap,1086.54,490.91,1200.77,649.83,114.23000000000002,158.92000000000002,xml_geometry_csv_action
BootPass_6,61,15,15,Position_Unknown,Team_Unknown,Action_PreSnap,689.96,480.45,816.24,652.51,126.27999999999997,172.06,xml_geometry_csv_action
BootPass_6,61,16,16,Position_Unknown,Team_Unknown,Action_PreSnap,475.98,454.56,600.55,646.81,124.56999999999994,192.24999999999994,xml_geometry_csv_action
BootPass_6,61,17,17,Position_Unknown,Team_Unknown,Action_PreSnap,931.73,556.79,1046.86,856.23,115.12999999999988,299.44000000000005,xml_geometry_csv_action
BootPass_6,61,2,2,Position_Unknown,Team_Unknown,Action_PreSnap,788.28,481.37,921.61,753.43,133.33000000000004,272.05999999999995,xml_geometry_csv_action
BootPass_6,61,3,3,Position_Unknown,Team_Unknown,Action_PreSnap,720.85,490.85,862.43,715.06,141.57999999999993,224.20999999999992,xml_geometry_csv_action
BootPass_6,61,4,4,Position_Unknown,Team_Unknown,Action_PreSnap,529.43,494.06,664.63,720.84,135.20000000000005,226.78000000000003,xml_geometry_csv_action
BootPass_6,61,5,5,Position_Unknown,Team_Unknown,Action_PreSnap,1321.07,522.94,1456.23,745.3,135.16000000000008,222.3599999999999,xml_geometry_csv_action
BootPass_6,61,6,6,Position_Unknown,Team_Unknown,Action_PreSnap,343.94,506.01,498.02,695.77,154.07999999999998,189.76,xml_geometry_csv_action
BootPass_6,61,7,7,Position_Unknown,Team_Unknown,Action_PreSnap,1596.1,94.22,1750.56,321.45,154.46000000000004,227.23,xml_geometry_csv_action
BootPass_6,61,8,8,Position_Unknown,Team_Unknown,Action_PreSnap,174.32,270.5,309.24,551.52,134.92000000000002,281.02,xml_geometry_csv_action
BootPass_6,61,9,9,Position_Unknown,Team_Unknown,Action_PreSnap,460.41,276.75,599.85,501.68,139.44,224.93,xml_geometry_csv_action
BootPass_6,62,0,0,Position_Unknown,Team_Unknown,Action_PreSnap,823.7,284.3,962.33,521.45,138.63,237.15000000000003,xml_geometry_csv_action
BootPass_6,62,1,1,Position_Unknown,Team_Unknown,Action_PreSnap,1513.05,492.34,1650.0,666.87,136.95000000000005,174.53000000000003,xml_geometry_csv_action
BootPass_6,62,10,10,Position_Unknown,Team_Unknown,Action_PreSnap,893.26,691.34,1041.95,949.49,148.69000000000005,258.15,xml_geometry_csv_action
BootPass_6,62,11,11,Position_Unknown,Team_Unknown,Action_PreSnap,1131.95,521.97,1282.43,722.5,150.48000000000002,200.52999999999997,xml_geometry_csv_action
BootPass_6,62,12,12,Position_Unknown,Team_Unknown,Action_PreSnap,1194.81,310.53,1333.24,531.86,138.43000000000006,221.33000000000004,xml_geometry_csv_action
BootPass_6,62,13,13,Position_Unknown,Team_Unknown,Action_PreSnap,943.64,503.91,1075.03,696.83,131.39,192.92000000000002,xml_geometry_csv_action
BootPass_6,62,14,14,Position_Unknown,Team_Unknown,Action_PreSnap,1091.84,490.61,1207.54,647.84,115.70000000000005,157.23000000000002,xml_geometry_csv_action
BootPass_6,62,15,15,Position_Unknown,Team_Unknown,Action_PreSnap,695.22,479.85,816.36,638.31,121.13999999999999,158.45999999999992,xml_geometry_csv_action
BootPass_6,62,16,16,Position_Unknown,Team_Unknown,Action_PreSnap,480.95,452.02,604.51,645.73,123.56,193.71000000000004,xml_geometry_csv_action
BootPass_6,62,17,17,Position_Unknown,Team_Unknown,Action_PreSnap,940.71,555.51,1053.32,855.78,112.6099999999999,300.27,xml_geometry_csv_action
BootPass_6,62,2,2,Position_Unknown,Team_Unknown,Action_PreSnap,825.04,481.93,947.26,750.37,122.22000000000003,268.44,xml_geometry_csv_action
BootPass_6,62,3,3,Position_Unknown,Team_Unknown,Action_PreSnap,726.48,495.53,865.69,717.64,139.21000000000004,222.11,xml_geometry_csv_action
BootPass_6,62,4,4,Position_Unknown,Team_Unknown,Action_PreSnap,534.78,492.98,668.72,718.83,133.94000000000005,225.85000000000002,xml_geometry_csv_action
BootPass_6,62,5,5,Position_Unknown,Team_Unknown,Action_PreSnap,1326.13,521.86,1461.49,744.31,135.3599999999999,222.44999999999993,xml_geometry_csv_action
BootPass_6,62,6,6,Position_Unknown,Team_Unknown,Action_PreSnap,349.0,503.74,503.17,694.26,154.17000000000002,190.51999999999998,xml_geometry_csv_action
BootPass_6,62,7,7,Position_Unknown,Team_Unknown,Action_PreSnap,1609.49,93.94,1762.45,322.55,152.96000000000004,228.61,xml_geometry_csv_action
BootPass_6,62,8,8,Position_Unknown,Team_Unknown,Action_PreSnap,189.1,265.3,318.2,545.91,129.1,280.60999999999996,xml_geometry_csv_action
BootPass_6,62,9,9,Position_Unknown,Team_Unknown,Action_PreSnap,467.47,275.27,610.76,496.63,143.28999999999996,221.36,xml_geometry_csv_action
BootPass_6,63,0,0,Position_Unknown,Team_Unknown,Action_PreSnap,824.38,284.22,959.09,515.76,134.71000000000004,231.53999999999996,xml_geometry_csv_action
BootPass_6,63,1,1,Position_Unknown,Team_Unknown,Action_PreSnap,1513.94,492.91,1650.35,666.71,136.40999999999985,173.8,xml_geometry_csv_action
BootPass_6,63,10,10,Position_Unknown,Team_Unknown,Action_PreSnap,893.33,691.85,1043.22,950.06,149.89,258.2099999999999,xml_geometry_csv_action
BootPass_6,63,11,11,Position_Unknown,Team_Unknown,Action_PreSnap,1132.43,522.27,1282.97,722.06,150.53999999999996,199.78999999999996,xml_geometry_csv_action
BootPass_6,63,12,12,Position_Unknown,Team_Unknown,Action_PreSnap,1195.93,308.25,1334.38,534.07,138.45000000000005,225.82000000000005,xml_geometry_csv_action
BootPass_6,63,13,13,Position_Unknown,Team_Unknown,Action_PreSnap,953.0,502.67,1075.69,697.12,122.69000000000005,194.45,xml_geometry_csv_action
BootPass_6,63,14,14,Position_Unknown,Team_Unknown,Action_PreSnap,1092.49,490.95,1209.16,648.34,116.67000000000007,157.39000000000004,xml_geometry_csv_action
BootPass_6,63,15,15,Position_Unknown,Team_Unknown,Action_PreSnap,695.37,480.58,813.67,632.26,118.29999999999995,151.68,xml_geometry_csv_action
BootPass_6,63,16,16,Position_Unknown,Team_Unknown,Action_PreSnap,481.71,451.7,604.24,645.38,122.53000000000003,193.68,xml_geometry_csv_action
BootPass_6,63,17,17,Position_Unknown,Team_Unknown,Action_PreSnap,939.12,555.82,1053.77,856.55,114.64999999999998,300.7299999999999,xml_geometry_csv_action
BootPass_6,63,2,2,Position_Unknown,Team_Unknown,Action_PreSnap,845.48,470.17,971.87,748.14,126.38999999999999,277.96999999999997,xml_geometry_csv_action
BootPass_6,63,3,3,Position_Unknown,Team_Unknown,Action_PreSnap,725.99,497.3,869.81,725.04,143.81999999999994,227.73999999999995,xml_geometry_csv_action
BootPass_6,63,4,4,Position_Unknown,Team_Unknown,Action_PreSnap,535.82,493.1,668.85,718.42,133.02999999999997,225.31999999999994,xml_geometry_csv_action
BootPass_6,63,5,5,Position_Unknown,Team_Unknown,Action_PreSnap,1326.68,522.26,1462.68,744.61,136.0,222.35000000000002,xml_geometry_csv_action
BootPass_6,63,6,6,Position_Unknown,Team_Unknown,Action_PreSnap,350.27,503.87,503.49,694.23,153.22000000000003,190.36,xml_geometry_csv_action
BootPass_6,63,7,7,Position_Unknown,Team_Unknown,Action_PreSnap,1618.11,93.82,1773.07,323.66,154.96000000000004,229.84000000000003,xml_geometry_csv_action
BootPass_6,63,8,8,Position_Unknown,Team_Unknown,Action_PreSnap,198.12,262.14,321.03,543.12,122.90999999999997,280.98,xml_geometry_csv_action
BootPass_6,63,9,9,Position_Unknown,Team_Unknown,Action_PreSnap,469.74,274.43,619.01,493.26,149.26999999999998,218.82999999999998,xml_geometry_csv_action
BootPass_6,64,0,0,Position_Unknown,Team_Unknown,Action_PreSnap,823.69,284.03,959.88,512.15,136.18999999999994,228.12,xml_geometry_csv_action
BootPass_6,64,1,1,Position_Unknown,Team_Unknown,Action_PreSnap,1512.55,492.09,1649.04,666.19,136.49,174.10000000000008,xml_geometry_csv_action
BootPass_6,64,10,10,Position_Unknown,Team_Unknown,Action_PreSnap,891.22,690.74,1041.66,949.57,150.44000000000005,258.83000000000004,xml_geometry_csv_action
BootPass_6,64,11,11,Position_Unknown,Team_Unknown,Action_PreSnap,1130.99,521.09,1281.37,721.58,150.37999999999988,200.49,xml_geometry_csv_action
BootPass_6,64,12,12,Position_Unknown,Team_Unknown,Action_PreSnap,1194.42,306.17,1333.22,532.65,138.79999999999995,226.47999999999996,xml_geometry_csv_action
BootPass_6,64,13,13,Position_Unknown,Team_Unknown,Action_PreSnap,956.44,502.73,1075.4,696.11,118.96000000000004,193.38,xml_geometry_csv_action
BootPass_6,64,14,14,Position_Unknown,Team_Unknown,Action_PreSnap,1091.22,490.11,1206.69,648.22,115.47000000000003,158.11,xml_geometry_csv_action
BootPass_6,64,15,15,Position_Unknown,Team_Unknown,Action_PreSnap,693.77,479.83,810.63,630.18,116.86000000000001,150.34999999999997,xml_geometry_csv_action
BootPass_6,64,16,16,Position_Unknown,Team_Unknown,Action_PreSnap,480.33,451.13,602.6,644.86,122.27000000000004,193.73000000000002,xml_geometry_csv_action
BootPass_6,64,17,17,Position_Unknown,Team_Unknown,Action_PreSnap,941.27,553.17,1056.08,856.55,114.80999999999995,303.38,xml_geometry_csv_action
BootPass_6,64,2,2,Position_Unknown,Team_Unknown,Action_PreSnap,859.86,465.42,986.47,740.0,126.61000000000001,274.58,xml_geometry_csv_action
BootPass_6,64,3,3,Position_Unknown,Team_Unknown,Action_PreSnap,724.23,497.82,872.54,724.66,148.30999999999995,226.83999999999997,xml_geometry_csv_action
BootPass_6,64,4,4,Position_Unknown,Team_Unknown,Action_PreSnap,534.94,492.41,667.85,717.94,132.90999999999997,225.53000000000003,xml_geometry_csv_action
BootPass_6,64,5,5,Position_Unknown,Team_Unknown,Action_PreSnap,1325.42,521.14,1461.55,744.17,136.12999999999988,223.02999999999997,xml_geometry_csv_action
BootPass_6,64,6,6,Position_Unknown,Team_Unknown,Action_PreSnap,349.18,502.96,502.59,693.72,153.40999999999997,190.76000000000005,xml_geometry_csv_action
BootPass_6,64,7,7,Position_Unknown,Team_Unknown,Action_PreSnap,1621.43,91.22,1781.09,324.09,159.65999999999985,232.86999999999998,xml_geometry_csv_action
BootPass_6,64,8,8,Position_Unknown,Team_Unknown,Action_PreSnap,201.32,260.95,322.63,539.95,121.31,279.00000000000006,xml_geometry_csv_action
BootPass_6,64,9,9,Position_Unknown,Team_Unknown,Action_PreSnap,468.72,272.74,625.36,492.64,156.64,219.89999999999998,xml_geometry_csv_action
BootPass_6,65,0,0,Position_Unknown,Team_Unknown,Action_PreSnap,822.67,284.64,958.42,512.58,135.75,227.94000000000005,xml_geometry_csv_action
BootPass_6,65,1,1,Position_Unknown,Team_Unknown,Action_PreSnap,1511.34,492.36,1647.89,666.7,136.55000000000018,174.34000000000003,xml_geometry_csv_action
BootPass_6,65,10,10,Position_Unknown,Team_Unknown,Action_PreSnap,888.79,690.45,1040.35,950.3,151.55999999999995,259.8499999999999,xml_geometry_csv_action
BootPass_6,65,11,11,Position_Unknown,Team_Unknown,Action_PreSnap,1129.9,521.5,1280.24,721.92,150.33999999999992,200.41999999999996,xml_geometry_csv_action
BootPass_6,65,12,12,Position_Unknown,Team_Unknown,Action_PreSnap,1192.23,304.9,1331.44,532.42,139.21000000000004,227.51999999999998,xml_geometry_csv_action
BootPass_6,65,14,14,Position_Unknown,Team_Unknown,Action_PreSnap,1089.23,489.1,1205.65,648.93,116.42000000000007,159.82999999999993,xml_geometry_csv_action
BootPass_6,65,15,15,Position_Unknown,Team_Unknown,Action_PreSnap,692.43,479.28,807.92,628.61,115.49000000000001,149.33000000000004,xml_geometry_csv_action
BootPass_6,65,16,16,Position_Unknown,Team_Unknown,Action_PreSnap,479.5,451.31,601.93,645.23,122.42999999999995,193.92000000000002,xml_geometry_csv_action
BootPass_6,65,17,17,Position_Unknown,Team_Unknown,Action_PreSnap,939.2,554.02,1054.17,857.04,114.97000000000003,303.02,xml_geometry_csv_action
BootPass_6,65,2,2,Position_Unknown,Team_Unknown,Action_PreSnap,883.42,460.3,1037.22,734.78,153.80000000000007,274.47999999999996,xml_geometry_csv_action
BootPass_6,65,3,3,Position_Unknown,Team_Unknown,Action_PreSnap,723.0,498.16,869.83,716.79,146.83000000000004,218.62999999999994,xml_geometry_csv_action
BootPass_6,65,4,4,Position_Unknown,Team_Unknown,Action_PreSnap,534.1,493.02,666.25,718.72,132.14999999999998,225.70000000000005,xml_geometry_csv_action
BootPass_6,65,5,5,Position_Unknown,Team_Unknown,Action_PreSnap,1324.18,521.41,1461.01,744.8,136.82999999999993,223.39,xml_geometry_csv_action
BootPass_6,65,6,6,Position_Unknown,Team_Unknown,Action_PreSnap,347.91,503.14,501.11,694.27,153.2,191.13,xml_geometry_csv_action
BootPass_6,65,7,7,Position_Unknown,Team_Unknown,Action_PreSnap,1626.49,85.85,1786.04,324.9,159.54999999999995,239.04999999999998,xml_geometry_csv_action
BootPass_6,65,8,8,Position_Unknown,Team_Unknown,Action_PreSnap,206.43,262.25,322.42,538.0,115.99000000000001,275.75,xml_geometry_csv_action
BootPass_6,65,9,9,Position_Unknown,Team_Unknown,Action_PreSnap,466.86,271.66,631.56,498.48,164.69999999999993,226.82,xml_geometry_csv_action
BootPass_6,66,0,0,Position_Unknown,Team_Unknown,Action_PreSnap,820.28,284.8,958.27,516.27,137.99,231.46999999999997,xml_geometry_csv_action
BootPass_6,66,1,1,Position_Unknown,Team_Unknown,Action_PreSnap,1510.42,492.54,1647.03,666.68,136.6099999999999,174.13999999999993,xml_geometry_csv_action
BootPass_6,66,10,10,Position_Unknown,Team_Unknown,Action_PreSnap,889.08,689.06,1039.92,950.82,150.84000000000003,261.7600000000001,xml_geometry_csv_action
BootPass_6,66,11,11,Position_Unknown,Team_Unknown,Action_PreSnap,1128.81,521.59,1278.72,721.56,149.91000000000008,199.9699999999999,xml_geometry_csv_action
BootPass_6,66,12,12,Position_Unknown,Team_Unknown,Action_PreSnap,1190.2,304.11,1329.76,532.49,139.55999999999995,228.38,xml_geometry_csv_action
BootPass_6,66,13,13,Position_Unknown,Team_Unknown,Action_PreSnap,933.09,468.88,1070.99,697.08,137.89999999999998,228.20000000000005,xml_geometry_csv_action
BootPass_6,66,14,14,Position_Unknown,Team_Unknown,Action_PreSnap,1086.62,488.42,1203.4,650.21,116.7800000000002,161.79000000000002,xml_geometry_csv_action
BootPass_6,66,15,15,Position_Unknown,Team_Unknown,Action_PreSnap,691.78,479.46,807.22,629.44,115.44000000000005,149.98000000000008,xml_geometry_csv_action
BootPass_6,66,16,16,Position_Unknown,Team_Unknown,Action_PreSnap,478.49,451.6,601.21,644.81,122.72000000000003,193.20999999999992,xml_geometry_csv_action
BootPass_6,66,17,17,Position_Unknown,Team_Unknown,Action_PreSnap,931.59,553.36,1054.48,857.27,122.88999999999999,303.90999999999997,xml_geometry_csv_action
BootPass_6,66,3,3,Position_Unknown,Team_Unknown,Action_PreSnap,721.57,498.52,868.33,713.37,146.76,214.85000000000002,xml_geometry_csv_action
BootPass_6,66,4,4,Position_Unknown,Team_Unknown,Action_PreSnap,533.28,493.3,664.88,718.82,131.60000000000002,225.52000000000004,xml_geometry_csv_action
BootPass_6,66,5,5,Position_Unknown,Team_Unknown,Action_PreSnap,1323.26,521.93,1459.61,744.9,136.3499999999999,222.97000000000003,xml_geometry_csv_action
BootPass_6,66,6,6,Position_Unknown,Team_Unknown,Action_PreSnap,346.52,503.49,500.22,694.61,153.70000000000005,191.12,xml_geometry_csv_action
BootPass_6,66,7,7,Position_Unknown,Team_Unknown,Action_PreSnap,1634.6,82.44,1790.17,325.47,155.57000000000016,243.03000000000003,xml_geometry_csv_action
BootPass_6,66,8,8,Position_Unknown,Team_Unknown,Action_PreSnap,212.05,265.08,323.23,536.51,111.18,271.43,xml_geometry_csv_action
BootPass_6,66,9,9,Position_Unknown,Team_Unknown,Action_PreSnap,464.9,270.64,635.5,500.69,170.60000000000002,230.05,xml_geometry_csv_action
BootPass_6,67,0,0,Position_Unknown,Team_Unknown,Action_PreSnap,820.11,285.15,961.18,522.49,141.06999999999994,237.34000000000003,xml_geometry_csv_action
BootPass_6,67,1,1,Position_Unknown,Team_Unknown,Action_PreSnap,1510.11,492.78,1647.12,666.8,137.01,174.01999999999998,xml_geometry_csv_action
BootPass_6,67,10,10,Position_Unknown,Team_Unknown,Action_PreSnap,890.37,690.11,1039.85,951.56,149.4799999999999,261.44999999999993,xml_geometry_csv_action
BootPass_6,67,11,11,Position_Unknown,Team_Unknown,Action_PreSnap,1128.28,521.11,1278.56,721.75,150.27999999999997,200.64,xml_geometry_csv_action
BootPass_6,67,12,12,Position_Unknown,Team_Unknown,Action_PreSnap,1190.18,304.04,1328.21,533.01,138.02999999999997,228.96999999999997,xml_geometry_csv_action
BootPass_6,67,13,13,Position_Unknown,Team_Unknown,Action_PreSnap,935.55,462.45,1071.84,708.66,136.28999999999996,246.20999999999998,xml_geometry_csv_action
BootPass_6,67,14,14,Position_Unknown,Team_Unknown,Action_PreSnap,1087.07,487.23,1204.35,651.41,117.27999999999997,164.17999999999995,xml_geometry_csv_action
BootPass_6,67,15,15,Position_Unknown,Team_Unknown,Action_PreSnap,692.33,479.87,807.43,631.4,115.09999999999991,151.52999999999997,xml_geometry_csv_action
BootPass_6,67,16,16,Position_Unknown,Team_Unknown,Action_PreSnap,478.94,452.02,600.84,643.6,121.90000000000003,191.58000000000004,xml_geometry_csv_action
BootPass_6,67,17,17,Position_Unknown,Team_Unknown,Action_PreSnap,932.97,555.69,1050.85,857.14,117.87999999999988,301.44999999999993,xml_geometry_csv_action
BootPass_6,67,3,3,Position_Unknown,Team_Unknown,Action_PreSnap,722.18,498.66,868.63,712.44,146.45000000000005,213.78000000000003,xml_geometry_csv_action
BootPass_6,67,4,4,Position_Unknown,Team_Unknown,Action_PreSnap,534.31,493.52,664.66,719.32,130.35000000000002,225.80000000000007,xml_geometry_csv_action
BootPass_6,67,5,5,Position_Unknown,Team_Unknown,Action_PreSnap,1323.53,522.04,1459.59,744.86,136.05999999999995,222.82000000000005,xml_geometry_csv_action
BootPass_6,67,6,6,Position_Unknown,Team_Unknown,Action_PreSnap,345.96,503.81,500.33,694.85,154.37,191.04000000000002,xml_geometry_csv_action
BootPass_6,67,7,7,Position_Unknown,Team_Unknown,Action_PreSnap,1640.28,80.09,1796.42,325.59,156.1400000000001,245.49999999999997,xml_geometry_csv_action
BootPass_6,67,8,8,Position_Unknown,Team_Unknown,Action_PreSnap,214.36,269.55,331.56,536.77,117.19999999999999,267.21999999999997,xml_geometry_csv_action
BootPass_6,67,9,9,Position_Unknown,Team_Unknown,Action_PreSnap,464.11,269.39,640.63,502.38,176.51999999999998,232.99,xml_geometry_csv_action
BootPass_6,68,0,0,Position_Unknown,Team_Unknown,Action_PreSnap,822.42,284.05,964.76,522.61,142.34000000000003,238.56,xml_geometry_csv_action
BootPass_6,68,1,1,Position_Unknown,Team_Unknown,Action_PreSnap,1512.78,493.01,1649.34,666.4,136.55999999999995,173.39,xml_geometry_csv_action
BootPass_6,68,10,10,Position_Unknown,Team_Unknown,Action_PreSnap,891.68,689.19,1042.57,950.78,150.89,261.5899999999999,xml_geometry_csv_action
BootPass_6,68,11,11,Position_Unknown,Team_Unknown,Action_PreSnap,1131.31,520.96,1281.27,721.42,149.96000000000004,200.45999999999992,xml_geometry_csv_action
BootPass_6,68,12,12,Position_Unknown,Team_Unknown,Action_PreSnap,1192.97,303.05,1331.47,532.03,138.5,228.97999999999996,xml_geometry_csv_action
BootPass_6,68,13,13,Position_Unknown,Team_Unknown,Action_PreSnap,944.38,460.85,1078.27,728.09,133.89,267.24,xml_geometry_csv_action
BootPass_6,68,14,14,Position_Unknown,Team_Unknown,Action_PreSnap,1090.51,486.0,1208.29,650.14,117.77999999999997,164.14,xml_geometry_csv_action
BootPass_6,68,15,15,Position_Unknown,Team_Unknown,Action_PreSnap,694.96,479.29,809.54,628.61,114.57999999999993,149.32,xml_geometry_csv_action
BootPass_6,68,16,16,Position_Unknown,Team_Unknown,Action_PreSnap,481.63,450.91,602.84,639.39,121.21000000000004,188.47999999999996,xml_geometry_csv_action
BootPass_6,68,17,17,Position_Unknown,Team_Unknown,Action_PreSnap,937.49,555.75,1048.77,854.51,111.27999999999997,298.76,xml_geometry_csv_action
BootPass_6,68,3,3,Position_Unknown,Team_Unknown,Action_PreSnap,725.2,498.57,871.41,711.14,146.20999999999992,212.57,xml_geometry_csv_action
BootPass_6,68,4,4,Position_Unknown,Team_Unknown,Action_PreSnap,537.11,492.83,666.94,718.07,129.83000000000004,225.24000000000007,xml_geometry_csv_action
BootPass_6,68,5,5,Position_Unknown,Team_Unknown,Action_PreSnap,1326.27,522.04,1462.41,744.61,136.1400000000001,222.57000000000005,xml_geometry_csv_action
BootPass_6,68,6,6,Position_Unknown,Team_Unknown,Action_PreSnap,348.52,503.14,503.18,693.75,154.66000000000003,190.61,xml_geometry_csv_action
BootPass_6,68,7,7,Position_Unknown,Team_Unknown,Action_PreSnap,1646.85,78.65,1808.1,324.61,161.25,245.96,xml_geometry_csv_action
BootPass_6,68,8,8,Position_Unknown,Team_Unknown,Action_PreSnap,216.27,271.6,343.56,534.71,127.28999999999999,263.11,xml_geometry_csv_action
BootPass_6,68,9,9,Position_Unknown,Team_Unknown,Action_PreSnap,464.78,267.05,647.28,498.32,182.5,231.26999999999998,xml_geometry_csv_action
BootPass_6,69,0,0,Position_Unknown,Team_Unknown,Action_PreSnap,825.36,283.82,969.15,524.87,143.78999999999996,241.05,xml_geometry_csv_action
BootPass_6,69,1,1,Position_Unknown,Team_Unknown,Action_PreSnap,1515.8,493.5,1651.41,666.45,135.61000000000013,172.95000000000005,xml_geometry_csv_action
BootPass_6,69,10,10,Position_Unknown,Team_Unknown,Action_PreSnap,893.75,689.74,1045.04,950.72,151.28999999999996,260.98,xml_geometry_csv_action
BootPass_6,69,11,11,Position_Unknown,Team_Unknown,Action_PreSnap,1136.15,522.47,1284.65,721.6,148.5,199.13,xml_geometry_csv_action
BootPass_6,69,12,12,Position_Unknown,Team_Unknown,Action_PreSnap,1196.61,302.79,1334.44,533.04,137.83000000000015,230.24999999999994,xml_geometry_csv_action
BootPass_6,69,14,14,Position_Unknown,Team_Unknown,Action_PreSnap,1092.96,486.15,1211.63,649.41,118.67000000000007,163.26,xml_geometry_csv_action
BootPass_6,69,15,15,Position_Unknown,Team_Unknown,Action_PreSnap,698.17,479.43,812.96,626.52,114.79000000000008,147.08999999999997,xml_geometry_csv_action
BootPass_6,69,16,16,Position_Unknown,Team_Unknown,Action_PreSnap,483.17,450.52,605.19,637.47,122.02000000000004,186.95000000000005,xml_geometry_csv_action
BootPass_6,69,17,17,Position_Unknown,Team_Unknown,Action_PreSnap,940.99,556.73,1052.02,854.56,111.02999999999997,297.8299999999999,xml_geometry_csv_action
BootPass_6,69,2,2,Position_Unknown,Team_Unknown,Action_PreSnap,997.86,462.81,1106.76,739.55,108.89999999999998,276.73999999999995,xml_geometry_csv_action
BootPass_6,69,3,3,Position_Unknown,Team_Unknown,Action_PreSnap,727.61,498.8,874.68,710.67,147.06999999999994,211.86999999999995,xml_geometry_csv_action
BootPass_6,69,4,4,Position_Unknown,Team_Unknown,Action_PreSnap,540.11,492.56,669.36,718.19,129.25,225.63000000000005,xml_geometry_csv_action
BootPass_6,69,5,5,Position_Unknown,Team_Unknown,Action_PreSnap,1329.26,522.3,1465.82,745.09,136.55999999999995,222.79000000000008,xml_geometry_csv_action
BootPass_6,69,6,6,Position_Unknown,Team_Unknown,Action_PreSnap,351.74,503.29,506.29,693.75,154.55,190.45999999999998,xml_geometry_csv_action
BootPass_6,69,7,7,Position_Unknown,Team_Unknown,Action_PreSnap,1653.33,72.8,1821.21,325.93,167.8800000000001,253.13,xml_geometry_csv_action
BootPass_6,69,8,8,Position_Unknown,Team_Unknown,Action_PreSnap,219.32,273.4,357.86,534.42,138.54000000000002,261.02,xml_geometry_csv_action
BootPass_6,69,9,9,Position_Unknown,Team_Unknown,Action_PreSnap,465.96,265.6,653.28,493.36,187.32,227.76,xml_geometry_csv_action
BootPass_6,70,0,0,Position_Unknown,Team_Unknown,Action_PreSnap,825.34,283.83,971.37,526.05,146.02999999999997,242.21999999999997,xml_geometry_csv_action
BootPass_6,70,1,1,Position_Unknown,Team_Unknown,Action_PreSnap,1516.37,493.47,1651.71,666.58,135.34000000000015,173.11,xml_geometry_csv_action
BootPass_6,70,10,10,Position_Unknown,Team_Unknown,Action_PreSnap,894.16,690.13,1045.28,950.51,151.12,260.38,xml_geometry_csv_action
BootPass_6,70,11,11,Position_Unknown,Team_Unknown,Action_PreSnap,1137.74,522.58,1284.28,721.46,146.53999999999996,198.88,xml_geometry_csv_action
BootPass_6,70,12,12,Position_Unknown,Team_Unknown,Action_PreSnap,1196.73,302.29,1337.22,533.19,140.49,230.90000000000003,xml_geometry_csv_action
BootPass_6,70,13,13,Position_Unknown,Team_Unknown,Action_PreSnap,937.52,490.58,1052.67,698.92,115.15000000000009,208.33999999999997,xml_geometry_csv_action
BootPass_6,70,14,14,Position_Unknown,Team_Unknown,Action_PreSnap,1092.75,486.76,1211.02,654.86,118.26999999999998,168.10000000000002,xml_geometry_csv_action
BootPass_6,70,15,15,Position_Unknown,Team_Unknown,Action_PreSnap,698.54,479.91,814.38,625.88,115.84000000000003,145.96999999999997,xml_geometry_csv_action
BootPass_6,70,16,16,Position_Unknown,Team_Unknown,Action_PreSnap,484.04,450.42,605.97,635.67,121.93,185.24999999999994,xml_geometry_csv_action
BootPass_6,70,17,17,Position_Unknown,Team_Unknown,Action_PreSnap,941.02,554.99,1051.77,854.38,110.75,299.39,xml_geometry_csv_action
BootPass_6,70,2,2,Position_Unknown,Team_Unknown,Action_PreSnap,1021.51,463.8,1124.74,742.55,103.23000000000002,278.74999999999994,xml_geometry_csv_action
BootPass_6,70,3,3,Position_Unknown,Team_Unknown,Action_PreSnap,727.91,498.98,875.49,710.71,147.58000000000004,211.73000000000002,xml_geometry_csv_action
BootPass_6,70,4,4,Position_Unknown,Team_Unknown,Action_PreSnap,541.08,492.47,670.47,718.01,129.39,225.53999999999996,xml_geometry_csv_action
BootPass_6,70,5,5,Position_Unknown,Team_Unknown,Action_PreSnap,1329.93,522.53,1466.12,745.12,136.18999999999983,222.59000000000003,xml_geometry_csv_action
BootPass_6,70,6,6,Position_Unknown,Team_Unknown,Action_PreSnap,352.21,503.5,506.94,693.87,154.73000000000002,190.37,xml_geometry_csv_action
BootPass_6,70,7,7,Position_Unknown,Team_Unknown,Action_PreSnap,1659.11,69.56,1831.46,325.98,172.35000000000014,256.42,xml_geometry_csv_action
BootPass_6,70,8,8,Position_Unknown,Team_Unknown,Action_PreSnap,222.49,274.75,369.66,533.56,147.17000000000002,258.80999999999995,xml_geometry_csv_action
BootPass_6,70,9,9,Position_Unknown,Team_Unknown,Action_PreSnap,464.26,264.67,653.26,488.0,189.0,223.32999999999998,xml_geometry_csv_action
BootPass_6,71,0,0,Position_Unknown,Team_Unknown,Action_PreSnap,824.37,283.69,972.33,526.54,147.96000000000004,242.84999999999997,xml_geometry_csv_action
BootPass_6,71,1,1,Position_Unknown,Team_Unknown,Action_PreSnap,1516.17,493.59,1651.4,666.58,135.23000000000002,172.99000000000007,xml_geometry_csv_action
BootPass_6,71,10,10,Position_Unknown,Team_Unknown,Action_PreSnap,894.42,689.7,1045.06,950.61,150.64,260.90999999999997,xml_geometry_csv_action
BootPass_6,71,11,11,Position_Unknown,Team_Unknown,Action_PreSnap,1136.33,521.86,1282.2,721.58,145.87000000000012,199.72000000000003,xml_geometry_csv_action
BootPass_6,71,12,12,Position_Unknown,Team_Unknown,Action_PreSnap,1195.2,302.29,1338.14,533.29,142.94000000000005,230.99999999999994,xml_geometry_csv_action
BootPass_6,71,13,13,Position_Unknown,Team_Unknown,Action_PreSnap,935.03,498.88,1046.6,695.24,111.56999999999994,196.36,xml_geometry_csv_action
BootPass_6,71,14,14,Position_Unknown,Team_Unknown,Action_PreSnap,1101.2,488.56,1206.96,601.11,105.75999999999999,112.55000000000001,xml_geometry_csv_action
BootPass_6,71,15,15,Position_Unknown,Team_Unknown,Action_PreSnap,698.08,480.18,814.63,626.17,116.54999999999995,145.98999999999995,xml_geometry_csv_action
BootPass_6,71,16,16,Position_Unknown,Team_Unknown,Action_PreSnap,484.11,450.53,606.01,636.31,121.89999999999998,185.77999999999997,xml_geometry_csv_action
BootPass_6,71,17,17,Position_Unknown,Team_Unknown,Action_PreSnap,939.92,554.29,1048.94,853.69,109.0200000000001,299.4000000000001,xml_geometry_csv_action
BootPass_6,71,2,2,Position_Unknown,Team_Unknown,Action_PreSnap,1038.44,466.6,1146.84,746.96,108.39999999999986,280.36,xml_geometry_csv_action
BootPass_6,71,3,3,Position_Unknown,Team_Unknown,Action_PreSnap,727.76,499.34,875.7,710.8,147.94000000000005,211.45999999999998,xml_geometry_csv_action
BootPass_6,71,4,4,Position_Unknown,Team_Unknown,Action_PreSnap,540.69,492.44,670.33,718.19,129.64,225.75000000000006,xml_geometry_csv_action
BootPass_6,71,5,5,Position_Unknown,Team_Unknown,Action_PreSnap,1329.91,522.66,1466.13,745.06,136.22000000000003,222.39999999999998,xml_geometry_csv_action
BootPass_6,71,6,6,Position_Unknown,Team_Unknown,Action_PreSnap,351.62,503.23,506.68,693.88,155.06,190.64999999999998,xml_geometry_csv_action
BootPass_6,71,7,7,Position_Unknown,Team_Unknown,Action_PreSnap,1666.13,69.13,1839.95,330.89,173.81999999999994,261.76,xml_geometry_csv_action
BootPass_6,71,8,8,Position_Unknown,Team_Unknown,Action_PreSnap,226.61,275.38,374.55,531.93,147.94,256.54999999999995,xml_geometry_csv_action
BootPass_6,71,9,9,Position_Unknown,Team_Unknown,Action_PreSnap,460.25,264.19,653.13,486.1,192.88,221.91000000000003,xml_geometry_csv_action
BootPass_6,72,0,0,Position_Unknown,Team_Unknown,Action_PreSnap,824.06,283.56,972.32,526.4,148.2600000000001,242.83999999999997,xml_geometry_csv_action
BootPass_6,72,1,1,Position_Unknown,Team_Unknown,Action_PreSnap,1515.95,493.64,1651.21,666.65,135.26,173.01,xml_geometry_csv_action
BootPass_6,72,10,10,Position_Unknown,Team_Unknown,Action_PreSnap,894.32,689.28,1045.03,950.47,150.70999999999992,261.19000000000005,xml_geometry_csv_action
BootPass_6,72,11,11,Position_Unknown,Team_Unknown,Action_PreSnap,1136.28,518.87,1281.82,722.2,145.53999999999996,203.33000000000004,xml_geometry_csv_action
BootPass_6,72,12,12,Position_Unknown,Team_Unknown,Action_PreSnap,1194.93,302.33,1338.32,532.54,143.38999999999987,230.20999999999998,xml_geometry_csv_action
BootPass_6,72,13,13,Position_Unknown,Team_Unknown,Action_PreSnap,934.5,501.45,1050.79,692.0,116.28999999999996,190.55,xml_geometry_csv_action
BootPass_6,72,15,15,Position_Unknown,Team_Unknown,Action_PreSnap,698.06,480.46,814.9,626.81,116.84000000000003,146.34999999999997,xml_geometry_csv_action
BootPass_6,72,16,16,Position_Unknown,Team_Unknown,Action_PreSnap,483.79,450.44,605.69,635.25,121.90000000000003,184.81,xml_geometry_csv_action
BootPass_6,72,17,17,Position_Unknown,Team_Unknown,Action_PreSnap,940.26,553.0,1049.0,853.75,108.74000000000001,300.75,xml_geometry_csv_action
BootPass_6,72,2,2,Position_Unknown,Team_Unknown,Action_PreSnap,1045.97,467.14,1165.27,745.98,119.29999999999995,278.84000000000003,xml_geometry_csv_action
BootPass_6,72,3,3,Position_Unknown,Team_Unknown,Action_PreSnap,728.05,499.81,875.91,710.77,147.86,210.95999999999998,xml_geometry_csv_action
BootPass_6,72,4,4,Position_Unknown,Team_Unknown,Action_PreSnap,540.44,492.43,670.33,718.38,129.89,225.95,xml_geometry_csv_action
BootPass_6,72,5,5,Position_Unknown,Team_Unknown,Action_PreSnap,1330.32,522.57,1466.72,745.2,136.4000000000001,222.63,xml_geometry_csv_action
BootPass_6,72,6,6,Position_Unknown,Team_Unknown,Action_PreSnap,351.42,502.61,506.45,693.81,155.02999999999997,191.19999999999993,xml_geometry_csv_action
BootPass_6,72,7,7,Position_Unknown,Team_Unknown,Action_PreSnap,1672.67,71.16,1846.62,336.88,173.94999999999982,265.72,xml_geometry_csv_action
BootPass_6,72,8,8,Position_Unknown,Team_Unknown,Action_PreSnap,231.18,275.06,377.93,528.36,146.75,253.3,xml_geometry_csv_action
BootPass_6,72,9,9,Position_Unknown,Team_Unknown,Action_PreSnap,455.83,263.52,652.29,486.37,196.45999999999998,222.85000000000002,xml_geometry_csv_action
BootPass_6,73,0,0,Position_Unknown,Team_Unknown,Action_PreSnap,828.53,282.49,976.88,524.65,148.35000000000002,242.15999999999997,xml_geometry_csv_action
BootPass_6,73,1,1,Position_Unknown,Team_Unknown,Action_PreSnap,1519.79,491.05,1656.42,665.63,136.6300000000001,174.57999999999998,xml_geometry_csv_action
BootPass_6,73,10,10,Position_Unknown,Team_Unknown,Action_PreSnap,897.2,687.29,1049.92,949.56,152.72000000000003,262.27,xml_geometry_csv_action
BootPass_6,73,11,11,Position_Unknown,Team_Unknown,Action_PreSnap,1142.92,510.79,1283.93,719.55,141.01,208.75999999999993,xml_geometry_csv_action
BootPass_6,73,12,12,Position_Unknown,Team_Unknown,Action_PreSnap,1197.19,300.72,1343.05,533.37,145.8599999999999,232.64999999999998,xml_geometry_csv_action
BootPass_6,73,13,13,Position_Unknown,Team_Unknown,Action_PreSnap,937.97,500.88,1059.26,689.44,121.28999999999996,188.56000000000006,xml_geometry_csv_action
BootPass_6,73,15,15,Position_Unknown,Team_Unknown,Action_PreSnap,702.07,478.52,819.32,624.42,117.25,145.89999999999998,xml_geometry_csv_action
BootPass_6,73,16,16,Position_Unknown,Team_Unknown,Action_PreSnap,488.0,448.97,610.28,636.51,122.27999999999997,187.53999999999996,xml_geometry_csv_action
BootPass_6,73,17,17,Position_Unknown,Team_Unknown,Action_PreSnap,943.9,553.02,1053.3,851.15,109.39999999999998,298.13,xml_geometry_csv_action
BootPass_6,73,2,2,Position_Unknown,Team_Unknown,Action_PreSnap,1055.16,465.05,1190.35,743.08,135.18999999999983,278.03000000000003,xml_geometry_csv_action
BootPass_6,73,3,3,Position_Unknown,Team_Unknown,Action_PreSnap,731.13,497.87,880.59,709.49,149.46000000000004,211.62,xml_geometry_csv_action
BootPass_6,73,4,4,Position_Unknown,Team_Unknown,Action_PreSnap,544.36,490.68,674.46,717.06,130.10000000000002,226.37999999999994,xml_geometry_csv_action
BootPass_6,73,5,5,Position_Unknown,Team_Unknown,Action_PreSnap,1334.62,520.57,1471.23,743.81,136.61000000000013,223.2399999999999,xml_geometry_csv_action
BootPass_6,73,6,6,Position_Unknown,Team_Unknown,Action_PreSnap,356.32,501.63,511.44,692.18,155.12,190.54999999999995,xml_geometry_csv_action
BootPass_6,73,7,7,Position_Unknown,Team_Unknown,Action_PreSnap,1682.47,73.09,1856.4,339.45,173.93000000000006,266.36,xml_geometry_csv_action
BootPass_6,73,8,8,Position_Unknown,Team_Unknown,Action_PreSnap,240.52,272.33,387.06,523.24,146.54,250.91000000000003,xml_geometry_csv_action
BootPass_6,73,9,9,Position_Unknown,Team_Unknown,Action_PreSnap,455.21,261.04,656.05,487.74,200.83999999999997,226.7,xml_geometry_csv_action
BootPass_6,74,0,0,Position_Unknown,Team_Unknown,Action_PreSnap,836.05,282.17,983.55,523.9,147.5,241.72999999999996,xml_geometry_csv_action
BootPass_6,74,1,1,Position_Unknown,Team_Unknown,Action_PreSnap,1526.76,490.93,1662.94,666.24,136.18000000000006,175.31,xml_geometry_csv_action
BootPass_6,74,10,10,Position_Unknown,Team_Unknown,Action_PreSnap,904.19,687.08,1057.12,949.31,152.92999999999984,262.2299999999999,xml_geometry_csv_action
BootPass_6,74,11,11,Position_Unknown,Team_Unknown,Action_PreSnap,1163.04,508.73,1293.65,720.89,130.61000000000013,212.15999999999997,xml_geometry_csv_action
BootPass_6,74,12,12,Position_Unknown,Team_Unknown,Action_PreSnap,1203.12,300.13,1349.75,532.16,146.6300000000001,232.02999999999997,xml_geometry_csv_action
BootPass_6,74,13,13,Position_Unknown,Team_Unknown,Action_PreSnap,943.46,501.91,1072.14,687.34,128.68000000000006,185.43,xml_geometry_csv_action
BootPass_6,74,15,15,Position_Unknown,Team_Unknown,Action_PreSnap,709.11,478.33,824.67,622.16,115.55999999999995,143.82999999999998,xml_geometry_csv_action
BootPass_6,74,16,16,Position_Unknown,Team_Unknown,Action_PreSnap,494.38,448.92,617.57,631.6,123.19000000000005,182.68,xml_geometry_csv_action
BootPass_6,74,17,17,Position_Unknown,Team_Unknown,Action_PreSnap,948.6,554.03,1060.21,850.83,111.61000000000001,296.80000000000007,xml_geometry_csv_action
BootPass_6,74,2,2,Position_Unknown,Team_Unknown,Action_PreSnap,1067.16,465.0,1216.57,739.36,149.40999999999985,274.36,xml_geometry_csv_action
BootPass_6,74,3,3,Position_Unknown,Team_Unknown,Action_PreSnap,738.4,497.1,887.83,709.37,149.43000000000006,212.26999999999998,xml_geometry_csv_action
BootPass_6,74,4,4,Position_Unknown,Team_Unknown,Action_PreSnap,550.98,490.36,682.14,716.66,131.15999999999997,226.29999999999995,xml_geometry_csv_action
BootPass_6,74,5,5,Position_Unknown,Team_Unknown,Action_PreSnap,1342.15,521.38,1478.64,743.81,136.49,222.42999999999995,xml_geometry_csv_action
BootPass_6,74,6,6,Position_Unknown,Team_Unknown,Action_PreSnap,363.21,501.74,518.76,691.71,155.55,189.97000000000003,xml_geometry_csv_action
BootPass_6,74,7,7,Position_Unknown,Team_Unknown,Action_PreSnap,1695.43,79.57,1867.84,344.32,172.40999999999985,264.75,xml_geometry_csv_action
BootPass_6,74,8,8,Position_Unknown,Team_Unknown,Action_PreSnap,254.66,269.21,400.69,519.05,146.03,249.83999999999997,xml_geometry_csv_action
BootPass_6,74,9,9,Position_Unknown,Team_Unknown,Action_PreSnap,458.59,260.26,661.96,486.75,203.37000000000006,226.49,xml_geometry_csv_action
BootPass_6,75,0,0,Position_Unknown,Team_Unknown,Action_PreSnap,840.93,281.48,987.2,523.67,146.2700000000001,242.18999999999994,xml_geometry_csv_action
BootPass_6,75,1,1,Position_Unknown,Team_Unknown,Action_PreSnap,1529.77,488.62,1669.05,665.95,139.27999999999997,177.33000000000004,xml_geometry_csv_action
BootPass_6,75,10,10,Position_Unknown,Team_Unknown,Action_PreSnap,907.99,687.04,1062.1,949.12,154.1099999999999,262.08000000000004,xml_geometry_csv_action
BootPass_6,75,12,12,Position_Unknown,Team_Unknown,Action_PreSnap,1208.63,299.82,1353.28,530.92,144.64999999999986,231.09999999999997,xml_geometry_csv_action
BootPass_6,75,13,13,Position_Unknown,Team_Unknown,Action_PreSnap,948.86,502.91,1082.32,689.34,133.45999999999992,186.43,xml_geometry_csv_action
BootPass_6,75,15,15,Position_Unknown,Team_Unknown,Action_PreSnap,713.11,477.38,828.38,620.92,115.26999999999998,143.53999999999996,xml_geometry_csv_action
BootPass_6,75,16,16,Position_Unknown,Team_Unknown,Action_PreSnap,498.13,448.24,622.33,628.68,124.20000000000005,180.43999999999994,xml_geometry_csv_action
BootPass_6,75,17,17,Position_Unknown,Team_Unknown,Action_PreSnap,949.25,552.07,1065.23,847.72,115.98000000000002,295.65,xml_geometry_csv_action
BootPass_6,75,2,2,Position_Unknown,Team_Unknown,Action_PreSnap,1079.77,474.05,1265.4,744.31,185.6300000000001,270.25999999999993,xml_geometry_csv_action
BootPass_6,75,3,3,Position_Unknown,Team_Unknown,Action_PreSnap,741.92,496.22,891.81,709.21,149.89,212.99,xml_geometry_csv_action
BootPass_6,75,4,4,Position_Unknown,Team_Unknown,Action_PreSnap,555.13,489.47,686.67,716.1,131.53999999999996,226.63,xml_geometry_csv_action
BootPass_6,75,5,5,Position_Unknown,Team_Unknown,Action_PreSnap,1347.51,521.33,1483.69,744.15,136.18000000000006,222.81999999999994,xml_geometry_csv_action
BootPass_6,75,6,6,Position_Unknown,Team_Unknown,Action_PreSnap,367.3,502.09,523.23,691.53,155.93,189.44,xml_geometry_csv_action
BootPass_6,75,7,7,Position_Unknown,Team_Unknown,Action_PreSnap,1705.84,88.0,1877.4,349.8,171.56000000000017,261.8,xml_geometry_csv_action
BootPass_6,75,8,8,Position_Unknown,Team_Unknown,Action_PreSnap,269.01,264.71,411.26,514.09,142.25,249.38000000000005,xml_geometry_csv_action
BootPass_6,75,9,9,Position_Unknown,Team_Unknown,Action_PreSnap,459.72,259.22,663.85,484.76,204.13,225.53999999999996,xml_geometry_csv_action
BootPass_6,76,0,0,Position_Unknown,Team_Unknown,Action_PreSnap,839.94,282.96,984.82,524.4,144.88,241.44,xml_geometry_csv_action
BootPass_6,76,1,1,Position_Unknown,Team_Unknown,Action_PreSnap,1525.71,488.4,1667.37,666.34,141.65999999999985,177.94000000000005,xml_geometry_csv_action
BootPass_6,76,10,10,Position_Unknown,Team_Unknown,Action_PreSnap,906.56,688.38,1059.79,949.87,153.23000000000002,261.49,xml_geometry_csv_action
BootPass_6,76,12,12,Position_Unknown,Team_Unknown,Action_PreSnap,1209.85,300.92,1352.39,530.16,142.5400000000002,229.23999999999995,xml_geometry_csv_action
BootPass_6,76,13,13,Position_Unknown,Team_Unknown,Action_PreSnap,947.45,504.2,1087.19,692.96,139.74,188.76000000000005,xml_geometry_csv_action
BootPass_6,76,14,14,Position_Unknown,Team_Unknown,Action_PreSnap,1110.03,468.27,1220.49,645.26,110.46000000000004,176.99,xml_geometry_csv_action
BootPass_6,76,15,15,Position_Unknown,Team_Unknown,Action_PreSnap,711.96,478.13,826.56,621.57,114.59999999999991,143.44000000000005,xml_geometry_csv_action
BootPass_6,76,16,16,Position_Unknown,Team_Unknown,Action_PreSnap,496.29,448.88,620.69,628.33,124.40000000000003,179.45000000000005,xml_geometry_csv_action
BootPass_6,76,17,17,Position_Unknown,Team_Unknown,Action_PreSnap,947.7,554.67,1063.73,846.77,116.02999999999997,292.1,xml_geometry_csv_action
BootPass_6,76,2,2,Position_Unknown,Team_Unknown,Action_PreSnap,1090.89,482.22,1285.46,752.66,194.56999999999994,270.43999999999994,xml_geometry_csv_action
BootPass_6,76,3,3,Position_Unknown,Team_Unknown,Action_PreSnap,740.99,497.43,890.26,710.27,149.26999999999998,212.83999999999997,xml_geometry_csv_action
BootPass_6,76,4,4,Position_Unknown,Team_Unknown,Action_PreSnap,553.02,490.97,684.8,717.15,131.77999999999997,226.17999999999995,xml_geometry_csv_action
BootPass_6,76,5,5,Position_Unknown,Team_Unknown,Action_PreSnap,1346.02,522.55,1482.79,745.19,136.76999999999998,222.6400000000001,xml_geometry_csv_action
BootPass_6,76,6,6,Position_Unknown,Team_Unknown,Action_PreSnap,366.07,503.27,521.19,692.18,155.12000000000006,188.90999999999997,xml_geometry_csv_action
BootPass_6,76,7,7,Position_Unknown,Team_Unknown,Action_PreSnap,1714.15,94.33,1879.89,355.31,165.74,260.98,xml_geometry_csv_action
BootPass_6,76,8,8,Position_Unknown,Team_Unknown,Action_PreSnap,280.82,262.14,416.76,510.33,135.94,248.19,xml_geometry_csv_action
BootPass_6,76,9,9,Position_Unknown,Team_Unknown,Action_PreSnap,453.91,259.57,659.43,485.63,205.51999999999992,226.06,xml_geometry_csv_action
BootPass_6,77,0,0,Position_Unknown,Team_Unknown,Action_PreSnap,839.1,283.84,982.55,523.8,143.44999999999993,239.95999999999998,xml_geometry_csv_action
BootPass_6,77,1,1,Position_Unknown,Team_Unknown,Action_PreSnap,1516.44,487.64,1665.5,666.5,149.05999999999995,178.86,xml_geometry_csv_action
BootPass_6,77,10,10,Position_Unknown,Team_Unknown,Action_PreSnap,905.72,688.66,1058.96,949.8,153.24,261.14,xml_geometry_csv_action
BootPass_6,77,12,12,Position_Unknown,Team_Unknown,Action_PreSnap,1208.51,300.85,1351.3,528.43,142.78999999999996,227.57999999999993,xml_geometry_csv_action
BootPass_6,77,13,13,Position_Unknown,Team_Unknown,Action_PreSnap,947.43,504.09,1094.0,696.77,146.57000000000005,192.68,xml_geometry_csv_action
BootPass_6,77,14,14,Position_Unknown,Team_Unknown,Action_PreSnap,1107.98,475.72,1220.13,648.56,112.15000000000009,172.83999999999992,xml_geometry_csv_action
BootPass_6,77,15,15,Position_Unknown,Team_Unknown,Action_PreSnap,711.03,477.55,825.63,621.66,114.60000000000002,144.10999999999996,xml_geometry_csv_action
BootPass_6,77,16,16,Position_Unknown,Team_Unknown,Action_PreSnap,495.7,448.88,618.15,628.4,122.44999999999999,179.51999999999998,xml_geometry_csv_action
BootPass_6,77,17,17,Position_Unknown,Team_Unknown,Action_PreSnap,948.1,554.99,1065.04,846.8,116.93999999999994,291.80999999999995,xml_geometry_csv_action
BootPass_6,77,2,2,Position_Unknown,Team_Unknown,Action_PreSnap,1105.58,482.34,1295.63,755.03,190.05000000000018,272.69,xml_geometry_csv_action
BootPass_6,77,3,3,Position_Unknown,Team_Unknown,Action_PreSnap,739.9,497.23,888.85,710.26,148.95000000000005,213.02999999999997,xml_geometry_csv_action
BootPass_6,77,4,4,Position_Unknown,Team_Unknown,Action_PreSnap,551.91,491.22,683.95,717.1,132.04000000000008,225.88,xml_geometry_csv_action
BootPass_6,77,5,5,Position_Unknown,Team_Unknown,Action_PreSnap,1343.83,522.46,1481.11,745.68,137.27999999999997,223.2199999999999,xml_geometry_csv_action
BootPass_6,77,6,6,Position_Unknown,Team_Unknown,Action_PreSnap,365.46,503.56,519.82,692.41,154.36000000000007,188.84999999999997,xml_geometry_csv_action
BootPass_6,77,7,7,Position_Unknown,Team_Unknown,Action_PreSnap,1725.98,101.6,1883.07,358.4,157.08999999999992,256.79999999999995,xml_geometry_csv_action
BootPass_6,77,8,8,Position_Unknown,Team_Unknown,Action_PreSnap,293.21,259.61,424.26,507.15,131.05,247.53999999999996,xml_geometry_csv_action
BootPass_6,77,9,9,Position_Unknown,Team_Unknown,Action_PreSnap,450.81,258.95,654.31,487.04,203.49999999999994,228.09000000000003,xml_geometry_csv_action
BootPass_6,78,0,0,Position_Unknown,Team_Unknown,Action_PreSnap,838.71,284.55,981.36,523.93,142.64999999999998,239.37999999999994,xml_geometry_csv_action
BootPass_6,78,1,1,Position_Unknown,Team_Unknown,Action_PreSnap,1502.42,486.91,1665.27,665.95,162.8499999999999,179.04000000000002,xml_geometry_csv_action
BootPass_6,78,10,10,Position_Unknown,Team_Unknown,Action_PreSnap,905.39,689.04,1058.37,949.65,152.9799999999999,260.61,xml_geometry_csv_action
BootPass_6,78,12,12,Position_Unknown,Team_Unknown,Action_PreSnap,1209.63,300.92,1350.74,522.88,141.1099999999999,221.95999999999998,xml_geometry_csv_action
BootPass_6,78,13,13,Position_Unknown,Team_Unknown,Action_PreSnap,947.2,503.97,1095.9,698.75,148.70000000000005,194.77999999999997,xml_geometry_csv_action
BootPass_6,78,14,14,Position_Unknown,Team_Unknown,Action_PreSnap,1107.96,480.84,1222.95,667.81,114.99000000000001,186.96999999999997,xml_geometry_csv_action
BootPass_6,78,15,15,Position_Unknown,Team_Unknown,Action_PreSnap,710.9,477.05,825.48,621.91,114.58000000000004,144.85999999999996,xml_geometry_csv_action
BootPass_6,78,16,16,Position_Unknown,Team_Unknown,Action_PreSnap,495.5,448.89,617.31,627.38,121.80999999999995,178.49,xml_geometry_csv_action
BootPass_6,78,17,17,Position_Unknown,Team_Unknown,Action_PreSnap,949.4,555.85,1064.34,848.45,114.93999999999994,292.6,xml_geometry_csv_action
BootPass_6,78,2,2,Position_Unknown,Team_Unknown,Action_PreSnap,1126.42,477.48,1302.69,757.21,176.26999999999998,279.73,xml_geometry_csv_action
BootPass_6,78,3,3,Position_Unknown,Team_Unknown,Action_PreSnap,740.14,497.24,888.73,710.61,148.59000000000003,213.37,xml_geometry_csv_action
BootPass_6,78,4,4,Position_Unknown,Team_Unknown,Action_PreSnap,551.56,491.66,683.69,717.47,132.1300000000001,225.81,xml_geometry_csv_action
BootPass_6,78,5,5,Position_Unknown,Team_Unknown,Action_PreSnap,1344.68,522.19,1480.89,746.28,136.21000000000004,224.08999999999992,xml_geometry_csv_action
BootPass_6,78,6,6,Position_Unknown,Team_Unknown,Action_PreSnap,365.41,504.15,519.58,692.7,154.17000000000002,188.55000000000007,xml_geometry_csv_action
BootPass_6,78,7,7,Position_Unknown,Team_Unknown,Action_PreSnap,1734.93,108.2,1889.22,362.71,154.28999999999996,254.51,xml_geometry_csv_action
BootPass_6,78,8,8,Position_Unknown,Team_Unknown,Action_PreSnap,306.47,257.54,431.75,502.99,125.27999999999997,245.45,xml_geometry_csv_action
BootPass_6,78,9,9,Position_Unknown,Team_Unknown,Action_PreSnap,447.22,258.78,650.66,487.16,203.43999999999994,228.38000000000005,xml_geometry_csv_action
BootPass_6,79,0,0,Position_Unknown,Team_Unknown,Action_PreSnap,838.44,284.71,981.66,523.09,143.2199999999999,238.38000000000005,xml_geometry_csv_action
BootPass_6,79,1,1,Position_Unknown,Team_Unknown,Action_PreSnap,1485.17,487.05,1665.22,662.95,180.04999999999995,175.90000000000003,xml_geometry_csv_action
BootPass_6,79,10,10,Position_Unknown,Team_Unknown,Action_PreSnap,906.2,688.29,1058.09,949.01,151.88999999999987,260.72,xml_geometry_csv_action
BootPass_6,79,12,12,Position_Unknown,Team_Unknown,Action_PreSnap,1210.91,301.07,1346.87,516.37,135.9599999999998,215.3,xml_geometry_csv_action
BootPass_6,79,13,13,Position_Unknown,Team_Unknown,Action_PreSnap,947.74,503.72,1092.72,698.73,144.98000000000002,195.01,xml_geometry_csv_action
BootPass_6,79,14,14,Position_Unknown,Team_Unknown,Action_PreSnap,1108.81,484.27,1224.16,696.01,115.35000000000014,211.74,xml_geometry_csv_action
BootPass_6,79,15,15,Position_Unknown,Team_Unknown,Action_PreSnap,711.42,476.7,825.88,621.79,114.46000000000004,145.08999999999997,xml_geometry_csv_action
BootPass_6,79,16,16,Position_Unknown,Team_Unknown,Action_PreSnap,495.79,448.46,617.93,626.77,122.13999999999993,178.31,xml_geometry_csv_action
BootPass_6,79,17,17,Position_Unknown,Team_Unknown,Action_PreSnap,950.94,556.19,1066.49,850.45,115.54999999999995,294.26,xml_geometry_csv_action
BootPass_6,79,2,2,Position_Unknown,Team_Unknown,Action_PreSnap,1157.33,470.43,1310.81,758.14,153.48000000000002,287.71,xml_geometry_csv_action
BootPass_6,79,3,3,Position_Unknown,Team_Unknown,Action_PreSnap,740.75,497.01,889.08,710.38,148.33000000000004,213.37,xml_geometry_csv_action
BootPass_6,79,4,4,Position_Unknown,Team_Unknown,Action_PreSnap,551.95,491.17,684.13,717.1,132.17999999999995,225.93,xml_geometry_csv_action
BootPass_6,79,5,5,Position_Unknown,Team_Unknown,Action_PreSnap,1348.1,521.49,1482.63,745.59,134.5300000000002,224.10000000000002,xml_geometry_csv_action
BootPass_6,79,6,6,Position_Unknown,Team_Unknown,Action_PreSnap,365.91,504.18,520.07,692.4,154.16000000000003,188.21999999999997,xml_geometry_csv_action
BootPass_6,79,7,7,Position_Unknown,Team_Unknown,Action_PreSnap,1738.28,109.7,1898.04,367.15,159.76,257.45,xml_geometry_csv_action
BootPass_6,79,8,8,Position_Unknown,Team_Unknown,Action_PreSnap,316.51,255.88,439.42,499.79,122.91000000000003,243.91000000000003,xml_geometry_csv_action
BootPass_6,79,9,9,Position_Unknown,Team_Unknown,Action_PreSnap,444.78,257.68,648.52,486.09,203.74,228.40999999999997,xml_geometry_csv_action
BootPass_6,80,0,0,Position_Unknown,Team_Unknown,Action_PreSnap,836.51,285.29,979.8,524.08,143.28999999999996,238.79000000000002,xml_geometry_csv_action
BootPass_6,80,1,1,Position_Unknown,Team_Unknown,Action_PreSnap,1472.69,490.68,1663.72,662.61,191.02999999999997,171.93,xml_geometry_csv_action
BootPass_6,80,10,10,Position_Unknown,Team_Unknown,Action_PreSnap,904.67,688.83,1056.84,950.38,152.16999999999996,261.54999999999995,xml_geometry_csv_action
BootPass_6,80,12,12,Position_Unknown,Team_Unknown,Action_PreSnap,1210.64,301.85,1340.55,520.35,129.90999999999985,218.5,xml_geometry_csv_action
BootPass_6,80,13,13,Position_Unknown,Team_Unknown,Action_PreSnap,946.38,504.06,1089.86,700.18,143.4799999999999,196.11999999999995,xml_geometry_csv_action
BootPass_6,80,14,14,Position_Unknown,Team_Unknown,Action_PreSnap,1107.96,485.69,1231.52,709.46,123.55999999999995,223.77000000000004,xml_geometry_csv_action
BootPass_6,80,15,15,Position_Unknown,Team_Unknown,Action_PreSnap,709.88,477.62,824.73,622.37,114.85000000000002,144.75,xml_geometry_csv_action
BootPass_6,80,16,16,Position_Unknown,Team_Unknown,Action_PreSnap,494.95,449.3,616.85,627.24,121.90000000000003,177.94,xml_geometry_csv_action
BootPass_6,80,17,17,Position_Unknown,Team_Unknown,Action_PreSnap,950.64,557.36,1066.94,852.21,116.30000000000007,294.85,xml_geometry_csv_action
BootPass_6,80,2,2,Position_Unknown,Team_Unknown,Action_PreSnap,1189.7,462.14,1322.67,760.91,132.97000000000003,298.77,xml_geometry_csv_action
BootPass_6,80,3,3,Position_Unknown,Team_Unknown,Action_PreSnap,739.39,497.76,887.72,711.39,148.33000000000004,213.63,xml_geometry_csv_action
BootPass_6,80,4,4,Position_Unknown,Team_Unknown,Action_PreSnap,550.59,491.55,683.13,718.38,132.53999999999996,226.82999999999998,xml_geometry_csv_action
BootPass_6,80,5,5,Position_Unknown,Team_Unknown,Action_PreSnap,1346.82,521.8,1481.5,744.81,134.68000000000006,223.01,xml_geometry_csv_action
BootPass_6,80,6,6,Position_Unknown,Team_Unknown,Action_PreSnap,364.53,505.84,518.94,693.19,154.41000000000008,187.35000000000008,xml_geometry_csv_action
BootPass_6,80,7,7,Position_Unknown,Team_Unknown,Action_PreSnap,1741.02,112.86,1907.66,372.98,166.6400000000001,260.12,xml_geometry_csv_action
BootPass_6,80,8,8,Position_Unknown,Team_Unknown,Action_PreSnap,322.67,256.24,450.91,498.21,128.24,241.96999999999997,xml_geometry_csv_action
BootPass_6,80,9,9,Position_Unknown,Team_Unknown,Action_PreSnap,441.41,258.1,645.14,487.82,203.72999999999996,229.71999999999997,xml_geometry_csv_action
BootPass_6,81,0,0,Position_Unknown,Team_Unknown,Action_PreSnap,834.44,285.75,978.04,524.39,143.5999999999999,238.64,xml_geometry_csv_action
BootPass_6,81,1,1,Position_Unknown,Team_Unknown,Action_PreSnap,1466.88,493.17,1663.02,661.1,196.13999999999987,167.93,xml_geometry_csv_action
BootPass_6,81,10,10,Position_Unknown,Team_Unknown,Action_PreSnap,904.8,689.05,1056.32,950.49,151.51999999999998,261.44000000000005,xml_geometry_csv_action
BootPass_6,81,11,11,Position_Unknown,Team_Unknown,Action_PreSnap,1143.08,520.15,1252.95,715.73,109.87000000000012,195.58000000000004,xml_geometry_csv_action
BootPass_6,81,12,12,Position_Unknown,Team_Unknown,Action_PreSnap,1210.2,302.75,1336.05,531.39,125.84999999999991,228.64,xml_geometry_csv_action
BootPass_6,81,13,13,Position_Unknown,Team_Unknown,Action_PreSnap,946.48,503.99,1090.54,700.37,144.05999999999995,196.38,xml_geometry_csv_action
BootPass_6,81,14,14,Position_Unknown,Team_Unknown,Action_PreSnap,1106.3,483.68,1226.82,676.35,120.51999999999998,192.67000000000002,xml_geometry_csv_action
BootPass_6,81,15,15,Position_Unknown,Team_Unknown,Action_PreSnap,709.2,477.47,824.07,622.6,114.87,145.13,xml_geometry_csv_action
BootPass_6,81,16,16,Position_Unknown,Team_Unknown,Action_PreSnap,494.61,449.29,616.31,628.93,121.69999999999993,179.63999999999993,xml_geometry_csv_action
BootPass_6,81,17,17,Position_Unknown,Team_Unknown,Action_PreSnap,951.79,557.76,1066.31,852.74,114.51999999999998,294.98,xml_geometry_csv_action
BootPass_6,81,2,2,Position_Unknown,Team_Unknown,Action_PreSnap,1221.39,458.01,1336.42,760.17,115.02999999999997,302.15999999999997,xml_geometry_csv_action
BootPass_6,81,3,3,Position_Unknown,Team_Unknown,Action_PreSnap,739.62,497.99,887.38,711.14,147.76,213.14999999999998,xml_geometry_csv_action
BootPass_6,81,4,4,Position_Unknown,Team_Unknown,Action_PreSnap,550.51,491.68,682.93,718.7,132.41999999999996,227.02000000000004,xml_geometry_csv_action
BootPass_6,81,5,5,Position_Unknown,Team_Unknown,Action_PreSnap,1348.78,521.53,1482.28,743.56,133.5,222.02999999999997,xml_geometry_csv_action
BootPass_6,81,6,6,Position_Unknown,Team_Unknown,Action_PreSnap,363.91,506.38,518.2,693.02,154.29000000000002,186.64,xml_geometry_csv_action
BootPass_6,81,7,7,Position_Unknown,Team_Unknown,Action_PreSnap,1746.85,114.25,1915.41,377.7,168.56000000000017,263.45,xml_geometry_csv_action
BootPass_6,81,8,8,Position_Unknown,Team_Unknown,Action_PreSnap,328.75,258.33,466.51,498.68,137.76,240.35000000000002,xml_geometry_csv_action
BootPass_6,81,9,9,Position_Unknown,Team_Unknown,Action_PreSnap,440.54,257.86,644.15,488.55,203.60999999999996,230.69,xml_geometry_csv_action
BootPass_6,82,0,0,Position_Unknown,Team_Unknown,Action_PreSnap,833.16,285.81,977.78,524.01,144.62,238.2,xml_geometry_csv_action
BootPass_6,82,1,1,Position_Unknown,Team_Unknown,Action_PreSnap,1463.04,495.59,1662.57,659.43,199.52999999999997,163.83999999999997,xml_geometry_csv_action
BootPass_6,82,10,10,Position_Unknown,Team_Unknown,Action_PreSnap,905.18,689.4,1056.4,950.63,151.22000000000014,261.23,xml_geometry_csv_action
BootPass_6,82,11,11,Position_Unknown,Team_Unknown,Action_PreSnap,1143.26,523.74,1260.54,714.73,117.27999999999997,190.99,xml_geometry_csv_action
BootPass_6,82,12,12,Position_Unknown,Team_Unknown,Action_PreSnap,1210.7,302.91,1336.47,535.39,125.76999999999998,232.47999999999996,xml_geometry_csv_action
BootPass_6,82,13,13,Position_Unknown,Team_Unknown,Action_PreSnap,947.86,504.33,1093.31,700.88,145.44999999999993,196.55,xml_geometry_csv_action
BootPass_6,82,14,14,Position_Unknown,Team_Unknown,Action_PreSnap,1106.42,483.11,1225.8,661.37,119.37999999999988,178.26,xml_geometry_csv_action
BootPass_6,82,15,15,Position_Unknown,Team_Unknown,Action_PreSnap,709.26,477.25,824.58,622.83,115.32000000000005,145.58000000000004,xml_geometry_csv_action
BootPass_6,82,16,16,Position_Unknown,Team_Unknown,Action_PreSnap,495.32,449.32,617.54,628.12,122.21999999999997,178.8,xml_geometry_csv_action
BootPass_6,82,17,17,Position_Unknown,Team_Unknown,Action_PreSnap,953.13,557.96,1066.28,853.19,113.14999999999998,295.23,xml_geometry_csv_action
BootPass_6,82,2,2,Position_Unknown,Team_Unknown,Action_PreSnap,1243.54,456.93,1349.64,752.77,106.10000000000014,295.84,xml_geometry_csv_action
BootPass_6,82,3,3,Position_Unknown,Team_Unknown,Action_PreSnap,740.02,498.28,887.78,710.98,147.76,212.70000000000005,xml_geometry_csv_action
BootPass_6,82,4,4,Position_Unknown,Team_Unknown,Action_PreSnap,551.06,492.02,683.04,718.9,131.98000000000002,226.88,xml_geometry_csv_action
BootPass_6,82,5,5,Position_Unknown,Team_Unknown,Action_PreSnap,1351.1,521.18,1482.89,743.19,131.7900000000002,222.0100000000001,xml_geometry_csv_action
BootPass_6,82,6,6,Position_Unknown,Team_Unknown,Action_PreSnap,364.82,507.09,518.42,693.25,153.59999999999997,186.16000000000003,xml_geometry_csv_action
BootPass_6,82,7,7,Position_Unknown,Team_Unknown,Action_PreSnap,1758.63,115.46,1920.0,383.81,161.3699999999999,268.35,xml_geometry_csv_action
BootPass_6,82,8,8,Position_Unknown,Team_Unknown,Action_PreSnap,334.99,262.2,475.14,498.38,140.14999999999998,236.18,xml_geometry_csv_action
BootPass_6,82,9,9,Position_Unknown,Team_Unknown,Action_PreSnap,442.27,258.12,645.33,487.64,203.06000000000006,229.51999999999998,xml_geometry_csv_action
BootPass_6,83,0,0,Position_Unknown,Team_Unknown,Action_PreSnap,830.62,285.92,977.09,523.76,146.47000000000003,237.83999999999997,xml_geometry_csv_action
BootPass_6,83,1,1,Position_Unknown,Team_Unknown,Action_PreSnap,1458.99,497.06,1662.65,659.92,203.66000000000008,162.85999999999996,xml_geometry_csv_action
BootPass_6,83,10,10,Position_Unknown,Team_Unknown,Action_PreSnap,904.57,689.76,1056.41,950.62,151.84000000000003,260.86,xml_geometry_csv_action
BootPass_6,83,11,11,Position_Unknown,Team_Unknown,Action_PreSnap,1143.58,523.28,1270.49,714.96,126.91000000000008,191.68000000000006,xml_geometry_csv_action
BootPass_6,83,12,12,Position_Unknown,Team_Unknown,Action_PreSnap,1210.39,302.96,1336.94,541.22,126.54999999999995,238.26000000000005,xml_geometry_csv_action
BootPass_6,83,13,13,Position_Unknown,Team_Unknown,Action_PreSnap,948.12,504.18,1093.91,700.94,145.79000000000008,196.76000000000005,xml_geometry_csv_action
BootPass_6,83,14,14,Position_Unknown,Team_Unknown,Action_PreSnap,1106.27,481.42,1225.18,655.03,118.91000000000008,173.60999999999996,xml_geometry_csv_action
BootPass_6,83,15,15,Position_Unknown,Team_Unknown,Action_PreSnap,708.99,477.7,824.73,623.03,115.74000000000001,145.32999999999998,xml_geometry_csv_action
BootPass_6,83,16,16,Position_Unknown,Team_Unknown,Action_PreSnap,495.71,449.31,618.6,628.31,122.89000000000004,178.99999999999994,xml_geometry_csv_action
BootPass_6,83,17,17,Position_Unknown,Team_Unknown,Action_PreSnap,953.89,558.29,1067.33,854.16,113.43999999999994,295.87,xml_geometry_csv_action
BootPass_6,83,2,2,Position_Unknown,Team_Unknown,Action_PreSnap,1260.37,457.56,1363.21,747.81,102.84000000000015,290.24999999999994,xml_geometry_csv_action
BootPass_6,83,3,3,Position_Unknown,Team_Unknown,Action_PreSnap,739.55,498.4,887.71,711.13,148.16000000000008,212.73000000000002,xml_geometry_csv_action
BootPass_6,83,4,4,Position_Unknown,Team_Unknown,Action_PreSnap,551.3,492.01,683.01,718.7,131.71000000000004,226.69000000000005,xml_geometry_csv_action
BootPass_6,83,5,5,Position_Unknown,Team_Unknown,Action_PreSnap,1352.58,521.56,1482.09,742.81,129.51,221.25,xml_geometry_csv_action
BootPass_6,83,6,6,Position_Unknown,Team_Unknown,Action_PreSnap,364.82,507.19,518.39,693.4,153.57,186.20999999999998,xml_geometry_csv_action
BootPass_6,83,7,7,Position_Unknown,Team_Unknown,Action_PreSnap,1767.53,116.75,1920.0,386.8,152.47000000000003,270.05,xml_geometry_csv_action
BootPass_6,83,8,8,Position_Unknown,Team_Unknown,Action_PreSnap,339.96,266.93,479.19,498.18,139.23000000000002,231.25,xml_geometry_csv_action
BootPass_6,83,9,9,Position_Unknown,Team_Unknown,Action_PreSnap,444.6,258.35,646.5,487.0,201.89999999999998,228.64999999999998,xml_geometry_csv_action
BootPass_6,84,0,0,Position_Unknown,Team_Unknown,Action_PreSnap,826.95,286.42,975.99,523.86,149.03999999999996,237.44,xml_geometry_csv_action
BootPass_6,84,1,1,Position_Unknown,Team_Unknown,Action_PreSnap,1457.12,500.14,1662.2,662.77,205.08000000000015,162.63,xml_geometry_csv_action
BootPass_6,84,10,10,Position_Unknown,Team_Unknown,Action_PreSnap,902.67,690.12,1055.84,951.19,153.16999999999996,261.07000000000005,xml_geometry_csv_action
BootPass_6,84,11,11,Position_Unknown,Team_Unknown,Action_PreSnap,1144.25,523.64,1283.45,718.58,139.20000000000005,194.94000000000005,xml_geometry_csv_action
BootPass_6,84,12,12,Position_Unknown,Team_Unknown,Action_PreSnap,1209.62,303.03,1337.48,542.34,127.86000000000013,239.31000000000006,xml_geometry_csv_action
BootPass_6,84,13,13,Position_Unknown,Team_Unknown,Action_PreSnap,947.15,505.61,1093.92,701.42,146.7700000000001,195.80999999999995,xml_geometry_csv_action
BootPass_6,84,14,14,Position_Unknown,Team_Unknown,Action_PreSnap,1105.46,483.56,1222.98,652.5,117.51999999999998,168.94,xml_geometry_csv_action
BootPass_6,84,15,15,Position_Unknown,Team_Unknown,Action_PreSnap,708.64,478.85,823.91,623.79,115.26999999999998,144.93999999999994,xml_geometry_csv_action
BootPass_6,84,16,16,Position_Unknown,Team_Unknown,Action_PreSnap,495.72,449.73,619.12,630.66,123.39999999999998,180.92999999999995,xml_geometry_csv_action
BootPass_6,84,17,17,Position_Unknown,Team_Unknown,Action_PreSnap,953.66,557.7,1069.16,854.52,115.50000000000011,296.81999999999994,xml_geometry_csv_action
BootPass_6,84,2,2,Position_Unknown,Team_Unknown,Action_PreSnap,1280.29,460.1,1376.98,742.37,96.69000000000005,282.27,xml_geometry_csv_action
BootPass_6,84,3,3,Position_Unknown,Team_Unknown,Action_PreSnap,738.86,498.72,887.45,712.08,148.59000000000003,213.36,xml_geometry_csv_action
BootPass_6,84,4,4,Position_Unknown,Team_Unknown,Action_PreSnap,551.23,493.06,682.32,719.7,131.09000000000003,226.64000000000004,xml_geometry_csv_action
BootPass_6,84,5,5,Position_Unknown,Team_Unknown,Action_PreSnap,1358.01,519.88,1481.78,744.93,123.76999999999998,225.04999999999995,xml_geometry_csv_action
BootPass_6,84,6,6,Position_Unknown,Team_Unknown,Action_PreSnap,364.71,507.29,518.29,694.17,153.57999999999998,186.87999999999994,xml_geometry_csv_action
BootPass_6,84,7,7,Position_Unknown,Team_Unknown,Action_PreSnap,1772.98,118.6,1920.0,389.89,147.01999999999998,271.28999999999996,xml_geometry_csv_action
BootPass_6,84,8,8,Position_Unknown,Team_Unknown,Action_PreSnap,343.17,271.33,480.78,498.73,137.60999999999996,227.40000000000003,xml_geometry_csv_action
BootPass_6,84,9,9,Position_Unknown,Team_Unknown,Action_PreSnap,448.87,259.26,647.66,486.72,198.78999999999996,227.46000000000004,xml_geometry_csv_action
BootPass_6,85,0,0,Position_Unknown,Team_Unknown,Action_PreSnap,822.25,286.68,975.17,525.09,152.91999999999996,238.41000000000003,xml_geometry_csv_action
BootPass_6,85,1,1,Position_Unknown,Team_Unknown,Action_PreSnap,1457.04,503.48,1659.23,665.6,202.19000000000005,162.12,xml_geometry_csv_action
BootPass_6,85,10,10,Position_Unknown,Team_Unknown,Action_PreSnap,902.09,689.73,1054.97,951.45,152.88,261.72,xml_geometry_csv_action
BootPass_6,85,11,11,Position_Unknown,Team_Unknown,Action_PreSnap,1142.67,523.92,1286.74,719.94,144.06999999999994,196.0200000000001,xml_geometry_csv_action
BootPass_6,85,12,12,Position_Unknown,Team_Unknown,Action_PreSnap,1207.76,303.89,1335.52,543.35,127.75999999999999,239.46000000000004,xml_geometry_csv_action
BootPass_6,85,13,13,Position_Unknown,Team_Unknown,Action_PreSnap,944.08,506.47,1093.35,702.18,149.26999999999987,195.70999999999992,xml_geometry_csv_action
BootPass_6,85,14,14,Position_Unknown,Team_Unknown,Action_PreSnap,1104.48,487.0,1221.99,651.05,117.50999999999999,164.04999999999995,xml_geometry_csv_action
BootPass_6,85,15,15,Position_Unknown,Team_Unknown,Action_PreSnap,707.76,479.42,822.57,624.48,114.81000000000006,145.06,xml_geometry_csv_action
BootPass_6,85,16,16,Position_Unknown,Team_Unknown,Action_PreSnap,495.16,450.82,618.19,631.37,123.03000000000003,180.55,xml_geometry_csv_action
BootPass_6,85,17,17,Position_Unknown,Team_Unknown,Action_PreSnap,952.17,558.15,1070.72,855.27,118.55000000000007,297.12,xml_geometry_csv_action
BootPass_6,85,2,2,Position_Unknown,Team_Unknown,Action_PreSnap,1294.89,463.0,1391.35,748.47,96.45999999999981,285.47,xml_geometry_csv_action
BootPass_6,85,3,3,Position_Unknown,Team_Unknown,Action_PreSnap,737.63,498.78,886.45,712.37,148.82000000000005,213.59000000000003,xml_geometry_csv_action
BootPass_6,85,4,4,Position_Unknown,Team_Unknown,Action_PreSnap,549.9,493.42,680.99,720.05,131.09000000000003,226.62999999999994,xml_geometry_csv_action
BootPass_6,85,5,5,Position_Unknown,Team_Unknown,Action_PreSnap,1365.99,517.57,1481.84,748.94,115.84999999999991,231.37,xml_geometry_csv_action
BootPass_6,85,6,6,Position_Unknown,Team_Unknown,Action_PreSnap,364.32,507.53,517.02,694.29,152.7,186.76,xml_geometry_csv_action
BootPass_6,85,7,7,Position_Unknown,Team_Unknown,Action_PreSnap,1776.01,119.39,1920.0,389.02,143.99,269.63,xml_geometry_csv_action
BootPass_6,85,8,8,Position_Unknown,Team_Unknown,Action_PreSnap,344.75,274.91,481.37,499.42,136.62,224.51,xml_geometry_csv_action
BootPass_6,85,9,9,Position_Unknown,Team_Unknown,Action_PreSnap,454.38,260.06,647.43,487.59,193.04999999999995,227.52999999999997,xml_geometry_csv_action
BootPass_6,86,0,0,Position_Unknown,Team_Unknown,Action_PreSnap,819.62,286.24,975.52,524.79,155.89999999999998,238.54999999999995,xml_geometry_csv_action
BootPass_6,86,1,1,Position_Unknown,Team_Unknown,Action_PreSnap,1464.86,504.33,1658.74,665.95,193.8800000000001,161.62000000000006,xml_geometry_csv_action
BootPass_6,86,10,10,Position_Unknown,Team_Unknown,Action_PreSnap,902.58,689.14,1055.39,951.47,152.81000000000006,262.33000000000004,xml_geometry_csv_action
BootPass_6,86,11,11,Position_Unknown,Team_Unknown,Action_PreSnap,1142.39,523.98,1286.42,719.92,144.02999999999997,195.93999999999994,xml_geometry_csv_action
BootPass_6,86,12,12,Position_Unknown,Team_Unknown,Action_PreSnap,1208.54,304.43,1341.41,544.3,132.87000000000012,239.86999999999995,xml_geometry_csv_action
BootPass_6,86,13,13,Position_Unknown,Team_Unknown,Action_PreSnap,943.59,506.5,1094.32,701.38,150.7299999999999,194.88,xml_geometry_csv_action
BootPass_6,86,14,14,Position_Unknown,Team_Unknown,Action_PreSnap,1105.03,488.73,1222.99,650.11,117.96000000000004,161.38,xml_geometry_csv_action
BootPass_6,86,15,15,Position_Unknown,Team_Unknown,Action_PreSnap,708.24,479.67,823.07,624.34,114.83000000000004,144.67000000000002,xml_geometry_csv_action
BootPass_6,86,16,16,Position_Unknown,Team_Unknown,Action_PreSnap,495.74,450.85,618.76,630.85,123.01999999999998,180.0,xml_geometry_csv_action
BootPass_6,86,17,17,Position_Unknown,Team_Unknown,Action_PreSnap,950.19,556.89,1072.5,854.89,122.30999999999995,298.0,xml_geometry_csv_action
BootPass_6,86,2,2,Position_Unknown,Team_Unknown,Action_PreSnap,1309.87,465.13,1415.59,758.15,105.72000000000003,293.02,xml_geometry_csv_action
BootPass_6,86,3,3,Position_Unknown,Team_Unknown,Action_PreSnap,737.58,498.37,886.95,712.15,149.37,213.77999999999997,xml_geometry_csv_action
BootPass_6,86,4,4,Position_Unknown,Team_Unknown,Action_PreSnap,550.59,493.41,681.62,719.8,131.02999999999997,226.38999999999993,xml_geometry_csv_action
BootPass_6,86,5,5,Position_Unknown,Team_Unknown,Action_PreSnap,1382.11,519.59,1485.47,750.56,103.36000000000013,230.9699999999999,xml_geometry_csv_action
BootPass_6,86,6,6,Position_Unknown,Team_Unknown,Action_PreSnap,364.69,507.43,517.65,694.24,152.95999999999998,186.81,xml_geometry_csv_action
BootPass_6,86,7,7,Position_Unknown,Team_Unknown,Action_PreSnap,1780.45,119.27,1920.0,388.96,139.54999999999995,269.69,xml_geometry_csv_action
BootPass_6,86,8,8,Position_Unknown,Team_Unknown,Action_PreSnap,345.96,275.12,484.24,499.18,138.28000000000003,224.06,xml_geometry_csv_action
BootPass_6,86,9,9,Position_Unknown,Team_Unknown,Action_PreSnap,465.37,260.41,649.54,487.03,184.16999999999996,226.61999999999995,xml_geometry_csv_action
BootPass_6,87,0,0,Position_Unknown,Team_Unknown,Action_PreSnap,815.17,286.08,974.0,524.84,158.83000000000004,238.76000000000005,xml_geometry_csv_action
BootPass_6,87,1,1,Position_Unknown,Team_Unknown,Action_PreSnap,1469.78,504.56,1656.62,667.84,186.83999999999992,163.28000000000003,xml_geometry_csv_action
BootPass_6,87,10,10,Position_Unknown,Team_Unknown,Action_PreSnap,901.69,689.31,1054.0,951.57,152.30999999999995,262.2600000000001,xml_geometry_csv_action
BootPass_6,87,11,11,Position_Unknown,Team_Unknown,Action_PreSnap,1139.99,524.34,1285.73,721.14,145.74,196.79999999999995,xml_geometry_csv_action
BootPass_6,87,12,12,Position_Unknown,Team_Unknown,Action_PreSnap,1207.06,305.35,1344.57,542.16,137.51,236.80999999999995,xml_geometry_csv_action
BootPass_6,87,13,13,Position_Unknown,Team_Unknown,Action_PreSnap,941.69,506.54,1093.6,701.36,151.90999999999985,194.82,xml_geometry_csv_action
BootPass_6,87,14,14,Position_Unknown,Team_Unknown,Action_PreSnap,1103.54,489.77,1222.38,650.57,118.84000000000015,160.80000000000007,xml_geometry_csv_action
BootPass_6,87,15,15,Position_Unknown,Team_Unknown,Action_PreSnap,706.65,480.75,822.03,624.87,115.38,144.12,xml_geometry_csv_action
BootPass_6,87,16,16,Position_Unknown,Team_Unknown,Action_PreSnap,494.56,451.86,617.19,631.37,122.63000000000005,179.51,xml_geometry_csv_action
BootPass_6,87,17,17,Position_Unknown,Team_Unknown,Action_PreSnap,947.08,557.8,1071.16,855.43,124.08000000000004,297.63,xml_geometry_csv_action
BootPass_6,87,2,2,Position_Unknown,Team_Unknown,Action_PreSnap,1326.8,469.05,1453.64,763.39,126.84000000000015,294.34,xml_geometry_csv_action
BootPass_6,87,3,3,Position_Unknown,Team_Unknown,Action_PreSnap,735.7,498.53,885.18,713.07,149.4799999999999,214.54000000000008,xml_geometry_csv_action
BootPass_6,87,4,4,Position_Unknown,Team_Unknown,Action_PreSnap,549.35,494.18,680.14,720.34,130.78999999999996,226.16000000000003,xml_geometry_csv_action
BootPass_6,87,6,6,Position_Unknown,Team_Unknown,Action_PreSnap,363.69,507.48,516.12,694.69,152.43,187.21000000000004,xml_geometry_csv_action
BootPass_6,87,7,7,Position_Unknown,Team_Unknown,Action_PreSnap,1782.55,120.64,1920.0,393.25,137.45000000000005,272.61,xml_geometry_csv_action
BootPass_6,87,8,8,Position_Unknown,Team_Unknown,Action_PreSnap,343.28,274.45,482.54,500.33,139.26000000000005,225.88,xml_geometry_csv_action
BootPass_6,87,9,9,Position_Unknown,Team_Unknown,Action_PreSnap,471.73,260.78,648.35,487.32,176.62,226.54000000000002,xml_geometry_csv_action
BootPass_6,88,0,0,Position_Unknown,Team_Unknown,Action_PreSnap,812.09,285.91,973.56,524.95,161.4699999999999,239.04000000000002,xml_geometry_csv_action
BootPass_6,88,1,1,Position_Unknown,Team_Unknown,Action_PreSnap,1466.2,500.34,1655.91,668.9,189.71000000000004,168.56,xml_geometry_csv_action
BootPass_6,88,10,10,Position_Unknown,Team_Unknown,Action_PreSnap,901.68,689.08,1054.02,951.49,152.34000000000003,262.40999999999997,xml_geometry_csv_action
BootPass_6,88,11,11,Position_Unknown,Team_Unknown,Action_PreSnap,1139.96,524.11,1287.33,722.37,147.3699999999999,198.26,xml_geometry_csv_action
BootPass_6,88,12,12,Position_Unknown,Team_Unknown,Action_PreSnap,1207.27,305.1,1347.14,541.58,139.87000000000012,236.48000000000002,xml_geometry_csv_action
BootPass_6,88,13,13,Position_Unknown,Team_Unknown,Action_PreSnap,941.39,506.14,1093.72,700.92,152.33000000000004,194.77999999999997,xml_geometry_csv_action
BootPass_6,88,14,14,Position_Unknown,Team_Unknown,Action_PreSnap,1103.29,489.29,1222.64,650.96,119.35000000000014,161.67000000000002,xml_geometry_csv_action
BootPass_6,88,15,15,Position_Unknown,Team_Unknown,Action_PreSnap,706.29,480.7,822.34,625.06,116.05000000000007,144.35999999999996,xml_geometry_csv_action
BootPass_6,88,16,16,Position_Unknown,Team_Unknown,Action_PreSnap,494.44,451.79,616.91,632.55,122.46999999999997,180.75999999999993,xml_geometry_csv_action
BootPass_6,88,17,17,Position_Unknown,Team_Unknown,Action_PreSnap,946.36,559.47,1071.12,855.29,124.75999999999988,295.81999999999994,xml_geometry_csv_action
BootPass_6,88,2,2,Position_Unknown,Team_Unknown,Action_PreSnap,1342.67,474.02,1479.67,765.36,137.0,291.34000000000003,xml_geometry_csv_action
BootPass_6,88,3,3,Position_Unknown,Team_Unknown,Action_PreSnap,735.26,498.42,885.14,713.27,149.88,214.84999999999997,xml_geometry_csv_action
BootPass_6,88,4,4,Position_Unknown,Team_Unknown,Action_PreSnap,549.28,494.25,680.22,720.6,130.94000000000005,226.35000000000002,xml_geometry_csv_action
BootPass_6,88,6,6,Position_Unknown,Team_Unknown,Action_PreSnap,363.85,507.44,516.2,694.71,152.35000000000002,187.27000000000004,xml_geometry_csv_action
BootPass_6,88,7,7,Position_Unknown,Team_Unknown,Action_PreSnap,1786.41,120.96,1920.0,403.38,133.58999999999992,282.42,xml_geometry_csv_action
BootPass_6,88,8,8,Position_Unknown,Team_Unknown,Action_PreSnap,341.56,272.94,480.21,500.22,138.64999999999998,227.28000000000003,xml_geometry_csv_action
BootPass_6,88,9,9,Position_Unknown,Team_Unknown,Action_PreSnap,478.16,260.54,648.79,486.5,170.62999999999994,225.95999999999998,xml_geometry_csv_action
BootPass_6,89,0,0,Position_Unknown,Team_Unknown,Action_PreSnap,809.18,285.81,971.75,524.63,162.57000000000005,238.82,xml_geometry_csv_action
BootPass_6,89,1,1,Position_Unknown,Team_Unknown,Action_PreSnap,1465.78,496.33,1656.44,667.66,190.66000000000008,171.32999999999998,xml_geometry_csv_action
BootPass_6,89,10,10,Position_Unknown,Team_Unknown,Action_PreSnap,902.11,689.26,1054.2,951.39,152.09000000000003,262.13,xml_geometry_csv_action
BootPass_6,89,11,11,Position_Unknown,Team_Unknown,Action_PreSnap,1139.8,523.42,1287.36,722.75,147.55999999999995,199.33000000000004,xml_geometry_csv_action
BootPass_6,89,12,12,Position_Unknown,Team_Unknown,Action_PreSnap,1207.39,305.71,1347.95,542.94,140.55999999999995,237.23000000000008,xml_geometry_csv_action
BootPass_6,89,13,13,Position_Unknown,Team_Unknown,Action_PreSnap,942.2,506.01,1093.12,700.63,150.91999999999985,194.62,xml_geometry_csv_action
BootPass_6,89,14,14,Position_Unknown,Team_Unknown,Action_PreSnap,1103.57,488.93,1222.96,651.0,119.3900000000001,162.07,xml_geometry_csv_action
BootPass_6,89,15,15,Position_Unknown,Team_Unknown,Action_PreSnap,706.33,480.79,822.72,625.16,116.38999999999999,144.36999999999995,xml_geometry_csv_action
BootPass_6,89,16,16,Position_Unknown,Team_Unknown,Action_PreSnap,494.16,451.94,617.6,632.79,123.44,180.84999999999997,xml_geometry_csv_action
BootPass_6,89,17,17,Position_Unknown,Team_Unknown,Action_PreSnap,947.07,560.2,1068.87,856.1,121.79999999999984,295.9,xml_geometry_csv_action
BootPass_6,89,2,2,Position_Unknown,Team_Unknown,Action_PreSnap,1356.06,477.93,1506.27,765.58,150.21000000000004,287.65000000000003,xml_geometry_csv_action
BootPass_6,89,3,3,Position_Unknown,Team_Unknown,Action_PreSnap,735.01,498.42,885.54,713.55,150.52999999999997,215.12999999999994,xml_geometry_csv_action
BootPass_6,89,4,4,Position_Unknown,Team_Unknown,Action_PreSnap,549.41,494.16,680.56,721.03,131.14999999999998,226.86999999999995,xml_geometry_csv_action
BootPass_6,89,6,6,Position_Unknown,Team_Unknown,Action_PreSnap,363.94,507.44,515.87,694.71,151.93,187.27000000000004,xml_geometry_csv_action
BootPass_6,89,7,7,Position_Unknown,Team_Unknown,Action_PreSnap,1793.63,121.5,1920.0,407.63,126.36999999999989,286.13,xml_geometry_csv_action
BootPass_6,89,8,8,Position_Unknown,Team_Unknown,Action_PreSnap,339.18,272.2,479.5,500.45,140.32,228.25,xml_geometry_csv_action
BootPass_6,89,9,9,Position_Unknown,Team_Unknown,Action_PreSnap,482.17,259.98,650.61,486.5,168.44,226.51999999999998,xml_geometry_csv_action
BootPass_6,90,0,0,Position_Unknown,Team_Unknown,Action_PreSnap,807.63,285.11,969.78,524.53,162.14999999999998,239.41999999999996,xml_geometry_csv_action
BootPass_6,90,1,1,Position_Unknown,Team_Unknown,Action_PreSnap,1469.35,491.31,1658.11,665.61,188.76,174.3,xml_geometry_csv_action
BootPass_6,90,10,10,Position_Unknown,Team_Unknown,Action_PreSnap,902.45,689.63,1055.35,951.24,152.89999999999986,261.61,xml_geometry_csv_action
BootPass_6,90,11,11,Position_Unknown,Team_Unknown,Action_PreSnap,1141.27,523.61,1290.76,723.27,149.49,199.65999999999997,xml_geometry_csv_action
BootPass_6,90,12,12,Position_Unknown,Team_Unknown,Action_PreSnap,1207.8,305.79,1347.63,540.1,139.83000000000015,234.31,xml_geometry_csv_action
BootPass_6,90,13,13,Position_Unknown,Team_Unknown,Action_PreSnap,944.64,505.9,1092.69,699.05,148.05000000000007,193.14999999999998,xml_geometry_csv_action
BootPass_6,90,14,14,Position_Unknown,Team_Unknown,Action_PreSnap,1104.43,489.3,1222.96,650.5,118.52999999999997,161.2,xml_geometry_csv_action
BootPass_6,90,15,15,Position_Unknown,Team_Unknown,Action_PreSnap,707.27,480.62,823.32,624.5,116.05000000000007,143.88,xml_geometry_csv_action
BootPass_6,90,16,16,Position_Unknown,Team_Unknown,Action_PreSnap,494.92,451.36,619.32,635.0,124.40000000000003,183.64,xml_geometry_csv_action
BootPass_6,90,17,17,Position_Unknown,Team_Unknown,Action_PreSnap,948.61,561.09,1067.41,855.49,118.80000000000007,294.4,xml_geometry_csv_action
BootPass_6,90,2,2,Position_Unknown,Team_Unknown,Action_PreSnap,1371.1,481.93,1530.62,765.73,159.51999999999998,283.8,xml_geometry_csv_action
BootPass_6,90,3,3,Position_Unknown,Team_Unknown,Action_PreSnap,736.11,498.25,886.58,713.26,150.47000000000003,215.01,xml_geometry_csv_action
BootPass_6,90,4,4,Position_Unknown,Team_Unknown,Action_PreSnap,550.6,493.85,681.84,721.05,131.24,227.19999999999993,xml_geometry_csv_action
BootPass_6,90,6,6,Position_Unknown,Team_Unknown,Action_PreSnap,364.46,507.47,516.78,694.6,152.32,187.13,xml_geometry_csv_action
BootPass_6,90,7,7,Position_Unknown,Team_Unknown,Action_PreSnap,1802.93,123.5,1920.0,407.25,117.06999999999994,283.75,xml_geometry_csv_action
BootPass_6,90,8,8,Position_Unknown,Team_Unknown,Action_PreSnap,333.87,272.16,478.41,500.02,144.54000000000002,227.85999999999996,xml_geometry_csv_action
BootPass_6,90,9,9,Position_Unknown,Team_Unknown,Action_PreSnap,484.0,258.73,653.03,486.47,169.02999999999997,227.74,xml_geometry_csv_action
BootPass_6,91,0,0,Position_Unknown,Team_Unknown,Action_PreSnap,804.37,285.79,966.31,526.99,161.93999999999994,241.2,xml_geometry_csv_action
BootPass_6,91,1,1,Position_Unknown,Team_Unknown,Action_PreSnap,1471.04,489.21,1657.82,663.35,186.77999999999997,174.14000000000004,xml_geometry_csv_action
BootPass_6,91,10,10,Position_Unknown,Team_Unknown,Action_PreSnap,900.9,691.35,1053.66,952.68,152.7600000000001,261.3299999999999,xml_geometry_csv_action
BootPass_6,91,11,11,Position_Unknown,Team_Unknown,Action_PreSnap,1139.52,524.25,1289.44,724.14,149.92000000000007,199.89,xml_geometry_csv_action
BootPass_6,91,12,12,Position_Unknown,Team_Unknown,Action_PreSnap,1206.03,307.9,1343.07,539.08,137.03999999999996,231.18000000000006,xml_geometry_csv_action
BootPass_6,91,13,13,Position_Unknown,Team_Unknown,Action_PreSnap,943.37,506.72,1091.75,700.79,148.38,194.06999999999994,xml_geometry_csv_action
BootPass_6,91,14,14,Position_Unknown,Team_Unknown,Action_PreSnap,1102.68,489.67,1220.9,651.2,118.22000000000003,161.53000000000003,xml_geometry_csv_action
BootPass_6,91,15,15,Position_Unknown,Team_Unknown,Action_PreSnap,705.53,482.03,822.08,625.75,116.55000000000007,143.72000000000003,xml_geometry_csv_action
BootPass_6,91,16,16,Position_Unknown,Team_Unknown,Action_PreSnap,493.08,452.55,617.06,636.76,123.97999999999996,184.20999999999998,xml_geometry_csv_action
BootPass_6,91,17,17,Position_Unknown,Team_Unknown,Action_PreSnap,948.44,561.0,1064.94,857.1,116.5,296.1,xml_geometry_csv_action
BootPass_6,91,2,2,Position_Unknown,Team_Unknown,Action_PreSnap,1378.29,484.87,1549.22,767.15,170.93000000000006,282.28,xml_geometry_csv_action
BootPass_6,91,3,3,Position_Unknown,Team_Unknown,Action_PreSnap,733.94,499.66,884.33,714.34,150.39,214.68,xml_geometry_csv_action
BootPass_6,91,4,4,Position_Unknown,Team_Unknown,Action_PreSnap,548.63,495.17,680.1,722.29,131.47000000000003,227.11999999999995,xml_geometry_csv_action
BootPass_6,91,6,6,Position_Unknown,Team_Unknown,Action_PreSnap,362.25,508.12,514.99,696.07,152.74,187.95000000000005,xml_geometry_csv_action
BootPass_6,91,7,7,Position_Unknown,Team_Unknown,Action_PreSnap,1805.91,127.68,1919.6,405.08,113.68999999999983,277.4,xml_geometry_csv_action
BootPass_6,91,8,8,Position_Unknown,Team_Unknown,Action_PreSnap,324.89,275.1,475.1,503.08,150.21000000000004,227.97999999999996,xml_geometry_csv_action
BootPass_6,91,9,9,Position_Unknown,Team_Unknown,Action_PreSnap,479.65,258.77,652.78,489.05,173.13,230.28000000000003,xml_geometry_csv_action
BootPass_6,92,0,0,Position_Unknown,Team_Unknown,Action_PreSnap,800.82,286.48,964.23,529.58,163.40999999999997,243.10000000000002,xml_geometry_csv_action
BootPass_6,92,1,1,Position_Unknown,Team_Unknown,Action_PreSnap,1476.86,486.58,1655.13,659.93,178.2700000000002,173.34999999999997,xml_geometry_csv_action
BootPass_6,92,10,10,Position_Unknown,Team_Unknown,Action_PreSnap,898.06,692.56,1051.65,953.56,153.59000000000015,261.0,xml_geometry_csv_action
BootPass_6,92,11,11,Position_Unknown,Team_Unknown,Action_PreSnap,1137.42,523.91,1287.67,725.1,150.25,201.19000000000005,xml_geometry_csv_action
BootPass_6,92,12,12,Position_Unknown,Team_Unknown,Action_PreSnap,1204.18,309.68,1342.51,541.01,138.32999999999993,231.32999999999998,xml_geometry_csv_action
BootPass_6,92,13,13,Position_Unknown,Team_Unknown,Action_PreSnap,942.49,506.13,1088.91,702.43,146.42000000000007,196.29999999999995,xml_geometry_csv_action
BootPass_6,92,14,14,Position_Unknown,Team_Unknown,Action_PreSnap,1100.52,490.09,1218.37,651.33,117.84999999999991,161.24000000000007,xml_geometry_csv_action
BootPass_6,92,15,15,Position_Unknown,Team_Unknown,Action_PreSnap,703.33,483.39,820.4,626.69,117.06999999999994,143.30000000000007,xml_geometry_csv_action
BootPass_6,92,16,16,Position_Unknown,Team_Unknown,Action_PreSnap,490.84,453.43,614.45,637.31,123.61000000000007,183.87999999999994,xml_geometry_csv_action
BootPass_6,92,17,17,Position_Unknown,Team_Unknown,Action_PreSnap,948.05,564.3,1062.15,858.31,114.10000000000014,294.01,xml_geometry_csv_action
BootPass_6,92,2,2,Position_Unknown,Team_Unknown,Action_PreSnap,1382.56,489.02,1561.73,769.57,179.17000000000007,280.55000000000007,xml_geometry_csv_action
BootPass_6,92,3,3,Position_Unknown,Team_Unknown,Action_PreSnap,732.04,501.19,881.96,715.19,149.92000000000007,214.00000000000006,xml_geometry_csv_action
BootPass_6,92,4,4,Position_Unknown,Team_Unknown,Action_PreSnap,546.62,496.09,678.14,723.36,131.51999999999998,227.27000000000004,xml_geometry_csv_action
BootPass_6,92,5,5,Position_Unknown,Team_Unknown,Action_PreSnap,1342.29,522.75,1433.68,728.72,91.3900000000001,205.97000000000003,xml_geometry_csv_action
BootPass_6,92,6,6,Position_Unknown,Team_Unknown,Action_PreSnap,361.07,508.37,513.59,696.82,152.52000000000004,188.45000000000005,xml_geometry_csv_action
BootPass_6,92,7,7,Position_Unknown,Team_Unknown,Action_PreSnap,1806.74,133.22,1919.18,409.17,112.44000000000005,275.95000000000005,xml_geometry_csv_action
BootPass_6,92,8,8,Position_Unknown,Team_Unknown,Action_PreSnap,318.63,278.27,475.85,508.06,157.22000000000003,229.79000000000002,xml_geometry_csv_action
BootPass_6,92,9,9,Position_Unknown,Team_Unknown,Action_PreSnap,472.32,258.91,652.1,489.94,179.78000000000003,231.02999999999997,xml_geometry_csv_action
BootPass_6,93,0,0,Position_Unknown,Team_Unknown,Action_PreSnap,799.01,287.54,964.56,532.38,165.54999999999995,244.83999999999997,xml_geometry_csv_action
BootPass_6,93,1,1,Position_Unknown,Team_Unknown,Action_PreSnap,1479.69,484.49,1649.5,658.19,169.80999999999995,173.70000000000005,xml_geometry_csv_action
BootPass_6,93,10,10,Position_Unknown,Team_Unknown,Action_PreSnap,897.37,694.11,1050.27,954.92,152.89999999999998,260.80999999999995,xml_geometry_csv_action
BootPass_6,93,11,11,Position_Unknown,Team_Unknown,Action_PreSnap,1136.28,524.93,1287.69,726.43,151.41000000000008,201.5,xml_geometry_csv_action
BootPass_6,93,12,12,Position_Unknown,Team_Unknown,Action_PreSnap,1203.21,313.34,1341.19,540.79,137.98000000000002,227.45,xml_geometry_csv_action
BootPass_6,93,13,13,Position_Unknown,Team_Unknown,Action_PreSnap,940.67,506.22,1087.34,704.68,146.66999999999996,198.45999999999992,xml_geometry_csv_action
BootPass_6,93,14,14,Position_Unknown,Team_Unknown,Action_PreSnap,1100.03,491.16,1217.02,651.0,116.99000000000001,159.83999999999997,xml_geometry_csv_action
BootPass_6,93,15,15,Position_Unknown,Team_Unknown,Action_PreSnap,702.18,484.7,819.35,629.27,117.17000000000007,144.57,xml_geometry_csv_action
BootPass_6,93,16,16,Position_Unknown,Team_Unknown,Action_PreSnap,490.29,454.69,613.78,640.43,123.48999999999995,185.73999999999995,xml_geometry_csv_action
BootPass_6,93,17,17,Position_Unknown,Team_Unknown,Action_PreSnap,947.51,567.02,1059.58,859.39,112.06999999999994,292.37,xml_geometry_csv_action
BootPass_6,93,2,2,Position_Unknown,Team_Unknown,Action_PreSnap,1384.7,492.79,1575.43,772.08,190.73000000000002,279.29,xml_geometry_csv_action
BootPass_6,93,3,3,Position_Unknown,Team_Unknown,Action_PreSnap,731.35,502.96,880.5,716.63,149.14999999999998,213.67000000000002,xml_geometry_csv_action
BootPass_6,93,4,4,Position_Unknown,Team_Unknown,Action_PreSnap,545.36,497.41,676.9,724.49,131.53999999999996,227.07999999999998,xml_geometry_csv_action
BootPass_6,93,5,5,Position_Unknown,Team_Unknown,Action_PreSnap,1338.07,524.37,1439.3,729.18,101.23000000000002,204.80999999999995,xml_geometry_csv_action
BootPass_6,93,6,6,Position_Unknown,Team_Unknown,Action_PreSnap,359.61,509.63,512.5,698.17,152.89,188.53999999999996,xml_geometry_csv_action
BootPass_6,93,7,7,Position_Unknown,Team_Unknown,Action_PreSnap,1810.22,139.33,1919.25,417.99,109.02999999999997,278.65999999999997,xml_geometry_csv_action
BootPass_6,93,8,8,Position_Unknown,Team_Unknown,Action_PreSnap,311.23,281.94,478.57,511.39,167.33999999999997,229.45,xml_geometry_csv_action
BootPass_6,93,9,9,Position_Unknown,Team_Unknown,Action_PreSnap,469.19,260.15,651.14,490.66,181.95,230.51000000000005,xml_geometry_csv_action
BootPass_6,94,0,0,Position_Unknown,Team_Unknown,Action_PreSnap,799.61,287.58,967.13,533.48,167.51999999999998,245.90000000000003,xml_geometry_csv_action
BootPass_6,94,1,1,Position_Unknown,Team_Unknown,Action_PreSnap,1478.37,481.51,1641.28,656.53,162.91000000000008,175.01999999999998,xml_geometry_csv_action
BootPass_6,94,10,10,Position_Unknown,Team_Unknown,Action_PreSnap,897.43,694.3,1050.36,955.05,152.92999999999995,260.75,xml_geometry_csv_action
BootPass_6,94,11,11,Position_Unknown,Team_Unknown,Action_PreSnap,1137.02,525.18,1288.51,726.75,151.49,201.57000000000005,xml_geometry_csv_action
BootPass_6,94,12,12,Position_Unknown,Team_Unknown,Action_PreSnap,1203.25,314.56,1342.11,540.95,138.8599999999999,226.39000000000004,xml_geometry_csv_action
BootPass_6,94,13,13,Position_Unknown,Team_Unknown,Action_PreSnap,941.13,506.71,1087.16,705.41,146.0300000000001,198.7,xml_geometry_csv_action
BootPass_6,94,14,14,Position_Unknown,Team_Unknown,Action_PreSnap,1100.69,491.75,1217.82,650.87,117.12999999999988,159.12,xml_geometry_csv_action
BootPass_6,94,15,15,Position_Unknown,Team_Unknown,Action_PreSnap,702.37,485.06,819.47,629.78,117.10000000000002,144.71999999999997,xml_geometry_csv_action
BootPass_6,94,16,16,Position_Unknown,Team_Unknown,Action_PreSnap,491.09,455.17,613.81,640.47,122.71999999999997,185.3,xml_geometry_csv_action
BootPass_6,94,17,17,Position_Unknown,Team_Unknown,Action_PreSnap,948.13,567.63,1061.42,859.38,113.29000000000008,291.75,xml_geometry_csv_action
BootPass_6,94,2,2,Position_Unknown,Team_Unknown,Action_PreSnap,1390.52,493.74,1582.72,772.63,192.20000000000005,278.89,xml_geometry_csv_action
BootPass_6,94,3,3,Position_Unknown,Team_Unknown,Action_PreSnap,731.89,503.42,880.59,716.83,148.70000000000005,213.41000000000003,xml_geometry_csv_action
BootPass_6,94,4,4,Position_Unknown,Team_Unknown,Action_PreSnap,545.53,497.48,677.06,724.55,131.52999999999997,227.06999999999994,xml_geometry_csv_action
BootPass_6,94,5,5,Position_Unknown,Team_Unknown,Action_PreSnap,1336.89,524.74,1445.42,729.36,108.52999999999997,204.62,xml_geometry_csv_action
BootPass_6,94,6,6,Position_Unknown,Team_Unknown,Action_PreSnap,359.96,509.48,513.15,698.3,153.19,188.81999999999994,xml_geometry_csv_action
BootPass_6,94,7,7,Position_Unknown,Team_Unknown,Action_PreSnap,1816.01,145.22,1919.76,423.99,103.75,278.77,xml_geometry_csv_action
BootPass_6,94,8,8,Position_Unknown,Team_Unknown,Action_PreSnap,306.95,285.02,481.06,513.33,174.11,228.31000000000006,xml_geometry_csv_action
BootPass_6,94,9,9,Position_Unknown,Team_Unknown,Action_PreSnap,469.18,260.31,650.57,490.21,181.39000000000004,229.89999999999998,xml_geometry_csv_action
BootPass_6,95,0,0,Position_Unknown,Team_Unknown,Action_PreSnap,800.82,288.7,969.34,535.19,168.51999999999998,246.49000000000007,xml_geometry_csv_action
BootPass_6,95,1,1,Position_Unknown,Team_Unknown,Action_PreSnap,1496.87,482.77,1629.92,654.06,133.05000000000018,171.28999999999996,xml_geometry_csv_action
BootPass_6,95,10,10,Position_Unknown,Team_Unknown,Action_PreSnap,898.0,695.32,1050.46,955.89,152.46000000000004,260.56999999999994,xml_geometry_csv_action
BootPass_6,95,11,11,Position_Unknown,Team_Unknown,Action_PreSnap,1137.94,526.92,1289.48,727.65,151.53999999999996,200.73000000000002,xml_geometry_csv_action
BootPass_6,95,12,12,Position_Unknown,Team_Unknown,Action_PreSnap,1203.47,316.76,1344.24,543.13,140.76999999999998,226.37,xml_geometry_csv_action
BootPass_6,95,13,13,Position_Unknown,Team_Unknown,Action_PreSnap,941.86,507.56,1088.16,706.72,146.30000000000007,199.16000000000003,xml_geometry_csv_action
BootPass_6,95,14,14,Position_Unknown,Team_Unknown,Action_PreSnap,1101.12,493.17,1218.11,652.33,116.99000000000001,159.16000000000003,xml_geometry_csv_action
BootPass_6,95,15,15,Position_Unknown,Team_Unknown,Action_PreSnap,702.96,485.9,820.06,630.92,117.09999999999991,145.01999999999998,xml_geometry_csv_action
BootPass_6,95,16,16,Position_Unknown,Team_Unknown,Action_PreSnap,491.81,456.5,614.16,642.21,122.34999999999997,185.71000000000004,xml_geometry_csv_action
BootPass_6,95,17,17,Position_Unknown,Team_Unknown,Action_PreSnap,948.38,569.34,1061.71,859.64,113.33000000000004,290.29999999999995,xml_geometry_csv_action
BootPass_6,95,2,2,Position_Unknown,Team_Unknown,Action_PreSnap,1405.02,496.51,1585.4,773.35,180.3800000000001,276.84000000000003,xml_geometry_csv_action
BootPass_6,95,3,3,Position_Unknown,Team_Unknown,Action_PreSnap,732.18,504.69,880.7,718.09,148.5200000000001,213.40000000000003,xml_geometry_csv_action
BootPass_6,95,4,4,Position_Unknown,Team_Unknown,Action_PreSnap,545.25,498.47,677.13,725.2,131.88,226.73000000000002,xml_geometry_csv_action
BootPass_6,95,5,5,Position_Unknown,Team_Unknown,Action_PreSnap,1335.41,525.95,1451.72,731.83,116.30999999999995,205.88,xml_geometry_csv_action
BootPass_6,95,6,6,Position_Unknown,Team_Unknown,Action_PreSnap,360.01,510.03,513.94,699.22,153.93000000000006,189.19000000000005,xml_geometry_csv_action
BootPass_6,95,7,7,Position_Unknown,Team_Unknown,Action_PreSnap,1820.29,152.1,1919.85,426.9,99.55999999999995,274.79999999999995,xml_geometry_csv_action
BootPass_6,95,8,8,Position_Unknown,Team_Unknown,Action_PreSnap,304.37,288.08,479.18,515.21,174.81,227.13000000000005,xml_geometry_csv_action
BootPass_6,95,9,9,Position_Unknown,Team_Unknown,Action_PreSnap,467.67,261.21,648.98,490.86,181.31,229.65000000000003,xml_geometry_csv_action
BootPass_6,96,0,0,Position_Unknown,Team_Unknown,Action_PreSnap,803.48,288.72,971.42,535.78,167.93999999999994,247.05999999999995,xml_geometry_csv_action
BootPass_6,96,10,10,Position_Unknown,Team_Unknown,Action_PreSnap,898.37,695.27,1050.93,956.1,152.56000000000006,260.83000000000004,xml_geometry_csv_action
BootPass_6,96,11,11,Position_Unknown,Team_Unknown,Action_PreSnap,1139.11,526.84,1289.79,727.36,150.68000000000006,200.51999999999998,xml_geometry_csv_action
BootPass_6,96,12,12,Position_Unknown,Team_Unknown,Action_PreSnap,1204.04,317.65,1345.12,541.96,141.07999999999993,224.31000000000006,xml_geometry_csv_action
BootPass_6,96,13,13,Position_Unknown,Team_Unknown,Action_PreSnap,942.91,507.2,1088.63,706.71,145.72000000000014,199.51000000000005,xml_geometry_csv_action
BootPass_6,96,14,14,Position_Unknown,Team_Unknown,Action_PreSnap,1101.86,493.65,1218.88,652.68,117.02000000000021,159.02999999999997,xml_geometry_csv_action
BootPass_6,96,15,15,Position_Unknown,Team_Unknown,Action_PreSnap,703.3,485.76,820.6,630.47,117.30000000000007,144.71000000000004,xml_geometry_csv_action
BootPass_6,96,16,16,Position_Unknown,Team_Unknown,Action_PreSnap,492.86,456.23,615.14,640.88,122.27999999999997,184.64999999999998,xml_geometry_csv_action
BootPass_6,96,17,17,Position_Unknown,Team_Unknown,Action_PreSnap,948.8,571.1,1061.8,859.15,113.0,288.04999999999995,xml_geometry_csv_action
BootPass_6,96,2,2,Position_Unknown,Team_Unknown,Action_PreSnap,1427.69,489.85,1591.99,774.37,164.29999999999995,284.52,xml_geometry_csv_action
BootPass_6,96,3,3,Position_Unknown,Team_Unknown,Action_PreSnap,733.06,504.56,881.27,718.13,148.21000000000004,213.57,xml_geometry_csv_action
BootPass_6,96,4,4,Position_Unknown,Team_Unknown,Action_PreSnap,545.68,498.49,677.47,725.14,131.79000000000008,226.64999999999998,xml_geometry_csv_action
BootPass_6,96,5,5,Position_Unknown,Team_Unknown,Action_PreSnap,1335.74,525.81,1457.07,731.99,121.32999999999993,206.18000000000006,xml_geometry_csv_action
BootPass_6,96,6,6,Position_Unknown,Team_Unknown,Action_PreSnap,360.75,509.79,515.19,699.41,154.44000000000005,189.61999999999995,xml_geometry_csv_action
BootPass_6,96,7,7,Position_Unknown,Team_Unknown,Action_PreSnap,1821.21,159.08,1919.96,428.96,98.75,269.88,xml_geometry_csv_action
BootPass_6,96,8,8,Position_Unknown,Team_Unknown,Action_PreSnap,302.6,288.29,480.96,515.72,178.35999999999996,227.43,xml_geometry_csv_action
BootPass_6,96,9,9,Position_Unknown,Team_Unknown,Action_PreSnap,468.5,261.53,645.95,490.03,177.45000000000005,228.5,xml_geometry_csv_action
BootPass_6,97,0,0,Position_Unknown,Team_Unknown,Action_PreSnap,806.78,288.71,974.35,536.44,167.57000000000005,247.73000000000008,xml_geometry_csv_action
BootPass_6,97,10,10,Position_Unknown,Team_Unknown,Action_PreSnap,898.41,695.41,1051.47,956.67,153.06000000000006,261.26,xml_geometry_csv_action
BootPass_6,97,11,11,Position_Unknown,Team_Unknown,Action_PreSnap,1139.87,527.23,1290.84,727.97,150.97000000000003,200.74,xml_geometry_csv_action
BootPass_6,97,12,12,Position_Unknown,Team_Unknown,Action_PreSnap,1205.19,318.74,1346.51,542.21,141.31999999999994,223.47000000000003,xml_geometry_csv_action
BootPass_6,97,13,13,Position_Unknown,Team_Unknown,Action_PreSnap,943.49,507.93,1088.59,706.18,145.0999999999999,198.24999999999994,xml_geometry_csv_action
BootPass_6,97,14,14,Position_Unknown,Team_Unknown,Action_PreSnap,1102.93,494.02,1219.22,653.56,116.28999999999996,159.53999999999996,xml_geometry_csv_action
BootPass_6,97,15,15,Position_Unknown,Team_Unknown,Action_PreSnap,704.36,486.31,820.75,631.63,116.38999999999999,145.32,xml_geometry_csv_action
BootPass_6,97,16,16,Position_Unknown,Team_Unknown,Action_PreSnap,493.3,456.69,616.33,643.26,123.03000000000003,186.57,xml_geometry_csv_action
BootPass_6,97,17,17,Position_Unknown,Team_Unknown,Action_PreSnap,949.34,572.64,1062.61,860.01,113.26999999999987,287.37,xml_geometry_csv_action
BootPass_6,97,2,2,Position_Unknown,Team_Unknown,Action_PreSnap,1452.14,487.79,1599.59,775.46,147.44999999999982,287.67,xml_geometry_csv_action
BootPass_6,97,3,3,Position_Unknown,Team_Unknown,Action_PreSnap,733.97,504.94,882.3,718.77,148.32999999999993,213.82999999999998,xml_geometry_csv_action
BootPass_6,97,4,4,Position_Unknown,Team_Unknown,Action_PreSnap,546.74,498.83,678.36,725.29,131.62,226.45999999999998,xml_geometry_csv_action
BootPass_6,97,5,5,Position_Unknown,Team_Unknown,Action_PreSnap,1336.3,526.32,1460.22,740.62,123.92000000000007,214.29999999999995,xml_geometry_csv_action
BootPass_6,97,6,6,Position_Unknown,Team_Unknown,Action_PreSnap,361.37,509.65,515.87,699.88,154.5,190.23000000000002,xml_geometry_csv_action
BootPass_6,97,7,7,Position_Unknown,Team_Unknown,Action_PreSnap,1825.13,164.87,1920.0,429.92,94.86999999999989,265.05,xml_geometry_csv_action
BootPass_6,97,8,8,Position_Unknown,Team_Unknown,Action_PreSnap,304.09,286.75,482.66,515.29,178.57000000000005,228.53999999999996,xml_geometry_csv_action
BootPass_6,97,9,9,Position_Unknown,Team_Unknown,Action_PreSnap,469.23,262.51,642.29,490.75,173.05999999999995,228.24,xml_geometry_csv_action
BootPass_6,98,0,0,Position_Unknown,Team_Unknown,Action_PreSnap,809.57,288.37,976.58,536.36,167.01,247.99,xml_geometry_csv_action
BootPass_6,98,1,1,Position_Unknown,Team_Unknown,Action_PreSnap,1450.16,480.67,1556.58,672.86,106.41999999999985,192.19,xml_geometry_csv_action
BootPass_6,98,10,10,Position_Unknown,Team_Unknown,Action_PreSnap,898.35,695.5,1051.4,956.07,153.05000000000007,260.57000000000005,xml_geometry_csv_action
BootPass_6,98,11,11,Position_Unknown,Team_Unknown,Action_PreSnap,1140.08,527.49,1291.39,728.06,151.31000000000017,200.56999999999994,xml_geometry_csv_action
BootPass_6,98,12,12,Position_Unknown,Team_Unknown,Action_PreSnap,1205.46,318.74,1346.67,541.68,141.21000000000004,222.93999999999994,xml_geometry_csv_action
BootPass_6,98,13,13,Position_Unknown,Team_Unknown,Action_PreSnap,943.66,507.42,1087.7,705.37,144.04000000000008,197.95,xml_geometry_csv_action
BootPass_6,98,14,14,Position_Unknown,Team_Unknown,Action_PreSnap,1103.16,493.94,1219.29,653.65,116.12999999999988,159.70999999999998,xml_geometry_csv_action
BootPass_6,98,15,15,Position_Unknown,Team_Unknown,Action_PreSnap,704.58,486.23,820.22,632.45,115.63999999999999,146.22000000000003,xml_geometry_csv_action
BootPass_6,98,16,16,Position_Unknown,Team_Unknown,Action_PreSnap,493.26,456.23,616.55,644.39,123.28999999999996,188.15999999999997,xml_geometry_csv_action
BootPass_6,98,17,17,Position_Unknown,Team_Unknown,Action_PreSnap,949.23,573.33,1062.62,859.49,113.38999999999987,286.15999999999997,xml_geometry_csv_action
BootPass_6,98,2,2,Position_Unknown,Team_Unknown,Action_PreSnap,1474.34,487.72,1606.3,775.13,131.96000000000004,287.40999999999997,xml_geometry_csv_action
BootPass_6,98,3,3,Position_Unknown,Team_Unknown,Action_PreSnap,733.97,504.69,882.49,718.66,148.51999999999998,213.96999999999997,xml_geometry_csv_action
BootPass_6,98,4,4,Position_Unknown,Team_Unknown,Action_PreSnap,547.09,498.66,678.55,725.37,131.45999999999992,226.70999999999998,xml_geometry_csv_action
BootPass_6,98,5,5,Position_Unknown,Team_Unknown,Action_PreSnap,1337.18,525.98,1463.23,744.6,126.04999999999995,218.62,xml_geometry_csv_action
BootPass_6,98,6,6,Position_Unknown,Team_Unknown,Action_PreSnap,361.2,509.09,515.55,699.79,154.34999999999997,190.7,xml_geometry_csv_action
BootPass_6,98,7,7,Position_Unknown,Team_Unknown,Action_PreSnap,1829.2,170.15,1919.75,429.41,90.54999999999995,259.26,xml_geometry_csv_action
BootPass_6,98,8,8,Position_Unknown,Team_Unknown,Action_PreSnap,306.69,282.01,485.63,514.43,178.94,232.41999999999996,xml_geometry_csv_action
BootPass_6,98,9,9,Position_Unknown,Team_Unknown,Action_PreSnap,469.96,262.75,636.71,490.68,166.75000000000006,227.93,xml_geometry_csv_action
BootPass_6,99,0,0,Position_Unknown,Team_Unknown,Action_PreSnap,813.65,288.23,980.18,536.9,166.52999999999997,248.66999999999996,xml_geometry_csv_action
BootPass_6,99,1,1,Position_Unknown,Team_Unknown,Action_PreSnap,1443.38,480.36,1544.55,676.65,101.16999999999985,196.28999999999996,xml_geometry_csv_action
BootPass_6,99,10,10,Position_Unknown,Team_Unknown,Action_PreSnap,900.22,695.89,1052.49,955.84,152.26999999999998,259.95000000000005,xml_geometry_csv_action
BootPass_6,99,11,11,Position_Unknown,Team_Unknown,Action_PreSnap,1141.69,529.24,1293.51,728.44,151.81999999999994,199.20000000000005,xml_geometry_csv_action
BootPass_6,99,12,12,Position_Unknown,Team_Unknown,Action_PreSnap,1207.15,320.03,1347.34,542.06,140.18999999999983,222.02999999999997,xml_geometry_csv_action
BootPass_6,99,13,13,Position_Unknown,Team_Unknown,Action_PreSnap,945.39,508.11,1089.87,705.54,144.4799999999999,197.42999999999995,xml_geometry_csv_action
BootPass_6,99,14,14,Position_Unknown,Team_Unknown,Action_PreSnap,1104.41,494.49,1221.32,654.4,116.90999999999985,159.90999999999997,xml_geometry_csv_action
BootPass_6,99,15,15,Position_Unknown,Team_Unknown,Action_PreSnap,706.25,486.64,820.74,631.83,114.49000000000001,145.19000000000005,xml_geometry_csv_action
BootPass_6,99,16,16,Position_Unknown,Team_Unknown,Action_PreSnap,493.88,456.19,616.45,643.93,122.57000000000005,187.73999999999995,xml_geometry_csv_action
BootPass_6,99,17,17,Position_Unknown,Team_Unknown,Action_PreSnap,950.76,573.74,1064.1,860.2,113.33999999999992,286.46000000000004,xml_geometry_csv_action
BootPass_6,99,2,2,Position_Unknown,Team_Unknown,Action_PreSnap,1497.97,485.51,1615.44,775.29,117.47000000000003,289.78,xml_geometry_csv_action
BootPass_6,99,3,3,Position_Unknown,Team_Unknown,Action_PreSnap,735.42,505.41,883.99,718.57,148.57000000000005,213.16000000000003,xml_geometry_csv_action
BootPass_6,99,4,4,Position_Unknown,Team_Unknown,Action_PreSnap,548.56,498.83,680.02,725.74,131.46000000000004,226.91000000000003,xml_geometry_csv_action
BootPass_6,99,5,5,Position_Unknown,Team_Unknown,Action_PreSnap,1339.21,526.1,1465.46,748.1,126.25,222.0,xml_geometry_csv_action
BootPass_6,99,6,6,Position_Unknown,Team_Unknown,Action_PreSnap,362.92,508.56,516.6,699.87,153.68,191.31,xml_geometry_csv_action
BootPass_6,99,7,7,Position_Unknown,Team_Unknown,Action_PreSnap,1833.89,174.43,1919.96,430.59,86.06999999999994,256.15999999999997,xml_geometry_csv_action
BootPass_6,99,8,8,Position_Unknown,Team_Unknown,Action_PreSnap,315.14,278.23,492.04,512.76,176.90000000000003,234.52999999999997,xml_geometry_csv_action
BootPass_6,99,9,9,Position_Unknown,Team_Unknown,Action_PreSnap,473.27,263.41,630.98,491.52,157.71000000000004,228.10999999999996,xml_geometry_csv_action
BootPass_6,100,0,0,Position_Unknown,Team_Unknown,Action_PreSnap,817.26,288.23,982.16,536.66,164.89999999999998,248.42999999999995,xml_geometry_csv_action
BootPass_6,100,1,1,Position_Unknown,Team_Unknown,Action_PreSnap,1440.13,481.67,1541.65,679.37,101.51999999999998,197.7,xml_geometry_csv_action
BootPass_6,100,10,10,Position_Unknown,Team_Unknown,Action_PreSnap,900.8,695.91,1052.7,955.45,151.9000000000001,259.5400000000001,xml_geometry_csv_action
BootPass_6,100,11,11,Position_Unknown,Team_Unknown,Action_PreSnap,1142.4,528.17,1294.0,728.08,151.5999999999999,199.91000000000008,xml_geometry_csv_action
BootPass_6,100,12,12,Position_Unknown,Team_Unknown,Action_PreSnap,1207.8,320.44,1347.21,541.15,139.41000000000008,220.70999999999998,xml_geometry_csv_action
BootPass_6,100,13,13,Position_Unknown,Team_Unknown,Action_PreSnap,945.77,508.49,1089.24,704.6,143.47000000000003,196.11,xml_geometry_csv_action
BootPass_6,100,14,14,Position_Unknown,Team_Unknown,Action_PreSnap,1104.65,494.63,1221.84,654.24,117.18999999999983,159.61,xml_geometry_csv_action
BootPass_6,100,15,15,Position_Unknown,Team_Unknown,Action_PreSnap,707.03,486.98,820.62,631.36,113.59000000000003,144.38,xml_geometry_csv_action
BootPass_6,100,16,16,Position_Unknown,Team_Unknown,Action_PreSnap,493.87,455.92,615.5,643.99,121.63,188.07,xml_geometry_csv_action
BootPass_6,100,17,17,Position_Unknown,Team_Unknown,Action_PreSnap,951.15,574.16,1064.72,859.98,113.57000000000005,285.82000000000005,xml_geometry_csv_action
BootPass_6,100,2,2,Position_Unknown,Team_Unknown,Action_PreSnap,1515.02,480.29,1622.91,770.55,107.8900000000001,290.25999999999993,xml_geometry_csv_action
BootPass_6,100,3,3,Position_Unknown,Team_Unknown,Action_PreSnap,736.31,505.42,884.01,718.39,147.70000000000005,212.96999999999997,xml_geometry_csv_action
BootPass_6,100,4,4,Position_Unknown,Team_Unknown,Action_PreSnap,549.02,498.73,680.45,725.59,131.43000000000006,226.86,xml_geometry_csv_action
BootPass_6,100,5,5,Position_Unknown,Team_Unknown,Action_PreSnap,1339.49,526.09,1465.97,749.0,126.48000000000002,222.90999999999997,xml_geometry_csv_action
BootPass_6,100,6,6,Position_Unknown,Team_Unknown,Action_PreSnap,364.19,507.84,516.88,700.02,152.69,192.18,xml_geometry_csv_action
BootPass_6,100,7,7,Position_Unknown,Team_Unknown,Action_PreSnap,1849.0,183.12,1919.6,431.52,70.59999999999991,248.39999999999998,xml_geometry_csv_action
BootPass_6,100,8,8,Position_Unknown,Team_Unknown,Action_PreSnap,325.0,274.21,498.75,509.66,173.75,235.45000000000005,xml_geometry_csv_action
BootPass_6,100,9,9,Position_Unknown,Team_Unknown,Action_PreSnap,475.93,263.99,625.9,491.46,149.96999999999997,227.46999999999997,xml_geometry_csv_action
BootPass_6,101,0,0,Position_Unknown,Team_Unknown,Action_PreSnap,820.33,288.88,985.46,537.01,165.13,248.13,xml_geometry_csv_action
BootPass_6,101,1,1,Position_Unknown,Team_Unknown,Action_PreSnap,1441.1,485.18,1543.88,681.04,102.7800000000002,195.85999999999996,xml_geometry_csv_action
BootPass_6,101,10,10,Position_Unknown,Team_Unknown,Action_PreSnap,902.44,696.21,1053.56,955.3,151.1199999999999,259.0899999999999,xml_geometry_csv_action
BootPass_6,101,11,11,Position_Unknown,Team_Unknown,Action_PreSnap,1142.94,528.2,1295.45,728.91,152.51,200.70999999999992,xml_geometry_csv_action
BootPass_6,101,12,12,Position_Unknown,Team_Unknown,Action_PreSnap,1209.5,320.58,1349.78,540.71,140.27999999999997,220.13000000000005,xml_geometry_csv_action
BootPass_6,101,13,13,Position_Unknown,Team_Unknown,Action_PreSnap,946.61,508.42,1091.11,705.01,144.4999999999999,196.58999999999997,xml_geometry_csv_action
BootPass_6,101,14,14,Position_Unknown,Team_Unknown,Action_PreSnap,1106.3,495.25,1224.2,653.96,117.90000000000009,158.71000000000004,xml_geometry_csv_action
BootPass_6,101,15,15,Position_Unknown,Team_Unknown,Action_PreSnap,708.32,487.35,820.85,631.55,112.52999999999997,144.19999999999993,xml_geometry_csv_action
BootPass_6,101,16,16,Position_Unknown,Team_Unknown,Action_PreSnap,494.98,456.65,614.81,641.65,119.82999999999993,185.0,xml_geometry_csv_action
BootPass_6,101,17,17,Position_Unknown,Team_Unknown,Action_PreSnap,952.53,573.97,1066.44,860.07,113.91000000000008,286.1,xml_geometry_csv_action
BootPass_6,101,2,2,Position_Unknown,Team_Unknown,Action_PreSnap,1527.16,476.61,1634.42,769.82,107.25999999999999,293.21000000000004,xml_geometry_csv_action
BootPass_6,101,3,3,Position_Unknown,Team_Unknown,Action_PreSnap,737.37,505.94,885.27,718.28,147.89999999999998,212.33999999999997,xml_geometry_csv_action
BootPass_6,101,4,4,Position_Unknown,Team_Unknown,Action_PreSnap,549.47,498.33,681.72,725.81,132.25,227.47999999999996,xml_geometry_csv_action
BootPass_6,101,5,5,Position_Unknown,Team_Unknown,Action_PreSnap,1339.48,525.86,1467.55,750.08,128.06999999999994,224.22000000000003,xml_geometry_csv_action
BootPass_6,101,6,6,Position_Unknown,Team_Unknown,Action_PreSnap,365.09,507.76,517.6,700.54,152.51000000000005,192.77999999999997,xml_geometry_csv_action
BootPass_6,101,7,7,Position_Unknown,Team_Unknown,Action_PreSnap,1861.46,189.79,1919.55,435.61,58.08999999999992,245.82000000000002,xml_geometry_csv_action
BootPass_6,101,8,8,Position_Unknown,Team_Unknown,Action_PreSnap,335.85,270.07,508.89,506.19,173.03999999999996,236.12,xml_geometry_csv_action
BootPass_6,101,9,9,Position_Unknown,Team_Unknown,Action_PreSnap,483.9,265.08,622.57,492.53,138.67000000000007,227.45,xml_geometry_csv_action
BootPass_6,102,0,0,Position_Unknown,Team_Unknown,Action_PreSnap,821.72,288.9,986.33,537.06,164.61,248.15999999999997,xml_geometry_csv_action
BootPass_6,102,1,1,Position_Unknown,Team_Unknown,Action_PreSnap,1442.03,487.86,1550.71,683.26,108.68000000000006,195.39999999999998,xml_geometry_csv_action
BootPass_6,102,10,10,Position_Unknown,Team_Unknown,Action_PreSnap,902.82,696.09,1053.75,955.08,150.92999999999995,258.99,xml_geometry_csv_action
BootPass_6,102,11,11,Position_Unknown,Team_Unknown,Action_PreSnap,1142.47,527.95,1295.86,729.01,153.38999999999987,201.05999999999995,xml_geometry_csv_action
BootPass_6,102,12,12,Position_Unknown,Team_Unknown,Action_PreSnap,1210.44,319.94,1351.19,540.2,140.75,220.26000000000005,xml_geometry_csv_action
BootPass_6,102,13,13,Position_Unknown,Team_Unknown,Action_PreSnap,947.1,507.35,1090.95,705.06,143.85000000000002,197.70999999999992,xml_geometry_csv_action
BootPass_6,102,14,14,Position_Unknown,Team_Unknown,Action_PreSnap,1107.01,494.98,1224.27,653.25,117.25999999999999,158.26999999999998,xml_geometry_csv_action
BootPass_6,102,15,15,Position_Unknown,Team_Unknown,Action_PreSnap,708.37,487.63,820.26,631.21,111.88999999999999,143.58000000000004,xml_geometry_csv_action
BootPass_6,102,16,16,Position_Unknown,Team_Unknown,Action_PreSnap,495.3,457.1,617.15,638.51,121.84999999999997,181.40999999999997,xml_geometry_csv_action
BootPass_6,102,17,17,Position_Unknown,Team_Unknown,Action_PreSnap,953.39,572.77,1067.75,860.04,114.36000000000001,287.27,xml_geometry_csv_action
BootPass_6,102,2,2,Position_Unknown,Team_Unknown,Action_PreSnap,1535.09,476.2,1647.13,769.75,112.04000000000019,293.55,xml_geometry_csv_action
BootPass_6,102,3,3,Position_Unknown,Team_Unknown,Action_PreSnap,738.19,505.49,885.74,717.79,147.54999999999995,212.29999999999995,xml_geometry_csv_action
BootPass_6,102,4,4,Position_Unknown,Team_Unknown,Action_PreSnap,549.1,497.09,681.88,725.7,132.77999999999997,228.61000000000007,xml_geometry_csv_action
BootPass_6,102,5,5,Position_Unknown,Team_Unknown,Action_PreSnap,1337.59,527.05,1468.55,750.43,130.96000000000004,223.38,xml_geometry_csv_action
BootPass_6,102,6,6,Position_Unknown,Team_Unknown,Action_PreSnap,365.26,508.16,517.94,700.67,152.68000000000006,192.50999999999993,xml_geometry_csv_action
BootPass_6,102,7,7,Position_Unknown,Team_Unknown,Action_PreSnap,1866.63,188.26,1919.24,441.15,52.6099999999999,252.89,xml_geometry_csv_action
BootPass_6,102,8,8,Position_Unknown,Team_Unknown,Action_PreSnap,348.82,264.74,519.53,501.85,170.70999999999998,237.11,xml_geometry_csv_action
BootPass_6,102,9,9,Position_Unknown,Team_Unknown,Action_PreSnap,491.69,265.85,620.3,493.71,128.60999999999996,227.85999999999996,xml_geometry_csv_action
BootPass_6,103,0,0,Position_Unknown,Team_Unknown,Action_PreSnap,821.78,289.33,987.73,537.02,165.95000000000005,247.69,xml_geometry_csv_action
BootPass_6,103,1,1,Position_Unknown,Team_Unknown,Action_PreSnap,1442.88,490.01,1559.14,684.55,116.25999999999999,194.53999999999996,xml_geometry_csv_action
BootPass_6,103,10,10,Position_Unknown,Team_Unknown,Action_PreSnap,903.45,696.14,1054.1,955.22,150.64999999999986,259.08000000000004,xml_geometry_csv_action
BootPass_6,103,11,11,Position_Unknown,Team_Unknown,Action_PreSnap,1138.97,522.86,1295.77,728.36,156.79999999999995,205.5,xml_geometry_csv_action
BootPass_6,103,12,12,Position_Unknown,Team_Unknown,Action_PreSnap,1211.05,320.48,1352.06,539.57,141.01,219.09000000000003,xml_geometry_csv_action
BootPass_6,103,13,13,Position_Unknown,Team_Unknown,Action_PreSnap,948.18,504.37,1090.24,705.17,142.06000000000006,200.79999999999995,xml_geometry_csv_action
BootPass_6,103,14,14,Position_Unknown,Team_Unknown,Action_PreSnap,1108.13,493.84,1222.8,653.26,114.66999999999985,159.42000000000002,xml_geometry_csv_action
BootPass_6,103,15,15,Position_Unknown,Team_Unknown,Action_PreSnap,708.58,487.4,820.27,630.5,111.68999999999994,143.10000000000002,xml_geometry_csv_action
BootPass_6,103,16,16,Position_Unknown,Team_Unknown,Action_PreSnap,494.98,457.5,618.24,636.28,123.25999999999999,178.77999999999997,xml_geometry_csv_action
BootPass_6,103,17,17,Position_Unknown,Team_Unknown,Action_PreSnap,954.35,573.55,1068.8,860.52,114.44999999999993,286.97,xml_geometry_csv_action
BootPass_6,103,2,2,Position_Unknown,Team_Unknown,Action_PreSnap,1545.0,477.17,1664.29,769.13,119.28999999999996,291.96,xml_geometry_csv_action
BootPass_6,103,3,3,Position_Unknown,Team_Unknown,Action_PreSnap,738.61,503.69,886.33,717.27,147.72000000000003,213.57999999999998,xml_geometry_csv_action
BootPass_6,103,4,4,Position_Unknown,Team_Unknown,Action_PreSnap,548.67,495.18,682.66,725.7,133.99,230.52000000000004,xml_geometry_csv_action
BootPass_6,103,5,5,Position_Unknown,Team_Unknown,Action_PreSnap,1336.98,525.19,1470.39,750.55,133.41000000000008,225.3599999999999,xml_geometry_csv_action
BootPass_6,103,6,6,Position_Unknown,Team_Unknown,Action_PreSnap,365.66,508.2,517.98,701.22,152.32,193.02000000000004,xml_geometry_csv_action
BootPass_6,103,7,7,Position_Unknown,Team_Unknown,Action_PreSnap,1881.97,187.57,1919.13,446.15,37.16000000000008,258.58,xml_geometry_csv_action
BootPass_6,103,8,8,Position_Unknown,Team_Unknown,Action_PreSnap,366.12,259.26,530.18,498.27,164.05999999999995,239.01,xml_geometry_csv_action
BootPass_6,103,9,9,Position_Unknown,Team_Unknown,Action_PreSnap,500.67,266.66,619.48,495.29,118.81,228.63,xml_geometry_csv_action
BootPass_6,104,0,0,Position_Unknown,Team_Unknown,Action_PreSnap,820.18,290.87,986.81,536.95,166.63,246.08000000000004,xml_geometry_csv_action
BootPass_6,104,1,1,Position_Unknown,Team_Unknown,Action_PreSnap,1445.0,491.65,1562.86,683.51,117.8599999999999,191.86,xml_geometry_csv_action
BootPass_6,104,10,10,Position_Unknown,Team_Unknown,Action_PreSnap,903.07,696.01,1053.95,955.34,150.88,259.33000000000004,xml_geometry_csv_action
BootPass_6,104,11,11,Position_Unknown,Team_Unknown,Action_PreSnap,1132.91,522.05,1294.06,727.14,161.14999999999986,205.09000000000003,xml_geometry_csv_action
BootPass_6,104,12,12,Position_Unknown,Team_Unknown,Action_PreSnap,1210.4,321.33,1351.91,539.02,141.51,217.69,xml_geometry_csv_action
BootPass_6,104,13,13,Position_Unknown,Team_Unknown,Action_PreSnap,947.99,500.61,1087.93,703.89,139.94000000000005,203.27999999999997,xml_geometry_csv_action
BootPass_6,104,14,14,Position_Unknown,Team_Unknown,Action_PreSnap,1108.04,494.02,1223.31,652.69,115.26999999999998,158.67000000000007,xml_geometry_csv_action
BootPass_6,104,15,15,Position_Unknown,Team_Unknown,Action_PreSnap,708.18,487.11,820.27,630.14,112.09000000000003,143.02999999999997,xml_geometry_csv_action
BootPass_6,104,16,16,Position_Unknown,Team_Unknown,Action_PreSnap,493.88,458.37,616.1,633.06,122.22000000000003,174.68999999999994,xml_geometry_csv_action
BootPass_6,104,17,17,Position_Unknown,Team_Unknown,Action_PreSnap,954.07,574.87,1069.44,860.55,115.37,285.67999999999995,xml_geometry_csv_action
BootPass_6,104,2,2,Position_Unknown,Team_Unknown,Action_PreSnap,1553.46,479.37,1682.95,769.73,129.49,290.36,xml_geometry_csv_action
BootPass_6,104,3,3,Position_Unknown,Team_Unknown,Action_PreSnap,738.08,501.4,885.9,716.59,147.81999999999994,215.19000000000005,xml_geometry_csv_action
BootPass_6,104,4,4,Position_Unknown,Team_Unknown,Action_PreSnap,547.72,491.9,683.75,725.26,136.02999999999997,233.36,xml_geometry_csv_action
BootPass_6,104,5,5,Position_Unknown,Team_Unknown,Action_PreSnap,1335.48,523.91,1471.03,750.88,135.54999999999995,226.97000000000003,xml_geometry_csv_action
BootPass_6,104,6,6,Position_Unknown,Team_Unknown,Action_PreSnap,365.82,507.24,517.37,701.84,151.55,194.60000000000002,xml_geometry_csv_action
BootPass_6,104,7,7,Position_Unknown,Team_Unknown,Action_PreSnap,1887.39,185.24,1918.93,453.84,31.539999999999964,268.59999999999997,xml_geometry_csv_action
BootPass_6,104,8,8,Position_Unknown,Team_Unknown,Action_PreSnap,386.08,254.61,538.8,495.67,152.71999999999997,241.06,xml_geometry_csv_action
BootPass_6,104,9,9,Position_Unknown,Team_Unknown,Action_PreSnap,505.99,267.95,622.28,498.22,116.28999999999996,230.27000000000004,xml_geometry_csv_action
BootPass_6,105,0,0,Position_Unknown,Team_Unknown,Action_PreSnap,817.07,291.85,985.9,537.07,168.82999999999993,245.22000000000003,xml_geometry_csv_action
BootPass_6,105,1,1,Position_Unknown,Team_Unknown,Action_PreSnap,1443.98,492.65,1568.04,682.16,124.05999999999995,189.51,xml_geometry_csv_action
BootPass_6,105,10,10,Position_Unknown,Team_Unknown,Action_PreSnap,903.22,695.64,1054.08,955.43,150.8599999999999,259.78999999999996,xml_geometry_csv_action
BootPass_6,105,11,11,Position_Unknown,Team_Unknown,Action_PreSnap,1126.18,512.21,1292.37,726.26,166.18999999999983,214.04999999999995,xml_geometry_csv_action
BootPass_6,105,12,12,Position_Unknown,Team_Unknown,Action_PreSnap,1209.74,321.43,1352.39,538.4,142.6500000000001,216.96999999999997,xml_geometry_csv_action
BootPass_6,105,13,13,Position_Unknown,Team_Unknown,Action_PreSnap,947.03,496.51,1084.61,701.51,137.57999999999993,205.0,xml_geometry_csv_action
BootPass_6,105,14,14,Position_Unknown,Team_Unknown,Action_PreSnap,1106.62,493.24,1222.0,647.54,115.38000000000011,154.29999999999995,xml_geometry_csv_action
BootPass_6,105,15,15,Position_Unknown,Team_Unknown,Action_PreSnap,708.64,484.9,823.17,631.67,114.52999999999997,146.76999999999998,xml_geometry_csv_action
BootPass_6,105,16,16,Position_Unknown,Team_Unknown,Action_PreSnap,492.49,458.84,614.28,628.86,121.78999999999996,170.02000000000004,xml_geometry_csv_action
BootPass_6,105,17,17,Position_Unknown,Team_Unknown,Action_PreSnap,953.23,574.74,1069.26,860.74,116.02999999999997,286.0,xml_geometry_csv_action
BootPass_6,105,2,2,Position_Unknown,Team_Unknown,Action_PreSnap,1563.15,484.03,1706.47,769.49,143.31999999999994,285.46000000000004,xml_geometry_csv_action
BootPass_6,105,3,3,Position_Unknown,Team_Unknown,Action_PreSnap,737.52,498.17,886.1,715.73,148.58000000000004,217.56,xml_geometry_csv_action
BootPass_6,105,4,4,Position_Unknown,Team_Unknown,Action_PreSnap,547.52,487.43,685.89,724.2,138.37,236.77000000000004,xml_geometry_csv_action
BootPass_6,105,5,5,Position_Unknown,Team_Unknown,Action_PreSnap,1333.96,521.14,1472.13,750.49,138.17000000000007,229.35000000000002,xml_geometry_csv_action
BootPass_6,105,6,6,Position_Unknown,Team_Unknown,Action_PreSnap,367.17,504.36,516.77,701.67,149.59999999999997,197.30999999999995,xml_geometry_csv_action
BootPass_6,105,7,7,Position_Unknown,Team_Unknown,Action_PreSnap,1886.12,188.87,1919.01,458.47,32.8900000000001,269.6,xml_geometry_csv_action
BootPass_6,105,8,8,Position_Unknown,Team_Unknown,Action_PreSnap,407.26,250.32,548.78,491.45,141.51999999999998,241.13,xml_geometry_csv_action
BootPass_6,105,9,9,Position_Unknown,Team_Unknown,Action_PreSnap,510.35,269.16,625.91,498.96,115.55999999999995,229.79999999999995,xml_geometry_csv_action
BootPass_6,106,0,0,Position_Unknown,Team_Unknown,Action_PreSnap,813.2,293.14,983.99,536.89,170.78999999999996,243.75,xml_geometry_csv_action
BootPass_6,106,1,1,Position_Unknown,Team_Unknown,Action_PreSnap,1438.51,494.06,1570.13,681.19,131.62000000000012,187.13000000000005,xml_geometry_csv_action
BootPass_6,106,10,10,Position_Unknown,Team_Unknown,Action_PreSnap,902.72,695.11,1053.87,955.76,151.14999999999986,260.65,xml_geometry_csv_action
BootPass_6,106,11,11,Position_Unknown,Team_Unknown,Action_PreSnap,1116.28,505.1,1290.95,725.68,174.67000000000007,220.57999999999993,xml_geometry_csv_action
BootPass_6,106,12,12,Position_Unknown,Team_Unknown,Action_PreSnap,1207.56,321.78,1352.25,539.49,144.69000000000005,217.71000000000004,xml_geometry_csv_action
BootPass_6,106,13,13,Position_Unknown,Team_Unknown,Action_PreSnap,944.47,492.47,1081.38,699.89,136.91000000000008,207.41999999999996,xml_geometry_csv_action
BootPass_6,106,14,14,Position_Unknown,Team_Unknown,Action_PreSnap,1100.26,492.87,1220.63,640.1,120.37000000000012,147.23000000000002,xml_geometry_csv_action
BootPass_6,106,15,15,Position_Unknown,Team_Unknown,Action_PreSnap,708.14,483.49,824.38,637.55,116.24000000000001,154.05999999999995,xml_geometry_csv_action
BootPass_6,106,16,16,Position_Unknown,Team_Unknown,Action_PreSnap,492.02,460.06,613.58,628.82,121.56000000000006,168.76000000000005,xml_geometry_csv_action
BootPass_6,106,17,17,Position_Unknown,Team_Unknown,Action_PreSnap,952.42,575.26,1069.37,861.36,116.94999999999993,286.1,xml_geometry_csv_action
BootPass_6,106,2,2,Position_Unknown,Team_Unknown,Action_PreSnap,1573.86,491.9,1726.83,768.82,152.97000000000003,276.9200000000001,xml_geometry_csv_action
BootPass_6,106,3,3,Position_Unknown,Team_Unknown,Action_PreSnap,734.43,494.8,885.2,715.39,150.7700000000001,220.58999999999997,xml_geometry_csv_action
BootPass_6,106,4,4,Position_Unknown,Team_Unknown,Action_PreSnap,546.88,483.45,690.16,723.79,143.27999999999997,240.33999999999997,xml_geometry_csv_action
BootPass_6,106,5,5,Position_Unknown,Team_Unknown,Action_PreSnap,1330.64,517.61,1473.27,751.53,142.62999999999988,233.91999999999996,xml_geometry_csv_action
BootPass_6,106,6,6,Position_Unknown,Team_Unknown,Action_PreSnap,367.64,499.31,516.44,701.62,148.80000000000007,202.31,xml_geometry_csv_action
BootPass_6,106,7,7,Position_Unknown,Team_Unknown,Action_PreSnap,1876.93,180.77,1918.83,455.57,41.899999999999864,274.79999999999995,xml_geometry_csv_action
BootPass_6,106,8,8,Position_Unknown,Team_Unknown,Action_PreSnap,424.91,248.12,555.71,486.6,130.8,238.48000000000002,xml_geometry_csv_action
BootPass_6,106,9,9,Position_Unknown,Team_Unknown,Action_PreSnap,511.47,271.72,628.39,498.6,116.91999999999996,226.88,xml_geometry_csv_action
BootPass_6,107,0,0,Position_Unknown,Team_Unknown,Action_PreSnap,809.86,294.21,982.39,538.18,172.52999999999997,243.96999999999997,xml_geometry_csv_action
BootPass_6,107,1,1,Position_Unknown,Team_Unknown,Action_PreSnap,1435.44,493.66,1572.88,680.03,137.44000000000005,186.36999999999995,xml_geometry_csv_action
BootPass_6,107,10,10,Position_Unknown,Team_Unknown,Action_PreSnap,902.61,694.56,1053.76,955.87,151.14999999999998,261.31000000000006,xml_geometry_csv_action
BootPass_6,107,11,11,Position_Unknown,Team_Unknown,Action_PreSnap,1108.27,497.59,1287.1,723.62,178.82999999999993,226.03000000000003,xml_geometry_csv_action
BootPass_6,107,12,12,Position_Unknown,Team_Unknown,Action_PreSnap,1207.32,322.15,1353.38,539.94,146.06000000000017,217.79000000000008,xml_geometry_csv_action
BootPass_6,107,13,13,Position_Unknown,Team_Unknown,Action_PreSnap,941.79,487.92,1081.96,698.09,140.17000000000007,210.17000000000002,xml_geometry_csv_action
BootPass_6,107,15,15,Position_Unknown,Team_Unknown,Action_PreSnap,706.51,482.89,825.19,644.73,118.68000000000006,161.84000000000003,xml_geometry_csv_action
BootPass_6,107,16,16,Position_Unknown,Team_Unknown,Action_PreSnap,492.93,459.78,612.94,628.46,120.01000000000005,168.68000000000006,xml_geometry_csv_action
BootPass_6,107,17,17,Position_Unknown,Team_Unknown,Action_PreSnap,951.33,575.37,1071.35,862.2,120.01999999999987,286.83000000000004,xml_geometry_csv_action
BootPass_6,107,2,2,Position_Unknown,Team_Unknown,Action_PreSnap,1582.98,498.54,1743.15,769.85,160.17000000000007,271.31,xml_geometry_csv_action
BootPass_6,107,3,3,Position_Unknown,Team_Unknown,Action_PreSnap,735.43,491.04,886.46,713.41,151.0300000000001,222.36999999999995,xml_geometry_csv_action
BootPass_6,107,4,4,Position_Unknown,Team_Unknown,Action_PreSnap,546.81,479.43,696.18,723.79,149.37,244.35999999999996,xml_geometry_csv_action
BootPass_6,107,5,5,Position_Unknown,Team_Unknown,Action_PreSnap,1327.37,510.49,1474.39,752.02,147.0200000000002,241.52999999999997,xml_geometry_csv_action
BootPass_6,107,6,6,Position_Unknown,Team_Unknown,Action_PreSnap,367.7,493.56,519.13,700.91,151.43,207.34999999999997,xml_geometry_csv_action
BootPass_6,107,7,7,Position_Unknown,Team_Unknown,Action_PreSnap,1877.01,169.92,1918.94,436.66,41.930000000000064,266.74,xml_geometry_csv_action
BootPass_6,107,8,8,Position_Unknown,Team_Unknown,Action_PreSnap,442.94,246.86,563.73,481.95,120.79000000000002,235.08999999999997,xml_geometry_csv_action
BootPass_6,107,9,9,Position_Unknown,Team_Unknown,Action_PreSnap,511.65,274.88,631.32,497.74,119.67000000000007,222.86,xml_geometry_csv_action
BootPass_6,108,0,0,Position_Unknown,Team_Unknown,Action_PreSnap,809.46,296.34,979.55,538.73,170.08999999999992,242.39000000000004,xml_geometry_csv_action
BootPass_6,108,1,1,Position_Unknown,Team_Unknown,Action_PreSnap,1435.72,491.31,1573.71,679.83,137.99,188.52000000000004,xml_geometry_csv_action
BootPass_6,108,10,10,Position_Unknown,Team_Unknown,Action_PreSnap,903.31,693.14,1053.08,956.18,149.76999999999998,263.03999999999996,xml_geometry_csv_action
BootPass_6,108,11,11,Position_Unknown,Team_Unknown,Action_PreSnap,1103.17,490.51,1279.68,723.51,176.51,233.0,xml_geometry_csv_action
BootPass_6,108,12,12,Position_Unknown,Team_Unknown,Action_PreSnap,1207.12,322.96,1354.49,539.08,147.37000000000012,216.12000000000006,xml_geometry_csv_action
BootPass_6,108,13,13,Position_Unknown,Team_Unknown,Action_PreSnap,938.74,481.76,1084.56,696.74,145.81999999999994,214.98000000000002,xml_geometry_csv_action
BootPass_6,108,15,15,Position_Unknown,Team_Unknown,Action_PreSnap,702.8,481.61,822.72,642.98,119.92000000000007,161.37,xml_geometry_csv_action
BootPass_6,108,16,16,Position_Unknown,Team_Unknown,Action_PreSnap,492.15,458.43,610.24,628.0,118.09000000000003,169.57,xml_geometry_csv_action
BootPass_6,108,17,17,Position_Unknown,Team_Unknown,Action_PreSnap,947.32,574.54,1073.52,862.67,126.19999999999993,288.13,xml_geometry_csv_action
BootPass_6,108,2,2,Position_Unknown,Team_Unknown,Action_PreSnap,1589.14,504.1,1752.66,772.59,163.51999999999998,268.49,xml_geometry_csv_action
BootPass_6,108,3,3,Position_Unknown,Team_Unknown,Action_PreSnap,736.0,486.82,887.29,712.74,151.28999999999996,225.92000000000002,xml_geometry_csv_action
BootPass_6,108,4,4,Position_Unknown,Team_Unknown,Action_PreSnap,546.89,476.28,706.83,723.44,159.94000000000005,247.16000000000008,xml_geometry_csv_action
BootPass_6,108,5,5,Position_Unknown,Team_Unknown,Action_PreSnap,1328.03,502.08,1473.81,751.87,145.77999999999997,249.79000000000002,xml_geometry_csv_action
BootPass_6,108,6,6,Position_Unknown,Team_Unknown,Action_PreSnap,370.26,487.92,521.58,699.37,151.32000000000005,211.45,xml_geometry_csv_action
BootPass_6,108,8,8,Position_Unknown,Team_Unknown,Action_PreSnap,463.21,247.36,571.17,478.56,107.95999999999998,231.2,xml_geometry_csv_action
BootPass_6,108,9,9,Position_Unknown,Team_Unknown,Action_PreSnap,514.58,277.61,632.8,497.41,118.21999999999991,219.8,xml_geometry_csv_action
BootPass_6,109,0,0,Position_Unknown,Team_Unknown,Action_PreSnap,808.78,298.9,975.53,538.18,166.75,239.27999999999997,xml_geometry_csv_action
BootPass_6,109,1,1,Position_Unknown,Team_Unknown,Action_PreSnap,1442.01,487.48,1575.39,677.94,133.3800000000001,190.46000000000004,xml_geometry_csv_action
BootPass_6,109,10,10,Position_Unknown,Team_Unknown,Action_PreSnap,904.92,691.13,1052.76,955.97,147.84000000000003,264.84000000000003,xml_geometry_csv_action
BootPass_6,109,11,11,Position_Unknown,Team_Unknown,Action_PreSnap,1100.0,482.56,1276.53,723.86,176.52999999999997,241.3,xml_geometry_csv_action
BootPass_6,109,12,12,Position_Unknown,Team_Unknown,Action_PreSnap,1210.5,322.86,1355.52,535.92,145.01999999999998,213.05999999999995,xml_geometry_csv_action
BootPass_6,109,13,13,Position_Unknown,Team_Unknown,Action_PreSnap,933.22,475.97,1083.07,695.56,149.8499999999999,219.58999999999992,xml_geometry_csv_action
BootPass_6,109,15,15,Position_Unknown,Team_Unknown,Action_PreSnap,700.53,475.69,819.18,643.26,118.64999999999998,167.57,xml_geometry_csv_action
BootPass_6,109,16,16,Position_Unknown,Team_Unknown,Action_PreSnap,493.81,456.43,608.93,622.17,115.11999999999995,165.73999999999995,xml_geometry_csv_action
BootPass_6,109,17,17,Position_Unknown,Team_Unknown,Action_PreSnap,944.69,573.86,1075.98,862.69,131.28999999999996,288.83000000000004,xml_geometry_csv_action
BootPass_6,109,2,2,Position_Unknown,Team_Unknown,Action_PreSnap,1593.52,510.3,1757.14,773.5,163.62000000000012,263.2,xml_geometry_csv_action
BootPass_6,109,3,3,Position_Unknown,Team_Unknown,Action_PreSnap,732.75,482.9,886.82,712.31,154.07000000000005,229.40999999999997,xml_geometry_csv_action
BootPass_6,109,4,4,Position_Unknown,Team_Unknown,Action_PreSnap,547.61,473.8,715.25,722.27,167.64,248.46999999999997,xml_geometry_csv_action
BootPass_6,109,5,5,Position_Unknown,Team_Unknown,Action_PreSnap,1323.94,492.42,1468.74,748.65,144.79999999999995,256.22999999999996,xml_geometry_csv_action
BootPass_6,109,6,6,Position_Unknown,Team_Unknown,Action_PreSnap,374.77,481.94,526.37,697.08,151.60000000000002,215.14000000000004,xml_geometry_csv_action
BootPass_6,109,8,8,Position_Unknown,Team_Unknown,Action_PreSnap,482.63,249.07,576.39,477.47,93.75999999999999,228.40000000000003,xml_geometry_csv_action
BootPass_6,109,9,9,Position_Unknown,Team_Unknown,Action_PreSnap,514.94,278.64,635.69,499.41,120.75,220.77000000000004,xml_geometry_csv_action
BootPass_6,110,0,0,Position_Unknown,Team_Unknown,Action_PreSnap,808.61,301.24,969.36,537.93,160.75,236.68999999999994,xml_geometry_csv_action
BootPass_6,110,1,1,Position_Unknown,Team_Unknown,Action_PreSnap,1440.82,483.02,1578.39,686.78,137.57000000000016,203.76,xml_geometry_csv_action
BootPass_6,110,10,10,Position_Unknown,Team_Unknown,Action_PreSnap,905.09,689.68,1052.64,955.78,147.55000000000007,266.1,xml_geometry_csv_action
BootPass_6,110,11,11,Position_Unknown,Team_Unknown,Action_PreSnap,1095.52,475.79,1274.66,723.42,179.1400000000001,247.62999999999994,xml_geometry_csv_action
BootPass_6,110,12,12,Position_Unknown,Team_Unknown,Action_PreSnap,1211.12,322.98,1358.31,536.17,147.19000000000005,213.18999999999994,xml_geometry_csv_action
BootPass_6,110,13,13,Position_Unknown,Team_Unknown,Action_PreSnap,927.32,469.52,1077.67,692.03,150.35000000000002,222.51,xml_geometry_csv_action
BootPass_6,110,15,15,Position_Unknown,Team_Unknown,Action_PreSnap,698.92,467.84,819.17,642.93,120.25,175.08999999999997,xml_geometry_csv_action
BootPass_6,110,16,16,Position_Unknown,Team_Unknown,Action_PreSnap,492.73,454.6,608.7,620.93,115.97000000000003,166.32999999999993,xml_geometry_csv_action
BootPass_6,110,17,17,Position_Unknown,Team_Unknown,Action_PreSnap,941.21,574.14,1075.68,863.07,134.47000000000003,288.93000000000006,xml_geometry_csv_action
BootPass_6,110,2,2,Position_Unknown,Team_Unknown,Action_PreSnap,1597.43,515.35,1760.61,775.09,163.17999999999984,259.74,xml_geometry_csv_action
BootPass_6,110,3,3,Position_Unknown,Team_Unknown,Action_PreSnap,729.1,480.54,886.31,714.06,157.20999999999992,233.51999999999992,xml_geometry_csv_action
BootPass_6,110,4,4,Position_Unknown,Team_Unknown,Action_PreSnap,548.19,472.42,722.08,722.06,173.89,249.63999999999993,xml_geometry_csv_action
BootPass_6,110,5,5,Position_Unknown,Team_Unknown,Action_PreSnap,1313.11,478.65,1467.05,746.2,153.94000000000005,267.55000000000007,xml_geometry_csv_action
BootPass_6,110,6,6,Position_Unknown,Team_Unknown,Action_PreSnap,376.86,474.35,531.96,695.7,155.10000000000002,221.35000000000002,xml_geometry_csv_action
BootPass_6,110,8,8,Position_Unknown,Team_Unknown,Action_PreSnap,496.73,253.75,583.48,459.52,86.75,205.76999999999998,xml_geometry_csv_action
BootPass_6,110,9,9,Position_Unknown,Team_Unknown,Action_PreSnap,511.3,279.54,637.67,501.8,126.36999999999995,222.26,xml_geometry_csv_action
BootPass_6,111,0,0,Position_Unknown,Team_Unknown,Action_PreSnap,808.36,303.62,962.64,532.32,154.27999999999997,228.70000000000005,xml_geometry_csv_action
BootPass_6,111,1,1,Position_Unknown,Team_Unknown,Action_PreSnap,1434.35,479.09,1575.95,674.99,141.60000000000014,195.90000000000003,xml_geometry_csv_action
BootPass_6,111,10,10,Position_Unknown,Team_Unknown,Action_PreSnap,904.18,688.85,1052.95,955.19,148.7700000000001,266.34000000000003,xml_geometry_csv_action
BootPass_6,111,11,11,Position_Unknown,Team_Unknown,Action_PreSnap,1092.17,470.84,1274.67,722.5,182.5,251.66000000000003,xml_geometry_csv_action
BootPass_6,111,12,12,Position_Unknown,Team_Unknown,Action_PreSnap,1210.71,321.78,1360.76,536.66,150.04999999999995,214.88,xml_geometry_csv_action
BootPass_6,111,13,13,Position_Unknown,Team_Unknown,Action_PreSnap,920.45,463.49,1065.03,685.93,144.57999999999993,222.43999999999994,xml_geometry_csv_action
BootPass_6,111,15,15,Position_Unknown,Team_Unknown,Action_PreSnap,697.57,459.81,818.04,635.3,120.46999999999991,175.48999999999995,xml_geometry_csv_action
BootPass_6,111,16,16,Position_Unknown,Team_Unknown,Action_PreSnap,495.69,453.2,610.17,614.98,114.47999999999996,161.78000000000003,xml_geometry_csv_action
BootPass_6,111,17,17,Position_Unknown,Team_Unknown,Action_PreSnap,943.13,573.71,1076.09,862.7,132.95999999999992,288.99,xml_geometry_csv_action
BootPass_6,111,2,2,Position_Unknown,Team_Unknown,Action_PreSnap,1601.55,519.43,1763.43,775.56,161.8800000000001,256.13,xml_geometry_csv_action
BootPass_6,111,3,3,Position_Unknown,Team_Unknown,Action_PreSnap,727.46,478.59,885.28,715.25,157.81999999999994,236.66000000000003,xml_geometry_csv_action
BootPass_6,111,4,4,Position_Unknown,Team_Unknown,Action_PreSnap,549.14,470.31,728.14,721.0,179.0,250.69,xml_geometry_csv_action
BootPass_6,111,5,5,Position_Unknown,Team_Unknown,Action_PreSnap,1302.98,468.56,1468.71,744.87,165.73000000000002,276.31,xml_geometry_csv_action
BootPass_6,111,6,6,Position_Unknown,Team_Unknown,Action_PreSnap,377.99,467.12,535.47,693.71,157.48000000000002,226.59000000000003,xml_geometry_csv_action
BootPass_6,111,9,9,Position_Unknown,Team_Unknown,Action_PreSnap,510.13,274.69,640.18,502.05,130.04999999999995,227.36,xml_geometry_csv_action
BootPass_6,112,0,0,Position_Unknown,Team_Unknown,Action_PreSnap,808.07,305.94,956.27,531.09,148.19999999999993,225.15000000000003,xml_geometry_csv_action
BootPass_6,112,1,1,Position_Unknown,Team_Unknown,Action_PreSnap,1427.17,474.4,1575.53,661.37,148.3599999999999,186.97000000000003,xml_geometry_csv_action
BootPass_6,112,10,10,Position_Unknown,Team_Unknown,Action_PreSnap,904.02,687.48,1053.54,955.37,149.51999999999998,267.89,xml_geometry_csv_action
BootPass_6,112,11,11,Position_Unknown,Team_Unknown,Action_PreSnap,1086.06,468.53,1269.24,722.31,183.18000000000006,253.77999999999997,xml_geometry_csv_action
BootPass_6,112,12,12,Position_Unknown,Team_Unknown,Action_PreSnap,1209.17,319.57,1366.94,538.47,157.76999999999998,218.90000000000003,xml_geometry_csv_action
BootPass_6,112,13,13,Position_Unknown,Team_Unknown,Action_PreSnap,911.75,460.34,1050.63,681.66,138.8800000000001,221.32,xml_geometry_csv_action
BootPass_6,112,15,15,Position_Unknown,Team_Unknown,Action_PreSnap,694.01,452.95,818.28,631.13,124.26999999999998,178.18,xml_geometry_csv_action
BootPass_6,112,16,16,Position_Unknown,Team_Unknown,Action_PreSnap,500.4,450.2,613.21,614.45,112.81000000000006,164.25000000000006,xml_geometry_csv_action
BootPass_6,112,17,17,Position_Unknown,Team_Unknown,Action_PreSnap,940.67,572.38,1078.03,860.21,137.36,287.83000000000004,xml_geometry_csv_action
BootPass_6,112,2,2,Position_Unknown,Team_Unknown,Action_PreSnap,1606.22,521.95,1766.34,777.92,160.1199999999999,255.9699999999999,xml_geometry_csv_action
BootPass_6,112,3,3,Position_Unknown,Team_Unknown,Action_PreSnap,727.36,477.95,886.92,717.56,159.55999999999995,239.60999999999996,xml_geometry_csv_action
BootPass_6,112,4,4,Position_Unknown,Team_Unknown,Action_PreSnap,550.43,468.83,730.23,721.07,179.80000000000007,252.24000000000007,xml_geometry_csv_action
BootPass_6,112,5,5,Position_Unknown,Team_Unknown,Action_PreSnap,1294.94,466.9,1470.36,744.45,175.41999999999985,277.55000000000007,xml_geometry_csv_action
BootPass_6,112,6,6,Position_Unknown,Team_Unknown,Action_PreSnap,376.76,461.42,538.31,694.58,161.54999999999995,233.16000000000003,xml_geometry_csv_action
BootPass_6,112,9,9,Position_Unknown,Team_Unknown,Action_PreSnap,512.02,271.84,642.72,505.4,130.70000000000005,233.56,xml_geometry_csv_action
BootPass_6,113,0,0,Position_Unknown,Team_Unknown,Action_PreSnap,808.07,307.39,950.27,528.77,142.19999999999993,221.38,xml_geometry_csv_action
BootPass_6,113,1,1,Position_Unknown,Team_Unknown,Action_PreSnap,1418.68,469.56,1574.49,653.77,155.80999999999995,184.20999999999998,xml_geometry_csv_action
BootPass_6,113,10,10,Position_Unknown,Team_Unknown,Action_PreSnap,903.31,685.72,1054.95,954.54,151.6400000000001,268.81999999999994,xml_geometry_csv_action
BootPass_6,113,11,11,Position_Unknown,Team_Unknown,Action_PreSnap,1082.03,466.4,1257.38,720.85,175.35000000000014,254.45000000000005,xml_geometry_csv_action
BootPass_6,113,12,12,Position_Unknown,Team_Unknown,Action_PreSnap,1208.3,316.28,1371.07,534.96,162.76999999999998,218.68000000000006,xml_geometry_csv_action
BootPass_6,113,13,13,Position_Unknown,Team_Unknown,Action_PreSnap,904.21,457.25,1039.36,678.58,135.14999999999986,221.33000000000004,xml_geometry_csv_action
BootPass_6,113,15,15,Position_Unknown,Team_Unknown,Action_PreSnap,693.98,446.97,818.04,627.82,124.05999999999995,180.85000000000002,xml_geometry_csv_action
BootPass_6,113,16,16,Position_Unknown,Team_Unknown,Action_PreSnap,504.32,443.97,615.38,609.97,111.06,166.0,xml_geometry_csv_action
BootPass_6,113,17,17,Position_Unknown,Team_Unknown,Action_PreSnap,938.69,570.4,1076.71,857.21,138.01999999999998,286.81000000000006,xml_geometry_csv_action
BootPass_6,113,2,2,Position_Unknown,Team_Unknown,Action_PreSnap,1608.58,522.49,1767.76,777.53,159.18000000000006,255.03999999999996,xml_geometry_csv_action
BootPass_6,113,3,3,Position_Unknown,Team_Unknown,Action_PreSnap,726.55,477.2,885.49,716.9,158.94000000000005,239.7,xml_geometry_csv_action
BootPass_6,113,4,4,Position_Unknown,Team_Unknown,Action_PreSnap,551.47,467.33,730.62,720.77,179.14999999999998,253.44,xml_geometry_csv_action
BootPass_6,113,5,5,Position_Unknown,Team_Unknown,Action_PreSnap,1285.76,461.06,1457.81,737.48,172.04999999999995,276.42,xml_geometry_csv_action
BootPass_6,113,6,6,Position_Unknown,Team_Unknown,Action_PreSnap,379.63,456.46,542.21,694.23,162.58000000000004,237.77000000000004,xml_geometry_csv_action
BootPass_6,113,9,9,Position_Unknown,Team_Unknown,Action_PreSnap,510.97,271.94,644.74,507.99,133.76999999999998,236.05,xml_geometry_csv_action
BootPass_6,114,0,0,Position_Unknown,Team_Unknown,Action_PreSnap,807.83,308.84,946.18,521.22,138.3499999999999,212.38000000000005,xml_geometry_csv_action
BootPass_6,114,1,1,Position_Unknown,Team_Unknown,Action_PreSnap,1409.74,465.73,1573.64,650.72,163.9000000000001,184.99,xml_geometry_csv_action
BootPass_6,114,10,10,Position_Unknown,Team_Unknown,Action_PreSnap,903.26,684.96,1055.73,954.67,152.47000000000003,269.7099999999999,xml_geometry_csv_action
BootPass_6,114,11,11,Position_Unknown,Team_Unknown,Action_PreSnap,1077.98,464.82,1240.57,722.22,162.58999999999992,257.40000000000003,xml_geometry_csv_action
BootPass_6,114,12,12,Position_Unknown,Team_Unknown,Action_PreSnap,1210.18,312.95,1374.12,534.48,163.93999999999983,221.53000000000003,xml_geometry_csv_action
BootPass_6,114,13,13,Position_Unknown,Team_Unknown,Action_PreSnap,897.74,454.78,1030.57,678.35,132.82999999999993,223.57000000000005,xml_geometry_csv_action
BootPass_6,114,15,15,Position_Unknown,Team_Unknown,Action_PreSnap,696.28,442.74,819.46,629.72,123.18000000000006,186.98000000000002,xml_geometry_csv_action
BootPass_6,114,16,16,Position_Unknown,Team_Unknown,Action_PreSnap,507.8,438.39,619.19,602.37,111.39000000000004,163.98000000000002,xml_geometry_csv_action
BootPass_6,114,17,17,Position_Unknown,Team_Unknown,Action_PreSnap,935.69,568.76,1073.6,852.55,137.90999999999985,283.78999999999996,xml_geometry_csv_action
BootPass_6,114,2,2,Position_Unknown,Team_Unknown,Action_PreSnap,1610.3,520.54,1767.84,778.05,157.53999999999996,257.51,xml_geometry_csv_action
BootPass_6,114,3,3,Position_Unknown,Team_Unknown,Action_PreSnap,727.9,475.26,887.54,718.04,159.64,242.77999999999997,xml_geometry_csv_action
BootPass_6,114,4,4,Position_Unknown,Team_Unknown,Action_PreSnap,554.84,467.11,732.77,720.92,177.92999999999995,253.80999999999995,xml_geometry_csv_action
BootPass_6,114,5,5,Position_Unknown,Team_Unknown,Action_PreSnap,1278.19,457.13,1439.75,732.4,161.55999999999995,275.27,xml_geometry_csv_action
BootPass_6,114,6,6,Position_Unknown,Team_Unknown,Action_PreSnap,387.12,453.71,547.22,695.34,160.10000000000002,241.63000000000005,xml_geometry_csv_action
BootPass_6,114,9,9,Position_Unknown,Team_Unknown,Action_PreSnap,507.15,274.91,644.02,508.99,136.87,234.07999999999998,xml_geometry_csv_action
BootPass_6,115,0,0,Position_Unknown,Team_Unknown,Action_PreSnap,808.94,309.43,941.7,513.5,132.76,204.07,xml_geometry_csv_action
BootPass_6,115,1,1,Position_Unknown,Team_Unknown,Action_PreSnap,1401.01,460.42,1572.49,650.05,171.48000000000002,189.62999999999994,xml_geometry_csv_action
BootPass_6,115,10,10,Position_Unknown,Team_Unknown,Action_PreSnap,903.24,683.71,1055.93,954.18,152.69000000000005,270.4699999999999,xml_geometry_csv_action
BootPass_6,115,11,11,Position_Unknown,Team_Unknown,Action_PreSnap,1081.69,463.54,1226.53,721.92,144.83999999999992,258.37999999999994,xml_geometry_csv_action
BootPass_6,115,12,12,Position_Unknown,Team_Unknown,Action_PreSnap,1223.96,311.25,1375.69,523.32,151.73000000000002,212.07000000000005,xml_geometry_csv_action
BootPass_6,115,13,13,Position_Unknown,Team_Unknown,Action_PreSnap,893.81,454.07,1021.99,677.72,128.18000000000006,223.65000000000003,xml_geometry_csv_action
BootPass_6,115,15,15,Position_Unknown,Team_Unknown,Action_PreSnap,699.07,440.7,818.4,627.89,119.32999999999993,187.19,xml_geometry_csv_action
BootPass_6,115,16,16,Position_Unknown,Team_Unknown,Action_PreSnap,510.72,431.76,622.43,595.95,111.70999999999992,164.19000000000005,xml_geometry_csv_action
BootPass_6,115,17,17,Position_Unknown,Team_Unknown,Action_PreSnap,933.48,566.6,1069.69,848.8,136.21000000000004,282.19999999999993,xml_geometry_csv_action
BootPass_6,115,2,2,Position_Unknown,Team_Unknown,Action_PreSnap,1605.23,515.86,1766.16,777.01,160.93000000000006,261.15,xml_geometry_csv_action
BootPass_6,115,3,3,Position_Unknown,Team_Unknown,Action_PreSnap,728.81,472.8,890.33,719.68,161.5200000000001,246.87999999999994,xml_geometry_csv_action
BootPass_6,115,4,4,Position_Unknown,Team_Unknown,Action_PreSnap,554.69,465.44,733.87,720.54,179.17999999999995,255.09999999999997,xml_geometry_csv_action
BootPass_6,115,5,5,Position_Unknown,Team_Unknown,Action_PreSnap,1269.76,454.4,1426.0,729.44,156.24,275.0400000000001,xml_geometry_csv_action
BootPass_6,115,6,6,Position_Unknown,Team_Unknown,Action_PreSnap,393.26,451.62,551.71,694.2,158.45000000000005,242.58000000000004,xml_geometry_csv_action
BootPass_6,115,8,8,Position_Unknown,Team_Unknown,Action_PreSnap,581.25,252.05,650.98,454.59,69.73000000000002,202.53999999999996,xml_geometry_csv_action
BootPass_6,115,9,9,Position_Unknown,Team_Unknown,Action_PreSnap,503.35,277.63,638.37,506.29,135.01999999999998,228.66000000000003,xml_geometry_csv_action
BootPass_6,116,0,0,Position_Unknown,Team_Unknown,Action_PreSnap,810.01,309.64,939.32,507.59,129.31000000000006,197.95,xml_geometry_csv_action
BootPass_6,116,1,1,Position_Unknown,Team_Unknown,Action_PreSnap,1398.45,455.5,1572.2,646.37,173.75,190.87,xml_geometry_csv_action
BootPass_6,116,10,10,Position_Unknown,Team_Unknown,Action_PreSnap,904.35,683.52,1056.99,953.09,152.64,269.57000000000005,xml_geometry_csv_action
BootPass_6,116,11,11,Position_Unknown,Team_Unknown,Action_PreSnap,1071.27,461.89,1217.02,720.47,145.75,258.58000000000004,xml_geometry_csv_action
BootPass_6,116,12,12,Position_Unknown,Team_Unknown,Action_PreSnap,1235.11,310.67,1377.94,515.17,142.83000000000015,204.49999999999994,xml_geometry_csv_action
BootPass_6,116,13,13,Position_Unknown,Team_Unknown,Action_PreSnap,893.64,453.96,1013.55,672.84,119.90999999999997,218.88000000000005,xml_geometry_csv_action
BootPass_6,116,15,15,Position_Unknown,Team_Unknown,Action_PreSnap,703.04,440.67,820.47,622.69,117.43000000000006,182.02000000000004,xml_geometry_csv_action
BootPass_6,116,16,16,Position_Unknown,Team_Unknown,Action_PreSnap,518.34,428.06,630.04,590.54,111.69999999999993,162.47999999999996,xml_geometry_csv_action
BootPass_6,116,17,17,Position_Unknown,Team_Unknown,Action_PreSnap,930.62,567.6,1060.47,836.36,129.85000000000002,268.76,xml_geometry_csv_action
BootPass_6,116,2,2,Position_Unknown,Team_Unknown,Action_PreSnap,1600.43,510.96,1765.77,775.21,165.33999999999992,264.25000000000006,xml_geometry_csv_action
BootPass_6,116,3,3,Position_Unknown,Team_Unknown,Action_PreSnap,731.37,471.33,897.2,723.41,165.83000000000004,252.07999999999998,xml_geometry_csv_action
BootPass_6,116,4,4,Position_Unknown,Team_Unknown,Action_PreSnap,555.98,463.75,736.55,720.03,180.56999999999994,256.28,xml_geometry_csv_action
BootPass_6,116,5,5,Position_Unknown,Team_Unknown,Action_PreSnap,1257.26,451.91,1419.89,728.08,162.6300000000001,276.17,xml_geometry_csv_action
BootPass_6,116,6,6,Position_Unknown,Team_Unknown,Action_PreSnap,394.38,447.52,559.2,691.43,164.82000000000005,243.90999999999997,xml_geometry_csv_action
BootPass_6,116,8,8,Position_Unknown,Team_Unknown,Action_PreSnap,585.81,248.34,663.44,459.07,77.63000000000011,210.73,xml_geometry_csv_action
BootPass_6,116,9,9,Position_Unknown,Team_Unknown,Action_PreSnap,501.75,278.35,634.61,501.24,132.86,222.89,xml_geometry_csv_action
BootPass_6,117,0,0,Position_Unknown,Team_Unknown,Action_PreSnap,808.76,310.84,936.63,506.08,127.87,195.24,xml_geometry_csv_action
BootPass_6,117,1,1,Position_Unknown,Team_Unknown,Action_PreSnap,1391.82,451.27,1570.48,646.01,178.66000000000008,194.74,xml_geometry_csv_action
BootPass_6,117,10,10,Position_Unknown,Team_Unknown,Action_PreSnap,904.1,683.59,1056.95,951.64,152.85000000000002,268.04999999999995,xml_geometry_csv_action
BootPass_6,117,11,11,Position_Unknown,Team_Unknown,Action_PreSnap,1063.15,460.19,1210.93,718.24,147.77999999999997,258.05,xml_geometry_csv_action
BootPass_6,117,12,12,Position_Unknown,Team_Unknown,Action_PreSnap,1240.27,310.27,1381.2,514.64,140.93000000000006,204.37,xml_geometry_csv_action
BootPass_6,117,13,13,Position_Unknown,Team_Unknown,Action_PreSnap,889.06,454.52,1002.66,668.45,113.60000000000002,213.93000000000006,xml_geometry_csv_action
BootPass_6,117,15,15,Position_Unknown,Team_Unknown,Action_PreSnap,705.09,442.1,819.44,620.88,114.35000000000002,178.77999999999997,xml_geometry_csv_action
BootPass_6,117,17,17,Position_Unknown,Team_Unknown,Action_PreSnap,926.91,568.16,1056.92,834.45,130.0100000000001,266.2900000000001,xml_geometry_csv_action
BootPass_6,117,2,2,Position_Unknown,Team_Unknown,Action_PreSnap,1586.57,505.31,1764.26,772.74,177.69000000000005,267.43,xml_geometry_csv_action
BootPass_6,117,3,3,Position_Unknown,Team_Unknown,Action_PreSnap,735.38,469.88,902.28,725.62,166.89999999999998,255.74,xml_geometry_csv_action
BootPass_6,117,4,4,Position_Unknown,Team_Unknown,Action_PreSnap,557.4,462.39,737.81,719.31,180.40999999999997,256.91999999999996,xml_geometry_csv_action
BootPass_6,117,5,5,Position_Unknown,Team_Unknown,Action_PreSnap,1248.32,441.96,1416.25,726.78,167.93000000000006,284.82,xml_geometry_csv_action
BootPass_6,117,6,6,Position_Unknown,Team_Unknown,Action_PreSnap,393.8,440.02,568.51,689.49,174.70999999999998,249.47000000000003,xml_geometry_csv_action
BootPass_6,117,8,8,Position_Unknown,Team_Unknown,Action_PreSnap,582.25,244.57,672.12,472.68,89.87,228.11,xml_geometry_csv_action
BootPass_6,117,9,9,Position_Unknown,Team_Unknown,Action_PreSnap,497.22,279.09,626.62,490.97,129.39999999999998,211.88000000000005,xml_geometry_csv_action
BootPass_6,118,0,0,Position_Unknown,Team_Unknown,Action_PreSnap,809.73,312.01,938.28,502.32,128.54999999999995,190.31,xml_geometry_csv_action
BootPass_6,118,1,1,Position_Unknown,Team_Unknown,Action_PreSnap,1387.4,446.7,1570.82,650.64,183.41999999999985,203.94,xml_geometry_csv_action
BootPass_6,118,10,10,Position_Unknown,Team_Unknown,Action_PreSnap,905.5,681.03,1059.02,950.36,153.51999999999998,269.33000000000004,xml_geometry_csv_action
BootPass_6,118,11,11,Position_Unknown,Team_Unknown,Action_PreSnap,1060.5,459.63,1207.57,715.06,147.06999999999994,255.42999999999995,xml_geometry_csv_action
BootPass_6,118,12,12,Position_Unknown,Team_Unknown,Action_PreSnap,1246.84,310.64,1385.81,515.37,138.97000000000003,204.73000000000002,xml_geometry_csv_action
BootPass_6,118,13,13,Position_Unknown,Team_Unknown,Action_PreSnap,887.96,457.7,994.84,672.42,106.88,214.71999999999997,xml_geometry_csv_action
BootPass_6,118,15,15,Position_Unknown,Team_Unknown,Action_PreSnap,708.39,444.96,824.95,645.1,116.56000000000006,200.14000000000004,xml_geometry_csv_action
BootPass_6,118,17,17,Position_Unknown,Team_Unknown,Action_PreSnap,930.83,570.95,1060.72,841.94,129.89,270.99,xml_geometry_csv_action
BootPass_6,118,2,2,Position_Unknown,Team_Unknown,Action_PreSnap,1583.16,500.7,1764.6,769.88,181.43999999999983,269.18,xml_geometry_csv_action
BootPass_6,118,3,3,Position_Unknown,Team_Unknown,Action_PreSnap,744.78,471.33,907.67,727.91,162.89,256.58,xml_geometry_csv_action
BootPass_6,118,4,4,Position_Unknown,Team_Unknown,Action_PreSnap,562.79,460.67,740.27,717.81,177.48000000000002,257.13999999999993,xml_geometry_csv_action
BootPass_6,118,5,5,Position_Unknown,Team_Unknown,Action_PreSnap,1238.12,431.1,1413.19,724.67,175.07000000000016,293.56999999999994,xml_geometry_csv_action
BootPass_6,118,6,6,Position_Unknown,Team_Unknown,Action_PreSnap,395.66,433.64,578.66,688.25,182.99999999999994,254.61,xml_geometry_csv_action
BootPass_6,118,8,8,Position_Unknown,Team_Unknown,Action_PreSnap,593.35,241.37,690.61,459.53,97.25999999999999,218.15999999999997,xml_geometry_csv_action
BootPass_6,118,9,9,Position_Unknown,Team_Unknown,Action_PreSnap,491.72,280.09,630.11,488.58,138.39,208.49,xml_geometry_csv_action
BootPass_6,119,0,0,Position_Unknown,Team_Unknown,Action_PreSnap,810.56,313.75,942.0,504.06,131.44000000000005,190.31,xml_geometry_csv_action
BootPass_6,119,1,1,Position_Unknown,Team_Unknown,Action_PreSnap,1384.74,443.03,1570.06,651.48,185.31999999999994,208.45000000000005,xml_geometry_csv_action
BootPass_6,119,10,10,Position_Unknown,Team_Unknown,Action_PreSnap,905.29,679.66,1061.14,949.99,155.85000000000014,270.33000000000004,xml_geometry_csv_action
BootPass_6,119,11,11,Position_Unknown,Team_Unknown,Action_PreSnap,1060.0,460.7,1205.9,711.68,145.9000000000001,250.97999999999996,xml_geometry_csv_action
BootPass_6,119,12,12,Position_Unknown,Team_Unknown,Action_PreSnap,1250.97,311.72,1388.11,520.1,137.13999999999987,208.38,xml_geometry_csv_action
BootPass_6,119,13,13,Position_Unknown,Team_Unknown,Action_PreSnap,882.35,459.55,986.82,675.2,104.47000000000003,215.65000000000003,xml_geometry_csv_action
BootPass_6,119,15,15,Position_Unknown,Team_Unknown,Action_PreSnap,712.7,447.75,830.09,664.62,117.38999999999999,216.87,xml_geometry_csv_action
BootPass_6,119,17,17,Position_Unknown,Team_Unknown,Action_PreSnap,931.39,575.36,1068.93,846.31,137.54000000000008,270.94999999999993,xml_geometry_csv_action
BootPass_6,119,2,2,Position_Unknown,Team_Unknown,Action_PreSnap,1574.86,495.64,1757.86,763.52,183.0,267.88,xml_geometry_csv_action
BootPass_6,119,3,3,Position_Unknown,Team_Unknown,Action_PreSnap,758.91,477.22,914.08,729.14,155.17000000000007,251.91999999999996,xml_geometry_csv_action
BootPass_6,119,4,4,Position_Unknown,Team_Unknown,Action_PreSnap,569.34,459.89,743.85,718.61,174.51,258.72,xml_geometry_csv_action
BootPass_6,119,5,5,Position_Unknown,Team_Unknown,Action_PreSnap,1230.78,431.4,1408.14,722.43,177.36000000000013,291.03,xml_geometry_csv_action
BootPass_6,119,6,6,Position_Unknown,Team_Unknown,Action_PreSnap,398.48,429.89,590.82,688.37,192.34000000000003,258.48,xml_geometry_csv_action
BootPass_6,119,8,8,Position_Unknown,Team_Unknown,Action_PreSnap,598.37,238.28,715.84,451.69,117.47000000000003,213.41,xml_geometry_csv_action
BootPass_6,119,9,9,Position_Unknown,Team_Unknown,Action_PreSnap,484.81,281.79,630.08,484.35,145.27000000000004,202.56,xml_geometry_csv_action
BootPass_6,120,0,0,Position_Unknown,Team_Unknown,Action_PreSnap,812.22,315.63,947.67,504.59,135.44999999999993,188.95999999999998,xml_geometry_csv_action
BootPass_6,120,1,1,Position_Unknown,Team_Unknown,Action_PreSnap,1376.25,438.35,1571.44,664.35,195.19000000000005,226.0,xml_geometry_csv_action
BootPass_6,120,10,10,Position_Unknown,Team_Unknown,Action_PreSnap,903.1,676.73,1063.44,950.66,160.34000000000003,273.92999999999995,xml_geometry_csv_action
BootPass_6,120,11,11,Position_Unknown,Team_Unknown,Action_PreSnap,1058.67,459.92,1206.29,705.91,147.6199999999999,245.98999999999995,xml_geometry_csv_action
BootPass_6,120,12,12,Position_Unknown,Team_Unknown,Action_PreSnap,1255.58,312.84,1389.7,520.14,134.12000000000012,207.3,xml_geometry_csv_action
BootPass_6,120,13,13,Position_Unknown,Team_Unknown,Action_PreSnap,878.0,462.73,981.8,670.92,103.79999999999995,208.18999999999994,xml_geometry_csv_action
BootPass_6,120,15,15,Position_Unknown,Team_Unknown,Action_PreSnap,717.16,449.65,834.18,678.4,117.01999999999998,228.75,xml_geometry_csv_action
BootPass_6,120,17,17,Position_Unknown,Team_Unknown,Action_PreSnap,932.69,580.53,1077.09,849.5,144.39999999999986,268.97,xml_geometry_csv_action
BootPass_6,120,2,2,Position_Unknown,Team_Unknown,Action_PreSnap,1570.99,492.75,1748.05,760.0,177.05999999999995,267.25,xml_geometry_csv_action
BootPass_6,120,3,3,Position_Unknown,Team_Unknown,Action_PreSnap,783.07,482.99,925.5,729.87,142.42999999999995,246.88,xml_geometry_csv_action
BootPass_6,120,4,4,Position_Unknown,Team_Unknown,Action_PreSnap,582.86,458.63,749.54,720.13,166.67999999999995,261.5,xml_geometry_csv_action
BootPass_6,120,5,5,Position_Unknown,Team_Unknown,Action_PreSnap,1213.23,434.08,1395.82,715.24,182.58999999999992,281.16,xml_geometry_csv_action
BootPass_6,120,6,6,Position_Unknown,Team_Unknown,Action_PreSnap,402.12,428.04,601.46,689.51,199.34000000000003,261.46999999999997,xml_geometry_csv_action
BootPass_6,120,8,8,Position_Unknown,Team_Unknown,Action_PreSnap,607.82,235.06,732.95,455.99,125.13,220.93,xml_geometry_csv_action
BootPass_6,120,9,9,Position_Unknown,Team_Unknown,Action_PreSnap,477.48,283.51,630.93,480.34,153.44999999999993,196.82999999999998,xml_geometry_csv_action
BootPass_6,121,0,0,Position_Unknown,Team_Unknown,Action_PreSnap,814.61,318.69,956.26,505.43,141.64999999999998,186.74,xml_geometry_csv_action
BootPass_6,121,1,1,Position_Unknown,Team_Unknown,Action_PreSnap,1369.66,435.46,1569.79,665.58,200.12999999999988,230.12000000000006,xml_geometry_csv_action
BootPass_6,121,10,10,Position_Unknown,Team_Unknown,Action_PreSnap,897.28,675.6,1066.25,951.66,168.97000000000003,276.05999999999995,xml_geometry_csv_action
BootPass_6,121,11,11,Position_Unknown,Team_Unknown,Action_PreSnap,1055.8,457.57,1208.42,702.15,152.62000000000012,244.57999999999998,xml_geometry_csv_action
BootPass_6,121,12,12,Position_Unknown,Team_Unknown,Action_PreSnap,1259.63,316.1,1392.24,522.31,132.6099999999999,206.20999999999992,xml_geometry_csv_action
BootPass_6,121,15,15,Position_Unknown,Team_Unknown,Action_PreSnap,721.08,450.71,836.87,682.76,115.78999999999996,232.05,xml_geometry_csv_action
BootPass_6,121,17,17,Position_Unknown,Team_Unknown,Action_PreSnap,930.6,588.53,1083.01,851.48,152.40999999999997,262.95000000000005,xml_geometry_csv_action
BootPass_6,121,2,2,Position_Unknown,Team_Unknown,Action_PreSnap,1562.55,492.51,1737.95,759.06,175.4000000000001,266.54999999999995,xml_geometry_csv_action
BootPass_6,121,3,3,Position_Unknown,Team_Unknown,Action_PreSnap,796.74,488.32,931.44,730.67,134.70000000000005,242.34999999999997,xml_geometry_csv_action
BootPass_6,121,4,4,Position_Unknown,Team_Unknown,Action_PreSnap,599.85,458.69,754.25,723.11,154.39999999999998,264.42,xml_geometry_csv_action
BootPass_6,121,5,5,Position_Unknown,Team_Unknown,Action_PreSnap,1202.51,440.1,1382.63,710.46,180.12000000000012,270.36,xml_geometry_csv_action
BootPass_6,121,6,6,Position_Unknown,Team_Unknown,Action_PreSnap,404.19,426.69,609.26,690.77,205.07,264.08,xml_geometry_csv_action
BootPass_6,121,8,8,Position_Unknown,Team_Unknown,Action_PreSnap,614.24,231.6,748.1,459.21,133.86,227.60999999999999,xml_geometry_csv_action
BootPass_6,121,9,9,Position_Unknown,Team_Unknown,Action_PreSnap,469.09,285.74,631.45,480.63,162.36000000000007,194.89,xml_geometry_csv_action
BootPass_6,122,0,0,Position_Unknown,Team_Unknown,Action_PreSnap,819.15,320.33,968.52,509.47,149.37,189.14000000000004,xml_geometry_csv_action
BootPass_6,122,1,1,Position_Unknown,Team_Unknown,Action_PreSnap,1369.24,433.06,1558.09,664.13,188.8499999999999,231.07,xml_geometry_csv_action
BootPass_6,122,10,10,Position_Unknown,Team_Unknown,Action_PreSnap,889.36,675.61,1069.88,952.07,180.5200000000001,276.46000000000004,xml_geometry_csv_action
BootPass_6,122,11,11,Position_Unknown,Team_Unknown,Action_PreSnap,1053.68,455.55,1211.42,699.77,157.74,244.21999999999997,xml_geometry_csv_action
BootPass_6,122,12,12,Position_Unknown,Team_Unknown,Action_PreSnap,1262.57,318.63,1394.44,521.74,131.87000000000012,203.11,xml_geometry_csv_action
BootPass_6,122,15,15,Position_Unknown,Team_Unknown,Action_PreSnap,725.69,449.34,839.52,681.06,113.82999999999993,231.71999999999997,xml_geometry_csv_action
BootPass_6,122,17,17,Position_Unknown,Team_Unknown,Action_PreSnap,929.63,590.03,1088.99,851.24,159.36,261.21000000000004,xml_geometry_csv_action
BootPass_6,122,2,2,Position_Unknown,Team_Unknown,Action_PreSnap,1555.91,490.91,1733.01,758.37,177.0999999999999,267.46,xml_geometry_csv_action
BootPass_6,122,3,3,Position_Unknown,Team_Unknown,Action_PreSnap,803.43,489.42,953.64,730.98,150.21000000000004,241.56,xml_geometry_csv_action
BootPass_6,122,4,4,Position_Unknown,Team_Unknown,Action_PreSnap,613.35,458.24,760.35,726.21,147.0,267.97,xml_geometry_csv_action
BootPass_6,122,5,5,Position_Unknown,Team_Unknown,Action_PreSnap,1194.08,440.95,1361.48,707.48,167.4000000000001,266.53000000000003,xml_geometry_csv_action
BootPass_6,122,6,6,Position_Unknown,Team_Unknown,Action_PreSnap,407.45,425.38,625.27,691.22,217.82,265.84000000000003,xml_geometry_csv_action
BootPass_6,122,8,8,Position_Unknown,Team_Unknown,Action_PreSnap,622.08,226.74,762.51,458.85,140.42999999999995,232.11,xml_geometry_csv_action
BootPass_6,122,9,9,Position_Unknown,Team_Unknown,Action_PreSnap,459.94,285.97,630.97,484.04,171.03000000000003,198.07,xml_geometry_csv_action
BootPass_6,123,0,0,Position_Unknown,Team_Unknown,Action_PreSnap,825.56,322.51,983.43,511.24,157.87,188.73000000000002,xml_geometry_csv_action
BootPass_6,123,1,1,Position_Unknown,Team_Unknown,Action_PreSnap,1367.97,432.37,1542.53,664.24,174.55999999999995,231.87,xml_geometry_csv_action
BootPass_6,123,10,10,Position_Unknown,Team_Unknown,Action_PreSnap,883.51,676.58,1072.56,952.4,189.04999999999995,275.81999999999994,xml_geometry_csv_action
BootPass_6,123,11,11,Position_Unknown,Team_Unknown,Action_PreSnap,1051.07,455.81,1214.46,700.57,163.3900000000001,244.76000000000005,xml_geometry_csv_action
BootPass_6,123,12,12,Position_Unknown,Team_Unknown,Action_PreSnap,1264.86,323.04,1397.32,526.23,132.46000000000004,203.19,xml_geometry_csv_action
BootPass_6,123,15,15,Position_Unknown,Team_Unknown,Action_PreSnap,730.69,448.82,843.27,681.07,112.57999999999993,232.25000000000006,xml_geometry_csv_action
BootPass_6,123,17,17,Position_Unknown,Team_Unknown,Action_PreSnap,925.02,592.35,1093.84,851.62,168.81999999999994,259.27,xml_geometry_csv_action
BootPass_6,123,2,2,Position_Unknown,Team_Unknown,Action_PreSnap,1550.76,488.89,1731.0,758.59,180.24,269.70000000000005,xml_geometry_csv_action
BootPass_6,123,3,3,Position_Unknown,Team_Unknown,Action_PreSnap,808.38,489.96,971.1,733.14,162.72000000000003,243.18,xml_geometry_csv_action
BootPass_6,123,4,4,Position_Unknown,Team_Unknown,Action_PreSnap,619.95,459.18,765.33,730.08,145.38,270.90000000000003,xml_geometry_csv_action
BootPass_6,123,5,5,Position_Unknown,Team_Unknown,Action_PreSnap,1186.4,441.79,1344.96,707.42,158.55999999999995,265.62999999999994,xml_geometry_csv_action
BootPass_6,123,6,6,Position_Unknown,Team_Unknown,Action_PreSnap,417.74,425.68,637.17,691.79,219.42999999999995,266.10999999999996,xml_geometry_csv_action
BootPass_6,123,8,8,Position_Unknown,Team_Unknown,Action_PreSnap,629.2,223.26,778.04,457.7,148.83999999999992,234.44,xml_geometry_csv_action
BootPass_6,123,9,9,Position_Unknown,Team_Unknown,Action_PreSnap,452.7,286.65,632.31,491.06,179.60999999999996,204.41000000000003,xml_geometry_csv_action
BootPass_6,124,0,0,Position_Unknown,Team_Unknown,Action_PreSnap,832.68,323.43,999.11,513.91,166.43000000000006,190.47999999999996,xml_geometry_csv_action
BootPass_6,124,1,1,Position_Unknown,Team_Unknown,Action_PreSnap,1364.21,431.02,1529.56,663.9,165.3499999999999,232.88,xml_geometry_csv_action
BootPass_6,124,10,10,Position_Unknown,Team_Unknown,Action_PreSnap,882.44,674.46,1073.35,950.3,190.90999999999985,275.8399999999999,xml_geometry_csv_action
BootPass_6,124,11,11,Position_Unknown,Team_Unknown,Action_PreSnap,1050.7,454.77,1218.69,701.63,167.99,246.86,xml_geometry_csv_action
BootPass_6,124,12,12,Position_Unknown,Team_Unknown,Action_PreSnap,1263.38,324.99,1395.62,522.77,132.23999999999978,197.77999999999997,xml_geometry_csv_action
BootPass_6,124,15,15,Position_Unknown,Team_Unknown,Action_PreSnap,739.64,446.49,848.1,680.1,108.46000000000004,233.61,xml_geometry_csv_action
BootPass_6,124,17,17,Position_Unknown,Team_Unknown,Action_PreSnap,920.55,593.03,1098.65,850.57,178.10000000000014,257.5400000000001,xml_geometry_csv_action
BootPass_6,124,2,2,Position_Unknown,Team_Unknown,Action_PreSnap,1541.66,483.75,1730.44,757.18,188.77999999999997,273.42999999999995,xml_geometry_csv_action
BootPass_6,124,3,3,Position_Unknown,Team_Unknown,Action_PreSnap,815.04,488.79,989.05,732.22,174.01,243.43,xml_geometry_csv_action
BootPass_6,124,4,4,Position_Unknown,Team_Unknown,Action_PreSnap,624.27,459.0,772.98,731.69,148.71000000000004,272.69000000000005,xml_geometry_csv_action
BootPass_6,124,5,5,Position_Unknown,Team_Unknown,Action_PreSnap,1181.1,440.67,1339.48,705.69,158.3800000000001,265.02000000000004,xml_geometry_csv_action
BootPass_6,124,6,6,Position_Unknown,Team_Unknown,Action_PreSnap,430.66,424.68,650.77,691.9,220.10999999999996,267.21999999999997,xml_geometry_csv_action
BootPass_6,124,8,8,Position_Unknown,Team_Unknown,Action_PreSnap,640.63,218.53,795.05,451.12,154.41999999999996,232.59,xml_geometry_csv_action
BootPass_6,124,9,9,Position_Unknown,Team_Unknown,Action_PreSnap,449.13,285.71,634.98,495.28,185.85000000000002,209.57,xml_geometry_csv_action
BootPass_6,125,0,0,Position_Unknown,Team_Unknown,Action_PreSnap,840.32,326.34,1012.61,521.39,172.28999999999996,195.05,xml_geometry_csv_action
BootPass_6,125,1,1,Position_Unknown,Team_Unknown,Action_PreSnap,1360.48,432.21,1515.33,661.55,154.8499999999999,229.33999999999997,xml_geometry_csv_action
BootPass_6,125,10,10,Position_Unknown,Team_Unknown,Action_PreSnap,872.29,677.47,1063.03,947.64,190.74,270.16999999999996,xml_geometry_csv_action
BootPass_6,125,11,11,Position_Unknown,Team_Unknown,Action_PreSnap,1051.25,453.74,1222.72,706.28,171.47000000000003,252.53999999999996,xml_geometry_csv_action
BootPass_6,125,12,12,Position_Unknown,Team_Unknown,Action_PreSnap,1262.11,327.89,1394.74,522.08,132.6300000000001,194.19000000000005,xml_geometry_csv_action
BootPass_6,125,15,15,Position_Unknown,Team_Unknown,Action_PreSnap,752.88,446.21,856.27,677.16,103.38999999999999,230.95,xml_geometry_csv_action
BootPass_6,125,17,17,Position_Unknown,Team_Unknown,Action_PreSnap,918.8,600.73,1100.38,849.51,181.58000000000015,248.77999999999997,xml_geometry_csv_action
BootPass_6,125,21,18,Position_Unknown,Team_Unknown,Action_PreSnap,1012.64,451.78,1113.55,622.19,100.90999999999997,170.41000000000008,xml_geometry_csv_action
BootPass_6,125,2,2,Position_Unknown,Team_Unknown,Action_PreSnap,1532.63,482.22,1723.14,747.73,190.51,265.51,xml_geometry_csv_action
BootPass_6,125,3,3,Position_Unknown,Team_Unknown,Action_PreSnap,824.36,489.07,1006.27,732.14,181.90999999999997,243.07,xml_geometry_csv_action
BootPass_6,125,4,4,Position_Unknown,Team_Unknown,Action_PreSnap,628.79,459.91,782.02,733.39,153.23000000000002,273.47999999999996,xml_geometry_csv_action
BootPass_6,125,5,5,Position_Unknown,Team_Unknown,Action_PreSnap,1174.57,439.74,1338.4,705.58,163.83000000000015,265.84000000000003,xml_geometry_csv_action
BootPass_6,125,6,6,Position_Unknown,Team_Unknown,Action_PreSnap,446.74,423.16,660.0,693.21,213.26,270.05,xml_geometry_csv_action
BootPass_6,125,8,8,Position_Unknown,Team_Unknown,Action_PreSnap,651.97,215.74,812.28,444.23,160.30999999999995,228.49,xml_geometry_csv_action
BootPass_6,125,9,9,Position_Unknown,Team_Unknown,Action_PreSnap,449.4,285.72,638.24,500.19,188.84000000000003,214.46999999999997,xml_geometry_csv_action
BootPass_6,126,0,0,Position_Unknown,Team_Unknown,Action_PreSnap,846.31,328.27,1022.43,527.82,176.12,199.55000000000007,xml_geometry_csv_action
BootPass_6,126,1,1,Position_Unknown,Team_Unknown,Action_PreSnap,1348.57,431.93,1508.04,661.23,159.47000000000003,229.3,xml_geometry_csv_action
BootPass_6,126,10,10,Position_Unknown,Team_Unknown,Action_PreSnap,864.57,677.82,1047.21,947.6,182.64,269.78,xml_geometry_csv_action
BootPass_6,126,11,11,Position_Unknown,Team_Unknown,Action_PreSnap,1051.66,451.5,1225.25,715.02,173.58999999999992,263.52,xml_geometry_csv_action
BootPass_6,126,12,12,Position_Unknown,Team_Unknown,Action_PreSnap,1261.37,327.91,1395.11,522.34,133.74,194.43,xml_geometry_csv_action
BootPass_6,126,13,13,Position_Unknown,Team_Unknown,Action_PreSnap,819.43,476.24,936.89,721.19,117.46000000000004,244.95000000000005,xml_geometry_csv_action
BootPass_6,126,15,15,Position_Unknown,Team_Unknown,Action_PreSnap,762.77,444.31,860.39,676.61,97.62,232.3,xml_geometry_csv_action
BootPass_6,126,17,17,Position_Unknown,Team_Unknown,Action_PreSnap,907.24,605.9,1100.55,850.57,193.30999999999995,244.67000000000007,xml_geometry_csv_action
BootPass_6,126,2,2,Position_Unknown,Team_Unknown,Action_PreSnap,1528.5,479.52,1709.11,736.38,180.6099999999999,256.86,xml_geometry_csv_action
BootPass_6,126,3,3,Position_Unknown,Team_Unknown,Action_PreSnap,834.83,489.22,1022.25,729.66,187.41999999999996,240.43999999999994,xml_geometry_csv_action
BootPass_6,126,4,4,Position_Unknown,Team_Unknown,Action_PreSnap,633.01,459.82,788.39,734.36,155.38,274.54,xml_geometry_csv_action
BootPass_6,126,5,5,Position_Unknown,Team_Unknown,Action_PreSnap,1165.5,436.8,1336.04,705.19,170.53999999999996,268.39000000000004,xml_geometry_csv_action
BootPass_6,126,6,6,Position_Unknown,Team_Unknown,Action_PreSnap,457.71,420.14,666.52,692.63,208.81,272.49,xml_geometry_csv_action
BootPass_6,126,8,8,Position_Unknown,Team_Unknown,Action_PreSnap,666.93,213.46,827.77,441.49,160.84000000000003,228.03,xml_geometry_csv_action
BootPass_6,126,9,9,Position_Unknown,Team_Unknown,Action_PreSnap,450.78,284.84,641.44,502.94,190.66000000000008,218.10000000000002,xml_geometry_csv_action
BootPass_6,127,0,0,Position_Unknown,Team_Unknown,Action_PreSnap,853.83,330.13,1029.31,531.38,175.4799999999999,201.25,xml_geometry_csv_action
BootPass_6,127,1,1,Position_Unknown,Team_Unknown,Action_PreSnap,1329.39,433.83,1502.48,673.41,173.08999999999992,239.57999999999998,xml_geometry_csv_action
BootPass_6,127,10,10,Position_Unknown,Team_Unknown,Action_PreSnap,865.76,673.61,1028.63,949.05,162.87000000000012,275.43999999999994,xml_geometry_csv_action
BootPass_6,127,11,11,Position_Unknown,Team_Unknown,Action_PreSnap,1058.18,450.53,1230.05,721.81,171.8699999999999,271.28,xml_geometry_csv_action
BootPass_6,127,12,12,Position_Unknown,Team_Unknown,Action_PreSnap,1251.24,326.98,1394.66,528.97,143.42000000000007,201.99,xml_geometry_csv_action
BootPass_6,127,13,13,Position_Unknown,Team_Unknown,Action_PreSnap,816.86,478.66,938.5,719.48,121.63999999999999,240.82,xml_geometry_csv_action
BootPass_6,127,17,17,Position_Unknown,Team_Unknown,Action_PreSnap,892.96,603.72,1093.53,846.36,200.56999999999994,242.64,xml_geometry_csv_action
BootPass_6,127,2,2,Position_Unknown,Team_Unknown,Action_PreSnap,1524.0,478.55,1693.42,730.76,169.42000000000007,252.20999999999998,xml_geometry_csv_action
BootPass_6,127,3,3,Position_Unknown,Team_Unknown,Action_PreSnap,898.99,490.88,1035.71,668.99,136.72000000000003,178.11,xml_geometry_csv_action
BootPass_6,127,4,4,Position_Unknown,Team_Unknown,Action_PreSnap,638.83,460.28,796.59,735.74,157.76,275.46000000000004,xml_geometry_csv_action
BootPass_6,127,5,5,Position_Unknown,Team_Unknown,Action_PreSnap,1157.27,434.6,1332.71,699.84,175.44000000000005,265.24,xml_geometry_csv_action
BootPass_6,127,6,6,Position_Unknown,Team_Unknown,Action_PreSnap,466.73,419.31,675.65,691.45,208.91999999999996,272.14000000000004,xml_geometry_csv_action
BootPass_6,127,8,8,Position_Unknown,Team_Unknown,Action_PreSnap,687.27,211.79,841.19,440.05,153.92000000000007,228.26000000000002,xml_geometry_csv_action
BootPass_6,127,9,9,Position_Unknown,Team_Unknown,Action_PreSnap,455.7,284.0,642.66,503.78,186.95999999999998,219.77999999999997,xml_geometry_csv_action
BootPass_6,128,0,0,Position_Unknown,Team_Unknown,Action_PreSnap,861.23,329.83,1033.14,534.41,171.91000000000008,204.57999999999998,xml_geometry_csv_action
BootPass_6,128,1,1,Position_Unknown,Team_Unknown,Action_PreSnap,1319.81,436.49,1495.28,674.52,175.47000000000003,238.02999999999997,xml_geometry_csv_action
BootPass_6,128,10,10,Position_Unknown,Team_Unknown,Action_PreSnap,870.22,669.2,1015.06,947.31,144.83999999999992,278.1099999999999,xml_geometry_csv_action
BootPass_6,128,11,11,Position_Unknown,Team_Unknown,Action_PreSnap,1060.63,449.48,1231.37,724.8,170.73999999999978,275.31999999999994,xml_geometry_csv_action
BootPass_6,128,12,12,Position_Unknown,Team_Unknown,Action_PreSnap,1243.73,324.22,1391.96,537.03,148.23000000000002,212.80999999999995,xml_geometry_csv_action
BootPass_6,128,13,13,Position_Unknown,Team_Unknown,Action_PreSnap,814.91,478.18,942.54,718.3,127.63,240.11999999999995,xml_geometry_csv_action
BootPass_6,128,17,17,Position_Unknown,Team_Unknown,Action_PreSnap,885.13,609.08,1083.62,847.55,198.4899999999999,238.4699999999999,xml_geometry_csv_action
BootPass_6,128,2,2,Position_Unknown,Team_Unknown,Action_PreSnap,1520.7,477.98,1672.06,727.44,151.3599999999999,249.46000000000004,xml_geometry_csv_action
BootPass_6,128,4,4,Position_Unknown,Team_Unknown,Action_PreSnap,643.13,459.3,804.59,735.92,161.46000000000004,276.61999999999995,xml_geometry_csv_action
BootPass_6,128,5,5,Position_Unknown,Team_Unknown,Action_PreSnap,1148.74,432.86,1323.54,689.24,174.79999999999995,256.38,xml_geometry_csv_action
BootPass_6,128,6,6,Position_Unknown,Team_Unknown,Action_PreSnap,472.3,419.71,685.06,680.98,212.75999999999993,261.27000000000004,xml_geometry_csv_action
BootPass_6,128,8,8,Position_Unknown,Team_Unknown,Action_PreSnap,713.08,209.03,852.5,437.51,139.41999999999996,228.48,xml_geometry_csv_action
BootPass_6,128,9,9,Position_Unknown,Team_Unknown,Action_PreSnap,462.34,283.31,641.64,503.8,179.3,220.49,xml_geometry_csv_action
BootPass_6,129,0,0,Position_Unknown,Team_Unknown,Action_PreSnap,870.44,329.0,1037.28,539.33,166.83999999999992,210.33000000000004,xml_geometry_csv_action
BootPass_6,129,1,1,Position_Unknown,Team_Unknown,Action_PreSnap,1310.92,441.69,1491.53,674.14,180.6099999999999,232.45,xml_geometry_csv_action
BootPass_6,129,10,10,Position_Unknown,Team_Unknown,Action_PreSnap,873.53,660.46,1008.51,945.85,134.98000000000002,285.39,xml_geometry_csv_action
BootPass_6,129,11,11,Position_Unknown,Team_Unknown,Action_PreSnap,1062.53,450.14,1232.44,726.47,169.91000000000008,276.33000000000004,xml_geometry_csv_action
BootPass_6,129,12,12,Position_Unknown,Team_Unknown,Action_PreSnap,1243.52,321.7,1393.32,545.06,149.79999999999995,223.35999999999996,xml_geometry_csv_action
BootPass_6,129,13,13,Position_Unknown,Team_Unknown,Action_PreSnap,812.59,477.92,945.37,716.5,132.77999999999997,238.57999999999998,xml_geometry_csv_action
BootPass_6,129,17,17,Position_Unknown,Team_Unknown,Action_PreSnap,887.51,612.09,1069.33,860.63,181.81999999999994,248.53999999999996,xml_geometry_csv_action
BootPass_6,129,2,2,Position_Unknown,Team_Unknown,Action_PreSnap,1512.79,478.53,1650.54,726.43,137.75,247.89999999999998,xml_geometry_csv_action
BootPass_6,129,3,3,Position_Unknown,Team_Unknown,Action_PreSnap,945.39,489.28,1074.65,724.12,129.2600000000001,234.84000000000003,xml_geometry_csv_action
BootPass_6,129,4,4,Position_Unknown,Team_Unknown,Action_PreSnap,650.05,458.42,813.41,736.79,163.36,278.36999999999995,xml_geometry_csv_action
BootPass_6,129,5,5,Position_Unknown,Team_Unknown,Action_PreSnap,1140.31,432.45,1306.69,685.78,166.3800000000001,253.32999999999998,xml_geometry_csv_action
BootPass_6,129,6,6,Position_Unknown,Team_Unknown,Action_PreSnap,480.26,420.41,696.56,673.32,216.29999999999995,252.91000000000003,xml_geometry_csv_action
BootPass_6,129,8,8,Position_Unknown,Team_Unknown,Action_PreSnap,749.88,207.04,865.98,437.93,116.10000000000002,230.89000000000001,xml_geometry_csv_action
BootPass_6,129,9,9,Position_Unknown,Team_Unknown,Action_PreSnap,472.85,284.68,638.68,505.56,165.82999999999993,220.88,xml_geometry_csv_action
BootPass_6,130,0,0,Position_Unknown,Team_Unknown,Action_PreSnap,879.86,327.49,1041.99,545.95,162.13,218.46000000000004,xml_geometry_csv_action
BootPass_6,130,1,1,Position_Unknown,Team_Unknown,Action_PreSnap,1304.49,443.97,1488.08,674.12,183.58999999999992,230.14999999999998,xml_geometry_csv_action
BootPass_6,130,10,10,Position_Unknown,Team_Unknown,Action_PreSnap,870.99,656.48,1001.84,937.64,130.85000000000002,281.15999999999997,xml_geometry_csv_action
BootPass_6,130,11,11,Position_Unknown,Team_Unknown,Action_PreSnap,1061.94,450.37,1227.61,724.27,165.66999999999985,273.9,xml_geometry_csv_action
BootPass_6,130,12,12,Position_Unknown,Team_Unknown,Action_PreSnap,1249.74,320.11,1396.97,547.96,147.23000000000002,227.85000000000002,xml_geometry_csv_action
BootPass_6,130,13,13,Position_Unknown,Team_Unknown,Action_PreSnap,813.75,477.84,947.72,708.53,133.97000000000003,230.69,xml_geometry_csv_action
BootPass_6,130,17,17,Position_Unknown,Team_Unknown,Action_PreSnap,895.08,614.59,1060.22,859.3,165.14,244.70999999999992,xml_geometry_csv_action
BootPass_6,130,2,2,Position_Unknown,Team_Unknown,Action_PreSnap,1504.64,478.53,1643.8,726.04,139.15999999999985,247.51,xml_geometry_csv_action
BootPass_6,130,3,3,Position_Unknown,Team_Unknown,Action_PreSnap,962.86,494.4,1087.95,728.36,125.09000000000003,233.96000000000004,xml_geometry_csv_action
BootPass_6,130,4,4,Position_Unknown,Team_Unknown,Action_PreSnap,658.96,456.65,820.46,736.43,161.5,279.78,xml_geometry_csv_action
BootPass_6,130,5,5,Position_Unknown,Team_Unknown,Action_PreSnap,1131.8,434.26,1284.77,687.61,152.97000000000003,253.35000000000002,xml_geometry_csv_action
BootPass_6,130,6,6,Position_Unknown,Team_Unknown,Action_PreSnap,488.5,418.7,709.05,671.76,220.54999999999995,253.06,xml_geometry_csv_action
BootPass_6,130,8,8,Position_Unknown,Team_Unknown,Action_PreSnap,775.47,201.54,878.9,436.9,103.42999999999995,235.35999999999999,xml_geometry_csv_action
BootPass_6,130,9,9,Position_Unknown,Team_Unknown,Action_PreSnap,483.4,286.73,629.55,506.3,146.14999999999998,219.57,xml_geometry_csv_action
BootPass_6,131,0,0,Position_Unknown,Team_Unknown,Action_PreSnap,891.92,327.53,1050.49,555.8,158.57000000000005,228.26999999999998,xml_geometry_csv_action
BootPass_6,131,1,1,Position_Unknown,Team_Unknown,Action_PreSnap,1295.87,447.35,1486.49,676.11,190.62000000000012,228.76,xml_geometry_csv_action
BootPass_6,131,10,10,Position_Unknown,Team_Unknown,Action_PreSnap,873.83,650.88,994.99,919.75,121.15999999999997,268.87,xml_geometry_csv_action
BootPass_6,131,11,11,Position_Unknown,Team_Unknown,Action_PreSnap,1062.76,454.28,1217.98,713.94,155.22000000000003,259.6600000000001,xml_geometry_csv_action
BootPass_6,131,12,12,Position_Unknown,Team_Unknown,Action_PreSnap,1257.93,320.82,1394.56,551.8,136.62999999999988,230.97999999999996,xml_geometry_csv_action
BootPass_6,131,13,13,Position_Unknown,Team_Unknown,Action_PreSnap,818.6,480.91,956.43,702.32,137.82999999999993,221.41000000000003,xml_geometry_csv_action
BootPass_6,131,2,2,Position_Unknown,Team_Unknown,Action_PreSnap,1495.22,477.57,1643.83,726.45,148.6099999999999,248.88000000000005,xml_geometry_csv_action
BootPass_6,131,3,3,Position_Unknown,Team_Unknown,Action_PreSnap,978.38,501.02,1103.49,731.54,125.11000000000001,230.51999999999998,xml_geometry_csv_action
BootPass_6,131,4,4,Position_Unknown,Team_Unknown,Action_PreSnap,665.89,455.69,828.03,737.44,162.14,281.75000000000006,xml_geometry_csv_action
BootPass_6,131,5,5,Position_Unknown,Team_Unknown,Action_PreSnap,1123.07,438.2,1277.31,687.34,154.24,249.14000000000004,xml_geometry_csv_action
BootPass_6,131,6,6,Position_Unknown,Team_Unknown,Action_PreSnap,497.3,419.32,724.53,676.05,227.22999999999996,256.72999999999996,xml_geometry_csv_action
BootPass_6,131,8,8,Position_Unknown,Team_Unknown,Action_PreSnap,792.41,195.27,897.87,437.02,105.46000000000004,241.74999999999997,xml_geometry_csv_action
BootPass_6,131,9,9,Position_Unknown,Team_Unknown,Action_PreSnap,494.94,289.75,620.18,509.24,125.23999999999995,219.49,xml_geometry_csv_action
BootPass_6,132,0,0,Position_Unknown,Team_Unknown,Action_PreSnap,900.0,328.01,1057.88,561.07,157.8800000000001,233.06000000000006,xml_geometry_csv_action
BootPass_6,132,1,1,Position_Unknown,Team_Unknown,Action_PreSnap,1291.62,451.84,1485.53,675.8,193.91000000000008,223.95999999999998,xml_geometry_csv_action
BootPass_6,132,10,10,Position_Unknown,Team_Unknown,Action_PreSnap,871.82,642.24,989.82,914.29,118.0,272.04999999999995,xml_geometry_csv_action
BootPass_6,132,11,11,Position_Unknown,Team_Unknown,Action_PreSnap,1065.13,456.92,1200.92,705.12,135.78999999999996,248.2,xml_geometry_csv_action
BootPass_6,132,12,12,Position_Unknown,Team_Unknown,Action_PreSnap,1259.13,321.22,1398.68,554.95,139.54999999999995,233.73000000000002,xml_geometry_csv_action
BootPass_6,132,13,13,Position_Unknown,Team_Unknown,Action_PreSnap,823.17,481.8,961.15,700.76,137.98000000000002,218.95999999999998,xml_geometry_csv_action
BootPass_6,132,22,19,Position_Unknown,Team_Unknown,Action_PreSnap,1341.74,385.75,1428.36,539.26,86.61999999999989,153.51,xml_geometry_csv_action
BootPass_6,132,2,2,Position_Unknown,Team_Unknown,Action_PreSnap,1475.48,477.53,1641.04,724.21,165.55999999999995,246.68000000000006,xml_geometry_csv_action
BootPass_6,132,3,3,Position_Unknown,Team_Unknown,Action_PreSnap,990.84,502.71,1116.64,745.37,125.80000000000007,242.66000000000003,xml_geometry_csv_action
BootPass_6,132,4,4,Position_Unknown,Team_Unknown,Action_PreSnap,667.84,454.3,832.79,736.89,164.94999999999993,282.59,xml_geometry_csv_action
BootPass_6,132,5,5,Position_Unknown,Team_Unknown,Action_PreSnap,1113.96,440.62,1275.4,687.57,161.44000000000005,246.95000000000005,xml_geometry_csv_action
BootPass_6,132,6,6,Position_Unknown,Team_Unknown,Action_PreSnap,510.34,419.7,731.56,679.43,221.21999999999997,259.72999999999996,xml_geometry_csv_action
BootPass_6,132,8,8,Position_Unknown,Team_Unknown,Action_PreSnap,803.25,188.89,917.2,433.02,113.95000000000005,244.13,xml_geometry_csv_action
BootPass_6,132,9,9,Position_Unknown,Team_Unknown,Action_PreSnap,502.8,294.83,617.13,512.07,114.32999999999998,217.24000000000007,xml_geometry_csv_action
BootPass_6,133,0,0,Position_Unknown,Team_Unknown,Action_PreSnap,915.41,330.19,1066.74,545.12,151.33000000000004,214.93,xml_geometry_csv_action
BootPass_6,133,1,1,Position_Unknown,Team_Unknown,Action_PreSnap,1293.63,455.53,1483.92,671.99,190.28999999999996,216.46000000000004,xml_geometry_csv_action
BootPass_6,133,10,10,Position_Unknown,Team_Unknown,Action_PreSnap,866.65,628.63,993.11,912.07,126.46000000000004,283.44000000000005,xml_geometry_csv_action
BootPass_6,133,12,12,Position_Unknown,Team_Unknown,Action_PreSnap,1255.19,322.5,1400.49,558.55,145.29999999999995,236.04999999999995,xml_geometry_csv_action
BootPass_6,133,13,13,Position_Unknown,Team_Unknown,Action_PreSnap,827.45,482.42,963.69,707.15,136.24,224.72999999999996,xml_geometry_csv_action
BootPass_6,133,2,2,Position_Unknown,Team_Unknown,Action_PreSnap,1449.23,476.64,1634.5,725.31,185.26999999999998,248.66999999999996,xml_geometry_csv_action
BootPass_6,133,3,3,Position_Unknown,Team_Unknown,Action_PreSnap,1011.91,507.27,1139.59,767.07,127.67999999999995,259.80000000000007,xml_geometry_csv_action
BootPass_6,133,4,4,Position_Unknown,Team_Unknown,Action_PreSnap,672.71,451.44,836.71,735.25,164.0,283.81,xml_geometry_csv_action
BootPass_6,133,5,5,Position_Unknown,Team_Unknown,Action_PreSnap,1100.71,440.71,1275.62,688.82,174.90999999999985,248.11000000000007,xml_geometry_csv_action
BootPass_6,133,6,6,Position_Unknown,Team_Unknown,Action_PreSnap,527.69,421.05,734.43,681.75,206.7399999999999,260.7,xml_geometry_csv_action
BootPass_6,133,8,8,Position_Unknown,Team_Unknown,Action_PreSnap,812.31,183.63,938.49,425.56,126.18000000000006,241.93,xml_geometry_csv_action
BootPass_6,133,9,9,Position_Unknown,Team_Unknown,Action_PreSnap,501.71,300.14,613.78,515.58,112.07,215.44000000000005,xml_geometry_csv_action
BootPass_6,134,0,0,Position_Unknown,Team_Unknown,Action_PreSnap,934.36,333.58,1074.81,508.57,140.44999999999993,174.99,xml_geometry_csv_action
BootPass_6,134,1,1,Position_Unknown,Team_Unknown,Action_PreSnap,1295.8,457.78,1480.81,671.77,185.01,213.99,xml_geometry_csv_action
BootPass_6,134,10,10,Position_Unknown,Team_Unknown,Action_PreSnap,856.53,625.09,991.85,908.59,135.32000000000005,283.5,xml_geometry_csv_action
BootPass_6,134,12,12,Position_Unknown,Team_Unknown,Action_PreSnap,1248.76,326.14,1404.25,555.1,155.49,228.96000000000004,xml_geometry_csv_action
BootPass_6,134,13,13,Position_Unknown,Team_Unknown,Action_PreSnap,831.15,482.4,963.24,702.62,132.09000000000003,220.22000000000003,xml_geometry_csv_action
BootPass_6,134,2,2,Position_Unknown,Team_Unknown,Action_PreSnap,1435.1,475.22,1622.63,728.61,187.5300000000002,253.39,xml_geometry_csv_action
BootPass_6,134,3,3,Position_Unknown,Team_Unknown,Action_PreSnap,1033.04,513.15,1160.83,781.63,127.78999999999996,268.48,xml_geometry_csv_action
BootPass_6,134,4,4,Position_Unknown,Team_Unknown,Action_PreSnap,676.71,449.62,839.42,733.49,162.70999999999992,283.87,xml_geometry_csv_action
BootPass_6,134,5,5,Position_Unknown,Team_Unknown,Action_PreSnap,1083.74,439.83,1274.52,689.12,190.77999999999997,249.29000000000002,xml_geometry_csv_action
BootPass_6,134,6,6,Position_Unknown,Team_Unknown,Action_PreSnap,540.87,423.05,739.14,687.67,198.26999999999998,264.61999999999995,xml_geometry_csv_action
BootPass_6,134,8,8,Position_Unknown,Team_Unknown,Action_PreSnap,822.76,179.43,957.6,419.48,134.84000000000003,240.05,xml_geometry_csv_action
BootPass_6,134,9,9,Position_Unknown,Team_Unknown,Action_PreSnap,493.58,306.54,614.22,518.78,120.64000000000004,212.23999999999995,xml_geometry_csv_action
BootPass_6,135,0,0,Position_Unknown,Team_Unknown,Action_PreSnap,943.3,336.81,1083.38,485.66,140.08000000000015,148.85000000000002,xml_geometry_csv_action
BootPass_6,135,1,1,Position_Unknown,Team_Unknown,Action_PreSnap,1298.7,459.71,1479.5,671.45,180.79999999999995,211.74000000000007,xml_geometry_csv_action
BootPass_6,135,10,10,Position_Unknown,Team_Unknown,Action_PreSnap,846.61,626.16,986.25,903.58,139.64,277.4200000000001,xml_geometry_csv_action
BootPass_6,135,12,12,Position_Unknown,Team_Unknown,Action_PreSnap,1242.08,330.94,1388.89,555.01,146.81000000000017,224.07,xml_geometry_csv_action
BootPass_6,135,13,13,Position_Unknown,Team_Unknown,Action_PreSnap,834.65,481.18,965.79,703.11,131.14,221.93,xml_geometry_csv_action
BootPass_6,135,17,17,Position_Unknown,Team_Unknown,Action_PreSnap,910.12,619.57,1022.55,891.3,112.42999999999995,271.7299999999999,xml_geometry_csv_action
BootPass_6,135,2,2,Position_Unknown,Team_Unknown,Action_PreSnap,1432.93,473.63,1607.29,729.41,174.3599999999999,255.77999999999997,xml_geometry_csv_action
BootPass_6,135,3,3,Position_Unknown,Team_Unknown,Action_PreSnap,1050.41,515.25,1175.85,795.39,125.43999999999983,280.14,xml_geometry_csv_action
BootPass_6,135,4,4,Position_Unknown,Team_Unknown,Action_PreSnap,685.14,448.49,844.77,727.99,159.63,279.5,xml_geometry_csv_action
BootPass_6,135,5,5,Position_Unknown,Team_Unknown,Action_PreSnap,1066.13,439.27,1270.88,687.5,204.75,248.23000000000002,xml_geometry_csv_action
BootPass_6,135,6,6,Position_Unknown,Team_Unknown,Action_PreSnap,551.2,426.06,737.53,690.68,186.32999999999993,264.61999999999995,xml_geometry_csv_action
BootPass_6,135,8,8,Position_Unknown,Team_Unknown,Action_PreSnap,832.26,176.55,972.8,413.14,140.53999999999996,236.58999999999997,xml_geometry_csv_action
BootPass_6,135,9,9,Position_Unknown,Team_Unknown,Action_PreSnap,487.67,311.35,615.71,521.04,128.04000000000002,209.68999999999994,xml_geometry_csv_action
BootPass_6,136,0,0,Position_Unknown,Team_Unknown,Action_PreSnap,979.42,342.46,1094.04,472.73,114.62,130.27000000000004,xml_geometry_csv_action
BootPass_6,136,1,1,Position_Unknown,Team_Unknown,Action_PreSnap,1303.2,461.24,1478.34,671.72,175.13999999999987,210.48000000000002,xml_geometry_csv_action
BootPass_6,136,10,10,Position_Unknown,Team_Unknown,Action_PreSnap,839.0,624.66,976.26,896.51,137.26,271.85,xml_geometry_csv_action
BootPass_6,136,12,12,Position_Unknown,Team_Unknown,Action_PreSnap,1235.46,336.08,1383.03,563.83,147.56999999999994,227.75000000000006,xml_geometry_csv_action
BootPass_6,136,13,13,Position_Unknown,Team_Unknown,Action_PreSnap,838.24,480.96,969.36,703.74,131.12,222.78000000000003,xml_geometry_csv_action
BootPass_6,136,17,17,Position_Unknown,Team_Unknown,Action_PreSnap,916.39,622.86,1017.26,888.27,100.87,265.40999999999997,xml_geometry_csv_action
BootPass_6,136,2,2,Position_Unknown,Team_Unknown,Action_PreSnap,1435.01,473.06,1590.18,729.46,155.17000000000007,256.40000000000003,xml_geometry_csv_action
BootPass_6,136,23,20,Position_Unknown,Team_Unknown,Action_PreSnap,969.69,442.48,1079.14,661.52,109.45000000000005,219.03999999999996,xml_geometry_csv_action
BootPass_6,136,3,3,Position_Unknown,Team_Unknown,Action_PreSnap,1066.69,519.63,1196.32,801.18,129.62999999999988,281.54999999999995,xml_geometry_csv_action
BootPass_6,136,4,4,Position_Unknown,Team_Unknown,Action_PreSnap,693.37,448.49,850.43,726.88,157.05999999999995,278.39,xml_geometry_csv_action
BootPass_6,136,6,6,Position_Unknown,Team_Unknown,Action_PreSnap,558.37,427.4,737.77,692.94,179.39999999999998,265.5400000000001,xml_geometry_csv_action
BootPass_6,136,8,8,Position_Unknown,Team_Unknown,Action_PreSnap,848.08,172.94,986.76,408.41,138.67999999999995,235.47000000000003,xml_geometry_csv_action
BootPass_6,136,9,9,Position_Unknown,Team_Unknown,Action_PreSnap,483.8,315.63,623.95,526.76,140.15000000000003,211.13,xml_geometry_csv_action
BootPass_6,137,0,0,Position_Unknown,Team_Unknown,Action_PreSnap,1005.86,346.65,1105.8,467.69,99.93999999999994,121.04000000000002,xml_geometry_csv_action
BootPass_6,137,1,1,Position_Unknown,Team_Unknown,Action_PreSnap,1309.26,461.57,1473.21,669.67,163.95000000000005,208.09999999999997,xml_geometry_csv_action
BootPass_6,137,10,10,Position_Unknown,Team_Unknown,Action_PreSnap,832.05,623.26,965.82,891.15,133.7700000000001,267.89,xml_geometry_csv_action
BootPass_6,137,12,12,Position_Unknown,Team_Unknown,Action_PreSnap,1228.18,342.43,1382.18,572.15,154.0,229.71999999999997,xml_geometry_csv_action
BootPass_6,137,13,13,Position_Unknown,Team_Unknown,Action_PreSnap,845.81,479.12,974.13,687.56,128.32000000000005,208.43999999999994,xml_geometry_csv_action
BootPass_6,137,17,17,Position_Unknown,Team_Unknown,Action_PreSnap,915.69,625.38,1014.6,876.22,98.90999999999997,250.84000000000003,xml_geometry_csv_action
BootPass_6,137,21,18,Position_Unknown,Team_Unknown,Action_PreSnap,1035.6,446.52,1140.9,701.68,105.30000000000018,255.15999999999997,xml_geometry_csv_action
BootPass_6,137,2,2,Position_Unknown,Team_Unknown,Action_PreSnap,1438.8,469.85,1582.25,728.41,143.45000000000005,258.55999999999995,xml_geometry_csv_action
BootPass_6,137,23,20,Position_Unknown,Team_Unknown,Action_PreSnap,967.21,446.11,1079.18,671.32,111.97000000000003,225.21000000000004,xml_geometry_csv_action
BootPass_6,137,3,3,Position_Unknown,Team_Unknown,Action_PreSnap,1082.43,521.57,1211.48,800.75,129.04999999999995,279.17999999999995,xml_geometry_csv_action
BootPass_6,137,4,4,Position_Unknown,Team_Unknown,Action_PreSnap,697.96,448.64,857.74,728.57,159.77999999999997,279.93000000000006,xml_geometry_csv_action
BootPass_6,137,6,6,Position_Unknown,Team_Unknown,Action_PreSnap,564.14,426.8,741.89,694.62,177.75,267.82,xml_geometry_csv_action
BootPass_6,137,8,8,Position_Unknown,Team_Unknown,Action_PreSnap,866.65,167.44,999.96,406.37,133.31000000000006,238.93,xml_geometry_csv_action
BootPass_6,137,9,9,Position_Unknown,Team_Unknown,Action_PreSnap,476.64,319.22,629.64,530.68,153.0,211.45999999999992,xml_geometry_csv_action
BootPass_6,138,0,0,Position_Unknown,Team_Unknown,Action_PreSnap,1022.27,349.96,1122.51,472.17,100.24000000000001,122.21000000000004,xml_geometry_csv_action
BootPass_6,138,1,1,Position_Unknown,Team_Unknown,Action_PreSnap,1312.52,462.37,1472.8,669.42,160.27999999999997,207.04999999999995,xml_geometry_csv_action
BootPass_6,138,10,10,Position_Unknown,Team_Unknown,Action_PreSnap,829.48,622.27,951.71,887.19,122.23000000000002,264.9200000000001,xml_geometry_csv_action
BootPass_6,138,12,12,Position_Unknown,Team_Unknown,Action_PreSnap,1223.41,348.88,1383.01,587.52,159.5999999999999,238.64,xml_geometry_csv_action
BootPass_6,138,13,13,Position_Unknown,Team_Unknown,Action_PreSnap,856.75,479.09,980.24,677.85,123.49000000000001,198.76000000000005,xml_geometry_csv_action
BootPass_6,138,17,17,Position_Unknown,Team_Unknown,Action_PreSnap,913.63,627.21,1012.1,870.44,98.47000000000003,243.23000000000002,xml_geometry_csv_action
BootPass_6,138,21,18,Position_Unknown,Team_Unknown,Action_PreSnap,1032.71,448.96,1142.69,709.12,109.98000000000002,260.16,xml_geometry_csv_action
BootPass_6,138,2,2,Position_Unknown,Team_Unknown,Action_PreSnap,1443.07,466.21,1583.04,726.97,139.97000000000003,260.76000000000005,xml_geometry_csv_action
BootPass_6,138,3,3,Position_Unknown,Team_Unknown,Action_PreSnap,1094.0,519.18,1228.07,802.08,134.06999999999994,282.9000000000001,xml_geometry_csv_action
BootPass_6,138,4,4,Position_Unknown,Team_Unknown,Action_PreSnap,705.44,449.96,864.2,730.02,158.76,280.06,xml_geometry_csv_action
BootPass_6,138,6,6,Position_Unknown,Team_Unknown,Action_PreSnap,569.41,426.98,749.42,696.21,180.01,269.23,xml_geometry_csv_action
BootPass_6,138,8,8,Position_Unknown,Team_Unknown,Action_PreSnap,889.35,160.97,1013.04,405.69,123.68999999999994,244.72,xml_geometry_csv_action
BootPass_6,138,9,9,Position_Unknown,Team_Unknown,Action_PreSnap,470.12,322.32,629.35,531.76,159.23000000000002,209.44,xml_geometry_csv_action
BootPass_6,139,0,0,Position_Unknown,Team_Unknown,Action_PreSnap,1035.79,355.59,1136.59,481.04,100.79999999999995,125.45000000000005,xml_geometry_csv_action
BootPass_6,139,1,1,Position_Unknown,Team_Unknown,Action_PreSnap,1316.22,462.02,1472.54,670.77,156.31999999999994,208.75,xml_geometry_csv_action
BootPass_6,139,10,10,Position_Unknown,Team_Unknown,Action_PreSnap,826.75,622.9,942.23,885.95,115.48000000000002,263.05000000000007,xml_geometry_csv_action
BootPass_6,139,11,11,Position_Unknown,Team_Unknown,Action_PreSnap,1047.78,431.17,1170.17,585.94,122.3900000000001,154.77000000000004,xml_geometry_csv_action
BootPass_6,139,12,12,Position_Unknown,Team_Unknown,Action_PreSnap,1226.12,354.88,1377.87,594.34,151.75,239.46000000000004,xml_geometry_csv_action
BootPass_6,139,13,13,Position_Unknown,Team_Unknown,Action_PreSnap,866.19,479.91,986.2,673.97,120.00999999999999,194.06,xml_geometry_csv_action
BootPass_6,139,17,17,Position_Unknown,Team_Unknown,Action_PreSnap,915.18,628.88,1010.08,864.06,94.90000000000009,235.17999999999995,xml_geometry_csv_action
BootPass_6,139,21,18,Position_Unknown,Team_Unknown,Action_PreSnap,1023.35,454.1,1143.34,712.01,119.9899999999999,257.90999999999997,xml_geometry_csv_action
BootPass_6,139,2,2,Position_Unknown,Team_Unknown,Action_PreSnap,1443.51,462.07,1585.84,723.91,142.32999999999993,261.84,xml_geometry_csv_action
BootPass_6,139,3,3,Position_Unknown,Team_Unknown,Action_PreSnap,1105.36,516.89,1250.78,803.3,145.42000000000007,286.40999999999997,xml_geometry_csv_action
BootPass_6,139,4,4,Position_Unknown,Team_Unknown,Action_PreSnap,711.46,450.6,867.35,730.81,155.89,280.2099999999999,xml_geometry_csv_action
BootPass_6,139,6,6,Position_Unknown,Team_Unknown,Action_PreSnap,575.68,426.93,756.82,697.29,181.1400000000001,270.35999999999996,xml_geometry_csv_action
BootPass_6,139,8,8,Position_Unknown,Team_Unknown,Action_PreSnap,916.17,153.87,1023.81,401.64,107.63999999999999,247.76999999999998,xml_geometry_csv_action
BootPass_6,139,9,9,Position_Unknown,Team_Unknown,Action_PreSnap,464.51,326.59,621.2,531.06,156.69000000000005,204.46999999999997,xml_geometry_csv_action
BootPass_6,140,0,0,Position_Unknown,Team_Unknown,Action_PreSnap,1048.55,359.87,1152.08,494.62,103.52999999999997,134.75,xml_geometry_csv_action
BootPass_6,140,1,1,Position_Unknown,Team_Unknown,Action_PreSnap,1320.53,461.92,1474.68,671.83,154.1500000000001,209.91000000000003,xml_geometry_csv_action
BootPass_6,140,10,10,Position_Unknown,Team_Unknown,Action_PreSnap,823.23,620.88,932.94,885.96,109.71000000000004,265.08000000000004,xml_geometry_csv_action
BootPass_6,140,11,11,Position_Unknown,Team_Unknown,Action_PreSnap,1041.14,433.11,1169.22,599.69,128.07999999999993,166.58000000000004,xml_geometry_csv_action
BootPass_6,140,12,12,Position_Unknown,Team_Unknown,Action_PreSnap,1235.91,363.31,1379.66,622.74,143.75,259.43,xml_geometry_csv_action
BootPass_6,140,13,13,Position_Unknown,Team_Unknown,Action_PreSnap,874.98,477.52,995.46,679.18,120.48000000000002,201.65999999999997,xml_geometry_csv_action
BootPass_6,140,17,17,Position_Unknown,Team_Unknown,Action_PreSnap,910.24,632.95,1012.38,868.29,102.13999999999999,235.33999999999992,xml_geometry_csv_action
BootPass_6,140,21,18,Position_Unknown,Team_Unknown,Action_PreSnap,1017.33,458.89,1141.49,711.29,124.15999999999997,252.39999999999998,xml_geometry_csv_action
BootPass_6,140,2,2,Position_Unknown,Team_Unknown,Action_PreSnap,1438.33,459.23,1589.81,722.87,151.48000000000002,263.64,xml_geometry_csv_action
BootPass_6,140,3,3,Position_Unknown,Team_Unknown,Action_PreSnap,1124.41,514.91,1277.81,803.0,153.39999999999986,288.09000000000003,xml_geometry_csv_action
BootPass_6,140,4,4,Position_Unknown,Team_Unknown,Action_PreSnap,715.18,450.58,873.39,733.23,158.21000000000004,282.65000000000003,xml_geometry_csv_action
BootPass_6,140,6,6,Position_Unknown,Team_Unknown,Action_PreSnap,582.21,426.74,760.44,697.55,178.23000000000002,270.80999999999995,xml_geometry_csv_action
BootPass_6,140,8,8,Position_Unknown,Team_Unknown,Action_PreSnap,940.78,147.34,1036.57,398.25,95.78999999999996,250.91,xml_geometry_csv_action
BootPass_6,140,9,9,Position_Unknown,Team_Unknown,Action_PreSnap,464.49,332.27,619.4,530.68,154.90999999999997,198.40999999999997,xml_geometry_csv_action
BootPass_6,141,0,0,Position_Unknown,Team_Unknown,Action_PreSnap,1059.64,363.04,1163.91,505.81,104.26999999999998,142.76999999999998,xml_geometry_csv_action
BootPass_6,141,1,1,Position_Unknown,Team_Unknown,Action_PreSnap,1325.5,459.61,1475.26,671.05,149.76,211.43999999999994,xml_geometry_csv_action
BootPass_6,141,10,10,Position_Unknown,Team_Unknown,Action_PreSnap,817.4,617.52,922.89,884.13,105.49000000000001,266.61,xml_geometry_csv_action
BootPass_6,141,11,11,Position_Unknown,Team_Unknown,Action_PreSnap,1035.88,430.93,1177.19,615.58,141.30999999999995,184.65000000000003,xml_geometry_csv_action
BootPass_6,141,12,12,Position_Unknown,Team_Unknown,Action_PreSnap,1238.73,368.62,1380.15,636.42,141.42000000000007,267.79999999999995,xml_geometry_csv_action
BootPass_6,141,13,13,Position_Unknown,Team_Unknown,Action_PreSnap,879.76,475.02,1004.33,694.15,124.57000000000005,219.13,xml_geometry_csv_action
BootPass_6,141,17,17,Position_Unknown,Team_Unknown,Action_PreSnap,907.03,639.41,1016.35,871.42,109.32000000000005,232.01,xml_geometry_csv_action
BootPass_6,141,21,18,Position_Unknown,Team_Unknown,Action_PreSnap,1011.65,460.09,1132.83,709.26,121.17999999999995,249.17000000000002,xml_geometry_csv_action
BootPass_6,141,2,2,Position_Unknown,Team_Unknown,Action_PreSnap,1434.8,454.93,1592.91,720.89,158.11000000000013,265.96,xml_geometry_csv_action
BootPass_6,141,3,3,Position_Unknown,Team_Unknown,Action_PreSnap,1148.5,514.09,1297.3,794.61,148.79999999999995,280.52,xml_geometry_csv_action
BootPass_6,141,4,4,Position_Unknown,Team_Unknown,Action_PreSnap,715.32,450.05,880.15,733.13,164.82999999999993,283.08,xml_geometry_csv_action
BootPass_6,141,6,6,Position_Unknown,Team_Unknown,Action_PreSnap,586.43,426.31,762.0,695.71,175.57000000000005,269.40000000000003,xml_geometry_csv_action
BootPass_6,141,8,8,Position_Unknown,Team_Unknown,Action_PreSnap,959.46,141.56,1048.29,393.02,88.82999999999993,251.45999999999998,xml_geometry_csv_action
BootPass_6,141,9,9,Position_Unknown,Team_Unknown,Action_PreSnap,465.79,337.21,615.75,530.07,149.95999999999998,192.86000000000007,xml_geometry_csv_action
BootPass_6,142,0,0,Position_Unknown,Team_Unknown,Action_PreSnap,1068.07,369.19,1183.02,527.34,114.95000000000005,158.15000000000003,xml_geometry_csv_action
BootPass_6,142,1,1,Position_Unknown,Team_Unknown,Action_PreSnap,1333.23,456.29,1478.04,671.8,144.80999999999995,215.50999999999993,xml_geometry_csv_action
BootPass_6,142,10,10,Position_Unknown,Team_Unknown,Action_PreSnap,814.63,612.48,917.9,883.35,103.26999999999998,270.87,xml_geometry_csv_action
BootPass_6,142,11,11,Position_Unknown,Team_Unknown,Action_PreSnap,1032.7,430.38,1188.13,638.33,155.43000000000006,207.95000000000005,xml_geometry_csv_action
BootPass_6,142,12,12,Position_Unknown,Team_Unknown,Action_PreSnap,1242.2,374.63,1381.85,642.93,139.64999999999986,268.29999999999995,xml_geometry_csv_action
BootPass_6,142,13,13,Position_Unknown,Team_Unknown,Action_PreSnap,888.75,472.02,1015.6,717.54,126.85000000000002,245.51999999999998,xml_geometry_csv_action
BootPass_6,142,17,17,Position_Unknown,Team_Unknown,Action_PreSnap,909.1,648.96,1020.65,877.65,111.54999999999995,228.68999999999994,xml_geometry_csv_action
BootPass_6,142,21,18,Position_Unknown,Team_Unknown,Action_PreSnap,1005.43,460.14,1124.91,708.33,119.48000000000013,248.19000000000005,xml_geometry_csv_action
BootPass_6,142,2,2,Position_Unknown,Team_Unknown,Action_PreSnap,1438.33,451.98,1598.42,721.36,160.09000000000015,269.38,xml_geometry_csv_action
BootPass_6,142,3,3,Position_Unknown,Team_Unknown,Action_PreSnap,1177.48,514.15,1315.46,789.15,137.98000000000002,275.0,xml_geometry_csv_action
BootPass_6,142,4,4,Position_Unknown,Team_Unknown,Action_PreSnap,724.63,449.81,893.41,733.75,168.77999999999997,283.94,xml_geometry_csv_action
BootPass_6,142,6,6,Position_Unknown,Team_Unknown,Action_PreSnap,592.51,428.04,767.48,691.55,174.97000000000003,263.50999999999993,xml_geometry_csv_action
BootPass_6,142,8,8,Position_Unknown,Team_Unknown,Action_PreSnap,976.09,137.91,1063.94,388.41,87.85000000000002,250.50000000000003,xml_geometry_csv_action
BootPass_6,142,9,9,Position_Unknown,Team_Unknown,Action_PreSnap,470.23,340.86,612.57,535.34,142.34000000000003,194.48000000000002,xml_geometry_csv_action
BootPass_6,143,0,0,Position_Unknown,Team_Unknown,Action_PreSnap,1072.69,374.46,1198.91,582.7,126.22000000000003,208.24000000000007,xml_geometry_csv_action
BootPass_6,143,1,1,Position_Unknown,Team_Unknown,Action_PreSnap,1337.33,454.27,1477.49,671.67,140.16000000000008,217.39999999999998,xml_geometry_csv_action
BootPass_6,143,10,10,Position_Unknown,Team_Unknown,Action_PreSnap,810.34,605.85,911.08,882.11,100.74000000000001,276.26,xml_geometry_csv_action
BootPass_6,143,11,11,Position_Unknown,Team_Unknown,Action_PreSnap,1024.61,429.37,1188.01,654.01,163.4000000000001,224.64,xml_geometry_csv_action
BootPass_6,143,12,12,Position_Unknown,Team_Unknown,Action_PreSnap,1250.97,377.88,1386.62,644.02,135.64999999999986,266.14,xml_geometry_csv_action
BootPass_6,143,13,13,Position_Unknown,Team_Unknown,Action_PreSnap,898.95,463.26,1027.27,735.91,128.31999999999994,272.65,xml_geometry_csv_action
BootPass_6,143,17,17,Position_Unknown,Team_Unknown,Action_PreSnap,911.53,654.82,1026.07,885.36,114.53999999999996,230.53999999999996,xml_geometry_csv_action
BootPass_6,143,21,18,Position_Unknown,Team_Unknown,Action_PreSnap,1003.94,459.28,1117.18,709.31,113.24000000000001,250.02999999999997,xml_geometry_csv_action
BootPass_6,143,2,2,Position_Unknown,Team_Unknown,Action_PreSnap,1441.85,450.27,1601.3,722.12,159.45000000000005,271.85,xml_geometry_csv_action
BootPass_6,143,3,3,Position_Unknown,Team_Unknown,Action_PreSnap,1200.44,514.19,1331.2,788.2,130.76,274.01,xml_geometry_csv_action
BootPass_6,143,4,4,Position_Unknown,Team_Unknown,Action_PreSnap,723.31,448.18,905.78,733.24,182.47000000000003,285.06,xml_geometry_csv_action
BootPass_6,143,6,6,Position_Unknown,Team_Unknown,Action_PreSnap,599.67,429.15,770.92,686.85,171.25,257.70000000000005,xml_geometry_csv_action
BootPass_6,143,8,8,Position_Unknown,Team_Unknown,Action_PreSnap,986.98,135.02,1079.37,381.21,92.38999999999987,246.18999999999997,xml_geometry_csv_action
BootPass_6,143,9,9,Position_Unknown,Team_Unknown,Action_PreSnap,473.0,342.05,609.77,543.52,136.76999999999998,201.46999999999997,xml_geometry_csv_action
BootPass_6,144,0,0,Position_Unknown,Team_Unknown,Action_PreSnap,1078.88,377.97,1213.29,604.12,134.40999999999985,226.14999999999998,xml_geometry_csv_action
BootPass_6,144,1,1,Position_Unknown,Team_Unknown,Action_PreSnap,1342.44,451.68,1478.82,675.68,136.37999999999988,223.99999999999994,xml_geometry_csv_action
BootPass_6,144,10,10,Position_Unknown,Team_Unknown,Action_PreSnap,807.04,598.18,910.6,881.21,103.56000000000006,283.0300000000001,xml_geometry_csv_action
BootPass_6,144,11,11,Position_Unknown,Team_Unknown,Action_PreSnap,1021.58,427.33,1188.28,665.51,166.69999999999993,238.18,xml_geometry_csv_action
BootPass_6,144,12,12,Position_Unknown,Team_Unknown,Action_PreSnap,1270.0,379.36,1395.8,641.51,125.79999999999995,262.15,xml_geometry_csv_action
BootPass_6,144,13,13,Position_Unknown,Team_Unknown,Action_PreSnap,910.87,465.24,1042.41,745.86,131.54000000000008,280.62,xml_geometry_csv_action
BootPass_6,144,17,17,Position_Unknown,Team_Unknown,Action_PreSnap,916.33,656.26,1033.45,895.54,117.12,239.27999999999997,xml_geometry_csv_action
BootPass_6,144,21,18,Position_Unknown,Team_Unknown,Action_PreSnap,1007.0,459.05,1108.6,709.12,101.59999999999991,250.07,xml_geometry_csv_action
BootPass_6,144,2,2,Position_Unknown,Team_Unknown,Action_PreSnap,1447.89,448.6,1603.39,723.06,155.5,274.4599999999999,xml_geometry_csv_action
BootPass_6,144,3,3,Position_Unknown,Team_Unknown,Action_PreSnap,1222.53,515.12,1349.7,787.77,127.17000000000007,272.65,xml_geometry_csv_action
BootPass_6,144,4,4,Position_Unknown,Team_Unknown,Action_PreSnap,730.5,445.93,913.02,733.69,182.51999999999998,287.76000000000005,xml_geometry_csv_action
BootPass_6,144,6,6,Position_Unknown,Team_Unknown,Action_PreSnap,604.78,429.99,777.77,696.11,172.99,266.12,xml_geometry_csv_action
BootPass_6,144,8,8,Position_Unknown,Team_Unknown,Action_PreSnap,998.93,134.19,1097.22,374.78,98.29000000000008,240.58999999999997,xml_geometry_csv_action
BootPass_6,144,9,9,Position_Unknown,Team_Unknown,Action_PreSnap,473.21,345.13,609.6,551.03,136.39000000000004,205.89999999999998,xml_geometry_csv_action
BootPass_6,145,0,0,Position_Unknown,Team_Unknown,Action_PreSnap,1081.98,381.94,1221.17,613.29,139.19000000000005,231.34999999999997,xml_geometry_csv_action
BootPass_6,145,1,1,Position_Unknown,Team_Unknown,Action_PreSnap,1345.94,449.62,1479.53,677.42,133.58999999999992,227.79999999999995,xml_geometry_csv_action
BootPass_6,145,10,10,Position_Unknown,Team_Unknown,Action_PreSnap,799.65,595.2,906.97,873.79,107.32000000000005,278.5899999999999,xml_geometry_csv_action
BootPass_6,145,11,11,Position_Unknown,Team_Unknown,Action_PreSnap,1018.01,425.63,1183.64,671.8,165.6300000000001,246.16999999999996,xml_geometry_csv_action
BootPass_6,145,12,12,Position_Unknown,Team_Unknown,Action_PreSnap,1285.73,380.93,1400.9,631.34,115.17000000000007,250.41000000000003,xml_geometry_csv_action
BootPass_6,145,13,13,Position_Unknown,Team_Unknown,Action_PreSnap,917.01,469.31,1051.85,747.03,134.83999999999992,277.71999999999997,xml_geometry_csv_action
BootPass_6,145,17,17,Position_Unknown,Team_Unknown,Action_PreSnap,918.37,661.64,1039.38,904.7,121.0100000000001,243.06000000000006,xml_geometry_csv_action
BootPass_6,145,2,2,Position_Unknown,Team_Unknown,Action_PreSnap,1449.33,448.28,1599.82,724.1,150.49,275.82000000000005,xml_geometry_csv_action
BootPass_6,145,24,21,Position_Unknown,Team_Unknown,Action_PreSnap,1842.11,331.72,1919.46,571.22,77.35000000000014,239.5,xml_geometry_csv_action
BootPass_6,145,3,3,Position_Unknown,Team_Unknown,Action_PreSnap,1238.16,516.34,1363.18,789.11,125.01999999999998,272.77,xml_geometry_csv_action
BootPass_6,145,4,4,Position_Unknown,Team_Unknown,Action_PreSnap,738.91,444.52,920.54,732.82,181.63,288.30000000000007,xml_geometry_csv_action
BootPass_6,145,6,6,Position_Unknown,Team_Unknown,Action_PreSnap,605.98,432.03,775.77,710.98,169.78999999999996,278.95000000000005,xml_geometry_csv_action
BootPass_6,145,8,8,Position_Unknown,Team_Unknown,Action_PreSnap,1006.49,134.32,1114.03,372.81,107.53999999999996,238.49,xml_geometry_csv_action
BootPass_6,145,9,9,Position_Unknown,Team_Unknown,Action_PreSnap,466.36,347.35,603.99,561.81,137.63,214.45999999999992,xml_geometry_csv_action
BootPass_6,146,0,0,Position_Unknown,Team_Unknown,Action_PreSnap,1085.06,385.09,1230.38,616.97,145.32000000000016,231.88000000000005,xml_geometry_csv_action
BootPass_6,146,1,1,Position_Unknown,Team_Unknown,Action_PreSnap,1349.65,445.35,1477.61,676.47,127.95999999999981,231.12,xml_geometry_csv_action
BootPass_6,146,10,10,Position_Unknown,Team_Unknown,Action_PreSnap,789.17,594.02,904.15,858.8,114.98000000000002,264.78,xml_geometry_csv_action
BootPass_6,146,11,11,Position_Unknown,Team_Unknown,Action_PreSnap,1016.02,424.0,1181.27,675.84,165.25,251.84000000000003,xml_geometry_csv_action
BootPass_6,146,12,12,Position_Unknown,Team_Unknown,Action_PreSnap,1299.4,380.95,1409.32,607.0,109.91999999999985,226.05,xml_geometry_csv_action
BootPass_6,146,13,13,Position_Unknown,Team_Unknown,Action_PreSnap,923.92,469.68,1065.53,746.71,141.61,277.03000000000003,xml_geometry_csv_action
BootPass_6,146,17,17,Position_Unknown,Team_Unknown,Action_PreSnap,921.54,666.11,1050.3,911.37,128.76,245.26,xml_geometry_csv_action
BootPass_6,146,2,2,Position_Unknown,Team_Unknown,Action_PreSnap,1450.72,448.55,1596.4,723.35,145.68000000000006,274.8,xml_geometry_csv_action
BootPass_6,146,24,21,Position_Unknown,Team_Unknown,Action_PreSnap,1837.82,350.45,1920.0,570.13,82.18000000000006,219.68,xml_geometry_csv_action
BootPass_6,146,3,3,Position_Unknown,Team_Unknown,Action_PreSnap,1247.78,515.57,1383.14,791.98,135.36000000000013,276.40999999999997,xml_geometry_csv_action
BootPass_6,146,4,4,Position_Unknown,Team_Unknown,Action_PreSnap,754.22,442.15,927.63,726.64,173.40999999999997,284.49,xml_geometry_csv_action
BootPass_6,146,6,6,Position_Unknown,Team_Unknown,Action_PreSnap,608.92,433.86,776.27,721.53,167.35000000000002,287.66999999999996,xml_geometry_csv_action
BootPass_6,146,8,8,Position_Unknown,Team_Unknown,Action_PreSnap,1014.05,133.85,1129.52,371.77,115.47000000000003,237.92,xml_geometry_csv_action
BootPass_6,146,9,9,Position_Unknown,Team_Unknown,Action_PreSnap,457.62,350.73,594.13,571.57,136.51,220.84000000000003,xml_geometry_csv_action
BootPass_6,147,0,0,Position_Unknown,Team_Unknown,Action_PreSnap,1088.61,388.12,1237.42,616.92,148.81000000000017,228.79999999999995,xml_geometry_csv_action
BootPass_6,147,1,1,Position_Unknown,Team_Unknown,Action_PreSnap,1357.93,442.32,1475.51,673.85,117.57999999999993,231.53000000000003,xml_geometry_csv_action
BootPass_6,147,10,10,Position_Unknown,Team_Unknown,Action_PreSnap,775.06,592.86,895.65,848.62,120.59000000000003,255.76,xml_geometry_csv_action
BootPass_6,147,11,11,Position_Unknown,Team_Unknown,Action_PreSnap,1015.89,423.9,1177.74,680.41,161.85000000000002,256.51,xml_geometry_csv_action
BootPass_6,147,12,12,Position_Unknown,Team_Unknown,Action_PreSnap,1299.12,381.05,1416.9,592.74,117.7800000000002,211.69,xml_geometry_csv_action
BootPass_6,147,13,13,Position_Unknown,Team_Unknown,Action_PreSnap,933.2,471.38,1073.87,747.05,140.66999999999985,275.66999999999996,xml_geometry_csv_action
BootPass_6,147,15,15,Position_Unknown,Team_Unknown,Action_PreSnap,905.4,434.87,1014.21,674.8,108.81000000000006,239.92999999999995,xml_geometry_csv_action
BootPass_6,147,17,17,Position_Unknown,Team_Unknown,Action_PreSnap,921.76,670.68,1059.86,915.4,138.0999999999999,244.72000000000003,xml_geometry_csv_action
BootPass_6,147,2,2,Position_Unknown,Team_Unknown,Action_PreSnap,1448.2,451.53,1591.75,722.79,143.54999999999995,271.26,xml_geometry_csv_action
BootPass_6,147,24,21,Position_Unknown,Team_Unknown,Action_PreSnap,1832.62,355.15,1919.59,571.52,86.97000000000003,216.37,xml_geometry_csv_action
BootPass_6,147,3,3,Position_Unknown,Team_Unknown,Action_PreSnap,1253.55,517.19,1410.32,797.4,156.76999999999998,280.2099999999999,xml_geometry_csv_action
BootPass_6,147,4,4,Position_Unknown,Team_Unknown,Action_PreSnap,758.68,439.65,930.0,717.22,171.32000000000005,277.57000000000005,xml_geometry_csv_action
BootPass_6,147,6,6,Position_Unknown,Team_Unknown,Action_PreSnap,611.74,442.33,772.95,726.25,161.21000000000004,283.92,xml_geometry_csv_action
BootPass_6,147,8,8,Position_Unknown,Team_Unknown,Action_PreSnap,1020.01,132.89,1147.74,372.93,127.73000000000002,240.04000000000002,xml_geometry_csv_action
BootPass_6,147,9,9,Position_Unknown,Team_Unknown,Action_PreSnap,447.54,354.93,583.72,575.28,136.18,220.34999999999997,xml_geometry_csv_action
BootPass_6,148,0,0,Position_Unknown,Team_Unknown,Action_PreSnap,1094.98,387.88,1245.27,613.52,150.28999999999996,225.64,xml_geometry_csv_action
BootPass_6,148,1,1,Position_Unknown,Team_Unknown,Action_PreSnap,1369.06,438.75,1477.06,670.08,108.0,231.33000000000004,xml_geometry_csv_action
BootPass_6,148,10,10,Position_Unknown,Team_Unknown,Action_PreSnap,765.12,591.27,887.05,841.62,121.92999999999995,250.35000000000002,xml_geometry_csv_action
BootPass_6,148,11,11,Position_Unknown,Team_Unknown,Action_PreSnap,1024.78,426.85,1178.93,681.31,154.1500000000001,254.45999999999992,xml_geometry_csv_action
BootPass_6,148,12,12,Position_Unknown,Team_Unknown,Action_PreSnap,1308.53,381.68,1427.06,575.82,118.52999999999997,194.14000000000004,xml_geometry_csv_action
BootPass_6,148,13,13,Position_Unknown,Team_Unknown,Action_PreSnap,949.48,472.2,1080.66,738.4,131.18000000000006,266.2,xml_geometry_csv_action
BootPass_6,148,15,15,Position_Unknown,Team_Unknown,Action_PreSnap,909.02,432.34,1018.69,669.27,109.67000000000007,236.93,xml_geometry_csv_action
BootPass_6,148,16,16,Position_Unknown,Team_Unknown,Action_PreSnap,701.27,431.07,802.16,603.28,100.88999999999999,172.20999999999998,xml_geometry_csv_action
BootPass_6,148,17,17,Position_Unknown,Team_Unknown,Action_PreSnap,923.17,674.86,1068.31,917.1,145.14,242.24,xml_geometry_csv_action
BootPass_6,148,2,2,Position_Unknown,Team_Unknown,Action_PreSnap,1442.41,455.43,1594.04,720.49,151.62999999999988,265.06,xml_geometry_csv_action
BootPass_6,148,24,21,Position_Unknown,Team_Unknown,Action_PreSnap,1832.71,362.8,1919.63,572.75,86.92000000000007,209.95,xml_geometry_csv_action
BootPass_6,148,3,3,Position_Unknown,Team_Unknown,Action_PreSnap,1263.05,517.03,1430.69,800.03,167.6400000000001,283.0,xml_geometry_csv_action
BootPass_6,148,4,4,Position_Unknown,Team_Unknown,Action_PreSnap,764.29,437.48,919.51,699.54,155.22000000000003,262.05999999999995,xml_geometry_csv_action
BootPass_6,148,6,6,Position_Unknown,Team_Unknown,Action_PreSnap,616.06,453.99,776.51,727.51,160.45000000000005,273.52,xml_geometry_csv_action
BootPass_6,148,8,8,Position_Unknown,Team_Unknown,Action_PreSnap,1028.19,129.08,1163.06,373.93,134.8699999999999,244.85,xml_geometry_csv_action
BootPass_6,148,9,9,Position_Unknown,Team_Unknown,Action_PreSnap,438.78,360.14,579.29,576.89,140.51,216.75,xml_geometry_csv_action
BootPass_6,149,0,0,Position_Unknown,Team_Unknown,Action_PreSnap,1102.25,387.17,1247.92,613.23,145.67000000000007,226.06,xml_geometry_csv_action
BootPass_6,149,1,1,Position_Unknown,Team_Unknown,Action_PreSnap,1377.81,436.54,1483.25,664.75,105.44000000000005,228.20999999999998,xml_geometry_csv_action
BootPass_6,149,10,10,Position_Unknown,Team_Unknown,Action_PreSnap,755.26,589.29,879.73,836.83,124.47000000000003,247.54000000000008,xml_geometry_csv_action
BootPass_6,149,11,11,Position_Unknown,Team_Unknown,Action_PreSnap,1029.12,426.02,1183.47,682.37,154.35000000000014,256.35,xml_geometry_csv_action
BootPass_6,149,12,12,Position_Unknown,Team_Unknown,Action_PreSnap,1311.19,381.1,1436.86,568.94,125.66999999999985,187.84000000000003,xml_geometry_csv_action
BootPass_6,149,13,13,Position_Unknown,Team_Unknown,Action_PreSnap,959.42,473.17,1086.86,735.15,127.43999999999994,261.97999999999996,xml_geometry_csv_action
BootPass_6,149,15,15,Position_Unknown,Team_Unknown,Action_PreSnap,908.89,430.25,1020.3,671.95,111.40999999999997,241.70000000000005,xml_geometry_csv_action
BootPass_6,149,16,16,Position_Unknown,Team_Unknown,Action_PreSnap,701.48,431.9,803.94,602.41,102.46000000000004,170.51,xml_geometry_csv_action
BootPass_6,149,17,17,Position_Unknown,Team_Unknown,Action_PreSnap,924.3,679.94,1068.47,917.93,144.17000000000007,237.9899999999999,xml_geometry_csv_action
BootPass_6,149,2,2,Position_Unknown,Team_Unknown,Action_PreSnap,1436.21,461.38,1597.54,721.84,161.32999999999993,260.46000000000004,xml_geometry_csv_action
BootPass_6,149,24,21,Position_Unknown,Team_Unknown,Action_PreSnap,1834.12,365.83,1919.38,582.05,85.26000000000022,216.21999999999997,xml_geometry_csv_action
BootPass_6,149,3,3,Position_Unknown,Team_Unknown,Action_PreSnap,1283.64,517.47,1441.8,801.73,158.15999999999985,284.26,xml_geometry_csv_action
BootPass_6,149,4,4,Position_Unknown,Team_Unknown,Action_PreSnap,769.48,436.44,912.16,687.48,142.67999999999995,251.04000000000002,xml_geometry_csv_action
BootPass_6,149,6,6,Position_Unknown,Team_Unknown,Action_PreSnap,617.01,459.49,780.8,728.04,163.78999999999996,268.54999999999995,xml_geometry_csv_action
BootPass_6,149,8,8,Position_Unknown,Team_Unknown,Action_PreSnap,1035.46,123.25,1174.81,374.31,139.3499999999999,251.06,xml_geometry_csv_action
BootPass_6,149,9,9,Position_Unknown,Team_Unknown,Action_PreSnap,437.48,365.44,578.19,577.37,140.71000000000004,211.93,xml_geometry_csv_action
BootPass_6,150,0,0,Position_Unknown,Team_Unknown,Action_PreSnap,1108.96,383.1,1250.09,614.91,141.12999999999988,231.80999999999995,xml_geometry_csv_action
BootPass_6,150,1,1,Position_Unknown,Team_Unknown,Action_PreSnap,1374.95,437.3,1480.44,658.13,105.49000000000001,220.82999999999998,xml_geometry_csv_action
BootPass_6,150,10,10,Position_Unknown,Team_Unknown,Action_PreSnap,742.53,587.59,875.41,832.83,132.88,245.24,xml_geometry_csv_action
BootPass_6,150,11,11,Position_Unknown,Team_Unknown,Action_PreSnap,1029.75,428.21,1190.42,679.03,160.67000000000007,250.82,xml_geometry_csv_action
BootPass_6,150,12,12,Position_Unknown,Team_Unknown,Action_PreSnap,1328.82,380.94,1445.6,547.41,116.77999999999997,166.46999999999997,xml_geometry_csv_action
BootPass_6,150,13,13,Position_Unknown,Team_Unknown,Action_PreSnap,966.86,475.23,1092.1,735.05,125.2399999999999,259.81999999999994,xml_geometry_csv_action
BootPass_6,150,15,15,Position_Unknown,Team_Unknown,Action_PreSnap,908.16,429.57,1021.38,669.85,113.22000000000003,240.28000000000003,xml_geometry_csv_action
BootPass_6,150,17,17,Position_Unknown,Team_Unknown,Action_PreSnap,924.12,686.67,1068.95,918.25,144.83000000000004,231.58000000000004,xml_geometry_csv_action
BootPass_6,150,2,2,Position_Unknown,Team_Unknown,Action_PreSnap,1435.04,463.26,1599.9,726.39,164.86000000000013,263.13,xml_geometry_csv_action
BootPass_6,150,24,21,Position_Unknown,Team_Unknown,Action_PreSnap,1838.08,362.91,1919.16,581.57,81.08000000000015,218.66000000000003,xml_geometry_csv_action
BootPass_6,150,3,3,Position_Unknown,Team_Unknown,Action_PreSnap,1305.96,517.74,1450.65,803.52,144.69000000000005,285.78,xml_geometry_csv_action
BootPass_6,150,4,4,Position_Unknown,Team_Unknown,Action_PreSnap,774.72,435.91,909.33,686.36,134.61,250.45,xml_geometry_csv_action
BootPass_6,150,6,6,Position_Unknown,Team_Unknown,Action_PreSnap,618.86,458.62,780.52,727.63,161.65999999999997,269.01,xml_geometry_csv_action
BootPass_6,150,8,8,Position_Unknown,Team_Unknown,Action_PreSnap,1045.52,116.18,1180.63,372.06,135.11000000000013,255.88,xml_geometry_csv_action
BootPass_6,150,9,9,Position_Unknown,Team_Unknown,Action_PreSnap,429.15,369.26,579.21,583.7,150.06000000000006,214.44000000000005,xml_geometry_csv_action
BootPass_6,151,0,0,Position_Unknown,Team_Unknown,Action_PreSnap,1115.23,378.77,1248.88,615.65,133.6500000000001,236.88,xml_geometry_csv_action
BootPass_6,151,1,1,Position_Unknown,Team_Unknown,Action_PreSnap,1378.22,437.53,1480.76,657.57,102.53999999999996,220.04000000000008,xml_geometry_csv_action
BootPass_6,151,10,10,Position_Unknown,Team_Unknown,Action_PreSnap,731.29,586.25,866.63,829.83,135.34000000000003,243.58000000000004,xml_geometry_csv_action
BootPass_6,151,11,11,Position_Unknown,Team_Unknown,Action_PreSnap,1036.39,428.24,1192.62,678.27,156.2299999999998,250.02999999999997,xml_geometry_csv_action
BootPass_6,151,12,12,Position_Unknown,Team_Unknown,Action_PreSnap,1342.98,380.37,1452.03,534.18,109.04999999999995,153.80999999999995,xml_geometry_csv_action
BootPass_6,151,13,13,Position_Unknown,Team_Unknown,Action_PreSnap,969.91,479.98,1098.35,735.49,128.43999999999994,255.51,xml_geometry_csv_action
BootPass_6,151,15,15,Position_Unknown,Team_Unknown,Action_PreSnap,903.59,429.06,1016.04,670.92,112.44999999999993,241.85999999999996,xml_geometry_csv_action
BootPass_6,151,17,17,Position_Unknown,Team_Unknown,Action_PreSnap,919.92,692.02,1069.83,918.22,149.90999999999997,226.20000000000005,xml_geometry_csv_action
BootPass_6,151,2,2,Position_Unknown,Team_Unknown,Action_PreSnap,1438.36,468.42,1601.5,731.7,163.1400000000001,263.28000000000003,xml_geometry_csv_action
BootPass_6,151,24,21,Position_Unknown,Team_Unknown,Action_PreSnap,1841.39,349.84,1918.56,580.54,77.16999999999985,230.7,xml_geometry_csv_action
BootPass_6,151,3,3,Position_Unknown,Team_Unknown,Action_PreSnap,1321.68,518.51,1455.75,803.14,134.06999999999994,284.63,xml_geometry_csv_action
BootPass_6,151,4,4,Position_Unknown,Team_Unknown,Action_PreSnap,764.23,435.18,906.95,690.01,142.72000000000003,254.82999999999998,xml_geometry_csv_action
BootPass_6,151,6,6,Position_Unknown,Team_Unknown,Action_PreSnap,619.47,448.56,784.13,728.69,164.65999999999997,280.13000000000005,xml_geometry_csv_action
BootPass_6,151,8,8,Position_Unknown,Team_Unknown,Action_PreSnap,1054.89,111.24,1180.71,367.22,125.81999999999994,255.98000000000002,xml_geometry_csv_action
BootPass_6,151,9,9,Position_Unknown,Team_Unknown,Action_PreSnap,416.17,373.14,578.15,591.9,161.97999999999996,218.76,xml_geometry_csv_action
BootPass_6,152,0,0,Position_Unknown,Team_Unknown,Action_PreSnap,1121.86,373.55,1247.95,615.88,126.09000000000015,242.32999999999998,xml_geometry_csv_action
BootPass_6,152,1,1,Position_Unknown,Team_Unknown,Action_PreSnap,1381.63,438.57,1476.99,648.19,95.3599999999999,209.62000000000006,xml_geometry_csv_action
BootPass_6,152,10,10,Position_Unknown,Team_Unknown,Action_PreSnap,721.23,584.39,859.54,819.82,138.30999999999995,235.43000000000006,xml_geometry_csv_action
BootPass_6,152,12,12,Position_Unknown,Team_Unknown,Action_PreSnap,1352.57,381.51,1456.24,529.08,103.67000000000007,147.57000000000005,xml_geometry_csv_action
BootPass_6,152,13,13,Position_Unknown,Team_Unknown,Action_PreSnap,974.83,485.93,1112.65,742.62,137.82000000000005,256.69,xml_geometry_csv_action
BootPass_6,152,15,15,Position_Unknown,Team_Unknown,Action_PreSnap,895.19,428.24,1003.86,676.05,108.66999999999996,247.80999999999995,xml_geometry_csv_action
BootPass_6,152,17,17,Position_Unknown,Team_Unknown,Action_PreSnap,916.06,695.44,1073.13,920.26,157.07000000000016,224.81999999999994,xml_geometry_csv_action
BootPass_6,152,2,2,Position_Unknown,Team_Unknown,Action_PreSnap,1441.41,468.96,1601.1,727.56,159.68999999999983,258.59999999999997,xml_geometry_csv_action
BootPass_6,152,3,3,Position_Unknown,Team_Unknown,Action_PreSnap,1332.52,519.65,1464.27,801.09,131.75,281.44000000000005,xml_geometry_csv_action
BootPass_6,152,4,4,Position_Unknown,Team_Unknown,Action_PreSnap,759.43,433.97,904.71,688.88,145.2800000000001,254.90999999999997,xml_geometry_csv_action
BootPass_6,152,6,6,Position_Unknown,Team_Unknown,Action_PreSnap,619.61,446.79,783.39,728.24,163.77999999999997,281.45,xml_geometry_csv_action
BootPass_6,152,8,8,Position_Unknown,Team_Unknown,Action_PreSnap,1062.45,106.0,1183.15,360.63,120.70000000000005,254.63,xml_geometry_csv_action
BootPass_6,152,9,9,Position_Unknown,Team_Unknown,Action_PreSnap,403.78,376.66,566.04,598.48,162.26,221.82,xml_geometry_csv_action
BootPass_6,153,0,0,Position_Unknown,Team_Unknown,Action_PreSnap,1125.16,369.23,1248.72,616.65,123.55999999999995,247.41999999999996,xml_geometry_csv_action
BootPass_6,153,1,1,Position_Unknown,Team_Unknown,Action_PreSnap,1384.03,442.67,1471.9,645.53,87.87000000000012,202.85999999999996,xml_geometry_csv_action
BootPass_6,153,10,10,Position_Unknown,Team_Unknown,Action_PreSnap,712.54,584.14,856.96,814.98,144.42000000000007,230.84000000000003,xml_geometry_csv_action
BootPass_6,153,11,11,Position_Unknown,Team_Unknown,Action_PreSnap,1038.31,426.45,1190.42,681.98,152.11000000000013,255.53000000000003,xml_geometry_csv_action
BootPass_6,153,12,12,Position_Unknown,Team_Unknown,Action_PreSnap,1358.83,384.98,1461.17,526.64,102.34000000000015,141.65999999999997,xml_geometry_csv_action
BootPass_6,153,13,13,Position_Unknown,Team_Unknown,Action_PreSnap,978.46,491.08,1133.59,751.86,155.12999999999988,260.78000000000003,xml_geometry_csv_action
BootPass_6,153,15,15,Position_Unknown,Team_Unknown,Action_PreSnap,886.11,427.5,992.28,680.38,106.16999999999996,252.88,xml_geometry_csv_action
BootPass_6,153,17,17,Position_Unknown,Team_Unknown,Action_PreSnap,915.66,697.15,1078.6,932.13,162.93999999999994,234.98000000000002,xml_geometry_csv_action
BootPass_6,153,2,2,Position_Unknown,Team_Unknown,Action_PreSnap,1443.25,466.91,1598.57,721.08,155.31999999999994,254.17000000000002,xml_geometry_csv_action
BootPass_6,153,3,3,Position_Unknown,Team_Unknown,Action_PreSnap,1340.34,520.22,1472.53,799.83,132.19000000000005,279.61,xml_geometry_csv_action
BootPass_6,153,4,4,Position_Unknown,Team_Unknown,Action_PreSnap,760.79,434.16,900.32,685.94,139.5300000000001,251.78000000000003,xml_geometry_csv_action
BootPass_6,153,6,6,Position_Unknown,Team_Unknown,Action_PreSnap,619.07,447.06,784.63,728.15,165.55999999999995,281.09,xml_geometry_csv_action
BootPass_6,153,8,8,Position_Unknown,Team_Unknown,Action_PreSnap,1069.92,102.87,1187.69,356.28,117.76999999999998,253.40999999999997,xml_geometry_csv_action
BootPass_6,153,9,9,Position_Unknown,Team_Unknown,Action_PreSnap,393.77,381.54,550.83,614.26,157.06000000000006,232.71999999999997,xml_geometry_csv_action
BootPass_6,154,0,0,Position_Unknown,Team_Unknown,Action_PreSnap,1126.29,365.62,1250.82,616.1,124.52999999999997,250.48000000000002,xml_geometry_csv_action
BootPass_6,154,1,1,Position_Unknown,Team_Unknown,Action_PreSnap,1376.34,447.88,1469.66,644.16,93.32000000000016,196.27999999999997,xml_geometry_csv_action
BootPass_6,154,10,10,Position_Unknown,Team_Unknown,Action_PreSnap,709.0,584.89,848.99,811.8,139.99,226.90999999999997,xml_geometry_csv_action
BootPass_6,154,11,11,Position_Unknown,Team_Unknown,Action_PreSnap,1032.03,427.66,1190.17,682.28,158.1400000000001,254.61999999999995,xml_geometry_csv_action
BootPass_6,154,12,12,Position_Unknown,Team_Unknown,Action_PreSnap,1367.27,389.54,1468.05,525.84,100.77999999999997,136.3,xml_geometry_csv_action
BootPass_6,154,13,13,Position_Unknown,Team_Unknown,Action_PreSnap,971.59,493.49,1142.67,764.72,171.08000000000004,271.23,xml_geometry_csv_action
BootPass_6,154,15,15,Position_Unknown,Team_Unknown,Action_PreSnap,876.45,425.87,988.04,683.22,111.58999999999992,257.35,xml_geometry_csv_action
BootPass_6,154,17,17,Position_Unknown,Team_Unknown,Action_PreSnap,921.09,696.7,1080.82,943.43,159.7299999999999,246.7299999999999,xml_geometry_csv_action
BootPass_6,154,2,2,Position_Unknown,Team_Unknown,Action_PreSnap,1444.06,465.78,1594.39,714.54,150.33000000000015,248.76,xml_geometry_csv_action
BootPass_6,154,3,3,Position_Unknown,Team_Unknown,Action_PreSnap,1346.27,520.98,1480.06,796.45,133.78999999999996,275.47,xml_geometry_csv_action
BootPass_6,154,4,4,Position_Unknown,Team_Unknown,Action_PreSnap,758.59,434.34,897.23,686.43,138.64,252.08999999999997,xml_geometry_csv_action
BootPass_6,154,6,6,Position_Unknown,Team_Unknown,Action_PreSnap,615.46,447.31,783.29,726.04,167.82999999999993,278.72999999999996,xml_geometry_csv_action
BootPass_6,154,8,8,Position_Unknown,Team_Unknown,Action_PreSnap,1077.6,99.76,1192.67,349.3,115.07000000000016,249.54000000000002,xml_geometry_csv_action
BootPass_6,154,9,9,Position_Unknown,Team_Unknown,Action_PreSnap,385.44,386.95,538.51,623.6,153.07,236.65000000000003,xml_geometry_csv_action
BootPass_6,155,0,0,Position_Unknown,Team_Unknown,Action_PreSnap,1130.39,363.3,1254.75,614.82,124.3599999999999,251.52000000000004,xml_geometry_csv_action
BootPass_6,155,1,1,Position_Unknown,Team_Unknown,Action_PreSnap,1352.59,451.83,1466.19,648.34,113.60000000000014,196.51000000000005,xml_geometry_csv_action
BootPass_6,155,10,10,Position_Unknown,Team_Unknown,Action_PreSnap,706.63,585.23,840.96,810.18,134.33000000000004,224.94999999999993,xml_geometry_csv_action
BootPass_6,155,11,11,Position_Unknown,Team_Unknown,Action_PreSnap,1027.53,430.93,1186.18,685.66,158.6500000000001,254.72999999999996,xml_geometry_csv_action
BootPass_6,155,12,12,Position_Unknown,Team_Unknown,Action_PreSnap,1370.56,393.35,1475.43,525.84,104.87000000000012,132.49,xml_geometry_csv_action
BootPass_6,155,13,13,Position_Unknown,Team_Unknown,Action_PreSnap,976.33,493.71,1145.34,767.24,169.00999999999988,273.53000000000003,xml_geometry_csv_action
BootPass_6,155,15,15,Position_Unknown,Team_Unknown,Action_PreSnap,870.01,425.88,985.55,686.11,115.53999999999996,260.23,xml_geometry_csv_action
BootPass_6,155,17,17,Position_Unknown,Team_Unknown,Action_PreSnap,923.4,703.34,1084.29,955.49,160.89,252.14999999999998,xml_geometry_csv_action
BootPass_6,155,2,2,Position_Unknown,Team_Unknown,Action_PreSnap,1443.54,465.42,1589.03,709.7,145.49,244.28000000000003,xml_geometry_csv_action
BootPass_6,155,27,22,Position_Unknown,Team_Unknown,Action_PreSnap,969.78,430.47,1036.12,546.87,66.33999999999992,116.39999999999998,xml_geometry_csv_action
BootPass_6,155,3,3,Position_Unknown,Team_Unknown,Action_PreSnap,1354.91,523.66,1494.69,792.16,139.77999999999997,268.5,xml_geometry_csv_action
BootPass_6,155,4,4,Position_Unknown,Team_Unknown,Action_PreSnap,753.62,434.68,894.39,691.14,140.76999999999998,256.46,xml_geometry_csv_action
BootPass_6,155,6,6,Position_Unknown,Team_Unknown,Action_PreSnap,610.77,447.64,773.27,723.57,162.5,275.93000000000006,xml_geometry_csv_action
BootPass_6,155,8,8,Position_Unknown,Team_Unknown,Action_PreSnap,1086.16,96.98,1199.55,337.68,113.38999999999987,240.7,xml_geometry_csv_action
BootPass_6,155,9,9,Position_Unknown,Team_Unknown,Action_PreSnap,378.79,392.7,528.56,626.86,149.76999999999992,234.16000000000003,xml_geometry_csv_action
BootPass_6,156,0,0,Position_Unknown,Team_Unknown,Action_PreSnap,1136.36,362.0,1258.13,612.96,121.77000000000021,250.96000000000004,xml_geometry_csv_action
BootPass_6,156,1,1,Position_Unknown,Team_Unknown,Action_PreSnap,1340.86,454.16,1456.97,656.06,116.11000000000013,201.89999999999992,xml_geometry_csv_action
BootPass_6,156,10,10,Position_Unknown,Team_Unknown,Action_PreSnap,703.75,583.6,832.83,808.83,129.08000000000004,225.23000000000002,xml_geometry_csv_action
BootPass_6,156,11,11,Position_Unknown,Team_Unknown,Action_PreSnap,1015.16,430.87,1174.47,690.59,159.31000000000006,259.72,xml_geometry_csv_action
BootPass_6,156,12,12,Position_Unknown,Team_Unknown,Action_PreSnap,1382.1,396.4,1481.94,500.4,99.84000000000015,104.0,xml_geometry_csv_action
BootPass_6,156,13,13,Position_Unknown,Team_Unknown,Action_PreSnap,976.11,495.45,1142.56,765.53,166.44999999999993,270.08,xml_geometry_csv_action
BootPass_6,156,15,15,Position_Unknown,Team_Unknown,Action_PreSnap,860.41,426.08,977.02,690.61,116.61000000000001,264.53000000000003,xml_geometry_csv_action
BootPass_6,156,17,17,Position_Unknown,Team_Unknown,Action_PreSnap,922.34,709.27,1087.62,965.48,165.27999999999986,256.21000000000004,xml_geometry_csv_action
BootPass_6,156,2,2,Position_Unknown,Team_Unknown,Action_PreSnap,1441.43,458.73,1581.73,704.22,140.29999999999995,245.49,xml_geometry_csv_action
BootPass_6,156,3,3,Position_Unknown,Team_Unknown,Action_PreSnap,1361.35,523.99,1505.57,788.79,144.22000000000003,264.79999999999995,xml_geometry_csv_action
BootPass_6,156,4,4,Position_Unknown,Team_Unknown,Action_PreSnap,750.46,434.89,888.49,691.07,138.02999999999997,256.18000000000006,xml_geometry_csv_action
BootPass_6,156,6,6,Position_Unknown,Team_Unknown,Action_PreSnap,601.86,447.68,763.27,720.61,161.40999999999997,272.93,xml_geometry_csv_action
BootPass_6,156,8,8,Position_Unknown,Team_Unknown,Action_PreSnap,1099.61,92.34,1204.77,322.9,105.16000000000008,230.55999999999997,xml_geometry_csv_action
BootPass_6,156,9,9,Position_Unknown,Team_Unknown,Action_PreSnap,372.99,398.42,521.15,627.33,148.15999999999997,228.91000000000003,xml_geometry_csv_action
BootPass_6,157,0,0,Position_Unknown,Team_Unknown,Action_PreSnap,1140.84,362.79,1263.53,613.86,122.69000000000005,251.07,xml_geometry_csv_action
BootPass_6,157,1,1,Position_Unknown,Team_Unknown,Action_PreSnap,1320.45,455.48,1446.71,665.92,126.25999999999999,210.43999999999994,xml_geometry_csv_action
BootPass_6,157,10,10,Position_Unknown,Team_Unknown,Action_PreSnap,698.79,580.97,820.55,807.84,121.75999999999999,226.87,xml_geometry_csv_action
BootPass_6,157,12,12,Position_Unknown,Team_Unknown,Action_PreSnap,1395.64,398.64,1495.19,503.43,99.54999999999995,104.79000000000002,xml_geometry_csv_action
BootPass_6,157,13,13,Position_Unknown,Team_Unknown,Action_PreSnap,970.08,497.46,1138.81,766.29,168.7299999999999,268.83,xml_geometry_csv_action
BootPass_6,157,15,15,Position_Unknown,Team_Unknown,Action_PreSnap,849.9,427.04,970.35,697.37,120.45000000000005,270.33,xml_geometry_csv_action
BootPass_6,157,17,17,Position_Unknown,Team_Unknown,Action_PreSnap,921.72,714.17,1092.36,970.43,170.63999999999987,256.26,xml_geometry_csv_action
BootPass_6,157,2,2,Position_Unknown,Team_Unknown,Action_PreSnap,1434.74,457.6,1573.89,701.4,139.1500000000001,243.79999999999995,xml_geometry_csv_action
BootPass_6,157,3,3,Position_Unknown,Team_Unknown,Action_PreSnap,1365.12,523.13,1520.39,787.29,155.2700000000002,264.15999999999997,xml_geometry_csv_action
BootPass_6,157,4,4,Position_Unknown,Team_Unknown,Action_PreSnap,745.51,434.22,884.25,699.34,138.74,265.12,xml_geometry_csv_action
BootPass_6,157,5,5,Position_Unknown,Team_Unknown,Action_PreSnap,908.14,436.92,1008.46,715.04,100.32000000000005,278.11999999999995,xml_geometry_csv_action
BootPass_6,157,6,6,Position_Unknown,Team_Unknown,Action_PreSnap,592.61,449.52,754.78,719.35,162.16999999999996,269.83000000000004,xml_geometry_csv_action
BootPass_6,157,8,8,Position_Unknown,Team_Unknown,Action_PreSnap,1111.16,85.83,1210.96,312.46,99.79999999999995,226.63,xml_geometry_csv_action
BootPass_6,157,9,9,Position_Unknown,Team_Unknown,Action_PreSnap,368.18,403.37,515.96,629.69,147.78000000000003,226.32000000000005,xml_geometry_csv_action
BootPass_6,158,0,0,Position_Unknown,Team_Unknown,Action_PreSnap,1142.14,364.83,1266.68,615.99,124.53999999999996,251.16000000000003,xml_geometry_csv_action
BootPass_6,158,1,1,Position_Unknown,Team_Unknown,Action_PreSnap,1308.79,455.76,1433.22,667.59,124.43000000000006,211.83000000000004,xml_geometry_csv_action
BootPass_6,158,10,10,Position_Unknown,Team_Unknown,Action_PreSnap,690.96,576.6,809.9,805.64,118.93999999999994,229.03999999999996,xml_geometry_csv_action
BootPass_6,158,13,13,Position_Unknown,Team_Unknown,Action_PreSnap,966.27,496.98,1130.07,764.78,163.79999999999995,267.79999999999995,xml_geometry_csv_action
BootPass_6,158,15,15,Position_Unknown,Team_Unknown,Action_PreSnap,840.19,425.95,962.75,702.22,122.55999999999995,276.27000000000004,xml_geometry_csv_action
BootPass_6,158,17,17,Position_Unknown,Team_Unknown,Action_PreSnap,916.37,719.38,1094.49,972.26,178.12,252.88,xml_geometry_csv_action
BootPass_6,158,2,2,Position_Unknown,Team_Unknown,Action_PreSnap,1423.87,456.7,1564.41,703.84,140.5400000000002,247.14000000000004,xml_geometry_csv_action
BootPass_6,158,3,3,Position_Unknown,Team_Unknown,Action_PreSnap,1367.35,520.1,1526.74,785.85,159.3900000000001,265.75,xml_geometry_csv_action
BootPass_6,158,4,4,Position_Unknown,Team_Unknown,Action_PreSnap,737.5,434.6,874.3,700.47,136.79999999999995,265.87,xml_geometry_csv_action
BootPass_6,158,5,5,Position_Unknown,Team_Unknown,Action_PreSnap,890.77,434.33,988.84,711.45,98.07000000000005,277.12000000000006,xml_geometry_csv_action
BootPass_6,158,6,6,Position_Unknown,Team_Unknown,Action_PreSnap,583.23,446.83,753.45,718.86,170.22000000000003,272.03000000000003,xml_geometry_csv_action
BootPass_6,158,9,9,Position_Unknown,Team_Unknown,Action_PreSnap,362.66,406.49,507.81,634.97,145.14999999999998,228.48000000000002,xml_geometry_csv_action
BootPass_6,159,0,0,Position_Unknown,Team_Unknown,Action_PreSnap,1144.7,368.68,1274.16,616.65,129.46000000000004,247.96999999999997,xml_geometry_csv_action
BootPass_6,159,1,1,Position_Unknown,Team_Unknown,Action_PreSnap,1300.36,459.05,1422.79,669.17,122.43000000000006,210.11999999999995,xml_geometry_csv_action
BootPass_6,159,10,10,Position_Unknown,Team_Unknown,Action_PreSnap,684.72,575.21,801.6,804.35,116.88,229.14,xml_geometry_csv_action
BootPass_6,159,13,13,Position_Unknown,Team_Unknown,Action_PreSnap,964.79,497.66,1127.13,765.29,162.34000000000015,267.62999999999994,xml_geometry_csv_action
BootPass_6,159,17,17,Position_Unknown,Team_Unknown,Action_PreSnap,913.44,724.83,1099.05,972.88,185.6099999999999,248.04999999999995,xml_geometry_csv_action
BootPass_6,159,2,2,Position_Unknown,Team_Unknown,Action_PreSnap,1419.18,462.17,1560.26,709.0,141.07999999999993,246.82999999999998,xml_geometry_csv_action
BootPass_6,159,3,3,Position_Unknown,Team_Unknown,Action_PreSnap,1370.71,519.79,1533.92,786.88,163.21000000000004,267.09000000000003,xml_geometry_csv_action
BootPass_6,159,4,4,Position_Unknown,Team_Unknown,Action_PreSnap,731.24,436.17,868.65,701.58,137.40999999999997,265.41,xml_geometry_csv_action
BootPass_6,159,5,5,Position_Unknown,Team_Unknown,Action_PreSnap,879.13,433.48,979.24,708.73,100.11000000000001,275.25,xml_geometry_csv_action
BootPass_6,159,6,6,Position_Unknown,Team_Unknown,Action_PreSnap,580.31,453.17,741.14,719.86,160.83000000000004,266.69,xml_geometry_csv_action
BootPass_6,159,9,9,Position_Unknown,Team_Unknown,Action_PreSnap,358.13,410.25,502.38,640.15,144.25,229.89999999999998,xml_geometry_csv_action
BootPass_6,160,0,0,Position_Unknown,Team_Unknown,Action_PreSnap,1145.87,372.42,1278.05,617.12,132.18000000000006,244.7,xml_geometry_csv_action
BootPass_6,160,1,1,Position_Unknown,Team_Unknown,Action_PreSnap,1292.93,463.28,1416.46,670.08,123.52999999999997,206.80000000000007,xml_geometry_csv_action
BootPass_6,160,10,10,Position_Unknown,Team_Unknown,Action_PreSnap,676.54,573.23,794.24,801.51,117.70000000000005,228.27999999999997,xml_geometry_csv_action
BootPass_6,160,12,12,Position_Unknown,Team_Unknown,Action_PreSnap,1433.84,385.17,1551.65,596.48,117.81000000000017,211.31,xml_geometry_csv_action
BootPass_6,160,13,13,Position_Unknown,Team_Unknown,Action_PreSnap,961.8,497.6,1123.54,765.91,161.74,268.30999999999995,xml_geometry_csv_action
BootPass_6,160,16,16,Position_Unknown,Team_Unknown,Action_PreSnap,673.95,441.8,765.91,606.85,91.95999999999992,165.05,xml_geometry_csv_action
BootPass_6,160,17,17,Position_Unknown,Team_Unknown,Action_PreSnap,910.23,729.06,1104.8,974.6,194.56999999999994,245.54000000000008,xml_geometry_csv_action
BootPass_6,160,2,2,Position_Unknown,Team_Unknown,Action_PreSnap,1414.08,466.42,1557.85,713.53,143.76999999999998,247.10999999999996,xml_geometry_csv_action
BootPass_6,160,3,3,Position_Unknown,Team_Unknown,Action_PreSnap,1371.47,520.15,1533.63,788.49,162.16000000000008,268.34000000000003,xml_geometry_csv_action
BootPass_6,160,4,4,Position_Unknown,Team_Unknown,Action_PreSnap,727.12,439.88,863.82,704.56,136.70000000000005,264.67999999999995,xml_geometry_csv_action
BootPass_6,160,5,5,Position_Unknown,Team_Unknown,Action_PreSnap,865.01,434.34,969.8,707.05,104.78999999999996,272.71,xml_geometry_csv_action
BootPass_6,160,6,6,Position_Unknown,Team_Unknown,Action_PreSnap,574.14,455.77,730.02,720.17,155.88,264.4,xml_geometry_csv_action
BootPass_6,160,9,9,Position_Unknown,Team_Unknown,Action_PreSnap,349.98,414.82,493.44,645.04,143.45999999999998,230.21999999999997,xml_geometry_csv_action
BootPass_6,161,0,0,Position_Unknown,Team_Unknown,Action_PreSnap,1143.99,374.08,1282.75,614.91,138.76,240.82999999999998,xml_geometry_csv_action
BootPass_6,161,1,1,Position_Unknown,Team_Unknown,Action_PreSnap,1285.39,461.85,1409.42,670.18,124.02999999999997,208.32999999999993,xml_geometry_csv_action
BootPass_6,161,10,10,Position_Unknown,Team_Unknown,Action_PreSnap,664.01,568.34,786.27,794.99,122.25999999999999,226.64999999999998,xml_geometry_csv_action
BootPass_6,161,11,11,Position_Unknown,Team_Unknown,Action_PreSnap,980.02,477.11,1147.02,692.46,167.0,215.35000000000002,xml_geometry_csv_action
BootPass_6,161,12,12,Position_Unknown,Team_Unknown,Action_PreSnap,1440.66,380.65,1560.2,612.24,119.53999999999996,231.59000000000003,xml_geometry_csv_action
BootPass_6,161,13,13,Position_Unknown,Team_Unknown,Action_PreSnap,957.56,494.34,1118.11,765.02,160.54999999999995,270.68,xml_geometry_csv_action
BootPass_6,161,16,16,Position_Unknown,Team_Unknown,Action_PreSnap,668.2,441.0,761.79,609.69,93.58999999999992,168.69000000000005,xml_geometry_csv_action
BootPass_6,161,17,17,Position_Unknown,Team_Unknown,Action_PreSnap,906.72,731.13,1114.6,978.59,207.87999999999988,247.46000000000004,xml_geometry_csv_action
BootPass_6,161,2,2,Position_Unknown,Team_Unknown,Action_PreSnap,1409.35,475.06,1555.68,713.2,146.33000000000015,238.14000000000004,xml_geometry_csv_action
BootPass_6,161,3,3,Position_Unknown,Team_Unknown,Action_PreSnap,1368.45,516.95,1530.18,786.43,161.73000000000002,269.4799999999999,xml_geometry_csv_action
BootPass_6,161,4,4,Position_Unknown,Team_Unknown,Action_PreSnap,724.81,441.97,863.28,707.45,138.47000000000003,265.48,xml_geometry_csv_action
BootPass_6,161,5,5,Position_Unknown,Team_Unknown,Action_PreSnap,848.34,434.68,955.02,701.3,106.67999999999995,266.61999999999995,xml_geometry_csv_action
BootPass_6,161,6,6,Position_Unknown,Team_Unknown,Action_PreSnap,566.41,453.0,715.87,718.72,149.46000000000004,265.72,xml_geometry_csv_action
BootPass_6,161,9,9,Position_Unknown,Team_Unknown,Action_PreSnap,336.19,417.79,484.33,652.88,148.14,235.08999999999997,xml_geometry_csv_action
BootPass_6,162,0,0,Position_Unknown,Team_Unknown,Action_PreSnap,1142.17,377.37,1291.68,614.56,149.51,237.18999999999994,xml_geometry_csv_action
BootPass_6,162,1,1,Position_Unknown,Team_Unknown,Action_PreSnap,1281.85,460.8,1406.45,672.66,124.60000000000014,211.85999999999996,xml_geometry_csv_action
BootPass_6,162,10,10,Position_Unknown,Team_Unknown,Action_PreSnap,651.17,566.1,780.81,795.61,129.64,229.51,xml_geometry_csv_action
BootPass_6,162,12,12,Position_Unknown,Team_Unknown,Action_PreSnap,1449.18,378.7,1575.04,630.02,125.8599999999999,251.32,xml_geometry_csv_action
BootPass_6,162,13,13,Position_Unknown,Team_Unknown,Action_PreSnap,955.53,493.18,1118.0,766.7,162.47000000000003,273.52000000000004,xml_geometry_csv_action
BootPass_6,162,16,16,Position_Unknown,Team_Unknown,Action_PreSnap,664.11,441.54,757.72,613.01,93.61000000000001,171.46999999999997,xml_geometry_csv_action
BootPass_6,162,17,17,Position_Unknown,Team_Unknown,Action_PreSnap,907.54,733.54,1125.04,984.45,217.5,250.91000000000008,xml_geometry_csv_action
BootPass_6,162,2,2,Position_Unknown,Team_Unknown,Action_PreSnap,1416.53,484.49,1555.33,712.5,138.79999999999995,228.01,xml_geometry_csv_action
BootPass_6,162,3,3,Position_Unknown,Team_Unknown,Action_PreSnap,1367.73,512.1,1529.17,785.59,161.44000000000005,273.49,xml_geometry_csv_action
BootPass_6,162,4,4,Position_Unknown,Team_Unknown,Action_PreSnap,719.36,445.16,860.12,713.08,140.76,267.92,xml_geometry_csv_action
BootPass_6,162,5,5,Position_Unknown,Team_Unknown,Action_PreSnap,836.01,434.93,944.68,704.38,108.66999999999996,269.45,xml_geometry_csv_action
BootPass_6,162,6,6,Position_Unknown,Team_Unknown,Action_PreSnap,559.43,450.72,704.64,719.19,145.21000000000004,268.47,xml_geometry_csv_action
BootPass_6,162,9,9,Position_Unknown,Team_Unknown,Action_PreSnap,319.81,423.47,477.06,660.58,157.25,237.11,xml_geometry_csv_action
BootPass_6,163,0,0,Position_Unknown,Team_Unknown,Action_PreSnap,1140.48,377.29,1302.08,613.77,161.5999999999999,236.47999999999996,xml_geometry_csv_action
BootPass_6,163,1,1,Position_Unknown,Team_Unknown,Action_PreSnap,1279.63,456.27,1403.53,675.12,123.89999999999986,218.85000000000002,xml_geometry_csv_action
BootPass_6,163,10,10,Position_Unknown,Team_Unknown,Action_PreSnap,644.26,562.24,777.45,795.29,133.19000000000005,233.04999999999995,xml_geometry_csv_action
BootPass_6,163,12,12,Position_Unknown,Team_Unknown,Action_PreSnap,1459.34,378.14,1581.69,634.4,122.35000000000014,256.26,xml_geometry_csv_action
BootPass_6,163,13,13,Position_Unknown,Team_Unknown,Action_PreSnap,954.98,489.63,1113.83,763.59,158.8499999999999,273.96000000000004,xml_geometry_csv_action
BootPass_6,163,16,16,Position_Unknown,Team_Unknown,Action_PreSnap,656.99,441.33,753.89,605.58,96.89999999999998,164.25000000000006,xml_geometry_csv_action
BootPass_6,163,17,17,Position_Unknown,Team_Unknown,Action_PreSnap,912.87,731.55,1136.71,996.34,223.84000000000003,264.7900000000001,xml_geometry_csv_action
BootPass_6,163,3,3,Position_Unknown,Team_Unknown,Action_PreSnap,1374.25,508.59,1530.13,784.62,155.8800000000001,276.03000000000003,xml_geometry_csv_action
BootPass_6,163,4,4,Position_Unknown,Team_Unknown,Action_PreSnap,712.37,445.54,857.79,715.85,145.41999999999996,270.31,xml_geometry_csv_action
BootPass_6,163,5,5,Position_Unknown,Team_Unknown,Action_PreSnap,819.48,436.15,934.19,705.31,114.71000000000004,269.15999999999997,xml_geometry_csv_action
BootPass_6,163,6,6,Position_Unknown,Team_Unknown,Action_PreSnap,554.61,447.56,693.13,716.83,138.51999999999998,269.27000000000004,xml_geometry_csv_action
BootPass_6,163,9,9,Position_Unknown,Team_Unknown,Action_PreSnap,310.83,427.68,469.83,662.03,159.0,234.34999999999997,xml_geometry_csv_action
BootPass_6,164,0,0,Position_Unknown,Team_Unknown,Action_PreSnap,1135.08,374.41,1302.48,612.16,167.4000000000001,237.74999999999994,xml_geometry_csv_action
BootPass_6,164,1,1,Position_Unknown,Team_Unknown,Action_PreSnap,1274.41,450.85,1395.87,674.53,121.45999999999981,223.67999999999995,xml_geometry_csv_action
BootPass_6,164,10,10,Position_Unknown,Team_Unknown,Action_PreSnap,637.35,558.95,770.0,792.78,132.64999999999998,233.82999999999993,xml_geometry_csv_action
BootPass_6,164,12,12,Position_Unknown,Team_Unknown,Action_PreSnap,1462.66,380.03,1581.4,632.7,118.74000000000001,252.67000000000007,xml_geometry_csv_action
BootPass_6,164,13,13,Position_Unknown,Team_Unknown,Action_PreSnap,947.26,487.81,1108.06,760.6,160.79999999999995,272.79,xml_geometry_csv_action
BootPass_6,164,16,16,Position_Unknown,Team_Unknown,Action_PreSnap,642.18,439.38,747.03,600.93,104.85000000000002,161.54999999999995,xml_geometry_csv_action
BootPass_6,164,17,17,Position_Unknown,Team_Unknown,Action_PreSnap,918.66,729.23,1144.82,1006.26,226.15999999999997,277.03,xml_geometry_csv_action
BootPass_6,164,3,3,Position_Unknown,Team_Unknown,Action_PreSnap,1380.3,503.73,1526.44,782.09,146.1400000000001,278.36,xml_geometry_csv_action
BootPass_6,164,4,4,Position_Unknown,Team_Unknown,Action_PreSnap,711.47,443.99,852.3,715.79,140.82999999999993,271.79999999999995,xml_geometry_csv_action
BootPass_6,164,5,5,Position_Unknown,Team_Unknown,Action_PreSnap,804.87,439.47,921.74,704.38,116.87,264.90999999999997,xml_geometry_csv_action
BootPass_6,164,6,6,Position_Unknown,Team_Unknown,Action_PreSnap,545.47,442.75,679.8,713.0,134.32999999999993,270.25,xml_geometry_csv_action
BootPass_6,164,8,8,Position_Unknown,Team_Unknown,Action_PreSnap,1114.98,55.56,1240.44,239.74,125.46000000000004,184.18,xml_geometry_csv_action
BootPass_6,164,9,9,Position_Unknown,Team_Unknown,Action_PreSnap,302.26,430.21,457.18,660.26,154.92000000000002,230.05,xml_geometry_csv_action
BootPass_6,165,0,0,Position_Unknown,Team_Unknown,Action_PreSnap,1126.24,370.19,1296.89,610.89,170.6500000000001,240.7,xml_geometry_csv_action
BootPass_6,165,1,1,Position_Unknown,Team_Unknown,Action_PreSnap,1265.14,444.47,1386.37,675.25,121.22999999999979,230.77999999999997,xml_geometry_csv_action
BootPass_6,165,10,10,Position_Unknown,Team_Unknown,Action_PreSnap,627.37,554.84,758.35,789.82,130.98000000000002,234.98000000000002,xml_geometry_csv_action
BootPass_6,165,12,12,Position_Unknown,Team_Unknown,Action_PreSnap,1471.28,382.61,1581.75,630.92,110.47000000000003,248.30999999999995,xml_geometry_csv_action
BootPass_6,165,13,13,Position_Unknown,Team_Unknown,Action_PreSnap,935.97,483.29,1095.65,757.86,159.68000000000006,274.57,xml_geometry_csv_action
BootPass_6,165,16,16,Position_Unknown,Team_Unknown,Action_PreSnap,624.45,438.1,728.23,597.18,103.77999999999997,159.07999999999993,xml_geometry_csv_action
BootPass_6,165,17,17,Position_Unknown,Team_Unknown,Action_PreSnap,924.56,730.36,1146.56,1010.36,222.0,280.0,xml_geometry_csv_action
BootPass_6,165,2,2,Position_Unknown,Team_Unknown,Action_PreSnap,1376.87,458.12,1472.99,719.0,96.12000000000012,260.88,xml_geometry_csv_action
BootPass_6,165,27,22,Position_Unknown,Team_Unknown,Action_PreSnap,918.15,417.0,1031.99,638.06,113.84000000000003,221.05999999999995,xml_geometry_csv_action
BootPass_6,165,3,3,Position_Unknown,Team_Unknown,Action_PreSnap,1391.09,499.9,1524.21,779.44,133.12000000000012,279.5400000000001,xml_geometry_csv_action
BootPass_6,165,4,4,Position_Unknown,Team_Unknown,Action_PreSnap,700.06,442.66,842.01,713.3,141.95000000000005,270.63999999999993,xml_geometry_csv_action
BootPass_6,165,5,5,Position_Unknown,Team_Unknown,Action_PreSnap,790.22,443.51,906.44,699.3,116.22000000000003,255.78999999999996,xml_geometry_csv_action
BootPass_6,165,6,6,Position_Unknown,Team_Unknown,Action_PreSnap,523.59,443.18,666.54,708.01,142.94999999999993,264.83,xml_geometry_csv_action
BootPass_6,165,8,8,Position_Unknown,Team_Unknown,Action_PreSnap,1107.98,48.06,1247.54,240.36,139.55999999999995,192.3,xml_geometry_csv_action
BootPass_6,165,9,9,Position_Unknown,Team_Unknown,Action_PreSnap,295.83,432.32,442.87,660.39,147.04000000000002,228.07,xml_geometry_csv_action
BootPass_6,166,0,0,Position_Unknown,Team_Unknown,Action_PreSnap,1120.51,364.71,1291.63,607.25,171.12000000000012,242.54000000000002,xml_geometry_csv_action
BootPass_6,166,1,1,Position_Unknown,Team_Unknown,Action_PreSnap,1255.15,439.85,1376.58,673.83,121.42999999999984,233.98000000000002,xml_geometry_csv_action
BootPass_6,166,10,10,Position_Unknown,Team_Unknown,Action_PreSnap,616.65,549.16,748.12,785.38,131.47000000000003,236.22000000000003,xml_geometry_csv_action
BootPass_6,166,12,12,Position_Unknown,Team_Unknown,Action_PreSnap,1478.4,384.46,1592.04,630.16,113.63999999999987,245.7,xml_geometry_csv_action
BootPass_6,166,13,13,Position_Unknown,Team_Unknown,Action_PreSnap,926.25,478.69,1083.54,755.29,157.28999999999996,276.59999999999997,xml_geometry_csv_action
BootPass_6,166,16,16,Position_Unknown,Team_Unknown,Action_PreSnap,607.04,436.32,711.65,588.94,104.61000000000001,152.62000000000006,xml_geometry_csv_action
BootPass_6,166,17,17,Position_Unknown,Team_Unknown,Action_PreSnap,938.14,730.88,1152.63,1010.44,214.49000000000012,279.56000000000006,xml_geometry_csv_action
BootPass_6,166,2,2,Position_Unknown,Team_Unknown,Action_PreSnap,1361.91,451.72,1457.81,719.3,95.89999999999986,267.5799999999999,xml_geometry_csv_action
BootPass_6,166,27,22,Position_Unknown,Team_Unknown,Action_PreSnap,908.91,413.65,1026.22,639.55,117.31000000000006,225.89999999999998,xml_geometry_csv_action
BootPass_6,166,3,3,Position_Unknown,Team_Unknown,Action_PreSnap,1399.76,498.24,1526.52,775.02,126.75999999999999,276.78,xml_geometry_csv_action
BootPass_6,166,4,4,Position_Unknown,Team_Unknown,Action_PreSnap,689.44,440.99,831.59,712.16,142.14999999999998,271.16999999999996,xml_geometry_csv_action
BootPass_6,166,5,5,Position_Unknown,Team_Unknown,Action_PreSnap,778.04,445.57,891.85,690.69,113.81000000000006,245.12000000000006,xml_geometry_csv_action
BootPass_6,166,6,6,Position_Unknown,Team_Unknown,Action_PreSnap,500.16,443.73,650.5,703.1,150.33999999999997,259.37,xml_geometry_csv_action
BootPass_6,166,8,8,Position_Unknown,Team_Unknown,Action_PreSnap,1104.21,40.09,1266.71,247.79,162.5,207.7,xml_geometry_csv_action
BootPass_6,166,9,9,Position_Unknown,Team_Unknown,Action_PreSnap,290.82,432.84,431.06,669.52,140.24,236.68,xml_geometry_csv_action
BootPass_6,167,0,0,Position_Unknown,Team_Unknown,Action_PreSnap,1120.37,356.89,1290.91,601.59,170.5400000000002,244.70000000000005,xml_geometry_csv_action
BootPass_6,167,1,1,Position_Unknown,Team_Unknown,Action_PreSnap,1249.65,437.24,1370.24,673.9,120.58999999999992,236.65999999999997,xml_geometry_csv_action
BootPass_6,167,10,10,Position_Unknown,Team_Unknown,Action_PreSnap,609.6,541.1,744.86,780.61,135.26,239.51,xml_geometry_csv_action
BootPass_6,167,12,12,Position_Unknown,Team_Unknown,Action_PreSnap,1490.55,384.82,1605.91,629.3,115.36000000000013,244.47999999999996,xml_geometry_csv_action
BootPass_6,167,13,13,Position_Unknown,Team_Unknown,Action_PreSnap,919.32,473.5,1069.7,751.75,150.38,278.25,xml_geometry_csv_action
BootPass_6,167,16,16,Position_Unknown,Team_Unknown,Action_PreSnap,593.78,434.42,695.23,598.14,101.45000000000005,163.71999999999997,xml_geometry_csv_action
BootPass_6,167,17,17,Position_Unknown,Team_Unknown,Action_PreSnap,961.32,730.5,1160.63,1007.98,199.31000000000006,277.48,xml_geometry_csv_action
BootPass_6,167,2,2,Position_Unknown,Team_Unknown,Action_PreSnap,1352.57,444.39,1449.95,717.97,97.38000000000011,273.58000000000004,xml_geometry_csv_action
BootPass_6,167,27,22,Position_Unknown,Team_Unknown,Action_PreSnap,893.69,408.36,1020.29,646.13,126.59999999999991,237.76999999999998,xml_geometry_csv_action
BootPass_6,167,3,3,Position_Unknown,Team_Unknown,Action_PreSnap,1406.05,496.41,1530.19,772.09,124.1400000000001,275.68,xml_geometry_csv_action
BootPass_6,167,4,4,Position_Unknown,Team_Unknown,Action_PreSnap,670.23,436.87,823.2,710.84,152.97000000000003,273.97,xml_geometry_csv_action
BootPass_6,167,5,5,Position_Unknown,Team_Unknown,Action_PreSnap,764.3,443.87,878.26,696.23,113.96000000000004,252.36,xml_geometry_csv_action
BootPass_6,167,6,6,Position_Unknown,Team_Unknown,Action_PreSnap,486.27,445.14,641.94,699.74,155.67000000000007,254.60000000000002,xml_geometry_csv_action
BootPass_6,167,8,8,Position_Unknown,Team_Unknown,Action_PreSnap,1105.87,31.99,1280.08,248.82,174.21000000000004,216.82999999999998,xml_geometry_csv_action
BootPass_6,167,9,9,Position_Unknown,Team_Unknown,Action_PreSnap,285.16,431.85,422.16,670.9,137.0,239.04999999999995,xml_geometry_csv_action
BootPass_6,168,0,0,Position_Unknown,Team_Unknown,Action_PreSnap,1126.36,349.59,1293.66,595.23,167.30000000000018,245.64000000000004,xml_geometry_csv_action
BootPass_6,168,1,1,Position_Unknown,Team_Unknown,Action_PreSnap,1239.56,439.4,1364.9,668.47,125.34000000000015,229.07000000000005,xml_geometry_csv_action
BootPass_6,168,10,10,Position_Unknown,Team_Unknown,Action_PreSnap,605.78,537.12,744.81,777.42,139.02999999999997,240.29999999999995,xml_geometry_csv_action
BootPass_6,168,12,12,Position_Unknown,Team_Unknown,Action_PreSnap,1506.79,385.67,1623.63,631.46,116.84000000000015,245.79000000000002,xml_geometry_csv_action
BootPass_6,168,13,13,Position_Unknown,Team_Unknown,Action_PreSnap,915.35,469.91,1060.28,749.07,144.92999999999995,279.16,xml_geometry_csv_action
BootPass_6,168,16,16,Position_Unknown,Team_Unknown,Action_PreSnap,578.7,433.67,679.57,616.49,100.87,182.82,xml_geometry_csv_action
BootPass_6,168,17,17,Position_Unknown,Team_Unknown,Action_PreSnap,973.7,729.63,1176.64,1032.77,202.94000000000005,303.14,xml_geometry_csv_action
BootPass_6,168,21,18,Position_Unknown,Team_Unknown,Action_PreSnap,799.45,406.53,907.42,656.95,107.96999999999991,250.42000000000007,xml_geometry_csv_action
BootPass_6,168,2,2,Position_Unknown,Team_Unknown,Action_PreSnap,1345.04,439.16,1445.41,717.67,100.37000000000012,278.50999999999993,xml_geometry_csv_action
BootPass_6,168,27,22,Position_Unknown,Team_Unknown,Action_PreSnap,878.83,405.08,1016.87,655.06,138.03999999999996,249.97999999999996,xml_geometry_csv_action
BootPass_6,168,3,3,Position_Unknown,Team_Unknown,Action_PreSnap,1413.22,497.34,1536.82,772.34,123.59999999999991,275.00000000000006,xml_geometry_csv_action
BootPass_6,168,4,4,Position_Unknown,Team_Unknown,Action_PreSnap,663.61,435.34,814.07,709.31,150.46000000000004,273.96999999999997,xml_geometry_csv_action
BootPass_6,168,5,5,Position_Unknown,Team_Unknown,Action_PreSnap,752.72,442.97,867.46,702.16,114.74000000000001,259.18999999999994,xml_geometry_csv_action
BootPass_6,168,6,6,Position_Unknown,Team_Unknown,Action_PreSnap,479.87,448.05,632.71,696.43,152.84000000000003,248.37999999999994,xml_geometry_csv_action
BootPass_6,168,8,8,Position_Unknown,Team_Unknown,Action_PreSnap,1113.7,26.82,1270.25,240.87,156.54999999999995,214.05,xml_geometry_csv_action
BootPass_6,168,9,9,Position_Unknown,Team_Unknown,Action_PreSnap,281.39,430.02,417.69,671.68,136.3,241.65999999999997,xml_geometry_csv_action
BootPass_6,169,0,0,Position_Unknown,Team_Unknown,Action_PreSnap,1135.72,342.36,1294.45,587.9,158.73000000000002,245.53999999999996,xml_geometry_csv_action
BootPass_6,169,1,1,Position_Unknown,Team_Unknown,Action_PreSnap,1226.1,440.38,1356.59,661.19,130.49,220.81000000000006,xml_geometry_csv_action
BootPass_6,169,10,10,Position_Unknown,Team_Unknown,Action_PreSnap,601.57,532.94,742.8,774.0,141.2299999999999,241.05999999999995,xml_geometry_csv_action
BootPass_6,169,12,12,Position_Unknown,Team_Unknown,Action_PreSnap,1515.64,384.81,1637.95,637.33,122.30999999999995,252.52000000000004,xml_geometry_csv_action
BootPass_6,169,13,13,Position_Unknown,Team_Unknown,Action_PreSnap,912.75,463.51,1055.93,744.35,143.18000000000006,280.84000000000003,xml_geometry_csv_action
BootPass_6,169,16,16,Position_Unknown,Team_Unknown,Action_PreSnap,571.19,432.67,665.7,614.06,94.50999999999999,181.38999999999993,xml_geometry_csv_action
BootPass_6,169,17,17,Position_Unknown,Team_Unknown,Action_PreSnap,982.83,728.28,1185.14,1017.21,202.31000000000006,288.93000000000006,xml_geometry_csv_action
BootPass_6,169,2,2,Position_Unknown,Team_Unknown,Action_PreSnap,1337.27,435.04,1441.84,714.23,104.56999999999994,279.19,xml_geometry_csv_action
BootPass_6,169,27,22,Position_Unknown,Team_Unknown,Action_PreSnap,868.15,404.03,1008.21,660.3,140.06000000000006,256.27,xml_geometry_csv_action
BootPass_6,169,3,3,Position_Unknown,Team_Unknown,Action_PreSnap,1416.8,498.69,1545.67,772.21,128.87000000000012,273.52000000000004,xml_geometry_csv_action
BootPass_6,169,4,4,Position_Unknown,Team_Unknown,Action_PreSnap,658.02,433.15,798.57,692.25,140.55000000000007,259.1,xml_geometry_csv_action
BootPass_6,169,5,5,Position_Unknown,Team_Unknown,Action_PreSnap,743.29,440.05,859.61,700.83,116.32000000000005,260.78000000000003,xml_geometry_csv_action
BootPass_6,169,6,6,Position_Unknown,Team_Unknown,Action_PreSnap,475.29,448.2,623.32,696.39,148.03000000000003,248.19,xml_geometry_csv_action
BootPass_6,169,8,8,Position_Unknown,Team_Unknown,Action_PreSnap,1119.95,22.84,1291.63,234.98,171.68000000000006,212.14,xml_geometry_csv_action
BootPass_6,169,9,9,Position_Unknown,Team_Unknown,Action_PreSnap,276.7,426.8,413.97,669.19,137.27000000000004,242.39000000000004,xml_geometry_csv_action
BootPass_6,170,0,0,Position_Unknown,Team_Unknown,Action_PreSnap,1148.34,332.83,1297.92,582.52,149.58000000000015,249.69,xml_geometry_csv_action
BootPass_6,170,1,1,Position_Unknown,Team_Unknown,Action_PreSnap,1210.99,440.78,1351.99,662.03,141.0,221.25,xml_geometry_csv_action
BootPass_6,170,10,10,Position_Unknown,Team_Unknown,Action_PreSnap,598.86,529.64,739.34,773.76,140.48000000000002,244.12,xml_geometry_csv_action
BootPass_6,170,12,12,Position_Unknown,Team_Unknown,Action_PreSnap,1526.83,383.49,1649.26,645.5,122.43000000000006,262.01,xml_geometry_csv_action
BootPass_6,170,13,13,Position_Unknown,Team_Unknown,Action_PreSnap,908.98,456.74,1053.64,740.87,144.66000000000008,284.13,xml_geometry_csv_action
BootPass_6,170,16,16,Position_Unknown,Team_Unknown,Action_PreSnap,558.44,431.3,659.69,640.24,101.25,208.94,xml_geometry_csv_action
BootPass_6,170,17,17,Position_Unknown,Team_Unknown,Action_PreSnap,992.12,724.86,1198.89,1021.05,206.7700000000001,296.18999999999994,xml_geometry_csv_action
BootPass_6,170,21,18,Position_Unknown,Team_Unknown,Action_PreSnap,784.06,404.12,888.7,647.98,104.6400000000001,243.86,xml_geometry_csv_action
BootPass_6,170,2,2,Position_Unknown,Team_Unknown,Action_PreSnap,1332.81,430.54,1439.94,711.78,107.13000000000011,281.23999999999995,xml_geometry_csv_action
BootPass_6,170,27,22,Position_Unknown,Team_Unknown,Action_PreSnap,860.05,409.31,983.79,661.3,123.74000000000001,251.98999999999995,xml_geometry_csv_action
BootPass_6,170,3,3,Position_Unknown,Team_Unknown,Action_PreSnap,1419.43,498.01,1556.1,771.14,136.66999999999985,273.13,xml_geometry_csv_action
BootPass_6,170,4,4,Position_Unknown,Team_Unknown,Action_PreSnap,644.01,430.07,790.3,686.53,146.28999999999996,256.46,xml_geometry_csv_action
BootPass_6,170,5,5,Position_Unknown,Team_Unknown,Action_PreSnap,730.3,434.71,849.69,700.27,119.3900000000001,265.56,xml_geometry_csv_action
BootPass_6,170,6,6,Position_Unknown,Team_Unknown,Action_PreSnap,468.5,449.01,618.83,708.24,150.33000000000004,259.23,xml_geometry_csv_action
BootPass_6,170,8,8,Position_Unknown,Team_Unknown,Action_PreSnap,1126.37,17.88,1300.63,238.76,174.26000000000022,220.88,xml_geometry_csv_action
BootPass_6,170,9,9,Position_Unknown,Team_Unknown,Action_PreSnap,268.46,420.94,411.68,666.96,143.22000000000003,246.02000000000004,xml_geometry_csv_action
BootPass_6,171,0,0,Position_Unknown,Team_Unknown,Action_PreSnap,1162.3,326.33,1296.93,576.01,134.6300000000001,249.68,xml_geometry_csv_action
BootPass_6,171,1,1,Position_Unknown,Team_Unknown,Action_PreSnap,1195.65,444.06,1343.13,663.49,147.48000000000002,219.43,xml_geometry_csv_action
BootPass_6,171,10,10,Position_Unknown,Team_Unknown,Action_PreSnap,592.08,529.49,731.99,773.73,139.90999999999997,244.24,xml_geometry_csv_action
BootPass_6,171,12,12,Position_Unknown,Team_Unknown,Action_PreSnap,1546.16,382.98,1662.31,646.69,116.14999999999986,263.71000000000004,xml_geometry_csv_action
BootPass_6,171,13,13,Position_Unknown,Team_Unknown,Action_PreSnap,906.89,453.69,1052.36,736.93,145.4699999999999,283.23999999999995,xml_geometry_csv_action
BootPass_6,171,16,16,Position_Unknown,Team_Unknown,Action_PreSnap,545.19,432.19,649.35,658.43,104.15999999999997,226.23999999999995,xml_geometry_csv_action
BootPass_6,171,17,17,Position_Unknown,Team_Unknown,Action_PreSnap,1000.76,724.09,1214.88,1028.17,214.12000000000012,304.08000000000004,xml_geometry_csv_action
BootPass_6,171,21,18,Position_Unknown,Team_Unknown,Action_PreSnap,776.76,404.82,879.91,642.16,103.14999999999998,237.33999999999997,xml_geometry_csv_action
BootPass_6,171,2,2,Position_Unknown,Team_Unknown,Action_PreSnap,1328.38,430.21,1439.83,711.65,111.44999999999982,281.44,xml_geometry_csv_action
BootPass_6,171,27,22,Position_Unknown,Team_Unknown,Action_PreSnap,851.56,411.04,968.97,662.68,117.41000000000008,251.63999999999993,xml_geometry_csv_action
BootPass_6,171,3,3,Position_Unknown,Team_Unknown,Action_PreSnap,1417.72,498.21,1564.47,770.76,146.75,272.55,xml_geometry_csv_action
BootPass_6,171,4,4,Position_Unknown,Team_Unknown,Action_PreSnap,632.17,429.23,782.53,697.89,150.36,268.65999999999997,xml_geometry_csv_action
BootPass_6,171,5,5,Position_Unknown,Team_Unknown,Action_PreSnap,717.75,431.13,835.43,698.35,117.67999999999995,267.22,xml_geometry_csv_action
BootPass_6,171,6,6,Position_Unknown,Team_Unknown,Action_PreSnap,462.07,451.35,611.82,714.72,149.75000000000006,263.37,xml_geometry_csv_action
BootPass_6,171,8,8,Position_Unknown,Team_Unknown,Action_PreSnap,1133.05,14.73,1302.18,233.94,169.1300000000001,219.21,xml_geometry_csv_action
BootPass_6,171,9,9,Position_Unknown,Team_Unknown,Action_PreSnap,258.74,417.24,405.13,665.03,146.39,247.78999999999996,xml_geometry_csv_action
BootPass_6,172,0,0,Position_Unknown,Team_Unknown,Action_PreSnap,1178.21,321.41,1296.25,567.16,118.03999999999996,245.74999999999994,xml_geometry_csv_action
BootPass_6,172,1,1,Position_Unknown,Team_Unknown,Action_PreSnap,1178.05,447.42,1329.96,669.81,151.91000000000008,222.38999999999993,xml_geometry_csv_action
BootPass_6,172,10,10,Position_Unknown,Team_Unknown,Action_PreSnap,583.49,529.51,722.5,773.48,139.01,243.97000000000003,xml_geometry_csv_action
BootPass_6,172,12,12,Position_Unknown,Team_Unknown,Action_PreSnap,1552.41,385.02,1673.99,645.08,121.57999999999993,260.06000000000006,xml_geometry_csv_action
BootPass_6,172,13,13,Position_Unknown,Team_Unknown,Action_PreSnap,904.99,449.24,1039.52,731.55,134.52999999999997,282.30999999999995,xml_geometry_csv_action
BootPass_6,172,16,16,Position_Unknown,Team_Unknown,Action_PreSnap,530.68,434.64,635.6,664.9,104.92000000000007,230.26,xml_geometry_csv_action
BootPass_6,172,17,17,Position_Unknown,Team_Unknown,Action_PreSnap,1016.26,726.47,1227.87,1033.06,211.6099999999999,306.5899999999999,xml_geometry_csv_action
BootPass_6,172,21,18,Position_Unknown,Team_Unknown,Action_PreSnap,769.58,406.79,874.83,646.19,105.25,239.40000000000003,xml_geometry_csv_action
BootPass_6,172,2,2,Position_Unknown,Team_Unknown,Action_PreSnap,1320.94,431.87,1436.93,713.47,115.99000000000001,281.6,xml_geometry_csv_action
BootPass_6,172,27,22,Position_Unknown,Team_Unknown,Action_PreSnap,842.49,410.12,961.4,666.38,118.90999999999997,256.26,xml_geometry_csv_action
BootPass_6,172,3,3,Position_Unknown,Team_Unknown,Action_PreSnap,1412.38,496.75,1567.05,770.98,154.66999999999985,274.23,xml_geometry_csv_action
BootPass_6,172,4,4,Position_Unknown,Team_Unknown,Action_PreSnap,620.16,428.83,760.79,689.32,140.63,260.49000000000007,xml_geometry_csv_action
BootPass_6,172,5,5,Position_Unknown,Team_Unknown,Action_PreSnap,705.73,427.51,822.84,699.9,117.11000000000001,272.39,xml_geometry_csv_action
BootPass_6,172,6,6,Position_Unknown,Team_Unknown,Action_PreSnap,453.63,453.88,605.75,716.5,152.12,262.62,xml_geometry_csv_action
BootPass_6,172,8,8,Position_Unknown,Team_Unknown,Action_PreSnap,1139.75,12.08,1302.55,231.37,162.79999999999995,219.29,xml_geometry_csv_action
BootPass_6,172,9,9,Position_Unknown,Team_Unknown,Action_PreSnap,246.52,415.51,390.48,665.57,143.96,250.06000000000006,xml_geometry_csv_action
BootPass_6,173,0,0,Position_Unknown,Team_Unknown,Action_PreSnap,1183.89,318.04,1292.4,563.01,108.50999999999999,244.96999999999997,xml_geometry_csv_action
BootPass_6,173,1,1,Position_Unknown,Team_Unknown,Action_PreSnap,1163.23,453.34,1315.86,681.17,152.62999999999988,227.82999999999998,xml_geometry_csv_action
BootPass_6,173,10,10,Position_Unknown,Team_Unknown,Action_PreSnap,572.3,531.87,710.24,775.8,137.94000000000005,243.92999999999995,xml_geometry_csv_action
BootPass_6,173,12,12,Position_Unknown,Team_Unknown,Action_PreSnap,1560.29,389.7,1682.31,641.66,122.01999999999998,251.95999999999998,xml_geometry_csv_action
BootPass_6,173,13,13,Position_Unknown,Team_Unknown,Action_PreSnap,892.37,447.92,1029.27,728.98,136.89999999999998,281.06,xml_geometry_csv_action
BootPass_6,173,16,16,Position_Unknown,Team_Unknown,Action_PreSnap,513.92,438.33,618.89,670.59,104.97000000000003,232.26000000000005,xml_geometry_csv_action
BootPass_6,173,17,17,Position_Unknown,Team_Unknown,Action_PreSnap,1036.15,732.72,1236.3,1037.57,200.14999999999986,304.8499999999999,xml_geometry_csv_action
BootPass_6,173,21,18,Position_Unknown,Team_Unknown,Action_PreSnap,758.86,407.64,863.64,642.64,104.77999999999997,235.0,xml_geometry_csv_action
BootPass_6,173,2,2,Position_Unknown,Team_Unknown,Action_PreSnap,1310.38,437.26,1429.35,717.18,118.9699999999998,279.91999999999996,xml_geometry_csv_action
BootPass_6,173,27,22,Position_Unknown,Team_Unknown,Action_PreSnap,831.95,410.83,953.22,670.56,121.26999999999998,259.72999999999996,xml_geometry_csv_action
BootPass_6,173,3,3,Position_Unknown,Team_Unknown,Action_PreSnap,1402.34,496.59,1567.1,774.52,164.76,277.93,xml_geometry_csv_action
BootPass_6,173,4,4,Position_Unknown,Team_Unknown,Action_PreSnap,603.39,430.84,738.22,684.36,134.83000000000004,253.52000000000004,xml_geometry_csv_action
BootPass_6,173,5,5,Position_Unknown,Team_Unknown,Action_PreSnap,691.24,425.49,808.88,702.51,117.63999999999999,277.02,xml_geometry_csv_action
BootPass_6,173,6,6,Position_Unknown,Team_Unknown,Action_PreSnap,440.63,456.48,590.18,719.31,149.54999999999995,262.8299999999999,xml_geometry_csv_action
BootPass_6,173,8,8,Position_Unknown,Team_Unknown,Action_PreSnap,1137.82,11.22,1299.96,232.69,162.1400000000001,221.47,xml_geometry_csv_action
BootPass_6,173,9,9,Position_Unknown,Team_Unknown,Action_PreSnap,229.22,416.23,367.65,666.39,138.42999999999998,250.15999999999997,xml_geometry_csv_action
BootPass_6,174,0,0,Position_Unknown,Team_Unknown,Action_PreSnap,1186.35,315.89,1290.9,529.88,104.55000000000018,213.99,xml_geometry_csv_action
BootPass_6,174,1,1,Position_Unknown,Team_Unknown,Action_PreSnap,1148.1,458.82,1305.65,687.46,157.55000000000018,228.64000000000004,xml_geometry_csv_action
BootPass_6,174,10,10,Position_Unknown,Team_Unknown,Action_PreSnap,561.74,529.83,699.45,776.11,137.71000000000004,246.27999999999997,xml_geometry_csv_action
BootPass_6,174,12,12,Position_Unknown,Team_Unknown,Action_PreSnap,1550.86,392.78,1693.75,640.69,142.8900000000001,247.91000000000008,xml_geometry_csv_action
BootPass_6,174,13,13,Position_Unknown,Team_Unknown,Action_PreSnap,883.83,445.85,1020.98,726.46,137.14999999999998,280.61,xml_geometry_csv_action
BootPass_6,174,16,16,Position_Unknown,Team_Unknown,Action_PreSnap,496.68,440.66,598.19,662.36,101.51000000000005,221.7,xml_geometry_csv_action
BootPass_6,174,17,17,Position_Unknown,Team_Unknown,Action_PreSnap,1059.77,736.5,1243.13,1038.8,183.36000000000013,302.29999999999995,xml_geometry_csv_action
BootPass_6,174,21,18,Position_Unknown,Team_Unknown,Action_PreSnap,750.92,404.82,857.44,643.44,106.5200000000001,238.62000000000006,xml_geometry_csv_action
BootPass_6,174,2,2,Position_Unknown,Team_Unknown,Action_PreSnap,1298.51,437.55,1423.31,719.89,124.79999999999995,282.34,xml_geometry_csv_action
BootPass_6,174,27,22,Position_Unknown,Team_Unknown,Action_PreSnap,819.8,408.95,950.33,672.3,130.5300000000001,263.34999999999997,xml_geometry_csv_action
BootPass_6,174,3,3,Position_Unknown,Team_Unknown,Action_PreSnap,1391.7,494.81,1565.31,776.2,173.6099999999999,281.39000000000004,xml_geometry_csv_action
BootPass_6,174,4,4,Position_Unknown,Team_Unknown,Action_PreSnap,585.46,431.28,716.11,674.9,130.64999999999998,243.62,xml_geometry_csv_action
BootPass_6,174,5,5,Position_Unknown,Team_Unknown,Action_PreSnap,675.69,422.69,793.26,701.6,117.56999999999994,278.91,xml_geometry_csv_action
BootPass_6,174,6,6,Position_Unknown,Team_Unknown,Action_PreSnap,424.33,455.57,579.01,719.88,154.68,264.31,xml_geometry_csv_action
BootPass_6,174,8,8,Position_Unknown,Team_Unknown,Action_PreSnap,1133.09,8.64,1294.92,230.58,161.83000000000015,221.94,xml_geometry_csv_action
BootPass_6,174,9,9,Position_Unknown,Team_Unknown,Action_PreSnap,210.99,416.33,345.6,665.45,134.61,249.12000000000006,xml_geometry_csv_action
BootPass_6,175,0,0,Position_Unknown,Team_Unknown,Action_PreSnap,1182.27,317.18,1286.61,524.03,104.33999999999992,206.84999999999997,xml_geometry_csv_action
BootPass_6,175,1,1,Position_Unknown,Team_Unknown,Action_PreSnap,1134.7,467.21,1291.0,690.9,156.29999999999995,223.69,xml_geometry_csv_action
BootPass_6,175,10,10,Position_Unknown,Team_Unknown,Action_PreSnap,548.71,530.49,688.38,778.65,139.66999999999996,248.15999999999997,xml_geometry_csv_action
BootPass_6,175,12,12,Position_Unknown,Team_Unknown,Action_PreSnap,1560.76,395.01,1703.19,637.09,142.43000000000006,242.08000000000004,xml_geometry_csv_action
BootPass_6,175,13,13,Position_Unknown,Team_Unknown,Action_PreSnap,874.58,446.41,1015.48,726.21,140.89999999999998,279.8,xml_geometry_csv_action
BootPass_6,175,16,16,Position_Unknown,Team_Unknown,Action_PreSnap,475.55,443.93,574.58,666.34,99.03000000000003,222.41000000000003,xml_geometry_csv_action
BootPass_6,175,17,17,Position_Unknown,Team_Unknown,Action_PreSnap,1085.76,741.17,1246.97,1040.13,161.21000000000004,298.96000000000015,xml_geometry_csv_action
BootPass_6,175,21,18,Position_Unknown,Team_Unknown,Action_PreSnap,741.75,403.22,850.89,644.32,109.13999999999999,241.10000000000002,xml_geometry_csv_action
BootPass_6,175,2,2,Position_Unknown,Team_Unknown,Action_PreSnap,1284.71,443.14,1422.98,725.68,138.26999999999998,282.53999999999996,xml_geometry_csv_action
BootPass_6,175,27,22,Position_Unknown,Team_Unknown,Action_PreSnap,802.22,409.13,944.83,673.44,142.61,264.31000000000006,xml_geometry_csv_action
BootPass_6,175,3,3,Position_Unknown,Team_Unknown,Action_PreSnap,1384.28,496.19,1572.55,779.73,188.26999999999998,283.54,xml_geometry_csv_action
BootPass_6,175,4,4,Position_Unknown,Team_Unknown,Action_PreSnap,560.35,434.62,694.44,675.53,134.09000000000003,240.90999999999997,xml_geometry_csv_action
BootPass_6,175,5,5,Position_Unknown,Team_Unknown,Action_PreSnap,659.49,422.36,775.84,697.79,116.35000000000002,275.42999999999995,xml_geometry_csv_action
BootPass_6,175,6,6,Position_Unknown,Team_Unknown,Action_PreSnap,405.69,453.07,563.62,720.74,157.93,267.67,xml_geometry_csv_action
BootPass_6,175,8,8,Position_Unknown,Team_Unknown,Action_PreSnap,1130.65,8.52,1289.35,228.02,158.69999999999982,219.5,xml_geometry_csv_action
BootPass_6,175,9,9,Position_Unknown,Team_Unknown,Action_PreSnap,188.5,419.49,322.83,665.28,134.32999999999998,245.78999999999996,xml_geometry_csv_action
BootPass_6,176,0,0,Position_Unknown,Team_Unknown,Action_PreSnap,1174.93,316.67,1277.27,540.29,102.33999999999992,223.61999999999995,xml_geometry_csv_action
BootPass_6,176,1,1,Position_Unknown,Team_Unknown,Action_PreSnap,1121.16,473.87,1271.28,693.04,150.1199999999999,219.16999999999996,xml_geometry_csv_action
BootPass_6,176,10,10,Position_Unknown,Team_Unknown,Action_PreSnap,533.98,525.78,671.79,777.99,137.80999999999995,252.21000000000004,xml_geometry_csv_action
BootPass_6,176,12,12,Position_Unknown,Team_Unknown,Action_PreSnap,1582.1,395.93,1712.41,633.98,130.31000000000017,238.05,xml_geometry_csv_action
BootPass_6,176,13,13,Position_Unknown,Team_Unknown,Action_PreSnap,861.46,445.04,1008.96,724.28,147.5,279.23999999999995,xml_geometry_csv_action
BootPass_6,176,17,17,Position_Unknown,Team_Unknown,Action_PreSnap,1106.57,738.19,1249.28,1038.14,142.71000000000004,299.95000000000005,xml_geometry_csv_action
BootPass_6,176,21,18,Position_Unknown,Team_Unknown,Action_PreSnap,726.92,398.03,842.83,638.38,115.91000000000008,240.35000000000002,xml_geometry_csv_action
BootPass_6,176,2,2,Position_Unknown,Team_Unknown,Action_PreSnap,1263.81,442.54,1421.39,728.97,157.58000000000015,286.43,xml_geometry_csv_action
BootPass_6,176,27,22,Position_Unknown,Team_Unknown,Action_PreSnap,787.36,406.14,931.9,668.51,144.53999999999996,262.37,xml_geometry_csv_action
BootPass_6,176,3,3,Position_Unknown,Team_Unknown,Action_PreSnap,1379.46,495.49,1573.29,779.82,193.82999999999993,284.33000000000004,xml_geometry_csv_action
BootPass_6,176,4,4,Position_Unknown,Team_Unknown,Action_PreSnap,545.93,434.46,674.27,667.04,128.34000000000003,232.57999999999998,xml_geometry_csv_action
BootPass_6,176,5,5,Position_Unknown,Team_Unknown,Action_PreSnap,641.4,420.88,754.88,687.53,113.48000000000002,266.65,xml_geometry_csv_action
BootPass_6,176,6,6,Position_Unknown,Team_Unknown,Action_PreSnap,385.15,448.17,542.52,718.0,157.37,269.83,xml_geometry_csv_action
BootPass_6,176,8,8,Position_Unknown,Team_Unknown,Action_PreSnap,1131.1,6.42,1285.16,227.86,154.06000000000017,221.44000000000003,xml_geometry_csv_action
BootPass_6,176,9,9,Position_Unknown,Team_Unknown,Action_PreSnap,159.22,421.35,304.16,665.36,144.94000000000003,244.01,xml_geometry_csv_action
BootPass_6,177,0,0,Position_Unknown,Team_Unknown,Action_PreSnap,1164.23,316.57,1267.2,533.83,102.97000000000003,217.26000000000005,xml_geometry_csv_action
BootPass_6,177,1,1,Position_Unknown,Team_Unknown,Action_PreSnap,1104.15,477.48,1248.23,692.68,144.07999999999993,215.19999999999993,xml_geometry_csv_action
BootPass_6,177,10,10,Position_Unknown,Team_Unknown,Action_PreSnap,516.55,522.25,655.05,778.88,138.5,256.63,xml_geometry_csv_action
BootPass_6,177,12,12,Position_Unknown,Team_Unknown,Action_PreSnap,1591.67,397.57,1720.73,632.69,129.05999999999995,235.12000000000006,xml_geometry_csv_action
BootPass_6,177,13,13,Position_Unknown,Team_Unknown,Action_PreSnap,840.48,444.87,993.82,725.11,153.34000000000003,280.24,xml_geometry_csv_action
BootPass_6,177,17,17,Position_Unknown,Team_Unknown,Action_PreSnap,1107.45,737.04,1249.2,1037.06,141.75,300.02,xml_geometry_csv_action
BootPass_6,177,21,18,Position_Unknown,Team_Unknown,Action_PreSnap,712.85,391.2,832.24,636.36,119.38999999999999,245.16000000000003,xml_geometry_csv_action
BootPass_6,177,2,2,Position_Unknown,Team_Unknown,Action_PreSnap,1236.18,445.28,1413.47,730.97,177.28999999999996,285.69000000000005,xml_geometry_csv_action
BootPass_6,177,27,22,Position_Unknown,Team_Unknown,Action_PreSnap,768.78,403.94,918.64,665.34,149.86,261.40000000000003,xml_geometry_csv_action
BootPass_6,177,3,3,Position_Unknown,Team_Unknown,Action_PreSnap,1377.01,496.43,1581.48,781.1,204.47000000000003,284.67,xml_geometry_csv_action
BootPass_6,177,4,4,Position_Unknown,Team_Unknown,Action_PreSnap,518.11,434.12,650.3,666.65,132.18999999999994,232.52999999999997,xml_geometry_csv_action
BootPass_6,177,5,5,Position_Unknown,Team_Unknown,Action_PreSnap,618.25,418.24,733.13,680.23,114.88,261.99,xml_geometry_csv_action
BootPass_6,177,6,6,Position_Unknown,Team_Unknown,Action_PreSnap,360.0,444.77,523.05,716.67,163.04999999999995,271.9,xml_geometry_csv_action
BootPass_6,177,8,8,Position_Unknown,Team_Unknown,Action_PreSnap,1127.45,4.44,1280.11,228.06,152.65999999999985,223.62,xml_geometry_csv_action
BootPass_6,177,9,9,Position_Unknown,Team_Unknown,Action_PreSnap,130.58,422.45,286.97,670.46,156.39000000000001,248.01000000000005,xml_geometry_csv_action
BootPass_6,178,0,0,Position_Unknown,Team_Unknown,Action_PreSnap,1149.9,317.85,1256.15,527.76,106.25,209.90999999999997,xml_geometry_csv_action
BootPass_6,178,1,1,Position_Unknown,Team_Unknown,Action_PreSnap,1080.68,480.82,1216.77,696.27,136.08999999999992,215.45,xml_geometry_csv_action
BootPass_6,178,10,10,Position_Unknown,Team_Unknown,Action_PreSnap,493.73,523.28,633.58,780.17,139.85000000000002,256.89,xml_geometry_csv_action
BootPass_6,178,12,12,Position_Unknown,Team_Unknown,Action_PreSnap,1596.5,401.6,1726.29,634.79,129.78999999999996,233.18999999999994,xml_geometry_csv_action
BootPass_6,178,13,13,Position_Unknown,Team_Unknown,Action_PreSnap,817.56,446.61,967.77,724.69,150.21000000000004,278.08000000000004,xml_geometry_csv_action
BootPass_6,178,17,17,Position_Unknown,Team_Unknown,Action_PreSnap,1102.75,735.76,1254.02,1035.02,151.26999999999998,299.26,xml_geometry_csv_action
BootPass_6,178,21,18,Position_Unknown,Team_Unknown,Action_PreSnap,687.18,384.73,816.64,632.94,129.46000000000004,248.21000000000004,xml_geometry_csv_action
BootPass_6,178,2,2,Position_Unknown,Team_Unknown,Action_PreSnap,1213.57,446.04,1394.96,731.19,181.3900000000001,285.15000000000003,xml_geometry_csv_action
BootPass_6,178,27,22,Position_Unknown,Team_Unknown,Action_PreSnap,754.61,403.87,913.76,651.37,159.14999999999998,247.5,xml_geometry_csv_action
BootPass_6,178,31,23,Position_Unknown,Team_Unknown,Action_PreSnap,1853.78,456.07,1915.08,693.84,61.299999999999955,237.77000000000004,xml_geometry_csv_action
BootPass_6,178,3,3,Position_Unknown,Team_Unknown,Action_PreSnap,1377.61,499.22,1568.75,781.1,191.1400000000001,281.88,xml_geometry_csv_action
BootPass_6,178,4,4,Position_Unknown,Team_Unknown,Action_PreSnap,490.86,434.98,630.26,662.18,139.39999999999998,227.19999999999993,xml_geometry_csv_action
BootPass_6,178,5,5,Position_Unknown,Team_Unknown,Action_PreSnap,591.97,417.55,708.87,671.36,116.89999999999998,253.81,xml_geometry_csv_action
BootPass_6,178,6,6,Position_Unknown,Team_Unknown,Action_PreSnap,332.51,445.68,494.7,708.01,162.19,262.33,xml_geometry_csv_action
BootPass_6,178,8,8,Position_Unknown,Team_Unknown,Action_PreSnap,1134.3,3.55,1276.58,227.05,142.27999999999997,223.5,xml_geometry_csv_action
BootPass_6,178,9,9,Position_Unknown,Team_Unknown,Action_PreSnap,102.08,424.43,266.2,673.46,164.12,249.03000000000003,xml_geometry_csv_action
BootPass_6,179,0,0,Position_Unknown,Team_Unknown,Action_PreSnap,1129.07,316.19,1240.41,523.27,111.34000000000015,207.07999999999998,xml_geometry_csv_action
BootPass_6,179,1,1,Position_Unknown,Team_Unknown,Action_PreSnap,1051.89,481.6,1185.18,701.86,133.28999999999996,220.26,xml_geometry_csv_action
BootPass_6,179,10,10,Position_Unknown,Team_Unknown,Action_PreSnap,469.39,526.0,611.61,783.15,142.22000000000003,257.15,xml_geometry_csv_action
BootPass_6,179,12,12,Position_Unknown,Team_Unknown,Action_PreSnap,1590.26,406.09,1729.49,634.95,139.23000000000002,228.86000000000007,xml_geometry_csv_action
BootPass_6,179,13,13,Position_Unknown,Team_Unknown,Action_PreSnap,792.15,447.88,940.35,723.37,148.20000000000005,275.49,xml_geometry_csv_action
BootPass_6,179,17,17,Position_Unknown,Team_Unknown,Action_PreSnap,1097.06,734.56,1276.24,1037.98,179.18000000000006,303.4200000000001,xml_geometry_csv_action
BootPass_6,179,21,18,Position_Unknown,Team_Unknown,Action_PreSnap,662.91,378.67,800.62,629.96,137.71000000000004,251.29000000000002,xml_geometry_csv_action
BootPass_6,179,2,2,Position_Unknown,Team_Unknown,Action_PreSnap,1178.93,448.99,1366.38,732.36,187.45000000000005,283.37,xml_geometry_csv_action
BootPass_6,179,31,23,Position_Unknown,Team_Unknown,Action_PreSnap,1835.78,463.49,1912.34,696.9,76.55999999999995,233.40999999999997,xml_geometry_csv_action
BootPass_6,179,3,3,Position_Unknown,Team_Unknown,Action_PreSnap,1383.06,501.58,1572.91,780.99,189.85000000000014,279.41,xml_geometry_csv_action
BootPass_6,179,4,4,Position_Unknown,Team_Unknown,Action_PreSnap,461.94,434.42,603.21,661.89,141.27000000000004,227.46999999999997,xml_geometry_csv_action
BootPass_6,179,5,5,Position_Unknown,Team_Unknown,Action_PreSnap,561.99,416.61,683.16,662.7,121.16999999999996,246.09000000000003,xml_geometry_csv_action
BootPass_6,179,6,6,Position_Unknown,Team_Unknown,Action_PreSnap,301.48,449.99,465.58,711.22,164.09999999999997,261.23,xml_geometry_csv_action
BootPass_6,179,8,8,Position_Unknown,Team_Unknown,Action_PreSnap,1130.67,2.05,1268.62,226.41,137.94999999999982,224.35999999999999,xml_geometry_csv_action
BootPass_6,179,9,9,Position_Unknown,Team_Unknown,Action_PreSnap,74.7,426.8,242.35,674.71,167.64999999999998,247.91000000000003,xml_geometry_csv_action
BootPass_6,180,0,0,Position_Unknown,Team_Unknown,Action_PreSnap,1108.98,313.12,1224.05,516.21,115.06999999999994,203.09000000000003,xml_geometry_csv_action
BootPass_6,180,1,1,Position_Unknown,Team_Unknown,Action_PreSnap,1017.49,480.71,1156.41,707.77,138.92000000000007,227.06,xml_geometry_csv_action
BootPass_6,180,10,10,Position_Unknown,Team_Unknown,Action_PreSnap,445.47,528.04,589.45,783.47,143.98000000000002,255.43000000000006,xml_geometry_csv_action
BootPass_6,180,12,12,Position_Unknown,Team_Unknown,Action_PreSnap,1589.33,409.03,1730.21,629.53,140.8800000000001,220.5,xml_geometry_csv_action
BootPass_6,180,13,13,Position_Unknown,Team_Unknown,Action_PreSnap,769.19,448.55,921.9,721.69,152.70999999999992,273.14000000000004,xml_geometry_csv_action
BootPass_6,180,17,17,Position_Unknown,Team_Unknown,Action_PreSnap,1093.93,734.2,1292.11,1041.41,198.17999999999984,307.21000000000004,xml_geometry_csv_action
BootPass_6,180,21,18,Position_Unknown,Team_Unknown,Action_PreSnap,640.89,398.71,785.62,626.92,144.73000000000002,228.20999999999998,xml_geometry_csv_action
BootPass_6,180,2,2,Position_Unknown,Team_Unknown,Action_PreSnap,1145.33,462.62,1329.38,730.27,184.05000000000018,267.65,xml_geometry_csv_action
BootPass_6,180,31,23,Position_Unknown,Team_Unknown,Action_PreSnap,1821.22,473.44,1912.2,701.0,90.98000000000002,227.56,xml_geometry_csv_action
BootPass_6,180,32,24,Position_Unknown,Team_Unknown,Action_PreSnap,786.7,392.98,893.84,492.9,107.13999999999999,99.91999999999996,xml_geometry_csv_action
BootPass_6,180,3,3,Position_Unknown,Team_Unknown,Action_PreSnap,1374.94,501.57,1563.04,778.62,188.0999999999999,277.05,xml_geometry_csv_action
BootPass_6,180,4,4,Position_Unknown,Team_Unknown,Action_PreSnap,433.67,433.51,571.67,672.35,137.99999999999994,238.84000000000003,xml_geometry_csv_action
BootPass_6,180,5,5,Position_Unknown,Team_Unknown,Action_PreSnap,529.88,414.78,655.99,660.97,126.11000000000001,246.19000000000005,xml_geometry_csv_action
BootPass_6,180,6,6,Position_Unknown,Team_Unknown,Action_PreSnap,265.42,453.55,435.97,718.21,170.55,264.66,xml_geometry_csv_action
BootPass_6,180,8,8,Position_Unknown,Team_Unknown,Action_PreSnap,1119.56,0.05,1251.1,223.42,131.53999999999996,223.36999999999998,xml_geometry_csv_action
BootPass_6,180,9,9,Position_Unknown,Team_Unknown,Action_PreSnap,48.87,426.99,216.97,674.34,168.1,247.35000000000002,xml_geometry_csv_action
BootPass_6,181,0,0,Position_Unknown,Team_Unknown,Action_PreSnap,1085.95,309.21,1208.45,514.95,122.5,205.74000000000007,xml_geometry_csv_action
BootPass_6,181,1,1,Position_Unknown,Team_Unknown,Action_PreSnap,982.18,481.54,1127.23,713.92,145.05000000000007,232.37999999999994,xml_geometry_csv_action
BootPass_6,181,10,10,Position_Unknown,Team_Unknown,Action_PreSnap,420.02,529.53,564.39,784.67,144.37,255.14,xml_geometry_csv_action
BootPass_6,181,12,12,Position_Unknown,Team_Unknown,Action_PreSnap,1578.65,412.93,1727.44,629.83,148.78999999999996,216.90000000000003,xml_geometry_csv_action
BootPass_6,181,13,13,Position_Unknown,Team_Unknown,Action_PreSnap,740.03,446.02,898.53,722.24,158.5,276.22,xml_geometry_csv_action
BootPass_6,181,17,17,Position_Unknown,Team_Unknown,Action_PreSnap,1086.97,738.12,1292.33,1046.14,205.3599999999999,308.0200000000001,xml_geometry_csv_action
BootPass_6,181,21,18,Position_Unknown,Team_Unknown,Action_PreSnap,627.09,393.81,766.72,624.11,139.63,230.3,xml_geometry_csv_action
BootPass_6,181,2,2,Position_Unknown,Team_Unknown,Action_PreSnap,1114.09,467.98,1303.37,730.49,189.27999999999997,262.51,xml_geometry_csv_action
BootPass_6,181,31,23,Position_Unknown,Team_Unknown,Action_PreSnap,1807.16,479.78,1912.67,716.21,105.50999999999999,236.43000000000006,xml_geometry_csv_action
BootPass_6,181,32,24,Position_Unknown,Team_Unknown,Action_PreSnap,761.43,392.24,851.63,499.56,90.20000000000005,107.32,xml_geometry_csv_action
BootPass_6,181,33,25,Position_Unknown,Team_Unknown,Action_PreSnap,665.71,365.62,763.62,482.94,97.90999999999997,117.32,xml_geometry_csv_action
BootPass_6,181,3,3,Position_Unknown,Team_Unknown,Action_PreSnap,1360.17,502.1,1548.6,778.48,188.42999999999984,276.38,xml_geometry_csv_action
BootPass_6,181,4,4,Position_Unknown,Team_Unknown,Action_PreSnap,400.11,433.56,530.56,684.32,130.44999999999993,250.76000000000005,xml_geometry_csv_action
BootPass_6,181,5,5,Position_Unknown,Team_Unknown,Action_PreSnap,497.17,414.52,626.49,660.96,129.32,246.44000000000005,xml_geometry_csv_action
BootPass_6,181,6,6,Position_Unknown,Team_Unknown,Action_PreSnap,227.47,457.08,408.28,721.76,180.80999999999997,264.68,xml_geometry_csv_action
BootPass_6,181,8,8,Position_Unknown,Team_Unknown,Action_PreSnap,1106.48,0.0,1238.16,216.62,131.68000000000006,216.62,xml_geometry_csv_action
BootPass_6,181,9,9,Position_Unknown,Team_Unknown,Action_PreSnap,19.85,427.46,190.11,675.83,170.26000000000002,248.37000000000006,xml_geometry_csv_action
BootPass_6,182,0,0,Position_Unknown,Team_Unknown,Action_PreSnap,1067.38,299.25,1194.05,514.92,126.66999999999985,215.66999999999996,xml_geometry_csv_action
BootPass_6,182,1,1,Position_Unknown,Team_Unknown,Action_PreSnap,950.92,480.78,1099.81,715.55,148.89,234.76999999999998,xml_geometry_csv_action
BootPass_6,182,10,10,Position_Unknown,Team_Unknown,Action_PreSnap,398.31,527.2,538.73,783.94,140.42000000000002,256.74,xml_geometry_csv_action
BootPass_6,182,12,12,Position_Unknown,Team_Unknown,Action_PreSnap,1559.73,414.75,1721.9,633.61,162.17000000000007,218.86,xml_geometry_csv_action
BootPass_6,182,13,13,Position_Unknown,Team_Unknown,Action_PreSnap,717.74,443.56,876.27,719.37,158.52999999999997,275.81,xml_geometry_csv_action
BootPass_6,182,17,17,Position_Unknown,Team_Unknown,Action_PreSnap,1094.53,742.03,1289.27,1046.98,194.74,304.95000000000005,xml_geometry_csv_action
BootPass_6,182,21,18,Position_Unknown,Team_Unknown,Action_PreSnap,621.59,393.23,748.78,626.74,127.18999999999994,233.51,xml_geometry_csv_action
BootPass_6,182,2,2,Position_Unknown,Team_Unknown,Action_PreSnap,1081.1,469.39,1280.05,728.98,198.95000000000005,259.59000000000003,xml_geometry_csv_action
BootPass_6,182,31,23,Position_Unknown,Team_Unknown,Action_PreSnap,1791.04,486.6,1913.85,734.81,122.80999999999995,248.20999999999992,xml_geometry_csv_action
BootPass_6,182,32,24,Position_Unknown,Team_Unknown,Action_PreSnap,735.25,392.58,820.73,493.11,85.48000000000002,100.53000000000003,xml_geometry_csv_action
BootPass_6,182,33,25,Position_Unknown,Team_Unknown,Action_PreSnap,646.61,363.24,742.82,480.03,96.21000000000004,116.78999999999996,xml_geometry_csv_action
BootPass_6,182,3,3,Position_Unknown,Team_Unknown,Action_PreSnap,1344.3,499.53,1541.2,776.78,196.9000000000001,277.25,xml_geometry_csv_action
BootPass_6,182,4,4,Position_Unknown,Team_Unknown,Action_PreSnap,369.17,433.55,507.58,692.52,138.40999999999997,258.96999999999997,xml_geometry_csv_action
BootPass_6,182,5,5,Position_Unknown,Team_Unknown,Action_PreSnap,463.26,412.03,599.19,661.46,135.93000000000006,249.43000000000006,xml_geometry_csv_action
BootPass_6,182,6,6,Position_Unknown,Team_Unknown,Action_PreSnap,193.73,459.97,380.1,722.05,186.37000000000003,262.0799999999999,xml_geometry_csv_action
BootPass_6,182,8,8,Position_Unknown,Team_Unknown,Action_PreSnap,1093.33,0.0,1226.18,203.96,132.85000000000014,203.96,xml_geometry_csv_action
BootPass_6,182,9,9,Position_Unknown,Team_Unknown,Action_PreSnap,0.0,425.05,164.13,673.19,164.13,248.14000000000004,xml_geometry_csv_action
BootPass_6,183,0,0,Position_Unknown,Team_Unknown,Action_PreSnap,1050.54,291.58,1175.74,520.56,125.20000000000005,228.97999999999996,xml_geometry_csv_action
BootPass_6,183,1,1,Position_Unknown,Team_Unknown,Action_PreSnap,920.42,484.72,1069.3,718.14,148.88,233.41999999999996,xml_geometry_csv_action
BootPass_6,183,10,10,Position_Unknown,Team_Unknown,Action_PreSnap,373.97,525.85,511.97,784.8,138.0,258.94999999999993,xml_geometry_csv_action
BootPass_6,183,12,12,Position_Unknown,Team_Unknown,Action_PreSnap,1548.9,415.27,1730.44,634.82,181.53999999999996,219.55000000000007,xml_geometry_csv_action
BootPass_6,183,13,13,Position_Unknown,Team_Unknown,Action_PreSnap,690.36,439.7,851.6,717.57,161.24,277.87000000000006,xml_geometry_csv_action
BootPass_6,183,17,17,Position_Unknown,Team_Unknown,Action_PreSnap,1094.33,747.1,1273.31,1049.14,178.98000000000002,302.0400000000001,xml_geometry_csv_action
BootPass_6,183,21,18,Position_Unknown,Team_Unknown,Action_PreSnap,614.82,381.54,730.65,635.29,115.82999999999993,253.74999999999994,xml_geometry_csv_action
BootPass_6,183,2,2,Position_Unknown,Team_Unknown,Action_PreSnap,1048.06,474.84,1256.45,729.48,208.3900000000001,254.64000000000004,xml_geometry_csv_action
BootPass_6,183,31,23,Position_Unknown,Team_Unknown,Action_PreSnap,1773.57,494.36,1914.08,746.54,140.51,252.17999999999995,xml_geometry_csv_action
BootPass_6,183,32,24,Position_Unknown,Team_Unknown,Action_PreSnap,707.8,396.76,783.62,502.74,75.82000000000005,105.98000000000002,xml_geometry_csv_action
BootPass_6,183,33,25,Position_Unknown,Team_Unknown,Action_PreSnap,629.99,365.21,728.98,485.31,98.99000000000001,120.10000000000002,xml_geometry_csv_action
BootPass_6,183,34,26,Position_Unknown,Team_Unknown,Action_PreSnap,152.6,437.91,301.59,628.44,148.98999999999998,190.53000000000003,xml_geometry_csv_action
BootPass_6,183,35,27,Position_Unknown,Team_Unknown,Action_PreSnap,766.69,398.62,834.54,479.88,67.84999999999991,81.25999999999999,xml_geometry_csv_action
BootPass_6,183,3,3,Position_Unknown,Team_Unknown,Action_PreSnap,1329.64,501.17,1522.79,775.45,193.14999999999986,274.28000000000003,xml_geometry_csv_action
BootPass_6,183,4,4,Position_Unknown,Team_Unknown,Action_PreSnap,335.93,434.52,462.89,695.27,126.95999999999998,260.75,xml_geometry_csv_action
BootPass_6,183,5,5,Position_Unknown,Team_Unknown,Action_PreSnap,428.27,409.98,575.7,663.93,147.43000000000006,253.94999999999993,xml_geometry_csv_action
BootPass_6,183,6,6,Position_Unknown,Team_Unknown,Action_PreSnap,161.05,467.0,353.42,722.96,192.37,255.96000000000004,xml_geometry_csv_action
BootPass_6,183,8,8,Position_Unknown,Team_Unknown,Action_PreSnap,1086.87,0.0,1211.26,197.06,124.3900000000001,197.06,xml_geometry_csv_action
BootPass_6,183,9,9,Position_Unknown,Team_Unknown,Action_PreSnap,0.0,422.55,128.89,672.69,128.89,250.14000000000004,xml_geometry_csv_action
BootPass_6,184,0,0,Position_Unknown,Team_Unknown,Action_PreSnap,1029.07,288.44,1150.97,516.81,121.90000000000009,228.36999999999995,xml_geometry_csv_action
BootPass_6,184,1,1,Position_Unknown,Team_Unknown,Action_PreSnap,885.9,487.89,1034.8,719.25,148.89999999999998,231.36,xml_geometry_csv_action
BootPass_6,184,10,10,Position_Unknown,Team_Unknown,Action_PreSnap,345.46,523.58,484.07,785.01,138.61,261.42999999999995,xml_geometry_csv_action
BootPass_6,184,12,12,Position_Unknown,Team_Unknown,Action_PreSnap,1542.98,415.93,1724.63,641.97,181.6500000000001,226.04000000000002,xml_geometry_csv_action
BootPass_6,184,13,13,Position_Unknown,Team_Unknown,Action_PreSnap,667.74,434.14,827.54,715.69,159.79999999999995,281.55000000000007,xml_geometry_csv_action
BootPass_6,184,17,17,Position_Unknown,Team_Unknown,Action_PreSnap,1088.94,751.43,1252.6,1053.16,163.65999999999985,301.73000000000013,xml_geometry_csv_action
BootPass_6,184,21,18,Position_Unknown,Team_Unknown,Action_PreSnap,601.84,377.0,708.18,643.25,106.33999999999992,266.25,xml_geometry_csv_action
BootPass_6,184,2,2,Position_Unknown,Team_Unknown,Action_PreSnap,1019.23,482.68,1230.36,730.97,211.12999999999988,248.29000000000002,xml_geometry_csv_action
BootPass_6,184,31,23,Position_Unknown,Team_Unknown,Action_PreSnap,1748.28,505.18,1913.36,754.76,165.07999999999993,249.57999999999998,xml_geometry_csv_action
BootPass_6,184,34,26,Position_Unknown,Team_Unknown,Action_PreSnap,111.16,428.33,246.48,630.88,135.32,202.55,xml_geometry_csv_action
BootPass_6,184,3,3,Position_Unknown,Team_Unknown,Action_PreSnap,1322.72,504.03,1506.39,777.0,183.67000000000007,272.97,xml_geometry_csv_action
BootPass_6,184,4,4,Position_Unknown,Team_Unknown,Action_PreSnap,290.32,437.32,417.89,699.66,127.57,262.34,xml_geometry_csv_action
BootPass_6,184,5,5,Position_Unknown,Team_Unknown,Action_PreSnap,391.94,408.26,549.66,666.21,157.71999999999997,257.95000000000005,xml_geometry_csv_action
BootPass_6,184,6,6,Position_Unknown,Team_Unknown,Action_PreSnap,129.43,476.01,327.01,727.55,197.57999999999998,251.53999999999996,xml_geometry_csv_action
BootPass_6,184,8,8,Position_Unknown,Team_Unknown,Action_PreSnap,1086.52,0.2,1195.49,195.35,108.97000000000003,195.15,xml_geometry_csv_action
BootPass_6,184,9,9,Position_Unknown,Team_Unknown,Action_PreSnap,0.0,419.73,91.92,660.84,91.92,241.11,xml_geometry_csv_action
BootPass_6,185,0,0,Position_Unknown,Team_Unknown,Action_PreSnap,1010.77,282.15,1131.13,515.34,120.36000000000013,233.19000000000005,xml_geometry_csv_action
BootPass_6,185,1,1,Position_Unknown,Team_Unknown,Action_PreSnap,848.58,487.91,1000.75,720.68,152.16999999999996,232.76999999999992,xml_geometry_csv_action
BootPass_6,185,10,10,Position_Unknown,Team_Unknown,Action_PreSnap,317.36,522.11,455.22,785.63,137.86,263.52,xml_geometry_csv_action
BootPass_6,185,12,12,Position_Unknown,Team_Unknown,Action_PreSnap,1566.08,415.91,1711.64,646.47,145.56000000000017,230.56,xml_geometry_csv_action
BootPass_6,185,13,13,Position_Unknown,Team_Unknown,Action_PreSnap,645.22,427.96,799.18,712.1,153.95999999999992,284.14000000000004,xml_geometry_csv_action
BootPass_6,185,17,17,Position_Unknown,Team_Unknown,Action_PreSnap,1075.09,752.58,1229.0,1059.9,153.91000000000008,307.32000000000005,xml_geometry_csv_action
BootPass_6,185,21,18,Position_Unknown,Team_Unknown,Action_PreSnap,581.79,376.51,689.4,650.12,107.61000000000001,273.61,xml_geometry_csv_action
BootPass_6,185,2,2,Position_Unknown,Team_Unknown,Action_PreSnap,984.82,484.33,1202.08,731.39,217.25999999999988,247.06,xml_geometry_csv_action
BootPass_6,185,27,22,Position_Unknown,Team_Unknown,Action_PreSnap,613.7,385.58,720.65,657.69,106.94999999999993,272.11000000000007,xml_geometry_csv_action
BootPass_6,185,31,23,Position_Unknown,Team_Unknown,Action_PreSnap,1714.68,513.24,1896.49,757.01,181.80999999999995,243.76999999999998,xml_geometry_csv_action
BootPass_6,185,34,26,Position_Unknown,Team_Unknown,Action_PreSnap,66.55,421.57,190.53,635.25,123.98,213.68,xml_geometry_csv_action
BootPass_6,185,35,27,Position_Unknown,Team_Unknown,Action_PreSnap,714.09,387.98,791.71,475.71,77.62,87.72999999999996,xml_geometry_csv_action
BootPass_6,185,3,3,Position_Unknown,Team_Unknown,Action_PreSnap,1326.46,506.2,1492.29,774.18,165.82999999999993,267.97999999999996,xml_geometry_csv_action
BootPass_6,185,4,4,Position_Unknown,Team_Unknown,Action_PreSnap,249.07,438.15,379.74,700.18,130.67000000000002,262.03,xml_geometry_csv_action
BootPass_6,185,5,5,Position_Unknown,Team_Unknown,Action_PreSnap,356.27,405.45,520.61,667.18,164.34000000000003,261.72999999999996,xml_geometry_csv_action
BootPass_6,185,6,6,Position_Unknown,Team_Unknown,Action_PreSnap,99.68,481.27,302.81,730.89,203.13,249.62,xml_geometry_csv_action
BootPass_6,185,8,8,Position_Unknown,Team_Unknown,Action_PreSnap,1073.75,0.0,1182.13,192.56,108.38000000000011,192.56,xml_geometry_csv_action
BootPass_6,185,9,9,Position_Unknown,Team_Unknown,Action_PreSnap,0.0,416.66,52.74,666.47,52.74,249.81,xml_geometry_csv_action
BootPass_6,186,0,0,Position_Unknown,Team_Unknown,Action_PreSnap,990.21,277.72,1105.2,519.29,114.99000000000001,241.56999999999994,xml_geometry_csv_action
BootPass_6,186,1,1,Position_Unknown,Team_Unknown,Action_PreSnap,808.64,489.64,964.49,722.9,155.85000000000002,233.26,xml_geometry_csv_action
BootPass_6,186,10,10,Position_Unknown,Team_Unknown,Action_PreSnap,288.74,521.68,424.67,786.95,135.93,265.2700000000001,xml_geometry_csv_action
BootPass_6,186,12,12,Position_Unknown,Team_Unknown,Action_PreSnap,1569.03,418.23,1698.82,648.89,129.78999999999996,230.65999999999997,xml_geometry_csv_action
BootPass_6,186,13,13,Position_Unknown,Team_Unknown,Action_PreSnap,628.81,425.34,771.68,707.85,142.87,282.51000000000005,xml_geometry_csv_action
BootPass_6,186,17,17,Position_Unknown,Team_Unknown,Action_PreSnap,1061.63,754.79,1218.81,1063.45,157.17999999999984,308.6600000000001,xml_geometry_csv_action
BootPass_6,186,21,18,Position_Unknown,Team_Unknown,Action_PreSnap,555.79,378.5,672.64,652.33,116.85000000000002,273.83000000000004,xml_geometry_csv_action
BootPass_6,186,2,2,Position_Unknown,Team_Unknown,Action_PreSnap,948.65,485.5,1168.75,731.06,220.10000000000002,245.55999999999995,xml_geometry_csv_action
BootPass_6,186,27,22,Position_Unknown,Team_Unknown,Action_PreSnap,582.34,383.18,692.45,660.31,110.11000000000001,277.12999999999994,xml_geometry_csv_action
BootPass_6,186,31,23,Position_Unknown,Team_Unknown,Action_PreSnap,1678.19,522.63,1869.85,756.22,191.65999999999985,233.59000000000003,xml_geometry_csv_action
BootPass_6,186,34,26,Position_Unknown,Team_Unknown,Action_PreSnap,19.73,430.41,136.08,666.41,116.35000000000001,235.99999999999994,xml_geometry_csv_action
BootPass_6,186,35,27,Position_Unknown,Team_Unknown,Action_PreSnap,689.28,383.98,767.72,467.26,78.44000000000005,83.27999999999997,xml_geometry_csv_action
BootPass_6,186,3,3,Position_Unknown,Team_Unknown,Action_PreSnap,1335.62,509.17,1480.62,771.42,145.0,262.24999999999994,xml_geometry_csv_action
BootPass_6,186,4,4,Position_Unknown,Team_Unknown,Action_PreSnap,205.9,439.38,343.59,704.53,137.68999999999997,265.15,xml_geometry_csv_action
BootPass_6,186,5,5,Position_Unknown,Team_Unknown,Action_PreSnap,320.52,403.91,489.59,667.0,169.07,263.09,xml_geometry_csv_action
BootPass_6,186,6,6,Position_Unknown,Team_Unknown,Action_PreSnap,69.1,483.81,276.24,732.34,207.14000000000001,248.53000000000003,xml_geometry_csv_action
BootPass_6,186,8,8,Position_Unknown,Team_Unknown,Action_PreSnap,1053.72,0.0,1167.45,189.21,113.73000000000002,189.21,xml_geometry_csv_action
BootPass_6,187,0,0,Position_Unknown,Team_Unknown,Action_PreSnap,971.36,274.95,1082.78,526.61,111.41999999999996,251.66000000000003,xml_geometry_csv_action
BootPass_6,187,1,1,Position_Unknown,Team_Unknown,Action_PreSnap,767.79,491.79,927.41,728.06,159.62,236.26999999999992,xml_geometry_csv_action
BootPass_6,187,10,10,Position_Unknown,Team_Unknown,Action_PreSnap,264.03,521.31,397.27,793.51,133.24,272.20000000000005,xml_geometry_csv_action
BootPass_6,187,12,12,Position_Unknown,Team_Unknown,Action_PreSnap,1565.66,422.57,1693.58,650.63,127.91999999999985,228.06,xml_geometry_csv_action
BootPass_6,187,13,13,Position_Unknown,Team_Unknown,Action_PreSnap,607.95,422.09,747.15,706.45,139.19999999999993,284.36000000000007,xml_geometry_csv_action
BootPass_6,187,17,17,Position_Unknown,Team_Unknown,Action_PreSnap,1048.41,757.44,1218.31,1067.33,169.89999999999986,309.8899999999999,xml_geometry_csv_action
BootPass_6,187,21,18,Position_Unknown,Team_Unknown,Action_PreSnap,530.87,381.61,659.19,658.2,128.32000000000005,276.59000000000003,xml_geometry_csv_action
BootPass_6,187,2,2,Position_Unknown,Team_Unknown,Action_PreSnap,912.38,489.22,1131.72,730.77,219.34000000000003,241.54999999999995,xml_geometry_csv_action
BootPass_6,187,31,23,Position_Unknown,Team_Unknown,Action_PreSnap,1645.83,533.69,1843.64,763.84,197.81000000000017,230.14999999999998,xml_geometry_csv_action
BootPass_6,187,34,26,Position_Unknown,Team_Unknown,Action_PreSnap,0.0,444.72,90.42,687.33,90.42,242.61,xml_geometry_csv_action
BootPass_6,187,36,28,Position_Unknown,Team_Unknown,Action_PreSnap,1786.72,1015.28,1913.79,1079.33,127.06999999999994,64.04999999999995,xml_geometry_csv_action
BootPass_6,187,3,3,Position_Unknown,Team_Unknown,Action_PreSnap,1331.19,513.21,1474.57,775.36,143.37999999999988,262.15,xml_geometry_csv_action
BootPass_6,187,4,4,Position_Unknown,Team_Unknown,Action_PreSnap,165.99,441.62,314.17,710.91,148.18,269.28999999999996,xml_geometry_csv_action
BootPass_6,187,5,5,Position_Unknown,Team_Unknown,Action_PreSnap,287.93,404.74,454.93,665.11,167.0,260.37,xml_geometry_csv_action
BootPass_6,187,6,6,Position_Unknown,Team_Unknown,Action_PreSnap,39.78,486.45,243.89,733.76,204.10999999999999,247.31,xml_geometry_csv_action
BootPass_6,187,8,8,Position_Unknown,Team_Unknown,Action_PreSnap,1029.07,0.61,1154.37,189.28,125.29999999999995,188.67,xml_geometry_csv_action
BootPass_6,188,0,0,Position_Unknown,Team_Unknown,Action_PreSnap,949.27,272.46,1060.07,528.34,110.79999999999995,255.88000000000005,xml_geometry_csv_action
BootPass_6,188,1,1,Position_Unknown,Team_Unknown,Action_PreSnap,725.3,491.27,897.71,738.02,172.41000000000008,246.75,xml_geometry_csv_action
BootPass_6,188,10,10,Position_Unknown,Team_Unknown,Action_PreSnap,237.53,524.86,374.27,798.61,136.73999999999998,273.75,xml_geometry_csv_action
BootPass_6,188,12,12,Position_Unknown,Team_Unknown,Action_PreSnap,1552.37,425.41,1687.8,649.45,135.43000000000006,224.04000000000002,xml_geometry_csv_action
BootPass_6,188,13,13,Position_Unknown,Team_Unknown,Action_PreSnap,593.63,419.53,730.26,702.91,136.63,283.38,xml_geometry_csv_action
BootPass_6,188,17,17,Position_Unknown,Team_Unknown,Action_PreSnap,1034.39,759.47,1212.44,1068.19,178.04999999999995,308.72,xml_geometry_csv_action
BootPass_6,188,21,18,Position_Unknown,Team_Unknown,Action_PreSnap,505.04,383.72,645.19,656.74,140.15000000000003,273.02,xml_geometry_csv_action
BootPass_6,188,2,2,Position_Unknown,Team_Unknown,Action_PreSnap,880.99,492.19,1084.89,725.44,203.9000000000001,233.25000000000006,xml_geometry_csv_action
BootPass_6,188,31,23,Position_Unknown,Team_Unknown,Action_PreSnap,1645.94,546.94,1817.21,777.18,171.26999999999998,230.2399999999999,xml_geometry_csv_action
BootPass_6,188,34,26,Position_Unknown,Team_Unknown,Action_PreSnap,0.0,458.06,55.05,711.91,55.05,253.84999999999997,xml_geometry_csv_action
BootPass_6,188,35,27,Position_Unknown,Team_Unknown,Action_PreSnap,658.69,384.64,759.83,510.21,101.13999999999999,125.57,xml_geometry_csv_action
BootPass_6,188,3,3,Position_Unknown,Team_Unknown,Action_PreSnap,1315.13,517.3,1469.88,778.99,154.75,261.69000000000005,xml_geometry_csv_action
BootPass_6,188,4,4,Position_Unknown,Team_Unknown,Action_PreSnap,127.56,444.15,285.86,712.07,158.3,267.9200000000001,xml_geometry_csv_action
BootPass_6,188,5,5,Position_Unknown,Team_Unknown,Action_PreSnap,255.36,405.12,408.81,667.52,153.45,262.4,xml_geometry_csv_action
BootPass_6,188,6,6,Position_Unknown,Team_Unknown,Action_PreSnap,12.48,487.55,213.04,733.66,200.56,246.10999999999996,xml_geometry_csv_action
BootPass_6,188,8,8,Position_Unknown,Team_Unknown,Action_PreSnap,1009.64,0.09,1150.65,184.8,141.0100000000001,184.71,xml_geometry_csv_action
BootPass_6,189,0,0,Position_Unknown,Team_Unknown,Action_PreSnap,933.71,272.38,1041.88,528.92,108.17000000000007,256.53999999999996,xml_geometry_csv_action
BootPass_6,189,1,1,Position_Unknown,Team_Unknown,Action_PreSnap,686.62,495.14,869.75,754.61,183.13,259.47,xml_geometry_csv_action
BootPass_6,189,10,10,Position_Unknown,Team_Unknown,Action_PreSnap,214.98,531.97,353.25,801.11,138.27,269.14,xml_geometry_csv_action
BootPass_6,189,12,12,Position_Unknown,Team_Unknown,Action_PreSnap,1536.88,428.88,1684.72,650.64,147.83999999999992,221.76,xml_geometry_csv_action
BootPass_6,189,13,13,Position_Unknown,Team_Unknown,Action_PreSnap,582.58,419.19,708.87,699.63,126.28999999999996,280.44,xml_geometry_csv_action
BootPass_6,189,17,17,Position_Unknown,Team_Unknown,Action_PreSnap,1022.15,764.16,1199.92,1071.7,177.7700000000001,307.5400000000001,xml_geometry_csv_action
BootPass_6,189,21,18,Position_Unknown,Team_Unknown,Action_PreSnap,484.98,386.13,630.38,662.69,145.39999999999998,276.56000000000006,xml_geometry_csv_action
BootPass_6,189,2,2,Position_Unknown,Team_Unknown,Action_PreSnap,849.69,496.05,1029.22,725.88,179.52999999999997,229.82999999999998,xml_geometry_csv_action
BootPass_6,189,31,23,Position_Unknown,Team_Unknown,Action_PreSnap,1618.92,556.9,1791.33,792.77,172.40999999999985,235.87,xml_geometry_csv_action
BootPass_6,189,35,27,Position_Unknown,Team_Unknown,Action_PreSnap,649.22,388.19,745.25,515.77,96.02999999999997,127.57999999999998,xml_geometry_csv_action
BootPass_6,189,3,3,Position_Unknown,Team_Unknown,Action_PreSnap,1298.04,522.97,1464.95,780.71,166.91000000000008,257.74,xml_geometry_csv_action
BootPass_6,189,4,4,Position_Unknown,Team_Unknown,Action_PreSnap,99.66,448.58,258.34,715.14,158.67999999999998,266.56,xml_geometry_csv_action
BootPass_6,189,5,5,Position_Unknown,Team_Unknown,Action_PreSnap,226.16,408.27,371.72,664.59,145.56000000000003,256.32000000000005,xml_geometry_csv_action
BootPass_6,189,6,6,Position_Unknown,Team_Unknown,Action_PreSnap,0.0,488.69,175.95,736.13,175.95,247.44,xml_geometry_csv_action
BootPass_6,189,8,8,Position_Unknown,Team_Unknown,Action_PreSnap,998.91,0.45,1154.42,172.46,155.5100000000001,172.01000000000002,xml_geometry_csv_action
BootPass_6,190,0,0,Position_Unknown,Team_Unknown,Action_PreSnap,918.77,275.07,1025.02,526.62,106.25,251.55,xml_geometry_csv_action
BootPass_6,190,1,1,Position_Unknown,Team_Unknown,Action_PreSnap,658.16,502.22,845.57,766.04,187.41000000000008,263.81999999999994,xml_geometry_csv_action
BootPass_6,190,10,10,Position_Unknown,Team_Unknown,Action_PreSnap,199.75,538.26,332.22,802.79,132.47000000000003,264.53,xml_geometry_csv_action
BootPass_6,190,12,12,Position_Unknown,Team_Unknown,Action_PreSnap,1523.36,432.48,1680.95,652.81,157.59000000000015,220.32999999999993,xml_geometry_csv_action
BootPass_6,190,13,13,Position_Unknown,Team_Unknown,Action_PreSnap,574.92,424.08,692.97,696.8,118.05000000000007,272.71999999999997,xml_geometry_csv_action
BootPass_6,190,17,17,Position_Unknown,Team_Unknown,Action_PreSnap,1010.92,770.55,1186.38,1073.73,175.46000000000015,303.18000000000006,xml_geometry_csv_action
BootPass_6,190,21,18,Position_Unknown,Team_Unknown,Action_PreSnap,472.27,387.79,618.91,658.07,146.64,270.28000000000003,xml_geometry_csv_action
BootPass_6,190,2,2,Position_Unknown,Team_Unknown,Action_PreSnap,824.77,500.49,976.65,728.94,151.88,228.45000000000005,xml_geometry_csv_action
BootPass_6,190,31,23,Position_Unknown,Team_Unknown,Action_PreSnap,1589.07,571.04,1772.01,809.79,182.94000000000005,238.75,xml_geometry_csv_action
BootPass_6,190,35,27,Position_Unknown,Team_Unknown,Action_PreSnap,639.85,395.0,774.15,520.24,134.29999999999995,125.24000000000001,xml_geometry_csv_action
BootPass_6,190,36,28,Position_Unknown,Team_Unknown,Action_PreSnap,1696.79,1016.02,1864.47,1079.26,167.68000000000006,63.24000000000001,xml_geometry_csv_action
BootPass_6,190,3,3,Position_Unknown,Team_Unknown,Action_PreSnap,1285.48,529.29,1457.51,777.95,172.02999999999997,248.66000000000008,xml_geometry_csv_action
BootPass_6,190,4,4,Position_Unknown,Team_Unknown,Action_PreSnap,78.47,455.3,237.86,719.9,159.39000000000001,264.59999999999997,xml_geometry_csv_action
BootPass_6,190,5,5,Position_Unknown,Team_Unknown,Action_PreSnap,200.16,414.19,347.24,676.59,147.08,262.40000000000003,xml_geometry_csv_action
BootPass_6,190,6,6,Position_Unknown,Team_Unknown,Action_PreSnap,0.0,490.31,149.06,736.56,149.06,246.24999999999994,xml_geometry_csv_action
BootPass_6,190,8,8,Position_Unknown,Team_Unknown,Action_PreSnap,997.09,0.71,1148.13,170.03,151.04000000000008,169.32,xml_geometry_csv_action
BootPass_6,191,0,0,Position_Unknown,Team_Unknown,Action_PreSnap,905.81,277.78,1011.72,528.38,105.91000000000008,250.60000000000002,xml_geometry_csv_action
BootPass_6,191,1,1,Position_Unknown,Team_Unknown,Action_PreSnap,636.08,510.14,823.62,772.32,187.53999999999996,262.18000000000006,xml_geometry_csv_action
BootPass_6,191,10,10,Position_Unknown,Team_Unknown,Action_PreSnap,188.89,540.8,320.94,803.17,132.05,262.37,xml_geometry_csv_action
BootPass_6,191,12,12,Position_Unknown,Team_Unknown,Action_PreSnap,1520.37,434.01,1679.99,644.33,159.62000000000012,210.32000000000005,xml_geometry_csv_action
BootPass_6,191,13,13,Position_Unknown,Team_Unknown,Action_PreSnap,569.38,426.8,680.71,693.16,111.33000000000004,266.35999999999996,xml_geometry_csv_action
BootPass_6,191,17,17,Position_Unknown,Team_Unknown,Action_PreSnap,1000.45,772.99,1170.9,1072.38,170.45000000000005,299.3900000000001,xml_geometry_csv_action
BootPass_6,191,21,18,Position_Unknown,Team_Unknown,Action_PreSnap,467.33,389.28,605.88,650.08,138.55,260.80000000000007,xml_geometry_csv_action
BootPass_6,191,2,2,Position_Unknown,Team_Unknown,Action_PreSnap,798.21,505.83,936.03,736.34,137.81999999999994,230.51000000000005,xml_geometry_csv_action
BootPass_6,191,31,23,Position_Unknown,Team_Unknown,Action_PreSnap,1574.34,582.47,1755.7,818.47,181.36000000000013,236.0,xml_geometry_csv_action
BootPass_6,191,35,27,Position_Unknown,Team_Unknown,Action_PreSnap,633.69,401.64,788.11,525.24,154.41999999999996,123.60000000000002,xml_geometry_csv_action
BootPass_6,191,3,3,Position_Unknown,Team_Unknown,Action_PreSnap,1275.88,533.88,1459.41,776.17,183.52999999999997,242.28999999999996,xml_geometry_csv_action
BootPass_6,191,4,4,Position_Unknown,Team_Unknown,Action_PreSnap,61.14,460.15,217.55,726.79,156.41000000000003,266.64,xml_geometry_csv_action
BootPass_6,191,5,5,Position_Unknown,Team_Unknown,Action_PreSnap,177.12,417.88,332.59,680.64,155.46999999999997,262.76,xml_geometry_csv_action
BootPass_6,191,6,6,Position_Unknown,Team_Unknown,Action_PreSnap,0.0,487.34,115.54,734.12,115.54,246.78000000000003,xml_geometry_csv_action
BootPass_6,191,8,8,Position_Unknown,Team_Unknown,Action_PreSnap,999.98,0.37,1135.59,173.99,135.6099999999999,173.62,xml_geometry_csv_action
BootPass_6,192,0,0,Position_Unknown,Team_Unknown,Action_PreSnap,894.71,283.46,1003.35,530.21,108.63999999999999,246.75000000000006,xml_geometry_csv_action
BootPass_6,192,1,1,Position_Unknown,Team_Unknown,Action_PreSnap,617.9,521.57,806.13,774.22,188.23000000000002,252.64999999999998,xml_geometry_csv_action
BootPass_6,192,10,10,Position_Unknown,Team_Unknown,Action_PreSnap,180.32,543.67,316.01,804.85,135.69,261.18000000000006,xml_geometry_csv_action
BootPass_6,192,12,12,Position_Unknown,Team_Unknown,Action_PreSnap,1529.43,438.0,1681.25,646.18,151.81999999999994,208.17999999999995,xml_geometry_csv_action
BootPass_6,192,13,13,Position_Unknown,Team_Unknown,Action_PreSnap,560.63,430.95,673.94,694.45,113.31000000000006,263.50000000000006,xml_geometry_csv_action
BootPass_6,192,17,17,Position_Unknown,Team_Unknown,Action_PreSnap,991.3,774.06,1156.7,1070.97,165.4000000000001,296.9100000000001,xml_geometry_csv_action
BootPass_6,192,21,18,Position_Unknown,Team_Unknown,Action_PreSnap,461.71,393.26,600.71,648.69,139.00000000000006,255.43000000000006,xml_geometry_csv_action
BootPass_6,192,2,2,Position_Unknown,Team_Unknown,Action_PreSnap,776.86,510.71,907.85,742.66,130.99,231.95,xml_geometry_csv_action
BootPass_6,192,31,23,Position_Unknown,Team_Unknown,Action_PreSnap,1560.39,598.44,1739.62,822.37,179.2299999999998,223.92999999999995,xml_geometry_csv_action
BootPass_6,192,35,27,Position_Unknown,Team_Unknown,Action_PreSnap,629.16,408.61,791.79,526.48,162.63,117.87,xml_geometry_csv_action
BootPass_6,192,3,3,Position_Unknown,Team_Unknown,Action_PreSnap,1277.27,540.23,1464.23,781.67,186.96000000000004,241.43999999999994,xml_geometry_csv_action
BootPass_6,192,4,4,Position_Unknown,Team_Unknown,Action_PreSnap,49.56,466.59,202.99,738.1,153.43,271.51000000000005,xml_geometry_csv_action
BootPass_6,192,5,5,Position_Unknown,Team_Unknown,Action_PreSnap,157.24,423.16,322.85,682.34,165.61,259.18,xml_geometry_csv_action
BootPass_6,192,6,6,Position_Unknown,Team_Unknown,Action_PreSnap,0.0,494.04,88.08,727.62,88.08,233.57999999999998,xml_geometry_csv_action
BootPass_6,192,8,8,Position_Unknown,Team_Unknown,Action_PreSnap,1009.59,0.69,1125.28,178.6,115.68999999999994,177.91,xml_geometry_csv_action
BootPass_6,193,0,0,Position_Unknown,Team_Unknown,Action_PreSnap,887.87,287.14,999.5,529.8,111.63,242.65999999999997,xml_geometry_csv_action
BootPass_6,193,1,1,Position_Unknown,Team_Unknown,Action_PreSnap,606.19,532.22,788.75,774.61,182.55999999999995,242.39,xml_geometry_csv_action
BootPass_6,193,10,10,Position_Unknown,Team_Unknown,Action_PreSnap,177.54,542.99,314.83,805.06,137.29,262.06999999999994,xml_geometry_csv_action
BootPass_6,193,12,12,Position_Unknown,Team_Unknown,Action_PreSnap,1557.78,441.67,1690.55,673.69,132.76999999999998,232.02000000000004,xml_geometry_csv_action
BootPass_6,193,13,13,Position_Unknown,Team_Unknown,Action_PreSnap,554.41,433.48,669.24,696.23,114.83000000000004,262.75,xml_geometry_csv_action
BootPass_6,193,17,17,Position_Unknown,Team_Unknown,Action_PreSnap,987.11,770.41,1145.56,1067.36,158.44999999999993,296.94999999999993,xml_geometry_csv_action
BootPass_6,193,21,18,Position_Unknown,Team_Unknown,Action_PreSnap,467.61,395.67,595.23,653.78,127.62,258.10999999999996,xml_geometry_csv_action
BootPass_6,193,2,2,Position_Unknown,Team_Unknown,Action_PreSnap,762.28,514.28,888.06,746.46,125.77999999999997,232.18000000000006,xml_geometry_csv_action
BootPass_6,193,31,23,Position_Unknown,Team_Unknown,Action_PreSnap,1548.23,611.18,1725.21,821.15,176.98000000000002,209.97000000000003,xml_geometry_csv_action
BootPass_6,193,35,27,Position_Unknown,Team_Unknown,Action_PreSnap,629.68,412.57,791.04,561.32,161.36,148.75000000000006,xml_geometry_csv_action
BootPass_6,193,3,3,Position_Unknown,Team_Unknown,Action_PreSnap,1294.61,545.38,1471.69,783.86,177.08000000000015,238.48000000000002,xml_geometry_csv_action
BootPass_6,193,4,4,Position_Unknown,Team_Unknown,Action_PreSnap,50.88,471.63,188.69,743.36,137.81,271.73,xml_geometry_csv_action
BootPass_6,193,5,5,Position_Unknown,Team_Unknown,Action_PreSnap,143.18,425.43,304.87,673.15,161.69,247.71999999999997,xml_geometry_csv_action
BootPass_6,193,6,6,Position_Unknown,Team_Unknown,Action_PreSnap,0.0,500.52,71.61,722.46,71.61,221.94000000000005,xml_geometry_csv_action
BootPass_6,193,8,8,Position_Unknown,Team_Unknown,Action_PreSnap,1017.36,0.2,1119.38,181.36,102.0200000000001,181.16000000000003,xml_geometry_csv_action
BootPass_6,194,0,0,Position_Unknown,Team_Unknown,Action_PreSnap,882.88,292.51,997.06,532.83,114.17999999999995,240.32000000000005,xml_geometry_csv_action
BootPass_6,194,1,1,Position_Unknown,Team_Unknown,Action_PreSnap,600.15,543.71,777.68,777.66,177.52999999999997,233.94999999999993,xml_geometry_csv_action
BootPass_6,194,10,10,Position_Unknown,Team_Unknown,Action_PreSnap,178.06,542.48,316.41,805.12,138.35000000000002,262.64,xml_geometry_csv_action
BootPass_6,194,12,12,Position_Unknown,Team_Unknown,Action_PreSnap,1573.98,447.52,1700.44,682.51,126.46000000000004,234.99,xml_geometry_csv_action
BootPass_6,194,13,13,Position_Unknown,Team_Unknown,Action_PreSnap,549.62,438.12,666.2,697.97,116.58000000000004,259.85,xml_geometry_csv_action
BootPass_6,194,17,17,Position_Unknown,Team_Unknown,Action_PreSnap,985.39,767.06,1135.33,1064.61,149.93999999999994,297.54999999999995,xml_geometry_csv_action
BootPass_6,194,21,18,Position_Unknown,Team_Unknown,Action_PreSnap,475.86,399.5,592.83,659.38,116.97000000000003,259.88,xml_geometry_csv_action
BootPass_6,194,2,2,Position_Unknown,Team_Unknown,Action_PreSnap,753.51,522.08,871.26,753.26,117.75,231.17999999999995,xml_geometry_csv_action
BootPass_6,194,31,23,Position_Unknown,Team_Unknown,Action_PreSnap,1534.49,615.22,1707.81,823.45,173.31999999999994,208.23000000000002,xml_geometry_csv_action
BootPass_6,194,35,27,Position_Unknown,Team_Unknown,Action_PreSnap,631.91,417.55,788.54,584.27,156.63,166.71999999999997,xml_geometry_csv_action
BootPass_6,194,38,29,Position_Unknown,Team_Unknown,Action_PreSnap,574.76,396.99,638.74,477.18,63.98000000000002,80.19,xml_geometry_csv_action
BootPass_6,194,3,3,Position_Unknown,Team_Unknown,Action_PreSnap,1319.87,553.41,1473.74,785.88,153.87000000000012,232.47000000000003,xml_geometry_csv_action
BootPass_6,194,4,4,Position_Unknown,Team_Unknown,Action_PreSnap,47.13,476.09,177.48,748.07,130.35,271.9800000000001,xml_geometry_csv_action
BootPass_6,194,5,5,Position_Unknown,Team_Unknown,Action_PreSnap,129.13,428.09,257.85,668.68,128.72000000000003,240.58999999999997,xml_geometry_csv_action
BootPass_6,194,6,6,Position_Unknown,Team_Unknown,Action_PreSnap,0.0,515.47,64.77,724.6,64.77,209.13,xml_geometry_csv_action
BootPass_6,194,8,8,Position_Unknown,Team_Unknown,Action_PreSnap,1021.38,0.56,1115.8,183.98,94.41999999999996,183.42,xml_geometry_csv_action
BootPass_6,195,0,0,Position_Unknown,Team_Unknown,Action_PreSnap,878.07,294.93,994.63,532.86,116.55999999999995,237.93,xml_geometry_csv_action
BootPass_6,195,1,1,Position_Unknown,Team_Unknown,Action_PreSnap,595.76,550.07,771.4,780.57,175.64,230.5,xml_geometry_csv_action
BootPass_6,195,10,10,Position_Unknown,Team_Unknown,Action_PreSnap,180.56,539.38,320.75,802.08,140.19,262.70000000000005,xml_geometry_csv_action
BootPass_6,195,12,12,Position_Unknown,Team_Unknown,Action_PreSnap,1584.34,451.97,1715.31,680.48,130.97000000000003,228.51,xml_geometry_csv_action
BootPass_6,195,13,13,Position_Unknown,Team_Unknown,Action_PreSnap,544.44,440.99,661.87,695.8,117.42999999999995,254.80999999999995,xml_geometry_csv_action
BootPass_6,195,17,17,Position_Unknown,Team_Unknown,Action_PreSnap,983.53,759.99,1126.88,1056.71,143.35000000000014,296.72,xml_geometry_csv_action
BootPass_6,195,21,18,Position_Unknown,Team_Unknown,Action_PreSnap,475.46,401.38,591.81,659.64,116.34999999999997,258.26,xml_geometry_csv_action
BootPass_6,195,2,2,Position_Unknown,Team_Unknown,Action_PreSnap,745.03,527.28,856.51,754.34,111.48000000000002,227.06000000000006,xml_geometry_csv_action
BootPass_6,195,31,23,Position_Unknown,Team_Unknown,Action_PreSnap,1517.3,618.8,1691.55,839.91,174.25,221.11,xml_geometry_csv_action
BootPass_6,195,35,27,Position_Unknown,Team_Unknown,Action_PreSnap,634.08,420.59,785.18,592.74,151.0999999999999,172.15000000000003,xml_geometry_csv_action
BootPass_6,195,38,29,Position_Unknown,Team_Unknown,Action_PreSnap,576.04,395.61,645.43,479.17,69.38999999999999,83.56,xml_geometry_csv_action
BootPass_6,195,3,3,Position_Unknown,Team_Unknown,Action_PreSnap,1339.87,560.8,1500.32,784.62,160.45000000000005,223.82000000000005,xml_geometry_csv_action
BootPass_6,195,4,4,Position_Unknown,Team_Unknown,Action_PreSnap,43.29,477.84,168.19,747.48,124.9,269.64000000000004,xml_geometry_csv_action
BootPass_6,195,5,5,Position_Unknown,Team_Unknown,Action_PreSnap,116.12,426.8,234.29,671.81,118.16999999999999,245.00999999999993,xml_geometry_csv_action
BootPass_6,195,6,6,Position_Unknown,Team_Unknown,Action_PreSnap,0.0,535.64,56.95,753.11,56.95,217.47000000000003,xml_geometry_csv_action
BootPass_6,195,8,8,Position_Unknown,Team_Unknown,Action_PreSnap,1023.43,0.0,1116.26,183.12,92.83000000000004,183.12,xml_geometry_csv_action
BootPass_6,196,0,0,Position_Unknown,Team_Unknown,Action_PreSnap,874.67,297.68,992.21,533.35,117.54000000000008,235.67000000000002,xml_geometry_csv_action
BootPass_6,196,1,1,Position_Unknown,Team_Unknown,Action_PreSnap,591.69,556.5,767.74,786.57,176.04999999999995,230.07000000000005,xml_geometry_csv_action
BootPass_6,196,10,10,Position_Unknown,Team_Unknown,Action_PreSnap,185.22,539.77,325.91,801.37,140.69000000000003,261.6,xml_geometry_csv_action
BootPass_6,196,12,12,Position_Unknown,Team_Unknown,Action_PreSnap,1589.64,457.35,1725.44,688.09,135.79999999999995,230.74,xml_geometry_csv_action
BootPass_6,196,13,13,Position_Unknown,Team_Unknown,Action_PreSnap,541.68,444.44,658.61,696.09,116.93000000000006,251.65000000000003,xml_geometry_csv_action
BootPass_6,196,17,17,Position_Unknown,Team_Unknown,Action_PreSnap,978.63,755.81,1115.89,1048.5,137.2600000000001,292.69000000000005,xml_geometry_csv_action
BootPass_6,196,21,18,Position_Unknown,Team_Unknown,Action_PreSnap,469.92,404.79,591.31,662.29,121.38999999999993,257.49999999999994,xml_geometry_csv_action
BootPass_6,196,2,2,Position_Unknown,Team_Unknown,Action_PreSnap,736.78,533.88,842.56,755.73,105.77999999999997,221.85000000000002,xml_geometry_csv_action
BootPass_6,196,31,23,Position_Unknown,Team_Unknown,Action_PreSnap,1497.76,624.78,1673.51,849.07,175.75,224.29000000000008,xml_geometry_csv_action
BootPass_6,196,35,27,Position_Unknown,Team_Unknown,Action_PreSnap,639.1,423.54,778.57,597.88,139.47000000000003,174.33999999999997,xml_geometry_csv_action
BootPass_6,196,36,28,Position_Unknown,Team_Unknown,Action_PreSnap,1622.57,1006.24,1780.82,1079.12,158.25,72.87999999999988,xml_geometry_csv_action
BootPass_6,196,38,29,Position_Unknown,Team_Unknown,Action_PreSnap,578.43,394.11,653.61,481.33,75.18000000000006,87.21999999999997,xml_geometry_csv_action
BootPass_6,196,3,3,Position_Unknown,Team_Unknown,Action_PreSnap,1351.96,569.0,1500.04,783.71,148.07999999999993,214.71000000000004,xml_geometry_csv_action
BootPass_6,196,4,4,Position_Unknown,Team_Unknown,Action_PreSnap,36.21,480.25,160.65,747.3,124.44,267.04999999999995,xml_geometry_csv_action
BootPass_6,196,5,5,Position_Unknown,Team_Unknown,Action_PreSnap,104.38,428.19,223.14,674.17,118.75999999999999,245.97999999999996,xml_geometry_csv_action
BootPass_6,196,6,6,Position_Unknown,Team_Unknown,Action_PreSnap,0.14,542.21,48.79,763.72,48.65,221.51,xml_geometry_csv_action
BootPass_6,196,8,8,Position_Unknown,Team_Unknown,Action_PreSnap,1028.56,0.0,1122.56,179.37,94.0,179.37,xml_geometry_csv_action
BootPass_6,197,0,0,Position_Unknown,Team_Unknown,Action_PreSnap,871.89,297.1,988.53,530.95,116.63999999999999,233.85000000000002,xml_geometry_csv_action
BootPass_6,197,1,1,Position_Unknown,Team_Unknown,Action_PreSnap,588.65,563.17,764.15,789.09,175.5,225.92000000000007,xml_geometry_csv_action
BootPass_6,197,10,10,Position_Unknown,Team_Unknown,Action_PreSnap,192.62,539.76,330.76,797.87,138.14,258.11,xml_geometry_csv_action
BootPass_6,197,12,12,Position_Unknown,Team_Unknown,Action_PreSnap,1591.19,460.97,1732.76,696.27,141.56999999999994,235.29999999999995,xml_geometry_csv_action
BootPass_6,197,13,13,Position_Unknown,Team_Unknown,Action_PreSnap,540.92,443.8,658.31,694.09,117.38999999999999,250.29000000000002,xml_geometry_csv_action
BootPass_6,197,17,17,Position_Unknown,Team_Unknown,Action_PreSnap,973.7,751.62,1103.3,1037.35,129.5999999999999,285.7299999999999,xml_geometry_csv_action
BootPass_6,197,21,18,Position_Unknown,Team_Unknown,Action_PreSnap,463.36,407.73,588.68,663.14,125.31999999999994,255.40999999999997,xml_geometry_csv_action
BootPass_6,197,2,2,Position_Unknown,Team_Unknown,Action_PreSnap,725.09,538.56,831.17,754.35,106.07999999999993,215.79000000000008,xml_geometry_csv_action
BootPass_6,197,31,23,Position_Unknown,Team_Unknown,Action_PreSnap,1481.74,630.09,1654.59,863.68,172.8499999999999,233.58999999999992,xml_geometry_csv_action
BootPass_6,197,35,27,Position_Unknown,Team_Unknown,Action_PreSnap,644.97,425.66,769.29,599.68,124.31999999999994,174.01999999999992,xml_geometry_csv_action
BootPass_6,197,38,29,Position_Unknown,Team_Unknown,Action_PreSnap,578.79,391.15,661.54,483.26,82.75,92.11000000000001,xml_geometry_csv_action
BootPass_6,197,3,3,Position_Unknown,Team_Unknown,Action_PreSnap,1356.23,573.92,1500.07,781.9,143.83999999999992,207.98000000000002,xml_geometry_csv_action
BootPass_6,197,4,4,Position_Unknown,Team_Unknown,Action_PreSnap,30.74,481.98,154.95,745.97,124.21,263.99,xml_geometry_csv_action
BootPass_6,197,5,5,Position_Unknown,Team_Unknown,Action_PreSnap,90.57,428.18,216.35,668.48,125.78,240.3,xml_geometry_csv_action
BootPass_6,197,8,8,Position_Unknown,Team_Unknown,Action_PreSnap,1034.42,0.0,1126.81,167.0,92.38999999999987,167.0,xml_geometry_csv_action
BootPass_6,198,0,0,Position_Unknown,Team_Unknown,Action_PreSnap,871.77,295.9,988.72,528.47,116.95000000000005,232.57000000000005,xml_geometry_csv_action
BootPass_6,198,1,1,Position_Unknown,Team_Unknown,Action_PreSnap,586.25,564.24,763.04,792.31,176.78999999999996,228.06999999999994,xml_geometry_csv_action
BootPass_6,198,10,10,Position_Unknown,Team_Unknown,Action_PreSnap,200.56,542.48,340.69,797.23,140.13,254.75,xml_geometry_csv_action
BootPass_6,198,12,12,Position_Unknown,Team_Unknown,Action_PreSnap,1595.43,465.13,1749.25,703.44,153.81999999999994,238.31000000000006,xml_geometry_csv_action
BootPass_6,198,13,13,Position_Unknown,Team_Unknown,Action_PreSnap,542.0,442.95,665.55,692.2,123.54999999999995,249.25000000000006,xml_geometry_csv_action
BootPass_6,198,17,17,Position_Unknown,Team_Unknown,Action_PreSnap,971.45,750.18,1095.1,1030.14,123.64999999999986,279.96000000000015,xml_geometry_csv_action
BootPass_6,198,21,18,Position_Unknown,Team_Unknown,Action_PreSnap,461.94,411.51,589.67,661.87,127.72999999999996,250.36,xml_geometry_csv_action
BootPass_6,198,2,2,Position_Unknown,Team_Unknown,Action_PreSnap,717.89,552.32,824.08,752.39,106.19000000000005,200.06999999999994,xml_geometry_csv_action
BootPass_6,198,31,23,Position_Unknown,Team_Unknown,Action_PreSnap,1472.47,637.22,1631.56,869.24,159.08999999999992,232.01999999999998,xml_geometry_csv_action
BootPass_6,198,35,27,Position_Unknown,Team_Unknown,Action_PreSnap,650.58,430.06,770.79,594.77,120.20999999999992,164.70999999999998,xml_geometry_csv_action
BootPass_6,198,38,29,Position_Unknown,Team_Unknown,Action_PreSnap,583.95,388.96,673.28,483.58,89.32999999999993,94.62,xml_geometry_csv_action
BootPass_6,198,3,3,Position_Unknown,Team_Unknown,Action_PreSnap,1359.14,579.76,1504.9,779.52,145.76,199.76,xml_geometry_csv_action
BootPass_6,198,4,4,Position_Unknown,Team_Unknown,Action_PreSnap,28.16,484.62,151.23,746.16,123.07,261.53999999999996,xml_geometry_csv_action
BootPass_6,198,5,5,Position_Unknown,Team_Unknown,Action_PreSnap,81.95,427.89,215.08,664.09,133.13,236.20000000000005,xml_geometry_csv_action
BootPass_6,198,8,8,Position_Unknown,Team_Unknown,Action_PreSnap,1042.38,0.0,1132.49,160.67,90.1099999999999,160.67,xml_geometry_csv_action
BootPass_6,199,0,0,Position_Unknown,Team_Unknown,Action_PreSnap,875.05,292.5,990.46,522.26,115.41000000000008,229.76,xml_geometry_csv_action
BootPass_6,199,1,1,Position_Unknown,Team_Unknown,Action_PreSnap,584.88,571.37,761.09,792.15,176.21000000000004,220.77999999999997,xml_geometry_csv_action
BootPass_6,199,10,10,Position_Unknown,Team_Unknown,Action_PreSnap,208.16,544.61,352.99,797.66,144.83,253.04999999999995,xml_geometry_csv_action
BootPass_6,199,12,12,Position_Unknown,Team_Unknown,Action_PreSnap,1608.55,469.73,1771.12,710.36,162.56999999999994,240.63,xml_geometry_csv_action
BootPass_6,199,13,13,Position_Unknown,Team_Unknown,Action_PreSnap,543.77,440.93,676.02,688.81,132.25,247.87999999999994,xml_geometry_csv_action
BootPass_6,199,17,17,Position_Unknown,Team_Unknown,Action_PreSnap,971.3,748.4,1091.35,1023.14,120.04999999999995,274.74,xml_geometry_csv_action
BootPass_6,199,21,18,Position_Unknown,Team_Unknown,Action_PreSnap,464.82,413.03,596.14,659.32,131.32,246.29000000000008,xml_geometry_csv_action
BootPass_6,199,2,2,Position_Unknown,Team_Unknown,Action_PreSnap,708.85,565.5,819.32,751.32,110.47000000000003,185.82000000000005,xml_geometry_csv_action
BootPass_6,199,31,23,Position_Unknown,Team_Unknown,Action_PreSnap,1461.23,641.11,1611.4,868.69,150.17000000000007,227.58000000000004,xml_geometry_csv_action
BootPass_6,199,35,27,Position_Unknown,Team_Unknown,Action_PreSnap,657.5,433.49,784.21,592.71,126.71000000000004,159.22000000000003,xml_geometry_csv_action
BootPass_6,199,38,29,Position_Unknown,Team_Unknown,Action_PreSnap,592.86,385.81,686.45,481.63,93.59000000000003,95.82,xml_geometry_csv_action
BootPass_6,199,3,3,Position_Unknown,Team_Unknown,Action_PreSnap,1362.67,584.84,1509.75,777.94,147.07999999999993,193.10000000000002,xml_geometry_csv_action
BootPass_6,199,4,4,Position_Unknown,Team_Unknown,Action_PreSnap,28.41,486.52,148.07,743.84,119.66,257.32000000000005,xml_geometry_csv_action
BootPass_6,199,5,5,Position_Unknown,Team_Unknown,Action_PreSnap,74.48,426.69,216.65,669.97,142.17000000000002,243.28000000000003,xml_geometry_csv_action
BootPass_6,199,8,8,Position_Unknown,Team_Unknown,Action_PreSnap,1049.95,0.0,1138.91,159.36,88.96000000000004,159.36,xml_geometry_csv_action
BootPass_6,200,0,0,Position_Unknown,Team_Unknown,Action_PreSnap,880.73,288.62,991.61,516.22,110.88,227.60000000000002,xml_geometry_csv_action
BootPass_6,200,1,1,Position_Unknown,Team_Unknown,Action_PreSnap,587.98,580.18,755.01,791.92,167.02999999999997,211.74,xml_geometry_csv_action
BootPass_6,200,10,10,Position_Unknown,Team_Unknown,Action_PreSnap,215.52,549.1,365.43,799.23,149.91,250.13,xml_geometry_csv_action
BootPass_6,200,12,12,Position_Unknown,Team_Unknown,Action_PreSnap,1632.32,476.71,1786.84,724.5,154.51999999999998,247.79000000000002,xml_geometry_csv_action
BootPass_6,200,13,13,Position_Unknown,Team_Unknown,Action_PreSnap,550.24,438.55,687.4,686.1,137.15999999999997,247.55,xml_geometry_csv_action
BootPass_6,200,17,17,Position_Unknown,Team_Unknown,Action_PreSnap,968.39,748.78,1085.86,1019.67,117.46999999999991,270.89,xml_geometry_csv_action
BootPass_6,200,21,18,Position_Unknown,Team_Unknown,Action_PreSnap,469.45,414.57,604.84,656.46,135.39000000000004,241.89000000000004,xml_geometry_csv_action
BootPass_6,200,2,2,Position_Unknown,Team_Unknown,Action_PreSnap,702.7,576.1,815.53,750.31,112.82999999999993,174.20999999999992,xml_geometry_csv_action
BootPass_6,200,31,23,Position_Unknown,Team_Unknown,Action_PreSnap,1447.98,648.37,1595.69,866.04,147.71000000000004,217.66999999999996,xml_geometry_csv_action
BootPass_6,200,35,27,Position_Unknown,Team_Unknown,Action_PreSnap,672.67,437.17,795.71,589.29,123.04000000000008,152.11999999999995,xml_geometry_csv_action
BootPass_6,200,38,29,Position_Unknown,Team_Unknown,Action_PreSnap,604.93,383.3,700.93,490.11,96.0,106.81,xml_geometry_csv_action
BootPass_6,200,3,3,Position_Unknown,Team_Unknown,Action_PreSnap,1368.76,590.2,1517.83,774.39,149.06999999999994,184.18999999999994,xml_geometry_csv_action
BootPass_6,200,4,4,Position_Unknown,Team_Unknown,Action_PreSnap,30.14,491.2,149.24,741.73,119.10000000000001,250.53000000000003,xml_geometry_csv_action
BootPass_6,200,5,5,Position_Unknown,Team_Unknown,Action_PreSnap,72.38,423.82,205.04,674.12,132.66,250.3,xml_geometry_csv_action
BootPass_6,200,6,6,Position_Unknown,Team_Unknown,Action_PreSnap,0.0,510.01,47.84,719.96,47.84,209.95000000000005,xml_geometry_csv_action
BootPass_6,200,8,8,Position_Unknown,Team_Unknown,Action_PreSnap,1058.97,0.0,1142.26,158.85,83.28999999999996,158.85,xml_geometry_csv_action
BootPass_6,201,0,0,Position_Unknown,Team_Unknown,Action_PreSnap,885.01,284.28,992.4,511.5,107.38999999999999,227.22000000000003,xml_geometry_csv_action
BootPass_6,201,1,1,Position_Unknown,Team_Unknown,Action_PreSnap,590.53,584.8,763.13,789.47,172.60000000000002,204.67000000000007,xml_geometry_csv_action
BootPass_6,201,10,10,Position_Unknown,Team_Unknown,Action_PreSnap,221.11,553.16,377.12,798.97,156.01,245.81000000000006,xml_geometry_csv_action
BootPass_6,201,12,12,Position_Unknown,Team_Unknown,Action_PreSnap,1663.0,481.89,1807.02,733.37,144.01999999999998,251.48000000000002,xml_geometry_csv_action
BootPass_6,201,13,13,Position_Unknown,Team_Unknown,Action_PreSnap,554.89,436.65,698.32,682.31,143.43000000000006,245.65999999999997,xml_geometry_csv_action
BootPass_6,201,17,17,Position_Unknown,Team_Unknown,Action_PreSnap,964.67,747.74,1082.63,1015.95,117.96000000000015,268.21000000000004,xml_geometry_csv_action
BootPass_6,201,21,18,Position_Unknown,Team_Unknown,Action_PreSnap,474.72,413.63,613.89,653.05,139.16999999999996,239.41999999999996,xml_geometry_csv_action
BootPass_6,201,2,2,Position_Unknown,Team_Unknown,Action_PreSnap,699.62,573.79,812.22,749.68,112.60000000000002,175.89,xml_geometry_csv_action
BootPass_6,201,31,23,Position_Unknown,Team_Unknown,Action_PreSnap,1418.64,651.57,1587.07,862.47,168.42999999999984,210.89999999999998,xml_geometry_csv_action
BootPass_6,201,35,27,Position_Unknown,Team_Unknown,Action_PreSnap,686.46,441.34,807.89,588.55,121.42999999999995,147.20999999999998,xml_geometry_csv_action
BootPass_6,201,38,29,Position_Unknown,Team_Unknown,Action_PreSnap,619.6,381.03,715.22,502.11,95.62,121.08000000000004,xml_geometry_csv_action
BootPass_6,201,3,3,Position_Unknown,Team_Unknown,Action_PreSnap,1386.58,593.17,1531.09,764.31,144.51,171.14,xml_geometry_csv_action
BootPass_6,201,4,4,Position_Unknown,Team_Unknown,Action_PreSnap,31.02,493.7,167.65,739.19,136.63,245.49000000000007,xml_geometry_csv_action
BootPass_6,201,5,5,Position_Unknown,Team_Unknown,Action_PreSnap,68.91,424.02,186.0,677.79,117.09,253.76999999999998,xml_geometry_csv_action
BootPass_6,201,6,6,Position_Unknown,Team_Unknown,Action_PreSnap,0.51,497.81,46.43,732.77,45.92,234.95999999999998,xml_geometry_csv_action
BootPass_6,201,8,8,Position_Unknown,Team_Unknown,Action_PreSnap,1066.36,0.0,1147.93,160.85,81.57000000000016,160.85,xml_geometry_csv_action
BootPass_6,202,0,0,Position_Unknown,Team_Unknown,Action_PreSnap,888.98,280.19,994.42,505.65,105.43999999999994,225.45999999999998,xml_geometry_csv_action
BootPass_6,202,1,1,Position_Unknown,Team_Unknown,Action_PreSnap,594.97,585.94,774.89,795.08,179.91999999999996,209.14,xml_geometry_csv_action
BootPass_6,202,10,10,Position_Unknown,Team_Unknown,Action_PreSnap,225.93,556.58,390.39,799.11,164.45999999999998,242.52999999999997,xml_geometry_csv_action
BootPass_6,202,12,12,Position_Unknown,Team_Unknown,Action_PreSnap,1681.7,486.06,1825.52,737.2,143.81999999999994,251.14000000000004,xml_geometry_csv_action
BootPass_6,202,13,13,Position_Unknown,Team_Unknown,Action_PreSnap,563.01,438.73,711.89,675.93,148.88,237.19999999999993,xml_geometry_csv_action
BootPass_6,202,17,17,Position_Unknown,Team_Unknown,Action_PreSnap,956.27,746.85,1081.88,1013.61,125.61000000000013,266.76,xml_geometry_csv_action
BootPass_6,202,21,18,Position_Unknown,Team_Unknown,Action_PreSnap,480.38,412.07,622.37,650.79,141.99,238.71999999999997,xml_geometry_csv_action
BootPass_6,202,31,23,Position_Unknown,Team_Unknown,Action_PreSnap,1406.63,640.29,1581.39,862.98,174.76,222.69000000000005,xml_geometry_csv_action
BootPass_6,202,35,27,Position_Unknown,Team_Unknown,Action_PreSnap,705.68,444.76,821.99,602.7,116.31000000000006,157.94000000000005,xml_geometry_csv_action
BootPass_6,202,38,29,Position_Unknown,Team_Unknown,Action_PreSnap,638.58,380.83,731.51,512.16,92.92999999999995,131.32999999999998,xml_geometry_csv_action
BootPass_6,202,4,4,Position_Unknown,Team_Unknown,Action_PreSnap,31.35,497.87,169.7,739.67,138.35,241.79999999999995,xml_geometry_csv_action
BootPass_6,202,5,5,Position_Unknown,Team_Unknown,Action_PreSnap,67.24,425.12,174.39,674.19,107.14999999999999,249.07000000000005,xml_geometry_csv_action
BootPass_6,202,8,8,Position_Unknown,Team_Unknown,Action_PreSnap,1072.68,0.0,1153.66,161.74,80.98000000000002,161.74,xml_geometry_csv_action
BootPass_6,203,0,0,Position_Unknown,Team_Unknown,Action_PreSnap,893.51,277.0,995.74,498.59,102.23000000000002,221.58999999999997,xml_geometry_csv_action
BootPass_6,203,1,1,Position_Unknown,Team_Unknown,Action_PreSnap,600.12,586.86,780.57,807.38,180.45000000000005,220.51999999999998,xml_geometry_csv_action
BootPass_6,203,10,10,Position_Unknown,Team_Unknown,Action_PreSnap,230.18,558.36,402.44,797.38,172.26,239.01999999999998,xml_geometry_csv_action
BootPass_6,203,12,12,Position_Unknown,Team_Unknown,Action_PreSnap,1704.42,489.73,1840.93,738.78,136.51,249.04999999999995,xml_geometry_csv_action
BootPass_6,203,13,13,Position_Unknown,Team_Unknown,Action_PreSnap,571.52,437.97,725.57,668.97,154.05000000000007,231.0,xml_geometry_csv_action
BootPass_6,203,17,17,Position_Unknown,Team_Unknown,Action_PreSnap,946.76,746.0,1078.85,1009.78,132.08999999999992,263.78,xml_geometry_csv_action
BootPass_6,203,21,18,Position_Unknown,Team_Unknown,Action_PreSnap,486.04,410.86,628.31,647.7,142.26999999999992,236.84000000000003,xml_geometry_csv_action
BootPass_6,203,31,23,Position_Unknown,Team_Unknown,Action_PreSnap,1394.68,641.19,1571.93,861.49,177.25,220.29999999999995,xml_geometry_csv_action
BootPass_6,203,35,27,Position_Unknown,Team_Unknown,Action_PreSnap,720.27,447.25,831.43,622.31,111.15999999999997,175.05999999999995,xml_geometry_csv_action
BootPass_6,203,38,29,Position_Unknown,Team_Unknown,Action_PreSnap,652.94,381.47,744.49,524.07,91.54999999999995,142.60000000000002,xml_geometry_csv_action
BootPass_6,203,3,3,Position_Unknown,Team_Unknown,Action_PreSnap,1446.92,599.51,1594.69,799.19,147.76999999999998,199.68000000000006,xml_geometry_csv_action
BootPass_6,203,4,4,Position_Unknown,Team_Unknown,Action_PreSnap,30.63,502.13,173.16,740.85,142.53,238.72000000000003,xml_geometry_csv_action
BootPass_6,203,5,5,Position_Unknown,Team_Unknown,Action_PreSnap,63.73,425.87,173.15,672.51,109.42000000000002,246.64,xml_geometry_csv_action
BootPass_6,203,8,8,Position_Unknown,Team_Unknown,Action_PreSnap,1076.96,0.0,1160.83,157.55,83.86999999999989,157.55,xml_geometry_csv_action
BootPass_6,204,0,0,Position_Unknown,Team_Unknown,Action_PreSnap,897.05,275.49,997.81,495.35,100.75999999999999,219.86,xml_geometry_csv_action
BootPass_6,204,1,1,Position_Unknown,Team_Unknown,Action_PreSnap,607.27,587.82,783.67,817.9,176.39999999999998,230.07999999999993,xml_geometry_csv_action
BootPass_6,204,10,10,Position_Unknown,Team_Unknown,Action_PreSnap,238.18,559.0,420.71,794.76,182.52999999999997,235.76,xml_geometry_csv_action
BootPass_6,204,12,12,Position_Unknown,Team_Unknown,Action_PreSnap,1722.23,493.59,1853.3,738.67,131.06999999999994,245.07999999999998,xml_geometry_csv_action
BootPass_6,204,13,13,Position_Unknown,Team_Unknown,Action_PreSnap,598.41,439.83,736.93,659.93,138.51999999999998,220.09999999999997,xml_geometry_csv_action
BootPass_6,204,17,17,Position_Unknown,Team_Unknown,Action_PreSnap,941.13,744.57,1074.89,1005.12,133.7600000000001,260.54999999999995,xml_geometry_csv_action
BootPass_6,204,21,18,Position_Unknown,Team_Unknown,Action_PreSnap,494.55,410.3,634.17,643.28,139.61999999999995,232.97999999999996,xml_geometry_csv_action
BootPass_6,204,31,23,Position_Unknown,Team_Unknown,Action_PreSnap,1380.66,640.42,1553.64,864.7,172.98000000000002,224.2800000000001,xml_geometry_csv_action
BootPass_6,204,35,27,Position_Unknown,Team_Unknown,Action_PreSnap,736.53,449.06,842.19,632.22,105.66000000000008,183.16000000000003,xml_geometry_csv_action
BootPass_6,204,38,29,Position_Unknown,Team_Unknown,Action_PreSnap,665.27,383.56,758.13,532.0,92.86000000000001,148.44,xml_geometry_csv_action
BootPass_6,204,3,3,Position_Unknown,Team_Unknown,Action_PreSnap,1454.89,602.38,1615.78,814.84,160.88999999999987,212.46000000000004,xml_geometry_csv_action
BootPass_6,204,39,30,Position_Unknown,Team_Unknown,Action_PreSnap,1799.17,0.53,1919.15,184.68,119.98000000000002,184.15,xml_geometry_csv_action
BootPass_6,204,4,4,Position_Unknown,Team_Unknown,Action_PreSnap,29.92,506.55,163.07,744.56,133.14999999999998,238.00999999999993,xml_geometry_csv_action
BootPass_6,204,5,5,Position_Unknown,Team_Unknown,Action_PreSnap,60.07,423.48,167.66,670.89,107.59,247.40999999999997,xml_geometry_csv_action
BootPass_6,204,8,8,Position_Unknown,Team_Unknown,Action_PreSnap,1079.44,0.0,1168.14,143.75,88.70000000000005,143.75,xml_geometry_csv_action
BootPass_6,205,0,0,Position_Unknown,Team_Unknown,Action_PreSnap,900.73,274.85,999.34,491.97,98.61000000000001,217.12,xml_geometry_csv_action
BootPass_6,205,1,1,Position_Unknown,Team_Unknown,Action_PreSnap,613.86,592.81,782.06,822.32,168.19999999999993,229.5100000000001,xml_geometry_csv_action
BootPass_6,205,10,10,Position_Unknown,Team_Unknown,Action_PreSnap,248.04,557.73,435.9,791.14,187.85999999999999,233.40999999999997,xml_geometry_csv_action
BootPass_6,205,12,12,Position_Unknown,Team_Unknown,Action_PreSnap,1740.83,497.26,1865.54,735.82,124.71000000000004,238.56000000000006,xml_geometry_csv_action
BootPass_6,205,13,13,Position_Unknown,Team_Unknown,Action_PreSnap,625.55,442.34,748.62,659.02,123.07000000000005,216.68,xml_geometry_csv_action
BootPass_6,205,17,17,Position_Unknown,Team_Unknown,Action_PreSnap,938.61,740.93,1073.13,1002.32,134.5200000000001,261.3900000000001,xml_geometry_csv_action
BootPass_6,205,21,18,Position_Unknown,Team_Unknown,Action_PreSnap,504.02,409.49,639.58,638.45,135.56000000000006,228.96000000000004,xml_geometry_csv_action
BootPass_6,205,31,23,Position_Unknown,Team_Unknown,Action_PreSnap,1368.21,640.25,1533.62,872.56,165.40999999999985,232.30999999999995,xml_geometry_csv_action
BootPass_6,205,35,27,Position_Unknown,Team_Unknown,Action_PreSnap,747.47,450.34,853.61,636.55,106.13999999999999,186.20999999999998,xml_geometry_csv_action
BootPass_6,205,38,29,Position_Unknown,Team_Unknown,Action_PreSnap,679.87,384.96,772.71,536.42,92.84000000000003,151.45999999999998,xml_geometry_csv_action
BootPass_6,205,3,3,Position_Unknown,Team_Unknown,Action_PreSnap,1459.39,602.53,1618.66,806.57,159.26999999999998,204.04000000000008,xml_geometry_csv_action
BootPass_6,205,39,30,Position_Unknown,Team_Unknown,Action_PreSnap,1782.16,0.7,1907.78,168.05,125.61999999999989,167.35000000000002,xml_geometry_csv_action
BootPass_6,205,4,4,Position_Unknown,Team_Unknown,Action_PreSnap,29.09,510.3,152.11,746.7,123.02000000000001,236.40000000000003,xml_geometry_csv_action
BootPass_6,205,5,5,Position_Unknown,Team_Unknown,Action_PreSnap,55.93,426.81,165.94,668.2,110.00999999999999,241.39000000000004,xml_geometry_csv_action
BootPass_6,205,8,8,Position_Unknown,Team_Unknown,Action_PreSnap,1080.62,0.08,1173.83,138.46,93.21000000000004,138.38,xml_geometry_csv_action
BootPass_6,206,0,0,Position_Unknown,Team_Unknown,Action_PreSnap,902.75,276.54,1001.3,491.18,98.54999999999995,214.64,xml_geometry_csv_action
BootPass_6,206,1,1,Position_Unknown,Team_Unknown,Action_PreSnap,617.07,599.25,784.26,827.92,167.18999999999994,228.66999999999996,xml_geometry_csv_action
BootPass_6,206,10,10,Position_Unknown,Team_Unknown,Action_PreSnap,261.42,558.42,456.61,790.31,195.19,231.89,xml_geometry_csv_action
BootPass_6,206,12,12,Position_Unknown,Team_Unknown,Action_PreSnap,1756.48,502.52,1880.15,741.25,123.67000000000007,238.73000000000002,xml_geometry_csv_action
BootPass_6,206,13,13,Position_Unknown,Team_Unknown,Action_PreSnap,642.84,444.23,764.98,656.45,122.13999999999999,212.22000000000003,xml_geometry_csv_action
BootPass_6,206,17,17,Position_Unknown,Team_Unknown,Action_PreSnap,936.91,736.46,1073.71,1000.06,136.80000000000007,263.5999999999999,xml_geometry_csv_action
BootPass_6,206,21,18,Position_Unknown,Team_Unknown,Action_PreSnap,510.8,410.53,644.34,634.21,133.54000000000002,223.68000000000006,xml_geometry_csv_action
BootPass_6,206,31,23,Position_Unknown,Team_Unknown,Action_PreSnap,1352.56,640.56,1506.59,882.65,154.02999999999997,242.09000000000003,xml_geometry_csv_action
BootPass_6,206,35,27,Position_Unknown,Team_Unknown,Action_PreSnap,758.6,452.23,862.84,640.32,104.24000000000001,188.09000000000003,xml_geometry_csv_action
BootPass_6,206,38,29,Position_Unknown,Team_Unknown,Action_PreSnap,693.19,387.65,788.66,535.54,95.46999999999991,147.89,xml_geometry_csv_action
BootPass_6,206,3,3,Position_Unknown,Team_Unknown,Action_PreSnap,1459.37,604.19,1614.35,813.84,154.98000000000002,209.64999999999998,xml_geometry_csv_action
BootPass_6,206,39,30,Position_Unknown,Team_Unknown,Action_PreSnap,1757.38,0.68,1886.06,165.94,128.67999999999984,165.26,xml_geometry_csv_action
BootPass_6,206,4,4,Position_Unknown,Team_Unknown,Action_PreSnap,10.63,514.7,149.49,751.42,138.86,236.7199999999999,xml_geometry_csv_action
BootPass_6,206,5,5,Position_Unknown,Team_Unknown,Action_PreSnap,50.58,426.03,163.35,667.76,112.77,241.73000000000002,xml_geometry_csv_action
BootPass_6,206,8,8,Position_Unknown,Team_Unknown,Action_PreSnap,1084.16,0.26,1176.68,141.59,92.51999999999998,141.33,xml_geometry_csv_action
BootPass_6,207,0,0,Position_Unknown,Team_Unknown,Action_PreSnap,904.15,278.17,1002.56,493.42,98.40999999999997,215.25,xml_geometry_csv_action
BootPass_6,207,1,1,Position_Unknown,Team_Unknown,Action_PreSnap,619.62,603.47,790.22,829.36,170.60000000000002,225.89,xml_geometry_csv_action
BootPass_6,207,10,10,Position_Unknown,Team_Unknown,Action_PreSnap,275.12,558.43,476.33,789.55,201.20999999999998,231.12,xml_geometry_csv_action
BootPass_6,207,12,12,Position_Unknown,Team_Unknown,Action_PreSnap,1769.86,506.57,1889.66,746.29,119.80000000000018,239.71999999999997,xml_geometry_csv_action
BootPass_6,207,13,13,Position_Unknown,Team_Unknown,Action_PreSnap,652.54,443.61,779.93,654.41,127.38999999999999,210.79999999999995,xml_geometry_csv_action
BootPass_6,207,17,17,Position_Unknown,Team_Unknown,Action_PreSnap,937.82,730.92,1074.64,995.15,136.82000000000005,264.23,xml_geometry_csv_action
BootPass_6,207,21,18,Position_Unknown,Team_Unknown,Action_PreSnap,522.73,412.61,649.53,632.7,126.79999999999995,220.09000000000003,xml_geometry_csv_action
BootPass_6,207,31,23,Position_Unknown,Team_Unknown,Action_PreSnap,1333.96,643.9,1473.6,885.39,139.63999999999987,241.49,xml_geometry_csv_action
BootPass_6,207,35,27,Position_Unknown,Team_Unknown,Action_PreSnap,769.03,454.26,879.07,642.63,110.04000000000008,188.37,xml_geometry_csv_action
BootPass_6,207,38,29,Position_Unknown,Team_Unknown,Action_PreSnap,710.65,387.03,803.8,533.4,93.14999999999998,146.37,xml_geometry_csv_action
BootPass_6,207,3,3,Position_Unknown,Team_Unknown,Action_PreSnap,1461.43,605.95,1605.35,820.53,143.91999999999985,214.57999999999993,xml_geometry_csv_action
BootPass_6,207,39,30,Position_Unknown,Team_Unknown,Action_PreSnap,1732.6,0.65,1858.44,168.89,125.84000000000015,168.23999999999998,xml_geometry_csv_action
BootPass_6,207,4,4,Position_Unknown,Team_Unknown,Action_PreSnap,16.83,519.69,152.07,754.81,135.24,235.1199999999999,xml_geometry_csv_action
BootPass_6,207,5,5,Position_Unknown,Team_Unknown,Action_PreSnap,39.54,429.88,160.21,668.82,120.67000000000002,238.94000000000005,xml_geometry_csv_action
BootPass_6,207,8,8,Position_Unknown,Team_Unknown,Action_PreSnap,1089.26,0.47,1179.53,145.61,90.26999999999998,145.14000000000001,xml_geometry_csv_action
BootPass_6,208,0,0,Position_Unknown,Team_Unknown,Action_PreSnap,905.03,280.65,1003.37,493.79,98.34000000000003,213.14000000000004,xml_geometry_csv_action
BootPass_6,208,1,1,Position_Unknown,Team_Unknown,Action_PreSnap,622.92,607.9,792.39,828.14,169.47000000000003,220.24,xml_geometry_csv_action
BootPass_6,208,10,10,Position_Unknown,Team_Unknown,Action_PreSnap,296.49,559.09,493.89,788.84,197.39999999999998,229.75,xml_geometry_csv_action
BootPass_6,208,12,12,Position_Unknown,Team_Unknown,Action_PreSnap,1781.96,512.96,1896.0,743.88,114.03999999999996,230.91999999999996,xml_geometry_csv_action
BootPass_6,208,13,13,Position_Unknown,Team_Unknown,Action_PreSnap,660.88,442.62,791.64,655.74,130.76,213.12,xml_geometry_csv_action
BootPass_6,208,17,17,Position_Unknown,Team_Unknown,Action_PreSnap,937.14,724.79,1073.53,989.51,136.39,264.72,xml_geometry_csv_action
BootPass_6,208,21,18,Position_Unknown,Team_Unknown,Action_PreSnap,538.2,415.14,655.12,628.61,116.91999999999996,213.47000000000003,xml_geometry_csv_action
BootPass_6,208,2,2,Position_Unknown,Team_Unknown,Action_PreSnap,704.16,591.4,801.97,727.13,97.81000000000006,135.73000000000002,xml_geometry_csv_action
BootPass_6,208,31,23,Position_Unknown,Team_Unknown,Action_PreSnap,1311.05,649.28,1445.83,885.92,134.77999999999997,236.64,xml_geometry_csv_action
BootPass_6,208,35,27,Position_Unknown,Team_Unknown,Action_PreSnap,780.19,455.59,892.93,643.15,112.7399999999999,187.56,xml_geometry_csv_action
BootPass_6,208,38,29,Position_Unknown,Team_Unknown,Action_PreSnap,721.52,385.24,819.18,530.17,97.65999999999997,144.92999999999995,xml_geometry_csv_action
BootPass_6,208,3,3,Position_Unknown,Team_Unknown,Action_PreSnap,1460.8,610.36,1597.84,827.64,137.03999999999996,217.27999999999997,xml_geometry_csv_action
BootPass_6,208,39,30,Position_Unknown,Team_Unknown,Action_PreSnap,1713.36,0.48,1827.77,170.17,114.41000000000008,169.69,xml_geometry_csv_action
BootPass_6,208,4,4,Position_Unknown,Team_Unknown,Action_PreSnap,29.58,523.93,154.64,757.95,125.05999999999999,234.0200000000001,xml_geometry_csv_action
BootPass_6,208,5,5,Position_Unknown,Team_Unknown,Action_PreSnap,31.21,436.27,155.56,675.23,124.35,238.96000000000004,xml_geometry_csv_action
BootPass_6,208,8,8,Position_Unknown,Team_Unknown,Action_PreSnap,1094.89,0.88,1179.1,147.93,84.20999999999981,147.05,xml_geometry_csv_action
BootPass_6,209,0,0,Position_Unknown,Team_Unknown,Action_PreSnap,905.8,283.69,1004.1,491.72,98.30000000000007,208.03000000000003,xml_geometry_csv_action
BootPass_6,209,1,1,Position_Unknown,Team_Unknown,Action_PreSnap,626.26,613.71,795.05,827.28,168.78999999999996,213.56999999999994,xml_geometry_csv_action
BootPass_6,209,10,10,Position_Unknown,Team_Unknown,Action_PreSnap,321.56,560.96,506.13,787.37,184.57,226.40999999999997,xml_geometry_csv_action
BootPass_6,209,12,12,Position_Unknown,Team_Unknown,Action_PreSnap,1791.97,518.35,1904.6,747.55,112.62999999999988,229.19999999999993,xml_geometry_csv_action
BootPass_6,209,13,13,Position_Unknown,Team_Unknown,Action_PreSnap,666.08,443.26,798.75,657.94,132.66999999999996,214.68000000000006,xml_geometry_csv_action
BootPass_6,209,17,17,Position_Unknown,Team_Unknown,Action_PreSnap,934.84,719.18,1073.28,985.46,138.43999999999994,266.2800000000001,xml_geometry_csv_action
BootPass_6,209,21,18,Position_Unknown,Team_Unknown,Action_PreSnap,546.86,416.19,663.04,628.74,116.17999999999995,212.55,xml_geometry_csv_action
BootPass_6,209,2,2,Position_Unknown,Team_Unknown,Action_PreSnap,714.5,591.8,804.08,729.57,89.58000000000004,137.7700000000001,xml_geometry_csv_action
BootPass_6,209,31,23,Position_Unknown,Team_Unknown,Action_PreSnap,1289.32,651.44,1431.35,890.72,142.02999999999997,239.27999999999997,xml_geometry_csv_action
BootPass_6,209,35,27,Position_Unknown,Team_Unknown,Action_PreSnap,792.85,457.3,901.49,642.46,108.63999999999999,185.16000000000003,xml_geometry_csv_action
BootPass_6,209,38,29,Position_Unknown,Team_Unknown,Action_PreSnap,736.75,381.76,833.78,531.92,97.02999999999997,150.15999999999997,xml_geometry_csv_action
BootPass_6,209,3,3,Position_Unknown,Team_Unknown,Action_PreSnap,1456.82,614.16,1594.45,833.83,137.6300000000001,219.67000000000007,xml_geometry_csv_action
BootPass_6,209,39,30,Position_Unknown,Team_Unknown,Action_PreSnap,1691.89,0.2,1808.67,171.33,116.77999999999997,171.13000000000002,xml_geometry_csv_action
BootPass_6,209,4,4,Position_Unknown,Team_Unknown,Action_PreSnap,35.97,526.41,156.04,760.47,120.07,234.06000000000006,xml_geometry_csv_action
BootPass_6,209,5,5,Position_Unknown,Team_Unknown,Action_PreSnap,29.91,439.85,153.44,675.78,123.53,235.92999999999995,xml_geometry_csv_action
BootPass_6,209,8,8,Position_Unknown,Team_Unknown,Action_PreSnap,1100.4,0.85,1178.6,148.57,78.19999999999982,147.72,xml_geometry_csv_action
BootPass_6,210,0,0,Position_Unknown,Team_Unknown,Action_PreSnap,905.9,284.91,1004.05,491.66,98.14999999999998,206.75,xml_geometry_csv_action
BootPass_6,210,1,1,Position_Unknown,Team_Unknown,Action_PreSnap,629.32,616.28,799.38,830.21,170.05999999999995,213.93000000000006,xml_geometry_csv_action
BootPass_6,210,10,10,Position_Unknown,Team_Unknown,Action_PreSnap,346.36,560.98,521.32,784.67,174.96000000000004,223.68999999999994,xml_geometry_csv_action
BootPass_6,210,12,12,Position_Unknown,Team_Unknown,Action_PreSnap,1800.96,521.37,1917.58,754.87,116.61999999999989,233.5,xml_geometry_csv_action
BootPass_6,210,13,13,Position_Unknown,Team_Unknown,Action_PreSnap,671.71,443.36,810.83,660.0,139.12,216.64,xml_geometry_csv_action
BootPass_6,210,17,17,Position_Unknown,Team_Unknown,Action_PreSnap,930.7,711.91,1065.47,975.11,134.76999999999998,263.20000000000005,xml_geometry_csv_action
BootPass_6,210,21,18,Position_Unknown,Team_Unknown,Action_PreSnap,552.04,416.1,670.95,627.85,118.91000000000008,211.75,xml_geometry_csv_action
BootPass_6,210,2,2,Position_Unknown,Team_Unknown,Action_PreSnap,715.54,592.91,806.01,700.86,90.47000000000003,107.95000000000005,xml_geometry_csv_action
BootPass_6,210,31,23,Position_Unknown,Team_Unknown,Action_PreSnap,1265.09,651.71,1422.09,900.76,157.0,249.04999999999995,xml_geometry_csv_action
BootPass_6,210,35,27,Position_Unknown,Team_Unknown,Action_PreSnap,799.8,459.99,914.24,643.66,114.44000000000005,183.66999999999996,xml_geometry_csv_action
BootPass_6,210,38,29,Position_Unknown,Team_Unknown,Action_PreSnap,749.45,380.01,843.94,527.9,94.49000000000001,147.89,xml_geometry_csv_action
BootPass_6,210,3,3,Position_Unknown,Team_Unknown,Action_PreSnap,1453.15,617.27,1594.47,841.02,141.31999999999994,223.75,xml_geometry_csv_action
BootPass_6,210,39,30,Position_Unknown,Team_Unknown,Action_PreSnap,1665.14,0.0,1787.38,169.5,122.24000000000001,169.5,xml_geometry_csv_action
BootPass_6,210,4,4,Position_Unknown,Team_Unknown,Action_PreSnap,39.23,529.06,155.18,764.78,115.95000000000002,235.72000000000003,xml_geometry_csv_action
BootPass_6,210,5,5,Position_Unknown,Team_Unknown,Action_PreSnap,25.44,442.95,141.13,679.94,115.69,236.99000000000007,xml_geometry_csv_action
BootPass_6,210,8,8,Position_Unknown,Team_Unknown,Action_PreSnap,1103.79,0.53,1179.38,147.1,75.59000000000015,146.57,xml_geometry_csv_action
BootPass_6,211,0,0,Position_Unknown,Team_Unknown,Action_PreSnap,907.11,285.32,1007.83,490.71,100.72000000000003,205.39,xml_geometry_csv_action
BootPass_6,211,1,1,Position_Unknown,Team_Unknown,Action_PreSnap,630.85,617.48,807.79,833.8,176.93999999999994,216.31999999999994,xml_geometry_csv_action
BootPass_6,211,10,10,Position_Unknown,Team_Unknown,Action_PreSnap,359.79,562.45,533.74,783.45,173.95,221.0,xml_geometry_csv_action
BootPass_6,211,12,12,Position_Unknown,Team_Unknown,Action_PreSnap,1810.32,525.55,1920.0,763.12,109.68000000000006,237.57000000000005,xml_geometry_csv_action
BootPass_6,211,13,13,Position_Unknown,Team_Unknown,Action_PreSnap,676.39,444.57,821.53,660.92,145.14,216.34999999999997,xml_geometry_csv_action
BootPass_6,211,17,17,Position_Unknown,Team_Unknown,Action_PreSnap,926.49,704.16,1062.14,969.51,135.6500000000001,265.35,xml_geometry_csv_action
BootPass_6,211,21,18,Position_Unknown,Team_Unknown,Action_PreSnap,556.33,414.42,681.53,628.66,125.19999999999993,214.23999999999995,xml_geometry_csv_action
BootPass_6,211,31,23,Position_Unknown,Team_Unknown,Action_PreSnap,1246.71,654.7,1407.02,906.57,160.30999999999995,251.87,xml_geometry_csv_action
BootPass_6,211,35,27,Position_Unknown,Team_Unknown,Action_PreSnap,813.39,462.51,926.54,653.08,113.14999999999998,190.57000000000005,xml_geometry_csv_action
BootPass_6,211,38,29,Position_Unknown,Team_Unknown,Action_PreSnap,762.63,380.43,857.1,528.75,94.47000000000003,148.32,xml_geometry_csv_action
BootPass_6,211,3,3,Position_Unknown,Team_Unknown,Action_PreSnap,1453.59,620.88,1592.97,843.69,139.3800000000001,222.81000000000006,xml_geometry_csv_action
BootPass_6,211,39,30,Position_Unknown,Team_Unknown,Action_PreSnap,1645.08,0.17,1765.18,162.42,120.10000000000014,162.25,xml_geometry_csv_action
BootPass_6,211,4,4,Position_Unknown,Team_Unknown,Action_PreSnap,42.01,534.32,150.79,769.62,108.78,235.29999999999995,xml_geometry_csv_action
BootPass_6,211,5,5,Position_Unknown,Team_Unknown,Action_PreSnap,21.82,446.88,129.56,681.59,107.74000000000001,234.71000000000004,xml_geometry_csv_action
BootPass_6,211,8,8,Position_Unknown,Team_Unknown,Action_PreSnap,1106.51,0.72,1182.85,142.83,76.33999999999992,142.11,xml_geometry_csv_action
BootPass_6,212,0,0,Position_Unknown,Team_Unknown,Action_PreSnap,907.33,283.37,1010.0,487.7,102.66999999999996,204.32999999999998,xml_geometry_csv_action
BootPass_6,212,1,1,Position_Unknown,Team_Unknown,Action_PreSnap,631.48,620.77,812.7,841.94,181.22000000000003,221.17000000000007,xml_geometry_csv_action
BootPass_6,212,10,10,Position_Unknown,Team_Unknown,Action_PreSnap,367.77,562.34,535.64,780.61,167.87,218.26999999999998,xml_geometry_csv_action
BootPass_6,212,12,12,Position_Unknown,Team_Unknown,Action_PreSnap,1818.85,530.95,1920.0,767.28,101.15000000000009,236.32999999999993,xml_geometry_csv_action
BootPass_6,212,13,13,Position_Unknown,Team_Unknown,Action_PreSnap,683.06,445.14,829.1,659.25,146.04000000000008,214.11,xml_geometry_csv_action
BootPass_6,212,17,17,Position_Unknown,Team_Unknown,Action_PreSnap,924.45,700.17,1052.83,964.94,128.37999999999988,264.7700000000001,xml_geometry_csv_action
BootPass_6,212,21,18,Position_Unknown,Team_Unknown,Action_PreSnap,560.16,413.54,690.42,628.91,130.26,215.36999999999995,xml_geometry_csv_action
BootPass_6,212,31,23,Position_Unknown,Team_Unknown,Action_PreSnap,1232.35,657.31,1382.86,905.74,150.51,248.43000000000006,xml_geometry_csv_action
BootPass_6,212,35,27,Position_Unknown,Team_Unknown,Action_PreSnap,827.46,464.59,933.39,663.29,105.92999999999995,198.7,xml_geometry_csv_action
BootPass_6,212,38,29,Position_Unknown,Team_Unknown,Action_PreSnap,772.12,382.45,864.58,542.57,92.46000000000004,160.12000000000006,xml_geometry_csv_action
BootPass_6,212,3,3,Position_Unknown,Team_Unknown,Action_PreSnap,1457.95,626.12,1594.23,843.75,136.27999999999997,217.63,xml_geometry_csv_action
BootPass_6,212,39,30,Position_Unknown,Team_Unknown,Action_PreSnap,1621.46,0.28,1740.02,148.33,118.55999999999995,148.05,xml_geometry_csv_action
BootPass_6,212,4,4,Position_Unknown,Team_Unknown,Action_PreSnap,45.55,540.1,146.5,775.63,100.95,235.52999999999997,xml_geometry_csv_action
BootPass_6,212,5,5,Position_Unknown,Team_Unknown,Action_PreSnap,18.15,448.01,120.66,685.74,102.50999999999999,237.73000000000002,xml_geometry_csv_action
BootPass_6,212,8,8,Position_Unknown,Team_Unknown,Action_PreSnap,1107.77,0.76,1183.78,132.31,76.00999999999999,131.55,xml_geometry_csv_action
BootPass_6,213,0,0,Position_Unknown,Team_Unknown,Action_PreSnap,904.12,282.24,1009.96,492.31,105.84000000000003,210.07,xml_geometry_csv_action
BootPass_6,213,1,1,Position_Unknown,Team_Unknown,Action_PreSnap,629.61,626.29,815.57,852.43,185.96000000000004,226.14,xml_geometry_csv_action
BootPass_6,213,10,10,Position_Unknown,Team_Unknown,Action_PreSnap,373.85,563.92,536.39,780.27,162.53999999999996,216.35000000000002,xml_geometry_csv_action
BootPass_6,213,12,12,Position_Unknown,Team_Unknown,Action_PreSnap,1823.91,536.58,1920.0,770.07,96.08999999999992,233.49,xml_geometry_csv_action
BootPass_6,213,13,13,Position_Unknown,Team_Unknown,Action_PreSnap,694.6,451.33,834.77,653.46,140.16999999999996,202.13000000000005,xml_geometry_csv_action
BootPass_6,213,17,17,Position_Unknown,Team_Unknown,Action_PreSnap,919.69,699.59,1043.35,962.6,123.65999999999985,263.01,xml_geometry_csv_action
BootPass_6,213,21,18,Position_Unknown,Team_Unknown,Action_PreSnap,561.81,414.67,695.54,633.15,133.73000000000002,218.47999999999996,xml_geometry_csv_action
BootPass_6,213,31,23,Position_Unknown,Team_Unknown,Action_PreSnap,1210.83,658.53,1348.57,904.79,137.74,246.26,xml_geometry_csv_action
BootPass_6,213,35,27,Position_Unknown,Team_Unknown,Action_PreSnap,835.47,466.89,934.24,668.66,98.76999999999998,201.76999999999998,xml_geometry_csv_action
BootPass_6,213,38,29,Position_Unknown,Team_Unknown,Action_PreSnap,778.57,387.18,871.66,550.03,93.08999999999992,162.84999999999997,xml_geometry_csv_action
BootPass_6,213,3,3,Position_Unknown,Team_Unknown,Action_PreSnap,1463.15,631.81,1598.96,844.73,135.80999999999995,212.92000000000007,xml_geometry_csv_action
BootPass_6,213,4,4,Position_Unknown,Team_Unknown,Action_PreSnap,44.78,548.67,142.07,780.95,97.28999999999999,232.2800000000001,xml_geometry_csv_action
BootPass_6,213,5,5,Position_Unknown,Team_Unknown,Action_PreSnap,11.66,451.29,112.73,690.44,101.07000000000001,239.15000000000003,xml_geometry_csv_action
BootPass_6,213,8,8,Position_Unknown,Team_Unknown,Action_PreSnap,1106.0,1.11,1181.47,129.58,75.47000000000003,128.47,xml_geometry_csv_action
BootPass_6,214,0,0,Position_Unknown,Team_Unknown,Action_PreSnap,903.98,284.7,1008.95,496.9,104.97000000000003,212.2,xml_geometry_csv_action
BootPass_6,214,1,1,Position_Unknown,Team_Unknown,Action_PreSnap,628.58,635.76,818.06,864.27,189.4799999999999,228.51,xml_geometry_csv_action
BootPass_6,214,10,10,Position_Unknown,Team_Unknown,Action_PreSnap,382.54,566.94,541.5,780.55,158.95999999999998,213.6099999999999,xml_geometry_csv_action
BootPass_6,214,12,12,Position_Unknown,Team_Unknown,Action_PreSnap,1825.74,542.89,1920.0,773.15,94.25999999999999,230.26,xml_geometry_csv_action
BootPass_6,214,13,13,Position_Unknown,Team_Unknown,Action_PreSnap,708.01,460.7,839.48,650.86,131.47000000000003,190.16000000000003,xml_geometry_csv_action
BootPass_6,214,17,17,Position_Unknown,Team_Unknown,Action_PreSnap,913.17,702.8,1033.37,963.14,120.19999999999993,260.34000000000003,xml_geometry_csv_action
BootPass_6,214,21,18,Position_Unknown,Team_Unknown,Action_PreSnap,561.87,417.75,701.36,640.37,139.49,222.62,xml_geometry_csv_action
BootPass_6,214,2,2,Position_Unknown,Team_Unknown,Action_PreSnap,707.15,609.11,813.35,686.6,106.20000000000005,77.49000000000001,xml_geometry_csv_action
BootPass_6,214,31,23,Position_Unknown,Team_Unknown,Action_PreSnap,1189.74,659.61,1308.2,908.08,118.46000000000004,248.47000000000003,xml_geometry_csv_action
BootPass_6,214,35,27,Position_Unknown,Team_Unknown,Action_PreSnap,841.15,475.33,935.15,674.73,94.0,199.40000000000003,xml_geometry_csv_action
BootPass_6,214,38,29,Position_Unknown,Team_Unknown,Action_PreSnap,789.71,394.92,878.12,586.6,88.40999999999997,191.68,xml_geometry_csv_action
BootPass_6,214,3,3,Position_Unknown,Team_Unknown,Action_PreSnap,1462.78,637.5,1604.51,845.83,141.73000000000002,208.33000000000004,xml_geometry_csv_action
BootPass_6,214,39,30,Position_Unknown,Team_Unknown,Action_PreSnap,1580.07,0.87,1679.68,153.73,99.61000000000013,152.85999999999999,xml_geometry_csv_action
BootPass_6,214,4,4,Position_Unknown,Team_Unknown,Action_PreSnap,37.42,559.32,136.88,787.22,99.46,227.89999999999998,xml_geometry_csv_action
BootPass_6,214,5,5,Position_Unknown,Team_Unknown,Action_PreSnap,5.34,456.97,106.17,696.85,100.83,239.88,xml_geometry_csv_action
BootPass_6,214,8,8,Position_Unknown,Team_Unknown,Action_PreSnap,1103.26,2.12,1178.25,136.33,74.99000000000001,134.21,xml_geometry_csv_action
BootPass_6,215,0,0,Position_Unknown,Team_Unknown,Action_PreSnap,902.22,286.42,1009.65,500.95,107.42999999999995,214.52999999999997,xml_geometry_csv_action
BootPass_6,215,1,1,Position_Unknown,Team_Unknown,Action_PreSnap,630.35,644.84,816.65,877.04,186.29999999999995,232.19999999999993,xml_geometry_csv_action
BootPass_6,215,10,10,Position_Unknown,Team_Unknown,Action_PreSnap,395.56,569.17,550.0,785.46,154.44,216.29000000000008,xml_geometry_csv_action
BootPass_6,215,12,12,Position_Unknown,Team_Unknown,Action_PreSnap,1819.03,547.73,1920.0,776.25,100.97000000000003,228.51999999999998,xml_geometry_csv_action
BootPass_6,215,13,13,Position_Unknown,Team_Unknown,Action_PreSnap,727.62,470.83,838.33,643.35,110.71000000000004,172.52000000000004,xml_geometry_csv_action
BootPass_6,215,17,17,Position_Unknown,Team_Unknown,Action_PreSnap,903.48,708.36,1022.68,963.08,119.19999999999993,254.72000000000003,xml_geometry_csv_action
BootPass_6,215,21,18,Position_Unknown,Team_Unknown,Action_PreSnap,566.1,422.27,704.21,637.5,138.11,215.23000000000002,xml_geometry_csv_action
BootPass_6,215,2,2,Position_Unknown,Team_Unknown,Action_PreSnap,708.86,609.23,809.7,702.12,100.84000000000003,92.88999999999999,xml_geometry_csv_action
BootPass_6,215,31,23,Position_Unknown,Team_Unknown,Action_PreSnap,1155.69,661.3,1264.59,908.1,108.89999999999986,246.80000000000007,xml_geometry_csv_action
BootPass_6,215,35,27,Position_Unknown,Team_Unknown,Action_PreSnap,844.64,480.73,935.94,678.56,91.30000000000007,197.82999999999993,xml_geometry_csv_action
BootPass_6,215,38,29,Position_Unknown,Team_Unknown,Action_PreSnap,798.41,404.88,882.4,599.58,83.99000000000001,194.70000000000005,xml_geometry_csv_action
BootPass_6,215,3,3,Position_Unknown,Team_Unknown,Action_PreSnap,1457.43,638.77,1606.06,848.42,148.62999999999988,209.64999999999998,xml_geometry_csv_action
BootPass_6,215,39,30,Position_Unknown,Team_Unknown,Action_PreSnap,1552.52,0.61,1640.73,159.96,88.21000000000004,159.35,xml_geometry_csv_action
BootPass_6,215,4,4,Position_Unknown,Team_Unknown,Action_PreSnap,28.0,566.83,131.95,792.56,103.94999999999999,225.7299999999999,xml_geometry_csv_action
BootPass_6,215,5,5,Position_Unknown,Team_Unknown,Action_PreSnap,0.0,461.61,97.58,693.26,97.58,231.64999999999998,xml_geometry_csv_action
BootPass_6,215,8,8,Position_Unknown,Team_Unknown,Action_PreSnap,1098.55,2.34,1176.2,140.81,77.65000000000009,138.47,xml_geometry_csv_action
BootPass_6,216,0,0,Position_Unknown,Team_Unknown,Action_PreSnap,894.82,288.29,1009.49,496.24,114.66999999999996,207.95,xml_geometry_csv_action
BootPass_6,216,1,1,Position_Unknown,Team_Unknown,Action_PreSnap,631.22,649.33,809.88,884.79,178.65999999999997,235.45999999999992,xml_geometry_csv_action
BootPass_6,216,10,10,Position_Unknown,Team_Unknown,Action_PreSnap,407.57,572.13,550.39,788.16,142.82,216.02999999999997,xml_geometry_csv_action
BootPass_6,216,12,12,Position_Unknown,Team_Unknown,Action_PreSnap,1804.63,549.21,1918.17,778.73,113.53999999999996,229.51999999999998,xml_geometry_csv_action
BootPass_6,216,13,13,Position_Unknown,Team_Unknown,Action_PreSnap,734.39,477.03,834.35,646.77,99.96000000000004,169.74,xml_geometry_csv_action
BootPass_6,216,17,17,Position_Unknown,Team_Unknown,Action_PreSnap,890.35,710.35,1009.75,963.44,119.39999999999998,253.09000000000003,xml_geometry_csv_action
BootPass_6,216,21,18,Position_Unknown,Team_Unknown,Action_PreSnap,566.23,426.57,703.48,638.03,137.25,211.45999999999998,xml_geometry_csv_action
BootPass_6,216,31,23,Position_Unknown,Team_Unknown,Action_PreSnap,1122.13,666.84,1229.37,907.14,107.23999999999978,240.29999999999995,xml_geometry_csv_action
BootPass_6,216,35,27,Position_Unknown,Team_Unknown,Action_PreSnap,843.93,482.3,928.92,679.87,84.99000000000001,197.57,xml_geometry_csv_action
BootPass_6,216,38,29,Position_Unknown,Team_Unknown,Action_PreSnap,800.56,407.55,882.58,539.0,82.0200000000001,131.45,xml_geometry_csv_action
BootPass_6,216,3,3,Position_Unknown,Team_Unknown,Action_PreSnap,1444.95,639.81,1598.54,852.53,153.58999999999992,212.72000000000003,xml_geometry_csv_action
BootPass_6,216,39,30,Position_Unknown,Team_Unknown,Action_PreSnap,1521.15,0.0,1607.51,160.96,86.3599999999999,160.96,xml_geometry_csv_action
BootPass_6,216,4,4,Position_Unknown,Team_Unknown,Action_PreSnap,7.55,573.31,118.77,794.7,111.22,221.3900000000001,xml_geometry_csv_action
BootPass_6,216,5,5,Position_Unknown,Team_Unknown,Action_PreSnap,0.0,464.67,85.94,684.93,85.94,220.25999999999993,xml_geometry_csv_action
BootPass_6,216,8,8,Position_Unknown,Team_Unknown,Action_PreSnap,1085.27,1.13,1164.94,145.24,79.67000000000007,144.11,xml_geometry_csv_action
BootPass_6,217,0,0,Position_Unknown,Team_Unknown,Action_PreSnap,879.53,289.82,1001.74,494.7,122.21000000000004,204.88,xml_geometry_csv_action
BootPass_6,217,1,1,Position_Unknown,Team_Unknown,Action_PreSnap,629.16,661.15,790.98,887.61,161.82000000000005,226.46000000000004,xml_geometry_csv_action
BootPass_6,217,10,10,Position_Unknown,Team_Unknown,Action_PreSnap,419.81,576.59,544.81,789.55,124.99999999999994,212.95999999999992,xml_geometry_csv_action
BootPass_6,217,12,12,Position_Unknown,Team_Unknown,Action_PreSnap,1784.57,550.04,1914.46,777.49,129.8900000000001,227.45000000000005,xml_geometry_csv_action
BootPass_6,217,13,13,Position_Unknown,Team_Unknown,Action_PreSnap,718.7,477.75,822.87,652.74,104.16999999999996,174.99,xml_geometry_csv_action
BootPass_6,217,17,17,Position_Unknown,Team_Unknown,Action_PreSnap,864.26,711.33,986.56,961.81,122.29999999999995,250.4799999999999,xml_geometry_csv_action
BootPass_6,217,21,18,Position_Unknown,Team_Unknown,Action_PreSnap,561.5,432.34,693.4,639.3,131.89999999999998,206.95999999999998,xml_geometry_csv_action
BootPass_6,217,2,2,Position_Unknown,Team_Unknown,Action_PreSnap,694.49,620.98,786.0,735.04,91.50999999999999,114.05999999999995,xml_geometry_csv_action
BootPass_6,217,31,23,Position_Unknown,Team_Unknown,Action_PreSnap,1070.15,673.15,1194.4,910.16,124.25,237.01,xml_geometry_csv_action
BootPass_6,217,35,27,Position_Unknown,Team_Unknown,Action_PreSnap,833.92,485.78,921.99,679.61,88.07000000000005,193.83000000000004,xml_geometry_csv_action
BootPass_6,217,38,29,Position_Unknown,Team_Unknown,Action_PreSnap,789.55,415.88,871.09,580.9,81.54000000000008,165.01999999999998,xml_geometry_csv_action
BootPass_6,217,3,3,Position_Unknown,Team_Unknown,Action_PreSnap,1424.24,639.37,1579.41,859.19,155.17000000000007,219.82000000000005,xml_geometry_csv_action
BootPass_6,217,39,30,Position_Unknown,Team_Unknown,Action_PreSnap,1480.65,0.0,1573.95,164.07,93.29999999999995,164.07,xml_geometry_csv_action
BootPass_6,217,4,4,Position_Unknown,Team_Unknown,Action_PreSnap,0.0,581.9,101.6,797.21,101.6,215.31000000000006,xml_geometry_csv_action
BootPass_6,217,5,5,Position_Unknown,Team_Unknown,Action_PreSnap,0.0,468.47,67.56,639.03,67.56,170.55999999999995,xml_geometry_csv_action
BootPass_6,217,8,8,Position_Unknown,Team_Unknown,Action_PreSnap,1064.81,0.85,1144.83,150.75,80.01999999999998,149.9,xml_geometry_csv_action
BootPass_6,218,0,0,Position_Unknown,Team_Unknown,Action_PreSnap,859.63,291.62,987.13,496.11,127.5,204.49,xml_geometry_csv_action
BootPass_6,218,1,1,Position_Unknown,Team_Unknown,Action_PreSnap,632.75,672.08,768.24,889.4,135.49,217.31999999999994,xml_geometry_csv_action
BootPass_6,218,10,10,Position_Unknown,Team_Unknown,Action_PreSnap,415.61,582.49,533.16,791.88,117.54999999999995,209.39,xml_geometry_csv_action
BootPass_6,218,12,12,Position_Unknown,Team_Unknown,Action_PreSnap,1772.86,550.71,1897.14,775.67,124.2800000000002,224.95999999999992,xml_geometry_csv_action
BootPass_6,218,13,13,Position_Unknown,Team_Unknown,Action_PreSnap,699.16,486.23,807.08,663.89,107.92000000000007,177.65999999999997,xml_geometry_csv_action
BootPass_6,218,17,17,Position_Unknown,Team_Unknown,Action_PreSnap,837.56,714.14,959.61,961.47,122.05000000000007,247.33000000000004,xml_geometry_csv_action
BootPass_6,218,21,18,Position_Unknown,Team_Unknown,Action_PreSnap,555.52,439.38,673.9,638.93,118.38,199.54999999999995,xml_geometry_csv_action
BootPass_6,218,31,23,Position_Unknown,Team_Unknown,Action_PreSnap,1013.84,681.09,1151.85,917.6,138.00999999999988,236.51,xml_geometry_csv_action
BootPass_6,218,35,27,Position_Unknown,Team_Unknown,Action_PreSnap,820.1,488.93,914.27,686.78,94.16999999999996,197.84999999999997,xml_geometry_csv_action
BootPass_6,218,38,29,Position_Unknown,Team_Unknown,Action_PreSnap,774.67,415.94,860.23,540.99,85.56000000000006,125.05000000000001,xml_geometry_csv_action
BootPass_6,218,3,3,Position_Unknown,Team_Unknown,Action_PreSnap,1398.8,640.59,1551.89,864.67,153.09000000000015,224.07999999999993,xml_geometry_csv_action
BootPass_6,218,39,30,Position_Unknown,Team_Unknown,Action_PreSnap,1433.24,0.0,1539.4,159.79,106.16000000000008,159.79,xml_geometry_csv_action
BootPass_6,218,42,31,Position_Unknown,Team_Unknown,Action_PreSnap,1824.57,0.96,1912.49,167.08,87.92000000000007,166.12,xml_geometry_csv_action
BootPass_6,218,4,4,Position_Unknown,Team_Unknown,Action_PreSnap,0.0,587.07,80.04,800.89,80.04,213.81999999999994,xml_geometry_csv_action
BootPass_6,218,5,5,Position_Unknown,Team_Unknown,Action_PreSnap,0.0,475.26,48.81,656.07,48.81,180.81000000000006,xml_geometry_csv_action
BootPass_6,218,8,8,Position_Unknown,Team_Unknown,Action_PreSnap,1039.8,0.77,1119.96,152.05,80.16000000000008,151.28,xml_geometry_csv_action
BootPass_6,219,0,0,Position_Unknown,Team_Unknown,Action_PreSnap,837.82,294.33,970.78,497.74,132.95999999999992,203.41000000000003,xml_geometry_csv_action
BootPass_6,219,1,1,Position_Unknown,Team_Unknown,Action_PreSnap,632.8,676.77,752.41,896.05,119.61000000000001,219.27999999999997,xml_geometry_csv_action
BootPass_6,219,10,10,Position_Unknown,Team_Unknown,Action_PreSnap,402.59,587.12,525.58,793.51,122.99000000000007,206.39,xml_geometry_csv_action
BootPass_6,219,12,12,Position_Unknown,Team_Unknown,Action_PreSnap,1762.95,551.22,1878.59,775.93,115.63999999999987,224.70999999999992,xml_geometry_csv_action
BootPass_6,219,13,13,Position_Unknown,Team_Unknown,Action_PreSnap,680.73,490.54,798.37,667.35,117.63999999999999,176.81,xml_geometry_csv_action
BootPass_6,219,17,17,Position_Unknown,Team_Unknown,Action_PreSnap,810.73,717.52,934.08,961.45,123.35000000000002,243.93000000000006,xml_geometry_csv_action
BootPass_6,219,21,18,Position_Unknown,Team_Unknown,Action_PreSnap,547.82,444.89,651.72,640.03,103.89999999999998,195.14,xml_geometry_csv_action
BootPass_6,219,2,2,Position_Unknown,Team_Unknown,Action_PreSnap,665.87,629.24,755.23,754.5,89.36000000000001,125.25999999999999,xml_geometry_csv_action
BootPass_6,219,31,23,Position_Unknown,Team_Unknown,Action_PreSnap,960.23,690.28,1103.63,922.33,143.4000000000001,232.05000000000007,xml_geometry_csv_action
BootPass_6,219,35,27,Position_Unknown,Team_Unknown,Action_PreSnap,800.23,494.72,905.23,696.69,105.0,201.97000000000003,xml_geometry_csv_action
BootPass_6,219,38,29,Position_Unknown,Team_Unknown,Action_PreSnap,757.3,415.99,843.77,521.37,86.47000000000003,105.38,xml_geometry_csv_action
BootPass_6,219,3,3,Position_Unknown,Team_Unknown,Action_PreSnap,1375.4,642.44,1520.81,872.94,145.40999999999985,230.5,xml_geometry_csv_action
BootPass_6,219,39,30,Position_Unknown,Team_Unknown,Action_PreSnap,1389.22,0.14,1500.81,150.6,111.58999999999992,150.46,xml_geometry_csv_action
BootPass_6,219,42,31,Position_Unknown,Team_Unknown,Action_PreSnap,1785.17,1.5,1874.1,170.0,88.92999999999984,168.5,xml_geometry_csv_action
BootPass_6,219,4,4,Position_Unknown,Team_Unknown,Action_PreSnap,0.0,585.99,60.64,804.82,60.64,218.83000000000004,xml_geometry_csv_action
BootPass_6,219,8,8,Position_Unknown,Team_Unknown,Action_PreSnap,1011.29,0.85,1095.63,145.41,84.34000000000015,144.56,xml_geometry_csv_action
BootPass_6,220,0,0,Position_Unknown,Team_Unknown,Action_PreSnap,819.81,295.78,952.13,496.39,132.32000000000005,200.61,xml_geometry_csv_action
BootPass_6,220,1,1,Position_Unknown,Team_Unknown,Action_PreSnap,625.62,686.2,746.74,899.09,121.12,212.89,xml_geometry_csv_action
BootPass_6,220,10,10,Position_Unknown,Team_Unknown,Action_PreSnap,388.98,590.6,524.49,794.17,135.51,203.56999999999994,xml_geometry_csv_action
BootPass_6,220,12,12,Position_Unknown,Team_Unknown,Action_PreSnap,1755.11,551.84,1863.58,775.77,108.47000000000003,223.92999999999995,xml_geometry_csv_action
BootPass_6,220,13,13,Position_Unknown,Team_Unknown,Action_PreSnap,665.29,495.95,787.21,673.71,121.92000000000007,177.76000000000005,xml_geometry_csv_action
BootPass_6,220,17,17,Position_Unknown,Team_Unknown,Action_PreSnap,787.83,719.14,907.88,961.85,120.04999999999995,242.71000000000004,xml_geometry_csv_action
BootPass_6,220,21,18,Position_Unknown,Team_Unknown,Action_PreSnap,535.64,449.02,637.87,639.96,102.23000000000002,190.94000000000005,xml_geometry_csv_action
BootPass_6,220,2,2,Position_Unknown,Team_Unknown,Action_PreSnap,640.11,637.67,739.27,784.46,99.15999999999997,146.79000000000008,xml_geometry_csv_action
BootPass_6,220,31,23,Position_Unknown,Team_Unknown,Action_PreSnap,917.54,700.97,1060.68,931.38,143.1400000000001,230.40999999999997,xml_geometry_csv_action
BootPass_6,220,35,27,Position_Unknown,Team_Unknown,Action_PreSnap,780.62,498.43,896.92,704.74,116.29999999999995,206.31,xml_geometry_csv_action
BootPass_6,220,38,29,Position_Unknown,Team_Unknown,Action_PreSnap,742.97,415.95,830.98,516.14,88.00999999999999,100.19,xml_geometry_csv_action
BootPass_6,220,3,3,Position_Unknown,Team_Unknown,Action_PreSnap,1353.62,646.75,1490.89,886.6,137.2700000000002,239.85000000000002,xml_geometry_csv_action
BootPass_6,220,39,30,Position_Unknown,Team_Unknown,Action_PreSnap,1356.12,0.12,1455.59,154.48,99.47000000000003,154.35999999999999,xml_geometry_csv_action
BootPass_6,220,42,31,Position_Unknown,Team_Unknown,Action_PreSnap,1744.14,0.77,1835.38,174.14,91.24000000000001,173.36999999999998,xml_geometry_csv_action
BootPass_6,220,4,4,Position_Unknown,Team_Unknown,Action_PreSnap,0.0,600.32,42.08,810.16,42.08,209.83999999999992,xml_geometry_csv_action
BootPass_6,220,8,8,Position_Unknown,Team_Unknown,Action_PreSnap,986.04,0.62,1075.35,142.36,89.30999999999995,141.74,xml_geometry_csv_action
BootPass_6,221,0,0,Position_Unknown,Team_Unknown,Action_PreSnap,807.09,296.71,932.88,495.25,125.78999999999996,198.54000000000002,xml_geometry_csv_action
BootPass_6,221,1,1,Position_Unknown,Team_Unknown,Action_PreSnap,619.49,690.79,741.55,905.71,122.05999999999995,214.92000000000007,xml_geometry_csv_action
BootPass_6,221,10,10,Position_Unknown,Team_Unknown,Action_PreSnap,380.59,592.39,526.2,800.49,145.61000000000007,208.10000000000002,xml_geometry_csv_action
BootPass_6,221,12,12,Position_Unknown,Team_Unknown,Action_PreSnap,1749.02,550.94,1854.76,780.98,105.74000000000001,230.03999999999996,xml_geometry_csv_action
BootPass_6,221,13,13,Position_Unknown,Team_Unknown,Action_PreSnap,657.69,500.81,782.21,678.54,124.51999999999998,177.72999999999996,xml_geometry_csv_action
BootPass_6,221,17,17,Position_Unknown,Team_Unknown,Action_PreSnap,770.44,721.11,886.94,960.75,116.5,239.64,xml_geometry_csv_action
BootPass_6,221,21,18,Position_Unknown,Team_Unknown,Action_PreSnap,526.8,451.92,622.59,644.71,95.79000000000008,192.79000000000002,xml_geometry_csv_action
BootPass_6,221,2,2,Position_Unknown,Team_Unknown,Action_PreSnap,626.92,644.36,729.75,798.4,102.83000000000004,154.03999999999996,xml_geometry_csv_action
BootPass_6,221,31,23,Position_Unknown,Team_Unknown,Action_PreSnap,883.67,713.22,1024.31,943.88,140.64,230.65999999999997,xml_geometry_csv_action
BootPass_6,221,35,27,Position_Unknown,Team_Unknown,Action_PreSnap,778.53,505.75,889.77,714.63,111.24000000000001,208.88,xml_geometry_csv_action
BootPass_6,221,38,29,Position_Unknown,Team_Unknown,Action_PreSnap,734.33,423.32,825.01,519.49,90.67999999999995,96.17000000000002,xml_geometry_csv_action
BootPass_6,221,3,3,Position_Unknown,Team_Unknown,Action_PreSnap,1334.88,649.93,1465.36,896.74,130.4799999999998,246.81000000000006,xml_geometry_csv_action
BootPass_6,221,39,30,Position_Unknown,Team_Unknown,Action_PreSnap,1324.2,0.07,1413.17,162.68,88.97000000000003,162.61,xml_geometry_csv_action
BootPass_6,221,42,31,Position_Unknown,Team_Unknown,Action_PreSnap,1703.21,0.46,1799.45,177.08,96.24000000000001,176.62,xml_geometry_csv_action
BootPass_6,221,4,4,Position_Unknown,Team_Unknown,Action_PreSnap,0.0,567.53,29.68,806.86,29.68,239.33000000000004,xml_geometry_csv_action
BootPass_6,221,8,8,Position_Unknown,Team_Unknown,Action_PreSnap,965.43,0.53,1056.71,146.92,91.28000000000009,146.39,xml_geometry_csv_action
BootPass_6,222,0,0,Position_Unknown,Team_Unknown,Action_PreSnap,800.21,298.41,916.17,492.8,115.95999999999992,194.39,xml_geometry_csv_action
BootPass_6,222,1,1,Position_Unknown,Team_Unknown,Action_PreSnap,617.47,696.2,743.29,915.3,125.81999999999994,219.0999999999999,xml_geometry_csv_action
BootPass_6,222,10,10,Position_Unknown,Team_Unknown,Action_PreSnap,380.53,595.35,538.17,809.48,157.64,214.13,xml_geometry_csv_action
BootPass_6,222,12,12,Position_Unknown,Team_Unknown,Action_PreSnap,1745.63,552.25,1853.41,784.23,107.77999999999997,231.98000000000002,xml_geometry_csv_action
BootPass_6,222,13,13,Position_Unknown,Team_Unknown,Action_PreSnap,657.44,499.65,774.95,683.17,117.50999999999999,183.51999999999998,xml_geometry_csv_action
BootPass_6,222,17,17,Position_Unknown,Team_Unknown,Action_PreSnap,757.1,722.53,860.11,959.55,103.00999999999999,237.01999999999998,xml_geometry_csv_action
BootPass_6,222,21,18,Position_Unknown,Team_Unknown,Action_PreSnap,521.43,454.34,613.45,650.71,92.0200000000001,196.37000000000006,xml_geometry_csv_action
BootPass_6,222,2,2,Position_Unknown,Team_Unknown,Action_PreSnap,618.64,651.24,715.53,804.2,96.88999999999999,152.96000000000004,xml_geometry_csv_action
BootPass_6,222,31,23,Position_Unknown,Team_Unknown,Action_PreSnap,861.06,725.65,993.32,949.98,132.2600000000001,224.33000000000004,xml_geometry_csv_action
BootPass_6,222,35,27,Position_Unknown,Team_Unknown,Action_PreSnap,778.4,509.77,883.45,725.78,105.05000000000007,216.01,xml_geometry_csv_action
BootPass_6,222,38,29,Position_Unknown,Team_Unknown,Action_PreSnap,737.93,422.34,820.56,525.19,82.63,102.85000000000008,xml_geometry_csv_action
BootPass_6,222,3,3,Position_Unknown,Team_Unknown,Action_PreSnap,1319.31,655.14,1442.14,899.65,122.83000000000015,244.51,xml_geometry_csv_action
BootPass_6,222,39,30,Position_Unknown,Team_Unknown,Action_PreSnap,1297.36,0.26,1374.51,168.55,77.15000000000009,168.29000000000002,xml_geometry_csv_action
BootPass_6,222,42,31,Position_Unknown,Team_Unknown,Action_PreSnap,1671.53,0.28,1766.14,171.57,94.61000000000013,171.29,xml_geometry_csv_action
BootPass_6,222,8,8,Position_Unknown,Team_Unknown,Action_PreSnap,947.03,0.46,1041.42,152.81,94.3900000000001,152.35,xml_geometry_csv_action
BootPass_6,223,0,0,Position_Unknown,Team_Unknown,Action_PreSnap,797.77,300.37,905.1,495.77,107.33000000000004,195.39999999999998,xml_geometry_csv_action
BootPass_6,223,1,1,Position_Unknown,Team_Unknown,Action_PreSnap,623.88,701.63,746.16,923.27,122.27999999999997,221.64,xml_geometry_csv_action
BootPass_6,223,10,10,Position_Unknown,Team_Unknown,Action_PreSnap,392.38,600.63,548.66,813.05,156.27999999999997,212.41999999999996,xml_geometry_csv_action
BootPass_6,223,12,12,Position_Unknown,Team_Unknown,Action_PreSnap,1744.72,554.14,1856.56,785.24,111.83999999999992,231.10000000000002,xml_geometry_csv_action
BootPass_6,223,13,13,Position_Unknown,Team_Unknown,Action_PreSnap,668.93,500.22,769.14,688.65,100.21000000000004,188.42999999999995,xml_geometry_csv_action
BootPass_6,223,17,17,Position_Unknown,Team_Unknown,Action_PreSnap,750.11,723.46,843.57,958.75,93.46000000000004,235.28999999999996,xml_geometry_csv_action
BootPass_6,223,21,18,Position_Unknown,Team_Unknown,Action_PreSnap,519.78,458.57,611.45,657.47,91.67000000000007,198.90000000000003,xml_geometry_csv_action
BootPass_6,223,2,2,Position_Unknown,Team_Unknown,Action_PreSnap,613.88,655.99,706.95,815.63,93.07000000000005,159.64,xml_geometry_csv_action
BootPass_6,223,31,23,Position_Unknown,Team_Unknown,Action_PreSnap,847.45,734.84,970.86,957.55,123.40999999999997,222.70999999999992,xml_geometry_csv_action
BootPass_6,223,35,27,Position_Unknown,Team_Unknown,Action_PreSnap,780.28,523.51,877.22,733.79,96.94000000000005,210.27999999999997,xml_geometry_csv_action
BootPass_6,223,38,29,Position_Unknown,Team_Unknown,Action_PreSnap,743.45,422.94,818.21,531.48,74.75999999999999,108.54000000000002,xml_geometry_csv_action
BootPass_6,223,3,3,Position_Unknown,Team_Unknown,Action_PreSnap,1306.99,659.23,1426.72,902.06,119.73000000000002,242.82999999999993,xml_geometry_csv_action
BootPass_6,223,39,30,Position_Unknown,Team_Unknown,Action_PreSnap,1269.77,0.05,1348.27,173.93,78.5,173.88,xml_geometry_csv_action
BootPass_6,223,42,31,Position_Unknown,Team_Unknown,Action_PreSnap,1644.27,0.16,1739.63,165.25,95.36000000000013,165.09,xml_geometry_csv_action
BootPass_6,223,8,8,Position_Unknown,Team_Unknown,Action_PreSnap,937.69,0.4,1030.7,158.55,93.00999999999999,158.15,xml_geometry_csv_action
BootPass_6,224,0,0,Position_Unknown,Team_Unknown,Action_PreSnap,798.15,303.33,899.57,499.73,101.42000000000007,196.40000000000003,xml_geometry_csv_action
BootPass_6,224,1,1,Position_Unknown,Team_Unknown,Action_PreSnap,635.07,706.87,747.23,926.63,112.15999999999997,219.76,xml_geometry_csv_action
BootPass_6,224,10,10,Position_Unknown,Team_Unknown,Action_PreSnap,410.24,605.58,556.02,818.56,145.77999999999997,212.9799999999999,xml_geometry_csv_action
BootPass_6,224,12,12,Position_Unknown,Team_Unknown,Action_PreSnap,1748.26,557.32,1862.5,787.36,114.24000000000001,230.03999999999996,xml_geometry_csv_action
BootPass_6,224,13,13,Position_Unknown,Team_Unknown,Action_PreSnap,686.3,500.26,773.26,693.5,86.96000000000004,193.24,xml_geometry_csv_action
BootPass_6,224,17,17,Position_Unknown,Team_Unknown,Action_PreSnap,746.84,724.89,834.17,959.06,87.32999999999993,234.16999999999996,xml_geometry_csv_action
BootPass_6,224,21,18,Position_Unknown,Team_Unknown,Action_PreSnap,524.45,462.39,615.02,663.75,90.56999999999994,201.36,xml_geometry_csv_action
BootPass_6,224,2,2,Position_Unknown,Team_Unknown,Action_PreSnap,612.88,661.67,708.48,822.18,95.60000000000002,160.51,xml_geometry_csv_action
BootPass_6,224,31,23,Position_Unknown,Team_Unknown,Action_PreSnap,840.46,741.68,956.69,962.48,116.23000000000002,220.80000000000007,xml_geometry_csv_action
BootPass_6,224,35,27,Position_Unknown,Team_Unknown,Action_PreSnap,780.71,532.47,875.31,738.31,94.59999999999991,205.83999999999992,xml_geometry_csv_action
BootPass_6,224,38,29,Position_Unknown,Team_Unknown,Action_PreSnap,750.63,426.32,823.85,546.26,73.22000000000003,119.94,xml_geometry_csv_action
BootPass_6,224,3,3,Position_Unknown,Team_Unknown,Action_PreSnap,1303.38,662.99,1415.22,902.99,111.83999999999992,240.0,xml_geometry_csv_action
BootPass_6,224,39,30,Position_Unknown,Team_Unknown,Action_PreSnap,1248.85,0.02,1329.0,174.79,80.15000000000009,174.76999999999998,xml_geometry_csv_action
BootPass_6,224,42,31,Position_Unknown,Team_Unknown,Action_PreSnap,1621.73,0.62,1718.6,168.19,96.86999999999989,167.57,xml_geometry_csv_action
BootPass_6,224,45,32,Position_Unknown,Team_Unknown,Action_PreSnap,0.0,188.53,62.77,350.63,62.77,162.1,xml_geometry_csv_action
BootPass_6,224,8,8,Position_Unknown,Team_Unknown,Action_PreSnap,936.83,0.46,1024.13,164.55,87.30000000000007,164.09,xml_geometry_csv_action
BootPass_6,225,0,0,Position_Unknown,Team_Unknown,Action_PreSnap,800.77,307.02,897.72,503.41,96.95000000000005,196.39000000000004,xml_geometry_csv_action
BootPass_6,225,1,1,Position_Unknown,Team_Unknown,Action_PreSnap,642.12,709.79,745.89,927.21,103.76999999999998,217.42000000000007,xml_geometry_csv_action
BootPass_6,225,10,10,Position_Unknown,Team_Unknown,Action_PreSnap,441.93,610.85,562.85,822.85,120.92000000000002,212.0,xml_geometry_csv_action
BootPass_6,225,12,12,Position_Unknown,Team_Unknown,Action_PreSnap,1752.0,562.3,1864.17,792.34,112.17000000000007,230.04000000000008,xml_geometry_csv_action
BootPass_6,225,13,13,Position_Unknown,Team_Unknown,Action_PreSnap,697.15,505.2,779.53,698.36,82.38,193.16000000000003,xml_geometry_csv_action
BootPass_6,225,17,17,Position_Unknown,Team_Unknown,Action_PreSnap,747.41,726.47,829.77,958.51,82.36000000000001,232.03999999999996,xml_geometry_csv_action
BootPass_6,225,21,18,Position_Unknown,Team_Unknown,Action_PreSnap,531.64,463.92,620.34,668.46,88.70000000000005,204.54000000000002,xml_geometry_csv_action
BootPass_6,225,2,2,Position_Unknown,Team_Unknown,Action_PreSnap,612.82,665.52,713.56,836.37,100.7399999999999,170.85000000000002,xml_geometry_csv_action
BootPass_6,225,31,23,Position_Unknown,Team_Unknown,Action_PreSnap,836.09,746.22,946.03,967.92,109.93999999999994,221.69999999999993,xml_geometry_csv_action
BootPass_6,225,35,27,Position_Unknown,Team_Unknown,Action_PreSnap,786.7,537.27,878.64,740.69,91.93999999999994,203.42000000000007,xml_geometry_csv_action
BootPass_6,225,38,29,Position_Unknown,Team_Unknown,Action_PreSnap,757.65,435.11,831.92,557.06,74.26999999999998,121.94999999999993,xml_geometry_csv_action
BootPass_6,225,3,3,Position_Unknown,Team_Unknown,Action_PreSnap,1302.52,664.81,1408.59,903.49,106.06999999999994,238.68000000000006,xml_geometry_csv_action
BootPass_6,225,39,30,Position_Unknown,Team_Unknown,Action_PreSnap,1231.24,0.0,1315.73,166.14,84.49000000000001,166.14,xml_geometry_csv_action
BootPass_6,225,42,31,Position_Unknown,Team_Unknown,Action_PreSnap,1603.62,2.92,1696.63,174.01,93.01000000000022,171.09,xml_geometry_csv_action
BootPass_6,225,45,32,Position_Unknown,Team_Unknown,Action_PreSnap,0.0,191.58,87.93,359.54,87.93,167.96,xml_geometry_csv_action
BootPass_6,225,8,8,Position_Unknown,Team_Unknown,Action_PreSnap,939.38,1.03,1019.3,168.72,79.91999999999996,167.69,xml_geometry_csv_action
BootPass_6,226,0,0,Position_Unknown,Team_Unknown,Action_PreSnap,811.63,309.62,901.91,505.62,90.27999999999997,196.0,xml_geometry_csv_action
BootPass_6,226,1,1,Position_Unknown,Team_Unknown,Action_PreSnap,648.29,711.52,748.3,925.94,100.00999999999999,214.42000000000007,xml_geometry_csv_action
BootPass_6,226,10,10,Position_Unknown,Team_Unknown,Action_PreSnap,489.58,616.09,576.64,820.74,87.06,204.64999999999998,xml_geometry_csv_action
BootPass_6,226,12,12,Position_Unknown,Team_Unknown,Action_PreSnap,1755.02,569.07,1867.67,795.26,112.65000000000009,226.18999999999994,xml_geometry_csv_action
BootPass_6,226,13,13,Position_Unknown,Team_Unknown,Action_PreSnap,704.47,514.29,790.06,699.92,85.58999999999992,185.63,xml_geometry_csv_action
BootPass_6,226,17,17,Position_Unknown,Team_Unknown,Action_PreSnap,747.76,727.76,827.52,957.3,79.75999999999999,229.53999999999996,xml_geometry_csv_action
BootPass_6,226,21,18,Position_Unknown,Team_Unknown,Action_PreSnap,543.15,466.55,627.98,666.68,84.83000000000004,200.12999999999994,xml_geometry_csv_action
BootPass_6,226,2,2,Position_Unknown,Team_Unknown,Action_PreSnap,618.24,667.86,719.8,850.67,101.55999999999995,182.80999999999995,xml_geometry_csv_action
BootPass_6,226,31,23,Position_Unknown,Team_Unknown,Action_PreSnap,832.72,750.05,936.58,974.0,103.86000000000001,223.95000000000005,xml_geometry_csv_action
BootPass_6,226,35,27,Position_Unknown,Team_Unknown,Action_PreSnap,790.6,540.87,884.52,741.74,93.91999999999996,200.87,xml_geometry_csv_action
BootPass_6,226,38,29,Position_Unknown,Team_Unknown,Action_PreSnap,765.76,439.92,841.91,551.97,76.14999999999998,112.05000000000001,xml_geometry_csv_action
BootPass_6,226,3,3,Position_Unknown,Team_Unknown,Action_PreSnap,1294.7,666.28,1405.07,904.07,110.36999999999989,237.79000000000008,xml_geometry_csv_action
BootPass_6,226,39,30,Position_Unknown,Team_Unknown,Action_PreSnap,1215.63,0.0,1303.1,159.57,87.4699999999998,159.57,xml_geometry_csv_action
BootPass_6,226,42,31,Position_Unknown,Team_Unknown,Action_PreSnap,1589.8,6.35,1673.67,179.04,83.87000000000012,172.69,xml_geometry_csv_action
BootPass_6,226,45,32,Position_Unknown,Team_Unknown,Action_PreSnap,0.38,195.8,121.78,363.86,121.4,168.06,xml_geometry_csv_action
BootPass_6,226,8,8,Position_Unknown,Team_Unknown,Action_PreSnap,941.28,1.21,1019.55,169.28,78.26999999999998,168.07,xml_geometry_csv_action
BootPass_6,227,0,0,Position_Unknown,Team_Unknown,Action_PreSnap,829.21,312.87,910.24,505.42,81.02999999999997,192.55,xml_geometry_csv_action
BootPass_6,227,1,1,Position_Unknown,Team_Unknown,Action_PreSnap,665.27,709.09,761.73,922.65,96.46000000000004,213.55999999999995,xml_geometry_csv_action
BootPass_6,227,10,10,Position_Unknown,Team_Unknown,Action_PreSnap,522.23,612.24,602.29,818.2,80.05999999999995,205.96000000000004,xml_geometry_csv_action
BootPass_6,227,12,12,Position_Unknown,Team_Unknown,Action_PreSnap,1761.04,575.31,1879.67,796.76,118.63000000000011,221.45000000000005,xml_geometry_csv_action
BootPass_6,227,13,13,Position_Unknown,Team_Unknown,Action_PreSnap,726.69,511.72,808.35,699.21,81.65999999999997,187.49,xml_geometry_csv_action
BootPass_6,227,17,17,Position_Unknown,Team_Unknown,Action_PreSnap,749.58,729.29,831.24,955.54,81.65999999999997,226.25,xml_geometry_csv_action
BootPass_6,227,21,18,Position_Unknown,Team_Unknown,Action_PreSnap,558.75,470.9,641.68,660.73,82.92999999999995,189.83000000000004,xml_geometry_csv_action
BootPass_6,227,2,2,Position_Unknown,Team_Unknown,Action_PreSnap,628.56,668.53,731.61,860.0,103.05000000000007,191.47000000000003,xml_geometry_csv_action
BootPass_6,227,31,23,Position_Unknown,Team_Unknown,Action_PreSnap,835.51,752.24,935.26,982.08,99.75,229.84000000000003,xml_geometry_csv_action
BootPass_6,227,35,27,Position_Unknown,Team_Unknown,Action_PreSnap,802.74,543.24,890.24,740.65,87.5,197.40999999999997,xml_geometry_csv_action
BootPass_6,227,38,29,Position_Unknown,Team_Unknown,Action_PreSnap,782.34,446.14,857.37,546.91,75.02999999999997,100.76999999999998,xml_geometry_csv_action
BootPass_6,227,3,3,Position_Unknown,Team_Unknown,Action_PreSnap,1292.33,668.36,1407.19,905.64,114.86000000000013,237.27999999999997,xml_geometry_csv_action
BootPass_6,227,39,30,Position_Unknown,Team_Unknown,Action_PreSnap,1203.59,0.0,1285.44,159.04,81.85000000000014,159.04,xml_geometry_csv_action
BootPass_6,227,42,31,Position_Unknown,Team_Unknown,Action_PreSnap,1577.36,9.09,1661.8,184.83,84.44000000000005,175.74,xml_geometry_csv_action
BootPass_6,227,45,32,Position_Unknown,Team_Unknown,Action_PreSnap,7.69,204.07,154.8,369.4,147.11,165.32999999999998,xml_geometry_csv_action
BootPass_6,227,8,8,Position_Unknown,Team_Unknown,Action_PreSnap,945.91,2.3,1025.3,166.36,79.38999999999999,164.06,xml_geometry_csv_action
BootPass_6,228,0,0,Position_Unknown,Team_Unknown,Action_PreSnap,848.42,315.19,928.51,504.45,80.09000000000003,189.26,xml_geometry_csv_action
BootPass_6,228,1,1,Position_Unknown,Team_Unknown,Action_PreSnap,694.54,708.84,784.92,918.79,90.38,209.94999999999993,xml_geometry_csv_action
BootPass_6,228,10,10,Position_Unknown,Team_Unknown,Action_PreSnap,550.27,614.37,632.39,815.74,82.12,201.37,xml_geometry_csv_action
BootPass_6,228,12,12,Position_Unknown,Team_Unknown,Action_PreSnap,1775.55,579.12,1904.02,797.63,128.47000000000003,218.51,xml_geometry_csv_action
BootPass_6,228,13,13,Position_Unknown,Team_Unknown,Action_PreSnap,753.37,512.4,835.97,697.63,82.60000000000002,185.23000000000002,xml_geometry_csv_action
BootPass_6,228,17,17,Position_Unknown,Team_Unknown,Action_PreSnap,761.43,732.26,845.96,956.47,84.53000000000009,224.21000000000004,xml_geometry_csv_action
BootPass_6,228,21,18,Position_Unknown,Team_Unknown,Action_PreSnap,583.89,475.65,663.66,649.69,79.76999999999998,174.04000000000008,xml_geometry_csv_action
BootPass_6,228,2,2,Position_Unknown,Team_Unknown,Action_PreSnap,649.63,671.68,750.83,870.08,101.20000000000005,198.4000000000001,xml_geometry_csv_action
BootPass_6,228,31,23,Position_Unknown,Team_Unknown,Action_PreSnap,848.9,754.87,940.69,983.96,91.79000000000008,229.09000000000003,xml_geometry_csv_action
BootPass_6,228,35,27,Position_Unknown,Team_Unknown,Action_PreSnap,826.11,544.73,908.41,745.1,82.29999999999995,200.37,xml_geometry_csv_action
BootPass_6,228,38,29,Position_Unknown,Team_Unknown,Action_PreSnap,805.74,449.49,886.08,549.04,80.34000000000003,99.54999999999995,xml_geometry_csv_action
BootPass_6,228,3,3,Position_Unknown,Team_Unknown,Action_PreSnap,1298.4,672.17,1421.63,910.39,123.23000000000002,238.22000000000003,xml_geometry_csv_action
BootPass_6,228,39,30,Position_Unknown,Team_Unknown,Action_PreSnap,1202.96,0.84,1274.01,161.6,71.04999999999995,160.76,xml_geometry_csv_action
BootPass_6,228,42,31,Position_Unknown,Team_Unknown,Action_PreSnap,1574.16,13.46,1658.43,183.92,84.26999999999998,170.45999999999998,xml_geometry_csv_action
BootPass_6,228,45,32,Position_Unknown,Team_Unknown,Action_PreSnap,60.8,204.62,192.91,377.5,132.11,172.88,xml_geometry_csv_action
BootPass_6,228,8,8,Position_Unknown,Team_Unknown,Action_PreSnap,960.37,6.2,1042.76,159.31,82.38999999999999,153.11,xml_geometry_csv_action
BootPass_6,229,0,0,Position_Unknown,Team_Unknown,Action_PreSnap,868.95,316.17,953.57,504.28,84.62,188.10999999999996,xml_geometry_csv_action
BootPass_6,229,1,1,Position_Unknown,Team_Unknown,Action_PreSnap,722.88,708.97,811.65,914.01,88.76999999999998,205.03999999999996,xml_geometry_csv_action
BootPass_6,229,10,10,Position_Unknown,Team_Unknown,Action_PreSnap,579.72,614.2,666.49,810.94,86.76999999999998,196.74,xml_geometry_csv_action
BootPass_6,229,12,12,Position_Unknown,Team_Unknown,Action_PreSnap,1794.95,581.02,1920.0,797.94,125.04999999999995,216.92000000000007,xml_geometry_csv_action
BootPass_6,229,13,13,Position_Unknown,Team_Unknown,Action_PreSnap,780.98,513.88,865.33,696.97,84.35000000000002,183.09000000000003,xml_geometry_csv_action
BootPass_6,229,17,17,Position_Unknown,Team_Unknown,Action_PreSnap,775.99,736.06,863.25,957.14,87.25999999999999,221.08000000000004,xml_geometry_csv_action
BootPass_6,229,21,18,Position_Unknown,Team_Unknown,Action_PreSnap,614.04,477.98,691.39,641.41,77.35000000000002,163.42999999999995,xml_geometry_csv_action
BootPass_6,229,2,2,Position_Unknown,Team_Unknown,Action_PreSnap,664.72,674.39,774.84,873.96,110.12,199.57000000000005,xml_geometry_csv_action
BootPass_6,229,31,23,Position_Unknown,Team_Unknown,Action_PreSnap,863.19,758.39,950.5,984.57,87.30999999999995,226.18000000000006,xml_geometry_csv_action
BootPass_6,229,35,27,Position_Unknown,Team_Unknown,Action_PreSnap,850.28,547.44,931.18,753.75,80.89999999999998,206.30999999999995,xml_geometry_csv_action
BootPass_6,229,38,29,Position_Unknown,Team_Unknown,Action_PreSnap,829.83,454.21,913.76,555.33,83.92999999999995,101.12000000000006,xml_geometry_csv_action
BootPass_6,229,3,3,Position_Unknown,Team_Unknown,Action_PreSnap,1311.25,675.75,1439.4,916.63,128.1500000000001,240.88,xml_geometry_csv_action
BootPass_6,229,39,30,Position_Unknown,Team_Unknown,Action_PreSnap,1201.02,3.02,1279.55,168.02,78.52999999999997,165.0,xml_geometry_csv_action
BootPass_6,229,42,31,Position_Unknown,Team_Unknown,Action_PreSnap,1571.93,17.41,1660.91,186.21,88.98000000000002,168.8,xml_geometry_csv_action
BootPass_6,229,45,32,Position_Unknown,Team_Unknown,Action_PreSnap,119.6,211.81,230.2,382.68,110.6,170.87,xml_geometry_csv_action
BootPass_6,229,46,33,Position_Unknown,Team_Unknown,Action_PreSnap,3.56,203.33,88.93,389.02,85.37,185.68999999999997,xml_geometry_csv_action
BootPass_6,229,8,8,Position_Unknown,Team_Unknown,Action_PreSnap,977.81,10.47,1063.3,164.2,85.49000000000001,153.73,xml_geometry_csv_action
BootPass_6,230,0,0,Position_Unknown,Team_Unknown,Action_PreSnap,888.45,318.68,971.8,502.43,83.34999999999991,183.75,xml_geometry_csv_action
BootPass_6,230,1,1,Position_Unknown,Team_Unknown,Action_PreSnap,746.27,711.85,832.13,917.5,85.86000000000001,205.64999999999998,xml_geometry_csv_action
BootPass_6,230,10,10,Position_Unknown,Team_Unknown,Action_PreSnap,603.47,614.39,699.1,808.78,95.63,194.39,xml_geometry_csv_action
BootPass_6,230,12,12,Position_Unknown,Team_Unknown,Action_PreSnap,1813.38,582.34,1920.0,800.77,106.61999999999989,218.42999999999995,xml_geometry_csv_action
BootPass_6,230,13,13,Position_Unknown,Team_Unknown,Action_PreSnap,797.54,516.68,888.99,702.26,91.45000000000005,185.58000000000004,xml_geometry_csv_action
BootPass_6,230,17,17,Position_Unknown,Team_Unknown,Action_PreSnap,789.0,740.96,875.32,958.44,86.32000000000005,217.48000000000002,xml_geometry_csv_action
BootPass_6,230,21,18,Position_Unknown,Team_Unknown,Action_PreSnap,639.59,483.35,711.06,639.84,71.46999999999991,156.49,xml_geometry_csv_action
BootPass_6,230,2,2,Position_Unknown,Team_Unknown,Action_PreSnap,675.15,679.9,794.11,879.47,118.96000000000004,199.57000000000005,xml_geometry_csv_action
BootPass_6,230,31,23,Position_Unknown,Team_Unknown,Action_PreSnap,868.67,763.31,956.64,983.54,87.97000000000003,220.23000000000002,xml_geometry_csv_action
BootPass_6,230,35,27,Position_Unknown,Team_Unknown,Action_PreSnap,870.01,558.35,950.64,764.6,80.63,206.25,xml_geometry_csv_action
BootPass_6,230,38,29,Position_Unknown,Team_Unknown,Action_PreSnap,849.23,453.8,932.32,576.2,83.09000000000003,122.40000000000003,xml_geometry_csv_action
BootPass_6,230,3,3,Position_Unknown,Team_Unknown,Action_PreSnap,1323.06,682.98,1451.13,924.63,128.07000000000016,241.64999999999998,xml_geometry_csv_action
BootPass_6,230,39,30,Position_Unknown,Team_Unknown,Action_PreSnap,1197.97,8.15,1287.43,176.94,89.46000000000004,168.79,xml_geometry_csv_action
BootPass_6,230,42,31,Position_Unknown,Team_Unknown,Action_PreSnap,1570.7,23.43,1658.56,184.55,87.8599999999999,161.12,xml_geometry_csv_action
BootPass_6,230,45,32,Position_Unknown,Team_Unknown,Action_PreSnap,167.69,221.21,264.12,388.4,96.43,167.18999999999997,xml_geometry_csv_action
BootPass_6,230,46,33,Position_Unknown,Team_Unknown,Action_PreSnap,14.03,213.59,118.97,392.91,104.94,179.32000000000002,xml_geometry_csv_action
BootPass_6,230,47,34,Position_Unknown,Team_Unknown,Action_PreSnap,2.9,539.02,75.34,813.02,72.44,274.0,xml_geometry_csv_action
BootPass_6,230,8,8,Position_Unknown,Team_Unknown,Action_PreSnap,992.76,17.4,1076.58,173.84,83.81999999999994,156.44,xml_geometry_csv_action
BootPass_6,231,0,0,Position_Unknown,Team_Unknown,Action_PreSnap,900.44,323.0,983.21,505.44,82.76999999999998,182.44,xml_geometry_csv_action
BootPass_6,231,1,1,Position_Unknown,Team_Unknown,Action_PreSnap,765.36,719.44,843.99,926.22,78.63,206.77999999999997,xml_geometry_csv_action
BootPass_6,231,10,10,Position_Unknown,Team_Unknown,Action_PreSnap,618.73,618.01,720.85,811.14,102.12,193.13,xml_geometry_csv_action
BootPass_6,231,12,12,Position_Unknown,Team_Unknown,Action_PreSnap,1819.87,587.86,1920.0,802.47,100.13000000000011,214.61,xml_geometry_csv_action
BootPass_6,231,13,13,Position_Unknown,Team_Unknown,Action_PreSnap,809.43,522.91,901.66,710.99,92.23000000000002,188.08000000000004,xml_geometry_csv_action
BootPass_6,231,17,17,Position_Unknown,Team_Unknown,Action_PreSnap,794.94,749.46,880.32,963.84,85.38,214.38,xml_geometry_csv_action
BootPass_6,231,21,18,Position_Unknown,Team_Unknown,Action_PreSnap,659.0,489.38,726.78,644.14,67.77999999999997,154.76,xml_geometry_csv_action
BootPass_6,231,2,2,Position_Unknown,Team_Unknown,Action_PreSnap,676.77,693.04,802.18,890.54,125.40999999999997,197.5,xml_geometry_csv_action
BootPass_6,231,31,23,Position_Unknown,Team_Unknown,Action_PreSnap,865.95,770.17,956.78,985.17,90.82999999999993,215.0,xml_geometry_csv_action
BootPass_6,231,35,27,Position_Unknown,Team_Unknown,Action_PreSnap,881.19,574.61,962.73,775.55,81.53999999999996,200.93999999999994,xml_geometry_csv_action
BootPass_6,231,38,29,Position_Unknown,Team_Unknown,Action_PreSnap,858.71,460.55,941.74,574.15,83.02999999999997,113.59999999999997,xml_geometry_csv_action
BootPass_6,231,3,3,Position_Unknown,Team_Unknown,Action_PreSnap,1329.57,695.81,1453.85,932.12,124.27999999999997,236.31000000000006,xml_geometry_csv_action
BootPass_6,231,39,30,Position_Unknown,Team_Unknown,Action_PreSnap,1188.49,15.2,1283.63,178.9,95.1400000000001,163.70000000000002,xml_geometry_csv_action
BootPass_6,231,42,31,Position_Unknown,Team_Unknown,Action_PreSnap,1565.49,30.92,1650.34,190.18,84.84999999999991,159.26,xml_geometry_csv_action
BootPass_6,231,45,32,Position_Unknown,Team_Unknown,Action_PreSnap,205.33,230.17,297.11,397.97,91.78,167.80000000000004,xml_geometry_csv_action
BootPass_6,231,46,33,Position_Unknown,Team_Unknown,Action_PreSnap,45.82,224.47,144.9,402.85,99.08000000000001,178.38000000000002,xml_geometry_csv_action
BootPass_6,231,47,34,Position_Unknown,Team_Unknown,Action_PreSnap,2.9,549.98,90.14,842.07,87.24,292.09000000000003,xml_geometry_csv_action
BootPass_6,231,48,35,Position_Unknown,Team_Unknown,Action_PreSnap,1.57,653.62,66.41,885.0,64.84,231.38,xml_geometry_csv_action
BootPass_6,231,8,8,Position_Unknown,Team_Unknown,Action_PreSnap,1000.54,28.3,1083.58,184.06,83.03999999999996,155.76,xml_geometry_csv_action
BootPass_6,232,0,0,Position_Unknown,Team_Unknown,Action_PreSnap,909.47,332.61,990.26,513.23,80.78999999999996,180.62,xml_geometry_csv_action
BootPass_6,232,1,1,Position_Unknown,Team_Unknown,Action_PreSnap,777.54,732.04,852.71,939.45,75.17000000000007,207.41000000000008,xml_geometry_csv_action
BootPass_6,232,10,10,Position_Unknown,Team_Unknown,Action_PreSnap,631.53,633.23,739.33,815.01,107.80000000000007,181.77999999999997,xml_geometry_csv_action
BootPass_6,232,12,12,Position_Unknown,Team_Unknown,Action_PreSnap,1825.07,597.52,1920.0,808.76,94.93000000000006,211.24,xml_geometry_csv_action
BootPass_6,232,13,13,Position_Unknown,Team_Unknown,Action_PreSnap,824.14,532.01,911.62,720.83,87.48000000000002,188.82000000000005,xml_geometry_csv_action
BootPass_6,232,17,17,Position_Unknown,Team_Unknown,Action_PreSnap,801.37,759.25,882.63,969.58,81.25999999999999,210.33000000000004,xml_geometry_csv_action
BootPass_6,232,21,18,Position_Unknown,Team_Unknown,Action_PreSnap,662.95,498.36,737.37,671.9,74.41999999999996,173.53999999999996,xml_geometry_csv_action
BootPass_6,232,2,2,Position_Unknown,Team_Unknown,Action_PreSnap,677.05,708.77,808.37,904.97,131.32000000000005,196.20000000000005,xml_geometry_csv_action
BootPass_6,232,31,23,Position_Unknown,Team_Unknown,Action_PreSnap,863.32,780.91,953.79,992.32,90.46999999999991,211.41000000000008,xml_geometry_csv_action
BootPass_6,232,35,27,Position_Unknown,Team_Unknown,Action_PreSnap,892.72,595.56,971.61,791.44,78.88999999999999,195.8800000000001,xml_geometry_csv_action
BootPass_6,232,38,29,Position_Unknown,Team_Unknown,Action_PreSnap,871.12,469.26,951.95,579.3,80.83000000000004,110.03999999999996,xml_geometry_csv_action
BootPass_6,232,3,3,Position_Unknown,Team_Unknown,Action_PreSnap,1334.21,711.84,1452.67,942.95,118.46000000000004,231.11,xml_geometry_csv_action
BootPass_6,232,39,30,Position_Unknown,Team_Unknown,Action_PreSnap,1176.93,27.65,1271.93,184.39,95.0,156.73999999999998,xml_geometry_csv_action
BootPass_6,232,42,31,Position_Unknown,Team_Unknown,Action_PreSnap,1555.77,43.42,1634.4,206.35,78.63000000000011,162.93,xml_geometry_csv_action
BootPass_6,232,45,32,Position_Unknown,Team_Unknown,Action_PreSnap,233.7,241.37,322.99,407.57,89.29000000000002,166.2,xml_geometry_csv_action
BootPass_6,232,46,33,Position_Unknown,Team_Unknown,Action_PreSnap,84.41,237.79,173.05,417.39,88.64000000000001,179.6,xml_geometry_csv_action
BootPass_6,232,47,34,Position_Unknown,Team_Unknown,Action_PreSnap,3.9,563.48,101.21,763.32,97.30999999999999,199.84000000000003,xml_geometry_csv_action
BootPass_6,232,48,35,Position_Unknown,Team_Unknown,Action_PreSnap,1.6,685.22,82.41,893.12,80.81,207.89999999999998,xml_geometry_csv_action
BootPass_6,232,8,8,Position_Unknown,Team_Unknown,Action_PreSnap,1003.47,42.24,1083.29,198.25,79.81999999999994,156.01,xml_geometry_csv_action
BootPass_6,233,0,0,Position_Unknown,Team_Unknown,Action_PreSnap,914.65,347.73,995.03,529.89,80.38,182.15999999999997,xml_geometry_csv_action
BootPass_6,233,10,10,Position_Unknown,Team_Unknown,Action_PreSnap,646.91,646.12,752.97,821.88,106.06000000000006,175.76,xml_geometry_csv_action
BootPass_6,233,12,12,Position_Unknown,Team_Unknown,Action_PreSnap,1827.47,612.75,1920.0,823.86,92.52999999999997,211.11,xml_geometry_csv_action
BootPass_6,233,13,13,Position_Unknown,Team_Unknown,Action_PreSnap,837.39,550.45,919.38,736.12,81.99000000000001,185.66999999999996,xml_geometry_csv_action
BootPass_6,233,17,17,Position_Unknown,Team_Unknown,Action_PreSnap,804.61,768.44,883.3,982.79,78.68999999999994,214.3499999999999,xml_geometry_csv_action
BootPass_6,233,21,18,Position_Unknown,Team_Unknown,Action_PreSnap,670.44,512.58,746.86,691.86,76.41999999999996,179.27999999999997,xml_geometry_csv_action
BootPass_6,233,2,2,Position_Unknown,Team_Unknown,Action_PreSnap,679.38,728.17,812.78,921.24,133.39999999999998,193.07000000000005,xml_geometry_csv_action
BootPass_6,233,31,23,Position_Unknown,Team_Unknown,Action_PreSnap,861.06,796.91,953.87,1011.59,92.81000000000006,214.68000000000006,xml_geometry_csv_action
BootPass_6,233,35,27,Position_Unknown,Team_Unknown,Action_PreSnap,900.99,619.36,979.42,808.3,78.42999999999995,188.93999999999994,xml_geometry_csv_action
BootPass_6,233,38,29,Position_Unknown,Team_Unknown,Action_PreSnap,879.3,481.93,959.14,590.71,79.84000000000003,108.78000000000003,xml_geometry_csv_action
BootPass_6,233,3,3,Position_Unknown,Team_Unknown,Action_PreSnap,1337.07,730.88,1447.35,959.5,110.27999999999997,228.62,xml_geometry_csv_action
BootPass_6,233,39,30,Position_Unknown,Team_Unknown,Action_PreSnap,1165.87,43.69,1253.35,204.13,87.48000000000002,160.44,xml_geometry_csv_action
BootPass_6,233,42,31,Position_Unknown,Team_Unknown,Action_PreSnap,1540.04,60.12,1620.71,225.28,80.67000000000007,165.16,xml_geometry_csv_action
BootPass_6,233,45,32,Position_Unknown,Team_Unknown,Action_PreSnap,256.15,256.67,346.5,423.1,90.35000000000002,166.43,xml_geometry_csv_action
BootPass_6,233,46,33,Position_Unknown,Team_Unknown,Action_PreSnap,105.9,255.12,198.91,435.15,93.00999999999999,180.02999999999997,xml_geometry_csv_action
BootPass_6,233,47,34,Position_Unknown,Team_Unknown,Action_PreSnap,13.61,579.87,111.41,759.93,97.8,180.05999999999995,xml_geometry_csv_action
BootPass_6,233,48,35,Position_Unknown,Team_Unknown,Action_PreSnap,1.08,708.28,95.43,906.73,94.35000000000001,198.45000000000005,xml_geometry_csv_action
BootPass_6,233,8,8,Position_Unknown,Team_Unknown,Action_PreSnap,1002.87,60.12,1083.32,214.74,80.44999999999993,154.62,xml_geometry_csv_action
BootPass_6,234,0,0,Position_Unknown,Team_Unknown,Action_PreSnap,919.81,367.02,997.35,549.42,77.54000000000008,182.39999999999998,xml_geometry_csv_action
BootPass_6,234,10,10,Position_Unknown,Team_Unknown,Action_PreSnap,665.13,653.52,763.86,833.25,98.73000000000002,179.73000000000002,xml_geometry_csv_action
BootPass_6,234,12,12,Position_Unknown,Team_Unknown,Action_PreSnap,1827.37,630.42,1920.0,837.68,92.63000000000011,207.26,xml_geometry_csv_action
BootPass_6,234,13,13,Position_Unknown,Team_Unknown,Action_PreSnap,849.2,571.42,927.34,761.79,78.13999999999999,190.37,xml_geometry_csv_action
BootPass_6,234,17,17,Position_Unknown,Team_Unknown,Action_PreSnap,805.56,786.8,883.7,1002.25,78.1400000000001,215.45000000000005,xml_geometry_csv_action
BootPass_6,234,21,18,Position_Unknown,Team_Unknown,Action_PreSnap,674.36,531.23,749.69,717.3,75.33000000000004,186.06999999999994,xml_geometry_csv_action
BootPass_6,234,2,2,Position_Unknown,Team_Unknown,Action_PreSnap,685.48,750.25,815.76,944.25,130.27999999999997,194.0,xml_geometry_csv_action
BootPass_6,234,24,21,Position_Unknown,Team_Unknown,Action_PreSnap,1035.09,645.83,1187.65,782.11,152.56000000000017,136.27999999999997,xml_geometry_csv_action
BootPass_6,234,31,23,Position_Unknown,Team_Unknown,Action_PreSnap,853.66,818.03,948.87,1033.88,95.21000000000004,215.85000000000014,xml_geometry_csv_action
BootPass_6,234,35,27,Position_Unknown,Team_Unknown,Action_PreSnap,908.31,641.9,985.99,830.49,77.68000000000006,188.59000000000003,xml_geometry_csv_action
BootPass_6,234,38,29,Position_Unknown,Team_Unknown,Action_PreSnap,885.66,497.69,967.7,608.04,82.04000000000008,110.34999999999997,xml_geometry_csv_action
BootPass_6,234,3,3,Position_Unknown,Team_Unknown,Action_PreSnap,1337.33,751.62,1440.39,978.47,103.06000000000017,226.85000000000002,xml_geometry_csv_action
BootPass_6,234,39,30,Position_Unknown,Team_Unknown,Action_PreSnap,1153.35,63.75,1229.74,228.08,76.3900000000001,164.33,xml_geometry_csv_action
BootPass_6,234,42,31,Position_Unknown,Team_Unknown,Action_PreSnap,1523.37,80.45,1606.33,247.28,82.96000000000004,166.82999999999998,xml_geometry_csv_action
BootPass_6,234,45,32,Position_Unknown,Team_Unknown,Action_PreSnap,272.4,276.94,367.35,445.26,94.95000000000005,168.32,xml_geometry_csv_action
BootPass_6,234,46,33,Position_Unknown,Team_Unknown,Action_PreSnap,125.42,273.84,226.5,454.07,101.08,180.23000000000002,xml_geometry_csv_action
BootPass_6,234,47,34,Position_Unknown,Team_Unknown,Action_PreSnap,23.05,600.59,121.79,775.27,98.74000000000001,174.67999999999995,xml_geometry_csv_action
BootPass_6,234,48,35,Position_Unknown,Team_Unknown,Action_PreSnap,0.54,729.26,104.96,921.28,104.41999999999999,192.01999999999998,xml_geometry_csv_action
BootPass_6,234,49,36,Position_Unknown,Team_Unknown,Action_PreSnap,0.39,684.6,42.92,856.95,42.53,172.35000000000002,xml_geometry_csv_action
BootPass_6,234,5,5,Position_Unknown,Team_Unknown,Action_PreSnap,0.0,500.25,34.01,708.18,34.01,207.92999999999995,xml_geometry_csv_action
BootPass_6,234,8,8,Position_Unknown,Team_Unknown,Action_PreSnap,1002.28,81.02,1080.47,226.79,78.19000000000005,145.76999999999998,xml_geometry_csv_action
BootPass_6,235,0,0,Position_Unknown,Team_Unknown,Action_PreSnap,925.11,391.21,1000.42,566.24,75.30999999999995,175.03000000000003,xml_geometry_csv_action
BootPass_6,235,10,10,Position_Unknown,Team_Unknown,Action_PreSnap,688.15,668.77,780.03,848.5,91.88,179.73000000000002,xml_geometry_csv_action
BootPass_6,235,12,12,Position_Unknown,Team_Unknown,Action_PreSnap,1829.32,652.93,1920.0,854.86,90.68000000000006,201.93000000000006,xml_geometry_csv_action
BootPass_6,235,13,13,Position_Unknown,Team_Unknown,Action_PreSnap,859.56,597.02,934.34,790.18,74.78000000000009,193.15999999999997,xml_geometry_csv_action
BootPass_6,235,17,17,Position_Unknown,Team_Unknown,Action_PreSnap,808.32,800.52,886.3,1016.04,77.9799999999999,215.51999999999998,xml_geometry_csv_action
BootPass_6,235,21,18,Position_Unknown,Team_Unknown,Action_PreSnap,678.02,555.13,757.16,742.66,79.13999999999999,187.52999999999997,xml_geometry_csv_action
BootPass_6,235,2,2,Position_Unknown,Team_Unknown,Action_PreSnap,693.64,773.79,818.97,972.86,125.33000000000004,199.07000000000005,xml_geometry_csv_action
BootPass_6,235,24,21,Position_Unknown,Team_Unknown,Action_PreSnap,1032.44,668.76,1188.04,801.76,155.5999999999999,133.0,xml_geometry_csv_action
BootPass_6,235,31,23,Position_Unknown,Team_Unknown,Action_PreSnap,843.28,844.44,944.33,1060.53,101.05000000000007,216.08999999999992,xml_geometry_csv_action
BootPass_6,235,35,27,Position_Unknown,Team_Unknown,Action_PreSnap,912.41,665.8,991.34,856.01,78.93000000000006,190.21000000000004,xml_geometry_csv_action
BootPass_6,235,38,29,Position_Unknown,Team_Unknown,Action_PreSnap,891.3,519.21,974.34,627.36,83.04000000000008,108.14999999999998,xml_geometry_csv_action
BootPass_6,235,3,3,Position_Unknown,Team_Unknown,Action_PreSnap,1335.77,777.53,1432.02,1000.34,96.25,222.81000000000006,xml_geometry_csv_action
BootPass_6,235,39,30,Position_Unknown,Team_Unknown,Action_PreSnap,1140.05,88.22,1210.22,255.11,70.17000000000007,166.89000000000001,xml_geometry_csv_action
BootPass_6,235,42,31,Position_Unknown,Team_Unknown,Action_PreSnap,1506.56,105.33,1591.87,270.66,85.30999999999995,165.33000000000004,xml_geometry_csv_action
BootPass_6,235,45,32,Position_Unknown,Team_Unknown,Action_PreSnap,288.9,300.92,394.74,475.12,105.84000000000003,174.2,xml_geometry_csv_action
BootPass_6,235,46,33,Position_Unknown,Team_Unknown,Action_PreSnap,140.96,297.23,261.61,477.09,120.65,179.85999999999996,xml_geometry_csv_action
BootPass_6,235,47,34,Position_Unknown,Team_Unknown,Action_PreSnap,30.61,625.07,130.3,797.3,99.69000000000001,172.2299999999999,xml_geometry_csv_action
BootPass_6,235,48,35,Position_Unknown,Team_Unknown,Action_PreSnap,0.08,754.62,113.78,947.19,113.7,192.57000000000005,xml_geometry_csv_action
BootPass_6,235,49,36,Position_Unknown,Team_Unknown,Action_PreSnap,0.68,715.78,56.72,878.52,56.04,162.74,xml_geometry_csv_action
BootPass_6,235,5,5,Position_Unknown,Team_Unknown,Action_PreSnap,0.55,522.15,45.61,720.7,45.06,198.55000000000007,xml_geometry_csv_action
BootPass_6,235,8,8,Position_Unknown,Team_Unknown,Action_PreSnap,1000.38,106.32,1079.85,248.94,79.46999999999991,142.62,xml_geometry_csv_action
BootPass_6,236,0,0,Position_Unknown,Team_Unknown,Action_PreSnap,929.7,414.83,1004.0,600.69,74.29999999999995,185.86000000000007,xml_geometry_csv_action
BootPass_6,236,10,10,Position_Unknown,Team_Unknown,Action_PreSnap,713.7,690.81,789.22,860.12,75.51999999999998,169.31000000000006,xml_geometry_csv_action
BootPass_6,236,12,12,Position_Unknown,Team_Unknown,Action_PreSnap,1830.1,673.05,1920.0,873.69,89.90000000000009,200.6400000000001,xml_geometry_csv_action
BootPass_6,236,13,13,Position_Unknown,Team_Unknown,Action_PreSnap,871.87,623.91,941.01,817.36,69.13999999999999,193.45000000000005,xml_geometry_csv_action
BootPass_6,236,17,17,Position_Unknown,Team_Unknown,Action_PreSnap,810.7,818.58,891.43,1032.85,80.7299999999999,214.26999999999987,xml_geometry_csv_action
BootPass_6,236,21,18,Position_Unknown,Team_Unknown,Action_PreSnap,684.76,579.47,767.44,763.69,82.68000000000006,184.22000000000003,xml_geometry_csv_action
BootPass_6,236,2,2,Position_Unknown,Team_Unknown,Action_PreSnap,704.78,795.9,821.53,999.03,116.75,203.13,xml_geometry_csv_action
BootPass_6,236,31,23,Position_Unknown,Team_Unknown,Action_PreSnap,830.26,872.99,936.61,1080.0,106.35000000000002,207.01,xml_geometry_csv_action
BootPass_6,236,35,27,Position_Unknown,Team_Unknown,Action_PreSnap,916.53,689.58,997.38,880.17,80.85000000000002,190.58999999999992,xml_geometry_csv_action
BootPass_6,236,38,29,Position_Unknown,Team_Unknown,Action_PreSnap,896.34,542.05,974.7,681.3,78.36000000000001,139.25,xml_geometry_csv_action
BootPass_6,236,3,3,Position_Unknown,Team_Unknown,Action_PreSnap,1334.13,803.45,1424.83,1030.37,90.69999999999982,226.91999999999985,xml_geometry_csv_action
BootPass_6,236,39,30,Position_Unknown,Team_Unknown,Action_PreSnap,1128.67,109.72,1199.98,279.46,71.30999999999995,169.73999999999998,xml_geometry_csv_action
BootPass_6,236,42,31,Position_Unknown,Team_Unknown,Action_PreSnap,1494.05,129.83,1577.32,290.94,83.26999999999998,161.10999999999999,xml_geometry_csv_action
BootPass_6,236,45,32,Position_Unknown,Team_Unknown,Action_PreSnap,308.44,327.22,426.63,504.35,118.19,177.13,xml_geometry_csv_action
BootPass_6,236,46,33,Position_Unknown,Team_Unknown,Action_PreSnap,158.9,321.82,288.48,497.46,129.58,175.64,xml_geometry_csv_action
BootPass_6,236,47,34,Position_Unknown,Team_Unknown,Action_PreSnap,43.51,648.13,138.74,839.92,95.23000000000002,191.78999999999996,xml_geometry_csv_action
BootPass_6,236,48,35,Position_Unknown,Team_Unknown,Action_PreSnap,0.0,780.62,121.75,967.05,121.75,186.42999999999995,xml_geometry_csv_action
BootPass_6,236,5,5,Position_Unknown,Team_Unknown,Action_PreSnap,0.96,543.63,55.44,735.0,54.48,191.37,xml_geometry_csv_action
BootPass_6,236,8,8,Position_Unknown,Team_Unknown,Action_PreSnap,997.95,132.24,1075.09,271.39,77.13999999999987,139.14999999999998,xml_geometry_csv_action
BootPass_6,237,0,0,Position_Unknown,Team_Unknown,Action_PreSnap,933.91,437.57,1006.96,613.78,73.05000000000007,176.20999999999998,xml_geometry_csv_action
BootPass_6,237,10,10,Position_Unknown,Team_Unknown,Action_PreSnap,733.46,713.22,796.74,869.76,63.27999999999997,156.53999999999996,xml_geometry_csv_action
BootPass_6,237,12,12,Position_Unknown,Team_Unknown,Action_PreSnap,1827.48,692.14,1919.84,890.43,92.3599999999999,198.28999999999996,xml_geometry_csv_action
BootPass_6,237,13,13,Position_Unknown,Team_Unknown,Action_PreSnap,884.58,648.36,950.79,840.06,66.20999999999992,191.69999999999993,xml_geometry_csv_action
BootPass_6,237,17,17,Position_Unknown,Team_Unknown,Action_PreSnap,811.8,839.93,896.41,1039.35,84.61000000000001,199.41999999999996,xml_geometry_csv_action
BootPass_6,237,21,18,Position_Unknown,Team_Unknown,Action_PreSnap,695.56,603.32,776.09,782.07,80.53000000000009,178.75,xml_geometry_csv_action
BootPass_6,237,2,2,Position_Unknown,Team_Unknown,Action_PreSnap,717.78,817.05,825.74,1021.89,107.96000000000004,204.84000000000003,xml_geometry_csv_action
BootPass_6,237,31,23,Position_Unknown,Team_Unknown,Action_PreSnap,822.92,901.92,929.97,1080.0,107.05000000000007,178.08000000000004,xml_geometry_csv_action
BootPass_6,237,35,27,Position_Unknown,Team_Unknown,Action_PreSnap,918.89,710.67,1004.11,902.39,85.22000000000003,191.72000000000003,xml_geometry_csv_action
BootPass_6,237,38,29,Position_Unknown,Team_Unknown,Action_PreSnap,901.6,565.98,978.27,712.74,76.66999999999996,146.76,xml_geometry_csv_action
BootPass_6,237,3,3,Position_Unknown,Team_Unknown,Action_PreSnap,1331.45,828.27,1420.71,1052.96,89.25999999999999,224.69000000000005,xml_geometry_csv_action
BootPass_6,237,39,30,Position_Unknown,Team_Unknown,Action_PreSnap,1116.8,131.99,1191.28,296.57,74.48000000000002,164.57999999999998,xml_geometry_csv_action
BootPass_6,237,42,31,Position_Unknown,Team_Unknown,Action_PreSnap,1478.52,153.19,1562.65,306.47,84.13000000000011,153.28000000000003,xml_geometry_csv_action
BootPass_6,237,45,32,Position_Unknown,Team_Unknown,Action_PreSnap,328.34,352.57,455.98,529.23,127.64000000000004,176.66000000000003,xml_geometry_csv_action
BootPass_6,237,46,33,Position_Unknown,Team_Unknown,Action_PreSnap,183.05,347.74,311.71,522.05,128.65999999999997,174.30999999999995,xml_geometry_csv_action
BootPass_6,237,47,34,Position_Unknown,Team_Unknown,Action_PreSnap,59.09,669.87,148.2,862.69,89.10999999999999,192.82000000000005,xml_geometry_csv_action
BootPass_6,237,48,35,Position_Unknown,Team_Unknown,Action_PreSnap,0.59,801.69,130.04,988.99,129.45,187.29999999999995,xml_geometry_csv_action
BootPass_6,237,5,5,Position_Unknown,Team_Unknown,Action_PreSnap,1.18,565.01,67.32,751.79,66.13999999999999,186.77999999999997,xml_geometry_csv_action
BootPass_6,237,8,8,Position_Unknown,Team_Unknown,Action_PreSnap,992.77,157.74,1074.0,296.57,81.23000000000002,138.82999999999998,xml_geometry_csv_action
BootPass_6,238,0,0,Position_Unknown,Team_Unknown,Action_PreSnap,937.81,459.23,1011.04,629.34,73.23000000000002,170.11,xml_geometry_csv_action
BootPass_6,238,10,10,Position_Unknown,Team_Unknown,Action_PreSnap,745.52,734.89,808.49,880.51,62.97000000000003,145.62,xml_geometry_csv_action
BootPass_6,238,12,12,Position_Unknown,Team_Unknown,Action_PreSnap,1826.76,709.16,1919.88,905.96,93.12000000000012,196.80000000000007,xml_geometry_csv_action
BootPass_6,238,13,13,Position_Unknown,Team_Unknown,Action_PreSnap,891.5,670.8,957.81,859.17,66.30999999999995,188.37,xml_geometry_csv_action
BootPass_6,238,17,17,Position_Unknown,Team_Unknown,Action_PreSnap,809.32,860.23,893.54,1046.33,84.21999999999991,186.0999999999999,xml_geometry_csv_action
BootPass_6,238,21,18,Position_Unknown,Team_Unknown,Action_PreSnap,710.44,627.77,786.61,799.17,76.16999999999996,171.39999999999998,xml_geometry_csv_action
BootPass_6,238,2,2,Position_Unknown,Team_Unknown,Action_PreSnap,732.21,837.94,828.18,1050.98,95.96999999999991,213.03999999999996,xml_geometry_csv_action
BootPass_6,238,24,21,Position_Unknown,Team_Unknown,Action_PreSnap,1033.36,734.9,1179.66,863.77,146.30000000000018,128.87,xml_geometry_csv_action
BootPass_6,238,31,23,Position_Unknown,Team_Unknown,Action_PreSnap,815.37,931.42,924.76,1080.0,109.38999999999999,148.58000000000004,xml_geometry_csv_action
BootPass_6,238,35,27,Position_Unknown,Team_Unknown,Action_PreSnap,923.6,729.41,1012.21,924.49,88.61000000000001,195.08000000000004,xml_geometry_csv_action
BootPass_6,238,38,29,Position_Unknown,Team_Unknown,Action_PreSnap,906.34,590.27,983.59,737.07,77.25,146.80000000000007,xml_geometry_csv_action
BootPass_6,238,3,3,Position_Unknown,Team_Unknown,Action_PreSnap,1329.24,851.51,1417.81,1075.66,88.56999999999994,224.1500000000001,xml_geometry_csv_action
BootPass_6,238,39,30,Position_Unknown,Team_Unknown,Action_PreSnap,1104.3,152.76,1181.13,307.96,76.83000000000015,155.2,xml_geometry_csv_action
BootPass_6,238,42,31,Position_Unknown,Team_Unknown,Action_PreSnap,1467.61,175.63,1547.73,326.28,80.12000000000012,150.64999999999998,xml_geometry_csv_action
BootPass_6,238,45,32,Position_Unknown,Team_Unknown,Action_PreSnap,356.92,376.87,477.46,553.88,120.53999999999996,177.01,xml_geometry_csv_action
BootPass_6,238,46,33,Position_Unknown,Team_Unknown,Action_PreSnap,208.48,372.59,326.77,543.46,118.28999999999999,170.87000000000006,xml_geometry_csv_action
BootPass_6,238,47,34,Position_Unknown,Team_Unknown,Action_PreSnap,74.12,690.01,157.64,880.04,83.51999999999998,190.02999999999997,xml_geometry_csv_action
BootPass_6,238,48,35,Position_Unknown,Team_Unknown,Action_PreSnap,0.65,821.94,134.44,1011.77,133.79,189.82999999999993,xml_geometry_csv_action
BootPass_6,238,5,5,Position_Unknown,Team_Unknown,Action_PreSnap,1.39,586.29,80.89,772.34,79.5,186.05000000000007,xml_geometry_csv_action
BootPass_6,238,8,8,Position_Unknown,Team_Unknown,Action_PreSnap,987.95,180.66,1074.1,317.15,86.14999999999986,136.48999999999998,xml_geometry_csv_action
BootPass_6,239,0,0,Position_Unknown,Team_Unknown,Action_PreSnap,941.28,476.78,1015.17,644.71,73.88999999999999,167.93000000000006,xml_geometry_csv_action
BootPass_6,239,10,10,Position_Unknown,Team_Unknown,Action_PreSnap,758.76,748.25,822.22,888.49,63.460000000000036,140.24,xml_geometry_csv_action
BootPass_6,239,12,12,Position_Unknown,Team_Unknown,Action_PreSnap,1827.8,723.5,1920.0,919.21,92.20000000000005,195.71000000000004,xml_geometry_csv_action
BootPass_6,239,13,13,Position_Unknown,Team_Unknown,Action_PreSnap,899.21,685.63,962.91,875.11,63.69999999999993,189.48000000000002,xml_geometry_csv_action
BootPass_6,239,17,17,Position_Unknown,Team_Unknown,Action_PreSnap,809.0,879.25,897.84,1062.08,88.84000000000003,182.82999999999993,xml_geometry_csv_action
BootPass_6,239,21,18,Position_Unknown,Team_Unknown,Action_PreSnap,725.69,649.49,795.12,819.7,69.42999999999995,170.21000000000004,xml_geometry_csv_action
BootPass_6,239,2,2,Position_Unknown,Team_Unknown,Action_PreSnap,737.48,856.94,829.77,1073.5,92.28999999999996,216.55999999999995,xml_geometry_csv_action
BootPass_6,239,31,23,Position_Unknown,Team_Unknown,Action_PreSnap,815.08,954.75,921.74,1080.0,106.65999999999997,125.25,xml_geometry_csv_action
BootPass_6,239,35,27,Position_Unknown,Team_Unknown,Action_PreSnap,928.25,748.6,1018.7,943.42,90.45000000000005,194.81999999999994,xml_geometry_csv_action
BootPass_6,239,3,3,Position_Unknown,Team_Unknown,Action_PreSnap,1327.33,870.43,1413.82,1080.0,86.49000000000001,209.57000000000005,xml_geometry_csv_action
BootPass_6,239,39,30,Position_Unknown,Team_Unknown,Action_PreSnap,1093.32,170.35,1166.73,319.5,73.41000000000008,149.15,xml_geometry_csv_action
BootPass_6,239,42,31,Position_Unknown,Team_Unknown,Action_PreSnap,1457.18,195.57,1530.05,345.56,72.86999999999989,149.99,xml_geometry_csv_action
BootPass_6,239,45,32,Position_Unknown,Team_Unknown,Action_PreSnap,381.93,396.64,494.66,575.63,112.73000000000002,178.99,xml_geometry_csv_action
BootPass_6,239,46,33,Position_Unknown,Team_Unknown,Action_PreSnap,240.57,394.91,338.96,560.7,98.38999999999999,165.79000000000002,xml_geometry_csv_action
BootPass_6,239,47,34,Position_Unknown,Team_Unknown,Action_PreSnap,89.58,707.28,168.45,889.15,78.86999999999999,181.87,xml_geometry_csv_action
BootPass_6,239,48,35,Position_Unknown,Team_Unknown,Action_PreSnap,1.33,839.98,139.29,1034.18,137.95999999999998,194.20000000000005,xml_geometry_csv_action
BootPass_6,239,51,37,Position_Unknown,Team_Unknown,Action_PreSnap,62.05,804.32,146.45,976.93,84.39999999999999,172.6099999999999,xml_geometry_csv_action
BootPass_6,239,5,5,Position_Unknown,Team_Unknown,Action_PreSnap,2.97,604.06,94.19,786.04,91.22,181.98000000000002,xml_geometry_csv_action
BootPass_6,239,8,8,Position_Unknown,Team_Unknown,Action_PreSnap,981.81,200.51,1071.96,334.78,90.15000000000009,134.26999999999998,xml_geometry_csv_action
BootPass_6,240,0,0,Position_Unknown,Team_Unknown,Action_PreSnap,945.56,490.99,1019.95,655.27,74.3900000000001,164.27999999999997,xml_geometry_csv_action
BootPass_6,240,10,10,Position_Unknown,Team_Unknown,Action_PreSnap,769.86,761.36,833.57,899.68,63.710000000000036,138.31999999999994,xml_geometry_csv_action
BootPass_6,240,12,12,Position_Unknown,Team_Unknown,Action_PreSnap,1829.36,735.12,1920.0,925.56,90.6400000000001,190.43999999999994,xml_geometry_csv_action
BootPass_6,240,13,13,Position_Unknown,Team_Unknown,Action_PreSnap,905.44,698.1,968.87,887.07,63.42999999999995,188.97000000000003,xml_geometry_csv_action
BootPass_6,240,17,17,Position_Unknown,Team_Unknown,Action_PreSnap,807.79,896.43,902.78,1076.01,94.99000000000001,179.58000000000004,xml_geometry_csv_action
BootPass_6,240,21,18,Position_Unknown,Team_Unknown,Action_PreSnap,735.84,666.41,803.09,837.0,67.25,170.59000000000003,xml_geometry_csv_action
BootPass_6,240,2,2,Position_Unknown,Team_Unknown,Action_PreSnap,740.63,872.37,834.66,1080.0,94.02999999999997,207.63,xml_geometry_csv_action
BootPass_6,240,24,21,Position_Unknown,Team_Unknown,Action_PreSnap,1036.17,766.65,1174.25,887.91,138.07999999999993,121.25999999999999,xml_geometry_csv_action
BootPass_6,240,31,23,Position_Unknown,Team_Unknown,Action_PreSnap,819.32,975.48,925.14,1080.0,105.81999999999994,104.51999999999998,xml_geometry_csv_action
BootPass_6,240,35,27,Position_Unknown,Team_Unknown,Action_PreSnap,932.69,763.08,1028.13,957.87,95.44000000000005,194.78999999999996,xml_geometry_csv_action
BootPass_6,240,3,3,Position_Unknown,Team_Unknown,Action_PreSnap,1325.13,885.37,1412.18,1080.0,87.04999999999995,194.63,xml_geometry_csv_action
BootPass_6,240,39,30,Position_Unknown,Team_Unknown,Action_PreSnap,1079.56,188.07,1147.98,336.2,68.42000000000007,148.13,xml_geometry_csv_action
BootPass_6,240,42,31,Position_Unknown,Team_Unknown,Action_PreSnap,1441.2,212.93,1515.89,362.62,74.69000000000005,149.69,xml_geometry_csv_action
BootPass_6,240,45,32,Position_Unknown,Team_Unknown,Action_PreSnap,409.12,416.62,506.45,591.09,97.32999999999998,174.47000000000003,xml_geometry_csv_action
BootPass_6,240,46,33,Position_Unknown,Team_Unknown,Action_PreSnap,271.23,413.81,352.8,575.71,81.57,161.90000000000003,xml_geometry_csv_action
BootPass_6,240,47,34,Position_Unknown,Team_Unknown,Action_PreSnap,105.58,723.63,180.53,893.94,74.95,170.31000000000006,xml_geometry_csv_action
BootPass_6,240,48,35,Position_Unknown,Team_Unknown,Action_PreSnap,1.94,858.03,146.4,1048.63,144.46,190.60000000000014,xml_geometry_csv_action
BootPass_6,240,51,37,Position_Unknown,Team_Unknown,Action_PreSnap,73.71,815.08,158.55,988.2,84.84000000000002,173.12,xml_geometry_csv_action
BootPass_6,240,5,5,Position_Unknown,Team_Unknown,Action_PreSnap,11.91,619.15,107.9,799.13,95.99000000000001,179.98000000000002,xml_geometry_csv_action
BootPass_6,240,8,8,Position_Unknown,Team_Unknown,Action_PreSnap,975.28,217.07,1068.84,347.49,93.55999999999995,130.42000000000002,xml_geometry_csv_action
BootPass_6,241,0,0,Position_Unknown,Team_Unknown,Action_PreSnap,948.96,501.85,1026.49,666.91,77.52999999999997,165.05999999999995,xml_geometry_csv_action
BootPass_6,241,1,1,Position_Unknown,Team_Unknown,Action_PreSnap,858.42,905.11,934.19,1080.0,75.7700000000001,174.89,xml_geometry_csv_action
BootPass_6,241,10,10,Position_Unknown,Team_Unknown,Action_PreSnap,776.8,765.43,842.58,912.88,65.78000000000009,147.45000000000005,xml_geometry_csv_action
BootPass_6,241,12,12,Position_Unknown,Team_Unknown,Action_PreSnap,1833.23,743.51,1920.0,928.19,86.76999999999998,184.68000000000006,xml_geometry_csv_action
BootPass_6,241,13,13,Position_Unknown,Team_Unknown,Action_PreSnap,913.64,707.34,978.12,897.4,64.48000000000002,190.05999999999995,xml_geometry_csv_action
BootPass_6,241,17,17,Position_Unknown,Team_Unknown,Action_PreSnap,807.59,909.67,894.82,1080.0,87.23000000000002,170.33000000000004,xml_geometry_csv_action
BootPass_6,241,21,18,Position_Unknown,Team_Unknown,Action_PreSnap,747.79,678.85,812.01,865.51,64.22000000000003,186.65999999999997,xml_geometry_csv_action
BootPass_6,241,2,2,Position_Unknown,Team_Unknown,Action_PreSnap,744.99,884.09,837.66,1080.0,92.66999999999996,195.90999999999997,xml_geometry_csv_action
BootPass_6,241,31,23,Position_Unknown,Team_Unknown,Action_PreSnap,821.24,983.7,928.66,1080.0,107.41999999999996,96.29999999999995,xml_geometry_csv_action
BootPass_6,241,35,27,Position_Unknown,Team_Unknown,Action_PreSnap,940.49,777.87,1037.61,968.4,97.11999999999989,190.52999999999997,xml_geometry_csv_action
BootPass_6,241,3,3,Position_Unknown,Team_Unknown,Action_PreSnap,1323.52,895.01,1410.23,1080.0,86.71000000000004,184.99,xml_geometry_csv_action
BootPass_6,241,39,30,Position_Unknown,Team_Unknown,Action_PreSnap,1067.36,203.0,1132.58,352.57,65.22000000000003,149.57,xml_geometry_csv_action
BootPass_6,241,42,31,Position_Unknown,Team_Unknown,Action_PreSnap,1425.01,226.84,1506.64,377.23,81.63000000000011,150.39000000000001,xml_geometry_csv_action
BootPass_6,241,45,32,Position_Unknown,Team_Unknown,Action_PreSnap,438.84,431.8,521.29,604.16,82.44999999999999,172.35999999999996,xml_geometry_csv_action
BootPass_6,241,46,33,Position_Unknown,Team_Unknown,Action_PreSnap,296.05,428.44,370.61,588.37,74.56,159.93,xml_geometry_csv_action
BootPass_6,241,47,34,Position_Unknown,Team_Unknown,Action_PreSnap,120.93,736.33,194.18,893.83,73.25,157.5,xml_geometry_csv_action
BootPass_6,241,48,35,Position_Unknown,Team_Unknown,Action_PreSnap,2.79,872.02,149.36,1057.88,146.57000000000002,185.86000000000013,xml_geometry_csv_action
BootPass_6,241,51,37,Position_Unknown,Team_Unknown,Action_PreSnap,84.75,821.92,173.88,995.64,89.13,173.72000000000003,xml_geometry_csv_action
BootPass_6,241,5,5,Position_Unknown,Team_Unknown,Action_PreSnap,24.39,631.0,122.9,810.16,98.51,179.15999999999997,xml_geometry_csv_action
BootPass_6,241,8,8,Position_Unknown,Team_Unknown,Action_PreSnap,970.98,230.21,1061.58,354.43,90.59999999999991,124.22,xml_geometry_csv_action
BootPass_6,242,0,0,Position_Unknown,Team_Unknown,Action_PreSnap,953.72,511.01,1030.43,674.98,76.71000000000004,163.97000000000003,xml_geometry_csv_action
BootPass_6,242,1,1,Position_Unknown,Team_Unknown,Action_PreSnap,864.61,913.46,943.27,1080.0,78.65999999999997,166.53999999999996,xml_geometry_csv_action
BootPass_6,242,10,10,Position_Unknown,Team_Unknown,Action_PreSnap,787.79,773.41,854.49,931.39,66.70000000000005,157.98000000000002,xml_geometry_csv_action
BootPass_6,242,12,12,Position_Unknown,Team_Unknown,Action_PreSnap,1838.27,751.63,1920.0,934.47,81.73000000000002,182.84000000000003,xml_geometry_csv_action
BootPass_6,242,13,13,Position_Unknown,Team_Unknown,Action_PreSnap,921.65,716.01,985.34,912.51,63.690000000000055,196.5,xml_geometry_csv_action
BootPass_6,242,17,17,Position_Unknown,Team_Unknown,Action_PreSnap,814.17,920.35,887.04,1080.0,72.87,159.64999999999998,xml_geometry_csv_action
BootPass_6,242,21,18,Position_Unknown,Team_Unknown,Action_PreSnap,757.2,686.95,821.41,875.69,64.20999999999992,188.74,xml_geometry_csv_action
BootPass_6,242,2,2,Position_Unknown,Team_Unknown,Action_PreSnap,751.8,894.08,836.98,1080.0,85.18000000000006,185.91999999999996,xml_geometry_csv_action
BootPass_6,242,31,23,Position_Unknown,Team_Unknown,Action_PreSnap,825.3,993.23,929.29,1079.71,103.99000000000001,86.48000000000002,xml_geometry_csv_action
BootPass_6,242,35,27,Position_Unknown,Team_Unknown,Action_PreSnap,950.29,789.06,1042.68,975.49,92.3900000000001,186.43000000000006,xml_geometry_csv_action
BootPass_6,242,3,3,Position_Unknown,Team_Unknown,Action_PreSnap,1322.17,902.33,1410.96,1080.0,88.78999999999996,177.66999999999996,xml_geometry_csv_action
BootPass_6,242,39,30,Position_Unknown,Team_Unknown,Action_PreSnap,1055.36,214.73,1123.75,361.35,68.3900000000001,146.62000000000003,xml_geometry_csv_action
BootPass_6,242,42,31,Position_Unknown,Team_Unknown,Action_PreSnap,1412.03,239.52,1498.06,386.47,86.02999999999997,146.95000000000002,xml_geometry_csv_action
BootPass_6,242,45,32,Position_Unknown,Team_Unknown,Action_PreSnap,458.55,445.38,534.11,614.52,75.56,169.14,xml_geometry_csv_action
BootPass_6,242,46,33,Position_Unknown,Team_Unknown,Action_PreSnap,318.28,439.64,390.37,598.06,72.09000000000003,158.41999999999996,xml_geometry_csv_action
BootPass_6,242,47,34,Position_Unknown,Team_Unknown,Action_PreSnap,134.73,745.98,207.67,879.66,72.94,133.67999999999995,xml_geometry_csv_action
BootPass_6,242,48,35,Position_Unknown,Team_Unknown,Action_PreSnap,2.28,884.86,147.87,1068.55,145.59,183.68999999999994,xml_geometry_csv_action
BootPass_6,242,51,37,Position_Unknown,Team_Unknown,Action_PreSnap,97.49,825.68,192.22,1004.32,94.73,178.6400000000001,xml_geometry_csv_action
BootPass_6,242,5,5,Position_Unknown,Team_Unknown,Action_PreSnap,40.21,640.81,135.83,818.09,95.62,177.2800000000001,xml_geometry_csv_action
BootPass_6,242,8,8,Position_Unknown,Team_Unknown,Action_PreSnap,966.75,242.17,1051.46,361.97,84.71000000000004,119.80000000000004,xml_geometry_csv_action
BootPass_6,243,0,0,Position_Unknown,Team_Unknown,Action_PreSnap,957.96,518.73,1034.18,681.23,76.22000000000003,162.5,xml_geometry_csv_action
BootPass_6,243,1,1,Position_Unknown,Team_Unknown,Action_PreSnap,873.17,918.9,954.13,1080.0,80.96000000000004,161.10000000000002,xml_geometry_csv_action
BootPass_6,243,10,10,Position_Unknown,Team_Unknown,Action_PreSnap,797.1,781.66,866.68,940.05,69.57999999999993,158.39,xml_geometry_csv_action
BootPass_6,243,12,12,Position_Unknown,Team_Unknown,Action_PreSnap,1843.59,758.03,1920.0,941.39,76.41000000000008,183.36,xml_geometry_csv_action
BootPass_6,243,13,13,Position_Unknown,Team_Unknown,Action_PreSnap,932.12,730.35,993.84,921.76,61.72000000000003,191.40999999999997,xml_geometry_csv_action
BootPass_6,243,17,17,Position_Unknown,Team_Unknown,Action_PreSnap,819.25,928.04,888.72,1080.0,69.47000000000003,151.96000000000004,xml_geometry_csv_action
BootPass_6,243,21,18,Position_Unknown,Team_Unknown,Action_PreSnap,766.4,692.7,832.15,878.64,65.75,185.93999999999994,xml_geometry_csv_action
BootPass_6,243,2,2,Position_Unknown,Team_Unknown,Action_PreSnap,757.75,900.37,839.31,1080.0,81.55999999999995,179.63,xml_geometry_csv_action
BootPass_6,243,31,23,Position_Unknown,Team_Unknown,Action_PreSnap,833.55,1003.9,933.57,1078.98,100.0200000000001,75.08000000000004,xml_geometry_csv_action
BootPass_6,243,35,27,Position_Unknown,Team_Unknown,Action_PreSnap,961.17,795.81,1049.04,981.05,87.87,185.24,xml_geometry_csv_action
BootPass_6,243,3,3,Position_Unknown,Team_Unknown,Action_PreSnap,1323.89,905.94,1409.79,1080.0,85.89999999999986,174.05999999999995,xml_geometry_csv_action
BootPass_6,243,39,30,Position_Unknown,Team_Unknown,Action_PreSnap,1044.44,226.31,1120.98,370.87,76.53999999999996,144.56,xml_geometry_csv_action
BootPass_6,243,42,31,Position_Unknown,Team_Unknown,Action_PreSnap,1405.45,249.8,1488.95,388.58,83.5,138.77999999999997,xml_geometry_csv_action
BootPass_6,243,45,32,Position_Unknown,Team_Unknown,Action_PreSnap,479.79,455.94,547.57,615.89,67.78000000000003,159.95,xml_geometry_csv_action
BootPass_6,243,46,33,Position_Unknown,Team_Unknown,Action_PreSnap,333.92,447.62,416.18,605.54,82.25999999999999,157.91999999999996,xml_geometry_csv_action
BootPass_6,243,47,34,Position_Unknown,Team_Unknown,Action_PreSnap,149.53,755.21,219.45,874.2,69.91999999999999,118.99000000000001,xml_geometry_csv_action
BootPass_6,243,48,35,Position_Unknown,Team_Unknown,Action_PreSnap,8.07,892.51,143.64,1075.43,135.57,182.92000000000007,xml_geometry_csv_action
BootPass_6,243,51,37,Position_Unknown,Team_Unknown,Action_PreSnap,113.22,831.32,210.05,1009.57,96.83000000000001,178.25,xml_geometry_csv_action
BootPass_6,243,5,5,Position_Unknown,Team_Unknown,Action_PreSnap,58.39,648.41,150.36,823.71,91.97000000000001,175.30000000000007,xml_geometry_csv_action
BootPass_6,243,8,8,Position_Unknown,Team_Unknown,Action_PreSnap,964.12,252.14,1046.51,371.89,82.38999999999999,119.75,xml_geometry_csv_action
BootPass_6,244,0,0,Position_Unknown,Team_Unknown,Action_PreSnap,962.38,525.03,1037.94,685.67,75.56000000000006,160.64,xml_geometry_csv_action
BootPass_6,244,1,1,Position_Unknown,Team_Unknown,Action_PreSnap,885.0,922.59,962.99,1080.0,77.99000000000001,157.40999999999997,xml_geometry_csv_action
BootPass_6,244,10,10,Position_Unknown,Team_Unknown,Action_PreSnap,807.73,789.48,879.3,948.32,71.56999999999994,158.84000000000003,xml_geometry_csv_action
BootPass_6,244,12,12,Position_Unknown,Team_Unknown,Action_PreSnap,1847.39,761.68,1920.0,944.36,72.6099999999999,182.68000000000006,xml_geometry_csv_action
BootPass_6,244,13,13,Position_Unknown,Team_Unknown,Action_PreSnap,939.94,738.09,1001.97,926.28,62.02999999999997,188.18999999999994,xml_geometry_csv_action
BootPass_6,244,17,17,Position_Unknown,Team_Unknown,Action_PreSnap,823.73,932.99,891.66,1079.87,67.92999999999995,146.87999999999988,xml_geometry_csv_action
BootPass_6,244,21,18,Position_Unknown,Team_Unknown,Action_PreSnap,777.47,695.02,846.53,880.43,69.05999999999995,185.40999999999997,xml_geometry_csv_action
BootPass_6,244,2,2,Position_Unknown,Team_Unknown,Action_PreSnap,763.57,903.21,840.27,1080.0,76.69999999999993,176.78999999999996,xml_geometry_csv_action
BootPass_6,244,31,23,Position_Unknown,Team_Unknown,Action_PreSnap,840.58,1003.18,936.26,1078.52,95.67999999999995,75.34000000000003,xml_geometry_csv_action
BootPass_6,244,35,27,Position_Unknown,Team_Unknown,Action_PreSnap,974.32,800.2,1050.06,983.11,75.7399999999999,182.90999999999997,xml_geometry_csv_action
BootPass_6,244,3,3,Position_Unknown,Team_Unknown,Action_PreSnap,1325.13,906.82,1411.32,1080.0,86.18999999999983,173.17999999999995,xml_geometry_csv_action
BootPass_6,244,39,30,Position_Unknown,Team_Unknown,Action_PreSnap,1033.56,238.18,1113.01,369.08,79.45000000000005,130.89999999999998,xml_geometry_csv_action
BootPass_6,244,42,31,Position_Unknown,Team_Unknown,Action_PreSnap,1394.46,256.8,1475.09,388.38,80.62999999999988,131.57999999999998,xml_geometry_csv_action
BootPass_6,244,45,32,Position_Unknown,Team_Unknown,Action_PreSnap,496.56,462.59,564.84,620.99,68.28000000000003,158.40000000000003,xml_geometry_csv_action
BootPass_6,244,46,33,Position_Unknown,Team_Unknown,Action_PreSnap,347.41,454.14,442.99,609.86,95.57999999999998,155.72000000000003,xml_geometry_csv_action
BootPass_6,244,47,34,Position_Unknown,Team_Unknown,Action_PreSnap,163.17,761.04,231.57,876.93,68.4,115.88999999999999,xml_geometry_csv_action
BootPass_6,244,48,35,Position_Unknown,Team_Unknown,Action_PreSnap,19.58,896.56,137.79,1077.98,118.21,181.42000000000007,xml_geometry_csv_action
BootPass_6,244,51,37,Position_Unknown,Team_Unknown,Action_PreSnap,122.96,832.9,228.07,1012.92,105.11,180.01999999999998,xml_geometry_csv_action
BootPass_6,244,5,5,Position_Unknown,Team_Unknown,Action_PreSnap,77.35,652.92,164.22,827.08,86.87,174.16000000000008,xml_geometry_csv_action
BootPass_6,244,8,8,Position_Unknown,Team_Unknown,Action_PreSnap,960.29,259.48,1043.8,379.97,83.50999999999999,120.49000000000001,xml_geometry_csv_action
BootPass_6,245,0,0,Position_Unknown,Team_Unknown,Action_PreSnap,966.13,528.58,1039.42,688.47,73.29000000000008,159.89,xml_geometry_csv_action
BootPass_6,245,1,1,Position_Unknown,Team_Unknown,Action_PreSnap,895.35,923.34,971.11,1080.0,75.75999999999999,156.65999999999997,xml_geometry_csv_action
BootPass_6,245,10,10,Position_Unknown,Team_Unknown,Action_PreSnap,817.6,795.56,891.4,951.06,73.79999999999995,155.5,xml_geometry_csv_action
BootPass_6,245,12,12,Position_Unknown,Team_Unknown,Action_PreSnap,1850.34,762.96,1920.0,945.75,69.66000000000008,182.78999999999996,xml_geometry_csv_action
BootPass_6,245,13,13,Position_Unknown,Team_Unknown,Action_PreSnap,947.13,744.21,1007.9,930.21,60.76999999999998,186.0,xml_geometry_csv_action
BootPass_6,245,17,17,Position_Unknown,Team_Unknown,Action_PreSnap,826.63,932.5,896.01,1079.04,69.38,146.53999999999996,xml_geometry_csv_action
BootPass_6,245,21,18,Position_Unknown,Team_Unknown,Action_PreSnap,787.66,696.31,856.29,875.04,68.63,178.73000000000002,xml_geometry_csv_action
BootPass_6,245,2,2,Position_Unknown,Team_Unknown,Action_PreSnap,768.16,902.71,842.08,1080.0,73.92000000000007,177.28999999999996,xml_geometry_csv_action
BootPass_6,245,31,23,Position_Unknown,Team_Unknown,Action_PreSnap,850.13,1001.42,940.58,1077.93,90.45000000000005,76.5100000000001,xml_geometry_csv_action
BootPass_6,245,35,27,Position_Unknown,Team_Unknown,Action_PreSnap,986.3,801.09,1055.37,983.32,69.06999999999994,182.23000000000002,xml_geometry_csv_action
BootPass_6,245,3,3,Position_Unknown,Team_Unknown,Action_PreSnap,1325.45,904.72,1412.34,1079.78,86.88999999999987,175.05999999999995,xml_geometry_csv_action
BootPass_6,245,39,30,Position_Unknown,Team_Unknown,Action_PreSnap,1026.24,245.67,1105.11,369.75,78.86999999999989,124.08000000000001,xml_geometry_csv_action
BootPass_6,245,42,31,Position_Unknown,Team_Unknown,Action_PreSnap,1386.96,262.54,1458.21,395.57,71.25,133.02999999999997,xml_geometry_csv_action
BootPass_6,245,45,32,Position_Unknown,Team_Unknown,Action_PreSnap,514.22,467.81,584.2,627.74,69.98000000000002,159.93,xml_geometry_csv_action
BootPass_6,245,46,33,Position_Unknown,Team_Unknown,Action_PreSnap,361.22,458.06,466.03,609.51,104.80999999999995,151.45,xml_geometry_csv_action
BootPass_6,245,47,34,Position_Unknown,Team_Unknown,Action_PreSnap,175.12,763.59,241.62,880.08,66.5,116.49000000000001,xml_geometry_csv_action
BootPass_6,245,48,35,Position_Unknown,Team_Unknown,Action_PreSnap,27.86,898.26,134.26,1079.83,106.39999999999999,181.56999999999994,xml_geometry_csv_action
BootPass_6,245,51,37,Position_Unknown,Team_Unknown,Action_PreSnap,142.8,833.78,243.69,1013.75,100.88999999999999,179.97000000000003,xml_geometry_csv_action
BootPass_6,245,5,5,Position_Unknown,Team_Unknown,Action_PreSnap,94.08,654.09,177.2,829.13,83.11999999999999,175.03999999999996,xml_geometry_csv_action
BootPass_6,245,6,6,Position_Unknown,Team_Unknown,Action_PreSnap,0.13,866.42,26.83,1060.07,26.7,193.64999999999998,xml_geometry_csv_action
BootPass_6,245,8,8,Position_Unknown,Team_Unknown,Action_PreSnap,956.73,263.92,1043.38,387.92,86.65000000000009,124.0,xml_geometry_csv_action
BootPass_6,246,0,0,Position_Unknown,Team_Unknown,Action_PreSnap,970.25,531.7,1041.11,691.39,70.8599999999999,159.68999999999994,xml_geometry_csv_action
BootPass_6,246,1,1,Position_Unknown,Team_Unknown,Action_PreSnap,906.05,923.56,978.26,1079.59,72.21000000000004,156.02999999999997,xml_geometry_csv_action
BootPass_6,246,10,10,Position_Unknown,Team_Unknown,Action_PreSnap,827.24,800.76,901.23,952.77,73.99000000000001,152.01,xml_geometry_csv_action
BootPass_6,246,12,12,Position_Unknown,Team_Unknown,Action_PreSnap,1851.22,762.47,1919.87,943.98,68.64999999999986,181.51,xml_geometry_csv_action
BootPass_6,246,13,13,Position_Unknown,Team_Unknown,Action_PreSnap,954.01,748.72,1012.73,932.04,58.72000000000003,183.31999999999994,xml_geometry_csv_action
BootPass_6,246,17,17,Position_Unknown,Team_Unknown,Action_PreSnap,828.74,934.25,898.89,1078.52,70.14999999999998,144.26999999999998,xml_geometry_csv_action
BootPass_6,246,21,18,Position_Unknown,Team_Unknown,Action_PreSnap,796.74,697.5,865.96,872.35,69.22000000000003,174.85000000000002,xml_geometry_csv_action
BootPass_6,246,2,2,Position_Unknown,Team_Unknown,Action_PreSnap,772.03,901.27,843.94,1080.0,71.91000000000008,178.73000000000002,xml_geometry_csv_action
BootPass_6,246,31,23,Position_Unknown,Team_Unknown,Action_PreSnap,853.08,997.67,944.18,1077.62,91.09999999999991,79.94999999999993,xml_geometry_csv_action
BootPass_6,246,35,27,Position_Unknown,Team_Unknown,Action_PreSnap,993.59,800.52,1060.17,984.24,66.58000000000004,183.72000000000003,xml_geometry_csv_action
BootPass_6,246,3,3,Position_Unknown,Team_Unknown,Action_PreSnap,1326.01,902.89,1413.26,1079.11,87.25,176.2199999999999,xml_geometry_csv_action
BootPass_6,246,39,30,Position_Unknown,Team_Unknown,Action_PreSnap,1017.88,249.21,1088.82,376.34,70.93999999999994,127.12999999999997,xml_geometry_csv_action
BootPass_6,246,42,31,Position_Unknown,Team_Unknown,Action_PreSnap,1377.83,267.3,1443.27,400.52,65.44000000000005,133.21999999999997,xml_geometry_csv_action
BootPass_6,246,45,32,Position_Unknown,Team_Unknown,Action_PreSnap,531.51,473.53,605.1,631.67,73.59000000000003,158.14,xml_geometry_csv_action
BootPass_6,246,46,33,Position_Unknown,Team_Unknown,Action_PreSnap,379.44,462.59,481.88,609.29,102.44,146.7,xml_geometry_csv_action
BootPass_6,246,47,34,Position_Unknown,Team_Unknown,Action_PreSnap,188.33,765.12,254.14,883.84,65.80999999999997,118.72000000000003,xml_geometry_csv_action
BootPass_6,246,48,35,Position_Unknown,Team_Unknown,Action_PreSnap,36.22,899.35,137.17,1080.0,100.94999999999999,180.64999999999998,xml_geometry_csv_action
BootPass_6,246,51,37,Position_Unknown,Team_Unknown,Action_PreSnap,167.44,833.14,258.83,1012.19,91.38999999999999,179.05000000000007,xml_geometry_csv_action
BootPass_6,246,5,5,Position_Unknown,Team_Unknown,Action_PreSnap,108.52,653.68,189.19,829.97,80.67,176.29000000000008,xml_geometry_csv_action
BootPass_6,246,6,6,Position_Unknown,Team_Unknown,Action_PreSnap,1.16,868.57,36.83,1060.18,35.67,191.61,xml_geometry_csv_action
BootPass_6,246,8,8,Position_Unknown,Team_Unknown,Action_PreSnap,951.59,266.77,1039.46,390.21,87.87,123.44,xml_geometry_csv_action
BootPass_6,247,0,0,Position_Unknown,Team_Unknown,Action_PreSnap,972.45,530.37,1042.62,692.66,70.16999999999985,162.28999999999996,xml_geometry_csv_action
BootPass_6,247,1,1,Position_Unknown,Team_Unknown,Action_PreSnap,917.19,923.41,985.32,1078.87,68.13,155.45999999999992,xml_geometry_csv_action
BootPass_6,247,10,10,Position_Unknown,Team_Unknown,Action_PreSnap,836.18,802.14,907.42,955.49,71.24000000000001,153.35000000000002,xml_geometry_csv_action
BootPass_6,247,12,12,Position_Unknown,Team_Unknown,Action_PreSnap,1848.93,758.8,1919.49,942.66,70.55999999999995,183.86,xml_geometry_csv_action
BootPass_6,247,13,13,Position_Unknown,Team_Unknown,Action_PreSnap,961.87,748.96,1022.49,928.32,60.620000000000005,179.36,xml_geometry_csv_action
BootPass_6,247,17,17,Position_Unknown,Team_Unknown,Action_PreSnap,831.63,934.79,900.6,1077.95,68.97000000000003,143.16000000000008,xml_geometry_csv_action
BootPass_6,247,21,18,Position_Unknown,Team_Unknown,Action_PreSnap,802.18,698.42,872.01,869.47,69.83000000000004,171.05000000000007,xml_geometry_csv_action
BootPass_6,247,2,2,Position_Unknown,Team_Unknown,Action_PreSnap,775.96,899.49,845.05,1080.0,69.08999999999992,180.51,xml_geometry_csv_action
BootPass_6,247,31,23,Position_Unknown,Team_Unknown,Action_PreSnap,857.68,991.7,946.82,1077.17,89.1400000000001,85.47000000000003,xml_geometry_csv_action
BootPass_6,247,35,27,Position_Unknown,Team_Unknown,Action_PreSnap,998.53,799.64,1066.25,985.22,67.72000000000003,185.58000000000004,xml_geometry_csv_action
BootPass_6,247,3,3,Position_Unknown,Team_Unknown,Action_PreSnap,1325.32,901.4,1413.95,1078.42,88.63000000000011,177.0200000000001,xml_geometry_csv_action
BootPass_6,247,39,30,Position_Unknown,Team_Unknown,Action_PreSnap,1008.36,251.24,1067.31,381.13,58.94999999999993,129.89,xml_geometry_csv_action
BootPass_6,247,42,31,Position_Unknown,Team_Unknown,Action_PreSnap,1363.47,269.53,1430.34,404.06,66.86999999999989,134.53000000000003,xml_geometry_csv_action
BootPass_6,247,45,32,Position_Unknown,Team_Unknown,Action_PreSnap,548.75,479.54,624.39,632.81,75.63999999999999,153.26999999999992,xml_geometry_csv_action
BootPass_6,247,46,33,Position_Unknown,Team_Unknown,Action_PreSnap,399.98,465.94,493.98,610.87,94.0,144.93,xml_geometry_csv_action
BootPass_6,247,47,34,Position_Unknown,Team_Unknown,Action_PreSnap,200.45,764.8,265.74,889.13,65.29000000000002,124.33000000000004,xml_geometry_csv_action
BootPass_6,247,48,35,Position_Unknown,Team_Unknown,Action_PreSnap,46.44,898.67,141.71,1080.0,95.27000000000001,181.33000000000004,xml_geometry_csv_action
BootPass_6,247,51,37,Position_Unknown,Team_Unknown,Action_PreSnap,191.01,831.44,273.86,1009.96,82.85000000000002,178.51999999999998,xml_geometry_csv_action
BootPass_6,247,5,5,Position_Unknown,Team_Unknown,Action_PreSnap,123.14,652.42,199.92,829.07,76.77999999999999,176.6500000000001,xml_geometry_csv_action
BootPass_6,247,6,6,Position_Unknown,Team_Unknown,Action_PreSnap,1.93,868.9,44.71,1054.3,42.78,185.39999999999998,xml_geometry_csv_action
BootPass_6,247,8,8,Position_Unknown,Team_Unknown,Action_PreSnap,945.01,267.66,1036.34,387.81,91.32999999999993,120.14999999999998,xml_geometry_csv_action
BootPass_6,248,0,0,Position_Unknown,Team_Unknown,Action_PreSnap,973.41,528.14,1044.69,692.88,71.28000000000009,164.74,xml_geometry_csv_action
BootPass_6,248,1,1,Position_Unknown,Team_Unknown,Action_PreSnap,926.57,923.37,993.44,1078.48,66.87,155.11,xml_geometry_csv_action
BootPass_6,248,10,10,Position_Unknown,Team_Unknown,Action_PreSnap,839.0,799.89,910.5,954.25,71.5,154.36,xml_geometry_csv_action
BootPass_6,248,12,12,Position_Unknown,Team_Unknown,Action_PreSnap,1846.55,755.19,1919.18,939.59,72.63000000000011,184.39999999999998,xml_geometry_csv_action
BootPass_6,248,13,13,Position_Unknown,Team_Unknown,Action_PreSnap,968.95,749.68,1029.93,926.64,60.98000000000002,176.96000000000004,xml_geometry_csv_action
BootPass_6,248,17,17,Position_Unknown,Team_Unknown,Action_PreSnap,834.56,935.2,903.55,1077.69,68.99000000000001,142.49,xml_geometry_csv_action
BootPass_6,248,21,18,Position_Unknown,Team_Unknown,Action_PreSnap,808.31,697.67,876.88,866.98,68.57000000000005,169.31000000000006,xml_geometry_csv_action
BootPass_6,248,2,2,Position_Unknown,Team_Unknown,Action_PreSnap,778.04,897.41,848.49,1079.46,70.45000000000005,182.05000000000007,xml_geometry_csv_action
BootPass_6,248,31,23,Position_Unknown,Team_Unknown,Action_PreSnap,864.49,986.47,949.28,1076.93,84.78999999999996,90.46000000000004,xml_geometry_csv_action
BootPass_6,248,35,27,Position_Unknown,Team_Unknown,Action_PreSnap,1002.02,798.54,1072.33,985.28,70.30999999999995,186.74,xml_geometry_csv_action
BootPass_6,248,3,3,Position_Unknown,Team_Unknown,Action_PreSnap,1322.9,900.56,1413.48,1078.06,90.57999999999993,177.5,xml_geometry_csv_action
BootPass_6,248,39,30,Position_Unknown,Team_Unknown,Action_PreSnap,997.69,250.66,1056.36,382.52,58.669999999999845,131.85999999999999,xml_geometry_csv_action
BootPass_6,248,42,31,Position_Unknown,Team_Unknown,Action_PreSnap,1350.01,270.71,1423.11,406.16,73.09999999999991,135.45000000000005,xml_geometry_csv_action
BootPass_6,248,45,32,Position_Unknown,Team_Unknown,Action_PreSnap,567.52,484.31,640.43,632.86,72.90999999999997,148.55,xml_geometry_csv_action
BootPass_6,248,46,33,Position_Unknown,Team_Unknown,Action_PreSnap,420.48,468.34,501.7,612.13,81.21999999999997,143.79000000000002,xml_geometry_csv_action
BootPass_6,248,47,34,Position_Unknown,Team_Unknown,Action_PreSnap,206.97,765.21,276.1,930.14,69.13000000000002,164.92999999999995,xml_geometry_csv_action
BootPass_6,248,48,35,Position_Unknown,Team_Unknown,Action_PreSnap,56.07,898.31,146.37,1079.8,90.30000000000001,181.49,xml_geometry_csv_action
BootPass_6,248,51,37,Position_Unknown,Team_Unknown,Action_PreSnap,207.3,826.31,289.58,1006.33,82.27999999999997,180.0200000000001,xml_geometry_csv_action
BootPass_6,248,5,5,Position_Unknown,Team_Unknown,Action_PreSnap,135.93,651.16,210.8,827.5,74.87,176.34000000000003,xml_geometry_csv_action
BootPass_6,248,6,6,Position_Unknown,Team_Unknown,Action_PreSnap,1.8,868.05,56.42,1047.08,54.620000000000005,179.02999999999997,xml_geometry_csv_action
BootPass_6,248,8,8,Position_Unknown,Team_Unknown,Action_PreSnap,938.16,268.31,1022.96,382.06,84.80000000000007,113.75,xml_geometry_csv_action
BootPass_6,249,0,0,Position_Unknown,Team_Unknown,Action_PreSnap,973.66,525.46,1046.72,690.95,73.06000000000006,165.49,xml_geometry_csv_action
BootPass_6,249,1,1,Position_Unknown,Team_Unknown,Action_PreSnap,934.84,922.76,1000.27,1078.28,65.42999999999995,155.51999999999998,xml_geometry_csv_action
BootPass_6,249,12,12,Position_Unknown,Team_Unknown,Action_PreSnap,1844.04,753.1,1918.89,932.36,74.85000000000014,179.26,xml_geometry_csv_action
BootPass_6,249,13,13,Position_Unknown,Team_Unknown,Action_PreSnap,973.85,750.92,1034.12,925.81,60.26999999999987,174.89,xml_geometry_csv_action
BootPass_6,249,17,17,Position_Unknown,Team_Unknown,Action_PreSnap,838.24,933.71,906.55,1077.6,68.30999999999995,143.88999999999987,xml_geometry_csv_action
BootPass_6,249,21,18,Position_Unknown,Team_Unknown,Action_PreSnap,815.48,696.09,880.74,864.36,65.25999999999999,168.26999999999998,xml_geometry_csv_action
BootPass_6,249,2,2,Position_Unknown,Team_Unknown,Action_PreSnap,778.75,895.29,852.71,1079.13,73.96000000000004,183.84000000000015,xml_geometry_csv_action
BootPass_6,249,31,23,Position_Unknown,Team_Unknown,Action_PreSnap,872.12,980.92,953.2,1076.88,81.08000000000004,95.96000000000015,xml_geometry_csv_action
BootPass_6,249,35,27,Position_Unknown,Team_Unknown,Action_PreSnap,1005.23,797.39,1079.41,983.58,74.18000000000006,186.19000000000005,xml_geometry_csv_action
BootPass_6,249,3,3,Position_Unknown,Team_Unknown,Action_PreSnap,1319.39,900.28,1414.67,1077.91,95.27999999999997,177.6300000000001,xml_geometry_csv_action
BootPass_6,249,39,30,Position_Unknown,Team_Unknown,Action_PreSnap,986.2,249.86,1045.93,381.69,59.73000000000002,131.82999999999998,xml_geometry_csv_action
BootPass_6,249,42,31,Position_Unknown,Team_Unknown,Action_PreSnap,1338.19,271.87,1412.76,405.25,74.56999999999994,133.38,xml_geometry_csv_action
BootPass_6,249,45,32,Position_Unknown,Team_Unknown,Action_PreSnap,582.93,489.05,655.32,634.24,72.3900000000001,145.19,xml_geometry_csv_action
BootPass_6,249,46,33,Position_Unknown,Team_Unknown,Action_PreSnap,437.34,469.44,509.33,612.5,71.99000000000001,143.06,xml_geometry_csv_action
BootPass_6,249,47,34,Position_Unknown,Team_Unknown,Action_PreSnap,215.64,764.55,287.0,943.91,71.36000000000001,179.36,xml_geometry_csv_action
BootPass_6,249,48,35,Position_Unknown,Team_Unknown,Action_PreSnap,66.25,898.28,152.59,1079.5,86.34,181.22000000000003,xml_geometry_csv_action
BootPass_6,249,51,37,Position_Unknown,Team_Unknown,Action_PreSnap,220.82,821.67,303.3,1002.14,82.48000000000002,180.47000000000003,xml_geometry_csv_action
BootPass_6,249,5,5,Position_Unknown,Team_Unknown,Action_PreSnap,148.88,650.3,221.44,824.14,72.56,173.84000000000003,xml_geometry_csv_action
BootPass_6,249,6,6,Position_Unknown,Team_Unknown,Action_PreSnap,1.56,867.47,67.47,1050.77,65.91,183.29999999999995,xml_geometry_csv_action
BootPass_6,249,8,8,Position_Unknown,Team_Unknown,Action_PreSnap,934.28,268.36,1012.42,382.57,78.13999999999999,114.20999999999998,xml_geometry_csv_action
BootPass_6,250,0,0,Position_Unknown,Team_Unknown,Action_PreSnap,975.02,523.49,1047.5,689.73,72.48000000000002,166.24,xml_geometry_csv_action
BootPass_6,250,1,1,Position_Unknown,Team_Unknown,Action_PreSnap,942.94,921.7,1004.82,1078.29,61.879999999999995,156.58999999999992,xml_geometry_csv_action
BootPass_6,250,10,10,Position_Unknown,Team_Unknown,Action_PreSnap,847.83,791.76,920.82,949.3,72.99000000000001,157.53999999999996,xml_geometry_csv_action
BootPass_6,250,12,12,Position_Unknown,Team_Unknown,Action_PreSnap,1842.66,751.01,1918.61,926.75,75.94999999999982,175.74,xml_geometry_csv_action
BootPass_6,250,13,13,Position_Unknown,Team_Unknown,Action_PreSnap,976.85,749.77,1037.47,924.21,60.620000000000005,174.44000000000005,xml_geometry_csv_action
BootPass_6,250,17,17,Position_Unknown,Team_Unknown,Action_PreSnap,840.44,933.09,908.03,1077.69,67.58999999999992,144.60000000000002,xml_geometry_csv_action
BootPass_6,250,21,18,Position_Unknown,Team_Unknown,Action_PreSnap,819.53,695.68,884.48,861.65,64.95000000000005,165.97000000000003,xml_geometry_csv_action
BootPass_6,250,2,2,Position_Unknown,Team_Unknown,Action_PreSnap,776.98,894.65,856.2,1079.02,79.22000000000003,184.37,xml_geometry_csv_action
BootPass_6,250,31,23,Position_Unknown,Team_Unknown,Action_PreSnap,878.58,976.96,955.37,1076.99,76.78999999999996,100.02999999999997,xml_geometry_csv_action
BootPass_6,250,35,27,Position_Unknown,Team_Unknown,Action_PreSnap,1007.32,797.38,1085.44,983.32,78.12,185.94000000000005,xml_geometry_csv_action
BootPass_6,250,3,3,Position_Unknown,Team_Unknown,Action_PreSnap,1316.41,901.76,1413.76,1077.95,97.34999999999991,176.19000000000005,xml_geometry_csv_action
BootPass_6,250,39,30,Position_Unknown,Team_Unknown,Action_PreSnap,976.33,249.55,1037.2,382.54,60.870000000000005,132.99,xml_geometry_csv_action
BootPass_6,250,42,31,Position_Unknown,Team_Unknown,Action_PreSnap,1323.79,273.54,1402.45,399.93,78.66000000000008,126.38999999999999,xml_geometry_csv_action
BootPass_6,250,45,32,Position_Unknown,Team_Unknown,Action_PreSnap,598.41,495.33,666.57,635.25,68.16000000000008,139.92000000000002,xml_geometry_csv_action
BootPass_6,250,46,33,Position_Unknown,Team_Unknown,Action_PreSnap,449.05,469.93,517.47,613.6,68.42000000000002,143.67000000000002,xml_geometry_csv_action
BootPass_6,250,47,34,Position_Unknown,Team_Unknown,Action_PreSnap,225.52,764.49,297.83,947.17,72.30999999999997,182.67999999999995,xml_geometry_csv_action
BootPass_6,250,48,35,Position_Unknown,Team_Unknown,Action_PreSnap,73.88,897.01,156.21,1079.38,82.33000000000001,182.37000000000012,xml_geometry_csv_action
BootPass_6,250,51,37,Position_Unknown,Team_Unknown,Action_PreSnap,232.07,820.44,315.6,997.12,83.53000000000003,176.67999999999995,xml_geometry_csv_action
BootPass_6,250,5,5,Position_Unknown,Team_Unknown,Action_PreSnap,161.15,649.81,232.66,820.71,71.50999999999999,170.9000000000001,xml_geometry_csv_action
BootPass_6,250,6,6,Position_Unknown,Team_Unknown,Action_PreSnap,1.12,867.01,74.16,1051.85,73.03999999999999,184.83999999999992,xml_geometry_csv_action
BootPass_6,250,8,8,Position_Unknown,Team_Unknown,Action_PreSnap,932.3,269.65,999.31,386.13,67.00999999999999,116.48000000000002,xml_geometry_csv_action
BootPass_6,251,0,0,Position_Unknown,Team_Unknown,Action_PreSnap,976.9,522.16,1046.08,687.91,69.17999999999995,165.75,xml_geometry_csv_action
BootPass_6,251,1,1,Position_Unknown,Team_Unknown,Action_PreSnap,948.39,919.53,1008.3,1078.27,59.90999999999997,158.74,xml_geometry_csv_action
BootPass_6,251,10,10,Position_Unknown,Team_Unknown,Action_PreSnap,853.62,787.09,926.04,950.22,72.41999999999996,163.13,xml_geometry_csv_action
BootPass_6,251,12,12,Position_Unknown,Team_Unknown,Action_PreSnap,1843.23,749.91,1918.55,919.75,75.31999999999994,169.84000000000003,xml_geometry_csv_action
BootPass_6,251,13,13,Position_Unknown,Team_Unknown,Action_PreSnap,980.54,748.93,1042.59,921.82,62.049999999999955,172.8900000000001,xml_geometry_csv_action
BootPass_6,251,17,17,Position_Unknown,Team_Unknown,Action_PreSnap,840.95,933.34,907.99,1077.75,67.03999999999996,144.40999999999997,xml_geometry_csv_action
BootPass_6,251,2,2,Position_Unknown,Team_Unknown,Action_PreSnap,775.71,895.09,859.31,1078.91,83.59999999999991,183.82000000000005,xml_geometry_csv_action
BootPass_6,251,31,23,Position_Unknown,Team_Unknown,Action_PreSnap,883.95,974.17,959.39,1077.09,75.43999999999994,102.91999999999996,xml_geometry_csv_action
BootPass_6,251,35,27,Position_Unknown,Team_Unknown,Action_PreSnap,1010.08,796.64,1092.35,983.05,82.26999999999987,186.40999999999997,xml_geometry_csv_action
BootPass_6,251,3,3,Position_Unknown,Team_Unknown,Action_PreSnap,1313.15,902.77,1410.95,1077.98,97.79999999999995,175.21000000000004,xml_geometry_csv_action
BootPass_6,251,39,30,Position_Unknown,Team_Unknown,Action_PreSnap,966.75,249.8,1025.6,377.03,58.84999999999991,127.22999999999996,xml_geometry_csv_action
BootPass_6,251,42,31,Position_Unknown,Team_Unknown,Action_PreSnap,1309.9,275.48,1389.1,393.34,79.19999999999982,117.85999999999996,xml_geometry_csv_action
BootPass_6,251,45,32,Position_Unknown,Team_Unknown,Action_PreSnap,610.92,497.8,677.68,632.75,66.75999999999999,134.95,xml_geometry_csv_action
BootPass_6,251,46,33,Position_Unknown,Team_Unknown,Action_PreSnap,460.63,469.91,529.57,612.11,68.94000000000005,142.2,xml_geometry_csv_action
BootPass_6,251,47,34,Position_Unknown,Team_Unknown,Action_PreSnap,237.96,764.29,309.49,945.56,71.53,181.26999999999998,xml_geometry_csv_action
BootPass_6,251,48,35,Position_Unknown,Team_Unknown,Action_PreSnap,81.31,895.13,161.36,1079.24,80.05000000000001,184.11,xml_geometry_csv_action
BootPass_6,251,51,37,Position_Unknown,Team_Unknown,Action_PreSnap,242.42,818.21,331.1,992.55,88.68000000000004,174.33999999999992,xml_geometry_csv_action
BootPass_6,251,5,5,Position_Unknown,Team_Unknown,Action_PreSnap,174.07,650.06,244.55,816.3,70.48000000000002,166.24,xml_geometry_csv_action
BootPass_6,251,6,6,Position_Unknown,Team_Unknown,Action_PreSnap,0.89,866.28,77.29,1051.02,76.4,184.74,xml_geometry_csv_action
BootPass_6,251,8,8,Position_Unknown,Team_Unknown,Action_PreSnap,927.12,271.84,991.38,387.48,64.25999999999999,115.64000000000004,xml_geometry_csv_action
BootPass_6,252,0,0,Position_Unknown,Team_Unknown,Action_PreSnap,978.7,521.28,1045.2,681.3,66.5,160.01999999999998,xml_geometry_csv_action
BootPass_6,252,1,1,Position_Unknown,Team_Unknown,Action_PreSnap,952.25,917.63,1012.98,1078.28,60.73000000000002,160.64999999999998,xml_geometry_csv_action
BootPass_6,252,10,10,Position_Unknown,Team_Unknown,Action_PreSnap,858.29,783.89,929.83,949.94,71.54000000000008,166.05000000000007,xml_geometry_csv_action
BootPass_6,252,12,12,Position_Unknown,Team_Unknown,Action_PreSnap,1841.59,747.52,1918.58,915.69,76.99000000000001,168.17000000000007,xml_geometry_csv_action
BootPass_6,252,13,13,Position_Unknown,Team_Unknown,Action_PreSnap,983.82,751.68,1048.18,918.82,64.36000000000001,167.1400000000001,xml_geometry_csv_action
BootPass_6,252,17,17,Position_Unknown,Team_Unknown,Action_PreSnap,841.55,933.16,909.2,1077.84,67.65000000000009,144.67999999999995,xml_geometry_csv_action
BootPass_6,252,21,18,Position_Unknown,Team_Unknown,Action_PreSnap,826.34,699.34,897.28,803.49,70.93999999999994,104.14999999999998,xml_geometry_csv_action
BootPass_6,252,2,2,Position_Unknown,Team_Unknown,Action_PreSnap,777.09,896.57,861.18,1078.85,84.08999999999992,182.27999999999986,xml_geometry_csv_action
BootPass_6,252,31,23,Position_Unknown,Team_Unknown,Action_PreSnap,888.68,971.82,962.65,1077.21,73.97000000000003,105.38999999999999,xml_geometry_csv_action
BootPass_6,252,35,27,Position_Unknown,Team_Unknown,Action_PreSnap,1014.16,796.62,1098.24,981.08,84.08000000000004,184.46000000000004,xml_geometry_csv_action
BootPass_6,252,3,3,Position_Unknown,Team_Unknown,Action_PreSnap,1309.08,904.26,1407.69,1078.04,98.61000000000013,173.77999999999997,xml_geometry_csv_action
BootPass_6,252,39,30,Position_Unknown,Team_Unknown,Action_PreSnap,956.62,250.52,1011.44,369.77,54.82000000000005,119.24999999999997,xml_geometry_csv_action
BootPass_6,252,42,31,Position_Unknown,Team_Unknown,Action_PreSnap,1300.55,276.05,1370.58,394.46,70.02999999999997,118.40999999999997,xml_geometry_csv_action
BootPass_6,252,45,32,Position_Unknown,Team_Unknown,Action_PreSnap,622.67,500.54,685.68,621.0,63.00999999999999,120.45999999999998,xml_geometry_csv_action
BootPass_6,252,46,33,Position_Unknown,Team_Unknown,Action_PreSnap,471.92,469.6,545.89,610.53,73.96999999999997,140.92999999999995,xml_geometry_csv_action
BootPass_6,252,47,34,Position_Unknown,Team_Unknown,Action_PreSnap,246.17,764.35,318.89,942.59,72.72,178.24,xml_geometry_csv_action
BootPass_6,252,48,35,Position_Unknown,Team_Unknown,Action_PreSnap,88.77,893.04,166.31,1079.14,77.54,186.10000000000014,xml_geometry_csv_action
BootPass_6,252,51,37,Position_Unknown,Team_Unknown,Action_PreSnap,251.78,815.78,348.74,989.75,96.96000000000001,173.97000000000003,xml_geometry_csv_action
BootPass_6,252,53,38,Position_Unknown,Team_Unknown,Action_PreSnap,983.76,676.44,1046.65,797.53,62.8900000000001,121.08999999999992,xml_geometry_csv_action
BootPass_6,252,5,5,Position_Unknown,Team_Unknown,Action_PreSnap,185.32,650.26,255.36,812.66,70.04000000000002,162.39999999999998,xml_geometry_csv_action
BootPass_6,252,6,6,Position_Unknown,Team_Unknown,Action_PreSnap,0.67,865.28,80.73,1049.53,80.06,184.25,xml_geometry_csv_action
BootPass_6,252,8,8,Position_Unknown,Team_Unknown,Action_PreSnap,919.45,273.37,987.59,389.88,68.13999999999999,116.50999999999999,xml_geometry_csv_action
BootPass_6,253,0,0,Position_Unknown,Team_Unknown,Action_PreSnap,979.47,521.23,1043.94,671.82,64.47000000000003,150.59000000000003,xml_geometry_csv_action
BootPass_6,253,1,1,Position_Unknown,Team_Unknown,Action_PreSnap,957.51,915.18,1021.06,1078.3,63.549999999999955,163.12,xml_geometry_csv_action
BootPass_6,253,10,10,Position_Unknown,Team_Unknown,Action_PreSnap,861.54,783.25,933.01,945.48,71.47000000000003,162.23000000000002,xml_geometry_csv_action
BootPass_6,253,12,12,Position_Unknown,Team_Unknown,Action_PreSnap,1835.23,745.47,1918.34,914.42,83.1099999999999,168.94999999999993,xml_geometry_csv_action
BootPass_6,253,13,13,Position_Unknown,Team_Unknown,Action_PreSnap,985.95,756.32,1053.24,915.71,67.28999999999996,159.39,xml_geometry_csv_action
BootPass_6,253,17,17,Position_Unknown,Team_Unknown,Action_PreSnap,841.97,931.74,909.51,1077.91,67.53999999999996,146.17000000000007,xml_geometry_csv_action
BootPass_6,253,2,2,Position_Unknown,Team_Unknown,Action_PreSnap,781.89,898.41,862.41,1078.79,80.51999999999998,180.38,xml_geometry_csv_action
BootPass_6,253,31,23,Position_Unknown,Team_Unknown,Action_PreSnap,892.61,971.23,966.17,1077.31,73.55999999999995,106.07999999999993,xml_geometry_csv_action
BootPass_6,253,35,27,Position_Unknown,Team_Unknown,Action_PreSnap,1019.32,797.93,1102.69,979.22,83.37,181.29000000000008,xml_geometry_csv_action
BootPass_6,253,3,3,Position_Unknown,Team_Unknown,Action_PreSnap,1305.03,905.04,1404.2,1078.08,99.17000000000007,173.03999999999996,xml_geometry_csv_action
BootPass_6,253,39,30,Position_Unknown,Team_Unknown,Action_PreSnap,945.51,252.68,991.63,363.61,46.120000000000005,110.93,xml_geometry_csv_action
BootPass_6,253,42,31,Position_Unknown,Team_Unknown,Action_PreSnap,1290.78,276.41,1355.16,397.74,64.38000000000011,121.32999999999998,xml_geometry_csv_action
BootPass_6,253,45,32,Position_Unknown,Team_Unknown,Action_PreSnap,634.1,502.28,693.5,620.31,59.39999999999998,118.02999999999997,xml_geometry_csv_action
BootPass_6,253,46,33,Position_Unknown,Team_Unknown,Action_PreSnap,482.46,468.77,562.39,606.57,79.93,137.80000000000007,xml_geometry_csv_action
BootPass_6,253,47,34,Position_Unknown,Team_Unknown,Action_PreSnap,261.02,764.07,328.08,939.82,67.06,175.75,xml_geometry_csv_action
BootPass_6,253,48,35,Position_Unknown,Team_Unknown,Action_PreSnap,89.47,888.95,169.08,1079.06,79.61000000000001,190.1099999999999,xml_geometry_csv_action
BootPass_6,253,51,37,Position_Unknown,Team_Unknown,Action_PreSnap,263.28,813.55,366.51,984.5,103.23000000000002,170.95000000000005,xml_geometry_csv_action
BootPass_6,253,53,38,Position_Unknown,Team_Unknown,Action_PreSnap,985.45,676.39,1048.65,799.99,63.200000000000045,123.60000000000002,xml_geometry_csv_action
BootPass_6,253,5,5,Position_Unknown,Team_Unknown,Action_PreSnap,195.95,650.13,269.18,810.17,73.23000000000002,160.03999999999996,xml_geometry_csv_action
BootPass_6,253,6,6,Position_Unknown,Team_Unknown,Action_PreSnap,0.4,863.05,90.18,1048.05,89.78,185.0,xml_geometry_csv_action
BootPass_6,253,8,8,Position_Unknown,Team_Unknown,Action_PreSnap,909.92,273.61,984.75,389.94,74.83000000000004,116.32999999999998,xml_geometry_csv_action
BootPass_6,254,0,0,Position_Unknown,Team_Unknown,Action_PreSnap,980.05,521.96,1043.39,667.82,63.340000000000146,145.86,xml_geometry_csv_action
BootPass_6,254,1,1,Position_Unknown,Team_Unknown,Action_PreSnap,963.71,912.13,1029.71,1078.37,66.0,166.2399999999999,xml_geometry_csv_action
BootPass_6,254,10,10,Position_Unknown,Team_Unknown,Action_PreSnap,865.13,783.11,936.47,940.65,71.34000000000003,157.53999999999996,xml_geometry_csv_action
BootPass_6,254,12,12,Position_Unknown,Team_Unknown,Action_PreSnap,1829.59,742.18,1915.45,910.84,85.86000000000013,168.66000000000008,xml_geometry_csv_action
BootPass_6,254,13,13,Position_Unknown,Team_Unknown,Action_PreSnap,989.23,760.55,1057.12,915.58,67.88999999999987,155.0300000000001,xml_geometry_csv_action
BootPass_6,254,17,17,Position_Unknown,Team_Unknown,Action_PreSnap,844.53,930.35,911.86,1078.03,67.33000000000004,147.67999999999995,xml_geometry_csv_action
BootPass_6,254,21,18,Position_Unknown,Team_Unknown,Action_PreSnap,849.86,700.1,910.92,791.46,61.059999999999945,91.36000000000001,xml_geometry_csv_action
BootPass_6,254,2,2,Position_Unknown,Team_Unknown,Action_PreSnap,786.74,899.62,863.18,1078.81,76.43999999999994,179.18999999999994,xml_geometry_csv_action
BootPass_6,254,31,23,Position_Unknown,Team_Unknown,Action_PreSnap,894.6,971.72,970.22,1077.48,75.62,105.75999999999999,xml_geometry_csv_action
BootPass_6,254,35,27,Position_Unknown,Team_Unknown,Action_PreSnap,1025.84,799.57,1107.26,977.2,81.42000000000007,177.63,xml_geometry_csv_action
BootPass_6,254,3,3,Position_Unknown,Team_Unknown,Action_PreSnap,1301.84,905.29,1402.21,1078.19,100.37000000000012,172.9000000000001,xml_geometry_csv_action
BootPass_6,254,39,30,Position_Unknown,Team_Unknown,Action_PreSnap,935.15,253.54,979.57,362.84,44.42000000000007,109.29999999999998,xml_geometry_csv_action
BootPass_6,254,42,31,Position_Unknown,Team_Unknown,Action_PreSnap,1278.36,278.46,1345.81,400.15,67.45000000000005,121.69,xml_geometry_csv_action
BootPass_6,254,45,32,Position_Unknown,Team_Unknown,Action_PreSnap,645.04,503.9,701.55,614.8,56.50999999999999,110.89999999999998,xml_geometry_csv_action
BootPass_6,254,46,33,Position_Unknown,Team_Unknown,Action_PreSnap,493.73,468.38,575.69,600.36,81.96000000000004,131.98000000000002,xml_geometry_csv_action
BootPass_6,254,47,34,Position_Unknown,Team_Unknown,Action_PreSnap,273.3,764.15,336.69,935.73,63.389999999999986,171.58000000000004,xml_geometry_csv_action
BootPass_6,254,48,35,Position_Unknown,Team_Unknown,Action_PreSnap,95.86,886.52,172.99,1078.24,77.13000000000001,191.72000000000003,xml_geometry_csv_action
BootPass_6,254,51,37,Position_Unknown,Team_Unknown,Action_PreSnap,275.27,811.98,381.09,980.5,105.82,168.51999999999998,xml_geometry_csv_action
BootPass_6,254,53,38,Position_Unknown,Team_Unknown,Action_PreSnap,987.12,676.23,1051.12,800.42,63.999999999999886,124.18999999999994,xml_geometry_csv_action
BootPass_6,254,5,5,Position_Unknown,Team_Unknown,Action_PreSnap,207.79,649.75,281.89,807.16,74.1,157.40999999999997,xml_geometry_csv_action
BootPass_6,254,6,6,Position_Unknown,Team_Unknown,Action_PreSnap,0.56,860.63,96.48,1043.93,95.92,183.30000000000007,xml_geometry_csv_action
BootPass_6,254,8,8,Position_Unknown,Team_Unknown,Action_PreSnap,903.12,274.43,980.65,388.06,77.52999999999997,113.63,xml_geometry_csv_action
BootPass_6,255,0,0,Position_Unknown,Team_Unknown,Action_PreSnap,981.4,522.29,1043.87,665.92,62.469999999999914,143.63,xml_geometry_csv_action
BootPass_6,255,1,1,Position_Unknown,Team_Unknown,Action_PreSnap,967.91,909.27,1037.48,1078.4,69.57000000000005,169.1300000000001,xml_geometry_csv_action
BootPass_6,255,10,10,Position_Unknown,Team_Unknown,Action_PreSnap,869.68,783.11,940.0,932.2,70.32000000000005,149.09000000000003,xml_geometry_csv_action
BootPass_6,255,12,12,Position_Unknown,Team_Unknown,Action_PreSnap,1824.94,736.96,1912.11,903.6,87.16999999999985,166.64,xml_geometry_csv_action
BootPass_6,255,13,13,Position_Unknown,Team_Unknown,Action_PreSnap,993.16,767.54,1062.12,914.84,68.95999999999992,147.30000000000007,xml_geometry_csv_action
BootPass_6,255,17,17,Position_Unknown,Team_Unknown,Action_PreSnap,848.0,928.13,914.35,1078.1,66.35000000000002,149.9699999999999,xml_geometry_csv_action
BootPass_6,255,21,18,Position_Unknown,Team_Unknown,Action_PreSnap,857.38,698.82,916.26,792.02,58.879999999999995,93.19999999999993,xml_geometry_csv_action
BootPass_6,255,2,2,Position_Unknown,Team_Unknown,Action_PreSnap,791.0,900.38,865.06,1078.8,74.05999999999995,178.41999999999996,xml_geometry_csv_action
BootPass_6,255,31,23,Position_Unknown,Team_Unknown,Action_PreSnap,897.96,973.15,975.65,1077.63,77.68999999999994,104.48000000000013,xml_geometry_csv_action
BootPass_6,255,35,27,Position_Unknown,Team_Unknown,Action_PreSnap,1033.37,801.24,1109.86,973.83,76.49000000000001,172.59000000000003,xml_geometry_csv_action
BootPass_6,255,3,3,Position_Unknown,Team_Unknown,Action_PreSnap,1296.84,904.0,1398.47,1078.26,101.63000000000011,174.26,xml_geometry_csv_action
BootPass_6,255,39,30,Position_Unknown,Team_Unknown,Action_PreSnap,925.94,252.72,971.74,365.47,45.799999999999955,112.75000000000003,xml_geometry_csv_action
BootPass_6,255,42,31,Position_Unknown,Team_Unknown,Action_PreSnap,1265.34,279.32,1340.76,399.02,75.42000000000007,119.69999999999999,xml_geometry_csv_action
BootPass_6,255,45,32,Position_Unknown,Team_Unknown,Action_PreSnap,656.76,504.91,711.82,608.83,55.06000000000006,103.92000000000002,xml_geometry_csv_action
BootPass_6,255,46,33,Position_Unknown,Team_Unknown,Action_PreSnap,504.27,467.82,585.72,595.53,81.45000000000005,127.70999999999998,xml_geometry_csv_action
BootPass_6,255,47,34,Position_Unknown,Team_Unknown,Action_PreSnap,287.01,763.33,347.56,933.34,60.55000000000001,170.01,xml_geometry_csv_action
BootPass_6,255,48,35,Position_Unknown,Team_Unknown,Action_PreSnap,101.87,883.76,175.71,1073.92,73.84,190.16000000000008,xml_geometry_csv_action
BootPass_6,255,51,37,Position_Unknown,Team_Unknown,Action_PreSnap,288.73,811.03,393.73,974.04,105.0,163.01,xml_geometry_csv_action
BootPass_6,255,53,38,Position_Unknown,Team_Unknown,Action_PreSnap,988.44,674.31,1052.3,827.71,63.8599999999999,153.4000000000001,xml_geometry_csv_action
BootPass_6,255,5,5,Position_Unknown,Team_Unknown,Action_PreSnap,219.5,648.05,290.88,805.05,71.38,157.0,xml_geometry_csv_action
BootPass_6,255,6,6,Position_Unknown,Team_Unknown,Action_PreSnap,4.28,856.29,100.72,1037.89,96.44,181.60000000000014,xml_geometry_csv_action
BootPass_6,255,8,8,Position_Unknown,Team_Unknown,Action_PreSnap,897.44,274.44,972.1,382.29,74.65999999999997,107.85000000000002,xml_geometry_csv_action
BootPass_6,256,0,0,Position_Unknown,Team_Unknown,Action_PreSnap,984.36,521.47,1046.39,665.11,62.030000000000086,143.64,xml_geometry_csv_action
BootPass_6,256,1,1,Position_Unknown,Team_Unknown,Action_PreSnap,973.3,905.1,1048.84,1078.38,75.53999999999996,173.2800000000001,xml_geometry_csv_action
BootPass_6,256,10,10,Position_Unknown,Team_Unknown,Action_PreSnap,874.3,781.4,945.74,927.94,71.44000000000005,146.54000000000008,xml_geometry_csv_action
BootPass_6,256,12,12,Position_Unknown,Team_Unknown,Action_PreSnap,1822.87,732.46,1908.58,897.92,85.71000000000004,165.45999999999992,xml_geometry_csv_action
BootPass_6,256,13,13,Position_Unknown,Team_Unknown,Action_PreSnap,1005.5,764.68,1069.52,910.39,64.01999999999998,145.71000000000004,xml_geometry_csv_action
BootPass_6,256,17,17,Position_Unknown,Team_Unknown,Action_PreSnap,852.83,925.4,918.28,1078.12,65.44999999999993,152.7199999999999,xml_geometry_csv_action
BootPass_6,256,21,18,Position_Unknown,Team_Unknown,Action_PreSnap,864.37,694.73,923.93,790.6,59.559999999999945,95.87,xml_geometry_csv_action
BootPass_6,256,2,2,Position_Unknown,Team_Unknown,Action_PreSnap,795.76,900.14,868.73,1078.54,72.97000000000003,178.39999999999998,xml_geometry_csv_action
BootPass_6,256,31,23,Position_Unknown,Team_Unknown,Action_PreSnap,904.46,974.1,980.43,1077.71,75.96999999999991,103.61000000000001,xml_geometry_csv_action
BootPass_6,256,35,27,Position_Unknown,Team_Unknown,Action_PreSnap,1043.93,800.55,1117.63,969.92,73.70000000000005,169.37,xml_geometry_csv_action
BootPass_6,256,3,3,Position_Unknown,Team_Unknown,Action_PreSnap,1297.16,901.44,1396.36,1078.26,99.19999999999982,176.81999999999994,xml_geometry_csv_action
BootPass_6,256,39,30,Position_Unknown,Team_Unknown,Action_PreSnap,919.43,253.53,966.19,364.49,46.760000000000105,110.96000000000001,xml_geometry_csv_action
BootPass_6,256,42,31,Position_Unknown,Team_Unknown,Action_PreSnap,1255.94,280.31,1336.11,398.67,80.16999999999985,118.36000000000001,xml_geometry_csv_action
BootPass_6,256,46,33,Position_Unknown,Team_Unknown,Action_PreSnap,517.27,467.17,596.21,594.46,78.94000000000005,127.29000000000002,xml_geometry_csv_action
BootPass_6,256,47,34,Position_Unknown,Team_Unknown,Action_PreSnap,303.23,761.37,360.97,928.55,57.74000000000001,167.17999999999995,xml_geometry_csv_action
BootPass_6,256,48,35,Position_Unknown,Team_Unknown,Action_PreSnap,109.64,881.44,181.46,1069.23,71.82000000000001,187.78999999999996,xml_geometry_csv_action
BootPass_6,256,51,37,Position_Unknown,Team_Unknown,Action_PreSnap,306.93,809.1,405.05,969.51,98.12,160.40999999999997,xml_geometry_csv_action
BootPass_6,256,53,38,Position_Unknown,Team_Unknown,Action_PreSnap,992.28,672.35,1056.79,836.3,64.50999999999999,163.94999999999993,xml_geometry_csv_action
BootPass_6,256,5,5,Position_Unknown,Team_Unknown,Action_PreSnap,232.04,645.06,302.91,801.96,70.87000000000003,156.9000000000001,xml_geometry_csv_action
BootPass_6,256,6,6,Position_Unknown,Team_Unknown,Action_PreSnap,15.39,850.58,109.04,1032.21,93.65,181.63,xml_geometry_csv_action
BootPass_6,256,8,8,Position_Unknown,Team_Unknown,Action_PreSnap,895.53,275.15,962.92,381.69,67.38999999999999,106.54000000000002,xml_geometry_csv_action
BootPass_6,257,0,0,Position_Unknown,Team_Unknown,Action_PreSnap,989.17,519.06,1051.04,662.98,61.870000000000005,143.92000000000007,xml_geometry_csv_action
BootPass_6,257,1,1,Position_Unknown,Team_Unknown,Action_PreSnap,981.11,900.53,1063.48,1077.07,82.37,176.53999999999996,xml_geometry_csv_action
BootPass_6,257,10,10,Position_Unknown,Team_Unknown,Action_PreSnap,882.28,778.7,953.19,926.4,70.91000000000008,147.69999999999993,xml_geometry_csv_action
BootPass_6,257,12,12,Position_Unknown,Team_Unknown,Action_PreSnap,1822.36,726.94,1908.19,891.04,85.83000000000015,164.0999999999999,xml_geometry_csv_action
BootPass_6,257,13,13,Position_Unknown,Team_Unknown,Action_PreSnap,1017.98,759.49,1077.78,905.2,59.799999999999955,145.71000000000004,xml_geometry_csv_action
BootPass_6,257,17,17,Position_Unknown,Team_Unknown,Action_PreSnap,858.14,922.59,924.44,1078.02,66.30000000000007,155.42999999999995,xml_geometry_csv_action
BootPass_6,257,21,18,Position_Unknown,Team_Unknown,Action_PreSnap,872.91,692.2,933.07,788.49,60.16000000000008,96.28999999999996,xml_geometry_csv_action
BootPass_6,257,2,2,Position_Unknown,Team_Unknown,Action_PreSnap,801.72,899.5,874.66,1076.61,72.93999999999994,177.1099999999999,xml_geometry_csv_action
BootPass_6,257,31,23,Position_Unknown,Team_Unknown,Action_PreSnap,913.0,973.98,988.32,1077.67,75.32000000000005,103.69000000000005,xml_geometry_csv_action
BootPass_6,257,35,27,Position_Unknown,Team_Unknown,Action_PreSnap,1056.67,797.39,1128.46,965.27,71.78999999999996,167.88,xml_geometry_csv_action
BootPass_6,257,3,3,Position_Unknown,Team_Unknown,Action_PreSnap,1299.08,897.26,1395.98,1078.16,96.90000000000009,180.9000000000001,xml_geometry_csv_action
BootPass_6,257,39,30,Position_Unknown,Team_Unknown,Action_PreSnap,915.76,253.37,964.96,361.96,49.200000000000045,108.58999999999997,xml_geometry_csv_action
BootPass_6,257,42,31,Position_Unknown,Team_Unknown,Action_PreSnap,1248.75,280.66,1330.39,392.52,81.6400000000001,111.85999999999996,xml_geometry_csv_action
BootPass_6,257,46,33,Position_Unknown,Team_Unknown,Action_PreSnap,530.65,466.1,605.08,593.87,74.43000000000006,127.76999999999998,xml_geometry_csv_action
BootPass_6,257,47,34,Position_Unknown,Team_Unknown,Action_PreSnap,319.65,758.79,375.47,926.39,55.82000000000005,167.60000000000002,xml_geometry_csv_action
BootPass_6,257,48,35,Position_Unknown,Team_Unknown,Action_PreSnap,118.98,880.01,191.25,1062.64,72.27,182.6300000000001,xml_geometry_csv_action
BootPass_6,257,51,37,Position_Unknown,Team_Unknown,Action_PreSnap,328.7,804.3,420.45,964.91,91.75,160.61,xml_geometry_csv_action
BootPass_6,257,53,38,Position_Unknown,Team_Unknown,Action_PreSnap,1000.04,669.03,1064.03,839.68,63.99000000000001,170.64999999999998,xml_geometry_csv_action
BootPass_6,257,5,5,Position_Unknown,Team_Unknown,Action_PreSnap,247.68,641.8,316.91,797.47,69.23000000000002,155.67000000000007,xml_geometry_csv_action
BootPass_6,257,6,6,Position_Unknown,Team_Unknown,Action_PreSnap,31.73,843.9,119.31,1024.49,87.58,180.59000000000003,xml_geometry_csv_action
BootPass_6,257,8,8,Position_Unknown,Team_Unknown,Action_PreSnap,895.59,274.69,957.88,381.62,62.289999999999964,106.93,xml_geometry_csv_action
BootPass_6,258,0,0,Position_Unknown,Team_Unknown,Action_PreSnap,994.91,515.49,1057.02,660.93,62.110000000000014,145.43999999999994,xml_geometry_csv_action
BootPass_6,258,1,1,Position_Unknown,Team_Unknown,Action_PreSnap,991.18,895.25,1081.09,1073.86,89.90999999999997,178.6099999999999,xml_geometry_csv_action
BootPass_6,258,10,10,Position_Unknown,Team_Unknown,Action_PreSnap,891.12,773.2,961.99,922.93,70.87,149.7299999999999,xml_geometry_csv_action
BootPass_6,258,12,12,Position_Unknown,Team_Unknown,Action_PreSnap,1825.19,721.48,1909.35,879.55,84.15999999999985,158.06999999999994,xml_geometry_csv_action
BootPass_6,258,13,13,Position_Unknown,Team_Unknown,Action_PreSnap,1031.87,749.46,1088.29,898.37,56.42000000000007,148.90999999999997,xml_geometry_csv_action
BootPass_6,258,17,17,Position_Unknown,Team_Unknown,Action_PreSnap,866.66,919.32,933.16,1077.9,66.5,158.58000000000004,xml_geometry_csv_action
BootPass_6,258,21,18,Position_Unknown,Team_Unknown,Action_PreSnap,883.09,688.24,944.58,783.89,61.49000000000001,95.64999999999998,xml_geometry_csv_action
BootPass_6,258,2,2,Position_Unknown,Team_Unknown,Action_PreSnap,807.74,898.49,882.25,1077.52,74.50999999999999,179.02999999999997,xml_geometry_csv_action
BootPass_6,258,31,23,Position_Unknown,Team_Unknown,Action_PreSnap,924.02,974.55,998.8,1077.6,74.77999999999997,103.04999999999995,xml_geometry_csv_action
BootPass_6,258,35,27,Position_Unknown,Team_Unknown,Action_PreSnap,1070.35,793.19,1145.13,960.97,74.7800000000002,167.77999999999997,xml_geometry_csv_action
BootPass_6,258,3,3,Position_Unknown,Team_Unknown,Action_PreSnap,1302.45,892.78,1397.73,1078.02,95.27999999999997,185.24,xml_geometry_csv_action
BootPass_6,258,39,30,Position_Unknown,Team_Unknown,Action_PreSnap,913.01,253.96,959.96,354.23,46.950000000000045,100.27000000000001,xml_geometry_csv_action
BootPass_6,258,42,31,Position_Unknown,Team_Unknown,Action_PreSnap,1244.0,280.69,1320.79,385.9,76.78999999999996,105.20999999999998,xml_geometry_csv_action
BootPass_6,258,46,33,Position_Unknown,Team_Unknown,Action_PreSnap,544.65,463.73,614.31,591.55,69.65999999999997,127.81999999999994,xml_geometry_csv_action
BootPass_6,258,47,34,Position_Unknown,Team_Unknown,Action_PreSnap,336.94,755.8,392.66,924.18,55.72000000000003,168.38,xml_geometry_csv_action
BootPass_6,258,48,35,Position_Unknown,Team_Unknown,Action_PreSnap,127.13,878.59,202.93,1063.02,75.80000000000001,184.42999999999995,xml_geometry_csv_action
BootPass_6,258,51,37,Position_Unknown,Team_Unknown,Action_PreSnap,352.27,798.59,437.35,960.76,85.08000000000004,162.16999999999996,xml_geometry_csv_action
BootPass_6,258,53,38,Position_Unknown,Team_Unknown,Action_PreSnap,1009.53,665.76,1073.25,835.76,63.72000000000003,170.0,xml_geometry_csv_action
BootPass_6,258,5,5,Position_Unknown,Team_Unknown,Action_PreSnap,264.27,638.31,332.62,790.94,68.35000000000002,152.6300000000001,xml_geometry_csv_action
BootPass_6,258,6,6,Position_Unknown,Team_Unknown,Action_PreSnap,51.25,837.92,134.26,1015.75,83.00999999999999,177.83000000000004,xml_geometry_csv_action
BootPass_6,258,8,8,Position_Unknown,Team_Unknown,Action_PreSnap,897.87,275.03,950.05,382.78,52.17999999999995,107.75,xml_geometry_csv_action
BootPass_6,259,0,0,Position_Unknown,Team_Unknown,Action_PreSnap,1000.59,511.54,1063.66,657.87,63.07000000000005,146.32999999999998,xml_geometry_csv_action
BootPass_6,259,1,1,Position_Unknown,Team_Unknown,Action_PreSnap,1002.19,891.44,1100.01,1069.93,97.81999999999994,178.49,xml_geometry_csv_action
BootPass_6,259,10,10,Position_Unknown,Team_Unknown,Action_PreSnap,900.02,767.19,969.93,919.25,69.90999999999997,152.05999999999995,xml_geometry_csv_action
BootPass_6,259,12,12,Position_Unknown,Team_Unknown,Action_PreSnap,1829.07,717.78,1912.5,871.84,83.43000000000006,154.06000000000006,xml_geometry_csv_action
BootPass_6,259,13,13,Position_Unknown,Team_Unknown,Action_PreSnap,1042.82,744.71,1097.73,895.31,54.91000000000008,150.5999999999999,xml_geometry_csv_action
BootPass_6,259,17,17,Position_Unknown,Team_Unknown,Action_PreSnap,874.85,915.68,941.4,1077.96,66.54999999999995,162.2800000000001,xml_geometry_csv_action
BootPass_6,259,21,18,Position_Unknown,Team_Unknown,Action_PreSnap,895.88,682.82,956.82,781.73,60.940000000000055,98.90999999999997,xml_geometry_csv_action
BootPass_6,259,2,2,Position_Unknown,Team_Unknown,Action_PreSnap,815.45,898.45,889.84,1077.46,74.38999999999999,179.01,xml_geometry_csv_action
BootPass_6,259,31,23,Position_Unknown,Team_Unknown,Action_PreSnap,934.92,973.48,1011.75,1077.71,76.83000000000004,104.23000000000002,xml_geometry_csv_action
BootPass_6,259,35,27,Position_Unknown,Team_Unknown,Action_PreSnap,1081.08,789.29,1158.36,957.54,77.27999999999997,168.25,xml_geometry_csv_action
BootPass_6,259,3,3,Position_Unknown,Team_Unknown,Action_PreSnap,1306.14,887.63,1400.58,1076.75,94.43999999999983,189.12,xml_geometry_csv_action
BootPass_6,259,42,31,Position_Unknown,Team_Unknown,Action_PreSnap,1240.13,280.46,1309.17,386.87,69.03999999999996,106.41000000000003,xml_geometry_csv_action
BootPass_6,259,45,32,Position_Unknown,Team_Unknown,Action_PreSnap,718.0,508.18,794.09,634.45,76.09000000000003,126.27000000000004,xml_geometry_csv_action
BootPass_6,259,46,33,Position_Unknown,Team_Unknown,Action_PreSnap,558.67,460.75,627.41,591.61,68.74000000000001,130.86,xml_geometry_csv_action
BootPass_6,259,47,34,Position_Unknown,Team_Unknown,Action_PreSnap,352.91,752.48,408.97,922.15,56.06,169.66999999999996,xml_geometry_csv_action
BootPass_6,259,48,35,Position_Unknown,Team_Unknown,Action_PreSnap,135.99,877.84,216.08,1062.96,80.09,185.12,xml_geometry_csv_action
BootPass_6,259,51,37,Position_Unknown,Team_Unknown,Action_PreSnap,380.44,793.87,455.92,956.34,75.48000000000002,162.47000000000003,xml_geometry_csv_action
BootPass_6,259,53,38,Position_Unknown,Team_Unknown,Action_PreSnap,1018.76,662.27,1081.7,827.42,62.940000000000055,165.14999999999998,xml_geometry_csv_action
BootPass_6,259,5,5,Position_Unknown,Team_Unknown,Action_PreSnap,281.74,635.51,349.85,788.39,68.11000000000001,152.88,xml_geometry_csv_action
BootPass_6,259,6,6,Position_Unknown,Team_Unknown,Action_PreSnap,71.64,832.34,149.55,1007.08,77.91000000000001,174.74,xml_geometry_csv_action
BootPass_6,259,8,8,Position_Unknown,Team_Unknown,Action_PreSnap,897.14,274.1,947.65,382.81,50.50999999999999,108.70999999999998,xml_geometry_csv_action
BootPass_6,260,0,0,Position_Unknown,Team_Unknown,Action_PreSnap,1007.72,507.16,1069.58,654.95,61.8599999999999,147.79000000000002,xml_geometry_csv_action
BootPass_6,260,1,1,Position_Unknown,Team_Unknown,Action_PreSnap,1015.04,889.63,1113.81,1064.78,98.76999999999998,175.14999999999998,xml_geometry_csv_action
BootPass_6,260,10,10,Position_Unknown,Team_Unknown,Action_PreSnap,908.86,760.93,975.67,912.83,66.80999999999995,151.9000000000001,xml_geometry_csv_action
BootPass_6,260,12,12,Position_Unknown,Team_Unknown,Action_PreSnap,1831.03,714.53,1916.17,867.05,85.1400000000001,152.51999999999998,xml_geometry_csv_action
BootPass_6,260,13,13,Position_Unknown,Team_Unknown,Action_PreSnap,1050.38,743.28,1106.83,895.7,56.44999999999982,152.42000000000007,xml_geometry_csv_action
BootPass_6,260,17,17,Position_Unknown,Team_Unknown,Action_PreSnap,880.83,912.51,948.7,1078.12,67.87,165.6099999999999,xml_geometry_csv_action
BootPass_6,260,21,18,Position_Unknown,Team_Unknown,Action_PreSnap,905.74,680.66,967.91,778.9,62.16999999999996,98.24000000000001,xml_geometry_csv_action
BootPass_6,260,2,2,Position_Unknown,Team_Unknown,Action_PreSnap,822.26,897.57,896.08,1077.75,73.82000000000005,180.17999999999995,xml_geometry_csv_action
BootPass_6,260,31,23,Position_Unknown,Team_Unknown,Action_PreSnap,947.17,971.66,1024.12,1077.9,76.94999999999993,106.24000000000012,xml_geometry_csv_action
BootPass_6,260,35,27,Position_Unknown,Team_Unknown,Action_PreSnap,1092.56,784.95,1165.69,950.95,73.13000000000011,166.0,xml_geometry_csv_action
BootPass_6,260,3,3,Position_Unknown,Team_Unknown,Action_PreSnap,1310.51,882.6,1403.04,1071.33,92.52999999999997,188.7299999999999,xml_geometry_csv_action
BootPass_6,260,42,31,Position_Unknown,Team_Unknown,Action_PreSnap,1237.04,280.57,1300.5,387.71,63.460000000000036,107.13999999999999,xml_geometry_csv_action
BootPass_6,260,45,32,Position_Unknown,Team_Unknown,Action_PreSnap,732.26,507.25,807.38,636.82,75.12,129.57000000000005,xml_geometry_csv_action
BootPass_6,260,46,33,Position_Unknown,Team_Unknown,Action_PreSnap,573.62,457.27,641.23,589.4,67.61000000000001,132.13,xml_geometry_csv_action
BootPass_6,260,47,34,Position_Unknown,Team_Unknown,Action_PreSnap,368.16,750.27,424.29,919.74,56.129999999999995,169.47000000000003,xml_geometry_csv_action
BootPass_6,260,48,35,Position_Unknown,Team_Unknown,Action_PreSnap,148.29,877.5,228.14,1060.92,79.85,183.42000000000007,xml_geometry_csv_action
BootPass_6,260,51,37,Position_Unknown,Team_Unknown,Action_PreSnap,405.43,786.52,480.17,953.38,74.74000000000001,166.86,xml_geometry_csv_action
BootPass_6,260,53,38,Position_Unknown,Team_Unknown,Action_PreSnap,1027.41,659.25,1091.41,812.53,64.0,153.27999999999997,xml_geometry_csv_action
BootPass_6,260,5,5,Position_Unknown,Team_Unknown,Action_PreSnap,296.78,634.35,365.03,786.32,68.25,151.97000000000003,xml_geometry_csv_action
BootPass_6,260,6,6,Position_Unknown,Team_Unknown,Action_PreSnap,88.11,826.42,162.96,999.0,74.85000000000001,172.58000000000004,xml_geometry_csv_action
BootPass_6,260,8,8,Position_Unknown,Team_Unknown,Action_PreSnap,899.41,273.76,948.95,383.12,49.54000000000008,109.36000000000001,xml_geometry_csv_action
BootPass_6,261,0,0,Position_Unknown,Team_Unknown,Action_PreSnap,1014.03,503.28,1075.44,650.49,61.41000000000008,147.21000000000004,xml_geometry_csv_action
BootPass_6,261,1,1,Position_Unknown,Team_Unknown,Action_PreSnap,1027.02,887.3,1126.13,1059.31,99.11000000000013,172.01,xml_geometry_csv_action
BootPass_6,261,10,10,Position_Unknown,Team_Unknown,Action_PreSnap,916.14,754.26,980.58,907.18,64.44000000000005,152.91999999999996,xml_geometry_csv_action
BootPass_6,261,12,12,Position_Unknown,Team_Unknown,Action_PreSnap,1831.93,711.79,1918.28,863.44,86.34999999999991,151.6500000000001,xml_geometry_csv_action
BootPass_6,261,13,13,Position_Unknown,Team_Unknown,Action_PreSnap,1059.28,740.41,1115.39,892.23,56.11000000000013,151.82000000000005,xml_geometry_csv_action
BootPass_6,261,17,17,Position_Unknown,Team_Unknown,Action_PreSnap,886.49,908.63,956.52,1078.08,70.02999999999997,169.44999999999993,xml_geometry_csv_action
BootPass_6,261,2,2,Position_Unknown,Team_Unknown,Action_PreSnap,828.93,895.85,902.47,1074.55,73.54000000000008,178.69999999999993,xml_geometry_csv_action
BootPass_6,261,31,23,Position_Unknown,Team_Unknown,Action_PreSnap,956.89,966.99,1036.65,1077.88,79.7600000000001,110.8900000000001,xml_geometry_csv_action
BootPass_6,261,35,27,Position_Unknown,Team_Unknown,Action_PreSnap,1103.39,781.25,1171.82,945.52,68.42999999999984,164.26999999999998,xml_geometry_csv_action
BootPass_6,261,3,3,Position_Unknown,Team_Unknown,Action_PreSnap,1312.25,877.7,1405.87,1064.29,93.61999999999989,186.58999999999992,xml_geometry_csv_action
BootPass_6,261,42,31,Position_Unknown,Team_Unknown,Action_PreSnap,1232.26,280.27,1300.54,389.99,68.27999999999997,109.72000000000003,xml_geometry_csv_action
BootPass_6,261,45,32,Position_Unknown,Team_Unknown,Action_PreSnap,745.03,505.3,816.99,637.49,71.96000000000004,132.19,xml_geometry_csv_action
BootPass_6,261,46,33,Position_Unknown,Team_Unknown,Action_PreSnap,587.65,454.27,655.47,586.27,67.82000000000005,132.0,xml_geometry_csv_action
BootPass_6,261,47,34,Position_Unknown,Team_Unknown,Action_PreSnap,381.96,747.84,440.27,916.07,58.31,168.23000000000002,xml_geometry_csv_action
BootPass_6,261,48,35,Position_Unknown,Team_Unknown,Action_PreSnap,162.22,875.73,240.3,1056.55,78.08000000000001,180.81999999999994,xml_geometry_csv_action
BootPass_6,261,51,37,Position_Unknown,Team_Unknown,Action_PreSnap,425.06,781.13,494.99,949.5,69.93,168.37,xml_geometry_csv_action
BootPass_6,261,53,38,Position_Unknown,Team_Unknown,Action_PreSnap,1034.39,656.95,1098.52,811.64,64.12999999999988,154.68999999999994,xml_geometry_csv_action
BootPass_6,261,5,5,Position_Unknown,Team_Unknown,Action_PreSnap,311.79,631.82,379.35,782.32,67.56,150.5,xml_geometry_csv_action
BootPass_6,261,6,6,Position_Unknown,Team_Unknown,Action_PreSnap,103.36,820.98,175.83,992.02,72.47000000000001,171.03999999999996,xml_geometry_csv_action
BootPass_6,261,8,8,Position_Unknown,Team_Unknown,Action_PreSnap,899.51,271.13,951.07,381.9,51.56000000000006,110.76999999999998,xml_geometry_csv_action
BootPass_6,262,0,0,Position_Unknown,Team_Unknown,Action_PreSnap,1020.6,500.42,1079.99,642.86,59.389999999999986,142.44,xml_geometry_csv_action
BootPass_6,262,1,1,Position_Unknown,Team_Unknown,Action_PreSnap,1038.84,885.46,1137.99,1057.6,99.15000000000009,172.13999999999987,xml_geometry_csv_action
BootPass_6,262,10,10,Position_Unknown,Team_Unknown,Action_PreSnap,922.74,747.63,986.04,900.3,63.299999999999955,152.66999999999996,xml_geometry_csv_action
BootPass_6,262,12,12,Position_Unknown,Team_Unknown,Action_PreSnap,1835.43,708.43,1919.54,860.96,84.1099999999999,152.5300000000001,xml_geometry_csv_action
BootPass_6,262,13,13,Position_Unknown,Team_Unknown,Action_PreSnap,1068.2,738.42,1125.41,890.07,57.210000000000036,151.6500000000001,xml_geometry_csv_action
BootPass_6,262,17,17,Position_Unknown,Team_Unknown,Action_PreSnap,893.17,906.07,964.79,1077.7,71.62,171.63,xml_geometry_csv_action
BootPass_6,262,21,18,Position_Unknown,Team_Unknown,Action_PreSnap,928.26,679.42,988.82,800.86,60.56000000000006,121.44000000000005,xml_geometry_csv_action
BootPass_6,262,2,2,Position_Unknown,Team_Unknown,Action_PreSnap,837.31,893.8,910.38,1070.05,73.07000000000005,176.25,xml_geometry_csv_action
BootPass_6,262,31,23,Position_Unknown,Team_Unknown,Action_PreSnap,964.91,963.05,1047.51,1077.98,82.60000000000002,114.93000000000006,xml_geometry_csv_action
BootPass_6,262,35,27,Position_Unknown,Team_Unknown,Action_PreSnap,1114.91,777.95,1181.72,939.09,66.80999999999995,161.14,xml_geometry_csv_action
BootPass_6,262,3,3,Position_Unknown,Team_Unknown,Action_PreSnap,1314.75,874.0,1407.58,1056.46,92.82999999999993,182.46000000000004,xml_geometry_csv_action
BootPass_6,262,42,31,Position_Unknown,Team_Unknown,Action_PreSnap,1225.07,281.33,1298.89,386.83,73.82000000000016,105.5,xml_geometry_csv_action
BootPass_6,262,45,32,Position_Unknown,Team_Unknown,Action_PreSnap,757.98,502.15,824.48,637.48,66.5,135.33000000000004,xml_geometry_csv_action
BootPass_6,262,46,33,Position_Unknown,Team_Unknown,Action_PreSnap,602.09,451.65,668.75,576.18,66.65999999999997,124.52999999999997,xml_geometry_csv_action
BootPass_6,262,47,34,Position_Unknown,Team_Unknown,Action_PreSnap,396.38,743.89,454.57,911.62,58.19,167.73000000000002,xml_geometry_csv_action
BootPass_6,262,48,35,Position_Unknown,Team_Unknown,Action_PreSnap,176.63,873.38,254.24,1052.51,77.61000000000001,179.13,xml_geometry_csv_action
BootPass_6,262,51,37,Position_Unknown,Team_Unknown,Action_PreSnap,440.27,774.97,505.11,944.76,64.84000000000003,169.78999999999996,xml_geometry_csv_action
BootPass_6,262,53,38,Position_Unknown,Team_Unknown,Action_PreSnap,1041.46,655.27,1105.87,808.26,64.40999999999985,152.99,xml_geometry_csv_action
BootPass_6,262,54,39,Position_Unknown,Team_Unknown,Action_PreSnap,1298.21,1040.13,1381.93,1079.28,83.72000000000003,39.149999999999864,xml_geometry_csv_action
BootPass_6,262,5,5,Position_Unknown,Team_Unknown,Action_PreSnap,328.83,630.35,393.3,776.19,64.47000000000003,145.84000000000003,xml_geometry_csv_action
BootPass_6,262,6,6,Position_Unknown,Team_Unknown,Action_PreSnap,120.5,816.01,191.55,985.65,71.05000000000001,169.64,xml_geometry_csv_action
BootPass_6,262,8,8,Position_Unknown,Team_Unknown,Action_PreSnap,899.08,270.11,951.45,376.94,52.370000000000005,106.82999999999998,xml_geometry_csv_action
BootPass_6,263,0,0,Position_Unknown,Team_Unknown,Action_PreSnap,1026.93,498.56,1085.04,636.17,58.1099999999999,137.60999999999996,xml_geometry_csv_action
BootPass_6,263,1,1,Position_Unknown,Team_Unknown,Action_PreSnap,1052.85,882.58,1152.62,1051.51,99.76999999999998,168.92999999999995,xml_geometry_csv_action
BootPass_6,263,10,10,Position_Unknown,Team_Unknown,Action_PreSnap,929.3,744.5,990.53,893.84,61.23000000000002,149.34000000000003,xml_geometry_csv_action
BootPass_6,263,12,12,Position_Unknown,Team_Unknown,Action_PreSnap,1838.95,703.37,1919.29,856.98,80.33999999999992,153.61,xml_geometry_csv_action
BootPass_6,263,13,13,Position_Unknown,Team_Unknown,Action_PreSnap,1077.04,735.91,1135.65,886.69,58.61000000000013,150.7800000000001,xml_geometry_csv_action
BootPass_6,263,17,17,Position_Unknown,Team_Unknown,Action_PreSnap,899.13,903.75,971.49,1075.51,72.36000000000001,171.76,xml_geometry_csv_action
BootPass_6,263,21,18,Position_Unknown,Team_Unknown,Action_PreSnap,938.22,679.0,998.86,811.5,60.639999999999986,132.5,xml_geometry_csv_action
BootPass_6,263,2,2,Position_Unknown,Team_Unknown,Action_PreSnap,845.49,889.06,917.57,1063.72,72.08000000000004,174.66000000000008,xml_geometry_csv_action
BootPass_6,263,31,23,Position_Unknown,Team_Unknown,Action_PreSnap,973.96,956.99,1059.18,1078.14,85.22000000000003,121.15000000000009,xml_geometry_csv_action
BootPass_6,263,35,27,Position_Unknown,Team_Unknown,Action_PreSnap,1125.08,775.42,1191.23,934.04,66.15000000000009,158.62,xml_geometry_csv_action
BootPass_6,263,3,3,Position_Unknown,Team_Unknown,Action_PreSnap,1316.97,870.5,1409.46,1050.19,92.49000000000001,179.69000000000005,xml_geometry_csv_action
BootPass_6,263,42,31,Position_Unknown,Team_Unknown,Action_PreSnap,1217.7,282.98,1296.95,383.88,79.25,100.89999999999998,xml_geometry_csv_action
BootPass_6,263,45,32,Position_Unknown,Team_Unknown,Action_PreSnap,768.4,499.77,834.46,636.24,66.06000000000006,136.47000000000003,xml_geometry_csv_action
BootPass_6,263,46,33,Position_Unknown,Team_Unknown,Action_PreSnap,617.02,450.09,684.33,569.51,67.31000000000006,119.42000000000002,xml_geometry_csv_action
BootPass_6,263,47,34,Position_Unknown,Team_Unknown,Action_PreSnap,411.25,741.44,469.19,907.55,57.94,166.1099999999999,xml_geometry_csv_action
BootPass_6,263,48,35,Position_Unknown,Team_Unknown,Action_PreSnap,191.53,869.53,267.01,1046.31,75.47999999999999,176.77999999999997,xml_geometry_csv_action
BootPass_6,263,51,37,Position_Unknown,Team_Unknown,Action_PreSnap,455.18,769.97,518.47,939.45,63.29000000000002,169.48000000000002,xml_geometry_csv_action
BootPass_6,263,53,38,Position_Unknown,Team_Unknown,Action_PreSnap,1049.21,654.08,1113.4,805.51,64.19000000000005,151.42999999999995,xml_geometry_csv_action
BootPass_6,263,5,5,Position_Unknown,Team_Unknown,Action_PreSnap,345.99,628.39,407.67,772.18,61.68000000000001,143.78999999999996,xml_geometry_csv_action
BootPass_6,263,6,6,Position_Unknown,Team_Unknown,Action_PreSnap,136.09,811.51,205.26,979.18,69.16999999999999,167.66999999999996,xml_geometry_csv_action
BootPass_6,263,8,8,Position_Unknown,Team_Unknown,Action_PreSnap,898.28,270.28,951.64,372.62,53.360000000000014,102.34000000000003,xml_geometry_csv_action
BootPass_6,264,0,0,Position_Unknown,Team_Unknown,Action_PreSnap,1033.94,497.08,1090.33,631.49,56.38999999999987,134.41000000000003,xml_geometry_csv_action
BootPass_6,264,1,1,Position_Unknown,Team_Unknown,Action_PreSnap,1070.49,879.54,1161.43,1045.39,90.94000000000005,165.85000000000014,xml_geometry_csv_action
BootPass_6,264,10,10,Position_Unknown,Team_Unknown,Action_PreSnap,936.4,741.55,997.0,888.39,60.60000000000002,146.84000000000003,xml_geometry_csv_action
BootPass_6,264,12,12,Position_Unknown,Team_Unknown,Action_PreSnap,1843.64,698.08,1919.84,852.9,76.19999999999982,154.81999999999994,xml_geometry_csv_action
BootPass_6,264,13,13,Position_Unknown,Team_Unknown,Action_PreSnap,1086.69,732.35,1145.18,882.7,58.49000000000001,150.35000000000002,xml_geometry_csv_action
BootPass_6,264,17,17,Position_Unknown,Team_Unknown,Action_PreSnap,907.51,900.81,978.51,1072.62,71.0,171.80999999999995,xml_geometry_csv_action
BootPass_6,264,21,18,Position_Unknown,Team_Unknown,Action_PreSnap,952.03,677.76,1010.63,818.85,58.60000000000002,141.09000000000003,xml_geometry_csv_action
BootPass_6,264,2,2,Position_Unknown,Team_Unknown,Action_PreSnap,856.28,883.98,926.89,1058.81,70.61000000000001,174.82999999999993,xml_geometry_csv_action
BootPass_6,264,31,23,Position_Unknown,Team_Unknown,Action_PreSnap,986.55,951.12,1067.96,1078.0,81.41000000000008,126.88,xml_geometry_csv_action
BootPass_6,264,35,27,Position_Unknown,Team_Unknown,Action_PreSnap,1134.27,773.25,1202.02,929.82,67.75,156.57000000000005,xml_geometry_csv_action
BootPass_6,264,3,3,Position_Unknown,Team_Unknown,Action_PreSnap,1321.21,866.7,1411.86,1043.99,90.64999999999986,177.28999999999996,xml_geometry_csv_action
BootPass_6,264,42,31,Position_Unknown,Team_Unknown,Action_PreSnap,1212.6,281.92,1291.1,377.81,78.5,95.88999999999999,xml_geometry_csv_action
BootPass_6,264,45,32,Position_Unknown,Team_Unknown,Action_PreSnap,780.59,496.42,844.05,633.6,63.45999999999992,137.18,xml_geometry_csv_action
BootPass_6,264,46,33,Position_Unknown,Team_Unknown,Action_PreSnap,630.35,448.31,696.08,565.95,65.73000000000002,117.64000000000004,xml_geometry_csv_action
BootPass_6,264,47,34,Position_Unknown,Team_Unknown,Action_PreSnap,423.57,738.36,485.69,903.75,62.120000000000005,165.39,xml_geometry_csv_action
BootPass_6,264,48,35,Position_Unknown,Team_Unknown,Action_PreSnap,206.3,865.21,284.28,1041.62,77.97999999999996,176.40999999999985,xml_geometry_csv_action
BootPass_6,264,51,37,Position_Unknown,Team_Unknown,Action_PreSnap,471.2,766.31,531.2,931.52,60.00000000000006,165.21000000000004,xml_geometry_csv_action
BootPass_6,264,53,38,Position_Unknown,Team_Unknown,Action_PreSnap,1056.97,653.83,1121.66,809.32,64.69000000000005,155.49,xml_geometry_csv_action
BootPass_6,264,5,5,Position_Unknown,Team_Unknown,Action_PreSnap,364.23,625.19,423.76,767.55,59.52999999999997,142.3599999999999,xml_geometry_csv_action
BootPass_6,264,6,6,Position_Unknown,Team_Unknown,Action_PreSnap,150.11,806.2,219.34,973.9,69.22999999999999,167.69999999999993,xml_geometry_csv_action
BootPass_6,264,8,8,Position_Unknown,Team_Unknown,Action_PreSnap,895.22,269.44,949.81,369.43,54.58999999999992,99.99000000000001,xml_geometry_csv_action
BootPass_6,265,0,0,Position_Unknown,Team_Unknown,Action_PreSnap,1040.91,496.13,1096.91,629.38,56.0,133.25,xml_geometry_csv_action
BootPass_6,265,1,1,Position_Unknown,Team_Unknown,Action_PreSnap,1089.95,875.59,1171.6,1039.47,81.64999999999986,163.88,xml_geometry_csv_action
BootPass_6,265,10,10,Position_Unknown,Team_Unknown,Action_PreSnap,944.02,739.27,1003.78,885.22,59.75999999999999,145.95000000000005,xml_geometry_csv_action
BootPass_6,265,12,12,Position_Unknown,Team_Unknown,Action_PreSnap,1849.63,692.63,1920.0,848.55,70.36999999999989,155.91999999999996,xml_geometry_csv_action
BootPass_6,265,13,13,Position_Unknown,Team_Unknown,Action_PreSnap,1094.22,729.93,1154.6,879.84,60.37999999999988,149.91000000000008,xml_geometry_csv_action
BootPass_6,265,17,17,Position_Unknown,Team_Unknown,Action_PreSnap,914.83,898.14,986.04,1068.66,71.20999999999992,170.5200000000001,xml_geometry_csv_action
BootPass_6,265,21,18,Position_Unknown,Team_Unknown,Action_PreSnap,965.75,678.37,1022.83,822.01,57.08000000000004,143.64,xml_geometry_csv_action
BootPass_6,265,2,2,Position_Unknown,Team_Unknown,Action_PreSnap,867.87,878.13,934.91,1054.07,67.03999999999996,175.93999999999994,xml_geometry_csv_action
BootPass_6,265,31,23,Position_Unknown,Team_Unknown,Action_PreSnap,1001.14,944.59,1078.06,1078.26,76.91999999999996,133.66999999999996,xml_geometry_csv_action
BootPass_6,265,35,27,Position_Unknown,Team_Unknown,Action_PreSnap,1144.26,772.44,1211.79,927.26,67.52999999999997,154.81999999999994,xml_geometry_csv_action
BootPass_6,265,3,3,Position_Unknown,Team_Unknown,Action_PreSnap,1324.76,863.46,1414.18,1037.77,89.42000000000007,174.30999999999995,xml_geometry_csv_action
BootPass_6,265,42,31,Position_Unknown,Team_Unknown,Action_PreSnap,1208.44,282.13,1282.71,377.6,74.26999999999998,95.47000000000003,xml_geometry_csv_action
BootPass_6,265,45,32,Position_Unknown,Team_Unknown,Action_PreSnap,793.49,495.69,856.41,633.84,62.91999999999996,138.15000000000003,xml_geometry_csv_action
BootPass_6,265,46,33,Position_Unknown,Team_Unknown,Action_PreSnap,643.86,446.78,708.4,565.31,64.53999999999996,118.52999999999997,xml_geometry_csv_action
BootPass_6,265,47,34,Position_Unknown,Team_Unknown,Action_PreSnap,437.59,737.14,501.0,898.85,63.410000000000025,161.71000000000004,xml_geometry_csv_action
BootPass_6,265,48,35,Position_Unknown,Team_Unknown,Action_PreSnap,221.47,860.5,299.63,1036.87,78.16,176.3699999999999,xml_geometry_csv_action
BootPass_6,265,51,37,Position_Unknown,Team_Unknown,Action_PreSnap,486.82,763.65,546.73,925.42,59.910000000000025,161.76999999999998,xml_geometry_csv_action
BootPass_6,265,53,38,Position_Unknown,Team_Unknown,Action_PreSnap,1063.85,653.21,1128.16,810.09,64.31000000000017,156.88,xml_geometry_csv_action
BootPass_6,265,5,5,Position_Unknown,Team_Unknown,Action_PreSnap,380.24,621.91,438.45,765.18,58.20999999999998,143.26999999999998,xml_geometry_csv_action
BootPass_6,265,6,6,Position_Unknown,Team_Unknown,Action_PreSnap,166.27,802.9,235.57,969.13,69.29999999999998,166.23000000000002,xml_geometry_csv_action
BootPass_6,265,8,8,Position_Unknown,Team_Unknown,Action_PreSnap,897.39,271.76,950.05,370.21,52.65999999999997,98.44999999999999,xml_geometry_csv_action
BootPass_6,266,0,0,Position_Unknown,Team_Unknown,Action_PreSnap,1047.24,494.08,1102.03,626.65,54.789999999999964,132.57,xml_geometry_csv_action
BootPass_6,266,1,1,Position_Unknown,Team_Unknown,Action_PreSnap,1107.94,869.18,1189.28,1032.37,81.33999999999992,163.18999999999994,xml_geometry_csv_action
BootPass_6,266,10,10,Position_Unknown,Team_Unknown,Action_PreSnap,952.68,737.74,1010.68,880.44,58.0,142.70000000000005,xml_geometry_csv_action
BootPass_6,266,12,12,Position_Unknown,Team_Unknown,Action_PreSnap,1852.87,685.89,1920.0,839.37,67.13000000000011,153.48000000000002,xml_geometry_csv_action
BootPass_6,266,13,13,Position_Unknown,Team_Unknown,Action_PreSnap,1103.01,726.79,1164.23,876.33,61.22000000000003,149.54000000000008,xml_geometry_csv_action
BootPass_6,266,17,17,Position_Unknown,Team_Unknown,Action_PreSnap,920.96,895.1,992.41,1065.37,71.44999999999993,170.26999999999987,xml_geometry_csv_action
BootPass_6,266,21,18,Position_Unknown,Team_Unknown,Action_PreSnap,976.55,677.22,1034.14,817.29,57.590000000000146,140.06999999999994,xml_geometry_csv_action
BootPass_6,266,2,2,Position_Unknown,Team_Unknown,Action_PreSnap,878.73,871.45,941.69,1049.98,62.960000000000036,178.52999999999997,xml_geometry_csv_action
BootPass_6,266,31,23,Position_Unknown,Team_Unknown,Action_PreSnap,1013.2,937.03,1089.54,1077.98,76.33999999999992,140.95000000000005,xml_geometry_csv_action
BootPass_6,266,35,27,Position_Unknown,Team_Unknown,Action_PreSnap,1155.22,770.25,1220.34,922.53,65.11999999999989,152.27999999999997,xml_geometry_csv_action
BootPass_6,266,3,3,Position_Unknown,Team_Unknown,Action_PreSnap,1328.77,859.66,1415.55,1032.01,86.77999999999997,172.35000000000002,xml_geometry_csv_action
BootPass_6,266,42,31,Position_Unknown,Team_Unknown,Action_PreSnap,1204.48,281.62,1267.42,376.73,62.940000000000055,95.11000000000001,xml_geometry_csv_action
BootPass_6,266,45,32,Position_Unknown,Team_Unknown,Action_PreSnap,805.3,493.49,866.81,630.68,61.50999999999999,137.18999999999994,xml_geometry_csv_action
BootPass_6,266,46,33,Position_Unknown,Team_Unknown,Action_PreSnap,655.2,443.71,718.48,563.43,63.27999999999997,119.71999999999997,xml_geometry_csv_action
BootPass_6,266,47,34,Position_Unknown,Team_Unknown,Action_PreSnap,453.9,734.5,516.05,894.13,62.14999999999998,159.63,xml_geometry_csv_action
BootPass_6,266,48,35,Position_Unknown,Team_Unknown,Action_PreSnap,235.32,854.55,313.54,1031.72,78.22000000000003,177.17000000000007,xml_geometry_csv_action
BootPass_6,266,51,37,Position_Unknown,Team_Unknown,Action_PreSnap,503.28,760.35,563.43,919.65,60.14999999999998,159.29999999999995,xml_geometry_csv_action
BootPass_6,266,53,38,Position_Unknown,Team_Unknown,Action_PreSnap,1069.59,651.17,1134.44,809.48,64.85000000000014,158.31000000000006,xml_geometry_csv_action
BootPass_6,266,5,5,Position_Unknown,Team_Unknown,Action_PreSnap,395.25,616.45,452.53,760.56,57.27999999999997,144.1099999999999,xml_geometry_csv_action
BootPass_6,266,6,6,Position_Unknown,Team_Unknown,Action_PreSnap,181.59,799.39,251.48,962.7,69.88999999999999,163.31000000000006,xml_geometry_csv_action
BootPass_6,266,8,8,Position_Unknown,Team_Unknown,Action_PreSnap,896.33,272.77,950.14,369.69,53.809999999999945,96.92000000000002,xml_geometry_csv_action
BootPass_6,267,0,0,Position_Unknown,Team_Unknown,Action_PreSnap,1053.33,491.07,1108.07,625.09,54.74000000000001,134.02000000000004,xml_geometry_csv_action
BootPass_6,267,1,1,Position_Unknown,Team_Unknown,Action_PreSnap,1122.47,861.71,1199.28,1027.22,76.80999999999995,165.51,xml_geometry_csv_action
BootPass_6,267,10,10,Position_Unknown,Team_Unknown,Action_PreSnap,958.88,732.38,1018.66,875.89,59.77999999999997,143.51,xml_geometry_csv_action
BootPass_6,267,12,12,Position_Unknown,Team_Unknown,Action_PreSnap,1854.67,679.74,1920.0,830.26,65.32999999999993,150.51999999999998,xml_geometry_csv_action
BootPass_6,267,13,13,Position_Unknown,Team_Unknown,Action_PreSnap,1111.44,724.15,1173.13,872.21,61.690000000000055,148.06000000000006,xml_geometry_csv_action
BootPass_6,267,17,17,Position_Unknown,Team_Unknown,Action_PreSnap,927.94,891.57,999.88,1062.88,71.93999999999994,171.31000000000006,xml_geometry_csv_action
BootPass_6,267,21,18,Position_Unknown,Team_Unknown,Action_PreSnap,987.84,674.8,1045.04,816.98,57.19999999999993,142.18000000000006,xml_geometry_csv_action
BootPass_6,267,2,2,Position_Unknown,Team_Unknown,Action_PreSnap,888.85,865.51,949.61,1042.28,60.75999999999999,176.76999999999998,xml_geometry_csv_action
BootPass_6,267,31,23,Position_Unknown,Team_Unknown,Action_PreSnap,1025.09,931.34,1100.78,1078.03,75.69000000000005,146.68999999999994,xml_geometry_csv_action
BootPass_6,267,35,27,Position_Unknown,Team_Unknown,Action_PreSnap,1166.53,768.73,1228.65,923.88,62.12000000000012,155.14999999999998,xml_geometry_csv_action
BootPass_6,267,3,3,Position_Unknown,Team_Unknown,Action_PreSnap,1331.19,855.58,1417.38,1026.23,86.19000000000005,170.64999999999998,xml_geometry_csv_action
BootPass_6,267,42,31,Position_Unknown,Team_Unknown,Action_PreSnap,1200.38,281.11,1261.65,377.16,61.26999999999998,96.05000000000001,xml_geometry_csv_action
BootPass_6,267,45,32,Position_Unknown,Team_Unknown,Action_PreSnap,817.62,493.04,877.85,629.58,60.23000000000002,136.54000000000002,xml_geometry_csv_action
BootPass_6,267,46,33,Position_Unknown,Team_Unknown,Action_PreSnap,665.52,440.3,728.52,561.41,63.0,121.10999999999996,xml_geometry_csv_action
BootPass_6,267,47,34,Position_Unknown,Team_Unknown,Action_PreSnap,471.1,732.19,532.53,887.9,61.42999999999995,155.70999999999992,xml_geometry_csv_action
BootPass_6,267,48,35,Position_Unknown,Team_Unknown,Action_PreSnap,248.47,848.96,325.98,1026.24,77.51000000000002,177.27999999999997,xml_geometry_csv_action
BootPass_6,267,51,37,Position_Unknown,Team_Unknown,Action_PreSnap,518.98,758.41,578.32,915.03,59.34000000000003,156.62,xml_geometry_csv_action
BootPass_6,267,53,38,Position_Unknown,Team_Unknown,Action_PreSnap,1076.77,649.24,1141.8,808.23,65.02999999999997,158.99,xml_geometry_csv_action
BootPass_6,267,5,5,Position_Unknown,Team_Unknown,Action_PreSnap,410.42,611.56,467.97,755.72,57.55000000000001,144.16000000000008,xml_geometry_csv_action
BootPass_6,267,6,6,Position_Unknown,Team_Unknown,Action_PreSnap,197.84,796.66,266.19,957.44,68.35,160.7800000000001,xml_geometry_csv_action
BootPass_6,267,8,8,Position_Unknown,Team_Unknown,Action_PreSnap,895.65,272.1,950.83,367.42,55.180000000000064,95.32,xml_geometry_csv_action
BootPass_6,268,0,0,Position_Unknown,Team_Unknown,Action_PreSnap,1059.15,486.08,1113.7,621.54,54.549999999999955,135.45999999999998,xml_geometry_csv_action
BootPass_6,268,1,1,Position_Unknown,Team_Unknown,Action_PreSnap,1132.86,856.0,1208.31,1020.36,75.45000000000005,164.36,xml_geometry_csv_action
BootPass_6,268,10,10,Position_Unknown,Team_Unknown,Action_PreSnap,964.06,728.72,1023.68,870.97,59.620000000000005,142.25,xml_geometry_csv_action
BootPass_6,268,12,12,Position_Unknown,Team_Unknown,Action_PreSnap,1855.18,674.74,1919.82,820.06,64.63999999999987,145.31999999999994,xml_geometry_csv_action
BootPass_6,268,13,13,Position_Unknown,Team_Unknown,Action_PreSnap,1120.09,721.8,1182.25,868.37,62.16000000000008,146.57000000000005,xml_geometry_csv_action
BootPass_6,268,17,17,Position_Unknown,Team_Unknown,Action_PreSnap,935.14,888.09,1006.32,1058.8,71.18000000000006,170.70999999999992,xml_geometry_csv_action
BootPass_6,268,21,18,Position_Unknown,Team_Unknown,Action_PreSnap,1000.27,669.4,1055.49,813.95,55.22000000000003,144.55000000000007,xml_geometry_csv_action
BootPass_6,268,2,2,Position_Unknown,Team_Unknown,Action_PreSnap,897.52,860.05,956.79,1033.33,59.26999999999998,173.27999999999997,xml_geometry_csv_action
BootPass_6,268,31,23,Position_Unknown,Team_Unknown,Action_PreSnap,1035.9,925.78,1111.27,1077.81,75.36999999999989,152.02999999999997,xml_geometry_csv_action
BootPass_6,268,35,27,Position_Unknown,Team_Unknown,Action_PreSnap,1174.05,766.08,1235.68,919.07,61.63000000000011,152.99,xml_geometry_csv_action
BootPass_6,268,3,3,Position_Unknown,Team_Unknown,Action_PreSnap,1335.53,850.63,1417.8,1020.32,82.26999999999998,169.69000000000005,xml_geometry_csv_action
BootPass_6,268,42,31,Position_Unknown,Team_Unknown,Action_PreSnap,1195.25,280.18,1261.06,377.07,65.80999999999995,96.88999999999999,xml_geometry_csv_action
BootPass_6,268,45,32,Position_Unknown,Team_Unknown,Action_PreSnap,828.34,492.15,890.17,628.04,61.82999999999993,135.89,xml_geometry_csv_action
BootPass_6,268,46,33,Position_Unknown,Team_Unknown,Action_PreSnap,673.21,436.21,736.05,556.23,62.83999999999992,120.02000000000004,xml_geometry_csv_action
BootPass_6,268,47,34,Position_Unknown,Team_Unknown,Action_PreSnap,489.83,729.11,549.7,882.59,59.87000000000006,153.48000000000002,xml_geometry_csv_action
BootPass_6,268,48,35,Position_Unknown,Team_Unknown,Action_PreSnap,261.45,844.38,338.73,1020.16,77.28000000000003,175.77999999999997,xml_geometry_csv_action
BootPass_6,268,51,37,Position_Unknown,Team_Unknown,Action_PreSnap,535.11,755.34,593.41,911.85,58.299999999999955,156.51,xml_geometry_csv_action
BootPass_6,268,53,38,Position_Unknown,Team_Unknown,Action_PreSnap,1081.81,645.9,1148.89,804.13,67.08000000000015,158.23000000000002,xml_geometry_csv_action
BootPass_6,268,5,5,Position_Unknown,Team_Unknown,Action_PreSnap,423.56,606.62,480.82,747.85,57.25999999999999,141.23000000000002,xml_geometry_csv_action
BootPass_6,268,6,6,Position_Unknown,Team_Unknown,Action_PreSnap,212.43,793.22,282.15,952.72,69.71999999999997,159.5,xml_geometry_csv_action
BootPass_6,268,8,8,Position_Unknown,Team_Unknown,Action_PreSnap,894.46,274.16,952.17,366.16,57.70999999999992,92.0,xml_geometry_csv_action
BootPass_6,269,0,0,Position_Unknown,Team_Unknown,Action_PreSnap,1063.84,482.43,1118.92,618.54,55.080000000000155,136.10999999999996,xml_geometry_csv_action
BootPass_6,269,1,1,Position_Unknown,Team_Unknown,Action_PreSnap,1142.0,849.46,1217.22,1013.61,75.22000000000003,164.14999999999998,xml_geometry_csv_action
BootPass_6,269,10,10,Position_Unknown,Team_Unknown,Action_PreSnap,968.24,724.65,1028.29,866.57,60.049999999999955,141.92000000000007,xml_geometry_csv_action
BootPass_6,269,12,12,Position_Unknown,Team_Unknown,Action_PreSnap,1854.69,670.93,1919.36,815.27,64.66999999999985,144.34000000000003,xml_geometry_csv_action
BootPass_6,269,13,13,Position_Unknown,Team_Unknown,Action_PreSnap,1131.2,719.84,1191.39,863.46,60.190000000000055,143.62,xml_geometry_csv_action
BootPass_6,269,17,17,Position_Unknown,Team_Unknown,Action_PreSnap,940.7,884.17,1011.47,1054.24,70.76999999999998,170.07000000000005,xml_geometry_csv_action
BootPass_6,269,21,18,Position_Unknown,Team_Unknown,Action_PreSnap,1009.53,665.92,1065.24,813.01,55.710000000000036,147.09000000000003,xml_geometry_csv_action
BootPass_6,269,2,2,Position_Unknown,Team_Unknown,Action_PreSnap,904.59,855.39,962.35,1028.45,57.75999999999999,173.06000000000006,xml_geometry_csv_action
BootPass_6,269,31,23,Position_Unknown,Team_Unknown,Action_PreSnap,1045.1,921.66,1121.1,1077.95,76.0,156.29000000000008,xml_geometry_csv_action
BootPass_6,269,35,27,Position_Unknown,Team_Unknown,Action_PreSnap,1183.82,762.92,1243.17,908.65,59.350000000000136,145.73000000000002,xml_geometry_csv_action
BootPass_6,269,3,3,Position_Unknown,Team_Unknown,Action_PreSnap,1338.94,845.88,1419.76,1015.46,80.81999999999994,169.58000000000004,xml_geometry_csv_action
BootPass_6,269,42,31,Position_Unknown,Team_Unknown,Action_PreSnap,1188.3,279.59,1261.41,376.12,73.11000000000013,96.53000000000003,xml_geometry_csv_action
BootPass_6,269,45,32,Position_Unknown,Team_Unknown,Action_PreSnap,837.21,491.88,902.58,626.26,65.37,134.38,xml_geometry_csv_action
BootPass_6,269,46,33,Position_Unknown,Team_Unknown,Action_PreSnap,680.59,432.32,743.03,552.24,62.43999999999994,119.92000000000002,xml_geometry_csv_action
BootPass_6,269,47,34,Position_Unknown,Team_Unknown,Action_PreSnap,506.0,725.39,562.62,876.65,56.620000000000005,151.26,xml_geometry_csv_action
BootPass_6,269,48,35,Position_Unknown,Team_Unknown,Action_PreSnap,273.91,840.26,350.54,1014.52,76.63,174.26,xml_geometry_csv_action
BootPass_6,269,51,37,Position_Unknown,Team_Unknown,Action_PreSnap,547.41,752.09,607.12,909.46,59.710000000000036,157.37,xml_geometry_csv_action
BootPass_6,269,53,38,Position_Unknown,Team_Unknown,Action_PreSnap,1087.4,642.74,1154.29,798.15,66.88999999999987,155.40999999999997,xml_geometry_csv_action
BootPass_6,269,5,5,Position_Unknown,Team_Unknown,Action_PreSnap,436.52,602.49,494.48,741.95,57.960000000000036,139.46000000000004,xml_geometry_csv_action
BootPass_6,269,6,6,Position_Unknown,Team_Unknown,Action_PreSnap,225.49,790.28,297.6,947.78,72.11000000000001,157.5,xml_geometry_csv_action
BootPass_6,269,8,8,Position_Unknown,Team_Unknown,Action_PreSnap,892.0,273.09,952.63,364.98,60.629999999999995,91.89000000000004,xml_geometry_csv_action
BootPass_6,270,0,0,Position_Unknown,Team_Unknown,Action_PreSnap,1068.55,479.23,1123.48,616.15,54.930000000000064,136.91999999999996,xml_geometry_csv_action
BootPass_6,270,1,1,Position_Unknown,Team_Unknown,Action_PreSnap,1150.8,842.63,1226.6,1007.63,75.79999999999995,165.0,xml_geometry_csv_action
BootPass_6,270,10,10,Position_Unknown,Team_Unknown,Action_PreSnap,973.93,717.59,1032.44,861.02,58.510000000000105,143.42999999999995,xml_geometry_csv_action
BootPass_6,270,12,12,Position_Unknown,Team_Unknown,Action_PreSnap,1854.91,667.01,1919.12,811.47,64.20999999999981,144.46000000000004,xml_geometry_csv_action
BootPass_6,270,13,13,Position_Unknown,Team_Unknown,Action_PreSnap,1139.62,715.18,1198.08,858.61,58.460000000000036,143.43000000000006,xml_geometry_csv_action
BootPass_6,270,17,17,Position_Unknown,Team_Unknown,Action_PreSnap,945.8,880.68,1015.86,1048.83,70.06000000000006,168.14999999999998,xml_geometry_csv_action
BootPass_6,270,21,18,Position_Unknown,Team_Unknown,Action_PreSnap,1019.66,662.14,1073.33,806.2,53.66999999999996,144.06000000000006,xml_geometry_csv_action
BootPass_6,270,2,2,Position_Unknown,Team_Unknown,Action_PreSnap,910.93,851.59,968.22,1024.17,57.29000000000008,172.58000000000004,xml_geometry_csv_action
BootPass_6,270,31,23,Position_Unknown,Team_Unknown,Action_PreSnap,1054.38,917.94,1130.57,1077.98,76.18999999999983,160.03999999999996,xml_geometry_csv_action
BootPass_6,270,35,27,Position_Unknown,Team_Unknown,Action_PreSnap,1191.75,759.02,1250.99,901.17,59.24000000000001,142.14999999999998,xml_geometry_csv_action
BootPass_6,270,3,3,Position_Unknown,Team_Unknown,Action_PreSnap,1343.35,840.36,1419.01,1009.78,75.66000000000008,169.41999999999996,xml_geometry_csv_action
BootPass_6,270,42,31,Position_Unknown,Team_Unknown,Action_PreSnap,1177.45,281.19,1257.81,373.32,80.3599999999999,92.13,xml_geometry_csv_action
BootPass_6,270,45,32,Position_Unknown,Team_Unknown,Action_PreSnap,848.02,493.25,913.57,625.17,65.55000000000007,131.91999999999996,xml_geometry_csv_action
BootPass_6,270,46,33,Position_Unknown,Team_Unknown,Action_PreSnap,688.08,428.87,751.1,550.15,63.01999999999998,121.27999999999997,xml_geometry_csv_action
BootPass_6,270,47,34,Position_Unknown,Team_Unknown,Action_PreSnap,517.88,721.6,576.44,872.62,58.56000000000006,151.01999999999998,xml_geometry_csv_action
BootPass_6,270,48,35,Position_Unknown,Team_Unknown,Action_PreSnap,286.96,836.98,362.34,1009.43,75.38,172.44999999999993,xml_geometry_csv_action
BootPass_6,270,51,37,Position_Unknown,Team_Unknown,Action_PreSnap,561.46,748.59,620.48,905.18,59.01999999999998,156.58999999999992,xml_geometry_csv_action
BootPass_6,270,53,38,Position_Unknown,Team_Unknown,Action_PreSnap,1094.04,639.0,1160.81,794.43,66.76999999999998,155.42999999999995,xml_geometry_csv_action
BootPass_6,270,5,5,Position_Unknown,Team_Unknown,Action_PreSnap,450.14,598.77,506.94,736.4,56.80000000000001,137.63,xml_geometry_csv_action
BootPass_6,270,6,6,Position_Unknown,Team_Unknown,Action_PreSnap,238.49,786.39,311.08,942.83,72.58999999999997,156.44000000000005,xml_geometry_csv_action
BootPass_6,270,8,8,Position_Unknown,Team_Unknown,Action_PreSnap,891.85,268.32,952.92,362.86,61.069999999999936,94.54000000000002,xml_geometry_csv_action
BootPass_6,271,0,0,Position_Unknown,Team_Unknown,Action_PreSnap,1073.56,476.65,1128.48,611.08,54.92000000000007,134.43000000000006,xml_geometry_csv_action
BootPass_6,271,1,1,Position_Unknown,Team_Unknown,Action_PreSnap,1160.86,836.55,1239.12,1002.9,78.25999999999999,166.35000000000002,xml_geometry_csv_action
BootPass_6,271,10,10,Position_Unknown,Team_Unknown,Action_PreSnap,976.1,714.3,1035.85,856.53,59.749999999999886,142.23000000000002,xml_geometry_csv_action
BootPass_6,271,12,12,Position_Unknown,Team_Unknown,Action_PreSnap,1853.61,662.77,1919.03,808.02,65.42000000000007,145.25,xml_geometry_csv_action
BootPass_6,271,13,13,Position_Unknown,Team_Unknown,Action_PreSnap,1149.36,711.23,1205.11,855.24,55.75,144.01,xml_geometry_csv_action
BootPass_6,271,17,17,Position_Unknown,Team_Unknown,Action_PreSnap,953.4,877.76,1021.74,1044.13,68.34000000000003,166.37000000000012,xml_geometry_csv_action
BootPass_6,271,21,18,Position_Unknown,Team_Unknown,Action_PreSnap,1028.47,658.31,1081.81,800.79,53.33999999999992,142.48000000000002,xml_geometry_csv_action
BootPass_6,271,2,2,Position_Unknown,Team_Unknown,Action_PreSnap,917.71,849.08,975.14,1019.12,57.42999999999995,170.03999999999996,xml_geometry_csv_action
BootPass_6,271,31,23,Position_Unknown,Team_Unknown,Action_PreSnap,1062.75,915.32,1139.98,1078.31,77.23000000000002,162.9899999999999,xml_geometry_csv_action
BootPass_6,271,35,27,Position_Unknown,Team_Unknown,Action_PreSnap,1197.96,754.93,1259.25,897.06,61.289999999999964,142.13,xml_geometry_csv_action
BootPass_6,271,3,3,Position_Unknown,Team_Unknown,Action_PreSnap,1346.49,835.49,1420.36,1003.82,73.86999999999989,168.33000000000004,xml_geometry_csv_action
BootPass_6,271,42,31,Position_Unknown,Team_Unknown,Action_PreSnap,1168.48,281.42,1248.71,369.88,80.23000000000002,88.45999999999998,xml_geometry_csv_action
BootPass_6,271,45,32,Position_Unknown,Team_Unknown,Action_PreSnap,857.76,494.16,922.6,624.41,64.84000000000003,130.24999999999994,xml_geometry_csv_action
BootPass_6,271,46,33,Position_Unknown,Team_Unknown,Action_PreSnap,696.0,427.09,756.76,544.96,60.75999999999999,117.87000000000006,xml_geometry_csv_action
BootPass_6,271,47,34,Position_Unknown,Team_Unknown,Action_PreSnap,528.9,718.2,590.01,869.08,61.110000000000014,150.88,xml_geometry_csv_action
BootPass_6,271,48,35,Position_Unknown,Team_Unknown,Action_PreSnap,300.03,834.72,374.67,1004.26,74.64000000000004,169.53999999999996,xml_geometry_csv_action
BootPass_6,271,51,37,Position_Unknown,Team_Unknown,Action_PreSnap,574.71,745.36,633.42,901.22,58.70999999999992,155.86,xml_geometry_csv_action
BootPass_6,271,53,38,Position_Unknown,Team_Unknown,Action_PreSnap,1100.22,636.14,1167.31,792.84,67.08999999999992,156.70000000000005,xml_geometry_csv_action
BootPass_6,271,5,5,Position_Unknown,Team_Unknown,Action_PreSnap,462.7,596.93,520.35,733.14,57.650000000000034,136.21000000000004,xml_geometry_csv_action
BootPass_6,271,6,6,Position_Unknown,Team_Unknown,Action_PreSnap,251.1,782.56,324.49,937.21,73.39000000000001,154.6500000000001,xml_geometry_csv_action
BootPass_6,271,8,8,Position_Unknown,Team_Unknown,Action_PreSnap,892.01,267.82,952.03,360.99,60.01999999999998,93.17000000000002,xml_geometry_csv_action
BootPass_6,272,0,0,Position_Unknown,Team_Unknown,Action_PreSnap,1077.92,474.22,1133.21,605.2,55.289999999999964,130.98000000000002,xml_geometry_csv_action
BootPass_6,272,1,1,Position_Unknown,Team_Unknown,Action_PreSnap,1170.4,833.83,1249.81,995.29,79.40999999999985,161.45999999999992,xml_geometry_csv_action
BootPass_6,272,10,10,Position_Unknown,Team_Unknown,Action_PreSnap,978.63,715.68,1036.9,848.89,58.270000000000095,133.21000000000004,xml_geometry_csv_action
BootPass_6,272,12,12,Position_Unknown,Team_Unknown,Action_PreSnap,1852.68,656.87,1918.14,803.23,65.46000000000004,146.36,xml_geometry_csv_action
BootPass_6,272,13,13,Position_Unknown,Team_Unknown,Action_PreSnap,1158.4,708.93,1213.86,853.76,55.45999999999981,144.83000000000004,xml_geometry_csv_action
BootPass_6,272,17,17,Position_Unknown,Team_Unknown,Action_PreSnap,959.3,874.41,1026.84,1038.25,67.53999999999996,163.84000000000003,xml_geometry_csv_action
BootPass_6,272,21,18,Position_Unknown,Team_Unknown,Action_PreSnap,1035.68,654.92,1089.11,797.5,53.429999999999836,142.58000000000004,xml_geometry_csv_action
BootPass_6,272,2,2,Position_Unknown,Team_Unknown,Action_PreSnap,923.47,847.23,981.24,1015.45,57.76999999999998,168.22000000000003,xml_geometry_csv_action
BootPass_6,272,31,23,Position_Unknown,Team_Unknown,Action_PreSnap,1072.07,912.89,1148.02,1078.23,75.95000000000005,165.34000000000003,xml_geometry_csv_action
BootPass_6,272,35,27,Position_Unknown,Team_Unknown,Action_PreSnap,1207.54,751.15,1267.26,892.98,59.72000000000003,141.83000000000004,xml_geometry_csv_action
BootPass_6,272,3,3,Position_Unknown,Team_Unknown,Action_PreSnap,1350.14,830.48,1421.63,997.06,71.49000000000001,166.57999999999993,xml_geometry_csv_action
BootPass_6,272,42,31,Position_Unknown,Team_Unknown,Action_PreSnap,1164.97,280.67,1238.42,369.24,73.45000000000005,88.57,xml_geometry_csv_action
BootPass_6,272,45,32,Position_Unknown,Team_Unknown,Action_PreSnap,867.64,496.88,931.75,624.4,64.11000000000001,127.51999999999998,xml_geometry_csv_action
BootPass_6,272,46,33,Position_Unknown,Team_Unknown,Action_PreSnap,705.03,424.39,762.49,535.52,57.460000000000036,111.13,xml_geometry_csv_action
BootPass_6,272,47,34,Position_Unknown,Team_Unknown,Action_PreSnap,541.88,714.76,603.13,865.64,61.25,150.88,xml_geometry_csv_action
BootPass_6,272,48,35,Position_Unknown,Team_Unknown,Action_PreSnap,312.75,830.78,387.43,998.98,74.68,168.20000000000005,xml_geometry_csv_action
BootPass_6,272,51,37,Position_Unknown,Team_Unknown,Action_PreSnap,587.34,741.66,646.36,897.15,59.01999999999998,155.49,xml_geometry_csv_action
BootPass_6,272,53,38,Position_Unknown,Team_Unknown,Action_PreSnap,1106.17,632.5,1173.1,789.45,66.92999999999984,156.95000000000005,xml_geometry_csv_action
BootPass_6,272,55,40,Position_Unknown,Team_Unknown,Action_PreSnap,1172.22,225.43,1213.95,296.9,41.73000000000002,71.46999999999997,xml_geometry_csv_action
BootPass_6,272,5,5,Position_Unknown,Team_Unknown,Action_PreSnap,474.94,594.79,532.72,729.8,57.78000000000003,135.01,xml_geometry_csv_action
BootPass_6,272,6,6,Position_Unknown,Team_Unknown,Action_PreSnap,266.53,777.91,338.56,930.44,72.03000000000003,152.5300000000001,xml_geometry_csv_action
BootPass_6,272,8,8,Position_Unknown,Team_Unknown,Action_PreSnap,892.67,265.93,949.86,359.66,57.190000000000055,93.73000000000002,xml_geometry_csv_action
BootPass_6,273,0,0,Position_Unknown,Team_Unknown,Action_PreSnap,1083.36,472.59,1137.22,598.62,53.86000000000013,126.03000000000003,xml_geometry_csv_action
BootPass_6,273,1,1,Position_Unknown,Team_Unknown,Action_PreSnap,1181.46,832.05,1259.2,991.46,77.74000000000001,159.41000000000008,xml_geometry_csv_action
BootPass_6,273,10,10,Position_Unknown,Team_Unknown,Action_PreSnap,980.17,713.22,1039.99,843.98,59.82000000000005,130.76,xml_geometry_csv_action
BootPass_6,273,12,12,Position_Unknown,Team_Unknown,Action_PreSnap,1852.95,651.34,1918.03,797.22,65.07999999999993,145.88,xml_geometry_csv_action
BootPass_6,273,13,13,Position_Unknown,Team_Unknown,Action_PreSnap,1165.82,705.49,1221.96,851.95,56.1400000000001,146.46000000000004,xml_geometry_csv_action
BootPass_6,273,17,17,Position_Unknown,Team_Unknown,Action_PreSnap,965.18,871.78,1032.54,1034.21,67.36000000000001,162.43000000000006,xml_geometry_csv_action
BootPass_6,273,21,18,Position_Unknown,Team_Unknown,Action_PreSnap,1045.02,652.07,1097.74,796.24,52.72000000000003,144.16999999999996,xml_geometry_csv_action
BootPass_6,273,2,2,Position_Unknown,Team_Unknown,Action_PreSnap,930.23,846.67,987.82,1012.31,57.59000000000003,165.64,xml_geometry_csv_action
BootPass_6,273,31,23,Position_Unknown,Team_Unknown,Action_PreSnap,1083.69,911.83,1158.0,1078.61,74.30999999999995,166.77999999999986,xml_geometry_csv_action
BootPass_6,273,35,27,Position_Unknown,Team_Unknown,Action_PreSnap,1216.15,748.21,1276.61,891.34,60.45999999999981,143.13,xml_geometry_csv_action
BootPass_6,273,3,3,Position_Unknown,Team_Unknown,Action_PreSnap,1353.53,826.99,1423.72,991.57,70.19000000000005,164.58000000000004,xml_geometry_csv_action
BootPass_6,273,42,31,Position_Unknown,Team_Unknown,Action_PreSnap,1162.82,279.07,1224.02,369.76,61.200000000000045,90.69,xml_geometry_csv_action
BootPass_6,273,45,32,Position_Unknown,Team_Unknown,Action_PreSnap,878.28,499.48,941.17,624.59,62.889999999999986,125.11000000000001,xml_geometry_csv_action
BootPass_6,273,46,33,Position_Unknown,Team_Unknown,Action_PreSnap,714.54,422.79,771.67,532.7,57.129999999999995,109.91000000000003,xml_geometry_csv_action
BootPass_6,273,47,34,Position_Unknown,Team_Unknown,Action_PreSnap,554.37,711.53,615.15,861.7,60.77999999999997,150.17000000000007,xml_geometry_csv_action
BootPass_6,273,48,35,Position_Unknown,Team_Unknown,Action_PreSnap,325.25,827.71,399.52,994.85,74.26999999999998,167.14,xml_geometry_csv_action
BootPass_6,273,51,37,Position_Unknown,Team_Unknown,Action_PreSnap,600.35,737.37,659.46,894.21,59.110000000000014,156.84000000000003,xml_geometry_csv_action
BootPass_6,273,53,38,Position_Unknown,Team_Unknown,Action_PreSnap,1112.6,630.09,1177.33,785.34,64.73000000000002,155.25,xml_geometry_csv_action
BootPass_6,273,5,5,Position_Unknown,Team_Unknown,Action_PreSnap,488.18,593.61,545.8,727.81,57.61999999999995,134.19999999999993,xml_geometry_csv_action
BootPass_6,273,6,6,Position_Unknown,Team_Unknown,Action_PreSnap,284.1,774.5,353.38,925.02,69.27999999999997,150.51999999999998,xml_geometry_csv_action
BootPass_6,273,8,8,Position_Unknown,Team_Unknown,Action_PreSnap,893.22,264.02,944.24,359.56,51.01999999999998,95.54000000000002,xml_geometry_csv_action
BootPass_6,274,0,0,Position_Unknown,Team_Unknown,Action_PreSnap,1088.89,472.15,1141.6,594.61,52.70999999999981,122.46000000000004,xml_geometry_csv_action
BootPass_6,274,1,1,Position_Unknown,Team_Unknown,Action_PreSnap,1193.53,829.61,1268.05,985.94,74.51999999999998,156.33000000000004,xml_geometry_csv_action
BootPass_6,274,10,10,Position_Unknown,Team_Unknown,Action_PreSnap,982.38,711.66,1041.87,839.31,59.489999999999895,127.64999999999998,xml_geometry_csv_action
BootPass_6,274,12,12,Position_Unknown,Team_Unknown,Action_PreSnap,1851.74,645.52,1917.68,790.17,65.94000000000005,144.64999999999998,xml_geometry_csv_action
BootPass_6,274,13,13,Position_Unknown,Team_Unknown,Action_PreSnap,1172.08,702.77,1229.0,849.12,56.92000000000007,146.35000000000002,xml_geometry_csv_action
BootPass_6,274,17,17,Position_Unknown,Team_Unknown,Action_PreSnap,970.67,868.89,1037.7,1030.53,67.03000000000009,161.64,xml_geometry_csv_action
BootPass_6,274,21,18,Position_Unknown,Team_Unknown,Action_PreSnap,1052.72,650.35,1106.17,797.52,53.450000000000045,147.16999999999996,xml_geometry_csv_action
BootPass_6,274,2,2,Position_Unknown,Team_Unknown,Action_PreSnap,937.24,844.84,994.43,1007.94,57.18999999999994,163.10000000000002,xml_geometry_csv_action
BootPass_6,274,31,23,Position_Unknown,Team_Unknown,Action_PreSnap,1092.92,910.22,1169.5,1078.76,76.57999999999993,168.53999999999996,xml_geometry_csv_action
BootPass_6,274,35,27,Position_Unknown,Team_Unknown,Action_PreSnap,1224.82,745.34,1286.9,888.53,62.080000000000155,143.18999999999994,xml_geometry_csv_action
BootPass_6,274,3,3,Position_Unknown,Team_Unknown,Action_PreSnap,1356.54,823.54,1425.56,983.73,69.01999999999998,160.19000000000005,xml_geometry_csv_action
BootPass_6,274,42,31,Position_Unknown,Team_Unknown,Action_PreSnap,1154.44,276.82,1215.68,369.91,61.24000000000001,93.09000000000003,xml_geometry_csv_action
BootPass_6,274,45,32,Position_Unknown,Team_Unknown,Action_PreSnap,887.47,499.03,948.36,622.95,60.889999999999986,123.92000000000007,xml_geometry_csv_action
BootPass_6,274,46,33,Position_Unknown,Team_Unknown,Action_PreSnap,724.1,421.88,781.12,530.76,57.01999999999998,108.88,xml_geometry_csv_action
BootPass_6,274,47,34,Position_Unknown,Team_Unknown,Action_PreSnap,566.76,707.05,626.42,857.2,59.65999999999997,150.1500000000001,xml_geometry_csv_action
BootPass_6,274,48,35,Position_Unknown,Team_Unknown,Action_PreSnap,337.26,823.84,409.98,989.27,72.72000000000003,165.42999999999995,xml_geometry_csv_action
BootPass_6,274,51,37,Position_Unknown,Team_Unknown,Action_PreSnap,612.55,733.83,672.47,889.26,59.92000000000007,155.42999999999995,xml_geometry_csv_action
BootPass_6,274,53,38,Position_Unknown,Team_Unknown,Action_PreSnap,1118.24,628.45,1182.35,776.78,64.1099999999999,148.32999999999993,xml_geometry_csv_action
BootPass_6,274,5,5,Position_Unknown,Team_Unknown,Action_PreSnap,500.39,592.35,557.38,724.92,56.99000000000001,132.56999999999994,xml_geometry_csv_action
BootPass_6,274,6,6,Position_Unknown,Team_Unknown,Action_PreSnap,299.27,770.1,366.22,919.06,66.95000000000005,148.95999999999992,xml_geometry_csv_action
BootPass_6,274,8,8,Position_Unknown,Team_Unknown,Action_PreSnap,895.04,266.4,941.63,359.61,46.59000000000003,93.21000000000004,xml_geometry_csv_action
BootPass_6,275,0,0,Position_Unknown,Team_Unknown,Action_PreSnap,1093.4,472.09,1146.84,592.74,53.43999999999983,120.65000000000003,xml_geometry_csv_action
BootPass_6,275,1,1,Position_Unknown,Team_Unknown,Action_PreSnap,1207.69,830.05,1278.3,980.61,70.6099999999999,150.56000000000006,xml_geometry_csv_action
BootPass_6,275,10,10,Position_Unknown,Team_Unknown,Action_PreSnap,981.9,707.2,1044.36,835.77,62.45999999999992,128.56999999999994,xml_geometry_csv_action
BootPass_6,275,12,12,Position_Unknown,Team_Unknown,Action_PreSnap,1851.66,641.49,1916.98,783.13,65.31999999999994,141.64,xml_geometry_csv_action
BootPass_6,275,13,13,Position_Unknown,Team_Unknown,Action_PreSnap,1180.06,701.44,1237.84,846.51,57.77999999999997,145.06999999999994,xml_geometry_csv_action
BootPass_6,275,17,17,Position_Unknown,Team_Unknown,Action_PreSnap,978.11,866.11,1044.19,1026.66,66.08000000000004,160.55000000000007,xml_geometry_csv_action
BootPass_6,275,21,18,Position_Unknown,Team_Unknown,Action_PreSnap,1061.58,650.48,1113.77,797.51,52.190000000000055,147.02999999999997,xml_geometry_csv_action
BootPass_6,275,2,2,Position_Unknown,Team_Unknown,Action_PreSnap,943.89,841.87,1001.6,1004.04,57.710000000000036,162.16999999999996,xml_geometry_csv_action
BootPass_6,275,31,23,Position_Unknown,Team_Unknown,Action_PreSnap,1103.15,908.41,1183.88,1077.2,80.73000000000002,168.79000000000008,xml_geometry_csv_action
BootPass_6,275,35,27,Position_Unknown,Team_Unknown,Action_PreSnap,1232.84,744.11,1296.17,885.4,63.330000000000155,141.28999999999996,xml_geometry_csv_action
BootPass_6,275,3,3,Position_Unknown,Team_Unknown,Action_PreSnap,1360.14,820.54,1427.01,978.34,66.86999999999989,157.80000000000007,xml_geometry_csv_action
BootPass_6,275,42,31,Position_Unknown,Team_Unknown,Action_PreSnap,1147.15,275.24,1214.76,370.62,67.6099999999999,95.38,xml_geometry_csv_action
BootPass_6,275,45,32,Position_Unknown,Team_Unknown,Action_PreSnap,896.98,497.72,955.45,621.41,58.47000000000003,123.68999999999994,xml_geometry_csv_action
BootPass_6,275,46,33,Position_Unknown,Team_Unknown,Action_PreSnap,733.96,422.14,792.02,530.28,58.059999999999945,108.13999999999999,xml_geometry_csv_action
BootPass_6,275,47,34,Position_Unknown,Team_Unknown,Action_PreSnap,579.25,703.29,639.16,852.67,59.90999999999997,149.38,xml_geometry_csv_action
BootPass_6,275,48,35,Position_Unknown,Team_Unknown,Action_PreSnap,351.31,820.62,424.48,984.34,73.17000000000002,163.72000000000003,xml_geometry_csv_action
BootPass_6,275,51,37,Position_Unknown,Team_Unknown,Action_PreSnap,625.17,731.74,688.53,885.75,63.360000000000014,154.01,xml_geometry_csv_action
BootPass_6,275,53,38,Position_Unknown,Team_Unknown,Action_PreSnap,1125.39,626.82,1187.98,770.54,62.58999999999992,143.7199999999999,xml_geometry_csv_action
BootPass_6,275,5,5,Position_Unknown,Team_Unknown,Action_PreSnap,512.22,590.5,570.47,722.2,58.25,131.70000000000005,xml_geometry_csv_action
BootPass_6,275,6,6,Position_Unknown,Team_Unknown,Action_PreSnap,316.33,766.34,381.41,914.62,65.08000000000004,148.27999999999997,xml_geometry_csv_action
BootPass_6,275,8,8,Position_Unknown,Team_Unknown,Action_PreSnap,895.93,271.4,939.61,359.25,43.680000000000064,87.85000000000002,xml_geometry_csv_action
BootPass_6,276,0,0,Position_Unknown,Team_Unknown,Action_PreSnap,1097.96,471.1,1151.87,591.71,53.909999999999854,120.61000000000001,xml_geometry_csv_action
BootPass_6,276,1,1,Position_Unknown,Team_Unknown,Action_PreSnap,1220.47,827.15,1288.08,976.92,67.6099999999999,149.76999999999998,xml_geometry_csv_action
BootPass_6,276,10,10,Position_Unknown,Team_Unknown,Action_PreSnap,985.06,704.65,1046.09,833.15,61.02999999999997,128.5,xml_geometry_csv_action
BootPass_6,276,12,12,Position_Unknown,Team_Unknown,Action_PreSnap,1850.98,637.38,1914.87,773.97,63.88999999999987,136.59000000000003,xml_geometry_csv_action
BootPass_6,276,13,13,Position_Unknown,Team_Unknown,Action_PreSnap,1185.52,699.18,1244.02,844.6,58.5,145.42000000000007,xml_geometry_csv_action
BootPass_6,276,17,17,Position_Unknown,Team_Unknown,Action_PreSnap,986.11,861.87,1050.47,1022.87,64.36000000000001,161.0,xml_geometry_csv_action
BootPass_6,276,21,18,Position_Unknown,Team_Unknown,Action_PreSnap,1070.62,649.95,1120.71,793.8,50.090000000000146,143.8499999999999,xml_geometry_csv_action
BootPass_6,276,2,2,Position_Unknown,Team_Unknown,Action_PreSnap,951.27,838.34,1007.75,999.7,56.48000000000002,161.36,xml_geometry_csv_action
BootPass_6,276,31,23,Position_Unknown,Team_Unknown,Action_PreSnap,1111.84,905.22,1196.23,1071.38,84.3900000000001,166.16000000000008,xml_geometry_csv_action
BootPass_6,276,35,27,Position_Unknown,Team_Unknown,Action_PreSnap,1240.11,741.77,1302.19,881.03,62.080000000000155,139.26,xml_geometry_csv_action
BootPass_6,276,3,3,Position_Unknown,Team_Unknown,Action_PreSnap,1362.98,817.01,1427.82,973.1,64.83999999999992,156.09000000000003,xml_geometry_csv_action
BootPass_6,276,42,31,Position_Unknown,Team_Unknown,Action_PreSnap,1141.76,274.05,1213.56,369.52,71.79999999999995,95.46999999999997,xml_geometry_csv_action
BootPass_6,276,45,32,Position_Unknown,Team_Unknown,Action_PreSnap,904.08,494.8,961.01,619.13,56.92999999999995,124.32999999999998,xml_geometry_csv_action
BootPass_6,276,46,33,Position_Unknown,Team_Unknown,Action_PreSnap,742.2,420.87,800.77,530.76,58.569999999999936,109.88999999999999,xml_geometry_csv_action
BootPass_6,276,47,34,Position_Unknown,Team_Unknown,Action_PreSnap,591.61,700.92,650.91,849.79,59.299999999999955,148.87,xml_geometry_csv_action
BootPass_6,276,48,35,Position_Unknown,Team_Unknown,Action_PreSnap,363.12,815.96,436.7,979.9,73.57999999999998,163.93999999999994,xml_geometry_csv_action
BootPass_6,276,51,37,Position_Unknown,Team_Unknown,Action_PreSnap,636.95,728.66,702.78,881.49,65.82999999999993,152.83000000000004,xml_geometry_csv_action
BootPass_6,276,53,38,Position_Unknown,Team_Unknown,Action_PreSnap,1131.19,624.8,1193.67,767.62,62.48000000000002,142.82000000000005,xml_geometry_csv_action
BootPass_6,276,5,5,Position_Unknown,Team_Unknown,Action_PreSnap,522.67,587.22,582.8,719.66,60.129999999999995,132.43999999999994,xml_geometry_csv_action
BootPass_6,276,6,6,Position_Unknown,Team_Unknown,Action_PreSnap,333.67,762.78,396.0,908.22,62.329999999999984,145.44000000000005,xml_geometry_csv_action
BootPass_6,276,8,8,Position_Unknown,Team_Unknown,Action_PreSnap,894.03,270.29,937.88,358.28,43.85000000000002,87.98999999999995,xml_geometry_csv_action
BootPass_6,277,0,0,Position_Unknown,Team_Unknown,Action_PreSnap,1103.76,469.42,1156.16,590.55,52.40000000000009,121.12999999999994,xml_geometry_csv_action
BootPass_6,277,1,1,Position_Unknown,Team_Unknown,Action_PreSnap,1233.09,824.7,1296.04,972.56,62.950000000000045,147.8599999999999,xml_geometry_csv_action
BootPass_6,277,10,10,Position_Unknown,Team_Unknown,Action_PreSnap,990.24,701.25,1049.3,829.88,59.059999999999945,128.63,xml_geometry_csv_action
BootPass_6,277,12,12,Position_Unknown,Team_Unknown,Action_PreSnap,1849.38,634.36,1912.66,764.22,63.27999999999997,129.86,xml_geometry_csv_action
BootPass_6,277,13,13,Position_Unknown,Team_Unknown,Action_PreSnap,1190.29,698.08,1250.04,843.35,59.75,145.26999999999998,xml_geometry_csv_action
BootPass_6,277,17,17,Position_Unknown,Team_Unknown,Action_PreSnap,992.09,859.17,1056.52,1018.88,64.42999999999995,159.71000000000004,xml_geometry_csv_action
BootPass_6,277,21,18,Position_Unknown,Team_Unknown,Action_PreSnap,1078.62,649.13,1128.31,790.27,49.690000000000055,141.14,xml_geometry_csv_action
BootPass_6,277,2,2,Position_Unknown,Team_Unknown,Action_PreSnap,958.27,835.31,1014.91,994.97,56.639999999999986,159.66000000000008,xml_geometry_csv_action
BootPass_6,277,31,23,Position_Unknown,Team_Unknown,Action_PreSnap,1119.62,902.19,1208.11,1066.66,88.49000000000001,164.47000000000003,xml_geometry_csv_action
BootPass_6,277,35,27,Position_Unknown,Team_Unknown,Action_PreSnap,1250.48,740.56,1308.45,878.51,57.97000000000003,137.95000000000005,xml_geometry_csv_action
BootPass_6,277,3,3,Position_Unknown,Team_Unknown,Action_PreSnap,1366.37,814.17,1429.28,967.5,62.91000000000008,153.33000000000004,xml_geometry_csv_action
BootPass_6,277,42,31,Position_Unknown,Team_Unknown,Action_PreSnap,1135.54,273.57,1210.99,367.34,75.45000000000005,93.76999999999998,xml_geometry_csv_action
BootPass_6,277,45,32,Position_Unknown,Team_Unknown,Action_PreSnap,911.14,492.59,965.76,616.0,54.620000000000005,123.41000000000003,xml_geometry_csv_action
BootPass_6,277,46,33,Position_Unknown,Team_Unknown,Action_PreSnap,750.34,417.97,808.17,529.19,57.82999999999993,111.22000000000003,xml_geometry_csv_action
BootPass_6,277,47,34,Position_Unknown,Team_Unknown,Action_PreSnap,605.77,698.47,663.04,845.6,57.26999999999998,147.13,xml_geometry_csv_action
BootPass_6,277,48,35,Position_Unknown,Team_Unknown,Action_PreSnap,378.06,810.93,448.6,973.38,70.54000000000002,162.45000000000005,xml_geometry_csv_action
BootPass_6,277,51,37,Position_Unknown,Team_Unknown,Action_PreSnap,647.92,727.04,714.52,877.87,66.60000000000002,150.83000000000004,xml_geometry_csv_action
BootPass_6,277,53,38,Position_Unknown,Team_Unknown,Action_PreSnap,1137.6,623.08,1198.89,764.81,61.29000000000019,141.7299999999999,xml_geometry_csv_action
BootPass_6,277,5,5,Position_Unknown,Team_Unknown,Action_PreSnap,538.19,584.16,594.97,714.82,56.77999999999997,130.66000000000008,xml_geometry_csv_action
BootPass_6,277,6,6,Position_Unknown,Team_Unknown,Action_PreSnap,348.04,759.52,408.85,902.83,60.81,143.31000000000006,xml_geometry_csv_action
BootPass_6,277,8,8,Position_Unknown,Team_Unknown,Action_PreSnap,893.23,270.09,935.47,357.1,42.24000000000001,87.01000000000005,xml_geometry_csv_action
BootPass_6,278,0,0,Position_Unknown,Team_Unknown,Action_PreSnap,1109.12,467.54,1160.42,589.25,51.30000000000018,121.70999999999998,xml_geometry_csv_action
BootPass_6,278,1,1,Position_Unknown,Team_Unknown,Action_PreSnap,1242.82,820.09,1304.12,968.83,61.299999999999955,148.74,xml_geometry_csv_action
BootPass_6,278,10,10,Position_Unknown,Team_Unknown,Action_PreSnap,994.95,695.33,1051.7,825.69,56.75,130.36,xml_geometry_csv_action
BootPass_6,278,12,12,Position_Unknown,Team_Unknown,Action_PreSnap,1847.4,632.49,1910.34,759.05,62.93999999999983,126.55999999999995,xml_geometry_csv_action
BootPass_6,278,13,13,Position_Unknown,Team_Unknown,Action_PreSnap,1196.51,696.95,1256.38,840.94,59.87000000000012,143.99,xml_geometry_csv_action
BootPass_6,278,17,17,Position_Unknown,Team_Unknown,Action_PreSnap,997.9,855.43,1061.83,1014.43,63.92999999999995,159.0,xml_geometry_csv_action
BootPass_6,278,21,18,Position_Unknown,Team_Unknown,Action_PreSnap,1086.61,647.25,1136.02,785.52,49.41000000000008,138.26999999999998,xml_geometry_csv_action
BootPass_6,278,2,2,Position_Unknown,Team_Unknown,Action_PreSnap,964.12,831.3,1020.4,990.1,56.27999999999997,158.80000000000007,xml_geometry_csv_action
BootPass_6,278,31,23,Position_Unknown,Team_Unknown,Action_PreSnap,1127.66,898.66,1215.62,1061.5,87.95999999999981,162.84000000000003,xml_geometry_csv_action
BootPass_6,278,35,27,Position_Unknown,Team_Unknown,Action_PreSnap,1258.15,739.59,1314.53,874.7,56.37999999999988,135.11,xml_geometry_csv_action
BootPass_6,278,3,3,Position_Unknown,Team_Unknown,Action_PreSnap,1368.6,809.46,1430.25,964.35,61.65000000000009,154.89,xml_geometry_csv_action
BootPass_6,278,42,31,Position_Unknown,Team_Unknown,Action_PreSnap,1130.26,273.01,1204.34,364.25,74.07999999999993,91.24000000000001,xml_geometry_csv_action
BootPass_6,278,45,32,Position_Unknown,Team_Unknown,Action_PreSnap,917.9,491.78,970.07,613.91,52.17000000000007,122.13,xml_geometry_csv_action
BootPass_6,278,46,33,Position_Unknown,Team_Unknown,Action_PreSnap,757.8,415.89,813.79,526.94,55.99000000000001,111.05000000000007,xml_geometry_csv_action
BootPass_6,278,47,34,Position_Unknown,Team_Unknown,Action_PreSnap,618.53,697.41,674.68,840.56,56.14999999999998,143.14999999999998,xml_geometry_csv_action
BootPass_6,278,48,35,Position_Unknown,Team_Unknown,Action_PreSnap,391.27,806.97,460.39,967.17,69.12,160.19999999999993,xml_geometry_csv_action
BootPass_6,278,51,37,Position_Unknown,Team_Unknown,Action_PreSnap,658.13,724.91,725.07,873.38,66.94000000000005,148.47000000000003,xml_geometry_csv_action
BootPass_6,278,53,38,Position_Unknown,Team_Unknown,Action_PreSnap,1141.88,621.93,1202.5,760.95,60.61999999999989,139.0200000000001,xml_geometry_csv_action
BootPass_6,278,5,5,Position_Unknown,Team_Unknown,Action_PreSnap,551.47,581.49,605.55,711.38,54.07999999999993,129.89,xml_geometry_csv_action
BootPass_6,278,6,6,Position_Unknown,Team_Unknown,Action_PreSnap,361.14,755.15,421.99,898.12,60.85000000000002,142.97000000000003,xml_geometry_csv_action
BootPass_6,278,8,8,Position_Unknown,Team_Unknown,Action_PreSnap,891.85,272.24,934.22,356.94,42.370000000000005,84.69999999999999,xml_geometry_csv_action
BootPass_6,279,0,0,Position_Unknown,Team_Unknown,Action_PreSnap,1112.31,464.64,1163.0,586.63,50.690000000000055,121.99000000000001,xml_geometry_csv_action
BootPass_6,279,1,1,Position_Unknown,Team_Unknown,Action_PreSnap,1249.98,815.34,1311.19,966.12,61.210000000000036,150.77999999999997,xml_geometry_csv_action
BootPass_6,279,10,10,Position_Unknown,Team_Unknown,Action_PreSnap,998.51,690.65,1054.72,821.21,56.210000000000036,130.56000000000006,xml_geometry_csv_action
BootPass_6,279,12,12,Position_Unknown,Team_Unknown,Action_PreSnap,1844.47,630.39,1909.3,755.81,64.82999999999993,125.41999999999996,xml_geometry_csv_action
BootPass_6,279,13,13,Position_Unknown,Team_Unknown,Action_PreSnap,1201.29,695.65,1262.6,837.02,61.309999999999945,141.37,xml_geometry_csv_action
BootPass_6,279,17,17,Position_Unknown,Team_Unknown,Action_PreSnap,1003.2,852.89,1066.73,1010.34,63.52999999999997,157.45000000000005,xml_geometry_csv_action
BootPass_6,279,21,18,Position_Unknown,Team_Unknown,Action_PreSnap,1094.15,645.4,1143.36,782.77,49.20999999999981,137.37,xml_geometry_csv_action
BootPass_6,279,2,2,Position_Unknown,Team_Unknown,Action_PreSnap,969.94,828.17,1025.56,985.18,55.61999999999989,157.01,xml_geometry_csv_action
BootPass_6,279,31,23,Position_Unknown,Team_Unknown,Action_PreSnap,1133.52,895.86,1220.8,1056.2,87.27999999999997,160.34000000000003,xml_geometry_csv_action
BootPass_6,279,35,27,Position_Unknown,Team_Unknown,Action_PreSnap,1262.31,738.37,1319.44,863.1,57.13000000000011,124.73000000000002,xml_geometry_csv_action
BootPass_6,279,3,3,Position_Unknown,Team_Unknown,Action_PreSnap,1371.19,805.07,1431.54,959.1,60.34999999999991,154.02999999999997,xml_geometry_csv_action
BootPass_6,279,42,31,Position_Unknown,Team_Unknown,Action_PreSnap,1125.99,272.77,1186.77,364.71,60.77999999999997,91.94,xml_geometry_csv_action
BootPass_6,279,45,32,Position_Unknown,Team_Unknown,Action_PreSnap,924.32,490.59,974.54,612.62,50.219999999999914,122.03000000000003,xml_geometry_csv_action
BootPass_6,279,46,33,Position_Unknown,Team_Unknown,Action_PreSnap,763.45,413.37,819.74,524.76,56.289999999999964,111.38999999999999,xml_geometry_csv_action
BootPass_6,279,47,34,Position_Unknown,Team_Unknown,Action_PreSnap,630.93,695.41,685.54,835.51,54.610000000000014,140.10000000000002,xml_geometry_csv_action
BootPass_6,279,48,35,Position_Unknown,Team_Unknown,Action_PreSnap,403.98,802.7,471.61,961.51,67.63,158.80999999999995,xml_geometry_csv_action
BootPass_6,279,51,37,Position_Unknown,Team_Unknown,Action_PreSnap,667.96,723.55,734.85,870.2,66.88999999999999,146.6500000000001,xml_geometry_csv_action
BootPass_6,279,53,38,Position_Unknown,Team_Unknown,Action_PreSnap,1147.56,621.01,1206.38,758.49,58.820000000000164,137.48000000000002,xml_geometry_csv_action
BootPass_6,279,5,5,Position_Unknown,Team_Unknown,Action_PreSnap,563.4,578.51,616.9,708.56,53.5,130.04999999999995,xml_geometry_csv_action
BootPass_6,279,6,6,Position_Unknown,Team_Unknown,Action_PreSnap,371.94,752.06,433.68,895.54,61.74000000000001,143.48000000000002,xml_geometry_csv_action
BootPass_6,279,8,8,Position_Unknown,Team_Unknown,Action_PreSnap,889.92,278.39,935.25,357.21,45.33000000000004,78.82,xml_geometry_csv_action
BootPass_6,280,0,0,Position_Unknown,Team_Unknown,Action_PreSnap,1115.06,462.07,1165.44,582.86,50.38000000000011,120.79000000000002,xml_geometry_csv_action
BootPass_6,280,1,1,Position_Unknown,Team_Unknown,Action_PreSnap,1257.28,810.73,1317.48,962.4,60.200000000000045,151.66999999999996,xml_geometry_csv_action
BootPass_6,280,10,10,Position_Unknown,Team_Unknown,Action_PreSnap,1001.13,684.93,1056.95,816.18,55.82000000000005,131.25,xml_geometry_csv_action
BootPass_6,280,12,12,Position_Unknown,Team_Unknown,Action_PreSnap,1841.89,628.03,1907.24,753.72,65.34999999999991,125.69000000000005,xml_geometry_csv_action
BootPass_6,280,13,13,Position_Unknown,Team_Unknown,Action_PreSnap,1204.0,693.65,1267.88,831.76,63.88000000000011,138.11,xml_geometry_csv_action
BootPass_6,280,17,17,Position_Unknown,Team_Unknown,Action_PreSnap,1009.07,850.05,1072.32,1006.5,63.249999999999886,156.45000000000005,xml_geometry_csv_action
BootPass_6,280,21,18,Position_Unknown,Team_Unknown,Action_PreSnap,1099.74,642.42,1150.02,781.35,50.27999999999997,138.93000000000006,xml_geometry_csv_action
BootPass_6,280,2,2,Position_Unknown,Team_Unknown,Action_PreSnap,975.13,824.68,1030.96,982.57,55.83000000000004,157.8900000000001,xml_geometry_csv_action
BootPass_6,280,31,23,Position_Unknown,Team_Unknown,Action_PreSnap,1140.03,892.74,1225.41,1050.85,85.38000000000011,158.1099999999999,xml_geometry_csv_action
BootPass_6,280,35,27,Position_Unknown,Team_Unknown,Action_PreSnap,1265.63,736.47,1325.03,852.02,59.399999999999864,115.54999999999995,xml_geometry_csv_action
BootPass_6,280,3,3,Position_Unknown,Team_Unknown,Action_PreSnap,1372.94,800.84,1432.69,953.7,59.75,152.86,xml_geometry_csv_action
BootPass_6,280,42,31,Position_Unknown,Team_Unknown,Action_PreSnap,1122.85,273.54,1175.31,365.67,52.460000000000036,92.13,xml_geometry_csv_action
BootPass_6,280,45,32,Position_Unknown,Team_Unknown,Action_PreSnap,930.1,490.2,978.44,609.87,48.34000000000003,119.67000000000002,xml_geometry_csv_action
BootPass_6,280,46,33,Position_Unknown,Team_Unknown,Action_PreSnap,769.55,411.22,825.14,518.52,55.59000000000003,107.29999999999995,xml_geometry_csv_action
BootPass_6,280,47,34,Position_Unknown,Team_Unknown,Action_PreSnap,642.36,693.86,695.33,831.31,52.97000000000003,137.44999999999993,xml_geometry_csv_action
BootPass_6,280,48,35,Position_Unknown,Team_Unknown,Action_PreSnap,417.11,799.04,482.6,955.72,65.49000000000001,156.68000000000006,xml_geometry_csv_action
BootPass_6,280,51,37,Position_Unknown,Team_Unknown,Action_PreSnap,677.71,722.09,743.04,867.0,65.32999999999993,144.90999999999997,xml_geometry_csv_action
BootPass_6,280,53,38,Position_Unknown,Team_Unknown,Action_PreSnap,1151.57,619.91,1211.54,758.44,59.97000000000003,138.5300000000001,xml_geometry_csv_action
BootPass_6,280,5,5,Position_Unknown,Team_Unknown,Action_PreSnap,574.67,576.5,627.32,705.52,52.65000000000009,129.01999999999998,xml_geometry_csv_action
BootPass_6,280,6,6,Position_Unknown,Team_Unknown,Action_PreSnap,384.24,748.84,444.82,892.4,60.579999999999984,143.55999999999995,xml_geometry_csv_action
BootPass_6,280,8,8,Position_Unknown,Team_Unknown,Action_PreSnap,887.76,284.73,938.78,357.26,51.01999999999998,72.52999999999997,xml_geometry_csv_action
BootPass_6,281,0,0,Position_Unknown,Team_Unknown,Action_PreSnap,1117.74,459.41,1167.83,580.96,50.08999999999992,121.55000000000001,xml_geometry_csv_action
BootPass_6,281,1,1,Position_Unknown,Team_Unknown,Action_PreSnap,1264.39,807.08,1323.89,956.58,59.5,149.5,xml_geometry_csv_action
BootPass_6,281,10,10,Position_Unknown,Team_Unknown,Action_PreSnap,1004.91,679.07,1058.85,809.39,53.93999999999994,130.31999999999994,xml_geometry_csv_action
BootPass_6,281,12,12,Position_Unknown,Team_Unknown,Action_PreSnap,1839.12,624.27,1904.87,751.3,65.75,127.02999999999997,xml_geometry_csv_action
BootPass_6,281,13,13,Position_Unknown,Team_Unknown,Action_PreSnap,1206.71,691.38,1270.68,825.64,63.97000000000003,134.26,xml_geometry_csv_action
BootPass_6,281,17,17,Position_Unknown,Team_Unknown,Action_PreSnap,1015.52,847.31,1076.91,1003.07,61.3900000000001,155.7600000000001,xml_geometry_csv_action
BootPass_6,281,21,18,Position_Unknown,Team_Unknown,Action_PreSnap,1104.78,639.14,1154.3,776.02,49.51999999999998,136.88,xml_geometry_csv_action
BootPass_6,281,2,2,Position_Unknown,Team_Unknown,Action_PreSnap,979.75,822.06,1035.07,978.62,55.319999999999936,156.56000000000006,xml_geometry_csv_action
BootPass_6,281,31,23,Position_Unknown,Team_Unknown,Action_PreSnap,1147.21,888.69,1229.96,1046.34,82.75,157.64999999999986,xml_geometry_csv_action
BootPass_6,281,35,27,Position_Unknown,Team_Unknown,Action_PreSnap,1271.5,734.43,1330.56,845.63,59.059999999999945,111.20000000000005,xml_geometry_csv_action
BootPass_6,281,3,3,Position_Unknown,Team_Unknown,Action_PreSnap,1373.15,795.69,1432.94,949.65,59.789999999999964,153.95999999999992,xml_geometry_csv_action
BootPass_6,281,42,31,Position_Unknown,Team_Unknown,Action_PreSnap,1116.56,274.14,1166.65,365.95,50.090000000000146,91.81,xml_geometry_csv_action
BootPass_6,281,45,32,Position_Unknown,Team_Unknown,Action_PreSnap,935.84,489.71,982.79,607.99,46.94999999999993,118.28000000000003,xml_geometry_csv_action
BootPass_6,281,46,33,Position_Unknown,Team_Unknown,Action_PreSnap,776.55,408.67,828.7,513.29,52.15000000000009,104.61999999999995,xml_geometry_csv_action
BootPass_6,281,47,34,Position_Unknown,Team_Unknown,Action_PreSnap,654.62,691.89,704.45,828.08,49.83000000000004,136.19000000000005,xml_geometry_csv_action
BootPass_6,281,48,35,Position_Unknown,Team_Unknown,Action_PreSnap,429.71,795.25,492.65,951.95,62.94,156.70000000000005,xml_geometry_csv_action
BootPass_6,281,51,37,Position_Unknown,Team_Unknown,Action_PreSnap,688.67,719.59,750.4,862.63,61.73000000000002,143.03999999999996,xml_geometry_csv_action
BootPass_6,281,53,38,Position_Unknown,Team_Unknown,Action_PreSnap,1155.1,618.24,1215.83,754.01,60.73000000000002,135.76999999999998,xml_geometry_csv_action
BootPass_6,281,5,5,Position_Unknown,Team_Unknown,Action_PreSnap,585.83,575.14,636.56,700.5,50.729999999999905,125.36000000000001,xml_geometry_csv_action
BootPass_6,281,6,6,Position_Unknown,Team_Unknown,Action_PreSnap,395.02,746.23,454.75,889.94,59.73000000000002,143.71000000000004,xml_geometry_csv_action
BootPass_6,281,8,8,Position_Unknown,Team_Unknown,Action_PreSnap,883.7,284.59,943.47,358.03,59.76999999999998,73.44,xml_geometry_csv_action
BootPass_6,282,0,0,Position_Unknown,Team_Unknown,Action_PreSnap,1120.07,457.17,1169.36,578.45,49.289999999999964,121.28000000000003,xml_geometry_csv_action
BootPass_6,282,1,1,Position_Unknown,Team_Unknown,Action_PreSnap,1269.23,803.44,1330.57,950.65,61.33999999999992,147.20999999999992,xml_geometry_csv_action
BootPass_6,282,10,10,Position_Unknown,Team_Unknown,Action_PreSnap,1006.96,678.14,1059.94,803.85,52.98000000000002,125.71000000000004,xml_geometry_csv_action
BootPass_6,282,12,12,Position_Unknown,Team_Unknown,Action_PreSnap,1836.15,620.55,1901.6,748.91,65.44999999999982,128.36,xml_geometry_csv_action
BootPass_6,282,13,13,Position_Unknown,Team_Unknown,Action_PreSnap,1208.16,689.41,1273.42,820.2,65.25999999999999,130.79000000000008,xml_geometry_csv_action
BootPass_6,282,17,17,Position_Unknown,Team_Unknown,Action_PreSnap,1018.64,845.15,1080.31,999.45,61.66999999999996,154.30000000000007,xml_geometry_csv_action
BootPass_6,282,21,18,Position_Unknown,Team_Unknown,Action_PreSnap,1110.15,636.84,1159.16,774.39,49.00999999999999,137.54999999999995,xml_geometry_csv_action
BootPass_6,282,2,2,Position_Unknown,Team_Unknown,Action_PreSnap,983.41,819.21,1037.79,974.07,54.379999999999995,154.86,xml_geometry_csv_action
BootPass_6,282,31,23,Position_Unknown,Team_Unknown,Action_PreSnap,1155.18,885.37,1235.06,1041.31,79.87999999999988,155.93999999999994,xml_geometry_csv_action
BootPass_6,282,35,27,Position_Unknown,Team_Unknown,Action_PreSnap,1275.78,732.1,1334.86,839.48,59.07999999999993,107.38,xml_geometry_csv_action
BootPass_6,282,3,3,Position_Unknown,Team_Unknown,Action_PreSnap,1372.4,791.79,1432.44,944.5,60.039999999999964,152.71000000000004,xml_geometry_csv_action
BootPass_6,282,42,31,Position_Unknown,Team_Unknown,Action_PreSnap,1106.24,274.97,1163.72,366.31,57.48000000000002,91.33999999999997,xml_geometry_csv_action
BootPass_6,282,45,32,Position_Unknown,Team_Unknown,Action_PreSnap,940.37,492.18,986.81,607.56,46.43999999999994,115.37999999999994,xml_geometry_csv_action
BootPass_6,282,46,33,Position_Unknown,Team_Unknown,Action_PreSnap,781.63,408.46,831.02,510.42,49.389999999999986,101.96000000000004,xml_geometry_csv_action
BootPass_6,282,47,34,Position_Unknown,Team_Unknown,Action_PreSnap,664.51,690.0,712.69,824.85,48.180000000000064,134.85000000000002,xml_geometry_csv_action
BootPass_6,282,48,35,Position_Unknown,Team_Unknown,Action_PreSnap,441.0,792.45,502.04,947.5,61.04000000000002,155.04999999999995,xml_geometry_csv_action
BootPass_6,282,51,37,Position_Unknown,Team_Unknown,Action_PreSnap,698.01,717.77,757.75,858.49,59.74000000000001,140.72000000000003,xml_geometry_csv_action
BootPass_6,282,53,38,Position_Unknown,Team_Unknown,Action_PreSnap,1157.88,616.76,1219.02,750.9,61.13999999999987,134.14,xml_geometry_csv_action
BootPass_6,282,5,5,Position_Unknown,Team_Unknown,Action_PreSnap,595.16,574.78,645.87,695.61,50.710000000000036,120.83000000000004,xml_geometry_csv_action
BootPass_6,282,6,6,Position_Unknown,Team_Unknown,Action_PreSnap,404.73,743.8,464.04,885.95,59.31,142.1500000000001,xml_geometry_csv_action
BootPass_6,282,8,8,Position_Unknown,Team_Unknown,Action_PreSnap,879.79,285.49,945.92,358.91,66.13,73.42000000000002,xml_geometry_csv_action
BootPass_6,283,0,0,Position_Unknown,Team_Unknown,Action_PreSnap,1121.9,455.72,1171.14,572.43,49.24000000000001,116.70999999999992,xml_geometry_csv_action
BootPass_6,283,1,1,Position_Unknown,Team_Unknown,Action_PreSnap,1273.17,799.57,1337.42,944.61,64.25,145.03999999999996,xml_geometry_csv_action
BootPass_6,283,10,10,Position_Unknown,Team_Unknown,Action_PreSnap,1009.41,676.45,1061.11,797.45,51.69999999999993,121.0,xml_geometry_csv_action
BootPass_6,283,12,12,Position_Unknown,Team_Unknown,Action_PreSnap,1833.3,615.18,1896.71,744.66,63.41000000000008,129.48000000000002,xml_geometry_csv_action
BootPass_6,283,13,13,Position_Unknown,Team_Unknown,Action_PreSnap,1211.02,686.61,1276.32,815.61,65.29999999999995,129.0,xml_geometry_csv_action
BootPass_6,283,17,17,Position_Unknown,Team_Unknown,Action_PreSnap,1022.52,842.04,1081.98,994.36,59.460000000000036,152.32000000000005,xml_geometry_csv_action
BootPass_6,283,21,18,Position_Unknown,Team_Unknown,Action_PreSnap,1114.1,633.3,1162.12,773.59,48.01999999999998,140.29000000000008,xml_geometry_csv_action
BootPass_6,283,2,2,Position_Unknown,Team_Unknown,Action_PreSnap,986.14,816.5,1040.39,968.48,54.250000000000114,151.98000000000002,xml_geometry_csv_action
BootPass_6,283,31,23,Position_Unknown,Team_Unknown,Action_PreSnap,1164.05,881.26,1239.07,1034.79,75.01999999999998,153.52999999999997,xml_geometry_csv_action
BootPass_6,283,35,27,Position_Unknown,Team_Unknown,Action_PreSnap,1278.53,727.52,1338.44,837.21,59.91000000000008,109.69000000000005,xml_geometry_csv_action
BootPass_6,283,3,3,Position_Unknown,Team_Unknown,Action_PreSnap,1371.65,787.22,1430.75,936.45,59.09999999999991,149.23000000000002,xml_geometry_csv_action
BootPass_6,283,42,31,Position_Unknown,Team_Unknown,Action_PreSnap,1099.72,275.02,1160.35,365.77,60.62999999999988,90.75,xml_geometry_csv_action
BootPass_6,283,45,32,Position_Unknown,Team_Unknown,Action_PreSnap,944.19,494.38,990.55,606.13,46.3599999999999,111.75,xml_geometry_csv_action
BootPass_6,283,46,33,Position_Unknown,Team_Unknown,Action_PreSnap,786.17,407.68,833.03,508.02,46.860000000000014,100.33999999999997,xml_geometry_csv_action
BootPass_6,283,47,34,Position_Unknown,Team_Unknown,Action_PreSnap,674.76,687.73,720.21,822.84,45.450000000000045,135.11,xml_geometry_csv_action
BootPass_6,283,48,35,Position_Unknown,Team_Unknown,Action_PreSnap,449.64,788.77,509.91,943.4,60.27000000000004,154.63,xml_geometry_csv_action
BootPass_6,283,51,37,Position_Unknown,Team_Unknown,Action_PreSnap,706.07,715.14,764.59,854.68,58.51999999999998,139.53999999999996,xml_geometry_csv_action
BootPass_6,283,53,38,Position_Unknown,Team_Unknown,Action_PreSnap,1160.32,615.17,1219.85,746.49,59.52999999999997,131.32000000000005,xml_geometry_csv_action
BootPass_6,283,5,5,Position_Unknown,Team_Unknown,Action_PreSnap,603.88,573.42,654.86,693.76,50.98000000000002,120.34000000000003,xml_geometry_csv_action
BootPass_6,283,6,6,Position_Unknown,Team_Unknown,Action_PreSnap,414.58,740.4,473.78,882.43,59.19999999999999,142.02999999999997,xml_geometry_csv_action
BootPass_6,283,8,8,Position_Unknown,Team_Unknown,Action_PreSnap,877.69,281.16,943.6,357.58,65.90999999999997,76.41999999999996,xml_geometry_csv_action
BootPass_6,284,0,0,Position_Unknown,Team_Unknown,Action_PreSnap,1123.1,455.58,1171.79,569.69,48.690000000000055,114.11000000000007,xml_geometry_csv_action
BootPass_6,284,1,1,Position_Unknown,Team_Unknown,Action_PreSnap,1277.02,797.31,1342.85,939.36,65.82999999999993,142.05000000000007,xml_geometry_csv_action
BootPass_6,284,10,10,Position_Unknown,Team_Unknown,Action_PreSnap,1011.73,672.38,1062.31,791.2,50.57999999999993,118.82000000000005,xml_geometry_csv_action
BootPass_6,284,12,12,Position_Unknown,Team_Unknown,Action_PreSnap,1830.72,611.05,1892.2,740.94,61.48000000000002,129.8900000000001,xml_geometry_csv_action
BootPass_6,284,13,13,Position_Unknown,Team_Unknown,Action_PreSnap,1214.93,684.62,1278.99,813.34,64.05999999999995,128.72000000000003,xml_geometry_csv_action
BootPass_6,284,17,17,Position_Unknown,Team_Unknown,Action_PreSnap,1025.88,839.94,1084.15,990.89,58.26999999999998,150.94999999999993,xml_geometry_csv_action
BootPass_6,284,21,18,Position_Unknown,Team_Unknown,Action_PreSnap,1117.96,631.19,1166.19,773.01,48.23000000000002,141.81999999999994,xml_geometry_csv_action
BootPass_6,284,2,2,Position_Unknown,Team_Unknown,Action_PreSnap,988.16,814.93,1043.08,963.64,54.91999999999996,148.71000000000004,xml_geometry_csv_action
BootPass_6,284,31,23,Position_Unknown,Team_Unknown,Action_PreSnap,1172.95,877.07,1242.93,1029.5,69.98000000000002,152.42999999999995,xml_geometry_csv_action
BootPass_6,284,35,27,Position_Unknown,Team_Unknown,Action_PreSnap,1280.5,723.89,1340.65,835.25,60.15000000000009,111.36000000000001,xml_geometry_csv_action
BootPass_6,284,3,3,Position_Unknown,Team_Unknown,Action_PreSnap,1370.08,783.83,1429.17,929.9,59.090000000000146,146.06999999999994,xml_geometry_csv_action
BootPass_6,284,42,31,Position_Unknown,Team_Unknown,Action_PreSnap,1092.05,276.16,1157.43,362.64,65.38000000000011,86.47999999999996,xml_geometry_csv_action
BootPass_6,284,45,32,Position_Unknown,Team_Unknown,Action_PreSnap,948.06,496.24,994.35,605.12,46.29000000000008,108.88,xml_geometry_csv_action
BootPass_6,284,46,33,Position_Unknown,Team_Unknown,Action_PreSnap,789.57,407.77,835.46,507.69,45.889999999999986,99.92000000000002,xml_geometry_csv_action
BootPass_6,284,47,34,Position_Unknown,Team_Unknown,Action_PreSnap,683.0,684.85,727.53,819.56,44.52999999999997,134.70999999999992,xml_geometry_csv_action
BootPass_6,284,48,35,Position_Unknown,Team_Unknown,Action_PreSnap,459.12,786.69,517.21,939.76,58.09000000000003,153.06999999999994,xml_geometry_csv_action
BootPass_6,284,51,37,Position_Unknown,Team_Unknown,Action_PreSnap,714.29,712.89,770.12,850.54,55.83000000000004,137.64999999999998,xml_geometry_csv_action
BootPass_6,284,53,38,Position_Unknown,Team_Unknown,Action_PreSnap,1162.83,613.45,1221.12,742.24,58.289999999999964,128.78999999999996,xml_geometry_csv_action
BootPass_6,284,5,5,Position_Unknown,Team_Unknown,Action_PreSnap,610.43,572.31,662.42,691.74,51.99000000000001,119.43000000000006,xml_geometry_csv_action
BootPass_6,284,6,6,Position_Unknown,Team_Unknown,Action_PreSnap,424.67,738.61,482.35,879.2,57.68000000000001,140.59000000000003,xml_geometry_csv_action
BootPass_6,284,8,8,Position_Unknown,Team_Unknown,Action_PreSnap,874.48,287.57,935.49,358.66,61.00999999999999,71.09000000000003,xml_geometry_csv_action
BootPass_6,285,0,0,Position_Unknown,Team_Unknown,Action_PreSnap,1124.33,455.29,1172.04,567.87,47.710000000000036,112.57999999999998,xml_geometry_csv_action
BootPass_6,285,1,1,Position_Unknown,Team_Unknown,Action_PreSnap,1280.72,792.27,1346.95,935.47,66.23000000000002,143.20000000000005,xml_geometry_csv_action
BootPass_6,285,10,10,Position_Unknown,Team_Unknown,Action_PreSnap,1012.09,669.64,1062.72,784.0,50.629999999999995,114.36000000000001,xml_geometry_csv_action
BootPass_6,285,12,12,Position_Unknown,Team_Unknown,Action_PreSnap,1825.48,605.75,1887.52,736.89,62.039999999999964,131.14,xml_geometry_csv_action
BootPass_6,285,13,13,Position_Unknown,Team_Unknown,Action_PreSnap,1219.69,681.38,1281.6,808.32,61.909999999999854,126.94000000000005,xml_geometry_csv_action
BootPass_6,285,17,17,Position_Unknown,Team_Unknown,Action_PreSnap,1028.71,836.5,1086.07,986.45,57.3599999999999,149.95000000000005,xml_geometry_csv_action
BootPass_6,285,21,18,Position_Unknown,Team_Unknown,Action_PreSnap,1121.15,629.9,1169.01,771.38,47.8599999999999,141.48000000000002,xml_geometry_csv_action
BootPass_6,285,2,2,Position_Unknown,Team_Unknown,Action_PreSnap,990.08,811.84,1045.62,958.73,55.53999999999985,146.89,xml_geometry_csv_action
BootPass_6,285,31,23,Position_Unknown,Team_Unknown,Action_PreSnap,1180.77,872.71,1246.19,1024.13,65.42000000000007,151.42000000000007,xml_geometry_csv_action
BootPass_6,285,35,27,Position_Unknown,Team_Unknown,Action_PreSnap,1286.64,719.9,1343.57,823.09,56.929999999999836,103.19000000000005,xml_geometry_csv_action
BootPass_6,285,3,3,Position_Unknown,Team_Unknown,Action_PreSnap,1369.02,780.1,1427.72,925.66,58.700000000000045,145.55999999999995,xml_geometry_csv_action
BootPass_6,285,42,31,Position_Unknown,Team_Unknown,Action_PreSnap,1083.68,276.36,1152.16,360.05,68.48000000000002,83.69,xml_geometry_csv_action
BootPass_6,285,45,32,Position_Unknown,Team_Unknown,Action_PreSnap,951.84,498.03,997.66,606.43,45.819999999999936,108.39999999999998,xml_geometry_csv_action
BootPass_6,285,46,33,Position_Unknown,Team_Unknown,Action_PreSnap,793.46,406.63,838.56,508.85,45.09999999999991,102.22000000000003,xml_geometry_csv_action
BootPass_6,285,47,34,Position_Unknown,Team_Unknown,Action_PreSnap,689.44,680.27,734.29,814.09,44.84999999999991,133.82000000000005,xml_geometry_csv_action
BootPass_6,285,48,35,Position_Unknown,Team_Unknown,Action_PreSnap,467.51,783.99,524.72,935.54,57.210000000000036,151.54999999999995,xml_geometry_csv_action
BootPass_6,285,51,37,Position_Unknown,Team_Unknown,Action_PreSnap,721.41,709.57,776.12,845.7,54.710000000000036,136.13,xml_geometry_csv_action
BootPass_6,285,53,38,Position_Unknown,Team_Unknown,Action_PreSnap,1164.45,611.65,1221.78,742.52,57.32999999999993,130.87,xml_geometry_csv_action
BootPass_6,285,58,41,Position_Unknown,Team_Unknown,Action_PreSnap,891.13,277.15,928.23,349.23,37.10000000000002,72.08000000000004,xml_geometry_csv_action
BootPass_6,285,5,5,Position_Unknown,Team_Unknown,Action_PreSnap,616.26,569.15,668.9,689.16,52.639999999999986,120.00999999999999,xml_geometry_csv_action
BootPass_6,285,6,6,Position_Unknown,Team_Unknown,Action_PreSnap,435.73,735.6,490.57,873.61,54.839999999999975,138.01,xml_geometry_csv_action
BootPass_6,285,8,8,Position_Unknown,Team_Unknown,Action_PreSnap,870.56,289.69,924.02,359.16,53.460000000000036,69.47000000000003,xml_geometry_csv_action
BootPass_6,286,0,0,Position_Unknown,Team_Unknown,Action_PreSnap,1124.57,455.02,1172.08,566.89,47.50999999999999,111.87,xml_geometry_csv_action
BootPass_6,286,1,1,Position_Unknown,Team_Unknown,Action_PreSnap,1282.79,789.43,1349.75,931.54,66.96000000000004,142.11,xml_geometry_csv_action
BootPass_6,286,12,12,Position_Unknown,Team_Unknown,Action_PreSnap,1820.41,602.68,1881.49,731.94,61.07999999999993,129.2600000000001,xml_geometry_csv_action
BootPass_6,286,13,13,Position_Unknown,Team_Unknown,Action_PreSnap,1221.24,678.81,1284.43,807.2,63.190000000000055,128.3900000000001,xml_geometry_csv_action
BootPass_6,286,17,17,Position_Unknown,Team_Unknown,Action_PreSnap,1030.12,833.75,1087.75,982.79,57.63000000000011,149.03999999999996,xml_geometry_csv_action
BootPass_6,286,21,18,Position_Unknown,Team_Unknown,Action_PreSnap,1123.7,628.51,1171.01,769.43,47.309999999999945,140.91999999999996,xml_geometry_csv_action
BootPass_6,286,2,2,Position_Unknown,Team_Unknown,Action_PreSnap,991.35,809.95,1047.01,955.03,55.65999999999997,145.07999999999993,xml_geometry_csv_action
BootPass_6,286,31,23,Position_Unknown,Team_Unknown,Action_PreSnap,1186.33,869.01,1249.85,1020.72,63.51999999999998,151.71000000000004,xml_geometry_csv_action
BootPass_6,286,35,27,Position_Unknown,Team_Unknown,Action_PreSnap,1290.17,717.46,1345.71,820.76,55.539999999999964,103.29999999999995,xml_geometry_csv_action
BootPass_6,286,3,3,Position_Unknown,Team_Unknown,Action_PreSnap,1367.75,777.95,1425.65,922.6,57.90000000000009,144.64999999999998,xml_geometry_csv_action
BootPass_6,286,42,31,Position_Unknown,Team_Unknown,Action_PreSnap,1076.68,278.35,1143.77,360.15,67.08999999999992,81.79999999999995,xml_geometry_csv_action
BootPass_6,286,45,32,Position_Unknown,Team_Unknown,Action_PreSnap,954.15,498.93,1000.26,605.49,46.110000000000014,106.56,xml_geometry_csv_action
BootPass_6,286,46,33,Position_Unknown,Team_Unknown,Action_PreSnap,795.25,405.66,840.43,507.89,45.17999999999995,102.22999999999996,xml_geometry_csv_action
BootPass_6,286,47,34,Position_Unknown,Team_Unknown,Action_PreSnap,697.2,677.0,741.11,810.67,43.90999999999997,133.66999999999996,xml_geometry_csv_action
BootPass_6,286,48,35,Position_Unknown,Team_Unknown,Action_PreSnap,475.29,780.75,532.26,932.4,56.96999999999997,151.64999999999998,xml_geometry_csv_action
BootPass_6,286,51,37,Position_Unknown,Team_Unknown,Action_PreSnap,728.17,706.3,781.83,842.33,53.66000000000008,136.0300000000001,xml_geometry_csv_action
BootPass_6,286,53,38,Position_Unknown,Team_Unknown,Action_PreSnap,1165.73,609.49,1223.03,739.14,57.299999999999955,129.64999999999998,xml_geometry_csv_action
BootPass_6,286,58,41,Position_Unknown,Team_Unknown,Action_PreSnap,888.32,279.53,922.65,351.68,34.32999999999993,72.15000000000003,xml_geometry_csv_action
BootPass_6,286,5,5,Position_Unknown,Team_Unknown,Action_PreSnap,622.14,565.56,673.87,686.36,51.73000000000002,120.80000000000007,xml_geometry_csv_action
BootPass_6,286,6,6,Position_Unknown,Team_Unknown,Action_PreSnap,444.58,733.17,498.06,869.62,53.48000000000002,136.45000000000005,xml_geometry_csv_action
BootPass_6,286,8,8,Position_Unknown,Team_Unknown,Action_PreSnap,866.32,290.32,916.71,360.22,50.389999999999986,69.90000000000003,xml_geometry_csv_action
BootPass_6,287,0,0,Position_Unknown,Team_Unknown,Action_PreSnap,1125.51,453.52,1171.94,565.47,46.430000000000064,111.95000000000005,xml_geometry_csv_action
BootPass_6,287,1,1,Position_Unknown,Team_Unknown,Action_PreSnap,1286.05,786.96,1351.95,926.31,65.90000000000009,139.3499999999999,xml_geometry_csv_action
BootPass_6,287,12,12,Position_Unknown,Team_Unknown,Action_PreSnap,1816.41,600.51,1874.46,724.39,58.049999999999955,123.88,xml_geometry_csv_action
BootPass_6,287,13,13,Position_Unknown,Team_Unknown,Action_PreSnap,1226.08,676.02,1287.19,804.56,61.11000000000013,128.53999999999996,xml_geometry_csv_action
BootPass_6,287,17,17,Position_Unknown,Team_Unknown,Action_PreSnap,1032.14,831.12,1089.96,979.56,57.819999999999936,148.43999999999994,xml_geometry_csv_action
BootPass_6,287,21,18,Position_Unknown,Team_Unknown,Action_PreSnap,1126.16,626.57,1173.13,767.35,46.97000000000003,140.77999999999997,xml_geometry_csv_action
BootPass_6,287,2,2,Position_Unknown,Team_Unknown,Action_PreSnap,992.52,807.29,1048.94,951.41,56.42000000000007,144.12,xml_geometry_csv_action
BootPass_6,287,31,23,Position_Unknown,Team_Unknown,Action_PreSnap,1190.68,864.6,1252.91,1016.57,62.23000000000002,151.97000000000003,xml_geometry_csv_action
BootPass_6,287,35,27,Position_Unknown,Team_Unknown,Action_PreSnap,1294.53,714.86,1348.85,820.63,54.319999999999936,105.76999999999998,xml_geometry_csv_action
BootPass_6,287,3,3,Position_Unknown,Team_Unknown,Action_PreSnap,1367.2,775.85,1423.08,917.42,55.87999999999988,141.56999999999994,xml_geometry_csv_action
BootPass_6,287,42,31,Position_Unknown,Team_Unknown,Action_PreSnap,1072.53,279.53,1129.0,360.69,56.47000000000003,81.16000000000003,xml_geometry_csv_action
BootPass_6,287,45,32,Position_Unknown,Team_Unknown,Action_PreSnap,956.57,499.72,1002.69,605.09,46.120000000000005,105.37,xml_geometry_csv_action
BootPass_6,287,46,33,Position_Unknown,Team_Unknown,Action_PreSnap,797.73,403.04,843.01,505.12,45.27999999999997,102.07999999999998,xml_geometry_csv_action
BootPass_6,287,47,34,Position_Unknown,Team_Unknown,Action_PreSnap,703.52,673.51,747.06,805.58,43.539999999999964,132.07000000000005,xml_geometry_csv_action
BootPass_6,287,48,35,Position_Unknown,Team_Unknown,Action_PreSnap,482.02,777.37,539.66,927.97,57.639999999999986,150.60000000000002,xml_geometry_csv_action
BootPass_6,287,51,37,Position_Unknown,Team_Unknown,Action_PreSnap,733.08,702.68,786.25,838.46,53.16999999999996,135.7800000000001,xml_geometry_csv_action
BootPass_6,287,53,38,Position_Unknown,Team_Unknown,Action_PreSnap,1167.64,606.93,1224.45,736.23,56.809999999999945,129.30000000000007,xml_geometry_csv_action
BootPass_6,287,58,41,Position_Unknown,Team_Unknown,Action_PreSnap,883.79,280.58,918.01,357.16,34.22000000000003,76.58000000000004,xml_geometry_csv_action
BootPass_6,287,5,5,Position_Unknown,Team_Unknown,Action_PreSnap,629.27,561.31,679.91,682.02,50.639999999999986,120.71000000000004,xml_geometry_csv_action
BootPass_6,287,6,6,Position_Unknown,Team_Unknown,Action_PreSnap,452.22,730.54,505.1,864.06,52.879999999999995,133.51999999999998,xml_geometry_csv_action
BootPass_6,287,8,8,Position_Unknown,Team_Unknown,Action_PreSnap,862.53,289.43,908.88,358.98,46.35000000000002,69.55000000000001,xml_geometry_csv_action
BootPass_6,288,0,0,Position_Unknown,Team_Unknown,Action_PreSnap,1125.81,451.39,1171.35,563.0,45.539999999999964,111.61000000000001,xml_geometry_csv_action
BootPass_6,288,1,1,Position_Unknown,Team_Unknown,Action_PreSnap,1288.36,786.01,1352.64,920.91,64.2800000000002,134.89999999999998,xml_geometry_csv_action
BootPass_6,288,10,10,Position_Unknown,Team_Unknown,Action_PreSnap,1000.21,665.97,1052.15,777.95,51.940000000000055,111.98000000000002,xml_geometry_csv_action
BootPass_6,288,12,12,Position_Unknown,Team_Unknown,Action_PreSnap,1810.58,598.43,1867.29,718.84,56.710000000000036,120.41000000000008,xml_geometry_csv_action
BootPass_6,288,13,13,Position_Unknown,Team_Unknown,Action_PreSnap,1231.0,673.62,1288.49,802.61,57.49000000000001,128.99,xml_geometry_csv_action
BootPass_6,288,17,17,Position_Unknown,Team_Unknown,Action_PreSnap,1034.32,828.65,1091.3,976.61,56.98000000000002,147.96000000000004,xml_geometry_csv_action
BootPass_6,288,21,18,Position_Unknown,Team_Unknown,Action_PreSnap,1128.66,626.01,1175.67,765.84,47.00999999999999,139.83000000000004,xml_geometry_csv_action
BootPass_6,288,2,2,Position_Unknown,Team_Unknown,Action_PreSnap,993.84,804.9,1050.18,948.14,56.34000000000003,143.24,xml_geometry_csv_action
BootPass_6,288,31,23,Position_Unknown,Team_Unknown,Action_PreSnap,1193.96,861.86,1255.32,1012.43,61.3599999999999,150.56999999999994,xml_geometry_csv_action
BootPass_6,288,35,27,Position_Unknown,Team_Unknown,Action_PreSnap,1296.35,712.58,1350.21,818.96,53.86000000000013,106.38,xml_geometry_csv_action
BootPass_6,288,3,3,Position_Unknown,Team_Unknown,Action_PreSnap,1365.22,773.87,1419.9,912.11,54.680000000000064,138.24,xml_geometry_csv_action
BootPass_6,288,42,31,Position_Unknown,Team_Unknown,Action_PreSnap,1064.46,281.08,1113.26,362.89,48.799999999999955,81.81,xml_geometry_csv_action
BootPass_6,288,45,32,Position_Unknown,Team_Unknown,Action_PreSnap,957.84,500.01,1003.13,603.61,45.289999999999964,103.60000000000002,xml_geometry_csv_action
BootPass_6,288,46,33,Position_Unknown,Team_Unknown,Action_PreSnap,799.47,401.13,845.31,504.02,45.83999999999992,102.88999999999999,xml_geometry_csv_action
BootPass_6,288,47,34,Position_Unknown,Team_Unknown,Action_PreSnap,708.59,670.86,752.34,801.09,43.75,130.23000000000002,xml_geometry_csv_action
BootPass_6,288,48,35,Position_Unknown,Team_Unknown,Action_PreSnap,487.6,774.2,545.4,924.57,57.799999999999955,150.37,xml_geometry_csv_action
BootPass_6,288,51,37,Position_Unknown,Team_Unknown,Action_PreSnap,738.77,699.93,789.57,835.18,50.80000000000007,135.25,xml_geometry_csv_action
BootPass_6,288,53,38,Position_Unknown,Team_Unknown,Action_PreSnap,1167.85,605.14,1224.28,734.78,56.430000000000064,129.64,xml_geometry_csv_action
BootPass_6,288,58,41,Position_Unknown,Team_Unknown,Action_PreSnap,880.25,282.02,915.85,357.5,35.60000000000002,75.48000000000002,xml_geometry_csv_action
BootPass_6,288,5,5,Position_Unknown,Team_Unknown,Action_PreSnap,635.07,558.33,684.73,676.29,49.65999999999997,117.95999999999992,xml_geometry_csv_action
BootPass_6,288,6,6,Position_Unknown,Team_Unknown,Action_PreSnap,459.88,727.91,511.45,857.94,51.56999999999999,130.0300000000001,xml_geometry_csv_action
BootPass_6,288,8,8,Position_Unknown,Team_Unknown,Action_PreSnap,859.02,290.32,905.13,360.41,46.110000000000014,70.09000000000003,xml_geometry_csv_action
BootPass_6,289,0,0,Position_Unknown,Team_Unknown,Action_PreSnap,1125.66,448.67,1171.03,559.58,45.36999999999989,110.91000000000003,xml_geometry_csv_action
BootPass_6,289,1,1,Position_Unknown,Team_Unknown,Action_PreSnap,1292.21,783.97,1353.1,914.5,60.88999999999987,130.52999999999997,xml_geometry_csv_action
BootPass_6,289,10,10,Position_Unknown,Team_Unknown,Action_PreSnap,996.94,663.4,1049.95,773.65,53.00999999999999,110.25,xml_geometry_csv_action
BootPass_6,289,12,12,Position_Unknown,Team_Unknown,Action_PreSnap,1804.85,596.76,1861.49,715.17,56.6400000000001,118.40999999999997,xml_geometry_csv_action
BootPass_6,289,13,13,Position_Unknown,Team_Unknown,Action_PreSnap,1236.34,670.85,1290.09,800.3,53.75,129.44999999999993,xml_geometry_csv_action
BootPass_6,289,17,17,Position_Unknown,Team_Unknown,Action_PreSnap,1037.89,826.03,1093.92,972.87,56.02999999999997,146.84000000000003,xml_geometry_csv_action
BootPass_6,289,21,18,Position_Unknown,Team_Unknown,Action_PreSnap,1130.36,623.96,1176.58,761.33,46.22000000000003,137.37,xml_geometry_csv_action
BootPass_6,289,2,2,Position_Unknown,Team_Unknown,Action_PreSnap,996.08,801.43,1052.03,943.5,55.94999999999993,142.07000000000005,xml_geometry_csv_action
BootPass_6,289,31,23,Position_Unknown,Team_Unknown,Action_PreSnap,1196.8,858.63,1257.57,1007.94,60.76999999999998,149.31000000000006,xml_geometry_csv_action
BootPass_6,289,35,27,Position_Unknown,Team_Unknown,Action_PreSnap,1298.94,710.28,1351.34,815.41,52.399999999999864,105.13,xml_geometry_csv_action
BootPass_6,289,3,3,Position_Unknown,Team_Unknown,Action_PreSnap,1364.57,770.7,1417.97,906.45,53.40000000000009,135.75,xml_geometry_csv_action
BootPass_6,289,42,31,Position_Unknown,Team_Unknown,Action_PreSnap,1055.52,282.23,1102.33,363.32,46.809999999999945,81.08999999999997,xml_geometry_csv_action
BootPass_6,289,45,32,Position_Unknown,Team_Unknown,Action_PreSnap,959.02,498.88,1005.16,601.33,46.139999999999986,102.45000000000005,xml_geometry_csv_action
BootPass_6,289,46,33,Position_Unknown,Team_Unknown,Action_PreSnap,800.73,399.24,846.5,497.43,45.76999999999998,98.19,xml_geometry_csv_action
BootPass_6,289,47,34,Position_Unknown,Team_Unknown,Action_PreSnap,714.93,668.24,759.21,795.91,44.280000000000086,127.66999999999996,xml_geometry_csv_action
BootPass_6,289,48,35,Position_Unknown,Team_Unknown,Action_PreSnap,494.9,770.25,552.81,919.49,57.90999999999997,149.24,xml_geometry_csv_action
BootPass_6,289,51,37,Position_Unknown,Team_Unknown,Action_PreSnap,744.53,697.2,794.44,831.32,49.91000000000008,134.12,xml_geometry_csv_action
BootPass_6,289,53,38,Position_Unknown,Team_Unknown,Action_PreSnap,1167.95,603.1,1223.57,733.91,55.61999999999989,130.80999999999995,xml_geometry_csv_action
BootPass_6,289,58,41,Position_Unknown,Team_Unknown,Action_PreSnap,875.31,281.44,917.11,359.33,41.80000000000007,77.88999999999999,xml_geometry_csv_action
BootPass_6,289,5,5,Position_Unknown,Team_Unknown,Action_PreSnap,639.95,555.35,690.51,671.17,50.559999999999945,115.81999999999994,xml_geometry_csv_action
BootPass_6,289,6,6,Position_Unknown,Team_Unknown,Action_PreSnap,466.35,724.04,518.63,852.22,52.27999999999997,128.18000000000006,xml_geometry_csv_action
BootPass_6,289,8,8,Position_Unknown,Team_Unknown,Action_PreSnap,854.48,290.11,901.07,361.1,46.59000000000003,70.99000000000001,xml_geometry_csv_action
BootPass_6,290,0,0,Position_Unknown,Team_Unknown,Action_PreSnap,1125.79,446.39,1170.34,557.71,44.549999999999955,111.32000000000005,xml_geometry_csv_action
BootPass_6,290,1,1,Position_Unknown,Team_Unknown,Action_PreSnap,1296.34,781.46,1353.03,909.44,56.690000000000055,127.98000000000002,xml_geometry_csv_action
BootPass_6,290,10,10,Position_Unknown,Team_Unknown,Action_PreSnap,995.47,658.98,1048.92,770.5,53.450000000000045,111.51999999999998,xml_geometry_csv_action
BootPass_6,290,12,12,Position_Unknown,Team_Unknown,Action_PreSnap,1798.29,593.25,1853.47,713.06,55.180000000000064,119.80999999999995,xml_geometry_csv_action
BootPass_6,290,13,13,Position_Unknown,Team_Unknown,Action_PreSnap,1239.06,668.94,1291.3,797.44,52.24000000000001,128.5,xml_geometry_csv_action
BootPass_6,290,17,17,Position_Unknown,Team_Unknown,Action_PreSnap,1041.74,823.14,1095.72,968.65,53.98000000000002,145.51,xml_geometry_csv_action
BootPass_6,290,21,18,Position_Unknown,Team_Unknown,Action_PreSnap,1131.53,622.1,1177.94,758.39,46.41000000000008,136.28999999999996,xml_geometry_csv_action
BootPass_6,290,2,2,Position_Unknown,Team_Unknown,Action_PreSnap,997.59,798.3,1053.56,938.07,55.969999999999914,139.7700000000001,xml_geometry_csv_action
BootPass_6,290,31,23,Position_Unknown,Team_Unknown,Action_PreSnap,1199.07,855.52,1258.75,1002.88,59.680000000000064,147.36,xml_geometry_csv_action
BootPass_6,290,35,27,Position_Unknown,Team_Unknown,Action_PreSnap,1302.73,708.45,1353.61,814.57,50.87999999999988,106.12,xml_geometry_csv_action
BootPass_6,290,3,3,Position_Unknown,Team_Unknown,Action_PreSnap,1363.47,766.87,1415.12,900.43,51.649999999999864,133.55999999999995,xml_geometry_csv_action
BootPass_6,290,42,31,Position_Unknown,Team_Unknown,Action_PreSnap,1045.53,282.09,1097.09,363.4,51.559999999999945,81.31,xml_geometry_csv_action
BootPass_6,290,45,32,Position_Unknown,Team_Unknown,Action_PreSnap,958.82,497.29,1005.31,599.15,46.489999999999895,101.85999999999996,xml_geometry_csv_action
BootPass_6,290,46,33,Position_Unknown,Team_Unknown,Action_PreSnap,802.44,398.42,847.4,493.77,44.95999999999992,95.34999999999997,xml_geometry_csv_action
BootPass_6,290,47,34,Position_Unknown,Team_Unknown,Action_PreSnap,720.46,666.22,765.18,789.69,44.719999999999914,123.47000000000003,xml_geometry_csv_action
BootPass_6,290,48,35,Position_Unknown,Team_Unknown,Action_PreSnap,501.56,767.02,558.42,914.54,56.85999999999996,147.51999999999998,xml_geometry_csv_action
BootPass_6,290,51,37,Position_Unknown,Team_Unknown,Action_PreSnap,747.45,695.27,798.56,828.7,51.1099999999999,133.43000000000006,xml_geometry_csv_action
BootPass_6,290,53,38,Position_Unknown,Team_Unknown,Action_PreSnap,1168.15,601.06,1223.01,732.61,54.8599999999999,131.55000000000007,xml_geometry_csv_action
BootPass_6,290,58,41,Position_Unknown,Team_Unknown,Action_PreSnap,871.13,282.85,918.56,359.95,47.42999999999995,77.09999999999997,xml_geometry_csv_action
BootPass_6,290,5,5,Position_Unknown,Team_Unknown,Action_PreSnap,645.19,552.61,695.61,666.06,50.41999999999996,113.44999999999993,xml_geometry_csv_action
BootPass_6,290,6,6,Position_Unknown,Team_Unknown,Action_PreSnap,473.09,720.8,524.42,844.88,51.329999999999984,124.08000000000004,xml_geometry_csv_action
BootPass_6,290,8,8,Position_Unknown,Team_Unknown,Action_PreSnap,849.64,290.91,896.77,362.97,47.129999999999995,72.06,xml_geometry_csv_action
BootPass_6,291,0,0,Position_Unknown,Team_Unknown,Action_PreSnap,1125.69,444.11,1170.97,555.22,45.27999999999997,111.11000000000001,xml_geometry_csv_action
BootPass_6,291,1,1,Position_Unknown,Team_Unknown,Action_PreSnap,1300.92,777.28,1355.51,905.83,54.58999999999992,128.55000000000007,xml_geometry_csv_action
BootPass_6,291,10,10,Position_Unknown,Team_Unknown,Action_PreSnap,993.93,654.59,1048.15,767.07,54.22000000000014,112.48000000000002,xml_geometry_csv_action
BootPass_6,291,12,12,Position_Unknown,Team_Unknown,Action_PreSnap,1793.35,589.17,1847.42,710.79,54.070000000000164,121.62,xml_geometry_csv_action
BootPass_6,291,13,13,Position_Unknown,Team_Unknown,Action_PreSnap,1239.52,666.24,1292.86,793.96,53.33999999999992,127.72000000000003,xml_geometry_csv_action
BootPass_6,291,17,17,Position_Unknown,Team_Unknown,Action_PreSnap,1044.8,821.01,1097.97,965.33,53.17000000000007,144.32000000000005,xml_geometry_csv_action
BootPass_6,291,21,18,Position_Unknown,Team_Unknown,Action_PreSnap,1132.81,620.03,1179.49,756.06,46.680000000000064,136.02999999999997,xml_geometry_csv_action
BootPass_6,291,2,2,Position_Unknown,Team_Unknown,Action_PreSnap,999.21,794.51,1055.72,933.36,56.50999999999999,138.85000000000002,xml_geometry_csv_action
BootPass_6,291,31,23,Position_Unknown,Team_Unknown,Action_PreSnap,1200.48,852.33,1260.62,998.87,60.13999999999987,146.53999999999996,xml_geometry_csv_action
BootPass_6,291,35,27,Position_Unknown,Team_Unknown,Action_PreSnap,1305.24,706.23,1356.33,811.97,51.08999999999992,105.74000000000001,xml_geometry_csv_action
BootPass_6,291,3,3,Position_Unknown,Team_Unknown,Action_PreSnap,1362.44,763.08,1412.77,895.57,50.32999999999993,132.49,xml_geometry_csv_action
BootPass_6,291,42,31,Position_Unknown,Team_Unknown,Action_PreSnap,1035.77,281.45,1093.52,363.91,57.75,82.46000000000004,xml_geometry_csv_action
BootPass_6,291,45,32,Position_Unknown,Team_Unknown,Action_PreSnap,957.98,495.12,1004.79,596.74,46.809999999999945,101.62,xml_geometry_csv_action
BootPass_6,291,46,33,Position_Unknown,Team_Unknown,Action_PreSnap,804.31,397.73,849.17,492.9,44.860000000000014,95.16999999999996,xml_geometry_csv_action
BootPass_6,291,47,34,Position_Unknown,Team_Unknown,Action_PreSnap,725.05,664.38,771.26,784.1,46.210000000000036,119.72000000000003,xml_geometry_csv_action
BootPass_6,291,48,35,Position_Unknown,Team_Unknown,Action_PreSnap,508.44,763.75,563.81,910.03,55.36999999999995,146.27999999999997,xml_geometry_csv_action
BootPass_6,291,51,37,Position_Unknown,Team_Unknown,Action_PreSnap,752.0,694.14,802.42,826.26,50.41999999999996,132.12,xml_geometry_csv_action
BootPass_6,291,53,38,Position_Unknown,Team_Unknown,Action_PreSnap,1168.68,599.03,1222.71,729.86,54.02999999999997,130.83000000000004,xml_geometry_csv_action
BootPass_6,291,58,41,Position_Unknown,Team_Unknown,Action_PreSnap,867.18,282.66,918.94,359.92,51.760000000000105,77.25999999999999,xml_geometry_csv_action
BootPass_6,291,5,5,Position_Unknown,Team_Unknown,Action_PreSnap,650.93,551.21,701.44,663.86,50.510000000000105,112.64999999999998,xml_geometry_csv_action
BootPass_6,291,6,6,Position_Unknown,Team_Unknown,Action_PreSnap,480.37,717.62,531.26,839.94,50.889999999999986,122.32000000000005,xml_geometry_csv_action
BootPass_6,291,8,8,Position_Unknown,Team_Unknown,Action_PreSnap,844.96,291.23,892.21,364.19,47.25,72.95999999999998,xml_geometry_csv_action
BootPass_6,292,0,0,Position_Unknown,Team_Unknown,Action_PreSnap,1126.05,442.52,1171.86,549.76,45.809999999999945,107.24000000000001,xml_geometry_csv_action
BootPass_6,292,1,1,Position_Unknown,Team_Unknown,Action_PreSnap,1304.75,771.93,1358.3,901.92,53.549999999999955,129.99,xml_geometry_csv_action
BootPass_6,292,10,10,Position_Unknown,Team_Unknown,Action_PreSnap,992.14,652.18,1045.73,762.56,53.59000000000003,110.38,xml_geometry_csv_action
BootPass_6,292,12,12,Position_Unknown,Team_Unknown,Action_PreSnap,1790.26,584.86,1842.36,706.9,52.09999999999991,122.03999999999996,xml_geometry_csv_action
BootPass_6,292,13,13,Position_Unknown,Team_Unknown,Action_PreSnap,1241.86,665.43,1295.15,790.03,53.29000000000019,124.60000000000002,xml_geometry_csv_action
BootPass_6,292,17,17,Position_Unknown,Team_Unknown,Action_PreSnap,1046.9,818.52,1100.26,963.15,53.3599999999999,144.63,xml_geometry_csv_action
BootPass_6,292,21,18,Position_Unknown,Team_Unknown,Action_PreSnap,1136.08,618.63,1182.28,753.92,46.200000000000045,135.28999999999996,xml_geometry_csv_action
BootPass_6,292,2,2,Position_Unknown,Team_Unknown,Action_PreSnap,1002.03,791.74,1057.08,927.67,55.049999999999955,135.92999999999995,xml_geometry_csv_action
BootPass_6,292,31,23,Position_Unknown,Team_Unknown,Action_PreSnap,1204.12,849.49,1263.47,995.13,59.350000000000136,145.64,xml_geometry_csv_action
BootPass_6,292,35,27,Position_Unknown,Team_Unknown,Action_PreSnap,1309.31,704.66,1360.04,810.55,50.73000000000002,105.88999999999999,xml_geometry_csv_action
BootPass_6,292,3,3,Position_Unknown,Team_Unknown,Action_PreSnap,1361.8,757.87,1411.36,891.15,49.559999999999945,133.27999999999997,xml_geometry_csv_action
BootPass_6,292,42,31,Position_Unknown,Team_Unknown,Action_PreSnap,1027.58,283.6,1087.75,359.82,60.17000000000007,76.21999999999997,xml_geometry_csv_action
BootPass_6,292,45,32,Position_Unknown,Team_Unknown,Action_PreSnap,958.6,492.44,1002.47,585.45,43.870000000000005,93.01000000000005,xml_geometry_csv_action
BootPass_6,292,46,33,Position_Unknown,Team_Unknown,Action_PreSnap,806.64,397.53,853.08,491.97,46.440000000000055,94.44000000000005,xml_geometry_csv_action
BootPass_6,292,47,34,Position_Unknown,Team_Unknown,Action_PreSnap,729.53,662.76,776.14,778.85,46.610000000000014,116.09000000000003,xml_geometry_csv_action
BootPass_6,292,48,35,Position_Unknown,Team_Unknown,Action_PreSnap,516.14,760.13,570.98,904.83,54.84000000000003,144.70000000000005,xml_geometry_csv_action
BootPass_6,292,51,37,Position_Unknown,Team_Unknown,Action_PreSnap,756.33,690.7,806.31,823.09,49.979999999999905,132.39,xml_geometry_csv_action
BootPass_6,292,53,38,Position_Unknown,Team_Unknown,Action_PreSnap,1170.46,597.61,1223.37,726.61,52.909999999999854,129.0,xml_geometry_csv_action
BootPass_6,292,58,41,Position_Unknown,Team_Unknown,Action_PreSnap,863.3,282.36,917.08,359.85,53.780000000000086,77.49000000000001,xml_geometry_csv_action
BootPass_6,292,5,5,Position_Unknown,Team_Unknown,Action_PreSnap,656.67,550.07,707.25,661.89,50.58000000000004,111.81999999999994,xml_geometry_csv_action
BootPass_6,292,6,6,Position_Unknown,Team_Unknown,Action_PreSnap,487.99,713.31,536.87,836.87,48.879999999999995,123.56000000000006,xml_geometry_csv_action
BootPass_6,292,8,8,Position_Unknown,Team_Unknown,Action_PreSnap,840.52,291.54,888.3,363.58,47.77999999999997,72.03999999999996,xml_geometry_csv_action
BootPass_6,293,0,0,Position_Unknown,Team_Unknown,Action_PreSnap,1126.85,441.28,1172.22,545.99,45.37000000000012,104.71000000000004,xml_geometry_csv_action
BootPass_6,293,1,1,Position_Unknown,Team_Unknown,Action_PreSnap,1308.98,767.19,1361.04,898.37,52.059999999999945,131.17999999999995,xml_geometry_csv_action
BootPass_6,293,10,10,Position_Unknown,Team_Unknown,Action_PreSnap,990.99,650.44,1043.43,759.49,52.440000000000055,109.04999999999995,xml_geometry_csv_action
BootPass_6,293,12,12,Position_Unknown,Team_Unknown,Action_PreSnap,1788.0,580.05,1839.86,702.24,51.8599999999999,122.19000000000005,xml_geometry_csv_action
BootPass_6,293,13,13,Position_Unknown,Team_Unknown,Action_PreSnap,1247.2,664.52,1298.65,786.76,51.450000000000045,122.24000000000001,xml_geometry_csv_action
BootPass_6,293,17,17,Position_Unknown,Team_Unknown,Action_PreSnap,1049.76,816.13,1102.85,960.6,53.08999999999992,144.47000000000003,xml_geometry_csv_action
BootPass_6,293,21,18,Position_Unknown,Team_Unknown,Action_PreSnap,1139.72,616.25,1185.16,749.64,45.440000000000055,133.39,xml_geometry_csv_action
BootPass_6,293,2,2,Position_Unknown,Team_Unknown,Action_PreSnap,1004.28,788.7,1058.66,923.78,54.38000000000011,135.07999999999993,xml_geometry_csv_action
BootPass_6,293,31,23,Position_Unknown,Team_Unknown,Action_PreSnap,1207.98,846.48,1267.07,991.44,59.08999999999992,144.96000000000004,xml_geometry_csv_action
BootPass_6,293,35,27,Position_Unknown,Team_Unknown,Action_PreSnap,1314.64,702.4,1364.11,804.36,49.4699999999998,101.96000000000004,xml_geometry_csv_action
BootPass_6,293,3,3,Position_Unknown,Team_Unknown,Action_PreSnap,1362.35,752.94,1411.03,887.82,48.680000000000064,134.88,xml_geometry_csv_action
BootPass_6,293,42,31,Position_Unknown,Team_Unknown,Action_PreSnap,1022.01,284.37,1080.39,356.73,58.38000000000011,72.36000000000001,xml_geometry_csv_action
BootPass_6,293,45,32,Position_Unknown,Team_Unknown,Action_PreSnap,959.52,490.37,1002.51,573.82,42.99000000000001,83.45000000000005,xml_geometry_csv_action
BootPass_6,293,46,33,Position_Unknown,Team_Unknown,Action_PreSnap,808.99,396.5,856.84,491.48,47.85000000000002,94.98000000000002,xml_geometry_csv_action
BootPass_6,293,47,34,Position_Unknown,Team_Unknown,Action_PreSnap,732.6,661.02,781.12,772.78,48.51999999999998,111.75999999999999,xml_geometry_csv_action
BootPass_6,293,48,35,Position_Unknown,Team_Unknown,Action_PreSnap,522.67,755.94,576.55,898.06,53.879999999999995,142.1199999999999,xml_geometry_csv_action
BootPass_6,293,51,37,Position_Unknown,Team_Unknown,Action_PreSnap,759.82,689.22,810.58,821.06,50.75999999999999,131.83999999999992,xml_geometry_csv_action
BootPass_6,293,53,38,Position_Unknown,Team_Unknown,Action_PreSnap,1173.07,596.68,1224.82,724.49,51.75,127.81000000000006,xml_geometry_csv_action
BootPass_6,293,58,41,Position_Unknown,Team_Unknown,Action_PreSnap,859.95,281.14,913.96,358.62,54.00999999999999,77.48000000000002,xml_geometry_csv_action
BootPass_6,293,5,5,Position_Unknown,Team_Unknown,Action_PreSnap,661.65,548.5,712.44,661.26,50.79000000000008,112.75999999999999,xml_geometry_csv_action
BootPass_6,293,6,6,Position_Unknown,Team_Unknown,Action_PreSnap,495.0,709.01,543.03,834.15,48.02999999999997,125.13999999999999,xml_geometry_csv_action
BootPass_6,293,8,8,Position_Unknown,Team_Unknown,Action_PreSnap,837.02,292.34,884.32,363.4,47.30000000000007,71.06,xml_geometry_csv_action
BootPass_6,294,0,0,Position_Unknown,Team_Unknown,Action_PreSnap,1128.06,439.9,1173.56,543.07,45.5,103.17000000000007,xml_geometry_csv_action
BootPass_6,294,1,1,Position_Unknown,Team_Unknown,Action_PreSnap,1313.96,764.14,1364.9,895.3,50.940000000000055,131.15999999999997,xml_geometry_csv_action
BootPass_6,294,10,10,Position_Unknown,Team_Unknown,Action_PreSnap,990.0,649.62,1038.34,758.0,48.33999999999992,108.38,xml_geometry_csv_action
BootPass_6,294,12,12,Position_Unknown,Team_Unknown,Action_PreSnap,1787.78,575.87,1839.26,698.05,51.48000000000002,122.17999999999995,xml_geometry_csv_action
BootPass_6,294,13,13,Position_Unknown,Team_Unknown,Action_PreSnap,1250.69,663.11,1303.11,785.9,52.419999999999845,122.78999999999996,xml_geometry_csv_action
BootPass_6,294,17,17,Position_Unknown,Team_Unknown,Action_PreSnap,1053.29,815.08,1106.65,958.87,53.36000000000013,143.78999999999996,xml_geometry_csv_action
BootPass_6,294,21,18,Position_Unknown,Team_Unknown,Action_PreSnap,1143.56,613.01,1189.26,745.11,45.700000000000045,132.10000000000002,xml_geometry_csv_action
BootPass_6,294,2,2,Position_Unknown,Team_Unknown,Action_PreSnap,1007.91,786.21,1061.26,919.2,53.35000000000002,132.99,xml_geometry_csv_action
BootPass_6,294,31,23,Position_Unknown,Team_Unknown,Action_PreSnap,1212.19,844.62,1270.66,987.9,58.47000000000003,143.27999999999997,xml_geometry_csv_action
BootPass_6,294,35,27,Position_Unknown,Team_Unknown,Action_PreSnap,1321.23,699.36,1368.45,798.82,47.22000000000003,99.46000000000004,xml_geometry_csv_action
BootPass_6,294,3,3,Position_Unknown,Team_Unknown,Action_PreSnap,1363.46,749.16,1412.07,883.79,48.6099999999999,134.63,xml_geometry_csv_action
BootPass_6,294,42,31,Position_Unknown,Team_Unknown,Action_PreSnap,1018.6,283.28,1066.22,358.17,47.620000000000005,74.89000000000004,xml_geometry_csv_action
BootPass_6,294,45,32,Position_Unknown,Team_Unknown,Action_PreSnap,961.6,487.5,1004.38,565.71,42.77999999999997,78.21000000000004,xml_geometry_csv_action
BootPass_6,294,46,33,Position_Unknown,Team_Unknown,Action_PreSnap,811.6,394.39,860.69,488.55,49.09000000000003,94.16000000000003,xml_geometry_csv_action
BootPass_6,294,47,34,Position_Unknown,Team_Unknown,Action_PreSnap,737.65,658.02,786.58,767.57,48.930000000000064,109.55000000000007,xml_geometry_csv_action
BootPass_6,294,48,35,Position_Unknown,Team_Unknown,Action_PreSnap,527.74,751.44,581.17,891.99,53.42999999999995,140.54999999999995,xml_geometry_csv_action
BootPass_6,294,51,37,Position_Unknown,Team_Unknown,Action_PreSnap,763.43,688.17,814.23,818.2,50.80000000000007,130.0300000000001,xml_geometry_csv_action
BootPass_6,294,53,38,Position_Unknown,Team_Unknown,Action_PreSnap,1175.69,594.92,1226.73,725.82,51.039999999999964,130.9000000000001,xml_geometry_csv_action
BootPass_6,294,58,41,Position_Unknown,Team_Unknown,Action_PreSnap,856.97,280.24,908.81,356.12,51.83999999999992,75.88,xml_geometry_csv_action
BootPass_6,294,5,5,Position_Unknown,Team_Unknown,Action_PreSnap,667.88,547.08,718.51,658.63,50.629999999999995,111.54999999999995,xml_geometry_csv_action
BootPass_6,294,6,6,Position_Unknown,Team_Unknown,Action_PreSnap,501.69,704.83,549.06,830.04,47.36999999999995,125.20999999999992,xml_geometry_csv_action
BootPass_6,294,8,8,Position_Unknown,Team_Unknown,Action_PreSnap,832.71,292.18,878.61,362.39,45.89999999999998,70.20999999999998,xml_geometry_csv_action
BootPass_6,295,0,0,Position_Unknown,Team_Unknown,Action_PreSnap,1129.54,439.64,1174.73,541.61,45.190000000000055,101.97000000000003,xml_geometry_csv_action
BootPass_6,295,1,1,Position_Unknown,Team_Unknown,Action_PreSnap,1319.86,762.16,1369.5,892.68,49.6400000000001,130.51999999999998,xml_geometry_csv_action
BootPass_6,295,10,10,Position_Unknown,Team_Unknown,Action_PreSnap,989.8,648.41,1036.53,756.25,46.73000000000002,107.84000000000003,xml_geometry_csv_action
BootPass_6,295,12,12,Position_Unknown,Team_Unknown,Action_PreSnap,1788.19,572.81,1840.06,693.15,51.86999999999989,120.34000000000003,xml_geometry_csv_action
BootPass_6,295,13,13,Position_Unknown,Team_Unknown,Action_PreSnap,1252.49,662.24,1309.19,784.83,56.700000000000045,122.59000000000003,xml_geometry_csv_action
BootPass_6,295,17,17,Position_Unknown,Team_Unknown,Action_PreSnap,1057.95,814.5,1111.43,957.82,53.48000000000002,143.32000000000005,xml_geometry_csv_action
BootPass_6,295,21,18,Position_Unknown,Team_Unknown,Action_PreSnap,1148.07,610.16,1193.67,742.31,45.600000000000136,132.14999999999998,xml_geometry_csv_action
BootPass_6,295,2,2,Position_Unknown,Team_Unknown,Action_PreSnap,1012.46,783.77,1064.93,913.23,52.47000000000003,129.46000000000004,xml_geometry_csv_action
BootPass_6,295,31,23,Position_Unknown,Team_Unknown,Action_PreSnap,1217.58,843.16,1274.88,985.86,57.30000000000018,142.70000000000005,xml_geometry_csv_action
BootPass_6,295,35,27,Position_Unknown,Team_Unknown,Action_PreSnap,1327.67,697.18,1373.29,796.02,45.61999999999989,98.84000000000003,xml_geometry_csv_action
BootPass_6,295,3,3,Position_Unknown,Team_Unknown,Action_PreSnap,1365.83,746.41,1413.77,881.52,47.940000000000055,135.11,xml_geometry_csv_action
BootPass_6,295,42,31,Position_Unknown,Team_Unknown,Action_PreSnap,1015.02,283.66,1059.23,359.06,44.210000000000036,75.39999999999998,xml_geometry_csv_action
BootPass_6,295,45,32,Position_Unknown,Team_Unknown,Action_PreSnap,964.32,485.2,1005.88,561.52,41.559999999999945,76.32,xml_geometry_csv_action
BootPass_6,295,46,33,Position_Unknown,Team_Unknown,Action_PreSnap,813.26,391.51,862.77,486.44,49.50999999999999,94.93,xml_geometry_csv_action
BootPass_6,295,47,34,Position_Unknown,Team_Unknown,Action_PreSnap,741.88,654.98,792.78,764.77,50.89999999999998,109.78999999999996,xml_geometry_csv_action
BootPass_6,295,48,35,Position_Unknown,Team_Unknown,Action_PreSnap,532.72,748.79,585.95,886.95,53.23000000000002,138.16000000000008,xml_geometry_csv_action
BootPass_6,295,51,37,Position_Unknown,Team_Unknown,Action_PreSnap,768.52,687.76,819.25,817.08,50.73000000000002,129.32000000000005,xml_geometry_csv_action
BootPass_6,295,53,38,Position_Unknown,Team_Unknown,Action_PreSnap,1178.92,594.06,1229.55,726.3,50.62999999999988,132.24,xml_geometry_csv_action
BootPass_6,295,58,41,Position_Unknown,Team_Unknown,Action_PreSnap,853.95,278.41,901.67,352.7,47.719999999999914,74.28999999999996,xml_geometry_csv_action
BootPass_6,295,5,5,Position_Unknown,Team_Unknown,Action_PreSnap,673.04,544.8,723.28,657.38,50.24000000000001,112.58000000000004,xml_geometry_csv_action
BootPass_6,295,6,6,Position_Unknown,Team_Unknown,Action_PreSnap,508.04,701.83,554.57,826.12,46.53000000000003,124.28999999999996,xml_geometry_csv_action
BootPass_6,295,8,8,Position_Unknown,Team_Unknown,Action_PreSnap,831.79,291.96,874.51,361.1,42.72000000000003,69.14000000000004,xml_geometry_csv_action
BootPass_6,296,0,0,Position_Unknown,Team_Unknown,Action_PreSnap,1132.27,438.12,1178.35,540.2,46.07999999999993,102.08000000000004,xml_geometry_csv_action
BootPass_6,296,1,1,Position_Unknown,Team_Unknown,Action_PreSnap,1325.39,760.6,1375.1,890.74,49.70999999999981,130.14,xml_geometry_csv_action
BootPass_6,296,10,10,Position_Unknown,Team_Unknown,Action_PreSnap,990.63,647.14,1036.72,755.07,46.09000000000003,107.93000000000006,xml_geometry_csv_action
BootPass_6,296,12,12,Position_Unknown,Team_Unknown,Action_PreSnap,1790.07,570.13,1841.95,687.49,51.88000000000011,117.36000000000001,xml_geometry_csv_action
BootPass_6,296,13,13,Position_Unknown,Team_Unknown,Action_PreSnap,1260.2,658.38,1317.01,783.44,56.809999999999945,125.06000000000006,xml_geometry_csv_action
BootPass_6,296,17,17,Position_Unknown,Team_Unknown,Action_PreSnap,1063.33,813.58,1116.84,956.28,53.50999999999999,142.69999999999993,xml_geometry_csv_action
BootPass_6,296,21,18,Position_Unknown,Team_Unknown,Action_PreSnap,1153.91,607.38,1197.47,739.06,43.559999999999945,131.67999999999995,xml_geometry_csv_action
BootPass_6,296,2,2,Position_Unknown,Team_Unknown,Action_PreSnap,1016.11,781.78,1069.58,910.87,53.469999999999914,129.09000000000003,xml_geometry_csv_action
BootPass_6,296,31,23,Position_Unknown,Team_Unknown,Action_PreSnap,1224.37,841.12,1281.0,982.74,56.63000000000011,141.62,xml_geometry_csv_action
BootPass_6,296,35,27,Position_Unknown,Team_Unknown,Action_PreSnap,1335.39,695.0,1380.22,794.26,44.82999999999993,99.25999999999999,xml_geometry_csv_action
BootPass_6,296,3,3,Position_Unknown,Team_Unknown,Action_PreSnap,1368.6,744.35,1416.45,879.14,47.850000000000136,134.78999999999996,xml_geometry_csv_action
BootPass_6,296,42,31,Position_Unknown,Team_Unknown,Action_PreSnap,1007.5,281.38,1051.28,356.12,43.77999999999997,74.74000000000001,xml_geometry_csv_action
BootPass_6,296,45,32,Position_Unknown,Team_Unknown,Action_PreSnap,966.96,483.8,1008.77,559.18,41.809999999999945,75.37999999999994,xml_geometry_csv_action
BootPass_6,296,46,33,Position_Unknown,Team_Unknown,Action_PreSnap,816.54,387.39,865.01,481.57,48.47000000000003,94.18,xml_geometry_csv_action
BootPass_6,296,47,34,Position_Unknown,Team_Unknown,Action_PreSnap,746.92,650.68,798.11,762.63,51.190000000000055,111.95000000000005,xml_geometry_csv_action
BootPass_6,296,48,35,Position_Unknown,Team_Unknown,Action_PreSnap,538.87,746.29,590.93,883.96,52.059999999999945,137.67000000000007,xml_geometry_csv_action
BootPass_6,296,51,37,Position_Unknown,Team_Unknown,Action_PreSnap,774.01,687.3,824.38,815.07,50.370000000000005,127.7700000000001,xml_geometry_csv_action
BootPass_6,296,53,38,Position_Unknown,Team_Unknown,Action_PreSnap,1182.75,593.03,1235.07,734.08,52.319999999999936,141.05000000000007,xml_geometry_csv_action
BootPass_6,296,58,41,Position_Unknown,Team_Unknown,Action_PreSnap,852.47,276.81,896.54,348.32,44.069999999999936,71.50999999999999,xml_geometry_csv_action
BootPass_6,296,5,5,Position_Unknown,Team_Unknown,Action_PreSnap,678.9,542.65,730.45,655.12,51.55000000000007,112.47000000000003,xml_geometry_csv_action
BootPass_6,296,6,6,Position_Unknown,Team_Unknown,Action_PreSnap,514.33,698.98,560.13,824.28,45.799999999999955,125.29999999999995,xml_geometry_csv_action
BootPass_6,296,8,8,Position_Unknown,Team_Unknown,Action_PreSnap,831.14,292.87,872.3,358.84,41.15999999999997,65.96999999999997,xml_geometry_csv_action
BootPass_6,297,0,0,Position_Unknown,Team_Unknown,Action_PreSnap,1135.47,437.06,1181.87,540.21,46.399999999999864,103.15000000000003,xml_geometry_csv_action
BootPass_6,297,1,1,Position_Unknown,Team_Unknown,Action_PreSnap,1330.61,758.55,1381.98,889.86,51.37000000000012,131.31000000000006,xml_geometry_csv_action
BootPass_6,297,10,10,Position_Unknown,Team_Unknown,Action_PreSnap,992.67,644.72,1038.86,755.0,46.18999999999994,110.27999999999997,xml_geometry_csv_action
BootPass_6,297,12,12,Position_Unknown,Team_Unknown,Action_PreSnap,1792.66,568.45,1844.54,684.02,51.87999999999988,115.56999999999994,xml_geometry_csv_action
BootPass_6,297,13,13,Position_Unknown,Team_Unknown,Action_PreSnap,1265.91,658.12,1323.16,782.57,57.25,124.45000000000005,xml_geometry_csv_action
BootPass_6,297,17,17,Position_Unknown,Team_Unknown,Action_PreSnap,1067.77,813.33,1122.3,955.98,54.52999999999997,142.64999999999998,xml_geometry_csv_action
BootPass_6,297,21,18,Position_Unknown,Team_Unknown,Action_PreSnap,1160.83,604.62,1203.13,735.51,42.30000000000018,130.89,xml_geometry_csv_action
BootPass_6,297,2,2,Position_Unknown,Team_Unknown,Action_PreSnap,1019.37,780.29,1073.92,911.22,54.55000000000007,130.93000000000006,xml_geometry_csv_action
BootPass_6,297,31,23,Position_Unknown,Team_Unknown,Action_PreSnap,1230.66,840.22,1287.26,981.08,56.59999999999991,140.86,xml_geometry_csv_action
BootPass_6,297,35,27,Position_Unknown,Team_Unknown,Action_PreSnap,1341.31,694.27,1386.59,790.75,45.27999999999997,96.48000000000002,xml_geometry_csv_action
BootPass_6,297,3,3,Position_Unknown,Team_Unknown,Action_PreSnap,1372.0,742.91,1419.98,878.66,47.98000000000002,135.75,xml_geometry_csv_action
BootPass_6,297,42,31,Position_Unknown,Team_Unknown,Action_PreSnap,1001.35,280.13,1049.42,353.7,48.07000000000005,73.57,xml_geometry_csv_action
BootPass_6,297,45,32,Position_Unknown,Team_Unknown,Action_PreSnap,969.69,483.03,1013.13,558.69,43.43999999999994,75.66000000000008,xml_geometry_csv_action
BootPass_6,297,46,33,Position_Unknown,Team_Unknown,Action_PreSnap,819.41,384.93,867.16,477.34,47.75,92.40999999999997,xml_geometry_csv_action
BootPass_6,297,47,34,Position_Unknown,Team_Unknown,Action_PreSnap,751.28,648.0,802.97,761.15,51.690000000000055,113.14999999999998,xml_geometry_csv_action
BootPass_6,297,48,35,Position_Unknown,Team_Unknown,Action_PreSnap,543.47,744.77,596.4,882.98,52.92999999999995,138.21000000000004,xml_geometry_csv_action
BootPass_6,297,51,37,Position_Unknown,Team_Unknown,Action_PreSnap,778.39,685.27,829.06,813.33,50.66999999999996,128.06000000000006,xml_geometry_csv_action
BootPass_6,297,53,38,Position_Unknown,Team_Unknown,Action_PreSnap,1186.81,592.22,1239.34,734.02,52.52999999999997,141.79999999999995,xml_geometry_csv_action
BootPass_6,297,58,41,Position_Unknown,Team_Unknown,Action_PreSnap,850.45,274.93,890.01,347.68,39.559999999999945,72.75,xml_geometry_csv_action
BootPass_6,297,5,5,Position_Unknown,Team_Unknown,Action_PreSnap,683.72,539.79,735.73,653.12,52.00999999999999,113.33000000000004,xml_geometry_csv_action
BootPass_6,297,6,6,Position_Unknown,Team_Unknown,Action_PreSnap,518.87,696.74,565.38,821.98,46.50999999999999,125.24000000000001,xml_geometry_csv_action
BootPass_6,297,8,8,Position_Unknown,Team_Unknown,Action_PreSnap,830.04,293.24,870.75,357.97,40.710000000000036,64.73000000000002,xml_geometry_csv_action
BootPass_6,298,0,0,Position_Unknown,Team_Unknown,Action_PreSnap,1140.67,434.27,1185.98,538.81,45.309999999999945,104.53999999999996,xml_geometry_csv_action
BootPass_6,298,1,1,Position_Unknown,Team_Unknown,Action_PreSnap,1337.2,757.85,1389.0,888.58,51.799999999999955,130.73000000000002,xml_geometry_csv_action
BootPass_6,298,10,10,Position_Unknown,Team_Unknown,Action_PreSnap,995.59,641.39,1042.04,754.25,46.44999999999993,112.86000000000001,xml_geometry_csv_action
BootPass_6,298,12,12,Position_Unknown,Team_Unknown,Action_PreSnap,1794.67,567.54,1847.49,682.26,52.819999999999936,114.72000000000003,xml_geometry_csv_action
BootPass_6,298,13,13,Position_Unknown,Team_Unknown,Action_PreSnap,1273.11,655.5,1330.74,780.74,57.63000000000011,125.24000000000001,xml_geometry_csv_action
BootPass_6,298,17,17,Position_Unknown,Team_Unknown,Action_PreSnap,1072.32,812.14,1128.2,955.66,55.88000000000011,143.51999999999998,xml_geometry_csv_action
BootPass_6,298,21,18,Position_Unknown,Team_Unknown,Action_PreSnap,1166.89,602.39,1209.37,735.15,42.47999999999979,132.76,xml_geometry_csv_action
BootPass_6,298,2,2,Position_Unknown,Team_Unknown,Action_PreSnap,1023.35,779.16,1078.04,909.22,54.68999999999994,130.06000000000006,xml_geometry_csv_action
BootPass_6,298,31,23,Position_Unknown,Team_Unknown,Action_PreSnap,1237.81,838.61,1293.79,978.12,55.98000000000002,139.51,xml_geometry_csv_action
BootPass_6,298,35,27,Position_Unknown,Team_Unknown,Action_PreSnap,1349.47,693.55,1393.59,786.49,44.11999999999989,92.94000000000005,xml_geometry_csv_action
BootPass_6,298,3,3,Position_Unknown,Team_Unknown,Action_PreSnap,1376.07,741.94,1423.59,877.27,47.51999999999998,135.32999999999993,xml_geometry_csv_action
BootPass_6,298,42,31,Position_Unknown,Team_Unknown,Action_PreSnap,995.83,279.05,1049.97,352.16,54.139999999999986,73.11000000000001,xml_geometry_csv_action
BootPass_6,298,45,32,Position_Unknown,Team_Unknown,Action_PreSnap,972.85,483.26,1018.18,557.0,45.32999999999993,73.74000000000001,xml_geometry_csv_action
BootPass_6,298,46,33,Position_Unknown,Team_Unknown,Action_PreSnap,822.76,382.54,868.48,472.97,45.72000000000003,90.43,xml_geometry_csv_action
BootPass_6,298,47,34,Position_Unknown,Team_Unknown,Action_PreSnap,757.5,645.8,808.8,758.4,51.299999999999955,112.60000000000002,xml_geometry_csv_action
BootPass_6,298,48,35,Position_Unknown,Team_Unknown,Action_PreSnap,548.5,743.33,601.68,881.5,53.17999999999995,138.16999999999996,xml_geometry_csv_action
BootPass_6,298,51,37,Position_Unknown,Team_Unknown,Action_PreSnap,781.84,682.87,834.07,812.35,52.23000000000002,129.48000000000002,xml_geometry_csv_action
BootPass_6,298,53,38,Position_Unknown,Team_Unknown,Action_PreSnap,1191.93,590.89,1244.12,733.02,52.18999999999983,142.13,xml_geometry_csv_action
BootPass_6,298,58,41,Position_Unknown,Team_Unknown,Action_PreSnap,849.53,273.72,885.77,349.38,36.24000000000001,75.65999999999997,xml_geometry_csv_action
BootPass_6,298,5,5,Position_Unknown,Team_Unknown,Action_PreSnap,688.85,537.34,741.9,649.5,53.049999999999955,112.15999999999997,xml_geometry_csv_action
BootPass_6,298,6,6,Position_Unknown,Team_Unknown,Action_PreSnap,524.75,695.25,571.55,819.82,46.799999999999955,124.57000000000005,xml_geometry_csv_action
BootPass_6,298,8,8,Position_Unknown,Team_Unknown,Action_PreSnap,829.72,293.77,869.15,357.74,39.42999999999995,63.97000000000003,xml_geometry_csv_action
BootPass_6,299,0,0,Position_Unknown,Team_Unknown,Action_PreSnap,1145.26,431.57,1189.5,537.19,44.24000000000001,105.62000000000006,xml_geometry_csv_action
BootPass_6,299,1,1,Position_Unknown,Team_Unknown,Action_PreSnap,1343.54,759.18,1395.0,887.66,51.460000000000036,128.48000000000002,xml_geometry_csv_action
BootPass_6,299,10,10,Position_Unknown,Team_Unknown,Action_PreSnap,997.72,639.61,1045.43,752.46,47.710000000000036,112.85000000000002,xml_geometry_csv_action
BootPass_6,299,12,12,Position_Unknown,Team_Unknown,Action_PreSnap,1796.69,567.2,1851.63,680.83,54.940000000000055,113.63,xml_geometry_csv_action
BootPass_6,299,13,13,Position_Unknown,Team_Unknown,Action_PreSnap,1282.87,652.19,1338.85,780.39,55.98000000000002,128.19999999999993,xml_geometry_csv_action
BootPass_6,299,17,17,Position_Unknown,Team_Unknown,Action_PreSnap,1077.34,811.96,1133.82,955.82,56.48000000000002,143.86,xml_geometry_csv_action
BootPass_6,299,21,18,Position_Unknown,Team_Unknown,Action_PreSnap,1171.69,601.03,1214.81,734.46,43.11999999999989,133.43000000000006,xml_geometry_csv_action
BootPass_6,299,2,2,Position_Unknown,Team_Unknown,Action_PreSnap,1027.81,778.48,1082.4,909.51,54.590000000000146,131.02999999999997,xml_geometry_csv_action
BootPass_6,299,31,23,Position_Unknown,Team_Unknown,Action_PreSnap,1245.17,837.6,1300.45,976.09,55.27999999999997,138.49,xml_geometry_csv_action
BootPass_6,299,35,27,Position_Unknown,Team_Unknown,Action_PreSnap,1356.81,693.11,1401.21,784.2,44.40000000000009,91.09000000000003,xml_geometry_csv_action
BootPass_6,299,3,3,Position_Unknown,Team_Unknown,Action_PreSnap,1380.63,742.04,1428.0,876.5,47.36999999999989,134.46000000000004,xml_geometry_csv_action
BootPass_6,299,42,31,Position_Unknown,Team_Unknown,Action_PreSnap,989.66,277.83,1048.33,350.63,58.66999999999996,72.80000000000001,xml_geometry_csv_action
BootPass_6,299,45,32,Position_Unknown,Team_Unknown,Action_PreSnap,976.43,483.51,1022.33,557.32,45.90000000000009,73.81000000000006,xml_geometry_csv_action
BootPass_6,299,46,33,Position_Unknown,Team_Unknown,Action_PreSnap,825.6,381.08,870.37,470.59,44.76999999999998,89.50999999999999,xml_geometry_csv_action
BootPass_6,299,47,34,Position_Unknown,Team_Unknown,Action_PreSnap,764.21,643.73,815.05,755.99,50.83999999999992,112.25999999999999,xml_geometry_csv_action
BootPass_6,299,48,35,Position_Unknown,Team_Unknown,Action_PreSnap,553.07,741.96,606.34,881.02,53.26999999999998,139.05999999999995,xml_geometry_csv_action
BootPass_6,299,51,37,Position_Unknown,Team_Unknown,Action_PreSnap,785.96,680.77,839.5,811.95,53.539999999999964,131.18000000000006,xml_geometry_csv_action
BootPass_6,299,53,38,Position_Unknown,Team_Unknown,Action_PreSnap,1197.17,590.12,1247.91,733.15,50.74000000000001,143.02999999999997,xml_geometry_csv_action
BootPass_6,299,58,41,Position_Unknown,Team_Unknown,Action_PreSnap,848.14,272.91,881.96,350.16,33.82000000000005,77.25,xml_geometry_csv_action
BootPass_6,299,5,5,Position_Unknown,Team_Unknown,Action_PreSnap,694.48,535.61,747.28,645.05,52.799999999999955,109.43999999999994,xml_geometry_csv_action
BootPass_6,299,6,6,Position_Unknown,Team_Unknown,Action_PreSnap,529.97,694.85,577.62,818.15,47.64999999999998,123.29999999999995,xml_geometry_csv_action
BootPass_6,299,8,8,Position_Unknown,Team_Unknown,Action_PreSnap,828.58,294.41,869.05,358.12,40.469999999999914,63.70999999999998,xml_geometry_csv_action
BootPass_6,300,0,0,Position_Unknown,Team_Unknown,Action_PreSnap,1148.25,427.71,1193.63,534.42,45.38000000000011,106.70999999999998,xml_geometry_csv_action
BootPass_6,300,1,1,Position_Unknown,Team_Unknown,Action_PreSnap,1350.22,758.74,1402.59,886.44,52.36999999999989,127.70000000000005,xml_geometry_csv_action
BootPass_6,300,10,10,Position_Unknown,Team_Unknown,Action_PreSnap,999.59,637.03,1048.52,750.22,48.92999999999995,113.19000000000005,xml_geometry_csv_action
BootPass_6,300,12,12,Position_Unknown,Team_Unknown,Action_PreSnap,1799.7,565.68,1855.93,679.96,56.23000000000002,114.28000000000009,xml_geometry_csv_action
BootPass_6,300,13,13,Position_Unknown,Team_Unknown,Action_PreSnap,1289.34,649.54,1345.27,778.94,55.930000000000064,129.4000000000001,xml_geometry_csv_action
BootPass_6,300,17,17,Position_Unknown,Team_Unknown,Action_PreSnap,1083.31,811.31,1140.2,954.68,56.8900000000001,143.37,xml_geometry_csv_action
BootPass_6,300,21,18,Position_Unknown,Team_Unknown,Action_PreSnap,1177.38,600.0,1221.65,734.24,44.26999999999998,134.24,xml_geometry_csv_action
BootPass_6,300,2,2,Position_Unknown,Team_Unknown,Action_PreSnap,1031.88,777.9,1088.23,910.68,56.34999999999991,132.77999999999997,xml_geometry_csv_action
BootPass_6,300,31,23,Position_Unknown,Team_Unknown,Action_PreSnap,1252.28,835.18,1307.41,973.13,55.13000000000011,137.95000000000005,xml_geometry_csv_action
BootPass_6,300,35,27,Position_Unknown,Team_Unknown,Action_PreSnap,1364.96,692.63,1409.64,784.35,44.680000000000064,91.72000000000003,xml_geometry_csv_action
BootPass_6,300,3,3,Position_Unknown,Team_Unknown,Action_PreSnap,1386.15,743.12,1431.56,874.05,45.409999999999854,130.92999999999995,xml_geometry_csv_action
BootPass_6,300,42,31,Position_Unknown,Team_Unknown,Action_PreSnap,983.05,275.45,1046.54,347.6,63.49000000000001,72.15000000000003,xml_geometry_csv_action
BootPass_6,300,45,32,Position_Unknown,Team_Unknown,Action_PreSnap,979.67,483.3,1026.73,556.46,47.06000000000006,73.16000000000003,xml_geometry_csv_action
BootPass_6,300,46,33,Position_Unknown,Team_Unknown,Action_PreSnap,828.21,378.62,873.31,467.83,45.09999999999991,89.20999999999998,xml_geometry_csv_action
BootPass_6,300,47,34,Position_Unknown,Team_Unknown,Action_PreSnap,771.38,642.3,822.44,751.47,51.06000000000006,109.17000000000007,xml_geometry_csv_action
BootPass_6,300,48,35,Position_Unknown,Team_Unknown,Action_PreSnap,558.79,740.66,611.99,878.99,53.200000000000045,138.33000000000004,xml_geometry_csv_action
BootPass_6,300,51,37,Position_Unknown,Team_Unknown,Action_PreSnap,790.55,678.97,844.27,808.7,53.72000000000003,129.73000000000002,xml_geometry_csv_action
BootPass_6,300,53,38,Position_Unknown,Team_Unknown,Action_PreSnap,1202.91,588.36,1254.5,732.75,51.58999999999992,144.39,xml_geometry_csv_action
BootPass_6,300,58,41,Position_Unknown,Team_Unknown,Action_PreSnap,846.86,272.0,880.09,351.88,33.23000000000002,79.88,xml_geometry_csv_action
BootPass_6,300,5,5,Position_Unknown,Team_Unknown,Action_PreSnap,700.63,533.46,755.35,640.7,54.72000000000003,107.24000000000001,xml_geometry_csv_action
BootPass_6,300,6,6,Position_Unknown,Team_Unknown,Action_PreSnap,536.17,693.6,584.7,816.42,48.530000000000086,122.81999999999994,xml_geometry_csv_action
BootPass_6,300,8,8,Position_Unknown,Team_Unknown,Action_PreSnap,826.96,293.4,870.19,357.45,43.23000000000002,64.05000000000001,xml_geometry_csv_action
BootPass_6,301,0,0,Position_Unknown,Team_Unknown,Action_PreSnap,1151.31,424.63,1197.76,532.48,46.450000000000045,107.85000000000002,xml_geometry_csv_action
BootPass_6,301,1,1,Position_Unknown,Team_Unknown,Action_PreSnap,1356.92,756.95,1409.72,884.89,52.799999999999955,127.93999999999994,xml_geometry_csv_action
BootPass_6,301,10,10,Position_Unknown,Team_Unknown,Action_PreSnap,1000.71,635.13,1050.9,747.19,50.190000000000055,112.06000000000006,xml_geometry_csv_action
BootPass_6,301,12,12,Position_Unknown,Team_Unknown,Action_PreSnap,1803.65,563.87,1859.91,679.41,56.25999999999999,115.53999999999996,xml_geometry_csv_action
BootPass_6,301,13,13,Position_Unknown,Team_Unknown,Action_PreSnap,1294.93,649.11,1351.55,777.49,56.61999999999989,128.38,xml_geometry_csv_action
BootPass_6,301,17,17,Position_Unknown,Team_Unknown,Action_PreSnap,1088.21,811.42,1146.59,954.27,58.37999999999988,142.85000000000002,xml_geometry_csv_action
BootPass_6,301,21,18,Position_Unknown,Team_Unknown,Action_PreSnap,1183.47,600.15,1227.09,732.71,43.61999999999989,132.56000000000006,xml_geometry_csv_action
BootPass_6,301,2,2,Position_Unknown,Team_Unknown,Action_PreSnap,1034.12,777.34,1093.07,910.37,58.950000000000045,133.02999999999997,xml_geometry_csv_action
BootPass_6,301,31,23,Position_Unknown,Team_Unknown,Action_PreSnap,1258.82,833.68,1314.15,971.94,55.330000000000155,138.2600000000001,xml_geometry_csv_action
BootPass_6,301,35,27,Position_Unknown,Team_Unknown,Action_PreSnap,1371.81,692.59,1416.14,780.68,44.330000000000155,88.08999999999992,xml_geometry_csv_action
BootPass_6,301,3,3,Position_Unknown,Team_Unknown,Action_PreSnap,1390.98,743.82,1434.63,873.34,43.65000000000009,129.51999999999998,xml_geometry_csv_action
BootPass_6,301,42,31,Position_Unknown,Team_Unknown,Action_PreSnap,979.91,274.8,1043.71,347.73,63.80000000000007,72.93,xml_geometry_csv_action
BootPass_6,301,45,32,Position_Unknown,Team_Unknown,Action_PreSnap,981.98,483.09,1029.59,557.77,47.6099999999999,74.68,xml_geometry_csv_action
BootPass_6,301,46,33,Position_Unknown,Team_Unknown,Action_PreSnap,831.45,377.11,877.21,468.1,45.75999999999999,90.99000000000001,xml_geometry_csv_action
BootPass_6,301,47,34,Position_Unknown,Team_Unknown,Action_PreSnap,777.43,641.83,828.02,749.98,50.59000000000003,108.14999999999998,xml_geometry_csv_action
BootPass_6,301,48,35,Position_Unknown,Team_Unknown,Action_PreSnap,564.1,740.68,617.4,877.78,53.299999999999955,137.10000000000002,xml_geometry_csv_action
BootPass_6,301,51,37,Position_Unknown,Team_Unknown,Action_PreSnap,794.72,677.99,848.92,806.83,54.19999999999993,128.84000000000003,xml_geometry_csv_action
BootPass_6,301,53,38,Position_Unknown,Team_Unknown,Action_PreSnap,1208.32,587.45,1257.41,730.38,49.090000000000146,142.92999999999995,xml_geometry_csv_action
BootPass_6,301,58,41,Position_Unknown,Team_Unknown,Action_PreSnap,844.95,271.03,879.23,353.03,34.27999999999997,82.0,xml_geometry_csv_action
BootPass_6,301,5,5,Position_Unknown,Team_Unknown,Action_PreSnap,704.98,532.22,760.06,639.45,55.07999999999993,107.23000000000002,xml_geometry_csv_action
BootPass_6,301,6,6,Position_Unknown,Team_Unknown,Action_PreSnap,541.61,693.47,589.63,814.76,48.01999999999998,121.28999999999996,xml_geometry_csv_action
BootPass_6,301,8,8,Position_Unknown,Team_Unknown,Action_PreSnap,825.16,293.06,869.46,358.31,44.30000000000007,65.25,xml_geometry_csv_action
BootPass_6,302,0,0,Position_Unknown,Team_Unknown,Action_PreSnap,1154.48,422.37,1200.85,528.76,46.36999999999989,106.38999999999999,xml_geometry_csv_action
BootPass_6,302,1,1,Position_Unknown,Team_Unknown,Action_PreSnap,1365.42,757.15,1418.17,882.87,52.75,125.72000000000003,xml_geometry_csv_action
BootPass_6,302,10,10,Position_Unknown,Team_Unknown,Action_PreSnap,1001.73,635.36,1052.15,742.95,50.42000000000007,107.59000000000003,xml_geometry_csv_action
BootPass_6,302,12,12,Position_Unknown,Team_Unknown,Action_PreSnap,1807.67,560.5,1863.45,677.69,55.77999999999997,117.19000000000005,xml_geometry_csv_action
BootPass_6,302,13,13,Position_Unknown,Team_Unknown,Action_PreSnap,1299.88,645.97,1357.25,776.91,57.36999999999989,130.93999999999994,xml_geometry_csv_action
BootPass_6,302,17,17,Position_Unknown,Team_Unknown,Action_PreSnap,1093.4,810.63,1152.75,953.56,59.34999999999991,142.92999999999995,xml_geometry_csv_action
BootPass_6,302,21,18,Position_Unknown,Team_Unknown,Action_PreSnap,1189.36,596.93,1233.73,731.82,44.37000000000012,134.8900000000001,xml_geometry_csv_action
BootPass_6,302,2,2,Position_Unknown,Team_Unknown,Action_PreSnap,1036.26,776.74,1098.49,907.83,62.23000000000002,131.09000000000003,xml_geometry_csv_action
BootPass_6,302,31,23,Position_Unknown,Team_Unknown,Action_PreSnap,1265.92,832.28,1320.31,971.46,54.38999999999987,139.18000000000006,xml_geometry_csv_action
BootPass_6,302,35,27,Position_Unknown,Team_Unknown,Action_PreSnap,1376.87,692.07,1423.39,802.43,46.52000000000021,110.3599999999999,xml_geometry_csv_action
BootPass_6,302,3,3,Position_Unknown,Team_Unknown,Action_PreSnap,1397.34,742.21,1438.23,870.45,40.8900000000001,128.24,xml_geometry_csv_action
BootPass_6,302,42,31,Position_Unknown,Team_Unknown,Action_PreSnap,978.46,273.27,1036.98,346.17,58.51999999999998,72.90000000000003,xml_geometry_csv_action
BootPass_6,302,45,32,Position_Unknown,Team_Unknown,Action_PreSnap,984.73,481.68,1032.51,561.02,47.77999999999997,79.33999999999997,xml_geometry_csv_action
BootPass_6,302,46,33,Position_Unknown,Team_Unknown,Action_PreSnap,833.71,374.7,880.61,465.94,46.89999999999998,91.24000000000001,xml_geometry_csv_action
BootPass_6,302,47,34,Position_Unknown,Team_Unknown,Action_PreSnap,783.21,640.83,832.37,745.75,49.15999999999997,104.91999999999996,xml_geometry_csv_action
BootPass_6,302,48,35,Position_Unknown,Team_Unknown,Action_PreSnap,568.79,739.46,623.01,876.6,54.22000000000003,137.14,xml_geometry_csv_action
BootPass_6,302,51,37,Position_Unknown,Team_Unknown,Action_PreSnap,799.37,676.52,853.2,804.31,53.83000000000004,127.78999999999996,xml_geometry_csv_action
BootPass_6,302,53,38,Position_Unknown,Team_Unknown,Action_PreSnap,1213.02,585.31,1261.74,728.89,48.72000000000003,143.58000000000004,xml_geometry_csv_action
BootPass_6,302,58,41,Position_Unknown,Team_Unknown,Action_PreSnap,842.65,270.27,881.04,357.32,38.389999999999986,87.05000000000001,xml_geometry_csv_action
BootPass_6,302,5,5,Position_Unknown,Team_Unknown,Action_PreSnap,708.18,529.99,764.23,637.77,56.05000000000007,107.77999999999997,xml_geometry_csv_action
BootPass_6,302,6,6,Position_Unknown,Team_Unknown,Action_PreSnap,547.16,692.21,595.46,812.57,48.30000000000007,120.36000000000001,xml_geometry_csv_action
BootPass_6,303,0,0,Position_Unknown,Team_Unknown,Action_PreSnap,1158.03,420.96,1203.6,525.6,45.569999999999936,104.64000000000004,xml_geometry_csv_action
BootPass_6,303,1,1,Position_Unknown,Team_Unknown,Action_PreSnap,1372.28,756.55,1425.03,880.29,52.75,123.74000000000001,xml_geometry_csv_action
BootPass_6,303,10,10,Position_Unknown,Team_Unknown,Action_PreSnap,1002.55,633.59,1052.06,738.52,49.50999999999999,104.92999999999995,xml_geometry_csv_action
BootPass_6,303,12,12,Position_Unknown,Team_Unknown,Action_PreSnap,1811.85,556.56,1866.42,675.39,54.570000000000164,118.83000000000004,xml_geometry_csv_action
BootPass_6,303,13,13,Position_Unknown,Team_Unknown,Action_PreSnap,1305.52,644.16,1362.15,776.46,56.63000000000011,132.30000000000007,xml_geometry_csv_action
BootPass_6,303,17,17,Position_Unknown,Team_Unknown,Action_PreSnap,1098.58,810.64,1157.95,953.14,59.37000000000012,142.5,xml_geometry_csv_action
BootPass_6,303,21,18,Position_Unknown,Team_Unknown,Action_PreSnap,1195.33,596.84,1239.86,729.3,44.52999999999997,132.45999999999992,xml_geometry_csv_action
BootPass_6,303,2,2,Position_Unknown,Team_Unknown,Action_PreSnap,1039.53,776.12,1103.82,905.23,64.28999999999996,129.11,xml_geometry_csv_action
BootPass_6,303,31,23,Position_Unknown,Team_Unknown,Action_PreSnap,1272.0,831.07,1326.76,971.58,54.75999999999999,140.51,xml_geometry_csv_action
BootPass_6,303,35,27,Position_Unknown,Team_Unknown,Action_PreSnap,1382.54,691.03,1430.43,791.92,47.8900000000001,100.88999999999999,xml_geometry_csv_action
BootPass_6,303,3,3,Position_Unknown,Team_Unknown,Action_PreSnap,1404.24,738.83,1442.61,867.77,38.36999999999989,128.93999999999994,xml_geometry_csv_action
BootPass_6,303,42,31,Position_Unknown,Team_Unknown,Action_PreSnap,975.48,271.25,1026.21,345.31,50.73000000000002,74.06,xml_geometry_csv_action
BootPass_6,303,45,32,Position_Unknown,Team_Unknown,Action_PreSnap,987.32,481.25,1034.81,561.62,47.489999999999895,80.37,xml_geometry_csv_action
BootPass_6,303,46,33,Position_Unknown,Team_Unknown,Action_PreSnap,835.19,371.67,882.14,462.44,46.94999999999993,90.76999999999998,xml_geometry_csv_action
BootPass_6,303,47,34,Position_Unknown,Team_Unknown,Action_PreSnap,788.12,639.99,835.95,741.64,47.83000000000004,101.64999999999998,xml_geometry_csv_action
BootPass_6,303,48,35,Position_Unknown,Team_Unknown,Action_PreSnap,573.03,738.62,627.84,874.92,54.81000000000006,136.29999999999995,xml_geometry_csv_action
BootPass_6,303,51,37,Position_Unknown,Team_Unknown,Action_PreSnap,803.08,675.5,857.55,802.54,54.469999999999914,127.03999999999996,xml_geometry_csv_action
BootPass_6,303,53,38,Position_Unknown,Team_Unknown,Action_PreSnap,1217.52,583.95,1265.97,725.93,48.450000000000045,141.9799999999999,xml_geometry_csv_action
BootPass_6,303,58,41,Position_Unknown,Team_Unknown,Action_PreSnap,841.42,269.92,882.36,358.11,40.940000000000055,88.19,xml_geometry_csv_action
BootPass_6,303,5,5,Position_Unknown,Team_Unknown,Action_PreSnap,711.2,527.28,766.39,636.69,55.18999999999994,109.41000000000008,xml_geometry_csv_action
BootPass_6,303,6,6,Position_Unknown,Team_Unknown,Action_PreSnap,551.81,689.76,600.77,810.71,48.960000000000036,120.95000000000005,xml_geometry_csv_action
BootPass_6,303,8,8,Position_Unknown,Team_Unknown,Action_PreSnap,821.52,288.18,856.07,342.82,34.55000000000007,54.639999999999986,xml_geometry_csv_action
BootPass_6,304,0,0,Position_Unknown,Team_Unknown,Action_PreSnap,1161.22,419.11,1206.04,523.09,44.819999999999936,103.98000000000002,xml_geometry_csv_action
BootPass_6,304,1,1,Position_Unknown,Team_Unknown,Action_PreSnap,1376.97,754.23,1431.3,878.66,54.32999999999993,124.42999999999995,xml_geometry_csv_action
BootPass_6,304,10,10,Position_Unknown,Team_Unknown,Action_PreSnap,1002.28,629.84,1051.07,736.24,48.789999999999964,106.39999999999998,xml_geometry_csv_action
BootPass_6,304,12,12,Position_Unknown,Team_Unknown,Action_PreSnap,1815.98,552.11,1870.8,673.11,54.819999999999936,121.0,xml_geometry_csv_action
BootPass_6,304,13,13,Position_Unknown,Team_Unknown,Action_PreSnap,1310.68,642.37,1368.08,775.44,57.399999999999864,133.07000000000005,xml_geometry_csv_action
BootPass_6,304,17,17,Position_Unknown,Team_Unknown,Action_PreSnap,1104.2,810.43,1163.11,952.89,58.909999999999854,142.46000000000004,xml_geometry_csv_action
BootPass_6,304,21,18,Position_Unknown,Team_Unknown,Action_PreSnap,1201.54,594.96,1247.03,727.99,45.49000000000001,133.02999999999997,xml_geometry_csv_action
BootPass_6,304,2,2,Position_Unknown,Team_Unknown,Action_PreSnap,1043.03,774.93,1107.43,904.45,64.40000000000009,129.5200000000001,xml_geometry_csv_action
BootPass_6,304,31,23,Position_Unknown,Team_Unknown,Action_PreSnap,1278.74,829.81,1333.91,971.6,55.17000000000007,141.79000000000008,xml_geometry_csv_action
BootPass_6,304,35,27,Position_Unknown,Team_Unknown,Action_PreSnap,1389.38,689.3,1438.96,777.02,49.57999999999993,87.72000000000003,xml_geometry_csv_action
BootPass_6,304,3,3,Position_Unknown,Team_Unknown,Action_PreSnap,1408.39,732.7,1445.85,864.67,37.45999999999981,131.9699999999999,xml_geometry_csv_action
BootPass_6,304,42,31,Position_Unknown,Team_Unknown,Action_PreSnap,972.02,268.89,1017.72,345.55,45.700000000000045,76.66000000000003,xml_geometry_csv_action
BootPass_6,304,45,32,Position_Unknown,Team_Unknown,Action_PreSnap,989.99,479.34,1035.96,563.34,45.97000000000003,84.00000000000006,xml_geometry_csv_action
BootPass_6,304,46,33,Position_Unknown,Team_Unknown,Action_PreSnap,837.1,368.11,883.77,458.71,46.66999999999996,90.59999999999997,xml_geometry_csv_action
BootPass_6,304,47,34,Position_Unknown,Team_Unknown,Action_PreSnap,794.51,638.19,840.12,738.5,45.610000000000014,100.30999999999995,xml_geometry_csv_action
BootPass_6,304,48,35,Position_Unknown,Team_Unknown,Action_PreSnap,576.71,738.02,631.32,872.33,54.610000000000014,134.31000000000006,xml_geometry_csv_action
BootPass_6,304,51,37,Position_Unknown,Team_Unknown,Action_PreSnap,806.18,671.87,862.1,801.72,55.92000000000007,129.85000000000002,xml_geometry_csv_action
BootPass_6,304,53,38,Position_Unknown,Team_Unknown,Action_PreSnap,1222.02,581.95,1270.98,724.57,48.960000000000036,142.62,xml_geometry_csv_action
BootPass_6,304,58,41,Position_Unknown,Team_Unknown,Action_PreSnap,839.38,269.01,882.92,357.14,43.539999999999964,88.13,xml_geometry_csv_action
BootPass_6,304,5,5,Position_Unknown,Team_Unknown,Action_PreSnap,714.37,523.23,767.86,633.89,53.49000000000001,110.65999999999997,xml_geometry_csv_action
BootPass_6,304,6,6,Position_Unknown,Team_Unknown,Action_PreSnap,556.11,686.84,604.51,807.8,48.39999999999998,120.95999999999992,xml_geometry_csv_action
BootPass_6,305,0,0,Position_Unknown,Team_Unknown,Action_PreSnap,1164.73,418.4,1208.5,521.59,43.76999999999998,103.19000000000005,xml_geometry_csv_action
BootPass_6,305,1,1,Position_Unknown,Team_Unknown,Action_PreSnap,1384.62,753.2,1441.13,877.4,56.51000000000022,124.19999999999993,xml_geometry_csv_action
BootPass_6,305,10,10,Position_Unknown,Team_Unknown,Action_PreSnap,1001.07,626.62,1049.57,733.94,48.499999999999886,107.32000000000005,xml_geometry_csv_action
BootPass_6,305,12,12,Position_Unknown,Team_Unknown,Action_PreSnap,1819.49,549.65,1873.84,668.9,54.34999999999991,119.25,xml_geometry_csv_action
BootPass_6,305,13,13,Position_Unknown,Team_Unknown,Action_PreSnap,1316.37,641.76,1374.46,774.86,58.090000000000146,133.10000000000002,xml_geometry_csv_action
BootPass_6,305,17,17,Position_Unknown,Team_Unknown,Action_PreSnap,1109.98,810.39,1168.63,952.09,58.65000000000009,141.70000000000005,xml_geometry_csv_action
BootPass_6,305,21,18,Position_Unknown,Team_Unknown,Action_PreSnap,1206.9,590.4,1253.63,727.04,46.73000000000002,136.64,xml_geometry_csv_action
BootPass_6,305,2,2,Position_Unknown,Team_Unknown,Action_PreSnap,1047.8,774.2,1110.08,906.1,62.27999999999997,131.89999999999998,xml_geometry_csv_action
BootPass_6,305,31,23,Position_Unknown,Team_Unknown,Action_PreSnap,1285.34,829.57,1341.73,971.16,56.3900000000001,141.58999999999992,xml_geometry_csv_action
BootPass_6,305,35,27,Position_Unknown,Team_Unknown,Action_PreSnap,1396.71,686.48,1447.02,770.93,50.309999999999945,84.44999999999993,xml_geometry_csv_action
BootPass_6,305,42,31,Position_Unknown,Team_Unknown,Action_PreSnap,966.64,266.26,1016.71,344.53,50.07000000000005,78.26999999999998,xml_geometry_csv_action
BootPass_6,305,45,32,Position_Unknown,Team_Unknown,Action_PreSnap,992.6,477.7,1037.49,563.14,44.889999999999986,85.44,xml_geometry_csv_action
BootPass_6,305,46,33,Position_Unknown,Team_Unknown,Action_PreSnap,839.47,364.4,885.55,452.31,46.07999999999993,87.91000000000003,xml_geometry_csv_action
BootPass_6,305,47,34,Position_Unknown,Team_Unknown,Action_PreSnap,799.14,636.02,844.76,730.67,45.620000000000005,94.64999999999998,xml_geometry_csv_action
BootPass_6,305,48,35,Position_Unknown,Team_Unknown,Action_PreSnap,580.91,737.1,635.13,873.58,54.22000000000003,136.48000000000002,xml_geometry_csv_action
BootPass_6,305,51,37,Position_Unknown,Team_Unknown,Action_PreSnap,809.75,670.25,866.62,800.96,56.870000000000005,130.71000000000004,xml_geometry_csv_action
BootPass_6,305,53,38,Position_Unknown,Team_Unknown,Action_PreSnap,1225.17,581.2,1274.84,725.07,49.669999999999845,143.87,xml_geometry_csv_action
BootPass_6,305,58,41,Position_Unknown,Team_Unknown,Action_PreSnap,838.56,268.13,884.15,356.94,45.59000000000003,88.81,xml_geometry_csv_action
BootPass_6,305,5,5,Position_Unknown,Team_Unknown,Action_PreSnap,719.79,519.77,773.1,629.41,53.31000000000006,109.63999999999999,xml_geometry_csv_action
BootPass_6,305,6,6,Position_Unknown,Team_Unknown,Action_PreSnap,560.28,683.36,608.94,804.94,48.66000000000008,121.58000000000004,xml_geometry_csv_action
BootPass_6,306,0,0,Position_Unknown,Team_Unknown,Action_PreSnap,1168.53,417.46,1212.09,520.51,43.559999999999945,103.05000000000001,xml_geometry_csv_action
BootPass_6,306,1,1,Position_Unknown,Team_Unknown,Action_PreSnap,1392.84,750.48,1449.89,876.18,57.05000000000018,125.69999999999993,xml_geometry_csv_action
BootPass_6,306,10,10,Position_Unknown,Team_Unknown,Action_PreSnap,1002.63,624.68,1048.81,731.44,46.17999999999995,106.7600000000001,xml_geometry_csv_action
BootPass_6,306,12,12,Position_Unknown,Team_Unknown,Action_PreSnap,1824.75,547.85,1877.58,663.47,52.82999999999993,115.62,xml_geometry_csv_action
BootPass_6,306,13,13,Position_Unknown,Team_Unknown,Action_PreSnap,1322.31,641.13,1382.02,775.24,59.710000000000036,134.11,xml_geometry_csv_action
BootPass_6,306,17,17,Position_Unknown,Team_Unknown,Action_PreSnap,1115.25,810.87,1174.78,952.1,59.52999999999997,141.23000000000002,xml_geometry_csv_action
BootPass_6,306,2,2,Position_Unknown,Team_Unknown,Action_PreSnap,1051.84,773.88,1117.15,905.42,65.31000000000017,131.53999999999996,xml_geometry_csv_action
BootPass_6,306,31,23,Position_Unknown,Team_Unknown,Action_PreSnap,1292.7,829.6,1350.29,970.49,57.58999999999992,140.89,xml_geometry_csv_action
BootPass_6,306,35,27,Position_Unknown,Team_Unknown,Action_PreSnap,1403.23,685.11,1453.74,768.71,50.50999999999999,83.60000000000002,xml_geometry_csv_action
BootPass_6,306,3,3,Position_Unknown,Team_Unknown,Action_PreSnap,1417.88,724.18,1454.96,852.68,37.07999999999993,128.5,xml_geometry_csv_action
BootPass_6,306,42,31,Position_Unknown,Team_Unknown,Action_PreSnap,961.32,263.87,1018.1,343.01,56.77999999999997,79.13999999999999,xml_geometry_csv_action
BootPass_6,306,45,32,Position_Unknown,Team_Unknown,Action_PreSnap,996.17,476.46,1039.29,566.18,43.120000000000005,89.71999999999997,xml_geometry_csv_action
BootPass_6,306,46,33,Position_Unknown,Team_Unknown,Action_PreSnap,841.43,361.96,887.46,449.22,46.030000000000086,87.26000000000005,xml_geometry_csv_action
BootPass_6,306,47,34,Position_Unknown,Team_Unknown,Action_PreSnap,804.7,634.54,849.27,730.77,44.569999999999936,96.23000000000002,xml_geometry_csv_action
BootPass_6,306,48,35,Position_Unknown,Team_Unknown,Action_PreSnap,584.62,736.23,639.41,872.88,54.789999999999964,136.64999999999998,xml_geometry_csv_action
BootPass_6,306,51,37,Position_Unknown,Team_Unknown,Action_PreSnap,814.76,669.45,870.81,800.24,56.049999999999955,130.78999999999996,xml_geometry_csv_action
BootPass_6,306,53,38,Position_Unknown,Team_Unknown,Action_PreSnap,1229.64,579.9,1280.95,725.41,51.309999999999945,145.51,xml_geometry_csv_action
BootPass_6,306,58,41,Position_Unknown,Team_Unknown,Action_PreSnap,837.01,267.23,887.21,355.01,50.200000000000045,87.77999999999997,xml_geometry_csv_action
BootPass_6,306,5,5,Position_Unknown,Team_Unknown,Action_PreSnap,725.09,515.51,779.08,624.92,53.99000000000001,109.40999999999997,xml_geometry_csv_action
BootPass_6,306,6,6,Position_Unknown,Team_Unknown,Action_PreSnap,564.58,679.81,613.39,802.58,48.809999999999945,122.7700000000001,xml_geometry_csv_action
BootPass_6,307,0,0,Position_Unknown,Team_Unknown,Action_PreSnap,1173.52,414.32,1217.19,518.66,43.67000000000007,104.33999999999997,xml_geometry_csv_action
BootPass_6,307,1,1,Position_Unknown,Team_Unknown,Action_PreSnap,1401.15,748.52,1456.44,876.84,55.289999999999964,128.32000000000005,xml_geometry_csv_action
BootPass_6,307,10,10,Position_Unknown,Team_Unknown,Action_PreSnap,1005.95,622.37,1051.48,736.02,45.52999999999997,113.64999999999998,xml_geometry_csv_action
BootPass_6,307,12,12,Position_Unknown,Team_Unknown,Action_PreSnap,1830.27,545.9,1882.76,657.68,52.49000000000001,111.77999999999997,xml_geometry_csv_action
BootPass_6,307,13,13,Position_Unknown,Team_Unknown,Action_PreSnap,1328.98,641.65,1389.79,774.79,60.809999999999945,133.14,xml_geometry_csv_action
BootPass_6,307,17,17,Position_Unknown,Team_Unknown,Action_PreSnap,1122.2,810.43,1181.7,952.09,59.5,141.66000000000008,xml_geometry_csv_action
BootPass_6,307,2,2,Position_Unknown,Team_Unknown,Action_PreSnap,1056.92,772.94,1125.58,904.15,68.65999999999985,131.20999999999992,xml_geometry_csv_action
BootPass_6,307,31,23,Position_Unknown,Team_Unknown,Action_PreSnap,1300.58,829.56,1359.96,969.65,59.38000000000011,140.09000000000003,xml_geometry_csv_action
BootPass_6,307,35,27,Position_Unknown,Team_Unknown,Action_PreSnap,1411.32,683.52,1461.65,786.13,50.330000000000155,102.61000000000001,xml_geometry_csv_action
BootPass_6,307,42,31,Position_Unknown,Team_Unknown,Action_PreSnap,954.43,261.92,1017.96,340.65,63.530000000000086,78.72999999999996,xml_geometry_csv_action
BootPass_6,307,45,32,Position_Unknown,Team_Unknown,Action_PreSnap,1000.05,474.96,1041.88,567.68,41.830000000000155,92.71999999999997,xml_geometry_csv_action
BootPass_6,307,46,33,Position_Unknown,Team_Unknown,Action_PreSnap,843.54,359.01,889.19,447.78,45.65000000000009,88.76999999999998,xml_geometry_csv_action
BootPass_6,307,47,34,Position_Unknown,Team_Unknown,Action_PreSnap,810.48,631.22,856.31,720.04,45.82999999999993,88.81999999999994,xml_geometry_csv_action
BootPass_6,307,48,35,Position_Unknown,Team_Unknown,Action_PreSnap,590.28,734.46,645.46,870.92,55.180000000000064,136.45999999999992,xml_geometry_csv_action
BootPass_6,307,51,37,Position_Unknown,Team_Unknown,Action_PreSnap,820.73,668.93,876.4,799.73,55.66999999999996,130.80000000000007,xml_geometry_csv_action
BootPass_6,307,53,38,Position_Unknown,Team_Unknown,Action_PreSnap,1234.66,578.7,1286.71,724.24,52.049999999999955,145.53999999999996,xml_geometry_csv_action
BootPass_6,307,58,41,Position_Unknown,Team_Unknown,Action_PreSnap,833.74,265.83,890.09,349.65,56.35000000000002,83.82,xml_geometry_csv_action
BootPass_6,307,5,5,Position_Unknown,Team_Unknown,Action_PreSnap,730.96,511.38,785.15,619.96,54.18999999999994,108.58000000000004,xml_geometry_csv_action
BootPass_6,307,6,6,Position_Unknown,Team_Unknown,Action_PreSnap,569.6,676.46,619.44,799.04,49.84000000000003,122.57999999999993,xml_geometry_csv_action
BootPass_6,308,0,0,Position_Unknown,Team_Unknown,Action_PreSnap,1179.37,411.7,1222.55,517.82,43.180000000000064,106.12000000000006,xml_geometry_csv_action
BootPass_6,308,1,1,Position_Unknown,Team_Unknown,Action_PreSnap,1409.82,746.36,1464.26,876.8,54.440000000000055,130.43999999999994,xml_geometry_csv_action
BootPass_6,308,10,10,Position_Unknown,Team_Unknown,Action_PreSnap,1008.0,620.26,1054.64,733.06,46.6400000000001,112.79999999999995,xml_geometry_csv_action
BootPass_6,308,12,12,Position_Unknown,Team_Unknown,Action_PreSnap,1836.18,544.9,1888.14,655.96,51.960000000000036,111.06000000000006,xml_geometry_csv_action
BootPass_6,308,13,13,Position_Unknown,Team_Unknown,Action_PreSnap,1337.29,643.06,1397.39,773.47,60.100000000000136,130.41000000000008,xml_geometry_csv_action
BootPass_6,308,17,17,Position_Unknown,Team_Unknown,Action_PreSnap,1129.2,810.45,1189.33,953.21,60.12999999999988,142.76,xml_geometry_csv_action
BootPass_6,308,2,2,Position_Unknown,Team_Unknown,Action_PreSnap,1062.14,772.11,1132.69,903.5,70.54999999999995,131.39,xml_geometry_csv_action
BootPass_6,308,31,23,Position_Unknown,Team_Unknown,Action_PreSnap,1309.02,829.59,1368.7,969.88,59.680000000000064,140.28999999999996,xml_geometry_csv_action
BootPass_6,308,35,27,Position_Unknown,Team_Unknown,Action_PreSnap,1421.14,682.42,1470.52,779.18,49.37999999999988,96.75999999999999,xml_geometry_csv_action
BootPass_6,308,42,31,Position_Unknown,Team_Unknown,Action_PreSnap,948.33,260.81,1015.27,336.74,66.93999999999994,75.93,xml_geometry_csv_action
BootPass_6,308,45,32,Position_Unknown,Team_Unknown,Action_PreSnap,1005.37,473.99,1045.92,568.02,40.55000000000007,94.02999999999997,xml_geometry_csv_action
BootPass_6,308,46,33,Position_Unknown,Team_Unknown,Action_PreSnap,846.01,356.48,892.01,446.12,46.0,89.63999999999999,xml_geometry_csv_action
BootPass_6,308,47,34,Position_Unknown,Team_Unknown,Action_PreSnap,817.21,629.71,862.72,714.16,45.50999999999999,84.44999999999993,xml_geometry_csv_action
BootPass_6,308,48,35,Position_Unknown,Team_Unknown,Action_PreSnap,595.97,733.22,651.32,869.5,55.35000000000002,136.27999999999997,xml_geometry_csv_action
BootPass_6,308,51,37,Position_Unknown,Team_Unknown,Action_PreSnap,827.08,668.62,880.89,799.39,53.809999999999945,130.76999999999998,xml_geometry_csv_action
BootPass_6,308,53,38,Position_Unknown,Team_Unknown,Action_PreSnap,1240.51,578.16,1293.04,725.54,52.52999999999997,147.38,xml_geometry_csv_action
BootPass_6,308,58,41,Position_Unknown,Team_Unknown,Action_PreSnap,831.27,266.41,890.23,344.46,58.960000000000036,78.04999999999995,xml_geometry_csv_action
BootPass_6,308,5,5,Position_Unknown,Team_Unknown,Action_PreSnap,735.97,508.9,788.75,617.06,52.77999999999997,108.15999999999997,xml_geometry_csv_action
BootPass_6,308,6,6,Position_Unknown,Team_Unknown,Action_PreSnap,574.98,674.66,624.25,796.45,49.26999999999998,121.79000000000008,xml_geometry_csv_action
BootPass_6,309,0,0,Position_Unknown,Team_Unknown,Action_PreSnap,1186.43,408.3,1229.88,515.49,43.450000000000045,107.19,xml_geometry_csv_action
BootPass_6,309,1,1,Position_Unknown,Team_Unknown,Action_PreSnap,1421.35,745.0,1474.86,876.66,53.50999999999999,131.65999999999997,xml_geometry_csv_action
BootPass_6,309,10,10,Position_Unknown,Team_Unknown,Action_PreSnap,1011.64,618.37,1059.63,731.25,47.99000000000012,112.88,xml_geometry_csv_action
BootPass_6,309,12,12,Position_Unknown,Team_Unknown,Action_PreSnap,1842.85,543.47,1896.99,655.12,54.1400000000001,111.64999999999998,xml_geometry_csv_action
BootPass_6,309,13,13,Position_Unknown,Team_Unknown,Action_PreSnap,1344.88,642.4,1406.19,773.96,61.309999999999945,131.56000000000006,xml_geometry_csv_action
BootPass_6,309,17,17,Position_Unknown,Team_Unknown,Action_PreSnap,1138.69,810.88,1198.27,954.42,59.57999999999993,143.53999999999996,xml_geometry_csv_action
BootPass_6,309,21,18,Position_Unknown,Team_Unknown,Action_PreSnap,1249.86,578.42,1301.1,721.88,51.24000000000001,143.46000000000004,xml_geometry_csv_action
BootPass_6,309,2,2,Position_Unknown,Team_Unknown,Action_PreSnap,1071.07,771.5,1138.74,903.9,67.67000000000007,132.39999999999998,xml_geometry_csv_action
BootPass_6,309,31,23,Position_Unknown,Team_Unknown,Action_PreSnap,1319.52,829.61,1379.76,970.19,60.24000000000001,140.58000000000004,xml_geometry_csv_action
BootPass_6,309,35,27,Position_Unknown,Team_Unknown,Action_PreSnap,1430.82,679.4,1482.33,772.3,51.50999999999999,92.89999999999998,xml_geometry_csv_action
BootPass_6,309,42,31,Position_Unknown,Team_Unknown,Action_PreSnap,947.87,259.63,1008.13,333.09,60.25999999999999,73.45999999999998,xml_geometry_csv_action
BootPass_6,309,45,32,Position_Unknown,Team_Unknown,Action_PreSnap,1010.75,471.95,1050.65,570.52,39.90000000000009,98.57,xml_geometry_csv_action
BootPass_6,309,46,33,Position_Unknown,Team_Unknown,Action_PreSnap,850.32,353.48,896.86,443.82,46.539999999999964,90.33999999999997,xml_geometry_csv_action
BootPass_6,309,47,34,Position_Unknown,Team_Unknown,Action_PreSnap,824.18,625.45,869.78,715.76,45.60000000000002,90.30999999999995,xml_geometry_csv_action
BootPass_6,309,48,35,Position_Unknown,Team_Unknown,Action_PreSnap,603.45,731.24,658.7,868.06,55.25,136.81999999999994,xml_geometry_csv_action
BootPass_6,309,51,37,Position_Unknown,Team_Unknown,Action_PreSnap,835.22,667.37,886.11,799.88,50.889999999999986,132.51,xml_geometry_csv_action
BootPass_6,309,53,38,Position_Unknown,Team_Unknown,Action_PreSnap,1253.14,577.12,1302.32,719.45,49.179999999999836,142.33000000000004,xml_geometry_csv_action
BootPass_6,309,58,41,Position_Unknown,Team_Unknown,Action_PreSnap,828.16,266.33,887.16,340.14,59.0,73.81,xml_geometry_csv_action
BootPass_6,309,5,5,Position_Unknown,Team_Unknown,Action_PreSnap,742.7,506.15,794.55,613.69,51.84999999999991,107.54000000000008,xml_geometry_csv_action
BootPass_6,309,6,6,Position_Unknown,Team_Unknown,Action_PreSnap,581.3,672.99,630.18,793.67,48.879999999999995,120.67999999999995,xml_geometry_csv_action
BootPass_6,310,0,0,Position_Unknown,Team_Unknown,Action_PreSnap,1194.53,405.13,1237.61,513.14,43.07999999999993,108.00999999999999,xml_geometry_csv_action
BootPass_6,310,1,1,Position_Unknown,Team_Unknown,Action_PreSnap,1432.17,743.59,1484.95,877.54,52.77999999999997,133.94999999999993,xml_geometry_csv_action
BootPass_6,310,10,10,Position_Unknown,Team_Unknown,Action_PreSnap,1015.28,616.8,1064.36,731.12,49.07999999999993,114.32000000000005,xml_geometry_csv_action
BootPass_6,310,12,12,Position_Unknown,Team_Unknown,Action_PreSnap,1850.77,541.79,1906.56,654.94,55.789999999999964,113.15000000000009,xml_geometry_csv_action
BootPass_6,310,13,13,Position_Unknown,Team_Unknown,Action_PreSnap,1356.21,641.8,1416.07,773.37,59.8599999999999,131.57000000000005,xml_geometry_csv_action
BootPass_6,310,17,17,Position_Unknown,Team_Unknown,Action_PreSnap,1147.76,812.21,1207.81,955.57,60.049999999999955,143.36,xml_geometry_csv_action
BootPass_6,310,21,18,Position_Unknown,Team_Unknown,Action_PreSnap,1251.65,583.12,1301.95,722.36,50.299999999999955,139.24,xml_geometry_csv_action
BootPass_6,310,2,2,Position_Unknown,Team_Unknown,Action_PreSnap,1079.2,771.51,1145.27,904.6,66.06999999999994,133.09000000000003,xml_geometry_csv_action
BootPass_6,310,31,23,Position_Unknown,Team_Unknown,Action_PreSnap,1330.38,830.15,1390.34,971.33,59.95999999999981,141.18000000000006,xml_geometry_csv_action
BootPass_6,310,35,27,Position_Unknown,Team_Unknown,Action_PreSnap,1441.8,679.16,1493.87,769.2,52.069999999999936,90.04000000000008,xml_geometry_csv_action
BootPass_6,310,42,31,Position_Unknown,Team_Unknown,Action_PreSnap,948.02,258.81,999.52,332.12,51.5,73.31,xml_geometry_csv_action
BootPass_6,310,45,32,Position_Unknown,Team_Unknown,Action_PreSnap,1017.01,469.32,1057.5,570.39,40.49000000000001,101.07,xml_geometry_csv_action
BootPass_6,310,46,33,Position_Unknown,Team_Unknown,Action_PreSnap,854.87,350.57,902.44,441.47,47.57000000000005,90.90000000000003,xml_geometry_csv_action
BootPass_6,310,47,34,Position_Unknown,Team_Unknown,Action_PreSnap,830.6,623.86,877.79,712.78,47.18999999999994,88.91999999999996,xml_geometry_csv_action
BootPass_6,310,48,35,Position_Unknown,Team_Unknown,Action_PreSnap,610.71,730.17,666.71,866.93,56.0,136.76,xml_geometry_csv_action
BootPass_6,310,51,37,Position_Unknown,Team_Unknown,Action_PreSnap,842.78,667.92,893.45,800.38,50.67000000000007,132.46000000000004,xml_geometry_csv_action
BootPass_6,310,53,38,Position_Unknown,Team_Unknown,Action_PreSnap,1265.03,576.98,1312.13,717.2,47.100000000000136,140.22000000000003,xml_geometry_csv_action
BootPass_6,310,58,41,Position_Unknown,Team_Unknown,Action_PreSnap,832.68,269.91,892.5,342.81,59.82000000000005,72.89999999999998,xml_geometry_csv_action
BootPass_6,310,5,5,Position_Unknown,Team_Unknown,Action_PreSnap,749.55,504.64,802.61,612.49,53.06000000000006,107.85000000000002,xml_geometry_csv_action
BootPass_6,310,6,6,Position_Unknown,Team_Unknown,Action_PreSnap,588.14,672.04,637.33,794.46,49.190000000000055,122.42000000000007,xml_geometry_csv_action
BootPass_6,311,0,0,Position_Unknown,Team_Unknown,Action_PreSnap,1203.14,402.12,1246.49,511.24,43.34999999999991,109.12,xml_geometry_csv_action
BootPass_6,311,1,1,Position_Unknown,Team_Unknown,Action_PreSnap,1443.91,745.03,1496.94,878.36,53.02999999999997,133.33000000000004,xml_geometry_csv_action
BootPass_6,311,10,10,Position_Unknown,Team_Unknown,Action_PreSnap,1019.88,614.44,1069.26,727.75,49.379999999999995,113.30999999999995,xml_geometry_csv_action
BootPass_6,311,12,12,Position_Unknown,Team_Unknown,Action_PreSnap,1860.96,539.04,1917.25,655.17,56.289999999999964,116.13,xml_geometry_csv_action
BootPass_6,311,13,13,Position_Unknown,Team_Unknown,Action_PreSnap,1368.65,639.8,1429.4,771.81,60.75,132.01,xml_geometry_csv_action
BootPass_6,311,17,17,Position_Unknown,Team_Unknown,Action_PreSnap,1157.37,812.46,1217.78,956.95,60.41000000000008,144.49,xml_geometry_csv_action
BootPass_6,311,21,18,Position_Unknown,Team_Unknown,Action_PreSnap,1259.34,582.63,1308.94,723.2,49.600000000000136,140.57000000000005,xml_geometry_csv_action
BootPass_6,311,2,2,Position_Unknown,Team_Unknown,Action_PreSnap,1087.52,770.73,1154.5,905.04,66.98000000000002,134.30999999999995,xml_geometry_csv_action
BootPass_6,311,31,23,Position_Unknown,Team_Unknown,Action_PreSnap,1342.27,830.64,1402.35,972.28,60.07999999999993,141.64,xml_geometry_csv_action
BootPass_6,311,35,27,Position_Unknown,Team_Unknown,Action_PreSnap,1449.19,677.74,1507.51,771.2,58.319999999999936,93.46000000000004,xml_geometry_csv_action
BootPass_6,311,42,31,Position_Unknown,Team_Unknown,Action_PreSnap,948.61,256.88,994.84,331.76,46.23000000000002,74.88,xml_geometry_csv_action
BootPass_6,311,45,32,Position_Unknown,Team_Unknown,Action_PreSnap,1022.96,465.31,1064.72,568.04,41.75999999999999,102.72999999999996,xml_geometry_csv_action
BootPass_6,311,46,33,Position_Unknown,Team_Unknown,Action_PreSnap,860.22,346.04,910.15,441.31,49.92999999999995,95.26999999999998,xml_geometry_csv_action
BootPass_6,311,47,34,Position_Unknown,Team_Unknown,Action_PreSnap,837.5,622.21,886.61,714.57,49.110000000000014,92.36000000000001,xml_geometry_csv_action
BootPass_6,311,48,35,Position_Unknown,Team_Unknown,Action_PreSnap,618.57,727.79,674.44,865.45,55.870000000000005,137.66000000000008,xml_geometry_csv_action
BootPass_6,311,51,37,Position_Unknown,Team_Unknown,Action_PreSnap,850.91,669.01,902.12,801.34,51.210000000000036,132.33000000000004,xml_geometry_csv_action
BootPass_6,311,53,38,Position_Unknown,Team_Unknown,Action_PreSnap,1275.65,576.59,1322.37,712.95,46.7199999999998,136.36,xml_geometry_csv_action
BootPass_6,311,58,41,Position_Unknown,Team_Unknown,Action_PreSnap,836.3,269.74,897.61,346.24,61.31000000000006,76.5,xml_geometry_csv_action
BootPass_6,311,5,5,Position_Unknown,Team_Unknown,Action_PreSnap,757.63,503.36,811.31,612.66,53.67999999999995,109.29999999999995,xml_geometry_csv_action
BootPass_6,311,6,6,Position_Unknown,Team_Unknown,Action_PreSnap,594.44,671.66,645.26,795.45,50.819999999999936,123.79000000000008,xml_geometry_csv_action
BootPass_6,312,0,0,Position_Unknown,Team_Unknown,Action_PreSnap,1212.29,400.07,1256.73,508.83,44.440000000000055,108.75999999999999,xml_geometry_csv_action
BootPass_6,312,1,1,Position_Unknown,Team_Unknown,Action_PreSnap,1456.8,746.72,1509.73,879.97,52.930000000000064,133.25,xml_geometry_csv_action
BootPass_6,312,10,10,Position_Unknown,Team_Unknown,Action_PreSnap,1025.97,613.81,1075.19,725.28,49.22000000000003,111.47000000000003,xml_geometry_csv_action
BootPass_6,312,12,12,Position_Unknown,Team_Unknown,Action_PreSnap,1871.47,537.27,1920.0,655.44,48.52999999999997,118.17000000000007,xml_geometry_csv_action
BootPass_6,312,13,13,Position_Unknown,Team_Unknown,Action_PreSnap,1380.53,640.29,1442.11,771.91,61.57999999999993,131.62,xml_geometry_csv_action
BootPass_6,312,17,17,Position_Unknown,Team_Unknown,Action_PreSnap,1167.67,814.02,1228.97,958.82,61.299999999999955,144.80000000000007,xml_geometry_csv_action
BootPass_6,312,2,2,Position_Unknown,Team_Unknown,Action_PreSnap,1097.09,770.68,1163.01,906.24,65.92000000000007,135.56000000000006,xml_geometry_csv_action
BootPass_6,312,31,23,Position_Unknown,Team_Unknown,Action_PreSnap,1354.95,831.53,1415.2,973.38,60.25,141.85000000000002,xml_geometry_csv_action
BootPass_6,312,35,27,Position_Unknown,Team_Unknown,Action_PreSnap,1460.51,678.8,1519.21,773.55,58.700000000000045,94.75,xml_geometry_csv_action
BootPass_6,312,42,31,Position_Unknown,Team_Unknown,Action_PreSnap,947.7,254.74,990.92,330.43,43.219999999999914,75.69,xml_geometry_csv_action
BootPass_6,312,45,32,Position_Unknown,Team_Unknown,Action_PreSnap,1029.43,462.56,1071.7,566.74,42.26999999999998,104.18,xml_geometry_csv_action
BootPass_6,312,46,33,Position_Unknown,Team_Unknown,Action_PreSnap,864.51,342.88,916.29,437.51,51.77999999999997,94.63,xml_geometry_csv_action
BootPass_6,312,47,34,Position_Unknown,Team_Unknown,Action_PreSnap,845.47,622.12,894.32,712.37,48.85000000000002,90.25,xml_geometry_csv_action
BootPass_6,312,48,35,Position_Unknown,Team_Unknown,Action_PreSnap,624.45,726.59,681.36,865.43,56.90999999999997,138.83999999999992,xml_geometry_csv_action
BootPass_6,312,51,37,Position_Unknown,Team_Unknown,Action_PreSnap,859.25,669.02,910.06,802.36,50.809999999999945,133.34000000000003,xml_geometry_csv_action
BootPass_6,312,53,38,Position_Unknown,Team_Unknown,Action_PreSnap,1286.6,576.65,1334.48,714.16,47.88000000000011,137.51,xml_geometry_csv_action
BootPass_6,312,58,41,Position_Unknown,Team_Unknown,Action_PreSnap,840.24,270.5,900.7,347.27,60.460000000000036,76.76999999999998,xml_geometry_csv_action
BootPass_6,312,5,5,Position_Unknown,Team_Unknown,Action_PreSnap,765.71,502.12,819.19,613.17,53.48000000000002,111.04999999999995,xml_geometry_csv_action
BootPass_6,312,6,6,Position_Unknown,Team_Unknown,Action_PreSnap,600.68,671.46,652.48,796.86,51.80000000000007,125.39999999999998,xml_geometry_csv_action
BootPass_6,313,0,0,Position_Unknown,Team_Unknown,Action_PreSnap,1221.39,397.78,1267.2,504.42,45.809999999999945,106.64000000000004,xml_geometry_csv_action
BootPass_6,313,1,1,Position_Unknown,Team_Unknown,Action_PreSnap,1470.78,747.05,1524.06,881.23,53.27999999999997,134.18000000000006,xml_geometry_csv_action
BootPass_6,313,10,10,Position_Unknown,Team_Unknown,Action_PreSnap,1030.57,613.03,1080.37,724.07,49.799999999999955,111.04000000000008,xml_geometry_csv_action
BootPass_6,313,12,12,Position_Unknown,Team_Unknown,Action_PreSnap,1881.93,534.63,1920.0,654.19,38.069999999999936,119.56000000000006,xml_geometry_csv_action
BootPass_6,313,13,13,Position_Unknown,Team_Unknown,Action_PreSnap,1391.55,639.85,1455.52,773.28,63.97000000000003,133.42999999999995,xml_geometry_csv_action
BootPass_6,313,17,17,Position_Unknown,Team_Unknown,Action_PreSnap,1179.52,815.79,1241.55,961.2,62.02999999999997,145.41000000000008,xml_geometry_csv_action
BootPass_6,313,21,18,Position_Unknown,Team_Unknown,Action_PreSnap,1280.15,584.61,1329.33,721.54,49.179999999999836,136.92999999999995,xml_geometry_csv_action
BootPass_6,313,2,2,Position_Unknown,Team_Unknown,Action_PreSnap,1107.15,771.06,1173.67,908.43,66.51999999999998,137.37,xml_geometry_csv_action
BootPass_6,313,31,23,Position_Unknown,Team_Unknown,Action_PreSnap,1368.24,831.74,1428.82,975.19,60.57999999999993,143.45000000000005,xml_geometry_csv_action
BootPass_6,313,35,27,Position_Unknown,Team_Unknown,Action_PreSnap,1471.83,679.55,1534.94,772.68,63.11000000000013,93.13,xml_geometry_csv_action
BootPass_6,313,42,31,Position_Unknown,Team_Unknown,Action_PreSnap,948.08,252.34,992.14,328.07,44.059999999999945,75.72999999999999,xml_geometry_csv_action
BootPass_6,313,45,32,Position_Unknown,Team_Unknown,Action_PreSnap,1036.72,460.1,1079.32,564.57,42.59999999999991,104.47000000000003,xml_geometry_csv_action
BootPass_6,313,46,33,Position_Unknown,Team_Unknown,Action_PreSnap,870.04,339.73,921.15,427.61,51.110000000000014,87.88,xml_geometry_csv_action
BootPass_6,313,47,34,Position_Unknown,Team_Unknown,Action_PreSnap,853.36,620.31,902.35,715.21,48.99000000000001,94.90000000000009,xml_geometry_csv_action
BootPass_6,313,48,35,Position_Unknown,Team_Unknown,Action_PreSnap,629.8,725.6,687.36,865.42,57.56000000000006,139.81999999999994,xml_geometry_csv_action
BootPass_6,313,51,37,Position_Unknown,Team_Unknown,Action_PreSnap,866.93,669.64,917.41,802.67,50.48000000000002,133.02999999999997,xml_geometry_csv_action
BootPass_6,313,53,38,Position_Unknown,Team_Unknown,Action_PreSnap,1298.08,576.4,1345.35,705.68,47.26999999999998,129.27999999999997,xml_geometry_csv_action
BootPass_6,313,58,41,Position_Unknown,Team_Unknown,Action_PreSnap,837.49,269.19,893.57,345.28,56.08000000000004,76.08999999999997,xml_geometry_csv_action
BootPass_6,313,5,5,Position_Unknown,Team_Unknown,Action_PreSnap,773.7,502.38,826.52,613.43,52.819999999999936,111.04999999999995,xml_geometry_csv_action
BootPass_6,313,6,6,Position_Unknown,Team_Unknown,Action_PreSnap,607.48,670.96,659.13,794.67,51.64999999999998,123.70999999999992,xml_geometry_csv_action
BootPass_6,314,0,0,Position_Unknown,Team_Unknown,Action_PreSnap,1230.4,396.26,1278.5,502.99,48.09999999999991,106.73000000000002,xml_geometry_csv_action
BootPass_6,314,1,1,Position_Unknown,Team_Unknown,Action_PreSnap,1484.74,748.04,1538.06,882.89,53.319999999999936,134.85000000000002,xml_geometry_csv_action
BootPass_6,314,10,10,Position_Unknown,Team_Unknown,Action_PreSnap,1036.09,613.62,1086.37,724.68,50.27999999999997,111.05999999999995,xml_geometry_csv_action
BootPass_6,314,13,13,Position_Unknown,Team_Unknown,Action_PreSnap,1406.46,639.32,1471.44,775.16,64.98000000000002,135.83999999999992,xml_geometry_csv_action
BootPass_6,314,17,17,Position_Unknown,Team_Unknown,Action_PreSnap,1190.57,817.44,1252.97,963.96,62.40000000000009,146.51999999999998,xml_geometry_csv_action
BootPass_6,314,21,18,Position_Unknown,Team_Unknown,Action_PreSnap,1290.72,587.12,1339.51,718.35,48.789999999999964,131.23000000000002,xml_geometry_csv_action
BootPass_6,314,2,2,Position_Unknown,Team_Unknown,Action_PreSnap,1116.05,771.62,1184.33,910.65,68.27999999999997,139.02999999999997,xml_geometry_csv_action
BootPass_6,314,31,23,Position_Unknown,Team_Unknown,Action_PreSnap,1382.07,833.23,1442.55,977.31,60.48000000000002,144.07999999999993,xml_geometry_csv_action
BootPass_6,314,35,27,Position_Unknown,Team_Unknown,Action_PreSnap,1488.8,680.75,1550.67,779.63,61.87000000000012,98.88,xml_geometry_csv_action
BootPass_6,314,42,31,Position_Unknown,Team_Unknown,Action_PreSnap,947.91,248.86,997.29,325.85,49.379999999999995,76.99000000000001,xml_geometry_csv_action
BootPass_6,314,45,32,Position_Unknown,Team_Unknown,Action_PreSnap,1043.07,458.33,1087.23,563.1,44.16000000000008,104.77000000000004,xml_geometry_csv_action
BootPass_6,314,46,33,Position_Unknown,Team_Unknown,Action_PreSnap,875.18,337.08,925.56,422.24,50.379999999999995,85.16000000000003,xml_geometry_csv_action
BootPass_6,314,47,34,Position_Unknown,Team_Unknown,Action_PreSnap,861.64,619.72,909.11,719.54,47.47000000000003,99.81999999999994,xml_geometry_csv_action
BootPass_6,314,48,35,Position_Unknown,Team_Unknown,Action_PreSnap,635.4,727.37,692.71,867.14,57.31000000000006,139.76999999999998,xml_geometry_csv_action
BootPass_6,314,51,37,Position_Unknown,Team_Unknown,Action_PreSnap,874.72,670.33,925.63,804.28,50.90999999999997,133.94999999999993,xml_geometry_csv_action
BootPass_6,314,53,38,Position_Unknown,Team_Unknown,Action_PreSnap,1309.73,576.49,1356.6,694.59,46.86999999999989,118.10000000000002,xml_geometry_csv_action
BootPass_6,314,58,41,Position_Unknown,Team_Unknown,Action_PreSnap,837.37,268.42,893.36,343.07,55.99000000000001,74.64999999999998,xml_geometry_csv_action
BootPass_6,314,5,5,Position_Unknown,Team_Unknown,Action_PreSnap,781.18,501.92,832.71,613.33,51.530000000000086,111.41000000000003,xml_geometry_csv_action
BootPass_6,314,6,6,Position_Unknown,Team_Unknown,Action_PreSnap,613.37,670.39,665.87,795.93,52.5,125.53999999999996,xml_geometry_csv_action
BootPass_6,315,0,0,Position_Unknown,Team_Unknown,Action_PreSnap,1239.6,394.67,1288.39,500.94,48.79000000000019,106.26999999999998,xml_geometry_csv_action
BootPass_6,315,1,1,Position_Unknown,Team_Unknown,Action_PreSnap,1500.95,749.63,1553.69,885.01,52.74000000000001,135.38,xml_geometry_csv_action
BootPass_6,315,10,10,Position_Unknown,Team_Unknown,Action_PreSnap,1040.83,613.8,1092.68,724.57,51.850000000000136,110.7700000000001,xml_geometry_csv_action
BootPass_6,315,13,13,Position_Unknown,Team_Unknown,Action_PreSnap,1422.44,638.74,1485.75,774.62,63.309999999999945,135.88,xml_geometry_csv_action
BootPass_6,315,17,17,Position_Unknown,Team_Unknown,Action_PreSnap,1202.82,819.8,1264.69,967.82,61.87000000000012,148.0200000000001,xml_geometry_csv_action
BootPass_6,315,21,18,Position_Unknown,Team_Unknown,Action_PreSnap,1301.76,588.43,1349.22,719.87,47.460000000000036,131.44000000000005,xml_geometry_csv_action
BootPass_6,315,2,2,Position_Unknown,Team_Unknown,Action_PreSnap,1126.8,773.2,1196.24,913.98,69.44000000000005,140.77999999999997,xml_geometry_csv_action
BootPass_6,315,31,23,Position_Unknown,Team_Unknown,Action_PreSnap,1397.94,834.28,1458.55,979.83,60.6099999999999,145.55000000000007,xml_geometry_csv_action
BootPass_6,315,35,27,Position_Unknown,Team_Unknown,Action_PreSnap,1511.0,682.48,1567.61,801.35,56.6099999999999,118.87,xml_geometry_csv_action
BootPass_6,315,42,31,Position_Unknown,Team_Unknown,Action_PreSnap,948.27,245.92,1003.46,322.95,55.190000000000055,77.03,xml_geometry_csv_action
BootPass_6,315,45,32,Position_Unknown,Team_Unknown,Action_PreSnap,1050.4,455.82,1096.12,562.12,45.7199999999998,106.30000000000001,xml_geometry_csv_action
BootPass_6,315,46,33,Position_Unknown,Team_Unknown,Action_PreSnap,879.84,332.99,927.9,419.15,48.059999999999945,86.15999999999997,xml_geometry_csv_action
BootPass_6,315,47,34,Position_Unknown,Team_Unknown,Action_PreSnap,869.19,617.7,916.05,719.62,46.8599999999999,101.91999999999996,xml_geometry_csv_action
BootPass_6,315,48,35,Position_Unknown,Team_Unknown,Action_PreSnap,640.98,728.61,698.49,868.16,57.50999999999999,139.54999999999995,xml_geometry_csv_action
BootPass_6,315,51,37,Position_Unknown,Team_Unknown,Action_PreSnap,882.47,671.2,934.02,805.77,51.549999999999955,134.56999999999994,xml_geometry_csv_action
BootPass_6,315,53,38,Position_Unknown,Team_Unknown,Action_PreSnap,1322.42,576.01,1369.99,680.74,47.569999999999936,104.73000000000002,xml_geometry_csv_action
BootPass_6,315,58,41,Position_Unknown,Team_Unknown,Action_PreSnap,835.69,267.16,894.3,341.13,58.6099999999999,73.96999999999997,xml_geometry_csv_action
BootPass_6,315,5,5,Position_Unknown,Team_Unknown,Action_PreSnap,787.81,499.98,838.09,612.19,50.280000000000086,112.21000000000004,xml_geometry_csv_action
BootPass_6,315,6,6,Position_Unknown,Team_Unknown,Action_PreSnap,620.42,668.93,673.09,791.85,52.67000000000007,122.92000000000007,xml_geometry_csv_action
BootPass_6,316,0,0,Position_Unknown,Team_Unknown,Action_PreSnap,1249.18,393.0,1299.46,500.49,50.27999999999997,107.49000000000001,xml_geometry_csv_action
BootPass_6,316,1,1,Position_Unknown,Team_Unknown,Action_PreSnap,1516.96,752.51,1571.1,888.21,54.13999999999987,135.70000000000005,xml_geometry_csv_action
BootPass_6,316,10,10,Position_Unknown,Team_Unknown,Action_PreSnap,1046.02,613.9,1099.25,727.1,53.23000000000002,113.20000000000005,xml_geometry_csv_action
BootPass_6,316,13,13,Position_Unknown,Team_Unknown,Action_PreSnap,1435.97,639.96,1501.62,777.57,65.64999999999986,137.61,xml_geometry_csv_action
BootPass_6,316,17,17,Position_Unknown,Team_Unknown,Action_PreSnap,1214.97,823.87,1277.16,973.09,62.190000000000055,149.22000000000003,xml_geometry_csv_action
BootPass_6,316,21,18,Position_Unknown,Team_Unknown,Action_PreSnap,1315.75,587.78,1364.21,722.18,48.460000000000036,134.39999999999998,xml_geometry_csv_action
BootPass_6,316,2,2,Position_Unknown,Team_Unknown,Action_PreSnap,1137.23,775.45,1208.42,918.38,71.19000000000005,142.92999999999995,xml_geometry_csv_action
BootPass_6,316,31,23,Position_Unknown,Team_Unknown,Action_PreSnap,1413.99,837.25,1475.11,985.1,61.11999999999989,147.85000000000002,xml_geometry_csv_action
BootPass_6,316,35,27,Position_Unknown,Team_Unknown,Action_PreSnap,1532.43,685.01,1585.15,798.12,52.72000000000003,113.11000000000001,xml_geometry_csv_action
BootPass_6,316,42,31,Position_Unknown,Team_Unknown,Action_PreSnap,946.86,242.93,1006.94,319.75,60.08000000000004,76.82,xml_geometry_csv_action
BootPass_6,316,45,32,Position_Unknown,Team_Unknown,Action_PreSnap,1057.39,454.42,1105.4,561.62,48.00999999999999,107.19999999999999,xml_geometry_csv_action
BootPass_6,316,46,33,Position_Unknown,Team_Unknown,Action_PreSnap,884.76,330.37,931.77,417.81,47.00999999999999,87.44,xml_geometry_csv_action
BootPass_6,316,47,34,Position_Unknown,Team_Unknown,Action_PreSnap,877.39,616.05,924.91,720.04,47.51999999999998,103.99000000000001,xml_geometry_csv_action
BootPass_6,316,48,35,Position_Unknown,Team_Unknown,Action_PreSnap,645.48,730.91,703.52,870.19,58.039999999999964,139.2800000000001,xml_geometry_csv_action
BootPass_6,316,51,37,Position_Unknown,Team_Unknown,Action_PreSnap,890.84,673.99,942.84,808.07,52.0,134.08000000000004,xml_geometry_csv_action
BootPass_6,316,53,38,Position_Unknown,Team_Unknown,Action_PreSnap,1335.23,575.88,1383.63,702.07,48.40000000000009,126.19000000000005,xml_geometry_csv_action
BootPass_6,316,58,41,Position_Unknown,Team_Unknown,Action_PreSnap,834.17,265.86,895.15,340.32,60.98000000000002,74.45999999999998,xml_geometry_csv_action
BootPass_6,316,5,5,Position_Unknown,Team_Unknown,Action_PreSnap,793.55,498.42,845.36,610.0,51.81000000000006,111.57999999999998,xml_geometry_csv_action
BootPass_6,316,6,6,Position_Unknown,Team_Unknown,Action_PreSnap,627.09,668.51,679.69,774.71,52.60000000000002,106.20000000000005,xml_geometry_csv_action
BootPass_6,317,0,0,Position_Unknown,Team_Unknown,Action_PreSnap,1259.44,390.73,1309.47,499.98,50.02999999999997,109.25,xml_geometry_csv_action
BootPass_6,317,1,1,Position_Unknown,Team_Unknown,Action_PreSnap,1534.8,757.6,1589.47,892.36,54.67000000000007,134.76,xml_geometry_csv_action
BootPass_6,317,10,10,Position_Unknown,Team_Unknown,Action_PreSnap,1052.09,614.73,1106.07,731.9,53.98000000000002,117.16999999999996,xml_geometry_csv_action
BootPass_6,317,13,13,Position_Unknown,Team_Unknown,Action_PreSnap,1452.41,641.6,1518.88,781.18,66.47000000000003,139.57999999999993,xml_geometry_csv_action
BootPass_6,317,17,17,Position_Unknown,Team_Unknown,Action_PreSnap,1228.22,828.45,1291.24,979.55,63.01999999999998,151.0999999999999,xml_geometry_csv_action
BootPass_6,317,21,18,Position_Unknown,Team_Unknown,Action_PreSnap,1328.51,588.0,1377.19,721.97,48.680000000000064,133.97000000000003,xml_geometry_csv_action
BootPass_6,317,2,2,Position_Unknown,Team_Unknown,Action_PreSnap,1148.33,778.87,1221.2,924.3,72.87000000000012,145.42999999999995,xml_geometry_csv_action
BootPass_6,317,31,23,Position_Unknown,Team_Unknown,Action_PreSnap,1431.57,841.33,1492.5,992.5,60.930000000000064,151.16999999999996,xml_geometry_csv_action
BootPass_6,317,35,27,Position_Unknown,Team_Unknown,Action_PreSnap,1549.69,687.03,1604.23,811.46,54.539999999999964,124.43000000000006,xml_geometry_csv_action
BootPass_6,317,42,31,Position_Unknown,Team_Unknown,Action_PreSnap,946.79,240.1,1007.63,316.34,60.84000000000003,76.23999999999998,xml_geometry_csv_action
BootPass_6,317,45,32,Position_Unknown,Team_Unknown,Action_PreSnap,1065.23,455.06,1113.87,562.2,48.63999999999987,107.14000000000004,xml_geometry_csv_action
BootPass_6,317,46,33,Position_Unknown,Team_Unknown,Action_PreSnap,889.52,327.4,935.45,414.97,45.930000000000064,87.57000000000005,xml_geometry_csv_action
BootPass_6,317,47,34,Position_Unknown,Team_Unknown,Action_PreSnap,885.22,615.83,932.24,721.73,47.01999999999998,105.89999999999998,xml_geometry_csv_action
BootPass_6,317,48,35,Position_Unknown,Team_Unknown,Action_PreSnap,648.2,733.22,707.08,873.85,58.879999999999995,140.63,xml_geometry_csv_action
BootPass_6,317,51,37,Position_Unknown,Team_Unknown,Action_PreSnap,898.38,676.62,950.91,811.8,52.52999999999997,135.17999999999995,xml_geometry_csv_action
BootPass_6,317,53,38,Position_Unknown,Team_Unknown,Action_PreSnap,1349.29,576.28,1398.01,703.88,48.72000000000003,127.60000000000002,xml_geometry_csv_action
BootPass_6,317,58,41,Position_Unknown,Team_Unknown,Action_PreSnap,831.34,265.67,894.8,339.07,63.45999999999992,73.39999999999998,xml_geometry_csv_action
BootPass_6,317,5,5,Position_Unknown,Team_Unknown,Action_PreSnap,800.01,497.52,850.67,611.3,50.65999999999997,113.77999999999997,xml_geometry_csv_action
BootPass_6,317,6,6,Position_Unknown,Team_Unknown,Action_PreSnap,632.86,668.29,684.78,792.24,51.91999999999996,123.95000000000005,xml_geometry_csv_action
BootPass_6,318,0,0,Position_Unknown,Team_Unknown,Action_PreSnap,1269.8,389.0,1320.02,500.32,50.22000000000003,111.32,xml_geometry_csv_action
BootPass_6,318,1,1,Position_Unknown,Team_Unknown,Action_PreSnap,1553.41,761.89,1608.41,898.65,55.0,136.76,xml_geometry_csv_action
BootPass_6,318,10,10,Position_Unknown,Team_Unknown,Action_PreSnap,1060.66,614.98,1113.89,735.78,53.23000000000002,120.79999999999995,xml_geometry_csv_action
BootPass_6,318,13,13,Position_Unknown,Team_Unknown,Action_PreSnap,1470.81,644.41,1536.02,783.39,65.21000000000004,138.98000000000002,xml_geometry_csv_action
BootPass_6,318,17,17,Position_Unknown,Team_Unknown,Action_PreSnap,1241.43,835.46,1304.76,987.49,63.32999999999993,152.02999999999997,xml_geometry_csv_action
BootPass_6,318,21,18,Position_Unknown,Team_Unknown,Action_PreSnap,1343.01,588.8,1392.42,728.42,49.41000000000008,139.62,xml_geometry_csv_action
BootPass_6,318,2,2,Position_Unknown,Team_Unknown,Action_PreSnap,1159.65,784.29,1234.75,931.69,75.09999999999991,147.4000000000001,xml_geometry_csv_action
BootPass_6,318,31,23,Position_Unknown,Team_Unknown,Action_PreSnap,1448.68,846.78,1510.16,1000.82,61.48000000000002,154.04000000000008,xml_geometry_csv_action
BootPass_6,318,35,27,Position_Unknown,Team_Unknown,Action_PreSnap,1568.53,689.63,1626.75,828.79,58.22000000000003,139.15999999999997,xml_geometry_csv_action
BootPass_6,318,42,31,Position_Unknown,Team_Unknown,Action_PreSnap,945.05,237.52,1003.38,315.36,58.33000000000004,77.84,xml_geometry_csv_action
BootPass_6,318,45,32,Position_Unknown,Team_Unknown,Action_PreSnap,1071.7,455.32,1120.3,564.14,48.59999999999991,108.82,xml_geometry_csv_action
BootPass_6,318,46,33,Position_Unknown,Team_Unknown,Action_PreSnap,891.86,324.33,940.61,412.4,48.75,88.07,xml_geometry_csv_action
BootPass_6,318,47,34,Position_Unknown,Team_Unknown,Action_PreSnap,890.47,616.39,938.66,734.21,48.18999999999994,117.82000000000005,xml_geometry_csv_action
BootPass_6,318,48,35,Position_Unknown,Team_Unknown,Action_PreSnap,649.66,736.3,710.53,880.93,60.870000000000005,144.63,xml_geometry_csv_action
BootPass_6,318,51,37,Position_Unknown,Team_Unknown,Action_PreSnap,904.52,679.27,957.99,816.9,53.47000000000003,137.63,xml_geometry_csv_action
BootPass_6,318,53,38,Position_Unknown,Team_Unknown,Action_PreSnap,1364.31,576.6,1412.17,711.89,47.86000000000013,135.28999999999996,xml_geometry_csv_action
BootPass_6,318,58,41,Position_Unknown,Team_Unknown,Action_PreSnap,828.72,265.3,897.62,338.87,68.89999999999998,73.57,xml_geometry_csv_action
BootPass_6,318,5,5,Position_Unknown,Team_Unknown,Action_PreSnap,804.52,497.32,854.72,610.39,50.200000000000045,113.07,xml_geometry_csv_action
BootPass_6,318,6,6,Position_Unknown,Team_Unknown,Action_PreSnap,636.98,668.9,688.45,806.27,51.47000000000003,137.37,xml_geometry_csv_action
BootPass_6,319,0,0,Position_Unknown,Team_Unknown,Action_PreSnap,1281.21,386.53,1330.31,501.28,49.09999999999991,114.75,xml_geometry_csv_action
BootPass_6,319,1,1,Position_Unknown,Team_Unknown,Action_PreSnap,1571.58,766.12,1627.35,904.54,55.76999999999998,138.41999999999996,xml_geometry_csv_action
BootPass_6,319,10,10,Position_Unknown,Team_Unknown,Action_PreSnap,1066.87,615.78,1121.0,740.93,54.13000000000011,125.14999999999998,xml_geometry_csv_action
BootPass_6,319,13,13,Position_Unknown,Team_Unknown,Action_PreSnap,1482.25,647.62,1554.76,793.66,72.50999999999999,146.03999999999996,xml_geometry_csv_action
BootPass_6,319,17,17,Position_Unknown,Team_Unknown,Action_PreSnap,1252.8,842.55,1317.78,996.97,64.98000000000002,154.42000000000007,xml_geometry_csv_action
BootPass_6,319,21,18,Position_Unknown,Team_Unknown,Action_PreSnap,1355.95,591.62,1405.46,733.52,49.50999999999999,141.89999999999998,xml_geometry_csv_action
BootPass_6,319,2,2,Position_Unknown,Team_Unknown,Action_PreSnap,1167.05,789.85,1247.36,939.83,80.30999999999995,149.98000000000002,xml_geometry_csv_action
BootPass_6,319,31,23,Position_Unknown,Team_Unknown,Action_PreSnap,1466.04,853.27,1528.59,1010.45,62.549999999999955,157.18000000000006,xml_geometry_csv_action
BootPass_6,319,35,27,Position_Unknown,Team_Unknown,Action_PreSnap,1587.07,692.42,1645.07,824.41,58.0,131.99,xml_geometry_csv_action
BootPass_6,319,42,31,Position_Unknown,Team_Unknown,Action_PreSnap,943.8,234.99,995.76,314.76,51.960000000000036,79.76999999999998,xml_geometry_csv_action
BootPass_6,319,45,32,Position_Unknown,Team_Unknown,Action_PreSnap,1077.47,458.08,1126.9,566.95,49.430000000000064,108.87000000000006,xml_geometry_csv_action
BootPass_6,319,46,33,Position_Unknown,Team_Unknown,Action_PreSnap,892.62,320.64,945.96,411.39,53.34000000000003,90.75,xml_geometry_csv_action
BootPass_6,319,47,34,Position_Unknown,Team_Unknown,Action_PreSnap,893.29,617.18,942.95,739.17,49.66000000000008,121.99000000000001,xml_geometry_csv_action
BootPass_6,319,48,35,Position_Unknown,Team_Unknown,Action_PreSnap,649.71,740.15,712.23,888.41,62.51999999999998,148.26,xml_geometry_csv_action
BootPass_6,319,51,37,Position_Unknown,Team_Unknown,Action_PreSnap,908.92,682.64,962.6,821.35,53.680000000000064,138.71000000000004,xml_geometry_csv_action
BootPass_6,319,53,38,Position_Unknown,Team_Unknown,Action_PreSnap,1376.97,578.15,1426.75,722.19,49.77999999999997,144.04000000000008,xml_geometry_csv_action
BootPass_6,319,58,41,Position_Unknown,Team_Unknown,Action_PreSnap,824.72,265.41,896.71,339.17,71.99000000000001,73.75999999999999,xml_geometry_csv_action
BootPass_6,319,60,42,Position_Unknown,Team_Unknown,Action_PreSnap,1542.53,735.7,1592.6,874.85,50.069999999999936,139.14999999999998,xml_geometry_csv_action
BootPass_6,319,5,5,Position_Unknown,Team_Unknown,Action_PreSnap,809.24,497.63,858.07,610.32,48.83000000000004,112.69000000000005,xml_geometry_csv_action
BootPass_6,319,6,6,Position_Unknown,Team_Unknown,Action_PreSnap,639.12,671.15,690.08,814.5,50.960000000000036,143.35000000000002,xml_geometry_csv_action
BootPass_6,320,0,0,Position_Unknown,Team_Unknown,Action_PreSnap,1290.55,383.91,1341.69,501.98,51.1400000000001,118.07,xml_geometry_csv_action
BootPass_6,320,1,1,Position_Unknown,Team_Unknown,Action_PreSnap,1591.49,771.8,1646.29,911.54,54.799999999999955,139.74,xml_geometry_csv_action
BootPass_6,320,10,10,Position_Unknown,Team_Unknown,Action_PreSnap,1071.03,616.25,1125.77,744.71,54.74000000000001,128.46000000000004,xml_geometry_csv_action
BootPass_6,320,13,13,Position_Unknown,Team_Unknown,Action_PreSnap,1497.63,652.19,1571.78,800.35,74.14999999999986,148.15999999999997,xml_geometry_csv_action
BootPass_6,320,17,17,Position_Unknown,Team_Unknown,Action_PreSnap,1263.02,849.58,1329.3,1008.65,66.27999999999997,159.06999999999994,xml_geometry_csv_action
BootPass_6,320,21,18,Position_Unknown,Team_Unknown,Action_PreSnap,1368.04,593.57,1416.6,735.68,48.559999999999945,142.1099999999999,xml_geometry_csv_action
BootPass_6,320,2,2,Position_Unknown,Team_Unknown,Action_PreSnap,1173.0,797.38,1256.1,951.01,83.09999999999991,153.63,xml_geometry_csv_action
BootPass_6,320,31,23,Position_Unknown,Team_Unknown,Action_PreSnap,1482.21,860.35,1545.45,1020.63,63.24000000000001,160.27999999999997,xml_geometry_csv_action
BootPass_6,320,35,27,Position_Unknown,Team_Unknown,Action_PreSnap,1605.03,697.08,1661.69,815.47,56.66000000000008,118.38999999999999,xml_geometry_csv_action
BootPass_6,320,42,31,Position_Unknown,Team_Unknown,Action_PreSnap,939.52,231.96,984.51,315.15,44.99000000000001,83.18999999999997,xml_geometry_csv_action
BootPass_6,320,45,32,Position_Unknown,Team_Unknown,Action_PreSnap,1082.1,459.8,1133.11,570.33,51.00999999999999,110.53000000000003,xml_geometry_csv_action
BootPass_6,320,46,33,Position_Unknown,Team_Unknown,Action_PreSnap,892.45,317.22,949.11,410.05,56.65999999999997,92.82999999999998,xml_geometry_csv_action
BootPass_6,320,47,34,Position_Unknown,Team_Unknown,Action_PreSnap,895.08,620.62,946.7,741.41,51.620000000000005,120.78999999999996,xml_geometry_csv_action
BootPass_6,320,48,35,Position_Unknown,Team_Unknown,Action_PreSnap,648.93,747.53,713.29,897.28,64.36000000000001,149.75,xml_geometry_csv_action
BootPass_6,320,51,37,Position_Unknown,Team_Unknown,Action_PreSnap,911.86,686.4,965.82,827.68,53.960000000000036,141.27999999999997,xml_geometry_csv_action
BootPass_6,320,53,38,Position_Unknown,Team_Unknown,Action_PreSnap,1390.93,580.67,1439.7,711.39,48.76999999999998,130.72000000000003,xml_geometry_csv_action
BootPass_6,320,58,41,Position_Unknown,Team_Unknown,Action_PreSnap,822.45,267.28,896.3,338.49,73.84999999999991,71.21000000000004,xml_geometry_csv_action
BootPass_6,320,60,42,Position_Unknown,Team_Unknown,Action_PreSnap,1556.77,739.58,1606.6,879.45,49.82999999999993,139.87,xml_geometry_csv_action
BootPass_6,320,5,5,Position_Unknown,Team_Unknown,Action_PreSnap,812.14,498.9,860.85,612.09,48.710000000000036,113.19000000000005,xml_geometry_csv_action
BootPass_6,320,6,6,Position_Unknown,Team_Unknown,Action_PreSnap,639.67,674.93,691.68,789.56,52.00999999999999,114.63,xml_geometry_csv_action
BootPass_6,321,0,0,Position_Unknown,Team_Unknown,Action_PreSnap,1298.41,382.6,1350.49,502.93,52.07999999999993,120.32999999999998,xml_geometry_csv_action
BootPass_6,321,1,1,Position_Unknown,Team_Unknown,Action_PreSnap,1609.14,780.5,1664.85,920.06,55.70999999999981,139.55999999999995,xml_geometry_csv_action
BootPass_6,321,10,10,Position_Unknown,Team_Unknown,Action_PreSnap,1073.74,618.59,1129.06,751.35,55.319999999999936,132.76,xml_geometry_csv_action
BootPass_6,321,13,13,Position_Unknown,Team_Unknown,Action_PreSnap,1521.11,658.72,1588.34,799.31,67.23000000000002,140.58999999999992,xml_geometry_csv_action
BootPass_6,321,17,17,Position_Unknown,Team_Unknown,Action_PreSnap,1272.41,859.14,1339.67,1020.71,67.25999999999999,161.57000000000005,xml_geometry_csv_action
BootPass_6,321,21,18,Position_Unknown,Team_Unknown,Action_PreSnap,1378.87,598.79,1428.26,741.15,49.3900000000001,142.36,xml_geometry_csv_action
BootPass_6,321,2,2,Position_Unknown,Team_Unknown,Action_PreSnap,1179.84,806.58,1264.8,961.84,84.96000000000004,155.26,xml_geometry_csv_action
BootPass_6,321,31,23,Position_Unknown,Team_Unknown,Action_PreSnap,1497.31,869.79,1561.22,1033.81,63.91000000000008,164.01999999999998,xml_geometry_csv_action
BootPass_6,321,35,27,Position_Unknown,Team_Unknown,Action_PreSnap,1622.36,704.48,1680.36,823.47,58.0,118.99000000000001,xml_geometry_csv_action
BootPass_6,321,42,31,Position_Unknown,Team_Unknown,Action_PreSnap,932.74,231.23,976.57,317.31,43.83000000000004,86.08000000000001,xml_geometry_csv_action
BootPass_6,321,45,32,Position_Unknown,Team_Unknown,Action_PreSnap,1083.54,462.05,1138.93,575.46,55.3900000000001,113.41000000000003,xml_geometry_csv_action
BootPass_6,321,46,33,Position_Unknown,Team_Unknown,Action_PreSnap,890.21,315.62,947.97,408.39,57.75999999999999,92.76999999999998,xml_geometry_csv_action
BootPass_6,321,47,34,Position_Unknown,Team_Unknown,Action_PreSnap,894.98,626.34,948.08,749.3,53.10000000000002,122.95999999999992,xml_geometry_csv_action
BootPass_6,321,48,35,Position_Unknown,Team_Unknown,Action_PreSnap,645.87,758.38,713.67,908.49,67.79999999999995,150.11,xml_geometry_csv_action
BootPass_6,321,51,37,Position_Unknown,Team_Unknown,Action_PreSnap,912.89,692.33,968.0,836.75,55.110000000000014,144.41999999999996,xml_geometry_csv_action
BootPass_6,321,53,38,Position_Unknown,Team_Unknown,Action_PreSnap,1402.99,585.76,1450.86,714.14,47.86999999999989,128.38,xml_geometry_csv_action
BootPass_6,321,58,41,Position_Unknown,Team_Unknown,Action_PreSnap,818.38,268.37,896.38,339.16,78.0,70.79000000000002,xml_geometry_csv_action
BootPass_6,321,60,42,Position_Unknown,Team_Unknown,Action_PreSnap,1568.18,748.49,1623.27,891.65,55.08999999999992,143.15999999999997,xml_geometry_csv_action
BootPass_6,321,5,5,Position_Unknown,Team_Unknown,Action_PreSnap,813.24,502.38,863.62,616.78,50.379999999999995,114.39999999999998,xml_geometry_csv_action
BootPass_6,321,6,6,Position_Unknown,Team_Unknown,Action_PreSnap,638.53,682.72,692.6,783.99,54.07000000000005,101.26999999999998,xml_geometry_csv_action
BootPass_6,322,0,0,Position_Unknown,Team_Unknown,Action_PreSnap,1306.08,384.63,1360.0,505.98,53.92000000000007,121.35000000000002,xml_geometry_csv_action
BootPass_6,322,1,1,Position_Unknown,Team_Unknown,Action_PreSnap,1624.75,788.39,1683.41,930.61,58.66000000000008,142.22000000000003,xml_geometry_csv_action
BootPass_6,322,10,10,Position_Unknown,Team_Unknown,Action_PreSnap,1075.84,626.03,1132.25,759.2,56.41000000000008,133.17000000000007,xml_geometry_csv_action
BootPass_6,322,13,13,Position_Unknown,Team_Unknown,Action_PreSnap,1539.42,666.66,1608.5,811.83,69.07999999999993,145.17000000000007,xml_geometry_csv_action
BootPass_6,322,17,17,Position_Unknown,Team_Unknown,Action_PreSnap,1282.58,871.77,1350.26,1037.01,67.68000000000006,165.24,xml_geometry_csv_action
BootPass_6,322,21,18,Position_Unknown,Team_Unknown,Action_PreSnap,1388.89,606.85,1439.42,749.61,50.52999999999997,142.76,xml_geometry_csv_action
BootPass_6,322,2,2,Position_Unknown,Team_Unknown,Action_PreSnap,1186.06,817.52,1273.4,976.48,87.34000000000015,158.96000000000004,xml_geometry_csv_action
BootPass_6,322,31,23,Position_Unknown,Team_Unknown,Action_PreSnap,1513.03,882.0,1577.95,1052.17,64.92000000000007,170.17000000000007,xml_geometry_csv_action
BootPass_6,322,35,27,Position_Unknown,Team_Unknown,Action_PreSnap,1640.53,712.26,1699.87,840.38,59.33999999999992,128.12,xml_geometry_csv_action
BootPass_6,322,42,31,Position_Unknown,Team_Unknown,Action_PreSnap,926.69,232.04,975.11,320.88,48.41999999999996,88.84,xml_geometry_csv_action
BootPass_6,322,45,32,Position_Unknown,Team_Unknown,Action_PreSnap,1084.21,465.33,1142.93,581.71,58.72000000000003,116.38000000000005,xml_geometry_csv_action
BootPass_6,322,46,33,Position_Unknown,Team_Unknown,Action_PreSnap,887.73,316.59,943.42,408.21,55.68999999999994,91.62,xml_geometry_csv_action
BootPass_6,322,47,34,Position_Unknown,Team_Unknown,Action_PreSnap,895.94,634.83,950.5,760.3,54.559999999999945,125.46999999999991,xml_geometry_csv_action
BootPass_6,322,48,35,Position_Unknown,Team_Unknown,Action_PreSnap,641.51,771.26,713.27,922.04,71.75999999999999,150.77999999999997,xml_geometry_csv_action
BootPass_6,322,51,37,Position_Unknown,Team_Unknown,Action_PreSnap,913.05,701.17,969.92,847.51,56.870000000000005,146.34000000000003,xml_geometry_csv_action
BootPass_6,322,53,38,Position_Unknown,Team_Unknown,Action_PreSnap,1415.41,592.75,1464.0,719.07,48.58999999999992,126.32000000000005,xml_geometry_csv_action
BootPass_6,322,58,41,Position_Unknown,Team_Unknown,Action_PreSnap,810.97,270.92,887.04,340.28,76.06999999999994,69.35999999999996,xml_geometry_csv_action
BootPass_6,322,60,42,Position_Unknown,Team_Unknown,Action_PreSnap,1582.26,757.89,1637.72,904.75,55.460000000000036,146.86,xml_geometry_csv_action
BootPass_6,322,5,5,Position_Unknown,Team_Unknown,Action_PreSnap,811.68,505.75,864.87,623.55,53.190000000000055,117.79999999999995,xml_geometry_csv_action
BootPass_6,322,6,6,Position_Unknown,Team_Unknown,Action_PreSnap,637.09,692.83,692.34,791.37,55.25,98.53999999999996,xml_geometry_csv_action
BootPass_6,323,0,0,Position_Unknown,Team_Unknown,Action_PreSnap,1314.73,388.83,1371.19,509.64,56.460000000000036,120.81,xml_geometry_csv_action
BootPass_6,323,1,1,Position_Unknown,Team_Unknown,Action_PreSnap,1643.23,802.01,1702.77,944.79,59.539999999999964,142.77999999999997,xml_geometry_csv_action
BootPass_6,323,10,10,Position_Unknown,Team_Unknown,Action_PreSnap,1078.07,636.28,1136.26,769.54,58.190000000000055,133.26,xml_geometry_csv_action
BootPass_6,323,13,13,Position_Unknown,Team_Unknown,Action_PreSnap,1559.01,677.92,1629.01,822.83,70.0,144.91000000000008,xml_geometry_csv_action
BootPass_6,323,17,17,Position_Unknown,Team_Unknown,Action_PreSnap,1293.79,887.38,1362.47,1057.21,68.68000000000006,169.83000000000004,xml_geometry_csv_action
BootPass_6,323,21,18,Position_Unknown,Team_Unknown,Action_PreSnap,1401.02,617.57,1455.12,761.09,54.09999999999991,143.51999999999998,xml_geometry_csv_action
BootPass_6,323,2,2,Position_Unknown,Team_Unknown,Action_PreSnap,1194.84,830.58,1282.49,994.16,87.65000000000009,163.57999999999993,xml_geometry_csv_action
BootPass_6,323,31,23,Position_Unknown,Team_Unknown,Action_PreSnap,1529.69,896.25,1595.75,1071.94,66.05999999999995,175.69000000000005,xml_geometry_csv_action
BootPass_6,323,35,27,Position_Unknown,Team_Unknown,Action_PreSnap,1659.42,722.39,1719.25,847.17,59.82999999999993,124.77999999999997,xml_geometry_csv_action
BootPass_6,323,42,31,Position_Unknown,Team_Unknown,Action_PreSnap,918.79,233.82,976.73,325.2,57.940000000000055,91.38,xml_geometry_csv_action
BootPass_6,323,45,32,Position_Unknown,Team_Unknown,Action_PreSnap,1086.04,468.34,1148.76,590.45,62.72000000000003,122.11000000000007,xml_geometry_csv_action
BootPass_6,323,46,33,Position_Unknown,Team_Unknown,Action_PreSnap,885.56,319.64,940.05,412.51,54.49000000000001,92.87,xml_geometry_csv_action
BootPass_6,323,47,34,Position_Unknown,Team_Unknown,Action_PreSnap,898.26,645.86,953.34,774.1,55.08000000000004,128.24,xml_geometry_csv_action
BootPass_6,323,48,35,Position_Unknown,Team_Unknown,Action_PreSnap,638.3,785.09,713.63,935.67,75.33000000000004,150.57999999999993,xml_geometry_csv_action
BootPass_6,323,51,37,Position_Unknown,Team_Unknown,Action_PreSnap,914.18,711.5,972.75,860.18,58.57000000000005,148.67999999999995,xml_geometry_csv_action
BootPass_6,323,53,38,Position_Unknown,Team_Unknown,Action_PreSnap,1428.89,601.99,1478.49,734.89,49.59999999999991,132.89999999999998,xml_geometry_csv_action
BootPass_6,323,58,41,Position_Unknown,Team_Unknown,Action_PreSnap,804.97,274.63,877.14,342.96,72.16999999999996,68.32999999999998,xml_geometry_csv_action
BootPass_6,323,60,42,Position_Unknown,Team_Unknown,Action_PreSnap,1596.33,770.14,1653.75,923.89,57.42000000000007,153.75,xml_geometry_csv_action
BootPass_6,323,5,5,Position_Unknown,Team_Unknown,Action_PreSnap,811.21,509.9,866.68,631.58,55.469999999999914,121.68000000000006,xml_geometry_csv_action
BootPass_6,323,6,6,Position_Unknown,Team_Unknown,Action_PreSnap,636.27,704.28,692.72,803.79,56.450000000000045,99.50999999999999,xml_geometry_csv_action
BootPass_6,324,0,0,Position_Unknown,Team_Unknown,Action_PreSnap,1321.72,394.68,1376.89,518.58,55.17000000000007,123.90000000000003,xml_geometry_csv_action
BootPass_6,324,1,1,Position_Unknown,Team_Unknown,Action_PreSnap,1661.38,820.64,1722.6,962.29,61.2199999999998,141.64999999999998,xml_geometry_csv_action
BootPass_6,324,10,10,Position_Unknown,Team_Unknown,Action_PreSnap,1079.3,649.16,1136.87,784.33,57.569999999999936,135.17000000000007,xml_geometry_csv_action
BootPass_6,324,13,13,Position_Unknown,Team_Unknown,Action_PreSnap,1572.84,692.24,1647.85,839.27,75.00999999999999,147.02999999999997,xml_geometry_csv_action
BootPass_6,324,17,17,Position_Unknown,Team_Unknown,Action_PreSnap,1303.94,906.92,1374.49,1076.16,70.54999999999995,169.24000000000012,xml_geometry_csv_action
BootPass_6,324,21,18,Position_Unknown,Team_Unknown,Action_PreSnap,1411.51,628.87,1466.07,773.02,54.559999999999945,144.14999999999998,xml_geometry_csv_action
BootPass_6,324,2,2,Position_Unknown,Team_Unknown,Action_PreSnap,1201.23,847.21,1290.59,1014.79,89.3599999999999,167.57999999999993,xml_geometry_csv_action
BootPass_6,324,31,23,Position_Unknown,Team_Unknown,Action_PreSnap,1544.62,914.02,1613.04,1080.0,68.42000000000007,165.98000000000002,xml_geometry_csv_action
BootPass_6,324,35,27,Position_Unknown,Team_Unknown,Action_PreSnap,1672.28,733.35,1738.47,881.58,66.19000000000005,148.23000000000002,xml_geometry_csv_action
BootPass_6,324,42,31,Position_Unknown,Team_Unknown,Action_PreSnap,910.57,238.65,977.08,333.34,66.50999999999999,94.68999999999997,xml_geometry_csv_action
BootPass_6,324,45,32,Position_Unknown,Team_Unknown,Action_PreSnap,1088.03,477.78,1149.49,599.75,61.460000000000036,121.97000000000003,xml_geometry_csv_action
BootPass_6,324,46,33,Position_Unknown,Team_Unknown,Action_PreSnap,881.18,325.01,934.08,422.81,52.90000000000009,97.80000000000001,xml_geometry_csv_action
BootPass_6,324,47,34,Position_Unknown,Team_Unknown,Action_PreSnap,899.35,658.35,955.14,788.38,55.789999999999964,130.02999999999997,xml_geometry_csv_action
BootPass_6,324,48,35,Position_Unknown,Team_Unknown,Action_PreSnap,635.64,800.96,711.33,955.01,75.69000000000005,154.04999999999995,xml_geometry_csv_action
BootPass_6,324,51,37,Position_Unknown,Team_Unknown,Action_PreSnap,913.64,724.92,974.73,875.12,61.09000000000003,150.20000000000005,xml_geometry_csv_action
BootPass_6,324,53,38,Position_Unknown,Team_Unknown,Action_PreSnap,1440.42,614.32,1490.71,752.65,50.289999999999964,138.32999999999993,xml_geometry_csv_action
BootPass_6,324,58,41,Position_Unknown,Team_Unknown,Action_PreSnap,797.73,281.7,872.61,349.76,74.88,68.06,xml_geometry_csv_action
BootPass_6,324,60,42,Position_Unknown,Team_Unknown,Action_PreSnap,1607.83,784.99,1668.55,944.03,60.72000000000003,159.03999999999996,xml_geometry_csv_action
BootPass_6,324,5,5,Position_Unknown,Team_Unknown,Action_PreSnap,809.69,517.39,868.4,643.3,58.70999999999992,125.90999999999997,xml_geometry_csv_action
BootPass_6,324,6,6,Position_Unknown,Team_Unknown,Action_PreSnap,633.76,719.33,691.94,816.69,58.180000000000064,97.36000000000001,xml_geometry_csv_action
BootPass_6,325,0,0,Position_Unknown,Team_Unknown,Action_PreSnap,1328.94,406.75,1383.98,532.91,55.039999999999964,126.15999999999997,xml_geometry_csv_action
BootPass_6,325,1,1,Position_Unknown,Team_Unknown,Action_PreSnap,1677.37,841.34,1740.12,986.47,62.75,145.13,xml_geometry_csv_action
BootPass_6,325,10,10,Position_Unknown,Team_Unknown,Action_PreSnap,1079.06,666.93,1136.93,805.31,57.87000000000012,138.38,xml_geometry_csv_action
BootPass_6,325,13,13,Position_Unknown,Team_Unknown,Action_PreSnap,1585.28,711.42,1662.91,859.3,77.63000000000011,147.88,xml_geometry_csv_action
BootPass_6,325,17,17,Position_Unknown,Team_Unknown,Action_PreSnap,1313.28,930.24,1386.28,1080.0,73.0,149.76,xml_geometry_csv_action
BootPass_6,325,21,18,Position_Unknown,Team_Unknown,Action_PreSnap,1420.66,647.32,1474.41,787.58,53.75,140.26,xml_geometry_csv_action
BootPass_6,325,2,2,Position_Unknown,Team_Unknown,Action_PreSnap,1206.36,868.68,1296.96,1041.28,90.60000000000014,172.60000000000002,xml_geometry_csv_action
BootPass_6,325,31,23,Position_Unknown,Team_Unknown,Action_PreSnap,1558.22,937.78,1627.57,1080.0,69.34999999999991,142.22000000000003,xml_geometry_csv_action
BootPass_6,325,35,27,Position_Unknown,Team_Unknown,Action_PreSnap,1684.25,751.23,1753.72,906.35,69.47000000000003,155.12,xml_geometry_csv_action
BootPass_6,325,42,31,Position_Unknown,Team_Unknown,Action_PreSnap,902.54,247.8,975.94,346.05,73.40000000000009,98.25,xml_geometry_csv_action
BootPass_6,325,45,32,Position_Unknown,Team_Unknown,Action_PreSnap,1089.53,491.32,1147.55,614.97,58.01999999999998,123.65000000000003,xml_geometry_csv_action
BootPass_6,325,46,33,Position_Unknown,Team_Unknown,Action_PreSnap,876.19,334.91,929.08,436.98,52.889999999999986,102.07,xml_geometry_csv_action
BootPass_6,325,47,34,Position_Unknown,Team_Unknown,Action_PreSnap,898.52,677.18,954.03,803.75,55.50999999999999,126.57000000000005,xml_geometry_csv_action
BootPass_6,325,48,35,Position_Unknown,Team_Unknown,Action_PreSnap,628.73,821.19,705.84,979.13,77.11000000000001,157.93999999999994,xml_geometry_csv_action
BootPass_6,325,51,37,Position_Unknown,Team_Unknown,Action_PreSnap,912.81,744.47,976.47,898.06,63.66000000000008,153.58999999999992,xml_geometry_csv_action
BootPass_6,325,53,38,Position_Unknown,Team_Unknown,Action_PreSnap,1451.16,631.09,1502.09,775.76,50.929999999999836,144.66999999999996,xml_geometry_csv_action
BootPass_6,325,58,41,Position_Unknown,Team_Unknown,Action_PreSnap,787.53,291.84,871.13,362.47,83.60000000000002,70.63000000000005,xml_geometry_csv_action
BootPass_6,325,60,42,Position_Unknown,Team_Unknown,Action_PreSnap,1618.65,806.42,1681.17,965.83,62.51999999999998,159.41000000000008,xml_geometry_csv_action
BootPass_6,325,5,5,Position_Unknown,Team_Unknown,Action_PreSnap,807.75,530.73,866.89,657.08,59.139999999999986,126.35000000000002,xml_geometry_csv_action
BootPass_6,325,6,6,Position_Unknown,Team_Unknown,Action_PreSnap,629.37,738.52,689.95,837.01,60.58000000000004,98.49000000000001,xml_geometry_csv_action
BootPass_6,326,0,0,Position_Unknown,Team_Unknown,Action_PreSnap,1334.03,421.89,1389.0,550.96,54.97000000000003,129.07000000000005,xml_geometry_csv_action
BootPass_6,326,10,10,Position_Unknown,Team_Unknown,Action_PreSnap,1078.74,687.07,1137.12,828.74,58.37999999999988,141.66999999999996,xml_geometry_csv_action
BootPass_6,326,13,13,Position_Unknown,Team_Unknown,Action_PreSnap,1602.32,733.89,1680.38,876.44,78.06000000000017,142.55000000000007,xml_geometry_csv_action
BootPass_6,326,17,17,Position_Unknown,Team_Unknown,Action_PreSnap,1323.38,956.89,1396.29,1080.0,72.90999999999985,123.11000000000001,xml_geometry_csv_action
BootPass_6,326,21,18,Position_Unknown,Team_Unknown,Action_PreSnap,1431.89,669.05,1487.71,812.28,55.819999999999936,143.23000000000002,xml_geometry_csv_action
BootPass_6,326,2,2,Position_Unknown,Team_Unknown,Action_PreSnap,1210.75,892.23,1299.99,1070.06,89.24000000000001,177.82999999999993,xml_geometry_csv_action
BootPass_6,326,31,23,Position_Unknown,Team_Unknown,Action_PreSnap,1572.22,964.52,1643.66,1080.0,71.44000000000005,115.48000000000002,xml_geometry_csv_action
BootPass_6,326,35,27,Position_Unknown,Team_Unknown,Action_PreSnap,1704.64,773.43,1774.52,920.96,69.87999999999988,147.5300000000001,xml_geometry_csv_action
BootPass_6,326,42,31,Position_Unknown,Team_Unknown,Action_PreSnap,895.38,259.69,967.82,356.36,72.44000000000005,96.67000000000002,xml_geometry_csv_action
BootPass_6,326,45,32,Position_Unknown,Team_Unknown,Action_PreSnap,1089.27,508.28,1144.85,634.33,55.57999999999993,126.05000000000007,xml_geometry_csv_action
BootPass_6,326,46,33,Position_Unknown,Team_Unknown,Action_PreSnap,865.78,340.39,926.73,452.95,60.950000000000045,112.56,xml_geometry_csv_action
BootPass_6,326,47,34,Position_Unknown,Team_Unknown,Action_PreSnap,896.96,695.52,953.63,809.33,56.66999999999996,113.81000000000006,xml_geometry_csv_action
BootPass_6,326,48,35,Position_Unknown,Team_Unknown,Action_PreSnap,620.92,844.32,698.7,1005.95,77.78000000000009,161.63,xml_geometry_csv_action
BootPass_6,326,51,37,Position_Unknown,Team_Unknown,Action_PreSnap,911.98,769.68,977.7,923.44,65.72000000000003,153.7600000000001,xml_geometry_csv_action
BootPass_6,326,53,38,Position_Unknown,Team_Unknown,Action_PreSnap,1461.73,650.91,1513.38,793.64,51.65000000000009,142.73000000000002,xml_geometry_csv_action
BootPass_6,326,58,41,Position_Unknown,Team_Unknown,Action_PreSnap,778.23,303.43,862.96,377.13,84.73000000000002,73.69999999999999,xml_geometry_csv_action
BootPass_6,326,60,42,Position_Unknown,Team_Unknown,Action_PreSnap,1629.18,832.69,1693.55,986.72,64.36999999999989,154.02999999999997,xml_geometry_csv_action
BootPass_6,326,5,5,Position_Unknown,Team_Unknown,Action_PreSnap,806.26,545.98,863.37,672.87,57.110000000000014,126.88999999999999,xml_geometry_csv_action
BootPass_6,326,6,6,Position_Unknown,Team_Unknown,Action_PreSnap,624.62,759.22,685.91,859.97,61.289999999999964,100.75,xml_geometry_csv_action
BootPass_6,327,0,0,Position_Unknown,Team_Unknown,Action_PreSnap,1338.31,440.12,1395.43,571.46,57.12000000000012,131.34000000000003,xml_geometry_csv_action
BootPass_6,327,10,10,Position_Unknown,Team_Unknown,Action_PreSnap,1077.66,707.96,1136.98,853.38,59.319999999999936,145.41999999999996,xml_geometry_csv_action
BootPass_6,327,13,13,Position_Unknown,Team_Unknown,Action_PreSnap,1615.69,757.97,1690.77,892.76,75.07999999999993,134.78999999999996,xml_geometry_csv_action
BootPass_6,327,17,17,Position_Unknown,Team_Unknown,Action_PreSnap,1333.51,985.02,1405.73,1080.0,72.22000000000003,94.98000000000002,xml_geometry_csv_action
BootPass_6,327,21,18,Position_Unknown,Team_Unknown,Action_PreSnap,1440.26,690.95,1495.83,838.81,55.569999999999936,147.8599999999999,xml_geometry_csv_action
BootPass_6,327,2,2,Position_Unknown,Team_Unknown,Action_PreSnap,1213.88,917.75,1306.42,1080.0,92.53999999999996,162.25,xml_geometry_csv_action
BootPass_6,327,31,23,Position_Unknown,Team_Unknown,Action_PreSnap,1585.45,992.6,1657.12,1080.0,71.66999999999985,87.39999999999998,xml_geometry_csv_action
BootPass_6,327,35,27,Position_Unknown,Team_Unknown,Action_PreSnap,1724.9,798.77,1793.63,940.24,68.73000000000002,141.47000000000003,xml_geometry_csv_action
BootPass_6,327,42,31,Position_Unknown,Team_Unknown,Action_PreSnap,889.46,273.63,948.56,368.88,59.09999999999991,95.25,xml_geometry_csv_action
BootPass_6,327,45,32,Position_Unknown,Team_Unknown,Action_PreSnap,1085.76,526.58,1141.56,655.03,55.799999999999955,128.44999999999993,xml_geometry_csv_action
BootPass_6,327,46,33,Position_Unknown,Team_Unknown,Action_PreSnap,858.58,353.94,922.29,469.71,63.70999999999992,115.76999999999998,xml_geometry_csv_action
BootPass_6,327,47,34,Position_Unknown,Team_Unknown,Action_PreSnap,894.91,715.83,952.14,826.01,57.23000000000002,110.17999999999995,xml_geometry_csv_action
BootPass_6,327,48,35,Position_Unknown,Team_Unknown,Action_PreSnap,612.44,868.2,688.25,1033.45,75.80999999999995,165.25,xml_geometry_csv_action
BootPass_6,327,51,37,Position_Unknown,Team_Unknown,Action_PreSnap,908.38,795.38,977.72,950.49,69.34000000000003,155.11,xml_geometry_csv_action
BootPass_6,327,53,38,Position_Unknown,Team_Unknown,Action_PreSnap,1471.86,672.71,1523.18,814.03,51.320000000000164,141.31999999999994,xml_geometry_csv_action
BootPass_6,327,58,41,Position_Unknown,Team_Unknown,Action_PreSnap,767.39,314.07,833.38,392.04,65.99000000000001,77.97000000000003,xml_geometry_csv_action
BootPass_6,327,60,42,Position_Unknown,Team_Unknown,Action_PreSnap,1637.39,859.18,1704.23,1015.11,66.83999999999992,155.93000000000006,xml_geometry_csv_action
BootPass_6,327,5,5,Position_Unknown,Team_Unknown,Action_PreSnap,802.05,564.2,858.15,690.9,56.10000000000002,126.69999999999993,xml_geometry_csv_action
BootPass_6,327,6,6,Position_Unknown,Team_Unknown,Action_PreSnap,618.18,780.92,680.77,884.7,62.59000000000003,103.78000000000009,xml_geometry_csv_action
BootPass_6,328,0,0,Position_Unknown,Team_Unknown,Action_PreSnap,1344.15,459.08,1400.3,592.41,56.149999999999864,133.32999999999998,xml_geometry_csv_action
BootPass_6,328,10,10,Position_Unknown,Team_Unknown,Action_PreSnap,1075.78,729.02,1136.81,879.27,61.02999999999997,150.25,xml_geometry_csv_action
BootPass_6,328,13,13,Position_Unknown,Team_Unknown,Action_PreSnap,1630.57,781.24,1706.79,911.51,76.22000000000003,130.26999999999998,xml_geometry_csv_action
BootPass_6,328,21,18,Position_Unknown,Team_Unknown,Action_PreSnap,1447.76,715.68,1504.11,869.63,56.34999999999991,153.95000000000005,xml_geometry_csv_action
BootPass_6,328,42,31,Position_Unknown,Team_Unknown,Action_PreSnap,878.69,289.74,936.64,393.77,57.94999999999993,104.02999999999997,xml_geometry_csv_action
BootPass_6,328,45,32,Position_Unknown,Team_Unknown,Action_PreSnap,1080.79,545.65,1140.86,677.02,60.069999999999936,131.37,xml_geometry_csv_action
BootPass_6,328,46,33,Position_Unknown,Team_Unknown,Action_PreSnap,848.22,367.54,916.11,484.85,67.88999999999999,117.31,xml_geometry_csv_action
BootPass_6,328,47,34,Position_Unknown,Team_Unknown,Action_PreSnap,891.08,738.44,948.41,848.3,57.32999999999993,109.8599999999999,xml_geometry_csv_action
BootPass_6,328,48,35,Position_Unknown,Team_Unknown,Action_PreSnap,601.53,892.01,677.29,1063.61,75.75999999999999,171.5999999999999,xml_geometry_csv_action
BootPass_6,328,51,37,Position_Unknown,Team_Unknown,Action_PreSnap,902.53,824.57,975.82,978.76,73.29000000000008,154.18999999999994,xml_geometry_csv_action
BootPass_6,328,53,38,Position_Unknown,Team_Unknown,Action_PreSnap,1481.42,696.61,1532.68,840.72,51.25999999999999,144.11,xml_geometry_csv_action
BootPass_6,328,58,41,Position_Unknown,Team_Unknown,Action_PreSnap,753.06,334.33,815.88,410.51,62.82000000000005,76.18,xml_geometry_csv_action
BootPass_6,328,5,5,Position_Unknown,Team_Unknown,Action_PreSnap,796.22,583.77,853.52,714.24,57.299999999999955,130.47000000000003,xml_geometry_csv_action
BootPass_6,328,6,6,Position_Unknown,Team_Unknown,Action_PreSnap,611.56,802.78,674.26,914.37,62.700000000000045,111.59000000000003,xml_geometry_csv_action
BootPass_6,329,0,0,Position_Unknown,Team_Unknown,Action_PreSnap,1349.96,479.07,1406.78,615.48,56.819999999999936,136.41000000000003,xml_geometry_csv_action
BootPass_6,329,10,10,Position_Unknown,Team_Unknown,Action_PreSnap,1073.97,751.79,1137.35,906.04,63.37999999999988,154.25,xml_geometry_csv_action
BootPass_6,329,21,18,Position_Unknown,Team_Unknown,Action_PreSnap,1457.72,739.55,1514.74,897.51,57.01999999999998,157.96000000000004,xml_geometry_csv_action
BootPass_6,329,42,31,Position_Unknown,Team_Unknown,Action_PreSnap,867.59,305.29,930.04,417.75,62.44999999999993,112.45999999999998,xml_geometry_csv_action
BootPass_6,329,45,32,Position_Unknown,Team_Unknown,Action_PreSnap,1075.35,566.26,1141.31,700.49,65.96000000000004,134.23000000000002,xml_geometry_csv_action
BootPass_6,329,46,33,Position_Unknown,Team_Unknown,Action_PreSnap,841.0,383.74,909.84,499.01,68.84000000000003,115.26999999999998,xml_geometry_csv_action
BootPass_6,329,47,34,Position_Unknown,Team_Unknown,Action_PreSnap,888.26,761.94,946.7,876.21,58.440000000000055,114.26999999999998,xml_geometry_csv_action
BootPass_6,329,48,35,Position_Unknown,Team_Unknown,Action_PreSnap,592.59,917.01,669.09,1080.0,76.5,162.99,xml_geometry_csv_action
BootPass_6,329,51,37,Position_Unknown,Team_Unknown,Action_PreSnap,897.84,853.67,974.83,1008.75,76.99000000000001,155.08000000000004,xml_geometry_csv_action
BootPass_6,329,53,38,Position_Unknown,Team_Unknown,Action_PreSnap,1491.18,721.06,1543.23,870.93,52.049999999999955,149.87,xml_geometry_csv_action
BootPass_6,329,58,41,Position_Unknown,Team_Unknown,Action_PreSnap,741.9,354.78,806.24,430.51,64.34000000000003,75.73000000000002,xml_geometry_csv_action
BootPass_6,329,5,5,Position_Unknown,Team_Unknown,Action_PreSnap,790.99,603.1,848.79,739.11,57.799999999999955,136.01,xml_geometry_csv_action
BootPass_6,329,6,6,Position_Unknown,Team_Unknown,Action_PreSnap,602.56,825.92,669.55,964.69,66.99000000000001,138.7700000000001,xml_geometry_csv_action
