1,0,556.18,542.06,118.43,152.33,1,1,0.91014
1,1,631.37,605.62,109.9,155.62,1,1,0.90672
1,2,848.81,264.49,93.77,139.6,1,1,0.90258
1,3,732.41,328.65,75.78,134.0,1,1,0.89749
1,4,973.6,353.21,111.67,132.38,1,1,0.89561
1,5,915.3,473.2,103.32,119.04,1,1,0.89306
1,6,296.84,393.64,81.65,139.53,1,1,0.89234
1,7,987.22,730.15,64.49,184.01,1,1,0.88883
1,8,810.96,467.98,92.25,106.07,1,1,0.88693
1,9,1226.87,449.25,70.66,162.76,1,1,0.88672
1,10,1297.72,646.83,68.29,180.48,1,1,0.88646
1,11,1071.58,378.6,79.8,126.77,1,1,0.88351
1,12,1495.36,503.6,73.92,163.65,1,1,0.87888
1,13,1478.34,359.08,70.03,153.46,1,1,0.87763
1,14,738.34,504.73,88.1,109.19,1,1,0.87596
1,15,891.35,562.51,71.09,164.16,1,1,0.87246
1,16,1260.17,232.24,64.4,155.12,1,1,0.86767
1,17,787.4,378.38,87.35,65.45,1,1,0.86238
1,18,789.43,430.45,92.94,54.5,1,1,0.85587
1,19,843.35,568.6,81.04,111.81,1,1,0.84711
1,20,749.68,448.8,68.38,66.62,1,1,0.83653
1,21,678.99,540.84,98.04,97.13,1,1,0.82269
2,0,556.54,542.09,118.12,152.42,1,1,0.91001
2,1,630.95,605.42,110.34,156.01,1,1,0.90735
2,2,848.51,264.57,93.77,139.7,1,1,0.90243
2,3,732.45,328.59,75.75,133.99,1,1,0.89738
2,4,973.34,353.11,111.88,132.43,1,1,0.89575
2,5,915.4,473.27,103.37,119.02,1,1,0.89293
2,6,296.76,393.35,81.73,139.71,1,1,0.89233
2,7,987.39,730.32,64.05,183.08,1,1,0.89015
2,8,810.91,467.91,92.42,106.01,1,1,0.88641
2,9,1227.12,449.3,70.59,162.63,1,1,0.88758
2,10,1297.79,646.97,68.14,180.28,1,1,0.88573
2,11,1071.54,378.69,79.81,126.55,1,1,0.88364
2,12,1495.51,503.62,73.68,163.36,1,1,0.87876
2,13,1478.23,359.2,69.89,153.24,1,1,0.8773
2,14,738.45,504.77,88.3,109.48,1,1,0.875
2,15,891.52,562.52,70.85,164.17,1,1,0.87143
2,16,1260.43,232.3,64.3,154.91,1,1,0.86653
2,17,787.59,378.19,87.02,65.37,1,1,0.86223
2,18,789.49,430.29,92.86,54.76,1,1,0.855
2,19,843.03,568.6,81.44,111.2,1,1,0.84421
2,20,749.59,448.86,68.43,66.66,1,1,0.83661
2,21,678.31,541.14,98.84,97.51,1,1,0.82062
3,0,554.3,541.68,118.29,152.37,1,1,0.91065
3,1,628.11,604.97,110.64,155.68,1,1,0.90614
3,2,846.35,263.88,93.98,139.72,1,1,0.90415
3,3,729.6,327.36,75.79,134.58,1,1,0.89673
3,4,971.51,353.29,110.53,131.34,1,1,0.89395
3,5,912.87,472.18,103.6,119.63,1,1,0.89251
3,6,294.04,393.02,81.81,139.6,1,1,0.8923
3,7,983.68,728.85,64.63,182.01,1,1,0.8879
3,8,808.38,467.33,92.01,105.43,1,1,0.88505
3,9,1224.96,448.46,70.68,162.85,1,1,0.88682
3,10,1294.97,646.28,68.29,179.63,1,1,0.8871
3,11,1067.61,378.66,80.07,125.47,1,1,0.88671
3,12,1493.15,502.87,73.01,163.31,1,1,0.87331
3,13,1475.15,358.35,70.3,153.88,1,1,0.8755
3,14,735.75,503.8,88.71,109.99,1,1,0.87602
3,15,888.2,562.62,71.14,163.41,1,1,0.87265
3,16,1259.23,232.18,63.84,155.07,1,1,0.86476
3,17,785.28,378.03,86.94,65.0,1,1,0.8642
3,18,786.71,429.55,93.35,55.44,1,1,0.85759
3,19,839.85,567.64,81.09,112.0,1,1,0.84232
3,20,746.71,448.89,68.38,65.83,1,1,0.83471
3,21,675.62,540.47,99.32,97.4,1,1,0.82479
4,0,551.82,541.62,118.52,152.78,1,1,0.90993
4,1,625.32,604.55,110.7,155.96,1,1,0.90608
4,2,844.07,263.4,93.86,140.29,1,1,0.90368
4,3,726.74,326.7,74.98,135.32,1,1,0.89595
4,4,969.54,353.52,109.35,131.38,1,1,0.89447
4,5,909.9,471.93,104.03,119.85,1,1,0.89005
4,6,291.03,393.01,81.95,139.49,1,1,0.89206
4,7,979.4,728.17,64.57,181.36,1,1,0.88805
4,8,806.44,467.37,91.18,105.97,1,1,0.88357
4,9,1222.97,448.83,70.31,162.52,1,1,0.88239
4,10,1292.24,645.52,68.55,179.02,1,1,0.88673
4,11,1064.68,379.0,79.95,125.12,1,1,0.88624
4,12,1491.54,502.77,71.65,163.14,1,1,0.87487
4,13,1472.52,358.11,71.93,153.9,1,1,0.8728
4,14,733.22,503.33,88.21,110.74,1,1,0.87503
4,15,884.97,562.93,71.1,162.86,1,1,0.87024
4,16,1257.36,232.42,63.64,154.85,1,1,0.85946
4,17,781.98,378.38,87.34,64.68,1,1,0.86808
4,18,783.81,429.65,93.21,55.88,1,1,0.85898
4,19,837.34,567.65,80.02,111.48,1,1,0.84096
4,20,744.26,448.27,68.14,66.35,1,1,0.8316
4,21,673.89,540.43,98.68,97.0,1,1,0.82759
5,0,549.54,541.84,119.05,153.2,1,1,0.91094
5,1,623.62,604.72,110.31,156.0,1,1,0.90618
5,2,842.76,263.56,93.58,140.07,1,1,0.90512
5,3,724.37,326.11,74.78,135.87,1,1,0.89878
5,4,966.83,353.89,109.6,131.29,1,1,0.89621
5,5,907.62,472.06,103.64,119.83,1,1,0.89051
5,6,288.97,393.21,82.04,139.35,1,1,0.89207
5,7,973.36,728.09,65.33,181.25,1,1,0.89057
5,8,804.71,467.6,90.79,106.86,1,1,0.88462
5,9,1222.25,452.25,70.07,163.29,1,1,0.88534
5,10,1290.31,643.44,69.11,179.93,1,1,0.88839
5,11,1062.02,379.83,80.9,124.45,1,1,0.88767
5,12,1490.36,502.71,71.51,162.95,1,1,0.87757
5,13,1470.92,357.81,73.44,154.59,1,1,0.87377
5,14,730.96,503.21,88.25,110.73,1,1,0.87749
5,15,882.42,564.0,71.45,161.57,1,1,0.8698
5,16,1256.09,233.7,64.13,154.29,1,1,0.86191
5,17,779.72,379.3,87.19,64.15,1,1,0.86816
5,18,781.54,429.88,92.7,56.09,1,1,0.8602
5,19,835.64,568.55,79.27,110.86,1,1,0.83829
5,20,742.05,448.1,68.61,66.39,1,1,0.83513
5,21,671.98,540.72,98.49,97.77,1,1,0.83197
6,0,549.49,542.07,119.03,153.14,1,1,0.91097
6,1,623.23,604.88,110.58,155.94,1,1,0.90724
6,2,842.89,263.75,93.41,140.06,1,1,0.90443
6,3,724.06,326.23,74.51,135.98,1,1,0.89859
6,4,966.12,354.39,110.05,130.94,1,1,0.89655
6,5,907.15,472.51,103.68,119.77,1,1,0.89009
6,6,288.56,393.38,82.28,139.47,1,1,0.89059
6,7,970.16,728.2,66.84,180.91,1,1,0.89307
6,8,804.62,467.85,90.66,107.32,1,1,0.88487
6,9,1223.41,455.28,70.13,163.92,1,1,0.88414
6,10,1290.24,642.4,69.54,179.06,1,1,0.88849
6,11,1061.57,379.96,81.0,124.44,1,1,0.88833
6,12,1490.52,502.74,71.29,162.76,1,1,0.87703
6,13,1471.42,357.83,73.77,154.74,1,1,0.87524
6,14,730.69,503.31,88.31,110.72,1,1,0.87779
6,15,881.74,564.75,71.52,160.82,1,1,0.86628
6,16,1256.76,234.72,64.12,153.56,1,1,0.86316
6,17,779.37,379.76,87.24,63.8,1,1,0.86764
6,18,780.99,430.14,92.64,55.86,1,1,0.85949
6,19,835.26,569.26,79.2,110.53,1,1,0.83753
6,20,741.98,448.34,68.3,66.31,1,1,0.83492
6,21,671.81,541.08,98.48,97.91,1,1,0.83559
7,0,549.11,542.5,119.13,152.99,1,1,0.91151
7,1,622.51,605.35,110.71,155.67,1,1,0.90784
7,2,842.01,264.12,93.47,139.99,1,1,0.90429
7,3,723.23,326.46,74.84,136.05,1,1,0.89858
7,4,965.46,355.58,109.93,130.39,1,1,0.89687
7,5,906.39,473.07,103.75,119.5,1,1,0.89186
7,6,288.4,393.83,81.93,139.21,1,1,0.89014
7,7,966.53,728.84,68.56,179.91,1,1,0.89232
7,8,804.16,468.25,90.38,107.48,1,1,0.8859
7,9,1223.3,458.52,70.16,163.63,1,1,0.88482
7,10,1289.8,641.92,69.89,177.61,1,1,0.88912
7,11,1060.58,379.86,81.07,124.62,1,1,0.88911
7,12,1490.68,502.94,70.92,162.32,1,1,0.87867
7,13,1471.56,357.85,74.34,154.39,1,1,0.87615
7,14,730.35,503.57,88.47,110.77,1,1,0.87671
7,15,880.14,565.39,72.22,160.11,1,1,0.86537
7,16,1257.2,235.52,63.78,153.37,1,1,0.86525
7,17,778.8,380.34,87.22,63.31,1,1,0.86899
7,18,780.17,430.51,92.71,55.81,1,1,0.85955
7,19,834.55,570.01,79.44,110.02,1,1,0.83866
7,20,741.17,449.75,68.03,65.74,1,1,0.83539
7,21,670.01,541.5,99.47,98.16,1,1,0.83567
8,0,549.04,542.55,119.28,152.88,1,1,0.91183
8,1,622.45,605.01,110.82,155.95,1,1,0.9082
8,2,842.05,263.73,93.57,140.77,1,1,0.90438
8,3,723.08,326.52,75.03,136.05,1,1,0.89891
8,4,965.57,355.9,109.82,130.06,1,1,0.8968
8,5,906.24,473.28,103.96,119.28,1,1,0.89195
8,6,288.42,393.92,81.88,139.08,1,1,0.89056
8,7,965.49,728.92,69.32,179.44,1,1,0.89194
8,8,804.2,468.33,90.37,107.51,1,1,0.88576
8,9,1223.53,459.44,70.17,163.67,1,1,0.88427
8,10,1289.86,641.79,69.97,176.93,1,1,0.88845
8,11,1060.51,379.83,81.1,124.5,1,1,0.88874
8,12,1490.76,502.82,70.94,162.37,1,1,0.87829
8,13,1471.96,357.73,74.64,154.38,1,1,0.87671
8,14,730.4,503.62,88.23,110.62,1,1,0.8764
8,15,879.74,565.39,72.52,160.01,1,1,0.86485
8,16,1257.48,235.66,63.48,153.25,1,1,0.86639
8,17,778.67,380.36,87.41,63.37,1,1,0.86844
8,18,780.21,430.55,92.72,55.77,1,1,0.85973
8,19,834.57,570.1,79.29,109.51,1,1,0.83521
8,20,741.05,449.88,67.96,65.75,1,1,0.83568
8,21,669.88,541.56,99.75,98.01,1,1,0.83222
9,0,549.06,541.69,119.6,152.76,1,1,0.91062
9,1,622.64,604.75,110.53,155.34,1,1,0.90664
9,2,842.27,263.13,93.84,141.03,1,1,0.90495
9,3,722.64,325.91,75.31,135.64,1,1,0.89935
9,4,965.46,354.94,109.84,129.89,1,1,0.89495
9,5,906.23,472.52,104.34,119.1,1,1,0.89187
9,6,288.44,393.11,81.95,138.97,1,1,0.89176
9,7,962.05,729.22,71.73,177.34,1,1,0.89241
9,8,804.2,467.4,90.39,107.17,1,1,0.88577
9,9,1224.31,462.19,70.32,163.66,1,1,0.88327
9,10,1290.05,639.35,69.99,175.35,1,1,0.89094
9,11,1060.14,378.4,81.65,125.21,1,1,0.88955
9,12,1491.35,501.62,70.71,161.96,1,1,0.87594
9,13,1473.69,356.96,73.31,154.1,1,1,0.87717
9,14,730.31,502.56,88.45,110.97,1,1,0.87712
9,15,879.41,564.27,73.04,160.19,1,1,0.86704
9,16,1258.99,235.12,63.32,153.06,1,1,0.86838
9,17,778.84,379.38,87.16,63.3,1,1,0.87023
9,18,780.11,429.55,92.59,56.23,1,1,0.85989
9,19,834.8,569.31,79.0,109.6,1,1,0.83745
9,20,741.13,448.42,68.21,66.06,1,1,0.83334
9,21,669.89,540.6,99.92,98.53,1,1,0.83613
10,0,549.59,541.69,119.59,152.76,1,1,0.91041
10,1,623.18,604.8,110.53,155.26,1,1,0.90682
10,2,842.74,263.13,93.82,141.07,1,1,0.90519
10,3,722.8,326.35,75.25,135.19,1,1,0.89931
10,4,965.66,354.85,110.01,129.7,1,1,0.89461
10,5,906.67,472.64,104.54,119.07,1,1,0.8915
10,6,288.84,393.13,82.08,138.99,1,1,0.89167
10,7,961.49,730.66,72.33,174.96,1,1,0.89358
10,8,804.33,467.43,90.57,106.9,1,1,0.88556
10,9,1226.05,464.92,69.88,163.33,1,1,0.88545
10,10,1290.48,638.46,70.77,174.48,1,1,0.89022
10,11,1060.47,378.05,81.55,125.73,1,1,0.88976
10,12,1491.97,501.4,71.02,161.99,1,1,0.87718
10,13,1475.8,356.98,72.97,154.68,1,1,0.88003
10,14,730.64,502.69,88.5,110.93,1,1,0.87735
10,15,879.29,564.24,73.33,160.19,1,1,0.86821
10,16,1260.77,235.4,62.76,152.79,1,1,0.87068
10,17,779.37,379.21,86.99,63.34,1,1,0.87133
10,18,780.1,429.57,92.81,56.27,1,1,0.86017
10,19,835.17,569.49,78.86,108.95,1,1,0.83552
10,20,741.28,448.24,68.57,66.09,1,1,0.83413
10,21,670.21,540.47,99.9,98.78,1,1,0.83474
11,0,550.24,541.72,119.25,152.52,1,1,0.91081
11,1,623.9,604.9,110.36,155.09,1,1,0.90625
11,2,843.42,263.04,93.58,140.88,1,1,0.90555
11,3,723.19,326.3,75.2,135.16,1,1,0.89965
11,4,965.95,354.62,110.01,129.77,1,1,0.8954
11,5,907.02,472.75,104.66,118.88,1,1,0.89265
11,6,289.46,393.1,82.01,138.85,1,1,0.89317
11,7,961.38,731.93,72.45,172.08,1,1,0.89411
11,8,804.4,467.38,90.81,106.75,1,1,0.88585
11,9,1226.59,466.78,69.8,163.1,1,1,0.887
11,10,1291.42,637.57,71.02,173.27,1,1,0.89161
11,11,1060.61,377.56,81.56,126.17,1,1,0.89064
11,12,1492.8,501.13,71.2,162.04,1,1,0.87766
11,13,1478.17,356.72,72.37,155.07,1,1,0.88157
11,14,731.1,502.6,88.25,111.09,1,1,0.8784
11,15,879.27,563.96,73.35,160.43,1,1,0.87093
11,16,1262.89,235.13,62.01,153.03,1,1,0.87427
11,17,779.68,379.01,87.22,63.4,1,1,0.87236
11,18,780.26,429.52,93.02,56.25,1,1,0.86124
11,19,835.48,569.45,78.75,109.14,1,1,0.83936
11,20,741.54,448.24,68.72,65.8,1,1,0.83569
11,21,669.4,540.46,100.9,99.13,1,1,0.83314
12,0,550.2,541.79,119.52,152.31,1,1,0.91056
12,1,624.07,604.88,110.36,155.15,1,1,0.90576
12,2,843.56,263.1,93.62,140.7,1,1,0.90421
12,3,723.32,326.33,75.66,135.07,1,1,0.89969
12,4,966.13,354.5,109.93,129.59,1,1,0.89443
12,5,907.02,472.81,104.82,118.88,1,1,0.89185
12,6,289.54,393.16,82.33,138.77,1,1,0.89249
12,7,961.16,733.17,73.19,169.39,1,1,0.89321
12,8,804.39,467.36,90.89,106.69,1,1,0.88516
12,9,1227.82,468.68,69.73,162.1,1,1,0.8869
12,10,1292.17,636.65,71.24,172.34,1,1,0.89076
12,11,1060.59,377.08,81.59,126.46,1,1,0.89109
12,12,1493.34,501.03,71.21,162.08,1,1,0.87628
12,13,1479.62,355.98,72.35,156.34,1,1,0.87976
12,14,731.19,502.6,88.09,111.14,1,1,0.87792
12,15,879.15,563.77,73.27,160.67,1,1,0.87013
12,16,1266.13,234.68,60.8,153.72,1,1,0.86991
12,17,779.78,378.83,87.28,63.63,1,1,0.87191
12,18,780.28,429.5,93.15,56.35,1,1,0.86127
12,19,835.74,569.38,78.49,109.21,1,1,0.83993
12,20,741.67,448.06,68.87,65.81,1,1,0.83426
12,21,668.92,540.4,101.38,99.4,1,1,0.83494
13,0,550.17,541.89,119.8,152.08,1,1,0.91107
13,1,624.46,604.79,110.19,155.28,1,1,0.90612
13,2,843.73,263.09,93.63,140.47,1,1,0.90398
13,3,723.53,326.45,75.92,134.93,1,1,0.89978
13,4,966.37,354.65,109.74,129.32,1,1,0.8941
13,5,907.05,472.81,104.94,118.88,1,1,0.89197
13,6,289.61,393.21,82.47,138.79,1,1,0.89236
13,7,960.7,734.69,73.66,165.92,1,1,0.89356
13,8,804.43,467.34,90.98,106.64,1,1,0.88485
13,9,1228.23,470.23,70.32,160.88,1,1,0.88796
13,10,1293.12,635.8,71.15,171.33,1,1,0.89085
13,11,1060.65,376.68,81.57,126.82,1,1,0.89172
13,12,1493.92,500.82,71.66,162.05,1,1,0.87828
13,13,1481.09,355.01,72.28,156.99,1,1,0.88106
13,14,731.29,502.64,88.01,111.08,1,1,0.87775
13,15,878.9,563.69,73.53,160.67,1,1,0.87054
13,16,1269.55,234.21,59.16,154.02,1,1,0.87086
13,17,780.01,378.67,87.3,63.79,1,1,0.87179
13,18,780.42,429.52,93.11,56.44,1,1,0.86134
13,19,835.95,569.33,78.39,109.13,1,1,0.83878
13,20,741.86,447.78,68.87,66.02,1,1,0.83354
13,21,668.95,540.36,101.51,99.36,1,1,0.83341
14,0,549.43,541.64,120.0,152.39,1,1,0.91006
14,1,623.14,604.36,110.67,155.85,1,1,0.90648
14,2,842.89,262.92,93.8,140.75,1,1,0.9038
14,3,722.69,326.82,75.86,134.63,1,1,0.89878
14,4,965.69,355.14,109.27,128.43,1,1,0.8933
14,5,905.96,473.02,105.33,118.6,1,1,0.892
14,6,288.79,393.01,82.65,138.92,1,1,0.8924
14,7,959.18,736.18,74.22,163.51,1,1,0.89285
14,8,803.98,467.42,90.51,106.52,1,1,0.88537
14,9,1227.22,471.49,71.54,159.53,1,1,0.88819
14,10,1293.39,635.32,71.05,170.1,1,1,0.89062
14,11,1059.86,376.6,81.42,126.86,1,1,0.89114
14,12,1493.48,500.74,71.74,162.08,1,1,0.87755
14,13,1481.46,353.49,72.26,157.55,1,1,0.88013
14,14,730.36,502.67,88.11,110.94,1,1,0.87665
14,15,877.58,563.84,73.66,160.38,1,1,0.87065
14,16,1272.64,233.99,57.15,154.67,1,1,0.87153
14,17,779.56,378.79,86.97,63.74,1,1,0.87194
14,18,780.08,429.63,92.72,56.21,1,1,0.8606
14,19,835.3,569.06,78.02,109.47,1,1,0.83807
14,20,741.05,447.8,68.92,66.1,1,1,0.8335
14,21,668.77,540.09,101.14,99.25,1,1,0.83246
15,0,548.75,541.6,120.21,152.33,1,1,0.91058
15,1,622.33,604.28,110.49,155.7,1,1,0.90745
15,2,842.16,262.87,93.88,140.75,1,1,0.90447
15,3,721.94,326.78,75.94,134.64,1,1,0.89963
15,4,964.6,354.78,109.23,128.52,1,1,0.89421
15,5,905.13,472.98,105.38,118.31,1,1,0.89335
15,6,288.0,392.66,82.54,139.05,1,1,0.89385
15,7,957.94,736.95,74.52,161.38,1,1,0.89345
15,8,803.28,467.25,90.48,106.43,1,1,0.88628
15,9,1226.34,472.14,72.36,158.3,1,1,0.88945
15,10,1293.9,634.76,70.89,168.76,1,1,0.88989
15,11,1058.59,376.07,81.63,127.2,1,1,0.89139
15,12,1493.57,500.64,71.46,161.77,1,1,0.87804
15,13,1481.66,351.79,71.89,157.79,1,1,0.88014
15,14,729.63,502.51,88.34,110.86,1,1,0.8773
15,15,876.4,563.66,73.9,160.45,1,1,0.8706
15,16,1274.21,233.72,56.02,155.46,1,1,0.87416
15,17,778.99,378.65,86.77,63.78,1,1,0.87292
15,18,779.94,429.38,92.27,56.31,1,1,0.86076
15,19,834.75,568.6,77.83,109.52,1,1,0.84019
15,20,740.57,448.42,68.69,65.51,1,1,0.83461
15,21,666.66,540.0,102.5,100.22,1,1,0.84037
16,0,548.01,541.38,120.64,152.02,1,1,0.9105
16,1,621.97,603.78,110.34,155.8,1,1,0.90681
16,2,842.12,262.51,93.54,141.08,1,1,0.90353
16,3,721.75,326.34,76.0,134.94,1,1,0.89959
16,4,963.35,354.15,109.59,128.66,1,1,0.89471
16,5,904.27,472.72,105.41,118.17,1,1,0.89354
16,6,287.49,392.37,82.61,139.15,1,1,0.89321
16,7,956.65,737.08,74.94,159.85,1,1,0.8953
16,8,802.96,466.93,90.4,106.33,1,1,0.88618
16,9,1225.45,472.57,73.17,157.37,1,1,0.88986
16,10,1294.18,634.14,71.18,167.16,1,1,0.88864
16,11,1057.54,375.38,82.28,127.37,1,1,0.89139
16,12,1494.22,500.15,71.38,161.87,1,1,0.87611
16,13,1481.99,349.84,71.95,158.1,1,1,0.87822
16,14,729.28,502.17,88.33,110.77,1,1,0.8771
16,15,875.36,563.5,74.11,160.45,1,1,0.86723
16,16,1275.83,234.01,55.7,155.94,1,1,0.87355
16,17,778.61,378.31,86.73,63.75,1,1,0.87296
16,18,779.48,428.91,92.18,56.79,1,1,0.861
16,19,834.43,568.14,78.09,109.68,1,1,0.84174
16,20,740.17,448.58,68.52,64.69,1,1,0.83496
16,21,666.25,539.63,102.56,100.28,1,1,0.8387
17,0,547.8,541.37,120.85,152.05,1,1,0.91041
17,1,621.95,603.83,110.41,155.74,1,1,0.90712
17,2,842.23,262.44,93.62,141.21,1,1,0.90314
17,3,721.61,326.7,76.05,134.69,1,1,0.89941
17,4,963.0,353.97,109.87,128.6,1,1,0.89504
17,5,904.24,472.83,105.25,118.08,1,1,0.89372
17,6,287.42,392.46,82.69,139.19,1,1,0.89366
17,7,956.42,737.63,75.02,158.68,1,1,0.89501
17,8,802.87,466.91,90.7,106.4,1,1,0.88682
17,9,1225.13,473.12,73.72,156.54,1,1,0.88965
17,10,1295.13,634.03,72.15,166.31,1,1,0.8887
17,11,1057.28,375.17,82.42,127.5,1,1,0.89219
17,12,1496.02,500.55,70.31,161.47,1,1,0.87617
17,13,1482.82,348.56,71.89,158.67,1,1,0.87739
17,14,729.26,502.19,88.25,110.6,1,1,0.87687
17,15,874.73,563.69,74.77,160.34,1,1,0.86978
17,16,1279.41,234.46,54.98,156.37,1,1,0.87318
17,17,778.56,378.23,86.83,63.93,1,1,0.87255
17,18,779.51,428.89,92.18,56.93,1,1,0.86104
17,19,834.32,567.86,77.56,109.76,1,1,0.84058
17,20,740.1,448.85,68.64,64.39,1,1,0.83478
17,21,666.39,539.68,102.5,100.15,1,1,0.83954
18,0,547.7,541.29,120.91,152.13,1,1,0.91049
18,1,621.82,604.12,110.36,155.44,1,1,0.90702
18,2,842.27,262.48,93.61,141.24,1,1,0.90341
18,3,721.78,326.69,75.93,134.63,1,1,0.89901
18,4,962.85,353.82,109.96,128.67,1,1,0.8944
18,5,904.12,472.71,105.43,118.23,1,1,0.89359
18,6,287.37,392.42,82.82,139.26,1,1,0.8927
18,7,956.29,737.82,75.12,158.41,1,1,0.89412
18,8,802.83,466.8,90.71,106.49,1,1,0.88686
18,9,1224.85,473.28,73.94,156.22,1,1,0.88925
18,10,1295.31,634.03,72.75,166.07,1,1,0.88847
18,11,1057.16,375.13,82.69,127.34,1,1,0.89214
18,12,1496.61,500.73,69.87,161.43,1,1,0.87573
18,13,1483.1,348.16,71.91,158.79,1,1,0.87733
18,14,729.21,502.28,88.2,110.55,1,1,0.87722
18,15,874.2,563.72,74.98,160.2,1,1,0.86809
18,16,1280.51,234.61,54.68,156.54,1,1,0.8726
18,17,778.5,378.22,86.83,63.97,1,1,0.87223
18,18,779.51,428.85,92.12,57.0,1,1,0.86086
18,19,834.47,567.68,76.95,109.78,1,1,0.83708
18,20,740.22,448.74,68.61,64.52,1,1,0.83492
18,21,666.33,539.67,102.43,100.17,1,1,0.83958
19,0,549.45,540.96,120.44,152.46,1,1,0.9118
19,1,623.45,602.96,110.52,156.44,1,1,0.90692
19,2,842.99,262.19,94.16,141.2,1,1,0.90417
19,3,723.44,326.01,75.98,135.14,1,1,0.90038
19,4,964.48,353.63,109.59,128.08,1,1,0.89263
19,5,905.44,472.21,105.85,118.5,1,1,0.89343
19,6,289.03,392.1,82.95,139.22,1,1,0.89245
19,7,957.8,737.89,76.77,158.04,1,1,0.89633
19,8,804.17,466.56,90.66,106.79,1,1,0.88815
19,9,1225.91,473.67,74.41,155.61,1,1,0.89035
19,10,1298.38,633.69,73.4,164.67,1,1,0.88737
19,11,1058.75,374.86,82.02,127.28,1,1,0.89248
19,12,1501.72,500.27,67.77,161.53,1,1,0.88126
19,13,1485.65,346.49,71.34,157.74,1,1,0.8755
19,14,730.67,501.86,88.12,110.87,1,1,0.87816
19,15,875.43,563.65,74.68,160.03,1,1,0.86793
19,16,1285.75,234.09,54.89,156.79,1,1,0.87148
19,17,779.72,377.95,87.12,64.07,1,1,0.87007
19,18,780.87,428.57,92.01,56.81,1,1,0.86125
19,19,836.05,567.37,76.56,109.85,1,1,0.83871
19,20,741.6,448.11,68.8,64.84,1,1,0.83196
19,21,668.8,539.43,101.37,98.8,1,1,0.83457
20,0,549.15,540.87,120.48,152.74,1,1,0.91164
20,1,623.59,602.42,110.57,156.95,1,1,0.90619
20,2,842.83,262.13,94.13,141.34,1,1,0.90438
20,3,723.22,326.01,76.09,135.14,1,1,0.90021
20,4,964.65,353.72,109.27,127.9,1,1,0.89229
20,5,905.22,472.2,106.17,118.62,1,1,0.89335
20,6,289.08,392.38,82.84,139.02,1,1,0.89472
20,7,957.69,738.04,79.28,158.16,1,1,0.8981
20,8,804.1,466.63,90.61,106.77,1,1,0.88777
20,9,1225.48,474.33,75.12,154.91,1,1,0.89063
20,10,1299.41,633.48,73.91,164.55,1,1,0.88864
20,11,1058.41,374.71,82.36,127.41,1,1,0.89272
20,12,1504.15,500.23,65.28,161.65,1,1,0.87951
20,13,1485.66,345.49,71.24,157.35,1,1,0.87584
20,14,730.52,501.9,88.18,110.92,1,1,0.87755
20,15,874.67,563.92,75.17,159.84,1,1,0.86735
20,16,1287.91,233.92,56.43,157.06,1,1,0.86622
20,17,779.63,377.98,87.2,64.2,1,1,0.87075
20,18,781.16,428.68,91.72,56.64,1,1,0.86137
20,19,836.27,567.25,75.81,109.98,1,1,0.83528
20,20,741.6,448.04,68.9,65.02,1,1,0.83318
20,21,669.44,539.37,100.65,98.23,1,1,0.83535
21,0,548.41,540.98,120.6,152.75,1,1,0.91197
21,1,623.0,602.61,110.58,156.81,1,1,0.90682
21,2,842.36,262.47,94.15,141.24,1,1,0.90467
21,3,722.57,326.03,76.18,135.01,1,1,0.90037
21,4,964.05,353.91,109.51,128.21,1,1,0.89417
21,5,904.58,472.34,106.05,118.69,1,1,0.8933
21,6,288.5,392.62,82.96,138.77,1,1,0.89479
21,7,957.28,738.12,81.5,158.19,1,1,0.89938
21,8,803.59,466.63,90.77,106.86,1,1,0.88797
21,9,1224.38,475.03,75.49,154.27,1,1,0.89015
21,10,1299.55,633.9,74.49,164.54,1,1,0.88902
21,11,1057.58,374.59,82.43,127.54,1,1,0.89328
21,12,1504.79,500.2,64.56,161.72,1,1,0.88255
21,13,1484.21,344.96,72.23,156.34,1,1,0.87659
21,14,729.9,502.02,88.42,111.0,1,1,0.87847
21,15,873.06,564.47,76.25,159.36,1,1,0.86722
21,16,1289.23,234.5,59.63,156.39,1,1,0.8664
21,17,779.36,378.11,86.83,63.91,1,1,0.87308
21,18,780.73,428.89,91.44,56.52,1,1,0.86054
21,19,836.06,567.0,75.44,110.14,1,1,0.83081
21,20,741.0,448.24,68.84,65.03,1,1,0.83323
21,21,667.38,539.5,101.97,98.9,1,1,0.84164
22,0,548.75,540.92,120.16,152.65,1,1,0.91207
22,1,623.03,602.44,110.6,156.93,1,1,0.90716
22,2,842.23,262.45,94.08,141.22,1,1,0.90566
22,3,722.57,325.76,76.21,135.16,1,1,0.90031
22,4,963.95,353.73,109.66,128.45,1,1,0.89442
22,5,904.49,472.14,106.01,118.81,1,1,0.8935
22,6,288.58,392.56,82.89,138.77,1,1,0.89533
22,7,957.21,738.05,82.55,158.27,1,1,0.89947
22,8,803.59,466.51,90.75,106.86,1,1,0.88833
22,9,1224.12,475.13,75.61,153.99,1,1,0.88997
22,10,1299.76,633.94,74.63,164.48,1,1,0.88906
22,11,1057.38,374.46,82.53,127.53,1,1,0.89329
22,12,1505.24,500.12,64.55,161.67,1,1,0.88257
22,13,1483.88,344.61,72.55,156.01,1,1,0.87726
22,14,729.81,501.84,88.56,110.99,1,1,0.87904
22,15,872.58,564.58,76.69,159.18,1,1,0.8677
22,16,1289.91,234.79,60.68,156.02,1,1,0.8663
22,17,779.27,378.09,86.71,63.72,1,1,0.87285
22,18,780.76,428.79,91.35,56.61,1,1,0.86055
22,19,836.21,566.65,75.18,110.33,1,1,0.83139
22,20,740.97,448.4,68.76,64.77,1,1,0.83411
22,21,667.25,539.47,102.11,98.85,1,1,0.84095
23,0,549.0,540.89,119.8,152.48,1,1,0.91245
23,1,622.95,602.01,110.78,157.29,1,1,0.90744
23,2,842.07,262.42,93.95,141.29,1,1,0.90627
23,3,722.57,325.61,76.08,135.19,1,1,0.90059
23,4,963.8,353.51,109.72,128.62,1,1,0.89466
23,5,904.51,471.91,106.03,118.83,1,1,0.8944
23,6,288.6,392.15,82.93,139.09,1,1,0.89433
23,7,957.32,737.91,85.05,158.48,1,1,0.90181
23,8,803.67,466.42,90.82,106.83,1,1,0.88874
23,9,1223.96,475.16,75.65,153.49,1,1,0.89064
23,10,1300.94,634.03,74.92,164.48,1,1,0.88993
23,11,1057.29,373.81,82.45,128.05,1,1,0.8936
23,12,1505.41,499.92,64.25,161.29,1,1,0.88394
23,13,1482.92,344.23,72.69,155.43,1,1,0.8794
23,14,729.85,501.67,88.61,110.86,1,1,0.87952
23,15,872.34,564.56,76.81,159.17,1,1,0.86814
23,16,1290.91,234.62,63.42,155.78,1,1,0.87227
23,17,779.17,378.11,86.62,63.54,1,1,0.87195
23,18,780.8,428.62,91.36,56.76,1,1,0.86087
23,19,836.5,566.32,74.76,110.43,1,1,0.83026
23,20,741.01,448.31,68.64,64.69,1,1,0.83512
23,21,667.5,539.43,101.88,98.4,1,1,0.84175
24,0,549.21,541.27,119.87,152.44,1,1,0.91219
24,1,623.1,601.96,111.01,157.6,1,1,0.90716
24,2,842.34,262.53,93.96,141.43,1,1,0.90533
24,3,722.77,326.09,76.03,134.95,1,1,0.90021
24,4,963.9,353.75,109.74,128.75,1,1,0.89456
24,5,904.83,472.21,105.52,118.95,1,1,0.89312
24,6,288.78,392.67,82.98,138.88,1,1,0.89282
24,7,958.21,738.15,86.75,158.65,1,1,0.90262
24,8,804.13,466.74,90.66,106.74,1,1,0.88791
24,9,1224.08,475.47,75.71,153.58,1,1,0.88926
24,10,1302.56,634.9,75.44,164.59,1,1,0.89117
24,11,1057.56,373.89,82.33,128.37,1,1,0.89379
24,12,1505.99,500.3,64.06,161.56,1,1,0.87903
24,13,1482.28,344.47,73.07,155.01,1,1,0.87893
24,14,729.99,501.9,88.47,110.84,1,1,0.87878
24,15,872.33,564.82,76.99,159.15,1,1,0.86686
24,16,1292.34,235.07,66.48,155.35,1,1,0.87298
24,17,779.49,378.38,86.71,63.69,1,1,0.87152
24,18,781.18,428.98,91.39,56.51,1,1,0.86023
24,19,836.83,566.4,74.45,110.42,1,1,0.82831
24,20,741.3,448.04,68.77,65.33,1,1,0.83496
24,21,668.07,539.67,101.59,97.7,1,1,0.83733
25,0,548.47,541.49,120.2,152.51,1,1,0.91261
25,1,622.37,602.84,111.2,156.98,1,1,0.90712
25,2,841.86,262.99,93.93,141.13,1,1,0.90459
25,3,722.12,326.59,76.09,134.93,1,1,0.89924
25,4,963.62,354.19,109.52,129.06,1,1,0.89574
25,5,904.51,472.6,105.07,119.03,1,1,0.89325
25,6,287.86,393.18,83.38,138.68,1,1,0.89469
25,7,958.35,738.45,88.03,158.65,1,1,0.90441
25,8,803.66,467.17,90.46,106.68,1,1,0.88733
25,9,1223.29,476.1,75.96,153.09,1,1,0.89033
25,10,1303.42,635.64,75.8,164.88,1,1,0.89184
25,11,1056.95,374.02,82.58,128.73,1,1,0.89376
25,12,1505.37,501.16,64.52,161.17,1,1,0.88067
25,13,1480.82,344.98,72.82,154.47,1,1,0.87869
25,14,729.31,502.26,88.45,110.78,1,1,0.8788
25,15,871.43,565.38,77.29,158.95,1,1,0.86791
25,16,1292.88,235.55,68.89,155.02,1,1,0.87368
25,17,778.72,378.72,86.87,63.9,1,1,0.87034
25,18,780.62,429.28,91.53,56.43,1,1,0.86071
25,19,836.51,566.65,74.15,110.37,1,1,0.82989
25,20,740.86,449.21,68.68,64.66,1,1,0.83568
25,21,667.67,539.85,101.59,97.84,1,1,0.84243
26,0,547.89,541.35,120.45,152.58,1,1,0.91308
26,1,621.84,602.96,111.48,156.84,1,1,0.90801
26,2,841.38,262.85,94.01,141.07,1,1,0.90438
26,3,721.73,326.74,76.21,134.69,1,1,0.89947
26,4,963.26,353.89,109.88,129.54,1,1,0.8962
26,5,904.31,472.55,104.92,118.9,1,1,0.89328
26,6,287.49,393.09,83.49,138.57,1,1,0.89444
26,7,958.63,738.26,89.31,158.72,1,1,0.90401
26,8,803.13,467.15,90.57,106.61,1,1,0.88726
26,9,1222.86,476.36,76.05,152.63,1,1,0.89014
26,10,1304.57,636.0,75.66,164.69,1,1,0.89154
26,11,1056.45,373.67,82.67,129.05,1,1,0.89339
26,12,1505.24,501.3,64.65,160.45,1,1,0.87967
26,13,1479.54,345.18,72.85,154.16,1,1,0.878
26,14,728.8,502.35,88.47,110.64,1,1,0.87894
26,15,870.87,565.24,77.6,159.2,1,1,0.86687
26,16,1292.95,235.51,70.42,154.64,1,1,0.87641
26,17,778.27,378.53,87.01,63.95,1,1,0.87024
26,18,780.2,429.16,91.69,56.58,1,1,0.86087
26,19,836.33,566.51,74.04,110.4,1,1,0.82777
26,20,740.59,449.45,68.43,64.35,1,1,0.83597
26,21,667.89,539.6,101.1,97.61,1,1,0.84038
27,0,547.65,541.36,120.47,152.61,1,1,0.91305
27,1,621.65,603.33,111.7,156.64,1,1,0.90782
27,2,841.32,262.93,94.18,141.0,1,1,0.9041
27,3,721.64,327.14,76.11,134.39,1,1,0.89954
27,4,963.15,354.14,110.0,129.6,1,1,0.89692
27,5,904.16,472.58,104.84,118.95,1,1,0.89379
27,6,287.31,393.11,83.56,138.65,1,1,0.89451
27,7,959.6,738.36,89.8,158.63,1,1,0.90459
27,8,802.89,467.22,90.61,106.56,1,1,0.88756
27,9,1222.7,476.65,76.17,152.36,1,1,0.88978
27,10,1305.9,636.91,75.59,164.3,1,1,0.89264
27,11,1056.38,373.52,82.74,129.24,1,1,0.89366
27,12,1504.91,501.85,65.38,160.01,1,1,0.8819
27,13,1478.45,345.96,72.79,153.49,1,1,0.87667
27,14,728.64,502.47,88.24,110.61,1,1,0.87874
27,15,870.59,565.26,77.86,159.27,1,1,0.86663
27,16,1292.95,235.39,71.21,155.06,1,1,0.87935
27,17,778.34,378.6,87.04,63.98,1,1,0.87067
27,18,780.2,429.21,91.63,56.48,1,1,0.86064
27,19,836.31,566.45,74.08,110.62,1,1,0.82864
27,20,740.56,449.38,68.45,64.37,1,1,0.83611
27,21,668.31,539.58,100.56,97.6,1,1,0.84074
28,0,546.76,541.35,120.48,152.69,1,1,0.91204
28,1,620.86,603.72,111.66,156.03,1,1,0.90714
28,2,840.99,263.29,93.95,140.8,1,1,0.90316
28,3,720.7,327.51,76.58,134.01,1,1,0.90005
28,4,962.2,354.26,110.53,129.71,1,1,0.89581
28,5,903.48,472.6,104.79,119.07,1,1,0.8937
28,6,286.26,393.16,83.96,138.58,1,1,0.89457
28,7,959.65,738.58,89.82,158.38,1,1,0.90336
28,8,801.83,467.27,90.8,106.94,1,1,0.88732
28,9,1221.7,476.84,76.37,152.45,1,1,0.88892
28,10,1306.59,637.87,75.5,163.86,1,1,0.89344
28,11,1055.36,373.35,83.2,129.39,1,1,0.89288
28,12,1503.9,502.21,66.04,160.03,1,1,0.87764
28,13,1476.61,346.56,73.44,153.12,1,1,0.87586
28,14,727.87,502.7,87.97,110.59,1,1,0.87722
28,15,869.75,565.1,77.66,159.65,1,1,0.86655
28,16,1291.96,235.3,71.77,155.23,1,1,0.87908
28,17,778.04,378.42,86.67,63.95,1,1,0.87251
28,18,779.65,429.29,91.48,56.47,1,1,0.86151
28,19,835.87,566.53,73.38,110.79,1,1,0.83164
28,20,739.65,449.3,68.76,64.49,1,1,0.83678
28,21,667.48,539.75,100.36,97.07,1,1,0.83163
29,0,545.88,541.56,120.38,152.4,1,1,0.91299
29,1,619.81,604.91,111.72,154.81,1,1,0.90823
29,2,839.84,263.27,94.24,141.06,1,1,0.90372
29,3,719.71,328.15,77.09,133.35,1,1,0.90105
29,4,961.13,354.34,110.91,129.69,1,1,0.89769
29,5,902.73,472.67,105.03,119.01,1,1,0.89509
29,6,285.93,393.25,83.51,138.49,1,1,0.89603
29,7,960.04,738.79,89.37,158.24,1,1,0.9031
29,8,800.78,467.37,90.94,106.97,1,1,0.88747
29,9,1221.06,476.94,76.09,152.28,1,1,0.89102
29,10,1307.65,638.72,75.22,163.35,1,1,0.89359
29,11,1054.67,373.16,83.43,129.64,1,1,0.89386
29,12,1502.71,502.59,66.85,159.79,1,1,0.88079
29,13,1475.09,347.1,72.61,152.71,1,1,0.87489
29,14,727.01,502.94,87.99,110.43,1,1,0.87834
29,15,868.63,565.06,77.62,159.89,1,1,0.86777
29,16,1290.97,235.47,72.04,155.01,1,1,0.88003
29,17,777.29,378.3,86.72,64.13,1,1,0.87279
29,18,778.95,429.23,91.81,56.59,1,1,0.86176
29,19,835.23,566.46,72.07,110.65,1,1,0.82468
29,20,738.64,449.16,69.24,65.03,1,1,0.83624
29,21,664.79,539.67,102.45,98.76,1,1,0.83497
30,0,545.8,542.03,120.28,152.4,1,1,0.91283
30,1,619.51,605.4,112.01,154.98,1,1,0.90811
30,2,839.53,263.34,94.59,141.41,1,1,0.90329
30,3,719.47,328.96,77.09,132.91,1,1,0.90057
30,4,960.76,355.1,111.03,129.52,1,1,0.8963
30,5,902.68,473.15,104.96,119.16,1,1,0.89438
30,6,285.62,393.65,83.57,138.83,1,1,0.89466
30,7,960.58,739.33,88.48,158.36,1,1,0.90306
30,8,800.59,467.78,90.74,107.01,1,1,0.88644
30,9,1220.93,477.29,76.03,152.5,1,1,0.8902
30,10,1309.68,639.66,74.04,162.96,1,1,0.89342
30,11,1054.29,373.58,83.65,129.64,1,1,0.89357
30,12,1502.17,503.42,67.59,159.42,1,1,0.88178
30,13,1474.01,347.94,72.45,152.62,1,1,0.87436
30,14,726.88,503.55,88.23,110.29,1,1,0.87682
30,15,868.79,565.25,76.95,160.33,1,1,0.86726
30,16,1291.23,235.95,72.17,155.12,1,1,0.87909
30,17,777.38,378.6,86.24,64.27,1,1,0.87125
30,18,778.86,429.86,91.89,56.38,1,1,0.86065
30,19,835.12,566.54,71.58,110.94,1,1,0.82265
30,20,738.29,449.37,69.46,65.63,1,1,0.83471
30,21,664.3,540.07,102.69,99.09,1,1,0.83233
31,0,545.5,542.42,120.46,152.47,1,1,0.91343
31,1,619.11,606.03,112.31,154.66,1,1,0.90837
31,2,839.46,263.65,94.69,141.33,1,1,0.90325
31,3,719.11,329.6,77.14,132.73,1,1,0.90134
31,4,960.49,355.89,111.15,129.31,1,1,0.89693
31,5,902.52,473.52,104.77,119.27,1,1,0.89442
31,6,285.68,394.27,83.44,138.45,1,1,0.89347
31,7,961.08,739.87,88.02,158.53,1,1,0.90252
31,8,800.7,468.27,90.5,106.86,1,1,0.88662
31,9,1220.97,477.78,75.98,152.39,1,1,0.88996
31,10,1311.11,640.02,73.52,162.75,1,1,0.89448
31,11,1054.0,374.21,83.9,129.46,1,1,0.89369
31,12,1501.66,504.09,67.86,159.04,1,1,0.88227
31,13,1473.11,349.12,72.48,151.8,1,1,0.87485
31,14,726.81,504.1,88.2,110.21,1,1,0.87703
31,15,869.09,565.62,76.49,160.44,1,1,0.86748
31,16,1291.95,236.52,71.39,154.94,1,1,0.87791
31,17,777.54,379.02,86.05,64.47,1,1,0.87076
31,18,778.77,430.52,91.91,55.92,1,1,0.86042
31,19,835.15,566.58,71.58,111.71,1,1,0.82416
31,20,738.23,449.66,69.6,65.91,1,1,0.83542
31,21,664.38,540.44,102.56,99.2,1,1,0.83234
32,0,544.9,542.67,120.38,152.4,1,1,0.91248
32,1,618.52,606.02,112.28,154.82,1,1,0.90764
32,2,838.72,263.91,95.02,141.31,1,1,0.90265
32,3,718.68,330.36,76.62,132.25,1,1,0.89974
32,4,960.09,356.29,110.99,129.24,1,1,0.8967
32,5,901.8,473.76,104.77,119.4,1,1,0.89389
32,6,284.87,394.71,83.54,138.18,1,1,0.89338
32,7,960.78,740.1,88.07,158.86,1,1,0.90215
32,8,799.23,468.67,91.59,106.74,1,1,0.88555
32,9,1220.58,478.2,75.74,152.27,1,1,0.88893
32,10,1313.72,640.0,71.58,162.85,1,1,0.89301
32,11,1053.43,374.42,83.62,129.44,1,1,0.89331
32,12,1500.9,504.89,67.84,158.75,1,1,0.88035
32,13,1472.03,350.06,72.72,151.21,1,1,0.87681
32,14,726.18,504.48,88.46,109.85,1,1,0.87636
32,15,868.42,565.84,76.37,160.43,1,1,0.86866
32,16,1292.32,236.79,70.56,154.57,1,1,0.87563
32,17,777.21,379.28,85.76,64.7,1,1,0.87051
32,18,778.01,430.95,91.9,55.49,1,1,0.86086
32,19,834.66,566.46,71.21,111.45,1,1,0.81865
32,20,737.55,450.16,69.58,65.91,1,1,0.83611
32,21,664.45,540.61,101.69,99.01,1,1,0.82575
33,0,543.79,543.2,120.3,152.46,1,1,0.91311
33,1,617.52,606.72,112.48,154.66,1,1,0.90775
33,2,837.46,264.6,95.11,140.9,1,1,0.90317
33,3,717.68,331.21,76.92,132.1,1,1,0.89985
33,4,959.01,357.14,111.32,129.22,1,1,0.89928
33,5,900.64,474.31,104.33,119.33,1,1,0.89568
33,6,283.73,395.28,83.6,138.43,1,1,0.89375
33,7,960.4,741.08,88.1,158.65,1,1,0.90165
33,8,797.4,469.51,92.37,106.52,1,1,0.8874
33,9,1219.48,478.64,75.68,152.69,1,1,0.89025
33,10,1315.9,639.85,69.72,163.18,1,1,0.89225
33,11,1052.82,375.23,83.26,129.31,1,1,0.89364
33,12,1499.45,505.72,67.17,158.95,1,1,0.88019
33,13,1470.06,351.29,71.83,150.82,1,1,0.87607
33,14,725.32,504.85,88.81,110.33,1,1,0.87753
33,15,866.74,566.6,77.29,160.39,1,1,0.87286
33,16,1292.32,237.33,70.02,154.21,1,1,0.87743
33,17,776.35,380.04,85.63,64.75,1,1,0.86978
33,18,777.32,431.87,91.37,54.89,1,1,0.86104
33,19,833.87,566.84,70.51,110.73,1,1,0.82104
33,20,736.44,450.9,69.6,65.9,1,1,0.83607
33,21,662.56,541.33,102.12,99.4,1,1,0.82609
34,0,543.51,543.09,120.14,152.92,1,1,0.91228
34,1,617.21,606.58,112.58,155.03,1,1,0.90779
34,2,836.78,264.93,95.48,140.74,1,1,0.90311
34,3,717.06,331.93,77.0,131.86,1,1,0.89937
34,4,958.56,357.59,111.39,129.1,1,1,0.89861
34,5,900.12,474.41,104.19,119.58,1,1,0.89469
34,6,282.97,395.46,84.06,138.57,1,1,0.8938
34,7,960.9,741.02,88.61,158.95,1,1,0.8996
34,8,796.18,470.05,93.11,106.31,1,1,0.88718
34,9,1219.0,478.73,75.55,152.92,1,1,0.89067
34,10,1319.44,639.5,67.55,163.86,1,1,0.8909
34,11,1052.19,375.8,83.64,129.09,1,1,0.89274
34,12,1498.7,506.13,66.98,159.28,1,1,0.87684
34,13,1468.39,352.17,71.84,150.43,1,1,0.87429
34,14,724.89,505.1,89.24,110.24,1,1,0.87729
34,15,865.49,567.14,78.1,160.13,1,1,0.87381
34,16,1293.4,237.38,68.91,154.5,1,1,0.87606
34,17,775.98,380.42,85.37,64.66,1,1,0.87041
34,18,776.96,432.64,91.12,54.2,1,1,0.8609
34,19,833.52,566.84,70.16,110.79,1,1,0.81987
34,20,735.75,451.41,69.41,65.82,1,1,0.83643
34,21,661.74,541.33,102.26,99.63,1,1,0.82766
35,0,543.4,543.27,120.08,153.16,1,1,0.91237
35,1,617.05,606.59,112.55,155.32,1,1,0.90844
35,2,836.53,265.3,95.68,140.51,1,1,0.90373
35,3,717.22,332.67,77.01,131.65,1,1,0.89983
35,4,958.52,358.21,111.46,128.81,1,1,0.89877
35,5,900.01,474.65,103.93,119.75,1,1,0.89518
35,6,283.04,395.82,83.94,138.62,1,1,0.8927
35,7,962.64,741.41,89.34,159.09,1,1,0.90059
35,8,796.01,470.52,93.26,106.16,1,1,0.88748
35,9,1218.97,479.06,75.26,152.95,1,1,0.89105
35,10,1324.54,639.02,65.91,164.97,1,1,0.88967
35,11,1051.96,376.23,83.71,129.07,1,1,0.89338
35,12,1498.48,506.35,65.44,159.39,1,1,0.8779
35,13,1467.01,353.09,71.99,149.8,1,1,0.87419
35,14,724.72,505.49,89.34,110.44,1,1,0.87833
35,15,865.31,567.33,77.92,160.44,1,1,0.87401
35,16,1296.39,237.37,67.4,154.63,1,1,0.87747
35,17,776.16,380.75,85.23,64.63,1,1,0.86889
35,18,777.2,433.07,90.86,53.91,1,1,0.86002
35,19,833.69,567.0,69.71,111.44,1,1,0.81974
35,20,735.77,452.27,69.31,65.22,1,1,0.83742
35,21,660.81,541.72,102.98,99.99,1,1,0.82771
36,0,543.4,543.23,119.93,153.31,1,1,0.91215
36,1,616.87,606.47,112.77,155.66,1,1,0.90818
36,2,836.17,265.39,96.13,140.34,1,1,0.90349
36,3,717.1,332.95,77.16,131.44,1,1,0.89977
36,4,958.39,358.29,111.27,128.71,1,1,0.89888
36,5,899.91,474.64,103.84,119.78,1,1,0.89558
36,6,282.61,395.95,84.12,138.61,1,1,0.89409
36,7,963.01,741.53,89.84,159.14,1,1,0.90029
36,8,795.87,470.58,93.27,106.11,1,1,0.88755
36,9,1218.79,479.16,75.27,152.83,1,1,0.8909
36,10,1326.41,638.75,65.41,165.37,1,1,0.89008
36,11,1051.54,376.21,83.89,129.11,1,1,0.89316
36,12,1498.27,506.34,64.76,159.26,1,1,0.87932
36,13,1466.61,353.19,71.92,149.65,1,1,0.87383
36,14,724.52,505.51,89.4,110.48,1,1,0.87831
36,15,865.13,567.22,77.83,160.72,1,1,0.87472
36,16,1297.38,237.34,66.93,154.64,1,1,0.87666
36,17,776.09,380.82,85.23,64.65,1,1,0.86843
36,18,777.09,433.12,90.88,53.79,1,1,0.86019
36,19,833.63,566.93,69.57,111.93,1,1,0.82128
36,20,735.52,452.5,69.48,64.97,1,1,0.83741
36,21,660.44,541.75,103.15,100.14,1,1,0.82823
37,0,542.61,543.53,120.03,153.28,1,1,0.91225
37,1,615.78,606.1,113.14,156.79,1,1,0.90928
37,2,835.22,265.57,96.27,140.19,1,1,0.90475
37,3,716.44,333.22,77.02,131.5,1,1,0.89968
37,4,957.58,358.61,111.58,128.75,1,1,0.89885
37,5,899.27,474.78,103.9,120.11,1,1,0.89634
37,6,281.9,396.35,84.3,138.54,1,1,0.89454
37,7,963.75,741.54,90.05,159.47,1,1,0.90031
37,8,795.53,470.7,93.06,106.54,1,1,0.88752
37,9,1218.4,479.22,74.66,153.08,1,1,0.89109
37,10,1327.67,638.72,65.27,165.57,1,1,0.89129
37,11,1050.63,376.25,83.77,129.57,1,1,0.89466
37,12,1497.26,506.45,64.95,159.33,1,1,0.88208
37,13,1465.58,353.28,72.35,150.05,1,1,0.87372
37,14,723.37,505.75,89.54,110.44,1,1,0.87844
37,15,864.82,567.41,77.48,160.84,1,1,0.87534
37,16,1298.96,237.34,65.88,154.45,1,1,0.87692
37,17,775.42,381.08,85.28,64.6,1,1,0.86677
37,18,776.42,433.56,90.77,53.36,1,1,0.85833
37,19,833.03,567.08,69.19,112.69,1,1,0.81709
37,20,734.72,452.47,69.59,65.11,1,1,0.83855
37,21,659.1,542.21,104.04,100.35,1,1,0.82683
38,0,541.12,543.65,120.09,153.13,1,1,0.91259
38,1,614.61,605.06,113.11,157.96,1,1,0.9088
38,2,833.86,265.45,96.4,140.03,1,1,0.90406
38,3,715.06,333.44,77.03,131.34,1,1,0.89924
38,4,955.82,358.5,112.26,128.96,1,1,0.9005
38,5,897.83,475.03,103.78,119.75,1,1,0.89661
38,6,280.62,396.49,84.28,138.54,1,1,0.89575
38,7,965.68,741.8,89.22,159.24,1,1,0.8985
38,8,794.02,470.69,93.37,106.66,1,1,0.88668
38,9,1217.22,479.22,74.45,153.29,1,1,0.89172
38,10,1328.15,638.5,65.06,165.18,1,1,0.89117
38,11,1049.43,376.53,83.32,129.28,1,1,0.89481
38,12,1496.19,506.15,64.6,159.61,1,1,0.88074
38,13,1464.38,353.46,72.1,149.82,1,1,0.87485
38,14,721.77,505.86,90.09,110.21,1,1,0.87858
38,15,863.54,567.63,77.19,160.54,1,1,0.87782
38,16,1301.31,237.63,62.94,153.76,1,1,0.87731
38,17,773.73,380.87,85.07,64.73,1,1,0.86687
38,18,775.38,433.58,90.0,53.69,1,1,0.85848
38,19,831.63,567.01,68.59,113.13,1,1,0.81714
38,20,733.22,452.08,69.45,65.34,1,1,0.83791
38,21,657.11,542.21,104.91,100.41,1,1,0.8254
39,0,540.01,543.69,120.35,153.08,1,1,0.91216
39,1,613.96,604.24,113.08,158.67,1,1,0.90781
39,2,833.21,265.23,96.7,140.41,1,1,0.90298
39,3,714.21,333.56,76.91,131.11,1,1,0.89781
39,4,954.95,358.64,112.6,128.8,1,1,0.89902
39,5,897.07,475.26,103.97,119.45,1,1,0.89575
39,6,279.29,396.53,84.82,138.53,1,1,0.89416
39,7,968.83,742.01,86.99,158.54,1,1,0.89688
39,8,793.27,470.54,93.53,106.88,1,1,0.88539
39,9,1216.71,479.35,74.72,153.23,1,1,0.89177
39,10,1329.34,638.4,64.95,165.33,1,1,0.88824
39,11,1048.43,376.55,83.46,129.27,1,1,0.89527
39,12,1495.54,506.02,64.77,160.1,1,1,0.8805
39,13,1463.58,353.76,72.35,149.69,1,1,0.8736
39,14,720.87,506.13,90.63,110.0,1,1,0.87749
39,15,862.97,567.63,76.84,160.41,1,1,0.87903
39,16,1304.45,237.75,60.53,153.88,1,1,0.87745
39,17,772.99,380.78,84.9,64.76,1,1,0.86551
39,18,774.82,433.58,89.68,53.89,1,1,0.85885
39,19,830.77,567.0,67.74,113.32,1,1,0.81462
39,20,732.24,451.95,69.54,65.62,1,1,0.83887
39,21,656.36,542.11,105.16,100.46,1,1,0.82996
40,0,539.21,543.72,120.2,152.95,1,1,0.91284
40,1,612.83,604.17,113.12,158.59,1,1,0.90967
40,2,832.57,265.16,96.87,140.86,1,1,0.90364
40,3,713.57,333.46,76.82,131.3,1,1,0.89956
40,4,954.14,358.69,112.54,128.65,1,1,0.89897
40,5,896.18,475.39,104.13,119.3,1,1,0.89768
40,6,278.65,396.58,84.64,138.41,1,1,0.89503
40,7,973.8,742.1,83.08,158.1,1,1,0.89538
40,8,792.85,470.36,93.44,107.08,1,1,0.88719
40,9,1216.12,479.31,74.26,153.27,1,1,0.8931
40,10,1330.69,638.27,64.66,165.44,1,1,0.89079
40,11,1047.57,376.44,83.08,129.36,1,1,0.89595
40,12,1494.41,505.79,64.9,160.37,1,1,0.88298
40,13,1463.52,354.0,72.59,149.43,1,1,0.87595
40,14,719.86,505.93,90.84,109.82,1,1,0.88066
40,15,862.45,567.61,76.77,160.36,1,1,0.87975
40,16,1307.87,237.77,56.95,153.6,1,1,0.87976
40,17,771.85,380.81,85.33,64.84,1,1,0.86303
40,18,774.32,433.48,89.76,53.7,1,1,0.85976
40,19,830.36,566.97,67.41,114.07,1,1,0.81961
40,20,731.53,451.76,69.88,65.55,1,1,0.8401
40,21,656.31,542.22,104.38,100.46,1,1,0.83319
41,0,539.28,543.85,120.06,152.94,1,1,0.9128
41,1,612.62,604.19,113.04,158.51,1,1,0.91017
41,2,832.4,264.99,97.36,141.39,1,1,0.9036
41,3,713.65,333.54,76.67,131.5,1,1,0.89982
41,4,954.27,358.66,112.4,128.83,1,1,0.89853
41,5,896.3,475.62,104.28,119.19,1,1,0.89753
41,6,278.45,396.67,84.68,138.44,1,1,0.89662
41,7,980.56,741.65,78.23,158.27,1,1,0.89223
41,8,793.05,470.36,93.32,107.24,1,1,0.88685
41,9,1216.24,479.31,74.12,153.45,1,1,0.89271
41,10,1332.81,638.31,64.86,165.56,1,1,0.89166
41,11,1047.61,376.52,82.87,129.41,1,1,0.89569
41,12,1494.4,505.92,65.11,160.44,1,1,0.88368
41,13,1464.35,354.37,72.48,149.21,1,1,0.87576
41,14,719.69,505.93,90.97,109.74,1,1,0.88086
41,15,862.35,567.85,76.95,160.24,1,1,0.88028
41,16,1311.26,237.96,54.6,153.59,1,1,0.87784
41,17,771.78,380.94,85.29,64.88,1,1,0.86303
41,18,774.27,433.63,89.67,53.68,1,1,0.85893
41,19,830.63,567.05,66.95,114.57,1,1,0.81588
41,20,731.64,451.67,69.84,65.63,1,1,0.83864
41,21,656.75,542.43,103.85,100.3,1,1,0.83335
42,0,539.63,544.13,119.83,152.84,1,1,0.91235
42,1,612.73,604.44,113.02,158.34,1,1,0.91054
42,2,832.27,265.02,97.64,141.58,1,1,0.90491
42,3,713.92,333.77,76.62,131.46,1,1,0.89969
42,4,954.42,358.78,112.41,128.91,1,1,0.89932
42,5,896.55,475.84,104.42,119.02,1,1,0.89787
42,6,278.62,397.01,84.51,138.3,1,1,0.89662
42,7,986.39,741.3,74.59,159.36,1,1,0.89265
42,8,793.24,470.5,93.44,107.27,1,1,0.88692
42,9,1216.44,479.31,74.18,153.76,1,1,0.89312
42,10,1334.93,638.4,66.58,165.6,1,1,0.89276
42,11,1047.87,376.65,82.82,129.47,1,1,0.89605
42,12,1494.59,506.1,65.03,160.51,1,1,0.88355
42,13,1464.83,354.99,72.74,148.62,1,1,0.87783
42,14,719.87,506.02,91.17,109.67,1,1,0.88104
42,15,862.45,568.05,77.0,160.07,1,1,0.88078
42,16,1313.58,238.51,53.87,153.43,1,1,0.87834
42,17,772.05,381.11,85.29,64.81,1,1,0.86337
42,18,774.52,433.84,89.48,53.6,1,1,0.85855
42,19,830.94,567.12,66.42,114.88,1,1,0.81625
42,20,731.92,451.48,69.71,65.88,1,1,0.83862
42,21,657.22,542.54,103.52,100.35,1,1,0.83431
43,0,539.74,544.35,119.85,152.81,1,1,0.91194
43,1,612.74,604.61,113.07,158.2,1,1,0.90979
43,2,832.45,265.27,97.58,141.34,1,1,0.9035
43,3,714.2,334.01,76.47,131.27,1,1,0.89943
43,4,954.44,358.97,112.44,128.88,1,1,0.89907
43,5,896.64,476.0,104.43,118.92,1,1,0.89703
43,6,278.74,397.16,84.52,138.36,1,1,0.89601
43,7,990.29,741.29,73.16,159.92,1,1,0.89199
43,8,793.41,470.61,93.39,107.39,1,1,0.88621
43,9,1216.38,479.35,74.25,153.77,1,1,0.89304
43,10,1336.35,638.53,67.49,165.62,1,1,0.89399
43,11,1047.8,376.47,82.98,129.74,1,1,0.89559
43,12,1494.84,506.29,64.99,160.55,1,1,0.88243
43,13,1465.3,355.56,73.42,148.24,1,1,0.87663
43,14,719.87,506.12,91.15,109.66,1,1,0.88006
43,15,862.54,568.19,76.9,160.15,1,1,0.87984
43,16,1315.36,238.8,54.07,153.37,1,1,0.87834
43,17,772.37,381.27,85.17,64.7,1,1,0.86378
43,18,774.84,434.11,89.15,53.54,1,1,0.85773
43,19,831.13,567.31,66.1,115.15,1,1,0.81852
43,20,732.07,451.47,69.73,66.01,1,1,0.83779
43,21,657.42,542.57,103.5,100.65,1,1,0.83362
44,0,539.72,544.67,119.92,152.72,1,1,0.91203
44,1,612.8,604.78,113.17,158.34,1,1,0.90997
44,2,832.58,265.78,97.36,140.95,1,1,0.90352
44,3,714.36,334.39,76.47,131.06,1,1,0.89924
44,4,954.46,359.17,112.43,128.84,1,1,0.89845
44,5,896.66,476.25,104.4,118.79,1,1,0.89713
44,6,278.82,397.48,84.51,138.34,1,1,0.89665
44,7,993.37,741.67,72.3,160.13,1,1,0.89287
44,8,793.46,470.91,93.23,107.48,1,1,0.88667
44,9,1216.48,479.57,74.2,153.63,1,1,0.89332
44,10,1337.81,639.04,68.03,165.38,1,1,0.89398
44,11,1047.95,376.83,82.77,129.56,1,1,0.89533
44,12,1494.68,506.45,65.12,160.4,1,1,0.88364
44,13,1466.26,356.25,73.7,147.69,1,1,0.87874
44,14,719.8,506.41,91.15,110.15,1,1,0.88124
44,15,862.47,568.46,76.89,160.12,1,1,0.87963
44,16,1316.92,239.51,54.72,152.97,1,1,0.881
44,17,772.67,381.45,85.1,64.72,1,1,0.86477
44,18,775.12,434.49,88.78,53.43,1,1,0.85793
44,19,831.25,567.65,65.89,115.35,1,1,0.81945
44,20,732.11,451.66,69.69,66.06,1,1,0.83923
44,21,657.49,542.74,103.2,100.62,1,1,0.83515
45,0,538.35,544.97,120.15,152.53,1,1,0.91224
45,1,611.85,605.09,113.12,158.11,1,1,0.90888
45,2,831.4,265.92,97.92,140.96,1,1,0.90254
45,3,713.05,334.7,76.92,131.28,1,1,0.89945
45,4,953.24,359.17,112.89,128.93,1,1,0.89925
45,5,895.41,476.41,104.28,118.81,1,1,0.896
45,6,277.23,397.73,84.72,138.3,1,1,0.89681
45,7,994.92,741.93,73.04,161.56,1,1,0.8923
45,8,791.58,471.08,93.77,107.34,1,1,0.88605
45,9,1215.35,479.75,74.85,153.55,1,1,0.89321
45,10,1339.3,639.48,70.56,165.29,1,1,0.89387
45,11,1046.93,376.95,82.67,129.63,1,1,0.8949
45,12,1493.64,506.66,65.81,160.2,1,1,0.88181
45,13,1465.87,357.02,74.29,146.77,1,1,0.87842
45,14,718.82,506.67,91.0,109.78,1,1,0.88033
45,15,860.93,568.82,77.9,159.62,1,1,0.88072
45,16,1317.36,240.44,56.96,153.51,1,1,0.88345
45,17,771.08,381.68,85.69,64.89,1,1,0.86053
45,18,774.16,434.68,88.75,53.37,1,1,0.85726
45,19,829.46,567.94,66.81,114.64,1,1,0.81056
45,20,731.17,451.2,69.98,66.69,1,1,0.83777
45,21,657.07,542.58,102.39,100.45,1,1,0.83009
46,0,538.26,545.01,120.12,152.49,1,1,0.91233
46,1,611.76,605.22,113.27,158.06,1,1,0.90916
46,2,831.15,266.05,98.04,140.85,1,1,0.90262
46,3,712.83,334.77,77.2,131.35,1,1,0.90005
46,4,953.09,359.09,113.05,129.02,1,1,0.89961
46,5,895.25,476.43,104.17,118.88,1,1,0.89657
46,6,277.06,397.74,84.7,138.24,1,1,0.89653
46,7,995.91,741.98,73.43,162.07,1,1,0.89309
46,8,791.08,471.18,94.15,107.2,1,1,0.88681
46,9,1215.56,479.83,74.93,153.62,1,1,0.89356
46,10,1340.28,639.52,71.41,165.22,1,1,0.8945
46,11,1046.77,376.93,82.55,129.88,1,1,0.89565
46,12,1493.54,506.64,66.02,160.29,1,1,0.88313
46,13,1466.02,357.19,74.5,146.42,1,1,0.87888
46,14,718.67,506.76,90.56,109.55,1,1,0.88096
46,15,860.73,568.81,78.05,159.51,1,1,0.88033
46,16,1317.76,240.76,57.8,153.65,1,1,0.88384
46,17,770.77,381.79,85.73,64.87,1,1,0.85962
46,18,773.99,434.75,88.68,53.37,1,1,0.85768
46,19,829.12,567.97,67.14,114.44,1,1,0.80949
46,20,731.23,450.69,70.0,67.21,1,1,0.83869
46,21,657.38,542.44,102.0,100.34,1,1,0.83086
47,0,538.5,544.66,119.9,152.48,1,1,0.91191
47,1,611.8,604.93,113.26,158.06,1,1,0.90928
47,2,831.16,265.87,97.82,140.68,1,1,0.9023
47,3,712.73,334.64,77.47,130.84,1,1,0.89989
47,4,953.01,358.82,113.26,128.97,1,1,0.89844
47,5,895.4,476.12,104.2,118.94,1,1,0.89593
47,6,277.19,397.47,84.55,138.05,1,1,0.89506
47,7,997.38,741.95,73.38,163.49,1,1,0.89305
47,8,791.16,470.83,94.0,107.17,1,1,0.88639
47,9,1215.59,479.53,74.95,153.78,1,1,0.89205
47,10,1341.11,639.07,71.93,165.95,1,1,0.89328
47,11,1046.54,376.52,82.72,129.84,1,1,0.89525
47,12,1493.26,506.29,66.14,160.65,1,1,0.88168
47,13,1466.07,357.0,74.98,146.09,1,1,0.87686
47,14,718.6,506.23,90.71,109.83,1,1,0.87981
47,15,860.88,568.44,77.9,159.46,1,1,0.87924
47,16,1318.67,240.64,59.82,153.82,1,1,0.88129
47,17,770.67,381.54,85.75,64.55,1,1,0.86139
47,18,774.1,434.15,88.52,53.45,1,1,0.85888
47,19,828.92,567.71,67.67,114.54,1,1,0.81454
47,20,731.25,450.07,70.12,67.43,1,1,0.8393
47,21,656.25,542.27,103.09,100.94,1,1,0.83578
48,0,538.16,545.22,120.11,152.57,1,1,0.91172
48,1,611.45,605.55,113.47,158.06,1,1,0.90904
48,2,830.79,266.47,97.94,140.58,1,1,0.90312
48,3,713.01,335.12,77.76,131.1,1,1,0.8999
48,4,952.9,359.37,113.29,128.88,1,1,0.89896
48,5,895.2,476.81,104.12,118.72,1,1,0.89628
48,6,276.92,398.07,84.7,138.16,1,1,0.89586
48,7,999.25,743.34,73.84,165.85,1,1,0.89292
48,8,790.79,471.51,94.16,106.92,1,1,0.88648
48,9,1215.41,480.22,74.92,153.53,1,1,0.89145
48,10,1342.72,639.62,71.83,165.4,1,1,0.89159
48,11,1046.6,377.28,82.47,129.58,1,1,0.89556
48,12,1492.55,506.96,66.62,160.22,1,1,0.88194
48,13,1466.06,357.57,75.29,145.9,1,1,0.87877
48,14,718.4,506.8,90.48,109.82,1,1,0.8803
48,15,860.22,569.22,78.17,159.23,1,1,0.8811
48,16,1320.23,242.53,62.33,154.12,1,1,0.88425
48,17,770.56,382.12,85.73,64.66,1,1,0.85834
48,18,773.56,435.01,88.76,53.48,1,1,0.85762
48,19,828.35,568.3,67.02,114.45,1,1,0.80587
48,20,731.02,450.75,70.08,67.23,1,1,0.8392
48,21,656.47,542.57,102.15,100.75,1,1,0.82882
49,0,538.32,545.2,119.9,152.56,1,1,0.91177
49,1,611.41,605.63,113.57,157.95,1,1,0.90864
49,2,830.79,266.52,97.68,140.55,1,1,0.90313
49,3,713.23,335.13,77.63,131.12,1,1,0.90028
49,4,952.9,359.32,113.37,128.86,1,1,0.899
49,5,895.22,476.87,103.88,118.56,1,1,0.89616
49,6,276.96,398.02,84.78,138.25,1,1,0.89606
49,7,999.98,743.63,74.05,166.68,1,1,0.89295
49,8,790.68,471.53,94.19,106.86,1,1,0.88661
49,9,1215.45,480.21,75.03,153.46,1,1,0.89165
49,10,1343.02,639.53,72.06,165.43,1,1,0.8913
49,11,1046.69,377.26,82.22,129.53,1,1,0.89526
49,12,1492.31,506.97,66.85,160.01,1,1,0.88113
49,13,1465.92,357.6,75.73,145.84,1,1,0.879
49,14,718.39,506.8,90.37,109.85,1,1,0.88057
49,15,860.09,569.24,78.25,159.21,1,1,0.88142
49,16,1320.82,243.02,63.35,154.22,1,1,0.88344
49,17,770.56,382.07,85.62,64.7,1,1,0.85875
49,18,773.32,435.1,88.9,53.52,1,1,0.85776
49,19,828.15,568.29,66.79,114.32,1,1,0.80731
49,20,731.03,450.77,70.02,67.16,1,1,0.83921
49,21,656.45,542.48,101.95,100.71,1,1,0.83005
50,0,537.15,545.18,119.68,152.34,1,1,0.91122
50,1,610.02,606.35,113.69,157.01,1,1,0.9082
50,2,829.95,266.21,97.49,140.55,1,1,0.90297
50,3,712.08,334.91,77.55,131.13,1,1,0.901
50,4,951.59,359.17,113.97,128.87,1,1,0.89976
50,5,894.28,476.52,103.98,118.79,1,1,0.89659
50,6,275.88,397.88,84.62,138.23,1,1,0.89534
50,7,1000.07,743.9,74.04,167.05,1,1,0.89311
50,8,790.08,471.17,93.65,106.88,1,1,0.88776
50,9,1214.06,479.74,75.56,153.68,1,1,0.89253
50,10,1343.62,639.34,71.68,164.76,1,1,0.89139
50,11,1045.32,377.22,82.46,129.35,1,1,0.89622
50,12,1491.32,506.52,66.62,160.53,1,1,0.88255
50,13,1464.67,357.15,76.44,146.26,1,1,0.87831
50,14,717.33,506.44,90.2,110.0,1,1,0.88146
50,15,859.3,569.05,78.11,159.25,1,1,0.88197
50,16,1320.52,243.63,64.24,153.81,1,1,0.88435
50,17,769.52,381.6,85.62,65.2,1,1,0.8573
50,18,772.16,434.82,89.09,53.2,1,1,0.85819
50,19,826.92,568.43,67.19,113.89,1,1,0.81341
50,20,730.0,450.44,69.67,67.19,1,1,0.83961
50,21,654.15,542.28,102.82,101.53,1,1,0.83905
51,0,536.1,545.02,120.02,152.2,1,1,0.91116
51,1,609.55,607.2,113.56,155.67,1,1,0.90898
51,2,829.26,266.2,97.74,140.5,1,1,0.90412
51,3,711.51,334.83,77.36,130.48,1,1,0.90036
51,4,951.1,358.93,113.74,128.61,1,1,0.8988
51,5,893.62,476.12,103.91,118.87,1,1,0.89633
51,6,275.89,397.46,84.07,138.25,1,1,0.89398
51,7,1002.27,744.66,74.11,166.62,1,1,0.89183
51,8,790.07,470.62,93.61,106.93,1,1,0.88804
51,9,1213.07,479.17,75.41,153.7,1,1,0.89343
51,10,1348.01,638.7,69.61,164.28,1,1,0.88806
51,11,1044.31,376.9,82.35,129.27,1,1,0.89555
51,12,1490.71,506.27,66.54,160.16,1,1,0.88061
51,13,1463.61,356.71,77.35,146.3,1,1,0.87849
51,14,716.79,506.15,89.98,109.53,1,1,0.88
51,15,858.24,568.91,78.64,158.93,1,1,0.88223
51,16,1321.56,245.16,64.17,152.21,1,1,0.88634
51,17,768.96,381.14,85.34,65.47,1,1,0.8553
51,18,771.69,434.46,89.44,52.93,1,1,0.85643
51,19,826.24,568.24,67.83,113.1,1,1,0.80791
51,20,729.7,448.77,69.22,68.27,1,1,0.83963
51,21,652.37,542.63,104.31,102.16,1,1,0.85068
52,0,535.96,545.13,120.08,152.12,1,1,0.91148
52,1,609.48,607.66,113.57,155.22,1,1,0.909
52,2,829.24,266.38,97.88,140.48,1,1,0.90398
52,3,711.42,335.05,77.24,130.15,1,1,0.90046
52,4,950.98,359.01,113.83,128.54,1,1,0.89922
52,5,893.6,476.19,103.9,118.84,1,1,0.89654
52,6,276.07,397.54,84.02,138.17,1,1,0.89389
52,7,1003.15,745.11,74.17,166.46,1,1,0.89178
52,8,790.22,470.59,93.56,106.93,1,1,0.88803
52,9,1212.92,479.1,75.38,153.8,1,1,0.89321
52,10,1349.86,638.6,68.86,164.14,1,1,0.88829
52,11,1044.0,376.93,82.49,129.32,1,1,0.89581
52,12,1490.66,506.31,66.61,160.14,1,1,0.88086
52,13,1463.35,356.64,77.82,146.39,1,1,0.87877
52,14,716.73,506.28,89.86,109.32,1,1,0.87993
52,15,858.03,569.04,78.72,158.82,1,1,0.88165
52,16,1322.14,245.86,64.17,151.63,1,1,0.88625
52,17,768.9,381.18,85.22,65.61,1,1,0.85499
52,18,771.78,434.51,89.48,52.72,1,1,0.85635
52,19,826.25,568.34,68.05,112.6,1,1,0.80556
52,20,729.82,448.12,68.99,68.9,1,1,0.84042
52,21,652.09,542.71,104.74,102.55,1,1,0.85036
53,0,535.66,545.36,120.16,152.1,1,1,0.91143
53,1,609.23,608.39,113.68,154.64,1,1,0.90918
53,2,829.01,266.62,98.17,140.42,1,1,0.90335
53,3,711.39,335.35,77.26,129.82,1,1,0.89983
53,4,950.91,359.02,113.7,128.69,1,1,0.89909
53,5,893.6,476.4,103.8,118.68,1,1,0.8959
53,6,275.82,397.81,84.12,137.92,1,1,0.89426
53,7,1004.2,745.88,74.71,166.47,1,1,0.89183
53,8,790.28,470.58,93.43,106.95,1,1,0.8878
53,9,1212.6,479.17,75.55,153.93,1,1,0.89243
53,10,1352.61,638.71,68.21,164.82,1,1,0.88445
53,11,1043.72,377.0,82.63,129.27,1,1,0.89522
53,12,1490.59,506.3,66.81,160.24,1,1,0.88031
53,13,1463.21,356.5,77.92,146.6,1,1,0.87809
53,14,716.56,506.33,89.68,109.36,1,1,0.8797
53,15,857.36,569.36,79.1,158.62,1,1,0.88255
53,16,1322.56,247.08,64.21,150.91,1,1,0.8876
53,17,768.73,381.29,85.35,65.91,1,1,0.85412
53,18,771.51,434.76,89.48,52.71,1,1,0.85401
53,19,825.71,568.58,68.29,111.8,1,1,0.79781
53,20,729.91,448.07,68.64,68.88,1,1,0.8373
53,21,652.2,543.0,104.72,102.33,1,1,0.85171
54,0,535.54,545.47,120.05,152.12,1,1,0.91183
54,1,609.04,608.63,113.83,154.52,1,1,0.90928
54,2,828.77,266.71,98.32,140.48,1,1,0.90369
54,3,711.31,335.54,77.44,129.72,1,1,0.90029
54,4,950.71,359.05,113.82,128.71,1,1,0.89956
54,5,893.49,476.5,103.85,118.66,1,1,0.89638
54,6,275.67,397.92,84.26,137.88,1,1,0.89469
54,7,1006.71,746.79,75.05,165.75,1,1,0.89264
54,8,790.17,470.61,93.54,106.85,1,1,0.88806
54,9,1212.63,479.28,75.45,154.02,1,1,0.89299
54,10,1356.4,637.96,68.37,165.95,1,1,0.88378
54,11,1043.54,377.07,82.66,129.19,1,1,0.89561
54,12,1490.32,506.31,66.92,160.62,1,1,0.88174
54,13,1463.09,356.29,77.56,146.88,1,1,0.87768
54,14,716.46,506.32,89.54,109.39,1,1,0.88017
54,15,856.97,569.53,79.32,158.4,1,1,0.88372
54,16,1323.79,248.75,64.33,149.63,1,1,0.89022
54,17,768.69,381.37,85.38,65.98,1,1,0.85469
54,18,771.64,434.89,89.29,52.67,1,1,0.85441
54,19,825.25,568.69,68.05,111.27,1,1,0.79985
54,20,729.97,447.96,68.45,68.92,1,1,0.838
54,21,652.59,543.14,104.42,101.95,1,1,0.85203
55,0,535.4,545.52,120.12,152.08,1,1,0.91165
55,1,608.94,608.69,113.82,154.47,1,1,0.90896
55,2,828.72,266.75,98.43,140.41,1,1,0.90333
55,3,711.49,335.42,77.41,129.81,1,1,0.90023
55,4,950.75,359.07,113.78,128.66,1,1,0.89867
55,5,893.48,476.58,103.86,118.58,1,1,0.89646
55,6,275.51,397.98,84.51,137.89,1,1,0.89435
55,7,1007.35,747.02,75.33,165.45,1,1,0.8922
55,8,790.07,470.58,93.59,106.81,1,1,0.88788
55,9,1212.49,479.35,75.73,154.0,1,1,0.89281
55,10,1357.57,637.59,68.4,166.3,1,1,0.88341
55,11,1043.42,377.16,82.84,129.05,1,1,0.89555
55,12,1490.25,506.33,66.83,160.5,1,1,0.88093
55,13,1462.95,356.08,77.53,147.09,1,1,0.87722
55,14,716.48,506.38,89.3,109.28,1,1,0.87981
55,15,856.91,569.49,79.31,158.4,1,1,0.88313
55,16,1324.3,249.39,64.22,149.07,1,1,0.89057
55,17,768.71,381.35,85.32,65.99,1,1,0.85584
55,18,771.74,434.9,89.16,52.7,1,1,0.85477
55,19,825.1,568.77,67.96,110.93,1,1,0.80351
55,20,730.06,447.83,68.27,68.99,1,1,0.83825
55,21,652.81,543.14,104.3,101.86,1,1,0.85173
56,0,535.61,545.41,120.35,152.02,1,1,0.91184
56,1,609.35,608.24,113.9,154.83,1,1,0.90827
56,2,829.45,266.52,98.42,140.67,1,1,0.90317
56,3,711.82,335.38,77.28,129.91,1,1,0.89974
56,4,951.4,359.18,113.47,128.55,1,1,0.89839
56,5,893.79,476.46,103.67,118.63,1,1,0.89622
56,6,275.81,397.86,84.6,137.96,1,1,0.89461
56,7,1008.81,747.37,75.32,165.05,1,1,0.89147
56,8,790.39,470.58,93.72,106.73,1,1,0.88734
56,9,1212.66,479.31,75.87,154.16,1,1,0.89303
56,10,1359.53,637.35,69.13,167.16,1,1,0.88552
56,11,1043.84,377.0,82.9,129.13,1,1,0.89527
56,12,1490.65,506.02,67.25,160.97,1,1,0.87969
56,13,1463.28,355.86,77.26,147.32,1,1,0.877
56,14,716.96,506.36,89.53,109.18,1,1,0.87954
56,15,857.52,569.36,79.11,158.39,1,1,0.8831
56,16,1325.63,249.85,64.43,148.75,1,1,0.88943
56,17,769.39,381.38,85.02,65.76,1,1,0.85597
56,18,772.79,434.89,88.83,52.55,1,1,0.8559
56,19,825.32,568.82,68.15,111.39,1,1,0.81216
56,20,730.69,447.77,68.09,69.23,1,1,0.83812
56,21,652.6,543.17,104.76,102.01,1,1,0.84979
57,0,535.92,545.28,120.48,152.02,1,1,0.91203
57,1,609.47,607.86,114.0,155.09,1,1,0.90891
57,2,830.07,266.45,98.22,140.77,1,1,0.9026
57,3,712.12,335.28,77.09,130.04,1,1,0.89986
57,4,951.7,359.18,113.37,128.56,1,1,0.89858
57,5,894.05,476.43,103.58,118.67,1,1,0.89665
57,6,276.02,397.9,84.66,137.82,1,1,0.89509
57,7,1010.57,747.92,75.5,164.32,1,1,0.89306
57,8,790.38,470.63,94.05,106.71,1,1,0.88759
57,9,1212.79,479.29,75.88,154.23,1,1,0.89271
57,10,1361.05,637.3,70.24,167.87,1,1,0.88467
57,11,1044.1,376.94,83.07,129.16,1,1,0.89576
57,12,1491.14,505.83,67.17,161.24,1,1,0.87712
57,13,1463.48,355.74,76.97,147.52,1,1,0.87733
57,14,717.29,506.33,89.68,109.23,1,1,0.87951
57,15,857.91,569.39,79.11,158.29,1,1,0.8831
57,16,1326.56,250.2,64.59,148.41,1,1,0.89145
57,17,769.68,381.25,85.0,65.68,1,1,0.8582
57,18,773.04,434.94,88.74,52.44,1,1,0.8561
57,19,825.48,568.88,68.32,111.63,1,1,0.81444
57,20,730.81,447.56,68.03,69.52,1,1,0.83932
57,21,652.29,543.2,105.13,101.98,1,1,0.85042
58,0,536.44,545.36,120.54,152.01,1,1,0.91243
58,1,610.15,607.26,113.88,155.8,1,1,0.90904
58,2,830.75,266.23,98.2,140.98,1,1,0.90342
58,3,712.83,335.13,77.05,130.31,1,1,0.8997
58,4,952.45,359.24,113.12,128.63,1,1,0.8988
58,5,894.65,476.61,103.39,118.56,1,1,0.89751
58,6,276.69,397.97,84.54,137.72,1,1,0.89403
58,7,1012.66,748.62,75.2,164.01,1,1,0.89277
58,8,790.38,470.82,94.32,106.69,1,1,0.88821
58,9,1213.15,479.38,75.85,154.33,1,1,0.89365
58,10,1362.94,637.6,72.06,168.42,1,1,0.88809
58,11,1044.76,377.0,83.0,129.4,1,1,0.89609
58,12,1491.99,505.59,67.1,161.61,1,1,0.87781
58,13,1463.82,355.71,76.24,147.82,1,1,0.87752
58,14,717.98,506.22,89.89,109.38,1,1,0.88033
58,15,858.37,569.46,79.16,158.48,1,1,0.88289
58,16,1327.69,250.65,64.54,148.15,1,1,0.89197
58,17,770.07,381.33,85.15,65.62,1,1,0.85854
58,18,773.41,435.04,88.64,52.54,1,1,0.85746
58,19,826.04,569.11,68.31,111.41,1,1,0.81351
58,20,731.44,447.21,67.95,70.04,1,1,0.84045
58,21,652.39,543.26,105.44,102.6,1,1,0.84596
59,0,536.66,545.22,120.33,152.12,1,1,0.91196
59,1,610.27,606.9,114.09,156.15,1,1,0.90875
59,2,830.85,266.08,98.17,140.85,1,1,0.90325
59,3,713.09,334.88,77.1,130.61,1,1,0.8999
59,4,952.55,359.25,113.15,128.55,1,1,0.89863
59,5,894.64,476.55,103.39,118.53,1,1,0.89741
59,6,276.84,398.06,84.67,137.59,1,1,0.89375
59,7,1014.11,748.83,75.28,163.71,1,1,0.89169
59,8,790.24,470.8,94.5,106.78,1,1,0.88763
59,9,1213.16,479.39,75.9,154.07,1,1,0.89305
59,10,1364.09,638.03,72.86,169.04,1,1,0.88932
59,11,1044.94,376.85,83.04,129.57,1,1,0.89566
59,12,1491.96,505.32,67.3,161.71,1,1,0.87484
59,13,1463.75,355.66,76.01,147.9,1,1,0.877
59,14,718.04,506.1,90.11,109.48,1,1,0.87949
59,15,858.4,569.41,79.17,158.5,1,1,0.88185
59,16,1328.97,250.96,64.42,147.79,1,1,0.8921
59,17,770.11,381.25,85.16,65.72,1,1,0.8582
59,18,773.27,435.0,88.8,52.69,1,1,0.85786
59,19,826.11,569.18,68.31,111.22,1,1,0.81551
59,20,731.59,446.84,67.88,70.36,1,1,0.84055
59,21,652.18,543.12,105.77,103.07,1,1,0.84544
60,0,537.47,545.13,120.27,152.16,1,1,0.91214
60,1,611.11,606.74,113.92,156.14,1,1,0.90934
60,2,831.26,266.06,98.39,140.39,1,1,0.90346
60,3,713.53,334.82,77.04,130.58,1,1,0.89975
60,4,953.1,359.17,113.09,128.6,1,1,0.89892
60,5,895.28,476.28,103.28,118.51,1,1,0.89703
60,6,277.41,397.81,84.73,137.62,1,1,0.89441
60,7,1016.21,748.96,74.68,163.32,1,1,0.89182
60,8,790.57,470.79,94.67,106.93,1,1,0.88774
60,9,1213.82,479.3,75.89,154.03,1,1,0.89301
60,10,1365.71,638.24,73.16,169.15,1,1,0.89126
60,11,1045.37,376.74,82.92,129.55,1,1,0.89508
60,12,1492.28,505.01,67.64,162.23,1,1,0.87525
60,13,1464.04,355.37,75.85,148.1,1,1,0.87697
60,14,718.44,506.11,89.96,109.44,1,1,0.88135
60,15,859.09,569.2,78.94,158.54,1,1,0.88108
60,16,1330.28,251.2,64.41,147.55,1,1,0.89132
60,17,770.86,381.25,84.91,65.52,1,1,0.86121
60,18,773.86,434.82,88.65,52.76,1,1,0.85877
60,19,826.69,569.15,68.5,111.49,1,1,0.81539
60,20,732.15,447.03,68.21,70.1,1,1,0.83914
60,21,653.23,542.93,105.37,103.12,1,1,0.84386
61,0,537.51,544.7,120.23,152.2,1,1,0.91284
61,1,611.2,606.82,113.6,155.66,1,1,0.90969
61,2,831.11,265.57,98.5,140.53,1,1,0.90411
61,3,713.56,334.5,77.07,130.59,1,1,0.90051
61,4,953.19,359.0,112.81,128.31,1,1,0.89932
61,5,895.18,475.69,103.45,118.79,1,1,0.89775
61,6,277.49,397.55,84.59,137.36,1,1,0.89477
61,7,1019.06,748.82,72.87,163.2,1,1,0.88867
61,8,790.57,470.42,94.81,107.09,1,1,0.88788
61,9,1214.01,478.96,75.7,153.97,1,1,0.89413
61,10,1367.62,639.1,71.85,168.8,1,1,0.89468
61,11,1045.43,376.53,82.9,129.51,1,1,0.89546
61,12,1492.5,504.62,67.35,162.39,1,1,0.87627
61,13,1464.2,355.1,75.08,148.07,1,1,0.87765
61,14,718.29,505.81,90.08,109.53,1,1,0.8824
61,15,859.22,569.03,78.78,158.47,1,1,0.88282
61,16,1331.9,251.46,64.24,146.71,1,1,0.89334
61,17,770.94,380.79,84.94,65.47,1,1,0.86348
61,18,773.27,434.33,89.21,53.08,1,1,0.8599
61,19,826.44,568.98,68.49,111.45,1,1,0.81652
61,20,732.13,446.52,68.28,70.2,1,1,0.83957
61,21,653.26,542.73,105.45,103.18,1,1,0.84776
62,0,537.58,544.73,120.21,152.13,1,1,0.91284
62,1,611.36,607.08,113.26,155.49,1,1,0.9093
62,2,831.04,265.51,98.51,140.62,1,1,0.90341
62,3,713.53,334.63,76.88,130.5,1,1,0.89943
62,4,953.11,359.24,112.97,128.2,1,1,0.89907
62,5,895.15,475.61,103.44,118.98,1,1,0.8974
62,6,277.35,397.69,84.59,137.38,1,1,0.89528
62,7,1020.66,748.99,72.36,163.36,1,1,0.88548
62,8,790.52,470.48,94.78,107.09,1,1,0.88764
62,9,1214.03,479.07,75.78,153.91,1,1,0.89436
62,10,1368.64,639.82,71.16,168.32,1,1,0.89665
62,11,1045.49,376.65,82.85,129.54,1,1,0.8954
62,12,1492.55,504.7,66.95,162.13,1,1,0.87721
62,13,1464.47,355.29,75.03,148.0,1,1,0.87707
62,14,718.17,505.86,90.17,109.59,1,1,0.88187
62,15,859.04,569.18,78.92,158.5,1,1,0.88239
62,16,1332.76,251.93,64.45,146.26,1,1,0.89225
62,17,770.97,380.83,84.91,65.33,1,1,0.86356
62,18,773.15,434.45,89.15,53.1,1,1,0.85919
62,19,826.3,569.23,68.44,111.18,1,1,0.81585
62,20,732.07,446.32,68.26,70.42,1,1,0.83958
62,21,653.72,542.78,104.99,102.8,1,1,0.84656
63,0,537.47,544.69,120.29,152.14,1,1,0.91304
63,1,611.47,607.19,113.1,155.38,1,1,0.90939
63,2,831.0,265.31,98.55,140.75,1,1,0.90332
63,3,713.51,334.78,76.76,130.45,1,1,0.89923
63,4,952.95,359.36,113.05,128.14,1,1,0.89914
63,5,895.12,475.66,103.43,118.97,1,1,0.89722
63,6,277.17,397.74,84.67,137.35,1,1,0.89504
63,7,1021.17,749.03,72.07,163.54,1,1,0.8878
63,8,790.53,470.52,94.7,107.04,1,1,0.88761
63,9,1213.86,479.04,75.8,153.96,1,1,0.89348
63,10,1368.87,640.14,70.91,168.1,1,1,0.89562
63,11,1045.6,376.66,82.88,129.61,1,1,0.89577
63,12,1492.62,504.69,66.9,162.27,1,1,0.87722
63,13,1464.55,355.34,75.29,148.03,1,1,0.87733
63,14,718.1,505.89,90.21,109.64,1,1,0.88176
63,15,858.69,569.26,79.14,158.55,1,1,0.88203
63,16,1332.97,252.02,64.56,146.17,1,1,0.892
63,17,770.92,380.85,84.93,65.27,1,1,0.86291
63,18,773.07,434.51,89.09,53.13,1,1,0.85874
63,19,826.17,569.33,68.4,110.88,1,1,0.8132
63,20,731.97,446.28,68.27,70.47,1,1,0.83874
63,21,653.79,542.79,104.85,102.79,1,1,0.84627
64,0,537.67,544.35,120.4,152.19,1,1,0.91286
64,1,611.5,606.86,112.99,155.45,1,1,0.90921
64,2,830.97,265.18,98.4,140.87,1,1,0.9042
64,3,713.86,334.58,76.59,130.21,1,1,0.89908
64,4,952.99,359.14,113.0,128.08,1,1,0.89929
64,5,895.15,475.27,103.73,119.13,1,1,0.89722
64,6,277.36,397.27,84.7,137.58,1,1,0.89541
64,7,1021.91,748.85,72.75,163.55,1,1,0.88624
64,8,790.7,470.2,94.74,107.15,1,1,0.88794
64,9,1213.85,478.67,75.94,153.97,1,1,0.89454
64,10,1369.55,640.54,70.17,167.4,1,1,0.89745
64,11,1045.85,376.58,82.69,129.38,1,1,0.89574
64,12,1492.59,504.26,66.56,162.14,1,1,0.87661
64,13,1464.61,355.32,75.16,147.91,1,1,0.87718
64,14,718.11,505.74,90.25,109.6,1,1,0.88186
64,15,858.72,569.14,79.19,158.54,1,1,0.88324
64,16,1333.66,251.89,64.58,146.32,1,1,0.89221
64,17,771.0,380.62,84.79,64.98,1,1,0.86477
64,18,773.02,434.07,89.37,53.43,1,1,0.85961
64,19,826.2,569.17,68.42,110.85,1,1,0.81172
64,20,732.02,445.7,68.12,70.76,1,1,0.83911
64,21,654.06,542.62,104.59,102.39,1,1,0.84659
65,0,537.82,544.18,120.48,152.04,1,1,0.91302
65,1,611.82,606.71,112.94,155.37,1,1,0.9086
65,2,831.24,265.04,98.37,141.05,1,1,0.90392
65,3,714.12,334.41,76.83,129.81,1,1,0.89945
65,4,953.18,358.98,112.84,127.9,1,1,0.89973
65,5,895.24,474.94,104.01,119.18,1,1,0.898
65,6,277.77,396.86,84.52,137.82,1,1,0.89501
65,7,1023.24,748.81,73.4,163.42,1,1,0.8912
65,8,791.29,469.86,94.51,107.41,1,1,0.88876
65,9,1213.94,478.3,76.01,154.02,1,1,0.8948
65,10,1370.71,640.95,69.97,166.69,1,1,0.8964
65,11,1046.06,376.39,82.6,129.34,1,1,0.89508
65,12,1492.84,503.87,66.65,162.21,1,1,0.8772
65,13,1464.49,354.82,75.34,148.2,1,1,0.87756
65,14,718.11,505.36,90.37,109.88,1,1,0.88236
65,15,859.01,568.9,79.01,158.67,1,1,0.88307
65,16,1334.5,251.93,64.78,146.12,1,1,0.89276
65,17,771.17,380.45,84.96,64.79,1,1,0.86606
65,18,772.78,433.72,90.03,53.58,1,1,0.85981
65,19,826.24,568.96,68.63,111.1,1,1,0.81706
65,20,732.35,445.13,68.04,71.11,1,1,0.83854
65,21,654.14,542.75,104.71,101.83,1,1,0.85025
66,0,537.82,544.08,120.57,152.04,1,1,0.91246
66,1,612.08,606.6,112.65,155.35,1,1,0.90854
66,2,831.02,264.91,98.05,140.98,1,1,0.90463
66,3,714.29,334.61,77.12,129.52,1,1,0.89918
66,4,953.18,359.13,112.81,127.7,1,1,0.89978
66,5,895.29,474.87,103.89,119.35,1,1,0.89703
66,6,277.9,396.99,84.41,137.65,1,1,0.89707
66,7,1024.48,749.05,73.75,163.22,1,1,0.89147
66,8,791.53,469.83,94.39,107.33,1,1,0.88869
66,9,1214.04,478.33,76.05,154.01,1,1,0.89401
66,10,1371.1,641.19,69.98,166.58,1,1,0.89566
66,11,1046.02,376.37,82.73,129.3,1,1,0.89581
66,12,1492.54,503.6,66.03,162.52,1,1,0.87371
66,13,1463.91,354.86,75.94,148.24,1,1,0.87663
66,14,718.02,505.42,90.33,109.89,1,1,0.88257
66,15,859.21,569.08,78.95,158.38,1,1,0.88213
66,16,1335.4,252.01,65.29,146.1,1,1,0.89253
66,17,771.29,380.51,84.95,64.6,1,1,0.86614
66,18,772.49,433.63,90.51,53.71,1,1,0.86028
66,19,826.54,569.02,68.8,111.23,1,1,0.81778
66,20,732.63,444.87,67.54,71.31,1,1,0.83821
66,21,654.51,542.69,104.45,101.72,1,1,0.85017
67,0,537.29,544.03,120.39,152.03,1,1,0.91221
67,1,611.29,606.68,113.02,155.08,1,1,0.90858
67,2,830.28,264.95,98.24,140.56,1,1,0.90311
67,3,713.65,334.52,77.16,129.45,1,1,0.89934
67,4,952.65,359.42,112.72,127.4,1,1,0.89948
67,5,894.71,474.68,103.75,119.28,1,1,0.89718
67,6,277.58,397.03,84.21,137.74,1,1,0.8953
67,7,1025.8,749.13,75.46,163.16,1,1,0.89438
67,8,791.05,469.76,94.1,107.24,1,1,0.88868
67,9,1213.67,478.24,75.72,153.81,1,1,0.89511
67,10,1371.14,641.07,69.37,166.79,1,1,0.895
67,11,1045.03,376.3,82.65,129.26,1,1,0.89646
67,12,1491.81,502.64,65.34,163.08,1,1,0.87342
67,13,1462.79,354.72,76.07,148.38,1,1,0.87402
67,14,716.62,505.88,89.62,109.49,1,1,0.88356
67,15,857.75,568.97,79.45,158.3,1,1,0.88156
67,16,1336.14,252.13,65.86,145.43,1,1,0.89231
67,17,770.53,380.16,85.17,65.0,1,1,0.865
67,18,771.48,433.53,90.82,53.71,1,1,0.85915
67,19,825.62,568.97,68.71,110.82,1,1,0.80357
67,20,732.1,444.05,67.39,71.73,1,1,0.84053
67,21,654.02,542.66,104.24,101.26,1,1,0.84552
68,0,537.18,544.18,120.51,152.09,1,1,0.91257
68,1,611.11,606.67,113.34,155.17,1,1,0.90866
68,2,830.39,264.97,98.45,140.53,1,1,0.9031
68,3,713.74,334.55,77.32,129.52,1,1,0.89993
68,4,952.73,359.68,112.73,127.22,1,1,0.89938
68,5,894.8,474.74,103.7,119.3,1,1,0.89698
68,6,277.81,397.23,84.12,137.73,1,1,0.89505
68,7,1026.74,749.19,75.95,163.12,1,1,0.89485
68,8,791.28,469.85,94.03,107.35,1,1,0.889
68,9,1213.94,478.31,75.52,153.83,1,1,0.89472
68,10,1371.31,641.19,69.06,166.77,1,1,0.89518
68,11,1044.94,376.42,82.63,129.19,1,1,0.89663
68,12,1491.86,502.3,65.3,163.39,1,1,0.87448
68,13,1462.65,354.83,75.98,148.47,1,1,0.87399
68,14,716.39,506.17,89.36,109.34,1,1,0.8839
68,15,857.56,569.1,79.59,158.2,1,1,0.88157
68,16,1336.81,252.24,66.14,145.21,1,1,0.89248
68,17,770.64,380.2,85.28,65.1,1,1,0.86464
68,18,771.38,433.66,90.95,53.47,1,1,0.85905
68,19,825.6,569.15,68.66,110.68,1,1,0.80297
68,20,732.21,443.67,67.37,72.07,1,1,0.84041
68,21,654.07,542.72,104.31,101.17,1,1,0.84558
69,0,537.21,544.42,120.53,152.06,1,1,0.91262
69,1,611.09,606.6,113.38,155.32,1,1,0.90861
69,2,830.39,265.08,98.49,140.48,1,1,0.90325
69,3,713.8,334.66,77.49,129.52,1,1,0.90031
69,4,952.79,359.91,112.73,127.13,1,1,0.89965
69,5,894.74,474.86,103.76,119.48,1,1,0.89703
69,6,278.06,397.33,83.95,137.85,1,1,0.89473
69,7,1028.14,749.89,75.93,162.56,1,1,0.89452
69,8,791.51,470.01,94.01,107.44,1,1,0.8892
69,9,1214.06,478.53,75.42,153.71,1,1,0.89481
69,10,1371.59,641.7,68.88,166.21,1,1,0.89477
69,11,1044.93,376.56,82.62,129.27,1,1,0.89653
69,12,1491.89,502.22,65.28,163.52,1,1,0.87462
69,13,1462.44,354.99,75.97,148.44,1,1,0.87394
69,14,716.27,506.46,89.06,109.21,1,1,0.8841
69,15,857.4,569.27,79.64,158.12,1,1,0.88197
69,16,1337.19,252.45,66.15,145.0,1,1,0.89299
69,17,770.62,380.36,85.32,65.17,1,1,0.86404
69,18,771.4,433.91,90.79,53.33,1,1,0.85904
69,19,825.58,569.43,68.56,110.51,1,1,0.80302
69,20,732.22,443.57,67.26,72.24,1,1,0.84094
69,21,654.27,542.77,104.22,101.17,1,1,0.84387
70,0,537.31,544.47,120.59,152.16,1,1,0.91273
70,1,611.1,606.47,113.57,155.56,1,1,0.90869
70,2,830.64,265.14,98.4,140.46,1,1,0.90341
70,3,714.1,334.72,77.62,129.58,1,1,0.89991
70,4,952.85,359.91,112.81,127.2,1,1,0.89957
70,5,894.81,474.96,103.72,119.48,1,1,0.89673
70,6,278.09,397.43,84.2,137.86,1,1,0.89508
70,7,1030.66,750.47,75.92,162.74,1,1,0.89498
70,8,791.85,469.95,93.81,107.56,1,1,0.88894
70,9,1214.2,478.71,75.45,153.7,1,1,0.89415
70,10,1373.06,641.94,68.73,166.33,1,1,0.89432
70,11,1045.08,376.64,82.57,129.27,1,1,0.896
70,12,1492.47,501.73,65.27,164.18,1,1,0.87436
70,13,1462.91,355.12,75.99,148.43,1,1,0.87397
70,14,716.21,506.61,88.84,109.15,1,1,0.8841
70,15,857.54,569.36,79.6,158.01,1,1,0.8817
70,16,1337.75,252.66,66.89,144.85,1,1,0.89314
70,17,770.8,380.45,85.3,64.99,1,1,0.86422
70,18,771.42,433.94,90.77,53.43,1,1,0.85917
70,19,825.75,569.56,68.52,110.25,1,1,0.80361
70,20,732.29,443.66,67.17,72.22,1,1,0.84024
70,21,654.5,542.8,104.12,101.12,1,1,0.84151
71,0,537.55,544.43,120.44,152.22,1,1,0.91263
71,1,611.14,606.58,113.47,155.51,1,1,0.90897
71,2,830.81,265.28,98.32,140.45,1,1,0.90397
71,3,714.16,334.92,77.79,129.57,1,1,0.89973
71,4,952.81,359.85,112.89,127.31,1,1,0.89988
71,5,894.84,475.09,103.74,119.35,1,1,0.89692
71,6,278.0,397.51,84.26,137.72,1,1,0.89619
71,7,1031.4,750.74,75.72,162.75,1,1,0.89536
71,8,791.84,469.94,93.8,107.6,1,1,0.88935
71,9,1214.15,478.78,75.53,153.67,1,1,0.89245
71,10,1373.28,642.02,68.48,166.49,1,1,0.89296
71,11,1045.07,376.69,82.63,129.41,1,1,0.89593
71,12,1492.47,501.62,65.46,164.18,1,1,0.87297
71,13,1463.23,355.11,76.05,148.37,1,1,0.87401
71,14,716.06,506.84,88.65,108.95,1,1,0.88395
71,15,857.54,569.4,79.57,157.93,1,1,0.88121
71,16,1338.1,252.88,67.17,144.57,1,1,0.89239
71,17,770.77,380.58,85.34,64.9,1,1,0.86456
71,18,771.13,433.89,90.91,53.45,1,1,0.85959
71,19,825.62,569.53,68.59,110.24,1,1,0.79855
71,20,732.08,443.87,67.19,72.22,1,1,0.84021
71,21,654.66,542.84,104.12,101.09,1,1,0.84271
72,0,537.74,544.65,120.31,152.14,1,1,0.91203
72,1,611.15,607.14,113.65,155.16,1,1,0.9085
72,2,831.21,265.42,97.95,140.52,1,1,0.90274
72,3,714.2,335.46,77.94,129.23,1,1,0.89949
72,4,953.03,360.08,112.89,127.36,1,1,0.89899
72,5,894.88,475.33,103.66,119.27,1,1,0.89617
72,6,278.1,397.57,84.36,137.85,1,1,0.89415
72,7,1033.26,751.71,76.05,162.54,1,1,0.8958
72,8,792.02,469.58,92.47,108.19,1,1,0.88889
72,9,1214.31,478.92,75.5,153.75,1,1,0.89372
72,10,1374.62,642.42,67.92,166.44,1,1,0.89151
72,11,1045.18,377.13,82.74,129.19,1,1,0.89566
72,12,1492.57,501.56,66.06,164.02,1,1,0.87299
72,13,1462.97,355.27,76.48,148.56,1,1,0.8744
72,14,716.13,507.06,88.63,109.14,1,1,0.88311
72,15,857.59,569.56,79.56,157.99,1,1,0.88135
72,16,1338.66,253.38,67.52,144.5,1,1,0.89343
72,17,770.64,380.78,85.42,64.9,1,1,0.86379
72,18,771.46,434.16,90.66,52.81,1,1,0.85786
72,19,825.61,569.9,68.01,110.04,1,1,0.79881
72,20,731.94,444.02,67.11,72.08,1,1,0.83908
72,21,653.78,542.53,105.27,102.46,1,1,0.84749
73,0,537.69,544.78,120.25,152.03,1,1,0.91204
73,1,611.22,607.18,113.64,155.16,1,1,0.90917
73,2,831.12,265.49,97.92,140.36,1,1,0.90298
73,3,714.16,335.71,78.07,129.1,1,1,0.89924
73,4,953.04,360.32,113.03,127.3,1,1,0.89966
73,5,894.76,475.5,103.71,119.19,1,1,0.89656
73,6,278.22,397.87,84.25,137.76,1,1,0.89457
73,7,1033.69,752.05,76.07,162.55,1,1,0.89581
73,8,792.1,469.39,91.88,108.49,1,1,0.88937
73,9,1214.37,479.04,75.44,153.87,1,1,0.89426
73,10,1375.0,642.48,67.81,166.5,1,1,0.89114
73,11,1045.14,377.34,82.8,129.08,1,1,0.89625
73,12,1492.54,501.38,66.34,164.09,1,1,0.87331
73,13,1462.66,355.45,76.81,148.45,1,1,0.87409
73,14,716.03,506.97,88.7,109.35,1,1,0.88283
73,15,857.64,569.66,79.54,158.02,1,1,0.88192
73,16,1338.78,253.48,67.62,144.42,1,1,0.89333
73,17,770.63,380.86,85.42,64.94,1,1,0.86341
73,18,771.44,434.24,90.62,52.64,1,1,0.85771
73,19,825.55,569.98,67.75,110.1,1,1,0.79799
73,20,731.88,444.02,67.03,71.99,1,1,0.83777
73,21,653.52,542.37,105.56,103.0,1,1,0.84816
74,0,537.4,545.14,120.24,152.14,1,1,0.9124
74,1,610.68,607.92,113.83,154.85,1,1,0.90908
74,2,830.83,265.75,97.9,140.34,1,1,0.9031
74,3,713.81,336.01,78.34,129.15,1,1,0.89933
74,4,952.89,360.61,113.17,127.36,1,1,0.89916
74,5,894.74,475.87,103.44,118.97,1,1,0.89576
74,6,278.04,398.46,84.38,137.61,1,1,0.89498
74,7,1034.56,752.58,76.48,162.32,1,1,0.89584
74,8,791.47,468.36,90.28,109.76,1,1,0.889
74,9,1214.12,479.22,75.45,153.98,1,1,0.89481
74,10,1375.11,642.89,67.75,166.26,1,1,0.89232
74,11,1044.98,378.0,82.91,128.82,1,1,0.89667
74,12,1492.04,501.04,66.83,164.54,1,1,0.87553
74,13,1462.16,355.87,76.89,148.46,1,1,0.87369
74,14,715.22,505.98,89.02,110.4,1,1,0.88232
74,15,857.07,570.12,79.5,158.02,1,1,0.8832
74,16,1338.79,253.96,67.84,144.29,1,1,0.89336
74,17,770.16,381.26,85.6,64.81,1,1,0.86144
74,18,770.68,434.14,90.98,52.2,1,1,0.8586
74,19,824.99,570.3,67.61,110.35,1,1,0.79484
74,20,731.32,445.05,67.39,70.85,1,1,0.83307
74,21,653.66,541.68,106.05,103.42,1,1,0.85101
75,0,537.38,545.46,120.23,152.09,1,1,0.9129
75,1,610.57,608.28,114.04,154.77,1,1,0.91019
75,2,830.47,265.84,98.15,140.27,1,1,0.90358
75,3,713.7,336.32,78.45,128.98,1,1,0.89914
75,4,952.74,360.71,113.43,127.5,1,1,0.90004
75,5,894.75,475.74,103.66,119.19,1,1,0.8964
75,6,278.03,398.66,84.41,137.45,1,1,0.89579
75,7,1035.94,752.81,77.23,162.36,1,1,0.8978
75,8,790.28,465.97,90.77,112.61,1,1,0.88731
75,9,1214.1,479.37,75.31,154.04,1,1,0.89575
75,10,1375.11,642.92,67.88,166.07,1,1,0.89427
75,11,1044.92,378.14,82.95,128.98,1,1,0.89726
75,12,1491.98,500.58,66.93,164.25,1,1,0.87622
75,13,1462.27,356.1,76.68,148.41,1,1,0.87459
75,14,714.84,504.33,89.48,111.22,1,1,0.88216
75,15,856.36,570.04,79.76,158.15,1,1,0.88426
75,16,1339.06,254.58,67.78,143.82,1,1,0.89447
75,17,770.0,381.74,85.71,63.75,1,1,0.86087
75,18,770.52,432.86,91.41,52.37,1,1,0.86032
75,19,824.35,570.5,67.85,110.37,1,1,0.79157
75,20,730.86,446.3,67.41,68.43,1,1,0.82914
75,21,653.77,539.64,106.37,105.57,1,1,0.84942
76,0,537.6,545.21,120.11,152.12,1,1,0.91261
76,1,610.91,608.82,114.0,153.92,1,1,0.91005
76,2,830.52,265.57,98.18,140.25,1,1,0.9035
76,3,713.74,336.23,78.66,128.75,1,1,0.89933
76,4,952.67,360.35,113.53,127.49,1,1,0.90009
76,5,894.73,475.35,103.33,119.5,1,1,0.89518
76,6,278.2,398.58,84.25,137.18,1,1,0.89525
76,7,1037.16,752.63,77.67,162.41,1,1,0.89892
76,8,790.14,463.78,90.32,114.29,1,1,0.88574
76,9,1213.88,479.02,75.33,154.08,1,1,0.89581
76,10,1375.35,642.72,67.92,166.12,1,1,0.8939
76,11,1045.01,377.8,82.9,129.11,1,1,0.89686
76,12,1492.2,499.62,66.83,163.64,1,1,0.87542
76,13,1462.24,355.7,76.65,148.95,1,1,0.87344
76,14,714.24,502.03,89.65,111.95,1,1,0.88132
76,15,855.78,569.83,80.09,158.22,1,1,0.88272
76,16,1339.27,254.54,67.72,143.38,1,1,0.89333
76,17,770.2,381.38,85.78,62.32,1,1,0.85897
76,18,770.22,429.99,92.35,53.85,1,1,0.86235
76,19,823.44,569.96,68.3,110.36,1,1,0.78018
76,20,730.29,447.03,67.99,65.87,1,1,0.8202
76,21,653.67,536.75,107.67,108.95,1,1,0.85858
77,0,537.56,545.31,120.01,151.98,1,1,0.9127
77,1,611.46,608.89,114.16,153.75,1,1,0.90932
77,2,830.69,265.65,97.76,140.02,1,1,0.90312
77,3,713.79,336.38,78.85,128.76,1,1,0.90016
77,4,952.6,360.22,113.52,127.69,1,1,0.90083
77,5,894.52,474.84,102.78,120.28,1,1,0.89469
77,6,278.27,398.58,84.51,137.13,1,1,0.89612
77,7,1037.92,752.78,78.12,162.49,1,1,0.89861
77,8,789.83,461.98,90.29,115.78,1,1,0.88606
77,9,1213.67,478.85,75.48,154.15,1,1,0.89611
77,10,1375.52,642.71,67.86,166.21,1,1,0.8934
77,11,1045.14,377.74,82.64,129.11,1,1,0.89677
77,12,1492.85,499.23,66.8,163.17,1,1,0.87379
77,13,1462.37,355.57,76.77,149.09,1,1,0.87494
77,14,713.79,500.03,90.04,111.63,1,1,0.87963
77,15,855.26,569.93,80.48,158.17,1,1,0.88278
77,16,1339.54,254.81,67.96,142.97,1,1,0.89373
77,17,770.83,381.36,86.68,60.92,1,1,0.8567
77,18,770.33,426.9,91.63,55.81,1,1,0.86371
77,19,823.06,569.86,68.67,110.41,1,1,0.78197
77,20,728.84,447.63,68.83,63.56,1,1,0.8156
77,21,654.67,534.61,108.52,110.96,1,1,0.85658
78,0,537.47,545.33,120.39,151.81,1,1,0.91418
78,1,614.6,612.87,112.28,148.57,1,1,0.90896
78,2,833.26,265.43,95.56,139.79,1,1,0.89878
78,3,714.08,336.38,78.74,128.23,1,1,0.90023
78,4,952.35,358.31,113.7,129.07,1,1,0.89773
78,5,895.36,472.12,101.6,123.1,1,1,0.89587
78,6,278.82,398.12,84.7,137.33,1,1,0.89701
78,7,1039.49,753.12,78.56,162.17,1,1,0.90002
78,8,790.97,459.15,89.67,117.96,1,1,0.88421
78,9,1213.83,478.61,75.57,154.2,1,1,0.89633
78,10,1376.48,642.59,67.28,165.96,1,1,0.89115
78,11,1044.7,376.9,83.08,129.39,1,1,0.89957
78,12,1494.31,498.46,68.26,161.52,1,1,0.87252
78,13,1461.96,354.51,77.41,149.73,1,1,0.87525
78,14,715.53,494.04,89.39,109.32,1,1,0.87478
78,15,854.77,569.38,81.07,158.51,1,1,0.88309
78,16,1340.21,255.17,68.25,141.39,1,1,0.8929
78,17,772.43,378.95,87.41,58.86,1,1,0.86534
78,18,770.9,420.82,90.2,58.83,1,1,0.86363
78,19,822.73,568.42,69.04,111.48,1,1,0.78705
78,20,727.2,448.09,70.13,59.9,1,1,0.81295
78,21,655.52,530.15,112.09,115.26,1,1,0.86014
79,0,537.33,545.53,120.45,151.65,1,1,0.91356
79,1,615.77,614.56,111.38,146.63,1,1,0.90808
79,2,834.36,265.51,94.42,139.79,1,1,0.89864
79,3,714.03,336.51,78.44,127.85,1,1,0.89985
79,4,952.11,357.64,113.67,129.62,1,1,0.89691
79,5,895.44,471.3,100.8,124.13,1,1,0.89477
79,6,278.6,398.06,84.98,137.58,1,1,0.89702
79,7,1039.75,753.47,78.62,162.07,1,1,0.89911
79,8,791.32,458.26,89.36,118.79,1,1,0.88386
79,9,1213.68,478.72,75.66,154.23,1,1,0.8955
79,10,1376.81,642.76,67.1,165.79,1,1,0.8912
79,11,1044.17,376.71,83.22,129.61,1,1,0.89919
79,12,1494.71,498.41,68.81,160.58,1,1,0.87227
79,13,1461.49,354.2,77.56,150.15,1,1,0.87462
79,14,716.03,491.96,89.09,108.43,1,1,0.87413
79,15,854.3,569.33,81.12,158.75,1,1,0.88188
79,16,1340.08,255.56,68.58,140.95,1,1,0.89176
79,17,772.92,378.2,87.62,58.09,1,1,0.8658
79,18,771.08,418.73,89.46,59.82,1,1,0.86302
79,19,822.4,568.08,69.24,111.89,1,1,0.78756
79,20,726.54,448.32,70.5,58.54,1,1,0.81208
79,21,655.63,528.66,113.4,116.94,1,1,0.85875
80,0,537.21,546.04,120.73,150.99,1,1,0.91414
80,1,618.12,617.01,109.59,143.33,1,1,0.90479
80,2,835.61,265.49,93.41,139.4,1,1,0.89718
80,3,714.01,336.38,77.75,127.61,1,1,0.8987
80,4,951.9,356.27,113.4,130.33,1,1,0.89367
80,5,895.78,469.38,100.71,126.08,1,1,0.89532
80,6,278.7,397.87,85.31,137.61,1,1,0.89671
80,7,1040.84,753.68,78.67,161.78,1,1,0.8982
80,8,791.92,456.23,88.65,119.95,1,1,0.87915
80,9,1213.73,478.61,75.68,154.29,1,1,0.89514
80,10,1377.72,642.84,66.73,165.61,1,1,0.8903
80,11,1043.94,375.89,83.17,130.43,1,1,0.89923
80,12,1495.32,498.05,70.52,158.81,1,1,0.86962
80,13,1460.79,353.56,77.78,150.79,1,1,0.87402
80,14,717.57,488.79,88.3,103.99,1,1,0.86008
80,15,855.13,568.9,80.19,159.13,1,1,0.88264
80,16,1340.41,255.75,68.61,140.49,1,1,0.89161
80,17,774.06,376.49,86.71,58.96,1,1,0.8619
80,18,770.42,415.15,88.32,62.02,1,1,0.85817
80,19,821.8,566.82,69.29,112.94,1,1,0.80182
80,20,726.48,446.96,71.41,58.45,1,1,0.79699
80,21,655.84,526.72,114.42,118.79,1,1,0.86549
81,0,537.39,548.13,121.69,148.26,1,1,0.9132
81,1,619.96,623.72,109.48,136.08,1,1,0.90134
81,2,839.48,266.29,90.74,138.44,1,1,0.89472
81,3,714.49,337.16,76.04,125.7,1,1,0.89304
81,4,950.51,354.13,113.21,132.13,1,1,0.89264
81,5,894.83,464.87,102.22,130.92,1,1,0.89599
81,6,278.89,397.38,86.27,137.83,1,1,0.89192
81,7,1043.02,754.2,78.12,160.96,1,1,0.89231
81,8,791.92,450.64,87.38,123.9,1,1,0.86807
81,9,1212.92,477.76,76.05,155.16,1,1,0.89298
81,10,1379.25,643.67,66.29,163.76,1,1,0.88633
81,11,1042.75,373.61,83.43,133.0,1,1,0.8976
81,12,1495.95,497.6,74.32,154.62,1,1,0.8739
81,13,1460.26,352.46,78.39,152.55,1,1,0.86374
81,14,720.76,481.09,86.91,99.38,1,1,0.83421
81,15,853.81,568.61,80.93,159.42,1,1,0.8813
81,16,1340.66,256.12,69.34,139.72,1,1,0.89114
81,17,776.64,372.78,86.99,62.2,1,1,0.85754
81,18,773.39,408.1,86.59,66.79,1,1,0.85015
81,19,819.32,562.51,71.65,116.7,1,1,0.78307
81,20,726.96,440.74,70.38,64.06,1,1,0.78992
81,21,657.76,524.54,115.3,120.64,1,1,0.87613
82,0,537.08,549.06,122.26,147.27,1,1,0.91331
82,1,620.27,626.35,109.58,133.37,1,1,0.90121
82,2,840.93,267.15,89.73,137.82,1,1,0.89445
82,3,714.59,337.74,75.4,124.83,1,1,0.89353
82,4,949.93,353.49,113.04,132.73,1,1,0.89221
82,5,894.34,463.35,102.85,132.74,1,1,0.89571
82,6,278.96,397.36,86.62,137.86,1,1,0.89124
82,7,1043.87,754.58,77.98,160.7,1,1,0.89209
82,8,791.84,448.71,86.95,125.35,1,1,0.86751
82,9,1212.47,477.62,76.1,155.56,1,1,0.89292
82,10,1379.61,644.05,66.22,163.25,1,1,0.88627
82,11,1042.26,372.95,83.58,133.87,1,1,0.89734
82,12,1496.14,497.58,75.2,153.13,1,1,0.86939
82,13,1459.93,352.22,78.7,153.18,1,1,0.86461
82,14,721.86,478.51,86.42,97.78,1,1,0.83377
82,15,853.17,568.64,81.22,159.63,1,1,0.88092
82,16,1340.58,256.55,69.66,139.3,1,1,0.89115
82,17,777.44,371.64,87.11,63.39,1,1,0.85686
82,18,774.39,405.58,85.98,68.62,1,1,0.84993
82,19,818.25,561.06,72.48,117.94,1,1,0.78203
82,20,727.1,438.67,70.01,66.01,1,1,0.78742
82,21,658.34,523.91,115.63,121.36,1,1,0.87604
83,0,537.38,550.45,122.92,145.39,1,1,0.91044
83,1,617.73,629.6,112.92,129.96,1,1,0.90265
83,2,845.02,268.43,86.81,137.23,1,1,0.89322
83,3,715.05,337.89,74.6,123.45,1,1,0.88967
83,4,949.56,352.36,109.11,131.3,1,1,0.88901
83,5,893.06,459.25,102.57,137.04,1,1,0.89163
83,6,279.71,396.88,86.4,138.23,1,1,0.89302
83,7,1044.95,754.75,77.66,160.34,1,1,0.89243
83,8,791.54,444.2,87.78,130.65,1,1,0.86726
83,9,1211.82,476.77,76.26,156.59,1,1,0.89211
83,10,1379.95,644.7,66.12,162.68,1,1,0.88229
83,11,1041.52,371.38,83.73,135.55,1,1,0.89667
83,12,1496.55,497.38,79.21,151.67,1,1,0.87327
83,13,1459.5,351.69,79.11,153.49,1,1,0.8607
83,14,723.81,472.96,84.35,98.68,1,1,0.77752
83,15,853.39,568.0,80.76,160.28,1,1,0.87363
83,16,1340.46,256.51,70.78,139.15,1,1,0.89109
83,17,778.94,368.74,87.13,63.16,1,1,0.84189
83,18,776.25,400.65,83.77,71.02,1,1,0.84305
83,19,817.85,557.97,72.63,121.62,1,1,0.80457
83,20,727.22,435.05,67.66,71.07,1,1,0.77615
83,21,661.22,521.99,114.52,122.23,1,1,0.8809
84,0,537.51,551.86,124.47,143.68,1,1,0.90906
84,1,615.77,632.72,117.04,126.97,1,1,0.90173
84,2,848.76,270.59,84.96,135.91,1,1,0.89082
84,3,715.23,338.83,74.23,122.5,1,1,0.88652
84,4,948.11,351.77,103.83,130.82,1,1,0.89265
84,5,890.54,454.63,104.62,141.83,1,1,0.89465
84,6,281.18,396.45,85.32,138.74,1,1,0.89492
84,7,1046.09,755.29,77.68,159.88,1,1,0.89181
84,8,791.64,439.39,86.97,135.93,1,1,0.87549
84,9,1211.1,476.09,76.54,157.21,1,1,0.89324
84,10,1380.37,645.94,65.65,161.36,1,1,0.88209
84,11,1040.44,369.99,84.13,136.98,1,1,0.8963
84,12,1496.46,497.3,84.14,151.06,1,1,0.87711
84,13,1458.94,351.44,79.71,152.32,1,1,0.86274
84,14,726.12,466.59,82.78,104.21,1,1,0.79754
84,15,852.1,568.07,81.74,160.24,1,1,0.87104
84,16,1340.32,256.54,71.87,138.79,1,1,0.8924
84,17,780.74,364.63,85.95,62.97,1,1,0.82459
84,18,776.92,395.13,82.61,75.1,1,1,0.84211
84,19,817.58,554.53,73.05,125.33,1,1,0.79401
84,20,726.91,430.64,64.61,76.46,1,1,0.78223
84,21,667.09,520.75,109.41,122.88,1,1,0.88307
85,0,538.08,552.41,126.14,143.28,1,1,0.90816
85,1,614.99,635.25,124.05,124.7,1,1,0.90285
85,2,853.66,273.46,82.11,133.44,1,1,0.88793
85,3,714.78,339.26,73.61,122.74,1,1,0.88281
85,4,946.42,351.9,96.23,133.0,1,1,0.88263
85,5,888.49,449.01,105.99,147.74,1,1,0.89285
85,6,283.0,395.69,83.76,139.88,1,1,0.89044
85,7,1048.21,756.36,76.72,159.62,1,1,0.89084
85,8,791.93,433.13,85.57,141.24,1,1,0.85454
85,9,1210.15,475.7,76.94,157.33,1,1,0.89183
85,10,1380.04,647.47,66.41,160.76,1,1,0.87965
85,11,1039.85,368.48,83.5,138.83,1,1,0.894
85,12,1496.01,498.43,90.22,150.31,1,1,0.88342
85,13,1458.74,351.93,80.63,149.93,1,1,0.86286
85,14,728.55,459.47,79.13,96.41,1,1,0.70004
85,15,849.75,568.39,83.58,160.16,1,1,0.86488
85,16,1340.58,256.9,72.89,138.78,1,1,0.89104
85,17,783.34,358.23,84.57,64.96,1,1,0.82488
85,18,779.46,390.01,78.92,76.98,1,1,0.84017
85,19,816.36,551.17,74.63,126.28,1,1,0.78707
85,20,726.3,424.65,60.32,82.98,1,1,0.79122
85,21,675.57,518.78,103.52,125.55,1,1,0.88973
86,0,541.43,550.94,129.27,145.27,1,1,0.91013
86,1,616.36,636.05,130.92,123.9,1,1,0.90436
86,2,856.57,278.06,82.16,127.84,1,1,0.87501
86,3,714.66,338.82,71.53,119.29,1,1,0.85646
86,4,945.44,353.06,88.58,136.99,1,1,0.88323
86,5,884.87,439.99,107.41,154.69,1,1,0.88761
86,6,287.1,391.78,80.02,144.54,1,1,0.88332
86,7,1051.96,757.96,75.41,160.92,1,1,0.89291
86,8,791.96,423.88,83.12,146.48,1,1,0.84693
86,9,1208.3,475.55,76.85,157.49,1,1,0.89138
86,10,1378.85,650.29,69.13,158.58,1,1,0.87822
86,11,1039.96,365.03,80.91,142.56,1,1,0.89242
86,12,1495.09,502.85,98.8,147.65,1,1,0.89427
86,13,1457.66,354.71,80.2,141.9,1,1,0.86336
86,14,732.4,448.37,76.17,90.14,1,1,0.78589
86,15,848.65,569.12,83.91,159.66,1,1,0.87396
86,16,1341.63,257.61,73.61,142.2,1,1,0.89294
86,17,789.41,347.72,81.7,66.12,1,1,0.82765
86,18,778.88,380.88,78.63,78.95,1,1,0.83981
86,19,812.56,546.55,74.65,130.81,1,1,0.82693
86,20,720.69,414.52,57.84,90.39,1,1,0.81757
86,21,688.91,515.31,93.32,132.51,1,1,0.88398
87,0,542.68,550.46,130.44,145.98,1,1,0.90991
87,1,616.94,636.42,133.58,123.72,1,1,0.90436
87,2,857.77,279.89,82.08,125.89,1,1,0.87606
87,3,714.55,338.74,70.86,118.18,1,1,0.85643
87,4,945.16,353.67,86.0,138.46,1,1,0.88358
87,5,883.37,436.71,107.88,157.42,1,1,0.88803
87,6,288.62,390.44,78.55,146.31,1,1,0.88352
87,7,1053.22,758.77,74.89,161.4,1,1,0.89368
87,8,791.93,420.49,82.24,148.44,1,1,0.84684
87,9,1207.58,475.73,76.86,157.66,1,1,0.89159
87,10,1378.27,651.58,70.26,157.91,1,1,0.87861
87,11,1039.94,363.93,79.95,144.11,1,1,0.89314
87,12,1494.68,504.69,102.28,146.77,1,1,0.89429
87,13,1457.25,355.95,80.12,138.78,1,1,0.86312
87,14,733.68,444.7,75.17,87.99,1,1,0.78664
87,15,848.23,569.42,84.26,159.46,1,1,0.87392
87,16,1341.85,258.03,74.11,143.46,1,1,0.89322
87,17,791.6,343.86,80.81,66.7,1,1,0.82875
87,18,778.53,377.57,78.47,79.78,1,1,0.83889
87,19,811.09,545.0,74.72,132.49,1,1,0.82802
87,20,718.66,410.67,57.07,93.17,1,1,0.81729
87,21,693.67,514.19,89.6,135.19,1,1,0.88432
88,0,546.87,549.47,130.8,146.92,1,1,0.90795
88,1,620.78,634.53,135.23,125.37,1,1,0.90726
88,2,861.7,282.7,83.3,123.21,1,1,0.8747
88,3,714.57,338.85,70.65,113.49,1,1,0.83607
88,4,944.68,354.23,86.29,139.13,1,1,0.88577
88,5,878.91,433.06,114.05,157.64,1,1,0.8828
88,6,291.43,387.58,77.48,149.13,1,1,0.88301
88,7,1055.56,760.34,73.75,161.53,1,1,0.89201
88,8,793.19,416.94,82.01,147.0,1,1,0.85362
88,9,1207.45,475.87,76.73,157.86,1,1,0.89123
88,10,1378.64,653.44,71.86,158.8,1,1,0.88025
88,11,1040.37,361.7,78.43,146.85,1,1,0.89389
88,12,1492.99,507.79,106.86,144.25,1,1,0.89277
88,13,1456.59,357.48,81.06,134.12,1,1,0.86481
88,14,735.15,441.88,75.38,94.33,1,1,0.78016
88,15,847.93,569.72,84.41,159.54,1,1,0.87446
88,16,1342.46,259.2,74.72,143.66,1,1,0.89539
88,17,795.49,339.7,81.04,72.06,1,1,0.83067
88,18,779.12,373.88,76.92,80.71,1,1,0.83347
88,19,807.62,543.86,76.53,140.26,1,1,0.83622
88,20,716.96,409.62,57.27,94.08,1,1,0.82721
88,21,694.15,513.66,92.42,137.45,1,1,0.88861
89,0,553.15,548.82,130.18,146.76,1,1,0.90551
89,1,628.06,632.79,133.88,126.32,1,1,0.90624
89,2,867.87,286.01,82.31,120.46,1,1,0.87969
89,3,712.41,338.83,72.39,108.35,1,1,0.82696
89,4,943.93,352.96,86.77,141.08,1,1,0.88287
89,5,875.54,429.51,119.04,155.38,1,1,0.87804
89,6,293.54,384.11,78.35,152.02,1,1,0.87687
89,7,1057.37,762.47,72.46,161.14,1,1,0.8935
89,8,793.55,413.11,81.45,145.47,1,1,0.84417
89,9,1206.13,475.97,76.36,157.8,1,1,0.88901
89,10,1379.87,655.76,73.17,157.44,1,1,0.87875
89,11,1039.61,359.2,76.94,149.54,1,1,0.89268
89,12,1487.21,510.96,113.59,141.82,1,1,0.89221
89,13,1454.17,358.81,82.27,130.15,1,1,0.86695
89,14,735.4,439.15,73.3,87.36,1,1,0.7853
89,15,844.97,568.93,86.9,160.91,1,1,0.86626
89,16,1342.61,260.62,74.76,142.83,1,1,0.89458
89,17,797.26,335.21,81.35,73.84,1,1,0.81503
89,18,779.79,370.71,74.07,83.18,1,1,0.82944
89,19,806.46,544.18,77.63,145.79,1,1,0.81353
89,20,715.36,409.64,56.2,95.5,1,1,0.82776
89,21,693.89,513.32,99.61,139.61,1,1,0.89112
90,0,563.06,548.79,125.82,146.13,1,1,0.90421
90,1,640.44,631.73,129.01,126.95,1,1,0.90363
90,2,873.47,289.08,81.96,117.34,1,1,0.87673
90,3,709.62,339.03,74.34,107.77,1,1,0.832
90,4,943.09,350.39,87.7,144.48,1,1,0.8843
90,5,873.81,426.25,120.45,150.16,1,1,0.88156
90,6,296.24,380.06,77.97,154.4,1,1,0.87684
90,7,1059.66,764.66,71.62,162.19,1,1,0.89038
90,8,792.73,411.68,81.54,141.27,1,1,0.79079
90,9,1204.67,475.93,75.98,158.35,1,1,0.88843
90,10,1380.27,658.21,75.41,155.65,1,1,0.87924
90,11,1038.58,355.17,75.97,153.92,1,1,0.88923
90,12,1481.35,514.31,119.04,138.6,1,1,0.88888
90,13,1451.34,359.37,84.29,129.24,1,1,0.86919
90,14,734.5,438.27,76.12,85.91,1,1,0.79826
90,15,840.88,568.46,89.89,161.56,1,1,0.86773
90,16,1342.51,262.04,74.5,141.88,1,1,0.89483
90,17,800.12,331.63,79.28,75.2,1,1,0.82531
90,18,778.62,370.14,72.51,83.72,1,1,0.83664
90,19,803.49,544.53,79.09,148.48,1,1,0.79766
90,20,714.02,410.26,55.46,99.21,1,1,0.82136
90,21,694.45,513.12,105.32,141.41,1,1,0.8853
91,0,577.6,548.52,118.97,145.6,1,1,0.89139
91,1,657.06,630.62,121.98,127.52,1,1,0.90341
91,2,877.65,290.7,83.09,115.53,1,1,0.87588
91,3,708.44,339.46,76.53,99.93,1,1,0.82559
91,4,940.71,345.99,91.27,148.48,1,1,0.87792
91,5,870.49,422.52,124.39,147.97,1,1,0.88519
91,6,299.38,375.75,76.2,155.19,1,1,0.87707
91,7,1061.43,766.33,71.35,163.41,1,1,0.88397
91,8,794.06,409.89,82.1,133.69,1,1,0.80025
91,9,1203.02,474.09,76.19,159.78,1,1,0.88611
91,10,1380.62,659.3,78.67,154.78,1,1,0.87875
91,11,1037.9,349.8,75.13,157.85,1,1,0.88608
91,12,1471.71,515.01,127.44,137.45,1,1,0.88874
91,13,1448.63,358.56,87.48,130.02,1,1,0.87557
91,14,735.09,434.55,80.4,93.83,1,1,0.78224
91,15,837.26,566.84,93.19,162.93,1,1,0.86812
91,16,1342.16,262.54,74.54,141.13,1,1,0.8925
91,17,804.14,327.93,76.86,76.29,1,1,0.81397
91,18,777.37,367.37,72.61,86.13,1,1,0.82786
91,19,799.12,545.03,82.07,147.84,1,1,0.79852
91,20,713.04,410.18,54.11,102.69,1,1,0.8174
91,21,698.3,512.46,102.43,141.22,1,1,0.88273
92,0,595.15,548.42,111.27,145.54,1,1,0.89155
92,1,677.36,630.43,113.04,127.73,1,1,0.8985
92,2,878.78,291.64,87.49,114.77,1,1,0.87444
92,3,706.21,340.64,78.31,93.54,1,1,0.84785
92,4,938.63,342.54,92.83,150.85,1,1,0.87413
92,5,866.41,419.57,128.8,147.15,1,1,0.88513
92,6,302.07,371.7,74.62,153.68,1,1,0.88428
92,7,1061.97,768.15,71.42,164.2,1,1,0.88524
92,8,792.91,409.49,85.54,124.39,1,1,0.73299
92,9,1200.99,471.98,76.84,161.42,1,1,0.8871
92,10,1380.29,659.65,83.4,154.16,1,1,0.88229
92,11,1037.42,345.29,72.59,160.33,1,1,0.88623
92,12,1460.35,514.76,136.91,137.56,1,1,0.89241
92,13,1444.15,357.07,91.54,132.11,1,1,0.88218
92,14,738.81,430.15,84.05,103.05,1,1,0.77928
92,15,834.89,565.57,94.79,164.02,1,1,0.87356
92,16,1341.47,263.22,74.55,140.0,1,1,0.89489
92,17,808.57,325.25,74.21,77.13,1,1,0.78923
92,18,777.4,363.59,73.92,89.89,1,1,0.8232
92,19,800.43,543.52,79.69,147.75,1,1,0.81351
92,20,708.09,407.54,56.66,124.75,1,1,0.83329
92,21,704.05,514.05,96.19,141.04,1,1,0.88244
93,0,609.5,548.57,103.21,146.04,1,1,0.88974
93,1,687.79,630.93,113.96,126.97,1,1,0.89164
93,2,882.98,291.67,88.33,114.83,1,1,0.87982
93,3,704.57,342.06,79.25,91.97,1,1,0.86477
93,4,938.2,338.38,92.05,152.8,1,1,0.87434
93,5,866.41,416.86,128.18,144.19,1,1,0.8856
93,6,305.46,367.1,73.42,152.68,1,1,0.88447
93,7,1063.96,769.79,71.65,164.84,1,1,0.88243
93,8,799.05,407.67,81.45,116.91,1,1,0.79468
93,9,1198.4,469.58,78.13,162.13,1,1,0.88482
93,10,1381.03,659.01,89.15,154.16,1,1,0.8862
93,11,1036.53,340.56,70.89,161.27,1,1,0.88469
93,12,1454.17,513.16,139.45,138.6,1,1,0.8913
93,13,1439.55,354.95,93.98,133.91,1,1,0.87537
93,14,743.81,426.34,87.38,113.68,1,1,0.79297
93,15,831.78,563.73,96.5,165.58,1,1,0.86973
93,16,1340.8,263.31,74.68,139.21,1,1,0.89481
93,17,812.53,323.06,73.03,79.67,1,1,0.80117
93,18,779.34,360.33,73.8,91.7,1,1,0.82366
93,19,802.74,539.31,78.66,150.51,1,1,0.77979
93,20,703.77,407.56,60.26,131.37,1,1,0.86419
93,21,709.22,515.85,92.74,143.39,1,1,0.88333
94,0,614.19,549.46,105.92,149.44,1,1,0.89074
94,1,696.09,631.27,128.67,132.09,1,1,0.88997
94,2,891.41,291.32,89.85,115.51,1,1,0.87216
94,3,703.75,346.24,74.64,92.01,1,1,0.84819
94,4,932.92,335.58,88.9,144.3,1,1,0.85584
94,5,863.26,412.88,131.31,140.8,1,1,0.89227
94,6,307.57,361.65,75.39,150.3,1,1,0.8844
94,7,1066.48,772.34,72.99,165.49,1,1,0.8879
94,8,805.28,404.63,74.22,109.83,1,1,0.77951
94,9,1194.67,466.42,80.22,160.87,1,1,0.88867
94,10,1382.28,656.79,101.77,155.92,1,1,0.89651
94,11,1033.6,336.06,69.73,155.89,1,1,0.88179
94,12,1443.93,509.0,131.85,141.51,1,1,0.86974
94,13,1431.26,351.41,92.78,136.88,1,1,0.86597
94,14,747.09,426.11,88.17,114.02,1,1,0.84728
94,15,830.51,561.53,93.27,165.01,1,1,0.87875
94,16,1338.7,263.25,74.95,138.22,1,1,0.89194
94,17,816.56,321.03,75.43,85.85,1,1,0.84157
94,18,786.35,357.28,70.64,88.61,1,1,0.8336
94,19,801.64,528.03,74.18,152.27,1,1,0.7354
94,20,693.38,408.12,67.71,126.88,1,1,0.85976
94,21,710.37,515.22,99.67,149.57,1,1,0.88157
95,0,615.68,550.0,107.01,150.71,1,1,0.89107
95,1,698.86,631.58,133.99,133.96,1,1,0.89011
95,2,894.46,291.35,90.35,115.81,1,1,0.87233
95,3,703.05,347.84,73.17,92.28,1,1,0.84799
95,4,930.98,334.74,87.63,140.88,1,1,0.85617
95,5,861.96,411.7,132.45,139.54,1,1,0.89244
95,6,307.91,359.86,76.3,149.52,1,1,0.88461
95,7,1067.13,773.36,73.49,165.91,1,1,0.88773
95,8,807.43,403.83,71.54,107.41,1,1,0.77999
95,9,1193.21,465.44,81.05,160.14,1,1,0.88872
95,10,1383.28,656.07,106.12,156.82,1,1,0.89614
95,11,1032.41,334.59,69.37,153.71,1,1,0.88187
95,12,1439.78,507.61,128.54,142.64,1,1,0.87067
95,13,1428.02,350.25,92.42,138.07,1,1,0.86756
95,14,748.22,426.43,88.35,114.04,1,1,0.84722
95,15,829.95,560.9,91.79,164.71,1,1,0.87857
95,16,1337.77,263.39,74.98,137.89,1,1,0.89199
95,17,817.8,320.5,76.36,88.26,1,1,0.84244
95,18,788.79,356.46,69.48,87.37,1,1,0.83364
95,19,801.1,523.9,72.36,152.87,1,1,0.7349
95,20,689.3,408.65,70.62,124.73,1,1,0.86024
95,21,710.67,515.19,102.11,151.88,1,1,0.88192
96,0,619.47,551.4,109.4,150.77,1,1,0.89627
96,1,706.12,632.88,137.89,137.12,1,1,0.89552
96,2,902.77,291.73,88.89,114.61,1,1,0.86364
96,3,705.67,350.66,68.88,93.03,1,1,0.83301
96,4,930.73,335.62,86.58,136.5,1,1,0.86054
96,5,860.68,408.22,134.0,137.11,1,1,0.88827
96,6,308.67,358.25,78.07,148.68,1,1,0.88478
96,7,1069.84,775.06,73.81,165.79,1,1,0.88949
96,8,808.03,401.25,68.91,77.95,1,1,0.6434
96,9,1191.93,465.03,81.51,158.76,1,1,0.88877
96,10,1386.36,655.05,111.58,159.01,1,1,0.89375
96,11,1030.68,333.03,70.38,153.17,1,1,0.88347
96,12,1438.9,506.22,123.2,145.59,1,1,0.88608
96,13,1424.54,348.84,88.23,140.45,1,1,0.88225
96,14,752.35,425.43,88.17,114.85,1,1,0.8358
96,15,829.66,560.21,88.72,161.5,1,1,0.87905
96,16,1336.75,264.19,75.31,137.39,1,1,0.89001
96,17,823.15,320.06,74.93,92.76,1,1,0.84789
96,18,793.61,354.7,68.83,85.67,1,1,0.84013
96,20,681.15,407.03,77.27,126.52,1,1,0.86446
96,21,712.34,517.23,104.0,149.91,1,1,0.88459
97,0,625.14,551.4,113.07,151.45,1,1,0.9001
97,1,713.77,633.42,137.74,140.77,1,1,0.9069
97,2,915.19,291.82,84.82,109.55,1,1,0.8478
97,3,706.51,353.18,66.3,101.65,1,1,0.79471
97,4,927.03,336.91,92.69,131.6,1,1,0.86005
97,5,858.88,405.55,133.26,132.83,1,1,0.89037
97,6,310.82,355.95,78.8,149.98,1,1,0.88478
97,7,1072.82,776.4,74.47,165.05,1,1,0.88838
97,8,804.41,399.51,72.29,69.18,1,1,0.67083
97,9,1189.79,464.61,82.75,157.69,1,1,0.89077
97,10,1392.7,654.18,114.25,159.92,1,1,0.8936
97,11,1028.24,330.74,72.35,153.34,1,1,0.8855
97,12,1437.65,504.93,113.21,148.11,1,1,0.89249
97,13,1418.33,346.49,84.87,143.0,1,1,0.88883
97,14,755.54,424.85,89.88,111.35,1,1,0.8275
97,15,827.49,558.92,87.66,158.01,1,1,0.87495
97,16,1335.24,264.0,76.18,136.99,1,1,0.88762
97,17,827.63,318.65,73.87,92.36,1,1,0.84512
97,18,798.3,352.87,67.75,82.72,1,1,0.83135
97,20,670.46,403.78,89.63,131.07,1,1,0.87054
97,21,714.92,516.83,108.25,147.76,1,1,0.88018
98,0,632.55,551.38,116.63,153.39,1,1,0.90455
98,1,727.53,634.51,131.36,144.86,1,1,0.90727
98,2,928.79,292.3,81.18,90.46,1,1,0.79918
98,3,706.03,355.46,66.02,110.26,1,1,0.83554
98,4,922.04,337.68,101.44,129.44,1,1,0.86089
98,5,858.49,402.24,128.57,132.31,1,1,0.89355
98,6,311.86,353.45,79.12,152.13,1,1,0.88422
98,7,1077.57,778.05,74.38,164.27,1,1,0.88707
98,8,801.48,394.9,77.12,96.14,1,1,0.70225
98,9,1186.67,464.13,85.29,156.85,1,1,0.89181
98,10,1400.96,653.64,112.86,159.82,1,1,0.89564
98,11,1025.72,328.25,74.74,153.8,1,1,0.88845
98,12,1440.07,504.63,99.89,149.04,1,1,0.88672
98,13,1404.94,343.2,92.46,145.52,1,1,0.88963
98,14,757.04,423.17,93.22,114.64,1,1,0.83165
98,15,825.53,558.08,88.52,154.24,1,1,0.8698
98,16,1333.34,263.07,78.72,138.48,1,1,0.87525
98,17,834.51,317.55,69.68,84.91,1,1,0.84047
98,18,801.36,349.51,67.05,81.28,1,1,0.84387
98,20,659.72,399.68,102.41,136.18,1,1,0.87629
98,21,720.17,515.93,109.44,140.74,1,1,0.87483
98,19,807.82,509.37,66.81,133.14,1,1,0.68977
99,0,644.32,552.0,111.13,155.73,1,1,0.90089
99,1,748.73,635.88,121.16,146.65,1,1,0.8969
99,2,941.84,292.68,78.2,86.39,1,1,0.80521
99,3,705.56,357.61,64.91,120.17,1,1,0.85709
99,4,918.68,333.5,106.19,133.5,1,1,0.87436
99,5,858.77,400.33,119.69,131.98,1,1,0.8871
99,6,312.94,351.89,81.32,154.19,1,1,0.87813
99,7,1081.64,779.77,74.25,163.45,1,1,0.88763
99,8,798.26,393.24,80.99,100.3,1,1,0.72528
99,9,1181.48,464.57,90.59,151.97,1,1,0.88864
99,10,1413.65,653.5,107.79,159.81,1,1,0.89062
99,11,1022.14,325.85,78.5,153.64,1,1,0.88559
99,12,1437.36,505.25,92.18,147.47,1,1,0.88119
99,13,1396.87,339.77,95.84,148.4,1,1,0.89011
99,14,761.67,421.84,93.47,114.93,1,1,0.82871
99,15,822.82,558.01,90.05,141.76,1,1,0.86153
99,16,1331.0,261.69,79.16,135.48,1,1,0.85502
99,17,839.67,316.82,70.68,87.44,1,1,0.83558
99,18,803.84,345.66,67.5,82.34,1,1,0.8376
99,20,649.63,395.6,113.44,142.96,1,1,0.88818
99,21,728.71,515.55,104.87,133.61,1,1,0.86473
99,19,809.78,506.65,73.8,128.97,1,1,0.72813
100,0,657.86,553.23,102.72,155.38,1,1,0.89629
100,1,773.06,637.98,110.39,146.29,1,1,0.88502
100,2,953.04,293.04,77.88,113.62,1,1,0.84877
100,3,704.86,360.68,62.48,125.64,1,1,0.86393
100,4,913.07,328.93,109.62,138.42,1,1,0.88077
100,5,858.67,399.72,108.79,131.22,1,1,0.88223
100,6,314.37,349.8,86.85,156.69,1,1,0.87318
100,7,1084.72,781.7,74.42,161.91,1,1,0.88515
100,8,789.78,391.58,88.86,105.57,1,1,0.6824
100,9,1175.63,465.7,96.73,147.36,1,1,0.89165
100,10,1429.25,652.22,99.12,160.94,1,1,0.88391
100,11,1016.75,323.35,83.88,153.43,1,1,0.88752
100,12,1432.23,506.59,86.72,149.51,1,1,0.88244
100,13,1391.53,336.15,95.55,150.91,1,1,0.88742
100,14,766.66,418.26,95.78,116.9,1,1,0.79138
100,15,819.05,561.88,92.35,131.34,1,1,0.86124
100,16,1329.15,259.31,77.31,121.92,1,1,0.84887
100,17,849.11,315.0,66.72,89.28,1,1,0.83769
100,18,807.24,339.99,67.16,84.96,1,1,0.836
100,20,640.96,391.63,120.52,148.07,1,1,0.89364
100,21,739.27,516.59,96.89,128.01,1,1,0.86153
100,19,812.02,512.55,82.11,124.35,1,1,0.71574
101,0,683.24,554.81,84.78,154.24,1,1,0.87832
101,1,787.54,636.24,118.67,148.72,1,1,0.9017
101,2,964.09,292.68,83.51,123.38,1,1,0.86024
101,3,703.14,363.9,59.1,128.92,1,1,0.8588
101,4,909.52,323.32,107.34,144.8,1,1,0.87516
101,5,855.94,390.05,99.4,140.1,1,1,0.88174
101,6,317.18,345.93,91.07,158.13,1,1,0.88178
101,7,1091.05,784.85,75.47,158.83,1,1,0.88122
101,8,783.49,386.28,93.63,119.56,1,1,0.71312
101,9,1168.68,469.04,103.65,146.81,1,1,0.89655
101,10,1448.32,647.63,92.49,164.9,1,1,0.88782
101,11,1015.66,319.19,83.71,147.46,1,1,0.88381
101,12,1420.94,510.16,77.68,148.11,1,1,0.87603
101,13,1383.42,330.59,83.1,149.09,1,1,0.87169
101,14,775.93,409.4,91.08,117.88,1,1,0.80737
101,15,813.49,565.31,87.29,113.44,1,1,0.7933
101,16,1324.55,254.6,75.05,120.33,1,1,0.85491
101,17,857.42,311.66,61.84,82.46,1,1,0.81456
101,18,812.33,330.57,65.89,89.82,1,1,0.79662
101,20,632.79,384.45,119.6,153.79,1,1,0.90124
101,21,744.88,517.28,97.01,139.13,1,1,0.86225
101,19,813.07,509.46,84.7,130.08,1,1,0.82327
102,0,696.06,556.38,78.23,153.04,1,1,0.87479
102,1,795.83,632.74,130.35,151.6,1,1,0.90649
102,2,972.98,292.6,90.37,131.23,1,1,0.86212
102,3,701.81,367.12,58.4,128.83,1,1,0.85832
102,4,907.84,319.43,99.1,149.06,1,1,0.8699
102,5,854.34,383.09,95.6,145.2,1,1,0.87995
102,6,322.66,341.93,88.21,157.82,1,1,0.88128
102,7,1095.66,787.0,76.36,156.61,1,1,0.87871
102,8,781.05,392.11,91.12,125.08,1,1,0.83215
102,9,1164.1,470.8,107.25,148.5,1,1,0.89522
102,10,1459.01,644.54,91.71,168.92,1,1,0.89061
102,11,1013.53,317.23,81.3,143.85,1,1,0.86121
102,12,1412.11,514.28,77.44,145.71,1,1,0.87328
102,13,1374.95,327.14,69.59,150.23,1,1,0.85894
102,15,808.89,566.51,83.89,132.06,1,1,0.85344
102,16,1321.16,251.68,74.53,119.58,1,1,0.85266
102,17,863.05,309.86,58.28,73.85,1,1,0.8161
102,18,815.91,323.62,65.91,93.25,1,1,0.78982
102,20,627.99,379.41,115.56,158.59,1,1,0.89852
102,21,752.67,517.61,92.48,147.11,1,1,0.86124
102,19,813.93,508.39,88.99,131.15,1,1,0.84541
103,0,699.91,557.05,76.2,152.69,1,1,0.8746
103,1,798.53,631.52,134.83,152.6,1,1,0.90619
103,2,976.22,292.68,93.21,134.3,1,1,0.86271
103,3,701.38,368.48,58.1,128.68,1,1,0.85792
103,4,907.3,318.09,95.83,150.67,1,1,0.86943
103,5,853.73,380.66,94.48,147.23,1,1,0.87983
103,6,324.75,340.5,86.78,157.61,1,1,0.88126
103,7,1097.6,787.82,76.57,155.96,1,1,0.87918
103,8,780.08,394.79,90.07,127.08,1,1,0.83156
103,9,1162.34,471.58,108.78,149.19,1,1,0.89557
103,10,1462.67,643.4,91.54,170.6,1,1,0.89019
103,11,1012.77,316.66,80.23,142.52,1,1,0.86053
103,12,1409.32,515.92,77.33,144.79,1,1,0.87328
103,13,1372.04,326.06,64.97,150.62,1,1,0.85843
103,15,807.24,567.01,82.66,137.54,1,1,0.85279
103,16,1319.98,250.83,74.03,119.33,1,1,0.8519
103,17,864.72,309.47,57.08,70.71,1,1,0.81526
103,18,817.09,321.21,65.94,94.52,1,1,0.78939
103,20,626.23,377.64,113.85,160.42,1,1,0.89814
103,21,755.39,517.86,90.73,150.25,1,1,0.86108
103,19,814.24,508.18,90.56,131.64,1,1,0.84533
104,0,704.7,558.23,75.92,151.98,1,1,0.87595
104,1,807.12,633.02,136.34,147.26,1,1,0.90951
104,2,982.67,293.39,98.11,132.47,1,1,0.84396
104,3,699.87,370.47,59.62,126.83,1,1,0.86477
104,4,907.94,316.09,98.72,152.4,1,1,0.8899
104,5,852.31,376.59,91.69,149.47,1,1,0.87901
104,6,329.57,337.84,85.72,153.6,1,1,0.87953
104,7,1099.55,788.9,79.52,155.49,1,1,0.87848
104,8,780.7,392.82,88.51,131.33,1,1,0.85347
104,9,1160.62,472.36,97.52,149.95,1,1,0.87011
104,10,1468.87,641.82,92.32,172.38,1,1,0.88892
104,11,1014.39,318.07,75.62,139.75,1,1,0.81558
104,12,1402.29,519.02,86.19,144.21,1,1,0.87584
104,13,1364.64,324.84,62.67,152.08,1,1,0.85477
104,15,806.91,565.75,84.6,141.63,1,1,0.8563
104,16,1316.92,249.74,73.25,121.1,1,1,0.85396
104,17,867.46,308.5,55.98,68.85,1,1,0.79635
104,18,819.53,318.03,64.27,94.26,1,1,0.77989
104,20,624.8,376.18,108.34,161.33,1,1,0.89831
104,21,758.27,517.45,88.75,155.29,1,1,0.85722
104,19,815.41,510.0,92.07,129.71,1,1,0.85646
105,0,708.6,559.0,75.01,151.66,1,1,0.87502
105,1,821.32,633.48,133.76,143.21,1,1,0.90983
105,2,986.94,294.72,99.54,124.91,1,1,0.82529
105,3,696.84,373.18,61.03,125.18,1,1,0.86541
105,4,908.72,313.54,100.9,153.85,1,1,0.89338
105,5,850.96,372.42,85.11,149.23,1,1,0.87636
105,6,334.48,334.85,85.59,150.69,1,1,0.87505
105,7,1100.63,789.51,83.47,155.86,1,1,0.88004
105,8,780.97,389.59,87.52,133.26,1,1,0.85399
105,9,1156.73,473.2,83.03,149.83,1,1,0.87821
105,10,1478.58,640.53,90.22,173.31,1,1,0.88772
105,11,1007.83,316.37,79.42,140.99,1,1,0.81284
105,12,1388.93,521.3,100.65,142.54,1,1,0.88406
105,13,1356.16,323.4,62.7,152.91,1,1,0.85764
105,15,807.37,564.29,86.9,145.01,1,1,0.86629
105,16,1312.22,248.47,73.2,123.89,1,1,0.85073
105,17,868.85,306.34,56.48,68.26,1,1,0.80296
105,18,822.41,315.21,63.69,91.49,1,1,0.78997
105,20,623.7,375.05,98.83,161.36,1,1,0.89195
105,21,762.96,518.29,82.96,157.03,1,1,0.85765
105,19,816.55,511.39,93.55,124.77,1,1,0.86081
106,0,712.51,559.53,74.99,152.12,1,1,0.87162
106,1,840.9,634.88,126.61,143.59,1,1,0.90888
106,2,993.59,295.59,96.02,120.69,1,1,0.80367
106,3,694.79,376.05,61.02,125.3,1,1,0.8692
106,4,909.34,311.34,102.85,153.5,1,1,0.90095
106,5,850.21,369.15,76.23,147.16,1,1,0.86958
106,6,336.94,331.63,88.36,150.33,1,1,0.877
106,7,1101.33,790.31,88.05,157.56,1,1,0.87945
106,8,779.66,387.76,87.44,133.71,1,1,0.86373
106,9,1152.14,473.52,77.43,149.75,1,1,0.88715
106,10,1492.05,640.37,84.19,171.7,1,1,0.88129
106,11,1005.72,310.21,81.14,146.98,1,1,0.8302
106,12,1376.71,521.87,112.86,142.22,1,1,0.88558
106,13,1345.99,320.92,66.78,154.01,1,1,0.86357
106,15,807.33,562.03,89.9,150.08,1,1,0.88335
106,16,1307.15,247.7,73.33,129.2,1,1,0.85735
106,17,870.16,303.81,55.79,69.54,1,1,0.79845
106,18,825.31,313.08,61.84,87.96,1,1,0.80333
106,20,621.97,374.33,88.82,161.38,1,1,0.88808
106,21,768.48,518.37,79.67,157.68,1,1,0.85357
106,19,818.08,514.07,96.24,115.94,1,1,0.85941
107,0,716.52,559.75,74.54,152.41,1,1,0.87198
107,1,868.43,637.01,112.72,143.4,1,1,0.89657
107,3,692.98,379.52,61.98,130.86,1,1,0.86443
107,4,910.12,309.23,104.29,152.7,1,1,0.90408
107,5,849.2,366.61,70.02,142.82,1,1,0.85895
107,6,335.4,327.43,91.57,152.44,1,1,0.88542
107,7,1101.93,791.41,92.68,158.92,1,1,0.87808
107,8,785.11,386.7,81.68,135.2,1,1,0.79453
107,9,1147.85,473.0,74.91,150.13,1,1,0.88662
107,10,1508.77,639.92,78.26,169.44,1,1,0.86886
107,11,997.04,303.52,89.96,152.26,1,1,0.84358
107,12,1365.99,521.13,122.78,142.49,1,1,0.88605
107,13,1329.62,318.02,80.37,154.86,1,1,0.87757
107,15,808.38,558.3,91.28,154.69,1,1,0.87575
107,16,1303.57,247.27,71.69,130.72,1,1,0.86317
107,17,871.01,300.68,55.78,70.11,1,1,0.80444
107,18,829.41,312.38,61.48,83.47,1,1,0.79085
107,20,619.22,374.49,81.54,161.06,1,1,0.87988
107,21,774.62,516.53,78.39,158.29,1,1,0.84064
107,19,815.54,512.76,102.17,109.58,1,1,0.81716
108,0,720.14,558.94,77.83,152.87,1,1,0.86454
108,1,894.97,639.03,105.45,142.67,1,1,0.88773
108,3,691.07,383.05,62.35,135.56,1,1,0.86588
108,4,911.09,307.52,105.36,149.59,1,1,0.90388
108,5,850.12,365.94,66.97,136.41,1,1,0.8558
108,6,336.02,323.32,92.76,153.16,1,1,0.8856
108,7,1106.06,792.78,93.17,158.47,1,1,0.87947
108,8,795.74,386.05,74.06,140.09,1,1,0.80469
108,9,1143.34,471.74,73.78,150.85,1,1,0.88766
108,10,1525.04,640.02,72.48,164.66,1,1,0.86262
108,11,993.03,299.87,85.97,153.68,1,1,0.88331
108,12,1357.1,519.37,126.11,142.33,1,1,0.87561
108,13,1317.48,315.85,89.72,153.89,1,1,0.8811
108,15,811.13,552.78,93.6,160.66,1,1,0.8644
108,16,1300.06,246.24,68.55,131.43,1,1,0.86417
108,17,864.94,297.57,62.37,70.69,1,1,0.78767
108,18,831.9,312.35,62.88,79.0,1,1,0.74482
108,20,614.07,374.63,76.4,159.84,1,1,0.87259
108,21,778.23,512.95,79.39,157.36,1,1,0.81891
108,19,813.41,509.56,104.39,103.36,1,1,0.64373
108,23,778.31,377.85,79.46,132.65,1,1,0.78087
108,2,1030.57,298.24,73.67,113.44,1,1,0.86348
109,0,722.53,556.98,80.47,154.53,1,1,0.86612
109,1,906.08,641.22,115.16,140.55,1,1,0.8926
109,3,689.64,387.1,63.13,138.37,1,1,0.8715
109,4,910.1,305.41,104.75,144.77,1,1,0.89417
109,5,849.57,370.31,65.36,127.43,1,1,0.81756
109,6,336.36,319.67,93.42,150.02,1,1,0.88669
109,7,1115.92,794.74,87.71,156.79,1,1,0.87795
109,8,801.77,384.2,70.72,144.38,1,1,0.81759
109,9,1136.95,469.65,75.64,151.32,1,1,0.88674
109,10,1534.88,640.18,73.03,162.53,1,1,0.87391
109,11,991.8,297.03,82.7,152.71,1,1,0.87267
109,12,1353.79,516.79,122.26,142.79,1,1,0.88285
109,13,1310.9,314.81,89.62,148.66,1,1,0.87911
109,15,812.92,546.91,92.73,165.47,1,1,0.86878
109,16,1295.48,245.53,66.75,131.51,1,1,0.85482
109,17,851.83,293.51,73.91,74.55,1,1,0.79239
109,18,834.13,314.26,72.78,74.92,1,1,0.72043
109,20,607.37,376.1,73.9,155.57,1,1,0.86616
109,21,780.77,510.87,80.34,154.01,1,1,0.82951
109,23,777.5,372.88,77.94,135.79,1,1,0.79669
109,2,1042.17,299.32,75.71,115.34,1,1,0.85637
110,0,725.27,553.43,86.76,157.78,1,1,0.87774
110,1,918.1,643.37,125.71,140.61,1,1,0.90459
110,3,688.11,394.4,63.8,133.92,1,1,0.87708
110,4,908.72,301.87,104.24,139.81,1,1,0.897
110,6,342.85,314.57,91.77,148.73,1,1,0.88891
110,7,1133.4,798.35,79.17,155.85,1,1,0.8731
110,8,804.6,380.24,78.46,145.67,1,1,0.8647
110,9,1126.14,467.48,81.8,147.46,1,1,0.88369
110,10,1541.91,638.49,91.08,161.69,1,1,0.88938
110,11,986.35,292.79,97.95,145.3,1,1,0.79742
110,12,1342.02,511.86,109.59,143.33,1,1,0.87716
110,13,1300.13,312.27,81.69,147.78,1,1,0.86957
110,15,817.74,542.67,86.0,165.83,1,1,0.85385
110,16,1285.36,241.67,66.6,116.24,1,1,0.84555
110,17,847.35,288.14,75.01,71.35,1,1,0.79787
110,18,844.23,308.95,68.95,117.61,1,1,0.78168
110,20,593.55,380.59,81.71,145.14,1,1,0.88615
110,21,786.43,509.45,76.68,146.82,1,1,0.83931
110,23,777.36,362.71,74.39,145.89,1,1,0.84069
110,2,1046.57,300.38,86.15,121.48,1,1,0.82047
111,0,726.72,552.36,88.97,158.8,1,1,0.87672
111,1,922.41,644.38,129.5,140.46,1,1,0.90416
111,3,687.45,397.3,64.2,132.21,1,1,0.87762
111,4,908.19,300.67,103.94,138.21,1,1,0.89634
111,6,345.26,312.93,91.23,148.21,1,1,0.88765
111,7,1139.69,799.69,76.26,155.43,1,1,0.87328
111,8,805.45,378.79,81.33,146.34,1,1,0.86462
111,9,1121.99,466.79,84.19,146.0,1,1,0.88338
111,10,1544.57,638.03,97.27,161.51,1,1,0.88826
111,11,984.45,291.71,103.72,142.28,1,1,0.79675
111,12,1337.23,510.23,104.84,143.44,1,1,0.87539
111,13,1296.8,311.52,78.29,147.43,1,1,0.87052
111,15,819.44,541.19,83.63,166.0,1,1,0.85335
111,16,1281.84,240.36,66.5,111.02,1,1,0.8446
111,17,845.54,286.26,75.43,69.9,1,1,0.79833
111,18,848.27,306.72,67.79,131.4,1,1,0.78925
111,20,588.84,382.57,84.36,141.03,1,1,0.88686
111,21,788.09,509.13,75.7,144.01,1,1,0.83996
111,23,777.11,359.41,73.8,149.75,1,1,0.8426
111,2,1047.66,301.21,90.09,123.56,1,1,0.81744
112,0,727.37,549.74,95.11,160.9,1,1,0.88567
112,1,930.22,646.14,130.86,142.92,1,1,0.90929
112,3,685.35,401.7,65.62,128.72,1,1,0.87939
112,4,907.0,298.85,103.47,137.3,1,1,0.89574
112,6,352.66,311.54,87.15,149.88,1,1,0.88823
112,7,1143.44,802.1,76.38,157.49,1,1,0.87726
112,8,806.28,377.85,84.36,143.0,1,1,0.86462
112,9,1116.82,466.44,90.08,144.48,1,1,0.89203
112,10,1547.34,636.8,106.94,161.16,1,1,0.88972
112,11,980.34,289.71,92.4,140.67,1,1,0.86093
112,12,1330.41,508.72,94.6,146.23,1,1,0.87632
112,13,1294.3,309.33,73.83,149.54,1,1,0.87185
112,15,820.54,539.07,82.0,166.12,1,1,0.85538
112,16,1278.13,237.52,66.33,109.33,1,1,0.84866
112,17,841.44,284.12,75.31,78.05,1,1,0.77385
112,18,849.22,304.74,67.91,138.72,1,1,0.81442
112,20,581.68,384.37,89.88,136.85,1,1,0.89238
112,21,790.44,509.47,74.22,141.75,1,1,0.82271
112,23,777.22,360.41,71.5,147.13,1,1,0.84138
112,2,1059.44,302.43,84.89,121.43,1,1,0.86256
112,19,804.25,504.37,68.78,56.88,1,1,0.76734
113,0,729.91,547.86,98.91,160.16,1,1,0.87758
113,1,942.24,647.22,131.27,147.53,1,1,0.90165
113,3,681.25,405.45,68.49,125.37,1,1,0.87666
113,4,907.25,296.38,101.08,136.25,1,1,0.88891
113,6,360.43,309.67,82.77,151.68,1,1,0.88243
113,7,1145.84,805.08,79.83,158.65,1,1,0.87527
113,8,805.19,376.96,86.24,142.33,1,1,0.85338
113,9,1110.09,464.67,96.23,143.94,1,1,0.89466
113,10,1553.43,635.54,113.14,159.58,1,1,0.88881
113,11,977.78,286.85,85.35,139.34,1,1,0.88443
113,12,1321.42,507.43,80.7,149.77,1,1,0.86894
113,13,1289.12,304.12,70.65,153.5,1,1,0.86629
113,15,819.12,533.16,83.45,168.26,1,1,0.86112
113,16,1272.74,233.95,66.87,120.84,1,1,0.82344
113,17,841.17,278.89,72.52,79.86,1,1,0.78645
113,18,857.2,300.71,63.81,145.96,1,1,0.83035
113,20,569.78,385.71,97.14,130.02,1,1,0.89081
113,21,792.75,507.06,71.19,132.42,1,1,0.7778
113,23,776.09,354.87,69.58,149.79,1,1,0.84562
113,2,1074.11,304.0,77.24,118.26,1,1,0.86844
114,0,736.17,545.53,98.07,157.67,1,1,0.87484
114,1,964.65,649.52,123.03,150.3,1,1,0.89454
114,3,677.59,408.61,70.13,129.58,1,1,0.87545
114,4,908.17,292.39,98.01,135.47,1,1,0.88893
114,6,364.02,306.57,83.6,154.09,1,1,0.88597
114,7,1143.8,808.16,88.07,160.8,1,1,0.88564
114,8,803.76,374.62,86.11,144.3,1,1,0.85477
114,9,1103.16,463.26,100.82,142.91,1,1,0.89442
114,10,1561.7,634.89,115.72,161.4,1,1,0.88439
114,11,974.97,283.78,82.69,137.65,1,1,0.88999
114,12,1310.75,506.25,72.83,152.63,1,1,0.87554
114,13,1282.65,299.47,69.26,154.81,1,1,0.86174
114,15,819.84,527.27,83.13,168.94,1,1,0.862
114,16,1265.99,231.1,66.74,123.47,1,1,0.82575
114,17,839.35,274.83,72.32,79.99,1,1,0.80606
114,18,860.75,297.06,62.38,151.8,1,1,0.84385
114,20,556.42,385.63,106.23,124.74,1,1,0.89333
114,21,795.5,504.81,68.42,123.04,1,1,0.77539
114,23,773.28,350.76,69.91,154.77,1,1,0.8389
114,2,1087.59,305.94,74.52,114.67,1,1,0.87893
115,0,743.12,541.36,95.28,158.17,1,1,0.88124
115,1,1009.71,651.82,108.2,151.72,1,1,0.88669
115,3,667.42,414.76,71.32,138.28,1,1,0.87444
115,4,907.88,285.94,92.89,142.17,1,1,0.84823
115,6,368.01,300.02,85.7,150.67,1,1,0.8858
115,7,1139.16,815.57,101.52,159.2,1,1,0.89443
115,8,799.38,373.42,86.65,141.74,1,1,0.85095
115,9,1089.71,463.51,100.45,140.11,1,1,0.89346
115,10,1586.82,635.62,100.58,162.52,1,1,0.8589
115,11,966.63,278.99,84.71,142.1,1,1,0.88859
115,12,1277.03,507.75,82.52,151.26,1,1,0.8819
115,13,1265.06,292.08,70.49,153.15,1,1,0.86471
115,15,820.07,519.26,82.57,166.75,1,1,0.86067
115,16,1253.88,228.45,66.92,126.27,1,1,0.82231
115,17,831.52,268.97,69.57,94.34,1,1,0.85852
115,18,860.57,293.42,67.28,156.97,1,1,0.85895
115,20,536.84,385.74,110.21,121.25,1,1,0.8926
115,21,794.33,500.46,67.08,117.11,1,1,0.7541
115,23,765.3,348.11,69.02,145.19,1,1,0.85727
115,2,1100.63,309.42,79.6,110.05,1,1,0.88703
115,19,786.37,469.81,65.63,64.86,1,1,0.71754
116,0,746.98,539.95,94.19,158.45,1,1,0.88162
116,1,1027.1,652.82,102.62,152.12,1,1,0.88718
116,3,664.97,417.17,71.72,141.61,1,1,0.87508
116,4,909.1,283.88,90.97,144.59,1,1,0.84765
116,6,370.5,297.94,86.46,149.3,1,1,0.88654
116,7,1138.76,818.45,106.85,158.57,1,1,0.89498
116,8,798.87,373.23,86.94,140.71,1,1,0.85125
116,9,1086.01,463.8,100.22,139.1,1,1,0.89365
116,10,1598.15,635.98,94.09,162.81,1,1,0.85818
116,11,964.93,277.52,85.44,143.7,1,1,0.88855
116,12,1267.48,508.52,85.33,150.61,1,1,0.88241
116,13,1260.14,289.53,70.99,152.65,1,1,0.86533
116,15,821.46,516.42,82.38,165.9,1,1,0.86162
116,16,1251.15,227.78,66.77,127.99,1,1,0.82641
116,17,829.96,267.03,68.37,99.53,1,1,0.85864
116,18,861.78,292.22,68.93,158.94,1,1,0.85893
116,20,530.45,385.9,111.85,120.13,1,1,0.89243
116,21,795.0,499.09,66.68,115.2,1,1,0.75508
116,23,763.44,347.5,68.96,141.28,1,1,0.85724
116,2,1106.38,310.83,81.44,108.32,1,1,0.88766
116,24,796.84,324.55,47.31,54.89,1,1,0.67436
116,19,784.87,466.1,65.6,66.13,1,1,0.71652
117,0,747.86,538.37,94.55,158.67,1,1,0.88374
117,1,1032.91,653.26,110.61,151.78,1,1,0.8967
117,3,661.35,419.91,70.03,143.64,1,1,0.8717
117,4,909.09,281.47,89.05,145.79,1,1,0.84749
117,6,376.42,294.67,82.53,141.58,1,1,0.88544
117,7,1137.44,821.54,114.22,159.58,1,1,0.89512
117,8,799.67,371.27,85.13,139.76,1,1,0.86273
117,9,1079.23,464.18,92.37,137.99,1,1,0.86991
117,10,1612.44,636.37,82.26,161.82,1,1,0.84919
117,11,963.16,275.38,84.03,145.01,1,1,0.88645
117,12,1250.86,509.0,91.49,149.26,1,1,0.88363
117,13,1251.49,285.99,72.51,147.9,1,1,0.87488
117,15,822.26,512.55,84.74,163.44,1,1,0.8644
117,16,1246.12,227.15,66.41,123.24,1,1,0.84384
117,17,827.09,264.7,68.73,105.4,1,1,0.8648
117,18,864.27,289.95,69.02,159.38,1,1,0.85315
117,20,521.68,386.51,105.99,118.98,1,1,0.8817
117,21,792.42,495.9,67.63,116.96,1,1,0.79166
117,23,758.98,345.46,70.06,140.68,1,1,0.86442
117,2,1108.12,311.85,94.67,108.74,1,1,0.89418
117,24,790.27,319.58,50.86,59.39,1,1,0.67868
117,19,786.77,464.56,60.89,67.48,1,1,0.70415
118,0,745.93,539.3,98.61,156.42,1,1,0.88889
118,1,1041.88,652.74,125.09,147.8,1,1,0.8978
118,3,650.32,429.13,69.75,137.58,1,1,0.86763
118,4,902.94,275.64,84.97,148.06,1,1,0.78688
118,6,381.2,289.91,82.42,138.52,1,1,0.89379
118,7,1141.0,827.31,122.26,164.32,1,1,0.89456
118,8,792.65,368.93,87.14,139.75,1,1,0.87394
118,9,1062.87,466.48,84.52,136.49,1,1,0.88008
118,10,1631.13,636.8,78.74,156.35,1,1,0.83409
118,11,954.76,275.16,86.14,145.93,1,1,0.87214
118,12,1225.49,513.81,99.49,147.18,1,1,0.88613
118,13,1240.16,282.08,72.38,145.65,1,1,0.85887
118,15,824.54,510.96,92.62,155.1,1,1,0.87247
118,16,1231.51,226.84,72.53,114.08,1,1,0.86552
118,17,821.3,261.41,71.58,115.35,1,1,0.87086
118,18,864.81,284.76,74.17,162.46,1,1,0.84804
118,20,503.16,391.23,98.29,113.58,1,1,0.85788
118,21,784.18,491.81,75.56,132.06,1,1,0.8014
118,23,745.57,340.78,73.93,141.24,1,1,0.86958
118,2,1112.07,315.83,110.64,118.06,1,1,0.89761
118,24,777.94,312.52,52.21,72.51,1,1,0.73518
119,0,746.78,539.63,100.14,155.57,1,1,0.88891
119,1,1046.8,652.45,130.53,146.21,1,1,0.89774
119,3,647.96,432.44,69.61,135.17,1,1,0.86765
119,4,902.21,273.42,83.62,148.94,1,1,0.78494
119,6,384.36,288.23,82.41,137.47,1,1,0.89349
119,7,1144.04,829.35,125.52,166.15,1,1,0.89398
119,8,791.68,368.04,87.89,139.73,1,1,0.87383
119,9,1058.77,467.3,81.6,135.97,1,1,0.87977
119,10,1638.69,636.94,77.09,154.43,1,1,0.83357
119,11,953.35,275.1,86.91,146.28,1,1,0.87216
119,12,1217.66,515.57,102.77,146.41,1,1,0.88579
119,13,1237.92,280.73,72.26,144.84,1,1,0.85915
119,15,827.06,510.47,95.56,151.9,1,1,0.87254
119,16,1227.85,226.74,74.77,110.61,1,1,0.86566
119,17,820.85,260.06,72.67,119.29,1,1,0.87109
119,18,866.63,282.71,76.15,163.55,1,1,0.84789
119,20,498.18,392.9,95.16,111.72,1,1,0.85782
119,21,782.79,490.32,78.43,137.38,1,1,0.80221
119,23,742.31,339.26,75.37,141.27,1,1,0.86912
119,2,1115.34,317.21,117.11,121.47,1,1,0.89774
119,24,775.07,309.97,52.8,77.14,1,1,0.73291
120,0,747.67,540.36,104.55,153.08,1,1,0.88653
120,1,1058.75,652.23,133.64,145.75,1,1,0.89761
120,3,643.41,437.14,69.93,130.7,1,1,0.8738
120,4,899.87,271.43,81.94,144.46,1,1,0.73916
120,6,383.49,285.95,87.74,137.68,1,1,0.90393
120,7,1152.47,833.55,125.11,163.04,1,1,0.89177
120,8,786.71,364.67,90.95,142.06,1,1,0.88686
120,9,1050.35,468.47,81.28,134.2,1,1,0.88156
120,10,1646.29,636.08,75.96,153.28,1,1,0.85005
120,11,949.95,275.93,86.21,143.46,1,1,0.87354
120,12,1209.63,516.64,101.0,146.48,1,1,0.88447
120,13,1233.16,279.58,73.44,140.99,1,1,0.85827
120,15,830.78,511.06,96.26,145.08,1,1,0.8678
120,16,1219.51,225.91,78.4,108.69,1,1,0.86933
120,17,819.09,257.11,74.65,121.81,1,1,0.87526
120,18,866.75,281.76,78.54,162.71,1,1,0.85662
120,20,485.43,394.43,84.43,110.6,1,1,0.86617
120,21,778.44,506.88,90.55,135.98,1,1,0.6438
120,23,734.94,335.15,78.82,142.8,1,1,0.87364
120,2,1121.96,319.28,114.09,124.13,1,1,0.89529
120,24,773.48,305.34,52.64,77.31,1,1,0.74627
120,19,779.65,480.74,66.01,79.12,1,1,0.79292
121,0,753.41,536.01,102.18,156.38,1,1,0.88022
121,1,1097.18,655.57,119.28,149.71,1,1,0.89002
121,3,632.25,445.58,74.89,132.14,1,1,0.88264
121,4,897.65,269.76,77.87,135.23,1,1,0.66791
121,6,385.85,279.49,95.36,138.2,1,1,0.91215
121,7,1176.62,841.13,121.59,154.85,1,1,0.89341
121,8,781.95,356.56,92.63,149.1,1,1,0.88685
121,9,1034.99,472.02,78.03,130.64,1,1,0.87582
121,10,1660.52,635.96,74.78,157.96,1,1,0.8674
121,11,946.36,278.91,85.8,135.49,1,1,0.87211
121,12,1204.01,518.17,89.3,142.17,1,1,0.88077
121,13,1223.98,277.74,76.34,130.95,1,1,0.87296
121,15,835.55,513.0,93.78,145.98,1,1,0.85216
121,16,1211.15,225.77,77.51,105.56,1,1,0.86784
121,17,815.21,252.59,79.19,125.6,1,1,0.87857
121,18,869.03,279.93,79.79,158.47,1,1,0.85376
121,20,462.63,398.7,91.7,106.51,1,1,0.8846
121,21,777.24,518.42,92.54,123.18,1,1,0.64513
121,23,724.91,328.08,83.97,149.24,1,1,0.8741
121,2,1144.19,326.29,92.26,118.79,1,1,0.87306
121,24,764.8,299.98,54.56,79.12,1,1,0.77198
121,19,774.53,481.12,66.93,82.71,1,1,0.82908
122,0,760.05,533.49,99.03,158.35,1,1,0.87983
122,1,1137.73,658.8,104.36,149.95,1,1,0.88725
122,3,622.52,451.86,79.89,138.6,1,1,0.88733
122,4,880.95,273.96,81.54,144.91,1,1,0.86689
122,6,390.79,274.42,98.21,137.26,1,1,0.90905
122,7,1188.12,845.29,124.34,150.67,1,1,0.89464
122,8,778.47,350.67,93.97,154.22,1,1,0.8765
122,9,1028.08,476.12,73.83,127.97,1,1,0.87803
122,10,1678.43,636.38,69.15,160.68,1,1,0.8726
122,11,946.16,280.65,84.09,129.56,1,1,0.87901
122,12,1201.32,520.05,84.08,138.43,1,1,0.88275
122,13,1219.9,276.72,74.38,125.35,1,1,0.85582
122,15,838.51,514.27,88.32,148.49,1,1,0.86297
122,16,1201.42,225.84,78.13,106.92,1,1,0.87295
122,17,814.19,249.01,82.71,131.51,1,1,0.87072
122,20,442.38,401.82,101.56,110.64,1,1,0.89008
122,21,780.69,523.67,89.49,109.15,1,1,0.72839
122,23,717.77,323.99,84.37,152.8,1,1,0.87609
122,2,1157.31,332.67,82.85,113.05,1,1,0.86455
122,24,759.3,297.57,55.06,89.84,1,1,0.76861
122,19,771.62,479.78,68.06,87.85,1,1,0.81348
123,0,762.96,532.59,97.77,158.99,1,1,0.87846
123,1,1151.79,660.07,98.87,150.07,1,1,0.88763
123,3,619.48,454.08,81.7,141.19,1,1,0.88689
123,4,875.61,275.41,83.01,148.45,1,1,0.86771
123,6,392.99,272.73,99.02,136.96,1,1,0.90882
123,7,1192.71,846.79,125.51,149.15,1,1,0.8952
123,8,777.56,348.5,94.55,156.23,1,1,0.87637
123,9,1026.48,477.68,72.28,127.1,1,1,0.87748
123,10,1684.64,636.51,67.11,161.51,1,1,0.87214
123,11,946.65,281.37,83.42,127.56,1,1,0.87917
123,12,1200.98,520.77,82.32,137.13,1,1,0.88265
123,13,1219.21,276.55,73.51,123.36,1,1,0.85699
123,15,839.94,514.83,86.0,149.4,1,1,0.86205
123,16,1198.34,225.97,78.35,107.47,1,1,0.87349
123,17,814.13,247.64,84.25,133.9,1,1,0.87169
123,20,435.29,402.97,105.39,112.11,1,1,0.89055
123,21,782.39,525.53,88.5,104.32,1,1,0.72885
123,23,715.52,322.56,84.6,154.17,1,1,0.87606
123,2,1161.71,335.01,79.86,110.89,1,1,0.86496
123,24,757.85,296.82,55.38,94.67,1,1,0.76572
123,19,771.01,479.32,68.48,89.89,1,1,0.81216
124,0,775.35,528.64,90.13,163.04,1,1,0.87639
124,1,1165.45,663.12,113.09,147.18,1,1,0.8949
124,3,609.05,463.32,86.56,142.74,1,1,0.88869
124,4,881.02,273.15,79.41,143.82,1,1,0.87923
124,6,407.43,266.09,95.46,134.88,1,1,0.89963
124,7,1198.4,849.14,128.7,151.55,1,1,0.89879
124,8,779.01,343.95,89.73,156.24,1,1,0.8677
124,9,1020.4,481.19,69.17,126.09,1,1,0.8774
124,10,1695.31,637.25,70.22,161.83,1,1,0.87837
124,11,949.84,280.55,78.43,125.45,1,1,0.87661
124,12,1194.0,523.93,75.81,135.73,1,1,0.85809
124,13,1210.52,273.91,67.99,117.89,1,1,0.80685
124,15,842.66,515.17,83.48,146.91,1,1,0.86952
124,16,1192.19,224.46,79.05,107.12,1,1,0.85662
124,17,814.14,244.44,85.75,143.39,1,1,0.86642
124,20,422.09,406.45,105.07,115.23,1,1,0.88732
124,23,706.46,319.03,84.29,158.18,1,1,0.88718
124,2,1167.4,339.76,83.04,109.62,1,1,0.87991
124,24,751.55,296.45,56.81,111.66,1,1,0.79699
124,19,766.8,473.72,68.01,101.54,1,1,0.82158
125,0,780.38,527.18,87.13,164.35,1,1,0.87667
125,1,1170.84,664.24,117.79,146.1,1,1,0.89484
125,3,605.72,466.66,88.24,143.4,1,1,0.88785
125,4,883.77,272.44,78.07,141.9,1,1,0.87858
125,6,413.38,263.61,93.85,134.25,1,1,0.89946
125,7,1200.95,849.91,129.63,152.36,1,1,0.89858
125,8,780.17,342.27,87.63,156.18,1,1,0.86751
125,9,1019.02,482.43,68.01,125.85,1,1,0.87814
125,10,1699.21,637.46,71.35,161.96,1,1,0.87829
125,11,951.67,280.24,76.34,124.17,1,1,0.87684
125,12,1192.64,525.06,73.21,135.21,1,1,0.85757
125,13,1208.77,273.12,65.23,116.15,1,1,0.80844
125,15,844.01,515.35,82.74,146.14,1,1,0.86943
125,16,1190.57,223.85,79.02,107.71,1,1,0.85751
125,17,814.77,243.24,85.99,147.01,1,1,0.86606
125,20,418.14,407.66,104.73,116.26,1,1,0.88756
125,23,703.69,317.72,83.94,159.69,1,1,0.88669
125,2,1169.63,341.36,84.09,109.17,1,1,0.87908
125,24,749.7,296.3,57.27,118.33,1,1,0.79817
125,19,765.7,471.62,67.74,105.91,1,1,0.82184
125,25,877.67,249.14,48.23,61.52,1,1,0.7619
126,0,788.47,522.74,81.78,168.02,1,1,0.88013
126,1,1184.15,667.27,127.16,145.94,1,1,0.90765
126,3,601.05,475.89,89.53,136.35,1,1,0.89301
126,4,883.84,267.68,81.49,145.7,1,1,0.87586
126,6,431.99,256.61,87.37,139.35,1,1,0.88657
126,7,1213.08,851.79,126.15,158.67,1,1,0.89856
126,8,775.11,337.86,86.55,154.07,1,1,0.85006
126,9,1009.3,483.74,67.42,125.32,1,1,0.87594
126,10,1706.21,637.27,77.63,161.27,1,1,0.88107
126,11,954.16,278.2,71.15,124.87,1,1,0.87735
126,12,1183.13,527.69,70.58,132.62,1,1,0.86966
126,13,1201.05,268.93,65.27,104.52,1,1,0.78468
126,15,849.64,513.51,81.93,142.37,1,1,0.87789
126,16,1188.29,222.38,82.65,99.51,1,1,0.78188
126,17,811.9,241.0,83.7,150.49,1,1,0.85333
126,20,410.9,411.4,86.38,114.34,1,1,0.86961
126,23,692.57,312.45,77.49,163.12,1,1,0.87369
126,2,1185.52,343.27,89.46,122.29,1,1,0.8845
126,24,739.71,294.81,57.18,122.57,1,1,0.82593
126,19,764.1,467.24,65.68,127.96,1,1,0.8297
126,25,872.13,244.07,53.21,67.57,1,1,0.80387
127,0,794.06,519.72,78.45,170.1,1,1,0.87749
127,1,1202.76,669.4,128.66,150.86,1,1,0.91106
127,3,599.71,482.68,89.98,130.47,1,1,0.89235
127,4,886.09,265.49,83.82,147.34,1,1,0.88426
127,6,442.14,251.08,89.08,144.08,1,1,0.89145
127,7,1230.55,855.01,116.04,158.72,1,1,0.89778
127,8,767.86,334.87,86.98,152.03,1,1,0.85027
127,9,999.69,485.46,69.73,125.02,1,1,0.88004
127,10,1721.79,637.74,71.74,161.04,1,1,0.86952
127,11,955.43,276.22,68.85,127.56,1,1,0.87674
127,12,1175.46,531.4,70.98,128.77,1,1,0.87827
127,13,1200.64,267.94,61.99,98.06,1,1,0.81822
127,15,852.93,511.95,83.69,136.13,1,1,0.88586
127,16,1184.27,221.05,92.72,99.23,1,1,0.83976
127,17,810.83,239.49,82.04,153.08,1,1,0.85543
127,20,400.77,414.96,75.51,112.35,1,1,0.86888
127,23,686.55,308.9,72.02,165.15,1,1,0.87535
127,2,1195.85,345.87,92.76,130.48,1,1,0.89414
127,24,732.96,293.39,57.76,118.82,1,1,0.83651
127,19,761.65,464.98,66.14,137.95,1,1,0.8523
127,25,871.75,240.9,55.02,72.24,1,1,0.82164
128,0,796.0,518.55,77.17,170.97,1,1,0.87768
128,1,1209.55,670.1,129.35,152.63,1,1,0.91108
128,3,599.47,484.92,90.17,128.21,1,1,0.89218
128,4,887.17,264.62,84.74,147.93,1,1,0.88435
128,6,445.61,249.06,89.92,145.86,1,1,0.89201
128,7,1237.29,856.07,111.88,158.66,1,1,0.89795
128,8,765.39,333.77,87.18,151.26,1,1,0.85022
128,9,996.5,486.04,70.71,124.91,1,1,0.87971
128,10,1727.47,637.82,69.28,161.0,1,1,0.86926
128,11,956.12,275.45,68.05,128.51,1,1,0.87713
128,12,1173.17,532.61,71.12,127.44,1,1,0.87797
128,13,1201.03,267.51,60.81,96.3,1,1,0.8163
128,15,854.21,511.34,84.35,133.88,1,1,0.88568
128,16,1182.99,220.57,96.68,99.07,1,1,0.84027
128,17,810.58,238.9,81.42,153.97,1,1,0.85566
128,20,398.08,416.14,71.96,111.6,1,1,0.86871
128,23,684.85,307.64,69.99,165.82,1,1,0.8751
128,2,1199.92,346.85,93.86,133.64,1,1,0.89389
128,24,730.8,292.91,57.91,116.8,1,1,0.83672
128,19,760.95,464.02,66.28,142.28,1,1,0.85255
128,25,871.9,239.95,55.52,73.67,1,1,0.82157
128,26,1214.58,219.99,68.63,89.02,1,1,0.70072
129,0,796.59,517.11,76.95,171.45,1,1,0.87838
129,1,1228.87,672.37,121.71,155.41,1,1,0.90254
129,3,599.07,488.57,88.85,130.0,1,1,0.89407
129,4,888.55,263.1,87.78,147.4,1,1,0.8836
129,6,450.35,245.02,90.54,147.55,1,1,0.89203
129,7,1253.44,858.85,102.91,157.08,1,1,0.88442
129,8,761.51,332.17,83.95,147.23,1,1,0.85501
129,9,992.83,488.46,70.79,123.23,1,1,0.8816
129,10,1739.09,640.06,63.74,161.19,1,1,0.86276
129,11,957.3,274.64,66.24,129.86,1,1,0.86691
129,12,1169.46,534.9,70.22,125.93,1,1,0.87602
129,13,1197.03,263.8,60.84,102.62,1,1,0.82962
129,15,854.91,510.78,84.36,132.94,1,1,0.88583
129,16,1181.23,218.54,104.52,101.64,1,1,0.829
129,17,810.42,237.66,80.49,155.05,1,1,0.85588
129,20,394.03,417.92,71.22,109.61,1,1,0.86269
129,23,681.22,305.5,68.5,165.17,1,1,0.87436
129,2,1207.15,351.85,89.51,132.77,1,1,0.89127
129,24,725.38,291.03,58.69,116.89,1,1,0.83781
129,19,758.38,464.12,66.14,141.84,1,1,0.85367
129,25,870.51,238.28,57.87,77.57,1,1,0.78956
129,26,1220.52,217.69,69.46,95.91,1,1,0.77362
130,0,796.98,515.19,78.92,172.8,1,1,0.87837
130,1,1261.05,674.92,104.77,155.73,1,1,0.87844
130,3,598.79,493.14,88.27,136.39,1,1,0.89127
130,4,890.76,261.9,90.54,146.99,1,1,0.88371
130,6,457.17,241.76,90.44,143.59,1,1,0.89401
130,7,1266.81,863.2,102.21,154.3,1,1,0.88362
130,8,756.62,330.5,82.48,145.15,1,1,0.83804
130,9,989.43,491.27,71.59,121.42,1,1,0.87892
130,10,1751.74,642.31,64.67,161.52,1,1,0.86246
130,11,959.08,275.82,65.6,130.34,1,1,0.85334
130,12,1159.01,538.02,74.53,127.43,1,1,0.85361
130,13,1188.42,260.91,66.41,112.09,1,1,0.86223
130,15,856.86,510.61,83.89,131.08,1,1,0.88822
130,17,809.66,235.89,78.51,155.68,1,1,0.85893
130,20,385.02,419.32,72.81,113.49,1,1,0.85772
130,23,674.36,304.38,69.55,163.86,1,1,0.87583
130,2,1218.63,357.23,78.99,130.07,1,1,0.88229
130,24,718.56,289.42,60.1,117.04,1,1,0.84218
130,19,754.03,462.75,67.66,144.62,1,1,0.85905
130,25,867.61,237.44,61.53,111.66,1,1,0.84191
130,26,1225.49,215.09,71.06,100.76,1,1,0.82892
131,0,798.92,511.95,77.34,170.89,1,1,0.88013
131,1,1287.84,676.4,109.96,155.2,1,1,0.8966
131,3,601.93,499.84,83.42,143.53,1,1,0.88231
131,4,895.99,261.27,88.06,143.56,1,1,0.8766
131,6,469.66,235.43,86.96,134.91,1,1,0.89032
131,7,1271.02,868.33,115.55,162.9,1,1,0.89795
131,8,753.69,328.48,80.27,147.46,1,1,0.83496
131,9,979.64,494.65,75.91,118.34,1,1,0.88551
131,10,1761.7,643.57,75.03,161.21,1,1,0.86859
131,11,960.54,270.01,64.39,135.83,1,1,0.85948
131,12,1146.58,544.42,80.81,130.3,1,1,0.87539
131,13,1184.67,256.33,63.35,119.92,1,1,0.87258
131,15,857.49,509.76,81.72,132.51,1,1,0.88766
131,17,804.59,233.58,77.05,160.29,1,1,0.87162
131,20,360.11,423.85,80.46,123.12,1,1,0.86575
131,23,662.87,302.35,69.77,157.85,1,1,0.87677
131,2,1232.16,366.91,71.06,121.98,1,1,0.87554
131,24,709.12,288.01,61.96,118.79,1,1,0.85716
131,19,744.96,461.68,73.25,150.0,1,1,0.87358
131,25,862.73,236.87,67.07,124.03,1,1,0.85939
131,26,1224.02,213.34,74.87,103.36,1,1,0.85563
132,0,800.65,510.5,76.85,170.06,1,1,0.88018
132,1,1297.95,676.82,111.48,154.71,1,1,0.89601
132,3,604.42,501.89,81.54,146.43,1,1,0.88267
132,4,899.39,260.81,87.05,142.25,1,1,0.87653
132,6,475.16,233.02,85.96,131.59,1,1,0.89143
132,7,1273.73,869.9,120.33,166.09,1,1,0.89788
132,8,753.87,327.51,79.53,148.31,1,1,0.83482
132,9,977.3,495.45,77.53,117.34,1,1,0.88528
132,10,1766.53,643.68,78.74,161.17,1,1,0.86797
132,11,962.19,267.49,64.13,138.0,1,1,0.85936
132,12,1143.12,546.44,83.36,131.43,1,1,0.87522
132,13,1184.76,254.31,62.1,122.94,1,1,0.87241
132,15,858.86,509.14,81.01,133.16,1,1,0.88767
132,17,803.8,232.46,76.56,161.97,1,1,0.87113
132,20,352.7,425.1,83.31,126.72,1,1,0.8641
132,23,659.81,301.51,70.12,155.4,1,1,0.87633
132,2,1237.41,370.13,68.63,118.68,1,1,0.87538
132,24,706.95,287.27,62.66,119.27,1,1,0.85709
132,19,742.8,460.99,75.36,152.0,1,1,0.87348
132,25,862.1,236.36,69.19,129.28,1,1,0.85889
132,26,1224.42,212.62,76.08,103.87,1,1,0.85533
132,27,725.34,443.82,52.61,102.57,1,1,0.7749
133,0,799.06,508.49,77.0,166.13,1,1,0.87619
133,1,1309.77,675.72,125.09,149.79,1,1,0.90411
133,3,597.98,511.48,86.81,141.55,1,1,0.89142
133,4,903.42,263.29,82.43,139.19,1,1,0.88431
133,6,492.44,228.7,80.61,134.91,1,1,0.8891
133,7,1281.08,872.91,124.58,169.81,1,1,0.89971
133,8,749.26,327.29,79.45,144.31,1,1,0.82694
133,9,970.8,496.87,76.77,121.37,1,1,0.88211
133,10,1767.09,644.93,84.45,164.42,1,1,0.86382
133,11,963.49,266.68,62.18,139.29,1,1,0.86613
133,12,1133.68,550.65,82.6,134.55,1,1,0.86976
133,13,1172.84,252.54,65.2,127.75,1,1,0.87348
133,15,858.01,511.49,83.04,132.74,1,1,0.88694
133,17,797.78,232.48,77.19,156.29,1,1,0.87727
133,20,340.34,431.07,78.48,126.76,1,1,0.87075
133,23,643.48,304.13,73.82,148.43,1,1,0.87462
133,2,1242.56,375.21,71.31,114.84,1,1,0.87726
133,24,696.82,286.57,63.48,117.8,1,1,0.85621
133,19,730.47,462.17,84.89,148.6,1,1,0.87849
133,25,856.46,236.74,71.17,130.31,1,1,0.87373
133,26,1226.64,214.35,78.71,99.92,1,1,0.86589
133,27,712.72,446.58,54.87,98.3,1,1,0.72192
134,0,800.2,506.94,77.09,164.63,1,1,0.87608
134,1,1315.92,674.35,130.17,147.87,1,1,0.90437
134,3,597.46,514.03,88.76,139.67,1,1,0.8915
134,4,906.75,263.52,80.53,138.02,1,1,0.8838
134,6,500.32,226.43,78.74,136.15,1,1,0.88936
134,7,1285.57,873.13,126.22,171.17,1,1,0.89973
134,8,749.48,326.46,79.55,142.73,1,1,0.82727
134,9,970.43,496.44,76.58,122.98,1,1,0.88177
134,10,1769.06,644.56,86.64,165.63,1,1,0.86365
134,11,965.74,265.85,61.52,139.74,1,1,0.86622
134,12,1132.27,551.3,82.29,135.76,1,1,0.8695
134,13,1170.19,251.08,66.47,129.58,1,1,0.87355
134,15,859.44,511.57,83.76,132.66,1,1,0.88676
134,17,797.47,231.75,77.37,153.99,1,1,0.87704
134,20,338.04,432.47,76.31,126.61,1,1,0.87075
134,23,639.42,304.45,75.22,145.8,1,1,0.8745
134,2,1245.91,376.13,72.3,113.43,1,1,0.87744
134,24,695.0,285.54,63.67,117.05,1,1,0.85595
134,19,727.76,461.83,88.51,147.07,1,1,0.87851
134,25,856.29,236.03,71.8,130.34,1,1,0.87377
134,26,1229.2,214.25,79.66,98.37,1,1,0.86568
134,27,710.19,446.76,55.77,96.81,1,1,0.72315
135,0,799.44,506.96,78.13,162.52,1,1,0.87517
135,1,1328.58,674.45,132.28,148.45,1,1,0.89386
135,3,596.14,518.88,88.85,135.33,1,1,0.88735
135,4,909.21,264.77,77.62,136.02,1,1,0.88406
135,6,502.35,223.93,82.1,137.57,1,1,0.89624
135,7,1299.28,875.43,119.9,169.56,1,1,0.89461
135,8,747.27,326.54,76.93,139.43,1,1,0.81545
135,9,968.79,497.99,74.34,126.57,1,1,0.87858
135,10,1779.67,647.33,76.49,163.12,1,1,0.85276
135,11,966.37,265.65,60.83,140.26,1,1,0.86876
135,12,1128.0,552.51,74.49,135.06,1,1,0.85473
135,13,1160.22,249.63,70.53,131.33,1,1,0.8769
135,15,858.02,513.57,86.67,131.77,1,1,0.88777
135,17,795.04,231.43,77.89,148.63,1,1,0.87935
135,20,331.9,435.34,72.99,124.37,1,1,0.86591
135,23,625.94,304.72,81.91,143.69,1,1,0.87716
135,2,1246.27,379.15,75.38,119.38,1,1,0.8782
135,24,688.96,284.95,64.2,117.01,1,1,0.86191
135,19,721.02,461.69,93.74,144.03,1,1,0.88301
135,25,852.94,235.87,72.18,130.84,1,1,0.87027
135,26,1229.37,215.28,81.38,97.05,1,1,0.86864
135,27,697.02,448.08,62.56,93.87,1,1,0.81037
136,0,799.34,508.94,81.66,155.79,1,1,0.87498
136,1,1364.86,676.75,117.59,154.15,1,1,0.89182
136,3,599.05,525.45,86.33,130.74,1,1,0.88843
136,4,907.81,267.1,79.42,135.25,1,1,0.88278
136,6,507.38,219.33,91.34,136.54,1,1,0.90024
136,7,1318.59,879.12,120.78,162.78,1,1,0.88574
136,8,741.4,325.33,75.92,135.45,1,1,0.8532
136,9,965.82,503.74,72.57,125.39,1,1,0.87293
136,10,1793.85,649.51,72.2,161.19,1,1,0.86511
136,11,970.25,266.69,59.85,139.1,1,1,0.87012
136,12,1112.45,558.65,67.79,130.04,1,1,0.8594
136,13,1150.94,245.22,71.67,136.89,1,1,0.87007
136,15,857.33,517.65,88.84,131.65,1,1,0.88925
136,17,791.59,231.19,78.21,140.06,1,1,0.88336
136,20,318.78,440.78,75.08,122.7,1,1,0.85494
136,23,602.93,304.49,96.17,142.97,1,1,0.89263
136,2,1248.57,387.24,76.0,131.55,1,1,0.8784
136,24,681.16,283.76,63.0,119.47,1,1,0.86468
136,19,711.63,460.26,101.02,144.58,1,1,0.89042
136,25,847.93,236.44,70.06,128.96,1,1,0.86768
136,26,1224.87,217.25,91.77,102.4,1,1,0.88376
136,27,686.39,448.03,63.38,104.01,1,1,0.81451
137,0,801.09,508.82,82.96,153.29,1,1,0.87495
137,1,1380.13,676.55,111.57,156.28,1,1,0.89147
137,3,602.29,526.63,85.25,129.2,1,1,0.88841
137,4,909.11,267.02,80.13,135.03,1,1,0.88264
137,6,511.03,216.76,94.76,136.17,1,1,0.90024
137,7,1327.52,879.39,120.7,160.16,1,1,0.88587
137,8,741.17,324.05,75.52,133.99,1,1,0.85296
137,9,966.72,504.99,71.95,124.87,1,1,0.87303
137,10,1800.38,649.35,70.71,160.42,1,1,0.86523
137,11,973.5,266.12,59.51,138.7,1,1,0.87018
137,12,1108.98,559.86,65.44,128.19,1,1,0.85916
137,13,1149.56,242.58,72.02,139.04,1,1,0.86971
137,15,858.92,518.2,89.7,131.66,1,1,0.8893
137,17,792.23,230.22,78.33,136.81,1,1,0.883
137,20,315.54,441.72,75.94,122.25,1,1,0.85674
137,23,595.92,303.52,101.73,142.84,1,1,0.89248
137,2,1251.06,389.27,76.17,136.12,1,1,0.87794
137,24,680.26,282.3,62.51,120.4,1,1,0.86441
137,19,709.97,458.8,103.86,144.71,1,1,0.89034
137,25,848.02,235.71,69.09,127.92,1,1,0.86731
137,26,1225.13,217.0,95.57,104.4,1,1,0.88398
137,27,684.57,447.18,63.7,107.28,1,1,0.81363
138,0,798.98,511.04,86.6,148.56,1,1,0.88341
138,1,1406.53,677.44,97.4,156.61,1,1,0.88432
138,3,603.44,530.72,84.73,138.59,1,1,0.89394
138,4,905.88,267.25,82.89,135.38,1,1,0.87538
138,6,515.62,214.84,100.02,132.7,1,1,0.90485
138,7,1329.12,879.75,128.31,158.8,1,1,0.88828
138,8,735.29,323.54,75.72,134.71,1,1,0.86166
138,9,965.42,509.26,73.86,121.32,1,1,0.87614
138,10,1799.77,649.22,77.71,158.73,1,1,0.87164
138,11,975.13,267.04,59.72,138.15,1,1,0.87054
138,12,1098.89,562.54,65.99,125.18,1,1,0.85707
138,13,1147.01,239.6,70.98,140.24,1,1,0.86845
138,15,856.86,519.62,90.83,131.99,1,1,0.89386
138,17,789.13,231.1,79.23,134.61,1,1,0.88731
138,20,310.79,443.78,73.3,124.32,1,1,0.83848
138,23,589.0,304.2,103.65,141.45,1,1,0.89352
138,2,1251.16,392.76,74.22,139.38,1,1,0.87479
138,24,675.72,282.72,62.93,120.88,1,1,0.86122
138,19,706.47,458.38,105.61,144.4,1,1,0.89209
138,25,845.81,236.77,68.98,124.99,1,1,0.86468
138,26,1224.39,217.46,99.07,106.48,1,1,0.88899
138,27,680.43,446.4,62.47,108.91,1,1,0.8392
139,0,795.07,516.06,91.74,138.99,1,1,0.89172
139,1,1424.38,678.9,107.14,152.23,1,1,0.8909
139,3,610.21,539.87,79.8,148.29,1,1,0.87982
139,4,899.87,266.62,83.59,136.97,1,1,0.88082
139,6,530.82,213.7,96.26,126.5,1,1,0.90375
139,7,1337.64,879.75,128.69,160.6,1,1,0.88996
139,8,724.25,323.32,76.97,133.26,1,1,0.87626
139,9,961.11,517.28,76.62,126.33,1,1,0.8865
139,10,1804.58,650.44,81.67,155.64,1,1,0.85883
139,11,976.62,270.04,63.35,136.6,1,1,0.86931
139,12,1081.11,568.48,69.13,120.48,1,1,0.86741
139,13,1144.23,235.38,64.07,134.19,1,1,0.86616
139,15,859.91,522.34,91.18,128.37,1,1,0.87708
139,17,782.67,233.78,80.7,132.29,1,1,0.88849
139,20,296.44,450.18,77.67,134.09,1,1,0.86179
139,23,582.76,306.56,101.25,138.04,1,1,0.894
139,2,1249.53,400.99,70.32,135.33,1,1,0.87224
139,24,667.28,286.3,64.49,118.69,1,1,0.86007
139,19,699.06,455.9,108.83,145.4,1,1,0.89771
139,25,841.47,238.11,68.03,111.79,1,1,0.85981
139,26,1233.25,218.12,93.86,109.45,1,1,0.88137
139,27,667.77,445.42,62.76,107.58,1,1,0.8618
140,0,796.1,516.7,93.66,135.58,1,1,0.89187
140,1,1432.81,678.16,110.26,150.47,1,1,0.89109
140,3,615.27,542.03,77.91,151.78,1,1,0.8798
140,4,899.99,265.08,83.9,137.7,1,1,0.88115
140,6,539.24,212.21,94.68,124.15,1,1,0.9042
140,7,1343.2,878.35,128.99,161.5,1,1,0.88965
140,8,722.71,322.03,77.41,132.77,1,1,0.87636
140,9,962.09,518.83,77.67,128.21,1,1,0.88635
140,10,1808.84,649.57,83.18,154.52,1,1,0.85854
140,11,979.57,269.89,64.85,136.06,1,1,0.86951
140,12,1077.26,569.35,70.39,118.67,1,1,0.86781
140,13,1146.0,232.51,61.44,131.75,1,1,0.86619
140,15,863.63,522.04,91.16,127.02,1,1,0.8773
140,17,782.78,233.5,81.37,131.51,1,1,0.88853
140,20,293.38,451.39,79.59,137.95,1,1,0.86455
140,23,583.31,306.24,100.2,136.8,1,1,0.89424
140,2,1251.07,402.68,68.94,133.71,1,1,0.87218
140,24,666.8,286.49,65.08,117.75,1,1,0.86025
140,19,698.87,453.72,110.13,145.75,1,1,0.89748
140,25,842.44,237.3,67.67,106.32,1,1,0.86057
140,26,1239.49,217.05,91.49,110.65,1,1,0.88125
140,27,665.81,443.77,62.79,106.98,1,1,0.86267
141,0,793.04,519.19,97.53,133.14,1,1,0.88954
141,1,1444.76,679.67,121.61,146.54,1,1,0.89192
141,3,617.86,552.65,76.88,143.96,1,1,0.87817
141,4,899.33,263.81,85.48,140.46,1,1,0.88367
141,6,561.19,210.11,83.29,123.46,1,1,0.89035
141,7,1358.95,880.74,118.7,158.47,1,1,0.88158
141,8,708.91,321.03,83.26,133.78,1,1,0.88753
141,9,959.49,526.05,73.33,130.39,1,1,0.87843
141,10,1815.62,651.62,79.75,153.12,1,1,0.85384
141,11,981.71,273.05,72.21,136.71,1,1,0.87916
141,12,1059.07,574.35,75.28,127.01,1,1,0.87475
141,13,1137.0,229.96,59.49,131.95,1,1,0.86934
141,15,869.3,525.16,92.3,124.44,1,1,0.85554
141,17,781.93,235.23,77.32,131.51,1,1,0.88665
141,20,287.71,458.91,75.94,135.23,1,1,0.86514
141,23,581.12,306.35,94.74,136.13,1,1,0.89223
141,2,1248.94,411.12,66.39,125.56,1,1,0.86708
141,24,659.01,289.67,64.35,113.74,1,1,0.84466
141,19,689.1,453.16,114.38,144.69,1,1,0.90316
141,25,838.53,237.03,66.46,106.35,1,1,0.86212
141,26,1250.74,220.98,84.92,109.5,1,1,0.88109
141,27,647.35,443.99,69.47,106.92,1,1,0.85465
142,0,794.27,518.77,98.99,132.3,1,1,0.88988
142,1,1451.33,678.83,125.91,145.05,1,1,0.89198
142,3,621.05,555.07,76.48,140.77,1,1,0.87802
142,4,901.37,261.96,86.06,141.48,1,1,0.88346
142,6,571.37,208.07,78.87,123.32,1,1,0.89057
142,7,1367.06,880.2,114.53,157.22,1,1,0.88167
142,8,706.26,319.31,85.37,134.22,1,1,0.88707
142,9,961.02,527.27,71.61,131.23,1,1,0.87844
142,10,1820.27,650.99,78.37,152.67,1,1,0.85359
142,11,984.87,272.86,74.94,136.95,1,1,0.87869
142,12,1054.73,574.76,77.12,129.92,1,1,0.87494
142,13,1136.02,227.7,58.9,132.02,1,1,0.8692
142,15,873.81,524.89,92.69,123.55,1,1,0.85526
142,17,784.06,234.48,75.72,131.56,1,1,0.8868
142,20,288.41,460.36,74.54,134.04,1,1,0.86536
142,23,583.06,305.05,92.41,135.94,1,1,0.89201
142,2,1250.31,412.7,65.46,122.44,1,1,0.86646
142,24,658.48,289.55,64.11,112.09,1,1,0.84407
142,19,687.85,451.56,115.91,144.23,1,1,0.9031
142,25,839.4,235.61,65.94,106.29,1,1,0.86222
142,26,1257.28,221.05,82.26,109.06,1,1,0.88006
142,27,642.94,442.73,71.88,106.83,1,1,0.85447
143,0,794.95,518.85,97.75,130.3,1,1,0.88956
143,1,1463.26,678.85,123.35,145.37,1,1,0.89212
143,3,621.62,560.56,77.74,134.55,1,1,0.87922
143,4,901.85,260.49,88.29,142.79,1,1,0.88554
143,6,587.66,204.52,68.78,120.56,1,1,0.87436
143,7,1383.83,880.63,103.68,151.12,1,1,0.86875
143,8,699.76,317.48,88.66,135.36,1,1,0.88663
143,9,959.61,530.82,67.94,128.31,1,1,0.87386
143,10,1827.42,651.01,73.47,149.24,1,1,0.85273
143,11,986.66,273.12,75.91,138.55,1,1,0.87834
143,12,1049.64,577.22,72.99,131.44,1,1,0.87244
143,13,1132.21,226.26,58.28,127.77,1,1,0.87069
143,15,881.7,526.73,86.07,119.26,1,1,0.85089
143,17,786.29,234.03,71.84,132.05,1,1,0.88401
143,20,288.56,464.13,71.62,130.2,1,1,0.86199
143,23,584.52,303.87,89.01,135.57,1,1,0.88256
143,2,1249.82,416.98,64.11,124.87,1,1,0.86227
143,24,654.61,289.77,62.13,108.25,1,1,0.84073
143,19,683.48,448.64,113.15,141.51,1,1,0.9057
143,25,839.15,234.97,67.08,106.29,1,1,0.86804
143,26,1255.72,222.62,87.61,108.22,1,1,0.88413
143,27,633.66,442.2,75.95,107.02,1,1,0.8629
144,0,794.7,518.05,97.83,129.3,1,1,0.88876
144,1,1486.85,679.91,109.59,146.31,1,1,0.88405
144,3,623.16,564.57,79.08,131.08,1,1,0.87828
144,4,902.31,259.12,83.14,144.06,1,1,0.88223
144,6,607.48,201.19,58.36,119.65,1,1,0.86265
144,7,1403.45,881.18,94.24,144.55,1,1,0.85809
144,8,695.43,316.5,89.7,135.93,1,1,0.88849
144,9,957.62,534.88,66.11,123.34,1,1,0.87607
144,10,1830.97,650.85,76.05,145.4,1,1,0.86229
144,11,990.91,274.01,73.85,138.62,1,1,0.88188
144,12,1043.16,581.23,73.34,126.88,1,1,0.874
144,13,1126.04,224.87,61.76,122.65,1,1,0.87295
144,15,885.85,529.08,82.53,114.07,1,1,0.85639
144,17,787.67,233.67,69.45,132.72,1,1,0.88349
144,20,289.03,467.57,68.62,126.51,1,1,0.85932
144,23,585.39,301.97,86.78,135.72,1,1,0.87343
144,2,1248.95,420.82,64.02,131.67,1,1,0.87234
144,24,651.44,289.62,59.54,106.91,1,1,0.83611
144,19,679.77,445.89,108.55,139.55,1,1,0.90322
144,25,838.81,234.81,67.88,106.72,1,1,0.87068
144,26,1253.83,223.55,96.28,107.27,1,1,0.88621
144,27,624.91,441.97,80.37,106.69,1,1,0.87455
145,0,797.12,515.87,91.44,131.45,1,1,0.88252
145,1,1528.34,682.82,91.09,143.33,1,1,0.8777
145,3,625.62,571.74,82.83,137.64,1,1,0.88697
145,4,902.23,259.8,72.28,144.85,1,1,0.88829
145,6,622.12,197.06,55.11,112.28,1,1,0.85489
145,7,1410.06,882.14,106.86,151.78,1,1,0.8792
145,8,692.34,315.55,87.53,136.26,1,1,0.88504
145,9,952.43,540.63,65.32,118.55,1,1,0.87261
145,10,1820.88,649.84,94.57,142.27,1,1,0.89691
145,11,996.03,277.16,67.52,135.98,1,1,0.88165
145,12,1032.83,589.2,74.84,119.99,1,1,0.82658
145,13,1111.55,224.64,70.98,118.74,1,1,0.88129
145,15,891.9,531.31,75.98,110.08,1,1,0.85654
145,17,785.0,234.09,70.82,133.02,1,1,0.8808
145,20,284.66,472.65,65.82,132.88,1,1,0.85426
145,23,580.51,300.86,83.93,135.76,1,1,0.88215
145,2,1249.07,428.5,61.35,138.58,1,1,0.87031
145,24,643.57,289.34,57.8,107.0,1,1,0.83859
145,19,668.63,442.96,99.55,135.84,1,1,0.88873
145,25,837.95,235.77,69.85,105.42,1,1,0.86925
145,26,1260.09,226.01,100.55,104.9,1,1,0.88036
145,27,604.49,440.53,89.25,107.8,1,1,0.87665
146,0,800.48,514.0,88.89,132.38,1,1,0.8825
146,1,1544.22,682.89,84.42,142.22,1,1,0.87757
146,3,628.91,573.27,84.25,140.02,1,1,0.8871
146,4,904.55,259.09,68.18,145.15,1,1,0.88841
146,6,628.24,194.69,54.27,109.57,1,1,0.85483
146,7,1414.71,881.48,110.75,154.38,1,1,0.87884
146,8,693.84,314.24,86.73,136.43,1,1,0.88537
146,9,952.98,541.63,65.06,116.8,1,1,0.8727
146,10,1819.9,648.47,101.28,141.2,1,1,0.89659
146,11,1000.34,277.35,65.03,134.94,1,1,0.88169
146,12,1031.64,591.04,75.15,117.46,1,1,0.82715
146,13,1108.57,223.69,74.46,117.31,1,1,0.88146
146,15,896.35,531.12,73.57,108.73,1,1,0.85651
146,17,786.38,233.27,71.33,133.13,1,1,0.88075
146,20,285.68,473.51,64.83,135.15,1,1,0.85435
146,23,581.21,299.5,82.95,135.78,1,1,0.88221
146,2,1251.26,430.3,60.47,141.22,1,1,0.87013
146,24,643.2,288.25,57.17,107.06,1,1,0.83874
146,19,667.06,440.95,96.03,134.42,1,1,0.8887
146,25,840.13,235.17,70.58,104.88,1,1,0.86922
146,26,1265.14,225.96,102.17,103.94,1,1,0.88007
146,27,599.11,439.0,92.79,108.21,1,1,0.87666
147,0,803.82,514.39,83.84,133.95,1,1,0.88241
147,1,1546.14,685.45,95.73,138.64,1,1,0.87827
147,3,634.29,577.22,84.77,142.94,1,1,0.881
147,4,904.45,261.29,63.23,144.49,1,1,0.88633
147,6,634.48,194.92,54.08,109.41,1,1,0.85547
147,7,1419.69,882.59,113.63,156.54,1,1,0.88992
147,8,692.31,314.49,86.0,136.95,1,1,0.88363
147,9,948.78,544.57,65.74,113.55,1,1,0.87063
147,10,1821.53,649.82,100.58,139.33,1,1,0.89385
147,11,1003.79,280.86,62.93,132.93,1,1,0.87885
147,12,1027.62,596.39,83.65,120.48,1,1,0.85491
147,13,1104.74,224.66,73.34,116.59,1,1,0.88199
147,15,897.39,532.94,71.21,106.85,1,1,0.85182
147,17,785.01,234.22,72.42,133.24,1,1,0.87969
147,20,283.35,477.74,64.23,135.37,1,1,0.84282
147,23,578.06,299.19,82.99,137.67,1,1,0.88171
147,2,1252.04,436.22,59.16,140.04,1,1,0.86925
147,24,639.15,289.8,57.44,105.54,1,1,0.83999
147,19,660.43,440.61,90.42,131.84,1,1,0.88364
147,25,840.03,236.63,72.12,104.16,1,1,0.87226
147,26,1277.91,228.12,94.21,103.75,1,1,0.8569
147,27,591.36,439.13,93.26,107.5,1,1,0.87547
148,0,808.98,516.87,79.15,136.28,1,1,0.88503
148,1,1550.78,690.52,124.81,129.6,1,1,0.89158
148,3,649.25,587.31,75.6,139.46,1,1,0.87001
148,4,905.33,267.19,56.21,141.42,1,1,0.8744
148,6,645.94,196.91,54.5,113.9,1,1,0.86879
148,7,1440.47,884.79,102.06,157.28,1,1,0.87635
148,8,689.29,314.1,84.15,138.6,1,1,0.88959
148,9,935.51,546.5,71.29,128.43,1,1,0.86042
148,10,1833.32,654.66,87.28,133.75,1,1,0.87691
148,11,1008.63,289.16,59.94,125.99,1,1,0.87621
148,12,1018.51,604.12,71.72,126.67,1,1,0.84684
148,13,1098.36,228.18,65.73,115.18,1,1,0.87974
148,15,893.51,537.88,71.27,96.85,1,1,0.83465
148,17,780.67,235.39,78.34,132.33,1,1,0.88597
148,20,274.45,486.51,65.69,137.63,1,1,0.85704
148,23,570.3,302.41,82.89,137.98,1,1,0.88744
148,2,1251.05,447.23,61.36,132.71,1,1,0.86648
148,24,630.57,290.28,59.84,109.81,1,1,0.84475
148,19,648.54,440.66,80.4,127.86,1,1,0.86928
148,25,841.35,239.53,72.16,103.4,1,1,0.87032
148,26,1298.43,233.52,81.87,101.48,1,1,0.86576
148,27,581.45,438.59,88.79,108.36,1,1,0.8789
149,0,812.92,515.84,77.6,137.29,1,1,0.88542
149,1,1555.29,690.49,135.55,126.09,1,1,0.89081
149,3,657.54,588.91,71.94,138.05,1,1,0.86911
149,4,907.75,267.49,53.9,139.86,1,1,0.87391
149,6,651.61,195.66,54.75,115.48,1,1,0.86876
149,7,1450.34,883.54,97.77,157.63,1,1,0.87812
149,8,690.7,311.97,83.57,139.22,1,1,0.89003
149,9,933.21,545.05,73.28,133.8,1,1,0.86104
149,10,1840.68,654.53,81.43,131.7,1,1,0.87808
149,11,1012.89,290.31,58.92,123.51,1,1,0.87542
149,12,1017.8,604.95,66.71,128.85,1,1,0.84404
149,13,1098.68,227.62,62.7,114.72,1,1,0.87889
149,15,894.49,537.63,71.34,93.39,1,1,0.83367
149,17,781.61,233.69,80.69,132.21,1,1,0.88611
149,20,273.62,487.67,66.6,138.7,1,1,0.85658
149,23,569.88,301.61,82.99,138.15,1,1,0.88742
149,2,1252.92,449.07,62.29,129.84,1,1,0.86553
149,24,630.02,288.49,60.66,111.36,1,1,0.84423
149,19,647.01,438.79,76.74,126.33,1,1,0.86929
149,25,844.38,238.71,72.13,102.97,1,1,0.86986
149,26,1307.98,233.55,76.77,100.56,1,1,0.86604
149,27,580.44,436.4,87.06,108.66,1,1,0.87896
150,0,812.19,518.25,76.86,137.81,1,1,0.8853
150,1,1563.86,693.48,138.83,123.79,1,1,0.88277
150,3,660.0,594.73,69.67,133.47,1,1,0.86484
150,4,901.12,271.57,55.94,137.43,1,1,0.87313
150,6,658.02,196.83,51.94,116.83,1,1,0.86709
150,7,1467.23,884.76,89.01,155.89,1,1,0.87383
150,8,688.44,312.64,81.14,139.35,1,1,0.89035
150,9,927.5,548.93,77.05,136.57,1,1,0.86477
150,10,1851.77,657.43,69.36,129.7,1,1,0.85904
150,11,1015.4,295.17,57.94,120.35,1,1,0.86479
150,12,1013.18,608.97,62.69,128.3,1,1,0.86011
150,13,1095.25,229.08,61.1,115.29,1,1,0.87508
150,15,891.24,540.22,72.77,92.09,1,1,0.83485
150,17,778.93,234.97,81.77,130.58,1,1,0.88093
150,20,271.16,493.81,67.16,134.2,1,1,0.85857
150,23,566.08,304.64,82.7,136.42,1,1,0.88828
150,2,1250.1,453.24,64.49,126.38,1,1,0.86718
150,24,625.88,288.4,58.57,113.15,1,1,0.84869
150,19,640.87,440.49,76.53,124.27,1,1,0.86963
150,25,844.31,240.63,69.72,103.05,1,1,0.86677
150,26,1307.4,237.02,80.68,98.71,1,1,0.87331
150,27,572.72,436.76,87.45,108.11,1,1,0.88107
151,0,802.93,522.31,77.42,138.71,1,1,0.8814
151,1,1594.49,699.39,101.7,117.54,1,1,0.86101
151,3,653.7,603.36,64.31,128.48,1,1,0.85584
151,4,886.64,278.55,57.09,132.73,1,1,0.86094
151,6,660.42,196.83,49.84,119.8,1,1,0.86316
151,7,1473.17,886.16,88.05,149.83,1,1,0.86586
151,8,675.34,315.11,75.78,138.49,1,1,0.88503
151,9,913.29,562.83,80.25,127.45,1,1,0.86933
151,10,1845.89,658.91,71.42,130.13,1,1,0.87225
151,11,1009.83,304.83,63.85,113.79,1,1,0.87531
151,12,997.61,616.09,55.6,122.03,1,1,0.85247
151,13,1080.28,231.25,60.44,114.85,1,1,0.87086
151,15,887.39,543.12,73.85,96.31,1,1,0.79987
151,17,767.69,235.67,81.23,129.09,1,1,0.87803
151,20,257.79,503.84,68.5,130.97,1,1,0.84913
151,23,555.84,308.31,79.9,134.9,1,1,0.87787
151,2,1237.63,462.31,67.46,125.77,1,1,0.8635
151,24,611.14,291.39,57.09,113.57,1,1,0.83834
151,19,623.02,443.14,81.13,121.39,1,1,0.88337
151,25,835.9,245.53,67.33,103.21,1,1,0.85368
151,26,1298.28,242.45,87.14,104.27,1,1,0.87644
151,27,550.65,437.35,85.86,108.98,1,1,0.87166
152,0,805.0,521.88,77.64,139.03,1,1,0.8815
152,1,1612.22,699.58,84.5,115.36,1,1,0.86081
152,3,656.58,604.45,62.48,126.64,1,1,0.85603
152,4,886.87,279.19,57.54,130.99,1,1,0.8609
152,6,666.15,194.92,49.13,120.89,1,1,0.86324
152,7,1480.04,884.67,87.86,147.55,1,1,0.86618
152,8,676.16,314.13,73.75,138.14,1,1,0.88511
152,9,913.74,566.18,81.48,123.71,1,1,0.86929
152,10,1849.06,657.53,71.97,130.28,1,1,0.87179
152,11,1013.3,306.41,65.95,111.43,1,1,0.87533
152,12,997.76,616.66,53.11,119.6,1,1,0.85219
152,13,1080.49,230.15,60.19,114.7,1,1,0.87097
152,15,891.52,542.29,74.3,97.8,1,1,0.80016
152,17,769.2,233.99,80.97,128.54,1,1,0.87803
152,20,258.66,505.45,69.02,129.81,1,1,0.84908
152,23,557.83,307.74,78.87,134.36,1,1,0.87787
152,2,1238.51,463.54,68.61,125.57,1,1,0.86346
152,24,611.43,290.54,56.48,113.71,1,1,0.83851
152,19,622.09,442.24,82.85,120.42,1,1,0.88383
152,25,838.39,245.37,66.39,103.36,1,1,0.85357
152,26,1300.45,242.41,89.62,106.38,1,1,0.87621
152,27,548.32,435.64,85.1,109.3,1,1,0.87196
153,0,799.52,523.17,79.26,139.42,1,1,0.8808
153,1,1625.59,701.29,71.56,112.06,1,1,0.85785
153,3,649.19,608.05,62.45,132.35,1,1,0.85184
153,4,877.79,281.14,58.95,130.52,1,1,0.85831
153,6,664.54,194.2,51.9,121.18,1,1,0.86534
153,7,1472.34,883.6,97.71,147.21,1,1,0.87598
153,8,667.93,315.12,72.86,138.58,1,1,0.8863
153,9,904.67,570.36,82.84,118.47,1,1,0.85372
153,10,1842.25,656.74,76.25,133.26,1,1,0.8686
153,11,1008.96,309.82,68.87,108.94,1,1,0.87489
153,12,986.47,620.18,51.92,114.77,1,1,0.84056
153,13,1074.0,230.52,58.24,114.14,1,1,0.86561
153,15,888.35,543.64,87.84,93.27,1,1,0.79771
153,17,762.47,234.01,81.27,128.56,1,1,0.87779
153,20,249.95,509.39,70.48,134.33,1,1,0.84601
153,23,552.4,308.15,75.43,134.41,1,1,0.87726
153,2,1230.6,467.31,69.68,128.73,1,1,0.86193
153,24,603.23,291.66,55.86,113.47,1,1,0.84865
153,19,609.62,443.08,87.94,119.07,1,1,0.89
153,25,831.15,247.54,65.94,102.64,1,1,0.8492
153,26,1298.9,243.74,87.87,108.82,1,1,0.86881
153,27,534.95,436.41,81.91,109.57,1,1,0.86691
154,0,784.45,526.43,81.83,137.6,1,1,0.87481
154,1,1620.46,706.6,78.77,112.0,1,1,0.86821
154,3,634.6,615.22,67.58,140.72,1,1,0.85611
154,4,857.01,286.33,60.3,128.67,1,1,0.85214
154,6,656.19,194.9,60.95,117.38,1,1,0.86281
154,7,1462.29,885.97,113.51,148.05,1,1,0.87623
154,8,647.58,318.36,73.81,137.88,1,1,0.88553
154,9,880.24,575.81,81.4,123.29,1,1,0.86168
154,10,1836.39,658.43,74.01,132.76,1,1,0.84776
154,11,996.34,314.96,73.09,110.02,1,1,0.87757
154,12,959.77,625.77,52.7,122.74,1,1,0.84375
154,13,1058.08,231.21,53.03,114.05,1,1,0.84953
154,15,876.44,548.26,76.76,97.06,1,1,0.76063
154,17,745.96,235.74,83.87,128.38,1,1,0.87765
154,20,231.37,517.88,70.55,138.95,1,1,0.84873
154,23,536.7,307.59,72.26,136.46,1,1,0.87078
154,2,1212.38,475.96,67.59,136.05,1,1,0.86594
154,24,583.4,294.35,55.47,113.72,1,1,0.84151
154,19,583.41,445.41,95.3,117.35,1,1,0.89165
154,25,820.31,252.41,63.82,101.57,1,1,0.8493
154,26,1304.15,248.47,73.04,107.02,1,1,0.83026
154,27,503.6,437.53,76.8,111.43,1,1,0.84782
155,0,786.89,525.8,82.83,136.91,1,1,0.87472
155,1,1625.87,706.71,80.91,112.08,1,1,0.8682
155,3,637.15,615.94,69.39,143.94,1,1,0.85585
155,4,857.33,286.41,60.84,128.08,1,1,0.85204
155,6,661.18,193.41,64.31,115.89,1,1,0.86277
155,7,1466.75,885.03,119.62,148.33,1,1,0.87679
155,8,648.13,317.77,74.18,137.61,1,1,0.88564
155,9,879.26,575.9,80.79,125.07,1,1,0.86122
155,10,1842.11,657.23,73.27,132.57,1,1,0.84836
155,11,999.74,314.96,74.66,110.47,1,1,0.87738
155,12,958.23,625.96,52.97,125.55,1,1,0.8439
155,13,1060.31,229.7,51.14,114.05,1,1,0.84964
155,15,880.24,548.12,71.6,98.39,1,1,0.75704
155,17,747.9,234.59,84.88,128.32,1,1,0.87752
155,20,232.73,519.15,70.46,140.72,1,1,0.84845
155,23,538.96,305.43,71.11,137.34,1,1,0.87101
155,2,1213.61,477.25,66.76,138.82,1,1,0.86584
155,24,584.21,293.5,55.34,113.61,1,1,0.84106
155,19,581.81,444.51,98.15,116.77,1,1,0.89162
155,25,824.33,252.42,63.01,101.13,1,1,0.84908
155,26,1313.9,248.45,67.21,106.19,1,1,0.83097
155,27,500.41,436.15,74.8,112.06,1,1,0.84699
156,0,778.14,526.13,80.78,135.93,1,1,0.87439
156,1,1619.56,709.42,98.88,111.87,1,1,0.88569
156,3,629.24,619.94,72.25,144.94,1,1,0.86085
156,4,848.19,288.12,59.31,126.52,1,1,0.84308
156,6,655.69,193.85,65.0,113.61,1,1,0.86103
156,7,1469.17,884.65,114.0,150.18,1,1,0.87039
156,8,638.75,319.32,74.12,136.39,1,1,0.88437
156,9,866.66,578.86,79.16,131.41,1,1,0.86466
156,10,1842.92,658.46,67.24,130.86,1,1,0.83451
156,11,990.69,315.7,73.01,112.81,1,1,0.87404
156,12,943.57,628.43,53.13,130.59,1,1,0.83863
156,13,1050.85,229.81,51.26,112.38,1,1,0.85781
156,15,873.13,550.93,69.97,110.57,1,1,0.8288
156,17,739.31,235.66,85.52,127.79,1,1,0.87775
156,20,222.95,523.95,71.22,140.97,1,1,0.85473
156,23,530.96,305.19,69.04,138.33,1,1,0.87428
156,2,1202.8,481.67,64.77,139.88,1,1,0.86541
156,24,575.2,293.43,54.6,113.7,1,1,0.84762
156,19,570.05,444.27,97.9,116.01,1,1,0.88979
156,25,815.6,255.47,65.43,99.19,1,1,0.84325
156,26,1309.18,250.83,69.52,105.61,1,1,0.84839
156,27,483.69,435.95,79.89,111.47,1,1,0.86278
157,0,769.84,524.99,77.61,133.7,1,1,0.87202
157,1,1616.5,710.69,111.86,112.23,1,1,0.88963
157,3,621.06,623.52,74.76,140.01,1,1,0.86259
157,4,839.04,286.95,59.26,126.44,1,1,0.84265
157,6,653.22,193.31,62.41,111.46,1,1,0.86044
157,7,1474.31,883.56,103.74,147.51,1,1,0.87512
157,8,629.81,319.03,74.93,135.3,1,1,0.88219
157,9,854.36,578.85,77.52,137.14,1,1,0.85355
157,10,1837.56,658.48,72.31,127.81,1,1,0.85371
157,11,980.16,315.37,71.1,112.84,1,1,0.87504
157,12,929.28,629.55,55.02,133.65,1,1,0.84558
157,13,1040.88,228.55,52.88,108.18,1,1,0.8553
157,15,865.93,551.59,67.44,116.58,1,1,0.82077
157,17,731.79,235.58,84.66,126.74,1,1,0.86892
157,20,215.69,527.54,71.05,137.39,1,1,0.8588
157,23,522.74,303.28,68.66,139.21,1,1,0.87652
157,2,1193.26,485.7,63.26,135.69,1,1,0.86125
157,24,568.03,291.51,53.5,114.92,1,1,0.84773
157,19,557.98,443.07,96.68,113.92,1,1,0.88505
157,25,807.53,257.45,66.47,96.29,1,1,0.81834
157,26,1300.61,251.61,75.99,103.11,1,1,0.86393
157,27,468.3,433.52,86.04,111.65,1,1,0.87512
158,0,753.15,525.01,73.49,131.09,1,1,0.86768
158,1,1622.42,712.72,96.77,111.41,1,1,0.8671
158,3,604.41,631.6,76.1,129.24,1,1,0.86953
158,4,819.27,290.06,59.44,124.34,1,1,0.8323
158,6,647.79,194.86,53.97,110.89,1,1,0.85027
158,7,1480.38,884.21,78.25,147.77,1,1,0.86415
158,8,611.27,321.73,73.61,134.13,1,1,0.88447
158,9,828.12,590.53,79.84,126.7,1,1,0.87585
158,10,1807.83,659.54,94.94,122.59,1,1,0.87582
158,11,963.91,320.99,63.79,108.31,1,1,0.86855
158,12,904.1,636.92,63.26,125.0,1,1,0.83795
158,13,1014.31,231.55,61.69,98.13,1,1,0.8604
158,15,845.99,556.85,67.9,112.41,1,1,0.86413
158,17,716.95,239.54,78.11,124.64,1,1,0.84457
158,20,203.89,536.0,67.31,128.43,1,1,0.86025
158,23,502.51,305.13,67.96,138.14,1,1,0.87727
158,2,1171.22,494.68,60.08,126.05,1,1,0.85353
158,24,548.99,292.63,53.99,115.1,1,1,0.84173
158,19,533.92,445.04,89.5,110.32,1,1,0.87733
158,25,790.01,261.67,79.41,94.48,1,1,0.83777
158,26,1287.35,255.6,84.59,98.33,1,1,0.85396
158,27,441.14,434.66,86.31,110.62,1,1,0.87133
159,0,755.53,523.35,71.85,130.18,1,1,0.86803
159,1,1633.55,711.78,89.93,111.21,1,1,0.86709
159,3,606.88,632.76,76.59,125.14,1,1,0.86968
159,4,820.64,289.54,59.48,123.62,1,1,0.83224
159,6,654.02,193.87,50.67,110.67,1,1,0.85059
159,7,1490.22,882.73,68.52,147.91,1,1,0.86341
159,8,613.16,321.1,73.12,133.69,1,1,0.88457
159,9,827.14,593.3,80.68,122.36,1,1,0.87597
159,10,1805.92,658.26,103.2,120.76,1,1,0.87544
159,11,966.36,321.36,60.95,106.64,1,1,0.86824
159,12,903.47,637.93,66.22,121.5,1,1,0.83745
159,13,1013.21,231.12,64.9,94.48,1,1,0.86067
159,15,847.23,557.17,68.04,110.61,1,1,0.86467
159,17,720.16,239.42,75.28,123.85,1,1,0.84388
159,20,208.43,537.33,65.79,124.99,1,1,0.86029
159,23,503.68,304.21,67.74,137.71,1,1,0.87732
159,2,1171.46,496.22,58.96,122.33,1,1,0.85395
159,24,550.68,291.46,54.15,115.09,1,1,0.84174
159,19,533.9,444.17,86.64,109.05,1,1,0.87744
159,25,792.3,261.55,84.12,93.82,1,1,0.83791
159,26,1291.2,255.4,87.98,96.54,1,1,0.85447
159,27,439.97,433.46,86.39,110.18,1,1,0.87183
160,0,746.12,522.35,69.76,128.68,1,1,0.8642
160,1,1637.54,710.33,71.97,109.27,1,1,0.85895
160,3,601.48,635.04,74.58,124.79,1,1,0.8707
160,4,802.91,291.72,64.78,121.08,1,1,0.78343
160,6,650.82,193.69,48.07,111.44,1,1,0.8534
160,7,1486.67,879.31,64.94,152.24,1,1,0.86909
160,8,603.6,321.5,73.24,132.56,1,1,0.88452
160,9,813.17,596.86,83.65,116.68,1,1,0.87327
160,10,1790.75,657.15,112.29,120.16,1,1,0.86599
160,11,957.94,324.45,58.58,103.43,1,1,0.86412
160,12,892.39,641.15,73.96,116.88,1,1,0.84323
160,13,999.57,233.96,69.94,90.32,1,1,0.86381
160,15,838.5,559.15,69.53,108.19,1,1,0.85878
160,17,713.63,240.72,76.78,123.22,1,1,0.84573
160,20,204.05,539.51,64.41,124.38,1,1,0.85604
160,23,494.4,304.79,69.02,136.89,1,1,0.8808
160,2,1160.42,499.57,56.56,116.83,1,1,0.84819
160,24,543.1,291.78,53.32,115.54,1,1,0.84283
160,19,522.64,444.02,82.22,108.69,1,1,0.88175
160,25,781.93,265.28,90.84,92.52,1,1,0.70687
160,26,1289.91,257.79,85.58,97.6,1,1,0.85175
160,27,427.59,434.3,77.76,108.04,1,1,0.84147
161,0,728.82,521.19,67.53,123.66,1,1,0.84912
161,1,1628.57,710.03,67.04,102.45,1,1,0.8499
161,3,587.75,641.05,67.15,133.61,1,1,0.85325
161,4,781.4,295.81,64.81,119.77,1,1,0.8278
161,6,642.77,196.26,46.99,110.91,1,1,0.84296
161,7,1465.88,875.1,81.19,153.97,1,1,0.87573
161,8,589.41,325.37,71.66,131.17,1,1,0.87718
161,9,780.65,602.4,94.24,115.79,1,1,0.8608
161,10,1774.14,656.65,98.37,114.75,1,1,0.8384
161,11,939.76,332.22,57.66,98.06,1,1,0.85991
161,12,869.56,648.74,77.85,120.81,1,1,0.83725
161,13,977.35,242.1,69.57,85.25,1,1,0.84811
161,15,820.98,564.24,74.21,103.21,1,1,0.85333
161,17,702.08,245.41,77.88,121.56,1,1,0.86095
161,20,198.26,544.25,64.3,131.35,1,1,0.84974
161,23,474.33,310.65,71.37,133.61,1,1,0.88443
161,2,1137.15,506.77,54.23,123.55,1,1,0.8393
161,24,525.4,295.08,54.88,113.58,1,1,0.84251
161,19,500.71,444.97,69.87,108.94,1,1,0.85364
161,26,1291.93,265.46,72.04,91.94,1,1,0.79893
161,27,406.08,438.71,66.16,104.02,1,1,0.84341
162,0,730.98,518.13,66.8,121.85,1,1,0.84914
162,1,1633.0,707.22,65.44,100.09,1,1,0.85046
162,3,591.16,640.57,64.32,136.81,1,1,0.8532
162,4,782.3,294.65,64.83,119.38,1,1,0.82799
162,6,647.9,194.6,46.65,110.73,1,1,0.84304
162,7,1467.48,870.77,86.14,154.65,1,1,0.87555
162,8,592.92,324.17,71.07,130.65,1,1,0.87695
162,9,777.4,601.72,98.18,115.52,1,1,0.86075
162,10,1776.95,653.85,91.89,112.8,1,1,0.83839
162,11,941.53,332.37,57.38,96.11,1,1,0.86003
162,12,870.26,648.83,79.35,122.25,1,1,0.83728
162,13,977.92,242.52,69.34,83.56,1,1,0.84784
162,15,823.2,563.42,75.94,101.37,1,1,0.85343
162,17,706.52,244.5,78.26,121.03,1,1,0.8605
162,20,204.75,543.29,64.24,133.9,1,1,0.84948
162,23,475.59,310.26,72.32,132.34,1,1,0.88439
162,2,1137.21,506.73,53.44,125.93,1,1,0.83931
162,24,527.57,293.68,55.48,112.81,1,1,0.84271
162,19,501.52,442.71,65.34,109.1,1,1,0.85351
162,26,1301.33,265.65,66.54,89.75,1,1,0.79862
162,27,407.18,437.73,61.95,102.56,1,1,0.84328
163,0,723.59,517.67,65.34,116.08,1,1,0.85327
163,1,1618.56,705.82,78.17,100.36,1,1,0.85993
163,3,586.09,643.03,62.67,137.87,1,1,0.85351
163,4,777.45,295.53,62.27,119.81,1,1,0.84369
163,6,645.96,196.77,47.52,109.17,1,1,0.85164
163,7,1458.43,868.24,88.64,154.98,1,1,0.88157
163,8,586.73,326.15,70.0,129.03,1,1,0.87461
163,9,762.09,604.64,99.74,116.89,1,1,0.86658
163,10,1777.79,655.24,78.42,106.78,1,1,0.81629
163,11,934.04,334.97,57.33,94.99,1,1,0.85718
163,12,859.65,645.92,77.2,128.98,1,1,0.84784
163,13,965.53,245.49,70.77,82.19,1,1,0.85488
163,15,814.49,564.49,76.35,99.36,1,1,0.85061
163,17,702.06,246.28,74.61,119.9,1,1,0.86368
163,20,205.82,546.27,62.06,134.79,1,1,0.85036
163,23,467.38,314.41,73.25,130.56,1,1,0.88246
163,2,1126.3,510.34,52.71,129.87,1,1,0.84248
163,24,519.56,296.72,57.66,110.14,1,1,0.84042
163,19,493.18,442.57,61.7,108.46,1,1,0.85921
163,26,1296.93,270.26,63.62,86.59,1,1,0.81912
163,27,396.93,440.24,57.72,104.37,1,1,0.841
164,0,717.98,514.25,64.34,111.68,1,1,0.85685
164,1,1607.29,702.66,92.31,106.27,1,1,0.8792
164,3,585.09,643.45,59.52,137.53,1,1,0.84876
164,4,776.36,295.31,58.22,118.81,1,1,0.84987
164,6,645.77,197.06,47.67,106.17,1,1,0.84855
164,7,1454.97,863.29,81.03,151.62,1,1,0.87295
164,8,582.4,325.67,68.07,126.08,1,1,0.87055
164,9,750.1,604.34,87.33,119.39,1,1,0.85807
164,10,1780.58,652.76,63.21,102.15,1,1,0.80725
164,11,928.28,334.34,58.14,94.9,1,1,0.84817
164,12,847.47,647.03,71.45,128.8,1,1,0.84416
164,13,955.33,245.89,71.78,81.81,1,1,0.8675
164,15,807.56,562.62,75.99,104.26,1,1,0.85787
164,17,699.87,245.63,70.48,119.21,1,1,0.86884
164,20,209.0,546.98,59.67,135.19,1,1,0.85461
164,23,462.13,315.67,73.99,128.54,1,1,0.88245
164,2,1118.26,512.45,51.68,127.05,1,1,0.84098
164,24,515.13,297.64,57.43,106.97,1,1,0.84254
164,19,488.09,439.15,59.1,108.3,1,1,0.85533
164,26,1289.8,272.4,67.81,86.44,1,1,0.8358
164,27,388.94,439.21,59.24,104.2,1,1,0.84994
164,25,793.05,274.55,50.62,57.23,1,1,0.64487
165,0,713.45,509.18,64.07,110.72,1,1,0.84961
165,1,1601.7,695.74,96.64,111.07,1,1,0.87258
165,3,584.33,640.82,55.42,133.02,1,1,0.84599
165,4,772.92,292.49,56.91,118.23,1,1,0.84611
165,6,645.57,194.45,47.07,102.16,1,1,0.84732
165,7,1451.68,854.0,75.56,147.16,1,1,0.86613
165,8,577.93,321.73,67.53,125.0,1,1,0.86445
165,9,739.21,599.98,80.97,119.62,1,1,0.85927
165,10,1775.74,645.59,56.53,101.76,1,1,0.79756
165,11,922.57,331.56,57.25,98.37,1,1,0.85261
165,12,836.71,644.17,64.0,126.7,1,1,0.85136
165,13,947.83,242.94,72.19,80.06,1,1,0.85923
165,15,801.39,557.7,74.75,100.99,1,1,0.84133
165,17,696.87,242.15,65.92,118.61,1,1,0.86266
165,20,212.47,544.96,59.19,131.99,1,1,0.85413
165,23,458.23,314.1,73.77,125.57,1,1,0.88518
165,2,1108.67,511.48,52.88,121.62,1,1,0.84235
165,24,512.1,295.4,59.07,104.1,1,1,0.84581
165,19,479.81,433.32,60.98,108.12,1,1,0.84572
165,26,1289.8,270.6,65.89,86.21,1,1,0.8256
165,27,380.9,435.15,62.31,105.22,1,1,0.8532
165,25,791.87,271.66,46.46,55.12,1,1,0.69327
166,0,704.09,503.8,63.7,111.18,1,1,0.84757
166,1,1598.99,687.85,81.84,109.53,1,1,0.86748
166,3,579.99,637.25,52.85,123.31,1,1,0.84392
166,4,761.94,291.73,55.56,116.13,1,1,0.8535
166,6,642.71,191.26,46.36,98.67,1,1,0.84164
166,7,1439.62,842.07,74.56,138.71,1,1,0.8629
166,8,569.76,318.04,64.2,122.0,1,1,0.86633
166,9,717.11,595.65,81.4,112.95,1,1,0.8721
166,10,1756.52,636.66,58.71,102.99,1,1,0.83584
166,11,913.06,328.5,59.97,100.55,1,1,0.86163
166,12,819.38,640.7,59.38,116.39,1,1,0.84584
166,13,933.62,238.25,71.69,78.57,1,1,0.86225
166,15,788.56,553.49,68.05,101.14,1,1,0.84774
166,17,686.79,238.61,63.85,117.03,1,1,0.87167
166,20,215.54,542.93,56.58,124.24,1,1,0.84683
166,23,451.03,312.68,73.0,120.33,1,1,0.88735
166,2,1090.14,510.74,55.46,115.35,1,1,0.85323
166,24,504.23,296.49,60.31,100.41,1,1,0.85328
166,19,462.49,426.09,64.84,108.91,1,1,0.86212
166,26,1286.52,269.42,64.06,85.3,1,1,0.81565
166,27,361.15,431.39,66.47,106.25,1,1,0.86353
166,25,782.42,268.63,47.05,63.72,1,1,0.67012
167,0,702.0,504.11,64.23,108.36,1,1,0.8405
167,1,1597.59,685.86,74.8,105.83,1,1,0.86776
167,3,580.34,637.28,52.72,121.82,1,1,0.84668
167,4,759.09,295.34,54.47,113.05,1,1,0.85528
167,6,644.64,192.54,47.59,97.32,1,1,0.84467
167,7,1432.8,836.91,80.04,132.84,1,1,0.86636
167,8,568.52,318.46,61.14,120.07,1,1,0.86862
167,9,705.75,595.94,83.85,105.14,1,1,0.87053
167,10,1751.88,633.85,57.67,102.9,1,1,0.81526
167,11,912.53,330.62,61.45,100.68,1,1,0.86441
167,12,812.22,641.51,59.12,111.42,1,1,0.84408
167,13,930.9,238.75,67.62,76.91,1,1,0.86226
167,15,783.71,553.74,62.29,99.9,1,1,0.8587
167,17,684.0,239.68,62.72,115.35,1,1,0.87164
167,20,222.05,543.49,54.64,124.2,1,1,0.84468
167,23,451.57,314.02,72.5,118.1,1,1,0.8886
167,2,1082.24,513.21,56.45,106.06,1,1,0.85733
167,24,503.3,301.55,61.24,95.81,1,1,0.86229
167,19,456.59,424.95,66.65,109.7,1,1,0.86285
167,26,1295.78,272.08,55.63,83.71,1,1,0.82237
167,27,355.22,432.44,68.45,104.7,1,1,0.86678
167,25,781.48,270.43,46.61,67.04,1,1,0.70158
168,0,704.0,503.65,64.45,107.47,1,1,0.84273
168,1,1599.56,684.47,72.39,104.47,1,1,0.86857
168,3,582.97,636.6,52.72,121.42,1,1,0.84871
168,4,760.78,295.92,54.18,112.07,1,1,0.85699
168,6,647.87,192.3,48.08,97.02,1,1,0.84607
168,7,1433.15,834.52,82.02,130.78,1,1,0.86735
168,8,570.78,317.85,59.99,119.57,1,1,0.86979
168,9,704.5,595.24,84.84,102.48,1,1,0.87356
168,10,1752.66,632.18,57.56,102.96,1,1,0.8169
168,11,914.92,330.66,62.19,100.76,1,1,0.866
168,12,812.5,641.05,59.11,109.74,1,1,0.84703
168,13,933.08,238.22,65.73,76.44,1,1,0.86307
168,15,784.57,553.13,60.32,99.44,1,1,0.86016
168,17,685.56,239.42,62.42,114.73,1,1,0.87222
168,20,226.89,542.99,54.27,124.75,1,1,0.84584
168,23,454.58,313.87,72.08,117.21,1,1,0.88924
168,2,1082.23,513.27,56.86,102.7,1,1,0.8582
168,24,505.82,302.68,61.47,94.16,1,1,0.8624
168,19,457.2,423.78,67.3,110.06,1,1,0.86399
168,26,1301.46,272.31,52.57,83.19,1,1,0.82359
168,27,356.07,432.22,69.33,104.03,1,1,0.8682
168,25,783.54,270.37,46.56,68.19,1,1,0.70436
169,0,700.6,504.18,65.92,113.46,1,1,0.86266
169,1,1596.15,683.36,69.55,101.27,1,1,0.85675
169,3,581.53,637.19,52.12,124.48,1,1,0.83793
169,4,757.88,298.6,53.67,110.65,1,1,0.85367
169,6,647.46,193.23,48.63,96.51,1,1,0.85035
169,7,1429.39,832.08,81.44,130.3,1,1,0.87447
169,8,569.07,318.87,59.05,118.66,1,1,0.87025
169,9,696.58,596.87,85.99,104.75,1,1,0.87496
169,10,1748.28,631.56,53.17,100.66,1,1,0.78838
169,11,913.66,332.74,61.99,99.7,1,1,0.8565
169,12,804.45,641.57,61.11,112.53,1,1,0.8528
169,13,934.45,239.53,60.72,74.91,1,1,0.84761
169,15,780.2,553.78,59.43,97.71,1,1,0.85306
169,17,682.98,240.35,61.8,114.27,1,1,0.87474
169,20,228.6,543.28,53.97,125.84,1,1,0.8463
169,23,454.86,315.36,71.65,115.24,1,1,0.88829
169,2,1076.88,515.29,56.89,104.31,1,1,0.85604
169,24,503.89,306.4,62.29,90.75,1,1,0.86877
169,19,452.14,424.24,67.54,109.11,1,1,0.86095
169,26,1305.1,275.31,47.26,80.72,1,1,0.82421
169,27,355.99,434.23,61.78,100.52,1,1,0.84317
169,25,781.48,271.85,47.17,86.42,1,1,0.81066
170,0,700.9,504.13,64.09,115.23,1,1,0.86382
170,1,1593.76,680.22,68.39,106.91,1,1,0.86377
170,3,582.71,638.22,51.44,126.8,1,1,0.84228
170,4,757.02,302.72,51.47,106.29,1,1,0.85932
170,6,651.57,194.71,46.83,92.22,1,1,0.84671
170,7,1426.61,827.34,78.45,126.96,1,1,0.87836
170,8,571.44,320.59,56.28,116.88,1,1,0.87355
170,9,683.34,598.47,85.32,111.85,1,1,0.88007
170,10,1742.29,628.53,52.73,97.68,1,1,0.82893
170,11,919.11,337.32,58.61,92.91,1,1,0.84486
170,12,794.85,643.35,60.23,115.95,1,1,0.86383
170,13,939.04,241.11,53.32,75.67,1,1,0.84146
170,15,776.57,554.14,62.37,95.65,1,1,0.86983
170,17,684.34,241.5,59.01,112.17,1,1,0.86758
170,20,237.91,545.15,53.17,124.03,1,1,0.84586
170,23,459.77,317.45,70.57,112.03,1,1,0.87669
170,2,1069.83,518.75,57.32,112.51,1,1,0.85832
170,24,502.74,312.6,65.51,83.32,1,1,0.86113
170,19,447.52,425.94,69.04,103.23,1,1,0.8443
170,26,1305.34,279.37,48.37,77.11,1,1,0.83326
170,27,351.64,437.05,58.5,91.26,1,1,0.86172
170,25,784.25,275.08,46.11,89.86,1,1,0.84089
171,0,703.37,502.53,63.17,116.52,1,1,0.86461
171,1,1594.55,678.15,68.32,108.24,1,1,0.86514
171,3,585.45,637.22,51.54,127.73,1,1,0.84
171,4,758.72,302.96,50.96,104.54,1,1,0.85879
171,6,655.14,194.03,46.7,91.28,1,1,0.84233
171,7,1427.63,824.65,77.63,125.33,1,1,0.87843
171,8,574.81,319.99,54.96,115.63,1,1,0.87272
171,9,681.01,597.9,85.63,114.26,1,1,0.88014
171,10,1742.81,626.26,52.91,97.3,1,1,0.82452
171,11,923.32,337.83,58.01,89.87,1,1,0.84734
171,12,793.88,642.58,60.18,117.43,1,1,0.86033
171,13,943.24,240.58,51.17,75.96,1,1,0.83922
171,15,777.32,552.92,63.26,94.87,1,1,0.86963
171,17,687.14,240.65,57.71,111.13,1,1,0.86664
171,20,243.28,544.69,53.19,122.99,1,1,0.84518
171,23,463.54,317.0,70.34,110.88,1,1,0.87509
171,2,1069.26,518.86,57.47,115.23,1,1,0.85677
171,24,504.39,313.83,67.21,80.06,1,1,0.86231
171,19,447.8,425.1,70.04,102.04,1,1,0.84647
171,26,1308.13,279.55,47.94,75.64,1,1,0.83045
171,27,352.24,436.95,57.52,89.26,1,1,0.85931
171,25,787.15,275.19,45.63,91.16,1,1,0.84406
172,0,703.01,501.59,61.69,117.86,1,1,0.85942
172,1,1593.33,678.12,69.96,110.31,1,1,0.86703
172,3,585.92,638.18,51.48,128.27,1,1,0.84122
172,4,757.79,304.53,50.59,102.57,1,1,0.85716
172,6,657.47,195.23,46.19,89.23,1,1,0.83815
172,7,1426.27,821.8,80.01,123.29,1,1,0.8807
172,8,575.63,320.42,54.0,114.42,1,1,0.87102
172,9,674.2,598.14,75.98,114.16,1,1,0.86459
172,10,1736.45,624.76,55.99,95.34,1,1,0.84923
172,11,926.27,339.9,55.62,86.81,1,1,0.84915
172,12,788.55,643.48,56.7,118.17,1,1,0.86068
172,13,943.59,240.85,48.83,74.96,1,1,0.83882
172,15,773.4,551.97,63.75,93.9,1,1,0.86992
172,17,688.0,241.14,55.79,109.61,1,1,0.86042
172,20,248.06,545.51,53.05,122.55,1,1,0.83845
172,23,465.91,317.5,68.96,109.36,1,1,0.86804
172,2,1064.11,520.55,56.09,117.25,1,1,0.85409
172,24,502.59,315.45,69.77,77.68,1,1,0.85396
172,19,444.74,425.34,71.76,99.5,1,1,0.84783
172,26,1302.62,281.46,56.04,77.14,1,1,0.83781
172,27,345.39,437.28,62.42,87.95,1,1,0.8695
172,25,787.85,276.89,45.85,88.33,1,1,0.84052
173,0,704.4,500.93,57.92,116.89,1,1,0.86225
173,1,1594.33,679.35,63.45,109.2,1,1,0.86002
173,3,589.29,642.95,52.11,119.32,1,1,0.84361
173,4,756.83,308.03,50.07,99.42,1,1,0.86063
173,6,664.17,199.51,43.82,86.65,1,1,0.82064
173,7,1422.67,816.52,82.24,120.48,1,1,0.88976
173,8,578.32,323.63,52.72,111.13,1,1,0.87231
173,9,660.9,600.05,73.94,108.05,1,1,0.88138
173,10,1722.48,624.52,69.03,97.14,1,1,0.86808
173,11,926.11,343.51,53.27,89.27,1,1,0.85212
173,12,777.61,641.26,53.87,117.19,1,1,0.86012
173,13,944.24,243.62,48.1,75.25,1,1,0.82975
173,15,767.17,552.38,64.48,90.93,1,1,0.86985
173,17,692.26,244.22,51.16,107.05,1,1,0.86054
173,20,258.05,550.64,52.3,120.66,1,1,0.84225
173,23,473.57,317.73,63.93,108.64,1,1,0.85014
173,2,1056.38,527.04,53.55,111.96,1,1,0.85195
173,24,498.21,314.23,74.47,79.62,1,1,0.85651
173,19,446.26,426.21,69.67,99.26,1,1,0.85471
173,26,1302.75,287.79,59.51,81.28,1,1,0.85015
173,27,345.29,438.97,61.61,91.09,1,1,0.87379
173,25,789.25,282.74,45.73,84.06,1,1,0.85404
174,0,706.51,499.39,54.95,115.0,1,1,0.86215
174,1,1595.67,679.51,58.78,105.23,1,1,0.85799
174,3,593.06,645.42,52.15,110.77,1,1,0.84313
174,4,757.84,310.0,48.4,96.86,1,1,0.85635
174,6,669.33,200.76,42.77,85.96,1,1,0.82307
174,7,1418.35,812.15,81.82,116.28,1,1,0.88167
174,8,582.44,324.7,50.24,108.88,1,1,0.86599
174,9,651.15,599.32,77.46,103.02,1,1,0.8858
174,10,1714.05,624.01,72.82,97.79,1,1,0.86192
174,11,925.62,346.01,51.82,91.69,1,1,0.85547
174,12,771.39,641.8,56.89,110.42,1,1,0.85446
174,13,944.9,245.42,48.28,77.08,1,1,0.83188
174,15,762.86,551.28,62.34,90.62,1,1,0.82321
174,17,695.64,245.48,48.7,105.71,1,1,0.85972
174,20,266.16,553.44,51.71,116.23,1,1,0.83891
174,23,481.2,315.71,59.67,109.0,1,1,0.85411
174,2,1051.26,530.71,51.61,105.91,1,1,0.85038
174,24,496.74,312.55,67.06,80.03,1,1,0.74648
174,19,451.04,425.91,65.14,99.43,1,1,0.85405
174,26,1305.92,291.77,53.98,79.72,1,1,0.85151
174,27,349.77,439.59,59.21,94.65,1,1,0.86624
174,25,791.37,285.1,45.88,85.25,1,1,0.86041
175,0,707.74,499.47,53.63,112.61,1,1,0.84732
175,1,1596.11,681.08,57.66,100.32,1,1,0.85037
175,3,595.16,649.16,51.69,110.55,1,1,0.82859
175,4,757.72,313.01,48.03,95.58,1,1,0.84992
175,6,673.08,203.14,42.51,86.74,1,1,0.81914
175,7,1414.85,810.04,76.74,112.52,1,1,0.87055
175,8,586.36,326.58,47.6,107.59,1,1,0.85639
175,9,641.37,600.07,82.04,100.54,1,1,0.87566
175,10,1712.7,625.84,63.85,94.16,1,1,0.85053
175,11,925.62,350.1,49.36,93.14,1,1,0.84015
175,12,766.55,645.48,60.37,107.04,1,1,0.84089
175,13,948.16,248.84,43.88,79.48,1,1,0.80614
175,15,759.63,553.07,58.59,96.36,1,1,0.82237
175,17,698.54,248.39,46.82,105.25,1,1,0.8494
175,20,274.28,556.74,49.71,111.61,1,1,0.82951
175,23,486.79,315.95,55.86,109.53,1,1,0.84446
175,2,1046.33,535.24,50.0,99.97,1,1,0.8377
175,24,494.89,313.12,58.48,81.25,1,1,0.70126
175,19,455.34,427.43,60.98,99.85,1,1,0.85
175,26,1309.8,297.34,46.75,77.45,1,1,0.79974
175,27,354.87,442.61,54.76,94.88,1,1,0.84989
175,25,792.38,288.31,47.69,88.52,1,1,0.86403
176,0,706.99,500.57,52.4,110.76,1,1,0.8494
176,1,1592.1,683.63,57.17,95.12,1,1,0.84896
176,3,594.42,653.5,51.31,113.75,1,1,0.8232
176,4,756.29,317.17,47.01,94.32,1,1,0.85424
176,6,674.57,205.8,42.8,87.36,1,1,0.82933
176,7,1410.37,809.55,69.31,110.04,1,1,0.86792
176,8,588.26,329.56,45.59,107.01,1,1,0.86141
176,9,630.29,602.54,85.42,100.52,1,1,0.87395
176,10,1706.86,628.44,56.42,91.73,1,1,0.84679
176,11,925.02,355.6,47.02,92.78,1,1,0.83797
176,12,761.71,652.05,60.56,108.36,1,1,0.85797
176,13,949.21,253.56,39.76,81.19,1,1,0.81364
176,15,754.28,556.84,54.29,100.3,1,1,0.84294
176,17,698.8,252.94,45.0,104.23,1,1,0.84883
176,20,279.82,560.78,48.43,107.08,1,1,0.83017
176,23,489.15,317.92,53.32,110.23,1,1,0.85116
176,2,1040.47,540.03,47.63,95.56,1,1,0.83629
176,19,457.23,430.7,58.34,99.66,1,1,0.84892
176,26,1307.5,303.47,45.76,74.75,1,1,0.83364
176,27,357.48,447.34,52.28,92.44,1,1,0.85561
176,25,791.74,293.08,48.99,90.88,1,1,0.86797
177,0,709.02,499.19,51.95,110.07,1,1,0.84861
177,1,1592.95,682.83,57.04,92.97,1,1,0.84805
177,3,596.48,653.23,51.12,114.9,1,1,0.82135
177,4,758.04,316.84,46.66,93.89,1,1,0.85363
177,6,677.3,204.94,42.94,87.65,1,1,0.82857
177,7,1410.96,807.78,66.45,108.78,1,1,0.86718
177,8,591.01,328.83,45.03,106.83,1,1,0.86124
177,9,628.81,601.69,86.71,100.44,1,1,0.87249
177,10,1707.21,627.67,53.68,90.82,1,1,0.84605
177,11,927.01,355.76,46.15,92.58,1,1,0.83695
177,12,762.68,652.41,60.7,108.82,1,1,0.85562
177,13,951.73,253.56,38.14,81.67,1,1,0.81293
177,15,755.0,556.47,52.95,101.77,1,1,0.84181
177,17,700.99,252.79,44.43,103.88,1,1,0.84855
177,20,283.9,560.37,48.04,105.49,1,1,0.82855
177,23,491.97,316.72,52.42,110.57,1,1,0.85013
177,2,1040.75,539.87,46.85,94.12,1,1,0.83623
177,19,460.07,430.13,57.49,99.66,1,1,0.84942
177,26,1308.86,303.83,45.44,73.76,1,1,0.83296
177,27,360.69,447.3,51.5,91.55,1,1,0.85539
177,25,793.86,292.96,49.48,91.75,1,1,0.86753
178,0,706.41,501.27,50.46,108.34,1,1,0.84469
178,1,1586.37,684.6,59.89,95.15,1,1,0.85062
178,3,596.22,657.18,50.45,118.04,1,1,0.81707
178,4,755.37,320.66,45.94,94.56,1,1,0.85108
178,6,675.99,208.71,42.64,86.43,1,1,0.82891
178,7,1405.31,807.79,62.38,107.28,1,1,0.86224
178,8,590.03,331.5,44.14,106.48,1,1,0.86458
178,9,619.66,605.02,83.86,99.21,1,1,0.8489
178,10,1701.81,630.02,46.42,88.08,1,1,0.7884
178,11,924.04,360.92,44.21,90.79,1,1,0.83396
178,12,755.46,658.04,59.12,109.42,1,1,0.84732
178,13,949.57,259.27,36.64,79.4,1,1,0.81116
178,15,750.53,560.64,51.49,99.72,1,1,0.84003
178,17,698.87,257.83,44.27,103.17,1,1,0.84913
178,20,284.97,563.9,47.46,107.82,1,1,0.83207
178,23,490.18,321.35,52.24,108.78,1,1,0.84907
178,2,1033.77,544.09,46.87,99.89,1,1,0.84339
178,19,457.39,433.68,57.66,99.57,1,1,0.84713
178,26,1304.84,308.95,46.16,75.5,1,1,0.83969
178,27,360.83,452.05,51.87,88.39,1,1,0.85887
178,25,791.76,297.34,49.22,93.1,1,1,0.86353
179,0,701.69,504.96,50.1,104.8,1,1,0.83164
179,1,1579.37,688.8,63.05,102.2,1,1,0.86403
179,3,591.4,666.93,50.68,115.24,1,1,0.82459
179,4,749.17,326.17,46.39,98.47,1,1,0.85232
179,6,673.99,214.86,41.82,85.68,1,1,0.8316
179,7,1397.38,808.05,56.33,103.04,1,1,0.85014
179,8,585.94,335.99,42.98,106.54,1,1,0.86802
179,9,601.34,610.68,74.64,94.44,1,1,0.80175
179,11,919.79,370.13,40.39,85.61,1,1,0.82453
179,12,740.23,665.46,54.18,110.86,1,1,0.84073
179,13,942.84,267.91,39.4,76.44,1,1,0.80541
179,15,738.85,567.83,53.78,92.94,1,1,0.84453
179,17,694.9,265.21,44.74,102.83,1,1,0.85017
179,20,286.92,571.13,45.76,112.5,1,1,0.83057
179,23,484.41,327.12,54.73,106.39,1,1,0.86347
179,2,1022.26,552.91,45.5,105.98,1,1,0.83459
179,19,452.63,440.52,54.74,96.47,1,1,0.85159
179,26,1300.02,318.51,48.42,76.65,1,1,0.8415
179,27,361.41,460.05,52.83,82.86,1,1,0.86148
179,25,788.18,305.36,48.01,94.49,1,1,0.85771
180,0,704.56,503.29,49.99,103.52,1,1,0.83148
180,1,1581.6,687.24,64.26,104.81,1,1,0.86395
180,3,594.28,667.42,50.79,114.18,1,1,0.82434
180,4,751.61,325.1,46.56,99.9,1,1,0.85209
180,6,677.81,214.02,41.51,85.43,1,1,0.83129
180,7,1399.08,805.25,54.27,101.61,1,1,0.84977
180,8,588.94,334.54,42.63,106.61,1,1,0.8678
180,9,599.64,609.68,71.12,92.58,1,1,0.80185
180,11,922.63,370.39,39.09,83.69,1,1,0.82393
180,12,739.5,665.05,52.38,111.36,1,1,0.84042
180,13,944.97,267.98,40.33,75.33,1,1,0.80536
180,15,739.34,567.42,54.62,90.33,1,1,0.84441
180,17,698.0,264.83,44.93,102.73,1,1,0.84985
180,20,292.05,570.69,45.24,114.26,1,1,0.83097
180,23,487.0,326.19,55.62,105.56,1,1,0.86323
180,2,1022.93,552.99,44.99,108.33,1,1,0.83428
180,19,455.53,439.98,53.69,95.34,1,1,0.85133
180,26,1303.0,318.85,49.27,77.09,1,1,0.84111
180,27,366.31,459.91,53.23,80.86,1,1,0.86129
180,25,791.56,305.19,47.54,94.93,1,1,0.85737
181,0,697.95,506.47,49.51,101.05,1,1,0.80691
181,1,1577.35,691.74,61.73,105.87,1,1,0.86077
181,3,589.31,671.86,51.44,109.19,1,1,0.81962
181,4,743.25,329.0,44.94,101.47,1,1,0.84438
181,6,673.9,219.11,40.32,83.11,1,1,0.83015
181,7,1389.83,806.26,52.43,106.21,1,1,0.85537
181,8,582.36,336.79,42.35,106.2,1,1,0.85911
181,9,579.16,614.08,59.54,94.15,1,1,0.74556
181,11,912.41,376.33,39.72,86.21,1,1,0.82884
181,12,725.32,671.58,50.39,103.33,1,1,0.82877
181,13,937.81,273.85,44.32,74.96,1,1,0.82193
181,15,726.11,570.32,57.22,91.34,1,1,0.83566
181,17,693.23,269.4,43.91,100.73,1,1,0.84501
181,20,289.52,577.87,43.62,113.06,1,1,0.8277
181,23,478.59,331.2,57.25,101.43,1,1,0.85509
181,2,1012.23,561.53,45.06,107.31,1,1,0.83237
181,19,445.11,445.46,55.51,91.69,1,1,0.85383
181,26,1304.09,325.09,45.58,75.74,1,1,0.83056
181,27,360.3,463.96,53.12,86.88,1,1,0.85632
181,25,786.4,311.89,44.99,91.71,1,1,0.84807
181,24,468.03,323.45,40.51,87.95,1,1,0.78588
181,10,1679.65,634.1,47.55,93.16,1,1,0.72189
182,0,699.83,506.1,49.42,100.35,1,1,0.80707
182,1,1580.32,691.83,60.79,106.28,1,1,0.86067
182,3,591.92,671.84,51.68,107.3,1,1,0.81901
182,4,744.62,328.79,44.37,102.09,1,1,0.84433
182,6,676.84,219.33,39.96,82.35,1,1,0.82937
182,7,1390.83,805.09,51.91,107.88,1,1,0.85538
182,8,584.26,336.04,42.3,106.06,1,1,0.85889
182,9,576.55,614.05,55.39,94.52,1,1,0.74672
182,11,913.06,376.84,40.01,87.15,1,1,0.82887
182,12,724.73,672.38,49.73,100.28,1,1,0.82878
182,13,939.75,274.35,45.77,74.83,1,1,0.82187
182,15,725.78,569.74,58.24,91.76,1,1,0.8361
182,17,695.84,269.43,43.63,100.04,1,1,0.84479
182,20,292.6,578.91,43.14,112.61,1,1,0.82784
182,23,479.9,331.45,57.95,99.96,1,1,0.85524
182,2,1012.9,563.07,45.11,106.89,1,1,0.83233
182,19,445.75,445.89,56.15,90.33,1,1,0.85383
182,26,1309.03,325.71,44.14,75.24,1,1,0.82987
182,27,362.49,463.8,53.11,88.99,1,1,0.8558
182,25,788.86,312.76,44.06,90.37,1,1,0.84825
182,24,468.28,322.68,39.3,88.58,1,1,0.78469
182,10,1680.03,633.07,47.81,94.28,1,1,0.72245
183,0,691.48,509.65,46.07,87.65,1,1,0.77789
183,1,1574.95,696.73,54.97,100.05,1,1,0.84171
183,3,583.05,679.62,48.76,103.03,1,1,0.80375
183,4,736.99,333.96,42.73,101.21,1,1,0.83489
183,6,670.49,223.92,40.38,82.44,1,1,0.80922
183,7,1381.92,807.08,51.04,107.71,1,1,0.84004
183,8,576.71,339.86,42.27,105.46,1,1,0.84769
183,9,554.48,617.86,51.66,95.22,1,1,0.78276
183,11,904.94,382.11,40.82,89.12,1,1,0.82135
183,12,708.27,680.09,47.91,96.34,1,1,0.79937
183,13,931.67,279.09,49.2,76.5,1,1,0.81516
183,15,712.98,574.23,55.0,98.19,1,1,0.80373
183,17,689.04,273.85,43.43,98.69,1,1,0.83421
183,20,288.54,586.97,42.74,105.52,1,1,0.81147
183,23,471.02,332.72,54.96,99.37,1,1,0.83388
183,2,1000.72,569.48,47.0,100.27,1,1,0.83577
183,19,439.09,449.28,54.51,88.02,1,1,0.84239
183,26,1306.4,331.98,41.1,71.27,1,1,0.81631
183,27,352.54,468.1,50.88,89.62,1,1,0.83008
183,25,780.91,317.4,42.54,87.01,1,1,0.83552
183,24,453.23,323.85,42.51,88.26,1,1,0.77678
183,10,1672.81,639.16,47.67,90.68,1,1,0.74185
184,0,689.49,511.21,44.73,80.71,1,1,0.79946
184,1,1576.23,698.53,50.77,95.45,1,1,0.84124
184,3,582.68,680.55,45.11,108.54,1,1,0.82379
184,4,734.64,336.38,42.13,99.33,1,1,0.84419
184,6,668.88,225.52,39.94,81.79,1,1,0.8105
184,7,1377.93,808.18,52.93,105.65,1,1,0.85573
184,8,574.86,341.79,41.9,105.0,1,1,0.85321
184,9,540.63,620.21,49.91,102.41,1,1,0.81628
184,11,902.92,385.2,42.14,89.99,1,1,0.83228
184,12,697.96,684.63,49.27,96.6,1,1,0.80917
184,13,931.03,282.03,48.8,76.27,1,1,0.82165
184,15,706.59,576.38,54.1,101.18,1,1,0.81917
184,17,686.26,276.2,43.88,97.14,1,1,0.83979
184,20,288.67,591.08,43.14,104.29,1,1,0.82641
184,23,466.27,331.52,52.11,98.87,1,1,0.83791
184,2,996.11,572.7,49.16,94.64,1,1,0.84537
184,19,437.73,450.1,54.29,87.44,1,1,0.85139
184,26,1307.32,334.28,38.98,68.44,1,1,0.81977
184,27,347.07,471.08,49.33,87.29,1,1,0.83782
184,25,778.37,319.65,41.78,84.79,1,1,0.83882
184,24,447.64,324.23,41.63,86.69,1,1,0.80944
184,10,1669.56,642.15,47.78,87.52,1,1,0.78328
185,0,688.3,512.41,44.95,78.41,1,1,0.79277
185,1,1577.86,700.64,48.54,93.3,1,1,0.8355
185,3,579.79,681.28,46.57,114.25,1,1,0.82931
185,4,733.08,338.41,42.12,97.64,1,1,0.84155
185,6,667.38,226.44,39.86,80.35,1,1,0.81358
185,7,1374.84,810.0,55.89,103.55,1,1,0.86342
185,8,573.1,343.49,42.83,104.41,1,1,0.84955
185,9,528.63,622.12,55.05,107.03,1,1,0.81511
185,11,901.17,388.84,43.42,88.73,1,1,0.83101
185,12,688.24,689.92,50.27,96.9,1,1,0.82571
185,13,931.26,284.8,46.85,74.97,1,1,0.81815
185,15,701.11,578.69,50.13,102.75,1,1,0.80918
185,17,684.25,278.01,44.8,95.86,1,1,0.841
185,20,286.96,593.45,45.31,107.74,1,1,0.82547
185,23,461.09,330.94,50.33,97.92,1,1,0.83628
185,2,993.04,575.32,50.16,93.8,1,1,0.8437
185,19,437.35,450.53,54.0,89.15,1,1,0.85169
185,26,1308.0,335.58,39.0,68.54,1,1,0.81489
185,27,344.02,474.15,48.7,85.25,1,1,0.84201
185,25,774.64,321.41,43.28,86.62,1,1,0.84358
185,24,440.81,326.19,44.06,83.73,1,1,0.81264
185,10,1668.01,644.93,49.53,85.15,1,1,0.73531
186,0,686.04,514.3,45.0,77.08,1,1,0.79323
186,1,1581.03,703.31,47.53,99.32,1,1,0.82035
186,3,577.07,687.85,47.31,113.69,1,1,0.844
186,4,731.42,340.59,42.08,95.73,1,1,0.8496
186,6,665.25,226.84,40.09,79.84,1,1,0.81705
186,7,1370.76,810.78,60.54,103.92,1,1,0.87065
186,8,571.46,345.85,44.08,103.76,1,1,0.85412
186,9,515.9,624.65,58.01,107.22,1,1,0.84192
186,11,899.27,392.81,44.77,86.01,1,1,0.83684
186,12,678.3,695.42,51.39,99.11,1,1,0.84772
186,13,932.33,287.57,44.13,73.53,1,1,0.82769
186,15,694.19,580.39,45.38,102.83,1,1,0.80999
186,17,681.69,279.99,46.07,95.63,1,1,0.84454
186,20,282.99,596.97,49.1,110.78,1,1,0.83986
186,23,456.49,331.32,48.47,96.54,1,1,0.83527
186,2,990.43,578.78,51.36,98.69,1,1,0.84144
186,19,436.95,450.93,53.04,92.34,1,1,0.84994
186,26,1305.02,338.25,44.31,72.08,1,1,0.83473
186,27,340.93,477.73,49.45,84.28,1,1,0.85165
186,25,772.6,324.15,44.99,88.53,1,1,0.8516
186,24,434.2,328.04,47.66,80.67,1,1,0.82801
186,10,1666.51,646.38,53.62,88.64,1,1,0.79704
187,0,686.86,514.38,45.09,76.64,1,1,0.7932
187,1,1583.69,703.61,47.25,101.44,1,1,0.81948
187,3,577.72,689.7,47.61,113.45,1,1,0.84369
187,4,732.49,340.71,42.09,95.04,1,1,0.84939
187,6,666.07,226.32,40.17,79.67,1,1,0.81674
187,7,1371.03,810.49,62.34,104.09,1,1,0.87059
187,8,572.52,346.07,44.55,103.53,1,1,0.8539
187,9,513.16,624.98,59.17,107.24,1,1,0.84152
187,11,900.37,393.58,45.24,85.0,1,1,0.83668
187,12,676.51,696.73,51.83,99.97,1,1,0.84766
187,13,934.36,287.9,43.15,73.02,1,1,0.82725
187,15,693.43,580.4,43.72,102.79,1,1,0.80974
187,17,682.43,280.04,46.57,95.59,1,1,0.84435
187,20,283.19,597.54,50.56,112.0,1,1,0.84002
187,23,456.44,330.84,47.84,96.08,1,1,0.83512
187,2,991.37,579.35,51.77,100.47,1,1,0.84122
187,19,438.49,450.43,52.71,93.47,1,1,0.84959
187,26,1305.79,338.52,46.13,73.39,1,1,0.83396
187,27,341.55,478.37,49.74,83.93,1,1,0.85141
187,25,773.54,324.47,45.66,89.25,1,1,0.85145
187,24,433.58,328.12,49.0,79.5,1,1,0.82736
187,10,1667.81,646.26,55.16,89.9,1,1,0.79716
188,0,680.12,516.23,42.98,78.05,1,1,0.77754
188,1,1583.5,708.58,48.33,105.87,1,1,0.83152
188,3,571.51,697.42,49.66,109.13,1,1,0.8518
188,4,727.01,343.28,41.87,93.17,1,1,0.84439
188,6,661.0,227.35,38.09,78.94,1,1,0.79493
188,7,1361.68,811.95,66.11,106.88,1,1,0.87376
188,8,567.16,349.59,44.6,102.24,1,1,0.85209
188,9,492.37,626.64,67.2,103.55,1,1,0.86573
188,11,895.7,398.2,43.82,80.88,1,1,0.8317
188,12,665.95,704.52,55.06,91.86,1,1,0.84171
188,13,934.9,291.65,38.79,72.03,1,1,0.81557
188,15,682.96,585.35,45.45,96.45,1,1,0.80859
188,17,677.47,283.03,46.77,94.86,1,1,0.8228
188,20,275.6,601.42,56.46,111.21,1,1,0.8315
188,23,449.58,333.14,46.44,94.57,1,1,0.83031
188,2,984.82,585.19,50.78,104.29,1,1,0.82682
188,19,432.59,452.73,53.93,96.22,1,1,0.8462
188,26,1304.86,343.5,44.7,76.39,1,1,0.82839
188,27,338.42,483.1,48.15,86.26,1,1,0.84616
188,25,771.22,328.32,44.66,91.68,1,1,0.84609
188,24,421.21,332.49,47.62,77.42,1,1,0.8371
188,10,1661.09,647.94,58.42,95.76,1,1,0.81763
189,0,681.06,515.94,42.18,78.58,1,1,0.77798
189,1,1586.79,709.42,48.75,107.54,1,1,0.83158
189,3,572.73,699.25,50.37,107.53,1,1,0.85174
189,4,728.45,343.2,41.81,92.5,1,1,0.84453
189,6,662.56,226.7,37.35,78.67,1,1,0.79379
189,7,1361.81,811.55,67.54,107.9,1,1,0.87404
189,8,568.65,349.89,44.62,101.79,1,1,0.85214
189,9,488.29,626.21,70.14,102.12,1,1,0.86564
189,11,897.49,398.84,43.3,79.36,1,1,0.83119
189,12,665.7,706.31,56.2,88.77,1,1,0.84089
189,13,938.44,291.96,37.24,71.73,1,1,0.815
189,15,682.72,586.22,46.08,93.97,1,1,0.80919
189,17,679.17,283.1,46.8,94.66,1,1,0.8226
189,20,276.37,601.8,58.71,110.9,1,1,0.83096
189,23,450.49,333.03,45.97,94.03,1,1,0.83019
189,2,986.06,586.3,50.37,105.71,1,1,0.82651
189,19,433.92,452.54,54.42,97.29,1,1,0.84636
189,26,1308.01,344.29,44.12,77.5,1,1,0.82779
189,27,340.76,483.79,47.56,87.13,1,1,0.84614
189,25,773.84,328.7,44.28,92.57,1,1,0.84613
189,24,420.16,333.1,47.19,76.71,1,1,0.83675
189,10,1662.24,647.37,59.66,98.11,1,1,0.8182
190,0,676.36,514.73,42.12,87.74,1,1,0.77357
190,1,1587.35,711.98,46.52,101.26,1,1,0.83597
190,3,568.16,701.68,52.18,99.95,1,1,0.84916
190,4,724.25,341.91,41.67,94.54,1,1,0.83849
190,6,658.73,225.05,35.08,78.52,1,1,0.79486
190,7,1360.26,811.76,59.15,102.22,1,1,0.85175
190,8,564.44,348.28,45.56,101.28,1,1,0.84831
190,9,467.42,624.81,79.1,99.45,1,1,0.87415
190,11,893.49,399.07,43.47,83.08,1,1,0.83746
190,12,659.5,708.23,58.22,91.08,1,1,0.82957
190,13,937.28,291.94,36.65,76.05,1,1,0.81915
190,15,671.41,587.77,50.27,93.05,1,1,0.82002
190,17,675.9,282.12,47.29,94.03,1,1,0.81758
190,20,277.66,600.6,58.26,107.55,1,1,0.82387
190,23,442.68,332.31,47.03,92.11,1,1,0.83704
190,2,977.36,589.68,49.25,106.62,1,1,0.82143
190,19,430.8,452.93,54.22,96.11,1,1,0.84003
190,26,1311.31,346.24,41.19,77.26,1,1,0.8163
190,27,340.63,484.18,45.97,90.44,1,1,0.83236
190,25,773.02,330.16,42.66,92.61,1,1,0.84402
190,24,413.08,332.71,46.36,76.17,1,1,0.82435
190,10,1654.78,648.81,59.1,96.97,1,1,0.78772
191,0,675.19,512.83,42.44,95.29,1,1,0.816
191,1,1589.83,712.96,45.48,93.66,1,1,0.83176
191,3,568.39,702.6,51.84,97.28,1,1,0.8536
191,4,723.14,340.45,41.3,96.26,1,1,0.83474
191,6,658.15,223.34,34.37,78.74,1,1,0.79462
191,7,1359.27,810.29,55.6,98.87,1,1,0.85125
191,8,563.99,346.09,46.61,101.15,1,1,0.84819
191,9,453.36,623.29,83.72,99.01,1,1,0.87026
191,11,893.62,399.13,42.34,86.16,1,1,0.83396
191,12,657.35,708.99,58.69,93.21,1,1,0.82972
191,13,939.34,291.75,36.71,78.44,1,1,0.82582
191,15,664.74,588.58,50.44,95.32,1,1,0.82137
191,17,676.06,280.37,47.72,94.1,1,1,0.82594
191,20,281.88,599.28,59.21,105.24,1,1,0.83709
191,23,439.07,331.9,48.92,91.06,1,1,0.84187
191,2,973.87,591.52,47.77,104.12,1,1,0.8241
191,19,431.36,452.59,53.58,94.89,1,1,0.84392
191,26,1313.01,346.62,41.3,75.51,1,1,0.82266
191,27,343.04,484.42,45.23,92.01,1,1,0.83553
191,25,774.09,330.83,41.53,90.72,1,1,0.84177
191,24,409.73,331.18,46.61,74.98,1,1,0.8281
191,10,1652.06,648.92,54.35,92.75,1,1,0.70413
192,0,675.84,512.59,42.88,98.5,1,1,0.81939
192,1,1591.96,713.8,45.19,90.86,1,1,0.83264
192,3,569.92,703.41,51.63,96.29,1,1,0.85372
192,4,724.24,340.4,41.09,96.97,1,1,0.83712
192,6,659.14,223.24,34.19,79.07,1,1,0.79714
192,7,1360.23,810.29,54.49,97.7,1,1,0.85226
192,8,565.16,345.78,47.42,101.06,1,1,0.85006
192,9,449.29,623.63,85.81,98.47,1,1,0.87303
192,11,895.0,399.6,41.94,87.34,1,1,0.8347
192,12,658.06,709.68,58.27,94.15,1,1,0.83218
192,13,941.34,292.15,36.83,79.39,1,1,0.82694
192,15,663.33,589.45,50.43,96.15,1,1,0.82575
192,17,677.57,280.18,47.89,94.27,1,1,0.82798
192,20,285.24,599.28,59.29,104.36,1,1,0.83859
192,23,439.18,332.4,49.51,90.49,1,1,0.84207
192,2,973.79,592.63,47.43,103.28,1,1,0.82476
192,19,432.98,453.05,53.29,93.82,1,1,0.84474
192,26,1314.91,347.2,41.38,74.86,1,1,0.82388
192,27,345.21,484.96,45.05,92.67,1,1,0.83884
192,25,775.8,331.52,41.14,90.05,1,1,0.84294
192,24,409.82,331.11,46.9,74.51,1,1,0.82935
192,10,1652.45,649.51,52.48,91.09,1,1,0.71071
193,0,672.93,510.21,43.78,100.68,1,1,0.81501
193,1,1590.31,713.53,47.31,86.15,1,1,0.83333
193,3,568.75,703.77,50.38,100.73,1,1,0.84593
193,4,721.87,339.0,41.23,97.99,1,1,0.82611
193,6,656.85,221.93,34.09,80.03,1,1,0.79534
193,7,1358.61,807.75,51.63,98.15,1,1,0.84392
193,8,563.27,344.14,47.33,101.06,1,1,0.84198
193,9,441.07,622.43,81.64,98.04,1,1,0.8525
193,11,893.61,399.58,40.91,88.31,1,1,0.82679
193,12,656.91,709.63,57.33,96.12,1,1,0.83026
193,13,941.24,291.9,35.53,79.04,1,1,0.82027
193,15,656.8,588.76,49.13,97.26,1,1,0.81296
193,17,675.81,278.59,48.01,93.98,1,1,0.82286
193,20,288.06,598.22,57.09,103.78,1,1,0.831
193,23,434.84,331.57,52.21,91.17,1,1,0.84709
193,2,971.03,593.07,45.78,99.39,1,1,0.81682
193,19,431.72,451.86,52.15,92.8,1,1,0.84632
193,26,1314.13,346.87,41.53,71.65,1,1,0.82323
193,27,345.01,484.52,44.94,91.55,1,1,0.82569
193,25,774.64,331.37,41.21,88.29,1,1,0.83788
193,24,406.82,329.14,46.88,74.73,1,1,0.82002
194,0,670.39,508.12,44.35,100.38,1,1,0.82958
194,1,1588.34,713.48,49.52,81.28,1,1,0.82758
194,3,566.92,704.41,50.24,105.38,1,1,0.85129
194,4,719.91,338.09,41.45,99.09,1,1,0.83745
194,6,654.81,221.45,33.31,79.68,1,1,0.80993
194,7,1358.97,805.94,48.66,98.45,1,1,0.83787
194,8,562.77,342.3,46.41,100.27,1,1,0.84552
194,9,429.32,619.97,78.35,98.04,1,1,0.84166
194,11,891.08,400.14,39.96,89.05,1,1,0.83128
194,12,654.55,709.78,56.58,97.63,1,1,0.83622
194,13,940.61,292.4,34.27,77.57,1,1,0.82855
194,15,651.12,588.61,44.21,98.32,1,1,0.80989
194,17,674.02,277.48,48.4,93.55,1,1,0.82102
194,20,290.03,598.29,56.61,103.46,1,1,0.84925
194,23,430.05,330.13,55.58,92.87,1,1,0.85451
194,2,968.15,593.69,44.54,95.22,1,1,0.83012
194,19,431.49,450.54,50.57,91.39,1,1,0.84988
194,26,1313.01,346.85,42.8,73.74,1,1,0.83016
194,27,345.68,485.21,45.24,89.28,1,1,0.83297
194,25,773.58,331.44,40.99,86.56,1,1,0.84482
194,24,406.32,326.15,44.55,74.67,1,1,0.81229
195,0,668.4,505.67,45.02,100.29,1,1,0.84153
195,1,1589.25,713.6,52.03,90.47,1,1,0.80001
195,3,564.57,705.47,50.42,108.48,1,1,0.84802
195,4,718.22,337.87,41.45,99.24,1,1,0.83821
195,6,652.91,220.91,33.92,80.53,1,1,0.81484
195,7,1357.43,804.46,50.73,98.18,1,1,0.84837
195,8,561.95,340.67,45.66,99.62,1,1,0.84742
195,9,414.88,617.64,74.03,97.38,1,1,0.84618
195,11,888.33,400.93,38.83,88.84,1,1,0.8265
195,12,651.33,709.78,54.61,95.98,1,1,0.84019
195,13,940.25,292.26,33.87,76.42,1,1,0.82383
195,15,645.67,589.06,42.9,96.95,1,1,0.82285
195,17,673.56,276.3,48.27,93.0,1,1,0.83278
195,20,290.47,597.61,56.39,103.66,1,1,0.84894
195,23,427.05,328.36,57.66,94.97,1,1,0.85725
195,2,965.59,593.59,43.58,96.06,1,1,0.83331
195,19,431.26,449.08,50.34,90.56,1,1,0.85764
195,26,1310.43,347.19,44.83,75.75,1,1,0.83749
195,27,346.46,485.27,46.6,85.1,1,1,0.83166
195,25,773.27,331.09,40.87,84.4,1,1,0.8465
195,24,402.37,323.9,44.73,76.1,1,1,0.82662
196,0,666.22,503.01,44.45,100.13,1,1,0.85048
196,1,1590.53,713.62,52.83,96.52,1,1,0.81024
196,3,561.78,707.43,50.61,106.79,1,1,0.85478
196,4,716.33,338.23,41.4,98.32,1,1,0.84651
196,6,651.5,220.73,33.43,79.14,1,1,0.82026
196,7,1353.47,803.37,59.2,98.56,1,1,0.86197
196,8,561.04,339.47,45.63,99.03,1,1,0.8516
196,9,404.39,615.73,69.71,95.98,1,1,0.86289
196,11,885.95,401.92,37.42,86.09,1,1,0.83517
196,12,648.59,710.07,51.18,92.87,1,1,0.84328
196,13,938.8,293.06,33.46,73.25,1,1,0.82157
196,15,640.21,589.49,42.08,93.85,1,1,0.83057
196,17,672.45,275.6,48.13,92.1,1,1,0.8345
196,20,291.52,597.83,55.69,103.46,1,1,0.85605
196,23,424.8,327.28,58.1,95.46,1,1,0.86039
196,2,962.34,594.18,43.43,100.74,1,1,0.83461
196,19,431.52,447.18,49.98,91.81,1,1,0.85602
196,26,1310.44,348.37,44.34,76.75,1,1,0.83811
196,27,346.29,485.27,47.17,82.15,1,1,0.83426
196,25,773.37,330.42,40.75,84.17,1,1,0.85206
196,24,398.54,323.05,43.59,76.77,1,1,0.83187
196,10,1643.8,648.67,40.89,85.97,1,1,0.69998
197,0,662.75,499.89,43.48,99.76,1,1,0.85012
197,1,1589.82,716.88,53.43,98.7,1,1,0.8432
197,3,557.85,710.05,47.73,99.31,1,1,0.84537
197,4,713.29,339.4,40.82,95.48,1,1,0.84191
197,6,648.57,220.43,33.79,79.46,1,1,0.82298
197,7,1349.51,803.21,69.63,97.22,1,1,0.87976
197,8,558.81,338.25,47.02,96.99,1,1,0.84655
197,9,388.81,612.71,74.64,96.0,1,1,0.86892
197,11,880.14,403.7,36.85,82.82,1,1,0.81831
197,12,646.33,710.41,48.07,89.41,1,1,0.84105
197,13,938.11,294.21,33.5,72.77,1,1,0.81911
197,15,633.14,590.04,44.37,89.04,1,1,0.8222
197,17,671.71,275.48,45.78,90.24,1,1,0.8283
197,20,292.81,600.45,55.59,102.84,1,1,0.83772
197,23,418.65,326.75,60.03,94.8,1,1,0.85914
197,2,956.35,597.32,43.03,104.43,1,1,0.82779
197,19,430.9,445.81,48.5,94.16,1,1,0.84061
197,26,1313.54,352.02,40.5,76.04,1,1,0.83199
197,27,347.0,485.48,47.48,84.83,1,1,0.8085
197,25,771.88,330.18,40.26,86.36,1,1,0.83662
197,24,392.41,322.17,42.63,75.11,1,1,0.83651
198,0,663.68,498.15,42.46,99.89,1,1,0.84109
198,1,1592.33,719.31,52.28,95.87,1,1,0.84022
198,3,559.36,711.32,45.83,94.51,1,1,0.84238
198,4,714.88,340.05,40.26,93.31,1,1,0.84568
198,6,649.52,220.06,33.77,79.47,1,1,0.82059
198,7,1349.23,803.72,74.76,96.58,1,1,0.87472
198,8,560.72,337.46,48.04,95.85,1,1,0.84531
198,9,378.95,610.65,78.47,94.18,1,1,0.85939
198,11,879.31,404.84,36.85,84.66,1,1,0.82144
198,12,647.63,710.09,47.01,93.39,1,1,0.84917
198,13,939.62,294.86,35.44,74.49,1,1,0.81811
198,15,629.73,590.17,45.92,90.59,1,1,0.81582
198,17,674.27,275.62,43.91,88.67,1,1,0.82041
198,20,296.77,603.45,53.45,103.42,1,1,0.83386
198,23,417.52,326.45,60.76,93.55,1,1,0.85849
198,2,955.27,600.21,42.63,106.17,1,1,0.82626
198,19,433.93,444.96,47.21,96.29,1,1,0.82654
198,26,1318.22,353.62,38.55,75.07,1,1,0.83092
198,27,352.56,485.36,45.92,88.03,1,1,0.81276
198,25,773.47,330.98,40.58,88.2,1,1,0.83413
198,24,392.06,321.69,41.33,74.02,1,1,0.83463
199,0,664.32,497.33,41.92,100.44,1,1,0.841
199,1,1594.65,720.71,48.37,91.39,1,1,0.82924
199,3,559.83,712.63,45.43,93.93,1,1,0.84835
199,4,715.4,340.24,40.58,91.76,1,1,0.84412
199,6,649.6,219.82,34.04,79.84,1,1,0.82142
199,7,1347.53,805.12,77.99,96.32,1,1,0.87681
199,8,561.61,336.83,49.19,95.18,1,1,0.84432
199,9,367.26,610.05,83.93,97.63,1,1,0.86792
199,11,877.97,406.61,36.66,84.5,1,1,0.8174
199,12,649.24,710.73,44.66,97.47,1,1,0.84225
199,13,939.88,296.19,37.17,75.2,1,1,0.81878
199,15,624.12,590.44,49.17,94.82,1,1,0.8245
199,17,675.28,275.92,43.22,87.76,1,1,0.826
199,20,299.43,606.75,50.76,103.06,1,1,0.83036
199,23,415.45,325.96,60.89,92.5,1,1,0.85306
199,2,953.54,603.48,42.97,107.12,1,1,0.81897
199,19,435.55,445.08,46.88,97.32,1,1,0.8315
199,26,1320.41,354.93,37.63,72.64,1,1,0.83194
199,27,357.06,485.32,45.01,91.5,1,1,0.80907
199,25,774.49,332.15,41.17,88.65,1,1,0.83674
199,24,390.77,321.27,41.05,73.44,1,1,0.8257
200,0,665.66,497.22,41.7,100.66,1,1,0.84109
200,1,1596.42,721.34,46.87,89.68,1,1,0.82944
200,3,561.0,713.19,45.41,93.78,1,1,0.84932
200,4,716.69,340.43,40.73,91.23,1,1,0.84464
200,6,650.7,219.91,34.17,80.01,1,1,0.82175
200,7,1348.06,805.83,79.24,96.26,1,1,0.87687
200,8,563.03,336.77,49.63,94.96,1,1,0.84479
200,9,364.1,610.01,86.04,98.91,1,1,0.86797
200,11,878.51,407.39,36.6,84.58,1,1,0.81686
200,12,650.84,711.14,43.86,99.1,1,1,0.84253
200,13,941.04,296.83,37.85,75.48,1,1,0.81887
200,15,623.22,590.72,50.51,96.39,1,1,0.82568
200,17,676.66,276.18,42.99,87.44,1,1,0.82638
200,20,301.26,608.1,49.78,102.95,1,1,0.83065
200,23,415.8,325.98,60.95,92.12,1,1,0.85327
200,2,954.05,604.86,43.09,107.46,1,1,0.81972
200,19,437.16,445.31,46.77,97.69,1,1,0.83184
200,26,1322.11,355.53,37.35,71.73,1,1,0.83209
200,27,359.67,485.45,44.68,92.7,1,1,0.81066
200,25,775.93,332.66,41.43,88.94,1,1,0.83776
200,24,391.48,321.3,40.93,73.24,1,1,0.82566
201,0,663.74,496.55,42.05,101.38,1,1,0.83936
201,1,1597.45,720.82,44.34,86.79,1,1,0.82009
201,3,558.8,713.39,46.62,99.18,1,1,0.84571
201,4,715.56,340.2,40.61,90.64,1,1,0.84186
201,6,649.78,219.66,34.35,79.72,1,1,0.81833
201,7,1344.38,805.99,79.98,93.45,1,1,0.86839
201,8,563.37,336.11,48.22,94.79,1,1,0.83769
201,9,354.23,609.71,87.89,98.83,1,1,0.85237
201,11,875.92,408.27,36.94,86.06,1,1,0.81855
201,12,650.66,711.36,42.7,100.59,1,1,0.83573
201,13,940.45,297.6,38.24,75.95,1,1,0.81449
201,15,617.48,591.09,53.65,97.76,1,1,0.83298
201,17,675.51,276.23,42.5,86.75,1,1,0.82365
201,20,302.08,609.75,48.23,100.05,1,1,0.8222
201,23,412.94,325.69,60.64,90.86,1,1,0.84678
201,2,951.2,606.95,43.43,104.38,1,1,0.82135
201,19,437.55,445.48,46.3,96.39,1,1,0.83359
201,26,1321.75,355.84,37.28,69.48,1,1,0.82299
201,27,361.24,485.73,43.75,93.25,1,1,0.81363
201,25,775.12,333.36,41.66,88.91,1,1,0.82994
201,24,389.09,321.21,40.95,72.9,1,1,0.80355
201,10,1632.27,652.33,44.65,81.24,1,1,0.79255
202,0,663.04,495.71,41.56,102.44,1,1,0.8476
202,1,1598.36,721.07,44.1,91.46,1,1,0.83873
202,3,557.61,713.68,47.73,102.44,1,1,0.85072
202,4,715.0,339.95,40.29,91.61,1,1,0.84567
202,6,649.3,219.39,34.34,78.72,1,1,0.82781
202,7,1338.42,804.07,81.27,91.99,1,1,0.87462
202,8,564.07,335.4,47.65,93.79,1,1,0.84937
202,9,345.69,609.67,85.67,96.98,1,1,0.83187
202,11,874.28,409.64,37.2,87.06,1,1,0.82864
202,12,650.61,712.02,42.1,101.44,1,1,0.84355
202,13,941.24,298.56,36.61,75.09,1,1,0.81819
202,15,611.53,592.27,59.12,97.62,1,1,0.84145
202,17,675.15,276.32,42.43,85.78,1,1,0.83564
202,20,302.98,611.08,50.09,99.06,1,1,0.82416
202,23,410.08,324.7,59.42,89.9,1,1,0.85368
202,2,949.61,609.11,43.08,99.55,1,1,0.82348
202,19,438.02,445.97,46.72,94.29,1,1,0.84782
202,26,1320.59,356.28,38.28,69.63,1,1,0.8257
202,27,362.95,486.7,43.28,91.58,1,1,0.83074
202,25,774.47,334.79,41.92,87.26,1,1,0.83475
202,24,384.04,320.54,43.23,73.97,1,1,0.81814
202,10,1630.54,652.54,44.97,82.19,1,1,0.80594
203,0,658.51,495.41,41.08,102.06,1,1,0.83948
203,1,1596.92,722.38,46.5,98.0,1,1,0.84351
203,3,554.46,717.35,47.14,101.47,1,1,0.84933
203,4,712.4,340.44,40.11,92.31,1,1,0.83286
203,6,646.7,219.61,34.52,78.88,1,1,0.82248
203,7,1325.59,801.31,81.68,89.26,1,1,0.86987
203,8,562.81,335.39,47.1,94.26,1,1,0.83178
203,9,338.36,610.39,66.5,95.11,1,1,0.80331
203,11,870.4,413.22,36.64,84.94,1,1,0.83317
203,12,647.5,714.5,43.97,99.14,1,1,0.84554
203,13,940.1,300.99,33.69,72.02,1,1,0.81365
203,15,602.01,595.44,59.64,95.81,1,1,0.81843
203,17,672.82,276.2,42.36,85.43,1,1,0.84012
203,20,300.47,612.26,52.16,102.18,1,1,0.82268
203,23,404.27,323.35,54.99,89.29,1,1,0.8507
203,2,942.18,612.74,45.58,93.91,1,1,0.82988
203,19,436.8,446.75,46.88,91.23,1,1,0.8462
203,26,1319.93,359.4,41.3,71.12,1,1,0.81383
203,27,364.3,489.09,41.73,88.23,1,1,0.82429
203,25,770.97,337.39,42.84,84.45,1,1,0.83726
203,24,371.96,320.13,46.99,77.86,1,1,0.8415
204,0,659.79,495.2,40.88,101.88,1,1,0.83808
204,1,1599.38,722.75,47.31,100.48,1,1,0.84301
204,3,556.36,718.62,46.86,101.08,1,1,0.8487
204,4,714.49,340.52,39.96,92.62,1,1,0.83215
204,6,648.5,219.54,34.86,79.01,1,1,0.82371
204,7,1323.76,800.22,81.76,88.19,1,1,0.86901
204,8,565.29,335.29,46.88,94.45,1,1,0.83043
204,9,339.48,610.64,58.81,94.47,1,1,0.8049
204,11,872.01,414.41,36.43,84.1,1,1,0.83254
204,12,649.29,715.3,44.6,98.26,1,1,0.84554
204,13,942.55,301.76,32.61,70.84,1,1,0.81275
204,15,601.71,596.51,59.91,95.09,1,1,0.81817
204,17,674.86,275.98,42.19,85.36,1,1,0.83803
204,20,302.08,612.71,53.32,103.25,1,1,0.82412
204,23,405.07,322.78,53.36,89.11,1,1,0.85043
204,2,942.43,613.87,46.53,91.83,1,1,0.82923
204,19,439.18,446.98,47.17,89.96,1,1,0.84531
204,26,1322.78,360.41,42.38,71.66,1,1,0.81342
204,27,367.93,489.88,41.18,86.58,1,1,0.82343
204,25,772.51,338.21,43.41,83.43,1,1,0.83893
204,24,370.23,319.99,48.6,79.04,1,1,0.84168
205,0,655.53,495.75,40.13,102.36,1,1,0.83237
205,1,1596.38,725.95,48.83,101.87,1,1,0.83979
205,3,552.17,724.11,46.56,102.36,1,1,0.8492
205,4,710.86,342.09,39.71,93.18,1,1,0.83243
205,6,644.94,220.52,34.9,78.81,1,1,0.82405
205,7,1309.58,799.59,74.7,92.4,1,1,0.80958
205,8,563.12,336.26,45.84,94.14,1,1,0.82093
205,9,325.82,612.13,53.33,91.58,1,1,0.82206
205,11,867.47,417.98,35.36,79.9,1,1,0.82672
205,12,642.94,717.82,48.75,93.59,1,1,0.84682
205,13,939.07,304.32,31.12,71.27,1,1,0.80238
205,15,588.22,600.71,61.29,94.01,1,1,0.77224
205,17,671.76,277.38,41.57,84.83,1,1,0.83677
205,20,297.3,614.32,48.65,104.55,1,1,0.8038
205,23,399.38,323.27,51.24,86.2,1,1,0.85041
205,2,935.66,617.82,47.42,92.9,1,1,0.83336
205,19,438.28,447.09,46.3,88.79,1,1,0.84013
205,26,1321.58,365.16,40.26,72.2,1,1,0.82887
205,27,367.91,491.69,41.08,83.93,1,1,0.8215
205,25,768.51,340.04,41.12,81.01,1,1,0.82725
205,24,362.09,321.28,50.15,81.0,1,1,0.82661
205,10,1614.98,657.24,42.2,86.36,1,1,0.71733
206,0,653.43,495.91,39.83,102.45,1,1,0.82594
206,1,1597.16,729.08,47.47,100.59,1,1,0.83108
206,3,550.99,727.87,45.96,99.34,1,1,0.84709
206,4,709.85,343.85,39.75,92.38,1,1,0.83259
206,6,644.01,221.66,35.01,78.45,1,1,0.82659
206,7,1300.97,800.18,68.66,93.03,1,1,0.81311
206,8,564.16,337.34,44.55,93.18,1,1,0.81997
206,9,316.87,613.19,52.96,86.65,1,1,0.83397
206,11,866.57,420.09,34.53,77.52,1,1,0.83164
206,12,641.29,719.55,51.09,94.45,1,1,0.84474
206,13,938.11,306.25,30.61,70.32,1,1,0.79775
206,15,583.57,603.75,61.54,91.04,1,1,0.81452
206,17,671.84,277.99,40.27,84.4,1,1,0.83015
206,20,295.23,616.19,45.32,105.08,1,1,0.81209
206,23,395.91,324.15,49.44,83.27,1,1,0.83741
206,2,932.35,620.97,47.75,91.41,1,1,0.81747
206,19,439.88,446.98,45.56,88.44,1,1,0.84143
206,26,1322.28,368.91,38.56,72.22,1,1,0.8203
206,27,369.1,493.06,41.25,81.45,1,1,0.82101
206,25,767.14,341.04,39.77,79.21,1,1,0.82931
206,24,359.98,322.51,49.3,81.36,1,1,0.81115
207,0,651.57,495.92,39.95,101.71,1,1,0.8069
207,1,1596.76,731.67,46.38,96.54,1,1,0.82227
207,3,549.44,730.33,46.47,95.44,1,1,0.83599
207,4,708.45,346.15,40.01,90.11,1,1,0.81143
207,6,642.55,222.65,34.75,77.59,1,1,0.80919
207,7,1292.19,800.61,67.0,89.98,1,1,0.81372
207,8,564.38,338.13,43.37,92.38,1,1,0.80136
207,9,310.72,614.42,55.01,83.11,1,1,0.81298
207,11,864.81,421.69,34.16,81.16,1,1,0.81023
207,12,638.9,721.0,50.22,94.59,1,1,0.82002
207,13,936.42,308.25,30.63,67.71,1,1,0.77489
207,15,580.18,605.67,57.11,87.89,1,1,0.81576
207,17,670.93,278.47,40.24,84.42,1,1,0.80783
207,20,291.52,616.87,44.63,103.67,1,1,0.80241
207,23,392.92,325.17,47.3,81.53,1,1,0.80496
207,2,929.02,624.27,47.85,89.22,1,1,0.77891
207,19,441.08,446.67,45.01,91.51,1,1,0.81734
207,26,1321.76,371.91,37.3,69.16,1,1,0.79789
207,27,371.28,494.45,41.45,87.7,1,1,0.78193
207,25,766.04,341.98,39.39,80.0,1,1,0.80013
207,24,357.61,324.27,46.71,80.22,1,1,0.79425
208,0,650.14,495.7,39.74,100.2,1,1,0.80045
208,1,1597.3,733.17,46.7,92.97,1,1,0.82603
208,3,548.92,731.79,46.75,91.07,1,1,0.83608
208,4,707.64,348.22,40.24,87.33,1,1,0.80253
208,6,641.78,223.41,34.32,77.34,1,1,0.80116
208,7,1283.41,799.55,68.89,87.02,1,1,0.80478
208,8,564.74,338.9,42.32,91.55,1,1,0.78923
208,9,305.54,615.28,57.09,82.69,1,1,0.7958
208,11,863.61,423.17,33.65,84.44,1,1,0.8023
208,12,636.72,722.83,48.77,95.64,1,1,0.8273
208,13,937.06,310.6,29.02,67.31,1,1,0.7622
208,15,579.71,606.58,54.09,88.1,1,1,0.79654
208,17,670.65,278.81,39.39,83.93,1,1,0.79504
208,20,287.64,617.92,45.83,100.91,1,1,0.79501
208,23,391.25,326.43,43.51,80.46,1,1,0.77934
208,2,927.14,627.54,48.25,94.52,1,1,0.78675
208,19,442.73,446.6,43.82,93.89,1,1,0.79941
208,26,1321.13,373.64,37.39,66.73,1,1,0.79296
208,27,373.43,495.87,41.39,88.46,1,1,0.78068
208,25,765.98,343.18,38.76,83.88,1,1,0.78586
208,24,355.8,325.33,44.69,79.63,1,1,0.76924
209,0,648.77,495.23,39.8,98.64,1,1,0.80692
209,1,1597.52,733.55,47.37,89.5,1,1,0.83398
209,3,548.16,732.36,46.97,93.45,1,1,0.83515
209,4,706.82,349.91,40.28,85.34,1,1,0.80834
209,6,641.42,223.79,33.73,76.66,1,1,0.80619
209,7,1272.24,797.49,71.64,84.04,1,1,0.76411
209,8,564.93,339.45,41.86,91.25,1,1,0.79713
209,9,299.43,615.73,60.7,82.48,1,1,0.79173
209,11,861.85,424.75,33.57,86.2,1,1,0.80356
209,12,634.85,724.73,47.04,96.29,1,1,0.82131
209,13,936.72,312.97,28.47,65.23,1,1,0.75765
209,15,579.02,607.29,52.38,91.23,1,1,0.80595
209,17,670.38,279.05,39.04,83.52,1,1,0.80015
209,20,283.31,619.53,47.51,97.31,1,1,0.79985
209,23,389.14,327.33,42.04,80.37,1,1,0.79388
209,2,924.29,630.62,49.12,93.65,1,1,0.80232
209,19,444.17,446.63,43.17,95.52,1,1,0.80099
209,26,1318.56,375.2,40.09,66.46,1,1,0.79375
209,27,376.78,497.31,40.95,89.08,1,1,0.77956
209,25,765.73,344.31,38.69,85.85,1,1,0.78041
209,24,353.47,326.7,43.04,78.47,1,1,0.78387
210,0,649.82,494.71,39.89,98.16,1,1,0.81057
210,1,1598.9,733.47,47.74,88.24,1,1,0.83531
210,3,549.44,732.5,47.28,94.21,1,1,0.83884
210,4,707.85,350.32,40.52,84.7,1,1,0.81311
210,6,642.51,223.83,33.61,76.47,1,1,0.80848
210,7,1269.46,796.58,73.16,83.22,1,1,0.767
210,8,566.4,339.54,41.64,91.12,1,1,0.80244
210,9,298.91,615.61,62.15,82.26,1,1,0.80134
210,11,862.53,425.07,33.6,86.99,1,1,0.80558
210,12,635.53,725.25,46.55,96.81,1,1,0.82664
210,13,937.84,313.62,28.36,64.51,1,1,0.75986
210,15,580.15,607.43,51.67,92.43,1,1,0.81229
210,17,671.6,278.88,38.93,83.45,1,1,0.80293
210,20,282.85,620.19,48.46,95.84,1,1,0.80506
210,23,389.5,327.46,41.64,80.37,1,1,0.79943
210,2,924.61,631.55,49.59,93.4,1,1,0.80521
210,19,445.98,446.6,42.89,96.01,1,1,0.80588
210,26,1318.97,375.52,41.2,66.46,1,1,0.79527
210,27,379.45,497.63,40.72,89.13,1,1,0.78886
210,25,766.86,344.52,38.71,86.85,1,1,0.78573
210,24,353.84,327.04,42.51,78.16,1,1,0.78842
211,0,648.0,493.23,39.74,97.36,1,1,0.78492
211,1,1597.42,733.34,47.91,89.87,1,1,0.81742
211,3,548.21,732.69,47.33,97.24,1,1,0.81683
211,4,707.26,350.34,40.13,83.0,1,1,0.78584
211,6,641.53,223.91,33.69,75.78,1,1,0.79256
211,7,1261.66,794.42,67.04,78.35,1,1,0.73953
211,8,566.67,339.36,40.43,90.39,1,1,0.77909
211,9,293.15,616.11,63.76,79.26,1,1,0.78258
211,11,860.06,426.39,33.43,86.58,1,1,0.79058
211,12,633.85,727.34,43.65,96.65,1,1,0.80261
211,13,937.5,314.97,27.83,61.6,1,1,0.7231
211,15,579.78,608.18,49.76,91.4,1,1,0.77501
211,17,671.45,278.31,38.31,83.35,1,1,0.77811
211,20,278.85,621.64,50.49,92.17,1,1,0.79661
211,23,387.46,327.38,41.17,77.93,1,1,0.77524
211,2,921.08,633.32,49.8,89.44,1,1,0.79528
211,19,447.0,446.83,41.89,95.1,1,1,0.78225
211,26,1317.87,376.75,41.21,67.59,1,1,0.79878
211,27,382.01,498.88,39.58,86.61,1,1,0.74471
211,25,766.42,345.38,38.62,86.7,1,1,0.76176
211,24,351.85,327.11,41.84,76.38,1,1,0.76569
212,0,644.4,489.38,39.81,96.68,1,1,0.80262
212,1,1593.51,732.64,51.38,96.63,1,1,0.8413
212,3,546.45,733.06,46.45,100.54,1,1,0.83231
212,4,705.54,348.66,40.15,83.35,1,1,0.79011
212,6,639.51,222.38,33.7,75.69,1,1,0.80787
212,7,1244.97,786.32,55.08,74.88,1,1,0.77048
212,8,564.87,337.63,40.38,89.16,1,1,0.79762
212,9,287.41,614.05,60.44,76.34,1,1,0.81702
212,11,854.59,428.36,34.31,83.28,1,1,0.80291
212,12,630.47,727.32,41.2,94.73,1,1,0.827
212,13,935.14,316.1,28.44,62.73,1,1,0.76035
212,15,576.11,609.8,49.32,92.39,1,1,0.81309
212,17,669.66,276.37,37.59,83.01,1,1,0.79928
212,20,270.25,620.7,52.31,91.12,1,1,0.80056
212,23,381.83,326.49,42.78,77.41,1,1,0.80301
212,2,912.94,633.15,52.33,86.81,1,1,0.81026
212,19,447.68,446.95,40.54,93.0,1,1,0.816
212,26,1316.78,377.44,38.24,71.04,1,1,0.78574
212,27,385.52,499.69,39.15,85.16,1,1,0.79335
212,25,765.32,346.4,38.6,85.87,1,1,0.77758
212,24,348.94,326.23,41.87,76.29,1,1,0.78828
213,0,645.61,488.5,39.9,96.42,1,1,0.80328
213,1,1594.86,732.85,52.61,99.2,1,1,0.84149
213,3,548.51,733.67,46.1,101.8,1,1,0.83248
213,4,707.43,348.52,40.32,83.55,1,1,0.79149
213,6,641.47,222.28,33.71,75.7,1,1,0.80823
213,7,1241.77,783.97,50.69,73.68,1,1,0.76889
213,8,566.84,337.43,40.42,88.81,1,1,0.79861
213,9,288.27,613.79,59.15,75.31,1,1,0.8164
213,11,855.31,429.55,34.64,82.0,1,1,0.80331
213,12,631.87,727.77,40.31,93.98,1,1,0.82642
213,13,936.94,316.95,28.64,63.19,1,1,0.75941
213,15,577.48,610.88,49.17,92.76,1,1,0.81336
213,17,671.69,276.17,37.36,82.9,1,1,0.8
213,20,269.76,620.81,53.0,90.74,1,1,0.80039
213,23,382.4,326.63,43.35,77.29,1,1,0.80251
213,2,912.65,633.48,53.26,85.87,1,1,0.81046
213,19,450.48,447.5,40.11,92.28,1,1,0.81639
213,26,1319.05,378.19,37.1,72.34,1,1,0.7855
213,27,389.35,500.43,39.05,84.63,1,1,0.79328
213,25,767.6,347.27,38.6,85.56,1,1,0.77881
213,24,350.65,326.39,41.78,76.25,1,1,0.78684
214,0,643.14,481.36,39.65,95.53,1,1,0.80881
214,1,1593.76,730.78,52.53,99.32,1,1,0.83401
214,3,546.77,731.83,45.86,103.47,1,1,0.8251
214,4,705.7,344.1,41.12,84.67,1,1,0.80198
214,6,639.85,218.04,34.04,74.54,1,1,0.80689
214,7,1226.13,774.49,49.68,70.15,1,1,0.74601
214,8,566.65,332.8,39.66,87.42,1,1,0.78948
214,9,282.08,606.4,51.23,79.02,1,1,0.78802
214,11,852.16,426.47,34.31,78.51,1,1,0.78716
214,12,627.84,723.51,40.84,95.22,1,1,0.82184
214,13,936.29,314.37,28.3,61.53,1,1,0.76211
214,15,574.81,608.62,49.15,89.3,1,1,0.80965
214,17,670.18,271.77,36.62,82.14,1,1,0.79507
214,20,260.17,618.37,55.27,94.52,1,1,0.76889
214,23,378.14,323.34,43.47,77.09,1,1,0.81306
214,2,906.72,629.83,55.27,87.94,1,1,0.81203
214,19,451.75,444.1,39.84,89.13,1,1,0.81618
214,26,1317.85,378.39,36.22,71.52,1,1,0.76517
214,27,392.45,496.0,39.37,82.68,1,1,0.77657
214,25,766.82,345.49,38.33,81.4,1,1,0.75867
214,24,344.75,322.25,42.53,76.6,1,1,0.80201
215,0,644.49,480.36,39.55,95.19,1,1,0.80961
215,1,1595.61,731.61,52.48,99.34,1,1,0.83453
215,3,548.33,732.72,45.81,104.13,1,1,0.82583
215,4,707.27,344.04,41.41,85.12,1,1,0.80328
215,6,641.45,218.06,34.15,74.13,1,1,0.8079
215,7,1223.12,772.68,49.36,68.9,1,1,0.74508
215,8,568.74,332.69,39.42,86.93,1,1,0.79017
215,9,282.21,605.3,48.29,80.36,1,1,0.78963
215,11,853.28,426.84,34.18,77.17,1,1,0.78728
215,12,628.57,723.48,41.03,95.69,1,1,0.82226
215,13,938.21,314.94,28.17,60.96,1,1,0.76633
215,15,576.11,609.36,49.12,87.95,1,1,0.80989
215,17,671.77,271.74,36.37,81.86,1,1,0.79609
215,20,258.8,619.04,56.01,95.91,1,1,0.7695
215,23,378.82,323.72,43.6,77.04,1,1,0.81417
215,2,906.82,630.01,55.97,88.74,1,1,0.81175
215,19,454.32,444.44,39.73,87.92,1,1,0.81724
215,26,1319.5,380.04,35.94,71.25,1,1,0.76598
215,27,395.73,495.91,39.49,81.62,1,1,0.77891
215,25,768.73,346.41,38.24,79.79,1,1,0.75981
215,24,344.83,322.29,42.84,76.77,1,1,0.80363
216,0,643.0,475.59,39.58,94.68,1,1,0.82517
216,1,1595.45,729.73,52.48,98.23,1,1,0.80378
216,3,547.23,730.21,45.79,101.42,1,1,0.82878
216,4,706.91,340.83,41.66,85.39,1,1,0.81628
216,6,641.3,214.26,34.27,74.66,1,1,0.81585
216,7,1214.28,766.2,52.47,70.03,1,1,0.79193
216,8,568.76,328.3,38.64,86.82,1,1,0.79321
216,9,278.2,600.77,43.94,82.0,1,1,0.77609
216,11,851.6,423.86,34.29,75.07,1,1,0.80056
216,12,627.1,720.84,40.28,95.69,1,1,0.82347
216,13,936.86,312.2,29.44,64.91,1,1,0.77877
216,15,575.11,606.42,49.51,85.76,1,1,0.81826
216,17,671.41,267.96,36.29,82.08,1,1,0.80871
216,20,255.54,617.34,54.06,96.14,1,1,0.75447
216,23,377.94,320.9,42.52,75.67,1,1,0.81936
216,2,904.55,628.06,55.96,89.43,1,1,0.81827
216,19,455.35,440.77,39.82,86.56,1,1,0.82543
216,26,1319.37,379.07,35.54,68.24,1,1,0.78929
216,27,397.06,492.67,38.62,80.73,1,1,0.78692
216,25,768.3,343.86,37.91,78.04,1,1,0.79351
216,24,342.66,319.28,43.12,76.27,1,1,0.80171
217,0,642.92,473.82,39.26,93.74,1,1,0.83451
217,1,1595.36,729.99,50.52,96.26,1,1,0.81616
217,3,547.24,730.12,45.56,97.08,1,1,0.83292
217,4,707.07,340.02,41.64,85.65,1,1,0.81959
217,6,641.96,213.29,34.73,74.29,1,1,0.82443
217,7,1205.84,764.18,54.96,70.73,1,1,0.82043
217,8,570.23,327.02,37.74,86.19,1,1,0.75924
217,9,275.67,598.52,39.47,81.69,1,1,0.75294
217,11,850.29,423.39,34.37,75.31,1,1,0.81314
217,12,627.0,721.48,40.43,96.6,1,1,0.82829
217,13,936.76,312.37,29.15,66.06,1,1,0.77504
217,15,576.26,605.93,50.18,81.87,1,1,0.81831
217,17,671.24,267.06,36.89,82.31,1,1,0.82099
217,20,254.2,617.83,50.72,92.55,1,1,0.76859
217,23,378.03,320.49,41.55,74.4,1,1,0.823
217,2,905.01,629.33,53.18,89.6,1,1,0.83431
217,19,458.47,439.09,39.61,84.4,1,1,0.83537
217,26,1318.76,378.93,35.61,66.77,1,1,0.81307
217,27,400.03,492.36,38.16,80.02,1,1,0.79502
217,25,768.61,343.39,37.09,76.37,1,1,0.78951
217,24,341.64,318.94,43.45,75.88,1,1,0.80185
218,0,642.24,472.98,38.69,93.15,1,1,0.82163
218,1,1593.83,730.13,46.32,97.91,1,1,0.78299
218,3,547.15,730.82,43.81,93.2,1,1,0.8225
218,4,707.37,342.58,41.31,83.77,1,1,0.81607
218,6,642.54,214.64,33.37,73.02,1,1,0.81733
218,7,1187.61,759.89,61.99,75.22,1,1,0.78401
218,8,571.16,327.28,36.29,85.55,1,1,0.75365
218,11,849.68,426.21,33.82,78.52,1,1,0.79303
218,12,625.32,725.53,40.99,93.57,1,1,0.82423
218,13,935.47,316.2,29.36,64.98,1,1,0.77535
218,15,577.79,607.07,50.94,81.04,1,1,0.81455
218,17,670.48,269.32,37.54,80.85,1,1,0.80942
218,20,250.14,615.89,48.64,88.64,1,1,0.75864
218,23,378.65,322.07,38.68,72.39,1,1,0.81356
218,2,904.41,633.87,47.58,83.68,1,1,0.81401
218,19,462.13,438.66,38.97,84.49,1,1,0.81394
218,26,1315.11,382.37,34.87,63.69,1,1,0.79168
218,27,403.92,494.04,38.45,85.41,1,1,0.77562
218,25,769.09,345.04,35.95,78.59,1,1,0.74859
218,24,337.44,322.13,42.73,73.85,1,1,0.79522
219,0,642.52,472.33,38.54,92.83,1,1,0.81969
219,1,1593.72,730.14,43.99,96.7,1,1,0.77558
219,3,548.16,731.01,43.24,95.41,1,1,0.81815
219,4,709.64,343.79,40.62,82.29,1,1,0.81567
219,6,644.04,215.11,32.84,72.41,1,1,0.82013
219,7,1174.91,757.4,60.61,78.46,1,1,0.76982
219,8,572.37,327.44,36.09,85.69,1,1,0.75481
219,11,848.79,428.11,34.61,79.66,1,1,0.78345
219,12,625.81,727.73,41.15,94.15,1,1,0.81742
219,13,935.07,318.88,29.86,65.87,1,1,0.7852
219,15,579.88,608.38,52.05,77.9,1,1,0.80227
219,17,670.34,270.09,38.53,80.49,1,1,0.81029
219,20,248.67,612.26,46.43,90.68,1,1,0.7588
219,23,379.55,322.68,37.51,71.57,1,1,0.81224
219,2,903.9,637.15,45.11,79.55,1,1,0.81628
219,19,464.44,438.29,40.06,86.15,1,1,0.81653
219,26,1312.87,384.46,38.03,68.3,1,1,0.80255
219,27,408.41,495.65,39.82,85.81,1,1,0.79696
219,25,769.83,346.19,36.66,80.75,1,1,0.76097
219,24,334.04,324.8,44.09,71.55,1,1,0.7969
220,0,642.92,472.6,38.36,92.29,1,1,0.8243
220,1,1594.44,731.54,41.83,90.26,1,1,0.7981
220,3,548.97,732.18,43.43,97.59,1,1,0.82706
220,4,712.17,346.35,39.78,79.95,1,1,0.81899
220,6,645.35,216.63,32.7,71.75,1,1,0.82246
220,7,1165.26,755.62,54.94,82.12,1,1,0.7933
220,8,573.92,329.51,35.85,84.79,1,1,0.77756
220,11,849.49,431.78,34.3,80.05,1,1,0.78431
220,12,625.24,729.49,40.81,96.03,1,1,0.82581
220,13,936.07,322.24,29.36,65.2,1,1,0.80022
220,15,585.62,610.29,49.85,85.4,1,1,0.81195
220,17,670.09,271.8,39.35,80.15,1,1,0.81109
220,20,247.43,610.48,43.46,95.71,1,1,0.77381
220,23,380.27,324.42,37.98,69.65,1,1,0.82363
220,2,903.91,640.21,43.49,79.91,1,1,0.81583
220,19,467.29,439.44,41.38,86.64,1,1,0.82302
220,26,1311.93,387.88,40.2,71.69,1,1,0.80187
220,27,412.99,498.57,40.7,82.97,1,1,0.80132
220,25,771.55,349.24,36.75,80.73,1,1,0.76594
220,24,331.61,328.6,45.66,70.49,1,1,0.80952
220,28,1547.05,667.0,42.29,82.72,1,1,0.81087
221,0,643.69,472.6,38.25,91.9,1,1,0.81225
221,1,1595.82,733.32,40.25,86.98,1,1,0.78757
221,3,549.9,733.94,43.59,97.42,1,1,0.80952
221,4,714.59,347.95,38.46,78.29,1,1,0.79307
221,6,646.85,218.12,32.33,70.96,1,1,0.8046
221,7,1157.16,754.03,47.53,81.79,1,1,0.80382
221,8,575.74,330.56,35.38,84.57,1,1,0.76475
221,11,850.69,435.04,33.29,79.07,1,1,0.77064
221,12,626.34,730.81,40.37,96.34,1,1,0.80848
221,13,936.37,325.03,29.03,64.21,1,1,0.78957
221,15,590.99,612.39,47.67,87.76,1,1,0.78759
221,17,671.37,273.66,39.36,79.33,1,1,0.79717
221,20,246.71,613.11,40.34,96.82,1,1,0.7613
221,23,380.65,325.54,38.74,68.01,1,1,0.80923
221,2,904.28,642.54,41.14,80.44,1,1,0.79912
221,19,470.21,441.12,42.5,86.79,1,1,0.80216
221,26,1312.78,391.02,39.26,70.88,1,1,0.78991
221,27,418.26,501.5,40.06,81.39,1,1,0.78212
221,25,774.84,352.07,35.24,80.24,1,1,0.72611
221,24,332.09,331.81,45.15,69.38,1,1,0.79511
221,28,1543.0,669.47,44.16,84.53,1,1,0.81537
222,0,643.52,472.84,38.41,91.48,1,1,0.82714
222,1,1597.65,735.86,40.45,84.81,1,1,0.80814
222,3,550.08,736.9,43.55,98.06,1,1,0.82093
222,4,716.42,349.12,37.98,77.48,1,1,0.80625
222,6,647.7,219.11,31.85,70.31,1,1,0.81088
222,7,1150.26,753.08,45.52,81.96,1,1,0.81642
222,8,576.79,332.13,34.93,83.39,1,1,0.78096
222,11,852.25,438.54,32.74,76.47,1,1,0.77952
222,12,626.96,732.67,40.93,98.67,1,1,0.82447
222,13,936.63,327.15,29.16,62.97,1,1,0.79425
222,15,593.23,615.19,47.57,87.87,1,1,0.80696
222,17,672.06,274.81,39.39,79.0,1,1,0.80443
222,20,243.09,618.46,37.71,96.83,1,1,0.77925
222,23,379.79,326.38,39.73,67.48,1,1,0.81953
222,2,903.58,644.9,38.78,82.53,1,1,0.81118
222,19,472.64,443.47,43.31,85.79,1,1,0.82066
222,26,1314.07,393.91,37.23,67.78,1,1,0.79116
222,27,422.2,504.08,39.43,78.96,1,1,0.79621
222,25,775.88,353.85,35.21,79.81,1,1,0.75314
222,24,331.75,334.71,44.08,69.05,1,1,0.80431
222,28,1539.34,671.73,46.79,84.65,1,1,0.8462
223,0,643.78,472.78,38.43,91.32,1,1,0.82952
223,1,1598.71,736.63,40.46,83.91,1,1,0.80867
223,3,550.51,737.8,43.39,98.33,1,1,0.82133
223,4,717.54,349.31,37.88,77.17,1,1,0.8068
223,6,648.44,219.31,31.56,69.9,1,1,0.81276
223,7,1148.4,752.58,44.91,82.0,1,1,0.81915
223,8,577.44,332.69,34.89,82.92,1,1,0.78494
223,11,853.25,439.65,32.62,75.43,1,1,0.77971
223,12,627.42,733.09,41.39,99.36,1,1,0.82538
223,13,937.22,327.66,29.17,62.69,1,1,0.7974
223,15,594.63,616.0,47.45,88.04,1,1,0.8092
223,17,672.88,275.0,39.34,79.03,1,1,0.80678
223,20,242.31,620.7,36.67,96.43,1,1,0.78444
223,23,379.8,326.53,39.89,67.31,1,1,0.82077
223,2,903.76,645.57,38.18,83.26,1,1,0.8134
223,19,473.87,444.19,43.45,85.2,1,1,0.82237
223,26,1314.93,394.69,36.54,66.71,1,1,0.79259
223,27,424.01,504.84,38.95,77.63,1,1,0.79808
223,25,776.87,354.41,35.06,79.54,1,1,0.75432
223,24,331.97,335.5,43.51,69.09,1,1,0.80606
223,28,1538.66,672.68,47.45,83.79,1,1,0.84682
224,0,643.38,472.74,38.53,91.34,1,1,0.83634
224,1,1601.28,739.72,40.39,83.91,1,1,0.81309
224,3,550.82,740.25,43.31,100.18,1,1,0.82203
224,4,718.24,349.48,37.69,78.47,1,1,0.81653
224,6,648.7,219.37,31.51,69.65,1,1,0.8172
224,7,1143.08,751.33,47.87,83.65,1,1,0.8291
224,8,577.35,333.2,34.95,82.42,1,1,0.79847
224,11,855.04,441.65,31.26,73.48,1,1,0.78001
224,12,628.72,734.9,41.35,98.23,1,1,0.83106
224,13,937.99,329.03,30.38,68.28,1,1,0.80237
224,15,595.51,617.38,48.52,87.18,1,1,0.81195
224,17,672.97,274.96,39.23,79.37,1,1,0.81399
224,20,238.94,625.22,35.42,95.27,1,1,0.79312
224,23,379.16,326.54,40.0,69.0,1,1,0.82236
224,2,903.34,647.45,38.39,84.55,1,1,0.81074
224,19,475.62,445.52,44.05,84.16,1,1,0.82385
224,26,1316.51,396.69,35.47,64.61,1,1,0.79894
224,27,425.78,507.03,39.73,76.25,1,1,0.80018
224,25,777.44,355.93,35.09,78.28,1,1,0.77605
224,24,331.66,336.99,42.22,70.13,1,1,0.8116
224,28,1536.54,673.15,49.26,84.11,1,1,0.85706
224,9,251.48,606.62,38.24,77.24,1,1,0.70583
225,0,642.73,472.55,38.96,91.19,1,1,0.83912
225,1,1604.51,743.15,40.94,80.08,1,1,0.80239
225,3,551.03,743.24,43.63,98.62,1,1,0.8243
225,4,719.16,349.42,38.03,80.25,1,1,0.81907
225,6,648.94,219.3,31.65,69.31,1,1,0.82051
225,7,1137.04,750.16,50.63,83.29,1,1,0.80056
225,8,577.15,333.35,35.24,82.15,1,1,0.79744
225,11,856.82,443.57,30.76,71.18,1,1,0.77841
225,12,630.91,737.59,40.85,95.66,1,1,0.83614
225,13,940.14,330.58,31.05,71.56,1,1,0.79912
225,15,598.05,619.44,47.98,85.39,1,1,0.81945
225,17,673.06,274.57,39.57,79.58,1,1,0.81977
225,20,232.4,629.46,37.57,93.46,1,1,0.79214
225,23,379.16,326.49,39.94,72.38,1,1,0.82573
225,2,901.46,649.9,40.68,86.42,1,1,0.82124
225,19,477.73,446.81,44.27,82.59,1,1,0.82718
225,26,1317.37,398.38,35.08,63.38,1,1,0.79549
225,27,427.36,508.73,41.29,73.45,1,1,0.80018
225,25,777.69,357.74,35.79,76.64,1,1,0.79251
225,24,331.33,337.98,42.07,71.32,1,1,0.81552
225,28,1534.12,675.02,52.28,83.7,1,1,0.86278
225,9,248.9,607.05,38.7,75.79,1,1,0.74733
226,0,642.27,472.43,39.32,90.86,1,1,0.84139
226,1,1607.09,746.74,42.32,81.08,1,1,0.77161
226,3,551.68,745.74,43.75,96.2,1,1,0.83092
226,4,720.47,349.55,37.86,80.2,1,1,0.82143
226,6,649.21,218.92,31.82,68.98,1,1,0.82176
226,7,1128.63,747.39,43.83,79.66,1,1,0.77624
226,8,576.72,333.16,35.31,82.17,1,1,0.80083
226,11,857.93,444.71,30.84,70.91,1,1,0.78401
226,12,632.71,739.35,40.6,92.9,1,1,0.83934
226,13,942.66,332.08,30.7,72.33,1,1,0.78365
226,15,600.15,621.08,48.62,82.62,1,1,0.82835
226,17,673.47,274.04,39.66,79.72,1,1,0.82192
226,20,223.78,632.49,42.32,91.14,1,1,0.7958
226,23,379.3,326.61,39.55,75.05,1,1,0.82817
226,2,898.66,652.46,43.38,86.83,1,1,0.83507
226,19,479.92,447.12,44.2,81.2,1,1,0.82882
226,26,1318.34,399.65,34.69,63.95,1,1,0.79542
226,27,429.11,510.19,42.62,72.77,1,1,0.79676
226,25,777.93,359.03,36.01,74.96,1,1,0.80131
226,24,330.82,338.33,41.14,71.72,1,1,0.81845
226,28,1531.26,677.44,55.4,86.15,1,1,0.86278
226,9,244.43,607.36,40.03,75.14,1,1,0.75864
227,0,642.19,471.91,39.6,89.99,1,1,0.84132
227,1,1611.22,750.0,42.48,85.38,1,1,0.80697
227,3,552.73,747.77,43.09,93.8,1,1,0.83143
227,4,721.73,349.66,38.25,80.03,1,1,0.81718
227,6,650.06,217.87,32.13,69.11,1,1,0.82422
227,7,1118.86,744.96,44.95,77.88,1,1,0.81044
227,8,577.41,332.68,35.34,82.76,1,1,0.80001
227,11,858.88,445.84,31.39,73.77,1,1,0.78701
227,12,634.83,739.91,41.16,90.07,1,1,0.82996
227,13,945.3,333.57,30.5,70.61,1,1,0.7898
227,15,603.31,621.86,48.98,79.67,1,1,0.82168
227,17,674.87,273.54,38.69,79.35,1,1,0.81999
227,20,216.22,633.01,46.85,90.1,1,1,0.81434
227,23,379.74,326.71,39.4,75.68,1,1,0.82706
227,2,897.67,655.6,45.4,83.97,1,1,0.8345
227,19,483.9,446.72,42.8,78.93,1,1,0.82268
227,26,1319.29,401.03,34.73,65.54,1,1,0.79443
227,27,435.34,512.05,41.06,71.56,1,1,0.78134
227,25,777.79,359.36,35.27,73.28,1,1,0.79991
227,24,330.82,338.6,40.01,71.1,1,1,0.81582
227,28,1529.06,679.7,55.65,89.54,1,1,0.85902
227,9,240.48,607.93,41.23,73.07,1,1,0.77733
228,0,642.26,471.35,39.5,89.3,1,1,0.84471
228,1,1616.25,752.25,41.9,86.71,1,1,0.82228
228,3,553.29,749.18,42.41,94.38,1,1,0.8342
228,4,723.53,349.81,38.1,77.33,1,1,0.82175
228,6,650.68,216.37,31.97,69.52,1,1,0.82494
228,7,1111.45,743.21,44.37,77.18,1,1,0.80642
228,8,577.71,332.4,35.59,82.68,1,1,0.80534
228,11,860.19,447.3,33.05,78.07,1,1,0.78718
228,12,636.98,740.24,41.14,87.46,1,1,0.83404
228,13,946.75,335.31,30.82,68.77,1,1,0.80347
228,15,604.37,621.85,50.74,83.58,1,1,0.82451
228,17,676.39,272.44,38.23,79.13,1,1,0.82781
228,20,207.51,633.36,53.37,91.29,1,1,0.82351
228,23,379.86,326.77,39.95,75.57,1,1,0.83725
228,2,897.29,658.66,46.69,80.45,1,1,0.8404
228,19,487.97,445.93,41.57,78.28,1,1,0.82796
228,26,1321.0,402.41,35.26,67.2,1,1,0.80151
228,27,439.3,514.01,41.16,73.2,1,1,0.7958
228,25,778.23,359.15,35.18,72.57,1,1,0.80538
228,24,330.82,338.76,39.05,70.41,1,1,0.82012
228,28,1527.11,680.71,54.43,92.81,1,1,0.86003
228,9,236.52,608.84,42.38,69.93,1,1,0.79487
229,0,641.57,469.31,39.98,88.94,1,1,0.84801
229,1,1621.23,752.43,41.56,86.14,1,1,0.82573
229,3,553.5,748.95,42.54,97.03,1,1,0.83011
229,4,725.1,349.17,37.95,76.64,1,1,0.81505
229,6,650.74,214.38,32.03,69.67,1,1,0.82107
229,7,1103.36,741.13,43.06,78.99,1,1,0.82136
229,8,577.17,330.17,36.4,83.32,1,1,0.80596
229,11,861.12,447.4,34.99,79.88,1,1,0.77028
229,12,638.77,740.33,41.57,87.65,1,1,0.83538
229,13,947.79,336.25,31.19,67.77,1,1,0.80876
229,15,604.71,622.12,52.71,86.69,1,1,0.82183
229,17,677.13,270.16,37.87,79.15,1,1,0.82768
229,20,199.87,633.12,57.89,92.06,1,1,0.82025
229,23,379.72,325.62,39.83,74.57,1,1,0.83722
229,2,897.28,660.26,47.29,76.97,1,1,0.83992
229,19,490.66,443.79,40.88,80.0,1,1,0.8297
229,26,1321.74,402.86,36.03,69.9,1,1,0.79848
229,27,445.18,515.22,39.67,76.08,1,1,0.78754
229,25,779.23,358.22,35.38,73.6,1,1,0.79763
229,24,330.31,337.81,38.59,69.16,1,1,0.82195
229,28,1524.85,680.53,52.3,94.16,1,1,0.85942
229,9,230.82,609.35,43.55,66.31,1,1,0.78966
230,0,640.05,464.77,40.84,88.65,1,1,0.85359
230,1,1628.22,751.64,43.97,93.26,1,1,0.83639
230,3,553.03,748.45,42.53,99.47,1,1,0.82855
230,4,727.31,346.76,38.82,75.7,1,1,0.82279
230,6,651.01,209.57,32.94,70.46,1,1,0.82779
230,7,1090.84,738.5,41.78,82.94,1,1,0.84317
230,8,576.08,325.58,37.52,83.64,1,1,0.81037
230,11,864.24,447.16,35.61,81.25,1,1,0.78531
230,12,641.21,740.7,42.42,89.33,1,1,0.83073
230,13,951.0,336.04,32.76,69.81,1,1,0.7992
230,15,607.55,620.21,55.23,90.56,1,1,0.8316
230,17,678.34,265.4,36.76,78.85,1,1,0.83624
230,20,195.94,633.18,52.64,93.32,1,1,0.80933
230,23,379.09,321.91,39.8,73.27,1,1,0.84489
230,2,894.72,662.64,51.31,78.04,1,1,0.85148
230,19,493.95,439.74,42.06,85.05,1,1,0.82757
230,26,1324.2,403.55,35.71,69.93,1,1,0.80222
230,27,452.92,514.82,38.71,76.77,1,1,0.77874
230,25,779.66,355.43,36.21,77.45,1,1,0.80349
230,24,329.41,334.74,37.64,69.12,1,1,0.8295
230,28,1520.07,679.8,52.48,91.5,1,1,0.86157
230,9,219.59,607.7,44.64,67.79,1,1,0.74533
231,0,639.77,464.85,40.92,88.88,1,1,0.84935
231,1,1630.99,753.53,44.75,95.45,1,1,0.82892
231,3,553.21,750.2,42.48,100.17,1,1,0.82639
231,4,728.33,347.97,38.96,76.14,1,1,0.81942
231,6,651.16,209.86,33.23,70.57,1,1,0.82066
231,7,1087.06,739.43,41.28,84.53,1,1,0.84171
231,8,575.89,326.32,37.82,83.5,1,1,0.80241
231,11,865.72,449.18,35.66,81.69,1,1,0.78035
231,12,642.23,742.47,42.51,90.08,1,1,0.82927
231,13,952.38,337.5,33.17,70.76,1,1,0.79325
231,15,608.88,621.54,56.22,91.83,1,1,0.82569
231,17,679.09,265.88,36.19,78.73,1,1,0.8308
231,20,194.95,635.13,49.73,93.53,1,1,0.80509
231,23,379.06,322.64,39.58,73.06,1,1,0.84121
231,2,894.18,665.48,52.89,78.2,1,1,0.84527
231,19,495.59,440.18,42.25,86.69,1,1,0.81922
231,26,1325.27,406.09,35.45,69.59,1,1,0.79426
231,27,455.96,516.83,38.0,76.8,1,1,0.77285
231,25,780.18,356.32,36.36,78.83,1,1,0.79672
231,24,329.7,335.58,37.1,69.3,1,1,0.82434
231,28,1518.91,681.73,52.21,89.94,1,1,0.85955
231,9,215.29,608.64,45.07,69.9,1,1,0.73155
232,0,638.15,461.98,40.87,88.27,1,1,0.84886
232,1,1636.51,754.4,48.48,97.24,1,1,0.83231
232,3,550.84,752.1,44.73,100.63,1,1,0.83074
232,4,730.39,346.16,39.26,76.31,1,1,0.83077
232,6,650.65,207.33,33.28,70.38,1,1,0.82564
232,7,1069.21,738.48,48.44,84.25,1,1,0.84116
232,8,576.35,324.03,37.08,81.95,1,1,0.80377
232,11,867.09,451.13,36.53,78.31,1,1,0.7914
232,12,643.48,742.91,45.77,92.42,1,1,0.84016
232,13,956.47,339.48,33.9,71.47,1,1,0.78786
232,15,617.5,621.95,52.77,92.78,1,1,0.83575
232,17,679.33,263.3,35.83,79.4,1,1,0.83055
232,20,190.19,638.41,41.33,95.94,1,1,0.81006
232,23,378.3,320.22,41.0,73.25,1,1,0.84408
232,2,897.56,670.11,53.02,81.28,1,1,0.84191
232,19,498.27,439.42,41.08,87.19,1,1,0.83712
232,26,1326.62,406.68,36.0,67.85,1,1,0.79834
232,27,455.29,518.38,43.6,73.1,1,1,0.82529
232,25,781.42,355.52,36.56,81.64,1,1,0.82038
232,24,328.68,334.62,36.94,72.42,1,1,0.83545
232,28,1513.12,681.6,51.5,87.49,1,1,0.85875
232,9,206.55,607.31,43.03,67.83,1,1,0.7672
233,0,637.85,462.24,40.81,88.06,1,1,0.84844
233,1,1638.85,756.02,49.88,97.82,1,1,0.83161
233,3,550.17,754.04,45.68,100.82,1,1,0.8308
233,4,731.4,346.77,39.31,76.38,1,1,0.83017
233,6,650.71,207.71,33.31,70.3,1,1,0.82527
233,7,1063.08,739.56,50.94,84.05,1,1,0.84058
233,8,576.82,324.46,36.75,81.36,1,1,0.80294
233,11,867.97,453.1,36.75,77.16,1,1,0.79084
233,12,644.26,744.3,46.9,93.32,1,1,0.83921
233,13,958.25,341.49,34.18,71.72,1,1,0.78774
233,15,621.05,623.4,51.44,93.12,1,1,0.8364
233,17,679.66,263.62,35.68,79.67,1,1,0.83046
233,20,189.0,640.97,38.12,96.74,1,1,0.80989
233,23,378.25,320.6,41.47,73.3,1,1,0.84415
233,2,899.2,673.05,53.08,82.41,1,1,0.841
233,19,499.42,440.44,40.65,87.4,1,1,0.83627
233,26,1327.42,408.12,36.17,67.17,1,1,0.79749
233,27,455.47,520.16,45.61,71.73,1,1,0.82392
233,25,782.09,356.53,36.63,82.74,1,1,0.82113
233,24,328.59,335.52,36.87,73.57,1,1,0.83515
233,28,1511.27,682.77,51.17,86.53,1,1,0.8586
233,9,203.74,608.17,42.0,66.78,1,1,0.76762
234,0,637.17,461.19,40.59,87.46,1,1,0.84788
234,1,1641.47,757.61,50.56,99.26,1,1,0.83697
234,3,549.44,754.86,45.68,99.55,1,1,0.83431
234,4,732.06,345.92,39.65,76.98,1,1,0.83353
234,6,650.29,206.52,33.3,71.19,1,1,0.82682
234,7,1057.99,738.98,52.22,84.55,1,1,0.85645
234,8,577.11,324.73,36.13,79.51,1,1,0.79396
234,11,869.28,453.48,36.88,75.47,1,1,0.79612
234,12,643.92,746.39,48.54,92.32,1,1,0.84858
234,13,960.91,340.36,34.64,73.05,1,1,0.74726
234,15,627.22,624.06,48.35,92.21,1,1,0.8375
234,17,679.48,262.66,35.65,79.84,1,1,0.83266
234,20,184.51,642.99,38.98,96.72,1,1,0.81464
234,23,377.61,319.61,42.9,74.97,1,1,0.84447
234,2,898.52,676.37,54.93,84.04,1,1,0.84788
234,19,500.2,440.53,40.35,87.85,1,1,0.83597
234,26,1328.12,408.59,35.69,65.68,1,1,0.79839
234,27,454.87,520.1,50.23,73.62,1,1,0.83076
234,25,782.75,357.44,36.54,82.4,1,1,0.82683
234,24,327.34,335.38,37.44,75.27,1,1,0.83571
234,28,1508.22,683.57,54.17,89.56,1,1,0.8661
234,9,201.33,607.54,41.04,70.85,1,1,0.77668
235,0,636.57,460.17,40.45,87.24,1,1,0.84914
235,1,1645.49,760.36,49.6,101.24,1,1,0.83986
235,3,548.98,755.32,45.39,98.5,1,1,0.83981
235,4,732.6,344.5,40.1,79.4,1,1,0.83811
235,6,649.96,205.33,33.23,71.35,1,1,0.82842
235,7,1053.65,738.32,51.85,83.91,1,1,0.85443
235,8,576.89,323.12,36.21,79.77,1,1,0.8004
235,11,869.36,453.03,37.67,73.62,1,1,0.7962
235,12,642.8,747.68,51.17,92.49,1,1,0.85697
235,13,963.65,339.14,35.03,73.39,1,1,0.7516
235,15,633.15,624.96,45.92,90.45,1,1,0.84801
235,17,678.87,261.74,36.36,80.0,1,1,0.8331
235,20,179.62,646.23,39.1,93.25,1,1,0.81281
235,23,376.36,318.93,44.96,76.32,1,1,0.84656
235,2,899.01,680.58,53.71,79.68,1,1,0.84357
235,19,501.61,441.02,39.59,87.02,1,1,0.83867
235,26,1328.9,408.89,35.59,68.12,1,1,0.79796
235,27,457.8,520.73,51.25,76.43,1,1,0.81985
235,25,783.54,358.05,36.51,81.22,1,1,0.83478
235,24,325.47,335.38,37.99,76.21,1,1,0.8352
235,28,1503.63,684.35,57.0,93.9,1,1,0.86638
235,9,196.05,606.92,42.35,71.75,1,1,0.7667
236,0,635.49,460.16,40.52,87.81,1,1,0.85252
236,1,1648.68,764.44,48.73,102.07,1,1,0.84331
236,3,548.83,756.41,45.18,98.43,1,1,0.8448
236,4,732.97,344.31,40.74,81.69,1,1,0.84298
236,6,648.84,204.95,33.67,71.6,1,1,0.83564
236,7,1049.17,737.64,52.02,84.13,1,1,0.85769
236,8,576.83,322.24,36.13,79.86,1,1,0.81009
236,11,870.22,453.43,37.98,78.27,1,1,0.80779
236,12,641.3,749.83,54.14,92.66,1,1,0.86515
236,13,965.03,339.1,35.37,72.59,1,1,0.77148
236,15,634.1,627.01,48.53,87.68,1,1,0.8626
236,17,678.22,261.74,37.06,79.76,1,1,0.83251
236,20,173.95,647.87,39.14,91.07,1,1,0.81615
236,23,375.68,319.04,45.55,78.47,1,1,0.84532
236,2,896.4,684.81,56.27,77.18,1,1,0.86126
236,19,502.24,442.29,39.37,85.36,1,1,0.8406
236,26,1328.77,410.12,35.93,67.44,1,1,0.80797
236,27,460.42,522.11,52.42,76.97,1,1,0.82705
236,25,785.01,358.95,36.69,79.09,1,1,0.83866
236,24,324.13,336.25,38.48,75.98,1,1,0.83558
236,28,1498.97,686.41,56.92,95.7,1,1,0.85856
236,9,191.01,607.32,42.76,72.1,1,1,0.77557
237,0,634.12,460.84,40.55,87.91,1,1,0.84712
237,1,1651.99,768.63,47.22,100.55,1,1,0.83829
237,3,548.88,758.05,44.25,100.5,1,1,0.83906
237,4,732.67,344.94,41.89,84.01,1,1,0.83832
237,6,647.46,205.6,34.05,71.04,1,1,0.83538
237,7,1044.39,737.25,50.43,84.32,1,1,0.8487
237,8,576.64,321.89,35.84,80.83,1,1,0.80669
237,11,872.71,454.89,37.81,82.78,1,1,0.80039
237,12,640.44,751.88,55.88,94.45,1,1,0.86112
237,13,966.12,339.09,35.3,74.7,1,1,0.76777
237,15,634.57,628.69,52.24,86.8,1,1,0.86403
237,17,677.54,262.84,37.58,79.2,1,1,0.83343
237,20,164.49,650.21,42.83,88.17,1,1,0.80984
237,23,375.0,320.4,45.69,78.8,1,1,0.84178
237,2,895.25,689.17,59.25,76.22,1,1,0.86209
237,19,503.99,443.65,38.75,84.01,1,1,0.82671
237,26,1329.16,412.54,36.43,73.93,1,1,0.79733
237,27,465.78,524.55,50.54,77.34,1,1,0.81842
237,25,785.81,360.2,36.72,78.34,1,1,0.83997
237,24,323.18,337.98,38.28,74.6,1,1,0.82843
237,28,1494.24,689.59,54.91,96.73,1,1,0.85238
237,9,186.19,608.84,43.9,73.1,1,1,0.78068
238,0,632.03,460.95,39.63,88.47,1,1,0.84214
238,1,1654.88,771.97,48.27,96.99,1,1,0.82754
238,3,547.75,760.71,44.04,103.23,1,1,0.83557
238,4,733.03,346.13,41.41,85.49,1,1,0.82829
238,6,644.21,205.65,34.48,70.69,1,1,0.83623
238,7,1031.44,736.91,50.02,83.4,1,1,0.85017
238,8,575.33,322.33,36.06,80.46,1,1,0.80071
238,11,873.83,459.15,37.95,85.62,1,1,0.80148
238,12,641.33,755.79,57.89,96.23,1,1,0.85341
238,15,634.11,631.28,58.66,90.32,1,1,0.86626
238,17,675.86,262.99,38.46,79.6,1,1,0.84033
238,20,146.93,654.08,53.24,85.72,1,1,0.83307
238,23,373.35,321.99,45.53,77.59,1,1,0.8391
238,2,893.96,693.53,63.71,75.21,1,1,0.8645
238,19,504.46,443.86,39.19,83.3,1,1,0.83569
238,26,1327.24,417.12,36.42,74.57,1,1,0.78873
238,27,473.55,526.6,49.03,78.05,1,1,0.81422
238,25,785.81,361.33,36.7,79.21,1,1,0.83849
238,24,319.77,338.88,38.72,74.64,1,1,0.82972
238,28,1484.98,693.9,49.24,95.65,1,1,0.84063
238,9,177.5,610.92,47.87,73.01,1,1,0.79722
239,0,632.31,461.33,39.3,88.72,1,1,0.84246
239,1,1656.96,773.49,48.69,95.59,1,1,0.82729
239,3,548.4,762.03,43.93,104.28,1,1,0.83579
239,4,734.14,346.94,41.27,86.01,1,1,0.829
239,6,644.07,206.01,34.65,70.58,1,1,0.8364
239,7,1027.95,737.14,49.83,83.06,1,1,0.85001
239,8,575.85,322.83,36.14,80.35,1,1,0.79967
239,11,875.25,461.1,38.02,86.75,1,1,0.80167
239,12,642.88,757.54,58.57,96.96,1,1,0.85295
239,15,635.03,632.55,61.14,91.62,1,1,0.86604
239,17,676.25,263.37,38.79,79.74,1,1,0.84082
239,20,141.41,655.71,57.1,84.78,1,1,0.83259
239,23,373.8,322.91,45.47,77.14,1,1,0.83927
239,2,894.57,695.31,65.5,74.88,1,1,0.86452
239,19,505.61,444.27,39.35,83.01,1,1,0.83541
239,26,1327.56,419.22,36.41,74.8,1,1,0.78844
239,27,477.39,527.66,48.5,78.33,1,1,0.81433
239,25,786.84,362.05,36.71,79.54,1,1,0.83834
239,24,319.59,339.53,38.9,74.65,1,1,0.82973
239,28,1482.74,695.82,47.06,95.14,1,1,0.84072
239,9,175.38,612.02,49.36,72.94,1,1,0.79698
240,0,631.26,461.26,38.82,89.73,1,1,0.84024
240,1,1658.88,774.3,50.77,93.26,1,1,0.84341
240,3,547.56,763.27,44.42,104.38,1,1,0.83446
240,4,734.19,347.45,41.11,86.96,1,1,0.82931
240,6,642.61,205.49,35.02,70.7,1,1,0.83415
240,7,1021.24,736.58,51.02,83.45,1,1,0.85088
240,8,574.51,322.43,36.7,80.65,1,1,0.81256
240,11,877.88,463.29,36.6,86.51,1,1,0.80034
240,12,648.01,759.82,55.86,94.95,1,1,0.83814
240,15,637.38,633.44,61.98,93.55,1,1,0.86278
240,17,675.61,262.74,39.48,80.17,1,1,0.84003
240,20,134.59,657.39,60.18,86.26,1,1,0.82796
240,23,373.26,322.81,45.13,76.64,1,1,0.83553
240,2,895.68,696.65,65.57,73.34,1,1,0.86676
240,19,505.65,443.7,40.25,83.28,1,1,0.83723
240,26,1326.09,421.08,36.39,73.03,1,1,0.78318
240,27,480.83,528.2,48.76,77.41,1,1,0.82879
240,25,786.91,362.3,36.6,81.92,1,1,0.83656
240,24,318.93,339.54,38.06,76.05,1,1,0.82802
240,28,1477.61,697.86,46.38,92.83,1,1,0.84101
240,9,172.41,613.14,49.62,70.64,1,1,0.78563
241,0,629.23,461.58,39.26,89.06,1,1,0.84696
241,1,1664.61,775.82,46.83,97.9,1,1,0.83994
241,3,543.22,767.08,47.67,105.63,1,1,0.84656
241,4,736.45,348.98,39.78,85.4,1,1,0.83638
241,6,639.56,204.4,35.22,71.05,1,1,0.8347
241,7,1008.75,736.03,54.7,85.01,1,1,0.86815
241,8,572.31,321.63,37.68,80.32,1,1,0.82048
241,11,880.04,467.49,36.85,82.24,1,1,0.81837
241,12,655.09,764.27,55.62,89.36,1,1,0.84818
241,15,647.11,636.25,57.41,95.6,1,1,0.85044
241,17,673.99,261.8,40.37,80.72,1,1,0.84036
241,20,124.61,661.29,60.69,88.2,1,1,0.83193
241,23,372.96,322.2,45.09,75.94,1,1,0.83619
241,2,906.36,698.05,57.48,73.38,1,1,0.86149
241,19,503.82,444.04,44.64,83.96,1,1,0.8546
241,26,1324.96,423.68,35.77,72.25,1,1,0.79327
241,27,483.01,528.09,52.92,76.19,1,1,0.84902
241,25,787.02,364.09,37.2,83.79,1,1,0.83302
241,24,317.47,340.45,37.34,79.77,1,1,0.83265
241,28,1467.04,698.93,51.55,90.16,1,1,0.86382
241,9,163.1,616.95,53.36,69.42,1,1,0.77398
241,13,971.17,351.43,31.9,78.45,1,1,0.74605
242,0,629.16,462.04,39.05,88.89,1,1,0.84455
242,1,1669.69,778.15,44.03,102.03,1,1,0.83555
242,3,540.8,771.19,50.7,104.76,1,1,0.85038
242,4,738.21,350.75,39.57,83.68,1,1,0.83664
242,6,638.53,204.01,35.04,71.38,1,1,0.83384
242,7,1003.63,736.11,54.29,85.37,1,1,0.86322
242,8,571.53,321.76,38.11,79.98,1,1,0.8199
242,11,881.57,470.27,37.35,79.36,1,1,0.81569
242,12,659.0,767.58,58.1,85.15,1,1,0.85201
242,15,656.36,639.12,53.37,95.49,1,1,0.85248
242,17,673.87,261.59,40.62,80.54,1,1,0.83815
242,20,118.58,664.06,58.63,90.98,1,1,0.82353
242,23,373.15,322.27,45.17,75.12,1,1,0.83549
242,2,914.39,699.36,52.69,76.47,1,1,0.8588
242,19,503.93,444.76,47.44,84.69,1,1,0.85079
242,26,1324.79,426.13,35.43,71.47,1,1,0.78326
242,27,485.72,529.23,54.99,75.18,1,1,0.84001
242,25,788.32,366.17,37.4,84.88,1,1,0.83143
242,24,317.36,341.92,36.66,81.52,1,1,0.82745
242,28,1459.91,699.87,55.71,89.8,1,1,0.86089
242,9,154.41,620.25,58.01,70.88,1,1,0.79589
242,13,972.38,353.46,31.28,76.69,1,1,0.74345
243,0,629.41,462.34,39.32,88.41,1,1,0.84405
243,1,1673.99,781.47,43.16,104.0,1,1,0.8273
243,3,540.0,774.41,52.26,102.69,1,1,0.85102
243,4,739.9,351.65,39.78,81.94,1,1,0.8383
243,6,638.05,203.51,34.93,71.63,1,1,0.83272
243,7,1001.54,735.24,53.33,85.91,1,1,0.85714
243,8,571.33,321.54,38.22,80.23,1,1,0.81769
243,11,883.05,472.0,38.35,78.14,1,1,0.82232
243,12,661.0,769.29,61.25,82.87,1,1,0.86105
243,15,666.08,641.26,49.14,94.36,1,1,0.8525
243,17,674.48,260.97,40.74,80.61,1,1,0.84092
243,20,113.48,667.81,55.8,93.78,1,1,0.82518
243,23,374.29,321.84,44.18,76.2,1,1,0.83309
243,2,918.89,699.7,51.12,80.19,1,1,0.86203
243,19,504.92,445.82,49.81,83.81,1,1,0.8446
243,26,1325.14,428.51,35.15,71.53,1,1,0.7875
243,27,490.57,529.75,55.73,76.09,1,1,0.82316
243,25,789.49,368.1,37.55,85.72,1,1,0.83615
243,24,318.11,343.13,36.09,83.34,1,1,0.83436
243,28,1453.16,700.36,60.04,92.83,1,1,0.86189
243,9,149.43,623.0,59.22,73.77,1,1,0.80411
243,13,974.22,356.52,31.65,72.78,1,1,0.76988
244,0,629.88,462.52,40.13,88.41,1,1,0.83752
244,1,1677.1,785.19,44.21,103.63,1,1,0.82139
244,3,539.42,776.3,53.45,101.08,1,1,0.84524
244,4,741.76,351.54,39.7,81.2,1,1,0.82877
244,6,638.34,202.57,34.71,71.83,1,1,0.82741
244,7,1001.63,732.77,51.26,87.41,1,1,0.84586
244,8,571.57,320.4,38.43,80.98,1,1,0.80954
244,11,883.94,473.64,40.87,79.99,1,1,0.81455
244,12,662.51,769.83,64.95,81.68,1,1,0.85602
244,15,671.96,642.63,48.5,92.15,1,1,0.84774
244,17,675.01,260.19,40.56,80.46,1,1,0.83275
244,20,110.96,670.94,49.66,92.07,1,1,0.80696
244,23,376.54,321.15,43.01,79.28,1,1,0.82655
244,2,922.44,698.8,51.13,83.9,1,1,0.85175
244,19,508.16,446.78,51.03,83.11,1,1,0.82547
244,26,1325.65,431.1,34.93,72.84,1,1,0.78085
244,27,499.72,530.42,53.9,77.14,1,1,0.80646
244,25,790.86,369.55,37.96,85.03,1,1,0.82734
244,24,319.46,344.27,35.64,83.08,1,1,0.82825
244,28,1447.13,701.32,61.1,96.37,1,1,0.82272
244,9,148.23,623.91,56.38,74.73,1,1,0.81365
244,13,976.4,358.64,32.42,71.81,1,1,0.76685
245,0,630.02,462.93,40.37,88.25,1,1,0.83578
245,1,1678.26,786.93,44.42,103.36,1,1,0.82023
245,3,539.52,777.2,53.65,100.44,1,1,0.84327
245,4,742.21,351.76,39.7,81.08,1,1,0.82755
245,6,638.49,202.73,34.62,71.79,1,1,0.82551
245,7,1002.03,732.2,50.38,87.65,1,1,0.84281
245,8,571.53,320.4,38.66,81.1,1,1,0.80686
245,11,884.25,474.53,41.9,80.74,1,1,0.81217
245,12,663.01,770.31,66.24,81.17,1,1,0.85458
245,15,673.85,643.69,48.26,91.01,1,1,0.8471
245,17,675.26,260.15,40.35,80.45,1,1,0.82957
245,20,110.25,672.25,47.29,91.45,1,1,0.80571
245,23,377.25,321.2,42.59,80.42,1,1,0.82449
245,2,923.54,698.8,51.17,85.16,1,1,0.84991
245,19,509.42,447.45,51.38,82.82,1,1,0.82351
245,26,1325.61,432.33,34.96,73.25,1,1,0.77901
245,27,503.22,530.9,52.96,77.42,1,1,0.80373
245,25,791.11,370.39,38.21,84.29,1,1,0.82792
245,24,319.88,345.06,35.51,82.86,1,1,0.82664
245,28,1444.81,701.94,61.13,97.69,1,1,0.82063
245,9,148.08,624.48,55.2,75.12,1,1,0.81223
245,13,977.13,359.57,32.77,71.34,1,1,0.76138
246,0,629.61,459.58,41.26,87.53,1,1,0.84487
246,1,1681.94,788.01,46.13,105.22,1,1,0.8263
246,3,537.66,775.43,55.94,101.17,1,1,0.85191
246,4,743.14,347.86,39.81,84.34,1,1,0.83807
246,6,637.79,199.11,34.12,71.45,1,1,0.8274
246,7,1001.65,723.29,49.14,90.69,1,1,0.85015
246,8,571.5,315.59,38.9,81.8,1,1,0.82288
246,11,885.17,474.76,45.41,82.94,1,1,0.82526
246,12,668.22,767.88,71.95,86.15,1,1,0.83819
246,15,677.0,641.6,52.46,89.27,1,1,0.85172
246,17,675.71,256.54,39.98,80.49,1,1,0.8301
246,20,103.07,669.07,45.23,91.3,1,1,0.81076
246,23,378.82,318.25,42.29,81.28,1,1,0.82903
246,2,926.76,695.15,50.93,84.94,1,1,0.85373
246,19,514.74,445.12,50.02,83.57,1,1,0.82849
246,26,1325.25,433.15,35.22,75.13,1,1,0.79901
246,27,518.22,530.67,45.76,80.38,1,1,0.81032
246,25,791.52,368.95,39.43,81.59,1,1,0.82958
246,24,320.34,343.39,35.38,80.56,1,1,0.82383
246,28,1435.87,700.8,61.64,97.67,1,1,0.84156
246,9,146.69,621.71,51.72,76.31,1,1,0.8227
246,13,978.94,358.83,34.12,75.18,1,1,0.76328
247,0,628.74,458.31,42.28,86.98,1,1,0.84795
247,1,1684.64,790.37,46.09,102.94,1,1,0.82352
247,3,536.51,776.0,56.25,101.45,1,1,0.84968
247,4,743.81,346.86,39.68,86.13,1,1,0.83448
247,6,637.07,197.89,33.81,71.2,1,1,0.8259
247,7,1001.51,717.44,48.19,92.59,1,1,0.84647
247,8,571.94,313.41,38.64,81.58,1,1,0.81822
247,11,888.18,477.05,45.59,84.91,1,1,0.82588
247,12,676.06,767.51,70.71,89.97,1,1,0.84426
247,15,678.46,641.57,56.96,84.85,1,1,0.85303
247,17,675.7,254.78,39.11,80.77,1,1,0.8255
247,20,95.81,667.91,45.08,90.47,1,1,0.80639
247,23,380.29,317.31,41.53,82.15,1,1,0.82637
247,2,928.13,692.86,52.01,85.25,1,1,0.85767
247,19,521.16,444.07,46.85,84.56,1,1,0.82872
247,26,1325.64,435.5,34.87,74.01,1,1,0.79261
247,27,527.09,531.58,43.35,80.99,1,1,0.80511
247,25,791.61,368.98,39.8,78.95,1,1,0.82869
247,24,320.45,343.02,35.27,79.02,1,1,0.82048
247,28,1429.19,701.3,59.18,96.89,1,1,0.84753
247,9,143.61,622.06,50.94,78.32,1,1,0.82274
247,13,980.09,360.06,35.33,77.67,1,1,0.76461
248,0,627.43,457.01,42.97,86.26,1,1,0.85535
248,1,1687.06,792.41,45.9,99.77,1,1,0.83144
248,3,536.02,776.01,56.77,101.54,1,1,0.85188
248,4,744.22,346.77,39.57,86.32,1,1,0.83641
248,6,636.15,196.88,33.74,71.0,1,1,0.82624
248,7,1000.77,713.22,48.06,92.01,1,1,0.84075
248,8,571.35,311.67,38.9,81.39,1,1,0.81798
248,11,891.75,479.15,44.54,85.71,1,1,0.83163
248,12,684.3,766.65,67.23,92.47,1,1,0.84018
248,15,680.31,641.86,60.4,83.27,1,1,0.84951
248,17,675.23,253.38,38.74,81.55,1,1,0.82582
248,20,86.46,666.62,48.8,90.82,1,1,0.81214
248,23,380.57,316.94,41.3,82.95,1,1,0.82747
248,2,928.13,689.78,54.45,86.33,1,1,0.8554
248,19,526.17,442.85,43.65,84.88,1,1,0.83599
248,26,1325.58,437.89,34.79,72.68,1,1,0.7842
248,27,529.96,531.3,46.65,80.39,1,1,0.8189
248,25,791.28,368.63,39.56,76.86,1,1,0.83266
248,24,320.47,342.29,35.45,78.39,1,1,0.82197
248,28,1422.88,701.78,53.88,94.7,1,1,0.82642
248,9,139.89,622.18,52.05,81.97,1,1,0.82135
248,13,981.27,361.15,35.66,79.42,1,1,0.78282
249,0,625.75,455.48,43.71,85.98,1,1,0.84944
249,1,1689.27,793.67,45.72,97.1,1,1,0.8325
249,3,535.0,775.95,56.97,100.93,1,1,0.84988
249,4,744.52,346.34,39.13,87.49,1,1,0.83005
249,6,634.51,196.07,33.14,70.83,1,1,0.8239
249,7,998.34,709.99,48.18,88.52,1,1,0.83942
249,8,570.95,310.08,37.99,81.48,1,1,0.80962
249,11,894.75,480.89,43.42,85.17,1,1,0.82233
249,12,694.38,767.41,59.97,92.89,1,1,0.82685
249,15,682.72,641.85,62.53,79.06,1,1,0.84305
249,17,673.24,252.87,38.17,81.79,1,1,0.81992
249,20,77.78,665.83,52.01,90.15,1,1,0.81199
249,23,380.4,317.26,41.23,82.41,1,1,0.83282
249,2,927.16,686.34,57.87,88.09,1,1,0.85979
249,19,529.13,441.62,41.66,85.01,1,1,0.83114
249,26,1325.29,439.74,34.17,70.82,1,1,0.78208
249,27,529.77,531.08,51.92,80.06,1,1,0.82416
249,25,790.4,368.3,39.25,78.07,1,1,0.83114
249,24,319.61,341.73,35.45,77.52,1,1,0.82384
249,28,1415.03,701.17,48.87,93.08,1,1,0.83666
249,9,137.07,622.79,52.78,84.7,1,1,0.81081
249,13,981.72,362.69,34.99,78.12,1,1,0.78353
250,0,625.9,455.58,44.0,85.87,1,1,0.84983
250,1,1690.83,794.67,45.64,96.17,1,1,0.83292
250,3,535.37,776.52,57.03,100.69,1,1,0.8501
250,4,745.35,346.83,38.97,87.94,1,1,0.83012
250,6,634.67,196.45,32.91,70.77,1,1,0.82398
250,7,998.31,709.53,48.21,87.22,1,1,0.84023
250,8,571.54,310.16,37.65,81.5,1,1,0.80973
250,11,896.6,482.13,42.97,84.95,1,1,0.82235
250,12,698.76,768.34,57.13,93.03,1,1,0.82688
250,15,684.35,642.41,63.34,77.54,1,1,0.84318
250,17,673.23,253.36,37.97,81.87,1,1,0.82008
250,20,75.35,666.11,53.13,89.93,1,1,0.81178
250,23,381.04,318.06,41.22,82.19,1,1,0.83318
250,2,927.54,685.68,59.15,88.73,1,1,0.85971
250,19,530.8,441.82,40.96,85.05,1,1,0.83165
250,26,1325.93,440.98,33.95,70.11,1,1,0.7825
250,27,530.35,531.61,53.95,79.89,1,1,0.82432
250,25,790.82,368.81,39.1,78.51,1,1,0.83124
250,24,320.04,342.16,35.45,77.17,1,1,0.82412
250,28,1413.21,701.56,47.08,92.44,1,1,0.83654
250,9,136.85,623.67,53.1,85.79,1,1,0.81078
250,13,982.57,363.88,34.72,77.59,1,1,0.78342
251,0,623.32,453.41,44.21,86.59,1,1,0.85007
251,1,1691.72,795.01,47.2,98.41,1,1,0.84322
251,3,535.15,775.43,56.96,100.01,1,1,0.86391
251,4,745.41,347.31,38.47,88.02,1,1,0.83932
251,6,631.37,194.36,33.7,71.75,1,1,0.83005
251,7,992.41,706.06,50.5,81.88,1,1,0.84428
251,8,569.88,308.59,37.35,81.63,1,1,0.81893
251,11,896.41,484.04,44.66,81.38,1,1,0.84116
251,12,708.54,768.64,53.89,88.77,1,1,0.82806
251,15,705.41,643.61,48.83,83.95,1,1,0.8244
251,17,670.31,252.07,38.25,82.38,1,1,0.83396
251,20,65.68,666.26,54.95,92.51,1,1,0.83046
251,23,379.92,318.62,41.33,80.41,1,1,0.84272
251,2,925.42,679.88,64.12,90.04,1,1,0.87144
251,19,531.81,440.02,40.33,87.9,1,1,0.83045
251,26,1323.71,442.14,34.49,70.01,1,1,0.79024
251,27,532.78,530.84,57.45,79.23,1,1,0.82767
251,25,789.65,368.34,39.26,83.1,1,1,0.82391
251,24,318.69,341.95,35.88,82.13,1,1,0.82896
251,28,1402.57,701.87,49.17,92.85,1,1,0.83964
251,9,134.35,624.96,52.41,84.72,1,1,0.81773
251,13,983.03,364.94,34.2,74.27,1,1,0.79644
252,0,623.56,453.63,44.09,86.66,1,1,0.84744
252,1,1693.09,795.99,47.66,99.18,1,1,0.8415
252,3,536.64,775.72,56.76,99.85,1,1,0.86182
252,4,746.75,348.39,38.26,88.0,1,1,0.83769
252,6,631.63,194.51,33.84,72.14,1,1,0.82979
252,7,991.68,705.74,51.24,79.82,1,1,0.84253
252,8,570.59,308.94,37.17,81.66,1,1,0.81736
252,11,897.44,485.56,45.35,80.07,1,1,0.83927
252,12,712.8,769.64,52.86,87.0,1,1,0.82691
252,15,715.09,644.95,42.62,86.13,1,1,0.82348
252,17,670.49,252.5,38.36,82.55,1,1,0.83274
252,20,63.53,667.22,55.68,93.43,1,1,0.82817
252,23,381.12,319.8,41.15,79.71,1,1,0.84207
252,2,926.0,678.65,65.72,90.31,1,1,0.87163
252,19,533.47,440.22,40.07,89.01,1,1,0.82791
252,26,1324.14,443.42,34.65,70.18,1,1,0.78808
252,27,534.6,531.39,59.21,79.16,1,1,0.82761
252,25,790.48,369.08,39.28,84.76,1,1,0.82157
252,24,319.5,342.93,36.22,83.64,1,1,0.82582
252,28,1399.92,702.89,50.0,93.28,1,1,0.83925
252,9,134.82,626.18,52.07,84.53,1,1,0.81613
252,13,984.4,366.17,33.97,72.9,1,1,0.79397
253,0,620.95,452.92,41.78,87.82,1,1,0.83909
253,1,1693.1,798.48,49.26,100.6,1,1,0.844
253,3,540.48,774.8,52.44,99.97,1,1,0.85464
253,4,747.03,350.23,38.16,85.26,1,1,0.83861
253,6,627.61,194.17,34.48,72.63,1,1,0.83173
253,7,984.33,704.26,55.6,78.91,1,1,0.82644
253,8,567.83,308.3,38.38,82.15,1,1,0.82297
253,11,898.5,488.1,47.96,82.63,1,1,0.84823
253,12,711.0,771.08,64.15,89.91,1,1,0.85622
253,15,720.76,647.08,44.1,84.69,1,1,0.8386
253,17,667.65,253.35,38.38,81.72,1,1,0.83798
253,20,55.28,671.36,56.09,93.18,1,1,0.84171
253,23,379.74,320.28,41.5,78.17,1,1,0.84551
253,2,929.12,676.49,64.02,87.97,1,1,0.86457
253,19,533.76,440.85,39.98,89.33,1,1,0.82475
253,26,1320.99,446.81,35.6,73.55,1,1,0.79369
253,27,548.02,532.67,52.38,82.35,1,1,0.81923
253,25,790.06,371.55,38.21,84.58,1,1,0.8086
253,24,317.86,345.36,36.56,85.05,1,1,0.82579
253,28,1381.28,704.86,59.47,94.32,1,1,0.86217
253,9,130.65,629.66,53.77,82.39,1,1,0.83124
253,13,984.59,369.63,34.29,76.9,1,1,0.81165
254,0,619.37,453.3,41.32,88.53,1,1,0.83761
254,1,1694.11,801.56,49.6,101.18,1,1,0.83933
254,3,546.19,773.89,47.62,100.84,1,1,0.8421
254,4,747.99,351.74,38.29,83.59,1,1,0.8318
254,6,625.94,194.24,34.64,72.72,1,1,0.82966
254,7,979.56,703.13,57.52,79.72,1,1,0.8161
254,8,565.89,308.13,39.75,82.88,1,1,0.81362
254,11,901.82,490.31,48.54,85.91,1,1,0.83553
254,12,713.62,772.58,68.5,92.21,1,1,0.85301
254,15,725.97,648.65,45.54,82.94,1,1,0.82889
254,17,666.35,254.28,38.74,81.78,1,1,0.8377
254,20,49.46,675.45,56.62,92.59,1,1,0.84213
254,23,380.33,320.42,41.17,77.38,1,1,0.83885
254,2,937.01,675.42,58.41,85.66,1,1,0.84497
254,19,535.12,442.45,39.82,89.63,1,1,0.82213
254,26,1319.47,450.15,35.62,75.47,1,1,0.79134
254,27,560.25,534.77,46.7,81.77,1,1,0.7993
254,25,791.3,374.71,36.58,85.28,1,1,0.80223
254,24,317.67,348.42,36.31,84.13,1,1,0.82123
254,28,1372.07,706.8,59.81,94.84,1,1,0.85493
254,9,129.53,631.91,54.98,80.95,1,1,0.83387
254,13,987.34,372.14,34.05,79.61,1,1,0.80169
255,0,617.42,453.6,40.85,87.39,1,1,0.84013
255,1,1695.1,804.69,49.62,102.71,1,1,0.84334
255,3,549.11,772.65,45.99,101.82,1,1,0.84453
255,4,748.87,352.2,38.41,82.34,1,1,0.83459
255,6,624.64,194.07,34.24,72.6,1,1,0.83426
255,7,976.82,701.81,56.1,80.15,1,1,0.81372
255,8,564.72,307.64,40.35,83.43,1,1,0.81437
255,11,907.43,492.84,46.3,87.17,1,1,0.83539
255,12,719.27,773.63,69.63,94.31,1,1,0.84244
255,15,728.83,649.65,48.81,81.03,1,1,0.83278
255,17,664.77,254.88,39.28,82.11,1,1,0.8413
255,20,44.44,678.81,57.77,91.49,1,1,0.84188
255,23,380.92,320.52,41.19,78.14,1,1,0.84228
255,2,944.89,674.53,52.59,86.04,1,1,0.84457
255,19,536.62,444.27,39.52,88.96,1,1,0.82906
255,26,1318.73,453.77,34.93,75.07,1,1,0.7996
255,27,569.97,535.94,43.48,81.17,1,1,0.80967
255,25,791.46,377.41,35.97,84.29,1,1,0.80482
255,24,316.9,350.65,37.61,82.95,1,1,0.82282
255,28,1365.99,708.35,54.35,93.74,1,1,0.84536
255,9,127.84,633.71,57.72,80.63,1,1,0.84234
255,13,990.28,374.93,32.98,81.9,1,1,0.80197
256,0,615.55,453.88,39.88,85.15,1,1,0.83307
256,1,1696.11,806.81,48.86,101.84,1,1,0.83968
256,3,550.37,770.84,46.13,102.79,1,1,0.84424
256,4,749.9,352.25,38.66,81.95,1,1,0.83573
256,6,623.64,193.55,33.8,72.01,1,1,0.83521
256,7,976.35,697.53,53.04,83.67,1,1,0.79081
256,8,563.62,307.16,41.23,84.22,1,1,0.81518
256,11,913.64,494.91,42.97,87.48,1,1,0.82783
256,12,729.05,774.19,65.93,95.99,1,1,0.82369
256,15,732.78,649.67,51.51,82.21,1,1,0.81487
256,17,663.66,254.82,39.67,82.08,1,1,0.83846
256,20,40.87,681.16,56.89,90.71,1,1,0.8355
256,23,380.28,320.24,42.55,79.82,1,1,0.84026
256,2,948.8,673.93,50.19,86.69,1,1,0.83446
256,19,538.77,445.95,38.26,87.42,1,1,0.82543
256,26,1317.44,456.89,34.78,74.38,1,1,0.78862
256,27,574.43,536.67,45.39,80.51,1,1,0.80746
256,25,792.47,379.12,35.45,82.63,1,1,0.78079
256,24,317.24,351.82,37.6,81.88,1,1,0.8223
256,28,1358.37,708.62,47.07,93.53,1,1,0.83232
256,9,125.97,634.78,60.65,81.33,1,1,0.84462
256,13,991.61,377.45,32.75,81.82,1,1,0.79921
257,0,613.63,454.45,39.01,87.04,1,1,0.82543
257,1,1697.13,808.51,47.22,100.51,1,1,0.84005
257,3,549.88,768.83,48.33,103.16,1,1,0.84698
257,4,750.37,351.91,39.15,83.33,1,1,0.83647
257,6,622.15,193.12,33.54,71.91,1,1,0.83254
257,7,975.95,687.33,49.4,91.97,1,1,0.73039
257,8,562.5,306.71,41.51,84.2,1,1,0.80546
257,11,919.57,497.63,39.95,86.16,1,1,0.82014
257,12,736.72,776.0,61.87,95.52,1,1,0.84401
257,15,740.89,649.69,48.57,80.81,1,1,0.77746
257,17,662.56,254.9,39.75,81.81,1,1,0.8348
257,20,37.6,682.85,55.67,91.76,1,1,0.83373
257,23,379.87,320.24,44.02,81.69,1,1,0.83542
257,2,949.59,672.29,50.7,87.15,1,1,0.81687
257,19,541.01,446.96,36.81,86.78,1,1,0.81956
257,26,1315.36,459.84,34.28,73.32,1,1,0.77285
257,27,576.87,537.77,49.29,81.68,1,1,0.81283
257,25,793.34,380.37,36.29,81.05,1,1,0.76243
257,24,317.31,352.34,37.18,80.95,1,1,0.81282
257,28,1351.14,707.77,43.1,93.85,1,1,0.82885
257,9,125.17,635.29,62.45,83.81,1,1,0.83933
257,13,992.72,379.49,32.5,80.22,1,1,0.79175
258,0,613.56,455.02,38.68,87.75,1,1,0.82552
258,1,1698.01,809.41,46.59,99.99,1,1,0.83994
258,3,550.27,768.41,49.14,103.28,1,1,0.8469
258,4,751.12,352.12,39.34,83.85,1,1,0.83635
258,6,622.2,193.32,33.46,71.86,1,1,0.83255
258,7,976.54,683.91,48.05,95.08,1,1,0.73062
258,8,562.71,306.91,41.59,84.2,1,1,0.80538
258,11,922.15,498.94,38.84,85.62,1,1,0.82006
258,12,739.97,777.0,60.31,95.31,1,1,0.84395
258,15,744.39,649.96,47.38,80.34,1,1,0.77721
258,17,662.78,255.27,39.78,81.7,1,1,0.83467
258,20,37.2,683.77,55.19,92.16,1,1,0.83346
258,23,380.3,320.57,44.58,82.4,1,1,0.83555
258,2,950.39,672.04,50.9,87.31,1,1,0.81696
258,19,542.3,447.65,36.3,86.55,1,1,0.81963
258,26,1315.19,461.2,34.09,72.93,1,1,0.77276
258,27,578.29,538.51,50.73,82.11,1,1,0.81273
258,25,794.25,381.13,36.6,80.45,1,1,0.76177
258,24,317.97,352.82,37.04,80.61,1,1,0.81292
258,28,1349.49,707.76,41.79,93.97,1,1,0.82887
258,9,125.59,635.8,63.13,84.73,1,1,0.83905
258,13,993.64,380.53,32.41,79.47,1,1,0.79175
259,0,609.95,454.56,38.8,88.04,1,1,0.80415
259,1,1696.26,808.91,44.23,99.41,1,1,0.82799
259,3,545.72,764.35,53.22,104.18,1,1,0.84023
259,4,749.46,351.18,40.37,84.93,1,1,0.84064
259,6,618.76,192.04,33.2,71.97,1,1,0.82401
259,7,971.93,679.19,48.46,93.55,1,1,0.71755
259,8,559.45,306.51,42.06,84.28,1,1,0.79506
259,11,924.53,500.87,39.54,81.24,1,1,0.82032
259,12,757.04,776.28,53.53,94.11,1,1,0.81385
259,15,753.49,651.03,45.85,84.51,1,1,0.80334
259,17,660.75,253.65,39.41,81.26,1,1,0.82482
259,20,33.65,683.74,52.56,94.46,1,1,0.82812
259,23,377.76,319.95,46.73,84.09,1,1,0.82014
259,2,949.81,668.32,57.75,77.03,1,1,0.81123
259,19,543.44,446.84,36.46,85.38,1,1,0.80835
259,26,1310.98,462.8,33.24,72.79,1,1,0.78232
259,27,581.87,538.25,54.66,83.87,1,1,0.79738
259,24,316.1,352.37,37.2,83.57,1,1,0.80746
259,28,1334.22,703.89,45.24,95.14,1,1,0.83484
259,9,125.76,635.64,63.02,87.12,1,1,0.82134
259,13,993.01,382.67,33.1,76.27,1,1,0.78453
260,0,608.57,454.31,38.51,86.03,1,1,0.79728
260,1,1695.96,808.3,42.91,100.93,1,1,0.83089
260,3,543.31,761.42,56.57,104.8,1,1,0.84942
260,4,748.26,350.84,41.42,85.04,1,1,0.84368
260,6,616.34,191.78,33.1,71.54,1,1,0.8292
260,7,968.62,672.84,50.59,94.0,1,1,0.69174
260,8,558.23,306.39,42.41,83.89,1,1,0.79769
260,11,924.69,501.91,42.91,79.03,1,1,0.83584
260,12,764.7,774.32,54.33,94.02,1,1,0.82447
260,15,761.09,651.91,44.7,86.48,1,1,0.81132
260,17,660.26,252.44,39.37,81.16,1,1,0.83454
260,20,30.82,683.51,52.57,96.61,1,1,0.83636
260,23,376.6,320.2,48.53,84.03,1,1,0.83165
260,2,948.38,664.9,62.42,69.62,1,1,0.82567
260,19,544.29,445.43,37.05,85.4,1,1,0.81447
260,26,1307.64,463.93,34.59,76.47,1,1,0.81087
260,27,593.29,537.02,49.88,86.81,1,1,0.78567
260,24,315.87,352.41,36.74,85.87,1,1,0.82079
260,28,1323.27,699.59,50.14,95.45,1,1,0.85066
260,9,126.72,635.54,63.46,87.64,1,1,0.8327
260,13,993.34,384.33,34.37,77.03,1,1,0.79143
260,25,791.32,381.22,38.33,79.69,1,1,0.76032
261,0,608.78,454.86,38.44,85.2,1,1,0.79814
261,1,1696.73,808.63,42.45,101.61,1,1,0.83154
261,3,543.07,760.95,57.96,105.08,1,1,0.85073
261,4,748.5,351.35,41.83,85.08,1,1,0.84433
261,6,616.16,192.35,33.08,71.36,1,1,0.8295
261,7,967.72,670.83,51.64,94.49,1,1,0.6944
261,8,558.48,307.0,42.55,83.73,1,1,0.79866
261,11,925.33,502.82,44.22,78.3,1,1,0.83718
261,12,767.93,774.25,54.57,94.01,1,1,0.82534
261,15,764.31,652.9,44.27,87.15,1,1,0.81287
261,17,660.8,252.62,39.36,81.14,1,1,0.83498
261,20,30.61,684.02,52.59,97.4,1,1,0.83701
261,23,376.88,320.96,49.24,83.98,1,1,0.83209
261,2,948.79,664.48,63.91,67.53,1,1,0.82063
261,19,545.22,445.53,37.3,85.42,1,1,0.81531
261,26,1307.24,465.25,35.02,77.45,1,1,0.80988
261,27,598.3,537.16,47.85,87.98,1,1,0.78669
261,24,316.48,353.07,36.56,86.74,1,1,0.82133
261,28,1320.0,698.53,52.13,95.76,1,1,0.85251
261,9,127.87,636.11,63.61,87.82,1,1,0.83315
261,13,994.13,385.52,34.82,77.34,1,1,0.79153
261,25,791.73,381.83,38.76,79.58,1,1,0.75927
262,0,604.15,450.23,40.13,87.85,1,1,0.83616
262,1,1692.75,805.25,42.41,103.98,1,1,0.83583
262,3,539.97,754.47,59.02,105.28,1,1,0.85183
262,4,747.15,348.97,40.37,84.13,1,1,0.83985
262,6,610.3,188.79,33.36,72.44,1,1,0.8435
262,7,953.26,661.27,59.42,96.25,1,1,0.77567
262,8,555.29,303.28,42.31,83.77,1,1,0.82425
262,11,923.22,501.73,49.99,80.88,1,1,0.84773
262,12,767.49,767.87,62.09,93.98,1,1,0.84254
262,15,772.77,649.71,41.94,89.3,1,1,0.82315
262,17,658.09,248.07,38.3,80.72,1,1,0.84256
262,20,25.55,681.75,54.49,96.77,1,1,0.84557
262,23,375.18,318.15,48.28,82.61,1,1,0.84943
262,19,540.03,441.57,41.84,88.07,1,1,0.83948
262,26,1300.97,464.6,37.22,81.75,1,1,0.82612
262,27,612.18,537.52,40.99,85.92,1,1,0.80183
262,24,313.74,350.83,36.94,87.57,1,1,0.82246
262,28,1304.99,690.46,54.81,95.26,1,1,0.85044
262,9,129.64,632.68,61.53,87.12,1,1,0.83858
262,13,992.76,384.81,36.57,79.7,1,1,0.82363
262,25,789.27,379.75,40.45,80.93,1,1,0.78462
263,0,602.7,447.41,42.14,89.38,1,1,0.85027
263,1,1691.24,803.39,42.82,105.69,1,1,0.84119
263,3,538.96,750.32,60.19,105.71,1,1,0.86614
263,4,746.95,347.7,40.56,83.27,1,1,0.85176
263,6,607.35,186.56,34.07,72.91,1,1,0.85044
263,7,949.93,657.37,59.62,94.96,1,1,0.77591
263,8,555.28,300.16,41.3,83.74,1,1,0.82367
263,11,925.82,501.99,51.88,82.16,1,1,0.85444
263,12,771.1,763.92,67.58,94.29,1,1,0.84818
263,15,779.52,647.25,41.63,87.37,1,1,0.83424
263,17,658.0,245.18,37.72,80.38,1,1,0.84912
263,20,23.04,680.08,55.57,96.34,1,1,0.84775
263,23,376.63,316.07,46.94,81.33,1,1,0.85385
263,19,538.92,439.45,44.77,88.54,1,1,0.85145
263,26,1297.62,465.45,38.37,81.71,1,1,0.83369
263,27,619.69,536.4,42.42,84.4,1,1,0.82423
263,24,314.26,350.0,36.18,88.28,1,1,0.83053
263,28,1296.89,684.7,53.55,95.15,1,1,0.85539
263,9,133.37,629.86,60.04,86.06,1,1,0.84527
263,13,994.41,385.23,36.96,81.2,1,1,0.83151
263,25,789.98,378.16,41.45,82.39,1,1,0.77802
263,30,811.96,366.21,34.75,78.83,1,1,0.69321
263,2,944.84,653.82,66.44,56.35,1,1,0.65142
264,0,601.88,444.34,43.49,89.24,1,1,0.85628
264,1,1690.01,802.01,44.28,106.24,1,1,0.85219
264,3,539.59,746.9,59.17,105.1,1,1,0.86593
264,4,748.01,346.03,39.58,81.9,1,1,0.85584
264,6,604.61,183.99,34.15,72.58,1,1,0.84984
264,7,948.0,656.72,58.58,89.01,1,1,0.77301
264,8,554.74,296.86,40.57,83.56,1,1,0.82308
264,11,932.02,501.43,51.13,84.49,1,1,0.84736
264,12,776.11,758.91,70.43,95.86,1,1,0.86402
264,15,782.05,643.8,44.84,87.39,1,1,0.85523
264,17,656.82,242.52,37.83,79.58,1,1,0.84754
264,20,20.28,676.84,57.86,96.17,1,1,0.85217
264,23,378.88,313.03,44.77,80.43,1,1,0.85071
264,19,537.35,437.4,47.42,88.08,1,1,0.8581
264,26,1294.57,465.91,39.17,79.15,1,1,0.84166
264,27,620.4,533.52,48.53,83.18,1,1,0.84292
264,24,313.89,349.99,35.91,86.18,1,1,0.82656
264,28,1290.8,679.35,48.43,95.62,1,1,0.84957
264,9,137.5,626.95,59.12,85.51,1,1,0.84804
264,13,996.09,385.49,36.18,81.49,1,1,0.82723
264,25,791.56,376.39,42.55,83.58,1,1,0.78298
264,30,807.73,363.26,36.92,77.81,1,1,0.77433
264,2,946.28,648.8,64.74,50.34,1,1,0.65918
265,0,602.26,444.55,44.0,89.16,1,1,0.8563
265,1,1690.13,802.8,44.84,106.46,1,1,0.85153
265,3,540.48,747.0,58.71,104.85,1,1,0.8662
265,4,749.03,346.72,39.19,81.4,1,1,0.85583
265,6,604.24,184.37,34.19,72.45,1,1,0.85008
265,7,947.93,658.05,58.25,86.65,1,1,0.7736
265,8,555.14,296.97,40.34,83.47,1,1,0.82354
265,11,935.02,502.52,50.82,85.36,1,1,0.84737
265,12,778.54,758.38,71.65,96.42,1,1,0.86426
265,15,783.58,643.82,45.97,87.44,1,1,0.8555
265,17,657.04,242.87,37.86,79.28,1,1,0.84756
265,20,19.98,676.91,58.68,96.1,1,1,0.85225
265,23,380.36,313.22,43.94,80.09,1,1,0.85086
265,19,537.38,437.97,48.46,87.86,1,1,0.85812
265,26,1294.13,467.35,39.45,78.12,1,1,0.84187
265,27,621.35,533.74,50.73,82.72,1,1,0.84312
265,24,314.38,351.31,35.82,85.34,1,1,0.82673
265,28,1289.58,678.73,46.4,95.81,1,1,0.84971
265,9,139.71,627.18,58.73,85.29,1,1,0.84815
265,13,997.32,386.88,35.87,81.59,1,1,0.82764
265,25,792.82,377.05,42.95,84.06,1,1,0.78348
265,30,806.92,363.51,37.66,77.52,1,1,0.77361
265,2,947.37,648.44,64.12,48.51,1,1,0.65944
266,0,602.06,440.45,45.84,89.24,1,1,0.85367
266,1,1689.01,799.93,45.86,105.69,1,1,0.84556
266,3,542.34,743.0,57.54,104.28,1,1,0.86281
266,4,749.96,343.38,38.74,81.14,1,1,0.85368
266,6,603.69,180.91,33.43,72.3,1,1,0.85024
266,7,948.34,656.88,55.25,81.72,1,1,0.76871
266,8,555.71,292.36,39.74,84.51,1,1,0.82806
266,11,939.47,500.28,48.66,85.29,1,1,0.83974
266,12,784.62,754.52,68.09,96.72,1,1,0.86382
266,15,783.27,639.71,50.77,89.93,1,1,0.85659
266,17,656.12,239.55,38.9,78.89,1,1,0.84588
266,20,20.04,672.47,59.85,95.15,1,1,0.85455
266,23,382.04,309.05,42.8,80.22,1,1,0.8545
266,19,536.58,434.84,50.25,87.64,1,1,0.85698
266,26,1292.15,465.72,38.39,76.76,1,1,0.83271
266,27,621.26,530.31,55.38,81.11,1,1,0.84761
266,24,314.42,349.4,35.91,82.91,1,1,0.8222
266,28,1284.0,673.33,41.68,96.83,1,1,0.84383
266,9,138.97,623.24,60.93,85.06,1,1,0.85869
266,13,1000.16,384.67,33.68,80.21,1,1,0.8069
266,25,793.13,371.86,43.98,87.37,1,1,0.74935
266,30,803.45,357.33,39.02,78.91,1,1,0.74992
266,2,948.72,642.38,62.36,48.47,1,1,0.74215
267,0,599.55,430.32,45.5,89.42,1,1,0.84286
267,1,1690.14,793.21,47.88,105.05,1,1,0.83503
267,3,546.61,734.67,52.42,102.37,1,1,0.84482
267,4,749.66,333.3,37.75,82.29,1,1,0.83275
267,6,599.83,170.16,33.98,72.7,1,1,0.83792
267,7,944.54,645.77,55.59,82.36,1,1,0.81789
267,8,554.86,280.98,38.12,85.35,1,1,0.81301
267,11,948.19,494.9,43.97,81.81,1,1,0.83461
267,12,803.64,745.67,55.23,97.33,1,1,0.84699
267,15,790.57,630.98,55.49,93.85,1,1,0.81132
267,17,653.9,229.97,41.3,78.41,1,1,0.84582
267,20,13.68,662.99,61.73,94.77,1,1,0.85914
267,23,380.37,298.28,43.17,84.03,1,1,0.84315
267,19,536.23,427.67,50.4,86.63,1,1,0.85267
267,26,1289.42,459.58,37.75,74.28,1,1,0.83186
267,27,626.0,521.56,60.86,81.03,1,1,0.83394
267,24,311.83,340.78,36.26,80.84,1,1,0.80516
267,28,1272.83,661.41,40.36,97.82,1,1,0.83913
267,9,135.48,615.22,65.75,85.9,1,1,0.84977
267,13,1003.16,377.4,32.58,77.55,1,1,0.7887
267,25,793.92,369.35,40.6,81.23,1,1,0.78012
267,2,948.39,629.77,63.51,47.87,1,1,0.76549
268,0,597.88,425.78,45.92,89.91,1,1,0.84109
268,1,1692.87,790.51,47.89,105.36,1,1,0.83596
268,3,550.19,730.85,48.25,102.8,1,1,0.83756
268,4,750.05,329.01,36.72,84.93,1,1,0.82534
268,6,596.39,164.37,34.29,72.94,1,1,0.84073
268,7,943.48,641.48,54.5,82.2,1,1,0.82197
268,8,554.56,276.17,37.21,84.89,1,1,0.81499
268,11,953.21,493.36,43.17,80.65,1,1,0.83642
268,12,817.13,741.94,48.59,97.83,1,1,0.8364
268,15,798.58,628.1,58.08,95.19,1,1,0.81953
268,17,652.42,225.07,42.95,78.75,1,1,0.8489
268,20,8.35,659.36,61.83,95.4,1,1,0.86665
268,23,378.19,293.72,44.01,85.44,1,1,0.84394
268,19,537.96,424.52,49.14,85.77,1,1,0.84888
268,26,1287.38,457.78,38.87,77.27,1,1,0.8403
268,27,636.31,517.74,58.18,83.73,1,1,0.82718
268,24,308.92,336.38,36.64,81.41,1,1,0.81848
268,28,1262.94,655.27,44.98,97.78,1,1,0.8439
268,9,134.52,612.23,67.53,87.3,1,1,0.85214
268,13,1005.06,375.52,33.12,77.73,1,1,0.7943
268,25,794.86,369.07,38.16,77.57,1,1,0.77574
268,2,948.97,623.83,65.02,49.03,1,1,0.79882
269,0,597.81,425.81,46.12,90.09,1,1,0.84136
269,1,1694.48,791.18,47.89,105.55,1,1,0.83584
269,3,551.92,731.15,46.77,102.97,1,1,0.83755
269,4,750.67,329.12,36.33,85.92,1,1,0.82522
269,6,595.67,163.92,34.41,73.02,1,1,0.84064
269,7,943.71,641.67,54.08,82.15,1,1,0.82205
269,8,554.95,276.1,36.93,84.71,1,1,0.81504
269,11,955.38,494.42,42.89,80.22,1,1,0.83662
269,12,821.67,742.27,46.45,98.01,1,1,0.83631
269,15,802.21,628.74,59.08,95.67,1,1,0.81935
269,17,652.4,224.96,43.59,78.88,1,1,0.84879
269,20,6.9,659.69,61.87,95.68,1,1,0.86668
269,23,377.89,293.72,44.32,85.97,1,1,0.84383
269,19,539.13,425.03,48.62,85.44,1,1,0.84881
269,26,1287.19,458.76,39.28,78.35,1,1,0.8404
269,27,640.76,518.01,57.05,84.73,1,1,0.82734
269,24,308.32,336.44,36.79,81.55,1,1,0.81797
269,28,1260.0,654.71,46.57,97.76,1,1,0.84386
269,9,134.69,612.81,68.19,87.82,1,1,0.85187
269,13,1006.21,376.47,33.33,77.72,1,1,0.79393
269,25,795.68,370.56,37.27,76.25,1,1,0.77559
269,2,949.67,623.42,65.6,49.47,1,1,0.7988
270,0,596.37,420.5,47.8,90.74,1,1,0.84047
270,1,1696.13,786.97,46.47,107.14,1,1,0.8229
270,3,553.39,726.21,44.83,103.51,1,1,0.83224
270,4,749.72,323.96,37.34,87.6,1,1,0.81735
270,6,592.83,157.89,34.63,73.32,1,1,0.84081
270,7,941.58,631.43,52.01,86.32,1,1,0.81286
270,8,553.46,271.1,36.36,84.58,1,1,0.78156
270,11,955.59,491.32,43.84,80.22,1,1,0.8277
270,12,825.91,737.55,47.57,97.57,1,1,0.82686
270,15,807.53,625.25,58.92,96.89,1,1,0.81345
270,17,649.89,219.38,44.94,79.9,1,1,0.84108
270,20,2.5,655.58,61.0,98.3,1,1,0.86334
270,23,375.53,288.76,44.98,86.72,1,1,0.84283
270,19,540.75,420.06,47.55,85.25,1,1,0.84484
270,26,1284.48,455.8,39.54,83.27,1,1,0.83811
270,27,651.04,514.03,50.0,84.74,1,1,0.81283
270,24,304.77,331.86,37.89,83.09,1,1,0.82033
270,28,1253.06,648.88,51.37,98.74,1,1,0.83147
270,9,135.11,608.75,66.27,88.59,1,1,0.83489
270,13,1006.57,373.28,33.4,76.31,1,1,0.77928
270,25,794.11,362.51,37.65,78.9,1,1,0.76244
270,2,954.38,615.8,61.62,52.8,1,1,0.79628
271,0,594.46,415.8,46.99,92.14,1,1,0.83786
271,1,1698.5,783.9,45.16,108.43,1,1,0.8167
271,3,553.81,721.31,44.56,104.32,1,1,0.81916
271,4,749.03,319.43,38.66,88.52,1,1,0.8121
271,6,589.41,151.61,34.56,74.0,1,1,0.83075
271,7,938.32,622.37,51.25,89.34,1,1,0.81375
271,8,551.64,265.03,36.41,85.5,1,1,0.77917
271,11,958.17,489.63,47.43,84.0,1,1,0.83402
271,12,825.36,732.74,54.07,98.51,1,1,0.83889
271,15,815.09,622.67,55.23,97.43,1,1,0.79193
271,17,646.82,213.84,46.55,80.56,1,1,0.83725
271,20,-0.34,653.37,58.09,102.12,1,1,0.86278
271,23,373.56,284.42,45.24,87.43,1,1,0.83973
271,19,542.53,415.5,44.71,86.01,1,1,0.83959
271,26,1282.38,453.56,39.5,88.41,1,1,0.84189
271,27,661.47,510.95,43.4,84.44,1,1,0.82499
271,24,300.82,327.4,39.55,85.38,1,1,0.81224
271,28,1244.59,642.91,58.17,99.53,1,1,0.8309
271,9,138.91,605.33,60.65,88.8,1,1,0.82066
271,13,1009.46,371.27,34.54,83.1,1,1,0.80495
271,25,793.66,351.28,37.75,83.68,1,1,0.74729
271,2,958.95,608.7,56.54,56.76,1,1,0.80795
272,0,593.02,412.04,48.29,93.19,1,1,0.83565
272,1,1701.12,782.18,43.7,109.5,1,1,0.82605
272,3,552.58,716.99,45.18,106.24,1,1,0.82777
272,4,747.5,316.53,40.8,89.12,1,1,0.82192
272,6,585.65,146.19,35.27,74.26,1,1,0.82862
272,7,935.84,616.32,48.97,89.96,1,1,0.811
272,8,549.27,260.63,37.32,85.31,1,1,0.78618
272,11,962.17,488.48,53.27,88.68,1,1,0.83575
272,12,825.45,729.76,63.49,97.61,1,1,0.85727
272,15,822.56,620.89,50.32,98.89,1,1,0.7991
272,17,644.72,209.0,47.41,80.89,1,1,0.83733
272,20,-1.36,652.97,52.51,103.67,1,1,0.85605
272,23,372.53,280.5,44.44,87.8,1,1,0.83832
272,19,543.04,411.72,43.09,88.33,1,1,0.83098
272,26,1280.42,452.91,40.05,91.24,1,1,0.83697
272,27,667.66,507.96,41.36,86.52,1,1,0.82914
272,24,296.01,324.33,42.26,86.63,1,1,0.8262
272,28,1238.06,637.95,60.72,97.7,1,1,0.8207
272,9,142.2,602.6,56.03,89.82,1,1,0.83645
272,13,1012.07,369.95,34.78,86.99,1,1,0.81316
272,25,793.81,346.65,38.71,88.22,1,1,0.79459
272,2,962.05,602.4,53.68,60.46,1,1,0.80135
272,30,790.49,323.9,35.74,68.26,1,1,0.67715
273,0,590.44,409.93,50.91,93.68,1,1,0.8413
273,1,1703.8,781.75,42.72,110.26,1,1,0.81733
273,3,550.54,713.98,45.06,107.7,1,1,0.81784
273,4,746.32,314.76,41.56,90.21,1,1,0.82175
273,6,581.98,142.23,35.37,74.35,1,1,0.82894
273,7,931.66,618.93,48.6,83.81,1,1,0.78487
273,8,546.28,257.47,38.85,85.46,1,1,0.77525
273,11,966.75,489.54,54.73,88.23,1,1,0.82726
273,12,827.05,727.9,73.31,97.35,1,1,0.86281
273,15,830.81,620.33,44.13,100.21,1,1,0.80244
273,17,643.11,204.97,47.74,81.2,1,1,0.83081
273,20,-1.58,654.2,47.2,104.74,1,1,0.85092
273,23,371.14,278.44,43.77,87.0,1,1,0.83753
273,19,541.89,409.45,43.28,90.29,1,1,0.83258
273,26,1277.77,455.48,41.21,90.75,1,1,0.83519
273,27,669.86,506.18,43.77,86.19,1,1,0.83086
273,24,292.17,322.39,43.77,88.19,1,1,0.82044
273,28,1234.18,634.97,57.8,95.35,1,1,0.8229
273,9,145.36,600.85,51.77,90.71,1,1,0.831
273,13,1013.44,369.78,35.39,89.57,1,1,0.80213
273,25,793.71,343.95,39.75,91.65,1,1,0.79184
273,2,960.76,598.04,53.98,64.08,1,1,0.78499
273,30,786.28,321.08,35.31,69.86,1,1,0.77586
274,0,586.52,408.71,53.66,94.37,1,1,0.84662
274,1,1705.92,781.7,42.57,110.99,1,1,0.81994
274,3,547.86,711.41,46.17,108.78,1,1,0.82904
274,4,744.43,314.03,41.92,89.5,1,1,0.83206
274,6,577.83,138.92,35.64,74.23,1,1,0.83421
274,7,927.55,618.97,50.74,80.41,1,1,0.7679
274,8,542.92,254.9,40.83,85.53,1,1,0.78666
274,11,971.86,491.44,55.09,88.49,1,1,0.82642
274,12,832.81,726.67,79.13,98.54,1,1,0.86876
274,15,836.78,619.25,42.71,101.68,1,1,0.8096
274,17,642.77,201.12,45.78,81.76,1,1,0.83097
274,20,-1.49,656.55,40.71,105.53,1,1,0.85175
274,23,369.49,276.44,42.53,86.48,1,1,0.83895
274,19,539.57,407.86,43.85,91.68,1,1,0.83327
274,26,1275.96,458.06,41.52,88.77,1,1,0.83932
274,27,669.04,504.35,49.45,85.89,1,1,0.84904
274,24,288.61,321.28,44.84,89.54,1,1,0.82855
274,28,1230.15,632.84,52.33,94.34,1,1,0.82941
274,9,143.26,599.39,54.93,91.21,1,1,0.8392
274,13,1015.44,370.86,35.19,89.27,1,1,0.80386
274,25,793.62,343.58,40.21,91.18,1,1,0.78263
274,2,956.14,593.75,58.03,69.0,1,1,0.7523
274,30,781.04,318.04,35.21,72.6,1,1,0.78981
275,0,582.06,407.72,56.28,95.4,1,1,0.84713
275,1,1709.4,783.22,42.64,111.24,1,1,0.8026
275,3,544.98,709.96,47.86,108.83,1,1,0.81627
275,4,742.76,313.62,42.0,88.97,1,1,0.82938
275,6,574.03,136.07,35.89,74.66,1,1,0.83827
275,7,925.57,620.45,54.03,75.27,1,1,0.74368
275,8,539.19,251.23,43.38,87.07,1,1,0.79735
275,11,980.92,494.07,51.2,89.3,1,1,0.81268
275,12,838.26,727.28,78.83,99.25,1,1,0.86462
275,15,838.91,618.7,45.39,102.81,1,1,0.83011
275,17,641.7,197.66,44.8,82.65,1,1,0.82734
275,20,-1.14,660.11,34.17,105.84,1,1,0.84164
275,23,367.21,274.18,41.84,86.93,1,1,0.83672
275,19,536.89,407.41,45.35,92.24,1,1,0.82726
275,26,1275.27,460.32,40.98,85.99,1,1,0.82998
275,27,668.34,504.23,55.84,87.38,1,1,0.84832
275,24,286.12,321.5,44.28,89.36,1,1,0.82258
275,28,1226.92,632.14,44.42,93.45,1,1,0.80239
275,9,137.25,598.5,59.78,91.04,1,1,0.83016
275,13,1018.77,372.71,35.39,87.01,1,1,0.7988
275,25,795.09,345.98,40.07,91.34,1,1,0.7921
275,2,951.56,590.14,62.53,72.39,1,1,0.72319
275,30,777.26,316.03,35.2,73.55,1,1,0.79474
276,0,575.96,407.15,59.14,97.39,1,1,0.83934
276,1,1715.27,786.31,42.67,111.96,1,1,0.81055
276,3,541.28,710.18,49.07,109.03,1,1,0.82257
276,4,740.94,313.12,41.96,88.63,1,1,0.80552
276,6,569.48,133.63,36.51,75.16,1,1,0.83043
276,7,923.6,623.52,56.23,70.35,1,1,0.71166
276,8,534.08,249.44,44.78,87.3,1,1,0.80325
276,11,986.88,497.85,48.01,87.16,1,1,0.81209
276,12,847.16,728.17,71.78,100.01,1,1,0.84808
276,15,842.47,618.34,46.82,103.56,1,1,0.82447
276,17,641.92,193.88,41.84,83.95,1,1,0.81045
276,20,-0.89,664.57,23.86,106.04,1,1,0.80327
276,23,363.48,272.2,41.07,86.83,1,1,0.83088
276,19,534.02,407.56,45.93,93.15,1,1,0.82238
276,26,1274.51,462.24,40.76,83.41,1,1,0.81759
276,27,667.68,504.86,61.84,88.75,1,1,0.84823
276,24,282.52,321.6,42.91,88.87,1,1,0.82192
276,28,1223.71,631.44,41.19,95.6,1,1,0.8047
276,9,129.72,598.4,65.12,92.14,1,1,0.8433
276,13,1020.54,374.28,35.6,84.06,1,1,0.78509
276,25,796.47,348.38,40.26,92.94,1,1,0.78498
276,2,947.01,587.65,66.6,77.05,1,1,0.74326
276,30,773.92,313.68,34.42,76.08,1,1,0.77171
277,0,571.08,406.33,60.2,98.17,1,1,0.83432
277,1,1721.21,789.52,44.05,112.98,1,1,0.80497
277,3,537.52,711.02,49.39,109.15,1,1,0.82632
277,4,740.37,311.86,40.74,88.51,1,1,0.8048
277,6,562.89,130.1,36.98,75.63,1,1,0.83422
277,7,918.71,624.94,60.52,65.39,1,1,0.78051
277,8,527.46,246.66,46.4,88.22,1,1,0.79499
277,11,992.48,501.37,45.27,84.54,1,1,0.81917
277,12,858.17,729.53,67.14,100.93,1,1,0.85017
277,15,844.99,618.57,49.79,103.93,1,1,0.83213
277,17,640.51,189.7,41.01,85.7,1,1,0.81526
277,23,356.82,269.34,42.7,87.62,1,1,0.83399
277,19,530.62,407.82,45.6,93.43,1,1,0.81797
277,26,1273.65,463.71,42.45,85.12,1,1,0.82308
277,27,671.73,505.64,61.91,87.3,1,1,0.84199
277,24,276.36,320.6,42.23,88.14,1,1,0.81996
277,28,1221.23,630.11,40.98,96.51,1,1,0.79891
277,9,121.07,599.02,70.05,91.5,1,1,0.83548
277,13,1021.76,374.22,36.41,83.32,1,1,0.79406
277,25,796.45,349.62,40.88,93.27,1,1,0.79204
277,2,947.34,586.13,65.66,77.87,1,1,0.73732
277,30,769.43,310.54,35.63,77.6,1,1,0.76647
278,0,566.29,405.85,59.49,98.32,1,1,0.82576
278,1,1728.56,792.77,45.14,114.55,1,1,0.81409
278,3,534.46,711.94,48.93,109.32,1,1,0.83493
278,4,739.1,310.89,41.16,87.38,1,1,0.81884
278,6,556.32,126.8,37.86,76.41,1,1,0.84078
278,7,912.72,626.1,66.02,63.42,1,1,0.80953
278,8,520.34,244.1,48.35,88.69,1,1,0.83519
278,11,996.04,504.41,45.5,82.56,1,1,0.82539
278,12,871.99,733.5,61.13,100.92,1,1,0.84183
278,15,845.36,620.24,58.05,104.41,1,1,0.85735
278,17,637.45,185.55,40.44,87.54,1,1,0.82896
278,23,350.21,266.22,44.58,88.25,1,1,0.84094
278,19,526.92,408.22,44.6,94.16,1,1,0.82858
278,26,1272.95,465.54,44.09,91.24,1,1,0.82257
278,27,683.75,506.09,54.26,87.84,1,1,0.81331
278,24,269.85,318.94,42.4,88.12,1,1,0.83526
278,28,1217.73,627.86,42.12,100.65,1,1,0.82222
278,9,115.02,599.56,72.83,89.83,1,1,0.85107
278,13,1024.6,374.81,38.55,88.04,1,1,0.80125
278,25,797.65,350.22,39.89,91.86,1,1,0.8085
278,2,948.64,584.96,63.8,78.7,1,1,0.74537
278,30,763.13,307.69,38.09,78.37,1,1,0.79478
279,0,562.14,405.48,59.1,98.4,1,1,0.82991
279,1,1735.78,796.3,46.37,115.96,1,1,0.81381
279,3,531.49,713.29,47.82,109.24,1,1,0.83691
279,4,738.24,309.28,42.29,87.34,1,1,0.81955
279,6,549.86,123.23,38.21,77.4,1,1,0.84585
279,8,513.54,240.91,49.21,89.7,1,1,0.8409
279,11,996.06,507.57,48.32,80.93,1,1,0.83456
279,12,882.35,732.28,55.76,105.89,1,1,0.83822
279,15,848.01,621.24,65.61,106.07,1,1,0.86197
279,17,632.92,181.88,40.98,89.42,1,1,0.83775
279,23,340.2,263.26,48.95,90.11,1,1,0.85444
279,19,523.17,408.97,44.65,94.45,1,1,0.83504
279,26,1272.59,467.81,45.31,94.97,1,1,0.83343
279,27,694.1,507.53,47.63,86.89,1,1,0.82472
279,24,262.81,316.52,42.72,90.47,1,1,0.83607
279,28,1213.8,626.61,43.16,102.14,1,1,0.82958
279,9,109.92,601.1,71.81,89.28,1,1,0.84129
279,13,1025.99,375.59,40.52,91.58,1,1,0.81287
279,25,797.4,350.4,40.81,91.57,1,1,0.8214
279,2,932.35,584.41,79.99,87.24,1,1,0.76219
279,30,756.44,305.25,43.51,80.72,1,1,0.81006
280,0,558.02,404.58,58.62,99.31,1,1,0.82836
280,1,1743.85,800.18,47.48,117.88,1,1,0.82084
280,3,528.28,715.0,47.01,109.22,1,1,0.83571
280,4,736.32,307.66,43.91,89.04,1,1,0.82161
280,6,543.85,119.0,38.13,78.6,1,1,0.8406
280,8,506.58,238.34,50.65,90.32,1,1,0.84275
280,11,997.78,511.28,58.05,78.26,1,1,0.83403
280,12,887.21,729.46,54.32,111.93,1,1,0.83458
280,15,852.42,623.17,68.95,106.59,1,1,0.86145
280,17,628.0,177.96,41.49,90.89,1,1,0.82697
280,23,330.0,260.28,54.05,92.56,1,1,0.86474
280,19,519.84,409.42,45.2,95.31,1,1,0.83195
280,26,1271.97,470.72,44.09,94.93,1,1,0.82351
280,27,703.0,509.15,44.95,88.74,1,1,0.82117
280,24,255.34,315.34,42.86,95.14,1,1,0.83445
280,28,1210.86,624.67,44.16,105.37,1,1,0.82906
280,9,112.5,602.84,61.85,90.32,1,1,0.81065
280,13,1029.55,376.96,41.75,95.05,1,1,0.80844
280,25,796.2,350.17,42.12,91.49,1,1,0.8276
280,2,927.73,585.51,83.99,90.82,1,1,0.81035
280,30,748.81,302.67,47.45,83.05,1,1,0.82263
281,0,553.48,403.72,58.68,100.14,1,1,0.83593
281,1,1751.86,804.58,49.02,118.92,1,1,0.80709
281,3,523.72,716.63,46.94,109.46,1,1,0.83239
281,4,732.71,307.27,49.23,90.32,1,1,0.80557
281,6,536.65,115.42,38.22,79.24,1,1,0.83633
281,8,499.18,235.64,52.21,91.22,1,1,0.84457
281,11,1000.42,516.37,63.95,79.09,1,1,0.83797
281,12,888.38,729.92,55.17,112.12,1,1,0.82195
281,15,859.46,626.02,68.14,107.9,1,1,0.84461
281,17,622.06,174.71,43.58,91.51,1,1,0.82415
281,23,321.12,258.12,58.45,94.68,1,1,0.86876
281,19,515.49,409.02,46.65,96.15,1,1,0.82671
281,26,1270.28,473.73,43.24,94.87,1,1,0.82091
281,27,705.22,509.93,49.62,90.41,1,1,0.84068
281,24,247.89,314.66,43.63,99.54,1,1,0.83035
281,28,1208.48,624.01,43.72,104.09,1,1,0.82098
281,9,114.9,604.51,51.81,91.09,1,1,0.82731
281,13,1032.47,379.54,42.92,97.31,1,1,0.82451
281,25,794.46,349.69,43.85,91.93,1,1,0.83138
281,2,926.92,587.31,85.0,90.99,1,1,0.81977
281,30,741.83,300.44,50.58,85.98,1,1,0.79982
282,0,549.34,402.69,58.22,101.22,1,1,0.83655
282,1,1759.32,809.02,50.69,119.89,1,1,0.82183
282,3,520.77,717.33,46.49,111.99,1,1,0.8334
282,4,730.28,303.72,54.78,94.37,1,1,0.82223
282,6,529.5,110.92,38.63,80.26,1,1,0.83704
282,8,493.8,232.19,52.14,92.84,1,1,0.84523
282,11,1005.54,521.17,64.32,82.51,1,1,0.84234
282,12,890.95,728.92,63.62,112.85,1,1,0.83315
282,15,869.93,629.09,62.1,108.81,1,1,0.83489
282,17,617.07,172.08,45.8,91.22,1,1,0.82914
282,23,313.08,256.55,61.47,95.46,1,1,0.8691
282,19,512.38,408.37,47.33,97.36,1,1,0.8258
282,26,1269.21,476.18,42.02,94.43,1,1,0.81987
282,27,703.84,511.16,57.67,90.35,1,1,0.86171
282,24,240.66,313.86,44.33,102.39,1,1,0.8322
282,28,1206.67,622.71,42.82,98.8,1,1,0.81229
282,9,111.52,605.48,49.74,93.1,1,1,0.82445
282,13,1036.64,382.06,42.98,99.62,1,1,0.82804
282,25,793.59,350.03,44.7,92.28,1,1,0.83366
282,2,928.23,590.08,84.68,89.64,1,1,0.83521
283,0,544.16,402.07,58.41,102.1,1,1,0.83039
283,1,1766.7,814.31,53.8,120.63,1,1,0.82749
283,3,517.02,718.21,47.36,115.18,1,1,0.8283
283,4,727.31,302.24,56.68,97.26,1,1,0.83037
283,6,522.83,106.78,38.91,80.44,1,1,0.84013
283,8,490.2,228.58,49.75,94.21,1,1,0.83856
283,11,1009.33,527.4,64.98,85.87,1,1,0.84747
283,12,896.03,730.85,71.08,110.39,1,1,0.83986
283,15,880.68,632.94,59.55,110.91,1,1,0.82816
283,17,612.86,169.28,47.17,92.17,1,1,0.82971
283,23,305.61,255.29,63.17,96.1,1,1,0.86891
283,19,507.6,407.8,49.93,98.96,1,1,0.82906
283,26,1268.52,478.82,41.87,92.48,1,1,0.8256
283,27,702.16,512.05,67.73,90.5,1,1,0.86232
283,24,233.49,313.94,44.8,104.19,1,1,0.83011
283,28,1203.98,623.17,41.22,92.08,1,1,0.81278
283,9,105.89,606.89,50.52,92.71,1,1,0.79389
283,13,1039.77,384.93,42.8,98.67,1,1,0.82544
283,25,790.49,350.05,49.61,95.74,1,1,0.84042
283,2,933.26,593.86,81.03,88.27,1,1,0.82888
284,0,540.5,400.81,56.97,104.21,1,1,0.84095
284,1,1773.06,818.89,57.37,120.74,1,1,0.84232
284,3,512.68,718.0,50.05,118.47,1,1,0.8457
284,4,725.67,302.7,55.66,98.35,1,1,0.81898
284,6,516.63,102.48,38.56,80.1,1,1,0.84392
284,8,487.47,224.73,47.62,95.35,1,1,0.84131
284,11,1013.3,533.0,64.97,85.36,1,1,0.85662
284,12,900.39,731.1,76.22,110.23,1,1,0.84869
284,15,885.62,635.62,60.8,110.34,1,1,0.83263
284,17,608.77,165.81,49.18,93.09,1,1,0.84439
284,23,300.2,253.23,62.55,96.17,1,1,0.87272
284,19,504.01,406.93,51.87,102.14,1,1,0.83639
284,26,1267.78,480.4,43.38,92.97,1,1,0.82784
284,27,704.19,512.68,75.52,92.67,1,1,0.86455
284,24,227.0,314.01,44.35,105.07,1,1,0.8357
284,28,1201.71,622.21,41.76,90.06,1,1,0.82953
284,9,97.01,607.43,57.26,94.54,1,1,0.83026
284,13,1043.35,387.13,41.66,96.69,1,1,0.81849
284,25,788.83,349.38,52.99,99.35,1,1,0.85099
284,2,937.8,597.75,79.96,85.68,1,1,0.82879
285,0,536.4,399.77,55.66,106.3,1,1,0.83513
285,1,1780.05,823.09,61.69,121.93,1,1,0.84084
285,3,508.07,717.75,53.17,121.47,1,1,0.84437
285,4,725.48,302.73,52.22,99.95,1,1,0.81179
285,6,510.16,97.35,38.78,81.43,1,1,0.84218
285,8,484.12,220.91,46.62,96.61,1,1,0.83883
285,11,1017.25,538.37,63.71,84.53,1,1,0.84977
285,12,907.86,732.51,75.26,110.35,1,1,0.8385
285,15,887.03,637.94,68.31,112.34,1,1,0.81357
285,17,604.74,162.42,51.43,94.2,1,1,0.85057
285,23,297.27,250.79,59.64,96.65,1,1,0.86803
285,19,497.87,406.17,56.12,105.64,1,1,0.84859
285,26,1267.49,482.5,44.63,94.46,1,1,0.82594
285,27,716.49,513.76,72.48,94.73,1,1,0.83886
285,24,220.98,314.14,43.78,104.86,1,1,0.83275
285,28,1198.76,621.45,42.1,89.6,1,1,0.83124
285,9,88.79,608.14,63.07,94.65,1,1,0.82967
285,13,1046.14,389.07,41.45,94.73,1,1,0.8118
285,25,788.17,349.01,57.1,101.28,1,1,0.84988
285,2,940.27,601.47,81.66,82.62,1,1,0.83887
286,0,530.26,398.82,56.36,109.47,1,1,0.83399
286,1,1788.02,826.6,65.57,123.5,1,1,0.84782
286,3,503.62,716.96,56.82,124.1,1,1,0.84961
286,4,725.27,302.68,48.92,99.35,1,1,0.81577
286,6,503.55,91.9,39.6,81.67,1,1,0.83861
286,8,480.32,217.16,46.14,97.71,1,1,0.84156
286,11,1018.8,541.98,63.75,87.11,1,1,0.85497
286,12,918.96,732.69,66.89,113.14,1,1,0.84396
286,15,901.79,641.32,63.47,112.17,1,1,0.78358
286,17,600.82,158.0,52.53,94.55,1,1,0.85388
286,23,295.18,248.17,55.59,96.7,1,1,0.85908
286,19,491.93,405.24,60.71,108.88,1,1,0.85384
286,26,1266.57,484.68,45.74,99.45,1,1,0.81946
286,27,727.93,514.33,67.85,96.69,1,1,0.81867
286,24,214.39,313.16,43.22,104.53,1,1,0.8275
286,28,1197.37,619.78,42.92,91.13,1,1,0.83838
286,9,81.9,608.81,66.05,96.34,1,1,0.8267
286,13,1048.42,390.27,41.78,99.15,1,1,0.81674
286,25,787.72,348.51,59.79,102.01,1,1,0.84272
286,2,944.43,605.1,82.45,79.6,1,1,0.84642
286,7,879.97,637.37,78.98,56.16,1,1,0.79529
287,0,523.46,397.87,56.63,111.85,1,1,0.82727
287,1,1798.01,830.07,66.59,125.63,1,1,0.84371
287,3,498.1,717.29,61.49,127.02,1,1,0.85308
287,4,725.63,299.71,47.18,100.57,1,1,0.8215
287,6,497.31,85.03,40.02,83.44,1,1,0.83507
287,8,474.56,213.78,46.79,99.39,1,1,0.84522
287,11,1019.61,545.93,63.6,89.49,1,1,0.85294
287,12,933.15,732.93,57.51,115.54,1,1,0.84107
287,15,904.62,641.29,76.22,113.61,1,1,0.77086
287,17,598.27,152.85,53.54,95.82,1,1,0.8503
287,23,294.01,244.26,50.99,97.99,1,1,0.85661
287,19,486.51,405.66,63.82,110.09,1,1,0.85157
287,26,1266.24,487.41,46.29,104.75,1,1,0.81639
287,27,745.85,515.0,56.94,97.1,1,1,0.81584
287,24,208.37,311.5,42.43,103.82,1,1,0.82639
287,28,1194.63,618.38,44.68,95.56,1,1,0.8444
287,9,78.48,610.23,66.82,97.33,1,1,0.83137
287,13,1051.15,391.62,42.96,103.08,1,1,0.8261
287,25,789.07,348.53,60.68,104.96,1,1,0.85069
287,2,949.99,609.05,82.54,75.99,1,1,0.84175
287,7,878.78,638.25,83.43,55.93,1,1,0.6918
288,0,518.97,397.28,54.58,112.48,1,1,0.83191
288,1,1807.54,833.9,68.61,127.15,1,1,0.85861
288,3,492.38,718.22,66.4,128.42,1,1,0.86341
288,4,724.41,295.52,46.97,102.83,1,1,0.84029
288,6,489.69,79.2,41.19,85.42,1,1,0.83498
288,8,468.53,210.34,47.88,101.42,1,1,0.85102
288,11,1019.43,549.75,63.98,92.61,1,1,0.85294
288,12,946.23,733.98,52.19,117.35,1,1,0.84334
288,15,911.44,642.04,82.8,113.88,1,1,0.82833
288,17,595.98,147.14,54.05,97.48,1,1,0.85368
288,23,291.53,240.38,47.51,99.79,1,1,0.85375
288,19,481.07,406.04,66.59,110.93,1,1,0.8502
288,26,1265.7,490.67,46.15,107.73,1,1,0.82569
288,27,758.71,515.57,52.94,98.06,1,1,0.82275
288,24,201.85,308.86,43.21,104.54,1,1,0.82995
288,28,1191.61,616.59,47.45,98.45,1,1,0.85604
288,9,76.54,611.7,65.99,99.23,1,1,0.83828
288,13,1051.36,393.33,47.33,106.52,1,1,0.84418
288,25,793.03,348.26,59.71,108.86,1,1,0.8386
288,2,955.71,612.81,83.69,72.39,1,1,0.82565
288,7,877.57,639.48,92.85,56.52,1,1,0.70323
289,0,514.42,396.99,52.93,112.37,1,1,0.82261
289,1,1817.98,836.87,69.06,128.62,1,1,0.83883
289,3,486.56,719.35,69.06,129.18,1,1,0.85988
289,4,723.45,291.76,47.33,104.12,1,1,0.84478
289,6,482.41,73.18,41.35,88.25,1,1,0.82695
289,8,461.05,207.23,50.16,103.54,1,1,0.84807
289,11,1019.26,554.06,64.53,94.48,1,1,0.83411
289,12,955.56,732.46,50.7,120.59,1,1,0.84509
289,15,916.72,641.87,87.08,112.29,1,1,0.83601
289,17,593.57,140.82,53.94,98.68,1,1,0.846
289,23,286.72,236.43,46.3,103.44,1,1,0.8496
289,19,475.84,407.64,67.82,110.2,1,1,0.83218
289,26,1264.74,494.34,46.74,110.43,1,1,0.82793
289,27,766.03,515.92,53.95,98.54,1,1,0.82478
289,24,192.51,305.88,45.88,105.75,1,1,0.83773
289,28,1188.19,615.07,50.51,101.09,1,1,0.84874
289,9,77.3,612.69,61.71,101.86,1,1,0.82588
289,13,1052.38,395.66,52.05,108.79,1,1,0.84463
289,25,795.59,347.95,58.95,110.0,1,1,0.83882
289,2,963.79,615.49,84.95,69.19,1,1,0.80338
290,0,509.51,395.46,51.9,112.27,1,1,0.82162
290,1,1828.53,839.09,68.56,129.5,1,1,0.84814
290,3,482.43,720.22,69.16,128.16,1,1,0.8621
290,4,722.52,288.08,46.41,105.42,1,1,0.83912
290,6,475.12,66.49,41.78,91.12,1,1,0.83765
290,8,454.22,203.36,51.77,104.88,1,1,0.85252
290,11,1019.38,558.15,67.24,88.09,1,1,0.7998
290,12,961.79,730.44,52.61,123.78,1,1,0.85091
290,15,923.32,641.32,86.14,109.83,1,1,0.84218
290,17,591.22,133.53,52.31,100.84,1,1,0.84464
290,23,280.51,231.27,46.78,107.68,1,1,0.85246
290,19,472.41,408.28,67.79,108.78,1,1,0.83143
290,26,1263.35,496.61,47.5,110.78,1,1,0.83344
290,27,771.32,515.12,58.39,99.67,1,1,0.83607
290,24,182.38,302.45,49.21,107.21,1,1,0.84931
290,28,1179.57,612.25,59.95,103.02,1,1,0.8627
290,9,78.83,612.4,55.48,104.37,1,1,0.83534
290,13,1057.53,397.96,54.27,109.85,1,1,0.84589
290,25,799.35,346.62,56.52,109.55,1,1,0.83626
290,2,973.63,618.52,87.16,64.73,1,1,0.82236
291,0,506.01,391.79,50.37,113.97,1,1,0.82934
291,1,1840.22,840.25,66.93,130.51,1,1,0.83687
291,3,478.71,719.27,69.31,127.95,1,1,0.86169
291,4,721.02,282.45,46.51,109.11,1,1,0.83719
291,6,467.95,58.91,42.28,93.5,1,1,0.83055
291,8,449.34,198.28,52.25,105.24,1,1,0.84289
291,11,1020.51,562.33,69.05,76.97,1,1,0.79211
291,12,966.15,726.78,58.93,127.07,1,1,0.85595
291,15,932.93,637.01,78.02,107.91,1,1,0.842
291,17,588.97,124.58,50.31,103.9,1,1,0.84238
291,23,271.48,225.36,50.18,108.78,1,1,0.85506
291,19,470.64,405.41,65.99,109.01,1,1,0.8408
291,26,1261.11,496.94,48.68,109.97,1,1,0.8407
291,27,771.25,513.26,65.3,103.87,1,1,0.84469
291,24,172.1,297.31,54.07,110.39,1,1,0.84437
291,28,1175.83,609.31,63.66,102.73,1,1,0.86482
291,9,73.98,610.15,56.11,107.42,1,1,0.8311
291,13,1063.15,399.23,54.53,108.35,1,1,0.83511
291,25,803.32,343.56,54.59,110.18,1,1,0.83832
291,2,979.52,618.33,87.88,64.08,1,1,0.83517
292,0,500.88,387.44,50.21,115.23,1,1,0.82718
292,1,1849.96,839.65,63.1,131.45,1,1,0.82839
292,3,476.37,716.94,67.18,127.77,1,1,0.85392
292,4,719.12,275.7,47.25,113.24,1,1,0.84175
292,6,461.14,50.75,42.98,96.42,1,1,0.8229
292,8,444.46,192.51,52.38,105.24,1,1,0.83523
292,11,1021.6,565.67,71.01,73.05,1,1,0.79821
292,12,968.61,722.7,70.45,127.22,1,1,0.86664
292,15,942.09,632.56,68.39,104.66,1,1,0.77506
292,17,587.35,114.7,49.05,105.76,1,1,0.82877
292,23,263.83,218.86,53.39,110.36,1,1,0.85156
292,19,470.74,401.26,63.57,109.0,1,1,0.8314
292,26,1257.35,495.56,50.01,109.51,1,1,0.83804
292,27,771.69,511.57,74.32,108.19,1,1,0.84192
292,24,161.2,291.83,59.97,113.2,1,1,0.85172
292,28,1173.99,604.8,65.11,102.36,1,1,0.8645
292,9,68.52,605.94,58.81,109.82,1,1,0.8342
292,13,1069.11,398.4,52.94,105.55,1,1,0.83893
292,25,808.31,338.68,51.82,109.88,1,1,0.84475
292,2,982.58,620.65,89.88,59.77,1,1,0.82071
293,0,493.14,383.25,53.62,116.02,1,1,0.82845
293,1,1859.27,838.77,58.71,134.44,1,1,0.83895
293,3,475.19,713.99,63.59,128.72,1,1,0.85151
293,4,717.2,269.7,48.13,117.56,1,1,0.85217
293,6,454.01,43.12,43.35,97.48,1,1,0.834
293,8,438.96,186.26,53.32,106.37,1,1,0.85192
293,11,1022.27,568.95,74.79,69.84,1,1,0.83709
293,12,971.28,720.3,80.6,123.18,1,1,0.8682
293,15,951.56,628.45,63.85,102.78,1,1,0.70296
293,17,585.37,105.44,47.77,107.0,1,1,0.83733
293,23,258.89,213.0,54.35,112.1,1,1,0.85829
293,19,473.78,394.99,60.87,111.89,1,1,0.82582
293,26,1254.51,493.75,53.13,111.29,1,1,0.84
293,27,774.01,510.44,84.96,109.18,1,1,0.85982
293,24,152.1,287.54,65.17,115.17,1,1,0.85478
293,28,1174.83,600.02,62.65,102.19,1,1,0.86848
293,9,61.34,600.51,64.82,112.46,1,1,0.84854
293,13,1073.51,397.52,52.84,106.46,1,1,0.85629
293,25,809.93,333.37,51.52,110.64,1,1,0.85662
293,2,987.8,625.53,90.71,54.36,1,1,0.8337
294,0,480.48,380.61,59.53,121.35,1,1,0.83667
294,1,1866.1,838.59,54.2,136.2,1,1,0.83148
294,3,474.62,710.85,58.75,130.29,1,1,0.84278
294,4,715.26,264.9,48.75,120.38,1,1,0.85175
294,6,446.39,36.26,43.88,97.68,1,1,0.83258
294,8,433.66,181.26,53.82,106.96,1,1,0.8512
294,11,1022.52,571.96,78.26,67.72,1,1,0.8585
294,12,974.41,717.61,88.01,120.82,1,1,0.86747
294,15,960.32,624.49,60.86,102.66,1,1,0.68248
294,17,582.56,97.28,46.0,108.05,1,1,0.83555
294,23,253.79,208.19,53.93,114.14,1,1,0.85462
294,19,477.69,383.19,61.03,116.87,1,1,0.66279
294,26,1250.21,492.17,56.93,113.34,1,1,0.82394
294,27,777.49,509.5,93.4,109.83,1,1,0.85834
294,24,144.67,283.7,68.28,118.09,1,1,0.84292
294,28,1175.57,595.96,58.16,104.05,1,1,0.85762
294,9,53.36,596.89,71.15,113.8,1,1,0.85081
294,13,1076.21,397.09,53.24,111.54,1,1,0.85123
294,25,809.77,328.91,52.52,112.44,1,1,0.85565
294,2,993.69,629.93,89.43,50.21,1,1,0.82426
295,0,474.57,376.57,60.49,126.15,1,1,0.84146
295,1,1871.31,839.29,50.18,137.32,1,1,0.84589
295,3,473.75,707.26,55.22,134.03,1,1,0.84714
295,4,712.88,260.91,48.63,123.29,1,1,0.8533
295,6,439.12,30.14,44.21,97.49,1,1,0.82262
295,8,428.56,176.73,52.86,107.17,1,1,0.84418
295,11,1022.6,574.38,79.07,69.48,1,1,0.85741
295,12,979.89,714.61,89.41,120.35,1,1,0.86445
295,17,579.1,90.52,45.29,109.23,1,1,0.82991
295,23,248.99,204.51,51.89,114.45,1,1,0.85314
295,26,1245.09,491.65,57.72,116.08,1,1,0.80386
295,27,781.38,509.83,99.87,111.04,1,1,0.85995
295,24,137.53,281.77,67.89,119.47,1,1,0.82918
295,28,1176.28,592.75,53.62,106.86,1,1,0.85933
295,9,45.72,593.64,77.55,115.48,1,1,0.83993
295,13,1078.36,398.1,52.57,115.27,1,1,0.84474
295,25,808.82,325.91,53.5,118.21,1,1,0.85267
295,2,994.3,633.5,93.48,49.0,1,1,0.78022
296,0,469.45,375.09,59.69,128.86,1,1,0.81914
296,1,1876.48,841.62,45.28,136.75,1,1,0.84931
296,3,471.99,704.69,53.38,137.42,1,1,0.84362
296,4,710.44,258.29,49.32,126.73,1,1,0.85176
296,6,432.8,23.97,43.72,97.73,1,1,0.82651
296,8,422.87,172.59,52.23,107.49,1,1,0.841
296,11,1022.87,575.27,77.52,73.08,1,1,0.82966
296,12,989.05,713.47,85.14,120.32,1,1,0.86206
296,17,575.92,85.44,46.35,110.6,1,1,0.83022
296,23,243.71,201.28,50.98,114.35,1,1,0.85254
296,26,1241.28,492.9,56.53,115.75,1,1,0.80411
296,27,788.77,511.4,100.28,113.35,1,1,0.85823
296,24,133.77,280.42,65.83,118.44,1,1,0.8218
296,28,1176.47,589.74,49.41,110.63,1,1,0.85143
296,9,43.13,591.03,79.97,114.1,1,1,0.82075
296,13,1080.13,400.3,51.49,117.37,1,1,0.84065
296,25,808.69,324.04,54.72,122.24,1,1,0.84746
296,2,998.63,635.07,91.99,50.0,1,1,0.75701
296,7,880.91,637.11,133.54,51.09,1,1,0.64162
297,0,464.54,372.87,61.37,132.82,1,1,0.83849
297,1,1882.18,844.15,39.54,138.49,1,1,0.86132
297,3,468.69,702.36,53.69,141.21,1,1,0.8481
297,4,708.58,256.95,50.29,128.09,1,1,0.85755
297,6,426.5,17.92,43.78,98.18,1,1,0.83701
297,8,419.01,168.71,51.36,107.37,1,1,0.84759
297,11,1023.59,575.32,76.37,70.03,1,1,0.822
297,12,1001.93,712.71,76.65,121.02,1,1,0.85746
297,17,573.77,80.94,48.03,112.04,1,1,0.8394
297,23,239.42,197.89,50.51,114.73,1,1,0.85412
297,26,1237.43,494.9,55.89,115.88,1,1,0.82327
297,27,798.92,513.37,98.0,116.7,1,1,0.86443
297,24,133.33,278.87,61.8,117.72,1,1,0.82381
297,28,1176.28,587.1,47.48,113.65,1,1,0.85467
297,9,40.43,589.1,85.2,114.98,1,1,0.82447
297,13,1082.72,403.12,51.47,121.2,1,1,0.84264
297,25,809.58,322.78,56.8,125.13,1,1,0.85667
297,2,1005.4,632.93,87.17,54.46,1,1,0.75237
298,0,459.15,376.67,61.9,130.44,1,1,0.82526
298,1,1884.08,846.02,37.01,140.46,1,1,0.84965
298,3,464.78,699.94,54.15,144.3,1,1,0.84839
298,4,706.81,255.44,51.34,127.92,1,1,0.86044
298,6,420.25,11.43,43.8,97.7,1,1,0.83756
298,8,414.3,164.51,50.72,107.24,1,1,0.84723
298,11,1022.61,573.47,75.88,69.33,1,1,0.83972
298,12,1013.29,710.1,65.66,124.07,1,1,0.84474
298,17,569.93,77.1,50.48,112.25,1,1,0.84307
298,23,234.86,193.45,50.66,115.07,1,1,0.85101
298,26,1233.97,495.61,55.0,116.06,1,1,0.8291
298,27,812.38,513.03,86.2,117.82,1,1,0.85297
298,24,135.09,276.33,54.86,117.29,1,1,0.81965
298,28,1172.49,584.36,47.87,116.2,1,1,0.84731
298,9,43.83,587.57,81.53,117.21,1,1,0.8239
298,13,1083.44,406.3,52.57,121.2,1,1,0.84463
298,25,809.23,321.69,59.27,126.0,1,1,0.85847
298,2,1010.09,633.53,84.28,53.44,1,1,0.77266
299,0,456.01,378.9,61.6,128.48,1,1,0.83808
299,1,1883.18,846.66,37.44,142.47,1,1,0.83905
299,3,459.94,697.69,54.77,145.68,1,1,0.84949
299,4,705.01,253.19,51.82,126.67,1,1,0.85598
299,6,413.05,4.49,43.66,99.33,1,1,0.83781
299,8,408.82,159.5,50.13,107.05,1,1,0.85163
299,11,1020.58,570.44,75.44,70.86,1,1,0.83385
299,12,1021.32,704.94,59.63,130.17,1,1,0.84896
299,17,565.58,73.39,53.04,110.62,1,1,0.84764
299,23,230.06,188.44,50.1,114.91,1,1,0.85506
299,26,1229.69,495.4,52.81,117.72,1,1,0.82349
299,27,826.76,511.83,74.14,118.71,1,1,0.84831
299,24,132.47,272.13,51.27,118.12,1,1,0.82455
299,28,1170.18,581.3,47.63,118.64,1,1,0.84616
299,9,48.45,585.93,73.29,118.25,1,1,0.81804
299,13,1084.17,408.47,52.47,119.05,1,1,0.84421
299,25,810.17,321.27,60.55,127.6,1,1,0.85972
299,2,1005.96,632.51,90.27,52.12,1,1,0.74556
299,32,473.65,360.01,45.87,104.85,1,1,0.7439
300,0,452.2,380.41,61.01,126.72,1,1,0.84445
300,1,1882.6,845.53,37.72,145.24,1,1,0.82336
300,3,454.68,695.64,55.28,146.4,1,1,0.84819
300,4,702.47,250.25,52.79,125.73,1,1,0.85425
300,6,406.18,-0.91,43.26,99.67,1,1,0.83962
300,8,402.99,153.49,49.74,108.23,1,1,0.83814
300,11,1018.82,566.46,73.42,73.97,1,1,0.83372
300,12,1026.67,699.16,57.79,135.48,1,1,0.84942
300,17,559.78,69.03,55.89,109.54,1,1,0.84996
300,23,223.91,182.98,50.42,114.98,1,1,0.85416
300,26,1224.59,493.96,52.86,120.47,1,1,0.82113
300,27,848.49,509.06,58.78,120.25,1,1,0.82873
300,24,127.45,267.93,49.45,120.5,1,1,0.81926
300,28,1168.64,578.13,47.28,119.43,1,1,0.84596
300,9,54.54,583.12,62.9,120.96,1,1,0.81654
300,13,1083.79,409.68,52.75,116.3,1,1,0.83809
300,25,811.15,321.17,60.89,129.29,1,1,0.85848
300,2,1013.44,631.8,83.3,52.28,1,1,0.7422
300,32,469.47,355.63,44.75,108.12,1,1,0.69263
300,7,884.74,641.16,122.44,45.63,1,1,0.79414
