1,0,1698.78,603.92,116.3,199.69,1,1,0.87012
1,1,765.79,481.33,92.86,133.46,1,1,0.84847
1,2,827.09,547.78,136.28,161.64,1,1,0.84474
1,3,1424.9,525.02,134.56,139.14,1,1,0.83574
1,4,1302.3,475.9,99.61,135.24,1,1,0.8355
1,5,543.61,542.33,85.29,201.47,1,1,0.8278
1,6,291.64,521.0,120.82,181.19,1,1,0.82335
1,7,679.07,516.15,105.74,140.73,1,1,0.8225
1,8,485.25,433.84,77.0,183.73,1,1,0.8161
1,9,625.17,440.44,98.7,134.9,1,1,0.81402
1,10,1190.36,362.71,100.44,162.05,1,1,0.80744
1,11,1037.58,499.01,104.07,114.49,1,1,0.80717
1,12,1040.35,341.46,79.67,180.93,1,1,0.80193
1,13,934.89,524.17,96.49,131.96,1,1,0.79363
1,14,1228.95,534.04,90.19,140.54,1,1,0.77977
1,15,1182.49,488.25,80.3,91.36,1,1,0.77399
1,16,307.9,405.27,112.32,166.31,1,1,0.77334
1,17,904.7,482.58,94.57,117.66,1,1,0.74328
1,18,1072.15,595.74,31.51,35.41,1,2,0.72639
2,0,1699.23,604.06,115.38,199.53,1,1,0.86947
2,1,765.31,481.75,92.99,133.47,1,1,0.848
2,2,826.62,548.63,136.17,160.96,1,1,0.84367
2,3,1424.95,524.94,133.78,139.32,1,1,0.83674
2,4,1302.39,476.12,99.52,134.93,1,1,0.83596
2,5,543.59,542.52,84.92,200.99,1,1,0.82705
2,6,291.03,523.3,121.46,178.71,1,1,0.82155
2,7,678.37,516.05,106.42,140.92,1,1,0.82069
2,8,485.25,434.24,77.67,183.13,1,1,0.80865
2,9,624.58,440.78,99.0,134.96,1,1,0.81559
2,10,1190.47,362.51,99.85,162.21,1,1,0.80872
2,11,1037.55,499.36,104.02,115.19,1,1,0.80493
2,12,1040.48,341.52,79.71,180.67,1,1,0.79953
2,13,935.23,522.19,95.66,133.91,1,1,0.79397
2,14,1228.91,533.9,90.18,140.79,1,1,0.77599
2,15,1182.42,488.45,80.21,90.8,1,1,0.77582
2,16,309.66,409.76,116.03,161.86,1,1,0.77677
2,17,904.7,482.4,93.66,120.32,1,1,0.72781
2,18,1072.09,595.63,31.56,35.32,1,2,0.72483
3,0,1699.46,603.8,114.94,199.76,1,1,0.8709
3,1,765.04,481.94,93.54,134.38,1,1,0.85192
3,2,826.84,550.14,135.61,159.44,1,1,0.84465
3,3,1424.85,524.9,133.66,139.24,1,1,0.83823
3,4,1302.52,476.05,99.45,135.04,1,1,0.83631
3,5,543.62,542.38,84.91,200.44,1,1,0.83168
3,6,291.07,524.7,121.09,177.37,1,1,0.82536
3,7,674.82,515.98,110.31,142.98,1,1,0.8254
3,8,485.43,435.16,77.2,181.95,1,1,0.81026
3,9,624.38,441.01,99.25,134.87,1,1,0.81611
3,10,1190.47,362.35,99.94,162.61,1,1,0.80998
3,11,1037.41,499.37,104.24,115.09,1,1,0.80662
3,12,1040.05,342.15,79.95,179.87,1,1,0.80495
3,13,935.52,522.12,95.41,133.72,1,1,0.79706
3,14,1228.68,533.89,90.61,138.25,1,1,0.77754
3,15,1182.3,488.7,80.24,90.93,1,1,0.77623
3,16,310.57,411.94,122.24,161.11,1,1,0.77464
3,17,904.71,482.61,93.83,120.82,1,1,0.74018
3,18,1072.31,595.84,31.44,35.0,1,2,0.7252
4,0,1700.14,603.84,113.85,199.47,1,1,0.87329
4,1,764.81,481.97,94.1,135.12,1,1,0.85763
4,2,827.13,551.46,134.93,158.14,1,1,0.846
4,3,1425.27,524.75,133.29,139.42,1,1,0.84072
4,4,1302.69,476.36,99.05,134.66,1,1,0.83964
4,5,543.63,542.82,84.68,198.93,1,1,0.83883
4,6,290.51,525.17,121.38,176.93,1,1,0.8298
4,7,673.19,516.23,112.35,145.03,1,1,0.82986
4,8,485.48,436.06,76.63,180.51,1,1,0.81664
4,9,623.49,441.55,100.08,134.96,1,1,0.82593
4,10,1190.59,362.27,99.29,162.82,1,1,0.81146
4,11,1037.36,499.65,104.36,115.31,1,1,0.81207
4,12,1039.96,342.29,79.83,180.07,1,1,0.8085
4,13,935.9,522.03,94.77,133.64,1,1,0.80253
4,14,1228.64,534.05,90.8,134.03,1,1,0.78695
4,15,1182.15,488.96,80.23,91.13,1,1,0.78048
4,16,323.21,411.92,118.43,160.06,1,1,0.76885
4,17,905.06,483.17,92.74,117.28,1,1,0.73187
4,18,1072.44,596.16,31.25,34.54,1,2,0.72592
4,19,1167.47,538.11,85.74,172.92,1,1,0.64975
5,0,1700.6,603.76,112.89,199.23,1,1,0.8748
5,1,764.83,482.18,94.45,136.34,1,1,0.8578
5,2,827.46,551.7,134.09,157.97,1,1,0.84413
5,3,1425.42,524.54,132.82,139.67,1,1,0.84071
5,4,1302.63,476.57,99.07,134.27,1,1,0.8385
5,5,543.32,542.58,84.52,199.06,1,1,0.83587
5,6,290.64,523.88,120.52,178.23,1,1,0.82888
5,7,671.85,516.12,113.48,146.54,1,1,0.83326
5,8,485.21,436.07,76.8,179.94,1,1,0.81567
5,9,624.06,442.09,99.64,134.77,1,1,0.82866
5,10,1190.56,362.26,99.1,162.85,1,1,0.81028
5,11,1037.37,499.82,104.25,115.29,1,1,0.81194
5,12,1039.95,342.11,79.19,179.97,1,1,0.8095
5,13,935.91,523.02,94.58,132.44,1,1,0.80697
5,14,1228.36,534.09,90.95,132.51,1,1,0.78794
5,15,1182.3,489.09,79.89,90.76,1,1,0.77582
5,16,336.59,410.96,112.82,160.94,1,1,0.76941
5,17,905.09,483.29,91.93,114.8,1,1,0.73289
5,18,1072.49,595.98,31.02,34.69,1,2,0.72448
6,0,1700.67,603.47,112.52,199.39,1,1,0.87612
6,1,765.19,482.25,94.41,135.67,1,1,0.8595
6,2,827.81,551.5,133.53,158.21,1,1,0.84435
6,3,1425.89,524.66,132.17,139.65,1,1,0.84089
6,4,1302.68,476.47,98.95,134.41,1,1,0.83942
6,5,542.87,543.43,84.17,198.13,1,1,0.83685
6,6,292.72,522.87,116.99,179.09,1,1,0.82536
6,7,671.43,515.63,113.44,147.61,1,1,0.83642
6,8,485.73,435.63,76.35,180.29,1,1,0.82247
6,9,624.3,442.62,99.4,134.1,1,1,0.82597
6,10,1190.33,362.57,98.93,162.38,1,1,0.81179
6,11,1037.45,500.05,104.17,115.26,1,1,0.81291
6,12,1039.64,341.75,79.16,180.21,1,1,0.81103
6,13,935.99,524.08,94.29,131.22,1,1,0.8106
6,14,1228.03,533.93,91.21,132.45,1,1,0.78888
6,15,1182.23,489.16,79.83,91.69,1,1,0.77698
6,16,349.43,408.08,107.58,161.63,1,1,0.77746
6,17,905.19,483.58,91.09,109.97,1,1,0.72896
6,18,1072.65,595.79,30.79,34.91,1,2,0.72216
7,0,1700.76,603.2,112.26,199.61,1,1,0.87559
7,1,765.87,482.12,93.7,136.11,1,1,0.86066
7,2,828.15,551.88,133.22,157.92,1,1,0.84098
7,3,1425.98,524.54,131.96,139.82,1,1,0.84157
7,4,1302.76,476.74,99.05,134.09,1,1,0.83892
7,5,542.4,544.66,84.09,197.59,1,1,0.83578
7,6,294.28,521.87,114.65,180.28,1,1,0.81625
7,7,671.45,515.49,112.89,148.14,1,1,0.84075
7,8,485.74,435.42,76.61,180.87,1,1,0.81865
7,9,624.84,442.95,99.1,133.62,1,1,0.82668
7,10,1190.34,362.71,98.86,162.33,1,1,0.80918
7,11,1037.45,500.16,104.18,115.24,1,1,0.81324
7,12,1039.26,341.54,79.21,180.4,1,1,0.81132
7,13,936.03,523.75,94.15,131.46,1,1,0.81264
7,14,1227.92,534.14,91.34,132.26,1,1,0.78754
7,15,1182.01,489.41,80.16,92.25,1,1,0.77731
7,16,359.6,406.39,108.85,162.61,1,1,0.76028
7,17,905.16,483.69,90.82,108.28,1,1,0.71992
7,18,1072.75,595.67,30.73,35.2,1,2,0.71965
8,0,1700.61,602.94,112.27,199.89,1,1,0.87556
8,1,766.12,481.72,93.51,136.1,1,1,0.85843
8,2,828.2,552.56,133.13,157.13,1,1,0.83963
8,3,1426.18,524.46,131.77,139.97,1,1,0.84125
8,4,1302.75,476.92,99.1,133.94,1,1,0.83897
8,5,541.64,546.1,84.52,195.12,1,1,0.83538
8,6,294.35,522.9,117.6,179.41,1,1,0.83456
8,7,671.13,516.54,113.29,147.04,1,1,0.83602
8,8,486.83,435.12,76.17,180.44,1,1,0.81143
8,9,626.0,442.95,97.64,133.06,1,1,0.82511
8,10,1190.5,362.72,98.86,162.33,1,1,0.80806
8,11,1037.47,500.09,104.14,115.23,1,1,0.8138
8,12,1039.21,341.53,79.31,180.27,1,1,0.81066
8,13,935.86,523.48,94.32,131.73,1,1,0.81224
8,14,1227.89,534.24,91.43,131.0,1,1,0.79605
8,15,1182.12,489.51,80.19,93.3,1,1,0.7762
8,16,377.17,405.26,102.78,157.45,1,1,0.72935
8,17,905.11,483.56,90.89,109.58,1,1,0.71775
8,18,1072.78,595.84,30.63,35.0,1,2,0.72033
8,19,1167.03,538.28,86.39,172.08,1,1,0.65983
9,0,1700.57,602.36,112.34,200.57,1,1,0.87648
9,1,766.13,481.78,93.43,135.66,1,1,0.8582
9,2,828.0,553.08,133.18,156.54,1,1,0.84042
9,3,1425.99,524.55,132.2,139.85,1,1,0.8435
9,4,1302.79,477.0,99.24,133.95,1,1,0.83893
9,5,540.56,547.41,86.19,194.09,1,1,0.83668
9,6,294.73,521.66,118.7,180.53,1,1,0.835
9,7,670.69,516.87,113.78,146.73,1,1,0.83664
9,8,487.3,434.26,76.63,180.68,1,1,0.81833
9,9,626.8,442.76,97.16,133.45,1,1,0.82587
9,10,1190.37,362.76,99.13,162.31,1,1,0.8086
9,11,1037.23,500.06,104.36,115.31,1,1,0.81379
9,12,1039.01,341.6,79.83,180.33,1,1,0.80964
9,13,935.89,523.3,94.3,131.93,1,1,0.8128
9,14,1227.81,534.31,91.72,130.4,1,1,0.79841
9,15,1182.01,489.51,80.39,93.8,1,1,0.77727
9,16,380.91,404.09,107.3,154.03,1,1,0.75127
9,17,905.14,483.71,90.81,111.02,1,1,0.71991
9,18,1072.85,596.04,30.48,34.91,1,2,0.72332
9,19,1166.85,538.86,87.23,171.47,1,1,0.68351
10,0,1700.37,601.94,112.93,201.14,1,1,0.8773
10,1,766.22,482.13,93.21,135.49,1,1,0.85646
10,2,827.96,553.35,133.6,156.28,1,1,0.84181
10,3,1425.94,524.55,132.49,139.83,1,1,0.84345
10,4,1302.85,477.03,99.37,134.06,1,1,0.83947
10,5,539.67,549.18,87.21,192.64,1,1,0.83853
10,6,294.43,523.18,123.88,179.29,1,1,0.85309
10,7,671.07,517.4,113.22,146.16,1,1,0.84013
10,8,488.31,434.31,75.97,180.44,1,1,0.82366
10,9,626.31,442.63,97.34,133.81,1,1,0.82951
10,10,1190.14,362.91,99.49,162.22,1,1,0.80939
10,11,1037.2,500.0,104.35,115.29,1,1,0.8151
10,12,1038.77,341.74,79.99,180.51,1,1,0.81299
10,13,935.9,523.45,94.1,131.86,1,1,0.81246
10,14,1227.51,534.29,92.21,130.92,1,1,0.7945
10,15,1181.81,489.47,80.69,94.2,1,1,0.77852
10,16,385.52,405.42,111.3,153.37,1,1,0.75111
10,17,905.22,483.97,91.15,112.08,1,1,0.72913
10,18,1072.96,596.02,30.35,34.91,1,2,0.725
10,19,1166.78,539.32,88.46,170.25,1,1,0.68628
11,0,1700.69,601.71,112.48,201.02,1,1,0.87883
11,1,765.79,483.31,93.41,133.93,1,1,0.85178
11,2,828.27,553.41,133.14,156.22,1,1,0.84058
11,3,1425.69,524.03,132.9,140.19,1,1,0.84394
11,4,1302.82,476.8,99.44,133.93,1,1,0.83849
11,5,539.28,551.06,87.45,190.71,1,1,0.8294
11,6,294.12,524.25,130.87,177.77,1,1,0.84647
11,7,671.84,517.13,111.81,146.52,1,1,0.8361
11,8,487.84,436.16,75.75,179.54,1,1,0.82004
11,9,625.14,442.48,99.28,134.32,1,1,0.83062
11,10,1190.65,363.42,99.06,161.67,1,1,0.80264
11,11,1037.3,499.95,104.46,115.79,1,1,0.81285
11,12,1038.54,342.29,79.99,180.01,1,1,0.80878
11,13,936.0,523.42,93.73,132.04,1,1,0.8149
11,14,1227.58,534.45,92.3,132.33,1,1,0.78543
11,15,1182.13,489.62,80.36,92.83,1,1,0.77773
11,16,387.79,407.82,117.15,146.74,1,1,0.78868
11,17,905.03,484.15,91.86,109.68,1,1,0.74504
11,18,1073.12,596.11,30.09,34.83,1,2,0.7217
11,19,1166.72,539.86,91.05,168.3,1,1,0.7259
12,0,1700.88,601.66,112.1,200.9,1,1,0.88266
12,1,765.57,484.48,93.46,132.65,1,1,0.85062
12,2,828.87,553.18,132.03,156.2,1,1,0.84177
12,3,1425.4,524.19,132.82,140.15,1,1,0.84353
12,4,1302.73,477.19,99.68,133.4,1,1,0.83857
12,5,539.25,552.28,86.71,188.41,1,1,0.82939
12,6,294.87,525.4,136.37,176.27,1,1,0.84622
12,7,672.51,516.93,110.49,146.86,1,1,0.83959
12,8,486.36,437.7,75.79,178.79,1,1,0.81349
12,9,623.69,442.79,100.62,134.12,1,1,0.8337
12,10,1190.84,364.15,98.82,161.11,1,1,0.80146
12,11,1037.29,500.22,104.27,116.34,1,1,0.81641
12,12,1038.36,343.32,79.83,179.27,1,1,0.8106
12,13,936.03,523.43,93.44,131.89,1,1,0.82326
12,14,1227.61,534.66,92.36,132.38,1,1,0.78577
12,15,1182.2,489.81,79.99,91.79,1,1,0.77741
12,16,392.32,408.33,120.73,143.15,1,1,0.78892
12,17,904.97,484.68,91.28,107.69,1,1,0.74765
12,18,1073.19,595.83,29.58,35.01,1,2,0.71872
12,19,1166.56,540.16,92.34,167.01,1,1,0.7416
13,0,1700.67,601.1,112.31,201.23,1,1,0.88365
13,1,765.28,484.55,93.52,133.49,1,1,0.85182
13,2,828.71,552.95,131.94,156.41,1,1,0.84367
13,3,1425.58,524.33,132.67,140.27,1,1,0.84453
13,4,1302.85,477.08,99.7,133.48,1,1,0.83969
13,5,538.67,553.07,87.7,188.31,1,1,0.82199
13,6,295.37,525.38,143.06,176.13,1,1,0.85187
13,7,672.82,516.58,110.11,147.32,1,1,0.84004
13,8,484.56,439.24,76.67,178.37,1,1,0.81327
13,9,622.48,443.02,103.03,134.0,1,1,0.83349
13,10,1190.56,364.36,99.33,161.18,1,1,0.79912
13,11,1037.21,500.1,104.49,117.17,1,1,0.81668
13,12,1038.34,343.27,80.03,179.25,1,1,0.80748
13,13,935.75,522.91,93.55,132.4,1,1,0.82285
13,14,1227.79,534.91,91.93,133.53,1,1,0.77471
13,15,1182.37,489.81,79.89,90.24,1,1,0.78088
13,16,397.7,405.1,126.18,148.61,1,1,0.79264
13,17,904.61,484.54,91.4,106.96,1,1,0.75386
13,18,1073.22,595.92,29.15,34.72,1,2,0.71752
13,19,1166.43,540.33,92.99,165.78,1,1,0.75018
14,0,1700.22,600.5,113.21,202.19,1,1,0.88032
14,1,764.74,484.74,93.89,133.5,1,1,0.8496
14,2,828.2,553.22,132.73,156.36,1,1,0.84179
14,3,1425.2,524.24,133.69,140.55,1,1,0.84507
14,4,1302.82,476.92,99.76,133.89,1,1,0.83833
14,5,538.11,554.41,88.95,186.97,1,1,0.81942
14,6,295.46,523.51,145.55,179.04,1,1,0.84442
14,7,672.45,516.65,110.79,147.26,1,1,0.83932
14,8,483.49,438.84,77.22,180.25,1,1,0.80395
14,9,621.55,443.38,103.81,133.37,1,1,0.82885
14,10,1190.08,364.43,100.13,161.72,1,1,0.79942
14,11,1037.13,499.99,104.68,117.59,1,1,0.81676
14,12,1038.25,343.06,80.8,179.89,1,1,0.805
14,13,935.26,523.17,94.07,132.62,1,1,0.81936
14,14,1227.6,534.94,91.85,135.48,1,1,0.77263
14,15,1182.47,489.72,80.07,91.54,1,1,0.77768
14,16,405.7,399.62,129.65,152.5,1,1,0.76171
14,17,904.32,484.33,91.73,107.06,1,1,0.7513
14,18,1073.14,595.94,29.18,34.64,1,2,0.72891
14,19,1165.73,540.13,93.94,165.85,1,1,0.75552
15,0,1700.01,600.38,113.2,202.69,1,1,0.87999
15,1,764.56,485.05,93.85,133.25,1,1,0.8493
15,2,827.67,553.33,133.52,156.64,1,1,0.84214
15,3,1424.9,524.04,134.55,140.7,1,1,0.84633
15,4,1302.83,476.84,99.82,134.26,1,1,0.83949
15,5,538.65,555.12,88.81,186.9,1,1,0.82456
15,6,296.71,522.43,145.44,180.63,1,1,0.852
15,7,672.47,516.8,110.84,147.34,1,1,0.84261
15,8,482.72,437.58,76.58,183.35,1,1,0.80727
15,9,621.31,443.48,103.04,133.63,1,1,0.82881
15,10,1189.69,364.89,100.86,161.73,1,1,0.80526
15,11,1037.06,499.86,104.83,118.11,1,1,0.81971
15,12,1037.79,343.4,81.49,180.28,1,1,0.80849
15,13,935.02,523.02,94.45,133.22,1,1,0.81921
15,14,1227.15,535.05,92.02,139.56,1,1,0.76541
15,15,1182.45,490.04,80.44,93.38,1,1,0.77744
15,16,414.81,398.47,136.01,157.94,1,1,0.67889
15,17,904.4,484.23,91.57,107.38,1,1,0.75259
15,18,1073.24,595.94,29.15,34.99,1,2,0.72968
15,19,1165.09,540.31,94.45,165.6,1,1,0.74262
16,0,1699.76,600.43,113.49,202.78,1,1,0.88288
16,1,764.56,485.24,93.69,133.16,1,1,0.84954
16,2,827.43,553.27,133.97,156.98,1,1,0.84317
16,3,1424.67,523.89,135.04,140.96,1,1,0.8479
16,4,1302.87,476.75,99.84,134.42,1,1,0.83856
16,5,539.52,555.21,88.2,188.33,1,1,0.82901
16,6,296.97,518.78,149.52,184.03,1,1,0.86435
16,7,672.51,517.12,110.84,147.06,1,1,0.84275
16,8,478.52,435.29,79.7,185.83,1,1,0.80602
16,9,622.22,443.71,101.66,133.7,1,1,0.82714
16,10,1189.86,365.21,100.56,161.73,1,1,0.80457
16,11,1037.03,499.58,104.79,118.76,1,1,0.82056
16,12,1037.65,343.41,81.38,180.69,1,1,0.811
16,13,934.87,522.89,94.67,133.71,1,1,0.82171
16,14,1226.9,535.08,92.07,140.48,1,1,0.7663
16,15,1182.38,490.16,80.7,93.02,1,1,0.77982
16,17,904.41,484.12,90.89,107.6,1,1,0.75463
16,18,1073.16,596.15,29.21,34.99,1,2,0.72593
16,19,1164.87,540.61,94.52,165.38,1,1,0.75034
17,0,1699.15,599.97,115.51,203.56,1,1,0.88184
17,1,764.39,485.56,93.83,132.91,1,1,0.85013
17,2,827.28,553.11,134.03,157.41,1,1,0.8419
17,3,1424.65,523.94,134.99,140.72,1,1,0.8454
17,4,1302.79,476.98,99.84,134.48,1,1,0.83931
17,5,540.6,555.28,88.43,192.45,1,1,0.83299
17,6,297.88,516.03,154.04,186.98,1,1,0.86297
17,7,672.35,517.16,111.23,147.31,1,1,0.83978
17,8,475.49,437.34,81.63,183.29,1,1,0.80408
17,9,622.11,444.42,101.37,132.49,1,1,0.82445
17,10,1190.04,365.39,100.12,161.7,1,1,0.80295
17,11,1037.01,499.6,104.87,118.75,1,1,0.81749
17,12,1037.81,343.42,81.03,180.81,1,1,0.80855
17,13,934.79,522.98,94.83,133.67,1,1,0.81871
17,14,1226.96,535.43,92.08,138.55,1,1,0.76473
17,15,1182.32,490.46,80.86,92.19,1,1,0.77898
17,17,904.22,484.09,91.24,107.54,1,1,0.75643
17,18,1073.1,596.51,29.46,34.88,1,2,0.7242
17,19,1164.67,541.17,94.94,165.15,1,1,0.75519
18,0,1698.81,599.9,116.42,203.91,1,1,0.88421
18,1,764.55,485.56,93.62,133.1,1,1,0.85034
18,2,827.37,553.22,133.59,157.53,1,1,0.84306
18,3,1424.9,523.98,134.63,140.61,1,1,0.84461
18,4,1302.59,477.17,99.92,134.73,1,1,0.83922
18,5,542.04,555.44,88.32,195.75,1,1,0.84323
18,6,305.58,514.52,152.24,188.2,1,1,0.85233
18,7,672.42,517.3,111.04,147.26,1,1,0.84192
18,8,478.28,437.99,78.73,183.76,1,1,0.8074
18,9,621.87,444.83,100.8,131.63,1,1,0.82706
18,10,1190.23,365.94,99.42,161.34,1,1,0.8065
18,11,1036.89,499.93,104.75,118.57,1,1,0.82091
18,12,1037.79,343.06,80.71,181.6,1,1,0.81295
18,13,934.68,522.89,94.94,133.84,1,1,0.8204
18,14,1226.89,535.82,91.91,136.99,1,1,0.76687
18,15,1182.37,490.85,80.64,92.5,1,1,0.77937
18,17,904.21,484.0,91.13,108.08,1,1,0.75533
18,18,1073.35,596.87,29.43,34.86,1,2,0.72426
18,19,1164.46,541.13,95.72,165.7,1,1,0.76142
18,16,514.88,402.67,88.61,119.09,1,1,0.69339
19,0,1698.92,600.03,117.73,204.15,1,1,0.88365
19,1,764.6,486.49,93.21,132.22,1,1,0.84879
19,2,827.63,553.73,133.4,157.25,1,1,0.84328
19,3,1424.83,524.03,134.52,140.69,1,1,0.84537
19,4,1302.46,477.54,100.05,134.71,1,1,0.83918
19,5,543.85,555.77,87.73,197.22,1,1,0.85183
19,6,316.49,512.0,147.72,190.4,1,1,0.86327
19,7,672.59,517.49,110.65,147.05,1,1,0.84259
19,8,479.11,438.66,76.32,183.88,1,1,0.81397
19,9,621.48,446.41,100.13,130.38,1,1,0.83403
19,10,1189.98,366.38,99.4,161.01,1,1,0.80948
19,11,1036.88,499.96,104.62,118.16,1,1,0.82181
19,12,1037.76,343.24,81.1,181.73,1,1,0.81202
19,13,934.75,523.05,94.98,133.93,1,1,0.8193
19,14,1226.94,536.15,91.88,134.93,1,1,0.77467
19,15,1182.27,491.12,80.76,92.91,1,1,0.78358
19,17,904.37,484.27,91.26,107.28,1,1,0.75562
19,18,1073.54,597.1,29.47,34.97,1,2,0.72597
19,19,1164.47,541.58,96.22,165.5,1,1,0.76869
19,16,533.19,401.72,90.95,127.25,1,1,0.76621
20,0,1699.42,600.42,118.43,203.78,1,1,0.88853
20,1,764.97,487.95,92.39,130.52,1,1,0.84669
20,2,828.23,553.72,132.59,157.44,1,1,0.84815
20,3,1424.87,524.22,134.15,140.84,1,1,0.84558
20,4,1302.57,478.0,99.95,134.34,1,1,0.83922
20,5,545.8,555.89,86.51,197.07,1,1,0.85617
20,6,337.63,509.67,131.34,191.79,1,1,0.84014
20,7,673.03,517.64,109.54,146.91,1,1,0.84818
20,8,482.52,438.12,71.89,184.62,1,1,0.82252
20,9,622.51,447.98,97.15,129.12,1,1,0.82959
20,10,1190.16,366.77,98.92,160.58,1,1,0.8105
20,11,1037.01,500.31,104.38,118.37,1,1,0.82184
20,12,1037.98,344.17,80.39,180.95,1,1,0.81701
20,13,934.9,522.79,94.92,134.26,1,1,0.82641
20,14,1227.12,536.55,91.66,134.43,1,1,0.77292
20,15,1182.41,491.49,80.46,92.56,1,1,0.78566
20,17,904.77,484.63,90.09,105.9,1,1,0.76338
20,18,1074.02,597.36,29.05,35.21,1,2,0.72042
20,19,1164.2,541.95,96.29,165.28,1,1,0.76253
20,16,545.98,400.06,96.92,130.58,1,1,0.79398
21,0,1699.08,601.65,122.49,203.49,1,1,0.88
21,1,765.15,487.7,92.11,130.43,1,1,0.8476
21,2,827.96,554.15,133.23,157.34,1,1,0.84535
21,3,1424.63,524.48,134.89,140.52,1,1,0.84745
21,4,1302.25,477.9,100.58,134.83,1,1,0.83721
21,5,547.03,556.72,87.37,197.35,1,1,0.84602
21,6,353.06,505.14,120.27,196.97,1,1,0.84732
21,7,672.57,517.8,110.22,147.0,1,1,0.84806
21,8,484.91,437.23,71.13,184.07,1,1,0.80935
21,9,622.1,448.96,96.89,128.01,1,1,0.82718
21,10,1189.57,366.32,99.54,161.06,1,1,0.81112
21,11,1036.92,500.46,104.53,118.16,1,1,0.81892
21,12,1037.76,344.61,80.82,180.78,1,1,0.81359
21,13,934.94,522.23,94.91,135.22,1,1,0.8215
21,14,1227.16,536.79,91.67,134.29,1,1,0.76897
21,15,1182.21,491.68,80.87,91.37,1,1,0.78932
21,17,904.74,484.59,90.78,107.48,1,1,0.74981
21,18,1073.73,597.63,29.56,35.01,1,2,0.72964
21,19,1164.24,543.12,97.69,164.73,1,1,0.76934
21,16,551.79,397.52,104.86,139.12,1,1,0.80009
22,0,1698.9,602.58,127.08,202.97,1,1,0.88125
22,1,765.42,488.55,91.7,128.9,1,1,0.84302
22,2,827.96,554.54,133.34,157.27,1,1,0.84616
22,3,1424.26,524.72,135.73,140.48,1,1,0.84988
22,4,1302.09,478.16,100.9,134.93,1,1,0.83811
22,5,547.91,557.44,87.94,196.58,1,1,0.84938
22,6,370.96,502.15,105.51,199.58,1,1,0.85088
22,7,672.53,518.06,110.02,146.79,1,1,0.84802
22,8,486.48,437.38,70.15,183.41,1,1,0.8157
22,9,621.3,450.13,96.82,127.55,1,1,0.81852
22,10,1189.42,365.88,99.76,161.54,1,1,0.81429
22,11,1036.65,500.68,104.7,118.39,1,1,0.82075
22,12,1037.75,345.15,80.34,180.39,1,1,0.81668
22,13,934.99,521.76,94.66,135.98,1,1,0.82355
22,14,1227.38,537.08,91.44,134.05,1,1,0.76729
22,15,1182.16,492.17,80.92,90.33,1,1,0.79125
22,17,904.8,484.84,90.47,109.08,1,1,0.74914
22,18,1073.66,597.97,29.63,34.8,1,2,0.72761
22,19,1164.35,543.77,98.08,164.34,1,1,0.77269
22,16,561.85,396.01,106.39,146.62,1,1,0.77022
23,0,1698.78,603.3,132.65,202.7,1,1,0.88286
23,1,765.38,489.24,91.68,128.0,1,1,0.83992
23,2,827.96,555.05,133.77,157.06,1,1,0.84451
23,3,1424.33,524.97,135.83,140.34,1,1,0.8472
23,4,1302.08,478.29,100.95,135.09,1,1,0.83701
23,5,549.17,557.37,88.8,197.47,1,1,0.84238
23,6,384.41,499.24,95.69,202.35,1,1,0.84784
23,7,672.45,518.44,110.34,146.26,1,1,0.84262
23,8,486.42,437.64,70.67,182.94,1,1,0.80817
23,9,621.26,450.12,97.57,127.46,1,1,0.79285
23,10,1189.6,365.88,99.84,161.47,1,1,0.80983
23,11,1036.61,500.71,104.78,118.32,1,1,0.81725
23,12,1037.84,345.76,80.52,179.89,1,1,0.81508
23,13,934.93,522.04,94.67,136.02,1,1,0.81672
23,14,1227.65,537.48,91.18,133.68,1,1,0.76457
23,15,1182.07,492.42,81.04,90.45,1,1,0.7881
23,17,904.82,485.05,91.06,110.47,1,1,0.74382
23,18,1073.5,598.1,29.85,34.66,1,2,0.72935
23,19,1164.39,543.78,98.56,164.81,1,1,0.76558
23,16,588.28,395.96,97.3,154.11,1,1,0.7509
24,0,1698.72,603.86,137.73,202.66,1,1,0.87942
24,1,765.1,489.97,91.62,127.28,1,1,0.83849
24,2,827.87,555.44,134.05,156.94,1,1,0.84421
24,3,1424.39,525.43,135.53,140.19,1,1,0.84789
24,4,1301.87,478.35,101.07,135.43,1,1,0.83688
24,5,549.89,557.63,89.65,196.86,1,1,0.84459
24,6,395.0,496.96,89.3,203.01,1,1,0.85151
24,7,672.42,518.62,110.64,146.02,1,1,0.83739
24,8,485.45,437.46,72.53,182.23,1,1,0.80865
24,9,617.97,450.4,103.91,127.67,1,1,0.76409
24,10,1189.52,365.98,99.72,161.21,1,1,0.80978
24,11,1036.83,500.84,104.63,118.33,1,1,0.81578
24,12,1037.83,346.34,80.58,179.58,1,1,0.81664
24,13,934.96,522.23,94.59,136.01,1,1,0.81635
24,14,1227.81,537.84,90.96,132.33,1,1,0.77101
24,15,1182.1,492.58,80.87,90.92,1,1,0.78678
24,17,904.79,485.09,90.82,113.69,1,1,0.74041
24,18,1073.23,598.39,30.19,34.62,1,2,0.72927
24,19,1164.14,543.86,99.4,165.24,1,1,0.76697
25,0,1699.03,603.63,141.95,203.41,1,1,0.87755
25,1,764.94,490.78,91.4,127.14,1,1,0.8438
25,2,827.8,555.42,134.27,157.31,1,1,0.84699
25,3,1424.78,525.8,134.88,140.09,1,1,0.84726
25,4,1301.73,478.66,101.08,135.75,1,1,0.84334
25,5,551.06,558.98,90.16,195.22,1,1,0.84515
25,6,403.19,496.84,85.21,202.72,1,1,0.85264
25,7,672.42,518.97,110.6,146.36,1,1,0.83939
25,8,484.95,437.32,74.66,181.31,1,1,0.81174
25,9,618.35,449.26,106.68,130.36,1,1,0.7806
25,10,1189.46,366.35,99.24,160.95,1,1,0.81365
25,11,1036.93,501.09,104.44,117.76,1,1,0.81535
25,12,1037.87,346.74,80.43,179.44,1,1,0.81502
25,13,934.9,522.53,94.68,135.92,1,1,0.81091
25,14,1227.99,538.4,90.58,131.66,1,1,0.77896
25,15,1182.15,493.05,80.93,91.14,1,1,0.78767
25,17,904.91,485.65,90.15,113.95,1,1,0.73869
25,18,1073.19,598.9,30.23,34.64,1,2,0.72081
25,19,1164.47,544.07,98.95,166.05,1,1,0.75116
26,0,1701.33,603.43,143.11,203.54,1,1,0.87153
26,1,764.43,491.9,92.58,126.29,1,1,0.84903
26,2,827.83,555.74,134.39,157.37,1,1,0.85189
26,3,1424.5,526.38,135.01,139.76,1,1,0.84878
26,4,1301.64,479.14,101.12,136.06,1,1,0.84937
26,5,552.67,559.7,89.68,194.61,1,1,0.8498
26,6,409.83,497.27,83.58,202.31,1,1,0.84921
26,7,672.28,519.68,110.48,146.39,1,1,0.84842
26,8,485.1,437.97,75.85,182.85,1,1,0.82403
26,9,620.9,449.73,101.1,131.65,1,1,0.79762
26,10,1189.05,366.91,99.47,160.59,1,1,0.81508
26,11,1036.53,501.23,104.89,118.47,1,1,0.81964
26,12,1038.05,347.37,80.5,179.21,1,1,0.82199
26,13,934.87,522.46,94.61,136.27,1,1,0.81335
26,14,1228.26,538.88,89.77,130.25,1,1,0.78952
26,15,1182.53,493.37,80.59,92.92,1,1,0.78383
26,17,904.77,486.83,89.68,116.62,1,1,0.74792
26,18,1072.7,599.2,30.66,34.88,1,2,0.72225
26,19,1164.85,543.59,97.12,167.7,1,1,0.72599
26,16,661.29,390.23,78.61,129.2,1,1,0.76306
27,0,1707.25,602.98,141.0,204.14,1,1,0.86897
27,1,763.52,491.9,94.2,126.15,1,1,0.8381
27,2,827.71,556.0,134.63,157.41,1,1,0.8511
27,3,1424.32,526.5,135.05,139.7,1,1,0.85023
27,4,1301.6,479.29,101.17,136.49,1,1,0.85098
27,5,554.08,559.66,90.12,194.58,1,1,0.84164
27,6,414.31,497.81,86.96,203.86,1,1,0.83899
27,7,672.26,520.49,110.32,145.95,1,1,0.84399
27,8,485.37,438.41,75.19,183.09,1,1,0.82476
27,9,621.26,450.48,97.67,132.42,1,1,0.79721
27,10,1188.63,367.04,99.81,160.7,1,1,0.8151
27,11,1036.28,501.05,105.37,119.33,1,1,0.82103
27,12,1038.05,347.54,81.3,179.42,1,1,0.81902
27,13,934.68,522.35,94.87,136.62,1,1,0.8124
27,14,1228.4,538.93,89.53,129.09,1,1,0.79534
27,15,1182.67,493.42,80.49,94.67,1,1,0.78103
27,17,904.8,487.08,90.1,119.63,1,1,0.75316
27,18,1072.44,599.31,31.07,35.1,1,2,0.72332
27,19,1165.04,543.23,96.15,169.21,1,1,0.7333
27,16,682.17,388.95,76.36,136.68,1,1,0.76971
28,0,1717.65,602.02,133.08,205.23,1,1,0.87024
28,1,763.93,492.91,94.89,124.35,1,1,0.8352
28,2,828.0,556.18,134.13,157.39,1,1,0.84925
28,3,1424.21,526.62,134.99,139.68,1,1,0.8519
28,4,1301.6,479.28,101.04,136.79,1,1,0.85159
28,5,556.9,560.02,87.83,194.56,1,1,0.83985
28,6,419.38,499.22,90.99,203.24,1,1,0.83087
28,7,672.4,522.02,109.91,144.77,1,1,0.84331
28,8,484.42,437.94,76.03,185.29,1,1,0.82085
28,9,620.83,450.85,96.71,131.79,1,1,0.80818
28,10,1188.41,367.23,100.08,160.69,1,1,0.81609
28,11,1036.09,501.14,105.52,119.82,1,1,0.82447
28,12,1038.02,347.87,81.57,179.32,1,1,0.8211
28,13,934.74,522.3,94.65,136.83,1,1,0.81625
28,14,1228.52,538.95,89.31,127.95,1,1,0.80013
28,15,1182.57,493.48,80.6,95.43,1,1,0.78296
28,17,904.88,487.07,90.18,120.48,1,1,0.74982
28,18,1072.42,599.45,31.12,35.18,1,2,0.72283
28,19,1165.15,543.46,96.36,169.61,1,1,0.74427
28,16,696.38,392.73,80.83,146.82,1,1,0.78892
29,0,1730.86,601.18,120.56,205.73,1,1,0.86971
29,1,764.46,493.26,94.47,123.23,1,1,0.82774
29,2,828.4,556.08,133.37,157.94,1,1,0.84804
29,3,1423.78,526.69,135.5,139.76,1,1,0.85313
29,4,1301.89,479.53,100.86,136.75,1,1,0.85273
29,5,559.71,561.25,85.93,193.26,1,1,0.84077
29,6,425.22,502.42,94.81,201.1,1,1,0.83048
29,7,672.91,521.4,109.39,146.09,1,1,0.84863
29,8,484.24,437.97,76.29,187.59,1,1,0.8244
29,9,620.43,451.13,96.74,131.05,1,1,0.81343
29,10,1187.95,367.34,100.54,160.98,1,1,0.81853
29,11,1035.79,501.67,105.85,120.07,1,1,0.8268
29,12,1038.04,348.87,81.59,178.74,1,1,0.82237
29,13,934.96,521.86,94.3,137.38,1,1,0.81681
29,14,1228.84,538.84,89.12,127.8,1,1,0.80114
29,15,1182.37,493.89,80.71,94.41,1,1,0.78572
29,17,905.2,487.91,88.98,124.03,1,1,0.7487
29,18,1072.78,599.81,31.04,35.18,1,2,0.72
29,19,1165.6,543.72,96.14,169.84,1,1,0.73919
29,16,706.55,393.05,87.6,151.86,1,1,0.80074
30,0,1744.28,600.23,107.55,206.31,1,1,0.86788
30,1,764.18,493.24,94.68,123.39,1,1,0.83001
30,2,828.62,555.71,133.05,158.73,1,1,0.85141
30,3,1423.81,527.0,135.15,139.74,1,1,0.8538
30,4,1302.25,479.85,100.56,136.71,1,1,0.85433
30,5,561.87,562.9,84.68,191.9,1,1,0.84747
30,6,431.43,506.78,98.88,196.77,1,1,0.83845
30,7,672.82,519.91,109.1,147.88,1,1,0.85076
30,8,483.56,438.0,76.98,188.17,1,1,0.82174
30,9,619.53,449.43,99.97,132.17,1,1,0.81968
30,10,1187.72,367.82,101.11,160.9,1,1,0.81907
30,11,1035.65,501.9,106.0,120.09,1,1,0.82762
30,12,1038.47,349.64,81.38,178.31,1,1,0.82402
30,13,934.96,521.71,94.15,137.77,1,1,0.81678
30,14,1228.78,538.74,89.17,127.7,1,1,0.80557
30,15,1182.26,494.16,80.8,95.42,1,1,0.78151
30,17,905.48,488.76,88.02,126.17,1,1,0.74612
30,18,1073.01,600.13,30.67,34.99,1,2,0.72359
30,19,1165.42,543.88,96.16,169.99,1,1,0.74318
30,16,720.27,395.76,91.65,152.4,1,1,0.79769
31,0,1755.29,599.59,96.81,206.39,1,1,0.86696
31,1,760.49,493.75,97.88,123.66,1,1,0.82909
31,2,829.25,555.6,132.0,159.11,1,1,0.85233
31,3,1423.42,528.01,135.59,138.64,1,1,0.85483
31,4,1302.38,480.2,100.62,136.58,1,1,0.8564
31,5,562.84,564.85,84.36,191.73,1,1,0.84418
31,6,436.97,509.96,106.07,193.53,1,1,0.83169
31,7,672.62,520.02,108.73,148.0,1,1,0.85529
31,8,481.47,438.09,79.34,188.61,1,1,0.81624
31,9,619.35,446.45,100.98,135.09,1,1,0.82898
31,10,1187.62,368.6,101.46,160.54,1,1,0.8233
31,11,1035.69,502.16,105.85,119.78,1,1,0.82813
31,12,1039.06,350.8,81.03,177.69,1,1,0.82484
31,13,935.05,522.12,93.58,137.57,1,1,0.82095
31,14,1228.76,538.89,89.05,127.07,1,1,0.81003
31,15,1181.61,494.66,81.53,93.4,1,1,0.79238
31,17,905.52,489.45,88.65,125.26,1,1,0.75244
31,18,1073.78,601.39,30.37,34.15,1,2,0.72809
31,19,1165.51,545.1,96.17,169.79,1,1,0.74503
31,16,739.04,398.86,91.21,147.58,1,1,0.80071
32,0,1764.08,599.05,89.21,206.46,1,1,0.86719
32,1,758.52,494.89,99.18,123.12,1,1,0.82718
32,2,829.54,555.42,131.38,159.61,1,1,0.8575
32,3,1423.67,528.49,135.78,138.15,1,1,0.85608
32,4,1302.64,480.87,100.44,136.04,1,1,0.85661
32,5,563.47,565.68,84.0,191.51,1,1,0.85245
32,6,443.12,512.41,108.35,191.06,1,1,0.83595
32,7,672.88,519.86,108.02,148.36,1,1,0.85974
32,8,480.3,438.15,80.45,187.81,1,1,0.81323
32,9,619.43,446.34,101.08,135.37,1,1,0.84075
32,10,1187.57,369.06,101.65,160.34,1,1,0.82624
32,11,1035.67,502.42,105.77,119.83,1,1,0.82988
32,12,1039.53,351.12,80.56,177.57,1,1,0.82993
32,13,935.11,522.54,93.4,137.26,1,1,0.82457
32,14,1228.94,538.93,88.76,127.11,1,1,0.80891
32,15,1181.5,494.98,81.46,92.78,1,1,0.78777
32,17,905.97,490.16,87.67,124.1,1,1,0.75541
32,18,1074.0,601.76,30.29,33.81,1,2,0.72742
32,19,1165.7,545.15,95.96,169.83,1,1,0.73991
32,16,757.21,400.12,89.55,139.02,1,1,0.80267
33,0,1769.4,598.69,85.94,207.34,1,1,0.86478
33,1,755.92,496.35,100.37,122.19,1,1,0.83526
33,2,829.43,555.45,131.27,159.83,1,1,0.85621
33,3,1424.22,529.05,135.09,137.97,1,1,0.85431
33,4,1302.75,481.08,100.22,135.72,1,1,0.85535
33,5,562.94,567.15,85.22,195.69,1,1,0.84717
33,6,448.08,513.81,109.49,189.8,1,1,0.84065
33,7,672.82,519.77,108.22,148.5,1,1,0.86002
33,8,478.71,438.12,82.54,185.08,1,1,0.80691
33,9,618.65,446.49,101.92,135.78,1,1,0.84075
33,10,1187.46,369.45,101.06,159.98,1,1,0.8255
33,11,1035.79,502.77,105.52,119.3,1,1,0.82968
33,12,1039.92,351.13,79.98,177.81,1,1,0.82978
33,13,934.96,522.57,93.45,137.15,1,1,0.82685
33,14,1228.94,539.08,88.61,127.47,1,1,0.80439
33,15,1181.45,495.13,81.29,92.86,1,1,0.78503
33,17,906.6,490.66,85.68,127.32,1,1,0.75612
33,18,1073.99,602.0,30.34,33.5,1,2,0.72512
33,19,1165.48,545.25,96.37,169.96,1,1,0.73672
33,16,773.21,399.84,96.34,138.25,1,1,0.81017
34,0,1772.55,598.85,84.58,207.46,1,1,0.86412
34,1,755.52,496.27,100.45,121.82,1,1,0.83388
34,2,829.86,555.71,130.58,159.81,1,1,0.85397
34,3,1424.19,529.49,134.95,137.99,1,1,0.85693
34,4,1302.78,481.38,100.12,135.75,1,1,0.85631
34,5,564.63,568.83,84.1,193.3,1,1,0.84614
34,6,450.81,515.87,110.44,187.84,1,1,0.84532
34,7,673.01,520.7,107.91,147.6,1,1,0.86189
34,8,475.7,438.2,86.14,177.56,1,1,0.80439
34,9,617.16,447.41,103.27,135.12,1,1,0.84398
34,10,1187.05,370.43,101.18,159.24,1,1,0.82887
34,11,1035.42,503.6,105.84,119.45,1,1,0.83218
34,12,1039.43,351.56,79.9,178.41,1,1,0.83216
34,13,935.0,523.28,93.35,136.48,1,1,0.83184
34,14,1228.76,539.37,88.93,127.18,1,1,0.80952
34,15,1181.31,495.39,81.3,93.61,1,1,0.78276
34,17,906.79,491.46,84.76,130.02,1,1,0.7729
34,18,1074.6,602.64,29.93,33.55,1,2,0.7236
34,19,1165.24,545.64,96.66,170.05,1,1,0.73315
34,16,783.83,398.37,107.69,145.6,1,1,0.81508
35,0,1776.8,599.2,82.68,206.87,1,1,0.86414
35,1,758.47,496.49,96.94,121.74,1,1,0.85059
35,2,830.22,556.86,130.06,158.94,1,1,0.8576
35,3,1424.82,529.83,134.17,138.22,1,1,0.85653
35,4,1302.81,482.15,99.85,135.22,1,1,0.85537
35,5,565.41,570.21,83.59,195.25,1,1,0.84412
35,6,451.4,517.34,114.39,186.86,1,1,0.85153
35,7,673.29,521.08,107.57,147.45,1,1,0.86777
35,8,475.87,437.57,85.15,149.88,1,1,0.78005
35,9,617.05,447.6,103.07,135.31,1,1,0.84165
35,10,1187.12,370.97,101.01,158.83,1,1,0.82701
35,11,1035.28,504.33,105.97,119.17,1,1,0.83164
35,12,1038.66,352.31,79.96,178.07,1,1,0.82817
35,13,935.26,524.3,92.86,135.69,1,1,0.8339
35,14,1228.57,539.92,89.22,126.75,1,1,0.81812
35,15,1181.32,495.81,81.39,92.89,1,1,0.78994
35,17,907.3,492.11,82.57,129.29,1,1,0.78077
35,18,1075.21,603.59,29.63,33.37,1,2,0.71687
35,19,1165.32,546.62,96.11,170.04,1,1,0.74207
35,16,803.18,397.06,111.28,147.08,1,1,0.83149
36,0,1779.46,599.78,82.67,205.99,1,1,0.86494
36,1,760.42,496.12,95.2,122.52,1,1,0.84815
36,2,830.42,557.19,129.95,158.69,1,1,0.84884
36,3,1424.55,530.12,134.47,138.43,1,1,0.85459
36,4,1302.91,482.97,99.86,134.69,1,1,0.85413
36,5,566.39,571.69,83.0,195.09,1,1,0.8461
36,6,452.49,519.29,119.62,185.35,1,1,0.85469
36,7,673.53,521.58,107.44,146.93,1,1,0.86511
36,8,477.2,437.97,81.93,127.62,1,1,0.80255
36,9,616.7,448.14,102.66,135.11,1,1,0.83388
36,10,1186.78,370.84,101.82,159.26,1,1,0.82447
36,11,1035.07,504.64,106.28,118.61,1,1,0.83194
36,12,1037.24,352.5,80.98,177.94,1,1,0.8191
36,13,935.79,524.68,92.49,135.52,1,1,0.82913
36,14,1228.42,540.53,89.55,125.9,1,1,0.81935
36,15,1181.45,496.01,81.35,93.66,1,1,0.78749
36,17,907.18,492.41,84.47,120.19,1,1,0.73716
36,18,1075.25,604.46,29.62,32.62,1,2,0.72186
36,19,1165.42,547.68,95.77,169.15,1,1,0.7564
36,16,825.45,395.17,110.34,150.64,1,1,0.83484
37,0,1782.18,600.61,83.33,204.89,1,1,0.86479
37,1,761.07,495.4,94.8,123.92,1,1,0.84989
37,2,829.94,557.9,131.09,158.28,1,1,0.8548
37,3,1424.47,530.19,134.55,138.58,1,1,0.85512
37,4,1302.94,483.51,99.9,134.3,1,1,0.85399
37,5,567.35,572.81,82.14,194.86,1,1,0.85066
37,6,452.17,521.87,123.5,182.83,1,1,0.85928
37,7,673.62,521.7,107.49,146.78,1,1,0.86667
37,8,478.3,438.3,79.54,120.27,1,1,0.80441
37,9,617.01,449.31,101.88,133.51,1,1,0.83626
37,10,1186.83,370.92,102.27,159.23,1,1,0.82295
37,11,1035.23,504.85,106.33,118.16,1,1,0.83123
37,12,1035.79,353.07,82.41,177.1,1,1,0.8126
37,13,935.84,524.68,92.54,135.68,1,1,0.83058
37,14,1228.29,540.8,89.66,125.5,1,1,0.82138
37,15,1181.62,496.08,81.19,93.55,1,1,0.79115
37,17,908.57,493.07,81.6,123.27,1,1,0.77145
37,18,1075.36,605.01,29.83,32.36,1,2,0.72684
37,19,1165.57,548.15,95.31,168.62,1,1,0.75395
37,16,838.02,392.61,121.49,143.42,1,1,0.80946
38,0,1784.46,601.34,84.38,203.06,1,1,0.86319
38,1,761.95,493.76,93.47,125.88,1,1,0.85168
38,2,829.55,557.9,131.72,158.44,1,1,0.85162
38,3,1424.44,530.28,134.42,138.86,1,1,0.85234
38,4,1303.02,483.82,99.83,133.98,1,1,0.85295
38,5,568.67,573.95,82.06,194.48,1,1,0.85312
38,6,452.65,523.49,125.95,181.47,1,1,0.8589
38,7,673.53,521.24,107.72,147.28,1,1,0.86322
38,8,478.22,438.87,79.22,123.81,1,1,0.79794
38,9,617.25,450.13,101.35,132.18,1,1,0.8364
38,10,1186.86,371.19,102.37,158.92,1,1,0.81911
38,11,1035.47,504.78,106.15,118.05,1,1,0.82869
38,12,1035.75,353.32,82.6,176.55,1,1,0.80888
38,13,935.93,524.64,92.65,135.87,1,1,0.8288
38,14,1228.32,540.98,89.67,125.4,1,1,0.8186
38,15,1181.67,496.16,81.16,92.91,1,1,0.79241
38,17,908.71,492.72,79.37,126.38,1,1,0.77225
38,18,1075.62,605.47,29.87,32.27,1,2,0.72791
38,19,1165.52,548.46,95.18,168.35,1,1,0.75342
38,16,867.0,391.09,114.25,137.86,1,1,0.76977
39,0,1787.08,601.94,85.8,199.81,1,1,0.86638
39,1,762.85,494.49,93.29,125.69,1,1,0.84815
39,2,829.58,557.56,131.44,158.75,1,1,0.85143
39,3,1424.52,530.47,134.19,138.93,1,1,0.8506
39,4,1303.07,483.85,99.9,134.01,1,1,0.85099
39,5,570.22,574.39,81.49,194.73,1,1,0.85437
39,6,455.0,523.95,125.21,180.4,1,1,0.85852
39,7,673.52,521.19,107.36,147.57,1,1,0.86409
39,8,478.21,439.63,78.86,129.51,1,1,0.79864
39,9,617.07,450.49,100.85,131.81,1,1,0.83386
39,10,1187.35,371.39,101.34,158.62,1,1,0.81511
39,11,1035.96,504.95,105.35,117.39,1,1,0.82554
39,12,1034.46,353.62,83.38,176.54,1,1,0.81432
39,13,936.18,524.81,92.44,135.61,1,1,0.82766
39,14,1228.56,541.16,89.63,125.56,1,1,0.8155
39,15,1181.53,496.33,81.45,93.26,1,1,0.78847
39,17,908.98,493.01,77.35,123.13,1,1,0.75305
39,18,1076.17,606.13,29.38,31.66,1,2,0.72695
39,19,1165.57,549.17,94.8,166.88,1,1,0.72689
39,16,892.38,391.13,108.41,131.95,1,1,0.82225
40,0,1789.91,601.62,87.6,194.77,1,1,0.87563
40,1,763.69,495.15,92.4,125.38,1,1,0.84594
40,2,829.63,557.38,131.07,158.96,1,1,0.85195
40,3,1424.55,530.59,133.87,139.2,1,1,0.85045
40,4,1303.05,484.23,99.95,133.55,1,1,0.8497
40,5,571.5,575.0,81.21,194.38,1,1,0.84971
40,6,460.08,523.93,122.39,179.82,1,1,0.85702
40,7,673.38,521.25,107.12,147.44,1,1,0.85964
40,8,478.27,439.99,78.6,130.04,1,1,0.80016
40,9,617.55,450.18,99.8,132.36,1,1,0.83048
40,10,1187.05,371.56,100.91,158.23,1,1,0.81315
40,11,1036.12,504.63,105.06,117.98,1,1,0.82361
40,12,1034.95,353.96,82.64,175.6,1,1,0.81922
40,13,936.07,524.85,92.44,135.42,1,1,0.82214
40,14,1228.62,541.36,89.55,125.28,1,1,0.81647
40,15,1181.6,496.43,81.34,93.18,1,1,0.79106
40,17,907.88,492.82,77.63,118.7,1,1,0.71271
40,18,1076.33,606.31,29.1,31.49,1,2,0.72656
40,19,1165.2,549.06,94.99,166.63,1,1,0.715
40,16,925.71,390.96,98.71,137.64,1,1,0.79582
41,0,1793.45,600.65,88.92,192.65,1,1,0.87602
41,1,764.69,495.61,91.26,125.17,1,1,0.85267
41,2,830.2,556.85,129.74,159.12,1,1,0.84642
41,3,1425.12,530.6,133.02,139.15,1,1,0.84669
41,4,1302.74,484.79,100.17,133.1,1,1,0.84877
41,5,573.32,576.46,80.31,193.54,1,1,0.83495
41,6,468.69,522.9,116.6,178.85,1,1,0.85499
41,7,673.66,521.66,106.36,146.47,1,1,0.85984
41,8,477.58,440.21,79.39,133.5,1,1,0.79715
41,9,619.6,449.74,96.7,132.77,1,1,0.81703
41,10,1186.6,372.58,100.25,156.78,1,1,0.80787
41,11,1035.79,504.43,104.97,118.8,1,1,0.8269
41,12,1035.76,353.8,80.15,175.37,1,1,0.83693
41,13,936.85,526.31,91.53,133.52,1,1,0.83127
41,14,1228.7,541.3,89.25,125.58,1,1,0.81653
41,15,1181.53,496.47,81.16,91.9,1,1,0.79537
41,17,907.21,493.01,79.4,117.74,1,1,0.7563
41,18,1076.64,606.46,28.73,31.33,1,2,0.71777
41,19,1165.0,548.49,94.47,166.38,1,1,0.70077
41,16,951.51,390.97,93.65,143.58,1,1,0.83814
42,0,1797.26,599.8,90.94,193.79,1,1,0.87377
42,1,764.88,494.33,90.83,126.95,1,1,0.85195
42,2,830.25,556.65,130.01,159.31,1,1,0.84275
42,3,1425.11,530.3,132.77,139.64,1,1,0.84525
42,4,1302.49,484.88,100.56,133.17,1,1,0.84639
42,5,574.9,578.44,80.04,192.11,1,1,0.83437
42,6,480.02,521.91,108.42,178.92,1,1,0.85001
42,7,673.55,521.9,106.59,146.25,1,1,0.85471
42,8,477.51,440.41,79.18,145.62,1,1,0.79338
42,9,619.33,449.64,97.19,132.97,1,1,0.8113
42,10,1186.55,372.35,100.65,157.12,1,1,0.80526
42,11,1035.15,505.04,105.64,118.4,1,1,0.81963
42,12,1038.74,352.49,77.61,176.61,1,1,0.81901
42,13,937.4,525.62,91.28,134.54,1,1,0.82035
42,14,1228.86,541.31,89.41,126.2,1,1,0.8076
42,15,1181.44,496.48,81.26,90.41,1,1,0.79792
42,17,906.39,492.11,79.75,126.73,1,1,0.76835
42,18,1076.38,606.3,29.04,31.39,1,2,0.72535
42,19,1164.62,548.57,95.4,165.5,1,1,0.71441
42,16,965.12,389.6,97.72,149.43,1,1,0.82108
43,0,1802.46,598.65,92.95,195.51,1,1,0.86952
43,1,765.47,494.2,90.21,127.4,1,1,0.85001
43,2,830.4,555.78,129.6,159.78,1,1,0.84513
43,3,1425.29,530.84,132.09,139.45,1,1,0.84211
43,4,1302.5,485.56,100.39,132.21,1,1,0.84545
43,5,576.95,579.74,78.75,192.11,1,1,0.83606
43,6,493.43,519.37,98.2,181.53,1,1,0.83437
43,7,673.72,522.07,106.23,145.85,1,1,0.85693
43,8,477.07,441.05,79.12,153.91,1,1,0.79448
43,9,618.96,449.63,97.52,133.31,1,1,0.80593
43,10,1187.48,372.61,99.57,156.75,1,1,0.80936
43,11,1035.06,505.56,105.59,118.96,1,1,0.82278
43,12,1038.85,351.5,75.21,170.49,1,1,0.76381
43,13,937.29,526.72,91.24,133.65,1,1,0.82214
43,14,1229.3,541.45,88.69,126.16,1,1,0.81028
43,15,1181.55,496.81,81.22,90.16,1,1,0.7955
43,17,906.89,492.66,80.11,122.04,1,1,0.75243
43,18,1076.7,606.35,28.69,31.54,1,2,0.71295
43,19,1164.34,548.97,95.47,164.11,1,1,0.69907
43,16,977.02,389.87,106.24,148.17,1,1,0.81788
44,0,1806.37,598.23,99.05,196.24,1,1,0.87247
44,1,765.61,493.45,89.89,128.4,1,1,0.85063
44,2,829.88,554.63,130.87,160.63,1,1,0.8467
44,3,1425.34,530.56,132.0,139.53,1,1,0.84444
44,4,1302.31,484.88,100.41,133.21,1,1,0.84798
44,5,577.87,580.36,78.74,194.54,1,1,0.83351
44,6,502.67,517.81,91.31,183.04,1,1,0.82952
44,7,673.88,522.06,106.34,145.78,1,1,0.85812
44,8,477.14,440.99,78.47,160.29,1,1,0.80091
44,9,619.15,449.43,98.43,133.45,1,1,0.80645
44,10,1188.64,372.27,98.58,157.19,1,1,0.80326
44,11,1034.89,505.6,105.57,118.94,1,1,0.82107
44,12,1034.37,349.52,71.99,140.42,1,1,0.66948
44,13,937.5,527.07,91.2,133.49,1,1,0.8231
44,14,1229.45,541.35,88.69,126.37,1,1,0.81311
44,15,1181.62,496.77,81.71,92.11,1,1,0.78334
44,17,906.64,492.09,83.58,119.2,1,1,0.74865
44,18,1076.18,606.39,29.38,31.48,1,2,0.7168
44,19,1164.04,549.22,96.84,164.21,1,1,0.72397
44,16,1007.8,388.35,103.52,149.81,1,1,0.72643
45,0,1809.46,597.95,105.91,196.87,1,1,0.89484
45,1,765.89,492.89,89.32,128.99,1,1,0.85208
45,2,830.51,553.6,130.95,161.07,1,1,0.84872
45,3,1425.27,530.88,131.81,139.26,1,1,0.846
45,4,1302.29,485.54,100.45,132.69,1,1,0.84963
45,5,578.84,581.33,78.41,196.26,1,1,0.84134
45,6,509.0,516.81,86.9,184.32,1,1,0.83225
45,7,674.0,522.25,106.07,145.72,1,1,0.86503
45,8,477.42,441.25,77.73,163.94,1,1,0.80131
45,9,619.44,449.61,98.47,133.11,1,1,0.80411
45,10,1190.27,372.73,96.04,157.15,1,1,0.7969
45,11,1034.98,507.51,105.6,117.87,1,1,0.83156
45,12,1034.06,351.39,69.68,148.21,1,1,0.7206
45,13,938.38,527.51,90.34,132.69,1,1,0.82875
45,14,1229.63,541.46,88.5,126.38,1,1,0.81073
45,15,1181.69,497.15,81.65,90.44,1,1,0.78347
45,17,906.91,492.58,84.25,107.24,1,1,0.76397
45,18,1076.2,606.17,29.32,31.64,1,2,0.70402
45,19,1163.48,549.18,97.41,163.82,1,1,0.72809
45,16,1040.99,388.68,91.43,150.24,1,1,0.7876
46,0,1811.21,597.81,108.34,197.29,1,1,0.89963
46,1,766.48,491.89,88.41,130.69,1,1,0.85244
46,2,830.69,552.93,133.14,161.29,1,1,0.84712
46,3,1425.0,531.27,132.05,138.8,1,1,0.84218
46,4,1302.27,486.33,100.6,131.98,1,1,0.84883
46,5,579.57,581.89,78.59,196.84,1,1,0.8323
46,6,513.77,516.62,83.84,184.52,1,1,0.82553
46,7,673.74,522.38,106.1,145.89,1,1,0.85935
46,8,478.0,441.23,76.85,166.63,1,1,0.7943
46,9,621.0,449.27,98.12,132.52,1,1,0.79519
46,10,1189.4,372.57,96.84,157.35,1,1,0.79921
46,11,1035.49,506.02,104.17,118.4,1,1,0.83028
46,12,1036.77,353.93,69.77,156.91,1,1,0.80075
46,13,939.78,527.3,89.3,132.89,1,1,0.82378
46,14,1229.62,541.44,88.8,126.71,1,1,0.81587
46,15,1182.47,496.9,80.92,90.87,1,1,0.78538
46,17,906.98,492.86,85.38,97.91,1,1,0.77306
46,18,1075.37,605.41,29.78,32.14,1,2,0.692
46,19,1163.09,549.74,98.02,163.96,1,1,0.74271
46,16,1079.12,387.06,78.22,164.55,1,1,0.76504
47,0,1811.82,598.35,109.16,198.3,1,1,0.89921
47,1,766.63,491.3,88.51,131.22,1,1,0.8508
47,2,831.01,552.57,134.98,161.81,1,1,0.84325
47,3,1425.33,530.92,131.45,139.16,1,1,0.84027
47,4,1302.32,486.89,100.45,131.57,1,1,0.84686
47,5,580.52,582.72,78.51,200.18,1,1,0.82921
47,6,517.33,517.29,82.67,183.61,1,1,0.8159
47,7,673.44,522.45,106.21,146.16,1,1,0.85613
47,8,477.99,441.51,77.09,168.56,1,1,0.79649
47,9,621.99,448.92,98.85,132.09,1,1,0.79717
47,10,1189.77,371.28,97.25,159.02,1,1,0.80005
47,11,1035.25,504.1,103.76,120.12,1,1,0.83757
47,12,1039.08,355.78,70.52,165.17,1,1,0.83835
47,13,939.44,527.11,90.13,133.3,1,1,0.82155
47,14,1229.5,541.64,89.35,127.03,1,1,0.81741
47,15,1182.92,496.91,81.06,88.85,1,1,0.8041
47,17,906.75,493.57,87.0,93.38,1,1,0.7814
47,18,1075.0,603.5,28.81,28.94,1,2,0.654
47,19,1163.22,550.33,98.42,163.29,1,1,0.73639
47,16,1101.69,386.89,77.76,173.72,1,1,0.79332
48,0,1812.61,599.02,108.71,197.27,1,1,0.89944
48,1,766.34,490.87,89.04,132.39,1,1,0.84941
48,2,831.6,551.54,139.05,162.79,1,1,0.84219
48,3,1425.56,530.67,130.78,139.72,1,1,0.83677
48,4,1302.58,486.54,100.09,131.94,1,1,0.84725
48,5,581.18,583.94,79.17,201.94,1,1,0.82277
48,6,520.73,518.74,80.92,182.99,1,1,0.81822
48,7,673.3,522.77,106.27,145.77,1,1,0.85343
48,8,478.35,441.8,76.92,167.85,1,1,0.79788
48,9,622.81,448.83,99.6,131.44,1,1,0.79931
48,10,1191.26,370.4,96.51,160.23,1,1,0.8101
48,11,1034.85,504.22,104.93,119.23,1,1,0.84245
48,12,1039.48,356.28,73.97,170.17,1,1,0.83049
48,13,939.0,527.67,91.15,132.93,1,1,0.82231
48,14,1229.45,541.76,89.53,127.52,1,1,0.81615
48,15,1183.48,496.57,80.48,87.07,1,1,0.81211
48,17,907.57,493.63,87.7,90.71,1,1,0.77911
48,19,1163.09,550.31,98.39,163.09,1,1,0.70332
48,16,1116.04,383.29,86.16,175.11,1,1,0.80116
49,0,1812.55,599.46,108.76,196.86,1,1,0.89655
49,1,766.04,490.04,89.53,133.52,1,1,0.85038
49,2,833.5,549.52,143.23,164.69,1,1,0.84258
49,3,1425.73,530.18,130.77,140.81,1,1,0.83859
49,4,1302.75,486.23,100.13,132.91,1,1,0.85371
49,5,581.62,584.96,79.79,202.62,1,1,0.82296
49,6,523.2,521.34,80.15,180.97,1,1,0.81602
49,7,673.32,523.35,105.94,145.28,1,1,0.8494
49,8,478.98,441.93,76.92,169.39,1,1,0.80184
49,9,623.09,449.05,100.47,130.94,1,1,0.80549
49,10,1194.0,371.21,94.85,158.86,1,1,0.80172
49,11,1034.41,503.41,103.94,118.08,1,1,0.82645
49,12,1039.18,356.16,76.66,171.54,1,1,0.8258
49,13,939.04,527.3,92.06,133.29,1,1,0.81052
49,14,1229.23,542.22,89.91,129.2,1,1,0.81094
49,15,1184.26,494.49,78.9,90.22,1,1,0.79876
49,17,907.95,493.42,89.28,89.79,1,1,0.77044
49,19,1163.69,550.6,97.22,163.1,1,1,0.67309
49,16,1126.12,384.51,94.07,175.56,1,1,0.8106
50,0,1811.49,600.32,109.66,197.09,1,1,0.89205
50,1,765.56,490.14,90.67,133.96,1,1,0.84543
50,2,834.67,548.82,145.96,165.36,1,1,0.84626
50,3,1424.69,530.02,132.34,141.08,1,1,0.83817
50,4,1302.91,486.27,100.58,133.17,1,1,0.84455
50,5,582.29,585.72,79.97,202.98,1,1,0.82188
50,6,525.34,524.3,79.41,178.43,1,1,0.81119
50,7,673.41,523.57,105.6,145.07,1,1,0.84873
50,8,479.31,441.86,77.34,170.81,1,1,0.80342
50,9,623.14,449.56,101.22,130.39,1,1,0.81288
50,11,1033.89,503.17,104.64,119.93,1,1,0.81927
50,12,1038.83,356.29,78.97,171.95,1,1,0.82373
50,13,939.07,527.13,93.22,133.36,1,1,0.80465
50,14,1228.74,542.51,90.42,130.16,1,1,0.80296
50,15,1184.0,494.88,79.59,90.21,1,1,0.78565
50,17,907.41,493.45,90.53,88.96,1,1,0.74481
50,16,1136.5,377.86,126.06,172.58,1,1,0.78688
51,0,1811.72,600.45,109.28,196.7,1,1,0.88984
51,1,765.31,490.54,91.4,135.29,1,1,0.8371
51,2,837.49,549.05,144.79,165.06,1,1,0.84492
51,3,1424.53,530.07,132.82,141.28,1,1,0.83942
51,4,1303.39,485.79,100.79,133.66,1,1,0.84476
51,5,581.99,585.41,80.85,203.83,1,1,0.82724
51,6,527.29,526.44,79.51,176.07,1,1,0.81356
51,7,673.76,523.72,105.14,145.0,1,1,0.84892
51,8,479.62,442.03,77.76,172.26,1,1,0.81176
51,9,623.02,449.43,100.81,131.03,1,1,0.81606
51,11,1031.99,501.87,106.07,121.55,1,1,0.83673
51,12,1039.0,356.01,80.57,172.24,1,1,0.82011
51,13,940.92,528.09,91.96,132.57,1,1,0.80007
51,14,1228.73,542.19,90.29,131.36,1,1,0.80114
51,15,1183.21,494.76,81.11,90.78,1,1,0.79237
51,17,907.59,493.2,90.56,85.67,1,1,0.74697
51,16,1148.36,370.69,138.03,172.9,1,1,0.82883
51,19,1153.01,551.51,100.22,222.89,1,1,0.68234
52,0,1811.76,600.64,109.01,196.1,1,1,0.88651
52,1,765.28,490.85,91.49,136.99,1,1,0.83406
52,2,841.51,549.32,141.11,164.47,1,1,0.84749
52,3,1424.41,529.71,132.93,142.27,1,1,0.83934
52,4,1303.11,485.8,100.93,133.5,1,1,0.84423
52,5,582.49,585.92,80.68,203.8,1,1,0.83183
52,6,529.57,528.2,78.94,174.95,1,1,0.81847
52,7,674.33,524.13,103.75,144.58,1,1,0.8507
52,8,479.85,442.32,77.64,173.5,1,1,0.81461
52,9,623.46,449.19,99.09,131.37,1,1,0.81343
52,11,1030.17,500.26,108.45,122.78,1,1,0.84951
52,12,1039.41,356.74,80.46,169.95,1,1,0.82028
52,13,940.58,530.48,92.23,130.39,1,1,0.78551
52,14,1228.75,542.25,89.7,133.38,1,1,0.79411
52,15,1182.45,492.97,81.24,90.44,1,1,0.81478
52,17,907.65,493.38,88.81,84.5,1,1,0.75213
52,16,1198.7,371.62,110.14,172.09,1,1,0.75868
53,0,1816.11,601.23,104.47,194.44,1,1,0.86705
53,1,764.97,490.72,91.88,136.03,1,1,0.83368
53,2,845.57,550.5,139.96,163.07,1,1,0.82262
53,3,1424.64,529.77,132.96,142.84,1,1,0.8357
53,4,1300.7,486.66,103.17,132.77,1,1,0.84556
53,5,582.79,586.36,80.93,203.55,1,1,0.82127
53,6,531.02,529.48,79.34,173.95,1,1,0.80468
53,7,674.4,524.24,104.05,144.55,1,1,0.83804
53,8,479.59,442.56,77.99,175.84,1,1,0.8075
53,9,623.22,449.06,100.84,131.61,1,1,0.81177
53,11,1029.43,497.79,109.86,124.59,1,1,0.84671
53,12,1038.05,356.36,79.29,169.52,1,1,0.81289
53,13,937.3,536.11,95.47,125.16,1,1,0.69638
53,14,1229.28,540.77,88.82,135.42,1,1,0.78795
53,15,1184.0,488.2,79.13,98.63,1,1,0.7929
53,17,907.16,492.71,91.03,85.09,1,1,0.70531
53,16,1239.6,370.32,92.73,169.64,1,1,0.76186
53,10,1197.57,373.57,79.81,150.09,1,1,0.72497
54,0,1826.91,600.94,93.35,191.74,1,1,0.88316
54,1,765.04,491.39,91.66,132.06,1,1,0.84513
54,2,857.75,549.35,129.6,162.67,1,1,0.80219
54,3,1424.63,531.3,131.96,141.9,1,1,0.84279
54,4,1302.05,488.67,101.32,130.84,1,1,0.85082
54,5,583.07,586.16,80.81,203.94,1,1,0.82581
54,6,532.88,530.21,79.04,173.65,1,1,0.81318
54,7,675.07,523.76,103.26,144.82,1,1,0.85587
54,8,480.14,443.65,76.91,177.02,1,1,0.81466
54,9,623.51,449.33,101.66,131.75,1,1,0.81725
54,11,1027.69,494.05,110.13,126.66,1,1,0.85822
54,12,1038.71,357.36,76.29,166.56,1,1,0.81506
54,13,939.08,534.01,91.73,126.8,1,1,0.74214
54,14,1228.83,539.43,87.55,147.52,1,1,0.76919
54,15,1183.87,487.98,78.04,107.6,1,1,0.78149
54,16,1269.97,371.61,90.24,166.18,1,1,0.75839
54,10,1194.08,375.74,88.39,152.86,1,1,0.78125
55,0,1840.79,600.21,79.13,192.59,1,1,0.87229
55,1,765.07,491.92,91.91,129.11,1,1,0.84415
55,2,865.07,549.97,123.45,161.64,1,1,0.80361
55,3,1425.54,532.01,131.17,141.97,1,1,0.83862
55,4,1302.66,490.73,100.37,130.2,1,1,0.84641
55,5,582.97,585.72,80.46,204.4,1,1,0.81607
55,6,534.58,531.0,78.99,173.46,1,1,0.80361
55,7,675.57,523.02,103.64,145.61,1,1,0.85025
55,8,480.45,445.29,76.11,178.67,1,1,0.81246
55,9,622.93,448.71,104.68,132.02,1,1,0.81939
55,11,1025.89,491.11,110.28,128.75,1,1,0.85228
55,12,1039.1,357.51,74.53,163.34,1,1,0.80938
55,13,937.01,530.3,92.52,129.74,1,1,0.74774
55,14,1227.63,536.53,87.71,158.81,1,1,0.79411
55,15,1182.86,485.95,78.79,104.11,1,1,0.77967
55,16,1291.74,370.86,88.22,159.93,1,1,0.75804
55,10,1192.87,376.89,92.36,151.37,1,1,0.80048
55,17,908.26,493.57,84.79,77.85,1,1,0.6421
56,0,1859.02,599.46,60.67,191.8,1,1,0.86942
56,1,767.02,491.96,90.02,127.25,1,1,0.85347
56,2,869.95,549.53,119.1,162.37,1,1,0.80629
56,3,1427.12,535.14,129.14,138.64,1,1,0.85195
56,4,1304.94,491.43,98.82,129.04,1,1,0.83482
56,5,582.67,585.62,79.91,204.01,1,1,0.83032
56,6,535.84,530.67,79.24,175.55,1,1,0.81748
56,7,675.92,521.45,104.77,147.96,1,1,0.85185
56,8,481.76,447.49,74.09,178.46,1,1,0.82625
56,9,624.68,447.38,103.04,133.02,1,1,0.8149
56,11,1023.65,488.84,112.37,131.34,1,1,0.84386
56,12,1040.47,359.34,72.77,160.82,1,1,0.81543
56,13,937.82,527.88,89.37,131.41,1,1,0.75848
56,14,1226.87,532.95,87.25,163.92,1,1,0.78153
56,15,1180.78,483.86,81.06,104.62,1,1,0.77649
56,16,1311.88,371.91,84.69,155.52,1,1,0.72114
56,10,1189.47,378.57,95.5,148.27,1,1,0.8041
56,17,906.84,493.06,82.3,73.98,1,1,0.74533
56,19,1149.33,546.78,100.25,246.51,1,1,0.68772
57,0,1877.88,601.48,41.52,188.97,1,1,0.84082
57,1,767.29,492.34,89.25,126.23,1,1,0.85472
57,2,874.03,547.24,116.21,165.09,1,1,0.81181
57,3,1427.72,536.53,127.29,137.67,1,1,0.86645
57,4,1304.98,491.49,98.91,125.98,1,1,0.84696
57,5,581.97,585.9,79.83,203.65,1,1,0.84117
57,6,536.7,530.57,80.15,176.45,1,1,0.82996
57,7,674.6,519.8,106.57,150.13,1,1,0.85893
57,8,482.75,449.45,72.73,177.57,1,1,0.84258
57,9,624.81,445.21,107.1,133.61,1,1,0.82774
57,11,1021.2,487.79,115.63,133.41,1,1,0.8418
57,12,1040.38,360.54,73.54,159.91,1,1,0.81764
57,13,937.77,524.01,87.96,134.75,1,1,0.75917
57,14,1224.39,528.75,89.42,164.56,1,1,0.77028
57,15,1175.49,481.98,84.44,104.94,1,1,0.79484
57,16,1338.06,373.89,81.08,153.84,1,1,0.76219
57,10,1187.26,380.02,97.46,144.97,1,1,0.82136
57,17,905.04,490.69,83.77,74.4,1,1,0.70945
58,0,1891.8,604.51,27.37,190.47,1,1,0.76189
58,1,767.08,491.11,89.47,128.13,1,1,0.83866
58,2,873.54,549.28,121.41,163.22,1,1,0.78893
58,3,1425.78,535.85,130.06,137.64,1,1,0.85186
58,4,1304.07,488.27,99.59,126.98,1,1,0.84551
58,5,581.11,586.35,80.06,203.62,1,1,0.83196
58,6,537.06,529.52,81.46,177.29,1,1,0.82735
58,7,673.01,516.83,109.34,154.04,1,1,0.85897
58,8,481.49,451.18,74.36,176.64,1,1,0.8325
58,9,624.95,442.78,110.76,136.72,1,1,0.80237
58,11,1019.89,486.81,117.56,133.5,1,1,0.86085
58,12,1040.34,361.43,75.56,158.34,1,1,0.81643
58,13,934.2,518.99,90.84,139.92,1,1,0.74653
58,14,1224.46,524.71,88.63,157.32,1,1,0.76459
58,15,1170.87,479.43,85.62,106.42,1,1,0.79029
58,16,1357.86,372.1,95.25,163.95,1,1,0.76662
58,10,1185.11,381.51,102.17,146.14,1,1,0.82298
58,17,901.46,487.55,84.75,77.6,1,1,0.68448
58,19,1148.1,549.3,100.69,244.99,1,1,0.66695
59,0,1895.68,604.41,23.38,198.92,1,1,0.69193
59,1,766.69,490.37,88.46,128.92,1,1,0.82191
59,2,873.0,549.2,124.08,163.56,1,1,0.79786
59,3,1423.21,529.07,132.33,141.79,1,1,0.84124
59,4,1300.79,485.4,101.78,128.66,1,1,0.83936
59,5,579.91,586.69,80.88,203.65,1,1,0.82984
59,6,537.17,528.89,82.68,177.86,1,1,0.82723
59,7,671.44,513.99,111.04,156.97,1,1,0.86122
59,8,481.87,453.64,74.84,175.44,1,1,0.83512
59,9,626.1,439.34,115.59,139.45,1,1,0.76253
59,11,1018.47,485.28,117.26,135.27,1,1,0.85489
59,12,1039.55,362.59,77.95,159.33,1,1,0.8271
59,13,930.41,512.51,92.51,145.95,1,1,0.77776
59,14,1221.2,520.5,91.24,156.98,1,1,0.74335
59,15,1166.19,476.55,86.47,116.2,1,1,0.78726
59,16,1375.57,372.5,99.51,163.92,1,1,0.78489
59,10,1181.47,383.34,105.99,145.98,1,1,0.83371
59,17,894.46,484.7,83.53,80.46,1,1,0.67622
60,1,765.18,490.2,89.45,129.8,1,1,0.85012
60,2,875.3,545.38,123.03,166.89,1,1,0.79783
60,3,1417.63,526.29,134.75,140.06,1,1,0.84521
60,4,1293.65,482.82,107.59,130.94,1,1,0.84918
60,5,578.78,588.23,81.41,202.46,1,1,0.84587
60,6,537.66,529.32,83.62,177.45,1,1,0.84411
60,7,670.95,506.57,110.96,164.37,1,1,0.86639
60,8,483.0,456.34,74.26,173.02,1,1,0.8531
60,9,625.26,438.24,119.35,142.16,1,1,0.80883
60,11,1015.45,482.52,121.62,140.36,1,1,0.86296
60,12,1037.82,363.07,79.91,164.18,1,1,0.83316
60,13,918.56,506.15,103.75,150.97,1,1,0.70099
60,14,1216.5,515.89,96.11,154.9,1,1,0.76969
60,15,1157.98,472.6,89.65,130.43,1,1,0.8265
60,16,1390.25,373.48,107.89,157.93,1,1,0.80555
60,10,1181.39,386.09,102.62,141.57,1,1,0.79832
61,1,763.19,488.02,90.86,131.58,1,1,0.87338
61,2,880.36,544.27,120.06,166.24,1,1,0.80905
61,3,1409.59,521.87,139.52,139.85,1,1,0.86585
61,4,1291.12,480.37,109.76,132.83,1,1,0.87072
61,5,576.55,590.17,83.01,202.26,1,1,0.85762
61,6,538.25,529.99,83.71,177.1,1,1,0.8501
61,7,671.87,500.98,107.37,167.82,1,1,0.87564
61,8,484.72,459.34,73.99,169.2,1,1,0.85889
61,9,626.17,437.06,124.37,142.59,1,1,0.82596
61,11,1011.71,479.03,124.13,143.96,1,1,0.88132
61,12,1038.16,364.93,80.98,167.76,1,1,0.86471
61,14,1211.5,514.83,101.92,151.7,1,1,0.80832
61,15,1149.26,470.18,92.0,137.95,1,1,0.83898
61,16,1401.86,379.61,119.01,158.84,1,1,0.82433
61,10,1180.29,389.91,104.08,137.83,1,1,0.82473
62,1,760.26,485.34,93.62,133.46,1,1,0.8813
62,2,884.3,540.85,121.61,168.14,1,1,0.81259
62,3,1399.63,517.01,147.41,141.91,1,1,0.88861
62,4,1286.47,475.99,113.42,135.09,1,1,0.87649
62,5,575.47,591.65,83.27,203.7,1,1,0.86523
62,6,538.19,530.22,84.44,177.29,1,1,0.86047
62,7,671.35,497.05,106.89,170.22,1,1,0.85744
62,8,486.38,460.6,74.16,167.54,1,1,0.86657
62,9,626.45,433.69,132.56,146.33,1,1,0.79325
62,11,1005.58,476.38,129.24,146.65,1,1,0.88621
62,12,1037.0,366.48,82.62,168.29,1,1,0.87061
62,14,1204.56,510.13,109.18,153.47,1,1,0.81256
62,15,1139.22,468.85,94.56,144.09,1,1,0.82865
62,16,1440.55,383.45,99.12,164.01,1,1,0.7895
62,10,1173.57,395.2,105.02,130.36,1,1,0.8021
63,1,758.0,482.06,95.06,135.89,1,1,0.88254
63,2,886.12,540.49,128.26,168.3,1,1,0.84704
63,3,1385.11,511.5,158.43,148.0,1,1,0.90023
63,4,1279.35,470.3,117.96,139.36,1,1,0.88474
63,5,575.28,593.39,83.11,202.16,1,1,0.85894
63,6,537.67,530.33,86.04,178.1,1,1,0.85848
63,7,666.42,494.65,110.49,170.32,1,1,0.81596
63,8,487.76,461.01,74.18,166.73,1,1,0.86813
63,11,999.35,474.08,130.22,148.03,1,1,0.88478
63,12,1035.31,367.32,84.49,167.83,1,1,0.86859
63,14,1188.22,500.4,125.02,159.64,1,1,0.80317
63,15,1138.83,469.93,90.54,143.86,1,1,0.75271
63,16,1469.16,387.9,85.77,163.86,1,1,0.82461
63,10,1163.62,398.82,101.25,121.95,1,1,0.77546
63,17,879.47,477.79,107.58,104.98,1,1,0.76791
64,1,753.28,479.3,99.34,138.57,1,1,0.88506
64,2,887.61,541.45,134.67,168.57,1,1,0.87035
64,3,1370.21,504.15,165.92,154.43,1,1,0.90435
64,4,1273.47,465.69,120.74,144.42,1,1,0.87788
64,5,574.09,594.34,84.08,202.12,1,1,0.86102
64,6,537.69,530.54,86.41,178.19,1,1,0.85467
64,7,647.4,492.05,128.03,170.4,1,1,0.86104
64,8,487.94,460.64,75.48,167.06,1,1,0.86089
64,11,993.7,472.58,122.44,147.79,1,1,0.8922
64,12,1034.72,368.04,85.19,167.7,1,1,0.87569
64,14,1165.27,495.88,140.39,146.96,1,1,0.77111
64,16,1497.78,389.75,80.09,164.44,1,1,0.8584
64,10,1158.34,399.46,93.43,113.47,1,1,0.77486
64,17,875.39,475.69,107.96,113.0,1,1,0.80631
64,9,680.89,423.52,99.9,134.65,1,1,0.68529
65,1,747.96,477.33,103.88,140.18,1,1,0.86567
65,2,888.64,541.33,133.63,169.4,1,1,0.86776
65,3,1362.7,501.16,155.19,156.69,1,1,0.89278
65,4,1263.02,463.17,128.83,148.58,1,1,0.88844
65,5,572.61,595.58,85.15,201.47,1,1,0.86725
65,6,537.83,530.95,86.79,177.89,1,1,0.85342
65,7,649.32,488.77,124.45,172.24,1,1,0.86645
65,8,487.78,461.41,75.37,165.88,1,1,0.86548
65,11,988.67,471.28,115.82,150.66,1,1,0.87388
65,12,1033.76,368.63,87.44,168.8,1,1,0.88095
65,14,1149.87,489.4,135.29,135.04,1,1,0.76968
65,16,1513.7,390.44,88.79,161.95,1,1,0.87831
65,10,1153.01,399.74,88.2,110.45,1,1,0.79817
65,17,872.28,474.23,104.95,119.45,1,1,0.82468
65,9,697.32,421.06,92.76,131.08,1,1,0.69285
66,1,748.48,474.76,103.0,143.0,1,1,0.86888
66,2,888.8,541.72,134.31,169.41,1,1,0.86755
66,3,1351.27,497.92,139.98,160.24,1,1,0.89586
66,4,1253.88,460.14,131.67,152.46,1,1,0.88646
66,5,570.51,597.16,86.59,200.69,1,1,0.86862
66,6,538.37,530.83,87.0,176.89,1,1,0.83055
66,7,665.29,483.05,107.29,176.7,1,1,0.87854
66,8,483.83,464.46,81.07,162.26,1,1,0.85431
66,11,982.71,471.21,107.97,151.68,1,1,0.83977
66,12,1032.32,368.98,90.17,170.32,1,1,0.88142
66,14,1142.1,481.31,124.12,130.65,1,1,0.82266
66,16,1527.34,390.99,100.87,157.65,1,1,0.87206
66,10,1145.86,400.01,86.85,111.93,1,1,0.77781
66,17,872.03,473.87,98.61,126.53,1,1,0.77269
66,9,708.63,421.16,92.25,110.84,1,1,0.77688
67,1,745.75,468.9,106.24,149.36,1,1,0.81729
67,2,888.41,539.61,135.85,172.0,1,1,0.87715
67,3,1341.98,495.62,127.44,163.88,1,1,0.90318
67,4,1243.14,456.54,133.07,158.11,1,1,0.88063
67,5,569.48,598.98,87.16,200.21,1,1,0.86335
67,6,537.36,530.7,87.93,177.17,1,1,0.82397
67,7,672.26,479.48,101.09,178.45,1,1,0.89192
67,8,478.03,467.24,89.33,161.58,1,1,0.84833
67,11,974.33,471.51,94.71,153.8,1,1,0.85836
67,12,1029.98,369.11,91.21,170.37,1,1,0.88593
67,14,1139.96,479.7,110.36,113.48,1,1,0.73614
67,16,1540.48,392.38,120.3,153.06,1,1,0.87723
67,10,1139.23,399.95,82.93,107.96,1,1,0.81725
67,17,867.92,473.14,96.64,144.51,1,1,0.80245
67,9,718.47,421.78,95.99,103.55,1,1,0.65563
67,19,1142.59,549.83,125.15,161.23,1,1,0.64892
68,1,737.34,461.87,114.42,156.56,1,1,0.82334
68,2,888.81,536.86,136.57,174.83,1,1,0.8782
68,3,1337.08,492.7,113.43,166.87,1,1,0.89334
68,4,1234.22,454.71,136.38,161.37,1,1,0.87629
68,5,569.25,600.08,87.1,200.01,1,1,0.86653
68,6,535.84,531.1,89.35,178.54,1,1,0.83605
68,7,674.26,476.35,99.59,179.21,1,1,0.87465
68,8,473.12,471.38,95.29,161.54,1,1,0.86366
68,11,967.21,473.09,92.79,155.71,1,1,0.87284
68,12,1027.4,368.59,92.41,171.49,1,1,0.88438
68,14,1133.49,480.62,101.68,110.36,1,1,0.74533
68,16,1558.23,394.53,130.77,152.49,1,1,0.87575
68,10,1129.93,399.79,86.73,109.26,1,1,0.79305
68,17,866.42,473.84,92.85,150.74,1,1,0.80465
69,1,741.52,436.15,110.22,180.73,1,1,0.73928
69,2,891.72,535.0,136.0,175.8,1,1,0.87303
69,3,1328.86,489.07,106.81,168.12,1,1,0.86496
69,4,1225.82,452.94,133.01,163.25,1,1,0.8732
69,5,569.51,600.19,87.62,200.92,1,1,0.86966
69,6,534.62,531.36,90.4,179.4,1,1,0.82524
69,7,671.77,474.25,101.55,177.12,1,1,0.8636
69,8,468.88,474.47,100.82,164.73,1,1,0.86471
69,11,960.93,475.23,95.66,153.57,1,1,0.86618
69,12,1023.46,367.79,95.55,172.36,1,1,0.86972
69,14,1124.2,481.49,98.22,119.23,1,1,0.81089
69,16,1585.23,396.79,128.28,156.06,1,1,0.86331
69,10,1122.09,398.98,88.36,113.79,1,1,0.75748
69,17,865.71,474.8,86.52,151.6,1,1,0.79436
70,1,731.98,448.36,116.19,167.76,1,1,0.7984
70,2,897.86,531.9,138.87,178.36,1,1,0.87191
70,3,1322.55,488.28,96.49,162.74,1,1,0.87525
70,4,1217.93,452.33,130.0,162.13,1,1,0.88347
70,5,569.27,599.02,88.16,203.33,1,1,0.8774
70,6,535.14,532.75,89.27,179.05,1,1,0.82426
70,7,667.17,474.3,103.78,173.97,1,1,0.86697
70,8,465.33,477.81,108.48,164.29,1,1,0.87893
70,11,955.33,477.39,98.03,146.92,1,1,0.84051
70,12,1021.05,367.82,96.63,172.62,1,1,0.87504
70,14,1117.29,476.93,94.79,127.89,1,1,0.82141
70,16,1622.38,399.93,114.54,156.95,1,1,0.83394
70,10,1117.27,398.6,84.9,112.79,1,1,0.77544
70,17,860.98,475.42,83.63,161.96,1,1,0.79828
70,9,758.25,417.06,88.77,123.44,1,1,0.75322
71,1,721.27,455.28,116.31,157.69,1,1,0.81355
71,2,901.8,530.06,140.86,180.14,1,1,0.86789
71,3,1313.16,486.95,100.62,159.59,1,1,0.88496
71,4,1207.6,452.63,127.36,158.1,1,1,0.88241
71,5,568.98,598.45,88.24,205.34,1,1,0.87423
71,6,536.1,533.33,89.43,178.68,1,1,0.80931
71,7,662.66,473.41,105.61,173.1,1,1,0.869
71,8,464.5,479.33,113.93,163.98,1,1,0.86846
71,11,946.11,478.93,107.28,145.47,1,1,0.85419
71,12,1019.76,368.44,93.66,171.99,1,1,0.86898
71,14,1112.63,474.14,88.81,129.03,1,1,0.80091
71,16,1663.6,403.38,95.81,154.55,1,1,0.82928
71,10,1111.93,398.71,82.01,110.35,1,1,0.80099
71,17,847.99,475.8,89.21,168.43,1,1,0.82245
71,9,766.47,415.3,91.41,140.24,1,1,0.80916
71,19,1117.4,542.4,147.67,163.36,1,1,0.7089
72,1,718.51,459.3,108.38,150.22,1,1,0.85326
72,2,907.78,525.43,130.07,183.73,1,1,0.86402
72,3,1304.01,486.09,109.0,158.63,1,1,0.88067
72,4,1197.82,453.25,124.98,154.4,1,1,0.87493
72,5,569.03,598.88,88.02,205.49,1,1,0.86889
72,6,536.19,533.93,89.72,176.58,1,1,0.80194
72,7,654.86,472.38,111.25,173.09,1,1,0.88173
72,8,464.9,480.94,120.42,162.68,1,1,0.86025
72,11,936.17,481.09,117.7,145.44,1,1,0.86204
72,12,1018.58,368.86,90.34,172.16,1,1,0.86449
72,14,1112.33,486.95,84.27,118.0,1,1,0.74322
72,16,1691.14,405.58,98.15,152.24,1,1,0.84971
72,10,1107.53,398.5,75.22,108.82,1,1,0.7517
72,17,833.17,483.17,99.9,161.96,1,1,0.80867
72,9,773.14,414.03,92.45,149.44,1,1,0.86149
72,19,1119.56,541.89,145.6,163.07,1,1,0.70697
73,1,718.33,460.1,95.15,149.85,1,1,0.84063
73,2,909.34,520.35,124.34,186.82,1,1,0.85082
73,3,1292.27,482.5,120.76,159.47,1,1,0.89069
73,4,1190.36,453.46,120.3,151.3,1,1,0.87036
73,5,568.5,600.17,88.94,207.72,1,1,0.86492
73,6,534.77,534.11,91.59,177.25,1,1,0.806
73,7,644.98,465.39,119.44,179.48,1,1,0.87779
73,8,465.13,479.89,127.16,163.05,1,1,0.84283
73,11,929.68,481.61,122.27,145.13,1,1,0.83413
73,12,1015.77,368.86,87.34,173.71,1,1,0.86711
73,14,1113.25,486.69,79.41,118.21,1,1,0.74803
73,16,1707.03,405.56,109.28,152.65,1,1,0.84703
73,10,1101.2,398.49,70.74,105.1,1,1,0.75562
73,17,819.8,484.61,107.84,164.01,1,1,0.85016
73,9,776.9,412.53,97.64,164.5,1,1,0.8503
73,15,1093.42,470.38,76.76,135.38,1,1,0.6548
74,1,712.41,459.73,88.82,153.16,1,1,0.71009
74,2,913.96,517.73,126.51,185.41,1,1,0.86307
74,3,1281.82,479.4,129.44,160.81,1,1,0.87379
74,4,1182.41,454.73,116.93,156.34,1,1,0.86513
74,5,568.15,601.78,90.43,208.69,1,1,0.85408
74,6,536.3,531.24,93.27,174.62,1,1,0.75719
74,7,639.46,458.67,125.19,186.08,1,1,0.85526
74,8,466.46,477.01,133.08,164.38,1,1,0.81891
74,12,1013.26,368.79,86.12,173.88,1,1,0.8459
74,14,1105.27,487.35,81.85,125.55,1,1,0.65387
74,16,1723.48,406.71,123.56,152.09,1,1,0.85299
74,10,1092.91,398.37,67.69,102.3,1,1,0.78388
74,17,807.47,481.84,112.97,169.62,1,1,0.84406
74,9,789.96,411.59,94.85,170.71,1,1,0.8461
74,19,1114.51,533.98,139.45,158.38,1,1,0.67699
75,2,921.19,518.55,119.58,182.62,1,1,0.87534
75,3,1269.7,476.77,138.81,165.13,1,1,0.88574
75,4,1180.56,456.13,106.0,160.15,1,1,0.86903
75,5,566.63,603.53,91.67,209.6,1,1,0.86243
75,6,537.35,529.11,94.08,173.16,1,1,0.74931
75,7,634.29,451.12,129.29,191.15,1,1,0.8407
75,8,469.05,475.71,136.54,165.24,1,1,0.81473
75,12,1009.16,369.51,87.22,172.19,1,1,0.83984
75,14,1096.46,487.23,87.88,122.22,1,1,0.71957
75,16,1742.64,407.73,138.27,153.84,1,1,0.86863
75,10,1087.31,399.2,66.49,100.92,1,1,0.77766
75,17,800.4,480.0,116.51,173.77,1,1,0.84804
75,9,806.0,411.47,88.69,156.6,1,1,0.65556
75,19,1114.11,530.68,132.95,157.45,1,1,0.74011
75,15,1029.47,468.95,109.09,105.44,1,1,0.73396
76,2,928.44,519.72,113.72,179.19,1,1,0.85818
76,3,1256.51,472.07,147.0,170.9,1,1,0.87562
76,4,1177.74,457.37,98.22,155.02,1,1,0.83894
76,5,566.19,604.74,91.74,209.52,1,1,0.87021
76,6,536.94,532.01,96.66,174.61,1,1,0.77833
76,7,633.0,445.11,121.57,194.27,1,1,0.82357
76,8,472.95,474.19,139.73,166.09,1,1,0.82407
76,12,1006.54,370.15,86.28,171.49,1,1,0.83922
76,14,1085.12,487.31,95.18,127.32,1,1,0.75383
76,16,1771.76,408.42,134.72,161.21,1,1,0.83241
76,10,1082.97,400.33,63.7,101.87,1,1,0.81038
76,17,796.36,478.25,121.77,177.58,1,1,0.84773
76,9,826.98,411.01,81.97,121.43,1,1,0.64041
76,15,1018.58,471.69,102.84,97.72,1,1,0.70469
76,13,899.19,483.7,87.02,128.13,1,1,0.64397
77,2,928.19,520.8,113.99,177.78,1,1,0.85852
77,3,1242.34,468.91,147.39,173.53,1,1,0.877
77,4,1171.87,458.51,93.59,151.34,1,1,0.81963
77,5,566.5,606.39,91.18,208.6,1,1,0.865
77,6,536.51,532.03,97.7,175.59,1,1,0.78667
77,7,631.13,441.7,111.5,196.51,1,1,0.83656
77,8,488.61,473.89,132.35,161.45,1,1,0.79436
77,12,1004.39,371.61,85.25,168.98,1,1,0.83414
77,14,1072.22,486.35,101.23,133.1,1,1,0.77749
77,16,1813.53,410.92,106.91,159.68,1,1,0.79433
77,10,1076.38,401.36,61.91,100.13,1,1,0.81188
77,17,793.26,476.67,114.81,179.0,1,1,0.83694
77,9,852.11,410.93,70.37,121.45,1,1,0.6436
77,15,1013.63,473.28,93.15,99.71,1,1,0.68326
77,13,902.36,483.59,80.13,136.59,1,1,0.69292
77,1,692.44,457.84,101.37,160.63,1,1,0.78115
77,19,1115.38,526.39,120.26,123.74,1,1,0.75203
78,2,929.5,521.8,114.55,177.09,1,1,0.88025
78,3,1229.52,465.53,134.93,176.58,1,1,0.88369
78,4,1165.9,460.08,91.16,151.63,1,1,0.83504
78,5,565.48,608.48,90.38,206.36,1,1,0.88237
78,6,535.76,532.56,98.35,177.34,1,1,0.78169
78,7,631.32,439.17,97.1,197.55,1,1,0.83878
78,12,1002.32,374.28,85.06,164.62,1,1,0.84122
78,14,1059.79,489.07,97.0,140.06,1,1,0.8078
78,16,1852.07,413.64,74.7,158.59,1,1,0.83421
78,10,1068.16,402.91,61.64,99.8,1,1,0.82749
78,17,790.32,474.35,104.5,181.29,1,1,0.85327
78,9,872.16,409.28,64.08,129.7,1,1,0.77563
78,15,1011.21,476.33,88.68,98.73,1,1,0.77908
78,13,907.69,482.77,73.07,139.99,1,1,0.78116
78,1,687.41,458.46,105.35,163.14,1,1,0.80428
78,19,1118.48,525.03,113.65,119.69,1,1,0.73963
79,2,932.0,524.03,114.18,173.82,1,1,0.87454
79,3,1219.29,462.52,116.53,178.38,1,1,0.88339
79,4,1155.11,459.33,91.99,151.9,1,1,0.79972
79,5,563.3,609.91,92.24,204.35,1,1,0.86199
79,6,546.07,534.19,93.06,136.08,1,1,0.76385
79,7,629.55,438.55,79.14,189.52,1,1,0.79526
79,12,1002.81,377.61,80.71,156.34,1,1,0.75195
79,14,1041.19,487.72,104.12,146.76,1,1,0.82481
79,16,1877.6,414.02,48.38,228.68,1,1,0.71103
79,10,1061.76,403.62,59.78,98.49,1,1,0.80132
79,17,786.97,472.83,96.28,181.88,1,1,0.83818
79,9,884.2,407.84,66.16,132.41,1,1,0.81531
79,13,908.38,482.13,69.8,147.74,1,1,0.78398
79,1,676.71,460.0,112.62,164.84,1,1,0.80686
79,19,1120.12,524.58,110.33,122.96,1,1,0.72661
79,20,829.19,451.83,76.98,151.92,1,1,0.77802
79,8,535.94,478.43,103.08,120.98,1,1,0.77677
80,2,932.06,522.8,115.26,174.57,1,1,0.87786
80,3,1209.71,459.04,112.58,180.8,1,1,0.8706
80,4,1145.01,457.48,97.62,151.55,1,1,0.74999
80,5,560.66,608.69,94.74,205.5,1,1,0.84004
80,6,550.59,537.02,92.26,116.7,1,1,0.74098
80,12,1011.07,381.36,66.86,126.01,1,1,0.79411
80,14,1027.84,486.7,100.84,148.6,1,1,0.79688
80,10,1054.21,403.41,60.4,99.63,1,1,0.79942
80,17,782.49,470.03,92.01,182.98,1,1,0.83012
80,9,891.79,406.64,72.59,130.99,1,1,0.79845
80,13,908.11,481.63,67.37,152.47,1,1,0.77798
80,1,660.56,459.86,125.62,166.18,1,1,0.82775
80,19,1121.34,524.44,109.05,134.71,1,1,0.7068
80,20,828.45,450.4,80.21,157.6,1,1,0.78251
80,8,546.39,482.03,103.0,119.54,1,1,0.73798
81,2,928.07,522.7,119.16,173.53,1,1,0.87267
81,3,1197.38,454.68,117.26,185.09,1,1,0.86727
81,4,1132.15,454.94,91.48,115.51,1,1,0.7548
81,5,556.49,606.94,96.61,208.76,1,1,0.83449
81,6,552.1,541.87,94.69,107.27,1,1,0.68698
81,12,1013.2,385.75,60.43,112.85,1,1,0.67158
81,14,1016.01,488.95,103.77,152.0,1,1,0.75038
81,10,1040.3,403.12,65.57,98.7,1,1,0.7582
81,17,776.82,467.14,93.08,184.51,1,1,0.82189
81,9,896.45,406.51,84.28,128.6,1,1,0.7819
81,13,904.07,479.18,69.4,154.66,1,1,0.74565
81,1,652.59,459.66,129.48,162.66,1,1,0.83841
81,19,1122.94,524.18,105.81,150.96,1,1,0.65211
81,20,816.56,448.78,90.11,159.87,1,1,0.75837
81,8,556.52,484.81,102.98,118.53,1,1,0.75852
81,21,1070.81,476.51,67.2,130.73,1,1,0.68757
82,2,923.92,521.38,124.42,176.09,1,1,0.86875
82,3,1187.33,449.98,119.61,186.39,1,1,0.85638
82,4,1123.44,449.55,89.36,106.25,1,1,0.74976
82,5,552.5,605.13,98.64,211.98,1,1,0.84402
82,6,543.23,548.37,108.06,151.28,1,1,0.68872
82,14,1006.33,489.07,103.08,153.45,1,1,0.72306
82,10,1022.23,397.07,76.22,102.56,1,1,0.797
82,17,762.86,466.64,100.66,186.17,1,1,0.81949
82,9,914.14,407.25,82.06,119.79,1,1,0.76229
82,13,893.8,477.38,78.18,152.81,1,1,0.72127
82,1,647.35,460.19,131.77,154.09,1,1,0.85079
82,19,1123.55,524.53,107.79,160.35,1,1,0.6784
82,20,811.38,446.99,96.23,168.51,1,1,0.75338
82,8,582.79,486.83,89.13,112.92,1,1,0.64961
82,21,1064.16,474.93,68.32,134.48,1,1,0.7285
82,15,976.57,469.38,73.62,87.0,1,1,0.68727
82,7,579.09,433.64,103.88,133.28,1,1,0.66368
83,2,919.91,518.37,128.25,178.5,1,1,0.85227
83,3,1178.51,444.86,112.08,191.35,1,1,0.80454
83,5,548.32,602.94,101.38,213.99,1,1,0.84432
83,6,552.76,546.7,106.72,176.68,1,1,0.73783
83,14,996.16,489.06,105.97,152.7,1,1,0.65598
83,10,1013.99,396.33,74.42,106.29,1,1,0.82925
83,17,750.28,468.41,106.15,184.05,1,1,0.85216
83,9,933.63,409.41,76.16,107.69,1,1,0.77737
83,13,886.38,476.6,79.71,150.49,1,1,0.75632
83,1,645.5,461.03,122.63,144.53,1,1,0.82504
83,20,803.44,445.19,100.94,168.82,1,1,0.78102
83,21,1056.21,473.16,70.34,133.58,1,1,0.64372
83,7,583.51,434.41,88.59,128.65,1,1,0.81327
84,2,914.97,515.35,128.41,178.35,1,1,0.85523
84,3,1171.64,441.69,104.46,194.29,1,1,0.82335
84,5,546.76,602.28,101.12,214.19,1,1,0.8395
84,6,561.75,548.95,102.22,185.6,1,1,0.78791
84,10,1014.37,398.3,69.19,99.29,1,1,0.80385
84,17,732.44,468.31,118.86,184.85,1,1,0.86394
84,9,949.19,411.63,74.23,95.39,1,1,0.75731
84,13,881.52,477.9,82.53,148.01,1,1,0.74674
84,1,645.75,463.65,109.39,134.83,1,1,0.71459
84,20,796.68,444.05,92.26,162.88,1,1,0.75606
84,21,1048.3,472.2,71.51,145.7,1,1,0.69415
84,7,580.5,433.96,83.71,131.23,1,1,0.8169
84,19,1120.58,521.28,104.65,170.16,1,1,0.65765
84,8,608.05,486.71,85.4,107.57,1,1,0.64491
85,2,915.08,513.77,115.34,175.56,1,1,0.84287
85,3,1167.01,440.28,95.59,194.9,1,1,0.78244
85,5,544.84,605.66,101.26,210.62,1,1,0.87991
85,6,573.69,546.23,94.52,189.18,1,1,0.75225
85,10,1020.19,399.14,63.48,93.84,1,1,0.769
85,17,718.3,469.92,126.77,183.02,1,1,0.87895
85,9,965.35,411.87,74.67,87.15,1,1,0.74277
85,13,880.76,480.85,79.37,156.14,1,1,0.8357
85,1,633.77,476.28,107.25,135.05,1,1,0.74055
85,20,792.36,443.79,95.5,167.54,1,1,0.84449
85,21,1040.23,471.63,74.5,161.61,1,1,0.81393
85,7,551.97,435.24,101.03,159.36,1,1,0.81982
85,14,961.18,473.83,96.99,145.97,1,1,0.68347
86,2,909.11,510.22,105.12,175.87,1,1,0.7978
86,3,1161.79,439.6,97.25,193.51,1,1,0.77236
86,5,542.75,604.58,102.25,211.36,1,1,0.87016
86,6,584.93,542.93,89.1,191.86,1,1,0.79795
86,10,1029.85,399.41,57.68,86.64,1,1,0.69121
86,17,711.54,472.18,128.97,181.13,1,1,0.85973
86,9,984.18,409.73,67.87,82.84,1,1,0.72851
86,13,881.43,483.26,77.23,161.9,1,1,0.80289
86,1,637.45,485.24,93.68,142.94,1,1,0.7691
86,20,782.16,444.34,100.99,167.33,1,1,0.82702
86,21,1030.37,470.1,79.09,171.65,1,1,0.85053
86,7,530.33,437.13,112.06,179.59,1,1,0.8343
86,4,1099.17,431.19,75.84,157.31,1,1,0.71827
86,19,1123.66,515.85,110.38,184.75,1,1,0.66713
87,2,902.63,507.79,102.34,176.1,1,1,0.81976
87,3,1151.81,440.24,96.86,182.42,1,1,0.69822
87,5,541.67,601.79,101.69,213.09,1,1,0.876
87,6,590.88,538.49,89.67,190.66,1,1,0.80059
87,10,1032.88,397.56,60.37,90.48,1,1,0.65246
87,17,707.37,475.35,129.86,177.47,1,1,0.84225
87,9,986.32,407.99,65.2,82.39,1,1,0.70837
87,1,650.77,490.16,79.28,145.98,1,1,0.78199
87,20,773.43,445.7,102.73,166.95,1,1,0.81178
87,21,1024.43,469.04,81.69,176.28,1,1,0.86141
87,7,516.14,440.72,114.24,184.96,1,1,0.83053
87,4,1092.03,427.55,72.58,163.84,1,1,0.78889
87,19,1124.08,513.4,115.88,184.85,1,1,0.67675
87,8,623.52,464.8,86.84,96.03,1,1,0.70957
88,2,897.84,505.52,104.03,176.6,1,1,0.81371
88,3,1140.01,439.52,75.36,176.91,1,1,0.66897
88,5,539.56,598.65,99.9,215.06,1,1,0.87459
88,6,594.49,535.61,89.92,183.55,1,1,0.80557
88,17,701.43,479.06,130.29,175.83,1,1,0.84131
88,1,665.19,493.07,73.01,151.14,1,1,0.78732
88,20,770.4,447.51,100.33,164.53,1,1,0.84442
88,21,1018.71,468.29,85.37,178.8,1,1,0.86288
88,7,505.45,445.62,114.24,184.92,1,1,0.83843
88,4,1087.38,423.61,66.24,175.82,1,1,0.78878
88,8,623.05,460.47,88.92,99.58,1,1,0.76427
89,2,888.31,506.02,110.97,176.69,1,1,0.80955
89,3,1132.28,440.71,70.99,178.09,1,1,0.74642
89,5,537.19,596.6,97.14,216.48,1,1,0.85407
89,6,597.94,534.78,89.45,181.46,1,1,0.81238
89,17,711.45,480.52,117.56,178.37,1,1,0.80707
89,1,673.86,496.53,75.19,160.36,1,1,0.81168
89,20,771.06,449.69,96.33,160.78,1,1,0.76722
89,21,1009.87,466.81,91.2,180.12,1,1,0.86196
89,7,496.16,449.17,114.81,184.3,1,1,0.82446
89,4,1087.93,427.42,60.76,176.34,1,1,0.69514
89,8,620.51,459.58,88.93,104.55,1,1,0.79504
89,22,1868.5,466.77,50.17,253.73,1,1,0.73268
89,19,1150.35,509.93,98.12,160.7,1,1,0.69297
90,2,880.66,504.4,116.03,177.88,1,1,0.82368
90,3,1128.3,440.68,66.46,182.98,1,1,0.79877
90,5,535.49,595.8,92.84,215.81,1,1,0.86907
90,6,600.4,536.05,91.24,176.52,1,1,0.82918
90,17,730.23,481.17,96.7,176.01,1,1,0.73121
90,1,675.91,499.81,86.63,166.37,1,1,0.83542
90,20,763.25,453.38,100.93,155.32,1,1,0.69576
90,21,1002.32,464.92,98.21,181.21,1,1,0.8737
90,7,491.48,452.18,116.28,181.89,1,1,0.82116
90,4,1081.49,425.39,59.32,179.79,1,1,0.69257
90,8,616.74,459.19,92.02,108.91,1,1,0.80875
90,22,1853.16,464.66,65.23,186.89,1,1,0.6966
90,19,1165.11,508.28,86.58,155.1,1,1,0.75786
91,2,870.84,502.27,123.45,179.69,1,1,0.82551
91,3,1122.63,440.2,64.11,185.3,1,1,0.80937
91,5,532.6,596.39,89.0,207.76,1,1,0.86099
91,6,600.65,538.36,97.74,179.33,1,1,0.815
91,1,680.97,503.19,102.84,170.54,1,1,0.82227
91,20,754.01,457.85,106.88,150.46,1,1,0.8138
91,21,991.72,463.01,109.86,182.42,1,1,0.88152
91,7,489.01,454.33,117.42,179.23,1,1,0.81505
91,8,611.03,459.35,95.54,114.71,1,1,0.79409
91,22,1835.99,461.99,82.39,161.32,1,1,0.74369
91,19,1169.71,508.39,86.64,157.61,1,1,0.7945
91,23,945.78,412.36,58.42,121.84,1,1,0.70909
91,15,888.31,459.36,86.6,76.12,1,1,0.69664
92,2,863.24,501.28,130.36,180.12,1,1,0.85457
92,3,1114.4,440.1,68.54,189.18,1,1,0.81887
92,5,528.9,597.22,89.18,203.31,1,1,0.86977
92,6,599.91,539.7,100.16,180.13,1,1,0.81392
92,1,684.87,502.4,118.21,177.12,1,1,0.82917
92,20,743.67,461.16,112.0,142.67,1,1,0.71265
92,21,981.74,461.68,114.53,182.16,1,1,0.8661
92,7,484.89,455.04,118.29,178.88,1,1,0.82128
92,8,604.13,459.38,100.7,112.67,1,1,0.80461
92,22,1814.46,461.35,104.01,156.03,1,1,0.83661
92,19,1172.26,508.44,91.32,161.73,1,1,0.80714
92,15,873.63,461.23,92.74,75.67,1,1,0.7269
92,9,1080.52,374.33,58.08,88.73,1,1,0.74567
92,4,1056.55,426.21,67.44,170.68,1,1,0.726
93,2,857.31,498.03,133.9,183.27,1,1,0.8599
93,3,1104.97,439.85,74.81,188.36,1,1,0.83039
93,5,524.62,598.94,91.5,199.89,1,1,0.8823
93,6,599.68,541.09,99.79,178.46,1,1,0.83012
93,1,693.82,503.79,122.11,178.0,1,1,0.83744
93,21,972.05,459.9,118.75,182.03,1,1,0.85841
93,7,474.96,455.52,125.19,176.88,1,1,0.83386
93,8,597.86,460.05,101.38,110.49,1,1,0.82474
93,22,1783.46,459.91,135.03,156.9,1,1,0.86039
93,19,1177.96,508.33,90.5,163.75,1,1,0.82869
93,15,861.83,461.27,94.64,71.13,1,1,0.6526
93,9,1087.98,369.61,63.78,85.67,1,1,0.78967
93,4,1043.28,428.4,70.71,166.68,1,1,0.77948
93,17,695.48,469.42,123.08,162.75,1,1,0.80321
93,23,925.76,421.17,59.87,139.05,1,1,0.7109
94,2,856.99,495.29,123.98,183.24,1,1,0.78789
94,3,1096.39,441.55,78.92,187.19,1,1,0.84244
94,5,519.6,602.0,93.66,194.36,1,1,0.89031
94,6,600.83,542.85,98.55,175.49,1,1,0.84349
94,1,713.31,505.12,115.58,176.98,1,1,0.85051
94,21,965.1,458.62,118.79,181.68,1,1,0.88359
94,7,462.14,453.86,132.45,177.72,1,1,0.85604
94,8,591.37,460.36,103.0,112.46,1,1,0.83349
94,22,1761.49,460.36,138.44,153.51,1,1,0.86081
94,19,1184.57,507.79,89.52,163.33,1,1,0.83555
94,9,1094.5,366.95,67.36,90.3,1,1,0.7962
94,4,1036.31,430.88,71.17,164.55,1,1,0.77132
94,17,688.93,468.66,125.41,162.2,1,1,0.85315
95,2,853.38,494.62,116.29,182.23,1,1,0.76951
95,3,1090.49,442.16,82.66,179.34,1,1,0.81698
95,5,513.55,605.88,97.66,191.88,1,1,0.85936
95,6,601.02,545.05,98.36,171.71,1,1,0.83561
95,1,735.29,507.24,103.82,174.22,1,1,0.87699
95,21,958.62,457.5,116.09,177.06,1,1,0.89053
95,7,454.71,450.99,134.21,176.93,1,1,0.83876
95,8,583.0,459.47,105.93,112.92,1,1,0.81802
95,22,1747.71,464.2,117.29,150.75,1,1,0.88109
95,19,1191.51,505.93,92.36,164.39,1,1,0.84238
95,9,1100.17,365.61,68.24,93.63,1,1,0.81235
95,4,1028.75,433.53,73.27,162.74,1,1,0.79412
95,17,684.14,472.26,121.06,159.03,1,1,0.85173
96,2,844.29,495.25,108.44,180.5,1,1,0.8197
96,3,1081.81,446.5,89.88,175.24,1,1,0.81666
96,5,506.25,609.24,103.2,190.86,1,1,0.83903
96,6,599.19,545.08,102.31,172.57,1,1,0.8216
96,1,754.75,509.89,98.11,172.5,1,1,0.84637
96,21,951.34,456.98,114.29,173.53,1,1,0.81667
96,7,450.23,449.45,132.72,174.57,1,1,0.83432
96,8,575.43,456.67,106.9,116.16,1,1,0.79282
96,22,1739.24,466.47,93.36,148.62,1,1,0.86184
96,19,1198.1,505.16,104.11,169.93,1,1,0.84357
96,9,1106.98,365.41,68.52,102.59,1,1,0.80447
96,4,1021.97,435.55,74.64,177.93,1,1,0.77689
96,17,680.24,473.03,117.46,165.85,1,1,0.83098
96,26,1152.72,416.72,68.38,134.9,1,1,0.77932
96,15,839.98,468.01,92.7,61.97,1,1,0.71021
97,2,849.52,495.41,108.51,175.38,1,1,0.81433
97,3,1066.08,450.22,107.59,177.93,1,1,0.85198
97,5,503.83,611.89,105.68,189.57,1,1,0.84943
97,6,596.79,542.83,101.53,172.72,1,1,0.83301
97,1,766.18,508.12,103.48,178.01,1,1,0.8393
97,21,945.26,455.32,104.07,170.32,1,1,0.82884
97,7,448.03,447.45,129.5,173.43,1,1,0.83652
97,8,569.32,452.42,106.31,113.7,1,1,0.79627
97,22,1726.27,466.3,83.37,148.07,1,1,0.87869
97,19,1199.45,502.61,119.28,172.49,1,1,0.86238
97,9,1115.38,365.67,68.24,114.9,1,1,0.7759
97,4,1014.32,437.54,76.93,162.62,1,1,0.71914
97,17,677.03,475.57,117.06,166.44,1,1,0.83484
97,26,1158.96,417.12,82.35,145.88,1,1,0.7699
98,2,863.09,492.03,98.49,174.59,1,1,0.8308
98,3,1060.17,453.14,116.48,177.88,1,1,0.86222
98,5,505.16,612.38,105.23,189.46,1,1,0.86944
98,6,592.54,537.89,103.33,177.62,1,1,0.83786
98,1,775.6,507.17,113.27,183.26,1,1,0.8714
98,21,941.72,454.23,96.92,170.49,1,1,0.87735
98,7,446.43,445.52,126.87,171.77,1,1,0.84349
98,8,564.15,448.82,107.04,108.73,1,1,0.8264
98,22,1704.3,463.85,88.15,150.17,1,1,0.87969
98,19,1204.71,501.25,127.26,173.26,1,1,0.87074
98,9,1126.62,366.13,66.51,131.95,1,1,0.80459
98,4,1014.42,438.33,73.06,150.39,1,1,0.79099
98,17,676.24,475.52,117.39,170.4,1,1,0.83789
98,26,1170.63,417.78,89.6,161.66,1,1,0.81331
99,2,861.37,488.89,103.58,172.34,1,1,0.67452
99,3,1059.6,453.63,120.61,177.73,1,1,0.86399
99,5,507.42,616.62,105.71,186.63,1,1,0.85264
99,6,587.67,533.25,107.88,180.96,1,1,0.8116
99,1,785.48,504.97,119.67,192.73,1,1,0.85813
99,21,936.17,454.06,97.0,170.97,1,1,0.8626
99,7,445.45,445.12,125.82,169.97,1,1,0.83341
99,8,558.53,445.41,109.41,109.36,1,1,0.81462
99,22,1679.15,461.95,98.9,152.39,1,1,0.87848
99,19,1213.38,498.16,129.8,173.87,1,1,0.85877
99,9,1138.7,365.73,65.77,155.27,1,1,0.84193
99,4,1011.39,438.32,75.7,146.14,1,1,0.77984
99,17,673.13,474.49,122.7,172.38,1,1,0.84597
99,26,1188.82,419.72,88.16,168.58,1,1,0.83715
100,3,1059.21,452.7,124.68,179.66,1,1,0.87569
100,5,509.09,619.23,105.78,184.18,1,1,0.86418
100,6,582.06,528.47,122.08,186.04,1,1,0.84347
100,1,800.73,505.16,113.33,201.25,1,1,0.84197
100,21,929.9,454.23,93.93,172.16,1,1,0.8285
100,7,442.4,443.95,124.15,170.44,1,1,0.84217
100,8,555.82,440.94,107.26,112.25,1,1,0.82088
100,22,1658.26,459.4,110.45,157.8,1,1,0.8516
100,19,1217.87,495.38,132.23,173.86,1,1,0.86548
100,9,1148.31,363.89,67.21,168.94,1,1,0.86773
100,4,1003.16,437.94,80.94,149.86,1,1,0.78941
100,17,671.27,471.77,126.1,175.15,1,1,0.83658
100,26,1200.86,420.9,97.04,168.88,1,1,0.83016
101,3,1060.15,451.66,123.55,179.92,1,1,0.86652
101,5,510.7,621.1,105.05,181.02,1,1,0.83848
101,6,573.95,525.07,113.99,185.38,1,1,0.64716
101,1,821.17,510.39,106.27,202.19,1,1,0.81656
101,21,923.28,454.14,86.97,173.16,1,1,0.84386
101,7,441.22,442.74,120.56,170.57,1,1,0.85219
101,8,550.59,437.41,106.14,114.82,1,1,0.8222
101,22,1638.11,456.93,122.05,161.83,1,1,0.83894
101,19,1219.79,492.53,132.58,169.71,1,1,0.852
101,9,1155.66,361.11,73.49,176.36,1,1,0.8405
101,4,995.71,437.31,87.66,159.99,1,1,0.79496
101,17,668.14,470.19,126.86,176.24,1,1,0.84446
101,26,1208.85,423.22,103.81,167.1,1,1,0.82997
102,3,1058.33,450.81,123.55,179.46,1,1,0.8647
102,5,512.6,620.76,108.3,181.2,1,1,0.78904
102,6,565.71,523.78,107.6,153.13,1,1,0.80384
102,1,835.78,510.9,115.27,203.04,1,1,0.8291
102,21,919.67,453.76,82.1,173.45,1,1,0.85286
102,7,442.17,440.48,116.46,172.28,1,1,0.86347
102,8,546.51,433.87,104.1,119.53,1,1,0.83201
102,22,1625.24,454.67,122.08,164.78,1,1,0.82387
102,19,1235.64,490.93,121.12,167.44,1,1,0.80676
102,9,1163.61,358.89,78.71,180.01,1,1,0.84637
102,4,992.0,436.59,93.33,162.32,1,1,0.81583
102,17,665.39,469.4,128.09,176.59,1,1,0.85723
102,26,1217.72,425.77,120.08,164.53,1,1,0.84311
102,11,792.78,503.07,84.6,153.8,1,1,0.68269
103,3,1059.92,450.78,120.9,176.41,1,1,0.85506
103,5,513.42,620.38,113.41,180.57,1,1,0.7606
103,6,559.02,522.18,106.68,142.96,1,1,0.79556
103,1,855.1,512.5,114.68,201.43,1,1,0.85289
103,21,916.82,454.23,80.51,169.39,1,1,0.85222
103,7,443.01,436.51,113.29,176.06,1,1,0.86343
103,8,541.51,430.67,100.72,124.35,1,1,0.83056
103,22,1617.36,450.2,127.41,168.59,1,1,0.86198
103,19,1247.28,488.72,113.65,169.14,1,1,0.8234
103,9,1171.52,357.01,80.56,181.05,1,1,0.83378
103,4,987.97,434.36,98.25,165.75,1,1,0.82004
103,17,663.74,468.37,130.59,176.58,1,1,0.85338
103,26,1223.98,427.33,127.79,156.99,1,1,0.82252
103,11,779.33,505.67,94.96,156.71,1,1,0.72426
104,3,1057.83,450.41,122.36,175.39,1,1,0.86383
104,5,513.34,617.87,122.79,182.52,1,1,0.79363
104,6,554.05,520.1,104.33,138.42,1,1,0.80698
104,1,867.07,517.29,124.43,195.95,1,1,0.87953
104,21,912.45,453.78,80.49,131.02,1,1,0.74898
104,7,443.11,433.19,108.71,178.4,1,1,0.87699
104,8,537.76,429.11,96.52,126.46,1,1,0.83228
104,22,1611.06,442.8,126.95,174.67,1,1,0.86041
104,19,1266.97,486.13,98.58,168.35,1,1,0.81993
104,9,1179.65,355.3,80.41,180.88,1,1,0.83536
104,4,984.73,433.0,101.17,168.31,1,1,0.85698
104,17,660.12,467.25,129.15,178.13,1,1,0.85475
104,26,1237.19,429.24,126.78,147.27,1,1,0.73571
104,11,761.64,507.53,109.42,166.44,1,1,0.8108
104,13,832.52,478.53,80.65,161.15,1,1,0.65753
105,3,1054.28,450.04,127.92,177.3,1,1,0.86743
105,5,512.47,617.13,133.25,181.47,1,1,0.80507
105,6,537.77,522.28,106.25,158.99,1,1,0.83168
105,1,881.14,519.78,139.11,195.84,1,1,0.91245
105,21,902.73,452.01,77.43,141.28,1,1,0.85775
105,7,439.65,427.62,105.38,182.88,1,1,0.86689
105,8,524.8,427.07,92.81,166.0,1,1,0.79314
105,22,1596.93,429.88,118.26,175.85,1,1,0.87658
105,19,1287.67,485.71,92.65,165.79,1,1,0.84511
105,9,1192.88,352.88,85.84,183.56,1,1,0.85373
105,4,996.31,429.19,90.65,157.17,1,1,0.82389
105,17,657.9,463.78,132.48,180.39,1,1,0.8732
105,26,1284.85,433.96,103.7,110.84,1,1,0.75777
105,11,744.23,505.86,104.31,164.13,1,1,0.77812
105,13,822.95,478.45,97.7,173.14,1,1,0.84991
106,3,1053.15,449.93,129.74,177.93,1,1,0.86852
106,5,512.28,616.99,137.23,181.02,1,1,0.80958
106,6,532.3,522.9,106.54,166.18,1,1,0.83134
106,1,886.64,520.67,144.84,195.76,1,1,0.9127
106,21,899.43,451.42,76.48,144.23,1,1,0.85753
106,7,438.71,425.67,104.19,184.47,1,1,0.86619
106,8,520.1,426.35,91.67,180.61,1,1,0.79401
106,22,1591.64,424.87,115.26,176.44,1,1,0.87674
106,19,1294.52,485.68,90.74,164.79,1,1,0.84601
106,9,1197.91,351.99,88.17,184.74,1,1,0.85478
106,4,1001.72,427.75,86.09,152.78,1,1,0.82354
106,17,657.29,462.53,133.74,181.22,1,1,0.8733
106,26,1303.64,435.42,93.76,98.7,1,1,0.75692
106,11,737.75,505.27,101.81,162.75,1,1,0.77547
106,13,819.78,478.41,103.33,177.02,1,1,0.85025
107,3,1053.84,448.37,128.81,179.2,1,1,0.87227
107,5,514.89,615.79,140.54,181.02,1,1,0.84984
107,6,521.22,526.16,108.09,167.59,1,1,0.87261
107,1,900.38,521.08,145.15,201.67,1,1,0.90493
107,21,891.0,447.32,79.36,162.43,1,1,0.83373
107,7,435.17,423.37,104.06,183.12,1,1,0.84122
107,8,513.31,426.61,93.52,190.17,1,1,0.80795
107,22,1585.88,419.47,100.02,171.32,1,1,0.86461
107,19,1297.87,482.66,101.13,167.05,1,1,0.86759
107,9,1203.96,352.03,93.55,182.02,1,1,0.85961
107,4,1005.74,426.58,83.08,149.28,1,1,0.8152
107,17,656.54,462.8,130.54,178.97,1,1,0.87623
107,26,1335.01,437.36,76.01,79.25,1,1,0.77486
107,11,731.03,507.44,99.62,163.17,1,1,0.78984
107,13,813.15,477.91,107.31,184.42,1,1,0.86222
108,3,1054.91,446.61,125.38,181.77,1,1,0.87597
108,5,522.5,617.01,148.57,178.49,1,1,0.86574
108,6,511.97,530.33,108.08,165.62,1,1,0.88062
108,1,921.4,522.07,141.86,208.71,1,1,0.87802
108,21,885.03,444.38,85.62,174.61,1,1,0.83584
108,7,429.83,421.86,104.84,174.99,1,1,0.8197
108,8,507.63,428.0,96.25,195.75,1,1,0.83464
108,22,1576.24,415.16,85.3,171.84,1,1,0.86971
108,19,1301.35,480.54,114.07,167.29,1,1,0.85372
108,9,1211.3,352.62,101.07,180.65,1,1,0.85244
108,4,1002.26,425.82,87.04,150.62,1,1,0.79582
108,17,656.12,462.79,125.9,177.71,1,1,0.84527
108,26,1356.65,437.13,70.93,117.77,1,1,0.7557
108,11,715.55,501.33,104.76,168.72,1,1,0.79861
108,13,807.62,478.31,102.69,189.03,1,1,0.86044
109,3,1062.58,443.2,115.56,186.87,1,1,0.85848
109,5,532.11,617.45,145.24,177.11,1,1,0.8853
109,6,507.7,534.13,106.14,164.54,1,1,0.89753
109,1,950.88,525.74,133.02,208.96,1,1,0.88428
109,21,882.76,442.94,87.7,179.72,1,1,0.82442
109,7,423.07,422.25,109.34,173.09,1,1,0.85762
109,8,504.99,428.42,96.46,198.02,1,1,0.84647
109,22,1560.36,413.6,80.52,173.13,1,1,0.87476
109,19,1304.24,476.81,127.57,169.55,1,1,0.86179
109,9,1214.19,353.05,110.9,179.8,1,1,0.86198
109,4,991.15,425.45,98.71,166.88,1,1,0.8578
109,17,655.16,461.25,124.13,179.57,1,1,0.83119
109,26,1376.02,434.33,69.93,115.56,1,1,0.70943
109,11,707.26,490.6,95.04,173.59,1,1,0.7265
109,13,804.49,478.85,95.89,194.62,1,1,0.851
110,3,1078.27,439.91,99.85,183.07,1,1,0.82897
110,5,547.14,616.85,146.19,176.71,1,1,0.8858
110,6,505.34,537.14,104.56,164.25,1,1,0.89054
110,1,981.66,530.19,120.45,206.25,1,1,0.87929
110,21,880.83,441.25,87.61,181.02,1,1,0.84361
110,7,419.0,422.47,111.93,172.64,1,1,0.87103
110,8,506.61,426.24,93.15,191.53,1,1,0.8086
110,22,1544.28,413.74,81.99,173.19,1,1,0.87545
110,19,1311.27,472.05,131.75,171.71,1,1,0.85287
110,9,1210.18,353.64,125.94,179.89,1,1,0.88338
110,4,986.84,425.26,106.58,174.11,1,1,0.85474
110,17,654.64,459.27,123.94,178.26,1,1,0.79959
110,26,1396.63,430.89,68.54,125.82,1,1,0.71443
110,11,697.38,488.53,92.33,166.64,1,1,0.78524
110,13,797.42,481.59,95.19,197.09,1,1,0.85371
111,3,1092.37,437.49,84.95,178.52,1,1,0.80895
111,5,564.97,616.3,133.16,178.1,1,1,0.8478
111,6,504.55,538.86,102.65,164.92,1,1,0.8648
111,1,994.8,533.52,126.5,204.28,1,1,0.86873
111,21,880.18,439.74,85.5,181.76,1,1,0.83025
111,7,417.2,422.28,113.77,171.8,1,1,0.86477
111,8,510.35,423.55,87.17,177.75,1,1,0.78549
111,22,1532.22,412.37,86.02,173.26,1,1,0.86058
111,19,1331.49,470.77,121.77,168.24,1,1,0.81375
111,9,1206.26,353.78,137.8,181.27,1,1,0.87461
111,4,983.38,426.29,113.84,177.93,1,1,0.85193
111,26,1415.97,428.77,68.21,155.09,1,1,0.7787
111,11,677.34,492.2,100.88,185.93,1,1,0.77568
111,13,790.68,484.22,97.04,196.44,1,1,0.84266
112,3,1100.84,437.27,75.6,178.15,1,1,0.78625
112,5,574.85,604.44,138.76,190.83,1,1,0.84875
112,6,504.66,540.52,101.65,163.68,1,1,0.83948
112,1,1004.73,534.46,134.65,203.22,1,1,0.88111
112,21,879.85,437.58,81.7,182.24,1,1,0.84937
112,7,418.39,421.41,114.27,172.37,1,1,0.85161
112,8,508.55,420.78,88.29,186.56,1,1,0.76041
112,22,1521.63,409.69,93.25,175.36,1,1,0.85116
112,19,1351.11,469.66,110.33,167.62,1,1,0.80594
112,9,1207.24,352.8,140.95,182.24,1,1,0.84983
112,4,981.45,426.62,118.53,180.0,1,1,0.85709
112,26,1434.13,427.24,74.72,173.64,1,1,0.82681
112,11,674.23,498.39,91.44,161.78,1,1,0.65089
112,13,788.73,487.2,94.29,194.03,1,1,0.85021
112,2,818.61,419.2,74.51,160.11,1,1,0.6528
113,3,1105.54,437.13,73.62,164.48,1,1,0.73995
113,5,580.38,607.17,143.01,187.61,1,1,0.8563
113,6,505.17,541.29,101.95,162.49,1,1,0.839
113,1,1017.0,535.79,138.91,203.52,1,1,0.88509
113,21,878.67,434.58,80.33,182.45,1,1,0.85456
113,7,421.2,418.91,113.89,174.82,1,1,0.83852
113,8,508.02,418.02,87.81,194.72,1,1,0.7986
113,22,1511.56,405.52,99.45,177.46,1,1,0.84743
113,19,1371.48,468.95,101.08,168.51,1,1,0.82578
113,9,1222.49,350.2,129.44,184.64,1,1,0.83484
113,4,981.45,427.54,125.47,181.73,1,1,0.86528
113,26,1451.71,426.91,71.34,187.29,1,1,0.80968
113,11,662.08,502.3,94.0,146.67,1,1,0.73901
113,13,783.35,488.45,96.12,192.42,1,1,0.85346
113,2,816.56,414.87,82.11,166.03,1,1,0.74665
113,20,727.15,451.82,72.7,169.52,1,1,0.73373
114,3,1111.28,436.62,73.71,142.02,1,1,0.77634
114,5,585.72,611.21,148.18,181.43,1,1,0.86872
114,6,504.51,541.63,102.1,162.56,1,1,0.83363
114,1,1031.12,538.55,141.18,203.01,1,1,0.86864
114,21,876.53,431.43,82.31,182.14,1,1,0.86021
114,7,422.72,415.07,117.05,180.51,1,1,0.84571
114,8,506.96,415.41,88.91,197.06,1,1,0.81833
114,22,1490.36,394.94,113.24,183.92,1,1,0.83968
114,19,1388.94,468.14,97.57,170.83,1,1,0.82705
114,9,1230.35,347.53,122.72,187.71,1,1,0.84583
114,4,980.63,427.41,135.79,182.48,1,1,0.88145
114,26,1469.29,430.59,70.85,191.46,1,1,0.79878
114,11,647.07,506.11,102.21,136.99,1,1,0.77419
114,13,777.91,489.12,98.15,189.84,1,1,0.85137
114,2,814.31,411.81,85.92,170.7,1,1,0.81422
114,20,726.07,454.24,69.85,165.28,1,1,0.73363
115,3,1120.98,436.77,71.53,139.56,1,1,0.78027
115,5,592.27,615.07,148.87,178.05,1,1,0.88612
115,6,504.16,541.66,101.72,162.52,1,1,0.88681
115,1,1053.62,541.4,135.22,202.29,1,1,0.84558
115,21,874.64,428.73,86.02,183.5,1,1,0.86829
115,7,426.0,411.71,115.12,183.24,1,1,0.86808
115,8,508.71,413.73,85.89,193.02,1,1,0.84261
115,22,1475.49,383.44,90.93,113.56,1,1,0.75002
115,19,1402.2,467.88,98.37,170.1,1,1,0.83717
115,9,1242.41,344.89,110.23,188.39,1,1,0.85998
115,4,980.91,426.89,141.9,181.35,1,1,0.88836
115,26,1480.46,435.17,98.17,190.74,1,1,0.81309
115,11,636.15,508.12,103.24,138.07,1,1,0.79399
115,13,774.66,488.21,98.55,187.97,1,1,0.8693
115,2,810.92,409.6,82.68,171.12,1,1,0.82254
115,20,721.62,456.03,70.82,165.34,1,1,0.78987
116,3,1128.08,436.31,72.39,165.8,1,1,0.8176
116,5,602.87,616.58,144.76,179.6,1,1,0.89636
116,6,503.31,541.27,104.31,162.84,1,1,0.88881
116,21,871.92,427.13,88.77,185.6,1,1,0.8531
116,7,429.37,408.06,111.0,182.12,1,1,0.86438
116,8,509.96,411.64,83.21,191.24,1,1,0.8477
116,22,1464.87,363.58,73.42,101.31,1,1,0.7675
116,19,1415.6,467.4,97.45,171.79,1,1,0.82406
116,9,1255.14,341.33,103.2,190.6,1,1,0.8627
116,4,982.36,424.51,145.47,180.82,1,1,0.89783
116,26,1489.37,433.96,99.0,193.01,1,1,0.80933
116,11,626.91,508.75,104.85,144.11,1,1,0.82537
116,13,770.54,488.59,97.53,185.9,1,1,0.87481
116,2,808.95,409.51,74.27,163.92,1,1,0.80334
116,20,716.49,457.36,70.15,162.75,1,1,0.76562
117,3,1132.51,434.36,75.67,175.77,1,1,0.85389
117,5,623.17,619.8,129.22,180.02,1,1,0.88771
117,6,503.13,539.52,107.83,164.11,1,1,0.88844
117,21,869.91,425.94,92.83,187.32,1,1,0.85439
117,7,436.75,405.02,102.47,171.5,1,1,0.8342
117,8,509.46,409.62,83.97,191.24,1,1,0.83884
117,22,1452.76,348.7,68.91,129.93,1,1,0.7934
117,19,1429.71,467.29,97.88,172.15,1,1,0.83106
117,9,1275.34,339.12,88.53,189.0,1,1,0.84286
117,4,986.11,422.6,146.07,180.55,1,1,0.89614
117,26,1507.33,433.03,94.02,185.62,1,1,0.83814
117,11,621.68,509.27,103.26,145.52,1,1,0.84332
117,13,767.79,488.8,94.09,186.14,1,1,0.85628
117,2,806.04,411.92,72.37,142.71,1,1,0.79224
117,20,707.98,477.59,74.61,147.91,1,1,0.70027
118,3,1135.14,433.82,81.91,179.41,1,1,0.84419
118,5,645.37,624.2,115.32,179.13,1,1,0.8846
118,6,505.2,537.85,109.34,164.79,1,1,0.87485
118,21,867.0,426.28,98.0,185.35,1,1,0.86201
118,7,438.74,402.45,99.18,166.2,1,1,0.80483
118,8,509.38,408.41,81.92,188.95,1,1,0.8294
118,22,1441.99,337.8,63.84,148.93,1,1,0.80536
118,19,1456.25,464.39,89.7,173.83,1,1,0.84172
118,9,1283.7,338.83,86.09,188.95,1,1,0.84322
118,4,988.81,420.75,149.04,181.2,1,1,0.90097
118,26,1528.28,431.85,91.79,189.12,1,1,0.85133
118,11,618.36,509.57,100.5,148.93,1,1,0.85961
118,13,765.43,488.92,90.95,186.91,1,1,0.83174
118,2,803.38,413.92,70.4,137.06,1,1,0.77822
118,20,694.74,490.6,91.66,145.82,1,1,0.78882
118,15,710.67,458.91,54.52,88.72,1,1,0.73662
119,3,1139.46,432.89,83.33,180.61,1,1,0.83224
119,5,652.7,627.61,116.18,176.02,1,1,0.87068
119,6,510.21,536.07,106.64,166.75,1,1,0.86456
119,21,863.34,426.1,101.19,184.39,1,1,0.87335
119,7,438.58,402.59,98.27,162.83,1,1,0.83383
119,8,508.02,407.93,81.34,186.9,1,1,0.83613
119,22,1427.47,331.33,67.69,177.2,1,1,0.83164
119,19,1474.66,464.14,88.1,175.31,1,1,0.83842
119,9,1285.26,338.51,85.73,189.29,1,1,0.83511
119,4,988.98,420.94,153.78,181.52,1,1,0.90693
119,26,1545.07,430.65,90.02,193.38,1,1,0.83406
119,11,615.33,507.73,98.46,152.17,1,1,0.85234
119,13,761.25,487.52,91.18,189.76,1,1,0.82572
119,2,798.92,414.83,70.87,137.66,1,1,0.78236
119,20,689.57,495.24,97.68,145.18,1,1,0.75916
119,15,706.4,460.16,56.6,91.82,1,1,0.6615
120,3,1138.14,431.45,92.55,183.06,1,1,0.85297
120,5,657.04,631.39,120.79,167.23,1,1,0.87962
120,6,513.54,534.98,104.7,168.89,1,1,0.87938
120,21,857.9,424.93,103.58,184.52,1,1,0.88136
120,7,434.65,407.27,99.95,158.32,1,1,0.83029
120,8,505.56,406.26,81.4,186.28,1,1,0.85695
120,22,1411.79,331.11,72.32,181.28,1,1,0.85383
120,19,1477.99,464.77,96.77,174.29,1,1,0.85403
120,9,1287.77,338.56,86.2,191.18,1,1,0.8328
120,4,991.07,421.22,156.6,180.86,1,1,0.91311
120,26,1554.87,429.93,109.22,199.78,1,1,0.82258
120,11,611.26,504.39,97.02,153.23,1,1,0.85445
120,13,756.95,488.39,87.7,188.64,1,1,0.84058
120,2,792.02,414.87,70.8,133.45,1,1,0.68059
120,20,686.21,499.42,98.78,148.21,1,1,0.68378
120,1,1216.09,552.13,84.02,199.49,1,1,0.84167
121,3,1133.91,429.43,103.44,180.78,1,1,0.84076
121,5,658.8,630.52,128.4,161.95,1,1,0.86013
121,6,515.08,535.44,106.32,169.62,1,1,0.83342
121,21,847.38,423.8,106.69,184.85,1,1,0.88576
121,7,429.7,411.89,101.47,150.57,1,1,0.82679
121,8,497.91,403.73,83.49,186.17,1,1,0.85534
121,22,1391.14,326.43,74.19,185.78,1,1,0.83443
121,19,1474.13,464.8,114.89,175.01,1,1,0.84406
121,9,1284.43,339.09,85.8,191.51,1,1,0.81456
121,4,995.0,423.28,154.86,176.35,1,1,0.9008
121,26,1563.13,430.35,112.23,203.29,1,1,0.81106
121,11,607.86,501.66,91.99,147.66,1,1,0.81555
121,13,749.98,490.95,84.13,184.63,1,1,0.8128
121,2,781.58,416.0,70.78,112.37,1,1,0.67987
121,1,1224.89,553.5,88.82,204.38,1,1,0.84673
122,3,1129.06,427.89,110.44,175.49,1,1,0.84237
122,5,658.78,631.03,135.92,161.67,1,1,0.85058
122,6,511.07,537.56,107.62,167.55,1,1,0.8004
122,21,835.07,422.54,109.16,185.83,1,1,0.8834
122,7,422.11,410.46,106.26,150.5,1,1,0.78147
122,8,488.46,402.43,84.63,186.6,1,1,0.82749
122,22,1368.21,320.92,76.0,189.92,1,1,0.83139
122,19,1468.58,465.2,127.04,173.0,1,1,0.86049
122,9,1280.2,341.03,84.6,191.79,1,1,0.79348
122,4,1001.71,426.25,147.79,171.13,1,1,0.90114
122,26,1572.62,431.86,110.72,202.85,1,1,0.81471
122,11,605.06,497.73,84.59,145.96,1,1,0.78618
122,13,737.16,493.99,84.63,173.86,1,1,0.7117
122,2,768.54,416.07,70.45,97.62,1,1,0.71824
122,1,1225.17,555.71,98.85,209.5,1,1,0.85381
123,3,1125.58,424.78,120.16,171.9,1,1,0.86763
123,5,657.72,632.41,141.17,171.33,1,1,0.83176
123,6,504.6,539.93,111.43,166.75,1,1,0.8088
123,21,821.69,421.59,112.94,187.04,1,1,0.88214
123,7,415.88,403.02,119.19,155.12,1,1,0.76276
123,8,479.74,400.77,87.75,187.06,1,1,0.80867
123,22,1335.19,317.1,85.7,191.76,1,1,0.84698
123,19,1467.46,465.04,134.45,168.59,1,1,0.85966
123,9,1275.97,346.91,83.82,188.62,1,1,0.80249
123,4,1010.44,428.36,138.46,169.09,1,1,0.90123
123,26,1577.51,431.35,109.71,202.44,1,1,0.84724
123,11,599.39,494.93,83.24,143.15,1,1,0.74671
123,13,719.82,499.24,88.53,160.3,1,1,0.81244
123,2,757.06,415.97,69.97,97.14,1,1,0.77685
123,1,1219.71,558.53,112.7,212.42,1,1,0.87771
123,20,658.64,477.45,80.48,148.37,1,1,0.669
124,3,1127.06,423.44,123.85,168.15,1,1,0.86795
124,5,693.89,633.79,112.04,175.11,1,1,0.80486
124,6,496.84,543.91,118.94,161.74,1,1,0.815
124,21,811.69,421.25,113.56,185.54,1,1,0.86926
124,8,472.13,398.89,89.38,187.78,1,1,0.80148
124,22,1317.19,314.14,76.69,191.98,1,1,0.79309
124,19,1470.25,466.05,140.7,162.83,1,1,0.88323
124,9,1274.6,350.96,78.06,184.36,1,1,0.78354
124,4,1018.82,430.32,131.22,165.43,1,1,0.89883
124,26,1584.12,430.14,106.59,198.49,1,1,0.84008
124,13,711.07,503.68,87.78,156.15,1,1,0.79471
124,2,747.17,415.92,68.85,92.61,1,1,0.76543
124,1,1227.67,562.07,116.69,211.57,1,1,0.81396
124,20,659.08,474.11,76.66,138.01,1,1,0.72588
125,3,1123.19,422.83,130.76,167.64,1,1,0.88581
125,5,707.75,636.0,109.05,174.47,1,1,0.83045
125,6,492.03,544.39,126.63,159.01,1,1,0.82104
125,21,801.36,421.03,112.42,182.87,1,1,0.8582
125,8,453.48,396.04,105.72,189.04,1,1,0.79953
125,19,1479.52,467.26,142.5,158.74,1,1,0.8744
125,9,1271.55,351.89,78.78,183.71,1,1,0.80173
125,4,1018.34,430.84,132.62,164.13,1,1,0.89686
125,26,1593.39,429.06,101.47,196.54,1,1,0.83799
125,13,702.27,497.42,99.77,165.44,1,1,0.80274
125,2,737.5,415.25,68.92,95.86,1,1,0.77134
125,1,1249.08,564.5,111.55,209.14,1,1,0.84578
125,20,652.37,474.72,79.53,131.86,1,1,0.70187
126,3,1123.51,420.83,129.57,170.83,1,1,0.87714
126,5,713.58,638.33,116.0,173.35,1,1,0.85669
126,6,490.2,544.18,129.53,158.63,1,1,0.815
126,21,791.63,421.01,109.96,179.54,1,1,0.84856
126,8,444.68,394.41,116.4,191.08,1,1,0.84397
126,19,1494.3,467.69,140.66,157.03,1,1,0.86935
126,4,1015.25,430.63,136.54,164.47,1,1,0.89732
126,26,1602.37,428.63,101.07,195.5,1,1,0.82246
126,13,694.18,500.49,97.37,169.12,1,1,0.79139
126,2,728.58,415.99,68.3,98.47,1,1,0.76914
126,1,1256.35,565.98,120.66,207.99,1,1,0.83227
126,22,1262.09,317.61,82.91,206.86,1,1,0.84604
127,3,1126.82,420.93,121.38,173.2,1,1,0.86737
127,5,712.17,639.57,132.32,171.35,1,1,0.88189
127,6,489.74,538.81,138.16,163.53,1,1,0.81934
127,21,780.47,420.36,105.85,175.55,1,1,0.84463
127,8,452.23,393.15,112.22,191.75,1,1,0.85836
127,19,1514.03,467.64,130.95,156.18,1,1,0.84562
127,4,1011.92,430.1,141.43,166.05,1,1,0.89416
127,26,1608.2,428.43,108.89,195.78,1,1,0.79863
127,13,685.9,500.28,98.67,171.54,1,1,0.78043
127,2,720.2,416.72,68.36,102.97,1,1,0.75997
127,1,1257.46,566.73,137.68,209.74,1,1,0.82922
127,22,1237.68,326.56,94.42,200.23,1,1,0.82333
128,3,1128.87,420.71,114.08,173.01,1,1,0.85301
128,5,712.06,639.33,143.74,166.9,1,1,0.88295
128,6,491.75,540.74,138.12,163.11,1,1,0.81475
128,21,771.03,418.49,99.62,172.38,1,1,0.84629
128,8,454.64,391.17,113.75,192.82,1,1,0.8675
128,19,1524.38,466.09,127.66,156.76,1,1,0.85722
128,4,1009.27,429.82,146.14,165.35,1,1,0.90241
128,26,1615.01,429.49,112.22,194.82,1,1,0.77775
128,13,678.89,499.97,89.57,173.29,1,1,0.76677
128,2,713.44,417.49,66.88,101.98,1,1,0.77405
128,1,1261.36,567.12,149.58,208.5,1,1,0.86628
128,22,1239.14,336.35,80.43,190.88,1,1,0.79779
129,3,1137.25,419.39,103.29,172.36,1,1,0.83875
129,5,716.16,636.2,149.54,164.19,1,1,0.88838
129,6,499.09,547.31,128.04,161.63,1,1,0.80221
129,21,761.67,417.82,97.68,166.94,1,1,0.84717
129,8,453.75,389.04,117.3,192.95,1,1,0.87104
129,19,1526.19,464.21,131.48,159.6,1,1,0.84218
129,4,1005.16,428.71,154.42,165.29,1,1,0.90758
129,26,1617.12,432.09,114.8,195.23,1,1,0.80448
129,13,671.29,499.27,83.18,176.04,1,1,0.79931
129,2,706.34,416.72,66.71,97.75,1,1,0.74622
129,1,1267.91,566.79,164.53,209.55,1,1,0.87982
129,22,1239.5,337.52,74.16,186.39,1,1,0.81662
129,28,743.43,475.74,88.44,160.79,1,1,0.81909
129,29,1197.95,330.38,71.77,150.17,1,1,0.74578
129,11,554.2,490.06,95.09,128.94,1,1,0.72359
130,3,1140.07,417.85,100.87,168.71,1,1,0.81123
130,5,727.37,631.99,145.23,170.18,1,1,0.90357
130,6,528.18,544.86,103.74,163.29,1,1,0.8427
130,21,745.45,418.12,93.49,119.07,1,1,0.69868
130,8,456.17,387.04,115.73,184.74,1,1,0.86761
130,19,1525.75,464.36,140.87,160.66,1,1,0.88729
130,4,1007.44,428.07,153.51,164.11,1,1,0.9058
130,26,1633.17,436.28,96.76,192.13,1,1,0.86713
130,13,663.43,498.07,82.53,178.22,1,1,0.8234
130,2,693.57,414.09,64.52,97.65,1,1,0.76941
130,1,1289.37,569.3,154.97,211.19,1,1,0.89057
130,22,1238.38,337.71,69.86,181.7,1,1,0.85024
130,28,749.21,475.93,91.62,161.82,1,1,0.86737
130,29,1163.07,342.17,86.88,143.37,1,1,0.7173
131,3,1143.85,418.05,100.02,167.4,1,1,0.81133
131,5,734.69,631.18,143.37,172.4,1,1,0.90345
131,6,542.33,544.58,94.34,164.01,1,1,0.84305
131,21,742.76,419.27,92.44,100.38,1,1,0.70269
131,8,460.43,387.13,115.02,181.55,1,1,0.86724
131,19,1528.5,465.22,144.4,161.12,1,1,0.88744
131,4,1011.53,428.6,153.05,163.66,1,1,0.90581
131,26,1641.77,438.64,89.08,190.94,1,1,0.8674
131,13,663.72,498.34,82.47,179.07,1,1,0.82263
131,2,692.11,414.01,63.89,97.86,1,1,0.76949
131,1,1301.03,570.99,150.38,211.72,1,1,0.89043
131,22,1241.45,338.57,68.39,180.03,1,1,0.85049
131,28,754.29,476.67,92.79,162.19,1,1,0.86663
131,29,1153.73,347.02,92.17,141.35,1,1,0.71987
132,3,1145.5,415.04,99.68,166.81,1,1,0.83269
132,5,768.19,632.49,117.27,172.0,1,1,0.83268
132,6,543.12,548.01,96.98,158.77,1,1,0.87282
132,21,736.25,419.09,77.92,114.49,1,1,0.69508
132,8,464.27,387.9,109.86,176.71,1,1,0.86603
132,19,1536.19,464.67,144.4,158.42,1,1,0.88194
132,4,1020.16,428.16,146.24,159.75,1,1,0.90081
132,26,1650.32,439.58,91.51,187.7,1,1,0.87185
132,13,660.2,498.15,80.62,177.2,1,1,0.85251
132,2,688.92,412.99,58.81,100.65,1,1,0.73721
132,1,1322.36,572.94,130.27,208.59,1,1,0.90121
132,22,1243.57,339.98,64.63,175.34,1,1,0.86076
132,28,755.13,476.78,98.43,162.04,1,1,0.89129
132,29,1139.38,354.8,89.52,109.38,1,1,0.65661
133,3,1156.85,415.5,89.85,157.17,1,1,0.86591
133,5,790.09,633.53,108.92,168.2,1,1,0.89845
133,6,545.16,548.36,102.97,155.41,1,1,0.87827
133,21,720.17,422.03,71.79,116.28,1,1,0.69919
133,8,466.62,386.14,106.49,173.78,1,1,0.86439
133,19,1565.16,463.61,120.88,154.31,1,1,0.87911
133,4,1034.18,425.77,127.33,162.71,1,1,0.88004
133,26,1650.03,439.82,97.15,185.6,1,1,0.88379
133,13,649.86,494.54,75.83,175.96,1,1,0.81849
133,1,1359.14,573.91,108.22,205.59,1,1,0.86837
133,22,1236.9,340.21,66.85,171.58,1,1,0.86403
133,28,747.32,476.62,115.44,159.75,1,1,0.89014
133,29,1101.5,355.43,88.98,95.28,1,1,0.81233
133,30,892.63,-0.55,31.55,24.31,1,1,0.81878
133,31,554.73,383.08,58.32,115.06,1,1,0.78947
133,11,542.22,480.94,95.2,146.93,1,1,0.82588
134,3,1163.84,416.84,86.07,153.55,1,1,0.86531
134,5,799.47,635.01,106.27,166.78,1,1,0.89809
134,6,548.62,549.42,105.22,154.28,1,1,0.87797
134,21,717.71,424.2,69.97,117.99,1,1,0.702
134,8,470.46,386.54,105.15,172.82,1,1,0.86441
134,19,1579.05,464.3,111.0,152.78,1,1,0.87892
134,4,1042.2,425.95,120.07,163.87,1,1,0.87974
134,26,1652.53,440.93,99.37,184.82,1,1,0.88354
134,13,649.14,494.24,74.07,175.5,1,1,0.81746
134,1,1373.88,575.28,100.29,204.52,1,1,0.86776
134,22,1237.48,341.31,67.54,170.35,1,1,0.86378
134,28,747.34,477.51,121.66,158.96,1,1,0.88985
134,29,1091.37,356.14,88.55,92.29,1,1,0.81126
134,30,891.87,-0.17,32.05,25.46,1,1,0.81765
134,31,557.25,383.45,59.32,113.69,1,1,0.79095
134,11,543.66,480.63,95.05,148.93,1,1,0.82627
135,3,1167.35,417.51,82.27,150.3,1,1,0.86971
135,5,797.52,634.2,115.7,165.38,1,1,0.90119
135,6,549.34,547.25,107.06,157.72,1,1,0.87904
135,21,709.76,426.56,71.0,131.35,1,1,0.80064
135,8,472.94,383.99,99.89,173.5,1,1,0.86681
135,19,1579.25,464.8,111.96,148.17,1,1,0.86381
135,4,1050.62,422.41,108.75,167.32,1,1,0.85894
135,26,1652.03,441.19,105.59,181.59,1,1,0.86977
135,13,644.84,492.49,72.55,175.43,1,1,0.81907
135,1,1373.55,574.97,111.18,202.78,1,1,0.88051
135,22,1234.51,340.11,66.41,168.17,1,1,0.85151
135,28,742.83,477.05,127.31,158.77,1,1,0.89802
135,29,1064.81,358.14,91.36,125.47,1,1,0.787
135,30,883.44,-0.4,33.93,29.64,1,1,0.83109
135,31,556.9,383.05,63.44,115.82,1,1,0.79504
135,11,537.98,479.43,96.4,150.59,1,1,0.83035
136,3,1160.91,417.91,89.58,149.48,1,1,0.88484
136,5,796.31,633.94,123.64,162.12,1,1,0.92097
136,6,554.04,546.01,105.04,161.08,1,1,0.86762
136,21,699.99,428.47,74.55,139.69,1,1,0.73359
136,8,475.6,380.56,96.49,174.6,1,1,0.88324
136,19,1577.57,465.27,117.49,142.67,1,1,0.8772
136,4,1057.29,417.52,102.19,172.28,1,1,0.86694
136,26,1654.54,442.99,114.45,181.12,1,1,0.87133
136,13,640.65,488.8,71.12,177.35,1,1,0.83074
136,1,1371.71,574.43,122.99,201.46,1,1,0.89194
136,22,1232.62,339.03,65.76,163.61,1,1,0.85529
136,28,740.15,477.39,129.01,157.58,1,1,0.91602
136,29,1041.43,360.88,92.14,140.58,1,1,0.86597
136,30,874.8,-0.39,34.97,34.54,1,1,0.73202
136,31,559.84,382.18,65.04,117.94,1,1,0.80855
136,11,529.88,478.04,100.26,152.73,1,1,0.88565
137,3,1154.15,417.86,100.31,147.67,1,1,0.87955
137,5,796.8,633.98,131.76,157.53,1,1,0.91785
137,6,556.47,546.89,102.31,162.25,1,1,0.86961
137,8,480.0,378.38,92.43,174.94,1,1,0.88792
137,19,1577.73,465.76,121.4,138.76,1,1,0.87949
137,4,1059.43,415.02,97.56,174.04,1,1,0.88316
137,26,1661.9,445.15,112.8,182.11,1,1,0.85626
137,13,635.37,484.92,70.44,176.68,1,1,0.84228
137,1,1372.28,574.8,143.95,197.64,1,1,0.91669
137,22,1230.43,338.03,65.57,162.02,1,1,0.8338
137,28,739.87,477.66,129.56,154.19,1,1,0.91564
137,29,1020.41,366.76,88.13,144.93,1,1,0.87689
137,30,868.21,-0.41,35.18,38.94,1,1,0.7531
137,31,564.87,383.04,65.3,115.72,1,1,0.81757
137,11,523.83,475.7,103.32,154.55,1,1,0.89755
138,3,1151.12,417.72,109.95,148.52,1,1,0.87419
138,5,797.76,633.78,138.27,163.91,1,1,0.89531
138,6,560.22,550.09,102.84,160.44,1,1,0.84633
138,8,482.06,374.99,92.17,177.07,1,1,0.8733
138,19,1580.05,466.24,123.53,140.93,1,1,0.86946
138,4,1053.52,411.65,97.99,178.26,1,1,0.88913
138,26,1669.55,447.88,103.49,182.71,1,1,0.83441
138,13,629.25,482.73,71.98,169.24,1,1,0.81616
138,1,1375.42,574.66,158.94,200.73,1,1,0.89579
138,22,1223.4,337.89,66.21,160.51,1,1,0.82498
138,28,740.63,477.95,131.91,154.53,1,1,0.896
138,29,1002.18,368.12,81.05,147.35,1,1,0.85622
138,30,862.58,-0.4,34.05,44.21,1,1,0.65596
138,31,569.28,382.7,66.48,112.89,1,1,0.81278
138,11,517.64,474.27,109.88,155.04,1,1,0.87118
138,21,679.86,431.61,80.73,144.3,1,1,0.80183
139,3,1147.54,417.99,114.18,141.95,1,1,0.85152
139,5,826.03,633.55,121.41,164.25,1,1,0.87827
139,6,574.31,551.24,87.72,155.08,1,1,0.85532
139,8,480.63,370.17,90.88,177.38,1,1,0.89144
139,19,1601.91,466.31,100.41,144.36,1,1,0.84949
139,4,1036.51,407.35,108.97,180.1,1,1,0.89401
139,26,1676.59,451.91,82.17,174.87,1,1,0.83721
139,13,616.43,480.6,76.27,159.1,1,1,0.78203
139,1,1397.66,576.07,131.26,195.89,1,1,0.89006
139,22,1211.67,336.74,60.66,138.15,1,1,0.77853
139,28,754.12,478.99,111.7,151.65,1,1,0.90016
139,29,968.18,365.97,69.71,147.85,1,1,0.88411
139,30,847.78,-0.3,34.35,50.66,1,1,0.73004
139,31,573.58,381.29,66.91,105.71,1,1,0.82707
139,11,506.46,471.6,115.23,154.3,1,1,0.88962
140,3,1152.14,419.63,115.84,139.52,1,1,0.85064
140,5,843.02,634.92,114.57,164.56,1,1,0.87616
140,6,585.02,553.23,81.8,153.03,1,1,0.85408
140,8,485.37,369.97,90.74,177.79,1,1,0.88832
140,19,1615.84,467.77,90.95,145.75,1,1,0.84874
140,4,1035.75,407.2,112.99,180.96,1,1,0.89263
140,26,1683.92,454.82,74.15,172.02,1,1,0.83565
140,13,617.28,481.34,77.96,155.43,1,1,0.7832
140,1,1412.69,578.0,118.32,194.33,1,1,0.88848
140,22,1213.17,337.71,58.52,130.0,1,1,0.77863
140,28,765.56,480.78,103.08,150.78,1,1,0.89802
140,29,962.55,366.26,65.76,148.25,1,1,0.87986
140,30,848.0,1.41,34.5,53.38,1,1,0.72052
140,31,580.69,382.15,67.01,103.15,1,1,0.82556
140,11,508.11,472.12,117.34,154.0,1,1,0.88652
141,3,1152.31,420.75,113.31,136.69,1,1,0.81718
141,5,856.78,635.69,106.1,164.08,1,1,0.87351
141,6,584.03,553.4,82.63,151.6,1,1,0.86139
141,8,486.72,369.54,87.46,174.11,1,1,0.87505
141,19,1612.88,468.21,90.03,144.99,1,1,0.86178
141,4,1025.6,405.4,120.94,183.63,1,1,0.89307
141,26,1680.1,455.3,74.17,170.29,1,1,0.85972
141,1,1429.71,578.2,99.46,192.94,1,1,0.87143
141,22,1206.83,337.3,58.39,123.31,1,1,0.81212
141,28,777.22,479.64,91.82,150.79,1,1,0.8707
141,29,940.62,364.63,65.09,149.51,1,1,0.86793
141,30,841.7,1.77,34.11,56.85,1,1,0.80952
141,31,585.87,381.66,64.42,95.17,1,1,0.79197
141,11,509.89,474.17,111.98,146.3,1,1,0.86604
141,21,652.68,456.36,83.11,166.71,1,1,0.75865
142,3,1159.66,421.61,98.81,133.34,1,1,0.82772
142,5,845.41,632.6,122.93,162.39,1,1,0.87386
142,6,570.81,551.72,94.42,152.49,1,1,0.86868
142,8,490.67,370.36,71.1,162.93,1,1,0.86874
142,19,1592.6,466.27,102.85,146.34,1,1,0.85786
142,4,1008.01,404.7,119.87,181.41,1,1,0.88209
142,26,1664.65,454.6,83.87,164.52,1,1,0.84132
142,1,1436.15,579.59,99.21,187.32,1,1,0.84834
142,22,1186.18,336.14,64.37,135.55,1,1,0.76777
142,28,780.7,477.42,86.83,153.67,1,1,0.84936
142,29,901.22,360.25,65.75,147.93,1,1,0.85815
142,30,823.9,-0.11,36.01,63.1,1,1,0.82251
142,31,599.54,377.72,58.36,80.94,1,1,0.64093
142,11,515.55,475.64,93.35,141.88,1,1,0.77231
142,21,645.04,459.63,87.88,156.46,1,1,0.7424
142,13,579.16,473.92,81.29,158.93,1,1,0.75737
143,3,1173.55,422.21,87.93,131.75,1,1,0.83561
143,5,849.19,631.39,126.68,161.61,1,1,0.87025
143,6,569.63,551.75,101.87,156.12,1,1,0.88413
143,8,497.86,373.17,62.54,158.0,1,1,0.85713
143,19,1588.74,465.47,108.36,140.51,1,1,0.87697
143,4,1004.62,404.76,115.4,180.11,1,1,0.88569
143,26,1656.74,456.41,102.95,156.89,1,1,0.8578
143,1,1437.29,582.36,115.65,184.07,1,1,0.88353
143,22,1180.55,334.89,63.88,144.4,1,1,0.77824
143,28,783.18,476.36,83.61,155.93,1,1,0.86734
143,29,879.15,358.22,66.15,141.18,1,1,0.85117
143,30,819.5,0.04,36.78,68.04,1,1,0.70602
143,11,522.65,478.96,82.13,138.35,1,1,0.73408
143,21,645.27,460.23,90.35,154.54,1,1,0.81224
143,13,568.19,472.75,82.18,160.17,1,1,0.80363
144,3,1180.43,422.93,84.03,131.26,1,1,0.83514
144,5,852.6,631.45,128.21,161.42,1,1,0.87013
144,6,571.42,552.28,104.88,157.52,1,1,0.88367
144,8,501.73,374.71,60.03,156.34,1,1,0.85642
144,19,1589.3,465.66,110.63,138.34,1,1,0.87683
144,4,1005.59,405.33,113.78,179.66,1,1,0.88561
144,26,1656.24,457.48,110.3,154.22,1,1,0.85749
144,1,1440.23,583.8,121.4,183.01,1,1,0.88324
144,22,1181.02,334.95,63.54,147.95,1,1,0.77751
144,28,785.77,476.45,82.69,156.94,1,1,0.86657
144,29,874.04,357.85,66.42,138.54,1,1,0.8502
144,30,820.36,0.72,37.06,70.03,1,1,0.70499
144,11,527.02,480.73,78.5,137.06,1,1,0.73392
144,21,647.96,460.91,91.37,153.85,1,1,0.81316
144,13,566.57,472.9,82.58,160.68,1,1,0.80325
144,32,-0.0,640.75,24.35,173.25,1,1,0.78512
144,33,616.19,427.29,59.98,102.97,1,1,0.73625
145,3,1179.29,422.07,84.83,130.81,1,1,0.84389
145,5,852.18,631.36,123.2,147.9,1,1,0.85794
145,6,569.59,550.12,105.57,160.61,1,1,0.87872
145,8,496.13,375.98,63.06,155.85,1,1,0.84529
145,19,1587.87,465.26,111.49,132.33,1,1,0.8608
145,4,1002.3,403.98,112.05,180.77,1,1,0.88908
145,26,1660.58,458.67,110.16,152.43,1,1,0.84184
145,1,1440.6,584.45,135.37,179.75,1,1,0.89411
145,22,1169.79,333.66,66.99,154.96,1,1,0.82712
145,28,783.46,476.28,92.12,153.73,1,1,0.86982
145,29,856.16,355.52,67.72,136.04,1,1,0.84566
145,30,816.49,0.25,36.08,72.87,1,1,0.65972
145,11,521.97,476.7,79.82,138.52,1,1,0.67369
145,21,645.68,459.56,91.22,157.08,1,1,0.8229
145,13,559.02,472.14,84.02,161.88,1,1,0.81272
145,32,-1.31,653.68,27.38,157.14,1,1,0.76009
145,20,518.88,467.58,79.74,105.27,1,1,0.70942
146,3,1163.55,418.03,96.15,129.88,1,1,0.86032
146,6,568.11,550.45,102.84,159.03,1,1,0.86839
146,8,480.87,374.04,71.83,153.79,1,1,0.8434
146,19,1599.33,462.35,95.16,127.97,1,1,0.83377
146,4,999.27,399.18,102.92,181.24,1,1,0.87816
146,26,1649.71,463.34,106.47,148.87,1,1,0.82379
146,1,1449.16,585.76,130.64,176.51,1,1,0.89639
146,22,1148.7,330.52,70.6,156.39,1,1,0.85665
146,28,776.09,475.54,93.46,154.77,1,1,0.85475
146,29,822.01,353.55,66.48,133.09,1,1,0.83125
146,21,633.3,457.11,90.06,160.83,1,1,0.83246
146,13,537.28,469.93,90.66,160.45,1,1,0.83343
146,34,1824.94,742.71,78.52,182.95,1,1,0.81617
146,20,502.09,435.96,84.6,132.62,1,1,0.81131
146,31,618.62,379.37,56.56,107.42,1,1,0.73296
147,3,1164.63,417.98,100.22,129.66,1,1,0.85962
147,6,574.65,552.13,101.62,158.38,1,1,0.86783
147,8,482.16,374.87,75.09,153.09,1,1,0.8447
147,19,1610.78,462.77,88.53,126.38,1,1,0.8344
147,4,1005.08,398.89,99.24,181.53,1,1,0.87908
147,26,1652.6,466.48,104.87,147.65,1,1,0.82426
147,1,1459.81,587.66,128.37,175.43,1,1,0.89573
147,22,1147.97,330.82,72.0,156.94,1,1,0.8559
147,28,780.27,476.81,93.98,155.15,1,1,0.85495
147,29,817.03,354.31,65.96,131.91,1,1,0.83021
147,21,635.93,457.61,89.52,162.3,1,1,0.83075
147,13,536.25,470.67,93.18,159.91,1,1,0.83182
147,34,1819.99,743.86,84.04,183.28,1,1,0.81577
147,20,502.86,429.17,86.0,139.24,1,1,0.81037
147,31,622.49,380.05,56.36,110.55,1,1,0.73267
148,3,1156.49,417.07,108.01,129.86,1,1,0.86223
148,6,581.03,552.73,95.77,156.44,1,1,0.83272
148,8,475.74,373.84,80.05,151.57,1,1,0.82098
148,19,1617.44,462.35,82.68,128.03,1,1,0.79572
148,4,1006.59,397.42,90.38,181.47,1,1,0.83946
148,26,1655.1,469.29,93.95,143.24,1,1,0.77788
148,1,1471.09,588.35,110.98,174.61,1,1,0.84792
148,22,1139.65,329.98,74.2,151.37,1,1,0.83247
148,28,784.15,478.76,85.46,153.59,1,1,0.83558
148,29,797.53,352.06,68.86,130.21,1,1,0.80703
148,21,636.6,457.81,78.03,166.89,1,1,0.77813
148,13,528.16,469.73,95.36,159.17,1,1,0.82548
148,34,1790.51,744.67,83.9,180.14,1,1,0.80621
148,20,494.42,427.02,87.33,140.48,1,1,0.79609
148,31,621.9,377.42,59.14,111.84,1,1,0.7783
149,3,1152.41,416.07,112.03,130.08,1,1,0.86173
149,6,592.92,552.34,89.73,155.4,1,1,0.81176
149,8,471.72,372.86,84.5,147.99,1,1,0.77616
149,19,1614.33,461.03,82.24,127.72,1,1,0.82417
149,4,1008.29,395.26,83.95,180.75,1,1,0.83718
149,26,1666.4,470.61,74.65,139.99,1,1,0.81466
149,1,1487.3,589.42,83.4,169.18,1,1,0.82846
149,22,1135.43,329.81,70.63,145.48,1,1,0.81755
149,28,794.11,479.81,71.18,150.07,1,1,0.80842
149,29,780.8,349.66,70.89,127.33,1,1,0.79402
149,21,637.32,457.23,69.72,167.55,1,1,0.78854
149,13,523.68,467.03,94.2,156.94,1,1,0.82968
149,34,1761.73,746.33,87.2,172.09,1,1,0.85844
149,20,486.14,426.63,85.77,141.75,1,1,0.80285
149,31,623.24,375.77,58.62,117.17,1,1,0.7784
149,35,-1.41,646.23,55.34,127.9,1,1,0.81418
149,33,566.9,396.94,48.06,75.96,1,1,0.66274
149,5,929.69,631.07,74.96,143.0,1,1,0.81097
150,3,1156.51,416.3,104.32,130.23,1,1,0.80928
150,6,596.77,550.88,81.9,152.35,1,1,0.84182
150,19,1611.43,460.03,78.03,119.75,1,1,0.82832
150,4,1005.37,394.17,75.24,177.93,1,1,0.85442
150,26,1663.17,472.74,75.1,135.33,1,1,0.78369
150,1,1494.63,592.23,74.64,162.77,1,1,0.84719
150,22,1132.11,331.6,64.28,140.85,1,1,0.80911
150,28,798.45,481.51,64.54,146.68,1,1,0.85287
150,29,765.25,346.56,65.36,124.1,1,1,0.81812
150,21,634.54,457.48,66.76,156.65,1,1,0.78633
150,13,519.14,465.99,92.42,153.91,1,1,0.8442
150,34,1730.86,748.92,83.89,166.25,1,1,0.90564
150,20,477.65,427.37,81.05,140.41,1,1,0.79476
150,31,618.46,374.04,64.0,117.57,1,1,0.78758
150,35,-2.72,645.17,65.93,134.23,1,1,0.85107
150,36,1839.79,782.72,77.23,158.26,1,1,0.88943
150,33,560.35,395.46,45.65,75.5,1,1,0.73794
150,5,933.45,630.62,77.58,140.4,1,1,0.83655
150,2,510.16,370.76,47.89,76.4,1,1,0.78155
151,3,1177.16,415.82,79.34,130.91,1,1,0.78898
151,6,594.13,548.92,94.26,152.46,1,1,0.81809
151,19,1601.44,459.02,83.31,109.34,1,1,0.84391
151,4,998.37,393.12,73.17,176.71,1,1,0.85635
151,26,1652.84,475.17,85.01,132.53,1,1,0.82221
151,1,1484.93,593.47,87.93,159.53,1,1,0.86019
151,22,1129.78,332.91,59.35,138.26,1,1,0.79675
151,28,796.68,481.36,65.28,144.74,1,1,0.86212
151,29,739.16,345.45,70.54,122.36,1,1,0.8325
151,21,629.54,457.02,67.21,140.82,1,1,0.73238
151,13,513.57,464.34,90.47,153.08,1,1,0.82789
151,34,1695.65,749.93,86.93,169.28,1,1,0.85586
151,20,464.73,426.55,84.29,140.85,1,1,0.80865
151,31,612.79,372.49,70.26,117.47,1,1,0.79863
151,35,-2.93,642.52,75.16,138.3,1,1,0.85096
151,36,1811.84,781.35,99.2,157.61,1,1,0.87275
151,33,550.48,393.93,46.69,75.88,1,1,0.73113
151,5,930.09,631.06,83.88,137.94,1,1,0.8513
151,2,504.75,370.11,48.71,78.98,1,1,0.77002
152,3,1174.9,416.53,75.96,129.83,1,1,0.81382
152,6,587.39,548.39,110.75,156.37,1,1,0.82943
152,19,1604.62,460.13,74.75,100.81,1,1,0.74136
152,4,990.48,393.28,75.66,177.9,1,1,0.855
152,26,1642.53,475.62,89.35,134.72,1,1,0.86289
152,1,1474.84,593.71,112.25,157.89,1,1,0.87838
152,22,1121.8,334.12,58.83,137.86,1,1,0.80363
152,28,792.87,480.72,64.03,142.02,1,1,0.83523
152,29,716.84,344.88,72.44,122.48,1,1,0.84069
152,21,624.52,456.87,70.83,126.5,1,1,0.73408
152,13,510.1,461.15,86.35,153.85,1,1,0.82538
152,34,1660.09,750.9,89.0,173.94,1,1,0.82568
152,20,454.92,429.1,82.82,137.86,1,1,0.81785
152,31,605.1,372.08,77.84,118.63,1,1,0.8096
152,35,-2.91,639.8,82.12,140.78,1,1,0.82389
152,36,1780.44,781.55,110.31,156.08,1,1,0.85028
152,33,537.68,393.52,46.71,74.28,1,1,0.74246
152,5,922.79,630.89,95.78,135.48,1,1,0.84876
152,2,500.47,370.8,47.75,79.39,1,1,0.7785
153,3,1175.61,414.8,71.96,128.71,1,1,0.83332
153,6,580.81,546.58,118.35,161.13,1,1,0.84608
153,19,1606.96,460.85,66.02,110.92,1,1,0.76086
153,4,980.4,394.75,78.43,176.46,1,1,0.86388
153,26,1638.42,475.37,87.28,135.65,1,1,0.83004
153,1,1466.36,593.15,127.55,159.07,1,1,0.87681
153,22,1106.19,334.05,64.8,139.11,1,1,0.8255
153,28,781.33,478.49,68.75,143.67,1,1,0.83313
153,29,696.25,343.06,72.94,124.23,1,1,0.84798
153,21,619.0,455.4,67.43,120.67,1,1,0.73156
153,13,510.32,457.57,80.22,155.78,1,1,0.81937
153,34,1626.06,751.76,82.62,180.74,1,1,0.8215
153,20,442.8,429.09,83.64,137.69,1,1,0.84062
153,31,603.0,372.51,76.18,116.07,1,1,0.67376
153,35,-2.32,636.72,85.79,146.02,1,1,0.82577
153,36,1745.42,778.65,103.25,158.28,1,1,0.79159
153,33,527.91,398.21,45.09,73.42,1,1,0.66419
153,5,933.67,629.97,90.8,137.73,1,1,0.839
153,2,497.23,371.53,47.95,77.44,1,1,0.75148
154,3,1148.51,411.77,81.75,127.11,1,1,0.84662
154,6,564.62,547.57,119.81,160.03,1,1,0.84051
154,4,955.02,397.03,78.8,169.84,1,1,0.86764
154,26,1613.37,467.31,78.22,140.35,1,1,0.84637
154,1,1456.12,596.23,115.57,154.88,1,1,0.87323
154,22,1072.94,331.09,72.81,140.16,1,1,0.84573
154,28,757.3,475.64,74.16,139.07,1,1,0.85631
154,29,661.2,341.63,68.52,121.77,1,1,0.84456
154,21,599.36,449.28,65.18,121.49,1,1,0.79879
154,13,491.64,449.98,70.68,157.28,1,1,0.79477
154,34,1560.44,753.88,76.3,175.66,1,1,0.84245
154,20,417.7,423.59,85.69,140.48,1,1,0.84551
154,31,602.63,374.3,65.69,110.32,1,1,0.7275
154,35,3.52,633.43,74.48,141.65,1,1,0.8273
154,36,1679.18,781.59,84.8,158.52,1,1,0.85591
154,33,492.69,379.29,48.0,74.13,1,1,0.70598
154,5,939.77,628.62,73.07,140.33,1,1,0.84274
155,3,1139.43,411.09,84.66,129.8,1,1,0.85743
155,6,567.93,550.95,112.58,153.72,1,1,0.82517
155,4,940.49,402.49,84.04,164.63,1,1,0.87175
155,26,1598.35,465.92,73.84,142.34,1,1,0.83256
155,1,1465.29,599.6,91.55,150.26,1,1,0.85245
155,22,1056.04,330.65,78.81,140.38,1,1,0.84199
155,28,746.24,475.83,77.81,135.48,1,1,0.82555
155,29,644.95,342.05,63.42,119.49,1,1,0.82412
155,21,582.21,447.95,75.07,140.19,1,1,0.83165
155,13,486.28,453.02,90.65,152.11,1,1,0.8405
155,34,1520.16,756.43,75.48,167.87,1,1,0.8609
155,20,407.92,422.17,83.41,140.06,1,1,0.8354
155,31,606.91,377.36,60.41,105.32,1,1,0.75252
155,35,14.16,633.52,66.61,138.58,1,1,0.81014
155,36,1636.28,782.61,84.81,154.75,1,1,0.86653
155,33,481.78,373.79,51.33,74.31,1,1,0.68135
155,5,944.6,631.45,67.34,137.03,1,1,0.84674
156,3,1141.82,411.46,85.72,130.75,1,1,0.8574
156,6,575.09,552.81,109.49,151.29,1,1,0.82488
156,4,940.95,405.1,85.94,162.72,1,1,0.87171
156,26,1598.49,465.97,72.32,143.15,1,1,0.83311
156,1,1473.93,601.35,81.77,148.63,1,1,0.85243
156,22,1055.72,331.08,81.16,140.5,1,1,0.8418
156,28,747.88,476.49,79.22,134.21,1,1,0.82556
156,29,645.42,342.8,61.55,118.69,1,1,0.82421
156,21,581.99,448.12,78.4,146.68,1,1,0.83144
156,13,489.88,454.91,96.64,150.1,1,1,0.84066
156,34,1512.23,757.85,75.22,165.02,1,1,0.86085
156,20,410.35,422.33,82.47,139.8,1,1,0.83537
156,31,613.61,379.13,58.58,103.39,1,1,0.75288
156,35,22.86,634.2,63.66,137.36,1,1,0.81004
156,36,1628.02,783.48,84.79,153.4,1,1,0.86644
156,33,483.82,372.52,52.54,74.53,1,1,0.68266
156,5,950.56,633.15,65.65,135.77,1,1,0.8465
156,37,483.63,444.11,63.23,128.36,1,1,0.67784
157,3,1129.81,412.69,92.73,129.19,1,1,0.86304
157,6,577.78,555.44,98.52,147.17,1,1,0.80749
157,4,925.43,407.82,90.74,159.78,1,1,0.86979
157,26,1578.1,469.59,75.73,137.66,1,1,0.77945
157,1,1463.03,602.58,76.75,143.04,1,1,0.8546
157,22,1042.42,330.91,81.75,135.56,1,1,0.8347
157,28,734.68,478.19,80.78,129.74,1,1,0.72209
157,29,630.22,341.31,58.65,106.16,1,1,0.77952
157,21,568.67,445.66,83.16,150.16,1,1,0.84179
157,13,474.6,456.21,105.51,146.3,1,1,0.84149
157,34,1479.42,757.97,80.31,161.38,1,1,0.86088
157,20,399.76,419.96,79.72,141.19,1,1,0.82201
157,31,607.95,381.56,53.34,95.2,1,1,0.74436
157,35,18.78,635.22,62.79,131.67,1,1,0.82992
157,36,1595.01,783.35,92.71,148.5,1,1,0.87242
157,33,476.03,371.7,48.9,79.16,1,1,0.73149
157,5,945.37,635.01,68.84,130.43,1,1,0.85584
157,37,473.44,443.72,59.51,111.41,1,1,0.72377
158,3,1123.3,413.26,93.37,130.03,1,1,0.85008
158,6,581.79,557.39,86.17,144.02,1,1,0.82208
158,4,908.47,410.35,95.18,156.19,1,1,0.87234
158,26,1581.8,478.84,67.23,126.72,1,1,0.83968
158,1,1448.0,603.56,85.5,142.09,1,1,0.84564
158,22,1031.49,331.42,80.21,130.95,1,1,0.82614
158,29,609.58,341.97,63.75,96.96,1,1,0.7482
158,21,558.88,445.9,86.67,148.4,1,1,0.82386
158,13,463.16,456.81,110.87,142.1,1,1,0.80984
158,34,1442.9,756.58,90.06,161.9,1,1,0.86868
158,20,391.59,418.1,78.3,142.11,1,1,0.82143
158,31,601.46,386.39,57.41,94.37,1,1,0.72741
158,35,14.02,633.71,68.35,129.96,1,1,0.83112
158,36,1561.81,783.33,93.41,139.39,1,1,0.8548
158,33,471.61,370.96,47.11,81.36,1,1,0.78588
158,5,938.26,636.13,74.07,126.76,1,1,0.86275
158,37,466.11,443.09,56.85,104.99,1,1,0.6603
158,19,1557.32,464.55,82.46,112.52,1,1,0.8046
159,3,1120.6,414.99,84.21,127.63,1,1,0.83503
159,6,578.38,557.57,84.35,140.5,1,1,0.85049
159,4,892.52,412.28,94.54,151.78,1,1,0.8739
159,26,1570.25,483.24,73.84,119.84,1,1,0.85116
159,1,1437.12,604.48,98.96,140.57,1,1,0.88602
159,22,1023.64,333.87,75.86,125.84,1,1,0.83075
159,21,552.96,445.67,83.75,141.61,1,1,0.80915
159,13,451.3,448.38,84.96,146.39,1,1,0.81188
159,34,1408.5,756.85,96.86,162.36,1,1,0.90346
159,20,384.35,417.17,73.12,140.67,1,1,0.80296
159,31,593.92,388.25,61.91,99.97,1,1,0.64853
159,35,7.17,633.12,78.0,128.38,1,1,0.80557
159,36,1527.95,783.71,96.22,137.33,1,1,0.88446
159,33,467.05,369.45,45.97,84.14,1,1,0.7484
159,5,926.93,635.93,83.44,124.07,1,1,0.84488
159,19,1542.25,466.01,92.05,109.5,1,1,0.7058
159,8,431.46,397.87,46.43,127.91,1,1,0.65921
160,3,1123.55,415.84,72.85,127.15,1,1,0.79369
160,6,567.12,555.8,91.67,140.61,1,1,0.8504
160,4,878.91,413.65,94.21,149.93,1,1,0.87763
160,1,1431.6,604.63,109.22,143.04,1,1,0.87849
160,22,1016.54,335.11,74.19,123.71,1,1,0.82848
160,21,546.82,445.12,84.22,138.85,1,1,0.82912
160,13,442.38,446.09,75.55,145.35,1,1,0.75302
160,34,1375.28,756.53,95.07,170.72,1,1,0.82045
160,20,381.97,415.67,67.86,140.54,1,1,0.78784
160,31,590.48,388.42,66.23,109.75,1,1,0.76334
160,35,2.64,632.59,86.7,127.49,1,1,0.83831
160,36,1496.55,784.15,91.71,148.44,1,1,0.84563
160,33,460.54,368.49,46.16,88.41,1,1,0.74684
160,5,914.01,635.55,100.43,124.21,1,1,0.85177
160,19,1536.33,477.23,101.59,117.92,1,1,0.84694
160,8,420.89,397.44,50.24,128.42,1,1,0.69774
160,28,730.29,481.02,64.62,123.65,1,1,0.73853
160,29,572.61,342.65,62.29,96.85,1,1,0.76901
161,3,1124.59,415.83,60.46,121.64,1,1,0.84261
161,6,554.24,554.58,94.81,144.09,1,1,0.85889
161,4,866.31,415.18,87.0,144.86,1,1,0.86253
161,1,1435.72,603.69,93.94,145.32,1,1,0.86966
161,22,1013.16,335.58,62.19,119.89,1,1,0.80461
161,21,544.31,444.37,76.73,137.06,1,1,0.82279
161,13,432.25,440.02,68.91,142.57,1,1,0.81446
161,34,1329.96,756.59,76.91,172.65,1,1,0.81545
161,20,375.23,417.87,62.0,135.54,1,1,0.78479
161,31,586.46,385.76,68.83,115.6,1,1,0.82142
161,35,-0.72,629.75,99.35,126.49,1,1,0.83425
161,36,1448.04,785.21,76.71,152.63,1,1,0.84445
161,33,450.07,365.75,46.6,86.99,1,1,0.7499
161,5,926.55,632.57,89.12,131.03,1,1,0.81318
161,8,412.41,392.98,46.98,119.1,1,1,0.64008
161,28,722.8,479.27,63.65,107.39,1,1,0.75374
161,29,549.6,338.73,58.37,102.78,1,1,0.78378
161,26,1537.93,479.47,90.61,129.95,1,1,0.87529
162,3,1123.47,416.1,58.92,119.56,1,1,0.85095
162,6,556.43,554.85,95.74,145.83,1,1,0.84279
162,4,868.31,416.66,78.68,141.11,1,1,0.85257
162,1,1447.2,607.39,73.47,139.32,1,1,0.85887
162,22,1013.35,336.7,58.28,117.92,1,1,0.82549
162,21,555.46,443.56,62.21,139.93,1,1,0.81902
162,13,434.59,435.39,63.65,143.91,1,1,0.8249
162,34,1301.16,757.42,70.23,168.91,1,1,0.82008
162,20,374.76,416.22,63.44,137.09,1,1,0.82885
162,31,594.11,385.74,62.59,118.44,1,1,0.80747
162,35,23.61,628.0,85.42,127.48,1,1,0.72785
162,36,1420.23,787.5,69.15,149.54,1,1,0.83902
162,5,945.15,633.36,72.29,130.36,1,1,0.83354
162,8,412.53,391.72,45.15,119.08,1,1,0.74067
162,28,721.56,479.19,66.95,105.65,1,1,0.72383
162,29,542.89,333.91,55.49,109.53,1,1,0.73659
162,38,493.16,453.97,78.08,113.47,1,1,0.82561
162,26,1535.9,482.66,83.56,127.72,1,1,0.87601
162,19,1562.21,472.48,63.78,103.71,1,1,0.68462
163,3,1118.12,413.86,65.05,119.38,1,1,0.86311
163,6,564.76,553.78,90.09,145.9,1,1,0.85001
163,4,873.29,415.91,70.27,139.25,1,1,0.85859
163,1,1455.09,606.8,58.86,136.09,1,1,0.83884
163,22,1008.15,336.32,61.45,115.9,1,1,0.85145
163,21,562.03,441.43,56.11,141.86,1,1,0.84373
163,13,436.8,431.58,60.46,145.5,1,1,0.83227
163,34,1279.14,755.75,67.76,165.0,1,1,0.82351
163,20,374.1,416.82,64.72,135.99,1,1,0.84173
163,31,599.71,385.63,59.04,115.73,1,1,0.82432
163,35,38.78,628.53,76.79,120.51,1,1,0.78772
163,36,1395.9,785.64,71.43,146.62,1,1,0.83386
163,5,951.93,635.66,72.85,125.78,1,1,0.8461
163,8,412.83,389.73,45.56,114.41,1,1,0.74851
163,28,722.03,478.24,67.47,97.43,1,1,0.76544
163,29,537.37,329.73,54.67,112.78,1,1,0.72403
163,38,492.35,450.82,82.37,114.46,1,1,0.8461
163,26,1536.25,484.57,72.1,124.1,1,1,0.88681
163,19,1574.83,471.03,50.01,95.39,1,1,0.82772
163,33,457.7,367.32,44.76,116.64,1,1,0.67573
164,3,1119.12,413.55,67.1,119.38,1,1,0.86302
164,6,570.5,553.89,87.88,145.96,1,1,0.84974
164,4,877.7,416.1,67.35,138.67,1,1,0.85859
164,1,1459.37,607.04,54.37,135.01,1,1,0.83881
164,22,1009.16,336.66,62.53,115.27,1,1,0.85147
164,21,566.43,441.18,54.25,142.59,1,1,0.84376
164,13,440.05,430.79,59.43,146.11,1,1,0.83259
164,34,1275.01,755.62,66.94,163.55,1,1,0.82366
164,20,376.65,417.65,65.2,135.54,1,1,0.84206
164,31,604.26,386.11,57.73,114.56,1,1,0.82418
164,35,46.68,629.25,73.55,117.92,1,1,0.78783
164,36,1390.76,785.45,72.18,145.55,1,1,0.83372
164,5,956.88,637.05,72.98,124.06,1,1,0.84596
164,8,415.41,389.44,45.74,112.97,1,1,0.74976
164,28,724.88,478.37,67.71,94.38,1,1,0.76549
164,29,538.48,328.71,54.38,114.0,1,1,0.72376
164,38,494.91,450.29,83.86,114.81,1,1,0.84627
164,26,1539.15,485.79,67.66,122.68,1,1,0.88692
164,19,1579.57,471.02,46.89,92.72,1,1,0.82751
164,33,462.85,368.3,44.43,122.96,1,1,0.67622
165,3,1111.0,411.82,74.59,118.15,1,1,0.82692
165,6,587.1,556.48,74.51,137.66,1,1,0.81294
165,4,875.72,415.1,63.46,134.25,1,1,0.87301
165,1,1454.04,605.8,77.16,130.23,1,1,0.89233
165,22,1003.38,334.07,67.23,111.98,1,1,0.8507
165,21,563.06,437.83,58.44,141.91,1,1,0.86425
165,13,434.52,427.23,60.18,144.11,1,1,0.84002
165,34,1238.86,754.8,65.67,161.94,1,1,0.84581
165,20,369.95,418.79,65.37,129.82,1,1,0.82809
165,31,607.04,390.93,53.47,106.13,1,1,0.75925
165,35,63.61,624.84,75.08,117.72,1,1,0.83255
165,36,1354.3,781.96,78.44,140.04,1,1,0.84537
165,5,949.93,636.52,82.37,114.66,1,1,0.8969
165,8,408.02,386.21,47.68,114.54,1,1,0.7622
165,28,722.37,477.07,67.18,82.14,1,1,0.8361
165,26,1527.28,484.15,63.01,117.91,1,1,0.86722
165,19,1575.25,469.32,49.65,95.65,1,1,0.84411
165,33,464.48,367.38,41.82,124.23,1,1,0.75362
166,3,1117.6,411.26,73.82,117.72,1,1,0.76255
166,6,602.23,556.12,77.85,133.19,1,1,0.86699
166,4,877.81,412.78,66.36,133.05,1,1,0.85961
166,1,1454.15,603.94,91.83,132.58,1,1,0.88857
166,22,1012.8,332.41,62.49,109.12,1,1,0.83221
166,21,567.57,434.48,61.64,142.19,1,1,0.8532
166,13,437.9,423.53,61.34,144.15,1,1,0.83683
166,34,1214.27,753.3,69.01,163.75,1,1,0.85412
166,20,372.38,420.85,68.23,124.87,1,1,0.82155
166,31,617.32,387.07,50.24,104.04,1,1,0.78006
166,35,80.54,621.45,75.75,115.42,1,1,0.83736
166,36,1333.3,780.5,80.44,141.15,1,1,0.84966
166,5,957.59,636.02,85.36,109.8,1,1,0.8756
166,8,411.45,383.45,48.67,115.71,1,1,0.76099
166,28,728.4,477.5,66.83,77.01,1,1,0.83097
166,26,1528.51,483.53,63.39,118.75,1,1,0.87084
166,19,1577.59,467.74,52.66,100.45,1,1,0.85305
166,33,471.3,366.36,42.01,125.46,1,1,0.74793
166,29,523.47,316.07,59.42,118.65,1,1,0.72295
167,3,1127.84,410.97,71.48,115.5,1,1,0.77586
167,6,611.42,552.09,75.54,130.73,1,1,0.83928
167,4,878.34,409.07,69.35,132.56,1,1,0.85861
167,1,1456.9,599.94,98.77,137.38,1,1,0.88169
167,22,1023.7,331.24,55.0,106.74,1,1,0.81147
167,21,570.99,431.19,63.76,140.94,1,1,0.83405
167,13,440.5,419.42,64.46,141.94,1,1,0.85112
167,34,1192.09,751.71,70.32,167.15,1,1,0.85234
167,20,373.1,417.98,72.79,121.34,1,1,0.84071
167,31,625.92,384.57,52.01,106.65,1,1,0.81233
167,35,95.38,619.79,72.33,111.01,1,1,0.84554
167,36,1311.54,777.81,72.39,146.41,1,1,0.83779
167,5,970.1,631.44,87.89,119.56,1,1,0.87065
167,28,733.07,476.08,65.56,71.17,1,1,0.78863
167,26,1531.34,481.74,67.46,122.3,1,1,0.87908
167,19,1580.32,465.27,58.05,105.91,1,1,0.8616
167,33,477.03,363.7,43.24,125.02,1,1,0.73709
168,3,1132.81,411.71,70.55,114.71,1,1,0.77306
168,6,615.49,551.45,74.71,129.82,1,1,0.83912
168,4,879.74,408.55,70.46,132.36,1,1,0.8583
168,1,1459.19,599.32,101.58,139.18,1,1,0.88175
168,22,1028.87,331.64,52.06,105.91,1,1,0.81081
168,21,573.39,430.85,64.58,140.45,1,1,0.83433
168,13,442.64,418.85,65.67,141.1,1,1,0.85177
168,34,1185.83,751.99,70.86,168.41,1,1,0.85246
168,20,374.66,417.83,74.53,120.05,1,1,0.84073
168,31,630.07,384.53,52.38,107.54,1,1,0.81092
168,35,101.6,620.08,70.9,109.4,1,1,0.84589
168,36,1305.82,777.69,69.12,148.33,1,1,0.83816
168,5,976.06,630.71,88.8,122.88,1,1,0.87077
168,28,735.84,476.36,65.06,69.44,1,1,0.78805
168,26,1533.69,481.92,68.94,123.62,1,1,0.87939
168,19,1582.55,465.19,60.01,107.94,1,1,0.86162
168,33,480.31,363.62,43.7,124.73,1,1,0.73807
169,3,1150.72,408.99,60.17,113.81,1,1,0.84054
169,6,626.52,547.73,69.6,122.97,1,1,0.81625
169,4,881.75,402.68,77.4,133.89,1,1,0.84595
169,1,1474.05,599.14,81.67,134.57,1,1,0.86833
169,22,1042.5,331.28,46.5,102.03,1,1,0.83445
169,21,581.18,426.5,66.52,137.43,1,1,0.81952
169,13,446.73,416.8,68.58,136.46,1,1,0.82471
169,34,1167.23,751.9,67.45,162.77,1,1,0.82412
169,20,384.51,415.66,74.1,116.28,1,1,0.79648
169,31,641.74,382.57,57.43,105.46,1,1,0.68332
169,35,121.23,614.64,78.05,112.85,1,1,0.83288
169,36,1281.06,775.43,69.56,144.68,1,1,0.84085
169,5,1003.53,626.97,71.07,124.86,1,1,0.8365
169,28,746.29,471.76,57.46,97.0,1,1,0.74209
169,26,1539.03,477.37,67.88,127.3,1,1,0.87488
169,19,1587.82,464.11,58.26,103.35,1,1,0.83978
169,33,487.29,359.82,51.27,121.26,1,1,0.78213
169,8,424.38,372.2,51.55,80.82,1,1,0.68874
169,29,524.92,304.49,59.95,107.78,1,1,0.72903
170,3,1161.1,405.97,56.81,109.42,1,1,0.832
170,6,637.55,543.54,62.25,114.9,1,1,0.80163
170,4,888.02,399.29,78.21,134.7,1,1,0.85709
170,1,1484.27,598.46,65.37,128.14,1,1,0.85345
170,22,1047.78,330.15,50.74,98.75,1,1,0.83981
170,21,593.84,424.06,62.57,135.11,1,1,0.83631
170,13,455.07,414.6,67.42,132.99,1,1,0.83388
170,34,1154.26,750.84,63.71,154.48,1,1,0.80197
170,20,396.29,414.07,71.15,114.22,1,1,0.79691
170,31,652.31,380.19,60.32,105.86,1,1,0.73383
170,35,147.02,610.72,76.25,117.39,1,1,0.81181
170,36,1263.31,772.78,72.2,139.26,1,1,0.84754
170,5,1024.08,624.32,63.87,122.2,1,1,0.82241
170,28,755.05,467.2,53.89,106.46,1,1,0.77175
170,26,1542.98,475.39,63.93,126.27,1,1,0.87552
170,19,1594.41,460.99,53.07,101.83,1,1,0.81277
170,33,498.51,358.26,52.62,119.29,1,1,0.79833
170,8,430.33,371.69,51.0,72.22,1,1,0.73699
170,29,526.69,301.35,57.11,98.21,1,1,0.64738
171,3,1165.92,403.8,57.16,111.42,1,1,0.83029
171,4,888.62,396.24,82.48,135.6,1,1,0.8593
171,1,1488.86,596.88,61.3,123.44,1,1,0.82512
171,22,1048.12,328.6,60.8,97.34,1,1,0.85298
171,21,602.69,425.46,62.1,129.48,1,1,0.80165
171,13,463.32,412.29,65.03,130.22,1,1,0.82837
171,34,1140.9,747.34,62.47,150.23,1,1,0.80819
171,20,408.87,410.11,68.45,114.49,1,1,0.807
171,35,167.14,607.28,68.52,116.63,1,1,0.80406
171,36,1250.44,767.46,72.63,134.28,1,1,0.82152
171,5,1037.47,620.59,59.84,120.88,1,1,0.82997
171,28,762.92,463.45,50.75,116.26,1,1,0.71472
171,26,1546.12,475.22,60.69,122.04,1,1,0.85532
171,19,1599.22,457.13,52.81,103.49,1,1,0.81971
171,33,507.24,358.71,57.23,118.0,1,1,0.77918
171,8,436.29,367.38,49.35,65.98,1,1,0.74622
172,3,1168.25,403.78,57.19,111.86,1,1,0.83377
172,4,889.56,396.0,83.49,135.74,1,1,0.86054
172,1,1491.31,597.1,59.38,121.82,1,1,0.82893
172,22,1048.98,328.81,64.43,96.91,1,1,0.85423
172,21,606.33,427.03,61.88,127.21,1,1,0.80198
172,13,466.84,412.34,64.1,129.25,1,1,0.82665
172,34,1137.3,746.9,61.74,148.69,1,1,0.81134
172,20,413.82,409.47,67.51,114.76,1,1,0.80623
172,35,174.31,606.86,65.46,116.36,1,1,0.80462
172,36,1247.06,766.13,72.92,132.8,1,1,0.82413
172,5,1041.78,620.08,59.0,120.52,1,1,0.82893
172,28,765.91,462.69,49.67,120.56,1,1,0.71715
172,26,1547.71,476.01,59.56,120.36,1,1,0.85666
172,19,1601.4,456.6,52.68,103.99,1,1,0.82087
172,33,511.22,359.81,58.97,117.13,1,1,0.7776
172,8,438.89,366.76,48.74,64.32,1,1,0.74828
172,39,586.88,419.53,75.86,112.0,1,1,0.75746
173,3,1170.66,400.68,60.21,110.78,1,1,0.83304
173,4,893.84,394.59,79.85,132.87,1,1,0.86655
173,1,1492.7,594.75,62.11,120.9,1,1,0.826
173,22,1052.65,327.66,67.47,94.94,1,1,0.86052
173,21,611.35,419.19,64.4,129.93,1,1,0.79562
173,13,474.76,409.49,62.31,128.13,1,1,0.84514
173,34,1125.75,744.49,65.02,147.46,1,1,0.83682
173,20,426.44,406.7,59.52,114.81,1,1,0.79154
173,35,188.93,603.61,58.63,113.63,1,1,0.80031
173,36,1237.48,763.74,70.98,129.53,1,1,0.83969
173,5,1047.29,616.79,61.79,117.49,1,1,0.84625
173,28,774.08,459.54,45.7,123.99,1,1,0.68384
173,26,1549.5,474.24,55.73,117.02,1,1,0.85872
173,19,1603.38,453.49,56.13,101.46,1,1,0.82685
173,33,518.99,355.81,59.23,117.66,1,1,0.79025
173,8,444.57,364.9,47.68,64.34,1,1,0.75958
173,31,675.11,374.48,57.64,105.84,1,1,0.69218
173,29,532.27,295.83,52.66,76.04,1,1,0.71909
174,3,1175.23,399.02,65.36,111.44,1,1,0.84673
174,4,902.12,393.13,76.18,130.53,1,1,0.85617
174,1,1496.82,591.66,63.3,110.55,1,1,0.82494
174,22,1058.75,325.88,68.23,94.09,1,1,0.84628
174,21,622.53,414.31,62.29,129.21,1,1,0.83261
174,13,485.53,406.7,58.36,126.22,1,1,0.83155
174,34,1109.63,741.62,74.22,151.07,1,1,0.85044
174,20,436.25,402.05,58.09,115.24,1,1,0.81122
174,35,204.91,601.05,56.06,109.72,1,1,0.81808
174,36,1224.05,760.64,72.02,124.72,1,1,0.83142
174,5,1049.69,611.87,72.66,117.05,1,1,0.84289
174,28,780.76,456.1,46.82,128.6,1,1,0.77464
174,26,1551.92,471.57,57.67,114.24,1,1,0.86206
174,19,1605.34,452.8,64.22,97.49,1,1,0.84573
174,33,528.38,354.49,60.8,118.43,1,1,0.8177
174,8,450.17,361.46,48.22,66.46,1,1,0.75451
174,29,535.64,296.62,49.59,71.32,1,1,0.75295
175,3,1183.65,396.94,64.65,113.63,1,1,0.81885
175,4,913.25,392.0,70.71,127.22,1,1,0.85666
175,1,1507.55,589.14,70.2,121.6,1,1,0.81292
175,22,1072.91,324.15,59.52,92.79,1,1,0.81791
175,21,636.77,409.84,57.18,128.48,1,1,0.84812
175,13,496.93,403.32,55.75,124.53,1,1,0.83945
175,34,1095.99,740.18,79.59,152.41,1,1,0.85444
175,20,444.68,398.88,59.74,113.19,1,1,0.81597
175,35,219.48,596.35,58.09,107.64,1,1,0.83245
175,36,1205.78,758.02,77.99,133.44,1,1,0.84503
175,5,1055.76,607.72,82.75,115.07,1,1,0.83772
175,28,787.93,453.8,47.19,129.55,1,1,0.80533
175,26,1553.98,468.64,61.7,115.39,1,1,0.86883
175,19,1609.11,450.42,69.1,101.44,1,1,0.84829
175,33,537.41,353.87,61.78,118.42,1,1,0.81225
175,8,458.44,358.5,45.53,62.86,1,1,0.74923
175,29,539.06,296.57,49.42,70.25,1,1,0.74189
175,31,696.92,373.44,57.8,104.46,1,1,0.82319
176,3,1193.53,397.21,59.51,111.74,1,1,0.82252
176,4,924.79,391.75,63.93,123.53,1,1,0.85316
176,1,1517.86,587.85,69.49,127.43,1,1,0.82712
176,22,1087.95,322.49,48.03,91.82,1,1,0.80291
176,21,646.25,406.73,56.24,127.87,1,1,0.85279
176,13,507.31,401.53,53.53,122.55,1,1,0.85304
176,34,1083.33,739.18,80.07,154.73,1,1,0.85723
176,20,453.41,395.62,60.33,113.05,1,1,0.81977
176,35,234.88,591.36,58.8,106.8,1,1,0.84122
176,36,1188.9,756.17,79.35,138.55,1,1,0.86059
176,5,1075.81,603.98,75.46,118.98,1,1,0.78699
176,28,794.64,453.15,49.85,132.94,1,1,0.83016
176,26,1553.64,466.16,66.32,119.54,1,1,0.86406
176,19,1615.66,447.63,69.17,105.59,1,1,0.83568
176,33,549.1,355.61,56.82,115.9,1,1,0.79511
176,8,465.5,356.6,43.48,63.61,1,1,0.68984
176,29,543.21,296.51,55.38,70.37,1,1,0.73918
176,31,704.61,374.07,61.36,102.14,1,1,0.8434
176,6,717.94,532.11,51.86,113.65,1,1,0.67359
177,3,1204.25,396.6,50.3,108.1,1,1,0.80593
177,4,933.93,387.23,56.32,122.81,1,1,0.83326
177,1,1525.04,584.95,61.68,128.64,1,1,0.81443
177,22,1099.4,318.26,42.77,92.78,1,1,0.82079
177,21,652.64,402.35,60.01,125.9,1,1,0.83318
177,34,1068.2,738.47,73.53,151.38,1,1,0.82732
177,20,458.53,390.37,64.4,112.1,1,1,0.79813
177,35,251.88,583.71,66.04,112.22,1,1,0.84748
177,36,1163.22,755.23,75.31,133.38,1,1,0.8512
177,5,1090.34,601.5,69.77,119.01,1,1,0.84294
177,28,800.06,452.14,54.43,128.27,1,1,0.79783
177,26,1551.14,463.5,62.67,122.67,1,1,0.85101
177,19,1620.81,447.41,65.81,106.59,1,1,0.81056
177,33,561.47,351.02,50.71,116.23,1,1,0.77925
177,8,472.37,352.59,42.76,74.43,1,1,0.65803
177,29,539.33,294.13,60.21,85.95,1,1,0.78218
177,31,713.44,372.14,61.1,100.05,1,1,0.84327
177,6,728.28,527.08,57.15,119.7,1,1,0.79356
177,38,516.85,396.97,58.66,120.14,1,1,0.82693
178,3,1212.75,397.49,46.98,106.78,1,1,0.80642
178,4,941.59,386.68,53.81,122.69,1,1,0.83364
178,1,1532.78,584.98,58.55,129.16,1,1,0.81447
178,22,1107.15,317.78,41.23,93.28,1,1,0.81994
178,21,659.92,401.89,61.41,125.24,1,1,0.83325
178,34,1068.76,739.34,70.89,150.15,1,1,0.82755
178,20,465.47,389.56,65.94,111.84,1,1,0.79843
178,35,263.21,582.06,68.67,114.25,1,1,0.84723
178,36,1159.59,756.07,73.69,131.37,1,1,0.85129
178,5,1100.47,601.7,67.65,119.11,1,1,0.84299
178,28,807.35,452.98,56.18,126.26,1,1,0.79905
178,26,1555.64,463.65,61.18,123.89,1,1,0.85151
178,19,1628.14,448.5,64.43,106.97,1,1,0.81162
178,33,570.86,350.43,48.36,116.41,1,1,0.77885
178,8,479.67,352.28,42.58,78.27,1,1,0.66281
178,29,543.39,294.4,62.14,91.25,1,1,0.78357
178,31,721.97,372.51,61.0,99.33,1,1,0.84382
178,6,736.02,526.44,58.57,121.71,1,1,0.7938
178,13,515.78,396.8,57.15,120.39,1,1,0.82646
179,3,1212.58,392.31,50.35,106.7,1,1,0.79313
179,4,942.54,381.62,56.95,123.34,1,1,0.83489
179,1,1533.9,580.51,64.52,125.03,1,1,0.83201
179,22,1103.99,312.88,53.78,93.47,1,1,0.83537
179,21,664.95,397.37,62.43,124.91,1,1,0.82707
179,34,1053.06,734.02,66.46,144.96,1,1,0.83966
179,20,470.21,387.9,65.56,102.91,1,1,0.80627
179,35,276.18,576.48,65.53,116.83,1,1,0.82566
179,36,1139.58,753.03,68.34,124.89,1,1,0.85244
179,5,1100.16,600.97,77.47,110.09,1,1,0.88289
179,28,808.32,448.49,57.64,122.79,1,1,0.82908
179,26,1545.75,462.29,61.21,119.46,1,1,0.85353
179,19,1624.92,446.64,63.84,98.85,1,1,0.84026
179,33,576.06,344.99,48.7,115.23,1,1,0.80306
179,29,543.03,285.6,63.41,96.42,1,1,0.8077
179,31,729.75,368.62,58.22,99.7,1,1,0.8323
179,6,739.82,522.25,66.0,124.55,1,1,0.83541
179,38,525.84,390.36,64.18,119.49,1,1,0.85095
180,3,1217.85,391.91,51.42,106.51,1,1,0.80014
180,4,947.92,381.12,58.17,123.78,1,1,0.83616
180,1,1539.83,580.23,66.48,123.43,1,1,0.83241
180,22,1108.7,312.42,57.89,93.65,1,1,0.83636
180,21,672.62,397.15,62.77,124.82,1,1,0.82676
180,34,1053.67,733.43,64.79,143.03,1,1,0.8399
180,20,477.81,388.8,65.38,99.52,1,1,0.80632
180,35,286.54,575.92,64.3,117.76,1,1,0.82587
180,36,1138.75,753.27,66.35,122.56,1,1,0.85283
180,5,1105.87,602.2,80.93,106.54,1,1,0.88442
180,28,814.54,448.21,58.2,121.32,1,1,0.82926
180,26,1547.63,463.26,61.3,117.68,1,1,0.85721
180,19,1629.43,447.45,63.62,95.62,1,1,0.84343
180,33,583.3,344.37,48.84,114.75,1,1,0.80301
180,29,549.0,283.61,63.87,98.43,1,1,0.80734
180,31,738.23,368.57,57.11,99.85,1,1,0.83236
180,6,747.12,522.11,68.78,125.65,1,1,0.83579
180,41,712.68,405.57,42.76,116.05,1,1,0.76963
180,13,525.93,390.63,63.71,119.4,1,1,0.85124
181,3,1218.9,389.96,55.14,105.15,1,1,0.79243
181,4,949.97,379.58,57.66,124.68,1,1,0.8182
181,1,1539.4,578.24,70.22,127.0,1,1,0.83621
181,22,1109.41,310.56,62.04,95.97,1,1,0.83174
181,21,679.58,396.09,59.64,123.33,1,1,0.84938
181,34,1044.34,731.18,63.08,144.51,1,1,0.83224
181,20,486.73,384.13,61.11,98.8,1,1,0.64262
181,35,294.45,575.21,61.09,115.22,1,1,0.80999
181,36,1126.85,751.52,68.24,118.58,1,1,0.84037
181,5,1108.33,600.46,84.79,105.49,1,1,0.8363
181,28,816.77,446.38,58.93,118.33,1,1,0.82904
181,26,1544.26,462.54,61.29,114.24,1,1,0.84444
181,19,1630.64,445.86,62.83,97.97,1,1,0.83955
181,33,586.95,341.32,50.12,115.08,1,1,0.80745
181,29,552.18,279.7,62.94,101.24,1,1,0.75417
181,31,747.32,367.36,53.65,101.77,1,1,0.82827
181,41,713.77,405.17,47.11,107.47,1,1,0.79827
181,13,529.17,388.71,67.96,117.93,1,1,0.84824
182,3,1218.54,389.41,59.38,103.46,1,1,0.808
182,4,953.38,379.21,56.88,124.79,1,1,0.81914
182,1,1540.5,577.73,70.18,130.99,1,1,0.82576
182,22,1112.64,310.56,60.98,96.64,1,1,0.83971
182,21,686.91,395.47,54.93,120.96,1,1,0.86045
182,34,1030.37,730.73,66.04,147.37,1,1,0.84902
182,20,500.09,382.82,52.5,96.56,1,1,0.71379
182,35,303.07,580.71,58.37,106.54,1,1,0.80463
182,36,1112.51,751.38,70.8,113.67,1,1,0.84054
182,5,1116.59,600.5,82.87,103.05,1,1,0.86757
182,28,818.83,444.65,58.75,118.29,1,1,0.83648
182,26,1540.88,461.75,59.66,112.77,1,1,0.84856
182,19,1631.93,445.51,61.29,96.44,1,1,0.82729
182,33,592.72,339.13,49.63,112.89,1,1,0.79489
182,29,554.81,277.37,62.14,101.19,1,1,0.74107
182,31,753.9,367.28,52.24,103.12,1,1,0.82517
182,41,717.62,406.39,49.19,104.98,1,1,0.80313
182,13,532.28,386.0,67.87,118.65,1,1,0.86973
182,42,1893.06,582.78,24.93,139.45,1,1,0.76677
182,6,772.79,523.21,56.5,120.17,1,1,0.69409
183,3,1217.81,387.93,62.61,104.1,1,1,0.81145
183,4,958.5,378.62,54.53,123.47,1,1,0.80192
183,1,1541.02,576.85,67.75,133.81,1,1,0.8084
183,22,1118.28,310.95,54.76,96.36,1,1,0.83402
183,21,696.32,393.98,48.15,119.99,1,1,0.84684
183,34,1015.53,730.01,70.64,148.69,1,1,0.84418
183,20,506.28,381.62,50.55,103.13,1,1,0.77659
183,35,315.33,582.78,55.14,99.87,1,1,0.74515
183,36,1097.85,751.49,74.91,116.32,1,1,0.8304
183,5,1129.85,600.26,75.85,111.99,1,1,0.85551
183,28,821.89,442.53,57.48,117.15,1,1,0.83136
183,26,1539.4,460.73,57.69,115.23,1,1,0.84186
183,19,1634.15,444.34,64.43,101.09,1,1,0.84536
183,33,597.56,336.47,49.99,111.85,1,1,0.79772
183,29,557.87,275.23,60.02,100.11,1,1,0.74177
183,31,760.78,366.48,48.37,101.84,1,1,0.80319
183,41,723.04,407.83,49.31,101.63,1,1,0.74733
183,13,540.71,383.36,61.68,118.67,1,1,0.85814
183,42,1887.57,582.71,29.98,128.46,1,1,0.77752
184,3,1219.03,386.79,63.04,106.65,1,1,0.79217
184,4,961.85,379.32,56.04,120.57,1,1,0.78935
184,1,1542.52,577.39,61.16,131.53,1,1,0.79903
184,22,1125.23,311.9,46.4,94.36,1,1,0.82264
184,21,703.18,393.55,45.88,118.23,1,1,0.84239
184,34,1000.97,730.97,74.23,148.35,1,1,0.83485
184,20,517.07,380.53,47.78,106.19,1,1,0.79311
184,35,327.48,582.3,48.18,94.78,1,1,0.6685
184,36,1085.13,752.45,79.42,120.64,1,1,0.8185
184,5,1147.99,599.3,64.28,116.63,1,1,0.86267
184,28,824.78,441.18,57.1,117.84,1,1,0.8278
184,26,1541.95,460.53,52.46,117.16,1,1,0.80893
184,19,1637.84,444.66,62.86,94.91,1,1,0.81142
184,33,603.48,335.39,50.24,109.62,1,1,0.80721
184,29,560.8,274.04,56.74,98.01,1,1,0.70342
184,41,731.83,410.36,49.24,96.12,1,1,0.72416
184,13,550.03,382.31,56.74,117.37,1,1,0.8374
184,42,1882.72,582.44,35.13,116.77,1,1,0.80005
184,8,497.76,345.69,40.27,114.52,1,1,0.66667
184,6,786.24,521.15,53.27,115.59,1,1,0.7523
185,3,1225.91,385.21,51.97,104.03,1,1,0.78972
185,4,964.22,378.03,57.95,116.25,1,1,0.79925
185,1,1540.59,576.37,54.37,126.18,1,1,0.79715
185,22,1130.8,312.85,41.58,89.66,1,1,0.82345
185,21,709.81,389.62,43.88,115.69,1,1,0.86086
185,34,980.28,730.7,77.32,140.82,1,1,0.83164
185,20,524.58,376.69,45.93,104.82,1,1,0.81101
185,35,336.05,578.58,52.6,97.66,1,1,0.77395
185,36,1062.01,751.47,89.57,117.27,1,1,0.8293
185,5,1166.82,596.18,58.64,116.67,1,1,0.82634
185,28,827.52,439.89,57.09,119.66,1,1,0.81526
185,26,1538.97,459.56,47.62,119.76,1,1,0.79844
185,33,609.11,332.94,49.9,112.98,1,1,0.82466
185,29,561.77,271.77,55.42,96.86,1,1,0.68347
185,41,738.29,409.63,49.35,90.83,1,1,0.74971
185,13,561.41,378.96,50.15,115.95,1,1,0.84355
185,42,1872.33,580.86,42.01,111.97,1,1,0.81313
185,8,500.82,343.38,41.8,115.54,1,1,0.76907
185,6,793.82,516.13,51.73,114.41,1,1,0.71705
185,31,778.6,362.79,44.05,99.45,1,1,0.7844
186,3,1233.65,383.87,47.27,103.7,1,1,0.80592
186,4,970.74,377.05,60.17,115.56,1,1,0.81951
186,1,1540.4,577.05,55.92,124.14,1,1,0.82006
186,22,1137.57,313.56,41.41,87.72,1,1,0.82377
186,21,718.3,387.79,43.82,114.82,1,1,0.86093
186,34,965.97,731.03,84.18,135.37,1,1,0.83958
186,20,533.06,374.23,46.37,100.27,1,1,0.77901
186,35,347.29,574.77,56.67,103.06,1,1,0.80709
186,36,1052.77,750.13,89.0,115.47,1,1,0.82699
186,5,1177.56,594.5,57.34,115.32,1,1,0.84527
186,28,835.17,439.64,58.34,118.84,1,1,0.81651
186,26,1541.58,460.94,44.52,119.17,1,1,0.79969
186,33,616.41,332.24,50.99,115.31,1,1,0.8291
186,29,566.44,271.65,57.44,95.24,1,1,0.77749
186,41,747.02,409.96,51.17,87.96,1,1,0.79596
186,13,574.31,377.69,47.07,114.7,1,1,0.82127
186,42,1869.93,580.25,47.89,112.43,1,1,0.81871
186,8,508.47,342.35,42.45,115.24,1,1,0.77615
186,6,802.02,514.3,54.79,115.18,1,1,0.72826
186,31,788.17,360.93,43.33,100.66,1,1,0.79805
187,3,1236.47,382.34,48.77,102.32,1,1,0.72707
187,4,975.14,374.87,61.08,115.58,1,1,0.8286
187,1,1541.06,577.08,57.8,125.63,1,1,0.81498
187,22,1141.47,313.21,42.78,88.49,1,1,0.83204
187,21,723.07,385.51,46.77,114.49,1,1,0.85544
187,34,952.31,731.45,91.48,132.37,1,1,0.84401
187,20,537.63,372.44,48.13,96.35,1,1,0.78792
187,35,357.62,571.37,58.88,108.44,1,1,0.81225
187,36,1044.82,747.37,88.63,117.72,1,1,0.83082
187,5,1182.17,594.91,59.58,109.73,1,1,0.83014
187,28,840.82,440.03,58.08,115.0,1,1,0.79602
187,26,1542.24,461.15,42.72,117.48,1,1,0.80151
187,33,623.28,331.55,48.92,117.07,1,1,0.82377
187,29,568.18,272.3,60.15,93.6,1,1,0.80801
187,41,756.9,406.84,50.52,88.57,1,1,0.78977
187,13,582.51,375.5,46.73,114.85,1,1,0.81985
187,42,1867.35,579.22,52.3,111.89,1,1,0.81399
187,8,515.83,338.61,40.62,115.12,1,1,0.76282
187,31,795.84,358.98,42.25,100.68,1,1,0.77089
187,43,934.08,87.49,32.91,76.11,1,1,0.80576
188,3,1238.3,382.47,49.18,101.82,1,1,0.72679
188,4,977.44,374.87,61.39,115.56,1,1,0.82805
188,1,1542.02,577.8,58.52,126.17,1,1,0.8141
188,22,1143.66,313.82,43.27,88.77,1,1,0.83315
188,21,725.49,385.44,47.7,114.37,1,1,0.85539
188,34,948.12,732.29,94.38,131.34,1,1,0.84381
188,20,539.91,372.53,48.72,94.93,1,1,0.78787
188,35,361.93,570.84,59.78,110.53,1,1,0.81147
188,36,1043.08,747.08,88.47,118.56,1,1,0.83101
188,5,1184.4,595.74,60.39,107.65,1,1,0.82981
188,28,843.62,440.97,57.92,113.44,1,1,0.79628
188,26,1543.13,461.94,42.23,116.83,1,1,0.80089
188,33,626.26,332.02,48.2,117.77,1,1,0.8246
188,29,569.71,273.39,61.14,92.8,1,1,0.81181
188,41,761.15,406.35,49.96,88.95,1,1,0.78935
188,13,585.87,375.45,46.69,114.93,1,1,0.8203
188,42,1867.3,579.49,54.04,111.94,1,1,0.81362
188,8,519.1,337.91,39.88,114.93,1,1,0.76522
188,31,799.04,358.93,41.83,101.01,1,1,0.77616
188,43,936.13,87.94,32.83,76.26,1,1,0.80916
189,3,1233.44,381.38,55.68,105.7,1,1,0.76645
189,4,969.78,372.11,61.33,117.21,1,1,0.83873
189,1,1543.94,575.54,53.78,132.06,1,1,0.83592
189,22,1141.75,311.15,42.38,91.52,1,1,0.80803
189,21,722.77,382.45,49.88,109.35,1,1,0.85267
189,34,928.17,730.34,97.91,132.26,1,1,0.8404
189,20,542.88,369.89,42.29,101.97,1,1,0.78729
189,35,369.75,565.27,53.69,110.26,1,1,0.8401
189,36,1027.07,744.39,76.11,120.88,1,1,0.83123
189,5,1193.07,592.1,57.69,107.18,1,1,0.81755
189,28,842.96,437.96,51.24,106.16,1,1,0.81774
189,26,1532.38,459.98,46.38,113.35,1,1,0.83797
189,33,626.64,330.17,44.52,115.92,1,1,0.82758
189,29,564.43,274.94,62.8,88.53,1,1,0.81717
189,41,766.17,402.71,47.78,82.42,1,1,0.76612
189,13,582.6,372.88,48.4,113.79,1,1,0.85183
189,42,1852.28,577.03,62.84,114.24,1,1,0.84835
189,8,518.51,337.41,38.56,115.62,1,1,0.799
189,31,800.63,357.01,42.26,100.13,1,1,0.70225
189,6,823.17,511.28,53.13,118.15,1,1,0.75962
190,3,1236.99,379.64,61.24,108.15,1,1,0.81438
190,4,972.09,370.45,62.5,119.47,1,1,0.8285
190,1,1548.72,574.42,53.75,131.7,1,1,0.83697
190,22,1147.24,309.74,41.64,91.64,1,1,0.83467
190,21,728.87,380.92,51.16,103.72,1,1,0.85673
190,34,921.57,730.48,97.35,132.75,1,1,0.84721
190,20,550.09,368.37,40.2,105.07,1,1,0.77985
190,35,381.47,560.9,51.47,110.2,1,1,0.84282
190,36,1021.81,743.63,71.33,124.19,1,1,0.85124
190,5,1205.52,589.83,56.97,112.29,1,1,0.8273
190,28,849.43,434.91,46.32,102.48,1,1,0.81452
190,26,1530.03,458.54,50.28,112.83,1,1,0.84784
190,33,632.66,329.26,44.18,113.2,1,1,0.82635
190,29,568.03,275.71,63.32,85.34,1,1,0.82382
190,41,778.13,400.8,47.76,86.77,1,1,0.76967
190,13,587.96,370.87,51.14,112.68,1,1,0.85923
190,42,1847.04,574.6,68.49,114.46,1,1,0.81993
190,8,524.14,338.5,37.97,113.1,1,1,0.80098
190,31,808.33,356.52,43.64,99.73,1,1,0.80089
190,6,832.22,511.93,49.82,115.47,1,1,0.81845
190,19,1640.31,439.24,60.08,94.43,1,1,0.73922
191,3,1239.66,379.84,63.44,109.15,1,1,0.814
191,4,974.14,370.72,63.03,120.34,1,1,0.82975
191,1,1551.51,574.87,53.72,131.54,1,1,0.83719
191,22,1150.22,310.06,41.38,91.74,1,1,0.83482
191,21,732.24,381.26,51.68,101.74,1,1,0.85645
191,34,920.81,731.38,96.96,132.99,1,1,0.84739
191,20,553.38,368.77,39.5,106.27,1,1,0.77962
191,35,386.42,560.18,50.71,110.17,1,1,0.84311
191,36,1021.51,744.24,69.67,125.47,1,1,0.85118
191,5,1210.8,589.86,56.72,114.16,1,1,0.82755
191,28,852.45,434.67,44.66,101.23,1,1,0.81465
191,26,1530.43,458.85,51.81,112.68,1,1,0.84804
191,33,635.81,329.81,44.08,112.23,1,1,0.82564
191,29,570.59,276.82,63.52,84.17,1,1,0.82426
191,41,783.42,400.97,47.76,88.25,1,1,0.76969
191,13,591.04,371.03,52.2,112.28,1,1,0.85901
191,42,1846.43,574.58,70.68,114.63,1,1,0.81987
191,8,527.18,339.86,37.76,112.04,1,1,0.80065
191,31,812.16,357.22,44.17,99.58,1,1,0.80142
191,6,836.21,513.02,48.74,114.54,1,1,0.81834
191,19,1642.61,439.64,59.66,94.41,1,1,0.74134
192,3,1238.3,379.13,60.66,107.42,1,1,0.82128
192,4,970.24,370.34,60.8,121.01,1,1,0.80531
192,1,1549.23,574.82,55.32,127.73,1,1,0.83628
192,22,1149.12,310.62,39.0,88.9,1,1,0.82904
192,21,732.2,380.97,50.85,99.83,1,1,0.84656
192,34,913.18,732.73,92.24,128.59,1,1,0.85093
192,20,552.94,368.3,39.49,105.16,1,1,0.77483
192,35,388.0,557.89,49.4,108.42,1,1,0.80737
192,36,1012.21,743.67,71.41,124.46,1,1,0.8398
192,5,1214.63,588.88,53.76,117.15,1,1,0.83741
192,28,850.89,433.02,44.56,100.7,1,1,0.8086
192,26,1523.59,458.33,53.95,113.06,1,1,0.838
192,33,634.86,328.31,44.59,110.94,1,1,0.82768
192,29,569.67,276.79,62.83,81.64,1,1,0.82048
192,41,786.38,400.01,45.95,88.02,1,1,0.68887
192,13,590.79,369.51,52.59,111.84,1,1,0.8592
192,42,1839.19,573.97,65.91,110.99,1,1,0.78111
192,8,525.75,340.36,38.11,108.78,1,1,0.77719
192,31,812.43,357.38,43.7,101.39,1,1,0.77076
192,6,837.6,511.17,48.73,113.21,1,1,0.82541
192,19,1641.46,439.85,56.47,95.21,1,1,0.72915
193,3,1237.48,380.36,54.75,106.03,1,1,0.80656
193,4,969.96,371.24,56.46,118.56,1,1,0.83118
193,1,1545.99,574.43,59.62,122.64,1,1,0.84052
193,22,1148.56,311.35,37.36,86.11,1,1,0.84543
193,21,733.38,380.36,50.66,100.4,1,1,0.84287
193,34,907.21,732.19,87.32,124.67,1,1,0.85169
193,20,552.32,368.45,40.14,103.54,1,1,0.76374
193,35,390.42,557.66,49.63,104.25,1,1,0.81287
193,36,1004.6,743.54,70.98,120.47,1,1,0.84071
193,5,1211.21,589.09,57.08,115.83,1,1,0.84526
193,28,850.27,431.78,43.77,98.83,1,1,0.8241
193,26,1519.27,458.76,53.02,113.14,1,1,0.82637
193,33,635.1,326.68,43.87,110.12,1,1,0.82834
193,29,571.1,276.38,60.99,79.7,1,1,0.8201
193,41,790.42,398.44,44.92,86.81,1,1,0.76598
193,13,593.23,368.7,50.41,110.54,1,1,0.86063
193,42,1835.85,573.63,59.83,107.95,1,1,0.78235
193,8,525.38,341.18,34.57,105.23,1,1,0.76609
193,31,814.69,357.32,43.42,98.44,1,1,0.79607
193,6,840.87,510.02,47.48,110.39,1,1,0.83015
193,44,371.83,101.1,28.22,67.11,1,1,0.73825
194,3,1235.7,381.51,50.36,104.2,1,1,0.80808
194,4,969.74,372.0,53.65,116.24,1,1,0.83583
194,1,1538.66,575.01,66.06,120.24,1,1,0.84586
194,22,1147.77,311.29,38.8,87.02,1,1,0.82784
194,21,734.02,379.99,50.41,102.66,1,1,0.84175
194,34,900.36,731.27,84.61,124.94,1,1,0.85976
194,20,552.54,368.27,39.17,102.01,1,1,0.76442
194,35,390.69,559.39,54.32,99.09,1,1,0.80582
194,36,995.02,742.14,72.54,118.11,1,1,0.85083
194,5,1206.06,589.28,63.98,112.09,1,1,0.85484
194,28,850.18,431.54,43.55,95.23,1,1,0.82652
194,26,1512.91,459.72,53.12,115.46,1,1,0.83169
194,33,634.46,325.54,44.7,113.03,1,1,0.81637
194,29,575.38,275.67,57.62,80.01,1,1,0.8046
194,41,794.54,398.21,43.09,87.23,1,1,0.8053
194,13,594.06,369.08,49.01,109.56,1,1,0.83581
194,42,1825.81,573.76,61.44,107.37,1,1,0.8012
194,8,524.69,341.03,33.15,103.44,1,1,0.69515
194,31,816.18,358.0,44.85,100.6,1,1,0.81904
194,6,843.36,508.49,47.26,109.41,1,1,0.82991
195,3,1223.18,381.24,46.43,101.02,1,1,0.78559
195,4,962.46,370.46,49.18,113.24,1,1,0.85038
195,1,1527.81,572.93,67.27,124.18,1,1,0.84306
195,22,1136.88,310.73,45.81,77.79,1,1,0.83513
195,21,730.94,377.0,46.51,100.39,1,1,0.84373
195,34,881.57,728.89,84.16,125.88,1,1,0.8637
195,20,548.02,365.82,38.2,98.74,1,1,0.65813
195,35,396.79,560.24,57.0,103.48,1,1,0.8256
195,36,976.82,737.69,71.74,112.04,1,1,0.83304
195,5,1199.82,588.98,68.79,101.1,1,1,0.81577
195,28,844.04,430.85,43.63,94.31,1,1,0.80568
195,26,1493.83,459.51,53.85,112.83,1,1,0.84221
195,33,628.92,322.71,44.67,114.27,1,1,0.82673
195,29,575.03,272.57,51.74,79.32,1,1,0.83473
195,41,794.48,392.57,43.63,91.77,1,1,0.76401
195,13,594.27,367.57,41.4,106.79,1,1,0.81791
195,42,1807.16,572.94,60.94,108.06,1,1,0.81136
195,8,518.06,337.46,35.57,99.54,1,1,0.70412
195,31,810.62,354.36,47.61,94.7,1,1,0.802
195,6,837.93,506.91,52.14,110.25,1,1,0.80415
195,19,1619.54,439.9,54.34,88.23,1,1,0.64234
196,4,964.32,369.84,45.63,109.57,1,1,0.8352
196,1,1527.64,572.77,66.3,129.26,1,1,0.83259
196,22,1137.72,310.44,45.27,76.93,1,1,0.80882
196,21,736.08,376.42,44.15,98.97,1,1,0.84921
196,34,872.73,728.32,87.65,128.44,1,1,0.86307
196,20,550.64,365.44,38.64,97.06,1,1,0.71752
196,35,408.11,559.38,55.05,106.35,1,1,0.84747
196,36,968.8,736.13,74.38,118.81,1,1,0.84305
196,5,1205.03,588.51,72.04,109.34,1,1,0.73768
196,28,847.17,431.74,45.12,93.96,1,1,0.82418
196,26,1489.82,458.85,53.74,111.75,1,1,0.83281
196,33,632.43,322.64,44.45,114.5,1,1,0.82063
196,29,581.78,271.93,48.77,78.44,1,1,0.83377
196,41,800.08,390.75,45.44,91.85,1,1,0.8069
196,13,600.51,367.95,37.46,104.55,1,1,0.82335
196,42,1800.18,573.79,63.92,108.95,1,1,0.79666
196,8,520.12,337.08,37.54,98.11,1,1,0.68129
196,31,814.18,355.01,47.89,86.81,1,1,0.78407
196,6,841.0,506.96,57.66,111.87,1,1,0.80105
197,4,962.62,370.13,44.54,109.35,1,1,0.85946
197,1,1527.45,573.28,60.98,128.99,1,1,0.83599
197,22,1138.66,311.66,40.82,78.8,1,1,0.82101
197,21,737.33,375.92,42.34,96.82,1,1,0.86294
197,34,862.87,728.98,91.23,125.87,1,1,0.86694
197,20,551.67,366.03,38.29,95.63,1,1,0.78674
197,35,415.1,559.37,51.91,103.9,1,1,0.85299
197,36,960.57,735.65,75.65,121.55,1,1,0.8539
197,5,1214.57,588.85,65.5,110.29,1,1,0.83399
197,28,847.92,432.66,46.22,90.61,1,1,0.85588
197,26,1484.27,458.56,52.06,113.63,1,1,0.82247
197,33,634.08,323.47,42.74,113.35,1,1,0.82015
197,29,585.38,271.45,45.62,75.29,1,1,0.84422
197,41,802.52,389.42,46.61,91.63,1,1,0.82292
197,13,603.19,367.97,35.42,101.98,1,1,0.83742
197,42,1794.16,575.86,60.98,105.55,1,1,0.80375
197,31,815.81,355.07,47.21,82.86,1,1,0.7136
197,6,846.08,506.48,57.01,115.39,1,1,0.80198
198,4,964.46,370.76,44.68,109.19,1,1,0.85591
198,1,1530.19,573.74,59.01,129.15,1,1,0.83611
198,22,1141.4,312.37,39.04,79.66,1,1,0.81588
198,21,739.92,376.33,42.11,95.93,1,1,0.85804
198,34,862.33,729.54,92.77,124.98,1,1,0.86734
198,20,554.54,366.48,38.57,95.47,1,1,0.76865
198,35,420.17,559.66,50.96,103.14,1,1,0.85162
198,36,960.7,735.8,76.42,122.73,1,1,0.85314
198,5,1221.02,589.33,62.91,110.99,1,1,0.8328
198,28,851.04,433.35,46.82,89.64,1,1,0.85198
198,26,1485.39,458.72,51.37,114.54,1,1,0.81716
198,33,636.87,324.08,42.72,113.18,1,1,0.81599
198,29,588.73,271.48,45.41,74.79,1,1,0.83752
198,41,806.07,389.6,47.36,91.34,1,1,0.8193
198,13,606.22,368.3,35.13,101.29,1,1,0.83236
198,42,1795.2,576.99,59.56,104.37,1,1,0.80318
198,31,819.02,355.44,47.2,83.62,1,1,0.72849
198,6,850.74,506.56,56.95,116.93,1,1,0.80171
198,48,1014.74,110.27,32.0,72.85,1,1,0.78945
199,4,961.07,369.99,43.87,111.5,1,1,0.84637
199,1,1528.13,573.5,54.84,126.98,1,1,0.83851
199,22,1138.3,313.45,37.58,77.56,1,1,0.82459
199,21,738.09,375.34,40.31,94.06,1,1,0.86415
199,34,854.31,729.64,93.97,121.3,1,1,0.88613
199,20,555.08,365.46,36.97,95.77,1,1,0.78382
199,35,420.2,559.11,51.47,100.45,1,1,0.84412
199,36,953.86,736.85,76.22,121.77,1,1,0.85315
199,5,1226.72,589.62,53.73,110.35,1,1,0.84475
199,28,847.11,431.96,47.47,89.91,1,1,0.86477
199,26,1479.86,458.42,50.12,116.19,1,1,0.81361
199,33,636.16,324.33,39.66,111.54,1,1,0.83782
199,29,585.59,270.24,46.82,75.12,1,1,0.83148
199,41,806.3,388.34,45.76,85.56,1,1,0.77491
199,13,604.53,366.57,34.78,101.45,1,1,0.84455
199,42,1787.96,577.67,54.08,100.02,1,1,0.8192
199,31,817.31,355.21,45.66,80.78,1,1,0.64838
199,6,850.77,508.13,54.9,112.7,1,1,0.80147
199,48,1016.33,111.22,29.69,71.31,1,1,0.82223
199,3,1218.0,382.75,44.27,100.98,1,1,0.76871
199,8,519.29,338.26,37.21,97.45,1,1,0.70351
200,4,948.93,369.88,44.12,113.02,1,1,0.84616
200,1,1519.49,573.56,50.49,123.18,1,1,0.84288
200,22,1126.24,310.71,37.53,81.16,1,1,0.8294
200,21,729.59,374.54,39.23,91.14,1,1,0.86008
200,34,841.1,728.09,91.77,115.98,1,1,0.8848
200,20,547.42,366.42,35.95,94.15,1,1,0.668
200,35,415.07,555.28,53.1,96.61,1,1,0.85521
200,36,937.9,736.11,72.77,116.82,1,1,0.84508
200,5,1226.46,586.53,48.96,108.0,1,1,0.83895
200,28,837.86,427.97,47.28,96.8,1,1,0.82152
200,26,1466.76,458.44,47.51,117.29,1,1,0.82313
200,33,628.42,324.56,39.78,109.22,1,1,0.83429
200,29,576.8,266.73,49.29,78.24,1,1,0.83741
200,41,798.5,393.41,46.12,87.74,1,1,0.8003
200,13,596.53,362.29,39.92,103.74,1,1,0.84937
200,42,1768.28,575.7,56.49,101.19,1,1,0.80956
200,31,811.88,354.86,44.26,76.22,1,1,0.71125
200,6,846.55,508.69,53.26,105.94,1,1,0.81284
200,3,1205.86,381.42,47.06,98.77,1,1,0.8219
200,8,508.95,337.58,35.32,94.81,1,1,0.65405
201,4,947.23,370.72,43.33,112.91,1,1,0.85348
201,1,1516.89,573.99,50.89,123.76,1,1,0.84345
201,22,1124.26,310.14,36.95,80.35,1,1,0.82376
201,21,730.07,374.92,38.1,86.4,1,1,0.83765
201,34,839.91,728.17,87.29,118.38,1,1,0.8808
201,20,547.03,365.9,36.61,92.75,1,1,0.73425
201,35,418.77,552.79,53.5,98.34,1,1,0.85488
201,36,933.84,735.7,68.25,111.49,1,1,0.83606
201,5,1228.07,586.07,51.45,104.96,1,1,0.84198
201,28,837.34,426.34,45.72,96.14,1,1,0.79324
201,26,1462.45,459.74,45.28,117.96,1,1,0.82381
201,33,628.97,325.42,37.96,106.23,1,1,0.82864
201,29,578.83,265.8,47.94,78.63,1,1,0.79071
201,41,799.08,397.56,45.48,86.39,1,1,0.77565
201,13,595.38,360.14,43.54,103.78,1,1,0.84604
201,42,1758.48,575.09,58.82,103.79,1,1,0.76172
201,31,814.46,355.66,43.15,82.19,1,1,0.74241
201,6,849.46,508.45,53.78,102.22,1,1,0.80065
201,3,1204.73,381.69,47.96,97.66,1,1,0.82852
201,8,508.31,338.04,34.0,92.64,1,1,0.6608
202,4,944.53,372.64,42.89,112.04,1,1,0.8562
202,1,1513.23,575.2,51.21,126.09,1,1,0.83721
202,22,1122.32,311.18,36.06,81.13,1,1,0.82408
202,21,727.55,375.8,37.87,83.0,1,1,0.85111
202,34,838.62,729.52,82.68,122.12,1,1,0.88052
202,20,545.11,367.94,36.56,89.57,1,1,0.73103
202,35,420.61,553.34,55.1,102.29,1,1,0.84117
202,36,928.76,735.18,65.57,108.35,1,1,0.83163
202,5,1223.11,589.13,58.99,100.32,1,1,0.8394
202,28,833.86,426.58,45.82,95.7,1,1,0.81142
202,26,1457.33,461.99,42.19,116.24,1,1,0.83523
202,33,628.01,326.02,37.09,104.07,1,1,0.84524
202,29,580.93,266.35,45.36,78.68,1,1,0.74764
202,41,797.32,401.22,46.8,78.79,1,1,0.78371
202,13,593.65,360.04,45.39,102.87,1,1,0.85412
202,42,1749.86,576.23,53.76,107.74,1,1,0.80613
202,31,813.79,358.18,42.6,77.52,1,1,0.7698
202,6,849.02,508.17,54.2,101.78,1,1,0.80801
202,3,1200.65,382.64,47.91,97.6,1,1,0.83984
202,8,505.43,338.86,34.27,91.75,1,1,0.74907
202,51,726.71,447.42,41.3,104.21,1,1,0.83848
203,4,946.84,373.52,42.79,111.73,1,1,0.85628
203,1,1515.26,575.82,51.32,126.98,1,1,0.83746
203,22,1124.9,311.72,35.76,81.47,1,1,0.82426
203,21,729.83,376.28,37.85,81.92,1,1,0.85146
203,34,841.88,730.19,80.9,123.52,1,1,0.88076
203,20,547.75,368.84,36.47,88.72,1,1,0.73147
203,35,424.76,553.89,55.59,102.97,1,1,0.84275
203,36,930.51,735.17,64.6,107.24,1,1,0.83202
203,5,1224.91,590.43,61.73,98.62,1,1,0.83964
203,28,835.96,426.86,45.89,95.57,1,1,0.81225
203,26,1458.86,462.99,41.08,115.57,1,1,0.83598
203,33,630.86,326.39,36.81,103.35,1,1,0.84521
203,29,585.0,266.73,44.32,78.71,1,1,0.74275
203,41,800.06,402.66,47.32,75.99,1,1,0.78443
203,13,596.38,360.2,46.23,102.59,1,1,0.85475
203,42,1750.32,576.82,51.59,109.26,1,1,0.80647
203,31,816.77,359.26,42.45,75.7,1,1,0.77017
203,6,852.16,508.25,54.35,101.65,1,1,0.80857
203,3,1202.58,383.14,47.85,97.43,1,1,0.83995
203,8,507.6,339.34,34.56,91.5,1,1,0.74328
203,51,727.29,447.43,41.54,104.25,1,1,0.83987
203,52,1034.36,120.32,27.32,69.62,1,1,0.83208
204,4,940.89,373.41,43.84,109.12,1,1,0.85822
204,1,1509.1,575.94,52.34,129.03,1,1,0.84299
204,22,1118.67,311.4,36.28,77.26,1,1,0.8034
204,21,723.95,375.14,38.89,84.05,1,1,0.84287
204,34,836.56,729.75,79.62,123.08,1,1,0.88013
204,20,540.67,368.5,38.25,87.67,1,1,0.70168
204,35,422.78,552.44,56.07,107.49,1,1,0.84711
204,36,920.04,737.03,66.35,112.33,1,1,0.84876
204,5,1230.8,590.13,56.16,94.01,1,1,0.82524
204,28,832.49,426.03,44.42,93.01,1,1,0.81655
204,26,1450.55,462.88,42.71,113.22,1,1,0.82583
204,33,625.83,324.27,37.58,104.8,1,1,0.83586
204,29,584.64,266.4,40.15,77.99,1,1,0.79613
204,41,795.67,402.42,48.42,76.09,1,1,0.78814
204,13,590.9,358.84,47.82,103.75,1,1,0.84554
204,42,1740.28,576.08,52.04,109.1,1,1,0.79213
204,31,814.19,358.1,41.01,74.73,1,1,0.77749
204,6,848.26,506.54,54.3,104.3,1,1,0.81497
204,3,1196.51,380.9,45.56,97.07,1,1,0.84405
204,8,501.12,337.45,35.58,91.49,1,1,0.78055
204,52,1033.73,120.13,28.09,71.18,1,1,0.83493
205,4,934.21,372.85,44.69,107.27,1,1,0.86085
205,1,1502.21,577.04,51.92,128.2,1,1,0.84071
205,22,1114.21,311.16,35.67,77.46,1,1,0.81205
205,21,718.72,374.01,39.6,85.51,1,1,0.84954
205,34,828.45,730.43,81.92,118.99,1,1,0.86374
205,20,536.3,369.08,38.0,85.88,1,1,0.7674
205,35,423.0,551.73,53.31,106.89,1,1,0.84128
205,36,914.18,737.7,63.82,117.1,1,1,0.85771
205,5,1232.83,590.44,53.7,99.64,1,1,0.7971
205,28,826.65,426.56,45.36,91.1,1,1,0.80203
205,26,1441.85,462.7,42.76,110.54,1,1,0.82646
205,33,620.34,323.6,39.23,106.34,1,1,0.84423
205,29,583.77,265.87,37.45,77.21,1,1,0.82022
205,41,792.2,401.9,44.48,75.23,1,1,0.78509
205,13,585.24,358.77,46.83,103.81,1,1,0.81149
205,42,1728.58,577.14,48.91,105.5,1,1,0.80203
205,31,810.59,357.03,40.39,74.71,1,1,0.81027
205,6,845.02,506.19,56.1,103.43,1,1,0.82848
205,3,1189.52,379.77,44.37,97.47,1,1,0.85033
205,8,494.62,335.41,35.92,90.8,1,1,0.80729
205,52,1036.79,120.74,28.5,72.23,1,1,0.84644
206,4,930.0,371.73,45.64,106.07,1,1,0.8557
206,1,1497.03,578.22,50.75,124.34,1,1,0.84272
206,22,1111.11,311.45,35.43,82.55,1,1,0.81732
206,21,715.66,372.76,40.18,87.44,1,1,0.84664
206,34,820.75,731.32,86.5,115.5,1,1,0.87042
206,20,533.7,368.85,37.0,85.76,1,1,0.7535
206,35,424.09,551.53,52.24,106.33,1,1,0.82687
206,36,910.23,736.83,62.31,119.09,1,1,0.85147
206,5,1235.3,590.67,52.71,102.96,1,1,0.81977
206,28,824.13,426.67,45.42,94.33,1,1,0.81019
206,26,1434.35,462.46,44.71,109.99,1,1,0.83254
206,33,616.49,322.57,40.73,107.04,1,1,0.83677
206,29,583.06,265.41,36.71,77.03,1,1,0.80046
206,41,789.16,401.56,47.16,72.33,1,1,0.81136
206,13,584.1,358.42,44.24,104.45,1,1,0.78835
206,42,1721.15,577.2,46.6,100.71,1,1,0.79596
206,31,808.42,355.73,40.06,73.54,1,1,0.77665
206,6,843.74,506.59,57.5,101.46,1,1,0.80855
206,3,1185.01,379.86,42.92,95.87,1,1,0.84246
206,8,489.91,334.35,36.96,89.69,1,1,0.80948
206,52,1041.08,120.69,28.57,73.62,1,1,0.83549
207,4,925.07,370.27,45.98,105.89,1,1,0.86325
207,1,1492.77,578.58,52.84,120.68,1,1,0.85025
207,22,1108.78,312.24,35.64,84.66,1,1,0.83233
207,21,712.2,371.09,41.38,92.85,1,1,0.85859
207,34,815.07,731.87,89.38,111.41,1,1,0.86
207,20,530.19,367.44,37.08,88.49,1,1,0.70674
207,35,424.59,551.94,50.55,104.39,1,1,0.83883
207,36,906.21,736.28,61.61,119.13,1,1,0.85132
207,5,1236.13,590.87,51.44,104.81,1,1,0.81361
207,28,821.98,427.25,45.32,97.56,1,1,0.82204
207,26,1427.62,463.18,45.98,109.46,1,1,0.83675
207,33,612.96,321.72,41.56,107.57,1,1,0.83686
207,29,580.77,264.78,37.91,76.64,1,1,0.79019
207,41,788.9,400.24,45.82,78.72,1,1,0.81792
207,13,581.8,358.42,42.95,103.66,1,1,0.81937
207,42,1712.57,576.96,46.67,103.27,1,1,0.80645
207,31,807.3,354.59,39.5,74.58,1,1,0.72837
207,6,844.03,507.15,56.95,100.43,1,1,0.81039
207,3,1180.34,380.32,41.9,93.38,1,1,0.8426
207,8,485.53,333.26,37.3,89.37,1,1,0.82041
207,52,1045.2,124.54,28.75,71.26,1,1,0.84557
208,4,920.29,368.76,47.15,106.84,1,1,0.85825
208,1,1489.02,578.99,57.73,118.27,1,1,0.85303
208,22,1106.23,311.72,36.83,85.28,1,1,0.82604
208,21,708.62,369.22,41.62,97.69,1,1,0.83711
208,34,808.31,731.17,93.98,112.54,1,1,0.85737
208,20,525.42,364.94,38.34,89.91,1,1,0.73201
208,35,423.21,551.16,51.11,101.93,1,1,0.84676
208,36,894.6,739.49,68.53,113.07,1,1,0.84679
208,5,1230.7,589.83,61.28,107.08,1,1,0.81163
208,28,817.49,426.11,45.76,101.77,1,1,0.8166
208,26,1419.88,464.32,49.8,110.48,1,1,0.82091
208,33,607.85,320.17,41.79,108.7,1,1,0.81031
208,29,574.56,262.97,43.03,75.99,1,1,0.77409
208,41,789.05,400.26,42.93,79.15,1,1,0.77098
208,13,580.11,358.46,39.73,102.14,1,1,0.80258
208,42,1702.71,576.33,50.28,106.23,1,1,0.79258
208,31,805.9,352.54,40.53,84.19,1,1,0.74786
208,6,845.11,507.58,53.51,103.29,1,1,0.8261
208,3,1175.85,380.69,42.15,91.24,1,1,0.81848
208,8,479.91,330.96,37.15,91.27,1,1,0.81083
208,52,1049.36,125.89,28.91,70.93,1,1,0.66227
209,4,916.64,366.22,47.88,108.62,1,1,0.85573
209,1,1486.24,578.85,62.56,118.6,1,1,0.85125
209,22,1104.5,310.18,37.43,85.61,1,1,0.82818
209,21,706.34,366.94,41.13,98.8,1,1,0.81897
209,34,806.81,729.85,94.37,114.66,1,1,0.86235
209,20,522.25,363.36,38.85,90.54,1,1,0.74307
209,35,421.52,549.96,51.27,99.39,1,1,0.84368
209,36,890.58,740.98,68.84,108.03,1,1,0.83276
209,5,1229.23,588.49,63.85,106.38,1,1,0.79101
209,28,814.29,425.09,45.32,101.58,1,1,0.80991
209,26,1416.52,463.92,50.05,110.69,1,1,0.81904
209,33,605.38,318.81,40.26,108.97,1,1,0.79162
209,29,569.89,260.34,46.8,76.62,1,1,0.814
209,41,788.84,399.47,40.84,78.81,1,1,0.76755
209,13,578.33,355.99,38.25,100.88,1,1,0.80215
209,42,1698.64,576.99,49.75,108.38,1,1,0.80988
209,31,804.92,350.41,40.17,85.9,1,1,0.76194
209,6,848.69,508.03,49.81,103.61,1,1,0.82449
209,3,1173.67,379.24,42.58,98.73,1,1,0.81714
209,8,473.93,328.41,38.49,91.57,1,1,0.79709
209,52,1054.53,124.82,29.49,70.68,1,1,0.77618
210,4,912.86,364.98,48.11,110.53,1,1,0.84591
210,1,1483.99,578.16,65.76,121.63,1,1,0.84617
210,22,1101.16,307.98,37.58,88.58,1,1,0.82955
210,21,702.15,365.04,41.37,100.1,1,1,0.8144
210,34,809.16,729.9,90.13,117.07,1,1,0.86948
210,20,517.63,362.0,39.44,90.63,1,1,0.73366
210,35,418.53,548.6,51.88,96.71,1,1,0.83348
210,36,888.24,742.58,68.76,102.86,1,1,0.83162
210,5,1225.57,587.71,64.4,104.59,1,1,0.78238
210,28,809.47,422.99,44.8,101.55,1,1,0.81846
210,26,1412.06,464.35,50.91,112.81,1,1,0.82625
210,33,601.34,317.53,39.07,108.58,1,1,0.76155
210,29,564.25,256.52,50.79,78.08,1,1,0.80635
210,41,786.8,398.13,39.97,81.22,1,1,0.77778
210,13,574.38,354.24,37.32,100.0,1,1,0.80286
210,42,1695.02,578.27,50.87,110.03,1,1,0.7994
210,31,803.01,349.54,40.28,84.91,1,1,0.76046
210,6,847.55,507.4,49.14,102.76,1,1,0.81941
210,3,1170.68,378.48,42.75,101.31,1,1,0.815
210,8,466.66,326.93,39.67,92.05,1,1,0.78756
211,4,907.8,363.43,49.35,113.01,1,1,0.82912
211,1,1483.48,578.02,66.73,126.84,1,1,0.84508
211,22,1097.81,306.07,39.89,90.82,1,1,0.82309
211,21,697.95,362.79,42.07,102.16,1,1,0.82978
211,34,813.73,729.96,83.7,118.53,1,1,0.86709
211,20,515.21,362.05,38.61,90.34,1,1,0.65658
211,35,415.57,547.17,53.17,100.0,1,1,0.83577
211,36,883.36,743.43,70.38,100.64,1,1,0.82893
211,5,1229.79,585.58,62.95,106.42,1,1,0.73653
211,28,805.62,419.27,44.22,100.91,1,1,0.80541
211,26,1408.08,464.51,52.11,111.12,1,1,0.81866
211,33,598.18,316.0,37.44,107.62,1,1,0.79573
211,29,559.59,253.0,53.01,78.95,1,1,0.80364
211,41,786.17,396.08,38.5,83.56,1,1,0.65534
211,13,570.16,350.68,36.71,101.13,1,1,0.78603
211,42,1690.54,579.86,50.54,107.27,1,1,0.82865
211,31,802.67,348.54,38.27,84.11,1,1,0.74527
211,6,847.14,505.34,47.46,102.22,1,1,0.82934
211,8,459.86,325.68,40.79,91.72,1,1,0.78897
211,53,500.84,326.6,37.65,99.21,1,1,0.7112
211,52,1065.03,123.47,29.09,70.69,1,1,0.78914
212,4,904.28,362.89,49.43,114.05,1,1,0.8233
212,1,1485.05,579.32,64.75,127.76,1,1,0.84215
212,22,1095.01,305.32,41.28,91.52,1,1,0.81912
212,21,694.39,361.13,42.07,102.1,1,1,0.82899
212,34,814.48,730.85,81.19,117.62,1,1,0.86938
212,35,415.96,546.09,54.37,104.44,1,1,0.82925
212,36,881.02,744.07,70.51,101.8,1,1,0.82292
212,5,1235.52,591.53,62.24,103.66,1,1,0.79908
212,28,802.55,417.01,44.39,101.16,1,1,0.792
212,26,1403.9,465.18,52.27,107.73,1,1,0.80913
212,33,594.88,314.91,36.48,106.1,1,1,0.75838
212,29,557.19,250.29,53.14,78.85,1,1,0.77997
212,41,785.47,394.86,37.55,82.98,1,1,0.69902
212,13,566.5,348.27,36.43,100.1,1,1,0.75539
212,42,1687.32,580.36,51.51,105.15,1,1,0.82868
212,31,802.96,349.1,40.42,95.24,1,1,0.78662
212,6,846.63,503.49,49.37,102.08,1,1,0.8278
212,8,454.03,324.24,39.8,91.08,1,1,0.78432
212,52,1071.16,121.64,29.11,70.61,1,1,0.78996
213,4,901.04,363.24,48.61,112.07,1,1,0.83709
213,1,1488.27,581.13,59.16,125.43,1,1,0.85208
213,22,1095.61,304.79,39.4,91.78,1,1,0.81926
213,21,690.97,359.96,41.69,102.77,1,1,0.8354
213,34,810.79,731.61,84.75,116.06,1,1,0.87477
213,35,418.15,546.21,52.74,108.39,1,1,0.83542
213,36,886.53,744.5,64.34,106.72,1,1,0.8095
213,5,1246.25,594.58,56.96,105.1,1,1,0.82902
213,28,798.65,414.25,46.44,102.44,1,1,0.78928
213,26,1399.89,464.76,52.97,105.41,1,1,0.81668
213,33,591.03,314.93,35.55,103.82,1,1,0.72321
213,29,556.45,249.59,50.81,77.82,1,1,0.80136
213,13,562.63,346.22,38.69,102.57,1,1,0.78993
213,42,1683.46,581.58,52.29,103.54,1,1,0.84555
213,31,802.01,349.61,42.57,102.12,1,1,0.77892
213,6,844.79,502.23,52.8,104.62,1,1,0.8279
213,8,447.89,322.72,39.42,90.01,1,1,0.80284
213,52,1077.46,119.82,28.31,71.82,1,1,0.78302
213,3,1163.55,374.54,42.35,97.06,1,1,0.70672
213,20,505.65,359.69,39.46,91.39,1,1,0.67847
214,4,897.24,361.7,46.04,110.37,1,1,0.83095
214,1,1491.56,580.7,53.3,122.48,1,1,0.84637
214,22,1094.19,303.8,38.68,90.73,1,1,0.82319
214,21,687.03,357.67,41.5,101.48,1,1,0.83152
214,34,807.78,730.64,87.94,114.1,1,1,0.87325
214,35,417.99,545.75,52.47,107.63,1,1,0.83525
214,36,887.89,744.97,61.31,105.01,1,1,0.82368
214,5,1255.86,595.03,50.07,108.03,1,1,0.82069
214,28,794.14,410.5,48.8,104.85,1,1,0.77566
214,26,1398.77,463.0,51.16,107.7,1,1,0.82984
214,33,586.66,313.02,35.49,100.98,1,1,0.73532
214,29,558.42,246.85,45.93,77.08,1,1,0.74073
214,13,559.64,342.94,40.41,103.64,1,1,0.80658
214,42,1681.34,581.39,53.55,105.37,1,1,0.82804
214,31,799.84,349.07,44.06,102.4,1,1,0.79035
214,6,841.68,500.25,57.11,109.14,1,1,0.82871
214,8,440.9,319.91,39.48,87.52,1,1,0.80922
214,52,1083.46,118.89,27.67,70.71,1,1,0.7989
214,3,1160.85,371.84,41.76,97.28,1,1,0.79672
214,20,500.63,356.78,39.85,89.23,1,1,0.70097
215,4,894.93,360.05,44.35,109.29,1,1,0.83026
215,1,1493.29,581.31,50.37,122.27,1,1,0.83982
215,22,1092.47,303.06,38.33,88.43,1,1,0.81767
215,21,683.6,355.25,41.1,100.99,1,1,0.82539
215,34,808.4,729.76,88.68,113.85,1,1,0.86922
215,35,418.8,546.01,52.29,105.98,1,1,0.84601
215,36,885.66,746.76,61.71,103.96,1,1,0.83166
215,5,1263.37,594.91,47.12,105.54,1,1,0.81827
215,28,791.69,411.03,49.93,102.17,1,1,0.7754
215,26,1398.49,462.45,48.05,110.19,1,1,0.82419
215,33,582.24,310.96,35.68,99.01,1,1,0.72383
215,29,562.31,244.31,40.75,77.11,1,1,0.77161
215,13,556.4,341.76,40.94,103.4,1,1,0.81338
215,42,1682.15,581.55,51.53,107.27,1,1,0.8249
215,31,797.51,347.37,44.32,88.71,1,1,0.754
215,6,843.85,499.44,56.05,112.39,1,1,0.83166
215,8,435.89,317.27,38.12,87.04,1,1,0.81271
215,52,1089.35,117.34,27.22,70.51,1,1,0.78122
215,3,1158.4,369.31,42.37,97.01,1,1,0.78007
215,20,495.46,355.48,40.45,86.26,1,1,0.74458
215,41,783.42,387.9,36.71,71.58,1,1,0.64982
216,4,892.43,357.9,44.45,108.49,1,1,0.82325
216,1,1493.89,582.07,50.8,124.35,1,1,0.83332
216,22,1091.28,301.6,38.21,85.27,1,1,0.81157
216,21,679.54,352.11,41.53,101.69,1,1,0.8093
216,34,811.45,729.21,87.88,118.09,1,1,0.86696
216,35,417.01,544.91,54.42,104.78,1,1,0.83701
216,36,883.02,747.99,63.51,104.83,1,1,0.83242
216,5,1266.15,593.13,47.88,103.62,1,1,0.80621
216,28,789.1,410.05,51.1,102.83,1,1,0.76299
216,26,1398.36,461.8,45.93,113.15,1,1,0.81422
216,33,577.73,308.13,36.33,100.01,1,1,0.71052
216,29,564.31,241.13,38.59,77.76,1,1,0.75549
216,13,552.57,340.74,41.86,104.05,1,1,0.80169
216,42,1682.9,581.34,49.68,110.74,1,1,0.81253
216,31,794.45,345.3,46.9,83.92,1,1,0.77174
216,6,844.98,499.41,55.67,113.2,1,1,0.83288
216,8,429.38,314.42,39.61,88.33,1,1,0.79997
216,52,1095.71,116.55,27.13,70.06,1,1,0.71288
216,3,1156.84,367.62,42.99,90.95,1,1,0.73448
216,20,492.63,354.09,39.77,87.17,1,1,0.72259
216,41,782.14,386.41,37.19,68.77,1,1,0.67554
217,4,888.47,355.61,44.23,107.57,1,1,0.82409
217,1,1494.44,582.8,49.81,127.49,1,1,0.83949
217,22,1090.24,300.18,37.97,86.55,1,1,0.82266
217,21,675.76,349.69,40.96,103.82,1,1,0.83576
217,34,822.61,728.91,79.02,122.75,1,1,0.86433
217,35,415.74,543.93,53.68,101.52,1,1,0.84736
217,36,881.46,748.75,64.82,105.79,1,1,0.83809
217,5,1265.22,593.79,54.38,100.18,1,1,0.82543
217,28,790.5,410.65,48.06,101.58,1,1,0.79075
217,26,1399.42,461.6,43.01,115.39,1,1,0.81806
217,29,564.99,238.94,36.49,77.18,1,1,0.80537
217,13,549.97,340.42,40.78,103.74,1,1,0.81821
217,42,1679.37,582.34,52.09,111.18,1,1,0.81511
217,31,792.18,344.8,46.77,73.19,1,1,0.73008
217,6,846.87,501.43,53.38,109.66,1,1,0.83566
217,8,423.13,311.99,38.6,90.41,1,1,0.80581
217,41,780.22,386.0,38.04,74.09,1,1,0.67948
218,4,884.98,353.75,44.47,109.13,1,1,0.82954
218,1,1495.15,583.97,50.14,131.06,1,1,0.84299
218,22,1088.73,298.38,38.62,89.24,1,1,0.82546
218,21,672.64,347.55,40.88,105.35,1,1,0.83445
218,34,833.13,729.49,71.35,124.33,1,1,0.86078
218,35,413.86,542.31,53.44,100.5,1,1,0.84446
218,36,877.79,748.29,70.01,105.13,1,1,0.82744
218,5,1263.5,594.14,64.32,95.11,1,1,0.84745
218,28,790.03,410.95,47.06,100.15,1,1,0.80751
218,26,1399.03,462.5,43.29,117.63,1,1,0.81998
218,29,561.62,236.03,39.26,79.19,1,1,0.79211
218,13,546.58,339.14,41.73,103.33,1,1,0.81981
218,42,1677.58,583.8,50.94,108.47,1,1,0.81364
218,31,791.07,341.19,46.79,73.09,1,1,0.75811
218,6,846.57,500.86,53.32,109.04,1,1,0.84404
218,8,415.34,309.99,40.76,92.17,1,1,0.81949
218,41,775.99,387.77,39.38,69.01,1,1,0.74061
218,3,1151.83,365.65,46.83,88.67,1,1,0.72863
218,20,488.08,351.49,39.81,99.08,1,1,0.68825
219,4,881.42,352.03,45.4,112.56,1,1,0.81952
219,1,1495.69,584.73,50.44,131.28,1,1,0.84233
219,22,1087.72,296.44,39.11,92.62,1,1,0.81956
219,21,668.22,344.78,41.99,106.42,1,1,0.83004
219,34,833.65,729.29,74.02,124.0,1,1,0.86637
219,35,412.16,540.97,54.74,103.25,1,1,0.85057
219,36,878.5,747.84,71.83,106.25,1,1,0.82752
219,5,1275.07,593.96,57.42,96.2,1,1,0.80863
219,28,789.17,408.0,45.77,101.32,1,1,0.81182
219,26,1397.68,462.96,42.7,117.22,1,1,0.82447
219,29,557.77,232.52,41.9,80.35,1,1,0.81491
219,13,542.44,337.18,41.34,103.02,1,1,0.81544
219,42,1673.28,584.55,52.05,105.2,1,1,0.81315
219,31,790.15,338.99,47.42,72.05,1,1,0.77289
219,6,845.33,498.89,55.05,107.92,1,1,0.85387
219,8,407.78,308.4,41.5,92.75,1,1,0.81166
219,41,772.75,387.46,42.32,68.78,1,1,0.75252
219,3,1150.13,365.28,49.66,90.37,1,1,0.66355
219,20,483.84,351.16,40.58,99.3,1,1,0.69294
220,4,879.17,350.34,44.08,114.98,1,1,0.82866
220,1,1496.14,585.59,51.6,128.56,1,1,0.84096
220,22,1086.0,294.95,40.04,96.01,1,1,0.82796
220,21,664.85,342.44,41.59,107.78,1,1,0.83515
220,34,831.21,730.07,79.44,119.92,1,1,0.86799
220,35,412.04,539.63,55.06,109.22,1,1,0.85025
220,36,882.58,747.06,68.35,116.61,1,1,0.82103
220,5,1280.05,594.51,60.83,102.45,1,1,0.834
220,28,787.65,404.95,43.79,101.26,1,1,0.8075
220,26,1396.9,462.78,41.29,115.46,1,1,0.83799
220,29,553.92,228.84,43.73,80.54,1,1,0.80784
220,13,539.89,334.95,40.92,102.74,1,1,0.80819
220,42,1671.43,585.55,51.72,104.69,1,1,0.81417
220,31,790.31,336.64,45.68,64.16,1,1,0.73356
220,6,844.74,496.71,54.1,103.77,1,1,0.84381
220,8,400.84,307.39,41.48,92.27,1,1,0.82712
220,41,771.89,383.03,46.06,71.88,1,1,0.7308
220,33,561.33,301.39,39.59,105.92,1,1,0.65905
221,4,876.15,350.35,43.86,116.47,1,1,0.83024
221,1,1496.62,588.54,54.6,123.87,1,1,0.83823
221,22,1083.9,294.6,41.32,95.61,1,1,0.82972
221,21,661.85,342.0,41.87,109.39,1,1,0.83618
221,34,827.5,731.48,88.06,115.31,1,1,0.86536
221,35,412.1,539.83,56.38,113.66,1,1,0.84537
221,36,886.55,747.51,65.7,123.72,1,1,0.81917
221,5,1288.93,595.66,54.39,104.32,1,1,0.82189
221,28,784.8,400.38,44.95,102.95,1,1,0.81871
221,26,1395.31,462.94,41.62,112.73,1,1,0.8227
221,29,551.01,227.61,47.0,79.15,1,1,0.81494
221,13,537.21,332.26,39.65,103.33,1,1,0.79934
221,42,1669.96,586.29,52.12,108.34,1,1,0.80719
221,31,791.69,333.72,44.48,68.9,1,1,0.75025
221,6,844.07,495.41,55.39,108.13,1,1,0.83976
221,8,393.2,307.81,42.36,90.12,1,1,0.81295
221,41,769.13,383.11,42.51,77.99,1,1,0.64047
221,33,557.08,298.98,40.2,106.52,1,1,0.72852
221,53,462.3,305.31,42.22,87.61,1,1,0.64261
221,20,477.46,348.49,42.01,101.45,1,1,0.71104
222,4,873.94,349.94,43.74,116.13,1,1,0.82084
222,1,1497.49,589.35,57.91,120.98,1,1,0.84152
222,22,1083.9,293.65,41.43,94.08,1,1,0.81945
222,21,659.43,341.13,41.7,108.85,1,1,0.81999
222,34,829.49,731.45,92.25,111.44,1,1,0.84745
222,35,413.04,539.92,56.35,116.43,1,1,0.84292
222,36,889.81,749.1,63.4,122.68,1,1,0.80009
222,5,1293.93,595.06,52.96,107.57,1,1,0.77862
222,28,782.88,396.7,45.67,104.57,1,1,0.81057
222,26,1392.87,461.76,44.72,112.7,1,1,0.81917
222,29,551.18,225.36,46.92,77.97,1,1,0.79116
222,13,534.49,328.48,39.87,105.16,1,1,0.80596
222,42,1667.52,586.89,54.09,111.7,1,1,0.80361
222,31,791.94,332.34,44.54,71.4,1,1,0.73692
222,6,842.84,493.51,57.8,111.14,1,1,0.83946
222,8,386.16,306.19,43.66,89.45,1,1,0.80875
222,41,768.03,383.27,41.2,78.4,1,1,0.69814
222,33,553.85,297.01,40.17,103.31,1,1,0.74034
222,53,458.52,302.6,42.78,93.2,1,1,0.6812
222,20,473.89,347.37,41.42,99.01,1,1,0.70782
222,3,1144.84,361.22,48.67,94.78,1,1,0.68006
223,4,871.55,348.88,43.68,115.02,1,1,0.83673
223,1,1496.92,591.04,61.74,121.44,1,1,0.84882
223,22,1085.2,292.07,39.9,91.51,1,1,0.83706
223,21,657.06,340.23,41.21,107.52,1,1,0.82544
223,34,840.55,731.67,87.54,100.08,1,1,0.82946
223,35,414.43,540.87,55.33,115.5,1,1,0.84733
223,36,886.53,752.12,68.36,119.53,1,1,0.82567
223,5,1293.85,596.96,56.33,107.69,1,1,0.81957
223,28,778.54,394.36,46.9,111.42,1,1,0.81685
223,26,1389.58,461.72,46.9,113.11,1,1,0.82039
223,29,552.91,223.92,43.69,76.11,1,1,0.79268
223,13,531.17,324.51,40.4,107.74,1,1,0.81036
223,42,1668.79,587.94,51.77,114.91,1,1,0.81328
223,31,791.88,333.86,43.17,68.34,1,1,0.74046
223,6,842.32,492.84,60.11,117.69,1,1,0.84237
223,8,379.89,304.02,43.7,88.97,1,1,0.8118
223,41,767.31,383.95,39.82,74.82,1,1,0.69704
223,33,550.74,295.83,38.12,99.3,1,1,0.7308
223,53,454.14,301.49,43.54,95.14,1,1,0.67178
223,20,470.14,344.86,41.58,98.57,1,1,0.71236
223,3,1142.58,360.16,48.05,93.53,1,1,0.82158
224,4,870.97,348.18,44.21,113.57,1,1,0.83151
224,1,1498.43,592.39,62.8,123.85,1,1,0.85862
224,22,1086.19,290.73,40.33,90.45,1,1,0.8387
224,21,655.54,338.77,40.78,107.11,1,1,0.82138
224,34,855.33,732.52,79.56,93.15,1,1,0.81693
224,35,414.76,542.32,55.18,113.12,1,1,0.84422
224,36,882.79,754.95,78.18,116.02,1,1,0.8459
224,5,1293.87,598.29,62.8,105.43,1,1,0.82591
224,28,774.96,392.58,48.57,113.67,1,1,0.82759
224,26,1388.16,462.14,47.66,113.72,1,1,0.82128
224,29,554.7,223.23,41.27,75.78,1,1,0.78378
224,13,528.01,322.53,41.97,107.87,1,1,0.82049
224,42,1669.08,589.72,50.91,114.23,1,1,0.83022
224,31,792.93,333.07,40.6,59.22,1,1,0.7143
224,6,843.91,493.82,59.28,117.69,1,1,0.85144
224,8,372.88,301.86,45.13,89.01,1,1,0.80414
224,33,548.67,294.59,37.08,97.37,1,1,0.73971
224,53,452.61,300.53,42.87,94.33,1,1,0.67028
224,20,467.84,343.85,41.62,95.74,1,1,0.72826
224,3,1141.96,359.26,48.12,98.31,1,1,0.77846
225,4,870.58,347.33,44.8,112.13,1,1,0.82252
225,1,1501.71,593.7,61.47,129.94,1,1,0.85649
225,22,1087.05,290.6,42.21,91.38,1,1,0.82587
225,21,655.13,336.59,40.14,106.93,1,1,0.81495
225,34,875.01,733.79,66.86,87.88,1,1,0.75105
225,35,414.36,543.0,56.21,110.41,1,1,0.8288
225,36,884.63,756.48,82.43,110.76,1,1,0.83346
225,5,1298.69,600.16,63.85,101.62,1,1,0.75493
225,28,774.02,391.39,49.25,116.04,1,1,0.82599
225,26,1388.8,463.12,47.12,114.8,1,1,0.80886
225,29,557.6,222.4,38.58,75.44,1,1,0.74714
225,13,526.46,320.78,42.71,108.38,1,1,0.81581
225,42,1669.99,592.66,52.1,109.54,1,1,0.81676
225,31,795.42,332.24,38.48,62.17,1,1,0.72937
225,6,847.47,494.69,56.62,116.63,1,1,0.83693
225,8,367.51,301.03,44.69,88.94,1,1,0.79797
225,33,547.47,292.36,36.14,96.66,1,1,0.72396
225,20,467.03,342.28,40.91,94.98,1,1,0.71245
225,3,1142.28,358.16,47.58,99.5,1,1,0.72286
226,4,869.54,345.87,44.83,110.9,1,1,0.82096
226,1,1503.77,595.68,59.18,132.3,1,1,0.84767
226,22,1087.31,289.85,42.67,93.81,1,1,0.80687
226,21,653.03,335.2,39.58,106.91,1,1,0.80825
226,34,883.22,736.97,64.1,104.65,1,1,0.78727
226,35,413.09,542.95,57.18,108.77,1,1,0.83053
226,36,884.34,757.05,86.65,109.13,1,1,0.8011
226,5,1300.24,602.14,66.55,97.06,1,1,0.75447
226,28,772.24,391.21,49.91,116.65,1,1,0.82238
226,26,1386.62,466.09,48.28,117.05,1,1,0.81411
226,13,524.39,320.24,42.64,108.37,1,1,0.83338
226,42,1668.57,594.81,52.47,107.7,1,1,0.80998
226,31,796.37,332.5,38.08,68.67,1,1,0.68886
226,6,850.9,495.89,53.32,115.22,1,1,0.83888
226,8,359.55,300.08,46.32,90.1,1,1,0.79713
226,33,543.85,290.67,37.23,101.39,1,1,0.74
226,20,464.25,341.17,41.84,97.12,1,1,0.69217
226,3,1140.74,358.11,47.07,101.5,1,1,0.76139
227,4,867.55,343.07,44.81,112.03,1,1,0.81814
227,1,1506.27,596.54,55.19,130.4,1,1,0.84785
227,22,1089.29,288.49,41.73,95.29,1,1,0.80796
227,21,650.33,331.49,39.23,108.08,1,1,0.80212
227,34,885.94,735.92,65.55,109.92,1,1,0.80391
227,35,413.65,541.66,55.77,105.5,1,1,0.82972
227,36,898.24,756.73,77.25,104.76,1,1,0.72667
227,5,1309.28,603.38,63.36,86.0,1,1,0.77223
227,28,770.8,390.57,49.94,115.43,1,1,0.82528
227,26,1383.72,466.86,49.92,117.72,1,1,0.80999
227,13,521.58,318.43,43.3,108.85,1,1,0.83479
227,42,1667.6,596.04,54.49,109.46,1,1,0.81312
227,31,797.62,329.67,36.8,78.44,1,1,0.66722
227,6,853.81,495.07,51.72,112.09,1,1,0.8271
227,8,352.62,297.68,45.33,90.53,1,1,0.78266
227,33,540.94,287.8,37.31,104.45,1,1,0.74054
227,20,461.52,339.22,41.9,97.24,1,1,0.65691
227,3,1140.59,357.33,45.65,104.2,1,1,0.77938
228,4,864.98,341.04,45.79,112.92,1,1,0.79791
228,1,1507.47,597.11,51.65,128.0,1,1,0.84607
228,22,1091.11,288.41,40.15,96.21,1,1,0.80636
228,21,647.87,329.03,39.12,109.51,1,1,0.8152
228,34,891.68,735.93,64.47,107.87,1,1,0.83014
228,35,414.57,541.57,55.99,104.97,1,1,0.82883
228,36,917.63,756.59,63.96,114.49,1,1,0.7937
228,5,1317.11,603.84,63.93,107.31,1,1,0.77908
228,28,770.04,390.83,49.01,112.32,1,1,0.81661
228,26,1380.47,467.47,51.35,115.74,1,1,0.81416
228,13,518.88,318.49,43.53,108.31,1,1,0.81983
228,42,1667.09,597.01,55.74,111.38,1,1,0.81356
228,6,855.05,493.11,50.89,110.71,1,1,0.82434
228,8,343.63,296.73,45.36,92.53,1,1,0.78372
228,33,537.68,285.17,37.75,106.64,1,1,0.72754
228,3,1140.54,356.74,44.73,104.06,1,1,0.78655
228,29,556.6,214.48,40.53,79.24,1,1,0.77393
229,4,861.1,340.54,46.42,115.34,1,1,0.8115
229,1,1508.25,598.55,50.02,125.19,1,1,0.85111
229,22,1090.5,289.25,38.77,95.16,1,1,0.81551
229,21,644.27,327.4,39.43,110.87,1,1,0.8239
229,34,892.9,736.68,69.21,106.67,1,1,0.76267
229,35,419.0,542.18,52.78,109.35,1,1,0.82303
229,36,928.84,755.26,58.15,112.41,1,1,0.76243
229,5,1325.11,606.23,60.64,116.08,1,1,0.83518
229,28,769.38,391.91,46.91,110.71,1,1,0.81212
229,26,1377.5,468.66,50.19,113.71,1,1,0.82844
229,13,514.04,318.54,43.67,107.84,1,1,0.80455
229,42,1667.23,599.82,52.89,114.19,1,1,0.82839
229,6,855.38,493.2,50.97,108.96,1,1,0.83186
229,8,336.16,297.02,43.43,94.12,1,1,0.79142
229,33,532.57,283.68,38.38,108.8,1,1,0.72844
229,3,1139.45,358.74,44.55,101.39,1,1,0.77969
229,29,552.75,213.01,43.57,81.63,1,1,0.8034
229,53,441.9,295.95,43.77,69.59,1,1,0.64266
229,31,797.05,326.03,37.66,93.02,1,1,0.67505
229,20,451.98,340.24,43.03,97.48,1,1,0.77486
230,4,855.56,340.8,49.08,116.71,1,1,0.80747
230,1,1508.65,600.69,48.88,126.96,1,1,0.85443
230,22,1089.49,288.98,38.96,94.71,1,1,0.81492
230,21,640.33,326.22,39.6,111.99,1,1,0.81981
230,34,898.36,738.31,69.42,100.45,1,1,0.77747
230,35,420.18,543.71,51.82,109.89,1,1,0.8298
230,36,932.81,757.55,57.62,109.93,1,1,0.80772
230,5,1332.23,607.54,56.94,116.54,1,1,0.82975
230,28,767.47,390.89,46.77,110.44,1,1,0.81251
230,26,1374.86,469.04,50.4,111.08,1,1,0.83671
230,13,509.15,317.33,43.41,107.77,1,1,0.80865
230,42,1666.09,602.12,53.56,114.28,1,1,0.80647
230,6,852.21,493.09,54.5,112.2,1,1,0.83153
230,8,328.29,297.19,43.34,94.11,1,1,0.80122
230,33,527.79,282.14,38.82,110.58,1,1,0.73886
230,3,1137.07,359.46,44.9,98.98,1,1,0.71638
230,29,549.24,211.6,47.07,84.62,1,1,0.79992
230,31,796.15,325.84,38.12,100.01,1,1,0.72036
230,20,449.83,340.91,40.74,96.91,1,1,0.79048
231,4,851.52,341.49,50.16,117.53,1,1,0.80918
231,1,1506.92,601.53,51.34,131.69,1,1,0.85532
231,22,1088.36,288.04,38.63,93.75,1,1,0.81307
231,21,635.37,325.24,41.04,113.46,1,1,0.81802
231,34,910.52,738.58,62.95,97.82,1,1,0.6752
231,35,421.18,545.55,49.98,109.74,1,1,0.82069
231,36,931.73,758.49,63.62,108.14,1,1,0.81151
231,5,1336.5,607.83,54.43,114.07,1,1,0.8151
231,28,765.46,390.23,46.0,107.91,1,1,0.79899
231,26,1374.71,468.51,47.64,114.22,1,1,0.84225
231,13,504.9,316.34,42.25,106.51,1,1,0.82438
231,42,1664.98,603.33,52.47,112.65,1,1,0.81228
231,6,851.04,492.34,55.82,110.09,1,1,0.82008
231,8,320.98,296.52,44.9,93.65,1,1,0.79994
231,33,524.17,281.93,38.7,111.49,1,1,0.74879
231,29,546.01,210.26,49.56,85.54,1,1,0.79963
231,31,795.49,325.55,39.05,103.34,1,1,0.7631
231,20,445.23,340.68,40.5,93.27,1,1,0.79061
231,53,433.19,292.61,44.08,74.4,1,1,0.67994
232,4,848.4,342.06,50.34,116.78,1,1,0.81304
232,1,1507.7,602.48,51.84,135.48,1,1,0.8494
232,22,1086.14,286.69,40.28,95.71,1,1,0.80743
232,21,630.28,324.63,42.73,113.37,1,1,0.81881
232,34,920.81,739.99,57.12,113.53,1,1,0.78369
232,35,421.53,547.23,50.97,107.34,1,1,0.81809
232,36,936.28,758.44,67.87,108.12,1,1,0.74604
232,5,1337.45,608.22,56.88,111.81,1,1,0.82448
232,28,760.89,389.73,46.41,108.03,1,1,0.76184
232,26,1375.23,468.52,44.86,116.77,1,1,0.83594
232,13,500.36,314.31,41.9,106.56,1,1,0.81056
232,42,1661.27,604.16,54.17,107.49,1,1,0.80562
232,6,850.98,491.79,57.36,117.79,1,1,0.82015
232,8,312.82,294.37,45.83,93.48,1,1,0.80397
232,33,520.24,281.32,38.61,110.11,1,1,0.71468
232,29,544.12,208.35,50.18,87.34,1,1,0.79691
232,31,793.71,325.13,40.9,103.06,1,1,0.76542
232,53,429.84,289.6,42.73,70.01,1,1,0.69935
232,3,1128.25,357.2,49.15,98.98,1,1,0.69115
233,4,846.71,342.88,48.17,115.44,1,1,0.81877
233,1,1508.86,605.01,51.21,140.18,1,1,0.84662
233,22,1085.33,287.05,39.46,96.95,1,1,0.80294
233,21,627.64,324.35,42.46,112.5,1,1,0.83642
233,34,920.92,742.14,61.63,116.63,1,1,0.80854
233,35,421.66,549.46,50.27,103.51,1,1,0.80903
233,36,940.14,760.72,72.76,104.74,1,1,0.75552
233,5,1336.98,609.73,61.0,106.46,1,1,0.81647
233,28,758.52,389.41,46.39,108.42,1,1,0.75841
233,26,1375.06,469.87,43.21,118.04,1,1,0.82599
233,13,496.69,312.64,41.35,108.92,1,1,0.83234
233,42,1659.69,606.69,54.75,111.08,1,1,0.80397
233,6,852.23,493.4,57.47,120.52,1,1,0.81916
233,8,307.78,293.33,44.09,91.73,1,1,0.79401
233,33,517.53,280.94,37.26,109.16,1,1,0.74502
233,29,548.94,208.29,43.89,86.21,1,1,0.78318
233,31,792.56,326.85,42.23,102.3,1,1,0.79387
233,53,426.37,288.28,42.65,68.56,1,1,0.68592
233,20,436.44,336.84,41.65,89.44,1,1,0.72389
234,4,844.98,343.44,46.95,113.59,1,1,0.80557
234,1,1509.61,607.14,51.51,140.73,1,1,0.83719
234,22,1084.72,288.14,39.71,99.46,1,1,0.79244
234,21,623.78,324.72,42.67,111.66,1,1,0.84339
234,34,917.47,743.41,74.13,118.58,1,1,0.81866
234,35,420.57,549.89,49.78,101.18,1,1,0.80176
234,36,936.25,763.29,85.72,105.47,1,1,0.76914
234,5,1344.0,612.01,58.24,107.13,1,1,0.80269
234,28,755.57,389.45,47.95,109.02,1,1,0.76369
234,26,1373.45,470.9,43.6,119.86,1,1,0.81444
234,13,492.09,312.37,42.9,110.24,1,1,0.8191
234,42,1655.65,609.0,58.54,114.26,1,1,0.78033
234,6,853.49,495.77,56.17,119.56,1,1,0.8248
234,8,300.95,291.58,45.41,92.91,1,1,0.79213
234,33,513.41,281.46,37.5,108.21,1,1,0.64447
234,29,551.6,208.41,41.52,85.11,1,1,0.79482
234,31,790.63,327.66,45.36,102.78,1,1,0.76959
234,53,422.66,288.77,45.94,81.14,1,1,0.71188
235,4,843.72,343.54,44.46,111.92,1,1,0.80031
235,1,1508.14,609.63,53.14,137.72,1,1,0.83399
235,22,1084.6,289.46,38.46,100.87,1,1,0.80734
235,21,620.02,324.45,42.55,110.28,1,1,0.84923
235,34,920.18,743.87,82.4,111.54,1,1,0.81245
235,35,420.85,549.82,46.28,97.38,1,1,0.79923
235,36,949.72,765.68,74.59,107.55,1,1,0.77335
235,5,1349.84,615.36,55.29,104.37,1,1,0.80459
235,28,752.84,390.64,49.29,108.08,1,1,0.74305
235,26,1371.14,473.2,42.52,121.39,1,1,0.83333
235,13,488.42,313.18,42.85,108.94,1,1,0.83531
235,42,1651.08,612.41,58.54,116.4,1,1,0.79806
235,6,854.14,498.13,55.49,117.28,1,1,0.81721
235,8,296.22,291.27,44.08,93.1,1,1,0.81026
235,29,553.75,208.73,39.77,82.78,1,1,0.81358
235,31,789.93,327.3,46.37,94.78,1,1,0.76016
235,53,418.5,289.42,47.05,87.4,1,1,0.75059
236,4,843.03,342.48,42.8,110.59,1,1,0.8138
236,1,1507.5,610.71,52.96,133.13,1,1,0.83944
236,22,1083.85,290.07,39.29,100.22,1,1,0.79953
236,21,616.44,323.71,42.99,108.66,1,1,0.84659
236,34,930.61,742.62,82.35,106.72,1,1,0.78505
236,35,421.33,549.42,44.03,97.05,1,1,0.8033
236,36,965.02,766.86,59.83,105.96,1,1,0.78645
236,5,1353.07,617.57,52.88,98.5,1,1,0.80022
236,28,750.47,389.85,50.31,105.27,1,1,0.75892
236,26,1368.3,475.24,43.01,119.48,1,1,0.82405
236,13,485.89,312.45,42.77,107.96,1,1,0.84771
236,42,1648.97,614.17,58.09,119.08,1,1,0.80422
236,6,853.67,498.92,55.63,114.48,1,1,0.83309
236,8,291.23,290.54,44.04,95.23,1,1,0.8087
236,29,554.28,207.78,39.4,79.48,1,1,0.80941
236,31,789.64,326.74,46.72,85.66,1,1,0.77563
236,53,416.17,289.35,46.39,91.49,1,1,0.74193
237,4,840.89,341.65,42.29,110.99,1,1,0.81629
237,1,1505.25,612.44,57.97,132.19,1,1,0.84006
237,22,1083.99,291.09,38.61,97.76,1,1,0.7974
237,21,613.45,321.97,42.94,109.48,1,1,0.85038
237,34,945.61,742.82,76.22,104.5,1,1,0.76422
237,35,421.53,549.48,45.57,88.92,1,1,0.74825
237,36,977.82,767.18,51.04,105.22,1,1,0.78501
237,5,1355.42,621.55,55.06,108.09,1,1,0.79979
237,28,749.31,389.18,50.29,104.71,1,1,0.70749
237,26,1367.6,476.32,41.26,116.39,1,1,0.82959
237,13,483.94,312.27,42.07,107.02,1,1,0.84244
237,42,1648.21,617.13,56.6,116.65,1,1,0.80506
237,6,853.04,498.48,55.2,112.73,1,1,0.82383
237,8,286.42,290.6,42.28,96.2,1,1,0.81101
237,29,553.96,205.82,39.87,79.95,1,1,0.80434
237,31,789.95,325.57,46.26,83.4,1,1,0.76994
237,53,414.07,289.8,46.49,93.03,1,1,0.72243
238,4,838.14,341.66,43.08,111.24,1,1,0.81188
238,1,1502.25,614.89,65.34,132.14,1,1,0.84221
238,22,1082.81,291.86,38.73,94.31,1,1,0.77304
238,21,609.37,321.12,44.59,110.27,1,1,0.84223
238,34,962.0,743.72,70.82,117.74,1,1,0.76912
238,35,421.37,549.34,53.43,81.47,1,1,0.64679
238,36,981.37,768.73,54.17,104.85,1,1,0.65194
238,5,1352.94,623.02,65.12,112.13,1,1,0.84431
238,28,748.72,390.09,49.87,103.59,1,1,0.78348
238,26,1364.14,477.18,42.91,112.51,1,1,0.81787
238,13,480.19,308.96,42.3,110.96,1,1,0.83196
238,42,1644.67,620.12,59.09,111.64,1,1,0.80345
238,6,851.63,497.35,55.28,113.4,1,1,0.81411
238,8,278.85,290.57,43.51,98.58,1,1,0.80378
238,29,551.71,204.1,44.5,83.86,1,1,0.80711
238,31,788.7,324.65,46.5,84.02,1,1,0.77053
238,53,410.74,289.68,46.9,94.09,1,1,0.71609
238,3,1120.53,359.32,47.34,100.44,1,1,0.78107
238,33,499.68,276.86,37.64,86.64,1,1,0.68899
239,4,835.21,341.12,43.23,114.06,1,1,0.81166
239,1,1501.82,616.99,68.04,131.53,1,1,0.84208
239,22,1082.38,291.89,38.61,93.59,1,1,0.77721
239,21,606.79,319.97,43.96,111.02,1,1,0.83691
239,36,981.0,753.08,60.63,116.42,1,1,0.82547
239,5,1353.21,625.0,69.57,110.52,1,1,0.85097
239,28,747.33,391.47,49.57,101.94,1,1,0.79562
239,26,1361.51,477.77,44.19,112.44,1,1,0.82899
239,13,476.8,307.37,42.34,112.62,1,1,0.83503
239,42,1640.79,622.25,60.05,111.37,1,1,0.81072
239,6,850.58,496.37,55.6,114.79,1,1,0.809
239,8,272.98,291.78,42.48,98.14,1,1,0.81514
239,29,550.73,203.38,45.61,84.97,1,1,0.80972
239,31,787.59,323.55,46.07,92.57,1,1,0.76356
239,53,406.23,289.81,49.62,94.9,1,1,0.67882
239,3,1118.63,358.82,45.15,99.27,1,1,0.76709
239,41,772.55,382.61,44.27,81.5,1,1,0.64919
240,4,832.91,340.34,43.56,115.97,1,1,0.82381
240,1,1503.65,618.29,67.8,134.84,1,1,0.84403
240,22,1078.54,290.98,41.89,92.48,1,1,0.74628
240,21,603.48,318.5,44.99,111.09,1,1,0.82258
240,36,983.03,754.09,66.04,113.7,1,1,0.74307
240,5,1356.48,624.81,71.22,108.61,1,1,0.83495
240,28,745.5,390.77,50.34,100.81,1,1,0.77637
240,26,1356.53,477.58,46.87,114.35,1,1,0.81848
240,13,473.03,305.41,43.66,113.05,1,1,0.82098
240,42,1639.76,623.09,60.33,114.01,1,1,0.80909
240,6,849.17,495.64,57.57,118.46,1,1,0.81952
240,8,265.99,290.44,44.01,99.09,1,1,0.80342
240,29,549.72,200.42,48.38,87.86,1,1,0.79156
240,31,786.48,321.9,47.06,94.63,1,1,0.75791
240,53,402.45,287.42,50.39,101.47,1,1,0.75887
240,3,1116.25,357.53,44.34,97.91,1,1,0.76997
240,41,771.75,382.06,46.11,82.92,1,1,0.69051
240,35,436.48,552.05,48.08,105.42,1,1,0.67563
241,4,830.86,340.67,43.45,117.77,1,1,0.81422
241,1,1504.71,619.94,66.21,138.83,1,1,0.8334
241,22,1077.04,291.65,42.96,88.42,1,1,0.7394
241,21,600.17,318.17,45.12,111.81,1,1,0.81841
241,36,986.08,755.96,63.7,111.4,1,1,0.77005
241,5,1361.78,625.83,69.72,100.68,1,1,0.79166
241,28,742.31,391.57,48.94,98.51,1,1,0.73837
241,26,1351.55,478.08,49.71,114.17,1,1,0.77733
241,13,469.23,305.59,44.02,111.07,1,1,0.78055
241,42,1640.88,624.36,57.16,117.79,1,1,0.81364
241,6,847.8,493.97,60.31,127.77,1,1,0.83314
241,8,258.19,287.95,45.57,100.57,1,1,0.78533
241,29,548.43,199.85,50.08,88.75,1,1,0.78717
241,31,786.14,321.57,46.57,90.74,1,1,0.73427
241,53,399.51,285.33,52.02,100.08,1,1,0.74364
241,3,1112.89,356.38,44.27,100.65,1,1,0.70152
241,41,771.38,382.71,45.95,88.72,1,1,0.64735
241,35,438.19,552.38,46.64,109.13,1,1,0.77677
241,34,1011.26,743.88,46.28,109.1,1,1,0.71092
242,4,826.87,340.49,42.86,117.7,1,1,0.80903
242,1,1504.7,620.73,60.49,136.58,1,1,0.82156
242,22,1078.05,292.22,39.99,92.24,1,1,0.76702
242,21,594.85,316.55,44.08,112.84,1,1,0.82567
242,36,1003.13,758.71,62.13,114.52,1,1,0.69624
242,5,1371.24,626.65,65.81,107.68,1,1,0.8006
242,28,737.61,385.15,48.85,101.64,1,1,0.77303
242,26,1345.67,479.35,50.02,119.55,1,1,0.83758
242,13,464.38,304.25,43.88,109.23,1,1,0.78823
242,42,1637.25,626.09,57.11,119.42,1,1,0.81246
242,6,848.34,496.44,58.99,124.91,1,1,0.82921
242,8,246.21,283.58,46.24,100.13,1,1,0.78465
242,29,552.52,197.82,44.87,85.66,1,1,0.78324
242,31,785.71,321.74,45.21,95.26,1,1,0.73711
242,53,392.33,282.47,48.26,95.64,1,1,0.71728
242,3,1107.43,355.35,47.1,103.39,1,1,0.77427
242,41,768.32,382.8,45.05,95.06,1,1,0.7466
242,35,435.59,549.95,46.63,107.42,1,1,0.79747
242,34,1020.1,743.23,54.27,116.7,1,1,0.7077
243,4,829.29,342.34,42.66,117.65,1,1,0.80904
243,1,1508.54,622.87,58.28,135.69,1,1,0.8216
243,22,1082.45,294.25,38.81,93.61,1,1,0.7669
243,21,596.85,317.87,43.7,113.23,1,1,0.82572
243,36,1013.28,761.65,61.49,115.64,1,1,0.6948
243,5,1378.6,628.69,64.29,110.07,1,1,0.80023
243,28,739.78,384.71,48.82,102.76,1,1,0.7723
243,26,1347.49,481.68,50.15,121.55,1,1,0.83763
243,13,466.57,305.65,43.8,108.53,1,1,0.78767
243,42,1639.76,628.6,57.16,120.05,1,1,0.81237
243,6,852.5,499.34,58.51,123.77,1,1,0.82915
243,8,245.77,283.81,46.55,100.02,1,1,0.78485
243,29,558.21,199.04,42.63,84.36,1,1,0.78351
243,31,789.44,323.65,44.7,96.94,1,1,0.73783
243,53,393.65,283.33,46.77,93.86,1,1,0.71703
243,3,1109.32,356.87,48.16,104.45,1,1,0.77406
243,41,771.04,384.82,44.71,97.53,1,1,0.7461
243,35,438.36,551.04,46.57,106.44,1,1,0.79813
243,34,1026.14,744.71,55.6,119.05,1,1,0.70737
244,4,827.59,342.82,43.23,116.28,1,1,0.81169
244,1,1508.07,623.13,56.89,136.37,1,1,0.82725
244,22,1082.21,294.39,38.89,93.94,1,1,0.78328
244,21,594.46,317.4,44.04,112.65,1,1,0.82516
244,36,1019.68,750.34,64.1,130.38,1,1,0.81461
244,5,1383.73,628.61,63.0,115.89,1,1,0.80594
244,28,738.18,382.49,48.62,103.94,1,1,0.7804
244,26,1345.35,483.1,50.4,122.65,1,1,0.84323
244,13,464.17,305.86,43.24,108.22,1,1,0.7841
244,42,1638.17,629.6,57.93,118.07,1,1,0.81766
244,6,854.61,500.1,57.53,121.66,1,1,0.83645
244,8,239.85,282.48,48.23,100.58,1,1,0.80027
244,29,558.9,198.02,43.16,84.68,1,1,0.79182
244,31,790.71,324.24,43.25,93.28,1,1,0.75483
244,53,389.56,282.69,46.85,89.78,1,1,0.72131
244,3,1108.83,357.83,47.75,105.38,1,1,0.79136
244,41,771.43,382.99,42.65,98.39,1,1,0.73791
244,35,436.61,550.43,46.6,103.52,1,1,0.82059
244,20,417.47,335.07,36.68,73.56,1,1,0.70447
244,33,479.99,271.35,40.74,87.04,1,1,0.64229
245,4,827.54,341.64,43.09,115.37,1,1,0.8216
245,1,1511.1,623.85,54.29,137.89,1,1,0.83661
245,22,1082.79,293.92,39.5,93.57,1,1,0.79825
245,21,593.72,316.31,43.52,111.16,1,1,0.82265
245,36,1027.37,745.42,63.25,138.26,1,1,0.83943
245,5,1390.43,628.83,59.52,118.64,1,1,0.82366
245,28,737.55,381.82,47.71,101.15,1,1,0.7816
245,26,1343.46,483.86,51.25,120.24,1,1,0.83986
245,13,462.23,303.37,42.97,108.92,1,1,0.80266
245,42,1640.1,630.23,56.5,114.85,1,1,0.82546
245,6,857.54,499.29,55.43,118.92,1,1,0.83859
245,8,237.84,281.77,45.3,101.23,1,1,0.80455
245,29,559.77,196.09,44.11,84.14,1,1,0.80521
245,31,793.75,323.43,40.94,91.36,1,1,0.79055
245,53,387.17,282.36,51.3,85.34,1,1,0.72203
245,3,1109.98,358.48,46.34,103.98,1,1,0.80656
245,41,771.88,382.6,42.16,96.72,1,1,0.75371
245,35,436.9,548.85,48.01,101.36,1,1,0.81723
246,4,827.02,340.5,42.32,113.67,1,1,0.80909
246,1,1512.69,625.32,53.15,139.43,1,1,0.83392
246,22,1083.74,293.48,39.85,90.45,1,1,0.77707
246,21,593.41,314.88,42.19,110.63,1,1,0.80757
246,36,1030.28,745.04,68.56,139.83,1,1,0.82936
246,5,1395.15,630.29,59.54,116.67,1,1,0.81265
246,28,737.07,383.18,45.73,101.41,1,1,0.76179
246,26,1342.32,484.44,50.43,117.34,1,1,0.83721
246,13,460.45,301.37,42.83,110.11,1,1,0.77472
246,42,1640.71,632.82,56.73,116.56,1,1,0.81084
246,6,858.91,498.88,54.24,115.02,1,1,0.81877
246,8,234.17,281.34,43.74,103.21,1,1,0.7938
246,29,559.19,194.38,46.34,84.86,1,1,0.78261
246,31,796.94,322.32,39.56,89.74,1,1,0.77191
246,53,386.74,282.36,49.67,88.23,1,1,0.71481
246,3,1110.03,358.97,45.37,102.14,1,1,0.78984
246,41,772.86,382.05,41.96,95.81,1,1,0.76742
246,35,438.04,549.62,49.09,102.1,1,1,0.76676
246,20,415.4,336.26,36.09,87.97,1,1,0.65393
247,4,825.23,339.31,43.1,114.37,1,1,0.81466
247,1,1513.66,628.68,54.76,140.19,1,1,0.8357
247,22,1084.59,294.05,40.48,84.17,1,1,0.76892
247,21,592.7,314.25,42.37,110.18,1,1,0.81545
247,36,1031.7,747.27,76.89,137.12,1,1,0.82281
247,5,1396.04,633.49,64.91,111.49,1,1,0.83111
247,28,736.28,384.09,46.43,103.45,1,1,0.77674
247,26,1342.5,484.3,49.13,114.77,1,1,0.83985
247,13,458.61,301.45,43.03,108.86,1,1,0.7921
247,42,1642.39,635.11,57.92,119.63,1,1,0.80828
247,6,861.13,498.97,53.42,113.53,1,1,0.82929
247,8,228.25,282.16,45.15,104.0,1,1,0.80467
247,29,558.22,193.27,50.66,86.69,1,1,0.80714
247,31,798.19,322.35,39.46,88.86,1,1,0.76842
247,53,386.15,281.74,48.67,89.39,1,1,0.73431
247,3,1108.35,359.96,45.6,99.79,1,1,0.80015
247,41,772.87,381.57,43.25,99.7,1,1,0.72464
247,35,443.26,551.04,45.99,94.97,1,1,0.80979
247,54,1459.95,454.96,47.45,102.29,1,1,0.76874
248,4,824.37,337.63,43.97,116.82,1,1,0.81207
248,1,1514.3,631.6,57.19,140.28,1,1,0.83886
248,22,1085.26,293.88,40.26,79.09,1,1,0.77806
248,21,591.85,312.12,44.02,113.77,1,1,0.80533
248,36,1033.71,754.24,80.71,128.9,1,1,0.76621
248,5,1394.34,634.72,73.04,109.45,1,1,0.84308
248,28,734.7,383.97,48.53,106.5,1,1,0.79085
248,26,1341.97,484.29,48.86,117.97,1,1,0.85787
248,13,456.4,299.41,44.62,111.02,1,1,0.80252
248,42,1643.73,636.82,58.27,122.92,1,1,0.80369
248,6,860.97,497.69,55.73,113.08,1,1,0.8329
248,8,222.63,282.0,47.36,105.55,1,1,0.80945
248,29,557.51,192.11,55.65,89.2,1,1,0.80708
248,31,798.24,321.49,40.42,89.7,1,1,0.76334
248,53,383.6,279.35,51.86,90.15,1,1,0.74949
248,3,1106.36,359.02,46.6,98.82,1,1,0.79488
248,41,772.91,382.03,44.77,103.15,1,1,0.6511
248,35,445.81,552.29,48.71,103.99,1,1,0.79171
248,54,1456.95,454.61,49.25,106.86,1,1,0.76365
248,20,411.65,338.26,37.29,92.81,1,1,0.69831
249,4,822.88,336.32,44.5,118.63,1,1,0.80704
249,1,1515.11,634.22,64.59,137.0,1,1,0.84986
249,22,1086.09,293.46,40.41,77.34,1,1,0.76837
249,21,590.64,309.58,44.25,115.01,1,1,0.80089
249,36,1033.8,748.41,91.69,138.46,1,1,0.7304
249,5,1403.81,633.72,72.21,109.95,1,1,0.79605
249,28,734.38,383.45,50.22,106.31,1,1,0.7991
249,26,1340.9,484.12,48.36,124.3,1,1,0.84951
249,13,454.41,297.24,44.67,113.08,1,1,0.80359
249,42,1642.06,638.2,60.63,126.0,1,1,0.79898
249,6,860.0,496.92,57.11,112.73,1,1,0.81442
249,8,218.55,282.74,47.8,103.77,1,1,0.81218
249,29,559.12,190.74,56.18,89.87,1,1,0.79747
249,31,799.17,320.15,40.72,89.0,1,1,0.76065
249,53,379.64,276.73,54.45,92.6,1,1,0.73415
249,3,1104.58,357.26,48.21,97.83,1,1,0.77383
249,41,775.16,381.25,44.0,98.08,1,1,0.72807
249,35,448.91,553.71,48.92,108.1,1,1,0.81898
249,54,1456.88,455.46,49.9,108.2,1,1,0.76901
249,20,409.21,338.01,38.02,91.79,1,1,0.69283
250,4,820.91,335.74,45.7,118.23,1,1,0.821
250,1,1515.95,635.96,70.32,133.63,1,1,0.85993
250,22,1086.5,293.22,40.48,78.51,1,1,0.78638
250,21,588.15,307.68,44.29,115.04,1,1,0.81054
250,36,1051.58,752.27,81.95,138.01,1,1,0.68036
250,5,1415.93,634.72,66.93,109.97,1,1,0.81355
250,28,734.82,381.74,49.39,105.88,1,1,0.80697
250,26,1340.96,484.07,47.76,127.62,1,1,0.83685
250,13,452.97,296.11,44.34,112.52,1,1,0.81411
250,42,1643.12,641.31,59.19,122.04,1,1,0.80314
250,6,861.89,495.55,57.98,115.81,1,1,0.80708
250,8,214.39,282.69,47.39,101.48,1,1,0.81835
250,29,561.94,190.33,55.18,88.55,1,1,0.80447
250,31,800.19,318.82,40.48,88.66,1,1,0.77332
250,53,377.15,275.27,54.15,89.22,1,1,0.73948
250,3,1102.91,355.78,48.98,97.64,1,1,0.78262
250,41,775.75,381.1,44.7,94.78,1,1,0.74219
250,35,451.81,553.92,49.44,107.13,1,1,0.82548
250,20,406.26,335.8,38.4,93.31,1,1,0.71685
251,4,821.02,336.27,44.42,119.06,1,1,0.80774
251,1,1515.09,637.54,74.41,131.3,1,1,0.85883
251,22,1087.79,293.8,39.11,82.37,1,1,0.75334
251,21,585.78,308.04,45.31,113.35,1,1,0.81834
251,36,1072.86,750.63,84.54,140.39,1,1,0.78169
251,5,1425.34,637.71,62.58,106.59,1,1,0.82049
251,28,734.3,379.36,48.29,105.74,1,1,0.82358
251,26,1340.32,485.12,47.33,129.03,1,1,0.83771
251,13,451.27,295.07,43.85,111.1,1,1,0.82147
251,42,1644.19,642.79,58.02,118.95,1,1,0.80583
251,6,864.53,496.31,57.16,119.54,1,1,0.83316
251,8,209.31,281.6,47.49,100.41,1,1,0.81966
251,29,566.62,190.61,51.92,86.35,1,1,0.81841
251,31,801.91,319.36,39.89,87.61,1,1,0.74758
251,53,375.11,274.39,51.2,90.19,1,1,0.7189
251,3,1101.7,354.07,49.43,99.25,1,1,0.77999
251,41,777.68,382.63,44.3,91.12,1,1,0.76743
251,35,453.47,554.06,49.83,107.28,1,1,0.84106
252,4,818.96,337.76,44.66,118.05,1,1,0.80521
252,1,1514.24,640.19,76.11,129.53,1,1,0.83793
252,22,1088.48,293.54,38.54,84.45,1,1,0.72323
252,21,583.21,308.05,45.9,113.82,1,1,0.8189
252,36,1081.75,750.86,84.48,141.09,1,1,0.81977
252,5,1429.27,639.97,63.64,108.48,1,1,0.80307
252,28,733.28,376.86,49.4,105.5,1,1,0.813
252,26,1338.66,487.32,46.71,129.83,1,1,0.84885
252,13,448.71,293.91,42.98,109.93,1,1,0.80662
252,42,1642.12,645.87,60.93,117.11,1,1,0.80887
252,6,865.7,497.71,56.54,120.53,1,1,0.83747
252,8,203.99,279.28,48.62,100.6,1,1,0.8133
252,29,571.87,190.27,48.07,85.08,1,1,0.81628
252,31,802.61,319.54,41.9,89.62,1,1,0.76013
252,53,372.41,272.93,53.23,92.19,1,1,0.71002
252,3,1098.46,354.41,50.95,96.81,1,1,0.75699
252,41,777.11,382.59,45.14,93.98,1,1,0.74944
252,35,453.64,552.94,50.28,105.75,1,1,0.82624
253,4,817.63,339.52,43.44,115.17,1,1,0.8206
253,1,1514.3,642.79,76.38,130.07,1,1,0.84204
253,22,1088.53,292.8,37.58,89.28,1,1,0.71888
253,21,580.83,308.09,45.72,113.79,1,1,0.84141
253,36,1084.26,766.62,70.63,121.58,1,1,0.7282
253,5,1429.24,644.2,68.14,106.85,1,1,0.81033
253,28,731.57,375.51,47.8,105.09,1,1,0.82611
253,26,1337.55,488.88,46.84,127.22,1,1,0.84237
253,13,445.85,292.3,42.67,109.09,1,1,0.80648
253,42,1641.53,648.66,63.85,118.46,1,1,0.80861
253,6,866.32,498.74,55.77,120.7,1,1,0.84122
253,8,199.01,278.61,47.28,99.11,1,1,0.81584
253,29,577.0,189.43,44.28,82.99,1,1,0.83006
253,31,804.01,319.63,40.98,91.34,1,1,0.7811
253,53,369.19,272.05,53.17,89.28,1,1,0.73272
253,41,774.44,383.83,45.6,92.97,1,1,0.79908
253,35,454.48,551.02,50.47,106.84,1,1,0.83848
253,34,1112.79,755.1,54.66,117.92,1,1,0.71999
254,4,814.37,341.19,44.42,110.89,1,1,0.81938
254,1,1516.2,643.48,72.96,132.42,1,1,0.84418
254,22,1088.1,291.46,37.98,92.28,1,1,0.77555
254,21,578.74,306.89,45.84,112.84,1,1,0.84929
254,36,1086.76,766.65,77.72,116.0,1,1,0.77257
254,5,1430.26,645.5,71.08,104.3,1,1,0.79602
254,28,728.98,373.93,47.76,104.7,1,1,0.82945
254,26,1336.15,488.72,46.5,123.95,1,1,0.83741
254,13,443.05,289.72,42.54,109.66,1,1,0.80517
254,42,1644.5,649.98,62.58,122.4,1,1,0.80693
254,6,866.22,498.79,55.09,118.74,1,1,0.85217
254,8,192.87,276.0,48.75,103.0,1,1,0.82043
254,29,577.69,187.66,45.35,81.44,1,1,0.83435
254,31,805.53,319.23,41.29,87.65,1,1,0.77509
254,53,365.34,270.87,56.7,86.65,1,1,0.7424
254,41,772.97,383.26,45.99,90.91,1,1,0.80712
254,35,455.52,549.27,49.96,106.62,1,1,0.8377
254,55,1876.77,604.42,41.22,147.57,1,1,0.79228
254,3,1098.42,353.81,50.19,97.42,1,1,0.70327
255,4,812.44,340.4,43.93,109.6,1,1,0.82313
255,1,1517.12,645.15,68.28,131.2,1,1,0.83117
255,22,1087.29,290.77,39.28,87.52,1,1,0.76972
255,21,575.28,305.25,45.8,112.04,1,1,0.84242
255,36,1091.24,769.51,79.58,112.09,1,1,0.72221
255,5,1432.92,646.97,73.34,99.4,1,1,0.79606
255,28,725.69,371.29,49.99,105.48,1,1,0.82272
255,26,1334.22,488.71,46.03,120.49,1,1,0.84925
255,13,440.62,287.64,42.88,111.75,1,1,0.79614
255,42,1647.44,651.34,61.68,124.39,1,1,0.79775
255,6,865.88,497.91,54.71,116.89,1,1,0.85173
255,8,186.91,274.06,50.37,105.92,1,1,0.83365
255,29,576.22,186.03,47.56,80.29,1,1,0.83572
255,31,805.04,318.14,41.48,82.35,1,1,0.76926
255,53,362.61,270.83,56.77,84.44,1,1,0.72598
255,41,772.2,381.61,46.27,88.62,1,1,0.80744
255,35,455.84,547.83,51.68,113.38,1,1,0.83965
255,55,1869.07,602.22,48.3,145.04,1,1,0.82178
255,3,1098.36,354.44,49.4,98.01,1,1,0.77744
255,54,1444.83,458.5,48.19,98.43,1,1,0.69544
255,20,386.06,329.57,43.03,103.44,1,1,0.66634
255,34,1125.34,757.39,59.99,120.41,1,1,0.71368
256,4,811.95,338.54,42.57,107.6,1,1,0.80796
256,1,1515.54,647.23,64.16,126.96,1,1,0.8401
256,22,1086.53,290.91,39.53,80.74,1,1,0.77476
256,21,571.51,303.52,45.79,111.72,1,1,0.85481
256,36,1110.08,763.73,79.89,122.46,1,1,0.78942
256,5,1437.13,650.09,71.96,81.43,1,1,0.83236
256,28,723.35,369.98,49.89,104.74,1,1,0.81672
256,26,1331.69,488.69,45.55,119.31,1,1,0.85978
256,13,437.95,287.24,41.99,111.82,1,1,0.79961
256,42,1649.34,653.49,59.94,124.01,1,1,0.79788
256,6,865.75,497.41,53.52,112.24,1,1,0.86433
256,8,182.49,273.39,49.29,105.67,1,1,0.82811
256,29,576.6,183.83,48.22,81.4,1,1,0.85186
256,31,804.79,317.64,41.9,73.84,1,1,0.75834
256,53,359.14,271.18,60.25,80.58,1,1,0.7473
256,41,771.2,381.39,49.02,88.54,1,1,0.8211
256,35,457.51,548.25,52.43,116.11,1,1,0.85493
256,55,1864.81,600.0,52.65,141.76,1,1,0.81115
256,3,1098.54,354.84,47.13,97.89,1,1,0.80241
256,54,1443.37,459.27,47.47,105.43,1,1,0.78959
256,20,381.93,329.46,44.96,103.28,1,1,0.73157
256,33,457.17,259.86,38.38,109.31,1,1,0.65229
257,4,806.04,331.36,42.97,113.78,1,1,0.79899
257,1,1507.43,649.77,65.32,123.89,1,1,0.82423
257,22,1084.84,292.17,38.52,82.46,1,1,0.75125
257,21,563.12,299.88,45.37,111.85,1,1,0.83201
257,36,1125.24,763.95,73.89,134.77,1,1,0.79655
257,5,1452.71,653.87,59.25,111.35,1,1,0.75997
257,28,719.04,369.54,50.69,104.56,1,1,0.80693
257,26,1323.27,488.7,48.72,121.21,1,1,0.84199
257,13,431.21,284.86,41.45,111.96,1,1,0.80085
257,42,1644.75,656.37,61.27,119.01,1,1,0.7986
257,6,862.55,495.11,53.56,114.82,1,1,0.83559
257,8,172.03,274.65,47.5,105.0,1,1,0.82484
257,29,577.36,180.34,48.24,86.23,1,1,0.82249
257,53,352.01,269.73,55.79,83.62,1,1,0.69249
257,41,768.87,381.81,48.24,84.08,1,1,0.7992
257,35,458.42,548.6,51.75,120.22,1,1,0.85305
257,55,1851.65,590.54,61.75,141.47,1,1,0.76992
257,3,1094.62,352.02,44.6,98.56,1,1,0.79916
257,54,1438.98,461.94,49.78,105.74,1,1,0.77531
257,33,450.01,256.54,38.26,105.1,1,1,0.64305
258,4,807.98,330.47,43.15,116.07,1,1,0.79894
258,1,1508.55,652.33,65.73,122.79,1,1,0.82418
258,22,1088.33,294.3,38.15,83.13,1,1,0.7516
258,21,564.12,300.29,45.27,111.97,1,1,0.83195
258,36,1134.82,765.89,71.44,139.49,1,1,0.79627
258,5,1462.57,656.77,54.07,119.53,1,1,0.76033
258,28,721.61,371.14,51.02,104.53,1,1,0.80696
258,26,1324.32,490.43,49.92,121.94,1,1,0.84225
258,13,432.87,285.71,41.27,112.04,1,1,0.79952
258,42,1647.14,659.1,61.78,117.08,1,1,0.79859
258,6,865.4,495.99,53.61,115.77,1,1,0.83579
258,8,171.64,276.27,48.26,105.54,1,1,0.82376
258,29,581.74,180.81,48.33,88.08,1,1,0.82267
258,53,352.76,270.86,54.85,85.53,1,1,0.69972
258,41,772.27,383.69,47.92,82.42,1,1,0.79922
258,35,462.83,550.57,51.63,121.8,1,1,0.8526
258,55,1851.0,589.08,65.2,141.47,1,1,0.76963
258,3,1097.19,352.74,43.68,98.81,1,1,0.79947
258,54,1441.44,464.66,50.62,105.86,1,1,0.7754
258,33,451.33,257.07,38.35,103.21,1,1,0.65173
259,4,804.98,328.92,43.95,117.77,1,1,0.79965
259,1,1505.52,652.82,67.58,122.11,1,1,0.83089
259,22,1086.35,295.34,39.33,81.0,1,1,0.76467
259,21,560.79,298.57,45.35,112.61,1,1,0.83346
259,36,1138.34,766.52,71.63,137.07,1,1,0.80597
259,5,1464.51,658.64,51.47,118.36,1,1,0.7939
259,28,719.02,371.77,51.19,102.05,1,1,0.82118
259,26,1321.98,491.87,49.87,121.75,1,1,0.85295
259,13,428.52,285.81,42.48,112.17,1,1,0.79685
259,42,1645.36,660.21,61.27,118.81,1,1,0.8121
259,6,864.23,495.69,55.96,125.36,1,1,0.83087
259,8,166.71,276.92,47.65,103.96,1,1,0.82583
259,29,584.72,180.49,44.38,88.39,1,1,0.81958
259,53,349.31,268.93,53.5,85.25,1,1,0.7345
259,41,771.71,383.88,45.28,79.28,1,1,0.80152
259,35,463.04,551.8,51.48,119.31,1,1,0.8509
259,3,1094.59,351.74,43.17,98.48,1,1,0.7972
259,54,1438.98,465.27,50.84,103.63,1,1,0.79759
259,33,446.48,255.17,39.17,92.49,1,1,0.68571
260,4,796.78,325.25,44.93,120.54,1,1,0.78601
260,1,1500.42,651.91,69.28,125.85,1,1,0.83011
260,22,1079.48,293.15,39.88,78.08,1,1,0.73392
260,21,550.3,294.39,46.0,114.77,1,1,0.82123
260,36,1132.98,764.48,87.72,131.03,1,1,0.82032
260,5,1452.17,658.87,66.03,118.26,1,1,0.79997
260,28,711.73,368.91,49.53,100.42,1,1,0.83094
260,26,1313.64,493.01,51.31,125.35,1,1,0.84883
260,13,418.33,283.41,44.55,110.88,1,1,0.77017
260,42,1639.01,660.41,63.43,125.01,1,1,0.80858
260,6,859.98,495.37,56.4,127.81,1,1,0.82024
260,8,152.03,273.98,48.48,101.78,1,1,0.80706
260,29,585.81,177.84,40.34,86.72,1,1,0.80062
260,53,337.49,265.68,51.23,84.18,1,1,0.734
260,41,766.39,382.08,44.34,87.44,1,1,0.76059
260,35,460.0,551.21,49.67,113.22,1,1,0.8467
260,3,1085.96,350.25,43.8,96.01,1,1,0.75565
260,54,1430.29,462.98,49.66,100.98,1,1,0.82135
260,55,1829.87,582.23,62.57,139.18,1,1,0.73357
261,4,793.93,328.39,45.1,120.86,1,1,0.78752
261,1,1503.46,654.16,65.39,125.7,1,1,0.8025
261,22,1077.11,294.16,40.34,76.17,1,1,0.75334
261,21,545.85,294.67,45.73,115.98,1,1,0.8278
261,36,1135.34,766.38,92.28,121.54,1,1,0.82878
261,5,1448.72,659.97,75.49,116.47,1,1,0.80407
261,28,709.16,368.33,48.64,100.81,1,1,0.84849
261,26,1309.18,496.67,52.27,123.41,1,1,0.85071
261,13,413.38,285.26,44.22,108.03,1,1,0.77517
261,42,1640.36,665.19,62.32,127.64,1,1,0.81006
261,6,859.85,499.93,54.71,123.99,1,1,0.83557
261,8,144.11,274.39,46.97,99.65,1,1,0.80993
261,29,587.05,178.2,39.6,84.99,1,1,0.80831
261,53,332.4,266.42,48.9,81.22,1,1,0.72967
261,35,460.33,552.5,48.3,109.47,1,1,0.8527
261,3,1083.42,352.51,43.8,93.59,1,1,0.78838
261,54,1426.9,463.91,50.85,99.55,1,1,0.82098
261,55,1823.12,581.59,59.29,136.72,1,1,0.76105
261,20,354.13,328.66,44.86,96.44,1,1,0.76506
262,4,795.64,330.03,45.16,120.96,1,1,0.78774
262,1,1507.35,655.32,63.82,125.64,1,1,0.80287
262,22,1078.95,294.88,40.51,75.53,1,1,0.75369
262,21,546.98,295.22,45.63,116.43,1,1,0.82751
262,36,1138.92,767.39,94.12,117.92,1,1,0.82876
262,5,1450.14,660.71,79.47,115.68,1,1,0.80418
262,28,710.92,368.52,48.3,100.94,1,1,0.84864
262,26,1310.31,498.4,52.63,122.63,1,1,0.85082
262,13,414.33,286.36,44.07,106.94,1,1,0.77435
262,42,1643.63,667.38,61.85,128.64,1,1,0.81029
262,6,862.47,502.09,54.05,122.4,1,1,0.8358
262,8,144.05,274.91,46.42,98.9,1,1,0.80967
262,29,589.9,178.74,39.39,84.35,1,1,0.80826
262,53,333.25,267.08,48.05,80.01,1,1,0.72964
262,35,463.03,553.35,47.78,108.05,1,1,0.85262
262,3,1085.2,353.74,43.8,92.68,1,1,0.7887
262,54,1428.39,464.58,51.3,99.05,1,1,0.82106
262,55,1823.37,581.82,58.29,135.9,1,1,0.7605
262,20,354.86,329.6,44.8,95.76,1,1,0.76445
263,4,784.64,332.31,44.65,114.98,1,1,0.77395
263,1,1506.0,654.1,60.88,120.49,1,1,0.81695
263,22,1072.37,293.05,37.65,72.25,1,1,0.73366
263,21,536.73,293.05,44.48,115.98,1,1,0.81537
263,5,1452.69,663.11,71.52,103.78,1,1,0.77376
263,28,699.14,363.63,48.79,102.98,1,1,0.84548
263,26,1299.24,497.19,52.46,118.36,1,1,0.84769
263,13,405.03,282.76,43.88,105.63,1,1,0.7809
263,42,1637.7,669.37,58.94,122.15,1,1,0.80311
263,6,855.62,499.91,52.6,119.04,1,1,0.83848
263,8,126.9,272.79,46.32,100.81,1,1,0.80905
263,29,578.27,174.82,46.3,83.55,1,1,0.82787
263,53,321.94,265.78,51.18,78.46,1,1,0.70028
263,35,455.08,551.16,50.7,109.05,1,1,0.84414
263,3,1075.75,352.66,43.49,93.61,1,1,0.75577
263,54,1417.55,463.13,52.89,102.84,1,1,0.8126
263,55,1807.16,575.03,57.41,136.78,1,1,0.73525
263,20,341.8,327.66,44.76,97.61,1,1,0.77584
263,34,1169.93,766.74,70.71,138.68,1,1,0.7402
263,31,798.24,305.83,42.21,83.95,1,1,0.70396
263,41,761.05,382.34,44.73,89.85,1,1,0.76433
264,4,782.58,334.14,43.99,109.76,1,1,0.78481
264,1,1508.88,654.86,59.18,122.98,1,1,0.82058
264,22,1071.68,294.49,36.88,71.8,1,1,0.7422
264,21,532.27,293.24,44.65,114.84,1,1,0.81554
264,5,1464.26,667.45,61.46,113.73,1,1,0.80697
264,28,695.35,362.16,48.99,102.86,1,1,0.84505
264,26,1296.18,498.42,50.92,119.49,1,1,0.85215
264,13,401.29,280.25,42.66,107.33,1,1,0.76921
264,42,1636.9,673.33,59.35,123.24,1,1,0.80815
264,6,855.43,500.11,50.35,115.74,1,1,0.83649
264,8,118.71,272.77,44.43,102.98,1,1,0.80689
264,29,573.06,174.13,53.39,84.33,1,1,0.84197
264,53,318.02,266.57,51.3,76.39,1,1,0.72745
264,35,455.3,552.18,51.62,112.76,1,1,0.82712
264,3,1072.34,353.6,43.45,93.21,1,1,0.77091
264,54,1413.96,464.46,54.36,107.17,1,1,0.78881
264,20,336.48,327.99,45.5,100.03,1,1,0.68837
264,34,1178.05,772.11,68.57,135.84,1,1,0.76712
264,41,758.76,381.87,45.8,94.28,1,1,0.81339
265,4,778.91,332.72,43.73,97.38,1,1,0.76888
265,1,1508.2,654.91,59.12,126.18,1,1,0.76494
265,22,1070.76,296.18,36.62,71.83,1,1,0.72994
265,21,527.54,292.87,45.65,113.62,1,1,0.81596
265,5,1463.12,670.76,65.64,114.46,1,1,0.80231
265,28,690.62,360.61,49.82,103.46,1,1,0.82399
265,26,1293.81,498.98,49.92,123.07,1,1,0.84502
265,13,397.41,278.84,43.4,107.35,1,1,0.74395
265,42,1633.11,674.01,63.9,126.46,1,1,0.81659
265,6,853.71,498.25,49.6,117.22,1,1,0.84063
265,8,110.62,273.4,43.61,103.44,1,1,0.80974
265,29,571.26,173.48,56.4,85.71,1,1,0.83587
265,53,315.0,266.64,54.01,77.91,1,1,0.74492
265,35,454.82,553.19,52.48,115.19,1,1,0.83543
265,3,1068.51,353.17,42.75,92.33,1,1,0.75459
265,54,1410.42,466.15,55.55,111.49,1,1,0.78404
265,20,330.5,327.42,46.38,104.8,1,1,0.80388
265,34,1185.61,778.94,66.95,132.94,1,1,0.77326
265,41,757.4,382.1,45.9,99.34,1,1,0.77066
265,55,1791.5,567.16,58.26,138.12,1,1,0.73017
265,31,797.32,304.53,40.46,91.21,1,1,0.71513
266,4,780.13,332.65,43.64,92.83,1,1,0.76901
266,1,1510.38,655.46,59.12,127.4,1,1,0.76491
266,22,1072.91,297.34,36.53,71.89,1,1,0.7302
266,21,528.44,293.33,46.02,113.17,1,1,0.81597
266,5,1465.34,672.52,67.05,114.69,1,1,0.8023
266,28,691.46,360.63,50.15,103.69,1,1,0.82378
266,26,1295.52,499.74,49.55,124.42,1,1,0.8449
266,13,398.59,278.91,43.67,107.37,1,1,0.74397
266,42,1634.33,674.77,65.57,127.68,1,1,0.81658
266,6,855.52,498.12,49.35,117.79,1,1,0.84061
266,8,110.36,274.22,43.3,103.59,1,1,0.80988
266,29,573.24,173.84,57.65,86.23,1,1,0.83602
266,53,316.57,267.24,55.0,78.49,1,1,0.74479
266,35,457.18,554.15,52.82,116.1,1,1,0.83544
266,3,1069.63,353.56,42.51,92.01,1,1,0.75476
266,54,1411.76,467.37,56.02,113.15,1,1,0.7836
266,20,330.94,327.8,46.7,106.58,1,1,0.80381
266,34,1190.72,782.05,66.35,131.78,1,1,0.77333
266,41,759.45,382.8,45.92,101.27,1,1,0.77049
266,55,1791.12,566.34,58.68,138.5,1,1,0.73072
266,31,799.52,305.07,40.09,92.62,1,1,0.71554
267,4,776.84,330.15,43.96,101.22,1,1,0.78766
267,22,1069.56,297.8,36.42,68.2,1,1,0.7152
267,21,523.12,292.05,45.65,113.18,1,1,0.81624
267,5,1454.07,675.45,76.22,111.35,1,1,0.77673
267,28,685.98,360.07,51.08,102.26,1,1,0.81455
267,26,1292.41,500.03,48.39,125.49,1,1,0.8361
267,13,392.78,280.3,43.13,104.09,1,1,0.7544
267,42,1636.65,677.32,60.61,128.91,1,1,0.79538
267,6,851.57,497.99,50.42,115.25,1,1,0.84208
267,8,102.04,274.63,44.53,104.56,1,1,0.803
267,29,572.73,173.2,55.37,86.07,1,1,0.80658
267,53,310.72,265.79,59.81,82.31,1,1,0.76649
267,35,456.29,554.98,51.72,116.96,1,1,0.83652
267,3,1064.06,350.29,43.82,94.03,1,1,0.77308
267,20,324.08,329.93,49.23,106.79,1,1,0.79572
267,34,1189.12,777.54,74.46,109.9,1,1,0.69427
267,41,756.07,383.82,45.0,99.8,1,1,0.79126
267,31,799.88,306.51,37.84,92.48,1,1,0.68749
267,36,1183.93,784.83,78.63,121.99,1,1,0.76068
268,4,769.48,325.23,44.67,108.81,1,1,0.77543
268,22,1064.23,296.88,35.96,72.11,1,1,0.67513
268,21,513.43,288.96,46.21,114.91,1,1,0.81523
268,5,1442.05,681.11,78.78,100.75,1,1,0.66477
268,28,676.36,360.52,52.62,103.2,1,1,0.82665
268,26,1284.74,501.23,49.1,128.2,1,1,0.83494
268,13,382.72,275.66,43.99,103.78,1,1,0.76093
268,42,1633.17,682.45,59.04,126.3,1,1,0.81792
268,6,846.92,496.16,51.12,112.43,1,1,0.805
268,8,83.2,274.16,49.35,103.24,1,1,0.81404
268,29,575.12,172.13,48.53,84.37,1,1,0.82439
268,53,300.14,261.49,63.62,87.9,1,1,0.76091
268,35,453.26,554.75,51.71,112.77,1,1,0.84189
268,3,1054.57,348.34,46.01,91.89,1,1,0.79015
268,41,748.43,386.5,46.32,96.05,1,1,0.79965
268,31,795.52,306.02,40.86,93.27,1,1,0.75601
268,36,1198.95,779.63,75.94,118.99,1,1,0.72757
268,1,1504.48,657.89,54.63,127.01,1,1,0.76651
269,4,768.75,324.34,44.22,111.17,1,1,0.76227
269,22,1065.35,297.23,34.73,74.59,1,1,0.67254
269,21,509.99,287.59,45.38,115.65,1,1,0.82522
269,5,1440.61,687.36,77.69,93.07,1,1,0.75394
269,28,675.71,361.97,51.44,102.7,1,1,0.82968
269,26,1282.89,503.79,48.7,126.96,1,1,0.83982
269,13,380.02,274.83,44.31,102.45,1,1,0.74565
269,42,1632.95,686.28,60.52,122.27,1,1,0.82457
269,6,848.14,498.21,51.47,115.48,1,1,0.82807
269,8,76.94,274.94,49.72,100.51,1,1,0.81871
269,29,582.04,171.54,42.68,83.59,1,1,0.82538
269,53,297.79,259.76,62.75,88.7,1,1,0.74363
269,35,455.19,554.42,50.9,109.85,1,1,0.85241
269,3,1052.47,350.24,47.02,85.76,1,1,0.75563
269,41,747.56,390.34,46.3,91.9,1,1,0.7907
269,31,796.79,307.31,43.67,92.98,1,1,0.76781
269,36,1210.49,783.41,72.89,129.9,1,1,0.75902
269,1,1503.73,659.66,50.96,123.12,1,1,0.80546
269,54,1399.47,469.58,51.17,104.29,1,1,0.68267
269,20,308.92,328.1,48.63,101.66,1,1,0.69596
270,4,770.62,324.93,44.01,112.12,1,1,0.76324
270,22,1067.75,298.23,34.27,75.63,1,1,0.67283
270,21,510.88,287.99,44.99,115.91,1,1,0.82667
270,5,1442.2,690.38,77.08,90.88,1,1,0.77319
270,28,677.67,363.44,50.89,102.49,1,1,0.83088
270,26,1284.39,505.59,48.45,126.42,1,1,0.8391
270,13,381.14,275.42,44.44,101.98,1,1,0.74684
270,42,1634.86,688.53,61.03,120.57,1,1,0.82679
270,6,850.63,499.83,51.73,116.64,1,1,0.82727
270,8,76.93,276.09,49.77,99.43,1,1,0.81949
270,29,586.28,172.2,40.55,83.32,1,1,0.82615
270,53,299.16,260.0,62.33,88.97,1,1,0.74457
270,35,457.92,555.16,50.63,108.8,1,1,0.8509
270,3,1053.84,351.81,47.4,83.44,1,1,0.75634
270,41,749.32,392.59,46.27,90.32,1,1,0.79171
270,31,799.42,308.72,44.75,92.89,1,1,0.7683
270,36,1216.23,785.6,71.28,133.85,1,1,0.75561
270,1,1505.23,661.15,49.74,121.66,1,1,0.81003
270,54,1401.24,470.85,50.27,102.81,1,1,0.67486
270,20,309.83,329.14,48.4,100.33,1,1,0.69771
271,4,766.97,322.86,45.65,95.19,1,1,0.73225
271,22,1065.53,297.18,35.3,91.06,1,1,0.69539
271,21,506.06,286.31,44.19,115.51,1,1,0.82796
271,5,1442.35,692.18,76.68,72.49,1,1,0.68083
271,28,673.63,362.87,51.57,100.55,1,1,0.83341
271,26,1281.06,505.49,47.25,124.1,1,1,0.8421
271,13,376.31,275.0,45.77,101.87,1,1,0.7139
271,42,1631.75,690.14,62.63,116.86,1,1,0.83188
271,6,847.66,500.22,53.4,117.75,1,1,0.83438
271,8,69.25,274.24,50.59,99.16,1,1,0.81673
271,29,586.75,170.81,39.63,81.93,1,1,0.83378
271,53,294.21,258.65,61.45,89.75,1,1,0.75042
271,35,456.54,553.23,49.31,103.64,1,1,0.84695
271,3,1052.78,349.7,45.31,85.02,1,1,0.73869
271,41,744.7,389.82,51.56,89.04,1,1,0.81461
271,31,800.25,304.22,44.48,96.43,1,1,0.7188
271,36,1227.45,788.74,62.12,132.14,1,1,0.75696
271,1,1501.54,661.74,51.75,117.09,1,1,0.81074
271,20,305.2,327.11,47.57,99.74,1,1,0.79615
271,34,1218.2,780.28,48.29,124.99,1,1,0.67875
272,4,764.31,325.67,47.29,100.7,1,1,0.72111
272,22,1063.57,297.26,34.79,70.18,1,1,0.70106
272,21,501.04,285.0,44.05,116.26,1,1,0.82532
272,5,1446.49,698.17,72.96,67.68,1,1,0.68538
272,28,670.52,361.11,50.78,100.68,1,1,0.82294
272,26,1278.38,504.92,46.57,121.32,1,1,0.84259
272,13,372.89,274.46,44.86,101.06,1,1,0.73923
272,42,1631.59,692.2,62.25,120.12,1,1,0.82209
272,6,846.47,501.14,52.69,117.01,1,1,0.84966
272,8,62.12,272.1,50.77,99.97,1,1,0.81381
272,29,585.59,169.67,39.74,79.59,1,1,0.83779
272,53,290.3,258.59,59.7,86.01,1,1,0.73825
272,35,455.28,551.22,49.46,105.74,1,1,0.84765
272,3,1051.48,345.66,44.79,95.34,1,1,0.72273
272,41,742.65,387.63,51.67,87.02,1,1,0.81128
272,36,1234.21,794.7,75.16,120.66,1,1,0.78365
272,1,1499.28,663.16,54.43,112.25,1,1,0.80235
272,20,299.6,324.73,47.09,99.81,1,1,0.79072
272,34,1224.7,780.82,46.69,126.54,1,1,0.69703
272,54,1392.92,470.96,54.04,101.27,1,1,0.76934
273,4,761.74,326.51,43.81,84.78,1,1,0.75607
273,22,1062.13,297.93,35.05,69.18,1,1,0.68309
273,21,496.41,284.65,43.83,117.57,1,1,0.82599
273,5,1453.49,701.06,74.09,96.54,1,1,0.75671
273,28,668.04,359.46,51.07,99.95,1,1,0.73735
273,26,1275.76,504.38,46.87,119.7,1,1,0.84144
273,13,370.38,275.7,43.46,98.85,1,1,0.76185
273,42,1630.01,694.82,66.13,123.49,1,1,0.80897
273,6,846.0,501.44,50.93,115.36,1,1,0.84782
273,8,55.7,271.37,49.34,102.31,1,1,0.81697
273,29,584.94,168.18,40.78,79.86,1,1,0.8374
273,53,287.04,259.08,55.01,86.7,1,1,0.74049
273,35,454.66,551.4,50.25,113.81,1,1,0.84216
273,3,1049.03,348.51,45.86,96.18,1,1,0.78175
273,41,741.98,385.62,53.71,88.07,1,1,0.82889
273,36,1232.09,797.56,81.13,120.1,1,1,0.76063
273,1,1501.34,666.2,56.43,103.21,1,1,0.71713
273,20,294.76,323.51,47.19,105.92,1,1,0.8032
273,34,1222.01,780.97,56.38,126.76,1,1,0.6783
273,54,1390.83,471.93,53.67,106.92,1,1,0.74131
273,31,798.38,302.99,44.03,98.39,1,1,0.76066
274,4,761.09,326.5,41.53,81.12,1,1,0.76825
274,22,1060.46,298.94,37.57,77.53,1,1,0.67783
274,21,491.32,284.45,45.35,116.94,1,1,0.8317
274,5,1457.31,704.52,70.71,96.44,1,1,0.76304
274,28,664.99,357.39,51.51,100.1,1,1,0.76262
274,26,1272.03,503.64,49.87,122.44,1,1,0.83875
274,13,368.0,272.66,44.49,99.66,1,1,0.74016
274,42,1632.9,696.72,64.31,128.05,1,1,0.80155
274,6,844.02,500.38,51.87,114.01,1,1,0.85002
274,8,49.6,269.27,49.82,105.36,1,1,0.80586
274,29,584.66,165.85,43.55,83.62,1,1,0.83648
274,53,282.76,257.75,54.76,86.35,1,1,0.7528
274,35,454.77,550.69,53.14,120.4,1,1,0.85291
274,3,1048.01,349.5,45.7,92.68,1,1,0.75791
274,41,742.11,385.37,52.6,97.68,1,1,0.81903
274,36,1246.07,800.97,76.85,116.05,1,1,0.71718
274,1,1505.05,666.91,56.97,97.18,1,1,0.72011
274,20,289.53,322.75,49.39,108.51,1,1,0.80726
274,34,1219.38,779.97,68.56,124.48,1,1,0.80284
274,54,1390.25,472.23,53.44,109.01,1,1,0.75578
274,31,798.31,303.21,47.19,97.0,1,1,0.76659
275,4,758.45,325.58,40.8,79.84,1,1,0.7935
275,22,1057.51,299.22,40.48,71.64,1,1,0.70149
275,21,487.77,283.32,44.84,116.33,1,1,0.82746
275,5,1460.17,707.46,69.38,98.65,1,1,0.79672
275,28,663.63,354.48,49.87,101.43,1,1,0.80292
275,26,1268.05,503.14,53.0,125.5,1,1,0.84878
275,13,365.54,269.52,45.11,99.89,1,1,0.73878
275,42,1636.1,699.35,61.81,130.31,1,1,0.8075
275,6,842.36,498.54,51.56,114.29,1,1,0.85489
275,8,44.27,269.23,48.39,103.75,1,1,0.81321
275,29,585.5,164.94,44.86,84.42,1,1,0.83906
275,53,278.99,257.76,52.13,87.11,1,1,0.74628
275,35,455.63,549.82,53.9,124.08,1,1,0.85106
275,3,1046.26,348.17,45.12,91.68,1,1,0.77612
275,41,741.12,386.03,52.18,100.98,1,1,0.81807
275,36,1253.72,801.27,77.36,114.0,1,1,0.77085
275,1,1507.04,669.59,59.78,111.16,1,1,0.72657
275,20,285.83,322.84,49.93,107.49,1,1,0.7901
275,34,1217.87,778.15,82.49,124.13,1,1,0.82169
275,54,1388.53,473.47,53.57,111.97,1,1,0.80407
275,31,796.9,302.36,49.27,95.67,1,1,0.81208
276,4,756.85,324.73,41.13,77.91,1,1,0.80316
276,22,1057.22,299.54,39.4,71.17,1,1,0.7209
276,21,484.19,281.62,45.61,116.7,1,1,0.82782
276,5,1462.1,708.93,76.98,98.11,1,1,0.76837
276,28,660.45,353.41,50.32,101.56,1,1,0.81116
276,26,1264.45,504.01,55.88,126.57,1,1,0.85211
276,13,362.54,264.72,45.49,100.67,1,1,0.71579
276,42,1637.17,702.19,61.37,128.7,1,1,0.80629
276,6,841.15,496.83,51.76,116.36,1,1,0.85225
276,8,38.06,269.4,48.01,105.67,1,1,0.81536
276,29,589.44,164.95,43.56,85.6,1,1,0.82697
276,53,275.6,257.32,51.06,88.28,1,1,0.75165
276,35,457.15,550.61,53.93,124.86,1,1,0.8496
276,3,1045.55,346.19,43.34,94.47,1,1,0.80519
276,41,742.49,388.14,50.07,101.7,1,1,0.79369
276,36,1255.96,799.85,83.91,115.87,1,1,0.8115
276,34,1216.86,777.9,94.87,123.58,1,1,0.81759
276,54,1388.61,475.83,55.18,113.49,1,1,0.81048
276,31,796.99,301.73,48.27,95.73,1,1,0.82255
277,4,753.4,322.51,40.74,79.13,1,1,0.80348
277,22,1055.88,300.51,38.37,82.63,1,1,0.68683
277,21,477.1,279.71,43.9,113.43,1,1,0.84382
277,5,1464.72,712.51,80.03,88.74,1,1,0.8094
277,28,656.13,355.17,52.32,97.18,1,1,0.80263
277,26,1261.93,506.4,54.17,128.02,1,1,0.85505
277,13,357.16,264.77,43.49,99.3,1,1,0.74818
277,42,1635.46,706.25,63.35,126.61,1,1,0.81321
277,6,839.26,496.1,51.95,118.64,1,1,0.83901
277,8,27.39,270.73,46.7,101.65,1,1,0.82653
277,29,594.97,165.07,39.57,83.38,1,1,0.84297
277,53,270.19,255.79,49.36,84.6,1,1,0.78359
277,35,458.34,553.62,50.67,119.68,1,1,0.84935
277,3,1042.14,344.94,43.5,93.92,1,1,0.77791
277,41,743.86,390.58,46.55,99.6,1,1,0.74173
277,36,1276.45,798.76,76.45,119.22,1,1,0.78957
277,34,1245.29,779.33,79.36,127.77,1,1,0.77081
277,54,1386.03,476.57,55.76,111.29,1,1,0.80028
277,31,794.99,300.03,48.09,97.41,1,1,0.81497
277,1,1516.58,679.6,58.48,70.79,1,1,0.68713
278,4,755.51,323.27,40.59,79.63,1,1,0.80401
278,22,1058.76,302.5,37.94,86.19,1,1,0.68635
278,21,477.88,280.65,43.28,112.18,1,1,0.84459
278,5,1469.3,715.3,81.22,84.97,1,1,0.8098
278,28,658.0,357.5,53.03,95.54,1,1,0.80313
278,26,1264.58,508.92,53.42,128.59,1,1,0.85527
278,13,358.63,266.56,42.66,98.75,1,1,0.75064
278,42,1638.17,709.31,64.08,125.8,1,1,0.81383
278,6,841.94,497.46,52.0,119.51,1,1,0.83907
278,8,27.01,272.93,46.14,100.0,1,1,0.82715
278,29,600.27,166.81,38.01,82.48,1,1,0.84345
278,53,271.6,256.87,48.74,83.11,1,1,0.78476
278,35,462.11,556.45,49.38,117.57,1,1,0.84968
278,3,1044.23,346.14,43.54,93.85,1,1,0.77902
278,41,747.69,393.16,45.21,98.75,1,1,0.73968
278,36,1287.69,799.96,73.26,120.45,1,1,0.78953
278,34,1261.7,781.49,71.67,129.33,1,1,0.77209
278,54,1388.58,478.39,55.93,110.32,1,1,0.80296
278,31,797.61,301.03,48.02,98.06,1,1,0.81526
278,1,1521.33,682.73,58.07,60.5,1,1,0.68691
279,4,753.82,321.81,39.65,79.63,1,1,0.80944
279,22,1060.24,302.83,36.47,91.22,1,1,0.64896
279,21,474.85,279.06,42.87,113.25,1,1,0.84598
279,5,1468.01,714.94,79.39,83.31,1,1,0.83604
279,28,657.78,357.32,51.05,94.52,1,1,0.81538
279,26,1263.25,510.2,53.03,130.55,1,1,0.84899
279,13,355.79,265.2,42.61,98.53,1,1,0.75971
279,42,1639.79,711.13,63.34,129.4,1,1,0.80096
279,6,840.92,497.9,52.93,119.4,1,1,0.83696
279,8,21.37,272.01,48.53,98.82,1,1,0.81547
279,29,603.02,166.54,36.37,81.48,1,1,0.83905
279,53,267.36,254.87,47.99,83.45,1,1,0.79667
279,35,462.02,556.24,49.01,115.91,1,1,0.85455
279,3,1042.49,345.09,43.54,90.03,1,1,0.72114
279,36,1307.27,800.59,63.57,130.81,1,1,0.78078
279,34,1270.58,781.27,70.46,132.14,1,1,0.81187
279,54,1387.75,477.82,54.86,109.52,1,1,0.81354
279,31,796.72,302.64,48.98,95.04,1,1,0.81549
279,20,273.2,324.71,50.24,103.02,1,1,0.7976
280,4,750.42,319.68,40.46,80.58,1,1,0.80006
280,22,1058.53,303.51,36.52,97.67,1,1,0.74401
280,21,469.96,275.73,43.61,114.07,1,1,0.83991
280,5,1466.45,716.6,79.9,72.8,1,1,0.78716
280,28,654.08,355.23,49.61,94.68,1,1,0.82547
280,26,1259.21,511.32,52.7,126.82,1,1,0.84914
280,13,351.29,261.28,43.02,103.39,1,1,0.76759
280,42,1645.77,715.63,57.59,133.09,1,1,0.81066
280,6,840.0,497.19,55.65,122.71,1,1,0.83051
280,8,8.89,271.04,52.0,96.18,1,1,0.76424
280,29,601.04,162.62,39.79,79.45,1,1,0.83744
280,53,262.44,252.65,48.93,83.74,1,1,0.79314
280,35,461.68,554.17,49.12,113.6,1,1,0.84857
280,3,1038.95,344.97,44.32,95.96,1,1,0.75851
280,36,1323.92,801.39,64.1,127.83,1,1,0.78271
280,34,1273.85,781.32,81.83,127.9,1,1,0.83605
280,54,1385.38,477.23,55.39,109.19,1,1,0.81631
280,31,798.52,303.33,47.02,92.68,1,1,0.82096
280,20,267.48,323.34,47.32,100.3,1,1,0.78913
280,1,1529.89,689.25,55.71,98.93,1,1,0.75173
281,4,752.91,320.78,40.25,80.49,1,1,0.79598
281,22,1062.09,305.59,35.55,99.24,1,1,0.74149
281,21,471.87,276.34,43.94,114.26,1,1,0.8347
281,5,1468.72,718.12,81.86,69.81,1,1,0.77728
281,28,655.57,356.53,50.05,95.92,1,1,0.81551
281,26,1261.16,514.02,52.76,125.02,1,1,0.84516
281,13,352.79,260.54,43.36,105.8,1,1,0.74655
281,42,1650.78,718.86,56.15,135.15,1,1,0.80855
281,6,842.94,498.76,56.8,123.43,1,1,0.82817
281,8,6.74,272.19,54.96,96.46,1,1,0.77958
281,29,604.02,162.8,40.83,79.16,1,1,0.83808
281,53,264.1,253.58,49.14,83.41,1,1,0.79029
281,35,464.98,554.93,49.41,112.73,1,1,0.84523
281,3,1040.7,346.56,45.22,97.56,1,1,0.76663
281,36,1332.1,802.9,64.84,128.31,1,1,0.79781
281,34,1278.71,782.97,85.5,125.99,1,1,0.83916
281,54,1388.06,479.19,55.14,107.55,1,1,0.81503
281,31,802.18,305.61,46.94,92.43,1,1,0.81896
281,20,268.59,325.16,46.63,99.25,1,1,0.79821
281,1,1534.18,691.04,55.31,106.52,1,1,0.74044
282,4,750.2,320.9,40.39,81.76,1,1,0.78945
282,22,1061.31,306.41,36.53,100.91,1,1,0.75395
282,21,468.04,275.44,45.08,115.03,1,1,0.82045
282,5,1467.26,719.42,86.62,75.67,1,1,0.74265
282,28,654.27,354.04,48.48,98.2,1,1,0.82887
282,26,1259.5,514.18,53.37,123.22,1,1,0.8499
282,13,349.8,258.66,44.46,106.9,1,1,0.73313
282,42,1648.33,721.02,59.4,134.2,1,1,0.81667
282,6,842.9,501.0,57.78,119.08,1,1,0.8254
282,8,0.41,271.49,57.29,99.8,1,1,0.80164
282,29,602.01,161.42,44.56,80.13,1,1,0.83902
282,53,261.48,252.83,49.72,83.73,1,1,0.78565
282,35,467.18,553.75,47.02,112.84,1,1,0.84376
282,3,1039.46,347.36,45.2,100.31,1,1,0.77528
282,36,1333.34,804.26,75.96,124.79,1,1,0.81291
282,34,1281.45,782.89,89.23,121.0,1,1,0.82267
282,54,1386.4,479.82,55.11,111.66,1,1,0.82922
282,31,802.44,305.7,45.33,91.57,1,1,0.8002
282,20,264.36,324.32,47.32,98.04,1,1,0.7832
282,1,1535.59,691.94,57.2,108.43,1,1,0.7301
282,41,746.75,391.97,45.92,94.49,1,1,0.77737
283,4,748.88,321.0,40.36,79.95,1,1,0.80097
283,22,1061.12,306.45,36.32,100.3,1,1,0.76594
283,21,464.84,274.36,45.23,115.49,1,1,0.82163
283,5,1466.88,720.76,85.42,76.27,1,1,0.74638
283,28,652.29,351.34,48.14,99.8,1,1,0.83442
283,26,1258.85,513.69,53.3,124.15,1,1,0.85136
283,13,349.12,258.09,43.92,105.64,1,1,0.747
283,42,1647.83,722.58,61.81,131.02,1,1,0.81551
283,6,844.57,502.93,59.69,114.95,1,1,0.83595
283,8,-1.85,268.05,51.65,105.07,1,1,0.7318
283,29,600.98,161.8,49.71,80.98,1,1,0.82779
283,53,258.42,252.15,50.05,82.97,1,1,0.79801
283,35,467.37,552.85,48.56,115.02,1,1,0.84603
283,3,1038.12,347.63,43.97,99.44,1,1,0.78258
283,36,1336.25,806.83,88.18,121.51,1,1,0.81074
283,34,1287.77,783.91,92.11,106.37,1,1,0.79555
283,54,1383.83,479.81,56.92,111.99,1,1,0.80634
283,31,803.42,305.41,43.13,88.52,1,1,0.7927
283,20,261.21,322.81,46.99,102.04,1,1,0.78453
283,1,1534.57,692.75,62.57,94.15,1,1,0.72814
283,41,747.73,392.32,46.8,102.91,1,1,0.78975
284,4,747.37,320.52,40.9,82.28,1,1,0.78275
284,22,1061.39,305.26,36.21,98.77,1,1,0.77491
284,21,461.85,273.36,46.08,116.48,1,1,0.8155
284,5,1467.76,721.24,86.46,74.65,1,1,0.71807
284,28,650.12,348.59,48.42,99.54,1,1,0.83619
284,26,1258.11,512.89,53.64,127.21,1,1,0.85194
284,13,347.99,255.67,42.67,106.32,1,1,0.72723
284,42,1648.46,724.52,62.23,126.63,1,1,0.81457
284,6,846.39,502.4,58.95,114.41,1,1,0.83652
284,8,-2.29,265.12,47.73,108.12,1,1,0.74343
284,29,601.52,161.23,53.49,81.91,1,1,0.82252
284,53,256.52,251.76,48.75,81.81,1,1,0.79903
284,35,466.91,552.3,52.56,118.32,1,1,0.84363
284,3,1037.01,347.21,42.02,97.55,1,1,0.78466
284,36,1357.3,806.71,81.85,118.11,1,1,0.76019
284,34,1318.59,783.85,71.95,123.89,1,1,0.73853
284,54,1383.48,479.8,58.46,116.08,1,1,0.81838
284,31,804.96,304.4,41.52,85.77,1,1,0.77779
284,20,257.98,322.09,46.56,99.85,1,1,0.76719
284,1,1537.93,693.17,61.86,86.61,1,1,0.73077
284,41,749.3,392.64,46.51,104.26,1,1,0.81361
285,4,743.39,320.79,41.4,83.83,1,1,0.79393
285,22,1059.9,304.0,36.63,103.32,1,1,0.76015
285,21,454.78,272.36,46.97,114.72,1,1,0.82902
285,5,1469.26,719.47,93.87,87.54,1,1,0.74502
285,28,644.66,345.36,50.28,104.53,1,1,0.83407
285,26,1258.8,513.13,51.68,130.04,1,1,0.85038
285,13,344.48,252.62,41.12,109.67,1,1,0.71674
285,42,1652.42,728.6,60.19,130.08,1,1,0.81747
285,6,844.6,498.51,57.72,118.31,1,1,0.85057
285,8,-4.1,261.75,34.72,111.18,1,1,0.64302
285,29,605.32,160.1,51.84,80.97,1,1,0.81771
285,53,250.8,250.66,48.51,84.99,1,1,0.79491
285,35,466.54,553.35,52.51,116.07,1,1,0.84304
285,3,1032.51,343.27,42.66,95.77,1,1,0.77876
285,36,1385.48,807.36,74.23,124.06,1,1,0.74614
285,34,1341.58,785.06,66.83,131.39,1,1,0.77464
285,54,1378.72,481.79,59.59,117.65,1,1,0.81546
285,31,805.95,301.45,43.24,87.71,1,1,0.75648
285,20,248.88,323.31,48.18,101.01,1,1,0.79392
285,1,1538.31,693.19,67.33,103.05,1,1,0.66262
285,41,747.16,393.96,46.83,97.3,1,1,0.81173
286,4,745.56,322.76,41.61,84.43,1,1,0.79383
286,22,1062.96,305.39,36.78,105.0,1,1,0.75984
286,21,455.88,273.86,47.29,114.04,1,1,0.82884
286,5,1473.57,720.74,96.53,92.03,1,1,0.74564
286,28,646.3,345.99,50.96,106.42,1,1,0.83398
286,26,1262.78,515.06,50.93,131.12,1,1,0.85048
286,13,346.81,253.36,40.55,110.92,1,1,0.7163
286,42,1657.53,731.84,59.38,131.34,1,1,0.81748
286,6,847.56,498.87,57.2,119.77,1,1,0.85064
286,8,-0.85,262.36,29.77,112.34,1,1,0.64305
286,29,610.72,161.54,51.07,80.6,1,1,0.81767
286,53,252.33,252.08,48.44,86.16,1,1,0.79484
286,35,470.13,555.63,52.46,115.16,1,1,0.843
286,3,1034.44,343.61,42.89,95.09,1,1,0.77853
286,36,1399.14,809.39,71.28,126.23,1,1,0.74588
286,34,1352.02,787.51,65.19,134.4,1,1,0.77455
286,54,1380.65,484.43,60.01,118.23,1,1,0.8153
286,31,809.8,302.17,43.85,88.43,1,1,0.75601
286,20,249.22,325.58,48.79,101.48,1,1,0.794
286,1,1542.17,695.09,69.35,108.94,1,1,0.6633
286,41,749.97,396.3,46.93,94.53,1,1,0.8117
287,4,740.36,319.2,42.89,86.61,1,1,0.78921
287,22,1059.59,304.98,36.63,106.58,1,1,0.77377
287,21,449.23,270.32,47.28,112.27,1,1,0.82383
287,5,1475.85,720.46,88.04,85.63,1,1,0.72594
287,28,638.93,342.55,52.18,105.42,1,1,0.80833
287,26,1257.34,514.63,51.81,133.49,1,1,0.82497
287,13,339.18,250.04,41.79,113.36,1,1,0.71991
287,42,1659.2,736.32,57.05,132.96,1,1,0.82485
287,6,843.05,495.35,58.57,122.88,1,1,0.84374
287,29,615.7,158.72,43.04,79.85,1,1,0.80916
287,53,249.45,248.59,45.66,89.0,1,1,0.80627
287,35,468.51,554.7,50.59,111.97,1,1,0.84788
287,3,1027.57,338.88,44.51,98.0,1,1,0.78822
287,36,1406.0,810.64,74.17,122.83,1,1,0.77533
287,34,1349.82,784.31,82.42,132.33,1,1,0.8148
287,54,1378.01,481.89,56.27,114.88,1,1,0.79416
287,31,806.13,298.25,47.35,100.92,1,1,0.7184
287,20,241.26,325.95,49.38,100.81,1,1,0.75906
287,1,1533.94,697.59,75.87,103.81,1,1,0.73539
287,41,744.11,393.56,50.31,94.22,1,1,0.81297
288,4,740.05,318.48,42.2,90.32,1,1,0.79661
288,22,1059.88,306.84,36.98,105.36,1,1,0.7613
288,21,447.03,269.2,47.17,111.78,1,1,0.81265
288,5,1479.98,720.84,80.82,79.18,1,1,0.78278
288,28,637.5,344.38,51.22,101.55,1,1,0.82594
288,26,1257.08,515.87,50.23,131.44,1,1,0.80987
288,13,336.88,246.9,42.81,117.01,1,1,0.643
288,42,1662.98,741.76,56.61,128.54,1,1,0.82723
288,6,842.7,495.32,58.26,123.42,1,1,0.82606
288,29,622.05,156.06,36.81,77.47,1,1,0.79994
288,53,249.48,246.57,44.08,92.44,1,1,0.78263
288,35,470.55,554.15,49.19,111.16,1,1,0.84091
288,3,1025.23,338.68,46.46,99.01,1,1,0.75513
288,36,1415.42,811.53,78.18,119.87,1,1,0.79314
288,34,1352.49,784.24,96.18,125.74,1,1,0.83534
288,54,1377.59,482.3,54.42,113.79,1,1,0.78613
288,31,808.27,297.75,49.3,104.85,1,1,0.74191
288,1,1538.63,699.19,72.8,100.46,1,1,0.75805
288,41,745.62,394.59,51.15,90.06,1,1,0.80255
289,4,738.61,317.14,42.22,96.27,1,1,0.80486
289,22,1058.2,308.3,37.92,102.32,1,1,0.7607
289,21,444.27,267.54,45.6,113.01,1,1,0.81795
289,5,1485.29,719.84,75.89,68.73,1,1,0.75382
289,28,635.1,343.93,50.53,100.15,1,1,0.84058
289,26,1256.67,516.09,49.97,128.66,1,1,0.81474
289,13,333.68,247.15,42.77,116.6,1,1,0.71686
289,42,1663.57,744.57,56.42,123.58,1,1,0.81091
289,6,841.77,496.54,58.18,122.39,1,1,0.81606
289,29,623.24,153.06,34.93,81.09,1,1,0.79701
289,53,247.32,244.22,43.65,94.01,1,1,0.78377
289,35,471.05,552.59,48.35,110.55,1,1,0.85306
289,3,1023.24,338.57,46.75,100.74,1,1,0.66813
289,36,1418.28,812.09,89.7,116.93,1,1,0.82756
289,34,1358.82,784.06,102.86,111.68,1,1,0.81178
289,54,1376.7,483.09,53.15,113.84,1,1,0.79169
289,31,808.68,297.25,48.84,104.71,1,1,0.77353
289,1,1538.73,698.9,74.46,107.11,1,1,0.75935
289,41,746.31,394.69,50.64,88.57,1,1,0.79279
290,4,740.02,317.57,42.21,98.55,1,1,0.80497
290,22,1059.48,309.71,38.28,101.1,1,1,0.76022
290,21,445.21,268.02,44.98,113.3,1,1,0.81914
290,5,1488.86,720.14,74.14,64.9,1,1,0.7541
290,28,636.16,344.68,50.27,99.62,1,1,0.8406
290,26,1258.39,517.0,49.9,127.61,1,1,0.81508
290,13,334.47,248.29,42.71,116.33,1,1,0.71906
290,42,1665.57,746.33,56.37,121.74,1,1,0.81095
290,6,843.31,497.91,58.16,121.98,1,1,0.81631
290,29,625.18,152.9,34.37,82.43,1,1,0.79676
290,53,248.41,244.25,43.54,94.61,1,1,0.78399
290,35,473.04,552.88,48.04,110.34,1,1,0.85319
290,3,1024.45,339.45,46.87,101.66,1,1,0.66505
290,36,1421.47,813.1,94.07,115.87,1,1,0.82739
290,34,1363.25,784.76,105.58,106.37,1,1,0.81178
290,54,1378.25,484.25,52.68,113.85,1,1,0.79203
290,31,810.71,297.98,48.63,104.59,1,1,0.77331
290,1,1540.72,699.73,75.07,109.56,1,1,0.7592
290,41,748.49,395.55,50.44,88.1,1,1,0.79287
290,56,1533.12,437.83,45.97,93.87,1,1,0.73055
291,4,729.65,315.35,45.41,95.07,1,1,0.8341
291,22,1053.18,308.48,39.05,98.64,1,1,0.76204
291,21,434.88,263.26,46.41,115.08,1,1,0.80491
291,5,1488.6,717.06,69.37,86.67,1,1,0.73343
291,28,629.2,341.8,48.2,99.75,1,1,0.84051
291,26,1251.27,514.52,50.89,127.86,1,1,0.82402
291,13,327.38,248.31,43.79,114.2,1,1,0.72563
291,42,1663.93,747.49,59.16,129.09,1,1,0.79983
291,6,839.25,497.71,57.02,118.1,1,1,0.81078
291,29,622.11,149.5,36.0,83.01,1,1,0.80169
291,53,238.95,240.47,44.97,95.32,1,1,0.75593
291,35,467.22,548.15,48.36,118.73,1,1,0.84376
291,3,1018.95,338.85,44.8,99.18,1,1,0.73618
291,36,1449.13,812.94,79.39,119.73,1,1,0.76953
291,34,1385.24,785.57,91.55,114.4,1,1,0.73854
291,54,1372.91,483.55,52.3,117.3,1,1,0.79844
291,31,802.82,297.91,48.65,98.66,1,1,0.78977
291,1,1546.2,699.32,67.26,115.79,1,1,0.70722
291,41,743.32,393.6,50.93,99.52,1,1,0.75443
291,20,224.46,319.55,47.93,95.7,1,1,0.73055
292,4,727.18,316.23,47.74,90.83,1,1,0.81336
292,22,1051.49,308.43,38.95,100.06,1,1,0.75564
292,21,429.37,262.35,47.26,115.34,1,1,0.81088
292,5,1488.83,716.07,66.81,91.02,1,1,0.77508
292,28,626.77,339.96,46.73,100.38,1,1,0.83018
292,26,1245.71,512.77,56.23,132.65,1,1,0.83536
292,13,323.92,248.13,46.0,113.43,1,1,0.73635
292,42,1668.01,750.81,58.5,133.61,1,1,0.80379
292,6,839.01,496.11,58.64,117.56,1,1,0.82105
292,29,623.86,149.5,37.08,82.14,1,1,0.80013
292,53,232.53,240.1,49.82,96.3,1,1,0.76041
292,35,466.66,547.1,47.98,120.61,1,1,0.84967
292,3,1017.51,339.29,43.27,96.74,1,1,0.74119
292,36,1467.56,814.1,75.25,124.27,1,1,0.81491
292,34,1412.04,787.99,75.23,117.27,1,1,0.77807
292,54,1371.5,484.77,52.92,116.78,1,1,0.76638
292,31,800.48,297.78,49.3,96.88,1,1,0.80426
292,1,1552.68,701.5,62.16,119.01,1,1,0.73923
292,41,744.45,394.42,50.15,102.08,1,1,0.80339
292,20,219.14,317.82,48.07,97.31,1,1,0.75884
293,4,725.29,316.25,49.34,90.33,1,1,0.79297
293,22,1050.21,307.72,39.46,102.02,1,1,0.75939
293,21,425.07,262.14,47.25,115.39,1,1,0.81386
293,5,1487.24,716.42,66.54,92.36,1,1,0.77755
293,28,624.84,336.82,45.08,102.21,1,1,0.80213
293,26,1243.29,515.26,57.17,131.16,1,1,0.82908
293,13,320.98,248.36,46.6,111.45,1,1,0.7598
293,42,1671.17,754.85,56.89,136.59,1,1,0.8105
293,6,837.66,494.38,58.75,116.72,1,1,0.83014
293,29,626.33,148.56,38.37,81.81,1,1,0.78878
293,53,227.13,239.47,53.34,95.23,1,1,0.77456
293,35,465.59,545.98,48.4,120.54,1,1,0.84419
293,3,1015.43,336.22,43.01,99.21,1,1,0.77731
293,36,1488.68,814.11,73.28,124.1,1,1,0.81444
293,34,1432.02,788.73,66.83,123.23,1,1,0.80244
293,54,1370.98,486.54,53.07,120.71,1,1,0.78818
293,31,798.37,295.7,49.46,93.56,1,1,0.81792
293,1,1554.63,703.8,62.41,115.4,1,1,0.76671
293,41,745.94,394.7,47.59,101.95,1,1,0.79443
293,20,214.36,316.01,48.16,100.43,1,1,0.76428
294,4,726.51,317.43,49.95,90.15,1,1,0.79245
294,22,1051.59,308.62,39.64,102.76,1,1,0.75931
294,21,425.37,263.29,47.23,115.4,1,1,0.81393
294,5,1488.3,717.8,66.49,92.81,1,1,0.77758
294,28,625.96,336.87,44.47,102.97,1,1,0.80119
294,26,1244.27,517.41,57.5,130.56,1,1,0.82893
294,13,321.78,249.65,46.8,110.68,1,1,0.75983
294,42,1674.04,757.52,56.25,137.71,1,1,0.81069
294,6,838.95,494.89,58.78,116.42,1,1,0.83011
294,29,629.03,149.44,38.84,81.69,1,1,0.78889
294,53,227.12,240.45,54.65,94.82,1,1,0.77397
294,35,466.97,546.77,48.57,120.47,1,1,0.84432
294,3,1016.48,336.29,42.93,100.12,1,1,0.77715
294,36,1497.61,815.26,72.59,123.99,1,1,0.81472
294,34,1439.75,790.2,64.09,125.5,1,1,0.8028
294,54,1372.59,488.39,53.13,122.16,1,1,0.78812
294,31,799.4,296.08,49.49,92.26,1,1,0.81788
294,1,1557.06,705.91,62.44,113.76,1,1,0.76756
294,41,748.24,395.99,46.61,101.87,1,1,0.7939
294,20,214.49,316.55,48.2,101.61,1,1,0.76421
295,4,724.64,316.23,50.05,91.35,1,1,0.7896
295,22,1048.27,309.04,42.36,103.61,1,1,0.77294
295,21,421.49,262.23,47.54,115.37,1,1,0.80955
295,5,1487.57,716.41,65.6,92.5,1,1,0.80472
295,28,622.17,334.13,44.55,103.51,1,1,0.81908
295,26,1244.77,516.89,54.8,131.54,1,1,0.84162
295,13,317.94,247.69,45.67,109.98,1,1,0.74445
295,42,1672.96,759.82,55.96,134.81,1,1,0.82834
295,6,836.33,491.26,57.83,117.52,1,1,0.84375
295,29,629.29,149.23,38.64,82.67,1,1,0.8078
295,53,223.15,239.7,55.71,93.42,1,1,0.77643
295,35,465.12,546.71,49.37,120.8,1,1,0.8485
295,3,1014.66,333.23,42.29,100.61,1,1,0.78158
295,36,1502.87,816.61,74.89,118.36,1,1,0.84706
295,34,1446.66,789.63,63.34,123.76,1,1,0.82126
295,54,1371.43,488.92,55.9,120.11,1,1,0.81298
295,31,797.08,293.97,49.5,89.94,1,1,0.80489
295,1,1557.94,703.48,61.92,112.99,1,1,0.78176
295,41,746.63,395.44,46.91,100.55,1,1,0.75105
295,20,210.23,315.3,48.45,101.86,1,1,0.73411
296,4,722.42,314.36,45.3,97.31,1,1,0.79892
296,22,1047.72,309.2,42.96,103.16,1,1,0.76425
296,21,413.94,260.21,47.18,113.09,1,1,0.81968
296,5,1492.15,715.19,59.6,92.47,1,1,0.78578
296,28,616.63,330.25,46.02,105.31,1,1,0.81282
296,26,1244.65,520.04,51.26,132.02,1,1,0.84842
296,42,1671.76,763.11,60.57,125.87,1,1,0.8236
296,6,832.52,488.23,54.73,122.42,1,1,0.8421
296,29,631.69,147.27,35.62,82.35,1,1,0.80961
296,53,216.6,237.48,54.27,94.43,1,1,0.7704
296,35,464.1,548.37,49.18,121.45,1,1,0.84832
296,3,1009.63,328.24,44.75,99.6,1,1,0.77724
296,36,1519.82,816.61,76.04,107.06,1,1,0.80743
296,34,1460.49,789.23,65.57,125.82,1,1,0.81847
296,54,1367.55,486.85,55.15,117.95,1,1,0.80788
296,31,792.86,290.55,50.87,94.63,1,1,0.82403
296,1,1555.28,699.2,67.46,112.09,1,1,0.82052
296,20,203.8,316.23,48.13,101.36,1,1,0.75021
297,4,724.05,314.7,41.88,102.76,1,1,0.79576
297,22,1051.76,311.12,41.36,100.84,1,1,0.76162
297,21,413.51,259.6,45.5,112.66,1,1,0.82126
297,5,1495.84,716.39,63.97,91.97,1,1,0.78476
297,28,616.3,330.44,46.57,106.99,1,1,0.8161
297,26,1246.64,523.66,49.22,130.16,1,1,0.83902
297,42,1676.92,769.24,60.89,126.87,1,1,0.81467
297,6,833.71,488.71,52.77,123.07,1,1,0.83801
297,53,218.66,238.07,50.92,96.72,1,1,0.77947
297,35,466.26,550.94,49.43,119.6,1,1,0.84838
297,3,1009.87,329.0,47.09,99.54,1,1,0.75586
297,36,1523.51,818.03,91.05,107.11,1,1,0.84612
297,34,1470.95,789.26,70.96,120.41,1,1,0.82439
297,54,1368.83,487.45,53.17,115.37,1,1,0.81403
297,31,794.43,294.33,52.69,97.78,1,1,0.78893
297,1,1554.51,698.46,73.06,111.11,1,1,0.81527
297,20,202.52,319.49,46.52,100.59,1,1,0.73175
297,13,311.24,232.71,43.38,121.14,1,1,0.70651
297,41,747.04,394.24,47.74,91.47,1,1,0.80021
298,4,725.68,315.27,40.65,104.88,1,1,0.79592
298,22,1054.38,312.19,40.72,99.95,1,1,0.76204
298,21,414.51,259.8,44.87,112.5,1,1,0.82109
298,5,1498.17,717.25,65.38,91.72,1,1,0.78464
298,28,617.32,330.96,46.79,107.63,1,1,0.81622
298,26,1248.4,525.37,48.48,129.43,1,1,0.83912
298,42,1679.98,771.79,60.92,127.21,1,1,0.81416
298,6,835.16,489.31,52.08,123.32,1,1,0.83754
298,53,220.56,238.73,49.59,97.6,1,1,0.77981
298,35,468.12,552.31,49.53,118.87,1,1,0.84828
298,3,1011.12,329.72,48.0,99.48,1,1,0.75733
298,36,1527.09,818.92,95.84,107.14,1,1,0.84316
298,34,1475.59,789.62,73.11,119.37,1,1,0.82415
298,54,1370.38,488.02,52.41,114.38,1,1,0.81385
298,31,796.14,296.22,53.38,99.04,1,1,0.7898
298,1,1555.31,698.57,75.24,110.72,1,1,0.81528
298,20,203.22,321.13,45.94,100.29,1,1,0.73451
298,13,312.24,230.74,42.82,123.61,1,1,0.70696
298,41,749.39,395.09,47.95,89.22,1,1,0.80011
299,4,723.21,312.6,41.11,107.62,1,1,0.78944
299,22,1055.35,310.67,40.15,100.02,1,1,0.77738
299,21,408.99,255.91,45.9,114.35,1,1,0.80621
299,5,1502.83,715.84,62.15,92.62,1,1,0.77889
299,28,613.17,330.63,49.18,106.46,1,1,0.80687
299,26,1247.38,525.73,48.2,126.26,1,1,0.84611
299,42,1687.6,777.2,59.01,133.42,1,1,0.7962
299,6,833.51,487.34,51.85,119.44,1,1,0.82294
299,53,218.05,235.6,49.66,105.26,1,1,0.78591
299,35,467.45,548.71,49.08,117.84,1,1,0.84076
299,3,1008.96,328.48,46.27,105.36,1,1,0.68374
299,36,1547.44,820.91,96.14,102.4,1,1,0.83942
299,34,1488.7,788.26,78.0,121.7,1,1,0.84023
299,54,1368.42,486.65,53.32,110.77,1,1,0.78765
299,31,800.23,296.35,50.05,96.27,1,1,0.79407
299,1,1568.85,697.46,67.62,117.11,1,1,0.73624
299,20,197.6,318.7,46.57,102.46,1,1,0.73113
299,13,307.49,222.86,44.47,128.01,1,1,0.74834
299,41,752.53,394.5,46.78,89.03,1,1,0.79252
299,29,640.31,148.46,41.42,77.65,1,1,0.79103
300,4,724.55,313.34,41.22,108.59,1,1,0.78897
300,22,1057.99,311.79,39.85,99.96,1,1,0.77532
300,21,409.35,256.17,46.1,115.01,1,1,0.80556
300,5,1506.76,717.0,60.87,92.92,1,1,0.77778
300,28,613.86,332.25,50.1,106.08,1,1,0.80609
300,26,1249.26,527.48,48.05,125.04,1,1,0.84625
300,42,1692.62,780.86,58.32,135.66,1,1,0.79219
300,6,835.1,488.33,51.71,117.88,1,1,0.82238
300,53,219.56,236.15,49.51,108.14,1,1,0.78622
300,35,469.39,549.03,48.91,117.44,1,1,0.83944
300,3,1010.54,329.75,45.45,107.35,1,1,0.67733
300,36,1557.57,823.22,96.09,100.67,1,1,0.83871
300,34,1495.91,789.43,79.72,122.53,1,1,0.83962
300,54,1370.0,487.82,53.68,109.34,1,1,0.78521
300,31,804.16,298.14,48.58,95.17,1,1,0.79294
300,1,1574.82,698.3,65.04,114.35,1,1,0.67176
300,20,197.88,319.5,46.76,103.25,1,1,0.73078
300,13,308.16,221.65,44.94,129.63,1,1,0.74595
300,41,755.9,395.88,46.32,89.02,1,1,0.7917
300,57,646.23,100.83,33.9,64.18,1,1,0.71542
300,29,642.4,149.32,42.31,76.89,1,1,0.78757
