1,0,603.63,640.97,107.17,140.74,1,1,0.91215
1,1,601.91,814.49,123.1,158.87,1,1,0.91145
1,2,883.54,824.19,79.02,155.81,1,1,0.894
1,3,406.3,353.28,56.62,131.12,1,1,0.88874
1,4,989.3,290.96,87.3,88.88,1,1,0.88764
1,5,942.81,456.87,91.65,89.45,1,1,0.88575
1,6,1179.97,547.83,74.92,122.86,1,1,0.88452
1,7,765.78,193.42,74.63,116.08,1,1,0.88358
1,8,591.84,343.64,52.6,141.9,1,1,0.88332
1,9,793.95,447.9,76.04,103.87,1,1,0.8816
1,10,1043.07,207.54,58.96,100.41,1,1,0.88144
1,11,1182.66,395.0,69.12,117.22,1,1,0.87978
1,12,1548.3,545.33,72.26,143.1,1,1,0.87929
1,13,1516.95,297.9,58.78,118.24,1,1,0.87788
1,14,969.76,354.68,74.36,79.73,1,1,0.86738
1,15,845.6,408.13,83.82,75.9,1,1,0.86278
1,16,857.27,321.94,76.05,68.92,1,1,0.86017
1,17,1178.0,324.23,64.58,95.27,1,1,0.85988
1,18,950.93,406.88,83.12,72.86,1,1,0.85625
1,19,830.35,434.08,61.93,81.36,1,1,0.83697
1,20,834.46,347.04,72.32,58.05,1,1,0.83599
1,21,840.69,381.66,71.74,51.34,1,1,0.79882
2,0,603.71,641.15,106.93,140.69,1,1,0.91291
2,1,601.57,814.81,123.35,158.56,1,1,0.91216
2,2,883.62,824.56,79.35,155.76,1,1,0.89422
2,3,406.11,353.6,56.68,131.16,1,1,0.88921
2,4,989.18,291.35,87.2,88.76,1,1,0.88738
2,5,942.99,457.22,91.4,89.17,1,1,0.88643
2,6,1179.69,547.89,74.93,123.35,1,1,0.88499
2,7,765.49,193.8,75.27,116.32,1,1,0.88655
2,8,591.76,344.04,52.5,141.99,1,1,0.88263
2,9,793.58,448.25,75.92,103.83,1,1,0.8845
2,10,1043.09,207.98,58.79,100.18,1,1,0.88127
2,11,1182.62,395.72,69.18,116.94,1,1,0.88036
2,12,1548.14,545.69,72.41,143.26,1,1,0.87885
2,13,1517.05,298.12,58.82,118.36,1,1,0.8778
2,14,969.61,355.2,74.51,79.7,1,1,0.86854
2,15,845.38,408.6,83.95,75.26,1,1,0.86653
2,16,857.01,322.05,76.51,69.05,1,1,0.86103
2,17,1177.95,324.37,64.56,96.27,1,1,0.86133
2,18,950.72,407.24,83.31,72.75,1,1,0.85903
2,19,829.79,434.54,62.16,81.19,1,1,0.8401
2,20,833.72,347.99,73.0,57.84,1,1,0.83809
2,21,840.22,382.0,72.07,51.42,1,1,0.80226
3,0,603.53,641.06,106.84,140.74,1,1,0.9131
3,1,601.53,814.82,123.28,158.5,1,1,0.91238
3,2,883.55,824.51,79.84,155.84,1,1,0.89499
3,3,405.91,353.57,56.64,131.22,1,1,0.88888
3,4,989.11,291.33,87.14,88.69,1,1,0.88781
3,5,942.83,457.11,91.47,89.23,1,1,0.88686
3,6,1179.66,547.76,74.72,123.41,1,1,0.88534
3,7,765.13,193.8,75.96,116.38,1,1,0.8872
3,8,591.53,343.84,52.38,142.2,1,1,0.88288
3,9,793.51,448.18,75.67,103.84,1,1,0.88445
3,10,1042.95,207.93,58.48,100.22,1,1,0.88157
3,11,1182.35,395.75,69.23,116.82,1,1,0.88099
3,12,1547.9,545.69,72.3,143.34,1,1,0.87846
3,13,1517.11,298.29,58.79,118.17,1,1,0.8773
3,14,969.43,355.22,74.32,79.72,1,1,0.86874
3,15,845.2,408.53,84.02,75.3,1,1,0.86679
3,16,856.71,322.06,76.81,69.16,1,1,0.86135
3,17,1177.79,324.26,64.63,96.33,1,1,0.86124
3,18,950.62,407.23,83.34,72.72,1,1,0.85866
3,19,829.65,434.58,62.28,81.13,1,1,0.84189
3,20,833.62,348.04,73.06,57.73,1,1,0.83865
3,21,840.1,382.08,72.02,51.31,1,1,0.80175
4,0,603.6,641.02,106.8,140.63,1,1,0.9131
4,1,601.63,814.73,123.32,158.52,1,1,0.91215
4,2,883.72,824.5,80.0,155.86,1,1,0.895
4,3,405.87,353.61,56.78,131.16,1,1,0.88948
4,4,989.04,291.3,87.02,88.68,1,1,0.88764
4,5,942.7,456.99,91.46,89.35,1,1,0.88716
4,6,1179.68,547.75,74.73,123.28,1,1,0.88546
4,7,765.38,193.98,76.28,116.08,1,1,0.88715
4,8,591.48,343.63,52.3,142.29,1,1,0.88256
4,9,793.5,448.21,75.56,103.79,1,1,0.88428
4,10,1043.02,207.96,58.04,100.13,1,1,0.88116
4,11,1182.32,395.66,69.0,116.7,1,1,0.88052
4,12,1548.05,545.6,72.42,143.47,1,1,0.87917
4,13,1517.18,298.51,58.72,117.97,1,1,0.8767
4,14,969.35,355.23,74.48,79.77,1,1,0.86961
4,15,845.21,408.44,83.9,75.37,1,1,0.86597
4,16,856.83,322.02,76.68,69.38,1,1,0.86189
4,17,1177.73,324.23,64.66,96.43,1,1,0.86157
4,18,950.64,407.23,83.3,72.62,1,1,0.85844
4,19,829.61,434.46,62.4,81.32,1,1,0.84096
4,20,833.63,347.95,72.95,57.61,1,1,0.83933
4,21,840.11,382.33,72.01,51.17,1,1,0.80212
5,0,603.6,640.99,106.87,140.4,1,1,0.91326
5,1,601.75,814.53,123.32,158.51,1,1,0.91224
5,2,883.81,824.48,80.15,155.71,1,1,0.89494
5,3,405.82,353.48,56.93,131.26,1,1,0.88987
5,4,989.0,291.35,87.17,88.62,1,1,0.8882
5,5,942.73,456.97,91.51,89.39,1,1,0.88777
5,6,1179.72,547.82,74.7,123.08,1,1,0.88594
5,7,766.35,194.1,76.3,116.19,1,1,0.88624
5,8,591.54,343.46,52.34,142.21,1,1,0.88336
5,9,793.39,448.16,75.84,103.81,1,1,0.88396
5,10,1043.14,208.05,57.93,100.07,1,1,0.88169
5,11,1182.3,395.54,69.11,116.71,1,1,0.88143
5,12,1548.23,545.52,72.55,143.63,1,1,0.88039
5,13,1516.98,298.37,58.87,118.09,1,1,0.87771
5,14,969.3,355.18,74.41,79.77,1,1,0.86917
5,15,845.13,408.28,84.04,75.51,1,1,0.86659
5,16,857.21,322.03,76.33,69.14,1,1,0.86164
5,17,1177.63,324.13,64.71,96.2,1,1,0.86157
5,18,950.68,407.23,83.12,72.39,1,1,0.85844
5,19,829.7,434.45,62.32,81.29,1,1,0.84032
5,20,833.53,347.9,72.74,57.66,1,1,0.83924
5,21,840.21,382.29,72.01,51.01,1,1,0.79354
6,0,603.65,640.93,106.73,140.35,1,1,0.91366
6,1,601.73,814.47,123.37,158.48,1,1,0.91259
6,2,883.74,824.45,80.21,155.59,1,1,0.89533
6,3,405.79,353.29,57.02,131.33,1,1,0.88952
6,4,988.99,291.36,87.22,88.59,1,1,0.88861
6,5,942.77,456.97,91.47,89.41,1,1,0.888
6,6,1179.65,547.83,74.75,122.87,1,1,0.88631
6,7,767.66,194.19,75.26,115.89,1,1,0.8854
6,8,591.41,343.33,52.51,142.16,1,1,0.88285
6,9,793.23,448.06,76.13,103.88,1,1,0.88429
6,10,1043.28,208.04,57.85,100.03,1,1,0.88139
6,11,1182.33,395.41,69.23,116.77,1,1,0.88179
6,12,1548.26,545.36,72.66,143.82,1,1,0.88077
6,13,1516.85,298.12,58.93,118.26,1,1,0.878
6,14,969.34,355.12,74.32,79.71,1,1,0.86928
6,15,845.01,408.12,84.12,75.72,1,1,0.86718
6,16,857.48,321.99,76.06,69.03,1,1,0.86245
6,17,1177.62,324.01,64.74,95.89,1,1,0.86147
6,18,950.69,407.2,83.11,72.41,1,1,0.8588
6,19,829.64,434.38,62.39,81.24,1,1,0.83844
6,20,833.53,347.79,72.59,57.58,1,1,0.8389
6,21,840.24,382.03,72.09,50.86,1,1,0.79073
7,0,603.35,640.92,106.77,140.47,1,1,0.91348
7,1,601.61,814.5,123.32,158.68,1,1,0.91242
7,2,883.5,824.51,80.46,155.28,1,1,0.89558
7,3,405.61,353.29,57.11,131.57,1,1,0.88932
7,4,988.9,291.41,87.04,88.55,1,1,0.88801
7,5,942.68,457.08,91.25,89.14,1,1,0.88761
7,6,1179.34,547.82,74.73,122.85,1,1,0.88674
7,7,769.08,194.42,73.91,115.5,1,1,0.88264
7,8,591.2,343.46,52.49,142.1,1,1,0.88359
7,9,792.96,448.15,76.21,103.85,1,1,0.88448
7,10,1043.3,208.08,57.85,100.05,1,1,0.88128
7,11,1182.28,395.37,69.3,116.85,1,1,0.8817
7,12,1548.12,545.35,72.58,143.77,1,1,0.88075
7,13,1516.45,298.08,59.05,118.36,1,1,0.87837
7,14,969.18,355.12,74.25,79.74,1,1,0.86955
7,15,844.89,408.1,84.11,75.83,1,1,0.86764
7,16,857.38,322.04,76.0,68.98,1,1,0.8617
7,17,1177.44,324.03,64.65,95.77,1,1,0.86083
7,18,950.58,407.24,83.2,72.54,1,1,0.85943
7,19,829.13,434.48,62.68,81.14,1,1,0.83774
7,20,833.3,347.88,72.69,57.47,1,1,0.83857
7,21,840.07,382.02,72.03,51.12,1,1,0.79221
8,0,602.8,640.98,106.85,140.65,1,1,0.91352
8,1,601.13,814.57,123.26,158.95,1,1,0.91261
8,2,883.26,824.61,80.44,155.24,1,1,0.89638
8,3,405.39,353.45,56.61,131.58,1,1,0.89082
8,4,988.83,291.51,86.49,88.64,1,1,0.88741
8,5,941.92,457.27,91.36,88.81,1,1,0.88844
8,6,1178.93,547.84,74.53,122.76,1,1,0.8875
8,7,775.2,194.73,66.72,114.12,1,1,0.86617
8,8,590.48,343.8,52.61,141.96,1,1,0.88478
8,9,792.58,448.36,75.53,103.7,1,1,0.88594
8,10,1043.06,208.09,57.62,100.09,1,1,0.88172
8,11,1181.6,395.77,69.41,116.56,1,1,0.88279
8,12,1547.79,545.36,72.37,143.75,1,1,0.88089
8,13,1516.05,298.22,59.1,118.3,1,1,0.8788
8,14,968.64,355.12,74.3,79.77,1,1,0.87158
8,15,844.49,408.13,83.88,75.74,1,1,0.86944
8,16,857.05,322.09,76.06,69.24,1,1,0.86268
8,17,1177.14,324.09,64.54,96.1,1,1,0.86381
8,18,950.3,407.34,83.43,72.84,1,1,0.86048
8,19,828.6,434.53,62.85,81.44,1,1,0.84168
8,20,833.05,347.9,72.64,57.61,1,1,0.83916
8,21,839.86,381.88,71.83,51.19,1,1,0.7963
9,0,602.82,640.87,106.81,140.67,1,1,0.91267
9,1,601.12,814.52,123.21,158.89,1,1,0.91246
9,2,883.37,824.63,80.37,155.29,1,1,0.89614
9,3,405.47,353.29,56.59,131.62,1,1,0.89052
9,4,988.95,291.4,86.29,88.54,1,1,0.88742
9,5,941.97,457.24,91.33,88.75,1,1,0.88788
9,6,1179.04,547.74,74.51,122.81,1,1,0.88692
9,7,781.37,194.68,60.57,114.12,1,1,0.86222
9,8,590.64,343.64,52.54,141.94,1,1,0.88438
9,9,792.57,448.19,75.43,103.71,1,1,0.8853
9,10,1043.27,207.89,57.55,100.17,1,1,0.88107
9,11,1181.52,395.79,69.53,116.41,1,1,0.88212
9,12,1548.08,545.26,72.16,143.68,1,1,0.88053
9,13,1516.03,298.27,59.11,118.15,1,1,0.87864
9,14,968.76,355.1,74.34,79.72,1,1,0.87115
9,15,844.61,407.93,83.56,75.49,1,1,0.86844
9,16,856.91,321.99,76.15,69.42,1,1,0.8618
9,17,1177.16,323.94,64.45,96.22,1,1,0.86311
9,18,950.48,407.24,83.38,73.04,1,1,0.85999
9,19,828.75,434.44,62.72,81.5,1,1,0.84091
9,20,833.07,347.64,72.56,57.85,1,1,0.83704
9,21,840.05,381.66,71.61,51.38,1,1,0.79535
10,0,602.87,640.84,106.77,140.57,1,1,0.91296
10,1,601.07,814.63,123.21,158.61,1,1,0.91254
10,2,883.31,824.72,80.38,155.28,1,1,0.89563
10,3,405.4,353.07,56.82,131.58,1,1,0.89026
10,4,988.92,291.36,86.24,88.4,1,1,0.88719
10,5,941.95,457.24,91.4,88.73,1,1,0.88764
10,6,1179.12,547.75,74.55,122.85,1,1,0.88636
10,7,786.73,194.53,54.77,114.38,1,1,0.86426
10,8,590.84,343.52,52.36,142.01,1,1,0.8843
10,9,792.45,448.09,75.4,103.76,1,1,0.88497
10,10,1043.28,207.87,57.59,100.07,1,1,0.88097
10,11,1181.47,395.89,69.58,116.19,1,1,0.88224
10,12,1548.28,545.28,72.02,143.6,1,1,0.88055
10,13,1516.04,298.27,58.97,118.05,1,1,0.87903
10,14,968.78,355.14,74.41,79.66,1,1,0.87046
10,15,844.68,407.84,83.29,75.48,1,1,0.86854
10,16,856.75,321.99,76.23,69.44,1,1,0.86105
10,17,1177.16,323.78,64.29,96.46,1,1,0.86249
10,18,950.53,407.17,83.3,73.23,1,1,0.86007
10,19,828.83,434.43,62.67,81.57,1,1,0.84036
10,20,833.09,347.42,72.64,57.91,1,1,0.83648
10,21,840.2,381.46,71.47,51.39,1,1,0.7952
11,0,602.53,640.63,107.02,140.31,1,1,0.91307
11,1,600.93,813.99,122.79,158.87,1,1,0.912
11,2,883.11,824.18,80.04,155.54,1,1,0.89539
11,3,405.24,352.74,56.76,131.53,1,1,0.88957
11,4,988.66,291.16,86.17,88.24,1,1,0.88761
11,5,941.68,456.9,91.78,88.72,1,1,0.8876
11,6,1179.08,547.59,74.33,122.93,1,1,0.88616
11,7,788.91,193.59,53.17,114.93,1,1,0.86421
11,8,590.6,343.01,52.36,142.01,1,1,0.88339
11,9,792.04,447.68,75.59,104.03,1,1,0.88275
11,10,1043.1,207.58,57.54,100.1,1,1,0.88099
11,11,1181.07,395.5,69.53,116.35,1,1,0.88295
11,12,1547.99,544.99,72.03,143.53,1,1,0.88088
11,13,1515.86,298.05,58.94,118.05,1,1,0.87899
11,14,968.46,354.79,74.57,79.5,1,1,0.87042
11,15,844.48,407.52,83.17,75.55,1,1,0.86719
11,16,856.72,321.76,76.29,69.46,1,1,0.86216
11,17,1176.91,323.41,64.06,96.54,1,1,0.86271
11,18,950.18,406.8,83.65,73.6,1,1,0.86089
11,19,828.81,434.13,62.53,81.54,1,1,0.83906
11,20,832.94,346.85,72.73,57.93,1,1,0.83698
11,21,840.08,381.32,71.56,51.18,1,1,0.7987
12,0,601.37,640.56,107.51,140.34,1,1,0.91226
12,1,599.89,813.88,122.77,159.03,1,1,0.91177
12,2,882.17,824.17,80.0,155.3,1,1,0.89546
12,3,404.28,352.67,56.6,131.49,1,1,0.89007
12,4,987.56,291.1,86.84,88.28,1,1,0.8861
12,5,940.65,457.0,91.65,88.61,1,1,0.88695
12,6,1178.2,547.49,74.33,122.97,1,1,0.8865
12,7,790.36,193.4,51.12,114.54,1,1,0.86605
12,8,589.63,343.01,52.15,141.99,1,1,0.88435
12,9,790.96,447.98,75.3,103.71,1,1,0.88464
12,10,1042.12,207.25,57.86,100.28,1,1,0.8809
12,11,1180.0,395.13,69.31,116.54,1,1,0.88296
12,12,1546.65,545.0,72.06,143.2,1,1,0.88064
12,13,1514.33,297.72,59.31,118.21,1,1,0.87976
12,14,967.48,354.83,74.75,79.41,1,1,0.86955
12,15,843.11,407.59,83.39,75.38,1,1,0.86609
12,16,855.62,321.71,76.79,69.67,1,1,0.86099
12,17,1175.89,323.34,63.96,95.76,1,1,0.86245
12,18,949.16,406.72,83.47,73.43,1,1,0.85925
12,19,828.32,433.98,62.29,81.6,1,1,0.83348
12,20,831.77,346.74,72.64,57.78,1,1,0.83442
12,21,839.06,381.18,71.47,50.79,1,1,0.79983
13,0,601.15,640.76,107.7,140.23,1,1,0.91169
13,1,599.75,814.29,123.01,159.21,1,1,0.91161
13,2,882.35,824.57,79.94,155.14,1,1,0.89552
13,3,404.09,352.96,56.68,131.34,1,1,0.88926
13,4,987.4,291.22,87.08,88.45,1,1,0.88594
13,5,940.43,457.28,91.45,88.5,1,1,0.88681
13,6,1178.03,547.84,74.41,122.88,1,1,0.88579
13,7,792.05,194.26,49.81,113.95,1,1,0.86845
13,8,589.47,343.26,51.87,142.1,1,1,0.88329
13,9,790.75,448.28,75.33,103.77,1,1,0.88366
13,10,1041.96,207.43,57.93,100.45,1,1,0.88039
13,11,1179.81,395.34,69.48,116.79,1,1,0.88295
13,12,1546.45,545.18,72.06,143.19,1,1,0.8805
13,13,1513.82,297.83,59.65,118.3,1,1,0.87906
13,14,967.09,355.1,75.09,79.41,1,1,0.86967
13,15,842.74,407.83,83.59,75.46,1,1,0.86569
13,16,855.28,321.87,76.93,69.81,1,1,0.86089
13,17,1175.6,323.51,64.14,95.68,1,1,0.86264
13,18,948.98,406.96,83.49,73.28,1,1,0.85868
13,19,828.27,434.11,62.44,81.61,1,1,0.83515
13,20,831.41,346.98,72.66,57.76,1,1,0.83266
13,21,838.89,381.4,71.44,50.73,1,1,0.80119
14,0,600.95,640.8,107.75,140.29,1,1,0.91198
14,1,599.52,814.49,123.2,159.24,1,1,0.91119
14,2,882.21,824.66,79.62,155.06,1,1,0.89433
14,3,403.81,353.21,56.75,131.19,1,1,0.89001
14,4,987.28,291.26,86.93,88.57,1,1,0.88584
14,5,940.21,457.43,91.27,88.33,1,1,0.88686
14,6,1177.76,547.89,74.45,122.97,1,1,0.88552
14,7,793.19,196.14,48.6,111.72,1,1,0.86812
14,8,589.3,343.43,51.49,142.3,1,1,0.88266
14,9,790.58,448.47,75.33,103.76,1,1,0.88324
14,10,1041.79,207.65,57.69,100.39,1,1,0.87992
14,11,1179.62,395.28,69.56,117.04,1,1,0.88237
14,12,1546.31,545.23,72.25,143.28,1,1,0.88045
14,13,1513.68,297.9,59.81,118.45,1,1,0.87853
14,14,966.84,355.3,75.2,79.39,1,1,0.87027
14,15,842.6,407.99,83.44,75.29,1,1,0.8652
14,16,855.05,321.93,76.81,70.0,1,1,0.86132
14,17,1175.49,323.68,64.25,95.5,1,1,0.86164
14,18,948.88,407.12,83.5,73.05,1,1,0.85883
14,19,828.55,434.13,62.24,81.81,1,1,0.83519
14,20,831.27,347.41,72.62,57.55,1,1,0.83214
14,21,839.0,381.72,71.02,50.32,1,1,0.80126
15,0,600.98,640.77,107.85,140.37,1,1,0.91146
15,1,599.5,814.52,123.36,159.3,1,1,0.91119
15,2,881.96,824.65,79.52,155.08,1,1,0.89409
15,3,403.5,353.22,56.77,131.14,1,1,0.89
15,4,987.09,291.24,86.55,88.65,1,1,0.88562
15,5,940.11,457.55,91.21,88.19,1,1,0.887
15,6,1177.36,547.92,74.66,122.93,1,1,0.88575
15,7,793.65,198.43,48.11,109.08,1,1,0.86501
15,8,589.26,343.5,51.4,142.32,1,1,0.88401
15,9,790.11,448.61,75.02,103.68,1,1,0.88448
15,10,1041.74,207.66,57.54,100.47,1,1,0.87948
15,11,1179.34,395.2,69.62,117.04,1,1,0.88243
15,12,1546.23,545.2,72.16,143.24,1,1,0.88097
15,13,1513.59,297.99,59.52,118.42,1,1,0.87895
15,14,966.58,355.48,75.24,79.24,1,1,0.87024
15,15,842.42,407.97,83.53,75.26,1,1,0.86711
15,16,854.69,321.98,76.8,69.99,1,1,0.86014
15,17,1175.3,323.7,64.32,95.58,1,1,0.86216
15,18,948.96,407.15,83.33,72.81,1,1,0.86092
15,19,828.51,434.09,62.08,82.04,1,1,0.83821
15,20,831.24,347.63,72.54,57.63,1,1,0.83247
15,21,838.79,382.08,70.75,49.94,1,1,0.79523
16,0,601.17,640.79,107.83,140.33,1,1,0.9138
16,1,599.81,814.42,123.34,159.2,1,1,0.91312
16,2,882.51,824.57,79.19,155.31,1,1,0.89499
16,3,404.07,353.28,56.67,131.08,1,1,0.89245
16,4,987.5,291.32,86.58,88.46,1,1,0.88614
16,5,940.43,457.54,91.14,88.22,1,1,0.88712
16,6,1177.8,547.87,74.5,123.06,1,1,0.88628
16,7,794.13,200.73,47.72,106.2,1,1,0.86136
16,8,589.45,343.4,51.57,142.42,1,1,0.88443
16,9,790.78,448.64,74.8,103.57,1,1,0.88507
16,10,1042.01,207.62,57.34,100.49,1,1,0.87973
16,11,1180.1,395.28,69.19,116.93,1,1,0.88193
16,12,1546.7,545.05,72.11,143.56,1,1,0.88161
16,13,1514.02,297.86,59.35,118.36,1,1,0.87975
16,14,966.88,355.69,75.35,79.04,1,1,0.87053
16,15,842.88,407.92,83.29,75.36,1,1,0.86405
16,16,855.13,321.9,76.82,70.18,1,1,0.86081
16,17,1175.36,323.71,64.49,95.72,1,1,0.8621
16,18,949.3,407.08,83.15,73.03,1,1,0.8564
16,19,828.62,434.02,62.22,82.04,1,1,0.83543
16,20,831.53,347.47,72.33,57.61,1,1,0.83234
16,21,839.2,382.03,70.59,50.18,1,1,0.79879
17,0,601.38,640.79,107.77,140.48,1,1,0.9137
17,1,600.16,814.32,123.23,159.19,1,1,0.91309
17,2,882.82,824.43,79.23,155.52,1,1,0.89506
17,3,404.43,353.19,56.59,131.19,1,1,0.89188
17,4,987.64,291.28,86.42,88.15,1,1,0.88713
17,5,940.63,457.54,91.41,88.24,1,1,0.88738
17,6,1178.01,547.86,74.68,123.11,1,1,0.88603
17,7,794.67,203.02,47.16,104.54,1,1,0.85941
17,8,589.67,343.28,51.54,142.44,1,1,0.88461
17,9,791.09,448.47,75.02,103.71,1,1,0.88507
17,10,1042.39,207.41,57.5,100.58,1,1,0.87983
17,11,1180.44,395.3,69.08,116.91,1,1,0.88215
17,12,1547.18,544.83,71.76,143.78,1,1,0.88117
17,13,1514.21,297.51,59.5,118.5,1,1,0.87933
17,14,966.92,355.87,75.78,78.88,1,1,0.87136
17,15,843.12,407.93,83.36,75.4,1,1,0.8639
17,16,855.39,321.84,76.98,70.14,1,1,0.86149
17,17,1175.46,323.71,64.52,95.94,1,1,0.86322
17,18,949.51,407.04,83.15,73.23,1,1,0.85717
17,19,828.54,433.81,62.5,82.02,1,1,0.83367
17,20,831.83,347.2,72.23,57.55,1,1,0.83268
17,21,839.29,381.81,70.73,50.53,1,1,0.80164
18,0,601.77,640.76,107.56,140.54,1,1,0.91295
18,1,600.35,814.28,123.16,159.09,1,1,0.91302
18,2,883.37,824.35,78.96,155.59,1,1,0.89443
18,3,404.91,353.13,56.41,131.33,1,1,0.88981
18,4,987.81,291.3,86.55,88.06,1,1,0.88684
18,5,940.93,457.57,91.47,88.32,1,1,0.88654
18,6,1178.23,547.86,74.89,123.17,1,1,0.88566
18,7,795.28,205.43,46.58,103.14,1,1,0.86026
18,8,589.84,343.14,51.52,142.49,1,1,0.88318
18,9,791.51,448.27,75.05,103.86,1,1,0.88394
18,10,1042.84,207.14,57.6,100.65,1,1,0.88032
18,11,1180.93,395.37,69.12,116.85,1,1,0.88126
18,12,1547.56,544.6,71.77,144.11,1,1,0.88092
18,13,1514.7,297.2,59.45,118.68,1,1,0.879
18,14,967.12,356.13,76.13,78.71,1,1,0.87139
18,15,843.4,408.0,83.45,75.59,1,1,0.86387
18,16,855.86,321.85,76.77,70.13,1,1,0.86293
18,17,1175.63,323.69,64.52,96.07,1,1,0.86331
18,18,949.8,407.06,83.22,73.32,1,1,0.85627
18,19,828.62,433.71,62.63,82.11,1,1,0.83166
18,20,832.25,347.25,72.07,57.24,1,1,0.83444
18,21,839.41,381.55,70.83,50.75,1,1,0.80186
19,0,602.04,640.97,107.38,140.5,1,1,0.91261
19,1,600.89,814.49,122.76,159.02,1,1,0.91111
19,2,883.89,824.48,78.83,155.78,1,1,0.89366
19,3,405.12,353.22,56.42,131.4,1,1,0.88904
19,4,987.95,291.51,86.34,87.91,1,1,0.88668
19,5,941.27,457.74,91.45,88.4,1,1,0.88625
19,6,1178.27,547.97,74.88,123.18,1,1,0.88498
19,7,795.72,207.49,46.36,102.33,1,1,0.86388
19,8,590.0,343.27,51.58,142.53,1,1,0.88295
19,9,791.71,448.39,74.8,103.78,1,1,0.88382
19,10,1043.21,207.26,57.44,100.65,1,1,0.87872
19,11,1181.14,395.61,69.26,116.85,1,1,0.88166
19,12,1547.78,544.72,71.8,144.21,1,1,0.88069
19,13,1515.01,297.16,59.4,118.84,1,1,0.87857
19,14,967.26,356.76,76.38,78.13,1,1,0.87263
19,15,843.75,408.2,83.43,75.4,1,1,0.86627
19,16,856.1,322.05,76.56,70.16,1,1,0.86309
19,17,1175.67,323.87,64.48,96.07,1,1,0.86367
19,18,949.95,407.31,83.39,73.28,1,1,0.85939
19,19,828.65,433.88,62.52,82.1,1,1,0.83501
19,20,832.4,347.5,72.18,57.13,1,1,0.83687
19,21,839.74,381.59,70.71,50.88,1,1,0.80463
20,0,602.12,641.17,107.14,140.3,1,1,0.91298
20,1,601.01,814.68,122.63,158.83,1,1,0.91177
20,2,884.11,824.68,78.74,155.58,1,1,0.89436
20,3,405.21,353.24,56.46,131.54,1,1,0.89069
20,4,988.15,291.69,86.09,87.79,1,1,0.88742
20,5,941.4,457.82,91.3,88.53,1,1,0.88664
20,6,1178.4,548.04,74.71,123.14,1,1,0.88552
20,7,795.95,209.02,45.88,101.11,1,1,0.86605
20,8,590.23,343.41,51.56,142.57,1,1,0.88362
20,9,791.8,448.49,74.43,103.61,1,1,0.8851
20,10,1043.49,207.45,57.18,100.45,1,1,0.87908
20,11,1181.27,395.69,69.36,116.92,1,1,0.88171
20,12,1547.81,544.81,71.94,144.26,1,1,0.88126
20,13,1515.65,297.28,59.01,118.81,1,1,0.87834
20,14,967.56,357.41,76.35,77.52,1,1,0.87379
20,15,844.11,408.27,83.25,75.25,1,1,0.86669
20,16,856.3,322.29,76.38,70.15,1,1,0.86325
20,17,1175.81,324.02,64.24,95.96,1,1,0.86386
20,18,950.13,407.52,83.48,73.05,1,1,0.86182
20,19,828.65,433.93,62.42,82.11,1,1,0.83644
20,20,832.42,347.83,72.27,56.91,1,1,0.83838
20,21,839.94,381.69,70.46,50.93,1,1,0.80569
21,0,602.17,641.23,107.1,140.07,1,1,0.91345
21,1,601.18,814.72,122.57,158.77,1,1,0.91216
21,2,884.31,824.8,78.77,155.57,1,1,0.89456
21,3,405.22,353.29,56.55,131.57,1,1,0.89125
21,4,988.36,291.73,85.77,87.73,1,1,0.88762
21,5,941.49,457.85,91.2,88.62,1,1,0.88706
21,6,1178.44,548.06,74.57,123.12,1,1,0.88585
21,7,796.0,209.91,45.41,100.36,1,1,0.86719
21,8,590.44,343.52,51.49,142.47,1,1,0.88439
21,9,791.76,448.56,74.21,103.56,1,1,0.88537
21,10,1043.92,207.65,56.84,100.26,1,1,0.87849
21,11,1181.32,395.65,69.4,117.02,1,1,0.88246
21,12,1547.9,544.91,72.01,144.48,1,1,0.88182
21,13,1516.18,297.4,58.56,118.8,1,1,0.87841
21,14,967.72,357.86,76.54,77.22,1,1,0.87445
21,15,844.28,408.32,82.95,75.27,1,1,0.86698
21,16,856.24,322.43,76.33,70.15,1,1,0.86381
21,17,1175.85,324.06,64.18,95.89,1,1,0.86448
21,18,950.29,407.65,83.45,72.89,1,1,0.86269
21,19,828.65,433.92,62.47,82.16,1,1,0.8357
21,20,832.47,347.9,72.37,56.87,1,1,0.83899
21,21,839.96,381.84,70.52,50.93,1,1,0.80756
22,0,602.25,641.33,107.16,139.78,1,1,0.91386
22,1,601.09,814.58,122.83,159.0,1,1,0.91143
22,2,884.23,824.75,78.79,155.63,1,1,0.89441
22,3,405.31,353.29,56.62,131.56,1,1,0.89167
22,4,988.4,291.76,85.68,87.73,1,1,0.88696
22,5,941.52,458.02,91.19,88.59,1,1,0.88641
22,6,1178.46,548.03,74.43,123.06,1,1,0.88587
22,7,796.44,210.45,45.41,100.1,1,1,0.86808
22,8,590.6,343.56,51.22,142.48,1,1,0.88462
22,9,791.77,448.47,74.33,103.56,1,1,0.8848
22,10,1044.7,207.52,56.31,100.59,1,1,0.87555
22,11,1181.35,395.72,69.45,116.93,1,1,0.88166
22,12,1547.93,544.98,72.22,144.6,1,1,0.88074
22,13,1516.69,297.2,58.11,119.12,1,1,0.87733
22,14,968.09,358.1,76.62,77.32,1,1,0.87404
22,15,844.52,408.41,82.76,75.23,1,1,0.86585
22,16,856.27,322.49,76.37,70.26,1,1,0.86311
22,17,1175.8,324.01,64.09,96.07,1,1,0.86362
22,18,950.42,407.67,83.49,73.09,1,1,0.86388
22,19,828.9,433.92,62.31,82.18,1,1,0.83538
22,20,832.52,348.23,72.32,56.72,1,1,0.83753
22,21,839.96,381.99,70.44,50.77,1,1,0.80421
23,0,602.4,641.39,107.12,139.61,1,1,0.91439
23,1,601.19,814.48,123.02,159.11,1,1,0.912
23,2,884.62,824.75,78.71,155.49,1,1,0.89511
23,3,405.26,353.17,56.9,131.7,1,1,0.89097
23,4,988.49,291.75,85.62,87.76,1,1,0.88869
23,5,941.6,458.1,91.05,88.64,1,1,0.88692
23,6,1178.63,547.99,74.39,123.05,1,1,0.88659
23,7,796.53,210.73,45.62,99.87,1,1,0.86799
23,8,590.78,343.61,51.1,142.53,1,1,0.88483
23,9,791.79,448.6,74.44,103.42,1,1,0.8856
23,10,1045.4,207.64,55.81,100.76,1,1,0.87618
23,11,1181.62,395.83,69.51,116.7,1,1,0.88244
23,12,1548.04,545.02,72.35,144.69,1,1,0.88125
23,13,1517.42,296.76,57.6,119.58,1,1,0.87764
23,14,968.81,358.26,76.16,77.22,1,1,0.87455
23,15,844.75,408.42,82.65,75.12,1,1,0.86558
23,16,856.43,322.47,76.38,70.37,1,1,0.86386
23,17,1175.83,323.95,64.03,96.49,1,1,0.86512
23,18,950.44,407.63,83.5,73.19,1,1,0.86422
23,19,829.03,433.96,62.27,82.12,1,1,0.83666
23,20,832.54,348.72,72.3,56.4,1,1,0.83658
23,21,840.08,382.06,70.39,50.75,1,1,0.80392
24,0,602.42,641.37,107.11,139.76,1,1,0.91409
24,1,601.28,814.57,123.06,159.19,1,1,0.91233
24,2,884.8,824.79,78.69,155.48,1,1,0.89436
24,3,405.27,353.13,56.91,131.81,1,1,0.89109
24,4,988.44,291.88,85.57,87.64,1,1,0.88929
24,5,941.56,458.17,91.0,88.66,1,1,0.88658
24,6,1178.63,548.04,74.33,122.94,1,1,0.88638
24,7,796.76,211.45,46.05,99.77,1,1,0.86622
24,8,590.7,343.85,51.12,142.41,1,1,0.88591
24,9,791.88,448.84,74.41,103.3,1,1,0.88577
24,10,1046.05,207.87,55.73,101.61,1,1,0.87467
24,11,1181.7,395.92,69.64,116.65,1,1,0.88255
24,12,1548.11,545.17,72.35,144.74,1,1,0.88104
24,13,1517.9,296.5,57.23,119.92,1,1,0.87769
24,14,969.24,358.4,76.03,77.06,1,1,0.87457
24,15,844.88,408.44,82.54,75.16,1,1,0.86554
24,16,856.29,322.58,76.53,70.32,1,1,0.86393
24,17,1175.74,323.94,64.09,96.79,1,1,0.86599
24,18,950.47,407.7,83.51,73.29,1,1,0.86364
24,19,829.28,433.96,62.07,82.23,1,1,0.83756
24,20,832.5,348.89,72.22,56.37,1,1,0.83619
24,21,840.13,382.18,70.3,50.73,1,1,0.80758
25,0,602.54,641.42,107.03,139.82,1,1,0.91421
25,1,601.41,814.68,122.96,159.24,1,1,0.91285
25,2,885.17,824.94,78.74,155.5,1,1,0.8948
25,3,405.29,353.16,56.96,131.82,1,1,0.8907
25,4,988.51,292.01,85.53,87.5,1,1,0.88958
25,5,941.66,458.26,90.94,88.69,1,1,0.88648
25,6,1178.62,548.17,74.33,122.78,1,1,0.88616
25,7,797.2,212.53,46.42,99.28,1,1,0.8696
25,8,590.8,343.98,51.08,142.35,1,1,0.88583
25,9,791.96,449.09,74.39,103.16,1,1,0.88623
25,10,1047.38,208.21,54.89,101.69,1,1,0.87339
25,11,1181.84,396.0,69.72,116.68,1,1,0.88245
25,12,1548.16,545.3,72.31,144.69,1,1,0.88113
25,13,1518.43,296.38,56.83,120.1,1,1,0.87723
25,14,970.0,358.48,75.69,76.98,1,1,0.87474
25,15,844.99,408.53,82.46,75.11,1,1,0.86511
25,16,856.37,322.7,76.46,70.25,1,1,0.86417
25,17,1175.77,323.97,64.1,96.99,1,1,0.86629
25,18,950.55,407.77,83.43,73.19,1,1,0.86316
25,19,829.37,433.99,62.12,82.3,1,1,0.83788
25,20,832.57,349.06,72.14,56.27,1,1,0.83615
25,21,840.19,382.36,70.22,50.67,1,1,0.80944
26,0,602.65,641.36,107.17,140.07,1,1,0.9137
26,1,601.3,814.78,123.17,159.24,1,1,0.91245
26,2,885.18,825.07,78.93,155.34,1,1,0.89475
26,3,405.3,353.21,56.94,131.75,1,1,0.89071
26,4,988.49,292.08,85.67,87.4,1,1,0.88942
26,5,941.66,458.32,90.95,88.65,1,1,0.88631
26,6,1178.51,548.23,74.48,122.75,1,1,0.88592
26,7,797.3,213.48,47.88,98.81,1,1,0.86743
26,8,590.81,344.02,51.27,142.32,1,1,0.88537
26,9,792.07,449.02,74.39,103.34,1,1,0.88588
26,10,1048.7,208.39,54.78,102.47,1,1,0.87203
26,11,1181.83,395.98,69.89,116.69,1,1,0.88222
26,12,1548.14,545.36,72.43,144.74,1,1,0.88155
26,13,1518.78,296.14,56.55,120.48,1,1,0.87723
26,14,970.86,358.42,75.54,77.11,1,1,0.87497
26,15,845.02,408.59,82.42,75.06,1,1,0.865
26,16,856.45,322.75,76.43,70.29,1,1,0.86377
26,17,1175.66,323.98,64.22,96.93,1,1,0.86586
26,18,950.55,407.68,83.53,73.4,1,1,0.86323
26,19,829.64,433.9,61.98,82.43,1,1,0.83794
26,20,832.74,349.1,72.0,56.33,1,1,0.83643
26,21,840.21,382.48,70.27,50.8,1,1,0.81022
27,0,602.8,641.36,107.2,140.24,1,1,0.91369
27,1,601.24,814.91,123.24,159.31,1,1,0.91233
27,2,885.26,825.06,79.02,155.34,1,1,0.89514
27,3,405.45,353.29,56.83,131.63,1,1,0.89128
27,4,988.47,292.17,85.84,87.35,1,1,0.89018
27,5,941.72,458.42,90.98,88.57,1,1,0.88667
27,6,1178.71,548.36,74.47,122.74,1,1,0.88572
27,7,797.02,214.34,49.19,97.74,1,1,0.87068
27,8,590.91,344.1,51.41,142.26,1,1,0.88532
27,9,792.25,448.88,74.4,103.52,1,1,0.88618
27,10,1050.23,208.26,54.07,103.54,1,1,0.87077
27,11,1182.01,395.95,69.94,116.76,1,1,0.8821
27,12,1548.14,545.44,72.43,144.63,1,1,0.88198
27,13,1519.48,296.08,56.0,120.51,1,1,0.87789
27,14,971.89,358.3,75.2,77.35,1,1,0.87719
27,15,844.95,408.67,82.49,74.97,1,1,0.86522
27,16,856.38,322.77,76.51,70.41,1,1,0.86329
27,17,1175.66,323.96,64.24,96.99,1,1,0.86593
27,18,950.73,407.59,83.59,73.67,1,1,0.86419
27,19,829.84,433.97,61.91,82.39,1,1,0.83803
27,20,833.05,349.1,71.94,56.45,1,1,0.83653
27,21,840.18,382.64,70.38,50.96,1,1,0.81018
28,0,602.65,641.33,107.27,139.95,1,1,0.9134
28,1,601.17,814.74,123.55,159.23,1,1,0.91225
28,2,885.39,824.7,79.41,155.79,1,1,0.89479
28,3,405.66,353.05,57.03,131.82,1,1,0.89049
28,4,988.3,292.0,86.37,87.22,1,1,0.88813
28,5,941.88,458.0,91.11,88.78,1,1,0.88589
28,6,1178.84,548.18,74.48,122.85,1,1,0.88477
28,7,796.62,214.48,50.36,97.54,1,1,0.86998
28,8,591.16,343.93,51.42,141.96,1,1,0.88463
28,9,792.45,448.43,74.64,103.85,1,1,0.88447
28,10,1052.04,207.95,53.54,105.41,1,1,0.86834
28,11,1182.1,395.73,69.98,116.75,1,1,0.88153
28,12,1548.25,545.29,72.52,144.81,1,1,0.8813
28,13,1520.16,295.77,55.58,120.59,1,1,0.87644
28,14,972.63,357.81,75.34,77.93,1,1,0.87386
28,15,845.36,408.28,82.53,75.12,1,1,0.86297
28,16,856.29,322.57,76.64,70.48,1,1,0.86188
28,17,1175.53,323.9,64.44,96.59,1,1,0.86469
28,18,950.94,407.06,83.46,73.81,1,1,0.86357
28,19,830.43,433.75,61.66,82.47,1,1,0.83871
28,20,833.23,349.07,71.99,56.5,1,1,0.83218
28,21,840.35,382.4,70.41,51.17,1,1,0.80936
29,0,602.14,641.59,107.18,140.07,1,1,0.91364
29,1,600.72,814.91,123.24,159.42,1,1,0.91169
29,2,884.87,825.08,79.78,155.82,1,1,0.89545
29,3,405.19,353.48,56.84,131.48,1,1,0.89135
29,4,987.98,292.21,86.46,87.22,1,1,0.88951
29,5,941.52,458.35,90.91,88.73,1,1,0.88628
29,6,1178.34,548.46,74.48,122.73,1,1,0.88554
29,7,795.67,214.47,51.49,100.18,1,1,0.87426
29,8,590.72,344.22,51.32,142.1,1,1,0.88393
29,9,791.92,448.91,74.4,103.66,1,1,0.88658
29,10,1053.46,208.36,52.5,106.39,1,1,0.86853
29,11,1181.9,395.84,69.72,116.92,1,1,0.88166
29,12,1547.72,545.42,72.48,144.81,1,1,0.88134
29,13,1519.96,295.88,55.42,120.61,1,1,0.87698
29,14,973.32,357.23,74.64,78.78,1,1,0.87537
29,15,844.88,408.65,82.23,75.02,1,1,0.86465
29,16,856.08,322.8,76.32,70.61,1,1,0.86325
29,17,1175.12,324.1,64.58,96.53,1,1,0.86605
29,18,950.64,407.45,83.31,73.72,1,1,0.86319
29,19,829.89,433.85,61.7,82.54,1,1,0.83694
29,20,832.7,349.2,71.8,56.31,1,1,0.83607
29,21,839.97,382.74,70.37,50.75,1,1,0.81326
30,0,601.96,641.74,107.28,140.0,1,1,0.91344
30,1,600.97,815.03,122.88,159.36,1,1,0.91158
30,2,884.76,825.2,80.34,155.83,1,1,0.89576
30,3,405.1,353.62,56.77,131.36,1,1,0.89134
30,4,987.91,292.38,86.65,87.13,1,1,0.8897
30,5,941.52,458.45,90.76,88.64,1,1,0.8861
30,6,1178.27,548.59,74.7,122.63,1,1,0.88574
30,7,795.37,214.01,52.87,104.67,1,1,0.87594
30,8,590.64,344.28,51.18,142.19,1,1,0.88329
30,9,791.8,449.08,74.36,103.56,1,1,0.88613
30,10,1055.48,208.13,51.88,107.26,1,1,0.86573
30,11,1181.89,395.77,69.71,117.09,1,1,0.88149
30,12,1547.7,545.49,72.3,144.66,1,1,0.88055
30,13,1520.3,295.82,55.0,120.64,1,1,0.87734
30,14,974.21,356.61,74.28,79.6,1,1,0.87479
30,15,844.71,408.75,82.26,75.0,1,1,0.86403
30,16,855.82,322.91,76.43,70.64,1,1,0.86252
30,17,1174.82,324.13,64.88,96.53,1,1,0.86541
30,18,950.57,407.66,83.27,73.86,1,1,0.86154
30,19,829.83,433.79,61.66,82.62,1,1,0.83498
30,20,832.55,349.44,71.86,56.13,1,1,0.83412
30,21,839.87,382.62,70.46,50.83,1,1,0.81167
31,0,601.73,641.75,107.19,139.9,1,1,0.91286
31,1,600.9,815.15,122.76,159.16,1,1,0.9121
31,2,884.74,825.18,80.56,155.84,1,1,0.89623
31,3,404.76,353.61,56.99,131.31,1,1,0.89076
31,4,987.91,292.6,86.79,86.9,1,1,0.88962
31,5,941.37,458.46,90.76,88.55,1,1,0.88578
31,6,1178.08,548.57,74.71,122.7,1,1,0.88508
31,7,795.11,213.42,54.08,108.75,1,1,0.87678
31,8,590.3,344.26,50.94,142.26,1,1,0.88243
31,9,791.73,449.0,74.3,103.64,1,1,0.88611
31,10,1057.24,207.89,50.79,107.8,1,1,0.86358
31,11,1181.84,395.69,69.74,117.2,1,1,0.88123
31,12,1547.59,545.44,72.1,144.4,1,1,0.8806
31,13,1520.56,295.73,54.64,120.55,1,1,0.87662
31,14,974.9,355.97,74.06,80.46,1,1,0.87466
31,15,844.49,408.88,82.17,74.94,1,1,0.86352
31,16,855.46,322.9,76.51,70.62,1,1,0.86253
31,17,1174.55,324.1,65.04,96.66,1,1,0.86529
31,18,950.46,407.65,83.29,73.8,1,1,0.86277
31,19,829.92,433.7,61.51,82.75,1,1,0.83394
31,20,832.35,349.7,72.06,55.84,1,1,0.83365
31,21,839.71,382.46,70.5,50.82,1,1,0.81215
32,0,601.68,641.77,107.15,139.85,1,1,0.91327
32,1,601.0,815.17,122.66,159.09,1,1,0.91183
32,2,884.9,825.16,80.58,155.82,1,1,0.89607
32,3,404.75,353.6,57.0,131.27,1,1,0.89107
32,4,987.89,292.58,86.81,86.8,1,1,0.88924
32,5,941.37,458.46,90.74,88.5,1,1,0.88581
32,6,1178.07,548.55,74.74,122.72,1,1,0.8852
32,7,795.17,213.39,55.21,112.33,1,1,0.87753
32,8,590.38,344.25,50.93,142.29,1,1,0.88211
32,9,791.71,449.04,74.26,103.59,1,1,0.88632
32,10,1059.24,207.49,50.05,108.38,1,1,0.86207
32,11,1181.84,395.58,69.76,117.27,1,1,0.88095
32,12,1547.63,545.44,72.09,144.38,1,1,0.88067
32,13,1520.9,295.61,54.58,120.57,1,1,0.87604
32,14,975.25,355.39,73.99,81.17,1,1,0.87406
32,15,844.41,408.9,82.21,74.91,1,1,0.86445
32,16,855.18,322.87,76.63,70.49,1,1,0.8613
32,17,1174.41,324.08,65.14,96.66,1,1,0.86475
32,18,950.46,407.65,83.28,73.81,1,1,0.86347
32,19,829.95,433.71,61.45,82.74,1,1,0.83395
32,20,832.39,349.78,72.19,55.75,1,1,0.83391
32,21,839.65,382.49,70.63,50.81,1,1,0.81277
33,0,601.8,641.79,107.06,139.73,1,1,0.91335
33,1,601.07,815.12,122.68,159.1,1,1,0.91155
33,2,885.18,825.17,80.38,155.75,1,1,0.89529
33,3,404.8,353.58,57.02,131.29,1,1,0.8905
33,4,987.76,292.5,86.85,86.74,1,1,0.88781
33,5,941.48,458.42,90.65,88.55,1,1,0.88507
33,6,1178.15,548.54,74.72,122.7,1,1,0.88455
33,7,795.28,214.08,55.93,115.53,1,1,0.87962
33,8,590.4,344.2,50.91,142.35,1,1,0.88104
33,9,791.74,449.1,74.23,103.5,1,1,0.88571
33,10,1061.33,206.94,49.24,108.81,1,1,0.85894
33,11,1181.94,395.5,69.71,117.35,1,1,0.88019
33,12,1547.74,545.41,72.06,144.37,1,1,0.88038
33,13,1521.37,295.56,54.41,120.53,1,1,0.87518
33,14,975.93,354.79,73.55,81.9,1,1,0.87318
33,15,844.52,408.86,82.08,74.96,1,1,0.86379
33,16,855.03,322.87,76.77,70.35,1,1,0.86023
33,17,1174.4,324.06,65.14,96.56,1,1,0.86374
33,18,950.65,407.64,83.13,73.74,1,1,0.86263
33,19,829.91,433.78,61.48,82.69,1,1,0.83237
33,20,832.58,349.75,72.14,55.76,1,1,0.83313
33,21,839.71,382.55,70.55,50.78,1,1,0.81188
34,0,601.87,641.8,106.99,139.68,1,1,0.91352
34,1,601.11,815.1,122.6,159.1,1,1,0.91162
34,2,885.28,825.15,80.23,155.73,1,1,0.89542
34,3,404.92,353.53,56.96,131.33,1,1,0.89108
34,4,987.56,292.3,87.12,86.89,1,1,0.88844
34,5,941.46,458.37,90.73,88.58,1,1,0.88544
34,6,1178.2,548.55,74.7,122.68,1,1,0.88478
34,7,794.8,214.93,56.38,117.01,1,1,0.8803
34,8,590.42,344.19,50.87,142.21,1,1,0.88116
34,9,791.76,448.99,74.28,103.57,1,1,0.88565
34,10,1063.31,206.3,48.73,109.46,1,1,0.85731
34,11,1181.95,395.45,69.78,117.37,1,1,0.88074
34,12,1547.82,545.29,72.01,144.44,1,1,0.88044
34,13,1521.57,295.3,54.49,120.77,1,1,0.87602
34,14,976.4,354.43,73.24,82.25,1,1,0.87325
34,15,844.53,408.79,82.04,75.06,1,1,0.86468
34,16,854.94,322.89,76.86,70.17,1,1,0.86123
34,17,1174.47,324.07,65.0,96.5,1,1,0.86392
34,18,950.72,407.62,83.1,73.77,1,1,0.86349
34,19,829.95,433.76,61.45,82.6,1,1,0.83221
34,20,832.61,349.65,72.2,55.88,1,1,0.83403
34,21,839.64,382.63,70.56,50.77,1,1,0.81281
35,0,602.02,641.82,106.88,139.67,1,1,0.91377
35,1,601.18,815.08,122.5,159.07,1,1,0.91192
35,2,885.42,825.07,79.93,155.78,1,1,0.89589
35,3,404.91,353.46,57.0,131.44,1,1,0.8908
35,4,987.22,292.03,87.45,87.13,1,1,0.89
35,5,941.51,458.32,90.74,88.57,1,1,0.88626
35,6,1178.26,548.53,74.67,122.7,1,1,0.88526
35,7,794.69,215.84,55.74,117.08,1,1,0.87966
35,8,590.44,344.15,50.93,142.24,1,1,0.88065
35,9,791.82,448.75,74.43,103.76,1,1,0.88529
35,10,1065.32,205.37,49.28,110.33,1,1,0.8576
35,11,1182.08,395.41,69.78,117.4,1,1,0.88173
35,12,1547.99,545.22,71.94,144.48,1,1,0.88098
35,13,1521.88,295.29,54.42,120.78,1,1,0.87637
35,14,976.88,354.16,73.01,82.52,1,1,0.87433
35,15,844.58,408.71,82.05,75.18,1,1,0.86498
35,16,854.93,322.87,76.94,70.04,1,1,0.86124
35,17,1174.68,324.07,64.75,96.51,1,1,0.86464
35,18,950.85,407.6,83.15,73.77,1,1,0.86472
35,19,830.06,433.71,61.37,82.56,1,1,0.83234
35,20,832.6,349.55,72.34,55.95,1,1,0.83487
35,21,839.6,382.71,70.6,50.72,1,1,0.81406
36,0,602.07,641.85,106.77,139.66,1,1,0.91331
36,1,600.99,815.13,122.51,159.15,1,1,0.91161
36,2,885.35,825.09,79.79,155.6,1,1,0.89565
36,3,404.95,353.49,56.89,131.42,1,1,0.89111
36,4,987.03,292.07,87.49,87.09,1,1,0.88981
36,5,941.45,458.35,90.7,88.55,1,1,0.88583
36,6,1178.27,548.6,74.66,122.67,1,1,0.88469
36,7,794.84,217.04,54.48,116.34,1,1,0.87784
36,8,590.38,344.01,50.89,142.35,1,1,0.87999
36,9,791.82,448.53,74.43,104.03,1,1,0.88471
36,10,1067.06,204.55,49.7,110.81,1,1,0.8583
36,11,1182.06,395.39,69.76,117.44,1,1,0.88155
36,12,1548.12,545.23,71.84,144.48,1,1,0.88106
36,13,1522.06,295.31,54.23,120.7,1,1,0.87624
36,14,977.05,354.1,72.83,82.61,1,1,0.87421
36,15,844.64,408.8,81.95,75.2,1,1,0.86474
36,16,854.98,322.93,76.91,70.06,1,1,0.862
36,17,1174.75,324.17,64.72,96.32,1,1,0.86384
36,18,950.88,407.61,83.16,73.79,1,1,0.8647
36,19,830.2,433.69,61.18,82.59,1,1,0.83215
36,20,832.61,349.5,72.3,56.03,1,1,0.83532
36,21,839.52,382.77,70.55,50.61,1,1,0.81575
37,0,602.62,641.98,106.84,139.66,1,1,0.91221
37,1,601.37,815.11,122.86,159.18,1,1,0.91221
37,2,885.68,825.24,79.59,155.4,1,1,0.89524
37,3,405.31,353.5,57.0,131.39,1,1,0.89223
37,4,987.18,292.1,87.56,87.16,1,1,0.88947
37,5,941.75,458.44,90.71,88.56,1,1,0.88556
37,6,1178.64,548.7,74.54,122.66,1,1,0.88505
37,7,794.91,218.92,54.09,115.19,1,1,0.878
37,8,590.72,344.0,50.78,142.35,1,1,0.88133
37,9,792.21,448.63,74.76,104.0,1,1,0.88481
37,10,1069.76,204.17,50.03,110.96,1,1,0.85943
37,11,1182.4,395.37,69.69,117.62,1,1,0.88165
37,12,1548.55,545.35,72.03,144.37,1,1,0.8815
37,13,1522.55,295.53,54.02,120.53,1,1,0.87594
37,14,977.39,354.45,72.78,82.42,1,1,0.87449
37,15,845.26,408.94,81.8,75.3,1,1,0.86379
37,16,854.8,323.12,77.43,70.11,1,1,0.86279
37,17,1175.02,324.12,64.75,96.64,1,1,0.86444
37,18,951.22,407.66,83.01,73.71,1,1,0.86499
37,19,830.19,433.96,61.36,82.18,1,1,0.83161
37,20,832.9,349.59,72.3,56.4,1,1,0.83162
37,21,839.93,382.66,70.33,50.75,1,1,0.8112
38,0,602.79,641.96,106.72,139.34,1,1,0.91288
38,1,601.44,814.99,122.78,159.01,1,1,0.91189
38,2,885.84,825.22,79.6,155.33,1,1,0.89537
38,3,405.29,353.33,57.09,131.41,1,1,0.89059
38,4,987.02,291.96,87.72,87.35,1,1,0.89035
38,5,941.69,458.45,90.78,88.44,1,1,0.88597
38,6,1178.86,548.62,74.44,122.62,1,1,0.88496
38,7,794.62,219.82,53.97,114.64,1,1,0.88025
38,8,590.98,343.89,50.63,142.33,1,1,0.88141
38,9,792.53,448.37,74.89,103.99,1,1,0.88493
38,10,1072.09,204.29,49.75,110.7,1,1,0.85954
38,11,1182.37,394.98,69.74,117.92,1,1,0.88214
38,12,1548.55,545.11,72.2,144.56,1,1,0.88161
38,13,1522.75,295.59,53.91,120.17,1,1,0.87607
38,14,977.34,354.44,72.75,82.34,1,1,0.87494
38,15,845.33,408.77,81.92,75.48,1,1,0.86416
38,16,854.53,323.06,77.83,70.35,1,1,0.86405
38,17,1175.01,324.0,64.73,96.64,1,1,0.86406
38,18,951.37,407.53,82.99,73.73,1,1,0.86559
38,19,830.43,433.85,61.28,82.11,1,1,0.83222
38,20,833.1,349.06,72.54,57.06,1,1,0.83408
38,21,839.96,382.54,70.36,50.88,1,1,0.80999
39,0,603.06,641.93,106.52,139.26,1,1,0.9118
39,1,601.54,814.98,122.85,158.74,1,1,0.91123
39,2,885.78,825.3,79.36,155.23,1,1,0.89418
39,3,405.38,353.19,57.24,131.62,1,1,0.89087
39,4,986.9,291.84,88.04,87.58,1,1,0.88881
39,5,941.81,458.42,90.62,88.49,1,1,0.88426
39,6,1179.01,548.58,74.49,122.74,1,1,0.88368
39,7,793.88,220.22,53.8,116.07,1,1,0.87989
39,8,591.22,343.91,50.52,142.33,1,1,0.88005
39,9,792.73,448.45,74.92,103.9,1,1,0.88341
39,10,1074.9,205.38,49.41,110.21,1,1,0.85902
39,11,1182.54,394.83,69.62,118.12,1,1,0.8794
39,12,1548.62,545.12,72.29,144.61,1,1,0.8801
39,13,1522.79,295.75,54.08,120.73,1,1,0.87458
39,14,977.25,354.69,72.76,81.95,1,1,0.87261
39,15,845.43,408.69,82.08,75.63,1,1,0.8625
39,16,854.31,323.01,78.06,70.41,1,1,0.86359
39,17,1174.93,324.08,64.9,96.69,1,1,0.86184
39,18,951.49,407.47,82.89,73.79,1,1,0.86221
39,19,830.32,433.9,61.39,82.14,1,1,0.83094
39,20,833.28,349.06,72.66,57.18,1,1,0.83147
39,21,839.99,382.52,70.5,50.8,1,1,0.8057
40,0,603.43,641.81,106.27,139.25,1,1,0.91241
40,1,601.71,814.9,123.06,158.79,1,1,0.91182
40,2,885.71,825.34,79.4,155.34,1,1,0.89394
40,3,405.54,353.03,57.48,131.79,1,1,0.89072
40,4,987.2,291.74,88.31,87.64,1,1,0.88968
40,5,942.06,458.36,90.53,88.62,1,1,0.88407
40,6,1179.26,548.51,74.56,122.93,1,1,0.88374
40,7,793.88,220.28,52.96,119.37,1,1,0.87956
40,8,591.49,343.91,50.36,142.32,1,1,0.87999
40,9,793.35,448.5,74.92,103.86,1,1,0.88185
40,10,1077.83,206.78,49.56,110.63,1,1,0.86201
40,11,1182.9,394.86,69.51,118.14,1,1,0.87946
40,12,1548.82,545.12,72.45,144.69,1,1,0.88019
40,13,1523.23,295.81,54.1,121.44,1,1,0.87448
40,14,977.27,354.98,72.74,81.51,1,1,0.87289
40,15,845.83,408.46,81.99,75.63,1,1,0.86044
40,16,854.55,322.93,78.09,70.43,1,1,0.86434
40,17,1175.08,324.03,64.94,96.82,1,1,0.86239
40,18,951.81,407.36,82.76,73.75,1,1,0.86134
40,19,830.69,434.08,61.34,82.0,1,1,0.83499
40,20,833.52,349.22,72.63,57.25,1,1,0.83148
40,21,840.15,382.71,70.4,51.05,1,1,0.80261
41,0,603.08,641.48,106.29,139.61,1,1,0.91199
41,1,601.41,814.9,123.34,158.79,1,1,0.91148
41,2,885.22,825.28,79.44,155.29,1,1,0.89355
41,3,405.26,352.88,57.71,132.02,1,1,0.88987
41,4,987.08,291.37,88.15,87.9,1,1,0.88802
41,5,941.89,458.28,90.52,88.59,1,1,0.88428
41,6,1179.11,548.46,74.22,122.68,1,1,0.88403
41,7,793.3,220.3,51.99,122.39,1,1,0.8771
41,8,591.28,343.83,50.39,142.23,1,1,0.87882
41,9,793.16,448.32,74.68,104.0,1,1,0.88216
41,10,1080.48,208.12,50.32,111.15,1,1,0.86225
41,11,1182.64,394.79,69.62,118.08,1,1,0.8796
41,12,1548.96,545.01,72.34,144.79,1,1,0.88001
41,13,1522.95,295.95,54.2,122.48,1,1,0.87446
41,14,976.61,355.24,73.07,81.16,1,1,0.87219
41,15,845.87,408.29,81.86,75.61,1,1,0.85931
41,16,854.19,322.72,78.15,70.73,1,1,0.86254
41,17,1174.73,324.01,65.32,96.93,1,1,0.86345
41,18,951.63,407.17,82.8,73.98,1,1,0.8616
41,19,831.2,433.93,60.9,82.17,1,1,0.83417
41,20,833.2,348.93,72.5,57.54,1,1,0.82987
41,21,840.02,382.76,70.17,51.23,1,1,0.80066
42,0,602.69,642.71,106.42,139.63,1,1,0.91293
42,1,601.12,816.1,123.02,158.98,1,1,0.9121
42,2,885.44,826.46,79.14,155.37,1,1,0.8951
42,3,405.03,353.8,57.67,131.98,1,1,0.89302
42,4,986.9,292.28,88.0,87.89,1,1,0.88848
42,5,941.69,459.18,90.36,88.61,1,1,0.88539
42,6,1178.67,549.49,74.45,122.74,1,1,0.88408
42,7,792.14,221.29,51.34,125.7,1,1,0.87877
42,8,591.11,344.89,50.47,142.27,1,1,0.87893
42,9,792.91,449.35,74.56,104.06,1,1,0.88347
42,10,1082.59,210.7,51.87,110.99,1,1,0.86319
42,11,1182.6,395.61,69.63,118.22,1,1,0.88054
42,12,1548.47,545.98,72.7,145.05,1,1,0.88193
42,13,1522.67,297.18,54.18,123.36,1,1,0.87558
42,14,975.83,356.17,73.41,81.27,1,1,0.87484
42,15,845.47,409.04,82.0,75.64,1,1,0.86247
42,16,854.27,323.59,78.05,71.13,1,1,0.8644
42,17,1173.78,324.65,65.84,97.45,1,1,0.86515
42,18,951.34,408.17,82.84,73.7,1,1,0.8618
42,19,830.07,434.76,61.53,82.27,1,1,0.83459
42,20,832.6,350.1,73.04,57.21,1,1,0.83056
42,21,839.62,383.52,70.27,51.1,1,1,0.79975
43,0,602.49,643.65,106.66,139.51,1,1,0.91269
43,1,601.23,816.79,122.86,159.12,1,1,0.9118
43,2,885.55,827.16,78.85,155.15,1,1,0.89422
43,3,405.04,354.69,57.79,131.83,1,1,0.89269
43,4,986.91,293.02,87.8,88.13,1,1,0.8877
43,5,941.28,459.96,90.75,88.28,1,1,0.88474
43,6,1178.45,550.26,74.7,122.62,1,1,0.8838
43,7,791.17,222.94,50.6,127.93,1,1,0.87627
43,8,591.0,345.84,50.75,142.37,1,1,0.87916
43,9,792.79,450.1,74.66,104.0,1,1,0.88322
43,10,1084.92,213.56,55.04,110.05,1,1,0.85926
43,11,1182.61,396.35,69.38,118.08,1,1,0.8781
43,12,1548.76,546.95,72.39,144.76,1,1,0.88089
43,13,1521.97,298.34,54.23,124.79,1,1,0.87467
43,14,975.11,356.85,73.62,81.4,1,1,0.87357
43,15,845.01,409.87,82.13,75.76,1,1,0.86281
43,16,854.81,324.33,77.61,71.46,1,1,0.86436
43,17,1173.12,325.42,66.09,97.19,1,1,0.86112
43,18,951.1,409.32,83.13,73.62,1,1,0.86228
43,19,829.08,435.52,62.39,82.05,1,1,0.83625
43,20,832.33,350.61,73.48,57.06,1,1,0.82936
43,21,839.14,384.44,70.56,50.38,1,1,0.80685
44,0,602.32,643.56,106.5,139.29,1,1,0.91262
44,1,600.95,816.81,122.79,158.98,1,1,0.9118
44,2,885.54,826.97,78.7,155.14,1,1,0.89406
44,3,404.83,354.73,57.67,131.56,1,1,0.89349
44,4,986.78,292.89,87.83,88.15,1,1,0.88852
44,5,940.95,459.82,90.87,88.27,1,1,0.88436
44,6,1178.01,550.26,74.92,122.52,1,1,0.88328
44,7,790.54,224.33,49.52,129.98,1,1,0.8744
44,8,590.61,345.76,50.92,142.37,1,1,0.8784
44,9,792.51,450.06,74.82,103.97,1,1,0.88167
44,10,1086.92,215.18,60.71,109.65,1,1,0.86461
44,11,1182.39,396.23,69.43,118.04,1,1,0.87831
44,12,1548.57,546.76,72.6,144.8,1,1,0.88106
44,13,1521.22,298.73,54.19,125.66,1,1,0.87443
44,14,974.34,356.75,73.59,81.44,1,1,0.87296
44,15,844.65,409.87,82.12,75.82,1,1,0.86226
44,16,855.05,324.29,77.14,71.76,1,1,0.86374
44,17,1172.65,325.44,66.25,96.9,1,1,0.86192
44,18,950.94,409.39,82.98,73.34,1,1,0.86217
44,19,828.63,435.48,62.7,82.04,1,1,0.83405
44,20,831.56,350.37,73.85,57.16,1,1,0.82773
44,21,838.76,384.43,70.73,50.2,1,1,0.80873
45,0,602.18,643.66,106.48,139.25,1,1,0.91282
45,1,600.92,817.0,122.56,158.8,1,1,0.91167
45,2,885.47,827.02,78.8,155.27,1,1,0.8942
45,3,404.86,354.89,57.57,131.41,1,1,0.89432
45,4,986.85,292.97,87.77,88.11,1,1,0.88905
45,5,940.78,459.98,91.0,88.21,1,1,0.88484
45,6,1177.9,550.41,74.94,122.54,1,1,0.88371
45,7,789.39,226.14,49.18,129.56,1,1,0.87337
45,8,590.5,345.75,51.01,142.49,1,1,0.87869
45,9,792.45,450.07,74.91,104.16,1,1,0.88315
45,10,1089.0,216.57,62.5,108.48,1,1,0.86276
45,11,1182.4,396.33,69.4,118.02,1,1,0.87852
45,12,1548.62,546.73,72.59,144.88,1,1,0.88089
45,13,1520.5,299.72,54.27,125.44,1,1,0.8743
45,14,973.66,357.01,73.61,81.2,1,1,0.87328
45,15,844.52,410.06,82.14,75.81,1,1,0.863
45,16,855.16,324.5,77.03,71.69,1,1,0.86247
45,17,1172.9,325.57,66.04,96.79,1,1,0.861
45,18,950.76,409.59,83.08,73.26,1,1,0.86236
45,19,828.51,435.6,62.81,82.12,1,1,0.83386
45,20,831.55,350.49,74.04,57.18,1,1,0.82896
45,21,838.67,384.76,70.88,50.02,1,1,0.80929
46,0,602.13,643.76,106.54,139.17,1,1,0.91287
46,1,600.99,817.05,122.42,158.73,1,1,0.91193
46,2,885.4,827.01,78.86,155.25,1,1,0.89417
46,3,404.97,355.07,57.42,131.3,1,1,0.89479
46,4,987.04,293.14,87.65,88.13,1,1,0.88937
46,5,940.75,460.17,91.11,87.97,1,1,0.88548
46,6,1177.88,550.5,75.0,122.64,1,1,0.88436
46,7,788.74,227.51,48.83,129.21,1,1,0.87323
46,8,590.5,345.78,51.06,142.41,1,1,0.87886
46,9,792.43,450.18,74.94,104.06,1,1,0.88389
46,10,1091.11,218.31,66.67,108.84,1,1,0.87532
46,11,1182.43,396.47,69.31,117.86,1,1,0.87909
46,12,1548.62,546.63,72.63,145.1,1,1,0.88178
46,13,1520.22,300.71,54.27,125.15,1,1,0.87574
46,14,973.11,357.23,73.84,81.0,1,1,0.87365
46,15,844.36,410.26,82.26,75.93,1,1,0.86357
46,16,855.57,324.66,76.7,71.47,1,1,0.86137
46,17,1172.74,326.0,66.34,96.86,1,1,0.86376
46,18,950.67,409.81,83.23,73.25,1,1,0.86366
46,19,828.7,435.59,62.76,82.17,1,1,0.83251
46,20,831.59,350.54,74.12,57.22,1,1,0.83033
46,21,838.61,384.94,71.16,49.76,1,1,0.80996
47,0,602.14,643.42,106.61,138.94,1,1,0.91271
47,1,601.06,816.68,122.54,158.67,1,1,0.91148
47,2,885.45,826.73,78.69,155.0,1,1,0.89357
47,3,405.05,354.56,57.64,131.34,1,1,0.89123
47,4,987.16,292.77,87.55,88.14,1,1,0.8879
47,5,940.78,459.55,91.08,88.11,1,1,0.88544
47,6,1178.0,549.93,74.98,122.71,1,1,0.88335
47,7,787.24,227.71,49.89,128.72,1,1,0.8722
47,8,590.77,345.44,51.13,142.3,1,1,0.87715
47,9,792.64,449.77,74.97,104.1,1,1,0.88271
47,10,1092.28,218.85,68.83,108.84,1,1,0.87163
47,11,1182.57,396.01,69.35,118.02,1,1,0.87811
47,12,1548.56,546.09,72.87,145.14,1,1,0.88126
47,13,1520.11,301.07,54.1,124.55,1,1,0.87528
47,14,972.61,357.03,74.1,80.76,1,1,0.87296
47,15,844.61,409.66,82.22,76.14,1,1,0.86241
47,16,855.49,324.15,76.75,71.12,1,1,0.86137
47,17,1172.65,325.94,66.59,96.17,1,1,0.86072
47,18,950.6,409.31,83.23,73.31,1,1,0.86182
47,19,829.16,435.05,62.53,82.18,1,1,0.83358
47,20,831.78,349.75,73.76,57.36,1,1,0.82964
47,21,838.94,384.31,71.01,50.03,1,1,0.80705
48,0,600.95,643.65,107.05,139.47,1,1,0.91309
48,1,600.35,817.16,122.56,158.8,1,1,0.91195
48,2,884.08,827.38,78.99,154.84,1,1,0.89383
48,3,404.28,355.18,57.59,131.19,1,1,0.89074
48,4,986.73,293.05,87.47,88.19,1,1,0.88975
48,5,939.99,459.97,90.99,87.99,1,1,0.88601
48,6,1177.27,550.4,75.07,122.67,1,1,0.8834
48,7,785.43,227.94,50.42,129.46,1,1,0.87199
48,8,590.17,345.87,51.38,142.49,1,1,0.8781
48,9,791.68,450.04,74.99,104.18,1,1,0.88438
48,10,1092.2,220.29,70.06,108.69,1,1,0.87188
48,11,1182.07,396.73,69.38,117.8,1,1,0.87859
48,12,1548.07,546.63,72.54,145.04,1,1,0.88333
48,13,1518.9,302.06,54.26,124.11,1,1,0.87602
48,14,971.5,357.33,74.39,80.72,1,1,0.87328
48,15,843.6,410.19,82.42,75.76,1,1,0.86585
48,16,855.43,324.43,75.92,70.92,1,1,0.86025
48,17,1172.12,326.41,66.41,96.18,1,1,0.86159
48,18,949.73,409.63,83.51,73.78,1,1,0.86175
48,19,828.66,435.52,62.42,82.16,1,1,0.83386
48,20,830.92,350.01,73.71,57.15,1,1,0.83021
48,21,838.13,384.55,71.16,49.54,1,1,0.81277
49,0,600.82,643.87,107.1,139.52,1,1,0.91248
49,1,600.3,817.44,122.42,158.81,1,1,0.91169
49,2,883.71,827.62,79.23,154.84,1,1,0.89306
49,3,404.28,355.52,57.52,131.17,1,1,0.89133
49,4,986.93,293.35,87.2,88.19,1,1,0.88919
49,5,939.82,460.35,91.05,87.72,1,1,0.88519
49,6,1177.15,550.83,75.2,122.49,1,1,0.88236
49,7,783.72,227.64,51.39,130.14,1,1,0.87059
49,8,590.27,346.32,51.64,142.61,1,1,0.87847
49,9,791.52,450.71,74.84,103.69,1,1,0.88529
49,10,1093.03,221.78,70.23,107.73,1,1,0.87173
49,11,1182.14,397.07,69.4,117.73,1,1,0.87785
49,12,1547.94,547.01,72.45,144.77,1,1,0.88172
49,13,1518.27,302.62,54.55,123.82,1,1,0.87569
49,14,971.13,357.43,74.52,80.77,1,1,0.87314
49,15,843.57,410.48,82.44,75.61,1,1,0.86678
49,16,855.81,324.68,75.21,70.63,1,1,0.86065
49,17,1171.99,326.82,66.57,96.21,1,1,0.86116
49,18,949.61,409.84,83.59,74.02,1,1,0.86131
49,19,828.28,435.75,62.52,82.14,1,1,0.83609
49,20,830.98,350.35,73.35,56.64,1,1,0.83231
49,21,838.01,385.04,71.17,49.29,1,1,0.81875
50,0,600.72,643.95,107.02,139.58,1,1,0.91324
50,1,600.31,817.54,122.21,158.77,1,1,0.91193
50,2,883.57,827.72,79.37,154.95,1,1,0.89387
50,3,404.23,355.68,57.47,131.12,1,1,0.89286
50,4,986.92,293.57,87.08,88.12,1,1,0.88974
50,5,939.52,460.48,91.15,87.62,1,1,0.88547
50,6,1177.01,550.95,75.4,122.49,1,1,0.88324
50,7,781.83,226.96,51.96,130.83,1,1,0.87431
50,8,590.33,346.78,52.58,142.39,1,1,0.88021
50,9,791.44,450.92,74.65,103.51,1,1,0.88548
50,10,1095.73,222.33,68.19,107.65,1,1,0.87066
50,11,1182.2,397.26,69.33,117.55,1,1,0.87754
50,12,1547.86,547.08,72.24,144.59,1,1,0.88191
50,13,1517.63,302.87,54.76,123.71,1,1,0.87555
50,14,970.74,357.5,74.67,80.73,1,1,0.87428
50,15,843.47,410.76,82.39,75.47,1,1,0.86682
50,16,856.06,324.97,74.87,70.24,1,1,0.8624
50,17,1171.71,326.95,66.67,96.15,1,1,0.86138
50,18,949.53,409.93,83.63,74.16,1,1,0.86125
50,19,827.79,436.37,62.7,81.57,1,1,0.83913
50,20,831.14,350.74,72.98,56.22,1,1,0.83229
50,21,837.92,385.17,71.22,49.33,1,1,0.82297
51,0,600.66,643.83,106.98,139.94,1,1,0.91338
51,1,599.95,817.58,122.48,158.88,1,1,0.91298
51,2,883.39,827.77,79.35,155.0,1,1,0.89436
51,3,404.23,355.77,57.2,131.08,1,1,0.89557
51,4,986.42,293.79,87.2,87.83,1,1,0.89037
51,5,939.55,460.57,90.8,87.61,1,1,0.88644
51,6,1176.97,551.12,75.31,122.48,1,1,0.88424
51,7,779.86,226.7,52.88,131.22,1,1,0.87496
51,8,590.27,347.04,54.52,142.4,1,1,0.88219
51,9,791.36,451.13,74.4,103.36,1,1,0.88797
51,10,1099.48,222.63,63.95,107.5,1,1,0.86859
51,11,1182.25,397.39,69.09,117.53,1,1,0.87839
51,12,1547.81,547.06,72.02,144.61,1,1,0.88161
51,13,1516.91,303.11,55.46,123.36,1,1,0.87654
51,14,969.96,357.48,75.01,80.88,1,1,0.87487
51,15,843.19,410.79,82.54,75.6,1,1,0.86634
51,16,856.01,325.15,74.85,70.08,1,1,0.86236
51,17,1171.28,326.92,66.7,96.55,1,1,0.86295
51,18,949.48,410.11,83.36,74.15,1,1,0.861
51,19,827.64,436.43,62.64,81.5,1,1,0.8387
51,20,831.19,350.88,72.64,55.82,1,1,0.83449
51,21,837.61,385.38,71.28,49.33,1,1,0.82515
52,0,600.89,643.98,107.05,139.91,1,1,0.91302
52,1,599.82,817.86,122.68,158.93,1,1,0.91296
52,2,883.41,827.91,79.54,155.1,1,1,0.89398
52,3,404.35,356.02,57.37,131.03,1,1,0.89435
52,4,986.63,294.09,87.07,87.93,1,1,0.89177
52,5,939.77,460.96,90.5,87.39,1,1,0.88489
52,6,1177.15,551.43,75.42,122.36,1,1,0.88316
52,7,778.96,226.99,53.36,132.52,1,1,0.87535
52,8,590.55,347.44,55.49,142.44,1,1,0.88156
52,9,791.52,451.57,74.55,103.15,1,1,0.88683
52,10,1103.73,223.26,59.61,107.32,1,1,0.86799
52,11,1182.64,397.76,69.05,117.22,1,1,0.87706
52,12,1548.3,547.39,71.69,144.56,1,1,0.88172
52,13,1517.06,303.45,55.77,123.41,1,1,0.87592
52,14,969.94,357.59,75.0,80.94,1,1,0.87478
52,15,843.45,411.1,82.5,75.72,1,1,0.86476
52,16,856.5,325.43,74.89,70.12,1,1,0.86323
52,17,1171.38,327.02,67.0,96.88,1,1,0.8634
52,18,949.57,410.37,83.42,74.15,1,1,0.86056
52,19,827.66,436.71,62.84,81.39,1,1,0.83693
52,20,831.3,350.92,72.67,56.11,1,1,0.83411
52,21,837.8,385.63,71.19,49.5,1,1,0.82559
53,0,601.49,643.49,106.86,139.94,1,1,0.91258
53,1,600.14,817.49,122.81,158.47,1,1,0.91226
53,2,883.83,827.42,79.38,154.86,1,1,0.89467
53,3,404.77,355.72,57.43,131.07,1,1,0.89279
53,4,986.92,293.69,87.22,87.96,1,1,0.89019
53,5,939.89,460.68,90.54,87.3,1,1,0.88447
53,6,1177.64,550.95,75.0,122.36,1,1,0.88396
53,7,779.37,227.48,52.99,133.67,1,1,0.87481
53,8,590.98,347.32,55.14,141.99,1,1,0.88068
53,9,791.77,451.15,74.59,103.34,1,1,0.8874
53,10,1107.37,223.13,56.11,107.0,1,1,0.86838
53,11,1182.78,396.98,69.14,117.69,1,1,0.87749
53,12,1548.4,547.03,72.02,144.5,1,1,0.88107
53,13,1517.59,303.33,55.81,123.01,1,1,0.87591
53,14,970.02,357.15,75.11,80.86,1,1,0.8735
53,15,843.81,410.72,82.42,75.63,1,1,0.86447
53,16,856.72,324.93,74.89,70.36,1,1,0.86053
53,17,1171.67,326.72,67.04,96.47,1,1,0.85982
53,18,949.82,410.07,83.57,73.9,1,1,0.86009
53,19,827.89,436.23,62.64,81.32,1,1,0.83267
53,20,831.77,350.86,72.76,55.99,1,1,0.83431
53,21,838.2,385.16,71.14,49.3,1,1,0.81654
54,0,601.41,642.95,107.09,140.09,1,1,0.91348
54,1,600.26,816.8,122.59,158.46,1,1,0.91219
54,2,883.66,826.94,79.25,154.63,1,1,0.89597
54,3,404.98,355.2,57.09,130.99,1,1,0.89166
54,4,987.19,293.01,86.89,88.54,1,1,0.89007
54,5,939.66,460.01,91.0,87.91,1,1,0.88586
54,6,1177.47,550.34,75.27,122.3,1,1,0.88377
54,7,779.67,228.59,52.03,135.07,1,1,0.87609
54,8,590.73,347.06,55.08,141.49,1,1,0.87909
54,9,791.86,450.11,74.82,103.99,1,1,0.8879
54,10,1109.34,222.66,53.87,107.17,1,1,0.87127
54,11,1182.58,395.87,69.3,118.4,1,1,0.87822
54,12,1547.98,546.4,72.64,144.98,1,1,0.88309
54,13,1517.82,302.95,55.94,122.65,1,1,0.87733
54,14,969.7,356.57,74.88,80.87,1,1,0.87543
54,15,843.18,410.22,82.93,75.72,1,1,0.86561
54,16,856.31,324.36,75.09,70.16,1,1,0.86033
54,17,1171.52,326.44,67.04,96.45,1,1,0.86281
54,18,949.48,409.42,83.79,73.65,1,1,0.86431
54,19,828.55,435.37,62.61,82.0,1,1,0.8302
54,20,831.31,350.33,73.23,56.45,1,1,0.8354
54,21,838.01,384.29,71.34,48.95,1,1,0.80999
55,0,601.49,643.39,107.16,140.32,1,1,0.91331
55,1,600.43,817.14,122.31,158.69,1,1,0.91259
55,2,883.57,827.51,79.53,154.77,1,1,0.89675
55,3,405.09,355.67,57.09,131.29,1,1,0.8925
55,4,987.05,293.27,86.95,88.94,1,1,0.89022
55,5,939.76,460.33,91.25,88.3,1,1,0.8861
55,6,1177.34,550.77,75.32,122.24,1,1,0.88348
55,7,779.38,231.57,51.88,135.49,1,1,0.87712
55,8,590.78,347.69,53.14,141.08,1,1,0.87783
55,9,792.08,450.07,75.0,104.29,1,1,0.88735
55,10,1110.38,223.41,52.81,107.62,1,1,0.86857
55,11,1182.5,396.2,69.52,118.57,1,1,0.8777
55,12,1547.81,546.72,72.72,145.19,1,1,0.88255
55,13,1518.11,303.46,56.11,122.86,1,1,0.87699
55,14,969.27,356.97,75.14,80.78,1,1,0.87511
55,15,843.0,410.6,83.12,75.91,1,1,0.86513
55,16,856.04,324.71,75.56,70.11,1,1,0.85913
55,17,1171.47,326.98,67.24,96.63,1,1,0.86221
55,18,949.46,409.77,83.85,73.66,1,1,0.86381
55,19,828.61,435.63,62.79,82.4,1,1,0.82924
55,20,831.02,350.65,73.47,56.78,1,1,0.83247
55,21,838.02,384.54,71.35,49.02,1,1,0.80999
56,0,601.48,643.93,107.16,140.4,1,1,0.91356
56,1,600.56,817.58,122.27,158.69,1,1,0.91276
56,2,883.59,828.13,79.86,154.51,1,1,0.8972
56,3,405.17,356.01,57.16,131.23,1,1,0.89226
56,4,986.92,293.73,86.93,88.99,1,1,0.89108
56,5,939.85,460.92,91.33,88.11,1,1,0.88583
56,6,1177.45,551.26,75.35,122.12,1,1,0.88319
56,7,779.24,235.49,51.67,134.58,1,1,0.87658
56,8,590.88,348.42,52.21,140.64,1,1,0.87735
56,9,792.23,450.86,75.07,103.73,1,1,0.88698
56,10,1111.6,224.77,51.44,107.44,1,1,0.86666
56,11,1182.66,396.73,69.52,118.31,1,1,0.87683
56,12,1547.81,546.91,72.56,145.43,1,1,0.88185
56,13,1518.58,303.87,56.29,122.96,1,1,0.87621
56,14,969.21,357.29,75.1,80.87,1,1,0.8745
56,15,843.1,410.99,83.04,76.11,1,1,0.86362
56,16,855.98,325.11,75.63,70.15,1,1,0.8597
56,17,1171.59,327.5,67.28,96.58,1,1,0.86174
56,18,949.56,410.16,83.81,73.57,1,1,0.86341
56,19,828.66,435.71,62.8,82.95,1,1,0.82922
56,20,831.2,351.36,73.07,56.51,1,1,0.83148
56,21,838.26,385.06,70.91,48.77,1,1,0.81273
57,0,601.49,642.99,107.37,140.02,1,1,0.91173
57,1,600.35,816.46,122.5,158.48,1,1,0.91041
57,2,883.56,826.75,79.58,154.7,1,1,0.89312
57,3,405.1,355.26,57.2,131.47,1,1,0.88741
57,4,986.6,292.82,87.29,89.21,1,1,0.88606
57,5,939.5,460.08,91.16,88.24,1,1,0.88412
57,6,1177.25,550.44,75.66,122.0,1,1,0.88198
57,7,778.18,238.29,52.09,133.48,1,1,0.87579
57,8,590.92,347.59,51.79,140.62,1,1,0.87483
57,9,792.3,450.01,74.91,103.9,1,1,0.88416
57,10,1111.98,225.0,51.11,107.13,1,1,0.86293
57,11,1182.61,395.51,69.47,119.04,1,1,0.87484
57,12,1547.65,546.12,72.73,145.28,1,1,0.87952
57,13,1518.67,303.59,56.66,122.5,1,1,0.87557
57,14,968.91,356.57,75.03,80.76,1,1,0.87141
57,15,843.06,410.07,83.03,76.14,1,1,0.86184
57,16,855.9,324.18,75.92,69.88,1,1,0.85727
57,17,1171.47,326.79,67.36,96.8,1,1,0.85813
57,18,949.43,409.41,83.44,73.49,1,1,0.85985
57,19,828.82,434.86,62.65,83.17,1,1,0.82752
57,20,831.32,350.36,73.2,56.72,1,1,0.83124
57,21,838.35,384.43,70.87,48.59,1,1,0.80137
58,0,601.65,641.6,107.3,140.34,1,1,0.91049
58,1,600.23,815.55,122.54,158.27,1,1,0.90964
58,2,883.5,825.84,79.68,154.49,1,1,0.89245
58,3,405.03,354.17,57.28,131.12,1,1,0.88692
58,4,986.58,291.69,87.04,89.0,1,1,0.88275
58,5,939.68,459.1,90.95,88.01,1,1,0.88223
58,6,1177.02,549.29,75.99,122.03,1,1,0.88115
58,7,777.81,240.5,51.76,131.88,1,1,0.87444
58,8,591.13,346.47,51.25,140.27,1,1,0.87606
58,9,792.37,449.11,74.26,103.65,1,1,0.88246
58,10,1112.19,224.34,50.86,106.82,1,1,0.86276
58,11,1182.96,394.01,69.24,119.13,1,1,0.87376
58,12,1547.28,544.86,72.86,145.23,1,1,0.87739
58,13,1519.28,302.69,56.6,122.19,1,1,0.87555
58,14,968.66,355.4,75.17,80.65,1,1,0.86846
58,15,843.43,408.91,82.85,75.75,1,1,0.8614
58,16,856.22,322.8,75.84,69.99,1,1,0.85749
58,17,1171.5,325.57,67.28,96.2,1,1,0.85253
58,18,949.34,408.14,83.26,73.43,1,1,0.85864
58,19,829.1,434.01,62.07,83.13,1,1,0.82692
58,20,831.16,349.01,73.52,57.3,1,1,0.83224
58,21,838.87,383.29,70.59,49.05,1,1,0.79099
59,0,601.79,641.66,107.3,140.57,1,1,0.91034
59,1,600.19,815.7,122.65,158.38,1,1,0.90981
59,2,883.64,826.1,79.75,154.41,1,1,0.89251
59,3,405.25,354.36,57.25,130.93,1,1,0.88744
59,4,986.68,291.87,86.97,88.85,1,1,0.88325
59,5,939.85,459.37,90.76,87.99,1,1,0.8827
59,6,1176.97,549.44,76.0,122.07,1,1,0.88084
59,7,778.02,243.12,52.02,132.11,1,1,0.87382
59,8,591.17,346.51,51.59,140.29,1,1,0.8764
59,9,792.35,449.49,74.25,103.35,1,1,0.88306
59,10,1112.14,225.25,51.04,106.8,1,1,0.86297
59,11,1183.18,394.28,69.15,118.91,1,1,0.87406
59,12,1547.03,544.93,72.88,145.27,1,1,0.87767
59,13,1519.67,302.98,56.71,122.25,1,1,0.87612
59,14,968.51,355.6,75.26,80.61,1,1,0.86909
59,15,843.79,409.04,82.56,75.62,1,1,0.86097
59,16,855.98,322.98,76.29,70.15,1,1,0.856
59,17,1171.8,325.89,67.16,96.21,1,1,0.85416
59,18,949.54,408.25,83.05,73.28,1,1,0.85873
59,19,829.25,434.26,61.94,82.92,1,1,0.82735
59,20,831.04,348.84,74.01,57.99,1,1,0.82968
59,21,839.25,383.49,70.49,49.29,1,1,0.79257
60,0,601.64,641.71,107.37,140.63,1,1,0.9109
60,1,600.15,815.75,122.65,158.52,1,1,0.90957
60,2,883.91,826.4,79.54,154.14,1,1,0.89206
60,3,405.29,354.52,57.3,130.79,1,1,0.88754
60,4,986.8,291.98,86.97,88.71,1,1,0.88214
60,5,940.15,459.43,90.46,87.98,1,1,0.88243
60,6,1176.99,549.49,75.93,122.1,1,1,0.88005
60,7,778.09,245.08,51.9,132.58,1,1,0.87359
60,8,591.15,346.53,51.68,140.37,1,1,0.87533
60,9,792.28,449.62,74.42,103.22,1,1,0.88198
60,10,1111.98,226.06,51.39,107.04,1,1,0.86253
60,11,1183.34,394.66,69.01,118.44,1,1,0.87258
60,12,1546.89,545.0,72.81,145.2,1,1,0.87726
60,13,1519.87,303.19,56.71,122.35,1,1,0.87522
60,14,968.46,355.75,75.23,80.54,1,1,0.86834
60,15,843.96,409.1,82.44,75.59,1,1,0.85999
60,16,855.96,323.11,76.48,70.12,1,1,0.85461
60,17,1172.18,326.18,67.02,96.21,1,1,0.85326
60,18,949.78,408.28,82.84,73.17,1,1,0.85614
60,19,829.3,434.4,61.93,82.76,1,1,0.82523
60,20,830.99,348.75,74.2,58.43,1,1,0.82688
60,21,839.46,383.55,70.49,49.01,1,1,0.78779
61,0,601.48,642.08,107.25,140.42,1,1,0.91006
61,1,600.14,816.21,122.48,158.42,1,1,0.90988
61,2,883.81,826.89,79.06,153.85,1,1,0.8921
61,3,405.17,354.86,57.4,130.72,1,1,0.88662
61,4,986.39,292.21,87.34,88.79,1,1,0.88382
61,5,939.97,459.59,90.52,87.93,1,1,0.88221
61,6,1176.66,549.68,76.17,122.12,1,1,0.88042
61,7,776.15,246.19,53.07,133.48,1,1,0.87625
61,8,591.11,346.75,51.7,140.58,1,1,0.87502
61,9,792.08,449.97,74.39,103.09,1,1,0.88092
61,10,1111.44,226.74,51.77,107.96,1,1,0.86227
61,11,1183.13,394.96,69.02,118.54,1,1,0.87387
61,12,1546.31,545.48,72.75,144.85,1,1,0.87811
61,13,1519.69,303.53,56.76,122.44,1,1,0.87672
61,14,968.09,355.83,75.06,80.53,1,1,0.86915
61,15,843.68,409.2,82.55,75.6,1,1,0.86044
61,16,856.01,323.4,76.16,69.79,1,1,0.85526
61,17,1172.03,326.35,66.6,96.41,1,1,0.85339
61,18,949.4,408.62,83.02,73.02,1,1,0.85565
61,19,828.65,434.72,62.22,82.61,1,1,0.82586
61,20,831.09,349.16,73.6,58.19,1,1,0.82549
61,21,839.31,383.58,70.41,48.76,1,1,0.78881
62,0,601.5,642.32,107.33,140.27,1,1,0.91127
62,1,600.36,816.42,122.13,158.46,1,1,0.91017
62,2,883.66,827.28,78.75,153.82,1,1,0.89215
62,3,405.24,355.33,57.51,130.74,1,1,0.88653
62,4,986.28,292.5,87.59,89.01,1,1,0.885
62,5,939.93,459.92,90.68,87.94,1,1,0.88226
62,6,1176.62,549.88,76.19,122.25,1,1,0.88066
62,7,774.51,247.53,54.16,133.33,1,1,0.8771
62,8,591.1,347.02,51.76,140.77,1,1,0.87465
62,9,792.09,450.16,74.2,103.11,1,1,0.88276
62,10,1110.99,227.4,52.17,109.0,1,1,0.86438
62,11,1183.11,395.21,68.92,118.78,1,1,0.87374
62,12,1546.04,546.0,72.71,144.62,1,1,0.87894
62,13,1519.96,304.07,56.76,122.54,1,1,0.87567
62,14,968.07,356.04,75.05,80.71,1,1,0.86838
62,15,843.73,409.45,82.17,76.03,1,1,0.86258
62,16,855.9,323.66,76.07,69.75,1,1,0.85463
62,17,1172.06,326.49,66.5,96.5,1,1,0.85387
62,18,949.39,408.89,83.1,73.15,1,1,0.85675
62,19,827.65,435.29,62.95,82.58,1,1,0.82604
62,20,831.2,349.37,73.32,57.96,1,1,0.82528
62,21,839.17,384.1,70.23,48.09,1,1,0.79024
63,0,601.41,642.32,107.44,140.21,1,1,0.91096
63,1,600.45,816.37,121.97,158.49,1,1,0.90987
63,2,883.59,827.31,78.28,153.83,1,1,0.89212
63,3,405.33,355.42,57.45,130.71,1,1,0.8864
63,4,986.02,292.59,87.92,89.2,1,1,0.88466
63,5,940.61,459.83,89.93,88.07,1,1,0.88161
63,6,1176.62,549.89,76.16,122.33,1,1,0.88031
63,7,772.38,248.67,55.96,132.83,1,1,0.87806
63,8,590.94,347.11,51.75,140.73,1,1,0.87536
63,9,792.22,450.59,74.86,102.67,1,1,0.88255
63,10,1110.52,228.17,52.42,109.33,1,1,0.86267
63,11,1183.08,395.35,68.89,118.75,1,1,0.87308
63,12,1545.83,546.21,72.32,144.42,1,1,0.8784
63,13,1520.39,304.28,56.94,122.9,1,1,0.87555
63,14,967.82,356.16,75.23,80.69,1,1,0.86741
63,15,843.28,409.34,81.04,76.83,1,1,0.85636
63,16,855.71,323.73,76.14,69.89,1,1,0.8554
63,17,1171.62,326.09,66.65,97.11,1,1,0.85447
63,18,949.32,408.87,83.19,72.92,1,1,0.85577
63,19,825.16,436.09,65.0,81.29,1,1,0.82346
63,20,831.2,349.1,73.26,58.32,1,1,0.82696
63,21,838.74,384.34,70.33,48.49,1,1,0.7897
64,0,601.42,642.22,107.51,140.14,1,1,0.91136
64,1,600.85,815.95,121.8,158.76,1,1,0.90985
64,2,883.87,827.18,78.1,153.78,1,1,0.89185
64,3,405.33,355.14,58.01,130.9,1,1,0.88441
64,4,986.04,292.64,88.21,88.82,1,1,0.88372
64,5,941.28,459.67,89.74,88.21,1,1,0.88105
64,6,1176.62,549.75,76.17,122.37,1,1,0.88053
64,7,770.65,249.83,57.9,131.87,1,1,0.87958
64,8,590.96,346.93,51.96,140.77,1,1,0.87509
64,9,792.7,450.51,75.89,102.5,1,1,0.88375
64,10,1110.05,228.54,53.1,109.78,1,1,0.86327
64,11,1183.04,395.48,69.0,118.53,1,1,0.87338
64,12,1545.53,546.16,72.27,144.34,1,1,0.8787
64,13,1521.45,304.54,57.0,122.7,1,1,0.87701
64,14,967.52,356.03,75.74,80.78,1,1,0.8675
64,15,843.44,408.24,80.27,76.48,1,1,0.84291
64,16,855.22,323.66,76.61,69.86,1,1,0.8512
64,17,1171.53,325.26,66.28,97.97,1,1,0.85544
64,18,949.31,408.73,83.33,72.79,1,1,0.85884
64,19,823.91,435.98,66.99,80.05,1,1,0.81616
64,20,831.47,347.48,73.06,59.65,1,1,0.82394
64,21,838.59,383.56,70.44,49.24,1,1,0.7911
65,0,601.4,642.26,107.54,140.02,1,1,0.91155
65,1,601.31,815.53,121.43,159.13,1,1,0.90955
65,2,884.04,827.11,77.99,153.78,1,1,0.892
65,3,405.37,355.01,58.33,131.01,1,1,0.88309
65,4,985.34,292.56,89.21,88.6,1,1,0.88267
65,5,941.4,459.56,90.06,88.34,1,1,0.88112
65,6,1176.73,549.73,76.09,122.35,1,1,0.88049
65,7,769.2,251.18,58.98,130.7,1,1,0.88133
65,8,591.02,346.9,51.93,140.79,1,1,0.87571
65,9,793.28,449.78,75.65,102.93,1,1,0.88332
65,10,1110.01,229.11,53.49,109.55,1,1,0.86458
65,11,1183.02,395.48,69.16,118.54,1,1,0.87273
65,12,1545.3,546.26,72.01,144.17,1,1,0.87881
65,13,1522.56,304.92,56.86,122.46,1,1,0.87677
65,14,966.98,355.56,76.55,81.32,1,1,0.86758
65,15,843.87,405.84,79.61,75.49,1,1,0.81369
65,16,855.59,323.71,76.19,69.86,1,1,0.85347
65,17,1170.85,324.21,66.33,99.01,1,1,0.85677
65,18,949.34,408.66,83.61,72.88,1,1,0.85987
65,19,824.88,434.25,67.59,80.99,1,1,0.82591
65,20,831.9,345.8,72.85,60.69,1,1,0.8192
65,21,838.79,382.2,70.32,50.48,1,1,0.78921
66,0,601.54,642.31,107.57,139.97,1,1,0.91161
66,1,601.83,815.33,121.28,159.04,1,1,0.90988
66,2,884.44,827.06,77.75,153.8,1,1,0.89275
66,3,405.67,355.0,58.51,130.98,1,1,0.88217
66,4,984.46,292.76,90.59,88.32,1,1,0.88367
66,5,941.46,459.12,91.2,88.94,1,1,0.88279
66,6,1176.72,549.72,76.11,122.3,1,1,0.8814
66,7,767.98,253.83,59.87,128.08,1,1,0.88007
66,8,591.09,346.84,52.0,140.9,1,1,0.87475
66,9,794.02,448.77,75.9,103.85,1,1,0.88394
66,10,1109.87,229.8,54.32,108.98,1,1,0.86408
66,11,1182.76,395.61,69.31,118.35,1,1,0.87332
66,12,1544.97,546.47,72.26,143.94,1,1,0.87918
66,13,1523.87,305.21,56.29,122.41,1,1,0.87586
66,14,966.71,354.54,77.33,82.49,1,1,0.86691
66,15,843.73,403.19,79.87,76.42,1,1,0.75627
66,16,855.69,323.69,75.79,69.5,1,1,0.84893
66,17,1170.37,323.19,66.21,99.94,1,1,0.8572
66,18,949.39,408.05,84.02,73.32,1,1,0.86133
66,19,824.59,433.42,68.93,81.29,1,1,0.82651
66,20,832.73,343.48,72.12,61.98,1,1,0.81783
66,21,839.06,381.55,70.45,52.12,1,1,0.78916
67,0,601.33,642.54,107.43,139.74,1,1,0.9121
67,1,601.83,815.31,121.21,159.05,1,1,0.91071
67,2,884.39,827.1,77.64,153.68,1,1,0.892
67,3,405.65,355.19,58.67,130.88,1,1,0.88203
67,4,982.24,292.64,93.21,88.19,1,1,0.88276
67,5,941.06,457.7,92.3,90.31,1,1,0.88361
67,6,1176.46,549.76,75.94,122.3,1,1,0.88121
67,7,767.0,256.63,59.96,125.45,1,1,0.88003
67,8,590.86,346.66,52.18,141.01,1,1,0.87415
67,9,794.32,446.5,77.63,105.97,1,1,0.89027
67,10,1109.44,230.44,55.91,109.06,1,1,0.86291
67,11,1181.85,395.44,69.5,118.43,1,1,0.87537
67,12,1544.03,546.51,72.15,143.93,1,1,0.87896
67,13,1524.76,305.35,55.92,122.38,1,1,0.8778
67,14,965.61,353.55,78.38,83.52,1,1,0.86752
67,15,842.03,400.52,81.18,86.16,1,1,0.80546
67,16,855.85,323.53,74.96,68.61,1,1,0.84636
67,17,1169.53,322.29,65.92,100.64,1,1,0.85813
67,18,949.02,406.85,84.76,74.71,1,1,0.86249
67,19,825.2,429.81,67.92,78.24,1,1,0.76395
67,20,832.72,341.22,71.91,63.55,1,1,0.80866
67,21,839.36,379.54,70.56,52.26,1,1,0.7767
68,0,600.95,643.0,106.99,140.03,1,1,0.91272
68,1,601.59,815.7,121.22,159.25,1,1,0.91172
68,2,883.81,828.29,77.69,152.99,1,1,0.89298
68,3,405.43,355.91,58.63,130.7,1,1,0.88314
68,4,978.9,292.42,95.69,88.74,1,1,0.88826
68,5,939.51,456.77,94.02,91.63,1,1,0.88738
68,6,1175.47,550.01,76.12,122.62,1,1,0.88359
68,7,765.34,260.7,59.92,124.03,1,1,0.88206
68,8,589.73,347.24,52.97,141.11,1,1,0.87494
68,9,794.33,446.18,77.78,106.55,1,1,0.89246
68,10,1108.2,231.96,58.26,108.47,1,1,0.86665
68,11,1180.57,396.1,69.5,118.07,1,1,0.8773
68,12,1541.92,547.21,72.43,143.49,1,1,0.88024
68,13,1525.12,306.7,55.67,121.84,1,1,0.87768
68,14,964.03,352.65,78.8,85.21,1,1,0.87367
68,15,841.62,398.76,80.92,90.01,1,1,0.80382
68,16,855.89,323.49,73.89,67.51,1,1,0.84367
68,17,1168.22,322.54,65.36,100.91,1,1,0.85937
68,18,948.24,405.87,85.46,76.89,1,1,0.87038
68,19,828.08,426.65,66.95,75.96,1,1,0.75746
68,20,832.13,340.25,71.44,62.78,1,1,0.81413
68,21,840.13,378.28,69.34,53.22,1,1,0.78965
69,0,601.59,642.72,107.05,140.63,1,1,0.91076
69,1,602.6,815.98,121.06,158.9,1,1,0.90688
69,2,884.49,828.89,78.06,152.38,1,1,0.88937
69,3,406.59,355.72,58.55,131.0,1,1,0.87925
69,4,975.4,290.8,98.42,90.39,1,1,0.88405
69,5,938.45,454.44,95.71,93.72,1,1,0.88282
69,6,1175.69,550.02,76.09,122.64,1,1,0.87972
69,7,765.09,265.23,60.34,121.51,1,1,0.87433
69,8,589.75,347.3,53.49,141.09,1,1,0.872
69,9,794.88,445.0,79.28,107.84,1,1,0.88322
69,10,1108.73,233.31,61.13,107.59,1,1,0.86107
69,11,1180.52,396.2,69.57,118.07,1,1,0.87118
69,12,1541.56,547.52,72.54,143.07,1,1,0.87522
69,13,1526.74,307.53,55.27,121.25,1,1,0.87413
69,14,963.04,350.82,79.73,87.12,1,1,0.87014
69,15,838.27,402.87,78.71,90.19,1,1,0.68731
69,16,856.72,322.65,72.77,63.91,1,1,0.79589
69,17,1167.5,322.29,64.94,101.27,1,1,0.85242
69,18,948.18,404.14,86.72,79.1,1,1,0.86759
69,19,831.72,422.74,68.16,77.25,1,1,0.72791
69,20,832.87,338.06,69.35,62.44,1,1,0.80064
69,21,842.48,375.96,68.08,54.14,1,1,0.79659
70,0,601.46,642.02,107.06,141.36,1,1,0.91233
70,1,604.01,816.97,119.66,157.46,1,1,0.90724
70,2,884.22,829.29,78.59,152.03,1,1,0.89164
70,3,407.19,355.01,58.98,131.54,1,1,0.881
70,4,970.37,289.06,99.7,91.8,1,1,0.88875
70,5,935.77,451.44,96.61,96.43,1,1,0.8891
70,6,1175.23,549.96,76.16,122.67,1,1,0.88156
70,7,764.64,269.29,60.23,118.88,1,1,0.87208
70,8,588.98,346.96,54.36,141.38,1,1,0.87394
70,9,795.12,444.13,80.09,108.61,1,1,0.88327
70,10,1108.68,234.91,63.46,106.27,1,1,0.86311
70,11,1180.08,396.23,69.38,118.03,1,1,0.87315
70,12,1540.44,547.99,72.66,142.72,1,1,0.87716
70,13,1527.48,307.81,55.28,121.19,1,1,0.87497
70,14,961.55,348.16,80.46,89.49,1,1,0.8758
70,15,836.29,410.32,74.2,88.83,1,1,0.78794
70,16,855.04,321.34,73.3,59.78,1,1,0.78667
70,17,1165.37,321.75,65.03,101.87,1,1,0.85689
70,18,946.75,402.19,87.76,81.57,1,1,0.87318
70,20,833.69,336.63,69.7,61.47,1,1,0.81035
70,21,843.1,375.13,68.65,54.32,1,1,0.80023
71,0,602.99,641.6,106.62,141.64,1,1,0.90957
71,1,607.36,819.07,117.02,152.67,1,1,0.90374
71,2,885.12,829.67,78.73,151.41,1,1,0.8896
71,3,409.19,354.42,58.49,132.21,1,1,0.88445
71,4,966.03,288.08,98.14,92.06,1,1,0.88914
71,5,933.23,448.14,97.01,99.66,1,1,0.88885
71,6,1175.39,550.0,76.26,122.68,1,1,0.88032
71,7,764.14,273.22,60.02,117.38,1,1,0.86682
71,8,588.34,346.17,57.52,142.25,1,1,0.87628
71,9,795.25,442.91,81.9,110.08,1,1,0.88151
71,10,1109.53,236.15,64.78,105.54,1,1,0.85932
71,11,1180.45,395.75,69.14,118.45,1,1,0.87193
71,12,1540.19,548.55,72.76,142.02,1,1,0.87482
71,13,1528.69,308.23,55.45,120.81,1,1,0.8736
71,14,960.1,344.63,81.9,92.77,1,1,0.87593
71,15,838.1,410.29,72.63,91.32,1,1,0.82481
71,16,856.98,319.42,71.53,58.58,1,1,0.76341
71,17,1164.35,321.69,64.31,101.89,1,1,0.85037
71,18,944.87,400.38,89.56,84.24,1,1,0.86911
71,20,834.22,335.22,67.92,62.71,1,1,0.78657
71,21,845.14,374.78,70.72,55.39,1,1,0.76558
72,0,603.86,641.08,106.68,141.61,1,1,0.91113
72,1,611.65,821.94,113.31,148.28,1,1,0.9044
72,2,886.65,829.9,78.69,151.2,1,1,0.89284
72,3,411.11,354.2,57.99,132.41,1,1,0.88805
72,4,962.2,287.52,93.56,90.95,1,1,0.88393
72,5,930.33,444.56,96.8,103.49,1,1,0.88784
72,6,1175.54,550.01,76.37,122.61,1,1,0.88133
72,7,759.36,276.46,62.92,115.78,1,1,0.86529
72,8,588.08,345.62,60.67,142.09,1,1,0.88344
72,9,795.86,441.09,83.89,112.06,1,1,0.8831
72,10,1110.46,237.32,64.94,104.49,1,1,0.86163
72,11,1181.25,395.61,68.69,118.56,1,1,0.87042
72,12,1539.59,549.02,73.36,141.12,1,1,0.87554
72,13,1530.09,308.85,55.81,120.13,1,1,0.87706
72,14,958.12,340.82,84.84,96.47,1,1,0.88072
72,15,841.44,407.69,71.01,94.22,1,1,0.81213
72,16,858.64,317.67,70.08,54.65,1,1,0.76126
72,17,1164.04,321.9,63.38,102.11,1,1,0.84865
72,18,942.61,398.63,92.52,88.09,1,1,0.87184
72,20,835.28,333.81,66.27,62.9,1,1,0.77678
72,21,847.51,368.95,68.87,58.0,1,1,0.81734
73,0,604.94,641.49,106.4,140.64,1,1,0.90973
73,1,613.35,825.65,112.82,144.75,1,1,0.90256
73,2,888.35,829.88,77.75,150.98,1,1,0.89005
73,3,409.09,353.76,61.21,133.04,1,1,0.88051
73,4,957.66,287.75,86.76,88.34,1,1,0.86471
73,5,927.92,441.27,96.12,106.77,1,1,0.88768
73,6,1175.6,550.06,76.36,122.57,1,1,0.87923
73,7,753.43,279.13,67.08,115.39,1,1,0.86684
73,8,587.54,345.24,64.85,141.39,1,1,0.88529
73,9,795.96,437.81,86.66,115.74,1,1,0.88125
73,10,1111.22,238.51,64.77,102.98,1,1,0.85972
73,11,1181.06,396.5,69.01,117.51,1,1,0.86717
73,12,1538.82,549.96,72.89,139.19,1,1,0.87214
73,13,1531.24,309.13,55.79,119.58,1,1,0.87515
73,14,955.95,337.48,86.09,99.42,1,1,0.88025
73,15,848.04,398.81,73.62,99.27,1,1,0.7399
73,16,858.96,314.26,69.76,54.64,1,1,0.755
73,17,1162.33,322.02,62.96,103.09,1,1,0.84222
73,18,939.57,397.24,95.56,91.04,1,1,0.87132
73,20,835.28,331.62,67.31,64.8,1,1,0.75938
73,21,849.92,364.7,66.83,61.66,1,1,0.8294
74,0,606.33,643.09,106.09,138.72,1,1,0.90853
74,1,610.51,829.35,117.44,141.22,1,1,0.90165
74,2,889.89,830.41,77.43,150.33,1,1,0.88675
74,3,403.65,354.33,67.36,133.02,1,1,0.88472
74,4,954.17,289.34,73.42,80.58,1,1,0.79793
74,5,923.58,437.09,99.46,110.74,1,1,0.88389
74,6,1175.64,550.09,76.38,122.55,1,1,0.87695
74,7,749.82,281.74,67.9,115.14,1,1,0.86164
74,8,586.78,345.13,71.8,140.14,1,1,0.84952
74,9,796.28,434.66,90.3,119.16,1,1,0.87706
74,10,1112.41,239.54,63.63,101.72,1,1,0.85602
74,11,1181.02,397.56,68.89,116.3,1,1,0.86255
74,12,1537.81,550.7,71.75,137.31,1,1,0.87188
74,13,1532.35,309.44,56.01,119.16,1,1,0.87241
74,14,953.15,334.96,86.22,101.6,1,1,0.87363
74,15,854.88,392.67,74.05,102.89,1,1,0.78078
74,16,858.12,312.06,70.09,53.33,1,1,0.6655
74,17,1160.37,321.41,62.63,103.9,1,1,0.8326
74,18,935.23,396.3,99.33,93.52,1,1,0.85948
74,20,836.8,327.82,67.53,65.48,1,1,0.748
74,21,853.05,359.65,63.77,67.22,1,1,0.82963
75,0,607.28,645.56,105.47,136.46,1,1,0.90777
75,1,608.52,833.64,121.69,137.58,1,1,0.90341
75,2,891.51,830.97,76.96,149.76,1,1,0.88631
75,3,399.67,355.76,72.12,131.22,1,1,0.88674
75,4,950.16,292.2,66.45,69.91,1,1,0.81668
75,5,918.89,433.78,102.77,114.14,1,1,0.88585
75,6,1175.65,550.27,76.28,122.49,1,1,0.87718
75,7,749.44,283.65,66.65,116.49,1,1,0.86568
75,8,586.09,345.33,74.69,140.08,1,1,0.88722
75,9,797.18,432.16,90.64,122.11,1,1,0.87311
75,10,1112.73,240.31,63.21,101.04,1,1,0.8575
75,11,1180.09,397.07,69.08,117.18,1,1,0.86279
75,12,1536.87,552.01,70.16,136.34,1,1,0.87138
75,13,1532.94,309.81,56.11,119.35,1,1,0.87191
75,14,949.25,332.95,86.85,102.43,1,1,0.87308
75,15,859.31,390.72,72.75,106.92,1,1,0.79862
75,17,1157.56,320.99,63.0,104.49,1,1,0.82998
75,18,931.47,395.67,101.09,95.13,1,1,0.85579
75,20,838.11,323.84,67.91,68.98,1,1,0.75652
75,21,855.28,355.67,61.89,71.81,1,1,0.83419
76,0,607.71,649.01,106.03,134.34,1,1,0.90747
76,1,608.06,836.51,126.44,135.91,1,1,0.90449
76,2,893.55,831.55,76.79,149.53,1,1,0.88788
76,3,397.1,358.29,76.02,128.63,1,1,0.88916
76,4,946.25,294.35,64.47,67.73,1,1,0.80554
76,5,915.72,432.46,102.47,115.89,1,1,0.8812
76,6,1175.67,550.58,76.21,122.47,1,1,0.87858
76,7,752.18,285.74,61.92,117.08,1,1,0.86929
76,8,586.29,345.94,73.31,139.41,1,1,0.88652
76,9,799.97,430.08,93.26,123.53,1,1,0.87819
76,10,1113.64,241.72,63.15,99.67,1,1,0.86003
76,11,1180.09,396.71,68.61,117.92,1,1,0.86128
76,12,1536.54,553.61,68.64,136.75,1,1,0.87339
76,13,1534.04,310.32,56.2,119.78,1,1,0.8728
76,14,945.38,330.6,89.95,103.53,1,1,0.87253
76,15,873.7,389.44,63.69,99.31,1,1,0.73478
76,17,1154.67,320.04,63.53,107.54,1,1,0.83174
76,18,930.12,394.77,99.35,97.21,1,1,0.85105
76,20,839.24,319.74,68.74,71.88,1,1,0.74028
76,21,857.36,352.22,60.63,75.68,1,1,0.82758
77,0,607.07,652.46,107.77,131.48,1,1,0.90362
77,1,608.98,836.6,131.53,135.56,1,1,0.90386
77,2,895.9,831.66,76.88,148.89,1,1,0.88505
77,3,395.7,361.19,79.3,125.22,1,1,0.88575
77,4,941.06,295.01,67.77,72.62,1,1,0.7858
77,5,913.71,431.82,98.78,114.9,1,1,0.86562
77,6,1175.49,550.08,76.4,122.78,1,1,0.87639
77,7,756.29,287.88,57.09,115.7,1,1,0.8584
77,8,585.78,346.27,70.29,138.42,1,1,0.87836
77,9,805.59,427.21,91.92,123.49,1,1,0.87395
77,10,1114.35,242.22,64.52,98.79,1,1,0.8549
77,11,1178.83,395.5,69.18,118.97,1,1,0.85808
77,12,1536.31,554.94,67.52,136.5,1,1,0.87055
77,13,1535.11,310.35,56.37,120.16,1,1,0.87084
77,14,943.23,329.64,91.95,102.23,1,1,0.87266
77,15,880.3,389.32,60.45,95.04,1,1,0.74119
77,17,1152.76,317.8,64.55,109.41,1,1,0.8255
77,18,927.92,394.12,99.56,98.08,1,1,0.85371
77,20,840.09,315.47,67.85,74.67,1,1,0.76287
77,21,859.02,348.81,60.19,79.45,1,1,0.83188
77,16,880.7,286.76,61.38,58.09,1,1,0.64393
78,0,605.54,656.14,111.28,128.12,1,1,0.90088
78,1,612.84,834.27,133.84,136.9,1,1,0.90389
78,2,898.26,831.71,76.94,147.92,1,1,0.88325
78,3,394.9,364.62,81.98,121.43,1,1,0.88249
78,4,935.73,296.0,69.7,72.59,1,1,0.74023
78,5,910.95,430.47,93.48,113.89,1,1,0.85619
78,6,1175.1,549.59,76.43,123.01,1,1,0.8741
78,7,758.51,292.44,54.08,110.96,1,1,0.85636
78,8,584.08,346.9,69.09,137.09,1,1,0.87507
78,9,814.35,424.39,87.93,122.13,1,1,0.86288
78,10,1115.22,242.37,64.56,98.23,1,1,0.85024
78,11,1177.2,394.84,69.64,119.38,1,1,0.85739
78,12,1535.72,556.33,66.87,135.97,1,1,0.86845
78,13,1536.42,310.5,56.02,120.44,1,1,0.8685
78,14,940.27,329.65,94.12,98.93,1,1,0.87435
78,15,871.04,391.29,61.43,94.52,1,1,0.67578
78,17,1150.35,315.24,65.25,109.48,1,1,0.81219
78,18,928.53,394.12,97.19,98.04,1,1,0.84449
78,20,839.87,313.32,63.5,76.23,1,1,0.779
78,21,860.97,345.64,59.32,79.3,1,1,0.80977
78,16,883.87,283.37,57.1,57.93,1,1,0.69668
79,0,604.34,659.5,115.04,124.85,1,1,0.89502
79,1,619.23,831.99,134.43,137.61,1,1,0.90132
79,2,900.88,831.58,76.6,147.93,1,1,0.87626
79,3,393.65,368.38,86.21,118.24,1,1,0.88207
79,4,929.64,296.16,84.4,85.64,1,1,0.75791
79,5,906.13,429.6,87.99,113.43,1,1,0.83916
79,6,1174.6,548.83,75.98,123.72,1,1,0.87088
79,7,758.68,294.95,51.0,108.42,1,1,0.84253
79,8,581.95,348.06,68.69,135.97,1,1,0.87016
79,9,825.77,421.72,81.79,120.72,1,1,0.8615
79,10,1116.65,242.48,64.31,98.01,1,1,0.84389
79,11,1176.03,393.05,69.96,121.21,1,1,0.85039
79,12,1535.11,558.26,66.41,134.85,1,1,0.86372
79,13,1537.05,311.2,56.3,120.71,1,1,0.86435
79,14,936.02,328.64,94.91,97.14,1,1,0.85014
79,17,1146.48,312.19,63.17,111.66,1,1,0.79504
79,18,925.31,392.62,98.68,99.87,1,1,0.82818
79,20,839.87,310.52,64.15,77.35,1,1,0.77648
79,21,862.65,344.0,58.89,81.8,1,1,0.81012
79,16,885.46,280.89,53.23,57.81,1,1,0.75049
80,0,604.35,662.17,119.38,122.47,1,1,0.89446
80,1,630.18,830.63,131.8,137.41,1,1,0.89345
80,2,903.94,831.9,75.36,147.64,1,1,0.87418
80,3,393.04,372.08,90.2,115.51,1,1,0.87972
80,4,922.6,295.51,93.51,92.71,1,1,0.77604
80,5,900.89,429.52,83.8,113.97,1,1,0.8424
80,6,1174.18,548.08,75.61,124.76,1,1,0.87262
80,7,758.95,299.46,48.48,105.75,1,1,0.84204
80,8,580.45,349.72,66.12,134.62,1,1,0.86632
80,9,836.21,420.87,74.57,121.21,1,1,0.85145
80,10,1120.49,243.09,61.23,97.71,1,1,0.83674
80,11,1174.73,393.87,70.27,120.56,1,1,0.85453
80,12,1534.61,560.21,66.57,134.09,1,1,0.86406
80,13,1537.32,312.13,56.44,121.15,1,1,0.86499
80,14,930.67,328.67,94.98,95.41,1,1,0.83686
80,17,1141.31,309.97,61.67,112.97,1,1,0.80275
80,18,921.41,389.66,99.82,103.36,1,1,0.85569
80,20,839.27,308.25,66.62,80.32,1,1,0.77908
80,21,863.65,344.1,58.79,84.86,1,1,0.79488
80,16,885.44,279.64,51.12,55.84,1,1,0.71831
81,0,606.83,663.05,122.08,121.96,1,1,0.89419
81,1,647.01,829.93,123.29,137.4,1,1,0.88512
81,2,907.26,831.82,74.75,148.25,1,1,0.87236
81,3,394.06,374.08,92.91,114.24,1,1,0.87639
81,4,917.8,294.55,97.23,97.4,1,1,0.78242
81,5,899.41,428.97,76.93,115.2,1,1,0.83793
81,6,1174.58,546.7,74.66,126.27,1,1,0.87221
81,7,759.81,304.01,47.11,106.37,1,1,0.83909
81,8,579.44,352.01,64.79,132.54,1,1,0.86341
81,9,842.87,421.53,69.43,120.98,1,1,0.84577
81,10,1127.85,243.94,54.98,96.78,1,1,0.7971
81,11,1172.4,394.57,72.21,120.02,1,1,0.8501
81,12,1534.54,561.92,66.85,133.27,1,1,0.85967
81,13,1538.03,312.73,56.65,122.02,1,1,0.86613
81,14,924.33,327.49,93.09,93.13,1,1,0.80936
81,17,1137.53,307.05,61.61,114.34,1,1,0.80586
81,18,920.41,386.33,98.88,107.26,1,1,0.8604
81,20,839.31,306.22,67.76,84.22,1,1,0.77803
81,21,864.14,343.62,60.04,87.39,1,1,0.78533
81,16,884.89,278.37,49.15,55.06,1,1,0.64719
82,0,611.5,662.75,121.88,122.12,1,1,0.89431
82,1,663.83,829.5,115.5,137.61,1,1,0.88946
82,2,910.29,831.79,74.88,149.22,1,1,0.87397
82,3,397.06,374.68,94.27,113.72,1,1,0.87713
82,4,910.7,288.9,99.33,105.09,1,1,0.81044
82,5,899.28,428.94,72.29,116.51,1,1,0.8339
82,6,1174.92,544.8,73.29,128.08,1,1,0.87276
82,7,759.76,308.15,47.7,107.88,1,1,0.847
82,8,579.24,353.85,65.23,129.76,1,1,0.86198
82,9,846.46,420.28,67.27,122.49,1,1,0.84199
82,10,1132.47,245.03,51.9,97.39,1,1,0.80183
82,11,1170.31,393.74,73.91,120.76,1,1,0.84941
82,12,1533.81,563.14,66.85,132.32,1,1,0.8587
82,13,1539.2,313.39,56.49,122.87,1,1,0.8679
82,14,918.86,329.19,86.41,86.61,1,1,0.7731
82,17,1135.85,305.81,58.75,114.92,1,1,0.8161
82,18,920.62,385.22,97.89,108.6,1,1,0.85994
82,20,839.56,303.36,68.73,86.65,1,1,0.73784
82,21,863.75,341.88,61.17,87.96,1,1,0.77714
83,0,618.09,661.38,121.83,122.86,1,1,0.88826
83,1,680.96,829.71,106.23,137.89,1,1,0.8856
83,2,913.73,831.86,75.75,150.12,1,1,0.87507
83,3,403.27,374.4,92.46,113.7,1,1,0.87758
83,4,905.29,284.81,97.37,105.63,1,1,0.81665
83,5,897.07,428.05,71.22,121.27,1,1,0.82943
83,6,1174.93,542.73,72.09,129.94,1,1,0.87082
83,7,758.27,311.68,48.53,109.52,1,1,0.8553
83,8,579.06,356.19,69.39,126.36,1,1,0.86686
83,9,848.64,419.42,66.01,123.59,1,1,0.83169
83,10,1134.23,246.31,52.26,97.71,1,1,0.8185
83,11,1168.08,392.76,75.45,121.79,1,1,0.84064
83,12,1532.51,564.77,67.18,130.68,1,1,0.85417
83,13,1540.13,314.09,56.82,123.91,1,1,0.86908
83,14,915.86,330.37,79.81,81.85,1,1,0.8056
83,17,1129.38,304.68,61.11,116.02,1,1,0.81186
83,18,921.77,384.63,97.17,108.8,1,1,0.86395
83,20,839.72,302.82,64.98,106.53,1,1,0.76166
83,21,865.47,340.7,61.94,88.49,1,1,0.76084
84,0,630.71,660.72,114.76,123.13,1,1,0.88963
84,1,690.71,830.33,103.45,140.14,1,1,0.8844
84,2,917.08,832.02,77.17,150.48,1,1,0.88004
84,3,413.08,374.48,88.24,113.25,1,1,0.87763
84,4,900.37,283.27,82.21,90.1,1,1,0.66329
84,5,896.04,431.44,71.08,122.08,1,1,0.83683
84,6,1174.86,539.9,71.04,132.71,1,1,0.87202
84,7,754.92,314.61,50.79,108.85,1,1,0.86859
84,8,579.08,357.19,74.88,124.53,1,1,0.87082
84,9,849.51,423.12,63.52,120.5,1,1,0.82636
84,10,1135.74,247.3,53.19,98.26,1,1,0.82897
84,11,1165.24,392.35,77.29,122.09,1,1,0.84618
84,12,1532.08,565.94,66.99,129.77,1,1,0.8566
84,13,1540.93,314.84,57.2,123.9,1,1,0.87261
84,14,913.74,330.83,70.01,77.3,1,1,0.78119
84,17,1125.01,303.32,62.36,117.88,1,1,0.82188
84,18,925.32,385.22,94.24,108.12,1,1,0.85693
84,20,838.16,302.42,61.81,110.54,1,1,0.79032
84,21,865.0,340.47,62.6,91.19,1,1,0.7484
85,0,644.24,659.42,107.45,124.78,1,1,0.89705
85,1,694.7,830.61,107.15,143.46,1,1,0.89106
85,2,920.39,832.46,78.06,150.27,1,1,0.88647
85,3,424.18,374.8,85.8,113.16,1,1,0.88017
85,4,898.1,288.87,69.28,71.32,1,1,0.75891
85,5,895.4,433.85,71.14,122.46,1,1,0.84551
85,6,1174.18,537.12,70.52,135.72,1,1,0.87389
85,7,745.75,318.25,58.67,106.74,1,1,0.88274
85,8,579.35,357.31,80.26,124.17,1,1,0.88207
85,9,850.98,423.58,64.21,120.59,1,1,0.82604
85,10,1137.16,248.6,55.07,98.78,1,1,0.84279
85,11,1164.97,392.95,77.64,121.5,1,1,0.86103
85,12,1531.23,566.92,67.24,129.46,1,1,0.85818
85,13,1541.65,315.73,57.51,124.01,1,1,0.877
85,14,911.3,332.26,64.82,65.93,1,1,0.78075
85,17,1121.7,301.37,61.91,119.59,1,1,0.83847
85,18,929.14,384.38,91.11,109.34,1,1,0.86102
85,20,835.82,303.04,61.92,110.76,1,1,0.81437
85,21,864.35,339.19,61.74,96.85,1,1,0.7821
86,0,659.7,658.17,98.61,127.21,1,1,0.88883
86,1,696.96,829.53,113.7,148.08,1,1,0.89411
86,2,924.07,832.03,78.95,150.66,1,1,0.88114
86,3,427.6,375.26,89.62,113.34,1,1,0.87782
86,4,894.63,291.67,63.71,61.34,1,1,0.76251
86,5,894.47,434.42,71.55,123.02,1,1,0.84372
86,6,1172.3,534.27,71.04,138.41,1,1,0.87149
86,7,738.59,321.83,64.54,104.09,1,1,0.87963
86,8,579.81,357.02,82.98,125.42,1,1,0.88173
86,9,852.55,417.97,67.05,125.72,1,1,0.80808
86,10,1138.45,249.94,59.12,98.62,1,1,0.85041
86,11,1162.4,392.3,79.44,121.16,1,1,0.86419
86,12,1529.98,567.11,68.29,129.44,1,1,0.85789
86,13,1542.09,316.78,57.92,123.58,1,1,0.87644
86,14,908.49,332.41,56.92,58.32,1,1,0.76696
86,17,1117.71,299.86,63.57,118.31,1,1,0.83556
86,18,932.9,383.25,88.13,110.81,1,1,0.85357
86,20,833.6,302.73,59.39,111.36,1,1,0.84359
86,21,862.28,337.56,63.41,102.27,1,1,0.81933
86,15,905.86,389.33,50.44,69.68,1,1,0.67617
86,16,885.09,266.86,55.58,56.62,1,1,0.66774
87,0,668.35,656.08,96.17,129.64,1,1,0.88832
87,1,700.8,828.67,118.08,151.89,1,1,0.89763
87,2,927.77,831.71,80.24,151.37,1,1,0.88425
87,3,429.5,375.47,95.46,112.99,1,1,0.88027
87,4,891.04,292.58,62.13,56.16,1,1,0.71851
87,5,894.2,434.2,69.08,123.74,1,1,0.83946
87,6,1170.45,531.57,70.89,140.65,1,1,0.87307
87,7,734.27,325.26,66.18,102.43,1,1,0.88188
87,8,581.92,356.77,81.92,125.32,1,1,0.87824
87,9,855.19,409.49,73.34,130.06,1,1,0.80963
87,10,1140.08,251.08,63.27,98.56,1,1,0.85896
87,11,1159.18,392.01,81.1,120.86,1,1,0.8686
87,12,1527.42,566.98,69.11,129.64,1,1,0.85782
87,13,1542.34,317.62,58.48,123.05,1,1,0.87843
87,14,903.79,329.44,54.18,55.14,1,1,0.73883
87,17,1112.96,299.25,71.05,116.19,1,1,0.84913
87,18,935.82,385.08,84.97,109.46,1,1,0.85444
87,20,830.71,301.25,58.93,112.12,1,1,0.85242
87,21,858.94,333.33,66.13,109.53,1,1,0.84312
87,16,885.11,263.72,57.99,56.54,1,1,0.66107
88,0,671.74,654.32,99.59,131.56,1,1,0.8922
88,1,711.06,827.36,116.5,154.25,1,1,0.89884
88,2,930.98,831.45,83.14,151.43,1,1,0.88735
88,3,431.81,374.82,101.48,113.78,1,1,0.8858
88,4,889.11,291.67,58.35,56.46,1,1,0.71403
88,5,893.1,433.1,66.72,125.48,1,1,0.83978
88,6,1169.4,529.11,70.56,143.13,1,1,0.87427
88,7,732.32,328.75,67.68,105.05,1,1,0.8843
88,8,582.22,356.63,81.2,125.23,1,1,0.88112
88,9,856.18,404.49,79.69,129.33,1,1,0.80745
88,10,1141.23,251.66,65.96,99.79,1,1,0.86145
88,11,1156.35,392.69,81.6,119.17,1,1,0.87473
88,12,1524.51,566.99,69.75,129.88,1,1,0.86118
88,13,1543.01,318.87,58.58,122.42,1,1,0.87985
88,14,898.29,324.72,51.83,60.5,1,1,0.73944
88,17,1107.38,299.29,75.63,115.25,1,1,0.86555
88,18,937.58,383.94,82.83,111.21,1,1,0.86179
88,20,826.66,299.45,58.76,114.01,1,1,0.86109
88,21,855.7,330.28,67.64,114.8,1,1,0.85008
88,16,888.84,261.07,52.27,48.25,1,1,0.66604
88,23,919.71,371.17,51.53,36.62,1,1,0.71637
89,0,675.99,651.78,103.14,132.43,1,1,0.89321
89,1,728.45,826.66,108.58,156.05,1,1,0.89519
89,2,935.18,831.26,84.91,150.39,1,1,0.88884
89,3,437.5,372.86,103.78,114.31,1,1,0.88724
89,4,883.08,288.11,56.94,60.24,1,1,0.74924
89,5,891.34,429.02,66.47,128.83,1,1,0.83082
89,6,1167.51,526.0,70.79,144.52,1,1,0.87199
89,7,733.17,331.57,66.75,108.59,1,1,0.88566
89,8,582.19,355.66,80.47,125.19,1,1,0.87792
89,9,856.02,408.16,80.93,120.68,1,1,0.81205
89,10,1142.44,251.37,66.72,101.42,1,1,0.85797
89,11,1154.12,393.31,81.94,117.53,1,1,0.87112
89,12,1521.5,566.68,70.29,130.39,1,1,0.86367
89,13,1543.88,319.46,58.59,122.09,1,1,0.8795
89,14,893.23,321.49,51.71,65.62,1,1,0.71365
89,17,1103.4,299.01,71.52,115.05,1,1,0.84958
89,18,939.13,378.21,80.82,116.38,1,1,0.86662
89,20,822.08,296.24,59.54,116.79,1,1,0.87105
89,21,854.03,327.36,67.47,118.27,1,1,0.853
89,16,890.86,258.35,50.79,47.22,1,1,0.66597
90,0,684.85,650.01,101.43,134.29,1,1,0.89109
90,1,750.39,827.83,98.58,156.1,1,1,0.88773
90,2,940.58,832.47,84.62,149.09,1,1,0.88729
90,3,447.64,370.93,101.08,115.58,1,1,0.8871
90,4,879.81,286.18,54.66,61.76,1,1,0.77008
90,5,887.11,426.28,69.54,130.93,1,1,0.82002
90,6,1165.74,523.5,71.4,145.42,1,1,0.87481
90,7,736.94,334.52,62.42,111.67,1,1,0.874
90,8,583.24,355.55,78.57,124.61,1,1,0.87897
90,9,856.86,409.34,82.86,113.32,1,1,0.83955
90,10,1144.14,251.35,66.19,102.35,1,1,0.85829
90,11,1151.45,394.69,83.32,116.23,1,1,0.87271
90,12,1518.74,566.67,70.78,131.79,1,1,0.86036
90,13,1544.73,320.09,58.42,121.87,1,1,0.87973
90,14,891.85,322.98,49.22,72.61,1,1,0.76886
90,17,1100.69,298.94,65.58,114.42,1,1,0.86149
90,18,939.48,374.98,81.15,119.3,1,1,0.86745
90,20,819.39,293.73,59.14,120.48,1,1,0.87333
90,21,853.27,326.3,67.13,120.22,1,1,0.85252
90,16,891.67,256.53,49.62,47.21,1,1,0.68034
91,0,697.54,648.8,95.04,136.92,1,1,0.88882
91,1,765.43,829.81,96.75,153.99,1,1,0.88668
91,2,945.74,833.83,83.15,148.44,1,1,0.87968
91,3,460.88,371.52,96.51,114.95,1,1,0.88836
91,4,877.57,284.1,49.15,62.01,1,1,0.73683
91,5,887.58,425.63,70.37,130.29,1,1,0.83597
91,6,1164.78,521.73,70.97,145.31,1,1,0.871
91,7,740.93,338.48,59.81,111.64,1,1,0.87453
91,8,586.39,355.89,76.0,123.85,1,1,0.87381
91,9,859.07,409.75,81.13,111.11,1,1,0.84828
91,10,1144.01,251.36,67.34,103.52,1,1,0.86106
91,11,1147.69,395.98,85.48,116.53,1,1,0.8776
91,12,1511.38,568.12,77.2,136.57,1,1,0.84492
91,13,1545.68,320.89,57.76,121.79,1,1,0.87831
91,14,888.5,322.18,48.81,76.27,1,1,0.75842
91,17,1096.52,299.36,58.36,115.05,1,1,0.85763
91,18,940.51,374.72,81.6,119.19,1,1,0.86415
91,20,818.47,292.53,57.14,122.23,1,1,0.86732
91,21,852.79,326.24,66.19,120.96,1,1,0.84979
91,16,890.36,257.03,61.56,72.45,1,1,0.71629
92,0,713.78,647.61,85.72,138.49,1,1,0.8761
92,1,771.69,831.47,99.15,151.25,1,1,0.89046
92,2,951.16,834.82,81.34,146.3,1,1,0.88076
92,3,482.12,371.33,84.91,115.6,1,1,0.86442
92,4,875.65,281.74,48.42,62.13,1,1,0.74764
92,5,883.82,424.94,74.44,129.24,1,1,0.83773
92,6,1163.81,518.87,70.29,145.23,1,1,0.86779
92,7,743.51,342.12,60.75,109.1,1,1,0.87746
92,8,589.5,355.9,75.37,124.07,1,1,0.87393
92,9,862.55,406.86,79.29,112.77,1,1,0.79712
92,10,1145.17,251.1,67.54,103.96,1,1,0.86703
92,11,1143.55,396.58,88.41,118.35,1,1,0.88212
92,12,1505.44,570.19,83.49,139.28,1,1,0.85767
92,13,1546.44,321.21,57.72,121.58,1,1,0.87975
92,14,884.98,322.21,49.23,77.27,1,1,0.74795
92,17,1092.52,299.41,53.95,115.78,1,1,0.8579
92,18,940.9,374.12,83.48,119.44,1,1,0.86896
92,20,817.03,291.45,55.34,123.09,1,1,0.86797
92,21,852.42,326.83,65.87,119.54,1,1,0.85002
93,0,732.8,646.95,74.41,139.61,1,1,0.87436
93,1,777.65,833.08,104.59,147.69,1,1,0.89431
93,2,956.55,835.07,82.4,143.64,1,1,0.88184
93,3,497.85,371.33,81.62,116.08,1,1,0.87989
93,4,872.9,278.5,49.22,63.56,1,1,0.71433
93,5,881.12,424.69,75.76,130.21,1,1,0.8585
93,6,1162.12,515.99,69.79,143.59,1,1,0.86923
93,7,744.27,346.95,56.75,104.44,1,1,0.86601
93,8,592.22,356.19,77.93,124.08,1,1,0.87243
93,9,869.38,397.18,77.95,117.17,1,1,0.77388
93,10,1146.36,250.33,68.24,105.04,1,1,0.87319
93,11,1139.17,396.97,90.91,119.35,1,1,0.88496
93,12,1502.92,572.97,83.36,138.61,1,1,0.86889
93,13,1547.1,321.23,57.48,121.51,1,1,0.88173
93,14,883.57,316.58,48.15,82.93,1,1,0.73208
93,17,1089.04,299.29,51.51,115.74,1,1,0.86177
93,18,941.94,374.32,85.49,118.18,1,1,0.87219
93,20,814.8,290.08,54.47,123.49,1,1,0.87102
93,21,851.67,325.03,66.38,120.24,1,1,0.85018
93,16,889.56,257.56,52.54,58.62,1,1,0.6701
94,0,747.6,646.73,67.9,140.21,1,1,0.87657
94,1,787.79,834.79,107.58,143.0,1,1,0.8942
94,2,960.41,835.53,85.06,148.81,1,1,0.88884
94,3,507.49,371.9,82.79,115.26,1,1,0.87122
94,4,869.72,273.44,49.6,64.81,1,1,0.67175
94,5,881.86,425.61,74.01,130.3,1,1,0.86663
94,6,1158.42,513.64,68.88,141.1,1,1,0.86558
94,7,745.64,351.08,53.88,103.15,1,1,0.86316
94,8,595.22,357.12,83.19,124.15,1,1,0.87971
94,9,877.41,395.12,74.31,114.36,1,1,0.75368
94,10,1150.5,250.39,65.88,105.34,1,1,0.86959
94,11,1134.54,396.63,91.11,120.44,1,1,0.88313
94,12,1501.93,576.55,80.67,137.66,1,1,0.86363
94,13,1546.68,322.23,56.79,120.92,1,1,0.88111
94,14,880.46,312.2,49.53,90.09,1,1,0.73486
94,17,1085.95,299.86,50.33,116.12,1,1,0.86266
94,18,943.28,374.23,87.47,118.08,1,1,0.87873
94,20,812.78,289.41,53.92,123.65,1,1,0.86805
94,21,850.88,324.64,66.58,120.0,1,1,0.8431
95,0,758.48,647.23,65.66,141.24,1,1,0.87534
95,1,803.8,837.1,100.51,139.91,1,1,0.8832
95,2,963.7,836.66,86.46,152.13,1,1,0.89088
95,3,512.36,372.09,87.47,115.97,1,1,0.88018
95,4,865.54,273.82,47.24,63.64,1,1,0.72836
95,5,884.3,426.09,71.11,130.9,1,1,0.86631
95,6,1155.31,511.85,69.05,138.3,1,1,0.86622
95,7,746.8,354.39,52.4,106.68,1,1,0.85761
95,8,597.03,357.99,86.4,124.02,1,1,0.88369
95,10,1157.87,250.39,61.98,106.59,1,1,0.86044
95,11,1130.46,396.31,88.91,120.91,1,1,0.88156
95,12,1498.95,580.39,81.55,137.02,1,1,0.86965
95,13,1546.75,323.11,56.25,120.37,1,1,0.87824
95,14,876.92,314.44,50.62,89.37,1,1,0.72958
95,17,1083.12,300.78,49.11,115.44,1,1,0.85631
95,18,945.21,375.39,87.52,116.75,1,1,0.87827
95,20,809.72,288.77,53.0,122.97,1,1,0.86429
95,21,847.33,324.7,67.15,120.08,1,1,0.85153
95,15,915.09,374.61,48.87,93.44,1,1,0.72448
95,16,892.01,262.26,46.38,51.67,1,1,0.64167
96,0,761.65,647.0,65.13,141.63,1,1,0.87439
96,1,809.68,837.47,97.65,138.95,1,1,0.88295
96,2,964.98,836.7,87.15,153.47,1,1,0.89032
96,3,514.11,371.84,89.12,116.11,1,1,0.87955
96,4,864.41,273.68,46.37,63.2,1,1,0.7282
96,5,885.37,425.74,70.12,131.29,1,1,0.86693
96,6,1154.28,510.86,69.03,137.13,1,1,0.86616
96,7,747.45,355.16,51.78,107.96,1,1,0.85679
96,8,597.9,357.96,87.51,123.85,1,1,0.88369
96,10,1160.95,250.01,60.13,107.09,1,1,0.85944
96,11,1129.11,395.72,88.01,121.24,1,1,0.88051
96,12,1498.1,581.46,81.78,136.77,1,1,0.86925
96,13,1546.86,322.97,56.09,120.21,1,1,0.87809
96,14,875.88,315.26,50.97,88.7,1,1,0.72642
96,17,1082.43,300.75,48.91,115.22,1,1,0.85561
96,18,946.04,375.61,87.54,116.17,1,1,0.8779
96,20,808.78,288.23,52.67,122.56,1,1,0.86415
96,21,846.14,324.46,67.29,119.93,1,1,0.85136
96,15,915.17,373.83,48.89,94.66,1,1,0.72316
97,0,775.05,647.82,64.58,142.28,1,1,0.86569
97,1,832.15,842.99,93.16,134.95,1,1,0.88264
97,2,969.26,838.56,84.84,150.41,1,1,0.89057
97,3,526.75,372.4,90.21,117.3,1,1,0.88336
97,4,859.33,275.41,44.74,59.27,1,1,0.74318
97,5,887.12,427.44,67.85,130.04,1,1,0.87008
97,6,1151.58,509.44,71.55,135.49,1,1,0.86829
97,7,746.16,360.42,51.5,112.55,1,1,0.8729
97,8,601.99,359.38,85.05,124.35,1,1,0.88404
97,10,1172.3,250.2,54.25,109.64,1,1,0.86344
97,11,1122.02,393.59,81.81,122.53,1,1,0.87311
97,12,1494.21,586.93,76.14,138.48,1,1,0.87206
97,13,1545.82,324.74,56.17,119.06,1,1,0.87396
97,14,872.22,303.97,51.17,97.38,1,1,0.74973
97,17,1076.9,301.34,48.21,114.12,1,1,0.85427
97,18,949.25,375.65,84.56,116.14,1,1,0.88054
97,20,803.05,286.65,52.34,122.27,1,1,0.8758
97,21,837.33,324.29,71.88,120.92,1,1,0.87142
97,15,920.09,371.8,50.3,91.29,1,1,0.71179
97,16,894.61,262.94,60.3,76.92,1,1,0.74225
98,0,784.21,647.39,67.42,142.08,1,1,0.87189
98,1,846.86,846.41,90.32,134.3,1,1,0.88545
98,2,973.71,839.92,83.0,147.13,1,1,0.88667
98,3,542.24,372.82,86.68,118.73,1,1,0.87448
98,4,855.32,276.71,46.94,57.77,1,1,0.70948
98,5,890.44,427.88,66.07,128.88,1,1,0.86515
98,6,1150.27,509.06,74.2,134.35,1,1,0.86594
98,7,745.49,364.06,51.2,113.74,1,1,0.86852
98,8,608.46,359.78,79.64,124.23,1,1,0.8723
98,10,1180.1,250.04,52.35,110.16,1,1,0.85734
98,11,1116.67,391.72,74.79,122.96,1,1,0.86306
98,12,1492.24,589.54,72.07,140.38,1,1,0.87137
98,13,1545.54,325.57,56.34,118.59,1,1,0.87114
98,14,867.7,298.98,54.2,99.36,1,1,0.7584
98,17,1073.18,300.34,48.64,115.37,1,1,0.85029
98,18,952.15,375.01,82.99,116.13,1,1,0.87214
98,20,797.34,286.05,54.91,122.08,1,1,0.87857
98,21,832.99,324.07,75.23,121.27,1,1,0.87133
98,16,894.95,262.85,64.0,84.55,1,1,0.80354
98,9,898.22,396.22,68.65,84.17,1,1,0.68177
99,0,792.48,646.28,69.92,142.43,1,1,0.87512
99,1,859.08,848.35,85.12,133.29,1,1,0.88793
99,2,977.25,841.65,82.24,144.54,1,1,0.88951
99,3,558.86,374.28,81.68,119.94,1,1,0.84439
99,4,852.2,277.06,54.77,63.27,1,1,0.74478
99,5,891.6,428.64,68.17,127.94,1,1,0.86757
99,6,1146.73,510.05,77.38,132.7,1,1,0.86772
99,7,739.93,368.13,55.56,112.9,1,1,0.87321
99,8,615.1,360.54,73.66,124.92,1,1,0.86211
99,10,1184.5,251.1,51.77,109.38,1,1,0.85803
99,11,1109.14,391.41,67.55,122.64,1,1,0.84923
99,12,1490.66,591.8,68.37,142.83,1,1,0.86694
99,13,1543.57,327.06,56.76,118.3,1,1,0.87264
99,14,863.89,303.56,56.62,95.52,1,1,0.76213
99,17,1068.39,300.21,49.57,116.89,1,1,0.85276
99,18,952.16,375.15,85.28,117.15,1,1,0.86811
99,20,791.02,286.66,58.23,120.07,1,1,0.88181
99,21,829.61,324.5,77.05,121.46,1,1,0.87594
99,16,895.56,263.37,65.33,88.27,1,1,0.83258
99,15,919.63,387.05,53.1,82.11,1,1,0.6887
100,0,799.25,643.18,71.95,143.78,1,1,0.87603
100,1,868.47,848.44,83.54,133.35,1,1,0.88546
100,2,982.28,843.11,81.31,142.2,1,1,0.88704
100,3,583.13,372.03,73.81,123.27,1,1,0.78117
100,4,848.78,276.52,53.11,56.9,1,1,0.68845
100,5,892.42,428.91,70.55,126.61,1,1,0.86847
100,6,1143.7,510.74,80.27,131.2,1,1,0.87446
100,7,737.22,371.67,58.1,110.76,1,1,0.8728
100,8,618.67,360.89,69.9,123.45,1,1,0.80414
100,10,1188.24,251.29,51.24,108.3,1,1,0.85944
100,11,1101.37,391.95,60.99,120.95,1,1,0.85537
100,12,1487.13,592.47,68.25,143.98,1,1,0.86457
100,13,1542.47,327.73,56.72,117.95,1,1,0.87123
100,14,859.06,293.53,59.92,99.49,1,1,0.75929
100,17,1063.0,300.63,50.3,116.76,1,1,0.85565
100,18,951.61,376.81,86.59,116.38,1,1,0.85719
100,20,786.91,286.45,59.03,117.69,1,1,0.87979
100,21,827.36,324.58,77.28,120.7,1,1,0.87465
100,16,896.33,263.53,64.95,91.34,1,1,0.82594
100,15,918.39,392.61,53.5,78.59,1,1,0.71924
100,23,936.34,370.57,47.35,42.05,1,1,0.67672
101,0,805.33,640.05,72.97,145.12,1,1,0.88046
101,1,874.63,849.93,86.34,133.68,1,1,0.88567
101,2,987.32,845.41,83.33,138.62,1,1,0.89009
101,4,846.53,276.45,53.5,56.33,1,1,0.70818
101,5,892.77,428.14,71.27,126.13,1,1,0.87006
101,6,1139.61,511.15,83.66,130.33,1,1,0.87729
101,7,735.86,375.19,59.99,109.1,1,1,0.87657
101,8,604.89,362.64,82.85,128.7,1,1,0.87978
101,10,1192.37,252.1,52.75,107.04,1,1,0.86314
101,11,1093.86,394.68,58.18,117.36,1,1,0.86666
101,12,1484.45,593.36,68.38,143.95,1,1,0.86415
101,13,1541.74,329.06,56.74,116.95,1,1,0.87161
101,14,857.44,290.26,59.83,97.89,1,1,0.75996
101,17,1058.57,302.31,49.75,114.99,1,1,0.85668
101,18,953.57,379.37,84.31,114.22,1,1,0.84988
101,20,783.66,287.46,59.66,114.04,1,1,0.87868
101,21,826.37,326.53,76.91,117.58,1,1,0.87674
101,16,897.79,264.65,64.1,95.06,1,1,0.82734
101,15,923.98,391.99,52.04,86.07,1,1,0.69976
101,23,939.23,371.48,52.75,40.82,1,1,0.71596
102,0,812.14,636.58,70.73,144.47,1,1,0.86628
102,1,881.35,851.77,84.66,131.48,1,1,0.88493
102,2,992.08,846.99,86.18,136.16,1,1,0.88113
102,4,845.24,276.13,54.39,59.45,1,1,0.72914
102,5,891.67,426.23,72.06,127.35,1,1,0.86689
102,6,1134.8,510.26,87.33,131.22,1,1,0.88125
102,7,736.85,378.0,60.19,112.13,1,1,0.87377
102,8,604.27,365.76,83.92,127.2,1,1,0.87012
102,10,1196.8,252.85,57.33,104.84,1,1,0.86408
102,11,1086.62,397.08,57.32,115.67,1,1,0.86551
102,12,1483.77,594.03,67.53,143.64,1,1,0.8636
102,13,1541.9,330.39,56.18,116.28,1,1,0.86931
102,14,855.79,292.57,57.92,95.04,1,1,0.70855
102,17,1055.34,304.64,48.56,112.52,1,1,0.85063
102,18,955.58,381.57,81.64,111.58,1,1,0.82571
102,20,780.72,288.81,60.86,114.3,1,1,0.86898
102,21,826.14,325.52,74.54,118.05,1,1,0.87211
102,16,898.21,266.83,63.26,92.16,1,1,0.84073
102,15,928.6,393.5,50.03,102.19,1,1,0.75874
102,23,940.65,371.81,56.01,41.45,1,1,0.74167
103,0,818.8,632.65,69.28,142.48,1,1,0.86785
103,1,891.48,853.18,81.17,129.3,1,1,0.88109
103,2,997.27,846.49,83.58,135.05,1,1,0.87878
103,4,843.25,275.68,52.98,51.04,1,1,0.69173
103,5,890.22,424.39,72.13,128.35,1,1,0.86349
103,6,1128.87,508.5,90.11,132.32,1,1,0.88207
103,7,738.77,381.5,59.8,115.43,1,1,0.87611
103,8,610.96,366.76,67.69,115.87,1,1,0.76229
103,10,1200.87,252.9,62.65,103.41,1,1,0.86903
103,11,1079.1,399.14,57.19,115.63,1,1,0.86296
103,12,1482.85,594.45,67.81,142.95,1,1,0.85945
103,13,1541.64,331.63,55.4,115.52,1,1,0.87159
103,14,852.35,290.86,56.51,93.85,1,1,0.72905
103,17,1052.02,307.32,48.1,108.6,1,1,0.85168
103,18,958.53,379.58,77.44,113.32,1,1,0.83643
103,20,777.95,289.54,62.41,113.8,1,1,0.87053
103,21,826.03,322.74,71.81,120.2,1,1,0.86838
103,16,898.31,269.59,63.39,87.44,1,1,0.851
103,15,929.89,396.25,49.16,116.85,1,1,0.76286
103,23,940.47,372.54,53.38,43.34,1,1,0.71372
103,3,613.16,374.79,80.19,118.71,1,1,0.86993
104,0,825.24,628.97,68.79,138.87,1,1,0.87349
104,1,904.1,855.55,77.66,126.55,1,1,0.88346
104,2,1001.85,846.02,76.76,135.02,1,1,0.87562
104,4,842.14,275.72,48.53,48.08,1,1,0.70286
104,5,888.16,423.97,71.15,127.45,1,1,0.85722
104,6,1124.13,506.93,89.7,131.42,1,1,0.87664
104,7,741.64,385.31,58.22,117.6,1,1,0.86585
104,8,614.76,369.65,59.89,112.85,1,1,0.85566
104,10,1203.6,253.14,66.62,102.58,1,1,0.86947
104,11,1073.16,401.11,56.25,115.74,1,1,0.86547
104,12,1483.55,596.06,65.97,139.58,1,1,0.8625
104,13,1541.13,332.68,54.32,114.98,1,1,0.87041
104,14,851.58,291.45,54.38,91.96,1,1,0.70367
104,17,1047.67,310.25,49.23,105.49,1,1,0.85047
104,18,960.92,377.91,74.06,114.69,1,1,0.84946
104,20,776.06,289.86,63.27,113.12,1,1,0.87587
104,21,825.65,322.55,68.7,118.61,1,1,0.8663
104,16,899.17,272.82,63.77,83.74,1,1,0.85376
104,15,930.76,404.06,50.04,117.11,1,1,0.8045
104,23,941.67,372.22,51.08,49.14,1,1,0.75367
104,3,630.19,377.08,73.03,114.3,1,1,0.83351
105,0,830.7,625.44,68.47,137.68,1,1,0.87179
105,1,915.25,857.7,74.16,122.92,1,1,0.87401
105,2,1005.2,847.32,72.19,133.33,1,1,0.86916
105,4,841.67,275.26,52.86,56.33,1,1,0.73598
105,5,886.99,425.04,72.51,125.12,1,1,0.86354
105,6,1119.93,504.86,84.2,126.63,1,1,0.86558
105,7,744.65,389.49,57.96,118.79,1,1,0.8665
105,8,616.44,371.88,58.24,111.81,1,1,0.86179
105,10,1205.95,252.68,70.12,103.37,1,1,0.8686
105,11,1068.91,403.03,54.52,115.55,1,1,0.86217
105,12,1483.86,597.87,65.55,136.6,1,1,0.86069
105,13,1541.19,333.58,53.57,114.19,1,1,0.86911
105,14,849.97,301.04,52.01,84.16,1,1,0.72981
105,17,1042.86,312.95,50.92,103.91,1,1,0.84323
105,18,964.53,376.59,70.08,115.18,1,1,0.8459
105,20,774.06,289.07,64.33,114.54,1,1,0.8785
105,21,824.4,322.83,67.69,117.2,1,1,0.85961
105,16,899.01,275.39,65.91,80.46,1,1,0.85204
105,15,931.98,406.58,53.54,117.55,1,1,0.82386
105,23,941.76,371.71,47.15,55.51,1,1,0.73204
105,3,645.77,379.26,70.52,113.3,1,1,0.8474
106,0,836.38,622.84,67.83,135.76,1,1,0.87778
106,1,923.59,858.4,73.86,120.25,1,1,0.87234
106,2,1006.33,848.19,72.05,131.51,1,1,0.86961
106,4,840.48,275.12,52.54,54.46,1,1,0.76841
106,5,885.46,426.86,71.01,123.72,1,1,0.85496
106,6,1116.46,503.31,78.38,123.27,1,1,0.86741
106,7,744.53,394.46,63.75,116.81,1,1,0.87273
106,8,617.86,374.76,60.32,111.44,1,1,0.86441
106,10,1208.76,252.92,70.51,103.56,1,1,0.86569
106,11,1064.5,405.2,52.62,113.93,1,1,0.86598
106,12,1483.11,599.31,65.28,134.64,1,1,0.86779
106,13,1540.82,334.77,52.94,113.84,1,1,0.86912
106,14,848.64,305.32,51.68,81.81,1,1,0.74801
106,17,1035.98,315.95,54.63,102.01,1,1,0.85353
106,18,967.35,375.72,66.77,114.97,1,1,0.83071
106,20,773.01,288.9,64.45,114.59,1,1,0.87631
106,21,824.14,322.19,65.8,117.0,1,1,0.85594
106,16,898.23,277.23,69.61,80.08,1,1,0.85652
106,15,933.32,407.76,55.79,119.05,1,1,0.81178
106,23,937.89,371.41,49.86,70.61,1,1,0.76035
106,3,662.33,381.73,69.58,112.09,1,1,0.87444
106,9,958.15,399.21,48.61,103.86,1,1,0.69307
107,0,839.4,620.77,70.55,134.93,1,1,0.87426
107,1,925.35,858.92,81.36,121.49,1,1,0.87854
107,2,1007.79,850.07,71.71,128.93,1,1,0.86606
107,4,837.77,274.05,53.42,54.9,1,1,0.79515
107,5,883.11,428.42,73.11,123.0,1,1,0.87254
107,6,1111.4,501.8,71.51,120.11,1,1,0.87095
107,7,743.79,399.58,64.45,112.78,1,1,0.86813
107,8,617.33,376.94,64.1,108.81,1,1,0.86138
107,10,1211.77,253.23,67.21,103.13,1,1,0.86501
107,11,1059.4,406.28,50.94,113.16,1,1,0.86491
107,12,1480.51,601.56,65.84,133.12,1,1,0.86444
107,13,1539.89,335.52,52.63,113.92,1,1,0.87206
107,14,846.98,310.38,51.56,78.34,1,1,0.7497
107,17,1029.78,318.03,56.76,101.15,1,1,0.86165
107,18,968.26,375.2,66.04,113.89,1,1,0.84673
107,20,770.25,287.89,66.12,115.69,1,1,0.87991
107,21,815.91,323.22,71.51,115.61,1,1,0.86362
107,16,896.97,278.05,72.6,81.67,1,1,0.86464
107,15,940.27,406.77,55.53,118.95,1,1,0.76745
107,23,935.29,371.4,52.17,80.87,1,1,0.81034
107,3,673.53,384.48,63.9,109.33,1,1,0.88388
108,0,841.12,619.6,76.49,135.11,1,1,0.88017
108,1,926.96,859.56,88.01,125.58,1,1,0.88651
108,2,1009.87,852.2,70.86,128.27,1,1,0.85698
108,4,834.72,273.34,55.35,56.27,1,1,0.79366
108,5,881.12,430.07,73.29,121.76,1,1,0.87704
108,6,1105.06,500.73,71.33,119.59,1,1,0.87494
108,7,743.73,403.74,63.63,110.81,1,1,0.86387
108,8,615.83,379.33,68.38,106.36,1,1,0.87565
108,10,1217.17,254.04,59.99,102.14,1,1,0.86172
108,11,1053.66,407.95,51.09,110.91,1,1,0.8606
108,12,1477.46,605.01,68.34,131.59,1,1,0.86792
108,13,1538.06,336.44,52.81,113.21,1,1,0.87189
108,14,843.44,312.04,52.99,74.2,1,1,0.74361
108,17,1026.31,319.77,55.13,101.62,1,1,0.86327
108,18,967.79,377.17,66.78,111.21,1,1,0.83299
108,20,767.47,286.76,66.3,116.44,1,1,0.88169
108,21,808.69,324.48,76.47,115.1,1,1,0.87508
108,16,894.19,278.79,78.24,84.79,1,1,0.86781
108,15,943.16,408.96,55.7,117.22,1,1,0.78395
108,23,934.57,372.48,52.22,90.12,1,1,0.78866
108,3,680.37,386.36,62.28,107.51,1,1,0.87299
109,0,842.6,618.91,78.72,135.17,1,1,0.88008
109,1,928.28,859.43,90.62,127.14,1,1,0.88638
109,2,1011.4,852.61,70.54,128.1,1,1,0.85681
109,4,834.58,272.76,56.07,56.8,1,1,0.79369
109,5,881.34,430.36,73.35,121.31,1,1,0.87701
109,6,1103.8,500.05,71.28,119.45,1,1,0.87484
109,7,744.67,404.81,63.3,110.08,1,1,0.86393
109,8,616.15,379.81,70.06,105.55,1,1,0.87545
109,10,1219.92,254.02,57.17,101.76,1,1,0.86167
109,11,1052.68,408.2,51.2,110.1,1,1,0.86048
109,12,1477.28,605.89,69.27,131.05,1,1,0.86787
109,13,1538.29,336.41,52.89,112.97,1,1,0.87188
109,14,843.13,312.31,53.5,72.77,1,1,0.74346
109,17,1026.16,320.05,54.45,101.81,1,1,0.86317
109,18,968.44,377.63,67.12,110.19,1,1,0.83277
109,20,767.39,286.02,66.4,116.72,1,1,0.88179
109,21,806.91,324.64,78.39,114.88,1,1,0.8751
109,16,894.08,278.7,80.42,85.94,1,1,0.86774
109,15,945.12,409.4,55.76,116.47,1,1,0.78394
109,23,935.24,372.55,52.24,94.0,1,1,0.78855
109,3,683.23,386.66,61.75,106.91,1,1,0.8729
110,0,839.2,618.93,84.08,136.85,1,1,0.88949
110,1,930.59,864.66,91.78,129.52,1,1,0.89209
110,2,1016.17,856.29,64.37,122.39,1,1,0.86415
110,4,825.65,273.66,55.37,59.52,1,1,0.77582
110,5,874.09,434.37,75.31,116.54,1,1,0.88427
110,6,1087.35,498.47,79.67,121.01,1,1,0.88807
110,7,739.85,410.56,60.07,109.28,1,1,0.86251
110,8,608.0,382.14,73.55,105.35,1,1,0.8777
110,10,1220.27,256.62,53.13,101.05,1,1,0.86404
110,11,1039.54,411.22,53.39,107.8,1,1,0.85922
110,12,1469.43,611.59,72.49,131.45,1,1,0.87533
110,13,1531.26,339.0,54.72,112.54,1,1,0.87489
110,14,835.68,316.16,49.69,77.66,1,1,0.64019
110,17,1018.68,322.32,51.58,102.73,1,1,0.86366
110,18,966.05,378.78,63.64,110.61,1,1,0.83288
110,20,761.61,287.18,65.07,113.76,1,1,0.88688
110,21,796.79,326.64,79.22,114.53,1,1,0.85149
110,16,892.76,280.5,83.41,87.61,1,1,0.87167
110,15,941.41,408.8,57.88,116.51,1,1,0.80721
110,23,930.01,376.1,57.26,97.79,1,1,0.8237
110,3,693.07,388.62,57.0,105.51,1,1,0.87604
111,0,834.99,618.13,86.7,136.56,1,1,0.88517
111,1,940.6,868.67,84.19,127.37,1,1,0.88212
111,2,1017.57,856.55,62.88,124.56,1,1,0.86438
111,4,819.79,273.25,50.96,58.87,1,1,0.80556
111,5,868.65,435.77,75.8,113.76,1,1,0.87721
111,6,1071.01,495.16,88.68,122.76,1,1,0.88471
111,7,733.69,414.11,59.75,118.9,1,1,0.85878
111,8,600.95,382.4,76.07,106.99,1,1,0.88362
111,10,1220.78,257.09,51.74,100.29,1,1,0.85984
111,11,1026.78,411.52,57.37,102.08,1,1,0.84723
111,12,1462.02,614.55,73.36,132.27,1,1,0.86582
111,13,1526.31,339.23,54.97,113.28,1,1,0.86917
111,14,832.39,316.61,47.13,85.53,1,1,0.71504
111,17,1011.27,322.38,49.83,103.79,1,1,0.84948
111,18,966.17,379.02,58.53,108.07,1,1,0.82744
111,20,757.48,285.72,63.76,113.79,1,1,0.87915
111,21,791.82,327.35,76.64,111.93,1,1,0.86473
111,16,898.51,281.69,78.73,86.92,1,1,0.86108
111,15,940.18,409.11,57.85,112.71,1,1,0.80338
111,23,924.7,377.97,61.17,99.75,1,1,0.83173
111,3,698.97,387.87,54.25,104.93,1,1,0.87379
112,0,829.52,617.0,88.57,137.83,1,1,0.88013
112,1,948.26,873.32,77.57,123.08,1,1,0.87615
112,2,1018.45,856.18,61.41,130.9,1,1,0.86673
112,4,812.87,272.75,48.43,59.38,1,1,0.79809
112,5,862.51,436.3,76.39,113.43,1,1,0.87577
112,6,1053.75,492.76,96.09,119.33,1,1,0.88152
112,7,725.94,418.45,60.15,121.79,1,1,0.84544
112,8,593.13,382.99,76.83,108.83,1,1,0.88202
112,10,1219.63,257.66,52.23,99.69,1,1,0.85916
112,11,1018.93,412.06,58.69,97.95,1,1,0.84651
112,12,1454.76,616.63,73.53,135.78,1,1,0.87103
112,13,1522.05,339.88,54.19,113.38,1,1,0.86772
112,14,828.52,311.78,46.89,88.74,1,1,0.70618
112,17,1002.34,322.44,50.05,104.26,1,1,0.84454
112,18,964.21,378.53,55.79,108.78,1,1,0.82495
112,20,753.8,283.92,61.65,114.93,1,1,0.87272
112,21,786.87,325.82,75.84,112.36,1,1,0.87283
112,16,901.57,282.57,74.79,86.16,1,1,0.8344
112,15,938.02,409.39,58.09,109.15,1,1,0.82952
112,23,919.21,379.03,64.12,101.87,1,1,0.84477
112,3,702.79,386.69,52.29,103.47,1,1,0.86518
113,0,824.35,614.31,88.54,138.97,1,1,0.87292
113,1,953.43,876.91,73.2,129.17,1,1,0.86683
113,2,1019.27,856.29,61.15,135.7,1,1,0.86005
113,4,804.85,271.59,45.29,58.64,1,1,0.79408
113,5,856.42,437.39,76.75,112.88,1,1,0.87878
113,6,1039.22,489.8,98.37,116.76,1,1,0.88399
113,7,720.03,423.11,59.86,120.12,1,1,0.85479
113,8,585.58,384.46,73.34,108.03,1,1,0.86233
113,10,1218.05,257.88,52.8,98.88,1,1,0.85454
113,11,1012.96,411.21,59.54,96.68,1,1,0.82656
113,12,1449.63,617.3,73.27,136.87,1,1,0.87225
113,13,1517.76,340.63,54.42,112.73,1,1,0.86738
113,14,824.65,308.7,46.11,92.02,1,1,0.74681
113,17,993.68,322.2,50.65,103.65,1,1,0.8347
113,18,963.82,378.22,53.18,108.71,1,1,0.7833
113,20,750.63,281.36,59.02,116.19,1,1,0.8589
113,21,782.56,324.26,74.07,113.41,1,1,0.86156
113,16,902.89,283.39,70.98,87.01,1,1,0.82506
113,15,934.41,409.47,60.81,107.41,1,1,0.8233
113,23,912.53,379.47,70.44,104.45,1,1,0.83398
113,3,706.43,385.94,49.58,102.55,1,1,0.85337
114,0,820.66,611.23,86.12,138.04,1,1,0.8704
114,1,956.68,880.02,71.8,137.25,1,1,0.86658
114,2,1019.74,857.42,74.4,139.36,1,1,0.86755
114,4,795.58,270.35,43.08,60.8,1,1,0.80445
114,5,849.08,438.4,77.9,112.72,1,1,0.8859
114,6,1027.54,486.99,95.18,116.33,1,1,0.88342
114,7,716.57,426.09,58.11,119.46,1,1,0.86641
114,8,577.8,386.9,60.73,106.81,1,1,0.86236
114,10,1215.27,258.83,55.56,97.8,1,1,0.86617
114,11,1004.72,410.63,61.94,94.71,1,1,0.82391
114,12,1445.41,618.91,71.95,136.98,1,1,0.87619
114,13,1513.62,342.7,54.07,111.3,1,1,0.87502
114,14,822.25,307.57,43.72,100.53,1,1,0.78813
114,17,985.2,322.64,50.55,102.36,1,1,0.83087
114,18,959.84,379.39,53.1,109.41,1,1,0.76838
114,20,747.64,279.62,54.84,117.08,1,1,0.8598
114,21,777.99,322.57,71.74,115.09,1,1,0.86513
114,16,901.84,283.95,69.99,88.76,1,1,0.85282
114,15,930.02,409.43,64.02,109.67,1,1,0.8326
114,23,906.21,380.07,75.8,107.6,1,1,0.84852
114,3,710.8,387.1,46.74,100.96,1,1,0.82969
115,0,821.72,608.09,83.63,136.52,1,1,0.87289
115,1,963.59,884.64,71.62,146.16,1,1,0.86118
115,2,1026.24,860.26,83.28,140.69,1,1,0.83576
115,4,792.88,270.31,41.66,60.71,1,1,0.79816
115,5,847.1,439.18,78.58,111.73,1,1,0.8847
115,6,1024.49,487.0,87.87,115.15,1,1,0.87396
115,7,720.12,428.73,54.99,119.83,1,1,0.86627
115,8,575.76,389.12,53.18,106.36,1,1,0.85922
115,10,1218.61,260.64,59.99,96.19,1,1,0.86884
115,11,1004.32,410.65,61.86,95.65,1,1,0.80743
115,12,1445.72,619.79,70.94,136.39,1,1,0.87368
115,13,1515.03,345.11,53.79,109.22,1,1,0.87191
115,14,824.32,308.28,43.88,99.67,1,1,0.8118
115,17,983.9,323.87,50.43,96.67,1,1,0.79846
115,18,965.67,380.75,49.24,109.87,1,1,0.76313
115,20,749.19,279.01,52.37,116.39,1,1,0.85093
115,21,779.51,322.14,70.35,115.06,1,1,0.86195
115,16,908.16,285.46,66.59,89.53,1,1,0.86064
115,15,931.53,409.23,65.85,114.54,1,1,0.83568
115,23,906.04,380.39,78.43,110.21,1,1,0.86235
115,3,721.68,389.26,44.21,83.01,1,1,0.71165
116,0,821.48,604.4,80.05,134.38,1,1,0.87066
116,1,967.6,888.78,74.37,148.48,1,1,0.86511
116,2,1030.19,864.0,96.46,137.1,1,1,0.86638
116,4,788.52,270.16,41.94,65.69,1,1,0.79696
116,5,842.69,438.73,80.76,111.06,1,1,0.88186
116,6,1019.33,487.52,81.3,113.99,1,1,0.87032
116,7,718.69,431.92,55.27,123.47,1,1,0.86238
116,8,573.06,391.1,50.92,105.57,1,1,0.86337
116,10,1220.58,261.9,64.35,94.47,1,1,0.87172
116,11,1002.1,411.4,61.82,100.09,1,1,0.77182
116,12,1446.18,619.6,69.43,136.06,1,1,0.87572
116,13,1515.12,346.96,54.28,107.43,1,1,0.87656
116,14,826.37,308.79,46.93,97.04,1,1,0.83051
116,17,980.93,324.92,50.78,87.75,1,1,0.79039
116,18,968.11,380.0,46.14,110.98,1,1,0.70621
116,20,745.99,278.83,53.18,113.64,1,1,0.84162
116,21,781.63,322.39,66.84,112.93,1,1,0.84371
116,16,914.04,286.13,62.53,89.97,1,1,0.86349
116,15,933.48,407.19,64.62,118.33,1,1,0.82172
116,23,907.34,379.58,76.82,110.92,1,1,0.86231
116,3,725.12,391.1,50.45,99.89,1,1,0.78618
117,0,819.77,599.93,77.01,132.55,1,1,0.87276
117,1,971.47,892.97,74.6,145.32,1,1,0.8724
117,2,1032.91,866.6,106.24,132.1,1,1,0.86171
117,4,783.18,270.63,42.36,69.1,1,1,0.82246
117,5,837.38,438.04,81.92,109.71,1,1,0.8767
117,6,1011.91,488.84,74.11,112.2,1,1,0.85808
117,7,718.39,436.46,57.72,125.83,1,1,0.85527
117,8,567.35,392.39,50.58,107.59,1,1,0.85772
117,10,1220.93,262.7,69.92,92.72,1,1,0.87538
117,11,995.7,410.65,65.38,104.32,1,1,0.82306
117,12,1445.16,619.03,67.28,134.36,1,1,0.86886
117,13,1513.24,348.81,54.4,105.09,1,1,0.87207
117,14,827.2,308.27,51.66,97.12,1,1,0.84286
117,17,976.62,327.0,49.86,85.2,1,1,0.79416
117,20,743.26,279.18,53.74,109.89,1,1,0.84481
117,21,779.22,322.77,69.35,112.02,1,1,0.84341
117,16,923.64,286.61,54.09,90.13,1,1,0.8364
117,15,934.9,406.75,64.13,118.77,1,1,0.81512
117,23,909.39,379.43,73.04,111.8,1,1,0.84431
117,3,728.23,392.21,54.67,100.67,1,1,0.78127
118,0,816.96,596.48,75.42,129.16,1,1,0.86734
118,1,973.07,898.63,77.66,138.49,1,1,0.87186
118,2,1036.47,868.06,97.34,130.38,1,1,0.80675
118,4,775.01,271.84,43.07,72.41,1,1,0.79188
118,5,830.39,438.11,83.0,107.28,1,1,0.87571
118,6,1003.0,487.24,63.82,112.48,1,1,0.84318
118,7,714.6,441.58,57.41,128.04,1,1,0.84721
118,8,560.94,393.1,50.41,109.54,1,1,0.85736
118,10,1220.08,262.77,73.17,92.02,1,1,0.87348
118,11,989.98,409.79,66.1,106.72,1,1,0.82635
118,12,1443.75,618.67,66.58,132.26,1,1,0.86569
118,13,1508.16,351.06,56.64,102.81,1,1,0.86359
118,14,826.09,307.82,56.49,100.41,1,1,0.85104
118,17,971.94,329.86,47.34,80.57,1,1,0.78987
118,20,739.92,280.47,54.4,106.95,1,1,0.83778
118,21,775.41,322.55,71.42,112.21,1,1,0.84741
118,16,932.04,288.24,47.15,88.61,1,1,0.83106
118,15,933.35,406.46,62.44,118.93,1,1,0.81907
118,23,907.93,378.49,71.58,111.53,1,1,0.83606
118,3,731.59,393.83,61.42,101.19,1,1,0.81061
119,0,813.91,594.65,74.0,125.47,1,1,0.87241
119,1,970.66,904.91,84.69,131.52,1,1,0.87403
119,2,1038.96,869.99,97.91,132.23,1,1,0.83178
119,4,767.45,274.56,42.77,71.51,1,1,0.76296
119,5,821.77,438.8,81.53,105.88,1,1,0.8727
119,6,991.31,487.83,56.39,111.54,1,1,0.84627
119,7,707.56,447.51,56.63,127.33,1,1,0.86037
119,8,554.14,394.07,48.49,110.62,1,1,0.8584
119,10,1217.66,263.11,74.59,92.96,1,1,0.87445
119,11,985.91,411.5,64.91,107.44,1,1,0.84059
119,12,1441.61,619.48,64.47,132.38,1,1,0.8624
119,13,1502.17,353.75,62.78,99.78,1,1,0.86415
119,14,824.12,308.83,57.97,101.08,1,1,0.84965
119,17,966.26,333.9,44.86,81.18,1,1,0.77064
119,20,735.35,281.71,55.29,104.67,1,1,0.83656
119,21,774.66,323.41,68.59,108.51,1,1,0.827
119,16,934.74,290.07,45.06,87.5,1,1,0.81865
119,15,930.91,409.06,60.65,117.05,1,1,0.82756
119,23,902.85,377.65,74.71,111.43,1,1,0.85158
119,3,734.98,396.74,64.69,101.77,1,1,0.8516
120,0,810.95,592.92,73.3,120.4,1,1,0.87072
120,1,966.58,908.2,93.23,129.73,1,1,0.87725
120,2,1044.08,871.17,96.92,135.38,1,1,0.86972
120,4,760.1,276.95,42.41,72.91,1,1,0.75621
120,5,810.32,440.92,82.55,104.12,1,1,0.86708
120,6,979.17,487.36,54.69,112.99,1,1,0.83654
120,7,702.22,452.69,56.04,125.22,1,1,0.86841
120,8,545.43,396.05,48.74,110.15,1,1,0.85604
120,10,1214.76,263.73,73.36,92.42,1,1,0.87337
120,11,980.39,412.94,64.81,109.01,1,1,0.82824
120,12,1438.19,619.54,65.25,135.47,1,1,0.86409
120,13,1496.47,356.72,66.8,96.65,1,1,0.86522
120,14,821.27,309.36,57.53,101.22,1,1,0.84554
120,17,957.82,334.67,43.96,69.28,1,1,0.7106
120,20,729.88,282.75,57.35,103.88,1,1,0.83802
120,21,774.53,325.31,66.02,103.25,1,1,0.82218
120,16,932.74,292.09,48.06,84.98,1,1,0.82682
120,15,930.57,410.84,56.24,115.48,1,1,0.81853
120,23,898.63,379.88,76.27,108.54,1,1,0.85817
120,3,737.39,399.39,61.11,100.09,1,1,0.85848
120,18,958.48,373.44,44.2,57.41,1,1,0.6858
121,0,805.94,591.6,73.63,115.0,1,1,0.87013
121,1,961.29,909.12,100.85,136.29,1,1,0.88133
121,2,1045.36,872.57,89.54,137.92,1,1,0.86801
121,5,798.84,443.38,78.95,101.78,1,1,0.85686
121,6,964.22,485.67,58.69,112.19,1,1,0.83898
121,7,695.46,457.65,56.14,121.98,1,1,0.87194
121,8,534.41,397.26,51.86,108.17,1,1,0.85839
121,10,1211.53,264.5,69.59,92.47,1,1,0.86964
121,11,971.5,413.19,66.62,108.98,1,1,0.81404
121,12,1432.3,619.46,66.39,136.69,1,1,0.86077
121,13,1490.12,358.0,70.44,95.27,1,1,0.86033
121,14,814.54,309.74,59.16,101.21,1,1,0.83078
121,17,948.63,340.73,43.93,52.37,1,1,0.72608
121,20,722.77,281.47,62.58,105.94,1,1,0.85309
121,21,770.94,325.37,67.19,102.35,1,1,0.82043
121,16,927.38,293.86,55.24,84.19,1,1,0.83284
121,15,928.24,414.52,52.33,111.67,1,1,0.80442
121,23,895.22,382.22,76.28,105.55,1,1,0.86243
121,3,736.52,402.37,59.05,98.25,1,1,0.862
121,18,955.2,372.21,45.32,46.93,1,1,0.65922
122,0,800.19,590.79,73.45,111.98,1,1,0.87159
122,1,956.21,909.77,109.76,146.05,1,1,0.88202
122,2,1048.26,873.83,79.2,140.98,1,1,0.86777
122,5,784.44,446.23,76.48,99.21,1,1,0.85053
122,6,951.24,483.56,61.73,113.7,1,1,0.83224
122,7,689.33,461.18,56.19,119.81,1,1,0.86717
122,8,519.43,398.27,58.84,108.06,1,1,0.86213
122,10,1209.34,265.22,63.99,92.3,1,1,0.86733
122,11,965.68,414.86,66.28,109.08,1,1,0.80478
122,12,1425.59,619.13,68.34,136.15,1,1,0.86292
122,13,1484.24,358.4,70.82,97.26,1,1,0.86085
122,14,806.44,310.15,60.9,101.71,1,1,0.82523
122,17,939.08,341.53,50.12,51.46,1,1,0.71701
122,20,715.92,281.48,65.5,105.92,1,1,0.84933
122,21,766.13,324.21,68.65,104.02,1,1,0.82188
122,16,921.63,294.89,61.64,81.66,1,1,0.83401
122,15,920.91,415.84,54.0,109.06,1,1,0.7502
122,23,891.95,382.81,78.99,105.1,1,1,0.85521
122,3,733.85,403.77,60.63,98.73,1,1,0.84254
123,0,794.7,590.68,72.64,110.77,1,1,0.87332
123,1,949.95,911.64,117.97,151.42,1,1,0.88774
123,2,1050.37,876.33,75.15,139.37,1,1,0.86732
123,5,775.18,448.5,73.3,97.02,1,1,0.8599
123,6,941.75,483.47,63.48,112.3,1,1,0.82469
123,7,681.69,464.35,57.64,123.06,1,1,0.86784
123,8,506.17,399.0,65.76,110.77,1,1,0.8606
123,10,1206.24,266.61,60.83,90.94,1,1,0.8602
123,11,959.93,416.16,66.65,108.01,1,1,0.80112
123,12,1419.01,618.99,73.22,134.83,1,1,0.87153
123,13,1480.43,359.93,67.5,96.39,1,1,0.8604
123,14,801.09,309.69,60.38,101.79,1,1,0.82371
123,17,922.5,346.87,54.83,49.16,1,1,0.70875
123,20,708.9,281.17,66.31,105.2,1,1,0.85245
123,21,761.34,324.89,68.7,104.73,1,1,0.81752
123,16,930.86,295.89,55.23,83.52,1,1,0.79448
123,15,908.73,417.52,62.39,113.63,1,1,0.68719
123,23,892.88,381.12,76.63,104.79,1,1,0.81749
123,3,732.75,404.43,58.63,98.08,1,1,0.82987
123,18,956.56,375.02,42.11,54.63,1,1,0.6553
124,0,785.13,591.69,72.12,109.19,1,1,0.86738
124,1,950.05,915.23,115.91,151.12,1,1,0.87512
124,2,1050.66,879.95,73.88,135.12,1,1,0.85595
124,5,761.4,449.68,75.12,96.05,1,1,0.84631
124,6,928.39,484.83,64.86,112.32,1,1,0.8228
124,7,670.28,467.8,58.15,128.63,1,1,0.8695
124,8,491.21,399.59,70.92,116.58,1,1,0.84614
124,10,1198.96,268.62,62.56,90.14,1,1,0.84131
124,11,952.13,417.01,68.15,109.96,1,1,0.80549
124,12,1408.94,618.69,80.77,134.77,1,1,0.87141
124,13,1475.5,362.04,60.85,95.46,1,1,0.85255
124,14,794.95,308.92,58.48,102.99,1,1,0.80895
124,17,905.43,347.46,54.15,76.09,1,1,0.71375
124,20,699.56,282.31,66.66,104.66,1,1,0.84266
124,21,756.15,325.35,69.0,105.48,1,1,0.81662
124,16,934.73,297.62,48.1,84.25,1,1,0.80887
124,15,897.91,419.09,66.37,113.16,1,1,0.64245
124,23,893.24,384.28,72.19,100.26,1,1,0.67859
124,3,730.77,402.47,53.3,98.51,1,1,0.80298
124,18,954.39,378.16,41.72,54.75,1,1,0.64815
125,0,775.37,592.93,71.59,107.14,1,1,0.86685
125,1,955.71,919.35,111.18,147.51,1,1,0.86486
125,2,1048.2,884.1,77.08,129.28,1,1,0.83694
125,5,748.74,450.2,78.03,96.08,1,1,0.83174
125,6,913.95,485.09,68.8,111.46,1,1,0.82071
125,7,659.6,470.97,58.7,133.32,1,1,0.86188
125,8,480.1,400.56,73.04,121.71,1,1,0.84604
125,10,1197.07,270.1,59.38,88.86,1,1,0.8422
125,11,944.11,418.53,70.56,108.46,1,1,0.82157
125,12,1400.79,617.74,86.51,137.03,1,1,0.86607
125,13,1471.95,364.38,54.52,94.0,1,1,0.84073
125,14,786.8,307.76,58.6,103.31,1,1,0.78791
125,17,891.63,349.12,56.78,84.1,1,1,0.67474
125,20,692.69,282.77,64.64,104.28,1,1,0.84203
125,21,749.72,325.97,69.3,105.24,1,1,0.80618
125,16,930.43,299.73,49.52,85.8,1,1,0.79911
125,23,888.15,397.2,71.29,92.32,1,1,0.73987
125,3,729.77,404.26,49.85,105.09,1,1,0.76885
126,0,764.69,594.62,69.54,104.45,1,1,0.87268
126,1,964.45,922.75,101.65,144.0,1,1,0.85247
126,2,1047.46,889.17,79.25,129.0,1,1,0.8452
126,5,732.71,452.51,81.29,95.92,1,1,0.84948
126,6,899.18,483.7,65.66,110.85,1,1,0.82343
126,7,648.56,475.49,59.95,136.4,1,1,0.86253
126,8,469.01,401.06,73.01,123.82,1,1,0.83891
126,10,1193.67,271.73,56.28,88.02,1,1,0.85985
126,11,936.0,420.04,72.89,108.44,1,1,0.84019
126,12,1392.87,617.21,88.57,138.02,1,1,0.86873
126,13,1465.18,366.67,50.52,92.22,1,1,0.84108
126,14,777.95,307.91,56.62,103.33,1,1,0.8054
126,17,872.77,350.38,59.36,91.67,1,1,0.81444
126,20,680.39,283.8,68.61,106.91,1,1,0.8312
126,21,744.11,326.89,66.21,104.05,1,1,0.80866
126,16,927.27,301.72,49.69,90.04,1,1,0.78812
126,23,878.31,404.22,72.78,88.56,1,1,0.76156
126,3,724.38,408.34,48.87,101.93,1,1,0.7852
127,0,754.96,596.28,69.36,101.72,1,1,0.85166
127,1,965.07,926.53,97.03,145.79,1,1,0.83212
127,2,1045.81,892.46,83.21,132.98,1,1,0.83868
127,5,717.85,454.04,82.77,98.22,1,1,0.82008
127,6,886.25,481.15,64.43,112.48,1,1,0.78772
127,7,640.18,481.08,58.17,133.83,1,1,0.83487
127,8,457.5,401.69,74.91,124.73,1,1,0.83013
127,10,1188.23,273.34,55.36,88.35,1,1,0.83091
127,11,928.07,421.54,77.0,108.63,1,1,0.82512
127,12,1387.99,617.27,84.36,137.63,1,1,0.84924
127,13,1456.41,368.86,48.85,90.42,1,1,0.82094
127,14,766.85,307.64,57.64,104.65,1,1,0.73882
127,17,854.96,351.04,62.75,96.9,1,1,0.79287
127,20,661.89,284.49,77.7,106.62,1,1,0.842
127,21,742.09,325.19,62.26,105.61,1,1,0.77173
127,16,916.62,304.12,55.82,91.6,1,1,0.74383
127,23,870.39,406.67,73.37,89.3,1,1,0.6795
127,3,717.39,410.4,49.76,103.77,1,1,0.75672
128,0,745.68,596.95,70.65,100.82,1,1,0.84585
128,1,958.68,930.42,104.06,147.63,1,1,0.86261
128,2,1048.42,895.28,84.93,136.71,1,1,0.8406
128,5,704.21,454.48,83.98,101.55,1,1,0.77989
128,6,874.67,481.96,61.0,110.76,1,1,0.79721
128,7,629.45,487.14,57.23,128.97,1,1,0.84004
128,8,446.25,403.32,74.43,124.18,1,1,0.82529
128,10,1181.62,275.07,57.28,89.02,1,1,0.83039
128,11,920.85,424.15,79.2,107.97,1,1,0.81747
128,12,1386.53,617.36,76.55,137.17,1,1,0.84668
128,13,1448.03,370.49,48.39,90.3,1,1,0.8262
128,14,756.5,307.44,57.35,105.71,1,1,0.70911
128,17,839.24,352.46,64.08,99.21,1,1,0.79247
128,20,645.97,284.99,83.97,107.06,1,1,0.86263
128,21,740.62,320.7,58.47,109.01,1,1,0.76013
128,16,912.15,306.74,55.84,90.26,1,1,0.74468
128,23,866.48,414.95,67.21,86.44,1,1,0.66557
128,3,706.77,410.89,55.08,102.41,1,1,0.67505
129,0,738.38,597.46,70.68,100.73,1,1,0.84159
129,1,955.12,935.79,111.38,144.24,1,1,0.86829
129,2,1054.91,897.1,87.09,141.86,1,1,0.83094
129,5,689.6,455.49,79.69,101.58,1,1,0.81507
129,6,865.74,485.1,56.76,107.04,1,1,0.80002
129,7,619.73,491.65,57.83,126.55,1,1,0.84235
129,8,437.08,404.01,73.21,124.16,1,1,0.83705
129,10,1176.57,276.09,60.51,90.27,1,1,0.83278
129,11,915.91,425.95,79.42,108.12,1,1,0.82325
129,12,1388.71,617.68,67.46,134.13,1,1,0.84398
129,13,1438.81,372.05,49.58,93.07,1,1,0.8304
129,17,826.61,354.4,62.84,100.3,1,1,0.78777
129,20,638.53,285.44,81.01,107.27,1,1,0.85019
129,21,738.18,320.02,60.01,109.32,1,1,0.77438
129,16,906.16,309.11,59.94,90.89,1,1,0.76205
129,23,861.58,418.44,59.07,88.78,1,1,0.65923
129,3,702.08,410.86,56.06,94.99,1,1,0.66521
130,0,731.86,597.78,73.05,100.59,1,1,0.86008
130,1,956.06,940.81,116.69,139.98,1,1,0.86787
130,2,1060.44,900.28,90.46,143.4,1,1,0.85801
130,5,676.77,457.82,73.63,100.13,1,1,0.83531
130,6,859.16,487.73,52.62,103.59,1,1,0.81703
130,7,611.3,495.77,60.65,130.24,1,1,0.8517
130,8,432.55,404.87,69.71,124.91,1,1,0.83773
130,10,1173.27,277.77,63.41,89.55,1,1,0.85521
130,11,912.1,427.94,79.02,108.66,1,1,0.83535
130,12,1389.16,617.88,64.17,133.74,1,1,0.84807
130,13,1430.41,373.8,50.87,95.93,1,1,0.83815
130,17,816.49,357.33,64.65,99.71,1,1,0.83118
130,20,633.24,286.43,76.12,106.41,1,1,0.8492
130,21,735.35,320.5,59.06,108.54,1,1,0.78849
130,16,905.48,311.73,59.56,91.24,1,1,0.81477
130,3,703.05,411.19,52.35,98.95,1,1,0.74157
130,15,860.02,424.07,50.34,100.41,1,1,0.70867
130,14,736.18,306.97,63.53,99.86,1,1,0.70713
131,0,727.75,597.39,76.96,100.32,1,1,0.87056
131,1,972.5,946.23,106.41,134.53,1,1,0.85795
131,2,1064.59,902.6,93.11,141.86,1,1,0.85937
131,5,665.94,459.7,70.26,98.92,1,1,0.84615
131,6,853.14,488.49,52.42,101.73,1,1,0.81449
131,7,604.86,499.67,61.71,133.99,1,1,0.84389
131,8,427.4,406.72,63.25,122.89,1,1,0.84662
131,10,1171.23,278.48,65.4,89.63,1,1,0.86371
131,11,911.78,430.2,74.7,109.92,1,1,0.82907
131,12,1389.12,617.85,64.7,132.14,1,1,0.85206
131,13,1423.42,375.0,54.78,98.45,1,1,0.84662
131,17,808.35,360.61,65.4,97.13,1,1,0.8418
131,20,629.05,285.24,72.24,105.36,1,1,0.85161
131,21,731.73,320.67,60.64,106.38,1,1,0.79026
131,16,914.3,313.6,51.95,91.63,1,1,0.79864
131,3,704.41,409.59,51.38,102.47,1,1,0.82108
131,24,610.73,284.51,46.67,82.14,1,1,0.82225
131,26,884.22,384.59,50.42,66.12,1,1,0.71288
131,15,855.98,425.05,50.39,102.19,1,1,0.73783
131,14,730.6,307.73,56.93,59.78,1,1,0.68013
131,18,915.86,389.37,45.23,59.45,1,1,0.70768
132,0,723.37,596.66,81.05,100.42,1,1,0.85596
132,1,988.13,949.42,95.87,130.99,1,1,0.83742
132,2,1067.02,903.9,93.25,138.45,1,1,0.83649
132,5,653.49,461.45,71.83,98.7,1,1,0.82104
132,6,842.93,489.28,55.01,99.73,1,1,0.78699
132,7,600.42,504.63,59.6,136.03,1,1,0.83005
132,8,417.96,407.61,59.87,121.5,1,1,0.8336
132,10,1167.93,279.1,67.42,89.56,1,1,0.85869
132,11,912.01,431.6,66.7,113.11,1,1,0.79595
132,12,1388.42,618.63,65.91,125.52,1,1,0.84148
132,13,1418.08,376.37,56.25,98.61,1,1,0.83469
132,17,800.71,362.89,62.37,95.91,1,1,0.81124
132,20,624.0,283.18,69.88,104.9,1,1,0.84669
132,21,727.53,318.55,62.86,106.07,1,1,0.77406
132,16,922.36,314.62,43.56,94.85,1,1,0.72585
132,3,704.32,409.4,51.27,104.78,1,1,0.81394
132,24,600.73,283.44,47.24,86.3,1,1,0.81617
132,26,877.97,384.31,50.98,65.85,1,1,0.67151
132,15,849.63,425.55,54.34,96.84,1,1,0.69965
133,0,721.5,596.16,84.3,100.99,1,1,0.86106
133,1,991.09,952.69,101.84,127.76,1,1,0.82371
133,2,1078.09,904.98,84.59,131.86,1,1,0.84728
133,5,643.49,463.41,74.51,98.83,1,1,0.84522
133,6,835.99,488.68,54.94,100.45,1,1,0.8112
133,7,597.13,510.43,58.29,136.47,1,1,0.83475
133,8,412.37,409.49,58.72,122.26,1,1,0.8445
133,10,1166.67,280.66,66.13,88.65,1,1,0.85951
133,11,908.39,434.22,62.59,114.06,1,1,0.80346
133,12,1388.0,619.81,69.97,123.71,1,1,0.84916
133,13,1415.71,379.12,58.2,98.08,1,1,0.83713
133,17,794.46,365.82,60.33,96.91,1,1,0.8342
133,20,617.25,281.18,69.61,104.64,1,1,0.85544
133,21,726.05,319.55,69.56,107.52,1,1,0.79747
133,16,926.74,317.08,40.97,93.39,1,1,0.75072
133,3,702.87,412.38,53.98,104.27,1,1,0.82708
133,24,589.6,283.05,49.26,89.02,1,1,0.82046
133,26,869.43,383.19,57.17,67.37,1,1,0.72453
133,15,846.22,426.97,56.62,96.55,1,1,0.73726
133,14,723.45,309.03,54.56,48.55,1,1,0.67445
133,18,913.94,390.99,54.09,86.72,1,1,0.75657
134,0,722.25,595.36,83.9,101.44,1,1,0.84601
134,1,994.13,955.65,111.58,124.51,1,1,0.84913
134,2,1091.73,905.14,76.19,133.48,1,1,0.8363
134,5,636.36,465.67,76.14,95.25,1,1,0.84345
134,6,832.59,489.82,53.5,98.44,1,1,0.79344
134,7,598.29,516.35,54.45,132.78,1,1,0.83242
134,8,406.95,410.71,62.3,125.45,1,1,0.84144
134,10,1170.51,281.84,59.49,87.99,1,1,0.83887
134,11,903.85,436.69,59.86,114.9,1,1,0.80844
134,12,1388.6,620.75,74.85,122.5,1,1,0.85082
134,13,1417.49,381.1,55.97,96.45,1,1,0.83667
134,17,788.05,367.96,59.06,98.62,1,1,0.82482
134,20,611.22,279.08,68.82,103.74,1,1,0.84972
134,21,727.49,318.32,71.79,110.51,1,1,0.79845
134,16,928.86,319.0,45.85,89.96,1,1,0.79168
134,3,701.75,414.53,58.65,104.64,1,1,0.82032
134,24,581.94,283.69,49.42,88.37,1,1,0.82788
134,26,860.8,381.36,58.1,64.44,1,1,0.6862
134,15,845.67,428.88,55.27,100.12,1,1,0.75684
134,18,909.32,392.17,63.17,94.28,1,1,0.75665
135,0,725.27,595.34,82.21,101.24,1,1,0.86151
135,1,999.78,955.67,121.57,124.15,1,1,0.87551
135,2,1106.72,905.05,71.51,131.46,1,1,0.8394
135,5,629.02,467.65,71.55,91.16,1,1,0.83324
135,6,827.81,494.74,52.37,92.84,1,1,0.8278
135,7,597.55,521.26,51.56,128.59,1,1,0.83766
135,8,404.04,412.57,58.68,129.55,1,1,0.83612
135,10,1174.37,283.63,52.67,86.87,1,1,0.8448
135,11,901.67,440.51,56.96,112.83,1,1,0.83183
135,12,1388.78,622.83,84.4,123.97,1,1,0.86856
135,13,1420.67,382.47,54.77,95.0,1,1,0.84565
135,17,782.5,371.16,62.64,98.68,1,1,0.84163
135,20,604.72,277.25,68.51,102.73,1,1,0.86125
135,21,729.98,319.11,68.7,109.81,1,1,0.81997
135,16,931.41,319.77,53.0,89.62,1,1,0.84219
135,3,699.92,415.84,64.75,105.99,1,1,0.83572
135,24,573.87,285.26,48.29,85.74,1,1,0.82962
135,26,849.7,379.95,62.62,63.25,1,1,0.77553
135,15,845.7,429.86,54.38,104.98,1,1,0.8015
135,18,909.55,391.1,70.67,100.97,1,1,0.82813
135,14,717.43,309.2,50.63,73.75,1,1,0.77292
136,0,730.04,596.34,80.03,100.17,1,1,0.86748
136,1,1007.36,954.87,127.73,125.12,1,1,0.89194
136,2,1120.38,905.79,69.46,136.16,1,1,0.84684
136,5,625.83,470.16,60.23,92.23,1,1,0.83162
136,6,823.6,497.9,52.16,90.05,1,1,0.83338
136,7,595.17,525.5,50.88,128.08,1,1,0.83609
136,8,401.77,416.22,54.45,131.58,1,1,0.85345
136,10,1179.34,286.23,46.47,85.7,1,1,0.85126
136,11,901.51,443.52,56.25,111.07,1,1,0.83797
136,12,1389.45,626.91,86.95,123.04,1,1,0.87306
136,13,1422.37,385.09,57.54,95.72,1,1,0.85248
136,17,777.64,374.9,64.08,99.2,1,1,0.83882
136,20,600.01,277.44,68.45,101.09,1,1,0.8685
136,21,731.12,319.09,63.54,104.49,1,1,0.81468
136,16,933.88,322.31,59.03,90.66,1,1,0.86332
136,3,702.82,417.91,66.62,106.24,1,1,0.84735
136,24,567.88,287.32,50.28,83.28,1,1,0.83217
136,26,839.22,380.12,68.46,61.16,1,1,0.80406
136,15,846.85,431.26,53.17,110.31,1,1,0.81982
136,18,913.07,391.73,73.72,102.77,1,1,0.82911
136,14,715.64,310.26,46.2,78.33,1,1,0.78028
137,0,734.62,597.35,78.75,98.71,1,1,0.87005
137,1,1018.63,954.98,129.13,124.87,1,1,0.89296
137,2,1134.41,907.77,66.13,146.18,1,1,0.85478
137,5,621.49,472.38,51.42,95.3,1,1,0.81379
137,6,820.32,499.94,50.83,87.45,1,1,0.82918
137,7,593.53,528.71,50.9,132.07,1,1,0.82796
137,8,398.78,420.28,53.17,129.81,1,1,0.85503
137,10,1183.5,287.94,42.36,85.43,1,1,0.84386
137,11,900.02,446.33,56.93,109.81,1,1,0.81815
137,12,1389.76,630.36,85.99,119.85,1,1,0.87037
137,13,1421.68,386.65,62.41,98.0,1,1,0.85457
137,17,773.06,377.31,58.85,98.03,1,1,0.83349
137,20,596.83,277.59,67.28,98.46,1,1,0.86037
137,21,731.65,318.65,58.82,104.16,1,1,0.79282
137,16,936.37,324.1,62.33,93.48,1,1,0.86124
137,3,707.88,420.15,66.7,107.84,1,1,0.84306
137,24,562.22,288.5,52.08,82.49,1,1,0.8305
137,26,833.94,380.3,70.31,63.5,1,1,0.79283
137,15,848.41,432.01,52.62,114.12,1,1,0.81952
137,18,910.57,391.02,82.08,101.88,1,1,0.84266
137,14,714.58,311.37,44.34,83.83,1,1,0.76685
138,0,738.32,597.89,78.19,97.41,1,1,0.86871
138,1,1033.23,954.99,125.17,124.46,1,1,0.8931
138,2,1144.25,909.78,66.52,149.44,1,1,0.86046
138,5,615.6,474.44,48.33,99.65,1,1,0.77507
138,6,817.15,500.94,50.53,85.47,1,1,0.83538
138,7,590.9,532.06,52.88,137.31,1,1,0.82901
138,8,395.63,424.54,53.01,125.56,1,1,0.85891
138,10,1186.9,288.32,40.98,85.12,1,1,0.84167
138,11,898.43,448.51,58.6,106.84,1,1,0.81961
138,12,1389.63,632.9,84.13,117.27,1,1,0.86943
138,13,1422.61,387.96,63.13,98.21,1,1,0.85265
138,17,768.47,378.42,54.19,97.51,1,1,0.82121
138,20,593.02,277.06,64.42,97.73,1,1,0.85847
138,21,732.22,317.88,56.32,102.98,1,1,0.77036
138,16,940.32,325.18,61.01,94.35,1,1,0.85851
138,3,714.96,422.35,63.18,108.39,1,1,0.84239
138,24,557.06,288.07,52.45,83.44,1,1,0.84633
138,26,830.49,379.62,70.64,65.72,1,1,0.78883
138,15,850.07,432.13,51.35,115.12,1,1,0.81757
138,18,909.39,390.82,86.52,100.73,1,1,0.83118
138,14,713.62,311.5,41.32,88.07,1,1,0.80224
139,0,742.18,598.4,77.95,96.05,1,1,0.86027
139,1,1057.86,954.9,112.15,124.69,1,1,0.86888
139,2,1155.5,912.13,68.67,146.96,1,1,0.85259
139,5,604.79,477.68,53.36,112.67,1,1,0.80067
139,6,814.24,501.35,51.95,84.68,1,1,0.83433
139,7,585.3,542.33,59.3,136.96,1,1,0.81724
139,8,392.97,429.73,54.01,120.48,1,1,0.86137
139,10,1189.36,289.09,42.07,86.68,1,1,0.84763
139,11,896.67,449.81,61.43,107.52,1,1,0.8243
139,12,1389.01,634.85,83.37,115.69,1,1,0.87181
139,13,1426.1,390.25,59.48,96.19,1,1,0.84491
139,17,765.06,379.94,51.15,98.12,1,1,0.81292
139,20,589.54,277.78,61.44,99.92,1,1,0.85528
139,21,733.6,318.11,52.66,102.09,1,1,0.78663
139,16,946.95,327.04,56.3,94.71,1,1,0.85354
139,3,722.43,425.49,57.88,107.56,1,1,0.84044
139,24,552.23,288.26,54.93,85.56,1,1,0.85831
139,26,829.81,380.24,70.14,68.66,1,1,0.79878
139,15,851.69,433.7,50.54,114.64,1,1,0.81842
139,18,910.14,392.46,85.56,99.31,1,1,0.82602
139,14,712.12,311.08,41.39,90.72,1,1,0.82743
140,0,745.91,598.52,80.6,95.85,1,1,0.86944
140,1,1092.62,956.16,91.64,123.44,1,1,0.82721
140,2,1169.17,913.44,70.67,143.14,1,1,0.83331
140,5,586.29,480.15,67.05,117.27,1,1,0.77587
140,6,811.53,501.75,53.36,84.19,1,1,0.8406
140,7,578.13,548.93,65.83,133.67,1,1,0.85145
140,8,389.66,433.74,56.01,117.16,1,1,0.86631
140,10,1191.95,290.56,43.66,88.1,1,1,0.84862
140,11,896.35,451.87,65.47,108.09,1,1,0.84266
140,12,1388.08,636.66,82.41,113.97,1,1,0.87813
140,13,1428.83,393.35,56.28,95.48,1,1,0.84563
140,17,762.68,380.75,47.32,101.75,1,1,0.80159
140,20,587.16,278.99,59.11,100.11,1,1,0.86261
140,21,733.3,319.02,51.15,97.89,1,1,0.75252
140,16,955.66,329.74,50.9,93.02,1,1,0.84111
140,3,728.93,428.02,53.73,107.31,1,1,0.83938
140,24,545.38,288.83,58.45,87.16,1,1,0.86545
140,26,830.07,380.87,70.11,71.66,1,1,0.81064
140,15,853.77,433.52,49.9,115.53,1,1,0.82309
140,18,909.37,393.75,81.65,99.82,1,1,0.8369
140,14,710.53,310.6,42.22,92.09,1,1,0.83485
141,0,749.14,598.12,79.27,96.55,1,1,0.87681
141,1,1118.1,956.59,78.81,122.82,1,1,0.84973
141,2,1185.51,914.9,69.13,140.8,1,1,0.85115
141,5,573.51,483.2,75.11,118.83,1,1,0.8502
141,6,809.25,502.01,53.56,84.9,1,1,0.8539
141,7,574.33,550.74,69.35,132.24,1,1,0.85683
141,8,386.35,436.59,58.71,117.46,1,1,0.86334
141,10,1195.09,292.0,44.33,88.29,1,1,0.853
141,11,897.62,454.2,70.79,108.22,1,1,0.8501
141,12,1387.34,637.43,82.49,113.34,1,1,0.87908
141,13,1430.22,395.65,54.9,93.59,1,1,0.85239
141,17,761.81,380.3,45.29,100.93,1,1,0.78246
141,20,584.94,280.17,58.15,99.29,1,1,0.86736
141,21,733.46,321.1,51.5,92.44,1,1,0.74388
141,16,959.49,331.84,52.68,91.04,1,1,0.82646
141,3,735.1,428.86,51.75,107.16,1,1,0.83048
141,24,537.04,289.29,64.23,88.32,1,1,0.87198
141,26,832.2,380.77,67.67,74.58,1,1,0.81516
141,15,856.94,436.22,49.71,113.68,1,1,0.83048
141,18,919.88,398.55,68.91,95.55,1,1,0.79238
141,14,709.62,310.36,42.75,92.08,1,1,0.82732
142,0,753.71,597.8,76.41,98.75,1,1,0.87499
142,1,1121.31,955.46,93.12,123.95,1,1,0.8563
142,2,1199.96,915.88,69.98,141.03,1,1,0.8481
142,5,570.32,485.96,73.9,119.75,1,1,0.83998
142,6,806.9,502.06,54.63,88.81,1,1,0.85638
142,7,576.13,550.47,68.14,132.93,1,1,0.85101
142,8,383.43,439.08,60.92,119.4,1,1,0.86574
142,10,1198.33,294.24,44.69,88.45,1,1,0.8575
142,11,897.46,457.64,77.49,107.58,1,1,0.8613
142,12,1384.13,638.55,82.34,111.74,1,1,0.87917
142,13,1431.59,398.13,52.4,92.55,1,1,0.85628
142,17,761.88,382.25,45.94,99.07,1,1,0.78229
142,20,582.31,282.28,59.47,98.32,1,1,0.86991
142,21,733.58,322.68,52.76,90.53,1,1,0.78384
142,16,960.06,334.52,56.82,93.0,1,1,0.8481
142,3,739.3,429.69,49.83,106.79,1,1,0.83047
142,24,527.76,290.4,68.99,89.63,1,1,0.87203
142,26,834.93,381.08,64.67,77.14,1,1,0.81531
142,15,859.29,438.61,48.95,113.58,1,1,0.83581
142,18,927.09,401.86,58.77,92.81,1,1,0.80844
142,14,707.56,310.49,44.05,91.98,1,1,0.84297
142,29,902.78,387.91,47.51,88.26,1,1,0.78274
143,0,763.13,598.7,71.1,98.75,1,1,0.8605
143,1,1124.26,954.72,107.1,124.65,1,1,0.86214
143,2,1214.48,918.16,72.08,141.41,1,1,0.83953
143,5,567.69,488.43,74.04,121.58,1,1,0.84468
143,6,804.12,502.36,55.67,94.04,1,1,0.84767
143,7,579.81,554.54,66.06,130.25,1,1,0.84188
143,8,381.55,441.98,61.86,120.22,1,1,0.86452
143,10,1200.97,297.02,46.03,87.23,1,1,0.85232
143,11,899.77,460.52,81.71,106.17,1,1,0.84785
143,12,1379.2,640.6,82.38,109.25,1,1,0.87089
143,13,1433.93,399.81,49.87,92.86,1,1,0.85115
143,17,760.18,381.5,46.93,97.68,1,1,0.71834
143,20,578.92,284.91,62.11,96.48,1,1,0.87024
143,21,733.23,323.33,53.07,87.27,1,1,0.77467
143,16,964.78,337.07,58.05,95.88,1,1,0.85725
143,3,742.72,430.23,49.47,108.22,1,1,0.82211
143,24,519.33,292.21,70.47,89.61,1,1,0.85585
143,26,841.07,381.29,59.02,78.88,1,1,0.80613
143,15,861.94,440.63,49.06,114.72,1,1,0.82027
143,18,929.07,401.89,56.03,93.41,1,1,0.80329
143,14,707.45,310.85,44.58,91.7,1,1,0.83927
143,29,903.39,387.07,48.79,88.84,1,1,0.77415
144,0,775.27,600.66,69.85,97.64,1,1,0.84894
144,1,1135.9,954.0,112.83,125.2,1,1,0.83155
144,2,1229.36,921.05,72.33,150.5,1,1,0.84445
144,5,573.5,490.89,66.93,113.0,1,1,0.84618
144,6,801.25,502.87,55.88,97.53,1,1,0.8509
144,7,581.92,562.58,69.83,126.78,1,1,0.84695
144,8,379.74,444.64,61.56,121.3,1,1,0.86317
144,10,1204.26,299.45,47.19,85.77,1,1,0.84548
144,11,902.94,464.1,83.28,103.15,1,1,0.84398
144,12,1375.29,643.03,82.87,106.57,1,1,0.86305
144,13,1436.13,401.1,48.35,92.33,1,1,0.84237
144,17,758.23,380.46,45.69,98.82,1,1,0.78713
144,20,576.17,286.47,62.95,94.98,1,1,0.86539
144,21,733.28,321.48,56.37,87.02,1,1,0.76486
144,16,977.64,339.35,51.7,98.25,1,1,0.85723
144,3,745.28,433.34,46.74,107.69,1,1,0.82503
144,24,511.53,294.01,69.79,87.18,1,1,0.83987
144,26,845.04,381.6,54.29,80.91,1,1,0.81168
144,15,863.67,443.56,47.73,114.51,1,1,0.81322
144,18,931.42,403.01,53.45,93.03,1,1,0.80238
144,14,706.04,310.36,45.27,92.9,1,1,0.84651
144,29,902.79,386.27,50.23,92.68,1,1,0.77725
145,0,786.7,603.75,69.74,94.28,1,1,0.8269
145,1,1164.48,953.21,98.44,126.18,1,1,0.78568
145,2,1244.99,924.73,72.32,150.34,1,1,0.85098
145,5,576.68,494.93,62.36,107.66,1,1,0.8267
145,6,798.3,504.66,55.02,99.26,1,1,0.84333
145,7,584.8,574.44,71.81,121.38,1,1,0.82791
145,8,379.21,448.7,60.63,119.89,1,1,0.8619
145,10,1207.09,302.56,49.25,83.24,1,1,0.82697
145,11,903.77,466.11,84.54,102.88,1,1,0.83393
145,12,1372.57,645.92,83.82,103.87,1,1,0.85828
145,13,1438.03,403.85,48.05,95.74,1,1,0.83791
145,17,756.58,384.3,43.88,96.0,1,1,0.78837
145,20,571.64,287.74,62.99,92.72,1,1,0.84876
145,21,733.26,321.36,61.69,85.41,1,1,0.80666
145,16,988.1,342.69,47.92,98.36,1,1,0.85462
145,3,748.21,435.74,44.34,107.21,1,1,0.82467
145,24,505.72,297.52,67.83,83.84,1,1,0.83679
145,26,846.7,383.08,51.82,82.7,1,1,0.79728
145,15,863.43,445.18,46.99,116.38,1,1,0.80263
145,18,930.81,405.21,54.49,92.22,1,1,0.79457
145,14,703.1,310.45,46.39,92.76,1,1,0.84283
145,29,901.24,385.99,51.4,92.0,1,1,0.74905
146,0,792.06,606.92,65.03,94.32,1,1,0.84574
146,1,1182.31,952.8,95.32,126.45,1,1,0.77685
146,2,1259.27,926.79,76.38,146.34,1,1,0.85176
146,5,579.14,497.87,60.87,104.01,1,1,0.83313
146,6,795.2,506.84,55.69,98.42,1,1,0.83996
146,7,586.51,578.41,73.98,126.05,1,1,0.8445
146,8,379.94,451.84,60.9,117.43,1,1,0.86458
146,10,1211.99,304.31,52.42,82.01,1,1,0.83033
146,11,904.67,465.49,83.29,105.05,1,1,0.84853
146,12,1367.62,647.17,87.03,101.65,1,1,0.85923
146,13,1441.08,406.1,48.22,98.83,1,1,0.84431
146,17,755.75,386.02,43.55,91.36,1,1,0.78979
146,20,569.76,288.47,61.1,91.34,1,1,0.84646
146,21,732.59,319.61,55.91,84.79,1,1,0.81047
146,16,997.85,344.41,45.57,97.91,1,1,0.85967
146,3,751.83,436.46,44.82,107.59,1,1,0.82397
146,24,506.66,301.53,59.93,79.64,1,1,0.83771
146,26,847.16,384.57,51.94,88.25,1,1,0.8019
146,15,864.32,447.56,46.88,116.49,1,1,0.80994
146,18,926.69,406.65,60.38,91.2,1,1,0.80802
146,14,700.0,311.17,48.41,91.76,1,1,0.84162
146,29,899.73,385.13,51.73,88.74,1,1,0.74379
147,0,795.7,609.21,65.98,95.6,1,1,0.86042
147,1,1209.68,954.62,85.21,124.53,1,1,0.82428
147,2,1273.78,928.9,76.77,140.36,1,1,0.85804
147,5,579.59,500.46,60.87,104.18,1,1,0.85047
147,6,792.48,509.64,58.97,96.05,1,1,0.84445
147,7,587.21,584.47,73.05,124.35,1,1,0.85454
147,8,379.61,454.52,60.2,114.78,1,1,0.86288
147,10,1216.95,305.43,52.87,82.49,1,1,0.84174
147,11,906.08,467.09,75.89,105.63,1,1,0.83012
147,12,1363.43,647.79,89.26,99.97,1,1,0.86416
147,13,1443.53,408.39,47.6,99.26,1,1,0.8451
147,17,754.34,390.83,44.89,85.06,1,1,0.78087
147,20,566.45,288.06,61.9,91.66,1,1,0.85714
147,21,730.94,317.59,54.2,87.11,1,1,0.81386
147,16,1004.27,346.28,44.82,97.18,1,1,0.85819
147,3,753.62,437.21,45.16,107.46,1,1,0.81565
147,24,502.72,303.41,56.6,79.7,1,1,0.86102
147,26,845.6,386.13,52.11,94.75,1,1,0.82011
147,15,865.3,450.59,47.09,115.4,1,1,0.8161
147,18,926.39,408.67,63.01,88.97,1,1,0.82407
147,14,695.28,310.0,51.08,91.91,1,1,0.84641
147,29,897.17,384.47,52.34,88.79,1,1,0.78844
148,0,802.18,610.8,71.21,96.57,1,1,0.86905
148,1,1226.86,955.56,86.0,123.76,1,1,0.83583
148,2,1288.88,928.89,78.94,137.25,1,1,0.8668
148,5,581.25,502.87,60.23,105.21,1,1,0.86548
148,6,794.26,512.45,59.06,93.69,1,1,0.85659
148,7,591.89,591.42,67.74,120.38,1,1,0.8567
148,8,381.62,456.67,58.53,114.06,1,1,0.8608
148,10,1221.51,307.41,52.04,82.16,1,1,0.85035
148,11,909.35,470.7,66.68,105.52,1,1,0.82694
148,12,1359.05,647.96,92.82,99.48,1,1,0.87916
148,13,1446.32,411.68,47.46,98.02,1,1,0.85029
148,17,754.51,392.11,47.73,83.05,1,1,0.79115
148,20,566.58,288.14,62.16,93.56,1,1,0.86897
148,21,731.42,316.79,52.46,88.37,1,1,0.82253
148,16,1009.17,348.81,47.27,97.03,1,1,0.86472
148,3,755.97,439.01,44.65,105.9,1,1,0.83435
148,24,496.86,305.37,58.97,84.51,1,1,0.87093
148,26,842.25,388.75,54.17,95.88,1,1,0.84375
148,15,867.82,453.61,46.15,114.04,1,1,0.83102
148,18,929.19,410.42,66.74,88.21,1,1,0.83349
148,14,691.8,309.6,55.02,92.84,1,1,0.85508
148,29,897.06,384.5,51.59,89.76,1,1,0.81752
149,0,810.2,612.61,67.39,98.45,1,1,0.86624
149,1,1247.33,956.11,80.48,123.16,1,1,0.83515
149,2,1303.42,928.03,81.16,137.38,1,1,0.86499
149,5,582.41,505.18,58.96,109.07,1,1,0.86609
149,6,795.51,514.15,58.07,95.82,1,1,0.85952
149,7,593.59,597.39,62.03,119.65,1,1,0.85608
149,8,381.9,458.09,58.38,117.36,1,1,0.86334
149,10,1225.0,308.63,49.24,82.69,1,1,0.84223
149,11,912.34,473.91,59.78,106.7,1,1,0.82787
149,12,1355.35,648.02,86.91,101.77,1,1,0.8684
149,13,1447.43,414.86,49.77,95.8,1,1,0.85355
149,17,753.79,397.48,49.63,76.58,1,1,0.7111
149,20,568.38,287.42,58.88,96.0,1,1,0.87128
149,21,729.81,315.45,54.61,90.22,1,1,0.82442
149,16,1011.43,350.59,51.87,97.3,1,1,0.86873
149,3,757.98,438.61,44.47,106.5,1,1,0.8312
149,24,491.12,308.01,62.89,88.51,1,1,0.87071
149,26,839.02,391.07,56.54,96.42,1,1,0.84344
149,15,869.58,457.06,46.46,111.77,1,1,0.83307
149,18,931.18,411.24,69.18,88.41,1,1,0.81939
149,14,687.84,308.93,57.53,95.3,1,1,0.85592
149,29,895.33,384.31,53.3,88.54,1,1,0.81621
150,0,819.06,613.44,59.78,99.95,1,1,0.8632
150,1,1266.82,957.18,79.09,121.99,1,1,0.81868
150,2,1316.29,927.47,85.88,142.5,1,1,0.86493
150,5,583.01,507.79,57.89,112.81,1,1,0.8597
150,6,796.44,515.15,56.11,99.26,1,1,0.85733
150,7,596.64,603.16,56.65,124.96,1,1,0.84409
150,8,381.99,458.9,58.62,120.44,1,1,0.86362
150,10,1228.65,310.26,48.74,84.29,1,1,0.82836
150,11,915.8,475.91,55.48,108.13,1,1,0.83361
150,12,1352.21,648.45,80.27,106.29,1,1,0.85537
150,13,1449.13,417.32,53.63,93.8,1,1,0.85314
150,17,753.08,401.28,49.42,75.44,1,1,0.73381
150,20,572.22,287.52,53.76,97.91,1,1,0.87321
150,21,728.87,314.65,60.23,92.24,1,1,0.83983
150,16,1015.09,352.6,55.97,98.83,1,1,0.86619
150,3,759.82,436.84,45.3,108.13,1,1,0.835
150,24,488.89,309.5,62.2,89.7,1,1,0.8605
150,26,836.1,391.97,59.32,98.04,1,1,0.84548
150,15,872.12,459.09,46.96,111.23,1,1,0.82903
150,18,933.97,411.35,70.09,86.44,1,1,0.83835
150,14,685.4,309.0,56.88,96.37,1,1,0.84828
150,29,895.0,383.84,54.59,88.36,1,1,0.81488
151,0,829.21,613.95,53.74,101.0,1,1,0.8536
151,1,1283.63,959.21,79.9,120.01,1,1,0.81482
151,2,1329.68,927.01,89.31,143.59,1,1,0.86504
151,5,582.16,510.8,58.6,113.06,1,1,0.86985
151,6,796.78,516.84,55.4,101.28,1,1,0.86547
151,7,597.45,610.51,55.7,127.07,1,1,0.86394
151,8,382.94,460.2,58.26,122.05,1,1,0.8638
151,10,1233.34,312.67,47.33,86.19,1,1,0.83758
151,11,920.41,478.43,50.74,108.06,1,1,0.83119
151,12,1347.3,649.96,71.37,108.11,1,1,0.87199
151,13,1452.19,420.26,55.72,96.7,1,1,0.85745
151,17,752.97,404.74,47.64,73.17,1,1,0.73076
151,20,576.12,287.73,48.7,99.24,1,1,0.87226
151,21,727.92,314.1,63.99,93.81,1,1,0.84814
151,16,1022.07,355.14,55.3,101.3,1,1,0.87185
151,3,761.57,438.83,47.0,106.12,1,1,0.8268
151,24,489.51,311.65,55.61,89.9,1,1,0.85318
151,26,835.25,393.02,59.87,99.18,1,1,0.84347
151,15,874.47,460.46,47.59,111.31,1,1,0.83448
151,18,937.24,411.66,71.18,84.72,1,1,0.84931
151,14,683.38,309.91,55.33,96.51,1,1,0.847
151,29,896.58,384.24,54.78,88.75,1,1,0.82243
152,0,836.78,616.77,51.7,98.32,1,1,0.85694
152,1,1302.77,958.91,74.87,120.18,1,1,0.81742
152,2,1342.43,927.07,88.19,144.54,1,1,0.85477
152,5,580.19,513.79,60.28,111.58,1,1,0.8686
152,6,795.55,518.41,55.12,103.38,1,1,0.863
152,7,597.28,616.91,56.94,127.94,1,1,0.86227
152,8,383.38,461.93,58.26,122.43,1,1,0.86118
152,10,1236.33,315.3,47.34,86.32,1,1,0.83777
152,11,920.84,479.22,49.11,107.74,1,1,0.83035
152,12,1341.89,652.35,68.37,106.12,1,1,0.8745
152,13,1453.94,422.74,56.75,99.01,1,1,0.85355
152,17,752.76,407.97,45.32,92.7,1,1,0.79474
152,20,578.52,288.32,45.31,98.84,1,1,0.86576
152,21,726.82,313.86,66.58,94.84,1,1,0.84683
152,16,1029.3,357.46,53.01,101.83,1,1,0.86535
152,3,764.49,440.33,49.18,104.45,1,1,0.81346
152,24,490.16,314.05,50.34,89.42,1,1,0.84604
152,26,837.87,391.92,56.79,101.24,1,1,0.82044
152,15,875.57,461.28,48.15,112.44,1,1,0.82095
152,18,939.84,410.32,71.01,84.54,1,1,0.8444
152,14,681.33,310.65,53.47,95.97,1,1,0.83717
152,29,898.95,384.45,52.42,88.82,1,1,0.82665
153,0,843.75,620.07,52.43,99.27,1,1,0.85021
153,1,1315.65,960.51,75.96,118.5,1,1,0.81226
153,2,1354.94,927.63,83.69,147.34,1,1,0.83166
153,5,579.63,516.87,60.98,109.31,1,1,0.86534
153,6,794.25,519.96,55.15,103.4,1,1,0.86016
153,7,596.83,622.76,58.5,124.32,1,1,0.85256
153,8,382.37,464.19,58.87,123.78,1,1,0.86068
153,10,1239.08,318.09,47.13,84.42,1,1,0.83428
153,11,921.92,480.75,47.84,106.47,1,1,0.8193
153,12,1335.22,655.44,70.03,102.96,1,1,0.87509
153,13,1455.11,424.63,58.36,103.26,1,1,0.85154
153,17,751.86,410.52,44.93,102.84,1,1,0.82102
153,20,579.32,289.39,43.84,97.9,1,1,0.86459
153,21,725.38,314.03,68.98,95.01,1,1,0.84927
153,16,1029.58,359.52,57.04,100.98,1,1,0.85954
153,3,769.02,441.06,49.3,106.11,1,1,0.81053
153,24,490.53,312.67,47.04,93.19,1,1,0.83944
153,26,839.71,392.69,53.56,100.61,1,1,0.83262
153,15,877.1,462.43,49.94,115.77,1,1,0.82149
153,18,942.32,408.96,68.95,85.87,1,1,0.84203
153,14,677.44,311.52,51.72,95.78,1,1,0.8285
153,29,900.78,384.99,48.09,88.29,1,1,0.81244
154,0,850.03,622.7,56.39,98.21,1,1,0.85992
154,1,1330.8,963.48,78.19,115.66,1,1,0.81011
154,2,1363.54,928.73,82.9,149.11,1,1,0.8317
154,5,580.1,520.7,61.33,106.11,1,1,0.87081
154,6,794.34,523.37,54.84,101.03,1,1,0.86424
154,7,597.02,628.32,59.21,119.43,1,1,0.86013
154,8,382.94,467.66,60.0,122.81,1,1,0.86782
154,10,1241.59,320.72,47.29,81.67,1,1,0.83137
154,11,922.94,482.42,47.45,106.1,1,1,0.8312
154,12,1331.11,657.94,70.38,101.38,1,1,0.8781
154,13,1457.38,427.7,57.04,103.68,1,1,0.8558
154,17,751.98,413.36,45.69,107.94,1,1,0.85118
154,20,579.69,292.09,43.17,96.4,1,1,0.86661
154,21,724.64,314.56,71.05,94.87,1,1,0.86707
154,16,1032.32,362.39,59.86,98.51,1,1,0.86891
154,3,772.49,443.85,49.27,108.94,1,1,0.83504
154,24,491.48,311.3,44.96,98.54,1,1,0.83053
154,26,841.1,392.73,53.89,101.09,1,1,0.85418
154,15,878.93,465.54,51.03,116.01,1,1,0.83242
154,18,943.17,408.55,68.62,86.88,1,1,0.85847
154,14,674.21,312.89,49.38,94.91,1,1,0.83153
154,29,898.81,387.2,47.53,86.88,1,1,0.80726
155,0,856.5,624.67,56.7,100.41,1,1,0.86384
155,1,1344.88,966.01,73.92,113.21,1,1,0.80618
155,2,1379.12,930.02,80.6,148.73,1,1,0.8581
155,5,580.21,523.79,62.23,102.71,1,1,0.87325
155,6,793.74,526.86,55.43,97.94,1,1,0.86209
155,7,597.08,632.71,59.0,114.96,1,1,0.86167
155,8,382.88,470.48,60.16,121.03,1,1,0.86702
155,10,1243.93,322.31,47.79,80.08,1,1,0.82983
155,11,923.01,484.77,47.88,108.66,1,1,0.82614
155,12,1326.29,660.52,69.05,105.84,1,1,0.87612
155,13,1458.66,431.37,54.76,101.37,1,1,0.85334
155,17,751.05,416.41,46.54,108.46,1,1,0.85402
155,20,578.53,294.57,43.58,94.37,1,1,0.86824
155,21,721.65,315.22,74.11,94.79,1,1,0.86655
155,16,1036.38,364.94,60.17,96.44,1,1,0.86466
155,3,776.04,447.43,48.97,110.1,1,1,0.8467
155,24,492.24,308.97,43.05,103.62,1,1,0.83378
155,26,843.46,391.63,51.73,102.4,1,1,0.85466
155,15,879.55,468.77,51.84,118.21,1,1,0.84063
155,18,943.66,407.27,68.56,88.5,1,1,0.85052
155,14,671.03,313.83,48.41,93.98,1,1,0.832
155,29,894.17,389.86,49.8,85.75,1,1,0.77613
156,0,863.94,626.56,55.15,102.89,1,1,0.86584
156,1,1360.89,970.03,75.91,109.12,1,1,0.82079
156,2,1394.78,931.19,80.01,146.84,1,1,0.85363
156,5,582.44,525.1,63.1,105.19,1,1,0.8805
156,6,795.25,529.65,56.09,95.24,1,1,0.86198
156,7,598.44,635.6,58.08,113.59,1,1,0.86846
156,8,384.44,473.1,59.8,118.62,1,1,0.86963
156,10,1247.8,323.51,47.92,80.9,1,1,0.83002
156,11,924.55,487.31,49.4,110.08,1,1,0.8324
156,12,1323.9,662.92,66.42,111.43,1,1,0.87116
156,13,1458.67,434.79,54.84,98.52,1,1,0.85663
156,17,751.4,418.26,47.28,108.13,1,1,0.85829
156,20,578.53,296.57,44.42,93.18,1,1,0.86772
156,21,719.51,316.05,76.28,93.6,1,1,0.87129
156,16,1041.42,367.23,62.03,98.56,1,1,0.874
156,3,780.81,451.25,47.33,108.42,1,1,0.85335
156,24,494.53,306.85,41.33,107.38,1,1,0.84046
156,26,847.26,392.9,49.55,100.79,1,1,0.86067
156,15,879.35,471.6,53.87,118.05,1,1,0.83608
156,18,943.63,404.97,70.38,90.45,1,1,0.86373
156,14,669.46,315.09,47.96,94.48,1,1,0.84809
156,29,888.02,391.96,56.94,85.61,1,1,0.81223
157,0,868.89,630.51,56.45,101.04,1,1,0.8694
157,1,1375.86,970.27,72.76,108.88,1,1,0.82453
157,2,1409.95,932.49,76.79,140.96,1,1,0.84363
157,5,586.37,526.62,62.29,109.6,1,1,0.87734
157,6,796.32,532.2,56.73,97.3,1,1,0.86191
157,7,598.65,638.17,58.26,117.59,1,1,0.86244
157,8,385.96,474.63,59.28,116.58,1,1,0.86617
157,10,1250.6,325.44,48.28,81.86,1,1,0.82884
157,11,925.62,489.8,51.23,111.25,1,1,0.84154
157,12,1318.95,665.31,68.74,113.77,1,1,0.87767
157,13,1458.95,437.93,52.82,94.88,1,1,0.85494
157,17,751.75,419.97,47.26,105.11,1,1,0.86207
157,20,577.25,298.07,45.87,91.92,1,1,0.86493
157,21,718.33,317.1,75.47,92.41,1,1,0.86711
157,16,1047.03,370.23,62.53,100.94,1,1,0.87602
157,3,783.9,454.84,47.09,106.19,1,1,0.85498
157,24,495.51,306.81,40.38,109.58,1,1,0.84356
157,26,849.82,394.46,48.76,98.95,1,1,0.8601
157,15,877.09,474.14,57.12,116.5,1,1,0.8353
157,18,943.67,402.96,71.14,91.96,1,1,0.86313
157,14,666.62,316.65,48.8,94.04,1,1,0.84595
157,29,885.88,394.23,63.1,84.24,1,1,0.81176
158,0,868.29,634.16,63.54,97.71,1,1,0.87731
158,1,1390.27,969.77,70.84,109.26,1,1,0.82499
158,2,1425.2,934.03,72.91,135.28,1,1,0.85878
158,5,590.29,528.23,60.8,114.23,1,1,0.87143
158,6,797.88,533.53,56.97,102.92,1,1,0.86421
158,7,599.22,640.91,58.32,123.43,1,1,0.86118
158,8,387.2,475.16,59.0,116.2,1,1,0.86373
158,10,1254.75,326.42,46.63,84.21,1,1,0.82286
158,11,929.43,492.59,51.47,111.87,1,1,0.84492
158,12,1314.87,667.16,69.34,113.96,1,1,0.88446
158,13,1460.22,440.45,50.04,94.91,1,1,0.85517
158,17,752.66,420.92,47.12,107.99,1,1,0.86269
158,20,575.96,297.79,47.15,92.13,1,1,0.86442
158,21,716.82,317.93,71.95,91.47,1,1,0.85681
158,16,1058.31,372.7,57.53,104.23,1,1,0.86392
158,3,787.29,457.53,47.06,102.86,1,1,0.85717
158,24,495.69,308.92,40.54,108.25,1,1,0.84107
158,26,845.86,394.9,53.56,98.02,1,1,0.86949
158,15,874.17,476.47,62.87,114.05,1,1,0.84902
158,18,942.91,400.41,72.72,93.42,1,1,0.87099
158,14,663.09,317.6,51.34,94.12,1,1,0.85141
158,29,885.17,396.26,64.22,82.39,1,1,0.83527
159,0,867.99,637.06,67.69,95.14,1,1,0.86249
159,1,1404.47,967.54,69.84,111.48,1,1,0.82912
159,2,1441.49,936.47,73.29,131.25,1,1,0.85358
159,5,595.56,530.91,57.71,115.05,1,1,0.86449
159,6,800.46,535.87,56.53,107.07,1,1,0.86561
159,7,599.29,645.08,62.06,127.11,1,1,0.87063
159,8,388.51,475.97,59.53,119.69,1,1,0.85636
159,10,1258.53,328.26,45.76,86.93,1,1,0.8277
159,11,931.56,495.81,54.79,110.23,1,1,0.83995
159,12,1309.16,670.25,72.12,111.12,1,1,0.8829
159,13,1461.52,443.25,48.85,96.98,1,1,0.85072
159,17,753.94,422.09,47.01,111.99,1,1,0.85349
159,20,574.92,297.16,48.37,93.53,1,1,0.86192
159,21,714.5,319.26,68.31,89.93,1,1,0.85078
159,16,1071.26,376.0,52.11,105.69,1,1,0.85678
159,3,790.61,459.53,47.13,102.61,1,1,0.85187
159,24,495.53,315.95,41.11,101.88,1,1,0.83802
159,26,844.63,395.79,55.26,97.61,1,1,0.867
159,15,874.13,479.02,64.58,111.46,1,1,0.8337
159,18,943.43,397.69,72.52,94.98,1,1,0.86125
159,14,661.17,319.43,52.47,92.2,1,1,0.84213
159,29,884.95,399.2,65.22,83.96,1,1,0.82342
160,0,869.57,640.01,69.23,94.53,1,1,0.84728
160,1,1416.09,964.87,69.82,114.2,1,1,0.84074
160,2,1455.55,939.26,82.81,129.47,1,1,0.86297
160,5,599.32,533.86,55.81,114.42,1,1,0.8463
160,6,803.09,538.58,55.38,108.01,1,1,0.85061
160,7,599.39,649.93,68.21,131.05,1,1,0.85725
160,8,393.29,477.3,57.05,121.7,1,1,0.84382
160,10,1262.45,331.7,44.7,87.25,1,1,0.8354
160,11,934.55,499.8,55.54,106.97,1,1,0.8351
160,12,1302.34,672.23,77.29,108.75,1,1,0.88299
160,13,1462.34,446.58,47.26,98.87,1,1,0.84536
160,17,755.07,424.17,47.32,113.81,1,1,0.84344
160,20,574.66,297.03,49.2,95.2,1,1,0.85508
160,21,711.45,321.46,64.74,87.35,1,1,0.84484
160,16,1083.39,379.38,46.3,104.41,1,1,0.84119
160,3,794.62,461.25,46.55,104.0,1,1,0.83543
160,24,495.6,326.96,41.33,91.35,1,1,0.83148
160,26,845.29,397.43,54.19,97.52,1,1,0.85218
160,15,877.1,481.62,61.57,109.54,1,1,0.81821
160,18,946.58,395.91,69.53,95.84,1,1,0.84206
160,14,657.35,321.34,53.16,90.45,1,1,0.8085
160,29,884.03,403.31,65.91,84.11,1,1,0.79799
161,0,874.33,642.26,66.99,97.28,1,1,0.85855
161,1,1425.76,962.05,69.02,117.04,1,1,0.84765
161,2,1468.47,942.43,82.52,129.22,1,1,0.85922
161,5,601.5,537.47,55.54,112.33,1,1,0.84952
161,6,805.08,541.87,54.19,106.93,1,1,0.85322
161,7,601.26,655.21,71.79,129.51,1,1,0.84412
161,8,396.95,479.48,55.72,123.49,1,1,0.84604
161,10,1266.2,335.26,43.15,85.36,1,1,0.83441
161,11,937.93,502.86,54.39,103.9,1,1,0.83913
161,12,1293.08,674.82,84.3,105.35,1,1,0.87921
161,13,1462.36,449.94,47.5,98.74,1,1,0.84684
161,17,755.58,426.59,47.66,115.74,1,1,0.83963
161,20,575.58,296.91,48.62,98.54,1,1,0.84892
161,21,709.83,321.84,62.56,87.39,1,1,0.84166
161,16,1090.59,382.81,44.46,102.3,1,1,0.83545
161,3,798.05,462.77,46.6,103.57,1,1,0.83328
161,24,494.7,334.46,41.66,83.73,1,1,0.83311
161,26,846.81,398.95,51.7,97.55,1,1,0.83503
161,15,878.77,484.29,58.78,108.16,1,1,0.82894
161,18,947.74,394.24,69.07,97.22,1,1,0.82392
161,14,658.05,323.38,51.95,87.3,1,1,0.72139
161,29,885.21,405.74,63.51,85.47,1,1,0.75986
162,0,881.97,646.49,63.55,99.88,1,1,0.86321
162,1,1435.27,961.32,70.05,117.68,1,1,0.83963
162,2,1481.09,944.57,75.03,128.51,1,1,0.8625
162,5,603.4,541.77,56.57,109.35,1,1,0.86248
162,6,806.98,545.28,55.04,104.3,1,1,0.85808
162,7,603.18,661.37,64.67,124.54,1,1,0.82336
162,8,398.76,481.93,56.8,123.6,1,1,0.84821
162,10,1270.31,338.02,43.82,82.17,1,1,0.84027
162,11,940.77,505.36,54.58,103.55,1,1,0.84385
162,12,1285.52,677.38,90.22,105.77,1,1,0.88512
162,13,1462.3,453.05,47.82,96.82,1,1,0.84832
162,17,756.53,429.61,47.97,115.99,1,1,0.84689
162,20,576.44,296.85,48.07,101.32,1,1,0.8493
162,21,709.64,321.27,61.17,88.23,1,1,0.84266
162,16,1097.48,385.38,44.68,102.32,1,1,0.82483
162,3,802.03,465.05,46.6,99.94,1,1,0.82403
162,24,496.38,338.42,41.45,79.4,1,1,0.83636
162,26,849.66,401.19,50.29,96.94,1,1,0.82717
162,15,881.32,485.93,55.95,106.6,1,1,0.84368
162,18,948.57,392.73,68.74,97.96,1,1,0.82246
162,14,655.51,324.59,52.54,87.16,1,1,0.80232
162,29,885.8,407.59,59.89,80.42,1,1,0.77905
163,0,889.4,649.72,59.92,102.66,1,1,0.86374
163,1,1439.5,960.41,71.69,118.53,1,1,0.85215
163,2,1491.65,945.77,70.98,129.48,1,1,0.85472
163,5,605.18,545.29,58.04,107.73,1,1,0.86261
163,6,807.96,549.24,58.3,100.43,1,1,0.86461
163,7,603.43,667.22,63.0,125.77,1,1,0.84057
163,8,400.81,485.95,56.85,123.57,1,1,0.85128
163,10,1273.31,339.78,43.98,80.25,1,1,0.84941
163,11,943.15,508.46,52.97,102.36,1,1,0.84779
163,12,1278.36,679.73,87.62,108.44,1,1,0.87905
163,13,1463.41,456.17,47.56,94.26,1,1,0.85241
163,17,757.53,433.35,47.42,113.68,1,1,0.85483
163,20,576.94,297.95,47.13,102.63,1,1,0.84984
163,21,704.87,321.75,65.34,87.64,1,1,0.84806
163,16,1100.64,388.04,47.03,103.56,1,1,0.84124
163,3,804.55,468.53,46.99,105.17,1,1,0.85311
163,24,496.55,340.59,42.44,76.81,1,1,0.83762
163,26,850.54,403.74,51.04,97.53,1,1,0.82285
163,15,883.66,488.27,52.3,105.37,1,1,0.85102
163,18,949.27,391.39,67.63,98.76,1,1,0.831
163,14,644.12,327.36,56.87,84.62,1,1,0.82833
163,29,885.59,408.7,53.71,76.22,1,1,0.7491
164,0,897.6,652.77,55.8,102.47,1,1,0.86485
164,1,1446.33,959.5,73.83,119.54,1,1,0.85659
164,2,1502.91,945.86,73.08,132.1,1,1,0.86236
164,5,607.12,549.16,61.01,109.68,1,1,0.86162
164,6,810.32,552.54,59.96,98.2,1,1,0.86519
164,7,602.0,673.44,62.91,127.05,1,1,0.86821
164,8,405.15,490.04,55.25,121.63,1,1,0.85482
164,10,1276.02,341.33,44.28,83.03,1,1,0.85525
164,11,947.27,511.64,51.81,104.14,1,1,0.85037
164,12,1271.41,681.5,78.62,111.86,1,1,0.86495
164,13,1464.68,459.3,46.03,91.29,1,1,0.85266
164,17,760.13,436.74,46.9,110.9,1,1,0.85778
164,20,578.05,299.15,47.56,102.86,1,1,0.85
164,21,700.9,321.93,69.31,87.24,1,1,0.85444
164,16,1104.87,391.25,50.34,102.42,1,1,0.84923
164,3,808.67,471.45,46.61,107.06,1,1,0.85803
164,24,496.88,341.38,43.94,76.55,1,1,0.84257
164,26,852.06,405.8,50.63,99.07,1,1,0.83984
164,15,885.15,490.72,49.98,110.71,1,1,0.85672
164,18,949.91,390.21,67.43,99.54,1,1,0.84491
164,14,637.87,328.4,60.42,83.9,1,1,0.84561
164,29,887.38,409.32,50.27,78.03,1,1,0.78723
165,0,904.95,655.06,51.72,100.49,1,1,0.85207
165,1,1455.43,957.51,73.73,121.48,1,1,0.84437
165,2,1514.11,946.81,76.34,132.14,1,1,0.86219
165,5,610.92,551.41,61.28,112.26,1,1,0.85403
165,6,811.7,555.21,62.04,99.16,1,1,0.85525
165,7,599.94,679.55,64.25,128.48,1,1,0.86618
165,8,409.45,493.52,53.59,119.43,1,1,0.84829
165,10,1278.36,342.55,45.35,86.29,1,1,0.84965
165,11,951.11,515.08,50.88,106.47,1,1,0.83533
165,12,1264.06,684.96,69.17,110.67,1,1,0.85963
165,13,1465.96,462.25,46.83,94.03,1,1,0.84185
165,17,762.24,439.11,46.46,108.62,1,1,0.84504
165,20,578.82,300.84,47.5,102.18,1,1,0.83922
165,21,696.41,322.32,72.4,87.25,1,1,0.85082
165,16,1112.28,394.61,49.76,102.11,1,1,0.83205
165,3,812.61,473.79,46.8,107.09,1,1,0.8357
165,24,497.37,342.15,45.37,79.68,1,1,0.83914
165,26,854.78,407.48,48.82,98.5,1,1,0.80765
165,15,886.88,493.06,48.84,114.08,1,1,0.84717
165,18,951.25,389.17,65.58,100.4,1,1,0.80743
165,14,634.57,329.07,59.93,84.27,1,1,0.83655
165,29,888.7,409.53,47.26,76.1,1,1,0.76536
166,0,911.2,658.67,48.71,96.89,1,1,0.85773
166,1,1469.04,953.6,68.05,125.26,1,1,0.85118
166,2,1525.45,946.61,77.9,132.58,1,1,0.86945
166,5,618.51,553.84,59.1,115.4,1,1,0.84976
166,6,815.65,557.77,62.47,101.28,1,1,0.86039
166,7,598.57,686.36,67.33,130.38,1,1,0.87968
166,8,415.85,495.41,51.67,117.63,1,1,0.85804
166,10,1282.46,344.43,46.2,88.98,1,1,0.85236
166,11,956.01,518.18,49.61,106.9,1,1,0.84353
166,12,1256.33,688.71,65.24,106.92,1,1,0.86583
166,13,1467.7,464.84,48.42,97.84,1,1,0.85037
166,17,764.88,440.92,46.77,108.79,1,1,0.85712
166,20,579.58,302.04,47.31,100.95,1,1,0.85788
166,21,692.92,322.5,74.44,87.4,1,1,0.85519
166,16,1120.79,397.07,47.73,102.35,1,1,0.84348
166,3,814.91,475.54,49.35,105.57,1,1,0.85822
166,24,498.78,342.64,46.84,83.13,1,1,0.85074
166,26,856.65,408.6,49.54,98.26,1,1,0.82737
166,15,888.47,495.24,48.85,113.53,1,1,0.86061
166,18,953.55,387.87,63.22,102.31,1,1,0.84332
166,14,633.08,329.51,59.68,85.05,1,1,0.84862
166,29,889.18,408.74,46.3,74.2,1,1,0.77693
167,0,915.24,661.26,48.78,98.14,1,1,0.85099
167,1,1480.99,950.06,63.47,128.87,1,1,0.83554
167,2,1535.03,945.39,88.55,133.96,1,1,0.87342
167,5,626.04,556.87,55.5,115.7,1,1,0.84713
167,6,819.52,560.19,61.6,103.66,1,1,0.84999
167,7,595.94,694.13,71.74,127.25,1,1,0.87478
167,8,419.95,496.41,51.18,116.65,1,1,0.85099
167,10,1284.79,346.81,46.92,91.22,1,1,0.85193
167,11,956.62,521.59,51.35,104.58,1,1,0.83782
167,12,1248.32,692.41,64.9,101.46,1,1,0.86527
167,13,1467.48,467.61,49.15,100.91,1,1,0.8417
167,17,765.19,443.54,47.94,111.2,1,1,0.85119
167,20,579.49,303.44,46.01,100.09,1,1,0.85361
167,21,689.22,322.98,74.07,87.28,1,1,0.84442
167,16,1120.88,399.93,51.68,101.03,1,1,0.84425
167,3,816.76,477.2,51.39,104.26,1,1,0.85545
167,24,499.02,342.54,48.54,85.16,1,1,0.84919
167,26,857.38,409.59,49.66,96.53,1,1,0.82191
167,15,888.57,496.59,48.62,112.91,1,1,0.85543
167,18,953.98,387.08,60.45,103.19,1,1,0.83577
167,14,629.31,329.49,61.31,87.36,1,1,0.85257
167,29,889.13,408.06,46.68,74.54,1,1,0.77439
168,0,919.2,664.06,48.52,100.47,1,1,0.85135
168,1,1490.99,946.61,61.53,132.37,1,1,0.83068
168,2,1544.66,944.02,99.52,134.72,1,1,0.88148
168,5,630.68,560.58,54.84,113.32,1,1,0.85679
168,6,825.51,563.83,59.33,104.13,1,1,0.84899
168,7,592.55,701.29,77.74,120.37,1,1,0.87758
168,8,423.03,497.43,51.72,118.76,1,1,0.85472
168,10,1288.85,349.71,45.79,92.64,1,1,0.85534
168,11,958.29,525.23,52.22,101.4,1,1,0.84497
168,12,1242.41,695.62,63.33,104.62,1,1,0.87653
168,13,1468.13,470.56,47.84,101.25,1,1,0.8444
168,17,766.14,446.01,48.09,113.93,1,1,0.85589
168,20,579.6,304.9,44.96,99.32,1,1,0.86106
168,21,687.64,323.72,70.02,86.73,1,1,0.85042
168,16,1119.2,403.51,57.12,98.12,1,1,0.84922
168,3,818.07,478.39,56.39,103.46,1,1,0.86272
168,24,500.09,343.57,51.5,85.58,1,1,0.86045
168,26,857.43,410.78,49.33,92.04,1,1,0.82616
168,15,889.39,498.0,47.67,111.06,1,1,0.85486
168,18,953.85,386.37,56.69,103.96,1,1,0.84947
168,14,627.41,330.26,61.76,88.83,1,1,0.86107
168,29,890.09,407.47,46.14,74.25,1,1,0.79768
169,0,923.49,666.4,49.28,104.38,1,1,0.85533
169,1,1498.4,943.29,60.8,135.53,1,1,0.84324
169,2,1551.21,941.37,106.99,136.73,1,1,0.8813
169,5,633.3,564.01,55.76,109.92,1,1,0.86276
169,6,830.32,566.64,57.23,103.02,1,1,0.85272
169,7,591.46,707.53,81.0,113.76,1,1,0.87782
169,8,424.85,497.88,53.27,121.06,1,1,0.85182
169,10,1291.76,352.44,44.49,92.86,1,1,0.85937
169,11,959.5,528.4,53.5,98.73,1,1,0.84896
169,12,1234.36,698.56,63.26,108.4,1,1,0.876
169,13,1467.35,472.72,46.99,100.43,1,1,0.84278
169,17,766.4,448.5,47.96,115.77,1,1,0.84956
169,20,579.03,304.97,44.15,99.81,1,1,0.86164
169,21,686.12,323.17,63.58,87.76,1,1,0.83738
169,16,1119.8,406.64,59.72,95.65,1,1,0.84499
169,3,819.38,480.28,60.03,100.52,1,1,0.85842
169,24,500.23,343.77,52.38,86.06,1,1,0.8603
169,26,856.49,411.3,49.33,87.64,1,1,0.81311
169,15,890.56,498.73,47.19,109.75,1,1,0.85299
169,18,953.5,384.96,52.87,104.75,1,1,0.84621
169,14,624.83,330.27,61.32,89.41,1,1,0.86451
169,29,889.99,407.33,46.13,77.49,1,1,0.80995
170,0,925.82,668.35,49.89,107.33,1,1,0.86327
170,1,1505.68,940.57,63.05,138.24,1,1,0.84359
170,2,1556.9,937.77,107.45,137.81,1,1,0.88484
170,5,635.8,566.72,57.17,106.86,1,1,0.86914
170,6,833.6,569.03,57.68,100.6,1,1,0.86054
170,7,594.12,710.97,80.87,116.96,1,1,0.88354
170,8,426.44,498.06,54.57,122.76,1,1,0.86343
170,10,1293.37,355.04,44.32,91.67,1,1,0.8642
170,11,960.64,531.58,55.23,102.77,1,1,0.85351
170,12,1226.2,700.34,64.7,112.73,1,1,0.8807
170,13,1464.77,474.77,46.96,98.2,1,1,0.84947
170,17,766.39,451.41,48.14,116.08,1,1,0.85856
170,20,579.44,305.16,43.26,100.65,1,1,0.8605
170,21,682.48,322.27,58.26,89.19,1,1,0.84182
170,16,1122.06,409.26,60.36,99.19,1,1,0.84639
170,3,822.57,481.76,60.96,97.54,1,1,0.8427
170,24,500.08,344.83,53.75,84.61,1,1,0.86301
170,26,855.45,411.83,49.26,87.86,1,1,0.81618
170,15,891.55,499.77,47.76,108.95,1,1,0.86118
170,18,952.46,383.49,50.67,104.76,1,1,0.86069
170,14,623.35,331.47,59.33,88.88,1,1,0.86108
170,29,889.54,407.13,45.83,79.13,1,1,0.82102
171,0,925.32,671.4,53.43,105.83,1,1,0.85856
171,1,1508.85,937.96,68.18,140.7,1,1,0.85536
171,2,1561.84,933.39,102.49,139.68,1,1,0.87651
171,5,637.54,567.95,58.59,111.2,1,1,0.86103
171,6,837.78,571.19,55.8,97.05,1,1,0.85365
171,7,597.07,715.15,80.6,122.52,1,1,0.87527
171,8,428.35,499.09,55.45,124.42,1,1,0.85727
171,10,1294.45,356.69,45.11,90.0,1,1,0.86378
171,11,962.39,534.42,55.47,105.69,1,1,0.84215
171,12,1219.26,701.9,63.79,115.05,1,1,0.87767
171,13,1461.98,476.29,46.48,95.97,1,1,0.84626
171,17,766.01,454.44,48.42,113.45,1,1,0.84932
171,20,579.07,305.1,42.69,101.84,1,1,0.85788
171,21,678.94,321.1,55.85,89.16,1,1,0.84555
171,16,1126.73,412.09,60.36,102.29,1,1,0.83072
171,3,829.69,481.79,57.95,97.26,1,1,0.81435
171,24,500.22,344.81,53.05,84.21,1,1,0.8607
171,26,856.27,411.59,47.46,83.61,1,1,0.80627
171,15,891.41,500.31,48.69,110.5,1,1,0.85537
171,18,950.73,381.33,50.04,105.4,1,1,0.84296
171,14,622.64,332.36,54.95,87.9,1,1,0.85145
171,29,888.56,405.6,46.04,80.01,1,1,0.80476
172,0,927.08,675.17,54.87,101.96,1,1,0.8456
172,1,1510.6,936.25,74.19,142.46,1,1,0.84943
172,2,1566.35,928.69,94.32,138.86,1,1,0.8608
172,5,640.81,569.53,59.18,115.7,1,1,0.85523
172,6,841.12,573.27,54.82,99.01,1,1,0.84013
172,7,600.16,721.33,81.14,126.41,1,1,0.863
172,8,432.08,500.85,54.89,125.07,1,1,0.84184
172,10,1295.63,358.03,46.51,88.42,1,1,0.85454
172,11,965.11,537.35,54.05,108.66,1,1,0.82731
172,12,1212.37,703.42,58.83,113.65,1,1,0.8743
172,13,1458.41,480.05,47.03,97.89,1,1,0.82734
172,17,766.21,457.6,48.23,110.4,1,1,0.84222
172,20,579.1,305.73,41.7,102.64,1,1,0.85115
172,21,677.94,320.41,51.66,89.49,1,1,0.84481
172,16,1139.11,415.46,52.56,106.47,1,1,0.8239
172,3,837.21,484.08,53.69,97.45,1,1,0.79835
172,24,501.38,344.72,50.12,86.49,1,1,0.8552
172,26,857.31,411.76,46.44,83.14,1,1,0.79375
172,15,891.63,501.96,48.77,112.59,1,1,0.84681
172,18,948.78,379.53,49.96,106.45,1,1,0.83093
172,14,621.4,333.15,50.04,86.88,1,1,0.8382
172,29,889.02,404.59,45.87,81.3,1,1,0.78257
173,0,930.03,678.56,54.19,101.64,1,1,0.83157
173,1,1512.73,934.43,78.8,139.99,1,1,0.77767
173,2,1570.21,923.13,84.52,138.95,1,1,0.84472
173,5,643.96,572.18,59.11,118.67,1,1,0.84706
173,6,843.27,575.25,53.34,103.42,1,1,0.81957
173,7,605.34,728.22,78.82,125.58,1,1,0.84868
173,8,435.87,504.38,53.63,124.7,1,1,0.83247
173,10,1295.34,359.69,47.46,89.51,1,1,0.84124
173,11,966.57,540.74,53.41,109.34,1,1,0.8214
173,12,1204.14,705.65,56.8,111.13,1,1,0.86909
173,13,1455.82,484.28,45.29,101.51,1,1,0.81116
173,17,766.1,460.44,47.48,108.42,1,1,0.83366
173,20,578.02,307.52,41.88,103.76,1,1,0.84317
173,21,677.61,320.9,48.66,90.76,1,1,0.8506
173,16,1147.36,419.4,46.81,106.47,1,1,0.82357
173,3,841.96,488.32,51.31,96.77,1,1,0.78273
173,24,501.28,345.52,47.9,89.77,1,1,0.8443
173,26,857.02,412.59,46.69,88.07,1,1,0.76877
173,15,890.67,504.3,49.49,114.64,1,1,0.82819
173,18,946.43,378.6,49.28,104.77,1,1,0.80961
173,14,619.9,335.54,45.8,86.57,1,1,0.83245
173,29,889.2,404.57,44.98,78.3,1,1,0.76562
174,0,932.03,680.61,54.05,104.18,1,1,0.81094
174,1,1518.81,930.62,75.11,146.72,1,1,0.77811
174,2,1572.87,916.32,77.3,139.32,1,1,0.82666
174,5,649.39,574.23,55.76,120.5,1,1,0.81183
174,6,845.39,577.24,54.05,105.57,1,1,0.77849
174,7,611.68,733.54,75.87,119.18,1,1,0.81809
174,8,440.02,507.36,52.41,122.44,1,1,0.81155
174,10,1295.76,361.7,46.85,91.22,1,1,0.82652
174,11,967.71,544.46,53.68,107.27,1,1,0.8065
174,12,1195.1,707.43,55.2,108.85,1,1,0.85704
174,13,1450.07,486.77,45.97,105.13,1,1,0.79274
174,17,766.48,462.25,47.56,106.6,1,1,0.80391
174,20,577.31,309.89,41.77,102.62,1,1,0.82346
174,21,675.5,321.53,48.76,90.96,1,1,0.84338
174,16,1153.38,422.48,43.65,103.65,1,1,0.80539
174,3,846.38,490.88,49.35,95.6,1,1,0.75812
174,24,501.92,346.71,47.54,91.59,1,1,0.83202
174,26,856.05,413.34,47.12,89.01,1,1,0.74824
174,15,889.1,506.38,50.2,114.27,1,1,0.78238
174,18,942.42,377.14,49.83,105.25,1,1,0.76422
174,14,616.88,338.7,46.69,85.77,1,1,0.8317
174,29,888.73,404.41,45.25,79.86,1,1,0.73351
175,0,929.93,683.12,55.41,102.45,1,1,0.79457
175,1,1525.03,926.51,63.61,149.3,1,1,0.7763
175,2,1575.27,909.68,71.38,137.15,1,1,0.80386
175,5,653.76,576.75,52.88,120.75,1,1,0.7852
175,6,846.18,578.55,53.64,107.76,1,1,0.75645
175,7,619.18,737.6,71.59,108.56,1,1,0.79738
175,8,442.65,509.96,50.52,117.09,1,1,0.7867
175,10,1294.93,363.67,45.55,91.42,1,1,0.80724
175,11,968.31,546.42,52.88,104.05,1,1,0.78956
175,12,1184.8,709.67,54.61,106.77,1,1,0.83096
175,13,1445.09,489.08,45.33,103.81,1,1,0.78824
175,17,764.91,463.51,47.86,109.91,1,1,0.7765
175,20,574.72,312.15,41.76,100.42,1,1,0.8019
175,21,671.64,322.62,47.36,90.69,1,1,0.81709
175,16,1155.31,426.19,41.78,98.25,1,1,0.77682
175,3,849.39,492.26,48.35,94.89,1,1,0.72882
175,24,501.14,348.08,46.91,92.7,1,1,0.813
175,26,854.66,413.5,46.65,88.81,1,1,0.68503
175,15,887.06,508.56,49.36,113.03,1,1,0.72509
175,18,938.07,374.95,49.73,105.02,1,1,0.70935
175,14,611.18,340.32,48.37,86.32,1,1,0.80708
175,29,886.97,404.16,45.84,80.37,1,1,0.66499
176,0,928.45,686.72,55.85,104.93,1,1,0.80719
176,1,1528.12,922.55,57.87,153.03,1,1,0.78973
176,2,1575.67,905.11,69.51,136.32,1,1,0.81373
176,5,656.0,580.84,51.48,118.86,1,1,0.7956
176,6,848.07,581.08,53.32,109.3,1,1,0.78584
176,7,620.6,740.55,74.86,109.48,1,1,0.80937
176,8,442.51,512.71,51.79,114.73,1,1,0.80416
176,10,1293.47,366.85,44.41,92.85,1,1,0.81523
176,11,969.47,549.62,51.65,100.74,1,1,0.79832
176,12,1172.69,712.12,57.75,108.3,1,1,0.82354
176,13,1438.44,492.41,46.31,103.14,1,1,0.80946
176,17,762.53,465.89,47.94,114.05,1,1,0.79915
176,20,572.0,314.95,41.54,99.05,1,1,0.81097
176,21,666.45,325.65,46.92,89.06,1,1,0.82463
176,16,1153.88,429.29,42.73,96.28,1,1,0.78817
176,3,850.91,493.88,46.9,95.26,1,1,0.74662
176,24,500.04,351.67,45.81,92.01,1,1,0.82501
176,26,853.55,415.64,44.65,89.09,1,1,0.71708
176,15,884.8,512.04,47.61,109.87,1,1,0.73743
176,18,933.37,373.99,48.56,103.77,1,1,0.77514
176,14,604.32,343.49,50.52,87.05,1,1,0.82195
176,29,884.86,406.45,43.76,79.43,1,1,0.73566
177,0,928.37,690.52,55.05,102.65,1,1,0.79382
177,1,1527.47,919.57,55.94,146.25,1,1,0.75301
177,2,1575.99,901.14,68.6,131.57,1,1,0.79836
177,5,655.77,585.18,51.66,113.3,1,1,0.75838
177,6,849.84,585.32,51.8,106.54,1,1,0.72608
177,7,624.88,744.03,73.62,109.74,1,1,0.8078
177,8,445.12,514.75,47.58,108.1,1,1,0.77851
177,10,1293.09,370.88,42.52,92.33,1,1,0.7953
177,11,969.84,552.67,51.37,99.95,1,1,0.7732
177,12,1160.37,716.13,58.39,106.93,1,1,0.7918
177,13,1433.67,496.18,44.87,95.46,1,1,0.78669
177,17,759.55,469.06,48.62,114.03,1,1,0.75289
177,20,568.43,317.92,41.04,95.65,1,1,0.76626
177,21,661.03,329.0,46.16,86.83,1,1,0.77066
177,16,1150.31,433.37,44.66,90.5,1,1,0.754
177,3,852.83,494.35,45.71,95.23,1,1,0.66801
177,24,498.62,356.25,44.61,88.36,1,1,0.80136
177,15,883.93,514.99,44.43,103.56,1,1,0.68289
177,18,930.47,373.38,45.33,102.53,1,1,0.69622
177,14,596.44,345.87,52.94,88.52,1,1,0.78324
178,0,929.19,692.78,51.68,98.49,1,1,0.77086
178,1,1525.5,915.84,55.44,136.99,1,1,0.76173
178,2,1575.19,897.76,68.87,126.54,1,1,0.8008
178,5,654.05,587.79,52.05,107.7,1,1,0.71882
178,6,848.86,586.57,51.98,105.37,1,1,0.67428
178,7,630.66,745.89,69.48,112.31,1,1,0.81012
178,8,446.2,515.04,44.81,106.56,1,1,0.7866
178,10,1291.68,374.09,41.1,89.48,1,1,0.79131
178,11,968.86,555.12,51.84,99.31,1,1,0.75603
178,12,1148.55,719.58,57.4,104.85,1,1,0.78502
178,13,1427.42,498.58,43.01,89.15,1,1,0.79516
178,17,756.49,471.32,48.15,112.43,1,1,0.70156
178,20,563.73,319.38,39.32,93.06,1,1,0.75595
178,21,656.03,331.3,44.36,83.21,1,1,0.73288
178,16,1145.51,436.38,47.62,86.05,1,1,0.74301
178,24,496.18,359.51,43.24,83.15,1,1,0.7898
178,18,925.92,371.1,43.72,101.66,1,1,0.66731
178,14,589.34,347.23,52.59,88.17,1,1,0.72862
179,0,929.64,697.51,48.17,94.23,1,1,0.77064
179,1,1521.62,912.88,58.2,129.3,1,1,0.7721
179,2,1575.55,896.52,69.38,123.39,1,1,0.80869
179,5,651.72,591.81,54.06,104.64,1,1,0.74166
179,7,635.18,748.87,66.49,114.43,1,1,0.81832
179,8,446.38,516.6,43.4,107.67,1,1,0.80983
179,10,1290.41,378.55,39.25,85.52,1,1,0.79251
179,11,969.5,558.89,49.66,99.32,1,1,0.7532
179,12,1138.54,725.16,53.98,104.2,1,1,0.7956
179,13,1420.79,501.99,41.14,88.37,1,1,0.80961
179,17,754.37,475.67,45.43,108.65,1,1,0.68084
179,20,560.5,321.28,36.36,90.4,1,1,0.74551
179,21,652.1,335.1,41.67,79.27,1,1,0.65452
179,16,1147.68,440.32,44.11,89.17,1,1,0.73321
179,24,493.33,363.26,41.15,78.26,1,1,0.78408
180,0,928.32,701.27,45.68,93.49,1,1,0.77374
180,1,1517.27,910.76,62.65,124.15,1,1,0.78423
180,2,1575.11,894.78,70.41,123.1,1,1,0.804
180,5,651.02,594.71,55.48,104.07,1,1,0.73846
180,7,636.62,751.02,66.72,113.68,1,1,0.80998
180,8,446.86,518.16,43.37,107.22,1,1,0.79861
180,10,1287.09,381.35,38.74,83.46,1,1,0.78609
180,11,968.99,562.73,48.25,101.14,1,1,0.74334
180,12,1127.99,729.75,52.96,104.1,1,1,0.79953
180,13,1412.81,504.88,41.46,91.19,1,1,0.78588
180,17,749.62,479.83,46.42,108.23,1,1,0.69396
180,20,554.92,322.58,37.32,91.45,1,1,0.74922
180,21,645.83,336.92,42.43,78.31,1,1,0.71587
180,16,1146.53,444.23,43.53,92.79,1,1,0.74592
180,24,488.67,366.85,40.62,78.18,1,1,0.76618
180,18,914.0,369.32,44.63,103.49,1,1,0.66026
180,14,575.82,353.34,51.49,83.39,1,1,0.66893
181,0,928.11,704.39,46.28,96.53,1,1,0.77104
181,1,1515.51,905.76,67.0,124.43,1,1,0.77529
181,2,1576.32,893.35,71.24,123.59,1,1,0.80232
181,5,652.79,596.75,56.84,106.01,1,1,0.72794
181,7,644.25,752.0,64.17,110.93,1,1,0.80948
181,8,448.74,518.64,43.71,108.54,1,1,0.78751
181,10,1285.35,382.22,38.74,81.29,1,1,0.7785
181,11,969.5,565.86,48.18,99.54,1,1,0.7628
181,12,1121.31,733.91,51.74,103.07,1,1,0.81109
181,13,1406.99,507.14,41.28,93.23,1,1,0.77763
181,17,748.32,483.01,45.53,105.39,1,1,0.71423
181,20,552.46,323.19,36.79,93.35,1,1,0.74347
181,21,638.45,338.04,45.24,77.4,1,1,0.6696
181,16,1147.51,447.64,41.36,90.81,1,1,0.76108
181,24,485.97,368.66,39.99,81.21,1,1,0.75644
181,18,909.5,367.29,44.82,105.26,1,1,0.64542
181,6,845.76,597.89,51.96,100.79,1,1,0.65313
182,0,926.14,707.08,49.07,105.25,1,1,0.80239
182,1,1502.18,901.65,85.29,129.57,1,1,0.76775
182,2,1574.0,892.1,77.89,127.22,1,1,0.80349
182,5,652.8,598.97,58.69,113.65,1,1,0.79491
182,7,649.09,751.9,66.17,114.69,1,1,0.81526
182,8,448.31,520.65,47.62,114.26,1,1,0.80126
182,10,1280.15,383.06,41.91,84.06,1,1,0.79959
182,11,966.03,569.1,50.99,100.01,1,1,0.80672
182,12,1108.95,737.66,57.13,104.05,1,1,0.83802
182,13,1398.45,509.75,45.4,97.25,1,1,0.80106
182,17,746.48,485.38,46.47,105.39,1,1,0.79371
182,20,548.36,323.64,39.6,98.43,1,1,0.81372
182,21,621.55,337.93,59.52,79.11,1,1,0.81002
182,16,1145.08,449.51,42.86,93.39,1,1,0.78169
182,24,480.52,369.77,43.54,88.69,1,1,0.81119
182,18,902.32,367.01,46.64,104.8,1,1,0.77754
182,6,844.73,602.45,52.95,103.53,1,1,0.75831
182,26,831.01,422.72,53.24,96.31,1,1,0.75257
182,29,868.93,415.33,39.77,86.5,1,1,0.68144
182,14,568.76,356.4,52.85,81.95,1,1,0.79689
183,0,927.02,707.58,50.09,108.44,1,1,0.80164
183,1,1499.11,899.78,92.07,131.42,1,1,0.76647
183,2,1574.81,891.28,80.31,128.57,1,1,0.80334
183,5,654.45,599.27,59.39,116.47,1,1,0.79428
183,7,652.34,751.34,66.91,116.05,1,1,0.81501
183,8,449.78,520.89,49.01,116.37,1,1,0.80111
183,10,1279.92,382.87,43.03,85.05,1,1,0.79934
183,11,966.39,569.74,52.01,100.18,1,1,0.80643
183,12,1106.22,738.49,59.0,104.43,1,1,0.83773
183,13,1397.03,510.2,46.85,98.75,1,1,0.80073
183,17,747.41,485.71,46.84,105.4,1,1,0.7932
183,20,548.53,323.31,40.6,100.32,1,1,0.8133
183,21,617.09,337.41,64.63,79.75,1,1,0.80959
183,16,1145.78,449.67,43.38,94.31,1,1,0.7814
183,24,480.2,369.7,44.78,91.47,1,1,0.81072
183,18,901.38,366.5,47.31,104.62,1,1,0.77691
183,6,845.93,603.54,53.3,104.4,1,1,0.75742
183,26,831.37,422.63,53.93,96.88,1,1,0.75142
183,29,869.83,415.45,39.51,87.06,1,1,0.68013
183,14,569.27,356.44,53.14,81.74,1,1,0.79622
184,0,924.64,711.5,48.51,106.33,1,1,0.76766
184,1,1505.82,892.92,76.8,129.57,1,1,0.78499
184,2,1575.22,888.32,76.64,117.96,1,1,0.79246
184,5,656.61,603.36,56.85,112.46,1,1,0.76395
184,7,659.94,749.83,62.19,117.52,1,1,0.8093
184,8,453.59,524.22,43.19,111.93,1,1,0.77662
184,10,1275.54,385.27,40.55,82.93,1,1,0.77443
184,11,964.9,572.6,51.39,96.25,1,1,0.7561
184,12,1097.03,739.99,56.98,101.23,1,1,0.80142
184,13,1387.91,513.88,44.39,93.08,1,1,0.7778
184,17,742.23,487.62,46.38,105.4,1,1,0.70802
184,20,542.31,325.62,37.67,97.4,1,1,0.75323
184,21,609.63,336.4,62.52,81.05,1,1,0.72551
184,16,1144.37,454.41,38.98,89.43,1,1,0.75937
184,24,476.04,372.86,42.42,87.35,1,1,0.75159
184,18,894.06,367.1,45.57,101.57,1,1,0.6807
184,6,846.02,607.61,52.12,101.78,1,1,0.65258
184,14,561.56,356.16,51.03,82.66,1,1,0.65807
185,0,925.08,713.91,48.78,102.26,1,1,0.75265
185,1,1508.75,885.82,67.79,129.36,1,1,0.8062
185,2,1576.05,883.47,75.38,113.53,1,1,0.80302
185,5,658.49,605.14,57.7,107.79,1,1,0.77196
185,7,671.15,747.63,56.17,118.05,1,1,0.8065
185,8,458.73,525.32,40.0,107.84,1,1,0.7669
185,10,1275.32,386.39,38.98,83.56,1,1,0.78657
185,11,966.75,573.68,49.2,97.52,1,1,0.73228
185,12,1090.27,740.02,55.93,102.72,1,1,0.79975
185,13,1382.48,514.65,42.73,89.83,1,1,0.76564
185,17,740.92,488.01,46.18,106.04,1,1,0.68261
185,20,539.84,327.28,35.59,94.49,1,1,0.74997
185,21,606.72,334.35,59.49,82.42,1,1,0.74106
185,16,1143.69,457.0,37.91,87.93,1,1,0.75347
185,24,475.62,374.17,41.78,83.88,1,1,0.75182
185,18,890.5,366.78,44.64,97.75,1,1,0.67933
185,6,845.48,610.96,53.25,96.94,1,1,0.67378
185,14,558.98,354.33,49.41,85.34,1,1,0.68077
186,0,923.27,714.89,51.19,98.52,1,1,0.75611
186,1,1509.77,878.76,62.26,128.72,1,1,0.79718
186,2,1576.55,877.49,76.91,113.58,1,1,0.79178
186,5,662.48,605.14,57.31,105.18,1,1,0.77117
186,7,680.54,745.33,52.75,119.74,1,1,0.80934
186,8,461.86,523.93,39.07,105.87,1,1,0.78465
186,10,1274.16,386.51,38.54,84.72,1,1,0.78015
186,11,966.82,573.51,50.11,101.81,1,1,0.72432
186,12,1084.58,739.06,54.59,106.18,1,1,0.80077
186,13,1376.47,514.29,43.23,89.34,1,1,0.76433
186,17,740.01,488.13,46.42,109.08,1,1,0.70819
186,20,536.78,327.85,35.92,94.69,1,1,0.75529
186,21,605.03,331.63,56.38,85.2,1,1,0.76457
186,16,1142.54,457.18,38.89,92.17,1,1,0.73828
186,24,473.91,374.31,42.97,83.53,1,1,0.76185
186,18,885.88,366.15,45.87,96.32,1,1,0.71632
186,6,845.81,610.44,54.36,94.91,1,1,0.6885
186,14,556.36,352.2,49.75,89.39,1,1,0.72172
187,0,924.34,715.39,49.5,95.56,1,1,0.76056
187,1,1510.77,871.48,55.23,124.99,1,1,0.8123
187,2,1577.73,871.87,73.12,110.84,1,1,0.8292
187,5,665.36,605.42,54.99,104.24,1,1,0.64996
187,7,688.14,744.34,50.41,115.89,1,1,0.80762
187,8,464.25,521.63,37.39,103.49,1,1,0.80703
187,10,1272.69,386.66,36.84,81.95,1,1,0.80374
187,11,968.45,574.09,47.26,102.05,1,1,0.72413
187,12,1080.77,738.18,50.23,103.68,1,1,0.81017
187,13,1371.88,514.01,40.67,93.45,1,1,0.78408
187,17,739.88,488.74,43.33,104.69,1,1,0.6617
187,20,535.57,327.7,32.46,87.88,1,1,0.7184
187,21,606.47,329.98,47.17,82.36,1,1,0.66634
187,16,1141.93,458.41,37.34,93.65,1,1,0.76933
187,24,474.05,374.15,39.17,78.2,1,1,0.73969
187,18,883.75,365.23,42.24,90.99,1,1,0.72631
188,0,925.43,715.62,48.27,98.87,1,1,0.76849
188,1,1509.87,865.09,51.97,121.33,1,1,0.81588
188,2,1577.76,866.37,70.65,109.54,1,1,0.83088
188,7,692.91,742.28,54.58,113.79,1,1,0.82158
188,8,465.97,518.8,37.27,103.36,1,1,0.79279
188,10,1270.41,386.26,36.31,80.69,1,1,0.81393
188,11,970.0,573.41,45.77,101.74,1,1,0.73462
188,12,1075.66,737.09,48.21,101.26,1,1,0.81578
188,13,1367.85,513.48,39.88,96.37,1,1,0.78597
188,20,533.29,326.43,30.85,84.53,1,1,0.70753
188,21,608.28,327.85,41.22,80.74,1,1,0.65476
188,16,1141.47,458.59,36.27,92.8,1,1,0.76475
188,24,473.01,372.89,38.19,77.26,1,1,0.73793
188,18,880.5,363.86,41.42,86.79,1,1,0.72241
189,0,927.71,716.0,46.63,101.73,1,1,0.78362
189,1,1510.87,860.0,49.93,118.76,1,1,0.83758
189,2,1577.91,860.84,68.17,109.43,1,1,0.84102
189,7,697.31,740.8,60.18,111.28,1,1,0.82705
189,8,467.92,516.27,38.35,103.5,1,1,0.79444
189,10,1268.75,385.37,35.87,78.26,1,1,0.81844
189,11,972.52,573.57,43.61,99.82,1,1,0.75954
189,12,1070.84,736.11,47.31,99.8,1,1,0.82246
189,13,1364.85,513.27,38.81,100.98,1,1,0.81079
189,20,531.88,323.56,29.18,82.64,1,1,0.69184
189,21,609.42,325.39,37.2,78.75,1,1,0.69114
189,16,1140.97,458.82,35.23,91.05,1,1,0.79314
189,24,472.86,371.69,36.85,78.4,1,1,0.71242
189,18,877.26,361.79,39.29,84.1,1,1,0.74644
189,26,832.89,420.24,40.45,83.68,1,1,0.67221
189,5,680.19,603.74,47.8,108.94,1,1,0.66082
189,17,739.26,489.82,41.8,97.65,1,1,0.65986
190,0,930.97,716.13,46.65,104.84,1,1,0.76696
190,1,1508.85,854.94,50.31,114.93,1,1,0.82647
190,2,1578.66,854.26,65.14,111.14,1,1,0.83246
190,7,702.15,738.16,66.15,108.18,1,1,0.8138
190,8,469.13,512.85,41.78,104.45,1,1,0.76666
190,10,1266.56,383.14,35.9,76.56,1,1,0.80417
190,11,973.73,572.15,43.66,98.68,1,1,0.73197
190,12,1064.82,734.8,48.96,98.54,1,1,0.81177
190,13,1360.61,513.0,40.32,102.66,1,1,0.79078
190,20,530.26,320.91,29.47,83.96,1,1,0.69318
190,21,607.29,322.97,36.74,79.9,1,1,0.7191
190,16,1139.82,457.38,35.57,88.61,1,1,0.76395
190,24,472.18,369.54,37.94,81.8,1,1,0.71504
190,18,874.52,358.23,40.45,82.26,1,1,0.69738
190,26,833.15,417.46,40.7,85.8,1,1,0.65359
190,5,685.25,602.46,46.74,110.89,1,1,0.74157
190,17,737.57,488.84,43.83,96.24,1,1,0.66832
190,6,855.26,604.89,51.71,103.11,1,1,0.66665
191,0,933.9,719.68,46.17,101.23,1,1,0.75578
191,1,1506.1,853.62,50.9,111.5,1,1,0.82218
191,2,1578.59,851.13,63.39,111.3,1,1,0.82536
191,7,709.35,739.08,68.93,105.96,1,1,0.78917
191,8,472.82,513.02,42.72,103.69,1,1,0.76825
191,10,1265.38,383.67,35.98,76.74,1,1,0.79788
191,11,977.51,573.86,42.81,92.62,1,1,0.72779
191,12,1060.45,736.69,49.51,99.21,1,1,0.80999
191,13,1358.21,515.6,39.99,100.98,1,1,0.78613
191,20,528.87,320.62,30.23,85.34,1,1,0.67145
191,21,604.64,322.13,37.58,81.33,1,1,0.69092
191,16,1139.8,457.7,35.86,87.33,1,1,0.76402
191,24,472.06,370.3,38.6,85.13,1,1,0.72534
191,18,872.89,355.86,41.41,83.35,1,1,0.69266
191,26,833.38,417.19,43.58,86.69,1,1,0.64562
191,5,690.14,604.24,46.31,109.58,1,1,0.72891
191,17,736.56,489.66,45.52,95.24,1,1,0.6542
191,6,858.22,605.9,50.31,103.48,1,1,0.66414
192,0,935.7,722.33,49.02,98.65,1,1,0.77031
192,1,1503.31,851.6,52.4,111.51,1,1,0.81019
192,2,1577.22,848.53,65.26,112.13,1,1,0.80679
192,7,724.03,740.78,60.87,106.2,1,1,0.78734
192,8,477.14,514.68,42.7,103.7,1,1,0.75989
192,10,1264.44,385.24,36.33,77.15,1,1,0.78533
192,11,981.4,576.36,43.63,94.66,1,1,0.70412
192,12,1055.69,738.83,50.98,98.94,1,1,0.799
192,13,1354.9,518.87,40.22,97.24,1,1,0.79008
192,20,527.69,321.16,30.97,88.28,1,1,0.67907
192,21,602.09,322.56,38.36,83.5,1,1,0.69533
192,16,1137.91,459.41,38.82,87.21,1,1,0.74506
192,24,471.51,372.65,40.52,86.53,1,1,0.73826
192,18,870.85,354.69,42.75,86.99,1,1,0.69076
192,5,693.61,606.56,47.44,107.95,1,1,0.74362
192,17,736.7,490.93,46.05,95.71,1,1,0.70249
192,6,862.65,608.81,48.83,101.63,1,1,0.75446
192,3,885.13,502.39,42.84,92.72,1,1,0.69517
193,0,937.23,724.26,51.37,97.23,1,1,0.79874
193,1,1500.29,847.36,52.58,112.01,1,1,0.82135
193,2,1578.48,845.95,65.47,110.96,1,1,0.81433
193,7,734.41,741.96,53.77,104.55,1,1,0.79779
193,8,481.08,516.08,41.51,102.82,1,1,0.7668
193,10,1263.86,386.71,36.06,76.6,1,1,0.80052
193,11,985.17,580.17,41.84,93.57,1,1,0.73386
193,12,1051.54,740.69,51.78,96.25,1,1,0.80952
193,13,1352.41,520.87,39.0,94.1,1,1,0.80649
193,16,1138.7,462.06,38.69,86.26,1,1,0.75356
193,24,471.61,374.65,40.13,84.05,1,1,0.70364
193,18,869.2,352.27,39.58,79.48,1,1,0.71379
193,5,698.93,607.37,46.81,103.85,1,1,0.73654
193,17,739.13,492.16,43.99,95.18,1,1,0.69818
193,6,865.18,610.54,48.28,97.81,1,1,0.73223
193,26,833.86,419.27,36.73,86.34,1,1,0.66569
194,0,939.51,724.85,55.21,97.89,1,1,0.77914
194,1,1498.8,842.7,53.02,112.62,1,1,0.81332
194,2,1579.56,843.71,69.11,109.96,1,1,0.81536
194,7,743.14,742.63,52.73,104.05,1,1,0.79399
194,8,485.28,516.98,40.73,102.36,1,1,0.76605
194,10,1263.91,387.78,35.6,75.98,1,1,0.77478
194,11,987.57,582.37,42.73,95.91,1,1,0.74027
194,12,1047.25,741.1,55.3,95.09,1,1,0.79769
194,13,1349.45,522.6,39.58,94.83,1,1,0.79695
194,16,1141.61,464.1,37.22,88.08,1,1,0.72666
194,24,471.57,375.9,41.07,82.52,1,1,0.67998
194,18,866.57,349.39,39.35,73.78,1,1,0.70666
194,5,699.5,607.89,51.89,104.39,1,1,0.75313
194,17,740.33,493.15,43.91,99.13,1,1,0.72297
194,6,866.66,611.88,51.06,96.06,1,1,0.75093
194,3,891.96,501.35,40.1,87.3,1,1,0.64378
195,0,944.73,724.96,54.54,98.19,1,1,0.80329
195,1,1497.9,837.02,52.26,113.02,1,1,0.82047
195,2,1580.75,842.23,71.1,107.52,1,1,0.83287
195,7,753.96,744.4,49.57,102.2,1,1,0.80994
195,8,490.29,517.07,38.3,100.55,1,1,0.78428
195,10,1264.51,389.56,34.51,79.89,1,1,0.77623
195,11,990.9,583.77,41.73,96.15,1,1,0.75371
195,12,1043.06,740.51,57.47,93.33,1,1,0.80238
195,13,1348.55,523.8,38.08,96.24,1,1,0.80508
195,16,1143.86,465.88,35.1,92.37,1,1,0.76195
195,24,474.01,376.08,38.59,80.15,1,1,0.6415
195,18,865.88,346.47,36.53,70.59,1,1,0.72542
195,5,703.55,608.0,53.77,103.75,1,1,0.69029
195,17,742.87,494.32,42.42,99.14,1,1,0.70258
195,6,869.85,612.83,51.36,93.59,1,1,0.68289
195,3,896.2,500.91,37.64,86.48,1,1,0.69521
196,0,947.84,724.82,55.71,100.69,1,1,0.79667
196,1,1498.79,832.49,52.41,112.57,1,1,0.82097
196,2,1579.58,840.5,73.28,104.97,1,1,0.82922
196,7,762.61,745.47,49.06,103.46,1,1,0.79351
196,8,493.12,516.13,37.89,99.39,1,1,0.77999
196,10,1264.18,391.47,34.69,85.53,1,1,0.76093
196,11,993.77,584.37,42.2,96.39,1,1,0.75122
196,12,1040.24,739.38,59.52,93.81,1,1,0.77291
196,13,1346.33,525.23,38.55,97.51,1,1,0.79499
196,16,1144.67,466.21,35.36,93.61,1,1,0.75367
196,24,475.16,375.68,38.48,80.36,1,1,0.69478
196,18,862.97,343.91,37.45,70.88,1,1,0.68225
196,5,704.39,608.06,60.13,106.24,1,1,0.71608
196,17,743.75,494.91,42.92,103.4,1,1,0.70493
196,6,869.88,613.04,56.3,96.44,1,1,0.66415
196,3,899.38,500.18,37.9,91.26,1,1,0.66207
197,0,953.77,724.79,54.53,100.6,1,1,0.79789
197,1,1499.22,828.59,51.92,110.39,1,1,0.84219
197,2,1577.55,837.68,72.99,104.12,1,1,0.83135
197,7,770.82,745.76,49.2,106.99,1,1,0.78862
197,8,497.17,513.94,37.15,98.44,1,1,0.79011
197,10,1264.61,392.95,33.95,87.14,1,1,0.78012
197,11,994.87,584.76,43.18,94.15,1,1,0.75799
197,12,1040.35,736.81,57.52,94.42,1,1,0.77547
197,13,1343.47,526.22,38.5,94.96,1,1,0.79571
197,16,1145.68,466.11,35.37,92.84,1,1,0.75382
197,24,478.03,374.97,36.78,79.87,1,1,0.71619
197,18,861.95,340.93,35.58,70.82,1,1,0.72083
197,17,746.15,495.99,41.48,99.2,1,1,0.72113
197,6,875.59,613.29,55.58,97.94,1,1,0.66677
197,3,904.32,499.52,36.47,92.48,1,1,0.70321
198,0,956.9,723.47,57.54,100.35,1,1,0.75859
198,1,1497.52,823.37,53.49,110.13,1,1,0.82144
198,2,1573.54,832.53,74.88,106.18,1,1,0.80531
198,7,779.22,744.23,49.92,111.94,1,1,0.78417
198,8,498.26,510.37,40.55,102.19,1,1,0.77997
198,10,1263.88,391.7,34.58,86.97,1,1,0.75222
198,11,994.88,582.76,46.34,94.99,1,1,0.75779
198,12,1038.61,732.94,60.24,99.01,1,1,0.77204
198,13,1338.25,526.08,42.57,94.0,1,1,0.78329
198,16,1143.86,464.13,38.96,94.76,1,1,0.74653
198,24,477.84,373.14,38.97,83.67,1,1,0.74562
198,18,859.06,338.3,37.25,75.65,1,1,0.70952
198,17,746.27,495.47,43.43,100.05,1,1,0.74575
198,6,881.84,612.33,55.24,102.74,1,1,0.7753
198,3,907.04,497.26,39.02,98.55,1,1,0.70044
198,15,842.5,525.14,45.54,100.28,1,1,0.67332
198,20,521.33,320.96,35.74,86.42,1,1,0.68942
198,5,718.28,606.96,61.03,112.05,1,1,0.72693
199,0,965.02,722.73,54.79,94.56,1,1,0.76136
199,1,1496.04,818.91,53.47,107.81,1,1,0.8449
199,2,1569.54,828.97,74.32,105.35,1,1,0.83128
199,7,787.04,743.68,48.88,110.31,1,1,0.79653
199,8,501.55,507.67,39.53,101.74,1,1,0.78821
199,10,1264.04,389.88,32.72,82.67,1,1,0.7619
199,11,997.14,580.69,45.19,95.0,1,1,0.74559
199,12,1040.06,729.89,53.97,100.67,1,1,0.77599
199,13,1334.18,525.53,43.23,90.31,1,1,0.79542
199,16,1144.36,463.66,38.44,94.26,1,1,0.76412
199,24,479.98,372.73,36.68,82.88,1,1,0.72893
199,18,857.29,336.53,35.23,74.51,1,1,0.74393
199,17,748.25,494.4,42.84,95.96,1,1,0.69093
199,6,889.18,611.65,51.7,100.77,1,1,0.73347
199,3,911.21,496.64,37.07,96.89,1,1,0.69839
199,30,880.02,406.76,33.44,84.42,1,1,0.6776
199,20,522.01,319.09,33.24,81.42,1,1,0.69877
200,0,970.46,721.19,54.67,93.09,1,1,0.74659
200,1,1494.84,814.18,54.72,106.92,1,1,0.83358
200,2,1563.52,824.02,75.67,105.86,1,1,0.81383
200,7,794.2,742.38,50.65,106.84,1,1,0.78832
200,8,503.85,505.15,41.47,103.01,1,1,0.77611
200,10,1262.92,388.04,33.29,80.05,1,1,0.75364
200,11,998.17,581.6,47.81,98.63,1,1,0.76869
200,12,1038.42,727.82,49.48,101.88,1,1,0.76859
200,13,1328.67,524.93,46.65,89.27,1,1,0.78564
200,16,1145.54,462.85,38.21,99.35,1,1,0.76692
200,24,481.76,371.91,36.94,84.44,1,1,0.73242
200,18,854.25,334.96,36.97,76.43,1,1,0.72197
200,17,748.28,492.76,45.98,97.06,1,1,0.75125
200,6,892.56,611.58,52.78,100.03,1,1,0.82272
200,3,914.06,495.08,38.78,99.97,1,1,0.68134
200,20,520.81,317.02,34.88,82.92,1,1,0.7094
200,5,733.99,604.02,55.35,109.97,1,1,0.78458
201,0,974.03,718.55,54.25,91.36,1,1,0.74246
201,1,1491.72,807.92,56.97,107.78,1,1,0.82952
201,2,1556.75,818.65,77.23,104.3,1,1,0.79713
201,7,801.64,737.66,53.75,103.52,1,1,0.79701
201,8,507.61,502.87,40.3,100.91,1,1,0.7686
201,10,1262.29,387.04,33.24,80.76,1,1,0.77195
201,11,1000.74,583.09,49.17,97.37,1,1,0.75202
201,12,1036.77,725.79,47.06,99.23,1,1,0.75146
201,13,1325.79,523.97,46.46,90.75,1,1,0.78701
201,16,1146.25,461.54,38.68,101.87,1,1,0.76172
201,24,483.02,371.01,36.48,81.89,1,1,0.71175
201,18,851.72,333.04,36.76,75.53,1,1,0.71287
201,17,748.33,490.59,47.54,98.32,1,1,0.70095
201,6,896.35,609.76,51.72,96.64,1,1,0.78863
201,3,918.39,493.58,37.16,97.35,1,1,0.68078
201,20,520.08,314.03,34.35,83.6,1,1,0.6807
201,5,742.56,601.35,51.89,106.27,1,1,0.77309
202,0,972.9,713.78,62.69,95.79,1,1,0.79824
202,1,1488.84,801.35,58.54,109.98,1,1,0.80952
202,2,1547.04,810.02,82.33,109.66,1,1,0.79915
202,7,795.77,731.29,72.64,108.4,1,1,0.81788
202,8,510.14,500.41,43.27,106.69,1,1,0.7875
202,10,1259.86,385.82,36.56,85.3,1,1,0.78889
202,11,1002.98,582.31,51.34,103.27,1,1,0.83146
202,12,1031.66,723.46,48.72,100.12,1,1,0.78752
202,13,1324.51,522.32,45.97,97.86,1,1,0.79872
202,16,1145.77,460.45,41.26,105.47,1,1,0.80127
202,24,481.95,369.0,41.67,84.25,1,1,0.71963
202,18,848.84,331.81,38.69,80.27,1,1,0.74947
202,17,746.6,488.55,51.22,102.01,1,1,0.77962
202,6,897.38,607.79,55.29,100.59,1,1,0.85429
202,3,919.95,490.85,38.67,97.84,1,1,0.75813
202,20,517.33,310.52,37.14,88.24,1,1,0.7311
202,5,745.85,597.57,55.24,109.52,1,1,0.80564
202,21,587.81,302.11,38.74,88.59,1,1,0.68594
202,26,828.06,405.61,51.67,90.23,1,1,0.66385
202,15,839.65,518.04,47.88,112.49,1,1,0.75021
202,30,879.82,399.94,41.76,88.64,1,1,0.73695
203,0,979.41,709.57,57.91,92.0,1,1,0.6949
203,1,1486.8,794.16,56.36,108.78,1,1,0.81081
203,2,1539.24,801.71,81.39,109.26,1,1,0.81571
203,7,807.02,724.14,70.68,106.09,1,1,0.78007
203,8,515.2,498.1,37.95,99.19,1,1,0.75326
203,10,1260.94,384.29,34.7,83.61,1,1,0.7869
203,11,1005.86,580.43,49.48,101.97,1,1,0.76973
203,12,1030.31,719.7,47.89,96.49,1,1,0.75489
203,13,1325.46,520.9,41.18,95.02,1,1,0.785
203,16,1148.03,459.15,38.33,102.67,1,1,0.77195
203,18,846.03,329.05,36.48,75.93,1,1,0.73391
203,6,900.89,605.36,54.7,100.66,1,1,0.75645
203,3,920.95,487.07,38.06,94.84,1,1,0.66717
203,20,517.11,306.13,34.37,81.37,1,1,0.68296
203,5,752.1,593.9,52.71,106.18,1,1,0.67539
203,30,881.51,396.81,39.33,81.01,1,1,0.69628
204,0,990.21,705.24,50.51,93.07,1,1,0.67842
204,1,1486.23,788.04,52.62,106.14,1,1,0.81015
204,2,1534.45,795.38,75.84,107.4,1,1,0.81526
204,7,818.43,718.54,66.4,106.99,1,1,0.77537
204,8,519.47,496.1,35.44,98.95,1,1,0.76642
204,10,1261.56,383.41,33.88,81.14,1,1,0.79423
204,11,1008.78,578.92,47.19,99.27,1,1,0.73901
204,12,1029.74,717.91,47.2,95.12,1,1,0.74454
204,13,1324.28,519.8,39.92,95.58,1,1,0.78267
204,16,1150.56,457.89,36.32,99.88,1,1,0.76502
204,18,843.18,327.28,35.45,74.23,1,1,0.74108
204,6,907.34,604.1,53.78,101.47,1,1,0.77532
204,3,921.71,484.46,38.88,94.26,1,1,0.68913
204,20,517.01,303.17,32.24,76.13,1,1,0.68508
204,5,757.52,590.81,52.08,105.65,1,1,0.66977
204,30,883.49,393.51,37.99,81.76,1,1,0.72121
205,1,1483.1,782.58,50.0,105.73,1,1,0.8265
205,2,1529.53,787.99,73.53,105.88,1,1,0.81772
205,7,830.64,713.3,59.76,107.6,1,1,0.79161
205,8,523.02,493.58,34.39,99.08,1,1,0.77841
205,10,1261.23,382.0,33.43,77.43,1,1,0.80612
205,11,1009.37,576.98,44.73,97.14,1,1,0.71228
205,12,1025.6,710.2,48.14,100.46,1,1,0.72576
205,13,1321.58,518.47,39.79,92.4,1,1,0.78938
205,16,1150.52,455.17,36.05,94.87,1,1,0.74137
205,18,840.58,323.91,34.79,74.95,1,1,0.72533
205,6,913.81,601.89,51.77,100.59,1,1,0.77515
205,3,924.15,480.99,39.04,94.86,1,1,0.66699
205,20,517.06,300.31,29.81,71.2,1,1,0.69615
205,5,766.73,587.94,48.68,105.61,1,1,0.66681
205,30,884.95,390.63,37.41,81.54,1,1,0.71318
206,1,1476.76,777.46,50.3,106.35,1,1,0.82004
206,2,1523.88,782.1,75.65,105.39,1,1,0.79933
206,7,836.94,708.62,61.32,109.4,1,1,0.77375
206,8,523.68,490.74,35.27,101.08,1,1,0.76142
206,10,1258.03,380.94,33.99,74.99,1,1,0.80197
206,11,1009.18,575.28,46.71,96.78,1,1,0.69746
206,12,1012.34,704.68,55.43,106.46,1,1,0.72957
206,13,1317.65,517.25,40.91,91.83,1,1,0.78086
206,16,1147.45,456.08,39.28,91.27,1,1,0.75743
206,18,837.72,321.13,34.75,73.21,1,1,0.71084
206,6,916.97,600.32,51.28,102.09,1,1,0.80579
206,3,923.31,478.77,43.47,98.48,1,1,0.68815
206,20,514.91,298.91,29.03,68.15,1,1,0.71678
206,5,770.18,585.31,50.41,109.55,1,1,0.79026
206,30,884.38,387.82,39.76,85.76,1,1,0.7151
206,24,490.48,361.49,36.62,82.07,1,1,0.65757
206,17,750.92,481.98,47.77,102.64,1,1,0.73718
207,1,1471.6,773.72,48.4,104.36,1,1,0.83814
207,2,1520.09,777.96,72.38,103.52,1,1,0.81538
207,7,847.7,705.95,57.99,107.23,1,1,0.79659
207,8,524.92,488.27,35.44,99.26,1,1,0.77541
207,10,1255.88,379.73,33.47,71.48,1,1,0.80887
207,11,1012.4,575.64,44.7,95.66,1,1,0.64093
207,12,1012.29,707.81,53.78,101.67,1,1,0.70481
207,13,1315.3,517.19,40.09,87.79,1,1,0.78007
207,16,1144.94,456.91,42.01,89.2,1,1,0.74505
207,18,835.5,319.21,33.19,72.4,1,1,0.71815
207,6,921.99,600.55,47.64,97.53,1,1,0.74193
207,3,927.61,478.7,39.55,97.73,1,1,0.64038
207,20,513.88,299.2,27.31,66.5,1,1,0.74881
207,5,776.87,585.19,46.82,107.42,1,1,0.77189
207,30,885.7,387.43,38.59,83.49,1,1,0.73044
207,24,493.25,361.8,33.66,81.21,1,1,0.65597
207,17,753.52,481.51,43.54,98.44,1,1,0.75292
208,1,1465.18,770.22,47.53,102.67,1,1,0.82078
208,2,1515.27,773.91,70.38,102.3,1,1,0.814
208,7,858.1,700.78,58.92,105.79,1,1,0.77217
208,8,526.22,485.52,38.18,101.09,1,1,0.77218
208,10,1254.81,378.35,34.15,71.42,1,1,0.81017
208,11,1015.13,576.18,44.93,98.73,1,1,0.70308
208,12,1011.7,708.23,52.78,102.65,1,1,0.67497
208,13,1311.65,516.76,42.21,88.43,1,1,0.77176
208,16,1145.46,456.54,43.71,94.16,1,1,0.71855
208,18,832.58,317.22,33.29,73.97,1,1,0.70866
208,6,926.15,601.16,47.85,95.01,1,1,0.75011
208,3,930.76,478.3,39.05,98.36,1,1,0.67052
208,20,512.77,299.39,26.91,67.13,1,1,0.75254
208,5,782.47,583.53,45.91,108.97,1,1,0.7833
208,30,885.99,386.12,38.45,83.9,1,1,0.72992
208,17,753.25,479.68,44.03,97.01,1,1,0.75865
209,1,1457.82,767.25,46.21,102.34,1,1,0.82776
209,2,1509.45,770.55,69.45,101.81,1,1,0.81918
209,7,865.63,696.3,59.8,101.86,1,1,0.75711
209,8,527.41,483.9,39.09,100.81,1,1,0.76706
209,10,1253.25,377.86,34.42,73.43,1,1,0.81849
209,11,1017.59,578.18,42.45,96.8,1,1,0.72008
209,12,1012.08,712.47,57.12,97.45,1,1,0.72068
209,13,1308.95,517.37,42.34,89.8,1,1,0.7773
209,16,1149.47,457.29,39.61,94.08,1,1,0.69633
209,18,829.18,315.78,32.37,73.33,1,1,0.70975
209,6,929.89,601.76,47.67,89.74,1,1,0.65966
209,3,932.84,479.59,37.1,94.46,1,1,0.69482
209,20,510.76,299.33,26.37,67.64,1,1,0.75163
209,5,788.91,583.23,42.47,105.66,1,1,0.76017
209,30,886.32,386.19,37.14,80.11,1,1,0.75437
209,17,752.36,478.6,44.19,93.81,1,1,0.73871
209,33,551.37,326.31,29.94,80.03,1,1,0.70748
209,26,837.11,386.55,35.1,83.85,1,1,0.64938
209,24,491.75,365.14,33.83,76.72,1,1,0.70015
210,1,1447.39,764.21,48.61,103.62,1,1,0.78946
210,2,1500.91,767.09,74.22,104.6,1,1,0.78787
210,7,869.6,691.51,64.46,102.98,1,1,0.72288
210,8,525.47,482.95,43.21,101.29,1,1,0.76345
210,10,1250.21,378.5,35.58,76.43,1,1,0.79688
210,11,1017.42,579.22,44.68,101.11,1,1,0.74501
210,12,1008.68,711.51,63.68,101.46,1,1,0.72403
210,13,1304.4,517.7,44.9,96.12,1,1,0.77888
210,16,1149.43,458.8,40.13,101.12,1,1,0.75425
210,18,825.47,315.33,33.02,76.48,1,1,0.70856
210,6,931.09,602.07,51.27,95.49,1,1,0.73705
210,3,931.74,480.31,41.02,94.29,1,1,0.72668
210,20,508.33,299.27,26.97,68.67,1,1,0.7376
210,5,789.94,582.76,47.35,106.1,1,1,0.77064
210,30,885.17,385.56,37.67,80.44,1,1,0.74595
210,17,749.19,478.11,47.85,95.13,1,1,0.76267
210,33,549.58,326.56,30.71,78.43,1,1,0.69029
210,26,835.89,385.95,35.86,86.63,1,1,0.64369
210,24,490.28,365.95,34.81,76.04,1,1,0.70652
210,21,575.12,280.43,29.59,79.71,1,1,0.64795
211,1,1439.52,761.48,48.37,104.88,1,1,0.79349
211,2,1495.19,765.78,74.13,105.09,1,1,0.79474
211,7,879.56,687.09,60.86,101.22,1,1,0.69084
211,8,527.21,483.91,41.78,100.17,1,1,0.75887
211,10,1248.51,379.8,34.96,77.46,1,1,0.8192
211,11,1018.11,581.16,43.71,97.02,1,1,0.73601
211,12,1007.88,710.99,58.65,98.38,1,1,0.69463
211,13,1301.27,520.03,44.39,97.18,1,1,0.79243
211,16,1148.6,461.5,39.47,99.06,1,1,0.74369
211,18,822.61,315.01,31.36,76.67,1,1,0.72338
211,3,932.15,481.21,41.56,89.92,1,1,0.71734
211,20,506.52,299.0,26.35,66.86,1,1,0.74254
211,30,885.38,385.89,36.62,77.22,1,1,0.77237
211,33,548.41,328.06,31.05,75.53,1,1,0.70614
211,26,835.81,386.47,33.85,83.19,1,1,0.68264
211,24,490.48,365.24,34.43,73.45,1,1,0.75231
212,1,1431.27,759.18,48.77,107.68,1,1,0.7859
212,2,1489.68,764.06,72.33,105.72,1,1,0.78695
212,7,888.8,684.32,57.61,104.08,1,1,0.6704
212,8,530.52,484.98,40.12,101.21,1,1,0.75783
212,10,1246.25,381.84,34.66,79.35,1,1,0.81292
212,11,1017.92,583.71,44.55,91.85,1,1,0.73179
212,12,1006.32,707.9,56.07,103.48,1,1,0.73168
212,13,1296.61,522.96,43.41,96.68,1,1,0.78815
212,16,1146.3,463.25,41.59,96.39,1,1,0.71794
212,18,818.62,315.23,31.39,76.95,1,1,0.72558
212,3,933.52,482.15,40.79,89.23,1,1,0.70377
212,20,504.24,299.62,26.08,64.89,1,1,0.73785
212,30,883.51,386.11,37.89,78.38,1,1,0.75992
212,33,547.14,328.12,32.09,76.57,1,1,0.67188
212,24,490.66,364.09,33.98,74.66,1,1,0.74635
213,1,1422.53,758.66,49.56,106.16,1,1,0.80835
213,2,1482.62,763.23,70.93,105.27,1,1,0.79169
213,7,899.46,683.51,52.14,106.23,1,1,0.72003
213,8,530.92,486.93,39.35,98.32,1,1,0.75777
213,10,1244.65,384.55,33.67,79.1,1,1,0.80695
213,11,1018.48,587.51,45.68,87.9,1,1,0.71911
213,12,1006.21,709.97,53.58,108.12,1,1,0.75943
213,13,1292.67,526.34,41.9,93.59,1,1,0.78878
213,16,1143.21,465.41,43.66,91.75,1,1,0.73983
213,18,813.97,315.84,31.55,77.33,1,1,0.73397
213,3,933.83,482.9,39.81,89.61,1,1,0.69338
213,20,501.65,300.81,25.69,65.62,1,1,0.73283
213,30,880.03,386.72,40.4,79.62,1,1,0.7631
213,33,544.83,326.21,33.11,79.37,1,1,0.64288
213,24,489.85,365.24,33.56,77.87,1,1,0.72249
213,26,831.51,389.02,32.4,80.89,1,1,0.65053
214,1,1411.84,758.38,51.88,105.23,1,1,0.79375
214,2,1473.73,762.19,73.07,107.58,1,1,0.7797
214,7,906.11,682.87,51.86,107.72,1,1,0.68756
214,8,530.21,488.92,40.15,96.83,1,1,0.75274
214,10,1243.28,385.89,32.94,78.33,1,1,0.78091
214,11,1018.37,591.02,47.48,91.09,1,1,0.72548
214,12,1006.85,709.7,52.95,114.02,1,1,0.78739
214,13,1287.58,529.18,42.81,90.44,1,1,0.78769
214,16,1141.38,466.75,44.4,91.41,1,1,0.73862
214,18,808.66,315.79,32.54,78.38,1,1,0.72891
214,20,497.56,302.23,26.78,69.66,1,1,0.71898
214,30,876.54,387.63,43.86,82.72,1,1,0.73431
214,24,489.76,367.26,34.02,80.89,1,1,0.66789
214,26,828.45,389.91,32.99,83.21,1,1,0.65762
214,17,747.62,484.59,46.17,101.64,1,1,0.71495
215,1,1402.82,758.09,53.14,103.6,1,1,0.79428
215,2,1466.42,761.4,72.16,110.47,1,1,0.78037
215,7,911.73,684.91,54.14,102.15,1,1,0.67602
215,8,528.76,490.64,39.16,95.0,1,1,0.76199
215,10,1240.41,387.31,32.5,75.55,1,1,0.79004
215,11,1019.1,594.88,47.19,94.6,1,1,0.72881
215,12,1005.42,712.78,50.92,112.18,1,1,0.77587
215,13,1283.24,532.13,42.69,89.48,1,1,0.78971
215,16,1139.78,469.95,43.93,90.42,1,1,0.74436
215,18,803.25,315.17,32.84,78.78,1,1,0.74748
215,20,492.57,303.71,27.64,71.06,1,1,0.74079
215,30,876.88,389.16,41.67,83.23,1,1,0.73115
215,24,488.86,370.28,33.93,82.21,1,1,0.70074
215,26,825.5,390.81,32.13,80.62,1,1,0.66004
215,17,747.87,488.36,43.31,98.96,1,1,0.72774
215,3,934.13,485.23,40.62,90.81,1,1,0.64813
216,1,1395.95,757.67,54.44,103.73,1,1,0.80623
216,2,1460.89,760.54,70.46,112.47,1,1,0.77427
216,8,526.97,491.18,38.33,94.21,1,1,0.77364
216,10,1239.1,388.07,31.9,72.85,1,1,0.79838
216,11,1021.5,597.99,46.39,96.82,1,1,0.74188
216,12,1004.6,713.3,48.94,110.4,1,1,0.78243
216,13,1281.23,534.66,41.68,93.0,1,1,0.80717
216,16,1141.84,471.4,42.26,93.11,1,1,0.71893
216,18,798.32,314.29,33.52,79.3,1,1,0.76062
216,20,488.44,304.78,28.3,70.72,1,1,0.76377
216,30,876.45,389.68,40.76,83.03,1,1,0.72232
216,24,488.05,372.8,33.16,82.46,1,1,0.71076
216,26,822.75,390.46,31.85,80.69,1,1,0.66889
216,17,749.08,491.2,42.26,96.89,1,1,0.7446
216,5,817.65,595.84,37.05,103.38,1,1,0.69061
217,1,1390.76,757.71,54.59,102.61,1,1,0.81112
217,2,1454.07,759.43,71.8,114.08,1,1,0.77877
217,8,526.73,490.93,38.36,94.03,1,1,0.76758
217,10,1238.45,389.3,33.7,73.48,1,1,0.80668
217,11,1026.49,601.34,44.25,97.16,1,1,0.75132
217,12,1004.01,713.5,49.75,108.13,1,1,0.76751
217,13,1281.25,537.78,41.36,95.64,1,1,0.80254
217,16,1145.26,472.37,41.74,96.46,1,1,0.75468
217,18,794.49,313.5,34.9,79.71,1,1,0.75983
217,20,485.41,306.19,28.89,70.63,1,1,0.73885
217,30,875.45,390.95,42.04,80.99,1,1,0.70384
217,24,487.34,374.17,32.98,81.14,1,1,0.71101
217,26,820.92,390.22,33.19,81.16,1,1,0.68251
217,17,750.35,493.17,41.6,94.59,1,1,0.73907
217,5,819.24,594.85,38.1,104.8,1,1,0.67838
218,1,1385.08,757.87,55.31,101.69,1,1,0.81504
218,2,1447.57,759.38,74.71,114.39,1,1,0.78601
218,8,526.41,491.14,39.01,95.08,1,1,0.77032
218,10,1238.29,390.76,36.2,75.24,1,1,0.80021
218,11,1032.77,604.89,41.15,93.39,1,1,0.73851
218,12,1004.08,712.88,52.06,107.78,1,1,0.76394
218,13,1282.4,541.68,40.29,98.28,1,1,0.81143
218,16,1149.42,473.87,41.83,99.99,1,1,0.74207
218,18,790.88,313.4,36.8,80.51,1,1,0.76592
218,20,483.03,307.27,29.17,73.29,1,1,0.73372
218,30,876.46,392.4,41.91,78.21,1,1,0.73961
218,24,486.31,375.29,33.59,79.98,1,1,0.72423
218,26,819.03,390.23,35.62,82.41,1,1,0.69715
218,17,751.15,494.59,41.22,93.93,1,1,0.74961
218,5,822.15,595.86,39.13,103.66,1,1,0.67015
219,1,1379.99,758.36,54.64,100.37,1,1,0.82376
219,2,1441.98,758.9,75.09,113.59,1,1,0.80655
219,8,526.13,491.58,39.25,94.12,1,1,0.77962
219,10,1240.09,392.79,36.02,76.68,1,1,0.79445
219,11,1037.35,608.61,39.01,87.13,1,1,0.73573
219,12,1004.52,713.59,51.04,105.33,1,1,0.75765
219,13,1283.05,545.85,39.99,97.84,1,1,0.81478
219,16,1153.79,478.91,39.51,97.46,1,1,0.73029
219,18,788.6,313.27,36.56,80.37,1,1,0.77544
219,20,480.7,308.01,28.94,76.53,1,1,0.74297
219,30,877.88,393.37,40.07,76.02,1,1,0.73596
219,24,485.6,376.55,34.57,77.59,1,1,0.72249
219,26,818.23,391.01,36.15,81.58,1,1,0.65027
219,17,753.93,495.75,39.65,92.01,1,1,0.72684
219,5,827.16,599.39,39.26,98.37,1,1,0.69725
220,1,1375.55,758.69,54.25,101.24,1,1,0.82266
220,2,1437.04,758.89,72.65,113.3,1,1,0.8042
220,8,526.58,492.34,39.33,93.31,1,1,0.7781
220,10,1242.74,394.7,35.0,75.97,1,1,0.76596
220,11,1042.32,611.58,38.83,89.79,1,1,0.70113
220,12,1003.03,714.96,48.14,104.88,1,1,0.75283
220,13,1283.63,549.81,40.03,94.68,1,1,0.80094
220,16,1157.24,480.76,37.45,96.96,1,1,0.70129
220,18,787.41,313.73,35.13,80.11,1,1,0.76694
220,20,477.71,308.37,29.31,79.06,1,1,0.75466
220,30,877.83,394.96,39.11,78.15,1,1,0.70314
220,24,484.35,377.22,36.36,76.49,1,1,0.72716
220,26,816.84,391.95,37.76,82.35,1,1,0.64544
220,17,753.34,496.87,40.64,92.6,1,1,0.7393
220,5,831.24,601.17,40.61,99.03,1,1,0.69145
221,1,1371.08,758.68,53.44,104.65,1,1,0.81081
221,2,1431.61,758.14,71.24,113.38,1,1,0.80638
221,8,527.23,493.47,39.33,92.26,1,1,0.76897
221,10,1244.29,397.58,34.36,77.95,1,1,0.78396
221,11,1045.7,615.0,39.91,91.38,1,1,0.73198
221,12,1002.88,716.74,49.28,104.02,1,1,0.76236
221,13,1284.36,553.35,39.63,91.41,1,1,0.79757
221,16,1159.09,483.43,36.75,93.28,1,1,0.7252
221,18,784.59,314.44,34.7,79.42,1,1,0.77392
221,20,474.39,308.37,29.41,80.61,1,1,0.76738
221,30,878.03,396.13,38.47,78.97,1,1,0.72891
221,24,481.94,378.52,38.49,76.8,1,1,0.72158
221,26,815.72,393.37,38.43,81.06,1,1,0.68564
221,17,753.11,498.34,41.66,92.65,1,1,0.73687
221,5,835.18,600.47,42.08,102.26,1,1,0.65686
221,6,982.79,633.74,44.39,78.7,1,1,0.64342
221,3,942.31,496.14,45.33,89.81,1,1,0.64053
222,1,1366.6,758.56,52.78,107.32,1,1,0.79014
222,2,1425.29,757.7,73.31,114.15,1,1,0.79981
222,8,527.64,494.45,40.7,91.21,1,1,0.75263
222,10,1246.48,399.73,34.54,79.74,1,1,0.78421
222,11,1051.47,618.01,40.02,94.66,1,1,0.7241
222,12,1002.42,719.08,51.32,104.95,1,1,0.74723
222,13,1284.4,555.58,41.83,91.33,1,1,0.79028
222,16,1158.78,485.73,41.31,93.57,1,1,0.67777
222,18,781.03,314.28,36.44,79.83,1,1,0.75808
222,20,470.4,307.49,31.15,85.01,1,1,0.75427
222,30,875.52,396.84,43.9,83.51,1,1,0.73034
222,24,478.72,378.84,43.38,79.74,1,1,0.70587
222,26,814.48,394.06,40.89,83.07,1,1,0.72202
222,17,751.04,499.92,45.66,98.54,1,1,0.76685
222,6,990.11,637.9,43.41,82.97,1,1,0.6536
222,3,941.58,496.88,51.07,94.54,1,1,0.65065
223,1,1361.46,758.97,51.78,107.3,1,1,0.78187
223,2,1420.56,757.3,71.02,113.25,1,1,0.7888
223,8,528.94,496.58,40.17,92.1,1,1,0.74346
223,10,1249.06,401.5,33.63,79.1,1,1,0.77901
223,11,1056.56,622.43,40.19,96.77,1,1,0.75822
223,12,1001.7,720.64,52.28,107.98,1,1,0.78396
223,13,1284.88,558.5,43.29,92.13,1,1,0.78973
223,18,779.57,314.7,35.09,79.24,1,1,0.76993
223,20,467.54,307.8,31.26,86.75,1,1,0.74658
223,30,877.57,398.8,42.47,85.26,1,1,0.72698
223,24,482.73,380.82,41.31,81.42,1,1,0.70059
223,26,814.17,395.47,39.81,81.84,1,1,0.72096
223,17,752.08,502.74,45.93,99.83,1,1,0.75227
223,6,994.13,642.25,46.67,81.9,1,1,0.69204
223,5,845.78,601.64,44.21,108.06,1,1,0.66993
224,1,1355.11,759.66,52.35,107.88,1,1,0.78525
224,2,1416.27,757.07,67.44,112.19,1,1,0.78359
224,8,530.04,499.09,39.32,94.18,1,1,0.74736
224,10,1250.72,402.66,33.83,77.54,1,1,0.79054
224,11,1061.54,626.73,40.6,98.26,1,1,0.74281
224,12,1001.91,723.6,51.75,108.94,1,1,0.7674
224,13,1286.77,561.29,43.45,94.35,1,1,0.79483
224,18,778.02,314.77,33.96,79.38,1,1,0.77815
224,20,464.9,308.39,31.22,86.26,1,1,0.75034
224,30,880.32,400.85,40.36,86.06,1,1,0.72904
224,24,486.64,383.32,39.1,84.56,1,1,0.70697
224,26,814.34,396.81,38.78,81.57,1,1,0.72072
224,17,752.14,505.7,48.05,102.49,1,1,0.74683
224,6,993.92,645.93,54.1,84.22,1,1,0.67201
224,5,852.75,604.06,43.23,110.79,1,1,0.73045
224,16,1159.85,491.58,45.99,99.34,1,1,0.66781
224,3,949.67,501.17,49.78,100.99,1,1,0.64317
225,1,1350.81,759.74,51.27,107.84,1,1,0.777
225,2,1410.88,756.31,64.27,112.41,1,1,0.78253
225,8,530.93,501.47,38.17,93.61,1,1,0.76161
225,10,1253.5,403.83,34.44,76.95,1,1,0.79227
225,11,1066.85,631.32,39.35,95.71,1,1,0.73817
225,12,1004.56,725.06,48.76,109.75,1,1,0.7499
225,13,1289.49,564.11,42.55,97.82,1,1,0.79859
225,18,776.18,314.51,33.01,79.28,1,1,0.77378
225,20,462.46,309.67,30.63,86.71,1,1,0.77646
225,30,883.72,402.36,37.22,84.56,1,1,0.72671
225,24,487.77,386.07,38.29,84.27,1,1,0.72338
225,26,814.66,397.43,36.62,81.78,1,1,0.71665
225,17,753.3,509.07,47.79,101.57,1,1,0.7631
225,5,859.06,607.83,41.12,109.16,1,1,0.71493
225,16,1162.63,494.66,45.99,100.54,1,1,0.65111
225,3,956.06,503.74,46.2,102.05,1,1,0.66711
226,1,1345.01,759.95,50.49,108.53,1,1,0.78819
226,2,1405.53,756.98,64.21,114.34,1,1,0.79771
226,8,531.08,503.06,37.56,93.59,1,1,0.76982
226,10,1254.18,405.57,35.36,77.86,1,1,0.79646
226,11,1073.3,636.04,39.47,87.28,1,1,0.71527
226,12,1004.91,726.06,47.22,110.58,1,1,0.73661
226,13,1291.21,568.32,41.53,99.24,1,1,0.81651
226,18,773.81,314.38,31.96,80.39,1,1,0.79216
226,20,460.22,311.43,29.94,88.1,1,1,0.78245
226,30,885.13,404.13,36.26,82.51,1,1,0.71814
226,24,489.46,388.5,36.6,83.3,1,1,0.73942
226,26,813.81,398.62,37.11,83.56,1,1,0.72651
226,17,753.59,511.92,47.89,101.17,1,1,0.7864
226,5,863.6,610.8,39.84,107.25,1,1,0.73403
226,16,1168.13,498.37,44.45,102.09,1,1,0.69825
226,3,960.35,507.4,43.16,99.49,1,1,0.73069
226,34,835.72,531.54,45.18,96.18,1,1,0.71101
227,1,1338.48,760.51,50.72,108.25,1,1,0.79555
227,2,1400.08,759.88,64.94,114.05,1,1,0.80333
227,8,531.1,503.9,37.58,94.3,1,1,0.77496
227,10,1256.01,407.34,36.33,79.69,1,1,0.78205
227,12,1003.88,728.11,45.83,109.73,1,1,0.75224
227,13,1289.7,572.67,43.27,97.92,1,1,0.812
227,18,771.05,314.42,32.02,81.33,1,1,0.79423
227,20,457.78,313.69,29.52,88.11,1,1,0.76625
227,30,885.87,404.8,36.56,83.57,1,1,0.69485
227,24,489.52,390.26,35.93,82.42,1,1,0.73663
227,26,812.81,399.55,37.68,84.42,1,1,0.71416
227,17,754.69,514.11,47.21,98.32,1,1,0.7764
227,5,868.29,612.21,39.88,104.54,1,1,0.74698
227,16,1171.86,502.38,43.77,101.4,1,1,0.69553
227,3,962.09,509.84,43.62,97.45,1,1,0.72146
227,34,836.46,533.03,44.78,95.85,1,1,0.72765
227,21,521.93,292.39,28.2,76.0,1,1,0.67352
228,1,1330.71,760.58,52.74,107.84,1,1,0.80542
228,2,1396.38,762.16,64.67,114.27,1,1,0.79205
228,8,530.7,504.43,38.41,97.08,1,1,0.76878
228,10,1257.65,408.84,37.95,83.79,1,1,0.76583
228,12,1000.34,726.56,46.86,113.28,1,1,0.77532
228,13,1290.26,576.67,43.66,94.6,1,1,0.81535
228,18,768.26,314.24,32.88,82.6,1,1,0.78157
228,20,455.36,315.58,29.9,88.43,1,1,0.74861
228,30,885.35,405.04,38.6,86.33,1,1,0.68809
228,24,489.09,391.43,36.69,81.29,1,1,0.7314
228,26,811.68,401.19,39.83,85.04,1,1,0.68481
228,17,755.28,515.34,47.27,96.04,1,1,0.77804
228,5,870.74,612.33,43.92,103.9,1,1,0.72835
228,16,1174.29,505.86,45.33,99.6,1,1,0.72001
228,3,962.91,511.03,44.72,95.27,1,1,0.742
228,34,837.14,534.62,47.0,96.05,1,1,0.73435
228,21,518.09,292.36,29.23,74.48,1,1,0.65781
229,1,1321.91,761.23,55.76,106.68,1,1,0.81212
229,2,1389.99,764.04,65.45,115.61,1,1,0.79407
229,8,530.12,505.05,39.28,98.52,1,1,0.77302
229,10,1258.24,411.02,38.91,86.46,1,1,0.7717
229,12,997.82,725.36,46.84,116.81,1,1,0.82065
229,13,1291.4,580.69,43.05,89.46,1,1,0.81416
229,18,764.87,315.13,33.32,83.16,1,1,0.78475
229,20,451.82,317.67,29.99,86.62,1,1,0.71747
229,30,882.63,406.16,41.25,86.76,1,1,0.73558
229,24,489.48,392.3,36.43,82.62,1,1,0.69888
229,26,809.18,403.19,40.41,85.03,1,1,0.69825
229,17,755.69,517.01,46.56,96.24,1,1,0.78019
229,5,872.24,613.21,48.26,103.73,1,1,0.75221
229,16,1175.93,509.51,45.24,95.4,1,1,0.75067
229,3,964.68,512.75,44.94,92.7,1,1,0.72567
229,34,838.18,536.63,46.81,95.84,1,1,0.73473
229,21,513.71,292.67,30.13,75.76,1,1,0.70326
230,1,1312.08,762.16,58.86,104.84,1,1,0.81009
230,2,1383.32,765.24,67.06,116.51,1,1,0.79648
230,8,528.99,505.52,40.17,100.02,1,1,0.76673
230,10,1259.12,413.99,38.72,88.8,1,1,0.77491
230,12,995.63,725.15,47.49,120.35,1,1,0.82238
230,13,1292.34,584.76,43.28,92.26,1,1,0.79671
230,18,761.46,316.04,33.29,84.31,1,1,0.77287
230,20,448.3,318.85,30.56,87.78,1,1,0.72006
230,30,879.85,407.9,44.71,86.25,1,1,0.72231
230,26,806.56,404.84,41.06,86.87,1,1,0.70958
230,17,755.15,518.98,47.43,98.99,1,1,0.77928
230,5,877.48,613.3,46.97,103.85,1,1,0.72534
230,16,1177.26,512.15,45.37,94.43,1,1,0.74622
230,3,965.3,514.0,46.9,96.18,1,1,0.72326
230,34,837.99,538.0,49.6,100.58,1,1,0.68983
230,21,509.59,292.34,30.9,77.15,1,1,0.71316
230,7,1042.37,670.43,44.68,87.21,1,1,0.66158
231,1,1303.51,764.01,60.03,103.4,1,1,0.81785
231,2,1378.22,767.78,65.45,115.78,1,1,0.81413
231,8,528.18,507.26,39.73,98.97,1,1,0.77251
231,10,1260.51,417.58,37.85,88.63,1,1,0.79393
231,12,994.96,726.18,46.89,122.87,1,1,0.83471
231,13,1294.57,589.0,42.8,94.53,1,1,0.80002
231,18,758.03,317.81,32.93,83.05,1,1,0.77656
231,20,444.71,319.99,29.73,86.25,1,1,0.72605
231,30,880.62,410.93,44.22,84.73,1,1,0.75157
231,26,806.1,407.14,38.39,85.03,1,1,0.71769
231,17,756.54,521.65,46.36,99.0,1,1,0.75845
231,5,885.6,614.77,43.14,104.42,1,1,0.76209
231,16,1177.68,515.68,45.25,95.51,1,1,0.70465
231,3,968.8,516.26,45.25,97.91,1,1,0.72565
231,34,841.65,540.51,45.94,102.22,1,1,0.65386
231,21,506.53,292.16,29.68,76.74,1,1,0.76364
231,24,490.22,396.29,36.78,84.72,1,1,0.6631
232,1,1294.73,766.33,63.93,104.4,1,1,0.80952
232,2,1373.49,770.49,65.85,114.34,1,1,0.80847
232,8,527.62,509.11,39.55,99.55,1,1,0.77201
232,10,1262.34,420.41,36.55,86.99,1,1,0.78179
232,12,994.16,727.21,47.41,126.86,1,1,0.82406
232,13,1296.69,593.19,42.62,97.3,1,1,0.77841
232,18,755.45,319.29,33.41,82.69,1,1,0.75538
232,20,441.9,321.01,29.44,85.4,1,1,0.70668
232,30,883.81,413.3,41.65,85.98,1,1,0.74728
232,26,805.42,408.82,36.59,84.22,1,1,0.69834
232,17,757.22,524.67,48.08,100.75,1,1,0.74652
232,5,892.47,616.78,41.19,105.29,1,1,0.76334
232,3,970.75,518.46,45.61,99.23,1,1,0.72048
232,34,843.6,543.58,45.27,103.07,1,1,0.67395
232,21,503.46,293.01,29.83,76.07,1,1,0.76104
232,24,492.56,398.12,36.27,86.46,1,1,0.69213
233,1,1283.49,769.34,71.01,105.21,1,1,0.79814
233,2,1368.23,773.74,63.9,112.58,1,1,0.79707
233,8,525.48,511.57,39.68,101.18,1,1,0.76218
233,10,1262.3,422.51,37.13,85.32,1,1,0.77196
233,12,992.93,730.66,48.95,127.5,1,1,0.81899
233,13,1298.18,597.08,41.53,99.06,1,1,0.78663
233,18,751.84,320.09,34.11,83.54,1,1,0.74458
233,20,438.08,321.24,31.85,87.93,1,1,0.70443
233,30,884.85,415.15,41.43,86.5,1,1,0.71347
233,26,804.2,409.51,36.18,85.81,1,1,0.67342
233,17,756.19,527.7,49.22,100.76,1,1,0.77265
233,5,895.74,619.28,41.95,106.82,1,1,0.75988
233,3,972.56,520.61,45.61,101.32,1,1,0.72496
233,34,843.61,545.41,47.02,104.41,1,1,0.69564
233,21,498.91,294.09,30.83,76.29,1,1,0.73224
233,24,493.42,400.19,37.26,89.15,1,1,0.70124
233,16,1179.9,521.55,49.17,103.79,1,1,0.66694
234,1,1275.73,773.48,74.49,101.97,1,1,0.80683
234,2,1364.95,777.2,60.43,109.52,1,1,0.81777
234,8,524.69,514.6,38.57,100.81,1,1,0.78153
234,10,1262.75,424.73,37.41,83.49,1,1,0.79432
234,12,993.16,735.85,49.12,127.4,1,1,0.81804
234,13,1300.01,601.97,41.51,96.38,1,1,0.80152
234,18,749.26,321.43,32.95,81.5,1,1,0.74825
234,20,435.23,322.4,32.1,86.22,1,1,0.67905
234,30,886.4,417.75,40.52,84.55,1,1,0.7473
234,17,756.88,531.76,47.89,100.69,1,1,0.77409
234,5,899.35,621.72,42.25,106.32,1,1,0.7763
234,3,977.04,523.87,43.78,101.86,1,1,0.72622
234,34,844.93,547.56,46.45,103.48,1,1,0.71911
234,21,495.56,296.39,30.61,75.27,1,1,0.75986
234,24,495.43,404.5,35.74,87.67,1,1,0.70959
234,16,1183.06,525.51,46.65,104.47,1,1,0.65472
235,1,1268.95,776.21,77.17,99.14,1,1,0.78658
235,2,1359.74,779.4,57.5,107.41,1,1,0.81441
235,8,522.86,517.06,38.8,99.81,1,1,0.78531
235,10,1261.17,426.77,38.75,83.88,1,1,0.81174
235,12,994.74,747.02,48.59,121.61,1,1,0.78653
235,13,1301.43,606.53,40.01,91.25,1,1,0.78827
235,18,745.6,321.88,33.35,80.25,1,1,0.74853
235,20,431.25,323.92,33.5,85.7,1,1,0.6467
235,30,886.57,419.89,38.46,82.43,1,1,0.77261
235,17,756.96,536.79,46.67,101.42,1,1,0.79736
235,5,901.67,623.98,43.02,105.09,1,1,0.77751
235,3,980.68,527.87,40.77,100.2,1,1,0.72049
235,34,845.27,549.1,45.46,100.82,1,1,0.75226
235,21,492.16,298.71,30.04,74.19,1,1,0.76382
235,24,496.14,407.38,34.37,86.31,1,1,0.70316
235,26,801.65,410.94,36.96,85.03,1,1,0.67929
236,1,1261.91,778.24,81.45,97.03,1,1,0.73523
236,2,1355.1,781.2,56.99,105.98,1,1,0.81438
236,8,522.16,519.19,38.59,98.98,1,1,0.794
236,10,1262.0,429.42,39.42,84.83,1,1,0.80982
236,12,996.23,757.74,47.36,116.47,1,1,0.80347
236,13,1302.37,610.54,40.69,89.21,1,1,0.79461
236,18,742.25,322.19,33.12,80.93,1,1,0.74453
236,20,428.13,326.05,33.92,86.39,1,1,0.68971
236,30,885.74,422.04,38.15,84.37,1,1,0.7841
236,17,756.82,540.83,45.89,102.1,1,1,0.80695
236,5,905.84,624.84,42.75,104.09,1,1,0.78875
236,3,984.59,530.93,37.79,98.29,1,1,0.75186
236,34,846.0,551.1,44.54,99.57,1,1,0.77165
236,21,489.22,300.63,29.61,73.6,1,1,0.7591
236,26,799.8,412.1,37.93,86.21,1,1,0.6897
236,7,1087.66,703.34,41.22,81.25,1,1,0.65976
237,1,1258.49,777.79,81.58,95.61,1,1,0.71892
237,2,1351.59,781.34,56.26,105.21,1,1,0.80728
237,8,519.99,520.18,39.34,97.13,1,1,0.79206
237,10,1263.36,432.35,39.53,85.46,1,1,0.80042
237,12,994.32,761.48,49.08,117.09,1,1,0.80744
237,13,1301.45,613.63,43.31,91.35,1,1,0.78409
237,18,738.69,321.74,32.94,81.77,1,1,0.74229
237,20,426.24,328.07,33.39,87.79,1,1,0.68906
237,30,885.03,423.79,38.11,87.6,1,1,0.78424
237,17,756.57,543.66,45.15,101.98,1,1,0.8111
237,5,909.91,625.06,43.2,104.84,1,1,0.78943
237,3,986.1,532.0,37.57,95.9,1,1,0.72072
237,34,845.11,552.95,45.47,99.31,1,1,0.75167
237,21,486.26,301.54,28.69,74.05,1,1,0.7596
237,26,798.19,413.42,37.15,86.12,1,1,0.72938
238,1,1256.25,776.79,81.75,94.63,1,1,0.69671
238,2,1348.24,780.24,57.34,105.54,1,1,0.81017
238,8,516.89,521.42,40.27,98.31,1,1,0.7933
238,10,1264.31,435.11,39.23,87.09,1,1,0.79169
238,12,992.87,766.63,51.47,114.53,1,1,0.81172
238,13,1301.7,618.1,44.56,93.17,1,1,0.79118
238,18,734.77,322.37,32.85,82.48,1,1,0.72868
238,20,423.53,330.71,32.47,87.05,1,1,0.76868
238,30,885.41,426.19,37.38,90.42,1,1,0.79249
238,17,755.49,545.05,44.56,101.93,1,1,0.7902
238,5,912.75,625.23,45.09,105.58,1,1,0.74468
238,3,985.35,532.54,38.82,94.17,1,1,0.64612
238,34,845.59,555.92,46.76,100.84,1,1,0.71163
238,21,482.47,302.41,28.98,75.0,1,1,0.74988
238,26,797.96,415.41,36.01,88.22,1,1,0.723
239,2,1344.69,777.66,59.24,107.97,1,1,0.7855
239,8,513.06,522.26,41.66,100.05,1,1,0.78976
239,10,1265.39,439.29,38.36,88.28,1,1,0.79047
239,12,992.1,771.09,52.99,111.0,1,1,0.82139
239,13,1304.85,622.08,43.8,96.78,1,1,0.7735
239,18,729.91,322.94,33.63,83.02,1,1,0.72944
239,20,419.56,332.88,31.9,87.23,1,1,0.76013
239,30,884.68,429.27,37.28,91.35,1,1,0.79872
239,17,755.11,546.0,44.49,102.18,1,1,0.78085
239,5,914.97,625.29,48.0,105.72,1,1,0.76131
239,34,845.73,558.02,48.09,102.68,1,1,0.72328
239,21,477.19,302.89,30.13,75.8,1,1,0.72877
239,26,796.41,417.43,36.35,89.66,1,1,0.73386
240,2,1341.8,775.08,62.79,109.34,1,1,0.79794
240,8,509.99,522.99,41.92,101.55,1,1,0.79951
240,10,1266.36,443.45,36.56,86.99,1,1,0.79305
240,12,992.27,774.95,53.91,108.09,1,1,0.82804
240,13,1306.65,625.68,42.3,99.81,1,1,0.80133
240,18,724.76,323.49,35.23,83.99,1,1,0.67564
240,20,415.27,334.69,31.94,87.04,1,1,0.78152
240,30,884.9,431.11,36.8,94.51,1,1,0.81874
240,17,754.33,547.17,44.16,101.67,1,1,0.79424
240,5,918.29,625.25,53.4,105.89,1,1,0.76842
240,34,847.51,560.2,48.65,105.88,1,1,0.75831
240,21,471.74,303.3,32.1,77.45,1,1,0.72953
240,26,794.92,418.64,36.5,90.73,1,1,0.76166
241,2,1342.83,773.24,61.49,108.18,1,1,0.79212
241,8,506.76,524.45,43.2,100.17,1,1,0.79818
241,10,1266.84,444.84,35.38,86.17,1,1,0.79
241,12,991.14,780.69,54.19,102.78,1,1,0.82593
241,13,1306.78,629.88,42.31,97.59,1,1,0.80413
241,18,720.75,324.93,34.96,83.66,1,1,0.70324
241,20,411.67,335.84,31.5,86.38,1,1,0.75134
241,30,884.51,434.03,35.34,93.13,1,1,0.8092
241,17,753.57,549.47,44.76,100.22,1,1,0.78428
241,5,925.28,626.99,51.69,104.55,1,1,0.77969
241,34,849.17,563.24,46.99,107.49,1,1,0.77778
241,21,467.08,303.63,32.72,77.77,1,1,0.71653
241,26,792.91,419.27,35.43,88.31,1,1,0.76094
241,35,963.6,779.86,37.89,82.34,1,1,0.77298
241,7,1126.23,722.13,53.23,91.93,1,1,0.70958
242,2,1342.19,769.77,60.87,109.15,1,1,0.79169
242,8,503.9,525.99,43.68,97.89,1,1,0.79313
242,10,1265.03,445.26,35.91,85.99,1,1,0.79974
242,12,989.55,784.66,53.29,99.09,1,1,0.82995
242,13,1303.59,633.56,45.62,94.08,1,1,0.80156
242,18,715.6,326.36,34.83,82.89,1,1,0.7336
242,20,406.71,335.75,31.98,86.5,1,1,0.7564
242,30,883.91,437.32,34.23,91.18,1,1,0.80343
242,17,753.89,551.29,43.26,102.34,1,1,0.78062
242,5,929.88,628.91,50.1,104.72,1,1,0.77282
242,34,849.2,564.68,45.14,108.04,1,1,0.78182
242,21,461.29,303.35,33.64,78.65,1,1,0.72456
242,26,789.92,419.7,34.44,88.48,1,1,0.76487
242,35,960.72,783.51,37.15,83.69,1,1,0.77663
242,7,1133.42,727.74,52.43,89.85,1,1,0.65779
242,24,494.3,424.56,38.41,88.1,1,1,0.68989
243,2,1342.79,767.22,56.93,109.13,1,1,0.79443
243,8,501.5,527.58,43.99,97.8,1,1,0.78937
243,10,1263.36,445.82,35.71,85.24,1,1,0.79516
243,12,985.7,787.76,52.75,97.43,1,1,0.82108
243,13,1299.91,637.4,48.9,88.75,1,1,0.80008
243,18,709.29,327.65,35.13,81.97,1,1,0.73091
243,20,400.88,335.33,32.83,86.96,1,1,0.72792
243,30,881.5,439.08,34.65,89.69,1,1,0.78646
243,17,752.32,554.03,42.49,102.69,1,1,0.77011
243,5,932.19,631.15,48.19,105.59,1,1,0.77277
243,34,848.05,565.78,43.65,107.38,1,1,0.76424
243,21,456.62,302.96,33.62,79.01,1,1,0.6774
243,26,785.83,420.74,34.57,91.24,1,1,0.77236
243,35,957.6,787.11,36.56,90.68,1,1,0.78684
243,24,493.5,425.77,37.48,88.01,1,1,0.70065
244,2,1345.55,765.22,52.22,108.84,1,1,0.7806
244,8,498.35,530.39,43.79,97.85,1,1,0.79567
244,10,1261.35,447.35,36.11,85.31,1,1,0.80029
244,12,980.7,791.17,52.8,96.32,1,1,0.82499
244,13,1297.93,640.45,50.64,88.96,1,1,0.79602
244,18,702.6,328.78,34.9,82.1,1,1,0.7479
244,20,395.14,335.62,33.02,89.65,1,1,0.67186
244,30,878.13,441.03,36.21,88.65,1,1,0.79276
244,17,749.9,557.09,41.69,104.89,1,1,0.75158
244,5,933.78,633.85,45.28,105.55,1,1,0.78943
244,34,846.73,566.6,42.63,106.68,1,1,0.76364
244,21,450.71,303.72,33.82,79.07,1,1,0.66409
244,26,781.4,422.56,35.09,91.58,1,1,0.7749
244,35,950.61,791.7,37.95,91.47,1,1,0.78511
244,24,490.26,426.75,37.51,87.12,1,1,0.73627
245,2,1348.52,763.52,48.73,108.02,1,1,0.76075
245,8,496.3,532.9,43.01,97.9,1,1,0.79017
245,10,1260.2,448.8,36.7,83.68,1,1,0.79609
245,12,976.95,795.46,54.34,94.83,1,1,0.82969
245,13,1299.14,644.15,50.86,83.69,1,1,0.75956
245,18,697.72,328.7,34.61,82.23,1,1,0.7464
245,20,390.58,336.21,32.96,89.47,1,1,0.69952
245,30,875.01,442.15,38.15,88.35,1,1,0.80001
245,17,748.37,560.4,42.18,105.74,1,1,0.77708
245,5,938.05,635.52,41.53,105.39,1,1,0.77984
245,34,846.25,566.25,41.88,103.98,1,1,0.73566
245,21,447.78,304.96,31.86,77.75,1,1,0.72467
245,26,776.93,424.42,36.61,92.04,1,1,0.76558
245,35,945.64,797.33,38.95,87.57,1,1,0.79725
245,24,489.19,428.1,37.4,84.97,1,1,0.74765
246,2,1350.02,762.56,47.64,107.86,1,1,0.76127
246,8,494.12,534.58,42.11,98.57,1,1,0.79023
246,10,1260.46,450.13,36.62,84.47,1,1,0.77724
246,12,973.88,799.83,54.57,94.41,1,1,0.8346
246,13,1300.01,647.73,51.61,91.93,1,1,0.70073
246,18,692.2,327.79,35.51,83.01,1,1,0.73139
246,20,385.79,335.48,34.19,91.08,1,1,0.6691
246,30,871.53,442.99,41.09,92.11,1,1,0.76392
246,17,745.27,563.26,43.98,105.96,1,1,0.77981
246,5,941.29,635.95,40.51,104.99,1,1,0.78432
246,34,842.99,565.35,45.76,104.07,1,1,0.73973
246,21,442.9,305.75,31.63,78.57,1,1,0.73596
246,26,770.84,425.0,40.26,95.13,1,1,0.75934
246,35,940.34,802.03,40.69,82.34,1,1,0.79197
246,24,488.19,430.64,38.87,85.34,1,1,0.72315
246,1,1244.0,762.47,75.36,101.76,1,1,0.68606
246,3,987.74,549.98,40.99,102.05,1,1,0.65323
247,2,1350.86,761.89,49.44,104.93,1,1,0.77102
247,8,491.71,535.21,40.99,98.03,1,1,0.78556
247,10,1258.95,452.0,37.32,84.28,1,1,0.75888
247,12,971.16,802.73,54.69,94.62,1,1,0.81827
247,13,1299.64,651.72,52.4,95.19,1,1,0.74214
247,18,686.23,327.23,35.48,84.4,1,1,0.7306
247,30,873.69,444.54,37.89,92.82,1,1,0.78381
247,17,743.14,565.11,44.55,103.96,1,1,0.78481
247,5,942.18,635.78,41.51,103.87,1,1,0.76405
247,34,839.7,564.56,49.32,104.93,1,1,0.75843
247,21,437.38,306.65,31.21,78.4,1,1,0.72944
247,26,765.68,426.57,42.13,94.9,1,1,0.74661
247,35,934.05,803.79,44.5,79.75,1,1,0.78326
247,24,486.7,432.43,40.23,85.0,1,1,0.7139
247,1,1249.87,760.21,68.51,101.27,1,1,0.73853
247,3,988.17,551.23,40.58,99.68,1,1,0.65613
247,7,1146.47,753.72,61.42,79.87,1,1,0.65357
248,2,1350.31,761.45,52.35,102.77,1,1,0.78175
248,8,488.76,535.47,39.9,99.19,1,1,0.79162
248,10,1257.78,454.28,37.03,85.54,1,1,0.75449
248,12,968.75,806.66,55.23,95.92,1,1,0.82078
248,13,1301.43,656.14,50.9,99.89,1,1,0.73799
248,18,679.24,326.89,36.7,87.49,1,1,0.73745
248,30,872.93,446.75,36.3,93.29,1,1,0.78689
248,17,739.98,565.91,46.74,103.05,1,1,0.78328
248,5,939.51,636.28,46.66,105.47,1,1,0.76991
248,34,833.84,564.08,55.96,106.84,1,1,0.7735
248,21,430.95,306.57,31.6,78.74,1,1,0.75162
248,26,760.4,428.39,44.22,96.35,1,1,0.72755
248,35,925.74,806.18,46.69,77.03,1,1,0.7781
248,24,484.55,435.29,41.6,86.32,1,1,0.72038
248,1,1243.16,759.98,74.93,101.21,1,1,0.67263
248,3,987.72,551.56,41.15,96.79,1,1,0.7287
248,20,374.36,338.41,35.45,91.55,1,1,0.71907
249,2,1349.79,760.37,50.65,98.44,1,1,0.77255
249,8,485.16,535.1,41.19,99.5,1,1,0.7822
249,10,1258.2,456.61,36.67,86.33,1,1,0.76333
249,12,965.96,808.88,56.24,99.1,1,1,0.81828
249,13,1305.15,659.16,48.52,95.29,1,1,0.73329
249,18,674.31,326.0,37.18,88.7,1,1,0.72486
249,30,872.67,448.31,35.75,91.91,1,1,0.79453
249,17,738.46,565.91,45.8,99.86,1,1,0.77305
249,5,940.61,636.25,50.06,104.33,1,1,0.74746
249,34,837.07,563.7,53.98,105.88,1,1,0.73468
249,21,426.91,305.3,30.83,77.6,1,1,0.74811
249,26,762.04,428.55,40.38,97.32,1,1,0.7556
249,35,919.21,806.59,48.73,74.4,1,1,0.72708
249,24,485.39,435.94,40.21,86.93,1,1,0.71153
249,3,989.34,550.9,39.63,96.02,1,1,0.68339
249,20,370.88,339.76,34.9,90.09,1,1,0.74005
250,2,1345.81,759.48,59.89,102.76,1,1,0.79974
250,8,478.31,532.0,46.71,106.95,1,1,0.80918
250,10,1255.88,459.3,38.01,94.05,1,1,0.80868
250,12,957.58,812.1,60.95,101.33,1,1,0.81879
250,13,1302.34,662.16,55.16,100.18,1,1,0.769
250,18,666.43,325.66,39.81,91.66,1,1,0.74222
250,30,867.75,449.67,39.8,93.65,1,1,0.80527
250,17,733.09,565.47,47.08,105.07,1,1,0.81747
250,5,932.39,635.81,67.28,107.91,1,1,0.7248
250,34,828.2,564.51,65.12,112.0,1,1,0.81784
250,21,418.8,303.42,33.18,80.62,1,1,0.76967
250,26,759.38,428.68,40.15,98.19,1,1,0.79951
250,35,909.92,810.11,54.6,72.53,1,1,0.79306
250,3,985.66,550.41,43.71,104.43,1,1,0.76438
250,20,365.35,340.93,35.7,93.52,1,1,0.76596
250,16,1192.64,567.23,57.34,114.54,1,1,0.74346
250,1,1246.97,752.39,73.86,110.55,1,1,0.7393
251,2,1341.1,758.25,68.33,102.91,1,1,0.80642
251,8,472.91,531.55,49.07,107.08,1,1,0.7729
251,10,1254.82,460.41,37.12,93.35,1,1,0.77936
251,12,954.54,815.51,57.89,97.62,1,1,0.78024
251,13,1304.61,663.83,52.89,95.84,1,1,0.75338
251,18,659.62,325.75,40.13,90.99,1,1,0.72148
251,30,863.57,450.39,40.82,92.63,1,1,0.77864
251,17,729.6,566.06,47.87,105.23,1,1,0.80915
251,34,825.23,565.58,66.73,113.55,1,1,0.74625
251,21,411.89,302.48,33.99,83.11,1,1,0.75134
251,26,756.97,428.74,39.46,98.71,1,1,0.77478
251,35,901.22,813.44,58.58,71.63,1,1,0.76237
251,3,983.39,551.22,44.83,107.01,1,1,0.64501
251,20,360.13,341.07,36.37,94.03,1,1,0.75629
251,16,1195.3,570.07,53.5,111.59,1,1,0.71359
251,1,1249.5,750.52,71.81,110.24,1,1,0.72092
252,2,1338.97,756.99,71.8,102.23,1,1,0.7816
252,8,468.41,533.8,48.98,103.03,1,1,0.7498
252,10,1254.5,461.47,34.71,91.12,1,1,0.78973
252,12,948.66,819.44,56.7,92.48,1,1,0.7803
252,13,1307.72,664.92,48.7,90.98,1,1,0.75905
252,18,654.35,326.75,38.49,87.01,1,1,0.70978
252,30,861.1,452.0,40.03,87.57,1,1,0.76888
252,17,727.01,568.01,47.03,101.24,1,1,0.76861
252,34,831.63,567.37,56.46,111.91,1,1,0.6966
252,21,405.94,302.3,33.04,83.37,1,1,0.75574
252,26,754.26,429.01,38.25,96.31,1,1,0.77991
252,35,891.61,816.99,58.42,72.61,1,1,0.75585
252,20,355.32,341.58,36.48,91.47,1,1,0.70781
252,16,1199.45,573.56,47.17,108.69,1,1,0.74692
252,1,1252.43,747.47,68.65,107.96,1,1,0.65925
252,24,481.89,442.87,38.74,89.82,1,1,0.64626
252,5,946.03,638.85,53.96,104.12,1,1,0.6751
253,2,1335.95,753.92,72.83,104.47,1,1,0.78918
253,8,463.0,534.88,48.32,101.4,1,1,0.76278
253,10,1251.53,461.3,34.53,91.13,1,1,0.77919
253,12,942.06,822.88,56.16,88.44,1,1,0.75311
253,13,1309.57,665.22,47.41,86.66,1,1,0.75004
253,18,646.93,327.98,39.14,87.29,1,1,0.7076
253,30,855.37,452.58,41.9,88.09,1,1,0.78017
253,17,724.27,569.6,46.97,104.53,1,1,0.75995
253,34,831.85,568.21,52.75,112.35,1,1,0.72491
253,21,397.82,301.79,35.46,84.19,1,1,0.75329
253,26,749.01,428.8,39.65,94.89,1,1,0.77165
253,35,880.45,820.06,61.4,77.33,1,1,0.7362
253,20,347.82,341.0,37.97,90.96,1,1,0.69444
253,16,1201.49,577.03,44.02,109.57,1,1,0.71829
253,24,478.25,443.61,39.73,91.66,1,1,0.65432
253,5,948.04,641.18,50.39,104.1,1,1,0.65715
254,2,1323.7,753.41,82.59,106.17,1,1,0.83551
254,8,455.78,534.48,51.42,107.18,1,1,0.79762
254,10,1246.14,461.51,39.3,96.33,1,1,0.80214
254,12,923.77,824.26,66.79,89.93,1,1,0.64401
254,13,1309.25,666.32,51.44,94.18,1,1,0.76897
254,18,639.65,328.81,39.61,90.21,1,1,0.75688
254,30,847.64,453.95,49.64,94.1,1,1,0.80619
254,17,719.82,572.52,50.38,110.64,1,1,0.84454
254,34,830.18,568.97,52.8,115.16,1,1,0.82852
254,21,389.09,301.25,39.77,87.42,1,1,0.80735
254,26,739.11,429.54,48.99,96.55,1,1,0.80103
254,35,868.48,823.18,67.76,82.97,1,1,0.69233
254,20,337.91,340.42,43.37,94.93,1,1,0.78568
254,16,1201.54,579.18,44.75,113.53,1,1,0.77885
254,24,468.59,444.13,47.24,94.48,1,1,0.76927
254,5,941.94,641.78,56.7,107.19,1,1,0.79435
254,3,976.57,556.06,49.86,113.03,1,1,0.75945
255,2,1327.97,753.58,79.0,104.67,1,1,0.77643
255,8,458.88,535.28,49.0,105.48,1,1,0.77895
255,10,1249.21,462.07,38.51,96.02,1,1,0.78777
255,13,1314.31,667.01,49.44,93.24,1,1,0.75333
255,18,640.93,329.44,38.79,89.56,1,1,0.73052
255,30,850.8,454.98,48.54,92.73,1,1,0.77656
255,17,722.48,573.78,49.72,110.48,1,1,0.81258
255,34,833.6,569.46,51.04,114.38,1,1,0.78654
255,21,390.18,301.64,39.82,87.45,1,1,0.76008
255,26,741.26,430.18,48.69,95.54,1,1,0.77635
255,35,869.59,824.62,66.29,83.66,1,1,0.70404
255,20,338.23,340.66,44.27,95.4,1,1,0.70242
255,16,1205.58,580.59,42.51,112.58,1,1,0.73349
255,24,469.47,444.32,48.86,94.55,1,1,0.69986
255,5,947.99,642.44,52.83,106.05,1,1,0.73468
255,37,458.37,367.94,56.25,85.53,1,1,0.71002
256,2,1325.52,752.32,70.45,103.89,1,1,0.76856
256,8,454.2,536.9,46.24,103.98,1,1,0.7652
256,10,1245.17,461.95,38.91,95.55,1,1,0.74809
256,13,1313.2,668.2,47.35,90.95,1,1,0.75365
256,18,634.46,329.25,37.23,88.99,1,1,0.7258
256,30,849.65,456.07,45.44,93.36,1,1,0.76375
256,17,718.47,576.24,48.89,111.12,1,1,0.79812
256,34,831.4,569.01,48.26,112.96,1,1,0.77161
256,21,382.47,301.92,39.77,88.16,1,1,0.74794
256,26,735.08,430.52,49.97,94.36,1,1,0.74599
256,35,862.87,826.32,65.48,82.77,1,1,0.72957
256,20,328.28,340.34,47.23,95.22,1,1,0.6913
256,16,1203.53,581.15,39.03,110.91,1,1,0.70354
256,24,462.84,444.31,51.92,95.37,1,1,0.6863
256,5,948.04,641.93,46.93,104.33,1,1,0.78049
256,37,454.73,368.7,52.91,82.03,1,1,0.71758
256,3,979.64,558.96,45.73,110.53,1,1,0.68387
257,2,1324.28,750.7,59.88,102.73,1,1,0.78032
257,8,449.53,537.97,43.67,102.82,1,1,0.7712
257,10,1241.51,462.31,39.79,93.55,1,1,0.73253
257,13,1312.15,669.66,45.65,88.84,1,1,0.75928
257,18,627.89,328.23,35.33,87.14,1,1,0.71933
257,30,846.0,456.72,44.79,93.79,1,1,0.7661
257,17,713.84,579.38,49.68,109.79,1,1,0.7991
257,34,828.2,568.42,48.82,111.39,1,1,0.77153
257,21,375.81,302.01,37.96,88.71,1,1,0.76477
257,26,731.24,431.21,48.31,93.09,1,1,0.75613
257,35,856.8,827.79,62.62,82.44,1,1,0.76726
257,20,319.02,339.92,49.47,94.82,1,1,0.69879
257,16,1202.3,581.35,37.68,106.83,1,1,0.70075
257,24,460.12,445.51,51.89,95.47,1,1,0.66133
257,5,946.69,640.51,45.09,104.38,1,1,0.79054
257,37,456.53,369.64,45.66,83.15,1,1,0.69898
257,3,977.43,560.19,43.57,106.52,1,1,0.65076
257,1,1257.12,735.67,54.73,97.41,1,1,0.64457
257,12,912.83,824.63,59.12,85.16,1,1,0.80386
258,2,1323.48,749.42,53.01,104.34,1,1,0.79706
258,8,443.59,538.57,43.18,105.65,1,1,0.7943
258,10,1238.56,463.92,42.79,97.09,1,1,0.73294
258,13,1310.8,672.68,45.61,87.98,1,1,0.74207
258,18,620.12,327.84,35.24,88.29,1,1,0.72627
258,30,842.73,458.79,44.37,96.85,1,1,0.81094
258,17,710.98,581.77,49.67,110.51,1,1,0.82996
258,34,823.58,568.16,52.1,113.34,1,1,0.80163
258,21,368.63,302.98,37.28,89.0,1,1,0.79137
258,26,726.51,432.55,47.68,94.46,1,1,0.78323
258,35,852.3,832.04,59.15,75.18,1,1,0.71402
258,20,309.24,339.72,54.24,97.04,1,1,0.74376
258,16,1199.66,582.54,40.46,106.79,1,1,0.64996
258,24,455.65,447.7,56.44,97.96,1,1,0.74716
258,5,944.39,639.36,45.66,106.48,1,1,0.79141
258,37,454.17,371.45,44.14,85.69,1,1,0.72734
258,3,975.33,561.58,44.39,103.71,1,1,0.67507
258,12,906.45,822.61,58.36,85.09,1,1,0.79641
259,2,1321.23,746.8,49.14,104.13,1,1,0.73002
259,8,438.71,538.19,41.54,102.91,1,1,0.78431
259,10,1236.46,464.98,38.47,95.58,1,1,0.76354
259,13,1310.88,673.9,44.34,85.23,1,1,0.72521
259,18,612.77,326.75,34.26,86.5,1,1,0.7096
259,30,841.55,459.64,41.95,95.2,1,1,0.74596
259,17,707.89,582.86,47.62,108.55,1,1,0.80743
259,34,820.91,567.43,52.73,113.34,1,1,0.7349
259,21,362.43,302.74,35.06,87.51,1,1,0.70475
259,26,724.79,432.5,44.47,92.43,1,1,0.76365
259,35,850.12,835.89,53.64,96.72,1,1,0.67795
259,5,942.43,638.21,44.71,104.36,1,1,0.77402
259,37,453.35,372.57,40.13,88.0,1,1,0.64534
259,12,895.65,820.03,61.58,86.94,1,1,0.74633
260,2,1315.92,744.2,50.91,103.91,1,1,0.72423
260,8,433.46,536.82,41.3,103.53,1,1,0.79257
260,10,1233.48,466.45,36.3,95.58,1,1,0.77112
260,13,1310.11,674.8,44.61,82.67,1,1,0.70785
260,18,604.21,325.61,35.87,88.21,1,1,0.66544
260,30,839.24,460.17,41.79,94.61,1,1,0.71057
260,17,705.84,583.33,45.29,108.36,1,1,0.82818
260,34,816.72,567.54,56.07,112.74,1,1,0.75342
260,21,356.92,302.72,32.76,87.72,1,1,0.65882
260,26,721.42,432.32,42.14,92.19,1,1,0.7848
260,5,940.9,638.37,44.5,103.17,1,1,0.76113
260,37,449.52,373.11,38.48,90.79,1,1,0.78061
260,12,885.13,817.7,65.26,87.71,1,1,0.75079
260,16,1194.76,584.94,48.33,107.01,1,1,0.68343
260,24,460.1,451.97,45.8,98.05,1,1,0.68317
261,2,1312.24,739.6,52.93,105.69,1,1,0.71023
261,8,430.27,535.62,39.6,104.76,1,1,0.80706
261,10,1231.93,467.11,33.56,95.16,1,1,0.79158
261,13,1310.73,675.08,44.23,84.02,1,1,0.66546
261,30,837.83,460.78,40.98,91.21,1,1,0.7085
261,17,702.04,582.68,45.18,106.94,1,1,0.82023
261,34,814.76,568.3,58.63,111.49,1,1,0.72038
261,21,351.04,301.74,31.74,87.16,1,1,0.69735
261,26,719.44,431.19,39.89,92.55,1,1,0.80288
261,5,941.29,638.88,44.94,102.46,1,1,0.75313
261,37,444.01,372.26,39.34,90.97,1,1,0.77555
261,12,878.58,813.36,63.99,89.85,1,1,0.65949
261,16,1192.82,586.8,51.8,107.34,1,1,0.71362
261,24,460.63,453.37,43.09,97.35,1,1,0.71378
262,2,1306.44,735.17,60.88,110.6,1,1,0.78486
262,8,425.39,533.46,42.59,109.91,1,1,0.8774
262,10,1229.09,467.08,35.14,97.34,1,1,0.85438
262,13,1309.99,674.69,52.45,99.77,1,1,0.72104
262,30,832.49,460.66,47.81,94.88,1,1,0.84684
262,17,696.9,581.44,48.15,107.92,1,1,0.89368
262,34,808.46,569.01,66.91,113.67,1,1,0.88893
262,21,344.6,300.08,33.56,88.63,1,1,0.79343
262,26,716.02,429.56,41.5,95.57,1,1,0.84672
262,5,939.58,638.33,55.32,107.52,1,1,0.78826
262,37,439.86,371.58,40.91,90.4,1,1,0.8768
262,12,870.84,810.48,65.9,94.79,1,1,0.75292
262,16,1186.08,588.67,63.3,114.19,1,1,0.84722
262,24,461.28,453.24,42.26,97.47,1,1,0.88399
262,20,295.29,342.16,43.36,96.04,1,1,0.79024
262,3,969.75,558.95,47.35,108.53,1,1,0.78596
262,18,588.7,323.06,41.41,91.05,1,1,0.64302
263,2,1305.27,734.32,61.16,108.5,1,1,0.69605
263,8,422.11,532.24,41.21,107.79,1,1,0.79751
263,10,1226.48,466.78,34.07,96.6,1,1,0.80479
263,13,1311.54,675.06,47.35,92.1,1,1,0.70152
263,30,831.45,461.78,47.74,92.65,1,1,0.74959
263,17,692.29,580.95,50.08,107.59,1,1,0.83284
263,34,813.86,570.15,57.31,111.32,1,1,0.7208
263,21,338.69,299.14,32.75,86.21,1,1,0.68494
263,26,713.42,429.39,39.88,95.5,1,1,0.80521
263,5,942.0,636.71,48.91,105.8,1,1,0.74378
263,37,436.89,370.47,39.68,89.37,1,1,0.79993
263,16,1191.66,591.37,53.2,110.78,1,1,0.7205
263,24,459.88,453.07,40.29,93.08,1,1,0.76553
263,20,294.21,343.18,37.49,93.26,1,1,0.72621
264,2,1300.92,734.11,67.4,109.0,1,1,0.69529
264,8,416.71,530.15,47.15,110.43,1,1,0.87497
264,10,1223.63,466.49,36.3,99.41,1,1,0.84221
264,13,1312.04,675.6,46.02,90.52,1,1,0.7501
264,30,830.33,461.86,51.29,97.3,1,1,0.81212
264,17,685.34,580.09,56.65,110.65,1,1,0.92772
264,34,812.33,569.9,56.62,112.81,1,1,0.87952
264,21,331.47,297.63,36.09,87.6,1,1,0.81877
264,26,707.44,428.19,43.03,97.63,1,1,0.86455
264,5,942.17,636.89,56.21,113.75,1,1,0.75474
264,37,433.27,369.32,40.43,91.54,1,1,0.89115
264,16,1193.46,592.43,49.77,111.64,1,1,0.81226
264,24,459.06,451.76,39.93,93.52,1,1,0.89702
264,20,290.62,341.53,37.52,93.91,1,1,0.87894
264,7,1182.74,784.4,112.36,79.69,1,1,0.74257
264,12,855.55,803.9,65.88,85.1,1,1,0.70501
264,18,575.97,322.46,41.92,88.39,1,1,0.68079
265,8,414.21,529.46,46.72,108.93,1,1,0.83573
265,10,1221.58,466.34,36.59,99.36,1,1,0.79797
265,13,1313.64,677.15,43.86,88.55,1,1,0.75157
265,30,827.99,462.32,53.5,97.81,1,1,0.78998
265,17,680.95,579.8,61.87,111.44,1,1,0.86781
265,34,816.55,569.71,50.07,112.37,1,1,0.81746
265,21,326.45,296.34,37.91,87.04,1,1,0.80557
265,26,702.47,427.08,45.32,98.09,1,1,0.8427
265,5,943.8,640.25,54.07,112.54,1,1,0.772
265,37,429.23,368.43,42.16,91.64,1,1,0.8692
265,16,1196.27,593.82,44.24,109.72,1,1,0.78793
265,24,456.37,450.89,42.18,100.87,1,1,0.84689
265,20,286.13,340.07,38.54,94.86,1,1,0.85972
265,12,854.34,799.6,58.67,84.58,1,1,0.76651
265,18,571.01,322.94,41.18,87.03,1,1,0.642
266,8,410.14,529.29,51.22,111.05,1,1,0.87674
266,10,1218.51,466.57,39.93,101.77,1,1,0.8506
266,13,1312.28,678.28,47.82,100.09,1,1,0.7167
266,30,824.27,463.26,58.08,101.04,1,1,0.84049
266,17,676.69,579.93,67.7,114.24,1,1,0.87871
266,34,818.92,567.87,46.61,115.05,1,1,0.86563
266,21,320.9,294.91,42.06,88.18,1,1,0.85206
266,26,697.98,428.06,48.58,98.75,1,1,0.86444
266,5,945.36,642.25,51.5,112.25,1,1,0.87382
266,37,425.67,367.85,43.24,92.68,1,1,0.87386
266,16,1195.79,593.07,45.52,111.45,1,1,0.88749
266,24,453.87,450.2,46.23,107.36,1,1,0.87535
266,20,279.89,338.3,41.25,97.18,1,1,0.87238
266,12,849.86,796.67,57.07,88.38,1,1,0.7861
266,18,565.16,322.64,42.43,87.94,1,1,0.79243
266,3,964.16,561.38,55.9,110.78,1,1,0.78838
266,2,1292.71,729.68,76.96,115.16,1,1,0.70167
267,8,410.04,530.4,48.19,109.41,1,1,0.86871
267,10,1217.97,467.87,39.75,101.86,1,1,0.84866
267,13,1313.8,680.06,47.3,101.38,1,1,0.72043
267,30,829.81,464.7,51.69,100.52,1,1,0.81376
267,17,679.55,581.05,64.9,115.21,1,1,0.8304
267,34,820.58,566.52,45.36,114.65,1,1,0.85301
267,21,318.06,294.47,40.64,86.86,1,1,0.87073
267,26,697.7,429.83,47.35,97.67,1,1,0.87142
267,5,949.19,642.06,46.63,112.23,1,1,0.83647
267,37,424.58,367.7,42.63,92.71,1,1,0.87805
267,16,1196.3,593.28,43.73,111.69,1,1,0.83075
267,24,453.92,450.2,49.31,108.9,1,1,0.8766
267,20,275.86,337.12,42.53,99.29,1,1,0.8872
267,12,844.95,794.56,55.7,89.35,1,1,0.79077
267,18,562.67,322.99,40.65,86.06,1,1,0.82603
267,7,1198.26,795.95,109.23,71.3,1,1,0.64826
268,8,410.41,531.6,44.62,108.55,1,1,0.82891
268,10,1217.63,468.87,38.86,102.54,1,1,0.81935
268,13,1316.09,681.7,47.31,105.19,1,1,0.7278
268,30,832.9,465.57,48.12,99.79,1,1,0.7941
268,17,685.26,583.2,57.99,116.14,1,1,0.7929
268,34,820.27,565.3,47.05,114.55,1,1,0.79192
268,21,314.56,295.17,39.42,85.52,1,1,0.81183
268,26,696.37,430.96,45.57,97.0,1,1,0.84019
268,5,951.87,639.83,44.93,113.12,1,1,0.82495
268,37,423.63,367.53,41.93,94.71,1,1,0.85279
268,16,1195.58,593.81,45.22,112.81,1,1,0.78114
268,24,455.2,451.92,50.49,107.1,1,1,0.82688
268,20,272.97,336.59,43.34,100.64,1,1,0.809
268,12,840.36,792.85,54.49,90.35,1,1,0.7742
268,18,560.26,321.97,38.95,86.76,1,1,0.74965
268,7,1188.37,795.21,120.04,71.85,1,1,0.64262
268,3,971.47,563.8,44.99,105.52,1,1,0.65163
268,2,1287.84,727.93,81.84,118.34,1,1,0.66758
269,8,409.9,532.36,42.52,106.06,1,1,0.79109
269,10,1217.79,468.95,37.67,101.77,1,1,0.80529
269,13,1319.26,682.82,46.63,102.8,1,1,0.73531
269,30,834.29,465.06,47.25,96.74,1,1,0.72082
269,17,690.79,585.27,52.2,114.18,1,1,0.77486
269,34,819.02,563.59,50.82,113.05,1,1,0.75166
269,21,311.25,295.13,37.89,83.85,1,1,0.70497
269,26,695.5,430.54,42.06,95.68,1,1,0.78759
269,5,953.31,639.61,44.43,111.29,1,1,0.77544
269,37,424.7,368.4,39.89,95.05,1,1,0.80418
269,16,1196.72,594.38,44.63,109.66,1,1,0.73198
269,24,457.97,454.53,48.75,103.69,1,1,0.73807
269,20,271.59,335.77,42.14,99.58,1,1,0.67867
269,12,836.34,790.55,52.1,90.78,1,1,0.77412
269,18,557.69,319.78,37.55,86.86,1,1,0.67347
269,3,974.36,562.96,40.81,101.47,1,1,0.67125
270,8,409.22,531.42,41.43,108.52,1,1,0.80869
270,10,1215.74,468.13,39.15,102.69,1,1,0.80777
270,13,1318.79,682.4,49.11,106.42,1,1,0.76961
270,30,834.48,464.42,49.36,98.99,1,1,0.74215
270,17,690.93,585.52,53.07,115.67,1,1,0.80012
270,34,815.7,562.49,58.59,113.64,1,1,0.75784
270,21,307.17,294.09,37.4,84.29,1,1,0.75756
270,26,694.4,429.75,39.6,96.19,1,1,0.79793
270,5,952.44,638.09,49.2,113.86,1,1,0.76457
270,37,422.8,369.21,39.87,95.1,1,1,0.82394
270,16,1196.62,594.39,46.86,110.03,1,1,0.75021
270,24,460.28,456.77,47.44,104.08,1,1,0.80271
270,20,268.67,335.49,42.66,100.74,1,1,0.76298
270,12,831.39,788.84,51.55,93.64,1,1,0.7595
270,18,554.51,317.03,36.88,88.15,1,1,0.77323
270,3,974.46,560.89,41.1,100.62,1,1,0.74572
270,2,1284.79,732.61,82.69,117.71,1,1,0.73449
