video_name,frame,actor_track_id,xml_track_id,position,team_side,action,xtl,ytl,xbr,ybr,w,h,source
BootPass_81,0,0,0,Position_Unknown,Team_Unknown,Action_PreSnap,1300.14,708.58,1395.58,823.56,95.43999999999983,114.9799999999999,xml_geometry_csv_action
BootPass_81,0,1,1,Position_Unknown,Team_Unknown,Action_PreSnap,1144.77,205.09,1227.38,311.11,82.61000000000013,106.02000000000001,xml_geometry_csv_action
BootPass_81,0,10,10,Position_Unknown,Team_Unknown,Action_PreSnap,1196.53,433.45,1265.93,526.81,69.40000000000009,93.35999999999996,xml_geometry_csv_action
BootPass_81,0,11,11,Position_Unknown,Team_Unknown,Action_PreSnap,879.73,395.5,930.29,525.59,50.559999999999945,130.09000000000003,xml_geometry_csv_action
BootPass_81,0,12,12,Position_Unknown,Team_Unknown,Action_PreSnap,1447.1,388.8,1503.48,499.3,56.38000000000011,110.5,xml_geometry_csv_action
BootPass_81,0,13,13,Position_Unknown,Team_Unknown,Action_PreSnap,806.26,307.9,851.91,436.15,45.64999999999998,128.25,xml_geometry_csv_action
BootPass_81,0,14,14,Position_Unknown,Team_Unknown,Action_PreSnap,1137.79,369.36,1214.87,447.46,77.07999999999993,78.09999999999997,xml_geometry_csv_action
BootPass_81,0,15,15,Position_Unknown,Team_Unknown,Action_PreSnap,997.57,206.91,1041.57,316.2,43.999999999999886,109.28999999999999,xml_geometry_csv_action
BootPass_81,0,16,16,Position_Unknown,Team_Unknown,Action_PreSnap,784.62,250.87,829.76,373.62,45.139999999999986,122.75,xml_geometry_csv_action
BootPass_81,0,17,17,Position_Unknown,Team_Unknown,Action_PreSnap,1011.54,281.01,1109.47,355.84,97.93000000000006,74.82999999999998,xml_geometry_csv_action
BootPass_81,0,18,18,Position_Unknown,Team_Unknown,Action_PreSnap,1430.34,322.71,1484.62,438.58,54.27999999999997,115.87,xml_geometry_csv_action
BootPass_81,0,19,19,Position_Unknown,Team_Unknown,Action_PreSnap,1180.95,400.72,1248.04,481.57,67.08999999999992,80.84999999999997,xml_geometry_csv_action
BootPass_81,0,2,2,Position_Unknown,Team_Unknown,Action_PreSnap,1234.6,669.85,1317.66,785.89,83.06000000000017,116.03999999999996,xml_geometry_csv_action
BootPass_81,0,20,20,Position_Unknown,Team_Unknown,Action_PreSnap,1170.41,340.32,1238.98,405.34,68.56999999999994,65.01999999999998,xml_geometry_csv_action
BootPass_81,0,21,21,Position_Unknown,Team_Unknown,Action_PreSnap,1162.88,301.85,1226.55,355.03,63.669999999999845,53.17999999999995,xml_geometry_csv_action
BootPass_81,0,3,3,Position_Unknown,Team_Unknown,Action_PreSnap,1042.52,471.88,1137.57,556.76,95.04999999999995,84.88,xml_geometry_csv_action
BootPass_81,0,4,4,Position_Unknown,Team_Unknown,Action_PreSnap,1000.27,330.56,1095.36,410.56,95.08999999999992,80.0,xml_geometry_csv_action
BootPass_81,0,5,5,Position_Unknown,Team_Unknown,Action_PreSnap,1246.58,276.99,1312.65,375.98,66.07000000000016,98.99000000000001,xml_geometry_csv_action
BootPass_81,0,6,6,Position_Unknown,Team_Unknown,Action_PreSnap,1098.39,674.82,1160.22,791.3,61.82999999999993,116.4799999999999,xml_geometry_csv_action
BootPass_81,0,7,7,Position_Unknown,Team_Unknown,Action_PreSnap,1017.26,373.24,1093.05,468.17,75.78999999999996,94.93,xml_geometry_csv_action
BootPass_81,0,8,8,Position_Unknown,Team_Unknown,Action_PreSnap,361.27,456.11,418.91,583.56,57.64000000000004,127.44999999999993,xml_geometry_csv_action
BootPass_81,0,9,9,Position_Unknown,Team_Unknown,Action_PreSnap,772.75,689.15,839.04,816.61,66.28999999999996,127.46000000000004,xml_geometry_csv_action
BootPass_81,1,0,0,Position_Unknown,Team_Unknown,Action_PreSnap,1300.63,708.57,1396.12,823.15,95.48999999999978,114.57999999999993,xml_geometry_csv_action
BootPass_81,1,1,1,Position_Unknown,Team_Unknown,Action_PreSnap,1144.3,205.48,1227.07,310.71,82.76999999999998,105.22999999999999,xml_geometry_csv_action
BootPass_81,1,10,10,Position_Unknown,Team_Unknown,Action_PreSnap,1196.69,433.21,1266.14,526.43,69.45000000000005,93.21999999999997,xml_geometry_csv_action
BootPass_81,1,11,11,Position_Unknown,Team_Unknown,Action_PreSnap,880.65,396.57,931.6,525.62,50.950000000000045,129.05,xml_geometry_csv_action
BootPass_81,1,12,12,Position_Unknown,Team_Unknown,Action_PreSnap,1447.24,389.13,1504.21,498.77,56.97000000000003,109.63999999999999,xml_geometry_csv_action
BootPass_81,1,13,13,Position_Unknown,Team_Unknown,Action_PreSnap,807.21,307.37,853.42,434.72,46.20999999999992,127.35000000000002,xml_geometry_csv_action
BootPass_81,1,14,14,Position_Unknown,Team_Unknown,Action_PreSnap,1138.26,368.89,1214.96,447.21,76.70000000000005,78.32,xml_geometry_csv_action
BootPass_81,1,15,15,Position_Unknown,Team_Unknown,Action_PreSnap,997.46,207.47,1041.72,316.12,44.25999999999999,108.65,xml_geometry_csv_action
BootPass_81,1,16,16,Position_Unknown,Team_Unknown,Action_PreSnap,784.51,250.85,830.04,373.27,45.52999999999997,122.41999999999999,xml_geometry_csv_action
BootPass_81,1,17,17,Position_Unknown,Team_Unknown,Action_PreSnap,1014.35,280.94,1109.81,353.71,95.45999999999992,72.76999999999998,xml_geometry_csv_action
BootPass_81,1,18,18,Position_Unknown,Team_Unknown,Action_PreSnap,1430.44,321.93,1485.69,437.43,55.25,115.5,xml_geometry_csv_action
BootPass_81,1,19,19,Position_Unknown,Team_Unknown,Action_PreSnap,1181.23,400.78,1248.35,481.68,67.11999999999989,80.90000000000003,xml_geometry_csv_action
BootPass_81,1,2,2,Position_Unknown,Team_Unknown,Action_PreSnap,1235.29,669.89,1318.12,785.79,82.82999999999993,115.89999999999998,xml_geometry_csv_action
BootPass_81,1,20,20,Position_Unknown,Team_Unknown,Action_PreSnap,1170.98,340.07,1239.23,405.25,68.25,65.18,xml_geometry_csv_action
BootPass_81,1,21,21,Position_Unknown,Team_Unknown,Action_PreSnap,1163.31,301.39,1227.13,354.9,63.820000000000164,53.50999999999999,xml_geometry_csv_action
BootPass_81,1,3,3,Position_Unknown,Team_Unknown,Action_PreSnap,1043.37,471.86,1137.7,556.84,94.33000000000015,84.98000000000002,xml_geometry_csv_action
BootPass_81,1,4,4,Position_Unknown,Team_Unknown,Action_PreSnap,1000.8,330.66,1097.18,409.73,96.38000000000011,79.07,xml_geometry_csv_action
BootPass_81,1,5,5,Position_Unknown,Team_Unknown,Action_PreSnap,1246.71,277.15,1312.88,375.78,66.17000000000007,98.63,xml_geometry_csv_action
BootPass_81,1,6,6,Position_Unknown,Team_Unknown,Action_PreSnap,1098.82,674.61,1160.84,790.96,62.01999999999998,116.35000000000002,xml_geometry_csv_action
BootPass_81,1,7,7,Position_Unknown,Team_Unknown,Action_PreSnap,1017.64,373.61,1093.55,468.04,75.90999999999997,94.43,xml_geometry_csv_action
BootPass_81,1,8,8,Position_Unknown,Team_Unknown,Action_PreSnap,360.21,455.21,418.97,583.44,58.76000000000005,128.23000000000008,xml_geometry_csv_action
BootPass_81,1,9,9,Position_Unknown,Team_Unknown,Action_PreSnap,773.51,688.7,840.05,816.4,66.53999999999996,127.69999999999993,xml_geometry_csv_action
BootPass_81,2,0,0,Position_Unknown,Team_Unknown,Action_PreSnap,1300.67,708.68,1396.16,823.43,95.49000000000001,114.75,xml_geometry_csv_action
BootPass_81,2,1,1,Position_Unknown,Team_Unknown,Action_PreSnap,1144.0,205.6,1226.8,310.83,82.79999999999995,105.22999999999999,xml_geometry_csv_action
BootPass_81,2,10,10,Position_Unknown,Team_Unknown,Action_PreSnap,1196.59,433.15,1266.1,526.58,69.50999999999999,93.43000000000006,xml_geometry_csv_action
BootPass_81,2,11,11,Position_Unknown,Team_Unknown,Action_PreSnap,882.07,397.88,933.11,526.58,51.039999999999964,128.70000000000005,xml_geometry_csv_action
BootPass_81,2,12,12,Position_Unknown,Team_Unknown,Action_PreSnap,1447.38,389.48,1504.32,499.2,56.93999999999983,109.71999999999997,xml_geometry_csv_action
BootPass_81,2,13,13,Position_Unknown,Team_Unknown,Action_PreSnap,807.94,307.48,855.24,434.47,47.299999999999955,126.99000000000001,xml_geometry_csv_action
BootPass_81,2,14,14,Position_Unknown,Team_Unknown,Action_PreSnap,1138.4,368.47,1214.98,446.9,76.57999999999993,78.42999999999995,xml_geometry_csv_action
BootPass_81,2,15,15,Position_Unknown,Team_Unknown,Action_PreSnap,997.53,206.86,1042.51,315.96,44.98000000000002,109.09999999999997,xml_geometry_csv_action
BootPass_81,2,16,16,Position_Unknown,Team_Unknown,Action_PreSnap,784.61,250.75,830.31,373.11,45.69999999999993,122.36000000000001,xml_geometry_csv_action
BootPass_81,2,17,17,Position_Unknown,Team_Unknown,Action_PreSnap,1016.24,281.19,1110.16,352.88,93.92000000000007,71.69,xml_geometry_csv_action
BootPass_81,2,18,18,Position_Unknown,Team_Unknown,Action_PreSnap,1430.47,321.96,1485.94,437.8,55.47000000000003,115.84000000000003,xml_geometry_csv_action
BootPass_81,2,19,19,Position_Unknown,Team_Unknown,Action_PreSnap,1181.31,400.77,1248.58,481.47,67.26999999999998,80.70000000000005,xml_geometry_csv_action
BootPass_81,2,2,2,Position_Unknown,Team_Unknown,Action_PreSnap,1235.17,669.99,1318.3,786.14,83.12999999999988,116.14999999999998,xml_geometry_csv_action
BootPass_81,2,20,20,Position_Unknown,Team_Unknown,Action_PreSnap,1171.38,340.26,1239.58,405.49,68.19999999999982,65.23000000000002,xml_geometry_csv_action
BootPass_81,2,21,21,Position_Unknown,Team_Unknown,Action_PreSnap,1163.86,301.38,1227.47,355.17,63.61000000000013,53.79000000000002,xml_geometry_csv_action
BootPass_81,2,3,3,Position_Unknown,Team_Unknown,Action_PreSnap,1043.6,472.02,1138.0,556.79,94.40000000000009,84.76999999999998,xml_geometry_csv_action
BootPass_81,2,4,4,Position_Unknown,Team_Unknown,Action_PreSnap,1000.97,330.51,1097.77,409.18,96.79999999999995,78.67000000000002,xml_geometry_csv_action
BootPass_81,2,5,5,Position_Unknown,Team_Unknown,Action_PreSnap,1246.83,277.24,1312.97,375.69,66.1400000000001,98.44999999999999,xml_geometry_csv_action
BootPass_81,2,6,6,Position_Unknown,Team_Unknown,Action_PreSnap,1098.89,674.61,1160.46,790.75,61.569999999999936,116.13999999999999,xml_geometry_csv_action
BootPass_81,2,7,7,Position_Unknown,Team_Unknown,Action_PreSnap,1017.57,374.05,1093.88,467.84,76.31000000000006,93.78999999999996,xml_geometry_csv_action
BootPass_81,2,8,8,Position_Unknown,Team_Unknown,Action_PreSnap,359.5,455.36,418.82,583.17,59.31999999999999,127.80999999999995,xml_geometry_csv_action
BootPass_81,2,9,9,Position_Unknown,Team_Unknown,Action_PreSnap,773.64,689.0,839.92,816.59,66.27999999999997,127.59000000000003,xml_geometry_csv_action
BootPass_81,3,0,0,Position_Unknown,Team_Unknown,Action_PreSnap,1300.28,708.02,1395.67,823.04,95.3900000000001,115.01999999999998,xml_geometry_csv_action
BootPass_81,3,1,1,Position_Unknown,Team_Unknown,Action_PreSnap,1142.93,205.22,1225.26,310.5,82.32999999999993,105.28,xml_geometry_csv_action
BootPass_81,3,10,10,Position_Unknown,Team_Unknown,Action_PreSnap,1195.67,432.53,1265.39,526.23,69.72000000000003,93.70000000000005,xml_geometry_csv_action
BootPass_81,3,11,11,Position_Unknown,Team_Unknown,Action_PreSnap,882.53,399.48,934.15,526.61,51.620000000000005,127.13,xml_geometry_csv_action
BootPass_81,3,12,12,Position_Unknown,Team_Unknown,Action_PreSnap,1446.58,388.88,1504.14,498.69,57.56000000000017,109.81,xml_geometry_csv_action
BootPass_81,3,13,13,Position_Unknown,Team_Unknown,Action_PreSnap,808.43,306.62,856.75,433.38,48.32000000000005,126.75999999999999,xml_geometry_csv_action
BootPass_81,3,14,14,Position_Unknown,Team_Unknown,Action_PreSnap,1137.82,367.77,1214.2,446.31,76.38000000000011,78.54000000000002,xml_geometry_csv_action
BootPass_81,3,15,15,Position_Unknown,Team_Unknown,Action_PreSnap,995.88,207.51,1040.9,315.59,45.020000000000095,108.07999999999998,xml_geometry_csv_action
BootPass_81,3,16,16,Position_Unknown,Team_Unknown,Action_PreSnap,783.71,250.35,830.04,372.51,46.32999999999993,122.16,xml_geometry_csv_action
BootPass_81,3,17,17,Position_Unknown,Team_Unknown,Action_PreSnap,1011.84,281.21,1108.73,353.61,96.88999999999999,72.40000000000003,xml_geometry_csv_action
BootPass_81,3,18,18,Position_Unknown,Team_Unknown,Action_PreSnap,1429.53,321.34,1486.28,437.54,56.75,116.20000000000005,xml_geometry_csv_action
BootPass_81,3,19,19,Position_Unknown,Team_Unknown,Action_PreSnap,1180.05,399.74,1247.93,480.75,67.88000000000011,81.00999999999999,xml_geometry_csv_action
BootPass_81,3,2,2,Position_Unknown,Team_Unknown,Action_PreSnap,1234.65,669.49,1317.49,784.9,82.83999999999992,115.40999999999997,xml_geometry_csv_action
BootPass_81,3,20,20,Position_Unknown,Team_Unknown,Action_PreSnap,1170.58,339.72,1239.12,404.51,68.53999999999996,64.78999999999996,xml_geometry_csv_action
BootPass_81,3,21,21,Position_Unknown,Team_Unknown,Action_PreSnap,1163.24,301.15,1226.63,353.97,63.3900000000001,52.82000000000005,xml_geometry_csv_action
BootPass_81,3,3,3,Position_Unknown,Team_Unknown,Action_PreSnap,1043.22,471.82,1137.48,556.06,94.25999999999999,84.23999999999995,xml_geometry_csv_action
BootPass_81,3,4,4,Position_Unknown,Team_Unknown,Action_PreSnap,999.98,329.96,1097.43,407.04,97.45000000000005,77.08000000000004,xml_geometry_csv_action
BootPass_81,3,5,5,Position_Unknown,Team_Unknown,Action_PreSnap,1246.13,276.68,1312.34,375.07,66.20999999999981,98.38999999999999,xml_geometry_csv_action
BootPass_81,3,6,6,Position_Unknown,Team_Unknown,Action_PreSnap,1098.37,674.15,1159.81,790.53,61.440000000000055,116.38,xml_geometry_csv_action
BootPass_81,3,7,7,Position_Unknown,Team_Unknown,Action_PreSnap,1016.62,374.04,1093.72,467.45,77.10000000000002,93.40999999999997,xml_geometry_csv_action
BootPass_81,3,8,8,Position_Unknown,Team_Unknown,Action_PreSnap,357.48,454.76,418.01,582.28,60.52999999999997,127.51999999999998,xml_geometry_csv_action
BootPass_81,3,9,9,Position_Unknown,Team_Unknown,Action_PreSnap,772.83,688.71,839.18,816.2,66.34999999999991,127.49000000000001,xml_geometry_csv_action
BootPass_81,4,0,0,Position_Unknown,Team_Unknown,Action_PreSnap,1301.0,707.9,1396.06,822.85,95.05999999999995,114.95000000000005,xml_geometry_csv_action
BootPass_81,4,1,1,Position_Unknown,Team_Unknown,Action_PreSnap,1143.18,205.28,1225.47,310.33,82.28999999999996,105.04999999999998,xml_geometry_csv_action
BootPass_81,4,10,10,Position_Unknown,Team_Unknown,Action_PreSnap,1195.98,432.19,1266.04,525.99,70.05999999999995,93.80000000000001,xml_geometry_csv_action
BootPass_81,4,11,11,Position_Unknown,Team_Unknown,Action_PreSnap,883.98,401.81,935.44,526.44,51.460000000000036,124.63000000000005,xml_geometry_csv_action
BootPass_81,4,12,12,Position_Unknown,Team_Unknown,Action_PreSnap,1447.16,389.07,1505.21,498.64,58.049999999999955,109.57,xml_geometry_csv_action
BootPass_81,4,13,13,Position_Unknown,Team_Unknown,Action_PreSnap,810.37,306.52,859.98,433.15,49.610000000000014,126.63,xml_geometry_csv_action
BootPass_81,4,14,14,Position_Unknown,Team_Unknown,Action_PreSnap,1138.64,367.5,1214.8,446.57,76.15999999999985,79.07,xml_geometry_csv_action
BootPass_81,4,15,15,Position_Unknown,Team_Unknown,Action_PreSnap,995.74,207.19,1041.29,315.45,45.549999999999955,108.25999999999999,xml_geometry_csv_action
BootPass_81,4,16,16,Position_Unknown,Team_Unknown,Action_PreSnap,784.4,250.18,831.22,372.54,46.82000000000005,122.36000000000001,xml_geometry_csv_action
BootPass_81,4,17,17,Position_Unknown,Team_Unknown,Action_PreSnap,1011.46,281.4,1109.1,353.75,97.63999999999987,72.35000000000002,xml_geometry_csv_action
BootPass_81,4,18,18,Position_Unknown,Team_Unknown,Action_PreSnap,1430.27,321.07,1487.17,436.8,56.90000000000009,115.73000000000002,xml_geometry_csv_action
BootPass_81,4,19,19,Position_Unknown,Team_Unknown,Action_PreSnap,1181.04,399.74,1248.78,480.15,67.74000000000001,80.40999999999997,xml_geometry_csv_action
BootPass_81,4,2,2,Position_Unknown,Team_Unknown,Action_PreSnap,1235.49,669.24,1318.27,784.69,82.77999999999997,115.45000000000005,xml_geometry_csv_action
BootPass_81,4,20,20,Position_Unknown,Team_Unknown,Action_PreSnap,1171.1,339.81,1239.8,404.56,68.70000000000005,64.75,xml_geometry_csv_action
BootPass_81,4,21,21,Position_Unknown,Team_Unknown,Action_PreSnap,1164.2,300.75,1227.15,354.07,62.950000000000045,53.31999999999999,xml_geometry_csv_action
BootPass_81,4,3,3,Position_Unknown,Team_Unknown,Action_PreSnap,1043.92,471.65,1138.33,555.83,94.40999999999985,84.18000000000006,xml_geometry_csv_action
BootPass_81,4,4,4,Position_Unknown,Team_Unknown,Action_PreSnap,1001.24,329.27,1098.47,404.53,97.23000000000002,75.25999999999999,xml_geometry_csv_action
BootPass_81,4,5,5,Position_Unknown,Team_Unknown,Action_PreSnap,1246.79,276.52,1313.11,374.89,66.31999999999994,98.37,xml_geometry_csv_action
BootPass_81,4,6,6,Position_Unknown,Team_Unknown,Action_PreSnap,1098.96,673.89,1160.42,790.3,61.460000000000036,116.40999999999997,xml_geometry_csv_action
BootPass_81,4,7,7,Position_Unknown,Team_Unknown,Action_PreSnap,1017.08,374.31,1094.62,467.52,77.53999999999985,93.20999999999998,xml_geometry_csv_action
BootPass_81,4,8,8,Position_Unknown,Team_Unknown,Action_PreSnap,356.67,454.42,418.63,581.49,61.95999999999998,127.07,xml_geometry_csv_action
BootPass_81,4,9,9,Position_Unknown,Team_Unknown,Action_PreSnap,773.48,688.8,839.75,815.96,66.26999999999998,127.16000000000008,xml_geometry_csv_action
BootPass_81,5,0,0,Position_Unknown,Team_Unknown,Action_PreSnap,1300.59,708.63,1395.58,823.55,94.99000000000001,114.91999999999996,xml_geometry_csv_action
BootPass_81,5,1,1,Position_Unknown,Team_Unknown,Action_PreSnap,1142.93,206.39,1224.94,311.03,82.00999999999999,104.63999999999999,xml_geometry_csv_action
BootPass_81,5,10,10,Position_Unknown,Team_Unknown,Action_PreSnap,1195.78,433.19,1265.96,526.64,70.18000000000006,93.44999999999999,xml_geometry_csv_action
BootPass_81,5,11,11,Position_Unknown,Team_Unknown,Action_PreSnap,884.25,405.18,935.32,527.31,51.07000000000005,122.12999999999994,xml_geometry_csv_action
BootPass_81,5,12,12,Position_Unknown,Team_Unknown,Action_PreSnap,1446.81,389.45,1504.85,499.34,58.039999999999964,109.88999999999999,xml_geometry_csv_action
BootPass_81,5,13,13,Position_Unknown,Team_Unknown,Action_PreSnap,811.34,306.99,861.46,434.37,50.120000000000005,127.38,xml_geometry_csv_action
BootPass_81,5,14,14,Position_Unknown,Team_Unknown,Action_PreSnap,1138.3,368.01,1214.47,447.25,76.17000000000007,79.24000000000001,xml_geometry_csv_action
BootPass_81,5,15,15,Position_Unknown,Team_Unknown,Action_PreSnap,994.8,207.94,1040.61,316.17,45.809999999999945,108.23000000000002,xml_geometry_csv_action
BootPass_81,5,16,16,Position_Unknown,Team_Unknown,Action_PreSnap,784.16,250.59,831.43,373.32,47.26999999999998,122.72999999999999,xml_geometry_csv_action
BootPass_81,5,17,17,Position_Unknown,Team_Unknown,Action_PreSnap,1008.64,282.17,1108.26,356.46,99.62,74.28999999999996,xml_geometry_csv_action
BootPass_81,5,18,18,Position_Unknown,Team_Unknown,Action_PreSnap,1429.6,321.89,1487.03,438.23,57.430000000000064,116.34000000000003,xml_geometry_csv_action
BootPass_81,5,19,19,Position_Unknown,Team_Unknown,Action_PreSnap,1180.95,400.71,1248.71,481.22,67.75999999999999,80.51000000000005,xml_geometry_csv_action
BootPass_81,5,2,2,Position_Unknown,Team_Unknown,Action_PreSnap,1234.71,669.81,1318.06,785.98,83.34999999999991,116.17000000000007,xml_geometry_csv_action
BootPass_81,5,20,20,Position_Unknown,Team_Unknown,Action_PreSnap,1170.62,340.16,1239.26,405.69,68.6400000000001,65.52999999999997,xml_geometry_csv_action
BootPass_81,5,21,21,Position_Unknown,Team_Unknown,Action_PreSnap,1163.24,301.48,1226.46,354.95,63.22000000000003,53.46999999999997,xml_geometry_csv_action
BootPass_81,5,3,3,Position_Unknown,Team_Unknown,Action_PreSnap,1043.23,472.06,1138.36,556.88,95.12999999999988,84.82,xml_geometry_csv_action
BootPass_81,5,4,4,Position_Unknown,Team_Unknown,Action_PreSnap,1001.44,330.34,1098.47,403.04,97.02999999999997,72.70000000000005,xml_geometry_csv_action
BootPass_81,5,5,5,Position_Unknown,Team_Unknown,Action_PreSnap,1246.54,277.19,1313.15,375.77,66.61000000000013,98.57999999999998,xml_geometry_csv_action
BootPass_81,5,6,6,Position_Unknown,Team_Unknown,Action_PreSnap,1098.53,674.44,1159.92,791.02,61.3900000000001,116.57999999999993,xml_geometry_csv_action
BootPass_81,5,7,7,Position_Unknown,Team_Unknown,Action_PreSnap,1016.48,375.89,1094.81,468.24,78.32999999999993,92.35000000000002,xml_geometry_csv_action
BootPass_81,5,8,8,Position_Unknown,Team_Unknown,Action_PreSnap,355.43,455.08,418.16,581.98,62.73000000000002,126.90000000000003,xml_geometry_csv_action
BootPass_81,5,9,9,Position_Unknown,Team_Unknown,Action_PreSnap,773.01,690.01,839.26,816.66,66.25,126.64999999999998,xml_geometry_csv_action
BootPass_81,6,0,0,Position_Unknown,Team_Unknown,Action_PreSnap,1300.64,708.64,1395.55,823.38,94.90999999999985,114.74000000000001,xml_geometry_csv_action
BootPass_81,6,1,1,Position_Unknown,Team_Unknown,Action_PreSnap,1142.97,206.63,1224.45,310.9,81.48000000000002,104.26999999999998,xml_geometry_csv_action
BootPass_81,6,10,10,Position_Unknown,Team_Unknown,Action_PreSnap,1195.88,433.12,1266.07,526.83,70.18999999999983,93.71000000000004,xml_geometry_csv_action
BootPass_81,6,11,11,Position_Unknown,Team_Unknown,Action_PreSnap,884.71,407.12,936.08,527.41,51.370000000000005,120.28999999999996,xml_geometry_csv_action
BootPass_81,6,12,12,Position_Unknown,Team_Unknown,Action_PreSnap,1446.76,389.49,1504.67,499.36,57.91000000000008,109.87,xml_geometry_csv_action
BootPass_81,6,13,13,Position_Unknown,Team_Unknown,Action_PreSnap,812.69,307.64,862.58,434.25,49.889999999999986,126.61000000000001,xml_geometry_csv_action
BootPass_81,6,14,14,Position_Unknown,Team_Unknown,Action_PreSnap,1138.14,368.07,1214.33,447.41,76.18999999999983,79.34000000000003,xml_geometry_csv_action
BootPass_81,6,15,15,Position_Unknown,Team_Unknown,Action_PreSnap,994.32,208.42,1040.11,316.51,45.78999999999985,108.09,xml_geometry_csv_action
BootPass_81,6,16,16,Position_Unknown,Team_Unknown,Action_PreSnap,784.31,250.57,831.8,373.32,47.49000000000001,122.75,xml_geometry_csv_action
BootPass_81,6,17,17,Position_Unknown,Team_Unknown,Action_PreSnap,1008.01,282.64,1107.89,357.38,99.88000000000011,74.74000000000001,xml_geometry_csv_action
BootPass_81,6,18,18,Position_Unknown,Team_Unknown,Action_PreSnap,1429.48,321.98,1486.7,438.39,57.22000000000003,116.40999999999997,xml_geometry_csv_action
BootPass_81,6,19,19,Position_Unknown,Team_Unknown,Action_PreSnap,1180.88,400.86,1248.51,481.58,67.62999999999988,80.71999999999997,xml_geometry_csv_action
BootPass_81,6,2,2,Position_Unknown,Team_Unknown,Action_PreSnap,1234.83,669.65,1318.08,785.83,83.25,116.18000000000006,xml_geometry_csv_action
BootPass_81,6,20,20,Position_Unknown,Team_Unknown,Action_PreSnap,1170.56,340.33,1239.09,405.97,68.52999999999997,65.64000000000004,xml_geometry_csv_action
BootPass_81,6,21,21,Position_Unknown,Team_Unknown,Action_PreSnap,1162.71,301.57,1225.9,355.25,63.190000000000055,53.68000000000001,xml_geometry_csv_action
BootPass_81,6,3,3,Position_Unknown,Team_Unknown,Action_PreSnap,1043.04,471.77,1138.39,557.05,95.35000000000014,85.27999999999997,xml_geometry_csv_action
BootPass_81,6,4,4,Position_Unknown,Team_Unknown,Action_PreSnap,1001.59,331.05,1098.3,402.26,96.70999999999992,71.20999999999998,xml_geometry_csv_action
BootPass_81,6,5,5,Position_Unknown,Team_Unknown,Action_PreSnap,1246.39,277.45,1313.12,375.99,66.72999999999979,98.54000000000002,xml_geometry_csv_action
BootPass_81,6,6,6,Position_Unknown,Team_Unknown,Action_PreSnap,1098.36,674.51,1159.89,790.88,61.5300000000002,116.37,xml_geometry_csv_action
BootPass_81,6,7,7,Position_Unknown,Team_Unknown,Action_PreSnap,1016.28,376.6,1095.1,468.3,78.81999999999994,91.69999999999999,xml_geometry_csv_action
BootPass_81,6,8,8,Position_Unknown,Team_Unknown,Action_PreSnap,355.41,455.31,417.52,582.66,62.10999999999996,127.34999999999997,xml_geometry_csv_action
BootPass_81,6,9,9,Position_Unknown,Team_Unknown,Action_PreSnap,772.97,690.38,839.27,816.6,66.29999999999995,126.22000000000003,xml_geometry_csv_action
BootPass_81,7,0,0,Position_Unknown,Team_Unknown,Action_PreSnap,1300.93,708.65,1396.1,823.56,95.16999999999985,114.90999999999997,xml_geometry_csv_action
BootPass_81,7,1,1,Position_Unknown,Team_Unknown,Action_PreSnap,1143.08,206.39,1224.94,310.94,81.86000000000013,104.55000000000001,xml_geometry_csv_action
BootPass_81,7,10,10,Position_Unknown,Team_Unknown,Action_PreSnap,1196.04,432.54,1266.32,526.82,70.27999999999997,94.28000000000003,xml_geometry_csv_action
BootPass_81,7,11,11,Position_Unknown,Team_Unknown,Action_PreSnap,885.42,408.74,937.07,527.33,51.65000000000009,118.59000000000003,xml_geometry_csv_action
BootPass_81,7,12,12,Position_Unknown,Team_Unknown,Action_PreSnap,1446.95,389.37,1505.1,499.38,58.149999999999864,110.00999999999999,xml_geometry_csv_action
BootPass_81,7,13,13,Position_Unknown,Team_Unknown,Action_PreSnap,814.12,307.4,863.96,434.04,49.84000000000003,126.64000000000004,xml_geometry_csv_action
BootPass_81,7,14,14,Position_Unknown,Team_Unknown,Action_PreSnap,1138.36,367.74,1214.68,447.45,76.32000000000016,79.70999999999998,xml_geometry_csv_action
BootPass_81,7,15,15,Position_Unknown,Team_Unknown,Action_PreSnap,994.17,208.4,1040.06,316.23,45.889999999999986,107.83000000000001,xml_geometry_csv_action
BootPass_81,7,16,16,Position_Unknown,Team_Unknown,Action_PreSnap,784.85,250.2,832.88,373.13,48.02999999999997,122.93,xml_geometry_csv_action
BootPass_81,7,17,17,Position_Unknown,Team_Unknown,Action_PreSnap,1008.24,282.37,1107.98,357.44,99.74000000000001,75.07,xml_geometry_csv_action
BootPass_81,7,18,18,Position_Unknown,Team_Unknown,Action_PreSnap,1429.59,321.68,1487.08,437.86,57.49000000000001,116.18,xml_geometry_csv_action
BootPass_81,7,19,19,Position_Unknown,Team_Unknown,Action_PreSnap,1181.16,400.54,1248.82,481.59,67.65999999999985,81.04999999999995,xml_geometry_csv_action
BootPass_81,7,2,2,Position_Unknown,Team_Unknown,Action_PreSnap,1235.43,669.57,1318.73,785.99,83.29999999999995,116.41999999999996,xml_geometry_csv_action
BootPass_81,7,20,20,Position_Unknown,Team_Unknown,Action_PreSnap,1170.58,340.33,1239.44,405.69,68.86000000000013,65.36000000000001,xml_geometry_csv_action
BootPass_81,7,21,21,Position_Unknown,Team_Unknown,Action_PreSnap,1162.67,301.3,1226.16,355.34,63.49000000000001,54.039999999999964,xml_geometry_csv_action
BootPass_81,7,3,3,Position_Unknown,Team_Unknown,Action_PreSnap,1043.08,471.52,1138.79,556.91,95.71000000000004,85.38999999999999,xml_geometry_csv_action
BootPass_81,7,4,4,Position_Unknown,Team_Unknown,Action_PreSnap,1002.27,331.1,1098.5,402.22,96.23000000000002,71.12,xml_geometry_csv_action
BootPass_81,7,5,5,Position_Unknown,Team_Unknown,Action_PreSnap,1246.58,277.21,1313.44,375.8,66.86000000000013,98.59000000000003,xml_geometry_csv_action
BootPass_81,7,6,6,Position_Unknown,Team_Unknown,Action_PreSnap,1098.46,674.48,1160.31,790.82,61.84999999999991,116.34000000000003,xml_geometry_csv_action
BootPass_81,7,7,7,Position_Unknown,Team_Unknown,Action_PreSnap,1016.55,376.74,1096.02,468.29,79.47000000000003,91.55000000000001,xml_geometry_csv_action
BootPass_81,7,8,8,Position_Unknown,Team_Unknown,Action_PreSnap,354.79,455.08,417.49,581.83,62.69999999999999,126.75000000000006,xml_geometry_csv_action
BootPass_81,7,9,9,Position_Unknown,Team_Unknown,Action_PreSnap,773.56,690.1,840.1,816.8,66.54000000000008,126.69999999999993,xml_geometry_csv_action
BootPass_81,8,0,0,Position_Unknown,Team_Unknown,Action_PreSnap,1300.51,708.99,1395.57,823.94,95.05999999999995,114.95000000000005,xml_geometry_csv_action
BootPass_81,8,1,1,Position_Unknown,Team_Unknown,Action_PreSnap,1143.1,207.27,1224.87,311.47,81.76999999999998,104.20000000000002,xml_geometry_csv_action
BootPass_81,8,10,10,Position_Unknown,Team_Unknown,Action_PreSnap,1195.97,433.33,1266.27,527.34,70.29999999999995,94.01000000000005,xml_geometry_csv_action
BootPass_81,8,11,11,Position_Unknown,Team_Unknown,Action_PreSnap,885.6,411.17,937.64,527.98,52.039999999999964,116.81,xml_geometry_csv_action
BootPass_81,8,12,12,Position_Unknown,Team_Unknown,Action_PreSnap,1446.91,390.11,1504.93,499.78,58.01999999999998,109.66999999999996,xml_geometry_csv_action
BootPass_81,8,13,13,Position_Unknown,Team_Unknown,Action_PreSnap,814.96,308.17,864.63,434.3,49.66999999999996,126.13,xml_geometry_csv_action
BootPass_81,8,14,14,Position_Unknown,Team_Unknown,Action_PreSnap,1138.17,368.23,1214.49,447.89,76.31999999999994,79.65999999999997,xml_geometry_csv_action
BootPass_81,8,15,15,Position_Unknown,Team_Unknown,Action_PreSnap,993.47,209.42,1039.54,316.64,46.069999999999936,107.22,xml_geometry_csv_action
BootPass_81,8,16,16,Position_Unknown,Team_Unknown,Action_PreSnap,784.79,250.73,832.98,373.33,48.190000000000055,122.6,xml_geometry_csv_action
BootPass_81,8,17,17,Position_Unknown,Team_Unknown,Action_PreSnap,1008.02,283.07,1107.81,358.08,99.78999999999996,75.00999999999999,xml_geometry_csv_action
BootPass_81,8,18,18,Position_Unknown,Team_Unknown,Action_PreSnap,1429.55,322.35,1486.69,439.06,57.1400000000001,116.70999999999998,xml_geometry_csv_action
BootPass_81,8,19,19,Position_Unknown,Team_Unknown,Action_PreSnap,1180.78,401.25,1248.6,482.59,67.81999999999994,81.33999999999997,xml_geometry_csv_action
BootPass_81,8,2,2,Position_Unknown,Team_Unknown,Action_PreSnap,1235.23,670.22,1318.2,786.28,82.97000000000003,116.05999999999995,xml_geometry_csv_action
BootPass_81,8,20,20,Position_Unknown,Team_Unknown,Action_PreSnap,1170.39,341.1,1239.28,406.66,68.88999999999987,65.56,xml_geometry_csv_action
BootPass_81,8,21,21,Position_Unknown,Team_Unknown,Action_PreSnap,1161.97,301.76,1226.1,356.33,64.12999999999988,54.56999999999999,xml_geometry_csv_action
BootPass_81,8,3,3,Position_Unknown,Team_Unknown,Action_PreSnap,1042.27,471.82,1138.34,557.5,96.06999999999994,85.68,xml_geometry_csv_action
BootPass_81,8,4,4,Position_Unknown,Team_Unknown,Action_PreSnap,1002.22,331.83,1098.56,403.19,96.33999999999992,71.36000000000001,xml_geometry_csv_action
BootPass_81,8,5,5,Position_Unknown,Team_Unknown,Action_PreSnap,1246.27,277.87,1313.3,376.54,67.02999999999997,98.67000000000002,xml_geometry_csv_action
BootPass_81,8,6,6,Position_Unknown,Team_Unknown,Action_PreSnap,1097.85,674.92,1159.66,791.47,61.81000000000017,116.55000000000007,xml_geometry_csv_action
BootPass_81,8,7,7,Position_Unknown,Team_Unknown,Action_PreSnap,1016.31,377.55,1096.41,469.2,80.10000000000014,91.64999999999998,xml_geometry_csv_action
BootPass_81,8,8,8,Position_Unknown,Team_Unknown,Action_PreSnap,353.84,455.61,416.27,581.15,62.43000000000001,125.53999999999996,xml_geometry_csv_action
BootPass_81,8,9,9,Position_Unknown,Team_Unknown,Action_PreSnap,773.22,690.89,839.56,817.34,66.33999999999992,126.45000000000005,xml_geometry_csv_action
BootPass_81,9,0,0,Position_Unknown,Team_Unknown,Action_PreSnap,1300.49,708.49,1395.54,823.37,95.04999999999995,114.88,xml_geometry_csv_action
BootPass_81,9,1,1,Position_Unknown,Team_Unknown,Action_PreSnap,1142.6,206.87,1224.77,311.01,82.17000000000007,104.13999999999999,xml_geometry_csv_action
BootPass_81,9,10,10,Position_Unknown,Team_Unknown,Action_PreSnap,1195.43,432.6,1265.73,526.82,70.29999999999995,94.22000000000003,xml_geometry_csv_action
BootPass_81,9,11,11,Position_Unknown,Team_Unknown,Action_PreSnap,885.73,412.68,938.1,527.64,52.370000000000005,114.95999999999998,xml_geometry_csv_action
BootPass_81,9,12,12,Position_Unknown,Team_Unknown,Action_PreSnap,1446.36,389.12,1504.17,499.05,57.81000000000017,109.93,xml_geometry_csv_action
BootPass_81,9,13,13,Position_Unknown,Team_Unknown,Action_PreSnap,815.11,307.61,864.52,433.64,49.40999999999997,126.02999999999997,xml_geometry_csv_action
BootPass_81,9,14,14,Position_Unknown,Team_Unknown,Action_PreSnap,1137.72,367.75,1214.07,447.19,76.34999999999991,79.44,xml_geometry_csv_action
BootPass_81,9,15,15,Position_Unknown,Team_Unknown,Action_PreSnap,992.32,209.31,1038.75,316.11,46.42999999999995,106.80000000000001,xml_geometry_csv_action
BootPass_81,9,16,16,Position_Unknown,Team_Unknown,Action_PreSnap,784.28,250.08,832.9,372.98,48.620000000000005,122.9,xml_geometry_csv_action
BootPass_81,9,17,17,Position_Unknown,Team_Unknown,Action_PreSnap,1007.97,282.52,1107.36,357.57,99.38999999999987,75.05000000000001,xml_geometry_csv_action
BootPass_81,9,18,18,Position_Unknown,Team_Unknown,Action_PreSnap,1428.83,321.81,1485.94,438.69,57.11000000000013,116.88,xml_geometry_csv_action
BootPass_81,9,19,19,Position_Unknown,Team_Unknown,Action_PreSnap,1179.94,400.24,1247.97,481.98,68.02999999999997,81.74000000000001,xml_geometry_csv_action
BootPass_81,9,2,2,Position_Unknown,Team_Unknown,Action_PreSnap,1234.9,669.53,1317.9,785.57,83.0,116.04000000000008,xml_geometry_csv_action
BootPass_81,9,20,20,Position_Unknown,Team_Unknown,Action_PreSnap,1169.74,340.5,1238.47,405.66,68.73000000000002,65.16000000000003,xml_geometry_csv_action
BootPass_81,9,21,21,Position_Unknown,Team_Unknown,Action_PreSnap,1161.39,301.2,1225.3,355.45,63.909999999999854,54.25,xml_geometry_csv_action
BootPass_81,9,3,3,Position_Unknown,Team_Unknown,Action_PreSnap,1042.08,471.27,1137.52,556.66,95.44000000000005,85.38999999999999,xml_geometry_csv_action
BootPass_81,9,4,4,Position_Unknown,Team_Unknown,Action_PreSnap,1001.68,331.34,1097.55,403.4,95.87,72.06,xml_geometry_csv_action
BootPass_81,9,5,5,Position_Unknown,Team_Unknown,Action_PreSnap,1246.02,277.4,1312.59,375.93,66.56999999999994,98.53000000000003,xml_geometry_csv_action
BootPass_81,9,6,6,Position_Unknown,Team_Unknown,Action_PreSnap,1097.67,674.31,1159.6,790.84,61.929999999999836,116.53000000000009,xml_geometry_csv_action
BootPass_81,9,7,7,Position_Unknown,Team_Unknown,Action_PreSnap,1016.2,377.37,1096.68,468.58,80.48000000000002,91.20999999999998,xml_geometry_csv_action
BootPass_81,9,8,8,Position_Unknown,Team_Unknown,Action_PreSnap,353.0,455.17,415.22,579.68,62.22000000000003,124.50999999999993,xml_geometry_csv_action
BootPass_81,9,9,9,Position_Unknown,Team_Unknown,Action_PreSnap,772.67,690.77,838.96,816.81,66.29000000000008,126.03999999999996,xml_geometry_csv_action
BootPass_81,10,0,0,Position_Unknown,Team_Unknown,Action_PreSnap,1300.91,708.56,1396.21,823.7,95.29999999999995,115.1400000000001,xml_geometry_csv_action
BootPass_81,10,1,1,Position_Unknown,Team_Unknown,Action_PreSnap,1143.41,206.96,1225.75,311.25,82.33999999999992,104.28999999999999,xml_geometry_csv_action
BootPass_81,10,10,10,Position_Unknown,Team_Unknown,Action_PreSnap,1195.81,432.93,1266.21,527.08,70.40000000000009,94.15000000000003,xml_geometry_csv_action
BootPass_81,10,11,11,Position_Unknown,Team_Unknown,Action_PreSnap,886.92,414.92,939.4,527.54,52.48000000000002,112.61999999999995,xml_geometry_csv_action
BootPass_81,10,12,12,Position_Unknown,Team_Unknown,Action_PreSnap,1447.24,389.32,1504.98,499.24,57.74000000000001,109.92000000000002,xml_geometry_csv_action
BootPass_81,10,13,13,Position_Unknown,Team_Unknown,Action_PreSnap,816.58,307.72,865.8,433.58,49.219999999999914,125.85999999999996,xml_geometry_csv_action
BootPass_81,10,14,14,Position_Unknown,Team_Unknown,Action_PreSnap,1138.45,367.72,1214.6,447.5,76.14999999999986,79.77999999999997,xml_geometry_csv_action
BootPass_81,10,15,15,Position_Unknown,Team_Unknown,Action_PreSnap,992.6,209.49,1039.26,316.04,46.65999999999997,106.55000000000001,xml_geometry_csv_action
BootPass_81,10,16,16,Position_Unknown,Team_Unknown,Action_PreSnap,785.21,249.95,833.96,373.09,48.75,123.13999999999999,xml_geometry_csv_action
BootPass_81,10,17,17,Position_Unknown,Team_Unknown,Action_PreSnap,1008.6,282.16,1107.8,357.71,99.19999999999993,75.54999999999995,xml_geometry_csv_action
BootPass_81,10,18,18,Position_Unknown,Team_Unknown,Action_PreSnap,1429.54,321.97,1486.24,438.67,56.700000000000045,116.69999999999999,xml_geometry_csv_action
BootPass_81,10,19,19,Position_Unknown,Team_Unknown,Action_PreSnap,1180.95,400.86,1248.71,482.68,67.75999999999999,81.82,xml_geometry_csv_action
BootPass_81,10,2,2,Position_Unknown,Team_Unknown,Action_PreSnap,1235.37,669.52,1318.49,785.91,83.12000000000012,116.38999999999999,xml_geometry_csv_action
BootPass_81,10,20,20,Position_Unknown,Team_Unknown,Action_PreSnap,1170.61,340.65,1239.36,406.36,68.75,65.71000000000004,xml_geometry_csv_action
BootPass_81,10,21,21,Position_Unknown,Team_Unknown,Action_PreSnap,1161.81,301.24,1225.92,355.86,64.11000000000013,54.620000000000005,xml_geometry_csv_action
BootPass_81,10,3,3,Position_Unknown,Team_Unknown,Action_PreSnap,1042.59,471.19,1138.05,556.92,95.46000000000004,85.72999999999996,xml_geometry_csv_action
BootPass_81,10,4,4,Position_Unknown,Team_Unknown,Action_PreSnap,1002.37,331.62,1097.64,403.71,95.2700000000001,72.08999999999997,xml_geometry_csv_action
BootPass_81,10,5,5,Position_Unknown,Team_Unknown,Action_PreSnap,1246.5,277.27,1313.27,376.16,66.76999999999998,98.89000000000004,xml_geometry_csv_action
BootPass_81,10,6,6,Position_Unknown,Team_Unknown,Action_PreSnap,1097.89,674.61,1160.03,791.18,62.13999999999987,116.56999999999994,xml_geometry_csv_action
BootPass_81,10,7,7,Position_Unknown,Team_Unknown,Action_PreSnap,1016.89,377.98,1097.64,468.72,80.75000000000011,90.74000000000001,xml_geometry_csv_action
BootPass_81,10,8,8,Position_Unknown,Team_Unknown,Action_PreSnap,353.94,455.14,415.79,579.56,61.85000000000002,124.41999999999996,xml_geometry_csv_action
BootPass_81,10,9,9,Position_Unknown,Team_Unknown,Action_PreSnap,773.44,690.9,839.89,817.13,66.44999999999993,126.23000000000002,xml_geometry_csv_action
BootPass_81,11,0,0,Position_Unknown,Team_Unknown,Action_PreSnap,1300.54,708.29,1395.51,823.34,94.97000000000003,115.05000000000007,xml_geometry_csv_action
BootPass_81,11,1,1,Position_Unknown,Team_Unknown,Action_PreSnap,1143.4,207.22,1225.94,311.21,82.53999999999996,103.98999999999998,xml_geometry_csv_action
BootPass_81,11,10,10,Position_Unknown,Team_Unknown,Action_PreSnap,1195.57,432.65,1265.74,526.93,70.17000000000007,94.27999999999997,xml_geometry_csv_action
BootPass_81,11,11,11,Position_Unknown,Team_Unknown,Action_PreSnap,886.61,416.82,939.45,527.13,52.84000000000003,110.31,xml_geometry_csv_action
BootPass_81,11,12,12,Position_Unknown,Team_Unknown,Action_PreSnap,1446.77,389.13,1504.5,499.24,57.73000000000002,110.11000000000001,xml_geometry_csv_action
BootPass_81,11,13,13,Position_Unknown,Team_Unknown,Action_PreSnap,816.86,307.83,865.96,432.93,49.10000000000002,125.10000000000002,xml_geometry_csv_action
BootPass_81,11,14,14,Position_Unknown,Team_Unknown,Action_PreSnap,1138.05,367.69,1214.06,447.74,76.00999999999999,80.05000000000001,xml_geometry_csv_action
BootPass_81,11,15,15,Position_Unknown,Team_Unknown,Action_PreSnap,991.62,209.34,1039.52,315.76,47.89999999999998,106.41999999999999,xml_geometry_csv_action
BootPass_81,11,16,16,Position_Unknown,Team_Unknown,Action_PreSnap,784.81,249.76,833.77,373.15,48.960000000000036,123.38999999999999,xml_geometry_csv_action
BootPass_81,11,17,17,Position_Unknown,Team_Unknown,Action_PreSnap,1008.44,282.02,1106.95,357.81,98.50999999999999,75.79000000000002,xml_geometry_csv_action
BootPass_81,11,18,18,Position_Unknown,Team_Unknown,Action_PreSnap,1428.93,322.05,1485.7,438.92,56.76999999999998,116.87,xml_geometry_csv_action
BootPass_81,11,19,19,Position_Unknown,Team_Unknown,Action_PreSnap,1180.36,400.75,1248.11,482.19,67.75,81.44,xml_geometry_csv_action
BootPass_81,11,2,2,Position_Unknown,Team_Unknown,Action_PreSnap,1234.88,669.39,1317.81,785.64,82.92999999999984,116.25,xml_geometry_csv_action
BootPass_81,11,20,20,Position_Unknown,Team_Unknown,Action_PreSnap,1169.94,340.09,1238.75,406.28,68.80999999999995,66.19,xml_geometry_csv_action
BootPass_81,11,21,21,Position_Unknown,Team_Unknown,Action_PreSnap,1161.04,301.25,1225.12,356.01,64.07999999999993,54.75999999999999,xml_geometry_csv_action
BootPass_81,11,3,3,Position_Unknown,Team_Unknown,Action_PreSnap,1042.16,471.32,1137.15,556.65,94.99000000000001,85.32999999999998,xml_geometry_csv_action
BootPass_81,11,4,4,Position_Unknown,Team_Unknown,Action_PreSnap,1002.05,332.09,1096.72,404.0,94.67000000000007,71.91000000000003,xml_geometry_csv_action
BootPass_81,11,5,5,Position_Unknown,Team_Unknown,Action_PreSnap,1245.91,277.56,1312.86,376.31,66.94999999999982,98.75,xml_geometry_csv_action
BootPass_81,11,6,6,Position_Unknown,Team_Unknown,Action_PreSnap,1097.53,674.4,1159.81,791.09,62.27999999999997,116.69000000000005,xml_geometry_csv_action
BootPass_81,11,7,7,Position_Unknown,Team_Unknown,Action_PreSnap,1016.96,378.54,1098.08,468.71,81.11999999999989,90.16999999999996,xml_geometry_csv_action
BootPass_81,11,8,8,Position_Unknown,Team_Unknown,Action_PreSnap,353.3,455.67,414.59,579.19,61.289999999999964,123.52000000000004,xml_geometry_csv_action
BootPass_81,11,9,9,Position_Unknown,Team_Unknown,Action_PreSnap,772.9,691.48,839.36,816.69,66.46000000000004,125.21000000000004,xml_geometry_csv_action
BootPass_81,12,0,0,Position_Unknown,Team_Unknown,Action_PreSnap,1301.04,708.02,1395.96,823.17,94.92000000000007,115.14999999999998,xml_geometry_csv_action
BootPass_81,12,1,1,Position_Unknown,Team_Unknown,Action_PreSnap,1143.95,206.84,1226.75,311.25,82.79999999999995,104.41,xml_geometry_csv_action
BootPass_81,12,10,10,Position_Unknown,Team_Unknown,Action_PreSnap,1196.08,432.78,1266.19,526.68,70.11000000000013,93.89999999999998,xml_geometry_csv_action
BootPass_81,12,11,11,Position_Unknown,Team_Unknown,Action_PreSnap,887.41,417.77,940.35,526.85,52.940000000000055,109.08000000000004,xml_geometry_csv_action
BootPass_81,12,12,12,Position_Unknown,Team_Unknown,Action_PreSnap,1447.77,388.86,1505.26,499.19,57.49000000000001,110.32999999999998,xml_geometry_csv_action
BootPass_81,12,13,13,Position_Unknown,Team_Unknown,Action_PreSnap,818.07,307.87,867.08,432.35,49.00999999999999,124.48000000000002,xml_geometry_csv_action
BootPass_81,12,14,14,Position_Unknown,Team_Unknown,Action_PreSnap,1138.67,367.61,1214.62,447.85,75.94999999999982,80.24000000000001,xml_geometry_csv_action
BootPass_81,12,15,15,Position_Unknown,Team_Unknown,Action_PreSnap,991.69,209.04,1040.13,315.63,48.440000000000055,106.59,xml_geometry_csv_action
BootPass_81,12,16,16,Position_Unknown,Team_Unknown,Action_PreSnap,785.3,249.18,834.56,372.95,49.25999999999999,123.76999999999998,xml_geometry_csv_action
BootPass_81,12,17,17,Position_Unknown,Team_Unknown,Action_PreSnap,1009.13,281.5,1106.71,356.94,97.58000000000004,75.44,xml_geometry_csv_action
BootPass_81,12,18,18,Position_Unknown,Team_Unknown,Action_PreSnap,1429.23,321.99,1485.57,438.8,56.33999999999992,116.81,xml_geometry_csv_action
BootPass_81,12,19,19,Position_Unknown,Team_Unknown,Action_PreSnap,1181.1,400.77,1248.85,481.88,67.75,81.11000000000001,xml_geometry_csv_action
BootPass_81,12,2,2,Position_Unknown,Team_Unknown,Action_PreSnap,1235.45,669.09,1318.45,785.72,83.0,116.63,xml_geometry_csv_action
BootPass_81,12,20,20,Position_Unknown,Team_Unknown,Action_PreSnap,1170.41,339.77,1239.49,406.48,69.07999999999993,66.71000000000004,xml_geometry_csv_action
BootPass_81,12,21,21,Position_Unknown,Team_Unknown,Action_PreSnap,1161.74,300.85,1225.74,355.88,64.0,55.02999999999997,xml_geometry_csv_action
BootPass_81,12,3,3,Position_Unknown,Team_Unknown,Action_PreSnap,1042.32,471.28,1137.63,556.72,95.31000000000017,85.44000000000005,xml_geometry_csv_action
BootPass_81,12,4,4,Position_Unknown,Team_Unknown,Action_PreSnap,1002.54,332.0,1096.59,403.75,94.04999999999995,71.75,xml_geometry_csv_action
BootPass_81,12,5,5,Position_Unknown,Team_Unknown,Action_PreSnap,1246.42,277.28,1313.4,376.19,66.98000000000002,98.91000000000003,xml_geometry_csv_action
BootPass_81,12,6,6,Position_Unknown,Team_Unknown,Action_PreSnap,1097.92,674.28,1160.53,791.0,62.6099999999999,116.72000000000003,xml_geometry_csv_action
BootPass_81,12,7,7,Position_Unknown,Team_Unknown,Action_PreSnap,1017.51,378.79,1099.39,468.62,81.88000000000011,89.82999999999998,xml_geometry_csv_action
BootPass_81,12,8,8,Position_Unknown,Team_Unknown,Action_PreSnap,353.92,455.6,414.98,579.1,61.06,123.5,xml_geometry_csv_action
BootPass_81,12,9,9,Position_Unknown,Team_Unknown,Action_PreSnap,773.55,691.51,840.1,816.47,66.55000000000007,124.96000000000004,xml_geometry_csv_action
BootPass_81,13,0,0,Position_Unknown,Team_Unknown,Action_PreSnap,1301.18,707.8,1396.05,823.1,94.86999999999989,115.30000000000007,xml_geometry_csv_action
BootPass_81,13,1,1,Position_Unknown,Team_Unknown,Action_PreSnap,1144.09,206.6,1227.18,311.36,83.09000000000015,104.76000000000002,xml_geometry_csv_action
BootPass_81,13,10,10,Position_Unknown,Team_Unknown,Action_PreSnap,1196.2,432.8,1266.37,526.52,70.16999999999985,93.71999999999997,xml_geometry_csv_action
BootPass_81,13,11,11,Position_Unknown,Team_Unknown,Action_PreSnap,887.8,419.21,941.34,526.69,53.54000000000008,107.48000000000008,xml_geometry_csv_action
BootPass_81,13,12,12,Position_Unknown,Team_Unknown,Action_PreSnap,1447.95,388.77,1505.8,499.18,57.84999999999991,110.41000000000003,xml_geometry_csv_action
BootPass_81,13,13,13,Position_Unknown,Team_Unknown,Action_PreSnap,819.48,307.81,868.0,432.2,48.51999999999998,124.38999999999999,xml_geometry_csv_action
BootPass_81,13,14,14,Position_Unknown,Team_Unknown,Action_PreSnap,1138.84,367.49,1214.71,447.79,75.87000000000012,80.30000000000001,xml_geometry_csv_action
BootPass_81,13,15,15,Position_Unknown,Team_Unknown,Action_PreSnap,991.63,208.9,1040.93,315.5,49.30000000000007,106.6,xml_geometry_csv_action
BootPass_81,13,16,16,Position_Unknown,Team_Unknown,Action_PreSnap,785.47,248.91,835.16,372.86,49.68999999999994,123.95000000000002,xml_geometry_csv_action
BootPass_81,13,17,17,Position_Unknown,Team_Unknown,Action_PreSnap,1008.99,281.35,1106.74,356.57,97.75,75.21999999999997,xml_geometry_csv_action
BootPass_81,13,18,18,Position_Unknown,Team_Unknown,Action_PreSnap,1429.47,322.05,1485.6,438.45,56.12999999999988,116.39999999999998,xml_geometry_csv_action
BootPass_81,13,19,19,Position_Unknown,Team_Unknown,Action_PreSnap,1181.24,400.69,1248.96,481.72,67.72000000000003,81.03000000000003,xml_geometry_csv_action
BootPass_81,13,2,2,Position_Unknown,Team_Unknown,Action_PreSnap,1235.45,668.83,1318.55,785.75,83.09999999999991,116.91999999999996,xml_geometry_csv_action
BootPass_81,13,20,20,Position_Unknown,Team_Unknown,Action_PreSnap,1170.77,339.76,1239.7,406.51,68.93000000000006,66.75,xml_geometry_csv_action
BootPass_81,13,21,21,Position_Unknown,Team_Unknown,Action_PreSnap,1162.19,300.82,1226.45,355.76,64.25999999999999,54.94,xml_geometry_csv_action
BootPass_81,13,3,3,Position_Unknown,Team_Unknown,Action_PreSnap,1042.42,471.39,1137.68,556.67,95.25999999999999,85.27999999999997,xml_geometry_csv_action
BootPass_81,13,4,4,Position_Unknown,Team_Unknown,Action_PreSnap,1002.74,332.25,1095.82,403.81,93.07999999999993,71.56,xml_geometry_csv_action
BootPass_81,13,5,5,Position_Unknown,Team_Unknown,Action_PreSnap,1246.52,277.15,1313.8,376.15,67.27999999999997,99.0,xml_geometry_csv_action
BootPass_81,13,6,6,Position_Unknown,Team_Unknown,Action_PreSnap,1098.05,674.22,1160.77,790.8,62.72000000000003,116.57999999999993,xml_geometry_csv_action
BootPass_81,13,7,7,Position_Unknown,Team_Unknown,Action_PreSnap,1018.12,379.45,1100.47,468.69,82.35000000000002,89.24000000000001,xml_geometry_csv_action
BootPass_81,13,8,8,Position_Unknown,Team_Unknown,Action_PreSnap,353.78,455.69,414.81,579.08,61.03000000000003,123.39000000000004,xml_geometry_csv_action
BootPass_81,13,9,9,Position_Unknown,Team_Unknown,Action_PreSnap,773.7,691.59,840.27,816.36,66.56999999999994,124.76999999999998,xml_geometry_csv_action
BootPass_81,14,0,0,Position_Unknown,Team_Unknown,Action_PreSnap,1301.19,707.58,1395.88,822.93,94.69000000000005,115.34999999999991,xml_geometry_csv_action
BootPass_81,14,1,1,Position_Unknown,Team_Unknown,Action_PreSnap,1144.09,206.47,1227.27,311.53,83.18000000000006,105.05999999999997,xml_geometry_csv_action
BootPass_81,14,10,10,Position_Unknown,Team_Unknown,Action_PreSnap,1196.09,432.72,1266.26,526.35,70.17000000000007,93.63,xml_geometry_csv_action
BootPass_81,14,11,11,Position_Unknown,Team_Unknown,Action_PreSnap,887.89,420.25,941.67,526.33,53.77999999999997,106.08000000000004,xml_geometry_csv_action
BootPass_81,14,12,12,Position_Unknown,Team_Unknown,Action_PreSnap,1447.92,388.51,1505.8,499.22,57.87999999999988,110.71000000000004,xml_geometry_csv_action
BootPass_81,14,13,13,Position_Unknown,Team_Unknown,Action_PreSnap,820.34,307.82,868.53,432.61,48.18999999999994,124.79000000000002,xml_geometry_csv_action
BootPass_81,14,14,14,Position_Unknown,Team_Unknown,Action_PreSnap,1138.61,367.41,1214.56,447.79,75.95000000000005,80.38,xml_geometry_csv_action
BootPass_81,14,15,15,Position_Unknown,Team_Unknown,Action_PreSnap,991.09,208.89,1040.81,315.45,49.719999999999914,106.56,xml_geometry_csv_action
BootPass_81,14,16,16,Position_Unknown,Team_Unknown,Action_PreSnap,785.75,248.57,835.66,372.61,49.90999999999997,124.04000000000002,xml_geometry_csv_action
BootPass_81,14,17,17,Position_Unknown,Team_Unknown,Action_PreSnap,1008.38,281.36,1106.56,356.45,98.17999999999995,75.08999999999997,xml_geometry_csv_action
BootPass_81,14,18,18,Position_Unknown,Team_Unknown,Action_PreSnap,1429.39,322.09,1485.19,438.15,55.799999999999955,116.06,xml_geometry_csv_action
BootPass_81,14,19,19,Position_Unknown,Team_Unknown,Action_PreSnap,1181.13,400.52,1248.98,481.63,67.84999999999991,81.11000000000001,xml_geometry_csv_action
BootPass_81,14,2,2,Position_Unknown,Team_Unknown,Action_PreSnap,1235.4,668.57,1318.32,785.42,82.91999999999985,116.84999999999991,xml_geometry_csv_action
BootPass_81,14,20,20,Position_Unknown,Team_Unknown,Action_PreSnap,1170.7,339.9,1239.77,406.45,69.06999999999994,66.55000000000001,xml_geometry_csv_action
BootPass_81,14,21,21,Position_Unknown,Team_Unknown,Action_PreSnap,1162.38,301.0,1226.55,355.61,64.16999999999985,54.610000000000014,xml_geometry_csv_action
BootPass_81,14,3,3,Position_Unknown,Team_Unknown,Action_PreSnap,1042.07,471.52,1137.52,556.55,95.45000000000005,85.02999999999997,xml_geometry_csv_action
BootPass_81,14,4,4,Position_Unknown,Team_Unknown,Action_PreSnap,1002.67,332.52,1094.87,404.01,92.19999999999993,71.49000000000001,xml_geometry_csv_action
BootPass_81,14,5,5,Position_Unknown,Team_Unknown,Action_PreSnap,1246.45,277.17,1313.67,376.17,67.22000000000003,99.0,xml_geometry_csv_action
BootPass_81,14,6,6,Position_Unknown,Team_Unknown,Action_PreSnap,1097.88,674.28,1160.72,790.42,62.83999999999992,116.13999999999999,xml_geometry_csv_action
BootPass_81,14,7,7,Position_Unknown,Team_Unknown,Action_PreSnap,1018.28,380.23,1101.32,468.64,83.03999999999996,88.40999999999997,xml_geometry_csv_action
BootPass_81,14,8,8,Position_Unknown,Team_Unknown,Action_PreSnap,353.71,455.94,414.68,579.0,60.97000000000003,123.06,xml_geometry_csv_action
BootPass_81,14,9,9,Position_Unknown,Team_Unknown,Action_PreSnap,773.62,691.66,840.27,816.28,66.64999999999998,124.62,xml_geometry_csv_action
BootPass_81,15,0,0,Position_Unknown,Team_Unknown,Action_PreSnap,1301.18,707.79,1395.92,823.28,94.74000000000001,115.49000000000001,xml_geometry_csv_action
BootPass_81,15,1,1,Position_Unknown,Team_Unknown,Action_PreSnap,1144.31,206.63,1227.31,311.79,83.0,105.16000000000003,xml_geometry_csv_action
BootPass_81,15,10,10,Position_Unknown,Team_Unknown,Action_PreSnap,1196.19,432.82,1266.33,526.6,70.13999999999987,93.78000000000003,xml_geometry_csv_action
BootPass_81,15,11,11,Position_Unknown,Team_Unknown,Action_PreSnap,887.67,421.34,941.96,526.82,54.29000000000008,105.48000000000008,xml_geometry_csv_action
BootPass_81,15,12,12,Position_Unknown,Team_Unknown,Action_PreSnap,1448.19,388.69,1505.63,499.38,57.440000000000055,110.69,xml_geometry_csv_action
BootPass_81,15,13,13,Position_Unknown,Team_Unknown,Action_PreSnap,821.38,308.6,869.3,434.09,47.91999999999996,125.48999999999995,xml_geometry_csv_action
BootPass_81,15,14,14,Position_Unknown,Team_Unknown,Action_PreSnap,1138.69,367.52,1214.47,447.92,75.77999999999997,80.40000000000003,xml_geometry_csv_action
BootPass_81,15,15,15,Position_Unknown,Team_Unknown,Action_PreSnap,990.82,209.0,1041.01,315.53,50.18999999999994,106.52999999999997,xml_geometry_csv_action
BootPass_81,15,16,16,Position_Unknown,Team_Unknown,Action_PreSnap,786.03,248.64,836.13,372.86,50.10000000000002,124.22000000000003,xml_geometry_csv_action
BootPass_81,15,17,17,Position_Unknown,Team_Unknown,Action_PreSnap,1007.85,281.9,1106.51,356.89,98.65999999999997,74.99000000000001,xml_geometry_csv_action
BootPass_81,15,18,18,Position_Unknown,Team_Unknown,Action_PreSnap,1429.43,322.42,1484.97,438.44,55.539999999999964,116.01999999999998,xml_geometry_csv_action
BootPass_81,15,19,19,Position_Unknown,Team_Unknown,Action_PreSnap,1181.22,400.63,1248.97,482.03,67.75,81.39999999999998,xml_geometry_csv_action
BootPass_81,15,2,2,Position_Unknown,Team_Unknown,Action_PreSnap,1235.3,668.79,1318.42,785.89,83.12000000000012,117.10000000000002,xml_geometry_csv_action
BootPass_81,15,20,20,Position_Unknown,Team_Unknown,Action_PreSnap,1170.7,340.1,1239.79,406.69,69.08999999999992,66.58999999999997,xml_geometry_csv_action
BootPass_81,15,21,21,Position_Unknown,Team_Unknown,Action_PreSnap,1162.49,301.29,1226.45,355.61,63.960000000000036,54.31999999999999,xml_geometry_csv_action
BootPass_81,15,3,3,Position_Unknown,Team_Unknown,Action_PreSnap,1041.89,472.12,1137.46,556.83,95.56999999999994,84.71000000000004,xml_geometry_csv_action
BootPass_81,15,4,4,Position_Unknown,Team_Unknown,Action_PreSnap,1002.7,333.34,1094.4,404.4,91.70000000000005,71.06,xml_geometry_csv_action
BootPass_81,15,5,5,Position_Unknown,Team_Unknown,Action_PreSnap,1246.49,277.37,1313.59,376.41,67.09999999999991,99.04000000000002,xml_geometry_csv_action
BootPass_81,15,6,6,Position_Unknown,Team_Unknown,Action_PreSnap,1097.88,674.5,1160.79,790.65,62.909999999999854,116.14999999999998,xml_geometry_csv_action
BootPass_81,15,7,7,Position_Unknown,Team_Unknown,Action_PreSnap,1018.66,381.6,1102.17,469.04,83.5100000000001,87.44,xml_geometry_csv_action
BootPass_81,15,8,8,Position_Unknown,Team_Unknown,Action_PreSnap,353.87,457.3,414.19,579.69,60.31999999999999,122.39000000000004,xml_geometry_csv_action
BootPass_81,15,9,9,Position_Unknown,Team_Unknown,Action_PreSnap,773.76,692.19,840.14,816.69,66.38,124.5,xml_geometry_csv_action
BootPass_81,16,0,0,Position_Unknown,Team_Unknown,Action_PreSnap,1301.33,707.95,1396.08,823.62,94.75,115.66999999999996,xml_geometry_csv_action
BootPass_81,16,1,1,Position_Unknown,Team_Unknown,Action_PreSnap,1144.79,206.48,1227.66,312.1,82.87000000000012,105.62000000000003,xml_geometry_csv_action
BootPass_81,16,10,10,Position_Unknown,Team_Unknown,Action_PreSnap,1196.63,432.85,1266.68,526.69,70.04999999999995,93.84000000000003,xml_geometry_csv_action
BootPass_81,16,11,11,Position_Unknown,Team_Unknown,Action_PreSnap,888.1,422.37,942.77,527.04,54.66999999999996,104.66999999999996,xml_geometry_csv_action
BootPass_81,16,12,12,Position_Unknown,Team_Unknown,Action_PreSnap,1448.56,389.35,1505.95,499.4,57.3900000000001,110.04999999999995,xml_geometry_csv_action
BootPass_81,16,13,13,Position_Unknown,Team_Unknown,Action_PreSnap,822.91,309.39,870.6,436.09,47.690000000000055,126.69999999999999,xml_geometry_csv_action
BootPass_81,16,14,14,Position_Unknown,Team_Unknown,Action_PreSnap,1139.0,367.59,1214.78,448.04,75.77999999999997,80.45000000000005,xml_geometry_csv_action
BootPass_81,16,15,15,Position_Unknown,Team_Unknown,Action_PreSnap,990.81,208.87,1041.62,315.4,50.809999999999945,106.52999999999997,xml_geometry_csv_action
BootPass_81,16,16,16,Position_Unknown,Team_Unknown,Action_PreSnap,786.81,248.65,837.1,373.03,50.29000000000008,124.37999999999997,xml_geometry_csv_action
BootPass_81,16,17,17,Position_Unknown,Team_Unknown,Action_PreSnap,1007.69,282.4,1107.08,357.34,99.38999999999987,74.94,xml_geometry_csv_action
BootPass_81,16,18,18,Position_Unknown,Team_Unknown,Action_PreSnap,1429.97,322.78,1485.02,438.51,55.049999999999955,115.73000000000002,xml_geometry_csv_action
BootPass_81,16,19,19,Position_Unknown,Team_Unknown,Action_PreSnap,1181.64,400.76,1249.38,482.64,67.74000000000001,81.88,xml_geometry_csv_action
BootPass_81,16,2,2,Position_Unknown,Team_Unknown,Action_PreSnap,1235.48,668.95,1318.9,786.11,83.42000000000007,117.15999999999997,xml_geometry_csv_action
BootPass_81,16,20,20,Position_Unknown,Team_Unknown,Action_PreSnap,1171.36,340.25,1240.22,407.09,68.86000000000013,66.83999999999997,xml_geometry_csv_action
BootPass_81,16,21,21,Position_Unknown,Team_Unknown,Action_PreSnap,1163.46,301.55,1227.02,356.07,63.559999999999945,54.51999999999998,xml_geometry_csv_action
BootPass_81,16,3,3,Position_Unknown,Team_Unknown,Action_PreSnap,1042.05,472.5,1137.66,556.93,95.61000000000013,84.42999999999995,xml_geometry_csv_action
BootPass_81,16,4,4,Position_Unknown,Team_Unknown,Action_PreSnap,1003.05,333.82,1094.42,404.42,91.37000000000012,70.60000000000002,xml_geometry_csv_action
BootPass_81,16,5,5,Position_Unknown,Team_Unknown,Action_PreSnap,1246.7,277.41,1313.85,376.59,67.14999999999986,99.17999999999995,xml_geometry_csv_action
BootPass_81,16,6,6,Position_Unknown,Team_Unknown,Action_PreSnap,1098.27,674.68,1161.1,790.77,62.82999999999993,116.09000000000003,xml_geometry_csv_action
BootPass_81,16,7,7,Position_Unknown,Team_Unknown,Action_PreSnap,1018.97,383.05,1103.5,469.49,84.52999999999997,86.44,xml_geometry_csv_action
BootPass_81,16,8,8,Position_Unknown,Team_Unknown,Action_PreSnap,354.46,457.8,414.26,579.94,59.80000000000001,122.14000000000004,xml_geometry_csv_action
BootPass_81,16,9,9,Position_Unknown,Team_Unknown,Action_PreSnap,773.88,692.39,840.18,816.73,66.29999999999995,124.34000000000003,xml_geometry_csv_action
BootPass_81,17,0,0,Position_Unknown,Team_Unknown,Action_PreSnap,1300.6,708.28,1395.78,823.96,95.18000000000006,115.68000000000006,xml_geometry_csv_action
BootPass_81,17,1,1,Position_Unknown,Team_Unknown,Action_PreSnap,1144.2,206.63,1227.01,312.08,82.80999999999995,105.44999999999999,xml_geometry_csv_action
BootPass_81,17,10,10,Position_Unknown,Team_Unknown,Action_PreSnap,1196.08,433.08,1266.01,527.04,69.93000000000006,93.95999999999998,xml_geometry_csv_action
BootPass_81,17,11,11,Position_Unknown,Team_Unknown,Action_PreSnap,887.91,423.54,942.62,527.4,54.710000000000036,103.85999999999996,xml_geometry_csv_action
BootPass_81,17,12,12,Position_Unknown,Team_Unknown,Action_PreSnap,1447.6,389.36,1505.32,499.76,57.72000000000003,110.39999999999998,xml_geometry_csv_action
BootPass_81,17,13,13,Position_Unknown,Team_Unknown,Action_PreSnap,823.4,310.09,870.78,438.47,47.379999999999995,128.38000000000005,xml_geometry_csv_action
BootPass_81,17,14,14,Position_Unknown,Team_Unknown,Action_PreSnap,1138.38,367.94,1214.24,448.27,75.8599999999999,80.32999999999998,xml_geometry_csv_action
BootPass_81,17,15,15,Position_Unknown,Team_Unknown,Action_PreSnap,989.73,209.26,1040.61,315.68,50.87999999999988,106.42000000000002,xml_geometry_csv_action
BootPass_81,17,16,16,Position_Unknown,Team_Unknown,Action_PreSnap,786.3,248.81,837.04,373.28,50.74000000000001,124.46999999999997,xml_geometry_csv_action
BootPass_81,17,17,17,Position_Unknown,Team_Unknown,Action_PreSnap,1006.77,282.76,1106.73,357.11,99.96000000000004,74.35000000000002,xml_geometry_csv_action
BootPass_81,17,18,18,Position_Unknown,Team_Unknown,Action_PreSnap,1429.15,323.35,1484.46,438.29,55.309999999999945,114.94,xml_geometry_csv_action
BootPass_81,17,19,19,Position_Unknown,Team_Unknown,Action_PreSnap,1180.37,400.73,1248.38,483.16,68.01000000000022,82.43,xml_geometry_csv_action
BootPass_81,17,2,2,Position_Unknown,Team_Unknown,Action_PreSnap,1235.19,669.35,1318.39,786.4,83.20000000000005,117.04999999999995,xml_geometry_csv_action
BootPass_81,17,20,20,Position_Unknown,Team_Unknown,Action_PreSnap,1170.74,340.57,1239.49,407.09,68.75,66.51999999999998,xml_geometry_csv_action
BootPass_81,17,21,21,Position_Unknown,Team_Unknown,Action_PreSnap,1162.32,301.69,1226.22,356.24,63.90000000000009,54.55000000000001,xml_geometry_csv_action
BootPass_81,17,3,3,Position_Unknown,Team_Unknown,Action_PreSnap,1041.16,472.94,1136.64,557.08,95.48000000000002,84.14000000000004,xml_geometry_csv_action
BootPass_81,17,4,4,Position_Unknown,Team_Unknown,Action_PreSnap,1002.44,334.24,1094.11,404.95,91.66999999999985,70.70999999999998,xml_geometry_csv_action
BootPass_81,17,5,5,Position_Unknown,Team_Unknown,Action_PreSnap,1246.18,277.72,1313.31,376.7,67.12999999999988,98.97999999999996,xml_geometry_csv_action
BootPass_81,17,6,6,Position_Unknown,Team_Unknown,Action_PreSnap,1097.94,674.92,1160.65,791.18,62.710000000000036,116.25999999999999,xml_geometry_csv_action
BootPass_81,17,7,7,Position_Unknown,Team_Unknown,Action_PreSnap,1018.93,384.71,1104.47,470.03,85.54000000000008,85.32,xml_geometry_csv_action
BootPass_81,17,8,8,Position_Unknown,Team_Unknown,Action_PreSnap,353.91,458.56,413.52,580.27,59.60999999999996,121.70999999999998,xml_geometry_csv_action
BootPass_81,17,9,9,Position_Unknown,Team_Unknown,Action_PreSnap,773.5,692.73,839.8,817.01,66.29999999999995,124.27999999999997,xml_geometry_csv_action
BootPass_81,18,0,0,Position_Unknown,Team_Unknown,Action_PreSnap,1301.09,708.25,1396.3,824.02,95.21000000000004,115.76999999999998,xml_geometry_csv_action
BootPass_81,18,1,1,Position_Unknown,Team_Unknown,Action_PreSnap,1145.15,206.51,1227.61,312.05,82.45999999999981,105.54000000000002,xml_geometry_csv_action
BootPass_81,18,10,10,Position_Unknown,Team_Unknown,Action_PreSnap,1196.84,433.05,1266.83,526.98,69.99000000000001,93.93,xml_geometry_csv_action
BootPass_81,18,11,11,Position_Unknown,Team_Unknown,Action_PreSnap,888.53,424.66,943.65,527.39,55.120000000000005,102.72999999999996,xml_geometry_csv_action
BootPass_81,18,12,12,Position_Unknown,Team_Unknown,Action_PreSnap,1448.45,389.09,1506.11,499.69,57.659999999999854,110.60000000000002,xml_geometry_csv_action
BootPass_81,18,13,13,Position_Unknown,Team_Unknown,Action_PreSnap,825.24,310.58,872.61,440.43,47.370000000000005,129.85000000000002,xml_geometry_csv_action
BootPass_81,18,14,14,Position_Unknown,Team_Unknown,Action_PreSnap,1139.05,367.82,1214.74,448.18,75.69000000000005,80.36000000000001,xml_geometry_csv_action
BootPass_81,18,15,15,Position_Unknown,Team_Unknown,Action_PreSnap,990.19,208.98,1041.35,315.46,51.159999999999854,106.47999999999999,xml_geometry_csv_action
BootPass_81,18,16,16,Position_Unknown,Team_Unknown,Action_PreSnap,787.38,248.29,838.27,373.49,50.889999999999986,125.20000000000002,xml_geometry_csv_action
BootPass_81,18,17,17,Position_Unknown,Team_Unknown,Action_PreSnap,1007.87,282.68,1107.81,356.81,99.93999999999994,74.13,xml_geometry_csv_action
BootPass_81,18,18,18,Position_Unknown,Team_Unknown,Action_PreSnap,1430.38,323.75,1485.46,438.15,55.07999999999993,114.39999999999998,xml_geometry_csv_action
BootPass_81,18,19,19,Position_Unknown,Team_Unknown,Action_PreSnap,1181.39,400.92,1249.43,483.41,68.03999999999996,82.49000000000001,xml_geometry_csv_action
BootPass_81,18,2,2,Position_Unknown,Team_Unknown,Action_PreSnap,1236.05,669.48,1319.19,786.4,83.1400000000001,116.91999999999996,xml_geometry_csv_action
BootPass_81,18,20,20,Position_Unknown,Team_Unknown,Action_PreSnap,1171.79,340.66,1240.6,407.4,68.80999999999995,66.73999999999995,xml_geometry_csv_action
BootPass_81,18,21,21,Position_Unknown,Team_Unknown,Action_PreSnap,1163.51,301.87,1227.32,356.48,63.809999999999945,54.610000000000014,xml_geometry_csv_action
BootPass_81,18,3,3,Position_Unknown,Team_Unknown,Action_PreSnap,1041.64,472.98,1137.36,556.92,95.7199999999998,83.93999999999994,xml_geometry_csv_action
BootPass_81,18,4,4,Position_Unknown,Team_Unknown,Action_PreSnap,1003.05,334.19,1094.93,404.76,91.88000000000011,70.57,xml_geometry_csv_action
BootPass_81,18,5,5,Position_Unknown,Team_Unknown,Action_PreSnap,1246.74,277.74,1314.01,376.57,67.26999999999998,98.82999999999998,xml_geometry_csv_action
BootPass_81,18,6,6,Position_Unknown,Team_Unknown,Action_PreSnap,1098.69,674.82,1161.56,791.41,62.86999999999989,116.58999999999992,xml_geometry_csv_action
BootPass_81,18,7,7,Position_Unknown,Team_Unknown,Action_PreSnap,1019.74,386.5,1107.4,470.13,87.66000000000008,83.63,xml_geometry_csv_action
BootPass_81,18,8,8,Position_Unknown,Team_Unknown,Action_PreSnap,354.57,458.83,414.25,580.48,59.68000000000001,121.65000000000003,xml_geometry_csv_action
BootPass_81,18,9,9,Position_Unknown,Team_Unknown,Action_PreSnap,774.2,692.6,840.43,817.05,66.2299999999999,124.44999999999993,xml_geometry_csv_action
BootPass_81,19,0,0,Position_Unknown,Team_Unknown,Action_PreSnap,1300.31,708.25,1395.63,824.02,95.32000000000016,115.76999999999998,xml_geometry_csv_action
BootPass_81,19,1,1,Position_Unknown,Team_Unknown,Action_PreSnap,1144.29,206.35,1227.05,311.97,82.75999999999999,105.62000000000003,xml_geometry_csv_action
BootPass_81,19,10,10,Position_Unknown,Team_Unknown,Action_PreSnap,1196.16,432.98,1266.02,526.97,69.8599999999999,93.99000000000001,xml_geometry_csv_action
BootPass_81,19,11,11,Position_Unknown,Team_Unknown,Action_PreSnap,887.65,425.58,942.89,527.24,55.24000000000001,101.66000000000003,xml_geometry_csv_action
BootPass_81,19,12,12,Position_Unknown,Team_Unknown,Action_PreSnap,1447.64,389.16,1505.34,499.6,57.69999999999982,110.44,xml_geometry_csv_action
BootPass_81,19,13,13,Position_Unknown,Team_Unknown,Action_PreSnap,825.19,311.4,872.53,442.01,47.33999999999992,130.61,xml_geometry_csv_action
BootPass_81,19,14,14,Position_Unknown,Team_Unknown,Action_PreSnap,1138.48,367.93,1214.03,448.3,75.54999999999995,80.37,xml_geometry_csv_action
BootPass_81,19,15,15,Position_Unknown,Team_Unknown,Action_PreSnap,988.88,209.38,1039.99,315.38,51.110000000000014,106.0,xml_geometry_csv_action
BootPass_81,19,16,16,Position_Unknown,Team_Unknown,Action_PreSnap,786.58,247.96,837.81,373.43,51.229999999999905,125.47,xml_geometry_csv_action
BootPass_81,19,17,17,Position_Unknown,Team_Unknown,Action_PreSnap,1007.12,282.52,1107.14,355.87,100.0200000000001,73.35000000000002,xml_geometry_csv_action
BootPass_81,19,18,18,Position_Unknown,Team_Unknown,Action_PreSnap,1429.14,324.1,1484.52,437.88,55.37999999999988,113.77999999999997,xml_geometry_csv_action
BootPass_81,19,19,19,Position_Unknown,Team_Unknown,Action_PreSnap,1180.35,400.79,1248.42,483.29,68.07000000000016,82.5,xml_geometry_csv_action
BootPass_81,19,2,2,Position_Unknown,Team_Unknown,Action_PreSnap,1234.96,669.41,1318.32,786.3,83.3599999999999,116.88999999999999,xml_geometry_csv_action
BootPass_81,19,20,20,Position_Unknown,Team_Unknown,Action_PreSnap,1170.57,340.62,1239.45,407.17,68.88000000000011,66.55000000000001,xml_geometry_csv_action
BootPass_81,19,21,21,Position_Unknown,Team_Unknown,Action_PreSnap,1162.59,301.85,1226.48,356.45,63.8900000000001,54.599999999999966,xml_geometry_csv_action
BootPass_81,19,3,3,Position_Unknown,Team_Unknown,Action_PreSnap,1041.09,473.08,1136.22,556.86,95.13000000000011,83.78000000000003,xml_geometry_csv_action
BootPass_81,19,4,4,Position_Unknown,Team_Unknown,Action_PreSnap,1002.38,334.12,1094.76,404.72,92.38,70.60000000000002,xml_geometry_csv_action
BootPass_81,19,5,5,Position_Unknown,Team_Unknown,Action_PreSnap,1246.14,277.79,1313.16,376.58,67.01999999999998,98.78999999999996,xml_geometry_csv_action
BootPass_81,19,6,6,Position_Unknown,Team_Unknown,Action_PreSnap,1097.84,674.85,1160.67,791.45,62.830000000000155,116.60000000000002,xml_geometry_csv_action
BootPass_81,19,7,7,Position_Unknown,Team_Unknown,Action_PreSnap,1019.14,388.36,1109.3,470.12,90.15999999999997,81.75999999999999,xml_geometry_csv_action
BootPass_81,19,8,8,Position_Unknown,Team_Unknown,Action_PreSnap,353.41,459.12,413.13,580.36,59.71999999999997,121.24000000000001,xml_geometry_csv_action
BootPass_81,19,9,9,Position_Unknown,Team_Unknown,Action_PreSnap,773.41,692.83,839.53,817.07,66.12,124.24000000000001,xml_geometry_csv_action
BootPass_81,20,0,0,Position_Unknown,Team_Unknown,Action_PreSnap,1300.58,708.68,1395.98,824.5,95.40000000000009,115.82000000000005,xml_geometry_csv_action
BootPass_81,20,1,1,Position_Unknown,Team_Unknown,Action_PreSnap,1144.72,207.16,1227.34,312.55,82.61999999999989,105.39000000000001,xml_geometry_csv_action
BootPass_81,20,10,10,Position_Unknown,Team_Unknown,Action_PreSnap,1196.81,433.84,1266.57,527.64,69.75999999999999,93.80000000000001,xml_geometry_csv_action
BootPass_81,20,11,11,Position_Unknown,Team_Unknown,Action_PreSnap,888.02,427.5,943.14,528.19,55.120000000000005,100.69000000000005,xml_geometry_csv_action
BootPass_81,20,12,12,Position_Unknown,Team_Unknown,Action_PreSnap,1448.0,390.04,1505.63,500.25,57.63000000000011,110.20999999999998,xml_geometry_csv_action
BootPass_81,20,13,13,Position_Unknown,Team_Unknown,Action_PreSnap,826.77,313.54,873.53,444.33,46.75999999999999,130.78999999999996,xml_geometry_csv_action
BootPass_81,20,14,14,Position_Unknown,Team_Unknown,Action_PreSnap,1138.67,368.77,1214.22,448.87,75.54999999999995,80.10000000000002,xml_geometry_csv_action
BootPass_81,20,15,15,Position_Unknown,Team_Unknown,Action_PreSnap,988.64,209.99,1040.16,316.32,51.520000000000095,106.32999999999998,xml_geometry_csv_action
BootPass_81,20,16,16,Position_Unknown,Team_Unknown,Action_PreSnap,787.52,248.71,838.55,374.03,51.02999999999997,125.31999999999996,xml_geometry_csv_action
BootPass_81,20,17,17,Position_Unknown,Team_Unknown,Action_PreSnap,1008.95,283.34,1107.68,355.21,98.73000000000002,71.87,xml_geometry_csv_action
BootPass_81,20,18,18,Position_Unknown,Team_Unknown,Action_PreSnap,1429.7,325.16,1484.96,438.66,55.25999999999999,113.5,xml_geometry_csv_action
BootPass_81,20,19,19,Position_Unknown,Team_Unknown,Action_PreSnap,1180.83,401.62,1248.67,484.17,67.84000000000015,82.55000000000001,xml_geometry_csv_action
BootPass_81,20,2,2,Position_Unknown,Team_Unknown,Action_PreSnap,1235.57,669.96,1318.75,786.87,83.18000000000006,116.90999999999997,xml_geometry_csv_action
BootPass_81,20,20,20,Position_Unknown,Team_Unknown,Action_PreSnap,1170.75,341.56,1239.77,408.17,69.01999999999998,66.61000000000001,xml_geometry_csv_action
BootPass_81,20,21,21,Position_Unknown,Team_Unknown,Action_PreSnap,1162.53,302.58,1226.79,357.5,64.25999999999999,54.920000000000016,xml_geometry_csv_action
BootPass_81,20,3,3,Position_Unknown,Team_Unknown,Action_PreSnap,1041.61,473.95,1136.67,557.83,95.06000000000017,83.88000000000005,xml_geometry_csv_action
BootPass_81,20,4,4,Position_Unknown,Team_Unknown,Action_PreSnap,1003.09,334.95,1095.41,405.39,92.32000000000005,70.44,xml_geometry_csv_action
BootPass_81,20,5,5,Position_Unknown,Team_Unknown,Action_PreSnap,1246.32,278.53,1313.21,377.25,66.8900000000001,98.72000000000003,xml_geometry_csv_action
BootPass_81,20,6,6,Position_Unknown,Team_Unknown,Action_PreSnap,1098.19,675.76,1161.11,792.31,62.919999999999845,116.54999999999995,xml_geometry_csv_action
BootPass_81,20,7,7,Position_Unknown,Team_Unknown,Action_PreSnap,1019.77,390.64,1112.86,470.75,93.08999999999992,80.11000000000001,xml_geometry_csv_action
BootPass_81,20,8,8,Position_Unknown,Team_Unknown,Action_PreSnap,353.57,460.07,413.43,581.25,59.860000000000014,121.18,xml_geometry_csv_action
BootPass_81,20,9,9,Position_Unknown,Team_Unknown,Action_PreSnap,773.91,693.63,839.97,817.84,66.06000000000006,124.21000000000004,xml_geometry_csv_action
BootPass_81,21,0,0,Position_Unknown,Team_Unknown,Action_PreSnap,1300.8,707.99,1396.08,823.99,95.27999999999997,116.0,xml_geometry_csv_action
BootPass_81,21,1,1,Position_Unknown,Team_Unknown,Action_PreSnap,1144.66,206.4,1227.63,312.04,82.97000000000003,105.64000000000001,xml_geometry_csv_action
BootPass_81,21,10,10,Position_Unknown,Team_Unknown,Action_PreSnap,1196.67,432.91,1266.72,526.97,70.04999999999995,94.06,xml_geometry_csv_action
BootPass_81,21,11,11,Position_Unknown,Team_Unknown,Action_PreSnap,888.02,427.42,943.48,527.55,55.460000000000036,100.12999999999994,xml_geometry_csv_action
BootPass_81,21,12,12,Position_Unknown,Team_Unknown,Action_PreSnap,1447.99,389.28,1506.14,499.6,58.15000000000009,110.32000000000005,xml_geometry_csv_action
BootPass_81,21,13,13,Position_Unknown,Team_Unknown,Action_PreSnap,827.46,314.03,874.01,444.71,46.549999999999955,130.68,xml_geometry_csv_action
BootPass_81,21,14,14,Position_Unknown,Team_Unknown,Action_PreSnap,1138.9,367.93,1214.14,448.05,75.24000000000001,80.12,xml_geometry_csv_action
BootPass_81,21,15,15,Position_Unknown,Team_Unknown,Action_PreSnap,988.42,209.48,1040.01,315.34,51.59000000000003,105.85999999999999,xml_geometry_csv_action
BootPass_81,21,16,16,Position_Unknown,Team_Unknown,Action_PreSnap,787.94,247.44,839.39,373.54,51.44999999999993,126.10000000000002,xml_geometry_csv_action
BootPass_81,21,17,17,Position_Unknown,Team_Unknown,Action_PreSnap,1010.73,282.32,1108.42,353.89,97.69000000000005,71.57,xml_geometry_csv_action
BootPass_81,21,18,18,Position_Unknown,Team_Unknown,Action_PreSnap,1429.85,324.56,1485.88,438.02,56.0300000000002,113.45999999999998,xml_geometry_csv_action
BootPass_81,21,19,19,Position_Unknown,Team_Unknown,Action_PreSnap,1180.65,400.74,1248.64,483.48,67.99000000000001,82.74000000000001,xml_geometry_csv_action
BootPass_81,21,2,2,Position_Unknown,Team_Unknown,Action_PreSnap,1235.48,669.27,1318.98,786.6,83.5,117.33000000000004,xml_geometry_csv_action
BootPass_81,21,20,20,Position_Unknown,Team_Unknown,Action_PreSnap,1170.62,340.73,1239.91,407.54,69.29000000000019,66.81,xml_geometry_csv_action
BootPass_81,21,21,21,Position_Unknown,Team_Unknown,Action_PreSnap,1162.92,301.94,1227.17,356.91,64.25,54.97000000000003,xml_geometry_csv_action
BootPass_81,21,3,3,Position_Unknown,Team_Unknown,Action_PreSnap,1041.62,473.37,1136.93,557.24,95.31000000000017,83.87,xml_geometry_csv_action
BootPass_81,21,4,4,Position_Unknown,Team_Unknown,Action_PreSnap,1003.5,334.19,1095.76,404.8,92.25999999999999,70.61000000000001,xml_geometry_csv_action
BootPass_81,21,5,5,Position_Unknown,Team_Unknown,Action_PreSnap,1246.6,277.68,1313.51,376.77,66.91000000000008,99.08999999999997,xml_geometry_csv_action
BootPass_81,21,6,6,Position_Unknown,Team_Unknown,Action_PreSnap,1098.3,675.01,1161.2,791.5,62.90000000000009,116.49000000000001,xml_geometry_csv_action
BootPass_81,21,7,7,Position_Unknown,Team_Unknown,Action_PreSnap,1020.23,391.37,1116.09,470.09,95.8599999999999,78.71999999999997,xml_geometry_csv_action
BootPass_81,21,8,8,Position_Unknown,Team_Unknown,Action_PreSnap,353.09,459.11,413.06,580.86,59.97000000000003,121.75,xml_geometry_csv_action
BootPass_81,21,9,9,Position_Unknown,Team_Unknown,Action_PreSnap,773.77,692.92,839.73,817.42,65.96000000000004,124.5,xml_geometry_csv_action
BootPass_81,22,0,0,Position_Unknown,Team_Unknown,Action_PreSnap,1300.52,708.94,1395.55,824.93,95.02999999999997,115.9899999999999,xml_geometry_csv_action
BootPass_81,22,1,1,Position_Unknown,Team_Unknown,Action_PreSnap,1144.63,207.92,1227.52,313.39,82.88999999999987,105.47,xml_geometry_csv_action
BootPass_81,22,10,10,Position_Unknown,Team_Unknown,Action_PreSnap,1196.63,434.47,1266.66,527.89,70.02999999999997,93.41999999999996,xml_geometry_csv_action
BootPass_81,22,11,11,Position_Unknown,Team_Unknown,Action_PreSnap,887.53,428.78,943.57,528.48,56.04000000000008,99.70000000000005,xml_geometry_csv_action
BootPass_81,22,12,12,Position_Unknown,Team_Unknown,Action_PreSnap,1447.7,390.48,1506.06,500.59,58.3599999999999,110.10999999999996,xml_geometry_csv_action
BootPass_81,22,13,13,Position_Unknown,Team_Unknown,Action_PreSnap,827.89,316.54,874.73,446.68,46.84000000000003,130.14,xml_geometry_csv_action
BootPass_81,22,14,14,Position_Unknown,Team_Unknown,Action_PreSnap,1139.05,369.27,1214.06,449.39,75.00999999999999,80.12,xml_geometry_csv_action
BootPass_81,22,15,15,Position_Unknown,Team_Unknown,Action_PreSnap,987.97,210.4,1040.07,316.51,52.09999999999991,106.10999999999999,xml_geometry_csv_action
BootPass_81,22,16,16,Position_Unknown,Team_Unknown,Action_PreSnap,788.21,248.69,839.91,374.17,51.69999999999993,125.48000000000002,xml_geometry_csv_action
BootPass_81,22,17,17,Position_Unknown,Team_Unknown,Action_PreSnap,1011.41,283.24,1108.83,354.34,97.41999999999996,71.09999999999997,xml_geometry_csv_action
BootPass_81,22,18,18,Position_Unknown,Team_Unknown,Action_PreSnap,1430.19,325.89,1486.53,439.07,56.33999999999992,113.18,xml_geometry_csv_action
BootPass_81,22,19,19,Position_Unknown,Team_Unknown,Action_PreSnap,1180.6,402.25,1248.67,484.56,68.07000000000016,82.31,xml_geometry_csv_action
BootPass_81,22,2,2,Position_Unknown,Team_Unknown,Action_PreSnap,1235.34,670.17,1318.34,787.41,83.0,117.24000000000001,xml_geometry_csv_action
BootPass_81,22,20,20,Position_Unknown,Team_Unknown,Action_PreSnap,1170.61,342.15,1240.02,408.95,69.41000000000008,66.80000000000001,xml_geometry_csv_action
BootPass_81,22,21,21,Position_Unknown,Team_Unknown,Action_PreSnap,1162.54,303.08,1226.73,358.34,64.19000000000005,55.25999999999999,xml_geometry_csv_action
BootPass_81,22,3,3,Position_Unknown,Team_Unknown,Action_PreSnap,1041.62,474.35,1136.7,558.22,95.08000000000015,83.87,xml_geometry_csv_action
BootPass_81,22,4,4,Position_Unknown,Team_Unknown,Action_PreSnap,1003.3,335.32,1095.94,406.11,92.6400000000001,70.79000000000002,xml_geometry_csv_action
BootPass_81,22,5,5,Position_Unknown,Team_Unknown,Action_PreSnap,1246.42,279.18,1313.44,377.98,67.01999999999998,98.80000000000001,xml_geometry_csv_action
BootPass_81,22,6,6,Position_Unknown,Team_Unknown,Action_PreSnap,1098.2,676.07,1161.0,792.41,62.799999999999955,116.33999999999992,xml_geometry_csv_action
BootPass_81,22,7,7,Position_Unknown,Team_Unknown,Action_PreSnap,1020.11,393.46,1118.17,471.18,98.06000000000006,77.72000000000003,xml_geometry_csv_action
BootPass_81,22,8,8,Position_Unknown,Team_Unknown,Action_PreSnap,352.49,460.04,412.91,581.73,60.420000000000016,121.69,xml_geometry_csv_action
BootPass_81,22,9,9,Position_Unknown,Team_Unknown,Action_PreSnap,773.27,693.95,839.57,818.32,66.30000000000007,124.37,xml_geometry_csv_action
BootPass_81,23,0,0,Position_Unknown,Team_Unknown,Action_PreSnap,1300.29,708.79,1395.24,824.79,94.95000000000005,116.0,xml_geometry_csv_action
BootPass_81,23,1,1,Position_Unknown,Team_Unknown,Action_PreSnap,1144.38,207.71,1227.32,312.83,82.93999999999983,105.11999999999998,xml_geometry_csv_action
BootPass_81,23,10,10,Position_Unknown,Team_Unknown,Action_PreSnap,1196.45,434.43,1266.5,527.73,70.04999999999995,93.30000000000001,xml_geometry_csv_action
BootPass_81,23,11,11,Position_Unknown,Team_Unknown,Action_PreSnap,887.41,428.82,943.52,528.28,56.110000000000014,99.45999999999998,xml_geometry_csv_action
BootPass_81,23,12,12,Position_Unknown,Team_Unknown,Action_PreSnap,1447.41,390.14,1505.73,500.37,58.319999999999936,110.23000000000002,xml_geometry_csv_action
BootPass_81,23,13,13,Position_Unknown,Team_Unknown,Action_PreSnap,827.88,318.06,875.06,447.01,47.17999999999995,128.95,xml_geometry_csv_action
BootPass_81,23,14,14,Position_Unknown,Team_Unknown,Action_PreSnap,1139.06,368.97,1213.81,449.32,74.75,80.34999999999997,xml_geometry_csv_action
BootPass_81,23,15,15,Position_Unknown,Team_Unknown,Action_PreSnap,987.31,210.19,1039.67,316.28,52.36000000000013,106.08999999999997,xml_geometry_csv_action
BootPass_81,23,16,16,Position_Unknown,Team_Unknown,Action_PreSnap,788.38,248.08,840.32,373.87,51.940000000000055,125.78999999999999,xml_geometry_csv_action
BootPass_81,23,17,17,Position_Unknown,Team_Unknown,Action_PreSnap,1010.84,282.6,1108.93,354.22,98.09000000000003,71.62,xml_geometry_csv_action
BootPass_81,23,18,18,Position_Unknown,Team_Unknown,Action_PreSnap,1430.02,325.88,1486.38,438.96,56.36000000000013,113.07999999999998,xml_geometry_csv_action
BootPass_81,23,19,19,Position_Unknown,Team_Unknown,Action_PreSnap,1180.14,402.02,1248.27,484.35,68.12999999999988,82.33000000000004,xml_geometry_csv_action
BootPass_81,23,2,2,Position_Unknown,Team_Unknown,Action_PreSnap,1235.14,669.9,1317.9,787.34,82.75999999999999,117.44000000000005,xml_geometry_csv_action
BootPass_81,23,20,20,Position_Unknown,Team_Unknown,Action_PreSnap,1170.35,341.67,1239.58,408.77,69.23000000000002,67.09999999999997,xml_geometry_csv_action
BootPass_81,23,21,21,Position_Unknown,Team_Unknown,Action_PreSnap,1162.14,302.62,1226.49,357.96,64.34999999999991,55.339999999999975,xml_geometry_csv_action
BootPass_81,23,3,3,Position_Unknown,Team_Unknown,Action_PreSnap,1041.63,474.14,1136.6,557.93,94.9699999999998,83.78999999999996,xml_geometry_csv_action
BootPass_81,23,4,4,Position_Unknown,Team_Unknown,Action_PreSnap,1002.92,335.03,1095.94,406.0,93.0200000000001,70.97000000000003,xml_geometry_csv_action
BootPass_81,23,5,5,Position_Unknown,Team_Unknown,Action_PreSnap,1246.14,278.89,1312.95,377.43,66.80999999999995,98.54000000000002,xml_geometry_csv_action
BootPass_81,23,6,6,Position_Unknown,Team_Unknown,Action_PreSnap,1097.97,675.99,1160.88,792.51,62.91000000000008,116.51999999999998,xml_geometry_csv_action
BootPass_81,23,7,7,Position_Unknown,Team_Unknown,Action_PreSnap,1020.19,393.97,1120.25,471.08,100.05999999999995,77.10999999999996,xml_geometry_csv_action
BootPass_81,23,8,8,Position_Unknown,Team_Unknown,Action_PreSnap,351.35,459.6,412.0,581.24,60.64999999999998,121.63999999999999,xml_geometry_csv_action
BootPass_81,23,9,9,Position_Unknown,Team_Unknown,Action_PreSnap,772.84,693.91,839.3,818.1,66.45999999999992,124.19000000000005,xml_geometry_csv_action
BootPass_81,24,0,0,Position_Unknown,Team_Unknown,Action_PreSnap,1300.72,708.81,1395.81,824.91,95.08999999999992,116.10000000000002,xml_geometry_csv_action
BootPass_81,24,1,1,Position_Unknown,Team_Unknown,Action_PreSnap,1144.74,208.18,1227.83,312.7,83.08999999999992,104.51999999999998,xml_geometry_csv_action
BootPass_81,24,10,10,Position_Unknown,Team_Unknown,Action_PreSnap,1196.95,434.81,1266.9,527.85,69.95000000000005,93.04000000000002,xml_geometry_csv_action
BootPass_81,24,11,11,Position_Unknown,Team_Unknown,Action_PreSnap,887.85,429.06,944.35,528.41,56.5,99.34999999999997,xml_geometry_csv_action
BootPass_81,24,12,12,Position_Unknown,Team_Unknown,Action_PreSnap,1447.97,390.26,1506.32,500.5,58.34999999999991,110.24000000000001,xml_geometry_csv_action
BootPass_81,24,13,13,Position_Unknown,Team_Unknown,Action_PreSnap,828.77,319.51,875.76,447.32,46.99000000000001,127.81,xml_geometry_csv_action
BootPass_81,24,14,14,Position_Unknown,Team_Unknown,Action_PreSnap,1139.7,368.86,1214.25,449.48,74.54999999999995,80.62,xml_geometry_csv_action
BootPass_81,24,15,15,Position_Unknown,Team_Unknown,Action_PreSnap,987.4,210.58,1039.97,316.43,52.57000000000005,105.85,xml_geometry_csv_action
BootPass_81,24,16,16,Position_Unknown,Team_Unknown,Action_PreSnap,789.48,248.04,841.11,373.82,51.629999999999995,125.78,xml_geometry_csv_action
BootPass_81,24,17,17,Position_Unknown,Team_Unknown,Action_PreSnap,1011.04,282.69,1109.81,354.47,98.76999999999998,71.78000000000003,xml_geometry_csv_action
BootPass_81,24,18,18,Position_Unknown,Team_Unknown,Action_PreSnap,1430.8,326.41,1487.32,438.94,56.51999999999998,112.52999999999997,xml_geometry_csv_action
BootPass_81,24,19,19,Position_Unknown,Team_Unknown,Action_PreSnap,1180.63,401.88,1248.62,484.45,67.98999999999978,82.57,xml_geometry_csv_action
BootPass_81,24,2,2,Position_Unknown,Team_Unknown,Action_PreSnap,1235.67,669.99,1318.46,787.41,82.78999999999996,117.41999999999996,xml_geometry_csv_action
BootPass_81,24,20,20,Position_Unknown,Team_Unknown,Action_PreSnap,1171.12,341.66,1240.17,408.9,69.05000000000018,67.23999999999995,xml_geometry_csv_action
BootPass_81,24,21,21,Position_Unknown,Team_Unknown,Action_PreSnap,1162.86,302.61,1227.05,358.05,64.19000000000005,55.44,xml_geometry_csv_action
BootPass_81,24,3,3,Position_Unknown,Team_Unknown,Action_PreSnap,1042.14,474.17,1137.32,558.02,95.17999999999984,83.84999999999997,xml_geometry_csv_action
BootPass_81,24,4,4,Position_Unknown,Team_Unknown,Action_PreSnap,1003.31,335.29,1096.31,406.21,93.0,70.91999999999996,xml_geometry_csv_action
BootPass_81,24,5,5,Position_Unknown,Team_Unknown,Action_PreSnap,1246.59,279.06,1313.35,377.54,66.75999999999999,98.48000000000002,xml_geometry_csv_action
BootPass_81,24,6,6,Position_Unknown,Team_Unknown,Action_PreSnap,1098.7,676.17,1161.39,792.53,62.690000000000055,116.36000000000001,xml_geometry_csv_action
BootPass_81,24,7,7,Position_Unknown,Team_Unknown,Action_PreSnap,1020.97,394.55,1121.65,471.17,100.68000000000006,76.62,xml_geometry_csv_action
BootPass_81,24,8,8,Position_Unknown,Team_Unknown,Action_PreSnap,351.24,459.52,412.5,581.4,61.25999999999999,121.88,xml_geometry_csv_action
BootPass_81,24,9,9,Position_Unknown,Team_Unknown,Action_PreSnap,773.08,693.94,839.78,818.09,66.69999999999993,124.14999999999998,xml_geometry_csv_action
BootPass_81,25,0,0,Position_Unknown,Team_Unknown,Action_PreSnap,1300.2,709.66,1395.26,825.56,95.05999999999995,115.89999999999998,xml_geometry_csv_action
BootPass_81,25,1,1,Position_Unknown,Team_Unknown,Action_PreSnap,1144.08,208.87,1227.13,313.59,83.05000000000018,104.71999999999997,xml_geometry_csv_action
BootPass_81,25,10,10,Position_Unknown,Team_Unknown,Action_PreSnap,1196.27,436.26,1266.14,528.44,69.87000000000012,92.18000000000006,xml_geometry_csv_action
BootPass_81,25,11,11,Position_Unknown,Team_Unknown,Action_PreSnap,887.15,429.79,944.01,528.92,56.860000000000014,99.12999999999994,xml_geometry_csv_action
BootPass_81,25,12,12,Position_Unknown,Team_Unknown,Action_PreSnap,1447.45,390.57,1505.74,501.14,58.289999999999964,110.57,xml_geometry_csv_action
BootPass_81,25,13,13,Position_Unknown,Team_Unknown,Action_PreSnap,828.45,321.25,875.3,448.32,46.84999999999991,127.07,xml_geometry_csv_action
BootPass_81,25,14,14,Position_Unknown,Team_Unknown,Action_PreSnap,1139.32,369.67,1213.81,450.13,74.49000000000001,80.45999999999998,xml_geometry_csv_action
BootPass_81,25,15,15,Position_Unknown,Team_Unknown,Action_PreSnap,986.34,211.41,1038.9,317.22,52.56000000000006,105.81000000000003,xml_geometry_csv_action
BootPass_81,25,16,16,Position_Unknown,Team_Unknown,Action_PreSnap,789.38,248.77,840.9,374.15,51.51999999999998,125.37999999999997,xml_geometry_csv_action
BootPass_81,25,17,17,Position_Unknown,Team_Unknown,Action_PreSnap,1009.17,282.97,1109.36,355.27,100.18999999999994,72.29999999999995,xml_geometry_csv_action
BootPass_81,25,18,18,Position_Unknown,Team_Unknown,Action_PreSnap,1429.64,327.25,1486.39,439.99,56.75,112.74000000000001,xml_geometry_csv_action
BootPass_81,25,19,19,Position_Unknown,Team_Unknown,Action_PreSnap,1179.86,402.99,1247.85,485.29,67.99000000000001,82.30000000000001,xml_geometry_csv_action
BootPass_81,25,2,2,Position_Unknown,Team_Unknown,Action_PreSnap,1234.97,670.75,1317.22,787.81,82.25,117.05999999999995,xml_geometry_csv_action
BootPass_81,25,20,20,Position_Unknown,Team_Unknown,Action_PreSnap,1170.39,342.73,1239.47,409.36,69.07999999999993,66.63,xml_geometry_csv_action
BootPass_81,25,21,21,Position_Unknown,Team_Unknown,Action_PreSnap,1162.43,303.61,1226.27,358.91,63.83999999999992,55.30000000000001,xml_geometry_csv_action
BootPass_81,25,3,3,Position_Unknown,Team_Unknown,Action_PreSnap,1041.39,475.01,1136.39,558.48,95.0,83.47000000000003,xml_geometry_csv_action
BootPass_81,25,4,4,Position_Unknown,Team_Unknown,Action_PreSnap,1002.39,335.79,1095.82,406.93,93.42999999999995,71.13999999999999,xml_geometry_csv_action
BootPass_81,25,5,5,Position_Unknown,Team_Unknown,Action_PreSnap,1246.03,279.54,1312.62,378.14,66.58999999999992,98.59999999999997,xml_geometry_csv_action
BootPass_81,25,6,6,Position_Unknown,Team_Unknown,Action_PreSnap,1097.88,676.72,1160.71,793.44,62.82999999999993,116.72000000000003,xml_geometry_csv_action
BootPass_81,25,7,7,Position_Unknown,Team_Unknown,Action_PreSnap,1021.05,395.66,1121.67,471.75,100.62000000000012,76.08999999999997,xml_geometry_csv_action
BootPass_81,25,8,8,Position_Unknown,Team_Unknown,Action_PreSnap,350.07,459.73,411.62,581.95,61.55000000000001,122.22000000000003,xml_geometry_csv_action
BootPass_81,25,9,9,Position_Unknown,Team_Unknown,Action_PreSnap,772.28,694.64,838.93,818.93,66.64999999999998,124.28999999999996,xml_geometry_csv_action
BootPass_81,26,0,0,Position_Unknown,Team_Unknown,Action_PreSnap,1300.28,709.94,1395.19,825.09,94.91000000000008,115.14999999999998,xml_geometry_csv_action
BootPass_81,26,1,1,Position_Unknown,Team_Unknown,Action_PreSnap,1143.68,209.13,1226.94,314.11,83.25999999999999,104.98000000000002,xml_geometry_csv_action
BootPass_81,26,10,10,Position_Unknown,Team_Unknown,Action_PreSnap,1196.15,436.78,1265.75,528.63,69.59999999999991,91.85000000000002,xml_geometry_csv_action
BootPass_81,26,11,11,Position_Unknown,Team_Unknown,Action_PreSnap,887.33,430.15,944.27,528.85,56.93999999999994,98.70000000000005,xml_geometry_csv_action
BootPass_81,26,12,12,Position_Unknown,Team_Unknown,Action_PreSnap,1446.91,391.02,1505.41,500.98,58.5,109.96000000000004,xml_geometry_csv_action
BootPass_81,26,13,13,Position_Unknown,Team_Unknown,Action_PreSnap,828.35,322.51,875.6,449.08,47.25,126.57,xml_geometry_csv_action
BootPass_81,26,14,14,Position_Unknown,Team_Unknown,Action_PreSnap,1139.18,369.8,1213.8,450.92,74.61999999999989,81.12,xml_geometry_csv_action
BootPass_81,26,15,15,Position_Unknown,Team_Unknown,Action_PreSnap,985.83,212.25,1037.96,317.06,52.129999999999995,104.81,xml_geometry_csv_action
BootPass_81,26,16,16,Position_Unknown,Team_Unknown,Action_PreSnap,790.07,249.1,841.08,373.92,51.00999999999999,124.82000000000002,xml_geometry_csv_action
BootPass_81,26,17,17,Position_Unknown,Team_Unknown,Action_PreSnap,1008.17,283.03,1109.55,355.48,101.38,72.45000000000005,xml_geometry_csv_action
BootPass_81,26,18,18,Position_Unknown,Team_Unknown,Action_PreSnap,1430.13,328.07,1486.07,441.05,55.93999999999983,112.98000000000002,xml_geometry_csv_action
BootPass_81,26,19,19,Position_Unknown,Team_Unknown,Action_PreSnap,1180.12,403.61,1247.87,485.74,67.75,82.13,xml_geometry_csv_action
BootPass_81,26,2,2,Position_Unknown,Team_Unknown,Action_PreSnap,1234.74,670.92,1316.95,787.47,82.21000000000004,116.55000000000007,xml_geometry_csv_action
BootPass_81,26,20,20,Position_Unknown,Team_Unknown,Action_PreSnap,1170.01,343.71,1239.41,409.54,69.40000000000009,65.83000000000004,xml_geometry_csv_action
BootPass_81,26,21,21,Position_Unknown,Team_Unknown,Action_PreSnap,1162.86,304.32,1226.39,359.04,63.5300000000002,54.72000000000003,xml_geometry_csv_action
BootPass_81,26,3,3,Position_Unknown,Team_Unknown,Action_PreSnap,1041.58,475.31,1136.24,558.56,94.66000000000008,83.24999999999994,xml_geometry_csv_action
BootPass_81,26,4,4,Position_Unknown,Team_Unknown,Action_PreSnap,1002.33,336.41,1096.24,406.89,93.90999999999997,70.47999999999996,xml_geometry_csv_action
BootPass_81,26,5,5,Position_Unknown,Team_Unknown,Action_PreSnap,1245.86,279.88,1312.4,378.11,66.54000000000019,98.23000000000002,xml_geometry_csv_action
BootPass_81,26,6,6,Position_Unknown,Team_Unknown,Action_PreSnap,1098.13,676.91,1160.94,793.34,62.809999999999945,116.43000000000006,xml_geometry_csv_action
BootPass_81,26,7,7,Position_Unknown,Team_Unknown,Action_PreSnap,1021.89,395.94,1123.02,471.87,101.13,75.93,xml_geometry_csv_action
BootPass_81,26,8,8,Position_Unknown,Team_Unknown,Action_PreSnap,348.67,459.64,410.95,581.75,62.27999999999997,122.11000000000001,xml_geometry_csv_action
BootPass_81,26,9,9,Position_Unknown,Team_Unknown,Action_PreSnap,772.67,695.17,838.95,819.0,66.28000000000009,123.83000000000004,xml_geometry_csv_action
BootPass_81,27,0,0,Position_Unknown,Team_Unknown,Action_PreSnap,1300.84,709.42,1395.68,824.54,94.84000000000015,115.12,xml_geometry_csv_action
BootPass_81,27,1,1,Position_Unknown,Team_Unknown,Action_PreSnap,1143.74,208.56,1226.99,313.56,83.25,105.0,xml_geometry_csv_action
BootPass_81,27,10,10,Position_Unknown,Team_Unknown,Action_PreSnap,1196.91,435.91,1266.08,527.76,69.16999999999985,91.84999999999997,xml_geometry_csv_action
BootPass_81,27,11,11,Position_Unknown,Team_Unknown,Action_PreSnap,887.82,429.69,945.17,528.41,57.34999999999991,98.71999999999997,xml_geometry_csv_action
BootPass_81,27,12,12,Position_Unknown,Team_Unknown,Action_PreSnap,1446.98,390.75,1505.79,500.43,58.809999999999945,109.68,xml_geometry_csv_action
BootPass_81,27,13,13,Position_Unknown,Team_Unknown,Action_PreSnap,828.84,322.83,876.38,448.23,47.539999999999964,125.40000000000003,xml_geometry_csv_action
BootPass_81,27,14,14,Position_Unknown,Team_Unknown,Action_PreSnap,1139.49,369.19,1213.85,450.56,74.3599999999999,81.37,xml_geometry_csv_action
BootPass_81,27,15,15,Position_Unknown,Team_Unknown,Action_PreSnap,985.8,211.79,1037.96,316.02,52.16000000000008,104.22999999999999,xml_geometry_csv_action
BootPass_81,27,16,16,Position_Unknown,Team_Unknown,Action_PreSnap,791.46,248.46,841.73,373.44,50.26999999999998,124.97999999999999,xml_geometry_csv_action
BootPass_81,27,17,17,Position_Unknown,Team_Unknown,Action_PreSnap,1007.91,282.38,1110.15,355.2,102.24000000000012,72.82,xml_geometry_csv_action
BootPass_81,27,18,18,Position_Unknown,Team_Unknown,Action_PreSnap,1430.76,327.74,1486.7,440.26,55.940000000000055,112.51999999999998,xml_geometry_csv_action
BootPass_81,27,19,19,Position_Unknown,Team_Unknown,Action_PreSnap,1180.77,403.06,1248.27,484.92,67.5,81.86000000000001,xml_geometry_csv_action
BootPass_81,27,2,2,Position_Unknown,Team_Unknown,Action_PreSnap,1235.2,670.4,1317.74,787.22,82.53999999999996,116.82000000000005,xml_geometry_csv_action
BootPass_81,27,20,20,Position_Unknown,Team_Unknown,Action_PreSnap,1170.5,343.27,1239.9,409.23,69.40000000000009,65.96000000000004,xml_geometry_csv_action
BootPass_81,27,21,21,Position_Unknown,Team_Unknown,Action_PreSnap,1163.08,303.46,1226.85,358.55,63.76999999999998,55.09000000000003,xml_geometry_csv_action
BootPass_81,27,3,3,Position_Unknown,Team_Unknown,Action_PreSnap,1041.97,474.92,1136.85,558.22,94.87999999999988,83.30000000000001,xml_geometry_csv_action
BootPass_81,27,4,4,Position_Unknown,Team_Unknown,Action_PreSnap,1002.4,336.19,1096.93,406.05,94.53000000000009,69.86000000000001,xml_geometry_csv_action
BootPass_81,27,5,5,Position_Unknown,Team_Unknown,Action_PreSnap,1246.17,279.51,1312.66,377.4,66.49000000000001,97.88999999999999,xml_geometry_csv_action
BootPass_81,27,6,6,Position_Unknown,Team_Unknown,Action_PreSnap,1098.85,676.71,1161.56,792.62,62.710000000000036,115.90999999999997,xml_geometry_csv_action
BootPass_81,27,7,7,Position_Unknown,Team_Unknown,Action_PreSnap,1022.74,395.38,1124.53,471.28,101.78999999999996,75.89999999999998,xml_geometry_csv_action
BootPass_81,27,8,8,Position_Unknown,Team_Unknown,Action_PreSnap,348.58,459.27,410.87,581.19,62.29000000000002,121.92000000000007,xml_geometry_csv_action
BootPass_81,27,9,9,Position_Unknown,Team_Unknown,Action_PreSnap,773.1,694.74,839.38,818.31,66.27999999999997,123.56999999999994,xml_geometry_csv_action
BootPass_81,28,0,0,Position_Unknown,Team_Unknown,Action_PreSnap,1300.92,709.5,1395.79,824.48,94.86999999999989,114.98000000000002,xml_geometry_csv_action
BootPass_81,28,1,1,Position_Unknown,Team_Unknown,Action_PreSnap,1143.68,208.53,1226.94,313.32,83.25999999999999,104.78999999999999,xml_geometry_csv_action
BootPass_81,28,10,10,Position_Unknown,Team_Unknown,Action_PreSnap,1196.81,435.65,1265.99,527.68,69.18000000000006,92.02999999999997,xml_geometry_csv_action
BootPass_81,28,11,11,Position_Unknown,Team_Unknown,Action_PreSnap,887.89,429.72,945.45,528.39,57.56000000000006,98.66999999999996,xml_geometry_csv_action
BootPass_81,28,12,12,Position_Unknown,Team_Unknown,Action_PreSnap,1446.99,390.75,1505.79,500.35,58.799999999999955,109.60000000000002,xml_geometry_csv_action
BootPass_81,28,13,13,Position_Unknown,Team_Unknown,Action_PreSnap,829.06,323.73,877.16,448.41,48.10000000000002,124.68,xml_geometry_csv_action
BootPass_81,28,14,14,Position_Unknown,Team_Unknown,Action_PreSnap,1139.26,369.15,1213.62,450.67,74.3599999999999,81.52000000000004,xml_geometry_csv_action
BootPass_81,28,15,15,Position_Unknown,Team_Unknown,Action_PreSnap,985.59,211.77,1037.84,315.85,52.249999999999886,104.08000000000001,xml_geometry_csv_action
BootPass_81,28,16,16,Position_Unknown,Team_Unknown,Action_PreSnap,792.56,248.5,842.42,372.1,49.860000000000014,123.60000000000002,xml_geometry_csv_action
BootPass_81,28,17,17,Position_Unknown,Team_Unknown,Action_PreSnap,1007.51,282.39,1110.29,355.29,102.77999999999997,72.90000000000003,xml_geometry_csv_action
BootPass_81,28,18,18,Position_Unknown,Team_Unknown,Action_PreSnap,1431.1,328.05,1486.46,440.33,55.36000000000013,112.27999999999997,xml_geometry_csv_action
BootPass_81,28,19,19,Position_Unknown,Team_Unknown,Action_PreSnap,1180.68,403.05,1248.2,484.7,67.51999999999998,81.64999999999998,xml_geometry_csv_action
BootPass_81,28,2,2,Position_Unknown,Team_Unknown,Action_PreSnap,1235.14,670.49,1317.84,787.3,82.69999999999982,116.80999999999995,xml_geometry_csv_action
BootPass_81,28,20,20,Position_Unknown,Team_Unknown,Action_PreSnap,1170.34,343.18,1239.7,409.24,69.36000000000013,66.06,xml_geometry_csv_action
BootPass_81,28,21,21,Position_Unknown,Team_Unknown,Action_PreSnap,1163.0,303.18,1226.81,358.4,63.809999999999945,55.21999999999997,xml_geometry_csv_action
BootPass_81,28,3,3,Position_Unknown,Team_Unknown,Action_PreSnap,1042.23,475.1,1136.9,558.32,94.67000000000007,83.22000000000003,xml_geometry_csv_action
BootPass_81,28,4,4,Position_Unknown,Team_Unknown,Action_PreSnap,1002.33,336.04,1096.94,405.79,94.61000000000001,69.75,xml_geometry_csv_action
BootPass_81,28,5,5,Position_Unknown,Team_Unknown,Action_PreSnap,1246.09,279.52,1312.61,377.45,66.51999999999998,97.93,xml_geometry_csv_action
BootPass_81,28,6,6,Position_Unknown,Team_Unknown,Action_PreSnap,1098.82,676.84,1161.62,792.53,62.799999999999955,115.68999999999994,xml_geometry_csv_action
BootPass_81,28,7,7,Position_Unknown,Team_Unknown,Action_PreSnap,1023.13,394.89,1125.23,471.32,102.10000000000002,76.43,xml_geometry_csv_action
BootPass_81,28,8,8,Position_Unknown,Team_Unknown,Action_PreSnap,348.47,459.36,410.56,581.08,62.089999999999975,121.72000000000003,xml_geometry_csv_action
BootPass_81,28,9,9,Position_Unknown,Team_Unknown,Action_PreSnap,773.19,694.79,839.34,818.35,66.14999999999998,123.56000000000006,xml_geometry_csv_action
BootPass_81,29,0,0,Position_Unknown,Team_Unknown,Action_PreSnap,1300.83,709.71,1395.83,824.62,95.0,114.90999999999997,xml_geometry_csv_action
BootPass_81,29,1,1,Position_Unknown,Team_Unknown,Action_PreSnap,1143.56,208.66,1226.93,313.45,83.37000000000012,104.78999999999999,xml_geometry_csv_action
BootPass_81,29,10,10,Position_Unknown,Team_Unknown,Action_PreSnap,1196.53,435.55,1265.96,527.93,69.43000000000006,92.37999999999994,xml_geometry_csv_action
BootPass_81,29,11,11,Position_Unknown,Team_Unknown,Action_PreSnap,887.73,429.79,945.41,528.58,57.67999999999995,98.79000000000002,xml_geometry_csv_action
BootPass_81,29,12,12,Position_Unknown,Team_Unknown,Action_PreSnap,1446.71,390.9,1505.74,500.5,59.02999999999997,109.60000000000002,xml_geometry_csv_action
BootPass_81,29,13,13,Position_Unknown,Team_Unknown,Action_PreSnap,828.81,324.57,877.34,448.7,48.530000000000086,124.13,xml_geometry_csv_action
BootPass_81,29,14,14,Position_Unknown,Team_Unknown,Action_PreSnap,1139.0,369.2,1213.36,450.96,74.3599999999999,81.75999999999999,xml_geometry_csv_action
BootPass_81,29,15,15,Position_Unknown,Team_Unknown,Action_PreSnap,985.22,211.9,1037.52,315.83,52.299999999999955,103.92999999999998,xml_geometry_csv_action
BootPass_81,29,16,16,Position_Unknown,Team_Unknown,Action_PreSnap,793.31,248.61,842.86,370.38,49.55000000000007,121.76999999999998,xml_geometry_csv_action
BootPass_81,29,17,17,Position_Unknown,Team_Unknown,Action_PreSnap,1007.34,282.49,1110.25,355.13,102.90999999999997,72.63999999999999,xml_geometry_csv_action
BootPass_81,29,18,18,Position_Unknown,Team_Unknown,Action_PreSnap,1431.12,328.2,1485.92,440.05,54.80000000000018,111.85000000000002,xml_geometry_csv_action
BootPass_81,29,19,19,Position_Unknown,Team_Unknown,Action_PreSnap,1180.57,403.15,1248.22,484.9,67.65000000000009,81.75,xml_geometry_csv_action
BootPass_81,29,2,2,Position_Unknown,Team_Unknown,Action_PreSnap,1235.09,670.66,1317.71,787.37,82.62000000000012,116.71000000000004,xml_geometry_csv_action
BootPass_81,29,20,20,Position_Unknown,Team_Unknown,Action_PreSnap,1170.24,343.11,1239.37,409.3,69.12999999999988,66.19,xml_geometry_csv_action
BootPass_81,29,21,21,Position_Unknown,Team_Unknown,Action_PreSnap,1162.88,303.4,1226.74,358.42,63.8599999999999,55.02000000000004,xml_geometry_csv_action
BootPass_81,29,3,3,Position_Unknown,Team_Unknown,Action_PreSnap,1041.99,475.25,1136.79,558.35,94.79999999999995,83.10000000000002,xml_geometry_csv_action
BootPass_81,29,4,4,Position_Unknown,Team_Unknown,Action_PreSnap,1002.3,335.79,1097.02,405.85,94.72000000000003,70.06,xml_geometry_csv_action
BootPass_81,29,5,5,Position_Unknown,Team_Unknown,Action_PreSnap,1246.1,279.69,1312.68,377.56,66.58000000000015,97.87,xml_geometry_csv_action
BootPass_81,29,6,6,Position_Unknown,Team_Unknown,Action_PreSnap,1098.65,676.92,1161.67,792.65,63.01999999999998,115.73000000000002,xml_geometry_csv_action
BootPass_81,29,7,7,Position_Unknown,Team_Unknown,Action_PreSnap,1023.42,394.32,1125.68,471.43,102.2600000000001,77.11000000000001,xml_geometry_csv_action
BootPass_81,29,8,8,Position_Unknown,Team_Unknown,Action_PreSnap,347.65,459.53,410.57,581.19,62.920000000000016,121.66000000000008,xml_geometry_csv_action
BootPass_81,29,9,9,Position_Unknown,Team_Unknown,Action_PreSnap,772.93,694.8,839.27,818.53,66.34000000000003,123.73000000000002,xml_geometry_csv_action
BootPass_81,30,0,0,Position_Unknown,Team_Unknown,Action_PreSnap,1300.9,710.16,1395.96,824.82,95.05999999999995,114.66000000000008,xml_geometry_csv_action
BootPass_81,30,1,1,Position_Unknown,Team_Unknown,Action_PreSnap,1143.71,209.1,1227.14,313.98,83.43000000000006,104.88000000000002,xml_geometry_csv_action
BootPass_81,30,10,10,Position_Unknown,Team_Unknown,Action_PreSnap,1196.58,436.6,1266.05,528.34,69.47000000000003,91.74000000000001,xml_geometry_csv_action
BootPass_81,30,11,11,Position_Unknown,Team_Unknown,Action_PreSnap,887.9,429.85,945.37,529.06,57.47000000000003,99.20999999999992,xml_geometry_csv_action
BootPass_81,30,12,12,Position_Unknown,Team_Unknown,Action_PreSnap,1447.04,391.68,1505.9,500.82,58.86000000000013,109.13999999999999,xml_geometry_csv_action
BootPass_81,30,13,13,Position_Unknown,Team_Unknown,Action_PreSnap,829.14,325.67,878.0,449.17,48.860000000000014,123.5,xml_geometry_csv_action
BootPass_81,30,14,14,Position_Unknown,Team_Unknown,Action_PreSnap,1139.14,369.44,1213.33,451.42,74.18999999999983,81.98000000000002,xml_geometry_csv_action
BootPass_81,30,15,15,Position_Unknown,Team_Unknown,Action_PreSnap,985.31,212.45,1037.56,316.22,52.25,103.77000000000004,xml_geometry_csv_action
BootPass_81,30,16,16,Position_Unknown,Team_Unknown,Action_PreSnap,793.9,249.15,843.67,369.48,49.76999999999998,120.33000000000001,xml_geometry_csv_action
BootPass_81,30,17,17,Position_Unknown,Team_Unknown,Action_PreSnap,1007.35,282.87,1110.68,355.33,103.33000000000004,72.45999999999998,xml_geometry_csv_action
BootPass_81,30,18,18,Position_Unknown,Team_Unknown,Action_PreSnap,1431.62,328.56,1485.79,440.64,54.17000000000007,112.07999999999998,xml_geometry_csv_action
BootPass_81,30,19,19,Position_Unknown,Team_Unknown,Action_PreSnap,1180.77,403.79,1248.5,485.19,67.73000000000002,81.39999999999998,xml_geometry_csv_action
BootPass_81,30,2,2,Position_Unknown,Team_Unknown,Action_PreSnap,1235.32,670.85,1317.63,787.37,82.31000000000017,116.51999999999998,xml_geometry_csv_action
BootPass_81,30,20,20,Position_Unknown,Team_Unknown,Action_PreSnap,1170.53,344.12,1239.68,409.83,69.15000000000009,65.70999999999998,xml_geometry_csv_action
BootPass_81,30,21,21,Position_Unknown,Team_Unknown,Action_PreSnap,1163.15,304.02,1227.0,359.11,63.84999999999991,55.09000000000003,xml_geometry_csv_action
BootPass_81,30,3,3,Position_Unknown,Team_Unknown,Action_PreSnap,1042.16,475.73,1136.81,558.82,94.64999999999986,83.09000000000003,xml_geometry_csv_action
BootPass_81,30,4,4,Position_Unknown,Team_Unknown,Action_PreSnap,1002.53,336.11,1097.3,405.96,94.76999999999998,69.84999999999997,xml_geometry_csv_action
BootPass_81,30,5,5,Position_Unknown,Team_Unknown,Action_PreSnap,1246.24,280.02,1312.81,377.91,66.56999999999994,97.89000000000004,xml_geometry_csv_action
BootPass_81,30,6,6,Position_Unknown,Team_Unknown,Action_PreSnap,1098.71,677.08,1161.75,792.83,63.039999999999964,115.75,xml_geometry_csv_action
BootPass_81,30,7,7,Position_Unknown,Team_Unknown,Action_PreSnap,1024.19,394.43,1126.68,471.69,102.49000000000001,77.25999999999999,xml_geometry_csv_action
BootPass_81,30,8,8,Position_Unknown,Team_Unknown,Action_PreSnap,347.75,460.17,410.81,581.4,63.06,121.22999999999996,xml_geometry_csv_action
BootPass_81,30,9,9,Position_Unknown,Team_Unknown,Action_PreSnap,772.99,695.01,839.28,818.64,66.28999999999996,123.63,xml_geometry_csv_action
BootPass_81,31,0,0,Position_Unknown,Team_Unknown,Action_PreSnap,1300.76,710.09,1396.02,824.76,95.25999999999999,114.66999999999996,xml_geometry_csv_action
BootPass_81,31,1,1,Position_Unknown,Team_Unknown,Action_PreSnap,1143.52,209.29,1227.1,314.06,83.57999999999993,104.77000000000001,xml_geometry_csv_action
BootPass_81,31,10,10,Position_Unknown,Team_Unknown,Action_PreSnap,1196.44,436.75,1265.92,528.38,69.48000000000002,91.63,xml_geometry_csv_action
BootPass_81,31,11,11,Position_Unknown,Team_Unknown,Action_PreSnap,887.84,429.58,945.23,529.02,57.389999999999986,99.44,xml_geometry_csv_action
BootPass_81,31,12,12,Position_Unknown,Team_Unknown,Action_PreSnap,1447.08,391.94,1505.96,500.84,58.88000000000011,108.89999999999998,xml_geometry_csv_action
BootPass_81,31,13,13,Position_Unknown,Team_Unknown,Action_PreSnap,829.28,326.21,878.32,449.2,49.04000000000008,122.99000000000001,xml_geometry_csv_action
BootPass_81,31,14,14,Position_Unknown,Team_Unknown,Action_PreSnap,1139.06,369.46,1213.21,451.56,74.15000000000009,82.10000000000002,xml_geometry_csv_action
BootPass_81,31,15,15,Position_Unknown,Team_Unknown,Action_PreSnap,984.91,212.68,1037.26,316.2,52.35000000000002,103.51999999999998,xml_geometry_csv_action
BootPass_81,31,16,16,Position_Unknown,Team_Unknown,Action_PreSnap,794.23,249.32,844.38,368.34,50.14999999999998,119.01999999999998,xml_geometry_csv_action
BootPass_81,31,17,17,Position_Unknown,Team_Unknown,Action_PreSnap,1006.97,282.97,1110.61,355.17,103.63999999999987,72.19999999999999,xml_geometry_csv_action
BootPass_81,31,18,18,Position_Unknown,Team_Unknown,Action_PreSnap,1431.68,328.64,1485.56,440.77,53.87999999999988,112.13,xml_geometry_csv_action
BootPass_81,31,19,19,Position_Unknown,Team_Unknown,Action_PreSnap,1180.69,403.89,1248.45,485.17,67.75999999999999,81.28000000000003,xml_geometry_csv_action
BootPass_81,31,2,2,Position_Unknown,Team_Unknown,Action_PreSnap,1235.26,670.89,1317.48,787.32,82.22000000000003,116.43000000000006,xml_geometry_csv_action
BootPass_81,31,20,20,Position_Unknown,Team_Unknown,Action_PreSnap,1170.49,344.33,1239.71,409.92,69.22000000000003,65.59000000000003,xml_geometry_csv_action
BootPass_81,31,21,21,Position_Unknown,Team_Unknown,Action_PreSnap,1163.09,304.1,1226.96,359.29,63.87000000000012,55.19,xml_geometry_csv_action
BootPass_81,31,3,3,Position_Unknown,Team_Unknown,Action_PreSnap,1042.06,475.79,1136.68,558.87,94.62000000000012,83.07999999999998,xml_geometry_csv_action
BootPass_81,31,4,4,Position_Unknown,Team_Unknown,Action_PreSnap,1002.33,336.17,1097.21,406.03,94.88,69.85999999999996,xml_geometry_csv_action
BootPass_81,31,5,5,Position_Unknown,Team_Unknown,Action_PreSnap,1246.09,280.05,1312.62,377.98,66.52999999999997,97.93,xml_geometry_csv_action
BootPass_81,31,6,6,Position_Unknown,Team_Unknown,Action_PreSnap,1098.63,676.96,1161.67,792.81,63.039999999999964,115.84999999999991,xml_geometry_csv_action
BootPass_81,31,7,7,Position_Unknown,Team_Unknown,Action_PreSnap,1024.4,393.89,1127.13,471.62,102.73000000000002,77.73000000000002,xml_geometry_csv_action
BootPass_81,31,8,8,Position_Unknown,Team_Unknown,Action_PreSnap,347.52,460.38,411.01,581.12,63.49000000000001,120.74000000000001,xml_geometry_csv_action
BootPass_81,31,9,9,Position_Unknown,Team_Unknown,Action_PreSnap,772.91,694.84,839.22,818.68,66.31000000000006,123.83999999999992,xml_geometry_csv_action
BootPass_81,32,0,0,Position_Unknown,Team_Unknown,Action_PreSnap,1300.72,709.95,1396.05,824.69,95.32999999999993,114.74000000000001,xml_geometry_csv_action
BootPass_81,32,1,1,Position_Unknown,Team_Unknown,Action_PreSnap,1143.38,209.44,1227.09,314.13,83.70999999999981,104.69,xml_geometry_csv_action
BootPass_81,32,10,10,Position_Unknown,Team_Unknown,Action_PreSnap,1196.31,436.65,1265.78,528.45,69.47000000000003,91.80000000000007,xml_geometry_csv_action
BootPass_81,32,11,11,Position_Unknown,Team_Unknown,Action_PreSnap,887.85,429.29,945.06,528.95,57.20999999999992,99.66000000000003,xml_geometry_csv_action
BootPass_81,32,12,12,Position_Unknown,Team_Unknown,Action_PreSnap,1447.15,392.28,1505.94,500.76,58.789999999999964,108.48000000000002,xml_geometry_csv_action
BootPass_81,32,13,13,Position_Unknown,Team_Unknown,Action_PreSnap,829.47,326.67,878.42,449.14,48.94999999999993,122.46999999999997,xml_geometry_csv_action
BootPass_81,32,14,14,Position_Unknown,Team_Unknown,Action_PreSnap,1138.96,369.43,1213.16,451.62,74.20000000000005,82.19,xml_geometry_csv_action
BootPass_81,32,15,15,Position_Unknown,Team_Unknown,Action_PreSnap,984.53,212.84,1036.92,316.14,52.3900000000001,103.29999999999998,xml_geometry_csv_action
BootPass_81,32,16,16,Position_Unknown,Team_Unknown,Action_PreSnap,794.44,249.35,844.95,367.51,50.50999999999999,118.16,xml_geometry_csv_action
BootPass_81,32,17,17,Position_Unknown,Team_Unknown,Action_PreSnap,1006.6,283.05,1110.37,354.83,103.76999999999987,71.77999999999997,xml_geometry_csv_action
BootPass_81,32,18,18,Position_Unknown,Team_Unknown,Action_PreSnap,1431.81,328.94,1484.9,441.12,53.090000000000146,112.18,xml_geometry_csv_action
BootPass_81,32,19,19,Position_Unknown,Team_Unknown,Action_PreSnap,1180.65,403.91,1248.34,485.22,67.68999999999983,81.31,xml_geometry_csv_action
BootPass_81,32,2,2,Position_Unknown,Team_Unknown,Action_PreSnap,1235.14,670.9,1317.41,787.36,82.26999999999998,116.46000000000004,xml_geometry_csv_action
BootPass_81,32,20,20,Position_Unknown,Team_Unknown,Action_PreSnap,1170.42,344.39,1239.69,410.0,69.26999999999998,65.61000000000001,xml_geometry_csv_action
BootPass_81,32,21,21,Position_Unknown,Team_Unknown,Action_PreSnap,1163.15,304.11,1226.91,359.3,63.75999999999999,55.19,xml_geometry_csv_action
BootPass_81,32,3,3,Position_Unknown,Team_Unknown,Action_PreSnap,1042.01,475.82,1136.55,558.85,94.53999999999996,83.03000000000003,xml_geometry_csv_action
BootPass_81,32,4,4,Position_Unknown,Team_Unknown,Action_PreSnap,1002.17,336.12,1097.18,406.12,95.0100000000001,70.0,xml_geometry_csv_action
BootPass_81,32,5,5,Position_Unknown,Team_Unknown,Action_PreSnap,1245.99,280.1,1312.42,378.0,66.43000000000006,97.89999999999998,xml_geometry_csv_action
BootPass_81,32,6,6,Position_Unknown,Team_Unknown,Action_PreSnap,1098.58,676.87,1161.62,792.89,63.039999999999964,116.01999999999998,xml_geometry_csv_action
BootPass_81,32,7,7,Position_Unknown,Team_Unknown,Action_PreSnap,1024.52,393.23,1127.78,471.44,103.25999999999999,78.20999999999998,xml_geometry_csv_action
BootPass_81,32,8,8,Position_Unknown,Team_Unknown,Action_PreSnap,347.67,460.53,411.26,580.37,63.589999999999975,119.84000000000003,xml_geometry_csv_action
BootPass_81,32,9,9,Position_Unknown,Team_Unknown,Action_PreSnap,773.01,694.7,839.33,818.71,66.32000000000005,124.00999999999999,xml_geometry_csv_action
BootPass_81,33,0,0,Position_Unknown,Team_Unknown,Action_PreSnap,1300.91,709.82,1396.31,824.62,95.39999999999986,114.79999999999995,xml_geometry_csv_action
BootPass_81,33,1,1,Position_Unknown,Team_Unknown,Action_PreSnap,1143.68,208.86,1227.38,313.98,83.70000000000005,105.12,xml_geometry_csv_action
BootPass_81,33,10,10,Position_Unknown,Team_Unknown,Action_PreSnap,1196.8,436.09,1266.18,528.1,69.38000000000011,92.01000000000005,xml_geometry_csv_action
BootPass_81,33,11,11,Position_Unknown,Team_Unknown,Action_PreSnap,887.94,428.51,945.55,528.6,57.6099999999999,100.09000000000003,xml_geometry_csv_action
BootPass_81,33,12,12,Position_Unknown,Team_Unknown,Action_PreSnap,1447.33,391.84,1506.34,500.47,59.00999999999999,108.63000000000005,xml_geometry_csv_action
BootPass_81,33,13,13,Position_Unknown,Team_Unknown,Action_PreSnap,830.12,326.75,879.36,448.6,49.24000000000001,121.85000000000002,xml_geometry_csv_action
BootPass_81,33,14,14,Position_Unknown,Team_Unknown,Action_PreSnap,1139.02,368.9,1213.02,450.92,74.0,82.02000000000004,xml_geometry_csv_action
BootPass_81,33,15,15,Position_Unknown,Team_Unknown,Action_PreSnap,984.62,212.6,1037.07,315.7,52.44999999999993,103.1,xml_geometry_csv_action
BootPass_81,33,16,16,Position_Unknown,Team_Unknown,Action_PreSnap,794.93,249.22,845.97,366.74,51.04000000000008,117.52000000000001,xml_geometry_csv_action
BootPass_81,33,17,17,Position_Unknown,Team_Unknown,Action_PreSnap,1006.84,282.81,1110.67,354.3,103.83000000000004,71.49000000000001,xml_geometry_csv_action
BootPass_81,33,18,18,Position_Unknown,Team_Unknown,Action_PreSnap,1432.14,328.82,1484.63,440.8,52.49000000000001,111.98000000000002,xml_geometry_csv_action
BootPass_81,33,19,19,Position_Unknown,Team_Unknown,Action_PreSnap,1180.99,403.15,1248.84,484.67,67.84999999999991,81.52000000000004,xml_geometry_csv_action
BootPass_81,33,2,2,Position_Unknown,Team_Unknown,Action_PreSnap,1235.49,670.8,1317.79,787.39,82.29999999999995,116.59000000000003,xml_geometry_csv_action
BootPass_81,33,20,20,Position_Unknown,Team_Unknown,Action_PreSnap,1171.03,343.51,1240.06,409.71,69.02999999999997,66.19999999999999,xml_geometry_csv_action
BootPass_81,33,21,21,Position_Unknown,Team_Unknown,Action_PreSnap,1163.63,303.97,1227.34,359.0,63.70999999999981,55.02999999999997,xml_geometry_csv_action
BootPass_81,33,3,3,Position_Unknown,Team_Unknown,Action_PreSnap,1042.62,475.46,1137.07,558.44,94.45000000000005,82.98000000000008,xml_geometry_csv_action
BootPass_81,33,4,4,Position_Unknown,Team_Unknown,Action_PreSnap,1002.32,335.39,1097.66,405.7,95.34000000000003,70.31,xml_geometry_csv_action
BootPass_81,33,5,5,Position_Unknown,Team_Unknown,Action_PreSnap,1246.47,279.48,1312.96,377.64,66.49000000000001,98.15999999999997,xml_geometry_csv_action
BootPass_81,33,6,6,Position_Unknown,Team_Unknown,Action_PreSnap,1098.76,676.82,1161.85,792.63,63.08999999999992,115.80999999999995,xml_geometry_csv_action
BootPass_81,33,7,7,Position_Unknown,Team_Unknown,Action_PreSnap,1025.42,392.24,1128.95,471.24,103.52999999999997,79.0,xml_geometry_csv_action
BootPass_81,33,8,8,Position_Unknown,Team_Unknown,Action_PreSnap,347.9,460.73,412.14,579.93,64.24000000000001,119.19999999999993,xml_geometry_csv_action
BootPass_81,33,9,9,Position_Unknown,Team_Unknown,Action_PreSnap,773.1,694.47,839.84,818.52,66.74000000000001,124.04999999999995,xml_geometry_csv_action
BootPass_81,34,0,0,Position_Unknown,Team_Unknown,Action_PreSnap,1300.63,710.22,1395.82,825.03,95.18999999999983,114.80999999999995,xml_geometry_csv_action
BootPass_81,34,1,1,Position_Unknown,Team_Unknown,Action_PreSnap,1143.27,209.67,1227.0,314.61,83.73000000000002,104.94000000000003,xml_geometry_csv_action
BootPass_81,34,10,10,Position_Unknown,Team_Unknown,Action_PreSnap,1196.17,436.91,1265.68,528.57,69.50999999999999,91.66000000000003,xml_geometry_csv_action
BootPass_81,34,11,11,Position_Unknown,Team_Unknown,Action_PreSnap,887.43,428.93,944.85,528.92,57.42000000000007,99.98999999999995,xml_geometry_csv_action
BootPass_81,34,12,12,Position_Unknown,Team_Unknown,Action_PreSnap,1446.56,392.24,1505.93,500.81,59.37000000000012,108.57,xml_geometry_csv_action
BootPass_81,34,13,13,Position_Unknown,Team_Unknown,Action_PreSnap,829.55,327.8,878.86,449.19,49.31000000000006,121.38999999999999,xml_geometry_csv_action
BootPass_81,34,14,14,Position_Unknown,Team_Unknown,Action_PreSnap,1138.57,369.49,1212.54,451.44,73.97000000000003,81.94999999999999,xml_geometry_csv_action
BootPass_81,34,15,15,Position_Unknown,Team_Unknown,Action_PreSnap,984.19,213.49,1036.37,316.58,52.179999999999836,103.08999999999997,xml_geometry_csv_action
BootPass_81,34,16,16,Position_Unknown,Team_Unknown,Action_PreSnap,794.55,250.06,846.25,366.87,51.700000000000045,116.81,xml_geometry_csv_action
BootPass_81,34,17,17,Position_Unknown,Team_Unknown,Action_PreSnap,1006.01,283.4,1109.84,354.77,103.82999999999993,71.37,xml_geometry_csv_action
BootPass_81,34,18,18,Position_Unknown,Team_Unknown,Action_PreSnap,1431.81,329.9,1483.92,441.44,52.11000000000013,111.54000000000002,xml_geometry_csv_action
BootPass_81,34,19,19,Position_Unknown,Team_Unknown,Action_PreSnap,1180.43,403.71,1248.17,485.3,67.74000000000001,81.59000000000003,xml_geometry_csv_action
BootPass_81,34,2,2,Position_Unknown,Team_Unknown,Action_PreSnap,1235.22,671.24,1317.26,787.57,82.03999999999996,116.33000000000004,xml_geometry_csv_action
BootPass_81,34,20,20,Position_Unknown,Team_Unknown,Action_PreSnap,1170.45,344.3,1239.62,410.28,69.16999999999985,65.97999999999996,xml_geometry_csv_action
BootPass_81,34,21,21,Position_Unknown,Team_Unknown,Action_PreSnap,1163.2,304.76,1226.88,359.66,63.680000000000064,54.900000000000034,xml_geometry_csv_action
BootPass_81,34,3,3,Position_Unknown,Team_Unknown,Action_PreSnap,1042.07,475.95,1136.37,558.92,94.29999999999995,82.96999999999997,xml_geometry_csv_action
BootPass_81,34,4,4,Position_Unknown,Team_Unknown,Action_PreSnap,1002.0,336.02,1097.01,406.35,95.00999999999999,70.33000000000004,xml_geometry_csv_action
BootPass_81,34,5,5,Position_Unknown,Team_Unknown,Action_PreSnap,1245.98,280.25,1312.43,378.17,66.45000000000005,97.92000000000002,xml_geometry_csv_action
BootPass_81,34,6,6,Position_Unknown,Team_Unknown,Action_PreSnap,1098.39,677.37,1161.36,792.99,62.9699999999998,115.62,xml_geometry_csv_action
BootPass_81,34,7,7,Position_Unknown,Team_Unknown,Action_PreSnap,1025.93,392.3,1128.8,471.68,102.86999999999989,79.38,xml_geometry_csv_action
BootPass_81,34,8,8,Position_Unknown,Team_Unknown,Action_PreSnap,347.8,461.71,412.07,580.3,64.26999999999998,118.58999999999997,xml_geometry_csv_action
BootPass_81,34,9,9,Position_Unknown,Team_Unknown,Action_PreSnap,772.73,694.8,839.14,818.97,66.40999999999997,124.17000000000007,xml_geometry_csv_action
BootPass_81,35,0,0,Position_Unknown,Team_Unknown,Action_PreSnap,1300.81,710.08,1395.89,824.93,95.08000000000015,114.84999999999991,xml_geometry_csv_action
BootPass_81,35,1,1,Position_Unknown,Team_Unknown,Action_PreSnap,1143.37,209.61,1227.12,314.5,83.75,104.88999999999999,xml_geometry_csv_action
BootPass_81,35,10,10,Position_Unknown,Team_Unknown,Action_PreSnap,1196.26,436.86,1265.77,528.41,69.50999999999999,91.54999999999995,xml_geometry_csv_action
BootPass_81,35,11,11,Position_Unknown,Team_Unknown,Action_PreSnap,887.6,428.49,945.07,528.75,57.47000000000003,100.25999999999999,xml_geometry_csv_action
BootPass_81,35,12,12,Position_Unknown,Team_Unknown,Action_PreSnap,1446.31,392.11,1505.98,500.7,59.67000000000007,108.58999999999997,xml_geometry_csv_action
BootPass_81,35,13,13,Position_Unknown,Team_Unknown,Action_PreSnap,829.65,327.82,879.07,449.17,49.42000000000007,121.35000000000002,xml_geometry_csv_action
BootPass_81,35,14,14,Position_Unknown,Team_Unknown,Action_PreSnap,1138.6,369.46,1212.68,451.43,74.08000000000015,81.97000000000003,xml_geometry_csv_action
BootPass_81,35,15,15,Position_Unknown,Team_Unknown,Action_PreSnap,984.24,213.42,1036.39,316.55,52.15000000000009,103.13000000000002,xml_geometry_csv_action
BootPass_81,35,16,16,Position_Unknown,Team_Unknown,Action_PreSnap,795.01,250.05,847.19,366.82,52.180000000000064,116.76999999999998,xml_geometry_csv_action
BootPass_81,35,17,17,Position_Unknown,Team_Unknown,Action_PreSnap,1006.12,283.26,1109.72,354.46,103.60000000000002,71.19999999999999,xml_geometry_csv_action
BootPass_81,35,18,18,Position_Unknown,Team_Unknown,Action_PreSnap,1432.09,330.02,1483.77,441.02,51.680000000000064,111.0,xml_geometry_csv_action
BootPass_81,35,19,19,Position_Unknown,Team_Unknown,Action_PreSnap,1180.62,403.72,1248.25,484.93,67.63000000000011,81.20999999999998,xml_geometry_csv_action
BootPass_81,35,2,2,Position_Unknown,Team_Unknown,Action_PreSnap,1235.34,671.15,1317.53,787.59,82.19000000000005,116.44000000000005,xml_geometry_csv_action
BootPass_81,35,20,20,Position_Unknown,Team_Unknown,Action_PreSnap,1170.59,344.3,1239.76,410.09,69.17000000000007,65.78999999999996,xml_geometry_csv_action
BootPass_81,35,21,21,Position_Unknown,Team_Unknown,Action_PreSnap,1163.39,304.63,1226.93,359.57,63.539999999999964,54.94,xml_geometry_csv_action
BootPass_81,35,3,3,Position_Unknown,Team_Unknown,Action_PreSnap,1042.35,475.8,1136.54,558.85,94.19000000000005,83.05000000000001,xml_geometry_csv_action
BootPass_81,35,4,4,Position_Unknown,Team_Unknown,Action_PreSnap,1002.08,335.81,1097.05,406.32,94.96999999999991,70.50999999999999,xml_geometry_csv_action
BootPass_81,35,5,5,Position_Unknown,Team_Unknown,Action_PreSnap,1246.05,280.18,1312.6,378.09,66.54999999999995,97.90999999999997,xml_geometry_csv_action
BootPass_81,35,6,6,Position_Unknown,Team_Unknown,Action_PreSnap,1098.58,677.21,1161.53,792.84,62.950000000000045,115.63,xml_geometry_csv_action
BootPass_81,35,7,7,Position_Unknown,Team_Unknown,Action_PreSnap,1027.46,391.7,1129.13,471.62,101.67000000000007,79.92000000000002,xml_geometry_csv_action
BootPass_81,35,8,8,Position_Unknown,Team_Unknown,Action_PreSnap,347.99,462.04,412.64,580.1,64.64999999999998,118.06,xml_geometry_csv_action
BootPass_81,35,9,9,Position_Unknown,Team_Unknown,Action_PreSnap,772.82,694.51,839.17,818.76,66.34999999999991,124.25,xml_geometry_csv_action
BootPass_81,36,0,0,Position_Unknown,Team_Unknown,Action_PreSnap,1300.9,709.96,1395.77,824.86,94.86999999999989,114.89999999999998,xml_geometry_csv_action
BootPass_81,36,1,1,Position_Unknown,Team_Unknown,Action_PreSnap,1143.42,209.52,1227.18,314.41,83.75999999999999,104.89000000000001,xml_geometry_csv_action
BootPass_81,36,10,10,Position_Unknown,Team_Unknown,Action_PreSnap,1196.3,436.74,1265.71,528.29,69.41000000000008,91.54999999999995,xml_geometry_csv_action
BootPass_81,36,11,11,Position_Unknown,Team_Unknown,Action_PreSnap,887.65,428.18,945.03,528.61,57.379999999999995,100.43,xml_geometry_csv_action
BootPass_81,36,12,12,Position_Unknown,Team_Unknown,Action_PreSnap,1446.17,391.91,1506.02,500.57,59.84999999999991,108.65999999999997,xml_geometry_csv_action
BootPass_81,36,13,13,Position_Unknown,Team_Unknown,Action_PreSnap,829.78,327.73,879.34,449.11,49.56000000000006,121.38,xml_geometry_csv_action
BootPass_81,36,14,14,Position_Unknown,Team_Unknown,Action_PreSnap,1138.74,369.33,1212.82,451.37,74.07999999999993,82.04000000000002,xml_geometry_csv_action
BootPass_81,36,15,15,Position_Unknown,Team_Unknown,Action_PreSnap,984.4,213.22,1036.53,316.33,52.129999999999995,103.10999999999999,xml_geometry_csv_action
BootPass_81,36,16,16,Position_Unknown,Team_Unknown,Action_PreSnap,795.72,249.82,848.14,366.76,52.41999999999996,116.94,xml_geometry_csv_action
BootPass_81,36,17,17,Position_Unknown,Team_Unknown,Action_PreSnap,1006.5,283.11,1109.63,354.11,103.13000000000011,71.0,xml_geometry_csv_action
BootPass_81,36,18,18,Position_Unknown,Team_Unknown,Action_PreSnap,1432.56,330.22,1483.98,440.64,51.42000000000007,110.41999999999996,xml_geometry_csv_action
BootPass_81,36,19,19,Position_Unknown,Team_Unknown,Action_PreSnap,1180.77,403.69,1248.39,484.62,67.62000000000012,80.93,xml_geometry_csv_action
BootPass_81,36,2,2,Position_Unknown,Team_Unknown,Action_PreSnap,1235.34,671.09,1317.7,787.59,82.36000000000013,116.5,xml_geometry_csv_action
BootPass_81,36,20,20,Position_Unknown,Team_Unknown,Action_PreSnap,1170.79,344.18,1239.82,409.92,69.02999999999997,65.74000000000001,xml_geometry_csv_action
BootPass_81,36,21,21,Position_Unknown,Team_Unknown,Action_PreSnap,1163.51,304.71,1226.87,359.53,63.3599999999999,54.81999999999999,xml_geometry_csv_action
BootPass_81,36,3,3,Position_Unknown,Team_Unknown,Action_PreSnap,1042.19,475.67,1136.78,558.73,94.58999999999992,83.06,xml_geometry_csv_action
BootPass_81,36,4,4,Position_Unknown,Team_Unknown,Action_PreSnap,1002.06,335.55,1097.06,406.15,95.0,70.59999999999997,xml_geometry_csv_action
BootPass_81,36,5,5,Position_Unknown,Team_Unknown,Action_PreSnap,1246.06,280.04,1312.6,377.96,66.53999999999996,97.91999999999996,xml_geometry_csv_action
BootPass_81,36,6,6,Position_Unknown,Team_Unknown,Action_PreSnap,1098.73,677.0,1161.81,792.86,63.07999999999993,115.86000000000001,xml_geometry_csv_action
BootPass_81,36,7,7,Position_Unknown,Team_Unknown,Action_PreSnap,1029.44,391.06,1129.27,471.41,99.82999999999993,80.35000000000002,xml_geometry_csv_action
BootPass_81,36,8,8,Position_Unknown,Team_Unknown,Action_PreSnap,348.43,462.25,413.13,580.12,64.69999999999999,117.87,xml_geometry_csv_action
BootPass_81,36,9,9,Position_Unknown,Team_Unknown,Action_PreSnap,772.97,694.4,839.23,818.43,66.25999999999999,124.02999999999997,xml_geometry_csv_action
BootPass_81,37,0,0,Position_Unknown,Team_Unknown,Action_PreSnap,1300.83,710.06,1395.72,824.96,94.8900000000001,114.90000000000009,xml_geometry_csv_action
BootPass_81,37,1,1,Position_Unknown,Team_Unknown,Action_PreSnap,1143.38,209.62,1227.04,314.56,83.65999999999985,104.94,xml_geometry_csv_action
BootPass_81,37,10,10,Position_Unknown,Team_Unknown,Action_PreSnap,1196.25,436.83,1265.71,528.36,69.46000000000004,91.53000000000003,xml_geometry_csv_action
BootPass_81,37,11,11,Position_Unknown,Team_Unknown,Action_PreSnap,887.51,428.0,944.88,528.65,57.370000000000005,100.64999999999998,xml_geometry_csv_action
BootPass_81,37,12,12,Position_Unknown,Team_Unknown,Action_PreSnap,1446.08,392.07,1505.9,500.63,59.820000000000164,108.56,xml_geometry_csv_action
BootPass_81,37,13,13,Position_Unknown,Team_Unknown,Action_PreSnap,829.69,327.76,879.45,449.25,49.75999999999999,121.49000000000001,xml_geometry_csv_action
BootPass_81,37,14,14,Position_Unknown,Team_Unknown,Action_PreSnap,1138.67,369.41,1212.72,451.52,74.04999999999995,82.10999999999996,xml_geometry_csv_action
BootPass_81,37,15,15,Position_Unknown,Team_Unknown,Action_PreSnap,984.29,213.63,1036.54,316.32,52.25,102.69,xml_geometry_csv_action
BootPass_81,37,16,16,Position_Unknown,Team_Unknown,Action_PreSnap,795.93,249.85,848.92,366.9,52.99000000000001,117.04999999999998,xml_geometry_csv_action
BootPass_81,37,17,17,Position_Unknown,Team_Unknown,Action_PreSnap,1006.92,283.09,1109.34,353.93,102.41999999999996,70.84000000000003,xml_geometry_csv_action
BootPass_81,37,18,18,Position_Unknown,Team_Unknown,Action_PreSnap,1432.62,330.8,1483.8,440.81,51.180000000000064,110.00999999999999,xml_geometry_csv_action
BootPass_81,37,19,19,Position_Unknown,Team_Unknown,Action_PreSnap,1180.76,403.86,1248.27,484.6,67.50999999999999,80.74000000000001,xml_geometry_csv_action
BootPass_81,37,2,2,Position_Unknown,Team_Unknown,Action_PreSnap,1235.39,671.24,1317.7,787.51,82.30999999999995,116.26999999999998,xml_geometry_csv_action
BootPass_81,37,20,20,Position_Unknown,Team_Unknown,Action_PreSnap,1170.83,344.26,1239.8,410.06,68.97000000000003,65.80000000000001,xml_geometry_csv_action
BootPass_81,37,21,21,Position_Unknown,Team_Unknown,Action_PreSnap,1163.46,304.87,1226.86,359.8,63.399999999999864,54.93000000000001,xml_geometry_csv_action
BootPass_81,37,3,3,Position_Unknown,Team_Unknown,Action_PreSnap,1042.14,475.7,1136.77,558.75,94.62999999999988,83.05000000000001,xml_geometry_csv_action
BootPass_81,37,4,4,Position_Unknown,Team_Unknown,Action_PreSnap,1001.86,335.63,1096.81,406.28,94.94999999999993,70.64999999999998,xml_geometry_csv_action
BootPass_81,37,5,5,Position_Unknown,Team_Unknown,Action_PreSnap,1246.0,280.07,1312.49,378.06,66.49000000000001,97.99000000000001,xml_geometry_csv_action
BootPass_81,37,6,6,Position_Unknown,Team_Unknown,Action_PreSnap,1098.68,677.11,1161.6,792.96,62.919999999999845,115.85000000000002,xml_geometry_csv_action
BootPass_81,37,7,7,Position_Unknown,Team_Unknown,Action_PreSnap,1030.48,390.5,1129.07,471.44,98.58999999999992,80.94,xml_geometry_csv_action
BootPass_81,37,8,8,Position_Unknown,Team_Unknown,Action_PreSnap,348.04,463.0,413.23,580.71,65.19,117.71000000000004,xml_geometry_csv_action
BootPass_81,37,9,9,Position_Unknown,Team_Unknown,Action_PreSnap,772.91,694.38,839.23,818.45,66.32000000000005,124.07000000000005,xml_geometry_csv_action
BootPass_81,38,0,0,Position_Unknown,Team_Unknown,Action_PreSnap,1300.76,710.08,1395.71,824.92,94.95000000000005,114.83999999999992,xml_geometry_csv_action
BootPass_81,38,1,1,Position_Unknown,Team_Unknown,Action_PreSnap,1143.38,209.62,1227.02,314.48,83.63999999999987,104.86000000000001,xml_geometry_csv_action
BootPass_81,38,10,10,Position_Unknown,Team_Unknown,Action_PreSnap,1196.15,436.81,1265.73,528.35,69.57999999999993,91.54000000000002,xml_geometry_csv_action
BootPass_81,38,11,11,Position_Unknown,Team_Unknown,Action_PreSnap,887.39,427.63,944.67,528.67,57.27999999999997,101.03999999999996,xml_geometry_csv_action
BootPass_81,38,12,12,Position_Unknown,Team_Unknown,Action_PreSnap,1445.87,391.94,1506.11,500.61,60.24000000000001,108.67000000000002,xml_geometry_csv_action
BootPass_81,38,13,13,Position_Unknown,Team_Unknown,Action_PreSnap,829.58,327.7,879.49,449.24,49.90999999999997,121.54000000000002,xml_geometry_csv_action
BootPass_81,38,14,14,Position_Unknown,Team_Unknown,Action_PreSnap,1138.54,369.32,1212.66,451.52,74.12000000000012,82.19999999999999,xml_geometry_csv_action
BootPass_81,38,15,15,Position_Unknown,Team_Unknown,Action_PreSnap,984.38,213.96,1036.5,316.16,52.120000000000005,102.20000000000002,xml_geometry_csv_action
BootPass_81,38,16,16,Position_Unknown,Team_Unknown,Action_PreSnap,796.5,249.75,849.57,366.91,53.07000000000005,117.16000000000003,xml_geometry_csv_action
BootPass_81,38,17,17,Position_Unknown,Team_Unknown,Action_PreSnap,1007.63,283.02,1108.96,353.57,101.33000000000004,70.55000000000001,xml_geometry_csv_action
BootPass_81,38,18,18,Position_Unknown,Team_Unknown,Action_PreSnap,1432.71,331.25,1483.7,441.12,50.99000000000001,109.87,xml_geometry_csv_action
BootPass_81,38,19,19,Position_Unknown,Team_Unknown,Action_PreSnap,1180.64,403.87,1248.16,484.68,67.51999999999998,80.81,xml_geometry_csv_action
BootPass_81,38,2,2,Position_Unknown,Team_Unknown,Action_PreSnap,1235.34,671.13,1317.67,787.51,82.33000000000015,116.38,xml_geometry_csv_action
BootPass_81,38,20,20,Position_Unknown,Team_Unknown,Action_PreSnap,1170.79,344.26,1239.8,410.07,69.00999999999999,65.81,xml_geometry_csv_action
BootPass_81,38,21,21,Position_Unknown,Team_Unknown,Action_PreSnap,1163.27,304.82,1226.84,359.88,63.569999999999936,55.06,xml_geometry_csv_action
BootPass_81,38,3,3,Position_Unknown,Team_Unknown,Action_PreSnap,1042.18,475.57,1136.81,558.71,94.62999999999988,83.14000000000004,xml_geometry_csv_action
BootPass_81,38,4,4,Position_Unknown,Team_Unknown,Action_PreSnap,1001.89,335.5,1096.65,406.27,94.7600000000001,70.76999999999998,xml_geometry_csv_action
BootPass_81,38,5,5,Position_Unknown,Team_Unknown,Action_PreSnap,1245.95,279.91,1312.39,378.05,66.44000000000005,98.13999999999999,xml_geometry_csv_action
BootPass_81,38,6,6,Position_Unknown,Team_Unknown,Action_PreSnap,1098.64,677.04,1161.78,792.93,63.13999999999987,115.88999999999999,xml_geometry_csv_action
BootPass_81,38,7,7,Position_Unknown,Team_Unknown,Action_PreSnap,1030.8,389.99,1128.84,471.39,98.03999999999996,81.39999999999998,xml_geometry_csv_action
BootPass_81,38,8,8,Position_Unknown,Team_Unknown,Action_PreSnap,347.58,463.03,413.5,580.97,65.92000000000002,117.94000000000005,xml_geometry_csv_action
BootPass_81,38,9,9,Position_Unknown,Team_Unknown,Action_PreSnap,772.93,694.29,839.28,818.52,66.35000000000002,124.23000000000002,xml_geometry_csv_action
BootPass_81,39,0,0,Position_Unknown,Team_Unknown,Action_PreSnap,1300.83,710.17,1395.78,825.08,94.95000000000005,114.91000000000008,xml_geometry_csv_action
BootPass_81,39,1,1,Position_Unknown,Team_Unknown,Action_PreSnap,1143.52,209.73,1227.1,314.5,83.57999999999993,104.77000000000001,xml_geometry_csv_action
BootPass_81,39,10,10,Position_Unknown,Team_Unknown,Action_PreSnap,1196.21,436.92,1265.82,528.43,69.6099999999999,91.50999999999993,xml_geometry_csv_action
BootPass_81,39,11,11,Position_Unknown,Team_Unknown,Action_PreSnap,887.45,427.43,944.69,528.79,57.24000000000001,101.35999999999996,xml_geometry_csv_action
BootPass_81,39,12,12,Position_Unknown,Team_Unknown,Action_PreSnap,1445.96,391.93,1506.32,500.69,60.3599999999999,108.75999999999999,xml_geometry_csv_action
BootPass_81,39,13,13,Position_Unknown,Team_Unknown,Action_PreSnap,829.7,327.6,879.7,449.3,50.0,121.69999999999999,xml_geometry_csv_action
BootPass_81,39,14,14,Position_Unknown,Team_Unknown,Action_PreSnap,1138.61,369.32,1212.7,451.63,74.09000000000015,82.31,xml_geometry_csv_action
BootPass_81,39,15,15,Position_Unknown,Team_Unknown,Action_PreSnap,984.83,214.35,1036.75,316.52,51.91999999999996,102.16999999999999,xml_geometry_csv_action
BootPass_81,39,16,16,Position_Unknown,Team_Unknown,Action_PreSnap,797.5,249.73,850.25,367.06,52.75,117.33000000000001,xml_geometry_csv_action
BootPass_81,39,17,17,Position_Unknown,Team_Unknown,Action_PreSnap,1008.9,282.98,1108.76,353.24,99.86000000000001,70.25999999999999,xml_geometry_csv_action
BootPass_81,39,18,18,Position_Unknown,Team_Unknown,Action_PreSnap,1433.04,331.84,1484.58,441.34,51.539999999999964,109.5,xml_geometry_csv_action
BootPass_81,39,19,19,Position_Unknown,Team_Unknown,Action_PreSnap,1180.72,403.98,1248.22,484.5,67.5,80.51999999999998,xml_geometry_csv_action
BootPass_81,39,2,2,Position_Unknown,Team_Unknown,Action_PreSnap,1235.32,671.24,1317.73,787.64,82.41000000000008,116.39999999999998,xml_geometry_csv_action
BootPass_81,39,20,20,Position_Unknown,Team_Unknown,Action_PreSnap,1170.8,344.39,1239.9,410.15,69.10000000000014,65.75999999999999,xml_geometry_csv_action
BootPass_81,39,21,21,Position_Unknown,Team_Unknown,Action_PreSnap,1163.29,304.8,1226.87,359.93,63.57999999999993,55.129999999999995,xml_geometry_csv_action
BootPass_81,39,3,3,Position_Unknown,Team_Unknown,Action_PreSnap,1042.24,475.45,1136.97,558.78,94.73000000000002,83.32999999999998,xml_geometry_csv_action
BootPass_81,39,4,4,Position_Unknown,Team_Unknown,Action_PreSnap,1002.0,335.37,1096.57,406.3,94.56999999999994,70.93,xml_geometry_csv_action
BootPass_81,39,5,5,Position_Unknown,Team_Unknown,Action_PreSnap,1246.02,279.89,1312.52,378.11,66.5,98.22000000000003,xml_geometry_csv_action
BootPass_81,39,6,6,Position_Unknown,Team_Unknown,Action_PreSnap,1098.7,677.14,1161.95,793.04,63.25,115.89999999999998,xml_geometry_csv_action
BootPass_81,39,7,7,Position_Unknown,Team_Unknown,Action_PreSnap,1030.72,389.79,1128.77,471.31,98.04999999999995,81.51999999999998,xml_geometry_csv_action
BootPass_81,39,8,8,Position_Unknown,Team_Unknown,Action_PreSnap,347.7,463.44,413.67,581.13,65.97000000000003,117.69,xml_geometry_csv_action
BootPass_81,39,9,9,Position_Unknown,Team_Unknown,Action_PreSnap,772.88,694.26,839.35,818.71,66.47000000000003,124.45000000000005,xml_geometry_csv_action
BootPass_81,40,0,0,Position_Unknown,Team_Unknown,Action_PreSnap,1300.91,710.23,1395.74,825.15,94.82999999999993,114.91999999999996,xml_geometry_csv_action
BootPass_81,40,1,1,Position_Unknown,Team_Unknown,Action_PreSnap,1143.56,209.67,1227.17,314.37,83.61000000000013,104.70000000000002,xml_geometry_csv_action
BootPass_81,40,10,10,Position_Unknown,Team_Unknown,Action_PreSnap,1196.3,436.93,1265.85,528.46,69.54999999999995,91.53000000000003,xml_geometry_csv_action
BootPass_81,40,11,11,Position_Unknown,Team_Unknown,Action_PreSnap,887.47,427.28,944.81,528.82,57.33999999999992,101.54000000000008,xml_geometry_csv_action
BootPass_81,40,12,12,Position_Unknown,Team_Unknown,Action_PreSnap,1445.95,391.75,1506.37,500.64,60.419999999999845,108.88999999999999,xml_geometry_csv_action
BootPass_81,40,13,13,Position_Unknown,Team_Unknown,Action_PreSnap,829.92,327.41,879.9,449.25,49.98000000000002,121.83999999999997,xml_geometry_csv_action
BootPass_81,40,14,14,Position_Unknown,Team_Unknown,Action_PreSnap,1138.74,369.23,1212.71,451.72,73.97000000000003,82.49000000000001,xml_geometry_csv_action
BootPass_81,40,15,15,Position_Unknown,Team_Unknown,Action_PreSnap,985.11,214.57,1037.11,316.58,51.999999999999886,102.00999999999999,xml_geometry_csv_action
BootPass_81,40,16,16,Position_Unknown,Team_Unknown,Action_PreSnap,798.75,249.64,850.61,367.1,51.860000000000014,117.46000000000004,xml_geometry_csv_action
BootPass_81,40,17,17,Position_Unknown,Team_Unknown,Action_PreSnap,1010.14,282.95,1108.71,353.13,98.57000000000005,70.18,xml_geometry_csv_action
BootPass_81,40,18,18,Position_Unknown,Team_Unknown,Action_PreSnap,1433.3,332.66,1485.44,441.49,52.1400000000001,108.82999999999998,xml_geometry_csv_action
BootPass_81,40,19,19,Position_Unknown,Team_Unknown,Action_PreSnap,1180.83,404.04,1248.31,484.47,67.48000000000002,80.43,xml_geometry_csv_action
BootPass_81,40,2,2,Position_Unknown,Team_Unknown,Action_PreSnap,1235.24,671.34,1317.73,787.75,82.49000000000001,116.40999999999997,xml_geometry_csv_action
BootPass_81,40,20,20,Position_Unknown,Team_Unknown,Action_PreSnap,1170.74,344.45,1239.94,410.23,69.20000000000005,65.78000000000003,xml_geometry_csv_action
BootPass_81,40,21,21,Position_Unknown,Team_Unknown,Action_PreSnap,1163.21,304.68,1226.96,359.78,63.75,55.099999999999966,xml_geometry_csv_action
BootPass_81,40,3,3,Position_Unknown,Team_Unknown,Action_PreSnap,1042.35,475.3,1137.16,558.82,94.81000000000017,83.52000000000004,xml_geometry_csv_action
BootPass_81,40,4,4,Position_Unknown,Team_Unknown,Action_PreSnap,1002.22,335.15,1096.42,406.2,94.20000000000005,71.05000000000001,xml_geometry_csv_action
BootPass_81,40,5,5,Position_Unknown,Team_Unknown,Action_PreSnap,1246.03,280.06,1312.56,378.1,66.52999999999997,98.04000000000002,xml_geometry_csv_action
BootPass_81,40,6,6,Position_Unknown,Team_Unknown,Action_PreSnap,1098.69,677.17,1161.97,793.08,63.27999999999997,115.91000000000008,xml_geometry_csv_action
BootPass_81,40,7,7,Position_Unknown,Team_Unknown,Action_PreSnap,1030.3,389.56,1128.77,471.07,98.47000000000003,81.50999999999999,xml_geometry_csv_action
BootPass_81,40,8,8,Position_Unknown,Team_Unknown,Action_PreSnap,348.46,463.5,413.78,581.2,65.32,117.70000000000005,xml_geometry_csv_action
BootPass_81,40,9,9,Position_Unknown,Team_Unknown,Action_PreSnap,772.85,694.21,839.4,818.77,66.54999999999995,124.55999999999995,xml_geometry_csv_action
BootPass_81,41,0,0,Position_Unknown,Team_Unknown,Action_PreSnap,1301.23,710.24,1396.12,825.16,94.88999999999987,114.91999999999996,xml_geometry_csv_action
BootPass_81,41,1,1,Position_Unknown,Team_Unknown,Action_PreSnap,1143.77,209.56,1227.5,314.45,83.73000000000002,104.88999999999999,xml_geometry_csv_action
BootPass_81,41,10,10,Position_Unknown,Team_Unknown,Action_PreSnap,1197.03,436.87,1266.27,528.35,69.24000000000001,91.48000000000002,xml_geometry_csv_action
BootPass_81,41,11,11,Position_Unknown,Team_Unknown,Action_PreSnap,888.0,426.83,945.37,528.7,57.370000000000005,101.87000000000006,xml_geometry_csv_action
BootPass_81,41,12,12,Position_Unknown,Team_Unknown,Action_PreSnap,1445.96,391.83,1506.6,500.55,60.63999999999987,108.72000000000003,xml_geometry_csv_action
BootPass_81,41,13,13,Position_Unknown,Team_Unknown,Action_PreSnap,830.18,327.21,880.69,449.3,50.510000000000105,122.09000000000003,xml_geometry_csv_action
BootPass_81,41,14,14,Position_Unknown,Team_Unknown,Action_PreSnap,1139.02,369.22,1212.99,451.8,73.97000000000003,82.57999999999998,xml_geometry_csv_action
BootPass_81,41,15,15,Position_Unknown,Team_Unknown,Action_PreSnap,985.97,214.89,1037.64,316.83,51.67000000000007,101.94,xml_geometry_csv_action
BootPass_81,41,16,16,Position_Unknown,Team_Unknown,Action_PreSnap,800.28,249.01,851.36,367.19,51.08000000000004,118.18,xml_geometry_csv_action
BootPass_81,41,17,17,Position_Unknown,Team_Unknown,Action_PreSnap,1013.0,282.88,1108.58,352.57,95.57999999999993,69.69,xml_geometry_csv_action
BootPass_81,41,18,18,Position_Unknown,Team_Unknown,Action_PreSnap,1433.6,333.31,1486.28,440.96,52.680000000000064,107.64999999999998,xml_geometry_csv_action
BootPass_81,41,19,19,Position_Unknown,Team_Unknown,Action_PreSnap,1181.1,403.97,1248.79,484.59,67.69000000000005,80.61999999999995,xml_geometry_csv_action
BootPass_81,41,2,2,Position_Unknown,Team_Unknown,Action_PreSnap,1235.86,671.31,1318.39,787.62,82.5300000000002,116.31000000000006,xml_geometry_csv_action
BootPass_81,41,20,20,Position_Unknown,Team_Unknown,Action_PreSnap,1170.99,344.48,1240.07,410.24,69.07999999999993,65.75999999999999,xml_geometry_csv_action
BootPass_81,41,21,21,Position_Unknown,Team_Unknown,Action_PreSnap,1163.8,304.91,1227.72,359.67,63.92000000000007,54.75999999999999,xml_geometry_csv_action
BootPass_81,41,3,3,Position_Unknown,Team_Unknown,Action_PreSnap,1042.87,475.34,1137.47,558.78,94.60000000000014,83.44,xml_geometry_csv_action
BootPass_81,41,4,4,Position_Unknown,Team_Unknown,Action_PreSnap,1002.61,334.69,1096.91,406.29,94.30000000000007,71.60000000000002,xml_geometry_csv_action
BootPass_81,41,5,5,Position_Unknown,Team_Unknown,Action_PreSnap,1246.23,280.02,1313.03,377.97,66.79999999999995,97.95000000000005,xml_geometry_csv_action
BootPass_81,41,6,6,Position_Unknown,Team_Unknown,Action_PreSnap,1099.22,677.0,1162.43,793.29,63.210000000000036,116.28999999999996,xml_geometry_csv_action
BootPass_81,41,7,7,Position_Unknown,Team_Unknown,Action_PreSnap,1029.99,389.31,1129.22,470.59,99.23000000000002,81.27999999999997,xml_geometry_csv_action
BootPass_81,41,8,8,Position_Unknown,Team_Unknown,Action_PreSnap,348.64,463.76,413.98,581.02,65.34000000000003,117.25999999999999,xml_geometry_csv_action
BootPass_81,41,9,9,Position_Unknown,Team_Unknown,Action_PreSnap,773.12,693.93,839.65,818.64,66.52999999999997,124.71000000000004,xml_geometry_csv_action
BootPass_81,42,0,0,Position_Unknown,Team_Unknown,Action_PreSnap,1301.25,710.41,1396.22,825.34,94.97000000000003,114.93000000000006,xml_geometry_csv_action
BootPass_81,42,1,1,Position_Unknown,Team_Unknown,Action_PreSnap,1143.82,209.58,1227.47,314.53,83.65000000000009,104.94999999999996,xml_geometry_csv_action
BootPass_81,42,10,10,Position_Unknown,Team_Unknown,Action_PreSnap,1197.18,436.9,1266.39,528.54,69.21000000000004,91.63999999999999,xml_geometry_csv_action
BootPass_81,42,11,11,Position_Unknown,Team_Unknown,Action_PreSnap,888.15,426.88,945.36,528.76,57.210000000000036,101.88,xml_geometry_csv_action
BootPass_81,42,12,12,Position_Unknown,Team_Unknown,Action_PreSnap,1445.72,392.09,1506.66,500.65,60.940000000000055,108.56,xml_geometry_csv_action
BootPass_81,42,13,13,Position_Unknown,Team_Unknown,Action_PreSnap,830.41,327.06,880.91,449.35,50.5,122.29000000000002,xml_geometry_csv_action
BootPass_81,42,14,14,Position_Unknown,Team_Unknown,Action_PreSnap,1139.19,369.21,1213.03,451.98,73.83999999999992,82.77000000000004,xml_geometry_csv_action
BootPass_81,42,15,15,Position_Unknown,Team_Unknown,Action_PreSnap,986.69,215.2,1038.0,317.09,51.309999999999945,101.88999999999999,xml_geometry_csv_action
BootPass_81,42,16,16,Position_Unknown,Team_Unknown,Action_PreSnap,801.52,248.88,851.9,367.26,50.379999999999995,118.38,xml_geometry_csv_action
BootPass_81,42,17,17,Position_Unknown,Team_Unknown,Action_PreSnap,1013.99,283.05,1108.37,352.78,94.37999999999988,69.72999999999996,xml_geometry_csv_action
BootPass_81,42,18,18,Position_Unknown,Team_Unknown,Action_PreSnap,1433.68,333.9,1486.63,440.4,52.950000000000045,106.5,xml_geometry_csv_action
BootPass_81,42,19,19,Position_Unknown,Team_Unknown,Action_PreSnap,1181.27,404.08,1248.92,484.81,67.65000000000009,80.73000000000002,xml_geometry_csv_action
BootPass_81,42,2,2,Position_Unknown,Team_Unknown,Action_PreSnap,1236.03,671.39,1318.57,787.77,82.53999999999996,116.38,xml_geometry_csv_action
BootPass_81,42,20,20,Position_Unknown,Team_Unknown,Action_PreSnap,1171.09,344.77,1240.11,410.42,69.01999999999998,65.65000000000003,xml_geometry_csv_action
BootPass_81,42,21,21,Position_Unknown,Team_Unknown,Action_PreSnap,1163.78,305.0,1227.82,359.77,64.03999999999996,54.76999999999998,xml_geometry_csv_action
BootPass_81,42,3,3,Position_Unknown,Team_Unknown,Action_PreSnap,1043.23,475.27,1137.5,558.74,94.26999999999998,83.47000000000003,xml_geometry_csv_action
BootPass_81,42,4,4,Position_Unknown,Team_Unknown,Action_PreSnap,1002.68,334.78,1096.89,406.46,94.21000000000015,71.68,xml_geometry_csv_action
BootPass_81,42,5,5,Position_Unknown,Team_Unknown,Action_PreSnap,1246.29,279.94,1313.24,377.94,66.95000000000005,98.0,xml_geometry_csv_action
BootPass_81,42,6,6,Position_Unknown,Team_Unknown,Action_PreSnap,1099.5,676.94,1162.67,793.41,63.17000000000007,116.46999999999991,xml_geometry_csv_action
BootPass_81,42,7,7,Position_Unknown,Team_Unknown,Action_PreSnap,1029.76,389.46,1129.5,470.78,99.74000000000001,81.32,xml_geometry_csv_action
BootPass_81,42,8,8,Position_Unknown,Team_Unknown,Action_PreSnap,349.31,464.35,414.26,581.1,64.94999999999999,116.75,xml_geometry_csv_action
BootPass_81,42,9,9,Position_Unknown,Team_Unknown,Action_PreSnap,773.13,693.82,839.73,818.7,66.60000000000002,124.88,xml_geometry_csv_action
BootPass_81,43,0,0,Position_Unknown,Team_Unknown,Action_PreSnap,1301.29,710.25,1396.18,825.25,94.8900000000001,115.0,xml_geometry_csv_action
BootPass_81,43,1,1,Position_Unknown,Team_Unknown,Action_PreSnap,1143.73,209.34,1227.38,314.5,83.65000000000009,105.16,xml_geometry_csv_action
BootPass_81,43,10,10,Position_Unknown,Team_Unknown,Action_PreSnap,1197.21,436.73,1266.39,528.42,69.18000000000006,91.68999999999994,xml_geometry_csv_action
BootPass_81,43,11,11,Position_Unknown,Team_Unknown,Action_PreSnap,888.16,426.79,945.36,528.63,57.200000000000045,101.83999999999997,xml_geometry_csv_action
BootPass_81,43,12,12,Position_Unknown,Team_Unknown,Action_PreSnap,1445.29,392.02,1506.58,500.63,61.289999999999964,108.61000000000001,xml_geometry_csv_action
BootPass_81,43,13,13,Position_Unknown,Team_Unknown,Action_PreSnap,830.24,326.79,880.71,449.22,50.47000000000003,122.43,xml_geometry_csv_action
BootPass_81,43,14,14,Position_Unknown,Team_Unknown,Action_PreSnap,1139.23,369.12,1212.97,451.78,73.74000000000001,82.65999999999997,xml_geometry_csv_action
BootPass_81,43,15,15,Position_Unknown,Team_Unknown,Action_PreSnap,986.82,215.51,1038.05,317.12,51.229999999999905,101.61000000000001,xml_geometry_csv_action
BootPass_81,43,16,16,Position_Unknown,Team_Unknown,Action_PreSnap,802.34,248.14,852.01,367.23,49.66999999999996,119.09000000000003,xml_geometry_csv_action
BootPass_81,43,17,17,Position_Unknown,Team_Unknown,Action_PreSnap,1014.02,282.99,1107.77,352.76,93.75,69.76999999999998,xml_geometry_csv_action
BootPass_81,43,18,18,Position_Unknown,Team_Unknown,Action_PreSnap,1433.64,333.92,1486.7,439.8,53.059999999999945,105.88,xml_geometry_csv_action
BootPass_81,43,19,19,Position_Unknown,Team_Unknown,Action_PreSnap,1181.21,404.0,1248.75,484.8,67.53999999999996,80.80000000000001,xml_geometry_csv_action
BootPass_81,43,2,2,Position_Unknown,Team_Unknown,Action_PreSnap,1235.87,671.3,1318.62,787.66,82.75,116.36000000000001,xml_geometry_csv_action
BootPass_81,43,20,20,Position_Unknown,Team_Unknown,Action_PreSnap,1171.02,344.77,1240.04,410.39,69.01999999999998,65.62,xml_geometry_csv_action
BootPass_81,43,21,21,Position_Unknown,Team_Unknown,Action_PreSnap,1163.77,304.92,1227.8,359.65,64.02999999999997,54.72999999999996,xml_geometry_csv_action
BootPass_81,43,3,3,Position_Unknown,Team_Unknown,Action_PreSnap,1043.22,475.22,1137.25,558.61,94.02999999999997,83.38999999999999,xml_geometry_csv_action
BootPass_81,43,4,4,Position_Unknown,Team_Unknown,Action_PreSnap,1002.74,334.77,1096.92,406.42,94.18000000000006,71.65000000000003,xml_geometry_csv_action
BootPass_81,43,5,5,Position_Unknown,Team_Unknown,Action_PreSnap,1246.19,279.87,1313.17,377.87,66.98000000000002,98.0,xml_geometry_csv_action
BootPass_81,43,6,6,Position_Unknown,Team_Unknown,Action_PreSnap,1099.49,676.81,1162.68,793.25,63.190000000000055,116.44000000000005,xml_geometry_csv_action
BootPass_81,43,7,7,Position_Unknown,Team_Unknown,Action_PreSnap,1029.38,389.42,1129.76,471.01,100.37999999999988,81.58999999999997,xml_geometry_csv_action
BootPass_81,43,8,8,Position_Unknown,Team_Unknown,Action_PreSnap,350.14,464.65,414.26,580.99,64.12,116.34000000000003,xml_geometry_csv_action
BootPass_81,43,9,9,Position_Unknown,Team_Unknown,Action_PreSnap,773.06,693.66,839.82,818.56,66.7600000000001,124.89999999999998,xml_geometry_csv_action
BootPass_81,44,0,0,Position_Unknown,Team_Unknown,Action_PreSnap,1301.28,710.1,1396.13,825.15,94.85000000000014,115.04999999999995,xml_geometry_csv_action
BootPass_81,44,1,1,Position_Unknown,Team_Unknown,Action_PreSnap,1143.71,209.28,1227.37,314.42,83.65999999999985,105.14000000000001,xml_geometry_csv_action
BootPass_81,44,10,10,Position_Unknown,Team_Unknown,Action_PreSnap,1197.17,436.77,1266.33,528.34,69.15999999999985,91.57000000000005,xml_geometry_csv_action
BootPass_81,44,11,11,Position_Unknown,Team_Unknown,Action_PreSnap,888.08,426.87,945.23,528.61,57.14999999999998,101.74000000000001,xml_geometry_csv_action
BootPass_81,44,12,12,Position_Unknown,Team_Unknown,Action_PreSnap,1445.14,392.09,1506.46,500.57,61.319999999999936,108.48000000000002,xml_geometry_csv_action
BootPass_81,44,13,13,Position_Unknown,Team_Unknown,Action_PreSnap,830.34,326.31,880.9,449.11,50.559999999999945,122.80000000000001,xml_geometry_csv_action
BootPass_81,44,14,14,Position_Unknown,Team_Unknown,Action_PreSnap,1139.26,369.11,1212.93,451.86,73.67000000000007,82.75,xml_geometry_csv_action
BootPass_81,44,15,15,Position_Unknown,Team_Unknown,Action_PreSnap,986.77,215.62,1038.16,317.15,51.3900000000001,101.52999999999997,xml_geometry_csv_action
BootPass_81,44,16,16,Position_Unknown,Team_Unknown,Action_PreSnap,803.05,247.32,852.58,366.97,49.530000000000086,119.65000000000003,xml_geometry_csv_action
BootPass_81,44,17,17,Position_Unknown,Team_Unknown,Action_PreSnap,1014.03,282.93,1107.52,352.6,93.49000000000001,69.67000000000002,xml_geometry_csv_action
BootPass_81,44,18,18,Position_Unknown,Team_Unknown,Action_PreSnap,1433.51,333.89,1486.56,439.9,53.049999999999955,106.00999999999999,xml_geometry_csv_action
BootPass_81,44,19,19,Position_Unknown,Team_Unknown,Action_PreSnap,1181.29,404.13,1248.83,484.94,67.53999999999996,80.81,xml_geometry_csv_action
BootPass_81,44,2,2,Position_Unknown,Team_Unknown,Action_PreSnap,1235.67,671.21,1318.62,787.67,82.94999999999982,116.45999999999992,xml_geometry_csv_action
BootPass_81,44,20,20,Position_Unknown,Team_Unknown,Action_PreSnap,1170.92,344.89,1239.98,410.43,69.05999999999995,65.54000000000002,xml_geometry_csv_action
BootPass_81,44,21,21,Position_Unknown,Team_Unknown,Action_PreSnap,1163.86,304.9,1227.79,359.71,63.930000000000064,54.81,xml_geometry_csv_action
BootPass_81,44,3,3,Position_Unknown,Team_Unknown,Action_PreSnap,1043.13,475.3,1137.1,558.6,93.9699999999998,83.30000000000001,xml_geometry_csv_action
BootPass_81,44,4,4,Position_Unknown,Team_Unknown,Action_PreSnap,1002.76,334.81,1096.85,406.49,94.08999999999992,71.68,xml_geometry_csv_action
BootPass_81,44,5,5,Position_Unknown,Team_Unknown,Action_PreSnap,1246.19,279.91,1312.99,377.88,66.79999999999995,97.96999999999997,xml_geometry_csv_action
BootPass_81,44,6,6,Position_Unknown,Team_Unknown,Action_PreSnap,1099.49,676.8,1162.66,793.21,63.17000000000007,116.41000000000008,xml_geometry_csv_action
BootPass_81,44,7,7,Position_Unknown,Team_Unknown,Action_PreSnap,1028.97,389.63,1129.74,471.14,100.76999999999998,81.50999999999999,xml_geometry_csv_action
BootPass_81,44,8,8,Position_Unknown,Team_Unknown,Action_PreSnap,351.29,464.91,414.35,581.02,63.06,116.10999999999996,xml_geometry_csv_action
BootPass_81,44,9,9,Position_Unknown,Team_Unknown,Action_PreSnap,772.96,693.67,839.84,818.43,66.88,124.75999999999999,xml_geometry_csv_action
BootPass_81,45,0,0,Position_Unknown,Team_Unknown,Action_PreSnap,1301.26,710.08,1396.23,825.16,94.97000000000003,115.07999999999993,xml_geometry_csv_action
BootPass_81,45,1,1,Position_Unknown,Team_Unknown,Action_PreSnap,1143.71,209.16,1227.45,314.41,83.74000000000001,105.25000000000003,xml_geometry_csv_action
BootPass_81,45,10,10,Position_Unknown,Team_Unknown,Action_PreSnap,1197.1,436.92,1266.38,528.36,69.2800000000002,91.44,xml_geometry_csv_action
BootPass_81,45,11,11,Position_Unknown,Team_Unknown,Action_PreSnap,887.91,427.0,945.3,528.67,57.389999999999986,101.66999999999996,xml_geometry_csv_action
BootPass_81,45,12,12,Position_Unknown,Team_Unknown,Action_PreSnap,1445.01,392.18,1506.52,500.65,61.50999999999999,108.46999999999997,xml_geometry_csv_action
BootPass_81,45,13,13,Position_Unknown,Team_Unknown,Action_PreSnap,830.35,326.24,881.29,449.09,50.93999999999994,122.84999999999997,xml_geometry_csv_action
BootPass_81,45,14,14,Position_Unknown,Team_Unknown,Action_PreSnap,1139.26,369.14,1212.9,451.91,73.6400000000001,82.77000000000004,xml_geometry_csv_action
BootPass_81,45,15,15,Position_Unknown,Team_Unknown,Action_PreSnap,986.75,215.98,1038.34,317.18,51.58999999999992,101.20000000000002,xml_geometry_csv_action
BootPass_81,45,16,16,Position_Unknown,Team_Unknown,Action_PreSnap,803.79,246.62,853.61,367.31,49.82000000000005,120.69,xml_geometry_csv_action
BootPass_81,45,17,17,Position_Unknown,Team_Unknown,Action_PreSnap,1014.09,282.91,1107.37,352.64,93.27999999999986,69.72999999999996,xml_geometry_csv_action
BootPass_81,45,18,18,Position_Unknown,Team_Unknown,Action_PreSnap,1433.49,333.72,1486.57,439.97,53.07999999999993,106.25,xml_geometry_csv_action
BootPass_81,45,19,19,Position_Unknown,Team_Unknown,Action_PreSnap,1181.3,404.16,1248.87,484.88,67.56999999999994,80.71999999999997,xml_geometry_csv_action
BootPass_81,45,2,2,Position_Unknown,Team_Unknown,Action_PreSnap,1235.69,671.22,1318.7,787.66,83.00999999999999,116.43999999999994,xml_geometry_csv_action
BootPass_81,45,20,20,Position_Unknown,Team_Unknown,Action_PreSnap,1170.91,344.92,1240.1,410.49,69.18999999999983,65.57,xml_geometry_csv_action
BootPass_81,45,21,21,Position_Unknown,Team_Unknown,Action_PreSnap,1163.95,304.98,1227.8,359.82,63.84999999999991,54.839999999999975,xml_geometry_csv_action
BootPass_81,45,3,3,Position_Unknown,Team_Unknown,Action_PreSnap,1042.96,475.37,1136.96,558.51,94.0,83.13999999999999,xml_geometry_csv_action
BootPass_81,45,4,4,Position_Unknown,Team_Unknown,Action_PreSnap,1002.79,334.86,1096.9,406.6,94.11000000000013,71.74000000000001,xml_geometry_csv_action
BootPass_81,45,5,5,Position_Unknown,Team_Unknown,Action_PreSnap,1246.3,279.65,1313.12,377.95,66.81999999999994,98.30000000000001,xml_geometry_csv_action
BootPass_81,45,6,6,Position_Unknown,Team_Unknown,Action_PreSnap,1099.55,676.9,1162.7,793.08,63.15000000000009,116.18000000000006,xml_geometry_csv_action
BootPass_81,45,7,7,Position_Unknown,Team_Unknown,Action_PreSnap,1029.11,389.81,1129.96,471.11,100.85000000000014,81.30000000000001,xml_geometry_csv_action
BootPass_81,45,8,8,Position_Unknown,Team_Unknown,Action_PreSnap,351.92,465.2,414.35,581.41,62.43000000000001,116.20999999999998,xml_geometry_csv_action
BootPass_81,45,9,9,Position_Unknown,Team_Unknown,Action_PreSnap,772.88,693.7,839.55,818.35,66.66999999999996,124.64999999999998,xml_geometry_csv_action
BootPass_81,46,0,0,Position_Unknown,Team_Unknown,Action_PreSnap,1300.46,710.23,1395.54,825.15,95.07999999999993,114.91999999999996,xml_geometry_csv_action
BootPass_81,46,1,1,Position_Unknown,Team_Unknown,Action_PreSnap,1142.96,209.45,1226.64,314.28,83.68000000000006,104.82999999999998,xml_geometry_csv_action
BootPass_81,46,10,10,Position_Unknown,Team_Unknown,Action_PreSnap,1196.2,436.9,1265.59,528.45,69.38999999999987,91.55000000000007,xml_geometry_csv_action
BootPass_81,46,11,11,Position_Unknown,Team_Unknown,Action_PreSnap,887.13,427.42,944.72,528.72,57.59000000000003,101.30000000000001,xml_geometry_csv_action
BootPass_81,46,12,12,Position_Unknown,Team_Unknown,Action_PreSnap,1444.84,392.04,1505.86,500.75,61.01999999999998,108.70999999999998,xml_geometry_csv_action
BootPass_81,46,13,13,Position_Unknown,Team_Unknown,Action_PreSnap,830.21,326.0,880.96,449.13,50.75,123.13,xml_geometry_csv_action
BootPass_81,46,14,14,Position_Unknown,Team_Unknown,Action_PreSnap,1138.77,369.27,1212.27,451.9,73.5,82.63,xml_geometry_csv_action
BootPass_81,46,15,15,Position_Unknown,Team_Unknown,Action_PreSnap,985.59,216.92,1037.48,317.55,51.889999999999986,100.63000000000002,xml_geometry_csv_action
BootPass_81,46,16,16,Position_Unknown,Team_Unknown,Action_PreSnap,804.1,246.16,854.51,367.89,50.40999999999997,121.72999999999999,xml_geometry_csv_action
BootPass_81,46,17,17,Position_Unknown,Team_Unknown,Action_PreSnap,1012.59,283.39,1106.52,353.24,93.92999999999995,69.85000000000002,xml_geometry_csv_action
BootPass_81,46,18,18,Position_Unknown,Team_Unknown,Action_PreSnap,1432.9,333.87,1485.54,441.04,52.63999999999987,107.17000000000002,xml_geometry_csv_action
BootPass_81,46,19,19,Position_Unknown,Team_Unknown,Action_PreSnap,1180.55,404.33,1247.98,485.21,67.43000000000006,80.88,xml_geometry_csv_action
BootPass_81,46,2,2,Position_Unknown,Team_Unknown,Action_PreSnap,1234.92,671.05,1317.67,787.69,82.75,116.6400000000001,xml_geometry_csv_action
BootPass_81,46,20,20,Position_Unknown,Team_Unknown,Action_PreSnap,1169.96,344.63,1239.3,410.54,69.33999999999992,65.91000000000003,xml_geometry_csv_action
BootPass_81,46,21,21,Position_Unknown,Team_Unknown,Action_PreSnap,1162.89,304.81,1226.81,359.42,63.919999999999845,54.610000000000014,xml_geometry_csv_action
BootPass_81,46,3,3,Position_Unknown,Team_Unknown,Action_PreSnap,1042.32,475.43,1136.31,558.62,93.99000000000001,83.19,xml_geometry_csv_action
BootPass_81,46,4,4,Position_Unknown,Team_Unknown,Action_PreSnap,1002.28,335.25,1096.12,406.93,93.83999999999992,71.68,xml_geometry_csv_action
BootPass_81,46,5,5,Position_Unknown,Team_Unknown,Action_PreSnap,1245.64,279.86,1312.15,378.12,66.50999999999999,98.25999999999999,xml_geometry_csv_action
BootPass_81,46,6,6,Position_Unknown,Team_Unknown,Action_PreSnap,1098.68,677.25,1161.99,793.16,63.309999999999945,115.90999999999997,xml_geometry_csv_action
BootPass_81,46,7,7,Position_Unknown,Team_Unknown,Action_PreSnap,1028.32,390.3,1129.39,471.17,101.07000000000016,80.87,xml_geometry_csv_action
BootPass_81,46,8,8,Position_Unknown,Team_Unknown,Action_PreSnap,351.61,465.55,413.74,581.74,62.129999999999995,116.19,xml_geometry_csv_action
BootPass_81,46,9,9,Position_Unknown,Team_Unknown,Action_PreSnap,772.42,693.67,838.95,818.71,66.53000000000009,125.04000000000008,xml_geometry_csv_action
BootPass_81,47,0,0,Position_Unknown,Team_Unknown,Action_PreSnap,1300.15,709.6,1395.41,824.74,95.25999999999999,115.13999999999999,xml_geometry_csv_action
BootPass_81,47,1,1,Position_Unknown,Team_Unknown,Action_PreSnap,1142.74,209.29,1226.48,313.9,83.74000000000001,104.60999999999999,xml_geometry_csv_action
BootPass_81,47,10,10,Position_Unknown,Team_Unknown,Action_PreSnap,1196.22,435.96,1265.46,528.03,69.24000000000001,92.07,xml_geometry_csv_action
BootPass_81,47,11,11,Position_Unknown,Team_Unknown,Action_PreSnap,887.02,427.36,944.65,528.43,57.629999999999995,101.06999999999994,xml_geometry_csv_action
BootPass_81,47,12,12,Position_Unknown,Team_Unknown,Action_PreSnap,1444.83,391.68,1505.72,500.4,60.8900000000001,108.71999999999997,xml_geometry_csv_action
BootPass_81,47,13,13,Position_Unknown,Team_Unknown,Action_PreSnap,830.07,325.22,880.85,448.11,50.77999999999997,122.88999999999999,xml_geometry_csv_action
BootPass_81,47,14,14,Position_Unknown,Team_Unknown,Action_PreSnap,1138.77,368.87,1212.32,451.47,73.54999999999995,82.60000000000002,xml_geometry_csv_action
BootPass_81,47,15,15,Position_Unknown,Team_Unknown,Action_PreSnap,985.27,216.91,1037.4,317.4,52.13000000000011,100.48999999999998,xml_geometry_csv_action
BootPass_81,47,16,16,Position_Unknown,Team_Unknown,Action_PreSnap,804.12,244.85,856.67,367.92,52.549999999999955,123.07000000000002,xml_geometry_csv_action
BootPass_81,47,17,17,Position_Unknown,Team_Unknown,Action_PreSnap,1012.22,283.24,1106.26,353.31,94.03999999999996,70.07,xml_geometry_csv_action
BootPass_81,47,18,18,Position_Unknown,Team_Unknown,Action_PreSnap,1432.75,332.75,1484.93,441.16,52.180000000000064,108.41000000000003,xml_geometry_csv_action
BootPass_81,47,19,19,Position_Unknown,Team_Unknown,Action_PreSnap,1180.58,404.01,1247.9,485.06,67.32000000000016,81.05000000000001,xml_geometry_csv_action
BootPass_81,47,2,2,Position_Unknown,Team_Unknown,Action_PreSnap,1234.73,670.67,1317.5,787.22,82.76999999999998,116.55000000000007,xml_geometry_csv_action
BootPass_81,47,20,20,Position_Unknown,Team_Unknown,Action_PreSnap,1169.99,343.97,1239.05,410.21,69.05999999999995,66.23999999999995,xml_geometry_csv_action
BootPass_81,47,21,21,Position_Unknown,Team_Unknown,Action_PreSnap,1162.92,304.44,1226.6,358.76,63.679999999999836,54.31999999999999,xml_geometry_csv_action
BootPass_81,47,3,3,Position_Unknown,Team_Unknown,Action_PreSnap,1042.28,475.15,1136.22,558.45,93.94000000000005,83.30000000000007,xml_geometry_csv_action
BootPass_81,47,4,4,Position_Unknown,Team_Unknown,Action_PreSnap,1002.15,335.11,1095.7,406.84,93.55000000000007,71.72999999999996,xml_geometry_csv_action
BootPass_81,47,5,5,Position_Unknown,Team_Unknown,Action_PreSnap,1245.45,279.73,1311.78,377.86,66.32999999999993,98.13,xml_geometry_csv_action
BootPass_81,47,6,6,Position_Unknown,Team_Unknown,Action_PreSnap,1098.52,676.88,1161.82,792.88,63.299999999999955,116.0,xml_geometry_csv_action
BootPass_81,47,7,7,Position_Unknown,Team_Unknown,Action_PreSnap,1028.34,390.12,1129.37,470.93,101.02999999999997,80.81,xml_geometry_csv_action
BootPass_81,47,8,8,Position_Unknown,Team_Unknown,Action_PreSnap,351.09,465.01,413.66,581.23,62.57000000000005,116.22000000000003,xml_geometry_csv_action
BootPass_81,47,9,9,Position_Unknown,Team_Unknown,Action_PreSnap,772.39,693.46,838.95,818.68,66.56000000000006,125.21999999999991,xml_geometry_csv_action
BootPass_81,48,0,0,Position_Unknown,Team_Unknown,Action_PreSnap,1300.07,709.88,1395.19,824.98,95.12000000000012,115.10000000000002,xml_geometry_csv_action
BootPass_81,48,1,1,Position_Unknown,Team_Unknown,Action_PreSnap,1142.6,209.45,1226.46,314.0,83.86000000000013,104.55000000000001,xml_geometry_csv_action
BootPass_81,48,10,10,Position_Unknown,Team_Unknown,Action_PreSnap,1196.04,436.11,1265.34,528.33,69.29999999999995,92.22000000000003,xml_geometry_csv_action
BootPass_81,48,11,11,Position_Unknown,Team_Unknown,Action_PreSnap,886.97,427.82,944.78,528.56,57.809999999999945,100.73999999999995,xml_geometry_csv_action
BootPass_81,48,12,12,Position_Unknown,Team_Unknown,Action_PreSnap,1444.94,391.81,1505.75,500.71,60.809999999999945,108.89999999999998,xml_geometry_csv_action
BootPass_81,48,13,13,Position_Unknown,Team_Unknown,Action_PreSnap,830.01,325.16,880.76,448.09,50.75,122.92999999999995,xml_geometry_csv_action
BootPass_81,48,14,14,Position_Unknown,Team_Unknown,Action_PreSnap,1138.67,369.08,1212.24,451.69,73.56999999999994,82.61000000000001,xml_geometry_csv_action
BootPass_81,48,15,15,Position_Unknown,Team_Unknown,Action_PreSnap,985.25,217.46,1037.39,317.53,52.1400000000001,100.06999999999996,xml_geometry_csv_action
BootPass_81,48,16,16,Position_Unknown,Team_Unknown,Action_PreSnap,805.04,244.98,859.83,368.3,54.79000000000008,123.32000000000002,xml_geometry_csv_action
BootPass_81,48,17,17,Position_Unknown,Team_Unknown,Action_PreSnap,1012.09,283.52,1106.14,353.56,94.05000000000007,70.04000000000002,xml_geometry_csv_action
BootPass_81,48,18,18,Position_Unknown,Team_Unknown,Action_PreSnap,1432.63,332.33,1484.19,441.46,51.559999999999945,109.13,xml_geometry_csv_action
BootPass_81,48,19,19,Position_Unknown,Team_Unknown,Action_PreSnap,1180.56,404.12,1247.77,485.34,67.21000000000004,81.21999999999997,xml_geometry_csv_action
BootPass_81,48,2,2,Position_Unknown,Team_Unknown,Action_PreSnap,1234.62,670.82,1317.44,787.58,82.82000000000016,116.75999999999999,xml_geometry_csv_action
BootPass_81,48,20,20,Position_Unknown,Team_Unknown,Action_PreSnap,1170.07,344.09,1238.94,410.45,68.87000000000012,66.36000000000001,xml_geometry_csv_action
BootPass_81,48,21,21,Position_Unknown,Team_Unknown,Action_PreSnap,1162.63,304.52,1226.4,359.27,63.76999999999998,54.75,xml_geometry_csv_action
BootPass_81,48,3,3,Position_Unknown,Team_Unknown,Action_PreSnap,1042.17,475.36,1136.19,558.52,94.01999999999998,83.15999999999997,xml_geometry_csv_action
BootPass_81,48,4,4,Position_Unknown,Team_Unknown,Action_PreSnap,1002.1,335.46,1095.66,407.05,93.56000000000006,71.59000000000003,xml_geometry_csv_action
BootPass_81,48,5,5,Position_Unknown,Team_Unknown,Action_PreSnap,1245.37,279.87,1311.69,378.21,66.32000000000016,98.33999999999997,xml_geometry_csv_action
BootPass_81,48,6,6,Position_Unknown,Team_Unknown,Action_PreSnap,1098.34,677.24,1161.82,793.11,63.48000000000002,115.87,xml_geometry_csv_action
BootPass_81,48,7,7,Position_Unknown,Team_Unknown,Action_PreSnap,1028.57,390.59,1129.32,471.02,100.75,80.43,xml_geometry_csv_action
BootPass_81,48,8,8,Position_Unknown,Team_Unknown,Action_PreSnap,350.19,465.39,413.43,581.19,63.24000000000001,115.80000000000007,xml_geometry_csv_action
BootPass_81,48,9,9,Position_Unknown,Team_Unknown,Action_PreSnap,772.27,693.56,838.92,818.84,66.64999999999998,125.28000000000009,xml_geometry_csv_action
BootPass_81,49,0,0,Position_Unknown,Team_Unknown,Action_PreSnap,1299.91,709.84,1395.08,824.65,95.16999999999985,114.80999999999995,xml_geometry_csv_action
BootPass_81,49,1,1,Position_Unknown,Team_Unknown,Action_PreSnap,1142.52,209.31,1226.42,313.68,83.90000000000009,104.37,xml_geometry_csv_action
BootPass_81,49,10,10,Position_Unknown,Team_Unknown,Action_PreSnap,1196.06,435.91,1265.24,527.97,69.18000000000006,92.06,xml_geometry_csv_action
BootPass_81,49,11,11,Position_Unknown,Team_Unknown,Action_PreSnap,886.71,427.83,944.88,528.3,58.16999999999996,100.46999999999997,xml_geometry_csv_action
BootPass_81,49,12,12,Position_Unknown,Team_Unknown,Action_PreSnap,1444.95,391.38,1505.71,500.6,60.75999999999999,109.22000000000003,xml_geometry_csv_action
BootPass_81,49,13,13,Position_Unknown,Team_Unknown,Action_PreSnap,829.86,324.11,880.75,447.58,50.889999999999986,123.46999999999997,xml_geometry_csv_action
BootPass_81,49,14,14,Position_Unknown,Team_Unknown,Action_PreSnap,1138.47,368.89,1212.08,451.6,73.6099999999999,82.71000000000004,xml_geometry_csv_action
BootPass_81,49,15,15,Position_Unknown,Team_Unknown,Action_PreSnap,985.23,217.61,1037.39,317.17,52.16000000000008,99.56,xml_geometry_csv_action
BootPass_81,49,16,16,Position_Unknown,Team_Unknown,Action_PreSnap,805.71,244.61,862.17,368.16,56.45999999999992,123.55000000000001,xml_geometry_csv_action
BootPass_81,49,17,17,Position_Unknown,Team_Unknown,Action_PreSnap,1011.99,283.22,1105.9,353.34,93.91000000000008,70.11999999999995,xml_geometry_csv_action
BootPass_81,49,18,18,Position_Unknown,Team_Unknown,Action_PreSnap,1432.37,330.98,1484.01,441.16,51.6400000000001,110.18,xml_geometry_csv_action
BootPass_81,49,19,19,Position_Unknown,Team_Unknown,Action_PreSnap,1180.48,403.97,1247.7,485.19,67.22000000000003,81.21999999999997,xml_geometry_csv_action
BootPass_81,49,2,2,Position_Unknown,Team_Unknown,Action_PreSnap,1234.6,670.39,1317.37,787.31,82.76999999999998,116.91999999999996,xml_geometry_csv_action
BootPass_81,49,20,20,Position_Unknown,Team_Unknown,Action_PreSnap,1170.01,343.89,1238.83,410.4,68.81999999999994,66.50999999999999,xml_geometry_csv_action
BootPass_81,49,21,21,Position_Unknown,Team_Unknown,Action_PreSnap,1162.55,304.52,1226.29,359.26,63.74000000000001,54.74000000000001,xml_geometry_csv_action
BootPass_81,49,3,3,Position_Unknown,Team_Unknown,Action_PreSnap,1042.27,475.33,1136.13,558.33,93.86000000000013,83.00000000000006,xml_geometry_csv_action
BootPass_81,49,4,4,Position_Unknown,Team_Unknown,Action_PreSnap,1002.01,335.28,1095.71,407.03,93.70000000000005,71.75,xml_geometry_csv_action
BootPass_81,49,5,5,Position_Unknown,Team_Unknown,Action_PreSnap,1245.31,279.72,1311.72,378.03,66.41000000000008,98.30999999999995,xml_geometry_csv_action
BootPass_81,49,6,6,Position_Unknown,Team_Unknown,Action_PreSnap,1098.17,677.04,1161.83,792.98,63.659999999999854,115.94000000000005,xml_geometry_csv_action
BootPass_81,49,7,7,Position_Unknown,Team_Unknown,Action_PreSnap,1029.08,390.83,1129.42,470.82,100.34000000000015,79.99000000000001,xml_geometry_csv_action
BootPass_81,49,8,8,Position_Unknown,Team_Unknown,Action_PreSnap,349.09,465.2,413.08,580.89,63.99000000000001,115.69,xml_geometry_csv_action
BootPass_81,49,9,9,Position_Unknown,Team_Unknown,Action_PreSnap,772.21,693.37,838.85,818.56,66.63999999999999,125.18999999999994,xml_geometry_csv_action
BootPass_81,50,0,0,Position_Unknown,Team_Unknown,Action_PreSnap,1299.93,709.86,1394.91,824.73,94.98000000000002,114.87,xml_geometry_csv_action
BootPass_81,50,1,1,Position_Unknown,Team_Unknown,Action_PreSnap,1142.38,209.23,1226.5,313.69,84.11999999999989,104.46000000000001,xml_geometry_csv_action
BootPass_81,50,10,10,Position_Unknown,Team_Unknown,Action_PreSnap,1196.02,435.97,1265.24,528.23,69.22000000000003,92.25999999999999,xml_geometry_csv_action
BootPass_81,50,11,11,Position_Unknown,Team_Unknown,Action_PreSnap,887.0,428.11,945.0,528.2,58.0,100.09000000000003,xml_geometry_csv_action
BootPass_81,50,12,12,Position_Unknown,Team_Unknown,Action_PreSnap,1445.32,391.43,1505.81,500.86,60.49000000000001,109.43,xml_geometry_csv_action
BootPass_81,50,13,13,Position_Unknown,Team_Unknown,Action_PreSnap,829.7,323.82,880.47,447.49,50.76999999999998,123.67000000000002,xml_geometry_csv_action
BootPass_81,50,14,14,Position_Unknown,Team_Unknown,Action_PreSnap,1138.36,368.83,1211.98,451.46,73.62000000000012,82.63,xml_geometry_csv_action
BootPass_81,50,15,15,Position_Unknown,Team_Unknown,Action_PreSnap,985.37,217.88,1037.39,317.45,52.020000000000095,99.57,xml_geometry_csv_action
BootPass_81,50,16,16,Position_Unknown,Team_Unknown,Action_PreSnap,806.47,244.46,860.7,368.15,54.23000000000002,123.68999999999997,xml_geometry_csv_action
BootPass_81,50,17,17,Position_Unknown,Team_Unknown,Action_PreSnap,1011.93,283.3,1105.63,353.34,93.70000000000016,70.03999999999996,xml_geometry_csv_action
BootPass_81,50,18,18,Position_Unknown,Team_Unknown,Action_PreSnap,1432.37,330.07,1483.65,441.46,51.2800000000002,111.38999999999999,xml_geometry_csv_action
BootPass_81,50,19,19,Position_Unknown,Team_Unknown,Action_PreSnap,1180.46,403.91,1247.66,485.11,67.20000000000005,81.19999999999999,xml_geometry_csv_action
BootPass_81,50,2,2,Position_Unknown,Team_Unknown,Action_PreSnap,1234.67,670.47,1317.32,787.44,82.64999999999986,116.97000000000003,xml_geometry_csv_action
BootPass_81,50,20,20,Position_Unknown,Team_Unknown,Action_PreSnap,1170.14,343.85,1238.79,410.4,68.64999999999986,66.54999999999995,xml_geometry_csv_action
BootPass_81,50,21,21,Position_Unknown,Team_Unknown,Action_PreSnap,1162.53,304.57,1226.23,359.27,63.700000000000045,54.69999999999999,xml_geometry_csv_action
BootPass_81,50,3,3,Position_Unknown,Team_Unknown,Action_PreSnap,1042.18,475.43,1136.19,558.18,94.00999999999999,82.74999999999994,xml_geometry_csv_action
BootPass_81,50,4,4,Position_Unknown,Team_Unknown,Action_PreSnap,1002.12,335.38,1095.9,407.01,93.78000000000009,71.63,xml_geometry_csv_action
BootPass_81,50,5,5,Position_Unknown,Team_Unknown,Action_PreSnap,1245.26,279.75,1311.71,378.18,66.45000000000005,98.43,xml_geometry_csv_action
BootPass_81,50,6,6,Position_Unknown,Team_Unknown,Action_PreSnap,1098.06,677.28,1161.73,793.08,63.67000000000007,115.80000000000007,xml_geometry_csv_action
BootPass_81,50,7,7,Position_Unknown,Team_Unknown,Action_PreSnap,1029.63,391.36,1129.45,470.85,99.81999999999994,79.49000000000001,xml_geometry_csv_action
BootPass_81,50,8,8,Position_Unknown,Team_Unknown,Action_PreSnap,347.81,465.28,412.86,580.83,65.05000000000001,115.55000000000007,xml_geometry_csv_action
BootPass_81,50,9,9,Position_Unknown,Team_Unknown,Action_PreSnap,772.2,693.31,838.72,818.62,66.51999999999998,125.31000000000006,xml_geometry_csv_action
BootPass_81,51,0,0,Position_Unknown,Team_Unknown,Action_PreSnap,1299.89,709.74,1394.89,824.6,95.0,114.86000000000001,xml_geometry_csv_action
BootPass_81,51,1,1,Position_Unknown,Team_Unknown,Action_PreSnap,1142.32,209.19,1226.48,313.67,84.16000000000008,104.48000000000002,xml_geometry_csv_action
BootPass_81,51,10,10,Position_Unknown,Team_Unknown,Action_PreSnap,1196.14,436.0,1265.27,527.94,69.12999999999988,91.94000000000005,xml_geometry_csv_action
BootPass_81,51,11,11,Position_Unknown,Team_Unknown,Action_PreSnap,887.2,428.26,945.11,528.17,57.90999999999997,99.90999999999997,xml_geometry_csv_action
BootPass_81,51,12,12,Position_Unknown,Team_Unknown,Action_PreSnap,1445.71,391.08,1505.82,500.8,60.1099999999999,109.72000000000003,xml_geometry_csv_action
BootPass_81,51,13,13,Position_Unknown,Team_Unknown,Action_PreSnap,829.53,323.24,880.2,447.23,50.67000000000007,123.99000000000001,xml_geometry_csv_action
BootPass_81,51,14,14,Position_Unknown,Team_Unknown,Action_PreSnap,1138.2,368.74,1211.86,451.13,73.65999999999985,82.38999999999999,xml_geometry_csv_action
BootPass_81,51,15,15,Position_Unknown,Team_Unknown,Action_PreSnap,985.55,217.98,1037.51,317.3,51.960000000000036,99.32000000000002,xml_geometry_csv_action
BootPass_81,51,16,16,Position_Unknown,Team_Unknown,Action_PreSnap,806.34,244.19,860.53,367.98,54.18999999999994,123.79000000000002,xml_geometry_csv_action
BootPass_81,51,17,17,Position_Unknown,Team_Unknown,Action_PreSnap,1011.9,283.18,1105.56,353.36,93.65999999999997,70.18,xml_geometry_csv_action
BootPass_81,51,18,18,Position_Unknown,Team_Unknown,Action_PreSnap,1432.35,328.6,1483.53,441.5,51.180000000000064,112.89999999999998,xml_geometry_csv_action
BootPass_81,51,19,19,Position_Unknown,Team_Unknown,Action_PreSnap,1180.45,403.82,1247.65,484.94,67.20000000000005,81.12,xml_geometry_csv_action
BootPass_81,51,2,2,Position_Unknown,Team_Unknown,Action_PreSnap,1234.78,670.47,1317.36,787.36,82.57999999999993,116.88999999999999,xml_geometry_csv_action
BootPass_81,51,20,20,Position_Unknown,Team_Unknown,Action_PreSnap,1170.28,343.78,1238.77,410.32,68.49000000000001,66.54000000000002,xml_geometry_csv_action
BootPass_81,51,21,21,Position_Unknown,Team_Unknown,Action_PreSnap,1162.6,304.53,1226.2,359.18,63.600000000000136,54.650000000000034,xml_geometry_csv_action
BootPass_81,51,3,3,Position_Unknown,Team_Unknown,Action_PreSnap,1042.5,475.24,1136.28,558.13,93.77999999999997,82.88999999999999,xml_geometry_csv_action
BootPass_81,51,4,4,Position_Unknown,Team_Unknown,Action_PreSnap,1002.16,335.35,1095.98,406.98,93.82000000000005,71.63,xml_geometry_csv_action
BootPass_81,51,5,5,Position_Unknown,Team_Unknown,Action_PreSnap,1245.27,279.68,1311.77,377.99,66.5,98.31,xml_geometry_csv_action
BootPass_81,51,6,6,Position_Unknown,Team_Unknown,Action_PreSnap,1098.05,677.24,1161.83,793.02,63.77999999999997,115.77999999999997,xml_geometry_csv_action
BootPass_81,51,7,7,Position_Unknown,Team_Unknown,Action_PreSnap,1030.1,391.72,1129.74,470.78,99.6400000000001,79.05999999999995,xml_geometry_csv_action
BootPass_81,51,8,8,Position_Unknown,Team_Unknown,Action_PreSnap,346.67,465.26,412.59,580.78,65.91999999999996,115.51999999999998,xml_geometry_csv_action
BootPass_81,51,9,9,Position_Unknown,Team_Unknown,Action_PreSnap,772.25,693.16,838.75,818.6,66.5,125.44000000000005,xml_geometry_csv_action
BootPass_81,52,0,0,Position_Unknown,Team_Unknown,Action_PreSnap,1299.94,709.78,1394.9,824.75,94.96000000000004,114.97000000000003,xml_geometry_csv_action
BootPass_81,52,1,1,Position_Unknown,Team_Unknown,Action_PreSnap,1142.24,209.26,1226.52,313.74,84.27999999999997,104.48000000000002,xml_geometry_csv_action
BootPass_81,52,10,10,Position_Unknown,Team_Unknown,Action_PreSnap,1196.28,436.2,1265.38,528.32,69.10000000000014,92.12000000000006,xml_geometry_csv_action
BootPass_81,52,11,11,Position_Unknown,Team_Unknown,Action_PreSnap,887.44,428.67,945.36,528.34,57.91999999999996,99.67000000000002,xml_geometry_csv_action
BootPass_81,52,12,12,Position_Unknown,Team_Unknown,Action_PreSnap,1446.1,391.15,1505.86,501.01,59.75999999999999,109.86000000000001,xml_geometry_csv_action
BootPass_81,52,13,13,Position_Unknown,Team_Unknown,Action_PreSnap,829.56,323.19,880.07,446.98,50.510000000000105,123.79000000000002,xml_geometry_csv_action
BootPass_81,52,14,14,Position_Unknown,Team_Unknown,Action_PreSnap,1138.22,368.82,1211.88,451.07,73.66000000000008,82.25,xml_geometry_csv_action
BootPass_81,52,15,15,Position_Unknown,Team_Unknown,Action_PreSnap,985.73,218.45,1037.63,317.6,51.90000000000009,99.15000000000003,xml_geometry_csv_action
BootPass_81,52,16,16,Position_Unknown,Team_Unknown,Action_PreSnap,806.5,244.23,861.09,367.75,54.59000000000003,123.52000000000001,xml_geometry_csv_action
BootPass_81,52,17,17,Position_Unknown,Team_Unknown,Action_PreSnap,1011.89,283.28,1105.55,353.47,93.65999999999997,70.19000000000005,xml_geometry_csv_action
BootPass_81,52,18,18,Position_Unknown,Team_Unknown,Action_PreSnap,1432.48,327.73,1483.09,441.79,50.6099999999999,114.06,xml_geometry_csv_action
BootPass_81,52,19,19,Position_Unknown,Team_Unknown,Action_PreSnap,1180.43,403.88,1247.66,485.01,67.23000000000002,81.13,xml_geometry_csv_action
BootPass_81,52,2,2,Position_Unknown,Team_Unknown,Action_PreSnap,1234.86,670.5,1317.34,787.49,82.48000000000002,116.99000000000001,xml_geometry_csv_action
BootPass_81,52,20,20,Position_Unknown,Team_Unknown,Action_PreSnap,1170.29,343.82,1238.71,410.33,68.42000000000007,66.50999999999999,xml_geometry_csv_action
BootPass_81,52,21,21,Position_Unknown,Team_Unknown,Action_PreSnap,1162.59,304.59,1226.21,359.24,63.62000000000012,54.650000000000034,xml_geometry_csv_action
BootPass_81,52,3,3,Position_Unknown,Team_Unknown,Action_PreSnap,1042.47,475.29,1136.39,558.24,93.92000000000007,82.94999999999999,xml_geometry_csv_action
BootPass_81,52,4,4,Position_Unknown,Team_Unknown,Action_PreSnap,1002.26,335.52,1096.13,407.03,93.87000000000012,71.50999999999999,xml_geometry_csv_action
BootPass_81,52,5,5,Position_Unknown,Team_Unknown,Action_PreSnap,1245.32,279.81,1311.86,378.12,66.53999999999996,98.31,xml_geometry_csv_action
BootPass_81,52,6,6,Position_Unknown,Team_Unknown,Action_PreSnap,1098.19,677.28,1161.85,793.12,63.659999999999854,115.84000000000003,xml_geometry_csv_action
BootPass_81,52,7,7,Position_Unknown,Team_Unknown,Action_PreSnap,1030.75,392.25,1130.19,470.79,99.44000000000005,78.54000000000002,xml_geometry_csv_action
BootPass_81,52,8,8,Position_Unknown,Team_Unknown,Action_PreSnap,346.08,465.41,412.4,580.87,66.32,115.45999999999998,xml_geometry_csv_action
BootPass_81,52,9,9,Position_Unknown,Team_Unknown,Action_PreSnap,772.31,693.25,838.73,818.69,66.42000000000007,125.44000000000005,xml_geometry_csv_action
BootPass_81,53,0,0,Position_Unknown,Team_Unknown,Action_PreSnap,1299.87,709.76,1394.96,824.72,95.09000000000015,114.96000000000004,xml_geometry_csv_action
BootPass_81,53,1,1,Position_Unknown,Team_Unknown,Action_PreSnap,1142.21,209.23,1226.51,313.64,84.29999999999995,104.41,xml_geometry_csv_action
BootPass_81,53,10,10,Position_Unknown,Team_Unknown,Action_PreSnap,1196.36,436.18,1265.43,528.18,69.07000000000016,91.99999999999994,xml_geometry_csv_action
BootPass_81,53,11,11,Position_Unknown,Team_Unknown,Action_PreSnap,887.6,428.94,945.5,528.34,57.89999999999998,99.40000000000003,xml_geometry_csv_action
BootPass_81,53,12,12,Position_Unknown,Team_Unknown,Action_PreSnap,1446.29,391.18,1505.88,501.04,59.590000000000146,109.86000000000001,xml_geometry_csv_action
BootPass_81,53,13,13,Position_Unknown,Team_Unknown,Action_PreSnap,829.53,323.04,880.07,446.59,50.54000000000008,123.54999999999995,xml_geometry_csv_action
BootPass_81,53,14,14,Position_Unknown,Team_Unknown,Action_PreSnap,1138.29,368.78,1211.89,450.89,73.60000000000014,82.11000000000001,xml_geometry_csv_action
BootPass_81,53,15,15,Position_Unknown,Team_Unknown,Action_PreSnap,985.79,218.59,1037.65,317.57,51.86000000000013,98.97999999999999,xml_geometry_csv_action
BootPass_81,53,16,16,Position_Unknown,Team_Unknown,Action_PreSnap,806.49,244.14,859.76,367.67,53.26999999999998,123.53000000000003,xml_geometry_csv_action
BootPass_81,53,17,17,Position_Unknown,Team_Unknown,Action_PreSnap,1011.89,283.28,1105.51,353.61,93.62,70.33000000000004,xml_geometry_csv_action
BootPass_81,53,18,18,Position_Unknown,Team_Unknown,Action_PreSnap,1432.53,326.1,1482.97,441.76,50.440000000000055,115.65999999999997,xml_geometry_csv_action
BootPass_81,53,19,19,Position_Unknown,Team_Unknown,Action_PreSnap,1180.4,403.87,1247.63,484.98,67.23000000000002,81.11000000000001,xml_geometry_csv_action
BootPass_81,53,2,2,Position_Unknown,Team_Unknown,Action_PreSnap,1234.92,670.44,1317.32,787.49,82.39999999999986,117.04999999999995,xml_geometry_csv_action
BootPass_81,53,20,20,Position_Unknown,Team_Unknown,Action_PreSnap,1170.35,343.84,1238.66,410.29,68.31000000000017,66.45000000000005,xml_geometry_csv_action
BootPass_81,53,21,21,Position_Unknown,Team_Unknown,Action_PreSnap,1162.58,304.53,1226.36,359.14,63.77999999999997,54.610000000000014,xml_geometry_csv_action
BootPass_81,53,3,3,Position_Unknown,Team_Unknown,Action_PreSnap,1042.49,475.01,1136.47,558.26,93.98000000000002,83.25,xml_geometry_csv_action
BootPass_81,53,4,4,Position_Unknown,Team_Unknown,Action_PreSnap,1002.26,335.6,1096.04,407.06,93.77999999999997,71.45999999999998,xml_geometry_csv_action
BootPass_81,53,5,5,Position_Unknown,Team_Unknown,Action_PreSnap,1245.34,279.82,1311.82,378.08,66.48000000000002,98.25999999999999,xml_geometry_csv_action
BootPass_81,53,6,6,Position_Unknown,Team_Unknown,Action_PreSnap,1098.26,677.19,1161.9,793.05,63.6400000000001,115.8599999999999,xml_geometry_csv_action
BootPass_81,53,7,7,Position_Unknown,Team_Unknown,Action_PreSnap,1031.74,392.59,1130.66,470.85,98.92000000000007,78.26000000000005,xml_geometry_csv_action
BootPass_81,53,8,8,Position_Unknown,Team_Unknown,Action_PreSnap,345.56,465.55,412.21,580.85,66.64999999999998,115.30000000000001,xml_geometry_csv_action
BootPass_81,53,9,9,Position_Unknown,Team_Unknown,Action_PreSnap,772.33,693.26,838.72,818.64,66.38999999999999,125.38,xml_geometry_csv_action
BootPass_81,54,0,0,Position_Unknown,Team_Unknown,Action_PreSnap,1299.88,709.78,1395.01,824.72,95.12999999999988,114.94000000000005,xml_geometry_csv_action
BootPass_81,54,1,1,Position_Unknown,Team_Unknown,Action_PreSnap,1142.22,209.24,1226.51,313.52,84.28999999999996,104.27999999999997,xml_geometry_csv_action
BootPass_81,54,10,10,Position_Unknown,Team_Unknown,Action_PreSnap,1196.48,436.22,1265.47,528.34,68.99000000000001,92.12,xml_geometry_csv_action
BootPass_81,54,11,11,Position_Unknown,Team_Unknown,Action_PreSnap,887.69,429.41,945.42,528.42,57.729999999999905,99.00999999999993,xml_geometry_csv_action
BootPass_81,54,12,12,Position_Unknown,Team_Unknown,Action_PreSnap,1446.33,391.24,1505.81,501.1,59.48000000000002,109.86000000000001,xml_geometry_csv_action
BootPass_81,54,13,13,Position_Unknown,Team_Unknown,Action_PreSnap,829.52,322.91,880.12,446.47,50.60000000000002,123.56,xml_geometry_csv_action
BootPass_81,54,14,14,Position_Unknown,Team_Unknown,Action_PreSnap,1138.29,368.79,1211.86,450.83,73.56999999999994,82.03999999999996,xml_geometry_csv_action
BootPass_81,54,15,15,Position_Unknown,Team_Unknown,Action_PreSnap,985.91,218.83,1037.71,317.54,51.80000000000007,98.71000000000001,xml_geometry_csv_action
BootPass_81,54,16,16,Position_Unknown,Team_Unknown,Action_PreSnap,806.63,244.17,856.31,367.65,49.67999999999995,123.47999999999999,xml_geometry_csv_action
BootPass_81,54,17,17,Position_Unknown,Team_Unknown,Action_PreSnap,1011.97,283.3,1105.45,353.71,93.48000000000002,70.40999999999997,xml_geometry_csv_action
BootPass_81,54,18,18,Position_Unknown,Team_Unknown,Action_PreSnap,1432.62,325.22,1482.14,442.12,49.52000000000021,116.89999999999998,xml_geometry_csv_action
BootPass_81,54,19,19,Position_Unknown,Team_Unknown,Action_PreSnap,1180.43,404.02,1247.61,484.99,67.17999999999984,80.97000000000003,xml_geometry_csv_action
BootPass_81,54,2,2,Position_Unknown,Team_Unknown,Action_PreSnap,1234.91,670.42,1317.21,787.47,82.29999999999995,117.05000000000007,xml_geometry_csv_action
BootPass_81,54,20,20,Position_Unknown,Team_Unknown,Action_PreSnap,1170.37,343.89,1238.57,410.36,68.20000000000005,66.47000000000003,xml_geometry_csv_action
BootPass_81,54,21,21,Position_Unknown,Team_Unknown,Action_PreSnap,1162.45,304.49,1226.21,359.16,63.75999999999999,54.670000000000016,xml_geometry_csv_action
BootPass_81,54,3,3,Position_Unknown,Team_Unknown,Action_PreSnap,1042.64,474.92,1136.56,558.35,93.91999999999985,83.43,xml_geometry_csv_action
BootPass_81,54,4,4,Position_Unknown,Team_Unknown,Action_PreSnap,1002.27,335.68,1096.01,407.09,93.74000000000001,71.40999999999997,xml_geometry_csv_action
BootPass_81,54,5,5,Position_Unknown,Team_Unknown,Action_PreSnap,1245.42,279.89,1311.85,378.08,66.42999999999984,98.19,xml_geometry_csv_action
BootPass_81,54,6,6,Position_Unknown,Team_Unknown,Action_PreSnap,1098.29,677.18,1161.94,793.05,63.65000000000009,115.87,xml_geometry_csv_action
BootPass_81,54,7,7,Position_Unknown,Team_Unknown,Action_PreSnap,1032.78,393.18,1130.61,470.96,97.82999999999993,77.77999999999997,xml_geometry_csv_action
BootPass_81,54,8,8,Position_Unknown,Team_Unknown,Action_PreSnap,345.34,465.66,412.28,580.87,66.94,115.20999999999998,xml_geometry_csv_action
BootPass_81,54,9,9,Position_Unknown,Team_Unknown,Action_PreSnap,772.41,693.21,838.72,818.5,66.31000000000006,125.28999999999996,xml_geometry_csv_action
BootPass_81,55,0,0,Position_Unknown,Team_Unknown,Action_PreSnap,1299.83,709.83,1395.07,824.88,95.24000000000001,115.04999999999995,xml_geometry_csv_action
BootPass_81,55,1,1,Position_Unknown,Team_Unknown,Action_PreSnap,1142.14,209.33,1226.52,313.6,84.37999999999988,104.27000000000001,xml_geometry_csv_action
BootPass_81,55,10,10,Position_Unknown,Team_Unknown,Action_PreSnap,1196.56,436.38,1265.48,528.47,68.92000000000007,92.09000000000003,xml_geometry_csv_action
BootPass_81,55,11,11,Position_Unknown,Team_Unknown,Action_PreSnap,887.8,429.79,945.51,528.59,57.710000000000036,98.80000000000001,xml_geometry_csv_action
BootPass_81,55,12,12,Position_Unknown,Team_Unknown,Action_PreSnap,1446.43,391.31,1505.91,501.18,59.48000000000002,109.87,xml_geometry_csv_action
BootPass_81,55,13,13,Position_Unknown,Team_Unknown,Action_PreSnap,829.51,322.85,880.25,446.75,50.74000000000001,123.89999999999998,xml_geometry_csv_action
BootPass_81,55,14,14,Position_Unknown,Team_Unknown,Action_PreSnap,1138.2,368.92,1211.79,451.08,73.58999999999992,82.15999999999997,xml_geometry_csv_action
BootPass_81,55,15,15,Position_Unknown,Team_Unknown,Action_PreSnap,986.03,219.05,1037.8,317.58,51.76999999999998,98.52999999999997,xml_geometry_csv_action
BootPass_81,55,16,16,Position_Unknown,Team_Unknown,Action_PreSnap,806.41,244.13,855.53,367.78,49.120000000000005,123.64999999999998,xml_geometry_csv_action
BootPass_81,55,17,17,Position_Unknown,Team_Unknown,Action_PreSnap,1011.8,283.36,1105.42,353.86,93.62000000000012,70.5,xml_geometry_csv_action
BootPass_81,55,18,18,Position_Unknown,Team_Unknown,Action_PreSnap,1432.75,323.99,1482.05,442.15,49.299999999999955,118.15999999999997,xml_geometry_csv_action
BootPass_81,55,19,19,Position_Unknown,Team_Unknown,Action_PreSnap,1180.44,404.27,1247.49,485.17,67.04999999999995,80.90000000000003,xml_geometry_csv_action
BootPass_81,55,2,2,Position_Unknown,Team_Unknown,Action_PreSnap,1234.84,670.49,1317.18,787.65,82.34000000000015,117.15999999999997,xml_geometry_csv_action
BootPass_81,55,20,20,Position_Unknown,Team_Unknown,Action_PreSnap,1170.29,343.89,1238.33,410.54,68.03999999999996,66.65000000000003,xml_geometry_csv_action
BootPass_81,55,21,21,Position_Unknown,Team_Unknown,Action_PreSnap,1162.35,304.62,1226.1,359.31,63.75,54.69,xml_geometry_csv_action
BootPass_81,55,3,3,Position_Unknown,Team_Unknown,Action_PreSnap,1042.43,475.0,1136.63,558.44,94.20000000000005,83.44000000000005,xml_geometry_csv_action
BootPass_81,55,4,4,Position_Unknown,Team_Unknown,Action_PreSnap,1002.31,335.84,1096.11,407.48,93.79999999999995,71.64000000000004,xml_geometry_csv_action
BootPass_81,55,5,5,Position_Unknown,Team_Unknown,Action_PreSnap,1245.46,280.1,1311.92,378.11,66.46000000000004,98.00999999999999,xml_geometry_csv_action
BootPass_81,55,6,6,Position_Unknown,Team_Unknown,Action_PreSnap,1098.32,677.26,1162.03,793.17,63.710000000000036,115.90999999999997,xml_geometry_csv_action
BootPass_81,55,7,7,Position_Unknown,Team_Unknown,Action_PreSnap,1034.84,393.61,1130.41,471.11,95.57000000000016,77.5,xml_geometry_csv_action
BootPass_81,55,8,8,Position_Unknown,Team_Unknown,Action_PreSnap,344.84,465.9,412.22,581.04,67.38000000000005,115.13999999999999,xml_geometry_csv_action
BootPass_81,55,9,9,Position_Unknown,Team_Unknown,Action_PreSnap,772.32,693.35,838.57,818.57,66.25,125.22000000000003,xml_geometry_csv_action
BootPass_81,56,0,0,Position_Unknown,Team_Unknown,Action_PreSnap,1299.82,709.82,1395.05,824.94,95.23000000000002,115.12,xml_geometry_csv_action
BootPass_81,56,1,1,Position_Unknown,Team_Unknown,Action_PreSnap,1142.09,209.48,1226.46,313.58,84.37000000000012,104.1,xml_geometry_csv_action
BootPass_81,56,10,10,Position_Unknown,Team_Unknown,Action_PreSnap,1196.59,436.58,1265.55,528.51,68.96000000000004,91.93,xml_geometry_csv_action
BootPass_81,56,11,11,Position_Unknown,Team_Unknown,Action_PreSnap,888.03,430.12,945.59,528.71,57.56000000000006,98.59000000000003,xml_geometry_csv_action
BootPass_81,56,12,12,Position_Unknown,Team_Unknown,Action_PreSnap,1446.66,392.02,1505.85,501.21,59.18999999999983,109.19,xml_geometry_csv_action
BootPass_81,56,13,13,Position_Unknown,Team_Unknown,Action_PreSnap,829.63,322.99,880.07,446.98,50.440000000000055,123.99000000000001,xml_geometry_csv_action
BootPass_81,56,14,14,Position_Unknown,Team_Unknown,Action_PreSnap,1138.13,369.03,1211.63,451.31,73.5,82.28000000000003,xml_geometry_csv_action
BootPass_81,56,15,15,Position_Unknown,Team_Unknown,Action_PreSnap,986.09,219.29,1037.93,317.59,51.84000000000003,98.29999999999998,xml_geometry_csv_action
BootPass_81,56,16,16,Position_Unknown,Team_Unknown,Action_PreSnap,806.34,244.03,855.14,367.73,48.799999999999955,123.70000000000002,xml_geometry_csv_action
BootPass_81,56,17,17,Position_Unknown,Team_Unknown,Action_PreSnap,1011.7,283.49,1105.42,353.94,93.72000000000003,70.44999999999999,xml_geometry_csv_action
BootPass_81,56,18,18,Position_Unknown,Team_Unknown,Action_PreSnap,1432.84,323.08,1480.78,442.16,47.940000000000055,119.08000000000004,xml_geometry_csv_action
BootPass_81,56,19,19,Position_Unknown,Team_Unknown,Action_PreSnap,1180.41,404.65,1247.39,485.29,66.98000000000002,80.64000000000004,xml_geometry_csv_action
BootPass_81,56,2,2,Position_Unknown,Team_Unknown,Action_PreSnap,1234.78,670.51,1317.19,787.66,82.41000000000008,117.14999999999998,xml_geometry_csv_action
BootPass_81,56,20,20,Position_Unknown,Team_Unknown,Action_PreSnap,1170.24,343.94,1238.03,410.65,67.78999999999996,66.70999999999998,xml_geometry_csv_action
BootPass_81,56,21,21,Position_Unknown,Team_Unknown,Action_PreSnap,1162.15,304.65,1225.89,359.39,63.74000000000001,54.74000000000001,xml_geometry_csv_action
BootPass_81,56,3,3,Position_Unknown,Team_Unknown,Action_PreSnap,1042.3,475.28,1136.65,558.48,94.35000000000014,83.20000000000005,xml_geometry_csv_action
BootPass_81,56,4,4,Position_Unknown,Team_Unknown,Action_PreSnap,1002.4,335.97,1096.01,407.68,93.61000000000001,71.70999999999998,xml_geometry_csv_action
BootPass_81,56,5,5,Position_Unknown,Team_Unknown,Action_PreSnap,1245.56,280.29,1312.01,378.04,66.45000000000005,97.75,xml_geometry_csv_action
BootPass_81,56,6,6,Position_Unknown,Team_Unknown,Action_PreSnap,1098.4,677.33,1162.1,793.29,63.69999999999982,115.95999999999992,xml_geometry_csv_action
BootPass_81,56,7,7,Position_Unknown,Team_Unknown,Action_PreSnap,1035.7,394.19,1129.9,471.0,94.20000000000005,76.81,xml_geometry_csv_action
BootPass_81,56,8,8,Position_Unknown,Team_Unknown,Action_PreSnap,344.44,466.03,412.18,581.1,67.74000000000001,115.07000000000005,xml_geometry_csv_action
BootPass_81,56,9,9,Position_Unknown,Team_Unknown,Action_PreSnap,772.27,693.51,838.46,818.73,66.19000000000005,125.22000000000003,xml_geometry_csv_action
BootPass_81,57,0,0,Position_Unknown,Team_Unknown,Action_PreSnap,1299.73,709.81,1395.11,825.05,95.37999999999988,115.24000000000001,xml_geometry_csv_action
BootPass_81,57,1,1,Position_Unknown,Team_Unknown,Action_PreSnap,1141.9,209.8,1226.42,313.6,84.51999999999998,103.80000000000001,xml_geometry_csv_action
BootPass_81,57,10,10,Position_Unknown,Team_Unknown,Action_PreSnap,1196.63,436.62,1265.56,528.57,68.92999999999984,91.95000000000005,xml_geometry_csv_action
BootPass_81,57,11,11,Position_Unknown,Team_Unknown,Action_PreSnap,887.99,430.28,945.67,528.75,57.67999999999995,98.47000000000003,xml_geometry_csv_action
BootPass_81,57,12,12,Position_Unknown,Team_Unknown,Action_PreSnap,1446.62,392.08,1505.78,501.16,59.16000000000008,109.08000000000004,xml_geometry_csv_action
BootPass_81,57,13,13,Position_Unknown,Team_Unknown,Action_PreSnap,829.41,322.81,879.37,446.69,49.960000000000036,123.88,xml_geometry_csv_action
BootPass_81,57,14,14,Position_Unknown,Team_Unknown,Action_PreSnap,1138.15,369.1,1211.56,451.24,73.40999999999985,82.13999999999999,xml_geometry_csv_action
BootPass_81,57,15,15,Position_Unknown,Team_Unknown,Action_PreSnap,986.1,219.61,1037.73,317.63,51.629999999999995,98.01999999999998,xml_geometry_csv_action
BootPass_81,57,16,16,Position_Unknown,Team_Unknown,Action_PreSnap,806.22,243.57,854.61,367.68,48.389999999999986,124.11000000000001,xml_geometry_csv_action
BootPass_81,57,17,17,Position_Unknown,Team_Unknown,Action_PreSnap,1011.67,283.53,1105.53,354.03,93.86000000000001,70.5,xml_geometry_csv_action
BootPass_81,57,18,18,Position_Unknown,Team_Unknown,Action_PreSnap,1432.7,321.58,1480.38,441.88,47.680000000000064,120.30000000000001,xml_geometry_csv_action
BootPass_81,57,19,19,Position_Unknown,Team_Unknown,Action_PreSnap,1180.4,404.54,1247.29,485.35,66.88999999999987,80.81,xml_geometry_csv_action
BootPass_81,57,2,2,Position_Unknown,Team_Unknown,Action_PreSnap,1234.8,670.51,1317.23,787.68,82.43000000000006,117.16999999999996,xml_geometry_csv_action
BootPass_81,57,20,20,Position_Unknown,Team_Unknown,Action_PreSnap,1170.13,343.9,1237.83,410.64,67.69999999999982,66.74000000000001,xml_geometry_csv_action
BootPass_81,57,21,21,Position_Unknown,Team_Unknown,Action_PreSnap,1161.87,304.56,1225.84,359.72,63.97000000000003,55.160000000000025,xml_geometry_csv_action
BootPass_81,57,3,3,Position_Unknown,Team_Unknown,Action_PreSnap,1042.11,475.24,1136.7,558.49,94.59000000000015,83.25,xml_geometry_csv_action
BootPass_81,57,4,4,Position_Unknown,Team_Unknown,Action_PreSnap,1002.3,335.99,1095.94,407.75,93.6400000000001,71.75999999999999,xml_geometry_csv_action
BootPass_81,57,5,5,Position_Unknown,Team_Unknown,Action_PreSnap,1245.62,280.39,1312.16,378.06,66.54000000000019,97.67000000000002,xml_geometry_csv_action
BootPass_81,57,6,6,Position_Unknown,Team_Unknown,Action_PreSnap,1098.4,677.42,1162.22,793.35,63.819999999999936,115.93000000000006,xml_geometry_csv_action
BootPass_81,57,7,7,Position_Unknown,Team_Unknown,Action_PreSnap,1035.08,394.53,1129.72,470.97,94.6400000000001,76.44000000000005,xml_geometry_csv_action
BootPass_81,57,8,8,Position_Unknown,Team_Unknown,Action_PreSnap,344.01,466.12,411.94,581.17,67.93,115.04999999999995,xml_geometry_csv_action
BootPass_81,57,9,9,Position_Unknown,Team_Unknown,Action_PreSnap,772.15,693.54,838.42,819.01,66.26999999999998,125.47000000000003,xml_geometry_csv_action
BootPass_81,58,0,0,Position_Unknown,Team_Unknown,Action_PreSnap,1299.77,709.81,1395.05,825.09,95.27999999999997,115.28000000000009,xml_geometry_csv_action
BootPass_81,58,1,1,Position_Unknown,Team_Unknown,Action_PreSnap,1142.02,209.81,1226.5,313.66,84.48000000000002,103.85000000000002,xml_geometry_csv_action
BootPass_81,58,10,10,Position_Unknown,Team_Unknown,Action_PreSnap,1196.68,436.68,1265.59,528.49,68.90999999999985,91.81,xml_geometry_csv_action
BootPass_81,58,11,11,Position_Unknown,Team_Unknown,Action_PreSnap,887.97,430.72,945.71,529.09,57.74000000000001,98.37,xml_geometry_csv_action
BootPass_81,58,12,12,Position_Unknown,Team_Unknown,Action_PreSnap,1446.6,391.65,1505.94,501.25,59.340000000000146,109.60000000000002,xml_geometry_csv_action
BootPass_81,58,13,13,Position_Unknown,Team_Unknown,Action_PreSnap,829.77,323.02,879.64,447.01,49.870000000000005,123.99000000000001,xml_geometry_csv_action
BootPass_81,58,14,14,Position_Unknown,Team_Unknown,Action_PreSnap,1138.15,369.34,1211.71,451.61,73.55999999999995,82.27000000000004,xml_geometry_csv_action
BootPass_81,58,15,15,Position_Unknown,Team_Unknown,Action_PreSnap,986.48,219.7,1038.01,317.82,51.52999999999997,98.12,xml_geometry_csv_action
BootPass_81,58,16,16,Position_Unknown,Team_Unknown,Action_PreSnap,806.55,243.62,854.33,367.33,47.780000000000086,123.70999999999998,xml_geometry_csv_action
BootPass_81,58,17,17,Position_Unknown,Team_Unknown,Action_PreSnap,1011.82,283.76,1105.48,354.01,93.65999999999997,70.25,xml_geometry_csv_action
BootPass_81,58,18,18,Position_Unknown,Team_Unknown,Action_PreSnap,1432.58,320.53,1479.65,442.02,47.070000000000164,121.49000000000001,xml_geometry_csv_action
BootPass_81,58,19,19,Position_Unknown,Team_Unknown,Action_PreSnap,1180.55,404.88,1247.33,485.64,66.77999999999997,80.75999999999999,xml_geometry_csv_action
BootPass_81,58,2,2,Position_Unknown,Team_Unknown,Action_PreSnap,1234.82,670.56,1317.28,787.74,82.46000000000004,117.18000000000006,xml_geometry_csv_action
BootPass_81,58,20,20,Position_Unknown,Team_Unknown,Action_PreSnap,1170.0,344.05,1237.76,410.79,67.75999999999999,66.74000000000001,xml_geometry_csv_action
BootPass_81,58,21,21,Position_Unknown,Team_Unknown,Action_PreSnap,1161.96,304.47,1225.99,359.95,64.02999999999997,55.47999999999996,xml_geometry_csv_action
BootPass_81,58,3,3,Position_Unknown,Team_Unknown,Action_PreSnap,1042.13,475.24,1136.71,558.57,94.57999999999993,83.33000000000004,xml_geometry_csv_action
BootPass_81,58,4,4,Position_Unknown,Team_Unknown,Action_PreSnap,1002.28,335.99,1096.16,407.86,93.88000000000011,71.87,xml_geometry_csv_action
BootPass_81,58,5,5,Position_Unknown,Team_Unknown,Action_PreSnap,1245.76,280.54,1312.28,378.17,66.51999999999998,97.63,xml_geometry_csv_action
BootPass_81,58,6,6,Position_Unknown,Team_Unknown,Action_PreSnap,1098.44,677.59,1162.26,793.41,63.819999999999936,115.81999999999994,xml_geometry_csv_action
BootPass_81,58,7,7,Position_Unknown,Team_Unknown,Action_PreSnap,1035.19,394.96,1129.68,471.02,94.49000000000001,76.06,xml_geometry_csv_action
BootPass_81,58,8,8,Position_Unknown,Team_Unknown,Action_PreSnap,343.9,466.0,411.86,581.27,67.96000000000004,115.26999999999998,xml_geometry_csv_action
BootPass_81,58,9,9,Position_Unknown,Team_Unknown,Action_PreSnap,772.1,693.55,838.5,819.15,66.39999999999998,125.60000000000002,xml_geometry_csv_action
BootPass_81,59,0,0,Position_Unknown,Team_Unknown,Action_PreSnap,1299.11,709.52,1394.64,824.7,95.5300000000002,115.18000000000006,xml_geometry_csv_action
BootPass_81,59,1,1,Position_Unknown,Team_Unknown,Action_PreSnap,1141.33,209.43,1225.81,313.12,84.48000000000002,103.69,xml_geometry_csv_action
BootPass_81,59,10,10,Position_Unknown,Team_Unknown,Action_PreSnap,1196.52,436.24,1265.2,528.0,68.68000000000006,91.75999999999999,xml_geometry_csv_action
BootPass_81,59,11,11,Position_Unknown,Team_Unknown,Action_PreSnap,887.29,430.44,945.49,528.48,58.200000000000045,98.04000000000002,xml_geometry_csv_action
BootPass_81,59,12,12,Position_Unknown,Team_Unknown,Action_PreSnap,1445.42,390.72,1505.24,500.67,59.819999999999936,109.94999999999999,xml_geometry_csv_action
BootPass_81,59,13,13,Position_Unknown,Team_Unknown,Action_PreSnap,829.17,322.59,878.93,446.7,49.75999999999999,124.11000000000001,xml_geometry_csv_action
BootPass_81,59,14,14,Position_Unknown,Team_Unknown,Action_PreSnap,1137.75,368.83,1210.95,450.89,73.20000000000005,82.06,xml_geometry_csv_action
BootPass_81,59,15,15,Position_Unknown,Team_Unknown,Action_PreSnap,985.77,219.37,1037.4,317.38,51.63000000000011,98.00999999999999,xml_geometry_csv_action
BootPass_81,59,16,16,Position_Unknown,Team_Unknown,Action_PreSnap,806.04,243.0,853.2,366.93,47.16000000000008,123.93,xml_geometry_csv_action
BootPass_81,59,17,17,Position_Unknown,Team_Unknown,Action_PreSnap,1011.19,283.17,1105.04,353.68,93.84999999999991,70.50999999999999,xml_geometry_csv_action
BootPass_81,59,18,18,Position_Unknown,Team_Unknown,Action_PreSnap,1431.83,318.8,1478.62,440.74,46.789999999999964,121.94,xml_geometry_csv_action
BootPass_81,59,19,19,Position_Unknown,Team_Unknown,Action_PreSnap,1180.16,404.17,1247.0,485.26,66.83999999999992,81.08999999999997,xml_geometry_csv_action
BootPass_81,59,2,2,Position_Unknown,Team_Unknown,Action_PreSnap,1234.29,670.31,1316.72,787.29,82.43000000000006,116.98000000000002,xml_geometry_csv_action
BootPass_81,59,20,20,Position_Unknown,Team_Unknown,Action_PreSnap,1169.5,343.61,1237.27,410.39,67.76999999999998,66.77999999999997,xml_geometry_csv_action
BootPass_81,59,21,21,Position_Unknown,Team_Unknown,Action_PreSnap,1161.4,303.8,1225.56,359.42,64.15999999999985,55.620000000000005,xml_geometry_csv_action
BootPass_81,59,3,3,Position_Unknown,Team_Unknown,Action_PreSnap,1041.9,474.47,1136.41,558.04,94.50999999999999,83.56999999999994,xml_geometry_csv_action
BootPass_81,59,4,4,Position_Unknown,Team_Unknown,Action_PreSnap,1001.87,335.55,1095.5,407.66,93.63,72.11000000000001,xml_geometry_csv_action
BootPass_81,59,5,5,Position_Unknown,Team_Unknown,Action_PreSnap,1245.07,279.89,1311.52,377.68,66.45000000000005,97.79000000000002,xml_geometry_csv_action
BootPass_81,59,6,6,Position_Unknown,Team_Unknown,Action_PreSnap,1097.87,677.2,1161.87,793.16,64.0,115.95999999999992,xml_geometry_csv_action
BootPass_81,59,7,7,Position_Unknown,Team_Unknown,Action_PreSnap,1035.12,394.66,1129.26,470.74,94.1400000000001,76.07999999999998,xml_geometry_csv_action
BootPass_81,59,8,8,Position_Unknown,Team_Unknown,Action_PreSnap,343.4,465.37,411.62,581.0,68.22000000000003,115.63,xml_geometry_csv_action
BootPass_81,59,9,9,Position_Unknown,Team_Unknown,Action_PreSnap,771.61,693.11,838.01,818.71,66.39999999999998,125.60000000000002,xml_geometry_csv_action
BootPass_81,60,0,0,Position_Unknown,Team_Unknown,Action_PreSnap,1299.78,709.88,1395.07,825.08,95.28999999999996,115.20000000000005,xml_geometry_csv_action
BootPass_81,60,1,1,Position_Unknown,Team_Unknown,Action_PreSnap,1141.96,209.88,1226.63,313.69,84.67000000000007,103.81,xml_geometry_csv_action
BootPass_81,60,10,10,Position_Unknown,Team_Unknown,Action_PreSnap,1196.83,437.27,1265.64,528.59,68.81000000000017,91.32000000000005,xml_geometry_csv_action
BootPass_81,60,11,11,Position_Unknown,Team_Unknown,Action_PreSnap,888.11,431.12,946.13,528.95,58.01999999999998,97.83000000000004,xml_geometry_csv_action
BootPass_81,60,12,12,Position_Unknown,Team_Unknown,Action_PreSnap,1445.72,391.59,1505.86,501.18,60.13999999999987,109.59000000000003,xml_geometry_csv_action
BootPass_81,60,13,13,Position_Unknown,Team_Unknown,Action_PreSnap,830.09,323.07,879.85,447.32,49.75999999999999,124.25,xml_geometry_csv_action
BootPass_81,60,14,14,Position_Unknown,Team_Unknown,Action_PreSnap,1138.36,369.47,1211.74,451.57,73.38000000000011,82.09999999999997,xml_geometry_csv_action
BootPass_81,60,15,15,Position_Unknown,Team_Unknown,Action_PreSnap,986.64,219.67,1038.05,317.98,51.40999999999997,98.31000000000003,xml_geometry_csv_action
BootPass_81,60,16,16,Position_Unknown,Team_Unknown,Action_PreSnap,806.79,243.33,853.68,367.15,46.889999999999986,123.81999999999996,xml_geometry_csv_action
BootPass_81,60,17,17,Position_Unknown,Team_Unknown,Action_PreSnap,1011.93,283.77,1105.62,354.17,93.68999999999994,70.40000000000003,xml_geometry_csv_action
BootPass_81,60,18,18,Position_Unknown,Team_Unknown,Action_PreSnap,1431.9,318.2,1478.25,441.03,46.34999999999991,122.82999999999998,xml_geometry_csv_action
BootPass_81,60,19,19,Position_Unknown,Team_Unknown,Action_PreSnap,1180.72,404.92,1247.49,485.67,66.76999999999998,80.75,xml_geometry_csv_action
BootPass_81,60,2,2,Position_Unknown,Team_Unknown,Action_PreSnap,1234.89,670.77,1317.2,787.74,82.30999999999995,116.97000000000003,xml_geometry_csv_action
BootPass_81,60,20,20,Position_Unknown,Team_Unknown,Action_PreSnap,1169.82,344.05,1237.72,410.8,67.90000000000009,66.75,xml_geometry_csv_action
BootPass_81,60,21,21,Position_Unknown,Team_Unknown,Action_PreSnap,1161.95,304.28,1225.91,359.88,63.960000000000036,55.60000000000002,xml_geometry_csv_action
BootPass_81,60,3,3,Position_Unknown,Team_Unknown,Action_PreSnap,1042.43,474.98,1136.91,558.43,94.48000000000002,83.44999999999993,xml_geometry_csv_action
BootPass_81,60,4,4,Position_Unknown,Team_Unknown,Action_PreSnap,1002.51,335.95,1096.16,407.94,93.65000000000009,71.99000000000001,xml_geometry_csv_action
BootPass_81,60,5,5,Position_Unknown,Team_Unknown,Action_PreSnap,1245.75,280.54,1312.1,378.34,66.34999999999991,97.79999999999995,xml_geometry_csv_action
BootPass_81,60,6,6,Position_Unknown,Team_Unknown,Action_PreSnap,1098.55,677.75,1162.38,793.48,63.830000000000155,115.73000000000002,xml_geometry_csv_action
BootPass_81,60,7,7,Position_Unknown,Team_Unknown,Action_PreSnap,1035.89,394.89,1129.54,471.21,93.64999999999986,76.32,xml_geometry_csv_action
BootPass_81,60,8,8,Position_Unknown,Team_Unknown,Action_PreSnap,343.98,465.85,411.99,581.3,68.00999999999999,115.44999999999993,xml_geometry_csv_action
BootPass_81,60,9,9,Position_Unknown,Team_Unknown,Action_PreSnap,772.13,693.69,838.52,819.26,66.38999999999999,125.56999999999994,xml_geometry_csv_action
BootPass_81,61,0,0,Position_Unknown,Team_Unknown,Action_PreSnap,1298.71,709.84,1394.48,825.14,95.76999999999998,115.29999999999995,xml_geometry_csv_action
BootPass_81,61,1,1,Position_Unknown,Team_Unknown,Action_PreSnap,1141.36,210.15,1225.87,313.64,84.50999999999999,103.48999999999998,xml_geometry_csv_action
BootPass_81,61,10,10,Position_Unknown,Team_Unknown,Action_PreSnap,1196.17,437.38,1264.86,528.72,68.68999999999983,91.34000000000003,xml_geometry_csv_action
BootPass_81,61,11,11,Position_Unknown,Team_Unknown,Action_PreSnap,887.45,431.37,945.28,529.0,57.82999999999993,97.63,xml_geometry_csv_action
BootPass_81,61,12,12,Position_Unknown,Team_Unknown,Action_PreSnap,1444.7,391.41,1505.27,501.21,60.569999999999936,109.79999999999995,xml_geometry_csv_action
BootPass_81,61,13,13,Position_Unknown,Team_Unknown,Action_PreSnap,829.41,322.95,879.2,447.43,49.79000000000008,124.48000000000002,xml_geometry_csv_action
BootPass_81,61,14,14,Position_Unknown,Team_Unknown,Action_PreSnap,1137.82,369.51,1211.17,451.66,73.35000000000014,82.15000000000003,xml_geometry_csv_action
BootPass_81,61,15,15,Position_Unknown,Team_Unknown,Action_PreSnap,986.13,219.73,1037.5,318.05,51.370000000000005,98.32000000000002,xml_geometry_csv_action
BootPass_81,61,16,16,Position_Unknown,Team_Unknown,Action_PreSnap,806.43,243.38,852.83,367.14,46.40000000000009,123.75999999999999,xml_geometry_csv_action
BootPass_81,61,17,17,Position_Unknown,Team_Unknown,Action_PreSnap,1011.41,283.61,1104.98,354.0,93.57000000000005,70.38999999999999,xml_geometry_csv_action
BootPass_81,61,18,18,Position_Unknown,Team_Unknown,Action_PreSnap,1430.71,317.36,1477.26,440.37,46.549999999999955,123.00999999999999,xml_geometry_csv_action
BootPass_81,61,19,19,Position_Unknown,Team_Unknown,Action_PreSnap,1180.37,405.14,1247.07,485.48,66.70000000000005,80.34000000000003,xml_geometry_csv_action
BootPass_81,61,2,2,Position_Unknown,Team_Unknown,Action_PreSnap,1234.34,670.83,1316.23,787.51,81.8900000000001,116.67999999999995,xml_geometry_csv_action
BootPass_81,61,20,20,Position_Unknown,Team_Unknown,Action_PreSnap,1169.21,343.91,1237.38,411.06,68.17000000000007,67.14999999999998,xml_geometry_csv_action
BootPass_81,61,21,21,Position_Unknown,Team_Unknown,Action_PreSnap,1161.16,304.25,1225.26,359.71,64.09999999999991,55.45999999999998,xml_geometry_csv_action
BootPass_81,61,3,3,Position_Unknown,Team_Unknown,Action_PreSnap,1041.99,474.81,1136.32,558.46,94.32999999999993,83.65000000000003,xml_geometry_csv_action
BootPass_81,61,4,4,Position_Unknown,Team_Unknown,Action_PreSnap,1001.98,335.95,1095.46,407.95,93.48000000000002,72.0,xml_geometry_csv_action
BootPass_81,61,5,5,Position_Unknown,Team_Unknown,Action_PreSnap,1245.2,280.63,1311.71,378.33,66.50999999999999,97.69999999999999,xml_geometry_csv_action
BootPass_81,61,6,6,Position_Unknown,Team_Unknown,Action_PreSnap,1097.84,677.77,1161.82,793.28,63.98000000000002,115.50999999999999,xml_geometry_csv_action
BootPass_81,61,7,7,Position_Unknown,Team_Unknown,Action_PreSnap,1035.58,394.6,1128.94,471.21,93.36000000000013,76.60999999999996,xml_geometry_csv_action
BootPass_81,61,8,8,Position_Unknown,Team_Unknown,Action_PreSnap,343.21,465.6,411.38,581.08,68.17000000000002,115.48000000000002,xml_geometry_csv_action
BootPass_81,61,9,9,Position_Unknown,Team_Unknown,Action_PreSnap,771.18,693.8,837.65,819.08,66.47000000000003,125.28000000000009,xml_geometry_csv_action
BootPass_81,62,0,0,Position_Unknown,Team_Unknown,Action_PreSnap,1298.77,709.7,1394.33,824.96,95.55999999999995,115.25999999999999,xml_geometry_csv_action
BootPass_81,62,1,1,Position_Unknown,Team_Unknown,Action_PreSnap,1141.32,209.84,1225.91,313.42,84.59000000000015,103.58000000000001,xml_geometry_csv_action
BootPass_81,62,10,10,Position_Unknown,Team_Unknown,Action_PreSnap,1196.06,436.81,1264.83,528.37,68.76999999999998,91.56,xml_geometry_csv_action
BootPass_81,62,11,11,Position_Unknown,Team_Unknown,Action_PreSnap,887.28,431.17,945.36,528.84,58.08000000000004,97.67000000000002,xml_geometry_csv_action
BootPass_81,62,12,12,Position_Unknown,Team_Unknown,Action_PreSnap,1444.36,390.54,1505.11,501.0,60.75,110.45999999999998,xml_geometry_csv_action
BootPass_81,62,13,13,Position_Unknown,Team_Unknown,Action_PreSnap,829.23,322.89,879.01,447.46,49.77999999999997,124.57,xml_geometry_csv_action
BootPass_81,62,14,14,Position_Unknown,Team_Unknown,Action_PreSnap,1137.78,369.24,1211.15,451.57,73.37000000000012,82.32999999999998,xml_geometry_csv_action
BootPass_81,62,15,15,Position_Unknown,Team_Unknown,Action_PreSnap,986.15,219.47,1037.39,317.89,51.24000000000012,98.41999999999999,xml_geometry_csv_action
BootPass_81,62,16,16,Position_Unknown,Team_Unknown,Action_PreSnap,806.58,243.22,852.63,366.99,46.049999999999955,123.77000000000001,xml_geometry_csv_action
BootPass_81,62,17,17,Position_Unknown,Team_Unknown,Action_PreSnap,1011.51,283.3,1104.96,353.53,93.45000000000005,70.22999999999996,xml_geometry_csv_action
BootPass_81,62,18,18,Position_Unknown,Team_Unknown,Action_PreSnap,1430.34,316.03,1477.03,439.74,46.690000000000055,123.71000000000004,xml_geometry_csv_action
BootPass_81,62,19,19,Position_Unknown,Team_Unknown,Action_PreSnap,1180.4,405.08,1247.04,485.4,66.63999999999987,80.32,xml_geometry_csv_action
BootPass_81,62,2,2,Position_Unknown,Team_Unknown,Action_PreSnap,1234.34,670.62,1316.32,787.41,81.98000000000002,116.78999999999996,xml_geometry_csv_action
BootPass_81,62,20,20,Position_Unknown,Team_Unknown,Action_PreSnap,1169.09,343.78,1237.34,411.07,68.25,67.29000000000002,xml_geometry_csv_action
BootPass_81,62,21,21,Position_Unknown,Team_Unknown,Action_PreSnap,1160.96,304.13,1225.2,359.72,64.24000000000001,55.59000000000003,xml_geometry_csv_action
BootPass_81,62,3,3,Position_Unknown,Team_Unknown,Action_PreSnap,1041.98,474.44,1136.3,558.39,94.31999999999994,83.94999999999999,xml_geometry_csv_action
BootPass_81,62,4,4,Position_Unknown,Team_Unknown,Action_PreSnap,1001.99,335.61,1095.45,407.83,93.46000000000004,72.21999999999997,xml_geometry_csv_action
BootPass_81,62,5,5,Position_Unknown,Team_Unknown,Action_PreSnap,1245.28,280.43,1311.71,378.22,66.43000000000006,97.79000000000002,xml_geometry_csv_action
BootPass_81,62,6,6,Position_Unknown,Team_Unknown,Action_PreSnap,1097.8,677.64,1161.76,793.14,63.960000000000036,115.5,xml_geometry_csv_action
BootPass_81,62,7,7,Position_Unknown,Team_Unknown,Action_PreSnap,1035.51,394.13,1128.99,471.09,93.48000000000002,76.95999999999998,xml_geometry_csv_action
BootPass_81,62,8,8,Position_Unknown,Team_Unknown,Action_PreSnap,343.15,465.47,411.14,581.03,67.99000000000001,115.55999999999995,xml_geometry_csv_action
BootPass_81,62,9,9,Position_Unknown,Team_Unknown,Action_PreSnap,771.1,693.69,837.52,818.97,66.41999999999996,125.27999999999997,xml_geometry_csv_action
BootPass_81,63,0,0,Position_Unknown,Team_Unknown,Action_PreSnap,1298.95,709.76,1394.46,825.06,95.50999999999999,115.29999999999995,xml_geometry_csv_action
BootPass_81,63,1,1,Position_Unknown,Team_Unknown,Action_PreSnap,1141.56,209.95,1226.19,313.57,84.63000000000011,103.62,xml_geometry_csv_action
BootPass_81,63,10,10,Position_Unknown,Team_Unknown,Action_PreSnap,1196.47,437.05,1265.27,528.48,68.79999999999995,91.43,xml_geometry_csv_action
BootPass_81,63,11,11,Position_Unknown,Team_Unknown,Action_PreSnap,887.53,431.64,945.56,528.92,58.02999999999997,97.27999999999997,xml_geometry_csv_action
BootPass_81,63,12,12,Position_Unknown,Team_Unknown,Action_PreSnap,1444.58,390.97,1505.42,501.24,60.840000000000146,110.26999999999998,xml_geometry_csv_action
BootPass_81,63,13,13,Position_Unknown,Team_Unknown,Action_PreSnap,829.48,323.04,879.31,447.53,49.82999999999993,124.48999999999995,xml_geometry_csv_action
BootPass_81,63,14,14,Position_Unknown,Team_Unknown,Action_PreSnap,1138.01,369.42,1211.49,451.75,73.48000000000002,82.32999999999998,xml_geometry_csv_action
BootPass_81,63,15,15,Position_Unknown,Team_Unknown,Action_PreSnap,986.45,219.68,1037.62,317.93,51.169999999999845,98.25,xml_geometry_csv_action
BootPass_81,63,16,16,Position_Unknown,Team_Unknown,Action_PreSnap,807.15,243.46,852.74,366.97,45.59000000000003,123.51000000000002,xml_geometry_csv_action
BootPass_81,63,17,17,Position_Unknown,Team_Unknown,Action_PreSnap,1011.87,283.51,1105.12,353.37,93.24999999999989,69.86000000000001,xml_geometry_csv_action
BootPass_81,63,18,18,Position_Unknown,Team_Unknown,Action_PreSnap,1430.24,315.38,1477.33,439.67,47.08999999999992,124.29000000000002,xml_geometry_csv_action
BootPass_81,63,19,19,Position_Unknown,Team_Unknown,Action_PreSnap,1180.79,405.21,1247.32,485.64,66.52999999999997,80.43,xml_geometry_csv_action
BootPass_81,63,2,2,Position_Unknown,Team_Unknown,Action_PreSnap,1234.65,670.82,1316.51,787.57,81.8599999999999,116.75,xml_geometry_csv_action
BootPass_81,63,20,20,Position_Unknown,Team_Unknown,Action_PreSnap,1169.4,343.84,1237.59,411.25,68.18999999999983,67.41000000000003,xml_geometry_csv_action
BootPass_81,63,21,21,Position_Unknown,Team_Unknown,Action_PreSnap,1161.29,304.33,1225.39,359.95,64.10000000000014,55.620000000000005,xml_geometry_csv_action
BootPass_81,63,3,3,Position_Unknown,Team_Unknown,Action_PreSnap,1042.1,474.47,1136.52,558.38,94.42000000000007,83.90999999999997,xml_geometry_csv_action
BootPass_81,63,4,4,Position_Unknown,Team_Unknown,Action_PreSnap,1002.39,335.71,1095.88,407.85,93.49000000000012,72.14000000000004,xml_geometry_csv_action
BootPass_81,63,5,5,Position_Unknown,Team_Unknown,Action_PreSnap,1245.6,280.53,1312.07,378.29,66.47000000000003,97.76000000000005,xml_geometry_csv_action
BootPass_81,63,6,6,Position_Unknown,Team_Unknown,Action_PreSnap,1098.11,677.57,1161.91,793.26,63.80000000000018,115.68999999999994,xml_geometry_csv_action
BootPass_81,63,7,7,Position_Unknown,Team_Unknown,Action_PreSnap,1035.78,394.09,1129.14,471.28,93.36000000000013,77.19,xml_geometry_csv_action
BootPass_81,63,8,8,Position_Unknown,Team_Unknown,Action_PreSnap,343.51,465.28,411.54,581.0,68.03000000000003,115.72000000000003,xml_geometry_csv_action
BootPass_81,63,9,9,Position_Unknown,Team_Unknown,Action_PreSnap,771.18,693.78,837.51,819.06,66.33000000000004,125.27999999999997,xml_geometry_csv_action
BootPass_81,64,0,0,Position_Unknown,Team_Unknown,Action_PreSnap,1298.71,709.6,1394.17,824.96,95.46000000000004,115.36000000000001,xml_geometry_csv_action
BootPass_81,64,1,1,Position_Unknown,Team_Unknown,Action_PreSnap,1141.29,210.0,1225.82,313.49,84.52999999999997,103.49000000000001,xml_geometry_csv_action
BootPass_81,64,10,10,Position_Unknown,Team_Unknown,Action_PreSnap,1196.19,436.76,1264.97,528.34,68.77999999999997,91.58000000000004,xml_geometry_csv_action
BootPass_81,64,11,11,Position_Unknown,Team_Unknown,Action_PreSnap,887.17,431.41,945.38,528.75,58.210000000000036,97.33999999999997,xml_geometry_csv_action
BootPass_81,64,12,12,Position_Unknown,Team_Unknown,Action_PreSnap,1444.05,390.74,1504.95,501.12,60.90000000000009,110.38,xml_geometry_csv_action
BootPass_81,64,13,13,Position_Unknown,Team_Unknown,Action_PreSnap,829.35,322.91,879.13,447.43,49.77999999999997,124.51999999999998,xml_geometry_csv_action
BootPass_81,64,14,14,Position_Unknown,Team_Unknown,Action_PreSnap,1137.68,369.4,1211.14,451.49,73.46000000000004,82.09000000000003,xml_geometry_csv_action
BootPass_81,64,15,15,Position_Unknown,Team_Unknown,Action_PreSnap,986.13,219.6,1037.27,318.03,51.139999999999986,98.42999999999998,xml_geometry_csv_action
BootPass_81,64,16,16,Position_Unknown,Team_Unknown,Action_PreSnap,807.04,243.48,852.19,366.8,45.15000000000009,123.32000000000002,xml_geometry_csv_action
BootPass_81,64,17,17,Position_Unknown,Team_Unknown,Action_PreSnap,1011.81,283.48,1104.95,353.26,93.1400000000001,69.77999999999997,xml_geometry_csv_action
BootPass_81,64,18,18,Position_Unknown,Team_Unknown,Action_PreSnap,1429.8,314.87,1476.92,439.27,47.12000000000012,124.39999999999998,xml_geometry_csv_action
BootPass_81,64,19,19,Position_Unknown,Team_Unknown,Action_PreSnap,1180.46,405.03,1247.05,485.54,66.58999999999992,80.51000000000005,xml_geometry_csv_action
BootPass_81,64,2,2,Position_Unknown,Team_Unknown,Action_PreSnap,1234.23,670.68,1316.09,787.45,81.8599999999999,116.7700000000001,xml_geometry_csv_action
BootPass_81,64,20,20,Position_Unknown,Team_Unknown,Action_PreSnap,1169.13,343.83,1237.36,411.16,68.22999999999979,67.33000000000004,xml_geometry_csv_action
BootPass_81,64,21,21,Position_Unknown,Team_Unknown,Action_PreSnap,1160.91,304.21,1225.12,359.88,64.20999999999981,55.670000000000016,xml_geometry_csv_action
BootPass_81,64,3,3,Position_Unknown,Team_Unknown,Action_PreSnap,1041.79,474.38,1136.27,558.34,94.48000000000002,83.96000000000004,xml_geometry_csv_action
BootPass_81,64,4,4,Position_Unknown,Team_Unknown,Action_PreSnap,1002.21,335.52,1095.49,407.77,93.27999999999997,72.25,xml_geometry_csv_action
BootPass_81,64,5,5,Position_Unknown,Team_Unknown,Action_PreSnap,1245.37,280.67,1311.88,378.24,66.51000000000022,97.57,xml_geometry_csv_action
BootPass_81,64,6,6,Position_Unknown,Team_Unknown,Action_PreSnap,1097.73,677.45,1161.81,793.27,64.07999999999993,115.81999999999994,xml_geometry_csv_action
BootPass_81,64,7,7,Position_Unknown,Team_Unknown,Action_PreSnap,1035.45,393.95,1128.76,471.23,93.30999999999995,77.28000000000003,xml_geometry_csv_action
BootPass_81,64,8,8,Position_Unknown,Team_Unknown,Action_PreSnap,343.46,464.87,411.28,580.97,67.82,116.10000000000002,xml_geometry_csv_action
BootPass_81,64,9,9,Position_Unknown,Team_Unknown,Action_PreSnap,770.98,693.76,837.23,819.13,66.25,125.37,xml_geometry_csv_action
BootPass_81,65,0,0,Position_Unknown,Team_Unknown,Action_PreSnap,1299.02,708.99,1394.66,824.56,95.6400000000001,115.56999999999994,xml_geometry_csv_action
BootPass_81,65,1,1,Position_Unknown,Team_Unknown,Action_PreSnap,1141.51,209.37,1225.82,312.91,84.30999999999995,103.54000000000002,xml_geometry_csv_action
BootPass_81,65,10,10,Position_Unknown,Team_Unknown,Action_PreSnap,1196.27,435.92,1265.15,527.77,68.88000000000011,91.84999999999997,xml_geometry_csv_action
BootPass_81,65,11,11,Position_Unknown,Team_Unknown,Action_PreSnap,887.03,430.93,945.07,528.32,58.04000000000008,97.39000000000004,xml_geometry_csv_action
BootPass_81,65,12,12,Position_Unknown,Team_Unknown,Action_PreSnap,1444.23,390.18,1504.8,500.67,60.569999999999936,110.49000000000001,xml_geometry_csv_action
BootPass_81,65,13,13,Position_Unknown,Team_Unknown,Action_PreSnap,829.49,322.37,879.58,446.64,50.09000000000003,124.26999999999998,xml_geometry_csv_action
BootPass_81,65,14,14,Position_Unknown,Team_Unknown,Action_PreSnap,1137.71,368.68,1211.14,451.0,73.43000000000006,82.32,xml_geometry_csv_action
BootPass_81,65,15,15,Position_Unknown,Team_Unknown,Action_PreSnap,985.75,218.95,1037.32,317.33,51.569999999999936,98.38,xml_geometry_csv_action
BootPass_81,65,16,16,Position_Unknown,Team_Unknown,Action_PreSnap,807.27,243.21,852.21,366.27,44.940000000000055,123.05999999999997,xml_geometry_csv_action
BootPass_81,65,17,17,Position_Unknown,Team_Unknown,Action_PreSnap,1011.64,283.14,1104.95,353.11,93.31000000000006,69.97000000000003,xml_geometry_csv_action
BootPass_81,65,18,18,Position_Unknown,Team_Unknown,Action_PreSnap,1429.51,314.12,1476.9,438.84,47.3900000000001,124.71999999999997,xml_geometry_csv_action
BootPass_81,65,19,19,Position_Unknown,Team_Unknown,Action_PreSnap,1180.37,404.19,1247.17,485.23,66.80000000000018,81.04000000000002,xml_geometry_csv_action
BootPass_81,65,2,2,Position_Unknown,Team_Unknown,Action_PreSnap,1234.28,669.88,1316.41,787.2,82.13000000000011,117.32000000000005,xml_geometry_csv_action
BootPass_81,65,20,20,Position_Unknown,Team_Unknown,Action_PreSnap,1169.22,343.2,1237.42,410.61,68.20000000000005,67.41000000000003,xml_geometry_csv_action
BootPass_81,65,21,21,Position_Unknown,Team_Unknown,Action_PreSnap,1160.78,303.33,1225.3,359.34,64.51999999999998,56.00999999999999,xml_geometry_csv_action
BootPass_81,65,3,3,Position_Unknown,Team_Unknown,Action_PreSnap,1042.15,473.91,1136.6,557.82,94.44999999999982,83.91000000000003,xml_geometry_csv_action
BootPass_81,65,4,4,Position_Unknown,Team_Unknown,Action_PreSnap,1002.34,335.05,1095.45,407.5,93.11000000000001,72.44999999999999,xml_geometry_csv_action
BootPass_81,65,5,5,Position_Unknown,Team_Unknown,Action_PreSnap,1245.41,280.04,1311.91,377.87,66.5,97.82999999999998,xml_geometry_csv_action
BootPass_81,65,6,6,Position_Unknown,Team_Unknown,Action_PreSnap,1097.98,676.86,1161.89,792.75,63.91000000000008,115.88999999999999,xml_geometry_csv_action
BootPass_81,65,7,7,Position_Unknown,Team_Unknown,Action_PreSnap,1035.45,393.18,1128.92,470.74,93.47000000000003,77.56,xml_geometry_csv_action
BootPass_81,65,8,8,Position_Unknown,Team_Unknown,Action_PreSnap,344.03,464.24,411.48,580.83,67.45000000000005,116.59000000000003,xml_geometry_csv_action
BootPass_81,65,9,9,Position_Unknown,Team_Unknown,Action_PreSnap,771.38,693.22,837.37,818.8,65.99000000000001,125.57999999999993,xml_geometry_csv_action
BootPass_81,66,0,0,Position_Unknown,Team_Unknown,Action_PreSnap,1299.02,709.41,1394.45,825.08,95.43000000000006,115.67000000000007,xml_geometry_csv_action
BootPass_81,66,1,1,Position_Unknown,Team_Unknown,Action_PreSnap,1141.62,209.99,1225.97,313.55,84.35000000000014,103.56,xml_geometry_csv_action
BootPass_81,66,10,10,Position_Unknown,Team_Unknown,Action_PreSnap,1196.15,436.58,1265.08,528.38,68.92999999999984,91.80000000000001,xml_geometry_csv_action
BootPass_81,66,11,11,Position_Unknown,Team_Unknown,Action_PreSnap,887.11,431.49,945.25,528.84,58.139999999999986,97.35000000000002,xml_geometry_csv_action
BootPass_81,66,12,12,Position_Unknown,Team_Unknown,Action_PreSnap,1444.37,390.21,1505.03,501.37,60.66000000000008,111.16000000000003,xml_geometry_csv_action
BootPass_81,66,13,13,Position_Unknown,Team_Unknown,Action_PreSnap,829.44,322.68,879.55,447.33,50.1099999999999,124.64999999999998,xml_geometry_csv_action
BootPass_81,66,14,14,Position_Unknown,Team_Unknown,Action_PreSnap,1137.81,369.4,1211.3,451.6,73.49000000000001,82.20000000000005,xml_geometry_csv_action
BootPass_81,66,15,15,Position_Unknown,Team_Unknown,Action_PreSnap,985.88,219.64,1037.32,318.05,51.43999999999994,98.41000000000003,xml_geometry_csv_action
BootPass_81,66,16,16,Position_Unknown,Team_Unknown,Action_PreSnap,807.74,243.88,852.64,366.8,44.89999999999998,122.92000000000002,xml_geometry_csv_action
BootPass_81,66,17,17,Position_Unknown,Team_Unknown,Action_PreSnap,1011.59,283.82,1105.22,353.78,93.63,69.95999999999998,xml_geometry_csv_action
BootPass_81,66,18,18,Position_Unknown,Team_Unknown,Action_PreSnap,1429.5,314.4,1477.04,439.24,47.539999999999964,124.84000000000003,xml_geometry_csv_action
BootPass_81,66,19,19,Position_Unknown,Team_Unknown,Action_PreSnap,1180.61,404.85,1247.24,485.53,66.63000000000011,80.67999999999995,xml_geometry_csv_action
BootPass_81,66,2,2,Position_Unknown,Team_Unknown,Action_PreSnap,1234.41,670.54,1316.43,787.74,82.01999999999998,117.20000000000005,xml_geometry_csv_action
BootPass_81,66,20,20,Position_Unknown,Team_Unknown,Action_PreSnap,1169.11,343.74,1237.49,411.18,68.38000000000011,67.44,xml_geometry_csv_action
BootPass_81,66,21,21,Position_Unknown,Team_Unknown,Action_PreSnap,1161.15,303.97,1225.48,359.88,64.32999999999993,55.90999999999997,xml_geometry_csv_action
BootPass_81,66,3,3,Position_Unknown,Team_Unknown,Action_PreSnap,1042.17,474.52,1136.62,558.31,94.44999999999982,83.78999999999996,xml_geometry_csv_action
BootPass_81,66,4,4,Position_Unknown,Team_Unknown,Action_PreSnap,1002.44,335.57,1095.57,407.96,93.12999999999988,72.38999999999999,xml_geometry_csv_action
BootPass_81,66,5,5,Position_Unknown,Team_Unknown,Action_PreSnap,1245.47,280.79,1312.05,378.34,66.57999999999993,97.54999999999995,xml_geometry_csv_action
BootPass_81,66,6,6,Position_Unknown,Team_Unknown,Action_PreSnap,1098.07,677.56,1161.9,793.26,63.830000000000155,115.70000000000005,xml_geometry_csv_action
BootPass_81,66,7,7,Position_Unknown,Team_Unknown,Action_PreSnap,1035.46,393.71,1129.09,471.29,93.62999999999988,77.58000000000004,xml_geometry_csv_action
BootPass_81,66,8,8,Position_Unknown,Team_Unknown,Action_PreSnap,344.53,464.63,411.62,581.34,67.09000000000003,116.71000000000004,xml_geometry_csv_action
BootPass_81,66,9,9,Position_Unknown,Team_Unknown,Action_PreSnap,771.49,693.8,837.65,819.23,66.15999999999997,125.43000000000006,xml_geometry_csv_action
BootPass_81,67,0,0,Position_Unknown,Team_Unknown,Action_PreSnap,1298.79,709.34,1394.24,825.01,95.45000000000005,115.66999999999996,xml_geometry_csv_action
BootPass_81,67,1,1,Position_Unknown,Team_Unknown,Action_PreSnap,1141.32,210.01,1225.74,313.59,84.42000000000007,103.57999999999998,xml_geometry_csv_action
BootPass_81,67,10,10,Position_Unknown,Team_Unknown,Action_PreSnap,1195.88,436.75,1264.8,528.34,68.91999999999985,91.59000000000003,xml_geometry_csv_action
BootPass_81,67,11,11,Position_Unknown,Team_Unknown,Action_PreSnap,886.79,431.22,945.19,528.8,58.40000000000009,97.57999999999993,xml_geometry_csv_action
BootPass_81,67,12,12,Position_Unknown,Team_Unknown,Action_PreSnap,1443.84,389.0,1504.76,501.31,60.92000000000007,112.31,xml_geometry_csv_action
BootPass_81,67,13,13,Position_Unknown,Team_Unknown,Action_PreSnap,829.07,322.63,880.8,447.49,51.729999999999905,124.86000000000001,xml_geometry_csv_action
BootPass_81,67,14,14,Position_Unknown,Team_Unknown,Action_PreSnap,1137.46,369.38,1210.85,451.69,73.38999999999987,82.31,xml_geometry_csv_action
BootPass_81,67,15,15,Position_Unknown,Team_Unknown,Action_PreSnap,985.36,219.62,1036.9,318.14,51.54000000000008,98.51999999999998,xml_geometry_csv_action
BootPass_81,67,16,16,Position_Unknown,Team_Unknown,Action_PreSnap,807.58,243.95,852.61,366.92,45.02999999999997,122.97000000000003,xml_geometry_csv_action
BootPass_81,67,17,17,Position_Unknown,Team_Unknown,Action_PreSnap,1011.09,283.77,1104.95,353.96,93.86000000000001,70.19,xml_geometry_csv_action
BootPass_81,67,18,18,Position_Unknown,Team_Unknown,Action_PreSnap,1429.06,313.97,1476.89,438.76,47.830000000000155,124.78999999999996,xml_geometry_csv_action
BootPass_81,67,19,19,Position_Unknown,Team_Unknown,Action_PreSnap,1180.19,404.84,1246.85,485.27,66.65999999999985,80.43,xml_geometry_csv_action
BootPass_81,67,2,2,Position_Unknown,Team_Unknown,Action_PreSnap,1234.17,670.55,1316.26,787.66,82.08999999999992,117.11000000000001,xml_geometry_csv_action
BootPass_81,67,20,20,Position_Unknown,Team_Unknown,Action_PreSnap,1168.48,343.55,1237.05,411.2,68.56999999999994,67.64999999999998,xml_geometry_csv_action
BootPass_81,67,21,21,Position_Unknown,Team_Unknown,Action_PreSnap,1160.65,304.13,1225.06,359.75,64.40999999999985,55.620000000000005,xml_geometry_csv_action
BootPass_81,67,3,3,Position_Unknown,Team_Unknown,Action_PreSnap,1041.95,474.46,1136.26,558.34,94.30999999999995,83.88000000000005,xml_geometry_csv_action
BootPass_81,67,4,4,Position_Unknown,Team_Unknown,Action_PreSnap,1002.27,335.3,1095.22,407.84,92.95000000000005,72.53999999999996,xml_geometry_csv_action
BootPass_81,67,5,5,Position_Unknown,Team_Unknown,Action_PreSnap,1244.92,280.68,1311.57,378.27,66.64999999999986,97.58999999999997,xml_geometry_csv_action
BootPass_81,67,6,6,Position_Unknown,Team_Unknown,Action_PreSnap,1097.8,677.4,1161.86,793.51,64.05999999999995,116.11000000000001,xml_geometry_csv_action
BootPass_81,67,7,7,Position_Unknown,Team_Unknown,Action_PreSnap,1035.04,393.43,1128.9,471.23,93.86000000000013,77.80000000000001,xml_geometry_csv_action
BootPass_81,67,8,8,Position_Unknown,Team_Unknown,Action_PreSnap,344.48,464.63,411.21,581.21,66.72999999999996,116.58000000000004,xml_geometry_csv_action
BootPass_81,67,9,9,Position_Unknown,Team_Unknown,Action_PreSnap,770.85,693.74,837.53,819.06,66.67999999999995,125.31999999999994,xml_geometry_csv_action
BootPass_81,68,0,0,Position_Unknown,Team_Unknown,Action_PreSnap,1299.31,709.11,1394.49,824.84,95.18000000000006,115.73000000000002,xml_geometry_csv_action
BootPass_81,68,1,1,Position_Unknown,Team_Unknown,Action_PreSnap,1141.64,209.92,1226.02,313.49,84.37999999999988,103.57000000000002,xml_geometry_csv_action
BootPass_81,68,10,10,Position_Unknown,Team_Unknown,Action_PreSnap,1196.21,436.84,1265.13,528.12,68.92000000000007,91.28000000000003,xml_geometry_csv_action
BootPass_81,68,11,11,Position_Unknown,Team_Unknown,Action_PreSnap,887.11,431.21,945.43,528.75,58.319999999999936,97.54000000000002,xml_geometry_csv_action
BootPass_81,68,12,12,Position_Unknown,Team_Unknown,Action_PreSnap,1444.1,388.5,1505.11,501.15,61.00999999999999,112.64999999999998,xml_geometry_csv_action
BootPass_81,68,13,13,Position_Unknown,Team_Unknown,Action_PreSnap,829.68,322.29,882.8,447.36,53.120000000000005,125.07,xml_geometry_csv_action
BootPass_81,68,14,14,Position_Unknown,Team_Unknown,Action_PreSnap,1137.92,369.34,1211.31,451.74,73.38999999999987,82.40000000000003,xml_geometry_csv_action
BootPass_81,68,15,15,Position_Unknown,Team_Unknown,Action_PreSnap,985.82,219.57,1037.2,318.06,51.379999999999995,98.49000000000001,xml_geometry_csv_action
BootPass_81,68,16,16,Position_Unknown,Team_Unknown,Action_PreSnap,808.29,244.15,853.28,366.83,44.99000000000001,122.67999999999998,xml_geometry_csv_action
BootPass_81,68,17,17,Position_Unknown,Team_Unknown,Action_PreSnap,1011.41,283.75,1105.25,353.82,93.84000000000003,70.07,xml_geometry_csv_action
BootPass_81,68,18,18,Position_Unknown,Team_Unknown,Action_PreSnap,1429.15,313.64,1476.96,438.75,47.809999999999945,125.11000000000001,xml_geometry_csv_action
BootPass_81,68,19,19,Position_Unknown,Team_Unknown,Action_PreSnap,1180.57,404.71,1247.16,485.26,66.59000000000015,80.55000000000001,xml_geometry_csv_action
BootPass_81,68,2,2,Position_Unknown,Team_Unknown,Action_PreSnap,1234.62,670.47,1316.83,787.67,82.21000000000004,117.19999999999993,xml_geometry_csv_action
BootPass_81,68,20,20,Position_Unknown,Team_Unknown,Action_PreSnap,1169.01,343.56,1237.51,410.94,68.5,67.38,xml_geometry_csv_action
BootPass_81,68,21,21,Position_Unknown,Team_Unknown,Action_PreSnap,1161.16,303.97,1225.42,359.83,64.25999999999999,55.85999999999996,xml_geometry_csv_action
BootPass_81,68,3,3,Position_Unknown,Team_Unknown,Action_PreSnap,1042.52,474.55,1136.76,558.32,94.24000000000001,83.77000000000004,xml_geometry_csv_action
BootPass_81,68,4,4,Position_Unknown,Team_Unknown,Action_PreSnap,1002.71,335.31,1095.55,407.73,92.83999999999992,72.42000000000002,xml_geometry_csv_action
BootPass_81,68,5,5,Position_Unknown,Team_Unknown,Action_PreSnap,1245.4,280.71,1311.97,378.21,66.56999999999994,97.5,xml_geometry_csv_action
BootPass_81,68,6,6,Position_Unknown,Team_Unknown,Action_PreSnap,1098.19,677.41,1162.13,793.37,63.940000000000055,115.96000000000004,xml_geometry_csv_action
BootPass_81,68,7,7,Position_Unknown,Team_Unknown,Action_PreSnap,1035.4,393.27,1129.48,471.21,94.07999999999993,77.94,xml_geometry_csv_action
BootPass_81,68,8,8,Position_Unknown,Team_Unknown,Action_PreSnap,345.17,464.52,411.71,581.21,66.53999999999996,116.69000000000005,xml_geometry_csv_action
BootPass_81,68,9,9,Position_Unknown,Team_Unknown,Action_PreSnap,771.45,693.61,838.06,818.73,66.6099999999999,125.12,xml_geometry_csv_action
BootPass_81,69,0,0,Position_Unknown,Team_Unknown,Action_PreSnap,1299.14,709.23,1394.28,824.87,95.13999999999987,115.63999999999999,xml_geometry_csv_action
BootPass_81,69,1,1,Position_Unknown,Team_Unknown,Action_PreSnap,1141.58,210.0,1225.87,313.6,84.28999999999996,103.60000000000002,xml_geometry_csv_action
BootPass_81,69,10,10,Position_Unknown,Team_Unknown,Action_PreSnap,1196.07,437.41,1265.08,528.22,69.00999999999999,90.81,xml_geometry_csv_action
BootPass_81,69,11,11,Position_Unknown,Team_Unknown,Action_PreSnap,887.02,431.26,945.29,528.85,58.26999999999998,97.59000000000003,xml_geometry_csv_action
BootPass_81,69,12,12,Position_Unknown,Team_Unknown,Action_PreSnap,1444.03,388.47,1504.91,501.23,60.88000000000011,112.75999999999999,xml_geometry_csv_action
BootPass_81,69,13,13,Position_Unknown,Team_Unknown,Action_PreSnap,829.59,322.25,884.77,447.43,55.17999999999995,125.18,xml_geometry_csv_action
BootPass_81,69,14,14,Position_Unknown,Team_Unknown,Action_PreSnap,1137.75,369.37,1211.17,451.78,73.42000000000007,82.40999999999997,xml_geometry_csv_action
BootPass_81,69,15,15,Position_Unknown,Team_Unknown,Action_PreSnap,985.66,219.63,1037.15,318.06,51.49000000000012,98.43,xml_geometry_csv_action
BootPass_81,69,16,16,Position_Unknown,Team_Unknown,Action_PreSnap,808.2,244.29,853.39,366.95,45.18999999999994,122.66,xml_geometry_csv_action
BootPass_81,69,17,17,Position_Unknown,Team_Unknown,Action_PreSnap,1011.36,283.86,1105.14,353.79,93.78000000000009,69.93,xml_geometry_csv_action
BootPass_81,69,18,18,Position_Unknown,Team_Unknown,Action_PreSnap,1428.7,313.41,1476.65,439.15,47.950000000000045,125.73999999999995,xml_geometry_csv_action
BootPass_81,69,19,19,Position_Unknown,Team_Unknown,Action_PreSnap,1180.44,404.83,1247.1,485.43,66.65999999999985,80.60000000000002,xml_geometry_csv_action
BootPass_81,69,2,2,Position_Unknown,Team_Unknown,Action_PreSnap,1234.5,670.56,1316.72,787.77,82.22000000000003,117.21000000000004,xml_geometry_csv_action
BootPass_81,69,20,20,Position_Unknown,Team_Unknown,Action_PreSnap,1168.98,343.67,1237.43,411.11,68.45000000000005,67.44,xml_geometry_csv_action
BootPass_81,69,21,21,Position_Unknown,Team_Unknown,Action_PreSnap,1161.27,304.21,1225.27,359.97,64.0,55.76000000000005,xml_geometry_csv_action
BootPass_81,69,3,3,Position_Unknown,Team_Unknown,Action_PreSnap,1042.25,474.76,1136.73,558.47,94.48000000000002,83.71000000000004,xml_geometry_csv_action
BootPass_81,69,4,4,Position_Unknown,Team_Unknown,Action_PreSnap,1002.7,335.4,1095.5,407.81,92.79999999999995,72.41000000000003,xml_geometry_csv_action
BootPass_81,69,5,5,Position_Unknown,Team_Unknown,Action_PreSnap,1245.41,280.86,1311.95,378.27,66.53999999999996,97.40999999999997,xml_geometry_csv_action
BootPass_81,69,6,6,Position_Unknown,Team_Unknown,Action_PreSnap,1098.03,677.54,1161.85,793.56,63.819999999999936,116.01999999999998,xml_geometry_csv_action
BootPass_81,69,7,7,Position_Unknown,Team_Unknown,Action_PreSnap,1035.25,393.24,1129.61,471.3,94.3599999999999,78.06,xml_geometry_csv_action
BootPass_81,69,8,8,Position_Unknown,Team_Unknown,Action_PreSnap,345.34,464.62,411.71,581.31,66.37,116.68999999999994,xml_geometry_csv_action
BootPass_81,69,9,9,Position_Unknown,Team_Unknown,Action_PreSnap,771.37,693.73,837.92,818.78,66.54999999999995,125.04999999999995,xml_geometry_csv_action
BootPass_81,70,0,0,Position_Unknown,Team_Unknown,Action_PreSnap,1299.1,709.2,1394.29,824.86,95.19000000000005,115.65999999999997,xml_geometry_csv_action
BootPass_81,70,1,1,Position_Unknown,Team_Unknown,Action_PreSnap,1141.54,209.97,1225.83,313.64,84.28999999999996,103.66999999999999,xml_geometry_csv_action
BootPass_81,70,10,10,Position_Unknown,Team_Unknown,Action_PreSnap,1196.12,437.22,1265.1,528.22,68.98000000000002,91.0,xml_geometry_csv_action
BootPass_81,70,11,11,Position_Unknown,Team_Unknown,Action_PreSnap,886.98,431.26,945.17,528.85,58.18999999999994,97.59000000000003,xml_geometry_csv_action
BootPass_81,70,12,12,Position_Unknown,Team_Unknown,Action_PreSnap,1444.21,388.92,1504.9,501.16,60.690000000000055,112.24000000000001,xml_geometry_csv_action
BootPass_81,70,13,13,Position_Unknown,Team_Unknown,Action_PreSnap,829.66,322.04,888.86,447.48,59.200000000000045,125.44,xml_geometry_csv_action
BootPass_81,70,14,14,Position_Unknown,Team_Unknown,Action_PreSnap,1137.68,369.34,1211.08,451.74,73.39999999999986,82.40000000000003,xml_geometry_csv_action
BootPass_81,70,15,15,Position_Unknown,Team_Unknown,Action_PreSnap,985.54,219.65,1037.13,318.1,51.590000000000146,98.45000000000002,xml_geometry_csv_action
BootPass_81,70,16,16,Position_Unknown,Team_Unknown,Action_PreSnap,808.31,244.34,853.54,367.09,45.23000000000002,122.74999999999997,xml_geometry_csv_action
BootPass_81,70,17,17,Position_Unknown,Team_Unknown,Action_PreSnap,1011.43,283.89,1105.11,353.83,93.67999999999995,69.94,xml_geometry_csv_action
BootPass_81,70,18,18,Position_Unknown,Team_Unknown,Action_PreSnap,1428.33,313.3,1476.42,439.5,48.090000000000146,126.19999999999999,xml_geometry_csv_action
BootPass_81,70,19,19,Position_Unknown,Team_Unknown,Action_PreSnap,1180.45,404.81,1247.11,485.43,66.65999999999985,80.62,xml_geometry_csv_action
BootPass_81,70,2,2,Position_Unknown,Team_Unknown,Action_PreSnap,1234.45,670.51,1316.59,787.71,82.13999999999987,117.20000000000005,xml_geometry_csv_action
BootPass_81,70,20,20,Position_Unknown,Team_Unknown,Action_PreSnap,1169.05,343.83,1237.43,411.15,68.38000000000011,67.32,xml_geometry_csv_action
BootPass_81,70,21,21,Position_Unknown,Team_Unknown,Action_PreSnap,1161.34,304.41,1225.2,360.08,63.86000000000013,55.66999999999996,xml_geometry_csv_action
BootPass_81,70,3,3,Position_Unknown,Team_Unknown,Action_PreSnap,1042.06,474.81,1136.73,558.55,94.67000000000007,83.73999999999995,xml_geometry_csv_action
BootPass_81,70,4,4,Position_Unknown,Team_Unknown,Action_PreSnap,1002.67,335.39,1095.41,407.72,92.74000000000012,72.33000000000004,xml_geometry_csv_action
BootPass_81,70,5,5,Position_Unknown,Team_Unknown,Action_PreSnap,1245.47,280.83,1312.02,378.27,66.54999999999995,97.44,xml_geometry_csv_action
BootPass_81,70,6,6,Position_Unknown,Team_Unknown,Action_PreSnap,1097.91,677.66,1161.69,793.68,63.77999999999997,116.01999999999998,xml_geometry_csv_action
BootPass_81,70,7,7,Position_Unknown,Team_Unknown,Action_PreSnap,1035.22,393.18,1129.62,471.29,94.39999999999986,78.11000000000001,xml_geometry_csv_action
BootPass_81,70,8,8,Position_Unknown,Team_Unknown,Action_PreSnap,345.38,464.67,411.7,581.27,66.32,116.59999999999997,xml_geometry_csv_action
BootPass_81,70,9,9,Position_Unknown,Team_Unknown,Action_PreSnap,771.22,693.69,837.77,818.88,66.54999999999995,125.18999999999994,xml_geometry_csv_action
BootPass_81,71,0,0,Position_Unknown,Team_Unknown,Action_PreSnap,1298.95,709.27,1394.36,824.84,95.40999999999985,115.57000000000005,xml_geometry_csv_action
BootPass_81,71,1,1,Position_Unknown,Team_Unknown,Action_PreSnap,1141.49,209.96,1225.91,313.7,84.42000000000007,103.73999999999998,xml_geometry_csv_action
BootPass_81,71,10,10,Position_Unknown,Team_Unknown,Action_PreSnap,1196.09,437.03,1265.11,528.29,69.01999999999998,91.25999999999999,xml_geometry_csv_action
BootPass_81,71,11,11,Position_Unknown,Team_Unknown,Action_PreSnap,886.92,431.32,945.04,528.81,58.120000000000005,97.48999999999995,xml_geometry_csv_action
BootPass_81,71,12,12,Position_Unknown,Team_Unknown,Action_PreSnap,1444.49,388.85,1504.85,501.17,60.3599999999999,112.32,xml_geometry_csv_action
BootPass_81,71,13,13,Position_Unknown,Team_Unknown,Action_PreSnap,829.56,321.85,891.37,447.52,61.81000000000006,125.66999999999996,xml_geometry_csv_action
BootPass_81,71,14,14,Position_Unknown,Team_Unknown,Action_PreSnap,1137.6,369.3,1210.95,451.6,73.35000000000014,82.30000000000001,xml_geometry_csv_action
BootPass_81,71,15,15,Position_Unknown,Team_Unknown,Action_PreSnap,985.27,219.67,1037.2,318.24,51.930000000000064,98.57000000000002,xml_geometry_csv_action
BootPass_81,71,16,16,Position_Unknown,Team_Unknown,Action_PreSnap,808.43,244.51,853.62,367.32,45.190000000000055,122.81,xml_geometry_csv_action
BootPass_81,71,17,17,Position_Unknown,Team_Unknown,Action_PreSnap,1011.26,283.93,1105.06,353.95,93.79999999999995,70.01999999999998,xml_geometry_csv_action
BootPass_81,71,18,18,Position_Unknown,Team_Unknown,Action_PreSnap,1427.66,313.14,1476.38,440.37,48.72000000000003,127.23000000000002,xml_geometry_csv_action
BootPass_81,71,19,19,Position_Unknown,Team_Unknown,Action_PreSnap,1180.35,404.79,1247.1,485.62,66.75,80.82999999999998,xml_geometry_csv_action
BootPass_81,71,2,2,Position_Unknown,Team_Unknown,Action_PreSnap,1234.38,670.41,1316.56,787.65,82.17999999999984,117.24000000000001,xml_geometry_csv_action
BootPass_81,71,20,20,Position_Unknown,Team_Unknown,Action_PreSnap,1169.14,343.93,1237.45,411.17,68.30999999999995,67.24000000000001,xml_geometry_csv_action
BootPass_81,71,21,21,Position_Unknown,Team_Unknown,Action_PreSnap,1161.34,304.57,1225.24,360.1,63.90000000000009,55.53000000000003,xml_geometry_csv_action
BootPass_81,71,3,3,Position_Unknown,Team_Unknown,Action_PreSnap,1042.03,474.82,1136.75,558.54,94.72000000000003,83.71999999999997,xml_geometry_csv_action
BootPass_81,71,4,4,Position_Unknown,Team_Unknown,Action_PreSnap,1002.62,335.39,1095.42,407.62,92.80000000000007,72.23000000000002,xml_geometry_csv_action
BootPass_81,71,5,5,Position_Unknown,Team_Unknown,Action_PreSnap,1245.42,280.73,1312.0,378.32,66.57999999999993,97.58999999999997,xml_geometry_csv_action
BootPass_81,71,6,6,Position_Unknown,Team_Unknown,Action_PreSnap,1097.82,677.6,1161.58,793.77,63.75999999999999,116.16999999999996,xml_geometry_csv_action
BootPass_81,71,7,7,Position_Unknown,Team_Unknown,Action_PreSnap,1035.26,393.16,1129.77,471.36,94.50999999999999,78.19999999999999,xml_geometry_csv_action
BootPass_81,71,8,8,Position_Unknown,Team_Unknown,Action_PreSnap,345.24,464.78,411.67,581.33,66.43,116.55000000000007,xml_geometry_csv_action
BootPass_81,71,9,9,Position_Unknown,Team_Unknown,Action_PreSnap,771.15,693.72,837.62,818.93,66.47000000000003,125.20999999999992,xml_geometry_csv_action
BootPass_81,72,0,0,Position_Unknown,Team_Unknown,Action_PreSnap,1298.87,709.3,1394.37,824.78,95.5,115.48000000000002,xml_geometry_csv_action
BootPass_81,72,1,1,Position_Unknown,Team_Unknown,Action_PreSnap,1141.49,210.0,1225.95,313.81,84.46000000000004,103.81,xml_geometry_csv_action
BootPass_81,72,10,10,Position_Unknown,Team_Unknown,Action_PreSnap,1196.16,436.93,1265.12,528.35,68.95999999999981,91.42000000000002,xml_geometry_csv_action
BootPass_81,72,11,11,Position_Unknown,Team_Unknown,Action_PreSnap,886.95,431.3,945.05,528.78,58.09999999999991,97.47999999999996,xml_geometry_csv_action
BootPass_81,72,12,12,Position_Unknown,Team_Unknown,Action_PreSnap,1444.84,388.75,1504.93,501.15,60.090000000000146,112.39999999999998,xml_geometry_csv_action
BootPass_81,72,13,13,Position_Unknown,Team_Unknown,Action_PreSnap,829.58,321.64,893.16,447.55,63.57999999999993,125.91000000000003,xml_geometry_csv_action
BootPass_81,72,14,14,Position_Unknown,Team_Unknown,Action_PreSnap,1137.55,369.23,1210.87,451.43,73.31999999999994,82.19999999999999,xml_geometry_csv_action
BootPass_81,72,15,15,Position_Unknown,Team_Unknown,Action_PreSnap,985.21,219.69,1037.33,318.31,52.11999999999989,98.62,xml_geometry_csv_action
BootPass_81,72,16,16,Position_Unknown,Team_Unknown,Action_PreSnap,808.68,244.7,853.74,367.41,45.06000000000006,122.71000000000004,xml_geometry_csv_action
BootPass_81,72,17,17,Position_Unknown,Team_Unknown,Action_PreSnap,1011.1,283.94,1105.04,354.02,93.93999999999994,70.07999999999998,xml_geometry_csv_action
BootPass_81,72,18,18,Position_Unknown,Team_Unknown,Action_PreSnap,1427.23,312.91,1476.41,441.28,49.180000000000064,128.36999999999995,xml_geometry_csv_action
BootPass_81,72,19,19,Position_Unknown,Team_Unknown,Action_PreSnap,1180.23,404.74,1247.08,485.69,66.84999999999991,80.94999999999999,xml_geometry_csv_action
BootPass_81,72,2,2,Position_Unknown,Team_Unknown,Action_PreSnap,1234.32,670.38,1316.62,787.61,82.29999999999995,117.23000000000002,xml_geometry_csv_action
BootPass_81,72,20,20,Position_Unknown,Team_Unknown,Action_PreSnap,1169.28,344.08,1237.52,411.18,68.24000000000001,67.10000000000002,xml_geometry_csv_action
BootPass_81,72,21,21,Position_Unknown,Team_Unknown,Action_PreSnap,1161.28,304.65,1225.16,360.05,63.88000000000011,55.400000000000034,xml_geometry_csv_action
BootPass_81,72,3,3,Position_Unknown,Team_Unknown,Action_PreSnap,1042.16,474.83,1136.7,558.52,94.53999999999996,83.69,xml_geometry_csv_action
BootPass_81,72,4,4,Position_Unknown,Team_Unknown,Action_PreSnap,1002.58,335.4,1095.42,407.66,92.84000000000003,72.26000000000005,xml_geometry_csv_action
BootPass_81,72,5,5,Position_Unknown,Team_Unknown,Action_PreSnap,1245.35,280.64,1312.0,378.41,66.65000000000009,97.77000000000004,xml_geometry_csv_action
BootPass_81,72,6,6,Position_Unknown,Team_Unknown,Action_PreSnap,1097.83,677.49,1161.58,793.74,63.75,116.25,xml_geometry_csv_action
BootPass_81,72,7,7,Position_Unknown,Team_Unknown,Action_PreSnap,1035.29,393.12,1129.91,471.38,94.62000000000012,78.25999999999999,xml_geometry_csv_action
BootPass_81,72,8,8,Position_Unknown,Team_Unknown,Action_PreSnap,345.07,464.87,411.61,581.34,66.54000000000002,116.47000000000003,xml_geometry_csv_action
BootPass_81,72,9,9,Position_Unknown,Team_Unknown,Action_PreSnap,771.11,693.76,837.39,818.89,66.27999999999997,125.13,xml_geometry_csv_action
BootPass_81,73,0,0,Position_Unknown,Team_Unknown,Action_PreSnap,1298.89,709.36,1394.49,825.0,95.59999999999991,115.63999999999999,xml_geometry_csv_action
BootPass_81,73,1,1,Position_Unknown,Team_Unknown,Action_PreSnap,1141.52,210.07,1226.07,314.06,84.54999999999995,103.99000000000001,xml_geometry_csv_action
BootPass_81,73,10,10,Position_Unknown,Team_Unknown,Action_PreSnap,1196.32,437.19,1265.18,528.42,68.86000000000013,91.22999999999996,xml_geometry_csv_action
BootPass_81,73,11,11,Position_Unknown,Team_Unknown,Action_PreSnap,886.99,431.38,944.99,528.97,58.0,97.59000000000003,xml_geometry_csv_action
BootPass_81,73,12,12,Position_Unknown,Team_Unknown,Action_PreSnap,1444.9,388.71,1505.0,501.24,60.09999999999991,112.53000000000003,xml_geometry_csv_action
BootPass_81,73,13,13,Position_Unknown,Team_Unknown,Action_PreSnap,829.61,321.46,894.76,447.84,65.14999999999998,126.38,xml_geometry_csv_action
BootPass_81,73,14,14,Position_Unknown,Team_Unknown,Action_PreSnap,1137.61,369.36,1210.95,451.47,73.34000000000015,82.11000000000001,xml_geometry_csv_action
BootPass_81,73,15,15,Position_Unknown,Team_Unknown,Action_PreSnap,985.31,219.74,1037.59,318.4,52.27999999999997,98.65999999999997,xml_geometry_csv_action
BootPass_81,73,16,16,Position_Unknown,Team_Unknown,Action_PreSnap,808.95,244.96,854.08,367.61,45.129999999999995,122.65,xml_geometry_csv_action
BootPass_81,73,17,17,Position_Unknown,Team_Unknown,Action_PreSnap,1011.04,284.04,1105.25,354.1,94.21000000000004,70.06,xml_geometry_csv_action
BootPass_81,73,18,18,Position_Unknown,Team_Unknown,Action_PreSnap,1426.64,312.96,1476.66,442.33,50.01999999999998,129.37,xml_geometry_csv_action
BootPass_81,73,19,19,Position_Unknown,Team_Unknown,Action_PreSnap,1180.33,404.93,1247.12,485.84,66.78999999999996,80.90999999999997,xml_geometry_csv_action
BootPass_81,73,2,2,Position_Unknown,Team_Unknown,Action_PreSnap,1234.46,670.45,1316.6,787.75,82.13999999999987,117.29999999999995,xml_geometry_csv_action
BootPass_81,73,20,20,Position_Unknown,Team_Unknown,Action_PreSnap,1169.43,344.14,1237.62,411.35,68.18999999999983,67.21000000000004,xml_geometry_csv_action
BootPass_81,73,21,21,Position_Unknown,Team_Unknown,Action_PreSnap,1161.2,304.79,1225.14,360.07,63.940000000000055,55.27999999999997,xml_geometry_csv_action
BootPass_81,73,3,3,Position_Unknown,Team_Unknown,Action_PreSnap,1042.33,475.07,1136.8,558.54,94.47000000000003,83.46999999999997,xml_geometry_csv_action
BootPass_81,73,4,4,Position_Unknown,Team_Unknown,Action_PreSnap,1002.61,335.53,1095.58,407.73,92.96999999999991,72.20000000000005,xml_geometry_csv_action
BootPass_81,73,5,5,Position_Unknown,Team_Unknown,Action_PreSnap,1245.47,280.78,1312.09,378.48,66.61999999999989,97.70000000000005,xml_geometry_csv_action
BootPass_81,73,6,6,Position_Unknown,Team_Unknown,Action_PreSnap,1097.81,677.68,1161.53,793.79,63.72000000000003,116.11000000000001,xml_geometry_csv_action
BootPass_81,73,7,7,Position_Unknown,Team_Unknown,Action_PreSnap,1035.33,393.22,1130.08,471.44,94.75,78.21999999999997,xml_geometry_csv_action
BootPass_81,73,8,8,Position_Unknown,Team_Unknown,Action_PreSnap,344.94,465.09,411.53,581.47,66.58999999999997,116.38000000000005,xml_geometry_csv_action
BootPass_81,73,9,9,Position_Unknown,Team_Unknown,Action_PreSnap,771.34,693.87,837.4,819.0,66.05999999999995,125.13,xml_geometry_csv_action
BootPass_81,74,0,0,Position_Unknown,Team_Unknown,Action_PreSnap,1298.89,709.49,1394.47,825.16,95.57999999999993,115.66999999999996,xml_geometry_csv_action
BootPass_81,74,1,1,Position_Unknown,Team_Unknown,Action_PreSnap,1141.51,210.19,1226.2,314.21,84.69000000000005,104.01999999999998,xml_geometry_csv_action
BootPass_81,74,10,10,Position_Unknown,Team_Unknown,Action_PreSnap,1196.41,437.71,1265.19,528.51,68.77999999999997,90.80000000000001,xml_geometry_csv_action
BootPass_81,74,11,11,Position_Unknown,Team_Unknown,Action_PreSnap,887.16,431.44,945.01,529.14,57.85000000000002,97.69999999999999,xml_geometry_csv_action
BootPass_81,74,12,12,Position_Unknown,Team_Unknown,Action_PreSnap,1445.01,388.9,1505.14,501.37,60.13000000000011,112.47000000000003,xml_geometry_csv_action
BootPass_81,74,13,13,Position_Unknown,Team_Unknown,Action_PreSnap,829.73,321.44,896.08,448.17,66.35000000000002,126.73000000000002,xml_geometry_csv_action
BootPass_81,74,14,14,Position_Unknown,Team_Unknown,Action_PreSnap,1137.64,369.55,1211.03,451.78,73.38999999999987,82.22999999999996,xml_geometry_csv_action
BootPass_81,74,15,15,Position_Unknown,Team_Unknown,Action_PreSnap,985.38,219.92,1037.74,318.71,52.360000000000014,98.78999999999999,xml_geometry_csv_action
BootPass_81,74,16,16,Position_Unknown,Team_Unknown,Action_PreSnap,809.25,245.23,854.34,367.68,45.09000000000003,122.45000000000002,xml_geometry_csv_action
BootPass_81,74,17,17,Position_Unknown,Team_Unknown,Action_PreSnap,1010.88,284.23,1105.44,354.15,94.56000000000006,69.91999999999996,xml_geometry_csv_action
BootPass_81,74,18,18,Position_Unknown,Team_Unknown,Action_PreSnap,1426.59,313.25,1476.84,443.13,50.25,129.88,xml_geometry_csv_action
BootPass_81,74,19,19,Position_Unknown,Team_Unknown,Action_PreSnap,1180.32,405.12,1247.01,486.05,66.69000000000005,80.93,xml_geometry_csv_action
BootPass_81,74,2,2,Position_Unknown,Team_Unknown,Action_PreSnap,1234.58,670.59,1316.6,787.91,82.01999999999998,117.31999999999994,xml_geometry_csv_action
BootPass_81,74,20,20,Position_Unknown,Team_Unknown,Action_PreSnap,1169.41,344.27,1237.59,411.5,68.17999999999984,67.23000000000002,xml_geometry_csv_action
BootPass_81,74,21,21,Position_Unknown,Team_Unknown,Action_PreSnap,1161.12,304.94,1225.15,360.04,64.0300000000002,55.10000000000002,xml_geometry_csv_action
BootPass_81,74,3,3,Position_Unknown,Team_Unknown,Action_PreSnap,1042.39,475.44,1136.9,558.72,94.50999999999999,83.28000000000003,xml_geometry_csv_action
BootPass_81,74,4,4,Position_Unknown,Team_Unknown,Action_PreSnap,1002.58,335.69,1095.72,407.77,93.13999999999999,72.07999999999998,xml_geometry_csv_action
BootPass_81,74,5,5,Position_Unknown,Team_Unknown,Action_PreSnap,1245.53,281.07,1312.03,378.58,66.5,97.50999999999999,xml_geometry_csv_action
BootPass_81,74,6,6,Position_Unknown,Team_Unknown,Action_PreSnap,1097.81,677.86,1161.39,793.84,63.580000000000155,115.98000000000002,xml_geometry_csv_action
BootPass_81,74,7,7,Position_Unknown,Team_Unknown,Action_PreSnap,1035.36,393.31,1130.2,471.48,94.84000000000015,78.17000000000002,xml_geometry_csv_action
BootPass_81,74,8,8,Position_Unknown,Team_Unknown,Action_PreSnap,344.8,465.24,411.6,581.6,66.80000000000001,116.36000000000001,xml_geometry_csv_action
BootPass_81,74,9,9,Position_Unknown,Team_Unknown,Action_PreSnap,771.44,694.01,837.22,819.14,65.77999999999997,125.13,xml_geometry_csv_action
BootPass_81,75,0,0,Position_Unknown,Team_Unknown,Action_PreSnap,1299.13,709.35,1394.72,824.99,95.58999999999992,115.63999999999999,xml_geometry_csv_action
BootPass_81,75,1,1,Position_Unknown,Team_Unknown,Action_PreSnap,1141.62,209.87,1226.4,313.85,84.7800000000002,103.98000000000002,xml_geometry_csv_action
BootPass_81,75,10,10,Position_Unknown,Team_Unknown,Action_PreSnap,1196.5,437.66,1265.22,528.37,68.72000000000003,90.70999999999998,xml_geometry_csv_action
BootPass_81,75,11,11,Position_Unknown,Team_Unknown,Action_PreSnap,887.44,430.93,945.51,528.89,58.069999999999936,97.95999999999998,xml_geometry_csv_action
BootPass_81,75,12,12,Position_Unknown,Team_Unknown,Action_PreSnap,1445.22,388.75,1505.3,501.23,60.07999999999993,112.48000000000002,xml_geometry_csv_action
BootPass_81,75,13,13,Position_Unknown,Team_Unknown,Action_PreSnap,829.73,320.85,896.76,448.11,67.02999999999997,127.25999999999999,xml_geometry_csv_action
BootPass_81,75,14,14,Position_Unknown,Team_Unknown,Action_PreSnap,1137.73,369.27,1211.22,451.32,73.49000000000001,82.05000000000001,xml_geometry_csv_action
BootPass_81,75,15,15,Position_Unknown,Team_Unknown,Action_PreSnap,985.43,219.72,1038.15,318.37,52.72000000000014,98.65,xml_geometry_csv_action
BootPass_81,75,16,16,Position_Unknown,Team_Unknown,Action_PreSnap,809.62,245.2,854.94,367.31,45.32000000000005,122.11000000000001,xml_geometry_csv_action
BootPass_81,75,17,17,Position_Unknown,Team_Unknown,Action_PreSnap,1011.01,284.13,1105.86,353.93,94.84999999999991,69.80000000000001,xml_geometry_csv_action
BootPass_81,75,18,18,Position_Unknown,Team_Unknown,Action_PreSnap,1426.93,313.15,1477.94,442.82,51.00999999999999,129.67000000000002,xml_geometry_csv_action
BootPass_81,75,19,19,Position_Unknown,Team_Unknown,Action_PreSnap,1180.36,404.93,1247.32,485.82,66.96000000000004,80.88999999999999,xml_geometry_csv_action
BootPass_81,75,2,2,Position_Unknown,Team_Unknown,Action_PreSnap,1234.79,670.45,1316.95,787.7,82.16000000000008,117.25,xml_geometry_csv_action
BootPass_81,75,20,20,Position_Unknown,Team_Unknown,Action_PreSnap,1169.49,343.97,1237.66,411.27,68.17000000000007,67.29999999999995,xml_geometry_csv_action
BootPass_81,75,21,21,Position_Unknown,Team_Unknown,Action_PreSnap,1161.01,304.61,1225.24,359.83,64.23000000000002,55.21999999999997,xml_geometry_csv_action
BootPass_81,75,3,3,Position_Unknown,Team_Unknown,Action_PreSnap,1042.85,475.17,1137.23,558.59,94.38000000000011,83.42000000000002,xml_geometry_csv_action
BootPass_81,75,4,4,Position_Unknown,Team_Unknown,Action_PreSnap,1002.54,335.38,1096.01,407.55,93.47000000000003,72.17000000000002,xml_geometry_csv_action
BootPass_81,75,5,5,Position_Unknown,Team_Unknown,Action_PreSnap,1245.7,280.81,1312.3,378.46,66.59999999999991,97.64999999999998,xml_geometry_csv_action
BootPass_81,75,6,6,Position_Unknown,Team_Unknown,Action_PreSnap,1098.08,677.46,1161.42,793.5,63.340000000000146,116.03999999999996,xml_geometry_csv_action
BootPass_81,75,7,7,Position_Unknown,Team_Unknown,Action_PreSnap,1035.38,393.06,1130.42,471.3,95.03999999999996,78.24000000000001,xml_geometry_csv_action
BootPass_81,75,8,8,Position_Unknown,Team_Unknown,Action_PreSnap,344.81,465.05,411.81,581.59,67.0,116.54000000000002,xml_geometry_csv_action
BootPass_81,75,9,9,Position_Unknown,Team_Unknown,Action_PreSnap,771.68,693.79,837.43,818.84,65.75,125.05000000000007,xml_geometry_csv_action
BootPass_81,76,0,0,Position_Unknown,Team_Unknown,Action_PreSnap,1299.4,709.94,1395.07,825.6,95.66999999999985,115.65999999999997,xml_geometry_csv_action
BootPass_81,76,1,1,Position_Unknown,Team_Unknown,Action_PreSnap,1142.05,210.33,1226.9,314.49,84.85000000000014,104.16,xml_geometry_csv_action
BootPass_81,76,10,10,Position_Unknown,Team_Unknown,Action_PreSnap,1196.51,438.38,1265.47,529.17,68.96000000000004,90.78999999999996,xml_geometry_csv_action
BootPass_81,76,11,11,Position_Unknown,Team_Unknown,Action_PreSnap,887.72,431.05,946.15,529.67,58.42999999999995,98.61999999999995,xml_geometry_csv_action
BootPass_81,76,12,12,Position_Unknown,Team_Unknown,Action_PreSnap,1445.52,389.86,1505.86,501.9,60.33999999999992,112.03999999999996,xml_geometry_csv_action
BootPass_81,76,13,13,Position_Unknown,Team_Unknown,Action_PreSnap,830.19,321.19,898.25,448.71,68.05999999999995,127.51999999999998,xml_geometry_csv_action
BootPass_81,76,14,14,Position_Unknown,Team_Unknown,Action_PreSnap,1138.06,369.87,1211.36,452.04,73.29999999999995,82.17000000000002,xml_geometry_csv_action
BootPass_81,76,15,15,Position_Unknown,Team_Unknown,Action_PreSnap,986.06,220.21,1038.97,318.84,52.91000000000008,98.62999999999997,xml_geometry_csv_action
BootPass_81,76,16,16,Position_Unknown,Team_Unknown,Action_PreSnap,810.07,245.78,855.59,367.86,45.51999999999998,122.08000000000001,xml_geometry_csv_action
BootPass_81,76,17,17,Position_Unknown,Team_Unknown,Action_PreSnap,1011.18,284.62,1106.92,354.66,95.74000000000012,70.04000000000002,xml_geometry_csv_action
BootPass_81,76,18,18,Position_Unknown,Team_Unknown,Action_PreSnap,1427.75,313.89,1478.86,443.72,51.1099999999999,129.83000000000004,xml_geometry_csv_action
BootPass_81,76,19,19,Position_Unknown,Team_Unknown,Action_PreSnap,1180.46,405.33,1247.27,486.6,66.80999999999995,81.27000000000004,xml_geometry_csv_action
BootPass_81,76,2,2,Position_Unknown,Team_Unknown,Action_PreSnap,1235.11,671.07,1317.19,788.16,82.08000000000015,117.08999999999992,xml_geometry_csv_action
BootPass_81,76,20,20,Position_Unknown,Team_Unknown,Action_PreSnap,1169.78,344.81,1237.83,411.75,68.04999999999995,66.94,xml_geometry_csv_action
BootPass_81,76,21,21,Position_Unknown,Team_Unknown,Action_PreSnap,1161.32,304.93,1225.58,360.38,64.25999999999999,55.44999999999999,xml_geometry_csv_action
BootPass_81,76,3,3,Position_Unknown,Team_Unknown,Action_PreSnap,1042.67,475.83,1137.56,559.15,94.88999999999987,83.32,xml_geometry_csv_action
BootPass_81,76,4,4,Position_Unknown,Team_Unknown,Action_PreSnap,1002.62,335.92,1096.3,408.25,93.67999999999995,72.32999999999998,xml_geometry_csv_action
BootPass_81,76,5,5,Position_Unknown,Team_Unknown,Action_PreSnap,1246.24,281.52,1312.68,379.09,66.44000000000005,97.57,xml_geometry_csv_action
BootPass_81,76,6,6,Position_Unknown,Team_Unknown,Action_PreSnap,1098.19,677.85,1161.41,794.2,63.22000000000003,116.35000000000002,xml_geometry_csv_action
BootPass_81,76,7,7,Position_Unknown,Team_Unknown,Action_PreSnap,1035.69,393.64,1131.07,471.8,95.37999999999988,78.16000000000003,xml_geometry_csv_action
BootPass_81,76,8,8,Position_Unknown,Team_Unknown,Action_PreSnap,345.02,465.87,411.77,582.08,66.75,116.21000000000004,xml_geometry_csv_action
BootPass_81,76,9,9,Position_Unknown,Team_Unknown,Action_PreSnap,772.01,694.21,837.84,819.23,65.83000000000004,125.01999999999998,xml_geometry_csv_action
BootPass_81,77,0,0,Position_Unknown,Team_Unknown,Action_PreSnap,1299.3,709.63,1394.96,825.26,95.66000000000008,115.63,xml_geometry_csv_action
BootPass_81,77,1,1,Position_Unknown,Team_Unknown,Action_PreSnap,1141.81,210.2,1226.72,314.46,84.91000000000008,104.25999999999999,xml_geometry_csv_action
BootPass_81,77,10,10,Position_Unknown,Team_Unknown,Action_PreSnap,1196.12,438.48,1265.24,528.91,69.12000000000012,90.42999999999995,xml_geometry_csv_action
BootPass_81,77,11,11,Position_Unknown,Team_Unknown,Action_PreSnap,887.62,430.83,946.06,529.25,58.43999999999994,98.42000000000002,xml_geometry_csv_action
BootPass_81,77,12,12,Position_Unknown,Team_Unknown,Action_PreSnap,1444.9,389.83,1505.63,501.83,60.73000000000002,112.0,xml_geometry_csv_action
BootPass_81,77,13,13,Position_Unknown,Team_Unknown,Action_PreSnap,829.67,321.23,899.14,448.61,69.47000000000003,127.38,xml_geometry_csv_action
BootPass_81,77,14,14,Position_Unknown,Team_Unknown,Action_PreSnap,1137.97,369.78,1211.0,452.05,73.02999999999997,82.27000000000004,xml_geometry_csv_action
BootPass_81,77,15,15,Position_Unknown,Team_Unknown,Action_PreSnap,985.93,220.19,1038.64,318.78,52.71000000000015,98.58999999999997,xml_geometry_csv_action
BootPass_81,77,16,16,Position_Unknown,Team_Unknown,Action_PreSnap,809.88,245.69,855.51,368.05,45.629999999999995,122.36000000000001,xml_geometry_csv_action
BootPass_81,77,17,17,Position_Unknown,Team_Unknown,Action_PreSnap,1010.86,284.62,1106.81,354.58,95.94999999999993,69.95999999999998,xml_geometry_csv_action
BootPass_81,77,18,18,Position_Unknown,Team_Unknown,Action_PreSnap,1427.62,314.22,1479.01,442.9,51.3900000000001,128.67999999999995,xml_geometry_csv_action
BootPass_81,77,19,19,Position_Unknown,Team_Unknown,Action_PreSnap,1180.23,405.26,1247.09,486.38,66.8599999999999,81.12,xml_geometry_csv_action
BootPass_81,77,2,2,Position_Unknown,Team_Unknown,Action_PreSnap,1234.89,670.86,1317.14,788.15,82.25,117.28999999999996,xml_geometry_csv_action
BootPass_81,77,20,20,Position_Unknown,Team_Unknown,Action_PreSnap,1169.46,344.63,1237.51,411.67,68.04999999999995,67.04000000000002,xml_geometry_csv_action
BootPass_81,77,21,21,Position_Unknown,Team_Unknown,Action_PreSnap,1161.1,305.01,1225.12,360.29,64.01999999999998,55.28000000000003,xml_geometry_csv_action
BootPass_81,77,3,3,Position_Unknown,Team_Unknown,Action_PreSnap,1042.19,475.76,1137.3,559.02,95.1099999999999,83.25999999999999,xml_geometry_csv_action
BootPass_81,77,4,4,Position_Unknown,Team_Unknown,Action_PreSnap,1002.41,335.72,1096.01,408.23,93.60000000000002,72.50999999999999,xml_geometry_csv_action
BootPass_81,77,5,5,Position_Unknown,Team_Unknown,Action_PreSnap,1245.71,281.37,1312.24,378.91,66.52999999999997,97.54000000000002,xml_geometry_csv_action
BootPass_81,77,6,6,Position_Unknown,Team_Unknown,Action_PreSnap,1097.86,677.45,1161.11,794.21,63.25,116.75999999999999,xml_geometry_csv_action
BootPass_81,77,7,7,Position_Unknown,Team_Unknown,Action_PreSnap,1035.44,393.63,1130.8,471.72,95.3599999999999,78.09000000000003,xml_geometry_csv_action
BootPass_81,77,8,8,Position_Unknown,Team_Unknown,Action_PreSnap,344.69,465.98,411.54,582.0,66.85000000000002,116.01999999999998,xml_geometry_csv_action
BootPass_81,77,9,9,Position_Unknown,Team_Unknown,Action_PreSnap,771.26,694.03,837.53,819.1,66.26999999999998,125.07000000000005,xml_geometry_csv_action
BootPass_81,78,0,0,Position_Unknown,Team_Unknown,Action_PreSnap,1299.91,709.65,1395.59,825.43,95.67999999999984,115.77999999999997,xml_geometry_csv_action
BootPass_81,78,1,1,Position_Unknown,Team_Unknown,Action_PreSnap,1142.22,210.25,1227.05,314.43,84.82999999999993,104.18,xml_geometry_csv_action
BootPass_81,78,10,10,Position_Unknown,Team_Unknown,Action_PreSnap,1196.43,438.56,1265.72,528.85,69.28999999999996,90.29000000000002,xml_geometry_csv_action
BootPass_81,78,11,11,Position_Unknown,Team_Unknown,Action_PreSnap,888.23,430.66,946.71,529.4,58.48000000000002,98.73999999999995,xml_geometry_csv_action
BootPass_81,78,12,12,Position_Unknown,Team_Unknown,Action_PreSnap,1445.45,390.17,1506.02,501.75,60.569999999999936,111.57999999999998,xml_geometry_csv_action
BootPass_81,78,13,13,Position_Unknown,Team_Unknown,Action_PreSnap,830.42,321.17,900.34,448.66,69.92000000000007,127.49000000000001,xml_geometry_csv_action
BootPass_81,78,14,14,Position_Unknown,Team_Unknown,Action_PreSnap,1138.56,369.7,1211.45,452.34,72.8900000000001,82.63999999999999,xml_geometry_csv_action
BootPass_81,78,15,15,Position_Unknown,Team_Unknown,Action_PreSnap,986.44,220.17,1039.2,318.7,52.75999999999999,98.53,xml_geometry_csv_action
BootPass_81,78,16,16,Position_Unknown,Team_Unknown,Action_PreSnap,810.57,245.75,856.11,367.92,45.539999999999964,122.17000000000002,xml_geometry_csv_action
BootPass_81,78,17,17,Position_Unknown,Team_Unknown,Action_PreSnap,1011.43,284.62,1107.88,354.47,96.45000000000016,69.85000000000002,xml_geometry_csv_action
BootPass_81,78,18,18,Position_Unknown,Team_Unknown,Action_PreSnap,1428.24,314.75,1479.42,442.98,51.180000000000064,128.23000000000002,xml_geometry_csv_action
BootPass_81,78,19,19,Position_Unknown,Team_Unknown,Action_PreSnap,1180.9,405.24,1247.57,486.44,66.66999999999985,81.19999999999999,xml_geometry_csv_action
BootPass_81,78,2,2,Position_Unknown,Team_Unknown,Action_PreSnap,1235.49,670.83,1317.75,788.22,82.25999999999999,117.38999999999999,xml_geometry_csv_action
BootPass_81,78,20,20,Position_Unknown,Team_Unknown,Action_PreSnap,1170.07,344.6,1237.96,411.67,67.8900000000001,67.07,xml_geometry_csv_action
BootPass_81,78,21,21,Position_Unknown,Team_Unknown,Action_PreSnap,1161.65,304.92,1225.5,360.24,63.84999999999991,55.31999999999999,xml_geometry_csv_action
BootPass_81,78,3,3,Position_Unknown,Team_Unknown,Action_PreSnap,1042.55,475.89,1137.73,559.05,95.18000000000006,83.15999999999997,xml_geometry_csv_action
BootPass_81,78,4,4,Position_Unknown,Team_Unknown,Action_PreSnap,1002.71,335.73,1096.38,408.11,93.67000000000007,72.38,xml_geometry_csv_action
BootPass_81,78,5,5,Position_Unknown,Team_Unknown,Action_PreSnap,1246.23,281.46,1312.57,378.96,66.33999999999992,97.5,xml_geometry_csv_action
BootPass_81,78,6,6,Position_Unknown,Team_Unknown,Action_PreSnap,1098.72,677.49,1161.65,793.83,62.930000000000064,116.34000000000003,xml_geometry_csv_action
BootPass_81,78,7,7,Position_Unknown,Team_Unknown,Action_PreSnap,1036.07,393.76,1131.34,471.74,95.26999999999998,77.98000000000002,xml_geometry_csv_action
BootPass_81,78,8,8,Position_Unknown,Team_Unknown,Action_PreSnap,345.35,465.84,411.97,581.89,66.62,116.05000000000001,xml_geometry_csv_action
BootPass_81,78,9,9,Position_Unknown,Team_Unknown,Action_PreSnap,771.7,694.15,837.91,819.06,66.20999999999992,124.90999999999997,xml_geometry_csv_action
BootPass_81,79,0,0,Position_Unknown,Team_Unknown,Action_PreSnap,1299.62,709.67,1394.99,825.29,95.37000000000012,115.62,xml_geometry_csv_action
BootPass_81,79,1,1,Position_Unknown,Team_Unknown,Action_PreSnap,1141.95,210.29,1226.73,314.3,84.77999999999997,104.01000000000002,xml_geometry_csv_action
BootPass_81,79,10,10,Position_Unknown,Team_Unknown,Action_PreSnap,1196.24,438.56,1265.5,529.02,69.25999999999999,90.45999999999998,xml_geometry_csv_action
BootPass_81,79,11,11,Position_Unknown,Team_Unknown,Action_PreSnap,888.07,430.69,946.57,529.48,58.5,98.79000000000002,xml_geometry_csv_action
BootPass_81,79,12,12,Position_Unknown,Team_Unknown,Action_PreSnap,1445.29,390.35,1505.87,501.72,60.57999999999993,111.37,xml_geometry_csv_action
BootPass_81,79,13,13,Position_Unknown,Team_Unknown,Action_PreSnap,830.07,321.2,899.18,448.6,69.1099999999999,127.40000000000003,xml_geometry_csv_action
BootPass_81,79,14,14,Position_Unknown,Team_Unknown,Action_PreSnap,1138.35,369.82,1211.17,452.4,72.82000000000016,82.57999999999998,xml_geometry_csv_action
BootPass_81,79,15,15,Position_Unknown,Team_Unknown,Action_PreSnap,986.33,220.26,1039.06,318.62,52.729999999999905,98.36000000000001,xml_geometry_csv_action
BootPass_81,79,16,16,Position_Unknown,Team_Unknown,Action_PreSnap,810.36,245.81,856.0,368.09,45.639999999999986,122.27999999999997,xml_geometry_csv_action
BootPass_81,79,17,17,Position_Unknown,Team_Unknown,Action_PreSnap,1011.25,284.63,1108.39,354.37,97.1400000000001,69.74000000000001,xml_geometry_csv_action
BootPass_81,79,18,18,Position_Unknown,Team_Unknown,Action_PreSnap,1428.52,315.12,1479.83,443.19,51.309999999999945,128.07,xml_geometry_csv_action
BootPass_81,79,19,19,Position_Unknown,Team_Unknown,Action_PreSnap,1180.7,405.28,1247.41,486.49,66.71000000000004,81.21000000000004,xml_geometry_csv_action
BootPass_81,79,2,2,Position_Unknown,Team_Unknown,Action_PreSnap,1235.22,670.74,1317.38,788.21,82.16000000000008,117.47000000000003,xml_geometry_csv_action
BootPass_81,79,20,20,Position_Unknown,Team_Unknown,Action_PreSnap,1169.86,344.69,1237.77,411.72,67.91000000000008,67.03000000000003,xml_geometry_csv_action
BootPass_81,79,21,21,Position_Unknown,Team_Unknown,Action_PreSnap,1161.06,304.79,1225.09,360.22,64.02999999999997,55.43000000000001,xml_geometry_csv_action
BootPass_81,79,3,3,Position_Unknown,Team_Unknown,Action_PreSnap,1042.26,476.05,1137.6,559.19,95.33999999999992,83.14000000000004,xml_geometry_csv_action
BootPass_81,79,4,4,Position_Unknown,Team_Unknown,Action_PreSnap,1002.53,335.86,1096.13,408.12,93.60000000000014,72.25999999999999,xml_geometry_csv_action
BootPass_81,79,5,5,Position_Unknown,Team_Unknown,Action_PreSnap,1246.12,281.63,1312.46,378.95,66.34000000000015,97.32,xml_geometry_csv_action
BootPass_81,79,6,6,Position_Unknown,Team_Unknown,Action_PreSnap,1098.36,677.39,1161.29,793.74,62.930000000000064,116.35000000000002,xml_geometry_csv_action
BootPass_81,79,7,7,Position_Unknown,Team_Unknown,Action_PreSnap,1035.82,393.91,1131.23,471.7,95.41000000000008,77.78999999999996,xml_geometry_csv_action
BootPass_81,79,8,8,Position_Unknown,Team_Unknown,Action_PreSnap,345.09,465.92,411.79,581.91,66.70000000000005,115.98999999999995,xml_geometry_csv_action
BootPass_81,79,9,9,Position_Unknown,Team_Unknown,Action_PreSnap,771.72,694.17,837.87,819.03,66.14999999999998,124.86000000000001,xml_geometry_csv_action
BootPass_81,80,0,0,Position_Unknown,Team_Unknown,Action_PreSnap,1299.53,709.65,1394.77,825.25,95.24000000000001,115.60000000000002,xml_geometry_csv_action
BootPass_81,80,1,1,Position_Unknown,Team_Unknown,Action_PreSnap,1141.82,210.31,1226.59,314.09,84.76999999999998,103.77999999999997,xml_geometry_csv_action
BootPass_81,80,10,10,Position_Unknown,Team_Unknown,Action_PreSnap,1196.24,438.38,1265.43,529.14,69.19000000000005,90.75999999999999,xml_geometry_csv_action
BootPass_81,80,11,11,Position_Unknown,Team_Unknown,Action_PreSnap,888.03,430.63,946.57,529.48,58.54000000000008,98.85000000000002,xml_geometry_csv_action
BootPass_81,80,12,12,Position_Unknown,Team_Unknown,Action_PreSnap,1445.02,390.53,1505.86,501.69,60.83999999999992,111.16000000000003,xml_geometry_csv_action
BootPass_81,80,13,13,Position_Unknown,Team_Unknown,Action_PreSnap,829.87,321.29,898.21,448.53,68.34000000000003,127.23999999999995,xml_geometry_csv_action
BootPass_81,80,14,14,Position_Unknown,Team_Unknown,Action_PreSnap,1138.25,369.73,1211.06,452.39,72.80999999999995,82.65999999999997,xml_geometry_csv_action
BootPass_81,80,15,15,Position_Unknown,Team_Unknown,Action_PreSnap,986.32,220.34,1038.83,318.49,52.50999999999988,98.15,xml_geometry_csv_action
BootPass_81,80,16,16,Position_Unknown,Team_Unknown,Action_PreSnap,810.29,245.88,855.9,368.31,45.610000000000014,122.43,xml_geometry_csv_action
BootPass_81,80,17,17,Position_Unknown,Team_Unknown,Action_PreSnap,1011.48,284.49,1108.71,354.14,97.23000000000002,69.64999999999998,xml_geometry_csv_action
BootPass_81,80,18,18,Position_Unknown,Team_Unknown,Action_PreSnap,1428.75,315.73,1479.9,443.2,51.15000000000009,127.46999999999997,xml_geometry_csv_action
BootPass_81,80,19,19,Position_Unknown,Team_Unknown,Action_PreSnap,1180.58,405.29,1247.34,486.54,66.75999999999999,81.25,xml_geometry_csv_action
BootPass_81,80,2,2,Position_Unknown,Team_Unknown,Action_PreSnap,1235.02,670.71,1317.17,788.15,82.15000000000009,117.43999999999994,xml_geometry_csv_action
BootPass_81,80,20,20,Position_Unknown,Team_Unknown,Action_PreSnap,1169.79,344.73,1237.74,411.79,67.95000000000005,67.06,xml_geometry_csv_action
BootPass_81,80,21,21,Position_Unknown,Team_Unknown,Action_PreSnap,1160.75,304.72,1224.98,360.1,64.23000000000002,55.379999999999995,xml_geometry_csv_action
BootPass_81,80,3,3,Position_Unknown,Team_Unknown,Action_PreSnap,1042.19,476.13,1137.68,559.21,95.49000000000001,83.08000000000004,xml_geometry_csv_action
BootPass_81,80,4,4,Position_Unknown,Team_Unknown,Action_PreSnap,1002.61,336.01,1096.08,408.06,93.46999999999991,72.05000000000001,xml_geometry_csv_action
BootPass_81,80,5,5,Position_Unknown,Team_Unknown,Action_PreSnap,1246.09,281.55,1312.44,378.9,66.35000000000014,97.34999999999997,xml_geometry_csv_action
BootPass_81,80,6,6,Position_Unknown,Team_Unknown,Action_PreSnap,1098.3,677.05,1161.2,793.81,62.90000000000009,116.75999999999999,xml_geometry_csv_action
BootPass_81,80,7,7,Position_Unknown,Team_Unknown,Action_PreSnap,1035.52,394.03,1131.21,471.65,95.69000000000005,77.62,xml_geometry_csv_action
BootPass_81,80,8,8,Position_Unknown,Team_Unknown,Action_PreSnap,344.83,465.98,411.71,581.83,66.88,115.85000000000002,xml_geometry_csv_action
BootPass_81,80,9,9,Position_Unknown,Team_Unknown,Action_PreSnap,771.79,694.09,837.91,818.89,66.12,124.79999999999995,xml_geometry_csv_action
BootPass_81,81,0,0,Position_Unknown,Team_Unknown,Action_PreSnap,1299.57,709.75,1394.88,825.29,95.31000000000017,115.53999999999996,xml_geometry_csv_action
BootPass_81,81,1,1,Position_Unknown,Team_Unknown,Action_PreSnap,1141.95,210.36,1226.69,314.09,84.74000000000001,103.72999999999996,xml_geometry_csv_action
BootPass_81,81,10,10,Position_Unknown,Team_Unknown,Action_PreSnap,1196.4,438.33,1265.5,529.32,69.09999999999991,90.99000000000007,xml_geometry_csv_action
BootPass_81,81,11,11,Position_Unknown,Team_Unknown,Action_PreSnap,888.15,430.58,946.72,529.56,58.57000000000005,98.97999999999996,xml_geometry_csv_action
BootPass_81,81,12,12,Position_Unknown,Team_Unknown,Action_PreSnap,1445.01,391.02,1506.17,501.75,61.16000000000008,110.73000000000002,xml_geometry_csv_action
BootPass_81,81,13,13,Position_Unknown,Team_Unknown,Action_PreSnap,829.95,321.43,895.37,448.68,65.41999999999996,127.25,xml_geometry_csv_action
BootPass_81,81,14,14,Position_Unknown,Team_Unknown,Action_PreSnap,1138.32,369.77,1211.07,452.51,72.75,82.74000000000001,xml_geometry_csv_action
BootPass_81,81,15,15,Position_Unknown,Team_Unknown,Action_PreSnap,986.46,220.47,1038.83,318.68,52.36999999999989,98.21000000000001,xml_geometry_csv_action
BootPass_81,81,16,16,Position_Unknown,Team_Unknown,Action_PreSnap,810.51,245.98,855.91,368.35,45.39999999999998,122.37000000000003,xml_geometry_csv_action
BootPass_81,81,17,17,Position_Unknown,Team_Unknown,Action_PreSnap,1012.18,284.46,1109.06,353.79,96.88,69.33000000000004,xml_geometry_csv_action
BootPass_81,81,18,18,Position_Unknown,Team_Unknown,Action_PreSnap,1429.3,316.41,1480.4,443.0,51.100000000000136,126.58999999999997,xml_geometry_csv_action
BootPass_81,81,19,19,Position_Unknown,Team_Unknown,Action_PreSnap,1180.72,405.36,1247.5,486.56,66.77999999999997,81.19999999999999,xml_geometry_csv_action
BootPass_81,81,2,2,Position_Unknown,Team_Unknown,Action_PreSnap,1235.21,670.83,1317.25,788.11,82.03999999999996,117.27999999999997,xml_geometry_csv_action
BootPass_81,81,20,20,Position_Unknown,Team_Unknown,Action_PreSnap,1169.99,344.86,1237.79,411.86,67.79999999999995,67.0,xml_geometry_csv_action
BootPass_81,81,21,21,Position_Unknown,Team_Unknown,Action_PreSnap,1160.89,304.88,1225.09,360.17,64.19999999999982,55.29000000000002,xml_geometry_csv_action
BootPass_81,81,3,3,Position_Unknown,Team_Unknown,Action_PreSnap,1042.5,476.21,1137.83,559.35,95.32999999999993,83.14000000000004,xml_geometry_csv_action
BootPass_81,81,4,4,Position_Unknown,Team_Unknown,Action_PreSnap,1002.61,335.99,1096.2,408.1,93.59000000000003,72.11000000000001,xml_geometry_csv_action
BootPass_81,81,5,5,Position_Unknown,Team_Unknown,Action_PreSnap,1246.21,281.6,1312.53,378.83,66.31999999999994,97.22999999999996,xml_geometry_csv_action
BootPass_81,81,6,6,Position_Unknown,Team_Unknown,Action_PreSnap,1098.36,676.98,1161.11,793.69,62.75,116.71000000000004,xml_geometry_csv_action
BootPass_81,81,7,7,Position_Unknown,Team_Unknown,Action_PreSnap,1035.67,394.2,1131.24,471.73,95.56999999999994,77.53000000000003,xml_geometry_csv_action
BootPass_81,81,8,8,Position_Unknown,Team_Unknown,Action_PreSnap,345.03,466.05,411.8,581.86,66.77000000000004,115.81,xml_geometry_csv_action
BootPass_81,81,9,9,Position_Unknown,Team_Unknown,Action_PreSnap,771.97,694.04,838.1,818.95,66.13,124.91000000000008,xml_geometry_csv_action
BootPass_81,82,0,0,Position_Unknown,Team_Unknown,Action_PreSnap,1299.6,709.83,1395.0,825.34,95.40000000000009,115.50999999999999,xml_geometry_csv_action
BootPass_81,82,1,1,Position_Unknown,Team_Unknown,Action_PreSnap,1141.94,210.37,1226.76,314.21,84.81999999999994,103.83999999999997,xml_geometry_csv_action
BootPass_81,82,10,10,Position_Unknown,Team_Unknown,Action_PreSnap,1196.54,438.37,1265.6,529.48,69.05999999999995,91.11000000000001,xml_geometry_csv_action
BootPass_81,82,11,11,Position_Unknown,Team_Unknown,Action_PreSnap,888.13,430.47,946.77,529.54,58.639999999999986,99.06999999999994,xml_geometry_csv_action
BootPass_81,82,12,12,Position_Unknown,Team_Unknown,Action_PreSnap,1445.11,391.48,1506.2,501.91,61.090000000000146,110.43,xml_geometry_csv_action
BootPass_81,82,13,13,Position_Unknown,Team_Unknown,Action_PreSnap,829.91,321.51,891.1,448.78,61.190000000000055,127.26999999999998,xml_geometry_csv_action
BootPass_81,82,14,14,Position_Unknown,Team_Unknown,Action_PreSnap,1138.29,369.71,1211.01,452.69,72.72000000000003,82.98000000000002,xml_geometry_csv_action
BootPass_81,82,15,15,Position_Unknown,Team_Unknown,Action_PreSnap,986.57,220.58,1038.81,318.79,52.239999999999895,98.21000000000001,xml_geometry_csv_action
BootPass_81,82,16,16,Position_Unknown,Team_Unknown,Action_PreSnap,810.74,246.12,855.84,368.35,45.10000000000002,122.23000000000002,xml_geometry_csv_action
BootPass_81,82,17,17,Position_Unknown,Team_Unknown,Action_PreSnap,1012.94,284.36,1109.65,353.46,96.71000000000004,69.09999999999997,xml_geometry_csv_action
BootPass_81,82,18,18,Position_Unknown,Team_Unknown,Action_PreSnap,1429.5,317.49,1479.75,443.49,50.25,126.0,xml_geometry_csv_action
BootPass_81,82,19,19,Position_Unknown,Team_Unknown,Action_PreSnap,1180.76,405.5,1247.59,486.55,66.82999999999993,81.05000000000001,xml_geometry_csv_action
BootPass_81,82,2,2,Position_Unknown,Team_Unknown,Action_PreSnap,1235.28,670.94,1317.25,788.08,81.97000000000003,117.13999999999999,xml_geometry_csv_action
BootPass_81,82,20,20,Position_Unknown,Team_Unknown,Action_PreSnap,1170.17,344.85,1237.86,411.86,67.68999999999983,67.00999999999999,xml_geometry_csv_action
BootPass_81,82,21,21,Position_Unknown,Team_Unknown,Action_PreSnap,1160.98,304.95,1225.17,360.34,64.19000000000005,55.389999999999986,xml_geometry_csv_action
BootPass_81,82,3,3,Position_Unknown,Team_Unknown,Action_PreSnap,1042.85,476.46,1137.87,559.46,95.01999999999998,83.00000000000006,xml_geometry_csv_action
BootPass_81,82,4,4,Position_Unknown,Team_Unknown,Action_PreSnap,1002.58,336.23,1096.33,408.04,93.74999999999989,71.81,xml_geometry_csv_action
BootPass_81,82,5,5,Position_Unknown,Team_Unknown,Action_PreSnap,1246.27,281.66,1312.66,379.11,66.3900000000001,97.44999999999999,xml_geometry_csv_action
BootPass_81,82,6,6,Position_Unknown,Team_Unknown,Action_PreSnap,1098.31,676.95,1160.96,793.56,62.65000000000009,116.6099999999999,xml_geometry_csv_action
BootPass_81,82,7,7,Position_Unknown,Team_Unknown,Action_PreSnap,1035.88,394.32,1131.19,471.68,95.30999999999995,77.36000000000001,xml_geometry_csv_action
BootPass_81,82,8,8,Position_Unknown,Team_Unknown,Action_PreSnap,345.19,466.34,411.84,581.88,66.64999999999998,115.54000000000002,xml_geometry_csv_action
BootPass_81,82,9,9,Position_Unknown,Team_Unknown,Action_PreSnap,772.03,694.04,838.17,819.0,66.13999999999999,124.96000000000004,xml_geometry_csv_action
BootPass_81,83,0,0,Position_Unknown,Team_Unknown,Action_PreSnap,1299.16,709.72,1394.53,825.12,95.36999999999989,115.39999999999998,xml_geometry_csv_action
BootPass_81,83,1,1,Position_Unknown,Team_Unknown,Action_PreSnap,1141.48,210.25,1226.32,314.12,84.83999999999992,103.87,xml_geometry_csv_action
BootPass_81,83,10,10,Position_Unknown,Team_Unknown,Action_PreSnap,1196.15,438.28,1265.25,529.33,69.09999999999991,91.05000000000007,xml_geometry_csv_action
BootPass_81,83,11,11,Position_Unknown,Team_Unknown,Action_PreSnap,887.29,430.36,945.97,529.48,58.680000000000064,99.12,xml_geometry_csv_action
BootPass_81,83,12,12,Position_Unknown,Team_Unknown,Action_PreSnap,1444.74,390.99,1505.8,501.6,61.059999999999945,110.61000000000001,xml_geometry_csv_action
BootPass_81,83,13,13,Position_Unknown,Team_Unknown,Action_PreSnap,829.25,321.34,888.29,448.51,59.039999999999964,127.17000000000002,xml_geometry_csv_action
BootPass_81,83,14,14,Position_Unknown,Team_Unknown,Action_PreSnap,1137.73,369.59,1210.62,452.47,72.88999999999987,82.88000000000005,xml_geometry_csv_action
BootPass_81,83,15,15,Position_Unknown,Team_Unknown,Action_PreSnap,986.0,220.52,1038.25,318.6,52.25,98.08000000000001,xml_geometry_csv_action
BootPass_81,83,16,16,Position_Unknown,Team_Unknown,Action_PreSnap,810.45,246.0,855.43,368.27,44.979999999999905,122.26999999999998,xml_geometry_csv_action
BootPass_81,83,17,17,Position_Unknown,Team_Unknown,Action_PreSnap,1012.5,283.44,1109.46,353.24,96.96000000000004,69.80000000000001,xml_geometry_csv_action
BootPass_81,83,18,18,Position_Unknown,Team_Unknown,Action_PreSnap,1429.02,318.1,1479.09,443.67,50.069999999999936,125.57,xml_geometry_csv_action
BootPass_81,83,19,19,Position_Unknown,Team_Unknown,Action_PreSnap,1180.25,405.35,1247.22,486.37,66.97000000000003,81.01999999999998,xml_geometry_csv_action
BootPass_81,83,2,2,Position_Unknown,Team_Unknown,Action_PreSnap,1234.75,670.52,1316.84,787.97,82.08999999999992,117.45000000000005,xml_geometry_csv_action
BootPass_81,83,20,20,Position_Unknown,Team_Unknown,Action_PreSnap,1169.41,344.67,1237.51,411.71,68.09999999999991,67.03999999999996,xml_geometry_csv_action
BootPass_81,83,21,21,Position_Unknown,Team_Unknown,Action_PreSnap,1160.45,304.9,1224.8,360.01,64.34999999999991,55.110000000000014,xml_geometry_csv_action
BootPass_81,83,3,3,Position_Unknown,Team_Unknown,Action_PreSnap,1042.1,476.23,1137.29,559.05,95.19000000000005,82.81999999999994,xml_geometry_csv_action
BootPass_81,83,4,4,Position_Unknown,Team_Unknown,Action_PreSnap,1002.09,336.12,1095.84,407.91,93.74999999999989,71.79000000000002,xml_geometry_csv_action
BootPass_81,83,5,5,Position_Unknown,Team_Unknown,Action_PreSnap,1245.67,281.26,1312.29,378.89,66.61999999999989,97.63,xml_geometry_csv_action
BootPass_81,83,6,6,Position_Unknown,Team_Unknown,Action_PreSnap,1098.05,676.83,1160.29,793.37,62.24000000000001,116.53999999999996,xml_geometry_csv_action
BootPass_81,83,7,7,Position_Unknown,Team_Unknown,Action_PreSnap,1035.06,394.28,1130.78,471.59,95.72000000000003,77.31,xml_geometry_csv_action
BootPass_81,83,8,8,Position_Unknown,Team_Unknown,Action_PreSnap,344.51,466.39,411.38,581.83,66.87,115.44000000000005,xml_geometry_csv_action
BootPass_81,83,9,9,Position_Unknown,Team_Unknown,Action_PreSnap,771.49,693.88,837.88,818.76,66.38999999999999,124.88,xml_geometry_csv_action
BootPass_81,84,0,0,Position_Unknown,Team_Unknown,Action_PreSnap,1299.85,709.61,1395.14,825.04,95.29000000000019,115.42999999999995,xml_geometry_csv_action
BootPass_81,84,1,1,Position_Unknown,Team_Unknown,Action_PreSnap,1141.97,210.3,1226.84,314.2,84.86999999999989,103.89999999999998,xml_geometry_csv_action
BootPass_81,84,10,10,Position_Unknown,Team_Unknown,Action_PreSnap,1196.71,438.28,1265.84,529.23,69.12999999999988,90.95000000000005,xml_geometry_csv_action
BootPass_81,84,11,11,Position_Unknown,Team_Unknown,Action_PreSnap,888.18,430.32,946.59,529.43,58.41000000000008,99.10999999999996,xml_geometry_csv_action
BootPass_81,84,12,12,Position_Unknown,Team_Unknown,Action_PreSnap,1445.12,390.74,1506.3,501.59,61.180000000000064,110.84999999999997,xml_geometry_csv_action
BootPass_81,84,13,13,Position_Unknown,Team_Unknown,Action_PreSnap,829.89,321.22,887.33,448.38,57.440000000000055,127.15999999999997,xml_geometry_csv_action
BootPass_81,84,14,14,Position_Unknown,Team_Unknown,Action_PreSnap,1138.3,369.46,1211.18,452.31,72.88000000000011,82.85000000000002,xml_geometry_csv_action
BootPass_81,84,15,15,Position_Unknown,Team_Unknown,Action_PreSnap,986.82,220.35,1038.88,318.44,52.06000000000006,98.09,xml_geometry_csv_action
BootPass_81,84,16,16,Position_Unknown,Team_Unknown,Action_PreSnap,811.19,245.88,856.27,368.09,45.07999999999993,122.20999999999998,xml_geometry_csv_action
BootPass_81,84,17,17,Position_Unknown,Team_Unknown,Action_PreSnap,1012.85,282.83,1110.29,353.04,97.43999999999994,70.21000000000004,xml_geometry_csv_action
BootPass_81,84,18,18,Position_Unknown,Team_Unknown,Action_PreSnap,1429.49,318.55,1479.56,443.27,50.069999999999936,124.71999999999997,xml_geometry_csv_action
BootPass_81,84,19,19,Position_Unknown,Team_Unknown,Action_PreSnap,1180.86,405.18,1247.73,486.34,66.87000000000012,81.15999999999997,xml_geometry_csv_action
BootPass_81,84,2,2,Position_Unknown,Team_Unknown,Action_PreSnap,1235.3,670.41,1317.66,788.05,82.36000000000013,117.63999999999999,xml_geometry_csv_action
BootPass_81,84,20,20,Position_Unknown,Team_Unknown,Action_PreSnap,1170.12,344.68,1238.08,411.5,67.96000000000004,66.82,xml_geometry_csv_action
BootPass_81,84,21,21,Position_Unknown,Team_Unknown,Action_PreSnap,1161.44,305.01,1225.5,360.04,64.05999999999995,55.03000000000003,xml_geometry_csv_action
BootPass_81,84,3,3,Position_Unknown,Team_Unknown,Action_PreSnap,1042.94,476.07,1137.87,559.15,94.92999999999984,83.07999999999998,xml_geometry_csv_action
BootPass_81,84,4,4,Position_Unknown,Team_Unknown,Action_PreSnap,1002.4,336.08,1096.56,407.75,94.15999999999997,71.67000000000002,xml_geometry_csv_action
BootPass_81,84,5,5,Position_Unknown,Team_Unknown,Action_PreSnap,1246.33,281.33,1312.7,378.78,66.37000000000012,97.44999999999999,xml_geometry_csv_action
BootPass_81,84,6,6,Position_Unknown,Team_Unknown,Action_PreSnap,1098.47,676.62,1160.81,793.37,62.33999999999992,116.75,xml_geometry_csv_action
BootPass_81,84,7,7,Position_Unknown,Team_Unknown,Action_PreSnap,1035.99,394.27,1131.37,471.62,95.37999999999988,77.35000000000002,xml_geometry_csv_action
BootPass_81,84,8,8,Position_Unknown,Team_Unknown,Action_PreSnap,345.48,466.2,411.99,581.72,66.50999999999999,115.52000000000004,xml_geometry_csv_action
BootPass_81,84,9,9,Position_Unknown,Team_Unknown,Action_PreSnap,772.04,693.83,838.32,818.69,66.28000000000009,124.86000000000001,xml_geometry_csv_action
BootPass_81,85,0,0,Position_Unknown,Team_Unknown,Action_PreSnap,1299.12,709.76,1394.53,825.15,95.41000000000008,115.38999999999999,xml_geometry_csv_action
BootPass_81,85,1,1,Position_Unknown,Team_Unknown,Action_PreSnap,1141.54,210.34,1226.19,314.26,84.65000000000009,103.91999999999999,xml_geometry_csv_action
BootPass_81,85,10,10,Position_Unknown,Team_Unknown,Action_PreSnap,1196.15,438.3,1265.19,529.18,69.03999999999996,90.87999999999994,xml_geometry_csv_action
BootPass_81,85,11,11,Position_Unknown,Team_Unknown,Action_PreSnap,887.38,430.28,945.95,529.2,58.57000000000005,98.92000000000007,xml_geometry_csv_action
BootPass_81,85,12,12,Position_Unknown,Team_Unknown,Action_PreSnap,1444.86,390.61,1505.87,501.58,61.00999999999999,110.96999999999997,xml_geometry_csv_action
BootPass_81,85,13,13,Position_Unknown,Team_Unknown,Action_PreSnap,829.51,321.22,884.56,448.4,55.049999999999955,127.17999999999995,xml_geometry_csv_action
BootPass_81,85,14,14,Position_Unknown,Team_Unknown,Action_PreSnap,1137.75,369.58,1210.73,452.12,72.98000000000002,82.54000000000002,xml_geometry_csv_action
BootPass_81,85,15,15,Position_Unknown,Team_Unknown,Action_PreSnap,986.44,220.42,1038.65,318.49,52.210000000000036,98.07000000000002,xml_geometry_csv_action
BootPass_81,85,16,16,Position_Unknown,Team_Unknown,Action_PreSnap,810.93,245.92,856.18,368.19,45.25,122.27000000000001,xml_geometry_csv_action
BootPass_81,85,17,17,Position_Unknown,Team_Unknown,Action_PreSnap,1011.82,282.45,1110.06,353.35,98.2399999999999,70.90000000000003,xml_geometry_csv_action
BootPass_81,85,18,18,Position_Unknown,Team_Unknown,Action_PreSnap,1429.29,318.97,1479.6,443.17,50.309999999999945,124.19999999999999,xml_geometry_csv_action
BootPass_81,85,19,19,Position_Unknown,Team_Unknown,Action_PreSnap,1180.3,405.12,1247.19,486.33,66.8900000000001,81.20999999999998,xml_geometry_csv_action
BootPass_81,85,2,2,Position_Unknown,Team_Unknown,Action_PreSnap,1234.69,670.38,1316.92,787.98,82.23000000000002,117.60000000000002,xml_geometry_csv_action
BootPass_81,85,20,20,Position_Unknown,Team_Unknown,Action_PreSnap,1169.68,344.56,1237.68,411.5,68.0,66.94,xml_geometry_csv_action
BootPass_81,85,21,21,Position_Unknown,Team_Unknown,Action_PreSnap,1161.29,305.27,1225.32,360.08,64.02999999999997,54.81,xml_geometry_csv_action
BootPass_81,85,3,3,Position_Unknown,Team_Unknown,Action_PreSnap,1041.87,476.1,1137.33,559.03,95.46000000000004,82.92999999999995,xml_geometry_csv_action
BootPass_81,85,4,4,Position_Unknown,Team_Unknown,Action_PreSnap,1001.7,336.04,1096.08,407.65,94.37999999999988,71.60999999999996,xml_geometry_csv_action
BootPass_81,85,5,5,Position_Unknown,Team_Unknown,Action_PreSnap,1245.98,281.34,1312.38,378.85,66.40000000000009,97.51000000000005,xml_geometry_csv_action
BootPass_81,85,6,6,Position_Unknown,Team_Unknown,Action_PreSnap,1097.86,676.48,1160.08,793.62,62.22000000000003,117.13999999999999,xml_geometry_csv_action
BootPass_81,85,7,7,Position_Unknown,Team_Unknown,Action_PreSnap,1035.52,394.28,1130.92,471.64,95.40000000000009,77.36000000000001,xml_geometry_csv_action
BootPass_81,85,8,8,Position_Unknown,Team_Unknown,Action_PreSnap,344.96,466.39,411.5,581.72,66.54000000000002,115.33000000000004,xml_geometry_csv_action
BootPass_81,85,9,9,Position_Unknown,Team_Unknown,Action_PreSnap,771.43,693.92,837.9,818.78,66.47000000000003,124.86000000000001,xml_geometry_csv_action
BootPass_81,86,0,0,Position_Unknown,Team_Unknown,Action_PreSnap,1299.34,709.68,1394.71,825.25,95.37000000000012,115.57000000000005,xml_geometry_csv_action
BootPass_81,86,1,1,Position_Unknown,Team_Unknown,Action_PreSnap,1141.62,210.67,1226.45,314.3,84.83000000000015,103.63000000000002,xml_geometry_csv_action
BootPass_81,86,10,10,Position_Unknown,Team_Unknown,Action_PreSnap,1196.05,437.99,1265.01,529.12,68.96000000000004,91.13,xml_geometry_csv_action
BootPass_81,86,11,11,Position_Unknown,Team_Unknown,Action_PreSnap,887.6,430.23,945.83,529.12,58.23000000000002,98.88999999999999,xml_geometry_csv_action
BootPass_81,86,12,12,Position_Unknown,Team_Unknown,Action_PreSnap,1444.57,390.33,1506.0,501.33,61.430000000000064,111.0,xml_geometry_csv_action
BootPass_81,86,13,13,Position_Unknown,Team_Unknown,Action_PreSnap,829.31,321.59,882.44,448.19,53.13000000000011,126.60000000000002,xml_geometry_csv_action
BootPass_81,86,14,14,Position_Unknown,Team_Unknown,Action_PreSnap,1138.21,369.79,1211.14,452.69,72.93000000000006,82.89999999999998,xml_geometry_csv_action
BootPass_81,86,15,15,Position_Unknown,Team_Unknown,Action_PreSnap,986.6,220.54,1038.26,318.18,51.65999999999997,97.64000000000001,xml_geometry_csv_action
BootPass_81,86,16,16,Position_Unknown,Team_Unknown,Action_PreSnap,810.72,245.81,856.29,367.76,45.569999999999936,121.94999999999999,xml_geometry_csv_action
BootPass_81,86,17,17,Position_Unknown,Team_Unknown,Action_PreSnap,1011.23,282.11,1110.14,353.35,98.91000000000008,71.24000000000001,xml_geometry_csv_action
BootPass_81,86,18,18,Position_Unknown,Team_Unknown,Action_PreSnap,1428.99,319.56,1479.69,442.84,50.700000000000045,123.27999999999997,xml_geometry_csv_action
BootPass_81,86,19,19,Position_Unknown,Team_Unknown,Action_PreSnap,1180.65,405.24,1247.26,486.51,66.6099999999999,81.26999999999998,xml_geometry_csv_action
BootPass_81,86,2,2,Position_Unknown,Team_Unknown,Action_PreSnap,1235.0,670.44,1317.15,787.68,82.15000000000009,117.2399999999999,xml_geometry_csv_action
BootPass_81,86,20,20,Position_Unknown,Team_Unknown,Action_PreSnap,1169.45,344.56,1237.79,411.39,68.33999999999992,66.82999999999998,xml_geometry_csv_action
BootPass_81,86,21,21,Position_Unknown,Team_Unknown,Action_PreSnap,1161.03,305.33,1225.15,359.95,64.12000000000012,54.620000000000005,xml_geometry_csv_action
BootPass_81,86,3,3,Position_Unknown,Team_Unknown,Action_PreSnap,1042.08,475.77,1137.47,559.05,95.3900000000001,83.27999999999997,xml_geometry_csv_action
BootPass_81,86,4,4,Position_Unknown,Team_Unknown,Action_PreSnap,1001.7,336.26,1095.88,407.5,94.18000000000006,71.24000000000001,xml_geometry_csv_action
BootPass_81,86,5,5,Position_Unknown,Team_Unknown,Action_PreSnap,1246.42,281.27,1312.18,378.6,65.75999999999999,97.33000000000004,xml_geometry_csv_action
BootPass_81,86,6,6,Position_Unknown,Team_Unknown,Action_PreSnap,1097.82,676.53,1160.03,793.5,62.210000000000036,116.97000000000003,xml_geometry_csv_action
BootPass_81,86,7,7,Position_Unknown,Team_Unknown,Action_PreSnap,1035.24,394.18,1130.74,471.38,95.5,77.19999999999999,xml_geometry_csv_action
BootPass_81,86,8,8,Position_Unknown,Team_Unknown,Action_PreSnap,344.95,466.3,411.46,581.11,66.50999999999999,114.81,xml_geometry_csv_action
BootPass_81,86,9,9,Position_Unknown,Team_Unknown,Action_PreSnap,771.46,694.23,837.65,818.75,66.18999999999994,124.51999999999998,xml_geometry_csv_action
BootPass_81,87,0,0,Position_Unknown,Team_Unknown,Action_PreSnap,1299.39,709.71,1394.79,825.36,95.39999999999986,115.64999999999998,xml_geometry_csv_action
BootPass_81,87,1,1,Position_Unknown,Team_Unknown,Action_PreSnap,1141.56,210.82,1226.45,314.36,84.8900000000001,103.54000000000002,xml_geometry_csv_action
BootPass_81,87,10,10,Position_Unknown,Team_Unknown,Action_PreSnap,1195.9,437.91,1264.9,529.17,69.0,91.25999999999993,xml_geometry_csv_action
BootPass_81,87,11,11,Position_Unknown,Team_Unknown,Action_PreSnap,887.46,430.27,945.67,529.14,58.20999999999992,98.87,xml_geometry_csv_action
BootPass_81,87,12,12,Position_Unknown,Team_Unknown,Action_PreSnap,1444.46,390.65,1505.95,501.28,61.49000000000001,110.63,xml_geometry_csv_action
BootPass_81,87,13,13,Position_Unknown,Team_Unknown,Action_PreSnap,829.0,321.99,881.37,448.18,52.370000000000005,126.19,xml_geometry_csv_action
BootPass_81,87,14,14,Position_Unknown,Team_Unknown,Action_PreSnap,1138.32,369.99,1211.3,452.97,72.98000000000002,82.98000000000002,xml_geometry_csv_action
BootPass_81,87,15,15,Position_Unknown,Team_Unknown,Action_PreSnap,986.52,220.66,1037.91,318.18,51.3900000000001,97.52000000000001,xml_geometry_csv_action
BootPass_81,87,16,16,Position_Unknown,Team_Unknown,Action_PreSnap,810.71,245.83,856.49,367.93,45.77999999999997,122.1,xml_geometry_csv_action
BootPass_81,87,17,17,Position_Unknown,Team_Unknown,Action_PreSnap,1010.85,281.78,1110.36,353.5,99.50999999999988,71.72000000000003,xml_geometry_csv_action
BootPass_81,87,18,18,Position_Unknown,Team_Unknown,Action_PreSnap,1428.78,319.94,1479.78,442.99,51.0,123.05000000000001,xml_geometry_csv_action
BootPass_81,87,19,19,Position_Unknown,Team_Unknown,Action_PreSnap,1180.78,405.33,1247.3,486.61,66.51999999999998,81.28000000000003,xml_geometry_csv_action
BootPass_81,87,2,2,Position_Unknown,Team_Unknown,Action_PreSnap,1235.09,670.61,1317.2,787.71,82.11000000000013,117.10000000000002,xml_geometry_csv_action
BootPass_81,87,20,20,Position_Unknown,Team_Unknown,Action_PreSnap,1169.24,344.62,1237.82,411.37,68.57999999999993,66.75,xml_geometry_csv_action
BootPass_81,87,21,21,Position_Unknown,Team_Unknown,Action_PreSnap,1160.9,305.33,1225.13,359.93,64.23000000000002,54.60000000000002,xml_geometry_csv_action
BootPass_81,87,3,3,Position_Unknown,Team_Unknown,Action_PreSnap,1042.05,475.68,1137.41,559.2,95.36000000000013,83.52000000000004,xml_geometry_csv_action
BootPass_81,87,4,4,Position_Unknown,Team_Unknown,Action_PreSnap,1001.7,336.23,1095.62,407.54,93.91999999999985,71.31,xml_geometry_csv_action
BootPass_81,87,5,5,Position_Unknown,Team_Unknown,Action_PreSnap,1246.48,281.25,1312.2,378.63,65.72000000000003,97.38,xml_geometry_csv_action
BootPass_81,87,6,6,Position_Unknown,Team_Unknown,Action_PreSnap,1097.67,676.61,1159.88,793.56,62.210000000000036,116.94999999999993,xml_geometry_csv_action
BootPass_81,87,7,7,Position_Unknown,Team_Unknown,Action_PreSnap,1034.97,394.21,1130.57,471.33,95.59999999999991,77.12,xml_geometry_csv_action
BootPass_81,87,8,8,Position_Unknown,Team_Unknown,Action_PreSnap,344.9,466.36,411.38,580.96,66.48000000000002,114.60000000000002,xml_geometry_csv_action
BootPass_81,87,9,9,Position_Unknown,Team_Unknown,Action_PreSnap,771.28,694.34,837.38,818.86,66.10000000000002,124.51999999999998,xml_geometry_csv_action
BootPass_81,88,0,0,Position_Unknown,Team_Unknown,Action_PreSnap,1299.5,709.69,1394.77,825.37,95.26999999999998,115.67999999999995,xml_geometry_csv_action
BootPass_81,88,1,1,Position_Unknown,Team_Unknown,Action_PreSnap,1141.48,210.87,1226.51,314.34,85.02999999999997,103.46999999999997,xml_geometry_csv_action
BootPass_81,88,10,10,Position_Unknown,Team_Unknown,Action_PreSnap,1195.89,437.93,1264.84,529.19,68.94999999999982,91.26000000000005,xml_geometry_csv_action
BootPass_81,88,11,11,Position_Unknown,Team_Unknown,Action_PreSnap,887.64,430.22,945.62,529.1,57.98000000000002,98.88,xml_geometry_csv_action
BootPass_81,88,12,12,Position_Unknown,Team_Unknown,Action_PreSnap,1444.62,391.02,1506.0,501.21,61.38000000000011,110.19,xml_geometry_csv_action
BootPass_81,88,13,13,Position_Unknown,Team_Unknown,Action_PreSnap,828.91,322.46,880.07,448.06,51.16000000000008,125.60000000000002,xml_geometry_csv_action
BootPass_81,88,14,14,Position_Unknown,Team_Unknown,Action_PreSnap,1138.35,370.04,1211.34,453.07,72.99000000000001,83.02999999999997,xml_geometry_csv_action
BootPass_81,88,15,15,Position_Unknown,Team_Unknown,Action_PreSnap,986.65,220.66,1037.93,318.13,51.280000000000086,97.47,xml_geometry_csv_action
BootPass_81,88,16,16,Position_Unknown,Team_Unknown,Action_PreSnap,810.93,245.91,856.66,367.95,45.73000000000002,122.03999999999999,xml_geometry_csv_action
BootPass_81,88,17,17,Position_Unknown,Team_Unknown,Action_PreSnap,1010.43,281.79,1110.46,353.75,100.03000000000009,71.95999999999998,xml_geometry_csv_action
BootPass_81,88,18,18,Position_Unknown,Team_Unknown,Action_PreSnap,1428.85,320.31,1479.75,442.96,50.90000000000009,122.64999999999998,xml_geometry_csv_action
BootPass_81,88,19,19,Position_Unknown,Team_Unknown,Action_PreSnap,1180.8,405.26,1247.26,486.64,66.46000000000004,81.38,xml_geometry_csv_action
BootPass_81,88,2,2,Position_Unknown,Team_Unknown,Action_PreSnap,1235.16,670.72,1317.29,787.65,82.12999999999988,116.92999999999995,xml_geometry_csv_action
BootPass_81,88,20,20,Position_Unknown,Team_Unknown,Action_PreSnap,1169.21,344.52,1237.84,411.32,68.62999999999988,66.80000000000001,xml_geometry_csv_action
BootPass_81,88,21,21,Position_Unknown,Team_Unknown,Action_PreSnap,1160.68,305.2,1225.02,359.85,64.33999999999992,54.650000000000034,xml_geometry_csv_action
BootPass_81,88,3,3,Position_Unknown,Team_Unknown,Action_PreSnap,1042.01,475.64,1137.41,559.26,95.40000000000009,83.62,xml_geometry_csv_action
BootPass_81,88,4,4,Position_Unknown,Team_Unknown,Action_PreSnap,1001.68,336.39,1095.47,407.57,93.79000000000008,71.18,xml_geometry_csv_action
BootPass_81,88,5,5,Position_Unknown,Team_Unknown,Action_PreSnap,1246.58,281.31,1312.14,378.64,65.56000000000017,97.32999999999998,xml_geometry_csv_action
BootPass_81,88,6,6,Position_Unknown,Team_Unknown,Action_PreSnap,1097.72,676.66,1159.9,793.58,62.180000000000064,116.92000000000007,xml_geometry_csv_action
BootPass_81,88,7,7,Position_Unknown,Team_Unknown,Action_PreSnap,1034.96,394.24,1130.52,471.31,95.55999999999995,77.07,xml_geometry_csv_action
BootPass_81,88,8,8,Position_Unknown,Team_Unknown,Action_PreSnap,344.92,466.47,411.27,580.88,66.34999999999997,114.40999999999997,xml_geometry_csv_action
BootPass_81,88,9,9,Position_Unknown,Team_Unknown,Action_PreSnap,771.27,694.4,837.46,818.92,66.19000000000005,124.51999999999998,xml_geometry_csv_action
BootPass_81,89,0,0,Position_Unknown,Team_Unknown,Action_PreSnap,1299.2,709.79,1394.53,825.49,95.32999999999993,115.70000000000005,xml_geometry_csv_action
BootPass_81,89,1,1,Position_Unknown,Team_Unknown,Action_PreSnap,1141.3,210.92,1226.29,314.52,84.99000000000001,103.6,xml_geometry_csv_action
BootPass_81,89,10,10,Position_Unknown,Team_Unknown,Action_PreSnap,1195.76,437.96,1264.79,529.22,69.02999999999997,91.26000000000005,xml_geometry_csv_action
BootPass_81,89,11,11,Position_Unknown,Team_Unknown,Action_PreSnap,887.15,430.2,945.37,529.2,58.22000000000003,99.00000000000006,xml_geometry_csv_action
BootPass_81,89,12,12,Position_Unknown,Team_Unknown,Action_PreSnap,1444.46,391.75,1505.79,501.36,61.32999999999993,109.61000000000001,xml_geometry_csv_action
BootPass_81,89,13,13,Position_Unknown,Team_Unknown,Action_PreSnap,828.81,323.02,879.34,448.11,50.530000000000086,125.09000000000003,xml_geometry_csv_action
BootPass_81,89,14,14,Position_Unknown,Team_Unknown,Action_PreSnap,1138.27,370.08,1211.11,453.06,72.83999999999992,82.98000000000002,xml_geometry_csv_action
BootPass_81,89,15,15,Position_Unknown,Team_Unknown,Action_PreSnap,986.49,220.8,1037.71,318.11,51.22000000000003,97.31,xml_geometry_csv_action
BootPass_81,89,16,16,Position_Unknown,Team_Unknown,Action_PreSnap,810.88,245.98,856.81,368.09,45.92999999999995,122.10999999999999,xml_geometry_csv_action
BootPass_81,89,17,17,Position_Unknown,Team_Unknown,Action_PreSnap,1010.02,281.91,1110.44,353.9,100.42000000000007,71.98999999999995,xml_geometry_csv_action
BootPass_81,89,18,18,Position_Unknown,Team_Unknown,Action_PreSnap,1428.73,320.7,1479.93,443.06,51.200000000000045,122.36000000000001,xml_geometry_csv_action
BootPass_81,89,19,19,Position_Unknown,Team_Unknown,Action_PreSnap,1180.6,405.23,1247.14,486.66,66.54000000000019,81.43,xml_geometry_csv_action
BootPass_81,89,2,2,Position_Unknown,Team_Unknown,Action_PreSnap,1235.08,670.78,1316.98,787.81,81.90000000000009,117.02999999999997,xml_geometry_csv_action
BootPass_81,89,20,20,Position_Unknown,Team_Unknown,Action_PreSnap,1168.93,344.65,1237.7,411.39,68.76999999999998,66.74000000000001,xml_geometry_csv_action
BootPass_81,89,21,21,Position_Unknown,Team_Unknown,Action_PreSnap,1160.47,305.46,1224.85,359.88,64.37999999999988,54.420000000000016,xml_geometry_csv_action
BootPass_81,89,3,3,Position_Unknown,Team_Unknown,Action_PreSnap,1041.93,475.63,1137.19,559.21,95.25999999999999,83.58000000000004,xml_geometry_csv_action
BootPass_81,89,4,4,Position_Unknown,Team_Unknown,Action_PreSnap,1001.58,336.53,1095.35,407.62,93.76999999999987,71.09000000000003,xml_geometry_csv_action
BootPass_81,89,5,5,Position_Unknown,Team_Unknown,Action_PreSnap,1246.22,281.22,1311.99,378.65,65.76999999999998,97.42999999999995,xml_geometry_csv_action
BootPass_81,89,6,6,Position_Unknown,Team_Unknown,Action_PreSnap,1097.54,676.71,1159.63,793.61,62.090000000000146,116.89999999999998,xml_geometry_csv_action
BootPass_81,89,7,7,Position_Unknown,Team_Unknown,Action_PreSnap,1034.68,394.25,1130.35,471.34,95.66999999999985,77.08999999999997,xml_geometry_csv_action
BootPass_81,89,8,8,Position_Unknown,Team_Unknown,Action_PreSnap,344.91,466.67,411.25,580.84,66.33999999999997,114.17000000000002,xml_geometry_csv_action
BootPass_81,89,9,9,Position_Unknown,Team_Unknown,Action_PreSnap,771.06,694.4,837.13,819.07,66.07000000000005,124.67000000000007,xml_geometry_csv_action
BootPass_81,90,0,0,Position_Unknown,Team_Unknown,Action_PreSnap,1299.22,709.94,1394.56,825.85,95.33999999999992,115.90999999999997,xml_geometry_csv_action
BootPass_81,90,1,1,Position_Unknown,Team_Unknown,Action_PreSnap,1141.16,211.14,1226.29,314.57,85.12999999999988,103.43,xml_geometry_csv_action
BootPass_81,90,10,10,Position_Unknown,Team_Unknown,Action_PreSnap,1195.6,438.22,1264.75,529.39,69.15000000000009,91.16999999999996,xml_geometry_csv_action
BootPass_81,90,11,11,Position_Unknown,Team_Unknown,Action_PreSnap,887.08,430.3,945.47,529.42,58.389999999999986,99.11999999999995,xml_geometry_csv_action
BootPass_81,90,12,12,Position_Unknown,Team_Unknown,Action_PreSnap,1444.28,392.18,1505.84,501.62,61.559999999999945,109.44,xml_geometry_csv_action
BootPass_81,90,13,13,Position_Unknown,Team_Unknown,Action_PreSnap,829.23,324.01,879.56,448.17,50.32999999999993,124.16000000000003,xml_geometry_csv_action
BootPass_81,90,14,14,Position_Unknown,Team_Unknown,Action_PreSnap,1138.25,370.24,1211.17,453.53,72.92000000000007,83.28999999999996,xml_geometry_csv_action
BootPass_81,90,15,15,Position_Unknown,Team_Unknown,Action_PreSnap,986.46,221.0,1037.54,318.36,51.07999999999993,97.36000000000001,xml_geometry_csv_action
BootPass_81,90,16,16,Position_Unknown,Team_Unknown,Action_PreSnap,811.01,246.13,857.09,368.32,46.08000000000004,122.19,xml_geometry_csv_action
BootPass_81,90,17,17,Position_Unknown,Team_Unknown,Action_PreSnap,1009.83,281.96,1110.73,354.05,100.89999999999998,72.09000000000003,xml_geometry_csv_action
BootPass_81,90,18,18,Position_Unknown,Team_Unknown,Action_PreSnap,1428.63,321.0,1480.01,443.88,51.37999999999988,122.88,xml_geometry_csv_action
BootPass_81,90,19,19,Position_Unknown,Team_Unknown,Action_PreSnap,1180.47,405.49,1247.15,486.9,66.68000000000006,81.40999999999997,xml_geometry_csv_action
BootPass_81,90,2,2,Position_Unknown,Team_Unknown,Action_PreSnap,1235.18,671.11,1316.86,787.88,81.67999999999984,116.76999999999998,xml_geometry_csv_action
BootPass_81,90,20,20,Position_Unknown,Team_Unknown,Action_PreSnap,1169.02,344.84,1237.85,411.63,68.82999999999993,66.79000000000002,xml_geometry_csv_action
BootPass_81,90,21,21,Position_Unknown,Team_Unknown,Action_PreSnap,1160.01,305.43,1224.62,360.05,64.6099999999999,54.620000000000005,xml_geometry_csv_action
BootPass_81,90,3,3,Position_Unknown,Team_Unknown,Action_PreSnap,1041.9,475.93,1137.38,559.59,95.48000000000002,83.66000000000003,xml_geometry_csv_action
BootPass_81,90,4,4,Position_Unknown,Team_Unknown,Action_PreSnap,1001.54,336.66,1095.39,407.81,93.85000000000014,71.14999999999998,xml_geometry_csv_action
BootPass_81,90,5,5,Position_Unknown,Team_Unknown,Action_PreSnap,1246.21,281.35,1311.95,378.76,65.74000000000001,97.40999999999997,xml_geometry_csv_action
BootPass_81,90,6,6,Position_Unknown,Team_Unknown,Action_PreSnap,1097.35,676.95,1159.59,793.4,62.24000000000001,116.44999999999993,xml_geometry_csv_action
BootPass_81,90,7,7,Position_Unknown,Team_Unknown,Action_PreSnap,1034.58,394.54,1130.25,471.54,95.67000000000007,77.0,xml_geometry_csv_action
BootPass_81,90,8,8,Position_Unknown,Team_Unknown,Action_PreSnap,344.89,467.1,411.31,581.09,66.42000000000002,113.99000000000001,xml_geometry_csv_action
BootPass_81,90,9,9,Position_Unknown,Team_Unknown,Action_PreSnap,770.96,694.56,837.06,819.3,66.09999999999991,124.74000000000001,xml_geometry_csv_action
BootPass_81,91,0,0,Position_Unknown,Team_Unknown,Action_PreSnap,1299.06,710.01,1394.27,826.02,95.21000000000004,116.00999999999999,xml_geometry_csv_action
BootPass_81,91,1,1,Position_Unknown,Team_Unknown,Action_PreSnap,1140.66,211.24,1226.1,314.76,85.43999999999983,103.51999999999998,xml_geometry_csv_action
BootPass_81,91,10,10,Position_Unknown,Team_Unknown,Action_PreSnap,1195.48,438.6,1264.51,529.49,69.02999999999997,90.88999999999999,xml_geometry_csv_action
BootPass_81,91,11,11,Position_Unknown,Team_Unknown,Action_PreSnap,886.38,430.27,944.92,529.69,58.539999999999964,99.42000000000007,xml_geometry_csv_action
BootPass_81,91,12,12,Position_Unknown,Team_Unknown,Action_PreSnap,1444.14,392.79,1505.49,501.68,61.34999999999991,108.88999999999999,xml_geometry_csv_action
BootPass_81,91,13,13,Position_Unknown,Team_Unknown,Action_PreSnap,829.0,324.9,879.42,448.34,50.41999999999996,123.44,xml_geometry_csv_action
BootPass_81,91,14,14,Position_Unknown,Team_Unknown,Action_PreSnap,1137.94,370.41,1210.7,453.62,72.75999999999999,83.20999999999998,xml_geometry_csv_action
BootPass_81,91,15,15,Position_Unknown,Team_Unknown,Action_PreSnap,986.18,221.13,1037.34,318.47,51.15999999999997,97.34000000000003,xml_geometry_csv_action
BootPass_81,91,16,16,Position_Unknown,Team_Unknown,Action_PreSnap,810.72,246.05,856.95,368.36,46.23000000000002,122.31,xml_geometry_csv_action
BootPass_81,91,17,17,Position_Unknown,Team_Unknown,Action_PreSnap,1009.52,282.09,1110.87,354.08,101.34999999999991,71.99000000000001,xml_geometry_csv_action
BootPass_81,91,18,18,Position_Unknown,Team_Unknown,Action_PreSnap,1428.3,321.08,1480.15,444.32,51.850000000000136,123.24000000000001,xml_geometry_csv_action
BootPass_81,91,19,19,Position_Unknown,Team_Unknown,Action_PreSnap,1180.11,405.54,1246.91,487.19,66.80000000000018,81.64999999999998,xml_geometry_csv_action
BootPass_81,91,2,2,Position_Unknown,Team_Unknown,Action_PreSnap,1235.04,671.38,1316.8,787.81,81.75999999999999,116.42999999999995,xml_geometry_csv_action
BootPass_81,91,20,20,Position_Unknown,Team_Unknown,Action_PreSnap,1168.83,345.04,1237.69,411.75,68.86000000000013,66.70999999999998,xml_geometry_csv_action
BootPass_81,91,21,21,Position_Unknown,Team_Unknown,Action_PreSnap,1159.43,305.44,1224.12,360.14,64.68999999999983,54.69999999999999,xml_geometry_csv_action
BootPass_81,91,3,3,Position_Unknown,Team_Unknown,Action_PreSnap,1041.82,476.01,1136.94,559.79,95.12000000000012,83.77999999999997,xml_geometry_csv_action
BootPass_81,91,4,4,Position_Unknown,Team_Unknown,Action_PreSnap,1001.21,336.68,1094.96,407.94,93.75,71.25999999999999,xml_geometry_csv_action
BootPass_81,91,5,5,Position_Unknown,Team_Unknown,Action_PreSnap,1245.98,281.38,1311.58,378.73,65.59999999999991,97.35000000000002,xml_geometry_csv_action
BootPass_81,91,6,6,Position_Unknown,Team_Unknown,Action_PreSnap,1097.02,677.01,1159.41,793.38,62.3900000000001,116.37,xml_geometry_csv_action
BootPass_81,91,7,7,Position_Unknown,Team_Unknown,Action_PreSnap,1034.21,394.56,1130.03,471.57,95.81999999999994,77.00999999999999,xml_geometry_csv_action
BootPass_81,91,8,8,Position_Unknown,Team_Unknown,Action_PreSnap,344.67,467.41,411.2,581.2,66.52999999999997,113.79000000000002,xml_geometry_csv_action
BootPass_81,91,9,9,Position_Unknown,Team_Unknown,Action_PreSnap,770.63,694.68,836.53,819.72,65.89999999999998,125.04000000000008,xml_geometry_csv_action
BootPass_81,92,0,0,Position_Unknown,Team_Unknown,Action_PreSnap,1299.29,710.63,1394.37,826.61,95.07999999999993,115.98000000000002,xml_geometry_csv_action
BootPass_81,92,1,1,Position_Unknown,Team_Unknown,Action_PreSnap,1140.54,211.76,1226.07,315.05,85.52999999999997,103.29000000000002,xml_geometry_csv_action
BootPass_81,92,10,10,Position_Unknown,Team_Unknown,Action_PreSnap,1195.56,438.95,1264.5,529.96,68.94000000000005,91.01000000000005,xml_geometry_csv_action
BootPass_81,92,11,11,Position_Unknown,Team_Unknown,Action_PreSnap,886.26,430.5,944.79,530.18,58.52999999999997,99.67999999999995,xml_geometry_csv_action
BootPass_81,92,12,12,Position_Unknown,Team_Unknown,Action_PreSnap,1444.23,393.06,1505.59,502.03,61.3599999999999,108.96999999999997,xml_geometry_csv_action
BootPass_81,92,13,13,Position_Unknown,Team_Unknown,Action_PreSnap,828.97,325.72,879.95,448.48,50.98000000000002,122.75999999999999,xml_geometry_csv_action
BootPass_81,92,14,14,Position_Unknown,Team_Unknown,Action_PreSnap,1137.88,370.72,1210.51,454.05,72.62999999999988,83.32999999999998,xml_geometry_csv_action
BootPass_81,92,15,15,Position_Unknown,Team_Unknown,Action_PreSnap,986.15,221.41,1037.47,318.81,51.32000000000005,97.4,xml_geometry_csv_action
BootPass_81,92,16,16,Position_Unknown,Team_Unknown,Action_PreSnap,810.79,246.28,857.2,368.95,46.41000000000008,122.66999999999999,xml_geometry_csv_action
BootPass_81,92,17,17,Position_Unknown,Team_Unknown,Action_PreSnap,1009.52,282.25,1111.01,353.98,101.49000000000001,71.73000000000002,xml_geometry_csv_action
BootPass_81,92,18,18,Position_Unknown,Team_Unknown,Action_PreSnap,1428.23,321.77,1479.96,444.71,51.73000000000002,122.94,xml_geometry_csv_action
BootPass_81,92,19,19,Position_Unknown,Team_Unknown,Action_PreSnap,1180.16,405.68,1246.88,487.29,66.72000000000003,81.61000000000001,xml_geometry_csv_action
BootPass_81,92,2,2,Position_Unknown,Team_Unknown,Action_PreSnap,1235.02,671.71,1316.78,788.1,81.75999999999999,116.38999999999999,xml_geometry_csv_action
BootPass_81,92,20,20,Position_Unknown,Team_Unknown,Action_PreSnap,1168.78,345.51,1237.51,412.06,68.73000000000002,66.55000000000001,xml_geometry_csv_action
BootPass_81,92,21,21,Position_Unknown,Team_Unknown,Action_PreSnap,1159.25,305.52,1223.96,360.43,64.71000000000004,54.910000000000025,xml_geometry_csv_action
BootPass_81,92,3,3,Position_Unknown,Team_Unknown,Action_PreSnap,1041.83,476.7,1137.03,560.24,95.20000000000005,83.54000000000002,xml_geometry_csv_action
BootPass_81,92,4,4,Position_Unknown,Team_Unknown,Action_PreSnap,1001.14,336.69,1094.99,408.07,93.85000000000002,71.38,xml_geometry_csv_action
BootPass_81,92,5,5,Position_Unknown,Team_Unknown,Action_PreSnap,1245.99,281.78,1311.68,379.12,65.69000000000005,97.34000000000003,xml_geometry_csv_action
BootPass_81,92,6,6,Position_Unknown,Team_Unknown,Action_PreSnap,1097.03,677.39,1159.35,793.87,62.319999999999936,116.48000000000002,xml_geometry_csv_action
BootPass_81,92,7,7,Position_Unknown,Team_Unknown,Action_PreSnap,1034.4,394.95,1130.05,471.79,95.64999999999986,76.84000000000003,xml_geometry_csv_action
BootPass_81,92,8,8,Position_Unknown,Team_Unknown,Action_PreSnap,344.87,467.64,411.27,581.76,66.39999999999998,114.12,xml_geometry_csv_action
BootPass_81,92,9,9,Position_Unknown,Team_Unknown,Action_PreSnap,770.62,695.02,836.34,820.12,65.72000000000003,125.10000000000002,xml_geometry_csv_action
BootPass_81,93,0,0,Position_Unknown,Team_Unknown,Action_PreSnap,1299.26,710.25,1394.39,826.28,95.13000000000011,116.02999999999997,xml_geometry_csv_action
BootPass_81,93,1,1,Position_Unknown,Team_Unknown,Action_PreSnap,1140.75,211.62,1226.1,314.85,85.34999999999991,103.23000000000002,xml_geometry_csv_action
BootPass_81,93,10,10,Position_Unknown,Team_Unknown,Action_PreSnap,1195.61,438.56,1264.65,529.57,69.04000000000019,91.01000000000005,xml_geometry_csv_action
BootPass_81,93,11,11,Position_Unknown,Team_Unknown,Action_PreSnap,886.18,430.23,944.79,530.09,58.610000000000014,99.86000000000001,xml_geometry_csv_action
BootPass_81,93,12,12,Position_Unknown,Team_Unknown,Action_PreSnap,1444.24,392.56,1505.68,501.97,61.440000000000055,109.41000000000003,xml_geometry_csv_action
BootPass_81,93,13,13,Position_Unknown,Team_Unknown,Action_PreSnap,829.24,326.16,880.43,448.37,51.18999999999994,122.20999999999998,xml_geometry_csv_action
BootPass_81,93,14,14,Position_Unknown,Team_Unknown,Action_PreSnap,1137.96,370.5,1210.76,454.03,72.79999999999995,83.52999999999997,xml_geometry_csv_action
BootPass_81,93,15,15,Position_Unknown,Team_Unknown,Action_PreSnap,986.03,221.31,1037.76,318.77,51.73000000000002,97.45999999999998,xml_geometry_csv_action
BootPass_81,93,16,16,Position_Unknown,Team_Unknown,Action_PreSnap,811.01,245.88,857.53,369.01,46.51999999999998,123.13,xml_geometry_csv_action
BootPass_81,93,17,17,Position_Unknown,Team_Unknown,Action_PreSnap,1009.94,281.94,1111.14,353.48,101.20000000000005,71.54000000000002,xml_geometry_csv_action
BootPass_81,93,18,18,Position_Unknown,Team_Unknown,Action_PreSnap,1428.29,321.45,1480.47,444.35,52.180000000000064,122.90000000000003,xml_geometry_csv_action
BootPass_81,93,19,19,Position_Unknown,Team_Unknown,Action_PreSnap,1180.26,405.51,1246.92,487.26,66.66000000000008,81.75,xml_geometry_csv_action
BootPass_81,93,2,2,Position_Unknown,Team_Unknown,Action_PreSnap,1235.16,671.44,1316.89,787.96,81.73000000000002,116.51999999999998,xml_geometry_csv_action
BootPass_81,93,20,20,Position_Unknown,Team_Unknown,Action_PreSnap,1168.74,345.46,1237.48,411.78,68.74000000000001,66.32,xml_geometry_csv_action
BootPass_81,93,21,21,Position_Unknown,Team_Unknown,Action_PreSnap,1159.21,305.15,1223.89,360.2,64.68000000000006,55.05000000000001,xml_geometry_csv_action
BootPass_81,93,3,3,Position_Unknown,Team_Unknown,Action_PreSnap,1041.97,476.28,1137.24,559.99,95.26999999999998,83.71000000000004,xml_geometry_csv_action
BootPass_81,93,4,4,Position_Unknown,Team_Unknown,Action_PreSnap,1001.11,336.3,1095.21,407.94,94.10000000000002,71.63999999999999,xml_geometry_csv_action
BootPass_81,93,5,5,Position_Unknown,Team_Unknown,Action_PreSnap,1246.11,281.73,1311.87,379.01,65.75999999999999,97.27999999999997,xml_geometry_csv_action
BootPass_81,93,6,6,Position_Unknown,Team_Unknown,Action_PreSnap,1096.89,677.19,1159.44,793.42,62.549999999999955,116.2299999999999,xml_geometry_csv_action
BootPass_81,93,7,7,Position_Unknown,Team_Unknown,Action_PreSnap,1034.54,394.59,1130.24,471.69,95.70000000000005,77.10000000000002,xml_geometry_csv_action
BootPass_81,93,8,8,Position_Unknown,Team_Unknown,Action_PreSnap,344.83,467.42,411.32,581.49,66.49000000000001,114.07,xml_geometry_csv_action
BootPass_81,93,9,9,Position_Unknown,Team_Unknown,Action_PreSnap,770.73,694.78,836.61,819.99,65.88,125.21000000000004,xml_geometry_csv_action
BootPass_81,94,0,0,Position_Unknown,Team_Unknown,Action_PreSnap,1299.12,710.13,1394.08,826.21,94.96000000000004,116.08000000000004,xml_geometry_csv_action
BootPass_81,94,1,1,Position_Unknown,Team_Unknown,Action_PreSnap,1140.38,211.49,1225.83,314.63,85.44999999999982,103.13999999999999,xml_geometry_csv_action
BootPass_81,94,10,10,Position_Unknown,Team_Unknown,Action_PreSnap,1195.44,438.52,1264.48,529.49,69.03999999999996,90.97000000000003,xml_geometry_csv_action
BootPass_81,94,11,11,Position_Unknown,Team_Unknown,Action_PreSnap,885.85,430.2,944.36,529.79,58.50999999999999,99.58999999999997,xml_geometry_csv_action
BootPass_81,94,12,12,Position_Unknown,Team_Unknown,Action_PreSnap,1444.27,393.17,1505.57,501.94,61.299999999999955,108.76999999999998,xml_geometry_csv_action
BootPass_81,94,13,13,Position_Unknown,Team_Unknown,Action_PreSnap,828.82,326.89,880.59,448.63,51.76999999999998,121.74000000000001,xml_geometry_csv_action
BootPass_81,94,14,14,Position_Unknown,Team_Unknown,Action_PreSnap,1137.82,370.49,1210.5,453.74,72.68000000000006,83.25,xml_geometry_csv_action
BootPass_81,94,15,15,Position_Unknown,Team_Unknown,Action_PreSnap,985.79,221.25,1037.54,318.71,51.75,97.45999999999998,xml_geometry_csv_action
BootPass_81,94,16,16,Position_Unknown,Team_Unknown,Action_PreSnap,811.12,245.49,857.58,368.99,46.460000000000036,123.5,xml_geometry_csv_action
BootPass_81,94,17,17,Position_Unknown,Team_Unknown,Action_PreSnap,1010.02,281.76,1111.09,353.02,101.06999999999994,71.25999999999999,xml_geometry_csv_action
BootPass_81,94,18,18,Position_Unknown,Team_Unknown,Action_PreSnap,1427.94,321.34,1480.98,443.95,53.039999999999964,122.61000000000001,xml_geometry_csv_action
BootPass_81,94,19,19,Position_Unknown,Team_Unknown,Action_PreSnap,1180.13,405.56,1246.78,486.9,66.64999999999986,81.33999999999997,xml_geometry_csv_action
BootPass_81,94,2,2,Position_Unknown,Team_Unknown,Action_PreSnap,1235.02,671.31,1316.77,787.74,81.75,116.43000000000006,xml_geometry_csv_action
BootPass_81,94,20,20,Position_Unknown,Team_Unknown,Action_PreSnap,1168.58,345.54,1237.3,411.77,68.72000000000003,66.22999999999996,xml_geometry_csv_action
BootPass_81,94,21,21,Position_Unknown,Team_Unknown,Action_PreSnap,1158.94,305.08,1223.75,360.19,64.80999999999995,55.110000000000014,xml_geometry_csv_action
BootPass_81,94,3,3,Position_Unknown,Team_Unknown,Action_PreSnap,1041.76,476.19,1137.0,559.86,95.24000000000001,83.67000000000002,xml_geometry_csv_action
BootPass_81,94,4,4,Position_Unknown,Team_Unknown,Action_PreSnap,1000.91,336.06,1095.06,407.95,94.14999999999998,71.88999999999999,xml_geometry_csv_action
BootPass_81,94,5,5,Position_Unknown,Team_Unknown,Action_PreSnap,1245.81,281.78,1311.6,378.91,65.78999999999996,97.13000000000005,xml_geometry_csv_action
BootPass_81,94,6,6,Position_Unknown,Team_Unknown,Action_PreSnap,1096.56,677.1,1159.28,793.55,62.72000000000003,116.44999999999993,xml_geometry_csv_action
BootPass_81,94,7,7,Position_Unknown,Team_Unknown,Action_PreSnap,1034.35,394.55,1130.13,471.6,95.7800000000002,77.05000000000001,xml_geometry_csv_action
BootPass_81,94,8,8,Position_Unknown,Team_Unknown,Action_PreSnap,344.33,467.61,411.1,581.42,66.77000000000004,113.80999999999995,xml_geometry_csv_action
BootPass_81,94,9,9,Position_Unknown,Team_Unknown,Action_PreSnap,770.55,694.78,836.35,819.82,65.80000000000007,125.04000000000008,xml_geometry_csv_action
BootPass_81,95,0,0,Position_Unknown,Team_Unknown,Action_PreSnap,1298.72,709.85,1393.76,826.05,95.03999999999996,116.19999999999993,xml_geometry_csv_action
BootPass_81,95,1,1,Position_Unknown,Team_Unknown,Action_PreSnap,1139.95,211.43,1225.47,314.52,85.51999999999998,103.08999999999997,xml_geometry_csv_action
BootPass_81,95,10,10,Position_Unknown,Team_Unknown,Action_PreSnap,1195.37,438.44,1264.19,529.16,68.82000000000016,90.71999999999997,xml_geometry_csv_action
BootPass_81,95,11,11,Position_Unknown,Team_Unknown,Action_PreSnap,885.64,430.28,943.73,529.37,58.09000000000003,99.09000000000003,xml_geometry_csv_action
BootPass_81,95,12,12,Position_Unknown,Team_Unknown,Action_PreSnap,1444.16,393.74,1505.26,501.75,61.09999999999991,108.00999999999999,xml_geometry_csv_action
BootPass_81,95,13,13,Position_Unknown,Team_Unknown,Action_PreSnap,828.59,327.31,880.56,448.2,51.969999999999914,120.88999999999999,xml_geometry_csv_action
BootPass_81,95,14,14,Position_Unknown,Team_Unknown,Action_PreSnap,1137.56,370.3,1210.28,452.92,72.72000000000003,82.62,xml_geometry_csv_action
BootPass_81,95,15,15,Position_Unknown,Team_Unknown,Action_PreSnap,985.61,220.9,1037.32,318.67,51.70999999999992,97.77000000000001,xml_geometry_csv_action
BootPass_81,95,16,16,Position_Unknown,Team_Unknown,Action_PreSnap,811.22,245.12,857.65,368.77,46.42999999999995,123.64999999999998,xml_geometry_csv_action
BootPass_81,95,17,17,Position_Unknown,Team_Unknown,Action_PreSnap,1009.8,281.3,1111.08,352.54,101.27999999999997,71.24000000000001,xml_geometry_csv_action
BootPass_81,95,18,18,Position_Unknown,Team_Unknown,Action_PreSnap,1427.31,321.09,1481.28,443.55,53.97000000000003,122.46000000000004,xml_geometry_csv_action
BootPass_81,95,19,19,Position_Unknown,Team_Unknown,Action_PreSnap,1179.84,405.68,1246.58,486.54,66.74000000000001,80.86000000000001,xml_geometry_csv_action
BootPass_81,95,2,2,Position_Unknown,Team_Unknown,Action_PreSnap,1234.68,670.87,1316.49,787.72,81.80999999999995,116.85000000000002,xml_geometry_csv_action
BootPass_81,95,20,20,Position_Unknown,Team_Unknown,Action_PreSnap,1168.38,345.55,1237.2,411.85,68.81999999999994,66.30000000000001,xml_geometry_csv_action
BootPass_81,95,21,21,Position_Unknown,Team_Unknown,Action_PreSnap,1158.77,304.97,1223.66,360.25,64.8900000000001,55.27999999999997,xml_geometry_csv_action
BootPass_81,95,3,3,Position_Unknown,Team_Unknown,Action_PreSnap,1041.85,475.91,1136.78,559.69,94.93000000000006,83.78000000000003,xml_geometry_csv_action
BootPass_81,95,4,4,Position_Unknown,Team_Unknown,Action_PreSnap,1000.75,335.74,1095.01,407.86,94.25999999999999,72.12,xml_geometry_csv_action
BootPass_81,95,5,5,Position_Unknown,Team_Unknown,Action_PreSnap,1245.29,281.45,1311.46,378.82,66.17000000000007,97.37,xml_geometry_csv_action
BootPass_81,95,6,6,Position_Unknown,Team_Unknown,Action_PreSnap,1096.47,676.94,1159.27,793.01,62.799999999999955,116.06999999999994,xml_geometry_csv_action
BootPass_81,95,7,7,Position_Unknown,Team_Unknown,Action_PreSnap,1033.99,394.37,1129.96,471.46,95.97000000000003,77.08999999999997,xml_geometry_csv_action
BootPass_81,95,8,8,Position_Unknown,Team_Unknown,Action_PreSnap,343.78,467.58,410.88,581.31,67.10000000000002,113.72999999999996,xml_geometry_csv_action
BootPass_81,95,9,9,Position_Unknown,Team_Unknown,Action_PreSnap,770.5,694.78,836.0,819.63,65.5,124.85000000000002,xml_geometry_csv_action
BootPass_81,96,0,0,Position_Unknown,Team_Unknown,Action_PreSnap,1298.84,710.27,1393.81,826.27,94.97000000000003,116.0,xml_geometry_csv_action
BootPass_81,96,1,1,Position_Unknown,Team_Unknown,Action_PreSnap,1140.06,211.45,1225.53,314.55,85.47000000000003,103.10000000000002,xml_geometry_csv_action
BootPass_81,96,10,10,Position_Unknown,Team_Unknown,Action_PreSnap,1195.59,438.46,1264.35,529.29,68.75999999999999,90.82999999999998,xml_geometry_csv_action
BootPass_81,96,11,11,Position_Unknown,Team_Unknown,Action_PreSnap,885.79,430.28,944.06,529.7,58.26999999999998,99.42000000000007,xml_geometry_csv_action
BootPass_81,96,12,12,Position_Unknown,Team_Unknown,Action_PreSnap,1444.27,394.22,1505.33,501.77,61.059999999999945,107.54999999999995,xml_geometry_csv_action
BootPass_81,96,13,13,Position_Unknown,Team_Unknown,Action_PreSnap,828.77,328.4,880.93,448.27,52.15999999999997,119.87,xml_geometry_csv_action
BootPass_81,96,14,14,Position_Unknown,Team_Unknown,Action_PreSnap,1137.58,370.38,1210.21,453.05,72.63000000000011,82.67000000000002,xml_geometry_csv_action
BootPass_81,96,15,15,Position_Unknown,Team_Unknown,Action_PreSnap,985.8,220.91,1037.53,318.68,51.73000000000002,97.77000000000001,xml_geometry_csv_action
BootPass_81,96,16,16,Position_Unknown,Team_Unknown,Action_PreSnap,811.56,245.07,857.77,368.45,46.210000000000036,123.38,xml_geometry_csv_action
BootPass_81,96,17,17,Position_Unknown,Team_Unknown,Action_PreSnap,1010.66,281.25,1111.28,352.62,100.62,71.37,xml_geometry_csv_action
BootPass_81,96,18,18,Position_Unknown,Team_Unknown,Action_PreSnap,1427.16,321.23,1481.54,443.78,54.37999999999988,122.54999999999995,xml_geometry_csv_action
BootPass_81,96,19,19,Position_Unknown,Team_Unknown,Action_PreSnap,1179.77,405.83,1246.7,486.95,66.93000000000006,81.12,xml_geometry_csv_action
BootPass_81,96,2,2,Position_Unknown,Team_Unknown,Action_PreSnap,1234.76,671.23,1316.48,787.79,81.72000000000003,116.55999999999995,xml_geometry_csv_action
BootPass_81,96,20,20,Position_Unknown,Team_Unknown,Action_PreSnap,1168.6,345.48,1237.41,412.0,68.81000000000017,66.51999999999998,xml_geometry_csv_action
BootPass_81,96,21,21,Position_Unknown,Team_Unknown,Action_PreSnap,1158.9,304.95,1223.88,360.11,64.98000000000002,55.160000000000025,xml_geometry_csv_action
BootPass_81,96,3,3,Position_Unknown,Team_Unknown,Action_PreSnap,1041.86,476.13,1136.85,559.77,94.99000000000001,83.63999999999999,xml_geometry_csv_action
BootPass_81,96,4,4,Position_Unknown,Team_Unknown,Action_PreSnap,1000.88,335.86,1094.87,407.87,93.9899999999999,72.00999999999999,xml_geometry_csv_action
BootPass_81,96,5,5,Position_Unknown,Team_Unknown,Action_PreSnap,1245.37,281.71,1311.62,378.94,66.25,97.23000000000002,xml_geometry_csv_action
BootPass_81,96,6,6,Position_Unknown,Team_Unknown,Action_PreSnap,1096.46,677.36,1159.24,793.27,62.77999999999997,115.90999999999997,xml_geometry_csv_action
BootPass_81,96,7,7,Position_Unknown,Team_Unknown,Action_PreSnap,1034.18,394.5,1130.16,471.61,95.98000000000002,77.11000000000001,xml_geometry_csv_action
BootPass_81,96,8,8,Position_Unknown,Team_Unknown,Action_PreSnap,343.71,467.9,410.95,581.66,67.24000000000001,113.75999999999999,xml_geometry_csv_action
BootPass_81,96,9,9,Position_Unknown,Team_Unknown,Action_PreSnap,770.56,694.93,836.08,819.71,65.5200000000001,124.78000000000009,xml_geometry_csv_action
BootPass_81,97,0,0,Position_Unknown,Team_Unknown,Action_PreSnap,1298.54,710.52,1393.65,826.51,95.11000000000013,115.99000000000001,xml_geometry_csv_action
BootPass_81,97,1,1,Position_Unknown,Team_Unknown,Action_PreSnap,1139.53,211.54,1224.97,314.65,85.44000000000005,103.10999999999999,xml_geometry_csv_action
BootPass_81,97,10,10,Position_Unknown,Team_Unknown,Action_PreSnap,1195.46,438.77,1264.11,529.6,68.64999999999986,90.83000000000004,xml_geometry_csv_action
BootPass_81,97,11,11,Position_Unknown,Team_Unknown,Action_PreSnap,885.44,430.69,943.54,529.84,58.09999999999991,99.15000000000003,xml_geometry_csv_action
BootPass_81,97,12,12,Position_Unknown,Team_Unknown,Action_PreSnap,1443.9,394.69,1504.85,501.86,60.94999999999982,107.17000000000002,xml_geometry_csv_action
BootPass_81,97,13,13,Position_Unknown,Team_Unknown,Action_PreSnap,828.64,329.04,881.04,448.7,52.39999999999998,119.65999999999997,xml_geometry_csv_action
BootPass_81,97,14,14,Position_Unknown,Team_Unknown,Action_PreSnap,1137.21,370.6,1209.92,453.32,72.71000000000004,82.71999999999997,xml_geometry_csv_action
BootPass_81,97,15,15,Position_Unknown,Team_Unknown,Action_PreSnap,985.19,221.16,1037.19,318.81,52.0,97.65,xml_geometry_csv_action
BootPass_81,97,16,16,Position_Unknown,Team_Unknown,Action_PreSnap,811.28,245.06,857.55,368.43,46.26999999999998,123.37,xml_geometry_csv_action
BootPass_81,97,17,17,Position_Unknown,Team_Unknown,Action_PreSnap,1011.05,281.24,1111.01,352.54,99.96000000000004,71.30000000000001,xml_geometry_csv_action
BootPass_81,97,18,18,Position_Unknown,Team_Unknown,Action_PreSnap,1426.32,321.25,1481.86,443.42,55.539999999999964,122.17000000000002,xml_geometry_csv_action
BootPass_81,97,19,19,Position_Unknown,Team_Unknown,Action_PreSnap,1179.5,405.98,1246.41,487.04,66.91000000000008,81.06,xml_geometry_csv_action
BootPass_81,97,2,2,Position_Unknown,Team_Unknown,Action_PreSnap,1234.53,671.47,1316.12,788.1,81.58999999999992,116.63,xml_geometry_csv_action
BootPass_81,97,20,20,Position_Unknown,Team_Unknown,Action_PreSnap,1168.05,345.57,1236.9,412.03,68.85000000000014,66.45999999999998,xml_geometry_csv_action
BootPass_81,97,21,21,Position_Unknown,Team_Unknown,Action_PreSnap,1158.28,304.9,1223.26,360.12,64.98000000000002,55.22000000000003,xml_geometry_csv_action
BootPass_81,97,3,3,Position_Unknown,Team_Unknown,Action_PreSnap,1041.6,476.29,1136.59,559.76,94.99000000000001,83.46999999999997,xml_geometry_csv_action
BootPass_81,97,4,4,Position_Unknown,Team_Unknown,Action_PreSnap,1000.73,335.89,1094.64,408.13,93.91000000000008,72.24000000000001,xml_geometry_csv_action
BootPass_81,97,5,5,Position_Unknown,Team_Unknown,Action_PreSnap,1244.64,281.61,1311.23,379.07,66.58999999999992,97.45999999999998,xml_geometry_csv_action
BootPass_81,97,6,6,Position_Unknown,Team_Unknown,Action_PreSnap,1096.16,677.68,1159.11,793.67,62.94999999999982,115.99000000000001,xml_geometry_csv_action
BootPass_81,97,7,7,Position_Unknown,Team_Unknown,Action_PreSnap,1033.96,394.74,1129.64,471.76,95.68000000000006,77.01999999999998,xml_geometry_csv_action
BootPass_81,97,8,8,Position_Unknown,Team_Unknown,Action_PreSnap,342.98,468.16,410.55,581.75,67.57,113.58999999999997,xml_geometry_csv_action
BootPass_81,97,9,9,Position_Unknown,Team_Unknown,Action_PreSnap,770.16,695.11,835.75,819.95,65.59000000000003,124.84000000000003,xml_geometry_csv_action
BootPass_81,98,0,0,Position_Unknown,Team_Unknown,Action_PreSnap,1298.74,710.5,1393.86,826.55,95.11999999999989,116.04999999999995,xml_geometry_csv_action
BootPass_81,98,1,1,Position_Unknown,Team_Unknown,Action_PreSnap,1139.83,211.58,1225.05,314.64,85.22000000000003,103.05999999999997,xml_geometry_csv_action
BootPass_81,98,10,10,Position_Unknown,Team_Unknown,Action_PreSnap,1195.59,438.66,1264.49,529.71,68.90000000000009,91.05000000000001,xml_geometry_csv_action
BootPass_81,98,11,11,Position_Unknown,Team_Unknown,Action_PreSnap,885.75,430.56,944.21,529.97,58.460000000000036,99.41000000000003,xml_geometry_csv_action
BootPass_81,98,12,12,Position_Unknown,Team_Unknown,Action_PreSnap,1443.78,394.96,1505.54,501.91,61.75999999999999,106.95000000000005,xml_geometry_csv_action
BootPass_81,98,13,13,Position_Unknown,Team_Unknown,Action_PreSnap,828.77,329.29,881.42,448.74,52.64999999999998,119.44999999999999,xml_geometry_csv_action
BootPass_81,98,14,14,Position_Unknown,Team_Unknown,Action_PreSnap,1137.47,370.59,1210.09,453.42,72.61999999999989,82.83000000000004,xml_geometry_csv_action
BootPass_81,98,15,15,Position_Unknown,Team_Unknown,Action_PreSnap,985.15,221.13,1037.5,318.83,52.35000000000002,97.69999999999999,xml_geometry_csv_action
BootPass_81,98,16,16,Position_Unknown,Team_Unknown,Action_PreSnap,811.59,244.83,857.94,368.35,46.35000000000002,123.52000000000001,xml_geometry_csv_action
BootPass_81,98,17,17,Position_Unknown,Team_Unknown,Action_PreSnap,1011.95,281.15,1111.19,352.07,99.24000000000001,70.92000000000002,xml_geometry_csv_action
BootPass_81,98,18,18,Position_Unknown,Team_Unknown,Action_PreSnap,1425.8,321.08,1482.8,443.29,57.0,122.21000000000004,xml_geometry_csv_action
BootPass_81,98,19,19,Position_Unknown,Team_Unknown,Action_PreSnap,1179.75,405.93,1246.72,487.13,66.97000000000003,81.19999999999999,xml_geometry_csv_action
BootPass_81,98,2,2,Position_Unknown,Team_Unknown,Action_PreSnap,1234.69,671.38,1316.4,788.01,81.71000000000004,116.63,xml_geometry_csv_action
BootPass_81,98,20,20,Position_Unknown,Team_Unknown,Action_PreSnap,1168.27,345.49,1237.41,412.1,69.1400000000001,66.61000000000001,xml_geometry_csv_action
BootPass_81,98,21,21,Position_Unknown,Team_Unknown,Action_PreSnap,1158.9,304.89,1224.03,360.1,65.12999999999988,55.210000000000036,xml_geometry_csv_action
BootPass_81,98,3,3,Position_Unknown,Team_Unknown,Action_PreSnap,1041.56,476.25,1136.93,559.88,95.37000000000012,83.63,xml_geometry_csv_action
BootPass_81,98,4,4,Position_Unknown,Team_Unknown,Action_PreSnap,1000.96,335.85,1094.94,408.02,93.98000000000002,72.16999999999996,xml_geometry_csv_action
BootPass_81,98,5,5,Position_Unknown,Team_Unknown,Action_PreSnap,1244.83,281.59,1311.33,379.06,66.5,97.47000000000003,xml_geometry_csv_action
BootPass_81,98,6,6,Position_Unknown,Team_Unknown,Action_PreSnap,1096.37,677.7,1159.43,793.57,63.06000000000017,115.87,xml_geometry_csv_action
BootPass_81,98,7,7,Position_Unknown,Team_Unknown,Action_PreSnap,1034.24,394.71,1130.31,471.8,96.06999999999994,77.09000000000003,xml_geometry_csv_action
BootPass_81,98,8,8,Position_Unknown,Team_Unknown,Action_PreSnap,342.99,468.16,410.93,581.8,67.94,113.63999999999993,xml_geometry_csv_action
BootPass_81,98,9,9,Position_Unknown,Team_Unknown,Action_PreSnap,770.32,695.05,836.19,819.83,65.87,124.78000000000009,xml_geometry_csv_action
BootPass_81,99,0,0,Position_Unknown,Team_Unknown,Action_PreSnap,1298.09,710.55,1393.21,826.72,95.12000000000012,116.17000000000007,xml_geometry_csv_action
BootPass_81,99,1,1,Position_Unknown,Team_Unknown,Action_PreSnap,1139.17,211.73,1224.43,314.54,85.25999999999999,102.81000000000003,xml_geometry_csv_action
BootPass_81,99,10,10,Position_Unknown,Team_Unknown,Action_PreSnap,1195.02,438.65,1263.8,529.78,68.77999999999997,91.13,xml_geometry_csv_action
BootPass_81,99,11,11,Position_Unknown,Team_Unknown,Action_PreSnap,885.2,430.85,943.33,530.04,58.129999999999995,99.18999999999994,xml_geometry_csv_action
BootPass_81,99,12,12,Position_Unknown,Team_Unknown,Action_PreSnap,1443.06,395.01,1504.72,501.7,61.66000000000008,106.69,xml_geometry_csv_action
BootPass_81,99,13,13,Position_Unknown,Team_Unknown,Action_PreSnap,828.02,329.66,881.05,448.8,53.02999999999997,119.13999999999999,xml_geometry_csv_action
BootPass_81,99,14,14,Position_Unknown,Team_Unknown,Action_PreSnap,1136.72,370.77,1209.48,453.25,72.75999999999999,82.48000000000002,xml_geometry_csv_action
BootPass_81,99,15,15,Position_Unknown,Team_Unknown,Action_PreSnap,984.49,221.21,1036.85,318.87,52.3599999999999,97.66,xml_geometry_csv_action
BootPass_81,99,16,16,Position_Unknown,Team_Unknown,Action_PreSnap,811.13,244.5,857.51,368.16,46.379999999999995,123.66000000000003,xml_geometry_csv_action
BootPass_81,99,17,17,Position_Unknown,Team_Unknown,Action_PreSnap,1012.1,281.68,1110.52,351.93,98.41999999999996,70.25,xml_geometry_csv_action
BootPass_81,99,18,18,Position_Unknown,Team_Unknown,Action_PreSnap,1423.91,320.95,1482.12,443.36,58.20999999999981,122.41000000000003,xml_geometry_csv_action
BootPass_81,99,19,19,Position_Unknown,Team_Unknown,Action_PreSnap,1179.0,406.1,1246.07,487.45,67.06999999999994,81.34999999999997,xml_geometry_csv_action
BootPass_81,99,2,2,Position_Unknown,Team_Unknown,Action_PreSnap,1233.86,671.43,1315.87,788.18,82.00999999999999,116.75,xml_geometry_csv_action
BootPass_81,99,20,20,Position_Unknown,Team_Unknown,Action_PreSnap,1167.43,345.49,1236.68,412.07,69.25,66.57999999999998,xml_geometry_csv_action
BootPass_81,99,21,21,Position_Unknown,Team_Unknown,Action_PreSnap,1158.0,304.84,1223.19,360.13,65.19000000000005,55.29000000000002,xml_geometry_csv_action
BootPass_81,99,3,3,Position_Unknown,Team_Unknown,Action_PreSnap,1041.28,476.2,1136.37,559.8,95.08999999999992,83.59999999999997,xml_geometry_csv_action
BootPass_81,99,4,4,Position_Unknown,Team_Unknown,Action_PreSnap,1000.6,336.04,1094.24,408.16,93.63999999999999,72.12,xml_geometry_csv_action
BootPass_81,99,5,5,Position_Unknown,Team_Unknown,Action_PreSnap,1243.82,281.74,1310.56,379.33,66.74000000000001,97.58999999999997,xml_geometry_csv_action
BootPass_81,99,6,6,Position_Unknown,Team_Unknown,Action_PreSnap,1095.69,677.98,1158.85,793.44,63.159999999999854,115.46000000000004,xml_geometry_csv_action
BootPass_81,99,7,7,Position_Unknown,Team_Unknown,Action_PreSnap,1033.74,394.79,1129.4,471.87,95.66000000000008,77.07999999999998,xml_geometry_csv_action
BootPass_81,99,8,8,Position_Unknown,Team_Unknown,Action_PreSnap,342.38,468.21,410.22,581.81,67.84000000000003,113.59999999999997,xml_geometry_csv_action
BootPass_81,99,9,9,Position_Unknown,Team_Unknown,Action_PreSnap,769.63,695.19,835.48,819.79,65.85000000000002,124.59999999999991,xml_geometry_csv_action
BootPass_81,100,0,0,Position_Unknown,Team_Unknown,Action_PreSnap,1297.73,710.52,1392.85,826.75,95.11999999999989,116.23000000000002,xml_geometry_csv_action
BootPass_81,100,1,1,Position_Unknown,Team_Unknown,Action_PreSnap,1138.82,211.8,1224.11,314.45,85.28999999999996,102.64999999999998,xml_geometry_csv_action
BootPass_81,100,10,10,Position_Unknown,Team_Unknown,Action_PreSnap,1194.62,438.56,1263.52,530.08,68.90000000000009,91.52000000000004,xml_geometry_csv_action
BootPass_81,100,11,11,Position_Unknown,Team_Unknown,Action_PreSnap,885.06,431.04,942.93,530.2,57.870000000000005,99.16000000000003,xml_geometry_csv_action
BootPass_81,100,12,12,Position_Unknown,Team_Unknown,Action_PreSnap,1442.82,395.11,1504.23,501.73,61.41000000000008,106.62,xml_geometry_csv_action
BootPass_81,100,13,13,Position_Unknown,Team_Unknown,Action_PreSnap,827.94,329.74,881.05,449.06,53.1099999999999,119.32,xml_geometry_csv_action
BootPass_81,100,14,14,Position_Unknown,Team_Unknown,Action_PreSnap,1136.28,370.91,1209.22,453.5,72.94000000000005,82.58999999999997,xml_geometry_csv_action
BootPass_81,100,15,15,Position_Unknown,Team_Unknown,Action_PreSnap,984.04,221.26,1036.75,318.85,52.710000000000036,97.59000000000003,xml_geometry_csv_action
BootPass_81,100,16,16,Position_Unknown,Team_Unknown,Action_PreSnap,811.04,244.32,857.44,368.16,46.40000000000009,123.84000000000003,xml_geometry_csv_action
BootPass_81,100,17,17,Position_Unknown,Team_Unknown,Action_PreSnap,1012.58,281.93,1110.4,351.82,97.82000000000005,69.88999999999999,xml_geometry_csv_action
BootPass_81,100,18,18,Position_Unknown,Team_Unknown,Action_PreSnap,1421.78,320.99,1482.19,443.41,60.41000000000008,122.42000000000002,xml_geometry_csv_action
BootPass_81,100,19,19,Position_Unknown,Team_Unknown,Action_PreSnap,1178.78,406.2,1245.96,487.66,67.18000000000006,81.46000000000004,xml_geometry_csv_action
BootPass_81,100,2,2,Position_Unknown,Team_Unknown,Action_PreSnap,1233.78,671.39,1315.56,788.32,81.77999999999997,116.93000000000006,xml_geometry_csv_action
BootPass_81,100,20,20,Position_Unknown,Team_Unknown,Action_PreSnap,1167.2,345.6,1236.53,412.12,69.32999999999993,66.51999999999998,xml_geometry_csv_action
BootPass_81,100,21,21,Position_Unknown,Team_Unknown,Action_PreSnap,1157.78,304.9,1223.14,360.29,65.36000000000013,55.39000000000004,xml_geometry_csv_action
BootPass_81,100,3,3,Position_Unknown,Team_Unknown,Action_PreSnap,1040.93,476.16,1136.01,559.68,95.07999999999993,83.51999999999992,xml_geometry_csv_action
BootPass_81,100,4,4,Position_Unknown,Team_Unknown,Action_PreSnap,1000.78,336.08,1093.96,408.39,93.18000000000006,72.31,xml_geometry_csv_action
BootPass_81,100,5,5,Position_Unknown,Team_Unknown,Action_PreSnap,1243.23,281.96,1310.32,379.4,67.08999999999992,97.44,xml_geometry_csv_action
BootPass_81,100,6,6,Position_Unknown,Team_Unknown,Action_PreSnap,1095.47,678.03,1158.76,793.43,63.289999999999964,115.39999999999998,xml_geometry_csv_action
BootPass_81,100,7,7,Position_Unknown,Team_Unknown,Action_PreSnap,1033.35,394.74,1129.19,471.99,95.84000000000015,77.25,xml_geometry_csv_action
BootPass_81,100,8,8,Position_Unknown,Team_Unknown,Action_PreSnap,342.03,468.65,409.8,582.15,67.77000000000004,113.5,xml_geometry_csv_action
BootPass_81,100,9,9,Position_Unknown,Team_Unknown,Action_PreSnap,768.92,695.23,834.84,820.0,65.92000000000007,124.76999999999998,xml_geometry_csv_action
BootPass_81,101,0,0,Position_Unknown,Team_Unknown,Action_PreSnap,1297.76,710.52,1392.89,826.65,95.13000000000011,116.13,xml_geometry_csv_action
BootPass_81,101,1,1,Position_Unknown,Team_Unknown,Action_PreSnap,1138.6,211.84,1224.04,314.32,85.44000000000005,102.47999999999999,xml_geometry_csv_action
BootPass_81,101,10,10,Position_Unknown,Team_Unknown,Action_PreSnap,1194.52,438.39,1263.32,529.79,68.79999999999995,91.39999999999998,xml_geometry_csv_action
BootPass_81,101,11,11,Position_Unknown,Team_Unknown,Action_PreSnap,885.0,431.01,942.77,530.13,57.76999999999998,99.12,xml_geometry_csv_action
BootPass_81,101,12,12,Position_Unknown,Team_Unknown,Action_PreSnap,1442.79,395.41,1504.19,501.7,61.40000000000009,106.28999999999996,xml_geometry_csv_action
BootPass_81,101,13,13,Position_Unknown,Team_Unknown,Action_PreSnap,827.91,329.67,881.15,449.12,53.24000000000001,119.44999999999999,xml_geometry_csv_action
BootPass_81,101,14,14,Position_Unknown,Team_Unknown,Action_PreSnap,1136.11,370.87,1209.23,453.42,73.12000000000012,82.55000000000001,xml_geometry_csv_action
BootPass_81,101,15,15,Position_Unknown,Team_Unknown,Action_PreSnap,983.75,221.28,1036.46,318.89,52.710000000000036,97.60999999999999,xml_geometry_csv_action
BootPass_81,101,16,16,Position_Unknown,Team_Unknown,Action_PreSnap,811.11,243.71,857.56,367.9,46.44999999999993,124.18999999999997,xml_geometry_csv_action
BootPass_81,101,17,17,Position_Unknown,Team_Unknown,Action_PreSnap,1013.24,282.1,1110.27,351.49,97.02999999999997,69.38999999999999,xml_geometry_csv_action
BootPass_81,101,18,18,Position_Unknown,Team_Unknown,Action_PreSnap,1420.45,320.85,1482.25,443.03,61.799999999999955,122.17999999999995,xml_geometry_csv_action
BootPass_81,101,19,19,Position_Unknown,Team_Unknown,Action_PreSnap,1178.65,406.22,1245.85,487.72,67.19999999999982,81.5,xml_geometry_csv_action
BootPass_81,101,2,2,Position_Unknown,Team_Unknown,Action_PreSnap,1233.84,671.2,1315.66,788.28,81.82000000000016,117.07999999999993,xml_geometry_csv_action
BootPass_81,101,20,20,Position_Unknown,Team_Unknown,Action_PreSnap,1167.05,345.64,1236.37,411.98,69.31999999999994,66.34000000000003,xml_geometry_csv_action
BootPass_81,101,21,21,Position_Unknown,Team_Unknown,Action_PreSnap,1157.91,304.97,1223.27,360.26,65.3599999999999,55.289999999999964,xml_geometry_csv_action
BootPass_81,101,3,3,Position_Unknown,Team_Unknown,Action_PreSnap,1040.99,476.14,1136.02,559.66,95.02999999999997,83.51999999999998,xml_geometry_csv_action
BootPass_81,101,4,4,Position_Unknown,Team_Unknown,Action_PreSnap,1000.5,336.04,1093.77,408.23,93.26999999999998,72.19,xml_geometry_csv_action
BootPass_81,101,5,5,Position_Unknown,Team_Unknown,Action_PreSnap,1242.95,281.95,1310.19,379.42,67.24000000000001,97.47000000000003,xml_geometry_csv_action
BootPass_81,101,6,6,Position_Unknown,Team_Unknown,Action_PreSnap,1095.3,677.9,1158.83,793.55,63.52999999999997,115.64999999999998,xml_geometry_csv_action
BootPass_81,101,7,7,Position_Unknown,Team_Unknown,Action_PreSnap,1033.37,394.6,1129.01,471.94,95.6400000000001,77.33999999999997,xml_geometry_csv_action
BootPass_81,101,8,8,Position_Unknown,Team_Unknown,Action_PreSnap,341.92,468.56,409.65,582.08,67.72999999999996,113.52000000000004,xml_geometry_csv_action
BootPass_81,101,9,9,Position_Unknown,Team_Unknown,Action_PreSnap,768.72,695.39,834.71,819.89,65.99000000000001,124.5,xml_geometry_csv_action
BootPass_81,102,0,0,Position_Unknown,Team_Unknown,Action_PreSnap,1296.65,710.99,1392.38,827.08,95.73000000000002,116.09000000000003,xml_geometry_csv_action
BootPass_81,102,1,1,Position_Unknown,Team_Unknown,Action_PreSnap,1137.84,212.22,1223.48,314.74,85.6400000000001,102.52000000000001,xml_geometry_csv_action
BootPass_81,102,10,10,Position_Unknown,Team_Unknown,Action_PreSnap,1193.93,439.08,1262.57,530.26,68.63999999999987,91.18,xml_geometry_csv_action
BootPass_81,102,11,11,Position_Unknown,Team_Unknown,Action_PreSnap,884.41,431.54,942.25,530.7,57.84000000000003,99.16000000000003,xml_geometry_csv_action
BootPass_81,102,12,12,Position_Unknown,Team_Unknown,Action_PreSnap,1442.22,395.76,1503.49,502.28,61.26999999999998,106.51999999999998,xml_geometry_csv_action
BootPass_81,102,13,13,Position_Unknown,Team_Unknown,Action_PreSnap,827.25,329.86,880.68,449.54,53.42999999999995,119.68,xml_geometry_csv_action
BootPass_81,102,14,14,Position_Unknown,Team_Unknown,Action_PreSnap,1135.28,371.48,1208.62,453.75,73.33999999999992,82.26999999999998,xml_geometry_csv_action
BootPass_81,102,15,15,Position_Unknown,Team_Unknown,Action_PreSnap,983.24,221.91,1036.07,319.26,52.82999999999993,97.35,xml_geometry_csv_action
BootPass_81,102,16,16,Position_Unknown,Team_Unknown,Action_PreSnap,810.93,243.39,857.45,368.23,46.520000000000095,124.84000000000003,xml_geometry_csv_action
BootPass_81,102,17,17,Position_Unknown,Team_Unknown,Action_PreSnap,1012.94,282.86,1109.55,351.91,96.6099999999999,69.05000000000001,xml_geometry_csv_action
BootPass_81,102,18,18,Position_Unknown,Team_Unknown,Action_PreSnap,1418.13,321.21,1481.43,443.55,63.299999999999955,122.34000000000003,xml_geometry_csv_action
BootPass_81,102,19,19,Position_Unknown,Team_Unknown,Action_PreSnap,1177.69,406.9,1245.06,488.45,67.36999999999989,81.55000000000001,xml_geometry_csv_action
BootPass_81,102,2,2,Position_Unknown,Team_Unknown,Action_PreSnap,1233.0,671.45,1314.83,788.53,81.82999999999993,117.07999999999993,xml_geometry_csv_action
BootPass_81,102,20,20,Position_Unknown,Team_Unknown,Action_PreSnap,1166.45,345.94,1235.51,412.48,69.05999999999995,66.54000000000002,xml_geometry_csv_action
BootPass_81,102,21,21,Position_Unknown,Team_Unknown,Action_PreSnap,1157.41,305.34,1222.71,360.7,65.29999999999995,55.360000000000014,xml_geometry_csv_action
BootPass_81,102,3,3,Position_Unknown,Team_Unknown,Action_PreSnap,1039.86,476.67,1135.42,560.02,95.56000000000017,83.34999999999997,xml_geometry_csv_action
BootPass_81,102,4,4,Position_Unknown,Team_Unknown,Action_PreSnap,1000.16,336.47,1092.95,408.73,92.79000000000008,72.25999999999999,xml_geometry_csv_action
BootPass_81,102,5,5,Position_Unknown,Team_Unknown,Action_PreSnap,1242.36,282.52,1309.75,380.02,67.3900000000001,97.5,xml_geometry_csv_action
BootPass_81,102,6,6,Position_Unknown,Team_Unknown,Action_PreSnap,1094.94,678.07,1158.31,793.87,63.36999999999989,115.79999999999995,xml_geometry_csv_action
BootPass_81,102,7,7,Position_Unknown,Team_Unknown,Action_PreSnap,1032.8,395.03,1128.4,472.27,95.60000000000014,77.24000000000001,xml_geometry_csv_action
BootPass_81,102,8,8,Position_Unknown,Team_Unknown,Action_PreSnap,341.27,468.93,409.0,582.35,67.73000000000002,113.42000000000002,xml_geometry_csv_action
BootPass_81,102,9,9,Position_Unknown,Team_Unknown,Action_PreSnap,768.04,695.96,834.45,819.97,66.41000000000008,124.00999999999999,xml_geometry_csv_action
BootPass_81,103,0,0,Position_Unknown,Team_Unknown,Action_PreSnap,1295.45,710.66,1391.42,826.86,95.97000000000003,116.20000000000005,xml_geometry_csv_action
BootPass_81,103,1,1,Position_Unknown,Team_Unknown,Action_PreSnap,1137.32,212.14,1222.94,314.57,85.62000000000012,102.43,xml_geometry_csv_action
BootPass_81,103,10,10,Position_Unknown,Team_Unknown,Action_PreSnap,1193.2,438.81,1261.8,529.92,68.59999999999991,91.10999999999996,xml_geometry_csv_action
BootPass_81,103,11,11,Position_Unknown,Team_Unknown,Action_PreSnap,883.82,431.3,941.64,530.46,57.819999999999936,99.16000000000003,xml_geometry_csv_action
BootPass_81,103,12,12,Position_Unknown,Team_Unknown,Action_PreSnap,1441.7,395.37,1502.84,501.86,61.13999999999987,106.49000000000001,xml_geometry_csv_action
BootPass_81,103,13,13,Position_Unknown,Team_Unknown,Action_PreSnap,826.09,329.43,879.93,449.61,53.83999999999992,120.18,xml_geometry_csv_action
BootPass_81,103,14,14,Position_Unknown,Team_Unknown,Action_PreSnap,1134.55,371.47,1208.3,453.53,73.75,82.05999999999995,xml_geometry_csv_action
BootPass_81,103,15,15,Position_Unknown,Team_Unknown,Action_PreSnap,982.82,221.9,1035.09,318.91,52.26999999999987,97.01000000000002,xml_geometry_csv_action
BootPass_81,103,16,16,Position_Unknown,Team_Unknown,Action_PreSnap,810.17,242.75,856.89,368.14,46.72000000000003,125.38999999999999,xml_geometry_csv_action
BootPass_81,103,17,17,Position_Unknown,Team_Unknown,Action_PreSnap,1012.15,283.0,1108.62,351.94,96.46999999999991,68.94,xml_geometry_csv_action
BootPass_81,103,18,18,Position_Unknown,Team_Unknown,Action_PreSnap,1416.33,320.91,1479.65,443.23,63.320000000000164,122.32,xml_geometry_csv_action
BootPass_81,103,19,19,Position_Unknown,Team_Unknown,Action_PreSnap,1176.7,406.51,1244.3,488.24,67.59999999999991,81.73000000000002,xml_geometry_csv_action
BootPass_81,103,2,2,Position_Unknown,Team_Unknown,Action_PreSnap,1232.22,671.24,1313.84,788.25,81.61999999999989,117.00999999999999,xml_geometry_csv_action
BootPass_81,103,20,20,Position_Unknown,Team_Unknown,Action_PreSnap,1165.61,345.73,1234.91,412.15,69.30000000000018,66.41999999999996,xml_geometry_csv_action
BootPass_81,103,21,21,Position_Unknown,Team_Unknown,Action_PreSnap,1156.97,305.64,1222.1,360.6,65.12999999999988,54.960000000000036,xml_geometry_csv_action
BootPass_81,103,3,3,Position_Unknown,Team_Unknown,Action_PreSnap,1039.16,476.44,1134.71,559.61,95.54999999999995,83.17000000000002,xml_geometry_csv_action
BootPass_81,103,4,4,Position_Unknown,Team_Unknown,Action_PreSnap,999.37,336.56,1092.05,408.55,92.67999999999995,71.99000000000001,xml_geometry_csv_action
BootPass_81,103,5,5,Position_Unknown,Team_Unknown,Action_PreSnap,1241.47,282.26,1308.64,379.54,67.17000000000007,97.28000000000003,xml_geometry_csv_action
BootPass_81,103,6,6,Position_Unknown,Team_Unknown,Action_PreSnap,1094.52,678.07,1157.55,793.66,63.02999999999997,115.58999999999992,xml_geometry_csv_action
BootPass_81,103,7,7,Position_Unknown,Team_Unknown,Action_PreSnap,1031.54,394.95,1127.97,472.12,96.43000000000006,77.17000000000002,xml_geometry_csv_action
BootPass_81,103,8,8,Position_Unknown,Team_Unknown,Action_PreSnap,340.61,469.1,408.02,582.18,67.40999999999997,113.07999999999993,xml_geometry_csv_action
BootPass_81,103,9,9,Position_Unknown,Team_Unknown,Action_PreSnap,767.16,696.0,834.08,819.48,66.92000000000007,123.48000000000002,xml_geometry_csv_action
BootPass_81,104,0,0,Position_Unknown,Team_Unknown,Action_PreSnap,1295.52,710.5,1391.76,826.83,96.24000000000001,116.33000000000004,xml_geometry_csv_action
BootPass_81,104,1,1,Position_Unknown,Team_Unknown,Action_PreSnap,1137.9,211.99,1223.46,314.48,85.55999999999995,102.49000000000001,xml_geometry_csv_action
BootPass_81,104,10,10,Position_Unknown,Team_Unknown,Action_PreSnap,1193.55,438.66,1262.23,529.74,68.68000000000006,91.07999999999998,xml_geometry_csv_action
BootPass_81,104,11,11,Position_Unknown,Team_Unknown,Action_PreSnap,884.18,431.25,942.26,530.44,58.08000000000004,99.19000000000005,xml_geometry_csv_action
BootPass_81,104,12,12,Position_Unknown,Team_Unknown,Action_PreSnap,1442.5,394.81,1503.1,501.74,60.59999999999991,106.93,xml_geometry_csv_action
BootPass_81,104,13,13,Position_Unknown,Team_Unknown,Action_PreSnap,826.51,329.0,880.36,449.23,53.85000000000002,120.23000000000002,xml_geometry_csv_action
BootPass_81,104,14,14,Position_Unknown,Team_Unknown,Action_PreSnap,1134.99,371.53,1208.62,453.52,73.62999999999988,81.99000000000001,xml_geometry_csv_action
BootPass_81,104,15,15,Position_Unknown,Team_Unknown,Action_PreSnap,982.9,221.71,1035.43,318.77,52.530000000000086,97.05999999999997,xml_geometry_csv_action
BootPass_81,104,16,16,Position_Unknown,Team_Unknown,Action_PreSnap,810.59,242.54,857.67,367.86,47.07999999999993,125.32000000000002,xml_geometry_csv_action
BootPass_81,104,17,17,Position_Unknown,Team_Unknown,Action_PreSnap,1012.47,283.12,1109.2,351.93,96.73000000000002,68.81,xml_geometry_csv_action
BootPass_81,104,18,18,Position_Unknown,Team_Unknown,Action_PreSnap,1415.96,320.67,1479.79,443.4,63.82999999999993,122.72999999999996,xml_geometry_csv_action
BootPass_81,104,19,19,Position_Unknown,Team_Unknown,Action_PreSnap,1177.08,406.35,1244.85,488.09,67.76999999999998,81.73999999999995,xml_geometry_csv_action
BootPass_81,104,2,2,Position_Unknown,Team_Unknown,Action_PreSnap,1232.66,671.03,1314.05,788.06,81.38999999999987,117.02999999999997,xml_geometry_csv_action
BootPass_81,104,20,20,Position_Unknown,Team_Unknown,Action_PreSnap,1166.12,345.66,1235.52,411.99,69.40000000000009,66.32999999999998,xml_geometry_csv_action
BootPass_81,104,21,21,Position_Unknown,Team_Unknown,Action_PreSnap,1157.46,305.48,1222.36,360.51,64.89999999999986,55.02999999999997,xml_geometry_csv_action
BootPass_81,104,3,3,Position_Unknown,Team_Unknown,Action_PreSnap,1039.46,476.26,1135.36,559.63,95.89999999999986,83.37,xml_geometry_csv_action
BootPass_81,104,4,4,Position_Unknown,Team_Unknown,Action_PreSnap,999.89,336.39,1092.79,408.53,92.89999999999998,72.13999999999999,xml_geometry_csv_action
BootPass_81,104,5,5,Position_Unknown,Team_Unknown,Action_PreSnap,1241.81,282.23,1308.92,379.41,67.11000000000013,97.18,xml_geometry_csv_action
BootPass_81,104,6,6,Position_Unknown,Team_Unknown,Action_PreSnap,1094.91,677.92,1157.99,793.41,63.07999999999993,115.49000000000001,xml_geometry_csv_action
BootPass_81,104,7,7,Position_Unknown,Team_Unknown,Action_PreSnap,1031.78,394.68,1128.46,472.04,96.68000000000006,77.36000000000001,xml_geometry_csv_action
BootPass_81,104,8,8,Position_Unknown,Team_Unknown,Action_PreSnap,341.11,469.02,408.56,582.15,67.44999999999999,113.13,xml_geometry_csv_action
BootPass_81,104,9,9,Position_Unknown,Team_Unknown,Action_PreSnap,767.61,695.99,834.39,819.34,66.77999999999997,123.35000000000002,xml_geometry_csv_action
BootPass_81,105,0,0,Position_Unknown,Team_Unknown,Action_PreSnap,1294.91,710.89,1391.02,827.2,96.1099999999999,116.31000000000006,xml_geometry_csv_action
BootPass_81,105,1,1,Position_Unknown,Team_Unknown,Action_PreSnap,1137.32,212.2,1222.9,314.76,85.58000000000015,102.56,xml_geometry_csv_action
BootPass_81,105,10,10,Position_Unknown,Team_Unknown,Action_PreSnap,1193.18,438.98,1261.8,530.06,68.61999999999989,91.07999999999993,xml_geometry_csv_action
BootPass_81,105,11,11,Position_Unknown,Team_Unknown,Action_PreSnap,883.64,431.49,941.57,530.67,57.930000000000064,99.17999999999995,xml_geometry_csv_action
BootPass_81,105,12,12,Position_Unknown,Team_Unknown,Action_PreSnap,1441.86,395.25,1502.52,502.39,60.66000000000008,107.13999999999999,xml_geometry_csv_action
BootPass_81,105,13,13,Position_Unknown,Team_Unknown,Action_PreSnap,825.92,328.68,879.93,449.65,54.00999999999999,120.96999999999997,xml_geometry_csv_action
BootPass_81,105,14,14,Position_Unknown,Team_Unknown,Action_PreSnap,1134.3,371.62,1208.05,453.51,73.75,81.88999999999999,xml_geometry_csv_action
BootPass_81,105,15,15,Position_Unknown,Team_Unknown,Action_PreSnap,982.59,222.1,1034.76,318.98,52.16999999999996,96.88000000000002,xml_geometry_csv_action
BootPass_81,105,16,16,Position_Unknown,Team_Unknown,Action_PreSnap,810.15,242.65,857.4,368.07,47.25,125.41999999999999,xml_geometry_csv_action
BootPass_81,105,17,17,Position_Unknown,Team_Unknown,Action_PreSnap,1011.96,283.61,1108.46,352.43,96.5,68.82,xml_geometry_csv_action
BootPass_81,105,18,18,Position_Unknown,Team_Unknown,Action_PreSnap,1414.59,320.84,1478.79,444.04,64.20000000000005,123.20000000000005,xml_geometry_csv_action
BootPass_81,105,19,19,Position_Unknown,Team_Unknown,Action_PreSnap,1176.5,406.5,1244.23,488.3,67.73000000000002,81.80000000000001,xml_geometry_csv_action
BootPass_81,105,2,2,Position_Unknown,Team_Unknown,Action_PreSnap,1232.21,671.5,1313.34,788.19,81.12999999999988,116.69000000000005,xml_geometry_csv_action
BootPass_81,105,20,20,Position_Unknown,Team_Unknown,Action_PreSnap,1165.44,345.93,1234.84,412.22,69.39999999999986,66.29000000000002,xml_geometry_csv_action
BootPass_81,105,21,21,Position_Unknown,Team_Unknown,Action_PreSnap,1156.64,305.68,1221.93,360.79,65.28999999999996,55.110000000000014,xml_geometry_csv_action
BootPass_81,105,3,3,Position_Unknown,Team_Unknown,Action_PreSnap,1038.61,476.54,1134.61,559.49,96.0,82.94999999999999,xml_geometry_csv_action
BootPass_81,105,4,4,Position_Unknown,Team_Unknown,Action_PreSnap,999.15,336.61,1091.94,408.72,92.79000000000008,72.11000000000001,xml_geometry_csv_action
BootPass_81,105,5,5,Position_Unknown,Team_Unknown,Action_PreSnap,1241.07,282.32,1308.28,379.48,67.21000000000004,97.16000000000003,xml_geometry_csv_action
BootPass_81,105,6,6,Position_Unknown,Team_Unknown,Action_PreSnap,1094.43,678.35,1157.38,793.71,62.950000000000045,115.36000000000001,xml_geometry_csv_action
BootPass_81,105,7,7,Position_Unknown,Team_Unknown,Action_PreSnap,1030.85,395.09,1127.95,472.25,97.10000000000014,77.16000000000003,xml_geometry_csv_action
BootPass_81,105,8,8,Position_Unknown,Team_Unknown,Action_PreSnap,340.32,469.25,407.87,582.26,67.55000000000001,113.00999999999999,xml_geometry_csv_action
BootPass_81,105,9,9,Position_Unknown,Team_Unknown,Action_PreSnap,767.12,696.15,833.85,819.5,66.73000000000002,123.35000000000002,xml_geometry_csv_action
BootPass_81,106,0,0,Position_Unknown,Team_Unknown,Action_PreSnap,1294.73,710.3,1390.82,826.56,96.08999999999992,116.25999999999999,xml_geometry_csv_action
BootPass_81,106,1,1,Position_Unknown,Team_Unknown,Action_PreSnap,1137.18,212.15,1222.67,314.61,85.49000000000001,102.46000000000001,xml_geometry_csv_action
BootPass_81,106,10,10,Position_Unknown,Team_Unknown,Action_PreSnap,1193.07,438.51,1261.77,529.88,68.70000000000005,91.37,xml_geometry_csv_action
BootPass_81,106,11,11,Position_Unknown,Team_Unknown,Action_PreSnap,883.68,431.12,941.88,530.09,58.200000000000045,98.97000000000003,xml_geometry_csv_action
BootPass_81,106,12,12,Position_Unknown,Team_Unknown,Action_PreSnap,1441.61,394.94,1502.14,502.15,60.5300000000002,107.20999999999998,xml_geometry_csv_action
BootPass_81,106,13,13,Position_Unknown,Team_Unknown,Action_PreSnap,825.65,327.65,879.88,449.21,54.23000000000002,121.56,xml_geometry_csv_action
BootPass_81,106,14,14,Position_Unknown,Team_Unknown,Action_PreSnap,1134.05,371.41,1208.12,453.05,74.06999999999994,81.63999999999999,xml_geometry_csv_action
BootPass_81,106,15,15,Position_Unknown,Team_Unknown,Action_PreSnap,982.37,222.02,1034.58,318.67,52.20999999999992,96.65,xml_geometry_csv_action
BootPass_81,106,16,16,Position_Unknown,Team_Unknown,Action_PreSnap,810.02,242.19,857.64,367.68,47.620000000000005,125.49000000000001,xml_geometry_csv_action
BootPass_81,106,17,17,Position_Unknown,Team_Unknown,Action_PreSnap,1011.89,283.69,1108.21,352.32,96.32000000000005,68.63,xml_geometry_csv_action
BootPass_81,106,18,18,Position_Unknown,Team_Unknown,Action_PreSnap,1414.65,320.64,1478.27,443.78,63.61999999999989,123.13999999999999,xml_geometry_csv_action
BootPass_81,106,19,19,Position_Unknown,Team_Unknown,Action_PreSnap,1176.41,406.3,1244.27,487.84,67.8599999999999,81.53999999999996,xml_geometry_csv_action
BootPass_81,106,2,2,Position_Unknown,Team_Unknown,Action_PreSnap,1232.2,671.28,1313.42,787.78,81.22000000000003,116.5,xml_geometry_csv_action
BootPass_81,106,20,20,Position_Unknown,Team_Unknown,Action_PreSnap,1165.1,345.67,1234.79,411.97,69.69000000000005,66.30000000000001,xml_geometry_csv_action
BootPass_81,106,21,21,Position_Unknown,Team_Unknown,Action_PreSnap,1156.35,305.45,1221.9,360.52,65.55000000000018,55.06999999999999,xml_geometry_csv_action
BootPass_81,106,3,3,Position_Unknown,Team_Unknown,Action_PreSnap,1038.46,476.14,1134.55,559.26,96.08999999999992,83.12,xml_geometry_csv_action
BootPass_81,106,4,4,Position_Unknown,Team_Unknown,Action_PreSnap,998.68,336.45,1091.58,408.56,92.89999999999998,72.11000000000001,xml_geometry_csv_action
BootPass_81,106,5,5,Position_Unknown,Team_Unknown,Action_PreSnap,1240.91,282.0,1308.11,379.24,67.19999999999982,97.24000000000001,xml_geometry_csv_action
BootPass_81,106,6,6,Position_Unknown,Team_Unknown,Action_PreSnap,1094.39,678.31,1157.29,793.73,62.899999999999864,115.42000000000007,xml_geometry_csv_action
BootPass_81,106,7,7,Position_Unknown,Team_Unknown,Action_PreSnap,1030.85,394.93,1127.94,472.18,97.09000000000015,77.25,xml_geometry_csv_action
BootPass_81,106,8,8,Position_Unknown,Team_Unknown,Action_PreSnap,340.33,469.15,407.7,582.09,67.37,112.94000000000005,xml_geometry_csv_action
BootPass_81,106,9,9,Position_Unknown,Team_Unknown,Action_PreSnap,767.09,695.71,833.13,819.26,66.03999999999996,123.54999999999995,xml_geometry_csv_action
BootPass_81,107,0,0,Position_Unknown,Team_Unknown,Action_PreSnap,1295.08,710.68,1391.3,826.92,96.22000000000003,116.24000000000001,xml_geometry_csv_action
BootPass_81,107,1,1,Position_Unknown,Team_Unknown,Action_PreSnap,1137.42,212.19,1222.92,314.59,85.5,102.39999999999998,xml_geometry_csv_action
BootPass_81,107,10,10,Position_Unknown,Team_Unknown,Action_PreSnap,1193.27,438.65,1262.03,530.08,68.75999999999999,91.43000000000006,xml_geometry_csv_action
BootPass_81,107,11,11,Position_Unknown,Team_Unknown,Action_PreSnap,884.02,431.26,942.36,530.2,58.34000000000003,98.94000000000005,xml_geometry_csv_action
BootPass_81,107,12,12,Position_Unknown,Team_Unknown,Action_PreSnap,1442.16,395.17,1502.7,502.2,60.539999999999964,107.02999999999997,xml_geometry_csv_action
BootPass_81,107,13,13,Position_Unknown,Team_Unknown,Action_PreSnap,826.1,327.17,880.23,448.79,54.129999999999995,121.62,xml_geometry_csv_action
BootPass_81,107,14,14,Position_Unknown,Team_Unknown,Action_PreSnap,1134.47,371.44,1208.26,453.28,73.78999999999996,81.83999999999997,xml_geometry_csv_action
BootPass_81,107,15,15,Position_Unknown,Team_Unknown,Action_PreSnap,982.71,221.95,1034.86,318.68,52.149999999999864,96.73000000000002,xml_geometry_csv_action
BootPass_81,107,16,16,Position_Unknown,Team_Unknown,Action_PreSnap,810.6,241.93,858.38,367.38,47.77999999999997,125.44999999999999,xml_geometry_csv_action
BootPass_81,107,17,17,Position_Unknown,Team_Unknown,Action_PreSnap,1012.68,283.85,1108.55,352.35,95.87,68.5,xml_geometry_csv_action
BootPass_81,107,18,18,Position_Unknown,Team_Unknown,Action_PreSnap,1415.09,320.51,1478.23,443.92,63.1400000000001,123.41000000000003,xml_geometry_csv_action
BootPass_81,107,19,19,Position_Unknown,Team_Unknown,Action_PreSnap,1176.74,406.34,1244.6,488.13,67.8599999999999,81.79000000000002,xml_geometry_csv_action
BootPass_81,107,2,2,Position_Unknown,Team_Unknown,Action_PreSnap,1232.35,671.31,1313.66,788.01,81.31000000000017,116.70000000000005,xml_geometry_csv_action
BootPass_81,107,20,20,Position_Unknown,Team_Unknown,Action_PreSnap,1165.74,345.71,1235.06,412.18,69.31999999999994,66.47000000000003,xml_geometry_csv_action
BootPass_81,107,21,21,Position_Unknown,Team_Unknown,Action_PreSnap,1156.58,305.37,1222.07,360.5,65.49000000000001,55.129999999999995,xml_geometry_csv_action
BootPass_81,107,3,3,Position_Unknown,Team_Unknown,Action_PreSnap,1038.63,476.21,1134.72,559.33,96.08999999999992,83.12000000000006,xml_geometry_csv_action
BootPass_81,107,4,4,Position_Unknown,Team_Unknown,Action_PreSnap,999.14,336.48,1091.99,408.5,92.85000000000002,72.01999999999998,xml_geometry_csv_action
BootPass_81,107,5,5,Position_Unknown,Team_Unknown,Action_PreSnap,1241.11,282.06,1308.41,379.33,67.30000000000018,97.26999999999998,xml_geometry_csv_action
BootPass_81,107,6,6,Position_Unknown,Team_Unknown,Action_PreSnap,1094.57,678.35,1157.4,793.79,62.830000000000155,115.43999999999994,xml_geometry_csv_action
BootPass_81,107,7,7,Position_Unknown,Team_Unknown,Action_PreSnap,1031.13,395.03,1128.22,472.03,97.08999999999992,77.0,xml_geometry_csv_action
BootPass_81,107,8,8,Position_Unknown,Team_Unknown,Action_PreSnap,340.71,469.27,407.82,582.08,67.11000000000001,112.81000000000006,xml_geometry_csv_action
BootPass_81,107,9,9,Position_Unknown,Team_Unknown,Action_PreSnap,767.14,695.84,833.32,819.37,66.18000000000006,123.52999999999997,xml_geometry_csv_action
BootPass_81,108,0,0,Position_Unknown,Team_Unknown,Action_PreSnap,1294.33,710.95,1390.75,827.2,96.42000000000007,116.25,xml_geometry_csv_action
BootPass_81,108,1,1,Position_Unknown,Team_Unknown,Action_PreSnap,1136.82,212.34,1222.33,315.03,85.50999999999999,102.68999999999997,xml_geometry_csv_action
BootPass_81,108,10,10,Position_Unknown,Team_Unknown,Action_PreSnap,1192.84,438.65,1261.27,530.14,68.43000000000006,91.49000000000001,xml_geometry_csv_action
BootPass_81,108,11,11,Position_Unknown,Team_Unknown,Action_PreSnap,883.29,431.44,941.82,530.61,58.530000000000086,99.17000000000002,xml_geometry_csv_action
BootPass_81,108,12,12,Position_Unknown,Team_Unknown,Action_PreSnap,1441.56,394.68,1502.04,502.66,60.48000000000002,107.98000000000002,xml_geometry_csv_action
BootPass_81,108,13,13,Position_Unknown,Team_Unknown,Action_PreSnap,825.52,327.14,879.78,448.95,54.25999999999999,121.81,xml_geometry_csv_action
BootPass_81,108,14,14,Position_Unknown,Team_Unknown,Action_PreSnap,1133.88,371.56,1207.81,453.24,73.92999999999984,81.68,xml_geometry_csv_action
BootPass_81,108,15,15,Position_Unknown,Team_Unknown,Action_PreSnap,981.86,222.28,1034.28,319.1,52.41999999999996,96.82000000000002,xml_geometry_csv_action
BootPass_81,108,16,16,Position_Unknown,Team_Unknown,Action_PreSnap,809.93,242.02,858.12,367.46,48.190000000000055,125.43999999999997,xml_geometry_csv_action
BootPass_81,108,17,17,Position_Unknown,Team_Unknown,Action_PreSnap,1012.2,284.23,1107.78,352.68,95.57999999999993,68.44999999999999,xml_geometry_csv_action
BootPass_81,108,18,18,Position_Unknown,Team_Unknown,Action_PreSnap,1414.27,320.83,1478.22,444.54,63.950000000000045,123.71000000000004,xml_geometry_csv_action
BootPass_81,108,19,19,Position_Unknown,Team_Unknown,Action_PreSnap,1176.28,406.32,1244.0,487.78,67.72000000000003,81.45999999999998,xml_geometry_csv_action
BootPass_81,108,2,2,Position_Unknown,Team_Unknown,Action_PreSnap,1231.76,671.65,1313.06,788.13,81.29999999999995,116.48000000000002,xml_geometry_csv_action
BootPass_81,108,20,20,Position_Unknown,Team_Unknown,Action_PreSnap,1164.8,346.06,1234.45,412.2,69.65000000000009,66.13999999999999,xml_geometry_csv_action
BootPass_81,108,21,21,Position_Unknown,Team_Unknown,Action_PreSnap,1156.05,305.73,1221.77,360.48,65.72000000000003,54.75,xml_geometry_csv_action
BootPass_81,108,3,3,Position_Unknown,Team_Unknown,Action_PreSnap,1038.08,476.42,1133.95,559.57,95.87000000000012,83.15000000000003,xml_geometry_csv_action
BootPass_81,108,4,4,Position_Unknown,Team_Unknown,Action_PreSnap,998.18,336.72,1091.1,408.77,92.91999999999996,72.04999999999995,xml_geometry_csv_action
BootPass_81,108,5,5,Position_Unknown,Team_Unknown,Action_PreSnap,1240.01,282.3,1307.6,379.58,67.58999999999992,97.27999999999997,xml_geometry_csv_action
BootPass_81,108,6,6,Position_Unknown,Team_Unknown,Action_PreSnap,1093.94,678.51,1156.8,793.66,62.8599999999999,115.14999999999998,xml_geometry_csv_action
BootPass_81,108,7,7,Position_Unknown,Team_Unknown,Action_PreSnap,1030.43,395.17,1127.58,472.33,97.14999999999986,77.15999999999997,xml_geometry_csv_action
BootPass_81,108,8,8,Position_Unknown,Team_Unknown,Action_PreSnap,340.06,469.48,407.25,582.27,67.19,112.78999999999996,xml_geometry_csv_action
BootPass_81,108,9,9,Position_Unknown,Team_Unknown,Action_PreSnap,766.57,695.89,832.78,819.55,66.20999999999992,123.65999999999997,xml_geometry_csv_action
BootPass_81,109,0,0,Position_Unknown,Team_Unknown,Action_PreSnap,1294.01,710.08,1390.54,826.47,96.52999999999997,116.38999999999999,xml_geometry_csv_action
BootPass_81,109,1,1,Position_Unknown,Team_Unknown,Action_PreSnap,1136.65,211.79,1222.3,314.27,85.64999999999986,102.47999999999999,xml_geometry_csv_action
BootPass_81,109,10,10,Position_Unknown,Team_Unknown,Action_PreSnap,1192.69,437.79,1261.13,529.17,68.44000000000005,91.37999999999994,xml_geometry_csv_action
BootPass_81,109,11,11,Position_Unknown,Team_Unknown,Action_PreSnap,883.39,430.66,941.89,529.79,58.5,99.12999999999994,xml_geometry_csv_action
BootPass_81,109,12,12,Position_Unknown,Team_Unknown,Action_PreSnap,1440.97,393.8,1501.72,501.75,60.75,107.94999999999999,xml_geometry_csv_action
BootPass_81,109,13,13,Position_Unknown,Team_Unknown,Action_PreSnap,825.38,326.17,879.62,448.34,54.24000000000001,122.16999999999996,xml_geometry_csv_action
BootPass_81,109,14,14,Position_Unknown,Team_Unknown,Action_PreSnap,1133.67,370.68,1207.59,452.31,73.91999999999985,81.63,xml_geometry_csv_action
BootPass_81,109,15,15,Position_Unknown,Team_Unknown,Action_PreSnap,981.45,221.43,1034.1,318.35,52.649999999999864,96.92000000000002,xml_geometry_csv_action
BootPass_81,109,16,16,Position_Unknown,Team_Unknown,Action_PreSnap,809.84,241.37,858.95,367.12,49.110000000000014,125.75,xml_geometry_csv_action
BootPass_81,109,17,17,Position_Unknown,Team_Unknown,Action_PreSnap,1012.05,283.65,1107.41,352.15,95.36000000000013,68.5,xml_geometry_csv_action
BootPass_81,109,18,18,Position_Unknown,Team_Unknown,Action_PreSnap,1414.11,319.96,1477.66,443.39,63.55000000000018,123.43,xml_geometry_csv_action
BootPass_81,109,19,19,Position_Unknown,Team_Unknown,Action_PreSnap,1176.18,405.98,1243.82,486.94,67.63999999999987,80.95999999999998,xml_geometry_csv_action
BootPass_81,109,2,2,Position_Unknown,Team_Unknown,Action_PreSnap,1231.62,670.9,1313.0,787.6,81.38000000000011,116.70000000000005,xml_geometry_csv_action
BootPass_81,109,20,20,Position_Unknown,Team_Unknown,Action_PreSnap,1164.25,345.56,1234.28,411.58,70.02999999999997,66.01999999999998,xml_geometry_csv_action
BootPass_81,109,21,21,Position_Unknown,Team_Unknown,Action_PreSnap,1156.15,304.77,1222.05,359.87,65.89999999999986,55.10000000000002,xml_geometry_csv_action
BootPass_81,109,3,3,Position_Unknown,Team_Unknown,Action_PreSnap,1038.17,475.71,1133.66,558.83,95.49000000000001,83.12000000000006,xml_geometry_csv_action
BootPass_81,109,4,4,Position_Unknown,Team_Unknown,Action_PreSnap,997.95,336.19,1090.96,407.98,93.00999999999999,71.79000000000002,xml_geometry_csv_action
BootPass_81,109,5,5,Position_Unknown,Team_Unknown,Action_PreSnap,1239.76,281.55,1307.27,378.96,67.50999999999999,97.40999999999997,xml_geometry_csv_action
BootPass_81,109,6,6,Position_Unknown,Team_Unknown,Action_PreSnap,1093.61,678.07,1156.53,792.95,62.92000000000007,114.88,xml_geometry_csv_action
BootPass_81,109,7,7,Position_Unknown,Team_Unknown,Action_PreSnap,1030.05,394.42,1127.15,471.9,97.10000000000014,77.47999999999996,xml_geometry_csv_action
BootPass_81,109,8,8,Position_Unknown,Team_Unknown,Action_PreSnap,340.0,468.47,407.37,581.59,67.37,113.12,xml_geometry_csv_action
BootPass_81,109,9,9,Position_Unknown,Team_Unknown,Action_PreSnap,766.52,695.07,832.61,818.93,66.09000000000003,123.8599999999999,xml_geometry_csv_action
BootPass_81,110,0,0,Position_Unknown,Team_Unknown,Action_PreSnap,1294.46,711.11,1391.1,827.31,96.63999999999987,116.19999999999993,xml_geometry_csv_action
BootPass_81,110,1,1,Position_Unknown,Team_Unknown,Action_PreSnap,1137.03,212.48,1222.71,314.74,85.68000000000006,102.26000000000002,xml_geometry_csv_action
BootPass_81,110,10,10,Position_Unknown,Team_Unknown,Action_PreSnap,1193.22,438.9,1261.55,530.01,68.32999999999993,91.11000000000001,xml_geometry_csv_action
BootPass_81,110,11,11,Position_Unknown,Team_Unknown,Action_PreSnap,883.95,431.49,942.53,530.27,58.57999999999993,98.77999999999997,xml_geometry_csv_action
BootPass_81,110,12,12,Position_Unknown,Team_Unknown,Action_PreSnap,1441.53,394.31,1501.97,502.38,60.440000000000055,108.07,xml_geometry_csv_action
BootPass_81,110,13,13,Position_Unknown,Team_Unknown,Action_PreSnap,825.92,326.92,879.84,449.36,53.92000000000007,122.44,xml_geometry_csv_action
BootPass_81,110,14,14,Position_Unknown,Team_Unknown,Action_PreSnap,1134.2,371.46,1207.78,453.03,73.57999999999993,81.57,xml_geometry_csv_action
BootPass_81,110,15,15,Position_Unknown,Team_Unknown,Action_PreSnap,981.93,222.09,1034.41,319.06,52.48000000000013,96.97,xml_geometry_csv_action
BootPass_81,110,16,16,Position_Unknown,Team_Unknown,Action_PreSnap,810.07,242.12,859.54,367.73,49.469999999999914,125.61000000000001,xml_geometry_csv_action
BootPass_81,110,17,17,Position_Unknown,Team_Unknown,Action_PreSnap,1012.67,284.12,1107.91,352.71,95.24000000000012,68.58999999999997,xml_geometry_csv_action
BootPass_81,110,18,18,Position_Unknown,Team_Unknown,Action_PreSnap,1415.22,320.43,1478.22,444.17,63.0,123.74000000000001,xml_geometry_csv_action
BootPass_81,110,19,19,Position_Unknown,Team_Unknown,Action_PreSnap,1176.63,406.6,1244.22,487.66,67.58999999999992,81.06,xml_geometry_csv_action
BootPass_81,110,2,2,Position_Unknown,Team_Unknown,Action_PreSnap,1232.17,671.83,1313.31,788.18,81.13999999999987,116.34999999999991,xml_geometry_csv_action
BootPass_81,110,20,20,Position_Unknown,Team_Unknown,Action_PreSnap,1165.18,346.02,1234.79,412.4,69.6099999999999,66.38,xml_geometry_csv_action
BootPass_81,110,21,21,Position_Unknown,Team_Unknown,Action_PreSnap,1156.49,305.58,1221.9,360.41,65.41000000000008,54.83000000000004,xml_geometry_csv_action
BootPass_81,110,3,3,Position_Unknown,Team_Unknown,Action_PreSnap,1038.46,476.36,1134.05,559.34,95.58999999999992,82.98000000000002,xml_geometry_csv_action
BootPass_81,110,4,4,Position_Unknown,Team_Unknown,Action_PreSnap,998.27,336.57,1091.3,408.69,93.02999999999997,72.12,xml_geometry_csv_action
BootPass_81,110,5,5,Position_Unknown,Team_Unknown,Action_PreSnap,1240.26,282.11,1307.91,379.45,67.65000000000009,97.33999999999997,xml_geometry_csv_action
BootPass_81,110,6,6,Position_Unknown,Team_Unknown,Action_PreSnap,1094.6,678.87,1157.19,793.47,62.590000000000146,114.60000000000002,xml_geometry_csv_action
BootPass_81,110,7,7,Position_Unknown,Team_Unknown,Action_PreSnap,1030.67,395.03,1127.63,472.3,96.96000000000004,77.27000000000004,xml_geometry_csv_action
BootPass_81,110,8,8,Position_Unknown,Team_Unknown,Action_PreSnap,340.7,469.38,407.49,582.13,66.79000000000002,112.75,xml_geometry_csv_action
BootPass_81,110,9,9,Position_Unknown,Team_Unknown,Action_PreSnap,766.82,695.73,832.85,819.39,66.02999999999997,123.65999999999997,xml_geometry_csv_action
BootPass_81,111,0,0,Position_Unknown,Team_Unknown,Action_PreSnap,1293.91,711.59,1390.35,827.6,96.43999999999983,116.00999999999999,xml_geometry_csv_action
BootPass_81,111,1,1,Position_Unknown,Team_Unknown,Action_PreSnap,1136.57,212.78,1222.21,315.22,85.6400000000001,102.44000000000003,xml_geometry_csv_action
BootPass_81,111,10,10,Position_Unknown,Team_Unknown,Action_PreSnap,1192.63,439.21,1260.9,530.44,68.26999999999998,91.23000000000008,xml_geometry_csv_action
BootPass_81,111,11,11,Position_Unknown,Team_Unknown,Action_PreSnap,883.48,431.78,942.23,530.88,58.75,99.10000000000002,xml_geometry_csv_action
BootPass_81,111,12,12,Position_Unknown,Team_Unknown,Action_PreSnap,1441.11,395.0,1500.98,502.72,59.87000000000012,107.72000000000003,xml_geometry_csv_action
BootPass_81,111,13,13,Position_Unknown,Team_Unknown,Action_PreSnap,825.49,327.76,878.98,450.01,53.49000000000001,122.25,xml_geometry_csv_action
BootPass_81,111,14,14,Position_Unknown,Team_Unknown,Action_PreSnap,1133.65,371.8,1207.12,453.71,73.4699999999998,81.90999999999997,xml_geometry_csv_action
BootPass_81,111,15,15,Position_Unknown,Team_Unknown,Action_PreSnap,981.58,222.66,1034.03,319.51,52.44999999999993,96.85,xml_geometry_csv_action
BootPass_81,111,16,16,Position_Unknown,Team_Unknown,Action_PreSnap,809.66,242.68,858.59,368.28,48.930000000000064,125.59999999999997,xml_geometry_csv_action
BootPass_81,111,17,17,Position_Unknown,Team_Unknown,Action_PreSnap,1012.05,284.84,1107.2,353.23,95.15000000000009,68.39000000000004,xml_geometry_csv_action
BootPass_81,111,18,18,Position_Unknown,Team_Unknown,Action_PreSnap,1415.14,320.97,1477.83,444.92,62.68999999999983,123.94999999999999,xml_geometry_csv_action
BootPass_81,111,19,19,Position_Unknown,Team_Unknown,Action_PreSnap,1176.19,406.76,1243.59,487.63,67.39999999999986,80.87,xml_geometry_csv_action
BootPass_81,111,2,2,Position_Unknown,Team_Unknown,Action_PreSnap,1231.56,672.22,1312.66,788.4,81.10000000000014,116.17999999999995,xml_geometry_csv_action
BootPass_81,111,20,20,Position_Unknown,Team_Unknown,Action_PreSnap,1164.31,346.28,1234.04,412.55,69.73000000000002,66.27000000000004,xml_geometry_csv_action
BootPass_81,111,21,21,Position_Unknown,Team_Unknown,Action_PreSnap,1155.82,306.0,1221.12,360.61,65.29999999999995,54.610000000000014,xml_geometry_csv_action
BootPass_81,111,3,3,Position_Unknown,Team_Unknown,Action_PreSnap,1037.73,476.69,1133.28,559.68,95.54999999999995,82.98999999999995,xml_geometry_csv_action
BootPass_81,111,4,4,Position_Unknown,Team_Unknown,Action_PreSnap,997.64,337.01,1090.73,409.2,93.09000000000003,72.19,xml_geometry_csv_action
BootPass_81,111,5,5,Position_Unknown,Team_Unknown,Action_PreSnap,1239.81,282.81,1307.34,379.94,67.52999999999997,97.13,xml_geometry_csv_action
BootPass_81,111,6,6,Position_Unknown,Team_Unknown,Action_PreSnap,1094.17,679.26,1156.65,793.88,62.48000000000002,114.62,xml_geometry_csv_action
BootPass_81,111,7,7,Position_Unknown,Team_Unknown,Action_PreSnap,1030.16,395.6,1126.93,472.71,96.76999999999998,77.10999999999996,xml_geometry_csv_action
BootPass_81,111,8,8,Position_Unknown,Team_Unknown,Action_PreSnap,340.25,469.54,407.17,582.33,66.92000000000002,112.79000000000002,xml_geometry_csv_action
BootPass_81,111,9,9,Position_Unknown,Team_Unknown,Action_PreSnap,766.37,696.04,832.3,819.84,65.92999999999995,123.80000000000007,xml_geometry_csv_action
BootPass_81,112,0,0,Position_Unknown,Team_Unknown,Action_PreSnap,1293.74,711.27,1390.21,827.44,96.47000000000003,116.17000000000007,xml_geometry_csv_action
BootPass_81,112,1,1,Position_Unknown,Team_Unknown,Action_PreSnap,1136.12,212.43,1221.99,315.22,85.87000000000012,102.79000000000002,xml_geometry_csv_action
BootPass_81,112,10,10,Position_Unknown,Team_Unknown,Action_PreSnap,1192.4,439.08,1260.69,530.26,68.28999999999996,91.18,xml_geometry_csv_action
BootPass_81,112,11,11,Position_Unknown,Team_Unknown,Action_PreSnap,883.15,431.62,942.04,530.82,58.889999999999986,99.20000000000005,xml_geometry_csv_action
BootPass_81,112,12,12,Position_Unknown,Team_Unknown,Action_PreSnap,1440.89,394.88,1500.61,502.56,59.7199999999998,107.68,xml_geometry_csv_action
BootPass_81,112,13,13,Position_Unknown,Team_Unknown,Action_PreSnap,825.4,328.15,878.73,449.98,53.33000000000004,121.83000000000004,xml_geometry_csv_action
BootPass_81,112,14,14,Position_Unknown,Team_Unknown,Action_PreSnap,1133.53,371.63,1206.79,453.79,73.25999999999999,82.16000000000003,xml_geometry_csv_action
BootPass_81,112,15,15,Position_Unknown,Team_Unknown,Action_PreSnap,980.91,222.45,1033.62,319.3,52.70999999999992,96.85000000000002,xml_geometry_csv_action
BootPass_81,112,16,16,Position_Unknown,Team_Unknown,Action_PreSnap,809.49,242.78,858.19,368.14,48.700000000000045,125.35999999999999,xml_geometry_csv_action
BootPass_81,112,17,17,Position_Unknown,Team_Unknown,Action_PreSnap,1011.75,284.68,1106.75,352.89,95.0,68.20999999999998,xml_geometry_csv_action
BootPass_81,112,18,18,Position_Unknown,Team_Unknown,Action_PreSnap,1415.5,321.05,1477.63,444.77,62.13000000000011,123.71999999999997,xml_geometry_csv_action
BootPass_81,112,19,19,Position_Unknown,Team_Unknown,Action_PreSnap,1176.03,406.68,1243.27,487.38,67.24000000000001,80.69999999999999,xml_geometry_csv_action
BootPass_81,112,2,2,Position_Unknown,Team_Unknown,Action_PreSnap,1231.41,672.09,1312.52,788.2,81.1099999999999,116.11000000000001,xml_geometry_csv_action
BootPass_81,112,20,20,Position_Unknown,Team_Unknown,Action_PreSnap,1164.13,346.12,1233.84,412.42,69.70999999999981,66.30000000000001,xml_geometry_csv_action
BootPass_81,112,21,21,Position_Unknown,Team_Unknown,Action_PreSnap,1155.37,305.57,1220.94,360.41,65.57000000000016,54.84000000000003,xml_geometry_csv_action
BootPass_81,112,3,3,Position_Unknown,Team_Unknown,Action_PreSnap,1037.62,476.53,1133.1,559.56,95.48000000000002,83.02999999999997,xml_geometry_csv_action
BootPass_81,112,4,4,Position_Unknown,Team_Unknown,Action_PreSnap,997.42,336.81,1090.68,409.13,93.2600000000001,72.32,xml_geometry_csv_action
BootPass_81,112,5,5,Position_Unknown,Team_Unknown,Action_PreSnap,1239.43,282.58,1306.97,379.6,67.53999999999996,97.02000000000004,xml_geometry_csv_action
BootPass_81,112,6,6,Position_Unknown,Team_Unknown,Action_PreSnap,1094.01,679.06,1156.6,793.82,62.58999999999992,114.7600000000001,xml_geometry_csv_action
BootPass_81,112,7,7,Position_Unknown,Team_Unknown,Action_PreSnap,1030.05,395.33,1126.76,472.55,96.71000000000004,77.22000000000003,xml_geometry_csv_action
BootPass_81,112,8,8,Position_Unknown,Team_Unknown,Action_PreSnap,340.25,469.45,407.1,582.21,66.85000000000002,112.76000000000005,xml_geometry_csv_action
BootPass_81,112,9,9,Position_Unknown,Team_Unknown,Action_PreSnap,766.23,695.91,832.09,819.56,65.86000000000001,123.64999999999998,xml_geometry_csv_action
BootPass_81,113,0,0,Position_Unknown,Team_Unknown,Action_PreSnap,1294.39,711.98,1390.48,828.01,96.08999999999992,116.02999999999997,xml_geometry_csv_action
BootPass_81,113,1,1,Position_Unknown,Team_Unknown,Action_PreSnap,1136.63,213.19,1222.26,315.78,85.62999999999988,102.58999999999997,xml_geometry_csv_action
BootPass_81,113,10,10,Position_Unknown,Team_Unknown,Action_PreSnap,1192.74,439.43,1260.96,530.86,68.22000000000003,91.43,xml_geometry_csv_action
BootPass_81,113,11,11,Position_Unknown,Team_Unknown,Action_PreSnap,883.84,432.3,942.51,531.45,58.66999999999996,99.15000000000003,xml_geometry_csv_action
BootPass_81,113,12,12,Position_Unknown,Team_Unknown,Action_PreSnap,1441.08,395.56,1500.94,502.96,59.86000000000013,107.39999999999998,xml_geometry_csv_action
BootPass_81,113,13,13,Position_Unknown,Team_Unknown,Action_PreSnap,825.92,329.08,879.15,450.84,53.23000000000002,121.75999999999999,xml_geometry_csv_action
BootPass_81,113,14,14,Position_Unknown,Team_Unknown,Action_PreSnap,1133.75,372.25,1207.06,454.42,73.30999999999995,82.17000000000002,xml_geometry_csv_action
BootPass_81,113,15,15,Position_Unknown,Team_Unknown,Action_PreSnap,981.6,222.93,1034.11,319.76,52.50999999999988,96.82999999999998,xml_geometry_csv_action
BootPass_81,113,16,16,Position_Unknown,Team_Unknown,Action_PreSnap,809.97,243.41,858.27,368.38,48.299999999999955,124.97,xml_geometry_csv_action
BootPass_81,113,17,17,Position_Unknown,Team_Unknown,Action_PreSnap,1012.0,285.21,1107.06,353.4,95.05999999999995,68.19,xml_geometry_csv_action
BootPass_81,113,18,18,Position_Unknown,Team_Unknown,Action_PreSnap,1415.79,321.98,1477.57,444.83,61.77999999999997,122.84999999999997,xml_geometry_csv_action
BootPass_81,113,19,19,Position_Unknown,Team_Unknown,Action_PreSnap,1176.27,406.93,1243.56,487.85,67.28999999999996,80.92000000000002,xml_geometry_csv_action
BootPass_81,113,2,2,Position_Unknown,Team_Unknown,Action_PreSnap,1231.58,672.8,1312.83,788.58,81.25,115.78000000000009,xml_geometry_csv_action
BootPass_81,113,20,20,Position_Unknown,Team_Unknown,Action_PreSnap,1164.28,346.39,1234.08,412.76,69.79999999999995,66.37,xml_geometry_csv_action
BootPass_81,113,21,21,Position_Unknown,Team_Unknown,Action_PreSnap,1155.85,306.27,1221.11,360.82,65.25999999999999,54.55000000000001,xml_geometry_csv_action
BootPass_81,113,3,3,Position_Unknown,Team_Unknown,Action_PreSnap,1038.03,477.16,1133.38,560.35,95.35000000000014,83.19,xml_geometry_csv_action
BootPass_81,113,4,4,Position_Unknown,Team_Unknown,Action_PreSnap,997.9,337.17,1090.83,409.63,92.92999999999995,72.45999999999998,xml_geometry_csv_action
BootPass_81,113,5,5,Position_Unknown,Team_Unknown,Action_PreSnap,1239.93,283.11,1307.42,380.18,67.49000000000001,97.07,xml_geometry_csv_action
BootPass_81,113,6,6,Position_Unknown,Team_Unknown,Action_PreSnap,1094.38,679.68,1156.95,794.44,62.569999999999936,114.7600000000001,xml_geometry_csv_action
BootPass_81,113,7,7,Position_Unknown,Team_Unknown,Action_PreSnap,1030.43,395.85,1127.04,472.89,96.6099999999999,77.03999999999996,xml_geometry_csv_action
BootPass_81,113,8,8,Position_Unknown,Team_Unknown,Action_PreSnap,340.8,469.94,407.47,582.77,66.67000000000002,112.82999999999998,xml_geometry_csv_action
BootPass_81,113,9,9,Position_Unknown,Team_Unknown,Action_PreSnap,766.52,696.57,832.35,820.57,65.83000000000004,124.0,xml_geometry_csv_action
BootPass_81,114,0,0,Position_Unknown,Team_Unknown,Action_PreSnap,1293.87,712.11,1389.91,828.1,96.04000000000019,115.99000000000001,xml_geometry_csv_action
BootPass_81,114,1,1,Position_Unknown,Team_Unknown,Action_PreSnap,1136.01,213.36,1221.71,315.91,85.70000000000005,102.55000000000001,xml_geometry_csv_action
BootPass_81,114,10,10,Position_Unknown,Team_Unknown,Action_PreSnap,1191.79,439.36,1260.31,530.88,68.51999999999998,91.51999999999998,xml_geometry_csv_action
BootPass_81,114,11,11,Position_Unknown,Team_Unknown,Action_PreSnap,883.04,432.08,941.89,531.34,58.85000000000002,99.26000000000005,xml_geometry_csv_action
BootPass_81,114,12,12,Position_Unknown,Team_Unknown,Action_PreSnap,1440.36,395.25,1500.12,502.84,59.75999999999999,107.58999999999997,xml_geometry_csv_action
BootPass_81,114,13,13,Position_Unknown,Team_Unknown,Action_PreSnap,825.29,329.26,878.47,451.03,53.180000000000064,121.76999999999998,xml_geometry_csv_action
BootPass_81,114,14,14,Position_Unknown,Team_Unknown,Action_PreSnap,1132.96,372.33,1206.49,454.38,73.52999999999997,82.05000000000001,xml_geometry_csv_action
BootPass_81,114,15,15,Position_Unknown,Team_Unknown,Action_PreSnap,981.14,222.93,1033.63,319.82,52.49000000000012,96.88999999999999,xml_geometry_csv_action
BootPass_81,114,16,16,Position_Unknown,Team_Unknown,Action_PreSnap,809.14,243.48,857.58,368.33,48.440000000000055,124.85,xml_geometry_csv_action
BootPass_81,114,17,17,Position_Unknown,Team_Unknown,Action_PreSnap,1011.19,285.2,1106.5,353.39,95.30999999999995,68.19,xml_geometry_csv_action
BootPass_81,114,18,18,Position_Unknown,Team_Unknown,Action_PreSnap,1413.98,322.17,1476.94,445.07,62.960000000000036,122.89999999999998,xml_geometry_csv_action
BootPass_81,114,19,19,Position_Unknown,Team_Unknown,Action_PreSnap,1175.32,406.83,1242.76,488.36,67.44000000000005,81.53000000000003,xml_geometry_csv_action
BootPass_81,114,2,2,Position_Unknown,Team_Unknown,Action_PreSnap,1230.71,672.83,1312.28,788.56,81.56999999999994,115.7299999999999,xml_geometry_csv_action
BootPass_81,114,20,20,Position_Unknown,Team_Unknown,Action_PreSnap,1163.35,346.33,1233.24,412.51,69.8900000000001,66.18,xml_geometry_csv_action
BootPass_81,114,21,21,Position_Unknown,Team_Unknown,Action_PreSnap,1155.22,306.36,1220.55,360.84,65.32999999999993,54.47999999999996,xml_geometry_csv_action
BootPass_81,114,3,3,Position_Unknown,Team_Unknown,Action_PreSnap,1037.31,477.12,1132.75,560.57,95.44000000000005,83.45000000000005,xml_geometry_csv_action
BootPass_81,114,4,4,Position_Unknown,Team_Unknown,Action_PreSnap,997.22,337.19,1090.31,409.51,93.08999999999992,72.32,xml_geometry_csv_action
BootPass_81,114,5,5,Position_Unknown,Team_Unknown,Action_PreSnap,1239.32,283.06,1306.66,380.2,67.34000000000015,97.13999999999999,xml_geometry_csv_action
BootPass_81,114,6,6,Position_Unknown,Team_Unknown,Action_PreSnap,1093.45,679.69,1156.44,794.54,62.99000000000001,114.84999999999991,xml_geometry_csv_action
BootPass_81,114,7,7,Position_Unknown,Team_Unknown,Action_PreSnap,1029.33,395.74,1126.27,472.83,96.94000000000005,77.08999999999997,xml_geometry_csv_action
BootPass_81,114,8,8,Position_Unknown,Team_Unknown,Action_PreSnap,339.9,469.93,406.75,582.88,66.85000000000002,112.94999999999999,xml_geometry_csv_action
BootPass_81,114,9,9,Position_Unknown,Team_Unknown,Action_PreSnap,765.73,696.56,831.58,820.78,65.85000000000002,124.22000000000003,xml_geometry_csv_action
BootPass_81,115,0,0,Position_Unknown,Team_Unknown,Action_PreSnap,1294.69,711.98,1390.65,827.77,95.96000000000004,115.78999999999996,xml_geometry_csv_action
BootPass_81,115,1,1,Position_Unknown,Team_Unknown,Action_PreSnap,1136.32,213.06,1222.14,315.64,85.82000000000016,102.57999999999998,xml_geometry_csv_action
BootPass_81,115,10,10,Position_Unknown,Team_Unknown,Action_PreSnap,1192.62,439.23,1260.95,530.63,68.33000000000015,91.39999999999998,xml_geometry_csv_action
BootPass_81,115,11,11,Position_Unknown,Team_Unknown,Action_PreSnap,883.98,432.05,942.61,531.1,58.629999999999995,99.05000000000001,xml_geometry_csv_action
BootPass_81,115,12,12,Position_Unknown,Team_Unknown,Action_PreSnap,1440.98,395.2,1500.86,502.71,59.87999999999988,107.50999999999999,xml_geometry_csv_action
BootPass_81,115,13,13,Position_Unknown,Team_Unknown,Action_PreSnap,826.1,329.2,879.26,450.76,53.15999999999997,121.56,xml_geometry_csv_action
BootPass_81,115,14,14,Position_Unknown,Team_Unknown,Action_PreSnap,1133.67,372.19,1207.19,454.08,73.51999999999998,81.88999999999999,xml_geometry_csv_action
BootPass_81,115,15,15,Position_Unknown,Team_Unknown,Action_PreSnap,981.56,222.7,1033.98,319.58,52.42000000000007,96.88,xml_geometry_csv_action
BootPass_81,115,16,16,Position_Unknown,Team_Unknown,Action_PreSnap,809.99,243.38,858.15,368.02,48.15999999999997,124.63999999999999,xml_geometry_csv_action
BootPass_81,115,17,17,Position_Unknown,Team_Unknown,Action_PreSnap,1012.06,285.17,1107.0,353.25,94.94000000000005,68.07999999999998,xml_geometry_csv_action
BootPass_81,115,18,18,Position_Unknown,Team_Unknown,Action_PreSnap,1413.07,322.21,1477.83,444.82,64.75999999999999,122.61000000000001,xml_geometry_csv_action
BootPass_81,115,19,19,Position_Unknown,Team_Unknown,Action_PreSnap,1176.06,406.67,1243.53,487.89,67.47000000000003,81.21999999999997,xml_geometry_csv_action
BootPass_81,115,2,2,Position_Unknown,Team_Unknown,Action_PreSnap,1231.33,672.74,1313.05,788.49,81.72000000000003,115.75,xml_geometry_csv_action
BootPass_81,115,20,20,Position_Unknown,Team_Unknown,Action_PreSnap,1164.05,346.22,1234.07,412.45,70.01999999999998,66.22999999999996,xml_geometry_csv_action
BootPass_81,115,21,21,Position_Unknown,Team_Unknown,Action_PreSnap,1155.64,306.03,1221.04,360.65,65.39999999999986,54.620000000000005,xml_geometry_csv_action
BootPass_81,115,3,3,Position_Unknown,Team_Unknown,Action_PreSnap,1038.01,477.05,1133.43,560.39,95.42000000000007,83.33999999999997,xml_geometry_csv_action
BootPass_81,115,4,4,Position_Unknown,Team_Unknown,Action_PreSnap,998.03,336.91,1090.87,409.43,92.83999999999992,72.51999999999998,xml_geometry_csv_action
BootPass_81,115,5,5,Position_Unknown,Team_Unknown,Action_PreSnap,1239.89,282.97,1307.44,379.99,67.54999999999995,97.01999999999998,xml_geometry_csv_action
BootPass_81,115,6,6,Position_Unknown,Team_Unknown,Action_PreSnap,1094.35,679.59,1157.12,794.41,62.76999999999998,114.81999999999994,xml_geometry_csv_action
BootPass_81,115,7,7,Position_Unknown,Team_Unknown,Action_PreSnap,1030.33,395.67,1126.98,472.71,96.65000000000009,77.03999999999996,xml_geometry_csv_action
BootPass_81,115,8,8,Position_Unknown,Team_Unknown,Action_PreSnap,340.69,469.81,407.41,582.68,66.72000000000003,112.86999999999995,xml_geometry_csv_action
BootPass_81,115,9,9,Position_Unknown,Team_Unknown,Action_PreSnap,766.48,696.51,832.35,820.5,65.87,123.99000000000001,xml_geometry_csv_action
BootPass_81,116,0,0,Position_Unknown,Team_Unknown,Action_PreSnap,1294.16,712.34,1390.38,828.41,96.22000000000003,116.06999999999994,xml_geometry_csv_action
BootPass_81,116,1,1,Position_Unknown,Team_Unknown,Action_PreSnap,1136.19,213.58,1221.84,316.24,85.64999999999986,102.66,xml_geometry_csv_action
BootPass_81,116,10,10,Position_Unknown,Team_Unknown,Action_PreSnap,1192.34,439.53,1260.87,531.02,68.52999999999997,91.49000000000001,xml_geometry_csv_action
BootPass_81,116,11,11,Position_Unknown,Team_Unknown,Action_PreSnap,883.71,432.46,942.5,531.71,58.789999999999964,99.25000000000006,xml_geometry_csv_action
BootPass_81,116,12,12,Position_Unknown,Team_Unknown,Action_PreSnap,1440.91,396.04,1500.65,503.19,59.74000000000001,107.14999999999998,xml_geometry_csv_action
BootPass_81,116,13,13,Position_Unknown,Team_Unknown,Action_PreSnap,825.98,329.82,879.51,451.34,53.52999999999997,121.51999999999998,xml_geometry_csv_action
BootPass_81,116,14,14,Position_Unknown,Team_Unknown,Action_PreSnap,1133.34,372.54,1207.0,454.32,73.66000000000008,81.77999999999997,xml_geometry_csv_action
BootPass_81,116,15,15,Position_Unknown,Team_Unknown,Action_PreSnap,980.98,223.23,1033.63,320.3,52.65000000000009,97.07000000000002,xml_geometry_csv_action
BootPass_81,116,16,16,Position_Unknown,Team_Unknown,Action_PreSnap,809.94,244.14,858.57,368.43,48.629999999999995,124.29000000000002,xml_geometry_csv_action
BootPass_81,116,17,17,Position_Unknown,Team_Unknown,Action_PreSnap,1012.0,285.48,1106.85,353.79,94.84999999999991,68.31,xml_geometry_csv_action
BootPass_81,116,18,18,Position_Unknown,Team_Unknown,Action_PreSnap,1412.16,323.07,1478.1,446.31,65.93999999999983,123.24000000000001,xml_geometry_csv_action
BootPass_81,116,19,19,Position_Unknown,Team_Unknown,Action_PreSnap,1175.81,406.88,1243.43,488.28,67.62000000000012,81.39999999999998,xml_geometry_csv_action
BootPass_81,116,2,2,Position_Unknown,Team_Unknown,Action_PreSnap,1231.0,673.27,1312.74,788.8,81.74000000000001,115.52999999999997,xml_geometry_csv_action
BootPass_81,116,20,20,Position_Unknown,Team_Unknown,Action_PreSnap,1164.07,346.58,1233.88,412.72,69.81000000000017,66.14000000000004,xml_geometry_csv_action
BootPass_81,116,21,21,Position_Unknown,Team_Unknown,Action_PreSnap,1155.63,306.49,1220.95,360.98,65.31999999999994,54.49000000000001,xml_geometry_csv_action
BootPass_81,116,3,3,Position_Unknown,Team_Unknown,Action_PreSnap,1037.37,477.69,1133.19,560.78,95.82000000000016,83.08999999999997,xml_geometry_csv_action
BootPass_81,116,4,4,Position_Unknown,Team_Unknown,Action_PreSnap,997.88,337.56,1090.55,409.82,92.66999999999996,72.25999999999999,xml_geometry_csv_action
BootPass_81,116,5,5,Position_Unknown,Team_Unknown,Action_PreSnap,1239.71,283.31,1307.18,380.47,67.47000000000003,97.16000000000003,xml_geometry_csv_action
BootPass_81,116,6,6,Position_Unknown,Team_Unknown,Action_PreSnap,1093.9,679.93,1156.71,794.92,62.809999999999945,114.99000000000001,xml_geometry_csv_action
BootPass_81,116,7,7,Position_Unknown,Team_Unknown,Action_PreSnap,1029.97,396.16,1126.86,472.94,96.88999999999987,76.77999999999997,xml_geometry_csv_action
BootPass_81,116,8,8,Position_Unknown,Team_Unknown,Action_PreSnap,340.31,469.87,407.22,583.1,66.91000000000003,113.23000000000002,xml_geometry_csv_action
BootPass_81,116,9,9,Position_Unknown,Team_Unknown,Action_PreSnap,765.95,697.21,831.62,820.92,65.66999999999996,123.70999999999992,xml_geometry_csv_action
BootPass_81,117,0,0,Position_Unknown,Team_Unknown,Action_PreSnap,1293.67,712.24,1389.81,828.2,96.13999999999987,115.96000000000004,xml_geometry_csv_action
BootPass_81,117,1,1,Position_Unknown,Team_Unknown,Action_PreSnap,1135.6,213.6,1221.2,316.29,85.60000000000014,102.69000000000003,xml_geometry_csv_action
BootPass_81,117,10,10,Position_Unknown,Team_Unknown,Action_PreSnap,1191.36,439.49,1260.15,530.93,68.79000000000019,91.43999999999994,xml_geometry_csv_action
BootPass_81,117,11,11,Position_Unknown,Team_Unknown,Action_PreSnap,883.15,432.46,942.03,531.63,58.879999999999995,99.17000000000002,xml_geometry_csv_action
BootPass_81,117,12,12,Position_Unknown,Team_Unknown,Action_PreSnap,1440.17,395.93,1500.01,503.07,59.83999999999992,107.13999999999999,xml_geometry_csv_action
BootPass_81,117,13,13,Position_Unknown,Team_Unknown,Action_PreSnap,825.44,329.73,879.35,451.18,53.90999999999997,121.44999999999999,xml_geometry_csv_action
BootPass_81,117,14,14,Position_Unknown,Team_Unknown,Action_PreSnap,1132.83,372.61,1206.55,454.24,73.72000000000003,81.63,xml_geometry_csv_action
BootPass_81,117,15,15,Position_Unknown,Team_Unknown,Action_PreSnap,980.54,223.24,1033.12,320.38,52.57999999999993,97.13999999999999,xml_geometry_csv_action
BootPass_81,117,16,16,Position_Unknown,Team_Unknown,Action_PreSnap,809.74,244.19,858.28,368.42,48.539999999999964,124.23000000000002,xml_geometry_csv_action
BootPass_81,117,17,17,Position_Unknown,Team_Unknown,Action_PreSnap,1011.27,285.47,1106.22,353.69,94.95000000000005,68.21999999999997,xml_geometry_csv_action
BootPass_81,117,18,18,Position_Unknown,Team_Unknown,Action_PreSnap,1410.71,323.32,1477.97,446.07,67.25999999999999,122.75,xml_geometry_csv_action
BootPass_81,117,19,19,Position_Unknown,Team_Unknown,Action_PreSnap,1174.94,406.91,1242.63,488.55,67.69000000000005,81.63999999999999,xml_geometry_csv_action
BootPass_81,117,2,2,Position_Unknown,Team_Unknown,Action_PreSnap,1230.42,673.02,1312.15,788.6,81.73000000000002,115.58000000000004,xml_geometry_csv_action
BootPass_81,117,20,20,Position_Unknown,Team_Unknown,Action_PreSnap,1163.26,346.7,1232.81,412.43,69.54999999999995,65.73000000000002,xml_geometry_csv_action
BootPass_81,117,21,21,Position_Unknown,Team_Unknown,Action_PreSnap,1154.81,306.4,1220.28,361.0,65.47000000000003,54.60000000000002,xml_geometry_csv_action
BootPass_81,117,3,3,Position_Unknown,Team_Unknown,Action_PreSnap,1037.06,477.5,1132.81,560.75,95.75,83.25,xml_geometry_csv_action
BootPass_81,117,4,4,Position_Unknown,Team_Unknown,Action_PreSnap,997.57,337.77,1090.26,409.89,92.68999999999994,72.12,xml_geometry_csv_action
BootPass_81,117,5,5,Position_Unknown,Team_Unknown,Action_PreSnap,1239.23,283.47,1306.46,380.17,67.23000000000002,96.69999999999999,xml_geometry_csv_action
BootPass_81,117,6,6,Position_Unknown,Team_Unknown,Action_PreSnap,1093.23,679.85,1156.29,794.71,63.059999999999945,114.86000000000001,xml_geometry_csv_action
BootPass_81,117,7,7,Position_Unknown,Team_Unknown,Action_PreSnap,1029.01,396.0,1126.0,472.77,96.99000000000001,76.76999999999998,xml_geometry_csv_action
BootPass_81,117,8,8,Position_Unknown,Team_Unknown,Action_PreSnap,339.76,469.7,406.79,583.26,67.03000000000003,113.56,xml_geometry_csv_action
BootPass_81,117,9,9,Position_Unknown,Team_Unknown,Action_PreSnap,765.32,697.2,831.16,820.67,65.83999999999992,123.46999999999991,xml_geometry_csv_action
BootPass_81,118,0,0,Position_Unknown,Team_Unknown,Action_PreSnap,1294.19,712.13,1390.5,828.23,96.30999999999995,116.10000000000002,xml_geometry_csv_action
BootPass_81,118,1,1,Position_Unknown,Team_Unknown,Action_PreSnap,1136.27,213.78,1221.8,316.3,85.52999999999997,102.52000000000001,xml_geometry_csv_action
BootPass_81,118,10,10,Position_Unknown,Team_Unknown,Action_PreSnap,1192.17,439.33,1260.65,530.82,68.48000000000002,91.49000000000007,xml_geometry_csv_action
BootPass_81,118,11,11,Position_Unknown,Team_Unknown,Action_PreSnap,883.63,432.6,942.64,531.64,59.00999999999999,99.03999999999996,xml_geometry_csv_action
BootPass_81,118,12,12,Position_Unknown,Team_Unknown,Action_PreSnap,1440.6,396.25,1500.51,502.93,59.91000000000008,106.68,xml_geometry_csv_action
BootPass_81,118,13,13,Position_Unknown,Team_Unknown,Action_PreSnap,826.04,329.77,879.88,451.11,53.84000000000003,121.34000000000003,xml_geometry_csv_action
BootPass_81,118,14,14,Position_Unknown,Team_Unknown,Action_PreSnap,1133.4,372.67,1206.97,454.14,73.56999999999994,81.46999999999997,xml_geometry_csv_action
BootPass_81,118,15,15,Position_Unknown,Team_Unknown,Action_PreSnap,981.13,223.31,1033.52,320.35,52.389999999999986,97.04000000000002,xml_geometry_csv_action
BootPass_81,118,16,16,Position_Unknown,Team_Unknown,Action_PreSnap,810.71,244.19,859.22,368.42,48.50999999999999,124.23000000000002,xml_geometry_csv_action
BootPass_81,118,17,17,Position_Unknown,Team_Unknown,Action_PreSnap,1011.81,285.43,1106.82,353.62,95.00999999999999,68.19,xml_geometry_csv_action
BootPass_81,118,18,18,Position_Unknown,Team_Unknown,Action_PreSnap,1411.86,323.16,1478.77,444.81,66.91000000000008,121.64999999999998,xml_geometry_csv_action
BootPass_81,118,19,19,Position_Unknown,Team_Unknown,Action_PreSnap,1175.61,406.86,1243.06,488.41,67.45000000000005,81.55000000000001,xml_geometry_csv_action
BootPass_81,118,2,2,Position_Unknown,Team_Unknown,Action_PreSnap,1231.1,673.16,1312.71,788.51,81.61000000000013,115.35000000000002,xml_geometry_csv_action
BootPass_81,118,20,20,Position_Unknown,Team_Unknown,Action_PreSnap,1164.0,346.72,1233.32,412.4,69.31999999999994,65.67999999999995,xml_geometry_csv_action
BootPass_81,118,21,21,Position_Unknown,Team_Unknown,Action_PreSnap,1155.48,306.23,1220.72,360.85,65.24000000000001,54.620000000000005,xml_geometry_csv_action
BootPass_81,118,3,3,Position_Unknown,Team_Unknown,Action_PreSnap,1037.64,477.43,1133.52,560.67,95.87999999999988,83.23999999999995,xml_geometry_csv_action
BootPass_81,118,4,4,Position_Unknown,Team_Unknown,Action_PreSnap,997.96,337.64,1090.8,409.84,92.83999999999992,72.19999999999999,xml_geometry_csv_action
BootPass_81,118,5,5,Position_Unknown,Team_Unknown,Action_PreSnap,1239.67,283.41,1306.87,380.08,67.19999999999982,96.66999999999996,xml_geometry_csv_action
BootPass_81,118,6,6,Position_Unknown,Team_Unknown,Action_PreSnap,1094.11,679.72,1156.69,794.61,62.580000000000155,114.88999999999999,xml_geometry_csv_action
BootPass_81,118,7,7,Position_Unknown,Team_Unknown,Action_PreSnap,1029.86,395.98,1126.76,472.76,96.90000000000009,76.77999999999997,xml_geometry_csv_action
BootPass_81,118,8,8,Position_Unknown,Team_Unknown,Action_PreSnap,340.3,469.67,407.2,583.22,66.89999999999998,113.55000000000001,xml_geometry_csv_action
BootPass_81,118,9,9,Position_Unknown,Team_Unknown,Action_PreSnap,765.67,697.2,831.47,820.7,65.80000000000007,123.5,xml_geometry_csv_action
BootPass_81,119,0,0,Position_Unknown,Team_Unknown,Action_PreSnap,1293.68,712.28,1389.8,828.35,96.11999999999989,116.07000000000005,xml_geometry_csv_action
BootPass_81,119,1,1,Position_Unknown,Team_Unknown,Action_PreSnap,1135.7,213.7,1221.21,316.35,85.50999999999999,102.65000000000003,xml_geometry_csv_action
BootPass_81,119,10,10,Position_Unknown,Team_Unknown,Action_PreSnap,1191.14,439.49,1259.96,530.93,68.81999999999994,91.43999999999994,xml_geometry_csv_action
BootPass_81,119,11,11,Position_Unknown,Team_Unknown,Action_PreSnap,883.26,432.66,942.45,531.66,59.190000000000055,98.99999999999994,xml_geometry_csv_action
BootPass_81,119,12,12,Position_Unknown,Team_Unknown,Action_PreSnap,1439.89,396.34,1499.99,502.92,60.09999999999991,106.58000000000004,xml_geometry_csv_action
BootPass_81,119,13,13,Position_Unknown,Team_Unknown,Action_PreSnap,825.72,329.89,879.8,451.17,54.07999999999993,121.28000000000003,xml_geometry_csv_action
BootPass_81,119,14,14,Position_Unknown,Team_Unknown,Action_PreSnap,1132.86,372.66,1206.39,453.99,73.5300000000002,81.32999999999998,xml_geometry_csv_action
BootPass_81,119,15,15,Position_Unknown,Team_Unknown,Action_PreSnap,980.63,223.37,1033.13,320.24,52.500000000000114,96.87,xml_geometry_csv_action
BootPass_81,119,16,16,Position_Unknown,Team_Unknown,Action_PreSnap,810.73,244.43,859.27,368.43,48.539999999999964,124.0,xml_geometry_csv_action
BootPass_81,119,17,17,Position_Unknown,Team_Unknown,Action_PreSnap,1011.06,285.5,1106.19,353.69,95.13000000000011,68.19,xml_geometry_csv_action
BootPass_81,119,18,18,Position_Unknown,Team_Unknown,Action_PreSnap,1412.36,323.4,1478.24,444.37,65.88000000000011,120.97000000000003,xml_geometry_csv_action
BootPass_81,119,19,19,Position_Unknown,Team_Unknown,Action_PreSnap,1174.87,406.73,1242.52,488.67,67.65000000000009,81.94,xml_geometry_csv_action
BootPass_81,119,2,2,Position_Unknown,Team_Unknown,Action_PreSnap,1230.53,673.21,1312.31,788.55,81.77999999999997,115.33999999999992,xml_geometry_csv_action
BootPass_81,119,20,20,Position_Unknown,Team_Unknown,Action_PreSnap,1163.5,346.78,1232.78,412.41,69.27999999999997,65.63000000000005,xml_geometry_csv_action
BootPass_81,119,21,21,Position_Unknown,Team_Unknown,Action_PreSnap,1154.68,306.22,1220.18,361.1,65.5,54.879999999999995,xml_geometry_csv_action
BootPass_81,119,3,3,Position_Unknown,Team_Unknown,Action_PreSnap,1036.92,477.38,1132.97,560.71,96.04999999999995,83.33000000000004,xml_geometry_csv_action
BootPass_81,119,4,4,Position_Unknown,Team_Unknown,Action_PreSnap,997.58,337.86,1090.29,409.92,92.70999999999992,72.06,xml_geometry_csv_action
BootPass_81,119,5,5,Position_Unknown,Team_Unknown,Action_PreSnap,1239.19,283.54,1306.42,380.1,67.23000000000002,96.56,xml_geometry_csv_action
BootPass_81,119,6,6,Position_Unknown,Team_Unknown,Action_PreSnap,1093.4,679.8,1156.14,794.81,62.74000000000001,115.00999999999999,xml_geometry_csv_action
BootPass_81,119,7,7,Position_Unknown,Team_Unknown,Action_PreSnap,1029.04,396.01,1126.13,472.75,97.09000000000015,76.74000000000001,xml_geometry_csv_action
BootPass_81,119,8,8,Position_Unknown,Team_Unknown,Action_PreSnap,339.9,469.69,406.76,583.28,66.86000000000001,113.58999999999997,xml_geometry_csv_action
BootPass_81,119,9,9,Position_Unknown,Team_Unknown,Action_PreSnap,765.1,697.59,830.88,820.83,65.77999999999997,123.24000000000001,xml_geometry_csv_action
BootPass_81,120,0,0,Position_Unknown,Team_Unknown,Action_PreSnap,1293.76,712.2,1389.86,828.28,96.09999999999991,116.07999999999993,xml_geometry_csv_action
BootPass_81,120,1,1,Position_Unknown,Team_Unknown,Action_PreSnap,1135.77,213.57,1221.32,316.32,85.54999999999995,102.75,xml_geometry_csv_action
BootPass_81,120,10,10,Position_Unknown,Team_Unknown,Action_PreSnap,1191.04,439.29,1260.02,530.86,68.98000000000002,91.57,xml_geometry_csv_action
BootPass_81,120,11,11,Position_Unknown,Team_Unknown,Action_PreSnap,883.45,432.46,942.91,531.52,59.45999999999992,99.06,xml_geometry_csv_action
BootPass_81,120,12,12,Position_Unknown,Team_Unknown,Action_PreSnap,1440.0,396.33,1500.01,502.82,60.00999999999999,106.49000000000001,xml_geometry_csv_action
BootPass_81,120,13,13,Position_Unknown,Team_Unknown,Action_PreSnap,825.73,329.82,880.19,451.07,54.460000000000036,121.25,xml_geometry_csv_action
BootPass_81,120,14,14,Position_Unknown,Team_Unknown,Action_PreSnap,1133.0,372.52,1206.45,453.79,73.45000000000005,81.27000000000004,xml_geometry_csv_action
BootPass_81,120,15,15,Position_Unknown,Team_Unknown,Action_PreSnap,980.82,223.17,1033.36,320.0,52.53999999999985,96.83000000000001,xml_geometry_csv_action
BootPass_81,120,16,16,Position_Unknown,Team_Unknown,Action_PreSnap,810.94,244.5,859.58,368.39,48.639999999999986,123.88999999999999,xml_geometry_csv_action
BootPass_81,120,17,17,Position_Unknown,Team_Unknown,Action_PreSnap,1010.97,285.42,1106.1,353.59,95.12999999999988,68.16999999999996,xml_geometry_csv_action
BootPass_81,120,18,18,Position_Unknown,Team_Unknown,Action_PreSnap,1412.67,323.43,1478.5,444.2,65.82999999999993,120.76999999999998,xml_geometry_csv_action
BootPass_81,120,19,19,Position_Unknown,Team_Unknown,Action_PreSnap,1174.94,406.65,1242.68,488.66,67.74000000000001,82.01000000000005,xml_geometry_csv_action
BootPass_81,120,2,2,Position_Unknown,Team_Unknown,Action_PreSnap,1230.61,673.11,1312.49,788.51,81.88000000000011,115.39999999999998,xml_geometry_csv_action
BootPass_81,120,20,20,Position_Unknown,Team_Unknown,Action_PreSnap,1163.68,346.63,1232.91,412.37,69.23000000000002,65.74000000000001,xml_geometry_csv_action
BootPass_81,120,21,21,Position_Unknown,Team_Unknown,Action_PreSnap,1154.86,306.15,1220.33,361.07,65.47000000000003,54.920000000000016,xml_geometry_csv_action
BootPass_81,120,3,3,Position_Unknown,Team_Unknown,Action_PreSnap,1036.98,477.31,1132.98,560.65,96.0,83.33999999999997,xml_geometry_csv_action
BootPass_81,120,4,4,Position_Unknown,Team_Unknown,Action_PreSnap,997.63,337.76,1090.54,409.88,92.90999999999997,72.12,xml_geometry_csv_action
BootPass_81,120,5,5,Position_Unknown,Team_Unknown,Action_PreSnap,1239.29,283.55,1306.39,380.04,67.10000000000014,96.49000000000001,xml_geometry_csv_action
BootPass_81,120,6,6,Position_Unknown,Team_Unknown,Action_PreSnap,1093.44,679.72,1156.34,794.82,62.899999999999864,115.10000000000002,xml_geometry_csv_action
BootPass_81,120,7,7,Position_Unknown,Team_Unknown,Action_PreSnap,1029.12,395.93,1126.3,472.66,97.18000000000006,76.73000000000002,xml_geometry_csv_action
BootPass_81,120,8,8,Position_Unknown,Team_Unknown,Action_PreSnap,339.96,469.67,406.88,583.16,66.92000000000002,113.48999999999995,xml_geometry_csv_action
BootPass_81,120,9,9,Position_Unknown,Team_Unknown,Action_PreSnap,765.11,697.66,831.05,820.67,65.93999999999994,123.00999999999999,xml_geometry_csv_action
BootPass_81,121,0,0,Position_Unknown,Team_Unknown,Action_PreSnap,1293.99,712.14,1390.16,828.21,96.17000000000007,116.07000000000005,xml_geometry_csv_action
BootPass_81,121,1,1,Position_Unknown,Team_Unknown,Action_PreSnap,1135.94,213.45,1221.52,316.23,85.57999999999993,102.78000000000003,xml_geometry_csv_action
BootPass_81,121,10,10,Position_Unknown,Team_Unknown,Action_PreSnap,1191.61,439.26,1260.28,530.75,68.67000000000007,91.49000000000001,xml_geometry_csv_action
BootPass_81,121,11,11,Position_Unknown,Team_Unknown,Action_PreSnap,883.74,432.29,943.47,531.29,59.73000000000002,98.99999999999994,xml_geometry_csv_action
BootPass_81,121,12,12,Position_Unknown,Team_Unknown,Action_PreSnap,1440.13,396.57,1500.54,502.77,60.409999999999854,106.19999999999999,xml_geometry_csv_action
BootPass_81,121,13,13,Position_Unknown,Team_Unknown,Action_PreSnap,826.14,329.89,880.55,451.03,54.40999999999997,121.13999999999999,xml_geometry_csv_action
BootPass_81,121,14,14,Position_Unknown,Team_Unknown,Action_PreSnap,1133.31,372.39,1206.85,453.89,73.53999999999996,81.5,xml_geometry_csv_action
BootPass_81,121,15,15,Position_Unknown,Team_Unknown,Action_PreSnap,981.03,222.97,1033.54,319.91,52.50999999999999,96.94000000000003,xml_geometry_csv_action
BootPass_81,121,16,16,Position_Unknown,Team_Unknown,Action_PreSnap,811.37,244.48,860.0,368.27,48.629999999999995,123.78999999999999,xml_geometry_csv_action
BootPass_81,121,17,17,Position_Unknown,Team_Unknown,Action_PreSnap,1011.62,285.35,1106.49,353.3,94.87,67.94999999999999,xml_geometry_csv_action
BootPass_81,121,18,18,Position_Unknown,Team_Unknown,Action_PreSnap,1413.13,323.3,1478.89,443.85,65.75999999999999,120.55000000000001,xml_geometry_csv_action
BootPass_81,121,19,19,Position_Unknown,Team_Unknown,Action_PreSnap,1175.32,406.64,1242.96,488.31,67.6400000000001,81.67000000000002,xml_geometry_csv_action
BootPass_81,121,2,2,Position_Unknown,Team_Unknown,Action_PreSnap,1230.72,673.05,1312.73,788.47,82.00999999999999,115.42000000000007,xml_geometry_csv_action
BootPass_81,121,20,20,Position_Unknown,Team_Unknown,Action_PreSnap,1163.93,346.45,1233.16,412.35,69.23000000000002,65.90000000000003,xml_geometry_csv_action
BootPass_81,121,21,21,Position_Unknown,Team_Unknown,Action_PreSnap,1155.09,306.04,1220.53,360.84,65.44000000000005,54.799999999999955,xml_geometry_csv_action
BootPass_81,121,3,3,Position_Unknown,Team_Unknown,Action_PreSnap,1037.2,477.21,1133.24,560.53,96.03999999999996,83.32,xml_geometry_csv_action
BootPass_81,121,4,4,Position_Unknown,Team_Unknown,Action_PreSnap,997.81,337.57,1090.78,409.73,92.97000000000003,72.16000000000003,xml_geometry_csv_action
BootPass_81,121,5,5,Position_Unknown,Team_Unknown,Action_PreSnap,1239.62,283.5,1306.72,379.99,67.10000000000014,96.49000000000001,xml_geometry_csv_action
BootPass_81,121,6,6,Position_Unknown,Team_Unknown,Action_PreSnap,1093.65,679.66,1156.59,794.75,62.93999999999983,115.09000000000003,xml_geometry_csv_action
BootPass_81,121,7,7,Position_Unknown,Team_Unknown,Action_PreSnap,1029.55,395.9,1126.72,472.62,97.17000000000007,76.72000000000003,xml_geometry_csv_action
BootPass_81,121,8,8,Position_Unknown,Team_Unknown,Action_PreSnap,340.01,469.59,406.97,583.01,66.96000000000004,113.42000000000002,xml_geometry_csv_action
BootPass_81,121,9,9,Position_Unknown,Team_Unknown,Action_PreSnap,765.19,697.66,831.32,820.53,66.13,122.87,xml_geometry_csv_action
BootPass_81,122,0,0,Position_Unknown,Team_Unknown,Action_PreSnap,1293.65,712.17,1389.63,828.24,95.98000000000002,116.07000000000005,xml_geometry_csv_action
BootPass_81,122,1,1,Position_Unknown,Team_Unknown,Action_PreSnap,1135.33,213.38,1221.26,316.1,85.93000000000006,102.72000000000003,xml_geometry_csv_action
BootPass_81,122,10,10,Position_Unknown,Team_Unknown,Action_PreSnap,1191.26,439.21,1259.91,530.77,68.65000000000009,91.56,xml_geometry_csv_action
BootPass_81,122,11,11,Position_Unknown,Team_Unknown,Action_PreSnap,883.44,432.33,943.19,531.35,59.75,99.02000000000004,xml_geometry_csv_action
BootPass_81,122,12,12,Position_Unknown,Team_Unknown,Action_PreSnap,1439.69,395.9,1500.02,502.81,60.32999999999993,106.91000000000003,xml_geometry_csv_action
BootPass_81,122,13,13,Position_Unknown,Team_Unknown,Action_PreSnap,825.6,329.96,880.03,451.17,54.42999999999995,121.21000000000004,xml_geometry_csv_action
BootPass_81,122,14,14,Position_Unknown,Team_Unknown,Action_PreSnap,1132.83,372.42,1206.5,453.86,73.67000000000007,81.44,xml_geometry_csv_action
BootPass_81,122,15,15,Position_Unknown,Team_Unknown,Action_PreSnap,980.37,223.04,1032.96,319.87,52.59000000000003,96.83000000000001,xml_geometry_csv_action
BootPass_81,122,16,16,Position_Unknown,Team_Unknown,Action_PreSnap,810.87,244.76,860.31,368.38,49.43999999999994,123.62,xml_geometry_csv_action
BootPass_81,122,17,17,Position_Unknown,Team_Unknown,Action_PreSnap,1010.77,285.31,1105.89,353.07,95.12000000000012,67.75999999999999,xml_geometry_csv_action
BootPass_81,122,18,18,Position_Unknown,Team_Unknown,Action_PreSnap,1412.86,323.5,1478.7,443.9,65.84000000000015,120.39999999999998,xml_geometry_csv_action
BootPass_81,122,19,19,Position_Unknown,Team_Unknown,Action_PreSnap,1174.8,406.76,1242.63,488.65,67.83000000000015,81.88999999999999,xml_geometry_csv_action
BootPass_81,122,2,2,Position_Unknown,Team_Unknown,Action_PreSnap,1230.21,673.1,1312.42,788.59,82.21000000000004,115.49000000000001,xml_geometry_csv_action
BootPass_81,122,20,20,Position_Unknown,Team_Unknown,Action_PreSnap,1163.35,346.38,1232.7,412.43,69.35000000000014,66.05000000000001,xml_geometry_csv_action
BootPass_81,122,21,21,Position_Unknown,Team_Unknown,Action_PreSnap,1154.3,305.96,1220.09,360.93,65.78999999999996,54.97000000000003,xml_geometry_csv_action
BootPass_81,122,3,3,Position_Unknown,Team_Unknown,Action_PreSnap,1036.71,477.2,1132.74,560.68,96.02999999999997,83.47999999999996,xml_geometry_csv_action
BootPass_81,122,4,4,Position_Unknown,Team_Unknown,Action_PreSnap,997.31,337.46,1090.3,409.86,92.99000000000001,72.40000000000003,xml_geometry_csv_action
BootPass_81,122,5,5,Position_Unknown,Team_Unknown,Action_PreSnap,1239.14,283.54,1306.1,380.07,66.95999999999981,96.52999999999997,xml_geometry_csv_action
BootPass_81,122,6,6,Position_Unknown,Team_Unknown,Action_PreSnap,1093.55,679.74,1156.51,794.78,62.960000000000036,115.03999999999996,xml_geometry_csv_action
BootPass_81,122,7,7,Position_Unknown,Team_Unknown,Action_PreSnap,1029.1,395.87,1126.15,472.66,97.05000000000018,76.79000000000002,xml_geometry_csv_action
BootPass_81,122,8,8,Position_Unknown,Team_Unknown,Action_PreSnap,339.77,469.61,406.75,583.02,66.98000000000002,113.40999999999997,xml_geometry_csv_action
BootPass_81,122,9,9,Position_Unknown,Team_Unknown,Action_PreSnap,764.85,697.82,831.03,820.54,66.17999999999995,122.71999999999991,xml_geometry_csv_action
BootPass_81,123,0,0,Position_Unknown,Team_Unknown,Action_PreSnap,1294.22,712.16,1390.62,828.26,96.39999999999986,116.10000000000002,xml_geometry_csv_action
BootPass_81,123,1,1,Position_Unknown,Team_Unknown,Action_PreSnap,1136.04,213.41,1221.96,316.16,85.92000000000007,102.75000000000003,xml_geometry_csv_action
BootPass_81,123,10,10,Position_Unknown,Team_Unknown,Action_PreSnap,1192.07,439.34,1260.61,530.77,68.53999999999996,91.43,xml_geometry_csv_action
BootPass_81,123,11,11,Position_Unknown,Team_Unknown,Action_PreSnap,884.34,432.14,944.22,531.4,59.879999999999995,99.25999999999999,xml_geometry_csv_action
BootPass_81,123,12,12,Position_Unknown,Team_Unknown,Action_PreSnap,1440.18,395.89,1500.75,502.8,60.569999999999936,106.91000000000003,xml_geometry_csv_action
BootPass_81,123,13,13,Position_Unknown,Team_Unknown,Action_PreSnap,826.17,330.27,880.71,451.17,54.54000000000008,120.90000000000003,xml_geometry_csv_action
BootPass_81,123,14,14,Position_Unknown,Team_Unknown,Action_PreSnap,1133.47,372.38,1207.14,454.0,73.67000000000007,81.62,xml_geometry_csv_action
BootPass_81,123,15,15,Position_Unknown,Team_Unknown,Action_PreSnap,980.82,222.94,1033.53,319.87,52.70999999999992,96.93,xml_geometry_csv_action
BootPass_81,123,16,16,Position_Unknown,Team_Unknown,Action_PreSnap,811.49,245.41,862.01,368.57,50.51999999999998,123.16,xml_geometry_csv_action
BootPass_81,123,17,17,Position_Unknown,Team_Unknown,Action_PreSnap,1011.4,285.4,1106.53,353.32,95.13,67.92000000000002,xml_geometry_csv_action
BootPass_81,123,18,18,Position_Unknown,Team_Unknown,Action_PreSnap,1413.01,323.53,1479.21,444.13,66.20000000000005,120.60000000000002,xml_geometry_csv_action
BootPass_81,123,19,19,Position_Unknown,Team_Unknown,Action_PreSnap,1175.58,406.75,1243.35,488.35,67.76999999999998,81.60000000000002,xml_geometry_csv_action
BootPass_81,123,2,2,Position_Unknown,Team_Unknown,Action_PreSnap,1231.0,673.11,1313.03,788.61,82.02999999999997,115.5,xml_geometry_csv_action
BootPass_81,123,20,20,Position_Unknown,Team_Unknown,Action_PreSnap,1164.1,346.33,1233.41,412.42,69.31000000000017,66.09000000000003,xml_geometry_csv_action
BootPass_81,123,21,21,Position_Unknown,Team_Unknown,Action_PreSnap,1155.1,306.06,1220.76,360.88,65.66000000000008,54.81999999999999,xml_geometry_csv_action
BootPass_81,123,3,3,Position_Unknown,Team_Unknown,Action_PreSnap,1037.62,477.25,1133.35,560.59,95.73000000000002,83.34000000000003,xml_geometry_csv_action
BootPass_81,123,4,4,Position_Unknown,Team_Unknown,Action_PreSnap,997.84,337.49,1090.81,409.8,92.96999999999991,72.31,xml_geometry_csv_action
BootPass_81,123,5,5,Position_Unknown,Team_Unknown,Action_PreSnap,1239.67,283.48,1306.79,380.22,67.11999999999989,96.74000000000001,xml_geometry_csv_action
BootPass_81,123,6,6,Position_Unknown,Team_Unknown,Action_PreSnap,1094.2,679.74,1157.17,794.8,62.97000000000003,115.05999999999995,xml_geometry_csv_action
BootPass_81,123,7,7,Position_Unknown,Team_Unknown,Action_PreSnap,1029.92,395.86,1126.94,472.69,97.01999999999998,76.82999999999998,xml_geometry_csv_action
BootPass_81,123,8,8,Position_Unknown,Team_Unknown,Action_PreSnap,340.33,469.58,407.21,582.94,66.88,113.36000000000007,xml_geometry_csv_action
BootPass_81,123,9,9,Position_Unknown,Team_Unknown,Action_PreSnap,765.22,697.89,831.82,820.61,66.60000000000002,122.72000000000003,xml_geometry_csv_action
BootPass_81,124,0,0,Position_Unknown,Team_Unknown,Action_PreSnap,1293.35,711.51,1389.87,827.49,96.51999999999998,115.98000000000002,xml_geometry_csv_action
BootPass_81,124,1,1,Position_Unknown,Team_Unknown,Action_PreSnap,1135.55,212.7,1221.54,315.31,85.99000000000001,102.61000000000001,xml_geometry_csv_action
BootPass_81,124,10,10,Position_Unknown,Team_Unknown,Action_PreSnap,1190.57,438.16,1259.71,530.34,69.1400000000001,92.18,xml_geometry_csv_action
BootPass_81,124,11,11,Position_Unknown,Team_Unknown,Action_PreSnap,884.02,431.07,944.2,530.78,60.180000000000064,99.70999999999998,xml_geometry_csv_action
BootPass_81,124,12,12,Position_Unknown,Team_Unknown,Action_PreSnap,1439.77,395.5,1500.26,502.26,60.49000000000001,106.75999999999999,xml_geometry_csv_action
BootPass_81,124,13,13,Position_Unknown,Team_Unknown,Action_PreSnap,825.82,330.03,880.57,450.56,54.75,120.53000000000003,xml_geometry_csv_action
BootPass_81,124,14,14,Position_Unknown,Team_Unknown,Action_PreSnap,1133.35,371.64,1206.73,453.04,73.38000000000011,81.40000000000003,xml_geometry_csv_action
BootPass_81,124,15,15,Position_Unknown,Team_Unknown,Action_PreSnap,979.91,222.33,1033.01,319.21,53.10000000000002,96.87999999999997,xml_geometry_csv_action
BootPass_81,124,16,16,Position_Unknown,Team_Unknown,Action_PreSnap,811.22,245.06,862.32,367.95,51.10000000000002,122.88999999999999,xml_geometry_csv_action
BootPass_81,124,17,17,Position_Unknown,Team_Unknown,Action_PreSnap,1010.82,284.79,1106.11,352.43,95.28999999999985,67.63999999999999,xml_geometry_csv_action
BootPass_81,124,18,18,Position_Unknown,Team_Unknown,Action_PreSnap,1412.71,323.41,1479.12,443.39,66.40999999999985,119.97999999999996,xml_geometry_csv_action
BootPass_81,124,19,19,Position_Unknown,Team_Unknown,Action_PreSnap,1175.42,406.18,1242.98,487.75,67.55999999999995,81.57,xml_geometry_csv_action
BootPass_81,124,2,2,Position_Unknown,Team_Unknown,Action_PreSnap,1230.67,672.62,1312.29,788.18,81.61999999999989,115.55999999999995,xml_geometry_csv_action
BootPass_81,124,20,20,Position_Unknown,Team_Unknown,Action_PreSnap,1163.6,345.55,1232.92,411.8,69.32000000000016,66.25,xml_geometry_csv_action
BootPass_81,124,21,21,Position_Unknown,Team_Unknown,Action_PreSnap,1154.26,304.94,1220.52,360.41,66.25999999999999,55.47000000000003,xml_geometry_csv_action
BootPass_81,124,3,3,Position_Unknown,Team_Unknown,Action_PreSnap,1037.6,476.48,1132.88,559.9,95.2800000000002,83.41999999999996,xml_geometry_csv_action
BootPass_81,124,4,4,Position_Unknown,Team_Unknown,Action_PreSnap,997.11,336.85,1090.5,408.95,93.38999999999999,72.09999999999997,xml_geometry_csv_action
BootPass_81,124,5,5,Position_Unknown,Team_Unknown,Action_PreSnap,1239.01,282.89,1306.31,379.51,67.29999999999995,96.62,xml_geometry_csv_action
BootPass_81,124,6,6,Position_Unknown,Team_Unknown,Action_PreSnap,1093.37,679.11,1156.47,794.28,63.100000000000136,115.16999999999996,xml_geometry_csv_action
BootPass_81,124,7,7,Position_Unknown,Team_Unknown,Action_PreSnap,1029.21,395.1,1126.53,472.19,97.31999999999994,77.08999999999997,xml_geometry_csv_action
BootPass_81,124,8,8,Position_Unknown,Team_Unknown,Action_PreSnap,339.99,468.9,406.83,582.45,66.83999999999997,113.55000000000007,xml_geometry_csv_action
BootPass_81,124,9,9,Position_Unknown,Team_Unknown,Action_PreSnap,764.92,697.27,831.22,820.11,66.30000000000007,122.84000000000003,xml_geometry_csv_action
BootPass_81,125,0,0,Position_Unknown,Team_Unknown,Action_PreSnap,1294.2,712.14,1390.73,828.2,96.52999999999997,116.06000000000006,xml_geometry_csv_action
BootPass_81,125,1,1,Position_Unknown,Team_Unknown,Action_PreSnap,1136.4,213.48,1222.1,315.76,85.69999999999982,102.28,xml_geometry_csv_action
BootPass_81,125,10,10,Position_Unknown,Team_Unknown,Action_PreSnap,1190.9,438.2,1260.23,531.14,69.32999999999993,92.94,xml_geometry_csv_action
BootPass_81,125,11,11,Position_Unknown,Team_Unknown,Action_PreSnap,885.47,431.28,945.84,531.54,60.370000000000005,100.25999999999999,xml_geometry_csv_action
BootPass_81,125,12,12,Position_Unknown,Team_Unknown,Action_PreSnap,1440.31,396.53,1500.75,502.88,60.440000000000055,106.35000000000002,xml_geometry_csv_action
BootPass_81,125,13,13,Position_Unknown,Team_Unknown,Action_PreSnap,827.01,330.86,882.0,451.16,54.99000000000001,120.30000000000001,xml_geometry_csv_action
BootPass_81,125,14,14,Position_Unknown,Team_Unknown,Action_PreSnap,1135.47,372.34,1207.32,453.83,71.84999999999991,81.49000000000001,xml_geometry_csv_action
BootPass_81,125,15,15,Position_Unknown,Team_Unknown,Action_PreSnap,980.64,222.9,1033.6,319.81,52.95999999999992,96.91,xml_geometry_csv_action
BootPass_81,125,16,16,Position_Unknown,Team_Unknown,Action_PreSnap,811.89,246.08,863.32,368.79,51.430000000000064,122.71000000000001,xml_geometry_csv_action
BootPass_81,125,17,17,Position_Unknown,Team_Unknown,Action_PreSnap,1011.9,285.45,1106.8,353.18,94.89999999999998,67.73000000000002,xml_geometry_csv_action
BootPass_81,125,18,18,Position_Unknown,Team_Unknown,Action_PreSnap,1412.87,324.21,1480.2,444.32,67.33000000000015,120.11000000000001,xml_geometry_csv_action
BootPass_81,125,19,19,Position_Unknown,Team_Unknown,Action_PreSnap,1176.54,406.43,1243.45,488.18,66.91000000000008,81.75,xml_geometry_csv_action
BootPass_81,125,2,2,Position_Unknown,Team_Unknown,Action_PreSnap,1231.28,673.22,1313.07,788.69,81.78999999999996,115.47000000000003,xml_geometry_csv_action
BootPass_81,125,20,20,Position_Unknown,Team_Unknown,Action_PreSnap,1164.8,346.35,1233.78,412.15,68.98000000000002,65.79999999999995,xml_geometry_csv_action
BootPass_81,125,21,21,Position_Unknown,Team_Unknown,Action_PreSnap,1154.73,305.51,1221.02,361.0,66.28999999999996,55.49000000000001,xml_geometry_csv_action
BootPass_81,125,3,3,Position_Unknown,Team_Unknown,Action_PreSnap,1038.47,477.13,1133.69,560.66,95.22000000000003,83.52999999999997,xml_geometry_csv_action
BootPass_81,125,4,4,Position_Unknown,Team_Unknown,Action_PreSnap,997.78,337.15,1091.16,409.51,93.38000000000011,72.36000000000001,xml_geometry_csv_action
BootPass_81,125,5,5,Position_Unknown,Team_Unknown,Action_PreSnap,1239.81,283.46,1307.13,380.23,67.32000000000016,96.77000000000004,xml_geometry_csv_action
BootPass_81,125,6,6,Position_Unknown,Team_Unknown,Action_PreSnap,1094.29,679.74,1157.17,794.71,62.88000000000011,114.97000000000003,xml_geometry_csv_action
BootPass_81,125,7,7,Position_Unknown,Team_Unknown,Action_PreSnap,1030.09,395.79,1127.09,472.77,97.0,76.97999999999996,xml_geometry_csv_action
BootPass_81,125,8,8,Position_Unknown,Team_Unknown,Action_PreSnap,340.68,469.66,407.26,582.96,66.57999999999998,113.30000000000001,xml_geometry_csv_action
BootPass_81,125,9,9,Position_Unknown,Team_Unknown,Action_PreSnap,764.97,697.89,831.68,820.71,66.70999999999992,122.82000000000005,xml_geometry_csv_action
BootPass_81,126,0,0,Position_Unknown,Team_Unknown,Action_PreSnap,1293.52,712.13,1390.04,828.21,96.51999999999998,116.08000000000004,xml_geometry_csv_action
BootPass_81,126,1,1,Position_Unknown,Team_Unknown,Action_PreSnap,1135.77,213.65,1221.41,315.52,85.6400000000001,101.86999999999998,xml_geometry_csv_action
BootPass_81,126,10,10,Position_Unknown,Team_Unknown,Action_PreSnap,1189.61,436.97,1259.47,531.1,69.86000000000013,94.13,xml_geometry_csv_action
BootPass_81,126,11,11,Position_Unknown,Team_Unknown,Action_PreSnap,884.75,430.38,945.75,531.6,61.0,101.22000000000003,xml_geometry_csv_action
BootPass_81,126,12,12,Position_Unknown,Team_Unknown,Action_PreSnap,1439.4,395.88,1499.97,502.86,60.569999999999936,106.98000000000002,xml_geometry_csv_action
BootPass_81,126,13,13,Position_Unknown,Team_Unknown,Action_PreSnap,826.83,330.87,882.04,451.36,55.20999999999992,120.49000000000001,xml_geometry_csv_action
BootPass_81,126,14,14,Position_Unknown,Team_Unknown,Action_PreSnap,1136.03,371.59,1207.03,453.93,71.0,82.34000000000003,xml_geometry_csv_action
BootPass_81,126,15,15,Position_Unknown,Team_Unknown,Action_PreSnap,979.95,222.99,1033.07,319.98,53.11999999999989,96.99000000000001,xml_geometry_csv_action
BootPass_81,126,16,16,Position_Unknown,Team_Unknown,Action_PreSnap,811.14,246.2,863.08,368.76,51.940000000000055,122.56,xml_geometry_csv_action
BootPass_81,126,17,17,Position_Unknown,Team_Unknown,Action_PreSnap,1011.4,285.3,1106.18,352.76,94.78000000000009,67.45999999999998,xml_geometry_csv_action
BootPass_81,126,18,18,Position_Unknown,Team_Unknown,Action_PreSnap,1411.86,324.37,1479.88,444.8,68.02000000000021,120.43,xml_geometry_csv_action
BootPass_81,126,19,19,Position_Unknown,Team_Unknown,Action_PreSnap,1176.34,405.63,1242.78,487.82,66.44000000000005,82.19,xml_geometry_csv_action
BootPass_81,126,2,2,Position_Unknown,Team_Unknown,Action_PreSnap,1230.52,673.15,1312.36,788.65,81.83999999999992,115.5,xml_geometry_csv_action
BootPass_81,126,20,20,Position_Unknown,Team_Unknown,Action_PreSnap,1164.31,345.73,1233.24,411.69,68.93000000000006,65.95999999999998,xml_geometry_csv_action
BootPass_81,126,21,21,Position_Unknown,Team_Unknown,Action_PreSnap,1154.03,305.27,1220.69,360.81,66.66000000000008,55.54000000000002,xml_geometry_csv_action
BootPass_81,126,3,3,Position_Unknown,Team_Unknown,Action_PreSnap,1038.21,476.86,1133.06,560.86,94.84999999999991,84.0,xml_geometry_csv_action
BootPass_81,126,4,4,Position_Unknown,Team_Unknown,Action_PreSnap,996.89,336.73,1090.58,409.34,93.68999999999994,72.60999999999996,xml_geometry_csv_action
BootPass_81,126,5,5,Position_Unknown,Team_Unknown,Action_PreSnap,1239.14,283.46,1306.82,380.25,67.67999999999984,96.79000000000002,xml_geometry_csv_action
BootPass_81,126,6,6,Position_Unknown,Team_Unknown,Action_PreSnap,1093.79,679.71,1156.52,794.76,62.73000000000002,115.04999999999995,xml_geometry_csv_action
BootPass_81,126,7,7,Position_Unknown,Team_Unknown,Action_PreSnap,1029.3,395.69,1126.51,472.68,97.21000000000004,76.99000000000001,xml_geometry_csv_action
BootPass_81,126,8,8,Position_Unknown,Team_Unknown,Action_PreSnap,339.97,469.55,406.9,583.12,66.92999999999995,113.57,xml_geometry_csv_action
BootPass_81,126,9,9,Position_Unknown,Team_Unknown,Action_PreSnap,764.36,697.82,830.94,821.09,66.58000000000004,123.26999999999998,xml_geometry_csv_action
BootPass_81,127,0,0,Position_Unknown,Team_Unknown,Action_PreSnap,1293.47,712.29,1389.95,828.44,96.48000000000002,116.15000000000009,xml_geometry_csv_action
BootPass_81,127,1,1,Position_Unknown,Team_Unknown,Action_PreSnap,1135.69,214.15,1221.27,315.57,85.57999999999993,101.41999999999999,xml_geometry_csv_action
BootPass_81,127,10,10,Position_Unknown,Team_Unknown,Action_PreSnap,1189.11,434.92,1259.15,531.44,70.04000000000019,96.52000000000004,xml_geometry_csv_action
BootPass_81,127,11,11,Position_Unknown,Team_Unknown,Action_PreSnap,885.13,429.87,946.57,531.79,61.440000000000055,101.91999999999996,xml_geometry_csv_action
BootPass_81,127,12,12,Position_Unknown,Team_Unknown,Action_PreSnap,1439.64,396.18,1499.78,503.14,60.13999999999987,106.95999999999998,xml_geometry_csv_action
BootPass_81,127,13,13,Position_Unknown,Team_Unknown,Action_PreSnap,827.29,331.09,882.71,451.74,55.42000000000007,120.65000000000003,xml_geometry_csv_action
BootPass_81,127,14,14,Position_Unknown,Team_Unknown,Action_PreSnap,1136.92,369.95,1207.12,454.44,70.19999999999982,84.49000000000001,xml_geometry_csv_action
BootPass_81,127,15,15,Position_Unknown,Team_Unknown,Action_PreSnap,979.95,223.45,1032.75,320.36,52.799999999999955,96.91000000000003,xml_geometry_csv_action
BootPass_81,127,16,16,Position_Unknown,Team_Unknown,Action_PreSnap,811.15,246.83,862.96,369.04,51.81000000000006,122.21000000000001,xml_geometry_csv_action
BootPass_81,127,17,17,Position_Unknown,Team_Unknown,Action_PreSnap,1011.57,285.68,1106.08,353.05,94.50999999999988,67.37,xml_geometry_csv_action
BootPass_81,127,18,18,Position_Unknown,Team_Unknown,Action_PreSnap,1411.51,324.94,1479.82,446.08,68.30999999999995,121.13999999999999,xml_geometry_csv_action
BootPass_81,127,19,19,Position_Unknown,Team_Unknown,Action_PreSnap,1176.54,404.56,1242.43,487.4,65.8900000000001,82.83999999999997,xml_geometry_csv_action
BootPass_81,127,2,2,Position_Unknown,Team_Unknown,Action_PreSnap,1230.38,673.23,1312.23,788.79,81.84999999999991,115.55999999999995,xml_geometry_csv_action
BootPass_81,127,20,20,Position_Unknown,Team_Unknown,Action_PreSnap,1164.07,345.41,1233.05,410.85,68.98000000000002,65.44,xml_geometry_csv_action
BootPass_81,127,21,21,Position_Unknown,Team_Unknown,Action_PreSnap,1153.59,305.36,1220.75,360.11,67.16000000000008,54.75,xml_geometry_csv_action
BootPass_81,127,3,3,Position_Unknown,Team_Unknown,Action_PreSnap,1038.89,477.29,1132.97,561.19,94.07999999999993,83.90000000000003,xml_geometry_csv_action
BootPass_81,127,4,4,Position_Unknown,Team_Unknown,Action_PreSnap,995.64,336.67,1090.32,409.27,94.67999999999995,72.59999999999997,xml_geometry_csv_action
BootPass_81,127,5,5,Position_Unknown,Team_Unknown,Action_PreSnap,1239.23,283.7,1306.81,380.51,67.57999999999993,96.81,xml_geometry_csv_action
BootPass_81,127,6,6,Position_Unknown,Team_Unknown,Action_PreSnap,1093.54,679.86,1156.46,795.05,62.92000000000007,115.18999999999994,xml_geometry_csv_action
BootPass_81,127,7,7,Position_Unknown,Team_Unknown,Action_PreSnap,1029.08,395.95,1126.4,473.07,97.32000000000016,77.12,xml_geometry_csv_action
BootPass_81,127,8,8,Position_Unknown,Team_Unknown,Action_PreSnap,339.71,469.92,406.82,583.36,67.11000000000001,113.44,xml_geometry_csv_action
BootPass_81,127,9,9,Position_Unknown,Team_Unknown,Action_PreSnap,764.18,697.98,830.58,821.41,66.40000000000009,123.42999999999995,xml_geometry_csv_action
BootPass_81,128,0,0,Position_Unknown,Team_Unknown,Action_PreSnap,1293.74,711.82,1390.47,828.02,96.73000000000002,116.19999999999993,xml_geometry_csv_action
BootPass_81,128,1,1,Position_Unknown,Team_Unknown,Action_PreSnap,1135.86,213.28,1221.23,314.83,85.37000000000012,101.54999999999998,xml_geometry_csv_action
BootPass_81,128,10,10,Position_Unknown,Team_Unknown,Action_PreSnap,1189.49,431.77,1259.18,530.93,69.69000000000005,99.15999999999997,xml_geometry_csv_action
BootPass_81,128,11,11,Position_Unknown,Team_Unknown,Action_PreSnap,885.98,428.34,947.47,530.97,61.49000000000001,102.63000000000005,xml_geometry_csv_action
BootPass_81,128,12,12,Position_Unknown,Team_Unknown,Action_PreSnap,1439.55,395.24,1499.48,502.57,59.930000000000064,107.32999999999998,xml_geometry_csv_action
BootPass_81,128,13,13,Position_Unknown,Team_Unknown,Action_PreSnap,827.88,330.16,883.77,451.17,55.889999999999986,121.00999999999999,xml_geometry_csv_action
BootPass_81,128,14,14,Position_Unknown,Team_Unknown,Action_PreSnap,1137.7,366.52,1206.97,453.58,69.26999999999998,87.06,xml_geometry_csv_action
BootPass_81,128,15,15,Position_Unknown,Team_Unknown,Action_PreSnap,979.96,222.6,1032.72,319.48,52.75999999999999,96.88000000000002,xml_geometry_csv_action
BootPass_81,128,16,16,Position_Unknown,Team_Unknown,Action_PreSnap,811.37,246.25,863.22,368.4,51.85000000000002,122.14999999999998,xml_geometry_csv_action
BootPass_81,128,17,17,Position_Unknown,Team_Unknown,Action_PreSnap,1011.03,284.33,1106.1,352.62,95.06999999999994,68.29000000000002,xml_geometry_csv_action
BootPass_81,128,18,18,Position_Unknown,Team_Unknown,Action_PreSnap,1411.46,324.81,1480.08,444.85,68.61999999999989,120.04000000000002,xml_geometry_csv_action
BootPass_81,128,19,19,Position_Unknown,Team_Unknown,Action_PreSnap,1176.8,401.96,1242.55,484.49,65.75,82.53000000000003,xml_geometry_csv_action
BootPass_81,128,2,2,Position_Unknown,Team_Unknown,Action_PreSnap,1230.85,672.74,1312.5,788.25,81.65000000000009,115.50999999999999,xml_geometry_csv_action
BootPass_81,128,20,20,Position_Unknown,Team_Unknown,Action_PreSnap,1164.05,342.88,1232.93,409.03,68.88000000000011,66.14999999999998,xml_geometry_csv_action
BootPass_81,128,21,21,Position_Unknown,Team_Unknown,Action_PreSnap,1153.27,304.09,1220.76,357.85,67.49000000000001,53.76000000000005,xml_geometry_csv_action
BootPass_81,128,3,3,Position_Unknown,Team_Unknown,Action_PreSnap,1040.71,476.08,1133.02,560.59,92.30999999999995,84.51000000000005,xml_geometry_csv_action
BootPass_81,128,4,4,Position_Unknown,Team_Unknown,Action_PreSnap,994.98,334.83,1090.8,408.14,95.81999999999994,73.31,xml_geometry_csv_action
BootPass_81,128,5,5,Position_Unknown,Team_Unknown,Action_PreSnap,1239.22,282.87,1306.99,379.88,67.76999999999998,97.00999999999999,xml_geometry_csv_action
BootPass_81,128,6,6,Position_Unknown,Team_Unknown,Action_PreSnap,1093.76,679.47,1156.76,794.66,63.0,115.18999999999994,xml_geometry_csv_action
BootPass_81,128,7,7,Position_Unknown,Team_Unknown,Action_PreSnap,1029.19,394.81,1126.71,472.52,97.51999999999998,77.70999999999998,xml_geometry_csv_action
BootPass_81,128,8,8,Position_Unknown,Team_Unknown,Action_PreSnap,340.03,469.19,407.06,582.64,67.03000000000003,113.44999999999999,xml_geometry_csv_action
BootPass_81,128,9,9,Position_Unknown,Team_Unknown,Action_PreSnap,764.46,697.53,830.76,820.83,66.29999999999995,123.30000000000007,xml_geometry_csv_action
BootPass_81,129,0,0,Position_Unknown,Team_Unknown,Action_PreSnap,1293.98,712.7,1390.33,828.9,96.34999999999991,116.19999999999993,xml_geometry_csv_action
BootPass_81,129,1,1,Position_Unknown,Team_Unknown,Action_PreSnap,1135.54,214.5,1221.17,315.44,85.63000000000011,100.94,xml_geometry_csv_action
BootPass_81,129,10,10,Position_Unknown,Team_Unknown,Action_PreSnap,1188.22,430.39,1259.05,532.03,70.82999999999993,101.63999999999999,xml_geometry_csv_action
BootPass_81,129,11,11,Position_Unknown,Team_Unknown,Action_PreSnap,886.47,428.69,948.75,531.73,62.27999999999997,103.04000000000002,xml_geometry_csv_action
BootPass_81,129,12,12,Position_Unknown,Team_Unknown,Action_PreSnap,1439.34,395.69,1499.32,503.35,59.98000000000002,107.66000000000003,xml_geometry_csv_action
BootPass_81,129,13,13,Position_Unknown,Team_Unknown,Action_PreSnap,828.39,330.76,884.62,452.45,56.23000000000002,121.69,xml_geometry_csv_action
BootPass_81,129,14,14,Position_Unknown,Team_Unknown,Action_PreSnap,1138.37,364.56,1207.23,454.67,68.86000000000013,90.11000000000001,xml_geometry_csv_action
BootPass_81,129,15,15,Position_Unknown,Team_Unknown,Action_PreSnap,979.98,223.71,1032.49,320.43,52.50999999999999,96.72,xml_geometry_csv_action
BootPass_81,129,16,16,Position_Unknown,Team_Unknown,Action_PreSnap,811.81,247.66,863.52,369.26,51.710000000000036,121.6,xml_geometry_csv_action
BootPass_81,129,17,17,Position_Unknown,Team_Unknown,Action_PreSnap,1010.39,284.1,1106.73,352.95,96.34000000000003,68.84999999999997,xml_geometry_csv_action
BootPass_81,129,18,18,Position_Unknown,Team_Unknown,Action_PreSnap,1411.18,326.3,1480.04,446.06,68.8599999999999,119.75999999999999,xml_geometry_csv_action
BootPass_81,129,19,19,Position_Unknown,Team_Unknown,Action_PreSnap,1175.41,400.61,1242.55,479.85,67.13999999999987,79.24000000000001,xml_geometry_csv_action
BootPass_81,129,2,2,Position_Unknown,Team_Unknown,Action_PreSnap,1230.74,673.82,1312.4,788.94,81.66000000000008,115.12,xml_geometry_csv_action
BootPass_81,129,20,20,Position_Unknown,Team_Unknown,Action_PreSnap,1163.7,342.61,1232.54,408.35,68.83999999999992,65.74000000000001,xml_geometry_csv_action
BootPass_81,129,21,21,Position_Unknown,Team_Unknown,Action_PreSnap,1152.76,304.14,1220.61,356.89,67.84999999999991,52.75,xml_geometry_csv_action
BootPass_81,129,3,3,Position_Unknown,Team_Unknown,Action_PreSnap,1042.41,476.15,1133.05,561.86,90.63999999999987,85.71000000000004,xml_geometry_csv_action
BootPass_81,129,4,4,Position_Unknown,Team_Unknown,Action_PreSnap,994.12,334.03,1091.42,408.96,97.30000000000007,74.93,xml_geometry_csv_action
BootPass_81,129,5,5,Position_Unknown,Team_Unknown,Action_PreSnap,1239.35,284.27,1307.04,380.89,67.69000000000005,96.62,xml_geometry_csv_action
BootPass_81,129,6,6,Position_Unknown,Team_Unknown,Action_PreSnap,1094.06,680.41,1156.76,795.55,62.700000000000045,115.13999999999999,xml_geometry_csv_action
BootPass_81,129,7,7,Position_Unknown,Team_Unknown,Action_PreSnap,1029.05,395.06,1127.31,473.54,98.25999999999999,78.48000000000002,xml_geometry_csv_action
BootPass_81,129,8,8,Position_Unknown,Team_Unknown,Action_PreSnap,339.97,470.16,406.91,583.49,66.94,113.32999999999998,xml_geometry_csv_action
BootPass_81,129,9,9,Position_Unknown,Team_Unknown,Action_PreSnap,764.63,698.76,830.47,821.8,65.84000000000003,123.03999999999996,xml_geometry_csv_action
BootPass_81,130,0,0,Position_Unknown,Team_Unknown,Action_PreSnap,1293.54,712.17,1389.85,828.26,96.30999999999995,116.09000000000003,xml_geometry_csv_action
BootPass_81,130,1,1,Position_Unknown,Team_Unknown,Action_PreSnap,1134.85,214.06,1220.73,314.33,85.88000000000011,100.26999999999998,xml_geometry_csv_action
BootPass_81,130,10,10,Position_Unknown,Team_Unknown,Action_PreSnap,1186.7,427.3,1258.05,531.65,71.34999999999991,104.34999999999997,xml_geometry_csv_action
BootPass_81,130,11,11,Position_Unknown,Team_Unknown,Action_PreSnap,885.78,427.68,949.0,528.69,63.22000000000003,101.01000000000005,xml_geometry_csv_action
BootPass_81,130,12,12,Position_Unknown,Team_Unknown,Action_PreSnap,1438.42,394.86,1498.3,502.72,59.87999999999988,107.86000000000001,xml_geometry_csv_action
BootPass_81,130,13,13,Position_Unknown,Team_Unknown,Action_PreSnap,828.44,329.49,884.92,451.63,56.479999999999905,122.13999999999999,xml_geometry_csv_action
BootPass_81,130,14,14,Position_Unknown,Team_Unknown,Action_PreSnap,1138.9,361.66,1207.21,455.11,68.30999999999995,93.44999999999999,xml_geometry_csv_action
BootPass_81,130,15,15,Position_Unknown,Team_Unknown,Action_PreSnap,979.2,223.12,1032.08,319.82,52.87999999999988,96.69999999999999,xml_geometry_csv_action
BootPass_81,130,16,16,Position_Unknown,Team_Unknown,Action_PreSnap,811.68,246.97,863.48,368.56,51.80000000000007,121.59,xml_geometry_csv_action
BootPass_81,130,17,17,Position_Unknown,Team_Unknown,Action_PreSnap,1008.32,281.2,1106.89,352.95,98.57000000000005,71.75,xml_geometry_csv_action
BootPass_81,130,18,18,Position_Unknown,Team_Unknown,Action_PreSnap,1410.15,326.35,1479.19,445.05,69.03999999999996,118.69999999999999,xml_geometry_csv_action
BootPass_81,130,19,19,Position_Unknown,Team_Unknown,Action_PreSnap,1174.8,396.95,1242.09,468.89,67.28999999999996,71.94,xml_geometry_csv_action
BootPass_81,130,2,2,Position_Unknown,Team_Unknown,Action_PreSnap,1230.17,673.06,1312.1,788.49,81.92999999999984,115.43000000000006,xml_geometry_csv_action
BootPass_81,130,20,20,Position_Unknown,Team_Unknown,Action_PreSnap,1164.05,339.92,1231.84,407.4,67.78999999999996,67.47999999999996,xml_geometry_csv_action
BootPass_81,130,21,21,Position_Unknown,Team_Unknown,Action_PreSnap,1151.95,302.29,1220.17,353.84,68.22000000000003,51.549999999999955,xml_geometry_csv_action
BootPass_81,130,3,3,Position_Unknown,Team_Unknown,Action_PreSnap,1042.85,473.85,1132.36,561.18,89.50999999999999,87.32999999999993,xml_geometry_csv_action
BootPass_81,130,4,4,Position_Unknown,Team_Unknown,Action_PreSnap,993.75,330.58,1091.42,408.4,97.67000000000007,77.82,xml_geometry_csv_action
BootPass_81,130,5,5,Position_Unknown,Team_Unknown,Action_PreSnap,1238.85,284.04,1305.89,380.16,67.04000000000019,96.12,xml_geometry_csv_action
BootPass_81,130,6,6,Position_Unknown,Team_Unknown,Action_PreSnap,1093.55,679.81,1156.55,794.98,63.0,115.17000000000007,xml_geometry_csv_action
BootPass_81,130,7,7,Position_Unknown,Team_Unknown,Action_PreSnap,1027.44,393.49,1127.81,473.25,100.36999999999989,79.75999999999999,xml_geometry_csv_action
BootPass_81,130,8,8,Position_Unknown,Team_Unknown,Action_PreSnap,340.01,469.52,406.71,583.15,66.69999999999999,113.63,xml_geometry_csv_action
BootPass_81,130,9,9,Position_Unknown,Team_Unknown,Action_PreSnap,764.16,698.24,829.76,821.2,65.60000000000002,122.96000000000004,xml_geometry_csv_action
BootPass_81,131,0,0,Position_Unknown,Team_Unknown,Action_PreSnap,1294.34,712.95,1390.62,828.61,96.27999999999997,115.65999999999997,xml_geometry_csv_action
BootPass_81,131,1,1,Position_Unknown,Team_Unknown,Action_PreSnap,1135.37,214.79,1221.34,314.47,85.97000000000003,99.68000000000004,xml_geometry_csv_action
BootPass_81,131,10,10,Position_Unknown,Team_Unknown,Action_PreSnap,1187.15,422.68,1258.25,532.47,71.09999999999991,109.79000000000002,xml_geometry_csv_action
BootPass_81,131,11,11,Position_Unknown,Team_Unknown,Action_PreSnap,884.83,428.07,950.82,527.28,65.99000000000001,99.20999999999998,xml_geometry_csv_action
BootPass_81,131,12,12,Position_Unknown,Team_Unknown,Action_PreSnap,1438.64,396.48,1498.73,503.37,60.08999999999992,106.88999999999999,xml_geometry_csv_action
BootPass_81,131,13,13,Position_Unknown,Team_Unknown,Action_PreSnap,829.3,329.32,886.31,452.21,57.00999999999999,122.88999999999999,xml_geometry_csv_action
BootPass_81,131,14,14,Position_Unknown,Team_Unknown,Action_PreSnap,1140.05,358.92,1207.98,453.27,67.93000000000006,94.34999999999997,xml_geometry_csv_action
BootPass_81,131,15,15,Position_Unknown,Team_Unknown,Action_PreSnap,980.23,223.43,1033.43,320.41,53.200000000000045,96.98000000000002,xml_geometry_csv_action
BootPass_81,131,16,16,Position_Unknown,Team_Unknown,Action_PreSnap,813.07,247.96,864.65,369.88,51.57999999999993,121.91999999999999,xml_geometry_csv_action
BootPass_81,131,17,17,Position_Unknown,Team_Unknown,Action_PreSnap,1007.98,278.31,1109.22,353.73,101.24000000000001,75.42000000000002,xml_geometry_csv_action
BootPass_81,131,18,18,Position_Unknown,Team_Unknown,Action_PreSnap,1410.88,327.81,1479.67,446.96,68.78999999999996,119.14999999999998,xml_geometry_csv_action
BootPass_81,131,19,19,Position_Unknown,Team_Unknown,Action_PreSnap,1174.65,395.8,1242.97,465.74,68.31999999999994,69.94,xml_geometry_csv_action
BootPass_81,131,2,2,Position_Unknown,Team_Unknown,Action_PreSnap,1230.76,673.75,1312.47,788.99,81.71000000000004,115.24000000000001,xml_geometry_csv_action
BootPass_81,131,20,20,Position_Unknown,Team_Unknown,Action_PreSnap,1164.79,337.8,1231.03,404.28,66.24000000000001,66.47999999999996,xml_geometry_csv_action
BootPass_81,131,21,21,Position_Unknown,Team_Unknown,Action_PreSnap,1152.93,301.08,1221.0,352.02,68.06999999999994,50.94,xml_geometry_csv_action
BootPass_81,131,3,3,Position_Unknown,Team_Unknown,Action_PreSnap,1042.58,472.2,1133.11,561.81,90.52999999999997,89.60999999999996,xml_geometry_csv_action
BootPass_81,131,4,4,Position_Unknown,Team_Unknown,Action_PreSnap,996.84,326.23,1093.37,408.91,96.52999999999986,82.68,xml_geometry_csv_action
BootPass_81,131,5,5,Position_Unknown,Team_Unknown,Action_PreSnap,1239.47,285.17,1306.33,380.15,66.8599999999999,94.97999999999996,xml_geometry_csv_action
BootPass_81,131,6,6,Position_Unknown,Team_Unknown,Action_PreSnap,1094.27,680.44,1157.32,795.45,63.049999999999955,115.00999999999999,xml_geometry_csv_action
BootPass_81,131,7,7,Position_Unknown,Team_Unknown,Action_PreSnap,1027.46,391.93,1130.11,474.05,102.64999999999986,82.12,xml_geometry_csv_action
BootPass_81,131,8,8,Position_Unknown,Team_Unknown,Action_PreSnap,341.45,470.24,407.49,583.75,66.04000000000002,113.50999999999999,xml_geometry_csv_action
BootPass_81,131,9,9,Position_Unknown,Team_Unknown,Action_PreSnap,764.87,698.71,830.37,822.07,65.5,123.36000000000001,xml_geometry_csv_action
BootPass_81,132,0,0,Position_Unknown,Team_Unknown,Action_PreSnap,1294.2,712.93,1389.7,827.6,95.5,114.67000000000007,xml_geometry_csv_action
BootPass_81,132,1,1,Position_Unknown,Team_Unknown,Action_PreSnap,1134.76,214.64,1221.1,313.33,86.33999999999992,98.69,xml_geometry_csv_action
BootPass_81,132,10,10,Position_Unknown,Team_Unknown,Action_PreSnap,1185.94,416.11,1257.45,531.98,71.50999999999999,115.87,xml_geometry_csv_action
BootPass_81,132,11,11,Position_Unknown,Team_Unknown,Action_PreSnap,881.62,427.37,951.87,526.27,70.25,98.89999999999998,xml_geometry_csv_action
BootPass_81,132,12,12,Position_Unknown,Team_Unknown,Action_PreSnap,1437.8,396.23,1498.17,502.82,60.37000000000012,106.58999999999997,xml_geometry_csv_action
BootPass_81,132,13,13,Position_Unknown,Team_Unknown,Action_PreSnap,829.3,327.9,886.99,451.61,57.690000000000055,123.71000000000004,xml_geometry_csv_action
BootPass_81,132,14,14,Position_Unknown,Team_Unknown,Action_PreSnap,1138.41,354.54,1207.04,452.25,68.62999999999988,97.70999999999998,xml_geometry_csv_action
BootPass_81,132,15,15,Position_Unknown,Team_Unknown,Action_PreSnap,980.18,222.56,1033.59,319.91,53.40999999999997,97.35000000000002,xml_geometry_csv_action
BootPass_81,132,16,16,Position_Unknown,Team_Unknown,Action_PreSnap,813.2,247.54,864.64,369.54,51.43999999999994,122.00000000000003,xml_geometry_csv_action
BootPass_81,132,17,17,Position_Unknown,Team_Unknown,Action_PreSnap,1008.35,273.43,1111.63,353.43,103.28000000000009,80.0,xml_geometry_csv_action
BootPass_81,132,18,18,Position_Unknown,Team_Unknown,Action_PreSnap,1410.28,328.17,1479.64,446.31,69.36000000000013,118.13999999999999,xml_geometry_csv_action
BootPass_81,132,19,19,Position_Unknown,Team_Unknown,Action_PreSnap,1173.71,391.44,1242.4,463.25,68.69000000000005,71.81,xml_geometry_csv_action
BootPass_81,132,2,2,Position_Unknown,Team_Unknown,Action_PreSnap,1230.58,673.11,1311.85,788.4,81.26999999999998,115.28999999999996,xml_geometry_csv_action
BootPass_81,132,20,20,Position_Unknown,Team_Unknown,Action_PreSnap,1163.33,332.67,1230.02,399.29,66.69000000000005,66.62,xml_geometry_csv_action
BootPass_81,132,21,21,Position_Unknown,Team_Unknown,Action_PreSnap,1153.16,298.73,1221.48,348.47,68.31999999999994,49.74000000000001,xml_geometry_csv_action
BootPass_81,132,3,3,Position_Unknown,Team_Unknown,Action_PreSnap,1039.55,468.96,1133.77,560.74,94.22000000000003,91.78000000000003,xml_geometry_csv_action
BootPass_81,132,4,4,Position_Unknown,Team_Unknown,Action_PreSnap,1002.09,319.93,1094.71,406.79,92.62,86.86000000000001,xml_geometry_csv_action
BootPass_81,132,5,5,Position_Unknown,Team_Unknown,Action_PreSnap,1238.94,285.17,1305.8,379.52,66.8599999999999,94.34999999999997,xml_geometry_csv_action
BootPass_81,132,6,6,Position_Unknown,Team_Unknown,Action_PreSnap,1094.03,680.03,1157.27,794.96,63.24000000000001,114.93000000000006,xml_geometry_csv_action
BootPass_81,132,7,7,Position_Unknown,Team_Unknown,Action_PreSnap,1027.92,388.54,1132.71,473.08,104.78999999999996,84.53999999999996,xml_geometry_csv_action
BootPass_81,132,8,8,Position_Unknown,Team_Unknown,Action_PreSnap,341.5,469.94,407.46,583.22,65.95999999999998,113.28000000000003,xml_geometry_csv_action
BootPass_81,132,9,9,Position_Unknown,Team_Unknown,Action_PreSnap,764.64,698.29,830.13,821.46,65.49000000000001,123.17000000000007,xml_geometry_csv_action
BootPass_81,133,0,0,Position_Unknown,Team_Unknown,Action_PreSnap,1294.31,714.56,1388.25,826.91,93.94000000000005,112.35000000000002,xml_geometry_csv_action
BootPass_81,133,1,1,Position_Unknown,Team_Unknown,Action_PreSnap,1134.18,215.72,1220.5,312.43,86.31999999999994,96.71000000000001,xml_geometry_csv_action
BootPass_81,133,10,10,Position_Unknown,Team_Unknown,Action_PreSnap,1185.34,411.69,1256.91,532.33,71.57000000000016,120.64000000000004,xml_geometry_csv_action
BootPass_81,133,11,11,Position_Unknown,Team_Unknown,Action_PreSnap,879.04,428.18,952.96,527.0,73.92000000000007,98.82,xml_geometry_csv_action
BootPass_81,133,12,12,Position_Unknown,Team_Unknown,Action_PreSnap,1437.75,396.48,1497.61,503.09,59.8599999999999,106.60999999999996,xml_geometry_csv_action
BootPass_81,133,13,13,Position_Unknown,Team_Unknown,Action_PreSnap,829.74,327.64,888.09,451.3,58.35000000000002,123.66000000000003,xml_geometry_csv_action
BootPass_81,133,14,14,Position_Unknown,Team_Unknown,Action_PreSnap,1140.07,351.64,1207.16,455.01,67.09000000000015,103.37,xml_geometry_csv_action
BootPass_81,133,15,15,Position_Unknown,Team_Unknown,Action_PreSnap,980.5,222.56,1033.77,320.12,53.26999999999998,97.56,xml_geometry_csv_action
BootPass_81,133,16,16,Position_Unknown,Team_Unknown,Action_PreSnap,813.5,247.98,865.15,369.9,51.64999999999998,121.91999999999999,xml_geometry_csv_action
BootPass_81,133,17,17,Position_Unknown,Team_Unknown,Action_PreSnap,1013.34,269.24,1116.57,351.81,103.2299999999999,82.57,xml_geometry_csv_action
BootPass_81,133,18,18,Position_Unknown,Team_Unknown,Action_PreSnap,1410.25,330.07,1479.81,447.6,69.55999999999995,117.53000000000003,xml_geometry_csv_action
BootPass_81,133,19,19,Position_Unknown,Team_Unknown,Action_PreSnap,1175.03,388.02,1242.3,462.31,67.26999999999998,74.29000000000002,xml_geometry_csv_action
BootPass_81,133,2,2,Position_Unknown,Team_Unknown,Action_PreSnap,1230.53,673.61,1311.15,788.38,80.62000000000012,114.76999999999998,xml_geometry_csv_action
BootPass_81,133,20,20,Position_Unknown,Team_Unknown,Action_PreSnap,1162.86,329.42,1229.41,395.6,66.55000000000018,66.18,xml_geometry_csv_action
BootPass_81,133,21,21,Position_Unknown,Team_Unknown,Action_PreSnap,1153.49,297.03,1222.86,345.89,69.36999999999989,48.860000000000014,xml_geometry_csv_action
BootPass_81,133,3,3,Position_Unknown,Team_Unknown,Action_PreSnap,1038.35,464.49,1134.22,560.75,95.87000000000012,96.25999999999999,xml_geometry_csv_action
BootPass_81,133,4,4,Position_Unknown,Team_Unknown,Action_PreSnap,1010.66,316.65,1096.26,404.57,85.60000000000002,87.92000000000002,xml_geometry_csv_action
BootPass_81,133,5,5,Position_Unknown,Team_Unknown,Action_PreSnap,1239.13,285.58,1305.54,380.6,66.40999999999985,95.02000000000004,xml_geometry_csv_action
BootPass_81,133,6,6,Position_Unknown,Team_Unknown,Action_PreSnap,1094.05,680.27,1157.38,795.2,63.330000000000155,114.93000000000006,xml_geometry_csv_action
BootPass_81,133,7,7,Position_Unknown,Team_Unknown,Action_PreSnap,1030.06,385.68,1134.38,472.34,104.32000000000016,86.65999999999997,xml_geometry_csv_action
BootPass_81,133,8,8,Position_Unknown,Team_Unknown,Action_PreSnap,341.56,470.38,407.31,583.25,65.75,112.87,xml_geometry_csv_action
BootPass_81,133,9,9,Position_Unknown,Team_Unknown,Action_PreSnap,764.57,698.53,830.11,821.46,65.53999999999996,122.93000000000006,xml_geometry_csv_action
BootPass_81,134,0,0,Position_Unknown,Team_Unknown,Action_PreSnap,1294.17,716.9,1385.03,825.48,90.8599999999999,108.58000000000004,xml_geometry_csv_action
BootPass_81,134,1,1,Position_Unknown,Team_Unknown,Action_PreSnap,1133.6,216.78,1220.06,310.41,86.46000000000004,93.63000000000002,xml_geometry_csv_action
BootPass_81,134,10,10,Position_Unknown,Team_Unknown,Action_PreSnap,1183.56,407.54,1255.93,532.18,72.37000000000012,124.63999999999993,xml_geometry_csv_action
BootPass_81,134,11,11,Position_Unknown,Team_Unknown,Action_PreSnap,877.6,428.76,954.37,527.25,76.76999999999998,98.49000000000001,xml_geometry_csv_action
BootPass_81,134,12,12,Position_Unknown,Team_Unknown,Action_PreSnap,1436.95,394.94,1496.93,503.04,59.98000000000002,108.10000000000002,xml_geometry_csv_action
BootPass_81,134,13,13,Position_Unknown,Team_Unknown,Action_PreSnap,829.35,328.0,888.92,450.63,59.569999999999936,122.63,xml_geometry_csv_action
BootPass_81,134,14,14,Position_Unknown,Team_Unknown,Action_PreSnap,1141.5,350.26,1207.23,456.4,65.73000000000002,106.13999999999999,xml_geometry_csv_action
BootPass_81,134,15,15,Position_Unknown,Team_Unknown,Action_PreSnap,980.53,222.05,1033.59,320.66,53.059999999999945,98.61000000000001,xml_geometry_csv_action
BootPass_81,134,16,16,Position_Unknown,Team_Unknown,Action_PreSnap,813.73,247.88,865.55,370.15,51.819999999999936,122.26999999999998,xml_geometry_csv_action
BootPass_81,134,17,17,Position_Unknown,Team_Unknown,Action_PreSnap,1019.02,265.23,1121.58,350.68,102.55999999999995,85.44999999999999,xml_geometry_csv_action
BootPass_81,134,18,18,Position_Unknown,Team_Unknown,Action_PreSnap,1409.95,331.17,1479.83,447.68,69.87999999999988,116.50999999999999,xml_geometry_csv_action
BootPass_81,134,19,19,Position_Unknown,Team_Unknown,Action_PreSnap,1175.93,385.04,1241.91,452.47,65.98000000000002,67.43,xml_geometry_csv_action
BootPass_81,134,2,2,Position_Unknown,Team_Unknown,Action_RunFlatRoute,1230.29,673.77,1310.35,788.09,80.05999999999995,114.32000000000005,xml_geometry_csv_action
BootPass_81,134,20,20,Position_Unknown,Team_Unknown,Action_PreSnap,1162.64,326.29,1229.59,391.07,66.94999999999982,64.77999999999997,xml_geometry_csv_action
BootPass_81,134,21,21,Position_Unknown,Team_Unknown,Action_PreSnap,1151.73,294.79,1222.67,343.42,70.94000000000005,48.629999999999995,xml_geometry_csv_action
BootPass_81,134,3,3,Position_Unknown,Team_Unknown,Action_PreSnap,1038.24,459.4,1134.73,561.04,96.49000000000001,101.63999999999999,xml_geometry_csv_action
BootPass_81,134,4,4,Position_Unknown,Team_Unknown,Action_PreSnap,1019.68,315.1,1096.43,404.01,76.75000000000011,88.90999999999997,xml_geometry_csv_action
BootPass_81,134,5,5,Position_Unknown,Team_Unknown,Action_PreSnap,1239.8,285.6,1306.78,382.29,66.98000000000002,96.69,xml_geometry_csv_action
BootPass_81,134,6,6,Position_Unknown,Team_Unknown,Action_PreSnap,1094.1,680.21,1157.45,795.26,63.350000000000136,115.04999999999995,xml_geometry_csv_action
BootPass_81,134,7,7,Position_Unknown,Team_Unknown,Action_PreSnap,1032.59,381.89,1135.98,470.66,103.3900000000001,88.77000000000004,xml_geometry_csv_action
BootPass_81,134,8,8,Position_Unknown,Team_Unknown,Action_PreSnap,341.07,470.52,406.95,583.31,65.88,112.78999999999996,xml_geometry_csv_action
BootPass_81,134,9,9,Position_Unknown,Team_Unknown,Action_PreSnap,764.59,698.45,830.36,821.5,65.76999999999998,123.04999999999995,xml_geometry_csv_action
BootPass_81,135,0,0,Position_Unknown,Team_Unknown,Action_PreSnap,1294.38,720.02,1383.97,825.04,89.58999999999992,105.01999999999998,xml_geometry_csv_action
BootPass_81,135,1,1,Position_Unknown,Team_Unknown,Action_PreSnap,1132.31,217.82,1219.36,309.39,87.04999999999995,91.57,xml_geometry_csv_action
BootPass_81,135,10,10,Position_Unknown,Team_Unknown,Action_PreSnap,1182.16,404.39,1253.43,531.34,71.26999999999998,126.95000000000005,xml_geometry_csv_action
BootPass_81,135,11,11,Position_Unknown,Team_Unknown,Action_PreSnap,877.23,429.17,956.37,527.6,79.13999999999999,98.43,xml_geometry_csv_action
BootPass_81,135,12,12,Position_Unknown,Team_Unknown,Action_PreSnap,1436.2,394.0,1496.27,503.19,60.069999999999936,109.19,xml_geometry_csv_action
BootPass_81,135,13,13,Position_Unknown,Team_Unknown,Action_PreSnap,829.21,328.79,889.7,449.6,60.49000000000001,120.81,xml_geometry_csv_action
BootPass_81,135,14,14,Position_Unknown,Team_Unknown,Action_PreSnap,1142.55,347.38,1205.87,456.31,63.319999999999936,108.93,xml_geometry_csv_action
BootPass_81,135,15,15,Position_Unknown,Team_Unknown,Action_PreSnap,980.53,221.8,1033.44,321.11,52.91000000000008,99.31,xml_geometry_csv_action
BootPass_81,135,16,16,Position_Unknown,Team_Unknown,Action_PreSnap,813.71,247.95,865.83,370.28,52.120000000000005,122.32999999999998,xml_geometry_csv_action
BootPass_81,135,17,17,Position_Unknown,Team_Unknown,Action_PreSnap,1045.26,262.07,1126.63,336.87,81.37000000000012,74.80000000000001,xml_geometry_csv_action
BootPass_81,135,18,18,Position_Unknown,Team_Unknown,Action_PreSnap,1409.55,332.29,1480.6,447.79,71.04999999999995,115.5,xml_geometry_csv_action
BootPass_81,135,19,19,Position_Unknown,Team_Unknown,Action_PreSnap,1175.08,380.52,1239.88,445.15,64.80000000000018,64.63,xml_geometry_csv_action
BootPass_81,135,2,2,Position_Unknown,Team_Unknown,Action_RunFlatRoute,1229.9,674.12,1309.82,787.88,79.91999999999985,113.75999999999999,xml_geometry_csv_action
BootPass_81,135,20,20,Position_Unknown,Team_Unknown,Action_PreSnap,1163.93,325.47,1228.98,388.73,65.04999999999995,63.25999999999999,xml_geometry_csv_action
BootPass_81,135,21,21,Position_Unknown,Team_Unknown,Action_PreSnap,1152.91,291.19,1222.64,341.84,69.73000000000002,50.64999999999998,xml_geometry_csv_action
BootPass_81,135,3,3,Position_Unknown,Team_Unknown,Action_PreSnap,1039.64,454.57,1133.7,561.78,94.05999999999995,107.20999999999998,xml_geometry_csv_action
BootPass_81,135,4,4,Position_Unknown,Team_Unknown,Action_PreSnap,1027.42,314.87,1097.17,406.74,69.75,91.87,xml_geometry_csv_action
BootPass_81,135,5,5,Position_Unknown,Team_Unknown,Action_PreSnap,1240.01,285.76,1308.58,380.38,68.56999999999994,94.62,xml_geometry_csv_action
BootPass_81,135,6,6,Position_Unknown,Team_Unknown,Action_PreSnap,1094.2,680.27,1157.47,795.34,63.26999999999998,115.07000000000005,xml_geometry_csv_action
BootPass_81,135,7,7,Position_Unknown,Team_Unknown,Action_PreSnap,1036.49,377.75,1136.51,469.99,100.01999999999998,92.24000000000001,xml_geometry_csv_action
BootPass_81,135,8,8,Position_Unknown,Team_Unknown,Action_PreSnap,339.79,470.81,406.45,583.36,66.65999999999997,112.55000000000001,xml_geometry_csv_action
BootPass_81,135,9,9,Position_Unknown,Team_Unknown,Action_PreSnap,764.83,698.57,830.34,821.58,65.50999999999999,123.00999999999999,xml_geometry_csv_action
BootPass_81,136,0,0,Position_Unknown,Team_Unknown,Action_PreSnap,1293.98,724.02,1385.78,825.31,91.79999999999995,101.28999999999996,xml_geometry_csv_action
BootPass_81,136,1,1,Position_Unknown,Team_Unknown,Action_PreSnap,1130.25,218.23,1218.21,308.63,87.96000000000004,90.4,xml_geometry_csv_action
BootPass_81,136,10,10,Position_Unknown,Team_Unknown,Action_PreSnap,1180.5,402.05,1249.72,528.87,69.22000000000003,126.82,xml_geometry_csv_action
BootPass_81,136,11,11,Position_Unknown,Team_Unknown,Action_PreSnap,877.54,428.23,960.1,527.94,82.56000000000006,99.71000000000004,xml_geometry_csv_action
BootPass_81,136,12,12,Position_Unknown,Team_Unknown,Action_PreSnap,1435.53,393.23,1495.62,503.13,60.08999999999992,109.89999999999998,xml_geometry_csv_action
BootPass_81,136,13,13,Position_Unknown,Team_Unknown,Action_PreSnap,828.95,330.38,890.39,449.04,61.43999999999994,118.66000000000003,xml_geometry_csv_action
BootPass_81,136,14,14,Position_Unknown,Team_Unknown,Action_PreSnap,1143.21,342.91,1203.38,457.23,60.17000000000007,114.32,xml_geometry_csv_action
BootPass_81,136,15,15,Position_Unknown,Team_Unknown,Action_PreSnap,980.47,221.57,1033.59,321.14,53.11999999999989,99.57,xml_geometry_csv_action
BootPass_81,136,16,16,Position_Unknown,Team_Unknown,Action_PreSnap,813.64,247.95,866.17,370.12,52.52999999999997,122.17000000000002,xml_geometry_csv_action
BootPass_81,136,17,17,Position_Unknown,Team_Unknown,Action_PreSnap,1063.54,259.57,1132.19,330.24,68.65000000000009,70.67000000000002,xml_geometry_csv_action
BootPass_81,136,18,18,Position_Unknown,Team_Unknown,Action_PreSnap,1408.62,333.32,1481.04,448.1,72.42000000000007,114.78000000000003,xml_geometry_csv_action
BootPass_81,136,19,19,Position_Unknown,Team_Unknown,Action_PreSnap,1176.01,373.5,1237.05,436.41,61.039999999999964,62.910000000000025,xml_geometry_csv_action
BootPass_81,136,2,2,Position_Unknown,Team_Unknown,Action_RunFlatRoute,1229.8,674.31,1309.87,788.13,80.06999999999994,113.82000000000005,xml_geometry_csv_action
BootPass_81,136,20,20,Position_Unknown,Team_Unknown,Action_PreSnap,1165.29,320.94,1228.79,387.28,63.5,66.33999999999997,xml_geometry_csv_action
BootPass_81,136,21,21,Position_Unknown,Team_Unknown,Action_PreSnap,1152.34,286.05,1218.59,338.22,66.25,52.170000000000016,xml_geometry_csv_action
BootPass_81,136,3,3,Position_Unknown,Team_Unknown,Action_PreSnap,1042.37,448.93,1132.51,562.53,90.1400000000001,113.59999999999997,xml_geometry_csv_action
BootPass_81,136,4,4,Position_Unknown,Team_Unknown,Action_PreSnap,1032.72,313.77,1099.29,415.58,66.56999999999994,101.81,xml_geometry_csv_action
BootPass_81,136,5,5,Position_Unknown,Team_Unknown,Action_PreSnap,1240.85,285.97,1311.74,380.59,70.8900000000001,94.61999999999995,xml_geometry_csv_action
BootPass_81,136,6,6,Position_Unknown,Team_Unknown,Action_PreSnap,1094.24,680.33,1157.41,795.35,63.17000000000007,115.01999999999998,xml_geometry_csv_action
BootPass_81,136,7,7,Position_Unknown,Team_Unknown,Action_PreSnap,1045.02,374.15,1135.88,470.32,90.86000000000013,96.17000000000002,xml_geometry_csv_action
BootPass_81,136,8,8,Position_Unknown,Team_Unknown,Action_PreSnap,338.21,470.99,406.01,583.29,67.80000000000001,112.29999999999995,xml_geometry_csv_action
BootPass_81,136,9,9,Position_Unknown,Team_Unknown,Action_PreSnap,765.09,698.78,830.45,821.59,65.36000000000001,122.81000000000006,xml_geometry_csv_action
BootPass_81,137,0,0,Position_Unknown,Team_Unknown,Action_PreSnap,1292.65,727.12,1387.89,825.2,95.24000000000001,98.08000000000004,xml_geometry_csv_action
BootPass_81,137,1,1,Position_Unknown,Team_Unknown,Action_PreSnap,1128.31,218.14,1206.05,305.74,77.74000000000001,87.60000000000002,xml_geometry_csv_action
BootPass_81,137,10,10,Position_Unknown,Team_Unknown,Action_PreSnap,1179.64,396.22,1246.19,522.74,66.54999999999995,126.51999999999998,xml_geometry_csv_action
BootPass_81,137,11,11,Position_Unknown,Team_Unknown,Action_PreSnap,877.92,426.23,964.43,527.62,86.50999999999999,101.38999999999999,xml_geometry_csv_action
BootPass_81,137,12,12,Position_Unknown,Team_Unknown,Action_PreSnap,1435.22,392.37,1494.79,503.05,59.569999999999936,110.68,xml_geometry_csv_action
BootPass_81,137,13,13,Position_Unknown,Team_Unknown,Action_PreSnap,828.68,331.96,891.94,448.46,63.260000000000105,116.5,xml_geometry_csv_action
BootPass_81,137,14,14,Position_Unknown,Team_Unknown,Action_PreSnap,1145.37,338.11,1202.33,456.61,56.960000000000036,118.5,xml_geometry_csv_action
BootPass_81,137,15,15,Position_Unknown,Team_Unknown,Action_PreSnap,980.5,221.47,1033.5,320.55,53.0,99.08000000000001,xml_geometry_csv_action
BootPass_81,137,16,16,Position_Unknown,Team_Unknown,Action_PreSnap,814.0,247.6,866.95,369.11,52.950000000000045,121.51000000000002,xml_geometry_csv_action
BootPass_81,137,17,17,Position_Unknown,Team_Unknown,Action_PreSnap,1073.08,256.95,1137.92,327.74,64.84000000000015,70.79000000000002,xml_geometry_csv_action
BootPass_81,137,18,18,Position_Unknown,Team_Unknown,Action_PreSnap,1407.4,334.03,1481.46,447.29,74.05999999999995,113.26000000000005,xml_geometry_csv_action
BootPass_81,137,2,2,Position_Unknown,Team_Unknown,Action_RunFlatRoute,1229.98,674.06,1307.8,788.12,77.81999999999994,114.06000000000006,xml_geometry_csv_action
BootPass_81,137,20,20,Position_Unknown,Team_Unknown,Action_PreSnap,1165.16,307.97,1231.64,371.78,66.48000000000002,63.809999999999945,xml_geometry_csv_action
BootPass_81,137,21,21,Position_Unknown,Team_Unknown,Action_PreSnap,1151.49,280.13,1216.17,332.18,64.68000000000006,52.05000000000001,xml_geometry_csv_action
BootPass_81,137,3,3,Position_Unknown,Team_Unknown,Action_PreSnap,1045.3,443.04,1129.87,563.03,84.56999999999994,119.98999999999995,xml_geometry_csv_action
BootPass_81,137,4,4,Position_Unknown,Team_Unknown,Action_PreSnap,1036.57,311.37,1102.47,420.28,65.90000000000009,108.90999999999997,xml_geometry_csv_action
BootPass_81,137,5,5,Position_Unknown,Team_Unknown,Action_PreSnap,1241.36,286.12,1310.52,380.37,69.16000000000008,94.25,xml_geometry_csv_action
BootPass_81,137,6,6,Position_Unknown,Team_Unknown,Action_PreSnap,1094.32,680.3,1157.21,795.16,62.8900000000001,114.86000000000001,xml_geometry_csv_action
BootPass_81,137,7,7,Position_Unknown,Team_Unknown,Action_PreSnap,1052.47,368.78,1137.44,468.6,84.97000000000003,99.82000000000005,xml_geometry_csv_action
BootPass_81,137,8,8,Position_Unknown,Team_Unknown,Action_PreSnap,336.11,470.64,405.62,583.13,69.50999999999999,112.49000000000001,xml_geometry_csv_action
BootPass_81,137,9,9,Position_Unknown,Team_Unknown,Action_PreSnap,765.45,698.66,830.46,821.39,65.00999999999999,122.73000000000002,xml_geometry_csv_action
BootPass_81,138,0,0,Position_Unknown,Team_Unknown,Action_PreSnap,1288.86,730.13,1389.14,825.7,100.2800000000002,95.57000000000005,xml_geometry_csv_action
BootPass_81,138,1,1,Position_Unknown,Team_Unknown,Action_PreSnap,1125.55,217.96,1187.19,303.98,61.6400000000001,86.02000000000001,xml_geometry_csv_action
BootPass_81,138,10,10,Position_Unknown,Team_Unknown,Action_PreSnap,1178.6,394.33,1241.75,516.09,63.15000000000009,121.76000000000005,xml_geometry_csv_action
BootPass_81,138,11,11,Position_Unknown,Team_Unknown,Action_PreSnap,879.21,424.23,968.67,527.02,89.45999999999992,102.78999999999996,xml_geometry_csv_action
BootPass_81,138,12,12,Position_Unknown,Team_Unknown,Action_PreSnap,1434.82,392.22,1494.27,503.53,59.450000000000045,111.30999999999995,xml_geometry_csv_action
BootPass_81,138,13,13,Position_Unknown,Team_Unknown,Action_PreSnap,828.22,334.36,893.14,448.28,64.91999999999996,113.91999999999996,xml_geometry_csv_action
BootPass_81,138,14,14,Position_Unknown,Team_Unknown,Action_PreSnap,1146.14,335.32,1201.11,452.69,54.9699999999998,117.37,xml_geometry_csv_action
BootPass_81,138,15,15,Position_Unknown,Team_Unknown,Action_PreSnap,980.4,221.53,1033.4,320.73,53.000000000000114,99.20000000000002,xml_geometry_csv_action
BootPass_81,138,16,16,Position_Unknown,Team_Unknown,Action_PreSnap,813.81,247.38,867.82,368.7,54.010000000000105,121.32,xml_geometry_csv_action
BootPass_81,138,17,17,Position_Unknown,Team_Unknown,Action_PreSnap,1078.42,256.85,1142.05,330.03,63.62999999999988,73.17999999999995,xml_geometry_csv_action
BootPass_81,138,18,18,Position_Unknown,Team_Unknown,Action_PreSnap,1407.19,334.71,1482.45,446.87,75.25999999999999,112.16000000000003,xml_geometry_csv_action
BootPass_81,138,19,19,Position_Unknown,Team_Unknown,Action_PreSnap,1175.36,362.71,1234.21,429.26,58.850000000000136,66.55000000000001,xml_geometry_csv_action
BootPass_81,138,2,2,Position_Unknown,Team_Unknown,Action_RunFlatRoute,1229.79,673.94,1302.16,788.4,72.37000000000012,114.45999999999992,xml_geometry_csv_action
BootPass_81,138,20,20,Position_Unknown,Team_Unknown,Action_PreSnap,1161.96,312.52,1229.48,371.82,67.51999999999998,59.30000000000001,xml_geometry_csv_action
BootPass_81,138,21,21,Position_Unknown,Team_Unknown,Action_PreSnap,1151.15,275.45,1212.98,323.89,61.82999999999993,48.44,xml_geometry_csv_action
BootPass_81,138,3,3,Position_Unknown,Team_Unknown,Action_PreSnap,1049.59,436.49,1127.42,562.62,77.83000000000015,126.13,xml_geometry_csv_action
BootPass_81,138,4,4,Position_Unknown,Team_Unknown,Action_PreSnap,1039.71,310.11,1104.93,421.17,65.22000000000003,111.06,xml_geometry_csv_action
BootPass_81,138,5,5,Position_Unknown,Team_Unknown,Action_PreSnap,1242.18,286.71,1308.08,380.2,65.89999999999986,93.49000000000001,xml_geometry_csv_action
BootPass_81,138,6,6,Position_Unknown,Team_Unknown,Action_PreSnap,1094.4,680.39,1157.25,795.16,62.84999999999991,114.76999999999998,xml_geometry_csv_action
BootPass_81,138,7,7,Position_Unknown,Team_Unknown,Action_PreSnap,1055.7,365.17,1139.11,467.45,83.40999999999985,102.27999999999997,xml_geometry_csv_action
BootPass_81,138,8,8,Position_Unknown,Team_Unknown,Action_PreSnap,333.51,470.47,405.14,583.28,71.63,112.80999999999995,xml_geometry_csv_action
BootPass_81,138,9,9,Position_Unknown,Team_Unknown,Action_PreSnap,765.51,698.71,830.37,821.39,64.86000000000001,122.67999999999995,xml_geometry_csv_action
BootPass_81,139,0,0,Position_Unknown,Team_Unknown,Action_PreSnap,1285.03,731.36,1389.3,826.4,104.26999999999998,95.03999999999996,xml_geometry_csv_action
BootPass_81,139,1,1,Position_Unknown,Team_Unknown,Action_PreSnap,1122.18,217.97,1176.3,297.16,54.11999999999989,79.19000000000003,xml_geometry_csv_action
BootPass_81,139,10,10,Position_Unknown,Team_Unknown,Action_PreSnap,1178.46,391.4,1240.51,512.92,62.049999999999955,121.51999999999998,xml_geometry_csv_action
BootPass_81,139,11,11,Position_Unknown,Team_Unknown,Action_PreSnap,883.4,421.98,973.21,525.17,89.81000000000006,103.18999999999994,xml_geometry_csv_action
BootPass_81,139,12,12,Position_Unknown,Team_Unknown,Action_PreSnap,1433.8,392.9,1493.56,504.15,59.75999999999999,111.25,xml_geometry_csv_action
BootPass_81,139,13,13,Position_Unknown,Team_Unknown,Action_PreSnap,828.06,336.94,895.96,448.73,67.90000000000009,111.79000000000002,xml_geometry_csv_action
BootPass_81,139,14,14,Position_Unknown,Team_Unknown,Action_PreSnap,1147.75,333.17,1198.24,447.7,50.49000000000001,114.52999999999997,xml_geometry_csv_action
BootPass_81,139,15,15,Position_Unknown,Team_Unknown,Action_PreSnap,979.77,221.83,1033.07,322.55,53.299999999999955,100.72,xml_geometry_csv_action
BootPass_81,139,16,16,Position_Unknown,Team_Unknown,Action_PreSnap,812.61,248.02,868.53,369.24,55.91999999999996,121.22,xml_geometry_csv_action
BootPass_81,139,17,17,Position_Unknown,Team_Unknown,Action_PreSnap,1084.6,257.77,1145.81,334.63,61.210000000000036,76.86000000000001,xml_geometry_csv_action
BootPass_81,139,18,18,Position_Unknown,Team_Unknown,Action_PreSnap,1403.28,335.1,1483.37,443.83,80.08999999999992,108.72999999999996,xml_geometry_csv_action
BootPass_81,139,19,19,Position_Unknown,Team_Unknown,Action_PreSnap,1176.96,359.76,1233.42,425.05,56.460000000000036,65.29000000000002,xml_geometry_csv_action
BootPass_81,139,2,2,Position_Unknown,Team_Unknown,Action_RunFlatRoute,1229.08,673.62,1296.79,788.16,67.71000000000004,114.53999999999996,xml_geometry_csv_action
BootPass_81,139,20,20,Position_Unknown,Team_Unknown,Action_PreSnap,1160.96,305.02,1234.59,372.14,73.62999999999988,67.12,xml_geometry_csv_action
BootPass_81,139,21,21,Position_Unknown,Team_Unknown,Action_PreSnap,1149.24,270.01,1213.86,325.04,64.61999999999989,55.03000000000003,xml_geometry_csv_action
BootPass_81,139,3,3,Position_Unknown,Team_Unknown,Action_PreSnap,1053.36,431.27,1126.28,555.71,72.92000000000007,124.44000000000005,xml_geometry_csv_action
BootPass_81,139,4,4,Position_Unknown,Team_Unknown,Action_PreSnap,1042.59,309.15,1106.74,421.25,64.15000000000009,112.10000000000002,xml_geometry_csv_action
BootPass_81,139,5,5,Position_Unknown,Team_Unknown,Action_PreSnap,1243.08,287.64,1307.55,379.9,64.47000000000003,92.25999999999999,xml_geometry_csv_action
BootPass_81,139,6,6,Position_Unknown,Team_Unknown,Action_PreSnap,1094.84,680.78,1157.6,795.02,62.75999999999999,114.24000000000001,xml_geometry_csv_action
BootPass_81,139,7,7,Position_Unknown,Team_Unknown,Action_PreSnap,1058.01,360.5,1141.96,465.94,83.95000000000005,105.44,xml_geometry_csv_action
BootPass_81,139,8,8,Position_Unknown,Team_Unknown,Action_PreSnap,331.24,470.56,404.71,583.72,73.46999999999997,113.16000000000003,xml_geometry_csv_action
BootPass_81,139,9,9,Position_Unknown,Team_Unknown,Action_PreSnap,765.9,699.1,829.86,822.09,63.960000000000036,122.99000000000001,xml_geometry_csv_action
BootPass_81,140,0,0,Position_Unknown,Team_Unknown,Action_PreSnap,1280.63,730.81,1388.17,826.39,107.53999999999996,95.58000000000004,xml_geometry_csv_action
BootPass_81,140,1,1,Position_Unknown,Team_Unknown,Action_PreSnap,1119.57,217.93,1172.07,293.31,52.5,75.38,xml_geometry_csv_action
BootPass_81,140,10,10,Position_Unknown,Team_Unknown,Action_PreSnap,1175.04,387.73,1240.01,512.19,64.97000000000003,124.46000000000004,xml_geometry_csv_action
BootPass_81,140,11,11,Position_Unknown,Team_Unknown,Action_PreSnap,887.44,420.26,978.49,524.43,91.04999999999995,104.16999999999996,xml_geometry_csv_action
BootPass_81,140,12,12,Position_Unknown,Team_Unknown,Action_PreSnap,1433.78,394.28,1493.38,505.01,59.600000000000136,110.73000000000002,xml_geometry_csv_action
BootPass_81,140,13,13,Position_Unknown,Team_Unknown,Action_PreSnap,828.43,339.82,900.29,449.6,71.86000000000001,109.78000000000003,xml_geometry_csv_action
BootPass_81,140,15,15,Position_Unknown,Team_Unknown,Action_PreSnap,979.8,222.21,1032.98,324.03,53.180000000000064,101.81999999999996,xml_geometry_csv_action
BootPass_81,140,16,16,Position_Unknown,Team_Unknown,Action_PreSnap,810.18,249.34,870.54,369.14,60.360000000000014,119.79999999999998,xml_geometry_csv_action
BootPass_81,140,17,17,Position_Unknown,Team_Unknown,Action_PreSnap,1095.18,259.14,1152.45,344.73,57.26999999999998,85.59000000000003,xml_geometry_csv_action
BootPass_81,140,18,18,Position_Unknown,Team_Unknown,Action_PreSnap,1403.96,335.49,1484.28,443.18,80.31999999999994,107.69,xml_geometry_csv_action
BootPass_81,140,19,19,Position_Unknown,Team_Unknown,Action_PreSnap,1176.45,357.22,1233.36,423.31,56.909999999999854,66.08999999999997,xml_geometry_csv_action
BootPass_81,140,2,2,Position_Unknown,Team_Unknown,Action_RunFlatRoute,1228.78,673.87,1293.79,788.43,65.00999999999999,114.55999999999995,xml_geometry_csv_action
BootPass_81,140,20,20,Position_Unknown,Team_Unknown,Action_PreSnap,1161.91,300.06,1235.69,373.7,73.77999999999997,73.63999999999999,xml_geometry_csv_action
BootPass_81,140,21,21,Position_Unknown,Team_Unknown,Action_PreSnap,1150.65,269.07,1215.15,323.25,64.5,54.18000000000001,xml_geometry_csv_action
BootPass_81,140,3,3,Position_Unknown,Team_Unknown,Action_PreSnap,1056.64,426.91,1126.48,548.23,69.83999999999992,121.32,xml_geometry_csv_action
BootPass_81,140,4,4,Position_Unknown,Team_Unknown,Action_PreSnap,1044.64,306.37,1109.81,421.37,65.16999999999985,115.0,xml_geometry_csv_action
BootPass_81,140,5,5,Position_Unknown,Team_Unknown,Action_PreSnap,1242.95,289.19,1306.58,380.91,63.62999999999988,91.72000000000003,xml_geometry_csv_action
BootPass_81,140,6,6,Position_Unknown,Team_Unknown,Action_PreSnap,1095.52,681.48,1158.14,795.16,62.62000000000012,113.67999999999995,xml_geometry_csv_action
BootPass_81,140,7,7,Position_Unknown,Team_Unknown,Action_PreSnap,1062.93,356.42,1145.85,461.05,82.91999999999985,104.63,xml_geometry_csv_action
BootPass_81,140,8,8,Position_Unknown,Team_Unknown,Action_PreSnap,329.65,470.64,404.85,584.28,75.20000000000005,113.63999999999999,xml_geometry_csv_action
BootPass_81,140,9,9,Position_Unknown,Team_Unknown,Action_PreSnap,766.43,699.92,830.02,822.65,63.59000000000003,122.73000000000002,xml_geometry_csv_action
BootPass_81,141,0,0,Position_Unknown,Team_Unknown,Action_PreSnap,1275.18,728.76,1382.06,825.23,106.87999999999988,96.47000000000003,xml_geometry_csv_action
BootPass_81,141,1,1,Position_Unknown,Team_Unknown,Action_PreSnap,1116.29,218.3,1168.06,281.1,51.76999999999998,62.80000000000001,xml_geometry_csv_action
BootPass_81,141,10,10,Position_Unknown,Team_Unknown,Action_PreSnap,1174.22,387.81,1239.16,510.84,64.94000000000005,123.02999999999997,xml_geometry_csv_action
BootPass_81,141,11,11,Position_Unknown,Team_Unknown,Action_PreSnap,897.75,418.63,982.66,515.56,84.90999999999997,96.92999999999995,xml_geometry_csv_action
BootPass_81,141,12,12,Position_Unknown,Team_Unknown,Action_PreSnap,1432.57,394.65,1491.87,505.15,59.299999999999955,110.5,xml_geometry_csv_action
BootPass_81,141,13,13,Position_Unknown,Team_Unknown,Action_PreSnap,827.83,341.38,904.47,449.16,76.63999999999999,107.78000000000003,xml_geometry_csv_action
BootPass_81,141,14,14,Position_Unknown,Team_Unknown,Action_PreSnap,1153.45,328.4,1199.16,443.06,45.710000000000036,114.66000000000003,xml_geometry_csv_action
BootPass_81,141,15,15,Position_Unknown,Team_Unknown,Action_PreSnap,979.31,222.26,1032.3,324.33,52.99000000000001,102.07,xml_geometry_csv_action
BootPass_81,141,16,16,Position_Unknown,Team_Unknown,Action_PreSnap,807.46,250.95,871.55,367.75,64.08999999999992,116.80000000000001,xml_geometry_csv_action
BootPass_81,141,17,17,Position_Unknown,Team_Unknown,Action_PreSnap,1103.48,259.96,1158.6,343.32,55.11999999999989,83.36000000000001,xml_geometry_csv_action
BootPass_81,141,18,18,Position_Unknown,Team_Unknown,Action_SnapReceive,1406.25,335.01,1483.96,440.32,77.71000000000004,105.31,xml_geometry_csv_action
BootPass_81,141,19,19,Position_Unknown,Team_Unknown,Action_PreSnap,1177.67,357.97,1233.09,425.13,55.419999999999845,67.15999999999997,xml_geometry_csv_action
BootPass_81,141,2,2,Position_Unknown,Team_Unknown,Action_RunFlatRoute,1228.31,674.64,1292.36,788.21,64.04999999999995,113.57000000000005,xml_geometry_csv_action
BootPass_81,141,20,20,Position_Unknown,Team_Unknown,Action_PreSnap,1159.69,304.79,1229.68,375.51,69.99000000000001,70.71999999999997,xml_geometry_csv_action
BootPass_81,141,21,21,Position_Unknown,Team_Unknown,Action_PreSnap,1159.09,268.86,1231.3,355.4,72.21000000000004,86.53999999999996,xml_geometry_csv_action
BootPass_81,141,3,3,Position_Unknown,Team_Unknown,Action_PreSnap,1056.93,422.86,1125.47,541.79,68.53999999999996,118.92999999999995,xml_geometry_csv_action
BootPass_81,141,4,4,Position_Unknown,Team_Unknown,Action_PreSnap,1045.76,302.43,1113.26,419.94,67.5,117.50999999999999,xml_geometry_csv_action
BootPass_81,141,5,5,Position_Unknown,Team_Unknown,Action_PreSnap,1241.78,289.64,1306.93,381.28,65.15000000000009,91.63999999999999,xml_geometry_csv_action
BootPass_81,141,6,6,Position_Unknown,Team_Unknown,Action_PreSnap,1095.71,681.48,1158.36,795.14,62.649999999999864,113.65999999999997,xml_geometry_csv_action
BootPass_81,141,7,7,Position_Unknown,Team_Unknown,Action_PreSnap,1064.96,354.05,1149.41,451.29,84.45000000000005,97.24000000000001,xml_geometry_csv_action
BootPass_81,141,8,8,Position_Unknown,Team_Unknown,Action_PreSnap,327.8,470.31,403.92,584.19,76.12,113.88000000000005,xml_geometry_csv_action
BootPass_81,141,9,9,Position_Unknown,Team_Unknown,Action_PreSnap,765.91,700.39,829.02,822.58,63.110000000000014,122.19000000000005,xml_geometry_csv_action
BootPass_81,142,0,0,Position_Unknown,Team_Unknown,Action_PreSnap,1272.0,728.27,1364.64,823.45,92.6400000000001,95.18000000000006,xml_geometry_csv_action
BootPass_81,142,1,1,Position_Unknown,Team_Unknown,Action_PreSnap,1113.17,219.28,1164.72,276.98,51.549999999999955,57.70000000000002,xml_geometry_csv_action
BootPass_81,142,10,10,Position_Unknown,Team_Unknown,Action_PreSnap,1170.51,387.5,1238.81,509.95,68.29999999999995,122.44999999999999,xml_geometry_csv_action
BootPass_81,142,11,11,Position_Unknown,Team_Unknown,Action_PreSnap,908.76,418.01,991.5,510.12,82.74000000000001,92.11000000000001,xml_geometry_csv_action
BootPass_81,142,12,12,Position_Unknown,Team_Unknown,Action_PreSnap,1431.86,394.5,1490.54,505.57,58.680000000000064,111.07,xml_geometry_csv_action
BootPass_81,142,13,13,Position_Unknown,Team_Unknown,Action_PreSnap,827.86,341.88,906.17,449.11,78.30999999999995,107.23000000000002,xml_geometry_csv_action
BootPass_81,142,14,14,Position_Unknown,Team_Unknown,Action_PreSnap,1157.11,325.71,1208.5,420.56,51.3900000000001,94.85000000000002,xml_geometry_csv_action
BootPass_81,142,15,15,Position_Unknown,Team_Unknown,Action_PreSnap,979.09,222.2,1031.97,324.61,52.879999999999995,102.41000000000003,xml_geometry_csv_action
BootPass_81,142,16,16,Position_Unknown,Team_Unknown,Action_PreSnap,805.65,252.9,873.34,367.93,67.69000000000005,115.03,xml_geometry_csv_action
BootPass_81,142,17,17,Position_Unknown,Team_Unknown,Action_PreSnap,1107.11,262.53,1162.62,347.17,55.50999999999999,84.64000000000004,xml_geometry_csv_action
BootPass_81,142,18,18,Position_Unknown,Team_Unknown,Action_None,1409.24,334.36,1484.09,441.13,74.84999999999991,106.76999999999998,xml_geometry_csv_action
BootPass_81,142,19,19,Position_Unknown,Team_Unknown,Action_PreSnap,1177.41,360.26,1233.28,429.47,55.86999999999989,69.21000000000004,xml_geometry_csv_action
BootPass_81,142,2,2,Position_Unknown,Team_Unknown,Action_RunFlatRoute,1226.73,675.46,1293.3,788.65,66.56999999999994,113.18999999999994,xml_geometry_csv_action
BootPass_81,142,20,20,Position_Unknown,Team_Unknown,Action_PreSnap,1158.73,303.85,1225.72,376.43,66.99000000000001,72.57999999999998,xml_geometry_csv_action
BootPass_81,142,21,21,Position_Unknown,Team_Unknown,Action_PreSnap,1163.26,268.4,1237.68,365.95,74.42000000000007,97.55000000000001,xml_geometry_csv_action
BootPass_81,142,3,3,Position_Unknown,Team_Unknown,Action_PreSnap,1056.72,420.06,1124.57,537.34,67.84999999999991,117.28000000000003,xml_geometry_csv_action
BootPass_81,142,4,4,Position_Unknown,Team_Unknown,Action_PreSnap,1048.11,297.9,1116.07,418.05,67.96000000000004,120.15000000000003,xml_geometry_csv_action
BootPass_81,142,5,5,Position_Unknown,Team_Unknown,Action_PreSnap,1244.71,290.82,1308.67,381.62,63.960000000000036,90.80000000000001,xml_geometry_csv_action
BootPass_81,142,6,6,Position_Unknown,Team_Unknown,Action_PreSnap,1096.07,681.51,1158.54,797.19,62.47000000000003,115.68000000000006,xml_geometry_csv_action
BootPass_81,142,7,7,Position_Unknown,Team_Unknown,Action_PreSnap,1065.75,351.91,1154.17,447.58,88.42000000000007,95.66999999999996,xml_geometry_csv_action
BootPass_81,142,8,8,Position_Unknown,Team_Unknown,Action_PreSnap,326.34,469.99,403.26,584.16,76.92000000000002,114.16999999999996,xml_geometry_csv_action
BootPass_81,142,9,9,Position_Unknown,Team_Unknown,Action_PreSnap,765.65,700.94,829.0,822.67,63.35000000000002,121.7299999999999,xml_geometry_csv_action
BootPass_81,143,0,0,Position_Unknown,Team_Unknown,Action_PreSnap,1266.17,730.62,1353.4,822.38,87.23000000000002,91.75999999999999,xml_geometry_csv_action
BootPass_81,143,1,1,Position_Unknown,Team_Unknown,Action_PreSnap,1110.34,219.73,1164.94,278.42,54.600000000000136,58.690000000000026,xml_geometry_csv_action
BootPass_81,143,10,10,Position_Unknown,Team_Unknown,Action_PreSnap,1165.79,386.99,1237.84,507.16,72.04999999999995,120.17000000000002,xml_geometry_csv_action
BootPass_81,143,11,11,Position_Unknown,Team_Unknown,Action_PreSnap,914.19,418.31,997.57,507.96,83.38,89.64999999999998,xml_geometry_csv_action
BootPass_81,143,12,12,Position_Unknown,Team_Unknown,Action_PreSnap,1429.32,391.47,1489.03,505.37,59.710000000000036,113.89999999999998,xml_geometry_csv_action
BootPass_81,143,13,13,Position_Unknown,Team_Unknown,Action_PreSnap,829.58,341.86,908.32,448.96,78.74000000000001,107.09999999999997,xml_geometry_csv_action
BootPass_81,143,15,15,Position_Unknown,Team_Unknown,Action_PreSnap,978.46,221.91,1031.48,324.94,53.01999999999998,103.03,xml_geometry_csv_action
BootPass_81,143,16,16,Position_Unknown,Team_Unknown,Action_PreSnap,804.69,254.36,874.54,368.89,69.84999999999991,114.52999999999997,xml_geometry_csv_action
BootPass_81,143,17,17,Position_Unknown,Team_Unknown,Action_PreSnap,1111.23,265.18,1167.22,346.06,55.99000000000001,80.88,xml_geometry_csv_action
BootPass_81,143,18,18,Position_Unknown,Team_Unknown,Action_None,1411.93,333.85,1483.04,437.81,71.1099999999999,103.95999999999998,xml_geometry_csv_action
BootPass_81,143,19,19,Position_Unknown,Team_Unknown,Action_PreSnap,1174.67,360.77,1232.53,428.74,57.8599999999999,67.97000000000003,xml_geometry_csv_action
BootPass_81,143,2,2,Position_Unknown,Team_Unknown,Action_RunFlatRoute,1224.17,675.6,1291.14,789.18,66.97000000000003,113.57999999999993,xml_geometry_csv_action
BootPass_81,143,20,20,Position_Unknown,Team_Unknown,Action_PreSnap,1160.26,313.07,1219.64,378.24,59.38000000000011,65.17000000000002,xml_geometry_csv_action
BootPass_81,143,21,21,Position_Unknown,Team_Unknown,Action_PreSnap,1165.17,268.57,1240.05,370.99,74.87999999999988,102.42000000000002,xml_geometry_csv_action
BootPass_81,143,3,3,Position_Unknown,Team_Unknown,Action_PreSnap,1055.92,417.62,1125.43,535.01,69.50999999999999,117.38999999999999,xml_geometry_csv_action
BootPass_81,143,4,4,Position_Unknown,Team_Unknown,Action_PreSnap,1051.66,294.15,1119.91,414.12,68.25,119.97000000000003,xml_geometry_csv_action
BootPass_81,143,5,5,Position_Unknown,Team_Unknown,Action_PreSnap,1248.35,292.22,1306.87,381.8,58.51999999999998,89.57999999999998,xml_geometry_csv_action
BootPass_81,143,6,6,Position_Unknown,Team_Unknown,Action_PreSnap,1096.24,681.56,1158.39,798.21,62.15000000000009,116.65000000000009,xml_geometry_csv_action
BootPass_81,143,7,7,Position_Unknown,Team_Unknown,Action_PreSnap,1066.37,350.11,1157.41,445.97,91.04000000000019,95.86000000000001,xml_geometry_csv_action
BootPass_81,143,8,8,Position_Unknown,Team_Unknown,Action_PreSnap,325.22,469.24,402.43,583.97,77.20999999999998,114.73000000000002,xml_geometry_csv_action
BootPass_81,143,9,9,Position_Unknown,Team_Unknown,Action_PreSnap,765.46,701.05,828.68,822.87,63.219999999999914,121.82000000000005,xml_geometry_csv_action
BootPass_81,144,0,0,Position_Unknown,Team_Unknown,Action_PreSnap,1258.66,731.65,1341.04,822.8,82.37999999999988,91.14999999999998,xml_geometry_csv_action
BootPass_81,144,1,1,Position_Unknown,Team_Unknown,Action_PreSnap,1107.87,220.88,1157.95,284.74,50.080000000000155,63.860000000000014,xml_geometry_csv_action
BootPass_81,144,10,10,Position_Unknown,Team_Unknown,Action_PreSnap,1161.56,383.56,1237.04,501.5,75.48000000000002,117.94,xml_geometry_csv_action
BootPass_81,144,11,11,Position_Unknown,Team_Unknown,Action_PreSnap,917.0,418.51,1005.87,505.49,88.87,86.98000000000002,xml_geometry_csv_action
BootPass_81,144,12,12,Position_Unknown,Team_Unknown,Action_PreSnap,1428.04,388.89,1488.2,504.62,60.16000000000008,115.73000000000002,xml_geometry_csv_action
BootPass_81,144,13,13,Position_Unknown,Team_Unknown,Action_PreSnap,833.56,342.28,911.31,448.39,77.75,106.11000000000001,xml_geometry_csv_action
BootPass_81,144,14,14,Position_Unknown,Team_Unknown,Action_PreSnap,1161.81,324.29,1214.08,385.97,52.26999999999998,61.68000000000001,xml_geometry_csv_action
BootPass_81,144,15,15,Position_Unknown,Team_Unknown,Action_PreSnap,977.75,221.76,1031.21,324.8,53.460000000000036,103.04000000000002,xml_geometry_csv_action
BootPass_81,144,16,16,Position_Unknown,Team_Unknown,Action_PreSnap,806.17,255.64,878.32,369.54,72.15000000000009,113.90000000000003,xml_geometry_csv_action
BootPass_81,144,17,17,Position_Unknown,Team_Unknown,Action_PreSnap,1113.84,261.95,1168.52,346.34,54.680000000000064,84.38999999999999,xml_geometry_csv_action
BootPass_81,144,18,18,Position_Unknown,Team_Unknown,Action_None,1416.38,333.67,1482.02,431.42,65.63999999999987,97.75,xml_geometry_csv_action
BootPass_81,144,19,19,Position_Unknown,Team_Unknown,Action_PreSnap,1172.45,359.17,1233.26,442.16,60.809999999999945,82.99000000000001,xml_geometry_csv_action
BootPass_81,144,2,2,Position_Unknown,Team_Unknown,Action_RunFlatRoute,1222.81,675.25,1288.05,789.32,65.24000000000001,114.07000000000005,xml_geometry_csv_action
BootPass_81,144,20,20,Position_Unknown,Team_Unknown,Action_PreSnap,1159.31,301.29,1218.27,372.37,58.960000000000036,71.07999999999998,xml_geometry_csv_action
BootPass_81,144,21,21,Position_Unknown,Team_Unknown,Action_PreSnap,1167.28,269.09,1240.17,372.57,72.8900000000001,103.48000000000002,xml_geometry_csv_action
BootPass_81,144,3,3,Position_Unknown,Team_Unknown,Action_PreSnap,1057.07,415.58,1128.2,533.59,71.13000000000011,118.01000000000005,xml_geometry_csv_action
BootPass_81,144,4,4,Position_Unknown,Team_Unknown,Action_PreSnap,1057.48,291.59,1123.84,409.28,66.3599999999999,117.69,xml_geometry_csv_action
BootPass_81,144,5,5,Position_Unknown,Team_Unknown,Action_PreSnap,1250.36,294.32,1302.61,383.86,52.25,89.54000000000002,xml_geometry_csv_action
BootPass_81,144,6,6,Position_Unknown,Team_Unknown,Action_PreSnap,1096.79,681.53,1158.74,798.56,61.950000000000045,117.02999999999997,xml_geometry_csv_action
BootPass_81,144,7,7,Position_Unknown,Team_Unknown,Action_PreSnap,1068.36,348.09,1160.8,445.3,92.44000000000005,97.21000000000004,xml_geometry_csv_action
BootPass_81,144,8,8,Position_Unknown,Team_Unknown,Action_PreSnap,325.13,468.19,401.81,583.19,76.68,115.00000000000006,xml_geometry_csv_action
BootPass_81,144,9,9,Position_Unknown,Team_Unknown,Action_PreSnap,765.55,701.64,828.83,822.9,63.280000000000086,121.25999999999999,xml_geometry_csv_action
BootPass_81,145,0,0,Position_Unknown,Team_Unknown,Action_PreSnap,1249.77,734.87,1331.59,824.1,81.81999999999994,89.23000000000002,xml_geometry_csv_action
BootPass_81,145,1,1,Position_Unknown,Team_Unknown,Action_PreSnap,1105.6,222.86,1155.41,298.03,49.81000000000017,75.16999999999996,xml_geometry_csv_action
BootPass_81,145,10,10,Position_Unknown,Team_Unknown,Action_PreSnap,1159.32,382.94,1234.71,497.62,75.3900000000001,114.68,xml_geometry_csv_action
BootPass_81,145,11,11,Position_Unknown,Team_Unknown,Action_PreSnap,918.32,417.74,1014.52,504.59,96.19999999999993,86.84999999999997,xml_geometry_csv_action
BootPass_81,145,12,12,Position_Unknown,Team_Unknown,Action_PreSnap,1425.36,383.05,1485.56,503.73,60.200000000000045,120.68,xml_geometry_csv_action
BootPass_81,145,13,13,Position_Unknown,Team_Unknown,Action_PreSnap,837.08,342.89,918.97,448.79,81.88999999999999,105.90000000000003,xml_geometry_csv_action
BootPass_81,145,15,15,Position_Unknown,Team_Unknown,Action_PreSnap,976.98,222.15,1030.64,324.98,53.66000000000008,102.83000000000001,xml_geometry_csv_action
BootPass_81,145,16,16,Position_Unknown,Team_Unknown,Action_PreSnap,808.71,257.27,880.01,370.49,71.29999999999995,113.22000000000003,xml_geometry_csv_action
BootPass_81,145,17,17,Position_Unknown,Team_Unknown,Action_PreSnap,1117.74,262.49,1172.71,345.91,54.97000000000003,83.42000000000002,xml_geometry_csv_action
BootPass_81,145,18,18,Position_Unknown,Team_Unknown,Action_None,1421.03,333.84,1482.09,428.89,61.059999999999945,95.05000000000001,xml_geometry_csv_action
BootPass_81,145,19,19,Position_Unknown,Team_Unknown,Action_PreSnap,1170.49,358.21,1235.42,451.56,64.93000000000006,93.35000000000002,xml_geometry_csv_action
BootPass_81,145,2,2,Position_Unknown,Team_Unknown,Action_RunFlatRoute,1220.6,674.71,1282.35,790.12,61.75,115.40999999999997,xml_geometry_csv_action
BootPass_81,145,20,20,Position_Unknown,Team_Unknown,Action_PreSnap,1161.84,306.52,1214.16,372.46,52.320000000000164,65.94,xml_geometry_csv_action
BootPass_81,145,21,21,Position_Unknown,Team_Unknown,Action_PreSnap,1167.47,270.86,1241.23,373.4,73.75999999999999,102.53999999999996,xml_geometry_csv_action
BootPass_81,145,3,3,Position_Unknown,Team_Unknown,Action_PreSnap,1057.43,413.45,1133.26,531.32,75.82999999999993,117.87000000000006,xml_geometry_csv_action
BootPass_81,145,4,4,Position_Unknown,Team_Unknown,Action_PreSnap,1064.03,290.77,1128.14,404.17,64.11000000000013,113.40000000000003,xml_geometry_csv_action
BootPass_81,145,5,5,Position_Unknown,Team_Unknown,Action_PreSnap,1250.62,296.46,1300.58,384.6,49.960000000000036,88.14000000000004,xml_geometry_csv_action
BootPass_81,145,6,6,Position_Unknown,Team_Unknown,Action_PreSnap,1096.71,682.0,1158.34,798.77,61.62999999999988,116.76999999999998,xml_geometry_csv_action
BootPass_81,145,7,7,Position_Unknown,Team_Unknown,Action_PreSnap,1070.38,345.79,1164.69,443.51,94.30999999999995,97.71999999999997,xml_geometry_csv_action
BootPass_81,145,8,8,Position_Unknown,Team_Unknown,Action_PreSnap,325.09,467.32,400.84,582.79,75.75,115.46999999999997,xml_geometry_csv_action
BootPass_81,145,9,9,Position_Unknown,Team_Unknown,Action_PreSnap,765.06,702.72,828.46,822.98,63.40000000000009,120.25999999999999,xml_geometry_csv_action
BootPass_81,146,0,0,Position_Unknown,Team_Unknown,Action_PreSnap,1241.44,736.25,1327.73,829.66,86.28999999999996,93.40999999999997,xml_geometry_csv_action
BootPass_81,146,1,1,Position_Unknown,Team_Unknown,Action_PreSnap,1102.31,223.52,1153.34,304.33,51.02999999999997,80.80999999999997,xml_geometry_csv_action
BootPass_81,146,10,10,Position_Unknown,Team_Unknown,Action_PreSnap,1158.38,381.8,1229.61,495.54,71.22999999999979,113.74000000000001,xml_geometry_csv_action
BootPass_81,146,11,11,Position_Unknown,Team_Unknown,Action_PreSnap,920.39,416.91,1022.75,510.91,102.36000000000001,94.0,xml_geometry_csv_action
BootPass_81,146,12,12,Position_Unknown,Team_Unknown,Action_PreSnap,1422.41,379.22,1482.33,501.7,59.919999999999845,122.47999999999996,xml_geometry_csv_action
BootPass_81,146,13,13,Position_Unknown,Team_Unknown,Action_PreSnap,838.88,343.68,926.69,448.85,87.81000000000006,105.17000000000002,xml_geometry_csv_action
BootPass_81,146,15,15,Position_Unknown,Team_Unknown,Action_PreSnap,975.48,222.41,1029.36,324.76,53.87999999999988,102.35,xml_geometry_csv_action
BootPass_81,146,16,16,Position_Unknown,Team_Unknown,Action_PreSnap,812.27,258.93,883.94,371.03,71.67000000000007,112.09999999999997,xml_geometry_csv_action
BootPass_81,146,17,17,Position_Unknown,Team_Unknown,Action_PreSnap,1122.03,264.22,1178.12,341.87,56.08999999999992,77.64999999999998,xml_geometry_csv_action
BootPass_81,146,18,18,Position_Unknown,Team_Unknown,Action_None,1424.13,333.74,1482.68,433.15,58.549999999999955,99.40999999999997,xml_geometry_csv_action
BootPass_81,146,19,19,Position_Unknown,Team_Unknown,Action_PreSnap,1168.8,353.55,1239.75,451.23,70.95000000000005,97.68,xml_geometry_csv_action
BootPass_81,146,2,2,Position_Unknown,Team_Unknown,Action_RunFlatRoute,1219.15,675.91,1277.53,789.54,58.37999999999988,113.63,xml_geometry_csv_action
BootPass_81,146,20,20,Position_Unknown,Team_Unknown,Action_PreSnap,1159.71,298.04,1210.41,367.13,50.700000000000045,69.08999999999997,xml_geometry_csv_action
BootPass_81,146,21,21,Position_Unknown,Team_Unknown,Action_PreSnap,1168.91,265.68,1243.42,373.16,74.50999999999999,107.48000000000002,xml_geometry_csv_action
BootPass_81,146,3,3,Position_Unknown,Team_Unknown,Action_PreSnap,1056.61,410.95,1139.17,528.65,82.56000000000017,117.69999999999999,xml_geometry_csv_action
BootPass_81,146,4,4,Position_Unknown,Team_Unknown,Action_PreSnap,1067.27,290.62,1131.51,401.63,64.24000000000001,111.00999999999999,xml_geometry_csv_action
BootPass_81,146,5,5,Position_Unknown,Team_Unknown,Action_PreSnap,1250.52,298.84,1299.27,385.5,48.75,86.66000000000003,xml_geometry_csv_action
BootPass_81,146,6,6,Position_Unknown,Team_Unknown,Action_PreSnap,1096.5,682.3,1157.34,798.67,60.83999999999992,116.37,xml_geometry_csv_action
BootPass_81,146,7,7,Position_Unknown,Team_Unknown,Action_PreSnap,1074.27,344.02,1166.53,439.59,92.25999999999999,95.57,xml_geometry_csv_action
BootPass_81,146,8,8,Position_Unknown,Team_Unknown,Action_PreSnap,324.29,466.52,396.81,581.15,72.51999999999998,114.63,xml_geometry_csv_action
BootPass_81,146,9,9,Position_Unknown,Team_Unknown,Action_PreSnap,763.21,704.6,826.26,822.34,63.049999999999955,117.74000000000001,xml_geometry_csv_action
BootPass_81,147,0,0,Position_Unknown,Team_Unknown,Action_PreSnap,1231.32,735.75,1326.12,833.53,94.79999999999995,97.77999999999997,xml_geometry_csv_action
BootPass_81,147,1,1,Position_Unknown,Team_Unknown,Action_PreSnap,1099.24,223.59,1154.8,306.62,55.559999999999945,83.03,xml_geometry_csv_action
BootPass_81,147,10,10,Position_Unknown,Team_Unknown,Action_PreSnap,1158.26,380.07,1223.73,493.8,65.47000000000003,113.73000000000002,xml_geometry_csv_action
BootPass_81,147,11,11,Position_Unknown,Team_Unknown,Action_PreSnap,925.59,415.79,1027.76,516.16,102.16999999999996,100.36999999999995,xml_geometry_csv_action
BootPass_81,147,12,12,Position_Unknown,Team_Unknown,Action_PreSnap,1420.23,375.69,1478.69,493.34,58.460000000000036,117.64999999999998,xml_geometry_csv_action
BootPass_81,147,13,13,Position_Unknown,Team_Unknown,Action_PreSnap,840.18,344.7,931.76,449.26,91.58000000000004,104.56,xml_geometry_csv_action
BootPass_81,147,15,15,Position_Unknown,Team_Unknown,Action_PreSnap,974.25,223.11,1028.25,324.88,54.0,101.76999999999998,xml_geometry_csv_action
BootPass_81,147,16,16,Position_Unknown,Team_Unknown,Action_PreSnap,817.11,260.29,888.21,371.36,71.10000000000002,111.07,xml_geometry_csv_action
BootPass_81,147,18,18,Position_Unknown,Team_Unknown,Action_None,1430.34,334.11,1485.98,440.14,55.6400000000001,106.02999999999997,xml_geometry_csv_action
BootPass_81,147,19,19,Position_Unknown,Team_Unknown,Action_PreSnap,1168.26,351.34,1245.14,448.49,76.88000000000011,97.15000000000003,xml_geometry_csv_action
BootPass_81,147,2,2,Position_Unknown,Team_Unknown,Action_RunFlatRoute,1218.32,676.77,1274.6,788.71,56.27999999999997,111.94000000000005,xml_geometry_csv_action
BootPass_81,147,20,20,Position_Unknown,Team_Unknown,Action_PreSnap,1155.37,292.59,1209.47,364.1,54.100000000000136,71.51000000000005,xml_geometry_csv_action
BootPass_81,147,21,21,Position_Unknown,Team_Unknown,Action_PreSnap,1168.9,260.26,1245.62,371.46,76.7199999999998,111.19999999999999,xml_geometry_csv_action
BootPass_81,147,3,3,Position_Unknown,Team_Unknown,Action_PreSnap,1058.32,408.15,1143.0,525.43,84.68000000000006,117.27999999999997,xml_geometry_csv_action
BootPass_81,147,4,4,Position_Unknown,Team_Unknown,Action_PreSnap,1068.96,291.9,1134.38,400.74,65.42000000000007,108.84000000000003,xml_geometry_csv_action
BootPass_81,147,5,5,Position_Unknown,Team_Unknown,Action_PreSnap,1251.45,300.32,1299.59,385.22,48.13999999999987,84.90000000000003,xml_geometry_csv_action
BootPass_81,147,6,6,Position_Unknown,Team_Unknown,Action_PreSnap,1096.75,682.58,1156.76,798.47,60.00999999999999,115.88999999999999,xml_geometry_csv_action
BootPass_81,147,7,7,Position_Unknown,Team_Unknown,Action_PreSnap,1080.87,343.38,1166.48,433.52,85.61000000000013,90.13999999999999,xml_geometry_csv_action
BootPass_81,147,8,8,Position_Unknown,Team_Unknown,Action_PreSnap,324.88,465.96,393.27,580.67,68.38999999999999,114.70999999999998,xml_geometry_csv_action
BootPass_81,147,9,9,Position_Unknown,Team_Unknown,Action_PreSnap,762.57,706.13,825.34,822.6,62.76999999999998,116.47000000000003,xml_geometry_csv_action
BootPass_81,148,0,0,Position_Unknown,Team_Unknown,Action_PreSnap,1222.54,738.27,1321.3,836.2,98.75999999999999,97.93000000000006,xml_geometry_csv_action
BootPass_81,148,1,1,Position_Unknown,Team_Unknown,Action_PreSnap,1096.2,224.59,1154.5,307.59,58.299999999999955,82.99999999999997,xml_geometry_csv_action
BootPass_81,148,10,10,Position_Unknown,Team_Unknown,Action_PreSnap,1156.99,375.86,1217.11,493.75,60.11999999999989,117.88999999999999,xml_geometry_csv_action
BootPass_81,148,11,11,Position_Unknown,Team_Unknown,Action_PreSnap,934.24,415.05,1031.87,519.62,97.62999999999988,104.57,xml_geometry_csv_action
BootPass_81,148,12,12,Position_Unknown,Team_Unknown,Action_PreSnap,1418.61,375.08,1474.47,488.91,55.86000000000013,113.83000000000004,xml_geometry_csv_action
BootPass_81,148,13,13,Position_Unknown,Team_Unknown,Action_PreSnap,841.0,345.82,935.26,450.08,94.25999999999999,104.25999999999999,xml_geometry_csv_action
BootPass_81,148,15,15,Position_Unknown,Team_Unknown,Action_PreSnap,973.68,224.39,1027.22,325.5,53.54000000000008,101.11000000000001,xml_geometry_csv_action
BootPass_81,148,16,16,Position_Unknown,Team_Unknown,Action_PreSnap,822.87,262.31,890.85,372.32,67.98000000000002,110.00999999999999,xml_geometry_csv_action
BootPass_81,148,18,18,Position_Unknown,Team_Unknown,Action_None,1433.34,335.08,1492.43,442.93,59.090000000000146,107.85000000000002,xml_geometry_csv_action
BootPass_81,148,19,19,Position_Unknown,Team_Unknown,Action_PreSnap,1167.56,347.97,1248.74,444.47,81.18000000000006,96.5,xml_geometry_csv_action
BootPass_81,148,2,2,Position_Unknown,Team_Unknown,Action_RunFlatRoute,1215.03,677.4,1268.99,786.3,53.960000000000036,108.89999999999998,xml_geometry_csv_action
BootPass_81,148,20,20,Position_Unknown,Team_Unknown,Action_PreSnap,1150.56,289.1,1206.89,357.69,56.330000000000155,68.58999999999997,xml_geometry_csv_action
BootPass_81,148,21,21,Position_Unknown,Team_Unknown,Action_PreSnap,1169.17,254.07,1245.08,368.26,75.90999999999985,114.19,xml_geometry_csv_action
BootPass_81,148,3,3,Position_Unknown,Team_Unknown,Action_PreSnap,1063.04,406.56,1145.99,522.46,82.95000000000005,115.90000000000003,xml_geometry_csv_action
BootPass_81,148,4,4,Position_Unknown,Team_Unknown,Action_PreSnap,1069.43,292.26,1136.18,400.0,66.75,107.74000000000001,xml_geometry_csv_action
BootPass_81,148,5,5,Position_Unknown,Team_Unknown,Action_PreSnap,1251.16,302.07,1300.46,388.7,49.299999999999955,86.63,xml_geometry_csv_action
BootPass_81,148,6,6,Position_Unknown,Team_Unknown,Action_PreSnap,1096.48,683.23,1156.18,798.85,59.700000000000045,115.62,xml_geometry_csv_action
BootPass_81,148,7,7,Position_Unknown,Team_Unknown,Action_PreSnap,1089.84,343.07,1167.38,427.23,77.54000000000019,84.16000000000003,xml_geometry_csv_action
BootPass_81,148,8,8,Position_Unknown,Team_Unknown,Action_PreSnap,324.6,465.92,389.94,580.99,65.33999999999997,115.07,xml_geometry_csv_action
BootPass_81,148,9,9,Position_Unknown,Team_Unknown,Action_PreSnap,761.54,707.6,823.6,822.58,62.06000000000006,114.98000000000002,xml_geometry_csv_action
BootPass_81,149,0,0,Position_Unknown,Team_Unknown,Action_PreSnap,1211.31,739.48,1313.64,839.52,102.33000000000015,100.03999999999996,xml_geometry_csv_action
BootPass_81,149,1,1,Position_Unknown,Team_Unknown,Action_PreSnap,1092.21,226.28,1145.01,305.0,52.799999999999955,78.72,xml_geometry_csv_action
BootPass_81,149,10,10,Position_Unknown,Team_Unknown,Action_PreSnap,1157.63,370.5,1213.84,492.82,56.20999999999981,122.32,xml_geometry_csv_action
BootPass_81,149,11,11,Position_Unknown,Team_Unknown,Action_PreSnap,946.59,414.82,1039.98,522.07,93.38999999999999,107.25000000000006,xml_geometry_csv_action
BootPass_81,149,12,12,Position_Unknown,Team_Unknown,Action_PreSnap,1417.31,374.05,1470.75,487.21,53.440000000000055,113.15999999999997,xml_geometry_csv_action
BootPass_81,149,13,13,Position_Unknown,Team_Unknown,Action_PreSnap,843.79,347.0,939.19,451.02,95.40000000000009,104.01999999999998,xml_geometry_csv_action
BootPass_81,149,15,15,Position_Unknown,Team_Unknown,Action_PreSnap,973.29,226.44,1026.39,325.81,53.100000000000136,99.37,xml_geometry_csv_action
BootPass_81,149,16,16,Position_Unknown,Team_Unknown,Action_PreSnap,827.31,264.35,893.13,373.52,65.82000000000005,109.16999999999996,xml_geometry_csv_action
BootPass_81,149,18,18,Position_Unknown,Team_Unknown,Action_None,1436.56,336.82,1504.01,444.29,67.45000000000005,107.47000000000003,xml_geometry_csv_action
BootPass_81,149,19,19,Position_Unknown,Team_Unknown,Action_PreSnap,1168.02,343.36,1250.96,439.07,82.94000000000005,95.70999999999998,xml_geometry_csv_action
BootPass_81,149,2,2,Position_Unknown,Team_Unknown,Action_RunFlatRoute,1209.59,675.85,1264.77,776.98,55.180000000000064,101.13,xml_geometry_csv_action
BootPass_81,149,20,20,Position_Unknown,Team_Unknown,Action_PreSnap,1146.63,287.35,1202.55,348.69,55.919999999999845,61.339999999999975,xml_geometry_csv_action
BootPass_81,149,21,21,Position_Unknown,Team_Unknown,Action_PreSnap,1171.2,251.98,1242.06,362.52,70.8599999999999,110.53999999999999,xml_geometry_csv_action
BootPass_81,149,3,3,Position_Unknown,Team_Unknown,Action_PreSnap,1066.03,404.72,1148.04,521.98,82.00999999999999,117.25999999999999,xml_geometry_csv_action
BootPass_81,149,4,4,Position_Unknown,Team_Unknown,Action_PreSnap,1070.0,291.07,1139.75,399.22,69.75,108.15000000000003,xml_geometry_csv_action
BootPass_81,149,5,5,Position_Unknown,Team_Unknown,Action_PreSnap,1251.86,304.08,1301.79,395.32,49.930000000000064,91.24000000000001,xml_geometry_csv_action
BootPass_81,149,6,6,Position_Unknown,Team_Unknown,Action_PreSnap,1096.1,684.13,1155.15,799.93,59.05000000000018,115.79999999999995,xml_geometry_csv_action
BootPass_81,149,7,7,Position_Unknown,Team_Unknown,Action_PreSnap,1100.0,342.16,1169.33,421.15,69.32999999999993,78.98999999999995,xml_geometry_csv_action
BootPass_81,149,8,8,Position_Unknown,Team_Unknown,Action_PreSnap,323.78,466.53,388.41,581.6,64.63000000000005,115.07000000000005,xml_geometry_csv_action
BootPass_81,149,9,9,Position_Unknown,Team_Unknown,Action_PreSnap,760.59,709.19,822.14,822.77,61.549999999999955,113.57999999999993,xml_geometry_csv_action
BootPass_81,150,0,0,Position_Unknown,Team_Unknown,Action_PreSnap,1201.49,740.28,1300.24,841.42,98.75,101.13999999999999,xml_geometry_csv_action
BootPass_81,150,1,1,Position_Unknown,Team_Unknown,Action_PreSnap,1086.75,226.87,1139.29,302.97,52.539999999999964,76.10000000000002,xml_geometry_csv_action
BootPass_81,150,10,10,Position_Unknown,Team_Unknown,Action_PreSnap,1157.18,364.79,1212.25,490.53,55.069999999999936,125.73999999999995,xml_geometry_csv_action
BootPass_81,150,11,11,Position_Unknown,Team_Unknown,Action_PreSnap,963.84,413.46,1049.41,522.7,85.57000000000005,109.24000000000007,xml_geometry_csv_action
BootPass_81,150,12,12,Position_Unknown,Team_Unknown,Action_PreSnap,1414.51,371.2,1468.95,485.64,54.440000000000055,114.44,xml_geometry_csv_action
BootPass_81,150,13,13,Position_Unknown,Team_Unknown,Action_PreSnap,848.25,347.47,941.63,451.53,93.38,104.05999999999995,xml_geometry_csv_action
BootPass_81,150,15,15,Position_Unknown,Team_Unknown,Action_PreSnap,972.76,228.19,1024.42,326.38,51.66000000000008,98.19,xml_geometry_csv_action
BootPass_81,150,16,16,Position_Unknown,Team_Unknown,Action_PreSnap,829.99,265.24,897.21,374.05,67.22000000000003,108.81,xml_geometry_csv_action
BootPass_81,150,17,17,Position_Unknown,Team_Unknown,Action_PreSnap,1167.54,249.67,1207.72,312.35,40.180000000000064,62.680000000000035,xml_geometry_csv_action
BootPass_81,150,18,18,Position_Unknown,Team_Unknown,Action_None,1438.68,338.46,1508.76,443.81,70.07999999999993,105.35000000000002,xml_geometry_csv_action
BootPass_81,150,19,19,Position_Unknown,Team_Unknown,Action_PreSnap,1166.38,338.45,1250.74,434.5,84.3599999999999,96.05000000000001,xml_geometry_csv_action
BootPass_81,150,2,2,Position_Unknown,Team_Unknown,Action_RunFlatRoute,1206.63,673.49,1260.14,771.68,53.50999999999999,98.18999999999994,xml_geometry_csv_action
BootPass_81,150,20,20,Position_Unknown,Team_Unknown,Action_PreSnap,1144.72,286.88,1200.11,342.06,55.38999999999987,55.18000000000001,xml_geometry_csv_action
BootPass_81,150,21,21,Position_Unknown,Team_Unknown,Action_PreSnap,1174.5,251.39,1237.31,357.92,62.809999999999945,106.53000000000003,xml_geometry_csv_action
BootPass_81,150,3,3,Position_Unknown,Team_Unknown,Action_PreSnap,1069.14,402.05,1149.88,521.36,80.74000000000001,119.31,xml_geometry_csv_action
BootPass_81,150,4,4,Position_Unknown,Team_Unknown,Action_PreSnap,1070.18,290.49,1143.47,396.37,73.28999999999996,105.88,xml_geometry_csv_action
BootPass_81,150,5,5,Position_Unknown,Team_Unknown,Action_PreSnap,1252.68,306.18,1303.86,403.22,51.179999999999836,97.04000000000002,xml_geometry_csv_action
BootPass_81,150,6,6,Position_Unknown,Team_Unknown,Action_PreSnap,1095.06,684.09,1153.78,801.1,58.72000000000003,117.00999999999999,xml_geometry_csv_action
BootPass_81,150,7,7,Position_Unknown,Team_Unknown,Action_PreSnap,1108.56,341.55,1168.69,417.37,60.13000000000011,75.82,xml_geometry_csv_action
BootPass_81,150,8,8,Position_Unknown,Team_Unknown,Action_PreSnap,322.2,466.58,387.71,581.63,65.50999999999999,115.05000000000001,xml_geometry_csv_action
BootPass_81,150,9,9,Position_Unknown,Team_Unknown,Action_PreSnap,758.72,709.4,820.54,822.12,61.819999999999936,112.72000000000003,xml_geometry_csv_action
BootPass_81,151,0,0,Position_Unknown,Team_Unknown,Action_PreSnap,1191.7,741.68,1282.24,842.49,90.53999999999996,100.81000000000006,xml_geometry_csv_action
BootPass_81,151,1,1,Position_Unknown,Team_Unknown,Action_PreSnap,1081.53,229.54,1133.33,303.79,51.799999999999955,74.25000000000003,xml_geometry_csv_action
BootPass_81,151,10,10,Position_Unknown,Team_Unknown,Action_PreSnap,1158.46,360.93,1213.43,483.83,54.97000000000003,122.89999999999998,xml_geometry_csv_action
BootPass_81,151,11,11,Position_Unknown,Team_Unknown,Action_PreSnap,973.53,412.4,1056.74,524.08,83.21000000000004,111.68000000000006,xml_geometry_csv_action
BootPass_81,151,12,12,Position_Unknown,Team_Unknown,Action_PreSnap,1410.98,368.87,1467.96,484.44,56.98000000000002,115.57,xml_geometry_csv_action
BootPass_81,151,13,13,Position_Unknown,Team_Unknown,Action_PreSnap,857.21,349.62,945.22,453.94,88.00999999999999,104.32,xml_geometry_csv_action
BootPass_81,151,14,14,Position_Unknown,Team_Unknown,Action_PreSnap,1150.0,289.11,1203.75,347.75,53.75,58.639999999999986,xml_geometry_csv_action
BootPass_81,151,15,15,Position_Unknown,Team_Unknown,Action_PreSnap,972.99,230.07,1023.76,327.91,50.76999999999998,97.84000000000003,xml_geometry_csv_action
BootPass_81,151,16,16,Position_Unknown,Team_Unknown,Action_PreSnap,832.01,266.24,901.25,375.36,69.24000000000001,109.12,xml_geometry_csv_action
BootPass_81,151,17,17,Position_Unknown,Team_Unknown,Action_PreSnap,1176.3,247.4,1218.38,300.99,42.080000000000155,53.59,xml_geometry_csv_action
BootPass_81,151,18,18,Position_Unknown,Team_Unknown,Action_None,1440.01,341.5,1512.49,443.56,72.48000000000002,102.06,xml_geometry_csv_action
BootPass_81,151,19,19,Position_Unknown,Team_Unknown,Action_PreSnap,1166.83,333.9,1249.01,431.52,82.18000000000006,97.62,xml_geometry_csv_action
BootPass_81,151,2,2,Position_Unknown,Team_Unknown,Action_RunFlatRoute,1203.85,672.67,1256.84,774.23,52.99000000000001,101.56000000000006,xml_geometry_csv_action
BootPass_81,151,20,20,Position_Unknown,Team_Unknown,Action_PreSnap,1142.68,284.68,1194.85,333.07,52.169999999999845,48.389999999999986,xml_geometry_csv_action
BootPass_81,151,21,21,Position_Unknown,Team_Unknown,Action_PreSnap,1178.34,253.61,1231.21,357.36,52.87000000000012,103.75,xml_geometry_csv_action
BootPass_81,151,3,3,Position_Unknown,Team_Unknown,Action_PreSnap,1077.19,399.1,1151.87,522.11,74.67999999999984,123.00999999999999,xml_geometry_csv_action
BootPass_81,151,4,4,Position_Unknown,Team_Unknown,Action_PreSnap,1070.92,289.75,1147.65,391.14,76.73000000000002,101.38999999999999,xml_geometry_csv_action
BootPass_81,151,5,5,Position_Unknown,Team_Unknown,Action_PreSnap,1254.99,309.49,1306.5,408.74,51.50999999999999,99.25,xml_geometry_csv_action
BootPass_81,151,6,6,Position_Unknown,Team_Unknown,Action_PreSnap,1095.1,684.32,1152.85,801.51,57.75,117.18999999999994,xml_geometry_csv_action
BootPass_81,151,7,7,Position_Unknown,Team_Unknown,Action_PreSnap,1119.25,337.95,1172.69,411.1,53.440000000000055,73.15000000000003,xml_geometry_csv_action
BootPass_81,151,8,8,Position_Unknown,Team_Unknown,Action_PreSnap,320.16,467.85,388.22,582.35,68.06,114.5,xml_geometry_csv_action
BootPass_81,151,9,9,Position_Unknown,Team_Unknown,Action_PreSnap,756.97,710.47,819.97,822.5,63.0,112.02999999999997,xml_geometry_csv_action
BootPass_81,152,0,0,Position_Unknown,Team_Unknown,Action_PreSnap,1178.87,743.37,1264.14,843.24,85.27000000000021,99.87,xml_geometry_csv_action
BootPass_81,152,1,1,Position_Unknown,Team_Unknown,Action_PreSnap,1075.28,232.2,1128.34,308.27,53.059999999999945,76.07,xml_geometry_csv_action
BootPass_81,152,10,10,Position_Unknown,Team_Unknown,Action_PreSnap,1157.89,359.46,1213.32,477.71,55.429999999999836,118.25,xml_geometry_csv_action
BootPass_81,152,11,11,Position_Unknown,Team_Unknown,Action_PreSnap,978.96,410.83,1064.09,523.62,85.12999999999988,112.79000000000002,xml_geometry_csv_action
BootPass_81,152,12,12,Position_Unknown,Team_Unknown,Action_PreSnap,1406.17,367.21,1466.35,483.69,60.179999999999836,116.48000000000002,xml_geometry_csv_action
BootPass_81,152,13,13,Position_Unknown,Team_Unknown,Action_PreSnap,866.29,352.38,950.54,456.17,84.25,103.79000000000002,xml_geometry_csv_action
BootPass_81,152,14,14,Position_Unknown,Team_Unknown,Action_PreSnap,1147.77,285.29,1202.32,343.71,54.549999999999955,58.41999999999996,xml_geometry_csv_action
BootPass_81,152,15,15,Position_Unknown,Team_Unknown,Action_PreSnap,972.57,232.14,1023.06,330.41,50.489999999999895,98.27000000000004,xml_geometry_csv_action
BootPass_81,152,16,16,Position_Unknown,Team_Unknown,Action_PreSnap,833.35,267.65,903.76,377.08,70.40999999999997,109.43,xml_geometry_csv_action
BootPass_81,152,18,18,Position_Unknown,Team_Unknown,Action_None,1440.44,344.93,1515.2,444.1,74.75999999999999,99.17000000000002,xml_geometry_csv_action
BootPass_81,152,19,19,Position_Unknown,Team_Unknown,Action_PreSnap,1169.25,336.45,1245.92,431.32,76.67000000000007,94.87,xml_geometry_csv_action
BootPass_81,152,2,2,Position_Unknown,Team_Unknown,Action_RunFlatRoute,1199.84,673.92,1253.54,780.83,53.700000000000045,106.91000000000008,xml_geometry_csv_action
BootPass_81,152,21,21,Position_Unknown,Team_Unknown,Action_PreSnap,1179.45,251.14,1228.58,352.51,49.12999999999988,101.37,xml_geometry_csv_action
BootPass_81,152,3,3,Position_Unknown,Team_Unknown,Action_PreSnap,1084.62,397.01,1152.53,522.48,67.91000000000008,125.47000000000003,xml_geometry_csv_action
BootPass_81,152,4,4,Position_Unknown,Team_Unknown,Action_PreSnap,1071.17,287.8,1152.3,389.93,81.12999999999988,102.13,xml_geometry_csv_action
BootPass_81,152,5,5,Position_Unknown,Team_Unknown,Action_PreSnap,1252.47,313.64,1307.95,414.05,55.48000000000002,100.41000000000003,xml_geometry_csv_action
BootPass_81,152,6,6,Position_Unknown,Team_Unknown,Action_PreSnap,1094.21,685.3,1151.5,802.03,57.289999999999964,116.73000000000002,xml_geometry_csv_action
BootPass_81,152,7,7,Position_Unknown,Team_Unknown,Action_PreSnap,1123.46,334.71,1174.92,413.2,51.460000000000036,78.49000000000001,xml_geometry_csv_action
BootPass_81,152,8,8,Position_Unknown,Team_Unknown,Action_PreSnap,317.44,469.46,388.62,583.36,71.18,113.90000000000003,xml_geometry_csv_action
BootPass_81,152,9,9,Position_Unknown,Team_Unknown,Action_PreSnap,753.58,711.26,819.77,823.15,66.18999999999994,111.88999999999999,xml_geometry_csv_action
BootPass_81,153,0,0,Position_Unknown,Team_Unknown,Action_PreSnap,1166.01,743.35,1257.19,842.67,91.18000000000006,99.31999999999994,xml_geometry_csv_action
BootPass_81,153,1,1,Position_Unknown,Team_Unknown,Action_PreSnap,1069.46,233.24,1124.4,314.83,54.940000000000055,81.58999999999997,xml_geometry_csv_action
BootPass_81,153,10,10,Position_Unknown,Team_Unknown,Action_PreSnap,1156.42,357.84,1212.17,473.78,55.75,115.94,xml_geometry_csv_action
BootPass_81,153,11,11,Position_Unknown,Team_Unknown,Action_PreSnap,988.14,408.84,1072.22,518.02,84.08000000000004,109.18,xml_geometry_csv_action
BootPass_81,153,12,12,Position_Unknown,Team_Unknown,Action_PreSnap,1400.08,364.04,1464.1,480.04,64.01999999999998,116.0,xml_geometry_csv_action
BootPass_81,153,13,13,Position_Unknown,Team_Unknown,Action_PreSnap,881.36,355.31,957.69,455.67,76.33000000000004,100.36000000000001,xml_geometry_csv_action
BootPass_81,153,14,14,Position_Unknown,Team_Unknown,Action_PreSnap,1148.91,282.84,1200.68,340.45,51.76999999999998,57.610000000000014,xml_geometry_csv_action
BootPass_81,153,15,15,Position_Unknown,Team_Unknown,Action_PreSnap,971.65,233.49,1022.46,334.05,50.81000000000006,100.56,xml_geometry_csv_action
BootPass_81,153,16,16,Position_Unknown,Team_Unknown,Action_PreSnap,835.39,267.03,904.75,377.65,69.36000000000001,110.62,xml_geometry_csv_action
BootPass_81,153,18,18,Position_Unknown,Team_Unknown,Action_None,1439.61,347.25,1516.38,445.47,76.77000000000021,98.22000000000003,xml_geometry_csv_action
BootPass_81,153,19,19,Position_Unknown,Team_Unknown,Action_PreSnap,1169.66,332.72,1243.98,433.16,74.31999999999994,100.44,xml_geometry_csv_action
BootPass_81,153,2,2,Position_Unknown,Team_Unknown,Action_RunFlatRoute,1196.37,675.04,1252.04,786.56,55.67000000000007,111.51999999999998,xml_geometry_csv_action
BootPass_81,153,21,21,Position_Unknown,Team_Unknown,Action_PreSnap,1181.16,250.23,1229.59,349.49,48.429999999999836,99.26000000000002,xml_geometry_csv_action
BootPass_81,153,3,3,Position_Unknown,Team_Unknown,Action_PreSnap,1089.0,391.08,1152.85,520.02,63.84999999999991,128.94,xml_geometry_csv_action
BootPass_81,153,4,4,Position_Unknown,Team_Unknown,Action_PreSnap,1071.88,284.67,1155.9,387.66,84.01999999999998,102.99000000000001,xml_geometry_csv_action
BootPass_81,153,5,5,Position_Unknown,Team_Unknown,Action_PreSnap,1252.42,317.91,1308.95,417.75,56.52999999999997,99.83999999999997,xml_geometry_csv_action
BootPass_81,153,6,6,Position_Unknown,Team_Unknown,Action_PreSnap,1092.51,685.19,1149.66,801.4,57.15000000000009,116.20999999999992,xml_geometry_csv_action
BootPass_81,153,7,7,Position_Unknown,Team_Unknown,Action_PreSnap,1128.99,332.05,1175.85,411.39,46.8599999999999,79.33999999999997,xml_geometry_csv_action
BootPass_81,153,8,8,Position_Unknown,Team_Unknown,Action_PreSnap,316.29,469.94,388.99,583.46,72.69999999999999,113.52000000000004,xml_geometry_csv_action
BootPass_81,153,9,9,Position_Unknown,Team_Unknown,Action_PreSnap,750.51,710.66,820.14,822.99,69.63,112.33000000000004,xml_geometry_csv_action
BootPass_81,154,0,0,Position_Unknown,Team_Unknown,Action_PreSnap,1156.43,742.05,1252.78,841.71,96.34999999999991,99.66000000000008,xml_geometry_csv_action
BootPass_81,154,1,1,Position_Unknown,Team_Unknown,Action_PreSnap,1064.35,234.56,1122.22,320.4,57.87000000000012,85.83999999999997,xml_geometry_csv_action
BootPass_81,154,10,10,Position_Unknown,Team_Unknown,Action_PreSnap,1156.19,359.11,1214.36,472.37,58.169999999999845,113.25999999999999,xml_geometry_csv_action
BootPass_81,154,11,11,Position_Unknown,Team_Unknown,Action_PreSnap,995.22,407.09,1080.65,515.96,85.43000000000006,108.87000000000006,xml_geometry_csv_action
BootPass_81,154,12,12,Position_Unknown,Team_Unknown,Action_PreSnap,1393.74,361.92,1460.69,472.26,66.95000000000005,110.33999999999997,xml_geometry_csv_action
BootPass_81,154,13,13,Position_Unknown,Team_Unknown,Action_PreSnap,891.03,358.82,966.37,458.42,75.34000000000003,99.60000000000002,xml_geometry_csv_action
BootPass_81,154,14,14,Position_Unknown,Team_Unknown,Action_PreSnap,1150.04,282.13,1198.64,338.67,48.600000000000136,56.54000000000002,xml_geometry_csv_action
BootPass_81,154,15,15,Position_Unknown,Team_Unknown,Action_PreSnap,972.02,235.44,1023.15,336.22,51.129999999999995,100.78000000000003,xml_geometry_csv_action
BootPass_81,154,16,16,Position_Unknown,Team_Unknown,Action_PreSnap,838.95,266.19,905.77,377.87,66.81999999999994,111.68,xml_geometry_csv_action
BootPass_81,154,17,17,Position_Unknown,Team_Unknown,Action_PreSnap,1186.3,244.74,1237.27,302.79,50.97000000000003,58.05000000000001,xml_geometry_csv_action
BootPass_81,154,18,18,Position_Unknown,Team_Unknown,Action_None,1439.57,349.39,1516.34,447.34,76.76999999999998,97.94999999999999,xml_geometry_csv_action
BootPass_81,154,19,19,Position_Unknown,Team_Unknown,Action_PreSnap,1171.61,332.69,1244.63,435.37,73.02000000000021,102.68,xml_geometry_csv_action
BootPass_81,154,2,2,Position_Unknown,Team_Unknown,Action_RunFlatRoute,1193.08,676.52,1251.04,790.0,57.960000000000036,113.48000000000002,xml_geometry_csv_action
BootPass_81,154,21,21,Position_Unknown,Team_Unknown,Action_PreSnap,1183.75,253.95,1231.45,349.94,47.700000000000045,95.99000000000001,xml_geometry_csv_action
BootPass_81,154,3,3,Position_Unknown,Team_Unknown,Action_PreSnap,1092.44,386.21,1153.93,514.04,61.49000000000001,127.82999999999998,xml_geometry_csv_action
BootPass_81,154,4,4,Position_Unknown,Team_Unknown,Action_PreSnap,1077.15,281.44,1158.21,381.49,81.05999999999995,100.05000000000001,xml_geometry_csv_action
BootPass_81,154,5,5,Position_Unknown,Team_Unknown,Action_PreSnap,1254.58,322.35,1312.32,419.62,57.74000000000001,97.26999999999998,xml_geometry_csv_action
BootPass_81,154,6,6,Position_Unknown,Team_Unknown,Action_PreSnap,1091.48,685.14,1147.96,801.68,56.48000000000002,116.53999999999996,xml_geometry_csv_action
BootPass_81,154,7,7,Position_Unknown,Team_Unknown,Action_PreSnap,1136.28,328.86,1178.1,406.54,41.819999999999936,77.68,xml_geometry_csv_action
BootPass_81,154,8,8,Position_Unknown,Team_Unknown,Action_PreSnap,316.41,470.43,390.04,583.26,73.63,112.82999999999998,xml_geometry_csv_action
BootPass_81,154,9,9,Position_Unknown,Team_Unknown,Action_PreSnap,747.66,710.11,820.42,823.0,72.75999999999999,112.88999999999999,xml_geometry_csv_action
BootPass_81,155,0,0,Position_Unknown,Team_Unknown,Action_PreSnap,1144.57,740.15,1245.4,839.05,100.83000000000015,98.89999999999998,xml_geometry_csv_action
BootPass_81,155,1,1,Position_Unknown,Team_Unknown,Action_PreSnap,1059.56,236.81,1117.59,323.88,58.02999999999997,87.07,xml_geometry_csv_action
BootPass_81,155,10,10,Position_Unknown,Team_Unknown,Action_PreSnap,1156.95,358.24,1217.37,471.25,60.419999999999845,113.00999999999999,xml_geometry_csv_action
BootPass_81,155,11,11,Position_Unknown,Team_Unknown,Action_PreSnap,1008.76,406.27,1087.85,514.19,79.08999999999992,107.92000000000007,xml_geometry_csv_action
BootPass_81,155,12,12,Position_Unknown,Team_Unknown,Action_PreSnap,1388.14,360.54,1454.63,467.28,66.49000000000001,106.73999999999995,xml_geometry_csv_action
BootPass_81,155,13,13,Position_Unknown,Team_Unknown,Action_PreSnap,895.58,361.55,970.17,460.24,74.58999999999992,98.69,xml_geometry_csv_action
BootPass_81,155,14,14,Position_Unknown,Team_Unknown,Action_PreSnap,1151.31,280.83,1198.58,337.71,47.26999999999998,56.879999999999995,xml_geometry_csv_action
BootPass_81,155,15,15,Position_Unknown,Team_Unknown,Action_PreSnap,971.89,237.61,1025.61,337.59,53.719999999999914,99.97999999999996,xml_geometry_csv_action
BootPass_81,155,16,16,Position_Unknown,Team_Unknown,Action_PreSnap,842.05,264.34,907.5,377.63,65.45000000000005,113.29000000000002,xml_geometry_csv_action
BootPass_81,155,17,17,Position_Unknown,Team_Unknown,Action_PreSnap,1189.49,244.33,1241.19,306.66,51.700000000000045,62.33000000000001,xml_geometry_csv_action
BootPass_81,155,18,18,Position_Unknown,Team_Unknown,Action_None,1437.44,351.53,1513.75,449.28,76.30999999999995,97.75,xml_geometry_csv_action
BootPass_81,155,19,19,Position_Unknown,Team_Unknown,Action_PreSnap,1171.89,334.66,1244.29,435.89,72.39999999999986,101.22999999999996,xml_geometry_csv_action
BootPass_81,155,2,2,Position_Unknown,Team_Unknown,Action_RunFlatRoute,1189.64,677.85,1249.5,793.27,59.8599999999999,115.41999999999996,xml_geometry_csv_action
BootPass_81,155,21,21,Position_Unknown,Team_Unknown,Action_PreSnap,1185.67,257.3,1230.04,351.03,44.36999999999989,93.72999999999996,xml_geometry_csv_action
BootPass_81,155,3,3,Position_Unknown,Team_Unknown,Action_PreSnap,1093.37,381.64,1154.92,503.72,61.55000000000018,122.08000000000004,xml_geometry_csv_action
BootPass_81,155,4,4,Position_Unknown,Team_Unknown,Action_PreSnap,1082.7,279.55,1158.73,378.02,76.02999999999997,98.46999999999997,xml_geometry_csv_action
BootPass_81,155,5,5,Position_Unknown,Team_Unknown,Action_PreSnap,1255.99,326.48,1314.73,421.59,58.74000000000001,95.10999999999996,xml_geometry_csv_action
BootPass_81,155,6,6,Position_Unknown,Team_Unknown,Action_PreSnap,1090.29,684.88,1146.09,800.99,55.799999999999955,116.11000000000001,xml_geometry_csv_action
BootPass_81,155,7,7,Position_Unknown,Team_Unknown,Action_PreSnap,1138.75,325.85,1178.96,401.45,40.210000000000036,75.59999999999997,xml_geometry_csv_action
BootPass_81,155,8,8,Position_Unknown,Team_Unknown,Action_PreSnap,316.68,470.6,391.51,582.8,74.82999999999998,112.19999999999993,xml_geometry_csv_action
BootPass_81,155,9,9,Position_Unknown,Team_Unknown,Action_PreSnap,744.35,708.97,815.49,822.54,71.13999999999999,113.56999999999994,xml_geometry_csv_action
BootPass_81,156,0,0,Position_Unknown,Team_Unknown,Action_PreSnap,1133.95,739.53,1232.53,838.21,98.57999999999993,98.68000000000006,xml_geometry_csv_action
BootPass_81,156,1,1,Position_Unknown,Team_Unknown,Action_PreSnap,1055.73,239.81,1112.36,325.77,56.62999999999988,85.95999999999998,xml_geometry_csv_action
BootPass_81,156,10,10,Position_Unknown,Team_Unknown,Action_PreSnap,1156.94,355.63,1219.41,469.9,62.47000000000003,114.26999999999998,xml_geometry_csv_action
BootPass_81,156,11,11,Position_Unknown,Team_Unknown,Action_PreSnap,1026.9,406.43,1096.81,514.35,69.90999999999985,107.92000000000002,xml_geometry_csv_action
BootPass_81,156,12,12,Position_Unknown,Team_Unknown,Action_PreSnap,1383.86,359.3,1447.56,465.83,63.700000000000045,106.52999999999997,xml_geometry_csv_action
BootPass_81,156,13,13,Position_Unknown,Team_Unknown,Action_PreSnap,898.53,364.26,975.66,462.81,77.13,98.55000000000001,xml_geometry_csv_action
BootPass_81,156,14,14,Position_Unknown,Team_Unknown,Action_PreSnap,1152.4,280.06,1200.06,340.3,47.659999999999854,60.24000000000001,xml_geometry_csv_action
BootPass_81,156,15,15,Position_Unknown,Team_Unknown,Action_PreSnap,972.25,239.66,1027.82,338.28,55.569999999999936,98.61999999999998,xml_geometry_csv_action
BootPass_81,156,16,16,Position_Unknown,Team_Unknown,Action_PreSnap,846.24,263.2,910.18,377.41,63.93999999999994,114.21000000000004,xml_geometry_csv_action
BootPass_81,156,17,17,Position_Unknown,Team_Unknown,Action_PreSnap,1193.11,245.37,1243.91,311.13,50.80000000000018,65.75999999999999,xml_geometry_csv_action
BootPass_81,156,18,18,Position_Unknown,Team_Unknown,Action_None,1433.19,353.59,1511.9,449.51,78.71000000000004,95.92000000000002,xml_geometry_csv_action
BootPass_81,156,19,19,Position_Unknown,Team_Unknown,Action_PreSnap,1173.64,336.98,1243.76,436.08,70.11999999999989,99.09999999999997,xml_geometry_csv_action
BootPass_81,156,2,2,Position_Unknown,Team_Unknown,Action_RunFlatRoute,1185.71,679.35,1248.74,797.14,63.02999999999997,117.78999999999996,xml_geometry_csv_action
BootPass_81,156,21,21,Position_Unknown,Team_Unknown,Action_PreSnap,1186.71,258.24,1231.22,351.57,44.50999999999999,93.32999999999998,xml_geometry_csv_action
BootPass_81,156,3,3,Position_Unknown,Team_Unknown,Action_PreSnap,1095.23,380.04,1157.71,496.88,62.48000000000002,116.83999999999997,xml_geometry_csv_action
BootPass_81,156,4,4,Position_Unknown,Team_Unknown,Action_PreSnap,1090.33,278.61,1157.95,381.3,67.62000000000012,102.69,xml_geometry_csv_action
BootPass_81,156,5,5,Position_Unknown,Team_Unknown,Action_PreSnap,1257.45,330.1,1316.99,428.64,59.539999999999964,98.53999999999996,xml_geometry_csv_action
BootPass_81,156,6,6,Position_Unknown,Team_Unknown,Action_PreSnap,1089.4,684.43,1144.72,801.45,55.319999999999936,117.0200000000001,xml_geometry_csv_action
BootPass_81,156,7,7,Position_Unknown,Team_Unknown,Action_PreSnap,1137.89,321.21,1178.76,397.26,40.86999999999989,76.05000000000001,xml_geometry_csv_action
BootPass_81,156,8,8,Position_Unknown,Team_Unknown,Action_PreSnap,317.63,471.11,393.3,582.79,75.67000000000002,111.67999999999995,xml_geometry_csv_action
BootPass_81,156,9,9,Position_Unknown,Team_Unknown,Action_PreSnap,740.0,708.17,805.39,821.16,65.38999999999999,112.99000000000001,xml_geometry_csv_action
BootPass_81,157,0,0,Position_Unknown,Team_Unknown,Action_PreSnap,1124.33,739.49,1215.96,840.09,91.63000000000011,100.60000000000002,xml_geometry_csv_action
BootPass_81,157,1,1,Position_Unknown,Team_Unknown,Action_PreSnap,1052.25,243.32,1110.0,335.98,57.75,92.66000000000003,xml_geometry_csv_action
BootPass_81,157,10,10,Position_Unknown,Team_Unknown,Action_PreSnap,1158.17,354.52,1217.14,468.4,58.97000000000003,113.88,xml_geometry_csv_action
BootPass_81,157,11,11,Position_Unknown,Team_Unknown,Action_PreSnap,1043.45,406.62,1106.74,513.55,63.289999999999964,106.92999999999995,xml_geometry_csv_action
BootPass_81,157,12,12,Position_Unknown,Team_Unknown,Action_PreSnap,1380.36,357.78,1441.63,464.8,61.27000000000021,107.02000000000004,xml_geometry_csv_action
BootPass_81,157,13,13,Position_Unknown,Team_Unknown,Action_PreSnap,903.49,366.17,981.2,469.87,77.71000000000004,103.69999999999999,xml_geometry_csv_action
BootPass_81,157,14,14,Position_Unknown,Team_Unknown,Action_PreSnap,1154.18,280.84,1202.64,341.9,48.460000000000036,61.06,xml_geometry_csv_action
BootPass_81,157,15,15,Position_Unknown,Team_Unknown,Action_PreSnap,972.52,242.29,1028.75,338.79,56.23000000000002,96.50000000000003,xml_geometry_csv_action
BootPass_81,157,16,16,Position_Unknown,Team_Unknown,Action_PreSnap,851.71,263.03,913.81,375.78,62.09999999999991,112.75,xml_geometry_csv_action
BootPass_81,157,17,17,Position_Unknown,Team_Unknown,Action_PreSnap,1197.85,245.58,1247.5,320.03,49.65000000000009,74.44999999999996,xml_geometry_csv_action
BootPass_81,157,18,18,Position_Unknown,Team_Unknown,Action_BootAway,1432.77,355.45,1510.19,449.14,77.42000000000007,93.69,xml_geometry_csv_action
BootPass_81,157,19,19,Position_Unknown,Team_Unknown,Action_PreSnap,1173.15,338.1,1242.49,436.03,69.33999999999992,97.92999999999995,xml_geometry_csv_action
BootPass_81,157,2,2,Position_Unknown,Team_Unknown,Action_RunFlatRoute,1183.41,682.54,1246.97,798.83,63.559999999999945,116.29000000000008,xml_geometry_csv_action
BootPass_81,157,21,21,Position_Unknown,Team_Unknown,Action_PreSnap,1189.16,258.41,1236.31,348.6,47.149999999999864,90.19,xml_geometry_csv_action
BootPass_81,157,3,3,Position_Unknown,Team_Unknown,Action_PreSnap,1097.74,380.41,1162.98,492.75,65.24000000000001,112.33999999999997,xml_geometry_csv_action
BootPass_81,157,4,4,Position_Unknown,Team_Unknown,Action_PreSnap,1099.22,278.03,1157.06,381.84,57.83999999999992,103.81,xml_geometry_csv_action
BootPass_81,157,5,5,Position_Unknown,Team_Unknown,Action_PreSnap,1259.06,333.63,1320.7,436.46,61.6400000000001,102.82999999999998,xml_geometry_csv_action
BootPass_81,157,6,6,Position_Unknown,Team_Unknown,Action_PreSnap,1088.45,683.9,1142.92,802.33,54.47000000000003,118.43000000000006,xml_geometry_csv_action
BootPass_81,157,7,7,Position_Unknown,Team_Unknown,Action_PreSnap,1133.98,315.95,1178.29,394.59,44.309999999999945,78.63999999999999,xml_geometry_csv_action
BootPass_81,157,8,8,Position_Unknown,Team_Unknown,Action_PreSnap,319.65,471.54,395.52,582.38,75.87,110.83999999999997,xml_geometry_csv_action
BootPass_81,157,9,9,Position_Unknown,Team_Unknown,Action_PreSnap,736.16,707.59,799.43,820.06,63.26999999999998,112.46999999999991,xml_geometry_csv_action
BootPass_81,158,0,0,Position_Unknown,Team_Unknown,Action_PreSnap,1110.91,738.43,1195.83,840.92,84.91999999999985,102.49000000000001,xml_geometry_csv_action
BootPass_81,158,1,1,Position_Unknown,Team_Unknown,Action_PreSnap,1047.78,246.33,1103.88,342.1,56.100000000000136,95.77000000000001,xml_geometry_csv_action
BootPass_81,158,10,10,Position_Unknown,Team_Unknown,Action_PreSnap,1159.47,348.75,1214.83,462.56,55.3599999999999,113.81,xml_geometry_csv_action
BootPass_81,158,11,11,Position_Unknown,Team_Unknown,Action_PreSnap,1052.58,406.93,1114.2,514.01,61.62000000000012,107.07999999999998,xml_geometry_csv_action
BootPass_81,158,12,12,Position_Unknown,Team_Unknown,Action_PreSnap,1376.81,354.95,1433.82,463.74,57.00999999999999,108.79000000000002,xml_geometry_csv_action
BootPass_81,158,13,13,Position_Unknown,Team_Unknown,Action_PreSnap,911.15,367.73,987.7,472.8,76.55000000000007,105.07,xml_geometry_csv_action
BootPass_81,158,14,14,Position_Unknown,Team_Unknown,Action_PreSnap,1152.86,279.49,1200.24,334.86,47.38000000000011,55.370000000000005,xml_geometry_csv_action
BootPass_81,158,15,15,Position_Unknown,Team_Unknown,Action_PreSnap,972.26,244.12,1030.02,339.19,57.75999999999999,95.07,xml_geometry_csv_action
BootPass_81,158,16,16,Position_Unknown,Team_Unknown,Action_PreSnap,861.72,262.84,918.43,369.53,56.70999999999992,106.69,xml_geometry_csv_action
BootPass_81,158,17,17,Position_Unknown,Team_Unknown,Action_PreSnap,1202.85,244.55,1250.71,325.79,47.86000000000013,81.24000000000001,xml_geometry_csv_action
BootPass_81,158,18,18,Position_Unknown,Team_Unknown,Action_BootAway,1431.75,356.34,1509.2,449.0,77.45000000000005,92.66000000000003,xml_geometry_csv_action
BootPass_81,158,19,19,Position_Unknown,Team_Unknown,Action_PreSnap,1173.76,332.74,1243.16,435.38,69.40000000000009,102.63999999999999,xml_geometry_csv_action
BootPass_81,158,2,2,Position_Unknown,Team_Unknown,Action_RunFlatRoute,1180.93,684.85,1243.31,798.37,62.37999999999988,113.51999999999998,xml_geometry_csv_action
BootPass_81,158,20,20,Position_Unknown,Team_Unknown,Action_PreSnap,1133.8,263.5,1173.43,299.35,39.63000000000011,35.85000000000002,xml_geometry_csv_action
BootPass_81,158,21,21,Position_Unknown,Team_Unknown,Action_PreSnap,1192.63,257.17,1243.34,348.66,50.70999999999981,91.49000000000001,xml_geometry_csv_action
BootPass_81,158,3,3,Position_Unknown,Team_Unknown,Action_PreSnap,1101.01,378.61,1166.93,488.02,65.92000000000007,109.40999999999997,xml_geometry_csv_action
BootPass_81,158,4,4,Position_Unknown,Team_Unknown,Action_PreSnap,1102.67,275.22,1156.38,381.63,53.710000000000036,106.40999999999997,xml_geometry_csv_action
BootPass_81,158,5,5,Position_Unknown,Team_Unknown,Action_PreSnap,1260.02,336.92,1327.53,445.02,67.50999999999999,108.09999999999997,xml_geometry_csv_action
BootPass_81,158,6,6,Position_Unknown,Team_Unknown,Action_PreSnap,1086.36,683.22,1141.27,801.44,54.91000000000008,118.22000000000003,xml_geometry_csv_action
BootPass_81,158,7,7,Position_Unknown,Team_Unknown,Action_PreSnap,1133.5,311.56,1176.47,392.1,42.97000000000003,80.54000000000002,xml_geometry_csv_action
BootPass_81,158,8,8,Position_Unknown,Team_Unknown,Action_PreSnap,321.32,471.32,396.5,581.31,75.18,109.98999999999995,xml_geometry_csv_action
BootPass_81,158,9,9,Position_Unknown,Team_Unknown,Action_PreSnap,732.83,706.51,795.64,817.69,62.809999999999945,111.18000000000006,xml_geometry_csv_action
BootPass_81,159,0,0,Position_Unknown,Team_Unknown,Action_PreSnap,1099.31,740.48,1174.38,841.18,75.07000000000016,100.69999999999993,xml_geometry_csv_action
BootPass_81,159,1,1,Position_Unknown,Team_Unknown,Action_PreSnap,1044.81,250.19,1099.85,346.4,55.039999999999964,96.20999999999998,xml_geometry_csv_action
BootPass_81,159,10,10,Position_Unknown,Team_Unknown,Action_PreSnap,1160.21,344.56,1211.48,454.44,51.26999999999998,109.88,xml_geometry_csv_action
BootPass_81,159,11,11,Position_Unknown,Team_Unknown,Action_PreSnap,1057.92,407.12,1123.56,513.08,65.63999999999987,105.96000000000004,xml_geometry_csv_action
BootPass_81,159,12,12,Position_Unknown,Team_Unknown,Action_PreSnap,1374.1,351.88,1427.29,462.41,53.190000000000055,110.53000000000003,xml_geometry_csv_action
BootPass_81,159,13,13,Position_Unknown,Team_Unknown,Action_PreSnap,922.32,371.28,994.82,474.28,72.5,103.0,xml_geometry_csv_action
BootPass_81,159,14,14,Position_Unknown,Team_Unknown,Action_PreSnap,1152.7,276.08,1197.86,332.2,45.159999999999854,56.120000000000005,xml_geometry_csv_action
BootPass_81,159,15,15,Position_Unknown,Team_Unknown,Action_PreSnap,972.74,246.82,1030.05,341.59,57.309999999999945,94.76999999999998,xml_geometry_csv_action
BootPass_81,159,16,16,Position_Unknown,Team_Unknown,Action_PreSnap,869.48,264.17,923.53,366.75,54.049999999999955,102.57999999999998,xml_geometry_csv_action
BootPass_81,159,17,17,Position_Unknown,Team_Unknown,Action_PreSnap,1206.21,244.95,1254.9,331.31,48.690000000000055,86.36000000000001,xml_geometry_csv_action
BootPass_81,159,18,18,Position_Unknown,Team_Unknown,Action_BootAway,1432.31,358.96,1511.9,450.26,79.59000000000015,91.30000000000001,xml_geometry_csv_action
BootPass_81,159,19,19,Position_Unknown,Team_Unknown,Action_PreSnap,1173.26,322.51,1243.85,434.63,70.58999999999992,112.12,xml_geometry_csv_action
BootPass_81,159,2,2,Position_Unknown,Team_Unknown,Action_RunFlatRoute,1178.46,688.56,1240.83,797.79,62.36999999999989,109.23000000000002,xml_geometry_csv_action
BootPass_81,159,20,20,Position_Unknown,Team_Unknown,Action_PreSnap,1130.12,261.6,1167.9,296.91,37.7800000000002,35.31,xml_geometry_csv_action
BootPass_81,159,21,21,Position_Unknown,Team_Unknown,Action_PreSnap,1195.83,257.85,1247.14,348.36,51.31000000000017,90.50999999999999,xml_geometry_csv_action
BootPass_81,159,3,3,Position_Unknown,Team_Unknown,Action_PreSnap,1108.78,376.86,1171.62,482.51,62.83999999999992,105.64999999999998,xml_geometry_csv_action
BootPass_81,159,4,4,Position_Unknown,Team_Unknown,Action_PreSnap,1103.27,278.24,1155.77,383.27,52.5,105.02999999999997,xml_geometry_csv_action
BootPass_81,159,5,5,Position_Unknown,Team_Unknown,Action_PreSnap,1262.69,341.2,1331.96,449.59,69.26999999999998,108.38999999999999,xml_geometry_csv_action
BootPass_81,159,6,6,Position_Unknown,Team_Unknown,Action_PreSnap,1084.33,683.12,1141.27,800.36,56.940000000000055,117.24000000000001,xml_geometry_csv_action
BootPass_81,159,7,7,Position_Unknown,Team_Unknown,Action_PreSnap,1133.95,310.09,1177.18,390.17,43.23000000000002,80.08000000000004,xml_geometry_csv_action
BootPass_81,159,8,8,Position_Unknown,Team_Unknown,Action_PreSnap,324.52,471.48,397.64,580.44,73.12,108.96000000000004,xml_geometry_csv_action
BootPass_81,159,9,9,Position_Unknown,Team_Unknown,Action_PreSnap,730.67,706.6,791.79,816.61,61.120000000000005,110.00999999999999,xml_geometry_csv_action
BootPass_81,160,0,0,Position_Unknown,Team_Unknown,Action_PreSnap,1088.9,741.4,1164.37,839.76,75.4699999999998,98.36000000000001,xml_geometry_csv_action
BootPass_81,160,1,1,Position_Unknown,Team_Unknown,Action_PreSnap,1041.76,253.06,1095.69,349.19,53.930000000000064,96.13,xml_geometry_csv_action
BootPass_81,160,10,10,Position_Unknown,Team_Unknown,Action_PreSnap,1160.35,341.91,1208.67,447.29,48.320000000000164,105.38,xml_geometry_csv_action
BootPass_81,160,11,11,Position_Unknown,Team_Unknown,Action_PreSnap,1061.1,406.8,1133.93,512.1,72.83000000000015,105.30000000000001,xml_geometry_csv_action
BootPass_81,160,12,12,Position_Unknown,Team_Unknown,Action_PreSnap,1372.17,348.45,1423.15,460.27,50.98000000000002,111.82,xml_geometry_csv_action
BootPass_81,160,13,13,Position_Unknown,Team_Unknown,Action_PreSnap,932.95,376.29,1002.7,475.14,69.75,98.84999999999997,xml_geometry_csv_action
BootPass_81,160,14,14,Position_Unknown,Team_Unknown,Action_PreSnap,1151.16,272.7,1194.72,328.32,43.559999999999945,55.620000000000005,xml_geometry_csv_action
BootPass_81,160,15,15,Position_Unknown,Team_Unknown,Action_PreSnap,973.1,249.66,1032.3,344.17,59.19999999999993,94.51000000000002,xml_geometry_csv_action
BootPass_81,160,16,16,Position_Unknown,Team_Unknown,Action_PreSnap,874.85,264.73,928.2,364.75,53.35000000000002,100.01999999999998,xml_geometry_csv_action
BootPass_81,160,17,17,Position_Unknown,Team_Unknown,Action_PreSnap,1208.55,245.57,1258.76,333.18,50.210000000000036,87.61000000000001,xml_geometry_csv_action
BootPass_81,160,18,18,Position_Unknown,Team_Unknown,Action_BootAway,1433.05,361.44,1513.71,450.78,80.66000000000008,89.33999999999997,xml_geometry_csv_action
BootPass_81,160,19,19,Position_Unknown,Team_Unknown,Action_PreSnap,1176.07,320.28,1243.85,432.98,67.77999999999997,112.70000000000005,xml_geometry_csv_action
BootPass_81,160,2,2,Position_Unknown,Team_Unknown,Action_RunFlatRoute,1172.8,690.85,1238.29,798.35,65.49000000000001,107.5,xml_geometry_csv_action
BootPass_81,160,20,20,Position_Unknown,Team_Unknown,Action_PreSnap,1129.14,259.19,1167.95,294.06,38.809999999999945,34.870000000000005,xml_geometry_csv_action
BootPass_81,160,21,21,Position_Unknown,Team_Unknown,Action_PreSnap,1199.49,259.27,1250.83,348.42,51.33999999999992,89.15000000000003,xml_geometry_csv_action
BootPass_81,160,3,3,Position_Unknown,Team_Unknown,Action_PreSnap,1117.89,376.73,1175.81,476.36,57.919999999999845,99.63,xml_geometry_csv_action
BootPass_81,160,4,4,Position_Unknown,Team_Unknown,Action_PreSnap,1102.95,278.38,1154.38,379.34,51.430000000000064,100.95999999999998,xml_geometry_csv_action
BootPass_81,160,5,5,Position_Unknown,Team_Unknown,Action_PreSnap,1265.24,345.79,1333.96,451.84,68.72000000000003,106.04999999999995,xml_geometry_csv_action
BootPass_81,160,6,6,Position_Unknown,Team_Unknown,Action_PreSnap,1083.26,682.99,1141.56,795.79,58.299999999999955,112.79999999999995,xml_geometry_csv_action
BootPass_81,160,7,7,Position_Unknown,Team_Unknown,Action_PreSnap,1132.86,307.96,1176.13,389.92,43.27000000000021,81.96000000000004,xml_geometry_csv_action
BootPass_81,160,8,8,Position_Unknown,Team_Unknown,Action_PreSnap,328.14,471.11,395.71,579.55,67.57,108.43999999999994,xml_geometry_csv_action
BootPass_81,160,9,9,Position_Unknown,Team_Unknown,Action_PreSnap,726.9,706.22,786.13,813.84,59.23000000000002,107.62,xml_geometry_csv_action
BootPass_81,161,0,0,Position_Unknown,Team_Unknown,Action_PreSnap,1080.13,741.66,1160.37,838.18,80.23999999999978,96.51999999999998,xml_geometry_csv_action
BootPass_81,161,1,1,Position_Unknown,Team_Unknown,Action_PreSnap,1039.68,255.06,1093.58,351.62,53.899999999999864,96.56,xml_geometry_csv_action
BootPass_81,161,10,10,Position_Unknown,Team_Unknown,Action_PreSnap,1157.93,338.6,1205.38,439.71,47.450000000000045,101.10999999999996,xml_geometry_csv_action
BootPass_81,161,11,11,Position_Unknown,Team_Unknown,Action_PreSnap,1066.12,407.15,1147.52,510.14,81.40000000000009,102.99000000000001,xml_geometry_csv_action
BootPass_81,161,12,12,Position_Unknown,Team_Unknown,Action_PreSnap,1370.89,344.33,1419.67,453.37,48.77999999999997,109.04000000000002,xml_geometry_csv_action
BootPass_81,161,13,13,Position_Unknown,Team_Unknown,Action_PreSnap,942.81,378.83,1013.67,475.51,70.86000000000001,96.68,xml_geometry_csv_action
BootPass_81,161,14,14,Position_Unknown,Team_Unknown,Action_PreSnap,1149.29,271.34,1190.96,326.44,41.67000000000007,55.10000000000002,xml_geometry_csv_action
BootPass_81,161,15,15,Position_Unknown,Team_Unknown,Action_PreSnap,972.79,252.01,1035.26,348.77,62.47000000000003,96.75999999999999,xml_geometry_csv_action
BootPass_81,161,16,16,Position_Unknown,Team_Unknown,Action_PreSnap,878.75,264.47,933.76,365.11,55.00999999999999,100.63999999999999,xml_geometry_csv_action
BootPass_81,161,17,17,Position_Unknown,Team_Unknown,Action_PreSnap,1216.34,246.25,1261.62,331.99,45.27999999999997,85.74000000000001,xml_geometry_csv_action
BootPass_81,161,18,18,Position_Unknown,Team_Unknown,Action_BootAway,1443.19,364.05,1516.71,450.26,73.51999999999998,86.20999999999998,xml_geometry_csv_action
BootPass_81,161,19,19,Position_Unknown,Team_Unknown,Action_PreSnap,1177.0,315.61,1244.66,430.96,67.66000000000008,115.34999999999997,xml_geometry_csv_action
BootPass_81,161,2,2,Position_Unknown,Team_Unknown,Action_RunFlatRoute,1166.77,692.22,1235.86,797.87,69.08999999999992,105.64999999999998,xml_geometry_csv_action
BootPass_81,161,21,21,Position_Unknown,Team_Unknown,Action_PreSnap,1203.41,259.98,1252.25,348.83,48.83999999999992,88.84999999999997,xml_geometry_csv_action
BootPass_81,161,3,3,Position_Unknown,Team_Unknown,Action_PreSnap,1130.33,376.83,1181.54,471.27,51.210000000000036,94.44,xml_geometry_csv_action
BootPass_81,161,4,4,Position_Unknown,Team_Unknown,Action_PreSnap,1103.56,276.82,1154.93,374.54,51.37000000000012,97.72000000000003,xml_geometry_csv_action
BootPass_81,161,5,5,Position_Unknown,Team_Unknown,Action_PreSnap,1265.19,350.24,1334.94,453.7,69.75,103.45999999999998,xml_geometry_csv_action
BootPass_81,161,6,6,Position_Unknown,Team_Unknown,Action_PreSnap,1079.54,682.89,1141.93,789.71,62.3900000000001,106.82000000000005,xml_geometry_csv_action
BootPass_81,161,8,8,Position_Unknown,Team_Unknown,Action_PreSnap,331.72,470.53,395.62,579.01,63.89999999999998,108.48000000000002,xml_geometry_csv_action
BootPass_81,161,9,9,Position_Unknown,Team_Unknown,Action_PreSnap,722.69,706.14,781.91,810.55,59.219999999999914,104.40999999999997,xml_geometry_csv_action
BootPass_81,162,0,0,Position_Unknown,Team_Unknown,Action_PreSnap,1066.09,739.46,1155.48,838.21,89.3900000000001,98.75,xml_geometry_csv_action
BootPass_81,162,1,1,Position_Unknown,Team_Unknown,Action_PreSnap,1035.36,258.23,1089.37,353.93,54.00999999999999,95.69999999999999,xml_geometry_csv_action
BootPass_81,162,10,10,Position_Unknown,Team_Unknown,Action_PreSnap,1158.06,334.36,1205.44,431.94,47.38000000000011,97.57999999999998,xml_geometry_csv_action
BootPass_81,162,11,11,Position_Unknown,Team_Unknown,Action_PreSnap,1074.63,406.47,1156.51,509.78,81.87999999999988,103.30999999999995,xml_geometry_csv_action
BootPass_81,162,12,12,Position_Unknown,Team_Unknown,Action_PreSnap,1368.94,341.63,1415.63,448.92,46.690000000000055,107.29000000000002,xml_geometry_csv_action
BootPass_81,162,13,13,Position_Unknown,Team_Unknown,Action_PreSnap,948.65,381.71,1022.09,476.44,73.44000000000005,94.73000000000002,xml_geometry_csv_action
BootPass_81,162,14,14,Position_Unknown,Team_Unknown,Action_PreSnap,1149.28,271.36,1189.93,324.73,40.65000000000009,53.370000000000005,xml_geometry_csv_action
BootPass_81,162,15,15,Position_Unknown,Team_Unknown,Action_PreSnap,972.87,255.16,1031.01,353.16,58.139999999999986,98.00000000000003,xml_geometry_csv_action
BootPass_81,162,16,16,Position_Unknown,Team_Unknown,Action_PreSnap,882.83,264.37,938.69,367.12,55.860000000000014,102.75,xml_geometry_csv_action
BootPass_81,162,17,17,Position_Unknown,Team_Unknown,Action_PreSnap,1224.03,247.03,1265.26,329.91,41.23000000000002,82.88000000000002,xml_geometry_csv_action
BootPass_81,162,18,18,Position_Unknown,Team_Unknown,Action_BootAway,1454.5,367.43,1519.2,450.27,64.70000000000005,82.83999999999997,xml_geometry_csv_action
BootPass_81,162,19,19,Position_Unknown,Team_Unknown,Action_PreSnap,1177.77,313.32,1245.87,422.23,68.09999999999991,108.91000000000003,xml_geometry_csv_action
BootPass_81,162,2,2,Position_Unknown,Team_Unknown,Action_RunFlatRoute,1163.03,693.83,1232.41,798.19,69.38000000000011,104.36000000000001,xml_geometry_csv_action
BootPass_81,162,21,21,Position_Unknown,Team_Unknown,Action_PreSnap,1206.17,259.76,1255.68,354.96,49.50999999999999,95.19999999999999,xml_geometry_csv_action
BootPass_81,162,3,3,Position_Unknown,Team_Unknown,Action_PreSnap,1140.08,377.24,1188.07,469.2,47.99000000000001,91.95999999999998,xml_geometry_csv_action
BootPass_81,162,4,4,Position_Unknown,Team_Unknown,Action_PreSnap,1105.11,276.35,1155.65,371.84,50.54000000000019,95.48999999999995,xml_geometry_csv_action
BootPass_81,162,5,5,Position_Unknown,Team_Unknown,Action_PreSnap,1264.82,354.53,1335.24,454.75,70.42000000000007,100.22000000000003,xml_geometry_csv_action
BootPass_81,162,6,6,Position_Unknown,Team_Unknown,Action_PreSnap,1078.82,683.4,1141.32,784.63,62.5,101.23000000000002,xml_geometry_csv_action
BootPass_81,162,8,8,Position_Unknown,Team_Unknown,Action_PreSnap,334.8,470.67,397.09,578.84,62.289999999999964,108.17000000000002,xml_geometry_csv_action
BootPass_81,162,9,9,Position_Unknown,Team_Unknown,Action_PreSnap,717.95,707.01,778.86,806.53,60.90999999999997,99.51999999999998,xml_geometry_csv_action
BootPass_81,163,0,0,Position_Unknown,Team_Unknown,Action_PreSnap,1053.55,739.31,1147.16,840.19,93.61000000000013,100.88000000000011,xml_geometry_csv_action
BootPass_81,163,1,1,Position_Unknown,Team_Unknown,Action_PreSnap,1034.34,261.67,1083.26,354.95,48.92000000000007,93.27999999999997,xml_geometry_csv_action
BootPass_81,163,10,10,Position_Unknown,Team_Unknown,Action_PreSnap,1159.41,328.7,1208.31,426.81,48.899999999999864,98.11000000000001,xml_geometry_csv_action
BootPass_81,163,11,11,Position_Unknown,Team_Unknown,Action_PreSnap,1093.5,405.6,1164.57,509.91,71.06999999999994,104.31,xml_geometry_csv_action
BootPass_81,163,12,12,Position_Unknown,Team_Unknown,Action_PreSnap,1367.14,338.96,1412.93,445.32,45.789999999999964,106.36000000000001,xml_geometry_csv_action
BootPass_81,163,13,13,Position_Unknown,Team_Unknown,Action_PreSnap,953.72,383.32,1029.25,485.23,75.52999999999997,101.91000000000003,xml_geometry_csv_action
BootPass_81,163,15,15,Position_Unknown,Team_Unknown,Action_PreSnap,973.35,257.38,1029.53,356.37,56.17999999999995,98.99000000000001,xml_geometry_csv_action
BootPass_81,163,16,16,Position_Unknown,Team_Unknown,Action_PreSnap,887.11,263.07,943.59,367.69,56.48000000000002,104.62,xml_geometry_csv_action
BootPass_81,163,17,17,Position_Unknown,Team_Unknown,Action_PreSnap,1228.09,246.37,1268.78,321.56,40.690000000000055,75.19,xml_geometry_csv_action
BootPass_81,163,18,18,Position_Unknown,Team_Unknown,Action_BootAway,1466.17,369.43,1522.18,450.73,56.00999999999999,81.30000000000001,xml_geometry_csv_action
BootPass_81,163,19,19,Position_Unknown,Team_Unknown,Action_PreSnap,1182.68,309.75,1248.48,415.82,65.79999999999995,106.07,xml_geometry_csv_action
BootPass_81,163,2,2,Position_Unknown,Team_Unknown,Action_RunFlatRoute,1161.46,695.26,1226.19,797.33,64.73000000000002,102.07000000000005,xml_geometry_csv_action
BootPass_81,163,21,21,Position_Unknown,Team_Unknown,Action_PreSnap,1208.76,259.5,1261.29,357.68,52.52999999999997,98.18,xml_geometry_csv_action
BootPass_81,163,3,3,Position_Unknown,Team_Unknown,Action_PreSnap,1149.51,374.79,1195.33,467.44,45.819999999999936,92.64999999999998,xml_geometry_csv_action
BootPass_81,163,4,4,Position_Unknown,Team_Unknown,Action_PreSnap,1108.87,276.25,1156.83,369.23,47.960000000000036,92.98000000000002,xml_geometry_csv_action
BootPass_81,163,5,5,Position_Unknown,Team_Unknown,Action_PreSnap,1264.85,357.73,1335.85,455.93,71.0,98.19999999999999,xml_geometry_csv_action
BootPass_81,163,6,6,Position_Unknown,Team_Unknown,Action_PreSnap,1079.97,683.54,1140.21,776.78,60.24000000000001,93.24000000000001,xml_geometry_csv_action
BootPass_81,163,8,8,Position_Unknown,Team_Unknown,Action_PreSnap,336.7,470.66,400.42,578.19,63.72000000000003,107.53000000000003,xml_geometry_csv_action
BootPass_81,163,9,9,Position_Unknown,Team_Unknown,Action_PreSnap,712.26,705.72,778.18,800.81,65.91999999999996,95.08999999999992,xml_geometry_csv_action
BootPass_81,164,0,0,Position_Unknown,Team_Unknown,Action_PreSnap,1044.16,739.32,1135.47,844.78,91.30999999999995,105.45999999999992,xml_geometry_csv_action
BootPass_81,164,1,1,Position_Unknown,Team_Unknown,Action_PreSnap,1030.47,266.42,1077.79,355.99,47.319999999999936,89.57,xml_geometry_csv_action
BootPass_81,164,10,10,Position_Unknown,Team_Unknown,Action_PreSnap,1163.43,326.24,1212.13,420.62,48.700000000000045,94.38,xml_geometry_csv_action
BootPass_81,164,11,11,Position_Unknown,Team_Unknown,Action_PreSnap,1113.33,405.5,1174.39,509.73,61.06000000000017,104.23000000000002,xml_geometry_csv_action
BootPass_81,164,12,12,Position_Unknown,Team_Unknown,Action_PreSnap,1365.57,336.05,1412.01,442.28,46.440000000000055,106.22999999999996,xml_geometry_csv_action
BootPass_81,164,13,13,Position_Unknown,Team_Unknown,Action_PreSnap,960.45,385.09,1042.11,481.98,81.65999999999985,96.89000000000004,xml_geometry_csv_action
BootPass_81,164,14,14,Position_Unknown,Team_Unknown,Action_PreSnap,1148.4,276.43,1189.53,337.94,41.12999999999988,61.50999999999999,xml_geometry_csv_action
BootPass_81,164,15,15,Position_Unknown,Team_Unknown,Action_PreSnap,976.15,261.42,1028.07,349.21,51.91999999999996,87.78999999999996,xml_geometry_csv_action
BootPass_81,164,16,16,Position_Unknown,Team_Unknown,Action_PreSnap,892.01,262.07,948.92,368.32,56.90999999999997,106.25,xml_geometry_csv_action
BootPass_81,164,17,17,Position_Unknown,Team_Unknown,Action_PreSnap,1231.73,245.6,1272.56,317.43,40.82999999999993,71.83000000000001,xml_geometry_csv_action
BootPass_81,164,18,18,Position_Unknown,Team_Unknown,Action_BootAway,1475.95,370.98,1525.45,454.61,49.5,83.63,xml_geometry_csv_action
BootPass_81,164,19,19,Position_Unknown,Team_Unknown,Action_PreSnap,1192.03,306.71,1249.63,409.86,57.600000000000136,103.15000000000003,xml_geometry_csv_action
BootPass_81,164,2,2,Position_Unknown,Team_Unknown,Action_RunFlatRoute,1165.13,697.11,1221.25,796.34,56.11999999999989,99.23000000000002,xml_geometry_csv_action
BootPass_81,164,21,21,Position_Unknown,Team_Unknown,Action_PreSnap,1215.24,261.61,1267.6,361.82,52.3599999999999,100.20999999999998,xml_geometry_csv_action
BootPass_81,164,3,3,Position_Unknown,Team_Unknown,Action_PreSnap,1156.78,372.29,1200.51,463.21,43.73000000000002,90.91999999999996,xml_geometry_csv_action
BootPass_81,164,4,4,Position_Unknown,Team_Unknown,Action_PreSnap,1111.77,276.66,1158.3,366.56,46.52999999999997,89.89999999999998,xml_geometry_csv_action
BootPass_81,164,5,5,Position_Unknown,Team_Unknown,Action_PreSnap,1265.8,361.13,1335.59,459.28,69.78999999999996,98.14999999999998,xml_geometry_csv_action
BootPass_81,164,6,6,Position_Unknown,Team_Unknown,Action_PreSnap,1080.84,683.42,1136.98,783.22,56.1400000000001,99.80000000000007,xml_geometry_csv_action
BootPass_81,164,8,8,Position_Unknown,Team_Unknown,Action_PreSnap,339.8,471.17,403.6,577.34,63.80000000000001,106.17000000000002,xml_geometry_csv_action
BootPass_81,164,9,9,Position_Unknown,Team_Unknown,Action_PreSnap,708.54,704.65,778.63,798.63,70.09000000000003,93.98000000000002,xml_geometry_csv_action
BootPass_81,165,0,0,Position_Unknown,Team_Unknown,Action_PreSnap,1033.97,737.51,1107.16,847.27,73.19000000000005,109.75999999999999,xml_geometry_csv_action
BootPass_81,165,1,1,Position_Unknown,Team_Unknown,Action_PreSnap,1027.24,271.42,1074.63,356.82,47.3900000000001,85.39999999999998,xml_geometry_csv_action
BootPass_81,165,10,10,Position_Unknown,Team_Unknown,Action_PreSnap,1163.45,326.8,1212.81,405.63,49.3599999999999,78.82999999999998,xml_geometry_csv_action
BootPass_81,165,11,11,Position_Unknown,Team_Unknown,Action_PreSnap,1131.28,404.36,1182.94,508.93,51.66000000000008,104.57,xml_geometry_csv_action
BootPass_81,165,12,12,Position_Unknown,Team_Unknown,Action_PreSnap,1364.56,333.46,1411.5,440.31,46.940000000000055,106.85000000000002,xml_geometry_csv_action
BootPass_81,165,13,13,Position_Unknown,Team_Unknown,Action_PreSnap,969.81,388.15,1054.47,482.33,84.66000000000008,94.18,xml_geometry_csv_action
BootPass_81,165,15,15,Position_Unknown,Team_Unknown,Action_PreSnap,976.98,265.14,1028.27,350.12,51.289999999999964,84.98000000000002,xml_geometry_csv_action
BootPass_81,165,16,16,Position_Unknown,Team_Unknown,Action_PreSnap,896.69,260.82,954.56,369.35,57.86999999999989,108.53000000000003,xml_geometry_csv_action
BootPass_81,165,17,17,Position_Unknown,Team_Unknown,Action_PreSnap,1233.39,245.69,1276.08,315.98,42.68999999999983,70.29000000000002,xml_geometry_csv_action
BootPass_81,165,18,18,Position_Unknown,Team_Unknown,Action_BootAway,1481.22,372.98,1528.64,461.03,47.42000000000007,88.04999999999995,xml_geometry_csv_action
BootPass_81,165,19,19,Position_Unknown,Team_Unknown,Action_PreSnap,1194.72,304.12,1250.22,406.56,55.5,102.44,xml_geometry_csv_action
BootPass_81,165,2,2,Position_Unknown,Team_Unknown,Action_RunFlatRoute,1166.25,701.32,1217.35,795.06,51.09999999999991,93.7399999999999,xml_geometry_csv_action
BootPass_81,165,20,20,Position_Unknown,Team_Unknown,Action_PreSnap,1129.13,254.27,1175.6,292.59,46.4699999999998,38.319999999999965,xml_geometry_csv_action
BootPass_81,165,21,21,Position_Unknown,Team_Unknown,Action_PreSnap,1221.26,264.66,1273.69,364.92,52.430000000000064,100.25999999999999,xml_geometry_csv_action
BootPass_81,165,3,3,Position_Unknown,Team_Unknown,Action_PreSnap,1163.55,370.71,1205.89,459.75,42.340000000000146,89.04000000000002,xml_geometry_csv_action
BootPass_81,165,4,4,Position_Unknown,Team_Unknown,Action_PreSnap,1112.74,277.88,1160.1,364.98,47.3599999999999,87.10000000000002,xml_geometry_csv_action
BootPass_81,165,5,5,Position_Unknown,Team_Unknown,Action_PreSnap,1266.79,364.56,1336.51,465.42,69.72000000000003,100.86000000000001,xml_geometry_csv_action
BootPass_81,165,6,6,Position_Unknown,Team_Unknown,Action_PreSnap,1079.39,683.25,1133.73,797.79,54.33999999999992,114.53999999999996,xml_geometry_csv_action
BootPass_81,165,7,7,Position_Unknown,Team_Unknown,Action_PreSnap,1149.82,279.07,1189.83,355.59,40.00999999999999,76.51999999999998,xml_geometry_csv_action
BootPass_81,165,8,8,Position_Unknown,Team_Unknown,Action_PreSnap,342.73,472.58,406.02,578.1,63.289999999999964,105.52000000000004,xml_geometry_csv_action
BootPass_81,165,9,9,Position_Unknown,Team_Unknown,Action_PreSnap,705.42,703.85,780.46,797.79,75.04000000000008,93.93999999999994,xml_geometry_csv_action
BootPass_81,166,0,0,Position_Unknown,Team_Unknown,Action_PreSnap,1024.93,737.53,1091.48,846.92,66.54999999999995,109.38999999999999,xml_geometry_csv_action
BootPass_81,166,1,1,Position_Unknown,Team_Unknown,Action_PreSnap,1023.11,272.09,1073.08,357.02,49.969999999999914,84.93,xml_geometry_csv_action
BootPass_81,166,10,10,Position_Unknown,Team_Unknown,Action_PreSnap,1168.47,325.36,1216.48,407.76,48.00999999999999,82.39999999999998,xml_geometry_csv_action
BootPass_81,166,11,11,Position_Unknown,Team_Unknown,Action_PreSnap,1145.38,404.3,1192.68,504.54,47.299999999999955,100.24000000000001,xml_geometry_csv_action
BootPass_81,166,12,12,Position_Unknown,Team_Unknown,Action_PreSnap,1364.21,329.38,1411.49,438.9,47.27999999999997,109.51999999999998,xml_geometry_csv_action
BootPass_81,166,13,13,Position_Unknown,Team_Unknown,Action_PreSnap,981.57,390.55,1061.72,482.05,80.14999999999998,91.5,xml_geometry_csv_action
BootPass_81,166,15,15,Position_Unknown,Team_Unknown,Action_PreSnap,978.31,267.9,1026.36,351.22,48.049999999999955,83.32000000000005,xml_geometry_csv_action
BootPass_81,166,16,16,Position_Unknown,Team_Unknown,Action_PreSnap,905.55,258.13,961.12,368.96,55.57000000000005,110.82999999999998,xml_geometry_csv_action
BootPass_81,166,17,17,Position_Unknown,Team_Unknown,Action_PreSnap,1234.87,244.83,1279.33,315.32,44.460000000000036,70.48999999999998,xml_geometry_csv_action
BootPass_81,166,18,18,Position_Unknown,Team_Unknown,Action_BootAway,1484.92,374.45,1532.26,465.65,47.33999999999992,91.19999999999999,xml_geometry_csv_action
BootPass_81,166,19,19,Position_Unknown,Team_Unknown,Action_PreSnap,1198.12,302.44,1251.56,404.66,53.440000000000055,102.22000000000003,xml_geometry_csv_action
BootPass_81,166,2,2,Position_Unknown,Team_Unknown,Action_RunFlatRoute,1163.26,704.9,1215.59,793.86,52.32999999999993,88.96000000000004,xml_geometry_csv_action
BootPass_81,166,21,21,Position_Unknown,Team_Unknown,Action_PreSnap,1225.97,265.34,1278.67,367.02,52.700000000000045,101.68,xml_geometry_csv_action
BootPass_81,166,3,3,Position_Unknown,Team_Unknown,Action_PreSnap,1165.97,369.19,1210.96,445.26,44.99000000000001,76.07,xml_geometry_csv_action
BootPass_81,166,4,4,Position_Unknown,Team_Unknown,Action_PreSnap,1112.99,277.72,1161.61,362.28,48.61999999999989,84.55999999999995,xml_geometry_csv_action
BootPass_81,166,5,5,Position_Unknown,Team_Unknown,Action_PreSnap,1267.51,368.2,1337.9,471.47,70.3900000000001,103.27000000000004,xml_geometry_csv_action
BootPass_81,166,6,6,Position_Unknown,Team_Unknown,Action_PreSnap,1078.41,682.52,1132.44,794.77,54.02999999999997,112.25,xml_geometry_csv_action
BootPass_81,166,7,7,Position_Unknown,Team_Unknown,Action_PreSnap,1151.88,275.19,1192.56,354.6,40.679999999999836,79.41000000000003,xml_geometry_csv_action
BootPass_81,166,8,8,Position_Unknown,Team_Unknown,Action_PreSnap,346.69,473.59,408.55,578.45,61.860000000000014,104.86000000000007,xml_geometry_csv_action
BootPass_81,166,9,9,Position_Unknown,Team_Unknown,Action_PreSnap,703.17,702.31,783.57,796.61,80.40000000000009,94.30000000000007,xml_geometry_csv_action
BootPass_81,167,0,0,Position_Unknown,Team_Unknown,Action_PreSnap,1012.44,738.9,1086.97,846.36,74.52999999999997,107.46000000000004,xml_geometry_csv_action
BootPass_81,167,1,1,Position_Unknown,Team_Unknown,Action_PreSnap,1022.21,273.87,1071.41,358.65,49.200000000000045,84.77999999999997,xml_geometry_csv_action
BootPass_81,167,10,10,Position_Unknown,Team_Unknown,Action_PreSnap,1172.15,325.63,1220.14,410.19,47.99000000000001,84.56,xml_geometry_csv_action
BootPass_81,167,11,11,Position_Unknown,Team_Unknown,Action_PreSnap,1157.01,402.93,1203.39,500.01,46.38000000000011,97.07999999999998,xml_geometry_csv_action
BootPass_81,167,12,12,Position_Unknown,Team_Unknown,Action_PreSnap,1364.85,326.52,1412.02,436.16,47.17000000000007,109.64000000000004,xml_geometry_csv_action
BootPass_81,167,13,13,Position_Unknown,Team_Unknown,Action_PreSnap,1000.31,394.84,1069.38,486.08,69.07000000000016,91.24000000000001,xml_geometry_csv_action
BootPass_81,167,15,15,Position_Unknown,Team_Unknown,Action_PreSnap,980.55,271.93,1028.01,354.53,47.460000000000036,82.59999999999997,xml_geometry_csv_action
BootPass_81,167,16,16,Position_Unknown,Team_Unknown,Action_PreSnap,915.24,256.51,967.72,367.91,52.48000000000002,111.40000000000003,xml_geometry_csv_action
BootPass_81,167,17,17,Position_Unknown,Team_Unknown,Action_PreSnap,1239.22,244.96,1283.73,315.6,44.50999999999999,70.64000000000001,xml_geometry_csv_action
BootPass_81,167,18,18,Position_Unknown,Team_Unknown,Action_BootAway,1489.45,377.69,1538.51,470.43,49.059999999999945,92.74000000000001,xml_geometry_csv_action
BootPass_81,167,19,19,Position_Unknown,Team_Unknown,Action_PreSnap,1200.75,301.29,1253.96,402.42,53.210000000000036,101.13,xml_geometry_csv_action
BootPass_81,167,2,2,Position_Unknown,Team_Unknown,Action_RunFlatRoute,1161.88,707.78,1215.7,794.28,53.819999999999936,86.5,xml_geometry_csv_action
BootPass_81,167,20,20,Position_Unknown,Team_Unknown,Action_PreSnap,1130.99,251.74,1178.48,287.99,47.49000000000001,36.25,xml_geometry_csv_action
BootPass_81,167,21,21,Position_Unknown,Team_Unknown,Action_PreSnap,1230.19,264.37,1281.7,368.47,51.50999999999999,104.10000000000002,xml_geometry_csv_action
BootPass_81,167,4,4,Position_Unknown,Team_Unknown,Action_PreSnap,1113.64,277.57,1162.97,360.16,49.32999999999993,82.59000000000003,xml_geometry_csv_action
BootPass_81,167,5,5,Position_Unknown,Team_Unknown,Action_PreSnap,1268.57,373.08,1342.05,478.27,73.48000000000002,105.19,xml_geometry_csv_action
BootPass_81,167,6,6,Position_Unknown,Team_Unknown,Action_PreSnap,1077.71,683.32,1132.11,793.56,54.399999999999864,110.2399999999999,xml_geometry_csv_action
BootPass_81,167,7,7,Position_Unknown,Team_Unknown,Action_PreSnap,1158.47,283.87,1195.8,373.29,37.32999999999993,89.42000000000002,xml_geometry_csv_action
BootPass_81,167,8,8,Position_Unknown,Team_Unknown,Action_PreSnap,351.7,475.4,412.28,579.93,60.579999999999984,104.52999999999997,xml_geometry_csv_action
BootPass_81,167,9,9,Position_Unknown,Team_Unknown,Action_PreSnap,703.05,701.13,785.97,796.97,82.92000000000007,95.84000000000003,xml_geometry_csv_action
BootPass_81,168,0,0,Position_Unknown,Team_Unknown,Action_PreSnap,1001.76,737.8,1084.62,844.44,82.8599999999999,106.6400000000001,xml_geometry_csv_action
BootPass_81,168,1,1,Position_Unknown,Team_Unknown,Action_PreSnap,1020.29,277.44,1071.03,362.57,50.74000000000001,85.13,xml_geometry_csv_action
BootPass_81,168,10,10,Position_Unknown,Team_Unknown,Action_PreSnap,1174.51,324.35,1222.67,407.33,48.16000000000008,82.97999999999996,xml_geometry_csv_action
BootPass_81,168,11,11,Position_Unknown,Team_Unknown,Action_PreSnap,1166.28,403.41,1216.52,498.49,50.24000000000001,95.07999999999998,xml_geometry_csv_action
BootPass_81,168,12,12,Position_Unknown,Team_Unknown,Action_PreSnap,1365.45,323.07,1412.61,429.3,47.159999999999854,106.23000000000002,xml_geometry_csv_action
BootPass_81,168,13,13,Position_Unknown,Team_Unknown,Action_PreSnap,1012.3,398.64,1075.31,489.22,63.00999999999999,90.58000000000004,xml_geometry_csv_action
BootPass_81,168,15,15,Position_Unknown,Team_Unknown,Action_PreSnap,982.18,276.35,1028.79,358.1,46.610000000000014,81.75,xml_geometry_csv_action
BootPass_81,168,16,16,Position_Unknown,Team_Unknown,Action_PreSnap,921.77,254.34,972.39,366.12,50.620000000000005,111.78,xml_geometry_csv_action
BootPass_81,168,17,17,Position_Unknown,Team_Unknown,Action_PreSnap,1246.29,244.87,1288.23,315.12,41.940000000000055,70.25,xml_geometry_csv_action
BootPass_81,168,18,18,Position_Unknown,Team_Unknown,Action_BootAway,1495.25,380.36,1544.24,472.03,48.99000000000001,91.66999999999996,xml_geometry_csv_action
BootPass_81,168,19,19,Position_Unknown,Team_Unknown,Action_PreSnap,1203.3,299.07,1254.9,396.78,51.600000000000136,97.70999999999998,xml_geometry_csv_action
BootPass_81,168,2,2,Position_Unknown,Team_Unknown,Action_RunFlatRoute,1159.89,709.24,1215.16,796.42,55.26999999999998,87.17999999999995,xml_geometry_csv_action
BootPass_81,168,20,20,Position_Unknown,Team_Unknown,Action_PreSnap,1132.21,250.24,1176.84,287.15,44.62999999999988,36.90999999999997,xml_geometry_csv_action
BootPass_81,168,21,21,Position_Unknown,Team_Unknown,Action_PreSnap,1232.82,261.57,1282.9,368.72,50.080000000000155,107.15000000000003,xml_geometry_csv_action
BootPass_81,168,3,3,Position_Unknown,Team_Unknown,Action_PreSnap,1167.73,376.04,1225.37,448.65,57.63999999999987,72.60999999999996,xml_geometry_csv_action
BootPass_81,168,4,4,Position_Unknown,Team_Unknown,Action_PreSnap,1115.51,275.9,1163.76,357.45,48.25,81.55000000000001,xml_geometry_csv_action
BootPass_81,168,5,5,Position_Unknown,Team_Unknown,Action_PreSnap,1270.29,377.4,1345.03,482.12,74.74000000000001,104.72000000000003,xml_geometry_csv_action
BootPass_81,168,6,6,Position_Unknown,Team_Unknown,Action_PreSnap,1076.16,683.79,1131.05,791.64,54.88999999999987,107.85000000000002,xml_geometry_csv_action
BootPass_81,168,7,7,Position_Unknown,Team_Unknown,Action_PreSnap,1162.17,286.44,1198.63,378.31,36.460000000000036,91.87,xml_geometry_csv_action
BootPass_81,168,8,8,Position_Unknown,Team_Unknown,Action_PreSnap,355.56,476.9,416.04,578.01,60.48000000000002,101.11000000000001,xml_geometry_csv_action
BootPass_81,168,9,9,Position_Unknown,Team_Unknown,Action_PreSnap,702.31,699.49,782.37,795.23,80.06000000000006,95.74000000000001,xml_geometry_csv_action
BootPass_81,169,0,0,Position_Unknown,Team_Unknown,Action_PreSnap,989.81,735.79,1078.84,840.51,89.02999999999997,104.72000000000003,xml_geometry_csv_action
BootPass_81,169,1,1,Position_Unknown,Team_Unknown,Action_PreSnap,1018.71,279.88,1070.32,367.77,51.6099999999999,87.88999999999999,xml_geometry_csv_action
BootPass_81,169,11,11,Position_Unknown,Team_Unknown,Action_PreSnap,1174.65,402.82,1227.49,497.25,52.83999999999992,94.43,xml_geometry_csv_action
BootPass_81,169,12,12,Position_Unknown,Team_Unknown,Action_PreSnap,1365.95,319.8,1413.57,422.81,47.61999999999989,103.00999999999999,xml_geometry_csv_action
BootPass_81,169,13,13,Position_Unknown,Team_Unknown,Action_PreSnap,1028.55,402.59,1082.83,492.52,54.27999999999997,89.93,xml_geometry_csv_action
BootPass_81,169,14,14,Position_Unknown,Team_Unknown,Action_PreSnap,1148.48,262.94,1187.21,335.61,38.73000000000002,72.67000000000002,xml_geometry_csv_action
BootPass_81,169,15,15,Position_Unknown,Team_Unknown,Action_PreSnap,981.15,279.69,1027.28,362.18,46.129999999999995,82.49000000000001,xml_geometry_csv_action
BootPass_81,169,16,16,Position_Unknown,Team_Unknown,Action_PreSnap,926.52,251.87,977.31,358.32,50.789999999999964,106.44999999999999,xml_geometry_csv_action
BootPass_81,169,17,17,Position_Unknown,Team_Unknown,Action_PreSnap,1248.89,244.03,1292.95,314.88,44.059999999999945,70.85,xml_geometry_csv_action
BootPass_81,169,18,18,Position_Unknown,Team_Unknown,Action_BootAway,1500.34,384.31,1549.76,472.84,49.42000000000007,88.52999999999997,xml_geometry_csv_action
BootPass_81,169,19,19,Position_Unknown,Team_Unknown,Action_PreSnap,1205.45,295.88,1257.41,394.59,51.960000000000036,98.70999999999998,xml_geometry_csv_action
BootPass_81,169,2,2,Position_Unknown,Team_Unknown,Action_RunFlatRoute,1156.75,710.73,1214.24,801.82,57.49000000000001,91.09000000000003,xml_geometry_csv_action
BootPass_81,169,20,20,Position_Unknown,Team_Unknown,Action_PreSnap,1133.08,245.98,1175.75,288.12,42.67000000000007,42.140000000000015,xml_geometry_csv_action
BootPass_81,169,21,21,Position_Unknown,Team_Unknown,Action_PreSnap,1236.51,258.88,1285.12,369.29,48.6099999999999,110.41000000000003,xml_geometry_csv_action
BootPass_81,169,3,3,Position_Unknown,Team_Unknown,Action_PreSnap,1170.24,375.25,1231.53,449.29,61.289999999999964,74.04000000000002,xml_geometry_csv_action
BootPass_81,169,4,4,Position_Unknown,Team_Unknown,Action_PreSnap,1116.71,273.63,1164.52,356.04,47.809999999999945,82.41000000000003,xml_geometry_csv_action
BootPass_81,169,5,5,Position_Unknown,Team_Unknown,Action_PreSnap,1272.37,381.01,1346.81,483.26,74.44000000000005,102.25,xml_geometry_csv_action
BootPass_81,169,6,6,Position_Unknown,Team_Unknown,Action_PreSnap,1075.38,684.78,1128.47,789.84,53.08999999999992,105.06000000000006,xml_geometry_csv_action
BootPass_81,169,7,7,Position_Unknown,Team_Unknown,Action_PreSnap,1162.29,286.87,1200.8,379.35,38.50999999999999,92.48000000000002,xml_geometry_csv_action
BootPass_81,169,8,8,Position_Unknown,Team_Unknown,Action_PreSnap,360.65,477.64,419.45,577.07,58.80000000000001,99.43000000000006,xml_geometry_csv_action
BootPass_81,169,9,9,Position_Unknown,Team_Unknown,Action_PreSnap,700.9,699.08,777.12,794.1,76.22000000000003,95.01999999999998,xml_geometry_csv_action
BootPass_81,170,0,0,Position_Unknown,Team_Unknown,Action_PreSnap,979.05,734.9,1067.45,839.58,88.40000000000009,104.68000000000006,xml_geometry_csv_action
BootPass_81,170,1,1,Position_Unknown,Team_Unknown,Action_PreSnap,1017.77,282.82,1068.4,374.48,50.63000000000011,91.66000000000003,xml_geometry_csv_action
BootPass_81,170,10,10,Position_Unknown,Team_Unknown,Action_PreSnap,1182.25,315.37,1231.25,401.63,49.0,86.25999999999999,xml_geometry_csv_action
BootPass_81,170,11,11,Position_Unknown,Team_Unknown,Action_PreSnap,1187.57,402.02,1242.59,496.99,55.01999999999998,94.97000000000003,xml_geometry_csv_action
BootPass_81,170,12,12,Position_Unknown,Team_Unknown,Action_PreSnap,1365.92,317.4,1413.99,417.14,48.069999999999936,99.74000000000001,xml_geometry_csv_action
BootPass_81,170,13,13,Position_Unknown,Team_Unknown,Action_PreSnap,1039.25,406.59,1090.26,494.22,51.00999999999999,87.63000000000005,xml_geometry_csv_action
BootPass_81,170,14,14,Position_Unknown,Team_Unknown,Action_PreSnap,1149.37,262.97,1186.94,342.55,37.570000000000164,79.57999999999998,xml_geometry_csv_action
BootPass_81,170,15,15,Position_Unknown,Team_Unknown,Action_PreSnap,982.09,282.11,1026.99,365.52,44.89999999999998,83.40999999999997,xml_geometry_csv_action
BootPass_81,170,16,16,Position_Unknown,Team_Unknown,Action_PreSnap,931.6,250.72,982.82,351.98,51.22000000000003,101.26000000000002,xml_geometry_csv_action
BootPass_81,170,17,17,Position_Unknown,Team_Unknown,Action_PreSnap,1256.77,244.3,1298.46,315.36,41.690000000000055,71.06,xml_geometry_csv_action
BootPass_81,170,18,18,Position_Unknown,Team_Unknown,Action_BootAway,1504.87,388.03,1556.21,473.24,51.340000000000146,85.21000000000004,xml_geometry_csv_action
BootPass_81,170,19,19,Position_Unknown,Team_Unknown,Action_PreSnap,1206.77,293.69,1258.48,393.21,51.710000000000036,99.51999999999998,xml_geometry_csv_action
BootPass_81,170,2,2,Position_Unknown,Team_Unknown,Action_RunFlatRoute,1154.98,712.83,1210.31,806.79,55.32999999999993,93.95999999999992,xml_geometry_csv_action
BootPass_81,170,21,21,Position_Unknown,Team_Unknown,Action_PreSnap,1238.24,256.55,1287.32,369.49,49.07999999999993,112.94,xml_geometry_csv_action
BootPass_81,170,3,3,Position_Unknown,Team_Unknown,Action_PreSnap,1171.09,375.6,1236.0,450.66,64.91000000000008,75.06,xml_geometry_csv_action
BootPass_81,170,4,4,Position_Unknown,Team_Unknown,Action_PreSnap,1118.37,271.92,1166.78,355.15,48.41000000000008,83.22999999999996,xml_geometry_csv_action
BootPass_81,170,5,5,Position_Unknown,Team_Unknown,Action_PreSnap,1274.19,384.44,1346.69,486.34,72.5,101.89999999999998,xml_geometry_csv_action
BootPass_81,170,6,6,Position_Unknown,Team_Unknown,Action_PreSnap,1073.86,686.26,1126.27,788.83,52.41000000000008,102.57000000000005,xml_geometry_csv_action
BootPass_81,170,7,7,Position_Unknown,Team_Unknown,Action_PreSnap,1162.78,284.9,1203.52,379.67,40.74000000000001,94.77000000000004,xml_geometry_csv_action
BootPass_81,170,8,8,Position_Unknown,Team_Unknown,Action_PreSnap,365.88,478.39,424.03,576.99,58.14999999999998,98.60000000000002,xml_geometry_csv_action
BootPass_81,170,9,9,Position_Unknown,Team_Unknown,Action_PreSnap,700.98,698.86,766.61,794.93,65.63,96.06999999999994,xml_geometry_csv_action
BootPass_81,171,0,0,Position_Unknown,Team_Unknown,Action_PreSnap,968.48,733.3,1055.13,840.97,86.65000000000009,107.67000000000007,xml_geometry_csv_action
BootPass_81,171,1,1,Position_Unknown,Team_Unknown,Action_PreSnap,1015.48,285.55,1065.01,378.79,49.52999999999997,93.24000000000001,xml_geometry_csv_action
BootPass_81,171,10,10,Position_Unknown,Team_Unknown,Action_PreSnap,1184.69,309.58,1232.03,399.88,47.33999999999992,90.30000000000001,xml_geometry_csv_action
BootPass_81,171,11,11,Position_Unknown,Team_Unknown,Action_PreSnap,1196.2,404.91,1256.53,495.29,60.32999999999993,90.38,xml_geometry_csv_action
BootPass_81,171,12,12,Position_Unknown,Team_Unknown,Action_PreSnap,1365.08,315.42,1413.79,413.64,48.710000000000036,98.21999999999997,xml_geometry_csv_action
BootPass_81,171,13,13,Position_Unknown,Team_Unknown,Action_PreSnap,1046.86,409.05,1099.87,495.77,53.00999999999999,86.71999999999997,xml_geometry_csv_action
BootPass_81,171,14,14,Position_Unknown,Team_Unknown,Action_PreSnap,1148.97,261.22,1186.67,346.9,37.700000000000045,85.67999999999995,xml_geometry_csv_action
BootPass_81,171,15,15,Position_Unknown,Team_Unknown,Action_PreSnap,981.94,284.67,1025.34,366.92,43.399999999999864,82.25,xml_geometry_csv_action
BootPass_81,171,16,16,Position_Unknown,Team_Unknown,Action_PreSnap,935.97,249.58,989.07,348.17,53.10000000000002,98.59,xml_geometry_csv_action
BootPass_81,171,17,17,Position_Unknown,Team_Unknown,Action_PreSnap,1262.74,244.46,1304.47,317.65,41.73000000000002,73.18999999999997,xml_geometry_csv_action
BootPass_81,171,18,18,Position_Unknown,Team_Unknown,Action_BootAway,1508.85,391.11,1561.34,473.97,52.49000000000001,82.86000000000001,xml_geometry_csv_action
BootPass_81,171,19,19,Position_Unknown,Team_Unknown,Action_PreSnap,1206.92,291.9,1258.51,394.09,51.58999999999992,102.19,xml_geometry_csv_action
BootPass_81,171,2,2,Position_Unknown,Team_Unknown,Action_RunFlatRoute,1153.09,716.19,1207.63,808.76,54.54000000000019,92.56999999999994,xml_geometry_csv_action
BootPass_81,171,21,21,Position_Unknown,Team_Unknown,Action_PreSnap,1239.14,254.2,1288.94,367.78,49.799999999999955,113.57999999999998,xml_geometry_csv_action
BootPass_81,171,3,3,Position_Unknown,Team_Unknown,Action_PreSnap,1172.83,371.85,1239.84,451.6,67.00999999999999,79.75,xml_geometry_csv_action
BootPass_81,171,4,4,Position_Unknown,Team_Unknown,Action_PreSnap,1119.71,269.47,1167.9,354.74,48.190000000000055,85.26999999999998,xml_geometry_csv_action
BootPass_81,171,5,5,Position_Unknown,Team_Unknown,Action_PreSnap,1275.41,387.7,1342.22,491.14,66.80999999999995,103.44,xml_geometry_csv_action
BootPass_81,171,6,6,Position_Unknown,Team_Unknown,Action_PreSnap,1070.76,688.33,1125.32,788.53,54.559999999999945,100.19999999999993,xml_geometry_csv_action
BootPass_81,171,7,7,Position_Unknown,Team_Unknown,Action_PreSnap,1163.16,281.88,1205.93,380.65,42.76999999999998,98.76999999999998,xml_geometry_csv_action
BootPass_81,171,8,8,Position_Unknown,Team_Unknown,Action_PreSnap,369.88,479.51,428.13,578.68,58.25,99.16999999999996,xml_geometry_csv_action
BootPass_81,171,9,9,Position_Unknown,Team_Unknown,Action_PreSnap,699.08,698.98,755.33,796.64,56.25,97.65999999999997,xml_geometry_csv_action
BootPass_81,172,0,0,Position_Unknown,Team_Unknown,Action_PreSnap,958.66,732.78,1034.37,843.0,75.70999999999992,110.22000000000003,xml_geometry_csv_action
BootPass_81,172,1,1,Position_Unknown,Team_Unknown,Action_PreSnap,1013.59,290.31,1061.7,380.84,48.110000000000014,90.52999999999997,xml_geometry_csv_action
BootPass_81,172,10,10,Position_Unknown,Team_Unknown,Action_PreSnap,1186.3,305.99,1230.28,398.31,43.98000000000002,92.32,xml_geometry_csv_action
BootPass_81,172,11,11,Position_Unknown,Team_Unknown,Action_PreSnap,1203.98,402.79,1262.9,493.87,58.92000000000007,91.07999999999998,xml_geometry_csv_action
BootPass_81,172,12,12,Position_Unknown,Team_Unknown,Action_PreSnap,1363.97,313.74,1412.28,411.69,48.309999999999945,97.94999999999999,xml_geometry_csv_action
BootPass_81,172,13,13,Position_Unknown,Team_Unknown,Action_PreSnap,1054.04,411.64,1107.8,499.41,53.75999999999999,87.77000000000004,xml_geometry_csv_action
BootPass_81,172,14,14,Position_Unknown,Team_Unknown,Action_PreSnap,1150.47,258.32,1188.52,343.76,38.049999999999955,85.44,xml_geometry_csv_action
BootPass_81,172,15,15,Position_Unknown,Team_Unknown,Action_PreSnap,979.1,288.16,1023.33,366.18,44.23000000000002,78.01999999999998,xml_geometry_csv_action
BootPass_81,172,16,16,Position_Unknown,Team_Unknown,Action_PreSnap,938.49,247.92,995.01,343.94,56.51999999999998,96.02000000000001,xml_geometry_csv_action
BootPass_81,172,17,17,Position_Unknown,Team_Unknown,Action_PreSnap,1268.93,245.42,1309.9,317.98,40.97000000000003,72.56000000000003,xml_geometry_csv_action
BootPass_81,172,18,18,Position_Unknown,Team_Unknown,Action_BootAway,1512.73,393.64,1566.72,473.09,53.99000000000001,79.44999999999999,xml_geometry_csv_action
BootPass_81,172,19,19,Position_Unknown,Team_Unknown,Action_PreSnap,1208.96,290.81,1259.31,392.46,50.34999999999991,101.64999999999998,xml_geometry_csv_action
BootPass_81,172,2,2,Position_Unknown,Team_Unknown,Action_RunFlatRoute,1152.43,719.28,1205.08,807.98,52.649999999999864,88.70000000000005,xml_geometry_csv_action
BootPass_81,172,21,21,Position_Unknown,Team_Unknown,Action_PreSnap,1241.55,253.66,1291.76,361.75,50.210000000000036,108.09,xml_geometry_csv_action
BootPass_81,172,3,3,Position_Unknown,Team_Unknown,Action_PreSnap,1177.19,369.4,1248.28,449.6,71.08999999999992,80.20000000000005,xml_geometry_csv_action
BootPass_81,172,4,4,Position_Unknown,Team_Unknown,Action_PreSnap,1122.79,266.15,1168.57,353.82,45.77999999999997,87.67000000000002,xml_geometry_csv_action
BootPass_81,172,5,5,Position_Unknown,Team_Unknown,Action_PreSnap,1276.39,390.4,1338.03,496.53,61.63999999999987,106.13,xml_geometry_csv_action
BootPass_81,172,6,6,Position_Unknown,Team_Unknown,Action_PreSnap,1067.75,689.51,1125.08,786.92,57.32999999999993,97.40999999999997,xml_geometry_csv_action
BootPass_81,172,7,7,Position_Unknown,Team_Unknown,Action_PreSnap,1163.94,279.13,1208.94,380.54,45.0,101.41000000000003,xml_geometry_csv_action
BootPass_81,172,8,8,Position_Unknown,Team_Unknown,Action_PreSnap,374.07,480.16,431.8,579.72,57.73000000000002,99.56,xml_geometry_csv_action
BootPass_81,172,9,9,Position_Unknown,Team_Unknown,Action_PreSnap,696.7,698.65,749.75,798.39,53.049999999999955,99.74000000000001,xml_geometry_csv_action
BootPass_81,173,0,0,Position_Unknown,Team_Unknown,Action_PreSnap,946.48,732.33,1014.8,842.33,68.31999999999994,110.0,xml_geometry_csv_action
BootPass_81,173,1,1,Position_Unknown,Team_Unknown,Action_PreSnap,1014.74,295.31,1060.18,382.32,45.440000000000055,87.00999999999999,xml_geometry_csv_action
BootPass_81,173,10,10,Position_Unknown,Team_Unknown,Action_PreSnap,1188.84,304.81,1231.61,401.48,42.76999999999998,96.67000000000002,xml_geometry_csv_action
BootPass_81,173,11,11,Position_Unknown,Team_Unknown,Action_PreSnap,1214.56,403.42,1267.03,493.26,52.47000000000003,89.83999999999997,xml_geometry_csv_action
BootPass_81,173,12,12,Position_Unknown,Team_Unknown,Action_PreSnap,1363.25,312.06,1411.48,411.08,48.23000000000002,99.01999999999998,xml_geometry_csv_action
BootPass_81,173,13,13,Position_Unknown,Team_Unknown,Action_PreSnap,1060.84,414.36,1116.38,501.47,55.54000000000019,87.11000000000001,xml_geometry_csv_action
BootPass_81,173,14,14,Position_Unknown,Team_Unknown,Action_PreSnap,1151.52,256.24,1190.89,338.78,39.37000000000012,82.53999999999996,xml_geometry_csv_action
BootPass_81,173,15,15,Position_Unknown,Team_Unknown,Action_PreSnap,981.39,292.83,1021.96,369.31,40.57000000000005,76.48000000000002,xml_geometry_csv_action
BootPass_81,173,16,16,Position_Unknown,Team_Unknown,Action_PreSnap,941.73,247.2,1001.79,340.92,60.059999999999945,93.72000000000003,xml_geometry_csv_action
BootPass_81,173,17,17,Position_Unknown,Team_Unknown,Action_PreSnap,1276.45,246.61,1316.13,318.5,39.680000000000064,71.88999999999999,xml_geometry_csv_action
BootPass_81,173,18,18,Position_Unknown,Team_Unknown,Action_BootAway,1515.55,396.29,1573.67,482.03,58.12000000000012,85.73999999999995,xml_geometry_csv_action
BootPass_81,173,19,19,Position_Unknown,Team_Unknown,Action_PreSnap,1212.0,290.09,1259.28,382.17,47.27999999999997,92.08000000000004,xml_geometry_csv_action
BootPass_81,173,2,2,Position_Unknown,Team_Unknown,Action_RunFlatRoute,1151.24,723.42,1207.02,806.2,55.77999999999997,82.78000000000009,xml_geometry_csv_action
BootPass_81,173,21,21,Position_Unknown,Team_Unknown,Action_PreSnap,1245.18,254.32,1295.15,357.92,49.97000000000003,103.60000000000002,xml_geometry_csv_action
BootPass_81,173,3,3,Position_Unknown,Team_Unknown,Action_PreSnap,1196.68,367.02,1257.27,443.1,60.58999999999992,76.08000000000004,xml_geometry_csv_action
BootPass_81,173,4,4,Position_Unknown,Team_Unknown,Action_PreSnap,1124.87,266.04,1168.32,353.36,43.450000000000045,87.32,xml_geometry_csv_action
BootPass_81,173,5,5,Position_Unknown,Team_Unknown,Action_PreSnap,1275.7,392.62,1335.35,500.88,59.649999999999864,108.25999999999999,xml_geometry_csv_action
BootPass_81,173,6,6,Position_Unknown,Team_Unknown,Action_PreSnap,1057.27,691.18,1126.45,784.93,69.18000000000006,93.75,xml_geometry_csv_action
BootPass_81,173,7,7,Position_Unknown,Team_Unknown,Action_PreSnap,1164.27,279.11,1208.68,381.53,44.41000000000008,102.41999999999996,xml_geometry_csv_action
BootPass_81,173,8,8,Position_Unknown,Team_Unknown,Action_PreSnap,378.7,480.81,437.42,580.45,58.72000000000003,99.64000000000004,xml_geometry_csv_action
BootPass_81,173,9,9,Position_Unknown,Team_Unknown,Action_PreSnap,693.59,698.44,747.01,798.2,53.41999999999996,99.75999999999999,xml_geometry_csv_action
BootPass_81,174,0,0,Position_Unknown,Team_Unknown,Action_PreSnap,933.72,731.87,1006.75,840.81,73.02999999999997,108.93999999999994,xml_geometry_csv_action
BootPass_81,174,1,1,Position_Unknown,Team_Unknown,Action_PreSnap,1015.57,299.54,1060.74,381.98,45.16999999999996,82.44,xml_geometry_csv_action
BootPass_81,174,10,10,Position_Unknown,Team_Unknown,Action_PreSnap,1190.44,304.44,1233.43,401.48,42.99000000000001,97.04000000000002,xml_geometry_csv_action
BootPass_81,174,11,11,Position_Unknown,Team_Unknown,Action_PreSnap,1223.31,402.72,1271.99,490.93,48.680000000000064,88.20999999999998,xml_geometry_csv_action
BootPass_81,174,12,12,Position_Unknown,Team_Unknown,Action_PreSnap,1360.89,308.78,1409.26,409.56,48.36999999999989,100.78000000000003,xml_geometry_csv_action
BootPass_81,174,13,13,Position_Unknown,Team_Unknown,Action_PreSnap,1069.96,417.11,1121.88,501.57,51.92000000000007,84.45999999999998,xml_geometry_csv_action
BootPass_81,174,14,14,Position_Unknown,Team_Unknown,Action_PreSnap,1152.66,253.57,1197.23,331.44,44.569999999999936,77.87,xml_geometry_csv_action
BootPass_81,174,15,15,Position_Unknown,Team_Unknown,Action_PreSnap,981.78,296.52,1021.4,374.67,39.620000000000005,78.15000000000003,xml_geometry_csv_action
BootPass_81,174,16,16,Position_Unknown,Team_Unknown,Action_PreSnap,945.17,245.94,1007.51,336.43,62.34000000000003,90.49000000000001,xml_geometry_csv_action
BootPass_81,174,17,17,Position_Unknown,Team_Unknown,Action_PreSnap,1283.26,246.46,1321.26,317.36,38.0,70.9,xml_geometry_csv_action
BootPass_81,174,18,18,Position_Unknown,Team_Unknown,Action_BootAway,1520.02,397.96,1579.11,488.72,59.08999999999992,90.76000000000005,xml_geometry_csv_action
BootPass_81,174,19,19,Position_Unknown,Team_Unknown,Action_PreSnap,1213.12,289.91,1262.11,377.98,48.99000000000001,88.07,xml_geometry_csv_action
BootPass_81,174,2,2,Position_Unknown,Team_Unknown,Action_RunFlatRoute,1150.13,725.89,1206.93,814.34,56.799999999999955,88.45000000000005,xml_geometry_csv_action
BootPass_81,174,21,21,Position_Unknown,Team_Unknown,Action_PreSnap,1249.33,254.67,1298.47,356.1,49.1400000000001,101.43000000000004,xml_geometry_csv_action
BootPass_81,174,3,3,Position_Unknown,Team_Unknown,Action_PreSnap,1208.6,367.78,1262.28,441.68,53.680000000000064,73.90000000000003,xml_geometry_csv_action
BootPass_81,174,4,4,Position_Unknown,Team_Unknown,Action_PreSnap,1125.25,264.14,1169.83,352.37,44.57999999999993,88.23000000000002,xml_geometry_csv_action
BootPass_81,174,5,5,Position_Unknown,Team_Unknown,Action_PreSnap,1274.87,394.28,1333.77,505.07,58.90000000000009,110.79000000000002,xml_geometry_csv_action
BootPass_81,174,6,6,Position_Unknown,Team_Unknown,Action_PreSnap,1051.4,692.52,1125.46,782.72,74.05999999999995,90.20000000000005,xml_geometry_csv_action
BootPass_81,174,7,7,Position_Unknown,Team_Unknown,Action_PreSnap,1166.4,282.08,1212.67,381.09,46.26999999999998,99.00999999999999,xml_geometry_csv_action
BootPass_81,174,8,8,Position_Unknown,Team_Unknown,Action_PreSnap,383.51,480.75,440.82,579.16,57.31,98.40999999999997,xml_geometry_csv_action
BootPass_81,174,9,9,Position_Unknown,Team_Unknown,Action_PreSnap,690.14,697.55,743.58,798.32,53.440000000000055,100.7700000000001,xml_geometry_csv_action
BootPass_81,175,0,0,Position_Unknown,Team_Unknown,Action_PreSnap,919.89,731.29,1003.0,838.4,83.11000000000001,107.11000000000001,xml_geometry_csv_action
BootPass_81,175,1,1,Position_Unknown,Team_Unknown,Action_PreSnap,1017.24,303.76,1062.56,381.51,45.319999999999936,77.75,xml_geometry_csv_action
BootPass_81,175,10,10,Position_Unknown,Team_Unknown,Action_PreSnap,1192.56,302.66,1236.59,400.34,44.02999999999997,97.67999999999995,xml_geometry_csv_action
BootPass_81,175,11,11,Position_Unknown,Team_Unknown,Action_PreSnap,1230.75,399.74,1278.56,488.37,47.809999999999945,88.63,xml_geometry_csv_action
BootPass_81,175,12,12,Position_Unknown,Team_Unknown,Action_PreSnap,1359.11,305.79,1406.64,407.2,47.5300000000002,101.40999999999997,xml_geometry_csv_action
BootPass_81,175,13,13,Position_Unknown,Team_Unknown,Action_PreSnap,1077.68,419.5,1127.53,501.54,49.84999999999991,82.04000000000002,xml_geometry_csv_action
BootPass_81,175,14,14,Position_Unknown,Team_Unknown,Action_PreSnap,1153.59,251.63,1197.92,328.16,44.330000000000155,76.53000000000003,xml_geometry_csv_action
BootPass_81,175,15,15,Position_Unknown,Team_Unknown,Action_PreSnap,981.63,299.59,1022.54,377.5,40.90999999999997,77.91000000000003,xml_geometry_csv_action
BootPass_81,175,16,16,Position_Unknown,Team_Unknown,Action_PreSnap,950.52,245.33,1015.03,329.33,64.50999999999999,83.99999999999997,xml_geometry_csv_action
BootPass_81,175,17,17,Position_Unknown,Team_Unknown,Action_PreSnap,1288.13,246.8,1328.26,319.56,40.12999999999988,72.75999999999999,xml_geometry_csv_action
BootPass_81,175,18,18,Position_Unknown,Team_Unknown,Action_BootAway,1527.02,400.55,1582.71,491.69,55.690000000000055,91.13999999999999,xml_geometry_csv_action
BootPass_81,175,19,19,Position_Unknown,Team_Unknown,Action_PreSnap,1215.46,289.86,1266.83,375.62,51.36999999999989,85.75999999999999,xml_geometry_csv_action
BootPass_81,175,2,2,Position_Unknown,Team_Unknown,Action_RunFlatRoute,1149.25,728.18,1205.53,821.7,56.27999999999997,93.5200000000001,xml_geometry_csv_action
BootPass_81,175,21,21,Position_Unknown,Team_Unknown,Action_PreSnap,1252.35,255.01,1300.83,356.17,48.48000000000002,101.16000000000003,xml_geometry_csv_action
BootPass_81,175,24,22,Position_Unknown,Team_Unknown,Action_PreSnap,1252.83,248.43,1293.6,317.97,40.76999999999998,69.54000000000002,xml_geometry_csv_action
BootPass_81,175,3,3,Position_Unknown,Team_Unknown,Action_PreSnap,1217.02,368.23,1270.02,433.78,53.0,65.54999999999995,xml_geometry_csv_action
BootPass_81,175,4,4,Position_Unknown,Team_Unknown,Action_PreSnap,1125.1,263.06,1171.15,350.81,46.05000000000018,87.75,xml_geometry_csv_action
BootPass_81,175,5,5,Position_Unknown,Team_Unknown,Action_PreSnap,1277.04,395.52,1334.75,507.93,57.710000000000036,112.41000000000003,xml_geometry_csv_action
BootPass_81,175,6,6,Position_Unknown,Team_Unknown,Action_PreSnap,1049.61,693.72,1126.8,782.15,77.19000000000005,88.42999999999995,xml_geometry_csv_action
BootPass_81,175,7,7,Position_Unknown,Team_Unknown,Action_PreSnap,1170.14,286.63,1218.77,380.48,48.62999999999988,93.85000000000002,xml_geometry_csv_action
BootPass_81,175,8,8,Position_Unknown,Team_Unknown,Action_PreSnap,388.15,481.45,442.79,577.98,54.64000000000004,96.53000000000003,xml_geometry_csv_action
BootPass_81,175,9,9,Position_Unknown,Team_Unknown,Action_PreSnap,685.46,696.89,737.51,797.7,52.049999999999955,100.81000000000006,xml_geometry_csv_action
BootPass_81,176,0,0,Position_Unknown,Team_Unknown,Action_PreSnap,907.11,732.25,996.79,838.7,89.67999999999995,106.45000000000005,xml_geometry_csv_action
BootPass_81,176,1,1,Position_Unknown,Team_Unknown,Action_PreSnap,1017.65,307.78,1062.25,388.71,44.60000000000002,80.93,xml_geometry_csv_action
BootPass_81,176,10,10,Position_Unknown,Team_Unknown,Action_PreSnap,1193.4,303.13,1238.47,399.35,45.069999999999936,96.22000000000003,xml_geometry_csv_action
BootPass_81,176,11,11,Position_Unknown,Team_Unknown,Action_PreSnap,1234.34,398.12,1281.99,483.85,47.65000000000009,85.73000000000002,xml_geometry_csv_action
BootPass_81,176,12,12,Position_Unknown,Team_Unknown,Action_PreSnap,1356.08,302.67,1401.95,402.77,45.87000000000012,100.09999999999997,xml_geometry_csv_action
BootPass_81,176,13,13,Position_Unknown,Team_Unknown,Action_PreSnap,1083.58,422.44,1134.53,501.32,50.950000000000045,78.88,xml_geometry_csv_action
BootPass_81,176,14,14,Position_Unknown,Team_Unknown,Action_PreSnap,1152.64,250.59,1197.62,328.09,44.97999999999979,77.49999999999997,xml_geometry_csv_action
BootPass_81,176,15,15,Position_Unknown,Team_Unknown,Action_PreSnap,979.45,303.89,1022.5,380.48,43.049999999999955,76.59000000000003,xml_geometry_csv_action
BootPass_81,176,16,16,Position_Unknown,Team_Unknown,Action_PreSnap,957.15,246.46,1020.27,324.15,63.120000000000005,77.68999999999997,xml_geometry_csv_action
BootPass_81,176,17,17,Position_Unknown,Team_Unknown,Action_PreSnap,1292.87,247.49,1334.03,321.14,41.16000000000008,73.64999999999998,xml_geometry_csv_action
BootPass_81,176,18,18,Position_Unknown,Team_Unknown,Action_BootAway,1531.46,404.47,1585.4,493.93,53.940000000000055,89.45999999999998,xml_geometry_csv_action
BootPass_81,176,19,19,Position_Unknown,Team_Unknown,Action_PreSnap,1218.66,293.56,1272.57,375.74,53.909999999999854,82.18,xml_geometry_csv_action
BootPass_81,176,2,2,Position_Unknown,Team_Unknown,Action_RunFlatRoute,1147.1,731.42,1198.63,829.02,51.5300000000002,97.60000000000002,xml_geometry_csv_action
BootPass_81,176,21,21,Position_Unknown,Team_Unknown,Action_PreSnap,1255.43,254.71,1301.8,357.18,46.36999999999989,102.47,xml_geometry_csv_action
BootPass_81,176,24,22,Position_Unknown,Team_Unknown,Action_PreSnap,1255.32,249.04,1293.02,314.41,37.700000000000045,65.37000000000003,xml_geometry_csv_action
BootPass_81,176,3,3,Position_Unknown,Team_Unknown,Action_PreSnap,1224.39,369.12,1277.44,428.57,53.049999999999955,59.44999999999999,xml_geometry_csv_action
BootPass_81,176,4,4,Position_Unknown,Team_Unknown,Action_PreSnap,1121.37,263.69,1171.2,349.32,49.830000000000155,85.63,xml_geometry_csv_action
BootPass_81,176,5,5,Position_Unknown,Team_Unknown,Action_PreSnap,1278.84,397.56,1334.29,509.82,55.450000000000045,112.25999999999999,xml_geometry_csv_action
BootPass_81,176,6,6,Position_Unknown,Team_Unknown,Action_PreSnap,1046.08,694.54,1122.22,783.54,76.1400000000001,89.0,xml_geometry_csv_action
BootPass_81,176,7,7,Position_Unknown,Team_Unknown,Action_PreSnap,1174.7,291.31,1220.77,379.02,46.069999999999936,87.70999999999998,xml_geometry_csv_action
BootPass_81,176,8,8,Position_Unknown,Team_Unknown,Action_PreSnap,392.49,483.92,444.65,577.19,52.15999999999997,93.27000000000004,xml_geometry_csv_action
BootPass_81,176,9,9,Position_Unknown,Team_Unknown,Action_PreSnap,680.4,697.03,733.14,796.09,52.74000000000001,99.06000000000006,xml_geometry_csv_action
BootPass_81,177,0,0,Position_Unknown,Team_Unknown,Action_PreSnap,893.19,731.75,987.8,842.09,94.6099999999999,110.34000000000003,xml_geometry_csv_action
BootPass_81,177,1,1,Position_Unknown,Team_Unknown,Action_PreSnap,1016.09,311.21,1061.27,397.08,45.17999999999995,85.87,xml_geometry_csv_action
BootPass_81,177,10,10,Position_Unknown,Team_Unknown,Action_PreSnap,1194.49,300.91,1239.62,395.26,45.12999999999988,94.34999999999997,xml_geometry_csv_action
BootPass_81,177,11,11,Position_Unknown,Team_Unknown,Action_PreSnap,1237.63,396.16,1286.68,477.44,49.049999999999955,81.27999999999997,xml_geometry_csv_action
BootPass_81,177,12,12,Position_Unknown,Team_Unknown,Action_PreSnap,1355.14,299.22,1399.55,395.83,44.409999999999854,96.60999999999996,xml_geometry_csv_action
BootPass_81,177,13,13,Position_Unknown,Team_Unknown,Action_PreSnap,1091.12,424.43,1142.44,501.81,51.320000000000164,77.38,xml_geometry_csv_action
BootPass_81,177,14,14,Position_Unknown,Team_Unknown,Action_PreSnap,1152.67,249.03,1198.88,330.86,46.210000000000036,81.83000000000001,xml_geometry_csv_action
BootPass_81,177,15,15,Position_Unknown,Team_Unknown,Action_PreSnap,976.8,306.43,1023.94,384.73,47.1400000000001,78.30000000000001,xml_geometry_csv_action
BootPass_81,177,16,16,Position_Unknown,Team_Unknown,Action_PreSnap,963.72,245.55,1024.99,319.98,61.26999999999998,74.43,xml_geometry_csv_action
BootPass_81,177,17,17,Position_Unknown,Team_Unknown,Action_PreSnap,1296.66,248.58,1341.45,321.86,44.789999999999964,73.28,xml_geometry_csv_action
BootPass_81,177,18,18,Position_Unknown,Team_Unknown,Action_BootAway,1535.89,407.21,1588.49,494.64,52.59999999999991,87.43,xml_geometry_csv_action
BootPass_81,177,19,19,Position_Unknown,Team_Unknown,Action_PreSnap,1220.9,290.83,1279.13,375.32,58.23000000000002,84.49000000000001,xml_geometry_csv_action
BootPass_81,177,2,2,Position_Unknown,Team_Unknown,Action_RunFlatRoute,1145.42,734.2,1194.18,831.81,48.75999999999999,97.6099999999999,xml_geometry_csv_action
BootPass_81,177,21,21,Position_Unknown,Team_Unknown,Action_PreSnap,1258.37,252.81,1305.39,357.58,47.02000000000021,104.76999999999998,xml_geometry_csv_action
BootPass_81,177,26,23,Position_Unknown,Team_Unknown,Action_PreSnap,1203.5,271.97,1244.68,307.83,41.180000000000064,35.85999999999996,xml_geometry_csv_action
BootPass_81,177,27,24,Position_Unknown,Team_Unknown,Action_PreSnap,1120.71,250.04,1164.56,309.02,43.84999999999991,58.97999999999999,xml_geometry_csv_action
BootPass_81,177,3,3,Position_Unknown,Team_Unknown,Action_PreSnap,1235.14,369.29,1285.96,439.98,50.819999999999936,70.69,xml_geometry_csv_action
BootPass_81,177,4,4,Position_Unknown,Team_Unknown,Action_PreSnap,1118.64,262.47,1172.74,348.6,54.09999999999991,86.13,xml_geometry_csv_action
BootPass_81,177,5,5,Position_Unknown,Team_Unknown,Action_PreSnap,1282.48,397.89,1335.95,509.13,53.47000000000003,111.24000000000001,xml_geometry_csv_action
BootPass_81,177,6,6,Position_Unknown,Team_Unknown,Action_PreSnap,1043.86,694.96,1121.27,784.71,77.41000000000008,89.75,xml_geometry_csv_action
BootPass_81,177,8,8,Position_Unknown,Team_Unknown,Action_PreSnap,396.8,485.65,448.44,576.15,51.639999999999986,90.5,xml_geometry_csv_action
BootPass_81,177,9,9,Position_Unknown,Team_Unknown,Action_PreSnap,674.06,696.15,731.49,793.63,57.430000000000064,97.48000000000002,xml_geometry_csv_action
BootPass_81,178,0,0,Position_Unknown,Team_Unknown,Action_PreSnap,884.04,730.97,972.11,846.13,88.07000000000005,115.15999999999997,xml_geometry_csv_action
BootPass_81,178,1,1,Position_Unknown,Team_Unknown,Action_PreSnap,1013.9,313.56,1059.32,403.53,45.41999999999996,89.96999999999997,xml_geometry_csv_action
BootPass_81,178,10,10,Position_Unknown,Team_Unknown,Action_PreSnap,1194.55,296.89,1239.5,390.07,44.950000000000045,93.18,xml_geometry_csv_action
BootPass_81,178,11,11,Position_Unknown,Team_Unknown,Action_PreSnap,1241.49,398.28,1293.79,471.18,52.299999999999955,72.90000000000003,xml_geometry_csv_action
BootPass_81,178,12,12,Position_Unknown,Team_Unknown,Action_PreSnap,1353.09,295.56,1396.88,389.1,43.79000000000019,93.54000000000002,xml_geometry_csv_action
BootPass_81,178,13,13,Position_Unknown,Team_Unknown,Action_PreSnap,1097.96,426.09,1147.8,502.88,49.83999999999992,76.79000000000002,xml_geometry_csv_action
BootPass_81,178,14,14,Position_Unknown,Team_Unknown,Action_PreSnap,1152.97,247.44,1200.25,336.74,47.27999999999997,89.30000000000001,xml_geometry_csv_action
BootPass_81,178,15,15,Position_Unknown,Team_Unknown,Action_PreSnap,972.63,309.33,1023.54,388.61,50.90999999999997,79.28000000000003,xml_geometry_csv_action
BootPass_81,178,16,16,Position_Unknown,Team_Unknown,Action_PreSnap,972.87,242.11,1031.53,316.96,58.65999999999997,74.84999999999997,xml_geometry_csv_action
BootPass_81,178,17,17,Position_Unknown,Team_Unknown,Action_PreSnap,1299.81,249.39,1349.38,320.69,49.570000000000164,71.30000000000001,xml_geometry_csv_action
BootPass_81,178,18,18,Position_Unknown,Team_Unknown,Action_BootAway,1539.64,408.85,1589.89,494.11,50.25,85.25999999999999,xml_geometry_csv_action
BootPass_81,178,19,19,Position_Unknown,Team_Unknown,Action_PreSnap,1222.77,285.67,1282.18,372.31,59.41000000000008,86.63999999999999,xml_geometry_csv_action
BootPass_81,178,2,2,Position_Unknown,Team_Unknown,Action_RunFlatRoute,1144.39,736.79,1192.93,831.21,48.539999999999964,94.42000000000007,xml_geometry_csv_action
BootPass_81,178,21,21,Position_Unknown,Team_Unknown,Action_PreSnap,1260.19,252.46,1309.06,355.74,48.86999999999989,103.28,xml_geometry_csv_action
BootPass_81,178,26,23,Position_Unknown,Team_Unknown,Action_PreSnap,1207.39,269.89,1247.28,302.65,39.88999999999987,32.75999999999999,xml_geometry_csv_action
BootPass_81,178,3,3,Position_Unknown,Team_Unknown,Action_PreSnap,1242.99,365.47,1293.77,431.1,50.77999999999997,65.63,xml_geometry_csv_action
BootPass_81,178,4,4,Position_Unknown,Team_Unknown,Action_PreSnap,1118.57,261.06,1173.42,346.77,54.850000000000136,85.70999999999998,xml_geometry_csv_action
BootPass_81,178,5,5,Position_Unknown,Team_Unknown,Action_PreSnap,1285.57,400.23,1339.0,506.53,53.430000000000064,106.29999999999995,xml_geometry_csv_action
BootPass_81,178,6,6,Position_Unknown,Team_Unknown,Action_PreSnap,1043.61,696.1,1115.65,784.41,72.04000000000019,88.30999999999995,xml_geometry_csv_action
BootPass_81,178,8,8,Position_Unknown,Team_Unknown,Action_PreSnap,401.52,486.64,455.42,573.94,53.900000000000034,87.30000000000007,xml_geometry_csv_action
BootPass_81,178,9,9,Position_Unknown,Team_Unknown,Action_PreSnap,665.97,694.28,733.05,790.81,67.07999999999993,96.52999999999997,xml_geometry_csv_action
BootPass_81,179,0,0,Position_Unknown,Team_Unknown,Action_PreSnap,872.58,731.58,947.48,848.83,74.89999999999998,117.25,xml_geometry_csv_action
BootPass_81,179,1,1,Position_Unknown,Team_Unknown,Action_PreSnap,1011.39,316.64,1059.25,408.1,47.860000000000014,91.46000000000004,xml_geometry_csv_action
BootPass_81,179,10,10,Position_Unknown,Team_Unknown,Action_PreSnap,1195.45,295.73,1240.28,387.32,44.82999999999993,91.58999999999997,xml_geometry_csv_action
BootPass_81,179,11,11,Position_Unknown,Team_Unknown,Action_PreSnap,1243.69,400.35,1297.24,467.57,53.549999999999955,67.21999999999997,xml_geometry_csv_action
BootPass_81,179,12,12,Position_Unknown,Team_Unknown,Action_PreSnap,1349.05,293.15,1393.34,384.1,44.289999999999964,90.95000000000005,xml_geometry_csv_action
BootPass_81,179,13,13,Position_Unknown,Team_Unknown,Action_PreSnap,1102.78,428.96,1153.65,506.86,50.87000000000012,77.90000000000003,xml_geometry_csv_action
BootPass_81,179,14,14,Position_Unknown,Team_Unknown,Action_PreSnap,1153.13,245.81,1199.88,336.44,46.75,90.63,xml_geometry_csv_action
BootPass_81,179,15,15,Position_Unknown,Team_Unknown,Action_PreSnap,970.78,312.49,1022.92,393.75,52.139999999999986,81.25999999999999,xml_geometry_csv_action
BootPass_81,179,16,16,Position_Unknown,Team_Unknown,Action_PreSnap,981.79,241.95,1038.38,319.16,56.590000000000146,77.21000000000004,xml_geometry_csv_action
BootPass_81,179,17,17,Position_Unknown,Team_Unknown,Action_PreSnap,1311.6,251.03,1356.94,317.65,45.340000000000146,66.61999999999998,xml_geometry_csv_action
BootPass_81,179,18,18,Position_Unknown,Team_Unknown,Action_BootAway,1542.01,411.7,1591.15,499.41,49.1400000000001,87.71000000000004,xml_geometry_csv_action
BootPass_81,179,19,19,Position_Unknown,Team_Unknown,Action_PreSnap,1223.9,285.0,1280.12,371.38,56.2199999999998,86.38,xml_geometry_csv_action
BootPass_81,179,2,2,Position_Unknown,Team_Unknown,Action_RunFlatRoute,1141.11,740.57,1190.57,830.84,49.460000000000036,90.26999999999998,xml_geometry_csv_action
BootPass_81,179,21,21,Position_Unknown,Team_Unknown,Action_PreSnap,1262.37,254.94,1311.9,356.7,49.5300000000002,101.75999999999999,xml_geometry_csv_action
BootPass_81,179,26,23,Position_Unknown,Team_Unknown,Action_PreSnap,1210.79,268.73,1249.52,301.26,38.73000000000002,32.52999999999997,xml_geometry_csv_action
BootPass_81,179,3,3,Position_Unknown,Team_Unknown,Action_PreSnap,1245.75,364.48,1302.0,430.66,56.25,66.18,xml_geometry_csv_action
BootPass_81,179,4,4,Position_Unknown,Team_Unknown,Action_PreSnap,1118.67,259.58,1172.53,346.83,53.8599999999999,87.25,xml_geometry_csv_action
BootPass_81,179,5,5,Position_Unknown,Team_Unknown,Action_PreSnap,1287.06,402.6,1343.47,504.32,56.41000000000008,101.71999999999997,xml_geometry_csv_action
BootPass_81,179,6,6,Position_Unknown,Team_Unknown,Action_PreSnap,1043.43,696.15,1109.79,785.33,66.3599999999999,89.18000000000006,xml_geometry_csv_action
BootPass_81,179,8,8,Position_Unknown,Team_Unknown,Action_PreSnap,405.24,489.32,459.25,576.04,54.00999999999999,86.71999999999997,xml_geometry_csv_action
BootPass_81,179,9,9,Position_Unknown,Team_Unknown,Action_PreSnap,658.81,693.88,733.71,789.4,74.90000000000009,95.51999999999998,xml_geometry_csv_action
BootPass_81,180,0,0,Position_Unknown,Team_Unknown,Action_PreSnap,855.74,731.64,922.78,847.87,67.03999999999996,116.23000000000002,xml_geometry_csv_action
BootPass_81,180,1,1,Position_Unknown,Team_Unknown,Action_PreSnap,1008.54,322.49,1059.42,409.92,50.88000000000011,87.43,xml_geometry_csv_action
BootPass_81,180,10,10,Position_Unknown,Team_Unknown,Action_PreSnap,1195.79,292.35,1240.67,384.69,44.88000000000011,92.33999999999997,xml_geometry_csv_action
BootPass_81,180,11,11,Position_Unknown,Team_Unknown,Action_PreSnap,1244.57,398.94,1302.54,465.79,57.97000000000003,66.85000000000002,xml_geometry_csv_action
BootPass_81,180,12,12,Position_Unknown,Team_Unknown,Action_PreSnap,1344.45,290.28,1390.75,379.7,46.299999999999955,89.42000000000002,xml_geometry_csv_action
BootPass_81,180,13,13,Position_Unknown,Team_Unknown,Action_PreSnap,1106.59,430.92,1163.39,516.46,56.80000000000018,85.54000000000002,xml_geometry_csv_action
BootPass_81,180,14,14,Position_Unknown,Team_Unknown,Action_PreSnap,1153.8,243.71,1202.4,337.54,48.600000000000136,93.83000000000001,xml_geometry_csv_action
BootPass_81,180,15,15,Position_Unknown,Team_Unknown,Action_PreSnap,971.87,315.18,1022.67,398.28,50.799999999999955,83.09999999999997,xml_geometry_csv_action
BootPass_81,180,16,16,Position_Unknown,Team_Unknown,Action_PreSnap,991.1,241.67,1043.47,323.97,52.370000000000005,82.30000000000004,xml_geometry_csv_action
BootPass_81,180,17,17,Position_Unknown,Team_Unknown,Action_PreSnap,1320.57,252.39,1362.2,316.87,41.63000000000011,64.48000000000002,xml_geometry_csv_action
BootPass_81,180,18,18,Position_Unknown,Team_Unknown,Action_BootAway,1543.85,413.95,1593.14,503.36,49.29000000000019,89.41000000000003,xml_geometry_csv_action
BootPass_81,180,19,19,Position_Unknown,Team_Unknown,Action_PreSnap,1225.11,281.62,1279.01,370.36,53.90000000000009,88.74000000000001,xml_geometry_csv_action
BootPass_81,180,2,2,Position_Unknown,Team_Unknown,Action_RunFlatRoute,1137.77,742.48,1188.18,829.68,50.41000000000008,87.19999999999993,xml_geometry_csv_action
BootPass_81,180,21,21,Position_Unknown,Team_Unknown,Action_PreSnap,1264.76,255.69,1315.57,354.34,50.809999999999945,98.64999999999998,xml_geometry_csv_action
BootPass_81,180,26,23,Position_Unknown,Team_Unknown,Action_PreSnap,1211.05,265.5,1252.18,299.37,41.13000000000011,33.870000000000005,xml_geometry_csv_action
BootPass_81,180,28,25,Position_Unknown,Team_Unknown,Action_PreSnap,1301.59,260.57,1347.55,322.98,45.960000000000036,62.410000000000025,xml_geometry_csv_action
BootPass_81,180,3,3,Position_Unknown,Team_Unknown,Action_PreSnap,1246.53,361.56,1309.37,431.31,62.83999999999992,69.75,xml_geometry_csv_action
BootPass_81,180,4,4,Position_Unknown,Team_Unknown,Action_PreSnap,1119.09,259.05,1171.78,346.25,52.690000000000055,87.19999999999999,xml_geometry_csv_action
BootPass_81,180,5,5,Position_Unknown,Team_Unknown,Action_PreSnap,1287.67,402.82,1348.56,503.68,60.88999999999987,100.86000000000001,xml_geometry_csv_action
BootPass_81,180,6,6,Position_Unknown,Team_Unknown,Action_PreSnap,1044.51,698.11,1100.34,786.54,55.82999999999993,88.42999999999995,xml_geometry_csv_action
BootPass_81,180,8,8,Position_Unknown,Team_Unknown,Action_PreSnap,409.04,490.01,463.74,577.08,54.69999999999999,87.07000000000005,xml_geometry_csv_action
BootPass_81,180,9,9,Position_Unknown,Team_Unknown,Action_PreSnap,652.76,691.88,734.02,787.63,81.25999999999999,95.75,xml_geometry_csv_action
BootPass_81,181,0,0,Position_Unknown,Team_Unknown,Action_PreSnap,840.5,730.81,914.52,846.59,74.01999999999998,115.78000000000009,xml_geometry_csv_action
BootPass_81,181,1,1,Position_Unknown,Team_Unknown,Action_PreSnap,1007.13,328.54,1060.63,410.95,53.500000000000114,82.40999999999997,xml_geometry_csv_action
BootPass_81,181,10,10,Position_Unknown,Team_Unknown,Action_PreSnap,1196.53,291.02,1240.52,381.61,43.99000000000001,90.59000000000003,xml_geometry_csv_action
BootPass_81,181,11,11,Position_Unknown,Team_Unknown,Action_PreSnap,1246.43,397.53,1309.71,465.22,63.27999999999997,67.69000000000005,xml_geometry_csv_action
BootPass_81,181,12,12,Position_Unknown,Team_Unknown,Action_PreSnap,1341.47,288.11,1388.26,376.67,46.789999999999964,88.56,xml_geometry_csv_action
BootPass_81,181,13,13,Position_Unknown,Team_Unknown,Action_PreSnap,1110.64,432.5,1172.14,519.71,61.5,87.21000000000004,xml_geometry_csv_action
BootPass_81,181,14,14,Position_Unknown,Team_Unknown,Action_PreSnap,1155.32,241.74,1204.61,337.45,49.289999999999964,95.70999999999998,xml_geometry_csv_action
BootPass_81,181,15,15,Position_Unknown,Team_Unknown,Action_PreSnap,973.83,318.56,1021.25,399.97,47.41999999999996,81.41000000000003,xml_geometry_csv_action
BootPass_81,181,16,16,Position_Unknown,Team_Unknown,Action_PreSnap,997.37,241.89,1046.92,326.91,49.55000000000007,85.02000000000004,xml_geometry_csv_action
BootPass_81,181,18,18,Position_Unknown,Team_Unknown,Action_BootAway,1547.03,416.86,1597.2,508.11,50.17000000000007,91.25,xml_geometry_csv_action
BootPass_81,181,19,19,Position_Unknown,Team_Unknown,Action_PreSnap,1227.7,278.0,1278.02,367.6,50.319999999999936,89.60000000000002,xml_geometry_csv_action
BootPass_81,181,2,2,Position_Unknown,Team_Unknown,Action_RunFlatRoute,1133.14,744.84,1186.13,834.19,52.99000000000001,89.35000000000002,xml_geometry_csv_action
BootPass_81,181,21,21,Position_Unknown,Team_Unknown,Action_PreSnap,1267.26,255.45,1320.89,351.27,53.63000000000011,95.82,xml_geometry_csv_action
BootPass_81,181,26,23,Position_Unknown,Team_Unknown,Action_PreSnap,1216.67,262.02,1257.94,298.83,41.26999999999998,36.81,xml_geometry_csv_action
BootPass_81,181,27,24,Position_Unknown,Team_Unknown,Action_PreSnap,1113.14,243.07,1161.47,294.44,48.32999999999993,51.370000000000005,xml_geometry_csv_action
BootPass_81,181,28,25,Position_Unknown,Team_Unknown,Action_PreSnap,1311.03,260.45,1356.34,328.42,45.309999999999945,67.97000000000003,xml_geometry_csv_action
BootPass_81,181,3,3,Position_Unknown,Team_Unknown,Action_PreSnap,1249.37,360.02,1316.41,432.0,67.04000000000019,71.98000000000002,xml_geometry_csv_action
BootPass_81,181,4,4,Position_Unknown,Team_Unknown,Action_PreSnap,1119.0,257.68,1171.58,346.33,52.57999999999993,88.64999999999998,xml_geometry_csv_action
BootPass_81,181,5,5,Position_Unknown,Team_Unknown,Action_PreSnap,1289.1,404.16,1354.72,505.65,65.62000000000012,101.48999999999995,xml_geometry_csv_action
BootPass_81,181,6,6,Position_Unknown,Team_Unknown,Action_PreSnap,1044.42,700.05,1096.13,785.92,51.710000000000036,85.87,xml_geometry_csv_action
BootPass_81,181,8,8,Position_Unknown,Team_Unknown,Action_PreSnap,413.41,491.29,466.83,580.98,53.41999999999996,89.69,xml_geometry_csv_action
BootPass_81,181,9,9,Position_Unknown,Team_Unknown,Action_PreSnap,647.94,690.53,730.2,787.73,82.25999999999999,97.20000000000005,xml_geometry_csv_action
BootPass_81,182,0,0,Position_Unknown,Team_Unknown,Action_PreSnap,828.33,728.31,909.59,842.96,81.25999999999999,114.65000000000009,xml_geometry_csv_action
BootPass_81,182,1,1,Position_Unknown,Team_Unknown,Action_PreSnap,1003.96,332.65,1061.47,411.42,57.50999999999999,78.77000000000004,xml_geometry_csv_action
BootPass_81,182,10,10,Position_Unknown,Team_Unknown,Action_PreSnap,1194.88,289.34,1239.16,379.21,44.27999999999997,89.87,xml_geometry_csv_action
BootPass_81,182,11,11,Position_Unknown,Team_Unknown,Action_PreSnap,1248.37,395.55,1316.43,464.31,68.06000000000017,68.75999999999999,xml_geometry_csv_action
BootPass_81,182,12,12,Position_Unknown,Team_Unknown,Action_PreSnap,1337.09,284.79,1383.43,373.2,46.340000000000146,88.40999999999997,xml_geometry_csv_action
BootPass_81,182,13,13,Position_Unknown,Team_Unknown,Action_PreSnap,1116.49,436.16,1177.23,521.13,60.74000000000001,84.96999999999997,xml_geometry_csv_action
BootPass_81,182,14,14,Position_Unknown,Team_Unknown,Action_PreSnap,1155.46,239.28,1203.9,336.91,48.440000000000055,97.63000000000002,xml_geometry_csv_action
BootPass_81,182,15,15,Position_Unknown,Team_Unknown,Action_PreSnap,975.95,322.67,1020.75,400.88,44.799999999999955,78.20999999999998,xml_geometry_csv_action
BootPass_81,182,16,16,Position_Unknown,Team_Unknown,Action_PreSnap,1003.03,240.72,1049.87,328.21,46.83999999999992,87.48999999999998,xml_geometry_csv_action
BootPass_81,182,17,17,Position_Unknown,Team_Unknown,Action_PreSnap,1322.03,256.0,1373.74,331.28,51.710000000000036,75.27999999999997,xml_geometry_csv_action
BootPass_81,182,18,18,Position_Unknown,Team_Unknown,Action_BootAway,1550.37,419.8,1601.62,512.07,51.25,92.27000000000004,xml_geometry_csv_action
BootPass_81,182,19,19,Position_Unknown,Team_Unknown,Action_PreSnap,1229.31,274.29,1276.92,366.66,47.61000000000013,92.37,xml_geometry_csv_action
BootPass_81,182,2,2,Position_Unknown,Team_Unknown,Action_RunFlatRoute,1128.6,747.63,1181.79,840.96,53.190000000000055,93.33000000000004,xml_geometry_csv_action
BootPass_81,182,21,21,Position_Unknown,Team_Unknown,Action_PreSnap,1269.57,254.93,1324.87,349.1,55.299999999999955,94.17000000000002,xml_geometry_csv_action
BootPass_81,182,26,23,Position_Unknown,Team_Unknown,Action_PreSnap,1220.57,259.28,1261.05,300.86,40.48000000000002,41.58000000000004,xml_geometry_csv_action
BootPass_81,182,27,24,Position_Unknown,Team_Unknown,Action_PreSnap,1110.44,240.59,1159.65,290.44,49.210000000000036,49.849999999999994,xml_geometry_csv_action
BootPass_81,182,3,3,Position_Unknown,Team_Unknown,Action_PreSnap,1255.87,358.73,1323.6,428.43,67.73000000000002,69.69999999999999,xml_geometry_csv_action
BootPass_81,182,4,4,Position_Unknown,Team_Unknown,Action_PreSnap,1119.36,257.58,1170.35,346.3,50.99000000000001,88.72000000000003,xml_geometry_csv_action
BootPass_81,182,5,5,Position_Unknown,Team_Unknown,Action_PreSnap,1289.15,405.93,1359.14,509.23,69.99000000000001,103.30000000000001,xml_geometry_csv_action
BootPass_81,182,6,6,Position_Unknown,Team_Unknown,Action_PreSnap,1044.31,700.55,1093.01,785.87,48.700000000000045,85.32000000000005,xml_geometry_csv_action
BootPass_81,182,8,8,Position_Unknown,Team_Unknown,Action_PreSnap,417.47,492.53,470.96,583.66,53.48999999999995,91.13,xml_geometry_csv_action
BootPass_81,182,9,9,Position_Unknown,Team_Unknown,Action_PreSnap,644.54,690.08,718.79,787.23,74.25,97.14999999999998,xml_geometry_csv_action
BootPass_81,183,0,0,Position_Unknown,Team_Unknown,Action_PreSnap,818.14,724.89,904.57,834.73,86.43000000000006,109.84000000000003,xml_geometry_csv_action
BootPass_81,183,1,1,Position_Unknown,Team_Unknown,Action_PreSnap,998.59,335.44,1062.19,417.0,63.60000000000002,81.56,xml_geometry_csv_action
BootPass_81,183,10,10,Position_Unknown,Team_Unknown,Action_PreSnap,1193.15,286.77,1237.55,377.65,44.399999999999864,90.88,xml_geometry_csv_action
BootPass_81,183,11,11,Position_Unknown,Team_Unknown,Action_PreSnap,1256.66,395.45,1324.5,461.27,67.83999999999992,65.82,xml_geometry_csv_action
BootPass_81,183,12,12,Position_Unknown,Team_Unknown,Action_PreSnap,1332.12,282.41,1378.84,370.16,46.72000000000003,87.75,xml_geometry_csv_action
BootPass_81,183,13,13,Position_Unknown,Team_Unknown,Action_PreSnap,1118.81,440.74,1178.26,519.93,59.450000000000045,79.18999999999994,xml_geometry_csv_action
BootPass_81,183,14,14,Position_Unknown,Team_Unknown,Action_PreSnap,1156.38,237.03,1203.8,334.29,47.419999999999845,97.26000000000002,xml_geometry_csv_action
BootPass_81,183,15,15,Position_Unknown,Team_Unknown,Action_PreSnap,977.38,326.4,1017.91,401.13,40.52999999999997,74.73000000000002,xml_geometry_csv_action
BootPass_81,183,16,16,Position_Unknown,Team_Unknown,Action_PreSnap,1007.13,240.04,1051.56,328.11,44.42999999999995,88.07000000000002,xml_geometry_csv_action
BootPass_81,183,17,17,Position_Unknown,Team_Unknown,Action_PreSnap,1325.61,256.81,1379.65,333.35,54.04000000000019,76.54000000000002,xml_geometry_csv_action
BootPass_81,183,18,18,Position_Unknown,Team_Unknown,Action_BootAway,1554.03,422.37,1603.97,512.9,49.940000000000055,90.52999999999997,xml_geometry_csv_action
BootPass_81,183,19,19,Position_Unknown,Team_Unknown,Action_PreSnap,1229.47,270.64,1276.2,366.24,46.73000000000002,95.60000000000002,xml_geometry_csv_action
BootPass_81,183,2,2,Position_Unknown,Team_Unknown,Action_RunFlatRoute,1125.95,749.44,1177.93,845.74,51.98000000000002,96.29999999999995,xml_geometry_csv_action
BootPass_81,183,21,21,Position_Unknown,Team_Unknown,Action_PreSnap,1270.62,254.07,1328.57,346.25,57.950000000000045,92.18,xml_geometry_csv_action
BootPass_81,183,26,23,Position_Unknown,Team_Unknown,Action_PreSnap,1223.16,255.51,1263.15,301.02,39.99000000000001,45.50999999999999,xml_geometry_csv_action
BootPass_81,183,27,24,Position_Unknown,Team_Unknown,Action_PreSnap,1108.07,238.04,1158.11,304.95,50.039999999999964,66.91,xml_geometry_csv_action
BootPass_81,183,3,3,Position_Unknown,Team_Unknown,Action_PreSnap,1263.65,358.74,1330.03,426.91,66.37999999999988,68.17000000000002,xml_geometry_csv_action
BootPass_81,183,4,4,Position_Unknown,Team_Unknown,Action_PreSnap,1120.85,255.33,1171.47,345.81,50.62000000000012,90.47999999999999,xml_geometry_csv_action
BootPass_81,183,5,5,Position_Unknown,Team_Unknown,Action_PreSnap,1288.98,407.37,1363.4,511.76,74.42000000000007,104.38999999999999,xml_geometry_csv_action
BootPass_81,183,6,6,Position_Unknown,Team_Unknown,Action_PreSnap,1042.01,700.46,1089.59,788.25,47.57999999999993,87.78999999999996,xml_geometry_csv_action
BootPass_81,183,8,8,Position_Unknown,Team_Unknown,Action_PreSnap,420.94,494.15,475.55,585.41,54.610000000000014,91.25999999999999,xml_geometry_csv_action
BootPass_81,183,9,9,Position_Unknown,Team_Unknown,Action_PreSnap,642.25,689.28,706.65,786.49,64.39999999999998,97.21000000000004,xml_geometry_csv_action
BootPass_81,184,0,0,Position_Unknown,Team_Unknown,Action_PreSnap,806.61,720.43,892.56,825.15,85.94999999999993,104.72000000000003,xml_geometry_csv_action
BootPass_81,184,1,1,Position_Unknown,Team_Unknown,Action_PreSnap,992.0,335.3,1058.17,426.11,66.17000000000007,90.81,xml_geometry_csv_action
BootPass_81,184,10,10,Position_Unknown,Team_Unknown,Action_PreSnap,1192.78,284.29,1237.15,375.63,44.37000000000012,91.33999999999997,xml_geometry_csv_action
BootPass_81,184,11,11,Position_Unknown,Team_Unknown,Action_PreSnap,1270.37,390.61,1337.06,465.76,66.69000000000005,75.14999999999998,xml_geometry_csv_action
BootPass_81,184,12,12,Position_Unknown,Team_Unknown,Action_PreSnap,1330.15,277.73,1375.7,367.51,45.549999999999955,89.77999999999997,xml_geometry_csv_action
BootPass_81,184,13,13,Position_Unknown,Team_Unknown,Action_PreSnap,1123.36,444.29,1179.66,521.01,56.30000000000018,76.71999999999997,xml_geometry_csv_action
BootPass_81,184,14,14,Position_Unknown,Team_Unknown,Action_PreSnap,1158.18,234.44,1203.9,330.64,45.72000000000003,96.19999999999999,xml_geometry_csv_action
BootPass_81,184,15,15,Position_Unknown,Team_Unknown,Action_PreSnap,977.31,328.39,1014.84,401.88,37.530000000000086,73.49000000000001,xml_geometry_csv_action
BootPass_81,184,16,16,Position_Unknown,Team_Unknown,Action_PreSnap,1010.3,237.68,1053.61,325.92,43.309999999999945,88.24000000000001,xml_geometry_csv_action
BootPass_81,184,17,17,Position_Unknown,Team_Unknown,Action_PreSnap,1333.99,256.95,1385.55,334.68,51.559999999999945,77.73000000000002,xml_geometry_csv_action
BootPass_81,184,18,18,Position_Unknown,Team_Unknown,Action_BootAway,1557.42,424.93,1605.84,512.03,48.419999999999845,87.09999999999997,xml_geometry_csv_action
BootPass_81,184,19,19,Position_Unknown,Team_Unknown,Action_PreSnap,1230.25,266.52,1275.98,364.67,45.73000000000002,98.15000000000003,xml_geometry_csv_action
BootPass_81,184,2,2,Position_Unknown,Team_Unknown,Action_RunFlatRoute,1123.54,750.97,1174.9,847.87,51.36000000000013,96.89999999999998,xml_geometry_csv_action
BootPass_81,184,21,21,Position_Unknown,Team_Unknown,Action_PreSnap,1271.05,253.22,1331.83,341.84,60.77999999999997,88.61999999999998,xml_geometry_csv_action
BootPass_81,184,26,23,Position_Unknown,Team_Unknown,Action_PreSnap,1226.22,252.02,1266.17,302.08,39.950000000000045,50.059999999999974,xml_geometry_csv_action
BootPass_81,184,27,24,Position_Unknown,Team_Unknown,Action_PreSnap,1106.29,234.98,1155.7,307.0,49.41000000000008,72.02000000000001,xml_geometry_csv_action
BootPass_81,184,3,3,Position_Unknown,Team_Unknown,Action_PreSnap,1271.75,359.06,1341.16,440.46,69.41000000000008,81.39999999999998,xml_geometry_csv_action
BootPass_81,184,4,4,Position_Unknown,Team_Unknown,Action_PreSnap,1123.95,252.74,1180.63,344.41,56.680000000000064,91.67000000000002,xml_geometry_csv_action
BootPass_81,184,5,5,Position_Unknown,Team_Unknown,Action_PreSnap,1288.68,408.36,1366.14,512.43,77.46000000000004,104.06999999999994,xml_geometry_csv_action
BootPass_81,184,6,6,Position_Unknown,Team_Unknown,Action_PreSnap,1038.82,703.52,1087.18,793.91,48.36000000000013,90.38999999999999,xml_geometry_csv_action
BootPass_81,184,8,8,Position_Unknown,Team_Unknown,Action_PreSnap,423.54,496.05,479.75,584.83,56.20999999999998,88.78000000000003,xml_geometry_csv_action
BootPass_81,184,9,9,Position_Unknown,Team_Unknown,Action_PreSnap,637.98,687.94,701.77,786.73,63.789999999999964,98.78999999999996,xml_geometry_csv_action
BootPass_81,185,0,0,Position_Unknown,Team_Unknown,Action_PreSnap,791.63,717.42,875.03,819.68,83.39999999999998,102.25999999999999,xml_geometry_csv_action
BootPass_81,185,1,1,Position_Unknown,Team_Unknown,Action_PreSnap,988.74,341.9,1051.08,434.97,62.33999999999992,93.07000000000005,xml_geometry_csv_action
BootPass_81,185,10,10,Position_Unknown,Team_Unknown,Action_PreSnap,1191.72,282.29,1237.38,374.42,45.66000000000008,92.13,xml_geometry_csv_action
BootPass_81,185,12,12,Position_Unknown,Team_Unknown,Action_PreSnap,1328.37,275.24,1372.46,365.13,44.090000000000146,89.88999999999999,xml_geometry_csv_action
BootPass_81,185,13,13,Position_Unknown,Team_Unknown,Action_PreSnap,1127.96,447.79,1181.6,524.46,53.63999999999987,76.67000000000002,xml_geometry_csv_action
BootPass_81,185,14,14,Position_Unknown,Team_Unknown,Action_PreSnap,1159.13,233.58,1202.86,329.04,43.72999999999979,95.46000000000001,xml_geometry_csv_action
BootPass_81,185,15,15,Position_Unknown,Team_Unknown,Action_PreSnap,977.81,330.05,1018.28,409.76,40.47000000000003,79.70999999999998,xml_geometry_csv_action
BootPass_81,185,16,16,Position_Unknown,Team_Unknown,Action_PreSnap,1012.27,235.94,1056.22,323.97,43.950000000000045,88.03000000000003,xml_geometry_csv_action
BootPass_81,185,17,17,Position_Unknown,Team_Unknown,Action_PreSnap,1344.4,258.4,1391.02,336.53,46.61999999999989,78.13,xml_geometry_csv_action
BootPass_81,185,18,18,Position_Unknown,Team_Unknown,Action_BootAway,1559.36,427.57,1610.47,511.81,51.11000000000013,84.24000000000001,xml_geometry_csv_action
BootPass_81,185,19,19,Position_Unknown,Team_Unknown,Action_PreSnap,1231.04,264.08,1276.89,363.48,45.850000000000136,99.40000000000003,xml_geometry_csv_action
BootPass_81,185,2,2,Position_Unknown,Team_Unknown,Action_RunFlatRoute,1122.21,753.72,1173.6,848.33,51.38999999999987,94.61000000000001,xml_geometry_csv_action
BootPass_81,185,21,21,Position_Unknown,Team_Unknown,Action_PreSnap,1270.59,253.17,1335.43,339.66,64.84000000000015,86.49000000000004,xml_geometry_csv_action
BootPass_81,185,27,24,Position_Unknown,Team_Unknown,Action_PreSnap,1102.8,233.45,1150.21,309.73,47.41000000000008,76.28000000000003,xml_geometry_csv_action
BootPass_81,185,3,3,Position_Unknown,Team_Unknown,Action_PreSnap,1289.91,359.63,1352.29,433.72,62.37999999999988,74.09000000000003,xml_geometry_csv_action
BootPass_81,185,4,4,Position_Unknown,Team_Unknown,Action_PreSnap,1124.0,249.82,1175.05,343.61,51.049999999999955,93.79000000000002,xml_geometry_csv_action
BootPass_81,185,5,5,Position_Unknown,Team_Unknown,Action_PreSnap,1288.85,409.1,1368.55,512.32,79.70000000000005,103.22000000000003,xml_geometry_csv_action
BootPass_81,185,6,6,Position_Unknown,Team_Unknown,Action_PreSnap,1034.25,707.53,1083.93,797.97,49.680000000000064,90.44000000000005,xml_geometry_csv_action
BootPass_81,185,8,8,Position_Unknown,Team_Unknown,Action_PreSnap,424.3,499.23,482.37,584.0,58.06999999999999,84.76999999999998,xml_geometry_csv_action
BootPass_81,185,9,9,Position_Unknown,Team_Unknown,Action_PreSnap,631.12,687.31,694.36,788.92,63.24000000000001,101.61000000000001,xml_geometry_csv_action
BootPass_81,186,0,0,Position_Unknown,Team_Unknown,Action_PreSnap,781.68,713.73,853.4,816.34,71.72000000000003,102.61000000000001,xml_geometry_csv_action
BootPass_81,186,1,1,Position_Unknown,Team_Unknown,Action_PreSnap,984.45,344.67,1044.63,438.71,60.180000000000064,94.03999999999996,xml_geometry_csv_action
BootPass_81,186,10,10,Position_Unknown,Team_Unknown,Action_PreSnap,1190.17,279.49,1236.95,372.17,46.77999999999997,92.68,xml_geometry_csv_action
BootPass_81,186,11,11,Position_Unknown,Team_Unknown,Action_PreSnap,1291.25,390.04,1351.37,469.3,60.11999999999989,79.25999999999999,xml_geometry_csv_action
BootPass_81,186,12,12,Position_Unknown,Team_Unknown,Action_PreSnap,1324.55,271.65,1369.5,358.6,44.950000000000045,86.95000000000005,xml_geometry_csv_action
BootPass_81,186,13,13,Position_Unknown,Team_Unknown,Action_PreSnap,1131.65,450.04,1183.42,535.73,51.76999999999998,85.69,xml_geometry_csv_action
BootPass_81,186,14,14,Position_Unknown,Team_Unknown,Action_PreSnap,1159.89,231.44,1201.95,325.46,42.059999999999945,94.01999999999998,xml_geometry_csv_action
BootPass_81,186,15,15,Position_Unknown,Team_Unknown,Action_PreSnap,975.15,331.21,1016.97,410.04,41.82000000000005,78.83000000000004,xml_geometry_csv_action
BootPass_81,186,16,16,Position_Unknown,Team_Unknown,Action_PreSnap,1013.26,233.53,1058.32,320.08,45.059999999999945,86.54999999999998,xml_geometry_csv_action
BootPass_81,186,17,17,Position_Unknown,Team_Unknown,Action_PreSnap,1353.27,258.34,1397.83,332.21,44.559999999999945,73.87,xml_geometry_csv_action
BootPass_81,186,18,18,Position_Unknown,Team_Unknown,Action_BootAway,1561.17,428.71,1615.16,517.04,53.99000000000001,88.32999999999998,xml_geometry_csv_action
BootPass_81,186,19,19,Position_Unknown,Team_Unknown,Action_PreSnap,1231.76,261.59,1278.47,361.9,46.710000000000036,100.31,xml_geometry_csv_action
BootPass_81,186,2,2,Position_Unknown,Team_Unknown,Action_RunFlatRoute,1121.4,755.63,1171.37,845.84,49.9699999999998,90.21000000000004,xml_geometry_csv_action
BootPass_81,186,21,21,Position_Unknown,Team_Unknown,Action_PreSnap,1272.79,252.4,1338.39,337.68,65.60000000000014,85.28,xml_geometry_csv_action
BootPass_81,186,27,24,Position_Unknown,Team_Unknown,Action_PreSnap,1097.02,230.78,1144.49,308.86,47.47000000000003,78.08000000000001,xml_geometry_csv_action
BootPass_81,186,3,3,Position_Unknown,Team_Unknown,Action_PreSnap,1301.49,359.08,1360.18,427.89,58.690000000000055,68.81,xml_geometry_csv_action
BootPass_81,186,4,4,Position_Unknown,Team_Unknown,Action_PreSnap,1122.08,247.03,1171.38,340.74,49.30000000000018,93.71000000000001,xml_geometry_csv_action
BootPass_81,186,5,5,Position_Unknown,Team_Unknown,Action_PreSnap,1289.49,406.06,1369.36,511.2,79.86999999999989,105.13999999999999,xml_geometry_csv_action
BootPass_81,186,6,6,Position_Unknown,Team_Unknown,Action_PreSnap,1028.11,709.37,1081.19,797.16,53.080000000000155,87.78999999999996,xml_geometry_csv_action
BootPass_81,186,8,8,Position_Unknown,Team_Unknown,Action_PreSnap,422.66,501.08,484.69,582.48,62.02999999999997,81.40000000000003,xml_geometry_csv_action
BootPass_81,186,9,9,Position_Unknown,Team_Unknown,Action_PreSnap,626.84,685.51,686.07,790.03,59.23000000000002,104.51999999999998,xml_geometry_csv_action
BootPass_81,187,0,0,Position_Unknown,Team_Unknown,Action_PreSnap,772.67,710.59,837.48,811.82,64.81000000000006,101.23000000000002,xml_geometry_csv_action
BootPass_81,187,1,1,Position_Unknown,Team_Unknown,Action_PreSnap,981.24,349.47,1042.2,439.0,60.960000000000036,89.52999999999997,xml_geometry_csv_action
BootPass_81,187,10,10,Position_Unknown,Team_Unknown,Action_PreSnap,1189.72,276.71,1235.52,369.26,45.799999999999955,92.55000000000001,xml_geometry_csv_action
BootPass_81,187,12,12,Position_Unknown,Team_Unknown,Action_PreSnap,1319.35,269.73,1367.15,354.82,47.80000000000018,85.08999999999997,xml_geometry_csv_action
BootPass_81,187,13,13,Position_Unknown,Team_Unknown,Action_PreSnap,1137.56,452.01,1186.78,541.6,49.22000000000003,89.59000000000003,xml_geometry_csv_action
BootPass_81,187,14,14,Position_Unknown,Team_Unknown,Action_PreSnap,1160.11,227.91,1200.99,320.8,40.88000000000011,92.89000000000001,xml_geometry_csv_action
BootPass_81,187,15,15,Position_Unknown,Team_Unknown,Action_PreSnap,968.98,334.01,1015.57,401.27,46.59000000000003,67.25999999999999,xml_geometry_csv_action
BootPass_81,187,16,16,Position_Unknown,Team_Unknown,Action_PreSnap,1013.58,231.59,1060.5,313.11,46.91999999999996,81.52000000000001,xml_geometry_csv_action
BootPass_81,187,17,17,Position_Unknown,Team_Unknown,Action_PreSnap,1354.96,258.98,1401.28,328.14,46.319999999999936,69.15999999999997,xml_geometry_csv_action
BootPass_81,187,18,18,Position_Unknown,Team_Unknown,Action_BootAway,1562.54,429.85,1618.99,522.9,56.450000000000045,93.04999999999995,xml_geometry_csv_action
BootPass_81,187,19,19,Position_Unknown,Team_Unknown,Action_PreSnap,1234.44,259.34,1280.96,358.69,46.51999999999998,99.35000000000002,xml_geometry_csv_action
BootPass_81,187,2,2,Position_Unknown,Team_Unknown,Action_RunFlatRoute,1120.13,756.76,1168.59,848.65,48.45999999999981,91.88999999999999,xml_geometry_csv_action
BootPass_81,187,21,21,Position_Unknown,Team_Unknown,Action_PreSnap,1277.98,254.09,1336.33,335.62,58.34999999999991,81.53,xml_geometry_csv_action
BootPass_81,187,27,24,Position_Unknown,Team_Unknown,Action_PreSnap,1092.67,227.06,1142.03,308.53,49.3599999999999,81.46999999999997,xml_geometry_csv_action
BootPass_81,187,3,3,Position_Unknown,Team_Unknown,Action_PreSnap,1307.44,358.39,1364.13,426.35,56.690000000000055,67.96000000000004,xml_geometry_csv_action
BootPass_81,187,4,4,Position_Unknown,Team_Unknown,Action_PreSnap,1120.38,244.99,1168.99,336.6,48.6099999999999,91.61000000000001,xml_geometry_csv_action
BootPass_81,187,5,5,Position_Unknown,Team_Unknown,Action_PreSnap,1289.64,406.53,1368.65,510.65,79.00999999999999,104.12,xml_geometry_csv_action
BootPass_81,187,6,6,Position_Unknown,Team_Unknown,Action_PreSnap,1021.82,711.02,1077.55,795.06,55.729999999999905,84.03999999999996,xml_geometry_csv_action
BootPass_81,187,8,8,Position_Unknown,Team_Unknown,Action_PreSnap,420.91,502.55,487.64,581.25,66.72999999999996,78.69999999999999,xml_geometry_csv_action
BootPass_81,187,9,9,Position_Unknown,Team_Unknown,Action_PreSnap,621.82,683.8,676.07,787.75,54.25,103.95000000000005,xml_geometry_csv_action
BootPass_81,188,0,0,Position_Unknown,Team_Unknown,Action_PreSnap,760.57,706.67,830.36,805.82,69.78999999999996,99.15000000000009,xml_geometry_csv_action
BootPass_81,188,1,1,Position_Unknown,Team_Unknown,Action_PreSnap,979.36,356.74,1042.22,438.24,62.860000000000014,81.5,xml_geometry_csv_action
BootPass_81,188,10,10,Position_Unknown,Team_Unknown,Action_PreSnap,1189.26,274.45,1234.66,367.25,45.40000000000009,92.80000000000001,xml_geometry_csv_action
BootPass_81,188,11,11,Position_Unknown,Team_Unknown,Action_PreSnap,1306.5,384.98,1363.14,459.21,56.6400000000001,74.22999999999996,xml_geometry_csv_action
BootPass_81,188,12,12,Position_Unknown,Team_Unknown,Action_PreSnap,1313.32,266.19,1365.55,352.98,52.23000000000002,86.79000000000002,xml_geometry_csv_action
BootPass_81,188,13,13,Position_Unknown,Team_Unknown,Action_PreSnap,1141.94,454.36,1190.33,544.07,48.38999999999987,89.71000000000004,xml_geometry_csv_action
BootPass_81,188,14,14,Position_Unknown,Team_Unknown,Action_PreSnap,1159.51,226.14,1200.45,314.68,40.940000000000055,88.54000000000002,xml_geometry_csv_action
BootPass_81,188,15,15,Position_Unknown,Team_Unknown,Action_PreSnap,961.31,337.15,1015.73,397.49,54.42000000000007,60.34000000000003,xml_geometry_csv_action
BootPass_81,188,16,16,Position_Unknown,Team_Unknown,Action_PreSnap,1013.25,230.31,1063.09,307.45,49.83999999999992,77.13999999999999,xml_geometry_csv_action
BootPass_81,188,17,17,Position_Unknown,Team_Unknown,Action_PreSnap,1357.52,259.77,1404.01,324.46,46.49000000000001,64.69,xml_geometry_csv_action
BootPass_81,188,18,18,Position_Unknown,Team_Unknown,Action_BootAway,1563.61,430.94,1622.44,527.8,58.830000000000155,96.85999999999996,xml_geometry_csv_action
BootPass_81,188,19,19,Position_Unknown,Team_Unknown,Action_PreSnap,1235.76,257.34,1282.16,355.91,46.40000000000009,98.57000000000005,xml_geometry_csv_action
BootPass_81,188,2,2,Position_Unknown,Team_Unknown,Action_RunFlatRoute,1118.34,757.17,1166.18,853.74,47.840000000000146,96.57000000000005,xml_geometry_csv_action
BootPass_81,188,21,21,Position_Unknown,Team_Unknown,Action_PreSnap,1282.86,253.67,1337.23,332.87,54.37000000000012,79.20000000000002,xml_geometry_csv_action
BootPass_81,188,27,24,Position_Unknown,Team_Unknown,Action_PreSnap,1086.56,224.23,1139.89,308.77,53.330000000000155,84.53999999999999,xml_geometry_csv_action
BootPass_81,188,3,3,Position_Unknown,Team_Unknown,Action_PreSnap,1311.73,357.72,1367.46,421.97,55.73000000000002,64.25,xml_geometry_csv_action
BootPass_81,188,4,4,Position_Unknown,Team_Unknown,Action_PreSnap,1121.28,242.53,1168.2,332.23,46.92000000000007,89.70000000000002,xml_geometry_csv_action
BootPass_81,188,5,5,Position_Unknown,Team_Unknown,Action_PreSnap,1289.82,407.91,1366.88,510.46,77.06000000000017,102.54999999999995,xml_geometry_csv_action
BootPass_81,188,6,6,Position_Unknown,Team_Unknown,Action_PreSnap,1017.0,712.36,1073.89,791.24,56.8900000000001,78.88,xml_geometry_csv_action
BootPass_81,188,8,8,Position_Unknown,Team_Unknown,Action_PreSnap,421.15,502.64,489.87,585.02,68.72000000000003,82.38,xml_geometry_csv_action
BootPass_81,188,9,9,Position_Unknown,Team_Unknown,Action_PreSnap,610.39,680.97,667.87,784.19,57.48000000000002,103.22000000000003,xml_geometry_csv_action
BootPass_81,189,0,0,Position_Unknown,Team_Unknown,Action_PreSnap,748.77,702.03,824.85,799.06,76.08000000000004,97.02999999999997,xml_geometry_csv_action
BootPass_81,189,1,1,Position_Unknown,Team_Unknown,Action_PreSnap,972.54,349.25,1042.22,436.56,69.68000000000006,87.31,xml_geometry_csv_action
BootPass_81,189,10,10,Position_Unknown,Team_Unknown,Action_PreSnap,1190.04,271.89,1235.05,364.96,45.00999999999999,93.07,xml_geometry_csv_action
BootPass_81,189,11,11,Position_Unknown,Team_Unknown,Action_PreSnap,1318.63,380.72,1371.03,459.48,52.399999999999864,78.75999999999999,xml_geometry_csv_action
BootPass_81,189,12,12,Position_Unknown,Team_Unknown,Action_PreSnap,1306.09,262.02,1364.32,350.44,58.23000000000002,88.42000000000002,xml_geometry_csv_action
BootPass_81,189,13,13,Position_Unknown,Team_Unknown,Action_PreSnap,1145.13,455.98,1193.72,541.61,48.58999999999992,85.63,xml_geometry_csv_action
BootPass_81,189,14,14,Position_Unknown,Team_Unknown,Action_PreSnap,1159.0,223.96,1199.83,308.88,40.82999999999993,84.91999999999999,xml_geometry_csv_action
BootPass_81,189,16,16,Position_Unknown,Team_Unknown,Action_PreSnap,1013.35,228.0,1064.27,298.65,50.91999999999996,70.64999999999998,xml_geometry_csv_action
BootPass_81,189,17,17,Position_Unknown,Team_Unknown,Action_PreSnap,1361.06,259.1,1409.01,322.31,47.950000000000045,63.20999999999998,xml_geometry_csv_action
BootPass_81,189,18,18,Position_Unknown,Team_Unknown,Action_BootAway,1564.61,431.83,1625.43,530.04,60.820000000000164,98.20999999999998,xml_geometry_csv_action
BootPass_81,189,19,19,Position_Unknown,Team_Unknown,Action_PreSnap,1235.39,250.88,1283.55,350.82,48.159999999999854,99.94,xml_geometry_csv_action
BootPass_81,189,2,2,Position_Unknown,Team_Unknown,Action_RunFlatRoute,1116.73,756.78,1164.44,859.35,47.710000000000036,102.57000000000005,xml_geometry_csv_action
BootPass_81,189,21,21,Position_Unknown,Team_Unknown,Action_PreSnap,1285.37,249.99,1344.12,327.47,58.75,77.48000000000002,xml_geometry_csv_action
BootPass_81,189,27,24,Position_Unknown,Team_Unknown,Action_PreSnap,1081.19,220.72,1138.18,305.64,56.99000000000001,84.91999999999999,xml_geometry_csv_action
BootPass_81,189,3,3,Position_Unknown,Team_Unknown,Action_PreSnap,1318.71,355.91,1372.67,415.14,53.960000000000036,59.22999999999996,xml_geometry_csv_action
BootPass_81,189,4,4,Position_Unknown,Team_Unknown,Action_PreSnap,1122.08,239.22,1169.05,327.82,46.97000000000003,88.6,xml_geometry_csv_action
BootPass_81,189,5,5,Position_Unknown,Team_Unknown,Action_PreSnap,1291.04,408.35,1367.88,509.81,76.84000000000015,101.45999999999998,xml_geometry_csv_action
BootPass_81,189,6,6,Position_Unknown,Team_Unknown,Action_PreSnap,1012.73,712.84,1073.5,788.67,60.76999999999998,75.82999999999993,xml_geometry_csv_action
BootPass_81,189,8,8,Position_Unknown,Team_Unknown,Action_PreSnap,423.97,502.07,492.58,587.43,68.60999999999996,85.35999999999996,xml_geometry_csv_action
BootPass_81,189,9,9,Position_Unknown,Team_Unknown,Action_PreSnap,601.98,676.68,664.53,780.53,62.549999999999955,103.85000000000002,xml_geometry_csv_action
BootPass_81,190,0,0,Position_Unknown,Team_Unknown,Action_PreSnap,735.71,697.76,814.18,792.87,78.46999999999991,95.11000000000001,xml_geometry_csv_action
BootPass_81,190,1,1,Position_Unknown,Team_Unknown,Action_PreSnap,960.65,345.62,1040.46,437.11,79.81000000000006,91.49000000000001,xml_geometry_csv_action
BootPass_81,190,10,10,Position_Unknown,Team_Unknown,Action_PreSnap,1190.31,268.69,1235.72,362.96,45.41000000000008,94.26999999999998,xml_geometry_csv_action
BootPass_81,190,11,11,Position_Unknown,Team_Unknown,Action_PreSnap,1327.51,380.17,1376.6,459.96,49.08999999999992,79.78999999999996,xml_geometry_csv_action
BootPass_81,190,12,12,Position_Unknown,Team_Unknown,Action_PreSnap,1301.33,258.62,1362.3,348.54,60.97000000000003,89.92000000000002,xml_geometry_csv_action
BootPass_81,190,13,13,Position_Unknown,Team_Unknown,Action_PreSnap,1144.67,457.3,1196.92,539.28,52.25,81.97999999999996,xml_geometry_csv_action
BootPass_81,190,14,14,Position_Unknown,Team_Unknown,Action_PreSnap,1158.57,220.33,1199.61,304.26,41.039999999999964,83.92999999999998,xml_geometry_csv_action
BootPass_81,190,16,16,Position_Unknown,Team_Unknown,Action_PreSnap,1013.51,227.12,1065.48,293.31,51.97000000000003,66.19,xml_geometry_csv_action
BootPass_81,190,17,17,Position_Unknown,Team_Unknown,Action_PreSnap,1364.78,258.45,1416.16,320.55,51.38000000000011,62.10000000000002,xml_geometry_csv_action
BootPass_81,190,18,18,Position_Unknown,Team_Unknown,Action_BootAway,1565.05,433.71,1626.3,529.88,61.25,96.17000000000002,xml_geometry_csv_action
BootPass_81,190,19,19,Position_Unknown,Team_Unknown,Action_PreSnap,1236.65,246.08,1284.95,343.82,48.299999999999955,97.73999999999998,xml_geometry_csv_action
BootPass_81,190,2,2,Position_Unknown,Team_Unknown,Action_RunFlatRoute,1114.17,757.78,1161.47,862.74,47.299999999999955,104.96000000000004,xml_geometry_csv_action
BootPass_81,190,21,21,Position_Unknown,Team_Unknown,Action_PreSnap,1291.94,246.85,1348.23,324.25,56.289999999999964,77.4,xml_geometry_csv_action
BootPass_81,190,26,23,Position_Unknown,Team_Unknown,Action_PreSnap,1247.55,229.16,1283.79,262.8,36.24000000000001,33.640000000000015,xml_geometry_csv_action
BootPass_81,190,27,24,Position_Unknown,Team_Unknown,Action_PreSnap,1078.52,217.75,1137.52,302.77,59.0,85.01999999999998,xml_geometry_csv_action
BootPass_81,190,3,3,Position_Unknown,Team_Unknown,Action_PreSnap,1325.38,355.29,1377.89,415.96,52.50999999999999,60.66999999999996,xml_geometry_csv_action
BootPass_81,190,4,4,Position_Unknown,Team_Unknown,Action_PreSnap,1123.05,236.13,1171.21,324.98,48.16000000000008,88.85000000000002,xml_geometry_csv_action
BootPass_81,190,5,5,Position_Unknown,Team_Unknown,Action_PreSnap,1291.97,407.39,1370.78,510.79,78.80999999999995,103.40000000000003,xml_geometry_csv_action
BootPass_81,190,6,6,Position_Unknown,Team_Unknown,Action_PreSnap,1007.98,713.3,1072.02,794.71,64.03999999999996,81.41000000000008,xml_geometry_csv_action
BootPass_81,190,8,8,Position_Unknown,Team_Unknown,Action_PreSnap,427.61,502.13,491.63,587.82,64.01999999999998,85.69000000000005,xml_geometry_csv_action
BootPass_81,190,9,9,Position_Unknown,Team_Unknown,Action_PreSnap,595.72,672.95,664.18,778.21,68.45999999999992,105.25999999999999,xml_geometry_csv_action
BootPass_81,191,0,0,Position_Unknown,Team_Unknown,Action_PreSnap,723.1,694.03,800.86,789.05,77.75999999999999,95.01999999999998,xml_geometry_csv_action
BootPass_81,191,1,1,Position_Unknown,Team_Unknown,Action_PreSnap,954.25,345.17,1034.49,438.53,80.24000000000001,93.35999999999996,xml_geometry_csv_action
BootPass_81,191,10,10,Position_Unknown,Team_Unknown,Action_PreSnap,1189.69,264.8,1234.38,360.1,44.690000000000055,95.30000000000001,xml_geometry_csv_action
BootPass_81,191,11,11,Position_Unknown,Team_Unknown,Action_PreSnap,1336.07,380.34,1383.14,460.26,47.070000000000164,79.92000000000002,xml_geometry_csv_action
BootPass_81,191,12,12,Position_Unknown,Team_Unknown,Action_PreSnap,1296.83,251.11,1357.56,346.8,60.73000000000002,95.69,xml_geometry_csv_action
BootPass_81,191,13,13,Position_Unknown,Team_Unknown,Action_PreSnap,1143.58,458.0,1202.25,536.98,58.67000000000007,78.98000000000002,xml_geometry_csv_action
BootPass_81,191,14,14,Position_Unknown,Team_Unknown,Action_PreSnap,1157.43,219.13,1199.25,299.02,41.819999999999936,79.88999999999999,xml_geometry_csv_action
BootPass_81,191,16,16,Position_Unknown,Team_Unknown,Action_PreSnap,1013.91,226.12,1066.87,287.32,52.95999999999992,61.19999999999999,xml_geometry_csv_action
BootPass_81,191,17,17,Position_Unknown,Team_Unknown,Action_PreSnap,1367.48,256.7,1423.44,323.09,55.960000000000036,66.38999999999999,xml_geometry_csv_action
BootPass_81,191,18,18,Position_Unknown,Team_Unknown,Action_BootAway,1564.06,435.71,1624.99,528.18,60.930000000000064,92.46999999999997,xml_geometry_csv_action
BootPass_81,191,19,19,Position_Unknown,Team_Unknown,Action_PreSnap,1238.47,241.75,1286.28,339.66,47.809999999999945,97.91000000000003,xml_geometry_csv_action
BootPass_81,191,2,2,Position_Unknown,Team_Unknown,Action_RunFlatRoute,1110.5,759.77,1158.04,862.49,47.539999999999964,102.72000000000003,xml_geometry_csv_action
BootPass_81,191,21,21,Position_Unknown,Team_Unknown,Action_PreSnap,1314.82,242.6,1368.25,300.82,53.430000000000064,58.22,xml_geometry_csv_action
BootPass_81,191,26,23,Position_Unknown,Team_Unknown,Action_PreSnap,1253.81,224.25,1287.86,256.93,34.049999999999955,32.68000000000001,xml_geometry_csv_action
BootPass_81,191,27,24,Position_Unknown,Team_Unknown,Action_PreSnap,1075.67,215.22,1135.41,300.08,59.74000000000001,84.85999999999999,xml_geometry_csv_action
BootPass_81,191,3,3,Position_Unknown,Team_Unknown,Action_PreSnap,1334.55,355.47,1383.1,414.46,48.549999999999955,58.98999999999995,xml_geometry_csv_action
BootPass_81,191,4,4,Position_Unknown,Team_Unknown,Action_PreSnap,1123.36,233.89,1171.68,322.92,48.320000000000164,89.03000000000003,xml_geometry_csv_action
BootPass_81,191,5,5,Position_Unknown,Team_Unknown,Action_PreSnap,1293.9,407.58,1375.97,510.82,82.06999999999994,103.24000000000001,xml_geometry_csv_action
BootPass_81,191,6,6,Position_Unknown,Team_Unknown,Action_PreSnap,1001.39,714.39,1066.89,801.38,65.50000000000011,86.99000000000001,xml_geometry_csv_action
BootPass_81,191,8,8,Position_Unknown,Team_Unknown,Action_PreSnap,430.1,502.79,487.47,586.17,57.370000000000005,83.37999999999994,xml_geometry_csv_action
BootPass_81,191,9,9,Position_Unknown,Team_Unknown,Action_PreSnap,590.43,668.85,663.16,774.01,72.73000000000002,105.15999999999997,xml_geometry_csv_action
BootPass_81,192,0,0,Position_Unknown,Team_Unknown,Action_PreSnap,709.84,689.19,781.58,785.32,71.74000000000001,96.13,xml_geometry_csv_action
BootPass_81,192,1,1,Position_Unknown,Team_Unknown,Action_PreSnap,950.7,345.97,1026.3,443.14,75.59999999999991,97.16999999999996,xml_geometry_csv_action
BootPass_81,192,10,10,Position_Unknown,Team_Unknown,Action_PreSnap,1189.87,260.14,1234.25,356.52,44.38000000000011,96.38,xml_geometry_csv_action
BootPass_81,192,11,11,Position_Unknown,Team_Unknown,Action_PreSnap,1345.23,378.49,1388.96,459.25,43.73000000000002,80.75999999999999,xml_geometry_csv_action
BootPass_81,192,12,12,Position_Unknown,Team_Unknown,Action_PreSnap,1295.99,247.15,1351.82,343.3,55.82999999999993,96.15,xml_geometry_csv_action
BootPass_81,192,13,13,Position_Unknown,Team_Unknown,Action_PreSnap,1148.06,457.22,1208.31,534.75,60.25,77.52999999999997,xml_geometry_csv_action
BootPass_81,192,14,14,Position_Unknown,Team_Unknown,Action_PreSnap,1157.31,215.7,1197.87,291.8,40.559999999999945,76.10000000000002,xml_geometry_csv_action
BootPass_81,192,15,15,Position_Unknown,Team_Unknown,Action_PreSnap,947.22,342.59,1024.88,413.65,77.66000000000008,71.06,xml_geometry_csv_action
BootPass_81,192,16,16,Position_Unknown,Team_Unknown,Action_PreSnap,1014.68,223.92,1068.28,283.19,53.60000000000002,59.27000000000001,xml_geometry_csv_action
BootPass_81,192,17,17,Position_Unknown,Team_Unknown,Action_PreSnap,1370.2,255.5,1429.36,324.99,59.159999999999854,69.49000000000001,xml_geometry_csv_action
BootPass_81,192,18,18,Position_Unknown,Team_Unknown,Action_BootAway,1564.82,436.49,1624.57,525.84,59.75,89.35000000000002,xml_geometry_csv_action
BootPass_81,192,19,19,Position_Unknown,Team_Unknown,Action_PreSnap,1241.29,236.06,1285.69,334.12,44.40000000000009,98.06,xml_geometry_csv_action
BootPass_81,192,2,2,Position_Unknown,Team_Unknown,Action_RunFlatRoute,1107.88,761.43,1155.86,858.82,47.97999999999979,97.3900000000001,xml_geometry_csv_action
BootPass_81,192,21,21,Position_Unknown,Team_Unknown,Action_PreSnap,1322.4,238.27,1378.45,301.68,56.049999999999955,63.41,xml_geometry_csv_action
BootPass_81,192,26,23,Position_Unknown,Team_Unknown,Action_PreSnap,1257.14,219.29,1291.75,255.6,34.6099999999999,36.31,xml_geometry_csv_action
BootPass_81,192,27,24,Position_Unknown,Team_Unknown,Action_PreSnap,1075.12,214.15,1134.59,298.79,59.47000000000003,84.64000000000001,xml_geometry_csv_action
BootPass_81,192,3,3,Position_Unknown,Team_Unknown,Action_PreSnap,1343.44,355.77,1389.23,416.05,45.789999999999964,60.28000000000003,xml_geometry_csv_action
BootPass_81,192,4,4,Position_Unknown,Team_Unknown,Action_PreSnap,1124.56,231.07,1174.09,320.06,49.52999999999997,88.99000000000001,xml_geometry_csv_action
BootPass_81,192,5,5,Position_Unknown,Team_Unknown,Action_PreSnap,1297.57,406.12,1380.14,509.27,82.57000000000016,103.14999999999998,xml_geometry_csv_action
BootPass_81,192,6,6,Position_Unknown,Team_Unknown,Action_PreSnap,998.93,713.36,1062.58,801.06,63.64999999999998,87.69999999999993,xml_geometry_csv_action
BootPass_81,192,8,8,Position_Unknown,Team_Unknown,Action_PreSnap,432.56,502.58,487.8,583.3,55.24000000000001,80.71999999999997,xml_geometry_csv_action
BootPass_81,192,9,9,Position_Unknown,Team_Unknown,Action_PreSnap,586.88,664.21,657.56,768.97,70.67999999999995,104.75999999999999,xml_geometry_csv_action
BootPass_81,193,0,0,Position_Unknown,Team_Unknown,Action_PreSnap,696.81,685.83,764.24,781.67,67.43000000000006,95.83999999999992,xml_geometry_csv_action
BootPass_81,193,1,1,Position_Unknown,Team_Unknown,Action_PreSnap,948.69,346.81,1015.24,447.23,66.54999999999995,100.42000000000002,xml_geometry_csv_action
BootPass_81,193,10,10,Position_Unknown,Team_Unknown,Action_PreSnap,1189.54,256.07,1233.84,353.3,44.299999999999955,97.23000000000002,xml_geometry_csv_action
BootPass_81,193,12,12,Position_Unknown,Team_Unknown,Action_PreSnap,1294.49,245.61,1344.59,339.67,50.09999999999991,94.06,xml_geometry_csv_action
BootPass_81,193,13,13,Position_Unknown,Team_Unknown,Action_PreSnap,1153.99,456.57,1213.79,539.69,59.799999999999955,83.12000000000006,xml_geometry_csv_action
BootPass_81,193,14,14,Position_Unknown,Team_Unknown,Action_PreSnap,1156.98,211.89,1197.11,286.96,40.12999999999988,75.07,xml_geometry_csv_action
BootPass_81,193,15,15,Position_Unknown,Team_Unknown,Action_PreSnap,945.84,342.83,1016.91,411.88,71.06999999999994,69.05000000000001,xml_geometry_csv_action
BootPass_81,193,16,16,Position_Unknown,Team_Unknown,Action_PreSnap,1015.74,219.93,1070.14,279.76,54.40000000000009,59.829999999999984,xml_geometry_csv_action
BootPass_81,193,17,17,Position_Unknown,Team_Unknown,Action_PreSnap,1375.34,254.34,1434.79,325.97,59.450000000000045,71.63000000000002,xml_geometry_csv_action
BootPass_81,193,18,18,Position_Unknown,Team_Unknown,Action_BootAway,1564.23,436.49,1624.01,529.86,59.77999999999997,93.37,xml_geometry_csv_action
BootPass_81,193,19,19,Position_Unknown,Team_Unknown,Action_PreSnap,1243.21,232.96,1287.13,329.2,43.92000000000007,96.23999999999998,xml_geometry_csv_action
BootPass_81,193,2,2,Position_Unknown,Team_Unknown,Action_RunFlatRoute,1102.87,764.02,1153.56,859.03,50.690000000000055,95.00999999999999,xml_geometry_csv_action
BootPass_81,193,21,21,Position_Unknown,Team_Unknown,Action_PreSnap,1322.13,235.73,1381.13,302.23,59.0,66.50000000000003,xml_geometry_csv_action
BootPass_81,193,26,23,Position_Unknown,Team_Unknown,Action_PreSnap,1258.93,214.86,1295.34,250.92,36.409999999999854,36.059999999999974,xml_geometry_csv_action
BootPass_81,193,27,24,Position_Unknown,Team_Unknown,Action_PreSnap,1075.24,211.57,1132.19,296.15,56.950000000000045,84.57999999999998,xml_geometry_csv_action
BootPass_81,193,3,3,Position_Unknown,Team_Unknown,Action_PreSnap,1349.63,355.71,1394.08,416.06,44.44999999999982,60.35000000000002,xml_geometry_csv_action
BootPass_81,193,4,4,Position_Unknown,Team_Unknown,Action_PreSnap,1125.93,228.55,1175.27,317.08,49.33999999999992,88.52999999999997,xml_geometry_csv_action
BootPass_81,193,5,5,Position_Unknown,Team_Unknown,Action_PreSnap,1305.7,406.05,1386.4,507.45,80.70000000000005,101.39999999999998,xml_geometry_csv_action
BootPass_81,193,6,6,Position_Unknown,Team_Unknown,Action_PreSnap,998.34,712.7,1060.03,799.45,61.68999999999994,86.75,xml_geometry_csv_action
BootPass_81,193,8,8,Position_Unknown,Team_Unknown,Action_PreSnap,433.74,502.76,489.2,580.42,55.45999999999998,77.65999999999997,xml_geometry_csv_action
BootPass_81,193,9,9,Position_Unknown,Team_Unknown,Action_PreSnap,584.3,660.56,647.11,763.63,62.81000000000006,103.07000000000005,xml_geometry_csv_action
BootPass_81,194,0,0,Position_Unknown,Team_Unknown,Action_PreSnap,682.46,683.01,754.11,776.79,71.64999999999998,93.77999999999997,xml_geometry_csv_action
BootPass_81,194,10,10,Position_Unknown,Team_Unknown,Action_PreSnap,1188.69,251.79,1233.03,350.16,44.33999999999992,98.37000000000003,xml_geometry_csv_action
BootPass_81,194,11,11,Position_Unknown,Team_Unknown,Action_PreSnap,1351.11,380.93,1400.96,457.28,49.850000000000136,76.34999999999997,xml_geometry_csv_action
BootPass_81,194,12,12,Position_Unknown,Team_Unknown,Action_PreSnap,1289.66,241.58,1334.57,335.81,44.909999999999854,94.22999999999999,xml_geometry_csv_action
BootPass_81,194,13,13,Position_Unknown,Team_Unknown,Action_PreSnap,1156.63,456.11,1218.64,549.31,62.00999999999999,93.19999999999993,xml_geometry_csv_action
BootPass_81,194,14,14,Position_Unknown,Team_Unknown,Action_PreSnap,1156.84,207.97,1195.69,283.57,38.850000000000136,75.6,xml_geometry_csv_action
BootPass_81,194,15,15,Position_Unknown,Team_Unknown,Action_PreSnap,944.74,344.49,1006.62,435.12,61.879999999999995,90.63,xml_geometry_csv_action
BootPass_81,194,16,16,Position_Unknown,Team_Unknown,Action_PreSnap,1015.97,216.53,1071.07,276.74,55.09999999999991,60.21000000000001,xml_geometry_csv_action
BootPass_81,194,17,17,Position_Unknown,Team_Unknown,Action_PreSnap,1380.78,253.49,1436.96,324.28,56.180000000000064,70.78999999999996,xml_geometry_csv_action
BootPass_81,194,18,18,Position_Unknown,Team_Unknown,Action_BootAway,1563.21,436.51,1623.23,534.83,60.01999999999998,98.32000000000005,xml_geometry_csv_action
BootPass_81,194,19,19,Position_Unknown,Team_Unknown,Action_PreSnap,1244.41,228.45,1289.3,325.18,44.88999999999987,96.73000000000002,xml_geometry_csv_action
BootPass_81,194,2,2,Position_Unknown,Team_Unknown,Action_RunFlatRoute,1098.3,765.48,1151.12,860.14,52.819999999999936,94.65999999999997,xml_geometry_csv_action
BootPass_81,194,21,21,Position_Unknown,Team_Unknown,Action_PreSnap,1322.03,232.14,1382.51,303.47,60.48000000000002,71.33000000000004,xml_geometry_csv_action
BootPass_81,194,26,23,Position_Unknown,Team_Unknown,Action_PreSnap,1260.22,209.55,1298.72,247.74,38.5,38.19,xml_geometry_csv_action
BootPass_81,194,27,24,Position_Unknown,Team_Unknown,Action_PreSnap,1075.05,208.9,1131.05,293.28,56.0,84.37999999999997,xml_geometry_csv_action
BootPass_81,194,3,3,Position_Unknown,Team_Unknown,Action_PreSnap,1356.92,355.37,1399.07,412.59,42.149999999999864,57.21999999999997,xml_geometry_csv_action
BootPass_81,194,4,4,Position_Unknown,Team_Unknown,Action_PreSnap,1126.74,226.98,1176.68,314.37,49.940000000000055,87.39000000000001,xml_geometry_csv_action
BootPass_81,194,5,5,Position_Unknown,Team_Unknown,Action_PreSnap,1314.99,405.72,1391.29,504.92,76.29999999999995,99.19999999999999,xml_geometry_csv_action
BootPass_81,194,6,6,Position_Unknown,Team_Unknown,Action_PreSnap,998.04,713.59,1058.44,797.41,60.40000000000009,83.81999999999994,xml_geometry_csv_action
BootPass_81,194,8,8,Position_Unknown,Team_Unknown,Action_PreSnap,434.37,502.16,490.52,579.75,56.14999999999998,77.58999999999997,xml_geometry_csv_action
BootPass_81,194,9,9,Position_Unknown,Team_Unknown,Action_PreSnap,581.04,655.42,636.85,758.63,55.81000000000006,103.21000000000004,xml_geometry_csv_action
BootPass_81,195,0,0,Position_Unknown,Team_Unknown,Action_PreSnap,669.07,679.13,748.01,772.11,78.93999999999994,92.98000000000002,xml_geometry_csv_action
BootPass_81,195,1,1,Position_Unknown,Team_Unknown,Action_PreSnap,937.89,348.75,997.22,444.48,59.33000000000004,95.73000000000002,xml_geometry_csv_action
BootPass_81,195,10,10,Position_Unknown,Team_Unknown,Action_PreSnap,1187.79,247.35,1231.77,346.58,43.98000000000002,99.22999999999999,xml_geometry_csv_action
BootPass_81,195,12,12,Position_Unknown,Team_Unknown,Action_PreSnap,1283.74,236.73,1326.01,329.15,42.26999999999998,92.41999999999999,xml_geometry_csv_action
BootPass_81,195,13,13,Position_Unknown,Team_Unknown,Action_PreSnap,1164.48,455.35,1225.37,553.99,60.88999999999987,98.63999999999999,xml_geometry_csv_action
BootPass_81,195,14,14,Position_Unknown,Team_Unknown,Action_PreSnap,1156.75,203.77,1194.07,280.4,37.319999999999936,76.62999999999997,xml_geometry_csv_action
BootPass_81,195,15,15,Position_Unknown,Team_Unknown,Action_PreSnap,950.84,343.11,1004.18,419.67,53.33999999999992,76.56,xml_geometry_csv_action
BootPass_81,195,16,16,Position_Unknown,Team_Unknown,Action_PreSnap,1016.17,214.58,1071.26,273.56,55.09000000000003,58.97999999999999,xml_geometry_csv_action
BootPass_81,195,17,17,Position_Unknown,Team_Unknown,Action_PreSnap,1383.72,252.72,1440.41,322.33,56.690000000000055,69.60999999999999,xml_geometry_csv_action
BootPass_81,195,18,18,Position_Unknown,Team_Unknown,Action_BootAway,1562.34,436.98,1623.39,538.64,61.05000000000018,101.65999999999997,xml_geometry_csv_action
BootPass_81,195,19,19,Position_Unknown,Team_Unknown,Action_PreSnap,1245.27,223.59,1290.55,322.01,45.27999999999997,98.41999999999999,xml_geometry_csv_action
BootPass_81,195,2,2,Position_Unknown,Team_Unknown,Action_RunFlatRoute,1094.51,766.69,1148.06,862.66,53.549999999999955,95.96999999999991,xml_geometry_csv_action
BootPass_81,195,21,21,Position_Unknown,Team_Unknown,Action_PreSnap,1320.88,228.08,1387.69,305.27,66.80999999999995,77.18999999999997,xml_geometry_csv_action
BootPass_81,195,26,23,Position_Unknown,Team_Unknown,Action_PreSnap,1264.91,203.68,1302.81,243.76,37.899999999999864,40.079999999999984,xml_geometry_csv_action
BootPass_81,195,27,24,Position_Unknown,Team_Unknown,Action_PreSnap,1074.83,204.44,1130.17,290.46,55.340000000000146,86.01999999999998,xml_geometry_csv_action
BootPass_81,195,3,3,Position_Unknown,Team_Unknown,Action_PreSnap,1364.9,353.84,1407.86,416.78,42.95999999999981,62.94,xml_geometry_csv_action
BootPass_81,195,4,4,Position_Unknown,Team_Unknown,Action_PreSnap,1128.37,225.23,1177.79,310.36,49.42000000000007,85.13000000000002,xml_geometry_csv_action
BootPass_81,195,5,5,Position_Unknown,Team_Unknown,Action_PreSnap,1326.15,402.74,1399.71,501.47,73.55999999999995,98.73000000000002,xml_geometry_csv_action
BootPass_81,195,6,6,Position_Unknown,Team_Unknown,Action_PreSnap,997.84,714.25,1054.97,794.04,57.129999999999995,79.78999999999996,xml_geometry_csv_action
BootPass_81,195,8,8,Position_Unknown,Team_Unknown,Action_PreSnap,435.29,501.24,491.76,584.4,56.46999999999997,83.15999999999997,xml_geometry_csv_action
BootPass_81,195,9,9,Position_Unknown,Team_Unknown,Action_PreSnap,577.44,650.48,630.41,752.35,52.969999999999914,101.87,xml_geometry_csv_action
BootPass_81,196,0,0,Position_Unknown,Team_Unknown,Action_PreSnap,653.19,676.14,739.58,765.67,86.38999999999999,89.52999999999997,xml_geometry_csv_action
BootPass_81,196,1,1,Position_Unknown,Team_Unknown,Action_PreSnap,930.99,349.81,991.89,441.38,60.89999999999998,91.57,xml_geometry_csv_action
BootPass_81,196,10,10,Position_Unknown,Team_Unknown,Action_PreSnap,1186.22,244.06,1231.55,342.3,45.32999999999993,98.24000000000001,xml_geometry_csv_action
BootPass_81,196,12,12,Position_Unknown,Team_Unknown,Action_PreSnap,1278.05,233.03,1323.61,324.4,45.559999999999945,91.36999999999998,xml_geometry_csv_action
BootPass_81,196,13,13,Position_Unknown,Team_Unknown,Action_PreSnap,1170.54,456.41,1233.05,553.61,62.50999999999999,97.19999999999999,xml_geometry_csv_action
BootPass_81,196,14,14,Position_Unknown,Team_Unknown,Action_PreSnap,1155.93,199.69,1193.26,275.08,37.32999999999993,75.38999999999999,xml_geometry_csv_action
BootPass_81,196,15,15,Position_Unknown,Team_Unknown,Action_PreSnap,951.03,342.15,1002.13,419.55,51.10000000000002,77.40000000000003,xml_geometry_csv_action
BootPass_81,196,16,16,Position_Unknown,Team_Unknown,Action_PreSnap,1016.02,211.3,1071.04,270.66,55.01999999999998,59.360000000000014,xml_geometry_csv_action
BootPass_81,196,17,17,Position_Unknown,Team_Unknown,Action_PreSnap,1391.76,252.3,1444.71,319.73,52.950000000000045,67.43,xml_geometry_csv_action
BootPass_81,196,18,18,Position_Unknown,Team_Unknown,Action_None,1561.31,437.86,1622.38,539.09,61.070000000000164,101.23000000000002,xml_geometry_csv_action
BootPass_81,196,19,19,Position_Unknown,Team_Unknown,Action_PreSnap,1245.77,217.32,1290.36,316.93,44.58999999999992,99.61000000000001,xml_geometry_csv_action
BootPass_81,196,2,2,Position_Unknown,Team_Unknown,Action_RunFlatRoute,1091.02,767.58,1145.44,868.3,54.42000000000007,100.71999999999991,xml_geometry_csv_action
BootPass_81,196,21,21,Position_Unknown,Team_Unknown,Action_PreSnap,1322.2,225.07,1388.97,305.12,66.76999999999998,80.05000000000001,xml_geometry_csv_action
BootPass_81,196,26,23,Position_Unknown,Team_Unknown,Action_PreSnap,1269.06,198.2,1306.21,239.74,37.15000000000009,41.54000000000002,xml_geometry_csv_action
BootPass_81,196,27,24,Position_Unknown,Team_Unknown,Action_PreSnap,1074.83,201.11,1129.54,287.58,54.710000000000036,86.46999999999997,xml_geometry_csv_action
BootPass_81,196,3,3,Position_Unknown,Team_Unknown,Action_PreSnap,1372.16,352.52,1421.57,422.58,49.409999999999854,70.06,xml_geometry_csv_action
BootPass_81,196,4,4,Position_Unknown,Team_Unknown,Action_PreSnap,1129.38,223.82,1180.02,307.87,50.63999999999987,84.05000000000001,xml_geometry_csv_action
BootPass_81,196,5,5,Position_Unknown,Team_Unknown,Action_PreSnap,1330.35,393.81,1409.11,497.97,78.75999999999999,104.16000000000003,xml_geometry_csv_action
BootPass_81,196,6,6,Position_Unknown,Team_Unknown,Action_PreSnap,998.18,713.97,1050.11,796.4,51.92999999999995,82.42999999999995,xml_geometry_csv_action
BootPass_81,196,8,8,Position_Unknown,Team_Unknown,Action_PreSnap,435.86,500.3,491.17,589.78,55.31,89.47999999999996,xml_geometry_csv_action
BootPass_81,196,9,9,Position_Unknown,Team_Unknown,Action_PreSnap,572.79,646.22,622.74,745.67,49.950000000000045,99.44999999999993,xml_geometry_csv_action
BootPass_81,197,0,0,Position_Unknown,Team_Unknown,Action_PreSnap,639.32,672.62,726.78,760.8,87.45999999999992,88.17999999999995,xml_geometry_csv_action
BootPass_81,197,1,1,Position_Unknown,Team_Unknown,Action_PreSnap,924.41,351.06,990.41,439.31,66.0,88.25,xml_geometry_csv_action
BootPass_81,197,10,10,Position_Unknown,Team_Unknown,Action_PreSnap,1184.21,241.15,1231.4,339.58,47.190000000000055,98.42999999999998,xml_geometry_csv_action
BootPass_81,197,12,12,Position_Unknown,Team_Unknown,Action_PreSnap,1274.37,231.39,1317.37,321.76,43.0,90.37,xml_geometry_csv_action
BootPass_81,197,13,13,Position_Unknown,Team_Unknown,Action_PreSnap,1175.5,457.61,1241.98,549.79,66.48000000000002,92.17999999999995,xml_geometry_csv_action
BootPass_81,197,14,14,Position_Unknown,Team_Unknown,Action_PreSnap,1156.26,195.39,1193.22,270.69,36.960000000000036,75.30000000000001,xml_geometry_csv_action
BootPass_81,197,15,15,Position_Unknown,Team_Unknown,Action_PreSnap,948.99,342.1,1001.09,421.42,52.10000000000002,79.32,xml_geometry_csv_action
BootPass_81,197,16,16,Position_Unknown,Team_Unknown,Action_PreSnap,1016.51,205.44,1072.4,267.71,55.8900000000001,62.26999999999998,xml_geometry_csv_action
BootPass_81,197,17,17,Position_Unknown,Team_Unknown,Action_PreSnap,1397.96,251.97,1447.13,317.19,49.17000000000007,65.22,xml_geometry_csv_action
BootPass_81,197,18,18,Position_Unknown,Team_Unknown,Action_None,1561.07,439.23,1622.53,537.33,61.460000000000036,98.10000000000002,xml_geometry_csv_action
BootPass_81,197,19,19,Position_Unknown,Team_Unknown,Action_PreSnap,1246.59,213.04,1290.36,310.41,43.76999999999998,97.37000000000003,xml_geometry_csv_action
BootPass_81,197,2,2,Position_Unknown,Team_Unknown,Action_RunFlatRoute,1091.39,769.08,1145.6,868.95,54.20999999999981,99.87,xml_geometry_csv_action
BootPass_81,197,21,21,Position_Unknown,Team_Unknown,Action_PreSnap,1326.89,221.74,1390.78,302.88,63.88999999999987,81.13999999999999,xml_geometry_csv_action
BootPass_81,197,26,23,Position_Unknown,Team_Unknown,Action_PreSnap,1274.48,193.58,1310.48,237.53,36.0,43.94999999999999,xml_geometry_csv_action
BootPass_81,197,27,24,Position_Unknown,Team_Unknown,Action_PreSnap,1075.19,195.16,1128.63,284.28,53.440000000000055,89.11999999999998,xml_geometry_csv_action
BootPass_81,197,30,26,Position_Unknown,Team_Unknown,Action_PreSnap,1360.19,219.92,1402.42,291.06,42.23000000000002,71.14000000000001,xml_geometry_csv_action
BootPass_81,197,3,3,Position_Unknown,Team_Unknown,Action_PreSnap,1377.41,351.83,1432.82,427.99,55.409999999999854,76.16000000000003,xml_geometry_csv_action
BootPass_81,197,4,4,Position_Unknown,Team_Unknown,Action_PreSnap,1131.1,222.01,1183.06,305.85,51.960000000000036,83.84000000000003,xml_geometry_csv_action
BootPass_81,197,5,5,Position_Unknown,Team_Unknown,Action_PreSnap,1334.97,391.33,1414.42,493.86,79.45000000000005,102.53000000000003,xml_geometry_csv_action
BootPass_81,197,6,6,Position_Unknown,Team_Unknown,Action_PreSnap,997.51,714.03,1046.34,801.37,48.82999999999993,87.34000000000003,xml_geometry_csv_action
BootPass_81,197,8,8,Position_Unknown,Team_Unknown,Action_PreSnap,435.71,499.6,490.75,592.95,55.04000000000002,93.35000000000002,xml_geometry_csv_action
BootPass_81,197,9,9,Position_Unknown,Team_Unknown,Action_PreSnap,567.77,642.08,619.09,736.25,51.32000000000005,94.16999999999996,xml_geometry_csv_action
BootPass_81,198,0,0,Position_Unknown,Team_Unknown,Action_PreSnap,632.41,670.36,708.54,756.3,76.13,85.93999999999994,xml_geometry_csv_action
BootPass_81,198,1,1,Position_Unknown,Team_Unknown,Action_PreSnap,914.66,350.46,987.84,438.77,73.18000000000006,88.31,xml_geometry_csv_action
BootPass_81,198,10,10,Position_Unknown,Team_Unknown,Action_PreSnap,1182.72,238.15,1230.42,336.89,47.700000000000045,98.73999999999998,xml_geometry_csv_action
BootPass_81,198,12,12,Position_Unknown,Team_Unknown,Action_PreSnap,1270.41,230.51,1310.65,320.06,40.24000000000001,89.55000000000001,xml_geometry_csv_action
BootPass_81,198,13,13,Position_Unknown,Team_Unknown,Action_PreSnap,1178.34,457.91,1248.47,545.9,70.13000000000011,87.98999999999995,xml_geometry_csv_action
BootPass_81,198,14,14,Position_Unknown,Team_Unknown,Action_PreSnap,1156.51,191.09,1193.75,267.52,37.24000000000001,76.42999999999998,xml_geometry_csv_action
BootPass_81,198,15,15,Position_Unknown,Team_Unknown,Action_PreSnap,945.52,342.3,996.73,424.23,51.210000000000036,81.93,xml_geometry_csv_action
BootPass_81,198,16,16,Position_Unknown,Team_Unknown,Action_PreSnap,1016.03,200.51,1073.07,265.13,57.039999999999964,64.62,xml_geometry_csv_action
BootPass_81,198,17,17,Position_Unknown,Team_Unknown,Action_PreSnap,1400.13,251.42,1450.73,316.82,50.59999999999991,65.4,xml_geometry_csv_action
BootPass_81,198,18,18,Position_Unknown,Team_Unknown,Action_None,1559.57,439.52,1622.54,533.88,62.97000000000003,94.36000000000001,xml_geometry_csv_action
BootPass_81,198,19,19,Position_Unknown,Team_Unknown,Action_PreSnap,1246.01,207.96,1290.95,307.53,44.940000000000055,99.56999999999996,xml_geometry_csv_action
BootPass_81,198,2,2,Position_Unknown,Team_Unknown,Action_RunFlatRoute,1092.08,770.39,1143.63,865.83,51.55000000000018,95.44000000000005,xml_geometry_csv_action
BootPass_81,198,21,21,Position_Unknown,Team_Unknown,Action_PreSnap,1332.7,218.24,1393.64,300.1,60.940000000000055,81.86000000000001,xml_geometry_csv_action
BootPass_81,198,26,23,Position_Unknown,Team_Unknown,Action_PreSnap,1279.59,187.47,1313.69,240.12,34.100000000000136,52.650000000000006,xml_geometry_csv_action
BootPass_81,198,27,24,Position_Unknown,Team_Unknown,Action_PreSnap,1074.05,188.34,1128.53,280.43,54.48000000000002,92.09,xml_geometry_csv_action
BootPass_81,198,30,26,Position_Unknown,Team_Unknown,Action_PreSnap,1363.82,215.81,1404.77,287.55,40.950000000000045,71.74000000000001,xml_geometry_csv_action
BootPass_81,198,3,3,Position_Unknown,Team_Unknown,Action_PreSnap,1381.98,351.35,1441.46,431.87,59.48000000000002,80.51999999999998,xml_geometry_csv_action
BootPass_81,198,4,4,Position_Unknown,Team_Unknown,Action_PreSnap,1132.18,219.15,1185.38,302.95,53.200000000000045,83.79999999999998,xml_geometry_csv_action
BootPass_81,198,5,5,Position_Unknown,Team_Unknown,Action_PreSnap,1338.38,390.05,1417.17,489.42,78.78999999999996,99.37,xml_geometry_csv_action
BootPass_81,198,6,6,Position_Unknown,Team_Unknown,Action_PreSnap,993.46,714.27,1042.41,805.68,48.950000000000045,91.40999999999997,xml_geometry_csv_action
BootPass_81,198,8,8,Position_Unknown,Team_Unknown,Action_PreSnap,434.15,498.91,489.65,591.24,55.5,92.32999999999998,xml_geometry_csv_action
BootPass_81,198,9,9,Position_Unknown,Team_Unknown,Action_PreSnap,560.37,638.07,617.11,727.58,56.74000000000001,89.50999999999999,xml_geometry_csv_action
BootPass_81,199,0,0,Position_Unknown,Team_Unknown,Action_PreSnap,621.08,668.38,684.55,752.36,63.469999999999914,83.98000000000002,xml_geometry_csv_action
BootPass_81,199,1,1,Position_Unknown,Team_Unknown,Action_PreSnap,902.57,350.51,983.32,437.74,80.75,87.23000000000002,xml_geometry_csv_action
BootPass_81,199,10,10,Position_Unknown,Team_Unknown,Action_PreSnap,1181.93,234.33,1229.02,334.82,47.08999999999992,100.48999999999998,xml_geometry_csv_action
BootPass_81,199,12,12,Position_Unknown,Team_Unknown,Action_PreSnap,1262.0,228.28,1305.93,317.71,43.930000000000064,89.42999999999998,xml_geometry_csv_action
BootPass_81,199,13,13,Position_Unknown,Team_Unknown,Action_PreSnap,1181.73,457.48,1255.93,541.43,74.20000000000005,83.94999999999993,xml_geometry_csv_action
BootPass_81,199,14,14,Position_Unknown,Team_Unknown,Action_PreSnap,1156.77,185.84,1194.1,263.12,37.32999999999993,77.28,xml_geometry_csv_action
BootPass_81,199,15,15,Position_Unknown,Team_Unknown,Action_PreSnap,942.91,342.37,993.55,425.58,50.639999999999986,83.20999999999998,xml_geometry_csv_action
BootPass_81,199,16,16,Position_Unknown,Team_Unknown,Action_PreSnap,1015.15,198.27,1073.03,261.65,57.879999999999995,63.37999999999997,xml_geometry_csv_action
BootPass_81,199,17,17,Position_Unknown,Team_Unknown,Action_PreSnap,1402.66,249.52,1457.53,320.8,54.86999999999989,71.28,xml_geometry_csv_action
BootPass_81,199,18,18,Position_Unknown,Team_Unknown,Action_None,1557.16,438.38,1621.15,533.44,63.99000000000001,95.06000000000006,xml_geometry_csv_action
BootPass_81,199,19,19,Position_Unknown,Team_Unknown,Action_PreSnap,1247.54,202.18,1293.8,296.27,46.25999999999999,94.08999999999997,xml_geometry_csv_action
BootPass_81,199,2,2,Position_Unknown,Team_Unknown,Action_RunFlatRoute,1094.49,771.24,1143.95,863.69,49.460000000000036,92.45000000000005,xml_geometry_csv_action
BootPass_81,199,21,21,Position_Unknown,Team_Unknown,Action_PreSnap,1342.28,213.28,1399.19,297.22,56.91000000000008,83.94000000000003,xml_geometry_csv_action
BootPass_81,199,26,23,Position_Unknown,Team_Unknown,Action_PreSnap,1283.35,182.22,1316.56,245.07,33.210000000000036,62.849999999999994,xml_geometry_csv_action
BootPass_81,199,27,24,Position_Unknown,Team_Unknown,Action_PreSnap,1074.48,182.15,1128.22,274.99,53.74000000000001,92.84,xml_geometry_csv_action
BootPass_81,199,30,26,Position_Unknown,Team_Unknown,Action_PreSnap,1366.87,211.51,1407.21,285.58,40.340000000000146,74.07,xml_geometry_csv_action
BootPass_81,199,3,3,Position_Unknown,Team_Unknown,Action_PreSnap,1388.47,350.57,1445.51,432.59,57.039999999999964,82.01999999999998,xml_geometry_csv_action
BootPass_81,199,4,4,Position_Unknown,Team_Unknown,Action_PreSnap,1133.17,216.47,1187.97,300.04,54.799999999999955,83.57000000000002,xml_geometry_csv_action
BootPass_81,199,5,5,Position_Unknown,Team_Unknown,Action_PreSnap,1344.53,387.47,1423.84,485.14,79.30999999999995,97.66999999999996,xml_geometry_csv_action
BootPass_81,199,6,6,Position_Unknown,Team_Unknown,Action_PreSnap,986.16,714.89,1039.22,805.99,53.06000000000006,91.10000000000002,xml_geometry_csv_action
BootPass_81,199,8,8,Position_Unknown,Team_Unknown,Action_PreSnap,433.24,499.31,490.94,587.69,57.69999999999999,88.38000000000005,xml_geometry_csv_action
BootPass_81,199,9,9,Position_Unknown,Team_Unknown,Action_PreSnap,551.05,634.16,615.73,720.77,64.68000000000006,86.61000000000001,xml_geometry_csv_action
BootPass_81,200,0,0,Position_Unknown,Team_Unknown,Action_PreSnap,610.18,666.23,668.82,747.34,58.6400000000001,81.11000000000001,xml_geometry_csv_action
BootPass_81,200,1,1,Position_Unknown,Team_Unknown,Action_PreSnap,890.59,349.76,977.57,434.97,86.98000000000002,85.21000000000004,xml_geometry_csv_action
BootPass_81,200,10,10,Position_Unknown,Team_Unknown,Action_PreSnap,1181.34,230.45,1228.15,332.11,46.81000000000017,101.66000000000003,xml_geometry_csv_action
BootPass_81,200,12,12,Position_Unknown,Team_Unknown,Action_PreSnap,1257.41,220.81,1301.35,313.99,43.93999999999983,93.18,xml_geometry_csv_action
BootPass_81,200,13,13,Position_Unknown,Team_Unknown,Action_PreSnap,1184.63,456.85,1262.12,542.23,77.48999999999978,85.38,xml_geometry_csv_action
BootPass_81,200,14,14,Position_Unknown,Team_Unknown,Action_PreSnap,1156.45,180.47,1194.15,256.55,37.700000000000045,76.08000000000001,xml_geometry_csv_action
BootPass_81,200,15,15,Position_Unknown,Team_Unknown,Action_PreSnap,937.82,342.09,990.47,428.53,52.64999999999998,86.44,xml_geometry_csv_action
BootPass_81,200,16,16,Position_Unknown,Team_Unknown,Action_PreSnap,1014.02,195.71,1070.24,256.8,56.22000000000003,61.09,xml_geometry_csv_action
BootPass_81,200,17,17,Position_Unknown,Team_Unknown,Action_PreSnap,1404.81,247.92,1460.63,322.85,55.820000000000164,74.93000000000004,xml_geometry_csv_action
BootPass_81,200,18,18,Position_Unknown,Team_Unknown,Action_None,1555.79,437.17,1618.17,537.52,62.38000000000011,100.34999999999997,xml_geometry_csv_action
BootPass_81,200,19,19,Position_Unknown,Team_Unknown,Action_PreSnap,1251.19,196.95,1296.5,285.09,45.309999999999945,88.13999999999999,xml_geometry_csv_action
BootPass_81,200,2,2,Position_Unknown,Team_Unknown,Action_RunFlatRoute,1093.94,770.98,1142.89,868.67,48.950000000000045,97.68999999999994,xml_geometry_csv_action
BootPass_81,200,21,21,Position_Unknown,Team_Unknown,Action_PreSnap,1353.38,208.02,1404.74,293.63,51.3599999999999,85.60999999999999,xml_geometry_csv_action
BootPass_81,200,26,23,Position_Unknown,Team_Unknown,Action_PreSnap,1286.11,177.53,1320.58,248.42,34.47000000000003,70.88999999999999,xml_geometry_csv_action
BootPass_81,200,27,24,Position_Unknown,Team_Unknown,Action_PreSnap,1075.42,176.82,1128.31,269.31,52.88999999999987,92.49000000000001,xml_geometry_csv_action
BootPass_81,200,3,3,Position_Unknown,Team_Unknown,Action_PreSnap,1393.01,350.03,1446.77,430.29,53.75999999999999,80.26000000000005,xml_geometry_csv_action
BootPass_81,200,4,4,Position_Unknown,Team_Unknown,Action_PreSnap,1134.82,212.92,1189.74,296.1,54.92000000000007,83.18000000000004,xml_geometry_csv_action
BootPass_81,200,5,5,Position_Unknown,Team_Unknown,Action_PreSnap,1353.73,384.7,1430.26,480.81,76.52999999999997,96.11000000000001,xml_geometry_csv_action
BootPass_81,200,6,6,Position_Unknown,Team_Unknown,Action_PreSnap,981.09,715.29,1037.32,803.81,56.229999999999905,88.51999999999998,xml_geometry_csv_action
BootPass_81,200,8,8,Position_Unknown,Team_Unknown,Action_PreSnap,429.27,498.19,494.44,583.36,65.17000000000002,85.17000000000002,xml_geometry_csv_action
BootPass_81,200,9,9,Position_Unknown,Team_Unknown,Action_PreSnap,543.45,628.99,614.31,714.3,70.8599999999999,85.30999999999995,xml_geometry_csv_action
BootPass_81,201,0,0,Position_Unknown,Team_Unknown,Action_PreSnap,599.88,664.37,663.46,742.58,63.58000000000004,78.21000000000004,xml_geometry_csv_action
BootPass_81,201,1,1,Position_Unknown,Team_Unknown,Action_PreSnap,881.16,351.06,961.43,435.26,80.26999999999998,84.19999999999999,xml_geometry_csv_action
BootPass_81,201,10,10,Position_Unknown,Team_Unknown,Action_PreSnap,1181.06,226.81,1227.77,329.43,46.710000000000036,102.62,xml_geometry_csv_action
BootPass_81,201,13,13,Position_Unknown,Team_Unknown,Action_PreSnap,1190.69,456.75,1268.6,552.12,77.90999999999985,95.37,xml_geometry_csv_action
BootPass_81,201,14,14,Position_Unknown,Team_Unknown,Action_PreSnap,1156.6,176.3,1194.62,252.12,38.01999999999998,75.82,xml_geometry_csv_action
BootPass_81,201,15,15,Position_Unknown,Team_Unknown,Action_PreSnap,934.75,342.96,989.95,431.53,55.200000000000045,88.57,xml_geometry_csv_action
BootPass_81,201,16,16,Position_Unknown,Team_Unknown,Action_PreSnap,1013.04,193.45,1064.35,254.04,51.309999999999945,60.59,xml_geometry_csv_action
BootPass_81,201,17,17,Position_Unknown,Team_Unknown,Action_PreSnap,1409.64,247.53,1463.28,323.04,53.63999999999987,75.51000000000002,xml_geometry_csv_action
BootPass_81,201,18,18,Position_Unknown,Team_Unknown,Action_None,1555.21,436.63,1615.09,541.44,59.87999999999988,104.81000000000006,xml_geometry_csv_action
BootPass_81,201,19,19,Position_Unknown,Team_Unknown,Action_PreSnap,1254.33,194.28,1299.2,299.01,44.87000000000012,104.72999999999999,xml_geometry_csv_action
BootPass_81,201,2,2,Position_Unknown,Team_Unknown,Action_RunFlatRoute,1093.27,771.68,1141.27,869.74,48.0,98.06000000000006,xml_geometry_csv_action
BootPass_81,201,21,21,Position_Unknown,Team_Unknown,Action_PreSnap,1361.3,204.73,1409.23,290.3,47.930000000000064,85.57000000000002,xml_geometry_csv_action
BootPass_81,201,26,23,Position_Unknown,Team_Unknown,Action_PreSnap,1288.61,172.8,1324.87,250.91,36.25999999999999,78.10999999999999,xml_geometry_csv_action
BootPass_81,201,27,24,Position_Unknown,Team_Unknown,Action_PreSnap,1076.1,172.87,1128.81,263.79,52.710000000000036,90.92000000000002,xml_geometry_csv_action
BootPass_81,201,3,3,Position_Unknown,Team_Unknown,Action_PreSnap,1398.85,350.58,1448.03,432.87,49.180000000000064,82.29000000000002,xml_geometry_csv_action
BootPass_81,201,4,4,Position_Unknown,Team_Unknown,Action_PreSnap,1136.01,210.43,1191.49,293.6,55.48000000000002,83.17000000000002,xml_geometry_csv_action
BootPass_81,201,5,5,Position_Unknown,Team_Unknown,Action_PreSnap,1364.39,383.22,1436.16,478.43,71.76999999999998,95.20999999999998,xml_geometry_csv_action
BootPass_81,201,6,6,Position_Unknown,Team_Unknown,Action_PreSnap,976.76,716.75,1034.87,800.57,58.1099999999999,83.82000000000005,xml_geometry_csv_action
BootPass_81,201,8,8,Position_Unknown,Team_Unknown,Action_PreSnap,425.13,497.79,497.31,580.88,72.18,83.08999999999997,xml_geometry_csv_action
BootPass_81,201,9,9,Position_Unknown,Team_Unknown,Action_PreSnap,537.67,623.92,608.76,705.79,71.09000000000003,81.87,xml_geometry_csv_action
BootPass_81,202,0,0,Position_Unknown,Team_Unknown,Action_PreSnap,586.59,662.68,659.62,739.36,73.02999999999997,76.68000000000006,xml_geometry_csv_action
BootPass_81,202,1,1,Position_Unknown,Team_Unknown,Action_PreSnap,875.34,352.38,947.19,435.67,71.85000000000002,83.29000000000002,xml_geometry_csv_action
BootPass_81,202,10,10,Position_Unknown,Team_Unknown,Action_PreSnap,1181.11,223.03,1227.69,325.91,46.580000000000155,102.88000000000002,xml_geometry_csv_action
BootPass_81,202,13,13,Position_Unknown,Team_Unknown,Action_PreSnap,1204.97,456.41,1276.5,557.24,71.52999999999997,100.82999999999998,xml_geometry_csv_action
BootPass_81,202,14,14,Position_Unknown,Team_Unknown,Action_PreSnap,1157.13,173.18,1195.06,245.88,37.929999999999836,72.69999999999999,xml_geometry_csv_action
BootPass_81,202,15,15,Position_Unknown,Team_Unknown,Action_PreSnap,931.19,344.16,991.35,431.03,60.15999999999997,86.86999999999995,xml_geometry_csv_action
BootPass_81,202,16,16,Position_Unknown,Team_Unknown,Action_PreSnap,1011.58,192.22,1060.82,250.7,49.239999999999895,58.47999999999999,xml_geometry_csv_action
BootPass_81,202,17,17,Position_Unknown,Team_Unknown,Action_PreSnap,1414.67,248.11,1464.93,322.4,50.25999999999999,74.28999999999996,xml_geometry_csv_action
BootPass_81,202,18,18,Position_Unknown,Team_Unknown,Action_None,1553.89,436.98,1611.48,544.73,57.58999999999992,107.75,xml_geometry_csv_action
BootPass_81,202,19,19,Position_Unknown,Team_Unknown,Action_PreSnap,1254.57,190.95,1299.94,299.66,45.37000000000012,108.71000000000004,xml_geometry_csv_action
BootPass_81,202,2,2,Position_Unknown,Team_Unknown,Action_RunFlatRoute,1091.11,773.48,1139.09,877.47,47.98000000000002,103.99000000000001,xml_geometry_csv_action
BootPass_81,202,21,21,Position_Unknown,Team_Unknown,Action_PreSnap,1366.97,202.64,1412.83,287.9,45.8599999999999,85.25999999999999,xml_geometry_csv_action
BootPass_81,202,26,23,Position_Unknown,Team_Unknown,Action_PreSnap,1291.96,168.17,1329.19,251.65,37.23000000000002,83.48000000000002,xml_geometry_csv_action
BootPass_81,202,27,24,Position_Unknown,Team_Unknown,Action_PreSnap,1076.22,168.91,1128.81,258.04,52.58999999999992,89.13000000000002,xml_geometry_csv_action
BootPass_81,202,3,3,Position_Unknown,Team_Unknown,Action_PreSnap,1402.52,352.07,1454.93,445.62,52.41000000000008,93.55000000000001,xml_geometry_csv_action
BootPass_81,202,4,4,Position_Unknown,Team_Unknown,Action_PreSnap,1137.85,209.16,1192.86,291.33,55.00999999999999,82.16999999999999,xml_geometry_csv_action
BootPass_81,202,5,5,Position_Unknown,Team_Unknown,Action_PreSnap,1375.57,381.27,1442.64,477.12,67.07000000000016,95.85000000000002,xml_geometry_csv_action
BootPass_81,202,6,6,Position_Unknown,Team_Unknown,Action_PreSnap,974.13,718.86,1032.69,797.23,58.56000000000006,78.37,xml_geometry_csv_action
BootPass_81,202,8,8,Position_Unknown,Team_Unknown,Action_PreSnap,419.73,497.23,499.8,582.96,80.07,85.73000000000002,xml_geometry_csv_action
BootPass_81,202,9,9,Position_Unknown,Team_Unknown,Action_PreSnap,533.6,620.67,601.12,701.03,67.51999999999998,80.36000000000001,xml_geometry_csv_action
BootPass_81,203,0,0,Position_Unknown,Team_Unknown,Action_PreSnap,572.51,662.13,654.93,738.43,82.41999999999996,76.29999999999995,xml_geometry_csv_action
BootPass_81,203,1,1,Position_Unknown,Team_Unknown,Action_PreSnap,873.1,355.14,933.49,434.79,60.389999999999986,79.65000000000003,xml_geometry_csv_action
BootPass_81,203,10,10,Position_Unknown,Team_Unknown,Action_PreSnap,1181.95,219.04,1228.41,322.77,46.460000000000036,103.72999999999999,xml_geometry_csv_action
BootPass_81,203,12,12,Position_Unknown,Team_Unknown,Action_PreSnap,1250.04,200.3,1295.48,298.92,45.440000000000055,98.62,xml_geometry_csv_action
BootPass_81,203,13,13,Position_Unknown,Team_Unknown,Action_PreSnap,1219.94,456.97,1283.26,557.22,63.319999999999936,100.25,xml_geometry_csv_action
BootPass_81,203,14,14,Position_Unknown,Team_Unknown,Action_PreSnap,1157.33,169.96,1195.85,237.93,38.51999999999998,67.97,xml_geometry_csv_action
BootPass_81,203,15,15,Position_Unknown,Team_Unknown,Action_PreSnap,928.29,345.03,993.29,428.6,65.0,83.57000000000005,xml_geometry_csv_action
BootPass_81,203,16,16,Position_Unknown,Team_Unknown,Action_PreSnap,1010.0,190.86,1057.99,249.59,47.99000000000001,58.72999999999999,xml_geometry_csv_action
BootPass_81,203,17,17,Position_Unknown,Team_Unknown,Action_PreSnap,1419.03,249.07,1467.67,321.25,48.6400000000001,72.18,xml_geometry_csv_action
BootPass_81,203,18,18,Position_Unknown,Team_Unknown,Action_None,1553.1,438.24,1609.51,546.5,56.41000000000008,108.25999999999999,xml_geometry_csv_action
BootPass_81,203,19,19,Position_Unknown,Team_Unknown,Action_PreSnap,1262.67,184.41,1303.27,274.6,40.59999999999991,90.19000000000003,xml_geometry_csv_action
BootPass_81,203,2,2,Position_Unknown,Team_Unknown,Action_RunFlatRoute,1089.25,775.83,1136.48,882.62,47.23000000000002,106.78999999999996,xml_geometry_csv_action
BootPass_81,203,21,21,Position_Unknown,Team_Unknown,Action_PreSnap,1372.36,201.01,1416.21,285.89,43.850000000000136,84.88,xml_geometry_csv_action
BootPass_81,203,26,23,Position_Unknown,Team_Unknown,Action_PreSnap,1293.46,162.92,1333.53,250.02,40.069999999999936,87.10000000000002,xml_geometry_csv_action
BootPass_81,203,27,24,Position_Unknown,Team_Unknown,Action_PreSnap,1076.61,165.0,1129.27,253.8,52.66000000000008,88.80000000000001,xml_geometry_csv_action
BootPass_81,203,3,3,Position_Unknown,Team_Unknown,Action_PreSnap,1405.98,353.07,1462.84,453.76,56.8599999999999,100.69,xml_geometry_csv_action
BootPass_81,203,4,4,Position_Unknown,Team_Unknown,Action_PreSnap,1138.5,208.46,1193.93,289.47,55.430000000000064,81.01000000000002,xml_geometry_csv_action
BootPass_81,203,5,5,Position_Unknown,Team_Unknown,Action_PreSnap,1384.49,379.47,1446.08,475.63,61.58999999999992,96.15999999999997,xml_geometry_csv_action
BootPass_81,203,6,6,Position_Unknown,Team_Unknown,Action_PreSnap,970.88,720.29,1030.09,799.58,59.20999999999992,79.29000000000008,xml_geometry_csv_action
BootPass_81,203,8,8,Position_Unknown,Team_Unknown,Action_PreSnap,416.51,496.71,499.39,584.7,82.88,87.99000000000007,xml_geometry_csv_action
BootPass_81,203,9,9,Position_Unknown,Team_Unknown,Action_PreSnap,529.56,617.78,591.91,698.98,62.35000000000002,81.20000000000005,xml_geometry_csv_action
BootPass_81,204,0,0,Position_Unknown,Team_Unknown,Action_PreSnap,558.98,658.75,630.89,737.51,71.90999999999997,78.75999999999999,xml_geometry_csv_action
BootPass_81,204,1,1,Position_Unknown,Team_Unknown,Action_PreSnap,868.66,356.23,922.88,436.21,54.22000000000003,79.97999999999996,xml_geometry_csv_action
BootPass_81,204,10,10,Position_Unknown,Team_Unknown,Action_PreSnap,1182.0,214.68,1228.57,317.65,46.569999999999936,102.96999999999997,xml_geometry_csv_action
BootPass_81,204,12,12,Position_Unknown,Team_Unknown,Action_PreSnap,1247.72,200.39,1290.99,293.49,43.26999999999998,93.10000000000002,xml_geometry_csv_action
BootPass_81,204,13,13,Position_Unknown,Team_Unknown,Action_PreSnap,1227.36,457.41,1291.58,554.83,64.22000000000003,97.42000000000002,xml_geometry_csv_action
BootPass_81,204,14,14,Position_Unknown,Team_Unknown,Action_PreSnap,1156.68,166.84,1195.17,232.42,38.49000000000001,65.57999999999998,xml_geometry_csv_action
BootPass_81,204,15,15,Position_Unknown,Team_Unknown,Action_PreSnap,923.8,345.57,994.49,427.28,70.69000000000005,81.70999999999998,xml_geometry_csv_action
BootPass_81,204,16,16,Position_Unknown,Team_Unknown,Action_PreSnap,1007.5,187.51,1054.86,248.86,47.3599999999999,61.35000000000002,xml_geometry_csv_action
BootPass_81,204,17,17,Position_Unknown,Team_Unknown,Action_PreSnap,1421.86,249.71,1470.71,319.76,48.850000000000136,70.04999999999998,xml_geometry_csv_action
BootPass_81,204,18,18,Position_Unknown,Team_Unknown,Action_None,1550.84,439.26,1607.85,546.08,57.00999999999999,106.82000000000005,xml_geometry_csv_action
BootPass_81,204,19,19,Position_Unknown,Team_Unknown,Action_PreSnap,1265.48,179.22,1306.42,260.93,40.940000000000055,81.71000000000001,xml_geometry_csv_action
BootPass_81,204,2,2,Position_Unknown,Team_Unknown,Action_RunFlatRoute,1086.58,778.2,1132.12,883.3,45.539999999999964,105.09999999999991,xml_geometry_csv_action
BootPass_81,204,21,21,Position_Unknown,Team_Unknown,Action_PreSnap,1377.05,199.83,1420.65,283.82,43.600000000000136,83.98999999999998,xml_geometry_csv_action
BootPass_81,204,26,23,Position_Unknown,Team_Unknown,Action_PreSnap,1295.9,157.22,1337.41,244.79,41.50999999999999,87.57,xml_geometry_csv_action
BootPass_81,204,27,24,Position_Unknown,Team_Unknown,Action_PreSnap,1076.3,161.22,1129.54,249.22,53.24000000000001,88.0,xml_geometry_csv_action
BootPass_81,204,3,3,Position_Unknown,Team_Unknown,Action_PreSnap,1408.85,353.89,1465.92,455.21,57.070000000000164,101.32,xml_geometry_csv_action
BootPass_81,204,4,4,Position_Unknown,Team_Unknown,Action_PreSnap,1139.44,207.15,1193.8,286.79,54.3599999999999,79.64000000000001,xml_geometry_csv_action
BootPass_81,204,5,5,Position_Unknown,Team_Unknown,Action_PreSnap,1387.61,379.18,1449.68,475.72,62.070000000000164,96.54000000000002,xml_geometry_csv_action
BootPass_81,204,6,6,Position_Unknown,Team_Unknown,Action_PreSnap,968.01,720.95,1028.62,807.62,60.6099999999999,86.66999999999996,xml_geometry_csv_action
BootPass_81,204,8,8,Position_Unknown,Team_Unknown,Action_PreSnap,414.05,495.89,493.9,585.15,79.84999999999997,89.25999999999999,xml_geometry_csv_action
BootPass_81,204,9,9,Position_Unknown,Team_Unknown,Action_PreSnap,525.61,616.43,585.18,693.11,59.569999999999936,76.68000000000006,xml_geometry_csv_action
BootPass_81,205,0,0,Position_Unknown,Team_Unknown,Action_PreSnap,552.23,657.26,615.12,734.28,62.889999999999986,77.01999999999998,xml_geometry_csv_action
BootPass_81,205,1,1,Position_Unknown,Team_Unknown,Action_PreSnap,865.24,357.46,916.12,440.47,50.879999999999995,83.01000000000005,xml_geometry_csv_action
BootPass_81,205,10,10,Position_Unknown,Team_Unknown,Action_PreSnap,1182.59,210.57,1229.43,312.94,46.840000000000146,102.37,xml_geometry_csv_action
BootPass_81,205,12,12,Position_Unknown,Team_Unknown,Action_PreSnap,1244.75,200.0,1287.42,290.88,42.67000000000007,90.88,xml_geometry_csv_action
BootPass_81,205,13,13,Position_Unknown,Team_Unknown,Action_PreSnap,1230.38,457.41,1299.58,550.68,69.19999999999982,93.26999999999992,xml_geometry_csv_action
BootPass_81,205,14,14,Position_Unknown,Team_Unknown,Action_PreSnap,1155.53,164.27,1193.81,227.4,38.27999999999997,63.129999999999995,xml_geometry_csv_action
BootPass_81,205,15,15,Position_Unknown,Team_Unknown,Action_PreSnap,917.96,346.19,991.87,428.72,73.90999999999997,82.53000000000003,xml_geometry_csv_action
BootPass_81,205,16,16,Position_Unknown,Team_Unknown,Action_PreSnap,1004.62,184.83,1053.65,250.2,49.030000000000086,65.36999999999998,xml_geometry_csv_action
BootPass_81,205,17,17,Position_Unknown,Team_Unknown,Action_PreSnap,1424.22,250.69,1476.25,317.95,52.02999999999997,67.25999999999999,xml_geometry_csv_action
BootPass_81,205,18,18,Position_Unknown,Team_Unknown,Action_None,1550.32,440.01,1607.42,544.41,57.100000000000136,104.39999999999998,xml_geometry_csv_action
BootPass_81,205,19,19,Position_Unknown,Team_Unknown,Action_PreSnap,1267.26,174.91,1309.65,260.09,42.3900000000001,85.17999999999998,xml_geometry_csv_action
BootPass_81,205,2,2,Position_Unknown,Team_Unknown,Action_RunFlatRoute,1084.23,781.25,1129.25,881.46,45.01999999999998,100.21000000000004,xml_geometry_csv_action
BootPass_81,205,21,21,Position_Unknown,Team_Unknown,Action_PreSnap,1381.43,198.7,1425.81,281.96,44.37999999999988,83.25999999999999,xml_geometry_csv_action
BootPass_81,205,26,23,Position_Unknown,Team_Unknown,Action_PreSnap,1299.55,151.96,1342.06,239.58,42.50999999999999,87.62,xml_geometry_csv_action
BootPass_81,205,27,24,Position_Unknown,Team_Unknown,Action_PreSnap,1077.31,157.0,1130.71,245.9,53.40000000000009,88.9,xml_geometry_csv_action
BootPass_81,205,3,3,Position_Unknown,Team_Unknown,Action_PreSnap,1413.09,353.73,1467.04,453.34,53.950000000000045,99.60999999999996,xml_geometry_csv_action
BootPass_81,205,4,4,Position_Unknown,Team_Unknown,Action_PreSnap,1141.15,205.39,1193.91,284.18,52.75999999999999,78.79000000000002,xml_geometry_csv_action
BootPass_81,205,5,5,Position_Unknown,Team_Unknown,Action_PreSnap,1388.57,378.2,1454.26,478.44,65.69000000000005,100.24000000000001,xml_geometry_csv_action
BootPass_81,205,6,6,Position_Unknown,Team_Unknown,Action_PreSnap,965.32,722.76,1027.97,814.54,62.64999999999998,91.77999999999997,xml_geometry_csv_action
BootPass_81,205,8,8,Position_Unknown,Team_Unknown,Action_PreSnap,411.68,495.87,487.32,584.05,75.63999999999999,88.17999999999995,xml_geometry_csv_action
BootPass_81,205,9,9,Position_Unknown,Team_Unknown,Action_PreSnap,520.29,614.76,584.01,689.28,63.72000000000003,74.51999999999998,xml_geometry_csv_action
BootPass_81,206,0,0,Position_Unknown,Team_Unknown,Action_PreSnap,545.2,657.19,597.83,730.81,52.629999999999995,73.61999999999989,xml_geometry_csv_action
BootPass_81,206,1,1,Position_Unknown,Team_Unknown,Action_PreSnap,857.8,358.82,909.88,442.47,52.08000000000004,83.65000000000003,xml_geometry_csv_action
BootPass_81,206,10,10,Position_Unknown,Team_Unknown,Action_PreSnap,1183.08,206.97,1229.61,308.14,46.52999999999997,101.16999999999999,xml_geometry_csv_action
BootPass_81,206,12,12,Position_Unknown,Team_Unknown,Action_PreSnap,1241.62,197.22,1284.8,286.59,43.180000000000064,89.36999999999998,xml_geometry_csv_action
BootPass_81,206,13,13,Position_Unknown,Team_Unknown,Action_PreSnap,1234.5,457.36,1308.83,548.41,74.32999999999993,91.04999999999995,xml_geometry_csv_action
BootPass_81,206,14,14,Position_Unknown,Team_Unknown,Action_PreSnap,1154.28,161.88,1192.19,223.31,37.91000000000008,61.43000000000001,xml_geometry_csv_action
BootPass_81,206,15,15,Position_Unknown,Team_Unknown,Action_PreSnap,912.12,347.07,986.5,430.36,74.38,83.29000000000002,xml_geometry_csv_action
BootPass_81,206,16,16,Position_Unknown,Team_Unknown,Action_PreSnap,1003.16,182.69,1048.82,250.81,45.65999999999997,68.12,xml_geometry_csv_action
BootPass_81,206,17,17,Position_Unknown,Team_Unknown,Action_PreSnap,1426.83,250.2,1479.71,318.6,52.88000000000011,68.40000000000003,xml_geometry_csv_action
BootPass_81,206,18,18,Position_Unknown,Team_Unknown,Action_None,1550.24,439.98,1607.05,542.24,56.809999999999945,102.25999999999999,xml_geometry_csv_action
BootPass_81,206,19,19,Position_Unknown,Team_Unknown,Action_PreSnap,1268.9,171.54,1312.41,257.53,43.50999999999999,85.98999999999998,xml_geometry_csv_action
BootPass_81,206,2,2,Position_Unknown,Team_Unknown,Action_RunFlatRoute,1081.85,782.92,1128.96,879.54,47.11000000000013,96.62,xml_geometry_csv_action
BootPass_81,206,21,21,Position_Unknown,Team_Unknown,Action_PreSnap,1385.27,197.96,1432.76,279.84,47.49000000000001,81.87999999999997,xml_geometry_csv_action
BootPass_81,206,26,23,Position_Unknown,Team_Unknown,Action_PreSnap,1301.68,147.42,1347.49,233.98,45.809999999999945,86.56,xml_geometry_csv_action
BootPass_81,206,27,24,Position_Unknown,Team_Unknown,Action_PreSnap,1079.02,152.58,1132.04,243.12,53.01999999999998,90.53999999999999,xml_geometry_csv_action
BootPass_81,206,3,3,Position_Unknown,Team_Unknown,Action_PreSnap,1416.09,354.05,1468.25,447.96,52.16000000000008,93.90999999999997,xml_geometry_csv_action
BootPass_81,206,4,4,Position_Unknown,Team_Unknown,Action_PreSnap,1143.8,204.17,1193.81,281.61,50.00999999999999,77.44000000000003,xml_geometry_csv_action
BootPass_81,206,5,5,Position_Unknown,Team_Unknown,Action_PreSnap,1389.0,376.09,1459.68,481.71,70.68000000000006,105.62,xml_geometry_csv_action
BootPass_81,206,6,6,Position_Unknown,Team_Unknown,Action_PreSnap,964.98,724.87,1026.98,814.63,62.0,89.75999999999999,xml_geometry_csv_action
BootPass_81,206,8,8,Position_Unknown,Team_Unknown,Action_PreSnap,408.99,496.1,479.53,582.2,70.53999999999996,86.10000000000002,xml_geometry_csv_action
BootPass_81,206,9,9,Position_Unknown,Team_Unknown,Action_PreSnap,512.98,614.45,575.88,687.2,62.89999999999998,72.75,xml_geometry_csv_action
BootPass_81,207,0,0,Position_Unknown,Team_Unknown,Action_PreSnap,533.89,649.23,584.63,726.68,50.74000000000001,77.44999999999993,xml_geometry_csv_action
BootPass_81,207,1,1,Position_Unknown,Team_Unknown,Action_PreSnap,847.99,359.53,904.58,442.78,56.59000000000003,83.25,xml_geometry_csv_action
BootPass_81,207,10,10,Position_Unknown,Team_Unknown,Action_PreSnap,1182.98,204.54,1229.47,303.46,46.49000000000001,98.91999999999999,xml_geometry_csv_action
BootPass_81,207,12,12,Position_Unknown,Team_Unknown,Action_PreSnap,1236.31,193.58,1279.93,279.57,43.62000000000012,85.98999999999998,xml_geometry_csv_action
BootPass_81,207,13,13,Position_Unknown,Team_Unknown,Action_PreSnap,1240.7,457.27,1315.86,549.84,75.15999999999985,92.57000000000005,xml_geometry_csv_action
BootPass_81,207,14,14,Position_Unknown,Team_Unknown,Action_PreSnap,1153.44,159.93,1191.05,220.81,37.6099999999999,60.879999999999995,xml_geometry_csv_action
BootPass_81,207,15,15,Position_Unknown,Team_Unknown,Action_PreSnap,906.01,347.96,975.79,430.77,69.77999999999997,82.81,xml_geometry_csv_action
BootPass_81,207,16,16,Position_Unknown,Team_Unknown,Action_PreSnap,1003.79,181.87,1044.94,249.89,41.15000000000009,68.01999999999998,xml_geometry_csv_action
BootPass_81,207,17,17,Position_Unknown,Team_Unknown,Action_PreSnap,1427.31,249.5,1479.79,322.21,52.48000000000002,72.70999999999998,xml_geometry_csv_action
BootPass_81,207,18,18,Position_Unknown,Team_Unknown,Action_ThrowPass,1546.85,440.82,1604.95,540.8,58.100000000000136,99.97999999999996,xml_geometry_csv_action
BootPass_81,207,19,19,Position_Unknown,Team_Unknown,Action_PreSnap,1270.64,168.36,1315.18,258.04,44.539999999999964,89.68,xml_geometry_csv_action
BootPass_81,207,2,2,Position_Unknown,Team_Unknown,Action_RunFlatRoute,1077.28,783.32,1127.57,875.82,50.289999999999964,92.5,xml_geometry_csv_action
BootPass_81,207,21,21,Position_Unknown,Team_Unknown,Action_PreSnap,1389.03,197.18,1440.13,277.33,51.100000000000136,80.14999999999998,xml_geometry_csv_action
BootPass_81,207,26,23,Position_Unknown,Team_Unknown,Action_PreSnap,1304.1,143.53,1352.03,229.26,47.930000000000064,85.72999999999999,xml_geometry_csv_action
BootPass_81,207,27,24,Position_Unknown,Team_Unknown,Action_PreSnap,1081.97,148.63,1133.46,239.23,51.49000000000001,90.6,xml_geometry_csv_action
BootPass_81,207,3,3,Position_Unknown,Team_Unknown,Action_PreSnap,1418.77,353.89,1469.97,442.35,51.200000000000045,88.46000000000004,xml_geometry_csv_action
BootPass_81,207,4,4,Position_Unknown,Team_Unknown,Action_PreSnap,1146.04,203.66,1193.37,279.06,47.32999999999993,75.4,xml_geometry_csv_action
BootPass_81,207,5,5,Position_Unknown,Team_Unknown,Action_PreSnap,1390.95,375.09,1464.72,482.25,73.76999999999998,107.16000000000003,xml_geometry_csv_action
BootPass_81,207,6,6,Position_Unknown,Team_Unknown,Action_PreSnap,965.85,727.34,1027.28,812.14,61.42999999999995,84.79999999999995,xml_geometry_csv_action
BootPass_81,207,8,8,Position_Unknown,Team_Unknown,Action_PreSnap,404.55,496.48,475.88,579.98,71.32999999999998,83.5,xml_geometry_csv_action
BootPass_81,207,9,9,Position_Unknown,Team_Unknown,Action_PreSnap,504.89,612.98,555.31,684.92,50.41999999999996,71.93999999999994,xml_geometry_csv_action
BootPass_81,208,0,0,Position_Unknown,Team_Unknown,Action_PreSnap,521.01,643.29,578.22,721.95,57.210000000000036,78.66000000000008,xml_geometry_csv_action
BootPass_81,208,1,1,Position_Unknown,Team_Unknown,Action_PreSnap,841.04,359.96,901.0,442.17,59.960000000000036,82.21000000000004,xml_geometry_csv_action
BootPass_81,208,10,10,Position_Unknown,Team_Unknown,Action_PreSnap,1181.62,201.85,1229.66,299.11,48.04000000000019,97.26000000000002,xml_geometry_csv_action
BootPass_81,208,12,12,Position_Unknown,Team_Unknown,Action_PreSnap,1232.42,189.83,1277.1,271.61,44.679999999999836,81.78,xml_geometry_csv_action
BootPass_81,208,13,13,Position_Unknown,Team_Unknown,Action_PreSnap,1251.71,456.85,1321.86,552.45,70.14999999999986,95.60000000000002,xml_geometry_csv_action
BootPass_81,208,14,14,Position_Unknown,Team_Unknown,Action_PreSnap,1151.92,157.56,1189.95,219.33,38.02999999999997,61.77000000000001,xml_geometry_csv_action
BootPass_81,208,15,15,Position_Unknown,Team_Unknown,Action_PreSnap,898.96,348.41,964.1,428.57,65.13999999999999,80.15999999999997,xml_geometry_csv_action
BootPass_81,208,16,16,Position_Unknown,Team_Unknown,Action_PreSnap,1002.44,179.24,1041.4,247.32,38.960000000000036,68.07999999999998,xml_geometry_csv_action
BootPass_81,208,17,17,Position_Unknown,Team_Unknown,Action_PreSnap,1427.26,251.06,1481.56,328.79,54.299999999999955,77.73000000000002,xml_geometry_csv_action
BootPass_81,208,18,18,Position_Unknown,Team_Unknown,Action_ThrowPass,1543.45,441.22,1600.91,542.59,57.460000000000036,101.37,xml_geometry_csv_action
BootPass_81,208,19,19,Position_Unknown,Team_Unknown,Action_PreSnap,1271.44,165.12,1317.46,255.93,46.01999999999998,90.81,xml_geometry_csv_action
BootPass_81,208,2,2,Position_Unknown,Team_Unknown,Action_RunFlatRoute,1070.62,783.86,1125.15,879.39,54.5300000000002,95.52999999999997,xml_geometry_csv_action
BootPass_81,208,21,21,Position_Unknown,Team_Unknown,Action_PreSnap,1392.15,195.66,1444.96,275.01,52.809999999999945,79.35,xml_geometry_csv_action
BootPass_81,208,26,23,Position_Unknown,Team_Unknown,Action_PreSnap,1306.64,139.42,1355.2,225.31,48.559999999999945,85.89000000000001,xml_geometry_csv_action
BootPass_81,208,27,24,Position_Unknown,Team_Unknown,Action_PreSnap,1084.4,143.85,1134.8,234.83,50.399999999999864,90.98000000000002,xml_geometry_csv_action
BootPass_81,208,31,27,Position_Unknown,Team_Unknown,Action_PreSnap,506.75,616.09,570.7,687.84,63.950000000000045,71.75,xml_geometry_csv_action
BootPass_81,208,3,3,Position_Unknown,Team_Unknown,Action_PreSnap,1422.61,353.64,1472.73,443.31,50.12000000000012,89.67000000000002,xml_geometry_csv_action
BootPass_81,208,4,4,Position_Unknown,Team_Unknown,Action_PreSnap,1149.08,203.15,1192.55,276.04,43.47000000000003,72.89000000000001,xml_geometry_csv_action
BootPass_81,208,5,5,Position_Unknown,Team_Unknown,Action_PreSnap,1394.05,374.82,1468.36,480.57,74.30999999999995,105.75,xml_geometry_csv_action
BootPass_81,208,6,6,Position_Unknown,Team_Unknown,Action_PreSnap,966.63,728.81,1026.16,808.02,59.530000000000086,79.21000000000004,xml_geometry_csv_action
BootPass_81,208,8,8,Position_Unknown,Team_Unknown,Action_PreSnap,399.82,496.52,473.57,577.83,73.75,81.31000000000006,xml_geometry_csv_action
BootPass_81,208,9,9,Position_Unknown,Team_Unknown,Action_PreSnap,496.64,611.51,551.51,685.2,54.870000000000005,73.69000000000005,xml_geometry_csv_action
BootPass_81,209,0,0,Position_Unknown,Team_Unknown,Action_PreSnap,504.97,636.8,572.8,721.9,67.82999999999993,85.10000000000002,xml_geometry_csv_action
BootPass_81,209,1,1,Position_Unknown,Team_Unknown,Action_PreSnap,832.43,361.11,894.89,445.82,62.460000000000036,84.70999999999998,xml_geometry_csv_action
BootPass_81,209,10,10,Position_Unknown,Team_Unknown,Action_PreSnap,1180.69,199.44,1230.01,295.52,49.319999999999936,96.07999999999998,xml_geometry_csv_action
BootPass_81,209,12,12,Position_Unknown,Team_Unknown,Action_PreSnap,1229.64,183.39,1275.31,264.3,45.669999999999845,80.91000000000003,xml_geometry_csv_action
BootPass_81,209,13,13,Position_Unknown,Team_Unknown,Action_PreSnap,1264.58,455.34,1330.02,552.23,65.44000000000005,96.89000000000004,xml_geometry_csv_action
BootPass_81,209,14,14,Position_Unknown,Team_Unknown,Action_PreSnap,1150.92,155.92,1189.35,216.99,38.429999999999836,61.07000000000002,xml_geometry_csv_action
BootPass_81,209,15,15,Position_Unknown,Team_Unknown,Action_PreSnap,891.26,349.54,953.69,424.97,62.430000000000064,75.43,xml_geometry_csv_action
BootPass_81,209,16,16,Position_Unknown,Team_Unknown,Action_PreSnap,1000.82,177.9,1039.37,245.2,38.54999999999984,67.29999999999998,xml_geometry_csv_action
BootPass_81,209,17,17,Position_Unknown,Team_Unknown,Action_PreSnap,1428.25,250.09,1482.02,330.59,53.76999999999998,80.49999999999997,xml_geometry_csv_action
BootPass_81,209,18,18,Position_Unknown,Team_Unknown,Action_ThrowPass,1536.77,441.14,1598.13,544.81,61.36000000000013,103.66999999999996,xml_geometry_csv_action
BootPass_81,209,19,19,Position_Unknown,Team_Unknown,Action_PreSnap,1272.03,162.43,1319.16,253.27,47.13000000000011,90.84,xml_geometry_csv_action
BootPass_81,209,2,2,Position_Unknown,Team_Unknown,Action_RunFlatRoute,1066.46,784.03,1122.75,887.76,56.289999999999964,103.73000000000002,xml_geometry_csv_action
BootPass_81,209,21,21,Position_Unknown,Team_Unknown,Action_PreSnap,1395.08,193.99,1448.01,273.02,52.930000000000064,79.02999999999997,xml_geometry_csv_action
BootPass_81,209,26,23,Position_Unknown,Team_Unknown,Action_PreSnap,1308.69,136.49,1358.28,222.23,49.58999999999992,85.73999999999998,xml_geometry_csv_action
BootPass_81,209,27,24,Position_Unknown,Team_Unknown,Action_PreSnap,1087.2,140.08,1136.03,230.44,48.82999999999993,90.35999999999999,xml_geometry_csv_action
BootPass_81,209,3,3,Position_Unknown,Team_Unknown,Action_PreSnap,1425.5,353.53,1483.26,448.64,57.75999999999999,95.11000000000001,xml_geometry_csv_action
BootPass_81,209,4,4,Position_Unknown,Team_Unknown,Action_PreSnap,1151.58,201.0,1191.81,273.49,40.23000000000002,72.49000000000001,xml_geometry_csv_action
BootPass_81,209,5,5,Position_Unknown,Team_Unknown,Action_PreSnap,1397.92,374.36,1474.55,478.92,76.62999999999988,104.56,xml_geometry_csv_action
BootPass_81,209,6,6,Position_Unknown,Team_Unknown,Action_PreSnap,967.52,729.59,1023.75,805.01,56.23000000000002,75.41999999999996,xml_geometry_csv_action
BootPass_81,209,8,8,Position_Unknown,Team_Unknown,Action_PreSnap,395.13,495.91,472.47,579.67,77.34000000000003,83.75999999999993,xml_geometry_csv_action
BootPass_81,209,9,9,Position_Unknown,Team_Unknown,Action_PreSnap,490.6,610.18,547.88,684.31,57.27999999999997,74.13,xml_geometry_csv_action
BootPass_81,210,0,0,Position_Unknown,Team_Unknown,Action_PreSnap,488.78,639.37,564.43,725.29,75.64999999999998,85.91999999999996,xml_geometry_csv_action
BootPass_81,210,1,1,Position_Unknown,Team_Unknown,Action_PreSnap,828.57,363.0,885.51,445.24,56.93999999999994,82.24000000000001,xml_geometry_csv_action
BootPass_81,210,10,10,Position_Unknown,Team_Unknown,Action_PreSnap,1179.04,197.36,1230.56,292.9,51.51999999999998,95.53999999999996,xml_geometry_csv_action
BootPass_81,210,12,12,Position_Unknown,Team_Unknown,Action_PreSnap,1226.78,178.18,1272.92,259.78,46.1400000000001,81.59999999999997,xml_geometry_csv_action
BootPass_81,210,13,13,Position_Unknown,Team_Unknown,Action_PreSnap,1276.89,455.37,1339.61,551.34,62.7199999999998,95.97000000000003,xml_geometry_csv_action
BootPass_81,210,14,14,Position_Unknown,Team_Unknown,Action_PreSnap,1149.73,154.19,1189.33,215.13,39.59999999999991,60.94,xml_geometry_csv_action
BootPass_81,210,15,15,Position_Unknown,Team_Unknown,Action_PreSnap,884.53,350.98,948.46,421.13,63.930000000000064,70.14999999999998,xml_geometry_csv_action
BootPass_81,210,16,16,Position_Unknown,Team_Unknown,Action_PreSnap,998.65,177.46,1037.98,244.52,39.33000000000004,67.06,xml_geometry_csv_action
BootPass_81,210,17,17,Position_Unknown,Team_Unknown,Action_PreSnap,1428.33,251.0,1480.43,331.13,52.100000000000136,80.13,xml_geometry_csv_action
BootPass_81,210,18,18,Position_Unknown,Team_Unknown,Action_ThrowPass,1531.96,441.69,1596.86,548.19,64.89999999999986,106.50000000000006,xml_geometry_csv_action
BootPass_81,210,19,19,Position_Unknown,Team_Unknown,Action_PreSnap,1273.0,160.05,1320.76,249.31,47.75999999999999,89.25999999999999,xml_geometry_csv_action
BootPass_81,210,2,2,Position_Unknown,Team_Unknown,Action_RunFlatRoute,1064.81,785.8,1120.12,895.03,55.309999999999945,109.23000000000002,xml_geometry_csv_action
BootPass_81,210,21,21,Position_Unknown,Team_Unknown,Action_PreSnap,1397.21,191.96,1451.41,270.62,54.200000000000045,78.66,xml_geometry_csv_action
BootPass_81,210,26,23,Position_Unknown,Team_Unknown,Action_PreSnap,1311.5,133.05,1361.87,220.01,50.36999999999989,86.95999999999998,xml_geometry_csv_action
BootPass_81,210,27,24,Position_Unknown,Team_Unknown,Action_PreSnap,1089.79,137.26,1137.09,227.01,47.299999999999955,89.75,xml_geometry_csv_action
BootPass_81,210,3,3,Position_Unknown,Team_Unknown,Action_PreSnap,1428.5,353.63,1491.6,452.76,63.09999999999991,99.13,xml_geometry_csv_action
BootPass_81,210,4,4,Position_Unknown,Team_Unknown,Action_PreSnap,1152.4,200.49,1192.11,271.25,39.70999999999981,70.75999999999999,xml_geometry_csv_action
BootPass_81,210,5,5,Position_Unknown,Team_Unknown,Action_PreSnap,1403.41,372.99,1480.57,475.91,77.15999999999985,102.92000000000002,xml_geometry_csv_action
BootPass_81,210,6,6,Position_Unknown,Team_Unknown,Action_PreSnap,969.21,731.17,1021.94,817.53,52.73000000000002,86.36000000000001,xml_geometry_csv_action
BootPass_81,210,8,8,Position_Unknown,Team_Unknown,Action_PreSnap,393.74,495.72,469.13,584.58,75.38999999999999,88.86000000000001,xml_geometry_csv_action
BootPass_81,210,9,9,Position_Unknown,Team_Unknown,Action_PreSnap,485.13,608.72,545.85,687.01,60.72000000000003,78.28999999999996,xml_geometry_csv_action
BootPass_81,211,0,0,Position_Unknown,Team_Unknown,Action_PreSnap,475.53,641.44,551.77,727.81,76.24000000000001,86.36999999999989,xml_geometry_csv_action
BootPass_81,211,1,1,Position_Unknown,Team_Unknown,Action_PreSnap,826.84,365.71,876.96,444.09,50.120000000000005,78.38,xml_geometry_csv_action
BootPass_81,211,10,10,Position_Unknown,Team_Unknown,Action_PreSnap,1177.45,197.26,1231.68,291.04,54.23000000000002,93.78000000000003,xml_geometry_csv_action
BootPass_81,211,12,12,Position_Unknown,Team_Unknown,Action_PreSnap,1224.74,174.9,1268.66,257.03,43.92000000000007,82.12999999999997,xml_geometry_csv_action
BootPass_81,211,13,13,Position_Unknown,Team_Unknown,Action_PreSnap,1284.49,457.66,1351.1,550.61,66.6099999999999,92.94999999999999,xml_geometry_csv_action
BootPass_81,211,14,14,Position_Unknown,Team_Unknown,Action_PreSnap,1149.0,152.93,1189.63,215.06,40.63000000000011,62.129999999999995,xml_geometry_csv_action
BootPass_81,211,15,15,Position_Unknown,Team_Unknown,Action_PreSnap,880.16,352.72,944.2,421.95,64.04000000000008,69.22999999999996,xml_geometry_csv_action
BootPass_81,211,16,16,Position_Unknown,Team_Unknown,Action_PreSnap,996.54,178.24,1037.85,243.1,41.309999999999945,64.85999999999999,xml_geometry_csv_action
BootPass_81,211,17,17,Position_Unknown,Team_Unknown,Action_PreSnap,1427.3,253.33,1478.27,331.12,50.97000000000003,77.78999999999999,xml_geometry_csv_action
BootPass_81,211,18,18,Position_Unknown,Team_Unknown,Action_ThrowPass,1528.73,443.2,1595.56,550.33,66.82999999999993,107.13000000000005,xml_geometry_csv_action
BootPass_81,211,19,19,Position_Unknown,Team_Unknown,Action_PreSnap,1273.48,158.55,1322.28,246.4,48.799999999999955,87.85,xml_geometry_csv_action
BootPass_81,211,2,2,Position_Unknown,Team_Unknown,Action_RunFlatRoute,1064.02,788.72,1117.41,901.34,53.3900000000001,112.62,xml_geometry_csv_action
BootPass_81,211,21,21,Position_Unknown,Team_Unknown,Action_PreSnap,1398.2,191.22,1456.81,270.03,58.6099999999999,78.80999999999997,xml_geometry_csv_action
BootPass_81,211,26,23,Position_Unknown,Team_Unknown,Action_PreSnap,1316.49,130.3,1365.56,218.99,49.069999999999936,88.69,xml_geometry_csv_action
BootPass_81,211,27,24,Position_Unknown,Team_Unknown,Action_PreSnap,1092.03,136.14,1138.41,225.31,46.38000000000011,89.17000000000002,xml_geometry_csv_action
BootPass_81,211,3,3,Position_Unknown,Team_Unknown,Action_PreSnap,1431.09,354.57,1497.28,456.52,66.19000000000005,101.94999999999999,xml_geometry_csv_action
BootPass_81,211,4,4,Position_Unknown,Team_Unknown,Action_PreSnap,1151.63,200.75,1191.21,270.4,39.57999999999993,69.64999999999998,xml_geometry_csv_action
BootPass_81,211,5,5,Position_Unknown,Team_Unknown,Action_PreSnap,1411.56,371.57,1484.0,473.31,72.44000000000005,101.74000000000001,xml_geometry_csv_action
BootPass_81,211,6,6,Position_Unknown,Team_Unknown,Action_PreSnap,969.77,734.11,1021.02,825.51,51.25,91.39999999999998,xml_geometry_csv_action
BootPass_81,211,8,8,Position_Unknown,Team_Unknown,Action_PreSnap,391.53,495.89,459.68,585.8,68.15000000000003,89.90999999999997,xml_geometry_csv_action
BootPass_81,211,9,9,Position_Unknown,Team_Unknown,Action_PreSnap,478.85,608.2,535.71,677.13,56.860000000000014,68.92999999999995,xml_geometry_csv_action
BootPass_81,212,0,0,Position_Unknown,Team_Unknown,Action_PreSnap,470.28,647.98,535.07,728.01,64.79000000000008,80.02999999999997,xml_geometry_csv_action
BootPass_81,212,1,1,Position_Unknown,Team_Unknown,Action_PreSnap,825.9,367.58,871.4,442.62,45.5,75.04000000000002,xml_geometry_csv_action
BootPass_81,212,10,10,Position_Unknown,Team_Unknown,Action_PreSnap,1175.92,196.54,1232.63,288.68,56.710000000000036,92.14000000000001,xml_geometry_csv_action
BootPass_81,212,12,12,Position_Unknown,Team_Unknown,Action_PreSnap,1223.18,171.53,1266.94,254.41,43.75999999999999,82.88,xml_geometry_csv_action
BootPass_81,212,13,13,Position_Unknown,Team_Unknown,Action_PreSnap,1288.07,459.56,1360.48,551.03,72.41000000000008,91.46999999999997,xml_geometry_csv_action
BootPass_81,212,14,14,Position_Unknown,Team_Unknown,Action_PreSnap,1148.78,150.51,1190.45,214.55,41.67000000000007,64.04000000000002,xml_geometry_csv_action
BootPass_81,212,15,15,Position_Unknown,Team_Unknown,Action_PreSnap,874.99,353.81,936.51,424.0,61.51999999999998,70.19,xml_geometry_csv_action
BootPass_81,212,16,16,Position_Unknown,Team_Unknown,Action_PreSnap,993.63,177.32,1038.02,246.83,44.389999999999986,69.51000000000002,xml_geometry_csv_action
BootPass_81,212,17,17,Position_Unknown,Team_Unknown,Action_PreSnap,1425.85,254.98,1477.39,329.72,51.54000000000019,74.74000000000004,xml_geometry_csv_action
BootPass_81,212,18,18,Position_Unknown,Team_Unknown,Action_ThrowPass,1527.85,444.33,1593.59,550.92,65.74000000000001,106.58999999999997,xml_geometry_csv_action
BootPass_81,212,19,19,Position_Unknown,Team_Unknown,Action_PreSnap,1274.34,155.83,1323.27,243.14,48.930000000000064,87.30999999999997,xml_geometry_csv_action
BootPass_81,212,2,2,Position_Unknown,Team_Unknown,Action_RunFlatRoute,1063.68,792.35,1114.99,902.33,51.309999999999945,109.98000000000002,xml_geometry_csv_action
BootPass_81,212,21,21,Position_Unknown,Team_Unknown,Action_PreSnap,1399.33,189.94,1462.72,269.1,63.3900000000001,79.16000000000003,xml_geometry_csv_action
BootPass_81,212,26,23,Position_Unknown,Team_Unknown,Action_PreSnap,1322.42,126.49,1369.0,216.44,46.57999999999993,89.95,xml_geometry_csv_action
BootPass_81,212,27,24,Position_Unknown,Team_Unknown,Action_PreSnap,1093.45,134.87,1139.62,223.69,46.169999999999845,88.82,xml_geometry_csv_action
BootPass_81,212,3,3,Position_Unknown,Team_Unknown,Action_PreSnap,1437.98,356.99,1499.9,456.39,61.92000000000007,99.39999999999998,xml_geometry_csv_action
BootPass_81,212,4,4,Position_Unknown,Team_Unknown,Action_PreSnap,1150.43,200.41,1190.08,269.36,39.649999999999864,68.95000000000002,xml_geometry_csv_action
BootPass_81,212,5,5,Position_Unknown,Team_Unknown,Action_PreSnap,1421.11,371.27,1489.28,470.36,68.17000000000007,99.09000000000003,xml_geometry_csv_action
BootPass_81,212,6,6,Position_Unknown,Team_Unknown,Action_PreSnap,964.39,737.19,1019.98,831.96,55.59000000000003,94.76999999999998,xml_geometry_csv_action
BootPass_81,212,8,8,Position_Unknown,Team_Unknown,Action_PreSnap,385.62,495.24,444.8,585.21,59.18000000000001,89.97000000000003,xml_geometry_csv_action
BootPass_81,212,9,9,Position_Unknown,Team_Unknown,Action_PreSnap,471.95,606.72,524.49,688.82,52.54000000000002,82.10000000000002,xml_geometry_csv_action
BootPass_81,213,0,0,Position_Unknown,Team_Unknown,Action_PreSnap,467.9,649.69,523.82,726.25,55.92000000000007,76.55999999999995,xml_geometry_csv_action
BootPass_81,213,1,1,Position_Unknown,Team_Unknown,Action_PreSnap,821.44,366.9,866.85,441.09,45.40999999999997,74.19,xml_geometry_csv_action
BootPass_81,213,10,10,Position_Unknown,Team_Unknown,Action_PreSnap,1175.04,195.79,1232.89,286.23,57.850000000000136,90.44000000000003,xml_geometry_csv_action
BootPass_81,213,12,12,Position_Unknown,Team_Unknown,Action_PreSnap,1221.75,167.69,1264.37,250.95,42.61999999999989,83.25999999999999,xml_geometry_csv_action
BootPass_81,213,13,13,Position_Unknown,Team_Unknown,Action_PreSnap,1292.24,461.49,1368.5,551.32,76.25999999999999,89.83000000000004,xml_geometry_csv_action
BootPass_81,213,14,14,Position_Unknown,Team_Unknown,Action_PreSnap,1149.33,147.62,1190.77,212.8,41.440000000000055,65.18,xml_geometry_csv_action
BootPass_81,213,15,15,Position_Unknown,Team_Unknown,Action_PreSnap,868.57,355.23,925.35,426.89,56.77999999999997,71.65999999999997,xml_geometry_csv_action
BootPass_81,213,16,16,Position_Unknown,Team_Unknown,Action_PreSnap,991.34,176.75,1037.26,249.94,45.91999999999996,73.19,xml_geometry_csv_action
BootPass_81,213,17,17,Position_Unknown,Team_Unknown,Action_PreSnap,1424.6,257.15,1477.16,327.99,52.56000000000017,70.84000000000003,xml_geometry_csv_action
BootPass_81,213,18,18,Position_Unknown,Team_Unknown,Action_ThrowPass,1527.6,445.22,1586.0,550.38,58.40000000000009,105.15999999999997,xml_geometry_csv_action
BootPass_81,213,19,19,Position_Unknown,Team_Unknown,Action_PreSnap,1275.7,153.03,1324.4,239.86,48.700000000000045,86.83000000000001,xml_geometry_csv_action
BootPass_81,213,2,2,Position_Unknown,Team_Unknown,Action_RunFlatRoute,1063.54,795.35,1112.79,899.97,49.25,104.62,xml_geometry_csv_action
BootPass_81,213,21,21,Position_Unknown,Team_Unknown,Action_PreSnap,1401.51,189.51,1466.97,268.3,65.46000000000004,78.79000000000002,xml_geometry_csv_action
BootPass_81,213,26,23,Position_Unknown,Team_Unknown,Action_PreSnap,1325.29,123.12,1371.76,213.61,46.47000000000003,90.49000000000001,xml_geometry_csv_action
BootPass_81,213,27,24,Position_Unknown,Team_Unknown,Action_PreSnap,1094.84,134.13,1140.57,220.18,45.73000000000002,86.05000000000001,xml_geometry_csv_action
BootPass_81,213,32,28,Position_Unknown,Team_Unknown,Action_PreSnap,1436.28,352.54,1478.49,401.51,42.210000000000036,48.96999999999997,xml_geometry_csv_action
BootPass_81,213,3,3,Position_Unknown,Team_Unknown,Action_PreSnap,1446.34,361.66,1501.33,454.76,54.99000000000001,93.09999999999997,xml_geometry_csv_action
BootPass_81,213,4,4,Position_Unknown,Team_Unknown,Action_PreSnap,1149.56,200.29,1189.1,268.18,39.539999999999964,67.89000000000001,xml_geometry_csv_action
BootPass_81,213,5,5,Position_Unknown,Team_Unknown,Action_PreSnap,1430.06,370.14,1493.36,468.87,63.299999999999955,98.73000000000002,xml_geometry_csv_action
BootPass_81,213,6,6,Position_Unknown,Team_Unknown,Action_PreSnap,959.03,739.95,1018.01,832.59,58.98000000000002,92.63999999999999,xml_geometry_csv_action
BootPass_81,213,8,8,Position_Unknown,Team_Unknown,Action_PreSnap,378.99,494.14,436.6,582.38,57.610000000000014,88.24000000000001,xml_geometry_csv_action
BootPass_81,213,9,9,Position_Unknown,Team_Unknown,Action_PreSnap,463.72,605.53,520.89,676.82,57.16999999999996,71.29000000000008,xml_geometry_csv_action
BootPass_81,214,0,0,Position_Unknown,Team_Unknown,Action_PreSnap,463.5,653.02,516.96,724.01,53.460000000000036,70.99000000000001,xml_geometry_csv_action
BootPass_81,214,1,1,Position_Unknown,Team_Unknown,Action_PreSnap,813.31,367.68,862.2,445.65,48.8900000000001,77.96999999999997,xml_geometry_csv_action
BootPass_81,214,10,10,Position_Unknown,Team_Unknown,Action_PreSnap,1174.68,194.26,1232.77,283.17,58.08999999999992,88.91000000000003,xml_geometry_csv_action
BootPass_81,214,12,12,Position_Unknown,Team_Unknown,Action_PreSnap,1219.96,164.15,1261.28,246.89,41.319999999999936,82.73999999999998,xml_geometry_csv_action
BootPass_81,214,13,13,Position_Unknown,Team_Unknown,Action_PreSnap,1295.6,462.4,1377.23,557.45,81.63000000000011,95.05000000000007,xml_geometry_csv_action
BootPass_81,214,14,14,Position_Unknown,Team_Unknown,Action_PreSnap,1149.95,144.45,1190.71,210.06,40.75999999999999,65.61000000000001,xml_geometry_csv_action
BootPass_81,214,15,15,Position_Unknown,Team_Unknown,Action_PreSnap,860.68,356.64,912.15,429.63,51.47000000000003,72.99000000000001,xml_geometry_csv_action
BootPass_81,214,16,16,Position_Unknown,Team_Unknown,Action_PreSnap,990.35,176.4,1034.63,249.62,44.280000000000086,73.22,xml_geometry_csv_action
BootPass_81,214,17,17,Position_Unknown,Team_Unknown,Action_PreSnap,1423.43,257.73,1474.88,327.83,51.450000000000045,70.09999999999997,xml_geometry_csv_action
BootPass_81,214,18,18,Position_Unknown,Team_Unknown,Action_ThrowPass,1526.2,442.55,1577.77,551.96,51.569999999999936,109.41000000000003,xml_geometry_csv_action
BootPass_81,214,19,19,Position_Unknown,Team_Unknown,Action_PreSnap,1275.84,150.54,1325.16,235.98,49.320000000000164,85.44,xml_geometry_csv_action
BootPass_81,214,2,2,Position_Unknown,Team_Unknown,Action_RunFlatRoute,1063.03,796.88,1110.04,896.27,47.00999999999999,99.38999999999999,xml_geometry_csv_action
BootPass_81,214,21,21,Position_Unknown,Team_Unknown,Action_PreSnap,1405.02,188.98,1468.0,267.65,62.98000000000002,78.66999999999999,xml_geometry_csv_action
BootPass_81,214,26,23,Position_Unknown,Team_Unknown,Action_PreSnap,1327.84,119.58,1373.99,210.7,46.15000000000009,91.11999999999999,xml_geometry_csv_action
BootPass_81,214,27,24,Position_Unknown,Team_Unknown,Action_PreSnap,1095.7,132.25,1141.33,217.39,45.62999999999988,85.13999999999999,xml_geometry_csv_action
BootPass_81,214,32,28,Position_Unknown,Team_Unknown,Action_PreSnap,1435.81,354.0,1476.74,405.28,40.930000000000064,51.27999999999997,xml_geometry_csv_action
BootPass_81,214,3,3,Position_Unknown,Team_Unknown,Action_PreSnap,1451.99,362.86,1507.83,451.72,55.83999999999992,88.86000000000001,xml_geometry_csv_action
BootPass_81,214,4,4,Position_Unknown,Team_Unknown,Action_PreSnap,1148.61,198.85,1188.15,266.5,39.54000000000019,67.65,xml_geometry_csv_action
BootPass_81,214,5,5,Position_Unknown,Team_Unknown,Action_PreSnap,1436.63,369.01,1494.41,468.87,57.77999999999997,99.86000000000001,xml_geometry_csv_action
BootPass_81,214,6,6,Position_Unknown,Team_Unknown,Action_PreSnap,954.11,742.45,1016.59,829.5,62.48000000000002,87.04999999999995,xml_geometry_csv_action
BootPass_81,214,8,8,Position_Unknown,Team_Unknown,Action_PreSnap,371.99,491.85,433.17,578.73,61.18000000000001,86.88,xml_geometry_csv_action
BootPass_81,214,9,9,Position_Unknown,Team_Unknown,Action_PreSnap,452.35,603.96,521.63,670.82,69.27999999999997,66.86000000000001,xml_geometry_csv_action
BootPass_81,215,0,0,Position_Unknown,Team_Unknown,Action_PreSnap,447.94,655.44,507.13,729.56,59.19,74.11999999999989,xml_geometry_csv_action
BootPass_81,215,1,1,Position_Unknown,Team_Unknown,Action_PreSnap,807.04,367.92,859.68,452.76,52.639999999999986,84.83999999999997,xml_geometry_csv_action
BootPass_81,215,10,10,Position_Unknown,Team_Unknown,Action_PreSnap,1174.7,193.44,1232.35,281.0,57.649999999999864,87.56,xml_geometry_csv_action
BootPass_81,215,12,12,Position_Unknown,Team_Unknown,Action_PreSnap,1217.79,160.66,1258.02,242.85,40.23000000000002,82.19,xml_geometry_csv_action
BootPass_81,215,13,13,Position_Unknown,Team_Unknown,Action_PreSnap,1309.11,463.71,1384.48,562.09,75.37000000000012,98.38000000000005,xml_geometry_csv_action
BootPass_81,215,14,14,Position_Unknown,Team_Unknown,Action_PreSnap,1150.14,142.24,1190.22,207.92,40.07999999999993,65.67999999999998,xml_geometry_csv_action
BootPass_81,215,15,15,Position_Unknown,Team_Unknown,Action_PreSnap,855.64,358.58,899.8,430.14,44.15999999999997,71.56,xml_geometry_csv_action
BootPass_81,215,16,16,Position_Unknown,Team_Unknown,Action_PreSnap,988.63,178.01,1030.93,248.93,42.30000000000007,70.92000000000002,xml_geometry_csv_action
BootPass_81,215,17,17,Position_Unknown,Team_Unknown,Action_PreSnap,1421.47,259.84,1472.7,344.12,51.23000000000002,84.28000000000003,xml_geometry_csv_action
BootPass_81,215,18,18,Position_Unknown,Team_Unknown,Action_ThrowPass,1523.26,442.13,1569.8,553.11,46.539999999999964,110.98000000000002,xml_geometry_csv_action
BootPass_81,215,19,19,Position_Unknown,Team_Unknown,Action_PreSnap,1276.54,148.42,1325.51,232.79,48.97000000000003,84.37,xml_geometry_csv_action
BootPass_81,215,2,2,Position_Unknown,Team_Unknown,Action_RunFlatRoute,1061.43,798.16,1107.86,900.12,46.429999999999836,101.96000000000004,xml_geometry_csv_action
BootPass_81,215,21,21,Position_Unknown,Team_Unknown,Action_PreSnap,1410.83,188.82,1467.09,268.07,56.25999999999999,79.25,xml_geometry_csv_action
BootPass_81,215,26,23,Position_Unknown,Team_Unknown,Action_PreSnap,1331.4,117.31,1377.3,207.11,45.899999999999864,89.80000000000001,xml_geometry_csv_action
BootPass_81,215,27,24,Position_Unknown,Team_Unknown,Action_PreSnap,1096.23,130.42,1143.07,214.69,46.83999999999992,84.27000000000001,xml_geometry_csv_action
BootPass_81,215,32,28,Position_Unknown,Team_Unknown,Action_PreSnap,1434.89,357.71,1475.35,416.32,40.45999999999981,58.610000000000014,xml_geometry_csv_action
BootPass_81,215,3,3,Position_Unknown,Team_Unknown,Action_PreSnap,1456.22,363.72,1514.37,449.28,58.149999999999864,85.55999999999995,xml_geometry_csv_action
BootPass_81,215,4,4,Position_Unknown,Team_Unknown,Action_PreSnap,1148.01,198.74,1186.41,266.17,38.40000000000009,67.43,xml_geometry_csv_action
BootPass_81,215,5,5,Position_Unknown,Team_Unknown,Action_PreSnap,1441.11,368.8,1497.27,470.6,56.16000000000008,101.80000000000001,xml_geometry_csv_action
BootPass_81,215,6,6,Position_Unknown,Team_Unknown,Action_PreSnap,953.85,744.92,1015.46,826.29,61.610000000000014,81.37,xml_geometry_csv_action
BootPass_81,215,8,8,Position_Unknown,Team_Unknown,Action_PreSnap,367.15,489.39,431.08,575.21,63.93000000000001,85.82000000000005,xml_geometry_csv_action
BootPass_81,215,9,9,Position_Unknown,Team_Unknown,Action_PreSnap,442.25,602.13,519.69,667.54,77.44000000000005,65.40999999999997,xml_geometry_csv_action
BootPass_81,216,0,0,Position_Unknown,Team_Unknown,Action_PreSnap,431.15,655.53,499.39,734.61,68.24000000000001,79.08000000000004,xml_geometry_csv_action
BootPass_81,216,1,1,Position_Unknown,Team_Unknown,Action_PreSnap,802.92,370.29,856.82,458.47,53.90000000000009,88.18,xml_geometry_csv_action
BootPass_81,216,10,10,Position_Unknown,Team_Unknown,Action_PreSnap,1173.87,192.58,1232.13,278.92,58.26000000000022,86.34,xml_geometry_csv_action
BootPass_81,216,12,12,Position_Unknown,Team_Unknown,Action_PreSnap,1215.46,157.01,1254.56,236.19,39.09999999999991,79.18,xml_geometry_csv_action
BootPass_81,216,13,13,Position_Unknown,Team_Unknown,Action_PreSnap,1327.86,465.21,1391.65,562.67,63.79000000000019,97.45999999999998,xml_geometry_csv_action
BootPass_81,216,14,14,Position_Unknown,Team_Unknown,Action_PreSnap,1149.65,139.54,1189.78,205.46,40.12999999999988,65.92000000000002,xml_geometry_csv_action
BootPass_81,216,15,15,Position_Unknown,Team_Unknown,Action_PreSnap,851.56,360.41,891.17,429.6,39.610000000000014,69.19,xml_geometry_csv_action
BootPass_81,216,16,16,Position_Unknown,Team_Unknown,Action_PreSnap,987.0,180.13,1028.87,248.78,41.86999999999989,68.65,xml_geometry_csv_action
BootPass_81,216,17,17,Position_Unknown,Team_Unknown,Action_PreSnap,1420.61,260.93,1471.52,349.58,50.91000000000008,88.64999999999998,xml_geometry_csv_action
BootPass_81,216,18,18,Position_Unknown,Team_Unknown,Action_ThrowPass,1520.17,445.79,1565.54,552.78,45.36999999999989,106.98999999999995,xml_geometry_csv_action
BootPass_81,216,19,19,Position_Unknown,Team_Unknown,Action_PreSnap,1277.51,146.49,1325.37,230.03,47.8599999999999,83.53999999999999,xml_geometry_csv_action
BootPass_81,216,2,2,Position_Unknown,Team_Unknown,Action_RunFlatRoute,1059.14,799.14,1103.94,893.79,44.799999999999955,94.64999999999998,xml_geometry_csv_action
BootPass_81,216,21,21,Position_Unknown,Team_Unknown,Action_PreSnap,1418.07,188.63,1467.03,267.09,48.960000000000036,78.45999999999998,xml_geometry_csv_action
BootPass_81,216,26,23,Position_Unknown,Team_Unknown,Action_PreSnap,1335.42,115.16,1380.59,202.45,45.169999999999845,87.28999999999999,xml_geometry_csv_action
BootPass_81,216,27,24,Position_Unknown,Team_Unknown,Action_PreSnap,1096.85,128.34,1145.32,212.2,48.47000000000003,83.85999999999999,xml_geometry_csv_action
BootPass_81,216,32,28,Position_Unknown,Team_Unknown,Action_PreSnap,1434.71,360.27,1476.99,426.58,42.27999999999997,66.31,xml_geometry_csv_action
BootPass_81,216,3,3,Position_Unknown,Team_Unknown,Action_PreSnap,1458.96,365.03,1522.57,448.08,63.6099999999999,83.05000000000001,xml_geometry_csv_action
BootPass_81,216,4,4,Position_Unknown,Team_Unknown,Action_PreSnap,1147.07,197.89,1184.92,265.86,37.850000000000136,67.97000000000003,xml_geometry_csv_action
BootPass_81,216,5,5,Position_Unknown,Team_Unknown,Action_PreSnap,1446.39,369.66,1500.55,472.72,54.159999999999854,103.06,xml_geometry_csv_action
BootPass_81,216,6,6,Position_Unknown,Team_Unknown,Action_PreSnap,954.64,747.31,1014.71,823.63,60.07000000000005,76.32000000000005,xml_geometry_csv_action
BootPass_81,216,8,8,Position_Unknown,Team_Unknown,Action_PreSnap,358.55,490.91,426.2,575.27,67.64999999999998,84.35999999999996,xml_geometry_csv_action
BootPass_81,216,9,9,Position_Unknown,Team_Unknown,Action_PreSnap,433.33,600.31,508.21,667.55,74.88,67.24000000000001,xml_geometry_csv_action
BootPass_81,217,0,0,Position_Unknown,Team_Unknown,Action_PreSnap,419.3,657.17,491.51,737.6,72.20999999999998,80.43000000000006,xml_geometry_csv_action
BootPass_81,217,1,1,Position_Unknown,Team_Unknown,Action_PreSnap,800.03,374.64,854.15,462.4,54.120000000000005,87.75999999999999,xml_geometry_csv_action
BootPass_81,217,10,10,Position_Unknown,Team_Unknown,Action_PreSnap,1172.35,191.68,1232.35,277.19,60.0,85.50999999999999,xml_geometry_csv_action
BootPass_81,217,12,12,Position_Unknown,Team_Unknown,Action_PreSnap,1213.44,154.41,1251.34,229.85,37.899999999999864,75.44,xml_geometry_csv_action
BootPass_81,217,13,13,Position_Unknown,Team_Unknown,Action_PreSnap,1338.97,468.06,1400.21,561.77,61.24000000000001,93.70999999999998,xml_geometry_csv_action
BootPass_81,217,14,14,Position_Unknown,Team_Unknown,Action_PreSnap,1149.65,138.1,1189.59,204.04,39.93999999999983,65.94,xml_geometry_csv_action
BootPass_81,217,15,15,Position_Unknown,Team_Unknown,Action_PreSnap,845.44,361.58,884.56,430.4,39.11999999999989,68.82,xml_geometry_csv_action
BootPass_81,217,16,16,Position_Unknown,Team_Unknown,Action_PreSnap,985.51,182.34,1027.88,248.12,42.37000000000012,65.78,xml_geometry_csv_action
BootPass_81,217,17,17,Position_Unknown,Team_Unknown,Action_PreSnap,1420.24,262.25,1470.24,352.81,50.0,90.56,xml_geometry_csv_action
BootPass_81,217,18,18,Position_Unknown,Team_Unknown,Action_ThrowPass,1516.76,447.47,1562.42,552.88,45.66000000000008,105.40999999999997,xml_geometry_csv_action
BootPass_81,217,19,19,Position_Unknown,Team_Unknown,Action_PreSnap,1279.24,145.79,1326.08,227.78,46.83999999999992,81.99000000000001,xml_geometry_csv_action
BootPass_81,217,2,2,Position_Unknown,Team_Unknown,Action_RunFlatRoute,1056.26,801.39,1100.24,904.86,43.98000000000002,103.47000000000003,xml_geometry_csv_action
BootPass_81,217,21,21,Position_Unknown,Team_Unknown,Action_PreSnap,1423.63,188.65,1467.49,266.7,43.8599999999999,78.04999999999998,xml_geometry_csv_action
BootPass_81,217,26,23,Position_Unknown,Team_Unknown,Action_PreSnap,1340.74,113.34,1383.86,200.05,43.11999999999989,86.71000000000001,xml_geometry_csv_action
BootPass_81,217,27,24,Position_Unknown,Team_Unknown,Action_PreSnap,1097.52,126.37,1148.23,210.21,50.710000000000036,83.84,xml_geometry_csv_action
BootPass_81,217,32,28,Position_Unknown,Team_Unknown,Action_PreSnap,1434.99,362.63,1478.99,434.85,44.0,72.22000000000003,xml_geometry_csv_action
BootPass_81,217,3,3,Position_Unknown,Team_Unknown,Action_PreSnap,1464.32,368.16,1526.21,450.38,61.8900000000001,82.21999999999997,xml_geometry_csv_action
BootPass_81,217,4,4,Position_Unknown,Team_Unknown,Action_PreSnap,1145.75,196.66,1183.52,266.32,37.76999999999998,69.66,xml_geometry_csv_action
BootPass_81,217,5,5,Position_Unknown,Team_Unknown,Action_PreSnap,1451.03,372.64,1503.5,476.58,52.47000000000003,103.94,xml_geometry_csv_action
BootPass_81,217,6,6,Position_Unknown,Team_Unknown,Action_PreSnap,956.05,749.54,1013.14,834.17,57.09000000000003,84.63,xml_geometry_csv_action
BootPass_81,217,8,8,Position_Unknown,Team_Unknown,Action_PreSnap,346.1,496.78,417.14,577.13,71.03999999999996,80.35000000000002,xml_geometry_csv_action
BootPass_81,217,9,9,Position_Unknown,Team_Unknown,Action_PreSnap,427.92,599.44,493.01,667.23,65.08999999999997,67.78999999999996,xml_geometry_csv_action
BootPass_81,218,0,0,Position_Unknown,Team_Unknown,Action_PreSnap,413.35,656.65,482.6,735.46,69.25,78.81000000000006,xml_geometry_csv_action
BootPass_81,218,1,1,Position_Unknown,Team_Unknown,Action_PreSnap,799.43,377.52,850.28,461.48,50.85000000000002,83.96000000000004,xml_geometry_csv_action
BootPass_81,218,10,10,Position_Unknown,Team_Unknown,Action_PreSnap,1169.85,190.23,1232.15,275.03,62.30000000000018,84.79999999999998,xml_geometry_csv_action
BootPass_81,218,12,12,Position_Unknown,Team_Unknown,Action_PreSnap,1211.3,151.27,1248.36,223.86,37.059999999999945,72.59,xml_geometry_csv_action
BootPass_81,218,13,13,Position_Unknown,Team_Unknown,Action_PreSnap,1342.95,468.95,1408.93,557.94,65.98000000000002,88.99000000000007,xml_geometry_csv_action
BootPass_81,218,14,14,Position_Unknown,Team_Unknown,Action_PreSnap,1149.62,136.77,1189.56,202.57,39.940000000000055,65.79999999999998,xml_geometry_csv_action
BootPass_81,218,15,15,Position_Unknown,Team_Unknown,Action_PreSnap,840.84,362.88,879.15,427.48,38.309999999999945,64.60000000000002,xml_geometry_csv_action
BootPass_81,218,16,16,Position_Unknown,Team_Unknown,Action_PreSnap,983.53,182.34,1026.78,246.23,43.25,63.889999999999986,xml_geometry_csv_action
BootPass_81,218,17,17,Position_Unknown,Team_Unknown,Action_PreSnap,1419.39,263.15,1468.93,351.64,49.539999999999964,88.49000000000001,xml_geometry_csv_action
BootPass_81,218,18,18,Position_Unknown,Team_Unknown,Action_ThrowPass,1511.51,448.03,1558.92,552.35,47.41000000000008,104.32000000000005,xml_geometry_csv_action
BootPass_81,218,19,19,Position_Unknown,Team_Unknown,Action_PreSnap,1281.16,144.41,1326.31,225.62,45.149999999999864,81.21000000000001,xml_geometry_csv_action
BootPass_81,218,2,2,Position_Unknown,Team_Unknown,Action_RunFlatRoute,1054.03,803.54,1096.64,902.05,42.61000000000013,98.50999999999999,xml_geometry_csv_action
BootPass_81,218,21,21,Position_Unknown,Team_Unknown,Action_PreSnap,1427.22,187.75,1468.03,265.43,40.809999999999945,77.68,xml_geometry_csv_action
BootPass_81,218,26,23,Position_Unknown,Team_Unknown,Action_PreSnap,1344.8,111.91,1386.1,195.38,41.299999999999955,83.47,xml_geometry_csv_action
BootPass_81,218,27,24,Position_Unknown,Team_Unknown,Action_PreSnap,1098.81,123.77,1151.18,206.07,52.37000000000012,82.3,xml_geometry_csv_action
BootPass_81,218,32,28,Position_Unknown,Team_Unknown,Action_PreSnap,1435.2,364.25,1479.08,440.84,43.87999999999988,76.58999999999997,xml_geometry_csv_action
BootPass_81,218,3,3,Position_Unknown,Team_Unknown,Action_PreSnap,1466.82,370.19,1527.94,449.84,61.12000000000012,79.64999999999998,xml_geometry_csv_action
BootPass_81,218,4,4,Position_Unknown,Team_Unknown,Action_PreSnap,1143.68,193.44,1181.8,264.82,38.11999999999989,71.38,xml_geometry_csv_action
BootPass_81,218,5,5,Position_Unknown,Team_Unknown,Action_PreSnap,1452.99,374.36,1508.57,477.8,55.57999999999993,103.44,xml_geometry_csv_action
BootPass_81,218,6,6,Position_Unknown,Team_Unknown,Action_PreSnap,955.79,751.58,1011.2,845.01,55.41000000000008,93.42999999999995,xml_geometry_csv_action
BootPass_81,218,8,8,Position_Unknown,Team_Unknown,Action_PreSnap,338.75,499.82,408.13,578.72,69.38,78.90000000000003,xml_geometry_csv_action
BootPass_81,218,9,9,Position_Unknown,Team_Unknown,Action_PreSnap,419.47,598.82,483.44,664.46,63.96999999999997,65.63999999999999,xml_geometry_csv_action
BootPass_81,219,0,0,Position_Unknown,Team_Unknown,Action_PreSnap,411.18,658.1,472.51,732.19,61.329999999999984,74.09000000000003,xml_geometry_csv_action
BootPass_81,219,1,1,Position_Unknown,Team_Unknown,Action_PreSnap,800.06,380.94,847.66,459.77,47.60000000000002,78.82999999999998,xml_geometry_csv_action
BootPass_81,219,10,10,Position_Unknown,Team_Unknown,Action_PreSnap,1167.22,188.42,1231.96,273.42,64.74000000000001,85.00000000000003,xml_geometry_csv_action
BootPass_81,219,12,12,Position_Unknown,Team_Unknown,Action_PreSnap,1209.17,148.85,1245.64,219.71,36.47000000000003,70.86000000000001,xml_geometry_csv_action
BootPass_81,219,13,13,Position_Unknown,Team_Unknown,Action_PreSnap,1346.55,469.78,1418.75,554.87,72.20000000000005,85.09000000000003,xml_geometry_csv_action
BootPass_81,219,14,14,Position_Unknown,Team_Unknown,Action_PreSnap,1149.38,136.08,1189.05,201.37,39.669999999999845,65.28999999999999,xml_geometry_csv_action
BootPass_81,219,15,15,Position_Unknown,Team_Unknown,Action_PreSnap,836.56,365.28,876.41,428.49,39.85000000000002,63.210000000000036,xml_geometry_csv_action
BootPass_81,219,16,16,Position_Unknown,Team_Unknown,Action_PreSnap,980.87,181.42,1025.85,250.67,44.979999999999905,69.25,xml_geometry_csv_action
BootPass_81,219,17,17,Position_Unknown,Team_Unknown,Action_PreSnap,1417.83,264.3,1468.4,351.64,50.570000000000164,87.33999999999997,xml_geometry_csv_action
BootPass_81,219,18,18,Position_Unknown,Team_Unknown,Action_ThrowPass,1505.87,449.62,1554.99,554.29,49.12000000000012,104.66999999999996,xml_geometry_csv_action
BootPass_81,219,19,19,Position_Unknown,Team_Unknown,Action_PreSnap,1283.23,142.85,1327.3,223.83,44.069999999999936,80.98000000000002,xml_geometry_csv_action
BootPass_81,219,2,2,Position_Unknown,Team_Unknown,Action_RunFlatRoute,1050.87,806.81,1093.02,912.52,42.15000000000009,105.71000000000004,xml_geometry_csv_action
BootPass_81,219,21,21,Position_Unknown,Team_Unknown,Action_PreSnap,1429.61,186.53,1469.24,265.08,39.63000000000011,78.54999999999998,xml_geometry_csv_action
BootPass_81,219,26,23,Position_Unknown,Team_Unknown,Action_PreSnap,1349.69,110.44,1388.18,191.9,38.49000000000001,81.46000000000001,xml_geometry_csv_action
BootPass_81,219,27,24,Position_Unknown,Team_Unknown,Action_PreSnap,1101.52,121.86,1153.98,201.96,52.460000000000036,80.10000000000001,xml_geometry_csv_action
BootPass_81,219,32,28,Position_Unknown,Team_Unknown,Action_PreSnap,1434.33,365.72,1479.57,445.7,45.24000000000001,79.97999999999996,xml_geometry_csv_action
BootPass_81,219,3,3,Position_Unknown,Team_Unknown,Action_PreSnap,1468.35,371.32,1528.11,449.42,59.75999999999999,78.10000000000002,xml_geometry_csv_action
BootPass_81,219,4,4,Position_Unknown,Team_Unknown,Action_PreSnap,1142.78,191.02,1180.39,265.93,37.61000000000013,74.91,xml_geometry_csv_action
BootPass_81,219,5,5,Position_Unknown,Team_Unknown,Action_PreSnap,1454.08,375.72,1514.04,478.7,59.960000000000036,102.97999999999996,xml_geometry_csv_action
BootPass_81,219,6,6,Position_Unknown,Team_Unknown,Action_PreSnap,954.85,754.25,1009.82,854.95,54.97000000000003,100.70000000000005,xml_geometry_csv_action
BootPass_81,219,8,8,Position_Unknown,Team_Unknown,Action_PreSnap,338.54,501.51,403.75,576.85,65.20999999999998,75.34000000000003,xml_geometry_csv_action
BootPass_81,219,9,9,Position_Unknown,Team_Unknown,Action_PreSnap,410.81,599.57,475.01,662.16,64.19999999999999,62.58999999999992,xml_geometry_csv_action
BootPass_81,220,0,0,Position_Unknown,Team_Unknown,Action_PreSnap,406.79,657.78,462.08,730.56,55.289999999999964,72.77999999999997,xml_geometry_csv_action
BootPass_81,220,1,1,Position_Unknown,Team_Unknown,Action_PreSnap,801.68,383.03,846.22,456.93,44.54000000000008,73.90000000000003,xml_geometry_csv_action
BootPass_81,220,10,10,Position_Unknown,Team_Unknown,Action_PreSnap,1164.9,185.77,1231.41,270.51,66.50999999999999,84.73999999999998,xml_geometry_csv_action
BootPass_81,220,12,12,Position_Unknown,Team_Unknown,Action_PreSnap,1207.91,146.52,1244.09,217.71,36.179999999999836,71.19,xml_geometry_csv_action
BootPass_81,220,13,13,Position_Unknown,Team_Unknown,Action_PreSnap,1350.73,469.56,1430.45,555.65,79.72000000000003,86.08999999999997,xml_geometry_csv_action
BootPass_81,220,14,14,Position_Unknown,Team_Unknown,Action_PreSnap,1149.78,135.43,1189.28,199.28,39.5,63.849999999999994,xml_geometry_csv_action
BootPass_81,220,15,15,Position_Unknown,Team_Unknown,Action_PreSnap,832.98,367.34,873.85,432.31,40.870000000000005,64.97000000000003,xml_geometry_csv_action
BootPass_81,220,16,16,Position_Unknown,Team_Unknown,Action_PreSnap,979.41,180.19,1026.24,253.36,46.83000000000004,73.17000000000002,xml_geometry_csv_action
BootPass_81,220,17,17,Position_Unknown,Team_Unknown,Action_PreSnap,1416.83,264.08,1467.94,350.24,51.11000000000013,86.16000000000003,xml_geometry_csv_action
BootPass_81,220,18,18,Position_Unknown,Team_Unknown,Action_None,1500.98,451.41,1551.43,557.05,50.450000000000045,105.63999999999993,xml_geometry_csv_action
BootPass_81,220,19,19,Position_Unknown,Team_Unknown,Action_PreSnap,1286.95,139.89,1328.24,220.2,41.289999999999964,80.31,xml_geometry_csv_action
BootPass_81,220,2,2,Position_Unknown,Team_Unknown,Action_None,1048.32,809.39,1090.93,914.76,42.61000000000013,105.37,xml_geometry_csv_action
BootPass_81,220,21,21,Position_Unknown,Team_Unknown,Action_PreSnap,1431.83,184.17,1470.97,264.41,39.1400000000001,80.24000000000004,xml_geometry_csv_action
BootPass_81,220,26,23,Position_Unknown,Team_Unknown,Action_PreSnap,1354.28,108.21,1392.09,187.37,37.809999999999945,79.16000000000001,xml_geometry_csv_action
BootPass_81,220,27,24,Position_Unknown,Team_Unknown,Action_PreSnap,1104.19,119.66,1156.62,198.26,52.429999999999836,78.6,xml_geometry_csv_action
BootPass_81,220,32,28,Position_Unknown,Team_Unknown,Action_PreSnap,1437.02,365.66,1480.43,448.87,43.41000000000008,83.20999999999998,xml_geometry_csv_action
BootPass_81,220,3,3,Position_Unknown,Team_Unknown,Action_PreSnap,1468.15,370.65,1528.28,448.58,60.12999999999988,77.93,xml_geometry_csv_action
BootPass_81,220,4,4,Position_Unknown,Team_Unknown,Action_PreSnap,1141.82,189.36,1179.39,266.61,37.570000000000164,77.25,xml_geometry_csv_action
BootPass_81,220,5,5,Position_Unknown,Team_Unknown,Action_PreSnap,1454.2,375.39,1518.64,475.69,64.44000000000005,100.30000000000001,xml_geometry_csv_action
BootPass_81,220,6,6,Position_Unknown,Team_Unknown,Action_PreSnap,955.69,756.7,1009.14,858.46,53.44999999999993,101.75999999999999,xml_geometry_csv_action
BootPass_81,220,8,8,Position_Unknown,Team_Unknown,Action_PreSnap,340.16,501.49,398.68,575.92,58.51999999999998,74.42999999999995,xml_geometry_csv_action
BootPass_81,220,9,9,Position_Unknown,Team_Unknown,Action_PreSnap,405.81,599.24,469.48,658.4,63.670000000000016,59.15999999999997,xml_geometry_csv_action
BootPass_81,221,0,0,Position_Unknown,Team_Unknown,Action_PreSnap,398.87,658.04,451.93,730.92,53.06,72.88,xml_geometry_csv_action
BootPass_81,221,1,1,Position_Unknown,Team_Unknown,Action_PreSnap,803.19,385.72,845.04,461.88,41.84999999999991,76.15999999999997,xml_geometry_csv_action
BootPass_81,221,10,10,Position_Unknown,Team_Unknown,Action_PreSnap,1163.28,184.02,1230.47,269.34,67.19000000000005,85.31999999999996,xml_geometry_csv_action
BootPass_81,221,12,12,Position_Unknown,Team_Unknown,Action_PreSnap,1205.63,144.81,1242.46,216.71,36.82999999999993,71.9,xml_geometry_csv_action
BootPass_81,221,13,13,Position_Unknown,Team_Unknown,Action_PreSnap,1357.01,471.05,1441.17,560.76,84.16000000000008,89.70999999999998,xml_geometry_csv_action
BootPass_81,221,14,14,Position_Unknown,Team_Unknown,Action_PreSnap,1149.47,136.57,1188.57,197.75,39.09999999999991,61.18000000000001,xml_geometry_csv_action
BootPass_81,221,15,15,Position_Unknown,Team_Unknown,Action_PreSnap,829.58,370.33,869.24,435.92,39.65999999999997,65.59000000000003,xml_geometry_csv_action
BootPass_81,221,16,16,Position_Unknown,Team_Unknown,Action_PreSnap,976.48,180.5,1023.43,257.4,46.94999999999993,76.89999999999998,xml_geometry_csv_action
BootPass_81,221,17,17,Position_Unknown,Team_Unknown,Action_PreSnap,1415.39,265.08,1466.74,349.0,51.34999999999991,83.92000000000002,xml_geometry_csv_action
BootPass_81,221,18,18,Position_Unknown,Team_Unknown,Action_None,1496.1,455.29,1547.32,562.6,51.22000000000003,107.31,xml_geometry_csv_action
BootPass_81,221,19,19,Position_Unknown,Team_Unknown,Action_PreSnap,1290.09,137.87,1328.79,218.47,38.700000000000045,80.6,xml_geometry_csv_action
BootPass_81,221,2,2,Position_Unknown,Team_Unknown,Action_None,1044.93,812.22,1088.61,913.66,43.679999999999836,101.43999999999994,xml_geometry_csv_action
BootPass_81,221,21,21,Position_Unknown,Team_Unknown,Action_PreSnap,1433.88,183.25,1473.86,265.45,39.97999999999979,82.19999999999999,xml_geometry_csv_action
BootPass_81,221,26,23,Position_Unknown,Team_Unknown,Action_PreSnap,1356.51,106.61,1396.03,185.3,39.51999999999998,78.69000000000001,xml_geometry_csv_action
BootPass_81,221,27,24,Position_Unknown,Team_Unknown,Action_PreSnap,1109.82,119.03,1159.39,193.29,49.570000000000164,74.25999999999999,xml_geometry_csv_action
BootPass_81,221,32,28,Position_Unknown,Team_Unknown,Action_PreSnap,1437.71,366.44,1481.45,451.46,43.74000000000001,85.01999999999998,xml_geometry_csv_action
BootPass_81,221,3,3,Position_Unknown,Team_Unknown,Action_PreSnap,1472.29,371.27,1526.74,451.53,54.450000000000045,80.25999999999999,xml_geometry_csv_action
BootPass_81,221,4,4,Position_Unknown,Team_Unknown,Action_PreSnap,1140.35,188.34,1177.56,267.44,37.210000000000036,79.1,xml_geometry_csv_action
BootPass_81,221,5,5,Position_Unknown,Team_Unknown,Action_PreSnap,1454.31,376.94,1522.9,473.31,68.59000000000015,96.37,xml_geometry_csv_action
BootPass_81,221,6,6,Position_Unknown,Team_Unknown,Action_PreSnap,956.47,759.86,1009.36,858.23,52.889999999999986,98.37,xml_geometry_csv_action
BootPass_81,221,8,8,Position_Unknown,Team_Unknown,Action_PreSnap,340.28,501.28,391.54,578.04,51.26000000000005,76.75999999999999,xml_geometry_csv_action
BootPass_81,221,9,9,Position_Unknown,Team_Unknown,Action_PreSnap,398.45,599.84,461.89,656.89,63.44,57.049999999999955,xml_geometry_csv_action
BootPass_81,222,0,0,Position_Unknown,Team_Unknown,Action_PreSnap,387.22,655.59,446.63,730.25,59.40999999999997,74.65999999999997,xml_geometry_csv_action
BootPass_81,222,1,1,Position_Unknown,Team_Unknown,Action_PreSnap,801.98,385.8,845.05,467.8,43.069999999999936,82.0,xml_geometry_csv_action
BootPass_81,222,10,10,Position_Unknown,Team_Unknown,Action_PreSnap,1162.24,181.97,1228.85,266.87,66.6099999999999,84.9,xml_geometry_csv_action
BootPass_81,222,12,12,Position_Unknown,Team_Unknown,Action_PreSnap,1203.4,140.53,1241.47,213.91,38.069999999999936,73.38,xml_geometry_csv_action
BootPass_81,222,13,13,Position_Unknown,Team_Unknown,Action_PreSnap,1366.53,470.59,1453.16,561.47,86.63000000000011,90.88000000000005,xml_geometry_csv_action
BootPass_81,222,14,14,Position_Unknown,Team_Unknown,Action_PreSnap,1149.63,135.99,1188.94,195.86,39.309999999999945,59.870000000000005,xml_geometry_csv_action
BootPass_81,222,15,15,Position_Unknown,Team_Unknown,Action_PreSnap,826.72,371.11,866.98,438.41,40.25999999999999,67.30000000000001,xml_geometry_csv_action
BootPass_81,222,16,16,Position_Unknown,Team_Unknown,Action_PreSnap,974.67,178.77,1019.96,258.65,45.29000000000008,79.87999999999997,xml_geometry_csv_action
BootPass_81,222,17,17,Position_Unknown,Team_Unknown,Action_PreSnap,1413.95,263.57,1466.58,345.54,52.62999999999988,81.97000000000003,xml_geometry_csv_action
BootPass_81,222,18,18,Position_Unknown,Team_Unknown,Action_None,1492.85,458.18,1543.24,564.03,50.3900000000001,105.84999999999997,xml_geometry_csv_action
BootPass_81,222,19,19,Position_Unknown,Team_Unknown,Action_PreSnap,1292.12,133.59,1329.85,215.93,37.73000000000002,82.34,xml_geometry_csv_action
BootPass_81,222,2,2,Position_Unknown,Team_Unknown,Action_None,1041.04,812.67,1087.24,910.79,46.200000000000045,98.12,xml_geometry_csv_action
BootPass_81,222,21,21,Position_Unknown,Team_Unknown,Action_PreSnap,1436.13,180.74,1476.5,265.03,40.36999999999989,84.28999999999996,xml_geometry_csv_action
BootPass_81,222,26,23,Position_Unknown,Team_Unknown,Action_PreSnap,1358.82,102.97,1401.2,181.72,42.38000000000011,78.75,xml_geometry_csv_action
BootPass_81,222,27,24,Position_Unknown,Team_Unknown,Action_PreSnap,1115.58,116.89,1162.21,188.91,46.63000000000011,72.02,xml_geometry_csv_action
BootPass_81,222,32,28,Position_Unknown,Team_Unknown,Action_PreSnap,1439.28,365.06,1481.0,451.43,41.72000000000003,86.37,xml_geometry_csv_action
BootPass_81,222,3,3,Position_Unknown,Team_Unknown,Action_PreSnap,1471.92,368.91,1526.21,447.07,54.289999999999964,78.15999999999997,xml_geometry_csv_action
BootPass_81,222,4,4,Position_Unknown,Team_Unknown,Action_PreSnap,1139.7,185.5,1176.14,265.74,36.440000000000055,80.24000000000001,xml_geometry_csv_action
BootPass_81,222,5,5,Position_Unknown,Team_Unknown,Action_PreSnap,1456.25,376.46,1530.09,470.85,73.83999999999992,94.39000000000004,xml_geometry_csv_action
BootPass_81,222,6,6,Position_Unknown,Team_Unknown,Action_PreSnap,958.94,760.61,1010.17,853.87,51.229999999999905,93.25999999999999,xml_geometry_csv_action
BootPass_81,222,8,8,Position_Unknown,Team_Unknown,Action_PreSnap,336.71,499.41,389.05,578.76,52.34000000000003,79.34999999999997,xml_geometry_csv_action
BootPass_81,222,9,9,Position_Unknown,Team_Unknown,Action_PreSnap,390.66,598.8,458.56,662.09,67.89999999999998,63.29000000000008,xml_geometry_csv_action
BootPass_81,223,0,0,Position_Unknown,Team_Unknown,Action_PreSnap,376.45,654.99,443.29,735.51,66.84000000000003,80.51999999999998,xml_geometry_csv_action
BootPass_81,223,1,1,Position_Unknown,Team_Unknown,Action_PreSnap,799.59,387.39,843.32,473.9,43.73000000000002,86.50999999999999,xml_geometry_csv_action
BootPass_81,223,10,10,Position_Unknown,Team_Unknown,Action_PreSnap,1160.96,179.75,1227.22,264.25,66.25999999999999,84.5,xml_geometry_csv_action
BootPass_81,223,12,12,Position_Unknown,Team_Unknown,Action_PreSnap,1201.72,136.97,1240.88,211.5,39.16000000000008,74.53,xml_geometry_csv_action
BootPass_81,223,13,13,Position_Unknown,Team_Unknown,Action_PreSnap,1380.28,470.71,1462.78,564.19,82.5,93.48000000000008,xml_geometry_csv_action
BootPass_81,223,14,14,Position_Unknown,Team_Unknown,Action_PreSnap,1149.01,136.14,1188.52,194.09,39.50999999999999,57.95000000000002,xml_geometry_csv_action
BootPass_81,223,15,15,Position_Unknown,Team_Unknown,Action_PreSnap,825.2,371.46,864.25,438.03,39.049999999999955,66.57,xml_geometry_csv_action
BootPass_81,223,16,16,Position_Unknown,Team_Unknown,Action_PreSnap,972.73,177.42,1014.86,256.42,42.129999999999995,79.00000000000003,xml_geometry_csv_action
BootPass_81,223,17,17,Position_Unknown,Team_Unknown,Action_PreSnap,1412.27,261.91,1465.27,342.73,53.0,80.82,xml_geometry_csv_action
BootPass_81,223,18,18,Position_Unknown,Team_Unknown,Action_None,1489.55,460.15,1538.41,562.25,48.86000000000013,102.10000000000002,xml_geometry_csv_action
BootPass_81,223,19,19,Position_Unknown,Team_Unknown,Action_PreSnap,1293.34,129.33,1330.91,213.36,37.570000000000164,84.03,xml_geometry_csv_action
BootPass_81,223,2,2,Position_Unknown,Team_Unknown,Action_None,1037.66,812.73,1084.65,906.85,46.99000000000001,94.12,xml_geometry_csv_action
BootPass_81,223,21,21,Position_Unknown,Team_Unknown,Action_PreSnap,1437.82,179.57,1479.21,264.23,41.3900000000001,84.66000000000003,xml_geometry_csv_action
BootPass_81,223,26,23,Position_Unknown,Team_Unknown,Action_PreSnap,1360.47,99.41,1405.71,177.94,45.24000000000001,78.53,xml_geometry_csv_action
BootPass_81,223,27,24,Position_Unknown,Team_Unknown,Action_PreSnap,1125.07,114.53,1164.49,183.97,39.42000000000007,69.44,xml_geometry_csv_action
BootPass_81,223,32,28,Position_Unknown,Team_Unknown,Action_PreSnap,1439.96,363.77,1480.28,449.6,40.319999999999936,85.83000000000004,xml_geometry_csv_action
BootPass_81,223,4,4,Position_Unknown,Team_Unknown,Action_PreSnap,1137.82,183.52,1173.4,262.32,35.580000000000155,78.79999999999998,xml_geometry_csv_action
BootPass_81,223,5,5,Position_Unknown,Team_Unknown,Action_PreSnap,1460.63,377.58,1532.31,469.93,71.67999999999984,92.35000000000002,xml_geometry_csv_action
BootPass_81,223,6,6,Position_Unknown,Team_Unknown,Action_PreSnap,961.44,761.29,1010.69,848.8,49.25,87.50999999999999,xml_geometry_csv_action
BootPass_81,223,8,8,Position_Unknown,Team_Unknown,Action_PreSnap,332.25,497.14,387.8,579.48,55.55000000000001,82.34000000000003,xml_geometry_csv_action
BootPass_81,223,9,9,Position_Unknown,Team_Unknown,Action_PreSnap,383.48,597.87,450.42,663.23,66.94,65.36000000000001,xml_geometry_csv_action
BootPass_81,224,0,0,Position_Unknown,Team_Unknown,Action_PreSnap,369.86,654.27,437.71,739.05,67.84999999999997,84.77999999999997,xml_geometry_csv_action
BootPass_81,224,1,1,Position_Unknown,Team_Unknown,Action_PreSnap,797.67,388.87,842.38,478.27,44.710000000000036,89.39999999999998,xml_geometry_csv_action
BootPass_81,224,10,10,Position_Unknown,Team_Unknown,Action_PreSnap,1160.25,176.9,1223.85,261.34,63.59999999999991,84.43999999999997,xml_geometry_csv_action
BootPass_81,224,12,12,Position_Unknown,Team_Unknown,Action_PreSnap,1200.21,131.9,1240.21,208.03,40.0,76.13,xml_geometry_csv_action
BootPass_81,224,13,13,Position_Unknown,Team_Unknown,Action_PreSnap,1393.97,471.06,1470.58,562.4,76.6099999999999,91.33999999999997,xml_geometry_csv_action
BootPass_81,224,14,14,Position_Unknown,Team_Unknown,Action_PreSnap,1149.32,136.56,1188.36,191.49,39.039999999999964,54.93000000000001,xml_geometry_csv_action
BootPass_81,224,15,15,Position_Unknown,Team_Unknown,Action_PreSnap,821.96,371.46,861.37,440.16,39.40999999999997,68.70000000000005,xml_geometry_csv_action
BootPass_81,224,16,16,Position_Unknown,Team_Unknown,Action_PreSnap,971.26,176.0,1012.34,254.03,41.08000000000004,78.03,xml_geometry_csv_action
BootPass_81,224,17,17,Position_Unknown,Team_Unknown,Action_PreSnap,1410.58,260.58,1464.57,341.96,53.99000000000001,81.38,xml_geometry_csv_action
BootPass_81,224,18,18,Position_Unknown,Team_Unknown,Action_None,1484.88,460.02,1535.88,559.03,51.0,99.00999999999999,xml_geometry_csv_action
BootPass_81,224,19,19,Position_Unknown,Team_Unknown,Action_PreSnap,1294.52,125.89,1332.09,210.54,37.569999999999936,84.64999999999999,xml_geometry_csv_action
BootPass_81,224,2,2,Position_Unknown,Team_Unknown,Action_None,1034.62,812.87,1083.21,915.6,48.590000000000146,102.73000000000002,xml_geometry_csv_action
BootPass_81,224,21,21,Position_Unknown,Team_Unknown,Action_PreSnap,1440.17,178.25,1482.55,263.51,42.37999999999988,85.25999999999999,xml_geometry_csv_action
BootPass_81,224,26,23,Position_Unknown,Team_Unknown,Action_PreSnap,1362.14,95.73,1409.63,174.24,47.49000000000001,78.51,xml_geometry_csv_action
BootPass_81,224,27,24,Position_Unknown,Team_Unknown,Action_PreSnap,1132.42,111.92,1167.55,178.69,35.12999999999988,66.77,xml_geometry_csv_action
BootPass_81,224,32,28,Position_Unknown,Team_Unknown,Action_PreSnap,1439.47,363.09,1478.56,446.36,39.08999999999992,83.27000000000004,xml_geometry_csv_action
BootPass_81,224,3,3,Position_Unknown,Team_Unknown,Action_PreSnap,1468.07,365.52,1514.87,416.86,46.799999999999955,51.34000000000003,xml_geometry_csv_action
BootPass_81,224,4,4,Position_Unknown,Team_Unknown,Action_PreSnap,1133.32,181.43,1170.31,260.07,36.99000000000001,78.63999999999999,xml_geometry_csv_action
BootPass_81,224,5,5,Position_Unknown,Team_Unknown,Action_PreSnap,1465.83,378.61,1532.29,467.77,66.46000000000004,89.15999999999997,xml_geometry_csv_action
BootPass_81,224,6,6,Position_Unknown,Team_Unknown,Action_PreSnap,963.68,761.75,1011.92,845.08,48.24000000000001,83.33000000000004,xml_geometry_csv_action
BootPass_81,224,8,8,Position_Unknown,Team_Unknown,Action_PreSnap,330.14,495.51,386.91,578.61,56.77000000000004,83.10000000000002,xml_geometry_csv_action
BootPass_81,224,9,9,Position_Unknown,Team_Unknown,Action_PreSnap,380.35,596.65,437.54,661.07,57.19,64.42000000000007,xml_geometry_csv_action
BootPass_81,225,0,0,Position_Unknown,Team_Unknown,Action_PreSnap,364.48,655.72,427.6,741.67,63.120000000000005,85.94999999999993,xml_geometry_csv_action
BootPass_81,225,1,1,Position_Unknown,Team_Unknown,Action_PreSnap,795.41,390.88,840.03,479.31,44.620000000000005,88.43,xml_geometry_csv_action
BootPass_81,225,10,10,Position_Unknown,Team_Unknown,Action_PreSnap,1159.5,174.15,1219.47,258.48,59.97000000000003,84.33000000000001,xml_geometry_csv_action
BootPass_81,225,12,12,Position_Unknown,Team_Unknown,Action_PreSnap,1199.45,127.72,1239.53,204.73,40.07999999999993,77.00999999999999,xml_geometry_csv_action
BootPass_81,225,13,13,Position_Unknown,Team_Unknown,Action_PreSnap,1406.12,471.79,1479.91,560.21,73.79000000000019,88.42000000000002,xml_geometry_csv_action
BootPass_81,225,14,14,Position_Unknown,Team_Unknown,Action_PreSnap,1149.46,136.29,1187.96,188.75,38.5,52.46000000000001,xml_geometry_csv_action
BootPass_81,225,15,15,Position_Unknown,Team_Unknown,Action_PreSnap,818.41,372.06,858.27,441.97,39.860000000000014,69.91000000000003,xml_geometry_csv_action
BootPass_81,225,16,16,Position_Unknown,Team_Unknown,Action_PreSnap,968.87,174.6,1011.35,251.76,42.48000000000002,77.16,xml_geometry_csv_action
BootPass_81,225,17,17,Position_Unknown,Team_Unknown,Action_PreSnap,1409.49,259.36,1463.25,347.07,53.75999999999999,87.70999999999998,xml_geometry_csv_action
BootPass_81,225,18,18,Position_Unknown,Team_Unknown,Action_None,1482.64,459.58,1535.31,555.8,52.669999999999845,96.21999999999997,xml_geometry_csv_action
BootPass_81,225,19,19,Position_Unknown,Team_Unknown,Action_PreSnap,1295.29,122.51,1332.31,208.01,37.01999999999998,85.49999999999999,xml_geometry_csv_action
BootPass_81,225,2,2,Position_Unknown,Team_Unknown,Action_None,1032.78,814.13,1081.65,922.09,48.87000000000012,107.96000000000004,xml_geometry_csv_action
BootPass_81,225,21,21,Position_Unknown,Team_Unknown,Action_PreSnap,1442.45,176.91,1484.85,262.54,42.399999999999864,85.63000000000002,xml_geometry_csv_action
BootPass_81,225,26,23,Position_Unknown,Team_Unknown,Action_PreSnap,1366.86,92.44,1413.14,168.12,46.2800000000002,75.68,xml_geometry_csv_action
BootPass_81,225,27,24,Position_Unknown,Team_Unknown,Action_PreSnap,1135.71,109.1,1171.67,176.03,35.960000000000036,66.93,xml_geometry_csv_action
BootPass_81,225,32,28,Position_Unknown,Team_Unknown,Action_PreSnap,1438.92,362.55,1479.65,442.68,40.73000000000002,80.13,xml_geometry_csv_action
BootPass_81,225,3,3,Position_Unknown,Team_Unknown,Action_PreSnap,1465.85,364.74,1508.64,410.15,42.79000000000019,45.40999999999997,xml_geometry_csv_action
BootPass_81,225,4,4,Position_Unknown,Team_Unknown,Action_PreSnap,1126.75,180.38,1167.36,258.38,40.6099999999999,78.0,xml_geometry_csv_action
BootPass_81,225,5,5,Position_Unknown,Team_Unknown,Action_PreSnap,1473.59,378.62,1532.44,467.18,58.850000000000136,88.56,xml_geometry_csv_action
BootPass_81,225,6,6,Position_Unknown,Team_Unknown,Action_PreSnap,964.55,762.83,1013.11,855.28,48.56000000000006,92.44999999999993,xml_geometry_csv_action
BootPass_81,225,8,8,Position_Unknown,Team_Unknown,Action_PreSnap,327.93,494.94,386.43,576.12,58.5,81.18,xml_geometry_csv_action
BootPass_81,225,9,9,Position_Unknown,Team_Unknown,Action_PreSnap,374.43,596.97,424.18,660.34,49.75,63.370000000000005,xml_geometry_csv_action
BootPass_81,226,0,0,Position_Unknown,Team_Unknown,Action_PreSnap,362.71,659.13,418.63,741.49,55.920000000000016,82.36000000000001,xml_geometry_csv_action
BootPass_81,226,1,1,Position_Unknown,Team_Unknown,Action_PreSnap,793.93,392.91,838.92,478.68,44.99000000000001,85.76999999999998,xml_geometry_csv_action
BootPass_81,226,10,10,Position_Unknown,Team_Unknown,Action_PreSnap,1158.79,171.46,1215.03,256.01,56.24000000000001,84.54999999999998,xml_geometry_csv_action
BootPass_81,226,12,12,Position_Unknown,Team_Unknown,Action_PreSnap,1198.2,124.41,1238.03,202.56,39.82999999999993,78.15,xml_geometry_csv_action
BootPass_81,226,13,13,Position_Unknown,Team_Unknown,Action_PreSnap,1418.05,471.77,1491.07,558.8,73.01999999999998,87.02999999999997,xml_geometry_csv_action
BootPass_81,226,14,14,Position_Unknown,Team_Unknown,Action_PreSnap,1148.21,135.37,1188.37,187.58,40.159999999999854,52.21000000000001,xml_geometry_csv_action
BootPass_81,226,15,15,Position_Unknown,Team_Unknown,Action_PreSnap,815.34,373.75,856.01,440.96,40.66999999999996,67.20999999999998,xml_geometry_csv_action
BootPass_81,226,16,16,Position_Unknown,Team_Unknown,Action_PreSnap,965.86,173.91,1010.81,249.45,44.94999999999993,75.53999999999999,xml_geometry_csv_action
BootPass_81,226,17,17,Position_Unknown,Team_Unknown,Action_PreSnap,1407.53,258.96,1457.14,351.8,49.61000000000013,92.84000000000003,xml_geometry_csv_action
BootPass_81,226,18,18,Position_Unknown,Team_Unknown,Action_None,1483.74,461.7,1534.87,553.38,51.12999999999988,91.68,xml_geometry_csv_action
BootPass_81,226,19,19,Position_Unknown,Team_Unknown,Action_PreSnap,1296.41,119.94,1332.92,205.39,36.50999999999999,85.44999999999999,xml_geometry_csv_action
BootPass_81,226,2,2,Position_Unknown,Team_Unknown,Action_None,1030.33,816.25,1079.91,926.7,49.580000000000155,110.45000000000005,xml_geometry_csv_action
BootPass_81,226,21,21,Position_Unknown,Team_Unknown,Action_PreSnap,1444.27,176.3,1486.1,261.38,41.82999999999993,85.07999999999998,xml_geometry_csv_action
BootPass_81,226,26,23,Position_Unknown,Team_Unknown,Action_PreSnap,1371.62,90.06,1416.62,164.32,45.0,74.25999999999999,xml_geometry_csv_action
BootPass_81,226,27,24,Position_Unknown,Team_Unknown,Action_PreSnap,1139.68,105.65,1174.88,174.1,35.200000000000045,68.44999999999999,xml_geometry_csv_action
BootPass_81,226,32,28,Position_Unknown,Team_Unknown,Action_PreSnap,1438.27,362.36,1481.59,439.77,43.319999999999936,77.40999999999997,xml_geometry_csv_action
BootPass_81,226,3,3,Position_Unknown,Team_Unknown,Action_PreSnap,1465.35,365.6,1507.23,424.53,41.88000000000011,58.92999999999995,xml_geometry_csv_action
BootPass_81,226,4,4,Position_Unknown,Team_Unknown,Action_PreSnap,1120.59,179.55,1166.32,258.35,45.73000000000002,78.80000000000001,xml_geometry_csv_action
BootPass_81,226,5,5,Position_Unknown,Team_Unknown,Action_PreSnap,1482.34,377.7,1534.32,468.88,51.98000000000002,91.18,xml_geometry_csv_action
BootPass_81,226,6,6,Position_Unknown,Team_Unknown,Action_PreSnap,965.19,765.07,1015.59,864.91,50.39999999999998,99.83999999999992,xml_geometry_csv_action
BootPass_81,226,8,8,Position_Unknown,Team_Unknown,Action_PreSnap,328.05,495.32,385.43,572.73,57.379999999999995,77.41000000000003,xml_geometry_csv_action
BootPass_81,226,9,9,Position_Unknown,Team_Unknown,Action_PreSnap,366.99,595.02,412.17,659.95,45.18000000000001,64.93000000000006,xml_geometry_csv_action
BootPass_81,227,0,0,Position_Unknown,Team_Unknown,Action_PreSnap,361.52,659.88,410.59,740.04,49.06999999999999,80.15999999999997,xml_geometry_csv_action
BootPass_81,227,1,1,Position_Unknown,Team_Unknown,Action_PreSnap,791.89,394.2,837.25,476.03,45.360000000000014,81.82999999999998,xml_geometry_csv_action
BootPass_81,227,10,10,Position_Unknown,Team_Unknown,Action_PreSnap,1157.0,168.34,1209.63,253.62,52.63000000000011,85.28,xml_geometry_csv_action
BootPass_81,227,12,12,Position_Unknown,Team_Unknown,Action_PreSnap,1197.41,120.5,1237.09,199.77,39.679999999999836,79.27000000000001,xml_geometry_csv_action
BootPass_81,227,13,13,Position_Unknown,Team_Unknown,Action_PreSnap,1434.15,470.71,1498.73,558.38,64.57999999999993,87.67000000000002,xml_geometry_csv_action
BootPass_81,227,14,14,Position_Unknown,Team_Unknown,Action_PreSnap,1148.34,134.64,1189.39,187.61,41.05000000000018,52.97000000000003,xml_geometry_csv_action
BootPass_81,227,15,15,Position_Unknown,Team_Unknown,Action_PreSnap,812.08,375.21,853.56,440.32,41.479999999999905,65.11000000000001,xml_geometry_csv_action
BootPass_81,227,16,16,Position_Unknown,Team_Unknown,Action_PreSnap,963.03,171.72,1010.97,246.22,47.940000000000055,74.5,xml_geometry_csv_action
BootPass_81,227,17,17,Position_Unknown,Team_Unknown,Action_PreSnap,1405.99,258.64,1453.0,353.91,47.00999999999999,95.27000000000004,xml_geometry_csv_action
BootPass_81,227,18,18,Position_Unknown,Team_Unknown,Action_None,1486.57,462.75,1535.2,552.25,48.63000000000011,89.5,xml_geometry_csv_action
BootPass_81,227,19,19,Position_Unknown,Team_Unknown,Action_PreSnap,1297.51,117.5,1334.37,203.11,36.8599999999999,85.61000000000001,xml_geometry_csv_action
BootPass_81,227,2,2,Position_Unknown,Team_Unknown,Action_None,1028.96,818.98,1077.5,930.92,48.539999999999964,111.93999999999994,xml_geometry_csv_action
BootPass_81,227,21,21,Position_Unknown,Team_Unknown,Action_PreSnap,1447.77,175.5,1489.17,259.13,41.40000000000009,83.63,xml_geometry_csv_action
BootPass_81,227,26,23,Position_Unknown,Team_Unknown,Action_PreSnap,1376.72,86.92,1420.68,161.11,43.960000000000036,74.19000000000001,xml_geometry_csv_action
BootPass_81,227,27,24,Position_Unknown,Team_Unknown,Action_PreSnap,1144.43,101.62,1178.39,169.77,33.960000000000036,68.15,xml_geometry_csv_action
BootPass_81,227,32,28,Position_Unknown,Team_Unknown,Action_PreSnap,1438.78,361.41,1484.58,436.78,45.799999999999955,75.36999999999995,xml_geometry_csv_action
BootPass_81,227,3,3,Position_Unknown,Team_Unknown,Action_PreSnap,1466.63,365.7,1509.52,429.65,42.88999999999987,63.94999999999999,xml_geometry_csv_action
BootPass_81,227,4,4,Position_Unknown,Team_Unknown,Action_PreSnap,1117.63,178.57,1165.93,259.52,48.299999999999955,80.94999999999999,xml_geometry_csv_action
BootPass_81,227,5,5,Position_Unknown,Team_Unknown,Action_PreSnap,1489.57,376.03,1538.47,470.12,48.90000000000009,94.09000000000003,xml_geometry_csv_action
BootPass_81,227,6,6,Position_Unknown,Team_Unknown,Action_PreSnap,965.1,767.44,1016.7,874.07,51.60000000000002,106.63,xml_geometry_csv_action
BootPass_81,227,8,8,Position_Unknown,Team_Unknown,Action_PreSnap,328.05,496.11,383.78,569.23,55.72999999999996,73.12,xml_geometry_csv_action
BootPass_81,227,9,9,Position_Unknown,Team_Unknown,Action_PreSnap,359.16,595.04,407.6,659.61,48.44,64.57000000000005,xml_geometry_csv_action
BootPass_81,228,0,0,Position_Unknown,Team_Unknown,Action_PreSnap,360.04,659.69,405.35,731.71,45.31,72.01999999999998,xml_geometry_csv_action
BootPass_81,228,1,1,Position_Unknown,Team_Unknown,Action_PreSnap,789.46,391.95,836.38,471.7,46.91999999999996,79.75,xml_geometry_csv_action
BootPass_81,228,10,10,Position_Unknown,Team_Unknown,Action_PreSnap,1154.29,164.65,1204.0,249.9,49.710000000000036,85.25,xml_geometry_csv_action
BootPass_81,228,12,12,Position_Unknown,Team_Unknown,Action_PreSnap,1196.53,115.5,1235.77,194.58,39.24000000000001,79.08000000000001,xml_geometry_csv_action
BootPass_81,228,13,13,Position_Unknown,Team_Unknown,Action_PreSnap,1442.29,467.46,1503.83,559.03,61.539999999999964,91.57,xml_geometry_csv_action
BootPass_81,228,14,14,Position_Unknown,Team_Unknown,Action_PreSnap,1147.98,133.03,1189.83,183.6,41.84999999999991,50.56999999999999,xml_geometry_csv_action
BootPass_81,228,15,15,Position_Unknown,Team_Unknown,Action_PreSnap,808.78,375.05,850.5,437.85,41.72000000000003,62.80000000000001,xml_geometry_csv_action
BootPass_81,228,16,16,Position_Unknown,Team_Unknown,Action_PreSnap,959.49,168.92,1010.56,243.81,51.069999999999936,74.89000000000001,xml_geometry_csv_action
BootPass_81,228,17,17,Position_Unknown,Team_Unknown,Action_PreSnap,1404.48,257.72,1450.69,351.87,46.210000000000036,94.14999999999998,xml_geometry_csv_action
BootPass_81,228,18,18,Position_Unknown,Team_Unknown,Action_None,1488.16,462.21,1534.37,553.45,46.20999999999981,91.24000000000007,xml_geometry_csv_action
BootPass_81,228,19,19,Position_Unknown,Team_Unknown,Action_PreSnap,1298.23,113.91,1335.3,199.25,37.069999999999936,85.34,xml_geometry_csv_action
BootPass_81,228,2,2,Position_Unknown,Team_Unknown,Action_None,1027.54,820.7,1075.18,928.82,47.6400000000001,108.12,xml_geometry_csv_action
BootPass_81,228,21,21,Position_Unknown,Team_Unknown,Action_PreSnap,1450.93,173.37,1492.91,255.3,41.98000000000002,81.93,xml_geometry_csv_action
BootPass_81,228,26,23,Position_Unknown,Team_Unknown,Action_PreSnap,1384.67,82.45,1425.06,155.56,40.38999999999987,73.11,xml_geometry_csv_action
BootPass_81,228,27,24,Position_Unknown,Team_Unknown,Action_PreSnap,1147.59,95.93,1180.79,163.54,33.200000000000045,67.60999999999999,xml_geometry_csv_action
BootPass_81,228,32,28,Position_Unknown,Team_Unknown,Action_PreSnap,1439.57,359.52,1488.31,431.53,48.74000000000001,72.00999999999999,xml_geometry_csv_action
BootPass_81,228,3,3,Position_Unknown,Team_Unknown,Action_PreSnap,1466.88,364.76,1510.82,426.19,43.93999999999983,61.43000000000001,xml_geometry_csv_action
BootPass_81,228,4,4,Position_Unknown,Team_Unknown,Action_PreSnap,1116.85,176.27,1164.88,256.2,48.0300000000002,79.92999999999998,xml_geometry_csv_action
BootPass_81,228,5,5,Position_Unknown,Team_Unknown,Action_PreSnap,1493.58,373.97,1542.18,468.17,48.600000000000136,94.19999999999999,xml_geometry_csv_action
BootPass_81,228,6,6,Position_Unknown,Team_Unknown,Action_PreSnap,964.69,768.89,1017.13,876.73,52.43999999999994,107.84000000000003,xml_geometry_csv_action
BootPass_81,228,8,8,Position_Unknown,Team_Unknown,Action_PreSnap,325.27,495.32,382.73,566.21,57.460000000000036,70.89000000000004,xml_geometry_csv_action
BootPass_81,228,9,9,Position_Unknown,Team_Unknown,Action_PreSnap,342.99,593.63,406.78,659.74,63.789999999999964,66.11000000000001,xml_geometry_csv_action
BootPass_81,229,0,0,Position_Unknown,Team_Unknown,Action_PreSnap,351.58,658.76,398.94,743.29,47.360000000000014,84.52999999999997,xml_geometry_csv_action
BootPass_81,229,1,1,Position_Unknown,Team_Unknown,Action_PreSnap,787.55,387.73,837.35,473.73,49.80000000000007,86.0,xml_geometry_csv_action
BootPass_81,229,10,10,Position_Unknown,Team_Unknown,Action_PreSnap,1152.76,158.55,1199.99,244.86,47.23000000000002,86.31,xml_geometry_csv_action
BootPass_81,229,12,12,Position_Unknown,Team_Unknown,Action_PreSnap,1196.22,109.73,1234.59,188.31,38.36999999999989,78.58,xml_geometry_csv_action
BootPass_81,229,13,13,Position_Unknown,Team_Unknown,Action_PreSnap,1448.73,462.4,1509.71,556.89,60.98000000000002,94.49000000000001,xml_geometry_csv_action
BootPass_81,229,15,15,Position_Unknown,Team_Unknown,Action_PreSnap,805.95,374.48,848.22,433.91,42.26999999999998,59.43000000000001,xml_geometry_csv_action
BootPass_81,229,16,16,Position_Unknown,Team_Unknown,Action_PreSnap,956.79,165.33,1010.78,243.55,53.99000000000001,78.22,xml_geometry_csv_action
BootPass_81,229,17,17,Position_Unknown,Team_Unknown,Action_PreSnap,1403.34,255.94,1448.15,348.47,44.81000000000017,92.53000000000003,xml_geometry_csv_action
BootPass_81,229,18,18,Position_Unknown,Team_Unknown,Action_None,1491.76,459.79,1534.69,554.35,42.930000000000064,94.56,xml_geometry_csv_action
BootPass_81,229,19,19,Position_Unknown,Team_Unknown,Action_PreSnap,1299.25,109.5,1335.87,194.74,36.61999999999989,85.24000000000001,xml_geometry_csv_action
BootPass_81,229,2,2,Position_Unknown,Team_Unknown,Action_None,1027.34,821.49,1073.59,924.47,46.25,102.98000000000002,xml_geometry_csv_action
BootPass_81,229,21,21,Position_Unknown,Team_Unknown,Action_PreSnap,1454.41,169.93,1496.48,250.42,42.069999999999936,80.48999999999998,xml_geometry_csv_action
BootPass_81,229,26,23,Position_Unknown,Team_Unknown,Action_PreSnap,1392.64,77.01,1429.88,148.54,37.24000000000001,71.52999999999999,xml_geometry_csv_action
BootPass_81,229,27,24,Position_Unknown,Team_Unknown,Action_PreSnap,1150.23,90.36,1184.9,161.13,34.67000000000007,70.77,xml_geometry_csv_action
BootPass_81,229,32,28,Position_Unknown,Team_Unknown,Action_PreSnap,1441.47,357.0,1486.74,426.09,45.26999999999998,69.08999999999997,xml_geometry_csv_action
BootPass_81,229,3,3,Position_Unknown,Team_Unknown,Action_PreSnap,1466.04,361.71,1512.97,423.77,46.930000000000064,62.06,xml_geometry_csv_action
BootPass_81,229,4,4,Position_Unknown,Team_Unknown,Action_PreSnap,1115.89,173.41,1162.47,252.59,46.57999999999993,79.18,xml_geometry_csv_action
BootPass_81,229,5,5,Position_Unknown,Team_Unknown,Action_PreSnap,1499.99,371.5,1547.44,465.82,47.450000000000045,94.32,xml_geometry_csv_action
BootPass_81,229,6,6,Position_Unknown,Team_Unknown,Action_PreSnap,961.11,770.43,1017.28,873.99,56.16999999999996,103.56000000000006,xml_geometry_csv_action
BootPass_81,229,8,8,Position_Unknown,Team_Unknown,Action_PreSnap,323.71,493.69,382.22,564.3,58.51000000000005,70.60999999999996,xml_geometry_csv_action
BootPass_81,229,9,9,Position_Unknown,Team_Unknown,Action_PreSnap,330.81,589.95,402.05,661.36,71.24000000000001,71.40999999999997,xml_geometry_csv_action
BootPass_81,230,0,0,Position_Unknown,Team_Unknown,Action_PreSnap,343.37,658.71,391.98,748.68,48.610000000000014,89.96999999999991,xml_geometry_csv_action
BootPass_81,230,1,1,Position_Unknown,Team_Unknown,Action_PreSnap,785.59,384.61,837.57,477.79,51.98000000000002,93.18,xml_geometry_csv_action
BootPass_81,230,10,10,Position_Unknown,Team_Unknown,Action_PreSnap,1150.78,153.1,1197.41,239.91,46.63000000000011,86.81,xml_geometry_csv_action
BootPass_81,230,12,12,Position_Unknown,Team_Unknown,Action_PreSnap,1196.92,103.0,1233.84,181.45,36.919999999999845,78.44999999999999,xml_geometry_csv_action
BootPass_81,230,13,13,Position_Unknown,Team_Unknown,Action_PreSnap,1452.52,458.26,1514.9,553.92,62.38000000000011,95.65999999999997,xml_geometry_csv_action
BootPass_81,230,14,14,Position_Unknown,Team_Unknown,Action_PreSnap,1150.16,120.24,1191.22,171.5,41.059999999999945,51.260000000000005,xml_geometry_csv_action
BootPass_81,230,16,16,Position_Unknown,Team_Unknown,Action_PreSnap,953.3,161.66,1008.83,242.89,55.530000000000086,81.22999999999999,xml_geometry_csv_action
BootPass_81,230,17,17,Position_Unknown,Team_Unknown,Action_PreSnap,1401.73,254.41,1445.21,343.57,43.48000000000002,89.16,xml_geometry_csv_action
BootPass_81,230,18,18,Position_Unknown,Team_Unknown,Action_None,1496.14,457.96,1537.94,552.52,41.799999999999955,94.56,xml_geometry_csv_action
BootPass_81,230,19,19,Position_Unknown,Team_Unknown,Action_PreSnap,1299.75,104.58,1336.65,189.63,36.90000000000009,85.05,xml_geometry_csv_action
BootPass_81,230,2,2,Position_Unknown,Team_Unknown,Action_None,1027.14,822.58,1071.48,920.77,44.33999999999992,98.18999999999994,xml_geometry_csv_action
BootPass_81,230,21,21,Position_Unknown,Team_Unknown,Action_PreSnap,1457.71,166.17,1499.44,246.26,41.73000000000002,80.09,xml_geometry_csv_action
BootPass_81,230,26,23,Position_Unknown,Team_Unknown,Action_PreSnap,1398.63,71.75,1432.79,142.11,34.159999999999854,70.36000000000001,xml_geometry_csv_action
BootPass_81,230,27,24,Position_Unknown,Team_Unknown,Action_PreSnap,1152.68,84.76,1187.73,155.13,35.049999999999955,70.36999999999999,xml_geometry_csv_action
BootPass_81,230,32,28,Position_Unknown,Team_Unknown,Action_PreSnap,1442.76,354.7,1482.4,428.53,39.6400000000001,73.82999999999998,xml_geometry_csv_action
BootPass_81,230,3,3,Position_Unknown,Team_Unknown,Action_PreSnap,1467.77,359.25,1515.46,428.1,47.690000000000055,68.85000000000002,xml_geometry_csv_action
BootPass_81,230,4,4,Position_Unknown,Team_Unknown,Action_PreSnap,1114.3,170.89,1158.95,248.24,44.65000000000009,77.35000000000002,xml_geometry_csv_action
BootPass_81,230,5,5,Position_Unknown,Team_Unknown,Action_PreSnap,1505.6,369.08,1551.49,465.38,45.8900000000001,96.30000000000001,xml_geometry_csv_action
BootPass_81,230,6,6,Position_Unknown,Team_Unknown,Action_PreSnap,960.14,771.87,1016.93,870.1,56.789999999999964,98.23000000000002,xml_geometry_csv_action
BootPass_81,230,8,8,Position_Unknown,Team_Unknown,Action_PreSnap,325.14,491.47,380.46,566.61,55.31999999999999,75.13999999999999,xml_geometry_csv_action
BootPass_81,230,9,9,Position_Unknown,Team_Unknown,Action_PreSnap,320.51,588.89,386.74,662.8,66.23000000000002,73.90999999999997,xml_geometry_csv_action
BootPass_81,231,0,0,Position_Unknown,Team_Unknown,Action_PreSnap,336.68,658.73,385.78,751.69,49.099999999999966,92.96000000000004,xml_geometry_csv_action
BootPass_81,231,1,1,Position_Unknown,Team_Unknown,Action_PreSnap,784.46,383.79,835.52,481.13,51.059999999999945,97.33999999999997,xml_geometry_csv_action
BootPass_81,231,10,10,Position_Unknown,Team_Unknown,Action_PreSnap,1151.45,148.34,1196.99,234.33,45.539999999999964,85.99000000000001,xml_geometry_csv_action
BootPass_81,231,12,12,Position_Unknown,Team_Unknown,Action_PreSnap,1197.94,94.96,1233.41,174.5,35.47000000000003,79.54,xml_geometry_csv_action
BootPass_81,231,13,13,Position_Unknown,Team_Unknown,Action_PreSnap,1460.75,455.59,1520.13,551.08,59.38000000000011,95.49000000000007,xml_geometry_csv_action
BootPass_81,231,16,16,Position_Unknown,Team_Unknown,Action_PreSnap,950.24,157.81,1004.45,240.94,54.210000000000036,83.13,xml_geometry_csv_action
BootPass_81,231,17,17,Position_Unknown,Team_Unknown,Action_PreSnap,1399.98,251.88,1443.44,338.48,43.460000000000036,86.60000000000002,xml_geometry_csv_action
BootPass_81,231,18,18,Position_Unknown,Team_Unknown,Action_None,1500.56,456.34,1544.34,549.94,43.77999999999997,93.60000000000008,xml_geometry_csv_action
BootPass_81,231,19,19,Position_Unknown,Team_Unknown,Action_PreSnap,1300.43,98.53,1337.25,183.99,36.819999999999936,85.46000000000001,xml_geometry_csv_action
BootPass_81,231,2,2,Position_Unknown,Team_Unknown,Action_None,1026.73,821.03,1070.49,924.85,43.75999999999999,103.82000000000005,xml_geometry_csv_action
BootPass_81,231,21,21,Position_Unknown,Team_Unknown,Action_PreSnap,1461.22,162.18,1502.44,241.59,41.22000000000003,79.41,xml_geometry_csv_action
BootPass_81,231,26,23,Position_Unknown,Team_Unknown,Action_PreSnap,1402.64,65.83,1436.09,136.19,33.44999999999982,70.36,xml_geometry_csv_action
BootPass_81,231,32,28,Position_Unknown,Team_Unknown,Action_PreSnap,1443.37,352.46,1479.94,431.87,36.570000000000164,79.41000000000003,xml_geometry_csv_action
BootPass_81,231,3,3,Position_Unknown,Team_Unknown,Action_PreSnap,1469.44,356.29,1517.56,433.63,48.11999999999989,77.33999999999997,xml_geometry_csv_action
BootPass_81,231,4,4,Position_Unknown,Team_Unknown,Action_PreSnap,1112.09,167.15,1155.0,242.87,42.91000000000008,75.72,xml_geometry_csv_action
BootPass_81,231,5,5,Position_Unknown,Team_Unknown,Action_PreSnap,1510.73,366.63,1556.05,462.45,45.319999999999936,95.82,xml_geometry_csv_action
BootPass_81,231,6,6,Position_Unknown,Team_Unknown,Action_PreSnap,960.17,772.49,1016.48,865.25,56.31000000000006,92.75999999999999,xml_geometry_csv_action
BootPass_81,231,8,8,Position_Unknown,Team_Unknown,Action_PreSnap,327.89,488.88,379.02,566.89,51.129999999999995,78.00999999999999,xml_geometry_csv_action
BootPass_81,231,9,9,Position_Unknown,Team_Unknown,Action_PreSnap,316.55,587.62,376.17,660.23,59.620000000000005,72.61000000000001,xml_geometry_csv_action
BootPass_81,232,0,0,Position_Unknown,Team_Unknown,Action_PreSnap,332.21,659.87,378.24,750.63,46.03000000000003,90.75999999999999,xml_geometry_csv_action
BootPass_81,232,1,1,Position_Unknown,Team_Unknown,Action_PreSnap,784.28,383.49,834.85,484.46,50.57000000000005,100.96999999999997,xml_geometry_csv_action
BootPass_81,232,10,10,Position_Unknown,Team_Unknown,Action_PreSnap,1152.03,142.96,1196.45,229.46,44.42000000000007,86.5,xml_geometry_csv_action
BootPass_81,232,12,12,Position_Unknown,Team_Unknown,Action_PreSnap,1198.69,86.54,1233.9,166.76,35.210000000000036,80.21999999999998,xml_geometry_csv_action
BootPass_81,232,13,13,Position_Unknown,Team_Unknown,Action_PreSnap,1472.54,451.78,1526.16,541.51,53.62000000000012,89.73000000000002,xml_geometry_csv_action
BootPass_81,232,14,14,Position_Unknown,Team_Unknown,Action_PreSnap,1153.37,108.33,1192.34,162.93,38.97000000000003,54.60000000000001,xml_geometry_csv_action
BootPass_81,232,16,16,Position_Unknown,Team_Unknown,Action_PreSnap,947.72,155.15,998.68,237.93,50.95999999999992,82.78,xml_geometry_csv_action
BootPass_81,232,17,17,Position_Unknown,Team_Unknown,Action_PreSnap,1398.48,248.86,1443.13,334.11,44.65000000000009,85.25,xml_geometry_csv_action
BootPass_81,232,18,18,Position_Unknown,Team_Unknown,Action_None,1500.46,452.98,1549.83,549.56,49.36999999999989,96.57999999999993,xml_geometry_csv_action
BootPass_81,232,19,19,Position_Unknown,Team_Unknown,Action_PreSnap,1301.43,93.39,1338.87,178.73,37.43999999999983,85.33999999999999,xml_geometry_csv_action
BootPass_81,232,2,2,Position_Unknown,Team_Unknown,Action_None,1024.98,819.05,1069.72,930.75,44.74000000000001,111.70000000000005,xml_geometry_csv_action
BootPass_81,232,21,21,Position_Unknown,Team_Unknown,Action_PreSnap,1464.07,158.06,1506.55,239.84,42.48000000000002,81.78,xml_geometry_csv_action
BootPass_81,232,26,23,Position_Unknown,Team_Unknown,Action_PreSnap,1407.79,60.46,1440.67,132.38,32.88000000000011,71.91999999999999,xml_geometry_csv_action
BootPass_81,232,27,24,Position_Unknown,Team_Unknown,Action_PreSnap,1160.28,74.36,1194.29,147.56,34.00999999999999,73.2,xml_geometry_csv_action
BootPass_81,232,32,28,Position_Unknown,Team_Unknown,Action_PreSnap,1443.99,350.29,1480.93,434.49,36.940000000000055,84.19999999999999,xml_geometry_csv_action
BootPass_81,232,3,3,Position_Unknown,Team_Unknown,Action_PreSnap,1468.31,352.82,1517.64,436.54,49.330000000000155,83.72000000000003,xml_geometry_csv_action
BootPass_81,232,4,4,Position_Unknown,Team_Unknown,Action_PreSnap,1109.61,163.45,1150.46,237.6,40.850000000000136,74.15,xml_geometry_csv_action
BootPass_81,232,5,5,Position_Unknown,Team_Unknown,Action_PreSnap,1514.91,363.6,1563.56,460.61,48.649999999999864,97.00999999999999,xml_geometry_csv_action
BootPass_81,232,6,6,Position_Unknown,Team_Unknown,Action_PreSnap,960.91,773.2,1015.83,862.4,54.92000000000007,89.19999999999993,xml_geometry_csv_action
BootPass_81,232,8,8,Position_Unknown,Team_Unknown,Action_PreSnap,330.87,486.23,378.45,566.42,47.579999999999984,80.18999999999994,xml_geometry_csv_action
BootPass_81,232,9,9,Position_Unknown,Team_Unknown,Action_PreSnap,312.45,587.45,369.22,656.2,56.77000000000004,68.75,xml_geometry_csv_action
BootPass_81,233,0,0,Position_Unknown,Team_Unknown,Action_PreSnap,325.76,660.9,372.46,747.84,46.69999999999999,86.94000000000005,xml_geometry_csv_action
BootPass_81,233,1,1,Position_Unknown,Team_Unknown,Action_PreSnap,784.81,386.63,831.12,488.06,46.31000000000006,101.43,xml_geometry_csv_action
BootPass_81,233,10,10,Position_Unknown,Team_Unknown,Action_PreSnap,1152.99,136.88,1196.95,225.88,43.960000000000036,89.0,xml_geometry_csv_action
BootPass_81,233,12,12,Position_Unknown,Team_Unknown,Action_PreSnap,1199.28,78.93,1234.16,160.92,34.88000000000011,81.98999999999998,xml_geometry_csv_action
BootPass_81,233,13,13,Position_Unknown,Team_Unknown,Action_PreSnap,1485.99,449.18,1532.19,541.88,46.200000000000045,92.69999999999999,xml_geometry_csv_action
BootPass_81,233,15,15,Position_Unknown,Team_Unknown,Action_PreSnap,800.8,370.1,840.62,434.81,39.82000000000005,64.70999999999998,xml_geometry_csv_action
BootPass_81,233,16,16,Position_Unknown,Team_Unknown,Action_PreSnap,945.09,153.37,993.58,234.9,48.49000000000001,81.53,xml_geometry_csv_action
BootPass_81,233,17,17,Position_Unknown,Team_Unknown,Action_PreSnap,1397.31,247.05,1441.98,330.51,44.67000000000007,83.45999999999998,xml_geometry_csv_action
BootPass_81,233,18,18,Position_Unknown,Team_Unknown,Action_None,1505.86,451.21,1555.25,549.1,49.3900000000001,97.89000000000004,xml_geometry_csv_action
BootPass_81,233,19,19,Position_Unknown,Team_Unknown,Action_PreSnap,1302.83,89.32,1340.79,175.04,37.960000000000036,85.72,xml_geometry_csv_action
BootPass_81,233,2,2,Position_Unknown,Team_Unknown,Action_None,1022.91,820.9,1068.21,935.25,45.30000000000007,114.35000000000002,xml_geometry_csv_action
BootPass_81,233,21,21,Position_Unknown,Team_Unknown,Action_PreSnap,1466.75,154.15,1511.68,239.45,44.930000000000064,85.29999999999998,xml_geometry_csv_action
BootPass_81,233,26,23,Position_Unknown,Team_Unknown,Action_PreSnap,1411.54,56.0,1446.38,130.12,34.840000000000146,74.12,xml_geometry_csv_action
BootPass_81,233,27,24,Position_Unknown,Team_Unknown,Action_PreSnap,1163.58,70.71,1200.35,149.56,36.76999999999998,78.85000000000001,xml_geometry_csv_action
BootPass_81,233,32,28,Position_Unknown,Team_Unknown,Action_PreSnap,1442.97,349.89,1479.69,417.42,36.72000000000003,67.53000000000003,xml_geometry_csv_action
BootPass_81,233,3,3,Position_Unknown,Team_Unknown,Action_PreSnap,1467.47,351.23,1516.41,437.95,48.940000000000055,86.71999999999997,xml_geometry_csv_action
BootPass_81,233,4,4,Position_Unknown,Team_Unknown,Action_PreSnap,1107.52,161.16,1146.67,234.83,39.15000000000009,73.67000000000002,xml_geometry_csv_action
BootPass_81,233,5,5,Position_Unknown,Team_Unknown,Action_PreSnap,1518.05,361.38,1572.07,456.97,54.01999999999998,95.59000000000003,xml_geometry_csv_action
BootPass_81,233,6,6,Position_Unknown,Team_Unknown,Action_PreSnap,962.27,774.93,1016.24,870.75,53.97000000000003,95.82000000000005,xml_geometry_csv_action
BootPass_81,233,8,8,Position_Unknown,Team_Unknown,Action_PreSnap,332.54,484.94,376.49,564.86,43.94999999999999,79.92000000000002,xml_geometry_csv_action
BootPass_81,233,9,9,Position_Unknown,Team_Unknown,Action_PreSnap,305.1,588.74,366.45,651.86,61.349999999999966,63.120000000000005,xml_geometry_csv_action
BootPass_81,234,0,0,Position_Unknown,Team_Unknown,Action_PreSnap,317.81,661.42,364.48,743.85,46.670000000000016,82.43000000000006,xml_geometry_csv_action
BootPass_81,234,1,1,Position_Unknown,Team_Unknown,Action_PreSnap,784.87,388.96,828.9,489.7,44.02999999999997,100.74000000000001,xml_geometry_csv_action
BootPass_81,234,10,10,Position_Unknown,Team_Unknown,Action_PreSnap,1154.56,128.06,1197.6,221.72,43.039999999999964,93.66,xml_geometry_csv_action
BootPass_81,234,12,12,Position_Unknown,Team_Unknown,Action_PreSnap,1199.41,71.51,1234.73,153.75,35.319999999999936,82.24,xml_geometry_csv_action
BootPass_81,234,13,13,Position_Unknown,Team_Unknown,Action_PreSnap,1493.4,445.03,1539.5,540.47,46.09999999999991,95.44000000000005,xml_geometry_csv_action
BootPass_81,234,15,15,Position_Unknown,Team_Unknown,Action_PreSnap,800.78,370.07,840.03,429.15,39.25,59.079999999999984,xml_geometry_csv_action
BootPass_81,234,16,16,Position_Unknown,Team_Unknown,Action_PreSnap,943.08,150.76,991.18,230.74,48.09999999999991,79.98000000000002,xml_geometry_csv_action
BootPass_81,234,17,17,Position_Unknown,Team_Unknown,Action_PreSnap,1396.98,244.81,1442.72,332.68,45.74000000000001,87.87,xml_geometry_csv_action
BootPass_81,234,18,18,Position_Unknown,Team_Unknown,Action_None,1512.16,450.09,1561.04,548.41,48.87999999999988,98.32,xml_geometry_csv_action
BootPass_81,234,19,19,Position_Unknown,Team_Unknown,Action_PreSnap,1304.54,84.67,1343.58,171.92,39.039999999999964,87.24999999999999,xml_geometry_csv_action
BootPass_81,234,2,2,Position_Unknown,Team_Unknown,Action_None,1020.74,823.17,1065.91,938.42,45.17000000000007,115.25,xml_geometry_csv_action
BootPass_81,234,21,21,Position_Unknown,Team_Unknown,Action_PreSnap,1470.33,150.99,1517.47,239.16,47.1400000000001,88.16999999999999,xml_geometry_csv_action
BootPass_81,234,26,23,Position_Unknown,Team_Unknown,Action_PreSnap,1416.57,52.63,1453.37,127.39,36.799999999999955,74.75999999999999,xml_geometry_csv_action
BootPass_81,234,27,24,Position_Unknown,Team_Unknown,Action_PreSnap,1166.47,67.03,1204.58,148.16,38.1099999999999,81.13,xml_geometry_csv_action
BootPass_81,234,32,28,Position_Unknown,Team_Unknown,Action_PreSnap,1442.2,349.77,1481.72,427.13,39.51999999999998,77.36000000000001,xml_geometry_csv_action
BootPass_81,234,3,3,Position_Unknown,Team_Unknown,Action_PreSnap,1467.83,350.12,1516.56,436.65,48.73000000000002,86.52999999999997,xml_geometry_csv_action
BootPass_81,234,4,4,Position_Unknown,Team_Unknown,Action_PreSnap,1106.07,158.39,1144.05,234.32,37.98000000000002,75.93,xml_geometry_csv_action
BootPass_81,234,5,5,Position_Unknown,Team_Unknown,Action_PreSnap,1522.15,359.18,1581.66,451.9,59.50999999999999,92.71999999999997,xml_geometry_csv_action
BootPass_81,234,6,6,Position_Unknown,Team_Unknown,Action_PreSnap,963.22,776.31,1017.53,881.56,54.309999999999945,105.25,xml_geometry_csv_action
BootPass_81,234,8,8,Position_Unknown,Team_Unknown,Action_PreSnap,334.14,484.52,375.84,564.77,41.69999999999999,80.25,xml_geometry_csv_action
BootPass_81,234,9,9,Position_Unknown,Team_Unknown,Action_PreSnap,298.47,589.57,360.17,651.88,61.69999999999999,62.309999999999945,xml_geometry_csv_action
BootPass_81,235,0,0,Position_Unknown,Team_Unknown,Action_PreSnap,308.32,663.44,359.87,744.3,51.55000000000001,80.8599999999999,xml_geometry_csv_action
BootPass_81,235,1,1,Position_Unknown,Team_Unknown,Action_PreSnap,785.84,392.45,827.94,489.9,42.10000000000002,97.44999999999999,xml_geometry_csv_action
BootPass_81,235,10,10,Position_Unknown,Team_Unknown,Action_PreSnap,1157.3,127.79,1199.38,219.04,42.080000000000155,91.24999999999999,xml_geometry_csv_action
BootPass_81,235,12,12,Position_Unknown,Team_Unknown,Action_PreSnap,1199.86,66.86,1236.29,147.83,36.430000000000064,80.97000000000001,xml_geometry_csv_action
BootPass_81,235,13,13,Position_Unknown,Team_Unknown,Action_PreSnap,1498.69,443.3,1547.5,539.66,48.809999999999945,96.35999999999996,xml_geometry_csv_action
BootPass_81,235,15,15,Position_Unknown,Team_Unknown,Action_PreSnap,800.2,371.96,839.78,430.22,39.57999999999993,58.26000000000005,xml_geometry_csv_action
BootPass_81,235,16,16,Position_Unknown,Team_Unknown,Action_PreSnap,940.77,149.48,986.72,228.55,45.950000000000045,79.07000000000002,xml_geometry_csv_action
BootPass_81,235,17,17,Position_Unknown,Team_Unknown,Action_PreSnap,1396.66,244.86,1444.17,336.77,47.50999999999999,91.90999999999997,xml_geometry_csv_action
BootPass_81,235,18,18,Position_Unknown,Team_Unknown,Action_None,1519.85,448.91,1568.39,548.51,48.54000000000019,99.59999999999997,xml_geometry_csv_action
BootPass_81,235,19,19,Position_Unknown,Team_Unknown,Action_PreSnap,1306.69,82.74,1346.63,169.98,39.940000000000055,87.24,xml_geometry_csv_action
BootPass_81,235,2,2,Position_Unknown,Team_Unknown,Action_None,1019.71,827.54,1065.41,944.87,45.700000000000045,117.33000000000004,xml_geometry_csv_action
BootPass_81,235,21,21,Position_Unknown,Team_Unknown,Action_PreSnap,1475.33,150.14,1523.3,240.09,47.97000000000003,89.95000000000002,xml_geometry_csv_action
BootPass_81,235,26,23,Position_Unknown,Team_Unknown,Action_PreSnap,1421.33,52.13,1458.85,125.44,37.51999999999998,73.31,xml_geometry_csv_action
BootPass_81,235,27,24,Position_Unknown,Team_Unknown,Action_PreSnap,1170.49,65.59,1207.69,144.26,37.200000000000045,78.66999999999999,xml_geometry_csv_action
BootPass_81,235,32,28,Position_Unknown,Team_Unknown,Action_PreSnap,1440.27,350.79,1483.26,425.55,42.99000000000001,74.75999999999999,xml_geometry_csv_action
BootPass_81,235,3,3,Position_Unknown,Team_Unknown,Action_PreSnap,1468.73,351.06,1518.04,435.65,49.309999999999945,84.58999999999997,xml_geometry_csv_action
BootPass_81,235,4,4,Position_Unknown,Team_Unknown,Action_PreSnap,1105.45,157.77,1142.67,233.03,37.22000000000003,75.25999999999999,xml_geometry_csv_action
BootPass_81,235,5,5,Position_Unknown,Team_Unknown,Action_PreSnap,1525.86,359.31,1590.89,448.97,65.0300000000002,89.66000000000003,xml_geometry_csv_action
BootPass_81,235,6,6,Position_Unknown,Team_Unknown,Action_PreSnap,964.67,780.3,1019.1,891.66,54.430000000000064,111.36000000000001,xml_geometry_csv_action
BootPass_81,235,8,8,Position_Unknown,Team_Unknown,Action_PreSnap,336.22,486.17,376.3,567.07,40.079999999999984,80.90000000000003,xml_geometry_csv_action
BootPass_81,235,9,9,Position_Unknown,Team_Unknown,Action_PreSnap,290.69,591.62,354.68,661.78,63.99000000000001,70.15999999999997,xml_geometry_csv_action
BootPass_81,236,0,0,Position_Unknown,Team_Unknown,Action_PreSnap,297.71,667.14,356.7,752.28,58.99000000000001,85.13999999999999,xml_geometry_csv_action
BootPass_81,236,1,1,Position_Unknown,Team_Unknown,Action_PreSnap,787.29,396.43,829.33,489.48,42.04000000000008,93.05000000000001,xml_geometry_csv_action
BootPass_81,236,10,10,Position_Unknown,Team_Unknown,Action_PreSnap,1159.9,125.45,1201.74,217.48,41.83999999999992,92.02999999999999,xml_geometry_csv_action
BootPass_81,236,12,12,Position_Unknown,Team_Unknown,Action_PreSnap,1202.06,63.69,1239.56,143.74,37.5,80.05000000000001,xml_geometry_csv_action
BootPass_81,236,13,13,Position_Unknown,Team_Unknown,Action_PreSnap,1506.87,442.6,1556.4,539.27,49.5300000000002,96.66999999999996,xml_geometry_csv_action
BootPass_81,236,15,15,Position_Unknown,Team_Unknown,Action_PreSnap,802.21,375.09,841.25,436.3,39.039999999999964,61.210000000000036,xml_geometry_csv_action
BootPass_81,236,16,16,Position_Unknown,Team_Unknown,Action_PreSnap,940.47,149.57,986.72,227.21,46.25,77.64000000000001,xml_geometry_csv_action
BootPass_81,236,17,17,Position_Unknown,Team_Unknown,Action_PreSnap,1397.22,246.48,1446.94,342.66,49.72000000000003,96.18000000000004,xml_geometry_csv_action
BootPass_81,236,18,18,Position_Unknown,Team_Unknown,Action_None,1529.47,450.68,1578.21,549.39,48.74000000000001,98.70999999999998,xml_geometry_csv_action
BootPass_81,236,19,19,Position_Unknown,Team_Unknown,Action_PreSnap,1309.79,81.8,1350.87,170.23,41.07999999999993,88.42999999999999,xml_geometry_csv_action
BootPass_81,236,2,2,Position_Unknown,Team_Unknown,Action_None,1018.82,831.42,1066.15,947.39,47.33000000000004,115.97000000000003,xml_geometry_csv_action
BootPass_81,236,21,21,Position_Unknown,Team_Unknown,Action_PreSnap,1481.93,150.51,1529.81,241.49,47.87999999999988,90.98000000000002,xml_geometry_csv_action
BootPass_81,236,26,23,Position_Unknown,Team_Unknown,Action_PreSnap,1428.27,52.0,1465.75,124.89,37.48000000000002,72.89,xml_geometry_csv_action
BootPass_81,236,27,24,Position_Unknown,Team_Unknown,Action_PreSnap,1174.8,65.47,1213.02,143.25,38.22000000000003,77.78,xml_geometry_csv_action
BootPass_81,236,32,28,Position_Unknown,Team_Unknown,Action_PreSnap,1439.38,353.65,1484.62,428.79,45.23999999999978,75.14000000000004,xml_geometry_csv_action
BootPass_81,236,3,3,Position_Unknown,Team_Unknown,Action_PreSnap,1470.47,352.49,1521.34,434.91,50.86999999999989,82.42000000000002,xml_geometry_csv_action
BootPass_81,236,4,4,Position_Unknown,Team_Unknown,Action_PreSnap,1105.46,158.19,1142.44,237.94,36.98000000000002,79.75,xml_geometry_csv_action
BootPass_81,236,5,5,Position_Unknown,Team_Unknown,Action_PreSnap,1530.6,360.9,1600.65,451.25,70.05000000000018,90.35000000000002,xml_geometry_csv_action
BootPass_81,236,6,6,Position_Unknown,Team_Unknown,Action_PreSnap,966.08,785.71,1021.86,900.67,55.77999999999997,114.95999999999992,xml_geometry_csv_action
BootPass_81,236,8,8,Position_Unknown,Team_Unknown,Action_PreSnap,339.3,488.98,379.41,573.16,40.110000000000014,84.17999999999995,xml_geometry_csv_action
BootPass_81,236,9,9,Position_Unknown,Team_Unknown,Action_PreSnap,283.2,595.53,347.38,670.52,64.18,74.99000000000001,xml_geometry_csv_action
BootPass_81,237,0,0,Position_Unknown,Team_Unknown,Action_PreSnap,291.85,672.22,352.51,762.46,60.65999999999997,90.24000000000001,xml_geometry_csv_action
BootPass_81,237,1,1,Position_Unknown,Team_Unknown,Action_PreSnap,791.15,400.67,832.38,489.24,41.23000000000002,88.57,xml_geometry_csv_action
BootPass_81,237,10,10,Position_Unknown,Team_Unknown,Action_PreSnap,1164.16,123.1,1205.21,216.06,41.049999999999955,92.96000000000001,xml_geometry_csv_action
BootPass_81,237,12,12,Position_Unknown,Team_Unknown,Action_PreSnap,1206.92,61.31,1244.87,140.34,37.94999999999982,79.03,xml_geometry_csv_action
BootPass_81,237,13,13,Position_Unknown,Team_Unknown,Action_PreSnap,1518.28,444.36,1567.16,539.58,48.88000000000011,95.22000000000003,xml_geometry_csv_action
BootPass_81,237,15,15,Position_Unknown,Team_Unknown,Action_PreSnap,807.15,378.19,845.36,446.05,38.210000000000036,67.86000000000001,xml_geometry_csv_action
BootPass_81,237,16,16,Position_Unknown,Team_Unknown,Action_PreSnap,942.46,150.85,988.85,229.6,46.389999999999986,78.75,xml_geometry_csv_action
BootPass_81,237,17,17,Position_Unknown,Team_Unknown,Action_PreSnap,1400.26,249.49,1448.87,348.38,48.6099999999999,98.88999999999999,xml_geometry_csv_action
BootPass_81,237,18,18,Position_Unknown,Team_Unknown,Action_None,1543.74,454.36,1591.01,550.72,47.26999999999998,96.36000000000001,xml_geometry_csv_action
BootPass_81,237,19,19,Position_Unknown,Team_Unknown,Action_PreSnap,1315.45,82.33,1356.69,171.75,41.24000000000001,89.42,xml_geometry_csv_action
BootPass_81,237,2,2,Position_Unknown,Team_Unknown,Action_None,1020.93,836.83,1069.58,949.12,48.64999999999998,112.28999999999996,xml_geometry_csv_action
BootPass_81,237,21,21,Position_Unknown,Team_Unknown,Action_PreSnap,1490.71,152.91,1537.8,242.79,47.08999999999992,89.88,xml_geometry_csv_action
BootPass_81,237,26,23,Position_Unknown,Team_Unknown,Action_PreSnap,1437.8,51.57,1475.42,123.66,37.62000000000012,72.09,xml_geometry_csv_action
BootPass_81,237,27,24,Position_Unknown,Team_Unknown,Action_PreSnap,1182.76,66.43,1220.7,145.52,37.940000000000055,79.09,xml_geometry_csv_action
BootPass_81,237,32,28,Position_Unknown,Team_Unknown,Action_PreSnap,1440.55,357.05,1489.67,432.47,49.12000000000012,75.42000000000002,xml_geometry_csv_action
BootPass_81,237,3,3,Position_Unknown,Team_Unknown,Action_PreSnap,1474.99,354.78,1528.15,436.0,53.16000000000008,81.22000000000003,xml_geometry_csv_action
BootPass_81,237,4,4,Position_Unknown,Team_Unknown,Action_PreSnap,1107.29,159.87,1145.15,241.86,37.86000000000013,81.99000000000001,xml_geometry_csv_action
BootPass_81,237,5,5,Position_Unknown,Team_Unknown,Action_PreSnap,1537.32,363.98,1613.38,455.05,76.06000000000017,91.07,xml_geometry_csv_action
BootPass_81,237,6,6,Position_Unknown,Team_Unknown,Action_PreSnap,970.99,792.86,1026.99,906.76,56.0,113.89999999999998,xml_geometry_csv_action
BootPass_81,237,8,8,Position_Unknown,Team_Unknown,Action_PreSnap,344.18,492.77,385.72,576.37,41.54000000000002,83.60000000000002,xml_geometry_csv_action
BootPass_81,237,9,9,Position_Unknown,Team_Unknown,Action_PreSnap,280.47,599.65,340.86,676.74,60.389999999999986,77.09000000000003,xml_geometry_csv_action
BootPass_81,238,0,0,Position_Unknown,Team_Unknown,Action_PreSnap,292.01,677.14,351.81,771.4,59.80000000000001,94.25999999999999,xml_geometry_csv_action
BootPass_81,238,1,1,Position_Unknown,Team_Unknown,Action_PreSnap,796.81,404.82,838.17,491.07,41.360000000000014,86.25,xml_geometry_csv_action
BootPass_81,238,10,10,Position_Unknown,Team_Unknown,Action_PreSnap,1170.84,121.44,1209.6,214.17,38.75999999999999,92.72999999999999,xml_geometry_csv_action
BootPass_81,238,12,12,Position_Unknown,Team_Unknown,Action_PreSnap,1216.84,60.32,1252.82,138.46,35.98000000000002,78.14000000000001,xml_geometry_csv_action
BootPass_81,238,13,13,Position_Unknown,Team_Unknown,Action_PreSnap,1534.18,446.57,1581.01,539.24,46.82999999999993,92.67000000000002,xml_geometry_csv_action
BootPass_81,238,15,15,Position_Unknown,Team_Unknown,Action_PreSnap,812.34,381.91,851.98,451.93,39.639999999999986,70.01999999999998,xml_geometry_csv_action
BootPass_81,238,16,16,Position_Unknown,Team_Unknown,Action_PreSnap,947.21,152.93,993.51,234.12,46.299999999999955,81.19,xml_geometry_csv_action
BootPass_81,238,17,17,Position_Unknown,Team_Unknown,Action_PreSnap,1404.93,254.02,1452.64,353.88,47.710000000000036,99.85999999999999,xml_geometry_csv_action
BootPass_81,238,18,18,Position_Unknown,Team_Unknown,Action_None,1557.69,458.88,1605.91,555.86,48.22000000000003,96.98000000000002,xml_geometry_csv_action
BootPass_81,238,19,19,Position_Unknown,Team_Unknown,Action_PreSnap,1323.67,83.13,1365.42,173.54,41.75,90.41,xml_geometry_csv_action
BootPass_81,238,2,2,Position_Unknown,Team_Unknown,Action_None,1026.37,841.41,1075.33,952.51,48.960000000000036,111.10000000000002,xml_geometry_csv_action
BootPass_81,238,21,21,Position_Unknown,Team_Unknown,Action_PreSnap,1501.37,156.56,1547.31,244.57,45.940000000000055,88.00999999999999,xml_geometry_csv_action
BootPass_81,238,26,23,Position_Unknown,Team_Unknown,Action_PreSnap,1448.96,52.28,1487.0,123.75,38.039999999999964,71.47,xml_geometry_csv_action
BootPass_81,238,27,24,Position_Unknown,Team_Unknown,Action_PreSnap,1192.36,67.11,1231.04,146.77,38.680000000000064,79.66000000000001,xml_geometry_csv_action
BootPass_81,238,32,28,Position_Unknown,Team_Unknown,Action_PreSnap,1446.05,359.65,1499.09,437.4,53.039999999999964,77.75,xml_geometry_csv_action
BootPass_81,238,3,3,Position_Unknown,Team_Unknown,Action_PreSnap,1482.46,357.51,1536.17,436.23,53.710000000000036,78.72000000000003,xml_geometry_csv_action
BootPass_81,238,4,4,Position_Unknown,Team_Unknown,Action_PreSnap,1110.54,162.33,1148.0,244.07,37.460000000000036,81.73999999999998,xml_geometry_csv_action
BootPass_81,238,5,5,Position_Unknown,Team_Unknown,Action_PreSnap,1546.8,368.0,1625.71,458.35,78.91000000000008,90.35000000000002,xml_geometry_csv_action
BootPass_81,238,6,6,Position_Unknown,Team_Unknown,Action_PreSnap,977.85,799.47,1033.61,909.27,55.75999999999988,109.79999999999995,xml_geometry_csv_action
BootPass_81,238,8,8,Position_Unknown,Team_Unknown,Action_PreSnap,349.86,496.89,392.48,581.9,42.620000000000005,85.00999999999999,xml_geometry_csv_action
BootPass_81,238,9,9,Position_Unknown,Team_Unknown,Action_PreSnap,282.08,603.55,335.25,679.79,53.170000000000016,76.24000000000001,xml_geometry_csv_action
BootPass_81,239,0,0,Position_Unknown,Team_Unknown,Action_PreSnap,297.66,683.32,354.25,774.66,56.589999999999975,91.33999999999992,xml_geometry_csv_action
BootPass_81,239,1,1,Position_Unknown,Team_Unknown,Action_PreSnap,802.93,408.58,844.73,506.4,41.80000000000007,97.82,xml_geometry_csv_action
BootPass_81,239,10,10,Position_Unknown,Team_Unknown,Action_PreSnap,1179.49,115.09,1216.78,212.16,37.289999999999964,97.07,xml_geometry_csv_action
BootPass_81,239,12,12,Position_Unknown,Team_Unknown,Action_PreSnap,1227.47,59.35,1261.96,137.19,34.49000000000001,77.84,xml_geometry_csv_action
BootPass_81,239,13,13,Position_Unknown,Team_Unknown,Action_PreSnap,1551.4,449.09,1596.01,544.06,44.6099999999999,94.96999999999997,xml_geometry_csv_action
BootPass_81,239,15,15,Position_Unknown,Team_Unknown,Action_PreSnap,821.38,384.31,860.28,457.76,38.89999999999998,73.44999999999999,xml_geometry_csv_action
BootPass_81,239,16,16,Position_Unknown,Team_Unknown,Action_PreSnap,953.64,154.53,1000.38,239.14,46.74000000000001,84.60999999999999,xml_geometry_csv_action
BootPass_81,239,17,17,Position_Unknown,Team_Unknown,Action_PreSnap,1410.21,258.23,1458.1,357.13,47.88999999999987,98.89999999999998,xml_geometry_csv_action
BootPass_81,239,18,18,Position_Unknown,Team_Unknown,Action_None,1575.14,462.25,1622.69,559.16,47.549999999999955,96.90999999999997,xml_geometry_csv_action
BootPass_81,239,19,19,Position_Unknown,Team_Unknown,Action_PreSnap,1334.03,84.23,1376.83,175.26,42.799999999999955,91.02999999999999,xml_geometry_csv_action
BootPass_81,239,2,2,Position_Unknown,Team_Unknown,Action_None,1033.86,846.1,1083.4,958.12,49.54000000000019,112.01999999999998,xml_geometry_csv_action
BootPass_81,239,21,21,Position_Unknown,Team_Unknown,Action_PreSnap,1513.51,159.51,1558.79,245.36,45.27999999999997,85.85000000000002,xml_geometry_csv_action
BootPass_81,239,26,23,Position_Unknown,Team_Unknown,Action_PreSnap,1461.46,53.01,1500.3,125.03,38.83999999999992,72.02000000000001,xml_geometry_csv_action
BootPass_81,239,27,24,Position_Unknown,Team_Unknown,Action_PreSnap,1204.65,67.5,1242.55,148.06,37.899999999999864,80.56,xml_geometry_csv_action
BootPass_81,239,32,28,Position_Unknown,Team_Unknown,Action_PreSnap,1453.05,362.0,1510.71,444.86,57.66000000000008,82.86000000000001,xml_geometry_csv_action
BootPass_81,239,3,3,Position_Unknown,Team_Unknown,Action_PreSnap,1490.61,360.14,1546.17,437.38,55.56000000000017,77.24000000000001,xml_geometry_csv_action
BootPass_81,239,4,4,Position_Unknown,Team_Unknown,Action_PreSnap,1114.49,164.95,1153.16,244.77,38.67000000000007,79.82000000000002,xml_geometry_csv_action
BootPass_81,239,5,5,Position_Unknown,Team_Unknown,Action_PreSnap,1559.81,372.02,1637.31,460.04,77.5,88.02000000000004,xml_geometry_csv_action
BootPass_81,239,6,6,Position_Unknown,Team_Unknown,Action_PreSnap,986.36,804.94,1042.11,910.41,55.749999999999886,105.46999999999991,xml_geometry_csv_action
BootPass_81,239,8,8,Position_Unknown,Team_Unknown,Action_PreSnap,356.84,500.98,400.85,583.86,44.01000000000005,82.88,xml_geometry_csv_action
BootPass_81,239,9,9,Position_Unknown,Team_Unknown,Action_PreSnap,287.81,607.31,333.12,680.67,45.31,73.36000000000001,xml_geometry_csv_action
BootPass_81,240,0,0,Position_Unknown,Team_Unknown,Action_PreSnap,305.88,688.98,356.34,775.52,50.45999999999998,86.53999999999996,xml_geometry_csv_action
BootPass_81,240,1,1,Position_Unknown,Team_Unknown,Action_PreSnap,811.69,412.74,852.17,512.79,40.479999999999905,100.04999999999995,xml_geometry_csv_action
BootPass_81,240,10,10,Position_Unknown,Team_Unknown,Action_PreSnap,1188.83,117.71,1225.89,211.25,37.06000000000017,93.54,xml_geometry_csv_action
BootPass_81,240,12,12,Position_Unknown,Team_Unknown,Action_PreSnap,1239.89,58.78,1273.42,135.71,33.52999999999997,76.93,xml_geometry_csv_action
BootPass_81,240,13,13,Position_Unknown,Team_Unknown,Action_PreSnap,1566.02,454.06,1609.75,547.56,43.73000000000002,93.49999999999994,xml_geometry_csv_action
BootPass_81,240,15,15,Position_Unknown,Team_Unknown,Action_PreSnap,831.41,387.12,869.69,466.06,38.280000000000086,78.94,xml_geometry_csv_action
BootPass_81,240,16,16,Position_Unknown,Team_Unknown,Action_PreSnap,960.56,156.67,1006.18,242.59,45.620000000000005,85.92000000000002,xml_geometry_csv_action
BootPass_81,240,17,17,Position_Unknown,Team_Unknown,Action_PreSnap,1419.06,262.09,1467.03,358.16,47.97000000000003,96.07000000000005,xml_geometry_csv_action
BootPass_81,240,18,18,Position_Unknown,Team_Unknown,Action_None,1591.2,467.11,1638.07,565.27,46.86999999999989,98.15999999999997,xml_geometry_csv_action
BootPass_81,240,19,19,Position_Unknown,Team_Unknown,Action_PreSnap,1345.19,85.06,1388.12,176.18,42.929999999999836,91.12,xml_geometry_csv_action
BootPass_81,240,2,2,Position_Unknown,Team_Unknown,Action_None,1042.16,850.58,1093.82,964.01,51.659999999999854,113.42999999999995,xml_geometry_csv_action
BootPass_81,240,21,21,Position_Unknown,Team_Unknown,Action_PreSnap,1527.43,161.65,1572.05,246.3,44.61999999999989,84.65,xml_geometry_csv_action
BootPass_81,240,26,23,Position_Unknown,Team_Unknown,Action_PreSnap,1474.62,52.93,1515.19,125.63,40.570000000000164,72.69999999999999,xml_geometry_csv_action
BootPass_81,240,27,24,Position_Unknown,Team_Unknown,Action_PreSnap,1216.53,66.98,1254.98,148.25,38.450000000000045,81.27,xml_geometry_csv_action
BootPass_81,240,32,28,Position_Unknown,Team_Unknown,Action_PreSnap,1464.66,365.0,1525.62,453.41,60.95999999999981,88.41000000000003,xml_geometry_csv_action
BootPass_81,240,3,3,Position_Unknown,Team_Unknown,Action_PreSnap,1500.33,361.93,1554.16,435.63,53.830000000000155,73.69999999999999,xml_geometry_csv_action
BootPass_81,240,4,4,Position_Unknown,Team_Unknown,Action_PreSnap,1116.38,166.98,1160.04,244.59,43.659999999999854,77.61000000000001,xml_geometry_csv_action
BootPass_81,240,5,5,Position_Unknown,Team_Unknown,Action_PreSnap,1574.51,374.52,1649.92,461.33,75.41000000000008,86.81,xml_geometry_csv_action
BootPass_81,240,6,6,Position_Unknown,Team_Unknown,Action_PreSnap,997.82,809.39,1052.03,910.8,54.20999999999992,101.40999999999997,xml_geometry_csv_action
BootPass_81,240,8,8,Position_Unknown,Team_Unknown,Action_PreSnap,361.9,505.03,410.26,584.42,48.360000000000014,79.38999999999999,xml_geometry_csv_action
BootPass_81,240,9,9,Position_Unknown,Team_Unknown,Action_PreSnap,292.57,610.89,333.28,681.36,40.70999999999998,70.47000000000003,xml_geometry_csv_action
BootPass_81,241,0,0,Position_Unknown,Team_Unknown,Action_PreSnap,311.98,693.79,357.02,776.99,45.039999999999964,83.20000000000005,xml_geometry_csv_action
BootPass_81,241,1,1,Position_Unknown,Team_Unknown,Action_PreSnap,820.8,417.92,861.99,519.6,41.190000000000055,101.68,xml_geometry_csv_action
BootPass_81,241,10,10,Position_Unknown,Team_Unknown,Action_PreSnap,1199.03,120.51,1236.02,211.11,36.99000000000001,90.60000000000001,xml_geometry_csv_action
BootPass_81,241,12,12,Position_Unknown,Team_Unknown,Action_PreSnap,1251.88,59.41,1284.82,135.07,32.93999999999983,75.66,xml_geometry_csv_action
BootPass_81,241,13,13,Position_Unknown,Team_Unknown,Action_PreSnap,1579.51,457.7,1627.05,549.52,47.539999999999964,91.82,xml_geometry_csv_action
BootPass_81,241,14,14,Position_Unknown,Team_Unknown,Action_PreSnap,1202.05,102.44,1240.33,172.71,38.27999999999997,70.27000000000001,xml_geometry_csv_action
BootPass_81,241,15,15,Position_Unknown,Team_Unknown,Action_PreSnap,841.54,390.36,879.53,475.64,37.99000000000001,85.27999999999997,xml_geometry_csv_action
BootPass_81,241,16,16,Position_Unknown,Team_Unknown,Action_PreSnap,968.23,159.18,1012.11,246.98,43.879999999999995,87.79999999999998,xml_geometry_csv_action
BootPass_81,241,17,17,Position_Unknown,Team_Unknown,Action_PreSnap,1428.97,266.21,1476.66,359.82,47.690000000000055,93.61000000000001,xml_geometry_csv_action
BootPass_81,241,18,18,Position_Unknown,Team_Unknown,Action_None,1607.2,472.66,1654.1,571.52,46.899999999999864,98.85999999999996,xml_geometry_csv_action
BootPass_81,241,19,19,Position_Unknown,Team_Unknown,Action_PreSnap,1357.34,86.62,1400.15,177.79,42.81000000000017,91.16999999999999,xml_geometry_csv_action
BootPass_81,241,2,2,Position_Unknown,Team_Unknown,Action_None,1050.25,856.61,1104.34,969.61,54.08999999999992,113.0,xml_geometry_csv_action
BootPass_81,241,21,21,Position_Unknown,Team_Unknown,Action_PreSnap,1541.78,163.22,1585.53,247.21,43.75,83.99000000000001,xml_geometry_csv_action
BootPass_81,241,26,23,Position_Unknown,Team_Unknown,Action_PreSnap,1488.3,53.56,1530.9,128.39,42.600000000000136,74.82999999999998,xml_geometry_csv_action
BootPass_81,241,27,24,Position_Unknown,Team_Unknown,Action_PreSnap,1228.88,66.68,1266.7,147.92,37.819999999999936,81.23999999999998,xml_geometry_csv_action
BootPass_81,241,32,28,Position_Unknown,Team_Unknown,Action_PreSnap,1482.5,368.42,1538.09,460.63,55.58999999999992,92.20999999999998,xml_geometry_csv_action
BootPass_81,241,34,29,Position_Unknown,Team_Unknown,Action_PreSnap,1619.22,470.57,1658.6,552.83,39.37999999999988,82.26000000000005,xml_geometry_csv_action
BootPass_81,241,3,3,Position_Unknown,Team_Unknown,Action_PreSnap,1512.37,364.42,1561.34,438.29,48.97000000000003,73.87,xml_geometry_csv_action
BootPass_81,241,4,4,Position_Unknown,Team_Unknown,Action_PreSnap,1124.53,169.01,1170.28,245.88,45.75,76.87,xml_geometry_csv_action
BootPass_81,241,5,5,Position_Unknown,Team_Unknown,Action_PreSnap,1588.73,376.71,1662.93,463.15,74.20000000000005,86.44,xml_geometry_csv_action
BootPass_81,241,6,6,Position_Unknown,Team_Unknown,Action_PreSnap,1008.9,813.78,1063.56,916.15,54.65999999999997,102.37,xml_geometry_csv_action
BootPass_81,241,8,8,Position_Unknown,Team_Unknown,Action_PreSnap,367.44,509.62,420.62,584.24,53.18000000000001,74.62,xml_geometry_csv_action
BootPass_81,241,9,9,Position_Unknown,Team_Unknown,Action_PreSnap,297.53,614.21,338.08,682.66,40.55000000000001,68.44999999999993,xml_geometry_csv_action
BootPass_81,242,0,0,Position_Unknown,Team_Unknown,Action_PreSnap,316.25,697.42,361.0,786.72,44.75,89.30000000000007,xml_geometry_csv_action
BootPass_81,242,1,1,Position_Unknown,Team_Unknown,Action_PreSnap,829.8,423.56,871.32,525.43,41.520000000000095,101.86999999999995,xml_geometry_csv_action
BootPass_81,242,10,10,Position_Unknown,Team_Unknown,Action_PreSnap,1209.11,122.89,1246.17,210.52,37.06000000000017,87.63000000000001,xml_geometry_csv_action
BootPass_81,242,12,12,Position_Unknown,Team_Unknown,Action_PreSnap,1264.48,59.45,1297.67,131.51,33.190000000000055,72.05999999999999,xml_geometry_csv_action
BootPass_81,242,13,13,Position_Unknown,Team_Unknown,Action_PreSnap,1594.67,461.67,1645.65,550.99,50.98000000000002,89.32,xml_geometry_csv_action
BootPass_81,242,14,14,Position_Unknown,Team_Unknown,Action_PreSnap,1211.72,103.39,1252.22,174.98,40.5,71.58999999999999,xml_geometry_csv_action
BootPass_81,242,15,15,Position_Unknown,Team_Unknown,Action_PreSnap,850.99,392.88,889.47,483.54,38.48000000000002,90.66000000000003,xml_geometry_csv_action
BootPass_81,242,16,16,Position_Unknown,Team_Unknown,Action_PreSnap,976.07,161.26,1017.43,248.47,41.3599999999999,87.21000000000001,xml_geometry_csv_action
BootPass_81,242,17,17,Position_Unknown,Team_Unknown,Action_PreSnap,1439.12,267.74,1486.08,359.87,46.960000000000036,92.13,xml_geometry_csv_action
BootPass_81,242,18,18,Position_Unknown,Team_Unknown,Action_None,1626.27,477.59,1673.77,575.89,47.5,98.30000000000001,xml_geometry_csv_action
BootPass_81,242,19,19,Position_Unknown,Team_Unknown,Action_PreSnap,1368.72,86.81,1412.32,177.46,43.59999999999991,90.65,xml_geometry_csv_action
BootPass_81,242,2,2,Position_Unknown,Team_Unknown,Action_None,1058.07,861.94,1115.57,976.38,57.5,114.43999999999994,xml_geometry_csv_action
BootPass_81,242,21,21,Position_Unknown,Team_Unknown,Action_PreSnap,1555.42,163.67,1598.81,249.24,43.38999999999987,85.57000000000002,xml_geometry_csv_action
BootPass_81,242,26,23,Position_Unknown,Team_Unknown,Action_PreSnap,1502.08,52.8,1547.06,128.98,44.98000000000002,76.17999999999999,xml_geometry_csv_action
BootPass_81,242,27,24,Position_Unknown,Team_Unknown,Action_PreSnap,1243.1,65.75,1282.72,146.86,39.62000000000012,81.11000000000001,xml_geometry_csv_action
BootPass_81,242,32,28,Position_Unknown,Team_Unknown,Action_PreSnap,1497.76,370.79,1547.89,463.4,50.13000000000011,92.60999999999996,xml_geometry_csv_action
BootPass_81,242,34,29,Position_Unknown,Team_Unknown,Action_PreSnap,1635.93,474.99,1676.1,548.97,40.169999999999845,73.98000000000002,xml_geometry_csv_action
BootPass_81,242,3,3,Position_Unknown,Team_Unknown,Action_PreSnap,1523.24,365.65,1566.66,442.25,43.42000000000007,76.60000000000002,xml_geometry_csv_action
BootPass_81,242,4,4,Position_Unknown,Team_Unknown,Action_PreSnap,1130.89,170.44,1180.84,245.64,49.94999999999982,75.19999999999999,xml_geometry_csv_action
BootPass_81,242,5,5,Position_Unknown,Team_Unknown,Action_PreSnap,1601.61,378.0,1674.92,465.73,73.31000000000017,87.73000000000002,xml_geometry_csv_action
BootPass_81,242,6,6,Position_Unknown,Team_Unknown,Action_PreSnap,1019.65,817.83,1074.37,926.01,54.719999999999914,108.17999999999995,xml_geometry_csv_action
BootPass_81,242,8,8,Position_Unknown,Team_Unknown,Action_PreSnap,375.82,512.87,431.83,584.57,56.00999999999999,71.70000000000005,xml_geometry_csv_action
BootPass_81,242,9,9,Position_Unknown,Team_Unknown,Action_PreSnap,296.79,616.82,345.45,688.99,48.65999999999997,72.16999999999996,xml_geometry_csv_action
BootPass_81,243,0,0,Position_Unknown,Team_Unknown,Action_PreSnap,318.78,702.31,366.21,798.34,47.43000000000001,96.03000000000009,xml_geometry_csv_action
BootPass_81,243,1,1,Position_Unknown,Team_Unknown,Action_PreSnap,840.2,429.69,881.88,532.13,41.67999999999995,102.44,xml_geometry_csv_action
BootPass_81,243,10,10,Position_Unknown,Team_Unknown,Action_PreSnap,1220.04,123.72,1257.95,211.59,37.91000000000008,87.87,xml_geometry_csv_action
BootPass_81,243,12,12,Position_Unknown,Team_Unknown,Action_PreSnap,1277.53,60.21,1310.72,132.34,33.190000000000055,72.13,xml_geometry_csv_action
BootPass_81,243,13,13,Position_Unknown,Team_Unknown,Action_PreSnap,1608.77,465.86,1664.56,552.79,55.789999999999964,86.92999999999995,xml_geometry_csv_action
BootPass_81,243,14,14,Position_Unknown,Team_Unknown,Action_PreSnap,1225.66,105.31,1265.51,178.57,39.84999999999991,73.25999999999999,xml_geometry_csv_action
BootPass_81,243,15,15,Position_Unknown,Team_Unknown,Action_PreSnap,862.18,396.55,901.95,488.89,39.770000000000095,92.33999999999997,xml_geometry_csv_action
BootPass_81,243,16,16,Position_Unknown,Team_Unknown,Action_PreSnap,985.71,164.03,1025.31,249.94,39.59999999999991,85.91,xml_geometry_csv_action
BootPass_81,243,17,17,Position_Unknown,Team_Unknown,Action_PreSnap,1450.84,269.87,1496.8,360.77,45.960000000000036,90.89999999999998,xml_geometry_csv_action
BootPass_81,243,18,18,Position_Unknown,Team_Unknown,Action_None,1649.34,483.06,1694.77,582.75,45.430000000000064,99.69,xml_geometry_csv_action
BootPass_81,243,19,19,Position_Unknown,Team_Unknown,Action_PreSnap,1382.38,88.26,1426.41,178.31,44.02999999999997,90.05,xml_geometry_csv_action
BootPass_81,243,2,2,Position_Unknown,Team_Unknown,Action_None,1067.31,868.31,1127.14,980.54,59.830000000000155,112.23000000000002,xml_geometry_csv_action
BootPass_81,243,21,21,Position_Unknown,Team_Unknown,Action_PreSnap,1570.26,164.8,1614.39,254.33,44.13000000000011,89.53,xml_geometry_csv_action
BootPass_81,243,26,23,Position_Unknown,Team_Unknown,Action_PreSnap,1516.8,52.94,1563.69,131.35,46.8900000000001,78.41,xml_geometry_csv_action
BootPass_81,243,27,24,Position_Unknown,Team_Unknown,Action_PreSnap,1255.33,65.34,1297.25,147.46,41.92000000000007,82.12,xml_geometry_csv_action
BootPass_81,243,32,28,Position_Unknown,Team_Unknown,Action_PreSnap,1510.93,372.89,1554.66,465.56,43.73000000000002,92.67000000000002,xml_geometry_csv_action
BootPass_81,243,3,3,Position_Unknown,Team_Unknown,Action_PreSnap,1534.01,367.53,1573.91,447.2,39.90000000000009,79.67000000000002,xml_geometry_csv_action
BootPass_81,243,4,4,Position_Unknown,Team_Unknown,Action_PreSnap,1139.37,171.1,1192.74,247.41,53.37000000000012,76.31,xml_geometry_csv_action
BootPass_81,243,5,5,Position_Unknown,Team_Unknown,Action_PreSnap,1615.92,379.66,1688.23,470.01,72.30999999999995,90.34999999999997,xml_geometry_csv_action
BootPass_81,243,6,6,Position_Unknown,Team_Unknown,Action_PreSnap,1032.4,822.95,1086.89,933.14,54.49000000000001,110.18999999999994,xml_geometry_csv_action
BootPass_81,243,8,8,Position_Unknown,Team_Unknown,Action_PreSnap,387.89,516.42,445.21,590.09,57.31999999999999,73.67000000000007,xml_geometry_csv_action
BootPass_81,243,9,9,Position_Unknown,Team_Unknown,Action_PreSnap,298.24,620.39,354.26,700.98,56.01999999999998,80.59000000000003,xml_geometry_csv_action
BootPass_81,244,0,0,Position_Unknown,Team_Unknown,Action_PreSnap,322.84,706.49,373.08,807.21,50.24000000000001,100.72000000000003,xml_geometry_csv_action
BootPass_81,244,1,1,Position_Unknown,Team_Unknown,Action_PreSnap,851.4,435.55,894.48,537.13,43.08000000000004,101.57999999999998,xml_geometry_csv_action
BootPass_81,244,10,10,Position_Unknown,Team_Unknown,Action_PreSnap,1232.2,124.82,1271.69,211.52,39.49000000000001,86.70000000000002,xml_geometry_csv_action
BootPass_81,244,13,13,Position_Unknown,Team_Unknown,Action_PreSnap,1628.55,469.39,1685.09,554.01,56.539999999999964,84.62,xml_geometry_csv_action
BootPass_81,244,14,14,Position_Unknown,Team_Unknown,Action_PreSnap,1240.59,106.1,1281.12,180.51,40.52999999999997,74.41,xml_geometry_csv_action
BootPass_81,244,15,15,Position_Unknown,Team_Unknown,Action_PreSnap,875.67,400.7,915.91,492.89,40.24000000000001,92.19,xml_geometry_csv_action
BootPass_81,244,16,16,Position_Unknown,Team_Unknown,Action_PreSnap,997.13,165.94,1035.71,250.61,38.58000000000004,84.67000000000002,xml_geometry_csv_action
BootPass_81,244,17,17,Position_Unknown,Team_Unknown,Action_PreSnap,1464.23,271.58,1509.66,363.78,45.430000000000064,92.19999999999999,xml_geometry_csv_action
BootPass_81,244,18,18,Position_Unknown,Team_Unknown,Action_None,1671.95,487.17,1717.2,586.25,45.25,99.07999999999998,xml_geometry_csv_action
BootPass_81,244,19,19,Position_Unknown,Team_Unknown,Action_PreSnap,1396.85,89.5,1441.03,178.94,44.180000000000064,89.44,xml_geometry_csv_action
BootPass_81,244,2,2,Position_Unknown,Team_Unknown,Action_None,1081.04,871.86,1140.29,985.6,59.25,113.74000000000001,xml_geometry_csv_action
BootPass_81,244,21,21,Position_Unknown,Team_Unknown,Action_PreSnap,1587.64,166.0,1632.34,259.33,44.69999999999982,93.32999999999998,xml_geometry_csv_action
BootPass_81,244,26,23,Position_Unknown,Team_Unknown,Action_PreSnap,1533.02,52.93,1582.35,132.19,49.32999999999993,79.25999999999999,xml_geometry_csv_action
BootPass_81,244,27,24,Position_Unknown,Team_Unknown,Action_PreSnap,1270.36,63.76,1317.46,147.9,47.100000000000136,84.14000000000001,xml_geometry_csv_action
BootPass_81,244,32,28,Position_Unknown,Team_Unknown,Action_PreSnap,1524.11,372.24,1564.59,465.89,40.48000000000002,93.64999999999998,xml_geometry_csv_action
BootPass_81,244,3,3,Position_Unknown,Team_Unknown,Action_PreSnap,1545.43,368.16,1583.75,449.84,38.319999999999936,81.67999999999995,xml_geometry_csv_action
BootPass_81,244,4,4,Position_Unknown,Team_Unknown,Action_PreSnap,1149.28,172.03,1205.84,251.34,56.559999999999945,79.31,xml_geometry_csv_action
BootPass_81,244,5,5,Position_Unknown,Team_Unknown,Action_PreSnap,1630.3,380.66,1702.86,473.89,72.55999999999995,93.22999999999996,xml_geometry_csv_action
BootPass_81,244,6,6,Position_Unknown,Team_Unknown,Action_PreSnap,1044.75,828.01,1100.6,940.17,55.84999999999991,112.15999999999997,xml_geometry_csv_action
BootPass_81,244,8,8,Position_Unknown,Team_Unknown,Action_PreSnap,400.18,519.17,459.71,599.38,59.52999999999997,80.21000000000004,xml_geometry_csv_action
BootPass_81,244,9,9,Position_Unknown,Team_Unknown,Action_PreSnap,304.78,623.27,360.91,708.47,56.13000000000005,85.20000000000005,xml_geometry_csv_action
BootPass_81,245,0,0,Position_Unknown,Team_Unknown,Action_PreSnap,328.82,711.13,379.65,811.85,50.829999999999984,100.72000000000003,xml_geometry_csv_action
BootPass_81,245,1,1,Position_Unknown,Team_Unknown,Action_PreSnap,863.58,441.62,908.6,539.07,45.01999999999998,97.45000000000005,xml_geometry_csv_action
BootPass_81,245,10,10,Position_Unknown,Team_Unknown,Action_PreSnap,1244.43,125.54,1286.62,212.06,42.18999999999983,86.52,xml_geometry_csv_action
BootPass_81,245,13,13,Position_Unknown,Team_Unknown,Action_PreSnap,1648.88,471.74,1706.23,555.51,57.34999999999991,83.76999999999998,xml_geometry_csv_action
BootPass_81,245,14,14,Position_Unknown,Team_Unknown,Action_PreSnap,1258.79,107.09,1298.45,181.64,39.66000000000008,74.54999999999998,xml_geometry_csv_action
BootPass_81,245,15,15,Position_Unknown,Team_Unknown,Action_PreSnap,888.15,405.04,929.38,499.67,41.23000000000002,94.63,xml_geometry_csv_action
BootPass_81,245,16,16,Position_Unknown,Team_Unknown,Action_PreSnap,1008.92,166.94,1046.56,250.09,37.639999999999986,83.15,xml_geometry_csv_action
BootPass_81,245,17,17,Position_Unknown,Team_Unknown,Action_PreSnap,1477.72,273.23,1523.3,370.95,45.57999999999993,97.71999999999997,xml_geometry_csv_action
BootPass_81,245,18,18,Position_Unknown,Team_Unknown,Action_None,1693.77,492.28,1741.29,589.14,47.51999999999998,96.86000000000001,xml_geometry_csv_action
BootPass_81,245,19,19,Position_Unknown,Team_Unknown,Action_PreSnap,1412.93,90.3,1457.04,179.72,44.1099999999999,89.42,xml_geometry_csv_action
BootPass_81,245,2,2,Position_Unknown,Team_Unknown,Action_None,1093.44,876.65,1151.31,991.6,57.86999999999989,114.95000000000005,xml_geometry_csv_action
BootPass_81,245,21,21,Position_Unknown,Team_Unknown,Action_PreSnap,1604.69,167.66,1650.28,263.14,45.58999999999992,95.47999999999999,xml_geometry_csv_action
BootPass_81,245,26,23,Position_Unknown,Team_Unknown,Action_PreSnap,1551.04,53.02,1601.33,131.5,50.289999999999964,78.47999999999999,xml_geometry_csv_action
BootPass_81,245,27,24,Position_Unknown,Team_Unknown,Action_PreSnap,1287.47,63.02,1337.8,148.96,50.32999999999993,85.94,xml_geometry_csv_action
BootPass_81,245,32,28,Position_Unknown,Team_Unknown,Action_PreSnap,1538.6,374.64,1579.81,466.89,41.210000000000036,92.25,xml_geometry_csv_action
BootPass_81,245,3,3,Position_Unknown,Team_Unknown,Action_PreSnap,1557.19,369.02,1596.87,451.65,39.679999999999836,82.63,xml_geometry_csv_action
BootPass_81,245,4,4,Position_Unknown,Team_Unknown,Action_PreSnap,1162.89,173.61,1220.35,255.22,57.45999999999981,81.60999999999999,xml_geometry_csv_action
BootPass_81,245,5,5,Position_Unknown,Team_Unknown,Action_PreSnap,1645.61,382.01,1717.65,476.57,72.04000000000019,94.56,xml_geometry_csv_action
BootPass_81,245,6,6,Position_Unknown,Team_Unknown,Action_PreSnap,1058.4,834.35,1115.63,945.88,57.23000000000002,111.52999999999997,xml_geometry_csv_action
BootPass_81,245,8,8,Position_Unknown,Team_Unknown,Action_PreSnap,413.11,522.19,471.76,607.4,58.64999999999998,85.20999999999992,xml_geometry_csv_action
BootPass_81,245,9,9,Position_Unknown,Team_Unknown,Action_PreSnap,313.48,626.53,368.64,712.58,55.15999999999997,86.05000000000007,xml_geometry_csv_action
BootPass_81,246,0,0,Position_Unknown,Team_Unknown,Action_PreSnap,338.48,715.72,386.74,812.38,48.25999999999999,96.65999999999997,xml_geometry_csv_action
BootPass_81,246,1,1,Position_Unknown,Team_Unknown,Action_PreSnap,875.52,445.21,922.32,538.23,46.80000000000007,93.02000000000004,xml_geometry_csv_action
BootPass_81,246,10,10,Position_Unknown,Team_Unknown,Action_PreSnap,1256.94,126.51,1300.37,211.6,43.429999999999836,85.08999999999999,xml_geometry_csv_action
BootPass_81,246,13,13,Position_Unknown,Team_Unknown,Action_PreSnap,1670.01,471.8,1727.91,557.12,57.90000000000009,85.32,xml_geometry_csv_action
BootPass_81,246,14,14,Position_Unknown,Team_Unknown,Action_PreSnap,1275.27,106.75,1314.27,183.85,39.0,77.1,xml_geometry_csv_action
BootPass_81,246,15,15,Position_Unknown,Team_Unknown,Action_PreSnap,901.84,409.53,943.46,503.74,41.620000000000005,94.21000000000004,xml_geometry_csv_action
BootPass_81,246,16,16,Position_Unknown,Team_Unknown,Action_PreSnap,1020.69,166.59,1059.02,248.41,38.32999999999993,81.82,xml_geometry_csv_action
BootPass_81,246,17,17,Position_Unknown,Team_Unknown,Action_PreSnap,1490.44,274.88,1537.31,377.2,46.86999999999989,102.32,xml_geometry_csv_action
BootPass_81,246,18,18,Position_Unknown,Team_Unknown,Action_None,1714.63,496.05,1765.96,588.16,51.32999999999993,92.10999999999996,xml_geometry_csv_action
BootPass_81,246,19,19,Position_Unknown,Team_Unknown,Action_PreSnap,1430.32,89.69,1474.27,179.36,43.950000000000045,89.67000000000002,xml_geometry_csv_action
BootPass_81,246,2,2,Position_Unknown,Team_Unknown,Action_None,1107.58,880.04,1163.66,994.79,56.080000000000155,114.75,xml_geometry_csv_action
BootPass_81,246,21,21,Position_Unknown,Team_Unknown,Action_PreSnap,1623.48,169.22,1669.42,265.42,45.940000000000055,96.20000000000002,xml_geometry_csv_action
BootPass_81,246,26,23,Position_Unknown,Team_Unknown,Action_PreSnap,1569.96,52.9,1619.68,130.37,49.72000000000003,77.47,xml_geometry_csv_action
BootPass_81,246,27,24,Position_Unknown,Team_Unknown,Action_PreSnap,1304.15,61.51,1357.18,149.2,53.02999999999997,87.69,xml_geometry_csv_action
BootPass_81,246,32,28,Position_Unknown,Team_Unknown,Action_PreSnap,1551.94,377.41,1593.82,466.99,41.87999999999988,89.57999999999998,xml_geometry_csv_action
BootPass_81,246,3,3,Position_Unknown,Team_Unknown,Action_PreSnap,1570.7,369.49,1610.56,451.13,39.8599999999999,81.63999999999999,xml_geometry_csv_action
BootPass_81,246,4,4,Position_Unknown,Team_Unknown,Action_PreSnap,1177.23,174.69,1232.21,257.52,54.98000000000002,82.82999999999998,xml_geometry_csv_action
BootPass_81,246,5,5,Position_Unknown,Team_Unknown,Action_PreSnap,1662.23,383.32,1732.4,477.03,70.17000000000007,93.70999999999998,xml_geometry_csv_action
BootPass_81,246,6,6,Position_Unknown,Team_Unknown,Action_PreSnap,1071.72,841.29,1130.13,955.41,58.41000000000008,114.12,xml_geometry_csv_action
BootPass_81,246,8,8,Position_Unknown,Team_Unknown,Action_PreSnap,425.79,524.96,483.23,610.47,57.44,85.50999999999999,xml_geometry_csv_action
BootPass_81,246,9,9,Position_Unknown,Team_Unknown,Action_PreSnap,322.89,630.13,383.01,712.96,60.120000000000005,82.83000000000004,xml_geometry_csv_action
BootPass_81,247,0,0,Position_Unknown,Team_Unknown,Action_PreSnap,346.21,720.22,393.26,811.77,47.05000000000001,91.54999999999995,xml_geometry_csv_action
BootPass_81,247,1,1,Position_Unknown,Team_Unknown,Action_PreSnap,887.32,447.21,936.39,536.94,49.069999999999936,89.73000000000008,xml_geometry_csv_action
BootPass_81,247,10,10,Position_Unknown,Team_Unknown,Action_PreSnap,1270.67,127.49,1315.25,210.43,44.57999999999993,82.94000000000001,xml_geometry_csv_action
BootPass_81,247,13,13,Position_Unknown,Team_Unknown,Action_PreSnap,1694.11,471.04,1750.8,557.21,56.690000000000055,86.17000000000002,xml_geometry_csv_action
BootPass_81,247,14,14,Position_Unknown,Team_Unknown,Action_PreSnap,1291.56,106.12,1330.93,184.65,39.37000000000012,78.53,xml_geometry_csv_action
BootPass_81,247,15,15,Position_Unknown,Team_Unknown,Action_PreSnap,914.43,412.94,956.99,504.18,42.56000000000006,91.24000000000001,xml_geometry_csv_action
BootPass_81,247,16,16,Position_Unknown,Team_Unknown,Action_PreSnap,1033.33,165.47,1072.2,246.91,38.87000000000012,81.44,xml_geometry_csv_action
BootPass_81,247,17,17,Position_Unknown,Team_Unknown,Action_PreSnap,1504.61,276.4,1551.47,381.16,46.86000000000013,104.76000000000005,xml_geometry_csv_action
BootPass_81,247,18,18,Position_Unknown,Team_Unknown,Action_None,1734.77,498.76,1790.05,589.72,55.27999999999997,90.96000000000004,xml_geometry_csv_action
BootPass_81,247,19,19,Position_Unknown,Team_Unknown,Action_PreSnap,1446.55,87.6,1490.8,177.84,44.25,90.24000000000001,xml_geometry_csv_action
BootPass_81,247,2,2,Position_Unknown,Team_Unknown,Action_None,1121.42,883.48,1175.49,997.95,54.069999999999936,114.47000000000003,xml_geometry_csv_action
BootPass_81,247,21,21,Position_Unknown,Team_Unknown,Action_PreSnap,1641.23,169.77,1689.43,266.99,48.200000000000045,97.22,xml_geometry_csv_action
BootPass_81,247,26,23,Position_Unknown,Team_Unknown,Action_PreSnap,1589.6,51.67,1640.16,127.62,50.56000000000017,75.95,xml_geometry_csv_action
BootPass_81,247,27,24,Position_Unknown,Team_Unknown,Action_PreSnap,1322.74,59.42,1376.66,148.77,53.92000000000007,89.35000000000001,xml_geometry_csv_action
BootPass_81,247,32,28,Position_Unknown,Team_Unknown,Action_PreSnap,1564.68,377.53,1606.19,469.39,41.50999999999999,91.86000000000001,xml_geometry_csv_action
BootPass_81,247,3,3,Position_Unknown,Team_Unknown,Action_PreSnap,1582.89,370.14,1623.47,460.31,40.57999999999993,90.17000000000002,xml_geometry_csv_action
BootPass_81,247,4,4,Position_Unknown,Team_Unknown,Action_PreSnap,1191.59,173.64,1244.7,257.84,53.11000000000013,84.19999999999999,xml_geometry_csv_action
BootPass_81,247,5,5,Position_Unknown,Team_Unknown,Action_PreSnap,1678.85,384.65,1748.4,476.78,69.55000000000018,92.13,xml_geometry_csv_action
BootPass_81,247,6,6,Position_Unknown,Team_Unknown,Action_PreSnap,1084.51,847.86,1143.44,957.81,58.930000000000064,109.94999999999993,xml_geometry_csv_action
BootPass_81,247,8,8,Position_Unknown,Team_Unknown,Action_PreSnap,438.38,527.33,493.71,610.16,55.329999999999984,82.82999999999993,xml_geometry_csv_action
BootPass_81,247,9,9,Position_Unknown,Team_Unknown,Action_PreSnap,330.07,633.76,393.78,709.92,63.70999999999998,76.15999999999997,xml_geometry_csv_action
BootPass_81,248,0,0,Position_Unknown,Team_Unknown,Action_PreSnap,350.15,724.09,398.43,810.56,48.28000000000003,86.46999999999991,xml_geometry_csv_action
BootPass_81,248,1,1,Position_Unknown,Team_Unknown,Action_PreSnap,899.26,449.42,951.59,541.63,52.33000000000004,92.20999999999998,xml_geometry_csv_action
BootPass_81,248,10,10,Position_Unknown,Team_Unknown,Action_PreSnap,1285.82,125.23,1332.11,208.61,46.289999999999964,83.38000000000001,xml_geometry_csv_action
BootPass_81,248,13,13,Position_Unknown,Team_Unknown,Action_PreSnap,1718.8,469.72,1775.44,566.61,56.6400000000001,96.88999999999999,xml_geometry_csv_action
BootPass_81,248,14,14,Position_Unknown,Team_Unknown,Action_PreSnap,1309.16,103.89,1348.54,185.5,39.37999999999988,81.61,xml_geometry_csv_action
BootPass_81,248,15,15,Position_Unknown,Team_Unknown,Action_PreSnap,928.81,414.32,971.37,503.07,42.56000000000006,88.75,xml_geometry_csv_action
BootPass_81,248,16,16,Position_Unknown,Team_Unknown,Action_PreSnap,1045.78,164.58,1087.68,249.29,41.90000000000009,84.70999999999998,xml_geometry_csv_action
BootPass_81,248,17,17,Position_Unknown,Team_Unknown,Action_PreSnap,1520.31,278.97,1566.89,384.43,46.580000000000155,105.45999999999998,xml_geometry_csv_action
BootPass_81,248,18,18,Position_Unknown,Team_Unknown,Action_None,1760.38,501.18,1816.49,598.25,56.1099999999999,97.07,xml_geometry_csv_action
BootPass_81,248,19,19,Position_Unknown,Team_Unknown,Action_PreSnap,1463.77,85.46,1507.87,176.19,44.09999999999991,90.73,xml_geometry_csv_action
BootPass_81,248,2,2,Position_Unknown,Team_Unknown,Action_None,1136.21,886.77,1189.79,1002.99,53.57999999999993,116.22000000000003,xml_geometry_csv_action
BootPass_81,248,21,21,Position_Unknown,Team_Unknown,Action_PreSnap,1660.8,170.46,1710.5,267.16,49.700000000000045,96.70000000000002,xml_geometry_csv_action
BootPass_81,248,26,23,Position_Unknown,Team_Unknown,Action_PreSnap,1609.61,50.04,1661.57,126.19,51.960000000000036,76.15,xml_geometry_csv_action
BootPass_81,248,27,24,Position_Unknown,Team_Unknown,Action_PreSnap,1341.81,56.87,1395.53,147.96,53.72000000000003,91.09,xml_geometry_csv_action
BootPass_81,248,32,28,Position_Unknown,Team_Unknown,Action_PreSnap,1580.37,379.93,1620.12,474.87,39.75,94.94,xml_geometry_csv_action
BootPass_81,248,3,3,Position_Unknown,Team_Unknown,Action_PreSnap,1597.17,370.24,1635.69,461.34,38.51999999999998,91.09999999999997,xml_geometry_csv_action
BootPass_81,248,4,4,Position_Unknown,Team_Unknown,Action_PreSnap,1205.31,171.93,1253.15,256.95,47.840000000000146,85.01999999999998,xml_geometry_csv_action
BootPass_81,248,5,5,Position_Unknown,Team_Unknown,Action_PreSnap,1696.73,385.29,1764.32,476.12,67.58999999999992,90.82999999999998,xml_geometry_csv_action
BootPass_81,248,6,6,Position_Unknown,Team_Unknown,Action_PreSnap,1099.11,854.05,1157.95,961.43,58.840000000000146,107.38,xml_geometry_csv_action
BootPass_81,248,8,8,Position_Unknown,Team_Unknown,Action_PreSnap,449.86,529.54,504.89,608.84,55.02999999999997,79.30000000000007,xml_geometry_csv_action
BootPass_81,248,9,9,Position_Unknown,Team_Unknown,Action_PreSnap,336.72,636.81,402.26,712.97,65.53999999999996,76.16000000000008,xml_geometry_csv_action
BootPass_81,249,0,0,Position_Unknown,Team_Unknown,Action_PreSnap,352.08,727.43,406.08,818.6,54.0,91.17000000000007,xml_geometry_csv_action
BootPass_81,249,1,1,Position_Unknown,Team_Unknown,Action_PreSnap,914.58,451.59,969.34,550.29,54.75999999999999,98.69999999999999,xml_geometry_csv_action
BootPass_81,249,10,10,Position_Unknown,Team_Unknown,Action_PreSnap,1303.54,122.38,1349.77,206.1,46.23000000000002,83.72,xml_geometry_csv_action
BootPass_81,249,13,13,Position_Unknown,Team_Unknown,Action_PreSnap,1745.6,468.26,1801.51,570.94,55.91000000000008,102.68000000000006,xml_geometry_csv_action
BootPass_81,249,14,14,Position_Unknown,Team_Unknown,Action_PreSnap,1329.13,99.59,1368.94,185.04,39.809999999999945,85.44999999999999,xml_geometry_csv_action
BootPass_81,249,15,15,Position_Unknown,Team_Unknown,Action_PreSnap,945.89,414.52,987.32,501.35,41.430000000000064,86.83000000000004,xml_geometry_csv_action
BootPass_81,249,16,16,Position_Unknown,Team_Unknown,Action_PreSnap,1059.38,162.42,1103.3,251.16,43.919999999999845,88.74000000000001,xml_geometry_csv_action
BootPass_81,249,17,17,Position_Unknown,Team_Unknown,Action_PreSnap,1537.23,279.86,1583.95,385.81,46.72000000000003,105.94999999999999,xml_geometry_csv_action
BootPass_81,249,18,18,Position_Unknown,Team_Unknown,Action_None,1785.06,503.56,1845.86,604.2,60.799999999999955,100.64000000000004,xml_geometry_csv_action
BootPass_81,249,19,19,Position_Unknown,Team_Unknown,Action_PreSnap,1483.85,82.05,1528.51,173.36,44.66000000000008,91.31000000000002,xml_geometry_csv_action
BootPass_81,249,2,2,Position_Unknown,Team_Unknown,Action_None,1154.65,890.42,1208.51,1009.0,53.8599999999999,118.58000000000004,xml_geometry_csv_action
BootPass_81,249,21,21,Position_Unknown,Team_Unknown,Action_PreSnap,1683.26,170.49,1734.75,265.8,51.49000000000001,95.31,xml_geometry_csv_action
BootPass_81,249,26,23,Position_Unknown,Team_Unknown,Action_PreSnap,1631.85,47.55,1684.47,121.71,52.62000000000012,74.16,xml_geometry_csv_action
BootPass_81,249,27,24,Position_Unknown,Team_Unknown,Action_PreSnap,1362.03,52.23,1413.2,146.54,51.17000000000007,94.31,xml_geometry_csv_action
BootPass_81,249,32,28,Position_Unknown,Team_Unknown,Action_PreSnap,1597.58,382.04,1636.65,479.86,39.070000000000164,97.82,xml_geometry_csv_action
BootPass_81,249,3,3,Position_Unknown,Team_Unknown,Action_PreSnap,1612.11,370.42,1651.61,463.18,39.5,92.75999999999999,xml_geometry_csv_action
BootPass_81,249,4,4,Position_Unknown,Team_Unknown,Action_PreSnap,1221.43,169.37,1266.52,254.95,45.08999999999992,85.57999999999998,xml_geometry_csv_action
BootPass_81,249,5,5,Position_Unknown,Team_Unknown,Action_PreSnap,1715.79,385.28,1781.71,476.19,65.92000000000007,90.91000000000003,xml_geometry_csv_action
BootPass_81,249,6,6,Position_Unknown,Team_Unknown,Action_PreSnap,1117.05,859.35,1174.3,969.5,57.25,110.14999999999998,xml_geometry_csv_action
BootPass_81,249,8,8,Position_Unknown,Team_Unknown,Action_PreSnap,462.75,530.69,519.15,606.75,56.39999999999998,76.05999999999995,xml_geometry_csv_action
BootPass_81,249,9,9,Position_Unknown,Team_Unknown,Action_PreSnap,343.68,639.12,409.31,721.29,65.63,82.16999999999996,xml_geometry_csv_action
BootPass_81,250,0,0,Position_Unknown,Team_Unknown,Action_PreSnap,361.13,730.24,416.97,825.44,55.84000000000003,95.20000000000005,xml_geometry_csv_action
BootPass_81,250,1,1,Position_Unknown,Team_Unknown,Action_PreSnap,929.52,452.91,980.52,556.06,51.0,103.14999999999992,xml_geometry_csv_action
BootPass_81,250,10,10,Position_Unknown,Team_Unknown,Action_PreSnap,1323.79,116.01,1369.27,201.72,45.48000000000002,85.71,xml_geometry_csv_action
BootPass_81,250,13,13,Position_Unknown,Team_Unknown,Action_PreSnap,1776.34,466.49,1829.81,571.99,53.47000000000003,105.5,xml_geometry_csv_action
BootPass_81,250,14,14,Position_Unknown,Team_Unknown,Action_PreSnap,1350.85,95.19,1390.54,183.71,39.690000000000055,88.52000000000001,xml_geometry_csv_action
BootPass_81,250,15,15,Position_Unknown,Team_Unknown,Action_PreSnap,962.12,414.41,1004.93,508.98,42.809999999999945,94.57,xml_geometry_csv_action
BootPass_81,250,16,16,Position_Unknown,Team_Unknown,Action_PreSnap,1075.59,158.9,1120.46,251.55,44.87000000000012,92.65,xml_geometry_csv_action
BootPass_81,250,17,17,Position_Unknown,Team_Unknown,Action_PreSnap,1557.11,279.22,1603.44,384.85,46.330000000000155,105.63,xml_geometry_csv_action
BootPass_81,250,18,18,Position_Unknown,Team_Unknown,Action_None,1813.66,504.68,1878.62,608.57,64.95999999999981,103.89000000000004,xml_geometry_csv_action
BootPass_81,250,19,19,Position_Unknown,Team_Unknown,Action_PreSnap,1506.1,77.27,1551.11,169.42,45.00999999999999,92.14999999999999,xml_geometry_csv_action
BootPass_81,250,2,2,Position_Unknown,Team_Unknown,Action_None,1172.0,893.42,1227.19,1011.75,55.190000000000055,118.33000000000004,xml_geometry_csv_action
BootPass_81,250,21,21,Position_Unknown,Team_Unknown,Action_PreSnap,1708.34,168.86,1761.1,263.1,52.75999999999999,94.24000000000001,xml_geometry_csv_action
BootPass_81,250,26,23,Position_Unknown,Team_Unknown,Action_PreSnap,1657.54,43.44,1709.73,118.17,52.190000000000055,74.73,xml_geometry_csv_action
BootPass_81,250,27,24,Position_Unknown,Team_Unknown,Action_PreSnap,1385.25,45.22,1435.5,143.35,50.25,98.13,xml_geometry_csv_action
BootPass_81,250,32,28,Position_Unknown,Team_Unknown,Action_PreSnap,1614.45,380.97,1658.76,482.5,44.309999999999945,101.52999999999997,xml_geometry_csv_action
BootPass_81,250,3,3,Position_Unknown,Team_Unknown,Action_PreSnap,1627.77,369.68,1670.78,461.69,43.00999999999999,92.00999999999999,xml_geometry_csv_action
BootPass_81,250,4,4,Position_Unknown,Team_Unknown,Action_PreSnap,1238.57,164.87,1282.75,251.61,44.180000000000064,86.74000000000001,xml_geometry_csv_action
BootPass_81,250,5,5,Position_Unknown,Team_Unknown,Action_PreSnap,1736.19,382.86,1802.8,474.76,66.6099999999999,91.89999999999998,xml_geometry_csv_action
BootPass_81,250,6,6,Position_Unknown,Team_Unknown,Action_PreSnap,1135.08,862.44,1192.74,978.66,57.66000000000008,116.21999999999991,xml_geometry_csv_action
BootPass_81,250,8,8,Position_Unknown,Team_Unknown,Action_PreSnap,476.32,530.96,534.2,614.57,57.88000000000005,83.61000000000001,xml_geometry_csv_action
BootPass_81,250,9,9,Position_Unknown,Team_Unknown,Action_PreSnap,350.92,640.99,415.19,728.78,64.26999999999998,87.78999999999996,xml_geometry_csv_action
BootPass_81,251,0,0,Position_Unknown,Team_Unknown,Action_PreSnap,370.89,732.04,427.01,828.74,56.120000000000005,96.70000000000005,xml_geometry_csv_action
BootPass_81,251,1,1,Position_Unknown,Team_Unknown,Action_PreSnap,945.37,453.58,993.49,560.55,48.120000000000005,106.96999999999997,xml_geometry_csv_action
BootPass_81,251,10,10,Position_Unknown,Team_Unknown,Action_PreSnap,1345.43,110.04,1388.66,196.32,43.23000000000002,86.27999999999999,xml_geometry_csv_action
BootPass_81,251,13,13,Position_Unknown,Team_Unknown,Action_PreSnap,1811.07,462.05,1861.04,570.78,49.97000000000003,108.72999999999996,xml_geometry_csv_action
BootPass_81,251,14,14,Position_Unknown,Team_Unknown,Action_PreSnap,1373.71,88.49,1413.08,180.5,39.36999999999989,92.01,xml_geometry_csv_action
BootPass_81,251,15,15,Position_Unknown,Team_Unknown,Action_PreSnap,981.05,414.18,1024.48,513.8,43.430000000000064,99.61999999999995,xml_geometry_csv_action
BootPass_81,251,16,16,Position_Unknown,Team_Unknown,Action_PreSnap,1092.48,154.74,1136.14,248.86,43.66000000000008,94.12,xml_geometry_csv_action
BootPass_81,251,17,17,Position_Unknown,Team_Unknown,Action_PreSnap,1577.57,278.72,1624.41,380.43,46.840000000000146,101.70999999999998,xml_geometry_csv_action
BootPass_81,251,18,18,Position_Unknown,Team_Unknown,Action_None,1844.84,506.04,1912.53,611.01,67.69000000000005,104.96999999999997,xml_geometry_csv_action
BootPass_81,251,19,19,Position_Unknown,Team_Unknown,Action_PreSnap,1529.62,70.32,1575.6,163.4,45.98000000000002,93.08000000000001,xml_geometry_csv_action
BootPass_81,251,2,2,Position_Unknown,Team_Unknown,Action_None,1192.65,894.64,1247.85,1011.6,55.19999999999982,116.96000000000004,xml_geometry_csv_action
BootPass_81,251,21,21,Position_Unknown,Team_Unknown,Action_PreSnap,1735.17,165.28,1787.53,258.58,52.3599999999999,93.29999999999998,xml_geometry_csv_action
BootPass_81,251,26,23,Position_Unknown,Team_Unknown,Action_PreSnap,1685.95,37.61,1736.6,114.48,50.649999999999864,76.87,xml_geometry_csv_action
BootPass_81,251,27,24,Position_Unknown,Team_Unknown,Action_PreSnap,1409.48,37.22,1458.08,139.07,48.59999999999991,101.85,xml_geometry_csv_action
BootPass_81,251,32,28,Position_Unknown,Team_Unknown,Action_PreSnap,1631.13,379.53,1683.35,483.87,52.2199999999998,104.34000000000003,xml_geometry_csv_action
BootPass_81,251,3,3,Position_Unknown,Team_Unknown,Action_PreSnap,1646.6,367.99,1694.53,457.44,47.930000000000064,89.44999999999999,xml_geometry_csv_action
BootPass_81,251,4,4,Position_Unknown,Team_Unknown,Action_PreSnap,1257.44,159.2,1300.99,245.64,43.549999999999955,86.44,xml_geometry_csv_action
BootPass_81,251,5,5,Position_Unknown,Team_Unknown,Action_PreSnap,1758.81,379.57,1828.3,473.53,69.49000000000001,93.95999999999998,xml_geometry_csv_action
BootPass_81,251,6,6,Position_Unknown,Team_Unknown,Action_PreSnap,1154.13,864.43,1212.34,985.0,58.20999999999981,120.57000000000005,xml_geometry_csv_action
BootPass_81,251,8,8,Position_Unknown,Team_Unknown,Action_PreSnap,489.34,529.68,546.57,620.1,57.230000000000075,90.42000000000007,xml_geometry_csv_action
BootPass_81,251,9,9,Position_Unknown,Team_Unknown,Action_PreSnap,357.4,642.92,419.27,733.21,61.870000000000005,90.29000000000008,xml_geometry_csv_action
BootPass_81,252,0,0,Position_Unknown,Team_Unknown,Action_PreSnap,380.65,733.84,434.53,831.28,53.879999999999995,97.43999999999994,xml_geometry_csv_action
BootPass_81,252,1,1,Position_Unknown,Team_Unknown,Action_PreSnap,960.45,453.97,1009.82,563.72,49.370000000000005,109.75,xml_geometry_csv_action
BootPass_81,252,10,10,Position_Unknown,Team_Unknown,Action_PreSnap,1368.08,101.23,1411.51,189.23,43.430000000000064,87.99999999999999,xml_geometry_csv_action
BootPass_81,252,13,13,Position_Unknown,Team_Unknown,Action_PreSnap,1843.71,456.87,1891.13,564.97,47.42000000000007,108.10000000000002,xml_geometry_csv_action
BootPass_81,252,14,14,Position_Unknown,Team_Unknown,Action_PreSnap,1397.69,80.7,1437.59,175.02,39.899999999999864,94.32000000000001,xml_geometry_csv_action
BootPass_81,252,15,15,Position_Unknown,Team_Unknown,Action_PreSnap,996.9,412.84,1044.26,516.29,47.360000000000014,103.44999999999999,xml_geometry_csv_action
BootPass_81,252,16,16,Position_Unknown,Team_Unknown,Action_PreSnap,1110.23,150.14,1152.07,244.01,41.83999999999992,93.87,xml_geometry_csv_action
BootPass_81,252,17,17,Position_Unknown,Team_Unknown,Action_PreSnap,1599.72,275.96,1645.41,374.51,45.690000000000055,98.55000000000001,xml_geometry_csv_action
BootPass_81,252,18,18,Position_Unknown,Team_Unknown,Action_None,1883.25,508.6,1920.0,609.24,36.75,100.63999999999999,xml_geometry_csv_action
BootPass_81,252,19,19,Position_Unknown,Team_Unknown,Action_PreSnap,1554.96,62.2,1601.33,156.59,46.36999999999989,94.39,xml_geometry_csv_action
BootPass_81,252,2,2,Position_Unknown,Team_Unknown,Action_None,1213.42,895.32,1268.3,1011.08,54.87999999999988,115.75999999999999,xml_geometry_csv_action
BootPass_81,252,21,21,Position_Unknown,Team_Unknown,Action_PreSnap,1763.07,159.88,1815.11,252.6,52.039999999999964,92.72,xml_geometry_csv_action
BootPass_81,252,26,23,Position_Unknown,Team_Unknown,Action_PreSnap,1714.71,29.96,1765.24,107.87,50.52999999999997,77.91,xml_geometry_csv_action
BootPass_81,252,27,24,Position_Unknown,Team_Unknown,Action_PreSnap,1436.29,32.38,1483.59,132.3,47.299999999999955,99.92000000000002,xml_geometry_csv_action
BootPass_81,252,32,28,Position_Unknown,Team_Unknown,Action_PreSnap,1646.06,379.68,1707.11,482.83,61.049999999999955,103.14999999999998,xml_geometry_csv_action
BootPass_81,252,3,3,Position_Unknown,Team_Unknown,Action_PreSnap,1664.76,364.93,1719.12,452.35,54.3599999999999,87.42000000000002,xml_geometry_csv_action
BootPass_81,252,4,4,Position_Unknown,Team_Unknown,Action_PreSnap,1276.44,152.4,1320.52,240.21,44.07999999999993,87.81,xml_geometry_csv_action
BootPass_81,252,5,5,Position_Unknown,Team_Unknown,Action_PreSnap,1782.28,374.12,1855.31,469.19,73.02999999999997,95.07,xml_geometry_csv_action
BootPass_81,252,6,6,Position_Unknown,Team_Unknown,Action_PreSnap,1173.66,865.78,1231.92,990.43,58.25999999999999,124.64999999999998,xml_geometry_csv_action
BootPass_81,252,8,8,Position_Unknown,Team_Unknown,Action_PreSnap,501.34,526.35,558.04,623.28,56.69999999999999,96.92999999999995,xml_geometry_csv_action
BootPass_81,252,9,9,Position_Unknown,Team_Unknown,Action_PreSnap,366.18,643.58,422.88,733.69,56.69999999999999,90.11000000000001,xml_geometry_csv_action
BootPass_81,253,0,0,Position_Unknown,Team_Unknown,Action_PreSnap,387.69,736.93,440.17,834.05,52.48000000000002,97.12,xml_geometry_csv_action
BootPass_81,253,1,1,Position_Unknown,Team_Unknown,Action_PreSnap,974.78,455.26,1026.96,564.26,52.180000000000064,109.0,xml_geometry_csv_action
BootPass_81,253,10,10,Position_Unknown,Team_Unknown,Action_PreSnap,1391.28,94.1,1435.19,182.11,43.91000000000008,88.01000000000002,xml_geometry_csv_action
BootPass_81,253,13,13,Position_Unknown,Team_Unknown,Action_PreSnap,1876.39,453.42,1918.75,562.85,42.3599999999999,109.43,xml_geometry_csv_action
BootPass_81,253,14,14,Position_Unknown,Team_Unknown,Action_PreSnap,1422.05,72.61,1463.1,168.57,41.049999999999955,95.96,xml_geometry_csv_action
BootPass_81,253,15,15,Position_Unknown,Team_Unknown,Action_PreSnap,1014.51,412.03,1063.75,517.21,49.24000000000001,105.18000000000006,xml_geometry_csv_action
BootPass_81,253,16,16,Position_Unknown,Team_Unknown,Action_PreSnap,1128.53,145.55,1169.61,238.15,41.07999999999993,92.6,xml_geometry_csv_action
BootPass_81,253,17,17,Position_Unknown,Team_Unknown,Action_PreSnap,1622.15,271.57,1667.91,368.48,45.75999999999999,96.91000000000003,xml_geometry_csv_action
BootPass_81,253,19,19,Position_Unknown,Team_Unknown,Action_PreSnap,1580.21,53.74,1627.17,148.78,46.960000000000036,95.03999999999999,xml_geometry_csv_action
BootPass_81,253,2,2,Position_Unknown,Team_Unknown,Action_None,1233.04,895.6,1288.69,1012.82,55.65000000000009,117.22000000000003,xml_geometry_csv_action
BootPass_81,253,21,21,Position_Unknown,Team_Unknown,Action_PreSnap,1792.73,153.48,1843.67,246.05,50.940000000000055,92.57000000000002,xml_geometry_csv_action
BootPass_81,253,26,23,Position_Unknown,Team_Unknown,Action_PreSnap,1743.32,21.79,1795.64,101.31,52.320000000000164,79.52000000000001,xml_geometry_csv_action
BootPass_81,253,27,24,Position_Unknown,Team_Unknown,Action_PreSnap,1462.31,30.0,1509.19,125.39,46.88000000000011,95.39,xml_geometry_csv_action
BootPass_81,253,32,28,Position_Unknown,Team_Unknown,Action_PreSnap,1662.58,379.42,1731.11,479.58,68.52999999999997,100.15999999999997,xml_geometry_csv_action
BootPass_81,253,3,3,Position_Unknown,Team_Unknown,Action_PreSnap,1686.12,360.54,1744.93,446.22,58.81000000000017,85.68,xml_geometry_csv_action
BootPass_81,253,4,4,Position_Unknown,Team_Unknown,Action_PreSnap,1295.99,144.64,1340.73,236.21,44.74000000000001,91.57000000000002,xml_geometry_csv_action
BootPass_81,253,5,5,Position_Unknown,Team_Unknown,Action_PreSnap,1807.96,367.7,1883.67,465.32,75.71000000000004,97.62,xml_geometry_csv_action
BootPass_81,253,6,6,Position_Unknown,Team_Unknown,Action_PreSnap,1192.42,868.74,1252.38,994.77,59.960000000000036,126.02999999999997,xml_geometry_csv_action
BootPass_81,253,8,8,Position_Unknown,Team_Unknown,Action_PreSnap,512.14,525.15,566.24,622.72,54.10000000000002,97.57000000000005,xml_geometry_csv_action
BootPass_81,253,9,9,Position_Unknown,Team_Unknown,Action_PreSnap,373.88,644.28,425.32,732.27,51.44,87.99000000000001,xml_geometry_csv_action
BootPass_81,254,0,0,Position_Unknown,Team_Unknown,Action_PreSnap,394.09,740.84,446.85,836.83,52.76000000000005,95.99000000000001,xml_geometry_csv_action
BootPass_81,254,1,1,Position_Unknown,Team_Unknown,Action_PreSnap,990.88,455.31,1044.67,561.16,53.79000000000008,105.84999999999997,xml_geometry_csv_action
BootPass_81,254,10,10,Position_Unknown,Team_Unknown,Action_PreSnap,1414.51,84.32,1459.01,174.2,44.5,89.88,xml_geometry_csv_action
BootPass_81,254,14,14,Position_Unknown,Team_Unknown,Action_PreSnap,1446.8,64.8,1488.94,163.07,42.1400000000001,98.27,xml_geometry_csv_action
BootPass_81,254,15,15,Position_Unknown,Team_Unknown,Action_PreSnap,1033.85,411.86,1083.47,518.25,49.62000000000012,106.38999999999999,xml_geometry_csv_action
BootPass_81,254,16,16,Position_Unknown,Team_Unknown,Action_PreSnap,1145.64,140.33,1188.67,231.43,43.02999999999997,91.1,xml_geometry_csv_action
BootPass_81,254,17,17,Position_Unknown,Team_Unknown,Action_PreSnap,1645.9,265.83,1692.26,362.74,46.3599999999999,96.91000000000003,xml_geometry_csv_action
BootPass_81,254,19,19,Position_Unknown,Team_Unknown,Action_PreSnap,1607.54,44.78,1654.68,141.09,47.1400000000001,96.31,xml_geometry_csv_action
BootPass_81,254,2,2,Position_Unknown,Team_Unknown,Action_None,1254.9,897.66,1310.93,1016.07,56.02999999999997,118.41000000000008,xml_geometry_csv_action
BootPass_81,254,21,21,Position_Unknown,Team_Unknown,Action_PreSnap,1822.91,146.51,1873.95,240.44,51.039999999999964,93.93,xml_geometry_csv_action
BootPass_81,254,26,23,Position_Unknown,Team_Unknown,Action_PreSnap,1774.21,13.08,1825.02,93.83,50.809999999999945,80.75,xml_geometry_csv_action
BootPass_81,254,27,24,Position_Unknown,Team_Unknown,Action_PreSnap,1489.16,23.33,1534.98,117.07,45.819999999999936,93.74,xml_geometry_csv_action
BootPass_81,254,32,28,Position_Unknown,Team_Unknown,Action_PreSnap,1681.31,379.16,1759.02,475.78,77.71000000000004,96.61999999999995,xml_geometry_csv_action
BootPass_81,254,3,3,Position_Unknown,Team_Unknown,Action_PreSnap,1707.07,356.2,1772.31,441.9,65.24000000000001,85.69999999999999,xml_geometry_csv_action
BootPass_81,254,4,4,Position_Unknown,Team_Unknown,Action_PreSnap,1316.07,136.92,1363.55,232.44,47.48000000000002,95.52000000000001,xml_geometry_csv_action
BootPass_81,254,5,5,Position_Unknown,Team_Unknown,Action_PreSnap,1834.63,362.51,1913.42,461.56,78.78999999999996,99.05000000000001,xml_geometry_csv_action
BootPass_81,254,6,6,Position_Unknown,Team_Unknown,Action_PreSnap,1212.96,872.77,1272.77,996.33,59.809999999999945,123.56000000000006,xml_geometry_csv_action
BootPass_81,254,8,8,Position_Unknown,Team_Unknown,Action_PreSnap,521.36,525.89,578.01,619.14,56.64999999999998,93.25,xml_geometry_csv_action
BootPass_81,254,9,9,Position_Unknown,Team_Unknown,Action_PreSnap,380.5,645.61,428.26,729.33,47.75999999999999,83.72000000000003,xml_geometry_csv_action
BootPass_81,255,0,0,Position_Unknown,Team_Unknown,Action_PreSnap,402.3,742.98,454.04,837.7,51.74000000000001,94.72000000000003,xml_geometry_csv_action
BootPass_81,255,1,1,Position_Unknown,Team_Unknown,Action_PreSnap,1005.6,453.07,1063.43,555.8,57.83000000000004,102.72999999999996,xml_geometry_csv_action
BootPass_81,255,10,10,Position_Unknown,Team_Unknown,Action_PreSnap,1437.66,74.86,1482.79,164.26,45.12999999999988,89.39999999999999,xml_geometry_csv_action
BootPass_81,255,14,14,Position_Unknown,Team_Unknown,Action_PreSnap,1472.46,55.83,1515.5,155.03,43.039999999999964,99.2,xml_geometry_csv_action
BootPass_81,255,15,15,Position_Unknown,Team_Unknown,Action_PreSnap,1053.75,411.0,1103.43,515.59,49.680000000000064,104.59000000000003,xml_geometry_csv_action
BootPass_81,255,16,16,Position_Unknown,Team_Unknown,Action_PreSnap,1164.01,132.07,1208.36,222.26,44.34999999999991,90.19,xml_geometry_csv_action
BootPass_81,255,17,17,Position_Unknown,Team_Unknown,Action_PreSnap,1670.41,258.82,1718.38,357.13,47.97000000000003,98.31,xml_geometry_csv_action
BootPass_81,255,19,19,Position_Unknown,Team_Unknown,Action_PreSnap,1634.49,34.21,1682.56,132.03,48.069999999999936,97.82,xml_geometry_csv_action
BootPass_81,255,2,2,Position_Unknown,Team_Unknown,Action_None,1276.56,897.61,1333.84,1018.91,57.27999999999997,121.29999999999995,xml_geometry_csv_action
BootPass_81,255,21,21,Position_Unknown,Team_Unknown,Action_PreSnap,1854.02,137.95,1905.56,236.97,51.539999999999964,99.02000000000001,xml_geometry_csv_action
BootPass_81,255,26,23,Position_Unknown,Team_Unknown,Action_PreSnap,1806.09,3.54,1855.68,83.85,49.590000000000146,80.30999999999999,xml_geometry_csv_action
BootPass_81,255,27,24,Position_Unknown,Team_Unknown,Action_PreSnap,1515.23,9.02,1561.88,107.37,46.65000000000009,98.35000000000001,xml_geometry_csv_action
BootPass_81,255,32,28,Position_Unknown,Team_Unknown,Action_PreSnap,1703.04,376.89,1783.31,471.6,80.26999999999998,94.71000000000004,xml_geometry_csv_action
BootPass_81,255,3,3,Position_Unknown,Team_Unknown,Action_PreSnap,1730.04,350.83,1798.95,434.9,68.91000000000008,84.07,xml_geometry_csv_action
BootPass_81,255,4,4,Position_Unknown,Team_Unknown,Action_PreSnap,1335.34,127.6,1385.15,227.63,49.81000000000017,100.03,xml_geometry_csv_action
BootPass_81,255,5,5,Position_Unknown,Team_Unknown,Action_PreSnap,1861.65,355.43,1920.0,457.63,58.34999999999991,102.19999999999999,xml_geometry_csv_action
BootPass_81,255,6,6,Position_Unknown,Team_Unknown,Action_PreSnap,1234.2,874.92,1293.0,996.43,58.799999999999955,121.50999999999999,xml_geometry_csv_action
BootPass_81,255,8,8,Position_Unknown,Team_Unknown,Action_PreSnap,530.11,524.96,591.69,613.45,61.58000000000004,88.49000000000001,xml_geometry_csv_action
BootPass_81,255,9,9,Position_Unknown,Team_Unknown,Action_PreSnap,385.66,645.79,431.83,725.1,46.16999999999996,79.31000000000006,xml_geometry_csv_action
BootPass_81,256,0,0,Position_Unknown,Team_Unknown,Action_SecureCatch,409.2,743.74,462.84,840.79,53.639999999999986,97.04999999999995,xml_geometry_csv_action
BootPass_81,256,1,1,Position_Unknown,Team_Unknown,Action_PreSnap,1021.51,448.69,1082.87,548.92,61.3599999999999,100.22999999999996,xml_geometry_csv_action
BootPass_81,256,10,10,Position_Unknown,Team_Unknown,Action_PreSnap,1461.78,61.98,1506.85,153.29,45.069999999999936,91.31,xml_geometry_csv_action
BootPass_81,256,14,14,Position_Unknown,Team_Unknown,Action_PreSnap,1498.95,45.17,1542.14,145.16,43.190000000000055,99.99,xml_geometry_csv_action
BootPass_81,256,15,15,Position_Unknown,Team_Unknown,Action_PreSnap,1075.14,407.9,1124.09,510.49,48.94999999999982,102.59000000000003,xml_geometry_csv_action
BootPass_81,256,16,16,Position_Unknown,Team_Unknown,Action_PreSnap,1183.07,122.66,1228.99,211.31,45.92000000000007,88.65,xml_geometry_csv_action
BootPass_81,256,17,17,Position_Unknown,Team_Unknown,Action_PreSnap,1695.36,250.99,1745.23,354.14,49.87000000000012,103.14999999999998,xml_geometry_csv_action
BootPass_81,256,19,19,Position_Unknown,Team_Unknown,Action_PreSnap,1662.91,22.28,1711.62,122.28,48.70999999999981,100.0,xml_geometry_csv_action
BootPass_81,256,2,2,Position_Unknown,Team_Unknown,Action_None,1297.36,897.81,1357.76,1020.98,60.40000000000009,123.17000000000007,xml_geometry_csv_action
BootPass_81,256,21,21,Position_Unknown,Team_Unknown,Action_PreSnap,1886.64,128.06,1920.0,225.46,33.3599999999999,97.4,xml_geometry_csv_action
BootPass_81,256,26,23,Position_Unknown,Team_Unknown,Action_PreSnap,1838.42,0.0,1888.08,73.27,49.659999999999854,73.27,xml_geometry_csv_action
BootPass_81,256,27,24,Position_Unknown,Team_Unknown,Action_PreSnap,1542.51,0.16,1590.4,95.89,47.8900000000001,95.73,xml_geometry_csv_action
BootPass_81,256,32,28,Position_Unknown,Team_Unknown,Action_PreSnap,1729.54,371.12,1810.52,467.75,80.98000000000002,96.63,xml_geometry_csv_action
BootPass_81,256,4,4,Position_Unknown,Team_Unknown,Action_PreSnap,1355.06,117.2,1407.51,220.56,52.450000000000045,103.36,xml_geometry_csv_action
BootPass_81,256,5,5,Position_Unknown,Team_Unknown,Action_PreSnap,1888.93,347.17,1920.0,453.08,31.069999999999936,105.90999999999997,xml_geometry_csv_action
BootPass_81,256,6,6,Position_Unknown,Team_Unknown,Action_PreSnap,1252.67,875.24,1315.75,998.42,63.07999999999993,123.17999999999995,xml_geometry_csv_action
BootPass_81,256,8,8,Position_Unknown,Team_Unknown,Action_PreSnap,538.35,521.73,606.69,608.3,68.34000000000003,86.56999999999994,xml_geometry_csv_action
BootPass_81,256,9,9,Position_Unknown,Team_Unknown,Action_PreSnap,389.04,644.67,438.65,732.05,49.60999999999996,87.38,xml_geometry_csv_action
BootPass_81,257,0,0,Position_Unknown,Team_Unknown,Action_SecureCatch,414.31,744.15,475.77,843.69,61.45999999999998,99.54000000000008,xml_geometry_csv_action
BootPass_81,257,1,1,Position_Unknown,Team_Unknown,Action_PreSnap,1036.65,444.42,1100.52,544.46,63.86999999999989,100.04000000000002,xml_geometry_csv_action
BootPass_81,257,10,10,Position_Unknown,Team_Unknown,Action_PreSnap,1486.17,50.27,1531.64,141.8,45.47000000000003,91.53,xml_geometry_csv_action
BootPass_81,257,14,14,Position_Unknown,Team_Unknown,Action_PreSnap,1525.64,33.74,1569.51,133.94,43.86999999999989,100.19999999999999,xml_geometry_csv_action
BootPass_81,257,15,15,Position_Unknown,Team_Unknown,Action_PreSnap,1094.92,403.76,1144.41,503.31,49.49000000000001,99.55000000000001,xml_geometry_csv_action
BootPass_81,257,16,16,Position_Unknown,Team_Unknown,Action_PreSnap,1201.35,111.38,1248.92,200.47,47.570000000000164,89.09,xml_geometry_csv_action
BootPass_81,257,17,17,Position_Unknown,Team_Unknown,Action_PreSnap,1720.99,242.66,1772.79,351.22,51.799999999999955,108.56000000000003,xml_geometry_csv_action
BootPass_81,257,19,19,Position_Unknown,Team_Unknown,Action_PreSnap,1691.64,9.95,1740.93,111.56,49.289999999999964,101.61,xml_geometry_csv_action
BootPass_81,257,2,2,Position_Unknown,Team_Unknown,Action_None,1319.01,897.17,1381.94,1022.97,62.930000000000064,125.80000000000007,xml_geometry_csv_action
BootPass_81,257,26,23,Position_Unknown,Team_Unknown,Action_PreSnap,1869.89,0.0,1917.61,69.77,47.7199999999998,69.77,xml_geometry_csv_action
BootPass_81,257,27,24,Position_Unknown,Team_Unknown,Action_PreSnap,1567.59,0.0,1618.61,83.89,51.01999999999998,83.89,xml_geometry_csv_action
BootPass_81,257,32,28,Position_Unknown,Team_Unknown,Action_PreSnap,1758.79,361.71,1836.17,465.08,77.38000000000011,103.37,xml_geometry_csv_action
BootPass_81,257,4,4,Position_Unknown,Team_Unknown,Action_PreSnap,1375.54,106.83,1427.44,212.83,51.90000000000009,106.00000000000001,xml_geometry_csv_action
BootPass_81,257,6,6,Position_Unknown,Team_Unknown,Action_PreSnap,1271.5,874.74,1337.21,1002.92,65.71000000000004,128.17999999999995,xml_geometry_csv_action
BootPass_81,257,8,8,Position_Unknown,Team_Unknown,Action_PreSnap,547.06,517.53,619.89,608.43,72.83000000000004,90.89999999999998,xml_geometry_csv_action
BootPass_81,257,9,9,Position_Unknown,Team_Unknown,Action_PreSnap,394.66,642.8,446.24,739.25,51.579999999999984,96.45000000000005,xml_geometry_csv_action
BootPass_81,258,0,0,Position_Unknown,Team_Unknown,Action_SecureCatch,419.54,745.12,480.07,847.34,60.52999999999997,102.22000000000003,xml_geometry_csv_action
BootPass_81,258,1,1,Position_Unknown,Team_Unknown,Action_PreSnap,1051.32,440.43,1118.78,546.85,67.46000000000004,106.42000000000002,xml_geometry_csv_action
BootPass_81,258,10,10,Position_Unknown,Team_Unknown,Action_PreSnap,1511.73,36.53,1558.93,130.26,47.200000000000045,93.72999999999999,xml_geometry_csv_action
BootPass_81,258,14,14,Position_Unknown,Team_Unknown,Action_PreSnap,1553.59,21.73,1598.11,121.87,44.51999999999998,100.14,xml_geometry_csv_action
BootPass_81,258,15,15,Position_Unknown,Team_Unknown,Action_PreSnap,1115.43,398.37,1167.06,494.76,51.62999999999988,96.38999999999999,xml_geometry_csv_action
BootPass_81,258,16,16,Position_Unknown,Team_Unknown,Action_PreSnap,1220.8,100.87,1270.61,188.92,49.809999999999945,88.04999999999998,xml_geometry_csv_action
BootPass_81,258,17,17,Position_Unknown,Team_Unknown,Action_PreSnap,1745.48,235.54,1799.54,349.03,54.059999999999945,113.48999999999998,xml_geometry_csv_action
BootPass_81,258,19,19,Position_Unknown,Team_Unknown,Action_PreSnap,1722.17,0.26,1771.69,101.59,49.51999999999998,101.33,xml_geometry_csv_action
BootPass_81,258,2,2,Position_Unknown,Team_Unknown,Action_None,1342.07,897.36,1407.2,1022.87,65.13000000000011,125.50999999999999,xml_geometry_csv_action
BootPass_81,258,27,24,Position_Unknown,Team_Unknown,Action_PreSnap,1598.66,0.0,1648.32,71.62,49.659999999999854,71.62,xml_geometry_csv_action
BootPass_81,258,32,28,Position_Unknown,Team_Unknown,Action_PreSnap,1791.54,355.8,1864.91,462.34,73.37000000000012,106.53999999999996,xml_geometry_csv_action
BootPass_81,258,3,3,Position_Unknown,Team_Unknown,Action_PreSnap,1802.49,331.51,1859.11,416.3,56.61999999999989,84.79000000000002,xml_geometry_csv_action
BootPass_81,258,4,4,Position_Unknown,Team_Unknown,Action_PreSnap,1396.69,96.96,1449.18,204.31,52.49000000000001,107.35000000000001,xml_geometry_csv_action
BootPass_81,258,6,6,Position_Unknown,Team_Unknown,Action_PreSnap,1290.1,874.8,1361.15,1008.05,71.05000000000018,133.25,xml_geometry_csv_action
BootPass_81,258,8,8,Position_Unknown,Team_Unknown,Action_PreSnap,557.38,513.28,633.97,611.24,76.59000000000003,97.96000000000004,xml_geometry_csv_action
BootPass_81,258,9,9,Position_Unknown,Team_Unknown,Action_PreSnap,400.31,641.47,453.23,744.13,52.920000000000016,102.65999999999997,xml_geometry_csv_action
BootPass_81,259,0,0,Position_Unknown,Team_Unknown,Action_SecureCatch,425.47,748.21,481.4,854.34,55.92999999999995,106.13,xml_geometry_csv_action
BootPass_81,259,1,1,Position_Unknown,Team_Unknown,Action_PreSnap,1066.52,435.54,1134.29,549.55,67.76999999999998,114.00999999999993,xml_geometry_csv_action
BootPass_81,259,10,10,Position_Unknown,Team_Unknown,Action_PreSnap,1538.31,22.76,1586.29,119.15,47.98000000000002,96.39,xml_geometry_csv_action
BootPass_81,259,14,14,Position_Unknown,Team_Unknown,Action_PreSnap,1582.34,8.45,1626.86,109.33,44.51999999999998,100.88,xml_geometry_csv_action
BootPass_81,259,15,15,Position_Unknown,Team_Unknown,Action_PreSnap,1134.6,392.7,1187.18,493.98,52.580000000000155,101.28000000000003,xml_geometry_csv_action
BootPass_81,259,16,16,Position_Unknown,Team_Unknown,Action_PreSnap,1240.25,88.59,1290.57,178.1,50.319999999999936,89.50999999999999,xml_geometry_csv_action
BootPass_81,259,17,17,Position_Unknown,Team_Unknown,Action_PreSnap,1772.48,228.38,1826.01,343.31,53.52999999999997,114.93,xml_geometry_csv_action
BootPass_81,259,19,19,Position_Unknown,Team_Unknown,Action_PreSnap,1753.85,0.0,1802.31,89.61,48.460000000000036,89.61,xml_geometry_csv_action
BootPass_81,259,2,2,Position_Unknown,Team_Unknown,Action_None,1364.1,896.42,1432.24,1022.11,68.1400000000001,125.69000000000005,xml_geometry_csv_action
BootPass_81,259,27,24,Position_Unknown,Team_Unknown,Action_PreSnap,1629.14,0.0,1679.22,58.25,50.07999999999993,58.25,xml_geometry_csv_action
BootPass_81,259,32,28,Position_Unknown,Team_Unknown,Action_PreSnap,1826.35,347.22,1896.02,460.2,69.67000000000007,112.97999999999996,xml_geometry_csv_action
BootPass_81,259,3,3,Position_Unknown,Team_Unknown,Action_PreSnap,1828.37,324.01,1876.83,410.13,48.460000000000036,86.12,xml_geometry_csv_action
BootPass_81,259,4,4,Position_Unknown,Team_Unknown,Action_PreSnap,1418.59,86.84,1470.32,194.2,51.73000000000002,107.35999999999999,xml_geometry_csv_action
BootPass_81,259,6,6,Position_Unknown,Team_Unknown,Action_PreSnap,1310.59,875.03,1383.35,1008.21,72.75999999999999,133.18000000000006,xml_geometry_csv_action
BootPass_81,259,8,8,Position_Unknown,Team_Unknown,Action_PreSnap,567.15,508.76,635.7,612.19,68.55000000000007,103.43000000000006,xml_geometry_csv_action
BootPass_81,259,9,9,Position_Unknown,Team_Unknown,Action_PreSnap,406.82,640.08,459.91,743.15,53.09000000000003,103.06999999999994,xml_geometry_csv_action
BootPass_81,260,0,0,Position_Unknown,Team_Unknown,Action_SecureCatch,430.35,748.96,484.63,856.63,54.27999999999997,107.66999999999996,xml_geometry_csv_action
BootPass_81,260,1,1,Position_Unknown,Team_Unknown,Action_PreSnap,1079.83,430.57,1147.88,550.12,68.05000000000018,119.55000000000001,xml_geometry_csv_action
BootPass_81,260,10,10,Position_Unknown,Team_Unknown,Action_PreSnap,1565.76,6.66,1614.04,107.89,48.27999999999997,101.23,xml_geometry_csv_action
BootPass_81,260,14,14,Position_Unknown,Team_Unknown,Action_PreSnap,1612.98,0.0,1657.1,95.23,44.11999999999989,95.23,xml_geometry_csv_action
BootPass_81,260,15,15,Position_Unknown,Team_Unknown,Action_PreSnap,1154.52,386.74,1207.59,494.8,53.069999999999936,108.06,xml_geometry_csv_action
BootPass_81,260,16,16,Position_Unknown,Team_Unknown,Action_PreSnap,1261.67,77.21,1309.63,164.99,47.960000000000036,87.78000000000002,xml_geometry_csv_action
BootPass_81,260,17,17,Position_Unknown,Team_Unknown,Action_PreSnap,1800.75,221.73,1853.67,335.5,52.92000000000007,113.77000000000001,xml_geometry_csv_action
BootPass_81,260,19,19,Position_Unknown,Team_Unknown,Action_PreSnap,1787.6,0.0,1834.17,77.49,46.570000000000164,77.49,xml_geometry_csv_action
BootPass_81,260,2,2,Position_Unknown,Team_Unknown,Action_None,1386.88,894.54,1457.12,1023.45,70.23999999999978,128.91000000000008,xml_geometry_csv_action
BootPass_81,260,27,24,Position_Unknown,Team_Unknown,Action_PreSnap,1659.49,0.0,1710.78,43.05,51.289999999999964,43.05,xml_geometry_csv_action
BootPass_81,260,32,28,Position_Unknown,Team_Unknown,Action_PreSnap,1861.4,341.16,1919.16,458.97,57.75999999999999,117.81,xml_geometry_csv_action
BootPass_81,260,3,3,Position_Unknown,Team_Unknown,Action_PreSnap,1854.62,315.38,1906.54,404.85,51.92000000000007,89.47000000000003,xml_geometry_csv_action
BootPass_81,260,4,4,Position_Unknown,Team_Unknown,Action_PreSnap,1440.82,75.81,1492.49,181.92,51.67000000000007,106.10999999999999,xml_geometry_csv_action
BootPass_81,260,6,6,Position_Unknown,Team_Unknown,Action_PreSnap,1331.64,875.02,1405.9,1006.99,74.25999999999999,131.97000000000003,xml_geometry_csv_action
BootPass_81,260,8,8,Position_Unknown,Team_Unknown,Action_PreSnap,576.61,503.87,640.79,608.34,64.17999999999995,104.47000000000003,xml_geometry_csv_action
BootPass_81,260,9,9,Position_Unknown,Team_Unknown,Action_PreSnap,414.1,638.42,469.62,738.55,55.51999999999998,100.13,xml_geometry_csv_action
BootPass_81,261,0,0,Position_Unknown,Team_Unknown,Action_SecureCatch,434.61,749.76,490.5,853.37,55.889999999999986,103.61000000000001,xml_geometry_csv_action
BootPass_81,261,1,1,Position_Unknown,Team_Unknown,Action_PreSnap,1094.94,425.46,1162.74,547.98,67.79999999999995,122.52000000000004,xml_geometry_csv_action
BootPass_81,261,10,10,Position_Unknown,Team_Unknown,Action_PreSnap,1595.6,0.0,1644.42,95.82,48.820000000000164,95.82,xml_geometry_csv_action
BootPass_81,261,14,14,Position_Unknown,Team_Unknown,Action_PreSnap,1645.22,0.0,1688.0,80.63,42.77999999999997,80.63,xml_geometry_csv_action
BootPass_81,261,15,15,Position_Unknown,Team_Unknown,Action_PreSnap,1176.51,380.58,1229.87,493.98,53.3599999999999,113.40000000000003,xml_geometry_csv_action
BootPass_81,261,16,16,Position_Unknown,Team_Unknown,Action_PreSnap,1283.71,64.43,1331.31,150.57,47.59999999999991,86.13999999999999,xml_geometry_csv_action
BootPass_81,261,17,17,Position_Unknown,Team_Unknown,Action_PreSnap,1831.13,213.97,1884.83,325.97,53.69999999999982,112.00000000000003,xml_geometry_csv_action
BootPass_81,261,19,19,Position_Unknown,Team_Unknown,Action_PreSnap,1822.72,0.0,1870.06,63.36,47.33999999999992,63.36,xml_geometry_csv_action
BootPass_81,261,2,2,Position_Unknown,Team_Unknown,Action_None,1410.46,891.9,1483.7,1024.43,73.24000000000001,132.5300000000001,xml_geometry_csv_action
BootPass_81,261,3,3,Position_Unknown,Team_Unknown,Action_PreSnap,1884.29,305.49,1920.0,407.36,35.710000000000036,101.87,xml_geometry_csv_action
BootPass_81,261,4,4,Position_Unknown,Team_Unknown,Action_PreSnap,1466.09,62.84,1516.11,167.86,50.01999999999998,105.02000000000001,xml_geometry_csv_action
BootPass_81,261,6,6,Position_Unknown,Team_Unknown,Action_PreSnap,1352.97,873.8,1429.35,1003.95,76.37999999999988,130.1500000000001,xml_geometry_csv_action
BootPass_81,261,8,8,Position_Unknown,Team_Unknown,Action_PreSnap,586.13,498.74,650.32,601.08,64.19000000000005,102.34000000000003,xml_geometry_csv_action
BootPass_81,261,9,9,Position_Unknown,Team_Unknown,Action_PreSnap,420.22,635.99,480.5,732.05,60.27999999999997,96.05999999999995,xml_geometry_csv_action
BootPass_81,262,0,0,Position_Unknown,Team_Unknown,Action_SecureCatch,441.59,747.79,500.0,846.34,58.410000000000025,98.55000000000007,xml_geometry_csv_action
BootPass_81,262,1,1,Position_Unknown,Team_Unknown,Action_PreSnap,1112.85,419.9,1179.32,545.14,66.47000000000003,125.24000000000001,xml_geometry_csv_action
BootPass_81,262,10,10,Position_Unknown,Team_Unknown,Action_PreSnap,1627.57,0.0,1676.09,80.79,48.51999999999998,80.79,xml_geometry_csv_action
BootPass_81,262,14,14,Position_Unknown,Team_Unknown,Action_PreSnap,1679.27,0.0,1721.27,64.16,42.0,64.16,xml_geometry_csv_action
BootPass_81,262,15,15,Position_Unknown,Team_Unknown,Action_PreSnap,1198.54,373.42,1253.35,490.22,54.809999999999945,116.80000000000001,xml_geometry_csv_action
BootPass_81,262,16,16,Position_Unknown,Team_Unknown,Action_PreSnap,1307.41,50.84,1353.15,135.52,45.74000000000001,84.68,xml_geometry_csv_action
BootPass_81,262,17,17,Position_Unknown,Team_Unknown,Action_PreSnap,1863.44,205.01,1915.4,313.57,51.960000000000036,108.56,xml_geometry_csv_action
BootPass_81,262,2,2,Position_Unknown,Team_Unknown,Action_None,1436.85,889.02,1511.0,1021.82,74.15000000000009,132.80000000000007,xml_geometry_csv_action
BootPass_81,262,4,4,Position_Unknown,Team_Unknown,Action_PreSnap,1492.22,46.51,1543.44,152.2,51.22000000000003,105.69,xml_geometry_csv_action
BootPass_81,262,6,6,Position_Unknown,Team_Unknown,Action_PreSnap,1375.71,870.9,1455.82,1002.33,80.1099999999999,131.43000000000006,xml_geometry_csv_action
BootPass_81,262,8,8,Position_Unknown,Team_Unknown,Action_PreSnap,595.74,492.1,663.51,592.31,67.76999999999998,100.20999999999992,xml_geometry_csv_action
BootPass_81,262,9,9,Position_Unknown,Team_Unknown,Action_PreSnap,424.64,632.65,489.53,727.81,64.88999999999999,95.15999999999997,xml_geometry_csv_action
BootPass_81,263,0,0,Position_Unknown,Team_Unknown,Action_SecureCatch,446.47,750.63,513.01,839.17,66.53999999999996,88.53999999999996,xml_geometry_csv_action
BootPass_81,263,1,1,Position_Unknown,Team_Unknown,Action_PreSnap,1131.47,413.49,1200.55,536.88,69.07999999999993,123.38999999999999,xml_geometry_csv_action
BootPass_81,263,10,10,Position_Unknown,Team_Unknown,Action_PreSnap,1661.89,0.0,1709.73,63.85,47.83999999999992,63.85,xml_geometry_csv_action
BootPass_81,263,14,14,Position_Unknown,Team_Unknown,Action_PreSnap,1712.99,0.0,1756.68,46.94,43.690000000000055,46.94,xml_geometry_csv_action
BootPass_81,263,15,15,Position_Unknown,Team_Unknown,Action_PreSnap,1221.97,365.51,1278.79,486.28,56.819999999999936,120.76999999999998,xml_geometry_csv_action
BootPass_81,263,16,16,Position_Unknown,Team_Unknown,Action_PreSnap,1331.26,35.43,1376.97,117.25,45.710000000000036,81.82,xml_geometry_csv_action
BootPass_81,263,17,17,Position_Unknown,Team_Unknown,Action_PreSnap,1897.67,199.36,1920.0,314.34,22.329999999999927,114.97999999999996,xml_geometry_csv_action
BootPass_81,263,2,2,Position_Unknown,Team_Unknown,Action_None,1464.62,885.93,1541.6,1015.47,76.98000000000002,129.54000000000008,xml_geometry_csv_action
BootPass_81,263,4,4,Position_Unknown,Team_Unknown,Action_PreSnap,1520.39,28.48,1574.07,134.78,53.679999999999836,106.3,xml_geometry_csv_action
BootPass_81,263,6,6,Position_Unknown,Team_Unknown,Action_PreSnap,1398.44,865.39,1483.7,999.61,85.25999999999999,134.22000000000003,xml_geometry_csv_action
BootPass_81,263,8,8,Position_Unknown,Team_Unknown,Action_PreSnap,606.26,484.95,677.22,584.33,70.96000000000004,99.38000000000005,xml_geometry_csv_action
BootPass_81,263,9,9,Position_Unknown,Team_Unknown,Action_PreSnap,429.84,628.02,498.02,730.63,68.18,102.61000000000001,xml_geometry_csv_action
BootPass_81,264,0,0,Position_Unknown,Team_Unknown,Action_None,448.47,744.59,526.31,837.88,77.83999999999992,93.28999999999996,xml_geometry_csv_action
BootPass_81,264,1,1,Position_Unknown,Team_Unknown,Action_PreSnap,1149.4,405.85,1224.45,526.95,75.04999999999995,121.10000000000002,xml_geometry_csv_action
BootPass_81,264,10,10,Position_Unknown,Team_Unknown,Action_PreSnap,1694.18,0.0,1746.28,44.51,52.09999999999991,44.51,xml_geometry_csv_action
BootPass_81,264,15,15,Position_Unknown,Team_Unknown,Action_PreSnap,1242.87,357.68,1304.9,478.58,62.0300000000002,120.89999999999998,xml_geometry_csv_action
BootPass_81,264,16,16,Position_Unknown,Team_Unknown,Action_PreSnap,1357.39,18.9,1402.97,100.57,45.57999999999993,81.66999999999999,xml_geometry_csv_action
BootPass_81,264,2,2,Position_Unknown,Team_Unknown,Action_None,1493.0,883.57,1571.67,1009.31,78.67000000000007,125.7399999999999,xml_geometry_csv_action
BootPass_81,264,4,4,Position_Unknown,Team_Unknown,Action_PreSnap,1549.39,9.63,1606.44,116.74,57.049999999999955,107.11,xml_geometry_csv_action
BootPass_81,264,6,6,Position_Unknown,Team_Unknown,Action_PreSnap,1421.68,859.22,1510.96,998.55,89.27999999999997,139.32999999999993,xml_geometry_csv_action
BootPass_81,264,8,8,Position_Unknown,Team_Unknown,Action_PreSnap,614.15,477.15,689.17,582.92,75.01999999999998,105.76999999999998,xml_geometry_csv_action
BootPass_81,264,9,9,Position_Unknown,Team_Unknown,Action_PreSnap,433.48,623.38,503.39,736.37,69.90999999999997,112.99000000000001,xml_geometry_csv_action
BootPass_81,265,0,0,Position_Unknown,Team_Unknown,Action_None,451.15,740.33,539.03,837.93,87.88,97.59999999999991,xml_geometry_csv_action
BootPass_81,265,1,1,Position_Unknown,Team_Unknown,Action_PreSnap,1166.99,395.48,1251.63,515.71,84.6400000000001,120.23000000000002,xml_geometry_csv_action
BootPass_81,265,15,15,Position_Unknown,Team_Unknown,Action_PreSnap,1263.52,348.67,1332.9,467.66,69.38000000000011,118.99000000000001,xml_geometry_csv_action
BootPass_81,265,16,16,Position_Unknown,Team_Unknown,Action_PreSnap,1382.37,3.31,1427.67,89.16,45.30000000000018,85.85,xml_geometry_csv_action
BootPass_81,265,2,2,Position_Unknown,Team_Unknown,Action_None,1525.4,880.06,1605.6,1006.69,80.19999999999982,126.63000000000011,xml_geometry_csv_action
BootPass_81,265,4,4,Position_Unknown,Team_Unknown,Action_PreSnap,1577.73,0.0,1638.45,102.87,60.72000000000003,102.87,xml_geometry_csv_action
BootPass_81,265,6,6,Position_Unknown,Team_Unknown,Action_PreSnap,1444.76,853.28,1539.27,997.67,94.50999999999999,144.39,xml_geometry_csv_action
BootPass_81,265,8,8,Position_Unknown,Team_Unknown,Action_PreSnap,621.65,469.27,699.87,584.64,78.22000000000003,115.37,xml_geometry_csv_action
BootPass_81,265,9,9,Position_Unknown,Team_Unknown,Action_PreSnap,438.07,619.46,507.69,739.0,69.62,119.53999999999996,xml_geometry_csv_action
BootPass_81,266,0,0,Position_Unknown,Team_Unknown,Action_None,452.75,736.65,551.57,840.85,98.82000000000005,104.20000000000005,xml_geometry_csv_action
BootPass_81,266,1,1,Position_Unknown,Team_Unknown,Action_PreSnap,1186.02,385.36,1279.17,510.55,93.15000000000009,125.19,xml_geometry_csv_action
BootPass_81,266,15,15,Position_Unknown,Team_Unknown,Action_PreSnap,1288.15,339.78,1362.55,456.27,74.39999999999986,116.49000000000001,xml_geometry_csv_action
BootPass_81,266,16,16,Position_Unknown,Team_Unknown,Action_PreSnap,1407.78,0.0,1454.2,69.68,46.42000000000007,69.68,xml_geometry_csv_action
BootPass_81,266,4,4,Position_Unknown,Team_Unknown,Action_PreSnap,1608.57,0.0,1675.39,88.77,66.82000000000016,88.77,xml_geometry_csv_action
BootPass_81,266,6,6,Position_Unknown,Team_Unknown,Action_PreSnap,1469.07,849.56,1567.87,997.84,98.79999999999995,148.2800000000001,xml_geometry_csv_action
BootPass_81,266,8,8,Position_Unknown,Team_Unknown,Action_PreSnap,631.26,462.8,709.3,584.75,78.03999999999996,121.94999999999999,xml_geometry_csv_action
BootPass_81,266,9,9,Position_Unknown,Team_Unknown,Action_PreSnap,447.68,617.74,510.63,738.73,62.94999999999999,120.99000000000001,xml_geometry_csv_action
BootPass_81,267,0,0,Position_Unknown,Team_Unknown,Action_None,453.82,731.99,555.0,846.27,101.18,114.27999999999997,xml_geometry_csv_action
BootPass_81,267,1,1,Position_Unknown,Team_Unknown,Action_PreSnap,1203.34,376.95,1302.8,508.46,99.46000000000004,131.51,xml_geometry_csv_action
BootPass_81,267,15,15,Position_Unknown,Team_Unknown,Action_PreSnap,1314.08,330.45,1393.78,448.63,79.70000000000005,118.18,xml_geometry_csv_action
BootPass_81,267,4,4,Position_Unknown,Team_Unknown,Action_PreSnap,1639.12,0.0,1709.16,73.87,70.04000000000019,73.87,xml_geometry_csv_action
BootPass_81,267,6,6,Position_Unknown,Team_Unknown,Action_PreSnap,1492.73,847.43,1590.98,996.49,98.25,149.06000000000006,xml_geometry_csv_action
BootPass_81,267,8,8,Position_Unknown,Team_Unknown,Action_PreSnap,640.62,457.3,716.47,580.44,75.85000000000002,123.14000000000004,xml_geometry_csv_action
BootPass_81,267,9,9,Position_Unknown,Team_Unknown,Action_PreSnap,450.56,616.31,517.27,734.36,66.70999999999998,118.05000000000007,xml_geometry_csv_action
BootPass_81,268,0,0,Position_Unknown,Team_Unknown,Action_None,456.71,726.98,551.12,845.23,94.41000000000003,118.25,xml_geometry_csv_action
BootPass_81,268,1,1,Position_Unknown,Team_Unknown,Action_PreSnap,1222.13,366.09,1321.76,504.47,99.62999999999988,138.38000000000005,xml_geometry_csv_action
BootPass_81,268,15,15,Position_Unknown,Team_Unknown,Action_PreSnap,1338.44,320.41,1424.17,447.32,85.73000000000002,126.90999999999997,xml_geometry_csv_action
BootPass_81,268,6,6,Position_Unknown,Team_Unknown,Action_PreSnap,1513.48,844.99,1611.96,992.67,98.48000000000002,147.67999999999995,xml_geometry_csv_action
BootPass_81,268,8,8,Position_Unknown,Team_Unknown,Action_PreSnap,650.22,449.7,725.67,570.07,75.44999999999993,120.37000000000006,xml_geometry_csv_action
BootPass_81,268,9,9,Position_Unknown,Team_Unknown,Action_PreSnap,455.5,613.29,529.16,724.43,73.65999999999997,111.13999999999999,xml_geometry_csv_action
BootPass_81,269,0,0,Position_Unknown,Team_Unknown,Action_None,459.94,719.77,557.24,839.2,97.30000000000001,119.43000000000006,xml_geometry_csv_action
BootPass_81,269,1,1,Position_Unknown,Team_Unknown,Action_PreSnap,1241.73,354.34,1336.21,498.34,94.48000000000002,144.0,xml_geometry_csv_action
BootPass_81,269,15,15,Position_Unknown,Team_Unknown,Action_PreSnap,1367.09,309.43,1454.06,443.91,86.97000000000003,134.48000000000002,xml_geometry_csv_action
BootPass_81,269,6,6,Position_Unknown,Team_Unknown,Action_PreSnap,1536.33,842.1,1638.51,987.16,102.18000000000006,145.05999999999995,xml_geometry_csv_action
BootPass_81,269,8,8,Position_Unknown,Team_Unknown,Action_PreSnap,660.34,441.17,742.88,556.87,82.53999999999996,115.69999999999999,xml_geometry_csv_action
BootPass_81,269,9,9,Position_Unknown,Team_Unknown,Action_PreSnap,461.01,608.39,543.78,716.21,82.76999999999998,107.82000000000005,xml_geometry_csv_action
BootPass_81,270,0,0,Position_Unknown,Team_Unknown,Action_None,462.53,712.55,567.74,831.96,105.21000000000004,119.41000000000008,xml_geometry_csv_action
BootPass_81,270,1,1,Position_Unknown,Team_Unknown,Action_PreSnap,1263.22,345.03,1350.75,492.04,87.52999999999997,147.01000000000005,xml_geometry_csv_action
BootPass_81,270,15,15,Position_Unknown,Team_Unknown,Action_PreSnap,1395.81,299.45,1481.91,439.66,86.10000000000014,140.21000000000004,xml_geometry_csv_action
BootPass_81,270,35,30,Position_Unknown,Team_Unknown,Action_PreSnap,1715.91,861.33,1802.14,1009.5,86.23000000000002,148.16999999999996,xml_geometry_csv_action
BootPass_81,270,6,6,Position_Unknown,Team_Unknown,Action_PreSnap,1559.3,839.54,1669.72,983.87,110.42000000000007,144.33000000000004,xml_geometry_csv_action
BootPass_81,270,8,8,Position_Unknown,Team_Unknown,Action_PreSnap,670.15,433.74,762.27,548.69,92.12,114.95000000000005,xml_geometry_csv_action
BootPass_81,270,9,9,Position_Unknown,Team_Unknown,Action_PreSnap,465.72,604.11,556.15,711.09,90.42999999999995,106.98000000000002,xml_geometry_csv_action
BootPass_81,271,0,0,Position_Unknown,Team_Unknown,Action_None,466.37,709.35,580.35,824.7,113.98000000000002,115.35000000000002,xml_geometry_csv_action
BootPass_81,271,1,1,Position_Unknown,Team_Unknown,Action_PreSnap,1286.31,336.62,1367.82,483.85,81.50999999999999,147.23000000000002,xml_geometry_csv_action
BootPass_81,271,15,15,Position_Unknown,Team_Unknown,Action_PreSnap,1425.01,291.17,1510.46,434.93,85.45000000000005,143.76,xml_geometry_csv_action
BootPass_81,271,35,30,Position_Unknown,Team_Unknown,Action_PreSnap,1751.51,852.55,1840.53,1001.75,89.01999999999998,149.20000000000005,xml_geometry_csv_action
BootPass_81,271,6,6,Position_Unknown,Team_Unknown,Action_PreSnap,1587.54,835.09,1704.6,980.12,117.05999999999995,145.02999999999997,xml_geometry_csv_action
BootPass_81,271,8,8,Position_Unknown,Team_Unknown,Action_PreSnap,680.0,426.5,781.47,548.0,101.47000000000003,121.5,xml_geometry_csv_action
BootPass_81,271,9,9,Position_Unknown,Team_Unknown,Action_PreSnap,474.26,601.45,562.22,710.67,87.96000000000004,109.21999999999991,xml_geometry_csv_action
BootPass_81,272,0,0,Position_Unknown,Team_Unknown,Action_None,469.58,705.55,593.19,816.09,123.61000000000007,110.54000000000008,xml_geometry_csv_action
BootPass_81,272,1,1,Position_Unknown,Team_Unknown,Action_PreSnap,1309.43,327.01,1392.25,472.87,82.81999999999994,145.86,xml_geometry_csv_action
BootPass_81,272,15,15,Position_Unknown,Team_Unknown,Action_PreSnap,1454.31,282.83,1539.51,428.7,85.20000000000005,145.87,xml_geometry_csv_action
BootPass_81,272,35,30,Position_Unknown,Team_Unknown,Action_PreSnap,1795.72,844.62,1879.37,1000.2,83.64999999999986,155.58000000000004,xml_geometry_csv_action
BootPass_81,272,6,6,Position_Unknown,Team_Unknown,Action_PreSnap,1620.09,831.37,1740.46,976.8,120.37000000000012,145.42999999999995,xml_geometry_csv_action
BootPass_81,272,8,8,Position_Unknown,Team_Unknown,Action_PreSnap,691.82,418.4,794.03,547.55,102.20999999999992,129.14999999999998,xml_geometry_csv_action
BootPass_81,272,9,9,Position_Unknown,Team_Unknown,Action_PreSnap,483.46,599.61,567.72,712.37,84.26000000000005,112.75999999999999,xml_geometry_csv_action
BootPass_81,273,0,0,Position_Unknown,Team_Unknown,Action_None,474.8,704.82,606.95,824.97,132.15000000000003,120.14999999999998,xml_geometry_csv_action
BootPass_81,273,1,1,Position_Unknown,Team_Unknown,Action_PreSnap,1334.15,319.48,1425.26,464.57,91.1099999999999,145.08999999999997,xml_geometry_csv_action
BootPass_81,273,15,15,Position_Unknown,Team_Unknown,Action_PreSnap,1485.94,276.82,1573.02,421.31,87.07999999999993,144.49,xml_geometry_csv_action
BootPass_81,273,35,30,Position_Unknown,Team_Unknown,Action_PreSnap,1843.81,837.82,1918.1,1004.07,74.28999999999996,166.25,xml_geometry_csv_action
BootPass_81,273,6,6,Position_Unknown,Team_Unknown,Action_PreSnap,1652.9,828.23,1772.33,975.87,119.42999999999984,147.64,xml_geometry_csv_action
BootPass_81,273,8,8,Position_Unknown,Team_Unknown,Action_PreSnap,703.85,413.46,802.69,548.31,98.84000000000003,134.84999999999997,xml_geometry_csv_action
BootPass_81,273,9,9,Position_Unknown,Team_Unknown,Action_PreSnap,488.27,603.55,578.66,726.65,90.38999999999999,123.10000000000002,xml_geometry_csv_action
BootPass_81,274,0,0,Position_Unknown,Team_Unknown,Action_None,481.23,705.02,610.51,836.33,129.27999999999997,131.31000000000006,xml_geometry_csv_action
BootPass_81,274,1,1,Position_Unknown,Team_Unknown,Action_PreSnap,1360.82,311.8,1459.4,455.16,98.58000000000015,143.36,xml_geometry_csv_action
BootPass_81,274,15,15,Position_Unknown,Team_Unknown,Action_PreSnap,1520.57,270.78,1608.65,412.86,88.08000000000015,142.08000000000004,xml_geometry_csv_action
BootPass_81,274,35,30,Position_Unknown,Team_Unknown,Action_PreSnap,1891.22,834.34,1920.0,997.41,28.779999999999973,163.06999999999994,xml_geometry_csv_action
BootPass_81,274,6,6,Position_Unknown,Team_Unknown,Action_PreSnap,1688.97,828.34,1803.96,980.86,114.99000000000001,152.51999999999998,xml_geometry_csv_action
BootPass_81,274,8,8,Position_Unknown,Team_Unknown,Action_PreSnap,718.11,409.23,811.9,546.06,93.78999999999996,136.82999999999993,xml_geometry_csv_action
BootPass_81,274,9,9,Position_Unknown,Team_Unknown,Action_PreSnap,497.12,605.23,591.73,732.61,94.61000000000001,127.38,xml_geometry_csv_action
BootPass_81,275,0,0,Position_Unknown,Team_Unknown,Action_None,489.75,705.54,608.85,843.46,119.10000000000002,137.92000000000007,xml_geometry_csv_action
BootPass_81,275,1,1,Position_Unknown,Team_Unknown,Action_PreSnap,1389.35,305.13,1493.1,448.33,103.75,143.2,xml_geometry_csv_action
BootPass_81,275,15,15,Position_Unknown,Team_Unknown,Action_PreSnap,1558.91,263.62,1649.08,401.74,90.16999999999985,138.12,xml_geometry_csv_action
BootPass_81,275,6,6,Position_Unknown,Team_Unknown,Action_PreSnap,1729.97,830.09,1840.16,987.03,110.19000000000005,156.93999999999994,xml_geometry_csv_action
BootPass_81,275,8,8,Position_Unknown,Team_Unknown,Action_PreSnap,734.71,406.89,827.98,539.52,93.26999999999998,132.63,xml_geometry_csv_action
BootPass_81,275,9,9,Position_Unknown,Team_Unknown,Action_PreSnap,510.76,606.02,611.6,731.49,100.84000000000003,125.47000000000003,xml_geometry_csv_action
BootPass_81,276,0,0,Position_Unknown,Team_Unknown,Action_None,498.97,705.42,610.78,844.86,111.80999999999995,139.44000000000005,xml_geometry_csv_action
BootPass_81,276,1,1,Position_Unknown,Team_Unknown,Action_PreSnap,1419.96,298.62,1528.3,448.19,108.33999999999992,149.57,xml_geometry_csv_action
BootPass_81,276,15,15,Position_Unknown,Team_Unknown,Action_PreSnap,1599.03,256.02,1693.13,395.92,94.10000000000014,139.90000000000003,xml_geometry_csv_action
BootPass_81,276,6,6,Position_Unknown,Team_Unknown,Action_PreSnap,1771.67,831.95,1877.73,989.85,106.05999999999995,157.89999999999998,xml_geometry_csv_action
BootPass_81,276,8,8,Position_Unknown,Team_Unknown,Action_PreSnap,752.75,404.19,853.04,530.84,100.28999999999996,126.65000000000003,xml_geometry_csv_action
BootPass_81,276,9,9,Position_Unknown,Team_Unknown,Action_PreSnap,524.51,607.94,634.54,734.34,110.02999999999997,126.39999999999998,xml_geometry_csv_action
BootPass_81,277,0,0,Position_Unknown,Team_Unknown,Action_None,508.65,705.21,628.39,844.22,119.74000000000001,139.01,xml_geometry_csv_action
BootPass_81,277,1,1,Position_Unknown,Team_Unknown,Action_PreSnap,1452.16,293.05,1557.88,448.63,105.72000000000003,155.57999999999998,xml_geometry_csv_action
BootPass_81,277,15,15,Position_Unknown,Team_Unknown,Action_PreSnap,1639.93,248.27,1738.68,398.42,98.75,150.15,xml_geometry_csv_action
BootPass_81,277,6,6,Position_Unknown,Team_Unknown,Action_PreSnap,1810.08,834.76,1912.58,996.62,102.5,161.86,xml_geometry_csv_action
BootPass_81,277,8,8,Position_Unknown,Team_Unknown,Action_PreSnap,771.41,401.13,881.07,531.49,109.66000000000008,130.36,xml_geometry_csv_action
BootPass_81,277,9,9,Position_Unknown,Team_Unknown,Action_PreSnap,536.46,611.93,658.65,738.14,122.18999999999994,126.21000000000004,xml_geometry_csv_action
BootPass_81,278,0,0,Position_Unknown,Team_Unknown,Action_None,518.97,705.02,654.39,841.88,135.41999999999996,136.86,xml_geometry_csv_action
BootPass_81,278,1,1,Position_Unknown,Team_Unknown,Action_PreSnap,1487.06,288.17,1599.0,450.11,111.94000000000005,161.94,xml_geometry_csv_action
BootPass_81,278,15,15,Position_Unknown,Team_Unknown,Action_PreSnap,1684.88,241.45,1786.5,402.04,101.61999999999989,160.59000000000003,xml_geometry_csv_action
BootPass_81,278,6,6,Position_Unknown,Team_Unknown,Action_PreSnap,1847.18,836.97,1920.0,1007.31,72.81999999999994,170.33999999999992,xml_geometry_csv_action
BootPass_81,278,8,8,Position_Unknown,Team_Unknown,Action_PreSnap,792.86,398.19,913.38,538.58,120.51999999999998,140.39000000000004,xml_geometry_csv_action
BootPass_81,278,9,9,Position_Unknown,Team_Unknown,Action_PreSnap,552.86,617.3,678.09,744.92,125.23000000000002,127.62,xml_geometry_csv_action
BootPass_81,279,0,0,Position_Unknown,Team_Unknown,Action_None,530.88,704.34,682.98,845.08,152.10000000000002,140.74,xml_geometry_csv_action
BootPass_81,279,1,1,Position_Unknown,Team_Unknown,Action_PreSnap,1526.15,284.66,1633.64,453.12,107.49000000000001,168.45999999999998,xml_geometry_csv_action
BootPass_81,279,15,15,Position_Unknown,Team_Unknown,Action_PreSnap,1733.02,240.04,1832.16,404.89,99.1400000000001,164.85,xml_geometry_csv_action
BootPass_81,279,6,6,Position_Unknown,Team_Unknown,Action_PreSnap,1888.11,838.4,1920.0,1013.83,31.8900000000001,175.43000000000006,xml_geometry_csv_action
BootPass_81,279,8,8,Position_Unknown,Team_Unknown,Action_PreSnap,817.33,395.89,935.63,546.05,118.29999999999995,150.15999999999997,xml_geometry_csv_action
BootPass_81,279,9,9,Position_Unknown,Team_Unknown,Action_PreSnap,572.19,624.46,691.31,757.79,119.11999999999989,133.32999999999993,xml_geometry_csv_action
BootPass_81,280,0,0,Position_Unknown,Team_Unknown,Action_None,545.76,705.02,709.38,851.61,163.62,146.59000000000003,xml_geometry_csv_action
BootPass_81,280,1,1,Position_Unknown,Team_Unknown,Action_PreSnap,1568.29,282.12,1666.01,451.85,97.72000000000003,169.73000000000002,xml_geometry_csv_action
BootPass_81,280,15,15,Position_Unknown,Team_Unknown,Action_PreSnap,1784.26,240.06,1878.52,406.49,94.25999999999999,166.43,xml_geometry_csv_action
BootPass_81,280,8,8,Position_Unknown,Team_Unknown,Action_PreSnap,842.7,394.26,953.72,550.7,111.01999999999998,156.44000000000005,xml_geometry_csv_action
BootPass_81,280,9,9,Position_Unknown,Team_Unknown,Action_PreSnap,591.0,633.15,707.92,776.82,116.91999999999996,143.67000000000007,xml_geometry_csv_action
BootPass_81,281,0,0,Position_Unknown,Team_Unknown,Action_None,564.81,707.15,727.09,861.75,162.2800000000001,154.60000000000002,xml_geometry_csv_action
BootPass_81,281,1,1,Position_Unknown,Team_Unknown,Action_PreSnap,1611.32,280.19,1698.85,448.72,87.52999999999997,168.53000000000003,xml_geometry_csv_action
BootPass_81,281,15,15,Position_Unknown,Team_Unknown,Action_PreSnap,1837.81,240.56,1920.0,409.57,82.19000000000005,169.01,xml_geometry_csv_action
BootPass_81,281,8,8,Position_Unknown,Team_Unknown,Action_PreSnap,868.65,393.98,973.32,552.85,104.67000000000007,158.87,xml_geometry_csv_action
BootPass_81,281,9,9,Position_Unknown,Team_Unknown,Action_PreSnap,612.73,642.11,733.49,791.97,120.75999999999999,149.86,xml_geometry_csv_action
BootPass_81,282,0,0,Position_Unknown,Team_Unknown,Action_None,584.47,710.22,727.92,870.59,143.44999999999993,160.37,xml_geometry_csv_action
BootPass_81,282,1,1,Position_Unknown,Team_Unknown,Action_PreSnap,1651.91,276.6,1747.42,445.38,95.50999999999999,168.77999999999997,xml_geometry_csv_action
BootPass_81,282,15,15,Position_Unknown,Team_Unknown,Action_PreSnap,1890.88,242.91,1920.0,415.33,29.11999999999989,172.42,xml_geometry_csv_action
BootPass_81,282,8,8,Position_Unknown,Team_Unknown,Action_PreSnap,894.67,393.74,1005.21,552.67,110.54000000000008,158.92999999999995,xml_geometry_csv_action
BootPass_81,282,9,9,Position_Unknown,Team_Unknown,Action_PreSnap,630.54,652.59,767.4,799.34,136.86,146.75,xml_geometry_csv_action
BootPass_81,283,0,0,Position_Unknown,Team_Unknown,Action_None,603.67,713.17,736.29,876.89,132.62,163.72000000000003,xml_geometry_csv_action
BootPass_81,283,1,1,Position_Unknown,Team_Unknown,Action_PreSnap,1690.2,272.77,1801.96,442.37,111.75999999999999,169.60000000000002,xml_geometry_csv_action
BootPass_81,283,8,8,Position_Unknown,Team_Unknown,Action_PreSnap,916.99,392.94,1041.18,550.35,124.19000000000005,157.41000000000003,xml_geometry_csv_action
BootPass_81,283,9,9,Position_Unknown,Team_Unknown,Action_PreSnap,644.53,663.46,800.3,806.62,155.76999999999998,143.15999999999997,xml_geometry_csv_action
BootPass_81,284,0,0,Position_Unknown,Team_Unknown,Action_None,619.49,716.84,746.58,879.98,127.09000000000003,163.14,xml_geometry_csv_action
BootPass_81,284,1,1,Position_Unknown,Team_Unknown,Action_PreSnap,1728.61,268.84,1856.61,441.61,128.0,172.77000000000004,xml_geometry_csv_action
BootPass_81,284,8,8,Position_Unknown,Team_Unknown,Action_PreSnap,937.78,392.96,1077.33,554.98,139.54999999999995,162.02000000000004,xml_geometry_csv_action
BootPass_81,284,9,9,Position_Unknown,Team_Unknown,Action_PreSnap,657.15,676.01,831.53,803.86,174.38,127.85000000000002,xml_geometry_csv_action
BootPass_81,285,0,0,Position_Unknown,Team_Unknown,Action_None,632.97,720.01,764.31,882.11,131.33999999999992,162.10000000000002,xml_geometry_csv_action
BootPass_81,285,1,1,Position_Unknown,Team_Unknown,Action_PreSnap,1770.04,266.19,1908.38,443.32,138.34000000000015,177.13,xml_geometry_csv_action
BootPass_81,285,8,8,Position_Unknown,Team_Unknown,Action_PreSnap,960.05,393.28,1104.18,562.38,144.1300000000001,169.10000000000002,xml_geometry_csv_action
BootPass_81,285,9,9,Position_Unknown,Team_Unknown,Action_PreSnap,673.11,690.23,848.23,803.48,175.12,113.25,xml_geometry_csv_action
BootPass_81,286,0,0,Position_Unknown,Team_Unknown,Action_None,641.45,721.24,789.4,885.61,147.94999999999993,164.37,xml_geometry_csv_action
BootPass_81,286,1,1,Position_Unknown,Team_Unknown,Action_PreSnap,1803.19,264.61,1920.0,451.6,116.80999999999995,186.99,xml_geometry_csv_action
BootPass_81,286,8,8,Position_Unknown,Team_Unknown,Action_PreSnap,978.1,395.07,1119.49,573.18,141.39,178.10999999999996,xml_geometry_csv_action
BootPass_81,286,9,9,Position_Unknown,Team_Unknown,Action_PreSnap,687.63,703.97,865.1,817.31,177.47000000000003,113.33999999999992,xml_geometry_csv_action
BootPass_81,287,0,0,Position_Unknown,Team_Unknown,Action_None,649.86,722.72,819.24,891.34,169.38,168.62,xml_geometry_csv_action
BootPass_81,287,1,1,Position_Unknown,Team_Unknown,Action_PreSnap,1835.26,263.95,1920.0,456.38,84.74000000000001,192.43,xml_geometry_csv_action
BootPass_81,287,8,8,Position_Unknown,Team_Unknown,Action_PreSnap,995.82,396.86,1127.61,577.27,131.78999999999985,180.40999999999997,xml_geometry_csv_action
BootPass_81,287,9,9,Position_Unknown,Team_Unknown,Action_PreSnap,703.39,715.94,878.89,836.21,175.5,120.26999999999998,xml_geometry_csv_action
BootPass_81,288,0,0,Position_Unknown,Team_Unknown,Action_None,660.34,725.1,830.88,899.48,170.53999999999996,174.38,xml_geometry_csv_action
BootPass_81,288,1,1,Position_Unknown,Team_Unknown,Action_PreSnap,1870.83,265.22,1920.0,462.9,49.17000000000007,197.67999999999995,xml_geometry_csv_action
BootPass_81,288,8,8,Position_Unknown,Team_Unknown,Action_PreSnap,1014.03,400.14,1145.13,578.26,131.10000000000014,178.12,xml_geometry_csv_action
BootPass_81,288,9,9,Position_Unknown,Team_Unknown,Action_PreSnap,715.15,725.33,887.5,855.58,172.35000000000002,130.25,xml_geometry_csv_action
BootPass_81,289,0,0,Position_Unknown,Team_Unknown,Action_None,674.06,729.53,874.15,905.83,200.09000000000003,176.30000000000007,xml_geometry_csv_action
BootPass_81,289,8,8,Position_Unknown,Team_Unknown,Action_PreSnap,1031.06,402.81,1157.94,576.52,126.88000000000011,173.70999999999998,xml_geometry_csv_action
BootPass_81,290,0,0,Position_Unknown,Team_Unknown,Action_None,678.73,729.69,823.87,913.19,145.14,183.5,xml_geometry_csv_action
BootPass_81,290,8,8,Position_Unknown,Team_Unknown,Action_PreSnap,1045.8,404.7,1183.71,579.84,137.91000000000008,175.14000000000004,xml_geometry_csv_action
BootPass_81,290,9,9,Position_Unknown,Team_Unknown,Action_PreSnap,737.16,743.14,907.79,896.06,170.63,152.91999999999996,xml_geometry_csv_action
BootPass_81,291,0,0,Position_Unknown,Team_Unknown,Action_None,667.55,730.23,803.83,916.78,136.2800000000001,186.54999999999995,xml_geometry_csv_action
BootPass_81,291,8,8,Position_Unknown,Team_Unknown,Action_PreSnap,1059.44,407.94,1205.01,589.65,145.56999999999994,181.70999999999998,xml_geometry_csv_action
BootPass_81,291,9,9,Position_Unknown,Team_Unknown,Action_PreSnap,740.61,751.11,916.18,912.65,175.56999999999994,161.53999999999996,xml_geometry_csv_action
BootPass_81,292,0,0,Position_Unknown,Team_Unknown,Action_None,667.84,731.17,818.2,921.38,150.36,190.21000000000004,xml_geometry_csv_action
BootPass_81,292,8,8,Position_Unknown,Team_Unknown,Action_PreSnap,1073.76,410.54,1224.89,601.73,151.1300000000001,191.19,xml_geometry_csv_action
BootPass_81,292,9,9,Position_Unknown,Team_Unknown,Action_PreSnap,750.82,757.68,928.59,927.3,177.76999999999998,169.62,xml_geometry_csv_action
BootPass_81,293,0,0,Position_Unknown,Team_Unknown,Action_None,673.99,733.33,835.16,924.75,161.16999999999996,191.41999999999996,xml_geometry_csv_action
BootPass_81,293,8,8,Position_Unknown,Team_Unknown,Action_PreSnap,1087.37,414.24,1236.36,613.2,148.99,198.96000000000004,xml_geometry_csv_action
BootPass_81,293,9,9,Position_Unknown,Team_Unknown,Action_PreSnap,758.3,766.72,937.32,938.94,179.0200000000001,172.22000000000003,xml_geometry_csv_action
BootPass_81,294,0,0,Position_Unknown,Team_Unknown,Action_None,684.49,736.03,828.75,922.61,144.26,186.58000000000004,xml_geometry_csv_action
BootPass_81,294,8,8,Position_Unknown,Team_Unknown,Action_PreSnap,1103.06,418.46,1235.18,619.4,132.12000000000012,200.94,xml_geometry_csv_action
BootPass_81,294,9,9,Position_Unknown,Team_Unknown,Action_PreSnap,763.82,775.77,951.59,947.91,187.76999999999998,172.14,xml_geometry_csv_action
BootPass_81,295,0,0,Position_Unknown,Team_Unknown,Action_None,695.41,741.18,831.73,926.57,136.32000000000005,185.3900000000001,xml_geometry_csv_action
BootPass_81,295,8,8,Position_Unknown,Team_Unknown,Action_PreSnap,1116.07,422.14,1238.12,622.02,122.04999999999995,199.88,xml_geometry_csv_action
BootPass_81,295,9,9,Position_Unknown,Team_Unknown,Action_PreSnap,772.91,780.31,968.25,951.96,195.34000000000003,171.6500000000001,xml_geometry_csv_action
BootPass_81,296,0,0,Position_Unknown,Team_Unknown,Action_None,703.72,747.42,827.62,929.81,123.89999999999998,182.39,xml_geometry_csv_action
BootPass_81,296,8,8,Position_Unknown,Team_Unknown,Action_PreSnap,1128.48,424.11,1265.38,622.76,136.9000000000001,198.64999999999998,xml_geometry_csv_action
BootPass_81,296,9,9,Position_Unknown,Team_Unknown,Action_PreSnap,781.9,789.64,981.37,957.35,199.47000000000003,167.71000000000004,xml_geometry_csv_action
BootPass_81,297,0,0,Position_Unknown,Team_Unknown,Action_None,711.93,755.46,833.44,932.34,121.5100000000001,176.88,xml_geometry_csv_action
BootPass_81,297,8,8,Position_Unknown,Team_Unknown,Action_PreSnap,1142.31,425.3,1294.86,623.4,152.54999999999995,198.09999999999997,xml_geometry_csv_action
BootPass_81,297,9,9,Position_Unknown,Team_Unknown,Action_PreSnap,787.13,797.69,999.49,963.53,212.36,165.83999999999992,xml_geometry_csv_action
BootPass_81,298,0,0,Position_Unknown,Team_Unknown,Action_None,717.93,763.47,843.19,932.17,125.2600000000001,168.69999999999993,xml_geometry_csv_action
BootPass_81,298,8,8,Position_Unknown,Team_Unknown,Action_PreSnap,1154.35,427.16,1318.72,625.93,164.37000000000012,198.76999999999992,xml_geometry_csv_action
BootPass_81,298,9,9,Position_Unknown,Team_Unknown,Action_PreSnap,791.06,808.95,1011.75,977.32,220.69000000000005,168.37,xml_geometry_csv_action
BootPass_81,299,0,0,Position_Unknown,Team_Unknown,Action_None,720.96,773.29,847.73,934.1,126.76999999999998,160.81000000000006,xml_geometry_csv_action
BootPass_81,299,8,8,Position_Unknown,Team_Unknown,Action_PreSnap,1160.43,429.34,1331.32,636.5,170.88999999999987,207.16000000000003,xml_geometry_csv_action
BootPass_81,299,9,9,Position_Unknown,Team_Unknown,Action_PreSnap,795.23,819.46,1022.22,1000.13,226.99,180.66999999999996,xml_geometry_csv_action
