1,0,3.54,539.03,129.43,221.49,1,1,0.90843
1,1,140.72,739.59,125.86,238.03,1,1,0.90253
1,2,1490.55,767.09,120.09,220.87,1,1,0.89742
1,3,318.66,471.46,124.03,194.07,1,1,0.89051
1,4,1453.04,569.52,91.65,193.47,1,1,0.88502
1,5,1065.31,631.21,134.65,191.47,1,1,0.8807
1,6,1265.08,479.65,124.17,158.16,1,1,0.88033
1,7,989.13,559.48,113.39,137.74,1,1,0.87095
1,8,659.69,559.26,113.5,133.95,1,1,0.86379
1,9,1786.96,499.23,75.01,204.9,1,1,0.86205
1,10,595.65,662.94,134.33,168.58,1,1,0.85901
1,11,472.27,559.35,118.49,139.68,1,1,0.85772
1,12,804.08,357.85,93.42,225.7,1,1,0.85547
1,13,1156.94,600.44,103.3,153.66,1,1,0.85464
1,14,826.02,573.45,117.42,130.51,1,1,0.85443
1,15,1157.72,545.86,117.79,140.98,1,1,0.83969
1,16,851.51,610.27,99.43,150.95,1,1,0.82809
1,17,557.6,606.35,123.49,147.94,1,1,0.8051
2,0,6.9,541.91,131.73,218.84,1,1,0.90223
2,1,138.07,741.21,127.2,237.06,1,1,0.90348
2,2,1490.94,768.13,120.5,220.56,1,1,0.89796
2,3,317.72,474.74,125.28,190.66,1,1,0.89307
2,4,1452.73,570.05,92.22,194.14,1,1,0.88551
2,5,1065.16,631.99,134.88,191.73,1,1,0.88161
2,6,1265.33,480.35,123.81,158.02,1,1,0.87751
2,7,989.21,560.14,113.29,138.35,1,1,0.87184
2,8,659.29,559.92,113.91,133.78,1,1,0.86742
2,9,1786.85,500.43,75.51,204.35,1,1,0.86371
2,10,595.67,663.49,134.28,168.86,1,1,0.86463
2,11,472.21,559.49,118.8,140.11,1,1,0.85876
2,12,803.11,357.94,94.47,226.49,1,1,0.85953
2,13,1157.27,601.51,102.93,153.31,1,1,0.85346
2,14,825.94,574.18,117.91,130.27,1,1,0.85524
2,15,1157.89,546.85,117.59,141.42,1,1,0.83942
2,16,851.8,611.44,98.59,150.3,1,1,0.83099
2,17,557.49,606.11,118.99,148.79,1,1,0.80775
3,0,12.75,543.92,132.38,217.36,1,1,0.89479
3,1,136.05,741.84,128.47,236.56,1,1,0.90311
3,2,1492.48,768.28,120.05,220.86,1,1,0.9
3,3,316.39,477.13,127.38,187.71,1,1,0.89347
3,4,1453.41,570.42,92.29,194.37,1,1,0.88575
3,5,1066.15,632.47,134.44,191.39,1,1,0.87982
3,6,1265.89,480.5,123.75,157.91,1,1,0.87692
3,7,989.92,560.1,113.6,139.03,1,1,0.87159
3,8,660.43,560.09,113.25,133.82,1,1,0.86947
3,9,1787.42,501.02,75.22,203.63,1,1,0.86433
3,10,596.64,662.54,133.73,169.9,1,1,0.86339
3,11,473.48,559.61,117.87,140.03,1,1,0.85655
3,12,803.44,358.46,94.53,226.37,1,1,0.86078
3,13,1158.09,601.5,102.62,153.29,1,1,0.85118
3,14,826.54,574.44,117.42,130.08,1,1,0.85608
3,15,1158.4,547.06,117.48,140.83,1,1,0.83765
3,16,853.17,611.81,97.52,149.75,1,1,0.82749
3,17,557.71,605.3,114.81,150.22,1,1,0.80922
4,0,16.57,546.36,134.85,215.38,1,1,0.89503
4,1,132.51,743.1,129.4,235.91,1,1,0.90284
4,2,1493.25,768.55,119.61,221.33,1,1,0.89979
4,3,313.7,479.57,130.07,185.04,1,1,0.89431
4,4,1453.08,570.38,92.52,194.73,1,1,0.88567
4,5,1066.23,632.93,134.45,190.87,1,1,0.87972
4,6,1266.15,480.6,123.6,157.88,1,1,0.87705
4,7,989.89,560.24,113.94,138.99,1,1,0.87315
4,8,659.9,560.09,113.73,133.9,1,1,0.8701
4,9,1787.38,501.24,75.34,203.7,1,1,0.86406
4,10,596.78,662.28,133.34,170.12,1,1,0.86452
4,11,473.45,559.5,117.78,140.34,1,1,0.86012
4,12,803.17,358.56,95.0,226.46,1,1,0.86074
4,13,1158.41,601.85,102.48,152.91,1,1,0.85103
4,14,826.72,574.43,117.23,130.2,1,1,0.85655
4,15,1158.66,547.05,117.15,141.18,1,1,0.83954
4,16,853.1,612.08,97.53,149.49,1,1,0.83019
4,17,557.05,604.35,114.18,151.39,1,1,0.81472
5,0,19.99,548.11,137.99,213.68,1,1,0.89816
5,1,129.54,744.44,130.85,234.91,1,1,0.90329
5,2,1494.77,769.19,119.26,221.08,1,1,0.90048
5,3,311.86,481.61,132.3,182.89,1,1,0.89567
5,4,1453.59,570.28,92.48,195.3,1,1,0.88668
5,5,1066.77,633.6,134.06,190.08,1,1,0.88174
5,6,1266.59,480.64,123.5,157.76,1,1,0.87931
5,7,990.1,560.1,113.75,139.72,1,1,0.87337
5,8,660.19,559.94,113.78,134.08,1,1,0.87173
5,9,1787.87,501.2,75.37,203.83,1,1,0.8662
5,10,597.13,661.56,133.29,170.98,1,1,0.868
5,11,473.98,559.4,117.6,140.67,1,1,0.86159
5,12,803.93,358.75,94.51,226.23,1,1,0.86154
5,13,1158.87,601.95,102.55,152.94,1,1,0.85324
5,14,827.05,574.49,116.97,130.56,1,1,0.85694
5,15,1159.07,547.33,117.13,140.83,1,1,0.84389
5,16,853.71,611.21,97.28,150.29,1,1,0.82886
5,17,557.23,603.16,112.66,152.53,1,1,0.81921
6,0,22.02,551.05,140.9,211.17,1,1,0.89769
6,1,125.81,746.85,132.88,234.14,1,1,0.9034
6,2,1495.39,770.38,119.96,221.42,1,1,0.89962
6,3,310.06,484.39,134.69,181.09,1,1,0.89747
6,4,1453.75,570.92,92.58,195.7,1,1,0.88615
6,5,1066.86,635.1,133.9,189.07,1,1,0.88033
6,6,1266.97,480.93,123.48,158.08,1,1,0.87747
6,7,990.15,560.46,113.95,140.55,1,1,0.8739
6,8,660.26,560.34,114.07,134.7,1,1,0.86943
6,9,1787.79,501.32,75.76,204.28,1,1,0.86427
6,10,597.24,662.4,133.47,170.92,1,1,0.86898
6,11,473.96,559.78,117.59,140.77,1,1,0.85922
6,12,803.77,359.27,94.91,226.26,1,1,0.86271
6,13,1158.68,602.48,102.78,153.28,1,1,0.85402
6,14,827.18,575.13,116.99,130.99,1,1,0.85706
6,15,1159.2,547.8,117.21,140.77,1,1,0.8435
6,16,854.23,611.04,96.75,150.96,1,1,0.8301
6,17,556.81,602.81,113.98,153.43,1,1,0.82148
7,0,23.87,553.95,141.2,208.12,1,1,0.89706
7,1,123.79,749.03,133.09,233.57,1,1,0.90388
7,2,1496.66,771.53,119.0,220.91,1,1,0.90039
7,3,308.22,487.33,136.74,179.34,1,1,0.89872
7,4,1453.69,572.14,92.62,195.82,1,1,0.88716
7,5,1066.92,637.08,133.82,187.9,1,1,0.87995
7,6,1267.4,482.23,123.03,157.67,1,1,0.87681
7,7,989.86,561.9,114.08,139.88,1,1,0.87594
7,8,660.31,561.45,114.06,134.86,1,1,0.87166
7,9,1787.77,502.65,76.18,204.28,1,1,0.85969
7,10,597.15,662.87,133.76,171.16,1,1,0.87124
7,11,474.21,560.69,116.99,140.72,1,1,0.86023
7,12,804.53,360.89,93.75,225.41,1,1,0.86026
7,13,1158.16,603.79,103.27,152.9,1,1,0.85514
7,14,827.3,576.11,116.67,131.05,1,1,0.85556
7,15,1159.49,548.46,116.73,141.44,1,1,0.84474
7,16,854.29,611.33,97.08,151.14,1,1,0.82908
7,17,556.4,603.5,113.02,153.84,1,1,0.82667
8,0,25.85,554.27,141.49,205.88,1,1,0.89714
8,1,123.3,749.97,131.97,232.27,1,1,0.9026
8,2,1498.36,770.33,118.46,221.34,1,1,0.90259
8,3,307.39,488.44,138.05,177.37,1,1,0.89788
8,4,1454.23,570.92,92.75,196.34,1,1,0.88763
8,5,1067.24,637.17,133.75,186.67,1,1,0.87912
8,6,1267.53,481.08,123.02,157.97,1,1,0.87779
8,7,990.67,560.67,113.78,140.51,1,1,0.87451
8,8,661.02,560.2,113.77,134.67,1,1,0.87179
8,9,1788.4,501.75,76.11,204.02,1,1,0.86294
8,10,597.76,662.04,133.56,171.07,1,1,0.86963
8,11,474.51,559.78,116.93,140.69,1,1,0.8588
8,12,805.14,359.99,93.46,225.41,1,1,0.86072
8,13,1158.9,602.78,103.23,152.74,1,1,0.8538
8,14,827.87,574.99,116.84,131.47,1,1,0.85909
8,15,1159.86,547.67,116.93,140.74,1,1,0.84243
8,16,855.71,611.18,96.32,150.4,1,1,0.82967
8,17,557.44,602.2,112.07,153.81,1,1,0.82308
9,0,27.08,555.84,141.11,204.27,1,1,0.89997
9,1,122.06,752.82,132.18,230.76,1,1,0.90439
9,2,1499.18,771.23,118.39,221.41,1,1,0.90313
9,3,306.26,491.72,138.85,175.31,1,1,0.89911
9,4,1454.1,571.66,92.72,196.65,1,1,0.8885
9,5,1066.94,639.07,133.79,185.58,1,1,0.88015
9,6,1267.55,482.01,122.79,157.48,1,1,0.87833
9,7,990.46,561.57,113.91,140.31,1,1,0.87573
9,8,660.53,560.57,114.06,135.44,1,1,0.87272
9,9,1788.42,502.39,76.08,204.21,1,1,0.86347
9,10,597.61,662.83,133.72,171.05,1,1,0.87275
9,11,474.38,560.41,116.99,141.14,1,1,0.85981
9,12,805.38,360.69,92.66,225.42,1,1,0.86118
9,13,1158.04,603.92,103.87,152.67,1,1,0.85579
9,14,827.73,575.64,116.62,131.81,1,1,0.8611
9,15,1159.86,548.47,116.43,140.53,1,1,0.84408
9,16,855.22,611.28,96.64,151.02,1,1,0.83397
9,17,556.82,602.72,111.08,154.31,1,1,0.83151
10,0,28.87,556.82,140.72,203.01,1,1,0.89757
10,1,121.18,754.62,132.2,229.46,1,1,0.90407
10,2,1500.36,771.62,118.63,221.07,1,1,0.90198
10,3,306.38,494.71,139.05,172.94,1,1,0.89735
10,4,1454.23,572.25,93.0,196.56,1,1,0.88869
10,5,1067.07,640.8,134.19,183.96,1,1,0.88057
10,6,1268.09,482.37,122.88,157.28,1,1,0.87653
10,7,990.91,561.85,113.68,140.07,1,1,0.87541
10,8,660.88,560.98,113.93,135.37,1,1,0.87174
10,9,1789.03,502.84,76.04,204.31,1,1,0.86159
10,10,597.86,662.81,133.98,171.35,1,1,0.87046
10,11,474.51,560.77,117.17,141.11,1,1,0.85856
10,12,806.66,362.28,91.37,223.94,1,1,0.85776
10,13,1157.94,604.45,104.41,152.62,1,1,0.8558
10,14,828.44,575.74,116.18,131.64,1,1,0.86021
10,15,1160.44,549.18,116.42,140.14,1,1,0.84197
10,16,855.42,611.89,97.06,150.64,1,1,0.83302
10,17,557.55,602.86,110.77,154.5,1,1,0.8276
11,0,31.33,556.36,140.79,202.63,1,1,0.8995
11,1,120.25,755.14,130.95,228.06,1,1,0.90487
11,2,1500.69,770.99,119.84,221.02,1,1,0.90403
11,3,306.17,496.23,139.27,171.07,1,1,0.89807
11,4,1454.24,571.68,93.16,196.51,1,1,0.89022
11,5,1067.54,641.66,133.95,182.57,1,1,0.88078
11,6,1268.42,482.08,123.43,157.17,1,1,0.87692
11,7,991.34,561.42,113.71,139.96,1,1,0.87703
11,8,661.45,560.4,113.5,135.06,1,1,0.87283
11,9,1789.74,502.53,75.62,203.96,1,1,0.86409
11,10,597.92,662.27,133.89,171.26,1,1,0.87008
11,11,474.39,560.07,117.56,141.33,1,1,0.85915
11,12,807.44,362.23,90.62,223.26,1,1,0.85865
11,13,1157.93,603.74,104.67,152.79,1,1,0.8562
11,14,828.71,575.23,116.2,131.75,1,1,0.86391
11,15,1160.6,548.52,116.03,140.22,1,1,0.84537
11,16,856.12,612.24,96.88,149.96,1,1,0.83625
11,17,558.21,602.44,110.8,154.08,1,1,0.82898
12,0,34.46,556.47,140.18,202.3,1,1,0.89944
12,1,117.72,755.61,130.13,227.37,1,1,0.90455
12,2,1500.72,770.52,120.93,221.34,1,1,0.90392
12,3,305.55,498.51,139.56,168.5,1,1,0.897
12,4,1453.73,571.54,93.45,196.62,1,1,0.89074
12,5,1067.15,642.97,133.89,181.07,1,1,0.8818
12,6,1267.99,481.91,123.6,157.09,1,1,0.87862
12,7,990.93,560.99,113.98,140.18,1,1,0.87668
12,8,661.22,560.07,113.46,135.1,1,1,0.87274
12,9,1789.39,502.51,75.73,203.7,1,1,0.864
12,10,597.3,662.2,134.26,171.28,1,1,0.86977
12,11,474.01,560.04,117.71,140.89,1,1,0.86037
12,12,807.27,362.69,90.47,222.78,1,1,0.86006
12,13,1157.25,603.53,104.96,152.63,1,1,0.85736
12,14,828.3,575.0,115.97,131.86,1,1,0.86399
12,15,1160.02,548.28,116.13,139.71,1,1,0.84657
12,16,855.75,611.55,96.98,150.42,1,1,0.83507
12,17,557.8,602.31,112.04,153.75,1,1,0.82728
13,0,38.13,556.26,138.53,202.77,1,1,0.90199
13,1,114.52,755.62,130.33,227.05,1,1,0.90571
13,2,1500.62,769.64,121.95,221.82,1,1,0.90459
13,3,305.08,500.02,139.57,166.68,1,1,0.89827
13,4,1453.62,571.37,93.24,196.62,1,1,0.89221
13,5,1066.79,643.8,133.56,179.83,1,1,0.88276
13,6,1267.31,481.54,123.44,157.15,1,1,0.88093
13,7,990.32,560.48,113.88,140.51,1,1,0.87876
13,8,660.66,559.96,113.62,134.85,1,1,0.8754
13,9,1788.94,502.2,75.73,203.76,1,1,0.86644
13,10,597.05,662.15,133.99,171.16,1,1,0.87187
13,11,473.73,559.97,117.63,140.39,1,1,0.86108
13,12,806.31,362.01,91.12,223.43,1,1,0.86261
13,13,1156.68,603.66,104.76,152.01,1,1,0.85743
13,14,827.72,574.69,115.95,131.6,1,1,0.86575
13,15,1159.35,548.21,116.43,138.7,1,1,0.84657
13,16,855.37,610.74,96.81,150.78,1,1,0.8354
13,17,557.34,602.37,112.76,153.36,1,1,0.82643
14,0,42.93,555.5,135.59,203.14,1,1,0.90202
14,1,110.77,755.28,130.33,226.52,1,1,0.90441
14,2,1500.5,768.85,123.64,222.07,1,1,0.90621
14,3,304.81,501.07,139.47,164.83,1,1,0.8975
14,4,1453.17,570.87,93.46,196.85,1,1,0.89249
14,5,1066.33,644.21,133.7,179.06,1,1,0.88364
14,6,1266.65,480.92,123.48,157.37,1,1,0.8811
14,7,990.04,559.67,113.78,140.65,1,1,0.87786
14,8,660.45,559.53,113.56,134.69,1,1,0.87489
14,9,1788.51,501.23,75.88,204.54,1,1,0.86551
14,10,596.81,661.87,133.95,170.94,1,1,0.87137
14,11,473.59,559.4,117.87,140.41,1,1,0.86103
14,12,804.61,360.65,92.58,224.57,1,1,0.86185
14,13,1156.21,603.33,105.17,152.02,1,1,0.85833
14,14,827.39,574.1,116.26,131.48,1,1,0.86314
14,15,1159.14,547.8,116.61,138.42,1,1,0.84546
14,16,854.72,609.46,97.22,151.92,1,1,0.83101
14,17,557.29,601.99,114.49,153.18,1,1,0.82194
15,0,47.22,554.62,133.64,203.34,1,1,0.90279
15,1,107.53,754.57,128.84,226.35,1,1,0.90487
15,2,1501.31,768.36,124.58,221.43,1,1,0.90552
15,3,305.31,502.58,138.81,162.41,1,1,0.89813
15,4,1453.36,570.47,93.61,197.02,1,1,0.89346
15,5,1066.83,644.71,133.45,177.95,1,1,0.88356
15,6,1266.41,480.54,124.19,157.66,1,1,0.8829
15,7,990.25,558.91,113.54,140.92,1,1,0.87799
15,8,660.8,559.09,113.27,134.72,1,1,0.87442
15,9,1788.52,500.67,75.87,204.44,1,1,0.86588
15,10,596.94,661.57,133.73,170.68,1,1,0.87092
15,11,473.94,558.92,117.76,140.4,1,1,0.86144
15,12,804.88,360.39,92.26,224.42,1,1,0.86217
15,13,1156.04,602.69,105.65,152.15,1,1,0.8585
15,14,827.45,573.66,116.13,131.61,1,1,0.85963
15,15,1158.97,547.26,116.52,137.71,1,1,0.84358
15,16,854.69,607.78,97.47,153.23,1,1,0.82561
15,17,557.67,601.72,114.21,153.05,1,1,0.82114
16,0,50.61,553.91,132.08,204.11,1,1,0.90222
16,1,104.39,754.25,127.77,226.16,1,1,0.90524
16,2,1501.89,767.72,125.89,221.08,1,1,0.9047
16,3,305.42,504.09,138.35,160.25,1,1,0.89715
16,4,1453.25,570.13,93.83,197.39,1,1,0.89377
16,5,1066.81,645.12,133.5,177.29,1,1,0.88443
16,6,1266.14,480.25,124.2,157.84,1,1,0.88388
16,7,990.14,558.67,113.48,140.86,1,1,0.8785
16,8,660.87,558.82,113.1,134.79,1,1,0.87444
16,9,1788.55,500.4,75.63,204.23,1,1,0.86675
16,10,596.65,661.53,133.96,170.36,1,1,0.8713
16,11,473.93,558.67,117.81,140.21,1,1,0.86105
16,12,805.13,360.51,92.05,223.89,1,1,0.86253
16,13,1155.71,602.64,105.72,151.88,1,1,0.85906
16,14,827.33,573.43,115.99,131.55,1,1,0.85953
16,15,1158.77,546.96,116.01,137.0,1,1,0.84366
16,16,854.47,606.87,97.62,153.92,1,1,0.82619
16,17,557.53,601.59,114.37,152.97,1,1,0.82031
17,0,53.75,552.96,130.2,204.59,1,1,0.90161
17,1,102.06,753.39,126.98,226.5,1,1,0.90438
17,2,1502.89,766.71,126.18,220.82,1,1,0.90495
17,3,305.27,505.39,137.96,158.32,1,1,0.89838
17,4,1453.22,569.68,93.36,197.25,1,1,0.89474
17,5,1066.32,645.26,133.85,176.49,1,1,0.88581
17,6,1265.92,479.98,124.6,157.81,1,1,0.88577
17,7,989.99,558.42,113.62,140.29,1,1,0.88046
17,8,660.75,558.43,113.07,134.88,1,1,0.87629
17,9,1788.62,499.71,75.34,204.37,1,1,0.86749
17,10,596.22,661.33,134.14,169.85,1,1,0.8702
17,11,473.61,558.24,118.03,140.02,1,1,0.8614
17,12,805.22,360.63,91.89,223.08,1,1,0.86252
17,13,1155.03,601.53,106.23,152.38,1,1,0.86152
17,14,827.19,572.95,116.14,131.29,1,1,0.86043
17,15,1158.52,546.51,116.09,136.92,1,1,0.8475
17,16,854.11,606.64,97.78,153.44,1,1,0.83093
17,17,557.45,601.22,113.74,152.74,1,1,0.8212
18,0,56.82,552.04,128.3,205.66,1,1,0.89932
18,1,100.09,752.59,127.99,226.65,1,1,0.90387
18,2,1504.53,765.66,125.72,221.12,1,1,0.90406
18,3,304.92,506.54,138.03,156.1,1,1,0.8969
18,4,1453.17,569.29,93.38,197.29,1,1,0.89288
18,5,1066.16,645.05,133.51,175.95,1,1,0.88473
18,6,1265.91,479.15,124.3,157.95,1,1,0.88444
18,7,989.55,558.02,113.74,139.89,1,1,0.88035
18,8,660.83,557.81,113.05,135.04,1,1,0.87497
18,9,1788.49,498.83,75.33,204.56,1,1,0.86752
18,10,596.14,660.91,134.06,169.69,1,1,0.86808
18,11,473.48,557.76,118.16,139.76,1,1,0.86013
18,12,805.33,359.94,91.81,223.1,1,1,0.8614
18,13,1154.62,600.52,106.41,152.88,1,1,0.86098
18,14,827.04,572.46,115.92,131.14,1,1,0.85704
18,15,1158.17,545.74,116.54,137.57,1,1,0.84854
18,16,853.32,605.1,98.54,154.15,1,1,0.83382
18,17,557.4,600.55,114.05,152.69,1,1,0.82003
19,0,59.26,553.02,126.0,205.58,1,1,0.89837
19,1,98.91,753.88,128.43,226.0,1,1,0.90498
19,2,1506.02,766.15,124.88,221.25,1,1,0.90248
19,3,304.34,509.01,137.85,154.1,1,1,0.89695
19,4,1452.59,570.07,93.49,197.23,1,1,0.89443
19,5,1065.6,646.06,133.48,175.8,1,1,0.88469
19,6,1265.4,480.1,124.17,157.8,1,1,0.88419
19,7,989.21,558.79,114.03,139.69,1,1,0.88107
19,8,659.85,558.76,113.65,134.88,1,1,0.87491
19,9,1787.93,499.83,75.33,204.29,1,1,0.86786
19,10,595.69,661.89,133.97,169.6,1,1,0.86959
19,11,472.79,558.41,118.31,140.05,1,1,0.86094
19,12,805.06,361.06,91.66,222.67,1,1,0.86168
19,13,1153.53,601.61,106.87,152.74,1,1,0.8613
19,14,826.62,573.2,116.4,130.69,1,1,0.86297
19,15,1157.44,546.57,116.56,137.82,1,1,0.849
19,16,852.61,607.33,98.73,153.04,1,1,0.83703
19,17,557.11,601.34,114.27,152.48,1,1,0.82364
20,0,63.37,552.75,123.4,205.32,1,1,0.89742
20,1,98.91,753.22,129.39,225.93,1,1,0.90506
20,2,1509.73,764.6,122.85,221.59,1,1,0.90185
20,3,304.34,509.87,138.4,152.92,1,1,0.89776
20,4,1453.12,569.16,93.3,197.31,1,1,0.89411
20,5,1065.6,645.42,133.6,175.66,1,1,0.88537
20,6,1265.54,479.42,124.54,157.91,1,1,0.8847
20,7,989.15,558.02,114.08,139.55,1,1,0.8806
20,8,660.37,557.7,113.47,135.44,1,1,0.87627
20,9,1788.28,499.3,75.3,204.4,1,1,0.86769
20,10,595.73,661.26,134.65,169.5,1,1,0.8704
20,11,472.99,557.68,118.55,139.85,1,1,0.86015
20,12,805.56,360.42,91.55,222.43,1,1,0.86153
20,13,1153.56,600.87,106.93,152.73,1,1,0.86325
20,14,826.73,572.55,116.05,130.81,1,1,0.85849
20,15,1157.99,545.58,116.27,138.57,1,1,0.84913
20,16,852.32,604.29,99.39,155.65,1,1,0.83489
20,17,557.46,600.43,114.56,152.72,1,1,0.8229
21,0,66.85,553.16,120.99,205.3,1,1,0.89708
21,1,99.4,753.33,129.61,225.88,1,1,0.90569
21,2,1511.87,764.1,121.23,222.19,1,1,0.90216
21,3,304.17,510.66,138.61,152.41,1,1,0.89804
21,4,1453.17,569.19,93.29,197.3,1,1,0.89436
21,5,1065.7,645.55,133.61,175.65,1,1,0.88519
21,6,1265.58,478.85,124.51,158.55,1,1,0.88489
21,7,988.92,557.6,114.12,139.74,1,1,0.88008
21,8,660.4,557.32,113.39,135.8,1,1,0.87512
21,9,1788.44,499.17,75.07,204.61,1,1,0.86725
21,10,595.73,661.24,134.48,169.39,1,1,0.87
21,11,472.91,557.14,118.68,140.36,1,1,0.85965
21,12,805.87,360.78,91.5,221.92,1,1,0.86147
21,13,1153.49,601.09,106.93,152.4,1,1,0.86131
21,14,826.66,572.54,115.96,130.73,1,1,0.85853
21,15,1158.19,545.32,116.23,138.77,1,1,0.84954
21,16,852.46,604.03,99.37,155.88,1,1,0.83411
21,17,557.43,600.49,114.17,152.65,1,1,0.82232
22,0,70.07,555.64,118.36,204.59,1,1,0.89416
22,1,100.82,755.75,128.79,225.48,1,1,0.90646
22,2,1514.07,765.5,118.99,222.46,1,1,0.89869
22,3,304.35,513.24,138.43,151.67,1,1,0.89582
22,4,1453.08,570.74,93.54,197.46,1,1,0.89276
22,5,1066.06,647.44,133.51,175.62,1,1,0.883
22,6,1265.68,480.78,124.11,158.13,1,1,0.88203
22,7,989.1,559.26,114.15,140.63,1,1,0.87976
22,8,660.37,559.33,113.45,135.32,1,1,0.87435
22,9,1788.57,501.72,75.14,203.9,1,1,0.86704
22,10,595.89,662.98,134.27,169.41,1,1,0.87029
22,11,472.88,558.7,118.53,140.76,1,1,0.8581
22,12,806.35,362.22,90.97,222.4,1,1,0.86071
22,13,1153.36,603.52,107.19,151.73,1,1,0.859
22,14,826.85,574.33,116.34,130.44,1,1,0.86193
22,15,1158.09,547.24,116.42,138.56,1,1,0.84709
22,16,853.25,608.24,98.52,153.59,1,1,0.8347
22,17,557.37,602.41,114.97,152.51,1,1,0.82008
23,0,73.05,555.59,115.67,205.07,1,1,0.89419
23,1,102.51,754.92,127.49,225.17,1,1,0.90707
23,2,1515.07,764.19,117.81,222.6,1,1,0.89886
23,3,304.62,513.11,137.62,150.69,1,1,0.89645
23,4,1452.87,570.02,93.52,196.81,1,1,0.89312
23,5,1066.15,646.67,133.21,175.2,1,1,0.8845
23,6,1265.72,480.11,124.09,158.0,1,1,0.88443
23,7,989.13,558.6,114.19,140.15,1,1,0.88145
23,8,660.46,558.48,113.26,135.3,1,1,0.87433
23,9,1788.43,500.87,75.11,203.62,1,1,0.86874
23,10,595.7,661.9,134.21,169.27,1,1,0.86872
23,11,473.04,557.85,118.46,140.87,1,1,0.85905
23,12,806.65,361.36,90.73,222.3,1,1,0.86303
23,13,1153.17,602.31,107.35,151.8,1,1,0.86178
23,14,826.83,573.39,116.29,130.49,1,1,0.85981
23,15,1158.04,546.5,116.52,138.2,1,1,0.84996
23,16,853.71,606.61,98.0,154.17,1,1,0.83423
23,17,557.35,601.76,114.36,152.16,1,1,0.82168
24,0,75.3,555.3,113.07,205.32,1,1,0.89126
24,1,104.2,753.35,125.7,225.71,1,1,0.90606
24,2,1516.27,762.38,115.74,222.99,1,1,0.8998
24,3,304.17,512.19,137.71,150.09,1,1,0.89617
24,4,1452.91,568.69,92.9,196.29,1,1,0.89315
24,5,1065.46,645.53,133.28,174.93,1,1,0.88612
24,6,1265.06,478.22,124.58,158.27,1,1,0.88309
24,7,988.75,557.17,113.72,140.1,1,1,0.87806
24,8,659.7,556.95,113.55,135.86,1,1,0.87545
24,9,1788.08,498.98,74.97,204.02,1,1,0.86917
24,10,595.1,661.24,134.29,168.27,1,1,0.86802
24,11,471.96,556.28,119.1,140.91,1,1,0.85778
24,12,805.64,360.11,91.55,222.33,1,1,0.8613
24,13,1152.22,601.28,107.7,151.67,1,1,0.86331
24,14,826.34,571.96,115.96,130.81,1,1,0.85915
24,15,1157.81,544.52,115.84,139.47,1,1,0.85083
24,16,851.7,604.64,99.75,154.6,1,1,0.83656
24,17,556.69,600.26,115.36,152.33,1,1,0.82146
25,0,79.35,557.78,111.36,204.68,1,1,0.88939
25,1,108.28,754.5,124.07,225.43,1,1,0.90515
25,2,1520.66,763.41,112.2,222.96,1,1,0.89453
25,3,305.57,513.78,138.13,149.36,1,1,0.8956
25,4,1454.24,569.97,92.85,195.89,1,1,0.8923
25,5,1067.24,646.47,133.32,175.07,1,1,0.8833
25,6,1266.29,479.22,124.62,158.39,1,1,0.88289
25,7,990.07,558.28,113.52,140.31,1,1,0.87845
25,8,661.31,557.67,113.2,135.82,1,1,0.87155
25,9,1789.26,499.94,74.88,204.07,1,1,0.86724
25,10,596.66,661.45,134.36,168.98,1,1,0.86695
25,11,473.49,557.17,118.63,140.86,1,1,0.85772
25,12,806.99,361.33,91.34,221.52,1,1,0.86209
25,13,1153.86,601.7,107.82,152.09,1,1,0.85987
25,14,827.77,572.7,115.61,130.96,1,1,0.85742
25,15,1158.92,545.55,116.53,138.37,1,1,0.84395
25,16,853.78,605.61,98.93,154.45,1,1,0.83118
25,17,558.43,601.08,114.28,152.21,1,1,0.82014
26,0,82.42,560.78,110.26,202.91,1,1,0.89023
26,1,112.35,755.29,122.44,225.15,1,1,0.90506
26,2,1523.95,764.17,109.76,222.49,1,1,0.89363
26,3,307.46,514.91,138.26,148.84,1,1,0.89309
26,4,1455.67,570.36,92.9,196.11,1,1,0.89177
26,5,1069.08,647.16,133.27,174.89,1,1,0.88278
26,6,1267.94,479.92,125.23,158.42,1,1,0.88356
26,7,991.95,559.03,113.41,140.31,1,1,0.87416
26,8,663.16,557.98,113.09,135.81,1,1,0.87003
26,9,1791.24,500.3,74.74,204.12,1,1,0.8656
26,10,598.52,662.16,134.15,168.58,1,1,0.86875
26,11,475.55,558.01,118.54,140.78,1,1,0.85526
26,12,809.19,362.01,90.78,221.14,1,1,0.85829
26,13,1155.88,602.01,107.8,152.41,1,1,0.86309
26,14,829.69,572.96,114.83,131.0,1,1,0.85874
26,15,1160.65,546.11,116.69,138.87,1,1,0.84467
26,16,855.79,607.69,98.85,153.11,1,1,0.83506
26,17,560.54,601.47,111.21,152.19,1,1,0.82625
27,0,82.07,563.57,109.74,200.1,1,1,0.88882
27,1,113.4,755.43,120.87,224.91,1,1,0.90409
27,2,1522.88,764.44,107.82,222.31,1,1,0.89142
27,3,306.44,515.42,138.54,148.51,1,1,0.89257
27,4,1454.48,570.51,92.92,196.16,1,1,0.89048
27,5,1068.18,646.88,132.85,175.13,1,1,0.88112
27,6,1266.84,480.1,124.74,158.2,1,1,0.87999
27,7,990.86,559.24,113.46,140.62,1,1,0.87493
27,8,661.74,557.88,113.2,135.98,1,1,0.87004
27,9,1790.02,500.32,75.02,203.78,1,1,0.86602
27,10,597.41,661.93,133.87,168.89,1,1,0.8639
27,11,474.24,558.05,118.68,140.68,1,1,0.85265
27,12,808.1,361.58,90.92,221.53,1,1,0.86044
27,13,1154.53,602.14,107.55,152.13,1,1,0.8562
27,14,828.7,573.07,114.89,130.56,1,1,0.85468
27,15,1159.71,545.9,116.43,138.64,1,1,0.84092
27,16,854.86,608.53,98.23,152.23,1,1,0.82707
27,17,558.93,601.39,113.29,152.31,1,1,0.81617
28,0,81.28,566.47,109.79,197.8,1,1,0.89036
28,1,114.44,755.75,119.74,224.97,1,1,0.90376
28,2,1520.91,764.57,107.07,222.46,1,1,0.89241
28,3,305.45,516.44,138.57,147.85,1,1,0.89568
28,4,1453.12,570.68,93.35,196.83,1,1,0.89177
28,5,1066.77,647.03,133.14,175.47,1,1,0.88217
28,6,1265.76,480.48,124.04,157.96,1,1,0.88244
28,7,989.56,559.22,113.77,140.61,1,1,0.87907
28,8,660.33,558.62,113.72,135.55,1,1,0.87142
28,9,1788.89,500.64,75.12,203.71,1,1,0.86659
28,10,596.35,662.21,133.72,168.99,1,1,0.86563
28,11,473.33,558.44,118.67,140.79,1,1,0.85668
28,12,806.91,362.63,91.13,221.31,1,1,0.85926
28,13,1153.27,602.72,107.74,151.77,1,1,0.85681
28,14,827.35,573.59,115.64,130.63,1,1,0.85586
28,15,1158.27,546.22,116.33,138.84,1,1,0.8425
28,16,853.7,607.7,98.42,153.39,1,1,0.82514
28,17,557.55,601.79,113.71,152.43,1,1,0.82079
29,0,81.21,568.44,110.68,195.52,1,1,0.88965
29,1,116.51,754.83,119.35,225.35,1,1,0.9036
29,2,1520.89,764.02,106.44,222.18,1,1,0.89315
29,3,306.08,516.14,138.79,147.56,1,1,0.89624
29,4,1453.67,570.19,93.2,196.75,1,1,0.89157
29,5,1067.63,646.39,132.81,175.46,1,1,0.88245
29,6,1266.1,479.94,124.18,157.92,1,1,0.88255
29,7,990.36,558.67,113.71,140.45,1,1,0.87827
29,8,661.12,558.15,113.44,135.37,1,1,0.87152
29,9,1789.37,500.2,74.71,203.9,1,1,0.86704
29,10,596.88,661.44,133.67,169.01,1,1,0.86563
29,11,473.93,557.89,118.14,140.67,1,1,0.85841
29,12,807.74,361.76,90.71,221.26,1,1,0.85994
29,13,1154.24,601.31,107.36,152.54,1,1,0.85983
29,14,827.87,573.03,115.45,130.5,1,1,0.85679
29,15,1158.59,545.66,116.55,138.83,1,1,0.8446
29,16,854.32,607.13,98.34,153.35,1,1,0.83089
29,17,558.12,601.22,114.0,152.39,1,1,0.81935
30,0,79.46,570.91,111.61,193.29,1,1,0.8895
30,1,116.91,754.27,119.28,225.88,1,1,0.90348
30,2,1519.32,763.79,105.99,221.72,1,1,0.89494
30,3,305.19,516.27,139.42,147.37,1,1,0.89819
30,4,1452.9,569.86,93.17,196.66,1,1,0.89228
30,5,1066.77,646.14,133.16,175.56,1,1,0.88386
30,6,1265.58,479.74,124.21,158.09,1,1,0.88343
30,7,989.2,558.42,114.34,139.95,1,1,0.87964
30,8,660.42,558.06,113.72,135.42,1,1,0.87372
30,9,1788.59,499.93,74.93,203.94,1,1,0.86734
30,10,595.82,661.49,134.38,168.95,1,1,0.86592
30,11,473.13,557.57,118.5,140.81,1,1,0.85937
30,12,807.1,361.62,91.06,221.48,1,1,0.85976
30,13,1153.58,600.92,107.21,152.93,1,1,0.86041
30,14,827.18,572.99,115.87,130.66,1,1,0.85671
30,15,1157.93,545.51,116.27,139.13,1,1,0.84569
30,16,853.46,606.19,98.83,154.29,1,1,0.82977
30,17,557.33,601.05,114.7,152.63,1,1,0.82066
31,0,77.78,573.46,112.33,191.0,1,1,0.88875
31,1,116.99,754.16,118.65,225.89,1,1,0.903
31,2,1517.37,763.58,105.69,221.35,1,1,0.89446
31,3,303.82,516.7,139.66,146.87,1,1,0.89617
31,4,1452.08,569.91,93.07,196.36,1,1,0.89185
31,5,1065.73,646.25,132.88,175.14,1,1,0.88233
31,6,1264.33,479.83,124.28,157.94,1,1,0.88135
31,7,988.14,558.45,113.97,140.43,1,1,0.87832
31,8,658.89,558.26,114.34,135.18,1,1,0.87231
31,9,1787.25,500.17,75.01,203.75,1,1,0.8655
31,10,594.47,661.84,134.49,168.71,1,1,0.86158
31,11,471.87,557.62,118.83,141.03,1,1,0.85425
31,12,805.59,362.77,91.18,220.42,1,1,0.8576
31,13,1151.93,601.68,107.3,152.27,1,1,0.85708
31,14,825.93,573.03,116.46,130.43,1,1,0.85736
31,15,1156.79,545.16,115.83,139.22,1,1,0.8453
31,16,851.33,606.18,99.91,154.31,1,1,0.82835
31,17,556.13,601.13,115.84,152.46,1,1,0.81905
32,0,76.48,574.28,112.93,189.58,1,1,0.88656
32,1,116.77,752.85,118.88,226.06,1,1,0.90223
32,2,1515.25,762.03,105.72,221.12,1,1,0.89643
32,3,303.03,515.34,139.62,146.83,1,1,0.89485
32,4,1451.57,568.96,92.65,196.18,1,1,0.89099
32,5,1064.47,645.27,133.3,174.7,1,1,0.88599
32,6,1263.39,479.02,123.88,157.5,1,1,0.88156
32,7,987.37,557.27,113.96,139.69,1,1,0.87925
32,8,657.11,557.26,115.25,135.41,1,1,0.87223
32,9,1786.07,498.86,75.28,204.16,1,1,0.86365
32,10,593.46,660.82,134.94,168.57,1,1,0.86587
32,11,471.0,555.3,118.51,142.13,1,1,0.85515
32,12,803.96,361.94,91.84,220.19,1,1,0.86097
32,13,1150.31,600.49,108.28,152.69,1,1,0.86327
32,14,825.12,571.53,116.62,131.23,1,1,0.85698
32,15,1156.09,543.84,115.45,140.5,1,1,0.84865
32,16,849.91,604.74,100.13,154.57,1,1,0.83465
32,17,555.36,599.95,116.59,152.51,1,1,0.82419
33,0,75.63,575.34,112.98,188.06,1,1,0.88628
33,1,116.75,752.26,119.03,225.95,1,1,0.90197
33,2,1514.23,761.12,105.28,220.3,1,1,0.89787
33,3,302.52,515.06,139.23,146.44,1,1,0.8936
33,4,1451.19,568.06,92.15,196.23,1,1,0.89028
33,5,1063.68,644.64,133.5,174.63,1,1,0.88616
33,6,1262.75,478.2,123.11,157.17,1,1,0.88316
33,7,986.72,556.08,113.8,139.75,1,1,0.88097
33,8,655.64,556.73,116.56,135.52,1,1,0.87331
33,9,1785.58,497.99,75.07,204.22,1,1,0.86422
33,10,592.91,660.6,134.94,168.27,1,1,0.86524
33,11,470.25,553.31,118.78,143.32,1,1,0.85848
33,12,803.26,361.67,92.56,219.84,1,1,0.86088
33,13,1149.48,599.91,108.81,152.86,1,1,0.86303
33,14,824.05,570.56,117.23,132.11,1,1,0.86118
33,15,1155.45,543.29,115.62,141.41,1,1,0.84796
33,16,849.66,604.28,99.39,154.5,1,1,0.838
33,17,554.69,599.33,115.92,152.56,1,1,0.82354
34,0,75.92,576.68,113.29,186.84,1,1,0.88429
34,1,117.06,752.16,119.39,226.16,1,1,0.90142
34,2,1513.89,761.03,105.55,219.62,1,1,0.89773
34,3,303.4,515.15,138.9,146.26,1,1,0.89546
34,4,1451.7,568.01,91.9,195.96,1,1,0.88963
34,5,1063.92,644.56,133.52,174.47,1,1,0.8854
34,6,1262.88,477.93,123.25,157.11,1,1,0.88226
34,7,987.56,554.28,113.35,141.51,1,1,0.87816
34,8,655.76,556.47,117.39,135.94,1,1,0.87271
34,9,1785.81,497.88,74.97,204.41,1,1,0.86336
34,10,593.04,660.52,135.0,168.42,1,1,0.86488
34,11,471.15,551.05,118.2,142.17,1,1,0.85973
34,12,803.28,361.68,92.93,219.28,1,1,0.8586
34,13,1149.35,601.09,109.49,151.86,1,1,0.86184
34,14,824.08,568.75,118.07,133.75,1,1,0.86322
34,15,1156.26,543.25,114.97,141.13,1,1,0.84647
34,16,849.82,605.58,99.73,152.94,1,1,0.84326
34,17,554.82,599.21,115.54,152.65,1,1,0.82644
35,0,76.71,579.13,112.31,184.92,1,1,0.88291
35,1,117.99,753.19,118.96,226.37,1,1,0.90062
35,2,1514.41,762.11,105.5,219.59,1,1,0.89549
35,3,304.52,517.01,138.49,145.54,1,1,0.895
35,4,1452.67,569.09,91.43,196.36,1,1,0.88796
35,5,1064.84,645.68,133.24,174.79,1,1,0.8808
35,6,1262.81,479.26,124.1,157.53,1,1,0.88025
35,7,989.46,553.22,112.59,142.95,1,1,0.87671
35,8,656.79,557.49,117.35,135.96,1,1,0.86578
35,9,1786.3,499.06,75.02,204.0,1,1,0.86479
35,10,593.81,661.34,133.84,168.91,1,1,0.85782
35,11,472.24,549.53,119.17,141.96,1,1,0.85817
35,12,804.08,363.45,92.7,218.12,1,1,0.85578
35,13,1150.19,603.17,109.02,151.1,1,1,0.8569
35,14,824.39,568.02,118.91,134.76,1,1,0.85834
35,15,1157.43,544.15,114.44,139.82,1,1,0.84199
35,16,850.37,608.63,99.82,151.26,1,1,0.84148
35,17,556.04,600.54,112.62,152.35,1,1,0.81662
36,0,77.84,581.15,112.01,183.7,1,1,0.88417
36,1,119.08,754.67,119.25,226.37,1,1,0.90125
36,2,1515.61,762.98,105.89,220.55,1,1,0.89608
36,3,306.43,518.44,137.52,145.38,1,1,0.8954
36,4,1453.34,570.28,91.79,196.54,1,1,0.88877
36,5,1065.94,646.64,133.6,175.36,1,1,0.88046
36,6,1263.12,480.54,125.28,157.76,1,1,0.87873
36,7,991.28,551.77,113.07,143.46,1,1,0.87149
36,8,658.61,557.78,117.81,136.29,1,1,0.86833
36,9,1787.42,500.42,75.07,203.8,1,1,0.86735
36,10,595.14,662.35,133.29,169.26,1,1,0.86231
36,11,474.11,547.36,122.67,143.47,1,1,0.85918
36,12,805.42,365.41,92.61,217.21,1,1,0.85614
36,13,1150.77,604.83,109.64,150.5,1,1,0.85874
36,14,825.58,566.72,118.61,136.93,1,1,0.8597
36,15,1159.92,544.81,114.77,139.61,1,1,0.84892
36,16,851.67,608.85,99.7,152.92,1,1,0.8362
36,17,556.77,601.83,110.79,152.52,1,1,0.81907
37,0,78.17,581.2,111.47,183.26,1,1,0.88484
37,1,119.33,754.3,119.34,226.32,1,1,0.90107
37,2,1516.01,762.46,106.24,221.59,1,1,0.89751
37,3,307.69,517.07,136.99,146.18,1,1,0.89713
37,4,1453.82,569.79,91.47,196.54,1,1,0.8888
37,5,1066.57,645.8,133.19,175.7,1,1,0.88425
37,6,1262.49,479.67,126.69,158.3,1,1,0.88668
37,7,991.92,547.61,114.42,146.54,1,1,0.87806
37,8,659.74,555.48,118.43,137.43,1,1,0.87019
37,9,1788.13,500.18,74.76,203.17,1,1,0.86823
37,10,595.7,662.35,132.86,168.86,1,1,0.86434
37,11,474.83,543.53,125.83,146.03,1,1,0.8627
37,12,806.48,365.6,92.26,216.38,1,1,0.8592
37,13,1150.55,603.34,109.75,151.04,1,1,0.86521
37,14,826.55,562.85,119.11,139.4,1,1,0.86421
37,15,1162.35,541.79,112.24,141.91,1,1,0.85503
37,16,852.64,604.06,99.59,157.22,1,1,0.8375
37,17,557.29,600.99,110.65,153.51,1,1,0.81916
38,0,78.08,581.41,110.4,182.92,1,1,0.88498
38,1,118.71,754.31,119.03,226.16,1,1,0.9032
38,2,1515.94,762.25,106.18,223.03,1,1,0.8982
38,3,307.57,514.59,136.95,148.88,1,1,0.89961
38,4,1453.57,570.02,90.53,196.02,1,1,0.8916
38,5,1066.47,645.23,132.39,176.28,1,1,0.88594
38,6,1260.69,479.08,127.66,158.84,1,1,0.88126
38,7,991.49,543.56,117.31,150.81,1,1,0.87936
38,8,659.61,553.18,119.28,139.62,1,1,0.8695
38,9,1787.88,501.25,74.57,201.14,1,1,0.86685
38,10,595.43,662.59,132.56,168.34,1,1,0.86643
38,11,474.08,539.62,128.48,149.51,1,1,0.86296
38,12,806.52,365.62,91.29,215.98,1,1,0.85622
38,13,1149.82,604.02,110.07,150.61,1,1,0.86331
38,14,826.77,559.2,120.13,142.26,1,1,0.85694
38,15,1164.45,537.06,109.46,142.31,1,1,0.85289
38,16,851.35,600.44,102.2,161.14,1,1,0.84306
38,17,556.29,599.94,110.52,155.11,1,1,0.8192
39,0,78.71,581.67,109.56,182.4,1,1,0.88375
39,1,118.84,754.42,118.93,226.02,1,1,0.90137
39,2,1517.26,762.35,106.1,224.05,1,1,0.89528
39,3,304.37,510.53,140.16,153.36,1,1,0.89255
39,4,1454.76,570.37,89.89,196.09,1,1,0.89138
39,5,1067.09,645.05,132.43,176.83,1,1,0.88654
39,6,1260.54,478.1,127.57,159.49,1,1,0.88391
39,7,992.5,538.39,120.63,155.27,1,1,0.88225
39,8,662.86,550.3,118.11,141.58,1,1,0.86138
39,9,1788.27,503.54,74.13,198.17,1,1,0.86467
39,10,596.01,662.12,132.33,168.95,1,1,0.87017
39,11,473.99,534.94,131.17,155.17,1,1,0.86492
39,12,807.37,365.96,90.34,215.72,1,1,0.85511
39,13,1149.86,603.24,110.54,152.07,1,1,0.86896
39,14,827.52,553.98,123.48,147.29,1,1,0.85652
39,15,1167.94,530.28,107.35,144.89,1,1,0.84562
39,16,853.45,596.39,103.22,165.42,1,1,0.84301
39,17,557.06,597.34,108.7,157.37,1,1,0.81953
40,0,78.87,581.81,109.35,182.88,1,1,0.88648
40,1,118.04,754.86,119.75,226.56,1,1,0.90299
40,2,1517.42,762.8,106.75,225.56,1,1,0.89774
40,3,297.0,506.92,148.17,157.41,1,1,0.89942
40,4,1454.45,570.66,90.56,197.13,1,1,0.89537
40,5,1066.99,645.12,132.34,177.9,1,1,0.88775
40,6,1261.86,476.55,125.42,161.04,1,1,0.88688
40,7,991.95,533.89,125.28,159.43,1,1,0.89214
40,8,663.63,547.39,118.93,143.03,1,1,0.8714
40,9,1787.37,507.24,75.25,194.87,1,1,0.86144
40,10,595.8,662.05,132.37,169.89,1,1,0.87464
40,11,472.42,530.69,134.82,160.91,1,1,0.8789
40,12,808.13,366.13,90.4,215.49,1,1,0.85506
40,13,1149.5,603.58,110.55,152.85,1,1,0.87502
40,14,827.64,549.39,127.81,153.03,1,1,0.8781
40,15,1170.88,522.92,111.72,147.81,1,1,0.85288
40,16,853.68,591.61,106.67,170.15,1,1,0.85757
40,17,556.3,593.6,111.58,161.12,1,1,0.82999
41,0,79.31,581.84,107.45,183.02,1,1,0.89642
41,1,117.53,755.47,119.15,226.31,1,1,0.9104
41,2,1518.04,763.99,106.19,225.17,1,1,0.89975
41,3,289.68,503.25,155.71,160.78,1,1,0.91038
41,4,1453.75,571.48,91.46,197.83,1,1,0.90064
41,5,1067.1,645.22,131.48,178.15,1,1,0.88881
41,6,1263.64,475.15,122.77,162.62,1,1,0.88575
41,7,991.57,530.64,128.96,162.54,1,1,0.89763
41,8,662.02,544.86,124.03,144.21,1,1,0.87957
41,9,1787.0,513.73,74.89,188.67,1,1,0.87294
41,10,595.88,661.55,131.74,170.43,1,1,0.88338
41,11,472.89,526.87,136.93,164.73,1,1,0.88368
41,12,807.36,367.28,88.06,215.0,1,1,0.85801
41,13,1148.79,603.11,110.27,153.68,1,1,0.8752
41,14,826.96,544.86,134.04,158.64,1,1,0.87988
41,15,1175.0,514.3,110.8,153.64,1,1,0.83283
41,16,854.45,586.84,110.48,173.35,1,1,0.85572
41,17,556.79,589.27,113.25,165.72,1,1,0.84495
42,0,79.72,580.4,106.9,184.41,1,1,0.89632
42,1,117.13,755.13,119.38,226.7,1,1,0.90755
42,2,1519.38,763.97,105.96,225.39,1,1,0.90119
42,3,286.87,499.36,159.1,163.6,1,1,0.91063
42,4,1450.77,570.8,96.01,198.94,1,1,0.89618
42,5,1067.72,644.39,130.86,178.81,1,1,0.8861
42,6,1264.36,473.38,121.74,164.29,1,1,0.88601
42,7,992.19,526.48,136.61,166.06,1,1,0.8958
42,8,663.14,540.11,131.06,147.82,1,1,0.87641
42,9,1785.95,518.46,76.38,184.33,1,1,0.86115
42,10,596.18,659.51,131.76,171.9,1,1,0.87938
42,11,474.79,522.83,137.52,168.23,1,1,0.88701
42,12,808.54,370.98,85.31,211.33,1,1,0.85677
42,13,1148.72,599.5,109.69,155.57,1,1,0.8696
42,14,826.3,539.79,142.44,164.72,1,1,0.8903
42,15,1178.16,505.57,113.25,160.27,1,1,0.8043
42,16,855.81,579.84,114.92,179.03,1,1,0.86739
42,17,558.12,583.13,115.41,172.16,1,1,0.84271
43,0,79.63,577.5,106.55,186.07,1,1,0.90559
43,1,116.77,754.25,118.19,226.57,1,1,0.91729
43,2,1519.9,763.05,105.41,225.43,1,1,0.9051
43,3,285.82,494.17,160.29,167.69,1,1,0.9221
43,4,1445.81,569.14,101.03,199.94,1,1,0.90244
43,5,1068.11,643.19,130.01,178.67,1,1,0.89397
43,6,1260.97,471.27,125.74,166.13,1,1,0.87248
43,7,993.05,521.04,150.07,170.04,1,1,0.89674
43,8,664.31,533.41,137.31,152.88,1,1,0.8785
43,9,1782.96,522.32,80.11,180.49,1,1,0.86615
43,10,596.2,656.71,131.45,173.15,1,1,0.88915
43,11,480.07,519.67,133.71,168.69,1,1,0.88766
43,12,808.53,373.0,85.33,209.24,1,1,0.86508
43,13,1149.52,594.53,109.32,157.72,1,1,0.86177
43,14,826.79,534.2,147.98,169.83,1,1,0.88766
43,15,1189.45,498.87,107.98,165.02,1,1,0.78865
43,16,857.42,573.62,119.04,183.09,1,1,0.8714
43,17,559.42,577.79,114.28,176.81,1,1,0.84295
43,18,787.73,351.18,71.35,183.71,1,1,0.79537
44,0,78.68,575.26,109.21,187.63,1,1,0.91435
44,1,115.98,753.79,117.57,226.82,1,1,0.92197
44,2,1519.61,762.34,105.71,225.96,1,1,0.91136
44,3,282.68,489.29,163.16,172.49,1,1,0.93172
44,4,1439.68,566.43,106.1,201.77,1,1,0.91059
44,5,1067.91,641.59,129.44,179.6,1,1,0.90187
44,6,1254.68,469.03,131.78,167.59,1,1,0.88674
44,7,994.43,516.32,160.76,173.8,1,1,0.90706
44,8,667.85,527.83,135.96,157.18,1,1,0.87931
44,9,1777.69,526.81,85.7,176.15,1,1,0.87495
44,10,595.84,652.41,131.71,176.71,1,1,0.89912
44,11,487.23,518.08,128.24,168.81,1,1,0.89679
44,12,809.55,375.9,84.57,206.38,1,1,0.87664
44,13,1149.57,589.87,107.73,161.2,1,1,0.85517
44,14,826.7,529.23,152.91,174.62,1,1,0.88786
44,15,1199.66,492.51,105.28,166.9,1,1,0.81823
44,16,861.33,568.27,119.73,186.73,1,1,0.8783
44,17,559.1,572.87,110.15,182.72,1,1,0.85296
44,18,785.44,351.33,72.71,182.78,1,1,0.84708
45,0,78.75,571.93,113.9,189.61,1,1,0.91954
45,1,116.57,753.07,116.26,226.07,1,1,0.93162
45,2,1520.75,761.25,105.3,225.56,1,1,0.92092
45,3,275.19,483.2,169.2,177.98,1,1,0.94646
45,4,1435.41,563.85,110.22,201.59,1,1,0.92575
45,5,1068.81,638.21,129.75,181.33,1,1,0.91931
45,6,1242.34,465.4,144.65,171.4,1,1,0.82064
45,7,996.22,510.72,169.13,178.15,1,1,0.90485
45,8,672.38,521.56,129.76,161.05,1,1,0.88124
45,9,1773.34,530.47,89.99,171.22,1,1,0.89888
45,10,596.67,647.59,131.9,180.36,1,1,0.9112
45,11,496.12,516.52,121.4,172.03,1,1,0.91165
45,12,811.36,376.88,84.3,204.83,1,1,0.88598
45,13,1152.54,583.23,105.36,166.48,1,1,0.86078
45,14,828.63,524.04,157.75,179.19,1,1,0.88976
45,15,1210.58,481.16,100.34,180.26,1,1,0.80312
45,16,865.49,559.63,119.4,192.28,1,1,0.87729
45,17,560.53,566.84,110.28,187.84,1,1,0.86959
45,18,785.16,351.84,73.39,183.71,1,1,0.84291
46,0,75.65,569.8,122.37,191.71,1,1,0.9191
46,1,115.53,752.86,115.99,225.83,1,1,0.93937
46,2,1520.59,760.86,105.45,225.5,1,1,0.92829
46,3,263.45,479.29,171.41,182.43,1,1,0.94101
46,4,1430.79,561.75,111.77,198.8,1,1,0.93102
46,5,1068.79,635.05,128.92,183.67,1,1,0.9196
46,6,1234.72,462.89,151.17,174.03,1,1,0.77824
46,7,997.38,505.59,173.71,182.95,1,1,0.90142
46,8,676.23,516.64,125.37,164.23,1,1,0.88171
46,9,1769.35,534.04,92.94,166.77,1,1,0.9093
46,10,596.1,644.99,131.64,182.84,1,1,0.91526
46,11,498.79,516.41,120.72,175.1,1,1,0.91716
46,12,811.42,380.08,85.79,202.96,1,1,0.89814
46,13,1154.77,575.8,104.54,175.05,1,1,0.85532
46,14,831.98,519.93,160.08,182.11,1,1,0.87463
46,15,1218.4,470.08,91.15,182.95,1,1,0.82756
46,16,870.3,556.65,116.46,193.25,1,1,0.87604
46,17,560.99,561.69,114.46,192.13,1,1,0.87398
46,18,782.15,353.28,76.26,184.97,1,1,0.87829
47,0,72.4,567.65,132.19,193.08,1,1,0.92781
47,1,114.87,751.74,115.64,225.9,1,1,0.93929
47,2,1520.91,758.82,104.8,226.14,1,1,0.93047
47,3,251.8,476.4,163.89,183.98,1,1,0.94733
47,4,1427.78,560.0,112.65,193.64,1,1,0.94129
47,5,1068.69,630.29,128.36,187.09,1,1,0.92067
47,6,1243.12,467.46,135.76,168.78,1,1,0.77986
47,7,998.09,499.32,178.19,187.76,1,1,0.91
47,8,683.42,511.63,122.33,168.76,1,1,0.89089
47,9,1767.91,535.98,94.31,163.88,1,1,0.91091
47,10,596.2,640.55,131.97,185.98,1,1,0.91569
47,11,498.49,515.92,123.87,176.19,1,1,0.90182
47,12,811.08,381.11,88.32,201.9,1,1,0.90428
47,13,1156.9,566.1,105.63,184.22,1,1,0.86031
47,14,840.13,515.71,159.25,183.0,1,1,0.81669
47,16,876.18,552.97,112.94,194.81,1,1,0.87083
47,17,561.56,555.05,123.49,196.4,1,1,0.86461
47,18,780.97,354.62,76.79,177.17,1,1,0.86899
48,0,71.08,565.28,139.63,194.16,1,1,0.91092
48,1,114.96,750.78,116.43,226.77,1,1,0.92289
48,2,1521.15,756.24,105.85,228.33,1,1,0.91627
48,3,240.07,476.15,154.91,185.87,1,1,0.91703
48,4,1425.82,557.91,114.77,190.3,1,1,0.9262
48,5,1069.64,626.77,128.42,189.72,1,1,0.89667
48,6,1244.87,469.43,120.92,167.39,1,1,0.8453
48,7,1001.69,493.2,178.3,192.5,1,1,0.90081
48,8,688.61,507.56,125.17,173.56,1,1,0.86693
48,9,1769.34,536.16,93.67,163.59,1,1,0.89196
48,10,596.77,635.59,134.0,189.95,1,1,0.89011
48,11,497.22,514.79,130.61,178.63,1,1,0.89208
48,12,811.97,382.79,92.37,200.56,1,1,0.89051
48,13,1160.95,556.57,104.31,193.13,1,1,0.842
48,14,854.49,511.96,155.05,183.53,1,1,0.75507
48,16,880.36,550.56,111.19,195.58,1,1,0.86151
48,17,564.35,548.38,134.91,200.4,1,1,0.87375
48,18,780.8,355.38,76.95,169.07,1,1,0.85524
48,15,1200.84,457.04,86.42,140.41,1,1,0.7963
49,0,68.16,564.52,142.84,191.02,1,1,0.91339
49,1,114.33,750.74,117.52,227.39,1,1,0.92222
49,2,1520.94,755.73,106.25,228.71,1,1,0.91558
49,3,226.95,478.08,145.82,184.11,1,1,0.91154
49,4,1425.65,554.77,115.03,192.42,1,1,0.93595
49,5,1069.75,623.48,128.62,193.97,1,1,0.89745
49,6,1250.55,469.32,118.86,170.0,1,1,0.84424
49,7,1010.41,489.2,171.01,194.71,1,1,0.88822
49,8,696.64,504.25,126.49,175.19,1,1,0.86242
49,9,1773.34,537.43,92.04,162.87,1,1,0.89052
49,10,597.09,629.65,138.26,194.79,1,1,0.89149
49,11,496.41,513.93,137.03,180.62,1,1,0.8933
49,12,813.9,383.77,95.81,203.46,1,1,0.89134
49,13,1163.63,549.09,104.15,200.66,1,1,0.85484
49,14,901.14,507.76,117.99,164.01,1,1,0.82152
49,16,883.25,547.12,111.79,198.79,1,1,0.88143
49,17,569.44,542.64,134.26,198.93,1,1,0.8633
49,18,777.72,358.71,79.23,163.99,1,1,0.85883
49,15,1188.34,455.19,92.15,132.5,1,1,0.75875
50,0,64.88,561.49,139.73,189.88,1,1,0.92087
50,1,114.14,749.58,117.31,228.24,1,1,0.92831
50,2,1520.87,755.05,106.11,228.39,1,1,0.92417
50,3,214.22,479.13,143.14,181.79,1,1,0.92803
50,4,1427.56,550.32,112.69,195.7,1,1,0.94599
50,5,1069.69,619.81,128.94,197.82,1,1,0.90546
50,6,1256.41,469.07,122.51,176.36,1,1,0.83059
50,7,1024.88,486.13,156.02,193.08,1,1,0.87895
50,8,706.56,502.16,128.17,171.09,1,1,0.8649
50,9,1778.86,539.34,87.63,160.75,1,1,0.89004
50,10,596.96,625.21,145.12,197.76,1,1,0.90485
50,11,496.51,512.85,142.34,181.89,1,1,0.8993
50,12,816.88,383.56,97.97,209.49,1,1,0.89885
50,13,1166.47,541.94,104.62,207.84,1,1,0.85466
50,14,928.51,504.84,98.74,153.32,1,1,0.85922
50,16,890.55,540.74,104.18,204.88,1,1,0.89523
50,17,574.35,538.15,126.7,199.0,1,1,0.86843
50,18,773.46,362.34,81.35,158.89,1,1,0.88294
50,15,1176.02,454.81,105.02,170.75,1,1,0.79205
51,0,61.6,558.05,135.3,190.59,1,1,0.92322
51,1,114.24,749.52,116.77,228.1,1,1,0.93458
51,2,1520.97,756.02,105.77,226.51,1,1,0.93384
51,3,201.0,480.79,149.59,178.36,1,1,0.93718
51,4,1428.82,544.36,110.8,199.97,1,1,0.94854
51,5,1069.81,617.45,130.35,200.66,1,1,0.9158
51,6,1260.82,470.35,120.37,195.92,1,1,0.90488
51,7,1045.12,485.55,133.39,192.74,1,1,0.89636
51,8,718.25,501.75,125.94,163.75,1,1,0.87832
51,9,1782.66,541.83,84.82,158.69,1,1,0.89675
51,10,598.39,622.29,150.84,200.84,1,1,0.91593
51,11,498.49,512.77,148.1,182.47,1,1,0.90872
51,12,819.88,384.1,96.88,207.79,1,1,0.91474
51,13,1164.69,535.84,107.01,213.78,1,1,0.88144
51,14,945.71,504.25,92.18,147.57,1,1,0.7968
51,16,894.45,534.23,100.93,211.19,1,1,0.90013
51,17,582.91,536.81,119.4,198.37,1,1,0.86902
51,18,769.63,367.92,84.26,153.23,1,1,0.90607
51,15,1166.67,455.62,113.41,190.74,1,1,0.85989
52,0,59.33,553.36,135.07,194.03,1,1,0.91295
52,1,114.65,749.13,116.55,228.56,1,1,0.92596
52,2,1521.18,756.57,105.66,225.97,1,1,0.92273
52,3,188.63,481.38,157.25,178.19,1,1,0.92165
52,4,1428.06,537.1,111.64,205.41,1,1,0.92944
52,5,1072.1,615.1,129.68,202.84,1,1,0.90914
52,6,1264.84,472.25,116.17,204.73,1,1,0.8879
52,7,1066.55,482.14,120.16,194.1,1,1,0.86802
52,8,734.42,500.61,119.57,159.93,1,1,0.88349
52,9,1785.72,544.43,83.78,156.52,1,1,0.8823
52,10,606.65,618.45,149.42,204.72,1,1,0.91211
52,11,504.57,512.56,152.04,182.2,1,1,0.89058
52,12,823.24,384.81,93.98,205.37,1,1,0.9041
52,13,1163.99,530.61,111.16,215.67,1,1,0.87224
52,14,953.39,503.68,98.45,174.6,1,1,0.88111
52,16,897.63,530.94,96.98,212.88,1,1,0.88
52,17,587.42,534.43,119.43,201.36,1,1,0.87995
52,18,768.01,372.45,87.07,152.6,1,1,0.90395
52,15,1159.05,458.27,125.57,189.87,1,1,0.81971
53,0,57.87,547.56,135.29,197.19,1,1,0.91833
53,1,115.04,748.2,115.7,228.36,1,1,0.93205
53,2,1520.64,757.03,105.42,224.67,1,1,0.92867
53,3,176.01,481.04,162.21,179.83,1,1,0.93303
53,4,1427.07,528.61,112.26,210.64,1,1,0.93298
53,5,1076.55,611.06,125.47,204.8,1,1,0.92653
53,6,1273.07,473.34,107.08,206.04,1,1,0.89903
53,7,1077.98,479.23,115.32,198.32,1,1,0.85894
53,8,749.94,495.65,116.95,167.42,1,1,0.86088
53,9,1787.58,546.72,83.77,156.56,1,1,0.8949
53,10,619.18,614.63,144.63,208.56,1,1,0.91946
53,11,518.57,511.68,143.55,180.07,1,1,0.89086
53,12,827.4,384.7,90.12,204.51,1,1,0.91087
53,13,1168.49,526.55,108.05,213.29,1,1,0.87366
53,14,954.26,502.48,105.68,189.02,1,1,0.8527
53,16,900.88,527.06,90.21,201.2,1,1,0.82645
53,17,588.77,529.42,118.45,205.02,1,1,0.89879
53,18,767.45,374.76,87.23,152.83,1,1,0.91969
53,15,1152.41,458.89,134.88,181.26,1,1,0.76468
54,0,56.09,542.2,132.96,200.16,1,1,0.93442
54,1,113.89,747.93,115.27,226.98,1,1,0.94616
54,2,1519.05,757.34,104.6,223.58,1,1,0.94834
54,3,162.13,480.21,165.22,185.94,1,1,0.9515
54,4,1427.57,521.62,110.09,211.2,1,1,0.9414
54,5,1080.48,607.39,120.25,206.63,1,1,0.94393
54,6,1284.25,475.27,100.55,204.46,1,1,0.94004
54,7,1082.32,473.23,119.49,200.19,1,1,0.84767
54,8,756.05,492.92,118.48,177.84,1,1,0.8851
54,9,1789.57,549.36,80.66,158.6,1,1,0.92424
54,10,636.46,612.57,134.76,210.32,1,1,0.94326
54,11,538.22,511.08,126.45,177.6,1,1,0.89194
54,12,830.51,384.5,87.29,204.41,1,1,0.92871
54,13,1174.18,523.0,106.08,209.64,1,1,0.91848
54,14,958.32,502.56,107.87,195.14,1,1,0.87622
54,16,900.22,521.91,90.04,200.8,1,1,0.82807
54,17,588.42,524.68,120.85,208.65,1,1,0.92258
54,18,767.12,375.11,87.49,154.65,1,1,0.937
54,21,1897.52,661.97,21.58,206.99,1,1,0.67933
55,0,54.23,537.65,129.97,202.26,1,1,0.91762
55,1,112.97,748.77,115.63,224.75,1,1,0.93818
55,2,1517.44,756.63,104.54,222.82,1,1,0.94439
55,3,148.14,480.03,163.32,195.86,1,1,0.93433
55,4,1428.46,516.43,109.0,212.23,1,1,0.92061
55,5,1082.86,602.8,118.85,209.93,1,1,0.93363
55,6,1291.87,476.33,101.31,202.76,1,1,0.92821
55,7,1090.87,477.91,118.32,187.57,1,1,0.80931
55,8,764.91,493.57,118.85,186.71,1,1,0.85272
55,9,1791.33,551.44,78.37,161.89,1,1,0.92485
55,10,655.59,611.03,126.01,211.52,1,1,0.936
55,11,563.04,510.64,107.45,178.14,1,1,0.85635
55,12,832.32,384.36,86.63,206.7,1,1,0.91975
55,13,1179.69,522.57,112.13,201.73,1,1,0.89478
55,14,963.35,502.96,107.32,197.11,1,1,0.87623
55,16,903.52,519.3,87.21,199.99,1,1,0.81002
55,17,589.11,522.35,122.89,210.07,1,1,0.91131
55,18,769.38,374.63,84.81,156.91,1,1,0.92985
55,21,1899.06,665.87,20.25,203.0,1,1,0.64822
56,0,50.16,534.73,124.88,204.17,1,1,0.90391
56,1,110.59,750.16,117.94,223.45,1,1,0.92463
56,2,1515.59,755.26,104.9,222.47,1,1,0.92563
56,3,134.3,481.65,153.59,199.86,1,1,0.90334
56,4,1432.34,512.84,106.68,211.73,1,1,0.9055
56,5,1084.81,598.74,117.88,212.88,1,1,0.9146
56,6,1296.4,476.42,106.38,203.11,1,1,0.9127
56,7,1121.82,479.55,94.16,172.74,1,1,0.82506
56,8,771.33,499.43,127.59,186.16,1,1,0.83622
56,9,1791.13,553.15,80.14,169.0,1,1,0.89827
56,10,664.53,609.69,130.05,212.73,1,1,0.92245
56,11,584.95,509.32,91.85,181.51,1,1,0.7926
56,12,833.25,384.26,86.02,207.3,1,1,0.89269
56,13,1183.99,522.91,121.46,194.92,1,1,0.88574
56,14,967.54,502.86,101.89,198.53,1,1,0.86818
56,16,908.02,516.29,82.17,201.23,1,1,0.80249
56,17,590.03,520.7,124.13,210.01,1,1,0.88822
56,18,773.12,374.4,81.1,158.42,1,1,0.91289
57,0,44.81,531.67,121.28,205.93,1,1,0.90666
57,1,107.46,751.34,120.5,221.52,1,1,0.92595
57,2,1514.48,751.02,105.68,225.72,1,1,0.93257
57,3,119.49,484.0,137.38,199.36,1,1,0.90584
57,4,1434.64,510.96,113.84,204.62,1,1,0.92236
57,5,1087.66,593.37,116.48,217.19,1,1,0.91769
57,6,1302.08,474.55,111.84,200.85,1,1,0.90413
57,7,1136.6,479.89,86.44,164.38,1,1,0.86008
57,8,784.5,503.28,128.4,184.32,1,1,0.84062
57,9,1790.62,554.96,83.14,173.52,1,1,0.91884
57,10,674.24,607.87,129.33,212.14,1,1,0.92081
57,11,596.89,507.87,85.59,171.78,1,1,0.75215
57,12,834.88,384.23,82.95,180.45,1,1,0.86976
57,13,1188.6,522.57,129.78,190.47,1,1,0.89384
57,14,973.95,502.93,101.31,197.17,1,1,0.88461
57,16,907.77,514.59,84.05,201.09,1,1,0.83982
57,17,592.62,521.18,124.64,207.15,1,1,0.89452
57,18,776.67,374.78,77.84,157.94,1,1,0.91978
57,22,1089.88,454.67,77.03,149.61,1,1,0.86154
58,0,39.27,530.47,118.46,204.86,1,1,0.896
58,1,102.55,752.58,125.41,219.54,1,1,0.92728
58,2,1513.41,745.26,105.51,229.89,1,1,0.92162
58,3,104.47,487.06,138.66,196.98,1,1,0.9007
58,4,1438.36,508.65,126.66,201.66,1,1,0.92576
58,5,1091.7,589.48,115.72,217.91,1,1,0.9076
58,6,1305.75,471.84,124.26,202.62,1,1,0.89311
58,7,1150.06,480.73,80.9,165.25,1,1,0.84916
58,8,795.25,502.42,125.35,186.96,1,1,0.85532
58,9,1789.61,557.7,84.11,173.06,1,1,0.90643
58,10,689.13,606.72,121.17,209.68,1,1,0.89554
58,11,609.54,506.94,80.6,157.98,1,1,0.77863
58,12,837.47,383.52,81.74,164.02,1,1,0.88053
58,13,1191.74,518.84,137.69,190.36,1,1,0.89457
58,14,984.05,503.3,103.61,195.54,1,1,0.85714
58,16,911.45,512.04,87.39,203.74,1,1,0.8416
58,17,595.6,526.34,126.69,200.97,1,1,0.88415
58,18,778.83,376.0,76.83,157.01,1,1,0.91012
58,22,1080.41,456.49,85.48,155.44,1,1,0.86706
59,0,34.44,531.61,115.87,201.18,1,1,0.87565
59,1,95.16,752.87,132.02,219.3,1,1,0.92136
59,2,1511.41,737.43,105.54,233.3,1,1,0.90691
59,3,85.2,489.13,152.97,195.84,1,1,0.89611
59,4,1440.91,505.75,138.02,203.73,1,1,0.91547
59,5,1096.35,587.19,115.34,217.22,1,1,0.89689
59,6,1311.28,468.92,129.63,203.85,1,1,0.88591
59,7,1159.32,480.93,79.96,171.87,1,1,0.85154
59,8,808.57,503.38,123.57,185.04,1,1,0.87146
59,9,1787.37,560.36,85.18,171.6,1,1,0.88127
59,10,705.86,604.99,112.65,205.67,1,1,0.87331
59,11,616.89,505.62,83.95,151.51,1,1,0.68302
59,12,837.93,382.96,83.51,158.3,1,1,0.87302
59,13,1194.33,513.7,144.05,195.04,1,1,0.89657
59,14,992.98,502.19,105.39,194.0,1,1,0.84246
59,16,912.75,508.39,92.84,204.43,1,1,0.83838
59,17,597.17,528.11,135.3,201.57,1,1,0.87316
59,18,778.6,377.14,78.18,157.37,1,1,0.89764
59,22,1065.57,457.48,101.41,160.71,1,1,0.86449
60,0,30.66,532.22,112.64,194.53,1,1,0.86257
60,1,88.44,751.34,138.23,220.68,1,1,0.9183
60,2,1509.83,730.13,105.44,234.94,1,1,0.90119
60,3,64.98,488.51,170.31,197.04,1,1,0.89684
60,4,1442.12,502.5,148.43,206.26,1,1,0.90288
60,5,1100.77,586.16,115.74,215.09,1,1,0.89149
60,6,1317.6,466.28,133.88,205.82,1,1,0.88618
60,7,1165.03,480.57,82.47,174.87,1,1,0.848
60,8,819.76,502.96,124.35,184.25,1,1,0.87241
60,9,1781.98,563.07,88.49,168.26,1,1,0.87597
60,10,719.72,603.56,108.05,203.49,1,1,0.86887
60,11,625.98,505.49,104.79,153.6,1,1,0.80975
60,12,838.65,382.33,82.42,158.24,1,1,0.87365
60,13,1199.27,507.95,145.29,203.01,1,1,0.89181
60,14,1002.69,500.6,106.72,194.48,1,1,0.82931
60,16,915.45,503.28,96.86,199.51,1,1,0.82454
60,17,597.41,526.2,139.93,201.94,1,1,0.85842
60,18,778.85,376.45,77.59,161.62,1,1,0.88555
60,22,1045.33,456.58,115.09,164.96,1,1,0.82891
61,0,28.41,532.95,109.04,189.74,1,1,0.86524
61,1,83.87,749.87,142.08,221.49,1,1,0.92251
61,2,1509.76,725.4,105.56,236.06,1,1,0.9074
61,3,46.83,487.8,181.57,196.36,1,1,0.90427
61,4,1446.32,501.35,152.97,207.0,1,1,0.90203
61,5,1102.29,584.81,120.1,214.3,1,1,0.90311
61,6,1332.08,466.35,129.39,207.11,1,1,0.88986
61,7,1172.63,480.73,84.85,179.68,1,1,0.85908
61,8,828.16,501.67,124.27,180.59,1,1,0.86665
61,9,1778.57,567.05,90.72,167.4,1,1,0.88341
61,10,735.67,604.36,103.74,201.23,1,1,0.88936
61,11,640.04,505.98,109.07,155.05,1,1,0.81337
61,12,840.93,382.91,82.18,157.83,1,1,0.89211
61,13,1204.34,503.24,144.52,208.72,1,1,0.89331
61,14,1008.04,496.52,108.0,196.44,1,1,0.83105
61,16,920.41,499.84,102.41,196.95,1,1,0.84732
61,17,599.0,525.07,143.5,202.36,1,1,0.86977
61,18,780.21,375.99,75.49,168.11,1,1,0.90283
61,22,1028.49,455.64,126.26,161.87,1,1,0.66193
61,21,1894.01,646.93,25.12,218.61,1,1,0.65887
62,0,22.54,534.24,110.41,187.23,1,1,0.85567
62,1,78.32,747.64,145.86,224.05,1,1,0.91814
62,2,1508.61,721.23,106.78,236.28,1,1,0.90081
62,3,26.74,487.45,187.69,187.89,1,1,0.89702
62,4,1448.84,499.14,154.31,209.25,1,1,0.89044
62,5,1101.62,583.1,124.27,215.42,1,1,0.8935
62,6,1352.1,469.02,121.33,202.9,1,1,0.88088
62,7,1180.31,480.28,87.75,185.13,1,1,0.86173
62,8,835.63,497.23,124.68,178.27,1,1,0.87497
62,9,1774.7,569.88,93.31,170.59,1,1,0.88686
62,10,750.29,606.82,98.9,199.09,1,1,0.87768
62,11,647.18,506.41,116.41,158.35,1,1,0.84127
62,12,842.13,383.57,83.3,160.48,1,1,0.87461
62,13,1210.2,499.65,141.42,213.06,1,1,0.89669
62,14,1012.98,489.2,119.96,201.67,1,1,0.87084
62,16,924.41,496.53,102.24,198.22,1,1,0.83502
62,17,598.76,524.86,146.97,202.83,1,1,0.87959
62,18,780.83,375.25,74.78,175.23,1,1,0.8846
62,22,1006.39,453.54,103.09,167.58,1,1,0.79756
62,21,1891.62,650.48,27.28,215.29,1,1,0.7056
63,0,13.74,535.0,118.4,185.6,1,1,0.8464
63,1,72.8,744.01,148.54,228.12,1,1,0.91911
63,2,1506.46,718.63,108.11,232.93,1,1,0.90342
63,3,6.16,487.68,182.66,170.23,1,1,0.89479
63,4,1451.27,493.72,149.64,213.86,1,1,0.88913
63,5,1100.17,582.0,126.44,216.85,1,1,0.89527
63,6,1374.26,471.86,107.48,199.3,1,1,0.87717
63,7,1189.62,478.47,86.26,187.24,1,1,0.87419
63,8,841.64,490.27,125.14,180.52,1,1,0.87411
63,9,1771.58,572.35,95.32,175.11,1,1,0.88098
63,10,761.05,608.2,101.3,196.17,1,1,0.88128
63,11,661.46,505.2,110.49,171.58,1,1,0.85029
63,12,842.01,383.56,85.18,162.74,1,1,0.86845
63,13,1221.4,495.36,130.55,217.17,1,1,0.89072
63,14,1014.68,483.68,130.47,207.62,1,1,0.87902
63,16,920.38,493.1,103.52,200.29,1,1,0.80965
63,17,595.94,522.91,152.15,205.98,1,1,0.89194
63,18,781.19,374.97,73.91,180.1,1,1,0.8921
63,22,987.66,451.65,94.95,172.31,1,1,0.81888
63,21,1888.29,654.56,30.27,211.13,1,1,0.68709
64,0,5.43,534.47,131.69,185.96,1,1,0.87188
64,1,68.4,741.32,147.89,228.86,1,1,0.92354
64,2,1505.89,717.4,109.6,231.23,1,1,0.91057
64,3,-3.1,488.14,118.25,144.86,1,1,0.76559
64,4,1453.61,484.79,139.66,220.72,1,1,0.88981
64,5,1098.5,581.64,128.19,216.83,1,1,0.89839
64,6,1387.89,475.45,96.08,193.9,1,1,0.86371
64,7,1196.39,476.49,86.04,191.11,1,1,0.87302
64,8,849.07,482.07,124.51,187.07,1,1,0.86803
64,9,1770.55,574.72,91.56,180.79,1,1,0.88477
64,10,768.99,608.5,109.54,194.82,1,1,0.8866
64,11,673.19,503.01,106.52,180.57,1,1,0.85692
64,12,842.16,383.51,86.27,163.61,1,1,0.8627
64,13,1240.03,489.69,113.19,222.08,1,1,0.88927
64,14,1021.08,478.64,132.99,213.03,1,1,0.89016
64,16,925.08,488.65,98.05,203.92,1,1,0.81327
64,17,592.55,519.44,154.99,209.75,1,1,0.89339
64,18,780.35,375.84,74.98,182.92,1,1,0.88187
64,22,973.37,452.52,97.81,180.59,1,1,0.84598
64,21,1885.87,636.41,32.79,227.6,1,1,0.79319
65,0,1.34,529.28,129.39,190.5,1,1,0.9038
65,1,64.88,738.34,141.47,229.66,1,1,0.92853
65,2,1506.09,717.43,111.98,231.64,1,1,0.9182
65,3,-3.88,487.43,71.96,164.79,1,1,0.80446
65,4,1459.3,480.34,131.13,219.57,1,1,0.89549
65,5,1099.71,579.95,126.9,216.45,1,1,0.90617
65,6,1399.19,476.59,91.58,191.36,1,1,0.87265
65,7,1198.54,474.85,88.14,195.64,1,1,0.87947
65,8,858.99,470.64,123.65,197.5,1,1,0.84456
65,9,1771.4,577.67,85.15,180.52,1,1,0.89739
65,10,775.57,605.91,116.49,194.06,1,1,0.89933
65,11,678.06,500.4,108.16,187.12,1,1,0.8706
65,12,842.37,383.33,86.84,162.04,1,1,0.87343
65,13,1253.74,483.39,100.55,226.4,1,1,0.89513
65,14,1034.01,475.89,130.85,212.64,1,1,0.89239
65,16,933.48,483.68,92.45,207.95,1,1,0.82154
65,17,591.06,515.74,154.92,212.93,1,1,0.90339
65,18,780.32,378.05,74.35,182.06,1,1,0.8948
65,22,965.85,455.87,99.74,181.49,1,1,0.78131
65,21,1881.9,648.08,37.07,222.66,1,1,0.80961
66,0,-0.09,525.59,126.57,192.22,1,1,0.91619
66,1,62.1,736.88,130.83,228.4,1,1,0.94767
66,2,1507.32,718.06,114.39,230.95,1,1,0.94864
66,3,-2.24,500.36,46.64,168.02,1,1,0.80312
66,4,1469.35,477.05,120.37,216.98,1,1,0.92292
66,5,1098.6,576.67,128.22,216.06,1,1,0.91647
66,6,1410.01,473.28,90.71,191.77,1,1,0.91142
66,7,1204.37,472.91,89.53,196.16,1,1,0.91161
66,8,871.03,461.79,117.98,205.82,1,1,0.90643
66,9,1772.88,581.52,86.15,176.19,1,1,0.93653
66,10,782.92,603.03,120.36,192.11,1,1,0.92833
66,11,678.18,498.66,112.24,189.91,1,1,0.91165
66,12,844.25,383.0,84.88,158.89,1,1,0.92203
66,13,1265.04,479.06,92.79,227.71,1,1,0.92909
66,14,1056.73,473.68,119.83,209.61,1,1,0.88768
66,16,948.5,476.61,94.6,210.33,1,1,0.85722
66,17,590.45,513.11,148.73,212.99,1,1,0.93278
66,18,779.34,381.02,75.17,177.11,1,1,0.93334
66,21,1874.14,654.22,45.19,214.34,1,1,0.85697
67,0,-0.87,522.9,125.06,194.66,1,1,0.9088
67,1,58.32,737.17,122.51,226.65,1,1,0.92494
67,2,1507.46,719.43,116.83,229.76,1,1,0.92239
67,3,-1.16,517.66,31.6,164.12,1,1,0.76822
67,4,1479.27,475.9,110.48,214.88,1,1,0.88326
67,5,1088.67,574.45,137.63,215.1,1,1,0.90858
67,6,1422.73,468.68,87.94,197.84,1,1,0.8803
67,7,1214.49,469.71,88.32,198.45,1,1,0.88658
67,8,885.46,456.8,109.02,208.66,1,1,0.88003
67,9,1771.98,585.11,94.22,174.57,1,1,0.906
67,10,792.41,601.16,122.11,191.58,1,1,0.89954
67,11,677.7,496.95,115.44,193.54,1,1,0.87886
67,12,844.82,383.03,84.05,169.91,1,1,0.87888
67,13,1272.59,475.09,94.65,229.23,1,1,0.89799
67,14,1071.78,472.66,118.1,208.0,1,1,0.88453
67,16,954.34,470.68,114.6,215.32,1,1,0.85135
67,17,588.73,511.61,138.72,214.51,1,1,0.91104
67,18,775.68,384.3,79.5,174.29,1,1,0.91657
67,21,1864.34,665.36,54.97,206.81,1,1,0.81706
68,0,-1.37,520.64,120.4,196.51,1,1,0.91369
68,1,55.54,738.94,117.35,224.18,1,1,0.91898
68,2,1507.79,721.47,118.43,226.5,1,1,0.91903
68,4,1486.78,472.68,105.51,212.27,1,1,0.87173
68,5,1088.13,571.23,136.12,215.13,1,1,0.89395
68,6,1435.07,463.82,83.88,203.1,1,1,0.86765
68,7,1227.74,466.16,83.95,198.82,1,1,0.87514
68,8,897.12,451.1,103.72,213.72,1,1,0.87751
68,9,1770.02,587.85,98.65,176.74,1,1,0.89282
68,10,807.65,600.96,117.76,188.5,1,1,0.89489
68,11,678.27,495.03,116.24,195.95,1,1,0.87399
68,12,847.85,384.39,79.73,177.44,1,1,0.87315
68,13,1280.57,472.87,97.65,222.41,1,1,0.88689
68,14,1081.45,471.51,123.11,205.59,1,1,0.88258
68,16,963.61,466.61,122.23,207.82,1,1,0.85656
68,17,588.45,509.68,127.88,214.94,1,1,0.90075
68,18,774.03,387.55,81.33,176.85,1,1,0.90519
68,21,1865.8,672.24,53.58,200.46,1,1,0.80992
69,0,-1.54,519.7,110.65,197.95,1,1,0.92784
69,1,52.99,742.95,114.29,220.17,1,1,0.92551
69,2,1507.89,722.71,117.91,224.23,1,1,0.92594
69,4,1496.86,470.98,105.08,212.11,1,1,0.88122
69,5,1083.68,568.14,134.81,213.67,1,1,0.92273
69,6,1445.92,459.35,80.91,207.98,1,1,0.8839
69,7,1236.2,463.8,84.82,200.56,1,1,0.89547
69,8,901.26,445.92,104.38,214.6,1,1,0.87663
69,9,1768.31,591.27,100.4,183.39,1,1,0.92787
69,10,819.14,601.51,114.38,187.77,1,1,0.89496
69,11,675.8,495.11,119.88,199.01,1,1,0.88742
69,12,850.34,387.17,75.78,179.87,1,1,0.86644
69,13,1289.03,471.29,103.97,223.55,1,1,0.89592
69,14,1087.65,471.33,128.68,195.65,1,1,0.85238
69,16,974.67,464.97,125.32,200.79,1,1,0.88746
69,17,587.26,507.74,118.47,215.73,1,1,0.90724
69,18,775.11,391.73,80.24,179.74,1,1,0.91597
69,21,1864.03,675.98,55.18,198.24,1,1,0.89572
70,0,-1.47,520.54,95.67,197.32,1,1,0.93642
70,1,50.1,747.57,111.08,215.22,1,1,0.93651
70,2,1507.49,722.49,116.03,221.83,1,1,0.93927
70,4,1506.32,470.19,110.26,215.9,1,1,0.89592
70,5,1082.9,567.13,129.93,210.6,1,1,0.92126
70,6,1453.98,455.58,79.66,211.61,1,1,0.89978
70,7,1239.9,461.11,91.1,202.78,1,1,0.91136
70,8,901.31,441.81,109.71,217.36,1,1,0.89334
70,9,1767.12,595.2,102.45,184.63,1,1,0.93636
70,10,827.34,601.82,113.88,191.36,1,1,0.88788
70,11,675.5,495.48,121.29,200.2,1,1,0.8966
70,12,850.89,390.88,73.52,180.39,1,1,0.88261
70,13,1297.19,473.75,109.23,222.26,1,1,0.90414
70,14,1097.59,471.04,130.4,188.71,1,1,0.83396
70,16,986.35,465.42,123.54,200.57,1,1,0.89843
70,17,584.55,506.21,116.89,216.65,1,1,0.90812
70,18,777.08,396.77,82.18,179.42,1,1,0.9161
70,21,1857.21,676.89,61.85,198.46,1,1,0.91845
71,0,-1.19,521.13,81.51,195.18,1,1,0.93448
71,1,44.03,750.47,113.71,211.8,1,1,0.93636
71,2,1505.06,718.58,113.92,222.16,1,1,0.93983
71,4,1514.54,467.04,119.4,218.88,1,1,0.89761
71,5,1079.61,564.07,126.36,208.88,1,1,0.92796
71,6,1458.93,450.41,81.73,214.96,1,1,0.90791
71,7,1241.9,456.58,97.95,206.21,1,1,0.90213
71,8,902.24,437.97,114.2,217.25,1,1,0.85559
71,9,1764.29,598.22,101.24,188.16,1,1,0.92331
71,10,833.77,600.0,116.23,194.65,1,1,0.87141
71,11,674.02,494.19,123.59,200.95,1,1,0.90771
71,12,847.65,393.1,74.64,169.0,1,1,0.80892
71,13,1305.54,476.69,113.23,219.82,1,1,0.88582
71,14,1127.31,469.62,112.62,199.47,1,1,0.89612
71,16,996.37,464.64,120.53,201.55,1,1,0.9113
71,17,580.7,503.32,116.79,216.13,1,1,0.9195
71,18,779.62,401.03,85.98,180.18,1,1,0.90869
71,21,1848.62,675.23,70.4,199.47,1,1,0.91442
72,0,-0.98,523.74,72.7,191.45,1,1,0.92865
72,1,37.15,753.13,119.19,207.84,1,1,0.93623
72,2,1500.16,714.02,113.59,220.85,1,1,0.94494
72,4,1522.15,465.18,128.47,220.94,1,1,0.88749
72,5,1076.14,561.85,119.3,205.5,1,1,0.93481
72,6,1460.71,447.03,86.29,216.11,1,1,0.88847
72,7,1245.75,451.98,103.23,210.98,1,1,0.88889
72,8,912.83,435.49,108.79,216.73,1,1,0.90539
72,9,1757.95,601.25,97.74,191.76,1,1,0.91817
72,10,839.55,598.06,119.86,198.01,1,1,0.87734
72,11,674.22,493.34,123.82,199.97,1,1,0.91772
72,12,847.93,396.34,72.43,155.9,1,1,0.83107
72,13,1314.65,479.06,114.51,217.47,1,1,0.86401
72,14,1144.99,468.81,106.33,204.5,1,1,0.90353
72,16,1002.86,464.0,117.81,201.3,1,1,0.91324
72,17,576.74,501.9,117.58,211.5,1,1,0.93014
72,18,781.39,405.81,79.0,184.79,1,1,0.91037
72,21,1839.89,673.89,79.02,199.85,1,1,0.92162
73,0,-0.77,525.62,67.03,192.46,1,1,0.92272
73,1,30.03,754.83,126.54,204.71,1,1,0.92487
73,2,1491.83,708.99,117.33,220.23,1,1,0.934
73,4,1530.23,462.87,135.75,222.84,1,1,0.90495
73,5,1074.01,559.56,112.65,203.75,1,1,0.92465
73,6,1463.23,444.58,89.3,217.29,1,1,0.8822
73,7,1252.26,447.11,104.02,214.25,1,1,0.89219
73,8,923.38,433.35,104.27,212.38,1,1,0.91315
73,9,1752.15,604.98,94.14,190.06,1,1,0.90699
73,10,846.02,595.94,127.28,196.59,1,1,0.89173
73,11,675.72,490.4,122.15,200.66,1,1,0.91424
73,12,846.65,398.74,80.73,172.17,1,1,0.87309
73,13,1322.83,478.22,119.03,217.69,1,1,0.87579
73,14,1158.61,467.43,105.81,207.35,1,1,0.9097
73,16,1008.27,462.7,112.99,201.74,1,1,0.90816
73,17,571.01,499.22,121.48,208.78,1,1,0.92818
73,18,780.78,410.84,75.6,189.41,1,1,0.89091
73,21,1829.13,671.85,89.64,200.77,1,1,0.93114
73,23,814.82,464.71,98.12,147.92,1,1,0.82528
74,0,-0.74,528.05,61.65,192.7,1,1,0.93579
74,1,25.05,755.38,132.15,203.67,1,1,0.93315
74,2,1482.16,705.08,117.37,219.45,1,1,0.94237
74,4,1536.36,461.52,139.33,223.02,1,1,0.91011
74,5,1072.29,557.32,109.61,201.35,1,1,0.93528
74,6,1465.11,442.77,91.96,218.46,1,1,0.89453
74,7,1257.38,444.13,104.18,214.84,1,1,0.90008
74,8,930.13,432.72,103.25,209.04,1,1,0.92212
74,9,1742.4,610.38,94.54,187.15,1,1,0.91529
74,10,852.63,595.78,135.32,192.75,1,1,0.91055
74,11,677.21,487.3,120.53,202.28,1,1,0.92027
74,12,845.36,401.02,87.08,179.84,1,1,0.91662
74,13,1329.53,476.96,124.14,217.93,1,1,0.90152
74,14,1170.27,466.81,106.61,208.24,1,1,0.92135
74,16,1012.23,461.66,105.44,199.74,1,1,0.90884
74,17,564.74,498.44,126.94,206.35,1,1,0.93754
74,18,778.15,441.95,95.92,170.27,1,1,0.86415
74,21,1820.25,670.73,96.74,200.73,1,1,0.92039
75,0,-0.62,531.15,58.42,191.04,1,1,0.92618
75,1,19.25,751.74,139.83,207.2,1,1,0.93273
75,2,1475.3,701.89,113.49,220.89,1,1,0.93105
75,4,1540.76,460.0,137.0,223.29,1,1,0.90986
75,5,1071.43,555.85,108.27,198.95,1,1,0.92294
75,6,1468.42,441.02,92.29,220.09,1,1,0.89144
75,7,1274.35,441.65,94.68,215.47,1,1,0.88071
75,8,935.29,433.8,103.26,203.73,1,1,0.92227
75,9,1732.44,614.82,98.58,189.88,1,1,0.91221
75,10,858.51,596.76,145.64,188.74,1,1,0.92416
75,11,679.92,483.35,117.1,205.09,1,1,0.92007
75,12,841.24,404.13,94.78,180.95,1,1,0.91768
75,13,1336.29,475.38,127.73,218.53,1,1,0.9029
75,14,1176.99,466.88,114.16,208.61,1,1,0.91569
75,16,1016.09,460.24,96.25,205.79,1,1,0.89986
75,17,559.01,497.98,132.78,205.47,1,1,0.94257
75,18,768.13,456.39,116.47,168.09,1,1,0.90423
75,21,1810.03,670.84,97.85,199.51,1,1,0.91163
76,0,-0.61,531.68,57.64,189.54,1,1,0.90951
76,1,9.33,746.42,149.54,209.32,1,1,0.93442
76,2,1469.05,699.08,107.63,219.38,1,1,0.93042
76,4,1546.87,457.67,129.08,220.0,1,1,0.90632
76,5,1067.63,552.98,109.09,195.9,1,1,0.91669
76,6,1472.59,438.08,92.58,218.47,1,1,0.89519
76,7,1284.96,439.38,88.18,216.36,1,1,0.8855
76,8,937.99,434.62,105.05,198.9,1,1,0.91606
76,9,1724.08,615.98,96.91,194.24,1,1,0.89795
76,10,864.58,597.48,153.46,187.6,1,1,0.92409
76,11,681.44,479.57,113.27,206.1,1,1,0.904
76,12,832.83,405.04,104.94,180.4,1,1,0.91048
76,13,1344.11,471.0,122.98,218.32,1,1,0.89604
76,14,1183.28,465.04,120.48,209.47,1,1,0.91676
76,16,1019.33,458.64,92.68,192.7,1,1,0.85215
76,17,557.67,496.77,135.11,204.94,1,1,0.93724
76,18,752.33,459.08,135.06,172.28,1,1,0.90421
76,21,1797.76,671.04,95.13,194.31,1,1,0.89701
77,0,-0.24,528.29,55.86,192.99,1,1,0.87587
77,1,1.73,741.93,147.7,209.83,1,1,0.93168
77,2,1461.49,697.9,104.34,218.12,1,1,0.91136
77,4,1551.69,455.53,122.26,218.45,1,1,0.88532
77,5,1062.93,552.26,111.83,194.49,1,1,0.8898
77,6,1478.15,436.11,91.23,216.21,1,1,0.88054
77,7,1289.56,438.31,87.66,215.8,1,1,0.85462
77,8,941.0,436.94,107.63,192.23,1,1,0.89078
77,9,1715.48,618.38,93.99,194.77,1,1,0.86767
77,10,870.45,599.54,159.01,188.89,1,1,0.91984
77,11,679.08,476.62,113.09,206.47,1,1,0.8862
77,12,821.12,406.48,117.46,183.38,1,1,0.88954
77,13,1350.26,468.32,117.67,218.3,1,1,0.88117
77,14,1186.27,464.39,130.36,210.31,1,1,0.89412
77,16,1022.54,460.41,93.03,164.95,1,1,0.85066
77,17,560.5,495.54,134.6,206.41,1,1,0.91368
77,18,735.99,459.42,143.26,164.74,1,1,0.88144
77,21,1780.4,673.72,94.99,193.15,1,1,0.87915
78,0,0.35,519.92,54.97,201.89,1,1,0.85337
78,1,-0.84,740.44,133.13,209.14,1,1,0.91575
78,2,1454.59,697.8,102.52,216.07,1,1,0.90475
78,4,1557.23,453.53,116.45,215.14,1,1,0.87882
78,5,1061.42,552.09,112.08,192.44,1,1,0.87364
78,6,1483.77,435.02,92.73,213.52,1,1,0.87738
78,7,1301.19,437.08,81.65,215.38,1,1,0.83752
78,8,944.79,439.49,109.92,186.88,1,1,0.87315
78,9,1708.01,621.05,89.1,197.18,1,1,0.85567
78,10,876.86,601.85,161.55,191.16,1,1,0.90863
78,11,677.91,473.97,112.41,205.44,1,1,0.85486
78,12,804.38,406.44,135.16,192.61,1,1,0.89055
78,13,1357.05,465.71,112.28,219.29,1,1,0.87535
78,14,1190.61,463.94,138.96,209.91,1,1,0.89372
78,16,1026.79,463.96,90.65,146.64,1,1,0.8194
78,17,563.91,495.46,133.14,206.57,1,1,0.89662
78,18,721.56,459.43,112.17,156.73,1,1,0.79396
78,21,1768.04,676.3,93.71,192.04,1,1,0.87507
79,0,0.33,515.91,59.45,206.62,1,1,0.84827
79,1,-1.57,739.63,116.47,205.96,1,1,0.90454
79,2,1444.87,698.2,105.48,213.46,1,1,0.9124
79,4,1562.37,450.4,110.53,214.8,1,1,0.87968
79,5,1058.51,550.68,112.69,189.07,1,1,0.87982
79,6,1485.96,433.9,93.96,212.85,1,1,0.88345
79,7,1307.47,436.09,79.37,211.79,1,1,0.82654
79,8,947.29,442.28,111.12,181.79,1,1,0.87398
79,9,1698.71,625.41,86.73,192.71,1,1,0.84782
79,10,883.41,603.24,159.78,190.6,1,1,0.90784
79,11,679.73,464.7,109.41,209.85,1,1,0.80817
79,12,793.0,406.93,146.7,197.32,1,1,0.88447
79,13,1361.94,463.01,107.56,219.39,1,1,0.87246
79,14,1199.28,463.12,143.32,205.99,1,1,0.88512
79,16,1030.91,464.78,87.01,139.99,1,1,0.79918
79,17,566.7,494.0,131.38,207.14,1,1,0.89702
79,21,1746.95,678.91,101.31,191.66,1,1,0.87766
80,0,0.03,506.01,63.7,218.82,1,1,0.80979
80,1,-1.84,737.86,106.25,206.01,1,1,0.88938
80,2,1427.48,697.35,118.64,212.58,1,1,0.91409
80,4,1566.39,448.6,107.02,215.39,1,1,0.87672
80,5,1054.62,548.91,112.01,185.83,1,1,0.88213
80,6,1487.45,431.36,96.05,214.76,1,1,0.8792
80,7,1313.97,435.51,76.52,205.76,1,1,0.81451
80,8,950.95,447.36,109.43,176.14,1,1,0.87002
80,9,1689.22,628.83,86.22,186.8,1,1,0.83353
80,10,888.98,604.21,155.91,187.47,1,1,0.8982
80,11,673.99,461.15,110.79,207.4,1,1,0.85714
80,12,788.96,425.98,150.6,181.4,1,1,0.90174
80,13,1365.57,462.29,103.31,217.76,1,1,0.86892
80,14,1211.74,463.97,141.93,196.4,1,1,0.8739
80,16,1032.58,464.43,86.36,141.02,1,1,0.77881
80,17,569.12,490.79,130.1,209.15,1,1,0.88879
80,21,1725.36,681.02,109.67,193.57,1,1,0.87974
81,0,0.13,505.86,59.83,219.67,1,1,0.7087
81,1,-1.57,731.61,108.76,213.43,1,1,0.88179
81,2,1410.48,695.23,134.24,215.18,1,1,0.91033
81,4,1572.54,447.69,106.96,216.19,1,1,0.88284
81,5,1051.15,549.04,113.28,181.98,1,1,0.87629
81,6,1489.45,427.85,98.58,217.61,1,1,0.87844
81,7,1322.65,435.78,73.28,198.81,1,1,0.81162
81,8,953.82,458.61,108.33,164.25,1,1,0.84015
81,9,1680.48,632.59,83.68,172.16,1,1,0.82016
81,10,894.42,606.94,152.39,181.38,1,1,0.89408
81,11,663.96,455.9,116.67,204.77,1,1,0.8518
81,12,791.16,432.82,152.3,179.69,1,1,0.90174
81,13,1368.84,460.36,100.37,218.85,1,1,0.87664
81,14,1231.07,464.32,133.48,191.62,1,1,0.85006
81,16,1033.0,464.97,100.26,143.88,1,1,0.75041
81,17,572.55,485.96,129.44,213.14,1,1,0.87602
81,21,1708.02,681.9,116.23,197.63,1,1,0.88899
81,24,795.44,392.11,74.55,136.8,1,1,0.84484
82,0,0.56,552.29,53.43,229.7,1,1,0.65785
82,1,-0.98,730.52,107.35,211.56,1,1,0.86657
82,2,1404.83,692.95,139.7,217.06,1,1,0.9107
82,4,1580.46,449.09,108.8,213.83,1,1,0.87825
82,5,1048.6,548.61,114.12,179.58,1,1,0.8855
82,6,1492.82,424.81,101.48,220.2,1,1,0.87633
82,7,1334.1,436.86,67.75,189.38,1,1,0.73766
82,8,960.82,459.63,110.81,164.61,1,1,0.84517
82,9,1674.97,635.9,81.76,170.47,1,1,0.81738
82,10,901.95,608.89,145.6,173.34,1,1,0.89026
82,11,666.61,463.62,109.51,194.04,1,1,0.84887
82,12,807.1,436.03,147.75,181.84,1,1,0.88982
82,13,1373.01,459.49,98.22,218.37,1,1,0.8639
82,14,1258.28,461.37,123.52,193.06,1,1,0.82469
82,16,1036.07,457.33,114.42,172.58,1,1,0.81062
82,17,577.97,476.13,129.34,220.74,1,1,0.86609
82,21,1702.34,681.89,117.47,200.05,1,1,0.88522
82,24,791.5,389.94,85.29,154.94,1,1,0.83351
83,0,1.6,512.42,42.1,228.91,1,1,0.72838
83,1,0.34,730.75,105.39,206.76,1,1,0.87196
83,2,1404.97,689.11,141.77,218.81,1,1,0.91009
83,4,1588.06,451.69,115.6,201.04,1,1,0.86922
83,5,1047.98,547.95,117.35,177.89,1,1,0.89232
83,6,1499.24,422.5,101.52,221.16,1,1,0.87571
83,7,1347.11,437.32,65.49,186.23,1,1,0.726
83,8,975.77,460.14,106.64,164.53,1,1,0.84916
83,9,1668.36,638.88,81.69,169.77,1,1,0.82446
83,10,914.04,610.1,136.75,169.05,1,1,0.89085
83,11,674.97,471.24,98.24,187.39,1,1,0.86242
83,12,830.41,438.24,142.61,182.19,1,1,0.88999
83,13,1378.84,458.24,102.75,218.28,1,1,0.84853
83,14,1283.27,457.69,116.67,196.52,1,1,0.83249
83,16,1043.91,455.51,116.77,191.18,1,1,0.83088
83,17,585.95,471.87,130.13,222.27,1,1,0.86676
83,21,1702.6,681.75,118.13,200.24,1,1,0.88704
83,24,789.9,388.51,89.12,165.52,1,1,0.84794
84,0,1.83,488.44,33.43,237.99,1,1,0.67253
84,1,1.25,725.74,100.86,203.74,1,1,0.81176
84,2,1405.68,685.3,143.33,219.02,1,1,0.90685
84,4,1599.69,454.21,119.23,195.23,1,1,0.87532
84,5,1051.89,547.8,118.61,176.94,1,1,0.88393
84,6,1508.63,419.42,101.15,221.6,1,1,0.86688
84,7,1360.18,436.9,65.31,185.83,1,1,0.70227
84,8,992.79,458.13,101.63,164.41,1,1,0.84348
84,9,1663.4,641.67,81.08,178.49,1,1,0.82105
84,10,926.15,609.18,131.7,168.57,1,1,0.89426
84,11,680.41,473.25,92.29,185.04,1,1,0.85209
84,12,854.48,441.41,141.61,180.27,1,1,0.88521
84,13,1386.42,456.27,112.31,217.7,1,1,0.83682
84,14,1299.45,451.54,117.08,201.38,1,1,0.83607
84,16,1052.22,454.96,114.79,196.85,1,1,0.79339
84,17,595.93,466.91,128.45,222.48,1,1,0.85151
84,21,1702.53,681.47,122.67,198.83,1,1,0.88604
84,24,788.49,387.85,96.05,170.99,1,1,0.85659
85,1,1.8,718.27,93.41,205.09,1,1,0.84956
85,2,1407.37,682.18,140.59,218.16,1,1,0.90434
85,4,1616.18,459.13,118.37,194.78,1,1,0.87835
85,5,1057.68,549.84,118.16,173.78,1,1,0.87414
85,6,1518.22,417.98,99.82,223.85,1,1,0.87185
85,8,1009.05,455.88,98.76,165.3,1,1,0.83266
85,9,1657.75,647.33,82.4,173.18,1,1,0.8271
85,10,937.87,609.6,130.96,168.2,1,1,0.88874
85,11,688.09,474.87,91.98,185.06,1,1,0.84466
85,12,883.57,446.24,135.42,178.37,1,1,0.87907
85,13,1406.03,454.81,111.4,215.36,1,1,0.84953
85,14,1310.58,447.91,125.19,207.33,1,1,0.84897
85,16,1067.66,460.93,108.49,177.63,1,1,0.81402
85,17,610.79,473.97,123.56,210.91,1,1,0.85478
85,21,1703.22,682.26,125.3,196.85,1,1,0.88245
85,24,788.05,388.85,112.63,181.03,1,1,0.89542
85,26,600.28,452.5,77.14,168.07,1,1,0.81105
86,1,1.75,716.45,73.75,209.66,1,1,0.80965
86,2,1411.08,680.04,133.2,215.79,1,1,0.89982
86,4,1633.13,465.12,114.18,194.0,1,1,0.86853
86,5,1065.43,552.07,117.68,170.07,1,1,0.87486
86,6,1528.55,417.97,98.21,223.34,1,1,0.864
86,8,1024.05,451.04,98.95,169.65,1,1,0.8072
86,9,1647.4,653.21,90.16,173.6,1,1,0.83638
86,10,946.34,610.92,130.97,166.96,1,1,0.88443
86,11,693.99,473.73,95.83,186.39,1,1,0.85225
86,12,912.11,450.15,127.65,178.77,1,1,0.87834
86,13,1427.04,454.2,100.78,210.17,1,1,0.84395
86,14,1324.65,446.33,128.34,210.21,1,1,0.85738
86,16,1079.36,467.01,113.68,166.37,1,1,0.83394
86,17,624.97,478.09,120.83,202.68,1,1,0.86741
86,21,1703.13,682.4,125.88,195.6,1,1,0.88018
86,24,787.01,389.59,127.3,185.92,1,1,0.90386
86,26,599.39,454.86,75.54,180.82,1,1,0.838
86,0,1.6,477.45,43.73,242.12,1,1,0.70992
87,1,1.12,715.12,74.25,208.59,1,1,0.81849
87,2,1414.87,678.17,127.02,210.78,1,1,0.89479
87,4,1648.69,469.98,108.77,191.84,1,1,0.86366
87,5,1072.82,551.51,119.33,168.96,1,1,0.8664
87,6,1538.68,417.26,98.84,220.75,1,1,0.87329
87,8,1036.57,451.29,96.9,167.23,1,1,0.75868
87,9,1640.83,657.95,92.64,170.56,1,1,0.85079
87,10,948.72,605.13,137.94,171.93,1,1,0.87686
87,11,699.76,470.86,99.53,188.2,1,1,0.85736
87,12,935.76,451.72,118.76,177.45,1,1,0.86863
87,13,1446.69,452.45,92.16,206.61,1,1,0.84235
87,14,1337.2,440.99,134.11,216.07,1,1,0.86898
87,16,1092.22,469.1,115.67,161.97,1,1,0.83222
87,17,635.08,479.39,124.71,197.69,1,1,0.87036
87,21,1702.68,682.25,125.35,194.46,1,1,0.87563
87,24,787.03,388.92,138.73,187.03,1,1,0.91107
87,26,592.17,456.53,83.66,191.11,1,1,0.85386
88,1,0.72,723.86,83.31,200.07,1,1,0.81509
88,2,1419.63,679.07,120.62,204.0,1,1,0.89426
88,4,1662.01,475.76,103.21,187.57,1,1,0.86708
88,5,1081.62,552.19,118.5,166.83,1,1,0.87057
88,6,1548.19,418.02,97.87,217.82,1,1,0.86945
88,8,1047.56,441.04,103.36,177.72,1,1,0.84652
88,9,1638.74,662.3,92.73,178.33,1,1,0.85618
88,10,949.16,605.3,145.95,170.57,1,1,0.88112
88,11,705.74,469.9,102.53,189.34,1,1,0.85574
88,12,955.49,453.71,112.98,176.02,1,1,0.86468
88,13,1462.72,452.59,90.68,204.55,1,1,0.84323
88,14,1353.66,437.1,134.99,220.64,1,1,0.87022
88,16,1103.72,472.09,116.69,159.67,1,1,0.85122
88,17,645.81,482.13,126.65,194.85,1,1,0.87427
88,21,1700.96,681.76,121.76,195.21,1,1,0.882
88,24,785.63,389.65,145.8,184.95,1,1,0.91069
88,26,580.77,459.98,92.57,190.89,1,1,0.8512
89,1,0.56,705.51,91.46,211.48,1,1,0.81788
89,2,1424.25,681.32,115.28,195.55,1,1,0.89073
89,4,1672.48,479.6,99.65,183.28,1,1,0.86673
89,5,1088.15,552.02,120.74,165.72,1,1,0.86569
89,6,1558.84,418.77,93.23,212.55,1,1,0.85956
89,8,1058.31,438.51,105.33,181.86,1,1,0.82672
89,9,1634.61,664.63,96.95,187.39,1,1,0.86201
89,10,946.81,604.25,157.93,169.55,1,1,0.88956
89,11,711.29,468.31,106.85,190.04,1,1,0.84675
89,12,974.34,456.12,104.81,177.59,1,1,0.8643
89,13,1481.97,453.75,89.15,201.91,1,1,0.83632
89,14,1376.52,433.68,128.53,223.13,1,1,0.83781
89,16,1115.1,472.56,114.43,158.86,1,1,0.85503
89,17,656.26,484.17,128.16,194.2,1,1,0.86202
89,21,1697.35,680.07,114.54,195.48,1,1,0.87435
89,24,784.7,390.47,147.06,183.03,1,1,0.90479
89,26,564.34,464.08,106.77,187.97,1,1,0.85981
90,1,0.22,681.92,91.67,228.45,1,1,0.83513
90,2,1425.04,683.06,114.43,189.89,1,1,0.89066
90,4,1680.45,481.46,97.41,180.12,1,1,0.86468
90,5,1092.71,551.03,123.67,164.14,1,1,0.85762
90,6,1571.26,417.54,85.89,207.85,1,1,0.84833
90,8,1068.98,438.76,104.1,180.18,1,1,0.80683
90,9,1627.42,665.57,101.6,191.69,1,1,0.85359
90,10,945.45,600.94,163.42,169.73,1,1,0.89098
90,11,714.81,464.47,110.9,189.98,1,1,0.8443
90,12,990.28,457.41,101.57,178.61,1,1,0.85833
90,13,1501.06,452.45,91.43,201.66,1,1,0.84894
90,14,1402.22,430.96,117.23,224.16,1,1,0.83777
90,16,1126.91,472.78,110.5,156.45,1,1,0.85134
90,17,666.81,484.32,123.79,192.11,1,1,0.83976
90,21,1691.86,677.01,106.39,196.77,1,1,0.869
90,24,782.47,389.97,143.12,180.85,1,1,0.89812
90,26,546.79,465.21,125.91,184.51,1,1,0.87369
91,1,-2.28,673.36,91.78,234.93,1,1,0.8353
91,2,1423.03,684.12,114.15,187.94,1,1,0.89072
91,4,1680.63,482.45,96.66,179.06,1,1,0.86468
91,5,1091.88,551.04,124.78,163.67,1,1,0.8577
91,6,1573.12,417.52,83.18,206.13,1,1,0.84818
91,8,1070.15,439.32,103.67,179.6,1,1,0.80723
91,9,1622.24,666.19,103.37,193.34,1,1,0.85356
91,10,942.07,600.11,165.56,169.83,1,1,0.89129
91,11,713.52,463.44,112.46,189.96,1,1,0.84436
91,12,993.13,458.18,100.54,178.98,1,1,0.85859
91,13,1505.21,452.4,92.35,201.61,1,1,0.84907
91,14,1408.66,430.41,112.97,224.49,1,1,0.83773
91,16,1128.62,473.22,108.94,155.58,1,1,0.85132
91,17,668.11,484.79,122.12,191.39,1,1,0.83975
91,21,1687.74,676.24,103.31,197.27,1,1,0.8691
91,24,779.12,390.18,141.13,179.82,1,1,0.89809
91,26,537.13,465.9,133.54,183.07,1,1,0.8738
92,1,-1.02,691.71,85.33,215.73,1,1,0.79605
92,2,1422.11,685.36,115.52,184.97,1,1,0.89549
92,4,1686.71,483.53,94.31,177.42,1,1,0.86311
92,5,1092.13,549.79,131.17,163.46,1,1,0.86328
92,6,1583.17,416.46,79.69,204.27,1,1,0.84219
92,8,1072.2,457.67,96.99,178.26,1,1,0.73099
92,9,1616.18,666.51,101.81,196.46,1,1,0.8514
92,10,942.11,598.56,165.71,168.37,1,1,0.89879
92,11,716.96,461.05,114.01,187.28,1,1,0.85517
92,12,1007.58,460.27,101.66,179.98,1,1,0.82749
92,13,1519.13,450.41,94.67,201.09,1,1,0.84441
92,14,1432.19,428.4,104.98,224.81,1,1,0.83788
92,16,1137.32,471.93,106.71,156.08,1,1,0.84345
92,17,673.91,486.32,128.15,189.22,1,1,0.84174
92,21,1683.4,674.49,98.24,197.9,1,1,0.8613
92,24,777.92,390.27,132.03,178.51,1,1,0.89265
92,26,527.7,466.23,144.61,182.26,1,1,0.88581
92,0,0.18,504.18,31.18,212.7,1,1,0.71251
93,1,-0.76,703.1,67.01,196.44,1,1,0.70146
93,2,1418.6,687.33,119.78,180.2,1,1,0.89852
93,4,1690.72,484.54,94.0,175.77,1,1,0.8691
93,5,1088.0,546.28,140.41,165.2,1,1,0.87457
93,6,1590.36,416.4,76.75,201.28,1,1,0.80054
93,8,1100.92,448.77,75.68,145.42,1,1,0.77245
93,9,1607.78,668.61,99.38,197.09,1,1,0.85136
93,10,936.96,598.23,165.35,164.81,1,1,0.90444
93,11,718.42,458.45,113.62,185.67,1,1,0.83942
93,12,1021.94,464.04,99.99,178.89,1,1,0.81195
93,13,1533.68,447.05,98.13,200.77,1,1,0.83095
93,14,1451.1,427.87,98.5,223.55,1,1,0.83725
93,16,1142.68,470.37,107.66,156.74,1,1,0.85187
93,17,675.08,487.45,136.4,187.13,1,1,0.83017
93,21,1678.05,674.71,93.0,195.94,1,1,0.86216
93,24,775.11,390.3,118.98,178.18,1,1,0.88531
93,26,521.24,467.37,144.15,183.9,1,1,0.88232
93,0,-0.17,513.57,33.23,201.8,1,1,0.65771
94,2,1415.65,688.3,125.05,174.85,1,1,0.90447
94,4,1692.07,483.86,96.03,173.59,1,1,0.8651
94,5,1083.28,542.2,147.68,165.13,1,1,0.8889
94,6,1605.48,436.82,68.99,173.23,1,1,0.75891
94,8,1114.99,444.31,68.01,135.1,1,1,0.78498
94,9,1598.69,670.11,95.35,194.89,1,1,0.86306
94,10,925.6,596.64,164.28,161.63,1,1,0.90365
94,11,719.96,455.01,109.08,183.4,1,1,0.82733
94,12,1038.59,467.44,89.96,163.06,1,1,0.80852
94,13,1549.94,444.13,99.74,199.85,1,1,0.82583
94,14,1463.83,427.33,102.8,218.85,1,1,0.82864
94,16,1148.01,468.12,107.68,158.72,1,1,0.86207
94,17,673.65,487.58,145.03,183.42,1,1,0.83612
94,21,1670.06,674.74,90.17,195.06,1,1,0.87576
94,24,771.09,388.44,117.64,177.69,1,1,0.88594
94,26,522.17,467.57,129.73,183.17,1,1,0.88278
95,2,1415.3,689.11,130.87,171.76,1,1,0.90584
95,4,1693.6,483.86,98.16,172.03,1,1,0.86455
95,5,1079.41,540.04,148.45,164.02,1,1,0.88218
95,6,1619.83,451.12,66.75,151.82,1,1,0.76441
95,8,1123.31,458.7,60.62,122.99,1,1,0.76476
95,9,1588.38,673.69,92.7,191.03,1,1,0.87132
95,10,916.88,596.3,158.32,160.59,1,1,0.89785
95,11,720.83,453.62,102.15,175.36,1,1,0.8043
95,12,1051.65,470.59,86.12,171.4,1,1,0.81698
95,13,1563.29,439.32,100.01,202.65,1,1,0.83073
95,14,1474.65,427.8,102.47,214.24,1,1,0.84697
95,16,1151.17,468.14,109.95,161.0,1,1,0.86935
95,17,673.67,490.23,148.53,179.16,1,1,0.86118
95,21,1660.77,678.52,91.31,192.22,1,1,0.8672
95,24,766.5,387.18,124.99,178.49,1,1,0.89415
95,26,515.42,468.8,112.37,181.54,1,1,0.86825
95,1,-0.88,642.7,35.49,247.44,1,1,0.65063
96,2,1418.68,687.02,133.55,171.17,1,1,0.9058
96,4,1699.24,482.88,98.74,171.33,1,1,0.86738
96,5,1070.47,539.29,151.34,160.75,1,1,0.86245
96,8,1130.07,453.17,62.12,131.91,1,1,0.74944
96,9,1573.11,676.03,104.32,188.97,1,1,0.89285
96,10,911.63,593.85,162.44,160.44,1,1,0.91116
96,11,727.52,452.29,95.26,167.01,1,1,0.77812
96,12,1053.17,472.17,97.31,167.7,1,1,0.7655
96,13,1578.12,435.99,99.89,204.49,1,1,0.828
96,14,1488.08,427.97,97.81,211.26,1,1,0.85007
96,16,1155.97,465.48,109.88,167.18,1,1,0.86404
96,17,673.53,492.45,152.42,175.11,1,1,0.87044
96,21,1656.43,681.23,91.5,188.99,1,1,0.88614
96,24,763.37,384.19,129.93,178.47,1,1,0.8888
96,26,505.86,469.89,99.85,179.96,1,1,0.87023
97,2,1415.52,684.68,143.25,171.9,1,1,0.90549
97,4,1707.42,480.05,101.5,174.92,1,1,0.87145
97,5,1057.91,538.83,153.8,160.22,1,1,0.87498
97,9,1558.08,677.72,121.97,190.07,1,1,0.89594
97,10,912.59,591.85,165.82,160.09,1,1,0.91537
97,11,734.61,452.42,91.38,168.85,1,1,0.80434
97,12,1052.57,471.67,120.45,160.13,1,1,0.72546
97,13,1598.26,428.44,97.93,209.66,1,1,0.83661
97,14,1506.23,428.68,94.86,211.0,1,1,0.83438
97,16,1160.66,462.94,112.87,171.9,1,1,0.86475
97,17,671.49,494.66,152.49,171.56,1,1,0.87415
97,21,1654.53,684.19,92.5,187.22,1,1,0.8827
97,24,761.42,381.1,133.33,173.82,1,1,0.89346
97,26,500.29,469.53,95.8,179.15,1,1,0.87298
97,1,-0.25,646.87,38.69,240.13,1,1,0.73406
98,2,1407.87,683.74,154.72,172.39,1,1,0.90863
98,4,1716.12,480.75,104.78,177.64,1,1,0.87737
98,5,1048.99,538.85,150.68,160.91,1,1,0.89066
98,9,1547.54,680.73,137.1,193.88,1,1,0.89041
98,10,917.91,589.0,163.7,160.99,1,1,0.91901
98,11,742.5,455.71,87.12,176.14,1,1,0.8339
98,12,1091.83,472.75,96.28,154.59,1,1,0.80452
98,13,1624.33,424.06,90.69,213.16,1,1,0.84993
98,14,1520.71,426.78,73.96,195.21,1,1,0.75902
98,16,1171.45,463.39,113.32,175.66,1,1,0.8687
98,17,668.73,497.66,140.47,169.18,1,1,0.86726
98,21,1652.83,686.45,97.95,189.12,1,1,0.87741
98,24,760.35,380.54,132.48,166.25,1,1,0.89248
98,26,495.61,471.93,101.85,179.52,1,1,0.87953
98,1,0.05,674.55,40.81,227.58,1,1,0.65329
98,7,1530.18,436.5,95.1,204.46,1,1,0.8139
99,2,1407.43,683.46,151.66,170.32,1,1,0.89692
99,4,1726.83,483.07,107.39,176.41,1,1,0.88179
99,5,1048.74,537.79,151.2,161.03,1,1,0.89087
99,9,1542.92,684.22,143.31,197.4,1,1,0.8843
99,10,925.11,586.49,155.98,161.03,1,1,0.91609
99,11,751.72,458.67,88.03,171.54,1,1,0.85335
99,12,1118.54,473.14,84.93,166.39,1,1,0.85473
99,13,1646.05,423.42,89.48,212.99,1,1,0.84624
99,14,1535.38,425.32,65.16,186.73,1,1,0.77056
99,16,1180.82,463.39,116.43,177.61,1,1,0.8775
99,17,665.38,497.7,143.61,168.38,1,1,0.89586
99,21,1650.82,688.32,103.7,193.04,1,1,0.87828
99,24,759.62,380.56,122.94,164.48,1,1,0.88598
99,26,488.8,472.5,109.27,185.18,1,1,0.88973
99,7,1545.22,441.11,97.23,200.93,1,1,0.83445
99,8,1183.98,445.42,71.4,73.15,1,1,0.65064
100,2,1412.54,682.43,139.9,170.33,1,1,0.8933
100,4,1736.17,487.53,112.24,172.46,1,1,0.87544
100,5,1054.9,536.64,151.08,162.61,1,1,0.89342
100,9,1544.68,689.91,134.63,198.6,1,1,0.89068
100,10,930.68,583.21,151.56,166.88,1,1,0.90787
100,11,756.93,461.21,96.18,168.52,1,1,0.85449
100,12,1138.26,473.76,85.17,173.26,1,1,0.84789
100,13,1661.84,429.26,93.89,201.22,1,1,0.7707
100,14,1551.62,425.46,62.29,182.28,1,1,0.81255
100,16,1193.6,464.84,116.52,178.95,1,1,0.87298
100,17,659.49,496.12,155.89,169.81,1,1,0.90244
100,21,1652.32,691.18,106.77,196.94,1,1,0.87511
100,24,757.56,381.79,109.73,159.92,1,1,0.86403
100,26,484.75,474.91,112.6,190.28,1,1,0.88899
100,7,1563.04,445.97,95.14,199.89,1,1,0.82933
100,8,1200.65,446.06,70.73,63.0,1,1,0.6903
100,6,1678.32,430.65,81.09,178.64,1,1,0.76522
101,2,1422.1,680.37,121.97,171.86,1,1,0.89405
101,4,1749.08,495.53,113.98,165.05,1,1,0.86705
101,5,1067.79,535.17,146.49,163.01,1,1,0.89502
101,9,1558.59,695.87,113.21,194.13,1,1,0.88625
101,10,937.42,581.74,142.88,170.9,1,1,0.90478
101,11,768.64,464.12,101.26,165.76,1,1,0.87399
101,12,1158.18,473.69,89.12,181.04,1,1,0.8735
101,13,1687.65,429.08,94.98,193.61,1,1,0.86878
101,14,1570.77,424.66,63.61,183.0,1,1,0.84141
101,16,1210.52,457.66,114.28,188.76,1,1,0.88744
101,17,658.93,494.21,170.81,171.81,1,1,0.90789
101,21,1648.67,694.99,116.52,195.49,1,1,0.89389
101,24,757.39,382.15,100.85,163.67,1,1,0.8392
101,26,487.38,477.47,107.3,193.86,1,1,0.89097
101,7,1587.1,450.52,91.16,198.85,1,1,0.84919
101,6,1679.16,426.7,74.68,178.36,1,1,0.80226
101,0,0.54,513.09,28.62,211.58,1,1,0.72944
102,2,1434.62,679.15,106.5,172.04,1,1,0.8957
102,4,1760.71,503.84,117.78,155.7,1,1,0.87472
102,5,1086.77,533.05,134.73,163.02,1,1,0.89367
102,9,1565.73,700.62,110.12,188.24,1,1,0.89414
102,10,944.83,581.01,130.51,170.47,1,1,0.90463
102,11,778.06,462.62,110.22,166.73,1,1,0.87495
102,12,1177.72,474.06,90.53,184.0,1,1,0.86189
102,13,1724.07,428.24,86.39,181.43,1,1,0.82206
102,14,1591.88,423.38,64.88,180.42,1,1,0.84979
102,16,1229.71,457.01,111.08,189.19,1,1,0.87151
102,17,666.04,490.78,180.97,174.04,1,1,0.90612
102,21,1649.99,698.26,120.15,191.2,1,1,0.88135
102,24,759.41,382.39,114.35,165.84,1,1,0.87983
102,26,494.5,479.04,93.46,193.96,1,1,0.88512
102,7,1612.24,452.63,91.66,196.43,1,1,0.85843
102,6,1691.95,426.62,75.18,183.79,1,1,0.84094
102,0,2.37,516.32,35.39,206.19,1,1,0.68635
103,2,1448.45,679.94,93.17,170.15,1,1,0.89492
103,4,1772.2,505.05,121.37,153.32,1,1,0.88136
103,5,1098.38,530.73,123.12,163.74,1,1,0.88637
103,9,1570.1,703.87,115.09,184.03,1,1,0.89494
103,10,944.81,582.94,127.33,167.3,1,1,0.89667
103,11,786.25,459.24,120.08,169.76,1,1,0.86746
103,12,1196.59,474.07,90.86,184.31,1,1,0.86184
103,13,1760.96,426.4,80.79,134.61,1,1,0.80089
103,14,1612.42,421.89,66.43,179.86,1,1,0.86321
103,16,1249.65,455.7,106.25,188.07,1,1,0.86571
103,17,680.35,487.01,182.38,173.57,1,1,0.89353
103,21,1656.73,702.05,115.79,185.38,1,1,0.87678
103,24,761.24,381.26,122.53,163.42,1,1,0.85249
103,26,499.49,479.19,85.37,192.23,1,1,0.87786
103,7,1634.37,454.29,97.39,191.78,1,1,0.85666
103,6,1708.48,426.53,74.03,182.09,1,1,0.83902
104,2,1459.63,681.67,87.34,169.82,1,1,0.89248
104,4,1782.62,505.47,125.5,153.74,1,1,0.87016
104,5,1100.31,530.79,115.2,162.97,1,1,0.88891
104,9,1571.61,706.5,122.81,183.7,1,1,0.90172
104,10,951.9,585.12,129.61,163.16,1,1,0.89335
104,11,794.37,458.48,127.86,169.5,1,1,0.8724
104,12,1213.53,474.91,95.1,184.11,1,1,0.86854
104,13,1787.69,427.72,90.4,120.14,1,1,0.83186
104,14,1632.15,421.37,67.61,177.76,1,1,0.85772
104,16,1269.69,458.75,100.96,183.66,1,1,0.85524
104,17,696.37,484.21,178.23,175.54,1,1,0.889
104,21,1662.22,705.99,120.03,180.94,1,1,0.87739
104,24,764.46,380.54,102.75,146.03,1,1,0.76965
104,26,502.26,479.85,88.18,190.5,1,1,0.88476
104,7,1657.08,458.49,100.44,187.72,1,1,0.85653
104,6,1725.49,427.7,72.35,176.04,1,1,0.84125
105,2,1469.05,684.52,84.06,167.23,1,1,0.88489
105,4,1795.07,504.4,125.25,156.3,1,1,0.87559
105,5,1099.34,533.18,109.59,158.75,1,1,0.88456
105,9,1577.71,708.81,121.04,185.5,1,1,0.9014
105,10,958.28,586.21,135.15,160.62,1,1,0.90512
105,11,804.78,458.05,130.22,168.61,1,1,0.87004
105,12,1232.71,475.89,93.79,182.78,1,1,0.85242
105,13,1813.32,428.7,96.84,132.38,1,1,0.8266
105,14,1652.18,421.57,67.59,174.08,1,1,0.8628
105,16,1289.35,458.22,96.42,183.72,1,1,0.84894
105,17,721.07,481.7,160.22,172.98,1,1,0.88202
105,21,1667.19,708.69,126.25,176.62,1,1,0.87851
105,24,768.88,380.64,87.42,138.76,1,1,0.79781
105,26,505.07,479.76,95.43,188.3,1,1,0.87922
105,7,1680.49,463.5,99.45,183.5,1,1,0.85895
105,6,1744.61,428.55,71.44,175.37,1,1,0.83835
106,2,1475.07,687.55,89.12,165.05,1,1,0.87877
106,4,1801.77,498.65,122.88,166.88,1,1,0.8836
106,5,1101.98,534.78,110.55,161.87,1,1,0.89316
106,9,1581.61,711.97,115.82,189.82,1,1,0.89437
106,10,961.35,587.88,142.24,162.54,1,1,0.90171
106,11,815.26,458.05,129.77,172.13,1,1,0.87559
106,12,1250.71,476.32,93.22,184.06,1,1,0.84713
106,13,1828.01,430.79,97.34,153.6,1,1,0.87516
106,14,1670.82,421.94,68.63,172.2,1,1,0.85998
106,16,1306.7,467.17,96.31,175.95,1,1,0.82019
106,17,742.59,480.08,140.95,177.58,1,1,0.87908
106,21,1667.15,711.65,137.14,173.9,1,1,0.88709
106,24,774.01,381.35,81.2,134.22,1,1,0.80986
106,26,505.57,479.91,107.16,187.96,1,1,0.88498
106,7,1704.61,468.44,96.96,179.9,1,1,0.84618
106,6,1763.21,429.62,68.79,174.12,1,1,0.80334
106,0,3.64,560.96,46.49,172.47,1,1,0.79071
107,2,1481.26,689.58,91.07,165.63,1,1,0.88074
107,4,1807.29,499.16,117.88,169.21,1,1,0.86925
107,5,1108.32,536.06,112.84,161.71,1,1,0.89405
107,9,1581.09,715.61,110.19,188.59,1,1,0.88574
107,10,963.05,589.39,146.83,165.31,1,1,0.89941
107,11,823.37,459.53,124.98,170.92,1,1,0.8737
107,12,1267.12,475.87,94.99,186.2,1,1,0.84607
107,13,1844.24,430.37,85.26,163.01,1,1,0.84905
107,14,1688.23,422.91,68.36,168.21,1,1,0.86528
107,16,1320.43,471.35,96.61,171.75,1,1,0.80986
107,17,754.76,480.73,125.71,178.94,1,1,0.87433
107,21,1663.23,715.0,145.92,171.92,1,1,0.88898
107,24,776.9,382.0,77.31,138.83,1,1,0.8134
107,26,506.84,480.26,109.23,190.54,1,1,0.88884
107,7,1725.38,470.81,93.2,177.61,1,1,0.83734
107,6,1779.18,432.26,66.9,172.98,1,1,0.75977
107,0,2.2,569.44,56.52,171.91,1,1,0.8114
108,2,1484.62,690.95,92.15,165.38,1,1,0.87787
108,4,1809.23,504.22,114.42,165.7,1,1,0.87201
108,5,1116.35,536.33,112.24,163.69,1,1,0.89507
108,9,1578.08,718.3,102.66,186.4,1,1,0.88001
108,10,962.01,590.94,147.68,165.06,1,1,0.89867
108,11,833.17,459.92,114.31,169.41,1,1,0.87629
108,12,1283.03,474.47,93.39,189.54,1,1,0.84119
108,13,1862.48,431.12,66.25,173.83,1,1,0.83961
108,14,1705.72,424.12,66.35,163.95,1,1,0.85862
108,16,1331.53,471.61,100.05,176.11,1,1,0.80718
108,17,760.19,484.14,114.31,176.13,1,1,0.88547
108,21,1662.34,718.95,149.32,174.73,1,1,0.89117
108,24,779.03,383.73,73.45,142.91,1,1,0.83007
108,26,509.28,482.31,105.68,195.12,1,1,0.8839
108,7,1742.79,473.36,91.23,175.19,1,1,0.83765
108,0,1.29,570.94,63.0,170.72,1,1,0.79897
109,2,1485.84,692.06,95.03,164.87,1,1,0.88007
109,4,1817.0,511.05,106.21,158.67,1,1,0.85564
109,5,1124.0,536.2,104.34,167.2,1,1,0.89232
109,9,1572.35,720.51,103.3,183.32,1,1,0.87307
109,10,953.84,593.1,141.42,163.24,1,1,0.8918
109,11,838.1,458.75,112.26,169.27,1,1,0.87416
109,12,1298.49,468.33,100.02,193.11,1,1,0.79433
109,13,1879.23,433.04,46.75,167.96,1,1,0.7829
109,14,1722.98,425.46,64.31,163.05,1,1,0.85873
109,16,1344.79,472.54,101.11,174.26,1,1,0.79911
109,17,758.4,488.0,122.48,171.9,1,1,0.89111
109,21,1657.98,723.2,147.44,173.1,1,1,0.88423
109,24,778.79,383.48,73.5,145.25,1,1,0.8405
109,26,511.07,486.1,97.08,198.35,1,1,0.88188
109,7,1757.08,472.44,92.18,175.36,1,1,0.84756
109,0,0.46,575.3,69.1,165.95,1,1,0.79158
109,6,1809.54,428.11,67.19,110.75,1,1,0.70705
110,2,1488.04,693.54,90.77,162.79,1,1,0.86165
110,4,1824.78,522.39,97.62,145.78,1,1,0.85501
110,5,1132.37,537.47,86.37,166.07,1,1,0.88508
110,9,1568.27,722.96,108.8,180.05,1,1,0.86756
110,10,948.63,592.94,131.4,161.58,1,1,0.87971
110,11,845.33,457.44,110.93,169.3,1,1,0.86385
110,12,1314.59,471.92,108.05,190.77,1,1,0.81794
110,14,1737.8,426.79,62.75,162.96,1,1,0.85178
110,17,758.88,491.66,132.87,167.26,1,1,0.87769
110,21,1659.54,728.32,134.17,167.97,1,1,0.87032
110,24,777.8,381.81,76.2,147.91,1,1,0.83209
110,26,510.47,490.61,88.55,195.56,1,1,0.88243
110,7,1771.7,473.93,85.45,164.47,1,1,0.82101
110,0,-0.05,574.95,70.75,171.65,1,1,0.80984
110,6,1823.43,425.56,76.17,113.02,1,1,0.77919
111,2,1486.15,695.71,92.54,158.53,1,1,0.8549
111,4,1825.14,518.74,96.51,149.09,1,1,0.85613
111,5,1136.82,539.72,77.53,163.41,1,1,0.89987
111,9,1565.51,725.34,112.21,178.51,1,1,0.87693
111,10,949.01,593.44,125.38,158.98,1,1,0.88077
111,11,851.41,456.51,109.51,178.06,1,1,0.83165
111,12,1331.06,466.56,109.79,196.49,1,1,0.81151
111,14,1751.83,427.79,61.05,165.99,1,1,0.84082
111,17,761.23,493.57,137.43,162.99,1,1,0.8634
111,21,1661.83,733.27,118.62,162.46,1,1,0.88301
111,24,775.71,379.78,79.44,152.37,1,1,0.82606
111,26,509.33,497.11,95.36,188.41,1,1,0.89989
111,7,1783.6,473.16,82.73,154.32,1,1,0.81216
111,0,-0.42,588.56,58.58,162.85,1,1,0.81845
111,6,1835.22,423.39,78.03,122.88,1,1,0.80687
112,2,1484.57,697.59,95.75,154.24,1,1,0.86401
112,4,1825.68,516.95,95.13,153.08,1,1,0.84132
112,5,1138.89,540.93,75.28,159.94,1,1,0.89722
112,9,1564.53,726.92,109.0,178.64,1,1,0.87818
112,10,948.15,590.24,131.39,159.94,1,1,0.8763
112,11,854.5,456.15,108.09,183.37,1,1,0.83078
112,12,1360.96,474.79,95.64,188.72,1,1,0.82444
112,14,1766.04,427.22,58.12,169.44,1,1,0.81615
112,17,763.19,496.83,141.02,161.47,1,1,0.86652
112,21,1665.08,736.14,109.93,156.82,1,1,0.89283
112,24,771.85,376.41,83.83,161.38,1,1,0.81861
112,26,506.59,501.64,107.6,183.57,1,1,0.90193
112,7,1793.84,472.16,79.23,146.97,1,1,0.79606
112,0,-0.93,580.45,56.64,169.89,1,1,0.83916
112,6,1847.12,420.57,72.16,130.22,1,1,0.79093
113,2,1485.16,698.9,97.71,151.8,1,1,0.85016
113,4,1828.03,519.99,92.19,154.93,1,1,0.83435
113,5,1136.01,542.13,80.61,158.42,1,1,0.90593
113,9,1562.43,729.7,105.32,182.06,1,1,0.87044
113,10,944.31,587.03,143.23,161.06,1,1,0.89126
113,11,854.14,456.62,105.2,173.4,1,1,0.82898
113,12,1382.76,478.44,91.24,185.15,1,1,0.82287
113,14,1778.01,427.17,61.81,173.77,1,1,0.81537
113,17,769.69,497.83,137.13,162.9,1,1,0.86559
113,21,1665.19,738.76,107.82,157.87,1,1,0.8889
113,24,772.48,374.0,81.77,163.84,1,1,0.82863
113,26,503.07,505.13,118.12,183.08,1,1,0.90396
113,0,-1.2,571.52,64.75,177.12,1,1,0.83782
113,6,1857.22,418.32,65.49,146.41,1,1,0.80431
114,2,1488.16,699.14,93.83,153.05,1,1,0.84732
114,4,1828.86,514.47,91.1,168.75,1,1,0.84082
114,5,1130.47,543.16,89.53,160.24,1,1,0.91361
114,9,1559.24,733.9,96.2,185.85,1,1,0.86353
114,10,940.38,583.36,153.29,161.17,1,1,0.90828
114,11,859.14,457.72,94.88,168.49,1,1,0.83146
114,12,1398.04,480.47,90.16,184.39,1,1,0.83775
114,14,1790.29,427.03,62.4,180.04,1,1,0.8235
114,17,775.13,497.24,133.94,165.48,1,1,0.85307
114,21,1664.85,740.87,106.98,165.14,1,1,0.89061
114,24,775.29,371.97,82.02,168.52,1,1,0.81865
114,26,498.91,508.57,124.44,186.56,1,1,0.90419
114,0,-1.25,570.41,74.79,177.12,1,1,0.83477
114,6,1869.65,417.85,53.76,168.28,1,1,0.80244
114,15,1364.47,462.44,70.78,162.24,1,1,0.73415
115,2,1494.25,698.66,85.16,158.64,1,1,0.85932
115,5,1131.17,543.48,95.62,164.58,1,1,0.91556
115,9,1553.73,738.43,96.73,183.82,1,1,0.88089
115,10,943.27,580.57,150.58,161.81,1,1,0.90318
115,11,865.81,458.39,86.0,172.71,1,1,0.86574
115,12,1413.88,480.37,87.22,185.81,1,1,0.84693
115,14,1801.53,426.87,64.58,181.2,1,1,0.84651
115,17,780.18,496.23,121.29,166.81,1,1,0.86753
115,21,1665.72,744.86,108.5,171.37,1,1,0.91345
115,24,778.93,370.8,81.46,171.07,1,1,0.83978
115,26,498.11,511.68,122.0,190.55,1,1,0.91997
115,0,-0.71,572.26,79.64,174.39,1,1,0.83535
115,6,1886.29,421.22,36.84,188.52,1,1,0.77818
115,15,1377.55,462.25,74.68,163.75,1,1,0.77999
115,7,1833.24,493.77,84.52,185.04,1,1,0.81097
116,2,1506.03,698.35,80.83,164.04,1,1,0.85804
116,5,1138.27,543.85,97.89,167.33,1,1,0.90353
116,9,1550.24,743.95,106.38,178.48,1,1,0.88254
116,10,945.13,581.29,145.57,164.74,1,1,0.86835
116,11,874.08,458.45,82.74,174.44,1,1,0.87092
116,12,1431.09,479.37,83.25,187.67,1,1,0.84447
116,14,1816.31,424.83,63.72,179.56,1,1,0.83228
116,17,778.53,495.91,113.99,167.64,1,1,0.89381
116,21,1666.87,747.97,104.95,173.74,1,1,0.90279
116,24,777.7,367.73,79.12,169.59,1,1,0.87029
116,26,497.98,514.84,115.37,189.79,1,1,0.90211
116,0,0.23,584.43,80.89,162.99,1,1,0.79139
116,6,1902.49,425.38,19.41,191.55,1,1,0.64695
116,15,1390.82,464.57,74.2,164.53,1,1,0.80882
116,7,1857.86,472.84,66.32,176.63,1,1,0.74835
116,4,1831.77,514.39,89.24,173.18,1,1,0.87101
117,2,1518.48,699.1,71.99,160.25,1,1,0.74101
117,5,1142.98,544.75,99.27,165.46,1,1,0.91023
117,9,1546.26,747.65,122.77,173.8,1,1,0.87642
117,10,946.46,581.8,126.08,164.34,1,1,0.82212
117,11,886.14,459.43,80.11,166.76,1,1,0.8483
117,12,1446.0,478.71,83.1,186.94,1,1,0.84014
117,14,1829.54,423.11,66.84,178.85,1,1,0.8041
117,17,778.58,494.39,113.86,168.14,1,1,0.89324
117,21,1668.08,749.84,102.08,173.34,1,1,0.8962
117,24,775.28,366.93,82.75,167.92,1,1,0.88321
117,26,502.44,517.35,104.09,186.12,1,1,0.91388
117,0,0.96,584.92,76.65,167.52,1,1,0.84566
117,15,1404.85,466.41,74.39,161.37,1,1,0.78438
117,7,1873.36,464.81,51.61,160.92,1,1,0.7584
117,4,1836.59,515.51,84.9,171.97,1,1,0.86942
118,2,1526.52,699.66,74.89,152.92,1,1,0.68754
118,5,1148.86,546.38,100.85,162.13,1,1,0.91863
118,9,1545.95,749.39,131.6,172.15,1,1,0.8832
118,10,949.8,583.76,110.17,161.1,1,1,0.87299
118,11,896.57,460.53,81.5,158.46,1,1,0.86248
118,12,1465.57,480.71,80.16,182.41,1,1,0.84297
118,14,1845.7,420.16,68.64,145.9,1,1,0.78985
118,17,784.84,489.1,121.04,171.15,1,1,0.91309
118,21,1672.14,752.02,110.77,171.06,1,1,0.90397
118,24,775.42,368.43,88.74,163.56,1,1,0.84314
118,26,507.86,519.23,106.93,181.69,1,1,0.92636
118,0,1.71,586.63,70.24,166.46,1,1,0.86077
118,15,1423.95,467.38,73.23,158.12,1,1,0.68326
118,7,1885.84,458.55,38.48,156.53,1,1,0.74795
118,4,1839.7,517.11,82.29,159.68,1,1,0.84892
119,2,1531.27,702.1,83.43,138.54,1,1,0.80563
119,5,1156.86,547.06,103.03,163.94,1,1,0.90272
119,9,1549.88,750.99,131.05,175.75,1,1,0.88467
119,10,952.88,585.47,105.67,159.18,1,1,0.88497
119,11,904.15,459.82,89.16,160.09,1,1,0.85615
119,12,1483.77,482.28,78.26,183.95,1,1,0.84004
119,14,1862.77,417.39,61.1,169.5,1,1,0.8303
119,17,791.43,485.89,130.65,173.88,1,1,0.87885
119,21,1675.85,753.91,123.73,169.3,1,1,0.89603
119,24,790.46,368.44,81.47,163.98,1,1,0.85216
119,26,511.62,519.8,116.32,181.96,1,1,0.89951
119,0,1.83,589.55,65.19,167.13,1,1,0.8452
119,15,1442.19,469.55,71.57,153.44,1,1,0.79698
119,4,1840.58,521.55,81.36,153.37,1,1,0.86548
120,2,1541.84,705.12,91.97,128.98,1,1,0.74546
120,5,1172.56,549.19,100.88,165.89,1,1,0.91482
120,9,1554.18,753.33,125.95,178.54,1,1,0.86907
120,10,959.42,586.08,114.03,156.66,1,1,0.89164
120,11,915.3,457.98,98.38,163.32,1,1,0.8416
120,12,1504.39,485.92,78.86,183.78,1,1,0.85437
120,14,1881.38,417.47,45.24,177.9,1,1,0.81272
120,17,801.5,482.49,136.25,172.31,1,1,0.86551
120,21,1679.92,754.96,133.67,167.18,1,1,0.90376
120,24,808.14,370.07,72.28,159.34,1,1,0.84972
120,26,515.16,521.13,124.07,178.17,1,1,0.89298
120,0,2.3,579.2,78.51,177.78,1,1,0.86028
120,15,1463.58,470.98,69.47,150.7,1,1,0.75763
120,4,1849.16,523.06,73.14,155.1,1,1,0.87025
121,2,1555.56,707.55,93.62,127.07,1,1,0.75044
121,5,1194.98,550.99,95.25,170.83,1,1,0.92725
121,9,1558.96,755.26,114.16,177.2,1,1,0.84232
121,10,964.0,586.18,126.33,152.39,1,1,0.88396
121,11,922.22,455.92,120.18,168.16,1,1,0.86169
121,12,1523.52,488.58,77.91,182.66,1,1,0.84098
121,17,816.7,480.16,139.55,170.77,1,1,0.85308
121,21,1686.11,756.25,136.5,165.4,1,1,0.90061
121,24,825.35,370.98,64.55,161.2,1,1,0.82834
121,26,523.07,522.0,123.63,178.97,1,1,0.89264
121,0,3.16,578.97,95.61,172.7,1,1,0.86773
121,15,1486.95,471.42,71.04,150.47,1,1,0.7542
121,4,1859.89,525.04,62.34,157.78,1,1,0.87113
122,2,1567.2,710.3,96.99,127.82,1,1,0.78493
122,5,1220.71,553.94,91.0,173.89,1,1,0.93494
122,9,1565.12,757.2,105.39,170.87,1,1,0.84979
122,10,971.2,587.31,135.56,150.19,1,1,0.90417
122,11,930.93,455.16,131.82,164.91,1,1,0.8416
122,12,1546.46,490.22,71.49,180.59,1,1,0.83684
122,17,833.25,478.71,131.9,163.65,1,1,0.85693
122,21,1693.49,759.11,135.71,166.87,1,1,0.908
122,24,839.56,373.01,62.86,163.77,1,1,0.81621
122,26,535.95,524.29,113.0,180.27,1,1,0.90394
122,0,3.68,583.08,110.14,169.3,1,1,0.89215
122,15,1508.86,473.09,66.34,154.3,1,1,0.8271
122,4,1873.19,527.02,48.56,161.73,1,1,0.8808
123,2,1581.91,714.22,96.38,130.12,1,1,0.82387
123,5,1242.44,557.63,95.29,173.77,1,1,0.93626
123,9,1568.03,758.81,111.54,169.66,1,1,0.87904
123,10,982.97,587.64,139.19,155.44,1,1,0.85414
123,11,950.41,454.07,131.41,169.6,1,1,0.81691
123,12,1567.44,490.27,70.42,181.1,1,1,0.83486
123,17,850.5,477.42,120.51,163.95,1,1,0.85275
123,21,1698.46,763.32,128.98,166.27,1,1,0.89386
123,24,851.75,376.14,62.09,172.02,1,1,0.82075
123,26,545.86,525.35,98.81,183.93,1,1,0.87581
123,0,3.68,584.78,119.71,173.87,1,1,0.87583
123,15,1527.89,473.32,67.33,164.33,1,1,0.82494
123,4,1881.86,529.52,39.03,165.74,1,1,0.85975
124,2,1595.14,716.72,94.35,141.7,1,1,0.83213
124,5,1251.96,560.5,107.52,171.73,1,1,0.91971
124,9,1568.31,758.46,122.45,171.95,1,1,0.89284
124,10,991.81,584.48,138.72,164.15,1,1,0.87328
124,11,961.7,454.01,129.46,170.1,1,1,0.85148
124,12,1586.91,489.04,70.33,182.1,1,1,0.85638
124,17,867.42,477.2,104.73,162.25,1,1,0.86147
124,21,1702.52,766.88,118.1,164.07,1,1,0.89667
124,24,863.33,381.13,61.73,174.57,1,1,0.84109
124,26,553.26,527.15,91.45,183.49,1,1,0.88761
124,0,3.08,584.88,129.05,179.22,1,1,0.8984
124,15,1543.12,473.48,71.04,170.52,1,1,0.83774
124,4,1888.47,531.32,31.6,148.46,1,1,0.72184
125,2,1609.51,717.79,93.74,161.34,1,1,0.8649
125,5,1260.43,561.99,121.06,169.76,1,1,0.91385
125,9,1568.64,758.18,129.13,173.37,1,1,0.90271
125,10,996.65,582.63,135.0,167.03,1,1,0.88967
125,11,971.25,455.03,124.32,167.63,1,1,0.85509
125,12,1606.3,487.24,69.15,183.36,1,1,0.84711
125,17,878.25,477.95,88.82,159.08,1,1,0.86159
125,21,1705.71,770.47,114.07,159.94,1,1,0.89305
125,24,872.18,385.08,63.73,167.66,1,1,0.84219
125,26,559.21,527.9,99.06,181.24,1,1,0.89609
125,0,3.82,585.71,124.07,179.21,1,1,0.88878
125,15,1561.87,473.28,71.53,171.89,1,1,0.83982
125,4,1893.72,526.35,25.82,159.44,1,1,0.71966
126,2,1620.92,717.36,97.4,166.23,1,1,0.86352
126,5,1272.49,562.77,128.22,169.08,1,1,0.91975
126,9,1568.47,758.47,134.02,178.17,1,1,0.87629
126,10,995.95,584.08,126.6,165.53,1,1,0.87815
126,11,974.63,454.96,126.43,168.38,1,1,0.87524
126,12,1626.25,484.59,68.3,184.6,1,1,0.83121
126,17,881.85,478.72,84.43,155.63,1,1,0.86197
126,21,1707.45,772.61,120.98,156.06,1,1,0.86526
126,24,880.56,387.19,64.12,161.44,1,1,0.84477
126,26,562.51,529.26,111.77,179.65,1,1,0.89165
126,0,2.49,586.69,118.62,177.83,1,1,0.89853
126,15,1582.54,473.38,69.38,171.38,1,1,0.82024
126,4,1895.72,531.25,23.55,159.95,1,1,0.72469
127,2,1629.87,717.5,97.49,172.53,1,1,0.8478
127,5,1289.92,565.13,126.24,168.74,1,1,0.93311
127,9,1573.44,760.72,107.41,178.1,1,1,0.78025
127,10,1005.75,586.15,109.69,162.83,1,1,0.86378
127,11,984.88,455.51,129.49,172.95,1,1,0.84694
127,12,1646.1,483.31,66.73,185.16,1,1,0.82806
127,17,888.73,479.24,92.88,155.75,1,1,0.82793
127,21,1710.71,777.12,127.71,155.83,1,1,0.88382
127,24,887.31,388.41,66.18,162.82,1,1,0.83679
127,26,565.11,531.78,120.47,177.56,1,1,0.89549
127,0,3.51,588.42,128.31,174.45,1,1,0.9036
127,15,1602.45,473.05,66.89,171.11,1,1,0.83109
128,2,1637.48,718.06,98.03,166.87,1,1,0.85845
128,5,1304.71,566.98,124.12,170.53,1,1,0.94276
128,9,1576.81,762.15,85.6,176.96,1,1,0.83196
128,10,1006.51,588.12,118.22,160.03,1,1,0.8741
128,11,994.0,455.78,135.38,170.06,1,1,0.8782
128,12,1660.11,484.79,69.71,184.13,1,1,0.83427
128,17,893.2,477.62,106.28,160.24,1,1,0.82458
128,21,1714.58,778.86,132.4,162.35,1,1,0.89175
128,24,891.01,389.49,69.95,164.54,1,1,0.83855
128,26,568.76,535.37,121.42,175.81,1,1,0.91385
128,0,11.48,590.76,132.51,167.28,1,1,0.90467
128,15,1620.16,473.53,64.16,170.12,1,1,0.82764
129,2,1643.45,718.88,99.8,170.58,1,1,0.87147
129,5,1314.97,569.79,121.84,172.13,1,1,0.91155
129,9,1571.84,761.34,93.36,177.82,1,1,0.86352
129,10,1007.15,587.57,129.25,160.55,1,1,0.88065
129,11,1005.87,454.5,138.12,171.93,1,1,0.87675
129,12,1670.7,485.99,75.55,184.87,1,1,0.8328
129,17,893.98,478.47,118.97,159.69,1,1,0.85758
129,21,1716.59,781.5,131.89,168.9,1,1,0.88952
129,24,891.54,389.8,78.46,163.48,1,1,0.82264
129,26,575.08,538.69,113.64,176.51,1,1,0.89421
129,0,19.32,591.52,137.13,167.29,1,1,0.88429
129,15,1636.4,473.08,64.38,171.11,1,1,0.83279
130,2,1648.26,719.8,95.48,174.27,1,1,0.85382
130,5,1321.93,572.46,118.49,171.85,1,1,0.89089
130,9,1564.56,759.73,108.36,180.54,1,1,0.87289
130,10,1005.88,586.87,141.91,158.76,1,1,0.88512
130,11,1016.69,455.24,140.17,170.0,1,1,0.87212
130,12,1684.44,488.16,79.68,184.73,1,1,0.82648
130,17,898.25,478.75,123.76,157.72,1,1,0.85503
130,21,1717.08,784.57,121.99,172.96,1,1,0.87128
130,24,899.09,392.14,79.91,163.35,1,1,0.79614
130,26,579.68,540.89,103.4,177.74,1,1,0.87959
130,0,22.3,592.1,140.7,171.62,1,1,0.87644
130,15,1652.88,474.35,65.35,169.16,1,1,0.82464
131,2,1656.06,720.17,89.6,175.72,1,1,0.84647
131,5,1329.17,574.29,110.77,170.1,1,1,0.89105
131,9,1566.26,755.81,114.52,182.73,1,1,0.86535
131,10,1008.09,584.53,146.17,158.78,1,1,0.88081
131,11,1030.03,453.79,136.79,163.86,1,1,0.87243
131,12,1701.08,491.04,80.24,182.97,1,1,0.8348
131,17,910.53,477.78,119.89,156.27,1,1,0.86533
131,21,1718.63,786.76,105.78,171.87,1,1,0.86317
131,24,910.79,392.16,75.25,164.64,1,1,0.80885
131,26,584.0,540.3,93.89,177.68,1,1,0.87646
131,0,25.39,591.28,133.31,172.46,1,1,0.8659
131,15,1669.97,474.53,66.04,166.44,1,1,0.83539
132,2,1663.6,719.2,84.46,177.22,1,1,0.84552
132,5,1335.25,573.68,114.57,169.73,1,1,0.89057
132,9,1562.61,750.45,126.24,184.07,1,1,0.88293
132,10,1017.05,579.11,138.79,167.36,1,1,0.85281
132,11,1045.7,452.02,126.32,167.25,1,1,0.87274
132,12,1718.4,493.4,77.9,180.2,1,1,0.83325
132,17,921.49,476.14,114.39,154.89,1,1,0.8545
132,21,1713.77,785.08,114.62,171.37,1,1,0.84436
132,24,921.21,389.67,67.79,153.63,1,1,0.77209
132,26,590.6,538.23,96.25,175.4,1,1,0.88049
132,0,31.22,588.05,124.58,173.88,1,1,0.86017
132,15,1683.85,473.93,68.82,164.53,1,1,0.85162
133,2,1669.31,718.04,81.33,168.21,1,1,0.77079
133,5,1345.2,573.36,120.56,167.96,1,1,0.89767
133,9,1554.21,747.93,140.18,181.29,1,1,0.88581
133,10,1027.28,578.69,127.09,167.77,1,1,0.84089
133,11,1062.51,449.32,111.34,169.6,1,1,0.86444
133,12,1737.32,495.51,76.01,175.6,1,1,0.84222
133,17,941.02,473.47,101.57,154.05,1,1,0.83604
133,21,1708.95,783.19,131.3,169.61,1,1,0.88024
133,24,931.05,387.67,67.49,152.4,1,1,0.80366
133,26,595.7,535.49,103.76,172.44,1,1,0.88115
133,0,36.47,586.21,113.83,172.44,1,1,0.8442
133,15,1697.13,473.07,72.47,163.04,1,1,0.86431
134,2,1676.03,716.54,80.55,151.83,1,1,0.73331
134,5,1356.43,574.01,124.36,165.78,1,1,0.8983
134,9,1552.85,747.4,145.82,178.8,1,1,0.87738
134,10,1036.27,579.21,113.4,167.15,1,1,0.86115
134,11,1079.02,447.72,96.86,171.13,1,1,0.85954
134,12,1758.72,497.36,74.71,171.63,1,1,0.83516
134,17,961.0,474.11,83.8,151.24,1,1,0.82406
134,21,1710.95,781.15,141.94,167.13,1,1,0.87504
134,24,942.3,385.0,66.36,142.41,1,1,0.81041
134,26,600.6,536.26,112.0,170.26,1,1,0.88257
134,0,43.7,583.74,112.72,172.37,1,1,0.84623
134,15,1711.55,474.2,78.13,161.34,1,1,0.86725
135,2,1687.14,717.73,84.34,149.74,1,1,0.79647
135,5,1367.76,576.87,127.35,166.93,1,1,0.89706
135,9,1558.5,751.0,142.89,177.43,1,1,0.89216
135,10,1033.74,582.77,106.0,163.55,1,1,0.883
135,11,1095.64,447.52,84.92,173.1,1,1,0.87467
135,12,1781.87,499.88,74.72,171.11,1,1,0.846
135,17,967.37,475.98,75.33,149.8,1,1,0.84714
135,21,1714.16,780.99,148.98,165.13,1,1,0.89207
135,24,955.34,383.51,64.55,132.13,1,1,0.83452
135,26,611.01,540.28,107.87,168.14,1,1,0.89159
135,0,54.32,585.12,118.32,165.78,1,1,0.87989
135,15,1727.72,479.02,83.15,160.1,1,1,0.86928
136,2,1698.61,718.61,95.98,157.73,1,1,0.64603
136,5,1380.23,578.44,125.49,169.83,1,1,0.88096
136,9,1569.85,752.33,126.48,177.42,1,1,0.86929
136,10,1044.62,585.48,105.72,159.13,1,1,0.87344
136,11,1109.25,446.13,88.15,176.3,1,1,0.88016
136,12,1806.0,501.79,74.52,172.3,1,1,0.84549
136,17,975.73,475.05,87.01,159.83,1,1,0.83263
136,21,1719.82,778.66,151.3,170.58,1,1,0.87982
136,24,967.23,384.38,66.4,128.21,1,1,0.80499
136,26,621.92,544.26,100.31,165.16,1,1,0.88371
136,0,65.44,584.77,126.08,162.71,1,1,0.88404
136,15,1745.47,483.48,88.0,156.71,1,1,0.8729
137,2,1712.98,718.22,98.98,154.89,1,1,0.65194
137,5,1394.06,579.13,116.41,171.11,1,1,0.8882
137,9,1582.66,750.95,109.08,179.48,1,1,0.8628
137,10,1051.35,586.09,117.9,157.14,1,1,0.87735
137,11,1123.93,443.84,94.47,176.84,1,1,0.88809
137,12,1832.82,502.91,73.23,172.8,1,1,0.84629
137,17,988.21,474.62,91.41,145.84,1,1,0.82864
137,21,1726.32,780.83,144.33,174.17,1,1,0.86406
137,24,982.71,382.9,67.56,129.37,1,1,0.77756
137,26,633.08,548.02,91.45,161.31,1,1,0.88347
137,0,73.69,584.15,133.45,163.2,1,1,0.88853
137,15,1766.42,486.67,91.69,157.23,1,1,0.87724
138,2,1727.03,718.13,107.32,169.39,1,1,0.72747
138,5,1407.71,580.19,108.36,168.21,1,1,0.89497
138,9,1593.89,749.0,93.53,180.38,1,1,0.84603
138,10,1057.65,582.66,130.51,159.7,1,1,0.88917
138,11,1136.93,441.83,104.59,177.23,1,1,0.89577
138,12,1859.83,504.78,62.72,173.11,1,1,0.85991
138,17,997.23,475.83,100.8,137.54,1,1,0.84354
138,21,1734.37,781.59,128.63,176.03,1,1,0.85058
138,24,996.69,383.65,68.16,147.95,1,1,0.79621
138,26,643.23,549.51,91.54,159.77,1,1,0.8846
138,0,77.69,582.38,143.71,167.64,1,1,0.87975
138,15,1790.07,488.47,93.97,157.91,1,1,0.88185
138,31,3.92,820.44,60.84,216.3,1,1,0.73248
139,2,1744.45,718.54,94.96,164.09,1,1,0.71448
139,5,1424.73,579.7,112.0,168.57,1,1,0.8913
139,9,1604.5,746.12,88.58,182.21,1,1,0.85259
139,10,1066.28,581.61,137.67,161.95,1,1,0.87738
139,11,1151.46,440.1,113.94,175.44,1,1,0.89205
139,12,1883.08,514.17,44.23,159.47,1,1,0.7639
139,17,1010.58,475.46,109.64,137.73,1,1,0.85927
139,21,1745.22,784.01,112.2,173.73,1,1,0.85529
139,24,1011.84,385.68,82.89,154.04,1,1,0.80937
139,26,658.24,549.74,98.24,158.34,1,1,0.88383
139,0,86.69,580.87,141.06,171.36,1,1,0.87952
139,15,1819.24,490.71,93.42,160.12,1,1,0.88552
139,31,7.43,811.61,71.98,223.77,1,1,0.81134
140,2,1763.3,718.78,85.38,156.25,1,1,0.75529
140,5,1438.95,579.6,121.02,168.06,1,1,0.89669
140,9,1610.82,742.46,97.68,183.02,1,1,0.85609
140,10,1080.18,578.34,137.6,168.54,1,1,0.87114
140,11,1165.95,438.24,121.55,171.99,1,1,0.89263
140,17,1027.21,473.87,104.08,141.92,1,1,0.83484
140,21,1752.49,784.94,118.9,170.91,1,1,0.85699
140,24,1029.17,386.83,75.76,157.11,1,1,0.81085
140,26,663.2,549.53,111.87,155.59,1,1,0.88455
140,0,104.21,579.4,127.26,171.34,1,1,0.87669
140,15,1847.17,490.48,78.37,160.8,1,1,0.89096
140,31,6.77,806.55,84.01,222.2,1,1,0.82948
141,2,1782.37,718.13,85.88,163.85,1,1,0.72022
141,5,1451.96,578.91,127.39,166.92,1,1,0.9047
141,9,1619.44,739.79,105.23,183.57,1,1,0.86836
141,10,1096.39,576.73,126.95,170.93,1,1,0.8589
141,11,1182.08,436.53,122.45,170.38,1,1,0.89248
141,17,1045.65,469.74,98.52,147.77,1,1,0.83779
141,21,1759.15,783.61,127.96,168.86,1,1,0.86746
141,24,1047.44,386.26,70.48,154.3,1,1,0.72825
141,26,667.68,549.23,120.74,155.48,1,1,0.88316
141,0,120.34,577.02,110.35,171.58,1,1,0.85663
141,15,1872.07,480.36,55.55,171.84,1,1,0.82487
141,31,4.98,815.01,87.89,207.46,1,1,0.85381
142,2,1798.45,721.86,92.26,175.86,1,1,0.78345
142,5,1463.93,578.27,130.11,169.27,1,1,0.90393
142,9,1619.51,739.35,118.3,184.98,1,1,0.88298
142,10,1101.78,577.52,120.25,170.56,1,1,0.86897
142,11,1200.68,437.08,117.49,168.26,1,1,0.89534
142,17,1067.17,471.64,82.63,148.98,1,1,0.80346
142,21,1765.48,783.88,132.57,169.33,1,1,0.86373
142,24,1064.57,385.72,63.53,134.06,1,1,0.75354
142,26,680.6,551.15,113.31,156.21,1,1,0.87866
142,0,131.34,575.97,96.8,172.06,1,1,0.84986
142,31,2.99,820.91,84.37,197.98,1,1,0.88604
143,2,1811.87,725.75,98.67,178.35,1,1,0.83757
143,5,1475.66,580.24,128.11,168.9,1,1,0.8897
143,9,1621.15,741.48,125.12,184.35,1,1,0.89884
143,10,1104.49,578.12,110.64,169.04,1,1,0.8632
143,11,1219.34,438.96,107.23,165.55,1,1,0.89367
143,17,1086.09,477.8,69.28,140.99,1,1,0.84135
143,21,1770.08,787.84,138.25,167.99,1,1,0.87465
143,24,1078.1,385.73,60.6,133.36,1,1,0.80637
143,26,697.59,556.17,87.25,151.89,1,1,0.85993
143,0,137.79,577.07,91.23,169.69,1,1,0.84934
143,31,1.41,823.06,75.54,196.11,1,1,0.87925
144,2,1821.86,730.78,98.16,172.69,1,1,0.85493
144,5,1484.99,581.47,121.22,168.3,1,1,0.88815
144,9,1625.83,744.14,125.86,183.43,1,1,0.89692
144,10,1106.13,582.66,109.26,163.45,1,1,0.88619
144,11,1234.94,438.83,97.95,164.91,1,1,0.88989
144,17,1096.95,480.55,67.12,135.07,1,1,0.82083
144,21,1774.17,785.05,130.45,175.65,1,1,0.8141
144,24,1088.26,382.58,63.91,142.14,1,1,0.78943
144,26,710.03,560.96,75.21,147.12,1,1,0.86044
144,0,143.61,576.91,94.99,168.97,1,1,0.87146
144,31,0.34,821.46,73.97,195.62,1,1,0.87448
144,35,2.75,636.69,35.22,158.3,1,1,0.66254
145,2,1832.16,735.99,90.62,164.55,1,1,0.86556
145,5,1492.55,583.43,110.38,165.69,1,1,0.88274
145,9,1637.03,747.58,112.2,181.4,1,1,0.87686
145,10,1109.57,584.19,117.82,161.84,1,1,0.88081
145,11,1246.96,438.2,89.4,165.38,1,1,0.87559
145,17,1103.27,482.01,76.73,148.99,1,1,0.81186
145,21,1774.82,786.61,106.94,176.94,1,1,0.83852
145,24,1100.14,379.22,64.58,140.59,1,1,0.79794
145,26,714.5,564.55,79.85,142.13,1,1,0.86245
145,0,141.59,578.12,105.73,166.96,1,1,0.87023
145,31,0.98,821.11,77.55,193.82,1,1,0.85888
145,35,4.17,625.29,51.18,167.75,1,1,0.82475
146,2,1843.16,738.41,79.4,161.44,1,1,0.82438
146,5,1498.22,584.13,112.62,163.87,1,1,0.88745
146,9,1645.3,748.86,98.23,180.93,1,1,0.86735
146,10,1110.49,584.32,129.59,159.04,1,1,0.87946
146,11,1255.55,436.0,82.83,167.9,1,1,0.8747
146,17,1105.44,483.37,94.07,154.35,1,1,0.86754
146,21,1773.39,787.02,100.83,177.75,1,1,0.87856
146,24,1111.43,376.72,65.03,137.09,1,1,0.7699
146,26,715.79,566.92,93.28,139.58,1,1,0.87378
146,0,129.91,579.53,121.79,166.32,1,1,0.88696
146,31,3.41,820.3,83.28,195.22,1,1,0.84702
146,35,3.95,624.41,63.37,167.96,1,1,0.84766
146,36,2.12,858.81,41.09,177.85,1,1,0.77521
147,2,1851.55,741.06,70.16,162.14,1,1,0.82121
147,5,1506.18,583.12,117.05,163.76,1,1,0.89285
147,9,1649.1,746.36,87.07,181.43,1,1,0.86735
147,10,1116.46,581.62,130.5,156.33,1,1,0.88137
147,11,1266.77,431.76,78.98,170.3,1,1,0.86846
147,17,1107.78,484.43,102.98,159.22,1,1,0.88125
147,21,1770.64,784.94,112.67,179.04,1,1,0.88374
147,24,1120.73,373.74,76.12,152.64,1,1,0.79488
147,26,709.73,567.87,109.15,143.64,1,1,0.8798
147,0,124.33,580.01,126.05,165.92,1,1,0.88619
147,31,7.63,817.43,83.85,188.21,1,1,0.82414
147,35,2.92,621.41,69.11,164.25,1,1,0.84585
147,36,3.17,859.44,47.65,183.24,1,1,0.77054
148,2,1863.38,742.71,57.97,159.68,1,1,0.79071
148,5,1513.26,581.29,123.15,162.98,1,1,0.8954
148,9,1651.65,743.19,92.46,182.93,1,1,0.86882
148,10,1117.48,579.54,135.65,157.76,1,1,0.89843
148,11,1281.35,426.46,80.51,172.87,1,1,0.87231
148,17,1115.03,485.47,105.67,146.69,1,1,0.8528
148,21,1767.53,782.17,127.1,178.77,1,1,0.88825
148,24,1132.13,370.99,84.54,155.36,1,1,0.80286
148,26,708.17,568.59,118.7,146.1,1,1,0.88676
148,0,131.9,580.67,115.29,163.87,1,1,0.88921
148,31,16.52,815.31,78.44,174.22,1,1,0.79954
148,35,2.44,625.97,67.91,154.37,1,1,0.84581
148,36,3.01,856.06,81.23,176.81,1,1,0.84529
149,2,1866.73,745.88,54.3,157.09,1,1,0.75603
149,5,1520.61,579.44,126.26,164.01,1,1,0.89231
149,9,1656.01,740.45,99.33,183.88,1,1,0.87813
149,10,1126.32,577.08,128.38,162.71,1,1,0.88996
149,11,1292.01,422.69,88.9,175.3,1,1,0.87414
149,17,1129.58,487.75,98.13,131.71,1,1,0.84202
149,21,1768.04,779.61,136.47,175.73,1,1,0.89029
149,24,1143.3,370.43,88.48,152.75,1,1,0.82423
149,26,718.7,570.47,108.05,144.29,1,1,0.87386
149,0,139.81,581.23,102.75,161.5,1,1,0.88133
149,31,22.73,813.4,73.73,171.99,1,1,0.73602
149,35,2.34,630.34,61.1,147.97,1,1,0.843
149,36,4.07,853.87,93.51,179.8,1,1,0.85162
150,2,1877.74,701.74,43.28,165.6,1,1,0.75422
150,5,1529.28,576.0,124.84,167.31,1,1,0.88916
150,9,1660.02,736.73,109.35,185.29,1,1,0.88212
150,10,1138.75,578.75,112.91,161.61,1,1,0.86338
150,11,1300.14,419.01,101.05,175.72,1,1,0.88379
150,17,1144.79,487.29,87.85,123.65,1,1,0.82146
150,21,1765.39,775.28,140.9,176.73,1,1,0.8727
150,24,1156.23,370.36,89.29,150.31,1,1,0.83723
150,26,739.13,570.66,84.64,142.1,1,1,0.86337
150,0,147.1,579.53,93.51,158.59,1,1,0.87154
150,31,33.42,813.89,66.1,95.9,1,1,0.71712
150,35,2.22,628.44,54.07,150.56,1,1,0.84644
150,36,4.32,853.25,104.14,172.61,1,1,0.85032
151,2,1882.74,714.88,37.99,172.0,1,1,0.78236
151,5,1538.99,570.96,116.6,167.31,1,1,0.89914
151,9,1663.07,729.71,119.66,186.41,1,1,0.88489
151,10,1146.79,577.13,103.37,159.43,1,1,0.8863
151,11,1311.06,413.77,109.0,173.8,1,1,0.88402
151,17,1159.74,479.74,77.82,131.93,1,1,0.81659
151,21,1763.45,769.71,150.27,178.84,1,1,0.89379
151,24,1170.39,367.23,86.15,146.63,1,1,0.84117
151,26,757.1,567.92,70.12,138.31,1,1,0.8533
151,0,158.43,574.3,85.91,157.9,1,1,0.87781
151,31,45.19,809.62,61.84,57.93,1,1,0.69838
151,35,2.38,621.52,53.88,153.66,1,1,0.86379
151,36,8.56,842.03,113.54,173.22,1,1,0.85681
152,5,1549.8,561.94,105.72,166.99,1,1,0.88733
152,9,1669.81,720.65,123.71,186.89,1,1,0.88365
152,10,1144.45,571.71,99.52,155.53,1,1,0.89556
152,11,1326.37,405.79,110.9,173.68,1,1,0.88696
152,17,1172.13,471.52,78.0,134.63,1,1,0.85695
152,21,1770.38,760.26,148.36,184.09,1,1,0.9014
152,24,1186.33,359.94,77.97,145.71,1,1,0.84751
152,26,772.61,560.4,64.71,137.37,1,1,0.85327
152,0,171.29,564.76,82.89,161.68,1,1,0.87589
152,31,59.2,799.35,60.66,58.59,1,1,0.75798
152,35,2.82,609.35,63.36,154.29,1,1,0.88111
152,36,20.66,833.85,116.98,167.03,1,1,0.87043
153,5,1560.21,551.4,105.52,168.03,1,1,0.89377
153,9,1682.8,710.92,120.93,186.88,1,1,0.88799
153,10,1149.39,564.4,107.11,150.79,1,1,0.89487
153,11,1346.76,397.43,107.89,172.23,1,1,0.89116
153,17,1192.25,460.44,77.57,136.23,1,1,0.85772
153,21,1786.4,751.91,128.24,184.25,1,1,0.87061
153,24,1198.79,348.94,68.22,158.11,1,1,0.79803
153,26,780.5,553.19,75.25,138.8,1,1,0.87079
153,0,177.65,553.44,89.29,166.23,1,1,0.87741
153,31,72.65,790.3,62.34,60.21,1,1,0.69594
153,35,3.92,600.08,74.33,155.98,1,1,0.87772
153,36,30.52,825.91,125.4,159.97,1,1,0.86498
154,5,1570.78,540.58,112.99,167.36,1,1,0.90024
154,9,1699.96,702.03,110.93,186.49,1,1,0.88682
154,10,1157.34,555.86,115.07,147.03,1,1,0.89281
154,11,1371.65,387.53,98.75,170.99,1,1,0.87928
154,17,1206.21,445.91,86.71,140.07,1,1,0.87081
154,21,1799.36,741.16,110.78,184.74,1,1,0.88078
154,24,1213.58,337.38,72.4,166.39,1,1,0.84058
154,26,784.93,545.1,90.27,141.87,1,1,0.88375
154,0,181.77,543.78,99.42,165.7,1,1,0.88864
154,31,75.94,780.53,73.92,72.67,1,1,0.71362
154,35,4.13,587.67,85.25,159.46,1,1,0.89002
154,36,39.89,816.52,135.57,157.77,1,1,0.87689
154,38,3.46,529.58,44.15,170.41,1,1,0.82523
155,5,1584.75,529.69,118.73,166.92,1,1,0.90029
155,9,1718.08,692.06,94.53,185.78,1,1,0.87619
155,10,1165.56,548.83,126.42,145.26,1,1,0.89862
155,11,1395.46,376.59,87.12,171.33,1,1,0.86702
155,17,1218.93,427.98,94.55,144.86,1,1,0.87536
155,21,1806.11,728.95,97.99,185.85,1,1,0.86373
155,24,1232.57,325.26,78.35,166.93,1,1,0.85686
155,26,794.25,535.7,99.08,147.1,1,1,0.88477
155,0,194.52,535.27,100.15,163.17,1,1,0.88759
155,35,4.34,577.75,95.83,159.9,1,1,0.87745
155,36,52.39,805.52,142.95,159.06,1,1,0.86809
155,38,7.33,518.56,60.74,166.21,1,1,0.83463
156,5,1592.63,519.46,124.99,166.29,1,1,0.89907
156,9,1730.93,681.97,82.13,186.8,1,1,0.8687
156,10,1167.35,539.62,136.02,149.57,1,1,0.9037
156,11,1416.96,366.0,77.16,172.35,1,1,0.86683
156,17,1230.82,413.17,102.89,147.96,1,1,0.87044
156,21,1808.35,714.08,105.4,189.42,1,1,0.88278
156,24,1251.08,314.99,81.81,164.74,1,1,0.87233
156,26,810.55,529.02,94.07,145.75,1,1,0.87977
156,0,209.76,525.47,96.16,163.52,1,1,0.888
156,35,4.94,568.99,100.45,159.76,1,1,0.88313
156,36,70.43,792.61,142.75,161.81,1,1,0.86047
156,38,7.76,509.29,80.5,165.12,1,1,0.8745
157,5,1599.58,512.82,124.87,164.91,1,1,0.89067
157,9,1738.51,672.63,79.56,186.92,1,1,0.8541
157,10,1172.2,533.82,131.44,152.49,1,1,0.88134
157,11,1433.49,356.92,70.78,173.77,1,1,0.86522
157,17,1243.63,408.19,101.17,141.71,1,1,0.86489
157,21,1811.33,703.11,106.7,188.59,1,1,0.89227
157,24,1263.93,306.29,86.52,162.37,1,1,0.8573
157,26,828.96,523.2,82.21,143.13,1,1,0.85943
157,0,227.34,517.98,90.07,160.97,1,1,0.87924
157,35,12.5,566.32,94.44,156.5,1,1,0.841
157,36,91.5,786.79,137.88,159.1,1,1,0.87427
157,38,6.73,502.45,99.13,170.88,1,1,0.87215
157,31,93.62,763.21,101.98,139.41,1,1,0.78772
158,5,1607.88,509.0,113.69,164.38,1,1,0.88286
158,9,1743.43,665.87,80.33,187.47,1,1,0.85524
158,10,1183.81,528.84,114.89,154.95,1,1,0.88863
158,11,1444.84,348.52,71.6,174.85,1,1,0.87405
158,17,1251.98,403.31,101.1,147.13,1,1,0.88289
158,21,1806.02,696.61,113.2,184.42,1,1,0.90253
158,24,1268.74,300.91,95.49,156.95,1,1,0.86703
158,26,842.71,519.61,73.1,140.04,1,1,0.87102
158,0,239.13,511.46,95.76,160.95,1,1,0.88108
158,35,16.17,563.84,92.01,155.0,1,1,0.82148
158,36,112.51,779.88,132.33,159.88,1,1,0.88034
158,38,10.9,497.86,107.98,167.45,1,1,0.82805
158,31,97.16,759.65,114.96,144.08,1,1,0.81429
159,5,1613.66,506.88,99.39,161.15,1,1,0.8766
159,9,1745.0,659.9,84.57,187.16,1,1,0.86039
159,10,1188.97,527.2,89.41,153.22,1,1,0.85528
159,11,1458.06,341.69,74.67,174.93,1,1,0.87229
159,17,1260.43,400.59,93.74,151.88,1,1,0.86935
159,21,1793.87,692.64,125.44,180.96,1,1,0.88407
159,24,1282.36,297.97,90.47,146.67,1,1,0.85332
159,26,850.81,516.52,68.74,136.05,1,1,0.86835
159,0,240.68,506.13,113.11,160.19,1,1,0.87444
159,35,14.52,562.42,96.51,152.23,1,1,0.84902
159,36,134.31,772.75,126.17,160.77,1,1,0.88271
159,38,18.4,496.22,111.0,157.43,1,1,0.79112
159,31,97.56,755.35,122.5,146.85,1,1,0.87855
160,5,1617.67,503.88,81.59,158.26,1,1,0.87347
160,9,1744.8,655.2,87.44,185.35,1,1,0.86098
160,10,1185.54,525.25,85.08,149.5,1,1,0.87793
160,11,1465.8,335.11,84.13,175.96,1,1,0.88061
160,17,1270.23,398.14,84.83,153.44,1,1,0.86516
160,21,1785.86,688.62,133.23,181.56,1,1,0.88753
160,24,1292.66,295.58,88.01,138.59,1,1,0.85446
160,26,848.49,513.86,80.26,134.73,1,1,0.88466
160,0,244.14,502.23,112.45,158.9,1,1,0.87074
160,35,17.18,559.11,99.09,151.86,1,1,0.8395
160,36,156.7,766.64,120.35,161.2,1,1,0.88465
160,38,50.93,495.28,89.83,151.15,1,1,0.74563
160,31,103.5,752.27,129.01,149.27,1,1,0.87507
161,5,1622.55,500.26,81.91,158.13,1,1,0.87898
161,9,1748.34,652.17,84.29,183.7,1,1,0.86093
161,10,1183.07,523.35,95.69,146.39,1,1,0.88203
161,11,1471.4,331.08,93.48,174.9,1,1,0.88386
161,17,1280.75,397.55,80.66,151.7,1,1,0.85638
161,21,1783.43,686.33,135.26,183.04,1,1,0.89529
161,24,1300.98,293.02,81.86,135.09,1,1,0.85766
161,26,846.59,511.78,90.04,139.7,1,1,0.88858
161,0,249.82,500.85,113.75,156.85,1,1,0.86315
161,35,19.39,555.7,99.83,150.84,1,1,0.88184
161,36,176.72,761.04,116.17,161.25,1,1,0.88718
161,38,73.59,494.72,77.16,144.77,1,1,0.80774
161,31,116.48,749.56,128.48,149.1,1,1,0.8792
162,5,1623.21,496.35,91.9,160.08,1,1,0.88465
162,9,1754.22,648.25,77.08,184.02,1,1,0.85655
162,10,1183.81,519.82,109.95,145.94,1,1,0.88312
162,11,1479.88,326.1,99.0,175.48,1,1,0.88491
162,17,1287.27,396.03,81.69,150.39,1,1,0.86805
162,21,1790.81,683.95,122.87,182.89,1,1,0.87693
162,24,1308.53,289.93,74.58,135.93,1,1,0.86096
162,26,848.65,509.51,94.84,145.54,1,1,0.88763
162,0,257.16,497.54,142.43,156.01,1,1,0.85221
162,35,17.8,550.66,105.98,152.36,1,1,0.88306
162,36,196.15,755.81,115.02,160.21,1,1,0.8828
162,38,86.11,493.74,77.04,154.1,1,1,0.83415
162,31,131.47,743.51,127.0,150.95,1,1,0.88622
163,5,1614.54,492.2,107.7,161.4,1,1,0.89024
163,9,1756.48,644.53,71.46,181.34,1,1,0.85597
163,10,1179.79,516.65,118.5,141.38,1,1,0.8829
163,11,1489.47,321.08,97.87,175.36,1,1,0.87878
163,17,1294.36,395.97,78.66,144.23,1,1,0.85121
163,21,1797.07,679.69,99.34,181.84,1,1,0.85624
163,24,1313.09,283.95,66.25,138.76,1,1,0.82328
163,26,852.63,506.5,93.86,150.18,1,1,0.88379
163,0,265.56,493.23,125.93,150.66,1,1,0.82921
163,35,15.47,545.84,109.41,153.88,1,1,0.87382
163,36,212.95,748.97,119.37,162.48,1,1,0.88441
163,38,92.3,491.91,80.08,157.48,1,1,0.85253
163,31,137.08,736.45,132.16,151.4,1,1,0.88189
164,5,1606.44,485.43,118.7,165.41,1,1,0.8889
164,9,1750.78,639.23,75.57,175.98,1,1,0.83864
164,10,1171.48,510.79,131.22,147.12,1,1,0.88974
164,11,1497.64,316.57,94.61,173.01,1,1,0.87548
164,17,1293.69,388.04,79.25,149.8,1,1,0.8674
164,21,1795.37,674.01,81.19,180.15,1,1,0.82521
164,24,1316.03,274.44,66.53,151.24,1,1,0.81716
164,26,862.26,502.17,86.08,149.51,1,1,0.88323
164,0,268.99,487.05,116.26,150.88,1,1,0.85377
164,35,19.28,539.1,100.99,151.84,1,1,0.88458
164,36,228.04,740.24,124.52,165.59,1,1,0.8945
164,38,93.04,486.55,86.3,154.71,1,1,0.8708
164,31,142.76,727.68,138.79,151.75,1,1,0.88042
165,5,1603.59,481.46,96.61,165.69,1,1,0.80793
165,9,1742.66,634.27,78.05,172.26,1,1,0.83544
165,10,1167.06,508.01,128.07,150.89,1,1,0.89149
165,11,1508.26,312.38,85.17,171.03,1,1,0.8729
165,17,1292.24,383.11,84.78,153.16,1,1,0.87397
165,21,1789.17,664.89,78.28,183.25,1,1,0.84981
165,24,1319.7,265.91,72.33,156.89,1,1,0.85053
165,26,872.02,498.28,76.79,148.2,1,1,0.87382
165,0,269.02,481.13,115.75,152.41,1,1,0.8889
165,35,18.5,532.61,97.22,148.98,1,1,0.88533
165,36,242.51,733.06,126.13,166.79,1,1,0.8954
165,38,94.89,481.98,91.48,151.56,1,1,0.87797
165,31,150.92,721.87,141.17,149.74,1,1,0.88711
166,5,1606.09,478.31,76.5,164.65,1,1,0.85549
166,9,1733.56,629.58,80.02,169.38,1,1,0.84448
166,10,1172.6,504.28,110.56,149.54,1,1,0.85613
166,11,1516.58,307.79,75.95,168.69,1,1,0.87219
166,17,1291.14,379.9,89.23,156.14,1,1,0.87119
166,21,1779.57,660.5,85.31,181.93,1,1,0.85685
166,24,1321.71,258.45,79.1,159.44,1,1,0.87461
166,26,879.14,494.93,69.79,144.47,1,1,0.87243
166,0,266.84,475.17,119.23,153.07,1,1,0.89918
166,35,10.76,525.77,102.46,148.25,1,1,0.88668
166,36,254.58,726.16,127.66,166.15,1,1,0.89345
166,38,93.48,477.94,99.47,159.15,1,1,0.87422
166,31,160.51,718.23,143.57,145.79,1,1,0.88127
167,5,1599.74,475.14,72.11,161.97,1,1,0.86345
167,9,1722.77,624.3,84.42,166.19,1,1,0.82975
167,10,1163.69,501.69,91.36,147.97,1,1,0.86521
167,11,1517.24,301.71,72.54,168.47,1,1,0.86995
167,17,1291.96,376.01,86.12,155.96,1,1,0.84496
167,21,1759.72,652.04,99.96,177.97,1,1,0.86866
167,24,1321.85,251.33,83.45,159.61,1,1,0.87283
167,26,877.88,491.86,67.67,145.21,1,1,0.87429
167,0,264.76,467.75,122.01,155.41,1,1,0.89596
167,35,3.17,517.09,104.92,151.26,1,1,0.87614
167,36,264.55,717.84,128.28,167.43,1,1,0.88519
167,38,94.31,474.02,101.61,163.49,1,1,0.88126
167,31,168.83,712.09,143.6,143.81,1,1,0.87299
168,5,1586.21,468.96,78.57,159.69,1,1,0.87532
168,9,1712.07,616.38,89.09,163.97,1,1,0.82472
168,10,1150.28,497.7,93.97,143.26,1,1,0.88653
168,11,1517.12,293.88,72.05,169.36,1,1,0.87225
168,17,1290.13,371.98,80.66,154.21,1,1,0.86407
168,21,1731.03,645.3,118.91,172.22,1,1,0.86307
168,24,1319.9,243.69,86.4,158.11,1,1,0.87172
168,26,867.3,487.17,76.52,149.47,1,1,0.88316
168,0,263.27,460.9,122.01,155.07,1,1,0.89569
168,35,-0.77,508.66,99.77,151.92,1,1,0.87408
168,36,269.5,706.95,130.91,170.11,1,1,0.88941
168,38,98.0,468.81,98.9,163.45,1,1,0.88671
168,31,176.21,704.01,143.31,142.25,1,1,0.8714
169,5,1576.27,462.06,87.93,156.93,1,1,0.86936
169,9,1698.95,608.46,92.58,179.72,1,1,0.76043
169,10,1140.41,494.11,100.64,137.04,1,1,0.87053
169,11,1516.82,284.62,72.52,171.21,1,1,0.86586
169,17,1285.61,365.35,76.2,153.43,1,1,0.84095
169,21,1716.34,634.97,119.03,170.35,1,1,0.7894
169,24,1315.67,236.83,85.67,153.86,1,1,0.83433
169,26,855.65,482.66,84.99,154.43,1,1,0.86622
169,0,262.75,454.12,119.31,154.27,1,1,0.8832
169,35,-3.66,500.38,95.15,153.86,1,1,0.89001
169,36,275.52,696.02,126.48,169.79,1,1,0.88389
169,38,102.19,461.51,94.38,162.98,1,1,0.88392
169,31,182.88,694.08,142.39,142.28,1,1,0.86004
170,5,1563.76,456.29,101.8,157.91,1,1,0.85943
170,10,1130.77,491.29,103.9,134.61,1,1,0.84385
170,11,1514.39,276.88,76.35,170.84,1,1,0.85156
170,17,1282.77,360.07,72.15,150.27,1,1,0.8221
170,21,1696.58,621.7,118.42,174.3,1,1,0.75747
170,24,1312.93,232.66,84.23,148.61,1,1,0.82266
170,26,849.64,480.48,85.82,155.71,1,1,0.84817
170,0,264.93,449.34,115.9,151.65,1,1,0.86311
170,35,-4.27,494.08,89.85,157.64,1,1,0.86964
170,36,281.75,686.64,117.55,168.79,1,1,0.83791
170,38,107.08,456.02,90.35,161.45,1,1,0.86826
170,31,192.48,683.84,143.9,144.06,1,1,0.84184
171,5,1547.84,451.72,115.42,160.63,1,1,0.87688
171,10,1116.06,487.96,109.98,139.74,1,1,0.86136
171,11,1509.33,270.04,84.18,171.04,1,1,0.86818
171,17,1280.31,351.76,69.95,150.92,1,1,0.80546
171,21,1681.77,606.6,112.24,186.52,1,1,0.8645
171,24,1309.2,228.07,78.85,147.38,1,1,0.81067
171,26,846.47,479.62,84.1,152.82,1,1,0.8706
171,0,269.56,445.65,108.34,149.69,1,1,0.87367
171,35,-3.49,489.83,81.94,154.72,1,1,0.87549
171,36,286.33,679.42,112.61,169.18,1,1,0.85214
171,38,114.04,450.04,86.4,159.93,1,1,0.86906
171,31,205.66,674.46,136.28,146.27,1,1,0.85161
172,5,1534.55,449.26,121.35,162.86,1,1,0.8965
172,10,1099.62,484.8,112.91,145.78,1,1,0.88977
172,11,1506.66,265.48,88.78,171.42,1,1,0.88275
172,17,1276.97,345.24,72.12,152.49,1,1,0.84696
172,21,1671.64,612.63,97.66,177.95,1,1,0.8134
172,24,1304.38,224.63,74.93,148.04,1,1,0.84218
172,26,843.38,478.76,82.74,149.21,1,1,0.87158
172,0,276.17,442.69,101.39,151.63,1,1,0.88406
172,35,-2.51,488.95,74.12,151.07,1,1,0.87814
172,36,290.78,673.96,111.07,168.9,1,1,0.86755
172,38,121.53,445.34,82.35,159.18,1,1,0.87574
172,31,222.86,665.38,130.02,148.49,1,1,0.86698
173,5,1531.51,447.86,110.94,162.33,1,1,0.88087
173,10,1089.29,480.69,107.98,152.57,1,1,0.88793
173,11,1508.77,261.54,89.11,171.75,1,1,0.88265
173,17,1272.68,337.52,80.77,156.1,1,1,0.86234
173,21,1658.48,628.41,88.34,161.0,1,1,0.80954
173,24,1300.33,219.5,70.37,151.43,1,1,0.8521
173,26,840.79,476.95,81.05,145.24,1,1,0.87504
173,0,284.56,438.41,96.43,153.04,1,1,0.87811
173,35,-1.41,488.67,69.94,149.17,1,1,0.88224
173,36,298.04,669.66,111.25,167.49,1,1,0.86888
173,38,129.85,440.38,79.33,161.08,1,1,0.87699
173,31,243.65,655.51,118.58,150.99,1,1,0.86782
173,9,1662.58,591.87,102.71,160.07,1,1,0.84774
174,5,1536.07,445.98,90.91,159.63,1,1,0.87089
174,10,1090.11,476.52,94.09,154.81,1,1,0.87874
174,11,1514.66,257.9,86.62,170.25,1,1,0.88585
174,17,1269.71,332.14,88.42,160.55,1,1,0.8811
174,21,1647.9,631.09,88.3,156.15,1,1,0.8534
174,24,1302.05,213.17,67.63,157.19,1,1,0.85589
174,26,838.09,475.76,82.44,147.66,1,1,0.88479
174,0,297.0,432.9,88.82,154.94,1,1,0.86704
174,35,-0.13,487.55,72.98,157.78,1,1,0.88576
174,36,310.24,665.77,110.52,165.17,1,1,0.86369
174,38,140.6,435.28,77.89,165.24,1,1,0.87413
174,31,263.11,644.83,109.68,154.57,1,1,0.85949
174,9,1671.53,588.6,98.19,155.44,1,1,0.84042
175,5,1537.31,445.64,72.8,156.59,1,1,0.86396
175,10,1097.92,474.86,77.46,153.11,1,1,0.86835
175,11,1523.88,255.55,80.1,168.95,1,1,0.87228
175,17,1269.2,329.03,92.45,166.43,1,1,0.87249
175,21,1638.17,628.9,101.91,153.94,1,1,0.86768
175,24,1307.71,208.9,66.9,159.02,1,1,0.85073
175,26,837.01,476.33,84.5,152.08,1,1,0.87999
175,0,305.26,429.42,84.12,156.96,1,1,0.86312
175,35,0.66,486.36,79.74,159.11,1,1,0.87239
175,36,327.66,662.92,107.38,164.03,1,1,0.85408
175,38,151.67,432.27,77.3,171.32,1,1,0.87407
175,31,278.56,634.41,108.38,159.88,1,1,0.85663
175,9,1667.75,586.02,106.06,151.36,1,1,0.84218
176,5,1536.71,444.55,69.73,155.0,1,1,0.86527
176,10,1097.09,475.64,73.47,148.46,1,1,0.8717
176,11,1532.51,253.81,74.27,168.13,1,1,0.86327
176,17,1270.31,327.85,92.06,170.46,1,1,0.87851
176,21,1622.54,626.44,125.75,152.11,1,1,0.86778
176,24,1312.35,205.1,67.32,158.12,1,1,0.84737
176,26,836.94,476.9,87.82,155.82,1,1,0.87808
176,0,310.76,426.72,85.25,157.32,1,1,0.86517
176,35,1.05,484.07,86.72,160.77,1,1,0.87455
176,36,343.33,661.78,109.68,160.57,1,1,0.854
176,38,162.62,430.15,79.3,177.08,1,1,0.87233
176,31,294.13,624.6,108.36,163.56,1,1,0.86
176,9,1666.84,584.73,106.75,142.36,1,1,0.84499
177,5,1530.9,443.05,79.29,153.88,1,1,0.8711
177,10,1095.38,474.96,72.26,143.39,1,1,0.86967
177,11,1541.6,249.69,70.43,167.3,1,1,0.85607
177,17,1275.8,326.06,86.94,172.57,1,1,0.87169
177,21,1611.9,625.68,140.24,150.37,1,1,0.86127
177,24,1317.98,200.63,67.95,155.58,1,1,0.8483
177,26,841.04,476.55,86.79,156.44,1,1,0.8765
177,0,317.38,423.31,89.67,157.18,1,1,0.8675
177,35,1.59,479.14,93.46,159.28,1,1,0.88211
177,36,360.67,658.04,108.02,158.03,1,1,0.85201
177,38,173.37,427.85,81.49,179.38,1,1,0.87627
177,31,310.69,613.98,105.75,166.37,1,1,0.8594
177,9,1668.07,581.63,100.94,131.31,1,1,0.80564
178,5,1519.24,438.91,96.0,155.83,1,1,0.88695
178,10,1093.6,470.64,75.18,140.69,1,1,0.877
178,11,1551.3,243.11,68.14,167.74,1,1,0.85346
178,17,1282.6,323.26,80.52,170.7,1,1,0.86046
178,21,1609.84,618.23,141.24,156.68,1,1,0.86434
178,24,1323.46,195.76,67.29,151.69,1,1,0.85266
178,26,851.61,474.23,79.4,153.32,1,1,0.87506
178,0,325.22,419.2,92.91,155.27,1,1,0.87017
178,35,1.84,472.55,99.84,160.05,1,1,0.87703
178,36,375.47,651.12,105.41,156.74,1,1,0.82377
178,38,185.13,425.03,83.91,176.48,1,1,0.87971
178,31,325.61,602.55,107.3,169.46,1,1,0.86235
178,9,1669.5,576.6,88.68,132.32,1,1,0.7865
179,5,1514.73,434.92,104.33,156.25,1,1,0.87777
179,10,1086.21,466.28,90.28,148.07,1,1,0.87405
179,11,1561.39,236.06,68.89,167.9,1,1,0.86264
179,17,1288.1,320.86,79.37,166.56,1,1,0.87011
179,21,1615.74,608.93,120.91,161.9,1,1,0.82302
179,24,1329.94,191.79,65.31,147.43,1,1,0.85213
179,26,863.05,471.11,73.9,149.45,1,1,0.86502
179,0,335.13,416.13,94.31,153.04,1,1,0.86857
179,35,2.31,467.31,104.01,163.4,1,1,0.88262
179,36,392.83,643.8,103.56,155.32,1,1,0.83048
179,38,196.99,422.49,87.19,172.47,1,1,0.88023
179,31,341.98,591.34,109.54,172.84,1,1,0.86142
179,9,1672.12,570.9,76.16,147.31,1,1,0.81331
180,5,1519.18,433.17,97.46,157.63,1,1,0.82006
180,10,1083.32,463.06,102.47,156.86,1,1,0.87798
180,11,1569.03,229.34,72.04,168.78,1,1,0.86471
180,17,1294.77,318.86,79.12,163.43,1,1,0.87527
180,21,1623.75,604.83,106.3,160.99,1,1,0.84898
180,24,1335.9,188.58,63.54,147.37,1,1,0.85336
180,26,873.99,470.25,70.91,145.06,1,1,0.86168
180,0,349.49,414.76,94.47,147.31,1,1,0.87155
180,35,2.58,464.25,107.97,163.48,1,1,0.89604
180,36,411.42,635.77,99.44,156.01,1,1,0.84824
180,38,207.88,420.86,91.93,167.78,1,1,0.88162
180,31,358.54,581.49,111.94,175.59,1,1,0.86691
180,9,1671.9,565.14,66.89,154.89,1,1,0.8165
181,5,1525.86,432.12,82.31,157.92,1,1,0.83317
181,10,1084.32,461.66,100.02,161.65,1,1,0.84906
181,11,1573.6,224.94,77.76,169.3,1,1,0.85642
181,17,1301.99,316.49,79.04,161.74,1,1,0.85373
181,21,1620.89,602.46,89.19,158.4,1,1,0.83499
181,24,1341.11,185.85,60.19,148.63,1,1,0.83696
181,26,880.38,471.05,71.92,148.83,1,1,0.87112
181,0,364.73,413.9,91.68,143.6,1,1,0.8619
181,35,2.75,462.59,109.8,160.59,1,1,0.89052
181,36,427.79,634.46,98.58,152.16,1,1,0.84066
181,38,221.46,419.85,93.12,163.6,1,1,0.87919
181,31,373.13,573.45,115.99,178.35,1,1,0.86216
181,9,1671.41,559.85,72.9,158.98,1,1,0.84766
182,5,1519.71,430.57,82.41,157.08,1,1,0.84158
182,10,1089.05,461.58,91.23,160.31,1,1,0.86271
182,11,1579.41,221.66,82.22,170.58,1,1,0.86105
182,17,1306.38,313.24,81.4,165.21,1,1,0.86107
182,21,1609.58,599.33,95.51,157.54,1,1,0.85673
182,24,1345.09,182.42,58.99,152.26,1,1,0.83285
182,26,880.78,474.0,79.99,151.06,1,1,0.87981
182,0,380.71,412.72,83.4,145.43,1,1,0.86112
182,35,2.15,462.41,110.99,159.91,1,1,0.89458
182,36,442.99,632.45,100.86,149.9,1,1,0.85447
182,38,234.88,418.05,91.84,162.42,1,1,0.87542
182,31,388.31,566.84,117.31,180.25,1,1,0.86714
182,9,1668.86,554.69,86.53,163.24,1,1,0.85575
183,5,1523.51,428.03,74.42,155.38,1,1,0.84028
183,10,1086.04,462.8,92.43,157.02,1,1,0.86826
183,11,1585.99,219.35,84.77,171.63,1,1,0.85901
183,17,1306.98,310.52,84.57,169.19,1,1,0.86063
183,21,1606.17,595.39,102.96,157.53,1,1,0.85202
183,24,1347.68,178.51,60.7,155.81,1,1,0.84694
183,26,879.61,476.78,85.87,154.98,1,1,0.87909
183,0,395.5,410.31,77.41,149.94,1,1,0.85554
183,35,1.65,463.25,111.56,157.56,1,1,0.89633
183,36,457.17,626.07,104.1,152.33,1,1,0.85673
183,38,247.93,416.5,90.3,165.56,1,1,0.87744
183,31,405.57,561.87,117.14,179.13,1,1,0.85039
183,9,1664.54,551.21,98.83,162.64,1,1,0.84753
184,5,1524.34,425.21,72.81,155.96,1,1,0.86301
184,10,1084.92,464.51,102.8,151.95,1,1,0.88406
184,11,1594.25,217.26,85.84,172.89,1,1,0.86556
184,17,1307.82,309.05,87.79,173.36,1,1,0.87547
184,21,1599.2,592.63,116.99,156.52,1,1,0.88458
184,24,1349.94,173.31,65.07,159.15,1,1,0.86918
184,26,882.28,479.39,88.45,155.02,1,1,0.88724
184,0,410.21,408.31,73.38,153.12,1,1,0.86113
184,35,6.02,464.65,108.59,153.14,1,1,0.89403
184,36,470.84,620.9,111.22,154.06,1,1,0.86709
184,38,262.82,415.43,88.17,169.87,1,1,0.8764
184,31,423.81,558.68,116.23,176.25,1,1,0.85905
184,9,1659.59,549.44,104.44,155.43,1,1,0.86168
185,5,1518.46,424.31,85.59,159.07,1,1,0.87488
185,10,1090.52,467.67,106.17,144.31,1,1,0.88572
185,11,1604.01,216.09,83.66,172.25,1,1,0.87318
185,17,1311.02,307.65,86.9,177.24,1,1,0.88189
185,21,1586.93,590.14,132.71,160.21,1,1,0.87997
185,24,1352.88,168.92,71.37,161.24,1,1,0.88287
185,26,886.16,482.03,88.94,151.45,1,1,0.89217
185,0,424.83,407.04,74.04,154.85,1,1,0.87247
185,35,15.85,466.21,103.32,150.07,1,1,0.88791
185,36,485.02,615.07,124.14,155.78,1,1,0.88572
185,38,278.42,414.53,83.8,174.88,1,1,0.88346
185,31,444.85,555.92,108.1,174.37,1,1,0.8611
185,9,1652.36,548.03,108.58,157.34,1,1,0.83501
186,5,1512.08,424.08,98.67,163.81,1,1,0.89561
186,10,1094.22,471.56,105.76,148.5,1,1,0.89039
186,11,1611.84,216.88,80.37,168.73,1,1,0.86925
186,17,1314.6,308.87,85.44,178.51,1,1,0.88804
186,21,1576.52,588.73,134.91,165.77,1,1,0.85458
186,24,1355.89,165.32,77.1,162.63,1,1,0.88065
186,26,888.75,483.57,90.68,147.54,1,1,0.895
186,0,437.67,406.57,75.65,153.44,1,1,0.86657
186,35,30.48,467.24,96.22,149.65,1,1,0.87197
186,36,499.8,612.05,136.12,157.91,1,1,0.89418
186,38,293.64,414.87,79.05,176.33,1,1,0.8816
186,31,465.53,554.39,102.86,173.09,1,1,0.86103
186,9,1646.27,548.46,105.8,163.26,1,1,0.86411
187,5,1511.41,424.85,103.18,166.78,1,1,0.8925
187,10,1094.57,472.83,104.51,153.83,1,1,0.88896
187,11,1619.26,217.87,78.84,165.93,1,1,0.87091
187,17,1318.2,311.57,84.29,175.47,1,1,0.88707
187,21,1578.02,588.43,112.15,167.32,1,1,0.82416
187,24,1360.47,163.5,81.07,164.01,1,1,0.87436
187,26,892.96,485.12,90.92,143.28,1,1,0.88616
187,0,448.63,407.04,79.66,151.56,1,1,0.8676
187,35,44.26,466.67,93.27,150.62,1,1,0.87967
187,36,517.4,610.22,146.78,158.75,1,1,0.89648
187,38,309.24,415.9,76.18,173.95,1,1,0.87875
187,31,490.18,554.34,94.8,170.17,1,1,0.86064
187,9,1642.77,547.28,97.55,168.23,1,1,0.84043
188,5,1512.65,427.72,104.99,168.65,1,1,0.89549
188,10,1089.35,474.69,103.01,159.36,1,1,0.8925
188,11,1625.4,217.36,79.68,165.15,1,1,0.87802
188,17,1319.04,315.33,86.32,169.46,1,1,0.88667
188,21,1580.58,590.57,89.3,164.07,1,1,0.84521
188,24,1366.49,162.83,82.55,164.34,1,1,0.87017
188,26,898.54,488.99,89.67,146.18,1,1,0.88799
188,0,457.7,409.12,83.71,147.66,1,1,0.87341
188,35,55.58,465.13,93.28,157.07,1,1,0.88467
188,36,537.99,610.29,151.43,156.11,1,1,0.90152
188,38,323.85,417.07,75.01,170.99,1,1,0.8789
188,31,512.38,555.61,88.08,163.07,1,1,0.86218
188,9,1640.7,546.35,87.28,169.88,1,1,0.8561
189,5,1518.87,430.62,93.07,166.92,1,1,0.86808
189,10,1086.29,477.33,98.05,162.57,1,1,0.88754
189,11,1633.55,215.56,77.62,165.21,1,1,0.87885
189,17,1321.72,316.99,83.83,163.71,1,1,0.86941
189,21,1571.73,592.2,82.32,160.89,1,1,0.84915
189,24,1371.49,163.23,80.93,162.35,1,1,0.8612
189,26,902.93,492.97,89.36,151.08,1,1,0.88515
189,0,463.99,410.57,84.72,143.19,1,1,0.87177
189,35,64.83,464.38,93.36,158.97,1,1,0.88528
189,36,559.03,609.29,148.12,154.7,1,1,0.88846
189,38,336.72,417.37,74.68,168.1,1,1,0.87175
189,31,529.96,555.16,83.54,157.88,1,1,0.85005
189,9,1639.07,544.11,80.91,170.36,1,1,0.85468
190,5,1524.05,432.09,78.68,164.19,1,1,0.86684
190,10,1086.25,478.3,91.16,162.01,1,1,0.88966
190,11,1640.46,212.56,78.74,168.56,1,1,0.88158
190,17,1325.98,314.08,79.23,163.49,1,1,0.86646
190,21,1558.22,591.65,92.0,158.9,1,1,0.87824
190,24,1375.22,163.18,76.8,161.28,1,1,0.87381
190,26,906.23,496.43,89.53,153.13,1,1,0.88657
190,0,470.28,410.27,82.5,141.84,1,1,0.86735
190,35,74.63,463.55,91.83,157.33,1,1,0.88558
190,36,574.63,606.76,145.99,153.35,1,1,0.89462
190,38,347.59,416.61,74.43,165.1,1,1,0.8769
190,31,541.97,551.7,84.0,155.32,1,1,0.86353
190,9,1637.67,540.06,80.42,173.16,1,1,0.87053
191,5,1524.44,431.98,72.56,160.55,1,1,0.86951
191,10,1089.4,478.4,82.5,158.43,1,1,0.88599
191,11,1647.21,208.57,77.43,172.12,1,1,0.87592
191,17,1329.42,310.0,76.13,163.37,1,1,0.87313
191,21,1548.55,589.46,101.27,161.14,1,1,0.88174
191,24,1377.41,161.51,70.92,160.55,1,1,0.87011
191,26,910.45,499.99,85.39,150.58,1,1,0.8887
191,0,475.38,408.56,80.61,146.26,1,1,0.87003
191,35,85.19,462.06,89.13,154.32,1,1,0.88316
191,36,586.18,603.31,146.37,152.54,1,1,0.90043
191,38,357.3,414.48,76.82,167.02,1,1,0.87832
191,31,552.31,545.21,80.3,154.42,1,1,0.85486
191,9,1632.1,535.49,86.19,175.46,1,1,0.86591
192,5,1520.15,428.26,72.89,160.05,1,1,0.86157
192,10,1087.27,475.92,78.37,154.51,1,1,0.88812
192,11,1649.17,201.73,77.31,174.93,1,1,0.87461
192,17,1325.37,304.19,79.68,164.58,1,1,0.87943
192,21,1536.23,584.44,110.9,162.8,1,1,0.88355
192,24,1377.79,154.99,66.62,160.6,1,1,0.86717
192,26,914.54,500.11,80.8,145.83,1,1,0.88405
192,0,478.78,404.4,80.25,151.25,1,1,0.87199
192,35,86.6,459.1,94.1,149.51,1,1,0.8826
192,36,595.33,596.77,148.47,151.41,1,1,0.9008
192,38,363.8,410.05,80.32,172.45,1,1,0.88012
192,31,558.96,535.7,81.17,156.33,1,1,0.84785
192,9,1623.77,529.07,92.35,176.8,1,1,0.8597
193,5,1504.16,424.25,83.31,163.55,1,1,0.87507
193,10,1079.22,471.48,79.9,151.33,1,1,0.87692
193,11,1648.48,195.85,77.75,175.31,1,1,0.87361
193,17,1318.53,297.29,84.59,168.78,1,1,0.8806
193,21,1517.42,579.61,121.66,165.22,1,1,0.88637
193,24,1375.14,147.12,64.36,161.81,1,1,0.86365
193,26,916.27,499.82,78.64,138.79,1,1,0.8772
193,0,480.82,399.57,79.09,155.97,1,1,0.86697
193,35,80.87,454.88,104.42,146.3,1,1,0.87443
193,36,601.64,589.39,148.15,152.48,1,1,0.89748
193,38,367.88,404.91,85.31,176.19,1,1,0.88215
193,31,563.51,526.87,81.92,157.49,1,1,0.84041
193,9,1612.47,523.02,96.87,176.06,1,1,0.85958
194,5,1486.13,421.84,91.02,167.14,1,1,0.88298
194,10,1062.61,469.37,87.67,150.3,1,1,0.88057
194,11,1644.65,192.29,78.75,176.22,1,1,0.87713
194,17,1309.15,292.96,88.64,174.01,1,1,0.88103
194,21,1499.97,576.95,123.68,170.53,1,1,0.88524
194,24,1369.37,140.95,65.69,163.82,1,1,0.87297
194,26,916.88,502.22,76.13,135.57,1,1,0.87579
194,0,481.63,396.5,75.93,155.41,1,1,0.86836
194,35,74.52,451.65,111.76,143.33,1,1,0.88105
194,36,607.91,583.13,142.44,156.72,1,1,0.90726
194,38,368.75,402.36,91.74,180.18,1,1,0.88708
194,31,567.76,521.49,79.73,156.44,1,1,0.83204
194,9,1598.09,519.9,98.3,174.16,1,1,0.85684
195,5,1468.74,420.2,94.47,172.06,1,1,0.89005
195,10,1044.96,467.99,93.75,155.51,1,1,0.89193
195,11,1638.56,190.0,77.92,175.77,1,1,0.88404
195,17,1296.31,291.44,91.82,177.92,1,1,0.88297
195,21,1485.57,575.03,110.46,171.31,1,1,0.86497
195,24,1357.73,135.51,69.92,165.24,1,1,0.87644
195,26,908.91,504.81,80.38,139.5,1,1,0.88051
195,0,481.07,393.95,70.37,154.17,1,1,0.87275
195,35,71.26,448.49,112.81,140.44,1,1,0.88129
195,36,615.03,578.57,137.3,158.65,1,1,0.91074
195,38,367.44,401.53,96.31,183.31,1,1,0.89124
195,31,568.65,518.52,84.41,153.7,1,1,0.81884
195,9,1581.85,518.04,94.96,180.16,1,1,0.87193
195,39,1864.06,597.57,54.52,181.56,1,1,0.86265
196,5,1461.58,418.97,87.27,173.31,1,1,0.87563
196,10,1032.99,467.75,96.35,161.68,1,1,0.88914
196,11,1634.27,187.73,75.86,174.28,1,1,0.88129
196,17,1288.49,291.14,88.96,180.48,1,1,0.8798
196,21,1470.88,573.86,95.29,169.62,1,1,0.86677
196,24,1346.02,131.08,73.59,165.17,1,1,0.8748
196,26,901.94,509.09,84.22,141.64,1,1,0.87637
196,0,481.48,392.12,65.67,151.99,1,1,0.8703
196,35,71.91,444.78,111.53,147.56,1,1,0.88271
196,36,629.26,576.07,129.89,157.12,1,1,0.90603
196,38,364.87,401.69,99.59,180.57,1,1,0.88851
196,31,568.88,518.41,103.04,149.31,1,1,0.87679
196,9,1570.13,516.65,85.09,181.34,1,1,0.86799
196,39,1845.94,594.39,72.42,184.55,1,1,0.88971
197,5,1454.83,418.25,80.06,172.92,1,1,0.8618
197,10,1023.18,469.29,98.23,165.9,1,1,0.87242
197,11,1630.84,185.54,73.73,172.12,1,1,0.88385
197,17,1282.93,291.87,85.07,178.02,1,1,0.88256
197,21,1449.48,574.75,86.79,165.47,1,1,0.86456
197,24,1332.93,128.15,79.1,165.35,1,1,0.88025
197,26,897.3,513.72,85.15,139.94,1,1,0.86841
197,0,480.86,389.7,64.51,150.42,1,1,0.87107
197,35,76.78,442.03,106.54,155.46,1,1,0.87826
197,36,648.22,575.67,122.54,154.01,1,1,0.89249
197,38,361.46,401.79,101.18,176.38,1,1,0.88395
197,31,568.62,518.79,109.57,143.87,1,1,0.85936
197,9,1559.21,514.6,76.84,180.49,1,1,0.86099
197,39,1825.47,593.06,92.77,188.79,1,1,0.87921
198,5,1446.14,416.8,74.31,169.42,1,1,0.87172
198,10,1013.12,469.48,94.49,169.19,1,1,0.88681
198,11,1627.5,180.63,71.43,171.49,1,1,0.88065
198,17,1276.69,291.07,81.19,174.2,1,1,0.88867
198,21,1426.63,570.09,96.86,164.22,1,1,0.89531
198,24,1321.99,125.43,81.2,164.61,1,1,0.88677
198,26,894.68,515.69,83.02,135.78,1,1,0.88031
198,0,479.75,386.13,64.25,148.77,1,1,0.88457
198,35,82.44,437.94,100.6,162.98,1,1,0.89674
198,36,667.46,575.27,117.21,151.54,1,1,0.90427
198,38,357.77,400.09,101.65,172.7,1,1,0.89177
198,31,570.08,516.47,112.67,142.39,1,1,0.87169
198,9,1547.09,508.93,71.73,182.21,1,1,0.86993
198,39,1807.24,589.94,110.91,195.56,1,1,0.90422
199,5,1432.47,412.55,75.4,166.67,1,1,0.87055
199,10,1002.31,470.07,97.36,165.78,1,1,0.89211
199,11,1624.92,174.2,70.57,170.5,1,1,0.87767
199,17,1271.54,287.46,78.68,170.96,1,1,0.88853
199,21,1407.3,562.66,107.83,164.58,1,1,0.89518
199,24,1313.79,122.48,80.44,162.97,1,1,0.88649
199,26,892.93,514.68,81.07,130.37,1,1,0.87919
199,0,478.73,380.41,64.96,150.52,1,1,0.87586
199,35,90.07,432.23,92.93,166.21,1,1,0.89359
199,36,674.79,572.68,119.9,148.38,1,1,0.90427
199,38,356.42,395.18,101.5,170.61,1,1,0.88931
199,31,573.33,510.19,110.54,148.31,1,1,0.87716
199,9,1531.7,501.38,74.68,182.19,1,1,0.87414
199,39,1791.69,587.03,111.2,195.93,1,1,0.87668
200,5,1419.05,406.19,76.91,164.64,1,1,0.8681
200,10,987.66,469.32,111.14,158.82,1,1,0.89535
200,11,1620.06,165.08,70.83,171.07,1,1,0.87662
200,17,1263.8,281.49,78.07,168.22,1,1,0.8927
200,21,1376.6,553.88,128.58,167.09,1,1,0.89699
200,24,1308.88,116.88,76.44,162.97,1,1,0.8819
200,26,891.14,511.54,79.19,125.03,1,1,0.87546
200,0,476.98,373.56,67.13,159.61,1,1,0.87965
200,35,94.04,427.08,88.13,164.24,1,1,0.89023
200,36,677.45,566.16,127.1,151.8,1,1,0.90575
200,38,354.33,388.31,102.58,173.71,1,1,0.8892
200,31,572.49,500.65,105.58,155.95,1,1,0.8764
200,9,1510.88,492.32,87.78,183.66,1,1,0.88166
200,39,1765.03,580.77,106.37,194.9,1,1,0.88465
201,5,1403.15,399.58,84.49,162.83,1,1,0.85961
201,10,974.1,467.71,124.01,151.71,1,1,0.89978
201,11,1614.92,155.63,70.89,172.22,1,1,0.88033
201,17,1254.48,273.29,79.76,171.52,1,1,0.88452
201,21,1346.84,545.2,145.9,172.06,1,1,0.89858
201,24,1303.92,110.5,71.77,161.51,1,1,0.86991
201,26,887.51,507.95,80.85,118.99,1,1,0.87064
201,0,474.2,367.28,69.42,166.62,1,1,0.87367
201,35,95.31,419.86,88.27,162.83,1,1,0.88562
201,36,680.03,558.79,134.91,153.09,1,1,0.90396
201,38,350.62,381.99,104.93,179.45,1,1,0.89247
201,31,570.73,491.52,93.67,161.97,1,1,0.86517
201,9,1487.34,483.36,106.39,188.2,1,1,0.8742
201,39,1740.2,574.65,111.13,190.5,1,1,0.88884
202,5,1388.63,395.58,92.34,167.99,1,1,0.86908
202,10,963.39,467.94,134.49,151.75,1,1,0.89558
202,11,1609.76,147.56,72.07,174.73,1,1,0.88278
202,17,1245.41,267.24,81.33,174.42,1,1,0.88936
202,21,1322.38,539.47,157.29,177.03,1,1,0.89823
202,24,1299.35,104.13,68.74,160.92,1,1,0.8684
202,26,885.68,506.05,80.95,119.46,1,1,0.86474
202,0,471.19,362.76,73.16,170.77,1,1,0.87124
202,35,96.62,414.9,87.26,160.52,1,1,0.87594
202,36,689.2,553.69,138.76,153.42,1,1,0.90776
202,38,347.03,377.71,106.77,181.58,1,1,0.88947
202,31,568.01,484.34,93.16,163.31,1,1,0.86387
202,9,1469.73,477.65,117.82,188.58,1,1,0.87265
202,39,1720.38,568.52,120.58,188.11,1,1,0.90007
203,5,1378.65,393.18,94.62,174.35,1,1,0.87345
203,10,957.71,468.64,138.16,151.79,1,1,0.89339
203,11,1604.92,141.97,73.76,175.81,1,1,0.88028
203,17,1235.24,262.49,84.76,179.49,1,1,0.88717
203,21,1309.88,537.01,145.74,178.83,1,1,0.88256
203,24,1292.98,97.68,68.71,160.59,1,1,0.86606
203,26,885.63,505.41,78.85,124.83,1,1,0.85813
203,0,468.78,360.31,76.53,176.51,1,1,0.86414
203,35,98.42,408.79,85.23,159.61,1,1,0.8682
203,36,701.67,548.97,140.57,155.58,1,1,0.90109
203,38,343.15,374.25,107.1,184.15,1,1,0.88089
203,31,565.35,479.37,89.99,162.37,1,1,0.85819
203,9,1455.97,474.71,122.08,187.48,1,1,0.88304
203,39,1700.06,564.03,131.06,187.52,1,1,0.89721
203,41,1879.17,375.29,39.47,185.5,1,1,0.82907
204,5,1371.68,393.32,90.03,176.7,1,1,0.88352
204,10,952.5,472.41,139.25,150.64,1,1,0.88953
204,11,1600.53,138.59,75.14,177.34,1,1,0.88046
204,17,1226.54,261.48,85.58,181.41,1,1,0.88672
204,21,1305.48,536.21,115.41,176.52,1,1,0.8729
204,24,1286.63,92.93,69.31,160.21,1,1,0.87425
204,26,885.45,509.0,76.3,126.37,1,1,0.84856
204,0,467.27,359.6,77.19,174.75,1,1,0.86018
204,35,98.67,405.09,85.9,159.17,1,1,0.87634
204,36,719.34,548.23,137.24,153.2,1,1,0.90591
204,38,339.26,372.91,104.43,191.42,1,1,0.88028
204,31,563.91,476.34,88.92,159.78,1,1,0.86963
204,9,1445.75,474.7,119.3,186.54,1,1,0.89459
204,39,1678.76,562.69,137.79,187.23,1,1,0.8944
204,41,1873.41,374.81,45.12,181.18,1,1,0.86208
205,5,1367.03,395.52,84.31,174.35,1,1,0.88333
205,10,950.29,477.75,132.19,149.68,1,1,0.8709
205,11,1595.5,138.08,76.6,178.55,1,1,0.88174
205,17,1219.54,262.61,85.09,182.63,1,1,0.88542
205,21,1295.84,536.58,89.58,174.5,1,1,0.8569
205,24,1278.63,88.32,72.8,163.37,1,1,0.87714
205,26,883.34,516.17,75.89,126.8,1,1,0.84938
205,0,465.88,359.52,76.6,173.25,1,1,0.85399
205,35,100.02,402.1,85.94,165.39,1,1,0.87877
205,36,743.49,549.94,126.11,149.0,1,1,0.8939
205,38,336.47,374.09,100.78,192.97,1,1,0.8771
205,31,561.5,474.95,87.39,157.39,1,1,0.87118
205,9,1440.77,474.88,108.97,184.71,1,1,0.88622
205,39,1660.94,564.92,133.56,185.06,1,1,0.88634
205,41,1860.64,375.79,57.86,176.58,1,1,0.87949
206,5,1363.37,396.17,79.98,171.86,1,1,0.88213
206,10,943.62,482.72,116.04,151.98,1,1,0.84962
206,11,1589.91,137.7,77.81,178.5,1,1,0.88139
206,17,1212.49,264.85,82.39,178.88,1,1,0.88143
206,21,1276.79,534.29,76.53,174.21,1,1,0.86901
206,24,1268.7,85.12,78.06,166.66,1,1,0.88001
206,26,881.01,523.5,76.95,120.46,1,1,0.8372
206,0,463.69,358.39,74.6,174.32,1,1,0.84919
206,35,102.76,399.99,85.63,171.24,1,1,0.87314
206,36,764.42,553.21,116.6,142.77,1,1,0.89285
206,38,336.57,374.65,96.19,190.7,1,1,0.87417
206,31,558.81,474.84,85.85,156.97,1,1,0.86779
206,9,1434.12,474.67,95.87,183.37,1,1,0.87689
206,39,1645.86,567.25,116.57,185.66,1,1,0.87543
206,41,1846.42,375.47,71.19,172.93,1,1,0.87347
207,5,1356.13,395.0,81.24,169.68,1,1,0.87953
207,10,937.5,486.37,101.95,153.94,1,1,0.86429
207,11,1584.99,136.92,76.49,176.48,1,1,0.87918
207,17,1204.04,265.95,79.87,174.83,1,1,0.88146
207,21,1255.62,530.86,83.42,178.08,1,1,0.8703
207,24,1260.98,81.61,79.95,168.96,1,1,0.87719
207,26,871.2,530.63,82.95,110.75,1,1,0.82151
207,0,460.93,355.73,72.63,168.96,1,1,0.84193
207,35,106.68,398.32,85.29,177.67,1,1,0.86689
207,36,771.56,553.81,123.39,138.74,1,1,0.8763
207,38,338.27,373.77,92.44,187.96,1,1,0.87086
207,31,557.41,472.98,83.96,163.13,1,1,0.87223
207,9,1425.08,472.79,87.17,184.48,1,1,0.87411
207,39,1631.42,566.01,94.99,185.72,1,1,0.86302
207,41,1830.93,374.69,78.86,174.24,1,1,0.85912
208,5,1347.53,393.62,83.89,174.5,1,1,0.87585
208,10,930.23,489.22,97.36,150.07,1,1,0.86323
208,11,1580.73,135.14,76.7,174.56,1,1,0.8784
208,17,1196.52,265.24,79.13,172.42,1,1,0.87988
208,21,1230.88,527.72,98.41,183.33,1,1,0.87889
208,24,1254.52,78.18,80.51,170.65,1,1,0.87648
208,26,868.34,538.7,81.33,98.85,1,1,0.80573
208,0,459.21,352.3,71.89,164.54,1,1,0.85238
208,35,112.07,396.63,83.35,182.35,1,1,0.87272
208,36,777.5,550.77,133.27,137.62,1,1,0.8772
208,38,341.18,371.17,89.62,186.97,1,1,0.8726
208,31,557.12,471.39,82.96,168.21,1,1,0.87253
208,9,1418.4,469.28,81.58,185.89,1,1,0.86858
208,39,1611.86,564.09,81.84,183.69,1,1,0.85246
208,41,1813.46,374.08,87.86,181.27,1,1,0.86316
209,5,1333.91,391.36,90.47,180.82,1,1,0.87729
209,10,925.86,491.71,96.75,142.67,1,1,0.8374
209,11,1577.41,130.82,76.27,174.28,1,1,0.87848
209,17,1191.51,262.68,76.24,170.49,1,1,0.87355
209,21,1201.53,525.65,117.86,184.79,1,1,0.87607
209,24,1251.1,76.48,79.15,170.15,1,1,0.86825
209,26,869.72,544.66,79.6,88.9,1,1,0.68808
209,0,458.34,349.23,71.66,165.0,1,1,0.84339
209,35,122.49,396.17,76.61,181.96,1,1,0.86566
209,36,785.92,546.02,138.71,137.88,1,1,0.87721
209,38,343.04,366.52,86.89,186.54,1,1,0.86364
209,31,556.65,469.21,81.29,170.69,1,1,0.86513
209,9,1411.6,464.66,78.0,187.94,1,1,0.84386
209,39,1586.85,560.11,90.21,180.55,1,1,0.85781
209,41,1795.19,373.12,95.97,183.71,1,1,0.85433
210,5,1319.8,388.99,96.79,184.44,1,1,0.88625
210,10,925.34,489.89,90.88,139.91,1,1,0.82988
210,11,1573.74,125.28,77.01,174.24,1,1,0.88713
210,17,1185.24,257.09,74.62,169.66,1,1,0.87772
210,21,1172.53,522.22,131.28,188.0,1,1,0.88427
210,24,1247.59,74.32,76.11,168.58,1,1,0.87232
210,0,455.15,346.17,74.05,173.06,1,1,0.85248
210,35,128.86,394.91,72.71,179.87,1,1,0.87037
210,36,797.05,541.16,133.17,138.57,1,1,0.8767
210,38,343.17,361.24,84.51,185.99,1,1,0.86547
210,31,555.74,466.33,79.07,176.28,1,1,0.87298
210,9,1397.39,460.43,81.02,187.82,1,1,0.85638
210,39,1567.04,556.75,98.35,180.42,1,1,0.86813
210,41,1775.42,371.91,99.04,186.48,1,1,0.86574
