1,0,1093.34,765.32,108.98,148.92,1,1,0.91537
1,1,1299.79,235.63,100.35,132.3,1,1,0.91309
1,2,1079.54,427.92,106.65,83.74,1,1,0.90685
1,3,1032.02,511.99,100.75,90.23,1,1,0.90187
1,4,1259.32,609.06,82.88,118.71,1,1,0.89815
1,5,854.95,372.39,56.54,143.84,1,1,0.89494
1,6,785.39,495.88,65.02,137.97,1,1,0.89365
1,7,1132.2,341.95,75.64,91.45,1,1,0.8917
1,8,1186.55,570.89,88.08,109.04,1,1,0.89126
1,9,1306.88,370.4,76.56,104.31,1,1,0.89123
1,10,939.93,758.79,66.41,142.47,1,1,0.89123
1,11,1252.66,466.65,68.88,126.33,1,1,0.8889
1,12,1012.33,601.74,92.7,93.68,1,1,0.88491
1,13,293.27,528.05,65.66,146.95,1,1,0.88348
1,14,1642.84,476.37,61.84,145.48,1,1,0.88087
1,15,734.33,255.88,55.85,136.43,1,1,0.88032
1,16,1256.07,407.72,88.83,73.25,1,1,0.87513
1,17,1177.9,524.18,89.5,94.71,1,1,0.87069
1,18,1021.54,178.37,54.25,122.21,1,1,0.87025
1,19,972.26,641.8,71.01,119.47,1,1,0.86535
1,20,1236.33,440.56,78.01,59.58,1,1,0.84508
1,21,1181.42,482.71,82.74,62.11,1,1,0.84263
2,0,1093.36,765.29,108.94,148.61,1,1,0.91482
2,1,1299.61,235.7,100.62,132.24,1,1,0.91393
2,2,1079.29,427.93,106.77,83.67,1,1,0.9067
2,3,1032.29,511.83,100.43,90.2,1,1,0.9014
2,4,1259.29,608.93,82.7,118.71,1,1,0.89859
2,5,854.74,372.29,56.87,143.69,1,1,0.89499
2,6,784.95,495.85,65.18,137.76,1,1,0.89336
2,7,1132.16,341.79,75.74,91.74,1,1,0.89183
2,8,1186.43,570.82,88.28,109.04,1,1,0.89113
2,9,1307.0,370.33,76.73,103.9,1,1,0.8899
2,10,938.83,758.95,67.32,142.65,1,1,0.89222
2,11,1252.74,466.71,68.84,126.11,1,1,0.88889
2,12,1011.89,601.5,92.81,93.01,1,1,0.881
2,13,292.97,527.65,65.14,147.44,1,1,0.88295
2,14,1642.73,476.2,61.83,145.14,1,1,0.87963
2,15,736.7,256.07,57.56,136.46,1,1,0.88186
2,16,1255.92,407.72,88.99,73.23,1,1,0.87411
2,17,1177.73,524.17,89.57,94.66,1,1,0.8716
2,18,1022.05,178.24,54.03,121.96,1,1,0.87196
2,19,972.51,642.21,71.02,118.75,1,1,0.8656
2,20,1236.27,440.51,77.72,59.52,1,1,0.84362
2,21,1181.48,482.76,82.61,61.68,1,1,0.84132
3,0,1092.91,764.86,109.17,148.65,1,1,0.91486
3,1,1299.31,235.5,100.72,132.24,1,1,0.91381
3,2,1079.17,427.62,106.92,83.58,1,1,0.90676
3,3,1032.18,511.76,100.67,90.12,1,1,0.90103
3,4,1259.36,608.5,82.68,118.91,1,1,0.89827
3,5,854.89,372.11,57.47,143.61,1,1,0.89571
3,6,784.69,495.71,65.06,137.59,1,1,0.89269
3,7,1132.18,341.88,75.63,91.35,1,1,0.89144
3,8,1186.47,570.7,88.19,108.89,1,1,0.89058
3,9,1306.98,369.93,76.82,104.15,1,1,0.89031
3,10,937.98,759.12,67.69,142.2,1,1,0.89166
3,11,1252.74,466.47,68.74,126.03,1,1,0.88938
3,12,1010.75,600.46,93.0,93.8,1,1,0.88053
3,13,292.84,527.29,64.72,147.49,1,1,0.88372
3,14,1642.42,475.94,61.99,145.14,1,1,0.87923
3,15,738.39,256.14,59.14,136.21,1,1,0.88304
3,16,1256.09,407.42,89.15,73.29,1,1,0.8757
3,17,1177.73,524.24,89.42,94.31,1,1,0.87065
3,18,1021.93,178.05,54.54,122.21,1,1,0.8722
3,19,972.16,641.98,71.18,118.91,1,1,0.86681
3,20,1235.93,440.06,77.85,59.97,1,1,0.84252
3,21,1181.15,482.5,82.86,61.7,1,1,0.84079
4,0,1092.62,764.75,109.36,148.66,1,1,0.91525
4,1,1299.09,235.36,100.95,132.16,1,1,0.91368
4,2,1079.18,427.43,106.88,83.53,1,1,0.90761
4,3,1032.08,511.69,100.67,90.01,1,1,0.90134
4,4,1259.45,608.18,82.43,119.35,1,1,0.89895
4,5,854.86,371.48,58.02,143.81,1,1,0.8976
4,6,784.53,495.54,64.78,137.4,1,1,0.89288
4,7,1132.31,342.19,75.13,90.77,1,1,0.89125
4,8,1186.33,570.52,88.11,109.06,1,1,0.89128
4,9,1306.75,369.58,76.8,104.1,1,1,0.89005
4,10,937.22,759.51,67.39,142.76,1,1,0.89107
4,11,1252.71,466.37,68.6,125.71,1,1,0.88984
4,12,1009.45,599.52,93.02,94.42,1,1,0.87727
4,13,292.86,527.09,64.21,147.51,1,1,0.88436
4,14,1642.24,475.67,61.87,145.03,1,1,0.87976
4,15,740.99,257.07,60.72,133.9,1,1,0.88274
4,16,1256.02,407.17,89.33,73.36,1,1,0.87698
4,17,1177.65,524.11,89.22,94.31,1,1,0.87024
4,18,1021.68,177.67,55.04,122.23,1,1,0.87355
4,19,972.0,642.04,70.98,119.65,1,1,0.86727
4,20,1235.72,439.75,77.78,60.28,1,1,0.84314
4,21,1181.2,482.39,82.7,61.51,1,1,0.84204
5,0,1092.39,764.81,109.6,148.71,1,1,0.9146
5,1,1298.94,235.33,101.37,132.24,1,1,0.91441
5,2,1079.18,427.54,107.02,83.5,1,1,0.9079
5,3,1032.18,511.84,100.71,89.81,1,1,0.90175
5,4,1259.32,608.09,82.55,119.57,1,1,0.89954
5,5,854.99,371.51,58.72,143.67,1,1,0.89792
5,6,784.26,495.45,64.82,137.55,1,1,0.89361
5,7,1132.48,342.47,75.07,90.59,1,1,0.8908
5,8,1186.22,570.46,88.16,109.21,1,1,0.89167
5,9,1306.5,369.53,76.81,104.23,1,1,0.89152
5,10,936.51,759.75,67.36,143.76,1,1,0.89055
5,11,1252.68,466.37,68.57,125.73,1,1,0.89035
5,12,1007.69,598.7,92.72,94.25,1,1,0.87258
5,13,292.95,526.87,64.1,147.71,1,1,0.88482
5,14,1642.36,475.66,61.81,145.02,1,1,0.88032
5,15,742.35,257.74,64.13,132.59,1,1,0.88604
5,16,1255.9,407.24,89.25,73.33,1,1,0.87671
5,17,1177.62,523.84,89.28,94.67,1,1,0.87015
5,18,1021.87,177.95,55.46,121.97,1,1,0.87331
5,19,971.72,642.97,70.92,119.28,1,1,0.8686
5,20,1235.66,439.78,77.82,60.14,1,1,0.84427
5,21,1181.36,482.42,82.66,61.52,1,1,0.84143
6,0,1092.56,764.69,109.63,148.82,1,1,0.91462
6,1,1298.98,235.21,101.45,132.32,1,1,0.91459
6,2,1079.23,427.56,107.08,83.51,1,1,0.90742
6,3,1032.73,511.84,100.21,89.61,1,1,0.90086
6,4,1259.38,607.99,82.55,119.72,1,1,0.89982
6,5,855.5,371.36,59.29,143.66,1,1,0.89983
6,6,784.32,495.08,64.69,137.9,1,1,0.8929
6,7,1132.73,342.56,74.88,90.45,1,1,0.89001
6,8,1186.18,570.37,88.16,109.29,1,1,0.89194
6,9,1306.55,369.48,76.96,104.34,1,1,0.8921
6,10,935.91,759.8,67.32,145.29,1,1,0.89149
6,11,1252.62,466.27,68.56,125.78,1,1,0.8903
6,12,1006.72,597.36,91.78,91.86,1,1,0.85635
6,13,292.78,526.61,64.13,147.93,1,1,0.88362
6,14,1642.49,475.67,61.76,144.84,1,1,0.88045
6,15,744.02,257.97,67.36,131.93,1,1,0.88543
6,16,1255.93,407.24,89.12,73.26,1,1,0.87657
6,17,1177.58,523.5,89.36,94.92,1,1,0.86985
6,18,1022.39,178.23,55.55,121.5,1,1,0.87318
6,19,971.6,642.82,71.87,119.34,1,1,0.86924
6,20,1235.61,439.71,77.92,60.14,1,1,0.84481
6,21,1181.53,482.4,82.59,61.48,1,1,0.84194
7,0,1092.81,764.28,109.31,148.71,1,1,0.91444
7,1,1298.96,234.75,101.57,132.25,1,1,0.91481
7,2,1079.13,427.08,107.19,84.08,1,1,0.90733
7,3,1033.5,511.31,99.36,89.42,1,1,0.8994
7,4,1259.79,607.52,82.38,119.75,1,1,0.89847
7,5,856.01,370.96,59.78,143.57,1,1,0.9
7,6,784.44,493.92,64.25,138.75,1,1,0.89273
7,7,1132.54,342.49,74.99,89.94,1,1,0.89013
7,8,1186.23,569.74,88.19,109.68,1,1,0.892
7,9,1306.65,368.87,76.79,104.45,1,1,0.89002
7,10,935.24,759.74,67.34,146.99,1,1,0.89237
7,11,1252.72,465.73,68.54,126.13,1,1,0.88964
7,12,1005.5,595.52,90.03,90.15,1,1,0.84976
7,13,293.19,525.84,64.06,147.98,1,1,0.88299
7,14,1642.44,475.44,62.03,144.42,1,1,0.87971
7,15,744.64,257.99,71.13,131.97,1,1,0.88908
7,16,1256.04,406.77,89.11,73.32,1,1,0.87624
7,17,1177.65,523.2,89.3,94.84,1,1,0.86866
7,18,1022.56,177.65,56.16,121.87,1,1,0.87462
7,19,971.96,642.19,72.12,119.21,1,1,0.86512
7,20,1235.78,439.34,78.06,60.38,1,1,0.84534
7,21,1181.57,481.84,82.54,62.39,1,1,0.83957
8,0,1093.1,764.03,109.01,148.79,1,1,0.91369
8,1,1298.83,234.45,101.48,132.3,1,1,0.91353
8,2,1079.01,426.87,107.26,84.14,1,1,0.90743
8,3,1034.57,511.17,98.24,89.32,1,1,0.89746
8,4,1260.45,607.34,81.93,119.67,1,1,0.89795
8,5,856.58,370.76,60.02,143.46,1,1,0.90025
8,6,784.42,493.35,63.9,138.94,1,1,0.89209
8,7,1132.55,342.52,75.01,89.96,1,1,0.88978
8,8,1186.28,569.24,88.24,110.06,1,1,0.89166
8,9,1306.66,368.7,76.71,104.12,1,1,0.8888
8,10,934.26,760.09,66.89,147.68,1,1,0.89068
8,11,1252.56,465.16,68.61,126.66,1,1,0.88949
8,12,1004.06,593.73,88.44,88.71,1,1,0.84611
8,13,294.63,525.54,62.65,147.67,1,1,0.88362
8,14,1642.57,475.27,61.87,144.33,1,1,0.87926
8,15,746.25,258.87,73.47,131.01,1,1,0.8923
8,16,1256.02,406.59,89.08,73.21,1,1,0.87589
8,17,1177.73,523.27,89.21,94.55,1,1,0.86722
8,18,1022.85,177.66,56.38,121.6,1,1,0.8737
8,19,972.39,641.62,73.24,119.8,1,1,0.86913
8,20,1235.91,439.1,78.04,60.71,1,1,0.84531
8,21,1181.8,481.73,82.29,62.42,1,1,0.8387
9,0,1093.02,763.82,108.96,148.8,1,1,0.91356
9,1,1298.76,234.36,101.52,132.23,1,1,0.9145
9,2,1078.98,426.73,107.26,84.22,1,1,0.90784
9,3,1035.11,511.15,97.56,89.11,1,1,0.89819
9,4,1260.55,607.22,81.9,119.6,1,1,0.89797
9,5,857.04,370.9,60.49,143.2,1,1,0.90081
9,6,784.39,492.54,63.78,139.65,1,1,0.89215
9,7,1132.56,342.51,75.04,89.98,1,1,0.89027
9,8,1186.27,569.0,88.28,110.29,1,1,0.89227
9,9,1306.63,368.62,76.74,103.83,1,1,0.8888
9,10,933.36,760.42,67.1,147.71,1,1,0.8902
9,11,1252.53,464.94,68.61,126.83,1,1,0.88964
9,12,1003.01,591.93,87.13,85.15,1,1,0.86293
9,13,295.34,525.69,62.33,146.45,1,1,0.88467
9,14,1642.58,475.23,61.81,144.24,1,1,0.87959
9,15,747.73,259.22,75.25,129.71,1,1,0.89304
9,16,1256.07,406.52,89.04,73.1,1,1,0.87637
9,17,1177.84,523.24,89.08,94.09,1,1,0.86637
9,18,1022.76,177.63,56.6,121.43,1,1,0.87342
9,19,972.34,641.9,72.97,119.43,1,1,0.87068
9,20,1235.96,438.95,78.02,60.85,1,1,0.84597
9,21,1181.92,481.64,82.26,62.42,1,1,0.84125
10,0,1093.12,763.54,108.69,148.96,1,1,0.91216
10,1,1298.72,234.28,101.67,132.19,1,1,0.9139
10,2,1078.97,426.65,107.19,84.17,1,1,0.90724
10,3,1035.5,511.11,97.06,88.85,1,1,0.89677
10,4,1260.58,607.24,81.92,119.52,1,1,0.89667
10,5,857.05,371.16,61.15,142.86,1,1,0.90082
10,6,784.22,491.62,63.73,140.52,1,1,0.89272
10,7,1132.42,342.46,75.16,90.05,1,1,0.88921
10,8,1186.33,568.95,88.17,110.36,1,1,0.89141
10,9,1306.58,368.6,76.8,103.64,1,1,0.88751
10,10,932.15,761.09,67.32,146.89,1,1,0.88971
10,11,1252.45,464.83,68.61,126.96,1,1,0.88909
10,12,1002.38,590.44,85.87,82.7,1,1,0.8709
10,13,296.43,526.16,60.87,146.2,1,1,0.88386
10,14,1642.59,475.16,61.85,144.27,1,1,0.87904
10,15,749.6,259.75,75.76,128.69,1,1,0.89475
10,16,1256.09,406.53,89.02,73.03,1,1,0.87537
10,17,1177.92,523.18,89.01,93.75,1,1,0.86523
10,18,1021.63,177.61,57.85,120.46,1,1,0.87173
10,19,972.61,639.99,74.53,122.23,1,1,0.87106
10,20,1235.96,438.97,78.07,60.88,1,1,0.84538
10,21,1182.02,481.51,82.1,62.25,1,1,0.84147
11,0,1093.49,763.3,108.21,148.88,1,1,0.91211
11,1,1298.74,234.13,101.75,132.18,1,1,0.9134
11,2,1078.98,426.57,107.22,84.16,1,1,0.90723
11,3,1035.59,511.03,96.92,88.64,1,1,0.89668
11,4,1260.92,607.19,81.67,119.41,1,1,0.89641
11,5,856.86,371.35,62.0,141.98,1,1,0.90229
11,6,784.17,491.05,63.57,140.94,1,1,0.89241
11,7,1132.43,342.35,75.24,90.04,1,1,0.88902
11,8,1186.43,569.01,88.2,110.23,1,1,0.89111
11,9,1306.64,368.58,76.87,103.48,1,1,0.88677
11,10,930.9,762.58,67.19,145.31,1,1,0.8894
11,11,1252.57,464.73,68.52,126.75,1,1,0.88888
11,12,1002.08,589.57,84.81,82.08,1,1,0.87095
11,13,297.78,526.88,58.97,148.44,1,1,0.88363
11,14,1642.74,475.14,61.73,144.23,1,1,0.8792
11,15,753.97,260.05,73.55,127.64,1,1,0.88881
11,16,1256.08,406.39,89.07,73.11,1,1,0.87566
11,17,1177.97,523.19,89.06,93.52,1,1,0.86429
11,18,1020.17,177.47,59.12,118.79,1,1,0.87148
11,19,972.6,638.79,75.35,124.91,1,1,0.87407
11,20,1235.92,438.76,78.15,60.99,1,1,0.84486
11,21,1182.0,481.31,82.27,62.25,1,1,0.84109
12,0,1094.06,763.46,107.57,148.83,1,1,0.91307
12,1,1298.64,234.13,100.77,131.81,1,1,0.91327
12,2,1079.59,426.79,106.82,83.48,1,1,0.90688
12,3,1035.48,510.8,96.98,88.59,1,1,0.89636
12,4,1260.78,607.22,81.51,119.01,1,1,0.89807
12,5,856.62,372.03,62.85,141.2,1,1,0.90326
12,6,783.82,490.55,63.71,141.63,1,1,0.89425
12,7,1132.8,342.47,75.62,89.86,1,1,0.88984
12,8,1186.18,568.92,88.05,110.12,1,1,0.89303
12,9,1306.86,368.33,76.53,103.39,1,1,0.88788
12,10,929.86,765.71,66.94,142.91,1,1,0.89049
12,11,1252.25,465.05,68.67,126.25,1,1,0.891
12,12,1000.14,588.84,86.18,83.98,1,1,0.87157
12,13,298.03,528.61,58.17,148.68,1,1,0.8872
12,14,1642.72,475.03,61.58,144.2,1,1,0.88022
12,15,761.67,261.27,68.71,125.44,1,1,0.88692
12,16,1255.91,406.14,89.36,73.38,1,1,0.88076
12,17,1177.99,523.01,88.97,93.15,1,1,0.86348
12,18,1016.96,177.5,61.19,117.89,1,1,0.87663
12,19,971.11,638.54,76.3,128.15,1,1,0.88179
12,20,1235.53,438.65,78.36,60.75,1,1,0.84797
12,21,1181.73,481.4,82.19,62.36,1,1,0.83568
13,0,1094.0,763.16,107.51,149.02,1,1,0.91269
13,1,1298.61,233.94,100.45,131.63,1,1,0.91315
13,2,1079.76,426.77,106.86,83.38,1,1,0.90652
13,3,1035.09,510.55,97.33,88.7,1,1,0.89652
13,4,1260.55,607.11,81.58,118.88,1,1,0.89751
13,5,856.27,372.45,63.83,139.56,1,1,0.90359
13,6,783.86,490.4,63.26,141.62,1,1,0.89427
13,7,1133.03,342.39,75.58,89.72,1,1,0.88954
13,8,1186.11,568.58,87.94,110.23,1,1,0.89206
13,9,1306.75,368.18,76.62,103.33,1,1,0.88787
13,10,928.75,767.09,67.0,141.66,1,1,0.89075
13,11,1252.07,464.67,68.82,126.46,1,1,0.89093
13,12,998.53,588.6,87.06,84.56,1,1,0.87192
13,13,298.42,529.72,57.4,148.14,1,1,0.88515
13,14,1642.74,474.78,61.54,144.28,1,1,0.87993
13,15,767.93,262.04,64.81,124.77,1,1,0.88689
13,16,1255.78,405.9,89.36,73.36,1,1,0.88025
13,17,1178.02,522.85,88.9,93.21,1,1,0.86507
13,18,1015.45,177.42,62.09,117.88,1,1,0.87632
13,19,970.67,637.72,76.61,130.05,1,1,0.88288
13,20,1235.3,438.44,78.53,60.54,1,1,0.84813
13,21,1181.71,481.27,82.28,62.27,1,1,0.83683
14,0,1093.68,762.85,107.69,149.16,1,1,0.91278
14,1,1298.56,233.82,100.41,131.53,1,1,0.91256
14,2,1079.74,426.55,106.89,83.62,1,1,0.90603
14,3,1034.69,510.22,97.69,89.16,1,1,0.89658
14,4,1260.68,606.92,81.34,118.94,1,1,0.8972
14,5,856.15,372.71,64.68,138.79,1,1,0.90367
14,6,783.68,490.28,63.04,141.63,1,1,0.89407
14,7,1133.04,342.14,75.86,89.88,1,1,0.88923
14,8,1186.01,568.66,88.01,109.88,1,1,0.8928
14,9,1306.68,367.84,76.57,103.4,1,1,0.88794
14,10,927.45,768.19,67.12,140.19,1,1,0.89091
14,11,1251.92,464.45,68.92,126.43,1,1,0.89109
14,12,995.63,589.09,89.04,82.97,1,1,0.87494
14,13,299.03,530.52,56.57,147.79,1,1,0.88649
14,14,1642.74,474.66,61.52,144.23,1,1,0.88026
14,15,772.92,262.44,62.16,124.56,1,1,0.88837
14,16,1255.72,405.48,89.25,73.49,1,1,0.88082
14,17,1178.08,522.26,89.0,93.44,1,1,0.86331
14,18,1014.32,177.28,62.93,117.95,1,1,0.87945
14,19,970.04,637.29,77.0,131.02,1,1,0.882
14,20,1235.23,438.26,78.58,60.67,1,1,0.8486
14,21,1181.5,481.1,82.27,61.68,1,1,0.83427
15,0,1093.43,762.82,107.97,149.14,1,1,0.91317
15,1,1298.62,233.85,100.39,131.44,1,1,0.91305
15,2,1079.86,426.63,106.84,83.54,1,1,0.90701
15,3,1034.16,510.27,98.28,89.47,1,1,0.89849
15,4,1260.68,606.85,81.31,119.09,1,1,0.8983
15,5,856.34,373.47,64.6,138.14,1,1,0.90456
15,6,783.79,490.66,62.79,141.23,1,1,0.89409
15,7,1133.21,342.17,75.89,89.99,1,1,0.89046
15,8,1185.99,568.75,87.99,109.79,1,1,0.89418
15,9,1306.8,367.8,76.55,103.46,1,1,0.88852
15,10,926.53,769.73,67.39,138.48,1,1,0.89126
15,11,1252.0,464.43,68.88,126.48,1,1,0.8918
15,12,993.29,590.4,90.87,81.45,1,1,0.87838
15,13,299.25,531.38,56.41,147.06,1,1,0.88657
15,14,1642.81,474.61,61.49,144.29,1,1,0.88084
15,15,777.23,263.44,60.51,123.87,1,1,0.88927
15,16,1256.04,405.47,88.92,73.48,1,1,0.88171
15,17,1178.24,522.42,88.99,93.36,1,1,0.86528
15,18,1014.14,177.57,62.58,117.72,1,1,0.87945
15,19,970.1,637.51,76.69,131.54,1,1,0.88384
15,20,1235.28,438.24,78.6,60.8,1,1,0.84908
15,21,1181.72,481.16,82.15,61.35,1,1,0.83803
16,0,1093.13,762.89,108.09,149.04,1,1,0.91269
16,1,1298.53,233.86,100.6,131.42,1,1,0.91311
16,2,1079.98,426.77,106.8,83.47,1,1,0.9069
16,3,1033.57,510.43,98.97,89.53,1,1,0.89927
16,4,1260.74,606.88,81.25,119.16,1,1,0.89703
16,5,856.38,373.93,64.85,137.88,1,1,0.90439
16,6,783.92,491.13,62.65,140.9,1,1,0.89356
16,7,1133.31,342.25,75.94,90.02,1,1,0.89044
16,8,1185.96,568.91,88.0,109.57,1,1,0.89434
16,9,1306.81,367.84,76.59,103.61,1,1,0.88866
16,10,925.67,770.67,67.34,137.67,1,1,0.89083
16,11,1251.95,464.5,68.84,126.32,1,1,0.89153
16,12,991.47,591.84,92.5,80.59,1,1,0.8778
16,13,298.95,531.78,56.64,146.69,1,1,0.88597
16,14,1642.77,474.61,61.48,144.45,1,1,0.88024
16,15,780.09,263.58,60.26,124.79,1,1,0.89135
16,16,1256.13,405.48,88.72,73.49,1,1,0.88108
16,17,1178.83,522.06,88.43,93.28,1,1,0.86166
16,18,1014.1,177.71,62.2,117.81,1,1,0.87937
16,19,969.99,637.38,77.28,132.52,1,1,0.88278
16,20,1235.38,438.35,78.55,60.9,1,1,0.84834
16,21,1181.9,481.25,81.91,61.5,1,1,0.83532
17,0,1093.0,762.98,108.1,148.92,1,1,0.91288
17,1,1298.56,233.8,100.54,131.39,1,1,0.91412
17,2,1080.04,426.79,106.74,83.36,1,1,0.90744
17,3,1033.09,510.47,99.53,89.62,1,1,0.8998
17,4,1260.88,606.85,81.19,119.31,1,1,0.89714
17,5,856.2,374.47,65.29,137.23,1,1,0.90379
17,6,784.09,491.53,62.55,140.57,1,1,0.89403
17,7,1133.36,342.32,75.88,89.85,1,1,0.89217
17,8,1185.89,569.16,88.06,109.22,1,1,0.89506
17,9,1306.71,367.84,76.6,103.75,1,1,0.89028
17,10,925.0,771.01,67.4,137.21,1,1,0.88974
17,11,1251.98,464.3,68.8,126.49,1,1,0.89168
17,12,989.68,593.46,94.05,80.06,1,1,0.87807
17,13,298.68,531.24,56.66,147.15,1,1,0.88574
17,14,1642.77,474.61,61.4,144.43,1,1,0.8803
17,15,782.41,263.57,60.47,126.25,1,1,0.89153
17,16,1256.33,404.7,87.89,73.82,1,1,0.88072
17,17,1178.96,521.34,88.13,93.06,1,1,0.86455
17,18,1014.16,177.77,61.76,117.67,1,1,0.87905
17,19,969.72,636.74,78.38,133.75,1,1,0.88322
17,20,1235.31,438.03,78.71,61.1,1,1,0.85003
17,21,1182.33,480.97,81.28,59.71,1,1,0.86088
18,0,1093.01,763.21,108.07,148.83,1,1,0.91325
18,1,1298.5,233.88,100.59,131.4,1,1,0.91445
18,2,1080.1,426.98,106.68,83.27,1,1,0.90747
18,3,1032.43,510.57,100.06,89.72,1,1,0.89979
18,4,1260.98,606.94,81.07,119.31,1,1,0.89682
18,5,856.18,375.65,65.38,136.11,1,1,0.90299
18,6,784.13,492.54,62.59,139.78,1,1,0.89362
18,7,1133.25,342.55,76.14,89.76,1,1,0.89226
18,8,1185.87,569.66,88.14,108.73,1,1,0.89248
18,9,1306.71,367.9,76.57,103.61,1,1,0.88903
18,10,924.29,771.42,67.38,136.84,1,1,0.89096
18,11,1252.0,464.63,68.74,126.29,1,1,0.89176
18,12,989.34,595.57,93.99,79.44,1,1,0.87979
18,13,298.09,529.92,56.62,148.37,1,1,0.88416
18,14,1642.79,474.73,61.29,144.37,1,1,0.88053
18,15,784.56,263.95,60.92,127.43,1,1,0.89352
18,16,1256.54,403.86,87.6,74.89,1,1,0.8788
18,17,1178.88,520.96,88.11,90.55,1,1,0.86684
18,18,1014.05,178.39,61.33,117.03,1,1,0.88032
18,19,969.84,636.09,79.01,134.64,1,1,0.88199
18,20,1235.37,438.07,78.37,59.97,1,1,0.8529
18,21,1182.29,480.85,81.41,58.89,1,1,0.86273
19,0,1093.06,763.4,108.07,148.68,1,1,0.91313
19,1,1298.55,233.99,100.55,131.58,1,1,0.91375
19,2,1080.07,427.18,106.63,83.14,1,1,0.90669
19,3,1031.85,510.76,100.53,89.7,1,1,0.89948
19,4,1260.97,607.1,81.0,119.24,1,1,0.89637
19,5,856.56,376.8,65.22,135.16,1,1,0.90233
19,6,784.16,493.57,62.54,138.88,1,1,0.89157
19,7,1133.08,342.9,76.45,89.47,1,1,0.89201
19,8,1185.82,569.61,88.52,109.06,1,1,0.89132
19,9,1306.9,368.16,76.31,103.3,1,1,0.88866
19,10,924.25,771.61,67.25,136.83,1,1,0.88955
19,11,1251.73,464.46,69.0,126.42,1,1,0.89218
19,12,988.24,597.37,94.38,78.84,1,1,0.87938
19,13,297.81,527.76,56.4,150.54,1,1,0.88374
19,14,1643.03,474.94,61.26,144.37,1,1,0.88095
19,15,787.3,264.53,60.77,128.06,1,1,0.89298
19,16,1256.89,402.57,87.45,76.26,1,1,0.88036
19,17,1179.05,520.39,87.86,84.27,1,1,0.85486
19,18,1013.77,178.91,61.39,116.69,1,1,0.87984
19,19,969.97,635.66,78.89,135.1,1,1,0.88161
19,20,1235.42,437.79,78.08,60.13,1,1,0.84916
19,21,1182.11,480.51,81.39,58.65,1,1,0.86423
20,0,1093.16,763.32,108.15,148.7,1,1,0.91326
20,1,1298.67,233.95,100.55,131.7,1,1,0.91388
20,2,1080.11,427.2,106.57,83.23,1,1,0.90697
20,3,1031.58,510.78,100.79,89.84,1,1,0.90011
20,4,1260.82,607.04,81.18,119.24,1,1,0.89684
20,5,857.17,377.53,64.8,134.59,1,1,0.90277
20,6,784.23,494.28,62.55,138.19,1,1,0.89205
20,7,1133.01,343.0,76.52,89.37,1,1,0.89162
20,8,1185.89,567.66,88.72,111.01,1,1,0.89292
20,9,1307.13,368.25,76.19,103.36,1,1,0.88878
20,10,924.2,771.72,67.2,137.1,1,1,0.88981
20,11,1251.63,464.61,69.32,126.14,1,1,0.89325
20,12,987.96,598.57,94.24,77.59,1,1,0.87648
20,13,296.87,525.57,56.8,151.79,1,1,0.88473
20,14,1643.08,474.97,61.41,144.33,1,1,0.88154
20,15,790.38,264.6,60.83,128.45,1,1,0.89281
20,16,1257.14,400.68,86.95,78.16,1,1,0.88197
20,17,1179.46,519.41,87.25,78.79,1,1,0.82976
20,18,1014.08,179.35,61.27,116.23,1,1,0.88061
20,19,970.2,634.96,78.62,135.76,1,1,0.8818
20,20,1235.13,436.87,77.7,60.2,1,1,0.85169
20,21,1182.25,479.95,81.65,58.7,1,1,0.86431
21,0,1093.09,763.71,108.08,148.62,1,1,0.91332
21,1,1298.65,234.15,100.68,131.85,1,1,0.91493
21,2,1080.05,427.34,106.66,84.03,1,1,0.90749
21,3,1031.09,510.94,101.79,90.17,1,1,0.90168
21,4,1260.83,607.07,81.23,119.51,1,1,0.89739
21,5,857.33,378.32,64.53,134.18,1,1,0.90317
21,6,784.07,495.15,62.82,137.5,1,1,0.89153
21,7,1133.04,343.2,76.56,89.38,1,1,0.89153
21,8,1187.16,565.67,87.96,113.41,1,1,0.88805
21,9,1307.3,368.3,76.14,104.25,1,1,0.88997
21,10,923.93,772.29,67.27,136.64,1,1,0.88917
21,11,1251.91,464.26,69.31,126.72,1,1,0.89153
21,12,988.23,599.47,93.98,77.25,1,1,0.8762
21,13,296.05,524.36,56.39,151.37,1,1,0.88437
21,14,1642.88,475.27,61.67,144.59,1,1,0.8822
21,15,793.61,265.21,60.07,129.02,1,1,0.89003
21,16,1256.88,399.44,86.01,79.33,1,1,0.87836
21,17,1180.55,519.15,85.34,74.71,1,1,0.80098
21,18,1014.22,179.87,61.28,116.11,1,1,0.87871
21,19,970.14,634.92,78.54,136.09,1,1,0.88345
21,20,1235.03,435.84,77.1,60.86,1,1,0.84655
21,21,1182.23,479.6,81.66,58.21,1,1,0.85786
22,0,1093.15,764.25,107.99,148.39,1,1,0.91252
22,1,1298.95,234.91,100.52,131.77,1,1,0.91458
22,2,1080.11,427.61,106.7,84.19,1,1,0.90774
22,3,1030.2,511.09,102.84,90.77,1,1,0.90172
22,4,1260.4,607.57,81.75,119.39,1,1,0.89812
22,5,857.34,378.97,64.24,134.12,1,1,0.90379
22,6,784.0,496.27,63.19,136.92,1,1,0.89221
22,7,1133.04,343.8,76.49,88.98,1,1,0.89277
22,8,1188.54,564.93,86.99,114.74,1,1,0.88608
22,9,1307.43,368.58,76.05,105.35,1,1,0.89357
22,10,923.51,772.99,67.29,136.16,1,1,0.88872
22,11,1252.8,464.39,69.09,126.99,1,1,0.89145
22,12,988.45,600.13,93.52,77.18,1,1,0.87705
22,13,294.13,523.56,56.91,150.26,1,1,0.88518
22,14,1642.85,475.92,61.71,144.6,1,1,0.88296
22,15,796.44,265.76,59.41,129.75,1,1,0.88933
22,16,1256.54,399.15,85.21,79.33,1,1,0.88041
22,17,1181.82,519.74,82.65,68.18,1,1,0.82191
22,18,1014.14,180.54,61.1,115.99,1,1,0.87998
22,19,970.4,635.38,78.37,136.3,1,1,0.88337
22,20,1234.35,434.91,76.95,60.41,1,1,0.85132
22,21,1182.04,479.7,82.53,58.22,1,1,0.8575
23,0,1093.03,764.17,108.11,148.76,1,1,0.91299
23,1,1299.08,235.35,100.32,131.59,1,1,0.91372
23,2,1080.45,427.23,106.99,84.22,1,1,0.90685
23,3,1029.91,510.34,103.26,92.06,1,1,0.9024
23,4,1260.18,607.94,81.81,119.31,1,1,0.89696
23,5,857.46,379.4,64.48,133.87,1,1,0.90365
23,6,784.1,496.86,63.7,136.58,1,1,0.89243
23,7,1133.38,343.95,76.62,88.77,1,1,0.8918
23,8,1189.58,564.66,86.13,115.27,1,1,0.88671
23,9,1307.05,368.48,76.21,106.58,1,1,0.89618
23,10,923.47,773.12,67.31,136.15,1,1,0.88814
23,11,1253.69,463.15,69.02,128.37,1,1,0.89003
23,12,989.28,599.98,92.71,77.41,1,1,0.87607
23,13,292.33,522.24,57.73,148.27,1,1,0.8842
23,14,1642.85,476.62,61.61,144.12,1,1,0.88307
23,15,798.49,266.59,59.17,129.28,1,1,0.88899
23,16,1255.94,399.11,85.28,79.15,1,1,0.88074
23,17,1181.92,518.65,81.01,66.79,1,1,0.84604
23,18,1014.3,181.27,61.56,115.62,1,1,0.87921
23,19,970.42,636.11,78.9,135.82,1,1,0.88318
23,20,1233.71,433.49,76.33,60.37,1,1,0.85116
23,21,1182.54,478.88,83.08,59.7,1,1,0.85616
24,0,1092.74,763.5,108.45,149.27,1,1,0.91258
24,1,1299.07,235.28,100.17,131.51,1,1,0.91266
24,2,1080.82,425.85,107.13,85.07,1,1,0.90643
24,3,1030.32,507.96,102.87,93.54,1,1,0.90279
24,4,1259.94,607.94,81.75,119.12,1,1,0.89674
24,5,857.87,379.14,64.31,134.08,1,1,0.90279
24,6,784.17,496.87,64.11,136.58,1,1,0.89191
24,7,1133.58,343.81,77.08,87.65,1,1,0.88961
24,8,1189.42,563.97,86.19,115.52,1,1,0.88336
24,9,1306.37,367.9,76.73,107.31,1,1,0.8996
24,10,923.26,772.94,67.54,136.17,1,1,0.8878
24,11,1254.63,461.68,68.97,129.04,1,1,0.89011
24,12,989.79,599.15,92.0,78.04,1,1,0.87722
24,13,290.71,520.92,58.08,145.61,1,1,0.88051
24,14,1642.7,476.73,61.6,143.7,1,1,0.8822
24,15,800.36,267.0,59.39,128.96,1,1,0.88673
24,16,1254.7,398.87,86.06,78.99,1,1,0.87961
24,17,1182.04,516.2,79.39,67.06,1,1,0.84601
24,18,1014.74,181.56,62.23,115.11,1,1,0.87805
24,19,970.45,636.02,79.47,135.87,1,1,0.88254
24,20,1232.71,431.94,76.52,61.27,1,1,0.84914
24,21,1183.53,478.43,82.27,59.5,1,1,0.85597
25,0,1092.19,762.92,108.23,149.58,1,1,0.91241
25,1,1298.86,235.78,100.26,130.82,1,1,0.91129
25,2,1082.24,424.01,105.96,85.13,1,1,0.90162
25,3,1031.4,504.53,102.58,94.27,1,1,0.89822
25,4,1260.5,607.13,80.86,119.96,1,1,0.8949
25,5,858.22,379.0,64.5,134.05,1,1,0.90245
25,6,783.83,496.79,64.79,136.47,1,1,0.89241
25,7,1133.95,343.41,78.23,87.39,1,1,0.88534
25,8,1188.95,562.6,85.98,116.2,1,1,0.88054
25,9,1305.64,367.25,76.78,107.96,1,1,0.89927
25,10,922.96,772.82,67.97,136.08,1,1,0.88729
25,11,1254.33,459.84,69.71,130.7,1,1,0.88906
25,12,989.07,598.93,92.65,78.28,1,1,0.87674
25,13,288.23,519.39,60.02,143.18,1,1,0.87709
25,14,1642.7,476.74,61.24,143.55,1,1,0.88081
25,15,801.58,266.95,60.73,129.22,1,1,0.88633
25,16,1251.96,398.11,87.48,79.71,1,1,0.87658
25,17,1181.97,516.31,77.59,67.5,1,1,0.7747
25,18,1014.86,181.65,63.04,114.77,1,1,0.87865
25,19,970.24,636.08,79.63,135.59,1,1,0.8837
25,20,1230.35,430.45,77.13,61.67,1,1,0.84163
25,21,1183.25,477.73,81.79,59.58,1,1,0.85577
26,0,1091.53,762.7,106.37,149.28,1,1,0.91165
26,1,1298.04,236.59,100.75,129.78,1,1,0.90979
26,2,1083.19,421.81,104.98,85.73,1,1,0.89808
26,3,1032.93,500.77,102.95,97.02,1,1,0.89653
26,4,1260.82,605.3,79.84,121.56,1,1,0.89649
26,5,858.67,378.94,64.51,133.88,1,1,0.90224
26,6,783.44,496.77,66.04,136.27,1,1,0.89468
26,7,1134.46,342.84,78.6,86.82,1,1,0.88963
26,8,1190.51,561.72,83.69,116.16,1,1,0.88169
26,9,1304.66,366.88,77.43,107.78,1,1,0.89916
26,10,922.5,772.82,68.18,136.25,1,1,0.88809
26,11,1254.4,459.91,70.23,130.29,1,1,0.88903
26,12,988.53,598.9,93.15,78.68,1,1,0.87798
26,13,285.53,518.18,62.05,140.21,1,1,0.87958
26,14,1642.52,476.06,60.83,144.18,1,1,0.88052
26,15,802.86,266.51,62.34,129.71,1,1,0.88928
26,16,1249.69,398.01,87.29,79.29,1,1,0.87165
26,17,1180.95,516.89,78.12,93.76,1,1,0.86074
26,18,1015.07,181.58,64.02,114.81,1,1,0.88017
26,19,969.98,636.26,79.71,135.28,1,1,0.88533
26,20,1227.9,428.51,77.91,63.46,1,1,0.84201
26,21,1182.65,477.23,82.15,62.07,1,1,0.82822
27,0,1090.56,762.87,102.56,147.62,1,1,0.90777
27,1,1297.27,238.1,100.46,128.22,1,1,0.90543
27,2,1085.05,420.31,103.44,86.39,1,1,0.89614
27,3,1034.83,498.1,103.19,98.5,1,1,0.89033
27,4,1261.06,602.29,78.88,124.46,1,1,0.89298
27,5,859.09,379.03,64.22,133.51,1,1,0.89998
27,6,783.0,496.65,67.17,136.2,1,1,0.89453
27,7,1135.17,342.09,78.59,86.6,1,1,0.88773
27,8,1193.12,562.16,80.79,114.67,1,1,0.87349
27,9,1303.69,366.22,77.76,107.55,1,1,0.89328
27,10,921.32,773.67,68.27,133.34,1,1,0.88225
27,11,1255.14,458.89,70.87,130.77,1,1,0.88115
27,12,988.1,598.79,93.12,78.96,1,1,0.87648
27,13,282.56,516.61,64.51,138.07,1,1,0.87924
27,14,1642.25,475.12,61.22,144.8,1,1,0.87624
27,15,804.05,266.74,63.66,130.0,1,1,0.88903
27,16,1248.45,398.04,82.99,77.11,1,1,0.85701
27,17,1178.92,517.79,79.17,96.91,1,1,0.85479
27,18,1014.94,181.34,64.01,114.88,1,1,0.87686
27,19,969.99,636.71,79.81,134.59,1,1,0.88158
27,20,1225.58,427.04,77.37,67.18,1,1,0.83703
27,21,1182.49,476.35,81.02,67.1,1,1,0.81726
28,0,1089.45,763.91,97.73,146.22,1,1,0.90112
28,1,1296.39,240.33,100.22,126.06,1,1,0.90427
28,2,1088.27,419.42,100.61,86.67,1,1,0.89206
28,3,1038.91,496.44,103.06,98.6,1,1,0.8885
28,4,1261.14,597.98,77.86,128.71,1,1,0.89195
28,5,859.44,378.98,64.49,133.2,1,1,0.8977
28,6,782.84,496.65,68.19,136.02,1,1,0.89241
28,7,1136.09,341.48,78.19,86.97,1,1,0.88619
28,8,1194.03,563.03,78.43,112.95,1,1,0.87132
28,9,1303.02,365.72,76.92,106.86,1,1,0.88595
28,10,920.38,774.31,68.42,132.48,1,1,0.88096
28,11,1256.76,458.83,71.28,128.94,1,1,0.87335
28,12,987.97,598.47,92.77,78.73,1,1,0.87212
28,13,279.62,515.45,66.52,137.59,1,1,0.87931
28,14,1641.35,474.73,62.26,144.91,1,1,0.87709
28,15,804.8,266.78,65.66,130.19,1,1,0.88935
28,16,1247.58,398.5,80.4,76.24,1,1,0.84515
28,17,1178.33,517.49,79.77,94.0,1,1,0.83494
28,18,1014.94,181.36,64.01,114.85,1,1,0.87482
28,19,970.24,636.79,80.64,134.2,1,1,0.8801
28,20,1223.07,426.03,78.29,68.96,1,1,0.82224
28,21,1182.4,476.75,80.74,72.58,1,1,0.81961
29,0,1088.03,765.62,90.54,146.15,1,1,0.89644
29,1,1295.41,242.74,100.93,123.77,1,1,0.90566
29,2,1093.8,419.32,95.56,86.32,1,1,0.88029
29,3,1043.64,495.45,104.34,98.76,1,1,0.88654
29,4,1261.95,593.5,75.89,133.28,1,1,0.89193
29,5,859.69,379.23,64.79,132.74,1,1,0.89761
29,6,782.38,497.02,69.95,134.9,1,1,0.89493
29,7,1137.57,340.58,77.17,88.6,1,1,0.88187
29,8,1193.88,561.84,76.59,113.9,1,1,0.86593
29,9,1302.24,365.18,78.18,106.95,1,1,0.88128
29,10,919.6,775.48,68.5,131.45,1,1,0.87952
29,11,1258.48,462.14,72.47,123.72,1,1,0.87123
29,12,987.63,598.0,93.05,79.27,1,1,0.87075
29,13,276.98,514.76,67.6,138.34,1,1,0.87891
29,14,1640.87,474.57,64.0,144.64,1,1,0.87828
29,15,805.62,267.06,67.73,129.98,1,1,0.89061
29,16,1247.29,399.27,79.47,77.88,1,1,0.86616
29,17,1175.16,516.78,83.34,93.04,1,1,0.82125
29,18,1014.65,181.4,64.03,114.95,1,1,0.87428
29,19,970.62,636.38,81.11,134.81,1,1,0.87814
29,20,1220.1,425.21,78.88,75.35,1,1,0.80035
29,21,1181.59,477.45,81.46,82.25,1,1,0.80141
30,0,1086.39,768.2,84.78,147.28,1,1,0.89784
30,1,1293.24,245.15,103.12,121.43,1,1,0.90706
30,2,1103.84,418.64,86.21,88.47,1,1,0.86976
30,3,1049.33,494.98,103.41,99.07,1,1,0.88068
30,4,1262.28,589.05,74.96,137.74,1,1,0.89187
30,5,859.82,379.29,65.71,132.43,1,1,0.89811
30,6,781.73,497.35,71.35,134.19,1,1,0.89617
30,7,1139.2,339.67,76.16,89.16,1,1,0.87891
30,8,1193.8,559.65,75.64,116.68,1,1,0.85641
30,9,1300.84,364.78,80.99,105.94,1,1,0.88299
30,10,918.7,776.2,68.63,130.54,1,1,0.88106
30,11,1258.66,465.55,75.81,116.65,1,1,0.87243
30,12,987.93,596.64,92.52,80.22,1,1,0.87107
30,13,274.55,514.1,68.98,139.19,1,1,0.88314
30,14,1640.55,474.94,66.99,144.04,1,1,0.88008
30,15,806.44,267.44,70.21,128.87,1,1,0.89395
30,16,1246.37,400.48,75.45,76.24,1,1,0.85455
30,17,1173.96,515.33,84.31,97.68,1,1,0.8405
30,18,1014.21,181.25,64.01,115.1,1,1,0.87572
30,19,970.29,635.91,82.15,135.37,1,1,0.8795
30,20,1216.87,423.93,79.6,81.22,1,1,0.81563
30,21,1181.98,477.88,81.71,91.86,1,1,0.83578
31,0,1084.16,771.09,82.84,148.91,1,1,0.89939
31,1,1290.28,248.72,106.18,118.08,1,1,0.90855
31,2,1112.52,418.43,78.4,89.71,1,1,0.86084
31,3,1051.23,495.2,101.73,99.56,1,1,0.88641
31,4,1262.19,585.55,75.12,141.67,1,1,0.89037
31,5,860.21,380.22,66.71,131.38,1,1,0.89681
31,6,781.33,498.41,72.37,133.62,1,1,0.89543
31,7,1141.02,339.59,74.72,88.91,1,1,0.8807
31,8,1192.91,560.38,76.58,118.33,1,1,0.86061
31,9,1299.54,364.25,78.65,106.4,1,1,0.88446
31,10,917.78,777.53,68.71,130.13,1,1,0.88324
31,11,1259.48,467.02,77.25,114.05,1,1,0.87549
31,12,988.34,595.15,92.12,81.54,1,1,0.87125
31,13,271.97,513.84,70.08,140.05,1,1,0.88292
31,14,1639.88,477.05,71.82,141.43,1,1,0.88342
31,15,809.15,269.13,70.52,125.57,1,1,0.89119
31,16,1245.04,402.67,71.33,74.17,1,1,0.85649
31,17,1174.91,514.69,81.19,103.82,1,1,0.84082
31,18,1013.89,180.99,63.9,115.42,1,1,0.87586
31,19,969.85,636.06,83.11,135.56,1,1,0.8815
31,20,1213.41,423.7,78.43,85.19,1,1,0.82724
31,21,1183.81,478.87,80.45,97.12,1,1,0.84637
32,0,1081.81,773.95,86.4,148.71,1,1,0.90218
32,1,1285.97,251.59,110.91,115.19,1,1,0.90944
32,2,1117.17,419.0,75.08,90.45,1,1,0.85478
32,3,1051.95,495.74,104.04,100.4,1,1,0.89051
32,4,1263.54,581.48,73.67,146.08,1,1,0.89104
32,5,860.64,381.46,67.33,130.04,1,1,0.89735
32,6,781.66,499.77,72.9,133.48,1,1,0.89381
32,7,1143.02,339.99,73.17,88.9,1,1,0.87753
32,8,1194.33,559.97,75.97,120.22,1,1,0.87262
32,9,1299.4,363.78,77.62,107.65,1,1,0.88316
32,10,916.28,778.95,68.97,129.03,1,1,0.88361
32,11,1260.28,467.78,78.42,114.63,1,1,0.87994
32,12,989.02,593.8,91.68,83.09,1,1,0.87054
32,13,270.32,513.73,69.67,140.27,1,1,0.88549
32,14,1639.17,479.72,76.33,137.18,1,1,0.88813
32,15,811.49,271.8,71.38,121.26,1,1,0.89329
32,16,1242.99,405.02,68.66,73.55,1,1,0.85251
32,17,1174.48,515.6,77.0,105.86,1,1,0.83472
32,18,1013.92,180.66,63.89,115.65,1,1,0.87814
32,19,969.78,635.25,83.59,136.4,1,1,0.88247
32,20,1212.19,423.72,76.22,100.21,1,1,0.81675
32,21,1185.4,480.39,78.17,97.63,1,1,0.84348
33,0,1078.8,775.5,90.71,148.19,1,1,0.90593
33,1,1279.74,254.25,116.96,112.37,1,1,0.91056
33,2,1119.95,420.12,75.1,87.61,1,1,0.85762
33,3,1055.85,495.28,104.75,102.48,1,1,0.89014
33,4,1265.04,576.76,72.77,150.72,1,1,0.89483
33,5,861.28,383.27,67.9,128.22,1,1,0.89834
33,6,782.57,500.95,72.64,133.18,1,1,0.8947
33,7,1144.79,340.43,72.5,89.28,1,1,0.88253
33,8,1196.88,562.38,74.52,118.79,1,1,0.87204
33,9,1297.71,362.45,78.29,111.96,1,1,0.8874
33,10,915.73,780.36,69.1,128.44,1,1,0.88465
33,11,1260.52,469.0,81.45,114.17,1,1,0.88996
33,12,990.03,591.96,90.95,83.38,1,1,0.87261
33,13,268.65,514.07,66.02,140.1,1,1,0.88869
33,14,1637.91,482.08,80.06,133.37,1,1,0.89088
33,15,813.66,274.76,72.27,118.06,1,1,0.89033
33,16,1239.4,406.76,68.74,73.64,1,1,0.8482
33,17,1171.47,517.51,75.34,104.6,1,1,0.83521
33,18,1014.02,180.17,64.26,116.53,1,1,0.87938
33,19,969.77,633.67,84.2,138.1,1,1,0.88951
33,20,1209.87,424.03,76.83,110.9,1,1,0.84556
33,21,1187.31,482.13,77.13,96.52,1,1,0.85703
34,0,1074.14,774.86,95.89,149.1,1,1,0.90366
34,1,1273.71,256.25,120.78,110.13,1,1,0.91095
34,2,1121.62,421.42,76.14,84.1,1,1,0.86685
34,3,1061.63,494.96,106.7,105.4,1,1,0.8914
34,4,1266.47,571.45,71.58,155.45,1,1,0.89312
34,5,862.34,384.95,68.36,126.56,1,1,0.89722
34,6,783.4,502.87,72.79,131.48,1,1,0.89066
34,7,1146.13,341.5,71.6,89.27,1,1,0.88737
34,8,1196.36,565.79,75.45,115.59,1,1,0.8752
34,9,1295.54,361.8,79.87,117.23,1,1,0.88923
34,10,914.84,781.53,68.7,129.18,1,1,0.88269
34,11,1263.37,469.62,82.19,113.53,1,1,0.87241
34,12,989.78,590.29,91.86,83.38,1,1,0.87016
34,13,266.99,514.44,63.19,139.83,1,1,0.88765
34,14,1636.49,486.37,82.49,128.95,1,1,0.88901
34,15,813.19,277.45,77.26,115.28,1,1,0.89126
34,16,1234.82,407.8,70.22,75.19,1,1,0.84302
34,17,1171.39,517.43,73.16,102.6,1,1,0.83903
34,18,1013.86,179.93,64.35,116.52,1,1,0.87742
34,19,970.09,631.16,84.92,140.76,1,1,0.89115
34,20,1207.21,424.89,78.58,116.91,1,1,0.83626
34,21,1189.03,484.4,78.19,96.28,1,1,0.86453
35,0,1064.04,772.0,106.3,152.16,1,1,0.90872
35,1,1267.4,258.37,122.92,107.71,1,1,0.91018
35,2,1122.59,423.16,77.35,84.16,1,1,0.86556
35,3,1066.65,495.63,105.95,105.72,1,1,0.89188
35,4,1268.47,565.81,68.74,160.24,1,1,0.8923
35,5,863.75,386.81,68.55,124.77,1,1,0.89737
35,6,783.4,505.13,74.12,129.41,1,1,0.88683
35,7,1147.74,342.83,71.38,89.17,1,1,0.88525
35,8,1196.78,569.04,75.32,112.35,1,1,0.87507
35,9,1292.86,362.27,81.38,119.33,1,1,0.89549
35,10,914.4,783.47,67.46,128.96,1,1,0.87944
35,11,1275.76,470.0,74.88,112.39,1,1,0.84139
35,12,990.02,589.16,92.19,82.75,1,1,0.87028
35,13,265.22,515.09,61.77,140.03,1,1,0.88614
35,14,1634.02,491.93,85.98,123.84,1,1,0.88953
35,15,811.09,280.8,85.5,112.42,1,1,0.8979
35,16,1229.92,408.9,74.32,75.75,1,1,0.85515
35,17,1165.75,518.2,75.95,105.3,1,1,0.82274
35,18,1013.65,180.08,64.36,116.42,1,1,0.87549
35,19,971.03,630.4,84.28,141.12,1,1,0.88805
35,20,1204.18,425.5,79.06,116.78,1,1,0.82027
35,21,1190.23,487.25,79.91,95.77,1,1,0.85948
36,0,1056.66,766.4,112.58,156.98,1,1,0.91324
36,1,1260.39,259.27,123.84,106.66,1,1,0.91019
36,2,1121.8,424.25,80.79,87.62,1,1,0.87272
36,3,1075.73,496.22,99.29,105.38,1,1,0.89178
36,4,1269.89,560.49,66.52,163.37,1,1,0.89387
36,5,864.53,388.6,68.97,123.13,1,1,0.90021
36,6,783.8,506.95,75.81,127.39,1,1,0.88828
36,7,1149.12,343.78,71.22,89.87,1,1,0.88564
36,8,1195.03,571.41,77.37,110.56,1,1,0.88021
36,9,1290.55,363.25,83.74,119.51,1,1,0.90169
36,10,913.25,784.97,66.21,128.63,1,1,0.88012
36,11,1280.12,471.59,76.03,110.53,1,1,0.83964
36,12,990.75,588.48,91.75,81.61,1,1,0.86751
36,13,264.47,514.9,60.04,140.45,1,1,0.88733
36,14,1631.04,497.3,89.28,119.13,1,1,0.88998
36,15,809.22,283.65,93.0,110.33,1,1,0.90225
36,16,1224.21,410.01,80.42,77.48,1,1,0.87005
36,17,1161.03,519.31,77.84,110.18,1,1,0.84408
36,18,1013.26,180.51,65.01,115.53,1,1,0.87653
36,19,972.34,631.49,84.33,139.83,1,1,0.89381
36,20,1200.51,426.66,79.44,113.95,1,1,0.8079
36,21,1190.13,490.21,80.58,93.86,1,1,0.8658
37,0,1056.85,761.25,107.89,158.32,1,1,0.90504
37,1,1252.45,259.73,121.67,105.84,1,1,0.90642
37,2,1119.74,425.71,86.64,89.71,1,1,0.87147
37,3,1084.74,497.53,92.55,104.71,1,1,0.8865
37,4,1270.88,556.07,65.38,163.41,1,1,0.88285
37,5,865.91,390.87,68.39,120.19,1,1,0.89482
37,6,785.93,507.86,75.6,127.01,1,1,0.88348
37,7,1150.78,344.63,71.88,94.28,1,1,0.87797
37,8,1192.58,572.92,80.31,112.15,1,1,0.87498
37,9,1287.49,364.78,86.69,118.54,1,1,0.90162
37,10,910.87,786.6,65.74,127.15,1,1,0.87519
37,11,1282.58,473.28,78.23,108.52,1,1,0.86083
37,12,991.35,587.9,92.56,80.69,1,1,0.84403
37,13,262.89,514.36,59.32,141.12,1,1,0.87791
37,14,1627.96,501.75,91.29,115.44,1,1,0.88405
37,15,809.26,285.36,99.02,109.39,1,1,0.90046
37,16,1218.98,411.57,87.31,80.46,1,1,0.86574
37,17,1161.19,520.01,76.33,112.4,1,1,0.80945
37,18,1012.13,180.81,66.13,114.31,1,1,0.8726
37,19,972.9,633.83,84.91,135.82,1,1,0.8834
37,20,1195.89,428.54,80.72,116.62,1,1,0.83427
37,21,1188.67,492.59,81.81,92.55,1,1,0.8781
38,0,1057.37,757.16,97.99,154.11,1,1,0.89913
38,1,1245.26,259.42,115.79,106.03,1,1,0.90208
38,2,1117.43,427.23,89.67,89.73,1,1,0.87285
38,3,1089.25,499.08,91.65,102.87,1,1,0.88798
38,4,1271.5,550.52,64.9,160.24,1,1,0.88079
38,5,868.5,394.01,67.42,116.57,1,1,0.8927
38,6,788.36,507.82,75.16,129.22,1,1,0.88708
38,7,1153.41,345.49,71.15,98.0,1,1,0.87928
38,8,1192.1,574.35,81.49,118.2,1,1,0.87412
38,9,1283.51,366.94,90.23,116.71,1,1,0.90176
38,10,907.85,788.22,66.01,125.69,1,1,0.87603
38,11,1293.57,477.61,73.56,98.54,1,1,0.83124
38,12,990.97,587.12,95.14,83.27,1,1,0.84976
38,13,261.46,514.06,58.82,141.91,1,1,0.87721
38,14,1624.87,505.7,92.38,111.87,1,1,0.88641
38,15,811.37,286.22,100.91,108.69,1,1,0.90098
38,16,1213.99,413.97,96.5,87.12,1,1,0.88214
38,17,1162.68,522.56,74.84,111.24,1,1,0.80934
38,18,1010.15,180.86,67.83,113.69,1,1,0.87634
38,19,973.72,635.98,86.99,132.64,1,1,0.88756
38,20,1192.66,431.64,78.34,98.12,1,1,0.81445
38,21,1185.32,494.67,85.17,90.46,1,1,0.8692
39,0,1051.84,753.71,90.87,150.25,1,1,0.89409
39,1,1237.53,258.52,106.4,106.72,1,1,0.9016
39,2,1116.48,428.13,91.96,90.75,1,1,0.86695
39,3,1092.07,501.28,93.63,101.0,1,1,0.87979
39,4,1274.45,546.68,62.16,154.91,1,1,0.88087
39,5,869.43,397.31,70.21,113.63,1,1,0.89261
39,6,793.11,507.9,73.86,130.34,1,1,0.88698
39,7,1155.51,346.78,71.2,100.22,1,1,0.88162
39,8,1190.61,576.6,83.27,124.3,1,1,0.87389
39,9,1277.62,369.15,95.78,114.24,1,1,0.90393
39,10,903.86,788.99,66.06,126.84,1,1,0.87488
39,11,1306.96,481.2,66.52,89.54,1,1,0.84737
39,12,994.71,585.99,94.4,85.02,1,1,0.82211
39,13,259.88,513.59,58.29,142.55,1,1,0.87473
39,14,1622.38,508.39,92.74,109.18,1,1,0.88701
39,15,816.04,287.17,100.35,107.39,1,1,0.89598
39,16,1210.19,416.22,99.74,90.3,1,1,0.88496
39,17,1161.47,529.75,72.91,109.66,1,1,0.82106
39,18,1007.62,181.31,70.34,111.22,1,1,0.87452
39,19,974.44,636.9,90.28,132.16,1,1,0.89306
39,20,1191.49,433.34,76.04,89.9,1,1,0.81969
39,21,1180.53,497.78,89.81,88.23,1,1,0.87116
40,0,1047.6,750.7,85.39,150.22,1,1,0.89303
40,1,1228.97,257.77,101.57,107.18,1,1,0.9008
40,2,1114.07,429.86,94.05,92.79,1,1,0.86783
40,3,1093.71,503.27,96.3,104.34,1,1,0.87769
40,4,1276.32,542.71,60.42,154.69,1,1,0.87788
40,5,871.08,400.3,70.8,109.88,1,1,0.88926
40,6,793.5,507.63,76.09,131.37,1,1,0.89057
40,7,1157.08,347.93,70.56,100.88,1,1,0.88081
40,8,1188.36,578.68,84.97,130.97,1,1,0.8805
40,9,1271.66,370.19,101.7,113.0,1,1,0.90654
40,10,899.48,788.8,66.68,128.55,1,1,0.87519
40,11,1314.36,483.29,65.47,87.83,1,1,0.84545
40,12,999.92,584.72,92.72,90.33,1,1,0.81793
40,13,258.25,512.87,58.11,143.14,1,1,0.87452
40,14,1619.54,509.5,89.69,107.8,1,1,0.88326
40,15,824.29,288.44,96.87,106.14,1,1,0.89282
40,16,1203.91,418.98,101.41,93.17,1,1,0.86943
40,17,1157.66,534.7,72.6,100.39,1,1,0.72611
40,18,1004.62,181.4,73.27,109.49,1,1,0.8788
40,19,974.88,637.03,94.24,132.84,1,1,0.89614
40,20,1190.33,434.92,75.69,91.42,1,1,0.81641
40,21,1177.59,500.28,91.49,86.1,1,1,0.85789
41,0,1044.97,747.75,84.84,151.64,1,1,0.89468
41,1,1219.45,256.26,106.01,108.73,1,1,0.8992
41,2,1110.74,429.95,98.18,97.26,1,1,0.86994
41,3,1096.0,504.98,101.67,106.91,1,1,0.87232
41,4,1278.14,538.79,59.44,156.28,1,1,0.87089
41,5,873.04,402.98,68.57,106.56,1,1,0.88453
41,6,795.15,507.49,77.1,131.46,1,1,0.89099
41,7,1156.49,348.87,71.2,102.23,1,1,0.88479
41,8,1187.27,579.9,87.44,133.46,1,1,0.87833
41,9,1267.12,370.4,104.85,112.56,1,1,0.90365
41,10,896.04,787.78,67.13,130.4,1,1,0.87069
41,11,1320.82,484.12,64.64,97.19,1,1,0.84739
41,12,1007.03,583.6,90.28,97.33,1,1,0.77751
41,13,253.79,512.35,60.77,143.68,1,1,0.87025
41,14,1615.72,510.44,81.79,105.11,1,1,0.87621
41,15,834.22,290.5,91.96,105.05,1,1,0.89048
41,16,1197.85,421.29,99.32,97.13,1,1,0.8534
41,17,1153.05,539.98,75.66,102.37,1,1,0.76222
41,18,999.75,181.64,78.39,107.14,1,1,0.88293
41,19,977.01,636.45,98.34,133.43,1,1,0.89391
41,20,1189.8,436.73,76.74,113.81,1,1,0.78641
41,21,1179.48,502.15,85.92,82.83,1,1,0.84397
42,0,1038.59,743.31,89.76,154.11,1,1,0.90388
42,1,1210.9,253.07,111.66,111.9,1,1,0.89967
42,2,1105.89,430.8,102.66,100.29,1,1,0.88379
42,3,1098.47,506.25,104.31,98.44,1,1,0.86305
42,4,1279.03,534.39,59.03,158.69,1,1,0.86745
42,5,875.54,406.0,66.43,104.37,1,1,0.88161
42,6,797.25,507.45,79.22,131.33,1,1,0.89356
42,7,1156.01,350.05,74.33,102.36,1,1,0.88325
42,8,1188.72,584.47,87.64,130.19,1,1,0.88027
42,9,1262.35,370.94,106.33,113.61,1,1,0.90741
42,10,891.87,786.87,69.22,130.16,1,1,0.86333
42,11,1327.48,484.81,64.83,107.43,1,1,0.85805
42,12,1011.23,583.52,91.84,105.16,1,1,0.82608
42,13,247.93,511.71,65.13,143.57,1,1,0.87407
42,14,1612.09,511.55,77.29,104.14,1,1,0.87912
42,15,847.19,293.44,84.28,104.59,1,1,0.8846
42,16,1194.94,421.79,88.19,101.35,1,1,0.77006
42,17,1143.2,542.23,80.96,100.8,1,1,0.80396
42,18,995.8,182.21,82.85,106.51,1,1,0.8865
42,19,981.65,637.69,97.95,134.93,1,1,0.89265
42,20,1190.86,439.85,79.25,104.63,1,1,0.77697
42,21,1184.3,502.03,79.41,84.33,1,1,0.8267
43,0,1031.66,739.19,94.36,154.63,1,1,0.90465
43,1,1202.26,250.08,115.74,114.25,1,1,0.90409
43,2,1105.25,431.59,102.78,102.68,1,1,0.87319
43,3,1104.73,512.1,103.04,89.85,1,1,0.81453
43,4,1279.4,529.66,59.35,159.23,1,1,0.85751
43,5,876.75,410.0,66.04,100.25,1,1,0.88094
43,6,799.12,508.33,81.36,130.37,1,1,0.89009
43,7,1153.54,351.89,79.46,101.86,1,1,0.87655
43,8,1188.7,588.5,88.65,126.16,1,1,0.87862
43,9,1255.61,372.11,106.22,116.3,1,1,0.90278
43,10,885.17,784.0,71.2,129.44,1,1,0.85409
43,11,1334.67,485.02,64.92,109.53,1,1,0.81509
43,12,1013.74,583.76,94.76,102.49,1,1,0.82492
43,13,243.12,511.36,68.99,143.4,1,1,0.87559
43,14,1606.48,512.71,78.44,104.09,1,1,0.87277
43,15,859.11,296.47,77.75,105.19,1,1,0.88324
43,16,1192.89,421.43,72.8,79.09,1,1,0.7625
43,17,1141.02,544.62,75.32,111.52,1,1,0.80618
43,18,992.35,182.31,86.49,106.7,1,1,0.88414
43,19,986.0,638.65,96.46,135.37,1,1,0.89317
43,20,1190.64,441.27,76.1,119.04,1,1,0.82152
43,21,1182.06,503.19,75.84,87.03,1,1,0.80892
44,0,1024.62,735.0,97.56,152.38,1,1,0.90251
44,1,1194.0,247.48,117.84,115.91,1,1,0.90759
44,2,1107.63,433.37,99.71,105.49,1,1,0.86835
44,3,1116.71,525.92,92.28,93.9,1,1,0.79796
44,4,1280.19,525.09,61.48,162.8,1,1,0.87547
44,5,876.67,414.21,67.65,95.74,1,1,0.8811
44,6,801.91,509.44,82.46,130.06,1,1,0.88425
44,7,1152.27,355.22,83.51,100.07,1,1,0.86854
44,8,1189.17,591.64,88.45,125.15,1,1,0.87572
44,9,1249.86,375.59,104.45,117.0,1,1,0.8964
44,10,877.77,778.73,74.45,134.77,1,1,0.8567
44,11,1344.04,486.59,61.81,102.87,1,1,0.82986
44,12,1014.3,581.09,106.25,106.5,1,1,0.81331
44,13,240.82,510.41,70.58,144.04,1,1,0.87924
44,14,1600.04,513.62,83.01,102.89,1,1,0.87823
44,15,869.73,299.19,72.74,108.11,1,1,0.87859
44,16,1191.98,422.91,64.7,65.58,1,1,0.74479
44,17,1142.04,545.31,69.42,118.55,1,1,0.80935
44,18,990.58,181.77,88.71,108.28,1,1,0.88681
44,19,986.14,639.6,102.17,135.73,1,1,0.89496
44,20,1192.17,443.31,70.9,124.43,1,1,0.83973
44,21,1178.98,506.2,73.81,90.64,1,1,0.8243
45,0,1016.82,732.85,100.0,144.71,1,1,0.8986
45,1,1186.15,244.89,114.64,116.94,1,1,0.90042
45,2,1110.31,434.3,95.58,115.97,1,1,0.87531
45,3,1118.97,537.31,86.25,88.87,1,1,0.78755
45,4,1281.24,520.4,62.13,161.13,1,1,0.87139
45,5,876.53,418.66,70.51,90.82,1,1,0.88035
45,6,807.17,511.98,82.04,128.45,1,1,0.88059
45,7,1158.11,358.45,80.17,92.85,1,1,0.80748
45,8,1187.55,593.67,87.35,130.06,1,1,0.87431
45,9,1245.06,379.98,99.09,119.71,1,1,0.88968
45,10,871.21,773.34,74.88,132.49,1,1,0.84366
45,11,1349.53,488.52,63.56,97.62,1,1,0.82633
45,12,1011.92,583.78,110.56,104.91,1,1,0.85594
45,13,239.79,509.07,70.41,144.3,1,1,0.87822
45,14,1592.21,514.4,88.69,104.23,1,1,0.88309
45,15,877.64,301.37,70.42,110.02,1,1,0.87214
45,16,1191.24,424.34,59.01,55.52,1,1,0.74536
45,17,1137.75,551.63,70.22,118.3,1,1,0.82426
45,18,988.8,181.11,91.0,110.31,1,1,0.88846
45,19,989.02,641.14,104.62,132.12,1,1,0.87517
45,20,1192.21,445.11,69.35,125.38,1,1,0.83496
45,21,1178.4,509.41,71.03,96.22,1,1,0.81362
46,0,1002.66,729.32,103.13,139.46,1,1,0.89115
46,1,1177.61,242.97,108.61,118.43,1,1,0.89259
46,2,1115.86,435.3,89.55,122.71,1,1,0.86965
46,4,1282.93,517.27,60.07,155.54,1,1,0.88008
46,5,877.06,422.08,73.65,87.01,1,1,0.87987
46,6,815.65,514.82,78.55,128.61,1,1,0.87714
46,7,1167.25,361.54,72.57,85.44,1,1,0.84039
46,8,1186.24,596.59,83.44,135.63,1,1,0.87428
46,9,1240.51,383.97,90.48,123.53,1,1,0.8851
46,10,863.13,768.5,77.7,137.08,1,1,0.84776
46,11,1355.47,490.38,70.31,109.79,1,1,0.8127
46,12,1010.48,586.64,115.57,108.91,1,1,0.86633
46,13,239.72,507.52,68.78,143.51,1,1,0.88012
46,14,1583.25,514.1,94.69,107.29,1,1,0.88229
46,15,884.28,303.18,68.83,111.7,1,1,0.87272
46,16,1189.08,425.1,57.94,51.96,1,1,0.73431
46,17,1131.78,551.42,72.55,123.53,1,1,0.85872
46,18,987.98,180.01,90.41,111.64,1,1,0.88664
46,19,1003.33,641.83,100.35,117.02,1,1,0.83714
46,20,1192.07,446.75,69.87,124.42,1,1,0.8295
46,21,1175.77,511.94,69.04,98.05,1,1,0.73849
47,0,994.73,725.64,98.35,139.54,1,1,0.89287
47,1,1167.47,242.35,97.69,118.02,1,1,0.88707
47,2,1116.88,437.4,86.89,125.58,1,1,0.87606
47,4,1284.04,515.47,61.47,150.27,1,1,0.87495
47,5,877.19,424.7,77.99,85.84,1,1,0.88433
47,6,824.17,518.26,72.88,130.04,1,1,0.87819
47,7,1173.58,365.8,67.25,80.38,1,1,0.8533
47,8,1184.71,598.93,78.61,142.22,1,1,0.87235
47,9,1235.74,387.86,82.07,127.86,1,1,0.86684
47,10,855.42,765.46,78.63,140.08,1,1,0.8594
47,11,1356.78,491.95,79.87,116.59,1,1,0.86165
47,12,1013.99,589.7,115.62,105.26,1,1,0.87093
47,13,239.91,505.35,66.82,143.31,1,1,0.87983
47,14,1575.76,514.04,96.38,111.02,1,1,0.88351
47,15,888.36,304.46,69.7,112.68,1,1,0.87034
47,16,1187.71,428.45,56.15,49.52,1,1,0.68743
47,17,1128.85,553.41,72.87,124.09,1,1,0.86751
47,18,986.7,179.44,83.26,111.8,1,1,0.87695
47,19,1018.34,643.25,93.56,112.67,1,1,0.8507
47,20,1191.7,447.14,70.67,124.16,1,1,0.82683
47,21,1176.75,513.3,65.64,97.97,1,1,0.70958
47,3,1161.17,530.39,61.38,85.0,1,1,0.64524
48,0,987.42,721.91,95.38,141.31,1,1,0.89779
48,1,1155.39,242.16,91.29,117.93,1,1,0.8894
48,2,1116.72,437.78,84.78,128.23,1,1,0.8752
48,4,1284.64,511.7,64.45,150.58,1,1,0.87963
48,5,878.04,426.79,82.87,92.59,1,1,0.89315
48,6,831.87,521.97,69.1,130.55,1,1,0.8777
48,7,1177.13,369.4,63.99,78.22,1,1,0.85996
48,8,1183.1,600.6,77.84,144.37,1,1,0.87239
48,9,1231.42,390.87,76.54,131.79,1,1,0.86264
48,10,848.25,762.3,78.5,142.56,1,1,0.87228
48,11,1361.45,493.15,85.79,121.43,1,1,0.8604
48,12,1020.23,592.87,114.33,104.42,1,1,0.87313
48,13,239.68,502.71,64.85,144.07,1,1,0.88028
48,14,1569.79,514.81,94.79,111.59,1,1,0.87098
48,15,893.11,305.32,73.25,114.78,1,1,0.86249
48,17,1126.75,556.42,71.44,121.69,1,1,0.86572
48,18,984.77,179.23,70.77,110.18,1,1,0.87245
48,19,1034.0,643.09,86.15,121.08,1,1,0.87017
48,20,1189.76,443.73,73.53,127.27,1,1,0.83566
48,21,1178.14,510.3,64.28,93.81,1,1,0.69253
48,3,1170.81,525.77,56.64,87.23,1,1,0.70514
49,0,979.7,716.65,99.46,144.62,1,1,0.8996
49,1,1147.0,242.1,93.81,117.36,1,1,0.89196
49,2,1116.42,437.57,82.75,129.66,1,1,0.87003
49,4,1284.98,505.43,66.49,154.3,1,1,0.88476
49,5,889.11,428.01,77.65,98.76,1,1,0.88122
49,6,837.8,524.76,68.31,131.25,1,1,0.87998
49,7,1178.41,371.68,62.74,78.23,1,1,0.85882
49,8,1182.53,602.34,78.98,143.55,1,1,0.8803
49,9,1227.74,392.18,73.05,134.08,1,1,0.85162
49,10,844.04,759.18,78.44,145.44,1,1,0.87928
49,11,1363.12,494.5,92.13,125.23,1,1,0.86646
49,12,1031.74,596.43,110.04,106.44,1,1,0.87406
49,13,238.58,499.88,63.91,142.78,1,1,0.87667
49,14,1563.4,515.67,79.55,109.61,1,1,0.86057
49,15,900.47,305.65,74.59,116.7,1,1,0.86296
49,17,1124.59,560.56,71.59,116.77,1,1,0.86981
49,18,982.58,178.49,62.77,108.74,1,1,0.86816
49,19,1040.77,642.25,86.92,126.78,1,1,0.86841
49,20,1187.52,440.89,76.75,129.55,1,1,0.84305
49,21,1175.26,512.93,66.25,100.63,1,1,0.80633
50,0,973.89,710.98,102.19,148.59,1,1,0.90038
50,1,1134.94,241.85,102.35,117.42,1,1,0.89498
50,2,1116.46,438.28,80.31,129.26,1,1,0.86727
50,4,1286.48,498.86,67.78,158.06,1,1,0.88619
50,5,898.48,430.12,73.09,101.02,1,1,0.88437
50,6,842.3,527.82,68.71,132.08,1,1,0.87927
50,7,1178.97,375.09,61.29,78.82,1,1,0.85258
50,8,1180.84,604.28,81.26,141.62,1,1,0.8789
50,9,1223.92,394.0,73.81,135.38,1,1,0.85496
50,10,837.73,756.9,75.75,145.97,1,1,0.87346
50,11,1367.83,495.43,94.83,129.07,1,1,0.86184
50,12,1049.39,601.96,98.5,110.0,1,1,0.84039
50,13,238.24,497.99,62.94,140.84,1,1,0.87356
50,14,1555.16,516.96,70.6,107.85,1,1,0.87001
50,15,906.49,307.09,74.63,114.91,1,1,0.86574
50,17,1121.97,566.28,71.28,108.67,1,1,0.85845
50,18,979.9,178.69,58.99,108.46,1,1,0.86343
50,19,1049.33,642.62,87.18,129.74,1,1,0.84455
50,20,1185.27,442.03,80.65,128.18,1,1,0.83988
50,21,1175.7,519.53,70.87,98.75,1,1,0.80777
51,0,969.14,704.78,102.95,149.77,1,1,0.90066
51,1,1124.96,240.97,108.92,118.31,1,1,0.89927
51,2,1117.69,438.3,78.41,129.32,1,1,0.86405
51,4,1289.13,491.5,68.6,160.77,1,1,0.88764
51,5,906.63,432.92,70.17,99.82,1,1,0.8826
51,6,847.1,530.48,69.2,132.74,1,1,0.88003
51,7,1180.25,377.59,59.38,77.36,1,1,0.85511
51,8,1179.33,606.31,83.94,138.69,1,1,0.88117
51,9,1220.26,395.66,76.12,133.57,1,1,0.85539
51,10,832.93,752.86,70.07,145.5,1,1,0.86855
51,11,1373.07,495.83,97.04,135.49,1,1,0.87235
51,12,1063.3,606.69,87.22,108.8,1,1,0.83495
51,13,239.17,495.68,62.55,140.83,1,1,0.87851
51,14,1547.38,518.68,68.57,111.81,1,1,0.87066
51,15,913.43,309.09,68.94,111.82,1,1,0.87679
51,17,1120.54,571.86,69.17,99.3,1,1,0.85577
51,18,976.47,179.21,58.51,108.66,1,1,0.86147
51,19,1058.56,646.1,85.16,125.9,1,1,0.87428
51,20,1184.52,444.35,82.31,124.83,1,1,0.80407
51,3,1180.37,527.14,75.31,93.12,1,1,0.78433
52,0,964.35,699.12,104.25,142.98,1,1,0.89216
52,1,1114.44,239.32,111.47,120.15,1,1,0.89712
52,2,1119.37,438.16,76.68,131.5,1,1,0.85198
52,4,1293.15,483.79,68.5,162.83,1,1,0.87589
52,5,911.8,435.84,72.08,98.91,1,1,0.87685
52,6,852.72,531.27,68.27,135.76,1,1,0.87203
52,7,1181.71,380.5,57.99,76.69,1,1,0.8363
52,8,1178.31,608.24,87.46,135.89,1,1,0.88294
52,9,1216.38,394.49,79.37,134.81,1,1,0.85294
52,10,828.55,748.63,66.93,147.71,1,1,0.86332
52,11,1382.22,496.7,95.08,138.34,1,1,0.8692
52,12,1069.85,611.93,85.75,98.93,1,1,0.83106
52,13,239.43,492.76,63.1,143.89,1,1,0.87836
52,14,1538.24,519.97,74.35,116.75,1,1,0.86611
52,15,921.24,309.73,66.71,109.57,1,1,0.87113
52,17,1120.0,577.63,64.16,90.43,1,1,0.85214
52,18,970.53,179.57,61.41,108.23,1,1,0.85986
52,19,1070.73,647.36,80.75,131.14,1,1,0.88015
52,20,1185.28,446.88,90.05,139.9,1,1,0.85855
52,3,1185.66,529.87,79.91,97.45,1,1,0.75834
53,0,960.18,694.14,100.16,134.89,1,1,0.88802
53,1,1104.28,237.93,110.49,122.47,1,1,0.89566
53,2,1123.64,438.65,74.27,133.9,1,1,0.85308
53,4,1299.1,476.78,68.03,159.66,1,1,0.87251
53,5,917.02,439.6,74.96,95.76,1,1,0.86559
53,6,858.98,531.82,68.49,142.5,1,1,0.87624
53,7,1183.7,383.38,56.75,76.03,1,1,0.83337
53,8,1178.25,611.81,91.91,132.75,1,1,0.88072
53,9,1214.18,394.47,81.35,132.24,1,1,0.85076
53,10,826.69,744.26,66.36,150.01,1,1,0.86433
53,11,1397.17,497.18,89.32,139.0,1,1,0.86735
53,12,1075.15,616.09,90.35,92.46,1,1,0.8461
53,13,242.29,490.11,63.39,145.01,1,1,0.87475
53,14,1530.53,521.24,80.3,121.08,1,1,0.87322
53,15,929.53,310.15,67.34,108.01,1,1,0.8755
53,17,1119.68,584.92,61.22,74.75,1,1,0.77764
53,18,963.69,180.62,68.62,107.56,1,1,0.86904
53,19,1081.61,646.38,83.06,141.01,1,1,0.87432
53,20,1187.95,449.18,85.68,115.38,1,1,0.77444
53,3,1190.85,530.61,94.29,80.07,1,1,0.81977
53,21,1191.41,537.02,71.48,98.23,1,1,0.73979
54,0,957.56,688.8,92.35,134.04,1,1,0.88872
54,1,1096.96,238.2,103.01,122.7,1,1,0.89205
54,2,1125.46,441.09,74.26,138.62,1,1,0.86402
54,4,1306.0,471.4,67.2,154.09,1,1,0.87551
54,5,922.01,444.03,77.33,99.9,1,1,0.87986
54,6,866.91,532.74,69.08,145.31,1,1,0.88168
54,7,1186.99,384.95,56.91,78.46,1,1,0.82851
54,8,1181.01,616.0,97.21,132.26,1,1,0.8849
54,9,1214.56,396.56,81.62,130.5,1,1,0.84916
54,10,824.16,740.28,67.14,153.94,1,1,0.86616
54,11,1414.16,498.75,82.02,139.62,1,1,0.87913
54,12,1084.04,614.82,93.86,95.21,1,1,0.81846
54,13,247.32,489.36,61.75,144.84,1,1,0.87625
54,14,1524.45,522.97,84.59,123.76,1,1,0.87279
54,15,937.16,310.39,70.31,108.65,1,1,0.87954
54,17,1119.69,593.15,62.31,61.01,1,1,0.72632
54,18,957.7,182.87,76.46,105.92,1,1,0.87886
54,19,1091.42,647.13,86.17,150.21,1,1,0.87721
54,20,1191.49,452.99,79.62,100.22,1,1,0.80903
54,3,1196.48,533.99,100.36,72.67,1,1,0.75554
54,21,1200.3,543.91,81.9,95.73,1,1,0.78839
55,0,953.47,684.02,88.36,135.68,1,1,0.89077
55,1,1088.98,238.45,91.96,122.6,1,1,0.88715
55,2,1129.48,444.9,74.46,140.62,1,1,0.86605
55,4,1312.81,467.3,67.68,152.5,1,1,0.87869
55,5,928.86,449.06,78.28,107.97,1,1,0.89192
55,6,877.1,534.24,68.83,144.64,1,1,0.88471
55,7,1191.6,386.69,59.97,79.51,1,1,0.83265
55,8,1185.38,619.43,102.52,134.62,1,1,0.8892
55,9,1215.85,398.06,82.35,133.01,1,1,0.86102
55,10,821.55,737.4,68.93,147.12,1,1,0.85291
55,11,1434.23,500.26,74.4,140.18,1,1,0.87439
55,12,1095.96,613.68,91.21,97.85,1,1,0.80375
55,13,252.66,489.55,62.04,142.02,1,1,0.87492
55,14,1521.25,525.51,85.55,127.26,1,1,0.87549
55,15,942.55,311.11,76.21,113.08,1,1,0.88589
55,17,1125.68,600.14,60.12,48.67,1,1,0.74924
55,18,953.2,184.43,83.8,104.19,1,1,0.88353
55,19,1100.76,647.65,90.81,155.37,1,1,0.87756
55,20,1194.72,455.6,78.5,98.35,1,1,0.80892
55,3,1204.79,537.61,81.42,80.16,1,1,0.643
55,21,1213.0,546.6,83.02,98.38,1,1,0.82127
56,0,949.16,679.3,93.4,137.33,1,1,0.89894
56,1,1079.21,237.2,90.48,124.16,1,1,0.8921
56,2,1134.66,449.88,75.24,139.21,1,1,0.86387
56,4,1318.48,463.47,69.41,153.5,1,1,0.88321
56,5,937.47,454.33,79.52,112.15,1,1,0.86678
56,6,888.91,535.15,68.94,143.63,1,1,0.87431
56,7,1197.78,387.73,63.32,79.9,1,1,0.82285
56,8,1192.08,620.63,105.08,140.07,1,1,0.88501
56,9,1219.32,397.64,81.83,138.24,1,1,0.85537
56,10,818.63,734.61,73.15,148.43,1,1,0.86253
56,11,1454.91,502.02,68.48,144.03,1,1,0.8639
56,12,1107.83,613.2,87.54,124.48,1,1,0.83659
56,13,256.36,489.36,64.53,139.74,1,1,0.87101
56,14,1519.7,529.34,81.21,131.56,1,1,0.8732
56,15,951.15,312.1,80.57,120.91,1,1,0.89065
56,17,1132.45,605.16,60.76,43.14,1,1,0.75696
56,18,951.1,185.98,89.9,102.97,1,1,0.88356
56,19,1117.75,646.19,87.96,159.69,1,1,0.84663
56,20,1201.57,457.66,77.23,99.57,1,1,0.80503
56,3,1213.62,540.74,75.86,87.78,1,1,0.78996
56,21,1228.67,548.67,79.65,109.19,1,1,0.78139
57,0,941.56,673.46,101.68,139.6,1,1,0.90425
57,1,1072.76,233.88,96.57,126.68,1,1,0.89222
57,2,1133.11,454.41,81.57,135.8,1,1,0.86742
57,4,1326.19,459.04,69.57,156.46,1,1,0.88092
57,5,949.2,459.03,77.45,117.53,1,1,0.88486
57,6,905.83,535.95,65.86,141.13,1,1,0.87689
57,7,1202.52,390.53,66.23,77.2,1,1,0.80905
57,8,1200.65,623.16,101.63,145.64,1,1,0.88528
57,9,1223.11,399.86,78.55,138.27,1,1,0.81649
57,10,814.7,732.71,77.84,140.02,1,1,0.85148
57,11,1472.09,504.38,66.13,148.9,1,1,0.86203
57,12,1118.35,615.12,84.15,130.99,1,1,0.85503
57,13,261.05,489.82,66.81,138.14,1,1,0.86687
57,14,1520.93,533.28,70.92,131.8,1,1,0.86543
57,15,960.54,314.08,84.56,124.92,1,1,0.88826
57,18,951.7,184.97,93.45,105.04,1,1,0.88242
57,19,1141.81,646.55,77.74,159.22,1,1,0.84673
57,20,1205.14,459.49,77.09,102.63,1,1,0.81052
57,3,1220.26,542.62,73.92,92.59,1,1,0.82388
57,21,1243.15,552.33,78.41,139.3,1,1,0.86307
58,0,935.54,668.47,107.19,140.0,1,1,0.9041
58,1,1066.9,229.84,103.66,129.41,1,1,0.89288
58,2,1132.33,459.25,84.79,135.77,1,1,0.86961
58,4,1335.15,453.74,67.91,159.97,1,1,0.87888
58,5,962.55,463.93,74.06,108.45,1,1,0.78592
58,6,918.44,538.72,66.99,138.57,1,1,0.87075
58,7,1206.82,394.14,66.99,74.7,1,1,0.77041
58,8,1209.77,626.42,94.36,151.1,1,1,0.87838
58,9,1226.52,403.0,76.55,129.93,1,1,0.79688
58,10,811.07,732.85,78.85,130.34,1,1,0.86397
58,11,1482.8,507.31,67.19,151.16,1,1,0.86618
58,12,1126.18,620.82,84.01,128.69,1,1,0.86029
58,13,262.38,491.67,71.28,135.39,1,1,0.86754
58,14,1522.49,538.0,63.37,129.15,1,1,0.85038
58,15,975.22,317.63,80.54,124.65,1,1,0.88007
58,18,956.19,183.26,91.48,107.48,1,1,0.88092
58,19,1157.9,648.07,74.62,157.0,1,1,0.85486
58,20,1209.13,461.09,80.01,104.58,1,1,0.79273
58,3,1228.21,544.69,73.01,101.18,1,1,0.81531
58,21,1260.15,559.02,75.95,145.8,1,1,0.83585
58,17,1134.32,611.2,72.32,86.55,1,1,0.71988
59,0,928.41,663.08,107.15,135.4,1,1,0.90309
59,1,1057.46,226.22,108.03,128.7,1,1,0.88995
59,2,1132.1,464.03,86.26,138.95,1,1,0.86724
59,4,1342.1,447.5,66.57,163.56,1,1,0.87878
59,5,975.32,468.1,71.47,106.37,1,1,0.83517
59,6,926.55,541.8,67.85,131.58,1,1,0.87448
59,7,1211.11,396.88,65.02,72.69,1,1,0.76685
59,8,1218.42,628.45,84.95,155.96,1,1,0.87662
59,9,1227.29,408.15,82.4,137.42,1,1,0.76122
59,10,801.48,731.89,86.83,125.75,1,1,0.87176
59,11,1489.91,509.51,73.07,151.64,1,1,0.85626
59,12,1131.48,625.94,86.64,125.61,1,1,0.85533
59,13,265.44,493.89,73.85,130.68,1,1,0.86769
59,14,1517.58,544.58,63.67,123.09,1,1,0.73536
59,15,993.21,322.27,72.25,121.84,1,1,0.86848
59,18,960.84,180.94,88.03,110.05,1,1,0.88067
59,19,1167.25,648.82,74.28,154.28,1,1,0.83588
59,20,1212.25,464.24,75.71,107.16,1,1,0.79999
59,3,1233.4,545.29,76.94,106.11,1,1,0.83249
59,21,1274.91,566.63,69.78,143.59,1,1,0.84949
59,17,1136.32,612.45,75.82,94.74,1,1,0.79306
60,0,918.89,656.6,103.23,133.7,1,1,0.90101
60,1,1047.24,224.42,110.82,125.72,1,1,0.89443
60,2,1133.36,468.23,85.7,143.53,1,1,0.86276
60,4,1347.51,441.71,65.12,165.21,1,1,0.87315
60,5,983.66,472.57,70.62,106.48,1,1,0.86843
60,6,932.08,545.24,67.69,126.48,1,1,0.87106
60,7,1211.63,400.09,63.76,71.36,1,1,0.77873
60,8,1225.09,630.37,79.13,157.17,1,1,0.86859
60,9,1225.78,412.22,83.15,139.32,1,1,0.77224
60,10,789.8,731.75,93.47,122.82,1,1,0.87594
60,11,1493.45,510.79,81.71,151.02,1,1,0.81563
60,12,1134.02,629.0,88.84,123.32,1,1,0.85834
60,13,268.87,496.13,74.71,127.04,1,1,0.86729
60,14,1498.84,548.03,76.67,120.73,1,1,0.75744
60,15,1006.95,327.79,66.71,121.72,1,1,0.85357
60,18,956.95,179.29,89.83,112.48,1,1,0.86532
60,19,1172.48,645.88,79.19,157.3,1,1,0.84931
60,20,1214.68,468.82,71.25,111.19,1,1,0.80526
60,3,1236.7,547.3,85.03,108.78,1,1,0.8526
60,21,1286.43,571.82,72.22,127.89,1,1,0.78841
60,17,1138.44,614.36,78.3,95.17,1,1,0.81701
61,0,907.81,652.73,96.86,134.18,1,1,0.89618
61,1,1037.48,223.52,104.24,124.66,1,1,0.88902
61,2,1134.29,472.74,85.79,146.87,1,1,0.86031
61,4,1348.81,436.74,65.29,160.07,1,1,0.86916
61,5,989.84,475.64,70.45,108.72,1,1,0.87625
61,6,936.66,548.39,67.06,129.0,1,1,0.87762
61,7,1211.28,402.94,64.66,72.36,1,1,0.72549
61,8,1228.99,631.09,76.93,157.5,1,1,0.85153
61,9,1222.09,413.89,74.45,118.83,1,1,0.69245
61,10,779.27,731.34,100.15,120.88,1,1,0.88722
61,11,1519.69,510.73,67.35,139.77,1,1,0.73823
61,12,1136.13,631.02,89.41,122.47,1,1,0.83982
61,13,271.28,497.54,75.24,124.77,1,1,0.867
61,14,1488.61,546.57,83.47,123.65,1,1,0.82372
61,15,1018.46,332.35,62.99,124.69,1,1,0.8522
61,18,953.58,177.15,88.11,115.37,1,1,0.86673
61,19,1178.34,645.1,80.39,156.65,1,1,0.84397
61,20,1214.34,475.42,70.35,112.95,1,1,0.79707
61,3,1238.75,550.61,88.8,110.16,1,1,0.84805
61,21,1300.34,577.2,72.88,116.64,1,1,0.7987
61,17,1141.5,616.08,77.82,93.87,1,1,0.82481
62,0,896.06,648.0,86.73,136.15,1,1,0.88018
62,1,1024.14,223.06,94.19,121.92,1,1,0.88033
62,2,1133.19,479.47,84.87,143.13,1,1,0.85309
62,4,1349.88,432.35,69.3,149.02,1,1,0.87564
62,5,992.9,477.7,74.69,111.4,1,1,0.87827
62,6,939.78,551.77,67.44,133.69,1,1,0.86785
62,7,1208.66,406.64,64.02,71.02,1,1,0.75143
62,8,1231.74,628.56,75.56,159.89,1,1,0.84872
62,9,1218.65,415.75,68.51,98.24,1,1,0.74006
62,10,771.69,731.2,103.69,120.34,1,1,0.88813
62,11,1536.03,508.96,64.8,139.22,1,1,0.84406
62,12,1137.57,632.54,90.37,136.33,1,1,0.80692
62,13,274.21,498.88,75.95,122.1,1,1,0.86984
62,14,1479.71,553.28,81.82,120.41,1,1,0.86128
62,15,1027.31,335.23,62.04,126.97,1,1,0.85559
62,18,948.85,177.16,81.69,115.52,1,1,0.85824
62,19,1183.86,643.93,82.66,153.81,1,1,0.81976
62,20,1214.82,480.17,69.22,117.04,1,1,0.77843
62,3,1245.18,554.68,86.29,116.34,1,1,0.85065
62,21,1307.08,580.25,69.34,137.17,1,1,0.85102
62,17,1143.79,616.77,79.91,96.17,1,1,0.81128
63,0,882.2,642.13,89.01,140.04,1,1,0.887
63,1,1008.51,222.84,86.4,122.22,1,1,0.8836
63,2,1132.01,485.03,83.39,138.05,1,1,0.84751
63,4,1350.48,427.94,72.27,144.25,1,1,0.87477
63,5,995.59,478.77,80.8,116.79,1,1,0.87412
63,6,943.12,554.69,66.9,135.18,1,1,0.86704
63,7,1205.95,409.33,62.53,73.59,1,1,0.78556
63,8,1238.5,627.68,69.94,159.91,1,1,0.86007
63,9,1215.86,416.29,68.34,94.11,1,1,0.73049
63,10,769.07,731.01,99.49,120.38,1,1,0.88732
63,11,1545.89,505.99,63.04,144.87,1,1,0.84253
63,12,1137.95,635.78,91.51,145.63,1,1,0.86887
63,13,277.53,499.13,76.69,121.88,1,1,0.87143
63,14,1469.52,559.26,83.33,120.41,1,1,0.86893
63,15,1034.0,340.43,61.58,124.47,1,1,0.86759
63,18,942.18,179.23,73.11,113.08,1,1,0.85319
63,19,1196.02,644.54,77.3,149.12,1,1,0.83396
63,20,1212.51,484.84,72.9,133.79,1,1,0.7864
63,3,1252.3,558.17,84.47,122.15,1,1,0.83574
63,21,1316.04,581.27,65.11,145.74,1,1,0.85791
63,17,1146.06,616.99,81.28,100.88,1,1,0.81108
63,25,1175.95,467.45,52.4,120.52,1,1,0.70178
64,0,869.33,635.75,94.11,143.12,1,1,0.89088
64,1,992.51,223.54,93.59,121.59,1,1,0.89042
64,2,1132.02,489.9,81.11,134.56,1,1,0.84296
64,4,1350.97,423.67,73.13,144.85,1,1,0.88224
64,5,999.0,480.39,81.14,118.22,1,1,0.87317
64,6,945.63,556.99,69.08,136.32,1,1,0.86208
64,7,1203.85,411.41,61.0,77.51,1,1,0.79537
64,8,1243.71,629.89,65.87,156.43,1,1,0.84439
64,9,1212.68,418.2,67.37,93.98,1,1,0.71139
64,10,768.62,730.95,94.02,119.03,1,1,0.88925
64,11,1547.8,503.95,66.9,150.42,1,1,0.83833
64,12,1140.66,639.74,90.41,146.2,1,1,0.87649
64,13,283.85,499.0,75.63,121.26,1,1,0.86807
64,14,1461.07,565.02,84.7,120.79,1,1,0.87382
64,15,1036.75,344.82,69.01,121.0,1,1,0.87434
64,18,934.45,181.41,69.54,110.94,1,1,0.85687
64,19,1206.11,645.65,70.61,145.68,1,1,0.82625
64,20,1210.13,488.63,76.82,140.68,1,1,0.84292
64,3,1255.73,562.56,86.01,111.79,1,1,0.81616
64,21,1325.12,582.75,62.87,151.87,1,1,0.85026
64,17,1149.48,617.75,79.96,106.82,1,1,0.82784
64,25,1170.49,470.65,54.7,119.47,1,1,0.70324
65,0,857.0,627.13,99.44,143.85,1,1,0.89166
65,1,977.43,222.47,104.06,122.23,1,1,0.89362
65,2,1129.3,493.48,81.3,130.8,1,1,0.85014
65,4,1351.65,416.84,73.05,149.21,1,1,0.88149
65,5,1000.18,481.87,85.53,117.54,1,1,0.86981
65,6,947.44,558.49,71.34,138.32,1,1,0.86397
65,7,1200.25,412.93,61.27,82.37,1,1,0.77541
65,8,1247.22,629.11,63.92,154.72,1,1,0.84655
65,9,1207.05,419.07,64.75,90.69,1,1,0.78007
65,10,767.85,729.46,90.88,118.76,1,1,0.89116
65,11,1541.41,501.77,79.49,153.43,1,1,0.84742
65,12,1145.01,642.65,88.03,144.34,1,1,0.87523
65,13,291.16,498.44,72.87,121.86,1,1,0.86272
65,14,1457.45,569.67,83.37,120.22,1,1,0.8555
65,15,1036.57,345.11,78.25,120.53,1,1,0.88389
65,18,926.63,181.79,66.49,108.17,1,1,0.83989
65,19,1212.14,645.66,71.12,143.51,1,1,0.82959
65,20,1207.74,490.97,78.34,139.1,1,1,0.85385
65,3,1259.94,565.94,87.13,101.32,1,1,0.84186
65,21,1324.39,584.02,73.05,153.3,1,1,0.81687
65,17,1155.45,616.81,76.39,114.85,1,1,0.77845
65,25,1163.93,473.28,58.66,115.66,1,1,0.76311
66,0,844.89,619.89,103.96,139.63,1,1,0.89038
66,1,963.0,221.04,110.6,122.5,1,1,0.89435
66,2,1126.15,497.66,80.65,126.5,1,1,0.85536
66,4,1351.69,408.82,73.8,154.29,1,1,0.87927
66,5,1004.73,483.83,82.92,121.16,1,1,0.86729
66,6,950.34,559.08,70.68,142.88,1,1,0.86627
66,7,1196.91,413.71,63.08,82.28,1,1,0.79258
66,8,1247.03,626.69,62.54,155.0,1,1,0.82711
66,9,1198.68,420.73,65.26,86.51,1,1,0.80848
66,10,768.52,726.58,88.56,119.89,1,1,0.88639
66,11,1545.46,500.64,84.37,153.07,1,1,0.87205
66,12,1149.98,644.97,85.68,143.71,1,1,0.87241
66,13,295.65,497.04,73.49,123.56,1,1,0.86713
66,14,1453.69,571.95,77.83,124.77,1,1,0.87501
66,15,1035.57,343.44,86.0,121.49,1,1,0.88709
66,18,917.9,182.07,62.44,107.96,1,1,0.8235
66,19,1216.83,645.46,70.1,145.55,1,1,0.81082
66,20,1203.6,492.01,81.23,133.15,1,1,0.86365
66,3,1263.41,569.19,88.63,94.08,1,1,0.84988
66,21,1329.24,584.83,82.55,151.69,1,1,0.8568
66,17,1159.7,616.6,70.06,115.8,1,1,0.7761
66,25,1159.45,474.06,60.91,114.09,1,1,0.67608
67,0,830.45,613.03,103.54,134.82,1,1,0.89239
67,1,946.16,220.75,113.8,123.66,1,1,0.89394
67,2,1120.16,504.92,83.72,124.56,1,1,0.86217
67,4,1351.55,400.11,72.37,155.7,1,1,0.87711
67,5,1011.14,486.34,76.92,123.06,1,1,0.86444
67,6,950.17,560.38,71.74,139.52,1,1,0.87385
67,7,1201.39,413.18,55.87,74.97,1,1,0.71023
67,8,1243.46,623.61,65.05,130.04,1,1,0.82039
67,9,1192.66,425.11,66.52,83.34,1,1,0.81339
67,10,769.2,722.06,87.5,122.5,1,1,0.88734
67,11,1559.1,498.55,79.34,153.05,1,1,0.87154
67,12,1153.49,648.04,83.02,142.92,1,1,0.873
67,13,298.82,496.07,76.16,124.45,1,1,0.86824
67,14,1450.41,573.35,73.35,126.18,1,1,0.86592
67,15,1034.9,341.15,93.82,123.45,1,1,0.89283
67,18,908.84,181.91,58.26,108.37,1,1,0.83846
67,19,1226.25,647.13,71.64,141.69,1,1,0.81155
67,20,1201.11,494.4,83.48,128.85,1,1,0.87052
67,3,1267.27,570.88,90.08,89.64,1,1,0.85805
67,21,1335.26,586.66,90.86,147.83,1,1,0.87168
67,17,1162.11,617.15,63.66,92.4,1,1,0.76547
67,25,1155.65,475.37,58.82,66.95,1,1,0.76441
68,0,821.16,606.08,92.52,135.78,1,1,0.88995
68,1,931.23,220.67,109.67,124.03,1,1,0.89032
68,2,1107.99,511.6,91.05,124.34,1,1,0.87043
68,4,1351.38,391.98,71.36,157.36,1,1,0.8771
68,5,1014.08,488.09,75.72,127.49,1,1,0.86866
68,6,952.78,561.32,71.51,134.99,1,1,0.86981
68,7,1205.05,413.0,51.37,77.94,1,1,0.77106
68,8,1241.97,622.92,66.49,122.95,1,1,0.81008
68,9,1188.93,428.5,68.61,84.67,1,1,0.75334
68,10,769.24,717.42,87.67,123.87,1,1,0.88632
68,11,1570.12,495.88,75.39,153.88,1,1,0.87173
68,12,1158.33,650.19,78.59,148.2,1,1,0.86994
68,13,302.42,495.71,79.28,124.5,1,1,0.86643
68,14,1444.47,575.29,72.85,124.36,1,1,0.86588
68,15,1036.1,338.83,97.48,123.97,1,1,0.89801
68,18,901.33,181.69,54.85,111.77,1,1,0.84241
68,19,1229.02,648.81,71.01,142.05,1,1,0.825
68,20,1199.14,496.91,86.49,125.0,1,1,0.86949
68,3,1271.23,571.4,91.68,85.73,1,1,0.85433
68,21,1342.16,588.4,92.86,143.8,1,1,0.87328
68,17,1162.38,616.8,63.97,80.82,1,1,0.78889
68,25,1152.95,475.92,58.69,53.57,1,1,0.7164
69,0,811.44,598.22,77.06,137.87,1,1,0.87528
69,1,917.07,218.21,100.62,125.16,1,1,0.88004
69,2,1098.94,516.13,98.25,124.34,1,1,0.87364
69,4,1352.28,384.29,66.74,148.95,1,1,0.87656
69,5,1020.21,488.2,72.34,131.45,1,1,0.86479
69,6,959.15,559.0,69.38,132.92,1,1,0.8673
69,7,1206.29,411.42,50.93,80.89,1,1,0.82503
69,8,1244.25,622.23,65.8,121.03,1,1,0.79706
69,9,1185.28,431.51,65.53,78.16,1,1,0.78096
69,10,770.15,709.87,86.04,126.67,1,1,0.87972
69,11,1573.93,491.52,79.1,153.13,1,1,0.87586
69,12,1160.7,650.66,77.45,156.73,1,1,0.87645
69,13,309.41,495.1,79.55,124.5,1,1,0.85897
69,14,1439.73,575.8,73.37,122.26,1,1,0.87777
69,15,1043.67,335.42,94.56,123.96,1,1,0.89546
69,18,894.01,180.81,51.94,111.36,1,1,0.83604
69,19,1228.91,649.49,76.6,139.88,1,1,0.84421
69,20,1197.65,498.81,89.68,121.27,1,1,0.86752
69,3,1274.39,569.93,95.81,86.35,1,1,0.85229
69,21,1343.95,587.92,101.79,142.17,1,1,0.88084
69,17,1162.38,614.35,64.08,80.09,1,1,0.77716
69,25,1149.7,475.68,57.43,53.11,1,1,0.78215
70,0,799.32,590.61,70.54,141.07,1,1,0.87087
70,1,903.07,216.81,88.1,124.98,1,1,0.86191
70,2,1092.47,519.13,102.25,122.66,1,1,0.88
70,4,1351.08,377.12,62.13,141.53,1,1,0.87601
70,5,1025.43,488.74,69.54,130.31,1,1,0.86857
70,6,967.02,555.33,65.46,135.59,1,1,0.86595
70,7,1204.97,408.97,53.75,83.01,1,1,0.838
70,8,1245.67,620.19,67.79,119.94,1,1,0.72217
70,9,1180.15,432.46,63.1,76.16,1,1,0.79211
70,10,770.61,703.13,83.43,128.72,1,1,0.87708
70,11,1574.64,486.44,87.15,152.8,1,1,0.88423
70,12,1163.22,651.69,74.19,163.59,1,1,0.87399
70,13,317.81,495.32,78.61,121.17,1,1,0.8624
70,14,1439.58,575.78,69.85,119.54,1,1,0.87768
70,15,1056.92,332.43,86.9,122.92,1,1,0.883
70,18,885.99,180.39,48.55,99.63,1,1,0.80652
70,19,1228.46,650.13,83.38,137.95,1,1,0.85433
70,20,1196.4,498.44,93.01,119.78,1,1,0.87507
70,3,1280.48,567.41,98.39,88.95,1,1,0.84975
70,21,1344.84,586.49,108.04,141.13,1,1,0.89557
70,17,1160.81,612.49,70.49,108.06,1,1,0.82119
70,25,1144.54,474.96,59.56,60.49,1,1,0.74146
71,0,786.13,583.76,78.05,143.7,1,1,0.88542
71,1,885.8,212.46,92.94,127.42,1,1,0.87194
71,2,1090.52,520.58,103.17,122.22,1,1,0.8802
71,4,1346.36,370.41,62.75,141.48,1,1,0.87956
71,5,1031.21,488.85,66.86,129.35,1,1,0.866
71,6,972.53,551.83,63.78,137.24,1,1,0.87123
71,7,1203.66,406.56,58.29,85.06,1,1,0.84226
71,8,1245.97,620.14,76.64,95.0,1,1,0.78604
71,9,1174.37,431.89,71.72,83.24,1,1,0.72636
71,10,770.83,700.82,79.25,125.68,1,1,0.87422
71,11,1576.39,481.56,94.71,149.94,1,1,0.89247
71,12,1165.21,654.17,71.56,165.12,1,1,0.86963
71,13,327.85,496.68,81.07,122.65,1,1,0.86586
71,14,1439.11,576.74,68.57,115.57,1,1,0.86694
71,15,1072.52,330.31,76.32,121.96,1,1,0.88209
71,18,879.17,179.31,49.47,90.55,1,1,0.76695
71,19,1230.33,649.15,90.32,135.38,1,1,0.86371
71,20,1194.57,500.72,94.64,115.72,1,1,0.87364
71,3,1288.41,565.38,95.91,95.25,1,1,0.81991
71,21,1347.69,585.52,115.94,140.23,1,1,0.90003
71,17,1160.77,610.8,70.55,120.53,1,1,0.82997
71,25,1140.38,474.43,60.83,62.29,1,1,0.77202
72,0,773.27,576.31,87.48,143.45,1,1,0.88374
72,1,868.64,206.33,102.96,130.23,1,1,0.87367
72,2,1093.05,521.83,95.65,126.96,1,1,0.87664
72,4,1342.86,363.18,62.86,143.99,1,1,0.87206
72,5,1037.05,487.05,66.38,129.08,1,1,0.85243
72,6,977.33,548.12,61.92,141.42,1,1,0.87223
72,7,1202.77,402.4,63.74,88.52,1,1,0.84039
72,8,1249.19,620.65,82.61,91.19,1,1,0.78548
72,9,1165.04,430.44,70.98,86.46,1,1,0.79435
72,10,768.47,695.91,77.43,127.16,1,1,0.8722
72,11,1585.19,476.87,93.98,148.35,1,1,0.88585
72,12,1166.46,656.07,70.45,162.78,1,1,0.86125
72,13,341.75,498.94,79.38,123.28,1,1,0.86409
72,14,1437.42,577.75,66.76,110.47,1,1,0.85909
72,15,1096.56,326.97,61.73,123.41,1,1,0.86258
72,18,868.07,178.86,50.34,90.86,1,1,0.71889
72,19,1233.52,648.2,95.55,130.18,1,1,0.84073
72,20,1192.99,504.08,95.41,111.4,1,1,0.87203
72,3,1294.48,562.79,96.95,120.37,1,1,0.82649
72,21,1354.39,583.21,120.22,142.86,1,1,0.89658
72,17,1161.22,611.19,71.84,127.16,1,1,0.83779
72,25,1137.12,474.77,63.85,86.41,1,1,0.79614
73,0,759.49,570.07,94.38,141.05,1,1,0.86386
73,1,853.06,198.78,109.16,133.19,1,1,0.85726
73,2,1099.5,525.6,86.07,127.94,1,1,0.87199
73,4,1337.22,356.47,66.29,147.2,1,1,0.87027
73,5,1040.47,485.3,62.61,127.8,1,1,0.84878
73,6,981.93,545.49,60.02,136.41,1,1,0.86546
73,7,1201.6,398.31,68.84,93.37,1,1,0.86308
73,8,1254.08,621.63,84.73,118.09,1,1,0.81408
73,9,1153.87,429.06,73.83,91.86,1,1,0.80153
73,10,768.16,692.28,73.76,130.04,1,1,0.8633
73,11,1596.71,473.74,83.86,149.11,1,1,0.87415
73,12,1167.94,658.99,69.33,157.77,1,1,0.85627
73,13,352.81,501.96,71.84,124.75,1,1,0.85148
73,14,1438.28,578.01,62.28,108.13,1,1,0.83612
73,15,1107.98,323.47,56.48,125.48,1,1,0.86071
73,19,1239.44,651.17,91.81,127.78,1,1,0.81802
73,20,1191.61,505.09,94.48,109.84,1,1,0.87587
73,3,1299.02,561.35,101.0,117.68,1,1,0.81998
73,21,1363.56,581.97,120.04,146.74,1,1,0.88579
73,17,1162.36,612.13,71.64,130.46,1,1,0.8483
73,25,1135.07,476.67,63.61,88.13,1,1,0.7919
74,0,747.64,564.37,93.77,134.35,1,1,0.87283
74,1,843.55,198.23,105.86,129.12,1,1,0.87189
74,2,1102.17,529.35,79.73,129.91,1,1,0.86222
74,4,1333.85,347.98,68.86,152.43,1,1,0.86673
74,5,1042.49,483.57,60.87,126.09,1,1,0.85162
74,6,985.72,543.09,58.73,136.66,1,1,0.8672
74,7,1201.91,394.28,72.84,99.43,1,1,0.86242
74,8,1259.82,622.86,83.43,120.86,1,1,0.8426
74,9,1142.21,428.96,75.24,93.65,1,1,0.79569
74,10,768.67,688.14,69.23,132.38,1,1,0.86228
74,11,1612.03,471.17,69.84,149.74,1,1,0.86284
74,12,1168.97,661.23,69.52,152.37,1,1,0.8496
74,13,361.48,504.79,67.42,127.19,1,1,0.8563
74,14,1435.79,576.17,62.62,108.84,1,1,0.80716
74,15,1113.63,319.86,57.9,125.77,1,1,0.85614
74,19,1252.33,653.7,79.81,129.76,1,1,0.81219
74,20,1190.98,503.62,91.95,111.73,1,1,0.87774
74,3,1303.2,559.62,103.38,110.68,1,1,0.85077
74,21,1379.56,580.3,109.54,149.92,1,1,0.87727
74,17,1163.42,613.2,71.7,131.33,1,1,0.83946
74,25,1133.78,479.25,62.67,91.57,1,1,0.80509
75,0,734.76,558.79,87.52,131.21,1,1,0.86599
75,1,834.28,195.63,95.67,131.53,1,1,0.86551
75,2,1102.28,529.36,77.8,136.56,1,1,0.86399
75,4,1334.23,339.66,68.05,153.86,1,1,0.86261
75,5,1044.67,481.6,60.43,125.98,1,1,0.84935
75,6,988.52,541.82,59.85,136.47,1,1,0.87264
75,7,1200.16,390.96,77.69,105.79,1,1,0.86418
75,8,1264.22,623.77,82.86,123.34,1,1,0.82877
75,9,1129.01,428.56,78.15,85.56,1,1,0.79914
75,10,769.22,683.38,66.08,134.31,1,1,0.86448
75,11,1622.36,468.4,62.17,150.4,1,1,0.86577
75,12,1168.47,662.37,71.46,147.99,1,1,0.8533
75,13,368.11,507.44,64.36,127.41,1,1,0.85564
75,14,1432.69,575.73,69.89,104.19,1,1,0.74393
75,15,1115.77,315.67,64.3,125.3,1,1,0.87059
75,19,1262.77,654.89,75.15,135.15,1,1,0.81719
75,20,1188.53,501.87,89.02,114.65,1,1,0.88462
75,3,1304.37,557.09,103.73,112.66,1,1,0.84353
75,21,1401.74,578.64,93.2,151.51,1,1,0.84119
75,17,1163.3,613.92,77.29,132.77,1,1,0.84589
75,25,1131.3,481.94,63.66,91.14,1,1,0.77001
76,0,725.1,553.32,76.75,134.38,1,1,0.85555
76,1,822.9,187.31,85.03,139.38,1,1,0.83441
76,2,1102.68,528.93,79.09,138.79,1,1,0.86454
76,4,1337.26,331.21,64.36,151.24,1,1,0.86357
76,5,1048.06,479.69,60.46,129.12,1,1,0.85263
76,6,991.96,540.85,62.27,135.84,1,1,0.87275
76,7,1198.34,387.83,82.9,111.36,1,1,0.85831
76,8,1269.06,623.89,80.2,121.44,1,1,0.82568
76,9,1121.34,427.47,84.86,79.45,1,1,0.83227
76,10,767.7,677.97,67.22,137.15,1,1,0.85895
76,11,1629.93,464.6,61.1,150.56,1,1,0.86476
76,12,1170.44,663.28,74.11,143.54,1,1,0.85742
76,13,373.22,508.0,61.99,126.06,1,1,0.85965
76,14,1438.94,575.65,74.65,92.93,1,1,0.7228
76,15,1118.99,311.82,70.62,122.1,1,1,0.87955
76,19,1268.35,655.44,75.5,141.75,1,1,0.82964
76,20,1186.74,499.6,86.28,117.93,1,1,0.88479
76,3,1308.11,553.73,97.01,112.83,1,1,0.84301
76,21,1423.62,577.73,81.78,149.84,1,1,0.80775
76,17,1164.38,613.97,82.28,134.35,1,1,0.85303
76,25,1128.69,484.35,66.69,82.38,1,1,0.71003
77,0,715.13,548.18,69.52,137.64,1,1,0.83772
77,1,807.45,186.23,75.28,140.07,1,1,0.82749
77,2,1103.07,529.61,78.6,137.27,1,1,0.86482
77,4,1339.45,323.9,64.34,143.74,1,1,0.8682
77,5,1050.24,477.98,61.69,131.07,1,1,0.86137
77,6,994.91,539.81,61.55,134.8,1,1,0.871
77,7,1197.74,385.5,88.86,114.03,1,1,0.87242
77,8,1274.72,624.32,77.46,121.57,1,1,0.82988
77,9,1117.56,426.22,85.81,77.58,1,1,0.83885
77,10,765.94,671.79,69.39,140.09,1,1,0.85674
77,11,1635.9,459.9,64.36,150.92,1,1,0.8618
77,12,1173.53,664.75,75.63,142.79,1,1,0.85863
77,13,376.03,506.64,61.0,125.79,1,1,0.86451
77,15,1126.4,307.57,69.37,121.24,1,1,0.87167
77,19,1256.98,660.64,88.88,139.26,1,1,0.84503
77,20,1185.41,498.32,84.58,118.73,1,1,0.88625
77,3,1313.87,551.09,88.74,115.03,1,1,0.85569
77,21,1435.13,575.87,86.46,150.07,1,1,0.86375
77,17,1165.63,613.78,82.58,134.94,1,1,0.84688
77,25,1127.94,485.81,68.69,75.47,1,1,0.76597
78,0,704.24,541.54,66.22,140.84,1,1,0.84674
78,1,790.5,190.44,79.56,134.04,1,1,0.8569
78,2,1103.37,529.71,79.61,135.26,1,1,0.8759
78,4,1339.44,316.9,63.34,137.97,1,1,0.87186
78,5,1051.09,476.75,63.44,131.16,1,1,0.86529
78,6,997.3,538.61,61.05,133.45,1,1,0.87685
78,7,1197.75,383.66,94.49,116.44,1,1,0.88554
78,8,1277.79,631.09,78.52,110.88,1,1,0.7535
78,9,1115.25,424.79,84.51,77.4,1,1,0.83503
78,10,755.91,665.21,78.86,141.0,1,1,0.85231
78,11,1640.44,454.67,69.36,147.24,1,1,0.85867
78,12,1178.0,667.13,75.38,144.18,1,1,0.86435
78,13,379.23,504.1,59.92,125.91,1,1,0.86721
78,15,1138.96,303.23,61.72,123.05,1,1,0.87008
78,19,1260.46,664.91,88.93,134.89,1,1,0.85371
78,20,1185.81,498.26,83.47,117.31,1,1,0.89067
78,3,1323.71,549.22,78.49,116.54,1,1,0.83668
78,21,1439.57,573.8,96.04,148.97,1,1,0.87799
78,17,1167.57,613.97,80.64,134.02,1,1,0.83987
78,25,1128.32,486.01,68.72,69.31,1,1,0.80454
78,28,1284.13,621.57,66.71,51.1,1,1,0.70979
78,18,803.63,173.21,60.63,118.34,1,1,0.71105
78,14,1430.78,573.29,97.43,88.44,1,1,0.68238
79,0,691.81,534.07,66.94,142.17,1,1,0.83862
79,1,770.68,192.14,93.08,130.05,1,1,0.87172
79,2,1103.21,528.2,80.84,135.94,1,1,0.87495
79,4,1337.95,311.55,62.23,137.49,1,1,0.87295
79,5,1052.51,476.15,67.22,131.61,1,1,0.85126
79,6,998.64,538.09,61.24,132.24,1,1,0.87717
79,7,1196.74,382.95,99.98,117.24,1,1,0.89148
79,8,1282.74,627.75,76.45,115.77,1,1,0.78465
79,9,1113.54,424.61,77.53,75.87,1,1,0.81566
79,10,745.04,659.79,87.15,138.25,1,1,0.87637
79,11,1644.9,450.17,71.58,144.49,1,1,0.86733
79,12,1181.35,670.66,73.76,147.0,1,1,0.86585
79,13,381.75,500.16,59.82,128.15,1,1,0.86131
79,15,1151.57,301.23,54.35,124.64,1,1,0.85681
79,19,1274.89,669.56,78.23,131.09,1,1,0.83748
79,20,1186.72,499.23,81.37,116.69,1,1,0.88879
79,3,1330.62,549.43,73.84,129.72,1,1,0.85286
79,21,1444.61,571.72,103.28,148.21,1,1,0.87562
79,17,1169.58,615.97,77.8,125.22,1,1,0.82307
79,25,1128.93,486.16,67.23,65.13,1,1,0.77729
79,18,793.57,173.48,62.72,113.95,1,1,0.79052
79,14,1427.05,572.07,108.43,95.05,1,1,0.7574
80,0,678.7,527.23,68.15,137.98,1,1,0.82257
80,1,754.4,193.81,100.45,126.45,1,1,0.87243
80,2,1105.3,528.07,80.21,135.05,1,1,0.87558
80,4,1336.24,305.81,59.72,139.09,1,1,0.86984
80,5,1053.8,474.73,67.91,132.94,1,1,0.85764
80,6,999.87,537.99,61.57,130.84,1,1,0.87367
80,7,1196.75,381.44,103.06,119.61,1,1,0.89581
80,8,1283.16,630.63,79.27,117.91,1,1,0.75927
80,9,1111.08,425.14,70.8,74.78,1,1,0.80275
80,10,741.22,655.72,85.28,133.92,1,1,0.86587
80,11,1650.16,447.52,69.41,139.33,1,1,0.86801
80,12,1185.55,675.91,69.68,146.4,1,1,0.86312
80,13,384.41,496.96,58.67,130.32,1,1,0.85158
80,15,1161.92,298.5,49.24,126.94,1,1,0.86194
80,19,1287.23,669.76,67.74,133.2,1,1,0.82762
80,20,1187.79,502.13,78.43,115.52,1,1,0.88003
80,3,1337.1,550.65,71.34,135.38,1,1,0.85185
80,21,1448.69,570.76,105.87,146.84,1,1,0.87568
80,17,1171.1,620.65,75.81,124.72,1,1,0.83008
80,25,1129.47,486.55,66.82,64.55,1,1,0.77897
80,18,782.49,175.33,72.66,115.62,1,1,0.85651
80,14,1424.13,572.22,95.7,101.75,1,1,0.82661
81,0,668.5,521.82,66.04,133.63,1,1,0.83222
81,1,736.32,195.21,104.43,126.09,1,1,0.87896
81,2,1105.32,528.38,81.79,137.27,1,1,0.87651
81,4,1335.25,300.53,57.36,141.26,1,1,0.85975
81,5,1057.47,472.67,66.95,135.45,1,1,0.84955
81,6,999.71,536.92,62.0,131.58,1,1,0.87021
81,7,1200.03,380.19,102.66,124.28,1,1,0.88738
81,8,1285.66,631.46,77.15,120.75,1,1,0.77688
81,9,1108.2,425.84,64.19,78.12,1,1,0.79483
81,10,737.19,651.32,81.9,130.57,1,1,0.86488
81,11,1653.71,445.77,64.54,133.8,1,1,0.86044
81,12,1186.44,680.4,67.28,145.65,1,1,0.86506
81,13,384.92,493.15,58.67,134.24,1,1,0.85272
81,15,1166.54,295.03,49.22,129.21,1,1,0.85665
81,19,1292.65,671.41,65.7,139.47,1,1,0.84309
81,20,1187.81,505.76,76.1,117.25,1,1,0.87234
81,3,1342.15,552.35,72.04,141.74,1,1,0.87212
81,21,1457.15,569.12,98.49,145.83,1,1,0.86455
81,17,1171.6,626.0,75.99,123.45,1,1,0.84059
81,25,1128.97,488.24,66.86,61.49,1,1,0.76233
81,18,771.65,176.73,80.87,113.7,1,1,0.86287
81,14,1422.66,570.7,86.75,113.12,1,1,0.8456
82,0,656.35,516.55,61.65,126.65,1,1,0.84384
82,1,720.81,196.73,98.22,127.3,1,1,0.87783
82,2,1108.72,528.96,79.82,139.74,1,1,0.87484
82,4,1334.71,294.54,55.09,142.57,1,1,0.85619
82,5,1058.73,469.46,66.78,135.6,1,1,0.85996
82,6,998.52,535.37,61.55,132.76,1,1,0.86817
82,7,1205.92,378.81,99.27,128.93,1,1,0.88768
82,8,1288.05,633.47,73.13,115.37,1,1,0.77209
82,9,1103.01,425.96,59.84,79.36,1,1,0.80063
82,10,734.63,648.05,76.59,127.0,1,1,0.86206
82,11,1656.05,443.16,61.77,130.75,1,1,0.85423
82,12,1185.75,682.13,66.01,145.34,1,1,0.86333
82,13,385.15,487.68,57.56,138.05,1,1,0.85253
82,15,1170.86,290.92,50.68,128.35,1,1,0.86167
82,19,1294.99,672.02,64.1,144.52,1,1,0.85432
82,20,1186.03,509.71,75.52,116.32,1,1,0.86934
82,3,1343.52,554.37,76.63,146.0,1,1,0.87881
82,21,1467.82,564.83,87.48,147.83,1,1,0.874
82,17,1173.2,632.6,74.45,123.63,1,1,0.8482
82,25,1127.64,489.71,64.63,63.92,1,1,0.76311
82,18,758.25,177.67,87.42,113.38,1,1,0.85898
82,14,1418.71,568.62,86.21,119.2,1,1,0.85001
83,0,647.48,511.13,57.36,123.94,1,1,0.82256
83,1,704.99,198.0,84.98,128.11,1,1,0.86926
83,2,1112.8,530.98,75.63,138.88,1,1,0.87373
83,4,1332.4,289.12,53.97,140.36,1,1,0.85321
83,5,1058.81,468.58,66.95,132.44,1,1,0.85976
83,6,995.52,532.75,61.91,135.22,1,1,0.86593
83,7,1214.44,378.03,93.03,131.43,1,1,0.89257
83,8,1293.01,635.82,66.99,99.57,1,1,0.73858
83,9,1094.57,425.88,57.93,76.59,1,1,0.80263
83,10,729.77,642.92,71.72,129.38,1,1,0.86362
83,11,1659.53,440.44,63.67,131.11,1,1,0.85676
83,12,1184.23,685.07,64.23,142.03,1,1,0.85896
83,13,385.66,481.44,56.6,141.8,1,1,0.85484
83,15,1175.03,287.68,51.56,123.58,1,1,0.86814
83,19,1296.68,673.17,61.84,147.78,1,1,0.86142
83,20,1183.7,513.71,73.75,114.3,1,1,0.86469
83,3,1343.5,557.38,82.07,147.48,1,1,0.8765
83,21,1481.08,568.22,75.92,143.23,1,1,0.87109
83,17,1174.37,639.34,71.0,117.28,1,1,0.81835
83,25,1119.86,491.21,68.36,93.13,1,1,0.76833
83,18,744.76,178.37,82.07,111.92,1,1,0.85182
83,14,1415.7,567.67,87.28,120.53,1,1,0.85854
84,0,636.88,506.49,54.09,129.31,1,1,0.85299
84,1,686.5,199.59,75.07,128.38,1,1,0.85892
84,2,1116.89,532.83,70.48,139.32,1,1,0.8547
84,4,1330.07,284.94,52.21,132.21,1,1,0.87089
84,5,1057.84,469.46,67.02,125.48,1,1,0.85757
84,6,990.38,530.34,61.2,137.54,1,1,0.87042
84,7,1226.05,378.22,82.62,132.49,1,1,0.8829
84,8,1294.17,638.97,64.36,81.6,1,1,0.76353
84,9,1083.71,425.91,56.84,75.87,1,1,0.81983
84,10,720.5,638.15,71.52,131.78,1,1,0.86406
84,11,1659.04,436.68,64.86,134.74,1,1,0.84256
84,12,1182.2,687.31,62.31,139.84,1,1,0.8597
84,13,382.3,476.98,57.79,142.44,1,1,0.85857
84,15,1178.46,285.52,49.77,118.26,1,1,0.86674
84,19,1295.62,676.24,59.59,147.2,1,1,0.85973
84,20,1179.46,518.32,71.84,111.23,1,1,0.86164
84,3,1343.44,560.34,84.09,147.46,1,1,0.87825
84,21,1489.88,567.35,67.68,144.38,1,1,0.86681
84,17,1173.11,645.84,68.59,111.14,1,1,0.82191
84,25,1108.2,493.58,74.05,108.96,1,1,0.83803
84,18,729.61,180.05,68.19,115.12,1,1,0.84585
84,14,1412.4,567.31,89.75,120.87,1,1,0.85081
85,0,623.41,500.24,52.13,132.93,1,1,0.84617
85,1,667.47,198.5,71.01,129.6,1,1,0.86051
85,2,1112.91,533.82,70.49,141.59,1,1,0.856
85,4,1325.58,280.37,51.31,127.79,1,1,0.86616
85,5,1050.62,469.42,70.25,120.21,1,1,0.85909
85,6,983.16,526.66,61.92,139.31,1,1,0.86232
85,7,1233.5,377.5,74.53,133.97,1,1,0.87342
85,8,1292.78,641.36,60.92,69.15,1,1,0.74431
85,9,1070.13,424.51,58.55,73.07,1,1,0.79565
85,10,711.67,633.52,71.81,136.25,1,1,0.8659
85,11,1655.65,431.3,65.71,130.5,1,1,0.82192
85,12,1175.97,689.43,62.69,136.27,1,1,0.85097
85,13,377.74,472.63,57.7,141.17,1,1,0.84813
85,15,1177.65,282.77,48.84,116.66,1,1,0.85378
85,19,1292.2,676.85,58.18,145.81,1,1,0.841
85,20,1171.73,521.44,70.06,108.58,1,1,0.86413
85,3,1339.61,562.32,85.89,144.55,1,1,0.86519
85,21,1495.46,564.42,65.01,146.24,1,1,0.85582
85,17,1169.18,651.95,67.66,108.44,1,1,0.82214
85,25,1098.38,495.29,76.91,117.68,1,1,0.84186
85,18,711.84,180.1,61.03,118.99,1,1,0.85778
85,14,1408.25,565.55,92.75,121.95,1,1,0.84873
86,0,606.57,493.68,56.12,136.67,1,1,0.8478
86,1,649.38,196.8,76.04,130.72,1,1,0.87354
86,2,1108.87,534.09,70.28,144.31,1,1,0.85981
86,4,1317.79,276.64,53.29,129.01,1,1,0.86925
86,5,1044.38,468.67,75.39,116.7,1,1,0.87344
86,6,977.97,523.43,62.57,141.22,1,1,0.87569
86,7,1237.14,375.43,70.7,136.02,1,1,0.85697
86,8,1290.5,644.64,61.59,95.28,1,1,0.80361
86,9,1060.47,425.38,56.77,66.08,1,1,0.77708
86,10,701.17,630.0,71.55,134.96,1,1,0.85675
86,11,1653.79,426.13,63.75,125.64,1,1,0.85404
86,12,1170.47,691.0,62.87,133.26,1,1,0.84536
86,13,374.48,470.98,56.45,136.71,1,1,0.8409
86,15,1177.73,280.37,48.36,115.8,1,1,0.85453
86,19,1290.39,677.0,58.77,143.78,1,1,0.85691
86,20,1166.18,524.17,66.77,106.18,1,1,0.86255
86,3,1336.84,563.43,86.74,143.04,1,1,0.86456
86,21,1496.69,559.98,67.19,147.73,1,1,0.8516
86,17,1163.15,658.29,70.26,103.47,1,1,0.83057
86,25,1091.97,497.6,77.54,124.37,1,1,0.85906
86,18,695.7,179.39,66.58,120.95,1,1,0.87624
86,14,1404.46,563.16,98.8,122.46,1,1,0.86154
87,0,589.67,487.12,61.95,137.22,1,1,0.85793
87,1,627.17,194.85,86.2,128.28,1,1,0.8672
87,2,1107.08,533.82,70.97,148.63,1,1,0.85523
87,4,1309.78,272.74,56.46,131.98,1,1,0.86623
87,5,1039.45,466.31,81.12,115.7,1,1,0.88175
87,6,973.48,519.3,62.17,141.14,1,1,0.8685
87,7,1240.46,371.98,66.27,137.73,1,1,0.85946
87,8,1288.5,648.18,66.62,107.29,1,1,0.84997
87,9,1048.64,424.82,58.36,92.27,1,1,0.74941
87,10,686.49,628.44,73.04,130.5,1,1,0.83941
87,11,1651.91,420.96,61.06,131.15,1,1,0.85055
87,12,1163.37,686.46,64.93,136.68,1,1,0.83886
87,13,371.17,469.19,55.78,139.22,1,1,0.8331
87,15,1178.68,276.43,49.96,118.33,1,1,0.85027
87,19,1284.82,675.11,62.99,144.04,1,1,0.84101
87,20,1161.31,525.95,64.42,104.64,1,1,0.85402
87,3,1336.5,563.92,84.92,141.08,1,1,0.85828
87,21,1495.51,555.34,76.6,149.85,1,1,0.86327
87,17,1159.67,665.18,71.46,92.13,1,1,0.83265
87,25,1087.31,499.56,76.53,129.4,1,1,0.86182
87,18,679.72,178.4,72.48,123.1,1,1,0.87231
87,14,1404.58,562.13,102.21,119.54,1,1,0.85998
88,0,575.71,481.08,67.1,132.68,1,1,0.85174
88,1,609.59,193.64,86.87,123.89,1,1,0.86953
88,2,1107.89,534.89,69.2,150.04,1,1,0.86153
88,4,1303.11,267.85,60.01,135.58,1,1,0.86915
88,5,1038.21,464.02,85.62,114.83,1,1,0.88126
88,6,969.32,515.72,61.19,139.05,1,1,0.86861
88,7,1242.01,368.22,66.27,136.82,1,1,0.87247
88,8,1288.75,650.75,71.91,114.32,1,1,0.86232
88,9,1038.57,424.8,59.03,107.33,1,1,0.80787
88,10,680.03,627.43,64.27,124.94,1,1,0.84467
88,11,1652.2,415.94,57.49,132.17,1,1,0.85713
88,12,1158.35,681.7,65.07,141.13,1,1,0.84391
88,13,369.11,467.07,55.12,141.55,1,1,0.82803
88,15,1180.48,272.38,51.27,123.33,1,1,0.85044
88,19,1280.96,672.58,63.32,144.01,1,1,0.83829
88,20,1157.0,527.65,64.98,104.45,1,1,0.86848
88,3,1336.86,562.91,84.39,141.04,1,1,0.86062
88,21,1498.02,551.43,85.12,148.43,1,1,0.87355
88,17,1163.49,670.85,65.6,83.72,1,1,0.7973
88,25,1084.13,500.97,76.3,130.54,1,1,0.86676
88,18,665.7,176.74,78.12,123.14,1,1,0.87851
88,14,1406.99,562.04,98.16,116.52,1,1,0.85836
89,0,566.91,474.97,67.38,127.0,1,1,0.86078
89,1,597.44,192.22,79.25,125.19,1,1,0.87249
89,2,1110.1,536.06,67.62,149.04,1,1,0.8598
89,4,1297.44,261.95,63.71,137.16,1,1,0.86411
89,5,1040.13,461.65,87.13,113.99,1,1,0.87925
89,6,966.72,513.18,60.61,132.83,1,1,0.86976
89,7,1247.27,363.94,63.88,132.48,1,1,0.86561
89,8,1290.23,651.99,72.93,116.3,1,1,0.85855
89,9,1031.65,424.45,58.63,118.67,1,1,0.84361
89,10,675.65,626.1,59.28,121.17,1,1,0.84718
89,11,1651.4,412.33,57.32,134.89,1,1,0.86214
89,12,1154.55,679.13,67.32,142.32,1,1,0.85507
89,13,369.33,463.35,53.67,142.19,1,1,0.83701
89,15,1183.07,268.47,53.56,121.16,1,1,0.8566
89,19,1279.11,671.18,63.36,143.52,1,1,0.83479
89,20,1154.45,529.25,64.86,105.69,1,1,0.86359
89,3,1339.09,560.21,82.22,142.55,1,1,0.86535
89,21,1503.15,547.32,87.84,140.74,1,1,0.88263
89,17,1167.09,675.71,61.83,73.53,1,1,0.65814
89,25,1082.53,501.73,75.88,130.05,1,1,0.86534
89,18,652.15,175.04,79.03,119.9,1,1,0.86431
89,14,1410.71,561.4,92.5,120.75,1,1,0.85997
90,0,563.77,469.44,66.39,129.14,1,1,0.86136
90,1,590.79,191.75,64.76,126.9,1,1,0.84525
90,2,1111.19,539.27,66.42,145.55,1,1,0.85597
90,4,1296.55,255.95,64.02,134.3,1,1,0.84998
90,5,1045.32,459.99,87.62,113.33,1,1,0.87655
90,6,964.2,510.1,61.77,130.39,1,1,0.87159
90,7,1254.78,360.73,58.67,129.35,1,1,0.86557
90,8,1293.1,652.44,70.64,116.3,1,1,0.85324
90,9,1027.3,422.62,57.59,123.99,1,1,0.85549
90,10,669.64,626.57,60.11,118.34,1,1,0.85846
90,11,1652.58,409.61,56.3,137.02,1,1,0.85391
90,12,1152.09,679.75,65.37,140.27,1,1,0.85076
90,13,370.95,459.09,53.47,145.37,1,1,0.8407
90,15,1186.9,264.81,53.96,117.03,1,1,0.85751
90,19,1278.79,671.82,63.95,144.53,1,1,0.8417
90,20,1153.93,530.99,62.85,108.02,1,1,0.86326
90,3,1344.91,556.97,77.85,144.14,1,1,0.87203
90,21,1512.73,543.12,81.94,138.75,1,1,0.88029
90,17,1172.78,678.18,56.68,74.73,1,1,0.77284
90,25,1081.56,503.67,76.06,127.83,1,1,0.87124
90,18,642.11,174.81,65.36,116.64,1,1,0.83112
90,14,1416.45,561.38,85.91,124.01,1,1,0.87507
91,0,561.51,464.61,64.83,132.54,1,1,0.85918
91,1,579.81,191.24,54.88,127.64,1,1,0.84449
91,2,1111.31,540.27,65.81,143.28,1,1,0.85822
91,4,1298.82,250.44,59.98,131.02,1,1,0.86343
91,5,1058.71,459.32,79.21,107.0,1,1,0.859
91,6,961.98,507.92,61.7,129.8,1,1,0.86956
91,7,1264.1,357.93,51.95,127.78,1,1,0.85548
91,8,1299.03,652.44,66.5,115.65,1,1,0.84575
91,9,1023.42,419.56,56.72,129.6,1,1,0.85525
91,10,662.3,623.77,65.11,119.67,1,1,0.86027
91,11,1652.91,406.74,56.03,139.48,1,1,0.86404
91,12,1149.08,678.57,62.54,139.38,1,1,0.85611
91,13,373.03,455.28,52.9,141.97,1,1,0.84761
91,15,1190.88,262.07,52.6,116.2,1,1,0.85764
91,19,1277.56,673.14,64.58,144.21,1,1,0.85453
91,20,1155.57,533.42,58.36,107.8,1,1,0.85504
91,3,1350.25,553.91,74.5,144.88,1,1,0.87465
91,21,1524.14,540.11,71.26,140.51,1,1,0.87354
91,17,1178.06,678.49,53.27,77.27,1,1,0.82621
91,25,1081.29,506.7,76.25,124.23,1,1,0.86415
91,18,633.82,175.28,55.95,118.43,1,1,0.85522
91,14,1420.32,560.8,79.68,125.4,1,1,0.87353
92,0,558.56,458.9,62.22,136.53,1,1,0.86202
92,1,566.48,190.08,53.55,128.62,1,1,0.84676
92,2,1110.06,539.74,65.76,142.23,1,1,0.85994
92,4,1300.82,245.67,57.46,124.84,1,1,0.8622
92,5,1077.43,458.33,66.91,100.19,1,1,0.83005
92,6,959.0,504.85,60.23,132.24,1,1,0.87279
92,7,1269.02,356.8,49.79,127.02,1,1,0.85439
92,8,1303.33,653.09,73.48,113.3,1,1,0.84798
92,9,1019.29,415.28,55.96,136.63,1,1,0.86969
92,10,653.79,619.8,71.77,120.54,1,1,0.85197
92,11,1653.06,402.31,56.39,142.8,1,1,0.86726
92,12,1145.03,676.99,62.93,138.98,1,1,0.86816
92,13,375.14,452.15,51.4,134.84,1,1,0.84878
92,15,1193.79,259.65,51.68,117.89,1,1,0.86445
92,19,1277.64,675.67,63.81,141.38,1,1,0.85502
92,20,1156.09,536.09,55.97,105.91,1,1,0.85259
92,3,1355.17,550.2,72.18,146.38,1,1,0.87841
92,21,1533.84,537.85,64.52,142.31,1,1,0.86832
92,17,1182.26,678.94,52.85,82.27,1,1,0.82544
92,25,1081.97,508.38,75.45,122.25,1,1,0.86684
92,18,625.17,176.0,51.75,119.25,1,1,0.85056
92,14,1421.7,559.46,75.4,126.4,1,1,0.87551
93,0,552.54,453.12,59.56,138.25,1,1,0.85594
93,1,551.42,187.29,62.3,128.59,1,1,0.85584
93,2,1108.02,538.1,66.7,141.22,1,1,0.85838
93,4,1302.04,241.66,55.54,118.36,1,1,0.84624
93,5,1090.03,456.59,59.8,88.74,1,1,0.80136
93,6,957.05,500.93,59.92,133.35,1,1,0.86904
93,7,1272.58,355.94,48.85,127.39,1,1,0.85263
93,8,1308.36,653.57,80.12,110.96,1,1,0.86646
93,9,1015.38,409.86,55.53,143.13,1,1,0.8683
93,10,645.02,615.9,77.85,117.51,1,1,0.87286
93,11,1654.33,398.54,55.44,141.1,1,1,0.86896
93,12,1140.28,674.21,63.57,138.6,1,1,0.87052
93,13,377.52,449.8,51.08,133.08,1,1,0.85438
93,15,1195.95,256.22,50.05,121.37,1,1,0.85975
93,19,1276.33,675.27,62.74,140.51,1,1,0.85632
93,20,1156.58,537.95,54.5,103.87,1,1,0.85502
93,3,1359.63,546.52,70.9,146.52,1,1,0.87608
93,21,1541.66,535.17,63.0,144.11,1,1,0.86663
93,17,1183.69,679.3,57.03,90.86,1,1,0.85868
93,25,1081.78,510.27,76.05,119.66,1,1,0.86669
93,18,614.4,176.28,54.29,118.83,1,1,0.85961
93,14,1421.73,557.4,75.02,127.09,1,1,0.87759
94,0,542.82,446.93,61.61,137.43,1,1,0.8578
94,1,533.21,186.14,74.96,122.35,1,1,0.87602
94,2,1106.48,536.87,66.64,140.33,1,1,0.85033
94,4,1301.84,238.16,52.94,117.43,1,1,0.83886
94,5,1100.33,454.42,55.42,76.93,1,1,0.81308
94,6,954.52,496.24,57.42,135.77,1,1,0.85335
94,7,1276.93,352.05,51.07,129.92,1,1,0.8397
94,8,1311.93,654.95,84.81,110.72,1,1,0.87456
94,9,1009.6,404.76,55.46,146.35,1,1,0.87389
94,10,636.74,611.52,82.46,119.1,1,1,0.86019
94,11,1656.47,394.75,53.99,135.72,1,1,0.86009
94,12,1135.01,671.97,65.06,139.78,1,1,0.86259
94,13,379.08,448.06,52.67,134.1,1,1,0.85021
94,15,1197.5,252.1,49.13,126.87,1,1,0.85291
94,19,1273.42,673.59,62.93,142.05,1,1,0.85151
94,20,1155.96,540.56,53.69,101.19,1,1,0.84735
94,3,1363.36,543.91,71.64,143.99,1,1,0.87487
94,21,1548.1,532.61,69.5,144.98,1,1,0.87154
94,17,1184.09,680.21,63.99,100.42,1,1,0.86234
94,25,1081.44,513.07,76.81,116.35,1,1,0.86108
94,18,600.57,176.29,64.03,120.1,1,1,0.85505
94,14,1422.46,555.01,75.7,127.01,1,1,0.87627
95,0,532.7,441.79,64.45,130.68,1,1,0.86617
95,1,518.2,185.14,79.27,117.99,1,1,0.87133
95,2,1106.69,537.12,64.37,137.34,1,1,0.83696
95,4,1301.88,234.75,50.33,114.44,1,1,0.83828
95,5,1106.95,451.63,52.81,76.07,1,1,0.83689
95,6,951.08,492.48,54.4,134.06,1,1,0.83673
95,7,1280.82,349.59,54.97,127.66,1,1,0.83432
95,8,1313.85,656.18,87.54,115.35,1,1,0.87788
95,9,1002.36,401.49,57.72,145.97,1,1,0.88106
95,10,630.06,607.81,81.76,120.78,1,1,0.867
95,11,1658.42,391.68,52.92,127.15,1,1,0.85551
95,12,1129.97,671.22,65.71,140.03,1,1,0.85974
95,13,379.97,445.73,54.28,136.2,1,1,0.8461
95,15,1198.07,248.36,49.5,124.84,1,1,0.84146
95,19,1266.18,671.51,66.56,143.77,1,1,0.85244
95,20,1153.89,543.78,53.43,100.98,1,1,0.84117
95,3,1366.08,542.77,71.13,141.63,1,1,0.87091
95,21,1552.67,529.65,74.19,146.38,1,1,0.87965
95,17,1181.03,683.26,72.97,106.0,1,1,0.84829
95,25,1081.05,515.07,77.31,113.24,1,1,0.85652
95,18,587.09,174.52,69.2,117.09,1,1,0.83423
95,14,1425.93,553.14,73.23,127.29,1,1,0.88072
96,0,526.58,436.6,64.11,123.39,1,1,0.86377
96,1,507.68,184.14,78.81,118.52,1,1,0.86454
96,2,1106.71,535.48,63.89,139.96,1,1,0.82334
96,4,1302.37,231.29,48.53,115.97,1,1,0.83094
96,5,1112.45,447.81,50.3,81.31,1,1,0.83124
96,6,946.32,489.13,53.23,134.76,1,1,0.84076
96,7,1285.63,346.75,56.0,127.26,1,1,0.83642
96,8,1314.39,657.95,88.43,121.72,1,1,0.87896
96,9,996.29,399.02,59.99,145.5,1,1,0.87765
96,10,623.07,605.91,78.32,119.27,1,1,0.85882
96,11,1658.83,388.04,55.18,125.21,1,1,0.85939
96,12,1125.43,671.11,66.66,140.26,1,1,0.85347
96,13,380.57,443.17,53.65,136.95,1,1,0.84896
96,15,1200.06,245.0,47.94,117.23,1,1,0.8461
96,19,1258.5,670.47,70.72,143.96,1,1,0.85528
96,20,1150.32,546.67,55.17,106.45,1,1,0.83601
96,3,1369.39,542.0,69.2,140.37,1,1,0.85772
96,21,1555.55,526.51,83.5,147.06,1,1,0.88637
96,17,1182.41,687.09,73.87,102.38,1,1,0.81992
96,25,1080.76,516.9,78.74,111.29,1,1,0.85742
96,18,575.28,174.33,70.52,113.8,1,1,0.83997
96,14,1433.1,551.66,67.71,127.45,1,1,0.86592
97,0,522.9,433.2,62.07,122.29,1,1,0.86357
97,1,498.5,184.06,66.33,120.41,1,1,0.84959
97,2,1105.65,535.54,63.97,138.51,1,1,0.82452
97,4,1302.45,228.69,47.92,117.3,1,1,0.8395
97,5,1116.04,445.08,48.53,95.22,1,1,0.82831
97,6,943.1,487.77,50.7,130.38,1,1,0.83911
97,7,1288.58,346.0,55.99,123.55,1,1,0.84638
97,8,1314.04,660.75,89.32,124.51,1,1,0.88096
97,9,991.23,399.3,61.46,141.97,1,1,0.88379
97,10,612.56,605.02,73.59,119.37,1,1,0.82757
97,11,1658.7,385.35,56.24,125.87,1,1,0.86546
97,12,1119.65,673.74,69.8,137.71,1,1,0.85044
97,13,380.34,440.41,52.7,135.84,1,1,0.85408
97,15,1201.45,242.93,46.49,112.84,1,1,0.84668
97,19,1251.33,671.74,72.21,144.19,1,1,0.85796
97,20,1146.7,550.93,55.79,111.71,1,1,0.82275
97,3,1372.38,541.72,66.37,141.14,1,1,0.863
97,21,1560.45,524.98,84.52,143.37,1,1,0.89262
97,17,1183.04,690.74,74.24,101.55,1,1,0.79828
97,25,1079.27,518.97,80.75,110.5,1,1,0.84568
97,18,568.85,174.71,61.0,114.35,1,1,0.84068
97,14,1441.25,551.12,63.89,128.01,1,1,0.85885
98,0,520.11,429.78,59.28,124.16,1,1,0.85981
98,1,487.32,184.16,58.49,122.65,1,1,0.84627
98,2,1102.85,536.81,62.93,136.18,1,1,0.81431
98,4,1300.49,225.54,48.41,119.03,1,1,0.84058
98,5,1120.09,443.31,47.71,104.76,1,1,0.82792
98,6,936.4,486.99,52.19,130.79,1,1,0.83634
98,7,1290.78,344.16,53.01,120.63,1,1,0.83545
98,8,1312.5,663.09,88.74,124.63,1,1,0.87143
98,9,986.08,399.77,63.41,137.88,1,1,0.88049
98,10,604.29,602.31,67.02,122.25,1,1,0.83571
98,11,1656.95,382.14,57.87,127.66,1,1,0.86657
98,12,1112.1,676.41,71.57,136.15,1,1,0.84064
98,13,380.65,437.64,52.3,133.89,1,1,0.84186
98,15,1201.72,241.25,45.03,112.82,1,1,0.83935
98,19,1246.68,672.84,70.73,146.57,1,1,0.84935
98,20,1144.21,555.21,56.42,114.07,1,1,0.83619
98,3,1373.46,541.34,65.82,141.92,1,1,0.86403
98,21,1565.77,523.65,79.69,138.74,1,1,0.88368
98,17,1181.95,693.59,73.96,103.37,1,1,0.7798
98,25,1077.7,519.56,79.86,110.8,1,1,0.83855
98,18,560.41,175.07,53.12,117.26,1,1,0.83742
98,14,1445.23,549.74,64.63,129.45,1,1,0.85797
99,0,515.59,424.33,58.94,128.38,1,1,0.8662
99,1,476.99,182.38,54.12,124.74,1,1,0.85321
99,2,1096.99,535.15,61.34,135.34,1,1,0.80896
99,4,1299.1,222.1,47.71,114.86,1,1,0.85056
99,5,1121.03,440.72,48.21,109.14,1,1,0.83271
99,6,930.54,485.75,54.57,132.09,1,1,0.84597
99,7,1290.46,340.78,52.06,121.69,1,1,0.84337
99,8,1309.59,663.45,87.96,124.14,1,1,0.87067
99,9,981.97,398.09,63.67,135.99,1,1,0.88065
99,10,593.95,596.96,69.88,125.44,1,1,0.85232
99,11,1654.27,377.27,59.77,129.69,1,1,0.86938
99,12,1103.44,678.37,71.76,137.17,1,1,0.84959
99,13,379.37,434.32,53.39,129.3,1,1,0.84803
99,15,1200.45,238.1,44.13,114.31,1,1,0.83822
99,19,1245.2,672.91,70.14,149.48,1,1,0.84664
99,20,1139.07,557.39,60.57,118.34,1,1,0.8564
99,3,1374.01,539.22,65.48,142.01,1,1,0.86996
99,21,1565.88,521.3,75.91,136.62,1,1,0.88129
99,17,1179.22,695.26,78.1,119.12,1,1,0.8278
99,25,1075.58,519.07,79.82,111.6,1,1,0.84839
99,18,549.38,174.46,49.71,119.26,1,1,0.84415
99,14,1444.59,546.4,64.29,129.95,1,1,0.86066
100,0,509.81,418.09,61.45,132.67,1,1,0.87029
100,1,465.9,179.26,54.17,124.33,1,1,0.85517
100,2,1093.88,534.39,58.66,134.15,1,1,0.81139
100,4,1297.8,218.15,47.09,114.43,1,1,0.85455
100,5,1121.71,438.17,49.37,112.13,1,1,0.8485
100,6,927.55,484.09,55.04,133.12,1,1,0.84948
100,7,1284.28,337.69,57.15,123.96,1,1,0.85538
100,8,1306.27,663.03,87.38,123.99,1,1,0.87104
100,9,979.04,396.19,62.66,134.75,1,1,0.86883
100,10,584.71,593.17,72.04,126.31,1,1,0.85929
100,11,1651.96,371.95,63.51,131.79,1,1,0.87959
100,12,1093.26,680.44,74.11,139.94,1,1,0.86226
100,13,378.8,431.49,53.41,123.87,1,1,0.85598
100,15,1199.68,234.16,42.77,118.25,1,1,0.8384
100,19,1241.85,673.46,72.13,150.02,1,1,0.85525
100,20,1136.08,560.43,65.56,117.16,1,1,0.85925
100,3,1373.86,536.2,66.2,143.14,1,1,0.87769
100,21,1564.56,519.35,73.5,135.67,1,1,0.8769
100,17,1177.21,696.83,80.06,122.83,1,1,0.83593
100,25,1074.25,518.95,78.96,110.27,1,1,0.8541
100,18,538.76,172.34,50.41,120.92,1,1,0.85201
100,14,1444.54,542.49,64.8,130.15,1,1,0.86741
101,0,502.07,412.17,64.59,130.12,1,1,0.87068
101,1,451.38,175.71,59.16,122.91,1,1,0.86048
101,2,1087.19,535.28,60.17,130.83,1,1,0.82172
101,4,1295.79,215.07,47.93,116.49,1,1,0.84379
101,5,1122.78,436.09,49.42,113.17,1,1,0.83518
101,6,920.45,481.93,56.84,133.73,1,1,0.84564
101,7,1279.3,335.5,61.57,126.5,1,1,0.8551
101,8,1302.7,662.56,87.9,124.03,1,1,0.87054
101,9,977.01,394.5,59.74,129.75,1,1,0.84318
101,10,575.75,588.69,62.19,115.74,1,1,0.80112
101,11,1651.79,367.68,66.73,131.82,1,1,0.8772
101,12,1085.55,683.74,74.51,138.49,1,1,0.85905
101,13,379.22,428.92,52.93,120.9,1,1,0.85315
101,15,1198.46,230.34,42.21,121.18,1,1,0.83951
101,19,1239.46,675.98,74.19,146.82,1,1,0.85449
101,20,1132.87,563.42,72.94,115.7,1,1,0.86582
101,3,1372.52,533.55,66.43,142.85,1,1,0.87627
101,21,1564.58,517.62,71.45,136.3,1,1,0.86819
101,17,1181.29,698.64,77.55,125.61,1,1,0.84406
101,25,1078.13,518.12,72.85,107.79,1,1,0.80426
101,18,527.45,170.31,52.05,117.02,1,1,0.85056
101,14,1444.76,537.93,64.68,129.56,1,1,0.86783
102,0,495.43,408.24,66.23,119.84,1,1,0.87676
102,1,436.11,175.36,63.48,116.87,1,1,0.87098
102,2,1084.49,540.93,58.65,127.12,1,1,0.84846
102,4,1293.4,212.36,50.33,118.77,1,1,0.84822
102,5,1125.11,434.14,53.77,110.81,1,1,0.84782
102,6,914.09,479.8,58.62,135.07,1,1,0.86048
102,7,1276.67,332.76,63.78,129.67,1,1,0.86125
102,8,1298.8,662.28,88.85,124.54,1,1,0.87635
102,9,974.5,392.97,58.32,122.99,1,1,0.86163
102,10,566.47,586.61,67.29,113.64,1,1,0.84762
102,11,1655.46,364.65,67.23,128.35,1,1,0.87874
102,12,1078.47,687.75,75.84,136.2,1,1,0.87471
102,13,380.68,425.47,52.35,109.13,1,1,0.82557
102,15,1197.17,226.52,42.98,118.75,1,1,0.84988
102,19,1235.32,677.77,76.41,144.56,1,1,0.8424
102,20,1130.67,567.09,79.7,113.48,1,1,0.87214
102,3,1371.69,531.92,66.18,143.94,1,1,0.8851
102,21,1566.79,515.36,67.06,138.56,1,1,0.86753
102,17,1187.11,699.3,72.63,126.47,1,1,0.82863
102,25,1088.99,519.27,60.49,83.29,1,1,0.75396
102,18,516.1,169.37,56.07,109.98,1,1,0.85744
102,14,1446.21,535.95,64.67,127.42,1,1,0.88098
103,0,493.02,402.58,65.38,114.63,1,1,0.87406
103,1,426.54,174.43,61.85,115.1,1,1,0.8721
103,2,1081.38,542.69,59.49,126.26,1,1,0.8488
103,4,1292.1,208.33,51.94,121.19,1,1,0.84183
103,5,1127.36,431.42,57.47,110.35,1,1,0.85295
103,6,908.93,476.31,58.44,128.89,1,1,0.86339
103,7,1275.81,327.97,65.17,130.17,1,1,0.85755
103,8,1296.17,661.02,89.11,125.23,1,1,0.87725
103,9,971.3,390.81,58.37,121.69,1,1,0.87065
103,10,558.01,583.59,61.69,112.38,1,1,0.80393
103,11,1659.69,360.97,65.21,125.59,1,1,0.87355
103,12,1076.29,690.5,73.93,132.97,1,1,0.86905
103,13,383.14,420.82,51.73,115.35,1,1,0.83197
103,15,1196.07,222.98,42.71,112.32,1,1,0.84441
103,19,1229.9,677.6,75.5,142.46,1,1,0.81214
103,20,1129.61,569.26,83.39,111.18,1,1,0.86862
103,3,1371.92,529.74,65.55,144.57,1,1,0.88351
103,21,1568.81,511.29,65.96,139.04,1,1,0.86809
103,17,1193.97,698.83,69.41,126.67,1,1,0.77938
103,25,1093.19,519.2,54.5,79.49,1,1,0.77159
103,18,509.46,167.67,53.24,107.36,1,1,0.84423
103,14,1447.99,533.57,62.34,126.85,1,1,0.87886
104,0,493.14,397.52,63.46,115.23,1,1,0.85609
104,1,419.72,173.05,55.04,116.52,1,1,0.85563
104,2,1076.46,545.87,62.79,125.38,1,1,0.84687
104,4,1291.09,203.96,52.48,122.97,1,1,0.84045
104,5,1129.12,428.41,60.78,111.61,1,1,0.8565
104,6,906.19,474.01,56.86,123.67,1,1,0.85439
104,7,1278.61,324.31,62.91,126.19,1,1,0.85357
104,8,1293.77,660.49,89.95,125.73,1,1,0.87139
104,9,969.27,388.77,59.35,125.26,1,1,0.87291
104,10,549.98,581.46,51.13,111.68,1,1,0.8225
104,11,1662.97,358.34,60.76,125.64,1,1,0.86497
104,12,1074.87,692.75,73.34,130.85,1,1,0.87088
104,13,386.89,416.21,51.81,125.27,1,1,0.8473
104,15,1195.41,219.96,43.16,109.68,1,1,0.84039
104,19,1225.76,676.97,73.42,141.46,1,1,0.79032
104,20,1129.11,571.41,85.79,109.15,1,1,0.8657
104,3,1373.23,528.27,64.65,142.11,1,1,0.87879
104,21,1572.91,506.98,66.67,138.03,1,1,0.8619
104,17,1199.81,698.34,73.86,127.42,1,1,0.79024
104,25,1094.39,519.34,51.59,84.04,1,1,0.76429
104,18,501.71,166.99,48.28,108.32,1,1,0.84464
104,14,1450.75,531.93,59.76,127.72,1,1,0.87235
105,0,495.13,393.87,61.31,115.47,1,1,0.85007
105,1,411.84,172.29,50.01,119.04,1,1,0.85332
105,2,1071.56,548.46,66.49,123.26,1,1,0.84811
105,4,1290.78,199.96,53.79,122.59,1,1,0.8311
105,5,1131.04,426.98,62.16,113.26,1,1,0.85948
105,6,904.75,472.47,57.13,121.36,1,1,0.85637
105,7,1283.94,321.2,58.63,120.78,1,1,0.8518
105,8,1292.21,660.31,90.11,126.26,1,1,0.88059
105,9,967.45,387.44,62.86,126.87,1,1,0.87961
105,10,542.55,579.37,48.2,112.31,1,1,0.83298
105,11,1664.19,356.1,57.77,127.3,1,1,0.86373
105,12,1075.3,693.87,72.7,129.56,1,1,0.86643
105,13,391.52,413.15,50.83,123.99,1,1,0.86037
105,15,1195.28,218.07,44.26,112.54,1,1,0.83614
105,19,1221.16,675.73,70.0,137.32,1,1,0.6515
105,20,1130.81,573.53,84.4,108.54,1,1,0.8609
105,3,1375.2,528.01,62.05,137.84,1,1,0.87692
105,21,1576.58,503.18,66.77,132.75,1,1,0.87003
105,17,1203.82,697.88,75.9,127.84,1,1,0.83292
105,25,1094.64,520.7,53.3,94.57,1,1,0.80211
105,18,493.84,167.08,45.11,108.64,1,1,0.84161
105,14,1455.59,529.52,55.43,129.72,1,1,0.86626
106,0,495.02,388.71,59.96,120.67,1,1,0.86114
106,1,402.15,170.43,49.12,120.29,1,1,0.84404
106,2,1064.98,550.52,72.34,121.5,1,1,0.84665
106,4,1291.3,196.25,53.82,120.19,1,1,0.84026
106,5,1133.88,425.23,62.0,113.16,1,1,0.85944
106,6,903.1,470.29,56.26,121.73,1,1,0.85909
106,7,1290.19,317.43,53.75,116.9,1,1,0.84249
106,8,1289.99,659.39,91.42,126.96,1,1,0.88479
106,9,962.84,386.34,67.16,129.52,1,1,0.87779
106,10,536.36,577.41,49.15,113.08,1,1,0.83303
106,11,1664.28,353.02,55.82,129.73,1,1,0.85941
106,12,1075.79,693.74,72.55,129.55,1,1,0.86796
106,13,394.43,410.91,49.64,118.15,1,1,0.85691
106,15,1194.1,214.96,46.1,116.05,1,1,0.83419
106,19,1213.27,676.29,64.55,80.44,1,1,0.74262
106,20,1132.54,575.61,82.36,109.74,1,1,0.86575
106,3,1377.94,526.89,59.93,136.04,1,1,0.87714
106,21,1580.54,498.88,64.64,127.3,1,1,0.86577
106,17,1206.66,697.44,73.4,129.83,1,1,0.84888
106,25,1095.12,521.29,52.8,94.1,1,1,0.79095
106,18,486.73,165.6,46.53,109.66,1,1,0.83545
106,14,1458.41,525.76,52.93,132.65,1,1,0.86573
107,0,496.8,383.4,55.99,121.72,1,1,0.82897
107,1,391.21,168.26,53.67,121.73,1,1,0.85457
107,2,1057.74,551.79,78.61,121.97,1,1,0.86283
107,4,1291.11,193.23,53.53,113.52,1,1,0.84112
107,5,1134.61,424.12,62.9,113.45,1,1,0.86581
107,6,901.62,467.93,56.07,123.8,1,1,0.8584
107,7,1293.05,314.9,52.36,117.73,1,1,0.85047
107,8,1286.52,658.35,92.32,127.68,1,1,0.88287
107,9,955.63,385.85,71.32,131.41,1,1,0.87619
107,10,526.73,574.74,57.0,113.86,1,1,0.8346
107,11,1663.21,349.67,54.86,132.41,1,1,0.86301
107,12,1076.93,692.06,70.92,130.19,1,1,0.86849
107,13,396.75,408.67,49.65,116.1,1,1,0.85652
107,15,1193.41,211.04,46.2,119.93,1,1,0.81164
107,19,1209.5,675.02,63.0,59.37,1,1,0.78191
107,20,1132.01,577.58,83.42,112.71,1,1,0.88203
107,3,1379.63,525.94,59.04,135.81,1,1,0.87813
107,21,1583.03,495.18,63.26,125.76,1,1,0.86776
107,17,1207.73,701.36,68.87,130.41,1,1,0.84829
107,25,1094.23,522.39,53.51,91.47,1,1,0.80295
107,18,474.75,164.35,55.58,112.72,1,1,0.86544
107,14,1459.89,523.13,51.12,132.2,1,1,0.85971
108,0,495.97,377.96,55.45,117.84,1,1,0.81011
108,1,379.03,165.97,61.45,118.2,1,1,0.86744
108,2,1051.45,550.87,80.76,124.37,1,1,0.86838
108,4,1291.04,190.72,54.87,110.91,1,1,0.8458
108,5,1132.47,422.01,64.4,114.97,1,1,0.8711
108,6,900.69,463.03,54.25,127.95,1,1,0.84785
108,7,1293.89,311.92,53.57,119.94,1,1,0.85672
108,8,1284.85,656.38,92.21,129.21,1,1,0.89151
108,9,948.79,384.57,72.99,133.69,1,1,0.88114
108,10,514.35,571.85,63.83,111.06,1,1,0.81507
108,11,1663.81,346.16,54.02,133.6,1,1,0.86326
108,12,1076.42,689.16,69.38,132.09,1,1,0.86526
108,13,398.07,405.54,50.41,115.84,1,1,0.84506
108,15,1192.53,206.9,46.76,116.48,1,1,0.80146
108,19,1207.74,673.53,60.43,56.32,1,1,0.78744
108,20,1132.97,578.91,81.26,114.87,1,1,0.8862
108,3,1380.77,524.1,59.56,137.58,1,1,0.87746
108,21,1584.94,492.96,62.34,125.83,1,1,0.8638
108,17,1209.47,706.45,63.36,132.4,1,1,0.84575
108,25,1093.02,523.58,55.39,94.23,1,1,0.82864
108,18,466.01,162.59,60.55,111.59,1,1,0.86724
108,14,1461.51,520.58,52.55,128.9,1,1,0.86279
109,0,494.73,372.19,54.83,113.49,1,1,0.86308
109,1,366.94,163.67,66.4,111.79,1,1,0.87647
109,2,1046.49,547.53,80.63,128.76,1,1,0.88724
109,4,1289.16,188.64,57.23,111.75,1,1,0.8631
109,5,1131.89,418.37,66.08,115.95,1,1,0.87491
109,6,899.46,458.59,53.14,130.7,1,1,0.86073
109,7,1294.17,309.6,55.01,121.2,1,1,0.86421
109,8,1281.78,653.56,92.87,131.16,1,1,0.89768
109,9,944.32,381.23,70.07,136.45,1,1,0.88263
109,10,501.19,569.08,71.72,110.31,1,1,0.84856
109,11,1663.31,343.0,54.36,131.29,1,1,0.86532
109,12,1077.29,686.04,67.25,131.74,1,1,0.87283
109,13,396.47,401.36,52.54,106.53,1,1,0.84459
109,15,1191.32,203.96,46.62,111.05,1,1,0.8484
109,19,1202.37,671.5,63.26,57.33,1,1,0.80062
109,20,1133.47,580.05,77.57,114.74,1,1,0.88669
109,3,1382.3,521.34,59.17,139.71,1,1,0.87994
109,21,1585.11,489.17,61.42,127.62,1,1,0.86175
109,17,1208.59,708.64,61.06,137.24,1,1,0.86112
109,25,1095.45,524.58,53.87,98.65,1,1,0.85083
109,18,458.67,161.4,59.07,106.48,1,1,0.86401
109,14,1463.31,517.93,52.83,120.45,1,1,0.8674
110,0,494.71,367.31,55.33,110.36,1,1,0.85913
110,1,358.29,160.27,63.86,110.62,1,1,0.86304
110,2,1044.88,545.0,77.92,130.7,1,1,0.88397
110,4,1288.15,185.93,56.29,115.14,1,1,0.86488
110,5,1131.88,415.0,66.58,119.27,1,1,0.87519
110,6,899.35,454.5,51.49,127.46,1,1,0.85924
110,7,1294.41,306.46,56.84,121.83,1,1,0.86537
110,8,1277.17,651.14,94.37,132.58,1,1,0.88856
110,9,943.3,377.51,66.31,138.59,1,1,0.88268
110,10,490.17,566.72,67.82,109.11,1,1,0.84507
110,11,1663.97,340.99,54.69,124.65,1,1,0.86351
110,12,1083.85,683.86,61.77,129.96,1,1,0.86871
110,13,397.13,396.63,51.84,100.1,1,1,0.83681
110,15,1190.46,201.48,45.34,104.85,1,1,0.84758
110,19,1198.25,669.89,66.46,59.13,1,1,0.72826
110,20,1133.46,582.08,73.66,112.75,1,1,0.87314
110,3,1384.34,518.16,58.34,141.42,1,1,0.88118
110,21,1586.3,483.52,59.84,130.54,1,1,0.84806
110,17,1205.97,710.51,60.65,141.19,1,1,0.86723
110,25,1096.26,525.27,54.42,101.88,1,1,0.85624
110,18,452.28,159.72,54.34,108.35,1,1,0.85413
110,14,1464.58,515.53,53.54,115.67,1,1,0.85893
111,0,496.77,362.81,53.59,111.65,1,1,0.85125
111,1,353.69,157.89,57.87,113.36,1,1,0.85394
111,2,1046.26,542.88,73.6,131.54,1,1,0.87661
111,4,1290.02,182.66,51.43,118.04,1,1,0.85974
111,5,1133.46,411.12,63.37,117.71,1,1,0.87369
111,6,898.97,451.33,50.1,121.23,1,1,0.85576
111,7,1295.03,304.2,58.75,117.5,1,1,0.85807
111,8,1267.6,648.49,97.91,132.26,1,1,0.8745
111,9,946.26,374.39,60.04,134.47,1,1,0.87335
111,10,480.99,565.3,68.98,109.09,1,1,0.84478
111,11,1663.87,339.42,56.18,113.98,1,1,0.85766
111,12,1087.08,682.61,60.57,125.2,1,1,0.86224
111,13,399.41,391.19,51.33,118.38,1,1,0.84253
111,15,1189.43,199.56,45.38,106.24,1,1,0.84606
111,19,1194.77,667.57,66.13,62.23,1,1,0.76064
111,20,1136.26,584.13,68.13,109.99,1,1,0.86178
111,3,1385.7,514.46,57.51,142.36,1,1,0.87986
111,21,1586.03,478.52,59.43,132.99,1,1,0.827
111,17,1201.28,713.27,64.8,140.13,1,1,0.85775
111,25,1096.52,525.31,55.82,106.93,1,1,0.86114
111,18,444.58,158.36,49.72,112.12,1,1,0.84809
111,14,1465.36,512.56,54.18,114.91,1,1,0.8536
112,0,497.87,358.28,52.54,115.29,1,1,0.8485
112,1,348.36,156.28,53.68,117.0,1,1,0.84015
112,2,1045.91,541.93,72.31,131.73,1,1,0.8672
112,4,1294.07,179.13,46.87,118.02,1,1,0.83345
112,5,1135.4,408.32,60.51,110.51,1,1,0.86847
112,6,898.86,448.74,49.21,115.93,1,1,0.85089
112,7,1298.95,301.71,57.14,110.48,1,1,0.84197
112,8,1258.54,646.27,99.68,128.69,1,1,0.86419
112,9,948.6,371.91,55.53,129.03,1,1,0.85859
112,10,477.03,563.88,68.28,109.8,1,1,0.84212
112,11,1663.89,338.1,57.59,110.6,1,1,0.85228
112,12,1088.36,681.35,60.23,122.12,1,1,0.84613
112,13,404.31,386.55,48.74,115.03,1,1,0.82402
112,15,1188.92,197.07,44.73,108.17,1,1,0.83832
112,19,1189.96,665.1,68.94,106.11,1,1,0.78853
112,20,1136.12,586.36,66.48,107.76,1,1,0.85146
112,3,1387.29,511.22,56.56,142.1,1,1,0.87025
112,21,1585.8,474.06,59.54,130.01,1,1,0.80756
112,17,1204.31,715.92,62.03,137.69,1,1,0.82499
112,25,1096.02,524.79,57.01,105.9,1,1,0.82531
112,18,436.15,156.99,49.07,113.88,1,1,0.83421
112,14,1465.1,509.01,56.1,115.82,1,1,0.8449
113,0,497.07,352.88,53.1,120.74,1,1,0.85301
113,1,339.2,154.75,52.74,119.33,1,1,0.83486
113,2,1044.0,541.25,70.89,132.24,1,1,0.87072
113,4,1295.92,175.96,45.12,114.2,1,1,0.82583
113,5,1134.54,405.79,59.78,105.05,1,1,0.86505
113,6,898.71,446.4,48.5,115.25,1,1,0.85181
113,7,1301.91,299.93,56.36,105.39,1,1,0.83691
113,8,1255.45,645.32,94.46,123.59,1,1,0.85298
113,9,950.13,370.17,53.31,124.82,1,1,0.85237
113,10,470.61,561.6,67.02,111.45,1,1,0.83396
113,11,1662.39,336.1,57.3,111.06,1,1,0.85211
113,12,1087.34,680.03,63.78,119.93,1,1,0.84326
113,13,408.12,382.52,47.27,113.29,1,1,0.83662
113,15,1188.47,194.42,43.56,109.57,1,1,0.83334
113,19,1184.29,663.15,69.57,117.27,1,1,0.80806
113,20,1137.02,588.6,64.97,106.56,1,1,0.85766
113,3,1388.48,508.96,55.62,139.87,1,1,0.86796
113,21,1587.14,468.94,58.77,125.45,1,1,0.81284
113,17,1206.74,717.97,60.82,135.14,1,1,0.81171
113,25,1093.15,524.9,60.05,100.37,1,1,0.84573
113,18,430.44,154.84,49.83,113.5,1,1,0.83003
113,14,1465.59,504.19,57.67,117.44,1,1,0.84095
114,0,496.2,347.06,54.44,124.35,1,1,0.84913
114,1,333.27,152.53,50.58,121.14,1,1,0.83927
114,2,1040.75,541.22,68.88,132.35,1,1,0.86668
114,4,1297.0,173.03,45.35,112.03,1,1,0.84342
114,5,1133.22,403.02,60.34,105.45,1,1,0.86957
114,6,898.18,442.1,48.85,119.38,1,1,0.85147
114,7,1301.0,299.29,58.94,103.66,1,1,0.85278
114,8,1254.57,645.17,85.51,121.2,1,1,0.85446
114,9,949.81,368.54,53.13,123.42,1,1,0.85258
114,10,465.13,558.5,61.14,112.37,1,1,0.79936
114,11,1660.91,333.18,56.9,113.66,1,1,0.85803
114,12,1083.59,678.59,68.07,120.09,1,1,0.85124
114,13,409.65,379.66,47.65,116.21,1,1,0.83742
114,15,1187.78,191.61,43.36,111.95,1,1,0.83276
114,19,1179.55,661.93,68.88,118.64,1,1,0.83912
114,20,1139.71,591.39,61.67,104.53,1,1,0.8593
114,3,1389.73,507.47,54.66,136.02,1,1,0.87248
114,21,1587.16,464.38,57.02,121.01,1,1,0.82533
114,17,1208.1,719.08,58.87,133.48,1,1,0.81366
114,25,1089.11,524.78,64.37,100.5,1,1,0.85368
114,18,425.0,153.13,51.49,111.2,1,1,0.83591
114,14,1465.4,499.46,59.68,120.38,1,1,0.83569
115,0,496.18,341.07,55.88,120.74,1,1,0.85555
115,1,327.02,151.09,49.86,118.41,1,1,0.84142
115,2,1037.52,540.95,64.27,132.45,1,1,0.86235
115,4,1297.84,170.37,44.77,108.3,1,1,0.84696
115,5,1132.24,399.54,60.4,107.99,1,1,0.87482
115,6,896.23,437.34,49.79,123.03,1,1,0.84854
115,7,1299.89,298.79,61.79,104.23,1,1,0.85699
115,8,1248.36,644.75,86.17,121.57,1,1,0.85623
115,9,949.05,367.13,52.34,118.19,1,1,0.84265
115,10,459.15,555.07,54.61,109.8,1,1,0.81248
115,11,1659.1,329.83,56.28,115.93,1,1,0.86152
115,12,1079.45,677.07,71.97,120.48,1,1,0.855
115,13,410.97,376.23,46.59,111.2,1,1,0.83076
115,15,1187.4,189.44,43.12,111.37,1,1,0.82949
115,19,1175.95,660.74,64.32,117.06,1,1,0.83612
115,20,1142.38,594.3,59.46,102.31,1,1,0.82548
115,3,1391.02,505.78,54.16,132.07,1,1,0.87254
115,21,1586.35,460.69,57.39,119.42,1,1,0.82409
115,17,1208.75,719.14,58.35,132.58,1,1,0.81208
115,25,1086.73,523.9,67.0,102.8,1,1,0.87107
115,18,418.72,152.68,52.66,102.14,1,1,0.8448
115,14,1468.0,495.29,59.23,116.13,1,1,0.82763
116,0,499.37,335.49,54.73,113.32,1,1,0.85437
116,1,317.99,149.69,51.39,111.88,1,1,0.84123
116,2,1034.09,540.83,60.56,132.42,1,1,0.84468
116,4,1298.63,168.61,44.28,107.41,1,1,0.83807
116,5,1131.02,395.87,60.59,110.91,1,1,0.86394
116,6,894.05,432.59,49.97,123.73,1,1,0.83922
116,7,1297.95,298.33,67.71,105.59,1,1,0.85734
116,8,1246.6,644.96,85.91,121.59,1,1,0.85389
116,9,948.52,364.64,51.3,115.78,1,1,0.8204
116,10,452.85,552.56,53.22,110.01,1,1,0.81927
116,11,1656.93,326.31,56.81,117.51,1,1,0.8562
116,12,1076.42,675.74,74.1,121.55,1,1,0.85034
116,13,412.48,372.07,46.35,118.77,1,1,0.81345
116,15,1186.66,187.35,42.3,106.29,1,1,0.82517
116,19,1173.04,659.19,58.34,117.57,1,1,0.81012
116,20,1144.51,598.62,56.54,93.68,1,1,0.792
116,3,1392.22,504.8,53.86,129.41,1,1,0.86214
116,21,1584.12,457.89,57.78,114.76,1,1,0.82784
116,17,1209.52,718.15,57.94,133.2,1,1,0.80552
116,25,1087.01,522.96,66.8,106.02,1,1,0.86446
116,18,412.38,151.7,49.16,99.46,1,1,0.82669
116,14,1469.64,491.39,58.98,115.91,1,1,0.83986
117,0,504.9,330.35,53.83,107.16,1,1,0.84552
117,1,310.07,148.56,51.22,107.7,1,1,0.84062
117,2,1031.76,540.2,58.22,134.29,1,1,0.84455
117,4,1298.57,167.35,44.52,108.39,1,1,0.84058
117,5,1128.82,391.46,59.08,111.14,1,1,0.86611
117,6,894.42,428.01,48.71,122.93,1,1,0.83855
117,7,1296.21,296.96,72.02,107.73,1,1,0.86079
117,8,1241.89,643.7,88.69,122.08,1,1,0.8649
117,9,947.83,361.84,50.8,113.23,1,1,0.82911
117,10,445.46,550.37,53.46,109.64,1,1,0.82677
117,11,1653.22,321.56,56.05,121.61,1,1,0.85486
117,12,1075.23,673.5,74.75,122.49,1,1,0.85421
117,13,416.06,368.3,46.33,122.49,1,1,0.82979
117,15,1186.32,185.3,40.91,99.35,1,1,0.82908
117,19,1166.12,657.99,58.46,117.62,1,1,0.82697
117,20,1145.24,602.85,56.39,93.28,1,1,0.77589
117,3,1393.69,503.48,53.94,128.27,1,1,0.86172
117,21,1581.11,454.53,59.52,115.16,1,1,0.81956
117,17,1209.12,715.64,58.7,135.19,1,1,0.82334
117,25,1089.03,521.69,65.25,107.86,1,1,0.8638
117,18,405.63,149.26,46.89,99.71,1,1,0.82112
117,14,1472.57,488.49,57.5,113.13,1,1,0.84737
118,0,508.29,326.79,52.96,105.78,1,1,0.82061
118,1,303.32,147.32,49.42,107.93,1,1,0.83829
118,2,1029.08,539.52,58.66,135.53,1,1,0.84367
118,4,1298.41,165.78,45.26,111.29,1,1,0.84306
118,5,1125.92,386.84,60.38,113.56,1,1,0.8646
118,6,894.76,423.98,46.97,119.03,1,1,0.83719
118,7,1297.02,295.13,75.27,109.44,1,1,0.86503
118,8,1236.01,642.43,90.66,121.84,1,1,0.86128
118,9,947.13,359.42,51.45,116.83,1,1,0.8393
118,10,437.7,549.42,53.04,108.59,1,1,0.83053
118,11,1649.95,318.17,54.28,124.97,1,1,0.85517
118,12,1074.89,670.39,74.32,124.66,1,1,0.85384
118,13,419.7,364.04,45.82,121.35,1,1,0.83799
118,15,1186.38,183.23,40.31,95.56,1,1,0.82725
118,19,1159.95,657.74,60.88,115.98,1,1,0.82739
118,20,1146.18,608.29,56.29,95.29,1,1,0.81704
118,3,1395.06,502.13,54.59,128.98,1,1,0.86145
118,21,1579.6,450.78,60.35,125.24,1,1,0.79779
118,17,1209.24,714.4,58.47,136.18,1,1,0.81986
118,25,1092.44,520.54,62.36,110.89,1,1,0.84895
118,18,399.3,148.03,46.73,101.25,1,1,0.82071
118,14,1475.96,485.84,55.19,111.28,1,1,0.84792
119,0,512.25,323.75,48.84,95.59,1,1,0.80863
119,1,295.06,147.16,48.37,109.78,1,1,0.84575
119,2,1026.06,538.37,56.17,134.78,1,1,0.85032
119,4,1296.54,163.61,46.91,114.03,1,1,0.8428
119,5,1123.38,383.84,58.44,108.63,1,1,0.86548
119,6,895.0,420.8,45.5,113.82,1,1,0.83709
119,7,1303.33,294.02,72.16,105.94,1,1,0.85345
119,8,1228.64,641.11,92.85,119.92,1,1,0.86875
119,9,946.36,357.35,51.87,116.86,1,1,0.8521
119,10,431.31,548.75,51.65,109.33,1,1,0.84307
119,11,1646.99,315.75,53.95,125.04,1,1,0.85512
119,12,1075.07,666.84,72.19,125.37,1,1,0.85996
119,13,423.59,360.58,45.03,112.95,1,1,0.84517
119,15,1186.23,181.55,40.83,99.86,1,1,0.83263
119,19,1152.58,657.16,66.06,114.96,1,1,0.85004
119,20,1148.05,614.23,54.82,91.31,1,1,0.78294
119,3,1395.2,500.09,53.97,130.67,1,1,0.86088
119,21,1578.52,446.8,59.48,124.06,1,1,0.79098
119,17,1210.65,713.35,58.42,137.19,1,1,0.83582
119,25,1097.34,519.78,58.21,118.64,1,1,0.84329
119,18,393.21,147.18,50.66,101.95,1,1,0.83301
119,14,1478.84,482.55,53.13,112.51,1,1,0.84995
120,0,515.14,319.51,45.66,97.84,1,1,0.78359
120,1,287.44,146.22,48.74,112.32,1,1,0.83651
120,2,1023.18,536.73,53.68,131.3,1,1,0.83672
120,4,1295.26,160.62,47.49,118.52,1,1,0.82566
120,5,1122.04,380.71,56.12,107.13,1,1,0.83953
120,6,894.03,418.61,46.63,113.58,1,1,0.82579
120,7,1314.16,292.9,65.27,100.4,1,1,0.83731
120,8,1222.14,639.45,91.92,115.63,1,1,0.85535
120,9,945.6,355.75,51.74,116.98,1,1,0.84555
120,10,422.94,548.3,50.63,111.2,1,1,0.83399
120,11,1643.39,312.9,54.42,124.94,1,1,0.84354
120,12,1074.35,663.99,68.19,123.16,1,1,0.83938
120,13,427.67,357.85,43.57,110.79,1,1,0.8259
120,15,1185.23,178.9,41.34,102.73,1,1,0.81737
120,19,1146.36,655.07,70.66,115.82,1,1,0.83954
120,20,1146.91,619.55,61.99,94.33,1,1,0.81199
120,3,1395.57,497.9,53.79,131.89,1,1,0.84364
120,21,1579.23,443.38,57.09,122.66,1,1,0.82061
120,17,1212.21,712.38,56.43,138.09,1,1,0.82513
120,25,1100.81,519.81,54.45,121.86,1,1,0.84183
120,18,386.03,145.76,55.76,104.56,1,1,0.82499
120,14,1481.92,479.48,50.21,115.3,1,1,0.83424
121,0,517.44,315.72,44.84,100.76,1,1,0.79464
121,1,279.59,145.38,51.02,113.23,1,1,0.82118
121,2,1019.33,535.72,51.66,129.49,1,1,0.84181
121,4,1295.04,158.02,47.17,122.29,1,1,0.808
121,5,1119.52,378.12,53.19,108.59,1,1,0.84256
121,6,893.29,416.47,46.98,116.16,1,1,0.82853
121,7,1327.92,292.47,57.67,94.95,1,1,0.82977
121,8,1214.18,638.92,91.12,110.41,1,1,0.85898
121,9,943.83,354.93,52.22,118.18,1,1,0.84526
121,10,413.82,549.19,50.01,111.73,1,1,0.83793
121,11,1639.88,310.22,53.86,123.65,1,1,0.84629
121,12,1071.76,661.47,67.03,123.45,1,1,0.85303
121,13,430.33,356.18,43.8,112.43,1,1,0.83144
121,15,1183.34,176.7,41.63,104.34,1,1,0.79361
121,19,1140.74,653.6,73.44,116.59,1,1,0.84391
121,20,1145.57,625.78,65.82,94.44,1,1,0.83563
121,3,1395.83,495.82,53.46,133.11,1,1,0.83393
121,21,1579.69,439.3,56.89,117.73,1,1,0.83615
121,17,1213.07,711.88,55.74,138.06,1,1,0.83231
121,25,1103.25,521.06,51.53,123.16,1,1,0.84579
121,18,379.4,144.7,51.26,96.75,1,1,0.8086
121,14,1483.78,475.68,48.76,118.22,1,1,0.8312
122,0,518.67,312.39,45.95,104.98,1,1,0.82973
122,1,270.8,144.11,56.92,114.72,1,1,0.83656
122,2,1014.99,535.19,50.87,126.98,1,1,0.85003
122,4,1294.01,156.06,46.5,117.57,1,1,0.82083
122,5,1115.32,376.4,54.61,110.32,1,1,0.8493
122,6,893.88,413.08,46.68,122.84,1,1,0.82888
122,7,1330.17,293.75,58.81,91.67,1,1,0.84605
122,8,1207.63,638.95,87.91,104.65,1,1,0.86657
122,9,941.5,353.76,52.53,121.8,1,1,0.85145
122,10,403.84,548.94,51.34,114.75,1,1,0.84737
122,11,1635.4,308.03,52.99,121.03,1,1,0.84413
122,12,1069.15,659.69,65.77,122.71,1,1,0.85131
122,13,433.11,354.38,43.88,115.48,1,1,0.82969
122,15,1182.4,174.72,41.7,97.74,1,1,0.81697
122,19,1135.64,652.95,74.99,117.43,1,1,0.83339
122,20,1143.55,631.11,69.44,92.07,1,1,0.82908
122,3,1395.69,493.69,53.38,132.86,1,1,0.83576
122,21,1578.65,436.77,56.92,114.93,1,1,0.83704
122,17,1213.63,711.97,56.71,138.58,1,1,0.84084
122,25,1106.03,522.53,49.19,125.68,1,1,0.84792
122,18,373.05,143.21,48.25,94.73,1,1,0.81891
122,14,1485.69,472.01,48.05,122.06,1,1,0.82803
123,0,521.72,309.77,45.47,100.17,1,1,0.83853
123,1,264.32,142.32,58.92,111.37,1,1,0.8411
123,2,1011.22,535.26,50.56,122.77,1,1,0.84845
123,4,1294.1,154.72,45.63,111.09,1,1,0.83077
123,5,1109.22,373.84,58.6,112.14,1,1,0.85136
123,6,893.9,409.97,46.65,122.23,1,1,0.83341
123,7,1329.1,293.92,64.28,91.22,1,1,0.85533
123,8,1201.21,639.04,82.67,98.36,1,1,0.84814
123,9,938.89,351.78,52.24,124.83,1,1,0.83416
123,10,396.82,548.08,52.13,115.91,1,1,0.83126
123,11,1628.04,306.45,55.59,119.98,1,1,0.848
123,12,1066.47,658.88,62.86,122.24,1,1,0.8437
123,13,435.66,351.19,44.51,118.56,1,1,0.82982
123,15,1180.93,173.06,41.04,96.23,1,1,0.81675
123,19,1131.63,652.14,65.49,119.82,1,1,0.79839
123,20,1145.78,635.93,66.84,88.7,1,1,0.79756
123,3,1395.97,491.85,53.61,134.2,1,1,0.82428
123,21,1577.61,434.7,57.65,115.9,1,1,0.84033
123,17,1213.86,712.09,56.53,139.44,1,1,0.83228
123,25,1107.37,524.01,47.17,127.09,1,1,0.83718
123,18,365.45,142.69,46.32,96.11,1,1,0.82525
123,14,1486.86,468.79,48.47,124.32,1,1,0.82113
124,0,523.56,307.54,46.64,101.49,1,1,0.83897
124,1,257.62,141.37,58.11,105.67,1,1,0.84289
124,2,1008.16,535.82,51.41,122.77,1,1,0.85673
124,4,1293.74,154.2,44.75,103.85,1,1,0.83724
124,5,1104.36,371.95,60.94,115.25,1,1,0.84702
124,6,894.26,407.1,46.03,121.88,1,1,0.84357
124,7,1327.05,295.24,71.68,91.36,1,1,0.86237
124,8,1194.92,639.53,73.85,93.85,1,1,0.84274
124,9,937.75,349.64,50.83,127.42,1,1,0.84397
124,10,389.66,547.43,55.18,113.73,1,1,0.84136
124,11,1622.56,304.25,58.24,119.7,1,1,0.85131
124,12,1063.15,657.73,59.98,124.15,1,1,0.8465
124,13,438.68,347.79,44.17,121.53,1,1,0.83183
124,15,1179.91,172.43,40.94,94.34,1,1,0.83207
124,19,1127.5,652.35,65.59,121.3,1,1,0.81325
124,20,1143.86,640.94,64.96,83.92,1,1,0.77432
124,3,1395.97,491.41,53.62,131.44,1,1,0.83218
124,21,1577.88,432.95,58.63,118.43,1,1,0.84308
124,17,1214.54,712.63,55.45,140.45,1,1,0.83816
124,25,1108.25,526.86,47.11,126.35,1,1,0.84233
124,18,359.43,143.5,46.35,98.29,1,1,0.83529
124,14,1487.65,466.45,49.23,121.47,1,1,0.82306
125,0,524.8,306.02,47.94,104.43,1,1,0.85655
125,1,253.35,141.67,55.82,103.29,1,1,0.84897
125,2,1004.32,535.6,52.85,124.59,1,1,0.86648
125,4,1292.95,154.62,44.77,101.62,1,1,0.84908
125,5,1100.93,370.41,59.39,114.43,1,1,0.83975
125,6,894.73,404.97,45.47,117.32,1,1,0.85653
125,7,1325.52,295.2,78.03,93.94,1,1,0.87296
125,8,1188.37,639.65,67.04,93.14,1,1,0.85442
125,9,937.77,347.66,49.24,127.49,1,1,0.84625
125,10,380.82,546.78,60.8,111.22,1,1,0.86115
125,11,1618.04,302.62,59.99,118.94,1,1,0.8598
125,12,1059.77,656.62,58.03,126.15,1,1,0.85831
125,13,442.43,344.63,43.55,115.4,1,1,0.84273
125,15,1177.9,172.53,41.73,95.47,1,1,0.84499
125,19,1122.83,650.89,61.94,125.35,1,1,0.80496
125,20,1135.82,645.15,70.97,81.06,1,1,0.78323
125,3,1396.36,491.59,53.69,127.81,1,1,0.85279
125,21,1576.22,430.57,59.68,120.05,1,1,0.84044
125,17,1214.77,715.1,55.93,139.39,1,1,0.85308
125,25,1108.92,529.63,46.51,121.71,1,1,0.84768
125,18,353.31,144.06,46.39,100.27,1,1,0.84602
125,14,1488.07,465.29,49.36,114.08,1,1,0.84704
126,0,525.34,303.84,49.95,108.25,1,1,0.84914
126,1,248.77,142.82,53.6,104.43,1,1,0.8406
126,2,1001.43,535.17,52.61,127.32,1,1,0.85344
126,4,1293.29,154.64,44.99,102.9,1,1,0.84155
126,5,1099.63,369.36,55.52,110.84,1,1,0.84884
126,6,896.11,404.31,43.74,111.53,1,1,0.85078
126,7,1329.59,295.67,80.55,92.85,1,1,0.85858
126,8,1181.24,639.81,64.96,94.72,1,1,0.84585
126,9,939.18,346.1,48.05,122.69,1,1,0.84732
126,10,370.37,546.6,68.52,109.52,1,1,0.86713
126,11,1615.75,302.36,60.18,117.46,1,1,0.85188
126,12,1057.01,655.23,57.29,127.27,1,1,0.85273
126,13,445.73,342.71,42.55,107.35,1,1,0.83897
126,15,1175.72,173.11,41.81,96.09,1,1,0.83334
126,19,1116.08,650.0,59.48,128.25,1,1,0.80946
126,20,1132.89,649.98,70.05,75.43,1,1,0.74267
126,3,1397.26,492.37,53.12,123.28,1,1,0.84422
126,21,1575.86,428.91,58.09,122.62,1,1,0.81678
126,17,1216.47,717.07,55.89,139.12,1,1,0.85087
126,25,1109.45,531.82,46.02,120.79,1,1,0.84611
126,18,344.85,143.96,49.99,101.11,1,1,0.83146
126,14,1489.45,465.45,48.3,107.27,1,1,0.83846
127,0,526.31,301.68,52.18,110.45,1,1,0.84258
127,1,244.65,144.89,50.91,105.56,1,1,0.84138
127,2,996.43,535.79,54.03,129.18,1,1,0.85414
127,4,1293.13,154.94,45.56,105.22,1,1,0.83831
127,5,1098.27,369.86,51.46,106.98,1,1,0.84858
127,6,897.84,404.12,43.35,112.1,1,1,0.84997
127,7,1338.14,294.58,82.2,94.15,1,1,0.83273
127,8,1172.74,640.54,62.94,98.5,1,1,0.8389
127,9,940.01,345.64,47.7,118.68,1,1,0.85461
127,10,362.07,547.0,72.82,108.88,1,1,0.86369
127,11,1614.53,302.39,59.07,116.2,1,1,0.84929
127,12,1054.01,654.39,56.47,126.72,1,1,0.8484
127,13,447.6,341.79,43.74,106.62,1,1,0.83547
127,15,1173.5,174.26,41.92,97.61,1,1,0.83342
127,19,1107.47,651.24,60.95,128.79,1,1,0.82272
127,20,1130.11,653.01,62.05,89.34,1,1,0.77888
127,3,1397.09,493.74,53.2,120.85,1,1,0.84131
127,21,1572.23,427.02,58.27,124.58,1,1,0.83291
127,17,1216.93,718.2,56.25,139.54,1,1,0.85688
127,25,1108.97,533.82,46.61,122.79,1,1,0.85436
127,18,337.14,145.27,52.2,97.9,1,1,0.8312
127,14,1490.6,466.57,48.24,105.31,1,1,0.83686
128,0,529.29,299.58,53.27,109.19,1,1,0.84558
128,1,240.91,146.37,48.05,102.7,1,1,0.81404
128,2,993.36,535.8,54.59,130.24,1,1,0.85428
128,4,1292.92,154.96,44.35,107.48,1,1,0.83578
128,5,1094.94,370.53,50.73,105.86,1,1,0.83721
128,6,899.09,404.16,44.61,113.88,1,1,0.84804
128,7,1347.35,294.12,78.91,96.21,1,1,0.83483
128,8,1166.57,641.66,60.93,101.54,1,1,0.84706
128,9,940.16,346.07,47.27,116.95,1,1,0.84984
128,10,357.51,548.85,67.29,108.09,1,1,0.85183
128,11,1613.76,302.71,57.17,114.96,1,1,0.84556
128,12,1052.13,654.2,55.59,119.48,1,1,0.83212
128,13,449.43,341.9,44.47,106.6,1,1,0.83603
128,15,1171.53,175.76,41.58,98.15,1,1,0.84013
128,19,1100.2,652.92,58.48,128.46,1,1,0.84062
128,20,1127.53,655.9,57.64,95.58,1,1,0.80675
128,3,1396.81,494.32,52.36,121.6,1,1,0.84105
128,21,1569.12,426.77,57.99,121.11,1,1,0.83452
128,17,1216.71,719.27,56.15,140.01,1,1,0.85733
128,25,1108.87,535.83,46.67,124.33,1,1,0.85528
128,18,330.24,146.3,57.83,96.88,1,1,0.83918
128,14,1492.47,467.27,47.15,106.78,1,1,0.83286
129,0,534.21,297.13,51.19,103.77,1,1,0.84036
129,1,236.26,147.18,46.28,99.63,1,1,0.78492
129,2,989.28,535.39,54.34,128.86,1,1,0.84187
129,4,1291.94,155.03,43.25,107.83,1,1,0.82548
129,5,1091.42,370.99,50.54,106.28,1,1,0.8399
129,6,898.81,403.25,45.38,117.78,1,1,0.83573
129,7,1357.2,293.81,74.91,99.82,1,1,0.82824
129,8,1161.65,643.2,59.96,103.02,1,1,0.83084
129,9,940.02,347.15,46.59,114.35,1,1,0.83362
129,10,353.48,550.7,61.81,109.16,1,1,0.85469
129,11,1613.6,303.82,53.63,111.43,1,1,0.8407
129,12,1050.88,654.2,53.51,115.36,1,1,0.83745
129,13,452.0,342.31,44.05,109.21,1,1,0.83628
129,15,1170.08,176.88,41.34,100.73,1,1,0.82564
129,19,1093.88,654.17,55.63,127.18,1,1,0.83202
129,20,1123.97,658.29,55.63,100.02,1,1,0.81287
129,3,1396.09,494.78,51.45,123.89,1,1,0.83192
129,21,1566.73,426.65,56.85,114.75,1,1,0.83132
129,17,1217.61,721.78,54.87,138.94,1,1,0.84824
129,25,1108.75,537.35,46.61,125.8,1,1,0.84949
129,18,324.79,148.31,54.61,90.76,1,1,0.82609
129,14,1494.22,467.46,46.71,108.1,1,1,0.82786
130,0,541.41,296.24,47.56,99.04,1,1,0.8433
130,1,231.34,149.02,45.28,102.2,1,1,0.80732
130,2,986.13,535.86,54.07,127.33,1,1,0.84813
130,4,1290.34,155.56,43.15,108.77,1,1,0.82195
130,5,1088.18,370.46,50.62,107.13,1,1,0.83855
130,6,900.57,402.56,45.14,121.2,1,1,0.83397
130,7,1368.05,292.89,70.47,105.3,1,1,0.83979
130,8,1155.61,645.13,65.2,108.02,1,1,0.84092
130,9,940.23,347.65,45.53,111.14,1,1,0.82862
130,10,349.15,552.08,56.2,110.72,1,1,0.84473
130,11,1613.96,306.15,50.43,109.34,1,1,0.83465
130,12,1047.78,654.56,52.74,114.45,1,1,0.83814
130,13,454.49,341.7,44.59,114.89,1,1,0.83498
130,15,1168.56,179.51,41.61,96.52,1,1,0.83063
130,19,1087.43,656.69,54.02,124.53,1,1,0.82663
130,20,1117.76,661.87,58.9,101.53,1,1,0.82029
130,3,1395.16,495.04,51.08,126.66,1,1,0.83003
130,21,1563.32,426.92,55.78,109.16,1,1,0.83434
130,17,1217.33,724.79,54.35,137.21,1,1,0.84673
130,25,1108.88,539.13,46.79,126.92,1,1,0.85122
130,18,319.93,150.4,51.19,93.72,1,1,0.82152
130,14,1495.5,467.34,46.83,109.17,1,1,0.83006
131,0,547.15,296.0,45.09,100.01,1,1,0.83899
131,1,226.78,151.68,46.07,102.99,1,1,0.82782
131,2,982.15,536.79,54.28,123.49,1,1,0.8503
131,4,1288.77,156.51,43.77,106.41,1,1,0.83475
131,5,1083.13,370.14,51.51,109.98,1,1,0.83307
131,6,902.76,401.84,44.91,118.52,1,1,0.84003
131,7,1378.01,293.03,68.84,108.71,1,1,0.83836
131,8,1149.86,648.12,64.55,111.19,1,1,0.85364
131,9,940.8,348.24,44.01,108.53,1,1,0.82078
131,10,345.48,552.72,50.28,112.89,1,1,0.83804
131,11,1614.16,310.08,47.48,107.56,1,1,0.82432
131,12,1045.39,655.1,52.76,114.15,1,1,0.83077
131,13,458.71,341.66,43.75,109.72,1,1,0.80783
131,15,1167.13,181.66,43.21,91.19,1,1,0.83594
131,19,1082.0,660.93,51.78,120.93,1,1,0.82977
131,20,1113.16,665.23,61.17,102.07,1,1,0.81809
131,3,1394.95,495.33,50.56,127.9,1,1,0.82888
131,21,1559.88,427.8,56.02,107.94,1,1,0.83144
131,17,1217.21,727.58,54.21,134.91,1,1,0.84804
131,25,1109.36,540.58,46.85,128.68,1,1,0.85274
131,18,313.62,153.95,48.83,92.85,1,1,0.84237
131,14,1496.36,466.79,48.27,112.75,1,1,0.82278
132,0,550.77,295.53,43.62,103.54,1,1,0.84528
132,1,221.63,154.73,47.81,104.19,1,1,0.85281
132,2,979.34,538.7,53.66,119.52,1,1,0.86413
132,4,1287.4,157.31,44.08,103.21,1,1,0.85113
132,5,1078.22,370.37,51.75,106.65,1,1,0.86078
132,6,902.44,401.16,45.95,114.85,1,1,0.85007
132,7,1383.34,291.47,71.94,113.39,1,1,0.85224
132,8,1142.76,650.41,63.39,113.01,1,1,0.86852
132,9,941.04,348.63,44.38,110.06,1,1,0.83493
132,10,339.96,552.59,50.38,116.04,1,1,0.85128
132,11,1612.42,313.87,47.14,110.26,1,1,0.84603
132,12,1042.08,656.41,51.51,111.96,1,1,0.84566
132,13,463.08,340.85,44.04,106.91,1,1,0.86146
132,15,1165.07,185.1,45.24,88.07,1,1,0.84864
132,19,1075.0,664.69,50.34,119.5,1,1,0.83341
132,20,1106.9,667.72,67.28,102.89,1,1,0.84698
132,3,1394.13,495.84,51.09,129.01,1,1,0.84679
132,21,1555.2,427.44,57.1,110.22,1,1,0.86111
132,17,1215.37,730.4,55.74,132.22,1,1,0.86407
132,25,1109.89,542.15,47.98,128.12,1,1,0.86304
132,18,306.53,157.17,54.07,95.31,1,1,0.87206
132,14,1497.11,466.43,49.88,114.95,1,1,0.84025
133,0,555.05,295.53,42.44,105.81,1,1,0.83309
133,1,211.17,158.32,53.47,101.28,1,1,0.84974
133,2,976.43,540.98,53.42,118.2,1,1,0.85452
133,4,1286.54,160.05,44.1,98.55,1,1,0.84752
133,5,1075.05,371.29,49.75,99.57,1,1,0.85077
133,6,903.93,401.45,44.99,105.8,1,1,0.83856
133,7,1388.34,293.94,73.06,113.17,1,1,0.85532
133,8,1135.48,653.2,64.52,110.92,1,1,0.8548
133,9,940.49,350.2,44.15,107.99,1,1,0.83637
133,10,335.12,552.99,49.68,116.34,1,1,0.83892
133,11,1610.33,318.4,47.16,112.53,1,1,0.84013
133,12,1038.6,657.33,47.84,106.02,1,1,0.81564
133,13,467.1,341.04,43.18,101.35,1,1,0.84832
133,15,1161.6,189.84,48.41,86.57,1,1,0.84341
133,19,1068.15,670.28,51.19,118.02,1,1,0.82699
133,20,1102.32,670.64,71.99,104.1,1,1,0.85929
133,3,1393.2,496.84,51.09,129.59,1,1,0.83904
133,21,1551.27,428.41,58.66,112.51,1,1,0.85762
133,17,1214.89,733.36,55.42,130.09,1,1,0.85932
133,25,1110.05,544.45,48.48,125.52,1,1,0.85418
133,18,300.42,160.58,60.41,95.37,1,1,0.87405
133,14,1497.32,467.05,51.1,114.41,1,1,0.84092
134,0,558.95,295.54,42.09,107.74,1,1,0.82535
134,1,199.72,162.51,57.31,100.24,1,1,0.81917
134,2,974.87,543.61,53.73,117.82,1,1,0.84469
134,4,1286.65,163.37,43.73,96.48,1,1,0.84643
134,5,1073.77,371.55,46.77,101.18,1,1,0.84846
134,6,906.5,402.65,43.21,105.4,1,1,0.83648
134,7,1392.89,298.19,74.36,109.35,1,1,0.85494
134,8,1129.18,656.96,63.37,109.58,1,1,0.83601
134,9,939.78,351.99,44.24,107.25,1,1,0.83379
134,10,329.05,554.25,50.31,115.38,1,1,0.8452
134,11,1608.77,321.96,47.11,113.7,1,1,0.84064
134,12,1034.99,657.5,47.48,100.54,1,1,0.80854
134,13,470.76,342.09,42.83,103.19,1,1,0.8464
134,15,1157.18,191.57,53.3,89.7,1,1,0.85633
134,19,1058.98,677.05,55.29,116.09,1,1,0.81608
134,20,1097.93,673.85,74.73,104.23,1,1,0.84724
134,3,1392.79,498.56,50.73,129.14,1,1,0.83356
134,21,1546.9,429.04,60.32,113.84,1,1,0.85045
134,17,1214.89,735.92,54.62,128.76,1,1,0.85574
134,25,1109.9,546.76,48.92,122.01,1,1,0.85165
134,18,294.81,164.63,63.56,90.52,1,1,0.87472
134,14,1498.41,467.85,51.91,112.5,1,1,0.83372
135,0,562.14,295.81,42.82,104.48,1,1,0.84235
135,1,191.42,166.95,59.65,102.24,1,1,0.82964
135,2,972.8,545.36,54.88,119.54,1,1,0.85265
135,4,1285.12,166.65,43.64,96.74,1,1,0.85146
135,5,1070.12,372.79,47.41,102.39,1,1,0.84736
135,6,907.44,403.88,44.27,107.56,1,1,0.84157
135,7,1398.61,302.5,79.12,104.68,1,1,0.85666
135,8,1122.81,662.87,61.66,111.51,1,1,0.85424
135,9,939.03,354.48,44.32,108.11,1,1,0.83987
135,10,323.38,555.76,50.87,112.5,1,1,0.8464
135,11,1607.1,325.31,48.13,113.05,1,1,0.85218
135,12,1031.02,656.59,48.15,99.11,1,1,0.81031
135,13,473.94,343.33,44.02,105.75,1,1,0.85353
135,15,1151.74,192.94,58.46,92.33,1,1,0.87153
135,19,1049.29,683.21,62.96,116.69,1,1,0.83276
135,20,1092.9,677.72,77.63,105.34,1,1,0.82826
135,3,1392.03,500.86,50.8,127.58,1,1,0.83902
135,21,1542.68,430.14,61.8,115.99,1,1,0.85702
135,17,1214.43,737.81,54.46,129.08,1,1,0.86411
135,25,1108.88,549.52,49.29,122.24,1,1,0.85954
135,18,288.08,168.56,63.85,85.91,1,1,0.87362
135,14,1499.82,469.94,53.1,110.47,1,1,0.8409
136,0,566.95,295.56,41.36,98.89,1,1,0.8439
136,1,185.78,169.77,59.15,101.05,1,1,0.8268
136,2,971.55,546.92,55.8,121.16,1,1,0.8499
136,4,1283.79,169.04,42.72,98.52,1,1,0.84899
136,5,1065.58,373.94,49.12,102.97,1,1,0.84536
136,6,907.64,404.49,44.79,110.43,1,1,0.84257
136,7,1404.94,307.02,77.68,100.87,1,1,0.8652
136,8,1116.65,667.93,63.82,113.06,1,1,0.865
136,9,937.85,356.05,44.99,110.49,1,1,0.83996
136,10,317.19,558.04,51.62,108.42,1,1,0.84591
136,11,1604.98,328.31,49.6,111.61,1,1,0.85464
136,12,1028.47,655.96,48.78,99.45,1,1,0.8011
136,13,477.28,344.23,44.6,107.91,1,1,0.85514
136,15,1145.68,194.74,60.46,91.19,1,1,0.86981
136,19,1040.29,688.15,63.18,118.31,1,1,0.82747
136,20,1086.3,682.42,75.84,106.09,1,1,0.8117
136,3,1391.15,503.98,50.18,123.77,1,1,0.84058
136,21,1538.06,430.55,60.86,115.86,1,1,0.85046
136,17,1214.39,739.27,53.68,129.91,1,1,0.86186
136,25,1107.95,552.78,49.88,122.94,1,1,0.85641
136,18,282.59,171.33,59.26,86.26,1,1,0.86448
136,14,1501.72,472.67,53.07,108.12,1,1,0.8349
137,0,571.71,297.27,40.54,95.84,1,1,0.85045
137,1,180.66,172.59,62.24,102.6,1,1,0.84947
137,2,970.43,549.07,55.79,119.44,1,1,0.85489
137,4,1282.94,171.62,41.94,100.29,1,1,0.84422
137,5,1060.64,374.76,52.01,103.87,1,1,0.85141
137,6,908.0,405.37,45.35,111.94,1,1,0.84231
137,7,1413.68,311.4,72.46,99.81,1,1,0.85455
137,8,1109.82,671.33,69.13,115.4,1,1,0.87418
137,9,935.91,356.98,45.77,114.16,1,1,0.83824
137,10,311.97,561.22,52.03,106.19,1,1,0.85205
137,11,1602.63,332.22,51.39,111.04,1,1,0.85673
137,12,1023.95,655.97,52.01,98.96,1,1,0.80685
137,13,482.05,344.49,44.0,107.42,1,1,0.82572
137,15,1140.9,197.29,57.19,88.22,1,1,0.86424
137,19,1031.72,694.46,63.73,119.3,1,1,0.82419
137,20,1079.54,688.23,78.25,108.91,1,1,0.83671
137,3,1390.41,507.86,50.09,120.76,1,1,0.84898
137,21,1533.09,431.84,59.5,112.51,1,1,0.86038
137,17,1212.02,741.35,54.87,130.74,1,1,0.86802
137,25,1107.98,557.29,50.16,123.86,1,1,0.85452
137,18,277.23,174.99,54.6,87.34,1,1,0.85721
137,14,1504.44,477.8,51.94,104.31,1,1,0.83279
138,0,575.57,298.49,40.76,97.88,1,1,0.84232
138,1,178.84,175.12,63.88,103.59,1,1,0.86999
138,2,968.7,550.93,54.77,117.72,1,1,0.85274
138,4,1282.83,174.02,40.1,100.18,1,1,0.84586
138,5,1054.72,376.2,53.9,105.49,1,1,0.85153
138,6,909.32,406.41,46.67,111.46,1,1,0.83749
138,7,1425.93,315.73,64.41,99.89,1,1,0.85265
138,8,1103.34,675.06,74.32,116.69,1,1,0.87365
138,9,934.85,357.76,46.62,116.56,1,1,0.84245
138,10,307.58,565.23,52.24,105.91,1,1,0.85491
138,11,1600.96,336.58,52.2,106.99,1,1,0.86216
138,12,1023.84,656.5,48.95,79.25,1,1,0.74668
138,13,486.14,344.64,43.8,107.16,1,1,0.84139
138,15,1135.57,200.5,54.2,82.35,1,1,0.86258
138,19,1023.42,699.96,61.01,121.36,1,1,0.82536
138,20,1074.79,693.8,80.22,112.26,1,1,0.84641
138,3,1389.7,511.87,49.85,116.39,1,1,0.85407
138,21,1528.67,433.39,57.52,105.51,1,1,0.85105
138,17,1211.08,743.23,54.8,130.87,1,1,0.87
138,25,1107.79,561.71,50.75,125.78,1,1,0.8627
138,18,271.03,178.72,52.7,88.9,1,1,0.85672
138,14,1507.62,481.44,50.91,102.83,1,1,0.82398
139,0,578.56,299.86,42.07,100.22,1,1,0.84044
139,1,176.48,178.24,64.98,101.14,1,1,0.87226
139,2,967.95,552.42,53.84,112.63,1,1,0.8509
139,4,1282.36,176.7,39.18,99.34,1,1,0.84337
139,5,1050.83,377.71,51.12,102.0,1,1,0.84546
139,6,911.51,408.03,47.57,104.26,1,1,0.83483
139,7,1438.37,320.79,58.37,101.24,1,1,0.8508
139,8,1095.87,678.34,79.54,116.5,1,1,0.8707
139,9,933.61,358.47,46.86,115.82,1,1,0.8437
139,10,302.07,569.48,53.86,108.36,1,1,0.85164
139,11,1599.59,340.34,53.25,103.71,1,1,0.86486
139,12,1021.96,657.48,50.21,91.92,1,1,0.79299
139,13,490.04,345.26,43.64,102.31,1,1,0.85446
139,15,1131.11,203.78,51.91,79.59,1,1,0.8632
139,19,1015.7,706.84,57.21,120.26,1,1,0.83807
139,20,1071.62,700.2,77.48,115.57,1,1,0.8432
139,3,1389.32,515.49,49.42,114.82,1,1,0.85168
139,21,1524.64,435.41,55.12,99.75,1,1,0.83538
139,17,1210.66,745.32,54.98,130.54,1,1,0.86189
139,25,1108.54,566.76,51.26,126.59,1,1,0.86197
139,18,264.46,181.84,55.03,91.72,1,1,0.87173
139,14,1510.35,484.8,49.17,102.32,1,1,0.81037
140,0,582.61,300.75,42.03,102.39,1,1,0.83356
140,1,174.92,181.57,61.51,97.75,1,1,0.86729
140,2,967.18,555.01,53.17,111.2,1,1,0.85351
140,4,1281.22,179.57,39.12,98.01,1,1,0.84829
140,5,1048.49,379.43,48.04,98.51,1,1,0.83941
140,6,913.71,409.29,47.76,97.39,1,1,0.83714
140,7,1449.2,326.76,52.8,103.66,1,1,0.84998
140,8,1089.02,681.39,84.24,114.89,1,1,0.86797
140,9,932.44,360.06,46.2,114.21,1,1,0.83877
140,10,299.01,572.3,53.5,109.57,1,1,0.84807
140,11,1599.42,343.54,53.15,102.33,1,1,0.85951
140,12,1020.45,658.78,50.37,94.54,1,1,0.8027
140,13,494.41,346.32,42.78,95.94,1,1,0.85199
140,15,1127.23,208.19,52.08,78.78,1,1,0.85951
140,19,1009.25,712.02,53.54,119.62,1,1,0.83545
140,20,1069.26,705.63,73.04,119.91,1,1,0.83281
140,3,1388.32,518.45,49.1,115.72,1,1,0.84807
140,21,1520.32,437.39,54.45,99.16,1,1,0.83006
140,17,1209.99,748.41,54.24,129.08,1,1,0.85677
140,25,1108.42,572.13,51.54,127.28,1,1,0.86475
140,18,256.28,185.19,60.76,92.34,1,1,0.88126
140,14,1513.57,486.69,46.51,102.82,1,1,0.80617
141,0,587.15,301.89,43.27,102.58,1,1,0.82608
141,1,173.84,186.02,57.57,97.08,1,1,0.86556
141,2,966.8,557.42,51.96,110.69,1,1,0.84837
141,4,1279.75,183.23,39.09,95.98,1,1,0.84839
141,5,1045.98,382.28,46.06,96.05,1,1,0.83992
141,6,916.36,412.52,47.51,92.27,1,1,0.83582
141,7,1457.97,333.98,47.19,105.12,1,1,0.84938
141,8,1083.26,686.27,85.48,109.78,1,1,0.86777
141,9,931.92,362.85,45.51,107.65,1,1,0.83895
141,10,296.26,574.12,53.08,111.23,1,1,0.84453
141,11,1599.82,346.77,52.47,102.95,1,1,0.85343
141,12,1019.28,660.1,51.3,99.03,1,1,0.82043
141,13,498.41,348.56,43.25,95.79,1,1,0.84531
141,15,1122.03,211.73,54.24,81.9,1,1,0.85184
141,19,1000.89,716.91,54.37,118.86,1,1,0.84197
141,20,1067.78,712.94,65.74,120.41,1,1,0.82495
141,3,1388.08,521.02,48.16,118.58,1,1,0.84923
141,21,1517.0,440.12,54.25,99.94,1,1,0.81914
141,17,1208.37,752.27,54.54,128.05,1,1,0.85869
141,25,1109.05,577.83,50.99,127.38,1,1,0.85967
141,18,249.15,189.66,53.95,85.29,1,1,0.82258
141,14,1516.69,488.47,45.07,104.35,1,1,0.80182
142,0,592.73,302.42,42.98,100.37,1,1,0.83316
142,1,173.44,190.26,53.15,97.62,1,1,0.85782
142,2,968.1,559.68,50.47,110.1,1,1,0.84347
142,4,1278.34,186.73,40.11,91.83,1,1,0.85257
142,5,1043.76,384.57,45.98,96.19,1,1,0.84008
142,6,918.46,415.3,48.34,92.13,1,1,0.84182
142,7,1468.34,340.92,41.78,105.8,1,1,0.82785
142,8,1079.82,690.26,83.54,105.83,1,1,0.86465
142,9,931.24,365.27,45.83,101.54,1,1,0.83814
142,10,289.66,575.75,55.73,112.0,1,1,0.85101
142,11,1602.3,349.61,50.93,105.28,1,1,0.85155
142,12,1017.85,661.13,51.26,104.21,1,1,0.82063
142,13,501.56,350.31,44.5,95.0,1,1,0.84538
142,15,1117.01,214.7,54.17,79.75,1,1,0.82895
142,19,993.5,720.41,58.52,118.15,1,1,0.84653
142,20,1063.0,719.31,58.36,120.18,1,1,0.82735
142,3,1388.16,523.26,47.78,119.95,1,1,0.85274
142,21,1513.73,441.68,51.99,84.65,1,1,0.76164
142,17,1206.65,756.8,55.32,125.86,1,1,0.8645
142,25,1109.74,583.2,51.04,126.39,1,1,0.85851
142,18,243.24,192.54,43.59,81.84,1,1,0.83379
142,14,1519.81,489.64,46.71,107.28,1,1,0.8295
143,0,598.13,303.5,42.42,95.29,1,1,0.83996
143,1,173.6,193.54,47.81,98.72,1,1,0.85976
143,2,967.52,561.13,50.9,110.25,1,1,0.84946
143,4,1276.64,191.24,41.61,89.74,1,1,0.85797
143,5,1042.03,386.0,45.97,97.63,1,1,0.84934
143,6,919.46,416.66,49.57,96.41,1,1,0.84897
143,7,1476.33,347.21,39.85,105.51,1,1,0.83026
143,8,1076.15,693.11,78.75,103.59,1,1,0.87064
143,9,930.64,367.62,48.36,99.3,1,1,0.83791
143,10,282.96,579.06,60.83,109.14,1,1,0.86275
143,11,1604.28,352.04,50.28,106.72,1,1,0.85167
143,12,1017.3,661.65,50.52,102.83,1,1,0.82997
143,13,506.8,351.05,44.64,86.3,1,1,0.84938
143,15,1113.07,218.11,55.74,77.91,1,1,0.85404
143,19,985.96,723.62,63.58,117.38,1,1,0.85858
143,20,1057.15,724.95,58.04,120.16,1,1,0.83431
143,3,1388.41,525.43,47.27,120.35,1,1,0.85208
143,21,1509.63,442.89,51.26,74.96,1,1,0.80855
143,17,1205.21,760.63,55.55,125.28,1,1,0.87206
143,25,1110.65,588.31,50.95,125.31,1,1,0.85984
143,18,236.26,196.24,43.14,83.56,1,1,0.84461
143,14,1521.51,492.86,46.27,105.91,1,1,0.82994
144,0,604.47,304.69,41.4,93.03,1,1,0.83725
144,1,174.48,196.06,44.37,101.2,1,1,0.8527
144,2,968.13,562.28,50.79,112.61,1,1,0.84242
144,4,1275.52,196.09,43.08,88.28,1,1,0.85763
144,5,1040.92,387.18,47.1,99.42,1,1,0.85282
144,6,920.39,417.42,51.02,100.83,1,1,0.8439
144,7,1484.06,352.06,39.74,105.3,1,1,0.8364
144,8,1072.99,696.12,72.75,103.46,1,1,0.86892
144,9,930.48,369.57,50.41,101.02,1,1,0.82682
144,10,279.25,582.03,63.03,105.87,1,1,0.86796
144,11,1606.31,354.94,50.13,107.17,1,1,0.846
144,12,1016.15,661.61,51.23,112.5,1,1,0.82968
144,13,512.5,351.58,44.6,91.85,1,1,0.81748
144,15,1109.02,222.15,51.96,71.55,1,1,0.85667
144,19,978.99,727.11,67.96,117.22,1,1,0.86076
144,20,1053.75,731.04,59.25,119.11,1,1,0.82284
144,3,1388.27,527.36,47.06,120.58,1,1,0.84721
144,21,1505.31,444.34,50.72,74.68,1,1,0.80076
144,17,1204.17,764.05,55.77,125.81,1,1,0.87371
144,25,1111.29,592.42,51.17,125.73,1,1,0.86255
144,18,230.09,199.75,43.25,84.95,1,1,0.84092
144,14,1521.86,494.89,44.77,105.12,1,1,0.82383
145,0,609.68,306.54,41.48,95.14,1,1,0.83276
145,1,174.48,199.36,44.82,102.9,1,1,0.84885
145,2,968.04,563.11,51.07,115.54,1,1,0.83987
145,4,1275.51,201.05,43.81,89.71,1,1,0.85397
145,5,1038.98,389.0,47.33,98.86,1,1,0.84927
145,6,921.23,418.74,50.91,100.43,1,1,0.83557
145,7,1489.18,357.13,43.17,104.53,1,1,0.83136
145,8,1070.27,699.42,63.81,105.06,1,1,0.85161
145,9,930.5,372.09,50.01,99.17,1,1,0.8077
145,10,278.79,585.18,59.94,101.12,1,1,0.86322
145,11,1609.13,358.39,48.56,106.05,1,1,0.84386
145,12,1014.74,662.92,50.51,112.57,1,1,0.84836
145,13,518.32,352.45,44.8,96.69,1,1,0.84488
145,15,1106.24,227.21,51.92,71.63,1,1,0.85182
145,19,971.21,731.45,69.19,114.05,1,1,0.85563
145,20,1050.39,735.73,64.42,119.08,1,1,0.83469
145,3,1388.65,530.05,47.07,119.64,1,1,0.84422
145,21,1500.36,444.97,49.78,79.37,1,1,0.7949
145,17,1204.01,766.99,54.93,127.18,1,1,0.86848
145,25,1111.82,597.4,51.08,124.02,1,1,0.86093
145,18,225.58,203.39,41.44,85.55,1,1,0.83504
145,14,1523.36,499.0,44.68,101.13,1,1,0.81903
146,0,615.94,307.63,39.61,97.08,1,1,0.81209
146,1,172.89,203.61,45.97,100.56,1,1,0.84058
146,2,969.61,563.93,49.08,110.72,1,1,0.83157
146,4,1276.93,204.72,42.85,91.93,1,1,0.83732
146,5,1037.03,389.68,46.08,96.46,1,1,0.84379
146,6,922.94,420.32,49.32,95.39,1,1,0.83203
146,7,1492.42,360.94,47.75,103.05,1,1,0.81418
146,8,1067.72,701.48,54.36,108.1,1,1,0.83875
146,9,931.32,373.84,47.02,96.42,1,1,0.78872
146,10,279.83,587.91,53.97,99.36,1,1,0.84877
146,11,1612.51,361.79,47.06,104.4,1,1,0.83551
146,12,1014.55,664.41,49.46,108.14,1,1,0.8409
146,13,523.77,353.02,43.26,94.39,1,1,0.83785
146,15,1103.73,232.2,50.43,71.34,1,1,0.84284
146,19,965.09,735.65,71.34,112.8,1,1,0.84303
146,20,1049.52,739.72,61.31,119.28,1,1,0.85375
146,3,1389.05,532.66,46.62,119.81,1,1,0.83851
146,21,1495.73,447.24,49.8,83.96,1,1,0.80495
146,17,1205.08,768.84,53.55,128.75,1,1,0.85582
146,25,1112.61,601.12,51.29,121.8,1,1,0.85724
146,18,218.71,206.51,48.71,88.98,1,1,0.83836
146,14,1525.14,502.32,44.54,102.8,1,1,0.81694
147,0,621.82,309.75,39.14,96.52,1,1,0.81198
147,1,171.91,207.59,46.7,95.29,1,1,0.85156
147,2,970.1,565.58,47.65,111.63,1,1,0.82893
147,4,1277.14,207.24,42.54,94.23,1,1,0.84916
147,5,1036.0,390.99,44.55,92.51,1,1,0.84996
147,6,924.36,422.46,48.33,85.55,1,1,0.83036
147,7,1499.33,365.02,50.54,100.84,1,1,0.81769
147,8,1065.68,703.58,50.94,109.81,1,1,0.82981
147,9,931.75,375.69,46.02,88.97,1,1,0.76808
147,10,280.6,590.08,49.77,99.26,1,1,0.85009
147,11,1615.48,365.96,45.93,100.35,1,1,0.84383
147,12,1014.39,666.6,48.09,103.76,1,1,0.83228
147,13,530.95,353.91,41.37,92.84,1,1,0.83246
147,15,1098.91,236.71,48.16,70.07,1,1,0.83555
147,19,959.73,738.85,65.86,116.18,1,1,0.82935
147,20,1050.6,743.49,59.48,119.28,1,1,0.8586
147,3,1389.01,536.39,46.58,117.72,1,1,0.84566
147,21,1490.57,448.33,49.37,89.6,1,1,0.82659
147,17,1205.91,770.45,53.69,129.63,1,1,0.85367
147,25,1114.82,605.17,50.26,118.5,1,1,0.85623
147,18,214.28,210.38,55.27,88.79,1,1,0.84524
147,14,1526.39,506.37,45.5,102.22,1,1,0.8233
148,0,627.2,311.08,39.85,98.01,1,1,0.81819
148,1,171.4,211.59,45.82,89.64,1,1,0.84748
148,2,972.02,566.83,45.75,110.31,1,1,0.82558
148,4,1277.71,209.2,41.36,96.38,1,1,0.84294
148,5,1035.39,392.79,42.95,92.24,1,1,0.84617
148,6,925.35,424.49,47.92,78.9,1,1,0.83002
148,7,1507.07,369.22,53.83,98.35,1,1,0.83622
148,8,1062.83,705.18,52.23,111.31,1,1,0.8338
148,9,931.15,377.24,44.94,84.94,1,1,0.76801
148,10,282.55,589.68,46.02,101.89,1,1,0.8421
148,11,1617.3,369.76,45.94,98.9,1,1,0.85049
148,12,1013.74,668.62,47.37,103.37,1,1,0.82689
148,13,539.13,355.34,39.84,94.32,1,1,0.8292
148,15,1094.49,240.13,50.45,70.99,1,1,0.81172
148,19,955.2,742.59,60.25,119.77,1,1,0.83313
148,20,1050.79,747.5,56.02,119.35,1,1,0.85039
148,3,1389.37,540.17,46.55,114.78,1,1,0.84321
148,21,1486.0,450.86,49.21,92.17,1,1,0.8286
148,17,1206.35,771.71,53.55,130.45,1,1,0.84984
148,25,1117.05,608.4,49.78,121.06,1,1,0.85057
148,18,210.95,213.91,57.81,85.18,1,1,0.84896
148,14,1528.37,510.38,45.31,100.28,1,1,0.81874
149,0,632.81,312.52,40.52,94.13,1,1,0.83483
149,1,170.79,215.13,46.75,88.66,1,1,0.85119
149,2,972.94,568.65,44.82,110.37,1,1,0.84762
149,4,1277.05,211.48,40.59,96.61,1,1,0.85707
149,5,1032.57,395.26,42.17,93.33,1,1,0.857
149,6,926.12,426.65,46.36,77.1,1,1,0.84177
149,7,1514.04,374.02,56.09,97.22,1,1,0.85922
149,8,1060.57,707.75,52.56,111.18,1,1,0.8533
149,9,931.9,379.63,43.66,81.8,1,1,0.77929
149,10,283.87,588.46,44.6,103.25,1,1,0.8477
149,11,1619.72,372.71,45.4,100.54,1,1,0.85804
149,12,1013.08,670.69,46.21,104.22,1,1,0.83816
149,13,545.9,356.5,39.61,94.54,1,1,0.84055
149,15,1089.44,242.8,50.74,66.68,1,1,0.83534
149,19,950.49,747.48,52.83,119.73,1,1,0.85008
149,20,1049.62,751.25,54.16,119.33,1,1,0.86561
149,3,1389.89,544.04,46.61,110.93,1,1,0.8587
149,21,1482.52,452.24,48.86,96.13,1,1,0.84245
149,17,1206.41,773.6,54.03,130.49,1,1,0.86232
149,25,1118.7,611.84,49.58,119.98,1,1,0.85899
149,18,209.05,217.8,51.42,80.53,1,1,0.82104
149,14,1530.31,512.61,45.61,100.2,1,1,0.83749
150,0,638.93,314.15,41.65,88.18,1,1,0.83435
150,1,167.83,218.73,45.88,88.15,1,1,0.82773
150,2,974.63,570.83,44.15,109.59,1,1,0.84292
150,4,1277.3,214.03,39.19,96.06,1,1,0.84671
150,5,1030.24,396.37,42.55,95.93,1,1,0.85535
150,6,926.97,428.08,47.13,79.59,1,1,0.84232
150,7,1521.12,378.55,55.45,97.89,1,1,0.85037
150,8,1058.59,710.45,52.44,108.05,1,1,0.83895
150,9,932.79,381.68,43.65,79.45,1,1,0.7659
150,10,284.73,587.49,44.33,108.21,1,1,0.83937
150,11,1622.4,375.26,45.95,101.7,1,1,0.8448
150,12,1015.19,671.34,44.68,106.38,1,1,0.83171
150,13,552.78,356.84,38.82,96.73,1,1,0.80959
150,15,1085.18,246.43,57.58,71.59,1,1,0.81962
150,19,945.37,751.54,48.62,119.35,1,1,0.84435
150,20,1048.84,755.13,53.43,118.66,1,1,0.85005
150,3,1390.45,547.1,46.45,109.43,1,1,0.85063
150,21,1478.82,454.26,51.08,100.53,1,1,0.8395
150,17,1207.46,775.11,53.61,131.53,1,1,0.85159
150,25,1120.53,615.17,50.05,116.37,1,1,0.85836
150,18,206.37,220.28,45.88,83.24,1,1,0.82863
150,14,1533.2,513.87,46.07,98.38,1,1,0.82795
151,0,645.54,315.48,41.8,85.98,1,1,0.83651
151,1,159.54,220.59,50.67,88.42,1,1,0.83624
151,2,974.93,572.54,43.93,109.05,1,1,0.84346
151,4,1278.04,216.23,39.06,94.53,1,1,0.84861
151,5,1028.42,397.2,43.99,95.83,1,1,0.8555
151,6,928.93,427.42,46.59,82.73,1,1,0.84175
151,7,1530.05,382.78,52.02,98.73,1,1,0.83885
151,8,1057.25,713.8,51.76,104.21,1,1,0.84003
151,9,933.63,383.58,44.26,71.33,1,1,0.73276
151,10,284.07,587.16,44.56,107.77,1,1,0.84007
151,11,1625.93,376.67,45.8,102.22,1,1,0.83929
151,12,1017.69,670.7,43.58,107.02,1,1,0.82554
151,13,558.57,356.23,39.02,97.97,1,1,0.82026
151,15,1080.96,246.62,60.85,71.06,1,1,0.84659
151,19,937.95,754.36,50.91,119.55,1,1,0.8575
151,20,1048.44,758.85,52.94,117.7,1,1,0.85178
151,3,1391.22,548.98,47.2,110.38,1,1,0.85411
151,21,1476.52,454.65,52.62,102.74,1,1,0.83609
151,17,1208.18,776.74,52.66,131.15,1,1,0.84462
151,25,1123.33,617.27,49.75,116.49,1,1,0.85066
151,18,201.94,222.23,42.01,86.27,1,1,0.82222
151,14,1537.41,514.09,46.68,98.41,1,1,0.83514
152,0,650.9,315.66,42.95,87.55,1,1,0.84057
152,1,155.89,221.34,50.86,89.67,1,1,0.82176
152,2,975.54,573.65,44.28,108.35,1,1,0.84024
152,4,1279.27,217.76,38.48,91.05,1,1,0.84559
152,5,1027.13,397.47,45.7,95.01,1,1,0.84961
152,6,929.62,424.99,46.08,88.34,1,1,0.84618
152,7,1537.97,385.78,48.11,100.23,1,1,0.82989
152,8,1055.52,717.15,49.67,102.32,1,1,0.82897
152,9,932.4,385.17,43.47,82.68,1,1,0.73155
152,10,284.06,586.75,45.64,103.57,1,1,0.84698
152,11,1629.02,377.47,46.51,101.77,1,1,0.83374
152,12,1016.66,668.07,44.43,105.97,1,1,0.82234
152,13,564.88,354.61,38.42,94.06,1,1,0.82692
152,15,1076.78,247.16,62.13,71.26,1,1,0.84797
152,19,932.06,756.32,55.3,119.48,1,1,0.86381
152,20,1046.86,762.35,52.7,116.46,1,1,0.85239
152,3,1391.6,549.71,48.02,111.72,1,1,0.85281
152,21,1473.82,454.13,53.8,102.64,1,1,0.83105
152,17,1209.39,777.91,51.87,130.64,1,1,0.83835
152,25,1125.88,618.03,49.7,117.32,1,1,0.84851
152,18,197.13,223.14,41.62,89.76,1,1,0.82742
152,14,1541.34,514.07,47.23,98.35,1,1,0.84099
153,0,655.63,314.35,43.22,90.33,1,1,0.83113
153,1,154.0,221.08,50.35,90.87,1,1,0.8278
153,2,976.78,574.04,44.45,109.84,1,1,0.84617
153,4,1280.37,219.81,38.12,87.43,1,1,0.8509
153,5,1025.89,397.29,46.38,93.72,1,1,0.84927
153,6,929.52,423.49,46.37,92.5,1,1,0.8511
153,7,1545.13,387.4,45.03,102.98,1,1,0.82839
153,8,1054.04,719.56,46.9,100.61,1,1,0.81754
153,9,930.31,386.85,45.01,86.65,1,1,0.7745
153,10,283.37,586.36,46.9,97.95,1,1,0.83949
153,11,1632.91,378.03,47.24,100.19,1,1,0.84064
153,12,1017.67,663.81,44.39,105.53,1,1,0.81723
153,13,570.97,353.23,38.8,86.93,1,1,0.83681
153,15,1072.66,247.78,60.04,70.83,1,1,0.85629
153,19,925.49,757.9,61.7,117.54,1,1,0.86108
153,20,1046.76,765.6,52.05,114.86,1,1,0.85346
153,3,1392.9,549.7,47.94,112.73,1,1,0.84742
153,21,1471.78,453.53,55.92,103.53,1,1,0.84096
153,17,1210.18,778.89,50.99,125.48,1,1,0.84211
153,25,1129.02,618.2,49.37,118.92,1,1,0.84802
153,18,193.31,224.45,42.32,91.9,1,1,0.83283
153,14,1544.67,514.55,48.18,97.38,1,1,0.84046
154,0,660.27,310.96,42.48,94.12,1,1,0.82151
154,1,152.72,220.6,48.41,89.97,1,1,0.81432
154,2,979.04,572.83,43.86,112.36,1,1,0.84118
154,4,1281.99,220.92,38.04,85.49,1,1,0.84358
154,5,1025.1,395.81,46.6,89.58,1,1,0.84424
154,6,929.38,422.04,46.34,88.86,1,1,0.83719
154,7,1551.19,387.17,43.73,105.19,1,1,0.83357
154,8,1052.22,720.0,44.26,97.14,1,1,0.78166
154,9,932.56,386.88,44.7,90.89,1,1,0.77443
154,10,282.7,585.31,48.0,95.1,1,1,0.83594
154,11,1638.01,377.48,47.64,99.54,1,1,0.83745
154,12,1018.8,659.91,44.0,105.1,1,1,0.805
154,13,577.64,351.09,38.58,84.24,1,1,0.83153
154,15,1068.84,247.79,54.98,71.4,1,1,0.84185
154,19,917.24,758.28,69.45,115.84,1,1,0.85778
154,20,1046.27,765.89,50.08,115.88,1,1,0.83378
154,3,1394.24,548.51,48.17,112.75,1,1,0.84936
154,21,1469.35,452.09,58.14,100.91,1,1,0.85667
154,17,1212.62,778.72,50.28,123.15,1,1,0.84507
154,25,1131.89,617.38,49.64,120.3,1,1,0.8459
154,18,190.27,223.43,41.14,92.15,1,1,0.82143
154,14,1549.24,513.73,49.23,97.29,1,1,0.84822
155,0,664.25,305.83,42.07,97.25,1,1,0.80615
155,1,150.76,219.18,48.27,87.36,1,1,0.82509
155,2,980.39,570.49,43.82,113.61,1,1,0.83766
155,4,1284.55,220.67,38.24,86.17,1,1,0.84609
155,5,1025.72,393.45,46.07,87.07,1,1,0.84229
155,6,930.5,419.44,45.46,82.56,1,1,0.82771
155,7,1557.37,385.8,45.56,106.78,1,1,0.83849
155,8,1049.57,720.0,44.22,79.19,1,1,0.73564
155,9,935.01,385.13,42.64,94.91,1,1,0.78192
155,10,281.87,584.01,48.88,93.83,1,1,0.8407
155,11,1643.02,376.19,49.02,101.49,1,1,0.84041
155,12,1019.76,655.95,44.26,103.14,1,1,0.79878
155,13,584.0,348.0,38.76,86.8,1,1,0.82657
155,15,1064.45,246.47,53.6,74.93,1,1,0.85108
155,19,910.2,757.77,74.18,114.27,1,1,0.85923
155,20,1045.92,764.32,48.47,117.07,1,1,0.84649
155,3,1395.98,546.71,47.96,112.42,1,1,0.85109
155,21,1467.66,449.98,58.79,96.06,1,1,0.8591
155,17,1214.93,777.46,49.72,122.86,1,1,0.84698
155,25,1136.05,615.52,50.05,120.86,1,1,0.84777
155,18,187.11,221.61,40.18,90.68,1,1,0.83313
155,14,1554.4,513.23,49.37,96.7,1,1,0.8527
156,0,669.1,300.82,41.28,96.66,1,1,0.809
156,1,149.21,217.58,47.28,86.03,1,1,0.82901
156,2,983.21,567.23,43.52,113.24,1,1,0.82799
156,4,1287.17,218.83,37.38,88.31,1,1,0.83773
156,5,1026.77,391.05,45.17,87.27,1,1,0.83401
156,6,932.89,416.35,43.99,79.9,1,1,0.81069
156,7,1564.61,384.01,45.6,107.08,1,1,0.82553
156,8,1049.39,718.93,43.91,71.06,1,1,0.72212
156,9,936.97,381.99,41.99,96.1,1,1,0.74911
156,10,282.17,581.38,48.87,95.44,1,1,0.83793
156,11,1650.1,375.17,49.06,101.67,1,1,0.83233
156,12,1021.55,653.06,44.99,101.91,1,1,0.8052
156,13,589.71,344.91,40.03,89.39,1,1,0.827
156,15,1060.73,243.93,56.96,78.34,1,1,0.85736
156,19,907.97,757.52,70.67,113.84,1,1,0.83705
156,20,1046.52,764.03,48.01,116.54,1,1,0.84276
156,3,1398.45,545.03,47.94,113.67,1,1,0.84104
156,21,1465.09,447.24,59.15,94.02,1,1,0.84242
156,17,1217.58,775.33,49.74,124.33,1,1,0.82945
156,25,1140.4,613.54,49.53,120.98,1,1,0.84664
156,18,185.27,219.69,37.99,86.95,1,1,0.82422
156,14,1560.62,512.51,49.81,97.16,1,1,0.84563
157,0,675.08,296.77,40.55,96.0,1,1,0.81825
157,1,149.38,217.4,48.71,85.83,1,1,0.82651
157,2,985.96,565.18,43.07,111.3,1,1,0.83377
157,4,1290.52,217.11,37.12,90.24,1,1,0.83252
157,5,1027.71,389.31,43.87,87.83,1,1,0.83744
157,6,934.18,415.08,44.29,75.84,1,1,0.80785
157,7,1571.64,382.42,47.4,105.78,1,1,0.8315
157,8,1048.75,717.16,46.05,69.27,1,1,0.72893
157,9,939.72,379.84,40.54,93.62,1,1,0.71414
157,10,285.57,578.2,45.94,97.8,1,1,0.83225
157,11,1657.93,374.88,47.64,100.93,1,1,0.83872
157,12,1024.16,651.1,45.73,100.17,1,1,0.80528
157,13,595.45,341.59,40.78,90.75,1,1,0.8173
157,15,1057.12,241.94,61.45,79.74,1,1,0.86729
157,19,908.32,758.22,64.45,113.97,1,1,0.84241
157,20,1046.98,762.82,48.59,117.37,1,1,0.84538
157,3,1401.4,544.2,48.08,112.49,1,1,0.84525
157,21,1462.88,445.52,57.6,95.11,1,1,0.85069
157,17,1220.36,773.31,50.08,124.42,1,1,0.83877
157,25,1145.75,612.46,48.99,119.3,1,1,0.84954
157,18,182.82,218.78,37.13,84.73,1,1,0.79854
157,14,1567.34,512.58,49.47,98.76,1,1,0.84282
158,0,680.53,291.75,41.6,95.53,1,1,0.83913
158,1,149.83,216.6,46.35,86.39,1,1,0.83091
158,2,988.74,563.33,43.61,109.48,1,1,0.8518
158,4,1294.03,214.96,37.63,91.5,1,1,0.84466
158,5,1028.7,386.62,44.6,91.14,1,1,0.84823
158,6,935.82,411.54,44.92,77.28,1,1,0.82187
158,7,1579.72,381.41,49.1,100.8,1,1,0.83451
158,8,1048.93,716.74,47.43,65.27,1,1,0.73391
158,9,942.21,377.0,42.18,94.49,1,1,0.78919
158,10,288.71,574.21,45.13,100.3,1,1,0.83733
158,11,1665.25,374.62,48.07,101.9,1,1,0.82243
158,12,1028.42,649.17,46.01,96.71,1,1,0.7948
158,13,602.65,337.39,41.33,94.37,1,1,0.79829
158,15,1054.31,240.34,60.78,75.47,1,1,0.86679
158,19,907.97,758.34,58.74,114.6,1,1,0.85051
158,20,1048.03,760.88,50.64,118.88,1,1,0.85844
158,3,1405.06,544.09,48.52,109.88,1,1,0.85317
158,21,1461.1,443.76,55.76,97.42,1,1,0.86378
158,17,1223.23,770.94,50.62,123.79,1,1,0.8542
158,25,1151.46,611.78,49.82,121.9,1,1,0.8592
158,18,181.06,217.46,36.63,83.79,1,1,0.81332
158,14,1574.86,512.63,49.14,99.74,1,1,0.84954
159,0,687.56,287.81,41.92,95.72,1,1,0.84506
159,1,149.5,214.81,44.02,88.02,1,1,0.84089
159,2,992.1,561.93,44.27,107.64,1,1,0.85636
159,4,1298.13,212.48,38.44,92.03,1,1,0.84756
159,5,1029.33,383.2,45.0,90.02,1,1,0.84975
159,6,937.64,406.85,45.07,80.58,1,1,0.82867
159,7,1588.14,380.92,49.95,97.14,1,1,0.83534
159,8,1049.43,716.35,48.48,63.34,1,1,0.71923
159,9,943.99,374.81,43.67,91.9,1,1,0.81614
159,10,293.52,569.86,43.73,101.15,1,1,0.82884
159,11,1673.41,373.54,47.73,102.62,1,1,0.81929
159,12,1032.51,646.69,47.22,90.77,1,1,0.80819
159,13,609.73,333.29,41.83,91.57,1,1,0.82932
159,15,1052.88,239.66,59.84,71.53,1,1,0.85578
159,19,907.03,757.91,51.33,116.07,1,1,0.85155
159,20,1049.77,760.41,52.43,118.82,1,1,0.86318
159,3,1409.51,544.26,49.96,106.25,1,1,0.86497
159,21,1460.23,441.18,55.25,100.6,1,1,0.86818
159,17,1226.59,768.73,51.03,121.38,1,1,0.85508
159,25,1157.26,611.44,49.88,120.23,1,1,0.86069
159,18,178.85,215.17,37.45,83.62,1,1,0.81934
159,14,1581.25,511.44,49.17,101.65,1,1,0.8487
160,0,694.66,284.73,41.1,95.91,1,1,0.84097
160,1,149.13,212.83,41.38,88.36,1,1,0.82261
160,2,994.98,559.94,45.45,105.42,1,1,0.8598
160,4,1303.14,210.55,39.15,92.23,1,1,0.84159
160,5,1029.86,380.33,45.49,87.02,1,1,0.84713
160,6,939.49,402.72,45.38,78.88,1,1,0.82409
160,7,1598.3,380.93,49.4,96.31,1,1,0.83671
160,8,1053.03,716.16,46.47,58.44,1,1,0.72032
160,9,945.3,373.26,42.5,85.19,1,1,0.78294
160,10,297.45,565.8,43.91,108.53,1,1,0.83066
160,11,1681.86,372.09,47.18,105.33,1,1,0.81074
160,12,1036.53,644.55,48.31,90.66,1,1,0.82111
160,13,617.05,329.26,42.67,87.34,1,1,0.8375
160,15,1051.45,238.54,57.47,71.4,1,1,0.85448
160,19,905.61,757.07,50.22,117.64,1,1,0.84943
160,20,1052.21,761.74,53.08,116.61,1,1,0.86187
160,3,1413.95,544.23,50.89,104.99,1,1,0.86616
160,21,1458.54,438.94,58.28,103.08,1,1,0.87561
160,17,1231.01,767.27,50.92,122.37,1,1,0.83871
160,25,1162.34,611.71,50.44,116.51,1,1,0.86048
160,18,175.58,213.08,42.7,88.01,1,1,0.81784
160,14,1590.15,509.04,48.72,103.71,1,1,0.84316
161,0,699.83,281.91,39.5,97.93,1,1,0.83492
161,1,147.45,210.75,41.06,89.85,1,1,0.82872
161,2,998.25,558.9,45.53,102.94,1,1,0.85705
161,4,1306.81,209.41,39.19,90.09,1,1,0.84294
161,5,1031.02,377.58,46.26,86.89,1,1,0.85654
161,6,939.13,400.05,48.35,80.93,1,1,0.83028
161,7,1607.66,381.24,48.62,96.88,1,1,0.84412
161,8,1054.95,716.72,46.01,59.25,1,1,0.75665
161,9,945.2,372.13,42.65,80.97,1,1,0.78638
161,10,298.9,562.46,44.59,106.84,1,1,0.84045
161,11,1689.35,370.22,45.96,107.62,1,1,0.81958
161,12,1039.1,641.41,49.53,91.13,1,1,0.81858
161,13,624.49,325.97,42.59,84.56,1,1,0.82561
161,15,1047.63,236.38,52.8,73.23,1,1,0.85489
161,19,903.46,754.77,52.35,119.25,1,1,0.85096
161,20,1054.69,762.16,53.29,115.1,1,1,0.86093
161,3,1416.92,543.91,51.61,104.88,1,1,0.86692
161,21,1456.84,437.07,60.5,104.6,1,1,0.87978
161,17,1233.96,766.93,51.72,121.12,1,1,0.85394
161,25,1166.8,611.9,50.2,114.95,1,1,0.86148
161,18,172.9,211.07,46.26,87.97,1,1,0.81662
161,14,1597.68,506.66,48.19,105.97,1,1,0.84865
162,0,704.57,279.25,40.04,97.41,1,1,0.837
162,1,146.52,208.77,41.75,91.96,1,1,0.83732
162,2,1002.18,556.66,45.31,102.11,1,1,0.83734
162,4,1310.33,208.4,39.38,86.97,1,1,0.8211
162,5,1032.22,375.55,45.35,84.15,1,1,0.85608
162,6,939.02,396.72,49.73,80.87,1,1,0.8356
162,7,1615.06,380.76,47.83,97.22,1,1,0.83684
162,8,1053.81,717.28,47.94,58.57,1,1,0.78506
162,9,947.04,370.42,41.73,77.15,1,1,0.75759
162,10,302.91,560.36,43.13,100.93,1,1,0.83821
162,11,1696.63,368.41,45.48,107.27,1,1,0.81458
162,12,1041.73,638.21,48.96,93.58,1,1,0.81907
162,13,632.21,323.53,41.6,78.5,1,1,0.82857
162,15,1044.33,234.76,50.09,75.09,1,1,0.85783
162,19,901.32,752.35,53.63,121.24,1,1,0.85803
162,20,1056.73,762.02,53.75,114.96,1,1,0.86213
162,3,1420.31,542.63,51.36,105.81,1,1,0.8647
162,21,1455.89,434.72,63.3,105.3,1,1,0.87592
162,17,1237.17,766.91,51.54,118.14,1,1,0.85231
162,25,1172.41,611.79,49.94,114.27,1,1,0.85868
162,18,172.18,209.07,42.51,80.6,1,1,0.79314
162,14,1605.93,504.6,46.65,107.53,1,1,0.84579
163,0,707.15,277.48,40.75,95.51,1,1,0.8415
163,1,142.42,208.01,42.46,92.8,1,1,0.84875
163,2,1004.01,554.05,44.87,100.81,1,1,0.8296
163,4,1311.49,208.08,41.62,84.52,1,1,0.84608
163,5,1031.68,373.67,42.9,80.74,1,1,0.85082
163,6,936.07,393.85,48.5,80.24,1,1,0.82747
163,7,1621.64,379.51,46.75,98.3,1,1,0.84406
163,8,1053.49,718.5,47.36,58.75,1,1,0.80278
163,9,946.69,367.92,41.63,78.42,1,1,0.73418
163,10,303.69,558.47,42.41,96.31,1,1,0.84005
163,11,1702.57,366.64,45.03,105.38,1,1,0.84892
163,12,1042.2,634.95,48.18,95.95,1,1,0.81714
163,13,637.03,320.54,40.41,77.82,1,1,0.84201
163,15,1038.48,233.95,53.06,75.75,1,1,0.86358
163,19,896.56,749.98,55.92,119.15,1,1,0.85131
163,20,1057.67,762.47,53.1,114.2,1,1,0.86129
163,3,1421.96,541.13,49.46,108.13,1,1,0.85648
163,21,1452.67,432.67,63.49,101.44,1,1,0.86814
163,17,1239.01,767.28,51.0,115.96,1,1,0.85913
163,25,1175.84,610.96,49.59,114.67,1,1,0.85519
163,18,169.7,208.15,41.53,77.21,1,1,0.80294
163,14,1612.91,502.58,44.21,108.39,1,1,0.84221
164,0,708.57,276.41,41.81,90.59,1,1,0.83684
164,1,135.81,208.03,44.32,91.03,1,1,0.84632
164,2,1003.71,551.05,45.05,100.43,1,1,0.82489
164,4,1311.32,208.04,42.94,81.96,1,1,0.83971
164,5,1029.06,372.18,40.82,80.55,1,1,0.83473
164,6,932.56,392.47,50.94,79.94,1,1,0.83269
164,7,1627.93,377.13,44.58,101.05,1,1,0.82485
164,8,1052.22,719.23,45.61,58.95,1,1,0.77079
164,9,946.48,365.0,40.17,62.49,1,1,0.78043
164,10,303.85,556.9,41.17,92.74,1,1,0.83724
164,11,1707.6,365.17,44.36,101.09,1,1,0.8382
164,12,1041.75,631.59,48.32,99.23,1,1,0.80723
164,13,639.81,316.63,39.1,75.3,1,1,0.83144
164,15,1031.59,233.13,57.37,75.84,1,1,0.85232
164,19,890.68,748.37,56.88,114.41,1,1,0.83772
164,20,1057.33,761.47,52.98,116.17,1,1,0.86044
164,3,1422.18,539.03,48.15,110.27,1,1,0.85335
164,21,1448.01,431.14,61.68,96.06,1,1,0.84981
164,17,1239.7,767.63,50.39,115.24,1,1,0.85556
164,25,1177.16,609.96,49.21,116.16,1,1,0.84687
164,18,165.47,207.6,42.54,78.71,1,1,0.80814
164,14,1617.3,500.89,42.65,108.0,1,1,0.83288
165,0,710.37,275.35,42.6,88.02,1,1,0.84467
165,1,129.73,207.22,45.15,89.32,1,1,0.85019
165,2,1003.2,548.03,45.1,100.56,1,1,0.82739
165,4,1310.52,207.93,43.91,79.78,1,1,0.84114
165,5,1024.36,369.77,42.05,81.5,1,1,0.82927
165,6,929.93,390.33,49.59,81.68,1,1,0.81287
165,7,1632.86,374.68,44.56,103.13,1,1,0.83238
165,8,1051.02,718.41,45.27,58.81,1,1,0.7522
165,9,945.23,361.14,39.63,57.79,1,1,0.78401
165,10,304.0,554.4,41.2,94.62,1,1,0.84237
165,11,1710.66,364.3,45.42,99.06,1,1,0.84264
165,12,1041.78,628.61,48.15,101.66,1,1,0.80828
165,13,641.98,312.84,39.15,72.91,1,1,0.83144
165,15,1025.28,231.66,58.67,74.35,1,1,0.84761
165,19,884.96,746.35,56.41,109.72,1,1,0.84501
165,20,1057.03,759.72,52.67,119.24,1,1,0.86328
165,3,1421.62,536.48,48.47,111.65,1,1,0.85505
165,21,1443.35,429.15,56.32,92.62,1,1,0.84866
165,17,1239.91,766.68,49.95,116.09,1,1,0.86112
165,25,1178.23,608.42,49.17,117.15,1,1,0.84282
165,18,160.74,206.98,39.08,75.55,1,1,0.81502
165,14,1620.7,500.13,42.47,104.65,1,1,0.83501
166,0,712.83,274.45,42.57,88.28,1,1,0.83777
166,1,125.23,207.1,45.1,87.29,1,1,0.83853
166,2,1002.14,545.29,45.75,101.46,1,1,0.82267
166,4,1309.52,206.94,45.2,81.16,1,1,0.83671
166,5,1021.37,367.23,45.0,81.93,1,1,0.83126
166,6,926.21,386.54,51.15,85.32,1,1,0.82188
166,7,1638.37,372.07,44.36,104.33,1,1,0.81937
166,8,1049.8,718.2,44.0,57.9,1,1,0.73611
166,9,943.38,357.53,40.15,78.13,1,1,0.75419
166,10,303.77,550.98,42.23,97.66,1,1,0.83802
166,11,1714.32,364.04,46.15,99.0,1,1,0.82945
166,12,1042.34,626.49,46.74,102.03,1,1,0.80603
166,13,644.55,308.18,39.72,81.89,1,1,0.83879
166,15,1018.31,229.73,53.34,73.73,1,1,0.81006
166,19,880.76,744.81,51.38,108.47,1,1,0.82711
166,20,1056.13,757.65,53.56,121.9,1,1,0.85561
166,3,1421.51,534.09,48.28,112.07,1,1,0.84928
166,21,1439.48,427.43,51.85,93.1,1,1,0.8423
166,17,1240.65,765.14,49.13,118.28,1,1,0.84688
166,25,1180.25,606.43,48.7,117.86,1,1,0.83847
166,18,156.39,206.55,37.06,76.56,1,1,0.80776
166,14,1623.33,499.64,43.49,103.45,1,1,0.82871
167,0,715.26,273.42,41.42,89.43,1,1,0.83404
167,1,119.37,206.88,46.62,86.64,1,1,0.82238
167,2,1001.37,543.06,46.42,102.61,1,1,0.8107
167,4,1307.5,205.86,46.0,81.91,1,1,0.83112
167,5,1018.29,364.12,46.21,83.14,1,1,0.81835
167,6,922.76,382.51,49.16,89.71,1,1,0.80938
167,7,1641.82,370.16,45.22,104.26,1,1,0.8225
167,8,1047.85,717.07,43.04,73.04,1,1,0.67286
167,9,942.11,355.18,39.72,86.4,1,1,0.8053
167,10,303.93,547.28,43.2,100.11,1,1,0.83089
167,11,1717.29,363.7,49.85,100.05,1,1,0.83588
167,12,1042.48,625.66,47.26,101.2,1,1,0.79618
167,13,646.67,305.01,39.67,79.47,1,1,0.84134
167,15,1010.8,229.25,47.37,76.16,1,1,0.81266
167,19,877.01,743.78,47.0,109.79,1,1,0.82922
167,20,1055.48,755.98,53.9,123.56,1,1,0.84042
167,3,1420.96,532.26,48.01,112.44,1,1,0.84376
167,21,1433.81,426.3,51.64,93.66,1,1,0.84085
167,17,1240.97,763.05,48.61,120.57,1,1,0.84242
167,25,1180.46,604.45,49.08,117.24,1,1,0.8298
167,18,152.16,206.58,36.5,79.24,1,1,0.79914
167,14,1625.3,499.79,44.0,102.82,1,1,0.83052
168,0,718.15,271.65,39.87,91.49,1,1,0.8194
168,1,113.75,205.69,47.98,87.8,1,1,0.81929
168,2,999.92,541.22,46.9,104.39,1,1,0.82027
168,4,1306.59,204.62,44.65,82.96,1,1,0.82501
168,5,1014.8,361.44,44.61,81.42,1,1,0.81713
168,6,919.01,378.85,47.02,83.51,1,1,0.77727
168,7,1643.98,368.52,46.46,102.48,1,1,0.82192
168,8,1045.91,713.81,42.59,91.65,1,1,0.75193
168,9,941.16,354.39,39.84,89.45,1,1,0.79386
168,10,304.46,543.89,43.12,97.93,1,1,0.8265
168,11,1720.07,362.74,50.55,101.27,1,1,0.84247
168,12,1042.53,624.29,47.39,100.51,1,1,0.80178
168,13,649.08,302.01,40.8,81.8,1,1,0.84296
168,15,1003.12,228.77,45.07,77.09,1,1,0.81197
168,19,872.9,743.0,43.06,111.74,1,1,0.82919
168,20,1056.9,754.04,51.24,124.86,1,1,0.82665
168,3,1420.3,530.5,47.95,111.82,1,1,0.85017
168,21,1428.7,425.4,55.53,95.04,1,1,0.86019
168,17,1240.2,760.69,49.15,122.32,1,1,0.84549
168,25,1180.79,603.37,49.44,115.28,1,1,0.83484
168,18,146.93,206.18,38.38,80.81,1,1,0.80395
168,14,1627.38,499.64,44.7,102.96,1,1,0.83448
169,0,719.02,269.69,39.86,92.04,1,1,0.83238
169,1,110.34,204.63,46.45,89.21,1,1,0.82838
169,2,998.86,539.73,46.33,102.89,1,1,0.81684
169,4,1305.95,203.23,42.58,83.63,1,1,0.81403
169,5,1009.6,358.61,47.3,84.04,1,1,0.8323
169,6,915.92,375.41,48.63,82.45,1,1,0.7794
169,7,1647.18,367.71,44.47,98.25,1,1,0.81429
169,8,1043.29,711.24,44.25,100.81,1,1,0.77069
169,9,939.01,353.59,42.22,90.48,1,1,0.79166
169,10,306.26,540.49,41.85,95.47,1,1,0.83367
169,11,1721.87,361.52,50.04,100.6,1,1,0.82599
169,12,1041.27,621.56,46.68,100.01,1,1,0.78786
169,13,651.29,299.92,40.88,81.93,1,1,0.8344
169,15,993.03,227.94,43.88,78.12,1,1,0.82407
169,19,870.24,741.35,40.5,113.5,1,1,0.81436
169,20,1056.88,752.71,50.1,125.52,1,1,0.81019
169,3,1419.78,529.93,47.35,109.28,1,1,0.84747
169,21,1421.06,424.67,60.73,94.28,1,1,0.85636
169,17,1239.86,758.67,48.95,122.13,1,1,0.83511
169,25,1181.34,603.1,48.86,112.87,1,1,0.83376
169,18,142.22,205.4,38.54,81.71,1,1,0.8052
169,14,1628.83,499.79,44.82,102.58,1,1,0.82677
170,0,720.91,267.56,39.42,90.66,1,1,0.83399
170,1,104.28,203.71,48.7,90.54,1,1,0.83944
170,2,997.33,538.67,44.9,101.95,1,1,0.8134
170,4,1305.48,202.0,41.68,85.68,1,1,0.81406
170,5,1005.66,356.25,45.72,82.75,1,1,0.82271
170,6,912.78,373.36,47.59,82.06,1,1,0.79054
170,7,1650.19,367.0,42.76,95.96,1,1,0.80525
170,8,1039.04,709.95,45.77,106.87,1,1,0.79268
170,9,936.3,352.18,42.14,87.68,1,1,0.77701
170,10,307.97,537.28,41.19,96.98,1,1,0.83251
170,11,1723.11,359.4,49.14,99.95,1,1,0.82235
170,12,1042.04,618.16,43.8,100.58,1,1,0.77795
170,13,653.41,297.66,41.21,84.44,1,1,0.83079
170,15,984.55,226.64,45.6,79.88,1,1,0.82295
170,19,866.76,738.48,40.0,116.17,1,1,0.80338
170,20,1057.17,752.21,48.7,123.89,1,1,0.80397
170,3,1419.43,529.72,46.35,107.42,1,1,0.84525
170,21,1414.69,424.15,64.71,94.49,1,1,0.85303
170,17,1238.56,756.51,48.63,119.13,1,1,0.82776
170,25,1182.4,602.97,47.64,110.93,1,1,0.83333
170,18,138.43,205.95,37.93,81.26,1,1,0.80362
170,14,1630.21,499.2,45.24,103.13,1,1,0.82597
171,0,722.19,265.69,40.12,84.35,1,1,0.84169
171,1,100.38,203.55,49.6,89.95,1,1,0.84602
171,2,995.07,537.28,44.6,101.64,1,1,0.81911
171,4,1303.42,200.73,41.79,86.85,1,1,0.80277
171,5,1000.74,356.18,41.82,80.23,1,1,0.80974
171,6,910.33,372.83,44.59,78.62,1,1,0.79238
171,7,1652.12,367.54,43.28,94.43,1,1,0.81272
171,8,1035.81,708.29,46.89,109.46,1,1,0.78514
171,9,933.29,349.7,42.06,86.58,1,1,0.77765
171,10,309.55,535.03,41.91,95.29,1,1,0.83737
171,11,1723.32,357.89,48.52,98.91,1,1,0.81668
171,12,1042.23,614.46,42.93,103.35,1,1,0.7775
171,13,655.47,295.08,40.72,84.37,1,1,0.83017
171,15,975.97,225.03,49.3,81.41,1,1,0.82581
171,19,861.55,735.96,42.26,115.47,1,1,0.78611
171,20,1055.61,751.46,49.51,123.44,1,1,0.79969
171,3,1418.12,529.51,45.53,105.73,1,1,0.8432
171,21,1407.32,421.13,67.1,93.36,1,1,0.852
171,17,1237.41,754.95,48.94,116.5,1,1,0.8275
171,25,1181.57,603.11,47.48,109.68,1,1,0.83196
171,18,134.93,206.83,37.4,78.72,1,1,0.81016
171,14,1631.71,497.71,45.26,102.77,1,1,0.81662
172,0,723.01,263.86,41.91,82.0,1,1,0.83583
172,1,98.05,203.77,49.52,88.5,1,1,0.83713
172,2,992.35,535.38,44.31,101.78,1,1,0.82331
172,4,1301.81,199.89,42.56,87.83,1,1,0.81663
172,5,994.86,353.37,41.75,84.15,1,1,0.81072
172,6,907.2,371.07,43.29,79.85,1,1,0.79737
172,7,1653.54,369.07,44.57,93.69,1,1,0.81853
172,8,1033.7,707.31,46.54,110.86,1,1,0.79117
172,9,930.15,347.12,48.64,91.21,1,1,0.81255
172,10,310.32,533.25,42.83,92.96,1,1,0.84026
172,11,1723.5,355.97,48.16,98.46,1,1,0.81933
172,12,1040.96,611.36,43.41,106.35,1,1,0.79371
172,13,656.8,292.29,41.15,91.0,1,1,0.82993
172,15,967.85,223.43,53.18,80.04,1,1,0.83085
172,19,851.0,733.02,50.85,112.24,1,1,0.79547
172,20,1055.51,751.7,49.31,119.97,1,1,0.80435
172,3,1416.81,528.85,45.01,104.8,1,1,0.83746
172,21,1399.67,418.36,66.67,89.73,1,1,0.84401
172,17,1236.1,753.69,48.99,114.11,1,1,0.8287
172,25,1181.38,603.12,47.46,109.06,1,1,0.83821
172,18,131.15,207.19,37.99,77.7,1,1,0.81211
172,14,1632.99,495.08,46.13,103.62,1,1,0.817
173,0,723.61,262.31,43.46,82.47,1,1,0.84388
173,1,98.95,204.72,47.14,87.43,1,1,0.82674
173,2,990.85,532.95,43.4,101.13,1,1,0.8297
173,4,1298.86,199.79,43.44,86.54,1,1,0.81414
173,5,989.51,349.78,41.84,87.65,1,1,0.8068
173,6,903.08,369.07,41.89,80.72,1,1,0.80734
173,7,1654.4,369.82,45.18,94.05,1,1,0.82921
173,8,1032.32,706.91,46.97,110.99,1,1,0.79089
173,9,926.75,344.54,50.96,91.5,1,1,0.82101
173,10,310.47,531.47,43.82,89.87,1,1,0.84938
173,11,1724.13,354.97,47.2,96.83,1,1,0.83492
173,12,1041.01,608.87,43.24,105.39,1,1,0.79841
173,13,658.92,289.24,40.37,88.94,1,1,0.83228
173,15,960.52,223.26,51.73,74.57,1,1,0.83086
173,19,843.32,730.3,54.8,106.22,1,1,0.82551
173,20,1055.3,752.12,48.89,116.41,1,1,0.80897
173,3,1414.31,527.86,45.18,105.65,1,1,0.84106
173,21,1393.0,416.28,62.37,87.69,1,1,0.84817
173,17,1234.51,752.28,49.01,110.79,1,1,0.84039
173,25,1180.54,602.97,47.58,108.85,1,1,0.8437
173,18,128.17,207.83,40.45,76.35,1,1,0.81295
173,14,1634.0,493.38,46.18,104.42,1,1,0.82732
174,0,724.94,260.44,44.98,83.88,1,1,0.84576
174,1,101.19,206.17,44.33,85.17,1,1,0.81551
174,2,991.62,530.34,43.07,100.11,1,1,0.83439
174,4,1297.8,200.59,41.84,82.65,1,1,0.8318
174,5,985.87,346.98,43.29,88.96,1,1,0.79866
174,6,899.68,367.08,40.16,80.81,1,1,0.8105
174,7,1655.93,368.91,45.31,95.85,1,1,0.83526
174,8,1030.58,706.34,47.42,111.36,1,1,0.79323
174,9,924.01,343.07,49.08,88.64,1,1,0.82775
174,10,311.89,529.04,45.66,90.75,1,1,0.85205
174,11,1725.74,354.51,46.7,93.63,1,1,0.84422
174,12,1041.27,605.77,42.58,104.55,1,1,0.79851
174,13,662.18,286.01,39.91,82.61,1,1,0.83269
174,15,953.91,222.51,49.4,76.85,1,1,0.83706
174,19,839.41,727.32,54.67,103.32,1,1,0.8257
174,20,1056.44,751.64,47.37,115.07,1,1,0.81262
174,3,1412.49,526.26,45.57,107.32,1,1,0.83762
174,21,1386.94,415.2,57.69,87.66,1,1,0.8376
174,17,1233.6,751.08,48.99,110.89,1,1,0.84217
174,25,1180.79,602.13,47.96,109.61,1,1,0.84549
174,18,126.62,207.47,40.1,76.93,1,1,0.78103
174,14,1636.06,492.12,46.16,104.71,1,1,0.82587
175,0,726.27,258.47,46.01,85.41,1,1,0.85197
175,1,103.6,205.38,50.15,84.7,1,1,0.80262
175,2,991.0,528.07,43.26,99.14,1,1,0.83859
175,4,1296.42,201.24,40.69,80.6,1,1,0.83913
175,5,983.03,345.01,47.05,87.26,1,1,0.82667
175,6,895.77,362.64,41.96,86.24,1,1,0.8173
175,7,1657.6,367.75,44.31,98.36,1,1,0.83934
175,8,1029.66,705.73,47.27,111.57,1,1,0.80841
175,9,922.41,342.12,49.04,88.21,1,1,0.83237
175,10,314.74,525.92,46.03,93.47,1,1,0.85033
175,11,1726.79,354.25,45.13,93.37,1,1,0.84212
175,12,1040.64,603.1,42.42,101.72,1,1,0.81103
175,13,665.11,283.93,39.46,79.78,1,1,0.83224
175,15,947.8,222.32,45.36,79.32,1,1,0.83601
175,19,837.15,725.14,50.9,103.32,1,1,0.82804
175,20,1057.0,750.37,47.21,115.54,1,1,0.82592
175,3,1410.66,524.77,46.31,107.68,1,1,0.83936
175,21,1378.83,414.42,55.67,88.45,1,1,0.84586
175,17,1233.47,749.04,48.66,112.0,1,1,0.84478
175,25,1180.35,601.25,48.62,111.64,1,1,0.84828
175,14,1638.07,491.57,45.89,103.17,1,1,0.84156
176,0,728.07,256.08,46.15,86.41,1,1,0.84628
176,1,104.92,204.62,52.58,85.19,1,1,0.84963
176,2,990.27,525.85,43.13,98.8,1,1,0.82897
176,4,1295.69,201.51,39.23,80.27,1,1,0.8357
176,5,980.04,343.14,42.43,79.22,1,1,0.80899
176,6,894.47,360.4,41.88,84.41,1,1,0.80742
176,7,1658.8,366.57,43.28,99.68,1,1,0.82928
176,8,1028.52,705.04,47.32,111.99,1,1,0.80752
176,9,921.71,340.58,45.99,90.6,1,1,0.82791
176,10,319.0,522.46,45.49,96.46,1,1,0.84369
176,11,1727.41,353.95,44.22,93.99,1,1,0.83339
176,12,1040.39,600.79,42.39,98.97,1,1,0.81284
176,13,668.33,281.16,39.23,77.99,1,1,0.82402
176,15,941.51,222.09,42.13,82.24,1,1,0.83401
176,19,836.26,723.55,46.64,102.82,1,1,0.83136
176,20,1057.72,748.26,46.8,116.41,1,1,0.8228
176,3,1408.24,523.09,47.61,107.32,1,1,0.8339
176,21,1371.58,412.89,54.83,90.0,1,1,0.84727
176,17,1233.41,746.5,48.51,113.28,1,1,0.8427
176,25,1180.39,599.34,49.16,113.0,1,1,0.84136
176,14,1639.77,491.44,45.65,101.45,1,1,0.83799
177,0,730.43,253.83,44.79,84.36,1,1,0.85392
177,1,105.12,205.02,54.02,83.98,1,1,0.85045
177,2,988.59,524.2,43.04,99.32,1,1,0.84315
177,4,1294.64,202.35,38.3,80.81,1,1,0.84132
177,5,976.49,340.95,39.79,77.92,1,1,0.83111
177,6,891.32,358.3,44.52,85.34,1,1,0.81986
177,7,1658.2,364.95,43.22,99.88,1,1,0.83813
177,8,1027.02,703.25,48.33,112.75,1,1,0.82149
177,9,919.63,338.31,45.45,93.49,1,1,0.82894
177,10,324.29,517.98,43.35,97.11,1,1,0.84757
177,11,1726.38,353.09,45.14,95.58,1,1,0.84416
177,12,1039.91,599.25,43.53,98.62,1,1,0.83006
177,13,670.47,279.01,39.91,76.4,1,1,0.83633
177,15,934.86,221.94,43.76,83.32,1,1,0.85224
177,19,833.04,722.32,45.65,103.92,1,1,0.83044
177,20,1058.18,745.4,46.01,117.36,1,1,0.82812
177,3,1405.98,522.03,49.38,107.42,1,1,0.84578
177,21,1365.1,410.93,56.45,91.87,1,1,0.86304
177,17,1232.72,743.27,48.84,114.53,1,1,0.84667
177,25,1180.56,597.37,48.77,114.11,1,1,0.8567
177,14,1640.55,491.73,45.59,99.85,1,1,0.84566
178,0,732.95,252.03,43.68,78.83,1,1,0.85169
178,1,105.45,204.52,52.84,82.95,1,1,0.85256
178,2,988.06,521.68,41.45,98.26,1,1,0.84422
178,4,1293.46,203.1,39.03,81.1,1,1,0.84126
178,5,973.27,339.42,38.76,80.6,1,1,0.81372
178,6,888.06,356.37,48.59,83.72,1,1,0.82642
178,7,1658.69,363.17,42.18,98.82,1,1,0.82151
178,8,1027.31,700.56,48.36,113.81,1,1,0.80682
178,9,916.07,335.42,42.62,72.77,1,1,0.73889
178,10,329.3,513.35,41.68,96.6,1,1,0.842
178,11,1725.76,351.53,45.71,96.32,1,1,0.83562
178,12,1041.11,597.14,43.81,101.29,1,1,0.81917
178,13,672.21,275.67,40.04,75.62,1,1,0.82225
178,15,929.05,222.45,46.12,81.45,1,1,0.84124
178,19,830.99,721.58,43.8,103.97,1,1,0.81804
178,20,1058.84,742.0,45.31,117.48,1,1,0.82119
178,3,1404.93,521.02,50.81,107.97,1,1,0.83775
178,21,1360.46,409.29,56.56,91.95,1,1,0.84638
178,17,1232.59,739.93,48.92,114.77,1,1,0.8384
178,25,1181.37,594.8,48.28,114.76,1,1,0.84844
178,14,1642.02,491.9,44.95,98.82,1,1,0.83576
179,0,734.85,250.77,44.09,78.24,1,1,0.85502
179,1,106.7,205.01,52.14,81.63,1,1,0.84933
179,2,988.11,519.28,40.29,96.04,1,1,0.84419
179,4,1292.58,202.86,39.62,81.61,1,1,0.84038
179,5,971.13,338.0,37.84,81.82,1,1,0.81775
179,6,884.58,354.95,50.2,81.3,1,1,0.82071
179,7,1658.18,361.56,42.46,98.85,1,1,0.83042
179,8,1026.96,697.61,48.67,113.45,1,1,0.79467
179,9,913.8,333.43,40.84,61.58,1,1,0.77678
179,10,334.48,509.94,41.31,94.52,1,1,0.85144
179,11,1725.18,350.48,45.07,95.3,1,1,0.83526
179,12,1041.89,594.26,43.33,101.99,1,1,0.82408
179,13,674.18,272.63,40.41,77.98,1,1,0.80831
179,15,921.39,223.03,45.2,74.05,1,1,0.81682
179,19,827.81,716.87,43.58,106.62,1,1,0.81532
179,20,1059.43,739.49,45.21,117.03,1,1,0.82468
179,3,1403.29,520.27,52.18,105.74,1,1,0.839
179,21,1353.53,406.83,60.21,90.96,1,1,0.84598
179,17,1231.73,737.06,49.34,112.99,1,1,0.84414
179,25,1181.62,592.72,47.89,114.14,1,1,0.84496
179,14,1643.17,490.92,44.04,98.68,1,1,0.8344
180,0,736.54,249.36,44.85,78.91,1,1,0.84171
180,1,110.62,206.07,48.59,81.55,1,1,0.84025
180,2,988.13,517.66,38.11,93.23,1,1,0.84207
180,4,1291.38,202.67,41.41,82.5,1,1,0.82741
180,5,968.03,336.66,38.49,84.08,1,1,0.81376
180,6,881.54,352.88,47.44,80.93,1,1,0.78707
180,7,1658.14,361.21,40.6,94.12,1,1,0.81215
180,8,1025.98,694.78,48.56,110.36,1,1,0.77243
180,9,912.67,330.91,44.04,79.31,1,1,0.76421
180,10,340.32,506.81,39.75,94.16,1,1,0.84398
180,11,1724.48,349.57,43.88,93.61,1,1,0.82396
180,12,1043.52,591.12,41.5,102.38,1,1,0.81382
180,13,676.28,269.23,40.6,78.73,1,1,0.82307
180,15,914.7,221.31,41.77,75.04,1,1,0.7983
180,19,824.83,712.91,43.32,106.65,1,1,0.7954
180,20,1060.35,737.87,44.19,114.85,1,1,0.80175
180,3,1401.69,520.14,51.92,102.43,1,1,0.82872
180,21,1345.27,405.09,59.06,87.44,1,1,0.8208
180,17,1230.47,734.6,49.53,110.75,1,1,0.82935
180,25,1182.54,591.12,46.32,111.32,1,1,0.83132
180,14,1643.94,489.66,43.01,99.01,1,1,0.821
181,0,737.85,247.21,45.44,80.45,1,1,0.84904
181,1,109.46,206.7,53.35,81.98,1,1,0.84232
181,2,987.4,515.14,37.83,93.92,1,1,0.82443
181,4,1289.5,201.5,43.29,83.85,1,1,0.84548
181,5,965.44,334.57,39.76,82.81,1,1,0.82164
181,6,878.11,351.75,43.37,81.94,1,1,0.78923
181,7,1657.36,360.74,40.81,91.09,1,1,0.82551
181,8,1024.26,691.34,48.4,109.16,1,1,0.79461
181,9,912.02,328.83,41.6,80.02,1,1,0.79252
181,10,345.81,504.09,39.4,91.39,1,1,0.84706
181,11,1723.01,348.97,44.46,92.12,1,1,0.83118
181,12,1043.33,587.24,42.17,103.41,1,1,0.81387
181,13,679.4,266.45,39.53,75.32,1,1,0.83035
181,15,908.18,220.89,37.11,75.56,1,1,0.8107
181,19,822.21,709.36,43.09,106.33,1,1,0.8121
181,20,1060.41,736.78,43.79,113.01,1,1,0.80977
181,3,1399.85,519.81,51.26,99.75,1,1,0.84
181,21,1338.22,402.96,58.68,86.85,1,1,0.8363
181,17,1229.44,732.24,49.54,110.65,1,1,0.83775
181,25,1182.24,589.6,46.05,108.24,1,1,0.83305
181,14,1644.33,487.74,42.15,99.27,1,1,0.82582
182,0,739.05,244.98,47.31,81.58,1,1,0.85096
182,1,109.35,206.75,55.85,82.37,1,1,0.85389
182,2,986.28,512.13,38.98,95.39,1,1,0.81317
182,4,1287.82,200.61,43.74,84.48,1,1,0.84278
182,5,961.59,332.6,42.63,82.35,1,1,0.81615
182,6,872.22,349.76,43.97,84.05,1,1,0.7964
182,7,1656.96,361.55,40.9,87.72,1,1,0.83548
182,8,1023.92,688.4,47.69,108.56,1,1,0.80595
182,9,910.16,327.01,38.73,76.69,1,1,0.78542
182,10,350.53,502.18,38.36,88.88,1,1,0.8506
182,11,1722.18,349.08,43.52,87.23,1,1,0.84007
182,12,1042.73,583.11,43.08,104.39,1,1,0.82356
182,13,681.44,263.42,38.94,73.23,1,1,0.82766
182,15,901.77,221.06,36.29,75.59,1,1,0.81311
182,19,820.15,705.64,42.52,104.83,1,1,0.81477
182,20,1060.98,735.61,43.74,110.98,1,1,0.82556
182,3,1396.81,519.27,50.94,97.08,1,1,0.83666
182,21,1330.55,401.73,58.66,87.96,1,1,0.84028
182,17,1228.59,730.25,48.85,109.54,1,1,0.84883
182,25,1182.18,588.76,46.45,107.36,1,1,0.84706
182,14,1645.34,485.55,41.44,100.65,1,1,0.83103
183,0,739.65,242.72,47.16,80.54,1,1,0.85405
183,1,113.98,206.42,52.94,83.38,1,1,0.85338
183,2,983.61,508.6,40.5,94.61,1,1,0.80922
183,4,1285.32,201.46,44.55,81.55,1,1,0.84946
183,5,957.46,330.41,43.04,79.0,1,1,0.82392
183,6,870.3,347.26,43.25,86.14,1,1,0.80504
183,7,1656.33,362.14,40.86,86.67,1,1,0.83517
183,8,1023.17,686.26,46.84,108.02,1,1,0.79459
183,9,907.96,326.33,39.34,78.65,1,1,0.80959
183,10,355.31,500.48,38.42,87.08,1,1,0.84443
183,11,1719.86,348.87,43.86,84.06,1,1,0.82628
183,12,1041.57,579.77,43.55,102.89,1,1,0.84001
183,13,684.1,261.26,38.98,73.55,1,1,0.83127
183,15,895.06,220.95,36.19,73.54,1,1,0.81462
183,19,818.11,701.34,41.23,103.22,1,1,0.80995
183,20,1061.01,733.7,43.48,110.06,1,1,0.8305
183,3,1393.02,517.78,49.8,97.08,1,1,0.83325
183,21,1324.27,400.7,51.94,87.46,1,1,0.84003
183,17,1227.77,728.83,47.5,108.55,1,1,0.85238
183,25,1182.25,587.42,45.96,106.11,1,1,0.85421
183,14,1644.94,483.18,41.64,101.99,1,1,0.82961
184,0,739.0,239.73,46.82,77.43,1,1,0.83944
184,1,118.92,206.56,51.32,83.7,1,1,0.86083
184,2,981.92,505.82,40.8,93.26,1,1,0.80537
184,4,1283.04,202.42,46.91,79.45,1,1,0.85355
184,5,953.42,328.31,41.47,76.01,1,1,0.82879
184,6,870.88,344.62,41.47,87.78,1,1,0.79677
184,7,1655.37,362.98,40.97,86.27,1,1,0.83584
184,8,1022.29,684.78,45.53,107.53,1,1,0.79889
184,9,905.68,325.18,43.3,80.97,1,1,0.8169
184,10,360.0,497.97,38.38,88.14,1,1,0.84222
184,11,1718.15,349.42,44.83,82.8,1,1,0.82454
184,12,1041.56,577.18,43.2,98.52,1,1,0.84801
184,13,686.53,258.97,39.52,72.62,1,1,0.83469
184,15,889.41,220.28,36.79,68.95,1,1,0.82398
184,19,815.86,697.97,40.79,98.59,1,1,0.79203
184,20,1060.69,732.37,43.7,109.51,1,1,0.83505
184,3,1390.9,515.95,47.51,98.54,1,1,0.83091
184,21,1318.32,399.84,45.89,84.03,1,1,0.82452
184,17,1227.14,727.6,46.79,107.94,1,1,0.85251
184,25,1182.55,586.21,44.85,105.2,1,1,0.85123
184,14,1644.99,481.28,41.58,102.6,1,1,0.82808
185,0,736.77,237.92,48.3,74.26,1,1,0.8431
185,1,122.96,206.72,49.66,84.4,1,1,0.86023
185,2,979.02,503.08,43.01,94.11,1,1,0.81061
185,4,1280.72,203.83,47.45,77.46,1,1,0.85481
185,5,949.29,326.69,39.16,76.11,1,1,0.8335
185,6,870.28,341.31,39.75,86.47,1,1,0.80008
185,7,1653.23,363.04,42.87,87.27,1,1,0.84245
185,8,1021.05,683.78,44.62,107.16,1,1,0.81052
185,9,901.28,323.35,46.67,80.85,1,1,0.83139
185,10,364.68,494.97,38.85,90.42,1,1,0.84266
185,11,1714.82,349.31,46.8,82.74,1,1,0.82886
185,12,1040.2,574.79,43.82,93.88,1,1,0.8485
185,13,688.57,256.27,38.93,74.38,1,1,0.83452
185,15,882.79,218.97,36.08,68.06,1,1,0.82114
185,19,812.35,695.21,41.43,93.97,1,1,0.80843
185,20,1061.0,729.97,43.08,110.98,1,1,0.83752
185,3,1387.37,513.55,46.67,101.08,1,1,0.84206
185,21,1309.87,398.78,49.51,88.61,1,1,0.8492
185,17,1226.33,724.98,46.26,109.46,1,1,0.84452
185,25,1182.11,584.48,45.15,105.99,1,1,0.85477
185,14,1644.27,480.11,42.48,102.21,1,1,0.83767
186,0,736.14,236.07,49.46,73.83,1,1,0.8414
186,1,126.09,206.89,47.44,84.26,1,1,0.8573
186,2,976.92,501.85,44.05,94.07,1,1,0.80906
186,4,1278.89,204.09,44.86,77.22,1,1,0.84304
186,5,945.18,325.12,38.86,77.35,1,1,0.83985
186,6,868.53,339.48,37.64,76.81,1,1,0.80126
186,7,1652.47,362.56,43.28,88.22,1,1,0.84619
186,8,1020.15,682.15,43.94,107.63,1,1,0.81845
186,9,897.88,321.37,47.52,79.57,1,1,0.82187
186,10,367.91,491.09,39.68,93.36,1,1,0.83963
186,11,1712.16,348.44,47.88,84.06,1,1,0.82831
186,12,1037.79,572.34,45.56,93.5,1,1,0.83798
186,13,690.45,253.08,37.77,76.11,1,1,0.79623
186,15,876.95,218.12,36.17,69.36,1,1,0.81608
186,19,808.88,692.22,41.44,92.41,1,1,0.80861
186,20,1061.05,727.44,43.04,113.27,1,1,0.83687
186,3,1385.07,510.7,46.76,103.78,1,1,0.84596
186,21,1302.43,397.03,54.91,89.54,1,1,0.85784
186,17,1225.24,721.65,46.11,112.1,1,1,0.83948
186,25,1181.8,582.53,45.67,107.36,1,1,0.84844
186,14,1643.98,479.36,43.14,100.89,1,1,0.83699
187,0,736.5,234.09,49.4,74.2,1,1,0.82689
187,1,129.47,206.95,46.49,85.49,1,1,0.84761
187,2,974.7,499.83,44.39,94.78,1,1,0.80471
187,4,1276.34,204.77,44.52,77.31,1,1,0.84345
187,5,941.08,323.35,39.17,78.48,1,1,0.84266
187,6,865.23,336.82,37.75,74.24,1,1,0.80966
187,7,1650.55,361.77,42.92,89.33,1,1,0.83464
187,8,1018.49,680.15,42.82,108.06,1,1,0.80551
187,9,894.54,319.16,49.44,78.74,1,1,0.82071
187,10,371.69,487.58,38.61,94.14,1,1,0.82857
187,11,1708.93,345.71,48.26,86.44,1,1,0.79826
187,12,1035.55,569.23,45.44,95.09,1,1,0.82113
187,13,691.25,249.37,37.07,77.87,1,1,0.82366
187,15,869.64,217.81,38.78,73.48,1,1,0.80958
187,19,806.62,688.45,40.61,92.61,1,1,0.80243
187,20,1060.3,724.95,43.31,114.17,1,1,0.82649
187,3,1382.16,508.63,46.98,104.82,1,1,0.84278
187,21,1293.72,395.67,61.21,91.37,1,1,0.85294
187,17,1223.67,718.81,45.74,112.48,1,1,0.83229
187,25,1180.44,580.71,46.94,107.44,1,1,0.83932
187,14,1642.7,479.12,43.28,97.32,1,1,0.83064
188,0,737.64,232.52,46.48,72.16,1,1,0.80419
188,1,132.63,206.51,45.17,87.17,1,1,0.83388
188,2,972.05,498.35,43.01,94.07,1,1,0.78977
188,4,1273.65,205.06,42.12,77.29,1,1,0.8235
188,5,937.18,320.73,40.16,81.38,1,1,0.83407
188,6,861.51,335.05,37.62,74.36,1,1,0.797
188,7,1648.82,360.23,42.5,90.82,1,1,0.82247
188,8,1017.15,677.65,42.58,108.63,1,1,0.79207
188,9,891.43,317.44,49.69,76.57,1,1,0.79814
188,10,376.39,484.33,37.61,96.09,1,1,0.81879
188,11,1703.65,331.96,45.95,80.3,1,1,0.64949
188,12,1034.97,565.85,44.14,96.38,1,1,0.80363
188,13,692.52,245.73,34.51,71.63,1,1,0.81042
188,15,863.97,217.36,39.69,71.95,1,1,0.79201
188,19,805.1,684.37,40.26,93.76,1,1,0.78534
188,20,1060.25,722.02,42.96,114.62,1,1,0.81029
188,3,1379.62,506.56,46.6,104.71,1,1,0.81914
188,21,1285.24,394.23,64.6,87.77,1,1,0.84024
188,17,1222.45,715.56,45.81,112.29,1,1,0.82132
188,25,1179.54,578.29,47.97,107.5,1,1,0.81883
188,14,1642.05,479.57,43.2,94.82,1,1,0.82068
189,0,737.63,230.9,43.96,70.73,1,1,0.80611
189,1,136.68,206.14,43.5,87.64,1,1,0.82416
189,2,968.96,496.87,41.86,93.58,1,1,0.78212
189,4,1270.94,205.44,39.96,77.88,1,1,0.8258
189,5,933.33,317.93,40.62,80.84,1,1,0.82348
189,6,857.75,334.35,37.06,72.63,1,1,0.79716
189,7,1647.44,358.63,41.17,92.0,1,1,0.81164
189,8,1015.63,674.37,43.09,108.91,1,1,0.79041
189,9,888.83,316.47,46.52,76.0,1,1,0.80702
189,10,381.46,481.4,37.33,95.74,1,1,0.82311
189,11,1700.7,328.45,46.24,92.21,1,1,0.79494
189,12,1034.64,562.56,44.29,97.68,1,1,0.80573
189,13,693.43,242.89,33.3,68.76,1,1,0.82409
189,15,859.0,217.41,36.83,70.54,1,1,0.78877
189,19,803.6,679.97,40.48,95.89,1,1,0.78538
189,20,1060.02,719.11,42.87,114.53,1,1,0.809
189,3,1377.09,505.1,46.45,104.57,1,1,0.8136
189,21,1277.09,392.36,61.97,85.21,1,1,0.84172
189,17,1220.7,712.1,45.44,111.66,1,1,0.8185
189,25,1177.68,575.94,49.85,106.47,1,1,0.82668
189,14,1640.31,479.46,43.63,93.54,1,1,0.82305
190,0,737.18,228.67,42.56,72.37,1,1,0.82034
190,1,140.32,205.94,43.4,86.69,1,1,0.82156
190,2,966.3,495.5,40.74,93.05,1,1,0.77766
190,4,1268.49,204.27,38.13,80.43,1,1,0.81786
190,5,929.93,315.41,40.63,78.01,1,1,0.82848
190,6,853.92,332.5,37.27,71.51,1,1,0.78931
190,7,1645.19,357.17,40.32,90.24,1,1,0.81484
190,8,1013.64,670.62,43.76,108.3,1,1,0.78593
190,9,885.31,314.82,42.85,77.02,1,1,0.79849
190,10,385.06,479.44,37.52,92.74,1,1,0.81963
190,11,1698.57,328.04,45.34,93.52,1,1,0.81198
190,12,1035.25,559.3,43.92,98.72,1,1,0.79686
190,13,694.61,240.48,32.8,68.76,1,1,0.81808
190,15,853.09,216.86,35.27,76.14,1,1,0.7839
190,19,802.34,675.41,40.43,97.31,1,1,0.79241
190,20,1059.5,716.52,42.65,113.79,1,1,0.8048
190,3,1374.22,504.17,46.94,104.0,1,1,0.8192
190,21,1270.65,391.1,57.8,85.89,1,1,0.83257
190,17,1218.4,708.7,45.47,110.16,1,1,0.8179
190,25,1175.47,573.59,51.86,105.84,1,1,0.82573
190,14,1639.69,478.54,42.8,93.24,1,1,0.8207
191,0,736.1,226.94,41.57,69.36,1,1,0.82274
191,1,143.99,206.16,43.53,86.0,1,1,0.83173
191,2,963.47,493.11,40.77,93.29,1,1,0.79254
191,4,1266.85,204.19,37.88,81.68,1,1,0.82053
191,5,925.64,313.58,41.19,77.0,1,1,0.82081
191,6,851.63,330.84,36.26,73.01,1,1,0.79329
191,7,1643.49,356.7,39.43,87.48,1,1,0.81215
191,8,1012.45,665.88,43.85,107.52,1,1,0.78156
191,9,881.98,314.09,41.7,76.36,1,1,0.7811
191,10,389.95,477.8,36.49,87.36,1,1,0.8182
191,11,1696.14,329.0,44.24,90.32,1,1,0.8193
191,12,1034.38,556.6,43.87,98.76,1,1,0.79349
191,13,695.28,238.73,33.66,70.19,1,1,0.81835
191,15,846.07,215.43,35.32,72.66,1,1,0.77921
191,19,800.81,672.41,41.13,98.12,1,1,0.78492
191,20,1059.08,714.76,42.68,111.42,1,1,0.80362
191,3,1371.77,503.65,46.02,102.79,1,1,0.8199
191,21,1264.42,390.93,51.47,86.01,1,1,0.81802
191,17,1216.11,706.48,44.97,107.26,1,1,0.80774
191,25,1173.71,571.83,52.17,102.92,1,1,0.82099
191,14,1638.43,476.61,42.8,93.87,1,1,0.81659
192,0,735.86,225.71,40.47,67.04,1,1,0.82455
192,1,148.32,205.83,43.19,85.51,1,1,0.81407
192,2,961.32,490.48,42.13,95.57,1,1,0.80232
192,4,1265.02,203.97,37.49,81.61,1,1,0.82543
192,5,921.84,311.74,40.65,75.21,1,1,0.81281
192,6,849.2,329.21,36.52,75.5,1,1,0.77609
192,7,1641.18,356.71,39.48,87.59,1,1,0.82565
192,8,1009.83,660.74,46.02,107.63,1,1,0.79523
192,9,879.17,312.62,42.67,77.17,1,1,0.79758
192,10,394.12,475.72,36.92,84.55,1,1,0.82379
192,11,1693.05,330.01,42.66,86.89,1,1,0.82102
192,12,1032.21,553.3,44.25,97.74,1,1,0.78814
192,13,696.87,236.01,33.3,71.58,1,1,0.80596
192,15,839.45,214.43,36.17,68.96,1,1,0.7954
192,19,798.08,669.02,42.68,97.64,1,1,0.79347
192,20,1059.07,713.35,42.66,107.68,1,1,0.80114
192,3,1369.66,503.1,43.24,100.33,1,1,0.79447
192,21,1255.57,391.02,46.03,85.56,1,1,0.80951
192,17,1214.41,704.6,43.8,104.83,1,1,0.80759
192,25,1173.23,571.15,51.52,99.79,1,1,0.81896
192,14,1638.14,474.48,41.49,94.42,1,1,0.80975
193,0,735.53,224.86,40.41,66.95,1,1,0.82936
193,1,152.47,205.66,43.13,84.8,1,1,0.8265
193,2,960.01,487.54,41.92,96.01,1,1,0.79903
193,4,1262.86,204.5,38.34,80.7,1,1,0.83342
193,5,917.71,310.91,40.14,75.8,1,1,0.81408
193,6,846.18,326.6,36.56,71.84,1,1,0.79534
193,7,1638.92,356.45,38.84,84.41,1,1,0.81845
193,8,1007.89,657.88,46.62,105.13,1,1,0.79034
193,9,875.55,310.85,37.73,65.72,1,1,0.78128
193,10,397.35,473.94,38.05,82.82,1,1,0.83157
193,11,1690.1,330.42,42.11,85.92,1,1,0.81454
193,12,1030.96,550.38,44.42,93.77,1,1,0.80986
193,13,698.23,233.18,32.24,68.39,1,1,0.79933
193,15,832.27,213.63,36.89,69.49,1,1,0.78672
193,19,795.25,665.7,43.53,96.48,1,1,0.79422
193,20,1059.21,711.82,42.8,104.66,1,1,0.81111
193,3,1367.14,502.32,40.87,98.84,1,1,0.78456
193,21,1248.6,388.82,48.12,87.63,1,1,0.82938
193,17,1212.87,702.29,42.73,102.28,1,1,0.81383
193,25,1171.88,569.56,50.23,97.73,1,1,0.82701
193,14,1636.27,472.2,41.82,95.71,1,1,0.81098
194,0,735.46,223.4,41.15,66.45,1,1,0.81177
194,1,155.93,205.21,44.75,84.16,1,1,0.81718
194,2,958.24,484.22,41.88,94.94,1,1,0.80378
194,4,1259.17,204.48,40.69,80.58,1,1,0.81025
194,5,913.43,309.57,40.06,77.57,1,1,0.8066
194,6,843.12,324.16,40.73,76.66,1,1,0.79237
194,7,1637.49,356.19,36.91,80.69,1,1,0.81046
194,8,1006.85,656.29,46.73,103.0,1,1,0.77587
194,9,872.09,308.39,36.06,67.19,1,1,0.74638
194,10,401.43,471.08,38.17,84.98,1,1,0.81719
194,11,1686.97,329.93,42.66,85.81,1,1,0.80734
194,12,1030.51,548.41,43.54,88.91,1,1,0.79982
194,13,699.08,230.54,32.64,73.1,1,1,0.78528
194,15,825.25,213.13,37.06,70.74,1,1,0.76288
194,19,793.11,662.84,42.79,96.38,1,1,0.74855
194,20,1060.09,709.54,42.39,103.43,1,1,0.80385
194,3,1364.29,501.08,39.15,94.74,1,1,0.75944
194,21,1243.4,386.34,48.75,86.91,1,1,0.79794
194,17,1211.14,699.82,42.06,102.21,1,1,0.80961
194,25,1170.32,567.76,48.43,96.41,1,1,0.81339
194,14,1634.78,469.98,41.59,96.4,1,1,0.79118
195,0,734.01,221.5,43.51,66.74,1,1,0.83329
195,1,159.51,204.47,45.01,84.21,1,1,0.82355
195,2,957.87,481.31,41.19,93.14,1,1,0.81204
195,4,1256.01,204.73,41.86,78.68,1,1,0.82417
195,5,910.34,308.02,39.14,77.58,1,1,0.81789
195,6,840.23,322.35,40.92,73.07,1,1,0.81401
195,7,1635.84,356.61,34.97,73.94,1,1,0.80522
195,8,1004.66,655.01,47.92,101.23,1,1,0.76045
195,9,867.97,306.09,34.69,63.64,1,1,0.77815
195,10,404.35,468.02,38.68,86.83,1,1,0.82705
195,11,1683.36,328.58,43.99,86.85,1,1,0.82403
195,12,1027.94,545.64,44.17,87.14,1,1,0.81191
195,13,699.48,226.98,33.05,67.4,1,1,0.80927
195,15,818.62,212.55,36.16,71.9,1,1,0.78803
195,19,790.64,659.69,42.32,96.96,1,1,0.75889
195,20,1061.47,706.25,41.91,105.41,1,1,0.81605
195,3,1362.37,499.61,37.83,87.82,1,1,0.74232
195,21,1236.73,383.63,52.22,86.37,1,1,0.82909
195,17,1210.16,696.24,42.05,103.88,1,1,0.81016
195,25,1168.36,566.24,46.8,96.36,1,1,0.82954
195,14,1634.23,467.64,40.82,96.35,1,1,0.79459
196,0,733.14,220.01,44.58,65.36,1,1,0.80918
196,1,162.65,204.26,46.32,82.89,1,1,0.80881
196,2,958.1,478.92,38.51,89.07,1,1,0.77584
196,4,1253.88,205.4,40.17,76.67,1,1,0.78453
196,5,906.62,306.24,40.78,75.64,1,1,0.78034
196,6,836.86,320.48,42.84,73.1,1,1,0.77099
196,7,1633.13,356.38,35.33,74.09,1,1,0.78085
196,8,1002.88,654.16,47.65,99.26,1,1,0.70848
196,9,865.26,303.33,33.27,67.5,1,1,0.71256
196,10,408.32,464.05,38.54,87.13,1,1,0.80446
196,11,1679.66,326.5,45.27,87.61,1,1,0.80163
196,12,1026.73,544.2,42.29,85.11,1,1,0.78
196,13,700.66,224.05,32.8,64.85,1,1,0.78636
196,15,813.2,212.17,33.27,71.45,1,1,0.76636
196,19,788.47,656.31,40.26,95.02,1,1,0.7391
196,20,1062.98,702.93,40.54,104.61,1,1,0.78031
196,3,1360.78,497.54,36.48,73.81,1,1,0.7179
196,21,1228.48,381.07,52.39,82.8,1,1,0.78313
196,17,1209.14,692.16,41.91,103.32,1,1,0.78205
196,25,1167.05,564.13,44.52,97.31,1,1,0.80781
196,14,1633.81,465.87,39.83,95.12,1,1,0.77418
197,0,732.24,218.43,46.5,63.13,1,1,0.82162
197,1,167.08,204.33,47.59,82.56,1,1,0.82299
197,2,957.37,477.1,37.47,86.64,1,1,0.80012
197,4,1252.24,205.85,36.4,75.31,1,1,0.80428
197,5,901.19,304.67,44.8,74.09,1,1,0.79695
197,6,833.83,318.56,39.72,73.76,1,1,0.78765
197,7,1630.92,355.78,36.25,76.57,1,1,0.79936
197,8,1002.52,650.87,47.75,100.44,1,1,0.7464
197,9,861.87,301.6,33.57,72.39,1,1,0.77644
197,10,412.6,460.3,37.25,88.08,1,1,0.80669
197,11,1675.79,325.51,45.69,85.35,1,1,0.81689
197,12,1023.54,541.6,44.5,86.96,1,1,0.80235
197,13,701.79,221.71,33.71,67.79,1,1,0.7917
197,15,807.83,212.68,33.33,69.91,1,1,0.78351
197,19,784.53,651.11,41.69,98.14,1,1,0.76535
197,20,1063.54,699.42,40.27,105.6,1,1,0.79647
197,3,1358.5,495.57,38.19,86.33,1,1,0.77046
197,21,1220.09,378.58,54.63,80.85,1,1,0.81519
197,17,1207.77,687.94,42.75,103.15,1,1,0.79691
197,25,1164.98,561.73,44.09,99.75,1,1,0.82361
197,14,1632.81,465.18,39.47,92.63,1,1,0.78772
198,0,731.56,217.15,48.66,61.15,1,1,0.83674
198,1,170.78,204.47,50.74,83.18,1,1,0.83769
198,2,956.51,475.03,36.95,86.0,1,1,0.81189
198,4,1250.8,205.96,33.12,74.94,1,1,0.81136
198,5,900.69,304.22,44.61,70.44,1,1,0.81053
198,6,830.93,316.69,38.09,75.4,1,1,0.80375
198,7,1628.23,354.83,37.6,78.02,1,1,0.81655
198,8,1002.34,647.03,45.81,104.17,1,1,0.79112
198,9,858.7,300.02,33.95,74.67,1,1,0.79945
198,10,415.74,456.6,38.29,86.55,1,1,0.82228
198,11,1671.25,324.37,45.33,83.07,1,1,0.81412
198,12,1020.34,538.06,46.65,88.84,1,1,0.82383
198,13,702.71,219.83,34.55,68.45,1,1,0.81635
198,15,802.12,210.36,35.08,71.34,1,1,0.8022
198,19,783.55,646.0,42.84,100.01,1,1,0.80182
198,20,1063.49,695.97,41.29,106.16,1,1,0.82244
198,3,1355.66,493.7,40.79,92.06,1,1,0.79988
198,21,1213.23,376.66,50.59,81.68,1,1,0.82432
198,17,1205.87,683.88,43.51,103.07,1,1,0.81589
198,25,1163.16,558.57,44.91,102.46,1,1,0.83266
198,14,1632.41,464.83,38.54,89.95,1,1,0.81097
199,0,731.72,215.86,47.1,60.66,1,1,0.82767
199,1,175.63,204.56,50.67,81.98,1,1,0.82305
199,2,955.23,472.85,36.75,87.4,1,1,0.81427
199,4,1249.52,205.21,29.47,75.25,1,1,0.80487
199,5,900.29,300.51,42.94,70.16,1,1,0.81198
199,6,828.06,313.92,36.79,76.43,1,1,0.80996
199,7,1625.72,354.46,38.46,76.75,1,1,0.80943
199,8,1001.44,642.57,44.82,106.11,1,1,0.7829
199,9,855.93,298.29,35.27,78.21,1,1,0.80271
199,10,420.46,454.24,37.59,84.19,1,1,0.80646
199,11,1667.22,322.25,45.41,80.41,1,1,0.81742
199,12,1018.01,533.75,46.61,90.32,1,1,0.82094
199,13,704.93,217.45,33.71,66.77,1,1,0.81409
199,15,798.34,208.72,35.78,67.47,1,1,0.81166
199,19,783.95,641.41,41.76,100.27,1,1,0.79121
199,20,1063.79,692.26,41.5,105.28,1,1,0.8119
199,3,1352.23,492.37,43.78,93.97,1,1,0.80151
199,21,1207.14,375.07,44.67,83.25,1,1,0.80545
199,17,1204.32,680.3,43.9,101.63,1,1,0.8066
199,25,1161.82,555.74,45.64,102.85,1,1,0.83318
199,14,1631.51,463.93,37.93,87.13,1,1,0.80859
200,0,731.88,214.64,44.69,60.35,1,1,0.82881
200,1,180.52,203.85,51.12,83.82,1,1,0.82906
200,2,954.5,469.61,36.77,88.08,1,1,0.80932
200,4,1248.34,205.49,26.98,74.53,1,1,0.79011
200,5,898.97,298.25,38.28,69.39,1,1,0.79223
200,6,826.14,310.19,35.81,79.82,1,1,0.79319
200,7,1623.11,353.01,40.05,75.79,1,1,0.81033
200,8,1000.94,638.93,44.78,106.86,1,1,0.79251
200,9,854.54,295.27,37.65,81.93,1,1,0.8031
200,10,424.87,452.85,36.79,81.26,1,1,0.80569
200,11,1662.98,320.87,46.43,77.42,1,1,0.83271
200,12,1016.31,529.51,47.75,91.76,1,1,0.81612
200,13,706.69,214.69,33.82,68.06,1,1,0.78277
200,15,793.76,208.15,37.14,63.84,1,1,0.80471
200,19,784.2,636.52,40.66,101.09,1,1,0.79731
200,20,1064.62,689.03,42.01,104.01,1,1,0.81166
200,3,1348.74,490.82,47.06,94.74,1,1,0.8134
200,21,1201.21,374.09,39.76,83.42,1,1,0.80615
200,17,1202.52,676.69,44.47,101.17,1,1,0.81301
200,25,1160.25,552.85,46.86,103.57,1,1,0.84382
200,14,1631.31,462.76,37.07,86.66,1,1,0.80858
201,0,732.94,213.42,40.33,59.67,1,1,0.82688
201,1,186.11,203.16,50.52,84.27,1,1,0.82744
201,2,953.8,465.92,37.23,87.88,1,1,0.79252
201,4,1246.9,205.96,27.43,74.13,1,1,0.79276
201,5,895.02,293.77,37.47,71.31,1,1,0.80412
201,6,824.12,306.6,35.84,78.57,1,1,0.80147
201,7,1620.13,351.04,43.59,76.09,1,1,0.80899
201,8,1000.75,636.53,44.62,105.13,1,1,0.78913
201,9,851.37,292.11,42.74,83.76,1,1,0.8146
201,10,429.92,448.95,36.19,79.78,1,1,0.80031
201,11,1659.16,319.84,45.63,76.33,1,1,0.83562
201,12,1015.57,526.24,46.71,87.98,1,1,0.80407
201,13,708.67,212.14,33.48,68.52,1,1,0.80241
201,15,789.97,207.31,35.51,60.37,1,1,0.8191
201,19,785.29,631.8,40.0,98.07,1,1,0.80081
201,20,1065.35,687.03,42.08,101.22,1,1,0.81512
201,3,1346.31,489.47,48.17,93.63,1,1,0.80918
201,21,1193.75,372.73,41.52,84.79,1,1,0.79915
201,17,1201.05,673.73,45.14,100.27,1,1,0.81095
201,25,1159.34,550.5,47.58,101.97,1,1,0.84665
201,14,1630.86,460.43,37.12,87.92,1,1,0.80184
202,0,734.6,212.73,35.37,57.89,1,1,0.80817
202,1,193.75,202.69,47.88,83.92,1,1,0.81285
202,2,954.09,462.96,36.24,82.16,1,1,0.74266
202,4,1245.59,206.75,28.11,72.24,1,1,0.76851
202,5,893.99,292.38,35.95,69.93,1,1,0.77349
202,6,822.99,304.04,37.49,76.18,1,1,0.77883
202,7,1618.07,349.76,45.21,73.96,1,1,0.77762
202,8,1001.56,634.16,43.62,102.28,1,1,0.77228
202,9,849.5,289.88,43.92,79.64,1,1,0.74577
202,10,434.25,446.5,36.29,77.28,1,1,0.79079
202,11,1655.31,318.99,43.7,76.57,1,1,0.81458
202,12,1015.08,523.26,43.97,83.63,1,1,0.77901
202,13,710.77,210.51,32.4,65.52,1,1,0.80553
202,15,786.55,206.7,32.22,61.3,1,1,0.80146
202,19,786.55,628.6,39.04,92.68,1,1,0.7812
202,20,1067.19,685.89,40.96,98.2,1,1,0.78887
202,3,1345.25,488.38,48.03,92.51,1,1,0.79018
202,21,1187.05,371.1,45.46,83.71,1,1,0.77868
202,17,1200.63,671.82,44.49,98.64,1,1,0.79373
202,25,1159.33,548.73,46.76,99.38,1,1,0.80879
202,14,1630.47,458.09,37.2,88.6,1,1,0.79065
203,0,734.99,212.02,33.72,56.41,1,1,0.80976
203,1,198.28,199.98,47.76,84.34,1,1,0.81846
203,2,953.32,458.88,35.89,79.8,1,1,0.76677
203,4,1244.08,203.87,30.03,74.49,1,1,0.7833
203,5,892.26,288.24,35.18,71.03,1,1,0.80288
203,6,821.31,302.01,38.44,71.02,1,1,0.80206
203,7,1616.54,345.84,43.78,74.06,1,1,0.78423
203,8,1001.4,631.43,43.94,99.13,1,1,0.78622
203,9,847.17,286.67,45.08,75.14,1,1,0.74934
203,10,437.88,443.58,36.83,76.23,1,1,0.79574
203,11,1652.42,317.17,43.26,77.98,1,1,0.81832
203,12,1013.05,519.63,42.94,81.59,1,1,0.78446
203,13,711.89,208.51,32.63,62.41,1,1,0.8143
203,15,783.56,205.1,31.76,63.44,1,1,0.8028
203,19,786.31,625.0,39.32,91.4,1,1,0.78183
203,20,1068.21,684.11,41.61,97.9,1,1,0.79976
203,3,1344.78,486.85,47.71,91.68,1,1,0.7962
203,21,1179.99,368.4,51.41,83.46,1,1,0.81005
203,17,1199.3,670.28,45.29,97.6,1,1,0.80582
203,25,1159.14,546.46,45.7,97.36,1,1,0.81588
203,14,1630.7,455.12,37.71,89.52,1,1,0.80112
204,0,735.25,211.71,34.84,56.02,1,1,0.8175
204,1,202.64,197.92,47.96,84.92,1,1,0.82843
204,2,952.38,455.92,36.95,80.94,1,1,0.79816
204,4,1241.15,202.09,34.39,75.92,1,1,0.78571
204,5,889.82,284.61,36.63,74.07,1,1,0.8147
204,6,819.34,300.04,38.04,69.81,1,1,0.8084
204,7,1615.45,343.29,44.47,74.82,1,1,0.80273
204,8,1001.85,629.17,43.57,97.92,1,1,0.79058
204,9,845.29,284.78,48.04,74.21,1,1,0.81487
204,10,441.14,440.07,37.03,78.18,1,1,0.80172
204,11,1650.4,314.6,42.09,79.4,1,1,0.8071
204,12,1011.23,517.42,43.36,81.13,1,1,0.79935
204,13,713.15,207.89,32.54,60.27,1,1,0.81405
204,15,780.29,205.42,31.73,61.84,1,1,0.80561
204,19,785.72,621.89,40.55,93.81,1,1,0.80503
204,20,1069.18,682.02,42.93,99.26,1,1,0.82085
204,3,1343.83,485.75,46.55,90.76,1,1,0.80825
204,21,1171.87,366.66,57.62,80.5,1,1,0.8219
204,17,1197.41,667.94,46.7,99.01,1,1,0.8231
204,25,1159.46,545.18,43.61,94.71,1,1,0.83345
204,14,1630.71,453.33,38.64,90.46,1,1,0.81242
204,32,180.27,198.88,39.17,68.18,1,1,0.75705
205,0,735.31,210.26,37.07,55.92,1,1,0.82967
205,1,207.09,195.72,48.29,84.91,1,1,0.83851
205,2,950.75,452.74,40.28,83.01,1,1,0.82341
205,4,1237.23,200.58,39.28,75.49,1,1,0.77665
205,5,887.61,281.39,37.23,73.17,1,1,0.83029
205,6,816.52,297.72,39.39,71.46,1,1,0.82757
205,7,1613.96,341.33,45.11,75.84,1,1,0.81846
205,8,1001.65,626.96,44.66,96.51,1,1,0.80917
205,9,841.76,282.23,42.2,70.24,1,1,0.80757
205,10,444.66,435.86,36.81,81.42,1,1,0.811
205,11,1648.46,311.74,43.02,81.5,1,1,0.8339
205,12,1009.18,515.55,43.28,81.67,1,1,0.81941
205,13,714.04,206.88,32.42,57.54,1,1,0.81513
205,15,775.79,203.6,34.11,64.26,1,1,0.81431
205,19,785.76,617.88,41.12,97.63,1,1,0.82425
205,20,1070.18,679.23,43.07,101.02,1,1,0.83243
205,3,1342.5,484.49,44.47,90.81,1,1,0.83001
205,21,1165.53,364.25,57.74,77.77,1,1,0.81351
205,17,1196.83,665.08,47.13,101.23,1,1,0.81829
205,25,1159.13,543.52,41.57,92.52,1,1,0.84624
205,14,1630.69,451.01,40.15,90.89,1,1,0.82553
205,32,182.44,196.31,38.95,68.41,1,1,0.76518
206,0,737.93,209.88,36.19,53.95,1,1,0.83093
206,1,210.61,193.66,49.54,83.54,1,1,0.83489
206,2,950.51,450.76,42.03,84.06,1,1,0.82569
206,4,1234.84,200.52,42.79,73.39,1,1,0.73855
206,5,885.05,277.98,39.4,72.93,1,1,0.83304
206,6,814.64,295.7,40.37,71.65,1,1,0.82186
206,7,1613.47,340.42,44.7,76.48,1,1,0.82335
206,8,1001.75,625.5,44.71,95.63,1,1,0.81084
206,9,839.29,279.97,36.17,69.54,1,1,0.79365
206,10,448.43,431.63,37.06,85.19,1,1,0.82294
206,11,1646.19,309.17,45.06,82.21,1,1,0.84069
206,12,1008.25,512.21,42.82,84.33,1,1,0.81774
206,13,714.95,206.67,32.74,58.41,1,1,0.81347
206,15,772.27,203.16,37.61,61.02,1,1,0.82307
206,19,785.39,613.55,42.34,100.65,1,1,0.82938
206,20,1071.53,676.52,43.39,102.35,1,1,0.83326
206,3,1341.75,483.15,42.2,91.12,1,1,0.83229
206,21,1162.93,361.3,51.83,78.32,1,1,0.78604
206,17,1197.4,661.76,47.07,102.87,1,1,0.82507
206,25,1160.2,541.77,39.01,92.23,1,1,0.84938
206,14,1631.63,449.0,41.57,89.53,1,1,0.82799
206,32,184.21,194.09,40.2,69.12,1,1,0.79923
207,0,739.22,207.17,36.49,54.07,1,1,0.82329
207,1,214.51,192.55,50.27,78.98,1,1,0.8175
207,2,949.88,447.7,43.13,86.32,1,1,0.82275
207,4,1234.63,199.99,43.43,73.46,1,1,0.77142
207,5,883.36,275.55,39.87,70.2,1,1,0.83597
207,6,813.07,293.36,40.85,70.01,1,1,0.81526
207,7,1612.73,339.37,44.98,77.72,1,1,0.82049
207,8,1002.99,623.96,44.0,95.59,1,1,0.81045
207,9,837.86,277.51,34.66,71.26,1,1,0.79384
207,10,452.25,428.21,36.39,85.29,1,1,0.82146
207,11,1643.19,306.75,45.28,77.7,1,1,0.84384
207,12,1006.64,508.38,43.1,86.96,1,1,0.82727
207,13,718.98,203.38,30.1,58.12,1,1,0.80754
207,15,768.56,201.64,40.91,57.44,1,1,0.83457
207,19,785.99,609.02,42.37,102.58,1,1,0.82584
207,20,1072.61,673.01,44.14,104.71,1,1,0.84096
207,3,1342.46,481.71,39.96,92.31,1,1,0.82505
207,21,1160.27,359.14,45.46,80.64,1,1,0.81605
207,17,1199.43,658.16,45.37,103.5,1,1,0.82287
207,25,1161.06,539.36,38.98,94.22,1,1,0.84827
207,14,1632.87,447.9,42.58,87.11,1,1,0.83128
207,32,189.76,192.93,39.21,69.94,1,1,0.77983
208,0,741.55,204.57,36.4,54.34,1,1,0.80886
208,1,219.3,191.06,48.84,75.97,1,1,0.80924
208,2,949.08,445.56,43.14,87.61,1,1,0.80876
208,4,1236.6,200.76,41.73,72.44,1,1,0.79345
208,5,881.84,272.99,39.61,69.28,1,1,0.82953
208,6,810.7,289.72,40.1,71.58,1,1,0.80548
208,7,1612.55,338.32,42.17,78.13,1,1,0.81348
208,8,1003.96,621.9,43.95,96.05,1,1,0.80584
208,9,836.41,274.86,35.24,71.22,1,1,0.78757
208,10,455.82,424.42,37.0,88.13,1,1,0.81516
208,11,1641.58,304.49,46.25,77.55,1,1,0.83004
208,12,1006.22,504.98,44.0,88.77,1,1,0.819
208,13,722.63,197.87,27.68,60.8,1,1,0.78395
208,15,766.53,199.69,41.11,55.06,1,1,0.82872
208,19,785.56,605.11,43.64,102.99,1,1,0.82141
208,20,1074.28,670.04,44.82,105.42,1,1,0.83584
208,3,1343.47,480.04,39.22,93.42,1,1,0.81
208,21,1156.32,356.8,39.94,82.36,1,1,0.82113
208,17,1200.86,654.7,44.75,103.66,1,1,0.81845
208,25,1162.75,536.43,39.4,97.7,1,1,0.84568
208,14,1635.12,446.84,42.18,85.28,1,1,0.82871
208,32,193.71,191.12,38.92,71.09,1,1,0.77558
209,0,744.55,202.69,35.16,54.99,1,1,0.76811
209,1,223.87,189.88,48.34,74.75,1,1,0.79359
209,2,949.99,445.16,41.31,87.68,1,1,0.7975
209,4,1238.97,197.6,37.74,76.35,1,1,0.7562
209,5,880.96,270.71,36.95,70.19,1,1,0.82226
209,6,807.68,286.97,38.63,69.9,1,1,0.80546
209,7,1612.77,336.73,39.65,79.18,1,1,0.80816
209,8,1004.94,619.95,44.1,97.3,1,1,0.79623
209,9,835.27,272.19,34.68,75.58,1,1,0.78176
209,10,458.72,421.97,37.15,86.49,1,1,0.80854
209,11,1643.08,303.24,40.63,74.69,1,1,0.81648
209,12,1004.95,501.77,46.32,89.9,1,1,0.80917
209,13,725.63,194.12,27.29,63.96,1,1,0.78499
209,15,764.63,199.76,39.1,53.23,1,1,0.80689
209,19,786.19,602.2,43.44,102.32,1,1,0.80363
209,20,1076.77,667.82,45.01,105.2,1,1,0.8199
209,3,1344.15,476.83,39.33,95.15,1,1,0.79864
209,21,1152.32,355.38,38.63,82.53,1,1,0.79842
209,17,1201.6,652.84,45.32,102.95,1,1,0.81681
209,25,1163.12,534.07,41.11,99.74,1,1,0.8388
209,14,1636.83,446.14,42.1,83.99,1,1,0.83273
209,32,198.27,189.8,38.7,72.11,1,1,0.7523
210,1,226.96,188.74,48.55,73.99,1,1,0.79383
210,2,949.9,443.52,38.07,89.33,1,1,0.79065
210,4,1239.57,198.66,34.66,75.47,1,1,0.76604
210,5,878.75,268.36,36.96,73.17,1,1,0.82163
210,6,805.6,284.72,38.34,70.95,1,1,0.79529
210,7,1613.41,334.74,38.07,79.54,1,1,0.80355
210,8,1005.38,617.16,43.38,98.62,1,1,0.79075
210,9,833.42,269.72,34.23,78.59,1,1,0.77857
210,10,461.43,419.6,36.94,84.67,1,1,0.81504
210,11,1643.42,301.73,35.35,71.48,1,1,0.80057
210,12,1002.98,499.14,49.81,89.7,1,1,0.82004
210,13,728.27,189.69,30.04,66.34,1,1,0.7909
210,15,761.51,198.94,35.14,52.59,1,1,0.79613
210,19,786.17,599.07,43.71,97.82,1,1,0.81366
210,20,1078.59,665.64,45.6,105.28,1,1,0.82788
210,3,1343.94,473.85,40.57,96.54,1,1,0.79126
210,21,1147.46,352.78,39.87,83.55,1,1,0.81344
210,17,1201.13,650.9,45.38,101.16,1,1,0.8224
210,25,1163.61,531.91,42.96,100.35,1,1,0.8284
210,14,1638.67,444.86,40.85,83.34,1,1,0.83138
210,32,201.75,188.69,37.51,72.38,1,1,0.74484
211,1,230.26,188.21,48.18,73.68,1,1,0.78292
211,2,950.42,441.9,36.18,90.18,1,1,0.7867
211,4,1240.46,198.49,31.47,76.01,1,1,0.74926
211,5,877.74,265.61,39.02,74.37,1,1,0.826
211,6,803.36,283.05,40.94,70.69,1,1,0.79563
211,7,1613.42,333.43,40.16,80.46,1,1,0.80284
211,8,1006.08,614.8,42.78,97.45,1,1,0.77936
211,9,831.21,268.65,35.2,80.42,1,1,0.7795
211,10,464.43,417.83,36.42,82.15,1,1,0.81111
211,11,1644.3,301.13,32.12,71.39,1,1,0.78973
211,12,1001.96,496.85,51.65,90.2,1,1,0.82469
211,13,729.87,186.68,30.94,66.19,1,1,0.80596
211,15,758.4,197.22,34.21,54.54,1,1,0.80435
211,19,787.64,596.66,42.49,92.21,1,1,0.80718
211,20,1081.27,664.07,45.38,104.87,1,1,0.82771
211,3,1343.86,472.51,42.88,96.36,1,1,0.79578
211,21,1142.98,351.13,43.02,82.21,1,1,0.81277
211,17,1201.84,649.56,45.17,98.72,1,1,0.81494
211,25,1164.33,530.39,46.3,99.56,1,1,0.82692
211,14,1641.06,443.29,39.67,84.35,1,1,0.8167
211,32,204.75,188.68,37.48,72.38,1,1,0.74585
212,1,234.12,187.49,46.57,73.29,1,1,0.7465
212,2,951.79,439.1,32.23,85.24,1,1,0.71818
212,4,1241.35,194.42,27.39,78.51,1,1,0.71175
212,5,876.42,263.43,37.32,71.82,1,1,0.75519
212,6,800.78,281.35,37.47,68.13,1,1,0.75601
212,7,1613.31,331.87,35.95,76.82,1,1,0.75745
212,8,1006.24,613.13,39.53,88.54,1,1,0.78154
212,9,828.88,266.45,33.54,76.74,1,1,0.72039
212,10,467.24,417.31,34.62,76.26,1,1,0.77229
212,11,1644.92,299.92,27.03,68.07,1,1,0.74056
212,12,1002.55,496.21,47.23,83.51,1,1,0.76851
212,13,730.71,184.05,29.1,61.74,1,1,0.77547
212,15,757.56,196.57,33.7,54.15,1,1,0.78532
212,19,790.11,596.29,37.86,82.53,1,1,0.77531
212,20,1084.56,663.92,43.69,98.33,1,1,0.79262
212,3,1345.24,472.07,37.74,90.23,1,1,0.72711
212,21,1138.52,352.68,42.37,74.33,1,1,0.79541
212,17,1202.36,648.72,42.9,94.11,1,1,0.78113
212,25,1165.5,529.54,45.04,94.28,1,1,0.79112
212,14,1643.23,441.15,37.81,84.54,1,1,0.77567
212,32,207.45,188.24,36.06,71.19,1,1,0.70862
213,1,237.65,186.4,43.0,73.17,1,1,0.73849
213,2,952.97,435.94,28.72,80.47,1,1,0.72144
213,4,1241.45,191.58,26.37,80.1,1,1,0.74101
213,5,874.39,260.86,34.65,66.28,1,1,0.74689
213,6,796.9,279.36,34.65,66.39,1,1,0.75204
213,7,1613.36,330.84,32.54,73.57,1,1,0.77333
213,8,1005.55,610.99,37.77,84.76,1,1,0.79821
213,9,826.99,264.71,31.36,72.57,1,1,0.73862
213,10,469.98,417.37,33.22,71.02,1,1,0.76309
213,11,1644.05,298.14,24.83,67.62,1,1,0.76848
213,12,1001.76,495.0,41.96,76.59,1,1,0.76706
213,13,731.9,178.8,27.08,59.62,1,1,0.74685
213,15,756.29,194.95,32.52,53.76,1,1,0.75767
213,19,791.5,594.58,34.94,78.82,1,1,0.78392
213,20,1087.64,663.55,40.81,92.02,1,1,0.79278
213,3,1345.61,471.37,34.81,87.07,1,1,0.72636
213,21,1134.29,350.27,38.44,70.72,1,1,0.78541
213,17,1202.67,647.45,39.8,90.66,1,1,0.77857
213,25,1165.28,528.27,42.59,89.85,1,1,0.79847
213,14,1645.01,438.27,36.24,84.38,1,1,0.77956
213,32,209.49,187.9,33.86,67.94,1,1,0.70675
214,1,239.94,186.29,41.45,71.8,1,1,0.74766
214,2,953.05,433.75,27.93,78.21,1,1,0.72628
214,4,1241.42,190.78,27.08,80.54,1,1,0.75628
214,5,871.8,258.92,31.9,63.36,1,1,0.75295
214,6,794.62,277.51,32.69,65.66,1,1,0.74946
214,7,1614.32,329.81,30.41,71.93,1,1,0.76473
214,8,1004.89,609.92,37.68,82.5,1,1,0.8066
214,9,825.44,263.16,30.67,69.85,1,1,0.74327
214,10,472.87,417.99,31.9,68.91,1,1,0.76393
214,11,1642.13,296.23,23.92,66.48,1,1,0.76895
214,12,1000.45,493.94,37.35,74.29,1,1,0.76257
214,13,733.36,174.41,27.16,60.17,1,1,0.74675
214,15,755.87,193.77,31.71,54.2,1,1,0.74883
214,19,792.21,592.49,33.66,79.5,1,1,0.77848
214,20,1089.97,662.87,39.69,88.29,1,1,0.78978
214,3,1345.34,470.66,33.75,86.37,1,1,0.73446
214,21,1130.24,347.71,33.19,70.73,1,1,0.79082
214,17,1203.24,645.03,39.14,90.54,1,1,0.78335
214,25,1165.37,527.47,41.62,88.23,1,1,0.80473
214,14,1646.86,436.04,35.12,83.19,1,1,0.76026
214,32,211.11,187.74,33.51,65.88,1,1,0.718
215,1,241.43,185.25,42.94,72.07,1,1,0.77412
215,2,951.76,431.45,28.85,76.99,1,1,0.73083
215,4,1239.52,190.41,29.72,80.67,1,1,0.76389
215,5,868.78,256.98,32.39,64.32,1,1,0.77071
215,6,791.12,275.13,33.4,67.05,1,1,0.75884
215,7,1613.84,328.78,31.44,71.34,1,1,0.76823
215,8,1004.17,609.09,37.78,81.95,1,1,0.79573
215,9,822.11,261.35,32.74,72.16,1,1,0.75311
215,10,475.19,415.36,30.77,70.55,1,1,0.76981
215,11,1639.43,293.6,23.93,66.96,1,1,0.76204
215,12,998.84,492.49,36.25,74.69,1,1,0.75314
215,13,734.12,172.21,27.49,60.85,1,1,0.69728
215,15,754.7,192.43,33.11,54.71,1,1,0.76236
215,19,791.57,589.55,34.31,81.12,1,1,0.7853
215,20,1091.96,661.42,39.66,90.12,1,1,0.78625
215,3,1344.71,470.35,33.65,87.09,1,1,0.7509
215,21,1125.32,345.95,32.15,70.97,1,1,0.78759
215,17,1203.2,641.98,40.29,92.04,1,1,0.78514
215,25,1165.29,526.67,42.87,88.02,1,1,0.81298
215,14,1648.17,434.25,35.31,83.49,1,1,0.7645
215,32,212.3,186.13,34.82,66.67,1,1,0.74507
216,1,243.67,184.02,42.73,71.05,1,1,0.75785
216,2,950.73,429.36,29.11,76.58,1,1,0.73957
216,4,1236.67,191.04,32.17,78.43,1,1,0.77026
216,5,865.47,256.1,31.73,61.78,1,1,0.76901
216,6,789.51,272.55,32.61,67.0,1,1,0.75106
216,7,1612.73,328.77,31.42,70.35,1,1,0.77093
216,8,1003.21,608.1,38.03,82.14,1,1,0.79554
216,9,819.79,259.52,34.13,70.99,1,1,0.75939
216,10,477.2,410.93,30.04,74.04,1,1,0.77407
216,11,1636.64,291.42,23.39,58.01,1,1,0.72923
216,12,996.34,490.28,35.37,75.89,1,1,0.75217
216,13,734.94,173.63,27.03,60.72,1,1,0.6463
216,15,754.79,190.64,31.91,54.71,1,1,0.75759
216,19,790.24,583.56,34.03,86.64,1,1,0.78245
216,20,1093.11,659.27,39.55,91.41,1,1,0.78545
216,3,1344.29,469.47,32.96,87.67,1,1,0.75755
216,21,1119.63,344.4,31.42,72.44,1,1,0.78601
216,17,1203.17,638.55,40.79,94.28,1,1,0.77647
216,25,1164.74,525.5,41.73,88.58,1,1,0.82095
216,14,1648.64,432.77,35.34,84.92,1,1,0.77635
216,32,213.99,184.51,35.6,67.17,1,1,0.73693
217,1,244.79,183.09,43.52,71.56,1,1,0.78222
217,2,949.29,428.29,30.34,77.68,1,1,0.74503
217,4,1233.15,191.67,35.4,78.1,1,1,0.78203
217,5,861.29,254.32,33.09,64.86,1,1,0.78229
217,6,785.54,270.8,34.61,70.68,1,1,0.77447
217,7,1610.57,328.13,32.96,71.61,1,1,0.76793
217,8,1001.27,607.26,39.65,83.0,1,1,0.78347
217,9,816.16,257.17,39.3,72.71,1,1,0.76998
217,10,478.93,407.11,31.0,77.5,1,1,0.78054
217,11,1633.81,289.69,24.28,60.08,1,1,0.73732
217,12,993.19,487.78,38.18,78.86,1,1,0.75435
217,13,735.74,170.2,27.75,63.41,1,1,0.7313
217,15,752.19,188.89,33.78,56.58,1,1,0.7623
217,19,788.79,578.57,35.27,89.6,1,1,0.77707
217,20,1093.95,656.93,40.51,94.66,1,1,0.7815
217,3,1342.54,468.02,34.71,90.23,1,1,0.78345
217,21,1112.4,342.38,31.64,74.99,1,1,0.8007
217,17,1202.52,636.06,41.88,94.87,1,1,0.77369
217,25,1163.17,524.48,42.77,90.29,1,1,0.82896
217,14,1648.83,431.96,35.68,84.85,1,1,0.78782
217,32,215.88,183.04,37.48,66.38,1,1,0.74413
218,1,245.71,182.12,43.84,70.0,1,1,0.78436
218,2,948.18,426.72,30.73,79.28,1,1,0.74571
218,4,1232.02,191.96,35.26,76.87,1,1,0.77563
218,5,857.38,253.26,33.1,67.48,1,1,0.77171
218,6,781.52,268.8,36.68,72.16,1,1,0.77194
218,7,1608.55,327.55,32.35,72.15,1,1,0.7718
218,8,999.71,605.53,40.7,85.35,1,1,0.77193
218,9,812.37,254.63,45.77,73.88,1,1,0.78429
218,10,480.98,403.83,31.9,78.32,1,1,0.78391
218,11,1630.87,288.5,25.04,60.58,1,1,0.74384
218,12,989.66,484.04,40.76,82.68,1,1,0.75767
218,13,739.47,166.77,27.06,58.99,1,1,0.69601
218,15,752.07,186.63,32.52,58.26,1,1,0.7083
218,19,787.24,574.61,36.69,93.43,1,1,0.7796
218,20,1094.42,654.25,41.42,96.35,1,1,0.78385
218,3,1341.09,466.08,36.13,92.46,1,1,0.79225
218,21,1105.23,339.08,34.16,76.03,1,1,0.78139
218,17,1202.21,632.72,42.06,95.7,1,1,0.76948
218,25,1161.56,522.67,41.96,93.28,1,1,0.82751
218,14,1649.02,431.75,36.0,84.05,1,1,0.79126
218,32,217.51,181.44,38.69,66.54,1,1,0.76072
219,1,245.73,181.18,45.11,69.51,1,1,0.79771
219,2,946.3,425.74,32.4,81.87,1,1,0.76893
219,4,1231.14,192.43,32.94,76.7,1,1,0.7764
219,5,851.27,249.83,34.47,71.07,1,1,0.80142
219,6,776.72,266.63,38.89,70.16,1,1,0.80086
219,7,1605.81,327.03,33.35,73.77,1,1,0.79139
219,8,996.65,603.51,42.86,89.96,1,1,0.77685
219,9,807.15,251.93,40.84,69.95,1,1,0.7821
219,10,482.33,401.0,32.02,79.37,1,1,0.79173
219,11,1626.76,287.37,26.85,58.04,1,1,0.75225
219,12,985.69,480.05,43.87,86.34,1,1,0.79378
219,13,739.38,165.41,28.7,55.91,1,1,0.71246
219,15,747.88,184.22,33.33,60.7,1,1,0.68692
219,19,786.05,571.05,37.58,93.68,1,1,0.787
219,20,1095.13,651.91,41.44,98.27,1,1,0.79466
219,3,1339.44,464.14,37.4,94.76,1,1,0.79779
219,21,1097.84,336.1,35.5,74.45,1,1,0.79656
219,17,1200.37,630.09,43.69,97.15,1,1,0.78244
219,25,1160.11,520.59,40.7,96.18,1,1,0.8306
219,14,1647.88,431.54,36.7,83.64,1,1,0.80941
219,32,218.56,180.16,40.15,66.93,1,1,0.76943
220,1,246.43,180.3,45.05,69.82,1,1,0.79424
220,2,943.95,424.26,32.65,84.76,1,1,0.74715
220,4,1229.86,193.53,31.29,76.64,1,1,0.77171
220,5,846.32,246.89,35.49,70.91,1,1,0.78974
220,6,772.26,265.16,37.88,66.34,1,1,0.79359
220,7,1603.23,326.6,34.65,74.95,1,1,0.78736
220,8,994.98,600.11,42.97,94.57,1,1,0.7646
220,9,802.5,250.24,36.52,64.78,1,1,0.76528
220,10,483.66,399.1,30.9,76.92,1,1,0.77905
220,11,1623.33,286.98,27.36,60.46,1,1,0.75048
220,12,983.05,477.21,46.56,87.76,1,1,0.77839
220,13,736.29,165.14,30.82,53.79,1,1,0.72258
220,15,746.17,186.92,34.05,57.68,1,1,0.66675
220,19,785.41,568.7,38.63,93.32,1,1,0.78631
220,20,1095.97,649.92,41.0,98.9,1,1,0.78801
220,3,1338.0,462.84,38.51,95.38,1,1,0.77368
220,21,1091.62,334.19,35.86,74.1,1,1,0.80665
220,17,1198.28,628.19,45.27,95.53,1,1,0.77689
220,25,1158.8,518.71,39.87,98.83,1,1,0.81743
220,14,1647.01,430.84,36.82,83.38,1,1,0.80785
220,32,219.55,179.66,40.3,66.64,1,1,0.77984
221,1,247.31,179.58,45.13,70.94,1,1,0.79535
221,2,941.42,421.92,32.49,86.12,1,1,0.71837
221,4,1227.86,194.97,29.32,74.62,1,1,0.74839
221,5,841.23,244.48,36.28,69.73,1,1,0.79699
221,6,768.48,264.14,36.58,66.2,1,1,0.80565
221,7,1601.38,325.75,35.46,75.4,1,1,0.78001
221,8,993.3,597.25,43.15,96.31,1,1,0.75627
221,9,798.29,249.34,34.81,65.57,1,1,0.77041
221,10,484.71,398.15,31.11,79.47,1,1,0.78011
221,11,1620.16,286.15,29.15,60.85,1,1,0.74781
221,12,980.0,475.28,47.87,84.68,1,1,0.75433
221,13,732.02,168.91,31.83,50.72,1,1,0.68862
221,15,744.47,186.85,36.48,57.12,1,1,0.70083
221,19,785.18,566.38,38.15,89.78,1,1,0.79351
221,20,1095.8,648.65,41.26,98.96,1,1,0.78966
221,3,1335.02,461.11,41.76,95.94,1,1,0.77245
221,21,1084.27,331.92,38.24,73.5,1,1,0.7929
221,17,1196.33,626.81,46.12,94.78,1,1,0.78816
221,25,1156.52,516.77,40.44,100.23,1,1,0.81098
221,14,1646.58,429.61,37.54,84.76,1,1,0.80827
221,32,221.6,179.04,39.53,66.34,1,1,0.77311
222,1,248.11,178.84,45.29,71.16,1,1,0.79119
222,2,940.95,419.45,31.33,85.3,1,1,0.70443
222,4,1225.41,194.0,28.7,75.95,1,1,0.6769
222,5,837.67,242.33,35.59,67.75,1,1,0.79633
222,6,764.52,262.47,35.31,64.47,1,1,0.81298
222,7,1598.92,324.4,36.81,74.57,1,1,0.76659
222,8,992.55,594.74,41.24,94.36,1,1,0.74864
222,9,794.84,248.31,35.72,70.03,1,1,0.80962
222,10,486.38,397.42,30.77,76.34,1,1,0.77697
222,11,1617.37,285.27,29.72,62.91,1,1,0.74398
222,12,977.35,473.9,48.1,80.62,1,1,0.73715
222,13,736.0,163.42,30.6,49.66,1,1,0.65075
222,15,741.14,183.95,39.24,59.26,1,1,0.64422
222,19,785.0,564.04,36.04,86.33,1,1,0.78894
222,20,1096.08,647.82,41.06,97.14,1,1,0.78234
222,3,1332.28,460.92,43.73,93.49,1,1,0.76799
222,21,1077.39,330.3,39.2,73.28,1,1,0.79505
222,17,1195.85,625.74,45.58,94.07,1,1,0.77953
222,25,1154.08,514.57,40.82,99.32,1,1,0.80905
222,14,1646.16,427.97,37.95,85.87,1,1,0.79796
222,32,224.24,178.48,38.49,64.85,1,1,0.76626
223,1,248.33,177.76,45.72,71.14,1,1,0.80472
223,2,937.46,417.39,33.74,85.38,1,1,0.75013
223,4,1222.08,192.32,30.46,78.02,1,1,0.76332
223,5,833.52,240.05,35.48,69.59,1,1,0.81388
223,6,759.45,260.81,35.94,65.79,1,1,0.82129
223,7,1595.48,322.76,42.2,75.31,1,1,0.7936
223,8,990.06,591.82,41.99,93.31,1,1,0.78581
223,9,791.85,246.1,33.67,68.28,1,1,0.7665
223,10,487.17,396.14,32.0,75.58,1,1,0.79337
223,11,1613.03,283.88,32.17,66.78,1,1,0.75164
223,12,972.65,472.13,50.08,77.31,1,1,0.79186
223,15,737.24,181.96,41.07,59.71,1,1,0.7103
223,19,783.16,560.63,36.65,86.15,1,1,0.82576
223,20,1095.82,646.73,41.63,96.38,1,1,0.80569
223,3,1329.57,460.15,46.34,92.08,1,1,0.79731
223,21,1070.95,328.51,39.12,73.95,1,1,0.79455
223,17,1194.24,625.47,45.86,93.57,1,1,0.81156
223,25,1151.0,512.08,43.07,100.15,1,1,0.83675
223,14,1645.48,425.47,38.85,87.87,1,1,0.81982
223,32,226.85,177.64,37.01,64.59,1,1,0.78208
224,1,249.24,175.83,46.7,72.8,1,1,0.82877
224,2,934.64,415.72,36.24,84.34,1,1,0.77771
224,4,1219.97,190.83,33.25,78.81,1,1,0.80223
224,5,830.82,237.91,35.3,70.95,1,1,0.82603
224,6,755.5,258.91,35.68,66.3,1,1,0.8325
224,7,1592.21,321.11,46.43,75.74,1,1,0.8154
224,8,988.8,588.34,42.35,94.77,1,1,0.79885
224,9,788.37,244.1,38.87,70.11,1,1,0.80225
224,10,487.83,394.15,33.94,76.05,1,1,0.80662
224,11,1609.03,281.51,38.82,74.78,1,1,0.78093
224,12,969.83,470.26,49.91,78.05,1,1,0.80912
224,15,735.34,180.29,41.61,60.09,1,1,0.7561
224,19,782.08,556.83,37.2,87.69,1,1,0.83358
224,20,1095.5,645.44,42.53,95.61,1,1,0.82565
224,3,1327.92,458.41,47.89,92.76,1,1,0.81798
224,21,1066.38,327.62,38.25,75.71,1,1,0.81559
224,17,1192.71,623.92,46.54,94.8,1,1,0.82354
224,25,1148.68,509.59,45.05,100.15,1,1,0.8484
224,14,1645.64,422.97,40.14,88.87,1,1,0.82301
224,32,228.98,176.08,36.05,65.54,1,1,0.79008
224,13,722.19,167.23,33.3,49.18,1,1,0.69302
225,1,249.96,175.21,47.64,71.28,1,1,0.81055
225,2,932.52,414.48,37.17,83.07,1,1,0.78767
225,4,1216.82,189.55,36.14,80.34,1,1,0.81552
225,5,827.23,236.0,33.82,68.4,1,1,0.83112
225,6,752.07,256.93,34.98,66.8,1,1,0.84457
225,7,1588.7,320.08,49.31,75.16,1,1,0.82796
225,8,987.05,586.09,42.65,95.81,1,1,0.80964
225,9,783.43,241.44,37.16,62.99,1,1,0.79274
225,10,489.24,392.39,34.43,77.04,1,1,0.80899
225,11,1605.64,279.62,40.1,76.35,1,1,0.78397
225,12,966.63,468.85,46.73,79.07,1,1,0.82335
225,15,731.78,178.93,42.33,60.52,1,1,0.7445
225,19,781.32,554.07,37.99,88.59,1,1,0.83874
225,20,1095.0,643.58,43.04,96.55,1,1,0.83551
225,3,1326.78,457.6,47.91,92.96,1,1,0.83087
225,21,1059.44,326.77,39.08,76.86,1,1,0.83289
225,17,1191.92,622.93,46.86,96.14,1,1,0.83536
225,25,1146.76,508.45,45.52,98.31,1,1,0.85528
225,14,1644.75,421.3,41.29,88.6,1,1,0.82876
225,32,230.35,176.07,35.41,64.93,1,1,0.77157
225,13,718.18,168.07,33.41,57.79,1,1,0.73891
226,1,251.37,174.96,47.66,71.19,1,1,0.81211
226,2,929.67,412.13,37.23,82.13,1,1,0.77961
226,4,1212.49,189.19,40.74,80.8,1,1,0.80138
226,5,823.81,233.54,33.05,69.08,1,1,0.82601
226,6,747.46,255.29,36.98,67.8,1,1,0.84522
226,7,1585.79,320.62,50.51,73.08,1,1,0.815
226,8,985.45,585.29,42.16,95.34,1,1,0.80669
226,9,779.17,239.95,40.84,67.75,1,1,0.81885
226,10,490.16,390.5,35.42,79.68,1,1,0.80585
226,11,1601.56,278.17,37.97,74.31,1,1,0.75995
226,12,963.79,467.51,41.86,81.2,1,1,0.80313
226,15,728.28,180.25,41.89,58.92,1,1,0.73268
226,19,780.84,551.19,38.18,89.37,1,1,0.8363
226,20,1094.44,642.28,43.16,97.64,1,1,0.83097
226,3,1325.2,457.55,46.29,91.6,1,1,0.82564
226,21,1052.51,324.96,38.87,73.9,1,1,0.80906
226,17,1190.78,621.94,46.04,97.31,1,1,0.83239
226,25,1145.69,507.88,44.5,97.4,1,1,0.85211
226,14,1643.43,420.45,42.36,87.23,1,1,0.82618
226,32,231.67,176.19,35.48,64.79,1,1,0.76807
226,13,715.93,169.18,32.14,60.06,1,1,0.72994
227,1,251.83,174.36,48.72,70.6,1,1,0.79731
227,2,927.66,409.45,36.78,83.28,1,1,0.7783
227,4,1207.13,188.83,46.11,80.28,1,1,0.67319
227,5,819.79,231.14,32.89,70.56,1,1,0.82538
227,6,741.71,253.82,42.22,70.85,1,1,0.84606
227,7,1582.07,320.84,50.27,72.55,1,1,0.80344
227,8,984.04,584.07,41.06,95.57,1,1,0.80026
227,9,774.56,238.21,42.27,70.88,1,1,0.81499
227,10,491.52,388.21,35.46,78.41,1,1,0.80097
227,11,1597.42,276.94,38.71,72.58,1,1,0.75992
227,12,960.17,465.62,40.75,82.89,1,1,0.79232
227,15,724.11,181.98,40.83,57.55,1,1,0.70109
227,19,779.72,548.62,38.62,88.55,1,1,0.83409
227,20,1094.39,640.01,43.09,100.01,1,1,0.82525
227,3,1324.64,457.56,44.14,91.29,1,1,0.82365
227,21,1046.7,323.8,38.03,76.72,1,1,0.81962
227,17,1190.55,619.86,44.35,99.26,1,1,0.8174
227,25,1145.04,507.92,42.73,95.78,1,1,0.84115
227,14,1642.32,420.07,43.37,85.88,1,1,0.82468
227,32,233.33,176.1,34.55,64.61,1,1,0.71234
227,13,713.0,170.7,31.56,62.25,1,1,0.74084
228,1,252.66,174.04,48.85,68.8,1,1,0.79028
228,2,925.0,408.5,36.87,84.42,1,1,0.77458
228,4,1202.67,189.36,49.0,79.36,1,1,0.72339
228,5,816.2,229.6,33.54,70.21,1,1,0.82594
228,6,734.59,253.29,47.19,69.71,1,1,0.84465
228,7,1577.71,321.52,49.74,72.58,1,1,0.80894
228,8,981.47,583.68,41.09,96.0,1,1,0.80151
228,9,770.36,237.61,43.15,71.57,1,1,0.81515
228,10,492.94,385.96,35.86,78.83,1,1,0.80339
228,11,1593.61,276.61,41.0,71.73,1,1,0.79501
228,12,956.06,463.99,41.2,84.08,1,1,0.77566
228,15,727.36,167.97,33.68,62.67,1,1,0.70241
228,19,777.73,546.23,40.86,91.71,1,1,0.83138
228,20,1094.03,638.36,43.37,101.48,1,1,0.82115
228,3,1323.86,457.62,40.91,91.87,1,1,0.81794
228,21,1040.01,323.74,38.05,76.94,1,1,0.80721
228,17,1190.33,617.86,43.32,101.18,1,1,0.81489
228,25,1144.39,507.43,41.1,95.14,1,1,0.83737
228,14,1641.06,420.24,44.85,84.43,1,1,0.82781
228,32,234.29,176.25,33.54,63.8,1,1,0.72798
228,13,710.16,174.74,32.12,61.13,1,1,0.75675
229,1,253.2,172.67,49.39,68.9,1,1,0.7854
229,2,922.84,408.54,36.88,84.27,1,1,0.78478
229,4,1200.51,189.82,46.93,79.14,1,1,0.6846
229,5,811.66,228.04,34.84,70.35,1,1,0.83802
229,6,729.08,252.39,49.01,67.51,1,1,0.8544
229,7,1573.99,321.95,47.17,73.1,1,1,0.81241
229,8,979.61,582.95,40.45,95.95,1,1,0.804
229,9,766.4,237.36,39.22,69.82,1,1,0.80891
229,10,493.92,384.21,35.89,80.56,1,1,0.80297
229,11,1589.95,276.63,41.14,69.68,1,1,0.80323
229,12,953.09,462.31,41.01,81.69,1,1,0.7703
229,15,728.41,163.78,32.62,65.58,1,1,0.75649
229,19,776.65,544.12,39.91,88.14,1,1,0.83634
229,20,1093.35,636.51,43.54,102.63,1,1,0.82778
229,3,1322.64,456.6,39.05,93.48,1,1,0.82567
229,21,1035.25,323.02,39.28,76.26,1,1,0.82915
229,17,1189.64,615.86,42.64,97.19,1,1,0.81967
229,25,1142.89,506.62,40.06,94.65,1,1,0.83626
229,14,1639.62,420.82,43.98,83.09,1,1,0.83078
229,32,234.61,176.25,32.08,63.15,1,1,0.72255
229,13,707.82,176.66,33.22,57.72,1,1,0.75965
230,1,253.76,171.29,49.89,68.78,1,1,0.80185
230,2,920.87,407.77,36.64,83.45,1,1,0.79448
230,4,1200.21,191.03,45.99,78.97,1,1,0.75421
230,5,807.02,226.54,39.99,71.92,1,1,0.83822
230,6,724.74,250.95,46.18,66.79,1,1,0.84349
230,7,1570.74,321.27,41.22,74.64,1,1,0.81654
230,8,978.15,582.36,38.87,96.37,1,1,0.80834
230,9,760.88,236.31,37.39,70.6,1,1,0.81585
230,10,495.38,382.81,36.04,80.64,1,1,0.81213
230,11,1585.69,276.48,40.08,68.27,1,1,0.80212
230,12,949.86,460.92,44.45,80.77,1,1,0.79382
230,15,726.7,162.64,33.12,63.73,1,1,0.75582
230,19,775.65,541.99,40.52,88.01,1,1,0.84321
230,20,1092.89,634.57,43.6,103.29,1,1,0.83028
230,3,1320.26,454.84,39.34,95.54,1,1,0.82872
230,21,1029.46,318.43,41.87,79.02,1,1,0.83418
230,17,1188.38,613.47,42.92,96.67,1,1,0.8274
230,25,1141.52,505.06,39.18,95.83,1,1,0.83688
230,14,1637.81,420.41,43.33,83.02,1,1,0.8386
230,32,235.25,175.83,31.09,62.72,1,1,0.75789
230,13,705.91,179.5,41.99,54.01,1,1,0.76403
231,1,254.07,169.3,50.05,69.19,1,1,0.79996
231,2,919.95,406.11,35.67,81.41,1,1,0.78386
231,4,1199.88,191.93,43.15,78.16,1,1,0.80264
231,5,803.71,225.67,39.9,70.03,1,1,0.83807
231,6,720.52,249.75,41.04,65.89,1,1,0.82632
231,7,1568.79,320.77,38.55,75.27,1,1,0.82081
231,8,975.61,580.34,38.61,97.11,1,1,0.80239
231,9,756.5,234.84,40.7,72.11,1,1,0.83011
231,10,496.86,381.88,36.14,79.58,1,1,0.81011
231,11,1579.7,276.55,38.31,65.69,1,1,0.78215
231,12,945.87,460.58,47.97,79.36,1,1,0.8214
231,15,724.13,163.11,33.67,63.7,1,1,0.79013
231,19,774.85,538.84,40.01,87.36,1,1,0.83829
231,20,1092.15,632.7,43.63,102.33,1,1,0.82952
231,3,1317.65,453.36,40.07,96.71,1,1,0.82828
231,21,1021.92,316.46,46.1,78.06,1,1,0.8406
231,17,1187.02,611.3,43.17,95.13,1,1,0.8244
231,25,1139.77,503.24,39.16,97.42,1,1,0.83391
231,14,1635.09,419.25,42.15,83.19,1,1,0.84598
231,32,234.62,174.55,32.29,63.07,1,1,0.75233
231,13,701.2,179.33,36.64,50.54,1,1,0.72501
232,1,254.61,167.99,50.49,69.33,1,1,0.81607
232,2,919.39,403.48,35.17,79.61,1,1,0.771
232,4,1198.66,191.83,40.06,78.35,1,1,0.79085
232,5,799.78,224.02,38.31,69.27,1,1,0.82875
232,6,715.67,248.56,37.91,66.36,1,1,0.79512
232,7,1565.87,319.67,38.16,75.23,1,1,0.80679
232,8,973.99,577.57,39.13,98.59,1,1,0.78809
232,9,752.56,233.19,43.47,73.15,1,1,0.82982
232,10,498.41,380.96,35.92,77.35,1,1,0.80172
232,11,1575.42,275.81,34.48,57.7,1,1,0.75521
232,12,940.97,459.14,51.37,77.03,1,1,0.80442
232,15,721.87,164.17,34.61,61.58,1,1,0.78394
232,19,773.17,536.05,38.88,87.48,1,1,0.82936
232,20,1092.38,631.0,43.06,101.97,1,1,0.81524
232,3,1315.6,451.78,40.16,96.64,1,1,0.81906
232,21,1013.86,316.05,48.99,77.09,1,1,0.83671
232,17,1185.9,609.75,42.54,94.95,1,1,0.81476
232,25,1138.17,501.09,39.09,99.36,1,1,0.8185
232,14,1633.48,417.45,40.48,84.11,1,1,0.83221
232,32,234.73,173.83,32.65,64.41,1,1,0.7672
232,13,696.91,178.64,34.42,50.76,1,1,0.73146
233,1,255.02,166.46,50.89,68.95,1,1,0.80851
233,2,918.52,401.03,34.96,79.37,1,1,0.78707
233,4,1198.27,191.6,34.77,78.82,1,1,0.77745
233,5,795.96,222.38,35.98,69.59,1,1,0.84185
233,6,708.89,248.34,39.02,65.78,1,1,0.8163
233,7,1562.8,317.33,39.85,77.03,1,1,0.83221
233,8,971.93,575.35,39.91,99.62,1,1,0.80075
233,9,749.18,231.42,42.85,70.81,1,1,0.81565
233,10,499.95,380.14,35.86,74.74,1,1,0.80407
233,11,1572.97,274.22,31.1,55.43,1,1,0.71922
233,12,936.79,458.39,51.92,74.68,1,1,0.80713
233,15,719.94,165.65,37.14,56.58,1,1,0.76687
233,19,771.98,532.6,37.22,89.15,1,1,0.8324
233,20,1092.44,629.42,43.3,99.78,1,1,0.82409
233,3,1313.87,449.45,40.66,97.23,1,1,0.82155
233,21,1008.34,315.34,46.81,77.34,1,1,0.83651
233,17,1184.83,609.0,42.53,94.72,1,1,0.82415
233,25,1136.45,499.06,40.11,99.06,1,1,0.82436
233,14,1633.23,415.82,38.82,84.74,1,1,0.83241
233,32,234.63,172.42,33.37,65.62,1,1,0.74269
233,13,694.24,178.81,32.86,50.02,1,1,0.73973
234,1,255.11,165.81,52.27,69.29,1,1,0.82019
234,2,916.14,398.07,34.47,80.25,1,1,0.78719
234,4,1196.64,190.79,30.82,79.58,1,1,0.76428
234,5,792.47,220.07,35.2,71.01,1,1,0.83935
234,6,706.49,244.38,36.51,69.53,1,1,0.82371
234,7,1560.09,317.83,40.65,75.91,1,1,0.81679
234,8,970.59,573.4,40.35,98.48,1,1,0.80835
234,9,744.08,228.45,44.51,70.87,1,1,0.81168
234,10,500.97,379.35,35.62,73.64,1,1,0.80757
234,11,1568.2,273.08,37.2,69.86,1,1,0.78117
234,12,933.03,457.28,49.11,73.87,1,1,0.7963
234,15,719.74,168.33,35.97,51.91,1,1,0.72165
234,19,771.29,529.13,35.72,91.29,1,1,0.83576
234,20,1091.88,628.19,43.1,96.63,1,1,0.83002
234,3,1311.39,447.93,42.35,96.8,1,1,0.82396
234,21,1003.37,315.0,43.21,78.73,1,1,0.82316
234,17,1183.73,607.92,41.8,94.6,1,1,0.82803
234,25,1134.48,497.12,42.03,98.91,1,1,0.82415
234,14,1632.06,413.95,38.76,85.71,1,1,0.8333
234,32,233.45,171.43,33.85,65.74,1,1,0.73522
234,13,692.13,177.77,30.96,49.37,1,1,0.7451
235,1,256.44,165.47,52.28,68.27,1,1,0.80693
235,2,914.91,396.22,34.29,78.93,1,1,0.783
235,4,1194.83,189.4,30.02,80.63,1,1,0.65993
235,5,790.05,218.4,34.97,70.74,1,1,0.84076
235,6,705.21,240.72,34.49,73.23,1,1,0.82478
235,7,1557.44,317.12,42.39,75.88,1,1,0.80545
235,8,969.36,571.61,41.05,97.09,1,1,0.80854
235,9,737.06,227.0,47.74,70.7,1,1,0.81547
235,10,502.89,378.21,35.9,72.95,1,1,0.80611
235,11,1564.83,270.94,40.52,75.11,1,1,0.78542
235,12,929.48,455.26,45.08,74.41,1,1,0.78834
235,15,718.07,170.23,39.05,48.32,1,1,0.71588
235,19,770.16,525.45,36.53,92.99,1,1,0.8443
235,20,1092.56,626.77,42.59,95.42,1,1,0.82976
235,3,1309.87,447.01,43.18,95.83,1,1,0.82418
235,21,998.1,314.23,38.59,79.41,1,1,0.81948
235,17,1182.99,607.17,40.87,93.64,1,1,0.8283
235,25,1131.95,495.78,44.1,96.99,1,1,0.82523
235,14,1631.88,411.93,38.19,86.43,1,1,0.83305
235,32,232.9,171.41,34.69,64.01,1,1,0.72358
235,13,690.38,177.45,34.31,48.65,1,1,0.75882
236,1,257.08,165.53,52.09,67.38,1,1,0.79906
236,2,913.43,394.14,34.82,77.52,1,1,0.76822
236,4,1193.28,187.56,30.52,82.52,1,1,0.76266
236,5,787.11,216.73,35.11,69.02,1,1,0.83818
236,6,704.15,237.55,34.05,75.67,1,1,0.82392
236,7,1554.32,315.41,44.26,75.95,1,1,0.80671
236,8,968.08,570.72,42.95,95.02,1,1,0.81826
236,9,733.22,225.91,42.72,70.57,1,1,0.81076
236,10,504.52,376.36,36.56,73.75,1,1,0.80643
236,11,1561.66,268.73,36.66,68.73,1,1,0.6736
236,12,925.47,453.25,43.01,72.42,1,1,0.77723
236,19,769.18,522.17,37.61,98.62,1,1,0.83534
236,20,1092.44,625.17,42.21,95.26,1,1,0.82846
236,3,1309.22,446.17,42.78,95.18,1,1,0.82597
236,21,992.12,312.58,36.58,80.19,1,1,0.81632
236,17,1183.12,605.58,39.72,93.86,1,1,0.82312
236,25,1130.69,494.78,45.39,94.75,1,1,0.8278
236,14,1631.84,409.98,37.72,87.5,1,1,0.82891
236,32,233.05,172.13,34.77,62.89,1,1,0.73662
236,13,688.89,175.96,36.46,49.14,1,1,0.74405
237,1,257.04,166.02,50.98,66.53,1,1,0.8092
237,2,911.42,392.95,34.95,76.72,1,1,0.77576
237,4,1190.57,188.16,32.99,81.78,1,1,0.80328
237,5,783.61,214.95,36.51,70.66,1,1,0.83886
237,6,700.76,235.33,35.24,74.61,1,1,0.83867
237,7,1550.05,314.37,48.32,76.01,1,1,0.83018
237,8,966.23,569.76,44.37,94.03,1,1,0.83191
237,9,728.72,225.08,41.4,71.7,1,1,0.83529
237,10,506.02,374.23,36.91,74.73,1,1,0.81296
237,11,1558.21,267.53,41.77,72.83,1,1,0.77793
237,12,922.49,451.21,41.85,69.57,1,1,0.80053
237,19,767.79,518.87,38.53,100.48,1,1,0.84069
237,20,1093.79,623.54,41.56,96.86,1,1,0.83821
237,3,1308.1,445.62,42.12,94.02,1,1,0.8377
237,21,985.63,310.24,39.51,80.84,1,1,0.82757
237,17,1181.94,603.56,39.25,95.44,1,1,0.83382
237,25,1129.61,494.38,46.71,93.83,1,1,0.84509
237,14,1631.18,409.37,37.36,87.33,1,1,0.83298
237,32,233.27,172.54,34.46,61.67,1,1,0.76026
237,13,686.41,173.66,36.72,50.0,1,1,0.75388
237,15,715.4,171.96,39.57,44.4,1,1,0.67845
238,1,257.66,167.4,48.93,65.34,1,1,0.8048
238,2,910.5,391.93,34.51,75.54,1,1,0.75926
238,4,1187.46,185.92,35.66,82.99,1,1,0.7558
238,5,781.29,213.3,36.77,69.02,1,1,0.83314
238,6,697.71,233.33,35.96,71.99,1,1,0.84089
238,7,1546.78,314.01,49.84,76.01,1,1,0.82539
238,8,965.98,569.81,44.82,92.4,1,1,0.82351
238,9,723.84,223.68,40.77,73.59,1,1,0.82876
238,10,507.88,372.67,37.1,72.71,1,1,0.81244
238,11,1554.47,266.5,42.08,70.02,1,1,0.73966
238,12,918.61,448.35,41.36,69.54,1,1,0.80248
238,19,766.7,516.34,38.44,98.27,1,1,0.84202
238,20,1094.66,621.73,41.17,97.99,1,1,0.83114
238,3,1307.2,446.15,40.98,92.25,1,1,0.83221
238,21,980.22,310.69,42.9,79.16,1,1,0.83124
238,17,1181.96,601.21,38.65,97.68,1,1,0.82533
238,25,1129.22,494.46,46.6,92.79,1,1,0.83478
238,14,1630.62,409.0,37.14,86.52,1,1,0.82772
238,32,234.29,173.17,33.19,60.48,1,1,0.76344
238,13,684.25,174.18,38.0,50.09,1,1,0.71119
239,1,257.29,167.93,50.63,64.48,1,1,0.80975
239,2,910.34,390.95,33.82,72.84,1,1,0.77509
239,4,1184.97,184.7,37.76,82.7,1,1,0.77628
239,5,779.09,212.01,37.24,67.83,1,1,0.84121
239,6,694.88,232.12,35.48,69.05,1,1,0.82635
239,7,1545.01,314.51,47.33,75.58,1,1,0.80924
239,8,964.11,569.44,45.18,92.07,1,1,0.82398
239,9,719.4,221.84,42.1,76.41,1,1,0.81618
239,10,509.23,371.26,37.71,74.27,1,1,0.81551
239,11,1551.03,266.36,35.37,62.39,1,1,0.75151
239,12,915.28,445.67,39.88,72.21,1,1,0.81208
239,19,766.29,514.06,38.63,95.97,1,1,0.84542
239,20,1094.8,619.62,41.91,98.1,1,1,0.82791
239,3,1306.23,445.39,40.08,91.93,1,1,0.83272
239,21,973.69,305.83,48.02,79.94,1,1,0.83264
239,17,1181.87,598.82,38.49,98.74,1,1,0.8233
239,25,1128.59,494.59,45.68,91.67,1,1,0.83464
239,14,1630.46,409.26,36.88,85.14,1,1,0.83215
239,32,234.72,172.65,32.84,61.14,1,1,0.7539
239,13,687.19,176.63,38.49,50.08,1,1,0.71456
240,1,253.68,168.72,53.69,60.24,1,1,0.78414
240,2,910.11,390.14,33.11,71.03,1,1,0.76082
240,4,1183.82,186.75,37.09,80.26,1,1,0.75174
240,5,776.67,210.64,35.51,67.4,1,1,0.82966
240,6,691.57,231.37,35.45,66.67,1,1,0.81935
240,7,1544.46,314.88,38.89,75.15,1,1,0.77671
240,8,962.3,568.68,45.79,93.05,1,1,0.82824
240,9,715.72,220.21,44.98,78.7,1,1,0.8179
240,10,510.27,370.63,38.13,74.73,1,1,0.8169
240,11,1548.24,265.91,32.34,58.95,1,1,0.74489
240,12,912.31,443.65,38.48,74.17,1,1,0.80564
240,19,766.59,512.15,38.86,91.69,1,1,0.84245
240,20,1095.18,617.53,42.48,98.08,1,1,0.82018
240,3,1305.42,444.55,39.83,92.04,1,1,0.83109
240,21,965.35,302.05,53.5,78.88,1,1,0.83535
240,17,1181.64,596.57,38.94,99.45,1,1,0.82099
240,25,1127.65,494.41,44.98,91.65,1,1,0.83251
240,14,1630.3,409.62,36.44,84.1,1,1,0.83125
240,32,234.67,174.21,32.83,54.56,1,1,0.69407
240,13,685.84,177.63,38.74,51.75,1,1,0.75422
