1,0,1247.33,838.38,76.11,107.73,1,1,0.87972
1,1,1435.03,144.4,61.47,85.34,1,1,0.87392
1,2,1212.02,619.99,76.16,94.5,1,1,0.87078
1,3,1346.25,604.15,60.7,87.05,1,1,0.85144
1,4,1231.76,562.73,75.64,72.36,1,1,0.85046
1,5,718.81,779.95,43.21,109.12,1,1,0.84867
1,6,1071.04,428.94,43.91,101.38,1,1,0.84744
1,7,1492.65,252.52,56.79,87.32,1,1,0.84464
1,8,1086.74,202.54,48.37,81.13,1,1,0.84241
1,9,825.64,562.85,44.32,107.48,1,1,0.83634
1,10,750.79,426.83,42.49,106.43,1,1,0.83488
1,11,1593.92,505.22,44.59,95.03,1,1,0.83189
1,12,1327.78,545.92,61.96,55.28,1,1,0.8277
1,13,1565.94,531.21,46.82,108.19,1,1,0.82758
1,14,1000.35,105.94,41.01,97.7,1,1,0.81988
1,15,1066.92,521.54,45.18,109.28,1,1,0.81499
1,16,1358.6,515.51,52.36,63.78,1,1,0.80442
1,17,1359.71,483.62,59.37,54.32,1,1,0.80372
1,18,1370.4,431.54,40.34,61.06,1,1,0.79875
1,19,1239.28,505.2,70.81,63.63,1,1,0.77064
1,20,1350.63,583.49,57.7,52.01,1,1,0.75391
1,21,1258.13,454.92,57.85,54.5,1,1,0.73883
2,0,1247.33,838.18,78.05,108.86,1,1,0.88097
2,1,1435.0,144.46,61.52,85.3,1,1,0.87323
2,2,1212.11,619.89,76.56,94.57,1,1,0.86947
2,3,1346.85,604.36,60.42,86.87,1,1,0.84961
2,4,1231.09,563.55,76.14,71.63,1,1,0.85202
2,5,719.83,779.77,42.86,108.55,1,1,0.84872
2,6,1071.35,428.57,43.06,101.84,1,1,0.84623
2,7,1492.76,252.49,56.75,87.27,1,1,0.84471
2,8,1085.49,202.77,49.25,81.08,1,1,0.85069
2,9,830.49,562.75,43.18,108.09,1,1,0.83872
2,10,750.86,425.38,42.6,106.25,1,1,0.83538
2,11,1594.16,505.19,44.42,95.06,1,1,0.83126
2,12,1327.76,545.94,61.94,55.4,1,1,0.82692
2,13,1566.21,530.69,46.56,108.68,1,1,0.82614
2,14,1000.59,106.18,40.76,97.41,1,1,0.81849
2,15,1066.24,522.23,45.06,109.38,1,1,0.81684
2,16,1358.54,515.46,52.5,63.74,1,1,0.80354
2,17,1359.64,483.59,59.39,54.55,1,1,0.80358
2,18,1370.79,432.32,40.43,60.36,1,1,0.79657
2,19,1238.17,504.67,71.87,64.19,1,1,0.77582
2,20,1350.79,583.44,57.44,51.64,1,1,0.74644
2,21,1258.25,455.19,58.06,55.24,1,1,0.75206
3,0,1247.83,838.06,80.52,109.99,1,1,0.88553
3,1,1435.01,144.51,61.53,85.33,1,1,0.87388
3,2,1212.21,619.99,76.99,94.47,1,1,0.86837
3,3,1347.06,604.53,60.62,86.88,1,1,0.85071
3,4,1230.92,564.1,76.13,71.2,1,1,0.85232
3,5,720.62,779.53,42.72,108.33,1,1,0.84736
3,6,1071.69,428.25,43.14,102.45,1,1,0.84936
3,7,1492.77,252.48,56.81,87.27,1,1,0.84537
3,8,1084.23,203.16,50.47,80.7,1,1,0.85525
3,9,835.4,562.86,42.07,107.95,1,1,0.843
3,10,752.39,424.21,42.21,104.45,1,1,0.83665
3,11,1594.29,505.02,44.5,95.24,1,1,0.83239
3,12,1328.05,545.91,61.56,55.46,1,1,0.82609
3,13,1566.42,530.5,46.42,108.84,1,1,0.82569
3,14,1000.54,106.37,40.38,97.18,1,1,0.81891
3,15,1065.78,522.04,44.92,110.09,1,1,0.81561
3,16,1358.57,515.45,52.48,63.79,1,1,0.80351
3,17,1359.52,483.59,59.2,54.52,1,1,0.8051
3,18,1370.97,433.05,40.06,59.71,1,1,0.79648
3,19,1237.4,504.11,72.72,65.29,1,1,0.78127
3,20,1351.11,583.33,57.16,51.39,1,1,0.74519
3,21,1258.29,455.0,57.77,55.07,1,1,0.76376
4,0,1248.66,837.91,82.02,110.57,1,1,0.887
4,1,1435.04,144.6,61.61,85.23,1,1,0.87374
4,2,1212.23,620.31,77.73,94.03,1,1,0.86927
4,3,1347.15,604.66,60.56,86.84,1,1,0.85015
4,4,1231.15,564.89,76.05,70.51,1,1,0.85218
4,5,721.46,779.11,42.4,108.65,1,1,0.84635
4,6,1072.2,427.73,43.29,102.85,1,1,0.85261
4,7,1492.77,252.43,56.82,87.38,1,1,0.84506
4,8,1083.72,203.5,50.86,80.6,1,1,0.85852
4,9,838.84,562.73,42.16,107.82,1,1,0.84689
4,10,754.16,422.49,41.42,103.45,1,1,0.83531
4,11,1594.16,504.63,44.79,95.55,1,1,0.83203
4,12,1328.14,545.86,61.51,55.32,1,1,0.82492
4,13,1565.84,530.11,46.97,109.18,1,1,0.82605
4,14,1000.35,107.67,40.0,95.59,1,1,0.81839
4,15,1064.98,521.64,44.75,110.99,1,1,0.81894
4,16,1358.55,515.43,52.48,63.87,1,1,0.80458
4,17,1359.6,483.69,59.11,54.17,1,1,0.80609
4,18,1370.61,433.5,40.2,59.74,1,1,0.79531
4,19,1238.62,503.84,71.7,65.55,1,1,0.77315
4,20,1351.19,583.15,56.96,51.44,1,1,0.74413
4,21,1258.48,455.9,57.31,54.33,1,1,0.76976
5,0,1249.77,837.86,82.88,111.21,1,1,0.88805
5,1,1434.98,144.61,61.68,85.24,1,1,0.87307
5,2,1212.23,620.82,78.21,93.5,1,1,0.86824
5,3,1347.33,604.26,60.32,87.21,1,1,0.84856
5,4,1231.91,565.13,75.34,70.38,1,1,0.84869
5,5,722.34,778.64,42.26,109.24,1,1,0.84557
5,6,1073.03,427.22,42.76,103.03,1,1,0.85231
5,7,1492.75,252.41,56.86,87.42,1,1,0.84561
5,8,1083.35,203.55,50.91,80.68,1,1,0.85628
5,9,841.5,563.12,42.94,106.78,1,1,0.8496
5,10,756.08,420.4,40.76,103.25,1,1,0.83942
5,11,1593.96,504.7,44.97,95.47,1,1,0.83129
5,12,1328.19,545.8,61.35,55.21,1,1,0.82336
5,13,1565.93,529.7,46.95,109.57,1,1,0.8259
5,14,1000.16,108.01,39.66,95.2,1,1,0.81835
5,15,1064.5,521.13,44.78,111.88,1,1,0.81869
5,16,1358.55,515.46,52.45,63.52,1,1,0.80352
5,17,1359.7,483.72,59.14,54.26,1,1,0.80505
5,18,1370.75,433.89,40.74,59.56,1,1,0.79113
5,19,1239.83,504.1,70.98,64.17,1,1,0.79001
5,20,1351.65,582.72,56.67,51.86,1,1,0.74767
5,21,1258.95,456.26,57.59,54.12,1,1,0.77065
6,0,1250.53,837.74,83.15,111.7,1,1,0.88945
6,1,1435.0,144.64,61.77,85.27,1,1,0.87404
6,2,1212.28,621.18,78.76,93.14,1,1,0.86983
6,3,1347.34,604.17,60.4,87.39,1,1,0.85112
6,4,1232.2,565.02,75.17,70.56,1,1,0.85104
6,5,723.0,778.44,42.25,109.16,1,1,0.85003
6,6,1073.86,426.36,43.01,104.14,1,1,0.85066
6,7,1492.79,252.42,56.98,87.51,1,1,0.84723
6,8,1083.23,203.47,50.72,80.78,1,1,0.8563
6,9,843.02,563.64,45.96,106.45,1,1,0.8514
6,10,757.54,419.48,40.84,102.62,1,1,0.84179
6,11,1593.9,504.64,45.12,95.58,1,1,0.83247
6,12,1327.95,545.66,61.6,55.21,1,1,0.82525
6,13,1566.13,529.41,46.84,109.91,1,1,0.82685
6,14,999.95,108.62,39.29,94.58,1,1,0.81907
6,15,1064.21,520.68,44.81,112.82,1,1,0.82252
6,16,1358.62,515.45,52.42,63.42,1,1,0.80439
6,17,1359.77,483.85,59.11,54.32,1,1,0.80701
6,18,1370.66,434.33,41.26,59.26,1,1,0.7904
6,19,1241.11,503.61,70.13,63.75,1,1,0.7903
6,20,1351.79,582.4,56.39,51.7,1,1,0.74883
6,21,1259.38,456.8,57.14,53.21,1,1,0.77223
7,0,1251.19,837.7,82.77,111.94,1,1,0.88862
7,1,1434.85,144.64,61.9,85.31,1,1,0.87369
7,2,1212.3,621.77,79.0,92.62,1,1,0.87119
7,3,1347.34,603.88,60.42,87.61,1,1,0.85091
7,4,1232.31,564.74,75.18,70.9,1,1,0.84952
7,5,723.27,778.16,42.86,109.12,1,1,0.85252
7,6,1075.0,425.18,43.61,106.33,1,1,0.84292
7,7,1492.74,252.48,57.3,87.42,1,1,0.84744
7,8,1082.9,203.73,50.9,80.74,1,1,0.8566
7,9,843.76,565.37,51.68,104.58,1,1,0.84957
7,10,758.75,418.6,40.84,102.94,1,1,0.84207
7,11,1594.03,504.78,45.07,95.4,1,1,0.83171
7,12,1327.88,545.66,61.67,55.37,1,1,0.82564
7,13,1566.43,529.27,46.64,110.09,1,1,0.82489
7,14,999.59,109.33,39.11,93.84,1,1,0.8182
7,15,1063.71,521.53,44.83,112.55,1,1,0.82408
7,16,1358.96,515.47,52.14,63.52,1,1,0.80339
7,17,1359.72,483.84,59.13,54.15,1,1,0.80761
7,18,1370.28,435.14,41.78,58.29,1,1,0.78657
7,19,1241.26,503.39,70.45,63.96,1,1,0.80358
7,20,1351.81,582.27,56.36,51.57,1,1,0.74624
7,21,1259.16,456.73,57.3,54.57,1,1,0.77672
8,0,1251.82,837.34,82.1,112.13,1,1,0.88885
8,1,1434.77,144.58,61.88,85.34,1,1,0.87345
8,2,1212.21,621.96,79.11,92.4,1,1,0.87152
8,3,1347.38,603.84,60.4,87.62,1,1,0.85116
8,4,1232.28,564.55,75.15,71.04,1,1,0.85067
8,5,723.67,777.71,43.42,109.34,1,1,0.85532
8,6,1075.92,423.52,43.62,107.03,1,1,0.83836
8,7,1492.71,252.4,57.17,87.49,1,1,0.84693
8,8,1082.88,203.8,50.21,80.58,1,1,0.85481
8,9,844.27,566.64,57.32,103.65,1,1,0.8519
8,10,760.15,417.12,40.36,103.92,1,1,0.84114
8,11,1593.99,504.65,45.18,95.41,1,1,0.83299
8,12,1327.87,545.59,61.77,55.15,1,1,0.82486
8,13,1566.66,528.95,46.46,110.35,1,1,0.82455
8,14,999.6,109.17,38.68,93.97,1,1,0.81817
8,15,1063.07,522.94,44.59,111.52,1,1,0.82529
8,16,1358.87,515.4,52.26,63.32,1,1,0.80442
8,17,1359.57,483.81,59.39,54.24,1,1,0.80835
8,18,1369.68,435.42,42.33,57.98,1,1,0.78982
8,19,1241.47,503.33,70.64,64.13,1,1,0.81005
8,20,1351.79,582.07,56.36,51.61,1,1,0.74863
8,21,1258.93,455.81,57.73,55.18,1,1,0.77937
9,0,1252.21,836.96,81.73,112.28,1,1,0.89033
9,1,1434.59,144.59,62.17,85.2,1,1,0.87503
9,2,1211.9,622.88,79.71,91.87,1,1,0.8745
9,3,1347.07,603.75,60.7,87.82,1,1,0.84973
9,4,1232.73,564.97,74.94,70.59,1,1,0.85257
9,5,724.73,777.15,43.64,109.45,1,1,0.85632
9,6,1077.54,422.71,42.87,105.29,1,1,0.83458
9,7,1492.8,252.54,57.23,87.43,1,1,0.84785
9,8,1082.85,203.87,49.63,80.6,1,1,0.85216
9,9,844.37,567.38,62.45,103.04,1,1,0.85705
9,10,760.56,416.63,40.18,104.56,1,1,0.84454
9,11,1593.95,504.82,45.28,95.51,1,1,0.83372
9,12,1328.05,545.66,61.61,55.46,1,1,0.82237
9,13,1566.73,529.23,46.63,110.24,1,1,0.82445
9,14,999.75,109.17,38.55,93.96,1,1,0.82068
9,15,1062.71,523.97,44.17,111.09,1,1,0.82541
9,16,1358.81,515.51,52.21,63.85,1,1,0.80402
9,17,1359.41,483.8,59.47,54.3,1,1,0.8057
9,18,1369.47,435.7,42.66,57.76,1,1,0.79017
9,19,1240.31,503.08,72.59,64.0,1,1,0.82077
9,20,1351.94,582.17,56.4,51.67,1,1,0.74797
9,21,1259.56,456.19,57.97,54.47,1,1,0.77225
10,0,1252.9,836.74,81.25,112.37,1,1,0.88902
10,1,1434.47,144.64,62.29,84.93,1,1,0.8737
10,2,1211.71,622.97,80.39,91.51,1,1,0.8739
10,3,1346.74,603.73,61.17,87.55,1,1,0.84867
10,4,1232.48,564.42,75.23,70.99,1,1,0.85054
10,5,725.72,776.44,43.79,109.65,1,1,0.8561
10,6,1079.17,421.39,42.46,101.04,1,1,0.83511
10,7,1493.01,252.46,56.89,87.54,1,1,0.84443
10,8,1082.84,204.18,49.81,80.2,1,1,0.85003
10,9,845.01,567.73,65.24,103.25,1,1,0.85886
10,10,761.18,415.9,40.15,105.13,1,1,0.84112
10,11,1594.12,504.99,45.48,95.29,1,1,0.83026
10,12,1328.35,545.79,61.43,55.41,1,1,0.81726
10,13,1566.98,529.25,46.72,110.22,1,1,0.82338
10,14,999.38,109.86,38.73,92.99,1,1,0.81917
10,15,1062.06,525.52,43.78,110.55,1,1,0.81858
10,16,1358.9,515.66,52.25,63.74,1,1,0.80116
10,17,1359.52,483.79,59.1,53.63,1,1,0.80249
10,18,1369.11,435.56,43.56,57.3,1,1,0.78931
10,19,1238.86,503.42,74.39,63.41,1,1,0.82794
10,20,1351.89,582.11,56.38,51.88,1,1,0.74253
10,21,1259.86,456.87,57.89,54.38,1,1,0.76331
11,0,1253.59,836.07,80.68,112.97,1,1,0.88954
11,1,1434.38,144.59,62.55,84.88,1,1,0.87486
11,2,1211.64,622.97,80.63,91.41,1,1,0.87428
11,3,1346.46,603.8,61.58,87.35,1,1,0.85035
11,4,1232.45,564.33,75.32,70.95,1,1,0.85159
11,5,726.22,776.27,44.34,109.37,1,1,0.85878
11,6,1080.39,420.74,43.01,96.51,1,1,0.83854
11,7,1492.75,252.44,56.78,87.59,1,1,0.84367
11,8,1082.93,204.29,49.47,79.95,1,1,0.84949
11,9,846.6,567.97,66.18,102.98,1,1,0.86345
11,10,761.84,415.68,40.72,105.25,1,1,0.84236
11,11,1594.08,505.08,45.54,95.1,1,1,0.82876
11,12,1328.6,545.71,61.19,55.24,1,1,0.81616
11,13,1567.14,528.85,46.69,110.56,1,1,0.82269
11,14,999.14,109.94,39.09,92.74,1,1,0.81872
11,15,1061.16,527.41,43.93,109.37,1,1,0.81762
11,16,1359.02,515.76,52.19,63.64,1,1,0.80185
11,17,1359.64,483.73,58.85,53.1,1,1,0.80433
11,18,1369.14,436.18,44.1,56.81,1,1,0.788
11,19,1238.14,503.77,75.4,62.86,1,1,0.82971
11,20,1351.81,581.98,56.43,51.92,1,1,0.74254
11,21,1260.19,457.49,57.34,53.39,1,1,0.7565
12,0,1254.02,835.77,80.31,113.24,1,1,0.88994
12,1,1434.43,144.57,62.53,84.91,1,1,0.87518
12,2,1211.69,623.11,80.8,91.28,1,1,0.8754
12,3,1346.36,603.86,61.82,87.37,1,1,0.85153
12,4,1232.36,564.22,75.39,71.1,1,1,0.8531
12,5,726.74,775.95,44.39,109.56,1,1,0.85801
12,6,1081.45,419.91,43.76,95.64,1,1,0.83986
12,7,1492.24,252.72,56.63,87.43,1,1,0.84033
12,8,1083.07,204.44,49.01,79.81,1,1,0.85024
12,9,848.24,567.69,66.11,103.57,1,1,0.86458
12,10,762.47,415.17,41.0,105.71,1,1,0.84349
12,11,1594.07,505.06,45.57,95.11,1,1,0.83022
12,12,1328.7,545.65,61.11,55.13,1,1,0.81659
12,13,1567.16,528.64,46.72,110.76,1,1,0.82274
12,14,999.03,109.82,39.37,92.92,1,1,0.81942
12,15,1060.22,529.35,44.03,108.1,1,1,0.82148
12,16,1358.98,515.77,52.25,63.58,1,1,0.80288
12,17,1359.69,483.71,58.83,52.93,1,1,0.80485
12,18,1368.9,436.42,44.75,56.81,1,1,0.79107
12,19,1237.92,504.13,75.78,62.45,1,1,0.82732
12,20,1351.71,581.97,56.47,51.56,1,1,0.74329
12,21,1260.09,459.7,56.84,52.21,1,1,0.7458
13,0,1254.5,835.63,79.89,113.37,1,1,0.8897
13,1,1434.53,144.55,62.39,84.92,1,1,0.87555
13,2,1211.74,623.31,80.75,91.06,1,1,0.87601
13,3,1346.35,603.91,61.7,87.26,1,1,0.85056
13,4,1232.38,564.28,75.27,71.12,1,1,0.85378
13,5,727.29,775.46,44.67,109.84,1,1,0.85917
13,6,1082.12,419.64,45.22,94.66,1,1,0.8425
13,7,1492.13,252.99,55.93,87.11,1,1,0.83772
13,8,1083.18,204.42,48.4,79.65,1,1,0.85016
13,9,851.8,567.45,63.84,103.5,1,1,0.86284
13,10,763.13,414.57,41.41,106.27,1,1,0.8444
13,11,1594.06,505.04,45.67,95.16,1,1,0.83215
13,12,1328.84,545.64,60.96,55.07,1,1,0.81678
13,13,1567.13,528.61,46.71,110.79,1,1,0.82296
13,14,998.97,109.88,39.51,92.95,1,1,0.81953
13,15,1059.65,530.1,44.12,107.81,1,1,0.82636
13,16,1358.98,515.84,52.22,63.41,1,1,0.80489
13,17,1359.69,483.79,58.78,52.75,1,1,0.80616
13,18,1368.63,436.54,45.23,57.16,1,1,0.79571
13,19,1238.07,504.74,75.41,61.57,1,1,0.8283
13,20,1351.73,581.96,56.43,51.66,1,1,0.74512
13,21,1260.29,461.4,56.43,51.11,1,1,0.74982
14,0,1254.81,835.63,79.75,113.4,1,1,0.89061
14,1,1434.52,144.54,62.37,84.99,1,1,0.87582
14,2,1211.67,623.69,80.66,90.64,1,1,0.87614
14,3,1346.24,604.07,61.58,86.94,1,1,0.85111
14,4,1232.51,564.58,74.99,70.89,1,1,0.85432
14,5,727.96,775.11,44.82,109.95,1,1,0.85948
14,6,1082.45,419.52,46.72,93.48,1,1,0.84474
14,7,1492.69,252.86,53.3,86.56,1,1,0.82822
14,8,1083.33,204.41,47.88,79.33,1,1,0.84896
14,9,857.24,567.24,58.77,103.54,1,1,0.857
14,10,763.92,414.16,41.46,106.56,1,1,0.84393
14,11,1594.04,505.06,45.74,95.19,1,1,0.83413
14,12,1328.82,545.82,60.8,54.79,1,1,0.81874
14,13,1566.96,528.48,46.7,111.0,1,1,0.82299
14,14,998.86,110.18,39.99,92.58,1,1,0.82096
14,15,1059.38,530.47,43.94,107.32,1,1,0.82581
14,16,1359.01,515.97,52.05,63.17,1,1,0.80527
14,17,1359.75,483.84,58.8,52.74,1,1,0.80707
14,18,1368.54,436.66,45.62,57.47,1,1,0.79955
14,19,1238.71,505.25,74.23,60.71,1,1,0.82356
14,20,1351.71,582.06,56.34,51.76,1,1,0.74504
14,21,1260.41,463.18,56.24,49.3,1,1,0.75239
15,0,1254.89,835.53,79.79,113.54,1,1,0.89087
15,1,1434.57,144.58,62.33,84.94,1,1,0.87686
15,2,1211.67,624.69,79.72,89.65,1,1,0.87604
15,3,1346.27,604.22,61.68,86.85,1,1,0.85169
15,4,1232.57,564.93,74.91,70.74,1,1,0.85571
15,5,728.73,775.38,44.67,109.29,1,1,0.86037
15,6,1082.38,419.72,48.45,92.7,1,1,0.85062
15,7,1492.89,252.88,48.2,86.01,1,1,0.8162
15,8,1083.2,204.38,48.02,79.08,1,1,0.85235
15,9,863.9,567.39,52.4,103.84,1,1,0.85323
15,10,764.71,413.85,41.7,106.35,1,1,0.84472
15,11,1593.88,505.05,45.86,95.22,1,1,0.83275
15,12,1328.72,545.95,60.76,54.68,1,1,0.81957
15,13,1567.07,528.76,46.6,110.76,1,1,0.82273
15,14,998.89,110.38,40.46,92.22,1,1,0.82213
15,15,1059.52,530.33,43.44,107.3,1,1,0.825
15,16,1359.14,516.27,51.8,62.81,1,1,0.80447
15,17,1359.81,483.83,58.73,52.54,1,1,0.80796
15,18,1368.66,436.49,45.9,57.55,1,1,0.80529
15,19,1239.24,505.82,74.0,59.87,1,1,0.82225
15,20,1351.83,582.14,56.23,51.81,1,1,0.74349
15,21,1260.32,464.72,56.42,48.16,1,1,0.75305
16,0,1255.01,835.37,79.64,113.54,1,1,0.8917
16,1,1434.55,144.61,62.36,84.94,1,1,0.8771
16,2,1211.63,625.09,79.5,89.05,1,1,0.87629
16,3,1346.3,604.36,61.58,86.65,1,1,0.85183
16,4,1232.65,564.96,74.78,70.75,1,1,0.85492
16,5,729.44,775.3,44.43,108.92,1,1,0.85852
16,6,1082.56,419.83,49.92,92.17,1,1,0.85478
16,7,1493.62,252.89,43.6,85.54,1,1,0.81708
16,8,1083.14,204.28,48.22,79.02,1,1,0.85339
16,9,871.1,566.88,46.21,104.54,1,1,0.85027
16,10,765.82,412.51,41.9,106.96,1,1,0.84265
16,11,1593.69,505.04,46.07,95.21,1,1,0.83343
16,12,1328.68,546.01,60.67,54.62,1,1,0.8197
16,13,1567.15,529.09,46.53,110.44,1,1,0.82269
16,14,999.0,110.24,40.99,92.22,1,1,0.82271
16,15,1059.6,529.9,43.55,107.63,1,1,0.82599
16,16,1359.1,516.31,51.78,62.72,1,1,0.80454
16,17,1359.83,483.76,58.81,52.77,1,1,0.80711
16,18,1368.59,436.31,46.13,57.82,1,1,0.80554
16,19,1239.44,506.13,73.74,59.5,1,1,0.82013
16,20,1351.83,582.19,56.07,51.83,1,1,0.74126
16,21,1260.55,465.41,56.36,48.1,1,1,0.74246
17,0,1255.12,835.36,79.55,113.6,1,1,0.89002
17,1,1434.47,144.74,62.45,85.01,1,1,0.87649
17,2,1211.63,625.61,79.38,88.57,1,1,0.87633
17,3,1346.22,604.45,61.51,86.64,1,1,0.85176
17,4,1232.56,565.24,74.53,70.61,1,1,0.85353
17,5,730.26,774.91,44.07,108.86,1,1,0.85768
17,6,1082.88,419.83,50.96,92.41,1,1,0.85989
17,7,1494.14,253.92,40.27,85.03,1,1,0.81381
17,8,1083.13,204.48,48.23,78.91,1,1,0.85228
17,9,878.03,566.81,41.99,105.36,1,1,0.84152
17,10,766.87,411.3,42.06,107.39,1,1,0.83984
17,11,1593.76,505.09,45.92,95.26,1,1,0.83164
17,12,1328.48,546.1,60.75,54.53,1,1,0.82005
17,13,1567.13,529.79,46.36,109.66,1,1,0.82199
17,14,999.05,110.31,41.4,92.16,1,1,0.82163
17,15,1059.56,529.45,43.52,108.13,1,1,0.82572
17,16,1359.18,516.46,51.79,62.74,1,1,0.80214
17,17,1359.79,483.81,58.86,52.68,1,1,0.80764
17,18,1368.9,436.62,45.98,57.79,1,1,0.8035
17,19,1239.22,506.76,73.99,59.18,1,1,0.81851
17,20,1351.88,582.23,55.87,51.87,1,1,0.74374
17,21,1261.03,466.0,56.24,49.04,1,1,0.75037
18,0,1255.2,835.29,79.59,113.67,1,1,0.88981
18,1,1434.43,144.73,62.49,85.06,1,1,0.87481
18,2,1211.68,625.75,79.31,88.42,1,1,0.87571
18,3,1346.22,604.45,61.43,86.68,1,1,0.85132
18,4,1232.47,565.34,74.49,70.54,1,1,0.85444
18,5,731.13,774.61,43.69,108.49,1,1,0.85796
18,6,1083.19,419.95,51.98,92.34,1,1,0.86415
18,7,1494.54,254.92,38.81,89.3,1,1,0.80647
18,8,1083.04,204.67,48.32,78.86,1,1,0.85241
18,9,884.37,567.0,39.55,105.21,1,1,0.84726
18,10,767.77,410.59,41.83,106.31,1,1,0.83791
18,11,1593.9,505.07,45.78,95.21,1,1,0.83063
18,12,1328.61,546.16,60.66,54.39,1,1,0.81832
18,13,1567.09,530.23,46.42,109.14,1,1,0.82156
18,14,999.16,110.21,41.52,92.37,1,1,0.82085
18,15,1059.75,529.48,43.44,108.06,1,1,0.82687
18,16,1359.32,516.63,51.94,62.85,1,1,0.80165
18,17,1359.79,483.92,59.05,52.73,1,1,0.80791
18,18,1368.51,436.57,46.37,57.83,1,1,0.80413
18,19,1239.13,506.96,74.55,59.16,1,1,0.82181
18,20,1351.86,582.16,55.76,51.77,1,1,0.74366
18,21,1261.6,466.23,56.16,49.1,1,1,0.74687
19,0,1255.28,835.19,79.58,113.7,1,1,0.88897
19,1,1434.4,144.63,62.62,85.12,1,1,0.8749
19,2,1211.69,625.76,79.5,88.36,1,1,0.87442
19,3,1346.1,604.32,61.57,86.79,1,1,0.85039
19,4,1232.6,565.35,74.44,70.49,1,1,0.85258
19,5,731.8,774.4,43.57,108.0,1,1,0.85652
19,6,1083.84,419.92,52.48,91.96,1,1,0.86311
19,7,1494.59,256.39,38.91,92.0,1,1,0.80744
19,8,1083.1,204.9,48.18,78.64,1,1,0.85053
19,9,888.59,567.16,40.15,106.78,1,1,0.8516
19,10,768.73,409.08,41.23,105.47,1,1,0.83449
19,11,1594.1,505.06,45.67,95.15,1,1,0.83029
19,12,1328.88,546.11,60.43,54.37,1,1,0.81619
19,13,1566.8,530.25,46.65,109.1,1,1,0.82194
19,14,999.35,110.18,41.53,92.33,1,1,0.81943
19,15,1059.7,528.77,43.41,108.64,1,1,0.82209
19,16,1359.52,516.67,51.89,62.7,1,1,0.80101
19,17,1359.83,484.05,59.14,52.69,1,1,0.80613
19,18,1368.49,436.63,46.89,57.72,1,1,0.80328
19,19,1238.81,506.19,75.08,60.06,1,1,0.82431
19,20,1351.96,581.99,55.73,51.83,1,1,0.74138
19,21,1261.62,466.44,56.69,49.13,1,1,0.75513
20,0,1255.33,835.13,79.51,113.73,1,1,0.88885
20,1,1434.44,144.65,62.81,85.34,1,1,0.87547
20,2,1211.73,626.04,79.73,88.12,1,1,0.8742
20,3,1346.14,604.36,61.57,86.77,1,1,0.84901
20,4,1232.71,565.29,74.59,70.65,1,1,0.85341
20,5,732.39,774.12,43.43,107.37,1,1,0.85614
20,6,1085.45,419.81,52.2,91.66,1,1,0.86313
20,7,1493.69,258.73,40.65,92.72,1,1,0.8135
20,8,1083.31,205.32,48.09,78.2,1,1,0.85053
20,9,891.49,567.48,42.48,108.16,1,1,0.85635
20,10,769.78,407.85,40.66,103.73,1,1,0.83456
20,11,1594.2,505.14,45.56,95.09,1,1,0.83044
20,12,1329.55,546.04,59.97,54.15,1,1,0.81258
20,13,1566.31,530.36,46.95,109.05,1,1,0.82315
20,14,999.56,110.16,41.58,92.52,1,1,0.82065
20,15,1060.0,528.59,43.47,108.96,1,1,0.8226
20,16,1359.75,516.56,51.94,63.29,1,1,0.80049
20,17,1360.03,484.61,59.23,52.35,1,1,0.80488
20,18,1367.95,436.81,47.73,57.5,1,1,0.80127
20,19,1238.37,505.83,75.66,60.69,1,1,0.83047
20,20,1352.13,581.9,55.72,51.89,1,1,0.73976
20,21,1261.76,466.52,57.28,49.03,1,1,0.75715
21,0,1255.42,835.16,79.34,113.71,1,1,0.88873
21,1,1434.51,144.76,62.85,85.47,1,1,0.87568
21,2,1211.76,626.34,79.7,87.94,1,1,0.87347
21,3,1346.26,604.73,61.87,86.77,1,1,0.8514
21,4,1232.85,564.82,74.1,71.32,1,1,0.85133
21,5,733.05,774.09,43.23,106.48,1,1,0.85458
21,6,1089.03,419.82,49.78,90.35,1,1,0.85084
21,7,1493.35,261.3,42.08,90.91,1,1,0.81941
21,8,1083.48,205.64,48.1,78.05,1,1,0.84917
21,9,892.32,568.56,47.59,106.92,1,1,0.86
21,10,771.81,406.86,39.55,101.92,1,1,0.83341
21,11,1594.4,505.28,45.44,95.0,1,1,0.83102
21,12,1329.35,546.09,60.12,53.95,1,1,0.81722
21,13,1566.36,530.73,46.78,108.76,1,1,0.8235
21,14,999.71,110.16,41.59,92.64,1,1,0.82028
21,15,1059.91,528.67,43.17,109.46,1,1,0.82029
21,16,1359.71,516.56,51.92,63.19,1,1,0.79971
21,17,1360.1,484.83,59.24,52.17,1,1,0.80317
21,18,1367.46,437.19,48.31,56.83,1,1,0.79451
21,19,1238.25,505.26,75.57,61.85,1,1,0.82859
21,20,1352.15,581.91,55.59,51.24,1,1,0.73896
21,21,1262.08,466.88,57.61,48.87,1,1,0.75445
22,0,1255.48,835.14,79.21,113.64,1,1,0.88942
22,1,1434.54,144.77,62.84,85.73,1,1,0.87565
22,2,1211.74,626.55,79.82,87.77,1,1,0.87427
22,3,1346.29,604.88,61.94,86.75,1,1,0.85246
22,4,1232.94,564.38,73.76,71.81,1,1,0.84958
22,5,733.82,773.98,42.86,105.06,1,1,0.85482
22,6,1093.41,419.37,46.31,89.73,1,1,0.84474
22,7,1492.75,264.08,43.68,88.43,1,1,0.8249
22,8,1083.53,205.69,48.21,77.84,1,1,0.84997
22,9,892.31,569.88,53.75,105.8,1,1,0.86485
22,10,773.0,406.29,39.29,100.24,1,1,0.83425
22,11,1594.54,505.25,45.32,95.04,1,1,0.83039
22,12,1328.83,546.14,60.64,53.92,1,1,0.82044
22,13,1566.41,530.96,46.58,108.52,1,1,0.82362
22,14,999.88,110.32,41.57,92.48,1,1,0.82059
22,15,1060.24,528.85,42.95,109.74,1,1,0.81788
22,16,1359.64,516.44,51.94,63.27,1,1,0.79643
22,17,1360.24,485.08,59.18,52.04,1,1,0.79976
22,18,1367.28,438.42,48.43,55.55,1,1,0.78095
22,19,1238.23,504.52,75.27,62.89,1,1,0.82684
22,20,1352.2,581.92,55.47,50.73,1,1,0.73901
22,21,1262.66,467.06,57.4,48.2,1,1,0.74152
23,0,1255.42,835.12,79.36,113.85,1,1,0.88876
23,1,1434.51,144.79,62.65,85.82,1,1,0.87625
23,2,1211.79,627.02,79.79,87.45,1,1,0.87415
23,3,1346.36,605.19,61.95,86.65,1,1,0.85418
23,4,1232.83,564.37,74.07,71.93,1,1,0.85005
23,5,734.54,773.75,42.49,103.56,1,1,0.8543
23,6,1097.14,419.34,43.46,89.46,1,1,0.8451
23,7,1492.99,266.49,43.87,85.6,1,1,0.81897
23,8,1083.47,205.85,48.4,77.6,1,1,0.85088
23,9,892.82,571.42,58.58,104.58,1,1,0.86411
23,10,774.56,405.39,38.78,100.0,1,1,0.83711
23,11,1594.64,505.37,45.39,94.99,1,1,0.83074
23,12,1328.29,546.4,61.12,54.2,1,1,0.82443
23,13,1566.81,530.98,46.27,108.55,1,1,0.82445
23,14,999.98,110.32,41.62,92.4,1,1,0.81839
23,15,1060.28,530.5,42.91,109.18,1,1,0.81852
23,16,1359.57,516.55,51.57,62.95,1,1,0.80026
23,17,1360.12,485.29,58.86,51.97,1,1,0.8033
23,18,1367.57,441.36,48.52,53.82,1,1,0.78045
23,19,1237.89,504.59,75.56,63.16,1,1,0.82761
23,20,1352.18,582.11,55.63,50.84,1,1,0.74279
23,21,1263.33,466.87,57.29,48.36,1,1,0.74666
24,0,1255.27,835.03,79.55,114.06,1,1,0.88771
24,1,1434.39,144.95,62.49,85.58,1,1,0.87638
24,2,1211.82,627.56,79.79,87.07,1,1,0.87557
24,3,1346.25,605.36,61.98,86.46,1,1,0.85282
24,4,1232.76,564.3,74.21,72.06,1,1,0.85066
24,5,735.01,773.52,42.47,102.58,1,1,0.85417
24,6,1099.35,419.37,42.27,89.41,1,1,0.84934
24,7,1493.26,268.86,43.65,82.94,1,1,0.82062
24,8,1083.36,205.95,48.47,77.48,1,1,0.85099
24,9,893.33,572.14,62.27,104.92,1,1,0.86493
24,10,775.39,405.02,38.17,99.67,1,1,0.83964
24,11,1594.54,505.32,45.61,95.13,1,1,0.83177
24,12,1327.86,546.77,61.44,54.2,1,1,0.82373
24,13,1566.92,531.2,46.03,108.34,1,1,0.82497
24,14,999.98,109.97,41.83,92.68,1,1,0.81893
24,15,1060.58,531.86,42.92,108.69,1,1,0.822
24,16,1359.45,516.69,51.15,63.14,1,1,0.80192
24,17,1360.05,485.4,58.39,51.72,1,1,0.80529
24,18,1367.78,444.03,48.58,52.12,1,1,0.78692
24,19,1237.69,504.95,75.87,62.84,1,1,0.82521
24,20,1352.1,582.26,55.7,50.84,1,1,0.74233
24,21,1264.17,466.57,57.33,49.22,1,1,0.74758
25,0,1254.97,835.05,79.71,114.28,1,1,0.88827
25,1,1434.36,144.9,62.57,85.64,1,1,0.87699
25,2,1211.71,628.03,79.74,86.57,1,1,0.87326
25,3,1345.92,605.36,61.98,86.39,1,1,0.85244
25,4,1232.62,564.04,74.24,72.38,1,1,0.84659
25,5,735.26,772.83,42.64,102.55,1,1,0.85363
25,6,1101.23,418.3,41.34,90.57,1,1,0.84946
25,7,1493.77,270.19,42.28,81.63,1,1,0.80897
25,8,1083.44,205.98,48.29,77.34,1,1,0.84826
25,9,894.05,571.96,65.09,105.04,1,1,0.8686
25,10,775.74,404.23,38.44,100.31,1,1,0.83925
25,11,1594.44,505.28,45.54,95.15,1,1,0.83342
25,12,1327.52,546.87,61.53,54.12,1,1,0.82226
25,13,1567.11,531.37,45.95,108.15,1,1,0.82457
25,14,999.94,109.3,41.99,93.31,1,1,0.81777
25,15,1060.23,533.46,43.06,108.2,1,1,0.82056
25,16,1359.38,516.72,50.94,63.09,1,1,0.79975
25,17,1359.95,485.46,58.37,51.36,1,1,0.80075
25,18,1367.61,446.49,48.71,49.63,1,1,0.78863
25,19,1237.73,504.95,75.76,62.8,1,1,0.81738
25,20,1351.83,582.37,56.0,50.6,1,1,0.74633
25,21,1264.66,466.48,57.32,49.19,1,1,0.73949
26,0,1255.04,834.91,79.8,114.56,1,1,0.88806
26,1,1433.99,144.82,62.7,85.51,1,1,0.87815
26,2,1211.71,628.38,79.45,86.06,1,1,0.87372
26,3,1345.42,605.45,61.97,86.25,1,1,0.85333
26,4,1232.52,564.08,74.35,72.46,1,1,0.8468
26,5,735.33,772.04,43.02,103.03,1,1,0.85328
26,6,1102.48,417.03,40.83,91.71,1,1,0.85342
26,7,1494.11,270.84,41.25,80.32,1,1,0.8068
26,8,1082.93,205.83,48.3,77.02,1,1,0.84696
26,9,895.72,571.94,65.52,105.5,1,1,0.86696
26,10,776.18,403.55,38.83,100.98,1,1,0.83997
26,11,1594.32,505.09,45.41,95.28,1,1,0.83263
26,12,1327.11,546.83,61.74,54.05,1,1,0.82331
26,13,1567.04,531.35,46.09,108.03,1,1,0.82502
26,14,999.86,108.95,42.09,93.52,1,1,0.81944
26,15,1060.02,533.82,43.38,108.75,1,1,0.82323
26,16,1359.06,516.75,51.08,63.26,1,1,0.80105
26,17,1359.62,485.5,58.34,51.19,1,1,0.80412
26,18,1367.26,448.11,49.16,48.13,1,1,0.79589
26,19,1237.74,504.86,75.64,62.85,1,1,0.81622
26,20,1351.39,582.52,56.31,50.54,1,1,0.74812
26,21,1265.06,466.45,57.39,48.83,1,1,0.7378
27,0,1255.17,835.23,79.64,114.88,1,1,0.88832
27,1,1434.49,145.06,62.43,85.57,1,1,0.87786
27,2,1211.95,629.0,79.3,85.9,1,1,0.87472
27,3,1346.15,606.21,61.68,85.95,1,1,0.85452
27,4,1232.76,564.45,74.36,72.46,1,1,0.84805
27,5,735.49,772.04,43.32,103.33,1,1,0.8552
27,6,1104.76,417.22,39.72,92.1,1,1,0.85471
27,7,1495.38,272.0,39.63,79.42,1,1,0.80244
27,8,1083.26,206.19,48.29,76.83,1,1,0.84585
27,9,900.95,572.58,62.66,105.19,1,1,0.85607
27,10,776.99,403.4,39.05,101.32,1,1,0.84259
27,11,1594.87,505.11,45.46,95.53,1,1,0.83303
27,12,1327.5,547.35,61.57,54.17,1,1,0.82301
27,13,1566.98,531.8,46.59,107.87,1,1,0.82749
27,14,1000.36,108.52,42.01,94.09,1,1,0.81888
27,15,1059.89,534.85,44.04,109.27,1,1,0.82738
27,16,1359.46,517.02,50.92,63.58,1,1,0.80079
27,17,1359.94,486.2,57.66,50.86,1,1,0.79949
27,18,1367.49,449.71,49.4,47.26,1,1,0.80014
27,19,1238.42,505.65,75.46,62.37,1,1,0.81631
27,20,1351.9,583.1,55.85,50.02,1,1,0.74372
27,21,1266.7,466.74,56.52,49.6,1,1,0.73386
28,0,1254.99,834.91,79.33,114.94,1,1,0.889
28,1,1434.29,145.36,62.14,85.07,1,1,0.87735
28,2,1211.5,629.01,79.13,85.53,1,1,0.87531
28,3,1345.52,605.88,61.83,86.19,1,1,0.85683
28,4,1232.34,564.56,74.53,72.15,1,1,0.84959
28,5,735.17,771.69,43.63,103.08,1,1,0.8559
28,6,1105.86,416.74,39.06,92.32,1,1,0.85735
28,7,1494.9,272.89,39.41,78.3,1,1,0.80914
28,8,1082.61,205.82,48.3,76.66,1,1,0.84567
28,9,906.67,573.54,58.19,103.9,1,1,0.84893
28,10,777.15,403.13,39.58,101.21,1,1,0.84369
28,11,1594.66,504.88,45.35,95.57,1,1,0.83647
28,12,1327.26,547.15,61.64,54.09,1,1,0.82489
28,13,1566.65,531.66,46.72,107.79,1,1,0.82608
28,14,999.66,108.7,42.39,93.94,1,1,0.81972
28,15,1060.33,534.75,43.94,109.65,1,1,0.83027
28,16,1359.19,517.07,51.02,63.63,1,1,0.79959
28,17,1359.71,486.02,57.69,50.96,1,1,0.80336
28,18,1367.45,450.55,49.53,46.25,1,1,0.80445
28,19,1238.37,505.78,75.35,61.95,1,1,0.81784
28,20,1351.53,583.27,55.93,49.54,1,1,0.74385
28,21,1266.81,466.63,56.09,49.43,1,1,0.73835
28,22,1270.85,451.96,58.18,40.04,1,1,0.6613
29,0,1255.09,835.04,79.65,114.96,1,1,0.8889
29,1,1434.62,145.21,62.03,85.19,1,1,0.87722
29,2,1212.02,629.16,79.31,85.35,1,1,0.87496
29,3,1345.67,605.98,62.08,86.17,1,1,0.85643
29,4,1233.01,564.5,74.04,72.39,1,1,0.84786
29,5,735.08,771.54,44.11,103.32,1,1,0.85565
29,6,1107.63,416.27,38.59,92.51,1,1,0.85194
29,7,1493.78,273.97,41.08,77.44,1,1,0.81544
29,8,1082.37,206.05,48.67,76.28,1,1,0.84301
29,9,913.45,573.89,53.29,104.1,1,1,0.84542
29,10,778.67,402.5,40.09,101.41,1,1,0.84502
29,11,1594.95,505.14,45.45,95.42,1,1,0.83427
29,12,1327.62,547.19,61.52,53.97,1,1,0.82408
29,13,1566.93,531.77,46.87,107.8,1,1,0.82735
29,14,999.74,108.74,42.68,94.04,1,1,0.82021
29,15,1060.94,535.3,44.44,109.6,1,1,0.82962
29,16,1359.42,517.02,50.81,63.26,1,1,0.80174
29,17,1360.17,485.92,57.56,51.13,1,1,0.80612
29,18,1367.74,451.78,49.87,45.27,1,1,0.8018
29,19,1239.12,505.77,74.93,61.85,1,1,0.80784
29,20,1351.71,583.32,56.01,49.42,1,1,0.7456
29,21,1267.97,466.61,55.97,49.64,1,1,0.74265
30,0,1255.01,835.05,79.95,115.05,1,1,0.89033
30,1,1434.59,145.07,62.34,85.38,1,1,0.8785
30,2,1212.16,629.06,79.36,85.45,1,1,0.87769
30,3,1345.85,605.96,61.96,86.06,1,1,0.85877
30,4,1232.97,564.55,74.2,72.25,1,1,0.85191
30,5,734.85,771.37,44.68,103.36,1,1,0.85654
30,6,1108.33,415.55,38.66,93.14,1,1,0.85314
30,7,1492.77,275.23,41.72,76.87,1,1,0.80287
30,8,1081.83,206.2,48.98,75.89,1,1,0.84422
30,9,920.95,573.76,47.36,104.19,1,1,0.83959
30,10,779.36,402.32,40.49,101.15,1,1,0.84854
30,11,1595.27,505.5,45.49,95.09,1,1,0.83516
30,12,1327.74,547.0,61.44,54.06,1,1,0.82515
30,13,1567.07,531.91,46.94,107.79,1,1,0.8301
30,14,999.85,109.16,42.79,93.67,1,1,0.8225
30,15,1061.47,535.33,45.1,109.75,1,1,0.83627
30,16,1359.46,516.86,50.78,62.91,1,1,0.80416
30,17,1360.39,485.76,57.35,51.26,1,1,0.81038
30,18,1368.05,452.53,50.11,44.94,1,1,0.80394
30,19,1239.67,505.67,74.73,61.55,1,1,0.81096
30,20,1351.96,583.16,55.92,49.7,1,1,0.74926
30,21,1268.66,466.6,55.92,49.62,1,1,0.74546
31,0,1254.73,835.01,80.18,115.29,1,1,0.88993
31,1,1434.33,145.08,62.45,85.27,1,1,0.87825
31,2,1211.91,629.09,79.32,85.39,1,1,0.87678
31,3,1345.87,606.02,61.58,86.03,1,1,0.85783
31,4,1232.8,564.66,74.21,72.17,1,1,0.85034
31,5,734.0,771.37,45.56,103.47,1,1,0.85654
31,6,1108.72,415.12,38.75,93.69,1,1,0.85325
31,7,1491.78,277.15,41.2,75.39,1,1,0.80126
31,8,1080.69,207.45,49.23,74.7,1,1,0.84268
31,9,926.94,574.11,43.49,104.34,1,1,0.84455
31,10,779.42,402.43,41.08,101.08,1,1,0.84787
31,11,1595.27,505.69,45.42,95.0,1,1,0.83568
31,12,1327.76,547.14,61.28,53.87,1,1,0.82391
31,13,1566.88,532.0,46.94,107.77,1,1,0.82881
31,14,999.81,109.4,42.8,93.56,1,1,0.82262
31,15,1061.52,536.1,45.23,109.17,1,1,0.83315
31,16,1359.35,516.95,50.68,62.84,1,1,0.80171
31,17,1360.28,485.93,57.23,51.21,1,1,0.80678
31,18,1367.79,453.66,50.49,44.26,1,1,0.80307
31,19,1239.54,506.0,74.93,61.21,1,1,0.80995
31,20,1351.89,583.56,55.82,49.55,1,1,0.75161
31,21,1268.92,466.53,55.7,50.13,1,1,0.7452
32,0,1254.65,835.05,80.02,115.37,1,1,0.89029
32,1,1434.24,145.27,62.5,85.26,1,1,0.87857
32,2,1211.69,629.08,79.23,85.44,1,1,0.87757
32,3,1345.78,606.06,61.45,86.11,1,1,0.85842
32,4,1232.49,564.8,74.39,72.11,1,1,0.85175
32,5,733.54,771.37,45.98,103.42,1,1,0.8567
32,6,1109.08,415.49,39.11,93.79,1,1,0.85409
32,7,1489.11,278.98,43.1,72.89,1,1,0.79876
32,8,1080.11,209.3,49.68,73.22,1,1,0.84758
32,9,931.65,574.01,41.77,104.26,1,1,0.84614
32,10,780.21,402.35,41.03,100.32,1,1,0.84817
32,11,1595.16,505.86,45.2,94.86,1,1,0.83672
32,12,1327.67,547.31,61.55,53.81,1,1,0.82436
32,13,1566.7,532.01,47.1,107.81,1,1,0.82933
32,14,999.71,109.29,42.88,93.84,1,1,0.82329
32,15,1062.28,536.39,45.32,109.12,1,1,0.83724
32,16,1359.08,517.18,50.92,62.84,1,1,0.80299
32,17,1360.17,486.12,57.67,51.35,1,1,0.80626
32,18,1367.11,454.68,51.38,43.62,1,1,0.79776
32,19,1239.44,506.24,75.01,60.96,1,1,0.81391
32,20,1351.79,583.87,55.91,49.32,1,1,0.75157
32,21,1269.29,466.42,55.36,50.36,1,1,0.74802
33,0,1254.77,835.1,79.97,115.32,1,1,0.89038
33,1,1434.24,145.38,62.61,85.29,1,1,0.87944
33,2,1211.71,628.93,79.22,85.67,1,1,0.87624
33,3,1345.77,606.17,61.44,86.07,1,1,0.85766
33,4,1232.3,564.89,74.62,71.98,1,1,0.85207
33,5,733.1,771.2,46.36,103.81,1,1,0.85686
33,6,1109.5,415.5,39.51,93.63,1,1,0.85448
33,7,1482.92,279.61,48.14,72.15,1,1,0.80188
33,8,1079.81,210.24,49.8,72.69,1,1,0.84428
33,9,935.52,573.89,41.37,104.17,1,1,0.84802
33,10,781.28,402.51,40.93,99.38,1,1,0.84596
33,11,1595.06,506.02,45.28,94.85,1,1,0.8354
33,12,1327.83,547.4,61.46,53.75,1,1,0.8245
33,13,1566.75,532.13,47.13,107.74,1,1,0.82894
33,14,999.64,109.81,42.95,93.47,1,1,0.82227
33,15,1063.15,536.8,45.69,109.03,1,1,0.83758
33,16,1359.15,517.27,50.94,62.88,1,1,0.80194
33,17,1360.18,486.26,57.58,51.3,1,1,0.80576
33,18,1366.22,455.69,52.36,43.03,1,1,0.79432
33,19,1239.4,506.51,75.23,60.97,1,1,0.81291
33,20,1351.61,584.04,56.16,49.46,1,1,0.75259
33,21,1269.53,465.96,55.39,50.91,1,1,0.75916
34,0,1254.91,835.08,79.64,115.39,1,1,0.88958
34,1,1434.28,145.41,62.62,85.33,1,1,0.87889
34,2,1211.66,628.78,79.36,85.85,1,1,0.87744
34,3,1345.7,606.31,61.52,86.06,1,1,0.85893
34,4,1232.09,565.03,74.92,71.81,1,1,0.85313
34,5,732.77,770.99,46.4,104.18,1,1,0.85752
34,6,1109.63,415.31,39.98,93.84,1,1,0.85596
34,7,1483.68,281.03,45.73,71.56,1,1,0.79724
34,8,1078.94,210.85,50.37,73.05,1,1,0.84534
34,9,938.05,573.74,41.92,104.07,1,1,0.85153
34,10,781.9,402.08,41.23,98.43,1,1,0.84501
34,11,1594.9,506.14,45.35,94.85,1,1,0.83458
34,12,1328.0,547.44,61.36,53.73,1,1,0.82471
34,13,1566.76,532.21,47.06,107.73,1,1,0.82865
34,14,999.68,110.28,43.03,93.12,1,1,0.82198
34,15,1064.68,537.18,45.69,108.75,1,1,0.84047
34,16,1359.26,517.39,50.8,62.73,1,1,0.80112
34,17,1360.25,486.51,57.05,51.15,1,1,0.80124
34,18,1365.36,456.78,53.04,42.21,1,1,0.79623
34,19,1238.63,506.83,76.01,61.02,1,1,0.82141
34,20,1351.44,584.14,56.31,49.44,1,1,0.75162
34,21,1269.23,465.77,55.64,51.46,1,1,0.76502
35,0,1254.86,835.14,79.64,115.73,1,1,0.88932
35,1,1434.38,145.63,62.5,85.41,1,1,0.87785
35,2,1211.52,628.7,79.31,86.05,1,1,0.87636
35,3,1345.61,606.52,61.64,86.07,1,1,0.85892
35,4,1232.01,565.08,75.11,71.95,1,1,0.85279
35,5,732.33,770.9,46.5,104.39,1,1,0.8573
35,6,1109.63,415.4,40.41,93.6,1,1,0.85459
35,7,1482.74,282.77,45.94,71.69,1,1,0.81024
35,8,1078.44,211.69,51.04,73.05,1,1,0.84321
35,9,939.13,574.52,45.06,103.09,1,1,0.85307
35,10,781.82,401.63,41.69,96.88,1,1,0.84444
35,11,1594.81,506.19,44.87,94.97,1,1,0.83398
35,12,1328.05,547.59,61.3,53.54,1,1,0.82362
35,13,1566.65,532.25,46.95,107.78,1,1,0.82956
35,14,999.58,110.22,43.08,93.3,1,1,0.8222
35,15,1065.59,537.2,45.73,108.86,1,1,0.84279
35,16,1359.11,517.57,50.8,62.4,1,1,0.79963
35,17,1360.09,486.8,57.05,50.63,1,1,0.80093
35,18,1363.95,457.78,53.95,41.37,1,1,0.79649
35,19,1237.76,507.28,76.81,61.07,1,1,0.82528
35,20,1351.11,584.3,56.35,48.69,1,1,0.75215
35,21,1269.0,465.89,55.82,51.48,1,1,0.76697
36,0,1254.9,835.24,79.53,115.84,1,1,0.88991
36,1,1434.42,145.75,62.18,85.37,1,1,0.87626
36,2,1211.18,628.54,79.25,86.17,1,1,0.87739
36,3,1345.55,606.61,61.56,86.09,1,1,0.86031
36,4,1232.01,565.05,75.11,72.11,1,1,0.85294
36,5,731.56,770.64,46.74,104.77,1,1,0.85871
36,6,1109.73,415.47,40.54,93.53,1,1,0.85574
36,7,1482.4,284.91,45.64,72.15,1,1,0.81577
36,8,1078.35,211.89,50.33,72.94,1,1,0.84134
36,9,940.01,575.25,49.04,102.11,1,1,0.85637
36,10,781.81,401.35,41.93,95.37,1,1,0.84576
36,11,1594.81,506.16,44.12,95.11,1,1,0.83365
36,12,1328.01,547.74,61.35,53.23,1,1,0.82515
36,13,1566.47,532.27,46.82,107.82,1,1,0.82926
36,14,999.37,110.44,43.14,93.14,1,1,0.82208
36,15,1066.42,537.16,45.49,109.0,1,1,0.8453
36,16,1358.77,517.7,51.07,61.96,1,1,0.80106
36,17,1359.76,487.16,57.4,50.33,1,1,0.80176
36,18,1362.64,458.56,54.7,40.46,1,1,0.79941
36,19,1236.98,507.63,77.17,60.78,1,1,0.82208
36,20,1350.83,584.35,56.14,47.88,1,1,0.75235
36,21,1268.97,466.12,55.73,51.44,1,1,0.76779
37,0,1254.63,835.68,79.35,115.68,1,1,0.88834
37,1,1434.16,146.06,62.35,85.81,1,1,0.87673
37,2,1210.69,628.72,79.35,86.46,1,1,0.87545
37,3,1344.92,606.75,61.9,86.42,1,1,0.85937
37,4,1231.39,565.69,75.49,72.0,1,1,0.85334
37,5,730.61,771.06,46.85,104.62,1,1,0.85702
37,6,1109.51,415.83,40.73,93.44,1,1,0.85468
37,7,1482.68,287.78,45.58,70.65,1,1,0.81343
37,8,1077.66,212.91,50.02,72.37,1,1,0.83975
37,9,941.11,576.05,54.54,101.93,1,1,0.85393
37,10,781.78,401.4,42.04,94.11,1,1,0.84535
37,11,1594.33,506.29,44.09,95.32,1,1,0.83387
37,12,1328.16,548.24,60.89,52.96,1,1,0.82262
37,13,1566.04,532.67,46.8,107.72,1,1,0.82819
37,14,998.87,110.25,43.14,93.62,1,1,0.82087
37,15,1066.94,536.81,45.91,109.69,1,1,0.84549
37,16,1358.31,517.93,51.09,62.03,1,1,0.79873
37,17,1359.65,487.7,57.37,50.59,1,1,0.7916
37,18,1361.9,460.0,55.16,39.78,1,1,0.7938
37,19,1236.89,507.94,76.2,60.81,1,1,0.81726
37,20,1350.45,584.89,55.98,47.48,1,1,0.75524
37,21,1268.91,466.74,55.5,51.92,1,1,0.76342
38,0,1254.47,835.91,79.59,115.64,1,1,0.88841
38,1,1434.11,146.35,62.22,85.86,1,1,0.87679
38,2,1210.45,628.65,79.25,86.74,1,1,0.87818
38,3,1344.63,606.77,61.9,86.63,1,1,0.86087
38,4,1231.2,565.9,75.5,72.09,1,1,0.85561
38,5,729.71,770.9,46.91,104.8,1,1,0.8585
38,6,1109.5,415.92,40.78,93.65,1,1,0.85656
38,7,1484.05,290.1,44.26,68.99,1,1,0.81307
38,8,1076.99,213.85,50.12,71.81,1,1,0.84234
38,9,941.74,576.01,58.38,102.69,1,1,0.85055
38,10,782.09,400.99,41.96,93.67,1,1,0.84577
38,11,1594.0,506.58,44.3,95.28,1,1,0.83615
38,12,1328.12,548.65,60.55,52.53,1,1,0.82257
38,13,1565.85,532.88,46.61,107.6,1,1,0.82828
38,14,998.57,110.64,43.13,93.3,1,1,0.82231
38,15,1067.46,537.2,46.3,109.41,1,1,0.85175
38,16,1357.81,517.99,50.87,62.05,1,1,0.8027
38,17,1359.29,488.06,57.24,50.33,1,1,0.79334
38,18,1361.19,460.74,55.5,39.4,1,1,0.79907
38,19,1236.52,507.78,76.03,61.1,1,1,0.81962
38,20,1350.07,585.07,55.82,47.26,1,1,0.75562
38,21,1269.37,466.68,54.8,53.0,1,1,0.76117
39,0,1254.44,835.98,79.6,115.74,1,1,0.88778
39,1,1433.98,146.43,62.26,85.89,1,1,0.87741
39,2,1210.48,628.57,79.04,86.8,1,1,0.87826
39,3,1344.5,606.83,62.12,86.8,1,1,0.86277
39,4,1231.2,566.12,75.52,72.04,1,1,0.85526
39,5,728.81,770.57,47.3,105.28,1,1,0.85889
39,6,1109.38,415.69,41.0,94.33,1,1,0.85689
39,7,1483.94,292.8,43.94,66.9,1,1,0.81447
39,8,1075.66,215.1,49.91,70.48,1,1,0.847
39,9,943.26,576.49,62.97,102.59,1,1,0.85876
39,10,782.88,400.71,41.69,93.37,1,1,0.84504
39,11,1593.74,506.74,44.66,95.3,1,1,0.83854
39,12,1328.39,548.95,60.13,52.47,1,1,0.82283
39,13,1565.79,532.96,46.74,107.67,1,1,0.8281
39,14,998.39,111.55,42.97,92.35,1,1,0.82322
39,15,1068.74,537.55,46.84,109.16,1,1,0.85299
39,16,1357.73,517.92,50.9,62.19,1,1,0.80471
39,17,1359.1,488.25,57.32,49.87,1,1,0.79362
39,18,1360.97,461.31,55.35,39.19,1,1,0.7991
39,19,1236.16,507.76,75.56,61.27,1,1,0.81683
39,20,1349.85,585.41,55.87,47.21,1,1,0.75555
39,21,1269.9,466.73,54.36,53.96,1,1,0.75987
39,22,1272.62,452.35,55.3,39.09,1,1,0.64374
40,0,1254.29,836.45,79.56,115.66,1,1,0.88555
40,1,1433.9,146.55,62.18,85.98,1,1,0.8761
40,2,1210.54,628.78,78.78,86.88,1,1,0.8778
40,3,1344.44,607.11,62.3,86.79,1,1,0.86087
40,4,1230.91,566.66,75.83,71.96,1,1,0.85562
40,5,727.99,770.37,47.2,105.62,1,1,0.85807
40,6,1109.29,416.23,41.06,94.24,1,1,0.855
40,7,1483.52,294.7,43.84,66.82,1,1,0.81239
40,8,1074.69,216.53,48.11,69.51,1,1,0.84533
40,9,945.82,577.28,64.24,102.82,1,1,0.85867
40,10,783.62,400.34,41.42,93.42,1,1,0.84528
40,11,1593.29,507.05,44.94,95.24,1,1,0.83628
40,12,1328.2,549.1,59.89,52.7,1,1,0.82429
40,13,1565.83,533.37,46.8,107.71,1,1,0.82752
40,14,998.34,112.59,42.72,91.48,1,1,0.82238
40,15,1069.55,537.81,47.41,109.29,1,1,0.85197
40,16,1357.65,518.42,50.82,62.47,1,1,0.80465
40,17,1358.96,488.74,57.34,49.79,1,1,0.79129
40,18,1360.88,462.24,55.65,38.94,1,1,0.79479
40,19,1235.88,507.7,75.13,61.74,1,1,0.81613
40,20,1349.81,585.87,55.88,47.59,1,1,0.75478
40,21,1270.17,467.45,53.62,53.69,1,1,0.75598
40,22,1272.93,452.54,54.75,39.02,1,1,0.65302
41,0,1254.16,836.65,79.64,115.59,1,1,0.88636
41,1,1433.76,146.84,62.21,86.04,1,1,0.87547
41,2,1210.62,628.92,78.75,86.94,1,1,0.87586
41,3,1344.17,607.37,62.39,86.79,1,1,0.86028
41,4,1230.68,567.17,76.03,71.72,1,1,0.85557
41,5,727.43,770.32,47.05,105.66,1,1,0.8585
41,6,1109.17,416.8,41.06,94.45,1,1,0.85304
41,7,1483.04,296.17,43.62,71.11,1,1,0.82274
41,8,1073.56,217.86,45.57,68.27,1,1,0.8362
41,9,948.7,578.39,63.12,101.07,1,1,0.85452
41,10,784.15,399.84,41.56,93.61,1,1,0.84509
41,11,1592.73,507.67,45.3,94.92,1,1,0.83619
41,12,1327.87,549.4,59.73,52.69,1,1,0.82344
41,13,1565.73,533.53,47.01,108.0,1,1,0.82542
41,14,997.97,112.68,42.87,91.52,1,1,0.82083
41,15,1069.6,538.11,47.88,109.27,1,1,0.84323
41,16,1357.35,518.62,50.99,62.53,1,1,0.80437
41,17,1359.09,488.86,57.31,50.06,1,1,0.78924
41,18,1360.35,462.8,56.08,38.63,1,1,0.79085
41,19,1235.96,507.85,74.93,61.86,1,1,0.81818
41,20,1349.64,586.1,56.01,47.6,1,1,0.75604
41,21,1269.86,467.62,53.64,53.83,1,1,0.75509
41,22,1272.55,452.66,54.6,39.1,1,1,0.6413
42,0,1254.22,836.65,79.52,115.63,1,1,0.88662
42,1,1433.39,147.05,62.36,85.92,1,1,0.87534
42,2,1210.61,628.95,78.93,87.09,1,1,0.87753
42,3,1343.98,607.35,62.46,86.91,1,1,0.86041
42,4,1230.56,567.57,76.14,71.47,1,1,0.85611
42,5,727.08,770.23,46.91,105.74,1,1,0.85854
42,6,1109.14,417.45,41.14,95.44,1,1,0.85593
42,7,1483.4,297.35,43.45,75.2,1,1,0.81706
42,8,1072.37,219.12,43.56,67.95,1,1,0.83655
42,9,954.2,579.4,58.77,99.2,1,1,0.85026
42,10,784.59,399.3,41.82,93.85,1,1,0.84657
42,11,1592.51,508.08,45.56,94.8,1,1,0.83555
42,12,1327.59,549.49,59.65,52.8,1,1,0.82434
42,13,1565.71,533.81,47.14,107.89,1,1,0.82603
42,14,997.82,112.91,42.98,91.5,1,1,0.82013
42,15,1069.79,538.04,48.08,109.58,1,1,0.842
42,16,1357.26,518.64,51.04,62.95,1,1,0.80444
42,17,1359.43,488.83,57.16,50.28,1,1,0.79027
42,18,1359.7,463.17,56.52,38.32,1,1,0.79107
42,19,1236.14,507.93,74.83,61.83,1,1,0.82143
42,20,1349.49,586.16,56.09,47.65,1,1,0.75484
42,21,1269.7,467.82,53.73,53.79,1,1,0.75596
43,0,1254.32,836.91,79.34,115.93,1,1,0.88465
43,1,1433.36,147.5,62.57,86.14,1,1,0.87521
43,2,1210.6,629.3,78.84,87.35,1,1,0.87419
43,3,1343.89,607.91,62.65,86.8,1,1,0.86152
43,4,1230.51,567.99,76.07,71.32,1,1,0.85422
43,5,726.45,770.45,47.11,105.6,1,1,0.85894
43,6,1109.02,418.53,41.39,96.54,1,1,0.85557
43,7,1483.09,299.0,43.35,79.3,1,1,0.8243
43,8,1071.64,220.05,41.61,67.68,1,1,0.83264
43,9,960.31,580.45,53.48,98.27,1,1,0.85057
43,10,784.83,399.29,41.98,94.07,1,1,0.8454
43,11,1592.56,509.06,45.65,94.47,1,1,0.83662
43,12,1326.99,549.82,60.05,53.25,1,1,0.82389
43,13,1565.74,534.42,47.51,107.87,1,1,0.82597
43,14,997.75,113.69,43.06,91.2,1,1,0.81946
43,15,1070.89,536.79,48.08,110.75,1,1,0.83116
43,16,1357.34,519.17,51.05,62.99,1,1,0.7997
43,17,1359.72,489.09,56.92,50.44,1,1,0.78876
43,18,1359.01,463.72,57.28,38.54,1,1,0.78971
43,19,1236.37,508.34,74.72,61.71,1,1,0.81781
43,20,1349.44,586.82,56.3,47.77,1,1,0.75445
43,21,1269.55,468.03,53.81,54.21,1,1,0.75529
44,0,1254.31,837.01,79.04,115.95,1,1,0.88532
44,1,1433.56,147.91,62.42,85.98,1,1,0.87544
44,2,1210.52,629.76,78.67,87.18,1,1,0.87683
44,3,1343.84,608.29,62.81,86.62,1,1,0.86436
44,4,1230.68,568.4,75.68,71.02,1,1,0.8559
44,5,726.08,770.49,47.06,105.43,1,1,0.85987
44,6,1109.21,419.81,41.12,96.2,1,1,0.85596
44,7,1481.37,301.57,44.17,79.5,1,1,0.81782
44,8,1069.93,220.93,40.89,67.43,1,1,0.83558
44,9,966.59,581.14,48.85,98.46,1,1,0.86493
44,10,784.86,399.16,42.22,94.35,1,1,0.84618
44,11,1592.84,509.46,45.63,94.57,1,1,0.83814
44,12,1326.8,550.3,60.37,52.94,1,1,0.82717
44,13,1565.74,534.85,47.4,107.8,1,1,0.82877
44,14,997.82,113.93,42.88,91.3,1,1,0.82184
44,15,1072.27,535.39,48.35,111.86,1,1,0.83384
44,16,1357.42,519.63,50.81,62.83,1,1,0.80048
44,17,1360.17,489.6,57.29,50.93,1,1,0.79215
44,18,1359.04,463.84,57.96,38.9,1,1,0.79323
44,19,1236.68,508.78,74.83,61.28,1,1,0.81903
44,20,1349.5,587.09,56.36,47.69,1,1,0.75615
44,21,1269.47,467.92,54.07,54.26,1,1,0.75932
45,0,1254.2,837.1,79.39,116.25,1,1,0.88649
45,1,1433.62,147.98,62.52,86.35,1,1,0.87444
45,2,1210.56,629.87,78.96,87.44,1,1,0.87651
45,3,1344.0,608.6,62.96,86.6,1,1,0.86656
45,4,1230.79,568.67,75.64,70.95,1,1,0.85356
45,5,725.8,770.44,47.11,105.3,1,1,0.85845
45,6,1109.24,420.78,40.99,95.84,1,1,0.85533
45,7,1479.18,306.5,45.75,75.99,1,1,0.80159
45,8,1069.26,221.36,39.85,67.76,1,1,0.8311
45,9,971.57,581.1,46.25,99.62,1,1,0.86315
45,10,784.67,399.25,42.49,94.72,1,1,0.84675
45,11,1592.85,509.4,46.02,95.09,1,1,0.8399
45,12,1326.69,550.41,60.58,53.08,1,1,0.82562
45,13,1565.84,535.13,47.65,107.81,1,1,0.82871
45,14,997.75,113.36,42.98,92.07,1,1,0.81969
45,15,1073.4,534.49,48.61,112.56,1,1,0.8255
45,16,1357.66,519.87,50.62,62.79,1,1,0.79848
45,17,1360.39,490.0,57.57,51.07,1,1,0.78989
45,18,1359.14,463.96,58.18,39.07,1,1,0.79425
45,19,1236.87,509.26,74.96,60.82,1,1,0.81609
45,20,1349.75,587.41,56.81,47.88,1,1,0.75594
45,21,1269.43,467.57,54.57,55.02,1,1,0.75625
46,0,1254.11,837.31,79.52,116.38,1,1,0.88728
46,1,1433.73,148.24,62.48,86.26,1,1,0.87466
46,2,1210.52,629.92,79.29,87.54,1,1,0.87801
46,3,1344.26,608.83,62.89,86.4,1,1,0.86506
46,4,1230.96,568.86,75.46,70.9,1,1,0.85334
46,5,725.59,770.36,46.98,105.52,1,1,0.85919
46,6,1109.49,421.66,40.68,95.4,1,1,0.85863
46,7,1479.49,311.53,43.7,71.36,1,1,0.80006
46,8,1068.38,222.25,39.43,69.42,1,1,0.83128
46,9,975.17,580.89,44.92,100.77,1,1,0.86268
46,10,784.51,399.4,42.73,94.99,1,1,0.84765
46,11,1593.15,510.13,45.87,94.59,1,1,0.84091
46,12,1326.5,550.24,60.99,53.48,1,1,0.82652
46,13,1565.98,535.4,47.73,107.78,1,1,0.82879
46,14,997.95,113.14,42.85,92.46,1,1,0.82172
46,15,1074.48,532.86,49.26,112.75,1,1,0.82787
46,16,1357.93,520.03,50.39,62.96,1,1,0.79972
46,17,1360.61,490.3,57.58,51.11,1,1,0.7893
46,18,1359.75,464.36,57.82,38.94,1,1,0.79702
46,19,1237.14,509.57,75.13,60.52,1,1,0.81834
46,20,1349.98,587.65,57.03,47.79,1,1,0.75151
46,21,1269.67,467.33,54.84,55.68,1,1,0.7569
47,0,1254.25,837.92,79.6,116.53,1,1,0.88631
47,1,1433.76,148.82,62.7,86.1,1,1,0.87316
47,2,1210.55,630.4,79.31,87.63,1,1,0.87679
47,3,1344.28,609.11,62.88,86.5,1,1,0.86343
47,4,1231.3,569.2,75.39,71.11,1,1,0.85255
47,5,725.39,770.68,46.72,105.66,1,1,0.85808
47,6,1109.81,422.73,40.22,95.02,1,1,0.8586
47,7,1478.69,315.52,43.1,69.2,1,1,0.79289
47,8,1067.39,223.29,40.18,72.96,1,1,0.82627
47,9,977.75,581.89,44.5,102.56,1,1,0.86418
47,10,784.15,399.74,43.08,95.31,1,1,0.84837
47,11,1593.57,511.16,45.86,93.96,1,1,0.84158
47,12,1326.43,550.61,61.42,53.77,1,1,0.82241
47,13,1566.17,535.83,47.98,108.09,1,1,0.83064
47,14,997.89,113.95,42.84,92.23,1,1,0.81819
47,15,1075.34,530.69,50.31,113.4,1,1,0.8327
47,16,1358.2,520.86,50.49,62.72,1,1,0.79956
47,17,1360.6,490.79,57.88,50.67,1,1,0.78936
47,18,1360.39,464.89,57.22,39.02,1,1,0.79607
47,19,1237.75,509.86,74.18,60.19,1,1,0.81098
47,20,1350.24,588.15,57.15,47.73,1,1,0.74364
47,21,1269.82,467.53,54.8,55.86,1,1,0.74798
48,0,1254.38,838.44,79.31,116.53,1,1,0.88693
48,1,1433.57,149.72,62.92,85.82,1,1,0.87438
48,2,1210.44,631.1,79.22,87.59,1,1,0.87833
48,3,1344.28,609.54,62.46,86.56,1,1,0.86235
48,4,1231.32,569.97,75.47,71.02,1,1,0.85555
48,5,725.15,771.05,46.44,105.39,1,1,0.85882
48,6,1109.89,423.89,40.32,94.34,1,1,0.86009
48,7,1475.3,318.52,45.04,73.16,1,1,0.80194
48,8,1066.57,225.09,40.4,76.17,1,1,0.82277
48,9,979.63,584.04,44.59,104.21,1,1,0.86799
48,10,783.65,400.14,43.42,95.53,1,1,0.84906
48,11,1593.33,511.69,46.29,94.03,1,1,0.84239
48,12,1326.23,551.11,61.56,53.85,1,1,0.82292
48,13,1566.19,536.28,48.07,108.43,1,1,0.83
48,14,997.87,115.77,42.7,91.02,1,1,0.8198
48,15,1077.4,529.05,50.41,112.61,1,1,0.83814
48,16,1358.08,521.54,50.56,63.22,1,1,0.80587
48,17,1360.55,491.2,58.23,50.74,1,1,0.79706
48,18,1360.22,465.43,57.23,38.82,1,1,0.79878
48,19,1237.59,510.43,74.41,59.82,1,1,0.82193
48,20,1350.2,588.52,57.33,48.11,1,1,0.75097
48,21,1269.64,468.02,54.92,56.24,1,1,0.75501
49,0,1254.46,838.97,79.14,116.2,1,1,0.88665
49,1,1433.46,150.23,63.03,85.96,1,1,0.87527
49,2,1210.64,631.48,79.22,87.68,1,1,0.87683
49,3,1344.41,609.88,61.94,86.68,1,1,0.86207
49,4,1231.38,570.62,75.49,70.94,1,1,0.85513
49,5,724.81,771.6,46.27,104.72,1,1,0.85834
49,6,1110.03,424.37,40.21,94.01,1,1,0.8586
49,7,1475.84,321.18,43.81,78.35,1,1,0.81461
49,8,1066.03,227.25,40.09,81.59,1,1,0.81245
49,9,981.53,585.48,44.51,105.71,1,1,0.86547
49,10,783.21,400.32,43.56,95.7,1,1,0.84895
49,11,1593.34,512.79,46.49,93.28,1,1,0.84263
49,12,1326.64,551.55,61.06,53.69,1,1,0.81911
49,13,1566.48,536.73,48.37,108.67,1,1,0.8307
49,14,997.96,116.16,42.57,91.24,1,1,0.82088
49,15,1079.21,527.23,49.57,111.25,1,1,0.83251
49,16,1358.17,522.19,50.63,63.37,1,1,0.80451
49,17,1360.28,491.5,58.35,50.83,1,1,0.79619
49,18,1359.93,465.95,57.32,38.76,1,1,0.7981
49,19,1237.8,510.42,74.35,59.96,1,1,0.81641
49,20,1350.29,588.79,57.52,48.66,1,1,0.7573
49,21,1269.59,468.33,54.73,55.41,1,1,0.7421
50,0,1254.64,840.14,78.96,115.98,1,1,0.8865
50,1,1433.5,151.54,62.87,85.28,1,1,0.8775
50,2,1210.55,632.2,79.51,87.9,1,1,0.88179
50,3,1344.76,610.61,61.64,86.82,1,1,0.86191
50,4,1231.19,572.19,75.75,70.36,1,1,0.85862
50,5,724.21,772.94,46.1,104.12,1,1,0.85874
50,6,1110.27,425.38,39.94,93.7,1,1,0.85862
50,7,1476.05,325.5,42.62,81.46,1,1,0.82552
50,8,1065.35,230.41,39.86,85.31,1,1,0.81669
50,9,983.41,587.28,45.03,107.4,1,1,0.86511
50,10,782.92,401.16,43.66,95.48,1,1,0.84949
50,11,1593.18,513.39,46.58,93.24,1,1,0.84355
50,12,1326.82,552.43,60.92,53.24,1,1,0.81908
50,13,1566.2,537.6,48.36,108.7,1,1,0.83008
50,14,998.07,117.66,42.54,90.43,1,1,0.82063
50,15,1080.8,526.47,48.93,108.39,1,1,0.83581
50,16,1358.26,523.45,50.56,62.63,1,1,0.8011
50,17,1359.93,492.05,57.88,50.24,1,1,0.79502
50,18,1359.74,466.86,57.28,38.93,1,1,0.79502
50,19,1237.81,511.23,74.2,59.9,1,1,0.82031
50,20,1350.2,589.54,57.62,49.26,1,1,0.76557
50,21,1269.23,469.11,54.84,55.02,1,1,0.72969
51,0,1254.67,841.26,78.88,116.07,1,1,0.88689
51,1,1433.34,152.53,63.15,85.77,1,1,0.8787
51,2,1210.55,632.92,79.68,88.47,1,1,0.8816
51,3,1344.88,611.91,61.22,86.56,1,1,0.86279
51,4,1230.83,573.63,75.99,70.23,1,1,0.85691
51,5,723.45,774.51,46.51,103.85,1,1,0.85783
51,6,1110.19,426.12,39.96,93.9,1,1,0.85798
51,7,1475.92,330.3,43.33,81.51,1,1,0.82961
51,8,1063.84,234.24,40.31,85.5,1,1,0.8216
51,9,985.23,589.1,45.97,108.11,1,1,0.86086
51,10,782.55,402.19,43.94,95.86,1,1,0.8489
51,11,1593.22,514.64,46.35,93.03,1,1,0.84446
51,12,1326.81,553.19,60.98,53.3,1,1,0.819
51,13,1565.99,538.99,48.68,108.47,1,1,0.83129
51,14,998.07,117.96,42.8,91.64,1,1,0.82225
51,15,1082.14,525.45,48.74,107.35,1,1,0.83418
51,16,1358.11,524.27,50.91,62.86,1,1,0.80477
51,17,1359.58,492.98,58.31,49.9,1,1,0.79338
51,18,1359.44,467.93,57.92,40.84,1,1,0.77746
51,19,1238.1,512.53,74.1,59.1,1,1,0.81108
51,20,1350.47,590.99,57.26,49.6,1,1,0.77324
51,21,1269.3,470.07,54.73,54.32,1,1,0.73778
52,0,1254.84,841.4,78.78,116.25,1,1,0.8858
52,1,1433.38,152.6,63.2,86.05,1,1,0.87805
52,2,1210.56,633.0,79.78,88.7,1,1,0.88145
52,3,1345.05,612.39,61.04,86.27,1,1,0.86138
52,4,1230.65,573.97,76.11,70.25,1,1,0.85593
52,5,722.85,775.25,46.79,103.31,1,1,0.85919
52,6,1110.24,426.15,40.01,93.91,1,1,0.85797
52,7,1476.93,334.65,43.28,79.03,1,1,0.82577
52,8,1062.57,237.1,40.49,84.36,1,1,0.82225
52,9,987.0,590.35,46.88,107.82,1,1,0.86103
52,10,782.26,402.35,44.31,96.38,1,1,0.84836
52,11,1593.28,515.0,46.31,92.94,1,1,0.84335
52,12,1326.83,553.37,61.05,53.17,1,1,0.81912
52,13,1565.98,539.22,48.47,108.33,1,1,0.83045
52,14,998.04,116.21,42.97,94.0,1,1,0.82061
52,15,1083.79,525.19,48.56,106.03,1,1,0.83011
52,16,1358.02,524.35,51.01,62.92,1,1,0.80437
52,17,1359.52,493.09,58.45,49.92,1,1,0.7908
52,18,1359.32,468.14,58.23,41.54,1,1,0.77628
52,19,1238.34,512.73,74.15,58.66,1,1,0.80812
52,20,1350.47,591.44,56.99,49.35,1,1,0.76719
52,21,1269.32,470.29,54.64,53.95,1,1,0.73784
53,0,1254.66,841.66,79.03,116.52,1,1,0.88694
53,1,1433.34,152.6,63.52,86.49,1,1,0.87948
53,2,1210.41,633.35,79.85,88.62,1,1,0.88074
53,3,1345.42,612.78,60.9,86.13,1,1,0.85921
53,4,1230.57,574.37,76.23,70.19,1,1,0.85464
53,5,722.47,776.08,47.17,102.77,1,1,0.8593
53,6,1110.69,426.58,39.96,93.57,1,1,0.85675
53,7,1477.25,338.23,42.47,76.25,1,1,0.82445
53,8,1061.28,239.22,41.26,83.92,1,1,0.82477
53,9,988.73,591.24,47.52,107.83,1,1,0.86031
53,10,781.93,402.77,44.65,96.52,1,1,0.84982
53,11,1593.41,515.23,46.33,93.19,1,1,0.84488
53,12,1327.33,553.64,60.73,53.22,1,1,0.81812
53,13,1566.04,539.32,48.66,108.68,1,1,0.83118
53,14,997.97,115.52,43.26,95.33,1,1,0.82139
53,15,1085.48,525.18,48.33,105.37,1,1,0.83417
53,16,1358.39,524.92,50.8,62.75,1,1,0.80627
53,17,1359.41,493.44,58.54,48.89,1,1,0.78957
53,18,1359.55,468.52,58.69,42.07,1,1,0.77065
53,19,1238.79,513.22,73.61,58.51,1,1,0.81124
53,20,1350.64,591.7,57.04,49.46,1,1,0.76535
53,21,1270.01,470.83,53.97,53.01,1,1,0.74559
54,0,1254.84,841.92,79.13,116.35,1,1,0.88687
54,1,1433.41,153.3,63.57,86.22,1,1,0.88034
54,2,1210.48,633.73,80.26,88.58,1,1,0.88271
54,3,1345.68,613.11,60.64,86.05,1,1,0.85605
54,4,1230.55,575.14,76.42,69.65,1,1,0.85476
54,5,722.08,776.68,47.59,102.67,1,1,0.86043
54,6,1111.05,426.89,39.89,93.0,1,1,0.85802
54,7,1477.91,341.04,41.72,75.97,1,1,0.82033
54,8,1060.33,240.14,41.0,83.61,1,1,0.82699
54,9,990.14,591.47,48.14,108.52,1,1,0.85898
54,10,781.53,403.21,45.12,96.72,1,1,0.85268
54,11,1593.4,515.24,46.65,93.53,1,1,0.84601
54,12,1327.5,554.18,60.4,53.21,1,1,0.81869
54,13,1565.75,539.25,49.16,109.04,1,1,0.82977
54,14,998.51,115.53,43.01,95.97,1,1,0.82064
54,15,1086.77,525.39,48.26,104.84,1,1,0.83513
54,16,1358.41,525.3,50.77,63.27,1,1,0.8122
54,17,1359.54,493.97,58.41,48.34,1,1,0.79185
54,18,1359.43,468.99,58.97,41.43,1,1,0.77791
54,19,1238.4,513.8,74.51,58.62,1,1,0.81928
54,20,1350.93,591.83,56.81,49.63,1,1,0.76526
54,21,1270.66,471.11,53.85,53.57,1,1,0.75443
55,0,1254.75,841.85,79.07,116.26,1,1,0.88652
55,1,1433.4,153.47,63.58,86.09,1,1,0.87987
55,2,1210.55,633.82,80.38,88.46,1,1,0.88092
55,3,1345.72,613.33,60.51,85.76,1,1,0.857
55,4,1230.54,575.21,76.43,69.53,1,1,0.85324
55,5,721.83,776.81,48.05,102.52,1,1,0.86132
55,6,1110.91,427.15,40.25,92.67,1,1,0.86081
55,7,1478.1,343.22,41.04,79.25,1,1,0.81976
55,8,1059.88,240.82,40.26,82.44,1,1,0.82323
55,9,991.52,590.84,48.49,109.66,1,1,0.86251
55,10,781.23,403.31,45.34,96.77,1,1,0.85187
55,11,1593.33,515.15,46.79,93.66,1,1,0.8465
55,12,1327.58,554.32,60.28,53.13,1,1,0.81891
55,13,1565.6,539.04,49.43,109.16,1,1,0.8304
55,14,998.48,115.91,43.13,95.83,1,1,0.82049
55,15,1087.26,524.74,48.96,104.93,1,1,0.83005
55,16,1358.59,525.41,50.59,63.28,1,1,0.81164
55,17,1359.62,494.05,58.07,48.09,1,1,0.79021
55,18,1359.46,469.08,58.75,40.72,1,1,0.78129
55,19,1238.12,513.97,75.09,58.56,1,1,0.81899
55,20,1351.08,591.76,56.6,49.55,1,1,0.76658
55,21,1270.85,471.13,53.8,53.3,1,1,0.74952
56,0,1254.76,841.85,79.02,116.16,1,1,0.88634
56,1,1433.46,153.53,63.54,86.01,1,1,0.87905
56,2,1210.57,633.84,80.54,88.51,1,1,0.88101
56,3,1345.73,613.33,60.5,85.75,1,1,0.8582
56,4,1230.59,575.05,76.37,69.68,1,1,0.85109
56,5,721.48,777.53,48.14,101.74,1,1,0.86023
56,6,1110.98,427.33,40.37,92.54,1,1,0.86302
56,7,1478.1,346.11,41.46,83.17,1,1,0.82211
56,8,1059.39,241.82,39.76,80.99,1,1,0.82103
56,9,993.18,589.79,48.44,111.33,1,1,0.86292
56,10,781.08,403.38,45.45,96.95,1,1,0.85241
56,11,1593.36,515.17,46.7,93.65,1,1,0.84372
56,12,1327.6,554.31,60.3,53.09,1,1,0.81865
56,13,1565.51,538.99,49.71,109.19,1,1,0.82972
56,14,998.36,117.73,43.07,94.12,1,1,0.81993
56,15,1087.49,524.7,50.14,103.99,1,1,0.83096
56,16,1358.67,525.38,50.62,63.31,1,1,0.81059
56,17,1359.73,494.0,58.02,47.85,1,1,0.79079
56,18,1359.5,469.08,58.64,40.32,1,1,0.78023
56,19,1237.98,514.08,75.57,58.46,1,1,0.8191
56,20,1351.07,591.58,56.51,49.35,1,1,0.76496
56,21,1270.8,471.1,54.0,52.88,1,1,0.74564
57,0,1254.63,841.84,79.06,116.14,1,1,0.88613
57,1,1433.57,153.63,63.44,86.01,1,1,0.87996
57,2,1210.58,633.95,80.76,88.32,1,1,0.88036
57,3,1345.8,613.41,60.53,85.67,1,1,0.85892
57,4,1230.81,574.99,76.2,69.77,1,1,0.85045
57,5,721.25,777.91,48.18,101.46,1,1,0.86078
57,6,1111.14,427.38,40.65,92.59,1,1,0.86424
57,7,1477.7,349.84,41.23,85.12,1,1,0.8272
57,8,1058.78,242.82,39.39,81.3,1,1,0.82851
57,9,995.22,589.91,46.38,111.42,1,1,0.85869
57,10,780.78,403.37,45.72,97.12,1,1,0.853
57,11,1593.34,515.11,46.68,93.63,1,1,0.84349
57,12,1327.75,554.32,60.26,53.03,1,1,0.81833
57,13,1565.51,539.02,49.78,109.05,1,1,0.83009
57,14,998.19,119.47,43.02,92.55,1,1,0.81822
57,15,1088.35,524.16,51.2,104.27,1,1,0.84468
57,16,1358.78,525.26,50.65,63.29,1,1,0.81086
57,17,1359.95,493.85,58.02,47.97,1,1,0.78855
57,18,1359.87,469.17,58.5,40.38,1,1,0.77303
57,19,1238.06,513.99,75.71,58.47,1,1,0.81693
57,20,1351.15,591.49,56.46,49.11,1,1,0.76455
57,21,1270.81,471.05,54.18,52.06,1,1,0.73643
58,0,1254.61,841.86,79.07,115.99,1,1,0.88691
58,1,1433.68,153.67,63.3,85.87,1,1,0.87934
58,2,1210.55,634.01,80.88,88.15,1,1,0.88163
58,3,1345.75,613.33,60.64,85.7,1,1,0.8594
58,4,1230.96,574.91,76.18,69.82,1,1,0.85253
58,5,721.13,778.14,48.33,101.35,1,1,0.86066
58,6,1111.21,427.38,40.96,92.65,1,1,0.8656
58,7,1475.88,353.91,42.13,84.08,1,1,0.83247
58,8,1057.76,243.99,39.26,80.51,1,1,0.82432
58,9,997.55,589.97,44.49,111.48,1,1,0.86083
58,10,780.43,403.23,46.15,97.98,1,1,0.8538
58,11,1593.38,515.06,46.69,93.68,1,1,0.84381
58,12,1327.82,554.36,60.35,52.9,1,1,0.8192
58,13,1565.52,538.97,49.86,109.11,1,1,0.8313
58,14,997.97,121.04,43.05,91.1,1,1,0.82328
58,15,1089.22,524.08,52.29,104.03,1,1,0.85006
58,16,1358.84,525.28,50.75,63.08,1,1,0.81136
58,17,1360.19,493.81,57.97,48.55,1,1,0.78727
58,18,1359.94,469.08,58.35,40.13,1,1,0.77677
58,19,1238.22,513.94,75.79,58.46,1,1,0.81683
58,20,1351.19,591.39,56.41,49.06,1,1,0.76342
58,21,1270.79,471.16,54.34,51.34,1,1,0.7261
59,0,1254.57,841.86,78.91,115.91,1,1,0.88661
59,1,1433.75,153.67,63.32,85.97,1,1,0.87978
59,2,1210.75,634.16,80.69,87.97,1,1,0.88397
59,3,1345.62,613.36,60.7,85.58,1,1,0.86266
59,4,1231.0,574.45,76.15,70.23,1,1,0.85437
59,5,721.06,778.4,48.18,101.23,1,1,0.86198
59,6,1111.3,427.3,41.02,92.67,1,1,0.86732
59,7,1474.15,357.34,43.39,81.84,1,1,0.82737
59,8,1056.57,245.52,38.94,82.69,1,1,0.82792
59,9,999.67,590.07,43.58,111.39,1,1,0.86482
59,10,780.07,402.83,46.27,98.76,1,1,0.85514
59,11,1593.51,514.95,46.53,93.69,1,1,0.84323
59,12,1327.56,554.3,60.58,53.01,1,1,0.82193
59,13,1565.46,538.96,49.79,109.36,1,1,0.83017
59,14,997.54,122.61,43.25,89.81,1,1,0.82906
59,15,1090.34,523.83,52.5,103.9,1,1,0.85074
59,16,1358.79,525.33,50.83,62.98,1,1,0.81247
59,17,1360.21,493.71,57.68,48.86,1,1,0.78969
59,18,1359.54,468.99,58.75,39.96,1,1,0.78082
59,19,1238.4,514.03,76.1,58.33,1,1,0.8202
59,20,1351.01,591.34,56.73,49.17,1,1,0.76664
59,21,1270.83,471.21,54.13,50.58,1,1,0.72966
60,0,1254.62,841.91,78.84,115.84,1,1,0.88676
60,1,1433.81,153.68,63.35,86.1,1,1,0.88014
60,2,1210.65,634.28,80.79,88.08,1,1,0.88351
60,3,1345.63,613.49,60.71,85.47,1,1,0.86054
60,4,1231.0,574.4,76.02,70.31,1,1,0.85422
60,5,720.87,779.05,48.19,100.82,1,1,0.86094
60,6,1111.55,427.42,41.12,92.7,1,1,0.86487
60,7,1474.44,361.58,42.37,77.98,1,1,0.82057
60,8,1055.89,247.25,38.99,84.42,1,1,0.82741
60,9,1002.2,590.24,43.37,110.94,1,1,0.86331
60,10,779.77,402.61,46.39,99.17,1,1,0.85472
60,11,1593.58,514.97,46.46,93.61,1,1,0.84302
60,12,1327.58,554.3,60.53,53.05,1,1,0.821
60,13,1565.48,538.99,49.74,109.44,1,1,0.8302
60,14,997.26,123.6,43.13,88.34,1,1,0.8274
60,15,1092.15,524.5,51.37,102.06,1,1,0.84194
60,16,1358.77,525.38,50.78,62.89,1,1,0.81334
60,17,1360.28,493.58,57.34,49.09,1,1,0.79299
60,18,1359.43,468.95,58.59,39.79,1,1,0.78219
60,19,1238.44,514.29,76.41,58.14,1,1,0.82012
60,20,1351.0,591.36,56.75,49.15,1,1,0.76563
60,21,1270.79,471.2,54.12,50.35,1,1,0.73777
61,0,1254.65,841.9,78.82,115.9,1,1,0.88726
61,1,1433.79,153.73,63.46,86.06,1,1,0.88088
61,2,1210.57,634.35,80.86,88.06,1,1,0.88262
61,3,1345.65,613.36,60.7,85.6,1,1,0.85986
61,4,1230.96,574.34,76.02,70.36,1,1,0.85514
61,5,720.66,779.8,48.37,100.31,1,1,0.86225
61,6,1111.89,428.04,41.34,92.14,1,1,0.86485
61,7,1473.85,364.79,41.51,77.62,1,1,0.81952
61,8,1054.92,250.51,40.06,83.61,1,1,0.82628
61,9,1004.14,590.49,43.24,110.5,1,1,0.85898
61,10,779.32,402.39,46.71,99.63,1,1,0.85527
61,11,1593.57,514.88,46.44,93.63,1,1,0.84314
61,12,1327.51,554.25,60.62,53.25,1,1,0.82187
61,13,1565.42,539.23,49.65,109.23,1,1,0.83142
61,14,996.77,123.82,42.75,87.74,1,1,0.82816
61,15,1093.84,523.93,50.64,100.82,1,1,0.84101
61,16,1358.85,525.32,50.57,62.63,1,1,0.81449
61,17,1360.42,493.37,57.01,49.12,1,1,0.79394
61,18,1359.65,468.89,57.97,39.68,1,1,0.78188
61,19,1238.66,514.36,76.37,57.93,1,1,0.8207
61,20,1350.94,591.35,56.86,49.26,1,1,0.76487
61,21,1270.68,471.34,54.02,50.12,1,1,0.73121
62,0,1254.62,841.86,78.81,116.0,1,1,0.8868
62,1,1433.88,153.79,63.45,85.96,1,1,0.88059
62,2,1210.71,634.35,80.91,88.09,1,1,0.88418
62,3,1345.7,613.23,60.78,85.74,1,1,0.86029
62,4,1230.95,574.39,75.97,70.28,1,1,0.85449
62,5,720.37,780.15,48.46,100.21,1,1,0.8625
62,6,1112.26,428.19,41.45,91.99,1,1,0.86315
62,7,1469.95,368.08,44.75,81.99,1,1,0.82728
62,8,1053.79,252.93,41.47,82.7,1,1,0.82887
62,9,1005.77,590.87,43.49,110.23,1,1,0.86285
62,10,778.66,402.32,47.18,100.32,1,1,0.85564
62,11,1593.57,514.82,46.49,93.65,1,1,0.84316
62,12,1327.42,554.2,60.75,53.44,1,1,0.82261
62,13,1565.4,539.29,49.67,109.17,1,1,0.83133
62,14,996.08,124.33,41.81,87.45,1,1,0.82795
62,15,1096.02,523.76,49.66,98.81,1,1,0.84132
62,16,1358.94,525.27,50.49,62.58,1,1,0.81441
62,17,1360.59,493.2,56.87,49.34,1,1,0.79285
62,18,1360.12,468.86,57.34,39.6,1,1,0.77834
62,19,1238.84,514.37,76.34,57.92,1,1,0.82327
62,20,1350.91,591.28,56.97,49.32,1,1,0.76437
62,21,1270.47,471.24,54.27,50.24,1,1,0.73171
63,0,1254.64,841.83,78.75,116.05,1,1,0.88694
63,1,1433.89,153.91,63.45,85.77,1,1,0.88061
63,2,1210.71,634.35,81.02,88.04,1,1,0.88423
63,3,1345.69,613.23,60.81,85.76,1,1,0.85975
63,4,1230.91,574.42,76.07,70.29,1,1,0.85558
63,5,719.89,780.73,48.75,99.76,1,1,0.86339
63,6,1112.19,428.65,41.91,91.61,1,1,0.86428
63,7,1466.91,371.58,47.14,86.82,1,1,0.81492
63,8,1052.82,255.51,42.95,81.22,1,1,0.8289
63,9,1006.96,592.51,43.98,109.08,1,1,0.86509
63,10,778.34,402.54,47.31,100.9,1,1,0.85506
63,11,1593.49,514.83,46.58,93.59,1,1,0.843
63,12,1327.3,554.16,60.88,53.67,1,1,0.82231
63,13,1565.39,539.38,49.78,109.17,1,1,0.83151
63,14,995.53,124.35,40.6,87.43,1,1,0.82604
63,15,1098.59,523.21,49.01,97.79,1,1,0.84423
63,16,1358.9,525.26,50.53,62.7,1,1,0.81405
63,17,1360.58,493.08,57.13,49.69,1,1,0.79217
63,18,1360.32,469.02,57.1,39.44,1,1,0.77545
63,19,1238.82,514.51,76.58,57.93,1,1,0.8243
63,20,1350.92,591.25,56.97,49.39,1,1,0.76307
63,21,1270.19,471.26,54.64,50.61,1,1,0.73695
64,0,1254.73,841.84,78.69,116.04,1,1,0.88797
64,1,1433.84,153.9,63.65,85.85,1,1,0.88227
64,2,1210.8,634.34,81.19,88.21,1,1,0.88373
64,3,1345.77,613.2,60.79,85.82,1,1,0.86005
64,4,1230.99,574.49,76.23,70.22,1,1,0.85717
64,5,719.49,781.08,48.89,99.87,1,1,0.86426
64,6,1112.06,429.16,42.7,91.59,1,1,0.86123
64,7,1465.29,375.81,47.8,89.78,1,1,0.83915
64,8,1052.14,257.76,43.97,79.22,1,1,0.8257
64,9,1008.82,593.98,45.35,108.96,1,1,0.8699
64,10,777.91,403.05,47.1,101.29,1,1,0.85427
64,11,1593.44,514.82,46.74,93.6,1,1,0.84473
64,12,1327.48,554.21,60.66,53.7,1,1,0.82083
64,13,1565.4,539.55,49.92,109.13,1,1,0.83273
64,14,995.16,124.49,39.54,87.46,1,1,0.82611
64,15,1101.07,522.06,48.17,98.12,1,1,0.84411
64,16,1358.92,525.3,50.46,62.79,1,1,0.8142
64,17,1360.7,493.0,56.97,49.96,1,1,0.79199
64,18,1360.18,469.01,56.76,38.97,1,1,0.78322
64,19,1238.87,514.46,76.8,58.26,1,1,0.82746
64,20,1350.98,591.26,56.9,49.46,1,1,0.76615
64,21,1270.33,471.31,54.57,50.49,1,1,0.73469
64,22,1272.88,457.85,55.05,43.72,1,1,0.64006
65,0,1254.66,841.81,78.7,116.04,1,1,0.88846
65,1,1433.84,153.81,63.68,85.88,1,1,0.88236
65,2,1210.88,634.32,81.4,88.27,1,1,0.88417
65,3,1345.79,613.23,60.78,85.74,1,1,0.86131
65,4,1230.9,574.48,76.55,70.2,1,1,0.85978
65,5,719.05,781.27,49.0,99.68,1,1,0.86524
65,6,1111.8,429.7,43.3,91.96,1,1,0.86277
65,7,1467.36,379.96,45.89,88.42,1,1,0.83586
65,8,1051.58,259.81,44.56,77.29,1,1,0.82056
65,9,1010.15,596.36,47.96,107.83,1,1,0.87812
65,10,777.58,403.58,46.87,101.51,1,1,0.85531
65,11,1593.37,514.78,46.85,93.61,1,1,0.84627
65,12,1327.59,554.21,60.55,53.7,1,1,0.82223
65,13,1565.39,539.62,49.95,109.08,1,1,0.83396
65,14,994.8,124.92,38.81,86.98,1,1,0.82824
65,15,1102.84,521.93,47.56,97.41,1,1,0.84661
65,16,1358.81,525.29,50.47,62.86,1,1,0.81604
65,17,1360.77,492.9,56.83,50.45,1,1,0.79335
65,18,1359.92,468.89,56.47,38.7,1,1,0.78676
65,19,1238.64,514.38,77.27,58.52,1,1,0.8336
65,20,1351.03,591.22,56.69,49.31,1,1,0.76882
65,21,1270.38,471.38,54.54,50.4,1,1,0.73828
65,22,1272.92,457.79,55.09,43.77,1,1,0.64709
66,0,1254.82,841.81,78.62,116.08,1,1,0.88926
66,1,1433.86,153.78,63.7,86.05,1,1,0.88263
66,2,1210.91,634.39,81.5,88.18,1,1,0.88287
66,3,1345.77,613.31,60.75,85.67,1,1,0.86066
66,4,1230.89,574.56,76.54,70.08,1,1,0.85982
66,5,718.51,781.45,49.26,99.94,1,1,0.86495
66,6,1111.52,430.36,43.81,95.43,1,1,0.85524
66,7,1471.11,384.25,43.47,85.51,1,1,0.834
66,8,1051.83,260.94,45.6,76.26,1,1,0.82168
66,9,1011.01,598.9,49.14,105.96,1,1,0.8785
66,10,777.09,403.93,46.93,102.15,1,1,0.85794
66,11,1593.42,514.86,46.96,93.5,1,1,0.84571
66,12,1327.72,554.3,60.49,53.61,1,1,0.8212
66,13,1565.5,539.62,49.84,109.03,1,1,0.83402
66,14,994.54,125.71,38.12,86.33,1,1,0.82931
66,15,1104.27,521.68,46.73,97.27,1,1,0.8416
66,16,1358.71,525.28,50.5,62.83,1,1,0.81691
66,17,1360.72,492.88,56.85,50.67,1,1,0.79222
66,18,1359.93,468.86,56.33,38.79,1,1,0.78313
66,19,1238.56,514.38,77.37,58.43,1,1,0.83149
66,20,1351.07,591.22,56.64,49.31,1,1,0.76707
66,21,1270.39,471.39,54.61,50.57,1,1,0.74249
67,0,1254.86,841.74,78.69,116.12,1,1,0.88924
67,1,1433.89,153.71,63.7,86.08,1,1,0.8832
67,2,1210.95,634.52,81.52,87.94,1,1,0.88056
67,3,1345.79,613.24,60.79,85.76,1,1,0.86063
67,4,1230.79,574.7,76.65,69.98,1,1,0.85805
67,5,717.8,781.54,49.6,100.3,1,1,0.86433
67,6,1111.08,430.97,44.32,96.58,1,1,0.85861
67,7,1474.36,388.49,42.45,82.26,1,1,0.83028
67,8,1052.01,261.94,47.11,78.15,1,1,0.8301
67,9,1012.0,601.08,50.17,104.82,1,1,0.87542
67,10,776.75,404.54,46.84,102.14,1,1,0.85987
67,11,1593.51,514.95,46.96,93.32,1,1,0.84486
67,12,1327.79,554.33,60.47,53.54,1,1,0.82079
67,13,1565.53,539.6,49.67,109.0,1,1,0.8341
67,14,994.3,126.54,37.32,86.32,1,1,0.83161
67,15,1105.34,520.06,46.32,98.77,1,1,0.84696
67,16,1358.62,525.24,50.59,62.85,1,1,0.81652
67,17,1360.71,492.85,56.96,50.99,1,1,0.79257
67,18,1359.86,468.96,56.45,39.04,1,1,0.77808
67,19,1238.58,514.36,77.52,58.38,1,1,0.83172
67,20,1351.11,591.2,56.6,49.2,1,1,0.76571
67,21,1270.31,471.28,54.8,50.88,1,1,0.74764
68,0,1254.89,841.61,78.63,116.12,1,1,0.88911
68,1,1433.89,153.66,63.64,86.06,1,1,0.88284
68,2,1211.13,634.63,81.32,87.79,1,1,0.8813
68,3,1345.74,613.05,60.8,85.96,1,1,0.85926
68,4,1230.81,574.79,76.6,70.01,1,1,0.85841
68,5,716.69,781.64,50.21,100.83,1,1,0.86331
68,6,1110.86,431.5,44.79,97.42,1,1,0.85949
68,7,1474.4,393.15,45.16,86.29,1,1,0.83334
68,8,1051.3,263.18,48.43,82.86,1,1,0.83327
68,9,1013.61,603.79,51.37,104.06,1,1,0.87448
68,10,776.13,405.26,47.05,101.57,1,1,0.86009
68,11,1593.56,514.94,46.9,93.27,1,1,0.84475
68,12,1327.96,554.45,60.44,53.54,1,1,0.81949
68,13,1565.5,539.58,49.6,108.89,1,1,0.83443
68,14,994.14,126.98,36.88,86.69,1,1,0.83191
68,15,1106.18,518.99,45.76,99.94,1,1,0.84765
68,16,1358.51,525.25,50.78,62.93,1,1,0.81693
68,17,1360.77,492.94,57.33,51.53,1,1,0.79118
68,18,1359.51,468.87,57.21,39.77,1,1,0.77059
68,19,1238.73,514.31,77.55,58.47,1,1,0.83072
68,20,1351.08,591.22,56.63,49.26,1,1,0.76513
68,21,1270.21,471.16,55.06,51.03,1,1,0.74424
69,0,1254.78,841.53,78.63,116.13,1,1,0.8893
69,1,1433.97,153.64,63.7,86.01,1,1,0.8831
69,2,1211.08,634.72,81.27,87.6,1,1,0.88369
69,3,1345.72,612.8,60.79,86.13,1,1,0.8591
69,4,1230.78,574.81,76.68,70.05,1,1,0.85839
69,5,715.41,781.7,50.97,101.1,1,1,0.86283
69,6,1110.83,432.25,44.94,98.32,1,1,0.86136
69,7,1474.1,397.72,45.09,90.45,1,1,0.8158
69,8,1050.54,264.15,49.04,88.07,1,1,0.83137
69,9,1014.93,605.93,52.8,103.91,1,1,0.87828
69,10,775.79,405.93,46.77,100.83,1,1,0.85837
69,11,1593.67,514.86,46.84,93.3,1,1,0.84485
69,12,1327.89,554.47,60.68,53.64,1,1,0.81999
69,13,1565.33,539.46,49.85,108.81,1,1,0.83585
69,14,993.91,127.37,36.14,86.07,1,1,0.83262
69,15,1106.82,518.85,45.17,100.39,1,1,0.84844
69,16,1358.32,525.19,51.11,63.23,1,1,0.81721
69,17,1360.85,493.04,57.71,52.36,1,1,0.79093
69,18,1359.17,468.89,57.75,39.78,1,1,0.77289
69,19,1238.7,514.26,77.72,58.68,1,1,0.83374
69,20,1351.01,591.25,56.56,49.13,1,1,0.76416
69,21,1270.02,471.07,55.51,51.52,1,1,0.74687
70,0,1255.0,841.73,78.36,115.86,1,1,0.889
70,1,1434.07,153.58,63.32,85.41,1,1,0.88513
70,2,1211.21,634.73,81.45,87.72,1,1,0.88308
70,3,1346.23,612.86,60.8,86.39,1,1,0.85722
70,4,1230.79,575.22,76.57,69.71,1,1,0.85682
70,5,714.15,781.8,51.79,101.91,1,1,0.86186
70,6,1110.72,433.08,45.14,98.56,1,1,0.8633
70,7,1473.75,403.53,42.31,92.05,1,1,0.8309
70,8,1049.53,266.43,49.26,91.02,1,1,0.82283
70,9,1016.33,608.21,52.65,103.48,1,1,0.87691
70,10,775.53,407.31,46.46,99.17,1,1,0.85575
70,11,1593.69,514.58,46.46,93.33,1,1,0.844
70,12,1326.8,554.31,61.51,54.57,1,1,0.82127
70,13,1565.27,539.7,50.22,108.09,1,1,0.8375
70,14,993.37,128.51,35.75,85.11,1,1,0.83295
70,15,1107.77,518.3,44.65,101.44,1,1,0.84938
70,16,1358.17,525.23,51.31,63.73,1,1,0.81894
70,17,1361.11,493.47,57.67,53.43,1,1,0.79241
70,18,1358.86,468.96,57.81,39.76,1,1,0.77291
70,19,1239.03,514.33,77.33,58.58,1,1,0.8328
70,20,1350.85,591.43,56.9,49.23,1,1,0.76821
70,21,1269.55,471.09,55.95,50.83,1,1,0.75943
71,0,1255.04,841.81,78.23,115.74,1,1,0.8886
71,1,1434.09,153.54,63.18,85.17,1,1,0.88441
71,2,1211.23,634.86,81.61,87.59,1,1,0.88103
71,3,1346.37,612.85,60.85,86.53,1,1,0.85638
71,4,1230.66,575.39,76.66,69.61,1,1,0.85638
71,5,713.44,781.98,52.05,102.13,1,1,0.86075
71,6,1110.72,433.84,45.2,98.31,1,1,0.85465
71,7,1472.25,409.17,43.96,94.61,1,1,0.83611
71,8,1049.04,268.63,50.08,92.77,1,1,0.82678
71,9,1018.49,611.11,51.36,101.11,1,1,0.87397
71,10,775.33,408.22,45.99,98.25,1,1,0.85452
71,11,1593.64,514.41,46.43,93.47,1,1,0.84363
71,12,1326.23,554.18,61.97,55.04,1,1,0.82071
71,13,1565.1,539.75,50.46,107.86,1,1,0.83646
71,14,992.23,129.26,36.18,84.47,1,1,0.83349
71,15,1108.48,515.49,44.87,104.62,1,1,0.85018
71,16,1358.01,525.16,51.53,64.19,1,1,0.81734
71,17,1361.11,493.51,57.82,54.26,1,1,0.79331
71,18,1358.6,468.96,57.5,39.23,1,1,0.77599
71,19,1239.18,514.29,77.28,58.7,1,1,0.83223
71,20,1350.7,591.47,57.14,49.38,1,1,0.76816
71,21,1269.29,470.95,56.32,50.75,1,1,0.75778
72,0,1255.12,841.85,78.15,115.7,1,1,0.88925
72,1,1434.14,153.55,63.12,85.08,1,1,0.88428
72,2,1211.18,635.07,81.72,87.34,1,1,0.88173
72,3,1346.43,612.87,60.8,86.54,1,1,0.85679
72,4,1230.6,575.5,76.69,69.55,1,1,0.85742
72,5,712.8,782.07,52.36,102.09,1,1,0.86164
72,6,1110.65,434.64,45.27,98.05,1,1,0.85335
72,7,1470.0,414.63,45.41,92.73,1,1,0.8351
72,8,1048.8,271.02,50.55,94.3,1,1,0.82833
72,9,1019.77,613.98,50.29,98.37,1,1,0.87
72,10,775.11,408.85,45.79,97.77,1,1,0.85567
72,11,1593.69,514.41,46.32,93.47,1,1,0.84431
72,12,1326.01,554.14,62.12,55.2,1,1,0.82131
72,13,1565.02,539.8,50.47,107.75,1,1,0.83694
72,14,991.38,129.71,36.57,84.06,1,1,0.83362
72,15,1108.98,513.62,44.79,106.74,1,1,0.85411
72,16,1357.97,525.16,51.54,64.33,1,1,0.81789
72,17,1361.14,493.49,57.72,54.8,1,1,0.79387
72,18,1358.57,468.89,57.12,38.9,1,1,0.77515
72,19,1239.27,514.27,77.19,58.73,1,1,0.83261
72,20,1350.69,591.5,57.17,49.45,1,1,0.76834
72,21,1269.14,470.87,56.49,50.78,1,1,0.75643
73,0,1255.02,841.78,78.24,115.73,1,1,0.88908
73,1,1434.19,153.64,63.06,84.87,1,1,0.88427
73,2,1211.29,635.06,82.01,87.27,1,1,0.88148
73,3,1346.46,612.81,60.72,86.49,1,1,0.85667
73,4,1230.53,575.52,76.9,69.42,1,1,0.85746
73,5,712.3,782.03,52.56,102.27,1,1,0.86234
73,6,1110.65,435.41,45.07,97.88,1,1,0.85237
73,7,1468.4,420.58,45.56,88.26,1,1,0.83887
73,8,1047.82,273.96,50.58,92.84,1,1,0.82246
73,9,1020.98,615.99,49.07,96.65,1,1,0.87162
73,10,774.65,409.3,45.87,97.27,1,1,0.85649
73,11,1593.69,514.38,46.29,93.47,1,1,0.84489
73,12,1326.11,554.11,61.95,55.02,1,1,0.82131
73,13,1565.01,539.81,50.53,107.61,1,1,0.83735
73,14,990.4,129.64,37.52,84.15,1,1,0.83596
73,15,1109.48,512.93,44.39,107.54,1,1,0.85544
73,16,1358.0,525.09,51.43,64.48,1,1,0.81824
73,17,1361.2,493.46,57.7,54.88,1,1,0.79282
73,18,1358.62,468.83,57.09,38.8,1,1,0.77527
73,19,1239.37,514.21,77.02,58.65,1,1,0.83089
73,20,1350.6,591.49,57.15,49.16,1,1,0.77045
73,21,1269.3,470.87,56.27,50.51,1,1,0.75172
74,0,1255.02,841.91,78.35,115.74,1,1,0.88878
74,1,1434.22,153.75,63.1,84.98,1,1,0.88397
74,2,1211.22,635.17,82.28,87.16,1,1,0.88107
74,3,1346.48,612.81,60.69,86.61,1,1,0.85745
74,4,1230.47,575.55,77.03,69.28,1,1,0.85796
74,5,711.69,782.0,52.88,102.38,1,1,0.86319
74,6,1110.96,436.33,44.96,98.01,1,1,0.84608
74,7,1468.05,427.01,44.34,84.69,1,1,0.83951
74,8,1046.72,276.7,50.91,90.94,1,1,0.82216
74,9,1021.95,618.23,48.53,95.59,1,1,0.87115
74,10,774.11,409.77,46.02,96.9,1,1,0.85589
74,11,1593.7,514.55,46.29,93.34,1,1,0.84534
74,12,1326.15,554.14,61.84,54.93,1,1,0.82079
74,13,1565.03,539.89,50.47,107.54,1,1,0.83718
74,14,988.06,129.65,39.85,84.33,1,1,0.83832
74,15,1109.85,511.98,44.35,108.23,1,1,0.85459
74,16,1357.94,525.09,51.42,64.48,1,1,0.81733
74,17,1361.15,493.55,57.48,55.57,1,1,0.79483
74,18,1358.73,468.88,56.85,38.58,1,1,0.77897
74,19,1239.28,514.2,77.08,58.97,1,1,0.83105
74,20,1350.54,591.54,57.17,49.0,1,1,0.76956
74,21,1269.42,470.92,56.13,50.34,1,1,0.75275
75,0,1255.01,841.96,78.45,115.67,1,1,0.88951
75,1,1434.2,153.81,63.19,85.07,1,1,0.88472
75,2,1211.09,635.23,82.48,87.0,1,1,0.88301
75,3,1346.53,612.82,60.7,86.66,1,1,0.85945
75,4,1230.44,575.54,77.18,69.23,1,1,0.86081
75,5,711.21,781.9,53.16,102.49,1,1,0.86427
75,6,1111.44,437.4,44.72,98.17,1,1,0.85006
75,7,1467.12,432.65,44.98,81.88,1,1,0.84198
75,8,1045.38,279.24,50.48,88.8,1,1,0.8216
75,9,1022.79,620.21,47.98,95.85,1,1,0.87506
75,10,773.64,410.27,46.2,96.54,1,1,0.85778
75,11,1593.74,514.58,46.3,93.28,1,1,0.84724
75,12,1326.2,554.08,61.78,54.91,1,1,0.82212
75,13,1565.24,539.86,50.36,107.64,1,1,0.83877
75,14,985.41,129.75,42.26,84.57,1,1,0.8419
75,15,1110.01,511.14,44.43,108.95,1,1,0.85601
75,16,1357.93,525.05,51.55,64.54,1,1,0.81868
75,17,1361.08,493.57,57.52,55.9,1,1,0.79588
75,18,1358.75,468.81,56.73,38.72,1,1,0.78186
75,19,1239.3,514.26,77.05,58.99,1,1,0.83415
75,20,1350.63,591.52,57.1,49.02,1,1,0.77193
75,21,1269.5,471.1,56.06,50.34,1,1,0.75518
76,0,1255.06,841.88,78.44,115.79,1,1,0.88975
76,1,1434.17,153.73,63.22,85.09,1,1,0.88488
76,2,1211.1,635.26,82.51,86.85,1,1,0.88346
76,3,1346.56,612.91,60.63,86.5,1,1,0.8592
76,4,1230.47,575.6,77.22,69.16,1,1,0.86142
76,5,710.87,781.9,52.94,102.38,1,1,0.86415
76,6,1111.62,438.07,44.48,98.56,1,1,0.85313
76,7,1465.98,438.5,45.48,80.86,1,1,0.83913
76,8,1044.05,281.14,49.34,86.83,1,1,0.82402
76,9,1023.05,622.54,48.05,97.75,1,1,0.87473
76,10,773.37,410.46,46.25,96.59,1,1,0.85701
76,11,1593.77,514.63,46.29,93.19,1,1,0.84722
76,12,1326.2,554.03,61.86,54.98,1,1,0.82247
76,13,1565.16,539.86,50.39,107.58,1,1,0.83928
76,14,982.11,129.87,45.23,84.21,1,1,0.84687
76,15,1110.19,510.74,44.27,108.91,1,1,0.85638
76,16,1357.88,525.07,51.77,64.49,1,1,0.81792
76,17,1360.95,493.47,57.92,55.88,1,1,0.79819
76,18,1358.56,468.66,56.81,38.6,1,1,0.78525
76,19,1239.34,514.26,77.04,59.09,1,1,0.83413
76,20,1350.73,591.57,57.01,49.06,1,1,0.7737
76,21,1269.54,471.35,55.9,50.19,1,1,0.75389
77,0,1255.0,841.82,78.46,115.8,1,1,0.88894
77,1,1434.1,153.54,63.39,85.31,1,1,0.88357
77,2,1211.14,635.31,82.47,86.74,1,1,0.88174
77,3,1346.57,612.86,60.74,86.66,1,1,0.85905
77,4,1230.59,575.64,77.21,69.17,1,1,0.8598
77,5,710.45,781.96,53.03,102.42,1,1,0.86211
77,6,1111.95,438.49,43.95,98.57,1,1,0.84926
77,7,1465.74,443.68,44.56,81.85,1,1,0.84033
77,8,1042.65,282.42,49.3,85.17,1,1,0.8226
77,9,1022.88,624.28,48.38,101.22,1,1,0.87298
77,10,773.09,410.81,46.28,96.12,1,1,0.85428
77,11,1593.75,514.59,46.39,93.0,1,1,0.84732
77,12,1326.24,553.99,61.87,54.98,1,1,0.8211
77,13,1565.06,539.96,50.61,107.38,1,1,0.83838
77,14,978.77,130.13,48.39,84.67,1,1,0.84854
77,15,1110.15,509.63,44.48,109.34,1,1,0.85305
77,16,1357.88,525.09,52.14,64.48,1,1,0.81587
77,17,1361.01,493.53,58.37,56.12,1,1,0.79662
77,18,1358.66,468.44,56.65,38.94,1,1,0.78466
77,19,1239.56,514.22,76.93,59.2,1,1,0.83117
77,20,1350.88,591.58,57.14,49.13,1,1,0.77312
77,21,1269.83,471.26,55.79,50.16,1,1,0.75359
78,0,1254.97,841.8,78.38,115.68,1,1,0.88876
78,1,1434.1,153.32,63.43,85.5,1,1,0.88395
78,2,1211.14,635.27,82.51,86.78,1,1,0.8826
78,3,1346.49,612.86,60.81,86.68,1,1,0.85959
78,4,1230.62,575.6,77.38,69.24,1,1,0.8597
78,5,709.94,782.0,53.35,102.52,1,1,0.86071
78,6,1112.3,439.1,43.55,97.85,1,1,0.84996
78,7,1465.99,448.07,43.82,82.17,1,1,0.84686
78,8,1042.38,283.74,48.57,83.65,1,1,0.82766
78,9,1022.92,626.03,48.5,103.63,1,1,0.87616
78,10,772.74,411.12,46.49,95.67,1,1,0.85476
78,11,1593.77,514.54,46.46,92.89,1,1,0.84738
78,12,1326.24,553.88,61.98,55.1,1,1,0.8213
78,13,1565.08,540.11,50.73,107.16,1,1,0.83861
78,14,976.36,130.53,50.54,84.61,1,1,0.85241
78,15,1110.01,509.17,44.61,109.23,1,1,0.85358
78,16,1357.9,525.11,52.36,64.28,1,1,0.81575
78,17,1361.17,493.6,58.51,56.47,1,1,0.79824
78,18,1358.84,468.37,56.28,38.92,1,1,0.78953
78,19,1239.49,514.24,77.06,59.28,1,1,0.83406
78,20,1350.95,591.52,57.18,49.39,1,1,0.77291
78,21,1269.91,471.07,55.88,50.53,1,1,0.75503
79,0,1254.88,841.8,78.41,115.7,1,1,0.88745
79,1,1434.06,153.26,63.46,85.51,1,1,0.88283
79,2,1211.28,635.19,82.5,86.84,1,1,0.8816
79,3,1346.45,612.87,60.92,86.72,1,1,0.85842
79,4,1230.78,575.55,77.13,69.34,1,1,0.85618
79,5,709.83,782.01,53.27,102.15,1,1,0.85849
79,6,1112.57,439.51,43.19,97.26,1,1,0.84409
79,7,1466.86,451.48,42.19,81.97,1,1,0.84341
79,8,1041.44,285.0,48.81,84.77,1,1,0.82502
79,9,1022.74,627.41,48.82,105.8,1,1,0.87543
79,10,772.16,411.28,47.02,95.54,1,1,0.85318
79,11,1593.81,514.59,46.48,92.86,1,1,0.84643
79,12,1326.33,553.87,62.08,55.09,1,1,0.82031
79,13,1565.09,540.29,50.77,106.92,1,1,0.8372
79,14,974.37,131.04,52.12,84.63,1,1,0.85435
79,15,1109.87,508.48,45.07,108.92,1,1,0.85118
79,16,1357.94,525.15,52.52,64.06,1,1,0.8134
79,17,1361.21,493.68,58.45,56.56,1,1,0.79743
79,18,1358.96,468.38,55.76,38.92,1,1,0.78915
79,19,1239.52,514.17,77.09,59.26,1,1,0.83103
79,20,1350.9,591.52,57.23,49.35,1,1,0.76995
79,21,1269.77,471.22,56.11,50.61,1,1,0.75461
80,0,1254.88,841.81,78.43,115.65,1,1,0.88688
80,1,1434.1,153.22,63.47,85.51,1,1,0.88145
80,2,1211.4,635.08,82.52,86.93,1,1,0.8818
80,3,1346.39,612.85,61.12,86.7,1,1,0.8586
80,4,1230.89,575.5,76.92,69.36,1,1,0.855
80,5,709.82,781.99,53.19,102.22,1,1,0.8574
80,6,1112.65,439.77,43.13,97.07,1,1,0.8402
80,7,1467.54,454.58,40.33,81.64,1,1,0.8368
80,8,1040.61,286.19,50.08,88.75,1,1,0.82625
80,9,1022.37,629.25,48.97,106.54,1,1,0.87224
80,10,771.93,411.31,47.39,95.65,1,1,0.85058
80,11,1593.85,514.65,46.4,92.81,1,1,0.84625
80,12,1326.25,553.83,62.26,55.12,1,1,0.82129
80,13,1565.11,540.36,50.8,106.78,1,1,0.83653
80,14,972.85,131.69,52.85,84.52,1,1,0.85602
80,15,1109.83,507.73,45.31,108.54,1,1,0.8478
80,16,1357.98,525.24,52.8,63.9,1,1,0.81201
80,17,1361.26,493.71,58.15,55.99,1,1,0.79648
80,18,1358.99,468.4,55.36,38.93,1,1,0.7889
80,19,1239.52,514.08,77.28,59.28,1,1,0.83128
80,20,1350.87,591.48,57.36,49.34,1,1,0.76836
80,21,1269.67,471.33,56.37,50.66,1,1,0.75505
81,0,1254.73,841.78,78.45,115.58,1,1,0.88719
81,1,1434.12,153.22,63.49,85.57,1,1,0.88114
81,2,1211.42,634.96,82.64,87.09,1,1,0.88289
81,3,1346.31,612.82,61.25,86.66,1,1,0.85916
81,4,1230.94,575.52,76.76,69.27,1,1,0.8553
81,5,709.73,781.92,53.17,102.39,1,1,0.85759
81,6,1112.89,439.85,42.77,95.46,1,1,0.83549
81,7,1466.71,458.41,40.85,82.36,1,1,0.83074
81,8,1038.93,287.88,51.24,91.47,1,1,0.82795
81,9,1021.91,631.01,49.0,105.86,1,1,0.87289
81,10,771.76,411.27,47.66,95.96,1,1,0.85111
81,11,1593.88,514.64,46.4,92.88,1,1,0.84607
81,12,1326.21,553.75,62.35,55.2,1,1,0.82099
81,13,1565.12,540.42,50.79,106.74,1,1,0.83719
81,14,971.98,132.71,52.79,83.42,1,1,0.85484
81,15,1110.12,506.7,45.16,108.07,1,1,0.84613
81,16,1358.09,525.32,52.99,63.66,1,1,0.81035
81,17,1361.31,493.83,58.34,55.69,1,1,0.79608
81,18,1358.67,468.3,55.45,39.07,1,1,0.79045
81,19,1239.53,514.08,77.3,59.28,1,1,0.83158
81,20,1350.88,591.42,57.43,49.51,1,1,0.76933
81,21,1269.45,471.34,56.48,50.74,1,1,0.75621
82,0,1254.65,841.73,78.49,115.64,1,1,0.88789
82,1,1434.21,153.2,63.46,85.6,1,1,0.88237
82,2,1211.41,634.88,82.73,87.15,1,1,0.88401
82,3,1346.28,612.7,61.29,86.67,1,1,0.85931
82,4,1231.01,575.5,76.55,69.25,1,1,0.85603
82,5,709.68,781.84,53.22,102.26,1,1,0.85844
82,6,1112.91,439.87,42.5,94.1,1,1,0.83348
82,7,1465.69,462.04,41.49,83.33,1,1,0.84185
82,8,1035.98,289.95,52.99,94.09,1,1,0.83134
82,9,1021.71,632.46,48.86,104.73,1,1,0.87457
82,10,771.81,411.25,47.86,96.37,1,1,0.85236
82,11,1593.83,514.6,46.35,92.99,1,1,0.84742
82,12,1326.16,553.64,62.46,55.29,1,1,0.82133
82,13,1565.11,540.4,50.76,106.78,1,1,0.83798
82,14,971.64,132.88,52.66,83.17,1,1,0.85619
82,15,1110.65,505.68,45.0,107.43,1,1,0.84483
82,16,1358.17,525.33,53.05,63.58,1,1,0.811
82,17,1361.26,493.83,58.64,55.24,1,1,0.79789
82,18,1358.49,468.19,55.76,39.25,1,1,0.79242
82,19,1239.49,514.07,77.44,59.3,1,1,0.83443
82,20,1350.84,591.34,57.53,49.72,1,1,0.77117
82,21,1269.31,471.28,56.61,50.78,1,1,0.7592
83,0,1254.67,841.69,78.54,115.76,1,1,0.88822
83,1,1434.22,153.15,63.43,85.59,1,1,0.88267
83,2,1211.36,634.74,82.85,87.25,1,1,0.88355
83,3,1346.16,612.55,61.31,86.8,1,1,0.85996
83,4,1231.01,575.51,76.47,69.14,1,1,0.85647
83,5,709.56,781.74,53.28,102.34,1,1,0.85912
83,6,1112.89,440.01,42.43,94.0,1,1,0.82966
83,7,1464.58,465.25,43.6,82.93,1,1,0.83843
83,8,1032.71,292.19,56.12,95.61,1,1,0.82521
83,9,1021.31,633.86,49.0,103.42,1,1,0.8736
83,10,771.64,411.47,48.2,96.84,1,1,0.85294
83,11,1593.68,514.53,46.41,92.96,1,1,0.84774
83,12,1326.11,553.59,62.62,55.2,1,1,0.82284
83,13,1565.06,540.24,50.82,106.97,1,1,0.83843
83,14,971.79,133.4,52.01,82.24,1,1,0.85377
83,15,1111.31,504.59,44.89,106.39,1,1,0.84629
83,16,1358.13,525.34,53.33,63.43,1,1,0.81008
83,17,1361.12,493.75,59.19,55.16,1,1,0.80026
83,18,1358.4,468.14,56.47,39.85,1,1,0.78846
83,19,1239.35,514.1,77.45,59.22,1,1,0.83438
83,20,1350.74,591.17,57.75,49.88,1,1,0.77679
83,21,1269.24,471.18,56.74,51.13,1,1,0.75913
84,0,1254.77,841.63,78.44,115.72,1,1,0.88834
84,1,1434.26,153.16,63.43,85.54,1,1,0.88339
84,2,1211.36,634.61,83.07,87.23,1,1,0.88457
84,3,1346.03,612.43,61.35,86.9,1,1,0.86177
84,4,1230.79,575.49,76.59,69.03,1,1,0.85842
84,5,709.5,781.69,53.43,102.46,1,1,0.86015
84,6,1113.04,440.26,42.3,93.26,1,1,0.8266
84,7,1463.96,467.08,43.61,82.99,1,1,0.84116
84,8,1030.4,295.67,57.07,98.48,1,1,0.8232
84,9,1021.15,634.0,49.58,103.38,1,1,0.87539
84,10,771.21,411.7,48.74,97.09,1,1,0.85457
84,11,1593.6,514.52,46.45,92.82,1,1,0.84841
84,12,1326.08,553.54,62.65,55.02,1,1,0.82463
84,13,1565.12,540.18,50.86,107.0,1,1,0.83982
84,14,971.87,134.01,51.43,80.95,1,1,0.85254
84,15,1111.51,502.88,44.98,106.17,1,1,0.84775
84,16,1358.07,525.3,53.36,63.35,1,1,0.81118
84,17,1361.0,493.66,59.3,55.34,1,1,0.80124
84,18,1358.39,468.13,56.79,40.14,1,1,0.79163
84,19,1239.17,514.1,77.54,59.23,1,1,0.83582
84,20,1350.72,591.01,57.74,49.95,1,1,0.77878
84,21,1269.1,471.2,56.84,51.26,1,1,0.75971
85,0,1254.97,841.64,78.18,115.61,1,1,0.88861
85,1,1434.29,153.22,63.33,85.52,1,1,0.88405
85,2,1211.4,634.62,83.1,87.26,1,1,0.88486
85,3,1345.85,612.29,61.61,87.13,1,1,0.86446
85,4,1230.71,575.37,76.63,68.96,1,1,0.85935
85,5,709.59,781.8,53.33,102.18,1,1,0.86026
85,6,1113.07,440.7,42.36,92.1,1,1,0.82716
85,7,1463.38,469.68,43.8,83.57,1,1,0.8438
85,8,1028.39,299.17,56.09,97.31,1,1,0.83173
85,9,1020.87,634.42,50.11,103.12,1,1,0.87418
85,10,771.2,412.31,49.01,96.54,1,1,0.85467
85,11,1593.5,514.53,46.4,92.76,1,1,0.84974
85,12,1326.22,553.75,62.64,54.76,1,1,0.82421
85,13,1565.07,540.26,50.85,106.98,1,1,0.84047
85,14,971.81,134.18,50.98,80.49,1,1,0.85123
85,15,1111.39,502.82,44.91,105.16,1,1,0.84609
85,16,1358.06,525.33,53.37,63.18,1,1,0.81095
85,17,1361.04,493.62,59.39,55.38,1,1,0.8004
85,18,1358.95,468.14,56.7,40.55,1,1,0.7891
85,19,1239.02,514.18,77.48,59.04,1,1,0.83273
85,20,1350.79,590.98,57.99,50.17,1,1,0.77887
85,21,1269.01,471.21,56.9,51.37,1,1,0.75844
86,0,1255.06,841.68,78.05,115.56,1,1,0.88824
86,1,1434.25,153.12,63.39,85.64,1,1,0.88428
86,2,1211.42,634.69,83.05,87.19,1,1,0.8858
86,3,1345.69,612.15,61.78,87.14,1,1,0.8656
86,4,1230.67,575.17,76.6,69.04,1,1,0.85888
86,5,709.7,781.78,53.15,102.04,1,1,0.86018
86,6,1113.01,441.06,42.56,91.4,1,1,0.82632
86,7,1462.46,472.21,43.65,84.02,1,1,0.84371
86,8,1027.07,301.47,55.39,96.53,1,1,0.83623
86,9,1020.58,634.66,50.48,102.76,1,1,0.87472
86,10,771.74,413.14,48.7,95.74,1,1,0.85968
86,11,1593.4,514.49,46.41,92.8,1,1,0.85088
86,12,1326.21,553.84,62.8,54.71,1,1,0.82523
86,13,1565.28,540.41,50.62,106.9,1,1,0.84099
86,14,971.71,133.71,50.51,80.7,1,1,0.85116
86,15,1110.98,502.9,45.1,104.25,1,1,0.84653
86,16,1358.09,525.26,53.26,63.12,1,1,0.80989
86,17,1361.17,493.59,59.4,55.92,1,1,0.80023
86,18,1359.46,468.22,56.56,40.81,1,1,0.78531
86,19,1238.87,514.22,77.51,58.83,1,1,0.83144
86,20,1350.77,590.92,58.16,50.48,1,1,0.77714
86,21,1268.95,470.99,57.11,51.59,1,1,0.76025
87,0,1255.09,841.7,78.05,115.56,1,1,0.88898
87,1,1434.18,153.1,63.5,85.66,1,1,0.88454
87,2,1211.46,634.72,82.99,87.04,1,1,0.88633
87,3,1345.7,612.09,61.73,87.12,1,1,0.865
87,4,1230.63,575.14,76.61,69.04,1,1,0.85948
87,5,709.87,781.79,52.98,102.04,1,1,0.86072
87,6,1113.44,441.61,42.14,90.6,1,1,0.82236
87,7,1461.34,473.94,43.45,83.88,1,1,0.84615
87,8,1027.61,303.06,53.78,96.02,1,1,0.83603
87,9,1020.35,634.56,50.9,102.82,1,1,0.87334
87,10,772.29,413.5,48.52,95.56,1,1,0.85803
87,11,1593.44,514.46,46.48,92.81,1,1,0.85129
87,12,1326.3,553.87,62.77,54.65,1,1,0.82476
87,13,1565.41,540.47,50.52,106.8,1,1,0.84148
87,14,971.81,133.59,49.82,80.56,1,1,0.84961
87,15,1110.79,502.59,45.41,104.12,1,1,0.8473
87,16,1358.18,525.3,53.11,62.88,1,1,0.81063
87,17,1361.22,493.58,58.91,55.71,1,1,0.79912
87,18,1360.01,468.27,55.93,40.7,1,1,0.78654
87,19,1238.81,514.23,77.48,58.67,1,1,0.83145
87,20,1350.83,590.95,58.1,50.5,1,1,0.77843
87,21,1268.99,471.0,57.02,51.52,1,1,0.75807
88,0,1254.98,841.71,78.14,115.57,1,1,0.88933
88,1,1434.17,153.09,63.5,85.65,1,1,0.88481
88,2,1211.45,634.74,83.0,86.97,1,1,0.88707
88,3,1345.67,612.01,61.66,87.13,1,1,0.86553
88,4,1230.6,575.14,76.63,69.05,1,1,0.8601
88,5,710.02,781.72,52.9,102.2,1,1,0.86048
88,6,1114.1,442.42,41.87,90.36,1,1,0.81887
88,7,1461.54,475.86,42.63,84.37,1,1,0.84955
88,8,1029.92,304.17,49.74,95.68,1,1,0.83766
88,9,1020.41,634.45,51.2,102.82,1,1,0.876
88,10,772.87,413.72,48.01,95.32,1,1,0.85932
88,11,1593.46,514.45,46.45,92.86,1,1,0.85168
88,12,1326.35,553.92,62.89,54.6,1,1,0.82521
88,13,1565.47,540.56,50.35,106.69,1,1,0.84219
88,14,972.01,133.41,49.26,80.72,1,1,0.8488
88,15,1110.6,502.1,45.7,104.33,1,1,0.84842
88,16,1358.17,525.32,53.09,62.7,1,1,0.81082
88,17,1361.11,493.51,58.93,55.71,1,1,0.80206
88,18,1360.33,468.33,55.77,40.63,1,1,0.78613
88,19,1238.84,514.23,77.37,58.6,1,1,0.83075
88,20,1350.89,590.96,58.07,50.61,1,1,0.77842
88,21,1269.08,470.91,56.96,51.51,1,1,0.75926
89,0,1255.13,841.73,78.04,115.54,1,1,0.88802
89,1,1434.22,153.15,63.44,85.58,1,1,0.88452
89,2,1211.4,634.77,82.93,86.89,1,1,0.88692
89,3,1345.72,612.09,61.61,86.97,1,1,0.86525
89,4,1230.57,575.21,76.67,68.99,1,1,0.8598
89,5,710.09,781.67,52.79,102.39,1,1,0.86009
89,6,1114.35,442.93,41.61,90.84,1,1,0.81869
89,7,1460.12,477.42,43.96,86.39,1,1,0.85099
89,8,1032.08,305.14,46.38,92.11,1,1,0.83471
89,9,1020.37,634.26,51.81,102.9,1,1,0.87536
89,10,773.28,413.98,47.6,95.11,1,1,0.85617
89,11,1593.55,514.44,46.42,92.87,1,1,0.85227
89,12,1326.35,553.99,62.94,54.62,1,1,0.82425
89,13,1565.73,540.62,50.06,106.69,1,1,0.84311
89,14,972.14,133.47,48.98,80.94,1,1,0.84802
89,15,1110.76,502.3,45.95,103.88,1,1,0.84814
89,16,1358.23,525.39,53.05,62.69,1,1,0.81197
89,17,1361.09,493.54,59.03,55.07,1,1,0.80203
89,18,1360.51,468.3,55.69,40.65,1,1,0.78569
89,19,1238.89,514.16,77.28,58.65,1,1,0.82995
89,20,1350.86,590.94,57.89,50.69,1,1,0.77708
89,21,1269.22,470.77,56.82,51.48,1,1,0.75599
90,0,1255.31,841.74,77.91,115.57,1,1,0.88858
90,1,1434.28,153.2,63.42,85.47,1,1,0.88444
90,2,1211.26,634.74,83.02,86.92,1,1,0.88728
90,3,1345.76,612.09,61.7,86.96,1,1,0.86629
90,4,1230.57,575.26,76.72,68.9,1,1,0.86015
90,5,710.31,781.56,52.6,102.51,1,1,0.85987
90,6,1114.59,443.57,41.55,91.67,1,1,0.82512
90,7,1458.76,478.65,44.05,87.28,1,1,0.84892
90,8,1033.31,306.19,43.27,90.73,1,1,0.84133
90,9,1020.65,633.7,52.43,103.37,1,1,0.87557
90,10,773.64,414.34,47.12,94.6,1,1,0.8551
90,11,1593.51,514.4,46.44,92.94,1,1,0.85157
90,12,1326.25,554.01,63.05,54.69,1,1,0.8245
90,13,1565.73,540.64,49.92,106.72,1,1,0.84271
90,14,972.31,133.65,48.68,80.88,1,1,0.84793
90,15,1110.76,502.33,46.75,103.58,1,1,0.85224
90,16,1358.18,525.36,53.01,62.86,1,1,0.81268
90,17,1361.05,493.54,59.19,55.1,1,1,0.80318
90,18,1360.4,468.24,55.99,40.75,1,1,0.78422
90,19,1238.99,514.16,77.22,58.79,1,1,0.83
90,20,1350.85,590.93,57.83,50.71,1,1,0.77626
90,21,1269.33,470.66,56.82,51.52,1,1,0.75927
91,0,1255.33,841.68,77.85,115.63,1,1,0.88845
91,1,1434.34,153.28,63.32,85.35,1,1,0.88398
91,2,1211.24,634.74,83.03,86.82,1,1,0.88629
91,3,1345.79,612.11,61.68,86.93,1,1,0.86528
91,4,1230.61,575.32,76.71,68.82,1,1,0.85819
91,5,710.46,781.46,52.48,102.54,1,1,0.85923
91,6,1115.09,444.1,41.52,91.26,1,1,0.82151
91,7,1458.83,480.33,42.1,85.24,1,1,0.84659
91,8,1033.63,306.97,42.25,93.12,1,1,0.83965
91,9,1021.1,632.98,52.84,103.76,1,1,0.87278
91,10,774.07,414.58,46.62,94.22,1,1,0.85429
91,11,1593.61,514.39,46.45,93.0,1,1,0.85094
91,12,1326.2,553.95,62.99,54.72,1,1,0.82361
91,13,1565.58,540.71,49.92,106.65,1,1,0.84137
91,14,972.36,133.73,48.6,80.77,1,1,0.8481
91,15,1111.14,502.46,47.38,103.48,1,1,0.85301
91,16,1358.19,525.37,52.87,62.79,1,1,0.81135
91,17,1360.99,493.52,58.83,55.29,1,1,0.80403
91,18,1360.2,468.15,55.83,40.52,1,1,0.78652
91,19,1239.12,514.17,77.04,58.75,1,1,0.8272
91,20,1350.9,590.96,57.7,50.61,1,1,0.77426
91,21,1269.36,470.64,56.78,51.54,1,1,0.75817
92,0,1255.3,841.65,77.82,115.63,1,1,0.88853
92,1,1434.34,153.3,63.19,85.29,1,1,0.88373
92,2,1211.22,634.72,83.09,86.78,1,1,0.88589
92,3,1345.78,612.09,61.73,86.98,1,1,0.86462
92,4,1230.66,575.3,76.67,68.84,1,1,0.85815
92,5,710.69,781.41,52.32,102.52,1,1,0.85938
92,6,1115.66,444.91,41.25,90.53,1,1,0.81829
92,7,1456.63,482.09,41.09,84.18,1,1,0.84126
92,8,1033.28,308.7,42.08,96.13,1,1,0.8393
92,9,1021.97,632.19,52.84,104.11,1,1,0.87197
92,10,774.44,414.8,46.23,94.16,1,1,0.85449
92,11,1593.59,514.36,46.35,93.1,1,1,0.84987
92,12,1326.13,553.85,63.04,54.78,1,1,0.82377
92,13,1565.45,540.77,49.79,106.64,1,1,0.84052
92,14,972.32,133.89,48.53,80.57,1,1,0.84855
92,15,1111.23,502.77,47.89,102.95,1,1,0.85696
92,16,1358.21,525.41,52.93,62.72,1,1,0.81277
92,17,1360.96,493.62,58.74,55.04,1,1,0.8016
92,18,1359.66,467.99,55.85,40.25,1,1,0.7898
92,19,1239.24,514.19,76.91,58.69,1,1,0.82684
92,20,1350.92,590.94,57.67,50.54,1,1,0.77344
92,21,1269.37,470.67,56.87,51.7,1,1,0.76095
93,0,1255.27,841.66,77.79,115.59,1,1,0.8887
93,1,1434.3,153.3,63.2,85.35,1,1,0.88355
93,2,1211.24,634.96,82.99,86.56,1,1,0.88631
93,3,1345.86,612.13,61.62,86.96,1,1,0.86491
93,4,1230.69,575.17,76.62,69.05,1,1,0.85851
93,5,710.95,781.38,52.2,102.57,1,1,0.85947
93,6,1116.31,445.82,40.4,88.86,1,1,0.81947
93,7,1456.22,483.01,40.13,83.63,1,1,0.8412
93,8,1032.99,310.79,42.11,98.17,1,1,0.83986
93,9,1022.62,631.51,53.0,104.54,1,1,0.87225
93,10,774.53,414.94,46.19,94.94,1,1,0.85429
93,11,1593.61,514.35,46.3,93.13,1,1,0.85009
93,12,1326.21,553.82,62.94,54.8,1,1,0.82359
93,13,1565.46,540.79,49.66,106.66,1,1,0.84073
93,14,972.46,133.89,48.26,80.51,1,1,0.84762
93,15,1111.33,503.16,48.29,102.74,1,1,0.85539
93,16,1358.32,525.5,53.1,62.56,1,1,0.81324
93,17,1360.92,493.73,58.87,54.03,1,1,0.79335
93,18,1359.44,467.98,55.89,39.99,1,1,0.79117
93,19,1239.26,514.19,76.88,58.66,1,1,0.82627
93,20,1351.0,590.96,57.53,50.42,1,1,0.77346
93,21,1269.5,470.68,56.72,51.43,1,1,0.75965
94,0,1255.31,841.64,77.91,115.73,1,1,0.88948
94,1,1434.28,153.27,63.25,85.39,1,1,0.88447
94,2,1211.41,635.1,82.77,86.47,1,1,0.8865
94,3,1345.87,612.1,61.51,87.08,1,1,0.86591
94,4,1230.74,575.07,76.58,69.21,1,1,0.86011
94,5,711.25,781.39,51.95,102.48,1,1,0.86115
94,6,1116.77,446.75,39.89,88.86,1,1,0.82063
94,7,1455.84,482.46,39.68,84.04,1,1,0.84497
94,8,1032.44,313.98,42.38,99.16,1,1,0.84214
94,9,1023.18,630.48,52.77,105.63,1,1,0.87589
94,10,774.52,415.0,46.34,95.81,1,1,0.85474
94,11,1593.57,514.39,46.36,93.11,1,1,0.85072
94,12,1326.28,553.77,62.84,54.81,1,1,0.82411
94,13,1565.42,540.75,49.6,106.72,1,1,0.84179
94,14,972.46,133.74,48.29,80.75,1,1,0.84892
94,15,1111.39,503.39,48.67,102.51,1,1,0.85587
94,16,1358.44,525.48,53.05,62.74,1,1,0.81426
94,17,1361.06,493.82,58.73,54.14,1,1,0.7979
94,18,1359.45,467.92,55.68,39.63,1,1,0.79632
94,19,1239.22,514.1,76.96,58.79,1,1,0.82805
94,20,1351.04,590.92,57.41,50.4,1,1,0.77577
94,21,1269.46,470.61,56.77,51.23,1,1,0.7627
95,0,1255.28,841.64,78.03,115.72,1,1,0.88948
95,1,1434.33,153.25,63.24,85.39,1,1,0.88405
95,2,1211.52,635.13,82.77,86.48,1,1,0.8873
95,3,1345.88,612.09,61.54,87.19,1,1,0.8659
95,4,1230.81,574.96,76.51,69.29,1,1,0.85944
95,5,711.47,781.5,51.83,102.5,1,1,0.86054
95,6,1116.77,447.37,39.91,90.64,1,1,0.82407
95,7,1453.95,482.38,41.12,83.94,1,1,0.83814
95,8,1031.52,318.24,42.41,98.76,1,1,0.84237
95,9,1023.86,629.06,52.6,106.94,1,1,0.87656
95,10,774.54,415.11,46.48,96.69,1,1,0.85515
95,11,1593.53,514.41,46.41,93.08,1,1,0.85003
95,12,1326.35,553.83,62.8,54.74,1,1,0.82274
95,13,1565.43,540.83,49.64,106.69,1,1,0.84137
95,14,972.5,133.82,48.39,80.72,1,1,0.84921
95,15,1111.2,504.3,48.96,101.67,1,1,0.85324
95,16,1358.54,525.45,52.98,62.71,1,1,0.81294
95,17,1361.05,493.83,58.65,54.22,1,1,0.79747
95,18,1359.44,468.01,55.67,39.52,1,1,0.79378
95,19,1239.09,514.07,77.12,58.93,1,1,0.82807
95,20,1351.13,590.95,57.46,50.46,1,1,0.77548
95,21,1269.45,470.4,56.87,51.37,1,1,0.76198
96,0,1255.1,841.59,78.51,115.87,1,1,0.88962
96,1,1434.41,153.25,63.26,85.44,1,1,0.88338
96,2,1211.8,635.22,82.69,86.42,1,1,0.88695
96,3,1345.81,612.04,61.62,87.33,1,1,0.86543
96,4,1231.0,574.97,76.41,69.35,1,1,0.85957
96,5,711.56,781.56,51.88,102.63,1,1,0.85992
96,6,1116.55,448.34,40.11,91.0,1,1,0.82523
96,7,1452.67,480.72,42.46,83.29,1,1,0.83372
96,8,1030.87,322.82,42.0,97.87,1,1,0.84311
96,9,1024.78,627.49,52.02,107.91,1,1,0.87714
96,10,774.43,415.41,46.58,97.78,1,1,0.85657
96,11,1593.61,514.45,46.44,93.05,1,1,0.85051
96,12,1326.57,553.91,62.71,54.76,1,1,0.82159
96,13,1565.31,540.85,49.91,106.68,1,1,0.84131
96,14,972.83,134.0,48.29,80.43,1,1,0.84669
96,15,1110.77,506.09,49.12,100.53,1,1,0.85227
96,16,1358.7,525.55,53.02,62.64,1,1,0.81265
96,17,1361.1,493.84,58.49,53.84,1,1,0.79546
96,18,1359.24,467.94,55.97,39.58,1,1,0.79362
96,19,1238.9,514.08,77.33,59.03,1,1,0.82731
96,20,1351.17,590.98,57.48,50.51,1,1,0.7749
96,21,1269.47,470.58,56.66,51.14,1,1,0.7532
97,0,1255.12,841.5,78.68,115.93,1,1,0.88991
97,1,1434.47,153.21,63.3,85.49,1,1,0.883
97,2,1212.02,635.28,82.58,86.36,1,1,0.88634
97,3,1345.8,611.95,61.7,87.42,1,1,0.86503
97,4,1231.21,574.95,76.34,69.48,1,1,0.8597
97,5,711.51,781.59,51.98,102.64,1,1,0.86002
97,6,1116.46,449.56,40.07,92.02,1,1,0.8229
97,7,1449.39,478.21,44.2,85.37,1,1,0.83732
97,8,1030.29,326.75,41.56,97.02,1,1,0.84244
97,9,1025.98,625.76,51.62,108.04,1,1,0.87619
97,10,774.28,415.75,46.7,98.45,1,1,0.8566
97,11,1593.68,514.35,46.53,93.17,1,1,0.8503
97,12,1326.59,553.83,62.85,54.96,1,1,0.8225
97,13,1565.36,540.76,50.15,106.79,1,1,0.8417
97,14,973.0,134.33,48.24,79.99,1,1,0.8469
97,15,1110.5,507.66,49.14,99.58,1,1,0.85306
97,16,1358.84,525.54,53.06,62.67,1,1,0.81342
97,17,1361.21,493.91,58.55,53.61,1,1,0.79513
97,18,1359.1,467.84,56.3,39.61,1,1,0.79425
97,19,1238.84,514.07,77.45,59.06,1,1,0.82735
97,20,1351.15,590.91,57.56,50.64,1,1,0.77386
97,21,1269.45,470.79,56.7,51.24,1,1,0.75422
98,0,1255.08,841.49,78.71,115.87,1,1,0.89025
98,1,1434.53,153.18,63.26,85.43,1,1,0.88383
98,2,1212.15,635.16,82.63,86.52,1,1,0.88541
98,3,1345.71,611.85,61.72,87.47,1,1,0.86558
98,4,1231.28,574.89,76.3,69.46,1,1,0.86011
98,5,710.96,781.59,52.16,102.25,1,1,0.86029
98,6,1115.84,450.36,40.61,92.36,1,1,0.82835
98,7,1446.96,475.04,43.8,85.71,1,1,0.83322
98,8,1028.79,330.66,42.21,95.46,1,1,0.84592
98,9,1026.75,624.07,51.29,107.43,1,1,0.8746
98,10,774.24,416.18,46.34,99.28,1,1,0.85561
98,11,1593.73,514.36,46.56,93.08,1,1,0.84933
98,12,1326.5,553.77,62.89,55.01,1,1,0.82339
98,13,1565.38,540.68,50.13,106.8,1,1,0.84152
98,14,973.04,134.39,48.06,79.7,1,1,0.84531
98,15,1110.47,509.37,49.39,98.11,1,1,0.85691
98,16,1358.76,525.44,53.06,62.66,1,1,0.81494
98,17,1361.29,493.88,58.59,53.61,1,1,0.79639
98,18,1358.66,467.71,56.43,39.27,1,1,0.79941
98,19,1238.78,513.97,77.42,59.05,1,1,0.82498
98,20,1351.13,590.85,57.68,50.41,1,1,0.77637
98,21,1269.37,470.79,56.72,51.11,1,1,0.75165
99,0,1255.02,841.52,78.74,115.82,1,1,0.89089
99,1,1434.49,153.11,63.32,85.54,1,1,0.88431
99,2,1212.11,635.13,82.71,86.62,1,1,0.88579
99,3,1345.62,611.75,61.75,87.6,1,1,0.86604
99,4,1231.31,574.81,76.22,69.57,1,1,0.86027
99,5,710.39,781.61,52.44,101.83,1,1,0.85974
99,6,1115.69,451.47,40.71,91.24,1,1,0.82765
99,7,1445.34,471.21,43.31,90.46,1,1,0.84231
99,8,1027.02,333.26,43.78,94.66,1,1,0.84805
99,9,1027.33,622.45,50.94,106.38,1,1,0.87503
99,10,774.08,416.93,46.23,99.71,1,1,0.85682
99,11,1593.66,514.37,46.72,93.16,1,1,0.8498
99,12,1326.31,553.69,63.14,55.18,1,1,0.82523
99,13,1565.38,540.69,50.09,106.87,1,1,0.842
99,14,972.88,134.43,48.11,79.63,1,1,0.84718
99,15,1110.15,510.85,49.76,96.6,1,1,0.85961
99,16,1358.68,525.41,53.15,62.55,1,1,0.81689
99,17,1361.16,493.88,58.65,53.76,1,1,0.80232
99,18,1358.37,467.68,56.51,39.0,1,1,0.80481
99,19,1238.7,513.93,77.37,58.98,1,1,0.82658
99,20,1351.11,590.82,57.73,50.44,1,1,0.77534
99,21,1269.12,470.79,56.94,51.53,1,1,0.75639
100,0,1254.9,841.51,78.88,115.83,1,1,0.89024
100,1,1434.42,152.98,63.43,85.68,1,1,0.88404
100,2,1212.16,635.16,82.87,86.53,1,1,0.884
100,3,1345.56,611.72,61.73,87.63,1,1,0.86451
100,4,1231.37,574.79,75.98,69.54,1,1,0.85791
100,5,709.62,781.59,52.92,101.78,1,1,0.85873
100,6,1115.85,451.71,40.78,89.92,1,1,0.8219
100,7,1445.38,467.9,41.7,93.58,1,1,0.83832
100,8,1026.6,335.78,44.53,92.9,1,1,0.84908
100,9,1027.77,621.17,50.86,104.34,1,1,0.87424
100,10,773.94,417.43,46.26,100.51,1,1,0.85575
100,11,1593.73,514.47,46.86,92.96,1,1,0.84837
100,12,1326.3,553.6,63.06,55.16,1,1,0.82385
100,13,1565.43,540.74,50.19,106.71,1,1,0.84026
100,14,972.95,134.33,48.21,80.01,1,1,0.84674
100,15,1109.86,511.78,50.28,95.49,1,1,0.85832
100,16,1358.66,525.41,53.16,62.39,1,1,0.81343
100,17,1361.02,493.76,58.51,54.08,1,1,0.80387
100,18,1358.12,467.69,56.39,38.77,1,1,0.80088
100,19,1238.53,514.05,77.36,59.04,1,1,0.82888
100,20,1351.14,590.73,57.76,50.49,1,1,0.77336
100,21,1269.04,470.6,57.12,52.62,1,1,0.76559
101,0,1254.85,841.5,78.78,115.8,1,1,0.89032
101,1,1434.41,152.85,63.38,85.74,1,1,0.88444
101,2,1212.09,635.25,82.94,86.33,1,1,0.88451
101,3,1345.58,611.64,61.69,87.59,1,1,0.86494
101,4,1231.47,574.85,75.85,69.43,1,1,0.85856
101,5,708.77,781.55,53.44,101.86,1,1,0.86033
101,6,1116.41,451.74,40.86,88.02,1,1,0.82736
101,7,1443.85,464.66,41.44,95.17,1,1,0.83831
101,8,1026.73,336.66,45.06,92.12,1,1,0.84963
101,9,1028.53,619.64,50.39,101.08,1,1,0.87865
101,10,773.69,418.19,46.56,101.07,1,1,0.85869
101,11,1593.7,514.54,47.03,92.74,1,1,0.85066
101,12,1326.42,553.46,62.92,54.93,1,1,0.82589
101,13,1565.42,540.73,50.42,106.64,1,1,0.8414
101,14,972.95,134.23,48.39,80.22,1,1,0.84737
101,15,1110.01,512.92,50.43,93.89,1,1,0.85916
101,16,1358.58,525.38,53.09,62.38,1,1,0.81436
101,17,1361.07,493.78,58.6,53.84,1,1,0.80288
101,18,1358.07,467.65,56.34,38.67,1,1,0.80121
101,19,1238.43,514.1,77.4,58.99,1,1,0.83325
101,20,1351.1,590.59,57.73,50.3,1,1,0.77462
101,21,1268.87,470.5,57.37,53.29,1,1,0.76993
102,0,1254.87,841.5,78.74,115.84,1,1,0.88979
102,1,1434.35,152.92,63.38,85.63,1,1,0.88445
102,2,1211.95,635.32,83.03,86.19,1,1,0.88372
102,3,1345.59,611.65,61.58,87.48,1,1,0.86275
102,4,1231.5,574.92,75.74,69.35,1,1,0.85804
102,5,707.75,781.74,53.82,101.86,1,1,0.85966
102,6,1116.66,451.68,41.03,87.94,1,1,0.82849
102,7,1443.09,463.02,40.39,97.42,1,1,0.82841
102,8,1026.98,336.55,45.38,92.2,1,1,0.85014
102,9,1029.27,618.53,49.74,97.94,1,1,0.87848
102,10,773.25,418.87,46.83,101.79,1,1,0.859
102,11,1593.75,514.57,47.01,92.7,1,1,0.84913
102,12,1326.43,553.44,62.79,54.87,1,1,0.82445
102,13,1565.23,540.74,50.41,106.51,1,1,0.83962
102,14,972.83,134.12,48.42,80.32,1,1,0.848
102,15,1110.28,513.75,50.25,93.06,1,1,0.8545
102,16,1358.54,525.43,52.97,62.33,1,1,0.813
102,17,1361.06,493.83,58.78,53.55,1,1,0.8017
102,18,1357.81,467.58,56.45,38.38,1,1,0.80686
102,19,1238.33,514.15,77.5,58.9,1,1,0.83211
102,20,1351.17,590.58,57.72,50.29,1,1,0.77205
102,21,1268.9,470.49,57.36,53.61,1,1,0.77077
103,0,1254.97,841.53,78.66,115.8,1,1,0.88973
103,1,1434.34,152.95,63.36,85.58,1,1,0.88468
103,2,1211.86,635.36,83.06,86.13,1,1,0.88463
103,3,1345.63,611.77,61.52,87.4,1,1,0.86329
103,4,1231.49,575.02,75.72,69.23,1,1,0.8596
103,5,706.77,782.11,53.89,101.77,1,1,0.86049
103,6,1117.25,451.39,41.09,87.75,1,1,0.82709
103,7,1441.64,461.98,40.3,96.32,1,1,0.82853
103,8,1027.12,335.23,45.52,93.19,1,1,0.85172
103,9,1029.75,617.57,49.1,95.21,1,1,0.87943
103,10,772.75,419.26,47.13,102.22,1,1,0.86053
103,11,1593.75,514.57,47.03,92.68,1,1,0.84992
103,12,1326.43,553.45,62.76,54.87,1,1,0.82541
103,13,1565.12,540.74,50.46,106.47,1,1,0.84027
103,14,972.69,134.05,48.47,80.42,1,1,0.8486
103,15,1110.32,513.97,50.58,92.81,1,1,0.85419
103,16,1358.56,525.4,52.94,62.48,1,1,0.81407
103,17,1361.37,493.93,59.22,53.18,1,1,0.80297
103,18,1357.75,467.55,56.52,38.12,1,1,0.80933
103,19,1238.31,514.19,77.59,58.82,1,1,0.83346
103,20,1351.2,590.6,57.7,50.04,1,1,0.77289
103,21,1268.86,470.52,57.4,53.69,1,1,0.7722
104,0,1255.09,841.48,78.6,115.93,1,1,0.88926
104,1,1434.27,152.97,63.43,85.56,1,1,0.88416
104,2,1211.88,635.34,83.2,86.18,1,1,0.8845
104,3,1345.6,611.86,61.52,87.3,1,1,0.86392
104,4,1231.5,574.99,75.74,69.23,1,1,0.8603
104,5,705.79,782.39,53.88,101.84,1,1,0.86041
104,6,1117.62,451.26,41.35,87.22,1,1,0.82449
104,7,1438.07,460.01,41.9,98.78,1,1,0.83571
104,8,1027.64,334.13,45.35,93.91,1,1,0.85143
104,9,1029.83,616.92,48.9,93.53,1,1,0.87784
104,10,772.42,420.04,46.99,101.77,1,1,0.8594
104,11,1593.81,514.55,46.94,92.71,1,1,0.8496
104,12,1326.47,553.48,62.7,54.82,1,1,0.82641
104,13,1564.97,540.64,50.65,106.51,1,1,0.83973
104,14,972.82,134.03,48.43,80.44,1,1,0.84776
104,15,1110.37,513.94,50.76,93.25,1,1,0.85149
104,16,1358.54,525.43,52.8,62.47,1,1,0.81528
104,17,1361.48,493.9,59.23,53.04,1,1,0.80189
104,18,1357.67,467.57,56.68,38.07,1,1,0.80674
104,19,1238.31,514.21,77.5,58.82,1,1,0.83215
104,20,1351.41,590.59,57.72,50.24,1,1,0.77498
104,21,1269.02,470.33,57.34,53.93,1,1,0.76964
105,0,1255.17,841.48,78.61,115.92,1,1,0.88907
105,1,1434.21,152.97,63.52,85.64,1,1,0.88497
105,2,1211.8,635.26,83.51,86.26,1,1,0.88543
105,3,1345.6,611.92,61.49,87.22,1,1,0.86448
105,4,1231.53,574.88,75.73,69.36,1,1,0.86068
105,5,704.48,782.08,54.48,102.41,1,1,0.86157
105,6,1117.83,451.07,41.84,87.24,1,1,0.82747
105,7,1436.24,457.34,41.68,100.43,1,1,0.83689
105,8,1027.98,332.42,45.51,94.91,1,1,0.85225
105,9,1029.96,616.24,48.83,93.08,1,1,0.87681
105,10,772.3,421.08,46.59,100.84,1,1,0.85967
105,11,1593.87,514.54,46.86,92.71,1,1,0.85005
105,12,1326.45,553.51,62.71,54.83,1,1,0.82704
105,13,1564.77,540.35,50.8,106.83,1,1,0.83874
105,14,972.85,134.03,48.48,80.35,1,1,0.84786
105,15,1110.35,514.11,51.18,93.32,1,1,0.85334
105,16,1358.62,525.39,52.76,62.53,1,1,0.81592
105,17,1361.67,493.99,59.1,52.72,1,1,0.79807
105,18,1357.76,467.6,56.62,38.02,1,1,0.80485
105,19,1238.36,514.21,77.52,58.87,1,1,0.8331
105,20,1351.49,590.6,57.69,50.18,1,1,0.77523
105,21,1269.11,470.2,57.39,54.03,1,1,0.77375
106,0,1255.26,841.51,78.51,115.84,1,1,0.8891
106,1,1434.19,152.97,63.42,85.56,1,1,0.88381
106,2,1211.73,635.28,83.73,86.25,1,1,0.88562
106,3,1345.55,612.02,61.6,87.15,1,1,0.86448
106,4,1231.55,574.87,75.86,69.36,1,1,0.86124
106,5,703.74,782.33,54.48,102.31,1,1,0.86145
106,6,1118.0,450.22,42.12,87.46,1,1,0.82798
106,7,1434.57,454.75,41.38,104.17,1,1,0.83928
106,8,1029.01,331.33,45.06,94.73,1,1,0.8517
106,9,1029.99,615.43,48.84,93.3,1,1,0.87652
106,10,771.89,421.98,46.33,99.97,1,1,0.8593
106,11,1593.89,514.58,46.87,92.68,1,1,0.85012
106,12,1326.48,553.54,62.75,54.84,1,1,0.82725
106,13,1564.46,540.18,50.99,106.96,1,1,0.83657
106,14,972.98,134.18,48.47,80.1,1,1,0.8478
106,15,1110.56,513.65,50.98,93.64,1,1,0.85592
106,16,1358.49,525.38,53.03,62.41,1,1,0.8168
106,17,1361.88,494.04,58.94,52.38,1,1,0.80015
106,18,1357.87,467.67,56.89,38.04,1,1,0.80541
106,19,1238.43,514.14,77.53,59.1,1,1,0.83232
106,20,1351.61,590.61,57.83,50.37,1,1,0.77457
106,21,1269.48,470.15,57.24,54.18,1,1,0.7731
107,0,1255.26,841.51,78.53,115.8,1,1,0.88908
107,1,1434.21,153.0,63.34,85.49,1,1,0.88406
107,2,1211.69,635.33,83.77,86.19,1,1,0.88586
107,3,1345.53,612.21,61.58,86.92,1,1,0.86468
107,4,1231.62,574.88,75.83,69.38,1,1,0.86139
107,5,702.98,782.73,54.43,101.69,1,1,0.8622
107,6,1118.11,449.22,42.55,88.73,1,1,0.82608
107,7,1433.97,452.04,40.77,99.85,1,1,0.84167
107,8,1029.63,330.37,45.06,94.08,1,1,0.85262
107,9,1029.91,614.78,48.92,93.73,1,1,0.87855
107,10,771.54,422.79,46.03,99.03,1,1,0.85895
107,11,1593.91,514.58,46.81,92.69,1,1,0.85032
107,12,1326.49,553.56,62.58,54.6,1,1,0.82859
107,13,1563.07,540.25,52.11,106.87,1,1,0.83653
107,14,972.93,134.33,48.56,79.74,1,1,0.85043
107,15,1110.81,513.36,50.77,93.75,1,1,0.85408
107,16,1358.53,525.24,52.76,62.78,1,1,0.81415
107,17,1362.0,494.08,58.24,52.49,1,1,0.79898
107,18,1357.93,467.72,56.57,37.79,1,1,0.80943
107,19,1238.47,514.15,77.49,59.2,1,1,0.83273
107,20,1351.7,590.65,57.75,50.11,1,1,0.77494
107,21,1269.55,470.23,57.25,54.27,1,1,0.77491
108,0,1255.3,841.51,78.49,115.78,1,1,0.88988
108,1,1434.25,153.04,63.31,85.54,1,1,0.8841
108,2,1211.67,635.32,83.86,86.21,1,1,0.88539
108,3,1345.45,612.4,61.56,86.69,1,1,0.86351
108,4,1231.67,575.04,75.8,69.29,1,1,0.86238
108,5,702.09,783.07,54.39,101.4,1,1,0.86276
108,6,1118.01,448.29,42.81,89.39,1,1,0.82927
108,7,1431.57,449.85,41.91,97.01,1,1,0.83998
108,8,1029.49,329.93,46.06,93.49,1,1,0.85212
108,9,1029.77,614.3,49.28,94.3,1,1,0.87865
108,10,771.01,423.64,45.87,97.96,1,1,0.85836
108,11,1593.95,514.69,46.73,92.64,1,1,0.85023
108,12,1326.55,553.67,62.42,54.41,1,1,0.82865
108,13,1563.25,540.27,51.69,106.87,1,1,0.8349
108,14,972.99,134.47,48.64,79.44,1,1,0.85183
108,15,1111.13,513.36,50.41,93.36,1,1,0.85235
108,16,1358.26,525.14,52.47,62.97,1,1,0.81411
108,17,1361.95,494.0,58.08,53.22,1,1,0.80332
108,18,1357.61,467.76,56.58,37.59,1,1,0.81071
108,19,1238.46,514.18,77.34,59.25,1,1,0.83272
108,20,1351.79,590.79,57.87,50.25,1,1,0.77898
108,21,1269.66,470.22,57.19,54.39,1,1,0.76849
109,0,1255.3,841.43,78.62,115.93,1,1,0.88998
109,1,1434.26,153.02,63.36,85.53,1,1,0.88441
109,2,1211.68,635.19,84.02,86.32,1,1,0.88628
109,3,1345.44,612.46,61.57,86.58,1,1,0.86481
109,4,1231.64,575.09,75.85,69.28,1,1,0.86315
109,5,701.71,782.76,54.16,101.55,1,1,0.86166
109,6,1118.53,447.58,43.31,89.68,1,1,0.83326
109,7,1429.33,447.55,42.88,96.89,1,1,0.83318
109,8,1029.71,329.55,46.87,92.37,1,1,0.85354
109,9,1029.79,613.81,49.53,94.83,1,1,0.88039
109,10,770.48,423.81,46.06,97.69,1,1,0.85901
109,11,1593.93,514.69,46.81,92.64,1,1,0.85043
109,12,1326.52,553.73,62.55,54.41,1,1,0.82912
109,13,1563.84,540.1,51.21,107.0,1,1,0.83477
109,14,972.94,134.57,48.82,79.25,1,1,0.85331
109,15,1110.84,513.23,50.52,93.19,1,1,0.8542
109,16,1358.12,525.11,52.53,62.92,1,1,0.81438
109,17,1361.95,493.93,57.95,52.88,1,1,0.79951
109,18,1357.52,467.72,56.46,37.45,1,1,0.81166
109,19,1238.52,514.18,77.24,59.1,1,1,0.83239
109,20,1351.88,590.83,58.07,50.25,1,1,0.77958
109,21,1269.96,470.12,57.01,54.35,1,1,0.76742
110,0,1255.25,841.46,78.67,116.01,1,1,0.8897
110,1,1434.21,153.11,63.42,85.52,1,1,0.88464
110,2,1211.65,635.17,84.16,86.44,1,1,0.88718
110,3,1345.47,612.58,61.51,86.49,1,1,0.86472
110,4,1231.63,575.24,75.87,69.21,1,1,0.8631
110,5,701.13,782.62,53.87,101.79,1,1,0.85965
110,6,1118.89,446.74,43.99,90.03,1,1,0.83457
110,7,1428.19,446.06,42.4,96.83,1,1,0.82618
110,8,1029.71,329.58,47.9,92.11,1,1,0.85641
110,9,1029.74,613.19,49.93,95.73,1,1,0.88114
110,10,769.98,424.08,46.18,97.48,1,1,0.8592
110,11,1593.88,514.72,46.88,92.81,1,1,0.851
110,12,1326.45,553.8,62.62,54.46,1,1,0.8294
110,13,1563.81,540.23,51.43,107.07,1,1,0.83666
110,14,972.77,134.57,48.86,79.3,1,1,0.85392
110,15,1110.68,512.83,50.35,93.62,1,1,0.84933
110,16,1357.79,525.22,52.73,63.01,1,1,0.81569
110,17,1361.92,493.87,58.13,53.32,1,1,0.80007
110,18,1357.74,467.87,56.47,37.45,1,1,0.80691
110,19,1238.5,514.17,77.13,59.25,1,1,0.83308
110,20,1352.01,590.85,58.27,50.59,1,1,0.78099
110,21,1270.13,470.2,56.78,54.24,1,1,0.76525
111,0,1255.21,841.5,78.88,116.1,1,1,0.88959
111,1,1434.21,153.2,63.38,85.44,1,1,0.88434
111,2,1211.57,635.19,84.3,86.49,1,1,0.888
111,3,1345.49,612.74,61.5,86.35,1,1,0.86464
111,4,1231.65,575.33,75.87,69.2,1,1,0.86396
111,5,700.8,782.62,53.64,102.17,1,1,0.86001
111,6,1119.82,445.47,44.11,90.15,1,1,0.83425
111,7,1425.49,444.2,43.65,96.9,1,1,0.80031
111,8,1028.88,329.78,49.48,92.07,1,1,0.8566
111,9,1029.81,612.46,50.07,96.73,1,1,0.88051
111,10,769.66,424.46,46.14,97.18,1,1,0.86028
111,11,1593.9,514.73,46.92,93.04,1,1,0.85178
111,12,1326.34,554.04,62.78,54.37,1,1,0.83058
111,13,1563.6,540.36,51.82,107.22,1,1,0.83781
111,14,972.74,134.51,48.86,79.45,1,1,0.85418
111,15,1110.56,511.6,50.26,94.78,1,1,0.84916
111,16,1357.34,525.14,52.88,63.3,1,1,0.81727
111,17,1361.89,493.6,58.04,53.93,1,1,0.79867
111,18,1358.14,467.94,56.08,37.5,1,1,0.80554
111,19,1238.49,514.13,77.14,59.47,1,1,0.83429
111,20,1352.33,590.66,58.26,51.23,1,1,0.78243
111,21,1270.13,470.19,56.8,54.01,1,1,0.76825
112,0,1255.25,841.57,79.05,116.15,1,1,0.88987
112,1,1434.15,153.29,63.47,85.38,1,1,0.88405
112,2,1211.54,635.18,84.52,86.55,1,1,0.88802
112,3,1345.36,612.79,61.63,86.35,1,1,0.86459
112,4,1231.57,575.5,76.0,69.12,1,1,0.86313
112,5,700.84,782.67,53.27,101.9,1,1,0.85949
112,6,1120.85,444.16,44.2,89.38,1,1,0.83594
112,7,1424.45,441.71,43.96,93.97,1,1,0.7885
112,8,1028.64,329.97,50.89,91.98,1,1,0.85759
112,9,1029.87,611.73,50.32,97.67,1,1,0.88028
112,10,769.28,424.82,46.19,96.98,1,1,0.85984
112,11,1593.89,514.8,47.05,92.99,1,1,0.85164
112,12,1326.37,554.07,62.63,54.51,1,1,0.82825
112,13,1564.1,540.27,51.78,107.41,1,1,0.83714
112,14,972.72,134.55,48.84,79.45,1,1,0.85422
112,15,1110.6,510.7,50.34,95.66,1,1,0.85155
112,16,1357.17,525.15,52.92,62.98,1,1,0.81536
112,17,1361.73,493.52,57.41,53.91,1,1,0.80276
112,18,1358.12,467.93,55.81,37.35,1,1,0.80605
112,19,1238.38,514.18,77.08,59.69,1,1,0.8311
112,20,1352.96,589.95,58.04,52.29,1,1,0.7839
112,21,1270.11,469.98,56.88,54.04,1,1,0.76216
113,0,1255.19,841.55,79.21,116.25,1,1,0.88987
113,1,1434.12,153.41,63.62,85.29,1,1,0.88421
113,2,1211.59,635.27,84.63,86.47,1,1,0.88821
113,3,1345.1,612.85,61.88,86.27,1,1,0.86288
113,4,1231.47,575.67,76.11,69.03,1,1,0.86224
113,5,700.89,782.67,52.99,101.95,1,1,0.85904
113,6,1122.07,443.15,44.33,89.94,1,1,0.84235
113,7,1424.56,439.29,43.26,90.08,1,1,0.78993
113,8,1028.36,329.74,52.18,92.11,1,1,0.85763
113,9,1030.23,611.25,50.24,98.16,1,1,0.8817
113,10,768.95,425.02,46.26,96.88,1,1,0.86001
113,11,1593.91,514.83,47.09,92.87,1,1,0.85141
113,12,1327.41,554.06,61.84,54.35,1,1,0.82531
113,13,1564.5,540.35,51.79,107.36,1,1,0.83701
113,14,972.68,134.57,48.86,79.38,1,1,0.85428
113,15,1110.59,511.27,50.55,95.39,1,1,0.84965
113,16,1356.93,525.27,53.16,62.24,1,1,0.81734
113,17,1361.52,493.52,57.34,53.26,1,1,0.80133
113,18,1358.0,467.97,56.09,37.69,1,1,0.80285
113,19,1238.29,514.19,76.94,59.93,1,1,0.8289
113,20,1353.7,589.13,58.18,53.68,1,1,0.78989
113,21,1270.19,469.89,56.9,54.4,1,1,0.76188
114,0,1254.98,841.75,79.41,116.14,1,1,0.89056
114,1,1434.03,153.91,63.65,85.04,1,1,0.88596
114,2,1211.8,635.61,84.73,86.1,1,1,0.88764
114,3,1345.04,613.11,61.78,85.99,1,1,0.86066
114,4,1231.47,575.66,76.07,69.14,1,1,0.86233
114,5,700.91,782.92,52.85,101.7,1,1,0.86117
114,6,1123.19,442.4,44.32,89.18,1,1,0.84398
114,7,1424.19,436.93,42.47,90.31,1,1,0.79185
114,8,1028.6,329.11,53.48,92.37,1,1,0.85791
114,9,1030.64,609.77,50.44,99.41,1,1,0.88392
114,10,768.46,426.2,46.39,95.85,1,1,0.8619
114,11,1593.93,514.95,47.29,92.99,1,1,0.85382
114,12,1330.29,554.03,58.79,54.67,1,1,0.81265
114,13,1563.89,540.43,52.26,107.45,1,1,0.8359
114,14,972.75,134.82,48.72,79.34,1,1,0.85563
114,15,1110.83,511.41,51.16,95.51,1,1,0.8537
114,16,1357.07,525.09,53.05,61.85,1,1,0.81461
114,17,1361.53,493.54,57.26,52.8,1,1,0.79836
114,18,1357.91,468.02,56.1,37.85,1,1,0.80492
114,19,1238.15,514.2,76.86,60.01,1,1,0.82937
114,20,1355.79,587.01,56.88,56.29,1,1,0.78685
114,21,1270.36,469.94,56.83,54.88,1,1,0.76318
115,0,1254.82,841.85,79.66,116.04,1,1,0.89132
115,1,1433.88,154.57,63.6,84.5,1,1,0.88591
115,2,1211.88,635.43,85.22,86.21,1,1,0.89048
115,3,1344.42,612.63,62.31,86.22,1,1,0.86454
115,4,1231.39,575.6,76.13,69.14,1,1,0.86368
115,5,700.87,783.11,52.8,101.35,1,1,0.86218
115,6,1124.18,441.82,44.28,87.74,1,1,0.84646
115,7,1421.75,434.3,44.16,90.08,1,1,0.83194
115,8,1029.35,327.58,54.35,93.39,1,1,0.85912
115,9,1030.99,608.57,50.5,100.11,1,1,0.88414
115,10,768.08,426.54,46.71,95.67,1,1,0.86254
115,11,1593.91,514.9,47.37,93.09,1,1,0.85443
115,12,1332.7,553.7,56.77,54.74,1,1,0.81343
115,13,1562.91,540.55,52.81,107.42,1,1,0.83523
115,14,972.75,134.92,48.7,79.26,1,1,0.85656
115,15,1110.97,511.32,51.52,95.3,1,1,0.85659
115,16,1357.44,524.88,53.05,61.49,1,1,0.80859
115,17,1361.84,493.55,56.84,52.44,1,1,0.80119
115,18,1357.56,467.95,56.08,37.95,1,1,0.80265
115,19,1238.08,514.18,76.89,60.29,1,1,0.83237
115,20,1357.49,585.24,55.69,57.79,1,1,0.78672
115,21,1270.36,469.79,56.9,55.27,1,1,0.76623
116,0,1254.44,842.39,79.39,115.29,1,1,0.88954
116,1,1433.69,155.2,63.59,83.89,1,1,0.88474
116,2,1211.69,635.57,85.99,86.08,1,1,0.89036
116,3,1344.27,611.94,62.69,86.94,1,1,0.8621
116,4,1230.44,574.74,77.55,69.99,1,1,0.86361
116,5,700.64,783.28,53.03,101.16,1,1,0.85993
116,6,1125.06,441.29,44.33,87.64,1,1,0.84087
116,7,1418.52,432.22,46.45,92.81,1,1,0.82636
116,8,1031.34,326.39,53.78,93.09,1,1,0.85808
116,9,1031.52,607.66,50.4,100.21,1,1,0.88082
116,10,767.59,426.64,47.17,95.64,1,1,0.86043
116,11,1593.9,514.89,47.33,93.16,1,1,0.85298
116,12,1332.92,552.98,57.28,56.16,1,1,0.79974
116,13,1562.33,540.79,52.89,107.21,1,1,0.83143
116,14,972.95,134.99,48.62,79.07,1,1,0.85356
116,15,1111.24,511.58,51.09,94.73,1,1,0.85487
116,16,1357.31,524.76,52.72,60.12,1,1,0.79846
116,17,1361.85,492.85,55.72,52.65,1,1,0.80726
116,18,1357.18,467.69,56.56,37.23,1,1,0.80279
116,19,1238.13,513.66,77.31,60.58,1,1,0.83423
116,20,1359.7,582.67,54.36,60.96,1,1,0.78075
116,21,1270.35,469.63,56.91,54.93,1,1,0.75141
117,0,1253.66,843.51,78.22,113.75,1,1,0.88741
117,1,1433.23,155.89,63.65,83.02,1,1,0.88429
117,2,1211.12,635.49,86.7,85.81,1,1,0.89234
117,3,1344.53,611.73,62.67,87.08,1,1,0.86604
117,4,1229.67,572.41,79.13,72.19,1,1,0.86751
117,5,700.33,783.43,53.39,101.03,1,1,0.86
117,6,1125.49,440.71,44.32,87.88,1,1,0.84078
117,7,1417.8,429.37,46.25,94.2,1,1,0.82692
117,8,1033.98,325.12,52.5,92.71,1,1,0.85536
117,9,1031.87,606.03,51.03,100.19,1,1,0.87957
117,10,767.19,427.08,47.17,95.14,1,1,0.86045
117,11,1593.93,514.81,47.31,93.17,1,1,0.85318
117,12,1332.79,551.89,57.11,55.92,1,1,0.79805
117,13,1562.36,541.03,52.54,106.92,1,1,0.83127
117,14,972.89,134.84,48.74,79.13,1,1,0.85475
117,15,1111.37,511.66,50.46,94.53,1,1,0.85311
117,16,1356.24,523.52,52.73,59.42,1,1,0.79245
117,17,1362.6,492.31,55.06,55.87,1,1,0.80019
117,18,1357.11,467.56,56.29,37.39,1,1,0.79241
117,19,1237.7,512.21,77.28,61.94,1,1,0.83323
117,20,1360.01,581.73,54.45,61.28,1,1,0.78074
117,21,1270.5,469.36,56.8,54.22,1,1,0.73579
118,0,1253.1,845.39,76.46,110.87,1,1,0.88068
118,1,1432.66,157.76,64.1,81.28,1,1,0.88187
118,2,1210.76,636.65,86.2,84.16,1,1,0.89021
118,3,1344.81,611.92,62.49,87.25,1,1,0.86464
118,4,1229.54,570.52,80.5,73.62,1,1,0.86925
118,5,700.09,783.6,53.58,101.11,1,1,0.85945
118,6,1126.39,440.46,43.75,87.45,1,1,0.83284
118,7,1417.72,425.97,45.51,95.84,1,1,0.82683
118,8,1037.68,323.19,50.51,91.88,1,1,0.84736
118,9,1031.81,604.87,51.39,98.85,1,1,0.87685
118,10,766.73,427.88,47.43,94.36,1,1,0.86024
118,11,1593.93,514.83,47.29,93.01,1,1,0.84953
118,12,1333.4,550.92,55.11,57.23,1,1,0.80628
118,13,1562.68,541.15,51.55,106.66,1,1,0.82586
118,14,972.9,134.77,48.73,79.24,1,1,0.853
118,15,1111.57,511.38,50.16,94.62,1,1,0.8474
118,16,1354.66,522.13,53.84,58.57,1,1,0.79863
118,17,1362.91,492.09,54.66,55.43,1,1,0.79501
118,18,1357.11,467.65,56.01,37.87,1,1,0.7789
118,19,1237.2,510.0,77.16,64.09,1,1,0.83582
118,20,1361.34,580.76,54.69,62.17,1,1,0.7808
118,21,1270.95,469.15,56.46,54.17,1,1,0.73708
119,0,1251.77,847.29,75.6,109.28,1,1,0.87858
119,1,1431.79,159.38,65.1,80.01,1,1,0.8816
119,2,1210.64,637.54,86.71,82.87,1,1,0.88898
119,3,1345.32,612.47,62.62,87.05,1,1,0.86548
119,4,1229.38,567.99,82.08,75.89,1,1,0.87502
119,5,699.91,783.87,53.49,100.93,1,1,0.86014
119,6,1127.06,440.41,43.57,87.76,1,1,0.83458
119,7,1418.67,422.03,44.12,92.32,1,1,0.80824
119,8,1041.72,320.95,47.85,91.52,1,1,0.84405
119,9,1031.86,604.23,51.69,96.61,1,1,0.87661
119,10,766.36,428.77,47.51,93.54,1,1,0.8602
119,11,1593.82,514.82,47.2,92.83,1,1,0.84962
119,12,1334.48,550.25,53.01,59.08,1,1,0.80815
119,13,1561.5,541.4,52.18,106.27,1,1,0.82557
119,14,972.89,134.6,48.74,79.42,1,1,0.85352
119,15,1111.45,510.79,50.02,95.02,1,1,0.84908
119,16,1352.6,521.58,55.0,57.55,1,1,0.80775
119,17,1363.32,492.1,53.97,55.12,1,1,0.79158
119,18,1356.8,467.28,54.46,37.66,1,1,0.78615
119,19,1236.44,507.26,77.89,66.12,1,1,0.83472
119,20,1361.96,579.25,54.26,62.98,1,1,0.77484
119,21,1271.44,469.05,55.98,49.47,1,1,0.74336
120,0,1250.6,849.23,75.96,107.97,1,1,0.87664
120,1,1430.75,161.02,66.21,78.48,1,1,0.88046
120,2,1211.27,636.93,87.85,83.86,1,1,0.8907
120,3,1345.86,612.51,63.2,86.16,1,1,0.8636
120,4,1229.32,566.18,83.98,77.36,1,1,0.87267
120,5,699.63,784.81,53.28,99.82,1,1,0.85951
120,6,1127.6,439.69,43.55,88.26,1,1,0.83315
120,7,1418.47,417.67,43.88,93.82,1,1,0.81744
120,8,1045.67,316.49,45.79,93.36,1,1,0.84537
120,9,1031.33,604.14,52.72,92.74,1,1,0.87477
120,10,765.54,429.21,47.94,93.04,1,1,0.85732
120,11,1593.7,514.81,47.06,92.69,1,1,0.84816
120,12,1335.97,549.53,51.57,60.39,1,1,0.80504
120,13,1561.71,541.51,51.68,105.98,1,1,0.82137
120,14,972.92,134.34,48.88,79.7,1,1,0.85343
120,15,1111.68,509.75,50.41,95.94,1,1,0.84709
120,16,1352.29,519.98,54.1,57.24,1,1,0.80515
120,17,1364.08,492.03,52.18,55.04,1,1,0.79411
120,18,1356.91,465.83,53.0,38.5,1,1,0.79507
120,19,1237.03,504.46,79.58,68.26,1,1,0.84412
120,20,1363.79,577.88,52.92,63.22,1,1,0.76731
120,21,1271.68,467.83,56.75,48.28,1,1,0.76074
121,0,1248.87,851.14,78.75,107.01,1,1,0.87926
121,1,1428.23,162.52,68.66,77.09,1,1,0.87978
121,2,1212.44,636.61,88.25,85.02,1,1,0.89609
121,3,1347.81,612.38,63.45,86.29,1,1,0.86228
121,4,1229.28,564.23,84.21,78.86,1,1,0.8692
121,5,698.97,785.29,53.15,98.99,1,1,0.86028
121,6,1127.76,439.03,43.51,88.19,1,1,0.83535
121,7,1417.26,414.26,44.29,91.85,1,1,0.84081
121,8,1048.98,313.49,43.94,94.81,1,1,0.84364
121,9,1029.99,603.79,54.55,88.68,1,1,0.87521
121,10,764.81,429.96,48.54,92.2,1,1,0.85769
121,11,1593.49,514.84,46.85,92.62,1,1,0.84963
121,12,1337.2,548.17,51.68,60.73,1,1,0.79039
121,13,1560.28,541.68,52.19,105.67,1,1,0.81991
121,14,972.9,134.3,48.88,79.73,1,1,0.85508
121,15,1111.78,508.74,51.04,96.98,1,1,0.84829
121,16,1351.91,517.91,52.62,54.77,1,1,0.80823
121,17,1364.62,492.02,50.97,57.55,1,1,0.79084
121,18,1357.41,464.43,51.81,40.26,1,1,0.79431
121,19,1238.55,502.75,79.66,68.77,1,1,0.85206
121,20,1364.93,578.01,53.14,64.14,1,1,0.78174
121,21,1272.67,466.68,56.85,48.3,1,1,0.76027
122,0,1246.98,852.78,82.57,106.3,1,1,0.88017
122,1,1424.89,163.72,71.45,75.53,1,1,0.88159
122,2,1215.33,635.89,87.41,85.89,1,1,0.89501
122,3,1348.2,612.61,64.14,86.28,1,1,0.86636
122,4,1229.73,561.06,84.53,81.66,1,1,0.87356
122,5,698.12,786.12,52.93,98.23,1,1,0.85821
122,6,1127.86,438.15,43.18,88.29,1,1,0.83491
122,7,1417.75,410.86,43.89,91.71,1,1,0.83893
122,8,1051.04,311.45,42.62,94.97,1,1,0.84698
122,9,1028.09,603.75,56.97,85.53,1,1,0.87376
122,10,764.03,430.63,48.75,91.52,1,1,0.85743
122,11,1593.45,514.79,46.47,92.84,1,1,0.84764
122,12,1337.57,547.14,48.67,60.76,1,1,0.77453
122,13,1560.61,541.68,50.85,105.67,1,1,0.81331
122,14,973.09,134.54,48.88,79.51,1,1,0.85571
122,15,1112.23,508.02,51.41,97.79,1,1,0.848
122,16,1350.91,516.98,51.88,54.01,1,1,0.80347
122,17,1364.98,492.16,49.21,58.7,1,1,0.78742
122,18,1357.69,463.06,50.06,41.79,1,1,0.79494
122,19,1241.89,499.36,79.16,70.94,1,1,0.85687
122,20,1366.16,572.4,53.24,69.98,1,1,0.79804
122,21,1273.87,464.1,56.96,48.71,1,1,0.79071
123,0,1244.84,853.63,85.61,105.84,1,1,0.88322
123,1,1421.34,164.14,73.76,74.83,1,1,0.88336
123,2,1220.86,635.93,84.57,86.79,1,1,0.89052
123,3,1348.67,613.0,63.71,87.02,1,1,0.86614
123,4,1231.58,557.18,86.48,85.05,1,1,0.8777
123,5,697.28,787.18,52.58,96.89,1,1,0.86122
123,6,1127.86,436.79,43.11,89.02,1,1,0.83799
123,7,1418.99,408.26,43.05,92.88,1,1,0.83149
123,8,1053.0,310.16,41.88,94.95,1,1,0.84819
123,9,1025.34,603.27,60.33,85.79,1,1,0.87813
123,10,763.51,431.62,48.31,90.47,1,1,0.85759
123,11,1593.34,514.78,46.02,92.91,1,1,0.8488
123,12,1338.54,547.7,45.93,63.08,1,1,0.76698
123,13,1559.29,541.4,50.85,105.94,1,1,0.82062
123,14,973.23,134.62,48.9,79.5,1,1,0.85772
123,15,1112.45,507.45,52.05,98.36,1,1,0.85324
123,16,1348.69,516.08,51.75,58.43,1,1,0.79405
123,17,1364.51,491.94,48.57,61.42,1,1,0.80745
123,18,1357.5,462.08,49.44,42.84,1,1,0.80274
123,19,1244.5,496.62,79.36,72.46,1,1,0.86158
123,20,1369.54,568.66,51.24,73.71,1,1,0.7959
123,21,1274.66,462.64,56.27,50.54,1,1,0.80725
124,0,1240.75,853.93,90.44,105.79,1,1,0.88095
124,1,1417.82,164.41,74.6,73.96,1,1,0.88299
124,2,1227.37,636.25,79.93,87.75,1,1,0.88216
124,3,1349.41,613.49,63.33,86.68,1,1,0.85851
124,4,1234.96,555.0,86.11,86.14,1,1,0.86945
124,5,696.18,788.37,52.37,95.77,1,1,0.85639
124,6,1128.08,434.93,43.26,90.55,1,1,0.83259
124,7,1420.01,405.41,42.87,95.07,1,1,0.82559
124,8,1054.34,309.39,42.24,93.64,1,1,0.84593
124,9,1022.17,602.87,64.24,86.55,1,1,0.87717
124,10,763.08,431.8,47.9,90.39,1,1,0.85266
124,11,1593.24,514.69,45.84,93.18,1,1,0.84552
124,12,1339.22,548.62,45.89,67.07,1,1,0.78681
124,13,1561.94,540.41,47.88,106.89,1,1,0.81296
124,14,973.36,135.13,48.87,79.17,1,1,0.85502
124,15,1113.24,506.94,52.27,99.11,1,1,0.84819
124,16,1347.33,515.53,52.01,58.21,1,1,0.78536
124,17,1363.69,490.75,48.4,65.61,1,1,0.79753
124,18,1357.9,461.7,47.35,42.76,1,1,0.78739
124,19,1248.1,494.72,77.54,72.61,1,1,0.85936
124,20,1373.62,565.07,48.48,78.2,1,1,0.79627
124,21,1275.45,461.53,55.09,50.99,1,1,0.78428
125,0,1235.7,853.4,93.97,105.28,1,1,0.88197
125,1,1414.6,165.01,73.45,73.04,1,1,0.88292
125,2,1235.39,637.79,74.23,88.21,1,1,0.87565
125,3,1347.99,614.74,65.54,87.48,1,1,0.86931
125,4,1241.43,553.63,81.32,85.27,1,1,0.85146
125,5,695.07,789.06,52.21,94.92,1,1,0.85378
125,6,1127.91,432.99,42.92,92.07,1,1,0.83714
125,7,1421.18,402.74,42.33,96.81,1,1,0.82751
125,8,1055.39,309.26,42.96,91.04,1,1,0.85001
125,9,1020.39,602.92,66.92,87.1,1,1,0.87655
125,10,762.28,432.04,48.02,90.2,1,1,0.85597
125,11,1592.88,514.78,45.89,93.48,1,1,0.84749
125,12,1339.12,549.72,46.55,68.55,1,1,0.79425
125,13,1562.88,539.33,46.48,107.74,1,1,0.81372
125,14,973.33,135.97,48.9,78.41,1,1,0.85508
125,15,1113.8,506.38,52.94,99.86,1,1,0.85443
125,16,1346.58,514.77,49.74,55.57,1,1,0.78405
125,17,1363.61,490.52,46.95,66.01,1,1,0.79936
125,18,1356.87,461.34,47.46,43.02,1,1,0.79531
125,19,1253.59,493.59,74.63,72.53,1,1,0.8345
125,20,1377.33,561.33,46.01,83.66,1,1,0.80004
125,21,1276.63,460.55,54.69,51.3,1,1,0.7964
126,0,1231.37,851.31,94.66,105.49,1,1,0.87734
126,1,1411.97,164.64,68.71,72.44,1,1,0.87355
126,2,1242.73,639.73,69.26,90.27,1,1,0.87546
126,3,1347.78,615.21,67.21,87.68,1,1,0.86902
126,4,1248.55,552.95,80.3,81.04,1,1,0.82078
126,5,693.46,789.62,52.63,94.49,1,1,0.85544
126,6,1128.06,430.94,42.5,92.58,1,1,0.84193
126,7,1421.6,399.84,42.73,98.18,1,1,0.8209
126,8,1056.32,308.49,43.55,89.9,1,1,0.84982
126,9,1019.91,603.44,68.69,86.76,1,1,0.8781
126,10,761.14,432.45,47.56,90.07,1,1,0.85436
126,11,1592.56,514.86,45.87,93.46,1,1,0.84404
126,12,1337.52,549.97,47.64,69.41,1,1,0.78703
126,13,1565.56,538.23,45.16,108.16,1,1,0.81059
126,14,972.84,136.87,49.36,77.75,1,1,0.85679
126,15,1114.3,505.4,53.17,101.03,1,1,0.85085
126,16,1346.04,514.08,48.12,54.34,1,1,0.75225
126,17,1363.52,491.84,45.89,65.44,1,1,0.79868
126,18,1355.4,460.93,48.44,43.78,1,1,0.7974
126,19,1260.09,492.68,70.44,74.24,1,1,0.83392
126,20,1380.32,557.19,47.83,88.63,1,1,0.80791
126,21,1277.51,460.15,54.95,52.32,1,1,0.80202
127,0,1226.39,848.92,92.48,104.8,1,1,0.8699
127,1,1406.75,162.88,64.52,73.73,1,1,0.86869
127,2,1249.71,641.73,67.26,93.19,1,1,0.87456
127,3,1347.42,616.02,68.04,87.13,1,1,0.872
127,4,1252.24,552.79,80.05,81.19,1,1,0.83341
127,5,690.86,789.72,53.98,94.29,1,1,0.85623
127,6,1127.93,429.81,42.35,92.85,1,1,0.84632
127,7,1421.79,397.57,44.37,95.32,1,1,0.81881
127,8,1057.39,308.13,44.05,89.21,1,1,0.85033
127,9,1020.35,603.87,69.84,86.3,1,1,0.8811
127,10,760.5,432.17,46.54,90.64,1,1,0.85383
127,11,1592.43,514.9,46.35,93.6,1,1,0.84285
127,12,1338.25,549.25,46.53,70.27,1,1,0.78948
127,13,1567.21,537.35,43.99,108.33,1,1,0.81282
127,14,972.35,137.83,50.04,76.9,1,1,0.86012
127,15,1114.66,504.54,53.81,101.83,1,1,0.85137
127,16,1344.56,514.04,46.78,53.93,1,1,0.75759
127,17,1363.35,493.26,45.57,66.04,1,1,0.81606
127,18,1354.35,460.5,48.99,44.77,1,1,0.79534
127,19,1264.56,492.49,68.81,73.91,1,1,0.84045
127,20,1381.99,554.18,50.48,93.4,1,1,0.81734
127,21,1278.78,460.3,55.42,52.35,1,1,0.79141
128,0,1220.47,846.32,85.01,101.38,1,1,0.87392
128,1,1402.14,160.66,58.56,74.55,1,1,0.86642
128,2,1254.17,644.26,67.22,93.51,1,1,0.87437
128,3,1346.57,617.22,68.8,86.01,1,1,0.86966
128,4,1253.71,552.52,82.71,81.6,1,1,0.84386
128,5,687.36,789.82,56.41,94.37,1,1,0.85765
128,6,1127.5,428.59,42.59,91.8,1,1,0.85111
128,7,1422.36,395.13,44.97,91.03,1,1,0.80271
128,8,1059.26,307.9,43.93,88.67,1,1,0.84879
128,9,1022.54,604.06,68.85,85.4,1,1,0.87683
128,10,759.6,431.6,45.38,91.63,1,1,0.8513
128,11,1592.13,515.66,47.2,93.29,1,1,0.84405
128,12,1338.61,548.2,45.88,71.99,1,1,0.79933
128,13,1566.66,537.53,45.47,106.55,1,1,0.81295
128,14,971.59,139.26,50.49,75.67,1,1,0.86564
128,15,1115.06,504.35,53.78,102.37,1,1,0.85398
128,16,1342.69,514.29,47.56,52.47,1,1,0.7368
128,17,1361.82,493.15,45.88,64.83,1,1,0.80829
128,18,1354.28,459.91,48.12,44.78,1,1,0.79111
128,19,1265.49,493.31,70.32,75.2,1,1,0.82945
128,20,1384.21,550.99,49.8,97.63,1,1,0.81987
128,21,1283.49,459.86,53.76,51.72,1,1,0.77082
129,0,1215.41,844.54,76.21,100.06,1,1,0.84797
129,1,1395.98,159.66,59.63,75.73,1,1,0.87441
129,2,1258.53,646.44,67.2,93.26,1,1,0.8716
129,3,1346.19,619.06,69.5,84.28,1,1,0.86954
129,4,1257.16,550.8,83.37,84.14,1,1,0.82463
129,5,683.46,788.76,59.8,95.41,1,1,0.8561
129,6,1127.48,427.02,42.83,90.52,1,1,0.85026
129,7,1422.47,392.92,45.25,88.37,1,1,0.81205
129,8,1063.0,307.76,42.49,88.47,1,1,0.84182
129,9,1027.15,604.07,65.93,83.77,1,1,0.87425
129,10,758.84,431.05,43.89,92.47,1,1,0.84974
129,11,1591.59,516.89,48.46,92.12,1,1,0.83993
129,12,1339.28,548.55,46.21,72.93,1,1,0.76784
129,13,1565.57,538.09,46.63,105.91,1,1,0.81965
129,14,970.99,140.5,50.92,75.09,1,1,0.86424
129,15,1115.55,504.8,54.22,101.56,1,1,0.85427
129,16,1341.47,514.25,48.47,52.31,1,1,0.71971
129,17,1360.62,492.09,46.14,64.85,1,1,0.80776
129,18,1353.59,459.5,47.79,44.86,1,1,0.78408
129,19,1265.3,495.35,73.68,74.93,1,1,0.83513
129,20,1384.85,549.25,50.15,99.47,1,1,0.83303
129,21,1287.31,459.42,53.47,54.36,1,1,0.76453
130,0,1210.97,842.85,63.06,94.98,1,1,0.79585
130,1,1390.73,158.63,62.69,76.83,1,1,0.87681
130,2,1263.39,646.89,65.61,94.1,1,1,0.87033
130,3,1345.98,620.54,69.9,82.99,1,1,0.86839
130,4,1262.45,550.89,80.46,84.08,1,1,0.79684
130,5,678.49,786.76,62.52,95.01,1,1,0.85208
130,6,1127.82,425.65,42.89,88.94,1,1,0.8428
130,7,1422.8,389.46,43.01,90.8,1,1,0.80324
130,8,1065.87,307.78,41.2,88.51,1,1,0.83626
130,9,1032.36,604.86,63.04,81.98,1,1,0.87208
130,10,757.89,430.81,43.01,92.95,1,1,0.84678
130,11,1591.22,519.92,48.88,88.17,1,1,0.81887
130,12,1342.05,550.45,47.0,71.77,1,1,0.73942
130,13,1564.93,537.59,51.44,108.28,1,1,0.82067
130,14,970.1,140.93,51.88,74.82,1,1,0.86176
130,15,1116.02,505.16,54.81,100.58,1,1,0.84872
130,16,1340.15,515.56,48.14,48.39,1,1,0.65929
130,17,1360.64,492.95,46.63,63.3,1,1,0.79777
130,18,1350.87,458.83,49.27,46.14,1,1,0.78607
130,19,1266.14,497.3,75.6,73.74,1,1,0.82427
130,20,1385.77,547.96,50.3,100.66,1,1,0.82123
130,21,1289.9,458.4,53.31,58.58,1,1,0.77266
131,0,1205.83,841.42,57.94,88.87,1,1,0.83119
131,1,1385.75,157.94,66.62,77.16,1,1,0.88043
131,2,1267.19,647.15,65.01,94.92,1,1,0.87002
131,3,1345.55,622.08,71.0,81.69,1,1,0.86604
131,4,1270.08,550.66,74.74,85.23,1,1,0.79623
131,5,673.94,785.77,62.85,93.61,1,1,0.84047
131,6,1128.01,424.37,42.93,88.05,1,1,0.84263
131,7,1422.27,385.47,42.19,93.27,1,1,0.7924
131,8,1067.38,306.79,40.53,89.92,1,1,0.83719
131,9,1037.25,605.91,60.07,82.47,1,1,0.86908
131,10,756.96,429.85,42.17,93.95,1,1,0.84627
131,11,1590.03,520.7,50.13,85.51,1,1,0.80976
131,12,1341.96,546.46,48.76,77.18,1,1,0.68134
131,13,1564.9,537.28,55.18,108.08,1,1,0.82619
131,14,968.94,140.97,52.49,74.97,1,1,0.8637
131,15,1116.28,504.7,55.93,100.8,1,1,0.8522
131,17,1360.14,493.04,46.96,63.45,1,1,0.79095
131,18,1350.08,458.33,49.62,46.76,1,1,0.78865
131,19,1267.5,498.77,76.75,72.49,1,1,0.80546
131,20,1386.57,545.88,50.32,103.06,1,1,0.81335
131,21,1289.66,458.39,56.8,62.58,1,1,0.75325
132,0,1199.46,841.38,60.0,92.16,1,1,0.81721
132,1,1381.01,156.61,68.95,77.87,1,1,0.88088
132,2,1271.1,647.13,62.9,95.48,1,1,0.87168
132,3,1344.68,622.66,73.46,81.22,1,1,0.87366
132,4,1273.94,550.62,72.91,85.89,1,1,0.80021
132,5,670.18,784.89,57.0,91.13,1,1,0.83882
132,6,1127.78,423.73,43.45,88.13,1,1,0.84465
132,7,1419.87,381.41,43.31,95.04,1,1,0.79593
132,8,1068.41,305.78,40.13,91.31,1,1,0.84096
132,9,1042.41,606.66,56.96,84.23,1,1,0.86761
132,10,755.36,428.05,42.56,95.34,1,1,0.84552
132,11,1589.34,521.89,50.49,83.1,1,1,0.8157
132,12,1342.58,542.43,47.87,82.8,1,1,0.66285
132,13,1564.81,538.18,56.84,110.03,1,1,0.82713
132,14,967.16,140.68,53.77,75.42,1,1,0.86956
132,15,1116.49,504.35,56.61,100.72,1,1,0.8556
132,17,1359.19,492.53,46.9,63.35,1,1,0.77835
132,18,1348.98,457.05,49.44,46.89,1,1,0.80053
132,19,1274.56,500.89,71.26,70.38,1,1,0.7642
132,20,1390.82,543.59,47.97,105.67,1,1,0.81111
132,21,1290.98,457.65,57.69,65.83,1,1,0.77076
133,0,1191.88,839.18,61.85,91.52,1,1,0.79539
133,1,1376.32,155.08,69.13,78.26,1,1,0.87765
133,2,1274.72,647.47,61.96,95.13,1,1,0.86988
133,3,1343.56,623.7,77.58,81.7,1,1,0.87401
133,4,1283.44,550.66,63.92,86.28,1,1,0.79234
133,5,664.87,783.91,56.73,91.93,1,1,0.84387
133,6,1127.35,423.22,44.18,88.09,1,1,0.83853
133,7,1417.22,376.19,44.96,97.33,1,1,0.79395
133,8,1068.81,303.59,40.01,93.01,1,1,0.84009
133,9,1046.23,607.27,55.66,87.19,1,1,0.86299
133,10,753.16,426.16,43.56,96.56,1,1,0.8429
133,11,1588.51,521.8,51.02,82.83,1,1,0.81368
133,12,1343.97,542.37,45.32,83.52,1,1,0.71154
133,13,1564.68,539.36,58.04,111.24,1,1,0.82338
133,14,965.52,139.72,54.9,76.54,1,1,0.86654
133,15,1116.98,503.23,57.84,101.76,1,1,0.84202
133,17,1359.28,493.51,46.14,57.85,1,1,0.7651
133,18,1348.45,456.2,48.76,47.17,1,1,0.7943
133,19,1291.09,502.44,55.62,61.63,1,1,0.74707
133,20,1395.22,540.7,47.46,107.83,1,1,0.80194
133,21,1293.25,457.31,57.05,66.85,1,1,0.76392
133,16,1339.8,509.56,45.17,43.32,1,1,0.67663
134,0,1183.23,836.35,62.26,89.45,1,1,0.80748
134,1,1372.27,154.53,66.99,75.34,1,1,0.86871
134,2,1276.71,648.18,64.23,94.92,1,1,0.86774
134,3,1343.93,625.46,79.35,82.11,1,1,0.86797
134,4,1290.08,546.67,60.66,90.24,1,1,0.82877
134,5,660.08,783.11,56.51,88.93,1,1,0.84347
134,6,1127.05,422.51,45.09,88.46,1,1,0.83832
134,7,1414.14,369.82,45.91,97.55,1,1,0.78158
134,8,1069.3,300.88,40.0,94.53,1,1,0.83708
134,9,1049.2,607.96,55.77,89.51,1,1,0.86425
134,10,750.76,423.85,43.66,97.05,1,1,0.84181
134,11,1587.71,521.06,51.43,82.55,1,1,0.81538
134,12,1345.53,539.74,42.57,84.46,1,1,0.70941
134,13,1564.53,540.43,58.83,111.63,1,1,0.82134
134,14,963.41,139.23,55.68,77.37,1,1,0.86265
134,15,1118.21,502.01,58.18,102.63,1,1,0.83217
134,17,1360.61,494.17,45.42,54.96,1,1,0.74949
134,18,1348.79,456.54,47.72,46.63,1,1,0.79368
134,19,1297.92,502.91,50.63,61.47,1,1,0.73464
134,20,1394.66,537.22,48.33,108.92,1,1,0.74801
134,21,1292.24,457.11,59.97,69.27,1,1,0.77338
135,0,1176.18,832.96,57.09,89.65,1,1,0.81891
135,1,1367.55,153.12,61.9,74.14,1,1,0.85842
135,2,1278.03,649.85,66.72,95.95,1,1,0.86471
135,3,1344.09,629.22,80.27,80.96,1,1,0.86792
135,4,1292.19,544.4,62.08,92.41,1,1,0.83424
135,5,652.78,782.47,58.88,83.03,1,1,0.82526
135,6,1126.57,421.49,46.3,89.74,1,1,0.84038
135,7,1408.18,363.62,46.83,92.49,1,1,0.80317
135,8,1069.14,298.72,39.81,94.53,1,1,0.83493
135,9,1052.37,608.48,55.37,91.09,1,1,0.85777
135,10,748.21,421.64,43.27,96.9,1,1,0.84372
135,11,1586.74,520.65,51.49,80.46,1,1,0.81357
135,12,1347.87,541.27,42.87,85.03,1,1,0.7209
135,13,1565.41,539.3,58.65,110.89,1,1,0.81125
135,14,961.66,139.02,53.8,77.32,1,1,0.85905
135,15,1120.74,499.66,58.18,103.77,1,1,0.83419
135,17,1361.36,495.28,44.62,56.53,1,1,0.73503
135,18,1348.77,456.34,46.78,47.23,1,1,0.79685
135,19,1297.08,502.46,52.18,68.04,1,1,0.78113
135,20,1394.81,532.52,49.25,111.66,1,1,0.75616
135,21,1293.65,457.71,59.91,68.37,1,1,0.77178
136,0,1169.26,829.96,56.98,95.48,1,1,0.84183
136,1,1362.72,152.59,52.47,72.25,1,1,0.85618
136,2,1280.38,651.26,68.22,99.0,1,1,0.87055
136,3,1344.65,633.67,79.67,81.49,1,1,0.86847
136,4,1293.44,542.34,64.54,94.58,1,1,0.84668
136,5,646.4,782.18,59.99,80.87,1,1,0.81603
136,6,1126.56,420.71,47.04,90.69,1,1,0.84334
136,7,1405.07,360.08,47.86,87.72,1,1,0.82556
136,8,1068.72,296.47,39.65,94.87,1,1,0.83539
136,9,1056.01,608.71,54.96,93.51,1,1,0.85887
136,10,744.92,419.55,43.41,98.14,1,1,0.84692
136,11,1585.49,520.2,50.84,79.82,1,1,0.80917
136,12,1351.75,541.2,42.3,92.92,1,1,0.72226
136,13,1566.29,539.01,57.76,109.92,1,1,0.81314
136,14,959.17,138.76,50.11,77.38,1,1,0.85368
136,15,1123.73,498.62,57.81,103.68,1,1,0.84262
136,17,1361.32,496.42,44.52,52.86,1,1,0.70379
136,18,1349.31,456.44,45.36,47.83,1,1,0.80419
136,19,1297.02,501.88,53.7,71.68,1,1,0.80568
136,20,1397.07,524.4,47.07,114.24,1,1,0.7266
136,21,1301.4,458.83,52.47,65.18,1,1,0.79813
137,0,1161.02,827.88,55.4,96.34,1,1,0.85409
137,1,1356.91,154.28,50.02,70.92,1,1,0.86025
137,2,1285.2,653.16,66.61,103.94,1,1,0.86463
137,3,1345.1,637.22,77.36,83.57,1,1,0.86861
137,4,1295.34,541.01,64.56,95.75,1,1,0.84539
137,5,643.68,782.05,56.73,92.59,1,1,0.8358
137,6,1126.2,419.89,48.11,91.72,1,1,0.84253
137,7,1402.32,357.56,48.52,86.12,1,1,0.81823
137,8,1068.97,294.08,40.24,94.67,1,1,0.83551
137,9,1060.17,608.42,54.97,94.96,1,1,0.85672
137,10,742.26,417.75,41.89,98.0,1,1,0.84835
137,11,1583.38,520.4,50.68,78.3,1,1,0.77569
137,12,1354.57,540.28,44.09,98.98,1,1,0.75423
137,13,1566.72,537.3,58.3,110.72,1,1,0.80896
137,14,956.02,138.73,45.97,75.98,1,1,0.84327
137,15,1129.49,497.58,54.48,103.06,1,1,0.82658
137,17,1359.48,497.0,46.13,50.39,1,1,0.71702
137,18,1349.97,456.34,45.27,49.79,1,1,0.80188
137,19,1298.53,500.14,53.19,73.88,1,1,0.80401
137,20,1400.68,519.19,46.36,109.99,1,1,0.74967
137,21,1307.53,458.59,46.34,63.48,1,1,0.79657
138,0,1152.09,826.4,59.85,96.98,1,1,0.85814
138,1,1348.66,154.12,54.79,71.46,1,1,0.86428
138,2,1289.94,655.85,63.56,109.25,1,1,0.86098
138,3,1345.08,639.95,72.74,86.53,1,1,0.8595
138,4,1297.4,542.39,64.03,93.99,1,1,0.84072
138,5,639.32,782.23,55.62,99.27,1,1,0.83298
138,6,1125.95,418.46,48.95,93.35,1,1,0.8451
138,7,1398.8,354.91,50.44,86.64,1,1,0.82348
138,8,1068.71,291.94,40.62,93.12,1,1,0.83959
138,9,1062.51,606.69,57.0,97.25,1,1,0.85368
138,10,738.9,415.91,41.82,97.81,1,1,0.85069
138,11,1580.29,521.1,50.95,77.92,1,1,0.7068
138,12,1357.86,542.53,49.19,100.9,1,1,0.80337
138,13,1565.83,537.03,59.7,111.99,1,1,0.80305
138,14,951.74,139.1,44.44,74.74,1,1,0.84983
138,15,1133.82,498.26,52.36,99.98,1,1,0.81096
138,17,1357.22,497.27,47.39,51.11,1,1,0.73456
138,18,1350.4,456.05,46.14,53.49,1,1,0.79611
138,19,1298.49,499.19,54.83,75.5,1,1,0.8071
138,20,1404.48,520.55,47.35,107.86,1,1,0.77251
138,21,1310.62,458.57,43.77,63.49,1,1,0.79614
139,0,1142.26,824.49,62.5,98.71,1,1,0.85854
139,1,1340.1,152.19,60.84,73.12,1,1,0.86653
139,2,1294.55,657.89,61.48,113.48,1,1,0.85894
139,3,1345.47,642.22,67.47,92.36,1,1,0.85902
139,4,1300.32,540.69,62.93,94.81,1,1,0.82803
139,5,633.22,781.54,57.43,99.11,1,1,0.81246
139,6,1126.64,417.66,48.98,94.32,1,1,0.84108
139,7,1396.11,351.64,51.75,88.48,1,1,0.82224
139,8,1068.58,289.74,41.01,91.81,1,1,0.83632
139,9,1063.95,606.51,58.5,97.49,1,1,0.84974
139,10,736.07,413.99,43.02,97.4,1,1,0.84069
139,12,1360.98,542.1,54.56,104.86,1,1,0.81967
139,13,1565.66,529.62,60.15,117.16,1,1,0.82753
139,14,948.36,139.0,43.55,74.22,1,1,0.84779
139,15,1137.68,499.35,50.85,97.16,1,1,0.82383
139,17,1355.61,497.19,46.26,50.74,1,1,0.73318
139,18,1351.33,456.1,47.13,56.72,1,1,0.78953
139,19,1299.11,498.91,55.18,76.01,1,1,0.79927
139,20,1407.34,516.52,48.02,105.06,1,1,0.78176
139,21,1310.8,457.78,43.61,65.4,1,1,0.79119
140,0,1131.34,822.92,68.39,101.09,1,1,0.85157
140,1,1332.16,150.26,64.95,74.04,1,1,0.8664
140,2,1299.27,660.07,59.25,117.05,1,1,0.85916
140,3,1346.45,643.84,61.5,97.23,1,1,0.85278
140,4,1304.55,540.76,61.08,93.25,1,1,0.74465
140,5,625.79,781.26,59.9,100.78,1,1,0.82564
140,6,1128.37,416.75,47.92,94.98,1,1,0.83953
140,7,1392.91,345.9,52.79,92.21,1,1,0.81404
140,8,1068.57,287.58,41.3,88.81,1,1,0.83748
140,9,1066.66,606.71,57.94,97.29,1,1,0.85175
140,10,732.66,412.2,44.65,96.06,1,1,0.83966
140,12,1365.25,541.97,53.87,105.57,1,1,0.80877
140,13,1564.95,530.08,62.73,115.9,1,1,0.83055
140,14,945.71,138.46,42.96,73.41,1,1,0.84867
140,15,1141.96,501.13,49.67,92.46,1,1,0.81074
140,17,1355.72,497.19,44.82,50.59,1,1,0.71828
140,18,1352.93,456.74,46.32,58.5,1,1,0.77438
140,19,1299.68,500.14,55.04,74.79,1,1,0.80684
140,20,1408.64,514.05,48.71,103.65,1,1,0.78724
140,21,1310.99,457.12,43.99,67.26,1,1,0.78615
141,0,1122.64,821.09,72.56,101.61,1,1,0.83966
141,1,1324.16,150.31,67.71,73.55,1,1,0.87082
141,2,1302.18,661.82,58.42,117.77,1,1,0.85526
141,3,1347.8,645.67,56.46,100.98,1,1,0.84831
141,4,1305.96,541.85,63.45,92.05,1,1,0.77172
141,5,617.4,780.35,62.81,104.85,1,1,0.83191
141,6,1129.61,415.77,47.58,94.95,1,1,0.84287
141,7,1391.16,341.15,51.73,92.09,1,1,0.81539
141,8,1068.32,285.62,41.42,86.88,1,1,0.83702
141,9,1070.46,607.26,56.32,97.17,1,1,0.85864
141,10,728.12,411.19,45.65,94.22,1,1,0.84033
141,12,1369.57,542.88,50.79,104.89,1,1,0.79186
141,13,1563.8,531.35,66.28,113.51,1,1,0.8381
141,14,942.02,137.87,43.15,72.62,1,1,0.85266
141,15,1142.62,503.18,52.2,87.4,1,1,0.80457
141,17,1355.31,497.4,43.22,51.54,1,1,0.70709
141,18,1354.03,457.99,45.84,60.25,1,1,0.75417
141,19,1298.24,501.5,56.74,73.37,1,1,0.81825
141,20,1409.62,512.27,49.46,103.73,1,1,0.79431
141,21,1309.54,456.59,45.6,69.2,1,1,0.76953
142,0,1114.69,817.67,74.16,101.6,1,1,0.84477
142,1,1316.7,149.8,66.21,74.82,1,1,0.86682
142,2,1304.76,663.21,57.96,117.37,1,1,0.8513
142,3,1350.04,647.92,53.66,101.29,1,1,0.84858
142,4,1306.09,540.76,61.65,91.03,1,1,0.79057
142,5,609.06,778.59,66.72,110.79,1,1,0.83652
142,6,1130.35,414.42,48.14,95.6,1,1,0.84426
142,7,1388.3,337.77,52.09,88.73,1,1,0.82556
142,8,1067.79,283.74,41.52,85.85,1,1,0.83974
142,9,1074.54,607.4,55.18,96.84,1,1,0.86243
142,10,723.51,410.56,46.18,92.85,1,1,0.84526
142,12,1372.68,545.57,48.94,102.51,1,1,0.79084
142,13,1562.79,538.5,70.07,108.4,1,1,0.82793
142,14,938.48,137.96,44.3,73.34,1,1,0.85485
142,15,1143.55,507.18,53.8,89.13,1,1,0.82146
142,17,1355.62,497.44,44.09,54.13,1,1,0.69973
142,18,1355.14,458.98,47.39,66.38,1,1,0.7358
142,19,1297.57,501.66,57.67,73.05,1,1,0.81289
142,20,1411.35,510.23,50.85,101.95,1,1,0.77977
142,21,1308.7,456.5,46.99,69.19,1,1,0.75341
143,0,1105.05,814.77,77.11,102.83,1,1,0.84835
143,1,1311.3,149.77,59.28,75.83,1,1,0.85541
143,2,1305.88,664.47,57.59,116.45,1,1,0.85316
143,3,1351.92,649.8,53.66,100.52,1,1,0.84441
143,4,1303.8,541.49,64.75,88.67,1,1,0.80583
143,5,603.43,777.41,66.6,113.59,1,1,0.83576
143,6,1131.67,413.03,48.23,96.07,1,1,0.8374
143,7,1384.36,333.73,50.65,86.57,1,1,0.82035
143,8,1067.26,282.26,42.03,85.65,1,1,0.83851
143,9,1078.7,607.29,54.14,96.42,1,1,0.85857
143,10,718.28,409.84,44.76,92.79,1,1,0.84633
143,12,1376.69,546.57,45.85,101.54,1,1,0.80297
143,13,1563.57,543.17,73.02,104.25,1,1,0.81861
143,14,934.62,137.85,46.51,72.79,1,1,0.85982
143,15,1143.46,510.5,57.32,87.31,1,1,0.81067
143,17,1356.86,498.48,45.99,54.28,1,1,0.74327
143,18,1355.12,458.3,47.31,66.44,1,1,0.72096
143,19,1297.93,501.87,57.79,73.19,1,1,0.7985
143,20,1415.52,507.03,51.12,100.17,1,1,0.76963
143,21,1304.65,456.52,50.75,72.0,1,1,0.70482
143,11,1552.95,530.37,43.95,76.82,1,1,0.76507
144,0,1097.22,812.39,74.34,101.97,1,1,0.84243
144,1,1303.12,148.76,53.58,76.46,1,1,0.85412
144,2,1306.47,665.8,57.85,114.57,1,1,0.86061
144,3,1353.79,651.23,53.09,100.04,1,1,0.8455
144,4,1302.71,543.29,65.03,86.57,1,1,0.80658
144,5,601.12,776.29,63.69,114.45,1,1,0.84354
144,6,1133.64,412.24,47.97,95.92,1,1,0.82488
144,7,1380.53,330.82,48.16,86.58,1,1,0.8078
144,8,1065.93,280.92,43.42,87.92,1,1,0.84021
144,9,1082.55,607.85,52.98,96.29,1,1,0.86314
144,10,713.79,410.06,43.58,91.48,1,1,0.84862
144,12,1378.77,548.7,45.54,99.72,1,1,0.81329
144,13,1565.53,547.01,72.88,102.0,1,1,0.83025
144,14,930.72,137.96,49.73,72.96,1,1,0.8654
144,15,1145.84,513.11,58.61,86.48,1,1,0.79841
144,17,1357.15,498.9,47.21,53.7,1,1,0.73381
144,18,1355.1,458.6,46.78,64.46,1,1,0.73523
144,19,1298.33,501.46,56.9,73.81,1,1,0.78054
144,20,1418.27,506.33,51.72,100.0,1,1,0.7785
144,21,1304.78,456.98,49.93,71.74,1,1,0.71976
144,11,1545.33,530.75,47.89,79.36,1,1,0.83927
145,0,1088.45,809.36,66.98,102.04,1,1,0.80434
145,1,1293.83,148.34,48.94,76.7,1,1,0.86245
145,2,1306.8,667.35,56.86,112.73,1,1,0.86219
145,3,1355.6,651.52,53.27,100.06,1,1,0.84044
145,4,1303.84,542.04,66.87,87.57,1,1,0.80824
145,5,598.59,775.06,59.9,113.17,1,1,0.83984
145,6,1136.51,412.06,46.56,97.02,1,1,0.82984
145,7,1376.23,326.79,45.32,89.13,1,1,0.8047
145,8,1064.15,280.71,44.53,88.73,1,1,0.83986
145,9,1083.89,609.26,54.46,96.28,1,1,0.86523
145,10,709.34,410.58,44.01,90.82,1,1,0.85138
145,12,1379.06,549.91,45.66,98.02,1,1,0.80711
145,13,1566.56,548.45,71.01,102.23,1,1,0.83262
145,14,927.12,137.49,52.62,74.43,1,1,0.87076
145,15,1153.36,515.34,54.3,85.17,1,1,0.81726
145,17,1357.67,500.05,47.23,53.0,1,1,0.72058
145,18,1355.98,458.6,45.73,65.46,1,1,0.75136
145,19,1297.39,501.42,58.32,74.73,1,1,0.81063
145,20,1422.22,504.92,49.91,95.46,1,1,0.76759
145,21,1299.89,458.72,53.8,78.74,1,1,0.71129
145,11,1537.62,533.76,52.99,79.61,1,1,0.84024
146,0,1078.48,807.39,60.84,101.55,1,1,0.8178
146,1,1284.05,148.31,52.15,77.4,1,1,0.86042
146,2,1307.59,668.51,55.93,111.01,1,1,0.85857
146,3,1355.79,651.43,54.88,100.37,1,1,0.84841
146,4,1307.4,540.61,67.34,88.15,1,1,0.81631
146,5,595.6,774.05,56.86,111.32,1,1,0.83197
146,6,1139.25,411.62,45.12,92.17,1,1,0.8288
146,7,1373.29,322.3,42.66,92.94,1,1,0.80476
146,8,1063.39,280.78,45.39,89.58,1,1,0.84097
146,9,1083.03,610.82,58.6,97.46,1,1,0.86637
146,10,705.63,410.47,45.22,90.92,1,1,0.84716
146,12,1381.01,550.72,49.13,96.5,1,1,0.80184
146,13,1567.16,550.39,69.29,102.1,1,1,0.82632
146,14,924.15,137.79,53.96,74.62,1,1,0.87098
146,15,1154.75,517.23,55.63,82.17,1,1,0.8081
146,17,1357.77,501.69,46.75,50.7,1,1,0.72355
146,18,1356.16,457.69,45.31,65.03,1,1,0.74381
146,19,1297.22,501.73,59.37,75.53,1,1,0.81683
146,20,1425.74,502.73,46.97,91.02,1,1,0.80356
146,21,1298.31,460.03,54.79,81.74,1,1,0.72194
146,11,1532.62,538.84,55.97,77.96,1,1,0.83663
147,0,1068.17,805.51,56.96,92.06,1,1,0.83615
147,1,1274.59,146.78,58.4,79.5,1,1,0.87404
147,2,1308.39,669.8,55.28,109.95,1,1,0.85662
147,3,1357.23,651.07,54.58,99.8,1,1,0.84286
147,4,1314.31,538.1,65.96,88.53,1,1,0.8037
147,5,592.87,773.11,53.93,106.8,1,1,0.81921
147,6,1140.46,411.67,45.33,88.3,1,1,0.82893
147,7,1370.14,318.12,42.27,95.38,1,1,0.80143
147,8,1062.8,279.73,47.09,91.29,1,1,0.83656
147,9,1081.37,612.75,64.02,98.43,1,1,0.8714
147,10,702.74,409.28,46.22,91.99,1,1,0.84516
147,12,1383.25,550.16,54.84,96.53,1,1,0.80685
147,13,1566.98,548.39,68.05,103.78,1,1,0.82368
147,14,920.8,137.13,52.84,75.93,1,1,0.86857
147,15,1157.65,518.35,55.09,81.87,1,1,0.81022
147,17,1357.56,502.15,48.02,49.6,1,1,0.72694
147,18,1355.08,455.48,45.93,66.68,1,1,0.74246
147,19,1297.01,502.0,59.86,77.86,1,1,0.80867
147,20,1426.29,499.13,44.81,90.67,1,1,0.7981
147,21,1296.36,460.09,55.66,83.88,1,1,0.76165
147,11,1529.88,543.12,56.55,75.13,1,1,0.84133
148,0,1055.55,803.73,66.48,95.58,1,1,0.84085
148,1,1265.59,145.24,64.45,80.75,1,1,0.87511
148,2,1309.43,670.65,54.84,112.83,1,1,0.85112
148,3,1358.27,651.35,55.02,99.57,1,1,0.84538
148,4,1319.12,536.64,65.41,87.97,1,1,0.79504
148,5,586.96,772.77,54.61,112.75,1,1,0.81873
148,6,1141.37,411.46,46.88,85.99,1,1,0.82964
148,7,1365.45,314.4,43.96,96.01,1,1,0.78821
148,8,1062.55,276.47,48.2,94.85,1,1,0.83924
148,9,1080.95,614.21,70.09,99.45,1,1,0.8689
148,10,700.82,407.74,46.57,92.21,1,1,0.84168
148,12,1384.51,548.19,60.9,97.78,1,1,0.82385
148,13,1567.02,546.77,66.62,102.97,1,1,0.8244
148,14,916.76,136.77,49.45,76.24,1,1,0.85313
148,15,1163.27,517.47,52.27,82.3,1,1,0.78575
148,17,1356.9,501.09,47.79,48.78,1,1,0.75704
148,18,1354.03,454.5,46.43,66.28,1,1,0.74573
148,19,1294.9,502.11,61.2,81.69,1,1,0.81047
148,20,1427.47,495.72,42.94,91.95,1,1,0.8045
148,21,1296.64,460.22,54.51,84.3,1,1,0.74067
148,11,1527.44,546.13,52.46,72.35,1,1,0.8392
149,0,1045.24,801.34,68.48,95.29,1,1,0.84201
149,1,1256.83,143.65,67.92,79.88,1,1,0.87409
149,2,1310.4,672.24,55.62,117.09,1,1,0.8482
149,3,1360.98,651.84,54.22,100.35,1,1,0.84439
149,4,1323.79,536.54,63.57,86.75,1,1,0.83432
149,5,581.27,772.6,54.87,117.79,1,1,0.84082
149,6,1141.51,410.29,49.77,84.98,1,1,0.83678
149,7,1360.47,312.26,47.03,93.92,1,1,0.79428
149,8,1062.65,274.52,48.2,95.97,1,1,0.83952
149,9,1082.56,615.06,73.0,100.86,1,1,0.86391
149,10,697.45,406.52,48.92,92.4,1,1,0.83745
149,12,1385.03,546.18,64.98,98.64,1,1,0.8408
149,13,1570.06,544.14,62.59,101.68,1,1,0.79185
149,14,911.79,136.76,46.46,75.42,1,1,0.84649
149,15,1169.48,517.65,47.77,81.18,1,1,0.79468
149,17,1356.19,500.12,47.05,48.44,1,1,0.77188
149,18,1352.57,454.56,47.93,65.96,1,1,0.71715
149,19,1294.3,501.93,62.0,88.01,1,1,0.81881
149,20,1429.94,493.5,40.97,92.43,1,1,0.78747
149,21,1296.71,460.06,53.47,84.68,1,1,0.74845
149,11,1525.23,550.4,47.14,68.8,1,1,0.82121
150,0,1032.5,798.63,72.65,95.19,1,1,0.85213
150,1,1249.89,143.12,65.24,79.43,1,1,0.87353
150,2,1310.76,674.5,56.46,120.77,1,1,0.84579
150,3,1362.47,652.66,55.25,102.18,1,1,0.85161
150,4,1324.51,539.7,64.15,83.79,1,1,0.83443
150,5,576.98,771.93,53.93,119.84,1,1,0.8453
150,6,1141.0,409.56,53.38,85.01,1,1,0.84674
150,7,1357.23,309.35,47.45,87.54,1,1,0.78379
150,8,1063.01,272.84,47.45,96.02,1,1,0.83645
150,9,1086.0,614.66,73.02,102.41,1,1,0.86817
150,10,694.57,404.37,48.53,92.34,1,1,0.84561
150,12,1385.5,545.19,67.02,98.77,1,1,0.85008
150,13,1574.62,544.01,58.26,98.93,1,1,0.78425
150,14,906.97,136.9,44.96,74.09,1,1,0.8483
150,15,1171.08,517.11,47.9,81.28,1,1,0.79684
150,17,1356.0,500.33,46.47,47.47,1,1,0.76451
150,18,1352.65,456.94,48.85,65.77,1,1,0.72132
150,19,1296.92,502.84,59.48,89.4,1,1,0.80951
150,20,1431.83,492.37,40.82,92.14,1,1,0.80207
150,21,1295.4,458.75,54.32,86.77,1,1,0.76854
150,11,1523.5,553.71,42.55,70.62,1,1,0.80367
151,0,1021.0,796.28,80.0,97.48,1,1,0.86181
151,1,1243.27,142.8,59.66,79.22,1,1,0.86283
151,2,1311.04,677.25,55.66,122.84,1,1,0.83622
151,3,1363.23,653.99,58.05,106.65,1,1,0.85005
151,4,1326.11,538.98,66.36,85.0,1,1,0.82385
151,5,571.72,771.38,54.86,122.42,1,1,0.84505
151,6,1140.3,408.05,57.35,85.97,1,1,0.85281
151,7,1353.81,305.39,51.39,85.55,1,1,0.74763
151,8,1063.06,270.86,46.3,94.97,1,1,0.83089
151,9,1093.79,614.35,68.54,103.11,1,1,0.85594
151,10,690.32,403.43,47.5,92.21,1,1,0.84321
151,12,1386.65,543.25,67.76,99.75,1,1,0.85732
151,13,1572.99,543.96,62.63,100.26,1,1,0.7726
151,14,902.45,136.93,44.63,73.38,1,1,0.84715
151,15,1172.06,516.73,48.98,84.19,1,1,0.83148
151,17,1356.69,500.17,47.1,48.5,1,1,0.71293
151,18,1352.03,457.77,51.62,70.47,1,1,0.70422
151,19,1297.37,504.35,59.21,90.38,1,1,0.82112
151,20,1431.98,489.42,42.12,92.13,1,1,0.81818
151,21,1291.68,456.78,57.98,90.05,1,1,0.75859
151,11,1519.93,556.67,41.1,76.05,1,1,0.77378
152,0,1010.9,794.16,80.15,98.95,1,1,0.86913
152,1,1236.19,142.59,52.04,78.63,1,1,0.85163
152,2,1311.94,681.26,55.56,121.49,1,1,0.82998
152,3,1365.57,656.4,58.91,109.96,1,1,0.85595
152,4,1331.04,536.71,65.2,86.15,1,1,0.80345
152,5,563.58,770.65,58.37,123.91,1,1,0.83732
152,6,1141.22,405.88,59.88,87.81,1,1,0.85358
152,7,1350.45,300.84,54.02,87.76,1,1,0.71276
152,8,1063.54,268.95,45.76,91.69,1,1,0.83294
152,9,1105.68,613.89,60.95,103.58,1,1,0.84546
152,10,685.74,401.61,47.98,93.08,1,1,0.84504
152,12,1389.29,540.75,66.63,100.62,1,1,0.85211
152,13,1570.69,544.72,69.8,99.86,1,1,0.82355
152,14,897.52,136.78,44.6,72.13,1,1,0.85086
152,15,1176.55,516.76,47.77,86.31,1,1,0.83159
152,17,1357.61,500.38,46.37,47.66,1,1,0.67483
152,18,1351.92,457.63,50.9,69.13,1,1,0.71415
152,19,1299.07,505.14,58.47,88.6,1,1,0.81446
152,20,1432.42,486.52,43.83,92.39,1,1,0.82134
152,21,1291.56,455.22,58.23,90.57,1,1,0.78715
152,11,1516.4,560.41,39.61,76.09,1,1,0.75546
153,0,1002.07,793.17,71.67,99.14,1,1,0.85327
153,1,1226.32,142.61,50.19,78.63,1,1,0.8548
153,2,1312.19,684.9,57.57,119.36,1,1,0.82846
153,3,1368.31,659.3,58.76,114.04,1,1,0.85881
153,4,1334.47,535.95,65.11,87.4,1,1,0.81756
153,5,554.87,769.75,64.52,122.19,1,1,0.82543
153,6,1143.69,403.82,60.06,89.47,1,1,0.84464
153,8,1064.41,266.89,45.24,87.99,1,1,0.83292
153,9,1116.78,614.05,53.33,102.62,1,1,0.84458
153,10,680.65,400.55,46.14,92.75,1,1,0.83517
153,12,1391.97,538.82,64.01,99.89,1,1,0.84592
153,13,1577.26,542.02,67.97,99.54,1,1,0.81806
153,14,892.46,136.65,45.18,71.34,1,1,0.85102
153,15,1180.66,518.24,46.81,90.88,1,1,0.82108
153,17,1359.81,500.5,40.76,46.8,1,1,0.69823
153,18,1352.22,457.39,49.87,66.09,1,1,0.70761
153,19,1300.42,505.31,57.82,87.06,1,1,0.81333
153,20,1433.68,483.75,43.87,89.86,1,1,0.82828
153,21,1293.59,452.33,56.08,92.54,1,1,0.78835
153,11,1511.04,564.29,39.79,75.42,1,1,0.77633
154,0,989.02,791.6,68.33,100.32,1,1,0.86142
154,1,1216.19,142.25,54.86,78.87,1,1,0.8654
154,2,1312.68,687.16,58.67,117.4,1,1,0.84761
154,3,1371.61,662.37,58.58,117.31,1,1,0.86855
154,4,1340.04,532.96,62.41,87.73,1,1,0.8147
154,5,547.65,768.29,70.57,122.07,1,1,0.82849
154,6,1148.94,401.67,57.85,87.88,1,1,0.84015
154,8,1064.98,264.97,45.93,85.23,1,1,0.83653
154,9,1125.78,614.55,48.37,100.9,1,1,0.84572
154,10,676.18,398.55,47.87,93.25,1,1,0.84557
154,12,1394.39,537.03,61.71,99.83,1,1,0.84025
154,13,1582.47,541.27,67.16,100.13,1,1,0.86265
154,14,887.26,136.76,46.65,70.73,1,1,0.85348
154,15,1183.42,520.71,48.59,95.82,1,1,0.82236
154,17,1361.41,500.58,38.22,44.77,1,1,0.68736
154,18,1352.81,457.03,48.63,61.9,1,1,0.71911
154,19,1303.15,505.33,56.86,82.89,1,1,0.8089
154,20,1434.92,481.65,44.66,85.98,1,1,0.83414
154,21,1294.43,450.67,55.48,93.18,1,1,0.79608
154,11,1503.73,565.69,42.98,78.18,1,1,0.81642
155,0,974.19,790.42,73.85,101.18,1,1,0.87462
155,1,1204.74,141.18,61.86,78.77,1,1,0.86696
155,2,1312.63,688.83,58.66,115.93,1,1,0.84879
155,3,1373.74,666.53,59.48,118.77,1,1,0.86583
155,4,1347.45,531.67,56.5,86.47,1,1,0.79638
155,5,540.74,767.04,74.52,119.52,1,1,0.81221
155,6,1154.22,400.12,55.16,87.27,1,1,0.84331
155,8,1064.73,262.9,47.85,84.24,1,1,0.83868
155,9,1132.02,616.01,45.66,98.59,1,1,0.8463
155,10,669.89,397.39,51.92,92.94,1,1,0.84818
155,12,1396.35,535.46,60.29,100.17,1,1,0.84578
155,13,1590.3,540.98,64.42,101.11,1,1,0.85719
155,14,882.38,136.48,49.04,71.08,1,1,0.85563
155,15,1186.93,522.9,50.25,97.47,1,1,0.83382
155,17,1362.46,501.01,38.71,40.91,1,1,0.70445
155,18,1353.28,457.5,48.36,57.74,1,1,0.71903
155,19,1301.51,506.54,60.26,83.56,1,1,0.81525
155,20,1436.29,480.49,46.62,85.74,1,1,0.83716
155,21,1293.33,448.82,56.36,93.68,1,1,0.79363
155,11,1498.98,566.3,43.87,79.53,1,1,0.82523
155,7,1344.61,286.79,48.82,95.72,1,1,0.71136
156,0,961.62,787.54,80.95,103.38,1,1,0.88847
156,1,1193.8,140.0,68.35,80.18,1,1,0.87807
156,2,1312.24,689.62,60.54,115.37,1,1,0.85302
156,3,1374.06,670.91,62.16,119.97,1,1,0.87234
156,4,1354.83,533.01,55.08,81.94,1,1,0.73685
156,5,535.11,766.55,69.33,106.65,1,1,0.81895
156,6,1158.78,398.98,54.11,86.98,1,1,0.84449
156,8,1064.72,260.64,49.91,84.88,1,1,0.84873
156,9,1136.69,617.49,45.73,97.02,1,1,0.85093
156,10,664.43,396.09,53.58,92.09,1,1,0.85312
156,12,1396.49,533.45,60.42,98.7,1,1,0.85203
156,13,1598.57,540.65,61.96,101.57,1,1,0.85963
156,14,877.87,136.75,52.06,71.23,1,1,0.86139
156,15,1191.45,524.42,50.45,99.32,1,1,0.8449
156,17,1362.77,499.79,38.28,41.53,1,1,0.69798
156,18,1351.94,455.67,49.27,57.42,1,1,0.71491
156,19,1299.17,509.49,63.54,85.33,1,1,0.84284
156,20,1437.15,478.35,47.36,80.81,1,1,0.82807
156,21,1287.86,447.18,61.92,92.6,1,1,0.81663
156,11,1495.86,566.97,43.07,79.26,1,1,0.83688
156,7,1344.31,283.52,48.45,93.46,1,1,0.75016
157,0,950.33,784.03,83.82,101.31,1,1,0.87889
157,1,1185.13,139.93,68.39,79.24,1,1,0.86912
157,2,1311.68,689.32,61.73,115.73,1,1,0.84759
157,3,1373.73,675.04,63.82,117.49,1,1,0.87159
157,4,1361.51,534.94,51.87,81.64,1,1,0.77667
157,5,531.56,765.59,64.42,102.98,1,1,0.83162
157,6,1162.39,397.66,54.58,87.44,1,1,0.84072
157,8,1064.31,257.02,52.42,86.84,1,1,0.85248
157,9,1140.57,617.93,48.61,96.76,1,1,0.8562
157,10,658.33,395.02,50.63,90.62,1,1,0.84857
157,12,1398.88,532.93,59.74,96.06,1,1,0.8508
157,13,1607.92,539.53,58.39,102.94,1,1,0.85469
157,14,874.19,135.92,54.48,72.28,1,1,0.86176
157,15,1194.87,525.89,48.73,99.07,1,1,0.8384
157,17,1363.36,499.15,38.84,46.8,1,1,0.67311
157,18,1349.96,451.25,49.61,58.3,1,1,0.74133
157,19,1301.4,512.13,62.68,84.54,1,1,0.82643
157,20,1438.43,475.39,51.63,81.82,1,1,0.83905
157,21,1283.85,445.29,64.93,91.02,1,1,0.82393
157,11,1493.31,569.8,42.59,76.9,1,1,0.83457
157,7,1342.15,279.55,49.0,91.91,1,1,0.78591
158,0,939.78,781.3,82.55,98.98,1,1,0.87148
158,1,1178.66,141.01,62.76,77.44,1,1,0.86251
158,2,1310.79,688.85,63.88,116.16,1,1,0.84412
158,3,1373.95,678.14,64.2,115.37,1,1,0.86956
158,4,1361.78,534.5,53.2,82.3,1,1,0.81556
158,5,527.0,765.22,62.61,99.99,1,1,0.85086
158,6,1166.2,396.2,55.04,88.41,1,1,0.82786
158,8,1065.66,253.6,54.02,86.66,1,1,0.84185
158,9,1144.26,618.33,52.25,97.98,1,1,0.86002
158,10,652.74,394.51,47.13,90.1,1,1,0.84754
158,12,1402.1,532.4,59.18,97.51,1,1,0.84207
158,13,1613.64,537.57,58.96,104.63,1,1,0.85109
158,14,870.45,135.26,55.02,72.81,1,1,0.86133
158,15,1197.46,527.09,47.62,98.25,1,1,0.84304
158,17,1364.28,499.71,37.74,47.72,1,1,0.70643
158,18,1348.02,450.35,49.92,59.95,1,1,0.74294
158,19,1302.43,513.23,64.45,84.59,1,1,0.82941
158,20,1439.21,472.39,55.54,82.71,1,1,0.83895
158,21,1281.0,443.35,67.57,90.0,1,1,0.83522
158,11,1491.56,574.92,41.76,71.41,1,1,0.82811
158,7,1341.08,276.36,49.91,87.55,1,1,0.80065
158,24,1295.99,403.36,43.15,59.48,1,1,0.69369
159,0,929.34,777.92,71.97,101.66,1,1,0.84737
159,1,1172.42,140.9,53.27,77.01,1,1,0.85353
159,2,1308.8,687.81,65.47,116.26,1,1,0.84192
159,3,1374.83,680.23,64.63,113.4,1,1,0.87098
159,4,1360.65,533.93,56.88,81.99,1,1,0.82678
159,5,521.54,764.17,60.92,98.58,1,1,0.85468
159,6,1167.29,393.65,57.95,89.65,1,1,0.81311
159,8,1067.39,250.22,55.4,87.51,1,1,0.84446
159,9,1148.47,618.89,53.93,98.72,1,1,0.85771
159,10,645.9,393.58,45.49,90.45,1,1,0.84516
159,12,1405.92,532.82,59.49,97.79,1,1,0.82808
159,13,1617.27,535.04,60.09,103.08,1,1,0.85376
159,14,865.45,134.52,53.4,73.4,1,1,0.85699
159,15,1199.79,528.44,46.03,97.06,1,1,0.83263
159,17,1363.87,499.18,36.2,49.49,1,1,0.71457
159,18,1348.66,452.05,49.62,58.78,1,1,0.74874
159,19,1305.04,512.92,64.75,85.11,1,1,0.83616
159,20,1440.75,469.08,55.01,83.98,1,1,0.82176
159,21,1279.89,441.09,68.07,89.58,1,1,0.82955
159,11,1486.65,582.3,43.53,65.58,1,1,0.82713
159,7,1338.67,273.65,51.23,84.71,1,1,0.79557
160,0,918.05,775.53,63.27,105.06,1,1,0.85471
160,1,1162.67,139.64,45.9,78.37,1,1,0.84449
160,2,1304.26,686.44,67.92,117.03,1,1,0.85432
160,3,1376.74,680.78,63.73,112.95,1,1,0.87463
160,4,1361.15,531.6,60.85,83.45,1,1,0.83147
160,5,514.6,762.57,60.2,98.46,1,1,0.83961
160,6,1170.56,392.05,58.11,89.96,1,1,0.80858
160,8,1068.97,247.35,56.31,86.45,1,1,0.84229
160,9,1150.76,619.86,53.76,97.92,1,1,0.85739
160,10,639.82,392.93,46.24,91.22,1,1,0.84512
160,12,1409.34,533.61,59.47,97.5,1,1,0.81527
160,13,1617.09,533.14,63.65,102.22,1,1,0.8686
160,14,859.61,134.61,50.9,72.41,1,1,0.85341
160,15,1202.07,528.82,44.49,96.62,1,1,0.82934
160,17,1365.16,500.17,35.71,49.81,1,1,0.72018
160,18,1348.11,453.39,49.29,59.71,1,1,0.76335
160,19,1314.25,513.64,58.08,80.73,1,1,0.8094
160,20,1441.57,466.43,54.65,85.58,1,1,0.79936
160,21,1279.31,438.67,67.66,90.91,1,1,0.82985
160,11,1479.73,587.37,47.44,68.88,1,1,0.83743
160,7,1335.24,270.79,52.56,84.19,1,1,0.78053
160,24,1295.97,404.16,42.52,60.55,1,1,0.64886
161,0,905.19,774.3,58.04,107.46,1,1,0.86596
161,1,1151.3,137.85,47.87,80.23,1,1,0.85419
161,2,1297.98,685.19,70.79,117.34,1,1,0.86404
161,3,1378.67,681.35,62.55,112.3,1,1,0.87688
161,4,1363.23,529.02,63.08,85.89,1,1,0.81155
161,5,507.5,760.84,59.52,97.81,1,1,0.83431
161,6,1175.41,391.01,58.62,87.26,1,1,0.82767
161,8,1075.03,245.4,52.44,83.94,1,1,0.83084
161,9,1152.27,620.84,53.3,96.96,1,1,0.85179
161,10,633.91,391.32,48.72,93.69,1,1,0.84237
161,12,1411.84,534.25,62.2,95.78,1,1,0.81152
161,13,1620.77,531.36,64.18,100.3,1,1,0.86141
161,14,853.05,134.58,49.65,71.91,1,1,0.84945
161,15,1205.92,542.59,40.39,83.94,1,1,0.71188
161,17,1365.92,501.06,34.93,47.49,1,1,0.72502
161,18,1346.03,453.7,48.46,59.12,1,1,0.77042
161,19,1316.08,514.51,58.66,80.02,1,1,0.80378
161,20,1442.75,463.77,56.09,87.42,1,1,0.83583
161,21,1284.04,436.36,63.04,90.12,1,1,0.7901
161,11,1474.53,590.8,50.16,74.26,1,1,0.85653
161,7,1332.29,267.25,53.43,85.12,1,1,0.75487
162,0,891.12,774.02,64.02,109.09,1,1,0.87815
162,1,1139.85,136.23,54.25,81.02,1,1,0.8677
162,2,1291.57,682.63,75.42,117.75,1,1,0.87079
162,3,1381.43,680.73,60.71,112.51,1,1,0.87431
162,4,1369.18,528.35,62.19,86.59,1,1,0.79906
162,5,501.98,759.48,58.92,94.68,1,1,0.82808
162,6,1181.11,390.21,57.57,85.93,1,1,0.82941
162,8,1079.08,243.63,51.85,83.23,1,1,0.83644
162,9,1153.24,620.33,53.24,97.64,1,1,0.85561
162,10,628.42,388.9,52.41,95.64,1,1,0.84611
162,12,1415.57,535.12,62.11,94.78,1,1,0.79591
162,13,1628.56,529.13,62.43,99.92,1,1,0.86689
162,14,848.09,134.37,48.99,70.57,1,1,0.84738
162,15,1206.74,532.69,40.86,92.15,1,1,0.82466
162,17,1366.64,501.09,34.48,49.9,1,1,0.67267
162,18,1344.47,453.45,47.37,59.92,1,1,0.76919
162,19,1323.02,514.88,53.45,79.02,1,1,0.77434
162,20,1444.05,461.88,57.66,88.15,1,1,0.83211
162,21,1286.51,434.05,61.78,90.45,1,1,0.79406
162,11,1471.45,594.64,51.65,77.18,1,1,0.85235
163,0,875.76,773.99,73.21,107.38,1,1,0.88218
163,1,1129.24,134.4,60.34,81.84,1,1,0.87312
163,2,1288.44,680.86,76.99,115.62,1,1,0.86907
163,3,1384.98,679.75,57.94,113.02,1,1,0.86931
163,4,1375.67,526.7,59.75,88.01,1,1,0.79618
163,5,496.64,758.27,56.66,92.48,1,1,0.81197
163,6,1186.04,389.09,56.47,85.82,1,1,0.83376
163,8,1082.19,242.13,51.68,83.13,1,1,0.8389
163,9,1153.22,619.16,54.61,98.7,1,1,0.85788
163,10,623.36,387.05,53.6,95.04,1,1,0.8477
163,12,1420.39,534.46,58.61,95.48,1,1,0.79276
163,13,1637.81,527.64,59.56,99.65,1,1,0.86716
163,14,842.43,134.41,49.81,68.64,1,1,0.8493
163,15,1207.12,528.88,41.07,95.73,1,1,0.83085
163,17,1368.52,503.07,35.99,46.5,1,1,0.64473
163,18,1343.8,453.84,44.46,61.14,1,1,0.76755
163,19,1324.14,515.72,53.65,87.25,1,1,0.81999
163,20,1446.53,459.45,53.5,87.2,1,1,0.8212
163,21,1285.54,432.79,64.03,90.14,1,1,0.79873
163,11,1469.52,598.86,53.15,77.28,1,1,0.84923
164,0,857.18,774.67,85.05,104.66,1,1,0.88149
164,1,1119.32,133.11,62.47,79.49,1,1,0.87076
164,2,1287.65,679.7,76.89,112.63,1,1,0.87579
164,3,1386.57,678.38,57.21,113.88,1,1,0.86813
164,4,1382.87,523.83,56.51,91.87,1,1,0.80558
164,5,489.38,757.25,54.39,97.68,1,1,0.83888
164,6,1192.1,388.03,52.06,85.56,1,1,0.83003
164,8,1084.71,240.48,51.9,83.85,1,1,0.83955
164,9,1152.24,617.63,56.25,99.9,1,1,0.86304
164,10,618.47,385.78,50.84,94.33,1,1,0.84108
164,12,1424.61,534.68,54.13,96.87,1,1,0.80155
164,13,1642.12,526.73,61.67,99.42,1,1,0.87037
164,14,836.99,134.79,50.39,67.59,1,1,0.85181
164,15,1206.78,526.99,42.21,97.3,1,1,0.83567
164,18,1343.0,453.65,43.42,64.47,1,1,0.77444
164,19,1330.57,516.48,50.59,92.52,1,1,0.83695
164,20,1447.88,457.35,49.77,84.97,1,1,0.82209
164,21,1285.78,431.68,63.99,90.4,1,1,0.80374
164,11,1468.76,604.06,53.13,73.37,1,1,0.83254
165,0,839.59,774.25,87.79,105.91,1,1,0.87434
165,1,1110.46,131.68,54.86,79.22,1,1,0.84333
165,2,1288.1,679.2,76.35,108.27,1,1,0.87079
165,3,1387.45,676.37,56.82,115.41,1,1,0.8664
165,4,1386.62,523.56,56.28,93.01,1,1,0.80579
165,5,481.1,755.98,54.38,101.54,1,1,0.84659
165,6,1198.01,386.5,46.82,85.77,1,1,0.81253
165,8,1087.27,237.84,52.02,85.59,1,1,0.83356
165,9,1151.44,614.92,57.25,101.24,1,1,0.86438
165,10,613.05,385.62,46.9,93.33,1,1,0.83819
165,12,1428.16,535.03,50.19,96.33,1,1,0.79378
165,13,1643.87,525.04,65.63,100.35,1,1,0.87281
165,14,829.99,134.77,54.05,67.35,1,1,0.85438
165,15,1206.5,524.52,42.03,98.92,1,1,0.83067
165,18,1342.06,452.38,42.88,68.89,1,1,0.76974
165,19,1335.26,517.66,49.89,94.35,1,1,0.82496
165,20,1448.69,455.16,48.25,84.64,1,1,0.81168
165,21,1286.98,429.46,62.54,90.64,1,1,0.79467
165,11,1467.43,608.49,53.73,69.45,1,1,0.82602
166,0,830.42,774.85,84.87,106.51,1,1,0.85896
166,1,1102.94,131.8,50.59,79.08,1,1,0.85443
166,2,1288.08,680.42,75.95,103.69,1,1,0.86718
166,3,1388.81,674.37,56.03,117.32,1,1,0.86314
166,4,1390.28,524.01,55.08,92.98,1,1,0.81083
166,5,469.53,756.06,58.32,101.62,1,1,0.84809
166,6,1203.3,384.79,43.36,87.59,1,1,0.80791
166,8,1090.33,234.96,52.76,87.23,1,1,0.83368
166,9,1150.56,613.21,57.69,100.9,1,1,0.86477
166,10,607.85,384.43,43.22,93.15,1,1,0.83145
166,12,1431.26,535.41,46.44,95.23,1,1,0.79594
166,13,1645.53,523.54,68.95,100.16,1,1,0.87027
166,14,823.55,134.17,58.74,67.75,1,1,0.85674
166,15,1206.24,521.36,41.36,101.0,1,1,0.81313
166,18,1339.72,450.41,43.08,73.26,1,1,0.75828
166,19,1338.39,517.95,48.82,95.27,1,1,0.81128
166,20,1448.73,452.97,47.68,84.82,1,1,0.81079
166,21,1292.78,427.11,56.49,91.88,1,1,0.79614
166,11,1467.2,612.75,53.3,65.32,1,1,0.81437
166,7,1323.22,245.94,48.12,86.77,1,1,0.68647
167,0,821.65,773.64,75.22,107.08,1,1,0.85736
167,1,1092.54,132.22,45.85,78.63,1,1,0.85044
167,2,1287.48,681.64,75.44,101.68,1,1,0.86948
167,3,1390.0,671.32,55.47,119.52,1,1,0.85956
167,4,1394.04,523.65,54.9,95.96,1,1,0.78368
167,5,458.79,754.51,62.74,101.22,1,1,0.85185
167,6,1206.01,382.77,42.03,90.03,1,1,0.79913
167,8,1093.48,232.56,51.71,86.9,1,1,0.83569
167,9,1149.59,610.94,57.77,100.23,1,1,0.86147
167,10,601.85,383.04,42.94,91.37,1,1,0.84284
167,12,1432.42,533.22,44.47,94.58,1,1,0.78652
167,13,1648.08,521.02,71.61,99.77,1,1,0.87007
167,14,817.57,134.18,63.56,68.22,1,1,0.86503
167,15,1205.98,517.89,40.35,101.96,1,1,0.80061
167,18,1337.21,447.23,44.64,79.33,1,1,0.74929
167,19,1341.47,517.58,50.29,96.68,1,1,0.81046
167,20,1448.81,450.9,46.47,84.26,1,1,0.80108
167,21,1294.47,424.4,53.06,92.68,1,1,0.74657
167,11,1466.12,616.58,54.17,64.58,1,1,0.80847
167,7,1322.21,242.63,47.41,84.8,1,1,0.79193
168,0,810.45,770.66,64.88,109.56,1,1,0.84121
168,1,1081.74,133.96,49.32,77.49,1,1,0.85832
168,2,1287.34,681.99,73.77,102.05,1,1,0.86634
168,3,1391.95,667.76,55.61,121.66,1,1,0.85958
168,4,1394.93,523.14,56.51,94.4,1,1,0.80862
168,5,448.54,752.72,67.52,102.2,1,1,0.85491
168,6,1206.6,379.97,42.33,92.01,1,1,0.78794
168,8,1096.45,229.49,51.25,85.69,1,1,0.84355
168,9,1149.02,609.11,57.29,99.15,1,1,0.85768
168,10,594.86,381.3,46.78,90.78,1,1,0.84416
168,12,1435.93,532.97,42.28,94.45,1,1,0.79693
168,13,1653.16,519.71,71.03,98.0,1,1,0.86705
168,14,812.51,133.96,67.06,69.76,1,1,0.86509
168,15,1205.05,513.99,40.23,103.91,1,1,0.80294
168,18,1336.53,445.91,46.05,84.78,1,1,0.76377
168,19,1336.49,516.71,58.63,95.73,1,1,0.74867
168,20,1447.87,449.28,47.6,82.98,1,1,0.80023
168,21,1297.97,421.1,52.23,91.6,1,1,0.76226
168,11,1465.84,620.38,53.87,73.15,1,1,0.81518
168,7,1320.82,240.06,47.53,80.35,1,1,0.79619
169,0,801.42,766.6,57.21,113.33,1,1,0.84978
169,1,1068.19,136.61,58.02,75.5,1,1,0.86657
169,2,1288.85,681.96,69.53,102.49,1,1,0.86448
169,3,1393.27,664.42,55.98,122.8,1,1,0.84727
169,4,1394.56,524.76,57.7,92.15,1,1,0.79605
169,5,439.0,751.03,71.34,105.57,1,1,0.85816
169,6,1207.83,378.18,42.63,92.66,1,1,0.78054
169,8,1100.18,227.29,49.02,83.35,1,1,0.85036
169,9,1147.92,608.66,57.71,98.0,1,1,0.85529
169,10,586.94,380.74,49.66,90.03,1,1,0.84371
169,12,1438.61,532.44,40.9,92.8,1,1,0.80547
169,13,1661.02,518.3,66.9,97.88,1,1,0.85909
169,14,808.46,134.9,65.41,69.67,1,1,0.86138
169,15,1204.7,510.25,39.58,100.33,1,1,0.78043
169,18,1335.4,445.5,46.55,86.22,1,1,0.75732
169,19,1335.52,537.45,60.31,77.11,1,1,0.64178
169,20,1448.0,448.15,47.64,81.98,1,1,0.79113
169,21,1298.11,424.03,47.51,82.71,1,1,0.70327
169,11,1467.96,624.12,49.65,78.53,1,1,0.79219
169,7,1320.3,238.01,45.88,79.24,1,1,0.80406
170,0,792.57,760.61,57.15,117.1,1,1,0.85809
170,1,1049.61,139.42,70.83,72.54,1,1,0.87393
170,2,1289.74,680.55,66.07,103.16,1,1,0.86483
170,3,1391.7,661.78,58.05,122.76,1,1,0.86035
170,4,1395.32,525.5,58.44,91.59,1,1,0.82089
170,5,432.86,750.86,72.16,106.93,1,1,0.86549
170,6,1209.22,376.68,44.99,93.44,1,1,0.78633
170,8,1105.87,225.98,46.36,80.5,1,1,0.85266
170,9,1146.41,607.36,58.59,99.53,1,1,0.86396
170,10,581.45,380.03,49.44,90.49,1,1,0.85317
170,12,1441.34,532.29,41.1,93.1,1,1,0.82776
170,13,1669.37,516.17,61.92,98.92,1,1,0.85534
170,14,806.54,136.51,59.15,67.31,1,1,0.85155
170,15,1203.53,504.32,38.17,97.79,1,1,0.75889
170,18,1334.06,444.9,46.82,88.44,1,1,0.78487
170,19,1339.37,528.27,59.41,85.95,1,1,0.82696
170,20,1447.62,447.3,48.89,80.92,1,1,0.7937
170,21,1296.66,424.7,47.65,78.32,1,1,0.73521
170,11,1470.32,629.18,46.25,78.18,1,1,0.80467
170,7,1319.66,236.47,44.41,80.16,1,1,0.81524
171,0,780.47,754.57,63.08,117.47,1,1,0.85841
171,1,1033.17,142.42,76.87,70.33,1,1,0.86859
171,2,1288.79,678.77,64.82,103.91,1,1,0.859
171,3,1392.32,659.59,57.97,120.31,1,1,0.84495
171,4,1396.42,526.46,59.14,88.84,1,1,0.82024
171,5,430.54,750.39,69.39,107.4,1,1,0.86511
171,6,1210.65,374.56,47.24,93.67,1,1,0.79627
171,8,1111.06,225.18,43.4,77.75,1,1,0.83644
171,9,1145.17,607.0,59.61,100.55,1,1,0.86302
171,10,576.87,379.57,44.77,89.65,1,1,0.85327
171,12,1444.56,533.23,42.4,93.78,1,1,0.83362
171,13,1677.42,513.48,57.15,99.67,1,1,0.84872
171,14,802.57,138.43,53.99,65.7,1,1,0.84487
171,15,1201.91,501.13,39.73,100.12,1,1,0.81113
171,18,1329.03,443.4,52.17,88.96,1,1,0.79972
171,19,1341.16,526.98,61.56,88.09,1,1,0.8359
171,20,1446.98,446.63,49.23,75.98,1,1,0.78489
171,21,1296.37,428.84,46.06,69.33,1,1,0.67054
171,11,1469.88,631.84,45.42,79.15,1,1,0.81486
171,7,1318.33,234.88,41.71,80.62,1,1,0.78556
172,0,766.15,747.86,69.87,113.37,1,1,0.85474
172,1,1022.97,145.73,72.4,68.55,1,1,0.86861
172,2,1287.74,676.87,63.79,104.12,1,1,0.86273
172,3,1390.8,657.82,58.33,115.7,1,1,0.86048
172,4,1400.94,527.0,56.58,84.26,1,1,0.80645
172,5,429.28,748.34,65.07,108.95,1,1,0.86306
172,6,1211.16,372.29,48.55,95.04,1,1,0.80733
172,8,1113.19,224.08,42.9,78.42,1,1,0.83742
172,9,1142.56,607.72,60.75,99.94,1,1,0.86224
172,10,571.72,379.8,41.86,88.17,1,1,0.85714
172,12,1446.35,532.71,45.97,95.3,1,1,0.81952
172,13,1682.45,510.37,54.82,101.45,1,1,0.84877
172,14,796.4,138.92,53.27,66.39,1,1,0.84955
172,15,1198.72,498.58,41.46,100.93,1,1,0.81562
172,18,1322.25,442.08,55.96,86.24,1,1,0.80738
172,19,1341.29,527.85,64.69,88.23,1,1,0.85445
172,20,1446.52,446.01,52.57,72.37,1,1,0.8136
172,11,1467.82,636.38,45.78,78.67,1,1,0.82202
172,7,1316.66,232.08,40.29,83.14,1,1,0.78871
172,26,1428.37,515.96,41.22,30.23,1,1,0.67513
173,0,756.43,742.29,70.65,110.05,1,1,0.86175
173,1,1019.0,148.37,59.27,67.7,1,1,0.86183
173,2,1286.46,676.76,63.08,103.0,1,1,0.86248
173,3,1388.73,656.65,59.31,111.01,1,1,0.86399
173,4,1404.71,528.12,54.26,82.43,1,1,0.79066
173,5,426.75,746.97,60.82,109.75,1,1,0.85863
173,6,1211.38,370.19,46.37,93.18,1,1,0.79105
173,8,1111.56,223.2,45.74,80.69,1,1,0.84332
173,9,1138.75,606.44,62.97,101.42,1,1,0.86862
173,10,564.17,379.96,42.51,88.57,1,1,0.85527
173,12,1448.07,530.93,52.57,95.72,1,1,0.82158
173,13,1683.53,507.86,56.21,103.25,1,1,0.85948
173,14,790.56,140.74,51.4,65.96,1,1,0.85624
173,15,1193.38,498.1,43.84,99.73,1,1,0.81912
173,18,1315.9,441.35,57.21,85.11,1,1,0.79633
173,19,1340.13,528.0,66.1,88.48,1,1,0.84484
173,20,1445.57,444.81,52.58,72.79,1,1,0.8118
173,11,1463.96,641.63,45.6,74.98,1,1,0.81759
173,7,1314.34,228.81,39.0,85.89,1,1,0.70888
173,26,1426.92,516.09,41.25,30.93,1,1,0.64884
173,17,1370.25,512.09,32.61,36.02,1,1,0.64034
174,0,749.41,737.96,61.85,110.36,1,1,0.85454
174,1,1015.88,151.53,47.63,66.5,1,1,0.84917
174,2,1284.37,676.28,64.21,100.97,1,1,0.85799
174,3,1386.33,655.95,60.45,106.86,1,1,0.86482
174,4,1399.73,525.93,50.53,83.9,1,1,0.6418
174,5,423.9,745.13,56.29,110.67,1,1,0.84787
174,6,1210.64,368.07,44.32,89.91,1,1,0.78208
174,8,1111.91,222.04,47.1,80.62,1,1,0.8263
174,9,1134.53,605.27,64.64,102.41,1,1,0.87122
174,10,557.09,378.98,44.37,90.2,1,1,0.85448
174,12,1447.31,530.01,52.82,96.93,1,1,0.77091
174,13,1686.36,505.79,56.68,102.41,1,1,0.85422
174,14,785.11,142.08,48.62,65.42,1,1,0.84322
174,15,1190.1,497.65,43.54,98.39,1,1,0.81643
174,18,1311.97,441.71,55.51,83.07,1,1,0.77036
174,19,1339.97,529.99,67.72,86.0,1,1,0.83521
174,20,1444.74,443.07,49.07,75.01,1,1,0.80897
174,11,1459.93,646.07,47.81,73.42,1,1,0.83056
174,27,1325.41,412.21,42.25,46.34,1,1,0.67429
174,17,1370.09,513.13,32.38,36.37,1,1,0.6616
175,0,742.27,734.39,51.01,112.2,1,1,0.85085
175,1,1010.99,154.99,41.05,63.54,1,1,0.84208
175,2,1281.99,675.97,66.3,98.0,1,1,0.85659
175,3,1384.48,655.46,60.66,104.47,1,1,0.85746
175,4,1398.56,523.0,47.82,84.82,1,1,0.64174
175,5,416.12,742.56,56.99,110.06,1,1,0.84822
175,6,1208.59,364.94,42.36,88.39,1,1,0.78259
175,8,1112.55,221.0,48.28,79.14,1,1,0.82084
175,9,1130.02,604.45,66.07,102.21,1,1,0.8709
175,10,551.04,377.66,47.22,91.75,1,1,0.85347
175,12,1447.7,530.66,58.8,96.57,1,1,0.78881
175,13,1689.74,503.87,56.49,99.15,1,1,0.84317
175,14,780.26,144.03,44.76,64.53,1,1,0.83929
175,15,1187.08,498.08,41.1,96.3,1,1,0.81645
175,18,1312.84,440.95,47.78,83.71,1,1,0.74175
175,19,1340.74,531.22,72.3,86.64,1,1,0.81822
175,20,1443.87,441.21,45.23,76.9,1,1,0.79982
175,11,1457.15,649.85,47.54,68.82,1,1,0.81601
175,27,1324.95,410.14,43.08,45.87,1,1,0.68225
176,0,734.33,731.25,46.18,114.4,1,1,0.8391
176,1,998.69,157.22,44.89,62.29,1,1,0.83784
176,2,1280.31,675.96,68.74,94.25,1,1,0.85921
176,3,1383.42,654.98,59.32,103.39,1,1,0.85143
176,5,408.53,738.59,58.32,109.68,1,1,0.84847
176,6,1206.23,361.88,41.96,87.56,1,1,0.79691
176,8,1114.46,220.67,47.98,73.78,1,1,0.82644
176,9,1125.48,602.85,66.6,102.03,1,1,0.86888
176,10,544.56,376.83,49.88,92.17,1,1,0.85973
176,12,1448.71,532.28,63.41,95.19,1,1,0.83323
176,13,1694.54,502.84,54.34,95.86,1,1,0.83719
176,14,777.46,146.57,40.62,63.76,1,1,0.83753
176,15,1184.22,498.51,39.58,94.97,1,1,0.81841
176,18,1308.22,440.22,45.35,82.06,1,1,0.74077
176,19,1342.75,534.15,72.23,88.35,1,1,0.81253
176,20,1442.51,439.41,42.66,77.69,1,1,0.80743
176,11,1454.49,653.62,45.11,71.37,1,1,0.79411
176,27,1325.59,409.23,44.65,49.43,1,1,0.66852
176,7,1305.78,223.32,38.25,86.58,1,1,0.70664
176,26,1427.88,511.8,37.06,37.35,1,1,0.64249
176,17,1372.9,513.49,34.28,34.67,1,1,0.64917
177,0,723.55,726.4,47.95,117.4,1,1,0.84014
177,1,986.49,158.83,49.08,62.07,1,1,0.84115
177,2,1280.16,675.8,69.95,89.87,1,1,0.85149
177,3,1382.72,654.67,57.5,103.27,1,1,0.83846
177,5,403.17,735.86,57.31,106.53,1,1,0.85041
177,6,1203.91,360.72,40.92,86.39,1,1,0.80262
177,8,1116.82,219.3,47.76,71.79,1,1,0.83534
177,9,1120.96,601.99,66.08,100.58,1,1,0.86218
177,10,538.96,376.43,49.81,93.5,1,1,0.86025
177,12,1449.9,532.87,64.14,93.95,1,1,0.82047
177,13,1701.58,502.51,48.34,92.81,1,1,0.82204
177,14,770.74,150.35,43.91,61.81,1,1,0.84962
177,15,1181.44,499.78,38.64,94.52,1,1,0.81865
177,18,1302.18,441.63,44.23,80.46,1,1,0.74908
177,19,1360.6,534.59,56.57,90.03,1,1,0.76834
177,20,1441.0,437.82,41.87,79.98,1,1,0.80414
177,11,1450.46,657.48,45.36,83.33,1,1,0.79853
177,27,1327.69,408.81,43.93,58.49,1,1,0.72037
177,7,1303.91,222.83,38.11,83.12,1,1,0.75926
177,17,1371.53,514.06,38.1,56.6,1,1,0.64851
177,4,1409.0,528.93,50.11,81.26,1,1,0.66906
178,0,712.14,722.05,52.31,118.52,1,1,0.84226
178,1,975.35,160.86,50.64,62.18,1,1,0.85019
178,2,1282.4,676.66,68.4,85.62,1,1,0.84559
178,3,1380.28,654.56,55.96,103.95,1,1,0.83916
178,5,400.21,733.71,56.0,102.63,1,1,0.85163
178,6,1202.15,360.39,39.62,86.06,1,1,0.81312
178,8,1121.74,218.28,44.91,72.46,1,1,0.83311
178,9,1116.1,601.71,63.94,99.52,1,1,0.85209
178,10,536.18,376.5,46.22,94.07,1,1,0.85959
178,12,1450.42,533.53,62.25,91.88,1,1,0.82794
178,13,1705.48,503.65,45.48,88.14,1,1,0.82213
178,14,761.41,155.03,49.39,58.73,1,1,0.85882
178,15,1177.72,500.87,38.81,94.53,1,1,0.81639
178,18,1297.39,443.47,44.7,81.77,1,1,0.78682
178,19,1370.31,534.83,49.67,89.65,1,1,0.7863
178,20,1440.14,436.38,41.22,81.09,1,1,0.81241
178,11,1447.08,662.52,48.03,89.53,1,1,0.84089
178,27,1325.71,408.77,46.23,67.3,1,1,0.74371
178,7,1301.66,223.36,37.69,78.81,1,1,0.7974
178,17,1371.69,515.93,38.22,61.27,1,1,0.72182
178,4,1408.6,529.97,52.22,83.84,1,1,0.74403
179,0,697.04,717.87,61.3,114.35,1,1,0.84955
179,1,970.1,162.64,47.57,61.05,1,1,0.8488
179,2,1284.69,677.34,64.7,84.48,1,1,0.84811
179,3,1378.01,655.54,55.21,103.81,1,1,0.85216
179,5,395.51,731.47,55.22,103.04,1,1,0.8513
179,6,1200.19,361.34,38.13,86.5,1,1,0.81901
179,8,1125.35,217.34,43.37,73.9,1,1,0.84716
179,9,1110.84,601.51,59.96,98.26,1,1,0.86198
179,10,532.82,376.67,41.88,93.83,1,1,0.85524
179,12,1450.9,533.32,58.85,91.4,1,1,0.82977
179,13,1708.42,503.23,44.58,87.87,1,1,0.82457
179,14,754.13,158.5,52.29,57.78,1,1,0.86147
179,15,1173.49,502.03,39.68,94.98,1,1,0.81487
179,18,1296.27,443.65,43.75,81.9,1,1,0.7819
179,19,1375.91,534.25,45.69,87.59,1,1,0.78987
179,20,1440.66,435.77,40.56,82.86,1,1,0.81186
179,11,1442.66,667.99,52.19,92.47,1,1,0.85914
179,27,1328.06,407.86,45.55,67.44,1,1,0.75976
179,7,1298.95,223.85,37.46,78.06,1,1,0.80939
179,17,1373.19,517.88,38.37,64.75,1,1,0.68186
179,4,1409.38,530.55,51.6,83.27,1,1,0.73302
180,0,683.14,715.76,63.19,105.8,1,1,0.85144
180,1,960.84,166.74,47.24,60.68,1,1,0.85284
180,2,1288.44,679.47,58.66,82.66,1,1,0.82901
180,3,1374.7,657.0,55.52,103.18,1,1,0.84159
180,5,386.28,731.44,56.54,103.04,1,1,0.85235
180,6,1197.47,362.94,37.95,87.57,1,1,0.81295
180,8,1126.77,217.8,44.12,75.94,1,1,0.84719
180,9,1105.29,600.97,56.45,98.71,1,1,0.8577
180,10,528.56,377.93,38.93,91.29,1,1,0.85239
180,12,1451.56,533.27,54.56,92.78,1,1,0.84051
180,13,1710.64,501.88,45.39,86.62,1,1,0.81999
180,14,746.71,161.82,51.82,58.44,1,1,0.85561
180,15,1167.08,503.39,42.44,94.99,1,1,0.81061
180,18,1287.23,446.41,46.45,79.72,1,1,0.77629
180,19,1374.45,537.32,47.99,89.07,1,1,0.80756
180,20,1440.75,436.07,40.23,82.42,1,1,0.80321
180,11,1437.41,674.28,56.45,91.0,1,1,0.86205
180,27,1325.1,408.48,49.3,71.6,1,1,0.79278
180,7,1294.35,224.59,36.76,79.18,1,1,0.80502
180,17,1373.62,520.09,38.47,62.94,1,1,0.67312
180,4,1410.65,530.96,47.52,82.93,1,1,0.71594
181,0,675.09,713.7,57.35,103.23,1,1,0.84673
181,1,949.27,171.34,48.28,59.98,1,1,0.84959
181,2,1291.14,684.21,52.92,79.03,1,1,0.83512
181,3,1371.85,658.79,55.58,102.25,1,1,0.83455
181,5,378.86,729.95,55.76,105.41,1,1,0.84715
181,6,1194.61,364.39,39.72,88.24,1,1,0.80115
181,8,1127.55,218.12,45.23,77.74,1,1,0.85372
181,9,1099.4,600.76,55.65,99.71,1,1,0.85527
181,10,520.36,380.83,40.75,88.72,1,1,0.86061
181,12,1450.09,534.41,51.37,91.02,1,1,0.82585
181,13,1711.39,500.9,48.27,85.16,1,1,0.83209
181,14,741.1,166.59,50.23,59.19,1,1,0.85562
181,15,1159.5,503.43,45.51,95.66,1,1,0.81294
181,18,1277.01,446.78,51.76,73.13,1,1,0.7484
181,19,1370.54,540.85,52.29,90.32,1,1,0.83179
181,20,1439.93,436.27,39.8,83.67,1,1,0.81336
181,11,1432.55,681.89,59.53,85.38,1,1,0.86583
181,27,1321.04,410.16,54.41,73.51,1,1,0.76967
181,7,1289.58,224.93,37.55,82.01,1,1,0.80237
181,17,1376.9,524.51,37.1,54.43,1,1,0.65272
181,4,1412.14,532.76,44.17,83.56,1,1,0.72998
182,0,667.6,711.17,53.13,104.97,1,1,0.84717
182,1,941.23,175.89,47.29,60.1,1,1,0.85407
182,2,1291.54,688.0,50.8,76.68,1,1,0.84074
182,3,1369.52,660.97,55.13,100.87,1,1,0.82894
182,5,372.09,727.82,56.5,109.31,1,1,0.85211
182,6,1190.46,365.15,41.08,89.55,1,1,0.77846
182,8,1127.37,218.94,46.59,79.36,1,1,0.85959
182,9,1091.23,600.5,56.58,101.61,1,1,0.8545
182,10,512.76,382.76,43.54,88.16,1,1,0.8603
182,12,1447.1,534.42,50.67,88.1,1,1,0.83138
182,13,1710.67,501.47,50.68,85.8,1,1,0.83436
182,14,736.77,171.43,47.38,59.95,1,1,0.84955
182,15,1153.09,503.21,45.63,97.05,1,1,0.81823
182,18,1267.85,442.37,54.71,76.4,1,1,0.77877
182,19,1366.95,544.32,57.83,90.0,1,1,0.8306
182,20,1437.81,437.08,39.44,84.25,1,1,0.82368
182,11,1427.19,688.42,60.54,80.74,1,1,0.85712
182,27,1315.96,412.86,56.01,75.28,1,1,0.75262
182,7,1284.64,224.64,39.25,84.74,1,1,0.80621
182,17,1374.33,527.2,40.26,56.96,1,1,0.71934
182,4,1413.56,535.02,41.35,86.57,1,1,0.73744
183,0,659.8,709.08,50.93,107.76,1,1,0.84877
183,1,936.49,179.6,44.58,59.69,1,1,0.8489
183,2,1290.64,692.13,49.26,75.72,1,1,0.83342
183,3,1367.38,663.13,56.71,98.83,1,1,0.82585
183,5,366.83,726.02,55.61,109.15,1,1,0.84312
183,6,1186.5,365.9,40.9,90.44,1,1,0.78774
183,8,1126.95,219.53,48.27,80.63,1,1,0.86082
183,9,1085.99,599.99,56.07,102.32,1,1,0.85249
183,10,503.71,384.81,45.63,87.94,1,1,0.85391
183,12,1445.1,534.5,50.09,87.55,1,1,0.81306
183,13,1710.86,502.98,50.04,85.74,1,1,0.83437
183,14,731.35,176.83,46.11,56.4,1,1,0.84735
183,15,1149.23,504.44,45.09,98.7,1,1,0.81928
183,18,1258.06,447.6,58.89,72.42,1,1,0.75468
183,19,1366.7,546.44,63.25,95.23,1,1,0.80307
183,20,1436.1,437.74,39.97,84.45,1,1,0.81795
183,11,1422.09,697.64,59.5,88.06,1,1,0.86781
183,27,1320.33,412.54,58.28,74.55,1,1,0.74888
183,7,1279.97,224.44,40.16,85.94,1,1,0.81887
183,17,1370.91,528.94,46.06,63.83,1,1,0.76768
183,4,1415.99,536.74,39.36,88.34,1,1,0.72129
184,0,653.65,705.88,49.35,111.14,1,1,0.84479
184,1,930.14,185.78,44.73,56.5,1,1,0.84605
184,2,1289.56,696.54,50.98,78.23,1,1,0.83787
184,3,1366.89,665.55,55.24,96.0,1,1,0.83823
184,5,364.01,724.52,53.71,104.93,1,1,0.8448
184,6,1183.12,366.14,40.81,90.5,1,1,0.7875
184,8,1128.45,220.35,48.68,80.81,1,1,0.85743
184,9,1080.86,600.97,55.21,102.21,1,1,0.84658
184,10,496.8,387.37,45.8,86.44,1,1,0.84749
184,12,1445.15,536.3,49.46,89.7,1,1,0.816
184,13,1710.29,504.65,47.82,85.71,1,1,0.82473
184,14,726.76,181.47,44.94,61.17,1,1,0.85013
184,15,1145.92,506.0,43.66,99.4,1,1,0.82198
184,18,1253.85,451.47,55.44,70.27,1,1,0.7847
184,19,1367.62,550.47,66.32,94.43,1,1,0.79418
184,20,1433.61,439.54,40.91,83.29,1,1,0.8244
184,11,1417.18,705.71,58.54,89.18,1,1,0.85974
184,27,1323.12,412.99,59.67,74.13,1,1,0.77396
184,7,1275.33,224.57,41.11,86.52,1,1,0.8309
184,17,1369.35,532.88,48.35,66.91,1,1,0.79029
184,4,1418.78,536.75,36.64,88.38,1,1,0.67665
185,0,645.63,702.76,46.23,106.85,1,1,0.82419
185,1,921.78,189.21,47.4,56.66,1,1,0.85016
185,2,1288.88,701.22,53.42,79.3,1,1,0.84682
185,3,1365.61,667.65,54.14,89.03,1,1,0.82162
185,5,362.81,723.45,50.62,101.19,1,1,0.83782
185,6,1179.63,365.98,42.65,91.81,1,1,0.76717
185,8,1129.25,222.66,49.05,78.2,1,1,0.85366
185,9,1076.13,601.3,53.6,99.45,1,1,0.83347
185,10,490.91,390.82,44.95,84.83,1,1,0.84135
185,12,1442.95,537.74,52.49,94.98,1,1,0.78868
185,13,1710.33,506.83,46.19,84.22,1,1,0.83309
185,14,721.55,186.34,44.9,62.1,1,1,0.84417
185,15,1142.25,507.22,42.33,99.1,1,1,0.81093
185,18,1249.48,458.0,54.16,66.73,1,1,0.77685
185,19,1382.6,554.07,55.39,94.5,1,1,0.72202
185,20,1431.37,441.97,43.12,81.83,1,1,0.81917
185,11,1410.58,713.25,57.88,92.79,1,1,0.86096
185,27,1332.08,413.41,54.3,70.76,1,1,0.76992
185,7,1271.21,225.22,41.67,85.69,1,1,0.8303
185,17,1367.91,536.77,51.7,71.67,1,1,0.79744
186,0,634.02,698.82,50.6,102.36,1,1,0.82614
186,1,916.37,192.55,47.85,57.49,1,1,0.8564
186,2,1288.42,705.53,54.53,78.89,1,1,0.85469
186,3,1365.22,669.14,52.55,79.49,1,1,0.83599
186,5,362.68,723.28,48.32,97.84,1,1,0.84445
186,6,1176.8,365.6,45.65,90.41,1,1,0.76857
186,8,1131.9,224.74,48.1,75.97,1,1,0.8503
186,9,1070.19,602.44,52.24,98.1,1,1,0.84652
186,10,486.96,394.25,43.14,83.59,1,1,0.84324
186,12,1441.42,541.31,55.62,95.22,1,1,0.79242
186,13,1710.33,508.88,44.6,83.04,1,1,0.83147
186,14,713.42,191.91,49.29,61.04,1,1,0.84982
186,15,1139.82,507.33,39.65,98.68,1,1,0.82599
186,18,1244.76,463.51,52.76,65.82,1,1,0.79098
186,19,1391.29,557.71,50.47,91.72,1,1,0.76409
186,20,1429.13,444.43,45.72,80.31,1,1,0.82979
186,11,1403.08,722.13,59.22,92.43,1,1,0.87199
186,27,1336.21,415.94,53.85,69.34,1,1,0.77452
186,7,1269.07,227.31,41.04,82.28,1,1,0.83081
186,17,1369.47,539.99,51.16,74.79,1,1,0.80191
186,26,1421.94,518.75,32.64,43.51,1,1,0.6518
187,0,623.19,696.24,54.63,100.89,1,1,0.84373
187,1,913.71,196.22,46.79,56.6,1,1,0.85555
187,2,1286.15,710.2,56.34,77.79,1,1,0.8533
187,3,1364.93,671.04,51.67,77.31,1,1,0.8345
187,5,361.88,722.96,47.55,98.01,1,1,0.84122
187,6,1173.84,366.19,45.81,87.38,1,1,0.77274
187,8,1135.04,227.54,45.97,73.38,1,1,0.84046
187,9,1064.86,604.14,49.14,95.46,1,1,0.84674
187,10,481.11,397.91,42.67,82.96,1,1,0.83998
187,12,1440.63,544.89,57.03,95.08,1,1,0.7678
187,13,1708.8,511.33,45.48,82.52,1,1,0.83198
187,14,705.24,197.2,53.45,60.76,1,1,0.84754
187,15,1136.85,507.88,37.78,97.45,1,1,0.8227
187,18,1239.9,466.28,43.82,70.0,1,1,0.71241
187,19,1397.41,560.41,47.41,91.54,1,1,0.76847
187,20,1427.05,447.6,47.31,79.27,1,1,0.82158
187,11,1398.57,731.18,58.31,88.53,1,1,0.86192
187,27,1342.48,418.52,50.95,66.26,1,1,0.77901
187,7,1267.02,230.33,39.39,78.28,1,1,0.83016
187,17,1371.85,542.81,49.95,73.81,1,1,0.79211
187,26,1419.98,524.22,34.27,40.24,1,1,0.64492
188,0,617.32,693.5,52.18,99.53,1,1,0.84494
188,1,912.47,200.98,44.21,57.29,1,1,0.85328
188,2,1284.15,715.75,57.71,75.95,1,1,0.85304
188,3,1364.6,672.62,50.91,78.04,1,1,0.83979
188,5,360.21,722.67,47.65,100.3,1,1,0.84162
188,6,1170.68,368.17,48.75,84.76,1,1,0.7838
188,8,1139.2,230.72,42.87,71.08,1,1,0.83395
188,9,1059.16,605.9,45.32,92.67,1,1,0.85392
188,10,474.57,401.71,44.61,83.24,1,1,0.83954
188,12,1441.5,546.8,59.42,95.75,1,1,0.8157
188,13,1708.65,514.54,47.09,80.02,1,1,0.83895
188,14,699.87,203.4,56.0,60.57,1,1,0.85818
188,15,1133.91,509.18,36.85,96.95,1,1,0.82657
188,18,1233.68,473.7,39.48,64.24,1,1,0.72718
188,19,1398.51,566.78,49.38,91.93,1,1,0.80174
188,20,1425.12,450.1,51.29,80.06,1,1,0.8277
188,11,1393.04,739.22,60.2,83.99,1,1,0.87254
188,27,1347.36,421.19,51.64,61.43,1,1,0.78909
188,7,1265.58,233.89,36.91,74.83,1,1,0.83029
188,17,1373.81,547.36,49.65,70.38,1,1,0.78691
189,0,613.02,690.61,47.71,101.23,1,1,0.8346
189,1,912.37,204.66,42.08,58.13,1,1,0.859
189,2,1280.49,720.38,60.12,75.32,1,1,0.86277
189,3,1365.2,674.06,50.67,78.58,1,1,0.83791
189,5,358.24,720.97,46.72,102.34,1,1,0.84324
189,6,1168.04,369.91,48.87,83.43,1,1,0.79512
189,8,1145.67,233.3,39.12,70.19,1,1,0.83939
189,9,1053.51,606.62,45.75,90.4,1,1,0.84323
189,10,469.15,403.84,46.76,83.05,1,1,0.84052
189,12,1443.69,545.87,59.89,95.06,1,1,0.80331
189,13,1709.15,516.49,48.49,76.74,1,1,0.83923
189,14,697.18,207.32,57.42,60.46,1,1,0.85835
189,15,1130.95,510.91,36.57,97.7,1,1,0.8211
189,18,1228.04,474.64,37.94,63.1,1,1,0.718
189,19,1401.74,567.57,49.25,94.66,1,1,0.77265
189,20,1424.42,451.42,55.37,80.1,1,1,0.83091
189,11,1387.48,742.96,62.77,84.74,1,1,0.86358
189,27,1348.44,423.31,56.47,64.32,1,1,0.78631
189,7,1264.41,236.41,36.0,74.18,1,1,0.83542
189,17,1377.7,551.13,45.85,82.09,1,1,0.75848
189,26,1416.91,531.1,31.63,39.8,1,1,0.65924
190,0,609.54,688.33,43.92,102.89,1,1,0.83282
190,1,911.46,207.46,41.78,59.93,1,1,0.85617
190,2,1278.78,724.48,61.1,76.34,1,1,0.86039
190,3,1366.0,675.77,53.03,81.97,1,1,0.83049
190,5,355.46,718.64,46.66,104.37,1,1,0.84327
190,6,1165.77,371.23,44.9,84.07,1,1,0.81264
190,8,1150.71,235.52,37.87,71.12,1,1,0.84155
190,9,1047.48,607.05,49.09,90.83,1,1,0.8459
190,10,463.67,405.97,50.51,83.49,1,1,0.84385
190,12,1444.8,546.83,58.78,93.3,1,1,0.80712
190,13,1709.9,518.17,50.67,75.03,1,1,0.8394
190,14,696.67,210.82,57.96,60.56,1,1,0.84416
190,15,1127.44,512.64,37.73,97.67,1,1,0.82757
190,18,1224.22,479.8,35.51,60.8,1,1,0.67808
190,19,1406.46,568.61,50.82,97.15,1,1,0.77784
190,20,1424.49,452.37,57.49,80.23,1,1,0.83931
190,11,1380.48,750.34,65.65,87.1,1,1,0.86006
190,27,1349.58,425.58,62.27,62.9,1,1,0.82118
190,7,1263.48,238.17,35.3,74.67,1,1,0.83269
190,17,1382.96,554.68,43.36,85.99,1,1,0.7891
191,0,605.81,685.5,41.91,106.5,1,1,0.82301
191,1,909.55,210.99,42.72,60.51,1,1,0.85473
191,2,1277.31,727.39,61.54,79.95,1,1,0.86104
191,3,1368.8,677.34,53.38,87.43,1,1,0.8416
191,5,352.89,714.64,46.0,104.72,1,1,0.84816
191,6,1163.62,373.07,45.0,85.45,1,1,0.80003
191,8,1156.17,237.12,36.3,72.06,1,1,0.84361
191,9,1039.05,608.04,56.22,90.23,1,1,0.85018
191,10,459.79,407.43,52.69,83.79,1,1,0.84531
191,12,1444.8,548.65,57.52,91.95,1,1,0.79464
191,13,1709.84,519.5,52.25,73.89,1,1,0.84195
191,14,696.83,214.06,57.63,60.86,1,1,0.84501
191,15,1124.4,514.16,38.27,95.38,1,1,0.8351
191,18,1219.74,482.2,36.16,63.23,1,1,0.65069
191,19,1414.03,568.56,49.2,98.31,1,1,0.80536
191,20,1424.37,452.69,57.56,82.64,1,1,0.838
191,11,1373.03,756.6,63.84,90.56,1,1,0.84629
191,27,1359.69,427.59,58.95,61.07,1,1,0.81619
191,7,1263.04,238.86,34.48,75.96,1,1,0.8264
191,17,1387.04,559.18,41.34,86.93,1,1,0.7867
191,26,1413.22,536.02,34.99,36.38,1,1,0.67651
192,0,600.89,681.68,41.75,105.88,1,1,0.80563
192,1,907.3,214.62,43.27,60.45,1,1,0.85139
192,2,1275.08,730.58,60.48,80.63,1,1,0.85783
192,3,1370.81,679.0,51.78,91.0,1,1,0.84489
192,5,350.89,711.22,45.4,100.72,1,1,0.84485
192,6,1160.96,374.82,42.87,85.96,1,1,0.80219
192,8,1159.34,239.14,36.19,71.18,1,1,0.83488
192,9,1032.28,606.88,59.82,89.51,1,1,0.84564
192,10,455.86,408.61,54.58,83.38,1,1,0.84627
192,12,1444.36,548.67,55.86,88.35,1,1,0.78931
192,13,1710.11,521.02,51.69,73.31,1,1,0.84236
192,14,697.11,216.95,57.36,60.11,1,1,0.85297
192,15,1120.38,515.26,39.43,90.16,1,1,0.82857
192,18,1211.3,486.74,40.1,65.31,1,1,0.67958
192,19,1423.65,569.17,44.48,100.46,1,1,0.8082
192,20,1424.63,452.67,59.6,82.02,1,1,0.82522
192,11,1366.75,763.3,61.93,92.71,1,1,0.85248
192,27,1365.5,429.19,58.23,60.1,1,1,0.79067
192,7,1262.19,239.46,33.82,77.03,1,1,0.81568
192,17,1389.72,560.81,42.05,88.38,1,1,0.79485
192,26,1412.43,536.04,36.24,35.74,1,1,0.67906
193,0,593.08,676.81,44.51,105.08,1,1,0.78468
193,1,905.01,217.87,43.86,59.83,1,1,0.85099
193,2,1272.29,732.56,57.2,80.73,1,1,0.84908
193,3,1371.63,680.25,50.63,92.51,1,1,0.84258
193,5,349.24,707.16,45.03,97.79,1,1,0.83385
193,6,1157.74,374.57,41.72,87.58,1,1,0.80333
193,8,1161.74,240.43,40.48,69.82,1,1,0.84216
193,9,1026.62,604.98,61.24,90.04,1,1,0.84579
193,10,454.55,409.91,52.17,82.88,1,1,0.8444
193,12,1443.72,548.24,54.47,86.14,1,1,0.80823
193,13,1709.87,522.06,51.39,73.03,1,1,0.84617
193,14,697.97,218.65,57.66,59.83,1,1,0.85969
193,15,1114.2,515.79,41.21,87.16,1,1,0.82451
193,18,1203.46,488.14,42.88,71.19,1,1,0.77417
193,19,1430.6,572.9,40.54,99.07,1,1,0.80823
193,20,1426.32,452.6,59.47,81.21,1,1,0.83229
193,11,1359.34,767.4,59.59,95.35,1,1,0.86632
193,27,1366.47,430.05,61.76,60.61,1,1,0.8354
193,7,1261.09,240.04,33.31,77.66,1,1,0.81719
193,17,1390.81,563.21,44.08,87.87,1,1,0.79729
193,26,1410.43,536.11,36.91,39.14,1,1,0.69157
194,0,583.59,672.08,50.5,104.09,1,1,0.83259
194,1,901.64,221.24,46.59,58.67,1,1,0.84745
194,2,1268.49,734.23,54.1,80.36,1,1,0.84971
194,3,1371.52,680.91,49.69,93.12,1,1,0.84623
194,5,347.47,705.06,45.37,96.32,1,1,0.83927
194,6,1153.94,374.17,42.05,88.33,1,1,0.80527
194,8,1163.4,241.65,45.04,68.0,1,1,0.85044
194,9,1022.19,603.7,59.32,91.15,1,1,0.83759
194,10,454.71,411.29,46.57,81.58,1,1,0.84822
194,12,1441.82,548.28,54.25,84.34,1,1,0.76938
194,13,1708.43,522.67,51.43,73.14,1,1,0.85086
194,14,698.66,220.07,58.09,60.81,1,1,0.85771
194,15,1108.11,517.1,43.73,85.54,1,1,0.81717
194,18,1198.44,493.2,44.45,70.43,1,1,0.73202
194,19,1436.59,575.03,38.27,96.49,1,1,0.79341
194,20,1429.24,453.34,59.07,79.88,1,1,0.8435
194,11,1352.93,772.22,59.47,94.43,1,1,0.86248
194,27,1373.84,432.06,59.07,59.68,1,1,0.84272
194,7,1260.1,241.15,32.71,77.83,1,1,0.80285
194,17,1390.91,567.74,45.18,84.03,1,1,0.78349
194,26,1409.81,535.84,36.1,42.26,1,1,0.71325
195,0,578.28,667.13,49.78,97.67,1,1,0.82914
195,1,898.33,224.1,49.32,57.72,1,1,0.85395
195,2,1263.51,736.2,52.86,79.08,1,1,0.84682
195,3,1371.4,681.86,49.0,92.52,1,1,0.84512
195,5,345.23,703.05,46.35,96.57,1,1,0.83819
195,6,1151.12,373.68,41.56,88.12,1,1,0.81306
195,8,1165.58,243.17,46.82,66.34,1,1,0.85474
195,9,1016.91,603.04,55.52,92.34,1,1,0.83588
195,10,453.31,412.82,41.78,80.0,1,1,0.84513
195,12,1442.75,549.78,52.77,80.35,1,1,0.77492
195,13,1706.17,523.11,50.53,72.98,1,1,0.85228
195,14,700.81,222.13,58.06,60.59,1,1,0.86104
195,15,1097.68,517.36,50.76,85.02,1,1,0.82432
195,18,1194.67,499.89,43.61,68.59,1,1,0.73953
195,19,1439.89,574.84,42.77,97.57,1,1,0.82223
195,20,1433.41,454.5,56.72,78.03,1,1,0.84198
195,11,1345.75,777.78,61.79,89.6,1,1,0.87204
195,27,1382.0,433.03,56.84,59.59,1,1,0.85599
195,7,1258.45,241.39,32.6,77.02,1,1,0.79998
195,17,1389.89,565.76,48.03,86.56,1,1,0.83378
195,26,1409.79,535.43,35.53,43.67,1,1,0.74947
196,0,573.43,663.71,46.79,95.12,1,1,0.82569
196,1,895.03,227.44,50.85,57.87,1,1,0.85812
196,2,1258.48,737.87,52.7,79.65,1,1,0.84316
196,3,1371.63,683.54,49.89,92.13,1,1,0.85019
196,5,342.79,701.03,48.47,97.74,1,1,0.8461
196,6,1149.3,373.46,41.05,86.5,1,1,0.81722
196,8,1168.57,245.36,46.39,65.24,1,1,0.85378
196,9,1009.8,602.77,57.29,91.99,1,1,0.84466
196,10,451.55,414.12,38.59,78.09,1,1,0.84541
196,13,1703.34,523.59,50.07,73.74,1,1,0.85698
196,14,703.37,225.06,56.53,59.79,1,1,0.86123
196,15,1089.41,518.88,57.07,84.24,1,1,0.85416
196,18,1191.21,504.86,43.98,67.41,1,1,0.75485
196,19,1442.05,573.01,51.14,97.55,1,1,0.81605
196,20,1437.73,454.55,54.5,77.91,1,1,0.84922
196,11,1337.38,782.35,66.77,86.76,1,1,0.87373
196,27,1385.17,433.34,60.7,61.16,1,1,0.862
196,7,1257.26,242.7,32.3,74.52,1,1,0.80225
196,17,1388.61,567.46,52.55,85.88,1,1,0.84302
196,26,1410.9,535.9,33.8,45.11,1,1,0.75075
197,0,570.78,660.31,45.28,96.01,1,1,0.82345
197,1,893.71,229.79,51.42,58.25,1,1,0.86668
197,2,1255.33,739.14,51.47,82.01,1,1,0.84462
197,3,1372.43,683.8,52.05,92.34,1,1,0.84046
197,5,341.11,696.89,49.22,99.91,1,1,0.84831
197,6,1148.71,372.46,40.36,84.0,1,1,0.82565
197,8,1171.13,246.98,44.66,64.06,1,1,0.85488
197,9,1005.44,601.59,52.0,91.34,1,1,0.84566
197,10,447.21,414.41,39.37,77.5,1,1,0.84508
197,13,1700.44,523.4,50.43,74.53,1,1,0.85752
197,14,708.3,226.89,54.33,58.33,1,1,0.86324
197,15,1084.93,519.98,59.94,82.99,1,1,0.85539
197,18,1189.45,507.31,40.02,65.8,1,1,0.76811
197,19,1445.89,572.93,55.17,94.11,1,1,0.83945
197,20,1443.21,453.07,51.73,79.36,1,1,0.83085
197,11,1328.67,786.57,71.16,90.28,1,1,0.87845
197,27,1387.36,433.1,65.87,63.09,1,1,0.86151
197,7,1255.84,244.0,32.33,71.02,1,1,0.80782
197,17,1387.28,568.15,58.3,85.61,1,1,0.84718
197,26,1412.21,535.1,32.82,46.92,1,1,0.75353
197,12,1435.93,545.26,45.19,73.12,1,1,0.65685
198,0,567.62,658.19,43.68,96.4,1,1,0.81278
198,1,894.71,232.11,50.0,59.77,1,1,0.87096
198,2,1252.06,740.09,53.1,87.22,1,1,0.85486
198,3,1372.91,683.79,52.61,91.84,1,1,0.83407
198,5,340.66,691.94,49.13,99.91,1,1,0.85343
198,6,1147.49,371.75,40.94,81.8,1,1,0.82408
198,8,1172.56,248.09,43.21,65.06,1,1,0.85513
198,9,1001.78,600.51,49.84,90.92,1,1,0.84621
198,10,442.62,414.61,41.73,77.16,1,1,0.85056
198,13,1697.16,523.1,50.94,75.71,1,1,0.85285
198,14,710.52,229.74,54.33,56.58,1,1,0.86778
198,15,1082.93,520.38,59.97,82.87,1,1,0.84806
198,18,1187.57,511.78,37.2,64.72,1,1,0.77598
198,19,1448.1,574.57,56.65,90.77,1,1,0.82852
198,20,1448.62,452.84,50.03,78.24,1,1,0.8119
198,11,1319.38,789.97,74.54,95.31,1,1,0.88017
198,27,1390.97,433.69,68.97,63.28,1,1,0.85508
198,7,1254.97,245.4,31.96,68.2,1,1,0.81585
198,17,1386.71,570.44,65.05,84.84,1,1,0.85802
198,26,1413.51,534.51,32.28,49.68,1,1,0.76237
199,0,563.73,649.63,43.91,103.54,1,1,0.80138
199,1,895.93,233.87,49.07,63.79,1,1,0.86277
199,2,1249.56,741.08,53.13,91.71,1,1,0.85771
199,3,1374.33,683.14,54.75,94.96,1,1,0.83364
199,5,341.09,686.75,47.58,95.34,1,1,0.84864
199,6,1145.86,369.87,40.36,81.69,1,1,0.82051
199,8,1173.09,248.06,41.86,66.67,1,1,0.85117
199,9,996.88,598.3,47.25,90.79,1,1,0.82613
199,10,438.22,413.73,44.11,77.82,1,1,0.85055
199,13,1692.77,521.88,51.95,77.47,1,1,0.8509
199,14,712.37,232.39,54.19,55.35,1,1,0.8674
199,15,1080.93,521.04,59.69,82.42,1,1,0.84707
199,18,1185.53,515.97,35.21,68.01,1,1,0.77503
199,19,1451.14,575.45,54.81,89.0,1,1,0.811
199,20,1454.1,451.24,46.75,79.16,1,1,0.81095
199,11,1311.41,793.31,73.3,99.08,1,1,0.86445
199,27,1398.58,434.29,66.75,61.64,1,1,0.84106
199,7,1254.59,245.87,31.48,67.38,1,1,0.81725
199,17,1386.88,570.37,69.28,84.63,1,1,0.86471
199,26,1413.69,533.16,31.85,55.57,1,1,0.76043
199,12,1437.61,541.87,42.29,69.06,1,1,0.65287
200,0,559.73,644.65,44.26,105.42,1,1,0.80186
200,1,897.09,236.04,48.94,66.6,1,1,0.85965
200,2,1246.85,742.63,53.1,94.51,1,1,0.84404
200,3,1374.83,683.27,55.97,96.3,1,1,0.82749
200,5,341.45,681.68,46.37,92.56,1,1,0.8427
200,6,1144.57,367.92,39.32,82.34,1,1,0.81187
200,8,1173.97,248.18,41.58,67.96,1,1,0.85211
200,9,991.42,595.96,48.75,91.19,1,1,0.8229
200,10,435.69,416.62,43.5,75.03,1,1,0.84257
200,13,1689.05,520.5,52.43,79.7,1,1,0.84762
200,14,713.51,234.89,55.95,56.35,1,1,0.86308
200,15,1079.39,523.15,59.13,80.45,1,1,0.8491
200,18,1181.56,518.69,35.77,72.07,1,1,0.78567
200,19,1456.03,573.53,50.84,89.47,1,1,0.81767
200,20,1460.4,450.08,42.64,80.15,1,1,0.81063
200,11,1304.74,797.12,64.89,100.68,1,1,0.84621
200,27,1409.21,435.67,61.9,60.13,1,1,0.81386
200,7,1253.92,245.81,31.71,67.4,1,1,0.81729
200,17,1387.49,572.05,72.91,82.35,1,1,0.84596
200,26,1411.91,531.97,33.59,64.4,1,1,0.75005
200,12,1437.05,539.56,41.57,48.26,1,1,0.65014
201,0,553.24,639.49,45.17,101.56,1,1,0.81593
201,1,898.35,237.99,46.26,66.87,1,1,0.85921
201,2,1242.43,743.96,51.41,95.01,1,1,0.83407
201,3,1375.02,682.71,55.84,97.39,1,1,0.82779
201,5,341.37,677.31,46.53,93.39,1,1,0.84552
201,6,1142.77,365.29,39.09,83.5,1,1,0.81215
201,8,1175.54,247.72,39.93,69.44,1,1,0.84574
201,9,985.61,594.57,49.37,90.88,1,1,0.8293
201,10,433.56,417.8,42.9,73.33,1,1,0.83962
201,13,1686.84,519.43,51.65,81.56,1,1,0.84396
201,14,716.9,236.21,57.11,56.97,1,1,0.86201
201,15,1078.89,523.69,57.31,79.5,1,1,0.84179
201,18,1178.8,520.89,34.74,73.44,1,1,0.7857
201,19,1462.97,573.58,46.34,88.04,1,1,0.8095
201,20,1466.56,449.36,39.64,80.18,1,1,0.80925
201,11,1295.87,800.84,57.7,99.3,1,1,0.84617
201,27,1424.73,437.0,53.48,64.2,1,1,0.792
201,7,1253.65,245.28,32.32,67.03,1,1,0.81641
201,17,1389.83,571.32,72.6,83.18,1,1,0.80995
201,26,1411.73,530.98,34.87,68.22,1,1,0.71439
201,12,1442.42,539.37,40.01,64.98,1,1,0.68059
202,0,546.86,634.29,47.05,99.18,1,1,0.81893
202,1,898.89,239.66,44.5,66.94,1,1,0.85674
202,2,1235.18,746.34,53.07,94.4,1,1,0.83824
202,3,1374.71,681.85,55.48,98.21,1,1,0.83364
202,5,341.02,672.89,46.55,96.86,1,1,0.8462
202,6,1140.18,362.25,39.25,83.0,1,1,0.81005
202,8,1175.65,247.79,39.72,69.6,1,1,0.84766
202,9,980.44,591.85,50.07,92.13,1,1,0.8232
202,10,431.1,416.36,43.63,74.95,1,1,0.84474
202,13,1684.33,518.08,48.76,83.17,1,1,0.83562
202,14,720.78,238.04,56.51,56.85,1,1,0.85631
202,15,1077.69,524.18,57.11,78.84,1,1,0.84084
202,18,1175.81,523.53,34.36,73.27,1,1,0.78911
202,19,1471.6,571.58,41.95,88.63,1,1,0.8149
202,20,1472.31,449.81,37.28,75.84,1,1,0.79504
202,11,1286.18,805.7,59.03,95.07,1,1,0.85921
202,27,1436.76,439.72,48.9,61.27,1,1,0.78063
202,7,1253.24,243.42,32.84,68.6,1,1,0.81337
202,17,1402.81,565.8,62.6,89.26,1,1,0.70323
202,26,1406.84,529.29,40.75,76.28,1,1,0.7221
202,12,1448.43,537.56,37.88,73.29,1,1,0.71731
203,0,541.35,630.04,47.39,91.98,1,1,0.82168
203,1,898.91,241.5,44.08,66.23,1,1,0.85916
203,2,1229.29,749.28,54.41,89.18,1,1,0.83061
203,3,1374.77,680.94,55.24,98.77,1,1,0.82827
203,5,340.54,667.65,45.17,98.51,1,1,0.84462
203,6,1136.98,361.09,39.37,80.02,1,1,0.82114
203,8,1174.84,247.32,39.77,68.68,1,1,0.84631
203,9,976.46,589.55,43.45,90.11,1,1,0.83405
203,10,429.72,415.98,43.53,75.55,1,1,0.8389
203,13,1682.25,517.34,46.17,83.88,1,1,0.83451
203,14,727.29,239.81,52.71,56.29,1,1,0.84616
203,15,1077.5,524.86,57.19,77.86,1,1,0.84406
203,18,1173.29,525.59,33.15,72.57,1,1,0.7841
203,19,1477.37,570.67,40.19,89.05,1,1,0.80829
203,20,1474.99,450.12,37.8,73.96,1,1,0.80173
203,11,1275.28,809.13,65.29,91.61,1,1,0.87012
203,27,1441.24,441.3,52.59,60.89,1,1,0.8043
203,7,1252.38,240.64,34.63,71.13,1,1,0.81087
203,17,1415.13,560.8,54.25,94.46,1,1,0.70693
203,26,1408.17,528.28,40.14,80.41,1,1,0.81705
203,12,1451.92,536.57,37.56,72.13,1,1,0.64083
204,0,537.43,625.66,45.49,89.16,1,1,0.83237
204,1,899.11,243.47,44.16,65.17,1,1,0.86103
204,2,1224.95,752.14,56.05,82.98,1,1,0.84085
204,3,1375.9,680.07,54.18,99.34,1,1,0.84022
204,5,339.85,661.87,44.03,101.23,1,1,0.85073
204,6,1134.86,360.55,39.66,76.79,1,1,0.82589
204,8,1174.01,246.26,39.92,67.92,1,1,0.84999
204,9,971.36,588.11,41.0,89.46,1,1,0.83889
204,10,426.86,414.9,43.0,76.8,1,1,0.84242
204,13,1679.76,516.76,44.07,84.53,1,1,0.84043
204,14,735.35,241.34,46.93,55.87,1,1,0.84818
204,15,1077.04,525.73,58.3,77.11,1,1,0.84855
204,18,1170.7,528.83,32.97,70.15,1,1,0.78123
204,19,1481.46,570.7,40.07,88.38,1,1,0.81453
204,20,1476.63,450.09,38.87,73.47,1,1,0.81393
204,11,1264.18,813.65,71.85,89.98,1,1,0.87555
204,27,1443.37,443.43,56.6,55.68,1,1,0.80864
204,7,1251.11,237.33,35.08,73.77,1,1,0.80737
204,17,1422.33,573.27,50.09,83.16,1,1,0.75769
204,26,1411.5,527.46,38.67,79.86,1,1,0.82243
204,12,1435.38,541.27,42.8,70.65,1,1,0.70236
205,0,533.34,622.1,43.11,89.64,1,1,0.81776
205,1,899.45,245.1,44.52,65.19,1,1,0.85747
205,2,1221.13,754.46,54.58,85.39,1,1,0.84392
205,3,1378.46,678.62,51.47,100.15,1,1,0.8214
205,5,338.11,656.52,42.53,98.29,1,1,0.84977
205,6,1132.94,359.55,41.18,76.05,1,1,0.83168
205,8,1172.6,245.02,40.91,66.75,1,1,0.8513
205,9,965.51,587.59,40.66,89.6,1,1,0.83755
205,10,421.33,413.79,41.98,78.35,1,1,0.84494
205,13,1677.99,516.41,43.08,85.89,1,1,0.83622
205,14,739.79,241.66,46.12,56.12,1,1,0.85516
205,15,1077.4,526.27,59.59,76.96,1,1,0.85143
205,18,1168.26,531.19,33.12,67.72,1,1,0.80128
205,19,1484.82,569.26,40.82,89.41,1,1,0.80684
205,20,1477.63,449.27,44.14,75.42,1,1,0.81744
205,11,1254.77,816.72,74.58,92.32,1,1,0.87546
205,27,1453.1,444.74,55.83,49.19,1,1,0.67613
205,7,1250.69,234.76,34.88,75.11,1,1,0.80258
205,17,1427.79,576.54,48.82,80.04,1,1,0.76391
205,26,1414.87,526.78,37.38,77.75,1,1,0.8046
205,12,1429.94,542.43,44.99,75.42,1,1,0.74248
205,4,1464.51,542.95,34.72,85.29,1,1,0.71585
206,0,529.16,618.85,41.93,92.71,1,1,0.81416
206,1,900.1,245.7,45.37,65.6,1,1,0.85185
206,2,1215.36,757.16,53.54,87.15,1,1,0.81419
206,3,1381.22,678.44,48.9,100.05,1,1,0.82164
206,5,336.29,651.83,40.94,92.24,1,1,0.84576
206,6,1131.82,358.11,42.02,76.9,1,1,0.83183
206,8,1171.51,243.31,41.54,65.82,1,1,0.85155
206,9,956.58,586.93,44.44,88.29,1,1,0.83257
206,10,416.57,412.73,45.08,79.96,1,1,0.85525
206,13,1676.57,516.25,43.09,88.3,1,1,0.83404
206,14,742.43,243.97,46.96,53.83,1,1,0.85511
206,15,1078.67,526.44,60.13,76.96,1,1,0.84845
206,18,1165.29,532.76,34.54,66.93,1,1,0.8076
206,19,1490.13,566.45,44.92,90.29,1,1,0.81416
206,20,1478.48,449.36,51.15,76.44,1,1,0.8393
206,11,1244.23,816.31,74.28,98.51,1,1,0.85921
206,7,1250.19,231.59,35.25,77.47,1,1,0.78946
206,17,1434.96,575.57,48.0,80.54,1,1,0.79473
206,26,1416.72,526.22,37.37,76.83,1,1,0.79549
206,12,1427.4,542.54,46.77,80.11,1,1,0.76889
206,4,1467.7,542.92,35.4,83.15,1,1,0.72522
207,0,524.41,611.9,41.57,97.98,1,1,0.80055
207,1,900.19,246.0,46.84,67.1,1,1,0.8459
207,2,1209.69,759.77,59.0,89.49,1,1,0.8069
207,3,1383.2,677.08,47.35,101.14,1,1,0.79398
207,5,334.6,647.12,39.82,89.15,1,1,0.84335
207,6,1131.09,355.74,42.79,78.78,1,1,0.82485
207,8,1169.82,241.51,41.93,64.52,1,1,0.84384
207,9,947.62,585.84,49.26,87.47,1,1,0.82752
207,10,413.58,411.09,44.95,81.96,1,1,0.84988
207,13,1675.16,516.4,43.77,89.64,1,1,0.82968
207,14,745.29,244.95,49.69,52.37,1,1,0.85387
207,15,1081.15,526.03,60.41,77.19,1,1,0.83397
207,18,1163.43,536.39,35.05,64.24,1,1,0.77828
207,19,1496.12,563.03,49.89,91.47,1,1,0.77093
207,20,1478.53,448.24,58.64,77.18,1,1,0.83599
207,11,1234.65,817.46,70.43,102.08,1,1,0.84463
207,7,1250.09,230.17,34.94,77.37,1,1,0.77071
207,17,1439.38,574.64,49.47,81.98,1,1,0.80324
207,26,1417.55,525.93,39.29,76.24,1,1,0.79566
207,12,1428.33,541.77,47.17,82.61,1,1,0.77365
207,4,1470.99,539.33,36.36,84.98,1,1,0.72246
208,0,519.83,606.5,43.65,100.69,1,1,0.81118
208,1,900.75,246.59,47.89,70.94,1,1,0.85328
208,2,1203.73,761.52,62.93,85.51,1,1,0.79615
208,3,1384.23,676.39,46.56,101.71,1,1,0.79448
208,5,331.68,642.62,41.52,90.67,1,1,0.84295
208,6,1130.35,353.95,43.07,80.04,1,1,0.81631
208,8,1168.16,239.84,40.48,62.7,1,1,0.83834
208,9,937.46,585.17,55.43,86.59,1,1,0.82951
208,10,410.34,409.22,44.01,82.78,1,1,0.84557
208,13,1672.67,516.63,45.88,89.94,1,1,0.82799
208,14,750.91,245.18,49.35,51.83,1,1,0.84629
208,15,1081.18,526.53,62.73,78.09,1,1,0.83664
208,18,1151.84,537.97,43.2,62.63,1,1,0.78025
208,19,1501.01,559.35,53.98,93.79,1,1,0.76743
208,20,1480.22,447.25,64.87,76.43,1,1,0.8539
208,11,1226.04,824.37,63.35,99.03,1,1,0.84336
208,7,1250.13,229.2,35.09,75.89,1,1,0.74805
208,17,1441.51,575.68,53.82,81.69,1,1,0.80732
208,26,1418.46,526.61,40.58,74.8,1,1,0.80362
208,12,1429.79,541.46,49.45,81.09,1,1,0.78984
208,4,1473.11,536.87,36.19,73.93,1,1,0.65744
209,0,514.59,600.32,44.63,101.54,1,1,0.76983
209,1,902.11,247.78,47.69,72.64,1,1,0.84865
209,2,1199.26,763.31,63.24,84.61,1,1,0.83189
209,3,1384.87,676.08,46.3,102.12,1,1,0.77887
209,5,328.26,637.15,43.89,94.02,1,1,0.83666
209,6,1129.91,352.05,43.41,80.92,1,1,0.80962
209,8,1166.2,238.71,39.93,61.61,1,1,0.8356
209,9,932.74,584.5,55.79,86.32,1,1,0.80159
209,10,407.23,407.6,42.2,82.99,1,1,0.83847
209,13,1668.38,517.12,49.98,89.69,1,1,0.82393
209,14,755.25,245.74,50.3,50.61,1,1,0.8494
209,15,1084.53,527.18,61.68,78.39,1,1,0.79504
209,18,1147.1,540.13,47.25,72.0,1,1,0.80336
209,19,1507.49,556.58,57.28,95.09,1,1,0.78345
209,20,1484.95,446.78,66.6,75.25,1,1,0.86456
209,11,1221.45,832.12,55.27,93.26,1,1,0.83889
209,7,1250.05,227.56,35.64,75.65,1,1,0.66575
209,17,1444.19,577.92,56.8,79.75,1,1,0.83004
209,26,1418.32,527.02,43.09,74.37,1,1,0.81363
209,12,1434.63,540.23,49.63,80.84,1,1,0.78515
209,4,1475.0,535.58,36.1,75.05,1,1,0.69037
210,0,510.05,593.9,44.44,96.74,1,1,0.79479
210,1,904.91,249.12,46.16,72.49,1,1,0.84194
210,2,1194.72,766.16,62.08,84.05,1,1,0.82705
210,3,1386.15,675.77,45.43,102.26,1,1,0.75238
210,5,325.12,632.27,46.34,95.22,1,1,0.83151
210,6,1129.62,350.07,42.83,80.55,1,1,0.8079
210,8,1164.35,238.05,39.28,60.19,1,1,0.82491
210,9,929.64,583.88,54.53,85.37,1,1,0.80449
210,10,404.9,406.66,38.79,81.95,1,1,0.83626
210,13,1665.53,517.5,52.83,89.09,1,1,0.82245
210,14,760.09,246.7,50.98,49.68,1,1,0.83388
210,15,1100.07,527.02,48.59,77.13,1,1,0.77284
210,18,1146.79,542.0,46.77,75.81,1,1,0.80207
210,19,1514.33,555.08,60.29,95.06,1,1,0.81872
210,20,1490.7,446.61,66.8,74.85,1,1,0.86661
210,11,1214.13,833.98,56.53,93.84,1,1,0.82269
210,17,1446.32,575.6,60.86,81.33,1,1,0.82847
210,26,1418.97,526.98,44.45,75.13,1,1,0.81661
210,12,1436.97,539.41,49.44,79.83,1,1,0.791
210,4,1476.11,535.34,39.68,83.06,1,1,0.71546
211,0,505.28,590.62,44.64,86.52,1,1,0.78832
211,1,906.56,250.94,45.54,70.83,1,1,0.84592
211,2,1189.83,769.47,59.29,84.64,1,1,0.83358
211,3,1387.17,675.15,45.01,102.33,1,1,0.75178
211,5,322.16,626.39,48.21,97.35,1,1,0.83513
211,6,1128.47,348.76,42.42,79.72,1,1,0.80742
211,8,1162.06,237.16,39.37,58.48,1,1,0.8247
211,9,929.01,582.4,52.57,85.76,1,1,0.8148
211,10,402.06,406.36,35.7,79.76,1,1,0.83441
211,13,1664.54,518.14,53.85,89.1,1,1,0.82704
211,14,768.07,247.68,47.56,48.11,1,1,0.838
211,15,1108.0,528.03,42.73,71.46,1,1,0.76912
211,18,1146.25,544.94,45.18,75.95,1,1,0.80312
211,19,1517.52,554.7,59.66,94.85,1,1,0.81006
211,20,1497.91,446.4,66.92,74.82,1,1,0.86717
211,11,1203.85,835.98,62.21,90.9,1,1,0.82789
211,17,1449.68,574.98,65.07,78.31,1,1,0.82493
211,26,1418.85,526.36,47.3,75.73,1,1,0.82731
211,12,1439.23,537.73,50.89,79.45,1,1,0.79973
211,4,1480.67,536.75,40.6,81.42,1,1,0.64238
211,7,1251.2,225.12,36.08,72.45,1,1,0.66586
212,0,499.99,585.96,44.68,86.08,1,1,0.7986
212,1,911.06,252.3,42.51,70.31,1,1,0.84653
212,2,1184.62,773.18,60.08,83.66,1,1,0.85205
212,3,1387.58,674.73,45.08,102.58,1,1,0.79285
212,5,320.26,620.98,47.55,95.13,1,1,0.84707
212,6,1127.67,347.66,41.85,78.91,1,1,0.81737
212,8,1159.36,237.13,41.01,57.78,1,1,0.83409
212,9,927.72,580.53,50.78,87.51,1,1,0.82466
212,10,395.86,405.76,36.83,79.13,1,1,0.84543
212,13,1665.42,518.89,52.96,89.83,1,1,0.833
212,14,773.47,248.66,46.29,51.13,1,1,0.85226
212,15,1110.38,529.41,42.2,74.6,1,1,0.79313
212,18,1146.49,548.05,43.25,74.57,1,1,0.81795
212,19,1520.73,554.05,60.5,94.63,1,1,0.83499
212,20,1505.18,446.63,69.66,74.21,1,1,0.85586
212,11,1193.23,836.21,66.61,88.97,1,1,0.8429
212,17,1454.0,575.01,67.88,76.46,1,1,0.83218
212,26,1419.45,526.13,49.97,75.5,1,1,0.83128
212,12,1440.12,536.15,52.74,80.25,1,1,0.82288
212,4,1484.84,533.29,39.21,61.82,1,1,0.70321
212,7,1252.33,224.14,36.11,71.52,1,1,0.76793
213,0,496.34,581.41,42.58,87.28,1,1,0.7738
213,1,916.0,252.85,40.74,70.15,1,1,0.84187
213,2,1177.39,775.73,63.61,83.46,1,1,0.84351
213,3,1387.6,673.99,45.96,103.44,1,1,0.78379
213,5,319.84,618.28,46.52,88.73,1,1,0.84608
213,6,1126.62,346.21,41.82,79.03,1,1,0.81704
213,8,1156.61,236.54,43.26,58.53,1,1,0.8306
213,9,926.24,577.63,49.42,86.22,1,1,0.81166
213,10,388.31,405.56,39.98,78.19,1,1,0.84685
213,13,1667.26,519.4,51.16,90.99,1,1,0.83506
213,14,778.05,250.16,46.53,52.56,1,1,0.84742
213,15,1111.11,531.3,43.51,75.26,1,1,0.79181
213,18,1146.26,551.15,41.5,73.33,1,1,0.79995
213,19,1526.64,552.96,64.41,91.01,1,1,0.84324
213,20,1512.95,447.36,69.97,73.29,1,1,0.83393
213,11,1181.77,832.29,68.93,90.84,1,1,0.7503
213,17,1463.48,574.02,67.38,76.99,1,1,0.8124
213,26,1420.47,525.24,51.96,76.63,1,1,0.83912
213,12,1444.5,534.83,52.35,80.2,1,1,0.79808
213,4,1487.23,531.16,39.28,53.96,1,1,0.74913
213,7,1252.54,223.04,36.18,71.2,1,1,0.79617
214,0,493.29,576.79,42.67,90.75,1,1,0.7775
214,1,918.66,253.49,39.74,71.39,1,1,0.8367
214,2,1171.85,776.56,67.04,84.15,1,1,0.86738
214,3,1387.33,673.61,46.2,104.24,1,1,0.79278
214,5,318.64,613.3,48.5,87.92,1,1,0.85118
214,6,1125.49,344.64,42.11,78.08,1,1,0.82251
214,8,1153.35,235.18,46.1,59.71,1,1,0.83949
214,9,922.32,574.23,50.57,86.75,1,1,0.82897
214,10,381.13,405.62,42.36,79.06,1,1,0.8494
214,13,1669.01,519.91,49.07,91.66,1,1,0.84058
214,14,781.03,251.99,48.51,54.04,1,1,0.85921
214,15,1111.01,533.64,44.02,74.39,1,1,0.77995
214,18,1145.14,554.23,40.81,71.71,1,1,0.77779
214,19,1532.54,550.89,64.5,91.0,1,1,0.85288
214,20,1521.46,448.19,60.68,72.28,1,1,0.83549
214,11,1168.59,840.19,69.73,91.23,1,1,0.81092
214,17,1474.53,572.29,63.09,79.09,1,1,0.76032
214,26,1422.23,524.31,52.85,77.88,1,1,0.84338
214,12,1446.86,534.01,52.05,78.38,1,1,0.78152
214,4,1488.65,529.13,38.62,52.6,1,1,0.73792
214,7,1253.1,222.59,35.77,70.18,1,1,0.79812
215,0,489.44,571.45,43.95,92.79,1,1,0.65871
215,1,919.71,254.18,39.47,73.84,1,1,0.83446
215,2,1164.59,778.89,70.09,83.43,1,1,0.86982
215,3,1387.89,672.6,46.38,105.64,1,1,0.80489
215,5,317.58,608.46,49.22,90.07,1,1,0.85625
215,6,1123.8,343.58,41.99,76.5,1,1,0.82556
215,8,1150.62,233.78,49.0,60.95,1,1,0.84877
215,9,919.95,569.57,49.93,88.8,1,1,0.84242
215,10,374.73,405.97,44.14,79.78,1,1,0.84754
215,13,1670.31,519.56,47.66,92.38,1,1,0.84178
215,14,788.34,253.5,45.57,55.24,1,1,0.85524
215,15,1113.36,536.0,42.77,71.92,1,1,0.8044
215,18,1142.77,557.52,41.27,62.98,1,1,0.74442
215,19,1536.2,548.16,68.04,92.85,1,1,0.86157
215,20,1529.9,448.5,55.36,72.08,1,1,0.85078
215,11,1155.9,848.64,62.86,89.5,1,1,0.76878
215,17,1493.55,572.54,49.15,82.35,1,1,0.81063
215,26,1424.54,524.69,53.7,78.3,1,1,0.85356
215,12,1450.98,533.46,52.03,78.55,1,1,0.79584
215,4,1490.61,528.08,39.13,54.79,1,1,0.73714
215,7,1253.47,222.37,35.79,68.51,1,1,0.80011
215,30,1570.34,454.36,35.21,57.83,1,1,0.79366
216,0,484.25,566.32,44.41,94.15,1,1,0.73008
216,1,920.48,255.16,39.49,76.48,1,1,0.84305
216,2,1156.05,780.31,71.3,87.52,1,1,0.84882
216,3,1388.3,671.77,46.1,106.99,1,1,0.81583
216,5,316.71,605.27,49.72,90.07,1,1,0.8483
216,6,1122.59,341.98,41.34,74.64,1,1,0.82041
216,8,1148.38,232.51,51.95,61.76,1,1,0.85753
216,9,919.09,565.55,48.07,88.05,1,1,0.83689
216,10,368.9,407.02,45.12,79.56,1,1,0.84916
216,13,1671.16,518.97,46.14,92.98,1,1,0.8315
216,14,796.28,254.55,40.02,55.12,1,1,0.85243
216,15,1115.99,537.22,40.95,70.62,1,1,0.76539
216,18,1138.84,561.49,40.01,78.42,1,1,0.74647
216,19,1539.84,544.46,69.32,95.6,1,1,0.86109
216,20,1537.39,449.78,53.06,70.81,1,1,0.85407
216,11,1142.95,853.53,55.51,89.4,1,1,0.81927
216,17,1504.09,571.7,44.86,84.74,1,1,0.81598
216,26,1427.32,523.47,54.48,78.89,1,1,0.84739
216,12,1455.92,532.56,50.03,78.32,1,1,0.78646
216,4,1493.6,527.1,40.68,53.44,1,1,0.68645
216,7,1253.58,222.12,36.19,67.48,1,1,0.80811
216,30,1576.81,455.17,32.58,56.59,1,1,0.79398
217,0,481.06,560.96,42.82,92.01,1,1,0.7296
217,1,921.18,257.08,39.39,77.16,1,1,0.83171
217,2,1146.95,781.65,66.41,91.75,1,1,0.83369
217,3,1389.07,670.61,45.54,108.47,1,1,0.80927
217,5,316.17,599.92,49.3,93.3,1,1,0.84519
217,6,1121.53,340.85,41.29,72.46,1,1,0.81891
217,8,1145.21,231.59,54.98,62.66,1,1,0.86247
217,9,919.27,562.37,46.07,86.19,1,1,0.83018
217,10,363.09,407.23,46.0,79.78,1,1,0.84988
217,13,1670.72,515.05,45.17,96.91,1,1,0.83372
217,14,805.1,254.58,33.72,55.7,1,1,0.83473
217,15,1118.11,539.19,42.99,73.65,1,1,0.77291
217,19,1548.43,540.86,64.25,98.32,1,1,0.85461
217,20,1543.02,450.45,55.16,69.97,1,1,0.85223
217,11,1129.29,855.43,56.04,87.79,1,1,0.8357
217,17,1511.18,569.03,44.99,88.55,1,1,0.83275
217,26,1431.24,522.05,53.78,81.8,1,1,0.8334
217,12,1467.34,531.29,42.93,81.9,1,1,0.76032
217,4,1495.0,525.96,40.47,52.48,1,1,0.66621
217,7,1253.31,221.2,37.33,67.49,1,1,0.81892
217,30,1581.94,456.04,34.98,54.32,1,1,0.78739
218,0,478.29,555.95,41.74,89.94,1,1,0.74705
218,1,922.09,259.06,39.59,77.49,1,1,0.82878
218,2,1139.75,783.49,59.81,93.84,1,1,0.84616
218,3,1388.78,669.27,45.96,110.21,1,1,0.82257
218,5,316.71,593.6,47.26,93.39,1,1,0.84343
218,6,1120.06,340.7,41.19,70.3,1,1,0.8177
218,8,1141.8,230.14,56.7,64.01,1,1,0.85826
218,9,918.37,559.23,45.1,86.81,1,1,0.82803
218,10,357.97,406.92,47.21,80.44,1,1,0.85175
218,13,1670.04,518.64,45.15,93.71,1,1,0.82547
218,14,809.02,255.31,34.14,55.35,1,1,0.84151
218,15,1119.65,541.21,43.32,79.04,1,1,0.78779
218,19,1555.89,538.28,62.02,98.88,1,1,0.84582
218,20,1546.33,450.95,58.25,69.67,1,1,0.85964
218,11,1116.79,856.09,57.88,90.39,1,1,0.81193
218,17,1514.59,567.09,46.86,90.53,1,1,0.8352
218,26,1434.42,520.34,53.33,82.69,1,1,0.84082
218,12,1473.96,529.57,38.67,82.5,1,1,0.76544
218,4,1497.89,525.35,38.42,55.02,1,1,0.71187
218,7,1253.3,220.35,38.16,67.84,1,1,0.82422
218,30,1586.87,457.86,37.67,54.49,1,1,0.78186
219,0,475.79,550.63,39.2,84.04,1,1,0.74853
219,1,923.27,260.39,38.99,77.95,1,1,0.82286
219,2,1129.08,786.39,63.71,92.84,1,1,0.8601
219,3,1388.67,668.39,46.17,110.79,1,1,0.8179
219,5,317.66,586.64,44.37,91.8,1,1,0.84017
219,6,1119.48,340.21,40.94,69.64,1,1,0.81318
219,8,1139.21,228.72,56.35,64.01,1,1,0.85844
219,9,917.5,555.7,45.22,88.09,1,1,0.81898
219,10,353.09,405.92,47.73,81.55,1,1,0.84883
219,13,1668.93,520.84,46.01,91.98,1,1,0.82772
219,14,813.95,256.4,34.06,54.73,1,1,0.83586
219,15,1119.72,541.16,41.47,83.22,1,1,0.759
219,19,1565.06,535.97,58.41,98.03,1,1,0.85117
219,20,1548.19,450.97,60.59,69.65,1,1,0.87117
219,11,1105.0,856.67,57.01,84.5,1,1,0.80852
219,17,1518.18,565.06,50.45,92.32,1,1,0.84087
219,26,1442.5,518.77,48.11,82.13,1,1,0.8214
219,12,1481.2,528.05,37.12,85.9,1,1,0.73044
219,4,1499.47,523.75,37.57,59.45,1,1,0.66666
219,7,1252.02,219.01,39.22,69.19,1,1,0.8295
219,30,1589.41,459.28,42.25,53.69,1,1,0.79239
220,1,926.17,262.05,38.14,77.63,1,1,0.8138
220,2,1120.23,788.11,69.53,91.04,1,1,0.871
220,3,1388.0,667.64,46.49,110.79,1,1,0.82378
220,5,319.41,581.11,41.12,88.0,1,1,0.8361
220,6,1119.27,340.24,40.17,68.55,1,1,0.81111
220,8,1136.05,227.16,54.52,64.06,1,1,0.85307
220,9,917.25,552.41,43.89,89.4,1,1,0.80657
220,10,347.52,404.23,49.58,82.57,1,1,0.84651
220,13,1666.42,522.38,47.87,90.32,1,1,0.8367
220,14,816.92,256.77,36.76,56.81,1,1,0.84573
220,15,1119.43,541.83,40.28,75.38,1,1,0.7504
220,19,1574.08,534.67,55.92,94.99,1,1,0.84871
220,20,1551.7,451.4,61.92,68.91,1,1,0.87268
220,11,1093.03,858.59,67.18,83.85,1,1,0.80927
220,17,1521.1,562.24,53.54,94.45,1,1,0.85402
220,26,1450.65,517.46,41.88,80.66,1,1,0.82099
220,12,1483.02,526.61,40.05,87.82,1,1,0.75567
220,4,1497.99,520.99,40.97,61.04,1,1,0.72003
220,7,1251.73,217.41,38.55,70.92,1,1,0.82839
220,30,1592.53,460.4,46.37,56.56,1,1,0.80836
220,18,1129.83,574.06,38.05,81.7,1,1,0.71774
221,1,929.63,263.21,36.83,77.65,1,1,0.81188
221,2,1112.35,789.66,75.75,89.08,1,1,0.88859
221,3,1387.81,666.55,45.97,110.75,1,1,0.82551
221,5,318.54,576.42,41.65,88.75,1,1,0.84533
221,6,1118.44,339.46,40.5,68.64,1,1,0.81094
221,8,1133.32,225.65,50.4,63.11,1,1,0.85405
221,9,917.88,549.36,42.22,89.18,1,1,0.79994
221,10,341.16,402.68,52.94,83.97,1,1,0.86028
221,13,1667.04,523.65,47.55,89.09,1,1,0.84512
221,14,818.83,257.33,41.02,59.92,1,1,0.85436
221,15,1119.31,544.23,39.71,68.14,1,1,0.7078
221,19,1579.11,534.34,57.53,91.28,1,1,0.85557
221,20,1555.79,452.67,63.52,67.7,1,1,0.86519
221,11,1081.25,860.58,71.07,92.68,1,1,0.82872
221,17,1521.9,560.05,57.61,95.22,1,1,0.85039
221,26,1457.96,516.91,36.47,80.52,1,1,0.80668
221,12,1486.07,523.35,42.26,89.87,1,1,0.77111
221,4,1500.62,518.41,39.47,63.85,1,1,0.65274
221,7,1251.65,215.9,38.1,72.23,1,1,0.83147
221,30,1598.94,461.3,47.72,58.78,1,1,0.79313
221,18,1128.04,571.4,37.21,86.52,1,1,0.68047
221,0,470.51,541.96,37.57,83.82,1,1,0.72313
222,1,931.88,264.37,35.68,77.26,1,1,0.81222
222,2,1102.52,789.86,80.57,86.78,1,1,0.88543
222,3,1387.3,665.71,45.83,110.75,1,1,0.83128
222,5,317.47,570.11,43.46,92.24,1,1,0.84268
222,6,1117.09,339.69,39.6,67.51,1,1,0.80304
222,8,1128.56,223.8,47.37,61.78,1,1,0.85565
222,9,918.45,546.1,40.71,90.44,1,1,0.80712
222,10,335.8,401.32,55.1,84.43,1,1,0.86642
222,13,1669.0,524.55,47.02,87.77,1,1,0.84553
222,14,821.2,258.31,44.12,62.7,1,1,0.8576
222,15,1119.67,545.78,38.76,67.04,1,1,0.70821
222,19,1584.05,532.94,58.9,89.66,1,1,0.85644
222,20,1562.72,454.09,63.04,66.35,1,1,0.855
222,11,1072.2,863.8,67.0,97.29,1,1,0.83733
222,17,1524.93,557.91,60.27,94.83,1,1,0.84883
222,26,1461.25,516.58,35.15,81.68,1,1,0.80028
222,12,1488.29,522.89,40.9,88.33,1,1,0.77317
222,4,1504.79,515.4,36.96,69.67,1,1,0.65355
222,7,1251.14,214.83,38.07,72.43,1,1,0.83517
222,30,1609.37,461.96,45.76,60.9,1,1,0.81785
222,0,467.36,537.3,38.35,87.02,1,1,0.76846
223,1,933.47,265.47,35.3,76.04,1,1,0.81562
223,2,1094.83,790.75,77.35,86.19,1,1,0.87141
223,3,1386.29,665.15,46.15,109.77,1,1,0.81844
223,5,315.99,564.69,45.52,95.9,1,1,0.83606
223,6,1116.61,338.78,39.49,68.12,1,1,0.80788
223,8,1123.57,222.04,45.98,61.02,1,1,0.85087
223,9,918.8,542.65,39.47,90.77,1,1,0.80543
223,10,333.3,399.68,54.06,84.36,1,1,0.85929
223,13,1670.19,524.95,47.22,87.29,1,1,0.83757
223,14,826.27,259.1,43.22,63.88,1,1,0.85173
223,15,1118.3,547.51,37.62,69.19,1,1,0.67196
223,19,1589.42,532.36,59.76,88.4,1,1,0.85269
223,20,1570.87,455.81,61.39,64.69,1,1,0.84749
223,11,1059.37,867.04,67.7,97.89,1,1,0.82417
223,17,1531.21,555.8,60.41,91.54,1,1,0.82977
223,26,1464.25,516.12,34.31,84.02,1,1,0.80216
223,12,1490.22,522.17,40.49,87.24,1,1,0.75354
223,4,1508.12,511.96,35.89,71.86,1,1,0.72085
223,7,1251.13,213.31,38.09,73.26,1,1,0.83773
223,30,1619.49,463.08,44.59,61.2,1,1,0.81521
223,0,465.3,531.56,37.55,90.16,1,1,0.66076
223,18,1119.61,578.33,40.14,90.11,1,1,0.66783
224,1,935.04,266.67,34.89,75.24,1,1,0.7993
224,2,1087.56,791.74,71.4,86.29,1,1,0.86268
224,3,1384.44,664.38,47.21,109.22,1,1,0.82684
224,5,315.62,558.96,46.62,95.88,1,1,0.8151
224,6,1115.94,338.75,39.9,68.14,1,1,0.80653
224,8,1118.84,220.49,46.08,61.38,1,1,0.84733
224,9,919.04,540.25,38.37,88.65,1,1,0.81271
224,10,333.24,397.88,50.42,83.74,1,1,0.85457
224,13,1670.95,525.59,47.7,86.49,1,1,0.83715
224,14,832.33,260.63,40.47,64.18,1,1,0.85072
224,15,1117.82,548.08,37.04,68.08,1,1,0.68574
224,19,1596.75,531.19,58.59,86.41,1,1,0.85217
224,20,1580.27,457.25,57.39,63.13,1,1,0.84606
224,11,1049.54,869.66,59.66,96.46,1,1,0.81292
224,17,1538.1,555.02,58.85,87.14,1,1,0.84187
224,26,1466.91,515.64,33.37,84.01,1,1,0.80467
224,12,1493.95,521.69,39.93,86.62,1,1,0.69944
224,4,1512.17,508.94,34.18,72.79,1,1,0.70614
224,7,1251.7,211.91,38.24,73.6,1,1,0.83185
224,30,1626.81,464.91,46.61,62.22,1,1,0.82463
224,0,463.71,526.43,37.15,89.83,1,1,0.67178
224,18,1117.62,586.29,41.01,88.69,1,1,0.73556
225,1,936.06,267.63,35.22,75.77,1,1,0.77565
225,2,1080.36,793.55,63.78,85.53,1,1,0.86206
225,3,1383.34,664.01,47.67,108.96,1,1,0.8163
225,5,316.91,553.65,44.88,84.66,1,1,0.80453
225,6,1114.62,338.32,41.67,68.36,1,1,0.80159
225,8,1113.76,219.43,47.98,61.95,1,1,0.85031
225,9,918.65,538.95,38.13,85.31,1,1,0.8127
225,10,334.94,396.23,46.55,83.01,1,1,0.84533
225,13,1671.26,525.48,48.56,86.23,1,1,0.83063
225,14,837.52,261.82,39.89,64.01,1,1,0.85121
225,15,1118.55,551.28,36.0,63.23,1,1,0.66859
225,19,1605.73,529.9,54.77,87.07,1,1,0.84859
225,20,1591.81,458.26,52.29,64.05,1,1,0.84261
225,11,1040.31,873.77,58.03,94.14,1,1,0.86241
225,17,1543.05,554.11,58.43,84.85,1,1,0.84045
225,26,1468.23,516.28,34.65,84.38,1,1,0.80752
225,12,1497.2,525.12,40.43,87.04,1,1,0.68758
225,4,1514.55,508.7,34.76,77.53,1,1,0.65538
225,7,1251.78,211.25,38.31,72.65,1,1,0.82747
225,30,1634.61,466.78,46.67,61.51,1,1,0.81357
226,1,937.18,268.53,35.77,77.83,1,1,0.75855
226,2,1070.61,796.33,60.17,84.38,1,1,0.851
226,3,1381.66,663.4,48.45,109.29,1,1,0.82472
226,5,319.86,549.23,41.76,80.9,1,1,0.81087
226,6,1114.41,337.02,41.93,68.67,1,1,0.80574
226,8,1109.86,218.81,48.56,60.2,1,1,0.85167
226,9,917.9,538.46,38.56,81.02,1,1,0.81314
226,10,334.57,394.57,44.19,80.88,1,1,0.84203
226,13,1671.29,525.43,47.98,85.83,1,1,0.82636
226,14,841.51,262.82,39.71,63.56,1,1,0.84924
226,15,1119.32,559.29,37.31,58.18,1,1,0.69367
226,19,1615.87,529.77,52.15,87.32,1,1,0.84477
226,20,1597.93,459.05,52.55,64.62,1,1,0.8243
226,11,1024.23,875.36,67.11,95.1,1,1,0.87095
226,17,1552.14,552.99,52.77,83.81,1,1,0.82192
226,26,1469.58,517.07,33.99,82.98,1,1,0.80668
226,12,1501.07,523.37,44.87,84.3,1,1,0.74178
226,4,1513.41,512.17,38.88,78.85,1,1,0.6597
226,7,1250.55,209.84,38.65,71.76,1,1,0.83538
226,30,1642.1,468.3,46.95,61.75,1,1,0.80888
226,18,1113.32,602.85,40.01,86.32,1,1,0.71148
227,1,938.03,269.56,35.98,77.88,1,1,0.75815
227,2,1060.33,798.84,62.34,83.02,1,1,0.86171
227,3,1380.22,663.1,49.28,110.72,1,1,0.83143
227,5,319.89,543.42,41.49,82.83,1,1,0.82011
227,6,1113.05,336.13,40.57,67.36,1,1,0.80291
227,8,1106.28,218.92,47.77,57.87,1,1,0.85132
227,9,917.69,536.86,39.75,78.12,1,1,0.82242
227,10,330.77,393.32,45.75,78.97,1,1,0.84627
227,13,1672.63,525.28,45.93,84.59,1,1,0.81287
227,14,844.92,263.29,40.82,63.74,1,1,0.84645
227,15,1120.67,564.5,37.16,55.74,1,1,0.64712
227,19,1625.72,531.13,48.77,87.45,1,1,0.84378
227,20,1601.89,460.62,53.51,64.55,1,1,0.83558
227,11,1007.61,877.09,75.99,98.09,1,1,0.87682
227,17,1560.84,551.67,48.12,84.27,1,1,0.83724
227,26,1471.24,517.64,34.16,82.27,1,1,0.80458
227,12,1503.04,522.24,46.18,83.99,1,1,0.75652
227,4,1514.27,514.82,41.61,80.76,1,1,0.6899
227,7,1249.67,208.68,39.01,70.78,1,1,0.84225
227,30,1648.1,471.01,47.75,60.78,1,1,0.82339
227,18,1112.32,610.05,40.47,81.83,1,1,0.76424
227,0,454.0,511.09,39.12,91.38,1,1,0.66989
228,1,939.27,271.21,35.88,78.0,1,1,0.65684
228,2,1050.53,800.73,68.87,84.8,1,1,0.87292
228,3,1379.53,662.54,49.42,111.36,1,1,0.84105
228,5,320.14,538.28,41.8,85.7,1,1,0.82422
228,6,1110.5,335.47,41.03,67.45,1,1,0.80346
228,8,1103.42,218.51,45.98,58.73,1,1,0.85369
228,9,917.53,534.92,40.15,75.29,1,1,0.82744
228,10,326.39,392.11,48.15,78.06,1,1,0.85396
228,13,1675.43,525.42,43.18,80.39,1,1,0.78947
228,14,847.83,264.13,41.68,66.9,1,1,0.85081
228,15,1121.69,567.57,36.84,59.82,1,1,0.70593
228,19,1633.36,531.44,48.25,87.94,1,1,0.84087
228,20,1604.84,461.7,54.88,64.86,1,1,0.85119
228,11,994.81,878.26,78.52,101.86,1,1,0.8672
228,17,1569.55,549.84,43.31,85.28,1,1,0.84544
228,26,1472.42,517.87,34.43,81.87,1,1,0.81536
228,12,1507.02,519.93,45.46,86.09,1,1,0.76416
228,4,1519.48,515.09,40.03,84.55,1,1,0.68183
228,7,1249.78,207.01,38.3,70.55,1,1,0.84741
228,30,1652.28,472.55,50.0,59.74,1,1,0.83906
228,18,1112.22,614.22,40.66,78.49,1,1,0.79255
229,1,940.1,273.65,36.75,78.42,1,1,0.69438
229,2,1039.53,801.56,75.91,87.34,1,1,0.8807
229,3,1378.67,662.02,49.86,111.41,1,1,0.84531
229,5,321.26,533.13,41.09,89.28,1,1,0.83341
229,6,1107.7,334.33,41.65,68.01,1,1,0.8028
229,8,1100.07,217.08,41.84,59.96,1,1,0.84316
229,9,918.55,531.96,39.46,73.48,1,1,0.82533
229,10,321.99,391.31,50.3,79.09,1,1,0.85772
229,13,1678.08,525.31,40.67,77.52,1,1,0.79077
229,14,850.65,265.22,42.36,69.71,1,1,0.85295
229,15,1123.38,569.57,35.36,71.63,1,1,0.74491
229,19,1637.52,532.49,48.76,86.67,1,1,0.84911
229,20,1610.1,463.21,54.74,65.49,1,1,0.83176
229,11,984.46,880.31,72.32,104.74,1,1,0.8751
229,17,1575.8,547.4,41.18,86.99,1,1,0.84748
229,26,1473.52,517.33,34.91,81.97,1,1,0.82025
229,12,1510.55,516.51,44.41,89.89,1,1,0.74434
229,4,1525.39,513.81,37.84,87.71,1,1,0.67171
229,7,1250.03,204.74,37.7,70.89,1,1,0.8501
229,30,1657.64,472.9,52.49,58.17,1,1,0.83657
229,18,1111.95,616.55,40.07,77.79,1,1,0.79872
230,1,942.06,276.31,36.29,76.1,1,1,0.70415
230,2,1030.99,801.61,76.45,90.89,1,1,0.8813
230,3,1378.22,661.83,49.6,110.45,1,1,0.84647
230,5,323.42,527.21,39.82,87.45,1,1,0.78195
230,6,1106.26,332.65,41.5,69.76,1,1,0.81041
230,8,1096.61,217.1,35.37,59.95,1,1,0.83859
230,9,919.91,529.48,38.45,72.75,1,1,0.82768
230,10,318.94,390.91,50.95,79.71,1,1,0.85627
230,13,1682.69,525.46,37.5,71.74,1,1,0.76585
230,14,853.99,266.51,43.69,71.5,1,1,0.85449
230,15,1122.24,570.72,34.02,71.33,1,1,0.74961
230,19,1639.24,533.66,54.0,84.52,1,1,0.86578
230,20,1615.96,464.31,54.22,68.91,1,1,0.8224
230,11,971.87,885.24,65.47,102.14,1,1,0.86178
230,17,1580.22,544.84,40.34,88.13,1,1,0.84782
230,26,1474.53,516.66,35.07,82.29,1,1,0.81476
230,12,1510.16,520.19,45.26,86.27,1,1,0.74636
230,4,1529.98,510.75,36.56,86.61,1,1,0.75151
230,7,1250.24,202.77,36.82,71.56,1,1,0.8497
230,30,1664.91,473.95,52.27,54.83,1,1,0.83432
230,18,1111.42,618.23,39.8,80.42,1,1,0.78866
231,2,1023.85,802.12,73.07,95.01,1,1,0.85638
231,3,1378.05,660.97,49.22,110.45,1,1,0.84261
231,5,324.21,521.03,41.27,85.05,1,1,0.77548
231,6,1104.4,330.94,42.49,70.99,1,1,0.80558
231,8,1092.78,217.22,34.66,59.7,1,1,0.83552
231,9,921.16,528.13,37.34,70.94,1,1,0.81699
231,10,317.41,390.63,49.65,80.09,1,1,0.85327
231,13,1684.6,523.32,35.5,66.12,1,1,0.73781
231,14,857.81,268.11,43.63,72.23,1,1,0.84924
231,15,1120.95,571.76,32.93,70.37,1,1,0.73969
231,19,1641.49,533.33,58.89,83.93,1,1,0.86693
231,20,1623.46,466.15,51.3,67.13,1,1,0.82096
231,11,959.21,887.62,59.86,99.95,1,1,0.86399
231,17,1583.31,541.97,41.13,89.9,1,1,0.84139
231,26,1474.94,515.7,37.13,82.96,1,1,0.812
231,12,1510.33,511.9,42.3,88.21,1,1,0.66853
231,4,1533.3,510.55,35.55,90.08,1,1,0.78324
231,7,1250.27,200.99,36.64,72.4,1,1,0.84383
231,30,1669.94,475.59,52.93,52.9,1,1,0.82434
231,18,1111.47,621.0,39.67,82.18,1,1,0.76846
232,2,1014.8,803.18,67.96,96.09,1,1,0.85774
232,3,1377.66,660.09,49.0,110.07,1,1,0.84852
232,5,324.68,515.66,43.26,83.98,1,1,0.7867
232,6,1102.21,330.13,43.15,69.67,1,1,0.80534
232,8,1088.22,216.04,36.53,59.92,1,1,0.84163
232,9,921.71,526.88,36.91,69.29,1,1,0.80917
232,10,316.7,390.21,47.42,80.29,1,1,0.84831
232,13,1689.67,523.18,34.3,62.93,1,1,0.75398
232,14,862.44,270.58,43.28,72.02,1,1,0.84349
232,15,1119.42,574.62,34.72,71.99,1,1,0.74711
232,19,1644.51,531.14,61.77,85.73,1,1,0.85609
232,20,1632.02,468.61,47.83,66.09,1,1,0.82496
232,11,945.15,888.4,62.82,98.68,1,1,0.86321
232,17,1586.64,539.21,43.69,90.99,1,1,0.83974
232,26,1475.53,514.72,37.92,83.78,1,1,0.80555
232,12,1509.03,507.97,43.48,88.15,1,1,0.64669
232,4,1536.27,510.45,34.55,90.45,1,1,0.78223
232,7,1250.29,199.53,36.37,73.08,1,1,0.84043
232,30,1674.43,476.28,56.14,52.35,1,1,0.82056
232,18,1110.97,628.26,39.64,84.78,1,1,0.7893
232,1,944.24,280.04,36.72,76.61,1,1,0.71081
233,2,1002.14,804.74,64.34,94.68,1,1,0.85488
233,3,1377.51,659.73,48.11,108.32,1,1,0.85009
233,5,327.3,510.52,42.72,79.75,1,1,0.78376
233,6,1100.61,329.86,43.47,67.32,1,1,0.81109
233,8,1083.1,214.84,40.3,59.69,1,1,0.85123
233,9,921.77,525.98,36.58,68.22,1,1,0.80358
233,10,315.88,389.48,45.59,80.08,1,1,0.84815
233,13,1691.23,523.0,34.73,59.28,1,1,0.74871
233,14,867.33,272.83,43.16,71.56,1,1,0.84897
233,15,1116.68,577.01,37.22,72.27,1,1,0.79558
233,19,1649.08,529.22,62.17,87.12,1,1,0.84667
233,20,1640.25,469.98,45.52,66.81,1,1,0.83203
233,11,930.21,888.4,69.32,97.86,1,1,0.8756
233,17,1590.21,536.28,45.51,91.09,1,1,0.85156
233,26,1476.04,513.73,38.98,83.96,1,1,0.8116
233,12,1511.05,505.16,43.61,89.1,1,1,0.6743
233,4,1538.27,509.12,34.97,90.4,1,1,0.79148
233,7,1249.88,198.51,36.75,72.77,1,1,0.83782
233,30,1679.52,476.31,60.27,59.18,1,1,0.82689
233,18,1109.83,635.83,38.61,85.89,1,1,0.76715
233,1,943.96,281.19,37.28,77.1,1,1,0.7623
233,0,440.65,480.57,37.59,85.27,1,1,0.7272
234,2,988.4,806.24,66.07,93.13,1,1,0.8656
234,3,1376.95,659.63,47.82,107.17,1,1,0.84958
234,5,329.9,504.69,41.36,78.22,1,1,0.7944
234,6,1098.76,330.11,43.07,64.21,1,1,0.81473
234,8,1077.58,213.82,44.32,60.07,1,1,0.85174
234,9,922.34,524.73,36.3,68.41,1,1,0.80128
234,10,314.94,388.72,44.64,80.02,1,1,0.84745
234,13,1694.68,522.07,35.63,60.85,1,1,0.73106
234,14,871.87,273.98,41.58,71.5,1,1,0.83529
234,15,1114.05,579.59,41.02,70.94,1,1,0.79664
234,19,1656.84,528.28,58.46,87.35,1,1,0.84718
234,20,1645.19,469.93,43.59,67.43,1,1,0.82931
234,11,915.12,888.82,76.85,96.11,1,1,0.87596
234,17,1593.89,534.59,48.69,89.26,1,1,0.85286
234,26,1476.36,513.17,39.24,83.39,1,1,0.80612
234,12,1511.46,504.75,45.46,88.55,1,1,0.65967
234,4,1538.93,508.23,37.16,88.81,1,1,0.78537
234,7,1249.44,197.68,36.59,72.34,1,1,0.83476
234,30,1687.39,477.3,59.68,62.82,1,1,0.81691
234,18,1107.23,639.7,39.52,88.54,1,1,0.78217
234,1,944.57,281.46,36.16,76.79,1,1,0.70023
234,0,438.32,475.9,37.56,83.99,1,1,0.72939
235,2,977.68,807.76,70.74,90.97,1,1,0.87739
235,3,1376.8,659.18,47.42,105.72,1,1,0.84213
235,5,332.08,499.82,41.44,77.29,1,1,0.80186
235,6,1097.75,330.47,41.63,62.74,1,1,0.80081
235,8,1071.42,213.25,48.77,60.54,1,1,0.85331
235,9,923.08,524.26,36.12,68.12,1,1,0.80193
235,10,314.47,387.8,43.25,79.37,1,1,0.84627
235,13,1696.93,520.78,35.47,58.44,1,1,0.73155
235,14,876.31,275.43,40.51,69.88,1,1,0.83197
235,15,1112.41,580.26,41.71,72.55,1,1,0.78666
235,19,1664.32,527.99,53.76,86.4,1,1,0.84656
235,20,1650.56,470.55,43.24,67.44,1,1,0.82498
235,11,902.45,888.91,76.78,97.44,1,1,0.88428
235,17,1597.12,532.42,50.88,88.37,1,1,0.83552
235,26,1476.7,511.77,38.64,84.13,1,1,0.79548
235,4,1532.61,506.88,47.02,87.99,1,1,0.80045
235,7,1249.15,197.0,36.12,71.35,1,1,0.83609
235,30,1696.71,478.85,56.07,65.97,1,1,0.82577
235,18,1105.57,643.07,38.91,87.86,1,1,0.78873
235,1,943.76,281.82,36.28,76.51,1,1,0.74729
235,0,436.53,472.15,38.26,80.35,1,1,0.76993
236,2,964.01,808.44,78.28,88.89,1,1,0.88036
236,3,1375.87,658.64,47.44,104.82,1,1,0.84372
236,5,333.04,494.34,43.1,79.51,1,1,0.81076
236,6,1096.48,329.84,39.23,63.16,1,1,0.80948
236,8,1064.88,212.4,53.48,61.1,1,1,0.86358
236,9,922.73,523.88,36.73,67.71,1,1,0.80153
236,10,314.1,386.65,41.59,77.92,1,1,0.84603
236,13,1697.53,516.56,36.42,60.28,1,1,0.70053
236,14,879.44,276.0,39.96,69.43,1,1,0.83202
236,15,1109.33,579.59,41.47,74.24,1,1,0.76432
236,19,1671.61,525.94,48.7,87.06,1,1,0.8263
236,20,1654.93,469.67,43.02,66.51,1,1,0.83578
236,11,891.58,889.74,69.84,100.28,1,1,0.86477
236,17,1599.28,530.43,53.42,87.36,1,1,0.84118
236,26,1476.18,510.47,35.68,83.65,1,1,0.78673
236,4,1533.2,507.25,50.11,88.08,1,1,0.78808
236,7,1248.0,195.96,35.65,70.1,1,1,0.83593
236,30,1705.9,479.5,50.46,67.46,1,1,0.82395
236,18,1104.51,645.49,38.34,86.53,1,1,0.79509
236,1,943.31,281.91,36.71,77.75,1,1,0.75723
236,0,434.18,467.63,38.96,78.87,1,1,0.72175
237,2,952.33,808.82,80.98,86.26,1,1,0.87462
237,3,1374.25,657.74,48.24,104.13,1,1,0.8403
237,5,333.33,487.83,44.89,82.87,1,1,0.81898
237,6,1095.0,329.43,38.54,65.42,1,1,0.79901
237,8,1058.84,211.91,56.47,60.75,1,1,0.86222
237,9,922.71,523.47,36.39,67.36,1,1,0.7893
237,10,313.97,385.23,40.6,75.96,1,1,0.84223
237,14,881.86,276.99,39.6,72.97,1,1,0.82856
237,15,1104.71,579.13,45.85,75.21,1,1,0.76201
237,19,1679.49,520.62,45.45,90.2,1,1,0.8268
237,20,1657.31,469.12,45.53,65.54,1,1,0.8376
237,11,880.99,892.18,58.22,100.22,1,1,0.85357
237,17,1601.87,528.67,54.4,86.13,1,1,0.83293
237,26,1475.44,509.05,34.28,83.77,1,1,0.79615
237,4,1543.74,505.64,42.66,88.05,1,1,0.67413
237,7,1247.28,193.55,35.57,70.03,1,1,0.83546
237,30,1713.24,479.85,46.62,70.52,1,1,0.82237
237,18,1101.37,648.0,39.45,84.52,1,1,0.8105
237,1,943.43,282.17,37.12,78.34,1,1,0.74743
237,0,431.56,463.25,40.82,79.4,1,1,0.75962
237,12,1529.0,504.28,53.69,88.87,1,1,0.75762
238,2,943.89,809.25,78.38,88.65,1,1,0.86634
238,3,1372.86,657.31,48.78,102.8,1,1,0.84043
238,5,333.04,481.29,44.89,85.13,1,1,0.82176
238,6,1093.56,329.49,38.99,67.53,1,1,0.80904
238,8,1054.46,211.55,56.79,60.14,1,1,0.85474
238,9,922.91,523.29,36.11,66.51,1,1,0.79604
238,10,313.11,383.66,40.6,74.0,1,1,0.83763
238,14,884.1,278.35,40.67,73.96,1,1,0.82916
238,15,1102.63,582.97,47.68,74.15,1,1,0.74768
238,19,1685.25,516.64,43.67,91.9,1,1,0.8318
238,20,1659.68,468.05,46.06,66.27,1,1,0.84175
238,11,865.42,894.12,53.71,99.28,1,1,0.85816
238,17,1604.65,526.86,53.74,84.63,1,1,0.82579
238,26,1475.67,507.48,34.23,83.93,1,1,0.80728
238,4,1550.51,504.72,38.22,88.18,1,1,0.70826
238,7,1245.9,191.5,36.09,68.97,1,1,0.83235
238,30,1719.13,480.96,45.98,70.73,1,1,0.79814
238,18,1098.32,650.99,40.77,84.47,1,1,0.81815
238,1,943.39,283.3,37.92,79.66,1,1,0.77891
238,0,429.37,459.71,43.54,79.42,1,1,0.79521
238,12,1528.23,499.18,49.02,87.81,1,1,0.70521
239,2,933.66,810.48,71.83,89.14,1,1,0.84592
239,3,1371.63,656.83,49.86,102.33,1,1,0.84352
239,5,333.84,476.16,44.01,87.67,1,1,0.82393
239,6,1091.75,329.72,39.69,67.58,1,1,0.79591
239,8,1050.17,211.09,55.63,59.7,1,1,0.84614
239,9,923.8,523.61,36.37,64.87,1,1,0.78595
239,10,311.5,382.25,42.41,71.72,1,1,0.84047
239,14,886.49,279.56,41.13,75.17,1,1,0.81884
239,15,1098.63,587.36,46.74,75.64,1,1,0.76276
239,19,1690.07,514.4,42.49,93.17,1,1,0.83197
239,20,1662.55,467.35,46.53,66.11,1,1,0.84272
239,11,851.47,894.76,59.19,98.8,1,1,0.86672
239,17,1608.24,524.96,51.97,82.94,1,1,0.82605
239,26,1476.66,506.31,34.84,83.74,1,1,0.80931
239,4,1553.72,504.24,37.57,88.9,1,1,0.76612
239,7,1245.42,189.57,35.96,68.55,1,1,0.82262
239,30,1724.77,481.71,45.19,72.4,1,1,0.77664
239,18,1095.31,653.66,42.83,88.86,1,1,0.82429
239,1,944.52,284.67,38.45,77.77,1,1,0.77341
239,0,427.59,456.65,44.17,77.46,1,1,0.80138
239,12,1531.0,495.3,44.35,87.62,1,1,0.69246
240,2,925.44,813.33,62.34,86.55,1,1,0.8376
240,3,1370.34,656.88,51.23,101.33,1,1,0.84556
240,5,336.04,471.26,42.72,86.77,1,1,0.82077
240,6,1089.87,330.28,40.51,66.27,1,1,0.79702
240,8,1047.2,210.71,51.56,59.81,1,1,0.82841
240,9,924.26,523.62,37.09,63.93,1,1,0.76113
240,10,310.05,381.82,43.9,69.66,1,1,0.83855
240,14,888.37,282.36,42.12,74.65,1,1,0.82526
240,15,1092.74,590.02,47.8,78.26,1,1,0.76144
240,19,1695.45,512.29,41.26,94.89,1,1,0.82854
240,20,1665.33,467.34,47.67,65.26,1,1,0.84378
240,11,834.3,895.46,70.51,98.78,1,1,0.88036
240,17,1613.02,523.77,53.41,81.94,1,1,0.8283
240,26,1477.14,505.59,36.82,83.59,1,1,0.81397
240,4,1554.81,504.11,39.04,89.23,1,1,0.77656
240,7,1244.9,187.58,35.99,69.75,1,1,0.82496
240,30,1728.94,488.05,42.81,71.35,1,1,0.67621
240,18,1092.46,657.11,43.93,93.43,1,1,0.81003
240,1,945.07,287.03,38.82,74.55,1,1,0.78102
240,12,1535.31,493.27,39.53,87.71,1,1,0.72649
241,2,911.41,815.74,63.17,83.31,1,1,0.84083
241,3,1368.95,656.56,52.14,100.57,1,1,0.84188
241,5,337.11,466.2,42.73,85.03,1,1,0.82175
241,6,1088.13,328.99,41.08,67.01,1,1,0.78417
241,8,1043.37,209.56,47.79,59.8,1,1,0.82521
241,9,924.44,522.99,37.6,64.12,1,1,0.7711
241,10,308.84,381.77,44.83,67.36,1,1,0.83679
241,14,889.89,284.4,42.25,73.6,1,1,0.82804
241,15,1090.37,592.86,48.2,81.71,1,1,0.7689
241,19,1699.58,511.1,40.55,94.28,1,1,0.82648
241,20,1668.18,466.67,49.31,65.09,1,1,0.84932
241,11,817.19,896.07,78.83,99.55,1,1,0.87114
241,17,1616.16,520.97,53.89,84.11,1,1,0.82718
241,26,1476.58,504.31,39.82,84.0,1,1,0.80002
241,4,1555.36,503.17,40.35,89.98,1,1,0.76349
241,7,1243.84,186.01,36.37,69.91,1,1,0.82318
241,30,1734.2,485.19,44.22,74.17,1,1,0.76102
241,18,1089.74,661.23,44.31,96.28,1,1,0.8159
241,1,944.7,289.04,39.29,75.26,1,1,0.78135
241,12,1538.8,490.07,35.53,85.36,1,1,0.72643
242,2,901.04,816.69,68.03,83.89,1,1,0.84344
242,3,1368.82,655.8,52.78,101.16,1,1,0.84622
242,5,339.92,460.85,43.71,81.92,1,1,0.81995
242,6,1086.79,327.74,40.29,67.7,1,1,0.78767
242,8,1041.31,208.03,43.45,60.11,1,1,0.82219
242,9,924.11,522.55,39.2,64.17,1,1,0.76512
242,10,310.09,381.54,43.38,66.67,1,1,0.82561
242,14,891.29,285.95,42.86,72.24,1,1,0.82788
242,15,1088.83,594.93,48.39,82.28,1,1,0.81713
242,19,1703.65,509.77,41.82,94.31,1,1,0.82095
242,20,1671.75,465.66,51.17,65.49,1,1,0.85083
242,11,806.12,895.43,75.25,103.24,1,1,0.85891
242,17,1620.9,517.83,52.98,85.69,1,1,0.81981
242,26,1476.15,503.27,41.92,84.78,1,1,0.76718
242,4,1560.74,501.16,37.22,91.42,1,1,0.77708
242,7,1243.55,184.67,36.91,70.15,1,1,0.82257
242,30,1738.39,484.12,46.57,77.13,1,1,0.81689
242,18,1087.88,664.84,44.64,99.29,1,1,0.82616
242,1,945.7,291.18,40.25,75.87,1,1,0.78886
242,12,1542.51,486.94,33.03,89.09,1,1,0.75312
242,0,423.97,439.22,37.3,81.89,1,1,0.7547
243,2,897.07,817.2,69.81,84.13,1,1,0.84346
243,3,1368.44,655.75,53.0,101.39,1,1,0.8462
243,5,340.58,459.29,44.07,80.75,1,1,0.8201
243,6,1086.02,327.5,40.0,67.97,1,1,0.78689
243,8,1040.46,207.7,41.88,60.22,1,1,0.82245
243,9,923.63,522.64,39.8,64.22,1,1,0.7651
243,10,310.3,381.7,42.81,66.46,1,1,0.8257
243,14,891.36,286.69,43.09,71.71,1,1,0.82776
243,15,1087.94,595.88,48.44,82.45,1,1,0.81707
243,19,1704.63,509.55,42.3,94.3,1,1,0.8209
243,20,1672.62,465.5,51.89,65.64,1,1,0.85082
243,11,802.11,895.38,73.56,104.62,1,1,0.85877
243,17,1622.17,516.92,52.62,86.3,1,1,0.81972
243,26,1475.58,503.13,42.76,85.06,1,1,0.76717
243,4,1562.36,500.64,35.94,91.96,1,1,0.77702
243,7,1243.12,184.48,37.1,70.26,1,1,0.82337
243,30,1739.45,483.91,47.46,78.26,1,1,0.81691
243,18,1086.86,666.35,44.74,100.4,1,1,0.82612
243,1,945.71,292.14,40.61,76.15,1,1,0.78816
243,12,1543.32,486.06,32.23,90.48,1,1,0.75296
243,0,423.69,437.24,36.05,82.69,1,1,0.75421
244,2,879.18,815.47,79.09,88.0,1,1,0.83191
244,3,1367.28,653.54,54.36,100.73,1,1,0.83923
244,5,345.11,451.81,47.87,75.55,1,1,0.81552
244,6,1083.8,326.85,39.83,66.04,1,1,0.78315
244,8,1034.55,204.39,39.92,63.08,1,1,0.81801
244,9,923.37,519.73,38.99,65.03,1,1,0.76565
244,10,311.68,381.45,41.41,65.23,1,1,0.81908
244,14,893.03,287.39,42.17,70.82,1,1,0.82622
244,15,1083.16,599.34,52.46,77.53,1,1,0.82259
244,19,1711.55,508.46,41.31,92.51,1,1,0.82064
244,20,1680.53,462.5,49.93,66.89,1,1,0.84835
244,11,783.8,895.78,61.69,106.05,1,1,0.83735
244,17,1626.77,511.49,49.38,89.26,1,1,0.80434
244,26,1475.07,501.01,45.59,85.29,1,1,0.70997
244,4,1568.5,497.46,34.1,91.33,1,1,0.76419
244,7,1244.43,181.92,35.81,70.23,1,1,0.82134
244,30,1748.18,483.65,47.55,79.73,1,1,0.75395
244,18,1083.08,671.71,48.22,97.83,1,1,0.8455
244,1,946.13,293.8,42.41,76.28,1,1,0.80323
244,12,1546.18,482.92,33.06,94.21,1,1,0.77731
244,0,422.12,429.6,35.86,79.34,1,1,0.73876
245,2,868.63,814.93,80.01,91.83,1,1,0.84658
245,3,1367.14,652.52,53.86,99.31,1,1,0.84417
245,5,348.45,445.65,47.34,76.28,1,1,0.81236
245,6,1082.52,327.15,40.5,64.17,1,1,0.78893
245,8,1030.26,202.48,41.33,65.72,1,1,0.82263
245,9,924.4,517.74,38.16,65.81,1,1,0.73421
245,10,311.93,380.66,40.86,64.0,1,1,0.8209
245,14,895.16,288.46,42.4,72.16,1,1,0.82149
245,15,1078.54,601.8,52.77,74.93,1,1,0.81565
245,19,1718.69,507.31,41.1,91.99,1,1,0.82479
245,20,1689.3,460.36,46.06,67.4,1,1,0.84101
245,11,769.26,896.61,61.37,104.92,1,1,0.85126
245,17,1629.26,507.72,46.16,90.23,1,1,0.82138
245,26,1474.82,499.87,46.88,84.26,1,1,0.75091
245,4,1572.06,495.58,34.56,89.16,1,1,0.77784
245,7,1246.17,180.1,35.48,69.71,1,1,0.82338
245,30,1755.04,487.04,48.29,80.91,1,1,0.77646
245,18,1080.14,678.02,51.19,92.73,1,1,0.85765
245,1,946.32,295.05,43.95,77.56,1,1,0.80637
245,12,1548.82,481.29,34.41,94.85,1,1,0.79521
245,0,421.28,425.12,37.0,75.48,1,1,0.77669
246,2,860.25,814.29,68.29,94.55,1,1,0.79733
246,3,1367.25,650.79,53.12,98.88,1,1,0.82805
246,5,353.17,439.79,46.86,77.76,1,1,0.82211
246,6,1080.92,327.17,41.7,63.78,1,1,0.78401
246,8,1025.9,201.58,44.59,66.62,1,1,0.82052
246,9,925.62,516.36,37.58,66.13,1,1,0.67073
246,10,312.47,380.42,40.81,62.56,1,1,0.82521
246,14,896.7,290.14,43.39,72.97,1,1,0.8122
246,15,1075.65,602.04,51.96,80.93,1,1,0.80323
246,19,1724.64,506.23,41.11,90.61,1,1,0.82423
246,20,1697.08,458.63,43.17,68.07,1,1,0.82775
246,11,753.79,896.54,68.08,103.09,1,1,0.85073
246,17,1630.88,504.74,43.91,89.67,1,1,0.81917
246,26,1475.31,499.44,46.98,83.39,1,1,0.75295
246,4,1574.89,494.19,35.66,87.71,1,1,0.77597
246,7,1247.35,178.75,36.01,69.94,1,1,0.82754
246,30,1762.29,485.76,46.9,82.74,1,1,0.81096
246,18,1078.47,681.94,53.67,88.43,1,1,0.8589
246,1,947.14,295.97,44.26,78.63,1,1,0.80327
246,12,1551.38,480.63,34.87,94.02,1,1,0.79802
246,0,421.25,421.62,36.86,73.05,1,1,0.80017
247,2,850.93,815.14,63.97,93.56,1,1,0.83882
247,3,1368.2,649.09,51.63,98.84,1,1,0.82656
247,5,357.06,432.52,47.12,81.15,1,1,0.82452
247,6,1080.45,325.76,42.25,64.83,1,1,0.7843
247,8,1021.68,200.91,47.86,66.73,1,1,0.82139
247,9,927.23,515.45,37.95,65.71,1,1,0.68715
247,10,312.1,380.09,43.33,61.51,1,1,0.82839
247,14,899.15,291.61,44.51,75.01,1,1,0.81677
247,15,1073.78,603.34,52.57,82.77,1,1,0.80592
247,19,1729.79,503.72,42.59,90.35,1,1,0.82417
247,20,1703.62,456.3,40.87,70.0,1,1,0.82257
247,11,737.54,896.01,75.31,99.86,1,1,0.84678
247,17,1633.14,502.03,43.12,88.73,1,1,0.81541
247,26,1476.82,498.62,47.78,82.38,1,1,0.77355
247,4,1578.99,491.84,35.94,88.15,1,1,0.77315
247,7,1248.8,177.34,36.52,68.65,1,1,0.83061
247,30,1767.28,487.13,47.17,80.93,1,1,0.81413
247,18,1076.8,684.43,54.85,85.09,1,1,0.85407
247,1,949.26,296.37,43.13,79.8,1,1,0.80337
247,12,1554.29,479.91,35.81,93.17,1,1,0.80703
247,0,422.67,417.42,36.41,74.56,1,1,0.80427
248,2,837.82,816.48,66.25,91.81,1,1,0.85442
248,3,1369.36,647.52,50.08,99.44,1,1,0.82071
248,5,360.98,427.84,47.92,80.92,1,1,0.82647
248,6,1080.75,324.99,43.13,66.55,1,1,0.79198
248,8,1018.22,199.99,49.34,67.53,1,1,0.83008
248,9,929.04,517.55,38.94,63.02,1,1,0.70138
248,10,311.14,380.37,46.44,60.29,1,1,0.84053
248,14,902.55,294.33,46.0,76.1,1,1,0.82766
248,15,1072.04,606.03,49.99,81.93,1,1,0.79533
248,19,1735.1,503.26,44.96,88.41,1,1,0.83874
248,20,1708.58,453.91,40.43,71.7,1,1,0.83377
248,11,724.05,895.68,78.64,99.23,1,1,0.86955
248,17,1635.32,500.46,43.53,88.21,1,1,0.81995
248,26,1477.81,497.99,47.31,83.19,1,1,0.7904
248,4,1581.54,490.42,37.53,87.75,1,1,0.78315
248,7,1251.25,175.94,36.58,69.51,1,1,0.83604
248,30,1773.96,488.5,46.81,78.65,1,1,0.808
248,18,1075.95,687.57,56.8,87.98,1,1,0.85049
248,1,950.91,297.56,42.33,79.32,1,1,0.81207
248,12,1555.05,479.53,39.7,93.04,1,1,0.81554
248,0,425.3,412.39,35.84,76.24,1,1,0.80019
249,2,828.43,816.14,72.43,91.04,1,1,0.85743
249,3,1370.98,646.06,47.66,100.19,1,1,0.80763
249,5,364.25,422.89,46.41,80.76,1,1,0.7966
249,6,1081.7,325.52,43.35,65.82,1,1,0.78398
249,8,1016.4,200.58,49.2,67.43,1,1,0.81818
249,9,931.08,518.91,39.98,60.66,1,1,0.74619
249,10,311.37,379.71,46.67,59.93,1,1,0.82871
249,14,907.1,297.72,46.37,74.52,1,1,0.8322
249,15,1070.38,609.91,47.41,83.92,1,1,0.81236
249,19,1739.89,502.0,46.78,88.06,1,1,0.82159
249,20,1713.6,451.74,42.21,75.18,1,1,0.82306
249,11,715.63,896.06,71.01,100.5,1,1,0.85155
249,17,1637.44,499.32,44.98,87.53,1,1,0.809
249,26,1478.86,497.92,46.75,83.89,1,1,0.78177
249,4,1587.15,489.36,37.29,88.4,1,1,0.75248
249,7,1255.61,174.54,35.36,70.89,1,1,0.83602
249,30,1782.97,488.65,47.19,76.49,1,1,0.79237
249,18,1074.92,690.78,57.3,93.99,1,1,0.81969
249,1,954.01,299.05,41.13,78.18,1,1,0.81211
249,12,1556.02,479.45,43.44,93.42,1,1,0.81594
249,0,428.82,407.53,34.1,72.38,1,1,0.77771
250,2,817.04,817.12,80.02,87.82,1,1,0.86502
250,3,1372.07,644.88,43.21,100.52,1,1,0.81614
250,5,366.84,417.62,47.33,79.78,1,1,0.81223
250,6,1082.43,325.18,43.14,68.49,1,1,0.77907
250,8,1015.03,200.97,46.18,66.66,1,1,0.81222
250,9,932.88,519.09,39.45,59.42,1,1,0.71183
250,10,310.46,379.99,45.33,59.01,1,1,0.82223
250,14,911.07,299.88,46.69,73.67,1,1,0.83187
250,15,1068.02,613.45,45.88,87.46,1,1,0.80761
250,19,1743.36,503.2,47.92,84.73,1,1,0.82759
250,20,1718.51,449.64,42.29,78.77,1,1,0.82432
250,11,705.64,896.38,60.56,100.88,1,1,0.83993
250,17,1639.97,499.22,46.03,87.75,1,1,0.80795
250,26,1479.94,497.87,46.47,83.69,1,1,0.79457
250,4,1592.36,486.98,37.67,89.69,1,1,0.76361
250,7,1258.4,173.3,34.52,71.13,1,1,0.8317
250,30,1788.92,488.95,51.7,75.68,1,1,0.80094
250,18,1072.43,696.39,57.16,98.08,1,1,0.83138
250,1,955.31,301.22,41.23,77.09,1,1,0.8175
250,12,1555.16,478.74,47.8,93.24,1,1,0.81642
250,0,430.72,402.66,34.86,75.0,1,1,0.78678
251,2,805.79,817.43,83.72,88.96,1,1,0.84611
251,3,1372.04,643.83,40.85,101.55,1,1,0.8189
251,5,369.53,413.29,45.95,78.22,1,1,0.80846
251,6,1082.61,325.05,42.56,69.46,1,1,0.79728
251,8,1013.94,198.39,39.47,68.84,1,1,0.8056
251,9,934.48,520.18,40.75,57.85,1,1,0.75577
251,10,309.46,380.89,43.9,57.51,1,1,0.82121
251,14,914.63,301.35,45.85,72.73,1,1,0.8233
251,15,1065.78,616.96,44.08,88.37,1,1,0.80807
251,19,1746.33,502.3,49.26,84.46,1,1,0.83504
251,20,1723.47,447.49,43.11,82.37,1,1,0.82917
251,11,691.42,896.9,55.36,100.65,1,1,0.84534
251,17,1643.21,498.68,46.57,88.11,1,1,0.82051
251,26,1481.02,497.48,46.12,85.14,1,1,0.80101
251,4,1596.6,484.23,39.41,90.18,1,1,0.78127
251,7,1261.45,171.6,33.68,72.1,1,1,0.82959
251,30,1794.21,489.99,55.69,77.74,1,1,0.81246
251,18,1069.18,701.64,56.19,101.53,1,1,0.8234
251,1,955.42,304.01,41.68,75.66,1,1,0.82332
251,12,1554.77,477.92,51.28,92.79,1,1,0.82951
251,0,432.77,398.74,34.65,73.35,1,1,0.80143
252,2,798.47,817.81,76.15,92.14,1,1,0.81265
252,3,1373.21,643.22,39.2,101.62,1,1,0.8127
252,5,373.1,408.9,44.78,75.99,1,1,0.82098
252,6,1083.34,325.55,41.32,69.38,1,1,0.80784
252,8,1012.76,196.23,34.67,71.18,1,1,0.79609
252,9,937.25,520.21,41.61,56.52,1,1,0.74098
252,10,309.19,381.36,44.69,55.89,1,1,0.81845
252,14,917.84,302.46,44.28,71.58,1,1,0.82538
252,15,1063.5,619.87,44.93,86.64,1,1,0.81663
252,19,1749.84,504.34,49.27,80.73,1,1,0.82726
252,20,1728.51,446.17,43.98,84.08,1,1,0.82616
252,11,677.38,895.75,57.47,100.8,1,1,0.83567
252,17,1649.53,499.06,44.37,87.71,1,1,0.8257
252,26,1484.27,497.39,44.04,85.18,1,1,0.80048
252,4,1601.08,482.15,40.24,85.38,1,1,0.79126
252,7,1264.63,170.21,33.07,71.99,1,1,0.82727
252,30,1800.68,491.12,56.96,78.99,1,1,0.81376
252,18,1066.97,706.91,54.92,101.25,1,1,0.84072
252,1,956.72,306.61,41.91,73.57,1,1,0.82205
252,12,1556.44,477.4,52.73,91.87,1,1,0.82839
252,0,435.43,395.47,34.92,70.99,1,1,0.81242
252,37,1220.31,560.19,39.22,73.35,1,1,0.64488
253,2,792.57,818.56,68.47,94.73,1,1,0.82299
253,3,1373.29,642.43,39.2,101.39,1,1,0.81038
253,5,376.81,404.42,43.85,74.94,1,1,0.82868
253,6,1083.97,326.34,39.6,69.76,1,1,0.80202
253,8,1009.95,192.54,34.01,73.79,1,1,0.7995
253,9,939.28,520.42,42.5,58.75,1,1,0.77537
253,10,308.56,381.52,47.21,55.1,1,1,0.83174
253,14,920.79,303.83,43.01,70.56,1,1,0.81485
253,15,1058.92,620.73,49.75,86.1,1,1,0.82265
253,19,1754.36,503.63,48.46,80.25,1,1,0.83269
253,20,1732.74,445.35,44.68,84.79,1,1,0.82379
253,11,659.33,893.99,70.4,100.55,1,1,0.85479
253,17,1654.45,498.3,44.73,87.25,1,1,0.82682
253,26,1486.89,496.96,42.61,84.05,1,1,0.80058
253,4,1606.5,480.53,40.59,84.18,1,1,0.78445
253,7,1267.1,168.97,32.4,71.59,1,1,0.83091
253,30,1807.26,492.32,53.8,81.13,1,1,0.79559
253,18,1064.21,711.76,54.41,98.37,1,1,0.84433
253,1,957.59,308.8,42.71,71.63,1,1,0.82081
253,12,1559.25,476.36,52.88,92.05,1,1,0.8271
253,0,437.55,392.28,35.61,69.93,1,1,0.82228
253,13,1752.29,493.62,46.24,60.26,1,1,0.6539
254,2,784.41,819.97,62.96,94.06,1,1,0.81389
254,3,1372.7,641.7,39.28,100.86,1,1,0.80074
254,5,380.82,399.55,41.97,76.06,1,1,0.81831
254,6,1083.62,326.9,39.27,68.58,1,1,0.79758
254,8,1007.93,193.49,34.53,71.61,1,1,0.79576
254,9,939.51,520.22,43.73,64.59,1,1,0.78672
254,10,307.35,381.32,48.44,57.02,1,1,0.81349
254,14,922.17,304.31,42.12,71.37,1,1,0.80783
254,15,1052.44,620.29,56.18,87.61,1,1,0.80847
254,19,1760.57,502.48,46.15,79.2,1,1,0.82246
254,20,1736.27,444.58,45.93,85.72,1,1,0.81131
254,11,640.75,892.72,80.28,100.42,1,1,0.8584
254,17,1659.07,497.27,43.88,86.59,1,1,0.81572
254,26,1489.08,496.58,40.9,84.95,1,1,0.79151
254,4,1611.79,479.15,40.58,84.42,1,1,0.77556
254,7,1268.73,167.92,32.04,70.71,1,1,0.82574
254,30,1812.62,493.9,52.28,81.5,1,1,0.8046
254,18,1060.36,715.86,56.13,94.24,1,1,0.83664
254,1,957.78,311.03,43.46,69.81,1,1,0.8066
254,12,1563.6,474.76,51.67,92.24,1,1,0.81373
254,0,438.77,388.99,37.3,69.8,1,1,0.81573
255,2,774.91,822.32,60.02,91.42,1,1,0.82394
255,3,1373.01,640.58,40.28,101.66,1,1,0.81251
255,5,385.59,394.29,40.08,78.06,1,1,0.81771
255,6,1082.57,327.37,39.95,67.19,1,1,0.79804
255,8,1006.16,191.43,36.32,73.24,1,1,0.80634
255,9,939.62,520.1,44.67,70.52,1,1,0.77587
255,10,306.4,381.23,49.22,60.09,1,1,0.80047
255,14,923.34,305.7,42.62,74.11,1,1,0.80669
255,15,1047.57,620.97,61.87,92.05,1,1,0.81735
255,19,1766.66,498.95,44.51,80.78,1,1,0.81446
255,20,1739.6,444.52,47.38,87.61,1,1,0.79944
255,11,630.13,892.28,78.42,99.27,1,1,0.8389
255,17,1663.7,495.95,44.31,86.18,1,1,0.80044
255,26,1492.43,495.91,39.13,85.8,1,1,0.78721
255,4,1617.04,477.92,39.53,82.83,1,1,0.77838
255,7,1269.92,166.92,32.82,70.12,1,1,0.82699
255,30,1817.99,494.77,50.88,82.99,1,1,0.82502
255,18,1057.51,718.9,58.91,90.47,1,1,0.83342
255,1,957.8,312.33,45.66,71.74,1,1,0.81504
255,12,1568.46,472.91,50.45,91.99,1,1,0.79995
255,0,439.84,385.4,39.05,69.93,1,1,0.80811
256,2,761.27,824.9,66.88,88.34,1,1,0.82633
256,3,1372.37,639.57,41.89,102.71,1,1,0.81418
256,5,390.52,389.4,38.45,79.81,1,1,0.81585
256,6,1081.65,328.01,40.35,68.14,1,1,0.79875
256,8,1004.38,191.17,38.59,74.86,1,1,0.80295
256,9,940.45,520.91,44.38,74.67,1,1,0.79072
256,10,304.46,381.13,51.33,62.55,1,1,0.80906
256,14,924.23,308.54,42.21,75.26,1,1,0.80454
256,15,1042.7,624.61,67.08,94.0,1,1,0.82298
256,19,1772.36,494.06,43.04,84.08,1,1,0.80534
256,20,1742.38,444.48,47.44,89.64,1,1,0.80161
256,11,620.08,890.77,70.36,103.92,1,1,0.82983
256,17,1667.71,493.96,43.76,86.71,1,1,0.79333
256,26,1495.35,495.19,38.12,85.5,1,1,0.79138
256,4,1620.72,476.11,39.32,85.54,1,1,0.79534
256,7,1271.05,165.88,33.55,69.23,1,1,0.8225
256,30,1823.44,496.68,49.27,82.92,1,1,0.82031
256,18,1055.82,723.11,61.91,90.5,1,1,0.84192
256,1,958.21,313.57,47.36,74.21,1,1,0.81121
256,12,1574.38,471.53,48.29,90.32,1,1,0.80522
256,0,442.37,381.42,38.28,69.6,1,1,0.81188
257,2,747.09,826.36,76.14,89.22,1,1,0.84588
257,3,1371.07,638.89,44.52,102.15,1,1,0.81727
257,5,394.7,384.62,39.05,82.09,1,1,0.81435
257,6,1081.57,327.64,41.28,67.33,1,1,0.80318
257,8,1001.95,190.34,42.06,78.02,1,1,0.81211
257,9,941.49,521.75,43.76,75.73,1,1,0.79492
257,10,303.54,381.48,53.05,65.39,1,1,0.82449
257,14,924.86,311.56,42.46,75.4,1,1,0.8058
257,15,1039.27,628.19,58.43,93.82,1,1,0.76649
257,19,1777.42,491.15,42.22,85.22,1,1,0.80031
257,20,1744.57,444.0,47.02,89.64,1,1,0.80144
257,11,613.84,890.51,56.28,106.0,1,1,0.82442
257,17,1670.75,492.05,44.06,87.78,1,1,0.80469
257,26,1497.79,494.37,37.41,85.83,1,1,0.79592
257,4,1624.92,474.27,38.65,85.97,1,1,0.80936
257,7,1272.52,164.4,33.96,68.49,1,1,0.82469
257,30,1828.37,500.1,47.38,80.06,1,1,0.82176
257,18,1051.4,725.26,66.69,96.61,1,1,0.84054
257,1,959.64,315.41,47.4,76.5,1,1,0.8176
257,12,1580.82,469.14,44.85,91.33,1,1,0.79867
257,0,444.0,377.51,38.44,69.69,1,1,0.8155
258,2,734.25,826.4,81.24,90.91,1,1,0.84461
258,3,1368.82,638.05,48.42,101.92,1,1,0.82604
258,5,398.61,380.55,40.18,81.57,1,1,0.82086
258,6,1081.56,327.8,41.92,71.05,1,1,0.80296
258,8,999.52,190.52,44.5,79.13,1,1,0.81602
258,9,941.89,523.91,45.05,74.09,1,1,0.8117
258,10,303.97,381.67,49.03,66.48,1,1,0.81832
258,14,925.13,312.93,43.21,75.62,1,1,0.80769
258,15,1036.75,630.49,50.21,82.54,1,1,0.76748
258,19,1781.59,487.5,41.81,86.06,1,1,0.8066
258,20,1746.99,443.2,46.3,89.55,1,1,0.81458
258,11,606.33,887.66,48.12,108.56,1,1,0.82542
258,17,1674.26,490.38,43.77,88.19,1,1,0.80983
258,26,1499.35,493.52,37.06,85.37,1,1,0.80763
258,4,1629.29,471.35,38.49,85.39,1,1,0.81405
258,7,1273.71,162.91,34.48,68.02,1,1,0.83064
258,30,1832.9,501.98,46.88,78.31,1,1,0.82379
258,18,1047.06,726.45,69.32,102.49,1,1,0.84011
258,1,960.51,316.71,47.77,77.75,1,1,0.82272
258,12,1586.85,466.67,42.3,91.62,1,1,0.80893
258,0,442.26,373.73,41.53,68.47,1,1,0.81565
259,2,728.68,826.49,83.3,91.54,1,1,0.84469
259,3,1367.23,637.88,49.93,101.84,1,1,0.82613
259,5,399.26,379.31,40.61,81.36,1,1,0.82082
259,6,1080.87,327.96,42.17,72.43,1,1,0.80303
259,8,997.92,190.74,45.45,79.55,1,1,0.81615
259,9,941.32,524.86,45.53,73.39,1,1,0.81178
259,10,303.51,381.86,47.36,66.89,1,1,0.81827
259,14,924.47,313.49,43.48,75.71,1,1,0.80775
259,15,1035.39,631.31,47.13,77.96,1,1,0.76744
259,19,1782.26,486.28,41.67,86.38,1,1,0.80663
259,20,1747.05,443.03,46.02,89.47,1,1,0.81464
259,11,603.98,886.69,45.54,109.52,1,1,0.82541
259,17,1674.76,489.92,43.66,88.35,1,1,0.80979
259,26,1499.2,493.33,36.95,85.19,1,1,0.80764
259,4,1630.11,470.41,38.42,85.18,1,1,0.81405
259,7,1273.42,162.5,34.65,67.85,1,1,0.83051
259,30,1833.7,502.74,46.7,77.65,1,1,0.82391
259,18,1044.65,726.91,70.34,104.75,1,1,0.84018
259,1,960.12,317.25,47.88,78.24,1,1,0.82264
259,12,1588.25,465.9,41.37,91.74,1,1,0.809
259,0,440.87,372.59,42.68,68.05,1,1,0.81571
260,2,715.53,825.15,64.1,99.03,1,1,0.7866
260,3,1365.84,635.93,55.0,101.16,1,1,0.83302
260,5,405.94,373.19,41.17,77.73,1,1,0.82119
260,6,1080.92,327.28,40.18,73.66,1,1,0.79592
260,8,997.79,191.8,44.15,77.99,1,1,0.80269
260,9,940.61,525.53,49.69,70.45,1,1,0.82438
260,10,303.57,381.31,45.38,65.26,1,1,0.82585
260,14,926.72,315.15,42.69,70.81,1,1,0.80973
260,15,1032.3,635.4,47.29,87.07,1,1,0.82105
260,19,1786.55,478.3,46.94,91.85,1,1,0.81964
260,20,1753.02,440.1,43.76,88.85,1,1,0.82333
260,11,581.39,880.13,59.58,110.1,1,1,0.84321
260,17,1681.33,485.78,41.94,89.17,1,1,0.76154
260,26,1502.05,490.8,36.78,85.58,1,1,0.80618
260,4,1637.79,466.22,38.95,83.71,1,1,0.81532
260,7,1277.22,159.35,34.91,67.7,1,1,0.82673
260,30,1839.54,504.05,47.48,75.08,1,1,0.82882
260,18,1038.41,730.81,68.53,106.18,1,1,0.82889
260,1,961.24,318.88,48.37,75.78,1,1,0.81901
260,12,1594.85,461.93,40.56,91.35,1,1,0.8108
260,0,445.15,366.65,42.52,68.64,1,1,0.82034
261,2,704.86,825.84,63.2,99.49,1,1,0.8317
261,3,1366.61,634.28,57.72,100.86,1,1,0.83928
261,5,411.56,368.32,39.55,74.81,1,1,0.8253
261,6,1079.81,326.71,41.17,74.16,1,1,0.80131
261,8,997.08,192.67,41.51,76.3,1,1,0.8072
261,9,939.42,525.06,52.83,68.42,1,1,0.81718
261,10,304.87,381.29,45.22,63.4,1,1,0.83346
261,14,927.02,316.58,43.1,70.28,1,1,0.81697
261,15,1028.04,636.95,51.34,89.28,1,1,0.83681
261,19,1790.74,474.87,50.43,93.34,1,1,0.82499
261,20,1758.76,437.95,41.21,88.7,1,1,0.81991
261,11,567.31,875.02,65.37,104.32,1,1,0.84495
261,17,1687.03,483.46,40.58,89.14,1,1,0.78862
261,26,1504.96,489.45,35.9,85.15,1,1,0.8075
261,4,1643.5,463.61,39.72,82.55,1,1,0.82165
261,7,1280.44,157.47,35.25,68.59,1,1,0.82906
261,30,1844.58,504.23,47.74,74.2,1,1,0.83867
261,18,1034.13,733.21,65.16,105.12,1,1,0.83111
261,1,962.07,319.94,50.49,73.14,1,1,0.82994
261,12,1599.22,459.41,40.47,90.01,1,1,0.82651
261,0,448.55,362.01,42.38,69.57,1,1,0.83085
262,2,694.81,826.27,63.35,97.91,1,1,0.84844
262,3,1369.08,632.48,58.5,100.25,1,1,0.8355
262,5,416.51,362.63,40.43,73.69,1,1,0.81764
262,6,1082.13,326.68,39.45,72.46,1,1,0.78715
262,8,998.67,193.01,38.38,74.09,1,1,0.7992
262,9,938.89,524.36,57.23,69.7,1,1,0.8269
262,10,304.06,379.06,48.7,64.44,1,1,0.84369
262,14,926.74,316.32,42.1,73.21,1,1,0.81227
262,15,1024.74,638.11,55.99,87.81,1,1,0.84339
262,19,1794.9,473.41,53.91,92.3,1,1,0.805
262,20,1765.01,435.47,39.73,88.84,1,1,0.8145
262,11,557.21,871.04,65.21,97.19,1,1,0.83886
262,17,1691.3,481.39,40.51,88.11,1,1,0.77449
262,26,1508.35,487.57,35.4,85.65,1,1,0.80756
262,4,1648.94,461.11,40.94,82.54,1,1,0.81496
262,7,1283.87,154.94,35.18,68.94,1,1,0.82673
262,30,1850.95,503.36,47.17,72.76,1,1,0.82135
262,18,1029.85,733.57,63.11,103.51,1,1,0.83436
262,1,962.82,319.17,50.76,71.52,1,1,0.82212
262,12,1603.78,457.58,40.61,88.24,1,1,0.82139
262,0,452.91,356.61,42.29,70.68,1,1,0.82055
263,2,690.11,827.38,63.43,97.26,1,1,0.84848
263,3,1368.56,632.78,58.77,100.01,1,1,0.83548
263,5,416.83,361.63,40.76,73.31,1,1,0.81764
263,6,1081.63,327.62,38.79,71.78,1,1,0.78723
263,8,997.97,194.09,37.23,73.26,1,1,0.79924
263,9,937.14,525.02,58.95,70.17,1,1,0.82691
263,10,302.35,379.18,49.96,64.82,1,1,0.84367
263,14,925.13,317.09,41.73,74.31,1,1,0.8123
263,15,1022.03,639.42,57.79,87.19,1,1,0.84347
263,19,1794.9,473.93,55.27,91.86,1,1,0.80496
263,20,1765.74,435.52,39.22,88.86,1,1,0.81447
263,11,552.29,870.57,65.07,94.54,1,1,0.83912
263,17,1691.34,481.63,40.5,87.72,1,1,0.77477
263,26,1508.15,487.84,35.23,85.84,1,1,0.80755
263,4,1649.43,461.18,41.4,82.55,1,1,0.81496
263,7,1283.67,154.98,35.14,69.08,1,1,0.82671
263,30,1851.71,503.92,46.96,72.25,1,1,0.82131
263,18,1026.94,734.54,62.33,102.85,1,1,0.83436
263,1,961.6,319.75,50.85,70.94,1,1,0.8221
263,12,1603.92,457.9,40.68,87.58,1,1,0.82133
263,0,453.07,355.66,42.24,71.09,1,1,0.82052
264,2,674.78,821.05,79.25,98.93,1,1,0.8546
264,3,1375.45,628.52,57.99,100.04,1,1,0.83164
264,5,430.0,350.28,39.7,75.4,1,1,0.82469
264,6,1086.71,326.63,38.48,68.34,1,1,0.79848
264,8,998.26,192.59,38.02,69.44,1,1,0.81734
264,9,938.77,520.69,59.78,73.4,1,1,0.7868
264,10,304.95,375.64,55.09,68.07,1,1,0.83561
264,14,928.42,314.18,43.38,78.45,1,1,0.81848
264,15,1021.76,638.37,60.98,87.17,1,1,0.83671
264,19,1803.47,467.77,46.42,91.5,1,1,0.7765
264,20,1778.26,430.92,36.78,89.24,1,1,0.80692
264,11,548.19,864.6,55.86,93.99,1,1,0.83772
264,17,1701.24,478.79,40.56,86.27,1,1,0.80692
264,26,1514.5,484.29,35.07,86.17,1,1,0.79788
264,4,1660.08,458.14,42.96,79.84,1,1,0.83495
264,7,1292.52,150.07,34.06,69.56,1,1,0.83225
264,30,1860.72,498.97,47.34,71.73,1,1,0.80746
264,18,1025.02,733.46,60.53,99.8,1,1,0.83215
264,1,965.4,316.97,51.54,75.19,1,1,0.82465
264,12,1612.57,453.26,41.48,86.87,1,1,0.82889
264,0,464.84,345.83,40.65,72.65,1,1,0.81247
265,2,660.62,813.26,89.86,102.22,1,1,0.85354
265,3,1379.72,626.07,57.05,100.22,1,1,0.82992
265,5,438.24,342.36,39.62,77.42,1,1,0.81693
265,6,1088.76,325.81,40.51,68.38,1,1,0.81077
265,8,999.3,191.19,39.16,67.69,1,1,0.81536
265,9,941.08,520.1,55.54,74.62,1,1,0.75016
265,10,305.1,373.63,57.04,70.47,1,1,0.8317
265,14,929.68,314.95,44.39,77.45,1,1,0.82661
265,15,1019.77,636.79,63.33,92.23,1,1,0.83395
265,19,1808.49,463.14,44.21,92.07,1,1,0.78281
265,20,1785.67,428.46,36.03,89.6,1,1,0.80228
265,11,539.98,859.95,49.76,94.17,1,1,0.82399
265,17,1707.57,476.48,41.06,86.66,1,1,0.80353
265,26,1517.61,482.67,36.15,88.29,1,1,0.81023
265,4,1666.7,457.02,44.19,78.34,1,1,0.83059
265,7,1297.41,147.25,33.63,70.0,1,1,0.82887
265,30,1863.94,497.47,51.76,71.59,1,1,0.81115
265,18,1022.17,733.41,61.75,101.5,1,1,0.84475
265,1,966.93,316.6,51.57,78.1,1,1,0.82337
265,12,1618.66,450.8,43.04,86.6,1,1,0.83835
265,0,472.48,339.81,40.2,71.66,1,1,0.82032
266,2,650.94,813.08,92.09,102.9,1,1,0.83707
266,3,1385.19,624.15,55.65,99.55,1,1,0.83398
266,5,446.19,335.75,41.14,79.41,1,1,0.81853
266,6,1091.11,324.6,44.76,69.78,1,1,0.81241
266,8,1002.21,189.83,41.02,67.49,1,1,0.82575
266,9,944.24,521.07,53.2,74.31,1,1,0.7666
266,10,307.28,372.19,56.61,72.26,1,1,0.82881
266,14,932.49,315.33,45.42,75.97,1,1,0.83146
266,15,1018.82,636.04,63.39,97.39,1,1,0.82652
266,19,1815.68,459.14,41.92,91.62,1,1,0.7983
266,20,1792.73,426.39,35.94,90.38,1,1,0.80769
266,11,529.77,855.58,50.86,94.7,1,1,0.83388
266,17,1715.1,474.43,40.92,86.12,1,1,0.80844
266,26,1523.02,481.49,37.07,89.98,1,1,0.8158
266,4,1675.2,455.48,43.8,78.4,1,1,0.82051
266,7,1303.6,144.29,33.44,70.11,1,1,0.83184
266,30,1872.32,496.68,48.76,68.66,1,1,0.79389
266,18,1021.77,735.46,62.27,104.19,1,1,0.83303
266,1,971.23,316.87,49.71,80.73,1,1,0.82835
266,12,1625.92,448.44,43.88,87.25,1,1,0.82934
266,0,480.61,334.44,39.85,67.22,1,1,0.81684
267,2,646.78,812.83,84.75,104.6,1,1,0.82669
267,3,1391.66,621.62,54.95,99.39,1,1,0.83228
267,5,455.89,331.38,42.73,77.16,1,1,0.82787
267,6,1094.98,322.87,48.13,71.59,1,1,0.82012
267,8,1006.85,188.12,41.97,68.26,1,1,0.83573
267,9,946.92,520.96,53.22,73.47,1,1,0.78855
267,10,310.64,371.1,53.53,71.06,1,1,0.83121
267,14,937.06,315.65,46.28,73.38,1,1,0.83723
267,15,1018.74,638.68,55.75,97.79,1,1,0.81042
267,19,1823.1,456.78,40.82,90.97,1,1,0.77989
267,20,1801.87,424.79,35.97,90.39,1,1,0.8027
267,11,517.49,850.51,61.56,95.55,1,1,0.85385
267,17,1723.39,472.97,40.82,86.68,1,1,0.80938
267,26,1529.13,480.74,37.41,89.76,1,1,0.81778
267,4,1684.74,454.66,43.01,77.26,1,1,0.82897
267,7,1311.6,142.25,33.83,71.27,1,1,0.83533
267,30,1879.38,495.52,43.6,66.62,1,1,0.76941
267,18,1019.2,736.76,64.5,105.06,1,1,0.83102
267,1,975.77,318.04,46.68,81.7,1,1,0.83585
267,12,1634.53,446.52,44.49,87.73,1,1,0.8279
267,0,492.35,329.06,39.12,66.5,1,1,0.82323
268,2,648.47,813.32,76.0,103.47,1,1,0.83481
268,3,1399.87,619.46,53.32,98.77,1,1,0.8256
268,5,467.5,326.21,42.3,74.42,1,1,0.83173
268,6,1100.35,322.52,50.07,71.99,1,1,0.82722
268,8,1012.57,186.5,42.83,67.49,1,1,0.82623
268,9,950.79,520.3,53.96,72.82,1,1,0.8204
268,10,317.33,370.94,50.75,68.51,1,1,0.83701
268,14,943.42,315.69,46.94,69.69,1,1,0.82078
268,15,1020.91,640.07,51.52,97.15,1,1,0.81975
268,19,1831.28,454.87,40.96,89.1,1,1,0.80084
268,20,1812.02,423.53,35.5,89.61,1,1,0.81323
268,11,505.29,845.37,78.4,96.43,1,1,0.87268
268,17,1732.63,471.1,41.01,86.86,1,1,0.81512
268,26,1536.56,479.7,38.11,89.6,1,1,0.82165
268,4,1694.88,453.29,43.66,77.39,1,1,0.82132
268,7,1321.1,140.55,32.83,70.81,1,1,0.82445
268,30,1890.55,494.82,32.99,69.17,1,1,0.71456
268,18,1015.57,736.4,67.46,105.89,1,1,0.84484
268,1,981.28,319.86,44.34,79.48,1,1,0.83014
268,12,1644.78,444.5,44.71,88.61,1,1,0.83326
268,0,504.97,324.01,38.9,67.79,1,1,0.82539
269,2,650.67,810.88,69.16,103.68,1,1,0.86585
269,3,1408.65,617.12,50.26,98.78,1,1,0.81769
269,5,480.15,321.49,44.18,71.99,1,1,0.83701
269,6,1107.5,321.09,49.84,73.87,1,1,0.81447
269,8,1017.59,186.09,46.17,69.76,1,1,0.81901
269,9,955.37,519.5,56.44,72.25,1,1,0.8385
269,10,325.39,370.26,49.51,66.79,1,1,0.83775
269,14,949.81,315.02,48.63,67.52,1,1,0.8275
269,15,1023.57,641.27,48.13,96.21,1,1,0.83151
269,19,1840.67,451.33,39.72,90.23,1,1,0.81895
269,20,1821.69,423.3,35.54,88.99,1,1,0.81903
269,11,499.56,839.58,88.54,96.5,1,1,0.88076
269,17,1742.64,469.2,40.78,87.5,1,1,0.81234
269,26,1544.45,479.26,39.33,89.61,1,1,0.83062
269,4,1706.1,451.3,43.49,78.73,1,1,0.83821
269,7,1331.49,138.84,32.33,70.81,1,1,0.83183
269,30,1896.27,494.94,26.43,69.27,1,1,0.754
269,18,1015.65,736.44,66.2,106.17,1,1,0.84003
269,1,986.1,320.44,45.82,76.26,1,1,0.82544
269,12,1655.28,442.94,45.3,88.55,1,1,0.83921
269,0,518.93,318.61,39.48,69.07,1,1,0.83478
270,2,648.99,808.16,60.11,102.13,1,1,0.86057
270,3,1416.71,613.59,46.87,99.33,1,1,0.83113
270,5,493.23,316.96,44.54,69.29,1,1,0.83552
270,6,1114.32,319.57,47.34,75.02,1,1,0.81035
270,8,1023.78,186.2,46.66,70.35,1,1,0.82904
270,9,959.23,517.38,57.55,73.08,1,1,0.83126
270,10,331.74,367.63,49.88,66.44,1,1,0.8403
270,14,957.6,314.38,48.46,69.38,1,1,0.83108
270,15,1025.83,641.82,47.15,95.47,1,1,0.83397
270,19,1849.51,448.58,38.31,89.92,1,1,0.80898
270,20,1830.91,422.08,36.02,89.26,1,1,0.81455
270,11,498.57,832.92,89.47,97.42,1,1,0.88622
270,17,1751.27,466.92,40.57,87.5,1,1,0.80875
270,26,1551.19,478.33,39.45,90.02,1,1,0.83085
270,4,1716.41,448.38,42.97,78.98,1,1,0.82453
270,7,1341.17,136.66,31.25,70.27,1,1,0.8315
270,30,1905.42,489.37,16.23,72.25,1,1,0.64975
270,18,1018.77,736.85,62.1,104.83,1,1,0.8345
270,1,993.93,321.75,46.93,73.36,1,1,0.83673
270,12,1664.68,440.94,45.3,87.55,1,1,0.83812
270,0,531.94,312.82,40.56,69.53,1,1,0.8256
271,2,644.04,804.96,60.49,101.16,1,1,0.85884
271,3,1423.86,611.95,43.56,99.31,1,1,0.81619
271,5,507.24,312.8,44.44,67.86,1,1,0.83451
271,6,1121.51,319.74,44.27,74.17,1,1,0.81197
271,8,1030.41,186.34,45.21,70.21,1,1,0.82569
271,9,962.87,516.4,57.83,76.18,1,1,0.81198
271,10,337.66,367.25,54.43,68.42,1,1,0.84212
271,14,964.29,314.44,48.16,72.24,1,1,0.82598
271,15,1027.43,642.58,51.31,93.75,1,1,0.8334
271,19,1857.39,446.19,38.27,89.96,1,1,0.81308
271,20,1838.08,420.98,37.5,89.36,1,1,0.8172
271,11,501.52,827.35,81.27,98.03,1,1,0.87519
271,17,1759.37,465.2,40.92,88.16,1,1,0.79668
271,26,1557.12,478.46,40.59,89.95,1,1,0.82123
271,4,1725.53,446.17,42.88,79.9,1,1,0.82022
271,7,1350.02,135.58,30.44,70.61,1,1,0.8185
271,18,1024.53,737.49,52.98,101.54,1,1,0.8229
271,1,1000.42,322.09,49.18,71.73,1,1,0.84147
271,12,1672.77,439.38,45.91,88.06,1,1,0.8277
271,0,546.14,307.58,39.34,70.96,1,1,0.83286
272,2,639.21,800.73,68.27,102.56,1,1,0.87313
272,3,1429.51,610.4,41.75,99.64,1,1,0.8149
272,5,521.04,310.33,42.38,66.48,1,1,0.83615
272,6,1125.79,319.63,42.09,73.22,1,1,0.82297
272,8,1036.52,187.58,42.6,68.99,1,1,0.82919
272,9,966.55,516.14,65.01,79.73,1,1,0.85374
272,10,344.13,366.89,56.8,70.89,1,1,0.8417
272,14,970.55,315.83,45.55,70.11,1,1,0.81624
272,15,1028.11,641.87,57.3,93.94,1,1,0.83646
272,19,1862.19,443.82,39.76,90.59,1,1,0.79934
272,20,1843.84,421.78,38.25,87.81,1,1,0.81954
272,11,507.68,822.48,66.04,98.94,1,1,0.85297
272,17,1765.94,464.21,40.78,89.23,1,1,0.78334
272,26,1563.76,478.57,39.92,89.64,1,1,0.82545
272,4,1732.97,444.85,42.96,80.66,1,1,0.83064
272,7,1358.07,135.19,30.2,70.57,1,1,0.81505
272,18,1026.62,736.83,46.14,100.24,1,1,0.82186
272,1,1004.82,324.36,52.04,70.23,1,1,0.83859
272,12,1680.33,438.95,46.02,87.85,1,1,0.82905
272,0,558.09,303.66,40.37,70.9,1,1,0.82985
273,2,633.73,797.18,76.16,102.13,1,1,0.87827
273,3,1435.25,608.98,39.75,99.35,1,1,0.809
273,5,536.43,307.74,38.6,66.39,1,1,0.81535
273,6,1130.0,320.11,40.41,71.6,1,1,0.82396
273,8,1041.85,188.65,36.02,67.93,1,1,0.82161
273,9,970.27,515.85,69.17,82.6,1,1,0.84842
273,10,351.43,367.19,57.12,73.71,1,1,0.83596
273,14,976.23,315.72,42.43,74.12,1,1,0.81733
273,15,1027.77,640.37,63.57,92.73,1,1,0.85498
273,19,1868.4,442.6,39.03,90.79,1,1,0.79343
273,20,1849.63,422.05,38.46,86.98,1,1,0.81677
273,11,514.72,819.19,55.08,98.95,1,1,0.83992
273,17,1772.07,463.55,40.46,89.53,1,1,0.7909
273,26,1568.77,478.86,39.54,88.98,1,1,0.82336
273,4,1739.21,443.27,43.8,80.78,1,1,0.82675
273,7,1365.59,135.07,29.6,70.31,1,1,0.81154
273,18,1029.08,735.33,43.64,99.32,1,1,0.83049
273,1,1009.9,325.38,53.93,72.03,1,1,0.83383
273,12,1686.88,438.69,47.45,86.97,1,1,0.8357
273,0,571.14,300.65,39.55,69.91,1,1,0.82547
274,2,628.99,793.67,79.86,101.87,1,1,0.87811
274,3,1439.9,608.0,39.39,99.15,1,1,0.81324
274,5,551.29,304.65,35.75,67.0,1,1,0.8153
274,6,1134.2,320.33,40.74,71.17,1,1,0.8279
274,8,1046.56,188.9,33.38,67.23,1,1,0.81299
274,9,973.22,516.03,62.05,83.89,1,1,0.81458
274,10,359.16,368.35,55.42,75.31,1,1,0.83552
274,14,980.51,315.33,41.07,75.16,1,1,0.81723
274,15,1027.67,639.43,68.2,92.58,1,1,0.85148
274,19,1872.42,442.21,41.63,90.32,1,1,0.78445
274,20,1855.94,422.05,37.53,86.14,1,1,0.81283
274,11,520.46,813.95,48.01,97.4,1,1,0.83245
274,17,1777.15,462.63,40.69,90.61,1,1,0.78439
274,26,1573.54,478.45,38.89,88.1,1,1,0.81662
274,4,1745.1,442.55,43.72,81.25,1,1,0.81448
274,7,1372.51,135.23,29.11,68.47,1,1,0.79258
274,18,1028.34,734.04,46.89,97.43,1,1,0.83205
274,1,1013.84,323.99,55.94,75.49,1,1,0.84563
274,12,1692.38,438.2,47.43,86.82,1,1,0.83245
274,0,582.77,297.45,39.22,69.29,1,1,0.82313
275,2,627.91,789.95,74.58,103.17,1,1,0.87086
275,3,1444.14,606.88,38.64,100.01,1,1,0.80601
275,5,566.35,301.15,34.1,68.42,1,1,0.81951
275,6,1138.92,321.8,41.18,72.35,1,1,0.83236
275,8,1050.91,188.34,33.01,67.82,1,1,0.82663
275,9,975.54,516.76,53.45,82.94,1,1,0.83259
275,10,365.83,370.64,49.41,74.63,1,1,0.83843
275,14,985.8,316.74,40.04,73.11,1,1,0.82313
275,15,1026.56,639.33,68.05,94.57,1,1,0.83102
275,19,1877.29,441.54,41.95,90.69,1,1,0.80529
275,20,1859.76,422.72,37.52,84.62,1,1,0.82548
275,11,522.71,809.15,46.99,91.29,1,1,0.82529
275,17,1783.02,463.1,40.28,89.41,1,1,0.78986
275,26,1579.32,478.1,37.02,87.93,1,1,0.81555
275,4,1750.97,442.3,43.67,81.21,1,1,0.8251
275,7,1379.09,135.83,29.58,70.23,1,1,0.81173
275,18,1024.88,733.31,53.39,97.42,1,1,0.84256
275,1,1018.35,325.2,55.73,77.16,1,1,0.84284
275,12,1698.85,438.53,47.26,86.5,1,1,0.83333
275,0,596.74,295.43,37.35,67.29,1,1,0.82918
276,2,627.09,787.12,67.18,103.52,1,1,0.86723
276,3,1448.3,607.04,39.51,100.43,1,1,0.81814
276,5,580.27,298.77,33.47,69.61,1,1,0.82233
276,6,1143.02,323.25,43.32,73.64,1,1,0.82701
276,8,1055.09,189.5,36.12,66.65,1,1,0.82759
276,9,976.9,518.41,52.5,80.63,1,1,0.83407
276,10,373.29,373.25,48.33,72.33,1,1,0.84167
276,14,990.59,319.38,41.3,71.1,1,1,0.82857
276,15,1026.55,638.92,69.27,97.54,1,1,0.82234
276,19,1882.59,441.7,39.1,90.95,1,1,0.81864
276,20,1863.52,423.82,38.53,83.45,1,1,0.82744
276,11,525.77,805.82,43.74,79.96,1,1,0.82958
276,17,1787.76,463.5,40.2,88.92,1,1,0.80378
276,26,1586.09,477.98,35.38,87.5,1,1,0.81214
276,4,1756.59,442.74,43.67,81.37,1,1,0.83048
276,7,1386.54,137.07,29.54,70.6,1,1,0.81769
276,18,1022.48,733.95,60.31,96.93,1,1,0.85153
276,1,1023.89,327.63,51.37,77.57,1,1,0.83371
276,12,1705.1,439.11,46.89,85.77,1,1,0.83841
276,0,610.44,294.62,35.98,65.8,1,1,0.81103
277,2,623.98,783.96,60.08,104.13,1,1,0.85682
277,3,1451.89,607.21,42.61,100.03,1,1,0.81804
277,5,593.54,295.91,33.33,70.67,1,1,0.81534
277,6,1148.12,324.75,43.78,73.79,1,1,0.82673
277,8,1060.04,189.48,38.97,67.27,1,1,0.83265
277,9,979.15,518.79,55.6,79.03,1,1,0.83455
277,10,379.24,375.56,50.22,69.58,1,1,0.84696
277,14,995.23,321.54,39.74,66.64,1,1,0.8241
277,15,1027.98,640.26,65.86,97.4,1,1,0.81685
277,19,1889.54,442.05,32.64,89.8,1,1,0.79719
277,20,1868.41,425.16,38.9,81.87,1,1,0.82569
277,11,526.96,802.36,43.52,82.58,1,1,0.83578
277,17,1794.31,464.0,39.26,88.29,1,1,0.79847
277,26,1592.26,479.01,34.3,86.75,1,1,0.8143
277,4,1762.92,443.07,44.16,80.25,1,1,0.82828
277,7,1393.51,138.43,29.57,70.06,1,1,0.81739
277,18,1020.92,735.68,66.57,96.19,1,1,0.85242
277,1,1027.44,330.67,48.63,75.63,1,1,0.83751
277,12,1711.99,438.89,46.83,85.39,1,1,0.83924
277,0,623.77,293.66,36.38,63.35,1,1,0.82054
278,2,620.73,781.68,60.11,103.3,1,1,0.85871
278,3,1455.29,607.42,45.36,99.84,1,1,0.81936
278,5,607.23,293.61,33.15,70.73,1,1,0.81374
278,6,1152.0,326.18,43.51,75.16,1,1,0.81489
278,8,1064.85,189.72,41.85,69.24,1,1,0.82784
278,9,981.98,519.7,59.38,77.87,1,1,0.84454
278,10,385.14,377.69,53.42,67.45,1,1,0.84948
278,14,999.97,323.64,39.78,68.39,1,1,0.82209
278,15,1030.21,641.51,61.16,96.13,1,1,0.8191
278,19,1896.9,443.34,24.84,88.23,1,1,0.75173
278,20,1874.52,425.95,38.24,80.22,1,1,0.79336
278,11,529.48,799.92,41.75,84.31,1,1,0.82878
278,17,1800.69,464.63,39.76,88.09,1,1,0.78374
278,26,1597.33,479.75,34.5,86.01,1,1,0.81494
278,4,1769.55,443.39,44.1,80.94,1,1,0.81452
278,7,1400.62,139.43,30.22,70.48,1,1,0.82317
278,18,1022.8,736.76,67.65,97.06,1,1,0.84362
278,1,1031.35,333.99,46.95,72.71,1,1,0.83004
278,12,1719.14,438.34,46.52,86.21,1,1,0.83399
278,0,636.86,292.12,35.56,62.17,1,1,0.8066
279,2,618.95,779.79,62.85,101.94,1,1,0.8691
279,3,1458.37,606.84,48.37,99.99,1,1,0.81317
279,5,619.56,291.6,33.45,70.56,1,1,0.81518
279,6,1156.98,328.13,41.88,75.4,1,1,0.81946
279,8,1068.93,190.93,45.09,70.36,1,1,0.82709
279,9,983.53,520.6,63.31,77.78,1,1,0.83846
279,10,390.65,378.87,56.96,66.48,1,1,0.84777
279,14,1003.84,324.34,41.11,73.08,1,1,0.82795
279,15,1030.88,642.87,58.2,92.73,1,1,0.81426
279,19,1902.3,448.74,18.55,86.78,1,1,0.69763
279,20,1880.12,428.4,39.06,79.01,1,1,0.79811
279,11,531.3,798.9,41.07,83.56,1,1,0.82767
279,17,1807.77,465.74,39.8,87.74,1,1,0.8034
279,26,1603.6,480.99,33.86,85.61,1,1,0.81511
279,4,1776.29,444.24,44.03,80.72,1,1,0.82881
279,7,1407.08,140.97,31.69,69.97,1,1,0.83798
279,18,1027.83,737.39,63.32,97.88,1,1,0.83846
279,1,1035.48,335.96,46.67,70.52,1,1,0.83842
279,12,1727.31,438.93,45.51,85.9,1,1,0.83818
279,0,648.87,290.53,36.26,63.21,1,1,0.81552
280,2,612.71,778.32,70.8,98.63,1,1,0.87163
280,3,1463.18,607.39,49.68,98.75,1,1,0.81751
280,5,631.02,290.04,33.96,69.36,1,1,0.81894
280,6,1161.26,330.08,39.66,74.84,1,1,0.81773
280,8,1072.11,192.58,49.16,70.94,1,1,0.84417
280,9,983.97,521.95,67.56,81.75,1,1,0.82644
280,10,393.76,380.22,62.06,68.43,1,1,0.85583
280,14,1007.45,326.83,43.46,74.82,1,1,0.84104
280,15,1030.4,643.29,54.38,91.6,1,1,0.83202
280,20,1884.77,429.54,36.47,78.54,1,1,0.77116
280,11,531.13,798.19,41.6,79.51,1,1,0.83668
280,17,1814.11,466.61,39.33,86.64,1,1,0.80023
280,26,1609.13,481.02,34.16,86.23,1,1,0.82525
280,4,1782.74,444.98,43.65,80.26,1,1,0.82811
280,7,1413.01,142.04,32.19,68.95,1,1,0.83432
280,18,1033.2,738.36,58.35,97.68,1,1,0.84911
280,1,1039.37,337.29,49.17,70.97,1,1,0.84921
280,12,1735.28,438.98,45.72,85.76,1,1,0.83957
280,0,660.69,288.81,36.19,63.6,1,1,0.81168
281,2,604.79,775.59,76.04,94.11,1,1,0.85065
281,3,1468.29,607.45,50.16,98.67,1,1,0.81314
281,5,643.08,289.02,33.13,67.42,1,1,0.80897
281,6,1164.96,329.91,37.42,75.62,1,1,0.80814
281,8,1075.71,193.27,50.04,72.42,1,1,0.83652
281,9,984.06,522.74,69.68,83.11,1,1,0.82964
281,10,395.57,382.13,65.39,69.93,1,1,0.84487
281,14,1010.49,328.87,44.25,75.5,1,1,0.84427
281,15,1029.27,643.34,54.68,91.43,1,1,0.83435
281,20,1891.28,429.09,30.2,81.74,1,1,0.81025
281,11,532.32,797.67,40.76,73.15,1,1,0.81533
281,17,1819.78,466.79,38.76,86.89,1,1,0.78272
281,26,1613.91,481.6,34.52,86.48,1,1,0.80819
281,4,1788.75,445.94,44.24,79.84,1,1,0.81496
281,7,1418.02,142.91,34.63,69.08,1,1,0.83715
281,18,1036.13,737.64,50.08,97.85,1,1,0.83327
281,1,1043.03,339.15,49.91,70.18,1,1,0.8465
281,12,1742.2,438.6,45.07,86.7,1,1,0.83777
281,0,671.6,286.92,37.15,63.26,1,1,0.8234
282,2,598.01,772.94,76.09,92.94,1,1,0.86361
282,3,1472.44,608.28,51.03,98.37,1,1,0.81445
282,5,653.06,287.93,32.94,67.12,1,1,0.80982
282,6,1168.15,329.72,37.25,76.56,1,1,0.81672
282,8,1079.12,194.87,49.25,73.08,1,1,0.82878
282,9,984.16,524.35,68.44,83.81,1,1,0.82263
282,10,395.99,384.12,65.72,72.17,1,1,0.82783
282,14,1012.03,331.01,44.08,77.81,1,1,0.84379
282,15,1026.94,643.1,57.0,91.69,1,1,0.8353
282,20,1896.84,429.6,23.81,82.9,1,1,0.81315
282,11,531.43,798.02,40.47,64.63,1,1,0.82834
282,17,1823.71,467.73,38.87,86.7,1,1,0.7859
282,26,1617.1,482.35,35.95,86.46,1,1,0.81732
282,4,1793.99,446.53,44.06,79.92,1,1,0.81568
282,7,1422.35,143.94,35.58,69.26,1,1,0.83824
282,18,1035.44,738.19,44.63,97.78,1,1,0.8245
282,1,1044.42,341.4,51.57,73.78,1,1,0.84489
282,12,1747.87,438.94,45.17,86.57,1,1,0.83422
282,0,681.83,285.39,36.65,64.23,1,1,0.80823
283,2,596.58,770.9,66.43,93.04,1,1,0.86373
283,3,1475.73,608.63,51.11,98.46,1,1,0.81716
283,5,661.45,286.3,33.02,66.33,1,1,0.81728
283,6,1169.57,330.54,38.0,75.91,1,1,0.82512
283,8,1081.86,196.69,45.78,73.09,1,1,0.83113
283,9,982.46,525.45,57.01,83.49,1,1,0.79435
283,10,396.86,385.55,62.91,75.11,1,1,0.82806
283,14,1012.83,332.88,42.34,79.03,1,1,0.84118
283,15,1023.06,643.79,61.1,92.16,1,1,0.84568
283,20,1900.37,431.88,19.42,82.16,1,1,0.80877
283,11,527.6,797.0,46.25,55.29,1,1,0.83466
283,17,1827.45,467.62,38.22,87.39,1,1,0.78132
283,26,1618.9,482.78,37.17,86.21,1,1,0.81788
283,4,1797.64,446.52,44.82,81.22,1,1,0.82874
283,7,1426.33,144.57,35.76,69.05,1,1,0.84594
283,18,1033.25,738.13,43.92,98.96,1,1,0.83163
283,1,1044.77,344.04,50.52,76.16,1,1,0.84413
283,12,1751.62,438.67,45.23,86.59,1,1,0.84267
283,0,691.71,284.49,33.97,63.85,1,1,0.81664
284,2,593.65,770.97,55.37,92.83,1,1,0.85862
284,3,1477.75,610.41,50.55,97.42,1,1,0.81588
284,5,667.32,285.61,32.87,65.03,1,1,0.81121
284,6,1167.7,331.83,40.5,75.81,1,1,0.81487
284,8,1080.05,198.94,44.52,71.58,1,1,0.82895
284,9,978.69,526.6,57.64,81.3,1,1,0.82452
284,10,396.18,387.43,58.69,74.68,1,1,0.83379
284,14,1012.07,334.81,40.09,78.69,1,1,0.83199
284,15,1016.16,645.18,65.26,94.03,1,1,0.8519
284,20,1902.42,431.41,16.63,83.14,1,1,0.80127
284,11,521.26,792.4,50.99,55.22,1,1,0.83409
284,17,1829.4,468.07,37.28,88.77,1,1,0.79008
284,26,1618.51,483.89,39.64,85.51,1,1,0.82528
284,4,1799.78,447.16,45.34,81.06,1,1,0.83243
284,7,1428.8,145.42,35.48,68.74,1,1,0.8406
284,18,1028.29,738.49,45.74,100.92,1,1,0.83218
284,1,1043.44,346.83,47.56,76.88,1,1,0.83524
284,12,1753.9,438.77,45.36,86.24,1,1,0.84447
284,0,698.36,284.53,32.77,62.77,1,1,0.80767
285,2,585.71,769.59,48.39,93.52,1,1,0.85682
285,3,1479.93,610.93,49.0,97.11,1,1,0.82099
285,5,671.87,284.37,34.39,65.92,1,1,0.82241
285,6,1164.8,335.58,43.57,73.99,1,1,0.82755
285,8,1078.07,200.27,42.83,70.68,1,1,0.83544
285,9,976.1,527.21,54.42,80.93,1,1,0.84743
285,10,393.89,389.93,57.06,72.59,1,1,0.84617
285,14,1009.56,335.89,40.72,77.98,1,1,0.84057
285,15,1006.2,647.24,71.37,94.51,1,1,0.85506
285,20,1903.59,432.03,15.15,81.78,1,1,0.75452
285,11,507.89,788.66,62.31,52.99,1,1,0.84909
285,17,1831.77,467.28,36.44,88.34,1,1,0.80162
285,26,1617.55,485.4,42.11,84.28,1,1,0.8282
285,4,1801.93,448.43,44.86,80.23,1,1,0.83562
285,7,1430.89,145.99,34.61,68.64,1,1,0.8455
285,18,1020.68,739.2,49.9,102.72,1,1,0.83261
285,1,1040.73,350.19,44.77,75.14,1,1,0.84129
285,12,1755.34,438.6,46.53,86.4,1,1,0.85073
285,0,703.49,284.41,32.82,60.99,1,1,0.79945
286,2,577.28,768.44,47.98,95.72,1,1,0.85123
286,3,1482.09,610.89,47.46,97.6,1,1,0.82401
286,5,677.07,284.11,35.6,64.82,1,1,0.82794
286,6,1160.42,338.38,48.68,73.53,1,1,0.83976
286,8,1076.57,201.51,42.16,69.95,1,1,0.83494
286,9,973.24,527.51,51.67,81.35,1,1,0.83249
286,10,391.58,391.54,54.73,70.94,1,1,0.84728
286,14,1007.7,337.56,41.16,76.33,1,1,0.83818
286,15,997.2,649.3,73.45,94.9,1,1,0.84451
286,20,1905.87,436.51,12.84,77.68,1,1,0.65145
286,11,496.96,783.99,70.44,59.16,1,1,0.85415
286,17,1834.3,467.39,35.03,89.2,1,1,0.79989
286,26,1618.14,485.95,43.66,83.63,1,1,0.83292
286,4,1803.48,449.58,44.62,79.45,1,1,0.83274
286,7,1433.0,146.98,34.59,68.35,1,1,0.84137
286,18,1012.61,740.45,53.45,103.22,1,1,0.83095
286,1,1038.33,353.43,40.71,73.78,1,1,0.83017
286,12,1756.93,438.5,46.99,86.9,1,1,0.84557
286,0,709.8,285.3,32.07,57.51,1,1,0.79728
287,2,564.79,766.03,55.6,96.59,1,1,0.84921
287,3,1484.39,611.24,44.7,97.34,1,1,0.81625
287,5,681.97,283.37,36.82,64.89,1,1,0.82736
287,6,1156.62,340.9,52.92,73.18,1,1,0.84979
287,8,1075.96,202.2,40.35,69.25,1,1,0.84029
287,9,968.51,527.15,49.94,81.12,1,1,0.82927
287,10,388.68,392.62,51.75,70.78,1,1,0.84852
287,14,1006.23,337.73,39.78,74.26,1,1,0.82928
287,15,991.45,651.72,66.11,95.47,1,1,0.82298
287,11,492.92,781.1,71.46,62.16,1,1,0.85341
287,17,1836.29,467.8,34.47,89.59,1,1,0.79361
287,26,1618.97,486.96,44.2,84.09,1,1,0.83417
287,4,1806.02,450.57,44.08,79.5,1,1,0.82086
287,7,1435.36,147.22,34.67,68.62,1,1,0.83908
287,18,1007.35,742.16,53.62,102.5,1,1,0.82013
287,1,1033.7,354.95,41.72,72.53,1,1,0.83863
287,12,1759.35,438.28,47.2,88.07,1,1,0.84706
287,0,716.74,283.96,31.22,57.26,1,1,0.81239
288,2,551.99,762.93,68.78,99.09,1,1,0.86996
288,3,1486.79,610.95,41.38,98.12,1,1,0.82229
288,5,686.65,281.28,37.99,65.8,1,1,0.82413
288,6,1154.48,342.76,54.87,74.65,1,1,0.84388
288,8,1075.05,202.98,39.58,69.1,1,1,0.84139
288,9,964.29,527.14,53.56,79.95,1,1,0.8498
288,10,385.64,393.42,45.94,70.05,1,1,0.83406
288,14,1004.8,338.57,39.8,76.2,1,1,0.8307
288,15,988.48,654.02,60.0,94.8,1,1,0.84145
288,11,488.73,777.35,72.37,63.69,1,1,0.85267
288,17,1838.57,468.71,34.69,90.22,1,1,0.7949
288,26,1621.07,488.31,44.25,83.56,1,1,0.83076
288,4,1808.58,451.13,43.41,79.98,1,1,0.82202
288,7,1438.37,147.59,33.63,68.44,1,1,0.83892
288,18,1006.73,744.44,49.73,102.27,1,1,0.82068
288,1,1030.79,356.4,43.91,72.27,1,1,0.83939
288,12,1761.25,438.08,48.17,89.2,1,1,0.84876
288,0,722.37,283.21,31.8,58.16,1,1,0.80531
289,2,540.74,761.37,77.0,99.19,1,1,0.87192
289,3,1488.26,611.33,38.67,99.11,1,1,0.81434
289,5,691.39,281.0,39.56,65.33,1,1,0.82632
289,6,1153.81,344.73,53.65,76.49,1,1,0.83672
289,8,1074.56,204.7,40.68,70.25,1,1,0.84353
289,9,959.56,528.21,58.5,83.59,1,1,0.86128
289,10,382.32,394.08,46.01,73.26,1,1,0.83269
289,14,1002.96,339.64,40.47,80.65,1,1,0.83654
289,15,984.21,656.21,54.0,93.85,1,1,0.84378
289,11,483.85,774.15,74.25,64.59,1,1,0.85725
289,17,1839.91,469.74,35.86,90.14,1,1,0.80097
289,26,1622.67,489.49,43.37,84.73,1,1,0.82839
289,4,1811.04,452.67,42.76,79.21,1,1,0.82279
289,7,1440.9,148.22,32.81,68.91,1,1,0.83501
289,18,1005.7,747.29,46.76,101.82,1,1,0.82868
289,1,1030.19,357.42,45.43,75.3,1,1,0.85092
289,12,1763.57,438.49,48.34,89.14,1,1,0.84883
289,0,727.49,281.39,33.31,59.6,1,1,0.7996
289,37,1414.81,531.54,35.73,57.71,1,1,0.64744
290,2,532.15,759.7,80.17,99.25,1,1,0.85832
290,3,1489.66,611.21,37.66,100.0,1,1,0.80318
290,5,696.83,279.25,40.09,65.7,1,1,0.82866
290,6,1154.23,345.85,48.97,76.63,1,1,0.81884
290,8,1074.34,205.46,42.45,71.44,1,1,0.84026
290,9,954.38,528.26,62.21,85.53,1,1,0.85225
290,10,379.59,395.02,47.19,72.66,1,1,0.81872
290,14,1001.16,340.88,39.69,82.85,1,1,0.83814
290,15,980.74,656.48,48.9,94.02,1,1,0.84037
290,11,477.78,770.3,76.4,66.11,1,1,0.84356
290,17,1840.9,470.45,37.23,89.47,1,1,0.79687
290,26,1625.27,489.82,41.92,85.24,1,1,0.82381
290,4,1814.12,453.34,41.22,79.0,1,1,0.82136
290,7,1443.8,148.91,31.76,68.26,1,1,0.83386
290,18,1001.66,749.45,46.98,99.91,1,1,0.83193
290,1,1027.17,359.14,50.12,78.42,1,1,0.85253
290,12,1766.46,438.98,47.79,88.68,1,1,0.8397
290,0,733.07,279.72,33.83,60.43,1,1,0.80359
291,2,527.18,758.23,77.34,100.57,1,1,0.85904
291,3,1491.25,612.23,37.33,99.14,1,1,0.7891
291,5,703.2,279.94,39.68,64.01,1,1,0.83281
291,6,1155.37,346.94,44.51,76.44,1,1,0.81904
291,8,1074.57,206.18,44.69,72.68,1,1,0.84423
291,9,950.95,528.5,65.55,86.54,1,1,0.8443
291,10,377.9,396.68,47.31,68.26,1,1,0.82351
291,14,998.97,342.6,39.99,83.65,1,1,0.84738
291,15,976.89,657.14,46.31,93.08,1,1,0.8452
291,11,473.5,768.07,76.51,64.02,1,1,0.84086
291,17,1842.41,470.89,39.07,89.9,1,1,0.80763
291,26,1628.26,490.39,39.94,85.63,1,1,0.81686
291,4,1818.6,453.75,39.26,79.55,1,1,0.82014
291,7,1447.63,149.06,30.13,68.03,1,1,0.83992
291,18,994.24,750.63,52.11,98.08,1,1,0.83996
291,1,1023.6,360.59,53.42,80.58,1,1,0.8537
291,12,1771.13,439.48,46.0,88.5,1,1,0.834
291,0,739.15,279.49,33.39,59.79,1,1,0.81848
292,2,524.86,757.77,67.45,101.47,1,1,0.8441
292,3,1491.44,612.79,37.34,99.27,1,1,0.79276
292,5,709.19,278.4,37.85,64.89,1,1,0.82723
292,6,1154.61,347.5,39.45,77.43,1,1,0.82077
292,8,1073.51,207.94,47.09,72.78,1,1,0.84728
292,9,946.76,529.91,68.87,87.4,1,1,0.83257
292,10,375.64,398.55,47.62,66.46,1,1,0.82156
292,14,996.36,345.55,40.98,82.76,1,1,0.84525
292,15,971.85,659.11,48.55,90.99,1,1,0.84603
292,11,470.6,767.63,76.31,60.66,1,1,0.79961
292,17,1841.52,472.28,43.33,89.15,1,1,0.81485
292,26,1630.17,490.96,37.09,86.94,1,1,0.82174
292,4,1821.78,455.34,37.95,78.95,1,1,0.82083
292,7,1450.6,149.84,29.29,67.69,1,1,0.84023
292,18,987.46,751.82,57.02,97.04,1,1,0.84554
292,1,1019.88,362.47,55.06,82.49,1,1,0.83749
292,12,1774.97,440.55,44.74,88.1,1,1,0.83052
292,0,744.33,279.38,33.15,59.56,1,1,0.80462
293,2,523.42,757.55,57.05,101.35,1,1,0.82412
293,3,1491.96,613.14,38.86,99.86,1,1,0.79858
293,5,716.68,277.49,35.39,65.27,1,1,0.82482
293,6,1156.49,347.93,36.32,77.51,1,1,0.81959
293,8,1073.58,209.15,47.51,72.97,1,1,0.84758
293,9,945.03,533.15,63.25,87.64,1,1,0.80081
293,10,374.22,401.27,46.97,64.66,1,1,0.82369
293,14,995.84,348.17,39.46,82.92,1,1,0.83598
293,15,966.47,661.07,52.82,88.25,1,1,0.85032
293,11,471.06,761.56,77.27,64.22,1,1,0.78543
293,17,1841.57,473.98,47.08,87.75,1,1,0.81281
293,26,1632.56,491.03,35.27,87.3,1,1,0.82219
293,4,1825.04,455.71,37.42,77.51,1,1,0.82089
293,7,1453.79,150.07,29.19,67.95,1,1,0.84057
293,18,985.85,751.54,59.08,96.97,1,1,0.81709
293,1,1018.21,365.36,52.08,82.69,1,1,0.82118
293,12,1778.95,441.02,43.84,87.32,1,1,0.83654
293,0,749.33,278.84,34.38,58.8,1,1,0.80803
294,2,519.72,757.58,50.6,99.76,1,1,0.821
294,3,1493.06,614.44,40.11,99.49,1,1,0.78601
294,5,725.38,276.88,33.96,65.74,1,1,0.82187
294,6,1157.69,348.39,34.62,77.22,1,1,0.81608
294,8,1074.77,210.96,46.89,73.17,1,1,0.83783
294,9,944.16,534.76,48.95,88.14,1,1,0.80427
294,10,372.37,403.75,47.2,65.29,1,1,0.81426
294,14,996.24,350.57,37.59,80.24,1,1,0.8371
294,15,959.96,660.33,59.09,88.62,1,1,0.86023
294,11,472.18,756.58,78.48,65.49,1,1,0.76556
294,17,1842.99,475.74,50.26,87.37,1,1,0.81219
294,26,1635.17,492.05,34.09,86.76,1,1,0.83105
294,4,1828.99,456.26,37.14,77.26,1,1,0.81676
294,7,1457.19,149.54,29.83,69.26,1,1,0.84013
294,18,986.75,750.32,60.38,98.27,1,1,0.82468
294,1,1018.38,368.9,48.39,81.5,1,1,0.82179
294,12,1783.65,441.15,43.03,87.5,1,1,0.83801
294,0,757.22,278.29,33.28,58.87,1,1,0.80831
295,2,514.8,755.56,49.36,100.64,1,1,0.81325
295,3,1493.78,615.01,43.28,99.61,1,1,0.79156
295,5,732.8,276.94,32.8,65.54,1,1,0.81872
295,6,1158.87,349.18,35.07,78.06,1,1,0.82737
295,8,1076.82,212.49,44.41,72.88,1,1,0.83473
295,9,942.61,536.55,46.27,87.82,1,1,0.82119
295,10,372.23,406.33,45.42,68.33,1,1,0.81697
295,14,997.15,353.24,36.68,77.74,1,1,0.8349
295,15,950.67,660.44,68.58,90.28,1,1,0.87067
295,11,474.05,749.8,79.43,70.06,1,1,0.74749
295,17,1846.58,477.58,51.68,86.93,1,1,0.82076
295,26,1637.67,493.27,33.38,86.18,1,1,0.83707
295,4,1833.05,457.91,37.15,76.2,1,1,0.80948
295,7,1461.27,150.4,30.41,69.23,1,1,0.84478
295,18,983.64,750.29,64.93,98.33,1,1,0.84161
295,1,1018.5,371.86,43.5,79.38,1,1,0.81948
295,12,1788.61,441.9,42.32,87.8,1,1,0.84263
295,0,764.62,279.01,34.01,60.76,1,1,0.82031
296,2,507.79,755.45,53.91,98.92,1,1,0.79148
296,3,1493.62,616.53,48.58,98.5,1,1,0.81906
296,5,740.05,276.19,32.99,66.36,1,1,0.81348
296,6,1160.99,350.21,35.6,79.89,1,1,0.81767
296,8,1079.49,213.98,41.09,72.42,1,1,0.82187
296,9,941.42,536.4,44.23,87.88,1,1,0.80535
296,10,372.26,408.25,40.38,71.82,1,1,0.80058
296,14,998.98,355.19,35.91,75.07,1,1,0.82197
296,15,942.55,661.53,75.42,89.56,1,1,0.86071
296,11,471.54,746.86,83.72,71.02,1,1,0.77454
296,17,1851.05,479.33,52.69,85.47,1,1,0.82043
296,26,1640.83,494.44,33.27,85.64,1,1,0.82394
296,4,1838.05,459.04,36.78,76.16,1,1,0.79866
296,7,1466.01,151.03,31.15,69.71,1,1,0.83784
296,18,980.79,750.24,67.82,97.47,1,1,0.84177
296,1,1019.2,374.74,39.73,77.15,1,1,0.80738
296,12,1794.17,442.5,42.1,88.63,1,1,0.84002
296,0,771.8,277.52,36.86,64.84,1,1,0.82306
296,37,1445.45,534.78,38.82,58.92,1,1,0.67197
297,2,487.29,751.99,74.03,100.35,1,1,0.81409
297,3,1494.97,618.03,53.42,97.99,1,1,0.82957
297,5,747.91,275.66,34.74,67.27,1,1,0.82992
297,6,1162.06,351.38,37.96,80.79,1,1,0.82642
297,8,1082.48,214.72,37.37,72.16,1,1,0.81956
297,9,940.69,537.13,45.75,87.27,1,1,0.81839
297,10,373.93,409.04,36.93,75.03,1,1,0.80155
297,14,1001.44,355.81,34.73,74.73,1,1,0.82165
297,15,938.62,662.77,76.46,91.6,1,1,0.86304
297,17,1856.81,480.76,54.73,85.17,1,1,0.83906
297,26,1645.26,495.53,34.22,84.9,1,1,0.81942
297,4,1844.93,460.79,35.7,76.23,1,1,0.81578
297,7,1470.93,151.8,32.15,69.88,1,1,0.842
297,18,982.21,749.87,65.89,98.09,1,1,0.84399
297,1,1020.75,376.19,38.69,75.52,1,1,0.81613
297,12,1800.77,443.81,41.63,88.05,1,1,0.83532
297,0,780.61,277.31,37.75,66.01,1,1,0.82951
298,2,480.92,750.6,78.98,97.97,1,1,0.82656
298,3,1498.77,619.37,55.47,97.9,1,1,0.82371
298,5,755.8,275.7,35.87,67.45,1,1,0.81451
298,6,1162.67,353.82,40.79,80.19,1,1,0.82754
298,8,1084.89,215.29,33.09,72.63,1,1,0.80147
298,9,941.81,538.14,47.09,87.34,1,1,0.81453
298,10,375.17,409.72,36.5,76.9,1,1,0.7865
298,14,1002.98,356.45,33.86,78.57,1,1,0.82169
298,15,937.66,664.49,73.76,92.81,1,1,0.85994
298,17,1862.47,482.06,55.44,85.18,1,1,0.82972
298,26,1649.19,496.88,34.96,84.54,1,1,0.8222
298,4,1850.07,461.94,35.84,77.46,1,1,0.82091
298,7,1475.76,152.48,33.19,69.93,1,1,0.82902
298,18,986.46,750.26,58.16,97.93,1,1,0.82468
298,1,1021.71,377.45,39.44,75.73,1,1,0.79983
298,12,1807.63,444.7,41.07,87.6,1,1,0.83183
298,0,789.53,276.88,38.2,67.29,1,1,0.83089
298,11,475.44,745.57,82.52,57.93,1,1,0.65527
299,2,479.61,748.75,77.74,97.63,1,1,0.8332
299,3,1503.9,621.35,56.64,96.95,1,1,0.82846
299,5,763.49,275.63,36.11,67.98,1,1,0.80731
299,6,1165.24,356.64,42.19,79.65,1,1,0.83256
299,8,1087.04,215.25,31.78,72.93,1,1,0.80109
299,9,941.16,539.57,51.2,87.3,1,1,0.82428
299,10,376.51,410.03,38.57,78.73,1,1,0.79285
299,14,1004.0,357.47,34.37,81.06,1,1,0.8256
299,15,940.57,665.58,67.5,93.53,1,1,0.86283
299,17,1869.05,484.3,51.82,84.34,1,1,0.80823
299,26,1653.72,499.23,36.69,84.49,1,1,0.82204
299,4,1856.01,463.47,36.4,78.36,1,1,0.80571
299,7,1481.42,152.94,34.69,70.24,1,1,0.83011
299,18,989.93,751.02,50.61,97.25,1,1,0.83273
299,1,1023.81,378.63,41.21,78.98,1,1,0.80409
299,12,1814.0,445.13,39.94,87.57,1,1,0.8306
299,0,797.36,276.35,38.37,67.75,1,1,0.8164
300,2,481.78,747.64,72.28,97.9,1,1,0.83579
300,3,1509.6,621.54,57.93,97.2,1,1,0.81137
300,5,772.78,274.94,36.9,68.8,1,1,0.80977
300,6,1169.21,358.7,41.65,80.12,1,1,0.82778
300,8,1090.24,215.05,32.41,75.24,1,1,0.77535
300,9,938.58,541.95,57.2,87.04,1,1,0.82888
300,10,377.92,409.6,42.07,81.36,1,1,0.79077
300,14,1005.1,358.79,36.55,80.5,1,1,0.81771
300,15,944.93,665.6,57.63,94.02,1,1,0.84171
300,17,1875.51,484.78,46.24,86.25,1,1,0.76069
300,26,1657.46,501.26,38.92,83.48,1,1,0.82195
300,4,1860.34,464.84,37.59,77.53,1,1,0.78803
300,7,1486.76,153.72,36.75,70.03,1,1,0.82446
300,18,993.26,751.52,46.46,95.66,1,1,0.81422
300,1,1026.49,380.18,42.89,82.01,1,1,0.80761
300,12,1821.82,446.28,38.52,86.3,1,1,0.82145
300,0,806.64,275.8,36.69,68.34,1,1,0.80243
