clip number,start_time,end_time,play,view,fromYouTube,input_file,output_file,name,file extension,date,
1,0:00:02,0:00:28,Kickoff,Sideline,FALSE,rooski2025Natty.mp4,2025NattyGame_1.mp4,2025NattyGame_,.mp4,2026-03-17,
2,0:00:29,0:00:50,Kickoff,Endzone,FALSE,rooski2025Natty.mp4,2025NattyGame_2.mp4,2025NattyGame_,.mp4,2026-03-17,
3,0:01:00,0:01:11,Run,Sideline,FALSE,rooski2025Natty.mp4,2025NattyGame_3.mp4,2025NattyGame_,.mp4,2026-03-17,
4,0:01:15,0:01:26,Run,Endzone,FALSE,rooski2025Natty.mp4,2025NattyGame_4.mp4,2025NattyGame_,.mp4,2026-03-17,
5,0:01:35,0:01:45,Run,Sideline,FALSE,rooski2025Natty.mp4,2025NattyGame_5.mp4,2025NattyGame_,.mp4,2026-03-17,
6,0:01:48,0:02:02,Run,Endzone,FALSE,rooski2025Natty.mp4,2025NattyGame_6.mp4,2025NattyGame_,.mp4,2026-03-17,
7,0:02:08,0:02:18,Run,Sideline,FALSE,rooski2025Natty.mp4,2025NattyGame_7.mp4,2025NattyGame_,.mp4,2026-03-17,
8,0:02:20,0:02:30,Run,Endzone,FALSE,rooski2025Natty.mp4,2025NattyGame_8.mp4,2025NattyGame_,.mp4,2026-03-17,
9,0:02:34,0:02:56,Pass,Sideline,FALSE,rooski2025Natty.mp4,2025NattyGame_9.mp4,2025NattyGame_,.mp4,2026-03-17,
10,0:02:58,0:03:15,Pass,Endzone,FALSE,rooski2025Natty.mp4,2025NattyGame_10.mp4,2025NattyGame_,.mp4,2026-03-17,
11,0:03:22,0:03:43,Pass,Sideline,FALSE,rooski2025Natty.mp4,2025NattyGame_11.mp4,2025NattyGame_,.mp4,2026-03-17,
12,0:03:48,0:04:08,Pass,Endzone,FALSE,rooski2025Natty.mp4,2025NattyGame_12.mp4,2025NattyGame_,.mp4,2026-03-17,
13,0:04:14,0:04:26,Pass,Sideline,FALSE,rooski2025Natty.mp4,2025NattyGame_13.mp4,2025NattyGame_,.mp4,2026-03-17,
14,0:04:29,0:04:45,Pass,Endzone,FALSE,rooski2025Natty.mp4,2025NattyGame_14.mp4,2025NattyGame_,.mp4,2026-03-17,
15,0:04:50,0:05:07,Run,Sideline,FALSE,rooski2025Natty.mp4,2025NattyGame_15.mp4,2025NattyGame_,.mp4,2026-03-17,
16,0:05:12,0:05:29,Run,Endzone,FALSE,rooski2025Natty.mp4,2025NattyGame_16.mp4,2025NattyGame_,.mp4,2026-03-17,
17,0:05:36,0:05:48,Run,Sideline,FALSE,rooski2025Natty.mp4,2025NattyGame_17.mp4,2025NattyGame_,.mp4,2026-03-17,
18,0:05:52,0:06:05,Run,Endzone,FALSE,rooski2025Natty.mp4,2025NattyGame_18.mp4,2025NattyGame_,.mp4,2026-03-17,
19,0:06:13,0:06:23,Run,Sideline,FALSE,rooski2025Natty.mp4,2025NattyGame_19.mp4,2025NattyGame_,.mp4,2026-03-17,
20,0:06:26,0:06:36,Run,Endzone,FALSE,rooski2025Natty.mp4,2025NattyGame_20.mp4,2025NattyGame_,.mp4,2026-03-17,
21,0:06:44,0:06:58,Pass,Sideline,FALSE,rooski2025Natty.mp4,2025NattyGame_21.mp4,2025NattyGame_,.mp4,2026-03-17,
22,0:07:04,0:07:16,Pass,Endzone,FALSE,rooski2025Natty.mp4,2025NattyGame_22.mp4,2025NattyGame_,.mp4,2026-03-17,
23,0:07:24,0:07:36,Pass,Sideline,FALSE,rooski2025Natty.mp4,2025NattyGame_23.mp4,2025NattyGame_,.mp4,2026-03-17,
24,0:07:40,0:07:52,Pass,Endzone,FALSE,rooski2025Natty.mp4,2025NattyGame_24.mp4,2025NattyGame_,.mp4,2026-03-17,
25,0:07:59,0:08:13,Run,Sideline,FALSE,rooski2025Natty.mp4,2025NattyGame_25.mp4,2025NattyGame_,.mp4,2026-03-17,
26,0:08:17,0:08:35,Run,Endzone,FALSE,rooski2025Natty.mp4,2025NattyGame_26.mp4,2025NattyGame_,.mp4,2026-03-17,
27,0:08:42,0:08:52,Run,Sideline,FALSE,rooski2025Natty.mp4,2025NattyGame_27.mp4,2025NattyGame_,.mp4,2026-03-17,
28,0:08:54,0:09:07,Run,Endzone,FALSE,rooski2025Natty.mp4,2025NattyGame_28.mp4,2025NattyGame_,.mp4,2026-03-17,
29,0:09:17,0:09:27,Run,Sideline,FALSE,rooski2025Natty.mp4,2025NattyGame_29.mp4,2025NattyGame_,.mp4,2026-03-17,
30,0:09:31,0:09:43,Run,Endzone,FALSE,rooski2025Natty.mp4,2025NattyGame_30.mp4,2025NattyGame_,.mp4,2026-03-17,
31,0:09:49,0:10:01,Run,Sideline,FALSE,rooski2025Natty.mp4,2025NattyGame_31.mp4,2025NattyGame_,.mp4,2026-03-17,
32,0:10:08,0:10:22,Run,Endzone,FALSE,rooski2025Natty.mp4,2025NattyGame_32.mp4,2025NattyGame_,.mp4,2026-03-17,
33,0:10:30,0:10:40,Run,Sideline,FALSE,rooski2025Natty.mp4,2025NattyGame_33.mp4,2025NattyGame_,.mp4,2026-03-17,
34,0:10:45,0:10:56,Run,Endzone,FALSE,rooski2025Natty.mp4,2025NattyGame_34.mp4,2025NattyGame_,.mp4,2026-03-17,
35,0:11:03,0:11:19,Run,Sideline,FALSE,rooski2025Natty.mp4,2025NattyGame_35.mp4,2025NattyGame_,.mp4,2026-03-17,
36,0:11:22,0:11:34,Run,Endzone,FALSE,rooski2025Natty.mp4,2025NattyGame_36.mp4,2025NattyGame_,.mp4,2026-03-17,
37,0:11:42,0:11:52,Run,Sideline,FALSE,rooski2025Natty.mp4,2025NattyGame_37.mp4,2025NattyGame_,.mp4,2026-03-17,
38,0:11:57,0:12:06,Run,Endzone,FALSE,rooski2025Natty.mp4,2025NattyGame_38.mp4,2025NattyGame_,.mp4,2026-03-17,
39,0:12:14,0:12:23,Extra Point,Sideline,FALSE,rooski2025Natty.mp4,2025NattyGame_39.mp4,2025NattyGame_,.mp4,2026-03-17,
40,0:12:34,0:12:42,Extra Point,Endzone,FALSE,rooski2025Natty.mp4,2025NattyGame_40.mp4,2025NattyGame_,.mp4,2026-03-17,
41,0:12:55,0:13:08,Kickoff,Sideline,FALSE,rooski2025Natty.mp4,2025NattyGame_41.mp4,2025NattyGame_,.mp4,2026-03-17,
42,0:13:18,0:13:31,Kickoff,Endzone,FALSE,rooski2025Natty.mp4,2025NattyGame_42.mp4,2025NattyGame_,.mp4,2026-03-17,
43,0:13:40,0:13:52,Run,Sideline,FALSE,rooski2025Natty.mp4,2025NattyGame_43.mp4,2025NattyGame_,.mp4,2026-03-17,
44,0:13:57,0:14:10,Run,Endzone,FALSE,rooski2025Natty.mp4,2025NattyGame_44.mp4,2025NattyGame_,.mp4,2026-03-17,
45,0:14:16,0:14:31,Run,Sideline,FALSE,rooski2025Natty.mp4,2025NattyGame_45.mp4,2025NattyGame_,.mp4,2026-03-17,
46,0:14:35,0:14:51,Run,Endzone,FALSE,rooski2025Natty.mp4,2025NattyGame_46.mp4,2025NattyGame_,.mp4,2026-03-17,
47,0:14:58,0:15:09,Pass,Sideline,FALSE,rooski2025Natty.mp4,2025NattyGame_47.mp4,2025NattyGame_,.mp4,2026-03-17,
48,0:15:13,0:15:27,Pass,Endzone,FALSE,rooski2025Natty.mp4,2025NattyGame_48.mp4,2025NattyGame_,.mp4,2026-03-17,
49,0:15:32,0:15:45,Pass,Sideline,FALSE,rooski2025Natty.mp4,2025NattyGame_49.mp4,2025NattyGame_,.mp4,2026-03-17,
50,0:15:49,0:16:05,Pass,Endzone,FALSE,rooski2025Natty.mp4,2025NattyGame_50.mp4,2025NattyGame_,.mp4,2026-03-17,
51,0:16:12,0:16:28,Run,Sideline,FALSE,rooski2025Natty.mp4,2025NattyGame_51.mp4,2025NattyGame_,.mp4,2026-03-17,
52,0:16:32,0:16:47,Run,Endzone,FALSE,rooski2025Natty.mp4,2025NattyGame_52.mp4,2025NattyGame_,.mp4,2026-03-17,
53,0:16:54,0:17:04,Pass,Sideline,FALSE,rooski2025Natty.mp4,2025NattyGame_53.mp4,2025NattyGame_,.mp4,2026-03-17,
54,0:17:07,0:17:17,Pass,Endzone,FALSE,rooski2025Natty.mp4,2025NattyGame_54.mp4,2025NattyGame_,.mp4,2026-03-17,
55,0:17:23,0:17:35,Run,Sideline,FALSE,rooski2025Natty.mp4,2025NattyGame_55.mp4,2025NattyGame_,.mp4,2026-03-17,
56,0:17:39,0:17:52,Run,Endzone,FALSE,rooski2025Natty.mp4,2025NattyGame_56.mp4,2025NattyGame_,.mp4,2026-03-17,
57,0:17:58,0:18:11,Pass,Sideline,FALSE,rooski2025Natty.mp4,2025NattyGame_57.mp4,2025NattyGame_,.mp4,2026-03-17,
58,0:18:15,0:18:27,Pass,Endzone,FALSE,rooski2025Natty.mp4,2025NattyGame_58.mp4,2025NattyGame_,.mp4,2026-03-17,
59,0:18:33,0:18:44,Run,Sideline,FALSE,rooski2025Natty.mp4,2025NattyGame_59.mp4,2025NattyGame_,.mp4,2026-03-17,
60,0:18:50,0:18:59,Run,Endzone,FALSE,rooski2025Natty.mp4,2025NattyGame_60.mp4,2025NattyGame_,.mp4,2026-03-17,
61,0:19:05,0:19:19,Run,Sideline,FALSE,rooski2025Natty.mp4,2025NattyGame_61.mp4,2025NattyGame_,.mp4,2026-03-17,
62,0:19:23,0:19:38,Run,Endzone,FALSE,rooski2025Natty.mp4,2025NattyGame_62.mp4,2025NattyGame_,.mp4,2026-03-17,
63,0:19:43,0:19:56,Pass,Sideline,FALSE,rooski2025Natty.mp4,2025NattyGame_63.mp4,2025NattyGame_,.mp4,2026-03-17,
64,0:20:01,0:20:12,Pass,Endzone,FALSE,rooski2025Natty.mp4,2025NattyGame_64.mp4,2025NattyGame_,.mp4,2026-03-17,
65,0:20:25,0:20:32,Extra Point,Sideline,FALSE,rooski2025Natty.mp4,2025NattyGame_65.mp4,2025NattyGame_,.mp4,2026-03-17,
66,0:20:43,0:20:51,Extra Point,Endzone,FALSE,rooski2025Natty.mp4,2025NattyGame_66.mp4,2025NattyGame_,.mp4,2026-03-17,
67,0:21:08,0:21:17,Kickoff,Sideline,FALSE,rooski2025Natty.mp4,2025NattyGame_67.mp4,2025NattyGame_,.mp4,2026-03-17,
68,0:21:29,0:21:40,Kickoff,Endzone,FALSE,rooski2025Natty.mp4,2025NattyGame_68.mp4,2025NattyGame_,.mp4,2026-03-17,
69,0:21:47,0:22:04,Pass,Sideline,FALSE,rooski2025Natty.mp4,2025NattyGame_69.mp4,2025NattyGame_,.mp4,2026-03-17,
70,0:22:06,0:22:22,Pass,Endzone,FALSE,rooski2025Natty.mp4,2025NattyGame_70.mp4,2025NattyGame_,.mp4,2026-03-17,
71,0:23:04,0:23:19,Pass,Sideline,FALSE,rooski2025Natty.mp4,2025NattyGame_71.mp4,2025NattyGame_,.mp4,2026-03-17,
72,0:23:23,0:23:38,Pass,Endzone,FALSE,rooski2025Natty.mp4,2025NattyGame_72.mp4,2025NattyGame_,.mp4,2026-03-17,
74,0:24:05,0:24:17,Run,Endzone,FALSE,rooski2025Natty.mp4,2025NattyGame_74.mp4,2025NattyGame_,.mp4,2026-03-17,
75,0:24:23,0:24:37,Pass,Sideline,FALSE,rooski2025Natty.mp4,2025NattyGame_75.mp4,2025NattyGame_,.mp4,2026-03-17,
76,0:24:21,0:24:55,Pass,Endzone,FALSE,rooski2025Natty.mp4,2025NattyGame_76.mp4,2025NattyGame_,.mp4,2026-03-17,
77,0:25:04,0:25:20,Punt,Sideline,FALSE,rooski2025Natty.mp4,2025NattyGame_77.mp4,2025NattyGame_,.mp4,2026-03-17,
78,0:25:28,0:25:38,Punt,Endzone,FALSE,rooski2025Natty.mp4,2025NattyGame_78.mp4,2025NattyGame_,.mp4,2026-03-17,
79,0:25:45,0:26:00,Run,Sideline,FALSE,rooski2025Natty.mp4,2025NattyGame_79.mp4,2025NattyGame_,.mp4,2026-03-17,
80,0:26:04,0:26:16,Run,Endzone,FALSE,rooski2025Natty.mp4,2025NattyGame_80.mp4,2025NattyGame_,.mp4,2026-03-17,
81,0:26:23,0:26:32,Pass,Sideline,FALSE,rooski2025Natty.mp4,2025NattyGame_81.mp4,2025NattyGame_,.mp4,2026-03-17,
82,0:26:36,0:26:46,Pass,Endzone,FALSE,rooski2025Natty.mp4,2025NattyGame_82.mp4,2025NattyGame_,.mp4,2026-03-17,
83,0:26:54,0:27:09,Run,S,FALSE,rooski2025Natty.mp4,2025NattyGame_83.mp4,2025NattyGame_,.mp4,2026-03-17,
84,0:27:15,0:27:30,Run,E,FALSE,rooski2025Natty.mp4,2025NattyGame_84.mp4,2025NattyGame_,.mp4,2026-03-17,
85,0:27:39,0:27:52,Pass,S,FALSE,rooski2025Natty.mp4,2025NattyGame_85.mp4,2025NattyGame_,.mp4,2026-03-17,
86,0:28:01,0:28:14,Pass,E,FALSE,rooski2025Natty.mp4,2025NattyGame_86.mp4,2025NattyGame_,.mp4,2026-03-17,
87,0:28:21,0:28:34,Run,S,FALSE,rooski2025Natty.mp4,2025NattyGame_87.mp4,2025NattyGame_,.mp4,2026-03-17,
88,0:28:43,0:28:55,Run,E,FALSE,rooski2025Natty.mp4,2025NattyGame_88.mp4,2025NattyGame_,.mp4,2026-03-17,
89,0:29:01,0:29:14,Pass,S,FALSE,rooski2025Natty.mp4,2025NattyGame_89.mp4,2025NattyGame_,.mp4,2026-03-17,
90,0:29:18,0:29:34,Pass,E,FALSE,rooski2025Natty.mp4,2025NattyGame_90.mp4,2025NattyGame_,.mp4,2026-03-17,
91,0:29:40,0:29:54,Run,S,FALSE,rooski2025Natty.mp4,2025NattyGame_91.mp4,2025NattyGame_,.mp4,2026-03-17,
92,0:30:00,0:30:12,Run,E,FALSE,rooski2025Natty.mp4,2025NattyGame_92.mp4,2025NattyGame_,.mp4,2026-03-17,
93,0:30:18,0:30:30,RPO,S,FALSE,rooski2025Natty.mp4,2025NattyGame_93.mp4,2025NattyGame_,.mp4,2026-03-17,
94,0:30:35,0:30:48,RPO,E,FALSE,rooski2025Natty.mp4,2025NattyGame_94.mp4,2025NattyGame_,.mp4,2026-03-17,
95,0:30:54,0:31:05,Run,S,FALSE,rooski2025Natty.mp4,2025NattyGame_95.mp4,2025NattyGame_,.mp4,2026-03-17,
96,0:31:14,0:31:22,Run,E,FALSE,rooski2025Natty.mp4,2025NattyGame_96.mp4,2025NattyGame_,.mp4,2026-03-17,
97,0:31:27,0:31:39,Run,S,FALSE,rooski2025Natty.mp4,2025NattyGame_97.mp4,2025NattyGame_,.mp4,2026-03-17,
98,0:31:44,0:31:55,Run,E,FALSE,rooski2025Natty.mp4,2025NattyGame_98.mp4,2025NattyGame_,.mp4,2026-03-17,
99,0:32:09,0:32:18,Extra Point,S,FALSE,rooski2025Natty.mp4,2025NattyGame_99.mp4,2025NattyGame_,.mp4,2026-03-17,
100,0:32:27,0:32:35,Extra Point,E,FALSE,rooski2025Natty.mp4,2025NattyGame_100.mp4,2025NattyGame_,.mp4,2026-03-17,
101,0:32:57,0:33:04,Kick off,S,FALSE,rooski2025Natty.mp4,2025NattyGame_101.mp4,2025NattyGame_,.mp4,2026-03-17,
102,0:33:17,0:33:27,Kick off,E,FALSE,rooski2025Natty.mp4,2025NattyGame_102.mp4,2025NattyGame_,.mp4,2026-03-17,
103,0:33:36,0:33:47,Run,S,FALSE,rooski2025Natty.mp4,2025NattyGame_103.mp4,2025NattyGame_,.mp4,2026-03-17,
104,0:33:52,0:34:04,Run,E,FALSE,rooski2025Natty.mp4,2025NattyGame_104.mp4,2025NattyGame_,.mp4,2026-03-17,
105,0:34:12,0:34:27,Pass,S,FALSE,rooski2025Natty.mp4,2025NattyGame_105.mp4,2025NattyGame_,.mp4,2026-03-17,
106,0:34:32,0:34:44,Pass,E,FALSE,rooski2025Natty.mp4,2025NattyGame_106.mp4,2025NattyGame_,.mp4,2026-03-17,
107,0:34:50,0:35:03,[unclear],S,FALSE,rooski2025Natty.mp4,2025NattyGame_107.mp4,2025NattyGame_,.mp4,2026-03-17,
108,0:35:07,0:35:18,[unclear],E,FALSE,rooski2025Natty.mp4,2025NattyGame_108.mp4,2025NattyGame_,.mp4,2026-03-17,
109,0:35:27,0:35:41,Punt,S,FALSE,rooski2025Natty.mp4,2025NattyGame_109.mp4,2025NattyGame_,.mp4,2026-03-17,
110,0:35:45,0:35:47,Punt,E,FALSE,rooski2025Natty.mp4,2025NattyGame_110.mp4,2025NattyGame_,.mp4,2026-03-17,
111,0:36:08,0:36:18,Pass,S,FALSE,rooski2025Natty.mp4,2025NattyGame_111.mp4,2025NattyGame_,.mp4,2026-03-17,
112,0:36:22,0:36:32,Pass,E,FALSE,rooski2025Natty.mp4,2025NattyGame_112.mp4,2025NattyGame_,.mp4,2026-03-17,
113,0:36:38,0:36:52,Run,S,FALSE,rooski2025Natty.mp4,2025NattyGame_113.mp4,2025NattyGame_,.mp4,2026-03-17,
114,0:36:56,0:37:09,Run,E,FALSE,rooski2025Natty.mp4,2025NattyGame_114.mp4,2025NattyGame_,.mp4,2026-03-17,
115,0:37:15,0:37:27,Pass,S,FALSE,rooski2025Natty.mp4,2025NattyGame_115.mp4,2025NattyGame_,.mp4,2026-03-17,
116,0:37:30,0:37:40,Pass,E,FALSE,rooski2025Natty.mp4,2025NattyGame_116.mp4,2025NattyGame_,.mp4,2026-03-17,
117,0:37:46,0:38:04,Run,S,FALSE,rooski2025Natty.mp4,2025NattyGame_117.mp4,2025NattyGame_,.mp4,2026-03-17,
118,0:38:09,0:38:24,Run,E,FALSE,rooski2025Natty.mp4,2025NattyGame_118.mp4,2025NattyGame_,.mp4,2026-03-17,
119,0:38:30,0:38:45,Run,S,FALSE,rooski2025Natty.mp4,2025NattyGame_119.mp4,2025NattyGame_,.mp4,2026-03-17,
120,0:38:49,0:39:04,Run,E,FALSE,rooski2025Natty.mp4,2025NattyGame_120.mp4,2025NattyGame_,.mp4,2026-03-17,
121,0:39:16,0:39:25,Pass,S,FALSE,rooski2025Natty.mp4,2025NattyGame_121.mp4,2025NattyGame_,.mp4,2026-03-17,
122,0:39:30,0:39:46,Pass,E,FALSE,rooski2025Natty.mp4,2025NattyGame_122.mp4,2025NattyGame_,.mp4,2026-03-17,
123,0:39:53,0:40:07,Run,S,FALSE,rooski2025Natty.mp4,2025NattyGame_123.mp4,2025NattyGame_,.mp4,2026-03-17,
124,0:40:13,0:40:24,Run,E,FALSE,rooski2025Natty.mp4,2025NattyGame_124.mp4,2025NattyGame_,.mp4,2026-03-17,
125,0:40:30,0:40:42,Pass,S,FALSE,rooski2025Natty.mp4,2025NattyGame_125.mp4,2025NattyGame_,.mp4,2026-03-17,
126,0:40:46,0:40:58,Pass,E,FALSE,rooski2025Natty.mp4,2025NattyGame_126.mp4,2025NattyGame_,.mp4,2026-03-17,
127,0:41:05,0:41:20,Pass,S,FALSE,rooski2025Natty.mp4,2025NattyGame_127.mp4,2025NattyGame_,.mp4,2026-03-17,
128,0:41:29,0:41:41,Pass,E,FALSE,rooski2025Natty.mp4,2025NattyGame_128.mp4,2025NattyGame_,.mp4,2026-03-17,
129,0:41:48,0:42:06,Run,S,FALSE,rooski2025Natty.mp4,2025NattyGame_129.mp4,2025NattyGame_,.mp4,2026-03-17,
130,0:42:11,0:42:27,Run,E,FALSE,rooski2025Natty.mp4,2025NattyGame_130.mp4,2025NattyGame_,.mp4,2026-03-17,
131,0:42:35,0:42:42,Run,S,FALSE,rooski2025Natty.mp4,2025NattyGame_131.mp4,2025NattyGame_,.mp4,2026-03-17,
132,0:42:46,0:42:57,Run,E,FALSE,rooski2025Natty.mp4,2025NattyGame_132.mp4,2025NattyGame_,.mp4,2026-03-17,
133,0:43:04,0:43:19,Pass,S,FALSE,rooski2025Natty.mp4,2025NattyGame_133.mp4,2025NattyGame_,.mp4,2026-03-17,
134,0:43:21,0:43:37,Pass,E,FALSE,rooski2025Natty.mp4,2025NattyGame_134.mp4,2025NattyGame_,.mp4,2026-03-17,
135,0:43:51,0:43:57,Extra Point,S,FALSE,rooski2025Natty.mp4,2025NattyGame_135.mp4,2025NattyGame_,.mp4,2026-03-17,
136,0:44:09,0:44:15,Extra Point,E,FALSE,rooski2025Natty.mp4,2025NattyGame_136.mp4,2025NattyGame_,.mp4,2026-03-17,
137,0:44:32,0:44:43,Kick off,S,FALSE,rooski2025Natty.mp4,2025NattyGame_137.mp4,2025NattyGame_,.mp4,2026-03-17,
138,0:44:58,0:45:08,Kick off,E,FALSE,rooski2025Natty.mp4,2025NattyGame_138.mp4,2025NattyGame_,.mp4,2026-03-17,
139,0:45:16,0:45:29,Pass,S,FALSE,rooski2025Natty.mp4,2025NattyGame_139.mp4,2025NattyGame_,.mp4,2026-03-17,
140,0:45:33,0:45:39,Pass,E,FALSE,rooski2025Natty.mp4,2025NattyGame_140.mp4,2025NattyGame_,.mp4,2026-03-17,
141,0:45:50,0:46:00,Kick off,S,FALSE,rooski2025Natty.mp4,2025NattyGame_141.mp4,2025NattyGame_,.mp4,2026-03-17,
142,0:46:10,0:46:19,Kick off,E,FALSE,rooski2025Natty.mp4,2025NattyGame_142.mp4,2025NattyGame_,.mp4,2026-03-17,
143,0:46:28,0:46:42,Pass,S,FALSE,rooski2025Natty.mp4,2025NattyGame_143.mp4,2025NattyGame_,.mp4,2026-03-17,
144,0:46:48,0:46:55,Pass,E,FALSE,rooski2025Natty.mp4,2025NattyGame_144.mp4,2025NattyGame_,.mp4,2026-03-17,
145,0:47:02,0:47:16,Run,S,FALSE,rooski2025Natty.mp4,2025NattyGame_145.mp4,2025NattyGame_,.mp4,2026-03-17,
146,0:47:20,0:47:36,Run,E,FALSE,rooski2025Natty.mp4,2025NattyGame_146.mp4,2025NattyGame_,.mp4,2026-03-17,
147,0:47:44,0:47:53,Run,S,FALSE,rooski2025Natty.mp4,2025NattyGame_147.mp4,2025NattyGame_,.mp4,2026-03-17,
148,0:48:04,0:48:10,Run,E,FALSE,rooski2025Natty.mp4,2025NattyGame_148.mp4,2025NattyGame_,.mp4,2026-03-17,
149,0:48:17,0:48:26,Run,S,FALSE,rooski2025Natty.mp4,2025NattyGame_149.mp4,2025NattyGame_,.mp4,2026-03-17,
150,0:48:30,0:48:41,Run,E,FALSE,rooski2025Natty.mp4,2025NattyGame_150.mp4,2025NattyGame_,.mp4,2026-03-17,
151,0:48:49,0:48:55,Run,S,FALSE,rooski2025Natty.mp4,2025NattyGame_151.mp4,2025NattyGame_,.mp4,2026-03-17,
152,0:49:01,0:49:08,Run,E,FALSE,rooski2025Natty.mp4,2025NattyGame_152.mp4,2025NattyGame_,.mp4,2026-03-17,
153,0:49:22,0:49:30,Extra Point,S,FALSE,rooski2025Natty.mp4,2025NattyGame_153.mp4,2025NattyGame_,.mp4,2026-03-17,
154,0:49:41,0:49:50,Extra Point,E,FALSE,rooski2025Natty.mp4,2025NattyGame_154.mp4,2025NattyGame_,.mp4,2026-03-17,
155,0:50:04,0:50:17,Kick off,S,FALSE,rooski2025Natty.mp4,2025NattyGame_155.mp4,2025NattyGame_,.mp4,2026-03-17,
156,0:50:28,0:50:39,Kick off,E,FALSE,rooski2025Natty.mp4,2025NattyGame_156.mp4,2025NattyGame_,.mp4,2026-03-17,
157,0:50:47,0:50:58,Pass,S,FALSE,rooski2025Natty.mp4,2025NattyGame_157.mp4,2025NattyGame_,.mp4,2026-03-17,
158,0:51:01,0:51:13,Pass,E,FALSE,rooski2025Natty.mp4,2025NattyGame_158.mp4,2025NattyGame_,.mp4,2026-03-17,
159,0:51:20,0:51:28,Run,S,FALSE,rooski2025Natty.mp4,2025NattyGame_159.mp4,2025NattyGame_,.mp4,2026-03-17,
160,0:51:53,0:52:07,Pass,S,FALSE,rooski2025Natty.mp4,2025NattyGame_160.mp4,2025NattyGame_,.mp4,2026-03-17,
161,0:52:11,0:52:26,Pass,E,FALSE,rooski2025Natty.mp4,2025NattyGame_161.mp4,2025NattyGame_,.mp4,2026-03-17,
162,0:52:33,0:52:44,fall Run,S,FALSE,rooski2025Natty.mp4,2025NattyGame_162.mp4,2025NattyGame_,.mp4,2026-03-17,
163,0:52:53,0:53:02,fall Run,E,FALSE,rooski2025Natty.mp4,2025NattyGame_163.mp4,2025NattyGame_,.mp4,2026-03-17,
164,0:53:11,0:53:22,Run,S,FALSE,rooski2025Natty.mp4,2025NattyGame_164.mp4,2025NattyGame_,.mp4,2026-03-17,
165,0:53:26,0:53:37,Run,E,FALSE,rooski2025Natty.mp4,2025NattyGame_165.mp4,2025NattyGame_,.mp4,2026-03-17,
166,0:53:41,0:53:53,Run,S,FALSE,rooski2025Natty.mp4,2025NattyGame_166.mp4,2025NattyGame_,.mp4,2026-03-17,
167,0:53:57,0:54:09,Run,E,FALSE,rooski2025Natty.mp4,2025NattyGame_167.mp4,2025NattyGame_,.mp4,2026-03-17,
168,0:54:16,0:54:27,Run,S,FALSE,rooski2025Natty.mp4,2025NattyGame_168.mp4,2025NattyGame_,.mp4,2026-03-17,
169,0:54:31,0:54:42,Run,E,FALSE,rooski2025Natty.mp4,2025NattyGame_169.mp4,2025NattyGame_,.mp4,2026-03-17,
170,0:54:49,0:55:04,Pass,S,FALSE,rooski2025Natty.mp4,2025NattyGame_170.mp4,2025NattyGame_,.mp4,2026-03-17,
171,0:55:08,0:55:24,Pass,E,FALSE,rooski2025Natty.mp4,2025NattyGame_171.mp4,2025NattyGame_,.mp4,2026-03-17,
172,0:55:33,0:55:42,Run,S,FALSE,rooski2025Natty.mp4,2025NattyGame_172.mp4,2025NattyGame_,.mp4,2026-03-17,
173,0:55:46,0:55:58,Run,E,FALSE,rooski2025Natty.mp4,2025NattyGame_173.mp4,2025NattyGame_,.mp4,2026-03-17,
174,0:56:05,0:56:19,Pass,S,FALSE,rooski2025Natty.mp4,2025NattyGame_174.mp4,2025NattyGame_,.mp4,2026-03-17,
175,0:56:23,0:56:38,Pass,E,FALSE,rooski2025Natty.mp4,2025NattyGame_175.mp4,2025NattyGame_,.mp4,2026-03-17,
176,0:56:47,0:56:59,Field Goal,S,FALSE,rooski2025Natty.mp4,2025NattyGame_176.mp4,2025NattyGame_,.mp4,2026-03-17,
177,0:57:11,0:57:21,Field Goal,E,FALSE,rooski2025Natty.mp4,2025NattyGame_177.mp4,2025NattyGame_,.mp4,2026-03-17,
178,0:57:29,0:57:50,Kick off,S,FALSE,rooski2025Natty.mp4,2025NattyGame_178.mp4,2025NattyGame_,.mp4,2026-03-17,
179,0:58:04,0:58:14,Kick off,E,FALSE,rooski2025Natty.mp4,2025NattyGame_179.mp4,2025NattyGame_,.mp4,2026-03-17,
180,0:58:19,0:58:28,Run,S,FALSE,rooski2025Natty.mp4,2025NattyGame_180.mp4,2025NattyGame_,.mp4,2026-03-17,
181,0:58:35,0:58:44,Run,E,FALSE,rooski2025Natty.mp4,2025NattyGame_181.mp4,2025NattyGame_,.mp4,2026-03-17,
182,0:58:52,0:59:01,Pass,S,FALSE,rooski2025Natty.mp4,2025NattyGame_182.mp4,2025NattyGame_,.mp4,2026-03-17,
183,0:59:07,0:59:20,Pass,E,FALSE,rooski2025Natty.mp4,2025NattyGame_183.mp4,2025NattyGame_,.mp4,2026-03-17,
184,0:59:27,0:59:41,Pass,S,FALSE,rooski2025Natty.mp4,2025NattyGame_184.mp4,2025NattyGame_,.mp4,2026-03-17,
185,0:59:47,1:00:03,Pass,E,FALSE,rooski2025Natty.mp4,2025NattyGame_185.mp4,2025NattyGame_,.mp4,2026-03-17,
186,1:00:10,1:00:23,Run,S,FALSE,rooski2025Natty.mp4,2025NattyGame_186.mp4,2025NattyGame_,.mp4,2026-03-17,
187,1:00:26,1:00:40,Run,E,FALSE,rooski2025Natty.mp4,2025NattyGame_187.mp4,2025NattyGame_,.mp4,2026-03-17,
189,1:01:09,1:01:22,Sack,E,FALSE,rooski2025Natty.mp4,2025NattyGame_189.mp4,2025NattyGame_,.mp4,2026-03-17,
190,1:01:32,1:01:42,Pass,S,FALSE,rooski2025Natty.mp4,2025NattyGame_190.mp4,2025NattyGame_,.mp4,2026-03-17,
191,1:01:46,1:35:40,Pass,E,FALSE,rooski2025Natty.mp4,2025NattyGame_191.mp4,2025NattyGame_,.mp4,2026-03-17,
192,1:02:05,1:02:18,Pass,S,FALSE,rooski2025Natty.mp4,2025NattyGame_192.mp4,2025NattyGame_,.mp4,2026-03-17,
193,1:02:20,1:02:34,Pass,E,FALSE,rooski2025Natty.mp4,2025NattyGame_193.mp4,2025NattyGame_,.mp4,2026-03-17,
194,1:02:40,1:02:53,Run,S,FALSE,rooski2025Natty.mp4,2025NattyGame_194.mp4,2025NattyGame_,.mp4,2026-03-17,
195,1:03:00,1:03:12,Run,E,FALSE,rooski2025Natty.mp4,2025NattyGame_195.mp4,2025NattyGame_,.mp4,2026-03-17,
196,1:03:18,1:03:27,Run,S,FALSE,rooski2025Natty.mp4,2025NattyGame_196.mp4,2025NattyGame_,.mp4,2026-03-17,
197,1:03:34,1:03:43,Run,E,FALSE,rooski2025Natty.mp4,2025NattyGame_197.mp4,2025NattyGame_,.mp4,2026-03-17,
198,1:03:49,1:04:03,Pass,S,FALSE,rooski2025Natty.mp4,2025NattyGame_198.mp4,2025NattyGame_,.mp4,2026-03-17,
199,1:04:07,1:04:19,Pass,E,FALSE,rooski2025Natty.mp4,2025NattyGame_199.mp4,2025NattyGame_,.mp4,2026-03-17,
200,1:04:26,1:04:42,Pass,S,FALSE,rooski2025Natty.mp4,2025NattyGame_200.mp4,2025NattyGame_,.mp4,2026-03-17,
201,1:04:48,1:05:07,Pass,E,FALSE,rooski2025Natty.mp4,2025NattyGame_201.mp4,2025NattyGame_,.mp4,2026-03-17,
202,1:05:18,1:05:30,Run,S,FALSE,rooski2025Natty.mp4,2025NattyGame_202.mp4,2025NattyGame_,.mp4,2026-03-17,
203,1:05:34,1:05:44,Run,E,FALSE,rooski2025Natty.mp4,2025NattyGame_203.mp4,2025NattyGame_,.mp4,2026-03-17,
204,1:05:53,1:06:08,Kick off,S,FALSE,rooski2025Natty.mp4,2025NattyGame_204.mp4,2025NattyGame_,.mp4,2026-03-17,
205,1:06:17,1:06:29,Kick off,E,FALSE,rooski2025Natty.mp4,2025NattyGame_205.mp4,2025NattyGame_,.mp4,2026-03-17,
206,1:06:36,1:06:46,RPO,S,FALSE,rooski2025Natty.mp4,2025NattyGame_206.mp4,2025NattyGame_,.mp4,2026-03-17,
207,1:06:51,1:07:03,RPO,E,FALSE,rooski2025Natty.mp4,2025NattyGame_207.mp4,2025NattyGame_,.mp4,2026-03-17,
208,1:07:09,1:07:19,Run,S,FALSE,rooski2025Natty.mp4,2025NattyGame_208.mp4,2025NattyGame_,.mp4,2026-03-17,
209,1:07:23,1:07:35,Run,E,FALSE,rooski2025Natty.mp4,2025NattyGame_209.mp4,2025NattyGame_,.mp4,2026-03-17,
210,1:07:43,1:07:48,Run,S,FALSE,rooski2025Natty.mp4,2025NattyGame_210.mp4,2025NattyGame_,.mp4,2026-03-17,
211,1:07:53,1:07:59,Run,E,FALSE,rooski2025Natty.mp4,2025NattyGame_211.mp4,2025NattyGame_,.mp4,2026-03-17,
212,1:08:07,1:08:17,Run,S,FALSE,rooski2025Natty.mp4,2025NattyGame_212.mp4,2025NattyGame_,.mp4,2026-03-17,
213,1:08:20,1:08:30,Run,E,FALSE,rooski2025Natty.mp4,2025NattyGame_213.mp4,2025NattyGame_,.mp4,2026-03-17,
214,1:08:37,1:08:46,Pass,S,FALSE,rooski2025Natty.mp4,2025NattyGame_214.mp4,2025NattyGame_,.mp4,2026-03-17,
215,1:08:51,1:09:41,Pass,E,FALSE,rooski2025Natty.mp4,2025NattyGame_215.mp4,2025NattyGame_,.mp4,2026-03-17,
216,1:09:09,1:09:16,Run,S,FALSE,rooski2025Natty.mp4,2025NattyGame_216.mp4,2025NattyGame_,.mp4,2026-03-17,
217,1:09:19,1:09:27,Run,E,FALSE,rooski2025Natty.mp4,2025NattyGame_217.mp4,2025NattyGame_,.mp4,2026-03-17,
218,1:09:35,1:09:51,Trick Play,S,FALSE,rooski2025Natty.mp4,2025NattyGame_218.mp4,2025NattyGame_,.mp4,2026-03-17,
219,1:09:59,1:10:20,Trick Play,E,FALSE,rooski2025Natty.mp4,2025NattyGame_219.mp4,2025NattyGame_,.mp4,2026-03-17,
220,1:10:28,1:10:38,Run,S,FALSE,rooski2025Natty.mp4,2025NattyGame_220.mp4,2025NattyGame_,.mp4,2026-03-17,
221,1:10:42,1:10:53,Run,E,FALSE,rooski2025Natty.mp4,2025NattyGame_221.mp4,2025NattyGame_,.mp4,2026-03-17,
222,1:10:59,1:11:15,Pass,S,FALSE,rooski2025Natty.mp4,2025NattyGame_222.mp4,2025NattyGame_,.mp4,2026-03-17,
223,1:11:18,1:11:33,Pass,E,FALSE,rooski2025Natty.mp4,2025NattyGame_223.mp4,2025NattyGame_,.mp4,2026-03-17,
224,1:11:41,1:11:52,Pass,S,FALSE,rooski2025Natty.mp4,2025NattyGame_224.mp4,2025NattyGame_,.mp4,2026-03-17,
225,1:11:56,1:12:11,Pass,E,FALSE,rooski2025Natty.mp4,2025NattyGame_225.mp4,2025NattyGame_,.mp4,2026-03-17,
226,1:12:18,1:12:28,Pass,S,FALSE,rooski2025Natty.mp4,2025NattyGame_226.mp4,2025NattyGame_,.mp4,2026-03-17,
227,1:12:33,1:12:43,Pass,E,FALSE,rooski2025Natty.mp4,2025NattyGame_227.mp4,2025NattyGame_,.mp4,2026-03-17,
228,1:12:50,1:13:04,Pass,S,FALSE,rooski2025Natty.mp4,2025NattyGame_228.mp4,2025NattyGame_,.mp4,2026-03-17,
229,1:13:09,1:13:23,Pass,E,FALSE,rooski2025Natty.mp4,2025NattyGame_229.mp4,2025NattyGame_,.mp4,2026-03-17,
230,1:13:29,1:13:42,Run,S,FALSE,rooski2025Natty.mp4,2025NattyGame_230.mp4,2025NattyGame_,.mp4,2026-03-17,
231,1:13:47,1:13:59,Run,E,FALSE,rooski2025Natty.mp4,2025NattyGame_231.mp4,2025NattyGame_,.mp4,2026-03-17,
232,1:14:07,1:14:16,Pass,S,FALSE,rooski2025Natty.mp4,2025NattyGame_232.mp4,2025NattyGame_,.mp4,2026-03-17,
233,1:14:20,1:14:31,Pass,E,FALSE,rooski2025Natty.mp4,2025NattyGame_233.mp4,2025NattyGame_,.mp4,2026-03-17,
234,1:14:38,1:14:53,Pass,S,FALSE,rooski2025Natty.mp4,2025NattyGame_234.mp4,2025NattyGame_,.mp4,2026-03-17,
235,1:14:57,1:15:11,Pass,E,FALSE,rooski2025Natty.mp4,2025NattyGame_235.mp4,2025NattyGame_,.mp4,2026-03-17,
236,1:15:19,1:15:28,Pass,S,FALSE,rooski2025Natty.mp4,2025NattyGame_236.mp4,2025NattyGame_,.mp4,2026-03-17,
237,1:15:32,1:15:44,Pass,E,FALSE,rooski2025Natty.mp4,2025NattyGame_237.mp4,2025NattyGame_,.mp4,2026-03-17,
238,1:15:50,1:16:04,Pass,S,FALSE,rooski2025Natty.mp4,2025NattyGame_238.mp4,2025NattyGame_,.mp4,2026-03-17,
239,1:16:10,1:16:22,Pass,E,FALSE,rooski2025Natty.mp4,2025NattyGame_239.mp4,2025NattyGame_,.mp4,2026-03-17,
240,1:16:30,1:16:39,Run,S,FALSE,rooski2025Natty.mp4,2025NattyGame_240.mp4,2025NattyGame_,.mp4,2026-03-17,
241,1:16:42,1:16:53,Run,E,FALSE,rooski2025Natty.mp4,2025NattyGame_241.mp4,2025NattyGame_,.mp4,2026-03-17,
242,1:17:00,1:17:12,Pass,S,FALSE,rooski2025Natty.mp4,2025NattyGame_242.mp4,2025NattyGame_,.mp4,2026-03-17,
243,1:17:16,1:17:27,Pass,E,FALSE,rooski2025Natty.mp4,2025NattyGame_243.mp4,2025NattyGame_,.mp4,2026-03-17,
244,1:17:34,1:17:46,Pass,S,FALSE,rooski2025Natty.mp4,2025NattyGame_244.mp4,2025NattyGame_,.mp4,2026-03-17,
245,1:17:50,1:18:04,Pass,E,FALSE,rooski2025Natty.mp4,2025NattyGame_245.mp4,2025NattyGame_,.mp4,2026-03-17,
246,1:18:14,1:18:21,Field Goal,S,FALSE,rooski2025Natty.mp4,2025NattyGame_246.mp4,2025NattyGame_,.mp4,2026-03-17,
247,1:18:32,1:18:40,Field Goal,E,FALSE,rooski2025Natty.mp4,2025NattyGame_247.mp4,2025NattyGame_,.mp4,2026-03-17,
248,1:18:48,1:18:59,Run,S,FALSE,rooski2025Natty.mp4,2025NattyGame_248.mp4,2025NattyGame_,.mp4,2026-03-17,
249,1:19:02,1:19:13,Run,E,FALSE,rooski2025Natty.mp4,2025NattyGame_249.mp4,2025NattyGame_,.mp4,2026-03-17,
250,1:19:20,1:19:30,Run,S,FALSE,rooski2025Natty.mp4,2025NattyGame_250.mp4,2025NattyGame_,.mp4,2026-03-17,
251,1:19:35,1:19:45,Run,E,FALSE,rooski2025Natty.mp4,2025NattyGame_251.mp4,2025NattyGame_,.mp4,2026-03-17,
252,1:19:52,1:20:03,Run,S,FALSE,rooski2025Natty.mp4,2025NattyGame_252.mp4,2025NattyGame_,.mp4,2026-03-17,
253,1:20:06,1:20:21,Run,E,FALSE,rooski2025Natty.mp4,2025NattyGame_253.mp4,2025NattyGame_,.mp4,2026-03-17,
254,1:20:28,1:20:38,Run,S,FALSE,rooski2025Natty.mp4,2025NattyGame_254.mp4,2025NattyGame_,.mp4,2026-03-17,
255,1:20:41,1:20:51,Run,E,FALSE,rooski2025Natty.mp4,2025NattyGame_255.mp4,2025NattyGame_,.mp4,2026-03-17,
256,1:20:57,1:21:06,Pass,S,FALSE,rooski2025Natty.mp4,2025NattyGame_256.mp4,2025NattyGame_,.mp4,2026-03-17,
257,1:21:11,1:21:22,Pass,E,FALSE,rooski2025Natty.mp4,2025NattyGame_257.mp4,2025NattyGame_,.mp4,2026-03-17,
258,1:21:29,1:21:49,Punt,S,FALSE,rooski2025Natty.mp4,2025NattyGame_258.mp4,2025NattyGame_,.mp4,2026-03-17,
259,1:21:55,1:22:12,Punt,E,FALSE,rooski2025Natty.mp4,2025NattyGame_259.mp4,2025NattyGame_,.mp4,2026-03-17,
260,1:22:20,1:22:34,Pass,S,FALSE,rooski2025Natty.mp4,2025NattyGame_260.mp4,2025NattyGame_,.mp4,2026-03-17,
261,1:22:38,1:22:53,Pass,E,FALSE,rooski2025Natty.mp4,2025NattyGame_261.mp4,2025NattyGame_,.mp4,2026-03-17,
262,1:22:59,1:23:07,Pass,S,FALSE,rooski2025Natty.mp4,2025NattyGame_262.mp4,2025NattyGame_,.mp4,2026-03-17,
263,1:23:11,1:23:23,Pass,E,FALSE,rooski2025Natty.mp4,2025NattyGame_263.mp4,2025NattyGame_,.mp4,2026-03-17,
264,1:23:30,1:23:52,Pass,S,FALSE,rooski2025Natty.mp4,2025NattyGame_264.mp4,2025NattyGame_,.mp4,2026-03-17,
265,1:23:56,1:24:18,Pass,E,FALSE,rooski2025Natty.mp4,2025NattyGame_265.mp4,2025NattyGame_,.mp4,2026-03-17,
266,1:24:23,1:24:39,Sack,S,FALSE,rooski2025Natty.mp4,2025NattyGame_266.mp4,2025NattyGame_,.mp4,2026-03-17,
267,1:24:44,1:24:57,Sack,E,FALSE,rooski2025Natty.mp4,2025NattyGame_267.mp4,2025NattyGame_,.mp4,2026-03-17,
268,1:25:02,1:25:14,Pass,S,FALSE,rooski2025Natty.mp4,2025NattyGame_268.mp4,2025NattyGame_,.mp4,2026-03-17,
269,1:25:18,1:25:32,Pass,E,FALSE,rooski2025Natty.mp4,2025NattyGame_269.mp4,2025NattyGame_,.mp4,2026-03-17,
270,1:25:39,1:25:51,Pass,S,FALSE,rooski2025Natty.mp4,2025NattyGame_270.mp4,2025NattyGame_,.mp4,2026-03-17,
271,1:25:55,1:26:04,Pass,E,FALSE,rooski2025Natty.mp4,2025NattyGame_271.mp4,2025NattyGame_,.mp4,2026-03-17,
272,1:26:13,1:26:23,Trick Play,S,FALSE,rooski2025Natty.mp4,2025NattyGame_272.mp4,2025NattyGame_,.mp4,2026-03-17,
273,1:26:27,1:26:35,Trick Play,E,FALSE,rooski2025Natty.mp4,2025NattyGame_273.mp4,2025NattyGame_,.mp4,2026-03-17,
274,1:26:45,1:27:02,Kick off,S,FALSE,rooski2025Natty.mp4,2025NattyGame_274.mp4,2025NattyGame_,.mp4,2026-03-17,
275,1:27:06,1:27:24,Kick off,E,FALSE,rooski2025Natty.mp4,2025NattyGame_275.mp4,2025NattyGame_,.mp4,2026-03-17,
276,1:27:32,1:27:41,Run,S,FALSE,rooski2025Natty.mp4,2025NattyGame_276.mp4,2025NattyGame_,.mp4,2026-03-17,
277,1:27:45,1:27:55,Run,E,FALSE,rooski2025Natty.mp4,2025NattyGame_277.mp4,2025NattyGame_,.mp4,2026-03-17,
278,1:28:03,1:28:16,Run,S,FALSE,rooski2025Natty.mp4,2025NattyGame_278.mp4,2025NattyGame_,.mp4,2026-03-17,
279,1:28:19,1:28:33,Run,E,FALSE,rooski2025Natty.mp4,2025NattyGame_279.mp4,2025NattyGame_,.mp4,2026-03-17,
280,1:28:40,1:28:58,Run,S,FALSE,rooski2025Natty.mp4,2025NattyGame_280.mp4,2025NattyGame_,.mp4,2026-03-17,
281,1:29:02,1:29:22,Run,E,FALSE,rooski2025Natty.mp4,2025NattyGame_281.mp4,2025NattyGame_,.mp4,2026-03-17,
282,1:29:29,1:29:41,Run,S,FALSE,rooski2025Natty.mp4,2025NattyGame_282.mp4,2025NattyGame_,.mp4,2026-03-17,
283,1:29:45,1:29:57,Run,E,FALSE,rooski2025Natty.mp4,2025NattyGame_283.mp4,2025NattyGame_,.mp4,2026-03-17,
284,1:30:04,1:30:18,Pass,S,FALSE,rooski2025Natty.mp4,2025NattyGame_284.mp4,2025NattyGame_,.mp4,2026-03-17,
285,1:30:22,1:30:35,Pass,E,FALSE,rooski2025Natty.mp4,2025NattyGame_285.mp4,2025NattyGame_,.mp4,2026-03-17,
286,1:30:43,1:30:53,Run,S,FALSE,rooski2025Natty.mp4,2025NattyGame_286.mp4,2025NattyGame_,.mp4,2026-03-17,
287,1:30:56,1:31:10,Run,E,FALSE,rooski2025Natty.mp4,2025NattyGame_287.mp4,2025NattyGame_,.mp4,2026-03-17,
288,1:31:16,1:31:25,Run,S,FALSE,rooski2025Natty.mp4,2025NattyGame_288.mp4,2025NattyGame_,.mp4,2026-03-17,
289,1:31:30,1:31:40,Run,E,FALSE,rooski2025Natty.mp4,2025NattyGame_289.mp4,2025NattyGame_,.mp4,2026-03-17,
290,1:31:48,1:31:57,Run,S,FALSE,rooski2025Natty.mp4,2025NattyGame_290.mp4,2025NattyGame_,.mp4,2026-03-17,
291,1:32:01,1:32:12,Run,E,FALSE,rooski2025Natty.mp4,2025NattyGame_291.mp4,2025NattyGame_,.mp4,2026-03-17,
292,1:32:19,1:32:29,Run,S,FALSE,rooski2025Natty.mp4,2025NattyGame_292.mp4,2025NattyGame_,.mp4,2026-03-17,
293,1:32:36,1:32:44,Run,E,FALSE,rooski2025Natty.mp4,2025NattyGame_293.mp4,2025NattyGame_,.mp4,2026-03-17,
294,1:33:03,1:33:10,Field Goal,S,FALSE,rooski2025Natty.mp4,2025NattyGame_294.mp4,2025NattyGame_,.mp4,2026-03-17,
295,1:33:13,1:33:32,Field Goal,E,FALSE,rooski2025Natty.mp4,2025NattyGame_295.mp4,2025NattyGame_,.mp4,2026-03-17,
296,1:33:43,1:33:57,Kick off,S,FALSE,rooski2025Natty.mp4,2025NattyGame_296.mp4,2025NattyGame_,.mp4,2026-03-17,
297,1:34:13,1:34:27,Kick off,E,FALSE,rooski2025Natty.mp4,2025NattyGame_297.mp4,2025NattyGame_,.mp4,2026-03-17,
298,1:34:35,1:34:50,Pass,S,FALSE,rooski2025Natty.mp4,2025NattyGame_298.mp4,2025NattyGame_,.mp4,2026-03-17,
299,1:34:53,1:35:10,Pass,E,FALSE,rooski2025Natty.mp4,2025NattyGame_299.mp4,2025NattyGame_,.mp4,2026-03-17,
300,1:35:16,1:35:26,Pass,S,FALSE,rooski2025Natty.mp4,2025NattyGame_300.mp4,2025NattyGame_,.mp4,2026-03-17,
301,1:35:29,1:35:39,Pass,E,FALSE,rooski2025Natty.mp4,2025NattyGame_301.mp4,2025NattyGame_,.mp4,2026-03-17,
188,1:00:48,1:01:05,Sack,S,FALSE,rooski2025Natty.mp4,2025NattyGame_188.mp4,2025NattyGame_,.mp4,2026-03-18,
1,0:00:05,0:00:15,Pass,S,FALSE,SlantAndGo.mp4,SlantAndGo_1.mp4,SlantAndGo_,.mp4,2026-03-18,
2,0:00:20,0:00:28,Pass,E,FALSE,SlantAndGo.mp4,SlantAndGo_2.mp4,SlantAndGo_,.mp4,2026-03-18,
3,0:00:36,0:00:44,Pass,S,FALSE,SlantAndGo.mp4,SlantAndGo_3.mp4,SlantAndGo_,.mp4,2026-03-18,
4,0:00:52,0:01:00,Pass,E,FALSE,SlantAndGo.mp4,SlantAndGo_4.mp4,SlantAndGo_,.mp4,2026-03-18,
5,0:01:13,0:01:18,Pass,S,FALSE,SlantAndGo.mp4,SlantAndGo_5.mp4,SlantAndGo_,.mp4,2026-03-18,
6,0:01:35,0:01:42,Pass,E,FALSE,SlantAndGo.mp4,SlantAndGo_6.mp4,SlantAndGo_,.mp4,2026-03-18,
7,0:01:57,0:02:04,Pass,S,FALSE,SlantAndGo.mp4,SlantAndGo_7.mp4,SlantAndGo_,.mp4,2026-03-18,
8,0:02:11,0:02:17,Pass,E,FALSE,SlantAndGo.mp4,SlantAndGo_8.mp4,SlantAndGo_,.mp4,2026-03-18,
9,0:02:29,0:02:37,Pass,S,FALSE,SlantAndGo.mp4,SlantAndGo_9.mp4,SlantAndGo_,.mp4,2026-03-18,
10,0:02:51,0:02:59,Pass,E,FALSE,SlantAndGo.mp4,SlantAndGo_10.mp4,SlantAndGo_,.mp4,2026-03-18,
11,0:03:10,0:03:17,Pass,S,FALSE,SlantAndGo.mp4,SlantAndGo_11.mp4,SlantAndGo_,.mp4,2026-03-18,
12,0:03:25,0:03:32,Pass,E,FALSE,SlantAndGo.mp4,SlantAndGo_12.mp4,SlantAndGo_,.mp4,2026-03-18,
13,0:03:46,0:03:56,Pass,S,FALSE,SlantAndGo.mp4,SlantAndGo_13.mp4,SlantAndGo_,.mp4,2026-03-18,
14,0:04:02,0:04:12,Pass,E,FALSE,SlantAndGo.mp4,SlantAndGo_14.mp4,SlantAndGo_,.mp4,2026-03-18,
15,0:04:24,0:04:33,Pass,S,FALSE,SlantAndGo.mp4,SlantAndGo_15.mp4,SlantAndGo_,.mp4,2026-03-18,
16,0:04:43,0:04:53,Pass,E,FALSE,SlantAndGo.mp4,SlantAndGo_16.mp4,SlantAndGo_,.mp4,2026-03-18,
17,0:05:08,0:05:15,Pass,S,FALSE,SlantAndGo.mp4,SlantAndGo_17.mp4,SlantAndGo_,.mp4,2026-03-18,
18,0:05:22,0:05:29,Pass,E,FALSE,SlantAndGo.mp4,SlantAndGo_18.mp4,SlantAndGo_,.mp4,2026-03-18,
19,0:05:40,0:05:47,Pass,S,FALSE,SlantAndGo.mp4,SlantAndGo_19.mp4,SlantAndGo_,.mp4,2026-03-18,
20,0:05:53,0:06:01,Pass,E,FALSE,SlantAndGo.mp4,SlantAndGo_20.mp4,SlantAndGo_,.mp4,2026-03-18,
21,0:06:18,0:06:24,Pass,S,FALSE,SlantAndGo.mp4,SlantAndGo_21.mp4,SlantAndGo_,.mp4,2026-03-18,
22,0:06:34,0:06:40,Pass,E,FALSE,SlantAndGo.mp4,SlantAndGo_22.mp4,SlantAndGo_,.mp4,2026-03-18,
23,0:06:45,0:06:53,Pass,S,FALSE,SlantAndGo.mp4,SlantAndGo_23.mp4,SlantAndGo_,.mp4,2026-03-18,
24,0:06:56,0:07:02,Pass,E,FALSE,SlantAndGo.mp4,SlantAndGo_24.mp4,SlantAndGo_,.mp4,2026-03-18,
25,0:07:14,0:07:25,Pass,S,FALSE,SlantAndGo.mp4,SlantAndGo_25.mp4,SlantAndGo_,.mp4,2026-03-18,
26,0:07:31,0:07:42,Pass,E,FALSE,SlantAndGo.mp4,SlantAndGo_26.mp4,SlantAndGo_,.mp4,2026-03-18,
27,0:07:51,0:07:58,Pass,S,FALSE,SlantAndGo.mp4,SlantAndGo_27.mp4,SlantAndGo_,.mp4,2026-03-18,
28,0:08:05,0:08:12,Pass,E,FALSE,SlantAndGo.mp4,SlantAndGo_28.mp4,SlantAndGo_,.mp4,2026-03-18,
29,0:08:30,0:08:37,Pass,S,FALSE,SlantAndGo.mp4,SlantAndGo_29.mp4,SlantAndGo_,.mp4,2026-03-18,
30,0:08:52,0:08:59,Pass,E,FALSE,SlantAndGo.mp4,SlantAndGo_30.mp4,SlantAndGo_,.mp4,2026-03-18,
31,0:09:12,0:09:19,Pass,S,FALSE,SlantAndGo.mp4,SlantAndGo_31.mp4,SlantAndGo_,.mp4,2026-03-18,
32,0:09:30,0:09:38,Pass,E,FALSE,SlantAndGo.mp4,SlantAndGo_32.mp4,SlantAndGo_,.mp4,2026-03-18,
33,0:09:49,0:09:55,Pass,S,FALSE,SlantAndGo.mp4,SlantAndGo_33.mp4,SlantAndGo_,.mp4,2026-03-18,
34,0:10:05,0:10:11,Pass,E,FALSE,SlantAndGo.mp4,SlantAndGo_34.mp4,SlantAndGo_,.mp4,2026-03-18,
35,0:10:17,0:10:24,Pass,S,FALSE,SlantAndGo.mp4,SlantAndGo_35.mp4,SlantAndGo_,.mp4,2026-03-18,
36,0:10:30,0:10:36,Pass,E,FALSE,SlantAndGo.mp4,SlantAndGo_36.mp4,SlantAndGo_,.mp4,2026-03-18,
37,0:10:48,0:10:56,Pass,S,FALSE,SlantAndGo.mp4,SlantAndGo_37.mp4,SlantAndGo_,.mp4,2026-03-18,
38,0:11:03,0:11:10,Pass,E,FALSE,SlantAndGo.mp4,SlantAndGo_38.mp4,SlantAndGo_,.mp4,2026-03-18,
39,0:11:23,0:11:34,Pass,S,FALSE,SlantAndGo.mp4,SlantAndGo_39.mp4,SlantAndGo_,.mp4,2026-03-18,
40,0:11:41,0:11:50,Pass,E,FALSE,SlantAndGo.mp4,SlantAndGo_40.mp4,SlantAndGo_,.mp4,2026-03-18,
41,0:12:02,0:12:13,Pass,S,FALSE,SlantAndGo.mp4,SlantAndGo_41.mp4,SlantAndGo_,.mp4,2026-03-18,
42,0:12:23,0:12:33,Pass,E,FALSE,SlantAndGo.mp4,SlantAndGo_42.mp4,SlantAndGo_,.mp4,2026-03-18,
43,0:12:48,0:12:54,Pass,S,FALSE,SlantAndGo.mp4,SlantAndGo_43.mp4,SlantAndGo_,.mp4,2026-03-18,
44,0:13:07,0:13:13,Pass,E,FALSE,SlantAndGo.mp4,SlantAndGo_44.mp4,SlantAndGo_,.mp4,2026-03-18,
45,0:13:20,0:13:29,Pass,S,FALSE,SlantAndGo.mp4,SlantAndGo_45.mp4,SlantAndGo_,.mp4,2026-03-18,
46,0:13:31,0:13:39,Pass,E,FALSE,SlantAndGo.mp4,SlantAndGo_46.mp4,SlantAndGo_,.mp4,2026-03-18,
47,0:13:50,0:13:57,Pass,S,FALSE,SlantAndGo.mp4,SlantAndGo_47.mp4,SlantAndGo_,.mp4,2026-03-18,
48,0:14:03,0:14:12,Pass,E,FALSE,SlantAndGo.mp4,SlantAndGo_48.mp4,SlantAndGo_,.mp4,2026-03-18,
49,0:14:29,0:14:35,Pass,S,FALSE,SlantAndGo.mp4,SlantAndGo_49.mp4,SlantAndGo_,.mp4,2026-03-18,
50,0:14:49,0:14:55,Pass,E,FALSE,SlantAndGo.mp4,SlantAndGo_50.mp4,SlantAndGo_,.mp4,2026-03-18,
1,0:00:05,0:00:12,Pass,S,FALSE,OutAndUp.mp4,OutAndUp_1.mp4,OutAndUp_,.mp4,2026-03-18,
2,0:00:18,0:00:25,Pass,E,FALSE,OutAndUp.mp4,OutAndUp_2.mp4,OutAndUp_,.mp4,2026-03-18,
3,0:00:34,0:00:41,Pass,S,FALSE,OutAndUp.mp4,OutAndUp_3.mp4,OutAndUp_,.mp4,2026-03-18,
4,0:00:49,0:00:57,Pass,E,FALSE,OutAndUp.mp4,OutAndUp_4.mp4,OutAndUp_,.mp4,2026-03-18,
5,0:01:10,0:01:17,Pass,S,FALSE,OutAndUp.mp4,OutAndUp_5.mp4,OutAndUp_,.mp4,2026-03-18,
6,0:01:25,0:01:32,Pass,E,FALSE,OutAndUp.mp4,OutAndUp_6.mp4,OutAndUp_,.mp4,2026-03-18,
7,0:01:53,0:02:00,Pass,S,FALSE,OutAndUp.mp4,OutAndUp_7.mp4,OutAndUp_,.mp4,2026-03-18,
8,0:02:07,0:02:15,Pass,E,FALSE,OutAndUp.mp4,OutAndUp_8.mp4,OutAndUp_,.mp4,2026-03-18,
9,0:02:25,0:02:32,Pass,S,FALSE,OutAndUp.mp4,OutAndUp_9.mp4,OutAndUp_,.mp4,2026-03-18,
10,0:02:39,0:02:49,Pass,E,FALSE,OutAndUp.mp4,OutAndUp_10.mp4,OutAndUp_,.mp4,2026-03-18,
11,0:03:00,0:03:07,Pass,S,FALSE,OutAndUp.mp4,OutAndUp_11.mp4,OutAndUp_,.mp4,2026-03-18,
12,0:03:15,0:03:22,Pass,E,FALSE,OutAndUp.mp4,OutAndUp_12.mp4,OutAndUp_,.mp4,2026-03-18,
13,0:03:43,0:03:49,Pass,S,FALSE,OutAndUp.mp4,OutAndUp_13.mp4,OutAndUp_,.mp4,2026-03-18,
14,0:04:05,0:04:12,Pass,E,FALSE,OutAndUp.mp4,OutAndUp_14.mp4,OutAndUp_,.mp4,2026-03-18,
15,0:04:25,0:04:33,Pass,S,FALSE,OutAndUp.mp4,OutAndUp_15.mp4,OutAndUp_,.mp4,2026-03-18,
16,0:04:40,0:04:47,Pass,E,FALSE,OutAndUp.mp4,OutAndUp_16.mp4,OutAndUp_,.mp4,2026-03-18,
17,0:05:07,0:05:15,Pass,S,FALSE,OutAndUp.mp4,OutAndUp_17.mp4,OutAndUp_,.mp4,2026-03-18,
18,0:05:29,0:05:39,Pass,E,FALSE,OutAndUp.mp4,OutAndUp_18.mp4,OutAndUp_,.mp4,2026-03-18,
19,0:05:45,0:05:54,Pass,S,FALSE,OutAndUp.mp4,OutAndUp_19.mp4,OutAndUp_,.mp4,2026-03-18,
20,0:06:00,0:06:10,Pass,E,FALSE,OutAndUp.mp4,OutAndUp_20.mp4,OutAndUp_,.mp4,2026-03-18,
21,0:06:27,0:06:35,Pass,S,FALSE,OutAndUp.mp4,OutAndUp_21.mp4,OutAndUp_,.mp4,2026-03-18,
22,0:06:50,0:06:57,Pass,E,FALSE,OutAndUp.mp4,OutAndUp_22.mp4,OutAndUp_,.mp4,2026-03-18,
23,0:07:16,0:07:24,Pass,S,FALSE,OutAndUp.mp4,OutAndUp_23.mp4,OutAndUp_,.mp4,2026-03-18,
24,0:07:35,0:07:44,Pass,E,FALSE,OutAndUp.mp4,OutAndUp_24.mp4,OutAndUp_,.mp4,2026-03-18,
25,0:07:54,0:08:04,Pass,S,FALSE,OutAndUp.mp4,OutAndUp_25.mp4,OutAndUp_,.mp4,2026-03-18,
26,0:08:13,0:08:23,Pass,E,FALSE,OutAndUp.mp4,OutAndUp_26.mp4,OutAndUp_,.mp4,2026-03-18,
27,0:08:38,0:08:45,Pass,S,FALSE,OutAndUp.mp4,OutAndUp_27.mp4,OutAndUp_,.mp4,2026-03-18,
28,0:09:03,0:09:10,Pass,E,FALSE,OutAndUp.mp4,OutAndUp_28.mp4,OutAndUp_,.mp4,2026-03-18,
29,0:09:24,0:09:32,Pass,S,FALSE,OutAndUp.mp4,OutAndUp_29.mp4,OutAndUp_,.mp4,2026-03-18,
30,0:09:40,0:09:47,Pass,E,FALSE,OutAndUp.mp4,OutAndUp_30.mp4,OutAndUp_,.mp4,2026-03-18,
31,0:09:58,0:10:07,Pass,S,FALSE,OutAndUp.mp4,OutAndUp_31.mp4,OutAndUp_,.mp4,2026-03-18,
32,0:10:14,0:10:23,Pass,E,FALSE,OutAndUp.mp4,OutAndUp_32.mp4,OutAndUp_,.mp4,2026-03-18,
33,0:10:33,0:10:42,Pass,S,FALSE,OutAndUp.mp4,OutAndUp_33.mp4,OutAndUp_,.mp4,2026-03-18,
34,0:10:52,0:10:59,Pass,E,FALSE,OutAndUp.mp4,OutAndUp_34.mp4,OutAndUp_,.mp4,2026-03-18,
35,0:11:11,0:11:20,Pass,S,FALSE,OutAndUp.mp4,OutAndUp_35.mp4,OutAndUp_,.mp4,2026-03-18,
36,0:11:26,0:11:34,Pass,E,FALSE,OutAndUp.mp4,OutAndUp_36.mp4,OutAndUp_,.mp4,2026-03-18,
37,0:11:48,0:11:57,Pass,S,FALSE,OutAndUp.mp4,OutAndUp_37.mp4,OutAndUp_,.mp4,2026-03-18,
38,0:12:10,0:12:19,Pass,E,FALSE,OutAndUp.mp4,OutAndUp_38.mp4,OutAndUp_,.mp4,2026-03-18,
39,0:12:43,0:12:51,Pass,S,FALSE,OutAndUp.mp4,OutAndUp_39.mp4,OutAndUp_,.mp4,2026-03-18,
40,0:13:11,0:13:20,Pass,E,FALSE,OutAndUp.mp4,OutAndUp_40.mp4,OutAndUp_,.mp4,2026-03-18,
41,0:13:32,0:13:41,Pass,S,FALSE,OutAndUp.mp4,OutAndUp_41.mp4,OutAndUp_,.mp4,2026-03-18,
42,0:13:50,0:13:58,Pass,E,FALSE,OutAndUp.mp4,OutAndUp_42.mp4,OutAndUp_,.mp4,2026-03-18,
43,0:14:07,0:14:15,Pass,S,FALSE,OutAndUp.mp4,OutAndUp_43.mp4,OutAndUp_,.mp4,2026-03-18,
44,0:14:19,0:14:25,Pass,E,FALSE,OutAndUp.mp4,OutAndUp_44.mp4,OutAndUp_,.mp4,2026-03-18,
45,0:14:42,0:14:51,Pass,S,FALSE,OutAndUp.mp4,OutAndUp_45.mp4,OutAndUp_,.mp4,2026-03-18,
46,0:15:03,0:15:11,Pass,E,FALSE,OutAndUp.mp4,OutAndUp_46.mp4,OutAndUp_,.mp4,2026-03-18,
47,0:15:22,0:15:32,Pass,S,FALSE,OutAndUp.mp4,OutAndUp_47.mp4,OutAndUp_,.mp4,2026-03-18,
48,0:15:37,0:15:45,Pass,E,FALSE,OutAndUp.mp4,OutAndUp_48.mp4,OutAndUp_,.mp4,2026-03-18,
49,0:15:56,0:16:05,Pass,S,FALSE,OutAndUp.mp4,OutAndUp_49.mp4,OutAndUp_,.mp4,2026-03-18,
50,0:16:13,0:16:22,Pass,E,FALSE,OutAndUp.mp4,OutAndUp_50.mp4,OutAndUp_,.mp4,2026-03-18,
51,0:16:30,0:16:39,Pass,S,FALSE,OutAndUp.mp4,OutAndUp_51.mp4,OutAndUp_,.mp4,2026-03-18,
52,0:16:43,0:16:52,Pass,E,FALSE,OutAndUp.mp4,OutAndUp_52.mp4,OutAndUp_,.mp4,2026-03-18,
53,0:16:59,0:17:08,Pass,S,FALSE,OutAndUp.mp4,OutAndUp_53.mp4,OutAndUp_,.mp4,2026-03-18,
54,0:17:13,0:17:21,Pass,E,FALSE,OutAndUp.mp4,OutAndUp_54.mp4,OutAndUp_,.mp4,2026-03-18,
55,0:17:33,0:17:42,Pass,S,FALSE,OutAndUp.mp4,OutAndUp_55.mp4,OutAndUp_,.mp4,2026-03-18,
56,0:17:54,0:18:03,Pass,E,FALSE,OutAndUp.mp4,OutAndUp_56.mp4,OutAndUp_,.mp4,2026-03-18,
57,0:18:18,0:18:29,Pass,S,FALSE,OutAndUp.mp4,OutAndUp_57.mp4,OutAndUp_,.mp4,2026-03-18,
58,0:18:38,0:18:50,Pass,E,FALSE,OutAndUp.mp4,OutAndUp_58.mp4,OutAndUp_,.mp4,2026-03-18,
59,0:19:04,0:19:12,Pass,S,FALSE,OutAndUp.mp4,OutAndUp_59.mp4,OutAndUp_,.mp4,2026-03-18,
60,0:19:19,0:19:27,Pass,E,FALSE,OutAndUp.mp4,OutAndUp_60.mp4,OutAndUp_,.mp4,2026-03-18,
61,0:19:39,0:19:49,Pass,S,FALSE,OutAndUp.mp4,OutAndUp_61.mp4,OutAndUp_,.mp4,2026-03-18,
62,0:19:57,0:20:07,Pass,E,FALSE,OutAndUp.mp4,OutAndUp_62.mp4,OutAndUp_,.mp4,2026-03-18,
63,0:20:17,0:20:26,Pass,S,FALSE,OutAndUp.mp4,OutAndUp_63.mp4,OutAndUp_,.mp4,2026-03-18,
64,0:20:37,0:20:46,Pass,E,FALSE,OutAndUp.mp4,OutAndUp_64.mp4,OutAndUp_,.mp4,2026-03-18,
65,0:20:54,0:21:05,Pass,S,FALSE,OutAndUp.mp4,OutAndUp_65.mp4,OutAndUp_,.mp4,2026-03-18,
66,0:21:13,0:21:22,Pass,E,FALSE,OutAndUp.mp4,OutAndUp_66.mp4,OutAndUp_,.mp4,2026-03-18,
1,0:00:08,0:00:14,Pass,S,FALSE,Slants0to10.mp4,Slants0to10_1.mp4,Slants0to10_,.mp4,2026-03-18,
2,0:00:23,0:00:28,Pass,E,FALSE,Slants0to10.mp4,Slants0to10_2.mp4,Slants0to10_,.mp4,2026-03-18,
3,0:00:38,0:00:45,Pass,S,FALSE,Slants0to10.mp4,Slants0to10_3.mp4,Slants0to10_,.mp4,2026-03-18,
4,0:00:52,0:00:58,Pass,E,FALSE,Slants0to10.mp4,Slants0to10_4.mp4,Slants0to10_,.mp4,2026-03-18,
5,0:01:13,0:01:21,Pass,S,FALSE,Slants0to10.mp4,Slants0to10_5.mp4,Slants0to10_,.mp4,2026-03-18,
6,0:01:27,0:01:36,Pass,E,FALSE,Slants0to10.mp4,Slants0to10_6.mp4,Slants0to10_,.mp4,2026-03-18,
7,0:01:55,0:02:02,Pass,S,FALSE,Slants0to10.mp4,Slants0to10_7.mp4,Slants0to10_,.mp4,2026-03-18,
8,0:02:16,0:02:23,Pass,E,FALSE,Slants0to10.mp4,Slants0to10_8.mp4,Slants0to10_,.mp4,2026-03-18,
9,0:02:42,0:02:50,Pass,S,FALSE,Slants0to10.mp4,Slants0to10_9.mp4,Slants0to10_,.mp4,2026-03-18,
10,0:03:20,0:03:28,Pass,E,FALSE,Slants0to10.mp4,Slants0to10_10.mp4,Slants0to10_,.mp4,2026-03-18,
11,0:03:55,0:04:04,Pass,S,FALSE,Slants0to10.mp4,Slants0to10_11.mp4,Slants0to10_,.mp4,2026-03-18,
12,0:04:30,0:04:39,Pass,E,FALSE,Slants0to10.mp4,Slants0to10_12.mp4,Slants0to10_,.mp4,2026-03-18,
13,0:04:54,0:05:04,Pass,S,FALSE,Slants0to10.mp4,Slants0to10_13.mp4,Slants0to10_,.mp4,2026-03-18,
14,0:05:14,0:05:24,Pass,E,FALSE,Slants0to10.mp4,Slants0to10_14.mp4,Slants0to10_,.mp4,2026-03-18,
15,0:05:42,0:05:50,Pass,S,FALSE,Slants0to10.mp4,Slants0to10_15.mp4,Slants0to10_,.mp4,2026-03-18,
16,0:06:04,0:06:12,Pass,E,FALSE,Slants0to10.mp4,Slants0to10_16.mp4,Slants0to10_,.mp4,2026-03-18,
17,0:06:26,0:06:37,Pass,S,FALSE,Slants0to10.mp4,Slants0to10_17.mp4,Slants0to10_,.mp4,2026-03-18,
18,0:06:48,0:07:00,Pass,E,FALSE,Slants0to10.mp4,Slants0to10_18.mp4,Slants0to10_,.mp4,2026-03-18,
19,0:07:11,0:07:19,Pass,S,FALSE,Slants0to10.mp4,Slants0to10_19.mp4,Slants0to10_,.mp4,2026-03-18,
20,0:07:29,0:07:37,Pass,E,FALSE,Slants0to10.mp4,Slants0to10_20.mp4,Slants0to10_,.mp4,2026-03-18,
21,0:07:50,0:07:57,Pass,S,FALSE,Slants0to10.mp4,Slants0to10_21.mp4,Slants0to10_,.mp4,2026-03-18,
22,0:08:11,0:08:19,Pass,E,FALSE,Slants0to10.mp4,Slants0to10_22.mp4,Slants0to10_,.mp4,2026-03-18,
23,0:08:24,0:08:30,Pass,S,FALSE,Slants0to10.mp4,Slants0to10_23.mp4,Slants0to10_,.mp4,2026-03-18,
24,0:08:34,0:08:40,Pass,E,FALSE,Slants0to10.mp4,Slants0to10_24.mp4,Slants0to10_,.mp4,2026-03-18,
25,0:08:55,0:09:05,Pass,S,FALSE,Slants0to10.mp4,Slants0to10_25.mp4,Slants0to10_,.mp4,2026-03-18,
26,0:09:17,0:09:26,Pass,E,FALSE,Slants0to10.mp4,Slants0to10_26.mp4,Slants0to10_,.mp4,2026-03-18,
27,0:09:39,0:09:47,Pass,S,FALSE,Slants0to10.mp4,Slants0to10_27.mp4,Slants0to10_,.mp4,2026-03-18,
28,0:09:52,0:10:00,Pass,E,FALSE,Slants0to10.mp4,Slants0to10_28.mp4,Slants0to10_,.mp4,2026-03-18,
29,0:10:11,0:10:19,Pass,S,FALSE,Slants0to10.mp4,Slants0to10_29.mp4,Slants0to10_,.mp4,2026-03-18,
30,0:10:29,0:10:35,Pass,E,FALSE,Slants0to10.mp4,Slants0to10_30.mp4,Slants0to10_,.mp4,2026-03-18,
31,0:10:45,0:10:54,Pass,S,FALSE,Slants0to10.mp4,Slants0to10_31.mp4,Slants0to10_,.mp4,2026-03-18,
32,0:11:02,0:11:12,Pass,E,FALSE,Slants0to10.mp4,Slants0to10_32.mp4,Slants0to10_,.mp4,2026-03-18,
33,0:11:24,0:11:32,Pass,S,FALSE,Slants0to10.mp4,Slants0to10_33.mp4,Slants0to10_,.mp4,2026-03-18,
34,0:11:40,0:11:48,Pass,E,FALSE,Slants0to10.mp4,Slants0to10_34.mp4,Slants0to10_,.mp4,2026-03-18,
35,0:12:09,0:12:15,Pass,S,FALSE,Slants0to10.mp4,Slants0to10_35.mp4,Slants0to10_,.mp4,2026-03-18,
36,0:12:26,0:12:31,Pass,E,FALSE,Slants0to10.mp4,Slants0to10_36.mp4,Slants0to10_,.mp4,2026-03-18,
37,0:12:42,0:12:50,Pass,S,FALSE,Slants0to10.mp4,Slants0to10_37.mp4,Slants0to10_,.mp4,2026-03-18,
38,0:12:58,0:13:05,Pass,E,FALSE,Slants0to10.mp4,Slants0to10_38.mp4,Slants0to10_,.mp4,2026-03-18,
39,0:13:38,0:13:44,Pass,S,FALSE,Slants0to10.mp4,Slants0to10_39.mp4,Slants0to10_,.mp4,2026-03-18,
40,0:14:05,0:14:12,Pass,E,FALSE,Slants0to10.mp4,Slants0to10_40.mp4,Slants0to10_,.mp4,2026-03-18,
41,0:14:23,0:14:33,Pass,S,FALSE,Slants0to10.mp4,Slants0to10_41.mp4,Slants0to10_,.mp4,2026-03-18,
42,0:14:40,0:14:49,Pass,E,FALSE,Slants0to10.mp4,Slants0to10_42.mp4,Slants0to10_,.mp4,2026-03-18,
43,0:15:07,0:15:15,Pass,S,FALSE,Slants0to10.mp4,Slants0to10_43.mp4,Slants0to10_,.mp4,2026-03-18,
44,0:15:20,0:15:28,Pass,E,FALSE,Slants0to10.mp4,Slants0to10_44.mp4,Slants0to10_,.mp4,2026-03-18,
45,0:15:43,0:15:50,Pass,S,FALSE,Slants0to10.mp4,Slants0to10_45.mp4,Slants0to10_,.mp4,2026-03-18,
46,0:16:01,0:16:07,Pass,E,FALSE,Slants0to10.mp4,Slants0to10_46.mp4,Slants0to10_,.mp4,2026-03-18,
47,0:16:17,0:16:28,Pass,S,FALSE,Slants0to10.mp4,Slants0to10_47.mp4,Slants0to10_,.mp4,2026-03-18,
48,0:16:33,0:16:44,Pass,E,FALSE,Slants0to10.mp4,Slants0to10_48.mp4,Slants0to10_,.mp4,2026-03-18,
49,0:17:00,0:17:07,Pass,S,FALSE,Slants0to10.mp4,Slants0to10_49.mp4,Slants0to10_,.mp4,2026-03-18,
50,0:17:19,0:17:24,Pass,E,FALSE,Slants0to10.mp4,Slants0to10_50.mp4,Slants0to10_,.mp4,2026-03-18,
51,0:17:46,0:17:56,Pass,S,FALSE,Slants0to10.mp4,Slants0to10_51.mp4,Slants0to10_,.mp4,2026-03-18,
52,0:18:11,0:18:22,Pass,E,FALSE,Slants0to10.mp4,Slants0to10_52.mp4,Slants0to10_,.mp4,2026-03-18,
53,0:18:34,0:18:48,Pass,S,FALSE,Slants0to10.mp4,Slants0to10_53.mp4,Slants0to10_,.mp4,2026-03-18,
54,0:18:59,0:19:13,Pass,E,FALSE,Slants0to10.mp4,Slants0to10_54.mp4,Slants0to10_,.mp4,2026-03-18,
55,0:19:28,0:19:38,Pass,S,FALSE,Slants0to10.mp4,Slants0to10_55.mp4,Slants0to10_,.mp4,2026-03-18,
56,0:19:46,0:19:57,Pass,E,FALSE,Slants0to10.mp4,Slants0to10_56.mp4,Slants0to10_,.mp4,2026-03-18,
57,0:20:07,0:20:15,Pass,S,FALSE,Slants0to10.mp4,Slants0to10_57.mp4,Slants0to10_,.mp4,2026-03-18,
58,0:20:23,0:20:32,Pass,E,FALSE,Slants0to10.mp4,Slants0to10_58.mp4,Slants0to10_,.mp4,2026-03-18,
59,0:20:45,0:20:53,Pass,S,FALSE,Slants0to10.mp4,Slants0to10_59.mp4,Slants0to10_,.mp4,2026-03-18,
60,0:21:01,0:21:09,Pass,E,FALSE,Slants0to10.mp4,Slants0to10_60.mp4,Slants0to10_,.mp4,2026-03-18,
61,0:21:20,0:21:27,Pass,S,FALSE,Slants0to10.mp4,Slants0to10_61.mp4,Slants0to10_,.mp4,2026-03-18,
62,0:21:34,0:21:41,Pass,E,FALSE,Slants0to10.mp4,Slants0to10_62.mp4,Slants0to10_,.mp4,2026-03-18,
63,0:21:54,0:22:01,Pass,S,FALSE,Slants0to10.mp4,Slants0to10_63.mp4,Slants0to10_,.mp4,2026-03-18,
64,0:22:08,0:22:15,Pass,E,FALSE,Slants0to10.mp4,Slants0to10_64.mp4,Slants0to10_,.mp4,2026-03-18,
65,0:22:28,0:22:35,Pass,S,FALSE,Slants0to10.mp4,Slants0to10_65.mp4,Slants0to10_,.mp4,2026-03-18,
66,0:22:43,0:22:50,Pass,E,FALSE,Slants0to10.mp4,Slants0to10_66.mp4,Slants0to10_,.mp4,2026-03-18,
67,0:23:02,0:23:11,Pass,S,FALSE,Slants0to10.mp4,Slants0to10_67.mp4,Slants0to10_,.mp4,2026-03-18,
68,0:23:19,0:23:28,Pass,E,FALSE,Slants0to10.mp4,Slants0to10_68.mp4,Slants0to10_,.mp4,2026-03-18,
69,0:23:45,0:23:53,Pass,S,FALSE,Slants0to10.mp4,Slants0to10_69.mp4,Slants0to10_,.mp4,2026-03-18,
70,0:24:09,0:24:18,Pass,E,FALSE,Slants0to10.mp4,Slants0to10_70.mp4,Slants0to10_,.mp4,2026-03-18,
71,0:24:30,0:24:38,Pass,S,FALSE,Slants0to10.mp4,Slants0to10_71.mp4,Slants0to10_,.mp4,2026-03-18,
72,0:24:43,0:24:51,Pass,E,FALSE,Slants0to10.mp4,Slants0to10_72.mp4,Slants0to10_,.mp4,2026-03-18,
73,0:25:04,0:25:13,Pass,S,FALSE,Slants0to10.mp4,Slants0to10_73.mp4,Slants0to10_,.mp4,2026-03-18,
74,0:25:23,0:25:31,Pass,E,FALSE,Slants0to10.mp4,Slants0to10_74.mp4,Slants0to10_,.mp4,2026-03-18,
75,0:25:46,0:25:54,Pass,S,FALSE,Slants0to10.mp4,Slants0to10_75.mp4,Slants0to10_,.mp4,2026-03-18,
76,0:26:10,0:26:18,Pass,E,FALSE,Slants0to10.mp4,Slants0to10_76.mp4,Slants0to10_,.mp4,2026-03-18,
77,0:26:31,0:26:39,Pass,S,FALSE,Slants0to10.mp4,Slants0to10_77.mp4,Slants0to10_,.mp4,2026-03-18,
78,0:26:45,0:26:53,Pass,E,FALSE,Slants0to10.mp4,Slants0to10_78.mp4,Slants0to10_,.mp4,2026-03-18,
79,0:27:02,0:27:12,Pass,S,FALSE,Slants0to10.mp4,Slants0to10_79.mp4,Slants0to10_,.mp4,2026-03-18,
80,0:27:19,0:27:28,Pass,E,FALSE,Slants0to10.mp4,Slants0to10_80.mp4,Slants0to10_,.mp4,2026-03-18,
81,0:27:38,0:27:45,Pass,S,FALSE,Slants0to10.mp4,Slants0to10_81.mp4,Slants0to10_,.mp4,2026-03-18,
82,0:27:54,0:28:00,Pass,E,FALSE,Slants0to10.mp4,Slants0to10_82.mp4,Slants0to10_,.mp4,2026-03-18,
83,0:28:09,0:28:18,Pass,S,FALSE,Slants0to10.mp4,Slants0to10_83.mp4,Slants0to10_,.mp4,2026-03-18,
84,0:28:26,0:28:35,Pass,E,FALSE,Slants0to10.mp4,Slants0to10_84.mp4,Slants0to10_,.mp4,2026-03-18,
85,0:28:51,0:29:01,Pass,S,FALSE,Slants0to10.mp4,Slants0to10_85.mp4,Slants0to10_,.mp4,2026-03-18,
86,0:29:13,0:29:23,Pass,E,FALSE,Slants0to10.mp4,Slants0to10_86.mp4,Slants0to10_,.mp4,2026-03-18,
87,0:29:31,0:29:38,Pass,S,FALSE,Slants0to10.mp4,Slants0to10_87.mp4,Slants0to10_,.mp4,2026-03-18,
88,0:29:43,0:29:50,Pass,E,FALSE,Slants0to10.mp4,Slants0to10_88.mp4,Slants0to10_,.mp4,2026-03-18,
89,0:30:13,0:30:21,Pass,S,FALSE,Slants0to10.mp4,Slants0to10_89.mp4,Slants0to10_,.mp4,2026-03-18,
90,0:30:42,0:30:49,Pass,E,FALSE,Slants0to10.mp4,Slants0to10_90.mp4,Slants0to10_,.mp4,2026-03-18,
91,0:31:03,0:31:11,Pass,S,FALSE,Slants0to10.mp4,Slants0to10_91.mp4,Slants0to10_,.mp4,2026-03-18,
92,0:31:17,0:31:26,Pass,E,FALSE,Slants0to10.mp4,Slants0to10_92.mp4,Slants0to10_,.mp4,2026-03-18,
93,0:31:41,0:31:48,Pass,S,FALSE,Slants0to10.mp4,Slants0to10_93.mp4,Slants0to10_,.mp4,2026-03-18,
94,0:32:00,0:32:07,Pass,E,FALSE,Slants0to10.mp4,Slants0to10_94.mp4,Slants0to10_,.mp4,2026-03-18,
95,0:32:25,0:32:36,Pass,S,FALSE,Slants0to10.mp4,Slants0to10_95.mp4,Slants0to10_,.mp4,2026-03-18,
96,0:32:44,0:32:56,Pass,E,FALSE,Slants0to10.mp4,Slants0to10_96.mp4,Slants0to10_,.mp4,2026-03-18,
97,0:33:14,0:33:20,Pass,S,FALSE,Slants0to10.mp4,Slants0to10_97.mp4,Slants0to10_,.mp4,2026-03-18,
98,0:33:39,0:33:46,Pass,E,FALSE,Slants0to10.mp4,Slants0to10_98.mp4,Slants0to10_,.mp4,2026-03-18,
99,0:33:55,0:34:01,Pass,S,FALSE,Slants0to10.mp4,Slants0to10_99.mp4,Slants0to10_,.mp4,2026-03-18,
100,0:34:13,0:34:19,Pass,E,FALSE,Slants0to10.mp4,Slants0to10_100.mp4,Slants0to10_,.mp4,2026-03-18,
1,0:00:02,0:00:10,Run,S,FALSE,InsideZoneOpenFormations.mp4,InsideZoneOpenFormations_1.mp4,InsideZoneOpenFormations_,.mp4,2026-03-18,
2,0:00:22,0:00:30,Run,E,FALSE,InsideZoneOpenFormations.mp4,InsideZoneOpenFormations_2.mp4,InsideZoneOpenFormations_,.mp4,2026-03-18,
3,0:00:47,0:00:55,Run,S,FALSE,InsideZoneOpenFormations.mp4,InsideZoneOpenFormations_3.mp4,InsideZoneOpenFormations_,.mp4,2026-03-18,
4,0:00:57,0:01:05,Run,F,FALSE,InsideZoneOpenFormations.mp4,InsideZoneOpenFormations_4.mp4,InsideZoneOpenFormations_,.mp4,2026-03-18,
5,0:01:11,0:01:21,Run,S,FALSE,InsideZoneOpenFormations.mp4,InsideZoneOpenFormations_5.mp4,InsideZoneOpenFormations_,.mp4,2026-03-18,
6,0:01:24,0:01:30,Run,E,FALSE,InsideZoneOpenFormations.mp4,InsideZoneOpenFormations_6.mp4,InsideZoneOpenFormations_,.mp4,2026-03-18,
7,0:01:40,0:01:49,Run,S,FALSE,InsideZoneOpenFormations.mp4,InsideZoneOpenFormations_7.mp4,InsideZoneOpenFormations_,.mp4,2026-03-18,
8,0:01:54,0:02:05,Run,E,FALSE,InsideZoneOpenFormations.mp4,InsideZoneOpenFormations_8.mp4,InsideZoneOpenFormations_,.mp4,2026-03-18,
9,0:02:15,0:02:24,Run,S,FALSE,InsideZoneOpenFormations.mp4,InsideZoneOpenFormations_9.mp4,InsideZoneOpenFormations_,.mp4,2026-03-18,
10,0:02:32,0:02:37,Run,E,FALSE,InsideZoneOpenFormations.mp4,InsideZoneOpenFormations_10.mp4,InsideZoneOpenFormations_,.mp4,2026-03-18,
11,0:02:45,0:02:54,Run,S,FALSE,InsideZoneOpenFormations.mp4,InsideZoneOpenFormations_11.mp4,InsideZoneOpenFormations_,.mp4,2026-03-18,
12,0:02:58,0:03:05,Run,F,FALSE,InsideZoneOpenFormations.mp4,InsideZoneOpenFormations_12.mp4,InsideZoneOpenFormations_,.mp4,2026-03-18,
13,0:03:11,0:03:23,Run,S,FALSE,InsideZoneOpenFormations.mp4,InsideZoneOpenFormations_13.mp4,InsideZoneOpenFormations_,.mp4,2026-03-18,
14,0:03:27,0:03:38,Run,E,FALSE,InsideZoneOpenFormations.mp4,InsideZoneOpenFormations_14.mp4,InsideZoneOpenFormations_,.mp4,2026-03-18,
15,0:03:46,0:03:55,Run,S,FALSE,InsideZoneOpenFormations.mp4,InsideZoneOpenFormations_15.mp4,InsideZoneOpenFormations_,.mp4,2026-03-18,
16,0:03:57,0:04:07,Run,F,FALSE,InsideZoneOpenFormations.mp4,InsideZoneOpenFormations_16.mp4,InsideZoneOpenFormations_,.mp4,2026-03-18,
17,0:04:15,0:04:35,Run,S,FALSE,InsideZoneOpenFormations.mp4,InsideZoneOpenFormations_17.mp4,InsideZoneOpenFormations_,.mp4,2026-03-18,
18,0:04:41,0:04:57,Run,E,FALSE,InsideZoneOpenFormations.mp4,InsideZoneOpenFormations_18.mp4,InsideZoneOpenFormations_,.mp4,2026-03-18,
19,0:05:06,0:05:22,Run,S,FALSE,InsideZoneOpenFormations.mp4,InsideZoneOpenFormations_19.mp4,InsideZoneOpenFormations_,.mp4,2026-03-18,
20,0:05:28,0:05:39,Run,E,FALSE,InsideZoneOpenFormations.mp4,InsideZoneOpenFormations_20.mp4,InsideZoneOpenFormations_,.mp4,2026-03-18,
21,0:05:48,0:05:57,Run,S,FALSE,InsideZoneOpenFormations.mp4,InsideZoneOpenFormations_21.mp4,InsideZoneOpenFormations_,.mp4,2026-03-18,
22,0:06:01,0:06:10,Run,E,FALSE,InsideZoneOpenFormations.mp4,InsideZoneOpenFormations_22.mp4,InsideZoneOpenFormations_,.mp4,2026-03-18,
23,0:06:19,0:06:28,Run,S,FALSE,InsideZoneOpenFormations.mp4,InsideZoneOpenFormations_23.mp4,InsideZoneOpenFormations_,.mp4,2026-03-18,
24,0:06:34,0:06:41,Run,F,FALSE,InsideZoneOpenFormations.mp4,InsideZoneOpenFormations_24.mp4,InsideZoneOpenFormations_,.mp4,2026-03-18,
25,0:06:47,0:06:56,Run,S,FALSE,InsideZoneOpenFormations.mp4,InsideZoneOpenFormations_25.mp4,InsideZoneOpenFormations_,.mp4,2026-03-18,
26,0:07:00,0:07:05,Run,E,FALSE,InsideZoneOpenFormations.mp4,InsideZoneOpenFormations_26.mp4,InsideZoneOpenFormations_,.mp4,2026-03-18,
27,0:07:12,0:07:20,Run,S,FALSE,InsideZoneOpenFormations.mp4,InsideZoneOpenFormations_27.mp4,InsideZoneOpenFormations_,.mp4,2026-03-18,
28,0:07:24,0:07:31,Run,E,FALSE,InsideZoneOpenFormations.mp4,InsideZoneOpenFormations_28.mp4,InsideZoneOpenFormations_,.mp4,2026-03-18,
29,0:07:37,0:07:48,Run,S,FALSE,InsideZoneOpenFormations.mp4,InsideZoneOpenFormations_29.mp4,InsideZoneOpenFormations_,.mp4,2026-03-18,
30,0:07:52,0:08:01,Run,E,FALSE,InsideZoneOpenFormations.mp4,InsideZoneOpenFormations_30.mp4,InsideZoneOpenFormations_,.mp4,2026-03-18,
31,0:08:06,0:08:14,Run,S,FALSE,InsideZoneOpenFormations.mp4,InsideZoneOpenFormations_31.mp4,InsideZoneOpenFormations_,.mp4,2026-03-18,
32,0:08:20,0:08:28,Run,F,FALSE,InsideZoneOpenFormations.mp4,InsideZoneOpenFormations_32.mp4,InsideZoneOpenFormations_,.mp4,2026-03-18,
33,0:08:34,0:08:41,Run,S,FALSE,InsideZoneOpenFormations.mp4,InsideZoneOpenFormations_33.mp4,InsideZoneOpenFormations_,.mp4,2026-03-18,
34,0:08:46,0:08:55,Run,F,FALSE,InsideZoneOpenFormations.mp4,InsideZoneOpenFormations_34.mp4,InsideZoneOpenFormations_,.mp4,2026-03-18,
35,0:09:00,0:09:09,Run,S,FALSE,InsideZoneOpenFormations.mp4,InsideZoneOpenFormations_35.mp4,InsideZoneOpenFormations_,.mp4,2026-03-18,
36,0:09:12,0:09:20,Run,E,FALSE,InsideZoneOpenFormations.mp4,InsideZoneOpenFormations_36.mp4,InsideZoneOpenFormations_,.mp4,2026-03-18,
37,0:09:28,0:09:42,Run,S,FALSE,InsideZoneOpenFormations.mp4,InsideZoneOpenFormations_37.mp4,InsideZoneOpenFormations_,.mp4,2026-03-18,
38,0:09:46,0:09:58,Run,E,FALSE,InsideZoneOpenFormations.mp4,InsideZoneOpenFormations_38.mp4,InsideZoneOpenFormations_,.mp4,2026-03-18,
39,0:10:05,0:10:14,Run,S,FALSE,InsideZoneOpenFormations.mp4,InsideZoneOpenFormations_39.mp4,InsideZoneOpenFormations_,.mp4,2026-03-18,
40,0:10:21,0:10:31,Run,F,FALSE,InsideZoneOpenFormations.mp4,InsideZoneOpenFormations_40.mp4,InsideZoneOpenFormations_,.mp4,2026-03-18,
41,0:10:36,0:10:47,Run,S,FALSE,InsideZoneOpenFormations.mp4,InsideZoneOpenFormations_41.mp4,InsideZoneOpenFormations_,.mp4,2026-03-18,
42,0:10:50,0:11:00,Run,E,FALSE,InsideZoneOpenFormations.mp4,InsideZoneOpenFormations_42.mp4,InsideZoneOpenFormations_,.mp4,2026-03-18,
43,0:11:07,0:11:17,Run,S,FALSE,InsideZoneOpenFormations.mp4,InsideZoneOpenFormations_43.mp4,InsideZoneOpenFormations_,.mp4,2026-03-18,
44,0:11:22,0:11:32,Run,F,FALSE,InsideZoneOpenFormations.mp4,InsideZoneOpenFormations_44.mp4,InsideZoneOpenFormations_,.mp4,2026-03-18,
45,0:11:41,0:11:55,Run,S,FALSE,InsideZoneOpenFormations.mp4,InsideZoneOpenFormations_45.mp4,InsideZoneOpenFormations_,.mp4,2026-03-18,
46,0:12:00,0:12:16,Run,E,FALSE,InsideZoneOpenFormations.mp4,InsideZoneOpenFormations_46.mp4,InsideZoneOpenFormations_,.mp4,2026-03-18,
47,0:12:27,0:12:42,Run,S,FALSE,InsideZoneOpenFormations.mp4,InsideZoneOpenFormations_47.mp4,InsideZoneOpenFormations_,.mp4,2026-03-18,
48,0:12:48,0:13:04,Run,E,FALSE,InsideZoneOpenFormations.mp4,InsideZoneOpenFormations_48.mp4,InsideZoneOpenFormations_,.mp4,2026-03-18,
49,0:13:11,0:13:21,Run,S,FALSE,InsideZoneOpenFormations.mp4,InsideZoneOpenFormations_49.mp4,InsideZoneOpenFormations_,.mp4,2026-03-18,
50,0:13:25,0:13:36,Run,E,FALSE,InsideZoneOpenFormations.mp4,InsideZoneOpenFormations_50.mp4,InsideZoneOpenFormations_,.mp4,2026-03-18,
51,0:13:43,0:13:54,Run,S,FALSE,InsideZoneOpenFormations.mp4,InsideZoneOpenFormations_51.mp4,InsideZoneOpenFormations_,.mp4,2026-03-18,
52,0:14:02,0:14:12,Run,E,FALSE,InsideZoneOpenFormations.mp4,InsideZoneOpenFormations_52.mp4,InsideZoneOpenFormations_,.mp4,2026-03-18,
53,0:14:19,0:14:37,Run,S,FALSE,InsideZoneOpenFormations.mp4,InsideZoneOpenFormations_53.mp4,InsideZoneOpenFormations_,.mp4,2026-03-18,
54,0:14:43,0:14:58,Run,E,FALSE,InsideZoneOpenFormations.mp4,InsideZoneOpenFormations_54.mp4,InsideZoneOpenFormations_,.mp4,2026-03-18,
55,0:15:08,0:15:14,Run,S,FALSE,InsideZoneOpenFormations.mp4,InsideZoneOpenFormations_55.mp4,InsideZoneOpenFormations_,.mp4,2026-03-18,
56,0:15:19,0:15:29,Run,E,FALSE,InsideZoneOpenFormations.mp4,InsideZoneOpenFormations_56.mp4,InsideZoneOpenFormations_,.mp4,2026-03-18,
57,0:15:36,0:15:43,Run,S,FALSE,InsideZoneOpenFormations.mp4,InsideZoneOpenFormations_57.mp4,InsideZoneOpenFormations_,.mp4,2026-03-18,
58,0:15:48,0:15:54,Run,F,FALSE,InsideZoneOpenFormations.mp4,InsideZoneOpenFormations_58.mp4,InsideZoneOpenFormations_,.mp4,2026-03-18,
59,0:16:02,0:16:15,Run,S,FALSE,InsideZoneOpenFormations.mp4,InsideZoneOpenFormations_59.mp4,InsideZoneOpenFormations_,.mp4,2026-03-18,
60,0:16:20,0:16:33,Run,E,FALSE,InsideZoneOpenFormations.mp4,InsideZoneOpenFormations_60.mp4,InsideZoneOpenFormations_,.mp4,2026-03-18,
61,0:16:42,0:17:02,Run,S,FALSE,InsideZoneOpenFormations.mp4,InsideZoneOpenFormations_61.mp4,InsideZoneOpenFormations_,.mp4,2026-03-18,
62,0:17:09,0:17:25,Run,E,FALSE,InsideZoneOpenFormations.mp4,InsideZoneOpenFormations_62.mp4,InsideZoneOpenFormations_,.mp4,2026-03-18,
63,0:17:34,0:17:42,Run,S,FALSE,InsideZoneOpenFormations.mp4,InsideZoneOpenFormations_63.mp4,InsideZoneOpenFormations_,.mp4,2026-03-18,
64,0:17:46,0:17:54,Run,E,FALSE,InsideZoneOpenFormations.mp4,InsideZoneOpenFormations_64.mp4,InsideZoneOpenFormations_,.mp4,2026-03-18,
65,0:18:00,0:18:14,Run,S,FALSE,InsideZoneOpenFormations.mp4,InsideZoneOpenFormations_65.mp4,InsideZoneOpenFormations_,.mp4,2026-03-18,
66,0:18:21,0:18:33,Run,F,FALSE,InsideZoneOpenFormations.mp4,InsideZoneOpenFormations_66.mp4,InsideZoneOpenFormations_,.mp4,2026-03-18,
67,0:18:41,0:18:52,Run,S,FALSE,InsideZoneOpenFormations.mp4,InsideZoneOpenFormations_67.mp4,InsideZoneOpenFormations_,.mp4,2026-03-18,
68,0:18:56,0:19:05,Run,E,FALSE,InsideZoneOpenFormations.mp4,InsideZoneOpenFormations_68.mp4,InsideZoneOpenFormations_,.mp4,2026-03-18,
69,0:19:13,0:19:26,Run,S,FALSE,InsideZoneOpenFormations.mp4,InsideZoneOpenFormations_69.mp4,InsideZoneOpenFormations_,.mp4,2026-03-18,
70,0:19:32,0:19:46,Run,E,FALSE,InsideZoneOpenFormations.mp4,InsideZoneOpenFormations_70.mp4,InsideZoneOpenFormations_,.mp4,2026-03-18,
71,0:19:54,0:20:01,Run,S,FALSE,InsideZoneOpenFormations.mp4,InsideZoneOpenFormations_71.mp4,InsideZoneOpenFormations_,.mp4,2026-03-18,
72,0:20:06,0:20:14,Run,F,FALSE,InsideZoneOpenFormations.mp4,InsideZoneOpenFormations_72.mp4,InsideZoneOpenFormations_,.mp4,2026-03-18,
73,0:20:19,0:20:28,Run,S,FALSE,InsideZoneOpenFormations.mp4,InsideZoneOpenFormations_73.mp4,InsideZoneOpenFormations_,.mp4,2026-03-18,
74,0:20:32,0:20:40,Run,E,FALSE,InsideZoneOpenFormations.mp4,InsideZoneOpenFormations_74.mp4,InsideZoneOpenFormations_,.mp4,2026-03-18,
75,0:20:48,0:21:03,Run,S,FALSE,InsideZoneOpenFormations.mp4,InsideZoneOpenFormations_75.mp4,InsideZoneOpenFormations_,.mp4,2026-03-18,
76,0:21:07,0:21:17,Run,E,FALSE,InsideZoneOpenFormations.mp4,InsideZoneOpenFormations_76.mp4,InsideZoneOpenFormations_,.mp4,2026-03-18,
77,0:21:26,0:21:35,Run,S,FALSE,InsideZoneOpenFormations.mp4,InsideZoneOpenFormations_77.mp4,InsideZoneOpenFormations_,.mp4,2026-03-18,
78,0:21:41,0:21:49,Run,E,FALSE,InsideZoneOpenFormations.mp4,InsideZoneOpenFormations_78.mp4,InsideZoneOpenFormations_,.mp4,2026-03-18,
79,0:21:56,0:22:05,Run,S,FALSE,InsideZoneOpenFormations.mp4,InsideZoneOpenFormations_79.mp4,InsideZoneOpenFormations_,.mp4,2026-03-18,
80,0:22:09,0:22:17,Run,F,FALSE,InsideZoneOpenFormations.mp4,InsideZoneOpenFormations_80.mp4,InsideZoneOpenFormations_,.mp4,2026-03-18,
81,0:22:37,0:22:43,Run,S,FALSE,InsideZoneOpenFormations.mp4,InsideZoneOpenFormations_81.mp4,InsideZoneOpenFormations_,.mp4,2026-03-18,
82,0:22:47,0:23:03,Run,F,FALSE,InsideZoneOpenFormations.mp4,InsideZoneOpenFormations_82.mp4,InsideZoneOpenFormations_,.mp4,2026-03-18,
83,0:23:11,0:23:18,Run,S,FALSE,InsideZoneOpenFormations.mp4,InsideZoneOpenFormations_83.mp4,InsideZoneOpenFormations_,.mp4,2026-03-18,
84,0:23:23,0:23:29,Run,E,FALSE,InsideZoneOpenFormations.mp4,InsideZoneOpenFormations_84.mp4,InsideZoneOpenFormations_,.mp4,2026-03-18,
85,0:23:36,0:23:43,Run,S,FALSE,InsideZoneOpenFormations.mp4,InsideZoneOpenFormations_85.mp4,InsideZoneOpenFormations_,.mp4,2026-03-18,
86,0:23:47,0:23:54,Run,E,FALSE,InsideZoneOpenFormations.mp4,InsideZoneOpenFormations_86.mp4,InsideZoneOpenFormations_,.mp4,2026-03-18,
87,0:24:00,0:24:12,Run,S,FALSE,InsideZoneOpenFormations.mp4,InsideZoneOpenFormations_87.mp4,InsideZoneOpenFormations_,.mp4,2026-03-18,
88,0:24:15,0:24:28,Run,E,FALSE,InsideZoneOpenFormations.mp4,InsideZoneOpenFormations_88.mp4,InsideZoneOpenFormations_,.mp4,2026-03-18,
89,0:24:38,0:24:48,Run,S,FALSE,InsideZoneOpenFormations.mp4,InsideZoneOpenFormations_89.mp4,InsideZoneOpenFormations_,.mp4,2026-03-18,
90,0:24:52,0:25:03,Run,E,FALSE,InsideZoneOpenFormations.mp4,InsideZoneOpenFormations_90.mp4,InsideZoneOpenFormations_,.mp4,2026-03-18,
91,0:25:11,0:25:22,Run,S,FALSE,InsideZoneOpenFormations.mp4,InsideZoneOpenFormations_91.mp4,InsideZoneOpenFormations_,.mp4,2026-03-18,
92,0:25:26,0:25:37,Run,E,FALSE,InsideZoneOpenFormations.mp4,InsideZoneOpenFormations_92.mp4,InsideZoneOpenFormations_,.mp4,2026-03-18,
93,0:25:44,0:25:55,Run,S,FALSE,InsideZoneOpenFormations.mp4,InsideZoneOpenFormations_93.mp4,InsideZoneOpenFormations_,.mp4,2026-03-18,
94,0:26:00,0:26:10,Run,E,FALSE,InsideZoneOpenFormations.mp4,InsideZoneOpenFormations_94.mp4,InsideZoneOpenFormations_,.mp4,2026-03-18,
95,0:26:18,0:26:35,Run,S,FALSE,InsideZoneOpenFormations.mp4,InsideZoneOpenFormations_95.mp4,InsideZoneOpenFormations_,.mp4,2026-03-18,
96,0:26:40,0:26:54,Run,E,FALSE,InsideZoneOpenFormations.mp4,InsideZoneOpenFormations_96.mp4,InsideZoneOpenFormations_,.mp4,2026-03-18,
97,0:27:03,0:27:11,Run,S,FALSE,InsideZoneOpenFormations.mp4,InsideZoneOpenFormations_97.mp4,InsideZoneOpenFormations_,.mp4,2026-03-18,
98,0:27:16,0:27:26,Run,E,FALSE,InsideZoneOpenFormations.mp4,InsideZoneOpenFormations_98.mp4,InsideZoneOpenFormations_,.mp4,2026-03-18,
99,0:27:34,0:27:42,Run,S,FALSE,InsideZoneOpenFormations.mp4,InsideZoneOpenFormations_99.mp4,InsideZoneOpenFormations_,.mp4,2026-03-18,
100,0:27:48,0:27:54,Run,E,FALSE,InsideZoneOpenFormations.mp4,InsideZoneOpenFormations_100.mp4,InsideZoneOpenFormations_,.mp4,2026-03-18,
101,0:28:03,0:28:14,Run,S,FALSE,InsideZoneOpenFormations.mp4,InsideZoneOpenFormations_101.mp4,InsideZoneOpenFormations_,.mp4,2026-03-18,
102,0:28:19,0:28:32,Run,E,FALSE,InsideZoneOpenFormations.mp4,InsideZoneOpenFormations_102.mp4,InsideZoneOpenFormations_,.mp4,2026-03-18,
103,0:28:40,0:28:47,Run,S,FALSE,InsideZoneOpenFormations.mp4,InsideZoneOpenFormations_103.mp4,InsideZoneOpenFormations_,.mp4,2026-03-18,
104,0:28:52,0:29:00,Run,E,FALSE,InsideZoneOpenFormations.mp4,InsideZoneOpenFormations_104.mp4,InsideZoneOpenFormations_,.mp4,2026-03-18,
105,0:29:06,0:29:16,Run,S,FALSE,InsideZoneOpenFormations.mp4,InsideZoneOpenFormations_105.mp4,InsideZoneOpenFormations_,.mp4,2026-03-18,
106,0:29:19,0:29:29,Run,E,FALSE,InsideZoneOpenFormations.mp4,InsideZoneOpenFormations_106.mp4,InsideZoneOpenFormations_,.mp4,2026-03-18,
107,0:29:39,0:29:52,Run,S,FALSE,InsideZoneOpenFormations.mp4,InsideZoneOpenFormations_107.mp4,InsideZoneOpenFormations_,.mp4,2026-03-18,
108,0:29:57,0:30:10,Run,E,FALSE,InsideZoneOpenFormations.mp4,InsideZoneOpenFormations_108.mp4,InsideZoneOpenFormations_,.mp4,2026-03-18,
109,0:30:17,0:30:26,Run,S,FALSE,InsideZoneOpenFormations.mp4,InsideZoneOpenFormations_109.mp4,InsideZoneOpenFormations_,.mp4,2026-03-18,
110,0:30:30,0:30:36,Run,E,FALSE,InsideZoneOpenFormations.mp4,InsideZoneOpenFormations_110.mp4,InsideZoneOpenFormations_,.mp4,2026-03-18,
111,0:30:48,0:30:56,Run,S,FALSE,InsideZoneOpenFormations.mp4,InsideZoneOpenFormations_111.mp4,InsideZoneOpenFormations_,.mp4,2026-03-18,
112,0:30:58,0:31:06,Run,E,FALSE,InsideZoneOpenFormations.mp4,InsideZoneOpenFormations_112.mp4,InsideZoneOpenFormations_,.mp4,2026-03-18,
113,0:31:12,0:31:24,Run,S,FALSE,InsideZoneOpenFormations.mp4,InsideZoneOpenFormations_113.mp4,InsideZoneOpenFormations_,.mp4,2026-03-18,
114,0:31:27,0:31:40,Run,E,FALSE,InsideZoneOpenFormations.mp4,InsideZoneOpenFormations_114.mp4,InsideZoneOpenFormations_,.mp4,2026-03-18,
115,0:31:48,0:32:11,Run,S,FALSE,InsideZoneOpenFormations.mp4,InsideZoneOpenFormations_115.mp4,InsideZoneOpenFormations_,.mp4,2026-03-18,
116,0:32:18,0:32:40,Run,E,FALSE,InsideZoneOpenFormations.mp4,InsideZoneOpenFormations_116.mp4,InsideZoneOpenFormations_,.mp4,2026-03-18,
117,0:32:48,0:33:04,Run,S,FALSE,InsideZoneOpenFormations.mp4,InsideZoneOpenFormations_117.mp4,InsideZoneOpenFormations_,.mp4,2026-03-18,
118,0:33:07,0:33:22,Run,E,FALSE,InsideZoneOpenFormations.mp4,InsideZoneOpenFormations_118.mp4,InsideZoneOpenFormations_,.mp4,2026-03-18,
119,0:33:27,0:33:36,Run,S,FALSE,InsideZoneOpenFormations.mp4,InsideZoneOpenFormations_119.mp4,InsideZoneOpenFormations_,.mp4,2026-03-18,
120,0:33:38,0:33:47,Run,E,FALSE,InsideZoneOpenFormations.mp4,InsideZoneOpenFormations_120.mp4,InsideZoneOpenFormations_,.mp4,2026-03-18,
121,0:33:53,0:34:01,Run,S,FALSE,InsideZoneOpenFormations.mp4,InsideZoneOpenFormations_121.mp4,InsideZoneOpenFormations_,.mp4,2026-03-18,
122,0:34:07,0:34:15,Run,E,FALSE,InsideZoneOpenFormations.mp4,InsideZoneOpenFormations_122.mp4,InsideZoneOpenFormations_,.mp4,2026-03-18,
123,0:34:21,0:34:32,Run,S,FALSE,InsideZoneOpenFormations.mp4,InsideZoneOpenFormations_123.mp4,InsideZoneOpenFormations_,.mp4,2026-03-18,
124,0:34:38,0:34:50,Run,E,FALSE,InsideZoneOpenFormations.mp4,InsideZoneOpenFormations_124.mp4,InsideZoneOpenFormations_,.mp4,2026-03-18,
125,0:34:59,0:35:08,Run,S,FALSE,InsideZoneOpenFormations.mp4,InsideZoneOpenFormations_125.mp4,InsideZoneOpenFormations_,.mp4,2026-03-18,
126,0:35:17,0:35:27,Run,E,FALSE,InsideZoneOpenFormations.mp4,InsideZoneOpenFormations_126.mp4,InsideZoneOpenFormations_,.mp4,2026-03-18,
127,0:35:34,0:35:46,Run,S,FALSE,InsideZoneOpenFormations.mp4,InsideZoneOpenFormations_127.mp4,InsideZoneOpenFormations_,.mp4,2026-03-18,
128,0:35:50,0:36:02,Run,E,FALSE,InsideZoneOpenFormations.mp4,InsideZoneOpenFormations_128.mp4,InsideZoneOpenFormations_,.mp4,2026-03-18,
129,0:36:11,0:36:18,Run,S,FALSE,InsideZoneOpenFormations.mp4,InsideZoneOpenFormations_129.mp4,InsideZoneOpenFormations_,.mp4,2026-03-18,
130,0:36:22,0:36:29,Run,F,FALSE,InsideZoneOpenFormations.mp4,InsideZoneOpenFormations_130.mp4,InsideZoneOpenFormations_,.mp4,2026-03-18,
131,0:36:36,0:36:49,Run,S,FALSE,InsideZoneOpenFormations.mp4,InsideZoneOpenFormations_131.mp4,InsideZoneOpenFormations_,.mp4,2026-03-18,
132,0:36:54,0:37:06,Run,E,FALSE,InsideZoneOpenFormations.mp4,InsideZoneOpenFormations_132.mp4,InsideZoneOpenFormations_,.mp4,2026-03-18,
133,0:37:12,0:37:21,Run,S,FALSE,InsideZoneOpenFormations.mp4,InsideZoneOpenFormations_133.mp4,InsideZoneOpenFormations_,.mp4,2026-03-18,
134,0:37:26,0:37:35,Run,E,FALSE,InsideZoneOpenFormations.mp4,InsideZoneOpenFormations_134.mp4,InsideZoneOpenFormations_,.mp4,2026-03-18,
,,,,,,,,,,,
136,0:37:48,0:37:59,Run,F,FALSE,InsideZoneOpenFormations.mp4,InsideZoneOpenFormations_136.mp4,InsideZoneOpenFormations_,.mp4,2026-03-18,
137,0:38:05,0:38:20,Run,S,FALSE,InsideZoneOpenFormations.mp4,InsideZoneOpenFormations_137.mp4,InsideZoneOpenFormations_,.mp4,2026-03-18,
138,0:38:28,0:38:41,Run,E,FALSE,InsideZoneOpenFormations.mp4,InsideZoneOpenFormations_138.mp4,InsideZoneOpenFormations_,.mp4,2026-03-18,
139,0:38:46,0:38:57,Run,S,FALSE,InsideZoneOpenFormations.mp4,InsideZoneOpenFormations_139.mp4,InsideZoneOpenFormations_,.mp4,2026-03-18,
140,0:39:07,0:39:17,Run,E,FALSE,InsideZoneOpenFormations.mp4,InsideZoneOpenFormations_140.mp4,InsideZoneOpenFormations_,.mp4,2026-03-18,
141,0:39:21,0:39:31,Run,S,FALSE,InsideZoneOpenFormations.mp4,InsideZoneOpenFormations_141.mp4,InsideZoneOpenFormations_,.mp4,2026-03-18,
142,0:39:41,0:40:01,Run,F,FALSE,InsideZoneOpenFormations.mp4,InsideZoneOpenFormations_142.mp4,InsideZoneOpenFormations_,.mp4,2026-03-18,
143,0:40:06,0:40:16,Run,S,FALSE,InsideZoneOpenFormations.mp4,InsideZoneOpenFormations_143.mp4,InsideZoneOpenFormations_,.mp4,2026-03-18,
144,0:40:23,0:40:35,Run,F,FALSE,InsideZoneOpenFormations.mp4,InsideZoneOpenFormations_144.mp4,InsideZoneOpenFormations_,.mp4,2026-03-18,
145,0:40:39,0:40:50,Run,S,FALSE,InsideZoneOpenFormations.mp4,InsideZoneOpenFormations_145.mp4,InsideZoneOpenFormations_,.mp4,2026-03-18,
146,0:40:59,0:41:11,Run,E,FALSE,InsideZoneOpenFormations.mp4,InsideZoneOpenFormations_146.mp4,InsideZoneOpenFormations_,.mp4,2026-03-18,
147,0:41:15,0:41:26,Run,S,FALSE,InsideZoneOpenFormations.mp4,InsideZoneOpenFormations_147.mp4,InsideZoneOpenFormations_,.mp4,2026-03-18,
148,0:41:35,0:41:53,Run,E,FALSE,InsideZoneOpenFormations.mp4,InsideZoneOpenFormations_148.mp4,InsideZoneOpenFormations_,.mp4,2026-03-18,
149,0:41:57,0:42:15,Run,S,FALSE,InsideZoneOpenFormations.mp4,InsideZoneOpenFormations_149.mp4,InsideZoneOpenFormations_,.mp4,2026-03-18,
150,0:42:23,0:42:35,Run,E,FALSE,InsideZoneOpenFormations.mp4,InsideZoneOpenFormations_150.mp4,InsideZoneOpenFormations_,.mp4,2026-03-18,
151,0:42:40,0:42:50,Run,S,FALSE,InsideZoneOpenFormations.mp4,InsideZoneOpenFormations_151.mp4,InsideZoneOpenFormations_,.mp4,2026-03-18,
152,0:42:57,0:43:07,Run,F,FALSE,InsideZoneOpenFormations.mp4,InsideZoneOpenFormations_152.mp4,InsideZoneOpenFormations_,.mp4,2026-03-18,
153,0:43:14,0:43:22,Run,S,FALSE,InsideZoneOpenFormations.mp4,InsideZoneOpenFormations_153.mp4,InsideZoneOpenFormations_,.mp4,2026-03-18,
154,0:43:30,0:43:38,Run,E,FALSE,InsideZoneOpenFormations.mp4,InsideZoneOpenFormations_154.mp4,InsideZoneOpenFormations_,.mp4,2026-03-18,
155,0:43:42,0:43:51,Run,S,FALSE,InsideZoneOpenFormations.mp4,InsideZoneOpenFormations_155.mp4,InsideZoneOpenFormations_,.mp4,2026-03-18,
156,0:43:57,0:44:05,Run,E,FALSE,InsideZoneOpenFormations.mp4,InsideZoneOpenFormations_156.mp4,InsideZoneOpenFormations_,.mp4,2026-03-18,
157,0:44:12,0:44:21,Run,S,FALSE,InsideZoneOpenFormations.mp4,InsideZoneOpenFormations_157.mp4,InsideZoneOpenFormations_,.mp4,2026-03-18,
158,0:44:30,0:44:47,Run,E,FALSE,InsideZoneOpenFormations.mp4,InsideZoneOpenFormations_158.mp4,InsideZoneOpenFormations_,.mp4,2026-03-18,
159,0:44:55,0:45:10,Run,S,FALSE,InsideZoneOpenFormations.mp4,InsideZoneOpenFormations_159.mp4,InsideZoneOpenFormations_,.mp4,2026-03-18,
160,0:45:17,0:45:28,Run,E,FALSE,InsideZoneOpenFormations.mp4,InsideZoneOpenFormations_160.mp4,InsideZoneOpenFormations_,.mp4,2026-03-18,
161,0:45:33,0:45:43,Run,S,FALSE,InsideZoneOpenFormations.mp4,InsideZoneOpenFormations_161.mp4,InsideZoneOpenFormations_,.mp4,2026-03-18,
162,0:45:52,0:46:00,Run,F,FALSE,InsideZoneOpenFormations.mp4,InsideZoneOpenFormations_162.mp4,InsideZoneOpenFormations_,.mp4,2026-03-18,
163,0:46:04,0:46:12,Run,S,FALSE,InsideZoneOpenFormations.mp4,InsideZoneOpenFormations_163.mp4,InsideZoneOpenFormations_,.mp4,2026-03-18,
164,0:46:22,0:46:38,Run,E,FALSE,InsideZoneOpenFormations.mp4,InsideZoneOpenFormations_164.mp4,InsideZoneOpenFormations_,.mp4,2026-03-18,
165,0:46:43,0:46:58,Run,S,FALSE,InsideZoneOpenFormations.mp4,InsideZoneOpenFormations_165.mp4,InsideZoneOpenFormations_,.mp4,2026-03-18,
166,0:47:04,0:47:14,Run,F,FALSE,InsideZoneOpenFormations.mp4,InsideZoneOpenFormations_166.mp4,InsideZoneOpenFormations_,.mp4,2026-03-18,
167,0:47:19,0:47:27,Run,S,FALSE,InsideZoneOpenFormations.mp4,InsideZoneOpenFormations_167.mp4,InsideZoneOpenFormations_,.mp4,2026-03-18,
168,0:47:36,0:47:50,Run,S,FALSE,InsideZoneOpenFormations.mp4,InsideZoneOpenFormations_168.mp4,InsideZoneOpenFormations_,.mp4,2026-03-18,
169,0:47:56,0:48:09,Run,E,FALSE,InsideZoneOpenFormations.mp4,InsideZoneOpenFormations_169.mp4,InsideZoneOpenFormations_,.mp4,2026-03-18,
170,0:48:17,0:48:38,Run,S,FALSE,InsideZoneOpenFormations.mp4,InsideZoneOpenFormations_170.mp4,InsideZoneOpenFormations_,.mp4,2026-03-18,
171,0:48:44,0:49:04,Run,E,FALSE,InsideZoneOpenFormations.mp4,InsideZoneOpenFormations_171.mp4,InsideZoneOpenFormations_,.mp4,2026-03-18,
172,0:49:12,0:49:23,Run,S,FALSE,InsideZoneOpenFormations.mp4,InsideZoneOpenFormations_172.mp4,InsideZoneOpenFormations_,.mp4,2026-03-18,
173,0:49:31,0:49:42,Run,E,FALSE,InsideZoneOpenFormations.mp4,InsideZoneOpenFormations_173.mp4,InsideZoneOpenFormations_,.mp4,2026-03-18,
174,0:49:51,0:50:00,Run,S,FALSE,InsideZoneOpenFormations.mp4,InsideZoneOpenFormations_174.mp4,InsideZoneOpenFormations_,.mp4,2026-03-18,
175,0:50:04,0:50:13,Run,E,FALSE,InsideZoneOpenFormations.mp4,InsideZoneOpenFormations_175.mp4,InsideZoneOpenFormations_,.mp4,2026-03-18,
176,0:50:19,0:50:28,Run,S,FALSE,InsideZoneOpenFormations.mp4,InsideZoneOpenFormations_176.mp4,InsideZoneOpenFormations_,.mp4,2026-03-18,
177,0:50:33,0:50:42,Run,E,FALSE,InsideZoneOpenFormations.mp4,InsideZoneOpenFormations_177.mp4,InsideZoneOpenFormations_,.mp4,2026-03-18,
178,0:50:48,0:51:01,Run,S,FALSE,InsideZoneOpenFormations.mp4,InsideZoneOpenFormations_178.mp4,InsideZoneOpenFormations_,.mp4,2026-03-18,
179,0:51:06,0:51:17,Run,E,FALSE,InsideZoneOpenFormations.mp4,InsideZoneOpenFormations_179.mp4,InsideZoneOpenFormations_,.mp4,2026-03-18,
180,0:51:27,0:51:37,Run,S,FALSE,InsideZoneOpenFormations.mp4,InsideZoneOpenFormations_180.mp4,InsideZoneOpenFormations_,.mp4,2026-03-18,
181,0:51:41,0:51:52,Run,F,FALSE,InsideZoneOpenFormations.mp4,InsideZoneOpenFormations_181.mp4,InsideZoneOpenFormations_,.mp4,2026-03-18,
182,0:51:59,0:52:08,Run,S,FALSE,InsideZoneOpenFormations.mp4,InsideZoneOpenFormations_182.mp4,InsideZoneOpenFormations_,.mp4,2026-03-18,
183,0:52:13,0:52:22,Run,E,FALSE,InsideZoneOpenFormations.mp4,InsideZoneOpenFormations_183.mp4,InsideZoneOpenFormations_,.mp4,2026-03-18,
184,0:52:30,0:52:49,Run,S,FALSE,InsideZoneOpenFormations.mp4,InsideZoneOpenFormations_184.mp4,InsideZoneOpenFormations_,.mp4,2026-03-18,
185,0:52:56,0:53:17,Run,E,FALSE,InsideZoneOpenFormations.mp4,InsideZoneOpenFormations_185.mp4,InsideZoneOpenFormations_,.mp4,2026-03-18,
186,0:53:24,0:53:43,Run,S,FALSE,InsideZoneOpenFormations.mp4,InsideZoneOpenFormations_186.mp4,InsideZoneOpenFormations_,.mp4,2026-03-18,
187,0:53:49,0:54:04,Run,E,FALSE,InsideZoneOpenFormations.mp4,InsideZoneOpenFormations_187.mp4,InsideZoneOpenFormations_,.mp4,2026-03-18,
188,0:54:09,0:54:16,Run,S,FALSE,InsideZoneOpenFormations.mp4,InsideZoneOpenFormations_188.mp4,InsideZoneOpenFormations_,.mp4,2026-03-18,
189,0:54:17,0:54:24,Run,E,FALSE,InsideZoneOpenFormations.mp4,InsideZoneOpenFormations_189.mp4,InsideZoneOpenFormations_,.mp4,2026-03-18,
190,0:54:30,0:54:37,Run,S,FALSE,InsideZoneOpenFormations.mp4,InsideZoneOpenFormations_190.mp4,InsideZoneOpenFormations_,.mp4,2026-03-18,
191,0:54:43,0:54:49,Run,E,FALSE,InsideZoneOpenFormations.mp4,InsideZoneOpenFormations_191.mp4,InsideZoneOpenFormations_,.mp4,2026-03-18,
192,0:54:58,0:55:09,Run,S,FALSE,InsideZoneOpenFormations.mp4,InsideZoneOpenFormations_192.mp4,InsideZoneOpenFormations_,.mp4,2026-03-18,
193,0:55:14,0:55:29,Run,E,FALSE,InsideZoneOpenFormations.mp4,InsideZoneOpenFormations_193.mp4,InsideZoneOpenFormations_,.mp4,2026-03-18,
194,0:55:36,0:55:47,Run,S,FALSE,InsideZoneOpenFormations.mp4,InsideZoneOpenFormations_194.mp4,InsideZoneOpenFormations_,.mp4,2026-03-18,
195,0:55:52,0:56:05,Run,E,FALSE,InsideZoneOpenFormations.mp4,InsideZoneOpenFormations_195.mp4,InsideZoneOpenFormations_,.mp4,2026-03-18,
196,0:56:12,0:56:24,Run,S,FALSE,InsideZoneOpenFormations.mp4,InsideZoneOpenFormations_196.mp4,InsideZoneOpenFormations_,.mp4,2026-03-18,
197,0:56:29,0:56:42,Run,E,FALSE,InsideZoneOpenFormations.mp4,InsideZoneOpenFormations_197.mp4,InsideZoneOpenFormations_,.mp4,2026-03-18,
198,0:56:50,0:56:59,Run,S,FALSE,InsideZoneOpenFormations.mp4,InsideZoneOpenFormations_198.mp4,InsideZoneOpenFormations_,.mp4,2026-03-18,
199,0:57:04,0:57:12,Run,E,FALSE,InsideZoneOpenFormations.mp4,InsideZoneOpenFormations_199.mp4,InsideZoneOpenFormations_,.mp4,2026-03-18,
200,0:57:19,0:57:32,Run,S,FALSE,InsideZoneOpenFormations.mp4,InsideZoneOpenFormations_200.mp4,InsideZoneOpenFormations_,.mp4,2026-03-18,
201,0:57:37,0:57:51,Run,E,FALSE,InsideZoneOpenFormations.mp4,InsideZoneOpenFormations_201.mp4,InsideZoneOpenFormations_,.mp4,2026-03-18,
202,0:58:03,0:58:12,Run,S,FALSE,InsideZoneOpenFormations.mp4,InsideZoneOpenFormations_202.mp4,InsideZoneOpenFormations_,.mp4,2026-03-18,
203,0:58:19,0:58:28,Run,E,FALSE,InsideZoneOpenFormations.mp4,InsideZoneOpenFormations_203.mp4,InsideZoneOpenFormations_,.mp4,2026-03-18,
204,0:58:35,0:58:43,Run,S,FALSE,InsideZoneOpenFormations.mp4,InsideZoneOpenFormations_204.mp4,InsideZoneOpenFormations_,.mp4,2026-03-18,
205,0:58:49,0:58:57,Run,E,FALSE,InsideZoneOpenFormations.mp4,InsideZoneOpenFormations_205.mp4,InsideZoneOpenFormations_,.mp4,2026-03-18,
206,0:59:04,0:59:24,Run,S,FALSE,InsideZoneOpenFormations.mp4,InsideZoneOpenFormations_206.mp4,InsideZoneOpenFormations_,.mp4,2026-03-18,
207,0:59:32,0:59:53,Run,E,FALSE,InsideZoneOpenFormations.mp4,InsideZoneOpenFormations_207.mp4,InsideZoneOpenFormations_,.mp4,2026-03-18,
208,1:00:02,1:00:09,Run,S,FALSE,InsideZoneOpenFormations.mp4,InsideZoneOpenFormations_208.mp4,InsideZoneOpenFormations_,.mp4,2026-03-18,
209,1:00:13,1:00:23,Run,E,FALSE,InsideZoneOpenFormations.mp4,InsideZoneOpenFormations_209.mp4,InsideZoneOpenFormations_,.mp4,2026-03-18,
210,1:00:31,1:00:40,Run,S,FALSE,InsideZoneOpenFormations.mp4,InsideZoneOpenFormations_210.mp4,InsideZoneOpenFormations_,.mp4,2026-03-18,
211,1:00:44,1:00:52,Run,E,FALSE,InsideZoneOpenFormations.mp4,InsideZoneOpenFormations_211.mp4,InsideZoneOpenFormations_,.mp4,2026-03-18,
212,1:00:58,1:01:10,Run,S,FALSE,InsideZoneOpenFormations.mp4,InsideZoneOpenFormations_212.mp4,InsideZoneOpenFormations_,.mp4,2026-03-18,
213,1:01:20,1:01:29,Run,E,FALSE,InsideZoneOpenFormations.mp4,InsideZoneOpenFormations_213.mp4,InsideZoneOpenFormations_,.mp4,2026-03-18,
214,1:01:35,1:01:45,Run,S,FALSE,InsideZoneOpenFormations.mp4,InsideZoneOpenFormations_214.mp4,InsideZoneOpenFormations_,.mp4,2026-03-18,
215,1:01:50,1:02:00,Run,F,FALSE,InsideZoneOpenFormations.mp4,InsideZoneOpenFormations_215.mp4,InsideZoneOpenFormations_,.mp4,2026-03-18,
216,1:02:08,1:02:19,Run,S,FALSE,InsideZoneOpenFormations.mp4,InsideZoneOpenFormations_216.mp4,InsideZoneOpenFormations_,.mp4,2026-03-18,
217,1:02:26,1:02:37,Run,F,FALSE,InsideZoneOpenFormations.mp4,InsideZoneOpenFormations_217.mp4,InsideZoneOpenFormations_,.mp4,2026-03-18,
218,1:02:47,1:02:55,Run,S,FALSE,InsideZoneOpenFormations.mp4,InsideZoneOpenFormations_218.mp4,InsideZoneOpenFormations_,.mp4,2026-03-18,
219,1:02:58,1:03:06,Run,E,FALSE,InsideZoneOpenFormations.mp4,InsideZoneOpenFormations_219.mp4,InsideZoneOpenFormations_,.mp4,2026-03-18,
220,1:03:14,1:03:24,Run,S,FALSE,InsideZoneOpenFormations.mp4,InsideZoneOpenFormations_220.mp4,InsideZoneOpenFormations_,.mp4,2026-03-18,
221,1:03:31,1:03:41,Run,E,FALSE,InsideZoneOpenFormations.mp4,InsideZoneOpenFormations_221.mp4,InsideZoneOpenFormations_,.mp4,2026-03-18,
222,1:03:50,1:03:59,Run,S,FALSE,InsideZoneOpenFormations.mp4,InsideZoneOpenFormations_222.mp4,InsideZoneOpenFormations_,.mp4,2026-03-18,
223,1:04:06,1:04:15,Run,E,FALSE,InsideZoneOpenFormations.mp4,InsideZoneOpenFormations_223.mp4,InsideZoneOpenFormations_,.mp4,2026-03-18,
224,1:04:24,1:04:34,Run,S,FALSE,InsideZoneOpenFormations.mp4,InsideZoneOpenFormations_224.mp4,InsideZoneOpenFormations_,.mp4,2026-03-18,
225,1:04:23,1:04:34,Run,S,FALSE,InsideZoneOpenFormations.mp4,InsideZoneOpenFormations_225.mp4,InsideZoneOpenFormations_,.mp4,2026-03-18,
226,1:04:40,1:04:50,Run ,E,FALSE,InsideZoneOpenFormations.mp4,InsideZoneOpenFormations_226.mp4,InsideZoneOpenFormations_,.mp4,2026-06-09,
227,1:04:56,1:05:01,Run,S,FALSE,InsideZoneOpenFormations.mp4,InsideZoneOpenFormations_226.mp4,InsideZoneOpenFormations_,.mp4,2026-03-18,
228,1:05:04,1:05:11,Run,E,FALSE,InsideZoneOpenFormations.mp4,InsideZoneOpenFormations_227.mp4,InsideZoneOpenFormations_,.mp4,2026-03-18,
229,1:05:18,1:05:26,Run,S,FALSE,InsideZoneOpenFormations.mp4,InsideZoneOpenFormations_228.mp4,InsideZoneOpenFormations_,.mp4,2026-03-18,
230,1:05:31,1:05:40,Run,E,FALSE,InsideZoneOpenFormations.mp4,InsideZoneOpenFormations_229.mp4,InsideZoneOpenFormations_,.mp4,2026-03-18,
231,1:05:47,1:05:54,Run,S,FALSE,InsideZoneOpenFormations.mp4,InsideZoneOpenFormations_230.mp4,InsideZoneOpenFormations_,.mp4,2026-03-18,
232,1:06:00,1:06:06,Run,E,FALSE,InsideZoneOpenFormations.mp4,InsideZoneOpenFormations_231.mp4,InsideZoneOpenFormations_,.mp4,2026-03-18,
233,1:06:15,1:06:25,Run,S,FALSE,InsideZoneOpenFormations.mp4,InsideZoneOpenFormations_232.mp4,InsideZoneOpenFormations_,.mp4,2026-03-18,
234,1:06:31,1:06:40,Run,E,FALSE,InsideZoneOpenFormations.mp4,InsideZoneOpenFormations_233.mp4,InsideZoneOpenFormations_,.mp4,2026-03-18,
235,1:06:47,1:06:56,Run,S,FALSE,InsideZoneOpenFormations.mp4,InsideZoneOpenFormations_234.mp4,InsideZoneOpenFormations_,.mp4,2026-03-18,
236,1:07:01,1:07:07,Run,E,FALSE,InsideZoneOpenFormations.mp4,InsideZoneOpenFormations_235.mp4,InsideZoneOpenFormations_,.mp4,2026-03-18,
1,0:00:10,0:00:22,Run,S,FALSE,crack_toss_1_raw.mp4,CrackToss_1.mp4,CrackToss_,.mp4,2026-03-18,
2,0:00:31,0:00:43,Run,E,FALSE,crack_toss_1_raw.mp4,CrackToss_2.mp4,CrackToss_,.mp4,2026-03-18,
3,0:00:52,0:01:00,Run,S,FALSE,crack_toss_1_raw.mp4,CrackToss_3.mp4,CrackToss_,.mp4,2026-03-18,
4,0:01:05,0:01:14,Run,E,FALSE,crack_toss_1_raw.mp4,CrackToss_4.mp4,CrackToss_,.mp4,2026-03-18,
5,0:01:19,0:01:31,Run,S,FALSE,crack_toss_1_raw.mp4,CrackToss_5.mp4,CrackToss_,.mp4,2026-03-18,
6,0:01:36,0:01:49,Run,E,FALSE,crack_toss_1_raw.mp4,CrackToss_6.mp4,CrackToss_,.mp4,2026-03-18,
7,0:01:56,0:02:11,Run,S,FALSE,crack_toss_1_raw.mp4,CrackToss_7.mp4,CrackToss_,.mp4,2026-03-18,
8,0:02:14,0:02:25,Run,E,FALSE,crack_toss_1_raw.mp4,CrackToss_8.mp4,CrackToss_,.mp4,2026-03-18,
9,0:00:04,0:00:17,Run,S,FALSE,crack_toss_3_raw.mp4,CrackToss_9.mp4,CrackToss_,.mp4,2026-03-18,
10,0:00:20,0:00:33,Run,E,FALSE,crack_toss_3_raw.mp4,CrackToss_10.mp4,CrackToss_,.mp4,2026-03-18,
11,0:00:38,0:00:47,Run,S,FALSE,crack_toss_3_raw.mp4,CrackToss_11.mp4,CrackToss_,.mp4,2026-03-18,
12,0:00:50,0:00:57,Run,E,FALSE,crack_toss_3_raw.mp4,CrackToss_12.mp4,CrackToss_,.mp4,2026-03-18,
13,0:01:04,0:01:16,Run,S,FALSE,crack_toss_3_raw.mp4,CrackToss_13.mp4,CrackToss_,.mp4,2026-03-18,
14,0:01:21,0:01:33,Run,E,FALSE,crack_toss_3_raw.mp4,CrackToss_14.mp4,CrackToss_,.mp4,2026-03-18,
15,0:01:37,0:01:42,Run,S,FALSE,crack_toss_3_raw.mp4,CrackToss_15.mp4,CrackToss_,.mp4,2026-03-18,
16,0:01:47,0:01:53,Run,E,FALSE,crack_toss_3_raw.mp4,CrackToss_16.mp4,CrackToss_,.mp4,2026-03-18,
17,0:02:02,0:02:14,Run,S,FALSE,crack_toss_3_raw.mp4,CrackToss_17.mp4,CrackToss_,.mp4,2026-03-18,
18,0:02:20,0:02:34,Run,E,FALSE,crack_toss_3_raw.mp4,CrackToss_18.mp4,CrackToss_,.mp4,2026-03-18,
19,0:02:38,0:02:52,Run,S,FALSE,crack_toss_3_raw.mp4,CrackToss_19.mp4,CrackToss_,.mp4,2026-03-18,
20,0:02:57,0:03:10,Run,E,FALSE,crack_toss_3_raw.mp4,CrackToss_20.mp4,CrackToss_,.mp4,2026-03-18,
21,0:00:04,0:00:14,Run,S,FALSE,crack_toss_5_raw.mp4,CrackToss_21.mp4,CrackToss_,.mp4,2026-03-18,
22,0:00:17,0:00:28,Run,E,FALSE,crack_toss_5_raw.mp4,CrackToss_22.mp4,CrackToss_,.mp4,2026-03-18,
23,0:00:35,0:00:46,Run,S,FALSE,crack_toss_5_raw.mp4,CrackToss_23.mp4,CrackToss_,.mp4,2026-03-18,
24,0:00:51,0:01:03,Run,E,FALSE,crack_toss_5_raw.mp4,CrackToss_24.mp4,CrackToss_,.mp4,2026-03-18,
25,0:01:12,0:01:22,Run,S,FALSE,crack_toss_5_raw.mp4,CrackToss_25.mp4,CrackToss_,.mp4,2026-03-18,
26,0:01:27,0:01:37,Run,E,FALSE,crack_toss_5_raw.mp4,CrackToss_26.mp4,CrackToss_,.mp4,2026-03-18,
27,0:01:41,0:01:50,Run,S,FALSE,crack_toss_5_raw.mp4,CrackToss_27.mp4,CrackToss_,.mp4,2026-03-18,
28,0:01:54,0:02:04,Run,E,FALSE,crack_toss_5_raw.mp4,CrackToss_28.mp4,CrackToss_,.mp4,2026-03-18,
29,0:02:06,0:02:11,Run,S,FALSE,crack_toss_7_raw.mp4,CrackToss_29.mp4,CrackToss_,.mp4,2026-03-18,
30,0:02:51,0:02:57,Run,S,FALSE,crack_toss_7_raw.mp4,CrackToss_30.mp4,CrackToss_,.mp4,2026-03-18,
31,0:03:28,0:03:35,Run,S,FALSE,crack_toss_7_raw.mp4,CrackToss_31.mp4,CrackToss_,.mp4,2026-03-18,
32,0:04:32,0:04:42,Run,S,FALSE,crack_toss_7_raw.mp4,CrackToss_32.mp4,CrackToss_,.mp4,2026-03-18,
33,0:00:00,0:00:05,Run,S,FALSE,crack_toss_9_raw.mp4,CrackToss_33.mp4,CrackToss_,.mp4,2026-03-18,
34,0:00:11,0:00:20,Run,E,FALSE,crack_toss_9_raw.mp4,CrackToss_34.mp4,CrackToss_,.mp4,2026-03-18,
35,0:00:08,0:00:13,Run,S,FALSE,crack_toss_11_raw.mp4,CrackToss_35.mp4,CrackToss_,.mp4,2026-03-18,
36,0:00:19,0:00:24,Run,E,FALSE,crack_toss_11_raw.mp4,CrackToss_36.mp4,CrackToss_,.mp4,2026-03-18,
37,0:00:31,0:00:37,Run,E,FALSE,crack_toss_11_raw.mp4,CrackToss_37.mp4,CrackToss_,.mp4,2026-03-18,
38,0:00:45,0:00:51,Run,S,FALSE,crack_toss_11_raw.mp4,CrackToss_38.mp4,CrackToss_,.mp4,2026-03-18,
39,0:00:56,0:01:03,Run,E,FALSE,crack_toss_11_raw.mp4,CrackToss_39.mp4,CrackToss_,.mp4,2026-03-18,
40,0:01:08,0:01:15,Run,E,FALSE,crack_toss_11_raw.mp4,CrackToss_40.mp4,CrackToss_,.mp4,2026-03-18,
41,0:01:22,0:01:30,Run,S,FALSE,crack_toss_11_raw.mp4,CrackToss_41.mp4,CrackToss_,.mp4,2026-03-18,
42,0:01:35,0:01:43,Run,E,FALSE,crack_toss_11_raw.mp4,CrackToss_42.mp4,CrackToss_,.mp4,2026-03-18,
43,0:01:49,0:01:57,Run,E,FALSE,crack_toss_11_raw.mp4,CrackToss_43.mp4,CrackToss_,.mp4,2026-03-18,
44,0:02:07,0:02:14,Run,S,FALSE,crack_toss_11_raw.mp4,CrackToss_44.mp4,CrackToss_,.mp4,2026-03-18,
45,0:02:20,0:02:26,Run,E,FALSE,crack_toss_11_raw.mp4,CrackToss_45.mp4,CrackToss_,.mp4,2026-03-18,
46,0:02:31,0:02:38,Run,E,FALSE,crack_toss_11_raw.mp4,CrackToss_46.mp4,CrackToss_,.mp4,2026-03-18,
47,0:02:46,0:02:58,Run,S,FALSE,crack_toss_11_raw.mp4,CrackToss_47.mp4,CrackToss_,.mp4,2026-03-18,
48,0:03:03,0:03:11,Run,E,FALSE,crack_toss_11_raw.mp4,CrackToss_48.mp4,CrackToss_,.mp4,2026-03-18,
49,0:03:17,0:03:26,Run,E,FALSE,crack_toss_11_raw.mp4,CrackToss_49.mp4,CrackToss_,.mp4,2026-03-18,
50,0:03:29,0:03:34,Run,S,FALSE,crack_toss_11_raw.mp4,CrackToss_50.mp4,CrackToss_,.mp4,2026-03-18,
51,0:03:38,0:03:43,Run,E,FALSE,crack_toss_11_raw.mp4,CrackToss_51.mp4,CrackToss_,.mp4,2026-03-18,
52,0:03:47,0:03:54,Run,E,FALSE,crack_toss_11_raw.mp4,CrackToss_52.mp4,CrackToss_,.mp4,2026-03-18,
53,0:04:00,0:04:07,Run,S,FALSE,crack_toss_11_raw.mp4,CrackToss_53.mp4,CrackToss_,.mp4,2026-03-18,
54,0:04:12,0:04:19,Run,E,FALSE,crack_toss_11_raw.mp4,CrackToss_54.mp4,CrackToss_,.mp4,2026-03-18,
55,0:04:22,0:04:31,Run,E,FALSE,crack_toss_11_raw.mp4,CrackToss_55.mp4,CrackToss_,.mp4,2026-03-18,
56,0:04:37,0:04:49,Run,S,FALSE,crack_toss_11_raw.mp4,CrackToss_56.mp4,CrackToss_,.mp4,2026-03-18,
57,0:04:54,0:05:06,Run,E,FALSE,crack_toss_11_raw.mp4,CrackToss_57.mp4,CrackToss_,.mp4,2026-03-18,
58,0:05:13,0:05:26,Run,E,FALSE,crack_toss_11_raw.mp4,CrackToss_58.mp4,CrackToss_,.mp4,2026-03-18,
59,0:05:33,0:05:40,Run,S,FALSE,crack_toss_11_raw.mp4,CrackToss_59.mp4,CrackToss_,.mp4,2026-03-18,
60,0:05:45,0:05:51,Run,E,FALSE,crack_toss_11_raw.mp4,CrackToss_60.mp4,CrackToss_,.mp4,2026-03-18,
61,0:05:54,0:06:00,Run,E,FALSE,crack_toss_11_raw.mp4,CrackToss_61.mp4,CrackToss_,.mp4,2026-03-18,
62,0:06:09,0:06:25,Run,S,FALSE,crack_toss_11_raw.mp4,CrackToss_62.mp4,CrackToss_,.mp4,2026-03-18,
63,0:06:30,0:06:44,Run,E,FALSE,crack_toss_11_raw.mp4,CrackToss_63.mp4,CrackToss_,.mp4,2026-03-18,
64,0:06:49,0:07:05,Run,E,FALSE,crack_toss_11_raw.mp4,CrackToss_64.mp4,CrackToss_,.mp4,2026-03-18,
65,0:07:11,0:07:18,Run,S,FALSE,crack_toss_11_raw.mp4,CrackToss_65.mp4,CrackToss_,.mp4,2026-03-18,
66,0:07:24,0:07:30,Run,F,FALSE,crack_toss_11_raw.mp4,CrackToss_66.mp4,CrackToss_,.mp4,2026-03-18,
67,0:07:34,0:07:40,Run,E,FALSE,crack_toss_11_raw.mp4,CrackToss_67.mp4,CrackToss_,.mp4,2026-03-18,
68,0:07:44,0:07:51,Run,S,FALSE,crack_toss_11_raw.mp4,CrackToss_68.mp4,CrackToss_,.mp4,2026-03-18,
69,0:07:55,0:08:01,Run,E,FALSE,crack_toss_11_raw.mp4,CrackToss_69.mp4,CrackToss_,.mp4,2026-03-18,
70,0:08:06,0:08:12,Run,E,FALSE,crack_toss_11_raw.mp4,CrackToss_70.mp4,CrackToss_,.mp4,2026-03-18,
71,0:08:18,0:08:28,Run,S,FALSE,crack_toss_11_raw.mp4,CrackToss_71.mp4,CrackToss_,.mp4,2026-03-18,
72,0:08:32,0:08:40,Run,F,FALSE,crack_toss_11_raw.mp4,CrackToss_72.mp4,CrackToss_,.mp4,2026-03-18,
73,0:08:45,0:08:55,Run,E,FALSE,crack_toss_11_raw.mp4,CrackToss_73.mp4,CrackToss_,.mp4,2026-03-18,
74,0:09:01,0:09:11,Run,S,FALSE,crack_toss_11_raw.mp4,CrackToss_74.mp4,CrackToss_,.mp4,2026-03-18,
75,0:09:16,0:09:24,Run,F,FALSE,crack_toss_11_raw.mp4,CrackToss_75.mp4,CrackToss_,.mp4,2026-03-18,
76,0:09:27,0:09:37,Run,E,FALSE,crack_toss_11_raw.mp4,CrackToss_76.mp4,CrackToss_,.mp4,2026-03-18,
77,0:09:44,0:09:53,Run,S,FALSE,crack_toss_11_raw.mp4,CrackToss_77.mp4,CrackToss_,.mp4,2026-03-18,
78,0:09:56,0:10:05,Run,E,FALSE,crack_toss_11_raw.mp4,CrackToss_78.mp4,CrackToss_,.mp4,2026-03-18,
79,0:10:09,0:10:17,Run,E,FALSE,crack_toss_11_raw.mp4,CrackToss_79.mp4,CrackToss_,.mp4,2026-03-18,
80,0:10:23,0:10:29,Run,S,FALSE,crack_toss_11_raw.mp4,CrackToss_80.mp4,CrackToss_,.mp4,2026-03-18,
81,0:10:35,0:10:40,Run,E,FALSE,crack_toss_11_raw.mp4,CrackToss_81.mp4,CrackToss_,.mp4,2026-03-18,
82,0:10:46,0:10:53,Run,E,FALSE,crack_toss_11_raw.mp4,CrackToss_82.mp4,CrackToss_,.mp4,2026-03-18,
83,0:11:01,0:11:17,Run,S,FALSE,crack_toss_11_raw.mp4,CrackToss_83.mp4,CrackToss_,.mp4,2026-03-18,
84,0:11:22,0:11:37,Run,E,FALSE,crack_toss_11_raw.mp4,CrackToss_84.mp4,CrackToss_,.mp4,2026-03-18,
85,0:11:40,0:11:54,Run,E,FALSE,crack_toss_11_raw.mp4,CrackToss_85.mp4,CrackToss_,.mp4,2026-03-18,
86,0:12:04,0:12:20,Run,S,FALSE,crack_toss_11_raw.mp4,CrackToss_86.mp4,CrackToss_,.mp4,2026-03-18,
87,0:12:26,0:12:42,Run,E,FALSE,crack_toss_11_raw.mp4,CrackToss_87.mp4,CrackToss_,.mp4,2026-03-18,
88,0:12:45,0:13:03,Run,E,FALSE,crack_toss_11_raw.mp4,CrackToss_88.mp4,CrackToss_,.mp4,2026-03-18,
89,0:13:10,0:13:27,Run,S,FALSE,crack_toss_11_raw.mp4,CrackToss_89.mp4,CrackToss_,.mp4,2026-03-18,
90,0:13:31,0:13:51,Run,E,FALSE,crack_toss_11_raw.mp4,CrackToss_90.mp4,CrackToss_,.mp4,2026-03-18,
91,0:13:55,0:14:13,Run,E,FALSE,crack_toss_11_raw.mp4,CrackToss_91.mp4,CrackToss_,.mp4,2026-03-18,
92,0:14:20,0:14:36,Run,S,FALSE,crack_toss_11_raw.mp4,CrackToss_92.mp4,CrackToss_,.mp4,2026-03-18,
93,0:14:41,0:14:56,Run,F,FALSE,crack_toss_11_raw.mp4,CrackToss_93.mp4,CrackToss_,.mp4,2026-03-18,
94,0:15:01,0:15:16,Run,E,FALSE,crack_toss_11_raw.mp4,CrackToss_94.mp4,CrackToss_,.mp4,2026-03-18,
95,0:15:21,0:15:31,Run,S,FALSE,crack_toss_11_raw.mp4,CrackToss_95.mp4,CrackToss_,.mp4,2026-03-18,
96,0:15:37,0:15:45,Run,E,FALSE,crack_toss_11_raw.mp4,CrackToss_96.mp4,CrackToss_,.mp4,2026-03-18,
97,0:15:50,0:15:57,Run,E,FALSE,crack_toss_11_raw.mp4,CrackToss_97.mp4,CrackToss_,.mp4,2026-03-18,
98,0:16:04,0:16:10,Run,S,FALSE,crack_toss_11_raw.mp4,CrackToss_98.mp4,CrackToss_,.mp4,2026-03-18,
99,0:16:16,0:16:22,Run,E,FALSE,crack_toss_11_raw.mp4,CrackToss_99.mp4,CrackToss_,.mp4,2026-03-18,
100,0:16:30,0:16:36,Run,E,FALSE,crack_toss_11_raw.mp4,CrackToss_100.mp4,CrackToss_,.mp4,2026-03-18,
101,0:16:45,0:16:58,Run,S,FALSE,crack_toss_11_raw.mp4,CrackToss_101.mp4,CrackToss_,.mp4,2026-03-18,
102,0:17:02,0:17:12,Run,E,FALSE,crack_toss_11_raw.mp4,CrackToss_102.mp4,CrackToss_,.mp4,2026-03-18,
103,0:17:16,0:17:26,Run,E,FALSE,crack_toss_11_raw.mp4,CrackToss_103.mp4,CrackToss_,.mp4,2026-03-18,
1,0:00:08,0:00:13,Pass,S,FALSE,Post10to15.mp4,Post10to15_1.mp4,Post10to15_,.mp4,2026-03-19,
2,0:00:23,0:00:29,Pass,E,FALSE,Post10to15.mp4,Post10to15_2.mp4,Post10to15_,.mp4,2026-03-19,
3,0:00:39,0:00:46,Pass,S,FALSE,Post10to15.mp4,Post10to15_3.mp4,Post10to15_,.mp4,2026-03-19,
4,0:00:52,0:00:59,Pass,E,FALSE,Post10to15.mp4,Post10to15_4.mp4,Post10to15_,.mp4,2026-03-19,
5,0:01:08,0:01:15,Pass,S,FALSE,Post10to15.mp4,Post10to15_5.mp4,Post10to15_,.mp4,2026-03-19,
6,0:01:19,0:01:25,Pass,E,FALSE,Post10to15.mp4,Post10to15_6.mp4,Post10to15_,.mp4,2026-03-19,
7,0:01:33,0:01:39,Pass,S,FALSE,Post10to15.mp4,Post10to15_7.mp4,Post10to15_,.mp4,2026-03-19,
8,0:01:42,0:01:49,Pass,E,FALSE,Post10to15.mp4,Post10to15_8.mp4,Post10to15_,.mp4,2026-03-19,
9,0:01:53,0:02:01,Pass,S,FALSE,Post10to15.mp4,Post10to15_9.mp4,Post10to15_,.mp4,2026-03-19,
10,0:02:05,0:02:12,Pass,E,FALSE,Post10to15.mp4,Post10to15_10.mp4,Post10to15_,.mp4,2026-03-19,
11,0:02:19,0:02:24,Pass,S,FALSE,Post10to15.mp4,Post10to15_11.mp4,Post10to15_,.mp4,2026-03-19,
12,0:02:28,0:02:34,Pass,E,FALSE,Post10to15.mp4,Post10to15_12.mp4,Post10to15_,.mp4,2026-03-19,
13,0:02:47,0:02:52,Pass,S,FALSE,Post10to15.mp4,Post10to15_13.mp4,Post10to15_,.mp4,2026-03-19,
14,0:03:04,0:03:09,Pass,E,FALSE,Post10to15.mp4,Post10to15_14.mp4,Post10to15_,.mp4,2026-03-19,
15,0:03:16,0:03:22,Pass,S,FALSE,Post10to15.mp4,Post10to15_15.mp4,Post10to15_,.mp4,2026-03-19,
16,0:03:32,0:03:38,Pass,E,FALSE,Post10to15.mp4,Post10to15_16.mp4,Post10to15_,.mp4,2026-03-19,
17,0:03:52,0:04:00,Pass,S,FALSE,Post10to15.mp4,Post10to15_17.mp4,Post10to15_,.mp4,2026-03-19,
18,0:04:04,0:04:12,Pass,E,FALSE,Post10to15.mp4,Post10to15_18.mp4,Post10to15_,.mp4,2026-03-19,
19,0:04:23,0:04:28,Pass,S,FALSE,Post10to15.mp4,Post10to15_19.mp4,Post10to15_,.mp4,2026-03-19,
20,0:04:37,0:04:42,Pass,E,FALSE,Post10to15.mp4,Post10to15_20.mp4,Post10to15_,.mp4,2026-03-19,
21,0:04:53,0:05:00,Pass,S,FALSE,Post10to15.mp4,Post10to15_21.mp4,Post10to15_,.mp4,2026-03-19,
22,0:05:11,0:05:18,Pass,E,FALSE,Post10to15.mp4,Post10to15_22.mp4,Post10to15_,.mp4,2026-03-19,
23,0:05:27,0:05:33,Pass,S,FALSE,Post10to15.mp4,Post10to15_23.mp4,Post10to15_,.mp4,2026-03-19,
24,0:05:41,0:05:47,Pass,E,FALSE,Post10to15.mp4,Post10to15_24.mp4,Post10to15_,.mp4,2026-03-19,
25,0:05:52,0:06:00,Pass,S,FALSE,Post10to15.mp4,Post10to15_25.mp4,Post10to15_,.mp4,2026-03-19,
26,0:06:03,0:06:10,Pass,E,FALSE,Post10to15.mp4,Post10to15_26.mp4,Post10to15_,.mp4,2026-03-19,
27,0:06:18,0:06:32,Pass,S,FALSE,Post10to15.mp4,Post10to15_27.mp4,Post10to15_,.mp4,2026-03-19,
28,0:06:42,0:06:55,Pass,E,FALSE,Post10to15.mp4,Post10to15_28.mp4,Post10to15_,.mp4,2026-03-19,
29,0:07:05,0:07:12,Pass,S,FALSE,Post10to15.mp4,Post10to15_29.mp4,Post10to15_,.mp4,2026-03-19,
30,0:07:21,0:07:28,Pass,E,FALSE,Post10to15.mp4,Post10to15_30.mp4,Post10to15_,.mp4,2026-03-19,
31,0:07:40,0:07:47,Pass,S,FALSE,Post10to15.mp4,Post10to15_31.mp4,Post10to15_,.mp4,2026-03-19,
32,0:07:57,0:08:02,Pass,E,FALSE,Post10to15.mp4,Post10to15_32.mp4,Post10to15_,.mp4,2026-03-19,
33,0:08:10,0:08:17,Pass,S,FALSE,Post10to15.mp4,Post10to15_33.mp4,Post10to15_,.mp4,2026-03-19,
34,0:08:27,0:08:33,Pass,E,FALSE,Post10to15.mp4,Post10to15_34.mp4,Post10to15_,.mp4,2026-03-19,
35,0:08:40,0:08:47,Pass,S,FALSE,Post10to15.mp4,Post10to15_35.mp4,Post10to15_,.mp4,2026-03-19,
36,0:08:52,0:08:59,Pass,E,FALSE,Post10to15.mp4,Post10to15_36.mp4,Post10to15_,.mp4,2026-03-19,
37,0:09:10,0:09:16,Pass,S,FALSE,Post10to15.mp4,Post10to15_37.mp4,Post10to15_,.mp4,2026-03-19,
38,0:09:29,0:09:34,Pass,E,FALSE,Post10to15.mp4,Post10to15_38.mp4,Post10to15_,.mp4,2026-03-19,
39,0:09:47,0:09:53,Pass,S,FALSE,Post10to15.mp4,Post10to15_39.mp4,Post10to15_,.mp4,2026-03-19,
40,0:10:00,0:10:06,Pass,E,FALSE,Post10to15.mp4,Post10to15_40.mp4,Post10to15_,.mp4,2026-03-19,
41,0:10:17,0:10:23,Pass,S,FALSE,Post10to15.mp4,Post10to15_41.mp4,Post10to15_,.mp4,2026-03-19,
42,0:10:32,0:10:38,Pass,E,FALSE,Post10to15.mp4,Post10to15_42.mp4,Post10to15_,.mp4,2026-03-19,
43,0:10:50,0:10:55,Pass,S,FALSE,Post10to15.mp4,Post10to15_43.mp4,Post10to15_,.mp4,2026-03-19,
44,0:11:05,0:11:10,Pass,E,FALSE,Post10to15.mp4,Post10to15_44.mp4,Post10to15_,.mp4,2026-03-19,
45,0:11:28,0:11:33,Pass,S,FALSE,Post10to15.mp4,Post10to15_45.mp4,Post10to15_,.mp4,2026-03-19,
46,0:11:48,0:11:53,Pass,E,FALSE,Post10to15.mp4,Post10to15_46.mp4,Post10to15_,.mp4,2026-03-19,
47,0:12:02,0:12:10,Pass,S,FALSE,Post10to15.mp4,Post10to15_47.mp4,Post10to15_,.mp4,2026-03-19,
48,0:12:14,0:12:20,Pass,E,FALSE,Post10to15.mp4,Post10to15_48.mp4,Post10to15_,.mp4,2026-03-19,
49,0:12:36,0:12:42,Pass,S,FALSE,Post10to15.mp4,Post10to15_49.mp4,Post10to15_,.mp4,2026-03-19,
50,0:12:54,0:12:59,Pass,E,FALSE,Post10to15.mp4,Post10to15_50.mp4,Post10to15_,.mp4,2026-03-19,
51,0:13:14,0:13:20,Pass,S,FALSE,Post10to15.mp4,Post10to15_51.mp4,Post10to15_,.mp4,2026-03-19,
52,0:13:31,0:13:37,Pass,E,FALSE,Post10to15.mp4,Post10to15_52.mp4,Post10to15_,.mp4,2026-03-19,
53,0:13:49,0:13:55,Pass,S,FALSE,Post10to15.mp4,Post10to15_53.mp4,Post10to15_,.mp4,2026-03-19,
54,0:14:02,0:14:08,Pass,E,FALSE,Post10to15.mp4,Post10to15_54.mp4,Post10to15_,.mp4,2026-03-19,
55,0:14:17,0:14:23,Pass,S,FALSE,Post10to15.mp4,Post10to15_55.mp4,Post10to15_,.mp4,2026-03-19,
56,0:14:29,0:14:35,Pass,E,FALSE,Post10to15.mp4,Post10to15_56.mp4,Post10to15_,.mp4,2026-03-19,
57,0:14:44,0:14:51,Pass,S,FALSE,Post10to15.mp4,Post10to15_57.mp4,Post10to15_,.mp4,2026-03-19,
58,0:14:55,0:15:00,Pass,E,FALSE,Post10to15.mp4,Post10to15_58.mp4,Post10to15_,.mp4,2026-03-19,
59,0:15:19,0:15:25,Pass,S,FALSE,Post10to15.mp4,Post10to15_59.mp4,Post10to15_,.mp4,2026-03-19,
60,0:15:30,0:15:34,Pass,E,FALSE,Post10to15.mp4,Post10to15_60.mp4,Post10to15_,.mp4,2026-03-19,
61,0:15:55,0:16:01,Pass,S,FALSE,Post10to15.mp4,Post10to15_61.mp4,Post10to15_,.mp4,2026-03-19,
62,0:16:15,0:16:22,Pass,E,FALSE,Post10to15.mp4,Post10to15_62.mp4,Post10to15_,.mp4,2026-03-19,
63,0:16:32,0:16:38,Pass,S,FALSE,Post10to15.mp4,Post10to15_63.mp4,Post10to15_,.mp4,2026-03-19,
64,0:16:46,0:16:52,Pass,E,FALSE,Post10to15.mp4,Post10to15_64.mp4,Post10to15_,.mp4,2026-03-19,
65,0:17:09,0:17:15,Pass,S,FALSE,Post10to15.mp4,Post10to15_65.mp4,Post10to15_,.mp4,2026-03-19,
66,0:17:25,0:17:32,Pass,E,FALSE,Post10to15.mp4,Post10to15_66.mp4,Post10to15_,.mp4,2026-03-19,
67,0:17:48,0:17:57,Pass,S,FALSE,Post10to15.mp4,Post10to15_67.mp4,Post10to15_,.mp4,2026-03-19,
68,0:18:02,0:18:11,Pass,E,FALSE,Post10to15.mp4,Post10to15_68.mp4,Post10to15_,.mp4,2026-03-19,
1,0:00:13,0:00:22,Pass,S,FALSE,Crosses25+.mp4,Crosses25+_1.mp4,Crosses25+_,.mp4,2026-03-19,
2,0:00:37,0:00:46,Pass,E,FALSE,Crosses25+.mp4,Crosses25+_2.mp4,Crosses25+_,.mp4,2026-03-19,
3,0:01:02,0:01:14,Pass,S,FALSE,Crosses25+.mp4,Crosses25+_3.mp4,Crosses25+_,.mp4,2026-03-19,
4,0:01:23,0:01:34,Pass,E,FALSE,Crosses25+.mp4,Crosses25+_4.mp4,Crosses25+_,.mp4,2026-03-19,
5,0:01:45,0:01:53,Pass,S,FALSE,Crosses25+.mp4,Crosses25+_5.mp4,Crosses25+_,.mp4,2026-03-19,
6,0:02:00,0:02:07,Pass,E,FALSE,Crosses25+.mp4,Crosses25+_6.mp4,Crosses25+_,.mp4,2026-03-19,
7,0:02:19,0:02:27,Pass,S,FALSE,Crosses25+.mp4,Crosses25+_7.mp4,Crosses25+_,.mp4,2026-03-19,
8,0:02:33,0:02:41,Pass,E,FALSE,Crosses25+.mp4,Crosses25+_8.mp4,Crosses25+_,.mp4,2026-03-19,
9,0:02:54,0:03:04,Pass,S,FALSE,Crosses25+.mp4,Crosses25+_9.mp4,Crosses25+_,.mp4,2026-03-19,
10,0:03:10,0:03:21,Pass,E,FALSE,Crosses25+.mp4,Crosses25+_10.mp4,Crosses25+_,.mp4,2026-03-19,
11,0:03:37,0:03:45,Pass,S,FALSE,Crosses25+.mp4,Crosses25+_11.mp4,Crosses25+_,.mp4,2026-03-19,
12,0:03:52,0:04:00,Pass,E,FALSE,Crosses25+.mp4,Crosses25+_12.mp4,Crosses25+_,.mp4,2026-03-19,
13,0:04:11,0:04:18,Pass,S,FALSE,Crosses25+.mp4,Crosses25+_13.mp4,Crosses25+_,.mp4,2026-03-19,
14,0:04:23,0:04:31,Pass,E,FALSE,Crosses25+.mp4,Crosses25+_14.mp4,Crosses25+_,.mp4,2026-03-19,
15,0:04:42,0:04:50,Pass,S,FALSE,Crosses25+.mp4,Crosses25+_15.mp4,Crosses25+_,.mp4,2026-03-19,
16,0:05:02,0:05:10,Pass,E,FALSE,Crosses25+.mp4,Crosses25+_16.mp4,Crosses25+_,.mp4,2026-03-19,
17,0:05:22,0:05:29,Pass,S,FALSE,Crosses25+.mp4,Crosses25+_17.mp4,Crosses25+_,.mp4,2026-03-19,
18,0:05:37,0:05:45,Pass,E,FALSE,Crosses25+.mp4,Crosses25+_18.mp4,Crosses25+_,.mp4,2026-03-19,
19,0:06:03,0:06:12,Pass,S,FALSE,Crosses25+.mp4,Crosses25+_19.mp4,Crosses25+_,.mp4,2026-03-19,
20,0:06:17,0:06:26,Pass,E,FALSE,Crosses25+.mp4,Crosses25+_20.mp4,Crosses25+_,.mp4,2026-03-19,
21,0:06:40,0:06:49,Pass,S,FALSE,Crosses25+.mp4,Crosses25+_21.mp4,Crosses25+_,.mp4,2026-03-19,
22,0:07:03,0:07:11,Pass,E,FALSE,Crosses25+.mp4,Crosses25+_22.mp4,Crosses25+_,.mp4,2026-03-19,
23,0:07:20,0:07:27,Pass,S,FALSE,Crosses25+.mp4,Crosses25+_23.mp4,Crosses25+_,.mp4,2026-03-19,
24,0:07:32,0:07:39,Pass,E,FALSE,Crosses25+.mp4,Crosses25+_24.mp4,Crosses25+_,.mp4,2026-03-19,
25,0:07:49,0:07:57,Pass,S,FALSE,Crosses25+.mp4,Crosses25+_25.mp4,Crosses25+_,.mp4,2026-03-19,
26,0:08:07,0:08:15,Pass,E,FALSE,Crosses25+.mp4,Crosses25+_26.mp4,Crosses25+_,.mp4,2026-03-19,
27,0:08:29,0:08:37,Pass,S,FALSE,Crosses25+.mp4,Crosses25+_27.mp4,Crosses25+_,.mp4,2026-03-19,
28,0:08:53,0:09:01,Pass,E,FALSE,Crosses25+.mp4,Crosses25+_28.mp4,Crosses25+_,.mp4,2026-03-19,
29,0:09:12,0:09:22,Pass,S,FALSE,Crosses25+.mp4,Crosses25+_29.mp4,Crosses25+_,.mp4,2026-03-19,
30,0:09:26,0:09:34,Pass,E,FALSE,Crosses25+.mp4,Crosses25+_30.mp4,Crosses25+_,.mp4,2026-03-19,
31,0:09:48,0:09:55,Pass,S,FALSE,Crosses25+.mp4,Crosses25+_31.mp4,Crosses25+_,.mp4,2026-03-19,
32,0:10:00,0:10:08,Pass,E,FALSE,Crosses25+.mp4,Crosses25+_32.mp4,Crosses25+_,.mp4,2026-03-19,
33,0:10:20,0:10:28,Pass,S,FALSE,Crosses25+.mp4,Crosses25+_33.mp4,Crosses25+_,.mp4,2026-03-19,
34,0:10:34,0:10:41,Pass,E,FALSE,Crosses25+.mp4,Crosses25+_34.mp4,Crosses25+_,.mp4,2026-03-19,
35,0:10:56,0:11:05,Pass,S,FALSE,Crosses25+.mp4,Crosses25+_35.mp4,Crosses25+_,.mp4,2026-03-19,
36,0:11:19,0:11:28,Pass,E,FALSE,Crosses25+.mp4,Crosses25+_36.mp4,Crosses25+_,.mp4,2026-03-19,
37,0:11:43,0:11:53,Pass,S,FALSE,Crosses25+.mp4,Crosses25+_37.mp4,Crosses25+_,.mp4,2026-03-19,
38,0:11:58,0:12:09,Pass,E,FALSE,Crosses25+.mp4,Crosses25+_38.mp4,Crosses25+_,.mp4,2026-03-19,
39,0:12:41,0:12:49,Pass,S,FALSE,Crosses25+.mp4,Crosses25+_39.mp4,Crosses25+_,.mp4,2026-03-19,
40,0:13:00,0:13:08,Pass,E,FALSE,Crosses25+.mp4,Crosses25+_40.mp4,Crosses25+_,.mp4,2026-03-19,
41,0:13:16,0:13:25,Pass,S,FALSE,Crosses25+.mp4,Crosses25+_41.mp4,Crosses25+_,.mp4,2026-03-19,
42,0:13:31,0:13:40,Pass,E,FALSE,Crosses25+.mp4,Crosses25+_42.mp4,Crosses25+_,.mp4,2026-03-19,
43,0:13:57,0:14:05,Pass,S,FALSE,Crosses25+.mp4,Crosses25+_43.mp4,Crosses25+_,.mp4,2026-03-19,
44,0:14:16,0:14:22,Pass,E,FALSE,Crosses25+.mp4,Crosses25+_44.mp4,Crosses25+_,.mp4,2026-03-19,
45,0:14:39,0:14:50,Pass,S,FALSE,Crosses25+.mp4,Crosses25+_45.mp4,Crosses25+_,.mp4,2026-03-19,
46,0:15:01,0:15:13,Pass,E,FALSE,Crosses25+.mp4,Crosses25+_46.mp4,Crosses25+_,.mp4,2026-03-19,
47,0:15:20,0:15:29,Pass,S,FALSE,Crosses25+.mp4,Crosses25+_47.mp4,Crosses25+_,.mp4,2026-03-19,
48,0:15:34,0:15:43,Pass,E,FALSE,Crosses25+.mp4,Crosses25+_48.mp4,Crosses25+_,.mp4,2026-03-19,
49,0:15:52,0:15:59,Pass,S,FALSE,Crosses25+.mp4,Crosses25+_49.mp4,Crosses25+_,.mp4,2026-03-19,
50,0:16:05,0:16:13,Pass,E,FALSE,Crosses25+.mp4,Crosses25+_50.mp4,Crosses25+_,.mp4,2026-03-19,
51,0:16:28,0:16:40,Pass,S,FALSE,Crosses25+.mp4,Crosses25+_51.mp4,Crosses25+_,.mp4,2026-03-19,
52,0:16:49,0:17:01,Pass,E,FALSE,Crosses25+.mp4,Crosses25+_52.mp4,Crosses25+_,.mp4,2026-03-19,
53,0:17:17,0:17:27,Pass,S,FALSE,Crosses25+.mp4,Crosses25+_53.mp4,Crosses25+_,.mp4,2026-03-19,
54,0:17:35,0:17:42,Pass,E,FALSE,Crosses25+.mp4,Crosses25+_54.mp4,Crosses25+_,.mp4,2026-03-19,
55,0:17:57,0:18:07,Pass,S,FALSE,Crosses25+.mp4,Crosses25+_55.mp4,Crosses25+_,.mp4,2026-03-19,
56,0:18:17,0:18:27,Pass,E,FALSE,Crosses25+.mp4,Crosses25+_56.mp4,Crosses25+_,.mp4,2026-03-19,
57,0:18:44,0:18:57,Pass,S,FALSE,Crosses25+.mp4,Crosses25+_57.mp4,Crosses25+_,.mp4,2026-03-19,
58,0:19:03,0:19:11,Pass,E,FALSE,Crosses25+.mp4,Crosses25+_58.mp4,Crosses25+_,.mp4,2026-03-19,
59,0:19:26,0:19:35,Pass,S,FALSE,Crosses25+.mp4,Crosses25+_59.mp4,Crosses25+_,.mp4,2026-03-19,
60,0:19:47,0:19:55,Pass,E,FALSE,Crosses25+.mp4,Crosses25+_60.mp4,Crosses25+_,.mp4,2026-03-19,
61,0:20:10,0:20:19,Pass,S,FALSE,Crosses25+.mp4,Crosses25+_61.mp4,Crosses25+_,.mp4,2026-03-19,
62,0:20:23,0:20:32,Pass,E,FALSE,Crosses25+.mp4,Crosses25+_62.mp4,Crosses25+_,.mp4,2026-03-19,
63,0:20:41,0:20:48,Pass,S,FALSE,Crosses25+.mp4,Crosses25+_63.mp4,Crosses25+_,.mp4,2026-03-19,
64,0:20:58,0:21:04,Pass,E,FALSE,Crosses25+.mp4,Crosses25+_64.mp4,Crosses25+_,.mp4,2026-03-19,
65,0:21:13,0:21:21,Pass,S,FALSE,Crosses25+.mp4,Crosses25+_65.mp4,Crosses25+_,.mp4,2026-03-19,
66,0:21:24,0:21:34,Pass,E,FALSE,Crosses25+.mp4,Crosses25+_66.mp4,Crosses25+_,.mp4,2026-03-19,
67,0:21:46,0:21:54,Pass,S,FALSE,Crosses25+.mp4,Crosses25+_67.mp4,Crosses25+_,.mp4,2026-03-19,
68,0:22:07,0:22:15,Pass,E,FALSE,Crosses25+.mp4,Crosses25+_68.mp4,Crosses25+_,.mp4,2026-03-19,
69,0:22:26,0:22:34,Pass,S,FALSE,Crosses25+.mp4,Crosses25+_69.mp4,Crosses25+_,.mp4,2026-03-19,
70,0:22:44,0:22:52,Pass,E,FALSE,Crosses25+.mp4,Crosses25+_70.mp4,Crosses25+_,.mp4,2026-03-19,
71,0:23:03,0:23:10,Pass,S,FALSE,Crosses25+.mp4,Crosses25+_71.mp4,Crosses25+_,.mp4,2026-03-19,
72,0:23:20,0:23:28,Pass,E,FALSE,Crosses25+.mp4,Crosses25+_72.mp4,Crosses25+_,.mp4,2026-03-19,
73,0:23:45,0:23:54,Pass,S,FALSE,Crosses25+.mp4,Crosses25+_73.mp4,Crosses25+_,.mp4,2026-03-19,
74,0:24:02,0:24:11,Pass,E,FALSE,Crosses25+.mp4,Crosses25+_74.mp4,Crosses25+_,.mp4,2026-03-19,
75,0:24:23,0:24:33,Pass,S,FALSE,Crosses25+.mp4,Crosses25+_75.mp4,Crosses25+_,.mp4,2026-03-19,
76,0:24:43,0:24:52,Pass,E,FALSE,Crosses25+.mp4,Crosses25+_76.mp4,Crosses25+_,.mp4,2026-03-19,
77,0:25:07,0:25:16,Pass,S,FALSE,Crosses25+.mp4,Crosses25+_77.mp4,Crosses25+_,.mp4,2026-03-19,
78,0:25:29,0:25:38,Pass,E,FALSE,Crosses25+.mp4,Crosses25+_78.mp4,Crosses25+_,.mp4,2026-03-19,
79,0:25:50,0:25:58,Pass,S,FALSE,Crosses25+.mp4,Crosses25+_79.mp4,Crosses25+_,.mp4,2026-03-19,
80,0:26:08,0:26:16,Pass,E,FALSE,Crosses25+.mp4,Crosses25+_80.mp4,Crosses25+_,.mp4,2026-03-19,
81,0:26:30,0:26:38,Pass,S,FALSE,Crosses25+.mp4,Crosses25+_81.mp4,Crosses25+_,.mp4,2026-03-19,
82,0:26:45,0:26:53,Pass,E,FALSE,Crosses25+.mp4,Crosses25+_82.mp4,Crosses25+_,.mp4,2026-03-19,
83,0:27:01,0:27:09,Pass,S,FALSE,Crosses25+.mp4,Crosses25+_83.mp4,Crosses25+_,.mp4,2026-03-19,
84,0:27:16,0:27:23,Pass,E,FALSE,Crosses25+.mp4,Crosses25+_84.mp4,Crosses25+_,.mp4,2026-03-19,
85,0:27:31,0:27:38,Pass,S,FALSE,Crosses25+.mp4,Crosses25+_85.mp4,Crosses25+_,.mp4,2026-03-19,
86,0:27:44,0:27:51,Pass,E,FALSE,Crosses25+.mp4,Crosses25+_86.mp4,Crosses25+_,.mp4,2026-03-19,
87,0:28:15,0:28:23,Pass,S,FALSE,Crosses25+.mp4,Crosses25+_87.mp4,Crosses25+_,.mp4,2026-03-19,
88,0:28:45,0:28:53,Pass,E,FALSE,Crosses25+.mp4,Crosses25+_88.mp4,Crosses25+_,.mp4,2026-03-19,
89,0:29:02,0:29:15,Pass,S,FALSE,Crosses25+.mp4,Crosses25+_89.mp4,Crosses25+_,.mp4,2026-03-19,
90,0:29:19,0:29:31,Pass,E,FALSE,Crosses25+.mp4,Crosses25+_90.mp4,Crosses25+_,.mp4,2026-03-19,
91,0:29:47,0:29:54,Pass,S,FALSE,Crosses25+.mp4,Crosses25+_91.mp4,Crosses25+_,.mp4,2026-03-19,
92,0:30:12,0:30:20,Pass,E,FALSE,Crosses25+.mp4,Crosses25+_92.mp4,Crosses25+_,.mp4,2026-03-19,
93,0:30:27,0:30:38,Pass,S,FALSE,Crosses25+.mp4,Crosses25+_93.mp4,Crosses25+_,.mp4,2026-03-19,
94,0:30:43,0:30:54,Pass,E,FALSE,Crosses25+.mp4,Crosses25+_94.mp4,Crosses25+_,.mp4,2026-03-19,
95,0:31:07,0:31:14,Pass,S,FALSE,Crosses25+.mp4,Crosses25+_95.mp4,Crosses25+_,.mp4,2026-03-19,
96,0:31:23,0:31:31,Pass,E,FALSE,Crosses25+.mp4,Crosses25+_96.mp4,Crosses25+_,.mp4,2026-03-19,
97,0:31:44,0:31:51,Pass,S,FALSE,Crosses25+.mp4,Crosses25+_97.mp4,Crosses25+_,.mp4,2026-03-19,
98,0:32:02,0:32:09,Pass,E,FALSE,Crosses25+.mp4,Crosses25+_98.mp4,Crosses25+_,.mp4,2026-03-19,
99,0:32:26,0:32:34,Pass,S,FALSE,Crosses25+.mp4,Crosses25+_99.mp4,Crosses25+_,.mp4,2026-03-19,
100,0:32:45,0:32:53,Pass,E,FALSE,Crosses25+.mp4,Crosses25+_100.mp4,Crosses25+_,.mp4,2026-03-19,
101,0:32:59,0:33:07,Pass,S,FALSE,Crosses25+.mp4,Crosses25+_101.mp4,Crosses25+_,.mp4,2026-03-19,
102,0:33:12,0:33:19,Pass,E,FALSE,Crosses25+.mp4,Crosses25+_102.mp4,Crosses25+_,.mp4,2026-03-19,
103,0:33:30,0:33:36,Pass,S,FALSE,Crosses25+.mp4,Crosses25+_103.mp4,Crosses25+_,.mp4,2026-03-19,
104,0:33:48,0:33:55,Pass,E,FALSE,Crosses25+.mp4,Crosses25+_104.mp4,Crosses25+_,.mp4,2026-03-19,
105,0:34:12,0:34:19,Pass,S,FALSE,Crosses25+.mp4,Crosses25+_105.mp4,Crosses25+_,.mp4,2026-03-19,
106,0:34:29,0:34:36,Pass,E,FALSE,Crosses25+.mp4,Crosses25+_106.mp4,Crosses25+_,.mp4,2026-03-19,
107,0:34:47,0:34:58,Pass,S,FALSE,Crosses25+.mp4,Crosses25+_107.mp4,Crosses25+_,.mp4,2026-03-19,
108,0:35:02,0:35:12,Pass,E,FALSE,Crosses25+.mp4,Crosses25+_108.mp4,Crosses25+_,.mp4,2026-03-19,
109,0:35:21,0:35:28,Pass,S,FALSE,Crosses25+.mp4,Crosses25+_109.mp4,Crosses25+_,.mp4,2026-03-19,
110,0:35:33,0:35:40,Pass,E,FALSE,Crosses25+.mp4,Crosses25+_110.mp4,Crosses25+_,.mp4,2026-03-19,
1,0:00:11,0:00:16,Pass,S,FALSE,OutRoutes.mp4,OutRoutes1.mp4,OutRoutes,.mp4,2026-03-20,
2,0:00:30,0:00:36,Pass,E,FALSE,OutRoutes.mp4,OutRoutes2.mp4,OutRoutes,.mp4,2026-03-20,
3,0:00:44,0:00:50,Pass,S,FALSE,OutRoutes.mp4,OutRoutes3.mp4,OutRoutes,.mp4,2026-03-20,
4,0:00:54,0:00:59,Pass,E,FALSE,OutRoutes.mp4,OutRoutes4.mp4,OutRoutes,.mp4,2026-03-20,
5,0:01:12,0:01:17,Pass,S,FALSE,OutRoutes.mp4,OutRoutes5.mp4,OutRoutes,.mp4,2026-03-20,
6,0:01:24,0:01:30,Pass,E,FALSE,OutRoutes.mp4,OutRoutes6.mp4,OutRoutes,.mp4,2026-03-20,
7,0:01:41,0:01:47,Pass,S,FALSE,OutRoutes.mp4,OutRoutes7.mp4,OutRoutes,.mp4,2026-03-20,
8,0:01:55,0:02:01,Pass,E,FALSE,OutRoutes.mp4,OutRoutes8.mp4,OutRoutes,.mp4,2026-03-20,
9,0:02:14,0:02:22,Pass,S,FALSE,OutRoutes.mp4,OutRoutes9.mp4,OutRoutes,.mp4,2026-03-20,
10,0:02:28,0:02:35,Pass,E,FALSE,OutRoutes.mp4,OutRoutes10.mp4,OutRoutes,.mp4,2026-03-20,
11,0:02:48,0:02:55,Pass,S,FALSE,OutRoutes.mp4,OutRoutes11.mp4,OutRoutes,.mp4,2026-03-20,
12,0:03:00,0:03:07,Pass,E,FALSE,OutRoutes.mp4,OutRoutes12.mp4,OutRoutes,.mp4,2026-03-20,
13,0:03:15,0:03:22,Pass,S,FALSE,OutRoutes.mp4,OutRoutes13.mp4,OutRoutes,.mp4,2026-03-20,
14,0:03:28,0:03:35,Pass,E,FALSE,OutRoutes.mp4,OutRoutes14.mp4,OutRoutes,.mp4,2026-03-20,
15,0:03:43,0:03:48,Pass,S,FALSE,OutRoutes.mp4,OutRoutes15.mp4,OutRoutes,.mp4,2026-03-20,
16,0:03:55,0:04:00,Pass,E,FALSE,OutRoutes.mp4,OutRoutes16.mp4,OutRoutes,.mp4,2026-03-20,
17,0:04:15,0:04:21,Pass,S,FALSE,OutRoutes.mp4,OutRoutes17.mp4,OutRoutes,.mp4,2026-03-20,
18,0:04:34,0:04:39,Pass,E,FALSE,OutRoutes.mp4,OutRoutes18.mp4,OutRoutes,.mp4,2026-03-20,
19,0:04:49,0:04:53,Pass,S,FALSE,OutRoutes.mp4,OutRoutes19.mp4,OutRoutes,.mp4,2026-03-20,
20,0:04:59,0:05:04,Pass,E,FALSE,OutRoutes.mp4,OutRoutes20.mp4,OutRoutes,.mp4,2026-03-20,
21,0:05:13,0:05:21,Pass,S,FALSE,OutRoutes.mp4,OutRoutes21.mp4,OutRoutes,.mp4,2026-03-20,
22,0:05:34,0:05:42,Pass,E,FALSE,OutRoutes.mp4,OutRoutes22.mp4,OutRoutes,.mp4,2026-03-20,
23,0:05:50,0:05:56,Pass,S,FALSE,OutRoutes.mp4,OutRoutes23.mp4,OutRoutes,.mp4,2026-03-20,
24,0:06:01,0:06:06,Pass,E,FALSE,OutRoutes.mp4,OutRoutes24.mp4,OutRoutes,.mp4,2026-03-20,
25,0:06:15,0:06:24,Pass,S,FALSE,OutRoutes.mp4,OutRoutes25.mp4,OutRoutes,.mp4,2026-03-20,
26,0:06:30,0:06:39,Pass,E,FALSE,OutRoutes.mp4,OutRoutes26.mp4,OutRoutes,.mp4,2026-03-20,
27,0:06:50,0:06:59,Pass,S,FALSE,OutRoutes.mp4,OutRoutes27.mp4,OutRoutes,.mp4,2026-03-20,
28,0:07:11,0:07:19,Pass,E,FALSE,OutRoutes.mp4,OutRoutes28.mp4,OutRoutes,.mp4,2026-03-20,
29,0:07:25,0:07:31,Pass,S,FALSE,OutRoutes.mp4,OutRoutes29.mp4,OutRoutes,.mp4,2026-03-20,
30,0:07:37,0:07:44,Pass,E,FALSE,OutRoutes.mp4,OutRoutes30.mp4,OutRoutes,.mp4,2026-03-20,
31,0:07:53,0:08:01,Pass,S,FALSE,OutRoutes.mp4,OutRoutes31.mp4,OutRoutes,.mp4,2026-03-20,
32,0:08:07,0:08:15,Pass,E,FALSE,OutRoutes.mp4,OutRoutes32.mp4,OutRoutes,.mp4,2026-03-20,
33,0:08:31,0:08:36,Pass,S,FALSE,OutRoutes.mp4,OutRoutes33.mp4,OutRoutes,.mp4,2026-03-20,
34,0:08:49,0:08:54,Pass,E,FALSE,OutRoutes.mp4,OutRoutes34.mp4,OutRoutes,.mp4,2026-03-20,
35,0:09:07,0:09:19,Pass,S,FALSE,OutRoutes.mp4,OutRoutes35.mp4,OutRoutes,.mp4,2026-03-20,
36,0:09:29,0:09:40,Pass,E,FALSE,OutRoutes.mp4,OutRoutes36.mp4,OutRoutes,.mp4,2026-03-20,
37,0:09:50,0:10:03,Pass,S,FALSE,OutRoutes.mp4,OutRoutes37.mp4,OutRoutes,.mp4,2026-03-20,
38,0:10:12,0:10:25,Pass,E,FALSE,OutRoutes.mp4,OutRoutes38.mp4,OutRoutes,.mp4,2026-03-20,
39,0:10:30,0:10:37,Pass,S,FALSE,OutRoutes.mp4,OutRoutes39.mp4,OutRoutes,.mp4,2026-03-20,
40,0:10:44,0:10:50,Pass,E,FALSE,OutRoutes.mp4,OutRoutes40.mp4,OutRoutes,.mp4,2026-03-20,
41,0:11:04,0:11:12,Pass,S,FALSE,OutRoutes.mp4,OutRoutes41.mp4,OutRoutes,.mp4,2026-03-20,
42,0:11:25,0:11:32,Pass,E,FALSE,OutRoutes.mp4,OutRoutes42.mp4,OutRoutes,.mp4,2026-03-20,
43,0:11:44,0:11:51,Pass,S,FALSE,OutRoutes.mp4,OutRoutes43.mp4,OutRoutes,.mp4,2026-03-20,
44,0:12:00,0:12:06,Pass,E,FALSE,OutRoutes.mp4,OutRoutes44.mp4,OutRoutes,.mp4,2026-03-20,
45,0:12:17,0:12:22,Pass,S,FALSE,OutRoutes.mp4,OutRoutes45.mp4,OutRoutes,.mp4,2026-03-20,
46,0:12:30,0:12:36,Pass,E,FALSE,OutRoutes.mp4,OutRoutes46.mp4,OutRoutes,.mp4,2026-03-20,
47,0:12:48,0:12:55,Pass,S,FALSE,OutRoutes.mp4,OutRoutes47.mp4,OutRoutes,.mp4,2026-03-20,
48,0:13:04,0:13:12,Pass,E,FALSE,OutRoutes.mp4,OutRoutes48.mp4,OutRoutes,.mp4,2026-03-20,
49,0:13:24,0:13:33,Pass,S,FALSE,OutRoutes.mp4,OutRoutes49.mp4,OutRoutes,.mp4,2026-03-20,
50,0:13:42,0:13:49,Pass,E,FALSE,OutRoutes.mp4,OutRoutes50.mp4,OutRoutes,.mp4,2026-03-20,
51,0:14:01,0:14:06,Pass,S,FALSE,OutRoutes.mp4,OutRoutes51.mp4,OutRoutes,.mp4,2026-03-20,
52,0:14:14,0:14:19,Pass,E,FALSE,OutRoutes.mp4,OutRoutes52.mp4,OutRoutes,.mp4,2026-03-20,
53,0:14:36,0:14:41,Pass,S,FALSE,OutRoutes.mp4,OutRoutes53.mp4,OutRoutes,.mp4,2026-03-20,
54,0:14:54,0:14:59,Pass,E,FALSE,OutRoutes.mp4,OutRoutes54.mp4,OutRoutes,.mp4,2026-03-20,
55,0:15:14,0:15:20,Pass,S,FALSE,OutRoutes.mp4,OutRoutes55.mp4,OutRoutes,.mp4,2026-03-20,
56,0:15:30,0:15:35,Pass,E,FALSE,OutRoutes.mp4,OutRoutes56.mp4,OutRoutes,.mp4,2026-03-20,
57,0:15:48,0:15:53,Pass,S,FALSE,OutRoutes.mp4,OutRoutes57.mp4,OutRoutes,.mp4,2026-03-20,
58,0:16:03,0:16:07,Pass,E,FALSE,OutRoutes.mp4,OutRoutes58.mp4,OutRoutes,.mp4,2026-03-20,
59,0:16:20,0:16:26,Pass,S,FALSE,OutRoutes.mp4,OutRoutes59.mp4,OutRoutes,.mp4,2026-03-20,
60,0:16:36,0:16:42,Pass,E,FALSE,OutRoutes.mp4,OutRoutes60.mp4,OutRoutes,.mp4,2026-03-20,
61,0:16:55,0:17:03,Pass,S,FALSE,OutRoutes.mp4,OutRoutes61.mp4,OutRoutes,.mp4,2026-03-20,
62,0:17:15,0:17:25,Pass,E,FALSE,OutRoutes.mp4,OutRoutes62.mp4,OutRoutes,.mp4,2026-03-20,
63,0:17:40,0:17:47,Pass,S,FALSE,OutRoutes.mp4,OutRoutes63.mp4,OutRoutes,.mp4,2026-03-20,
64,0:17:56,0:18:02,Pass,E,FALSE,OutRoutes.mp4,OutRoutes64.mp4,OutRoutes,.mp4,2026-03-20,
65,0:18:12,0:18:20,Pass,S,FALSE,OutRoutes.mp4,OutRoutes65.mp4,OutRoutes,.mp4,2026-03-20,
66,0:18:28,0:18:35,Pass,E,FALSE,OutRoutes.mp4,OutRoutes66.mp4,OutRoutes,.mp4,2026-03-20,
67,0:18:49,0:18:57,Pass,S,FALSE,OutRoutes.mp4,OutRoutes67.mp4,OutRoutes,.mp4,2026-03-20,
68,0:19:07,0:19:14,Pass,E,FALSE,OutRoutes.mp4,OutRoutes68.mp4,OutRoutes,.mp4,2026-03-20,
69,0:19:22,0:19:36,Pass,S,FALSE,OutRoutes.mp4,OutRoutes69.mp4,OutRoutes,.mp4,2026-03-20,
70,0:19:43,0:19:56,Pass,E,FALSE,OutRoutes.mp4,OutRoutes70.mp4,OutRoutes,.mp4,2026-03-20,
71,0:20:13,0:20:21,Pass,S,FALSE,OutRoutes.mp4,OutRoutes71.mp4,OutRoutes,.mp4,2026-03-20,
72,0:20:31,0:20:39,Pass,E,FALSE,OutRoutes.mp4,OutRoutes72.mp4,OutRoutes,.mp4,2026-03-20,
73,0:20:52,0:20:58,Pass,S,FALSE,OutRoutes.mp4,OutRoutes73.mp4,OutRoutes,.mp4,2026-03-20,
74,0:21:02,0:21:08,Pass,E,FALSE,OutRoutes.mp4,OutRoutes74.mp4,OutRoutes,.mp4,2026-03-20,
75,0:21:19,0:21:25,Pass,S,FALSE,OutRoutes.mp4,OutRoutes75.mp4,OutRoutes,.mp4,2026-03-20,
76,0:21:31,0:21:37,Pass,E,FALSE,OutRoutes.mp4,OutRoutes76.mp4,OutRoutes,.mp4,2026-03-20,
77,0:21:58,0:22:05,Pass,S,FALSE,OutRoutes.mp4,OutRoutes77.mp4,OutRoutes,.mp4,2026-03-20,
78,0:22:24,0:22:30,Pass,E,FALSE,OutRoutes.mp4,OutRoutes78.mp4,OutRoutes,.mp4,2026-03-20,
79,0:22:47,0:22:54,Pass,S,FALSE,OutRoutes.mp4,OutRoutes79.mp4,OutRoutes,.mp4,2026-03-20,
80,0:23:09,0:23:14,Pass,E,FALSE,OutRoutes.mp4,OutRoutes80.mp4,OutRoutes,.mp4,2026-03-20,
81,0:23:26,0:23:32,Pass,S,FALSE,OutRoutes.mp4,OutRoutes81.mp4,OutRoutes,.mp4,2026-03-20,
82,0:23:40,0:23:46,Pass,E,FALSE,OutRoutes.mp4,OutRoutes82.mp4,OutRoutes,.mp4,2026-03-20,
83,0:23:55,0:24:01,Pass,S,FALSE,OutRoutes.mp4,OutRoutes83.mp4,OutRoutes,.mp4,2026-03-20,
84,0:24:07,0:24:13,Pass,E,FALSE,OutRoutes.mp4,OutRoutes84.mp4,OutRoutes,.mp4,2026-03-20,
85,0:24:23,0:24:29,Pass,S,FALSE,OutRoutes.mp4,OutRoutes85.mp4,OutRoutes,.mp4,2026-03-20,
86,0:24:34,0:24:38,Pass,E,FALSE,OutRoutes.mp4,OutRoutes86.mp4,OutRoutes,.mp4,2026-03-20,
87,0:24:53,0:25:00,Pass,S,FALSE,OutRoutes.mp4,OutRoutes87.mp4,OutRoutes,.mp4,2026-03-20,
88,0:25:08,0:25:15,Pass,E,FALSE,OutRoutes.mp4,OutRoutes88.mp4,OutRoutes,.mp4,2026-03-20,
89,0:25:24,0:25:32,Pass,S,FALSE,OutRoutes.mp4,OutRoutes89.mp4,OutRoutes,.mp4,2026-03-20,
90,0:25:39,0:25:46,Pass,E,FALSE,OutRoutes.mp4,OutRoutes90.mp4,OutRoutes,.mp4,2026-03-20,
91,0:26:02,0:26:07,Pass,S,FALSE,OutRoutes.mp4,OutRoutes91.mp4,OutRoutes,.mp4,2026-03-20,
92,0:26:20,0:26:25,Pass,E,FALSE,OutRoutes.mp4,OutRoutes92.mp4,OutRoutes,.mp4,2026-03-20,
93,0:26:38,0:26:44,Pass,S,FALSE,OutRoutes.mp4,OutRoutes93.mp4,OutRoutes,.mp4,2026-03-20,
94,0:26:55,0:27:02,Pass,E,FALSE,OutRoutes.mp4,OutRoutes94.mp4,OutRoutes,.mp4,2026-03-20,
95,0:27:12,0:27:18,Pass,S,FALSE,OutRoutes.mp4,OutRoutes95.mp4,OutRoutes,.mp4,2026-03-20,
96,0:27:27,0:27:32,Pass,E,FALSE,OutRoutes.mp4,OutRoutes96.mp4,OutRoutes,.mp4,2026-03-20,
97,0:27:42,0:27:51,Pass,S,FALSE,OutRoutes.mp4,OutRoutes97.mp4,OutRoutes,.mp4,2026-03-20,
98,0:27:57,0:28:04,Pass,E,FALSE,OutRoutes.mp4,OutRoutes98.mp4,OutRoutes,.mp4,2026-03-20,
99,0:28:17,0:28:25,Pass,S,FALSE,OutRoutes.mp4,OutRoutes99.mp4,OutRoutes,.mp4,2026-03-20,
100,0:28:34,0:28:44,Pass,E,FALSE,OutRoutes.mp4,OutRoutes100.mp4,OutRoutes,.mp4,2026-03-20,
101,0:29:12,0:29:20,Pass,S,FALSE,OutRoutes.mp4,OutRoutes101.mp4,OutRoutes,.mp4,2026-03-20,
102,0:29:42,0:29:50,Pass,E,FALSE,OutRoutes.mp4,OutRoutes102.mp4,OutRoutes,.mp4,2026-03-20,
103,0:30:07,0:30:13,Pass,S,FALSE,OutRoutes.mp4,OutRoutes103.mp4,OutRoutes,.mp4,2026-03-20,
104,0:30:22,0:30:28,Pass,E,FALSE,OutRoutes.mp4,OutRoutes104.mp4,OutRoutes,.mp4,2026-03-20,
105,0:30:43,0:30:51,Pass,S,FALSE,OutRoutes.mp4,OutRoutes105.mp4,OutRoutes,.mp4,2026-03-20,
106,0:30:58,0:31:05,Pass,E,FALSE,OutRoutes.mp4,OutRoutes106.mp4,OutRoutes,.mp4,2026-03-20,
107,0:31:22,0:31:28,Pass,S,FALSE,OutRoutes.mp4,OutRoutes107.mp4,OutRoutes,.mp4,2026-03-20,
108,0:31:37,0:31:42,Pass,E,FALSE,OutRoutes.mp4,OutRoutes108.mp4,OutRoutes,.mp4,2026-03-20,
109,0:31:54,0:32:00,Pass,S,FALSE,OutRoutes.mp4,OutRoutes109.mp4,OutRoutes,.mp4,2026-03-20,
110,0:32:14,0:32:22,Pass,E,FALSE,OutRoutes.mp4,OutRoutes110.mp4,OutRoutes,.mp4,2026-03-20,
111,0:32:33,0:32:40,Pass,S,FALSE,OutRoutes.mp4,OutRoutes111.mp4,OutRoutes,.mp4,2026-03-20,
112,0:32:46,0:32:52,Pass,E,FALSE,OutRoutes.mp4,OutRoutes112.mp4,OutRoutes,.mp4,2026-03-20,
113,0:33:08,0:33:15,Pass,S,FALSE,OutRoutes.mp4,OutRoutes113.mp4,OutRoutes,.mp4,2026-03-20,
114,0:33:34,0:33:45,Pass,E,FALSE,OutRoutes.mp4,OutRoutes114.mp4,OutRoutes,.mp4,2026-03-20,
115,0:33:54,0:34:03,Pass,S,FALSE,OutRoutes.mp4,OutRoutes115.mp4,OutRoutes,.mp4,2026-03-20,
116,0:34:15,0:34:21,Pass,E,FALSE,OutRoutes.mp4,OutRoutes116.mp4,OutRoutes,.mp4,2026-03-20,
117,0:34:29,0:34:36,Pass,S,FALSE,OutRoutes.mp4,OutRoutes117.mp4,OutRoutes,.mp4,2026-03-20,
118,0:34:45,0:34:51,Pass,E,FALSE,OutRoutes.mp4,OutRoutes118.mp4,OutRoutes,.mp4,2026-03-20,
119,0:35:01,0:35:07,Pass,S,FALSE,OutRoutes.mp4,OutRoutes119.mp4,OutRoutes,.mp4,2026-03-20,
120,0:35:16,0:35:21,Pass,E,FALSE,OutRoutes.mp4,OutRoutes120.mp4,OutRoutes,.mp4,2026-03-20,
121,0:35:36,0:35:43,Pass,S,FALSE,OutRoutes.mp4,OutRoutes121.mp4,OutRoutes,.mp4,2026-03-20,
122,0:35:56,0:36:02,Pass,E,FALSE,OutRoutes.mp4,OutRoutes122.mp4,OutRoutes,.mp4,2026-03-20,
123,0:36:17,0:36:26,Pass,S,FALSE,OutRoutes.mp4,OutRoutes123.mp4,OutRoutes,.mp4,2026-03-20,
124,0:36:38,0:36:47,Pass,E,FALSE,OutRoutes.mp4,OutRoutes124.mp4,OutRoutes,.mp4,2026-03-20,
125,0:37:01,0:37:07,Pass,S,FALSE,OutRoutes.mp4,OutRoutes125.mp4,OutRoutes,.mp4,2026-03-20,
126,0:37:18,0:37:24,Pass,E,FALSE,OutRoutes.mp4,OutRoutes126.mp4,OutRoutes,.mp4,2026-03-20,
127,0:37:37,0:37:43,Pass,S,FALSE,OutRoutes.mp4,OutRoutes127.mp4,OutRoutes,.mp4,2026-03-20,
128,0:37:52,0:37:58,Pass,E,FALSE,OutRoutes.mp4,OutRoutes128.mp4,OutRoutes,.mp4,2026-03-20,
129,0:38:11,0:38:17,Pass,S,FALSE,OutRoutes.mp4,OutRoutes129.mp4,OutRoutes,.mp4,2026-03-20,
130,0:38:25,0:38:31,Pass,E,FALSE,OutRoutes.mp4,OutRoutes130.mp4,OutRoutes,.mp4,2026-03-20,
131,0:38:45,0:38:53,Pass,S,FALSE,OutRoutes.mp4,OutRoutes131.mp4,OutRoutes,.mp4,2026-03-20,
132,0:39:03,0:39:10,Pass,E,FALSE,OutRoutes.mp4,OutRoutes132.mp4,OutRoutes,.mp4,2026-03-20,
133,0:39:24,0:39:30,Pass,S,FALSE,OutRoutes.mp4,OutRoutes133.mp4,OutRoutes,.mp4,2026-03-20,
134,0:39:39,0:39:45,Pass,E,FALSE,OutRoutes.mp4,OutRoutes134.mp4,OutRoutes,.mp4,2026-03-20,
135,0:40:02,0:40:04,Pass,S,FALSE,OutRoutes.mp4,OutRoutes135.mp4,OutRoutes,.mp4,2026-03-20,
136,0:40:17,0:40:25,Pass,E,FALSE,OutRoutes.mp4,OutRoutes136.mp4,OutRoutes,.mp4,2026-03-20,
137,0:40:31,0:40:40,Pass,S,FALSE,OutRoutes.mp4,OutRoutes137.mp4,OutRoutes,.mp4,2026-03-20,
138,0:40:46,0:40:54,Pass,E,FALSE,OutRoutes.mp4,OutRoutes138.mp4,OutRoutes,.mp4,2026-03-20,
139,0:41:04,0:41:10,Pass,S,FALSE,OutRoutes.mp4,OutRoutes139.mp4,OutRoutes,.mp4,2026-03-20,
140,0:41:15,0:41:20,Pass,E,FALSE,OutRoutes.mp4,OutRoutes140.mp4,OutRoutes,.mp4,2026-03-20,
141,0:41:35,0:41:44,Pass,S,FALSE,OutRoutes.mp4,OutRoutes141.mp4,OutRoutes,.mp4,2026-03-20,
142,0:41:54,0:42:03,Pass,E,FALSE,OutRoutes.mp4,OutRoutes142.mp4,OutRoutes,.mp4,2026-03-20,
143,0:42:15,0:42:21,Pass,S,FALSE,OutRoutes.mp4,OutRoutes143.mp4,OutRoutes,.mp4,2026-03-20,
144,0:42:29,0:42:36,Pass,E,FALSE,OutRoutes.mp4,OutRoutes144.mp4,OutRoutes,.mp4,2026-03-20,
145,0:42:42,0:42:50,Pass,S,FALSE,OutRoutes.mp4,OutRoutes145.mp4,OutRoutes,.mp4,2026-03-20,
146,0:42:53,0:43:02,Pass,E,FALSE,OutRoutes.mp4,OutRoutes146.mp4,OutRoutes,.mp4,2026-03-20,
147,0:43:12,0:43:17,Pass,S,FALSE,OutRoutes.mp4,OutRoutes147.mp4,OutRoutes,.mp4,2026-03-20,
148,0:43:31,0:43:36,Pass,E,FALSE,OutRoutes.mp4,OutRoutes148.mp4,OutRoutes,.mp4,2026-03-20,
149,0:43:48,0:43:53,Pass,S,FALSE,OutRoutes.mp4,OutRoutes149.mp4,OutRoutes,.mp4,2026-03-20,
150,0:43:57,0:44:02,Pass,E,FALSE,OutRoutes.mp4,OutRoutes150.mp4,OutRoutes,.mp4,2026-03-20,
151,0:44:12,0:44:17,Pass,S,FALSE,OutRoutes.mp4,OutRoutes151.mp4,OutRoutes,.mp4,2026-03-20,
152,0:44:22,0:44:27,Pass,E,FALSE,OutRoutes.mp4,OutRoutes152.mp4,OutRoutes,.mp4,2026-03-20,
153,0:44:43,0:44:49,Pass,S,FALSE,OutRoutes.mp4,OutRoutes153.mp4,OutRoutes,.mp4,2026-03-20,
154,0:45:06,0:45:07,Pass,E,FALSE,OutRoutes.mp4,OutRoutes154.mp4,OutRoutes,.mp4,2026-03-20,
1,0:00:04,0:00:17,Pass,S,FALSE,dagger-clip2_raw.mp4,DaggerConcept_1.mp4,DaggerConcept_,.mp4,2026-03-20,
2,0:00:23,0:00:37,Pass,E,FALSE,dagger-clip2_raw.mp4,DaggerConcept_2.mp4,DaggerConcept_,.mp4,2026-03-20,
3,0:00:40,0:00:52,Pass,S,FALSE,dagger-clip2_raw.mp4,DaggerConcept_3.mp4,DaggerConcept_,.mp4,2026-03-20,
4,0:00:58,0:01:10,Pass,E,FALSE,dagger-clip2_raw.mp4,DaggerConcept_4.mp4,DaggerConcept_,.mp4,2026-03-20,
5,0:01:16,0:01:34,Pass,S,FALSE,dagger-clip2_raw.mp4,DaggerConcept_5.mp4,DaggerConcept_,.mp4,2026-03-20,
6,0:00:11,0:00:26,Pass,S,FALSE,dagger-clip5_raw.mp4,DaggerConcept_6.mp4,DaggerConcept_,.mp4,2026-03-20,
7,0:00:30,0:00:46,Pass,E,FALSE,dagger-clip5_raw.mp4,DaggerConcept_7.mp4,DaggerConcept_,.mp4,2026-03-20,
8,0:00:51,0:01:05,Pass,S,FALSE,dagger-clip5_raw.mp4,DaggerConcept_8.mp4,DaggerConcept_,.mp4,2026-03-20,
9,0:01:07,0:01:20,Pass,E,FALSE,dagger-clip5_raw.mp4,DaggerConcept_9.mp4,DaggerConcept_,.mp4,2026-03-20,
10,0:00:00,0:00:10,Pass,S,FALSE,dagger-clip6_raw.mp4,DaggerConcept_10.mp4,DaggerConcept_,.mp4,2026-03-20,
11,0:00:13,0:00:24,Pass,E,FALSE,dagger-clip6_raw.mp4,DaggerConcept_11.mp4,DaggerConcept_,.mp4,2026-03-20,
12,0:00:28,0:00:39,Pass,S,FALSE,dagger-clip6_raw.mp4,DaggerConcept_12.mp4,DaggerConcept_,.mp4,2026-03-20,
13,0:00:43,0:00:54,Pass,E,FALSE,dagger-clip6_raw.mp4,DaggerConcept_13.mp4,DaggerConcept_,.mp4,2026-03-20,
14,0:00:57,0:01:13,Pass,S,FALSE,dagger-clip6_raw.mp4,DaggerConcept_14.mp4,DaggerConcept_,.mp4,2026-03-20,
15,0:01:16,0:01:32,Pass,E,FALSE,dagger-clip6_raw.mp4,DaggerConcept_15.mp4,DaggerConcept_,.mp4,2026-03-20,
16,0:01:36,0:01:54,Pass,S,FALSE,dagger-clip6_raw.mp4,DaggerConcept_16.mp4,DaggerConcept_,.mp4,2026-03-20,
17,0:01:58,0:02:17,Pass,E,FALSE,dagger-clip6_raw.mp4,DaggerConcept_17.mp4,DaggerConcept_,.mp4,2026-03-20,
18,0:02:21,0:02:32,Pass,S,FALSE,dagger-clip6_raw.mp4,DaggerConcept_18.mp4,DaggerConcept_,.mp4,2026-03-20,
19,0:02:36,0:02:46,Pass,E,FALSE,dagger-clip6_raw.mp4,DaggerConcept_19.mp4,DaggerConcept_,.mp4,2026-03-20,
20,0:02:54,0:03:08,Pass,S,FALSE,dagger-clip6_raw.mp4,DriveConcept_20.mp4,DriveConcept_,.mp4,2026-03-20,
21,0:03:16,0:03:30,Pass,E,FALSE,dagger-clip6_raw.mp4,DriveConcept_21.mp4,DriveConcept_,.mp4,2026-03-20,
22,0:03:32,0:03:47,Pass,S,FALSE,dagger-clip6_raw.mp4,GoRoute_22.mp4,GoRoute_,.mp4,2026-03-20,
23,0:03:51,0:04:04,Pass,S,FALSE,dagger-clip6_raw.mp4,GoRoute_23.mp4,GoRoute_,.mp4,2026-03-20,
24,0:00:03,0:00:14,Pass,S,TRUE,https://www.youtube.com/watch?v=yvcFhnpkZ_g&list=PLAWLwYJbnMHskP_OFBwWsv_LZCRWRqneA,DaggerConcept_24.mp4,DaggerConcept_,.mp4,2026-03-20,
25,0:00:18,0:00:28,Pass,E,TRUE,DaggerConcept_24_raw.mp4,DaggerConcept_25.mp4,DaggerConcept_,.mp4,2026-03-20,
26,0:00:36,0:00:52,Pass,S,TRUE,DaggerConcept_24_raw.mp4,DaggerConcept_26.mp4,DaggerConcept_,.mp4,2026-03-20,
27,0:00:57,0:01:09,Pass,E,TRUE,DaggerConcept_24_raw.mp4,DaggerConcept_27.mp4,DaggerConcept_,.mp4,2026-03-20,
28,0:01:16,0:01:29,Pass,S,TRUE,DaggerConcept_24_raw.mp4,DaggerConcept_28.mp4,DaggerConcept_,.mp4,2026-03-20,
29,0:01:32,0:01:43,Pass,E,TRUE,DaggerConcept_24_raw.mp4,DaggerConcept_29.mp4,DaggerConcept_,.mp4,2026-03-20,
30,0:01:49,0:02:00,Pass,S,TRUE,DaggerConcept_24_raw.mp4,DaggerConcept_30.mp4,DaggerConcept_,.mp4,2026-03-20,
31,0:02:08,0:02:20,Pass,E,TRUE,DaggerConcept_24_raw.mp4,DaggerConcept_31.mp4,DaggerConcept_,.mp4,2026-03-20,
32,0:02:26,0:02:40,Pass,S,TRUE,DaggerConcept_24_raw.mp4,DaggerConcept_32.mp4,DaggerConcept_,.mp4,2026-03-20,
33,0:02:44,0:02:57,Pass,E,TRUE,DaggerConcept_24_raw.mp4,DaggerConcept_33.mp4,DaggerConcept_,.mp4,2026-03-20,
34,0:03:04,0:03:14,Pass,S,TRUE,DaggerConcept_24_raw.mp4,DaggerConcept_34.mp4,DaggerConcept_,.mp4,2026-03-20,
35,0:03:19,0:03:26,Pass,E,TRUE,DaggerConcept_24_raw.mp4,DaggerConcept_35.mp4,DaggerConcept_,.mp4,2026-03-20,
36,0:03:32,0:03:47,Pass,S,TRUE,DaggerConcept_24_raw.mp4,DaggerConcept_36.mp4,DaggerConcept_,.mp4,2026-03-20,
37,0:03:51,0:04:03,Pass,E,TRUE,DaggerConcept_24_raw.mp4,DaggerConcept_37.mp4,DaggerConcept_,.mp4,2026-03-20,
38,0:00:00,0:00:19,Pass,S,TRUE,https://www.youtube.com/watch?v=EmyMDNPfqGI,DaggerConcept_38.mp4,DaggerConcept_,.mp4,2026-03-20,
39,0:00:00,0:00:09,Pass,S,TRUE,https://www.youtube.com/watch?v=xoMwWVEiybs,DaggerConcept_39.mp4,DaggerConcept_,.mp4,2026-03-20,
40,0:00:14,0:00:22,Pass,E,TRUE,https://www.youtube.com/watch?v=xoMwWVEiybs,DaggerConcept_40.mp4,DaggerConcept_,.mp4,2026-03-20,
41,0:00:04,0:00:23,Pass,S,TRUE,https://www.youtube.com/watch?v=0w7X9GU5q1c,DaggerConcept_41.mp4,DaggerConcept_,.mp4,2026-03-20,
42,0:00:27,0:00:36,Pass,E,TRUE,https://www.youtube.com/watch?v=0w7X9GU5q1c,DaggerConcept_42.mp4,DaggerConcept_,.mp4,2026-03-20,
43,0:00:43,0:01:03,Drive,S,TRUE,https://www.youtube.com/watch?v=0w7X9GU5q1c,DriveConcept_43.mp4,DriveConcept_,.mp4,2026-03-20,
44,0:01:26,0:01:37,Pass,S,TRUE,https://www.youtube.com/watch?v=0w7X9GU5q1c,DaggerConcept_44.mp4,DaggerConcept_,.mp4,2026-03-20,
45,0:01:48,0:01:57,Pass,E,TRUE,https://www.youtube.com/watch?v=0w7X9GU5q1c,DaggerConcept_45.mp4,DaggerConcept_,.mp4,2026-03-20,
46,0:02:34,0:02:45,Pass,S,TRUE,https://www.youtube.com/watch?v=0w7X9GU5q1c,DaggerConcept_46.mp4,DaggerConcept_,.mp4,2026-03-20,
47,0:02:47,0:02:56,Pass,E,TRUE,https://www.youtube.com/watch?v=0w7X9GU5q1c,DaggerConcept_47.mp4,DaggerConcept_,.mp4,2026-03-20,
48,0:03:46,0:03:59,Pass,S,TRUE,https://www.youtube.com/watch?v=0w7X9GU5q1c,DaggerConcept_48.mp4,DaggerConcept_,.mp4,2026-03-20,
1,0:04:47,0:04:56,Pass,E,FALSE,Hitch9to15.mp4,Hitch9to15_1.mp4,Hitch9to15_,.mp4,2026-03-20,
2,0:05:03,0:05:11,Pass,S,FALSE,Hitch9to15.mp4,Hitch9to15_2.mp4,Hitch9to15_,.mp4,2026-03-20,
3,0:05:17,0:05:25,Pass,E,FALSE,Hitch9to15.mp4,Hitch9to15_3.mp4,Hitch9to15_,.mp4,2026-03-20,
4,0:05:37,0:05:49,Pass,S,FALSE,Hitch9to15.mp4,Hitch9to15_4.mp4,Hitch9to15_,.mp4,2026-03-20,
5,0:05:57,0:06:08,Pass,E,FALSE,Hitch9to15.mp4,Hitch9to15_5.mp4,Hitch9to15_,.mp4,2026-03-20,
6,0:06:19,0:06:28,Pass,S,FALSE,Hitch9to15.mp4,Hitch9to15_6.mp4,Hitch9to15_,.mp4,2026-03-20,
7,0:06:38,0:06:47,Pass,E,FALSE,Hitch9to15.mp4,Hitch9to15_7.mp4,Hitch9to15_,.mp4,2026-03-20,
8,0:07:03,0:07:12,Pass,S,FALSE,Hitch9to15.mp4,Hitch9to15_8.mp4,Hitch9to15_,.mp4,2026-03-20,
9,0:07:18,0:07:27,Pass,E,FALSE,Hitch9to15.mp4,Hitch9to15_9.mp4,Hitch9to15_,.mp4,2026-03-20,
10,0:07:34,0:07:42,Pass,S,FALSE,Hitch9to15.mp4,Hitch9to15_10.mp4,Hitch9to15_,.mp4,2026-03-20,
11,0:07:47,0:07:54,Pass,E,FALSE,Hitch9to15.mp4,Hitch9to15_11.mp4,Hitch9to15_,.mp4,2026-03-20,
12,0:08:01,0:08:10,Pass,S,FALSE,Hitch9to15.mp4,Hitch9to15_12.mp4,Hitch9to15_,.mp4,2026-03-20,
13,0:08:15,0:08:23,Pass,E,FALSE,Hitch9to15.mp4,Hitch9to15_13.mp4,Hitch9to15_,.mp4,2026-03-20,
14,0:08:37,0:08:45,Pass,S,FALSE,Hitch9to15.mp4,Hitch9to15_14.mp4,Hitch9to15_,.mp4,2026-03-20,
15,0:08:53,0:09:01,Pass,E,FALSE,Hitch9to15.mp4,Hitch9to15_15.mp4,Hitch9to15_,.mp4,2026-03-20,
16,0:09:13,0:09:21,Pass,S,FALSE,Hitch9to15.mp4,Hitch9to15_16.mp4,Hitch9to15_,.mp4,2026-03-20,
17,0:09:29,0:09:37,Pass,E,FALSE,Hitch9to15.mp4,Hitch9to15_17.mp4,Hitch9to15_,.mp4,2026-03-20,
18,0:09:52,0:09:59,Pass,S,FALSE,Hitch9to15.mp4,Hitch9to15_18.mp4,Hitch9to15_,.mp4,2026-03-20,
19,0:10:10,0:10:16,Pass,E,FALSE,Hitch9to15.mp4,Hitch9to15_19.mp4,Hitch9to15_,.mp4,2026-03-20,
20,0:10:35,0:10:42,Pass,S,FALSE,Hitch9to15.mp4,Hitch9to15_20.mp4,Hitch9to15_,.mp4,2026-03-20,
21,0:10:57,0:11:04,Pass,E,FALSE,Hitch9to15.mp4,Hitch9to15_21.mp4,Hitch9to15_,.mp4,2026-03-20,
22,0:11:16,0:11:26,Pass,S,FALSE,Hitch9to15.mp4,Hitch9to15_22.mp4,Hitch9to15_,.mp4,2026-03-20,
23,0:11:29,0:11:38,Pass,E,FALSE,Hitch9to15.mp4,Hitch9to15_23.mp4,Hitch9to15_,.mp4,2026-03-20,
24,0:11:47,0:11:56,Pass,S,FALSE,Hitch9to15.mp4,Hitch9to15_24.mp4,Hitch9to15_,.mp4,2026-03-20,
25,0:12:01,0:12:10,Pass,E,FALSE,Hitch9to15.mp4,Hitch9to15_25.mp4,Hitch9to15_,.mp4,2026-03-20,
26,0:12:19,0:12:26,Pass,S,FALSE,Hitch9to15.mp4,Hitch9to15_26.mp4,Hitch9to15_,.mp4,2026-03-20,
27,0:12:32,0:12:40,Pass,E,FALSE,Hitch9to15.mp4,Hitch9to15_27.mp4,Hitch9to15_,.mp4,2026-03-20,
28,0:12:50,0:12:57,Pass,S,FALSE,Hitch9to15.mp4,Hitch9to15_28.mp4,Hitch9to15_,.mp4,2026-03-20,
29,0:13:02,0:13:09,Pass,E,FALSE,Hitch9to15.mp4,Hitch9to15_29.mp4,Hitch9to15_,.mp4,2026-03-20,
30,0:13:23,0:13:31,Pass,S,FALSE,Hitch9to15.mp4,Hitch9to15_30.mp4,Hitch9to15_,.mp4,2026-03-20,
31,0:13:41,0:13:50,Pass,E,FALSE,Hitch9to15.mp4,Hitch9to15_31.mp4,Hitch9to15_,.mp4,2026-03-20,
32,0:14:07,0:14:14,Pass,S,FALSE,Hitch9to15.mp4,Hitch9to15_32.mp4,Hitch9to15_,.mp4,2026-03-20,
33,0:14:31,0:14:38,Pass,E,FALSE,Hitch9to15.mp4,Hitch9to15_33.mp4,Hitch9to15_,.mp4,2026-03-20,
34,0:14:47,0:14:55,Pass,S,FALSE,Hitch9to15.mp4,Hitch9to15_34.mp4,Hitch9to15_,.mp4,2026-03-20,
35,0:15:04,0:15:11,Pass,E,FALSE,Hitch9to15.mp4,Hitch9to15_35.mp4,Hitch9to15_,.mp4,2026-03-20,
36,0:15:21,0:15:28,Pass,S,FALSE,Hitch9to15.mp4,Hitch9to15_36.mp4,Hitch9to15_,.mp4,2026-03-20,
37,0:15:34,0:15:41,Pass,E,FALSE,Hitch9to15.mp4,Hitch9to15_37.mp4,Hitch9to15_,.mp4,2026-03-20,
38,0:15:53,0:16:00,Pass,S,FALSE,Hitch9to15.mp4,Hitch9to15_38.mp4,Hitch9to15_,.mp4,2026-03-20,
39,0:16:10,0:16:19,Pass,E,FALSE,Hitch9to15.mp4,Hitch9to15_39.mp4,Hitch9to15_,.mp4,2026-03-20,
40,0:16:28,0:16:39,Pass,S,FALSE,Hitch9to15.mp4,Hitch9to15_40.mp4,Hitch9to15_,.mp4,2026-03-20,
41,0:16:48,0:16:59,Pass,E,FALSE,Hitch9to15.mp4,Hitch9to15_41.mp4,Hitch9to15_,.mp4,2026-03-20,
42,0:17:09,0:17:16,Pass,S,FALSE,Hitch9to15.mp4,Hitch9to15_42.mp4,Hitch9to15_,.mp4,2026-03-20,
43,0:17:23,0:17:30,Pass,E,FALSE,Hitch9to15.mp4,Hitch9to15_43.mp4,Hitch9to15_,.mp4,2026-03-20,
44,0:17:44,0:17:55,Pass,S,FALSE,Hitch9to15.mp4,Hitch9to15_44.mp4,Hitch9to15_,.mp4,2026-03-20,
45,0:18:08,0:18:19,Pass,E,FALSE,Hitch9to15.mp4,Hitch9to15_45.mp4,Hitch9to15_,.mp4,2026-03-20,
46,0:18:32,0:18:41,Pass,S,FALSE,Hitch9to15.mp4,Hitch9to15_46.mp4,Hitch9to15_,.mp4,2026-03-20,
47,0:18:53,0:19:02,Pass,E,FALSE,Hitch9to15.mp4,Hitch9to15_47.mp4,Hitch9to15_,.mp4,2026-03-20,
48,0:19:12,0:19:19,Pass,S,FALSE,Hitch9to15.mp4,Hitch9to15_48.mp4,Hitch9to15_,.mp4,2026-03-20,
49,0:19:24,0:19:32,Pass,E,FALSE,Hitch9to15.mp4,Hitch9to15_49.mp4,Hitch9to15_,.mp4,2026-03-20,
50,0:19:45,0:19:53,Pass,S,FALSE,Hitch9to15.mp4,Hitch9to15_50.mp4,Hitch9to15_,.mp4,2026-03-20,
51,0:20:00,0:20:07,Pass,E,FALSE,Hitch9to15.mp4,Hitch9to15_51.mp4,Hitch9to15_,.mp4,2026-03-20,
52,0:20:19,0:20:27,Pass,S,FALSE,Hitch9to15.mp4,Hitch9to15_52.mp4,Hitch9to15_,.mp4,2026-03-20,
53,0:20:35,0:20:43,Pass,E,FALSE,Hitch9to15.mp4,Hitch9to15_53.mp4,Hitch9to15_,.mp4,2026-03-20,
54,0:20:57,0:21:04,Pass,S,FALSE,Hitch9to15.mp4,Hitch9to15_54.mp4,Hitch9to15_,.mp4,2026-03-20,
55,0:21:18,0:21:25,Pass,E,FALSE,Hitch9to15.mp4,Hitch9to15_55.mp4,Hitch9to15_,.mp4,2026-03-20,
56,0:21:33,0:21:45,Pass,S,FALSE,Hitch9to15.mp4,Hitch9to15_56.mp4,Hitch9to15_,.mp4,2026-03-20,
57,0:21:51,0:21:58,Pass,E,FALSE,Hitch9to15.mp4,Hitch9to15_57.mp4,Hitch9to15_,.mp4,2026-03-20,
58,0:22:10,0:22:18,Pass,S,FALSE,Hitch9to15.mp4,Hitch9to15_58.mp4,Hitch9to15_,.mp4,2026-03-20,
59,0:22:25,0:22:33,Pass,E,FALSE,Hitch9to15.mp4,Hitch9to15_59.mp4,Hitch9to15_,.mp4,2026-03-20,
60,0:22:46,0:22:55,Pass,S,FALSE,Hitch9to15.mp4,Hitch9to15_60.mp4,Hitch9to15_,.mp4,2026-03-20,
61,0:23:04,0:23:14,Pass,E,FALSE,Hitch9to15.mp4,Hitch9to15_61.mp4,Hitch9to15_,.mp4,2026-03-20,
62,0:23:23,0:23:30,Pass,S,FALSE,Hitch9to15.mp4,Hitch9to15_62.mp4,Hitch9to15_,.mp4,2026-03-20,
63,0:23:36,0:23:43,Pass,E,FALSE,Hitch9to15.mp4,Hitch9to15_63.mp4,Hitch9to15_,.mp4,2026-03-20,
64,0:23:54,0:24:05,Pass,S,FALSE,Hitch9to15.mp4,Hitch9to15_64.mp4,Hitch9to15_,.mp4,2026-03-20,
65,0:24:14,0:24:25,Pass,E,FALSE,Hitch9to15.mp4,Hitch9to15_65.mp4,Hitch9to15_,.mp4,2026-03-20,
66,0:24:47,0:24:54,Pass,S,FALSE,Hitch9to15.mp4,Hitch9to15_66.mp4,Hitch9to15_,.mp4,2026-03-20,
67,0:25:10,0:25:16,Pass,E,FALSE,Hitch9to15.mp4,Hitch9to15_67.mp4,Hitch9to15_,.mp4,2026-03-20,
68,0:25:25,0:25:33,Pass,S,FALSE,Hitch9to15.mp4,Hitch9to15_68.mp4,Hitch9to15_,.mp4,2026-03-20,
69,0:25:38,0:25:45,Pass,E,FALSE,Hitch9to15.mp4,Hitch9to15_69.mp4,Hitch9to15_,.mp4,2026-03-20,
70,0:25:56,0:26:04,Pass,S,FALSE,Hitch9to15.mp4,Hitch9to15_70.mp4,Hitch9to15_,.mp4,2026-03-20,
71,0:26:09,0:26:17,Pass,E,FALSE,Hitch9to15.mp4,Hitch9to15_71.mp4,Hitch9to15_,.mp4,2026-03-20,
72,0:26:28,0:26:37,Pass,S,FALSE,Hitch9to15.mp4,Hitch9to15_72.mp4,Hitch9to15_,.mp4,2026-03-20,
73,0:26:44,0:26:54,Pass,E,FALSE,Hitch9to15.mp4,Hitch9to15_73.mp4,Hitch9to15_,.mp4,2026-03-20,
74,0:27:02,0:27:11,Pass,S,FALSE,Hitch9to15.mp4,Hitch9to15_74.mp4,Hitch9to15_,.mp4,2026-03-20,
75,0:27:14,0:27:23,Pass,E,FALSE,Hitch9to15.mp4,Hitch9to15_75.mp4,Hitch9to15_,.mp4,2026-03-20,
76,0:27:34,0:27:42,Pass,S,FALSE,Hitch9to15.mp4,Hitch9to15_76.mp4,Hitch9to15_,.mp4,2026-03-20,
77,0:27:52,0:28:00,Pass,E,FALSE,Hitch9to15.mp4,Hitch9to15_77.mp4,Hitch9to15_,.mp4,2026-03-20,
78,0:28:06,0:28:14,Pass,S,FALSE,Hitch9to15.mp4,Hitch9to15_78.mp4,Hitch9to15_,.mp4,2026-03-20,
79,0:28:22,0:28:30,Pass,E,FALSE,Hitch9to15.mp4,Hitch9to15_79.mp4,Hitch9to15_,.mp4,2026-03-20,
80,0:28:39,0:28:46,Pass,S,FALSE,Hitch9to15.mp4,Hitch9to15_80.mp4,Hitch9to15_,.mp4,2026-03-20,
81,0:28:54,0:29:00,Pass,E,FALSE,Hitch9to15.mp4,Hitch9to15_81.mp4,Hitch9to15_,.mp4,2026-03-20,
82,0:29:10,0:29:24,Pass,S,FALSE,Hitch9to15.mp4,Hitch9to15_82.mp4,Hitch9to15_,.mp4,2026-03-20,
83,0:29:29,0:29:44,Pass,E,FALSE,Hitch9to15.mp4,Hitch9to15_83.mp4,Hitch9to15_,.mp4,2026-03-20,
1,0:00:05,0:00:12,Pass,S,FALSE,QuickScreens2.mp4,QuickScreens_1.mp4,QuickScreens_,.mp4,2026-03-21,
2,0:00:15,0:00:22,Pass,E,FALSE,QuickScreens2.mp4,QuickScreens_2.mp4,QuickScreens_,.mp4,2026-03-21,
3,0:00:34,0:00:40,Pass,S,FALSE,QuickScreens2.mp4,QuickScreens_3.mp4,QuickScreens_,.mp4,2026-03-21,
4,0:00:51,0:00:57,Pass,E,FALSE,QuickScreens2.mp4,QuickScreens_4.mp4,QuickScreens_,.mp4,2026-03-21,
5,0:01:03,0:01:10,Pass,S,FALSE,QuickScreens2.mp4,QuickScreens_5.mp4,QuickScreens_,.mp4,2026-03-21,
6,0:01:16,0:01:22,Pass,E,FALSE,QuickScreens2.mp4,QuickScreens_6.mp4,QuickScreens_,.mp4,2026-03-21,
7,0:01:32,0:01:40,Pass,S,FALSE,QuickScreens2.mp4,QuickScreens_7.mp4,QuickScreens_,.mp4,2026-03-21,
8,0:01:46,0:01:53,Pass,E,FALSE,QuickScreens2.mp4,QuickScreens_8.mp4,QuickScreens_,.mp4,2026-03-21,
9,0:02:04,0:02:14,Pass,S,FALSE,QuickScreens2.mp4,QuickScreens_9.mp4,QuickScreens_,.mp4,2026-03-21,
10,0:02:25,0:02:35,Pass,E,FALSE,QuickScreens2.mp4,QuickScreens_10.mp4,QuickScreens_,.mp4,2026-03-21,
11,0:02:43,0:02:52,Pass,S,FALSE,QuickScreens2.mp4,QuickScreens_11.mp4,QuickScreens_,.mp4,2026-03-21,
12,0:03:00,0:03:09,Pass,E,FALSE,QuickScreens2.mp4,QuickScreens_12.mp4,QuickScreens_,.mp4,2026-03-21,
13,0:03:26,0:03:31,Pass,S,FALSE,QuickScreens2.mp4,QuickScreens_13.mp4,QuickScreens_,.mp4,2026-03-21,
14,0:03:45,0:03:49,Pass,E,FALSE,QuickScreens2.mp4,QuickScreens_14.mp4,QuickScreens_,.mp4,2026-03-21,
15,0:04:03,0:04:08,Pass,S,FALSE,QuickScreens2.mp4,QuickScreens_15.mp4,QuickScreens_,.mp4,2026-03-21,
16,0:04:17,0:04:23,Pass,E,FALSE,QuickScreens2.mp4,QuickScreens_16.mp4,QuickScreens_,.mp4,2026-03-21,
17,0:04:36,0:04:41,Pass,S,FALSE,QuickScreens2.mp4,QuickScreens_17.mp4,QuickScreens_,.mp4,2026-03-21,
18,0:04:45,0:04:50,Pass,E,FALSE,QuickScreens2.mp4,QuickScreens_18.mp4,QuickScreens_,.mp4,2026-03-21,
19,0:05:04,0:05:08,Pass,S,FALSE,QuickScreens2.mp4,QuickScreens_19.mp4,QuickScreens_,.mp4,2026-03-21,
20,0:05:15,0:05:19,Pass,E,FALSE,QuickScreens2.mp4,QuickScreens_20.mp4,QuickScreens_,.mp4,2026-03-21,
21,0:05:37,0:05:45,Pass,S,FALSE,QuickScreens2.mp4,QuickScreens_21.mp4,QuickScreens_,.mp4,2026-03-21,
22,0:05:54,0:06:03,Pass,E,FALSE,QuickScreens2.mp4,QuickScreens_22.mp4,QuickScreens_,.mp4,2026-03-21,
23,0:06:22,0:06:30,Pass,S,FALSE,QuickScreens2.mp4,QuickScreens_23.mp4,QuickScreens_,.mp4,2026-03-21,
24,0:06:41,0:06:49,Pass,E,FALSE,QuickScreens2.mp4,QuickScreens_24.mp4,QuickScreens_,.mp4,2026-03-21,
25,0:07:00,0:07:06,Pass,S,FALSE,QuickScreens2.mp4,QuickScreens_25.mp4,QuickScreens_,.mp4,2026-03-21,
26,0:07:10,0:07:16,Pass,E,FALSE,QuickScreens2.mp4,QuickScreens_26.mp4,QuickScreens_,.mp4,2026-03-21,
27,0:07:25,0:07:31,Pass,S,FALSE,QuickScreens2.mp4,QuickScreens_27.mp4,QuickScreens_,.mp4,2026-03-21,
28,0:07:42,0:07:48,Pass,E,FALSE,QuickScreens2.mp4,QuickScreens_28.mp4,QuickScreens_,.mp4,2026-03-21,
29,0:07:54,0:07:58,Pass,S,FALSE,QuickScreens2.mp4,QuickScreens_29.mp4,QuickScreens_,.mp4,2026-03-21,
30,0:08:03,0:08:08,Pass,E,FALSE,QuickScreens2.mp4,QuickScreens_30.mp4,QuickScreens_,.mp4,2026-03-21,
31,0:08:22,0:08:30,Pass,S,FALSE,QuickScreens2.mp4,QuickScreens_31.mp4,QuickScreens_,.mp4,2026-03-21,
32,0:08:37,0:08:45,Pass,E,FALSE,QuickScreens2.mp4,QuickScreens_32.mp4,QuickScreens_,.mp4,2026-03-21,
33,0:08:59,0:09:05,Pass,S,FALSE,QuickScreens2.mp4,QuickScreens_33.mp4,QuickScreens_,.mp4,2026-03-21,
34,0:09:13,0:09:19,Pass,E,FALSE,QuickScreens2.mp4,QuickScreens_34.mp4,QuickScreens_,.mp4,2026-03-21,
35,0:09:26,0:09:34,Pass,S,FALSE,QuickScreens2.mp4,QuickScreens_35.mp4,QuickScreens_,.mp4,2026-03-21,
36,0:09:43,0:09:51,Pass,E,FALSE,QuickScreens2.mp4,QuickScreens_36.mp4,QuickScreens_,.mp4,2026-03-21,
37,0:10:09,0:10:13,Pass,S,FALSE,QuickScreens2.mp4,QuickScreens_37.mp4,QuickScreens_,.mp4,2026-03-21,
38,0:10:25,0:10:30,Pass,E,FALSE,QuickScreens2.mp4,QuickScreens_38.mp4,QuickScreens_,.mp4,2026-03-21,
39,0:10:41,0:10:44,Pass,S,FALSE,QuickScreens2.mp4,QuickScreens_39.mp4,QuickScreens_,.mp4,2026-03-21,
40,0:10:53,0:10:59,Pass,E,FALSE,QuickScreens2.mp4,QuickScreens_40.mp4,QuickScreens_,.mp4,2026-03-22,
41,0:11:06,0:11:13,Pass,S,FALSE,QuickScreens2.mp4,QuickScreens_41.mp4,QuickScreens_,.mp4,2026-03-22,
42,0:11:14,0:11:20,Pass,E,FALSE,QuickScreens2.mp4,QuickScreens_42.mp4,QuickScreens_,.mp4,2026-03-22,
43,0:11:26,0:11:33,Pass,S,FALSE,QuickScreens2.mp4,QuickScreens_43.mp4,QuickScreens_,.mp4,2026-03-22,
44,0:11:37,0:11:44,Pass,E,FALSE,QuickScreens2.mp4,QuickScreens_44.mp4,QuickScreens_,.mp4,2026-03-22,
45,0:11:58,0:12:05,Pass,S,FALSE,QuickScreens2.mp4,QuickScreens_45.mp4,QuickScreens_,.mp4,2026-03-22,
46,0:12:19,0:12:24,Pass,E,FALSE,QuickScreens2.mp4,QuickScreens_46.mp4,QuickScreens_,.mp4,2026-03-22,
47,0:12:35,0:12:46,Pass,S,FALSE,QuickScreens2.mp4,QuickScreens_47.mp4,QuickScreens_,.mp4,2026-03-22,
48,0:12:53,0:13:04,Pass,E,FALSE,QuickScreens2.mp4,QuickScreens_48.mp4,QuickScreens_,.mp4,2026-03-22,
49,0:13:21,0:13:24,Pass,S,FALSE,QuickScreens2.mp4,QuickScreens_49.mp4,QuickScreens_,.mp4,2026-03-22,
50,0:13:38,0:13:43,Pass,E,FALSE,QuickScreens2.mp4,QuickScreens_50.mp4,QuickScreens_,.mp4,2026-03-22,
51,0:13:48,0:13:53,Pass,S,FALSE,QuickScreens2.mp4,QuickScreens_51.mp4,QuickScreens_,.mp4,2026-03-22,
52,0:13:58,0:14:02,Pass,E,FALSE,QuickScreens2.mp4,QuickScreens_52.mp4,QuickScreens_,.mp4,2026-03-22,
53,0:14:12,0:14:18,Pass,S,FALSE,QuickScreens2.mp4,QuickScreens_53.mp4,QuickScreens_,.mp4,2026-03-22,
54,0:14:27,0:14:33,Pass,E,FALSE,QuickScreens2.mp4,QuickScreens_54.mp4,QuickScreens_,.mp4,2026-03-22,
55,0:14:47,0:14:55,Pass,S,FALSE,QuickScreens2.mp4,QuickScreens_55.mp4,QuickScreens_,.mp4,2026-03-22,
56,0:15:02,0:15:09,Pass,E,FALSE,QuickScreens2.mp4,QuickScreens_56.mp4,QuickScreens_,.mp4,2026-03-22,
57,0:15:18,0:15:23,Pass,S,FALSE,QuickScreens2.mp4,QuickScreens_57.mp4,QuickScreens_,.mp4,2026-03-22,
58,0:15:27,0:15:33,Pass,E,FALSE,QuickScreens2.mp4,QuickScreens_58.mp4,QuickScreens_,.mp4,2026-03-22,
59,0:15:49,0:15:57,Pass,S,FALSE,QuickScreens2.mp4,QuickScreens_59.mp4,QuickScreens_,.mp4,2026-03-22,
60,0:16:10,0:16:18,Pass,E,FALSE,QuickScreens2.mp4,QuickScreens_60.mp4,QuickScreens_,.mp4,2026-03-22,
61,0:16:25,0:16:34,Pass,S,FALSE,QuickScreens2.mp4,QuickScreens_61.mp4,QuickScreens_,.mp4,2026-03-22,
62,0:16:41,0:16:51,Pass,E,FALSE,QuickScreens2.mp4,QuickScreens_62.mp4,QuickScreens_,.mp4,2026-03-22,
63,0:17:00,0:17:06,Pass,S,FALSE,QuickScreens2.mp4,QuickScreens_63.mp4,QuickScreens_,.mp4,2026-03-22,
64,0:17:10,0:17:16,Pass,E,FALSE,QuickScreens2.mp4,QuickScreens_64.mp4,QuickScreens_,.mp4,2026-03-22,
65,0:17:32,0:17:38,Pass,S,FALSE,QuickScreens2.mp4,QuickScreens_65.mp4,QuickScreens_,.mp4,2026-03-22,
66,0:17:49,0:17:56,Pass,E,FALSE,QuickScreens2.mp4,QuickScreens_66.mp4,QuickScreens_,.mp4,2026-03-22,
67,0:18:13,0:18:20,Pass,S,FALSE,QuickScreens2.mp4,QuickScreens_67.mp4,QuickScreens_,.mp4,2026-03-22,
68,0:18:30,0:18:38,Pass,E,FALSE,QuickScreens2.mp4,QuickScreens_68.mp4,QuickScreens_,.mp4,2026-03-22,
69,0:18:51,0:18:57,Pass,S,FALSE,QuickScreens2.mp4,QuickScreens_69.mp4,QuickScreens_,.mp4,2026-03-22,
70,0:19:09,0:19:14,Pass,E,FALSE,QuickScreens2.mp4,QuickScreens_70.mp4,QuickScreens_,.mp4,2026-03-22,
71,0:19:24,0:19:31,Pass,S,FALSE,QuickScreens2.mp4,QuickScreens_71.mp4,QuickScreens_,.mp4,2026-03-22,
72,0:19:38,0:19:45,Pass,E,FALSE,QuickScreens2.mp4,QuickScreens_72.mp4,QuickScreens_,.mp4,2026-03-22,
73,0:19:53,0:19:58,Pass,S,FALSE,QuickScreens2.mp4,QuickScreens_73.mp4,QuickScreens_,.mp4,2026-03-22,
74,0:20:02,0:20:07,Pass,E,FALSE,QuickScreens2.mp4,QuickScreens_74.mp4,QuickScreens_,.mp4,2026-03-22,
75,0:20:17,0:20:23,Pass,S,FALSE,QuickScreens2.mp4,QuickScreens_75.mp4,QuickScreens_,.mp4,2026-03-22,
76,0:20:26,0:20:32,Pass,E,FALSE,QuickScreens2.mp4,QuickScreens_76.mp4,QuickScreens_,.mp4,2026-03-22,
77,0:20:43,0:20:49,Pass,S,FALSE,QuickScreens2.mp4,QuickScreens_77.mp4,QuickScreens_,.mp4,2026-03-22,
78,0:20:57,0:21:03,Pass,E,FALSE,QuickScreens2.mp4,QuickScreens_78.mp4,QuickScreens_,.mp4,2026-03-22,
79,0:21:12,0:21:17,Pass,S,FALSE,QuickScreens2.mp4,QuickScreens_79.mp4,QuickScreens_,.mp4,2026-03-22,
80,0:21:25,0:21:30,Pass,E,FALSE,QuickScreens2.mp4,QuickScreens_80.mp4,QuickScreens_,.mp4,2026-03-22,
81,0:21:45,0:21:53,Pass,S,FALSE,QuickScreens2.mp4,QuickScreens_81.mp4,QuickScreens_,.mp4,2026-03-22,
82,0:21:59,0:22:07,Pass,E,FALSE,QuickScreens2.mp4,QuickScreens_82.mp4,QuickScreens_,.mp4,2026-03-22,
83,0:22:17,0:22:23,Pass,S,FALSE,QuickScreens2.mp4,QuickScreens_83.mp4,QuickScreens_,.mp4,2026-03-22,
84,0:22:29,0:22:36,Pass,E,FALSE,QuickScreens2.mp4,QuickScreens_84.mp4,QuickScreens_,.mp4,2026-03-22,
85,0:22:46,0:22:54,Pass,S,FALSE,QuickScreens2.mp4,QuickScreens_85.mp4,QuickScreens_,.mp4,2026-03-22,
86,0:23:04,0:23:10,Pass,E,FALSE,QuickScreens2.mp4,QuickScreens_86.mp4,QuickScreens_,.mp4,2026-03-22,
87,0:23:17,0:23:21,Pass,S,FALSE,QuickScreens2.mp4,QuickScreens_87.mp4,QuickScreens_,.mp4,2026-03-22,
88,0:23:26,0:23:30,Pass,E,FALSE,QuickScreens2.mp4,QuickScreens_88.mp4,QuickScreens_,.mp4,2026-03-22,
89,0:23:46,0:23:52,Pass,S,FALSE,QuickScreens2.mp4,QuickScreens_89.mp4,QuickScreens_,.mp4,2026-03-22,
90,0:23:58,0:24:04,Pass,E,FALSE,QuickScreens2.mp4,QuickScreens_90.mp4,QuickScreens_,.mp4,2026-03-22,
91,0:24:10,0:24:14,Pass,S,FALSE,QuickScreens2.mp4,QuickScreens_91.mp4,QuickScreens_,.mp4,2026-03-22,
92,0:24:19,0:24:25,Pass,E,FALSE,QuickScreens2.mp4,QuickScreens_92.mp4,QuickScreens_,.mp4,2026-03-22,
93,0:24:39,0:24:45,Pass,S,FALSE,QuickScreens2.mp4,QuickScreens_93.mp4,QuickScreens_,.mp4,2026-03-22,
94,0:25:00,0:25:06,Pass,E,FALSE,QuickScreens2.mp4,QuickScreens_94.mp4,QuickScreens_,.mp4,2026-03-22,
95,0:25:13,0:25:18,Pass,S,FALSE,QuickScreens2.mp4,QuickScreens_95.mp4,QuickScreens_,.mp4,2026-03-22,
96,0:25:23,0:25:29,Pass,E,FALSE,QuickScreens2.mp4,QuickScreens_96.mp4,QuickScreens_,.mp4,2026-03-22,
97,0:25:42,0:25:48,Pass,S,FALSE,QuickScreens2.mp4,QuickScreens_97.mp4,QuickScreens_,.mp4,2026-03-22,
98,0:25:57,0:26:04,Pass,E,FALSE,QuickScreens2.mp4,QuickScreens_98.mp4,QuickScreens_,.mp4,2026-03-22,
99,0:26:12,0:26:17,Pass,S,FALSE,QuickScreens2.mp4,QuickScreens_99.mp4,QuickScreens_,.mp4,2026-03-22,
100,0:26:24,0:26:29,Pass,E,FALSE,QuickScreens2.mp4,QuickScreens_100.mp4,QuickScreens_,.mp4,2026-03-22,
101,0:26:45,0:26:55,Pass,S,FALSE,QuickScreens2.mp4,QuickScreens_101.mp4,QuickScreens_,.mp4,2026-03-22,
102,0:27:07,0:27:17,Pass,E,FALSE,QuickScreens2.mp4,QuickScreens_102.mp4,QuickScreens_,.mp4,2026-03-22,
103,0:27:22,0:27:28,Pass,S,FALSE,QuickScreens2.mp4,QuickScreens_103.mp4,QuickScreens_,.mp4,2026-03-22,
104,0:27:31,0:27:38,Pass,E,FALSE,QuickScreens2.mp4,QuickScreens_104.mp4,QuickScreens_,.mp4,2026-03-22,
1,0:00:09,0:00:18,Pass,S,FALSE,WRSlowScreens1.mp4,WRSlowScreens_1.mp4,WRSlowScreens_,.mp4,2026-03-22,
2,0:00:25,0:00:33,Pass,E,FALSE,WRSlowScreens1.mp4,WRSlowScreens_2.mp4,WRSlowScreens_,.mp4,2026-03-22,
3,0:00:40,0:00:47,Pass,S,FALSE,WRSlowScreens1.mp4,WRSlowScreens_3.mp4,WRSlowScreens_,.mp4,2026-03-22,
4,0:00:50,0:00:58,Pass,E,FALSE,WRSlowScreens1.mp4,WRSlowScreens_4.mp4,WRSlowScreens_,.mp4,2026-03-22,
5,0:01:09,0:01:16,Pass,S,FALSE,WRSlowScreens1.mp4,WRSlowScreens_5.mp4,WRSlowScreens_,.mp4,2026-03-22,
6,0:01:22,0:01:29,Pass,E,FALSE,WRSlowScreens1.mp4,WRSlowScreens_6.mp4,WRSlowScreens_,.mp4,2026-03-22,
7,0:01:38,0:01:46,Pass,S,FALSE,WRSlowScreens1.mp4,WRSlowScreens_7.mp4,WRSlowScreens_,.mp4,2026-03-22,
8,0:01:54,0:02:01,Pass,E,FALSE,WRSlowScreens1.mp4,WRSlowScreens_8.mp4,WRSlowScreens_,.mp4,2026-03-22,
9,0:02:09,0:02:15,Pass,S,FALSE,WRSlowScreens1.mp4,WRSlowScreens_9.mp4,WRSlowScreens_,.mp4,2026-03-22,
10,0:02:20,0:02:27,Pass,E,FALSE,WRSlowScreens1.mp4,WRSlowScreens_10.mp4,WRSlowScreens_,.mp4,2026-03-22,
11,0:02:44,0:02:51,Pass,S,FALSE,WRSlowScreens1.mp4,WRSlowScreens_11.mp4,WRSlowScreens_,.mp4,2026-03-22,
12,0:03:05,0:03:11,Pass,E,FALSE,WRSlowScreens1.mp4,WRSlowScreens_12.mp4,WRSlowScreens_,.mp4,2026-03-22,
13,0:03:23,0:03:30,Pass,S,FALSE,WRSlowScreens1.mp4,WRSlowScreens_13.mp4,WRSlowScreens_,.mp4,2026-03-22,
14,0:03:42,0:03:50,Pass,E,FALSE,WRSlowScreens1.mp4,WRSlowScreens_14.mp4,WRSlowScreens_,.mp4,2026-03-22,
15,0:04:06,0:04:18,Pass,S,FALSE,WRSlowScreens1.mp4,WRSlowScreens_15.mp4,WRSlowScreens_,.mp4,2026-03-22,
16,0:04:23,0:04:34,Pass,E,FALSE,WRSlowScreens1.mp4,WRSlowScreens_16.mp4,WRSlowScreens_,.mp4,2026-03-22,
17,0:04:53,0:05:00,Pass,S,FALSE,WRSlowScreens1.mp4,WRSlowScreens_17.mp4,WRSlowScreens_,.mp4,2026-03-22,
18,0:05:19,0:05:28,Pass,E,FALSE,WRSlowScreens1.mp4,WRSlowScreens_18.mp4,WRSlowScreens_,.mp4,2026-03-22,
19,0:05:34,0:05:40,Pass,S,FALSE,WRSlowScreens1.mp4,WRSlowScreens_19.mp4,WRSlowScreens_,.mp4,2026-03-22,
20,0:05:43,0:05:50,Pass,E,FALSE,WRSlowScreens1.mp4,WRSlowScreens_20.mp4,WRSlowScreens_,.mp4,2026-03-22,
21,0:06:01,0:06:08,Pass,S,FALSE,WRSlowScreens1.mp4,WRSlowScreens_21.mp4,WRSlowScreens_,.mp4,2026-03-22,
22,0:06:15,0:06:23,Pass,E,FALSE,WRSlowScreens1.mp4,WRSlowScreens_22.mp4,WRSlowScreens_,.mp4,2026-03-22,
23,0:06:30,0:06:44,Pass,S,FALSE,WRSlowScreens1.mp4,WRSlowScreens_23.mp4,WRSlowScreens_,.mp4,2026-03-22,
24,0:06:49,0:07:03,Pass,E,FALSE,WRSlowScreens1.mp4,WRSlowScreens_24.mp4,WRSlowScreens_,.mp4,2026-03-22,
25,0:07:11,0:07:20,Pass,S,FALSE,WRSlowScreens1.mp4,WRSlowScreens_25.mp4,WRSlowScreens_,.mp4,2026-03-22,
26,0:07:26,0:07:34,Pass,E,FALSE,WRSlowScreens1.mp4,WRSlowScreens_26.mp4,WRSlowScreens_,.mp4,2026-03-22,
27,0:07:42,0:07:50,Pass,S,FALSE,WRSlowScreens1.mp4,WRSlowScreens_27.mp4,WRSlowScreens_,.mp4,2026-03-22,
28,0:08:00,0:08:08,Pass,E,FALSE,WRSlowScreens1.mp4,WRSlowScreens_28.mp4,WRSlowScreens_,.mp4,2026-03-22,
29,0:08:19,0:08:29,Pass,S,FALSE,WRSlowScreens1.mp4,WRSlowScreens_29.mp4,WRSlowScreens_,.mp4,2026-03-22,
30,0:08:37,0:08:44,Pass,E,FALSE,WRSlowScreens1.mp4,WRSlowScreens_30.mp4,WRSlowScreens_,.mp4,2026-03-22,
31,0:08:55,0:09:09,Pass,S,FALSE,WRSlowScreens1.mp4,WRSlowScreens_31.mp4,WRSlowScreens_,.mp4,2026-03-22,
32,0:09:15,0:09:30,Pass,E,FALSE,WRSlowScreens1.mp4,WRSlowScreens_32.mp4,WRSlowScreens_,.mp4,2026-03-22,
33,0:09:45,0:09:53,Pass,S,FALSE,WRSlowScreens1.mp4,WRSlowScreens_33.mp4,WRSlowScreens_,.mp4,2026-03-22,
34,0:10:02,0:10:10,Pass,E,FALSE,WRSlowScreens1.mp4,WRSlowScreens_34.mp4,WRSlowScreens_,.mp4,2026-03-22,
35,0:10:22,0:10:30,Pass,S,FALSE,WRSlowScreens1.mp4,WRSlowScreens_35.mp4,WRSlowScreens_,.mp4,2026-03-22,
36,0:10:40,0:10:48,Pass,E,FALSE,WRSlowScreens1.mp4,WRSlowScreens_36.mp4,WRSlowScreens_,.mp4,2026-03-22,
37,0:10:57,0:11:03,Pass,S,FALSE,WRSlowScreens1.mp4,WRSlowScreens_37.mp4,WRSlowScreens_,.mp4,2026-03-22,
38,0:11:10,0:11:17,Pass,E,FALSE,WRSlowScreens1.mp4,WRSlowScreens_38.mp4,WRSlowScreens_,.mp4,2026-03-22,
39,0:11:24,0:11:34,Pass,S,FALSE,WRSlowScreens1.mp4,WRSlowScreens_39.mp4,WRSlowScreens_,.mp4,2026-03-22,
40,0:11:40,0:11:48,Pass,E,FALSE,WRSlowScreens1.mp4,WRSlowScreens_40.mp4,WRSlowScreens_,.mp4,2026-03-22,
41,0:11:58,0:12:04,Pass,S,FALSE,WRSlowScreens1.mp4,WRSlowScreens_41.mp4,WRSlowScreens_,.mp4,2026-03-22,
42,0:12:12,0:12:18,Pass,E,FALSE,WRSlowScreens1.mp4,WRSlowScreens_42.mp4,WRSlowScreens_,.mp4,2026-03-22,
43,0:12:29,0:12:36,Pass,S,FALSE,WRSlowScreens1.mp4,WRSlowScreens_43.mp4,WRSlowScreens_,.mp4,2026-03-22,
44,0:12:40,0:12:47,Pass,E,FALSE,WRSlowScreens1.mp4,WRSlowScreens_44.mp4,WRSlowScreens_,.mp4,2026-03-22,
45,0:12:59,0:13:07,Pass,S,FALSE,WRSlowScreens1.mp4,WRSlowScreens_45.mp4,WRSlowScreens_,.mp4,2026-03-22,
46,0:13:13,0:13:30,Pass,E,FALSE,WRSlowScreens1.mp4,WRSlowScreens_46.mp4,WRSlowScreens_,.mp4,2026-03-22,
47,0:13:32,0:13:41,Pass,S,FALSE,WRSlowScreens1.mp4,WRSlowScreens_47.mp4,WRSlowScreens_,.mp4,2026-03-22,
48,0:13:49,0:13:58,Pass,E,FALSE,WRSlowScreens1.mp4,WRSlowScreens_48.mp4,WRSlowScreens_,.mp4,2026-03-22,
49,0:14:08,0:14:16,Pass,S,FALSE,WRSlowScreens1.mp4,WRSlowScreens_49.mp4,WRSlowScreens_,.mp4,2026-03-22,
50,0:14:21,0:14:28,Pass,E,FALSE,WRSlowScreens1.mp4,WRSlowScreens_50.mp4,WRSlowScreens_,.mp4,2026-03-22,
51,0:14:47,0:14:53,Pass,S,FALSE,WRSlowScreens1.mp4,WRSlowScreens_51.mp4,WRSlowScreens_,.mp4,2026-03-22,
52,0:15:04,0:15:12,Pass,E,FALSE,WRSlowScreens1.mp4,WRSlowScreens_52.mp4,WRSlowScreens_,.mp4,2026-03-22,
53,0:15:20,0:15:28,Pass,S,FALSE,WRSlowScreens1.mp4,WRSlowScreens_53.mp4,WRSlowScreens_,.mp4,2026-03-22,
54,0:15:35,0:15:42,Pass,E,FALSE,WRSlowScreens1.mp4,WRSlowScreens_54.mp4,WRSlowScreens_,.mp4,2026-03-22,
55,0:15:51,0:16:01,Pass,S,FALSE,WRSlowScreens1.mp4,WRSlowScreens_55.mp4,WRSlowScreens_,.mp4,2026-03-22,
56,0:16:05,0:16:14,Pass,E,FALSE,WRSlowScreens1.mp4,WRSlowScreens_56.mp4,WRSlowScreens_,.mp4,2026-03-22,
57,0:16:27,0:16:35,Pass,S,FALSE,WRSlowScreens1.mp4,WRSlowScreens_57.mp4,WRSlowScreens_,.mp4,2026-03-22,
58,0:16:45,0:16:53,Pass,E,FALSE,WRSlowScreens1.mp4,WRSlowScreens_58.mp4,WRSlowScreens_,.mp4,2026-03-22,
1,0:00:05,0:00:22,Run,,FALSE,Counter.mp4,Counter_1.mp4,Counter_,.mp4,2026-03-22,
2,0:00:28,0:00:47,Run,,FALSE,Counter.mp4,Counter_2.mp4,Counter_,.mp4,2026-03-22,
3,0:00:53,0:01:04,Run,,FALSE,Counter.mp4,Counter_3.mp4,Counter_,.mp4,2026-03-22,
4,0:01:08,0:01:18,Run,,FALSE,Counter.mp4,Counter_4.mp4,Counter_,.mp4,2026-03-22,
5,0:01:25,0:01:34,Run,,FALSE,Counter.mp4,Counter_5.mp4,Counter_,.mp4,2026-03-22,
6,0:01:38,0:01:47,Run,,FALSE,Counter.mp4,Counter_6.mp4,Counter_,.mp4,2026-03-22,
7,0:01:54,0:02:08,Run,,FALSE,Counter.mp4,Counter_7.mp4,Counter_,.mp4,2026-03-22,
8,0:02:16,0:02:25,Run,,FALSE,Counter.mp4,Counter_8.mp4,Counter_,.mp4,2026-03-22,
9,0:02:40,0:02:50,Run,,FALSE,Counter.mp4,Counter_9.mp4,Counter_,.mp4,2026-03-22,
10,0:02:56,0:03:07,Run,,FALSE,Counter.mp4,Counter_10.mp4,Counter_,.mp4,2026-03-22,
11,0:03:16,0:03:26,Run,,FALSE,Counter.mp4,Counter_11.mp4,Counter_,.mp4,2026-03-22,
12,0:03:30,0:03:38,Run,,FALSE,Counter.mp4,Counter_12.mp4,Counter_,.mp4,2026-03-22,
13,0:03:46,0:03:55,Run,,FALSE,Counter.mp4,Counter_13.mp4,Counter_,.mp4,2026-03-22,
14,0:04:00,0:04:08,Run,,FALSE,Counter.mp4,Counter_14.mp4,Counter_,.mp4,2026-03-22,
15,0:04:16,0:04:25,Run,,FALSE,Counter.mp4,Counter_15.mp4,Counter_,.mp4,2026-03-22,
16,0:04:30,0:04:38,Run,,FALSE,Counter.mp4,Counter_16.mp4,Counter_,.mp4,2026-03-22,
17,0:04:44,0:04:51,Run,,FALSE,Counter.mp4,Counter_17.mp4,Counter_,.mp4,2026-03-22,
18,0:04:55,0:05:01,Run,,FALSE,Counter.mp4,Counter_18.mp4,Counter_,.mp4,2026-03-22,
19,0:05:08,0:05:23,Run,,FALSE,Counter.mp4,Counter_19.mp4,Counter_,.mp4,2026-03-22,
20,0:05:28,0:05:41,Run,,FALSE,Counter.mp4,Counter_20.mp4,Counter_,.mp4,2026-03-22,
21,0:05:47,0:05:57,Run,,FALSE,Counter.mp4,Counter_21.mp4,Counter_,.mp4,2026-03-22,
22,0:06:03,0:06:10,Run,,FALSE,Counter.mp4,Counter_22.mp4,Counter_,.mp4,2026-03-22,
23,0:06:21,0:06:31,Run,,FALSE,Counter.mp4,Counter_23.mp4,Counter_,.mp4,2026-03-22,
24,0:06:35,0:06:44,Run,,FALSE,Counter.mp4,Counter_24.mp4,Counter_,.mp4,2026-03-22,
25,0:06:52,0:06:59,Run,,FALSE,Counter.mp4,Counter_25.mp4,Counter_,.mp4,2026-03-22,
26,0:07:07,0:07:14,Run,,FALSE,Counter.mp4,Counter_26.mp4,Counter_,.mp4,2026-03-22,
27,0:07:23,0:07:34,Run,,FALSE,Counter.mp4,Counter_27.mp4,Counter_,.mp4,2026-03-22,
28,0:07:41,0:07:51,Run,,FALSE,Counter.mp4,Counter_28.mp4,Counter_,.mp4,2026-03-22,
29,0:07:58,0:08:05,Run,,FALSE,Counter.mp4,Counter_29.mp4,Counter_,.mp4,2026-03-22,
30,0:08:11,0:08:19,Run,,FALSE,Counter.mp4,Counter_30.mp4,Counter_,.mp4,2026-03-22,
31,0:08:28,0:08:41,Run,,FALSE,Counter.mp4,Counter_31.mp4,Counter_,.mp4,2026-03-22,
32,0:08:46,0:08:58,Run,,FALSE,Counter.mp4,Counter_32.mp4,Counter_,.mp4,2026-03-22,
33,0:09:07,0:09:19,Run,,FALSE,Counter.mp4,Counter_33.mp4,Counter_,.mp4,2026-03-22,
34,0:09:24,0:09:32,Run,,FALSE,Counter.mp4,Counter_34.mp4,Counter_,.mp4,2026-03-22,
35,0:09:37,0:09:49,Run,,FALSE,Counter.mp4,Counter_35.mp4,Counter_,.mp4,2026-03-22,
36,0:09:54,0:10:05,Run,,FALSE,Counter.mp4,Counter_36.mp4,Counter_,.mp4,2026-03-22,
37,0:10:12,0:10:28,Run,,FALSE,Counter.mp4,Counter_37.mp4,Counter_,.mp4,2026-03-22,
38,0:10:36,0:10:46,Run,,FALSE,Counter.mp4,Counter_38.mp4,Counter_,.mp4,2026-03-22,
39,0:10:53,0:11:02,Run,,FALSE,Counter.mp4,Counter_39.mp4,Counter_,.mp4,2026-03-22,
40,0:11:07,0:11:20,Run,,FALSE,Counter.mp4,Counter_40.mp4,Counter_,.mp4,2026-03-22,
41,0:11:30,0:11:40,Run,,FALSE,Counter.mp4,Counter_41.mp4,Counter_,.mp4,2026-03-22,
42,0:11:45,0:11:56,Run,,FALSE,Counter.mp4,Counter_42.mp4,Counter_,.mp4,2026-03-22,
43,0:12:04,0:12:13,Run,,FALSE,Counter.mp4,Counter_43.mp4,Counter_,.mp4,2026-03-22,
44,0:12:17,0:12:24,Run,,FALSE,Counter.mp4,Counter_44.mp4,Counter_,.mp4,2026-03-22,
45,0:12:34,0:12:47,Run,,FALSE,Counter.mp4,Counter_45.mp4,Counter_,.mp4,2026-03-22,
46,0:12:54,0:13:04,Run,,FALSE,Counter.mp4,Counter_46.mp4,Counter_,.mp4,2026-03-22,
47,0:13:14,0:13:30,Run,,FALSE,Counter.mp4,Counter_47.mp4,Counter_,.mp4,2026-03-22,
48,0:13:39,0:13:55,Run,,FALSE,Counter.mp4,Counter_48.mp4,Counter_,.mp4,2026-03-22,
49,0:14:18,0:14:41,Run,,FALSE,Counter.mp4,Counter_49.mp4,Counter_,.mp4,2026-03-22,
50,0:14:49,0:15:11,Run,,FALSE,Counter.mp4,Counter_50.mp4,Counter_,.mp4,2026-03-22,
51,0:15:19,0:15:29,Run,,FALSE,Counter.mp4,Counter_51.mp4,Counter_,.mp4,2026-03-22,
52,0:15:34,0:15:43,Run,,FALSE,Counter.mp4,Counter_52.mp4,Counter_,.mp4,2026-03-22,
53,0:15:51,0:15:59,Run,,FALSE,Counter.mp4,Counter_53.mp4,Counter_,.mp4,2026-03-22,
54,0:16:05,0:16:11,Run,,FALSE,Counter.mp4,Counter_54.mp4,Counter_,.mp4,2026-03-22,
55,0:16:19,0:16:30,Run,,FALSE,Counter.mp4,Counter_55.mp4,Counter_,.mp4,2026-03-22,
56,0:16:35,0:16:47,Run,,FALSE,Counter.mp4,Counter_56.mp4,Counter_,.mp4,2026-03-22,
57,0:16:52,0:17:03,Run,,FALSE,Counter.mp4,Counter_57.mp4,Counter_,.mp4,2026-03-22,
58,0:17:08,0:17:18,Run,,FALSE,Counter.mp4,Counter_58.mp4,Counter_,.mp4,2026-03-22,
59,0:17:26,0:17:40,Run,,FALSE,Counter.mp4,Counter_59.mp4,Counter_,.mp4,2026-03-22,
60,0:17:45,0:17:59,Run,,FALSE,Counter.mp4,Counter_60.mp4,Counter_,.mp4,2026-03-22,
61,0:18:08,0:18:17,Run,,FALSE,Counter.mp4,Counter_61.mp4,Counter_,.mp4,2026-03-22,
62,0:18:22,0:18:31,Run,,FALSE,Counter.mp4,Counter_62.mp4,Counter_,.mp4,2026-03-22,
63,0:18:38,0:18:51,Run,,FALSE,Counter.mp4,Counter_63.mp4,Counter_,.mp4,2026-03-22,
64,0:18:54,0:19:07,Run,,FALSE,Counter.mp4,Counter_64.mp4,Counter_,.mp4,2026-03-22,
65,0:19:16,0:19:32,Run,,FALSE,Counter.mp4,Counter_65.mp4,Counter_,.mp4,2026-03-22,
66,0:19:37,0:19:53,Run,,FALSE,Counter.mp4,Counter_66.mp4,Counter_,.mp4,2026-03-22,
67,0:20:04,0:20:11,Run,,FALSE,Counter.mp4,Counter_67.mp4,Counter_,.mp4,2026-03-22,
68,0:20:15,0:20:23,Run,,FALSE,Counter.mp4,Counter_68.mp4,Counter_,.mp4,2026-03-22,
69,0:20:30,0:20:38,Run,,FALSE,Counter.mp4,Counter_69.mp4,Counter_,.mp4,2026-03-22,
70,0:20:42,0:20:50,Run,,FALSE,Counter.mp4,Counter_70.mp4,Counter_,.mp4,2026-03-22,
71,0:20:58,0:21:08,Run,,FALSE,Counter.mp4,Counter_71.mp4,Counter_,.mp4,2026-03-22,
72,0:21:14,0:21:24,Run,,FALSE,Counter.mp4,Counter_72.mp4,Counter_,.mp4,2026-03-22,
73,0:21:31,0:21:42,Run,,FALSE,Counter.mp4,Counter_73.mp4,Counter_,.mp4,2026-03-22,
74,0:21:51,0:22:05,Run,,FALSE,Counter.mp4,Counter_74.mp4,Counter_,.mp4,2026-03-22,
75,0:22:15,0:22:22,Run,,FALSE,Counter.mp4,Counter_75.mp4,Counter_,.mp4,2026-03-22,
76,0:22:29,0:22:36,Run,,FALSE,Counter.mp4,Counter_76.mp4,Counter_,.mp4,2026-03-22,
77,0:22:46,0:22:55,Run,,FALSE,Counter.mp4,Counter_77.mp4,Counter_,.mp4,2026-03-22,
78,0:23:02,0:23:14,Run,,FALSE,Counter.mp4,Counter_78.mp4,Counter_,.mp4,2026-03-22,
79,0:23:22,0:23:34,Run,,FALSE,Counter.mp4,Counter_79.mp4,Counter_,.mp4,2026-03-22,
80,0:23:40,0:23:51,Run,,FALSE,Counter.mp4,Counter_80.mp4,Counter_,.mp4,2026-03-22,
81,0:23:59,0:24:10,Run,,FALSE,Counter.mp4,Counter_81.mp4,Counter_,.mp4,2026-03-22,
82,0:24:15,0:24:25,Run,,FALSE,Counter.mp4,Counter_82.mp4,Counter_,.mp4,2026-03-22,
83,0:24:34,0:24:41,Run,,FALSE,Counter.mp4,Counter_83.mp4,Counter_,.mp4,2026-03-22,
84,0:24:48,0:25:00,Run,,FALSE,Counter.mp4,Counter_84.mp4,Counter_,.mp4,2026-03-22,
85,0:25:08,0:25:19,Run,,FALSE,Counter.mp4,Counter_85.mp4,Counter_,.mp4,2026-03-22,
86,0:25:23,0:25:33,Run,,FALSE,Counter.mp4,Counter_86.mp4,Counter_,.mp4,2026-03-22,
87,0:25:41,0:25:47,Run,,FALSE,Counter.mp4,Counter_87.mp4,Counter_,.mp4,2026-03-22,
88,0:25:53,0:25:59,Run,,FALSE,Counter.mp4,Counter_88.mp4,Counter_,.mp4,2026-03-22,
89,0:26:06,0:26:18,Run,,FALSE,Counter.mp4,Counter_89.mp4,Counter_,.mp4,2026-03-22,
90,0:26:23,0:26:33,Run,,FALSE,Counter.mp4,Counter_90.mp4,Counter_,.mp4,2026-03-22,
91,0:26:39,0:26:50,Run,,FALSE,Counter.mp4,Counter_91.mp4,Counter_,.mp4,2026-03-22,
92,0:26:58,0:27:10,Run,,FALSE,Counter.mp4,Counter_92.mp4,Counter_,.mp4,2026-03-22,
93,0:27:17,0:27:30,Run,,FALSE,Counter.mp4,Counter_93.mp4,Counter_,.mp4,2026-03-22,
94,0:27:35,0:27:48,Run,,FALSE,Counter.mp4,Counter_94.mp4,Counter_,.mp4,2026-03-22,
95,0:27:54,0:28:03,Run,,FALSE,Counter.mp4,Counter_95.mp4,Counter_,.mp4,2026-03-22,
96,0:28:07,0:28:16,Run,,FALSE,Counter.mp4,Counter_96.mp4,Counter_,.mp4,2026-03-22,
97,0:28:23,0:28:32,Run,,FALSE,Counter.mp4,Counter_97.mp4,Counter_,.mp4,2026-03-22,
98,0:28:39,0:28:52,Run,,FALSE,Counter.mp4,Counter_98.mp4,Counter_,.mp4,2026-03-22,
99,0:28:58,0:29:05,Run,,FALSE,Counter.mp4,Counter_99.mp4,Counter_,.mp4,2026-03-22,
100,0:29:14,0:29:22,Run,,FALSE,Counter.mp4,Counter_100.mp4,Counter_,.mp4,2026-03-22,
101,0:29:30,0:29:41,Run,,FALSE,Counter.mp4,Counter_101.mp4,Counter_,.mp4,2026-03-22,
102,0:29:46,0:29:57,Run,,FALSE,Counter.mp4,Counter_102.mp4,Counter_,.mp4,2026-03-22,
103,0:30:04,0:30:12,Run,,FALSE,Counter.mp4,Counter_103.mp4,Counter_,.mp4,2026-03-22,
104,0:30:17,0:30:25,Run,,FALSE,Counter.mp4,Counter_104.mp4,Counter_,.mp4,2026-03-22,
105,0:30:34,0:30:51,Run,,FALSE,Counter.mp4,Counter_105.mp4,Counter_,.mp4,2026-03-22,
106,0:31:00,0:31:16,Run,,FALSE,Counter.mp4,Counter_106.mp4,Counter_,.mp4,2026-03-22,
107,0:31:23,0:31:31,Run,,FALSE,Counter.mp4,Counter_107.mp4,Counter_,.mp4,2026-03-22,
108,0:31:35,0:31:46,Run,,FALSE,Counter.mp4,Counter_108.mp4,Counter_,.mp4,2026-03-22,
109,0:31:54,0:32:02,Run,,FALSE,Counter.mp4,Counter_109.mp4,Counter_,.mp4,2026-03-22,
110,0:32:06,0:32:13,Run,,FALSE,Counter.mp4,Counter_110.mp4,Counter_,.mp4,2026-03-22,
111,0:32:20,0:32:29,Run,,FALSE,Counter.mp4,Counter_111.mp4,Counter_,.mp4,2026-03-22,
112,0:32:35,0:32:44,Run,,FALSE,Counter.mp4,Counter_112.mp4,Counter_,.mp4,2026-03-22,
113,0:32:53,0:33:04,Run,,FALSE,Counter.mp4,Counter_113.mp4,Counter_,.mp4,2026-03-22,
114,0:33:10,0:33:21,Run,,FALSE,Counter.mp4,Counter_114.mp4,Counter_,.mp4,2026-03-22,
115,0:33:28,0:33:38,Run,,FALSE,Counter.mp4,Counter_115.mp4,Counter_,.mp4,2026-03-22,
116,0:33:45,0:33:55,Run,,FALSE,Counter.mp4,Counter_116.mp4,Counter_,.mp4,2026-03-22,
117,0:34:06,0:34:21,Run,,FALSE,Counter.mp4,Counter_117.mp4,Counter_,.mp4,2026-03-22,
118,0:34:27,0:34:41,Run,,FALSE,Counter.mp4,Counter_118.mp4,Counter_,.mp4,2026-03-22,
119,0:34:50,0:34:59,Run,,FALSE,Counter.mp4,Counter_119.mp4,Counter_,.mp4,2026-03-22,
120,0:35:06,0:35:14,Run,,FALSE,Counter.mp4,Counter_120.mp4,Counter_,.mp4,2026-03-22,
121,0:35:23,0:35:36,Run,,FALSE,Counter.mp4,Counter_121.mp4,Counter_,.mp4,2026-03-22,
122,0:35:41,0:35:49,Run,,FALSE,Counter.mp4,Counter_122.mp4,Counter_,.mp4,2026-03-22,
123,0:35:57,0:36:15,Run,,FALSE,Counter.mp4,Counter_123.mp4,Counter_,.mp4,2026-03-22,
124,0:36:23,0:36:44,Run,,FALSE,Counter.mp4,Counter_124.mp4,Counter_,.mp4,2026-03-22,
125,0:36:57,0:37:08,Run,,FALSE,Counter.mp4,Counter_125.mp4,Counter_,.mp4,2026-03-22,
126,0:37:13,0:37:23,Run,,FALSE,Counter.mp4,Counter_126.mp4,Counter_,.mp4,2026-03-22,
127,0:37:31,0:37:38,Run,,FALSE,Counter.mp4,Counter_127.mp4,Counter_,.mp4,2026-03-22,
128,0:37:45,0:37:52,Run,,FALSE,Counter.mp4,Counter_128.mp4,Counter_,.mp4,2026-03-22,
129,0:38:02,0:38:09,Run,,FALSE,Counter.mp4,Counter_129.mp4,Counter_,.mp4,2026-03-22,
130,0:38:12,0:38:19,Run,,FALSE,Counter.mp4,Counter_130.mp4,Counter_,.mp4,2026-03-22,
131,0:38:24,0:38:33,Run,,FALSE,Counter.mp4,Counter_131.mp4,Counter_,.mp4,2026-03-22,
132,0:38:37,0:38:48,Run,,FALSE,Counter.mp4,Counter_132.mp4,Counter_,.mp4,2026-03-22,
133,0:38:55,0:39:06,Run,,FALSE,Counter.mp4,Counter_133.mp4,Counter_,.mp4,2026-03-22,
134,0:39:11,0:39:28,Run,,FALSE,Counter.mp4,Counter_134.mp4,Counter_,.mp4,2026-03-22,
135,0:39:30,0:39:39,Run,,FALSE,Counter.mp4,Counter_135.mp4,Counter_,.mp4,2026-03-22,
136,0:39:44,0:39:52,Run,,FALSE,Counter.mp4,Counter_136.mp4,Counter_,.mp4,2026-03-22,
137,0:40:00,0:40:21,Run,,FALSE,Counter.mp4,Counter_137.mp4,Counter_,.mp4,2026-03-22,
138,0:40:31,0:40:52,Run,,FALSE,Counter.mp4,Counter_138.mp4,Counter_,.mp4,2026-03-22,
139,0:40:58,0:41:06,Run,,FALSE,Counter.mp4,Counter_139.mp4,Counter_,.mp4,2026-03-22,
140,0:41:11,0:41:19,Run,,FALSE,Counter.mp4,Counter_140.mp4,Counter_,.mp4,2026-03-22,
141,0:41:27,0:41:37,Run,,FALSE,Counter.mp4,Counter_141.mp4,Counter_,.mp4,2026-03-22,
142,0:41:42,0:41:51,Run,,FALSE,Counter.mp4,Counter_142.mp4,Counter_,.mp4,2026-03-22,
143,0:41:58,0:42:09,Run,,FALSE,Counter.mp4,Counter_143.mp4,Counter_,.mp4,2026-03-22,
144,0:42:14,0:42:25,Run,,FALSE,Counter.mp4,Counter_144.mp4,Counter_,.mp4,2026-03-22,
145,0:42:38,0:42:49,Run,,FALSE,Counter.mp4,Counter_145.mp4,Counter_,.mp4,2026-03-22,
146,0:42:58,0:43:10,Run,,FALSE,Counter.mp4,Counter_146.mp4,Counter_,.mp4,2026-03-22,
147,0:43:21,0:43:31,Run,,FALSE,Counter.mp4,Counter_147.mp4,Counter_,.mp4,2026-03-22,
148,0:43:39,0:43:49,Run,,FALSE,Counter.mp4,Counter_148.mp4,Counter_,.mp4,2026-03-22,
149,0:44:02,0:44:11,Run,,FALSE,Counter.mp4,Counter_149.mp4,Counter_,.mp4,2026-03-22,
150,0:44:18,0:44:28,Run,,FALSE,Counter.mp4,Counter_150.mp4,Counter_,.mp4,2026-03-22,
151,0:44:42,0:44:57,Run,,FALSE,Counter.mp4,Counter_151.mp4,Counter_,.mp4,2026-03-22,
152,0:45:05,0:45:17,Run,,FALSE,Counter.mp4,Counter_152.mp4,Counter_,.mp4,2026-03-22,
154,0:45:48,0:46:07,Run,,FALSE,Counter.mp4,Counter_154.mp4,Counter_,.mp4,2026-03-22,
155,0:46:15,0:46:23,Run,,FALSE,Counter.mp4,Counter_155.mp4,Counter_,.mp4,2026-03-22,
156,0:46:27,0:46:35,Run,,FALSE,Counter.mp4,Counter_156.mp4,Counter_,.mp4,2026-03-22,
157,0:46:43,0:46:51,Run,,FALSE,Counter.mp4,Counter_157.mp4,Counter_,.mp4,2026-03-22,
158,0:47:00,0:47:12,Run,,FALSE,Counter.mp4,Counter_158.mp4,Counter_,.mp4,2026-03-22,
159,0:47:21,0:47:31,Run,,FALSE,Counter.mp4,Counter_159.mp4,Counter_,.mp4,2026-03-22,
160,0:47:38,0:47:45,Run,,FALSE,Counter.mp4,Counter_160.mp4,Counter_,.mp4,2026-03-22,
161,0:47:53,0:48:04,Run,,FALSE,Counter.mp4,Counter_161.mp4,Counter_,.mp4,2026-03-22,
162,0:48:10,0:48:18,Run,,FALSE,Counter.mp4,Counter_162.mp4,Counter_,.mp4,2026-03-22,
163,0:48:28,0:48:38,Run,,FALSE,Counter.mp4,Counter_163.mp4,Counter_,.mp4,2026-03-22,
164,0:48:42,0:48:49,Run,,FALSE,Counter.mp4,Counter_164.mp4,Counter_,.mp4,2026-03-22,
165,0:48:58,0:49:07,Run,,FALSE,Counter.mp4,Counter_165.mp4,Counter_,.mp4,2026-03-22,
166,0:49:10,0:49:20,Run,,FALSE,Counter.mp4,Counter_166.mp4,Counter_,.mp4,2026-03-22,
167,0:49:26,0:49:37,Run,,FALSE,Counter.mp4,Counter_167.mp4,Counter_,.mp4,2026-03-22,
168,0:49:23,0:49:51,Run,,FALSE,Counter.mp4,Counter_168.mp4,Counter_,.mp4,2026-03-22,
169,0:50:00,0:50:16,Run,,FALSE,Counter.mp4,Counter_169.mp4,Counter_,.mp4,2026-03-22,
170,0:50:23,0:50:35,Run,,FALSE,Counter.mp4,Counter_170.mp4,Counter_,.mp4,2026-03-22,
171,0:50:44,0:50:53,Run,,FALSE,Counter.mp4,Counter_171.mp4,Counter_,.mp4,2026-03-22,
172,0:50:58,0:51:07,Run,,FALSE,Counter.mp4,Counter_172.mp4,Counter_,.mp4,2026-03-22,
173,0:51:15,0:51:33,Run,,FALSE,Counter.mp4,Counter_173.mp4,Counter_,.mp4,2026-03-22,
174,0:51:38,0:51:56,Run,,FALSE,Counter.mp4,Counter_174.mp4,Counter_,.mp4,2026-03-22,
175,0:52:05,0:52:16,Run,,FALSE,Counter.mp4,Counter_175.mp4,Counter_,.mp4,2026-03-22,
176,0:52:19,0:52:27,Run,,FALSE,Counter.mp4,Counter_176.mp4,Counter_,.mp4,2026-03-22,
177,0:52:36,0:52:47,Run,,FALSE,Counter.mp4,Counter_177.mp4,Counter_,.mp4,2026-03-22,
178,0:52:55,0:53:06,Run,,FALSE,Counter.mp4,Counter_178.mp4,Counter_,.mp4,2026-03-22,
179,0:53:17,0:53:25,Run,,FALSE,Counter.mp4,Counter_179.mp4,Counter_,.mp4,2026-03-22,
180,0:53:33,0:53:43,Run,,FALSE,Counter.mp4,Counter_180.mp4,Counter_,.mp4,2026-03-22,
181,0:53:50,0:54:03,Run,,FALSE,Counter.mp4,Counter_181.mp4,Counter_,.mp4,2026-03-22,
182,0:54:10,0:54:21,Run,,FALSE,Counter.mp4,Counter_182.mp4,Counter_,.mp4,2026-03-22,
183,0:54:27,0:54:37,Run,,FALSE,Counter.mp4,Counter_183.mp4,Counter_,.mp4,2026-03-22,
184,0:54:49,0:55:00,Run,,FALSE,Counter.mp4,Counter_184.mp4,Counter_,.mp4,2026-03-22,
185,0:55:08,0:55:18,Run,,FALSE,Counter.mp4,Counter_185.mp4,Counter_,.mp4,2026-03-22,
186,0:55:26,0:55:38,Run,,FALSE,Counter.mp4,Counter_186.mp4,Counter_,.mp4,2026-03-22,
187,0:55:45,0:55:54,Run,,FALSE,Counter.mp4,Counter_187.mp4,Counter_,.mp4,2026-03-22,
188,0:56:01,0:56:11,Run,,FALSE,Counter.mp4,Counter_188.mp4,Counter_,.mp4,2026-03-22,
189,0:56:18,0:56:30,Run,,FALSE,Counter.mp4,Counter_189.mp4,Counter_,.mp4,2026-03-22,
190,0:56:39,0:56:50,Run,,FALSE,Counter.mp4,Counter_190.mp4,Counter_,.mp4,2026-03-22,
191,0:56:59,0:57:08,Run,,FALSE,Counter.mp4,Counter_191.mp4,Counter_,.mp4,2026-03-22,
192,0:57:13,0:57:22,Run,,FALSE,Counter.mp4,Counter_192.mp4,Counter_,.mp4,2026-03-22,
193,0:57:30,0:57:40,Run,,FALSE,Counter.mp4,Counter_193.mp4,Counter_,.mp4,2026-03-22,
194,0:57:47,0:57:52,Run,,FALSE,Counter.mp4,Counter_194.mp4,Counter_,.mp4,2026-03-22,
195,0:57:58,0:58:09,Run,,FALSE,Counter.mp4,Counter_195.mp4,Counter_,.mp4,2026-03-22,
196,0:58:12,0:58:21,Run,,FALSE,Counter.mp4,Counter_196.mp4,Counter_,.mp4,2026-03-22,
197,0:58:27,0:58:37,Run,,FALSE,Counter.mp4,Counter_197.mp4,Counter_,.mp4,2026-03-22,
198,0:58:44,0:58:54,Run,,FALSE,Counter.mp4,Counter_198.mp4,Counter_,.mp4,2026-03-22,
199,0:59:01,0:59:13,Run,,FALSE,Counter.mp4,Counter_199.mp4,Counter_,.mp4,2026-03-22,
200,0:59:18,0:59:26,Run,,FALSE,Counter.mp4,Counter_200.mp4,Counter_,.mp4,2026-03-22,
201,0:59:33,0:59:41,Run,,FALSE,Counter.mp4,Counter_201.mp4,Counter_,.mp4,2026-03-22,
202,0:59:47,0:59:56,Run,,FALSE,Counter.mp4,Counter_202.mp4,Counter_,.mp4,2026-03-22,
203,1:00:05,1:00:17,Run,,FALSE,Counter.mp4,Counter_203.mp4,Counter_,.mp4,2026-03-22,
204,1:00:22,1:00:34,Run,,FALSE,Counter.mp4,Counter_204.mp4,Counter_,.mp4,2026-03-22,
205,1:00:44,1:00:54,Run,,FALSE,Counter.mp4,Counter_205.mp4,Counter_,.mp4,2026-03-22,
206,1:01:00,1:01:12,Run,,FALSE,Counter.mp4,Counter_206.mp4,Counter_,.mp4,2026-03-22,
207,1:01:20,1:01:26,Run,,FALSE,Counter.mp4,Counter_207.mp4,Counter_,.mp4,2026-03-22,
208,1:01:32,1:01:38,Run,,FALSE,Counter.mp4,Counter_208.mp4,Counter_,.mp4,2026-03-22,
209,1:01:45,1:01:58,Run,,FALSE,Counter.mp4,Counter_209.mp4,Counter_,.mp4,2026-03-22,
210,1:02:05,1:02:16,Run,,FALSE,Counter.mp4,Counter_210.mp4,Counter_,.mp4,2026-03-22,
211,1:02:23,1:02:36,Run,,FALSE,Counter.mp4,Counter_211.mp4,Counter_,.mp4,2026-03-22,
212,1:02:41,1:02:55,Run,,FALSE,Counter.mp4,Counter_212.mp4,Counter_,.mp4,2026-03-22,
213,1:03:07,1:03:19,Run,,FALSE,Counter.mp4,Counter_213.mp4,Counter_,.mp4,2026-03-22,
214,1:03:24,1:03:37,Run,,FALSE,Counter.mp4,Counter_214.mp4,Counter_,.mp4,2026-03-22,
215,1:03:47,1:03:55,Run,,FALSE,Counter.mp4,Counter_215.mp4,Counter_,.mp4,2026-03-22,
216,1:04:00,1:04:09,Run,,FALSE,Counter.mp4,Counter_216.mp4,Counter_,.mp4,2026-03-22,
217,1:04:17,1:04:31,Run,,FALSE,Counter.mp4,Counter_217.mp4,Counter_,.mp4,2026-03-22,
218,1:04:39,1:04:53,Run,,FALSE,Counter.mp4,Counter_218.mp4,Counter_,.mp4,2026-03-22,
219,1:05:09,1:05:21,Run,,FALSE,Counter.mp4,Counter_219.mp4,Counter_,.mp4,2026-03-22,
220,1:05:26,1:05:37,Run,,FALSE,Counter.mp4,Counter_220.mp4,Counter_,.mp4,2026-03-22,
221,1:05:45,1:06:03,Run,,FALSE,Counter.mp4,Counter_221.mp4,Counter_,.mp4,2026-03-22,
222,1:06:09,1:06:28,Run,,FALSE,Counter.mp4,Counter_222.mp4,Counter_,.mp4,2026-03-22,
223,1:06:35,1:06:43,Run,,FALSE,Counter.mp4,Counter_223.mp4,Counter_,.mp4,2026-03-22,
224,1:06:47,1:06:57,Run,,FALSE,Counter.mp4,Counter_224.mp4,Counter_,.mp4,2026-03-22,
225,1:07:04,1:07:15,Run,,FALSE,Counter.mp4,Counter_225.mp4,Counter_,.mp4,2026-03-22,
226,1:07:19,1:07:31,Run,,FALSE,Counter.mp4,Counter_226.mp4,Counter_,.mp4,2026-03-22,
227,1:07:38,1:07:46,Run,,FALSE,Counter.mp4,Counter_227.mp4,Counter_,.mp4,2026-03-22,
228,1:07:53,1:08:03,Run,,FALSE,Counter.mp4,Counter_228.mp4,Counter_,.mp4,2026-03-22,
229,1:08:12,1:08:24,Run,,FALSE,Counter.mp4,Counter_229.mp4,Counter_,.mp4,2026-03-22,
230,1:08:30,1:08:43,Run,,FALSE,Counter.mp4,Counter_230.mp4,Counter_,.mp4,2026-03-22,
231,1:08:51,1:08:58,Run,,FALSE,Counter.mp4,Counter_231.mp4,Counter_,.mp4,2026-03-22,
232,1:09:04,1:09:11,Run,,FALSE,Counter.mp4,Counter_232.mp4,Counter_,.mp4,2026-03-22,
233,1:09:20,1:09:34,Run,,FALSE,Counter.mp4,Counter_233.mp4,Counter_,.mp4,2026-03-22,
234,1:09:40,1:10:00,Run,,FALSE,Counter.mp4,Counter_234.mp4,Counter_,.mp4,2026-03-22,
235,1:10:08,1:10:18,Run,,FALSE,Counter.mp4,Counter_235.mp4,Counter_,.mp4,2026-03-22,
236,1:10:23,1:10:35,Run,,FALSE,Counter.mp4,Counter_236.mp4,Counter_,.mp4,2026-03-22,
237,1:10:43,1:10:52,Run,,FALSE,Counter.mp4,Counter_237.mp4,Counter_,.mp4,2026-03-22,
238,1:10:56,1:11:05,Run,,FALSE,Counter.mp4,Counter_238.mp4,Counter_,.mp4,2026-03-22,
239,1:11:13,1:11:32,Run,,FALSE,Counter.mp4,Counter_239.mp4,Counter_,.mp4,2026-03-22,
240,1:11:53,1:12:02,Run,,FALSE,Counter.mp4,Counter_240.mp4,Counter_,.mp4,2026-03-22,
241,1:12:15,1:12:24,Run,,FALSE,Counter.mp4,Counter_241.mp4,Counter_,.mp4,2026-03-22,
242,1:12:32,1:12:40,Run,,FALSE,Counter.mp4,Counter_242.mp4,Counter_,.mp4,2026-03-22,
243,1:12:47,1:13:02,Run,,FALSE,Counter.mp4,Counter_243.mp4,Counter_,.mp4,2026-03-22,
244,1:13:06,1:13:15,Run,,FALSE,Counter.mp4,Counter_244.mp4,Counter_,.mp4,2026-03-22,
245,1:13:23,1:13:32,Run,,FALSE,Counter.mp4,Counter_245.mp4,Counter_,.mp4,2026-03-22,
246,1:13:38,1:13:45,Run,,FALSE,Counter.mp4,Counter_246.mp4,Counter_,.mp4,2026-03-22,
247,1:13:59,1:14:10,Run,,FALSE,Counter.mp4,Counter_247.mp4,Counter_,.mp4,2026-03-22,
248,1:14:15,1:14:26,Run,,FALSE,Counter.mp4,Counter_248.mp4,Counter_,.mp4,2026-03-22,
249,1:14:42,1:14:50,Run,,FALSE,Counter.mp4,Counter_249.mp4,Counter_,.mp4,2026-03-22,
250,1:14:58,1:15:07,Run,,FALSE,Counter.mp4,Counter_250.mp4,Counter_,.mp4,2026-03-22,
251,1:15:16,1:15:24,Run,,FALSE,Counter.mp4,Counter_251.mp4,Counter_,.mp4,2026-03-22,
252,1:15:31,1:15:38,Run,,FALSE,Counter.mp4,Counter_252.mp4,Counter_,.mp4,2026-03-22,
253,1:15:47,1:15:59,Run,,FALSE,Counter.mp4,Counter_253.mp4,Counter_,.mp4,2026-03-22,
254,1:16:06,1:16:17,Run,,FALSE,Counter.mp4,Counter_254.mp4,Counter_,.mp4,2026-03-22,
255,1:16:25,1:16:36,Run,,FALSE,Counter.mp4,Counter_255.mp4,Counter_,.mp4,2026-03-22,
256,1:16:43,1:16:55,Run,,FALSE,Counter.mp4,Counter_256.mp4,Counter_,.mp4,2026-03-22,
257,1:17:05,1:17:15,Run,,FALSE,Counter.mp4,Counter_257.mp4,Counter_,.mp4,2026-03-22,
258,1:17:22,1:17:32,Run,,FALSE,Counter.mp4,Counter_258.mp4,Counter_,.mp4,2026-03-22,
259,1:17:43,1:17:52,Run,,FALSE,Counter.mp4,Counter_259.mp4,Counter_,.mp4,2026-03-22,
260,1:17:57,1:18:05,Run,,FALSE,Counter.mp4,Counter_260.mp4,Counter_,.mp4,2026-03-22,
261,1:18:15,1:18:28,Run,,FALSE,Counter.mp4,Counter_261.mp4,Counter_,.mp4,2026-03-22,
262,1:18:39,1:18:49,Run,,FALSE,Counter.mp4,Counter_262.mp4,Counter_,.mp4,2026-03-22,
263,1:18:57,1:19:04,Run,,FALSE,Counter.mp4,Counter_263.mp4,Counter_,.mp4,2026-03-22,
264,1:19:08,1:19:15,Run,,FALSE,Counter.mp4,Counter_264.mp4,Counter_,.mp4,2026-03-22,
265,1:19:21,1:19:30,Run,,FALSE,Counter.mp4,Counter_265.mp4,Counter_,.mp4,2026-03-22,
266,1:19:34,1:19:41,Run,,FALSE,Counter.mp4,Counter_266.mp4,Counter_,.mp4,2026-03-22,
267,1:19:48,1:20:00,Run,,FALSE,Counter.mp4,Counter_267.mp4,Counter_,.mp4,2026-03-22,
268,1:20:06,1:20:19,Run,,FALSE,Counter.mp4,Counter_268.mp4,Counter_,.mp4,2026-03-22,
269,1:20:28,1:20:42,Run,,FALSE,Counter.mp4,Counter_269.mp4,Counter_,.mp4,2026-03-22,
270,1:20:50,1:21:02,Run,,FALSE,Counter.mp4,Counter_270.mp4,Counter_,.mp4,2026-03-22,
271,1:21:10,1:21:18,Run,,FALSE,Counter.mp4,Counter_271.mp4,Counter_,.mp4,2026-03-22,
272,1:21:22,1:21:28,Run,,FALSE,Counter.mp4,Counter_272.mp4,Counter_,.mp4,2026-03-22,
273,1:21:36,1:21:49,Run,,FALSE,Counter.mp4,Counter_273.mp4,Counter_,.mp4,2026-03-22,
274,1:21:54,1:22:06,Run,,FALSE,Counter.mp4,Counter_274.mp4,Counter_,.mp4,2026-03-22,
275,1:22:15,1:22:23,Run,,FALSE,Counter.mp4,Counter_275.mp4,Counter_,.mp4,2026-03-22,
276,1:22:29,1:22:38,Run,,FALSE,Counter.mp4,Counter_276.mp4,Counter_,.mp4,2026-03-22,
277,1:22:45,1:22:51,Run,,FALSE,Counter.mp4,Counter_277.mp4,Counter_,.mp4,2026-03-22,
278,1:22:57,1:23:05,Run,,FALSE,Counter.mp4,Counter_278.mp4,Counter_,.mp4,2026-03-22,
279,1:23:13,1:23:23,Run,,FALSE,Counter.mp4,Counter_279.mp4,Counter_,.mp4,2026-03-22,
280,1:23:29,1:23:37,Run,,FALSE,Counter.mp4,Counter_280.mp4,Counter_,.mp4,2026-03-22,
281,1:23:48,1:24:03,Run,,FALSE,Counter.mp4,Counter_281.mp4,Counter_,.mp4,2026-03-22,
282,1:24:09,1:24:24,Run,,FALSE,Counter.mp4,Counter_282.mp4,Counter_,.mp4,2026-03-22,
283,1:24:33,1:24:43,Run,,FALSE,Counter.mp4,Counter_283.mp4,Counter_,.mp4,2026-03-22,
284,1:24:47,1:24:57,Run,,FALSE,Counter.mp4,Counter_284.mp4,Counter_,.mp4,2026-03-22,
285,1:25:05,1:25:18,Run,,FALSE,Counter.mp4,Counter_285.mp4,Counter_,.mp4,2026-03-22,
286,1:25:25,1:25:33,Run,,FALSE,Counter.mp4,Counter_286.mp4,Counter_,.mp4,2026-03-22,
287,1:25:41,1:25:53,Run,,FALSE,Counter.mp4,Counter_287.mp4,Counter_,.mp4,2026-03-22,
288,1:25:58,1:26:09,Run,,FALSE,Counter.mp4,Counter_288.mp4,Counter_,.mp4,2026-03-22,
289,1:26:15,1:26:25,Run,,FALSE,Counter.mp4,Counter_289.mp4,Counter_,.mp4,2026-03-22,
290,1:26:32,1:26:42,Run,,FALSE,Counter.mp4,Counter_290.mp4,Counter_,.mp4,2026-03-22,
291,1:26:50,1:27:05,Run,,FALSE,Counter.mp4,Counter_291.mp4,Counter_,.mp4,2026-03-22,
292,1:27:10,1:27:20,Run,,FALSE,Counter.mp4,Counter_292.mp4,Counter_,.mp4,2026-03-22,
293,1:27:30,1:27:41,Run,,FALSE,Counter.mp4,Counter_293.mp4,Counter_,.mp4,2026-03-22,
294,1:27:45,1:27:54,Run,,FALSE,Counter.mp4,Counter_294.mp4,Counter_,.mp4,2026-03-22,
295,1:28:02,1:28:15,Run,,FALSE,Counter.mp4,Counter_295.mp4,Counter_,.mp4,2026-03-22,
296,1:28:20,1:28:34,Run,,FALSE,Counter.mp4,Counter_296.mp4,Counter_,.mp4,2026-03-22,
297,1:28:43,1:28:52,Run,,FALSE,Counter.mp4,Counter_297.mp4,Counter_,.mp4,2026-03-22,
298,1:28:57,1:29:06,Run,,FALSE,Counter.mp4,Counter_298.mp4,Counter_,.mp4,2026-03-22,
299,1:29:13,1:29:25,Run,,FALSE,Counter.mp4,Counter_299.mp4,Counter_,.mp4,2026-03-22,
300,1:29:28,1:29:40,Run,,FALSE,Counter.mp4,Counter_300.mp4,Counter_,.mp4,2026-03-22,
301,1:29:47,1:29:57,Run,,FALSE,Counter.mp4,Counter_301.mp4,Counter_,.mp4,2026-03-22,
302,1:30:00,1:30:10,Run,,FALSE,Counter.mp4,Counter_302.mp4,Counter_,.mp4,2026-03-22,
303,1:30:17,1:30:25,Run,,FALSE,Counter.mp4,Counter_303.mp4,Counter_,.mp4,2026-03-22,
304,1:30:29,1:30:37,Run,,FALSE,Counter.mp4,Counter_304.mp4,Counter_,.mp4,2026-03-22,
305,1:30:44,1:30:54,Run,,FALSE,Counter.mp4,Counter_305.mp4,Counter_,.mp4,2026-03-22,
306,1:30:58,1:31:09,Run,,FALSE,Counter.mp4,Counter_306.mp4,Counter_,.mp4,2026-03-22,
307,1:31:17,1:31:23,Run,,FALSE,Counter.mp4,Counter_307.mp4,Counter_,.mp4,2026-03-22,
308,1:31:27,1:31:34,Run,,FALSE,Counter.mp4,Counter_308.mp4,Counter_,.mp4,2026-03-22,
309,1:31:32,1:31:50,Run,,FALSE,Counter.mp4,Counter_309.mp4,Counter_,.mp4,2026-03-22,
310,1:31:56,1:32:03,Run,,FALSE,Counter.mp4,Counter_310.mp4,Counter_,.mp4,2026-03-22,
311,1:32:20,1:32:25,Run,,FALSE,Counter.mp4,Counter_311.mp4,Counter_,.mp4,2026-03-22,
312,1:32:32,1:32:46,Run,,FALSE,Counter.mp4,Counter_312.mp4,Counter_,.mp4,2026-03-22,
313,1:32:54,1:33:00,Run,,FALSE,Counter.mp4,Counter_313.mp4,Counter_,.mp4,2026-03-22,
314,1:33:07,1:33:14,Run,,FALSE,Counter.mp4,Counter_314.mp4,Counter_,.mp4,2026-03-22,
315,1:33:22,1:33:30,Run,,FALSE,Counter.mp4,Counter_315.mp4,Counter_,.mp4,2026-03-22,
316,1:33:34,1:33:44,Run,,FALSE,Counter.mp4,Counter_316.mp4,Counter_,.mp4,2026-03-22,
317,1:33:52,1:34:04,Run,,FALSE,Counter.mp4,Counter_317.mp4,Counter_,.mp4,2026-03-22,
318,1:34:10,1:34:20,Run,,FALSE,Counter.mp4,Counter_318.mp4,Counter_,.mp4,2026-03-22,
319,1:34:29,1:34:39,Run,,FALSE,Counter.mp4,Counter_319.mp4,Counter_,.mp4,2026-03-22,
320,1:34:42,1:34:52,Run,,FALSE,Counter.mp4,Counter_320.mp4,Counter_,.mp4,2026-03-22,
321,1:34:57,1:35:07,Run,,FALSE,Counter.mp4,Counter_321.mp4,Counter_,.mp4,2026-03-22,
322,1:35:11,1:35:19,Run,,FALSE,Counter.mp4,Counter_322.mp4,Counter_,.mp4,2026-03-22,
323,1:35:27,1:35:40,Run,,FALSE,Counter.mp4,Counter_323.mp4,Counter_,.mp4,2026-03-22,
324,1:35:47,1:35:57,Run,,FALSE,Counter.mp4,Counter_324.mp4,Counter_,.mp4,2026-03-22,
325,1:36:07,1:36:22,Run,,FALSE,Counter.mp4,Counter_325.mp4,Counter_,.mp4,2026-03-22,
326,1:36:30,1:36:44,Run,,FALSE,Counter.mp4,Counter_326.mp4,Counter_,.mp4,2026-03-22,
327,1:36:54,1:37:02,Run,,FALSE,Counter.mp4,Counter_327.mp4,Counter_,.mp4,2026-03-22,
328,1:37:07,1:37:18,Run,,FALSE,Counter.mp4,Counter_328.mp4,Counter_,.mp4,2026-03-22,
329,1:37:23,1:37:37,Run,,FALSE,Counter.mp4,Counter_329.mp4,Counter_,.mp4,2026-03-22,
330,1:37:41,1:37:51,Run,,FALSE,Counter.mp4,Counter_330.mp4,Counter_,.mp4,2026-03-22,
331,1:37:59,1:38:10,Run,,FALSE,Counter.mp4,Counter_331.mp4,Counter_,.mp4,2026-03-22,
332,1:38:17,1:38:30,Run,,FALSE,Counter.mp4,Counter_332.mp4,Counter_,.mp4,2026-03-22,
333,1:38:38,1:38:49,Run,,FALSE,Counter.mp4,Counter_333.mp4,Counter_,.mp4,2026-03-22,
334,1:38:54,1:39:04,Run,,FALSE,Counter.mp4,Counter_334.mp4,Counter_,.mp4,2026-03-22,
335,1:39:14,1:39:20,Run,,FALSE,Counter.mp4,Counter_335.mp4,Counter_,.mp4,2026-03-22,
336,1:39:25,1:39:32,Run,,FALSE,Counter.mp4,Counter_336.mp4,Counter_,.mp4,2026-03-22,
337,1:39:41,1:39:51,Run,,FALSE,Counter.mp4,Counter_337.mp4,Counter_,.mp4,2026-03-22,
338,1:39:58,1:40:11,Run,,FALSE,Counter.mp4,Counter_338.mp4,Counter_,.mp4,2026-03-22,
339,1:40:23,1:40:31,Run,,FALSE,Counter.mp4,Counter_339.mp4,Counter_,.mp4,2026-03-22,
340,1:40:36,1:40:45,Run,,FALSE,Counter.mp4,Counter_340.mp4,Counter_,.mp4,2026-03-22,
341,1:40:51,1:41:01,Run,,FALSE,Counter.mp4,Counter_341.mp4,Counter_,.mp4,2026-03-22,
342,1:41:06,1:41:16,Run,,FALSE,Counter.mp4,Counter_342.mp4,Counter_,.mp4,2026-03-22,
343,1:41:22,1:41:34,Run,,FALSE,Counter.mp4,Counter_343.mp4,Counter_,.mp4,2026-03-22,
344,1:41:38,1:41:50,Run,,FALSE,Counter.mp4,Counter_344.mp4,Counter_,.mp4,2026-03-22,
345,1:41:57,1:42:05,Run,,FALSE,Counter.mp4,Counter_345.mp4,Counter_,.mp4,2026-03-22,
346,1:42:10,1:42:17,Run,,FALSE,Counter.mp4,Counter_346.mp4,Counter_,.mp4,2026-03-22,
347,1:42:25,1:42:32,Run,,FALSE,Counter.mp4,Counter_347.mp4,Counter_,.mp4,2026-03-22,
348,1:42:38,1:42:46,Run,,FALSE,Counter.mp4,Counter_348.mp4,Counter_,.mp4,2026-03-22,
349,1:42:56,1:43:12,Run,,FALSE,Counter.mp4,Counter_349.mp4,Counter_,.mp4,2026-03-22,
350,1:43:19,1:43:33,Run,,FALSE,Counter.mp4,Counter_350.mp4,Counter_,.mp4,2026-03-22,
351,1:43:41,1:43:49,Run,,FALSE,Counter.mp4,Counter_351.mp4,Counter_,.mp4,2026-03-22,
352,1:43:52,1:43:59,Run,,FALSE,Counter.mp4,Counter_352.mp4,Counter_,.mp4,2026-03-22,
353,1:44:05,1:44:11,Run,,FALSE,Counter.mp4,Counter_353.mp4,Counter_,.mp4,2026-03-22,
354,1:44:16,1:44:22,Run,,FALSE,Counter.mp4,Counter_354.mp4,Counter_,.mp4,2026-03-22,
355,1:44:29,1:44:40,Run,,FALSE,Counter.mp4,Counter_355.mp4,Counter_,.mp4,2026-03-22,
356,1:44:47,1:45:01,Run,,FALSE,Counter.mp4,Counter_356.mp4,Counter_,.mp4,2026-03-22,
357,1:45:08,1:45:24,Run,,FALSE,Counter.mp4,Counter_357.mp4,Counter_,.mp4,2026-03-22,
358,1:45:28,1:45:44,Run,,FALSE,Counter.mp4,Counter_358.mp4,Counter_,.mp4,2026-03-22,
359,1:45:50,1:46:01,Run,,FALSE,Counter.mp4,Counter_359.mp4,Counter_,.mp4,2026-03-22,
360,1:46:12,1:46:19,Run,,FALSE,Counter.mp4,Counter_360.mp4,Counter_,.mp4,2026-03-22,
361,1:46:28,1:46:32,Run,,FALSE,Counter.mp4,Counter_361.mp4,Counter_,.mp4,2026-03-22,
362,1:46:44,1:46:51,Run,,FALSE,Counter.mp4,Counter_362.mp4,Counter_,.mp4,2026-03-22,
363,1:46:53,1:47:03,Run,,FALSE,Counter.mp4,Counter_363.mp4,Counter_,.mp4,2026-03-22,
364,1:47:09,1:47:20,Run,,FALSE,Counter.mp4,Counter_364.mp4,Counter_,.mp4,2026-03-22,
365,1:47:30,1:47:42,Run,,FALSE,Counter.mp4,Counter_365.mp4,Counter_,.mp4,2026-03-22,
366,1:47:54,1:48:03,Run,,FALSE,Counter.mp4,Counter_366.mp4,Counter_,.mp4,2026-03-22,
367,1:48:15,1:48:26,Run,,FALSE,Counter.mp4,Counter_367.mp4,Counter_,.mp4,2026-03-22,
368,1:48:33,1:48:43,Run,,FALSE,Counter.mp4,Counter_368.mp4,Counter_,.mp4,2026-03-22,
369,1:48:51,1:48:59,Run,,FALSE,Counter.mp4,Counter_369.mp4,Counter_,.mp4,2026-03-22,
370,1:49:03,1:49:11,Run,,FALSE,Counter.mp4,Counter_370.mp4,Counter_,.mp4,2026-03-22,
371,1:49:19,1:49:31,Run,,FALSE,Counter.mp4,Counter_371.mp4,Counter_,.mp4,2026-03-22,
372,1:49:40,1:49:55,Run,,FALSE,Counter.mp4,Counter_372.mp4,Counter_,.mp4,2026-03-22,
373,1:50:02,1:50:13,Run,,FALSE,Counter.mp4,Counter_373.mp4,Counter_,.mp4,2026-03-22,
374,1:50:17,1:50:26,Run,,FALSE,Counter.mp4,Counter_374.mp4,Counter_,.mp4,2026-03-22,
375,1:50:33,1:50:53,Run,,FALSE,Counter.mp4,Counter_375.mp4,Counter_,.mp4,2026-03-22,
376,1:50:59,1:51:19,Run,,FALSE,Counter.mp4,Counter_376.mp4,Counter_,.mp4,2026-03-22,
377,1:51:27,1:51:37,Run,,FALSE,Counter.mp4,Counter_377.mp4,Counter_,.mp4,2026-03-22,
378,1:51:42,1:51:55,Run,,FALSE,Counter.mp4,Counter_378.mp4,Counter_,.mp4,2026-03-22,
379,1:52:04,1:52:11,Run,,FALSE,Counter.mp4,Counter_379.mp4,Counter_,.mp4,2026-03-22,
380,1:52:23,1:52:30,Run,,FALSE,Counter.mp4,Counter_380.mp4,Counter_,.mp4,2026-03-22,
381,1:52:39,1:52:55,Run,,FALSE,Counter.mp4,Counter_381.mp4,Counter_,.mp4,2026-03-22,
382,1:53:01,1:53:14,Run,,FALSE,Counter.mp4,Counter_382.mp4,Counter_,.mp4,2026-03-22,
383,1:53:20,1:53:35,Run,,FALSE,Counter.mp4,Counter_383.mp4,Counter_,.mp4,2026-03-22,
384,1:53:38,1:53:51,Run,,FALSE,Counter.mp4,Counter_384.mp4,Counter_,.mp4,2026-03-22,
385,1:53:58,1:54:11,Run,,FALSE,Counter.mp4,Counter_385.mp4,Counter_,.mp4,2026-03-22,
386,1:54:14,1:54:27,Run,,FALSE,Counter.mp4,Counter_386.mp4,Counter_,.mp4,2026-03-22,
387,1:54:34,1:54:44,Run,,FALSE,Counter.mp4,Counter_387.mp4,Counter_,.mp4,2026-03-22,
388,1:54:48,1:54:55,Run,,FALSE,Counter.mp4,Counter_388.mp4,Counter_,.mp4,2026-03-22,
389,1:55:02,1:55:15,Run,,FALSE,Counter.mp4,Counter_389.mp4,Counter_,.mp4,2026-03-22,
390,1:55:21,1:55:34,Run,,FALSE,Counter.mp4,Counter_390.mp4,Counter_,.mp4,2026-03-22,
391,1:55:39,1:55:47,Run,,FALSE,Counter.mp4,Counter_391.mp4,Counter_,.mp4,2026-03-22,
392,1:55:52,1:55:59,Run,,FALSE,Counter.mp4,Counter_392.mp4,Counter_,.mp4,2026-03-22,
393,1:56:06,1:56:15,Run,,FALSE,Counter.mp4,Counter_393.mp4,Counter_,.mp4,2026-03-22,
394,1:56:21,1:56:31,Run,,FALSE,Counter.mp4,Counter_394.mp4,Counter_,.mp4,2026-03-22,
1,0:00:05,0:00:14,Run,,FALSE,Duo_YT_clip1_raw.mp4,Duo_1.mp4,Duo_,.mp4,2026-03-22,
2,0:00:19,0:00:27,Run,,FALSE,Duo_YT_clip1_raw.mp4,Duo_2.mp4,Duo_,.mp4,2026-03-22,
3,0:00:32,0:00:45,Run,,FALSE,Duo_YT_clip1_raw.mp4,Duo_3.mp4,Duo_,.mp4,2026-03-22,
4,0:00:48,0:00:59,Run,,FALSE,Duo_YT_clip1_raw.mp4,Duo_4.mp4,Duo_,.mp4,2026-03-22,
5,0:01:05,0:01:12,Run,,FALSE,Duo_YT_clip1_raw.mp4,Duo_5.mp4,Duo_,.mp4,2026-03-22,
6,0:01:18,0:01:28,Run,,FALSE,Duo_YT_clip1_raw.mp4,Duo_6.mp4,Duo_,.mp4,2026-03-22,
7,0:01:32,0:01:44,Run,,FALSE,Duo_YT_clip1_raw.mp4,Duo_7.mp4,Duo_,.mp4,2026-03-22,
8,0:01:49,0:02:01,Run,,FALSE,Duo_YT_clip1_raw.mp4,Duo_8.mp4,Duo_,.mp4,2026-03-22,
9,0:02:10,0:02:17,Run,,FALSE,Duo_YT_clip1_raw.mp4,Duo_9.mp4,Duo_,.mp4,2026-03-22,
10,0:02:23,0:02:29,Run,,FALSE,Duo_YT_clip1_raw.mp4,Duo_10.mp4,Duo_,.mp4,2026-03-22,
11,0:02:40,0:02:45,Run,,FALSE,Duo_YT_clip1_raw.mp4,Duo_11.mp4,Duo_,.mp4,2026-03-22,
12,0:02:50,0:03:02,Run,,FALSE,Duo_YT_clip1_raw.mp4,Duo_12.mp4,Duo_,.mp4,2026-03-22,
13,0:03:09,0:03:21,Run,,FALSE,Duo_YT_clip1_raw.mp4,Duo_13.mp4,Duo_,.mp4,2026-03-22,
14,0:03:25,0:03:37,Run,,FALSE,Duo_YT_clip1_raw.mp4,Duo_14.mp4,Duo_,.mp4,2026-03-22,
15,0:03:44,0:03:50,Run,,FALSE,Duo_YT_clip1_raw.mp4,Duo_15.mp4,Duo_,.mp4,2026-03-22,
16,0:03:56,0:04:01,Run,,FALSE,Duo_YT_clip1_raw.mp4,Duo_16.mp4,Duo_,.mp4,2026-03-22,
17,0:04:10,0:04:21,Run,,FALSE,Duo_YT_clip1_raw.mp4,Duo_17.mp4,Duo_,.mp4,2026-03-22,
18,0:04:27,0:04:38,Run,,FALSE,Duo_YT_clip1_raw.mp4,Duo_18.mp4,Duo_,.mp4,2026-03-22,
19,0:04:45,0:04:52,Run,,FALSE,Duo_YT_clip1_raw.mp4,Duo_19.mp4,Duo_,.mp4,2026-03-22,
20,0:04:58,0:05:05,Run,,FALSE,Duo_YT_clip1_raw.mp4,Duo_20.mp4,Duo_,.mp4,2026-03-22,
21,0:05:13,0:05:27,Run,,FALSE,Duo_YT_clip1_raw.mp4,Duo_21.mp4,Duo_,.mp4,2026-03-22,
22,0:05:35,0:05:46,Run,,FALSE,Duo_YT_clip1_raw.mp4,Duo_22.mp4,Duo_,.mp4,2026-03-22,
23,0:05:52,0:06:00,Run,,FALSE,Duo_YT_clip1_raw.mp4,Duo_23.mp4,Duo_,.mp4,2026-03-22,
24,0:06:05,0:06:14,Run,,FALSE,Duo_YT_clip1_raw.mp4,Duo_24.mp4,Duo_,.mp4,2026-03-22,
25,0:06:21,0:06:30,Run,,FALSE,Duo_YT_clip1_raw.mp4,Duo_25.mp4,Duo_,.mp4,2026-03-22,
26,0:06:36,0:06:42,Run,,FALSE,Duo_YT_clip1_raw.mp4,Duo_26.mp4,Duo_,.mp4,2026-03-22,
27,0:06:50,0:07:01,Run,,FALSE,Duo_YT_clip1_raw.mp4,Duo_27.mp4,Duo_,.mp4,2026-03-22,
28,0:07:06,0:07:17,Run,,FALSE,Duo_YT_clip1_raw.mp4,Duo_28.mp4,Duo_,.mp4,2026-03-22,
29,0:07:23,0:07:32,Run,,FALSE,Duo_YT_clip1_raw.mp4,Duo_29.mp4,Duo_,.mp4,2026-03-22,
30,0:07:38,0:07:47,Run,,FALSE,Duo_YT_clip1_raw.mp4,Duo_30.mp4,Duo_,.mp4,2026-03-22,
31,0:07:54,0:08:03,Run,,FALSE,Duo_YT_clip1_raw.mp4,Duo_31.mp4,Duo_,.mp4,2026-03-22,
32,0:08:08,0:08:16,Run,,FALSE,Duo_YT_clip1_raw.mp4,Duo_32.mp4,Duo_,.mp4,2026-03-22,
33,0:08:23,0:08:45,Run,,FALSE,Duo_YT_clip1_raw.mp4,Duo_33.mp4,Duo_,.mp4,2026-03-22,
34,0:08:50,0:09:02,Run,,FALSE,Duo_YT_clip1_raw.mp4,Duo_34.mp4,Duo_,.mp4,2026-03-22,
35,0:09:09,0:09:22,Run,,FALSE,Duo_YT_clip1_raw.mp4,Duo_35.mp4,Duo_,.mp4,2026-03-22,
36,0:09:29,0:09:40,Run,,FALSE,Duo_YT_clip1_raw.mp4,Duo_36.mp4,Duo_,.mp4,2026-03-22,
37,0:09:48,0:09:55,Run,,FALSE,Duo_YT_clip1_raw.mp4,Duo_37.mp4,Duo_,.mp4,2026-03-22,
38,0:10:00,0:10:08,Run,,FALSE,Duo_YT_clip1_raw.mp4,Duo_38.mp4,Duo_,.mp4,2026-03-22,
39,0:10:16,0:10:25,Run,,FALSE,Duo_YT_clip1_raw.mp4,Duo_39.mp4,Duo_,.mp4,2026-03-22,
40,0:10:31,0:10:42,Run,,FALSE,Duo_YT_clip1_raw.mp4,Duo_40.mp4,Duo_,.mp4,2026-03-22,
41,0:10:48,0:10:57,Run,,FALSE,Duo_YT_clip1_raw.mp4,Duo_41.mp4,Duo_,.mp4,2026-03-22,
42,0:11:03,0:11:12,Run,,FALSE,Duo_YT_clip1_raw.mp4,Duo_42.mp4,Duo_,.mp4,2026-03-22,
43,0:11:19,0:11:29,Run,,FALSE,Duo_YT_clip1_raw.mp4,Duo_43.mp4,Duo_,.mp4,2026-03-22,
44,0:11:38,0:11:48,Run,,FALSE,Duo_YT_clip1_raw.mp4,Duo_44.mp4,Duo_,.mp4,2026-03-22,
45,0:11:59,0:12:08,Run,,FALSE,Duo_YT_clip1_raw.mp4,Duo_45.mp4,Duo_,.mp4,2026-03-22,
46,0:12:13,0:12:21,Run,,FALSE,Duo_YT_clip1_raw.mp4,Duo_46.mp4,Duo_,.mp4,2026-03-22,
47,0:12:27,0:12:35,Run,,FALSE,Duo_YT_clip1_raw.mp4,Duo_47.mp4,Duo_,.mp4,2026-03-22,
48,0:12:39,0:12:47,Run,,FALSE,Duo_YT_clip1_raw.mp4,Duo_48.mp4,Duo_,.mp4,2026-03-22,
49,0:12:55,0:13:03,Run,,FALSE,Duo_YT_clip1_raw.mp4,Duo_49.mp4,Duo_,.mp4,2026-03-22,
50,0:13:08,0:13:17,Run,,FALSE,Duo_YT_clip1_raw.mp4,Duo_50.mp4,Duo_,.mp4,2026-03-22,
51,0:13:24,0:13:37,Run,,FALSE,Duo_YT_clip1_raw.mp4,Duo_51.mp4,Duo_,.mp4,2026-03-22,
52,0:13:42,0:13:50,Run,,FALSE,Duo_YT_clip1_raw.mp4,Duo_52.mp4,Duo_,.mp4,2026-03-22,
53,0:13:56,0:14:08,Run,,FALSE,Duo_YT_clip1_raw.mp4,Duo_53.mp4,Duo_,.mp4,2026-03-22,
54,0:14:14,0:14:23,Run,,FALSE,Duo_YT_clip1_raw.mp4,Duo_54.mp4,Duo_,.mp4,2026-03-22,
55,0:14:32,0:14:38,Run,,FALSE,Duo_YT_clip1_raw.mp4,Duo_55.mp4,Duo_,.mp4,2026-03-22,
56,0:14:44,0:14:50,Run,,FALSE,Duo_YT_clip1_raw.mp4,Duo_56.mp4,Duo_,.mp4,2026-03-22,
57,0:14:58,0:15:10,Run,,FALSE,Duo_YT_clip1_raw.mp4,Duo_57.mp4,Duo_,.mp4,2026-03-22,
58,0:15:13,0:15:25,Run,,FALSE,Duo_YT_clip1_raw.mp4,Duo_58.mp4,Duo_,.mp4,2026-03-22,
59,0:15:33,0:15:44,Run,,FALSE,Duo_YT_clip1_raw.mp4,Duo_59.mp4,Duo_,.mp4,2026-03-22,
60,0:15:47,0:15:57,Run,,FALSE,Duo_YT_clip1_raw.mp4,Duo_60.mp4,Duo_,.mp4,2026-03-22,
61,0:16:03,0:16:12,Run,,FALSE,Duo_YT_clip1_raw.mp4,Duo_61.mp4,Duo_,.mp4,2026-03-22,
62,0:16:16,0:16:21,Run,,FALSE,Duo_YT_clip1_raw.mp4,Duo_62.mp4,Duo_,.mp4,2026-03-22,
63,0:16:27,0:16:34,Run,,FALSE,Duo_YT_clip1_raw.mp4,Duo_63.mp4,Duo_,.mp4,2026-03-22,
64,0:16:38,0:16:43,Run,,FALSE,Duo_YT_clip1_raw.mp4,Duo_64.mp4,Duo_,.mp4,2026-03-22,
65,0:16:48,0:16:54,Run,,FALSE,Duo_YT_clip1_raw.mp4,Duo_65.mp4,Duo_,.mp4,2026-03-22,
66,0:16:58,0:17:05,Run,,FALSE,Duo_YT_clip1_raw.mp4,Duo_66.mp4,Duo_,.mp4,2026-03-22,
67,0:17:13,0:17:20,Run,,FALSE,Duo_YT_clip1_raw.mp4,Duo_67.mp4,Duo_,.mp4,2026-03-22,
68,0:17:26,0:17:31,Run,,FALSE,Duo_YT_clip1_raw.mp4,Duo_68.mp4,Duo_,.mp4,2026-03-22,
69,0:17:39,0:17:48,Run,,FALSE,Duo_YT_clip1_raw.mp4,Duo_69.mp4,Duo_,.mp4,2026-03-22,
70,0:17:56,0:18:04,Run,,FALSE,Duo_YT_clip1_raw.mp4,Duo_70.mp4,Duo_,.mp4,2026-03-22,
71,0:18:11,0:18:18,Run,,FALSE,Duo_YT_clip1_raw.mp4,Duo_71.mp4,Duo_,.mp4,2026-03-22,
72,0:18:24,0:18:30,Run,,FALSE,Duo_YT_clip1_raw.mp4,Duo_72.mp4,Duo_,.mp4,2026-03-22,
73,0:18:37,0:18:41,Run,,FALSE,Duo_YT_clip1_raw.mp4,Duo_73.mp4,Duo_,.mp4,2026-03-22,
74,0:18:48,0:18:52,Run,,FALSE,Duo_YT_clip1_raw.mp4,Duo_74.mp4,Duo_,.mp4,2026-03-22,
75,0:19:00,0:19:14,Run,,FALSE,Duo_YT_clip1_raw.mp4,Duo_75.mp4,Duo_,.mp4,2026-03-22,
76,0:19:19,0:19:31,Run,,FALSE,Duo_YT_clip1_raw.mp4,Duo_76.mp4,Duo_,.mp4,2026-03-22,
77,0:19:37,0:19:42,Run,,FALSE,Duo_YT_clip1_raw.mp4,Duo_77.mp4,Duo_,.mp4,2026-03-22,
78,0:19:49,0:19:55,Run,,FALSE,Duo_YT_clip1_raw.mp4,Duo_78.mp4,Duo_,.mp4,2026-03-22,
79,0:20:02,0:20:10,Run,,FALSE,Duo_YT_clip1_raw.mp4,Duo_79.mp4,Duo_,.mp4,2026-03-22,
80,0:20:15,0:20:24,Run,,FALSE,Duo_YT_clip1_raw.mp4,Duo_80.mp4,Duo_,.mp4,2026-03-22,
81,0:20:30,0:20:39,Run,,FALSE,Duo_YT_clip1_raw.mp4,Duo_81.mp4,Duo_,.mp4,2026-03-22,
82,0:20:44,0:20:51,Run,,FALSE,Duo_YT_clip1_raw.mp4,Duo_82.mp4,Duo_,.mp4,2026-03-22,
83,0:20:57,0:21:08,Run,,FALSE,Duo_YT_clip1_raw.mp4,Duo_83.mp4,Duo_,.mp4,2026-03-22,
84,0:21:13,0:21:23,Run,,FALSE,Duo_YT_clip1_raw.mp4,Duo_84.mp4,Duo_,.mp4,2026-03-22,
85,0:21:29,0:21:36,Run,,FALSE,Duo_YT_clip1_raw.mp4,Duo_85.mp4,Duo_,.mp4,2026-03-22,
86,0:21:41,0:21:47,Run,,FALSE,Duo_YT_clip1_raw.mp4,Duo_86.mp4,Duo_,.mp4,2026-03-22,
87,0:21:52,0:22:00,Run,,FALSE,Duo_YT_clip1_raw.mp4,Duo_87.mp4,Duo_,.mp4,2026-03-22,
88,0:22:04,0:22:14,Run,,FALSE,Duo_YT_clip1_raw.mp4,Duo_88.mp4,Duo_,.mp4,2026-03-22,
89,0:22:19,0:22:31,Run,,FALSE,Duo_YT_clip1_raw.mp4,Duo_89.mp4,Duo_,.mp4,2026-03-22,
90,0:22:34,0:22:46,Run,,FALSE,Duo_YT_clip1_raw.mp4,Duo_90.mp4,Duo_,.mp4,2026-03-22,
91,0:22:53,0:23:08,Run,,FALSE,Duo_YT_clip1_raw.mp4,Duo_91.mp4,Duo_,.mp4,2026-03-22,
92,0:23:12,0:23:24,Run,,FALSE,Duo_YT_clip1_raw.mp4,Duo_92.mp4,Duo_,.mp4,2026-03-22,
93,0:23:31,0:23:50,Run,,FALSE,Duo_YT_clip1_raw.mp4,Duo_93.mp4,Duo_,.mp4,2026-03-22,
94,0:23:54,0:24:08,Run,,FALSE,Duo_YT_clip1_raw.mp4,Duo_94.mp4,Duo_,.mp4,2026-03-22,
95,0:24:17,0:24:31,Run,,FALSE,Duo_YT_clip1_raw.mp4,Duo_95.mp4,Duo_,.mp4,2026-03-22,
96,0:24:35,0:24:47,Run,,FALSE,Duo_YT_clip1_raw.mp4,Duo_96.mp4,Duo_,.mp4,2026-03-22,
97,0:24:55,0:25:08,Run,,FALSE,Duo_YT_clip1_raw.mp4,Duo_97.mp4,Duo_,.mp4,2026-03-22,
98,0:25:10,0:25:24,Run,,FALSE,Duo_YT_clip1_raw.mp4,Duo_98.mp4,Duo_,.mp4,2026-03-22,
99,0:25:32,0:25:44,Run,,FALSE,Duo_YT_clip1_raw.mp4,Duo_99.mp4,Duo_,.mp4,2026-03-22,
100,0:25:48,0:25:57,Run,,FALSE,Duo_YT_clip1_raw.mp4,Duo_100.mp4,Duo_,.mp4,2026-03-22,
101,0:26:04,0:26:10,Run,,FALSE,Duo_YT_clip1_raw.mp4,Duo_101.mp4,Duo_,.mp4,2026-03-22,
102,0:26:15,0:26:22,Run,,FALSE,Duo_YT_clip1_raw.mp4,Duo_102.mp4,Duo_,.mp4,2026-03-22,
103,0:26:31,0:26:34,Run,,FALSE,Duo_YT_clip1_raw.mp4,Duo_103.mp4,Duo_,.mp4,2026-03-22,
104,0:26:41,0:26:48,Run,,FALSE,Duo_YT_clip1_raw.mp4,Duo_104.mp4,Duo_,.mp4,2026-03-22,
105,0:26:54,0:27:04,Run,,FALSE,Duo_YT_clip1_raw.mp4,Duo_105.mp4,Duo_,.mp4,2026-03-22,
106,0:27:09,0:27:17,Run,,FALSE,Duo_YT_clip1_raw.mp4,Duo_106.mp4,Duo_,.mp4,2026-03-22,
107,0:27:23,0:27:32,Run,,FALSE,Duo_YT_clip1_raw.mp4,Duo_107.mp4,Duo_,.mp4,2026-03-22,
108,0:27:37,0:27:45,Run,,FALSE,Duo_YT_clip1_raw.mp4,Duo_108.mp4,Duo_,.mp4,2026-03-22,
109,0:27:53,0:28:02,Run,,FALSE,Duo_YT_clip1_raw.mp4,Duo_109.mp4,Duo_,.mp4,2026-03-22,
110,0:28:08,0:28:17,Run,,FALSE,Duo_YT_clip1_raw.mp4,Duo_110.mp4,Duo_,.mp4,2026-03-22,
111,0:28:25,0:28:35,Run,,FALSE,Duo_YT_clip1_raw.mp4,Duo_111.mp4,Duo_,.mp4,2026-03-22,
112,0:28:38,0:28:47,Run,,FALSE,Duo_YT_clip1_raw.mp4,Duo_112.mp4,Duo_,.mp4,2026-03-22,
113,0:28:54,0:29:13,Run,,FALSE,Duo_YT_clip1_raw.mp4,Duo_113.mp4,Duo_,.mp4,2026-03-22,
114,0:29:17,0:29:25,Run,,FALSE,Duo_YT_clip1_raw.mp4,Duo_114.mp4,Duo_,.mp4,2026-03-22,
115,0:29:33,0:29:41,Run,,FALSE,Duo_YT_clip1_raw.mp4,Duo_115.mp4,Duo_,.mp4,2026-03-22,
116,0:29:46,0:29:53,Run,,FALSE,Duo_YT_clip1_raw.mp4,Duo_116.mp4,Duo_,.mp4,2026-03-22,
117,0:30:00,0:30:08,Run,,FALSE,Duo_YT_clip1_raw.mp4,Duo_117.mp4,Duo_,.mp4,2026-03-22,
118,0:30:14,0:30:19,Run,,FALSE,Duo_YT_clip1_raw.mp4,Duo_118.mp4,Duo_,.mp4,2026-03-22,
119,0:30:27,0:30:33,Run,,FALSE,Duo_YT_clip1_raw.mp4,Duo_119.mp4,Duo_,.mp4,2026-03-22,
120,0:30:38,0:30:45,Run,,FALSE,Duo_YT_clip1_raw.mp4,Duo_120.mp4,Duo_,.mp4,2026-03-22,
121,0:30:53,0:31:05,Run,,FALSE,Duo_YT_clip1_raw.mp4,Duo_121.mp4,Duo_,.mp4,2026-03-22,
122,0:31:10,0:31:17,Run,,FALSE,Duo_YT_clip1_raw.mp4,Duo_122.mp4,Duo_,.mp4,2026-03-22,
123,0:31:27,0:31:35,Run,,FALSE,Duo_YT_clip1_raw.mp4,Duo_123.mp4,Duo_,.mp4,2026-03-22,
124,0:31:40,0:31:46,Run,,FALSE,Duo_YT_clip1_raw.mp4,Duo_124.mp4,Duo_,.mp4,2026-03-22,
125,0:31:55,0:32:04,Run,,FALSE,Duo_YT_clip1_raw.mp4,Duo_125.mp4,Duo_,.mp4,2026-03-22,
126,0:32:09,0:32:14,Run,,FALSE,Duo_YT_clip1_raw.mp4,Duo_126.mp4,Duo_,.mp4,2026-03-22,
127,0:32:24,0:32:34,Run,,FALSE,Duo_YT_clip1_raw.mp4,Duo_127.mp4,Duo_,.mp4,2026-03-22,
128,0:32:37,0:32:48,Run,,FALSE,Duo_YT_clip1_raw.mp4,Duo_128.mp4,Duo_,.mp4,2026-03-22,
129,0:32:58,0:33:08,Run,,FALSE,Duo_YT_clip1_raw.mp4,Duo_129.mp4,Duo_,.mp4,2026-03-22,
130,0:33:14,0:33:24,Run,,FALSE,Duo_YT_clip1_raw.mp4,Duo_130.mp4,Duo_,.mp4,2026-03-22,
131,0:33:40,0:33:46,Run,,FALSE,Duo_YT_clip1_raw.mp4,Duo_131.mp4,Duo_,.mp4,2026-03-22,
132,0:33:59,0:34:05,Run,,FALSE,Duo_YT_clip1_raw.mp4,Duo_132.mp4,Duo_,.mp4,2026-03-22,
133,0:34:13,0:34:25,Run,,FALSE,Duo_YT_clip1_raw.mp4,Duo_133.mp4,Duo_,.mp4,2026-03-22,
134,0:34:29,0:34:43,Run,,FALSE,Duo_YT_clip1_raw.mp4,Duo_134.mp4,Duo_,.mp4,2026-03-22,
135,0:34:52,0:35:01,Run,,FALSE,Duo_YT_clip1_raw.mp4,Duo_135.mp4,Duo_,.mp4,2026-03-22,
136,0:35:06,0:35:15,Run,,FALSE,Duo_YT_clip1_raw.mp4,Duo_136.mp4,Duo_,.mp4,2026-03-22,
137,0:35:25,0:35:33,Run,,FALSE,Duo_YT_clip1_raw.mp4,Duo_137.mp4,Duo_,.mp4,2026-03-22,
138,0:35:37,0:35:44,Run,,FALSE,Duo_YT_clip1_raw.mp4,Duo_138.mp4,Duo_,.mp4,2026-03-22,
139,0:35:56,0:36:04,Run,,FALSE,Duo_YT_clip1_raw.mp4,Duo_139.mp4,Duo_,.mp4,2026-03-22,
140,0:36:11,0:36:19,Run,,FALSE,Duo_YT_clip1_raw.mp4,Duo_140.mp4,Duo_,.mp4,2026-03-22,
141,0:36:25,0:36:33,Run,,FALSE,Duo_YT_clip1_raw.mp4,Duo_141.mp4,Duo_,.mp4,2026-03-22,
142,0:36:40,0:36:47,Run,,FALSE,Duo_YT_clip1_raw.mp4,Duo_142.mp4,Duo_,.mp4,2026-03-22,
143,0:36:56,0:37:04,Run,,FALSE,Duo_YT_clip1_raw.mp4,Duo_143.mp4,Duo_,.mp4,2026-03-22,
144,0:37:09,0:37:16,Run,,FALSE,Duo_YT_clip1_raw.mp4,Duo_144.mp4,Duo_,.mp4,2026-03-22,
145,0:37:23,0:37:29,Run,,FALSE,Duo_YT_clip1_raw.mp4,Duo_145.mp4,Duo_,.mp4,2026-03-22,
146,0:37:35,0:37:42,Run,,FALSE,Duo_YT_clip1_raw.mp4,Duo_146.mp4,Duo_,.mp4,2026-03-22,
147,0:37:52,0:37:59,Run,,FALSE,Duo_YT_clip1_raw.mp4,Duo_147.mp4,Duo_,.mp4,2026-03-22,
148,0:38:06,0:38:12,Run,,FALSE,Duo_YT_clip1_raw.mp4,Duo_148.mp4,Duo_,.mp4,2026-03-22,
149,0:38:23,0:38:31,Run,,FALSE,Duo_YT_clip1_raw.mp4,Duo_149.mp4,Duo_,.mp4,2026-03-22,
150,0:38:36,0:38:43,Run,,FALSE,Duo_YT_clip1_raw.mp4,Duo_150.mp4,Duo_,.mp4,2026-03-22,
151,0:38:53,0:39:04,Run,,FALSE,Duo_YT_clip1_raw.mp4,Duo_151.mp4,Duo_,.mp4,2026-03-22,
152,0:39:12,0:39:19,Run,,FALSE,Duo_YT_clip1_raw.mp4,Duo_152.mp4,Duo_,.mp4,2026-03-22,
153,0:39:27,0:39:34,Run,,FALSE,Duo_YT_clip1_raw.mp4,Duo_153.mp4,Duo_,.mp4,2026-03-22,
154,0:39:42,0:39:49,Run,,FALSE,Duo_YT_clip1_raw.mp4,Duo_154.mp4,Duo_,.mp4,2026-03-22,
155,0:40:00,0:40:11,Run,,FALSE,Duo_YT_clip1_raw.mp4,Duo_155.mp4,Duo_,.mp4,2026-03-22,
156,0:40:17,0:40:32,Run,,FALSE,Duo_YT_clip1_raw.mp4,Duo_156.mp4,Duo_,.mp4,2026-03-22,
157,0:40:41,0:40:48,Run,,FALSE,Duo_YT_clip1_raw.mp4,Duo_157.mp4,Duo_,.mp4,2026-03-22,
158,0:40:53,0:41:04,Run,,FALSE,Duo_YT_clip1_raw.mp4,Duo_158.mp4,Duo_,.mp4,2026-03-22,
159,0:41:10,0:41:18,Run,,FALSE,Duo_YT_clip1_raw.mp4,Duo_159.mp4,Duo_,.mp4,2026-03-22,
160,0:41:23,0:41:30,Run,,FALSE,Duo_YT_clip1_raw.mp4,Duo_160.mp4,Duo_,.mp4,2026-03-22,
161,0:41:38,0:41:42,Run,,FALSE,Duo_YT_clip1_raw.mp4,Duo_161.mp4,Duo_,.mp4,2026-03-22,
162,0:41:49,0:41:53,Run,,FALSE,Duo_YT_clip1_raw.mp4,Duo_162.mp4,Duo_,.mp4,2026-03-22,
163,0:42:00,0:42:08,Run,,FALSE,Duo_YT_clip1_raw.mp4,Duo_163.mp4,Duo_,.mp4,2026-03-22,
164,0:42:14,0:42:23,Run,,FALSE,Duo_YT_clip1_raw.mp4,Duo_164.mp4,Duo_,.mp4,2026-03-22,
165,0:42:32,0:42:39,Run,,FALSE,Duo_YT_clip1_raw.mp4,Duo_165.mp4,Duo_,.mp4,2026-03-22,
166,0:42:47,0:42:55,Run,,FALSE,Duo_YT_clip1_raw.mp4,Duo_166.mp4,Duo_,.mp4,2026-03-22,
167,0:43:02,0:43:08,Run,,FALSE,Duo_YT_clip1_raw.mp4,Duo_167.mp4,Duo_,.mp4,2026-03-22,
168,0:43:13,0:43:19,Run,,FALSE,Duo_YT_clip1_raw.mp4,Duo_168.mp4,Duo_,.mp4,2026-03-22,
169,0:43:25,0:43:38,Run,,FALSE,Duo_YT_clip1_raw.mp4,Duo_169.mp4,Duo_,.mp4,2026-03-22,
170,0:43:43,0:43:51,Run,,FALSE,Duo_YT_clip1_raw.mp4,Duo_170.mp4,Duo_,.mp4,2026-03-22,
171,0:44:01,0:44:10,Run,,FALSE,Duo_YT_clip1_raw.mp4,Duo_171.mp4,Duo_,.mp4,2026-03-22,
172,0:44:13,0:44:21,Run,,FALSE,Duo_YT_clip1_raw.mp4,Duo_172.mp4,Duo_,.mp4,2026-03-22,
173,0:44:27,0:44:34,Run,,FALSE,Duo_YT_clip1_raw.mp4,Duo_173.mp4,Duo_,.mp4,2026-03-22,
174,0:44:39,0:44:47,Run,,FALSE,Duo_YT_clip1_raw.mp4,Duo_174.mp4,Duo_,.mp4,2026-03-22,
175,0:44:56,0:45:03,Run,,FALSE,Duo_YT_clip1_raw.mp4,Duo_175.mp4,Duo_,.mp4,2026-03-22,
176,0:45:07,0:45:16,Run,,FALSE,Duo_YT_clip1_raw.mp4,Duo_176.mp4,Duo_,.mp4,2026-03-22,
177,0:45:22,0:45:32,Run,,FALSE,Duo_YT_clip1_raw.mp4,Duo_177.mp4,Duo_,.mp4,2026-03-22,
178,0:45:36,0:45:44,Run,,FALSE,Duo_YT_clip1_raw.mp4,Duo_178.mp4,Duo_,.mp4,2026-03-22,
179,0:00:09,0:00:13,Run,,FALSE,Duo_YT_clip4_raw.mp4,Duo_179.mp4,Duo_,.mp4,2026-03-22,
180,0:00:17,0:00:22,Run,,FALSE,Duo_YT_clip4_raw.mp4,Duo_180.mp4,Duo_,.mp4,2026-03-22,
181,0:00:27,0:00:32,Run,,FALSE,Duo_YT_clip4_raw.mp4,Duo_181.mp4,Duo_,.mp4,2026-03-22,
182,0:00:36,0:00:42,Run,,FALSE,Duo_YT_clip4_raw.mp4,Duo_182.mp4,Duo_,.mp4,2026-03-22,
183,0:00:46,0:00:51,Run,,FALSE,Duo_YT_clip4_raw.mp4,Duo_183.mp4,Duo_,.mp4,2026-03-22,
184,0:00:56,0:01:02,Run,,FALSE,Duo_YT_clip4_raw.mp4,Duo_184.mp4,Duo_,.mp4,2026-03-22,
185,0:01:09,0:01:17,Run,,FALSE,Duo_YT_clip4_raw.mp4,Duo_185.mp4,Duo_,.mp4,2026-03-22,
186,0:01:23,0:01:29,Run,,FALSE,Duo_YT_clip4_raw.mp4,Duo_186.mp4,Duo_,.mp4,2026-03-22,
187,0:01:34,0:01:40,Run,,FALSE,Duo_YT_clip4_raw.mp4,Duo_187.mp4,Duo_,.mp4,2026-03-22,
188,0:01:50,0:02:01,Run,,FALSE,Duo_YT_clip4_raw.mp4,Duo_188.mp4,Duo_,.mp4,2026-03-22,
189,0:02:10,0:02:21,Run,,FALSE,Duo_YT_clip4_raw.mp4,Duo_189.mp4,Duo_,.mp4,2026-03-22,
190,0:02:30,0:02:39,Run,,FALSE,Duo_YT_clip4_raw.mp4,Duo_190.mp4,Duo_,.mp4,2026-03-22,
191,0:02:47,0:02:54,Run,,FALSE,Duo_YT_clip4_raw.mp4,Duo_191.mp4,Duo_,.mp4,2026-03-22,
192,0:02:59,0:03:08,Run,,FALSE,Duo_YT_clip4_raw.mp4,Duo_192.mp4,Duo_,.mp4,2026-03-22,
193,0:03:14,0:03:19,Run,,FALSE,Duo_YT_clip4_raw.mp4,Duo_193.mp4,Duo_,.mp4,2026-03-22,
194,0:03:26,0:03:36,Run,,FALSE,Duo_YT_clip4_raw.mp4,Duo_194.mp4,Duo_,.mp4,2026-03-22,
195,0:03:44,0:03:53,Run,,FALSE,Duo_YT_clip4_raw.mp4,Duo_195.mp4,Duo_,.mp4,2026-03-22,
196,0:03:59,0:04:10,Run,,FALSE,Duo_YT_clip4_raw.mp4,Duo_196.mp4,Duo_,.mp4,2026-03-22,
197,0:04:16,0:04:30,Run,,FALSE,Duo_YT_clip4_raw.mp4,Duo_197.mp4,Duo_,.mp4,2026-03-22,
198,0:04:36,0:04:51,Run,,FALSE,Duo_YT_clip4_raw.mp4,Duo_198.mp4,Duo_,.mp4,2026-03-22,
199,0:04:56,0:05:10,Run,,FALSE,Duo_YT_clip4_raw.mp4,Duo_199.mp4,Duo_,.mp4,2026-03-22,
200,0:05:17,0:05:24,Run,,FALSE,Duo_YT_clip4_raw.mp4,Duo_200.mp4,Duo_,.mp4,2026-03-22,
201,0:05:29,0:05:35,Run,,FALSE,Duo_YT_clip4_raw.mp4,Duo_201.mp4,Duo_,.mp4,2026-03-22,
202,0:05:41,0:05:48,Run,,FALSE,Duo_YT_clip4_raw.mp4,Duo_202.mp4,Duo_,.mp4,2026-03-22,
203,0:05:53,0:06:01,Run,,FALSE,Duo_YT_clip4_raw.mp4,Duo_203.mp4,Duo_,.mp4,2026-03-22,
204,0:06:06,0:06:16,Run,,FALSE,Duo_YT_clip4_raw.mp4,Duo_204.mp4,Duo_,.mp4,2026-03-22,
205,0:06:21,0:06:27,Run,,FALSE,Duo_YT_clip4_raw.mp4,Duo_205.mp4,Duo_,.mp4,2026-03-22,
206,0:06:33,0:06:38,Run,,FALSE,Duo_YT_clip4_raw.mp4,Duo_206.mp4,Duo_,.mp4,2026-03-22,
207,0:06:43,0:06:49,Run,,FALSE,Duo_YT_clip4_raw.mp4,Duo_207.mp4,Duo_,.mp4,2026-03-22,
208,0:06:54,0:07:00,Run,,FALSE,Duo_YT_clip4_raw.mp4,Duo_208.mp4,Duo_,.mp4,2026-03-22,
209,0:07:07,0:07:15,Run,,FALSE,Duo_YT_clip4_raw.mp4,Duo_209.mp4,Duo_,.mp4,2026-03-22,
210,0:07:21,0:07:28,Run,,FALSE,Duo_YT_clip4_raw.mp4,Duo_210.mp4,Duo_,.mp4,2026-03-22,
211,0:07:41,0:07:48,Run,,FALSE,Duo_YT_clip4_raw.mp4,Duo_211.mp4,Duo_,.mp4,2026-03-22,
212,0:07:57,0:08:03,Run,,FALSE,Duo_YT_clip4_raw.mp4,Duo_212.mp4,Duo_,.mp4,2026-03-22,
213,0:08:07,0:08:12,Run,,FALSE,Duo_YT_clip4_raw.mp4,Duo_213.mp4,Duo_,.mp4,2026-03-22,
214,0:08:22,0:08:27,Run,,FALSE,Duo_YT_clip4_raw.mp4,Duo_214.mp4,Duo_,.mp4,2026-03-22,
215,0:08:35,0:08:45,Run,,FALSE,Duo_YT_clip4_raw.mp4,Duo_215.mp4,Duo_,.mp4,2026-03-22,
216,0:08:53,0:09:06,Run,,FALSE,Duo_YT_clip4_raw.mp4,Duo_216.mp4,Duo_,.mp4,2026-03-22,
217,0:09:10,0:09:22,Run,,FALSE,Duo_YT_clip4_raw.mp4,Duo_217.mp4,Duo_,.mp4,2026-03-22,
218,0:09:29,0:09:34,Run,,FALSE,Duo_YT_clip4_raw.mp4,Duo_218.mp4,Duo_,.mp4,2026-03-22,
219,0:09:39,0:09:44,Run,,FALSE,Duo_YT_clip4_raw.mp4,Duo_219.mp4,Duo_,.mp4,2026-03-22,
220,0:09:48,0:09:53,Run,,FALSE,Duo_YT_clip4_raw.mp4,Duo_220.mp4,Duo_,.mp4,2026-03-22,
221,0:10:00,0:10:13,Run,,FALSE,Duo_YT_clip4_raw.mp4,Duo_221.mp4,Duo_,.mp4,2026-03-22,
222,0:10:19,0:10:28,Run,,FALSE,Duo_YT_clip4_raw.mp4,Duo_222.mp4,Duo_,.mp4,2026-03-22,
223,0:10:34,0:10:44,Run,,FALSE,Duo_YT_clip4_raw.mp4,Duo_223.mp4,Duo_,.mp4,2026-03-22,
224,0:10:51,0:11:02,Run,,FALSE,Duo_YT_clip4_raw.mp4,Duo_224.mp4,Duo_,.mp4,2026-03-22,
225,0:11:07,0:11:15,Run,,FALSE,Duo_YT_clip4_raw.mp4,Duo_225.mp4,Duo_,.mp4,2026-03-22,
226,0:11:19,0:11:27,Run,,FALSE,Duo_YT_clip4_raw.mp4,Duo_226.mp4,Duo_,.mp4,2026-03-22,
227,0:11:34,0:11:39,Run,,FALSE,Duo_YT_clip4_raw.mp4,Duo_227.mp4,Duo_,.mp4,2026-03-22,
228,0:11:44,0:11:48,Run,,FALSE,Duo_YT_clip4_raw.mp4,Duo_228.mp4,Duo_,.mp4,2026-03-22,
229,0:11:53,0:11:58,Run,,FALSE,Duo_YT_clip4_raw.mp4,Duo_229.mp4,Duo_,.mp4,2026-03-22,
230,0:12:05,0:12:14,Run,,FALSE,Duo_YT_clip4_raw.mp4,Duo_230.mp4,Duo_,.mp4,2026-03-22,
231,0:12:21,0:12:30,Run,,FALSE,Duo_YT_clip4_raw.mp4,Duo_231.mp4,Duo_,.mp4,2026-03-22,
232,0:12:34,0:12:44,Run,,FALSE,Duo_YT_clip4_raw.mp4,Duo_232.mp4,Duo_,.mp4,2026-03-22,
233,0:00:00,0:00:12,Run,,FALSE,Duo_YT_clip2_raw.mp4,Duo_233.mp4,Duo_,.mp4,2026-03-22,
234,0:00:17,0:00:24,Run,,FALSE,Duo_YT_clip2_raw.mp4,Duo_234.mp4,Duo_,.mp4,2026-03-22,
235,0:00:29,0:00:37,Run,,FALSE,Duo_YT_clip2_raw.mp4,Duo_235.mp4,Duo_,.mp4,2026-03-22,
236,0:00:42,0:00:53,Run,,FALSE,Duo_YT_clip2_raw.mp4,Duo_236.mp4,Duo_,.mp4,2026-03-22,
237,0:00:57,0:01:06,Run,,FALSE,Duo_YT_clip2_raw.mp4,Duo_237.mp4,Duo_,.mp4,2026-03-22,
238,0:01:10,0:01:25,Run,,FALSE,Duo_YT_clip2_raw.mp4,Duo_238.mp4,Duo_,.mp4,2026-03-22,
239,0:01:29,0:01:42,Run,,FALSE,Duo_YT_clip2_raw.mp4,Duo_239.mp4,Duo_,.mp4,2026-03-22,
240,0:01:46,0:01:54,Run,,FALSE,Duo_YT_clip2_raw.mp4,Duo_240.mp4,Duo_,.mp4,2026-03-22,
241,0:01:58,0:02:06,Run,,FALSE,Duo_YT_clip2_raw.mp4,Duo_241.mp4,Duo_,.mp4,2026-03-22,
242,0:02:12,0:02:20,Run,,FALSE,Duo_YT_clip2_raw.mp4,Duo_242.mp4,Duo_,.mp4,2026-03-22,
1,0:00:06,0:00:15,Pass,,FALSE,HitchAndGo.mp4,StopAndGo_1.mp4,StopAndGo_,.mp4,2026-03-24,
2,0:00:21,0:00:31,Pass,,FALSE,HitchAndGo.mp4,StopAndGo_2.mp4,StopAndGo_,.mp4,2026-03-24,
3,0:00:47,0:00:55,Pass,,FALSE,HitchAndGo.mp4,StopAndGo_3.mp4,StopAndGo_,.mp4,2026-03-24,
4,0:01:06,0:01:16,Pass,,FALSE,HitchAndGo.mp4,StopAndGo_4.mp4,StopAndGo_,.mp4,2026-03-24,
5,0:01:34,0:01:43,Pass,,FALSE,HitchAndGo.mp4,StopAndGo_5.mp4,StopAndGo_,.mp4,2026-03-24,
6,0:01:58,0:02:07,Pass,,FALSE,HitchAndGo.mp4,StopAndGo_6.mp4,StopAndGo_,.mp4,2026-03-24,
7,0:02:17,0:02:27,Pass,,FALSE,HitchAndGo.mp4,StopAndGo_7.mp4,StopAndGo_,.mp4,2026-03-24,
8,0:02:34,0:02:43,Pass,,FALSE,HitchAndGo.mp4,StopAndGo_8.mp4,StopAndGo_,.mp4,2026-03-24,
9,0:02:58,0:03:10,Pass,,FALSE,HitchAndGo.mp4,StopAndGo_9.mp4,StopAndGo_,.mp4,2026-03-24,
10,0:03:25,0:03:37,Pass,,FALSE,HitchAndGo.mp4,StopAndGo_10.mp4,StopAndGo_,.mp4,2026-03-24,
11,0:04:01,0:04:09,Pass,,FALSE,HitchAndGo.mp4,StopAndGo_11.mp4,StopAndGo_,.mp4,2026-03-24,
12,0:04:16,0:04:24,Pass,,FALSE,HitchAndGo.mp4,StopAndGo_12.mp4,StopAndGo_,.mp4,2026-03-24,
13,0:04:37,0:04:47,Pass,,FALSE,HitchAndGo.mp4,StopAndGo_13.mp4,StopAndGo_,.mp4,2026-03-24,
14,0:04:59,0:05:10,Pass,,FALSE,HitchAndGo.mp4,StopAndGo_14.mp4,StopAndGo_,.mp4,2026-03-24,
15,0:05:28,0:05:40,Pass,,FALSE,HitchAndGo.mp4,StopAndGo_15.mp4,StopAndGo_,.mp4,2026-03-24,
16,0:05:45,0:05:57,Pass,,FALSE,HitchAndGo.mp4,StopAndGo_16.mp4,StopAndGo_,.mp4,2026-03-24,
17,0:06:13,0:06:23,Pass,,FALSE,HitchAndGo.mp4,StopAndGo_17.mp4,StopAndGo_,.mp4,2026-03-24,
18,0:06:36,0:06:46,Pass,,FALSE,HitchAndGo.mp4,StopAndGo_18.mp4,StopAndGo_,.mp4,2026-03-24,
19,0:07:11,0:07:18,Pass,,FALSE,HitchAndGo.mp4,StopAndGo_19.mp4,StopAndGo_,.mp4,2026-03-24,
20,0:07:39,0:07:48,Pass,,FALSE,HitchAndGo.mp4,StopAndGo_20.mp4,StopAndGo_,.mp4,2026-03-24,
21,0:07:54,0:08:05,Pass,,FALSE,HitchAndGo.mp4,StopAndGo_21.mp4,StopAndGo_,.mp4,2026-03-24,
22,0:08:09,0:08:20,Pass,,FALSE,HitchAndGo.mp4,StopAndGo_22.mp4,StopAndGo_,.mp4,2026-03-24,
23,0:08:43,0:08:54,Pass,,FALSE,HitchAndGo.mp4,StopAndGo_23.mp4,StopAndGo_,.mp4,2026-03-24,
24,0:09:00,0:09:10,Pass,,FALSE,HitchAndGo.mp4,StopAndGo_24.mp4,StopAndGo_,.mp4,2026-03-24,
25,0:09:20,0:09:28,Pass,,FALSE,HitchAndGo.mp4,StopAndGo_25.mp4,StopAndGo_,.mp4,2026-03-24,
26,0:09:36,0:09:46,Pass,,FALSE,HitchAndGo.mp4,StopAndGo_26.mp4,StopAndGo_,.mp4,2026-03-24,
27,0:09:59,0:10:07,Pass,,FALSE,HitchAndGo.mp4,StopAndGo_27.mp4,StopAndGo_,.mp4,2026-03-24,
28,0:10:16,0:10:24,Pass,,FALSE,HitchAndGo.mp4,StopAndGo_28.mp4,StopAndGo_,.mp4,2026-03-24,
29,0:10:33,0:10:42,Pass,,FALSE,HitchAndGo.mp4,StopAndGo_29.mp4,StopAndGo_,.mp4,2026-03-24,
30,0:10:50,0:10:59,Pass,,FALSE,HitchAndGo.mp4,StopAndGo_30.mp4,StopAndGo_,.mp4,2026-03-24,
31,0:11:06,0:11:15,Pass,,FALSE,HitchAndGo.mp4,StopAndGo_31.mp4,StopAndGo_,.mp4,2026-03-24,
32,0:11:20,0:11:29,Pass,,FALSE,HitchAndGo.mp4,StopAndGo_32.mp4,StopAndGo_,.mp4,2026-03-24,
33,0:11:36,0:11:45,Pass,,FALSE,HitchAndGo.mp4,StopAndGo_33.mp4,StopAndGo_,.mp4,2026-03-24,
34,0:11:52,0:12:01,Pass,,FALSE,HitchAndGo.mp4,StopAndGo_34.mp4,StopAndGo_,.mp4,2026-03-24,
35,0:12:19,0:12:28,Pass,,FALSE,HitchAndGo.mp4,StopAndGo_35.mp4,StopAndGo_,.mp4,2026-03-24,
36,0:12:41,0:12:49,Pass,,FALSE,HitchAndGo.mp4,StopAndGo_36.mp4,StopAndGo_,.mp4,2026-03-24,
37,0:13:09,0:13:18,Pass,,FALSE,HitchAndGo.mp4,StopAndGo_37.mp4,StopAndGo_,.mp4,2026-03-24,
38,0:13:35,0:13:45,Pass,,FALSE,HitchAndGo.mp4,StopAndGo_38.mp4,StopAndGo_,.mp4,2026-03-24,
39,0:13:53,0:14:02,Pass,,FALSE,HitchAndGo.mp4,StopAndGo_39.mp4,StopAndGo_,.mp4,2026-03-24,
40,0:14:08,0:14:15,Pass,,FALSE,HitchAndGo.mp4,StopAndGo_40.mp4,StopAndGo_,.mp4,2026-03-24,
41,0:14:26,0:14:36,Pass,,FALSE,HitchAndGo.mp4,StopAndGo_41.mp4,StopAndGo_,.mp4,2026-03-24,
42,0:14:43,0:14:54,Pass,,FALSE,HitchAndGo.mp4,StopAndGo_42.mp4,StopAndGo_,.mp4,2026-03-24,
43,0:15:05,0:15:13,Pass,,FALSE,HitchAndGo.mp4,StopAndGo_43.mp4,StopAndGo_,.mp4,2026-03-24,
44,0:15:24,0:15:33,Pass,,FALSE,HitchAndGo.mp4,StopAndGo_44.mp4,StopAndGo_,.mp4,2026-03-24,
45,0:15:40,0:15:49,Pass,,FALSE,HitchAndGo.mp4,StopAndGo_45.mp4,StopAndGo_,.mp4,2026-03-24,
46,0:15:54,0:16:04,Pass,,FALSE,HitchAndGo.mp4,StopAndGo_46.mp4,StopAndGo_,.mp4,2026-03-24,
47,0:16:14,0:16:23,Pass,,FALSE,HitchAndGo.mp4,StopAndGo_47.mp4,StopAndGo_,.mp4,2026-03-24,
48,0:16:33,0:16:41,Pass,,FALSE,HitchAndGo.mp4,StopAndGo_48.mp4,StopAndGo_,.mp4,2026-03-24,
49,0:16:50,0:16:58,Pass,,FALSE,HitchAndGo.mp4,StopAndGo_49.mp4,StopAndGo_,.mp4,2026-03-24,
50,0:17:04,0:17:13,Pass,,FALSE,HitchAndGo.mp4,StopAndGo_50.mp4,StopAndGo_,.mp4,2026-03-24,
51,0:17:24,0:17:31,Pass,,FALSE,HitchAndGo.mp4,StopAndGo_51.mp4,StopAndGo_,.mp4,2026-03-24,
52,0:17:44,0:17:50,Pass,,FALSE,HitchAndGo.mp4,StopAndGo_52.mp4,StopAndGo_,.mp4,2026-03-24,
53,0:18:07,0:18:15,Pass,,FALSE,HitchAndGo.mp4,StopAndGo_53.mp4,StopAndGo_,.mp4,2026-03-24,
54,0:18:33,0:18:42,Pass,,FALSE,HitchAndGo.mp4,StopAndGo_54.mp4,StopAndGo_,.mp4,2026-03-24,
55,0:18:52,0:19:03,Pass,,FALSE,HitchAndGo.mp4,StopAndGo_55.mp4,StopAndGo_,.mp4,2026-03-24,
56,0:19:14,0:19:23,Pass,,FALSE,HitchAndGo.mp4,StopAndGo_56.mp4,StopAndGo_,.mp4,2026-03-24,
1,0:00:09,0:00:19,Run,,FALSE,OutsideZoneClosed.mp4,OutsideZoneClosed_1.mp4,OutsideZoneStretch_,.mp4,2026-03-24,
2,0:00:25,0:00:34,Run,,FALSE,OutsideZoneClosed.mp4,OutsideZoneClosed_2.mp4,OutsideZoneStretch_,.mp4,2026-03-24,
3,0:00:45,0:00:57,Run,,FALSE,OutsideZoneClosed.mp4,OutsideZoneClosed_3.mp4,OutsideZoneStretch_,.mp4,2026-03-24,
4,0:01:14,0:01:25,Run,,FALSE,OutsideZoneClosed.mp4,OutsideZoneClosed_4.mp4,OutsideZoneStretch_,.mp4,2026-03-24,
5,0:01:26,0:01:36,Run,,FALSE,OutsideZoneClosed.mp4,OutsideZoneClosed_5.mp4,OutsideZoneStretch_,.mp4,2026-03-24,
6,0:01:41,0:01:52,Run,,FALSE,OutsideZoneClosed.mp4,OutsideZoneClosed_6.mp4,OutsideZoneStretch_,.mp4,2026-03-24,
7,0:01:59,0:02:10,Run,,FALSE,OutsideZoneClosed.mp4,OutsideZoneClosed_7.mp4,OutsideZoneStretch_,.mp4,2026-03-24,
8,0:02:18,0:02:29,Run,,FALSE,OutsideZoneClosed.mp4,OutsideZoneClosed_8.mp4,OutsideZoneStretch_,.mp4,2026-03-24,
9,0:02:36,0:02:49,Run,,FALSE,OutsideZoneClosed.mp4,OutsideZoneClosed_9.mp4,OutsideZoneStretch_,.mp4,2026-03-24,
10,0:02:54,0:03:08,Run,,FALSE,OutsideZoneClosed.mp4,OutsideZoneClosed_10.mp4,OutsideZoneStretch_,.mp4,2026-03-24,
11,0:03:16,0:03:30,Run,,FALSE,OutsideZoneClosed.mp4,OutsideZoneClosed_11.mp4,OutsideZoneStretch_,.mp4,2026-03-24,
12,0:03:36,0:03:51,Run,,FALSE,OutsideZoneClosed.mp4,OutsideZoneClosed_12.mp4,OutsideZoneStretch_,.mp4,2026-03-24,
13,0:04:00,0:04:10,Run,,FALSE,OutsideZoneClosed.mp4,OutsideZoneClosed_13.mp4,OutsideZoneStretch_,.mp4,2026-03-24,
14,0:04:15,0:04:26,Run,,FALSE,OutsideZoneClosed.mp4,OutsideZoneClosed_14.mp4,OutsideZoneStretch_,.mp4,2026-03-24,
15,0:04:36,0:04:47,Run,,FALSE,OutsideZoneClosed.mp4,OutsideZoneClosed_15.mp4,OutsideZoneStretch_,.mp4,2026-03-24,
16,0:04:49,0:05:00,Run,,FALSE,OutsideZoneClosed.mp4,OutsideZoneClosed_16.mp4,OutsideZoneStretch_,.mp4,2026-03-24,
17,0:05:11,0:05:22,Run,,FALSE,OutsideZoneClosed.mp4,OutsideZoneClosed_17.mp4,OutsideZoneStretch_,.mp4,2026-03-24,
18,0:05:26,0:05:36,Run,,FALSE,OutsideZoneClosed.mp4,OutsideZoneClosed_18.mp4,OutsideZoneStretch_,.mp4,2026-03-24,
19,0:05:45,0:05:56,Run,,FALSE,OutsideZoneClosed.mp4,OutsideZoneClosed_19.mp4,OutsideZoneStretch_,.mp4,2026-03-24,
20,0:06:02,0:06:13,Run,,FALSE,OutsideZoneClosed.mp4,OutsideZoneClosed_20.mp4,OutsideZoneStretch_,.mp4,2026-03-24,
21,0:06:22,0:06:31,Run,,FALSE,OutsideZoneClosed.mp4,OutsideZoneClosed_21.mp4,OutsideZoneStretch_,.mp4,2026-03-24,
22,0:06:38,0:06:47,Run,,FALSE,OutsideZoneClosed.mp4,OutsideZoneClosed_22.mp4,OutsideZoneStretch_,.mp4,2026-03-24,
23,0:06:56,0:07:10,Run,,FALSE,OutsideZoneClosed.mp4,OutsideZoneClosed_23.mp4,OutsideZoneStretch_,.mp4,2026-03-24,
24,0:07:18,0:07:33,Run,,FALSE,OutsideZoneClosed.mp4,OutsideZoneClosed_24.mp4,OutsideZoneStretch_,.mp4,2026-03-24,
25,0:07:41,0:07:51,Run,,FALSE,OutsideZoneClosed.mp4,OutsideZoneClosed_25.mp4,OutsideZoneStretch_,.mp4,2026-03-24,
26,0:07:53,0:08:04,Run,,FALSE,OutsideZoneClosed.mp4,OutsideZoneClosed_26.mp4,OutsideZoneStretch_,.mp4,2026-03-24,
27,0:08:08,0:08:20,Run,,FALSE,OutsideZoneClosed.mp4,OutsideZoneClosed_27.mp4,OutsideZoneStretch_,.mp4,2026-03-24,
28,0:08:26,0:08:35,Run,,FALSE,OutsideZoneClosed.mp4,OutsideZoneClosed_28.mp4,OutsideZoneStretch_,.mp4,2026-03-24,
29,0:08:43,0:08:53,Run,,FALSE,OutsideZoneClosed.mp4,OutsideZoneClosed_29.mp4,OutsideZoneStretch_,.mp4,2026-03-24,
30,0:09:01,0:09:11,Run,,FALSE,OutsideZoneClosed.mp4,OutsideZoneClosed_30.mp4,OutsideZoneStretch_,.mp4,2026-03-24,
31,0:09:21,0:09:31,Run,,FALSE,OutsideZoneClosed.mp4,OutsideZoneClosed_31.mp4,OutsideZoneStretch_,.mp4,2026-03-24,
32,0:09:46,0:09:55,Run,,FALSE,OutsideZoneClosed.mp4,OutsideZoneClosed_32.mp4,OutsideZoneStretch_,.mp4,2026-03-24,
33,0:10:22,0:10:35,Run,,FALSE,OutsideZoneClosed.mp4,OutsideZoneClosed_33.mp4,OutsideZoneStretch_,.mp4,2026-03-24,
34,0:10:39,0:10:51,Run,,FALSE,OutsideZoneClosed.mp4,OutsideZoneClosed_34.mp4,OutsideZoneStretch_,.mp4,2026-03-24,
35,0:11:03,0:11:18,Run,,FALSE,OutsideZoneClosed.mp4,OutsideZoneClosed_35.mp4,OutsideZoneStretch_,.mp4,2026-03-24,
36,0:11:26,0:11:41,Run,,FALSE,OutsideZoneClosed.mp4,OutsideZoneClosed_36.mp4,OutsideZoneStretch_,.mp4,2026-03-24,
37,0:11:50,0:12:01,Run,,FALSE,OutsideZoneClosed.mp4,OutsideZoneClosed_37.mp4,OutsideZoneStretch_,.mp4,2026-03-24,
38,0:12:07,0:12:16,Run,,FALSE,OutsideZoneClosed.mp4,OutsideZoneClosed_38.mp4,OutsideZoneStretch_,.mp4,2026-03-24,
39,0:12:25,0:12:36,Run,,FALSE,OutsideZoneClosed.mp4,OutsideZoneClosed_39.mp4,OutsideZoneStretch_,.mp4,2026-03-24,
40,0:12:43,0:12:56,Run,,FALSE,OutsideZoneClosed.mp4,OutsideZoneClosed_40.mp4,OutsideZoneStretch_,.mp4,2026-03-24,
41,0:13:12,0:13:21,Run,,FALSE,OutsideZoneClosed.mp4,OutsideZoneClosed_41.mp4,OutsideZoneStretch_,.mp4,2026-03-24,
42,0:13:35,0:13:44,Run,,FALSE,OutsideZoneClosed.mp4,OutsideZoneClosed_42.mp4,OutsideZoneStretch_,.mp4,2026-03-24,
43,0:13:53,0:14:05,Run,,FALSE,OutsideZoneClosed.mp4,OutsideZoneClosed_43.mp4,OutsideZoneStretch_,.mp4,2026-03-24,
44,0:14:10,0:14:22,Run,,FALSE,OutsideZoneClosed.mp4,OutsideZoneClosed_44.mp4,OutsideZoneStretch_,.mp4,2026-03-24,
45,0:14:31,0:14:39,Run,,FALSE,OutsideZoneClosed.mp4,OutsideZoneClosed_45.mp4,OutsideZoneStretch_,.mp4,2026-03-24,
46,0:14:42,0:14:51,Run,,FALSE,OutsideZoneClosed.mp4,OutsideZoneClosed_46.mp4,OutsideZoneStretch_,.mp4,2026-03-24,
47,0:15:01,0:15:21,Run,,FALSE,OutsideZoneClosed.mp4,OutsideZoneClosed_47.mp4,OutsideZoneStretch_,.mp4,2026-03-24,
48,0:15:29,0:15:47,Run,,FALSE,OutsideZoneClosed.mp4,OutsideZoneClosed_48.mp4,OutsideZoneStretch_,.mp4,2026-03-24,
49,0:15:58,0:16:08,Run,,FALSE,OutsideZoneClosed.mp4,OutsideZoneClosed_49.mp4,OutsideZoneStretch_,.mp4,2026-03-24,
50,0:16:16,0:16:26,Run,,FALSE,OutsideZoneClosed.mp4,OutsideZoneClosed_50.mp4,OutsideZoneStretch_,.mp4,2026-03-24,
51,0:16:36,0:16:51,Run,,FALSE,OutsideZoneClosed.mp4,OutsideZoneClosed_51.mp4,OutsideZoneStretch_,.mp4,2026-03-24,
52,0:16:59,0:17:13,Run,,FALSE,OutsideZoneClosed.mp4,OutsideZoneClosed_52.mp4,OutsideZoneStretch_,.mp4,2026-03-24,
53,0:17:21,0:17:33,Run,,FALSE,OutsideZoneClosed.mp4,OutsideZoneClosed_53.mp4,OutsideZoneStretch_,.mp4,2026-03-24,
54,0:17:36,0:17:47,Run,,FALSE,OutsideZoneClosed.mp4,OutsideZoneClosed_54.mp4,OutsideZoneStretch_,.mp4,2026-03-24,
55,0:17:58,0:18:12,Run,,FALSE,OutsideZoneClosed.mp4,OutsideZoneClosed_55.mp4,OutsideZoneStretch_,.mp4,2026-03-24,
56,0:18:19,0:18:33,Run,,FALSE,OutsideZoneClosed.mp4,OutsideZoneClosed_56.mp4,OutsideZoneStretch_,.mp4,2026-03-24,
57,0:18:44,0:18:56,Run,,FALSE,OutsideZoneClosed.mp4,OutsideZoneClosed_57.mp4,OutsideZoneStretch_,.mp4,2026-03-24,
58,0:19:03,0:19:11,Run,,FALSE,OutsideZoneClosed.mp4,OutsideZoneClosed_58.mp4,OutsideZoneStretch_,.mp4,2026-03-24,
59,0:19:29,0:19:43,Run,,FALSE,OutsideZoneClosed.mp4,OutsideZoneClosed_59.mp4,OutsideZoneStretch_,.mp4,2026-03-24,
60,0:19:51,0:19:59,Run,,FALSE,OutsideZoneClosed.mp4,OutsideZoneClosed_60.mp4,OutsideZoneStretch_,.mp4,2026-03-24,
61,0:20:09,0:20:20,Run,,FALSE,OutsideZoneClosed.mp4,OutsideZoneClosed_61.mp4,OutsideZoneStretch_,.mp4,2026-03-24,
62,0:20:28,0:20:40,Run,,FALSE,OutsideZoneClosed.mp4,OutsideZoneClosed_62.mp4,OutsideZoneStretch_,.mp4,2026-03-24,
63,0:20:51,0:21:01,Run,,FALSE,OutsideZoneClosed.mp4,OutsideZoneClosed_63.mp4,OutsideZoneStretch_,.mp4,2026-03-24,
64,0:21:05,0:21:15,Run,,FALSE,OutsideZoneClosed.mp4,OutsideZoneClosed_64.mp4,OutsideZoneStretch_,.mp4,2026-03-24,
65,0:21:23,0:21:36,Run,,FALSE,OutsideZoneClosed.mp4,OutsideZoneClosed_65.mp4,OutsideZoneStretch_,.mp4,2026-03-24,
66,0:21:41,0:21:54,Run,,FALSE,OutsideZoneClosed.mp4,OutsideZoneClosed_66.mp4,OutsideZoneStretch_,.mp4,2026-03-24,
67,0:22:15,0:22:28,Run,,FALSE,OutsideZoneClosed.mp4,OutsideZoneClosed_67.mp4,OutsideZoneStretch_,.mp4,2026-03-24,
68,0:22:44,0:22:56,Run,,FALSE,OutsideZoneClosed.mp4,OutsideZoneClosed_68.mp4,OutsideZoneStretch_,.mp4,2026-03-24,
69,0:23:06,0:23:21,Run,,FALSE,OutsideZoneClosed.mp4,OutsideZoneClosed_69.mp4,OutsideZoneStretch_,.mp4,2026-03-24,
70,0:23:29,0:23:43,Run,,FALSE,OutsideZoneClosed.mp4,OutsideZoneClosed_70.mp4,OutsideZoneStretch_,.mp4,2026-03-24,
71,0:24:04,0:24:19,Run,,FALSE,OutsideZoneClosed.mp4,OutsideZoneClosed_71.mp4,OutsideZoneStretch_,.mp4,2026-03-24,
72,0:24:29,0:24:41,Run,,FALSE,OutsideZoneClosed.mp4,OutsideZoneClosed_72.mp4,OutsideZoneStretch_,.mp4,2026-03-24,
73,0:24:48,0:25:04,Run,,FALSE,OutsideZoneClosed.mp4,OutsideZoneClosed_73.mp4,OutsideZoneStretch_,.mp4,2026-03-24,
74,0:25:08,0:25:21,Run,,FALSE,OutsideZoneClosed.mp4,OutsideZoneClosed_74.mp4,OutsideZoneStretch_,.mp4,2026-03-24,
75,0:25:29,0:25:41,Run,,FALSE,OutsideZoneClosed.mp4,OutsideZoneClosed_75.mp4,OutsideZoneStretch_,.mp4,2026-03-24,
76,0:25:48,0:26:01,Run,,FALSE,OutsideZoneClosed.mp4,OutsideZoneClosed_76.mp4,OutsideZoneStretch_,.mp4,2026-03-24,
77,0:26:09,0:26:20,Run,,FALSE,OutsideZoneClosed.mp4,OutsideZoneClosed_77.mp4,OutsideZoneStretch_,.mp4,2026-03-24,
78,0:26:26,0:26:37,Run,,FALSE,OutsideZoneClosed.mp4,OutsideZoneClosed_78.mp4,OutsideZoneStretch_,.mp4,2026-03-24,
79,0:26:44,0:26:59,Run,,FALSE,OutsideZoneClosed.mp4,OutsideZoneClosed_79.mp4,OutsideZoneStretch_,.mp4,2026-03-24,
80,0:27:07,0:27:21,Run,,FALSE,OutsideZoneClosed.mp4,OutsideZoneClosed_80.mp4,OutsideZoneStretch_,.mp4,2026-03-24,
81,0:27:31,0:27:42,Run,,FALSE,OutsideZoneClosed.mp4,OutsideZoneClosed_81.mp4,OutsideZoneStretch_,.mp4,2026-03-24,
82,0:27:56,0:28:08,Run,,FALSE,OutsideZoneClosed.mp4,OutsideZoneClosed_82.mp4,OutsideZoneStretch_,.mp4,2026-03-24,
83,0:28:26,0:28:42,Run,,FALSE,OutsideZoneClosed.mp4,OutsideZoneClosed_83.mp4,OutsideZoneStretch_,.mp4,2026-03-24,
84,0:28:48,0:29:04,Run,,FALSE,OutsideZoneClosed.mp4,OutsideZoneClosed_84.mp4,OutsideZoneStretch_,.mp4,2026-03-24,
85,0:29:15,0:29:25,Run,,FALSE,OutsideZoneClosed.mp4,OutsideZoneClosed_85.mp4,OutsideZoneStretch_,.mp4,2026-03-24,
86,0:29:34,0:29:44,Run,,FALSE,OutsideZoneClosed.mp4,OutsideZoneClosed_86.mp4,OutsideZoneStretch_,.mp4,2026-03-24,
87,0:30:11,0:30:22,Run,,FALSE,OutsideZoneClosed.mp4,OutsideZoneClosed_87.mp4,OutsideZoneStretch_,.mp4,2026-03-24,
88,0:30:30,0:30:41,Run,,FALSE,OutsideZoneClosed.mp4,OutsideZoneClosed_88.mp4,OutsideZoneStretch_,.mp4,2026-03-24,
89,0:30:53,0:31:02,Run,,FALSE,OutsideZoneClosed.mp4,OutsideZoneClosed_89.mp4,OutsideZoneStretch_,.mp4,2026-03-24,
90,0:31:10,0:31:19,Run,,FALSE,OutsideZoneClosed.mp4,OutsideZoneClosed_90.mp4,OutsideZoneStretch_,.mp4,2026-03-24,
91,0:31:27,0:31:41,Run,,FALSE,OutsideZoneClosed.mp4,OutsideZoneClosed_91.mp4,OutsideZoneStretch_,.mp4,2026-03-24,
92,0:31:48,0:32:01,Run,,FALSE,OutsideZoneClosed.mp4,OutsideZoneClosed_92.mp4,OutsideZoneStretch_,.mp4,2026-03-24,
93,0:32:08,0:32:19,Run,,FALSE,OutsideZoneClosed.mp4,OutsideZoneClosed_93.mp4,OutsideZoneStretch_,.mp4,2026-03-24,
94,0:32:23,0:32:32,Run,,FALSE,OutsideZoneClosed.mp4,OutsideZoneClosed_94.mp4,OutsideZoneStretch_,.mp4,2026-03-24,
95,0:32:43,0:32:51,Run,,FALSE,OutsideZoneClosed.mp4,OutsideZoneClosed_95.mp4,OutsideZoneStretch_,.mp4,2026-03-24,
96,0:32:57,0:33:06,Run,,FALSE,OutsideZoneClosed.mp4,OutsideZoneClosed_96.mp4,OutsideZoneStretch_,.mp4,2026-03-24,
97,0:33:17,0:33:26,Run,,FALSE,OutsideZoneClosed.mp4,OutsideZoneClosed_97.mp4,OutsideZoneStretch_,.mp4,2026-03-24,
98,0:33:30,0:33:40,Run,,FALSE,OutsideZoneClosed.mp4,OutsideZoneClosed_98.mp4,OutsideZoneStretch_,.mp4,2026-03-24,
99,0:33:48,0:34:03,Run,,FALSE,OutsideZoneClosed.mp4,OutsideZoneClosed_99.mp4,OutsideZoneStretch_,.mp4,2026-03-24,
100,0:34:13,0:34:27,Run,,FALSE,OutsideZoneClosed.mp4,OutsideZoneClosed_100.mp4,OutsideZoneStretch_,.mp4,2026-03-24,
101,0:34:38,0:34:47,Run,,FALSE,OutsideZoneClosed.mp4,OutsideZoneClosed_101.mp4,OutsideZoneStretch_,.mp4,2026-03-24,
102,0:34:52,0:35:01,Run,,FALSE,OutsideZoneClosed.mp4,OutsideZoneClosed_102.mp4,OutsideZoneStretch_,.mp4,2026-03-24,
103,0:35:07,0:35:17,Run,,FALSE,OutsideZoneClosed.mp4,OutsideZoneClosed_103.mp4,OutsideZoneStretch_,.mp4,2026-03-24,
104,0:35:23,0:35:33,Run,,FALSE,OutsideZoneClosed.mp4,OutsideZoneClosed_104.mp4,OutsideZoneStretch_,.mp4,2026-03-24,
105,0:35:45,0:35:55,Run,,FALSE,OutsideZoneClosed.mp4,OutsideZoneClosed_105.mp4,OutsideZoneStretch_,.mp4,2026-03-24,
106,0:36:04,0:36:15,Run,,FALSE,OutsideZoneClosed.mp4,OutsideZoneClosed_106.mp4,OutsideZoneStretch_,.mp4,2026-03-24,
107,0:36:24,0:36:32,Run,,FALSE,OutsideZoneClosed.mp4,OutsideZoneClosed_107.mp4,OutsideZoneStretch_,.mp4,2026-03-24,
108,0:36:41,0:36:49,Run,,FALSE,OutsideZoneClosed.mp4,OutsideZoneClosed_108.mp4,OutsideZoneStretch_,.mp4,2026-03-24,
109,0:36:57,0:37:05,Run,,FALSE,OutsideZoneClosed.mp4,OutsideZoneClosed_109.mp4,OutsideZoneStretch_,.mp4,2026-03-24,
110,0:37:11,0:37:20,Run,,FALSE,OutsideZoneClosed.mp4,OutsideZoneClosed_110.mp4,OutsideZoneStretch_,.mp4,2026-03-24,
111,0:37:29,0:37:40,Run,,FALSE,OutsideZoneClosed.mp4,OutsideZoneClosed_111.mp4,OutsideZoneStretch_,.mp4,2026-03-24,
112,0:37:44,0:38:07,Run,,FALSE,OutsideZoneClosed.mp4,OutsideZoneClosed_112.mp4,OutsideZoneStretch_,.mp4,2026-03-24,
113,0:38:16,0:38:25,Run,,FALSE,OutsideZoneClosed.mp4,OutsideZoneClosed_113.mp4,OutsideZoneStretch_,.mp4,2026-03-24,
114,0:38:29,0:38:39,Run,,FALSE,OutsideZoneClosed.mp4,OutsideZoneClosed_114.mp4,OutsideZoneStretch_,.mp4,2026-03-24,
115,0:38:49,0:39:02,Run,,FALSE,OutsideZoneClosed.mp4,OutsideZoneClosed_115.mp4,OutsideZoneStretch_,.mp4,2026-03-24,
116,0:39:09,0:39:21,Run,,FALSE,OutsideZoneClosed.mp4,OutsideZoneClosed_116.mp4,OutsideZoneStretch_,.mp4,2026-03-24,
117,0:39:31,0:39:46,Run,,FALSE,OutsideZoneClosed.mp4,OutsideZoneClosed_117.mp4,OutsideZoneStretch_,.mp4,2026-03-24,
118,0:39:58,0:40:11,Run,,FALSE,OutsideZoneClosed.mp4,OutsideZoneClosed_118.mp4,OutsideZoneStretch_,.mp4,2026-03-24,
119,0:40:21,0:40:46,Run,,FALSE,OutsideZoneClosed.mp4,OutsideZoneClosed_119.mp4,OutsideZoneStretch_,.mp4,2026-03-24,
120,0:40:50,0:40:59,Run,,FALSE,OutsideZoneClosed.mp4,OutsideZoneClosed_120.mp4,OutsideZoneStretch_,.mp4,2026-03-24,
121,0:41:09,0:41:24,Run,,FALSE,OutsideZoneClosed.mp4,OutsideZoneClosed_121.mp4,OutsideZoneStretch_,.mp4,2026-03-24,
122,0:41:30,0:41:45,Run,,FALSE,OutsideZoneClosed.mp4,OutsideZoneClosed_122.mp4,OutsideZoneStretch_,.mp4,2026-03-24,
123,0:41:55,0:42:08,Run,,FALSE,OutsideZoneClosed.mp4,OutsideZoneClosed_123.mp4,OutsideZoneStretch_,.mp4,2026-03-24,
124,0:42:18,0:42:33,Run,,FALSE,OutsideZoneClosed.mp4,OutsideZoneClosed_124.mp4,OutsideZoneStretch_,.mp4,2026-03-24,
125,0:42:48,0:42:58,Run,,FALSE,OutsideZoneClosed.mp4,OutsideZoneClosed_125.mp4,OutsideZoneStretch_,.mp4,2026-03-24,
126,0:43:11,0:43:21,Run,,FALSE,OutsideZoneClosed.mp4,OutsideZoneClosed_126.mp4,OutsideZoneStretch_,.mp4,2026-03-24,
127,0:43:28,0:43:42,Run,,FALSE,OutsideZoneClosed.mp4,OutsideZoneClosed_127.mp4,OutsideZoneStretch_,.mp4,2026-03-24,
128,0:43:49,0:44:00,Run,,FALSE,OutsideZoneClosed.mp4,OutsideZoneClosed_128.mp4,OutsideZoneStretch_,.mp4,2026-03-24,
129,0:44:19,0:44:35,Run,,FALSE,OutsideZoneClosed.mp4,OutsideZoneClosed_129.mp4,OutsideZoneStretch_,.mp4,2026-03-24,
130,0:44:48,0:45:04,Run,,FALSE,OutsideZoneClosed.mp4,OutsideZoneClosed_130.mp4,OutsideZoneStretch_,.mp4,2026-03-24,
131,0:45:26,0:45:34,Run,,FALSE,OutsideZoneClosed.mp4,OutsideZoneClosed_131.mp4,OutsideZoneStretch_,.mp4,2026-03-24,
132,0:45:49,0:46:00,Run,,FALSE,OutsideZoneClosed.mp4,OutsideZoneClosed_132.mp4,OutsideZoneStretch_,.mp4,2026-03-24,
133,0:46:07,0:46:19,Run,,FALSE,OutsideZoneClosed.mp4,OutsideZoneClosed_133.mp4,OutsideZoneStretch_,.mp4,2026-03-24,
134,0:46:26,0:46:38,Run,,FALSE,OutsideZoneClosed.mp4,OutsideZoneClosed_134.mp4,OutsideZoneStretch_,.mp4,2026-03-24,
135,0:46:47,0:47:03,Run,,FALSE,OutsideZoneClosed.mp4,OutsideZoneClosed_135.mp4,OutsideZoneStretch_,.mp4,2026-03-24,
136,0:47:11,0:47:27,Run,,FALSE,OutsideZoneClosed.mp4,OutsideZoneClosed_136.mp4,OutsideZoneStretch_,.mp4,2026-03-24,
137,0:47:47,0:48:02,Run,,FALSE,OutsideZoneClosed.mp4,OutsideZoneClosed_137.mp4,OutsideZoneStretch_,.mp4,2026-03-24,
138,0:48:27,0:48:41,Run,,FALSE,OutsideZoneClosed.mp4,OutsideZoneClosed_138.mp4,OutsideZoneStretch_,.mp4,2026-03-24,
139,0:48:56,0:49:11,Run,,FALSE,OutsideZoneClosed.mp4,OutsideZoneClosed_139.mp4,OutsideZoneStretch_,.mp4,2026-03-24,
140,0:49:19,0:49:37,Run,,FALSE,OutsideZoneClosed.mp4,OutsideZoneClosed_140.mp4,OutsideZoneStretch_,.mp4,2026-03-24,
141,0:49:51,0:50:00,Run,,FALSE,OutsideZoneClosed.mp4,OutsideZoneClosed_141.mp4,OutsideZoneStretch_,.mp4,2026-03-24,
142,0:50:03,0:50:12,Run,,FALSE,OutsideZoneClosed.mp4,OutsideZoneClosed_142.mp4,OutsideZoneStretch_,.mp4,2026-03-24,
143,0:50:23,0:50:36,Run,,FALSE,OutsideZoneClosed.mp4,OutsideZoneClosed_143.mp4,OutsideZoneStretch_,.mp4,2026-03-24,
144,0:50:42,0:50:54,Run,,FALSE,OutsideZoneClosed.mp4,OutsideZoneClosed_144.mp4,OutsideZoneStretch_,.mp4,2026-03-24,
145,0:51:06,0:51:15,Run,,FALSE,OutsideZoneClosed.mp4,OutsideZoneClosed_145.mp4,OutsideZoneStretch_,.mp4,2026-03-24,
146,0:51:20,0:51:30,Run,,FALSE,OutsideZoneClosed.mp4,OutsideZoneClosed_146.mp4,OutsideZoneStretch_,.mp4,2026-03-24,
147,0:51:40,0:51:55,Run,,FALSE,OutsideZoneClosed.mp4,OutsideZoneClosed_147.mp4,OutsideZoneStretch_,.mp4,2026-03-24,
148,0:52:02,0:52:18,Run,,FALSE,OutsideZoneClosed.mp4,OutsideZoneClosed_148.mp4,OutsideZoneStretch_,.mp4,2026-03-24,
149,0:52:33,0:52:46,Run,,FALSE,OutsideZoneClosed.mp4,OutsideZoneClosed_149.mp4,OutsideZoneStretch_,.mp4,2026-03-24,
150,0:52:53,0:53:06,Run,,FALSE,OutsideZoneClosed.mp4,OutsideZoneClosed_150.mp4,OutsideZoneStretch_,.mp4,2026-03-24,
151,0:53:19,0:53:30,Run,,FALSE,OutsideZoneClosed.mp4,OutsideZoneClosed_151.mp4,OutsideZoneStretch_,.mp4,2026-03-24,
152,0:53:39,0:53:49,Run,,FALSE,OutsideZoneClosed.mp4,OutsideZoneClosed_152.mp4,OutsideZoneStretch_,.mp4,2026-03-24,
153,0:54:17,0:54:29,Run,,FALSE,OutsideZoneClosed.mp4,OutsideZoneClosed_153.mp4,OutsideZoneStretch_,.mp4,2026-03-24,
154,0:54:50,0:54:58,Run,,FALSE,OutsideZoneClosed.mp4,OutsideZoneClosed_154.mp4,OutsideZoneStretch_,.mp4,2026-03-24,
155,0:55:21,0:55:33,Run,,FALSE,OutsideZoneClosed.mp4,OutsideZoneClosed_155.mp4,OutsideZoneStretch_,.mp4,2026-03-24,
156,0:55:49,0:55:57,Run,,FALSE,OutsideZoneClosed.mp4,OutsideZoneClosed_156.mp4,OutsideZoneStretch_,.mp4,2026-03-24,
157,0:56:06,0:56:20,Run,,FALSE,OutsideZoneClosed.mp4,OutsideZoneClosed_157.mp4,OutsideZoneStretch_,.mp4,2026-03-24,
158,0:56:24,0:56:37,Run,,FALSE,OutsideZoneClosed.mp4,OutsideZoneClosed_158.mp4,OutsideZoneStretch_,.mp4,2026-03-24,
159,0:56:43,0:56:55,Run,,FALSE,OutsideZoneClosed.mp4,OutsideZoneClosed_159.mp4,OutsideZoneStretch_,.mp4,2026-03-24,
160,0:56:58,0:57:11,Run,,FALSE,OutsideZoneClosed.mp4,OutsideZoneClosed_160.mp4,OutsideZoneStretch_,.mp4,2026-03-24,
161,0:57:17,0:57:27,Run,,FALSE,OutsideZoneClosed.mp4,OutsideZoneClosed_161.mp4,OutsideZoneStretch_,.mp4,2026-03-24,
162,0:57:32,0:57:40,Run,,FALSE,OutsideZoneClosed.mp4,OutsideZoneClosed_162.mp4,OutsideZoneStretch_,.mp4,2026-03-24,
163,0:57:47,0:57:59,Run,,FALSE,OutsideZoneClosed.mp4,OutsideZoneClosed_163.mp4,OutsideZoneStretch_,.mp4,2026-03-24,
164,0:58:04,0:58:16,Run,,FALSE,OutsideZoneClosed.mp4,OutsideZoneClosed_164.mp4,OutsideZoneStretch_,.mp4,2026-03-24,
165,0:58:45,0:58:53,Run,,FALSE,OutsideZoneClosed.mp4,OutsideZoneClosed_165.mp4,OutsideZoneStretch_,.mp4,2026-03-24,
166,0:59:19,0:59:27,Run,,FALSE,OutsideZoneClosed.mp4,OutsideZoneClosed_166.mp4,OutsideZoneStretch_,.mp4,2026-03-24,
167,0:59:34,0:59:43,Run,,FALSE,OutsideZoneClosed.mp4,OutsideZoneClosed_167.mp4,OutsideZoneStretch_,.mp4,2026-03-24,
168,0:59:53,1:00:05,Run,,FALSE,OutsideZoneClosed.mp4,OutsideZoneClosed_168.mp4,OutsideZoneStretch_,.mp4,2026-03-24,
169,1:00:15,1:00:27,Run,,FALSE,OutsideZoneClosed.mp4,OutsideZoneClosed_169.mp4,OutsideZoneStretch_,.mp4,2026-03-24,
170,1:00:34,1:00:44,Run,,FALSE,OutsideZoneClosed.mp4,OutsideZoneClosed_170.mp4,OutsideZoneStretch_,.mp4,2026-03-24,
171,1:00:54,1:01:05,Run,,FALSE,OutsideZoneClosed.mp4,OutsideZoneClosed_171.mp4,OutsideZoneStretch_,.mp4,2026-03-24,
172,1:01:10,1:01:22,Run,,FALSE,OutsideZoneClosed.mp4,OutsideZoneClosed_172.mp4,OutsideZoneStretch_,.mp4,2026-03-24,
173,1:01:32,1:01:45,Run,,FALSE,OutsideZoneClosed.mp4,OutsideZoneClosed_173.mp4,OutsideZoneStretch_,.mp4,2026-03-24,
174,1:01:51,1:02:03,Run,,FALSE,OutsideZoneClosed.mp4,OutsideZoneClosed_174.mp4,OutsideZoneStretch_,.mp4,2026-03-24,
175,1:02:13,1:02:25,Run,,FALSE,OutsideZoneClosed.mp4,OutsideZoneClosed_175.mp4,OutsideZoneStretch_,.mp4,2026-03-24,
176,1:02:33,1:02:43,Run,,FALSE,OutsideZoneClosed.mp4,OutsideZoneClosed_176.mp4,OutsideZoneStretch_,.mp4,2026-03-24,
177,1:02:53,1:03:03,Run,,FALSE,OutsideZoneClosed.mp4,OutsideZoneClosed_177.mp4,OutsideZoneStretch_,.mp4,2026-03-24,
178,1:03:10,1:03:19,Run,,FALSE,OutsideZoneClosed.mp4,OutsideZoneClosed_178.mp4,OutsideZoneStretch_,.mp4,2026-03-24,
179,1:03:27,1:03:40,Run,,FALSE,OutsideZoneClosed.mp4,OutsideZoneClosed_179.mp4,OutsideZoneStretch_,.mp4,2026-03-24,
180,1:03:46,1:03:55,Run,,FALSE,OutsideZoneClosed.mp4,OutsideZoneClosed_180.mp4,OutsideZoneStretch_,.mp4,2026-03-24,
181,1:04:04,1:04:15,Run,,FALSE,OutsideZoneClosed.mp4,OutsideZoneClosed_181.mp4,OutsideZoneStretch_,.mp4,2026-03-24,
182,1:04:20,1:04:30,Run,,FALSE,OutsideZoneClosed.mp4,OutsideZoneClosed_182.mp4,OutsideZoneStretch_,.mp4,2026-03-24,
183,1:04:38,1:04:56,Run,,FALSE,OutsideZoneClosed.mp4,OutsideZoneClosed_183.mp4,OutsideZoneStretch_,.mp4,2026-03-24,
184,1:05:00,1:05:14,Run,,FALSE,OutsideZoneClosed.mp4,OutsideZoneClosed_184.mp4,OutsideZoneStretch_,.mp4,2026-03-24,
185,1:05:21,1:05:28,Run,,FALSE,OutsideZoneClosed.mp4,OutsideZoneClosed_185.mp4,OutsideZoneStretch_,.mp4,2026-03-24,
186,1:05:32,1:05:39,Run,,FALSE,OutsideZoneClosed.mp4,OutsideZoneClosed_186.mp4,OutsideZoneStretch_,.mp4,2026-03-24,
187,1:05:50,1:06:22,Run,,FALSE,OutsideZoneClosed.mp4,OutsideZoneClosed_187.mp4,OutsideZoneStretch_,.mp4,2026-03-24,
188,1:06:10,1:06:21,Run,,FALSE,OutsideZoneClosed.mp4,OutsideZoneClosed_188.mp4,OutsideZoneStretch_,.mp4,2026-03-24,
189,1:06:28,1:06:43,Run,,FALSE,OutsideZoneClosed.mp4,OutsideZoneClosed_189.mp4,OutsideZoneStretch_,.mp4,2026-03-24,
190,1:06:56,1:07:08,Run,,FALSE,OutsideZoneClosed.mp4,OutsideZoneClosed_190.mp4,OutsideZoneStretch_,.mp4,2026-03-24,
191,1:07:17,1:07:31,Run,,FALSE,OutsideZoneClosed.mp4,OutsideZoneClosed_191.mp4,OutsideZoneStretch_,.mp4,2026-03-24,
192,1:07:42,1:07:56,Run,,FALSE,OutsideZoneClosed.mp4,OutsideZoneClosed_192.mp4,OutsideZoneStretch_,.mp4,2026-03-24,
193,1:08:08,1:08:25,Run,,FALSE,OutsideZoneClosed.mp4,OutsideZoneClosed_193.mp4,OutsideZoneStretch_,.mp4,2026-03-24,
194,1:08:31,1:08:51,Run,,FALSE,OutsideZoneClosed.mp4,OutsideZoneClosed_194.mp4,OutsideZoneStretch_,.mp4,2026-03-24,
195,1:08:58,1:09:09,Run,,FALSE,OutsideZoneClosed.mp4,OutsideZoneClosed_195.mp4,OutsideZoneStretch_,.mp4,2026-03-24,
196,1:09:13,1:09:25,Run,,FALSE,OutsideZoneClosed.mp4,OutsideZoneClosed_196.mp4,OutsideZoneStretch_,.mp4,2026-03-24,
197,1:09:33,1:09:44,Run,,FALSE,OutsideZoneClosed.mp4,OutsideZoneClosed_197.mp4,OutsideZoneStretch_,.mp4,2026-03-24,
198,1:09:48,1:09:58,Run,,FALSE,OutsideZoneClosed.mp4,OutsideZoneClosed_198.mp4,OutsideZoneStretch_,.mp4,2026-03-24,
199,1:10:05,1:10:14,Run,,FALSE,OutsideZoneClosed.mp4,OutsideZoneClosed_199.mp4,OutsideZoneStretch_,.mp4,2026-03-24,
200,1:10:21,1:10:30,Run,,FALSE,OutsideZoneClosed.mp4,OutsideZoneClosed_200.mp4,OutsideZoneStretch_,.mp4,2026-03-24,
201,1:10:38,1:10:47,Run,,FALSE,OutsideZoneClosed.mp4,OutsideZoneClosed_201.mp4,OutsideZoneStretch_,.mp4,2026-03-24,
202,1:10:51,1:11:02,Run,,FALSE,OutsideZoneClosed.mp4,OutsideZoneClosed_202.mp4,OutsideZoneStretch_,.mp4,2026-03-24,
203,1:11:25,1:11:38,Run,,FALSE,OutsideZoneClosed.mp4,OutsideZoneClosed_203.mp4,OutsideZoneStretch_,.mp4,2026-03-24,
204,1:11:45,1:11:56,Run,,FALSE,OutsideZoneClosed.mp4,OutsideZoneClosed_204.mp4,OutsideZoneStretch_,.mp4,2026-03-24,
205,1:12:01,1:12:12,Run,,FALSE,OutsideZoneClosed.mp4,OutsideZoneClosed_205.mp4,OutsideZoneStretch_,.mp4,2026-03-24,
206,1:12:27,1:12:38,Run,,FALSE,OutsideZoneClosed.mp4,OutsideZoneClosed_206.mp4,OutsideZoneStretch_,.mp4,2026-03-24,
207,1:12:50,1:13:01,Run,,FALSE,OutsideZoneClosed.mp4,OutsideZoneClosed_207.mp4,OutsideZoneStretch_,.mp4,2026-03-24,
208,1:13:09,1:13:21,Run,,FALSE,OutsideZoneClosed.mp4,OutsideZoneClosed_208.mp4,OutsideZoneStretch_,.mp4,2026-03-24,
209,1:13:28,1:13:43,Run,,FALSE,OutsideZoneClosed.mp4,OutsideZoneClosed_209.mp4,OutsideZoneStretch_,.mp4,2026-03-24,
210,1:13:51,1:14:01,Run,,FALSE,OutsideZoneClosed.mp4,OutsideZoneClosed_210.mp4,OutsideZoneStretch_,.mp4,2026-03-24,
211,1:14:04,1:14:15,Run,,FALSE,OutsideZoneClosed.mp4,OutsideZoneClosed_211.mp4,OutsideZoneStretch_,.mp4,2026-03-24,
212,1:14:22,1:14:40,Run,,FALSE,OutsideZoneClosed.mp4,OutsideZoneClosed_212.mp4,OutsideZoneStretch_,.mp4,2026-03-24,
213,1:14:45,1:15:03,Run,,FALSE,OutsideZoneClosed.mp4,OutsideZoneClosed_213.mp4,OutsideZoneStretch_,.mp4,2026-03-24,
214,1:15:13,1:15:28,Run,,FALSE,OutsideZoneClosed.mp4,OutsideZoneClosed_214.mp4,OutsideZoneStretch_,.mp4,2026-03-24,
215,1:15:37,1:15:51,Run,,FALSE,OutsideZoneClosed.mp4,OutsideZoneClosed_215.mp4,OutsideZoneStretch_,.mp4,2026-03-24,
216,1:15:57,1:16:13,Run,,FALSE,OutsideZoneClosed.mp4,OutsideZoneClosed_216.mp4,OutsideZoneStretch_,.mp4,2026-03-24,
217,1:16:18,1:16:34,Run,,FALSE,OutsideZoneClosed.mp4,OutsideZoneClosed_217.mp4,OutsideZoneStretch_,.mp4,2026-03-24,
218,1:16:41,1:16:54,Run,,FALSE,OutsideZoneClosed.mp4,OutsideZoneClosed_218.mp4,OutsideZoneStretch_,.mp4,2026-03-24,
219,1:17:00,1:17:13,Run,,FALSE,OutsideZoneClosed.mp4,OutsideZoneClosed_219.mp4,OutsideZoneStretch_,.mp4,2026-03-24,
220,1:17:21,1:17:35,Run,,FALSE,OutsideZoneClosed.mp4,OutsideZoneClosed_220.mp4,OutsideZoneStretch_,.mp4,2026-03-24,
221,1:17:39,1:17:50,Run,,FALSE,OutsideZoneClosed.mp4,OutsideZoneClosed_221.mp4,OutsideZoneStretch_,.mp4,2026-03-24,
222,1:18:01,1:18:16,Run,,FALSE,OutsideZoneClosed.mp4,OutsideZoneClosed_222.mp4,OutsideZoneStretch_,.mp4,2026-03-24,
223,1:18:21,1:18:34,Run,,FALSE,OutsideZoneClosed.mp4,OutsideZoneClosed_223.mp4,OutsideZoneStretch_,.mp4,2026-03-24,
224,1:18:41,1:18:53,Run,,FALSE,OutsideZoneClosed.mp4,OutsideZoneClosed_224.mp4,OutsideZoneStretch_,.mp4,2026-03-24,
225,1:18:56,1:19:07,Run,,FALSE,OutsideZoneClosed.mp4,OutsideZoneClosed_225.mp4,OutsideZoneStretch_,.mp4,2026-03-24,
226,1:19:13,1:19:23,Run,,FALSE,OutsideZoneClosed.mp4,OutsideZoneClosed_226.mp4,OutsideZoneStretch_,.mp4,2026-03-24,
227,1:19:28,1:19:38,Run,,FALSE,OutsideZoneClosed.mp4,OutsideZoneClosed_227.mp4,OutsideZoneStretch_,.mp4,2026-03-24,
228,1:19:46,1:19:56,Run,,FALSE,OutsideZoneClosed.mp4,OutsideZoneClosed_228.mp4,OutsideZoneStretch_,.mp4,2026-03-24,
229,1:19:58,1:20:11,Run,,FALSE,OutsideZoneClosed.mp4,OutsideZoneClosed_229.mp4,OutsideZoneStretch_,.mp4,2026-03-24,
230,1:20:16,1:20:26,Run,,FALSE,OutsideZoneClosed.mp4,OutsideZoneClosed_230.mp4,OutsideZoneStretch_,.mp4,2026-03-24,
231,1:20:29,1:20:39,Run,,FALSE,OutsideZoneClosed.mp4,OutsideZoneClosed_231.mp4,OutsideZoneStretch_,.mp4,2026-03-24,
232,1:20:45,1:21:01,Run,,FALSE,OutsideZoneClosed.mp4,OutsideZoneClosed_232.mp4,OutsideZoneStretch_,.mp4,2026-03-24,
233,1:21:15,1:21:27,Run,,FALSE,OutsideZoneClosed.mp4,OutsideZoneClosed_233.mp4,OutsideZoneStretch_,.mp4,2026-03-24,
234,1:21:37,1:21:48,Run,,FALSE,OutsideZoneClosed.mp4,OutsideZoneClosed_234.mp4,OutsideZoneStretch_,.mp4,2026-03-24,
235,1:21:55,1:22:06,Run,,FALSE,OutsideZoneClosed.mp4,OutsideZoneClosed_235.mp4,OutsideZoneStretch_,.mp4,2026-03-24,
236,1:22:15,1:22:25,Run,,FALSE,OutsideZoneClosed.mp4,OutsideZoneClosed_236.mp4,OutsideZoneStretch_,.mp4,2026-03-24,
237,1:22:31,1:22:42,Run,,FALSE,OutsideZoneClosed.mp4,OutsideZoneClosed_237.mp4,OutsideZoneStretch_,.mp4,2026-03-24,
238,1:23:04,1:23:14,Run,,FALSE,OutsideZoneClosed.mp4,OutsideZoneClosed_238.mp4,OutsideZoneStretch_,.mp4,2026-03-24,
239,1:23:28,1:23:39,Run,,FALSE,OutsideZoneClosed.mp4,OutsideZoneClosed_239.mp4,OutsideZoneStretch_,.mp4,2026-03-24,
240,1:23:47,1:24:03,Run,,FALSE,OutsideZoneClosed.mp4,OutsideZoneClosed_240.mp4,OutsideZoneStretch_,.mp4,2026-03-24,
241,1:24:06,1:24:23,Run,,FALSE,OutsideZoneClosed.mp4,OutsideZoneClosed_241.mp4,OutsideZoneStretch_,.mp4,2026-03-24,
242,1:24:30,1:24:44,Run,,FALSE,OutsideZoneClosed.mp4,OutsideZoneClosed_242.mp4,OutsideZoneStretch_,.mp4,2026-03-24,
243,1:24:50,1:25:02,Run,,FALSE,OutsideZoneClosed.mp4,OutsideZoneClosed_243.mp4,OutsideZoneStretch_,.mp4,2026-03-24,
244,1:25:08,1:25:22,Run,,FALSE,OutsideZoneClosed.mp4,OutsideZoneClosed_244.mp4,OutsideZoneStretch_,.mp4,2026-03-24,
245,1:25:29,1:25:44,Run,,FALSE,OutsideZoneClosed.mp4,OutsideZoneClosed_245.mp4,OutsideZoneStretch_,.mp4,2026-03-24,
246,1:25:52,1:26:10,Run,,FALSE,OutsideZoneClosed.mp4,OutsideZoneClosed_246.mp4,OutsideZoneStretch_,.mp4,2026-03-24,
247,1:26:16,1:26:33,Run,,FALSE,OutsideZoneClosed.mp4,OutsideZoneClosed_247.mp4,OutsideZoneStretch_,.mp4,2026-03-24,
248,1:27:09,1:27:20,Run,,FALSE,OutsideZoneClosed.mp4,OutsideZoneClosed_248.mp4,OutsideZoneStretch_,.mp4,2026-03-24,
249,1:27:24,1:27:35,Run,,FALSE,OutsideZoneClosed.mp4,OutsideZoneClosed_249.mp4,OutsideZoneStretch_,.mp4,2026-03-24,
250,1:27:43,1:27:53,Run,,FALSE,OutsideZoneClosed.mp4,OutsideZoneClosed_250.mp4,OutsideZoneStretch_,.mp4,2026-03-24,
251,1:27:57,1:28:05,Run,,FALSE,OutsideZoneClosed.mp4,OutsideZoneClosed_251.mp4,OutsideZoneStretch_,.mp4,2026-03-24,
252,1:28:14,1:28:25,Run,,FALSE,OutsideZoneClosed.mp4,OutsideZoneClosed_252.mp4,OutsideZoneStretch_,.mp4,2026-03-24,
253,1:28:33,1:28:41,Run,,FALSE,OutsideZoneClosed.mp4,OutsideZoneClosed_253.mp4,OutsideZoneStretch_,.mp4,2026-03-24,
254,1:28:48,1:29:02,Run,,FALSE,OutsideZoneClosed.mp4,OutsideZoneClosed_254.mp4,OutsideZoneStretch_,.mp4,2026-03-24,
255,1:29:06,1:29:19,Run,,FALSE,OutsideZoneClosed.mp4,OutsideZoneClosed_255.mp4,OutsideZoneStretch_,.mp4,2026-03-24,
256,1:29:39,1:29:49,Run,,FALSE,OutsideZoneClosed.mp4,OutsideZoneClosed_256.mp4,OutsideZoneStretch_,.mp4,2026-03-24,
257,1:29:58,1:30:07,Run,,FALSE,OutsideZoneClosed.mp4,OutsideZoneClosed_257.mp4,OutsideZoneStretch_,.mp4,2026-03-24,
258,1:30:13,1:30:22,Run,,FALSE,OutsideZoneClosed.mp4,OutsideZoneClosed_258.mp4,OutsideZoneStretch_,.mp4,2026-03-24,
259,1:30:34,1:30:43,Run,,FALSE,OutsideZoneClosed.mp4,OutsideZoneClosed_259.mp4,OutsideZoneStretch_,.mp4,2026-03-24,
260,1:30:50,1:30:57,Run,,FALSE,OutsideZoneClosed.mp4,OutsideZoneClosed_260.mp4,OutsideZoneStretch_,.mp4,2026-03-24,
261,1:31:05,1:31:17,Run,,FALSE,OutsideZoneClosed.mp4,OutsideZoneClosed_261.mp4,OutsideZoneStretch_,.mp4,2026-03-24,
262,1:31:21,1:31:33,Run,,FALSE,OutsideZoneClosed.mp4,OutsideZoneClosed_262.mp4,OutsideZoneStretch_,.mp4,2026-03-24,
263,1:31:39,1:31:55,Run,,FALSE,OutsideZoneClosed.mp4,OutsideZoneClosed_263.mp4,OutsideZoneStretch_,.mp4,2026-03-24,
264,1:32:01,1:32:18,Run,,FALSE,OutsideZoneClosed.mp4,OutsideZoneClosed_264.mp4,OutsideZoneStretch_,.mp4,2026-03-24,
265,1:32:26,1:32:47,Run,,FALSE,OutsideZoneClosed.mp4,OutsideZoneClosed_265.mp4,OutsideZoneStretch_,.mp4,2026-03-24,
266,1:32:55,1:33:12,Run,,FALSE,OutsideZoneClosed.mp4,OutsideZoneClosed_266.mp4,OutsideZoneStretch_,.mp4,2026-03-24,
267,1:33:19,1:33:31,Run,,FALSE,OutsideZoneClosed.mp4,OutsideZoneClosed_267.mp4,OutsideZoneStretch_,.mp4,2026-03-24,
268,1:33:36,1:33:45,Run,,FALSE,OutsideZoneClosed.mp4,OutsideZoneClosed_268.mp4,OutsideZoneStretch_,.mp4,2026-03-24,
269,1:33:57,1:34:04,Run,,FALSE,OutsideZoneClosed.mp4,OutsideZoneClosed_269.mp4,OutsideZoneStretch_,.mp4,2026-03-24,
270,1:34:11,1:34:18,Run,,FALSE,OutsideZoneClosed.mp4,OutsideZoneClosed_270.mp4,OutsideZoneStretch_,.mp4,2026-03-24,
271,1:34:26,1:34:43,Run,,FALSE,OutsideZoneClosed.mp4,OutsideZoneClosed_271.mp4,OutsideZoneStretch_,.mp4,2026-03-24,
272,1:34:51,1:35:08,Run,,FALSE,OutsideZoneClosed.mp4,OutsideZoneClosed_272.mp4,OutsideZoneStretch_,.mp4,2026-03-24,
273,1:35:15,1:35:28,Run,,FALSE,OutsideZoneClosed.mp4,OutsideZoneClosed_273.mp4,OutsideZoneStretch_,.mp4,2026-03-24,
274,1:35:33,1:35:45,Run,,FALSE,OutsideZoneClosed.mp4,OutsideZoneClosed_274.mp4,OutsideZoneStretch_,.mp4,2026-03-24,
275,1:35:51,1:36:04,Run,,FALSE,OutsideZoneClosed.mp4,OutsideZoneClosed_275.mp4,OutsideZoneStretch_,.mp4,2026-03-24,
276,1:36:09,1:36:19,Run,,FALSE,OutsideZoneClosed.mp4,OutsideZoneClosed_276.mp4,OutsideZoneStretch_,.mp4,2026-03-24,
277,1:36:28,1:36:42,Run,,FALSE,OutsideZoneClosed.mp4,OutsideZoneClosed_277.mp4,OutsideZoneStretch_,.mp4,2026-03-24,
278,1:36:48,1:37:00,Run,,FALSE,OutsideZoneClosed.mp4,OutsideZoneClosed_278.mp4,OutsideZoneStretch_,.mp4,2026-03-24,
279,1:37:11,1:37:23,Run,,FALSE,OutsideZoneClosed.mp4,OutsideZoneClosed_279.mp4,OutsideZoneStretch_,.mp4,2026-03-24,
280,1:37:29,1:37:39,Run,,FALSE,OutsideZoneClosed.mp4,OutsideZoneClosed_280.mp4,OutsideZoneStretch_,.mp4,2026-03-24,
281,1:37:46,1:37:57,Run,,FALSE,OutsideZoneClosed.mp4,OutsideZoneClosed_281.mp4,OutsideZoneStretch_,.mp4,2026-03-24,
282,1:37:02,1:37:23,Run,,FALSE,OutsideZoneClosed.mp4,OutsideZoneClosed_282.mp4,OutsideZoneStretch_,.mp4,2026-03-24,
283,1:38:19,1:38:28,Run,,FALSE,OutsideZoneClosed.mp4,OutsideZoneClosed_283.mp4,OutsideZoneStretch_,.mp4,2026-03-24,
284,1:38:33,1:38:43,Run,,FALSE,OutsideZoneClosed.mp4,OutsideZoneClosed_284.mp4,OutsideZoneStretch_,.mp4,2026-03-24,
285,1:38:52,1:39:00,Run,,FALSE,OutsideZoneClosed.mp4,OutsideZoneClosed_285.mp4,OutsideZoneStretch_,.mp4,2026-03-24,
286,1:39:08,1:39:16,Run,,FALSE,OutsideZoneClosed.mp4,OutsideZoneClosed_286.mp4,OutsideZoneStretch_,.mp4,2026-03-24,
287,1:39:25,1:39:38,Run,,FALSE,OutsideZoneClosed.mp4,OutsideZoneClosed_287.mp4,OutsideZoneStretch_,.mp4,2026-03-24,
288,1:39:41,1:39:48,Run,,FALSE,OutsideZoneClosed.mp4,OutsideZoneClosed_288.mp4,OutsideZoneStretch_,.mp4,2026-03-24,
289,1:39:57,1:40:13,Run,,FALSE,OutsideZoneClosed.mp4,OutsideZoneClosed_289.mp4,OutsideZoneStretch_,.mp4,2026-03-24,
290,1:40:16,1:40:30,Run,,FALSE,OutsideZoneClosed.mp4,OutsideZoneClosed_290.mp4,OutsideZoneStretch_,.mp4,2026-03-24,
291,1:40:41,1:40:54,Run,,FALSE,OutsideZoneClosed.mp4,OutsideZoneClosed_291.mp4,OutsideZoneStretch_,.mp4,2026-03-24,
292,1:41:00,1:41:11,Run,,FALSE,OutsideZoneClosed.mp4,OutsideZoneClosed_292.mp4,OutsideZoneStretch_,.mp4,2026-03-24,
293,1:41:22,1:41:34,Run,,FALSE,OutsideZoneClosed.mp4,OutsideZoneClosed_293.mp4,OutsideZoneStretch_,.mp4,2026-03-24,
294,1:41:39,1:41:51,Run,,FALSE,OutsideZoneClosed.mp4,OutsideZoneClosed_294.mp4,OutsideZoneStretch_,.mp4,2026-03-24,
295,1:41:58,1:42:10,Run,,FALSE,OutsideZoneClosed.mp4,OutsideZoneClosed_295.mp4,OutsideZoneStretch_,.mp4,2026-03-24,
296,1:42:14,1:42:25,Run,,FALSE,OutsideZoneClosed.mp4,OutsideZoneClosed_296.mp4,OutsideZoneStretch_,.mp4,2026-03-24,
297,1:42:45,1:42:56,Run,,FALSE,OutsideZoneClosed.mp4,OutsideZoneClosed_297.mp4,OutsideZoneStretch_,.mp4,2026-03-24,
298,1:43:13,1:43:24,Run,,FALSE,OutsideZoneClosed.mp4,OutsideZoneClosed_298.mp4,OutsideZoneStretch_,.mp4,2026-03-24,
299,1:43:44,1:43:53,Run,,FALSE,OutsideZoneClosed.mp4,OutsideZoneClosed_299.mp4,OutsideZoneStretch_,.mp4,2026-03-24,
300,1:44:00,1:44:13,Run,,FALSE,OutsideZoneClosed.mp4,OutsideZoneClosed_300.mp4,OutsideZoneStretch_,.mp4,2026-03-24,
301,1:44:21,1:44:33,Run,,FALSE,OutsideZoneClosed.mp4,OutsideZoneClosed_301.mp4,OutsideZoneStretch_,.mp4,2026-03-24,
302,1:44:41,1:44:54,Run,,FALSE,OutsideZoneClosed.mp4,OutsideZoneClosed_302.mp4,OutsideZoneStretch_,.mp4,2026-03-24,
303,1:44:58,1:45:10,Run,,FALSE,OutsideZoneClosed.mp4,OutsideZoneClosed_303.mp4,OutsideZoneStretch_,.mp4,2026-03-24,
304,1:45:17,1:45:27,Run,,FALSE,OutsideZoneClosed.mp4,OutsideZoneClosed_304.mp4,OutsideZoneStretch_,.mp4,2026-03-24,
305,1:45:31,1:45:39,Run,,FALSE,OutsideZoneClosed.mp4,OutsideZoneClosed_305.mp4,OutsideZoneStretch_,.mp4,2026-03-24,
306,1:45:48,1:46:00,Run,,FALSE,OutsideZoneClosed.mp4,OutsideZoneClosed_306.mp4,OutsideZoneStretch_,.mp4,2026-03-24,
307,1:46:05,1:46:19,Run,,FALSE,OutsideZoneClosed.mp4,OutsideZoneClosed_307.mp4,OutsideZoneStretch_,.mp4,2026-03-24,
308,1:46:27,1:46:43,Run,,FALSE,OutsideZoneClosed.mp4,OutsideZoneClosed_308.mp4,OutsideZoneStretch_,.mp4,2026-03-24,
309,1:46:47,1:47:01,Run,,FALSE,OutsideZoneClosed.mp4,OutsideZoneClosed_309.mp4,OutsideZoneStretch_,.mp4,2026-03-24,
310,1:47:09,1:47:18,Run,,FALSE,OutsideZoneClosed.mp4,OutsideZoneClosed_310.mp4,OutsideZoneStretch_,.mp4,2026-03-24,
311,1:47:22,1:47:30,Run,,FALSE,OutsideZoneClosed.mp4,OutsideZoneClosed_311.mp4,OutsideZoneStretch_,.mp4,2026-03-24,
312,1:47:37,1:47:45,Run,,FALSE,OutsideZoneClosed.mp4,OutsideZoneClosed_312.mp4,OutsideZoneStretch_,.mp4,2026-03-24,
313,1:47:50,1:47:59,Run,,FALSE,OutsideZoneClosed.mp4,OutsideZoneClosed_313.mp4,OutsideZoneStretch_,.mp4,2026-03-24,
314,1:48:13,1:48:27,Run,,FALSE,OutsideZoneClosed.mp4,OutsideZoneClosed_314.mp4,OutsideZoneStretch_,.mp4,2026-03-24,
315,1:48:33,1:48:46,Run,,FALSE,OutsideZoneClosed.mp4,OutsideZoneClosed_315.mp4,OutsideZoneStretch_,.mp4,2026-03-24,
316,1:49:00,1:49:07,Run,,FALSE,OutsideZoneClosed.mp4,OutsideZoneClosed_316.mp4,OutsideZoneStretch_,.mp4,2026-03-24,
317,1:49:21,1:49:28,Run,,FALSE,OutsideZoneClosed.mp4,OutsideZoneClosed_317.mp4,OutsideZoneStretch_,.mp4,2026-03-24,
318,1:49:35,1:49:42,Run,,FALSE,OutsideZoneClosed.mp4,OutsideZoneClosed_318.mp4,OutsideZoneStretch_,.mp4,2026-03-24,
319,1:49:46,1:49:54,Run,,FALSE,OutsideZoneClosed.mp4,OutsideZoneClosed_319.mp4,OutsideZoneStretch_,.mp4,2026-03-24,
320,1:50:08,1:50:16,Run,,FALSE,OutsideZoneClosed.mp4,OutsideZoneClosed_320.mp4,OutsideZoneStretch_,.mp4,2026-03-24,
321,1:50:22,1:50:35,Run,,FALSE,OutsideZoneClosed.mp4,OutsideZoneClosed_321.mp4,OutsideZoneStretch_,.mp4,2026-03-24,
322,1:50:52,1:51:04,Run,,FALSE,OutsideZoneClosed.mp4,OutsideZoneClosed_322.mp4,OutsideZoneStretch_,.mp4,2026-03-24,
323,1:51:17,1:51:30,Run,,FALSE,OutsideZoneClosed.mp4,OutsideZoneClosed_323.mp4,OutsideZoneStretch_,.mp4,2026-03-24,
324,1:51:47,1:51:59,Run,,FALSE,OutsideZoneClosed.mp4,OutsideZoneClosed_324.mp4,OutsideZoneStretch_,.mp4,2026-03-24,
325,1:52:06,1:52:17,Run,,FALSE,OutsideZoneClosed.mp4,OutsideZoneClosed_325.mp4,OutsideZoneStretch_,.mp4,2026-03-24,
326,1:52:25,1:52:37,Run,,FALSE,OutsideZoneClosed.mp4,OutsideZoneClosed_326.mp4,OutsideZoneStretch_,.mp4,2026-03-24,
327,1:52:42,1:52:54,Run,,FALSE,OutsideZoneClosed.mp4,OutsideZoneClosed_327.mp4,OutsideZoneStretch_,.mp4,2026-03-24,
328,1:53:02,1:53:10,Run,,FALSE,OutsideZoneClosed.mp4,OutsideZoneClosed_328.mp4,OutsideZoneStretch_,.mp4,2026-03-24,
329,1:53:14,1:53:21,Run,,FALSE,OutsideZoneClosed.mp4,OutsideZoneClosed_329.mp4,OutsideZoneStretch_,.mp4,2026-03-24,
330,1:53:35,1:53:46,Run,,FALSE,OutsideZoneClosed.mp4,OutsideZoneClosed_330.mp4,OutsideZoneStretch_,.mp4,2026-03-24,
331,1:53:57,1:54:08,Run,,FALSE,OutsideZoneClosed.mp4,OutsideZoneClosed_331.mp4,OutsideZoneStretch_,.mp4,2026-03-24,
332,1:54:20,1:54:30,Run,,FALSE,OutsideZoneClosed.mp4,OutsideZoneClosed_332.mp4,OutsideZoneStretch_,.mp4,2026-03-24,
333,1:54:39,1:54:49,Run,,FALSE,OutsideZoneClosed.mp4,OutsideZoneClosed_333.mp4,OutsideZoneStretch_,.mp4,2026-03-24,
334,1:54:58,1:55:10,Run,,FALSE,OutsideZoneClosed.mp4,OutsideZoneClosed_334.mp4,OutsideZoneStretch_,.mp4,2026-03-24,
335,1:55:17,1:55:30,Run,,FALSE,OutsideZoneClosed.mp4,OutsideZoneClosed_335.mp4,OutsideZoneStretch_,.mp4,2026-03-24,
336,1:55:37,1:55:50,Run,,FALSE,OutsideZoneClosed.mp4,OutsideZoneClosed_336.mp4,OutsideZoneStretch_,.mp4,2026-03-24,
337,1:55:58,1:56:13,Run,,FALSE,OutsideZoneClosed.mp4,OutsideZoneClosed_337.mp4,OutsideZoneStretch_,.mp4,2026-03-24,
338,1:56:21,1:56:34,Run,,FALSE,OutsideZoneClosed.mp4,OutsideZoneClosed_338.mp4,OutsideZoneStretch_,.mp4,2026-03-24,
339,1:56:46,1:56:54,Run,,FALSE,OutsideZoneClosed.mp4,OutsideZoneClosed_339.mp4,OutsideZoneStretch_,.mp4,2026-03-24,
340,1:57:02,1:57:18,Run,,FALSE,OutsideZoneClosed.mp4,OutsideZoneClosed_340.mp4,OutsideZoneStretch_,.mp4,2026-03-24,
341,1:57:24,1:57:39,Run,,FALSE,OutsideZoneClosed.mp4,OutsideZoneClosed_341.mp4,OutsideZoneStretch_,.mp4,2026-03-24,
342,1:57:52,1:58:10,Run,,FALSE,OutsideZoneClosed.mp4,OutsideZoneClosed_342.mp4,OutsideZoneStretch_,.mp4,2026-03-24,
343,1:58:15,1:58:31,Run,,FALSE,OutsideZoneClosed.mp4,OutsideZoneClosed_343.mp4,OutsideZoneStretch_,.mp4,2026-03-24,
344,1:58:41,1:58:55,Run,,FALSE,OutsideZoneClosed.mp4,OutsideZoneClosed_344.mp4,OutsideZoneStretch_,.mp4,2026-03-24,
345,1:59:00,1:59:13,Run,,FALSE,OutsideZoneClosed.mp4,OutsideZoneClosed_345.mp4,OutsideZoneStretch_,.mp4,2026-03-24,
346,1:59:26,1:59:40,Run,,FALSE,OutsideZoneClosed.mp4,OutsideZoneClosed_346.mp4,OutsideZoneStretch_,.mp4,2026-03-24,
347,1:59:44,1:59:58,Run,,FALSE,OutsideZoneClosed.mp4,OutsideZoneClosed_347.mp4,OutsideZoneStretch_,.mp4,2026-03-24,
1,0:00:05,0:00:14,Run,S,FALSE,QBZoneRead.mp4,QB_ZoneRead_1.mp4,QB_ZoneRead_,.mp4,2026-03-25,
2,0:00:22,0:00:31,Run,E,FALSE,QBZoneRead.mp4,QB_ZoneRead_2.mp4,QB_ZoneRead_,.mp4,2026-03-25,
3,0:00:41,0:00:47,Run,S,FALSE,QBZoneRead.mp4,QB_ZoneRead_3.mp4,QB_ZoneRead_,.mp4,2026-03-25,
4,0:00:57,0:01:03,Run,E,FALSE,QBZoneRead.mp4,QB_ZoneRead_4.mp4,QB_ZoneRead_,.mp4,2026-03-25,
5,0:01:17,0:01:23,Run,S,FALSE,QBZoneRead.mp4,QB_ZoneRead_5.mp4,QB_ZoneRead_,.mp4,2026-03-25,
6,0:01:32,0:01:38,Run,E,FALSE,QBZoneRead.mp4,QB_ZoneRead_6.mp4,QB_ZoneRead_,.mp4,2026-03-25,
7,0:01:47,0:01:52,Run,S,FALSE,QBZoneRead.mp4,QB_ZoneRead_7.mp4,QB_ZoneRead_,.mp4,2026-03-25,
8,0:01:56,0:02:02,Run,E,FALSE,QBZoneRead.mp4,QB_ZoneRead_8.mp4,QB_ZoneRead_,.mp4,2026-03-25,
9,0:02:15,0:02:22,Run,S,FALSE,QBZoneRead.mp4,QB_ZoneRead_9.mp4,QB_ZoneRead_,.mp4,2026-03-25,
10,0:02:31,0:02:38,Run,E,FALSE,QBZoneRead.mp4,QB_ZoneRead_10.mp4,QB_ZoneRead_,.mp4,2026-03-25,
11,0:02:49,0:02:55,Run,S,FALSE,QBZoneRead.mp4,QB_ZoneRead_11.mp4,QB_ZoneRead_,.mp4,2026-03-25,
12,0:03:00,0:03:06,Run,E,FALSE,QBZoneRead.mp4,QB_ZoneRead_12.mp4,QB_ZoneRead_,.mp4,2026-03-25,
13,0:03:14,0:03:22,Run,S,FALSE,QBZoneRead.mp4,QB_ZoneRead_13.mp4,QB_ZoneRead_,.mp4,2026-03-25,
14,0:03:26,0:03:33,Run,E,FALSE,QBZoneRead.mp4,QB_ZoneRead_14.mp4,QB_ZoneRead_,.mp4,2026-03-25,
15,0:03:41,0:03:47,Run,S,FALSE,QBZoneRead.mp4,QB_ZoneRead_15.mp4,QB_ZoneRead_,.mp4,2026-03-25,
16,0:03:51,0:03:56,Run,E,FALSE,QBZoneRead.mp4,QB_ZoneRead_16.mp4,QB_ZoneRead_,.mp4,2026-03-25,
17,0:04:05,0:04:13,Run,S,FALSE,QBZoneRead.mp4,QB_ZoneRead_17.mp4,QB_ZoneRead_,.mp4,2026-03-25,
18,0:04:16,0:04:25,Run,E,FALSE,QBZoneRead.mp4,QB_ZoneRead_18.mp4,QB_ZoneRead_,.mp4,2026-03-25,
19,0:04:39,0:04:45,Run,S,FALSE,QBZoneRead.mp4,QB_ZoneRead_19.mp4,QB_ZoneRead_,.mp4,2026-03-25,
20,0:04:53,0:05:03,Run,E,FALSE,QBZoneRead.mp4,QB_ZoneRead_20.mp4,QB_ZoneRead_,.mp4,2026-03-25,
21,0:05:18,0:05:25,Run,S,FALSE,QBZoneRead.mp4,QB_ZoneRead_21.mp4,QB_ZoneRead_,.mp4,2026-03-25,
22,0:05:32,0:05:40,Run,E,FALSE,QBZoneRead.mp4,QB_ZoneRead_22.mp4,QB_ZoneRead_,.mp4,2026-03-25,
23,0:05:53,0:06:02,Run,S,FALSE,QBZoneRead.mp4,QB_ZoneRead_23.mp4,QB_ZoneRead_,.mp4,2026-03-25,
24,0:06:10,0:06:18,Run,E,FALSE,QBZoneRead.mp4,QB_ZoneRead_24.mp4,QB_ZoneRead_,.mp4,2026-03-25,
25,0:06:32,0:06:41,Run,S,FALSE,QBZoneRead.mp4,QB_ZoneRead_25.mp4,QB_ZoneRead_,.mp4,2026-03-25,
26,0:06:46,0:06:55,Run,E,FALSE,QBZoneRead.mp4,QB_ZoneRead_26.mp4,QB_ZoneRead_,.mp4,2026-03-25,
27,0:07:12,0:07:18,Run,S,FALSE,QBZoneRead.mp4,QB_ZoneRead_27.mp4,QB_ZoneRead_,.mp4,2026-03-25,
28,0:07:31,0:07:38,Run,E,FALSE,QBZoneRead.mp4,QB_ZoneRead_28.mp4,QB_ZoneRead_,.mp4,2026-03-25,
29,0:07:46,0:07:52,Run,S,FALSE,QBZoneRead.mp4,QB_ZoneRead_29.mp4,QB_ZoneRead_,.mp4,2026-03-25,
30,0:08:02,0:08:08,Run,E,FALSE,QBZoneRead.mp4,QB_ZoneRead_30.mp4,QB_ZoneRead_,.mp4,2026-03-25,
31,0:08:18,0:08:26,Run,S,FALSE,QBZoneRead.mp4,QB_ZoneRead_31.mp4,QB_ZoneRead_,.mp4,2026-03-25,
32,0:08:35,0:08:43,Run,E,FALSE,QBZoneRead.mp4,QB_ZoneRead_32.mp4,QB_ZoneRead_,.mp4,2026-03-25,
33,0:08:57,0:09:09,Run,S,FALSE,QBZoneRead.mp4,QB_ZoneRead_33.mp4,QB_ZoneRead_,.mp4,2026-03-25,
34,0:09:22,0:09:34,Run,E,FALSE,QBZoneRead.mp4,QB_ZoneRead_34.mp4,QB_ZoneRead_,.mp4,2026-03-25,
35,0:09:43,0:09:51,Run,S,FALSE,QBZoneRead.mp4,QB_ZoneRead_35.mp4,QB_ZoneRead_,.mp4,2026-03-25,
36,0:09:54,0:10:01,Run,E,FALSE,QBZoneRead.mp4,QB_ZoneRead_36.mp4,QB_ZoneRead_,.mp4,2026-03-25,
37,0:10:15,0:10:22,Run,S,FALSE,QBZoneRead.mp4,QB_ZoneRead_37.mp4,QB_ZoneRead_,.mp4,2026-03-25,
38,0:10:43,0:10:50,Run,E,FALSE,QBZoneRead.mp4,QB_ZoneRead_38.mp4,QB_ZoneRead_,.mp4,2026-03-25,
39,0:11:03,0:11:08,Run,S,FALSE,QBZoneRead.mp4,QB_ZoneRead_39.mp4,QB_ZoneRead_,.mp4,2026-03-25,
40,0:11:14,0:11:19,Run,E,FALSE,QBZoneRead.mp4,QB_ZoneRead_40.mp4,QB_ZoneRead_,.mp4,2026-03-25,
41,0:11:28,0:11:35,Run,S,FALSE,QBZoneRead.mp4,QB_ZoneRead_41.mp4,QB_ZoneRead_,.mp4,2026-03-25,
42,0:11:53,0:12:00,Run,E,FALSE,QBZoneRead.mp4,QB_ZoneRead_42.mp4,QB_ZoneRead_,.mp4,2026-03-25,
43,0:12:10,0:12:17,Run,S,FALSE,QBZoneRead.mp4,QB_ZoneRead_43.mp4,QB_ZoneRead_,.mp4,2026-03-25,
44,0:12:25,0:12:33,Run,E,FALSE,QBZoneRead.mp4,QB_ZoneRead_44.mp4,QB_ZoneRead_,.mp4,2026-03-25,
45,0:12:39,0:12:47,Run,S,FALSE,QBZoneRead.mp4,QB_ZoneRead_45.mp4,QB_ZoneRead_,.mp4,2026-03-25,
46,0:12:51,0:12:58,Run,E,FALSE,QBZoneRead.mp4,QB_ZoneRead_46.mp4,QB_ZoneRead_,.mp4,2026-03-25,
47,0:13:05,0:13:15,Run,S,FALSE,QBZoneRead.mp4,QB_ZoneRead_47.mp4,QB_ZoneRead_,.mp4,2026-03-25,
48,0:13:19,0:13:29,Run,E,FALSE,QBZoneRead.mp4,QB_ZoneRead_48.mp4,QB_ZoneRead_,.mp4,2026-03-25,
49,0:13:36,0:13:43,Run,S,FALSE,QBZoneRead.mp4,QB_ZoneRead_49.mp4,QB_ZoneRead_,.mp4,2026-03-25,
50,0:13:50,0:13:57,Run,E,FALSE,QBZoneRead.mp4,QB_ZoneRead_50.mp4,QB_ZoneRead_,.mp4,2026-03-25,
51,0:14:05,0:14:11,Run,S,FALSE,QBZoneRead.mp4,QB_ZoneRead_51.mp4,QB_ZoneRead_,.mp4,2026-03-25,
52,0:14:16,0:14:23,Run,E,FALSE,QBZoneRead.mp4,QB_ZoneRead_52.mp4,QB_ZoneRead_,.mp4,2026-03-25,
53,0:14:49,0:14:56,Run,S,FALSE,QBZoneRead.mp4,QB_ZoneRead_53.mp4,QB_ZoneRead_,.mp4,2026-03-25,
54,0:15:19,0:15:27,Run,E,FALSE,QBZoneRead.mp4,QB_ZoneRead_54.mp4,QB_ZoneRead_,.mp4,2026-03-25,
55,0:15:34,0:15:45,Run,S,FALSE,QBZoneRead.mp4,QB_ZoneRead_55.mp4,QB_ZoneRead_,.mp4,2026-03-25,
56,0:15:50,0:15:59,Run,E,FALSE,QBZoneRead.mp4,QB_ZoneRead_56.mp4,QB_ZoneRead_,.mp4,2026-03-25,
57,0:16:16,0:16:22,Run,S,FALSE,QBZoneRead.mp4,QB_ZoneRead_57.mp4,QB_ZoneRead_,.mp4,2026-03-25,
58,0:16:34,0:16:40,Run,E,FALSE,QBZoneRead.mp4,QB_ZoneRead_58.mp4,QB_ZoneRead_,.mp4,2026-03-25,
59,0:16:52,0:16:59,Run,S,FALSE,QBZoneRead.mp4,QB_ZoneRead_59.mp4,QB_ZoneRead_,.mp4,2026-03-25,
60,0:17:07,0:17:14,Run,E,FALSE,QBZoneRead.mp4,QB_ZoneRead_60.mp4,QB_ZoneRead_,.mp4,2026-03-25,
61,0:17:23,0:17:31,Run,S,FALSE,QBZoneRead.mp4,QB_ZoneRead_61.mp4,QB_ZoneRead_,.mp4,2026-03-25,
62,0:17:38,0:17:45,Run,E,FALSE,QBZoneRead.mp4,QB_ZoneRead_62.mp4,QB_ZoneRead_,.mp4,2026-03-25,
63,0:17:58,0:18:05,Run,S,FALSE,QBZoneRead.mp4,QB_ZoneRead_63.mp4,QB_ZoneRead_,.mp4,2026-03-25,
64,0:18:19,0:18:26,Run,E,FALSE,QBZoneRead.mp4,QB_ZoneRead_64.mp4,QB_ZoneRead_,.mp4,2026-03-25,
65,0:18:37,0:18:44,Run,S,FALSE,QBZoneRead.mp4,QB_ZoneRead_65.mp4,QB_ZoneRead_,.mp4,2026-03-25,
66,0:19:01,0:19:07,Run,E,FALSE,QBZoneRead.mp4,QB_ZoneRead_66.mp4,QB_ZoneRead_,.mp4,2026-03-25,
67,0:19:14,0:19:20,Run,S,FALSE,QBZoneRead.mp4,QB_ZoneRead_67.mp4,QB_ZoneRead_,.mp4,2026-03-25,
68,0:19:28,0:19:35,Run,E,FALSE,QBZoneRead.mp4,QB_ZoneRead_68.mp4,QB_ZoneRead_,.mp4,2026-03-25,
69,0:19:48,0:19:59,Run,S,FALSE,QBZoneRead.mp4,QB_ZoneRead_69.mp4,QB_ZoneRead_,.mp4,2026-03-25,
70,0:20:03,0:20:15,Run,E,FALSE,QBZoneRead.mp4,QB_ZoneRead_70.mp4,QB_ZoneRead_,.mp4,2026-03-25,
71,0:20:31,0:20:38,Run,S,FALSE,QBZoneRead.mp4,QB_ZoneRead_71.mp4,QB_ZoneRead_,.mp4,2026-03-25,
72,0:20:54,0:21:03,Run,E,FALSE,QBZoneRead.mp4,QB_ZoneRead_72.mp4,QB_ZoneRead_,.mp4,2026-03-25,
73,0:21:11,0:21:19,Run,S,FALSE,QBZoneRead.mp4,QB_ZoneRead_73.mp4,QB_ZoneRead_,.mp4,2026-03-25,
74,0:21:25,0:21:32,Run,E,FALSE,QBZoneRead.mp4,QB_ZoneRead_74.mp4,QB_ZoneRead_,.mp4,2026-03-25,
75,0:21:41,0:21:54,Run,S,FALSE,QBZoneRead.mp4,QB_ZoneRead_75.mp4,QB_ZoneRead_,.mp4,2026-03-25,
76,0:22:00,0:22:14,Run,E,FALSE,QBZoneRead.mp4,QB_ZoneRead_76.mp4,QB_ZoneRead_,.mp4,2026-03-25,
77,0:22:25,0:22:30,Run,S,FALSE,QBZoneRead.mp4,QB_ZoneRead_77.mp4,QB_ZoneRead_,.mp4,2026-03-25,
78,0:22:41,0:22:47,Run,E,FALSE,QBZoneRead.mp4,QB_ZoneRead_78.mp4,QB_ZoneRead_,.mp4,2026-03-25,
79,0:23:04,0:23:19,Run,S,FALSE,QBZoneRead.mp4,QB_ZoneRead_79.mp4,QB_ZoneRead_,.mp4,2026-03-25,
80,0:23:26,0:23:41,Run,E,FALSE,QBZoneRead.mp4,QB_ZoneRead_80.mp4,QB_ZoneRead_,.mp4,2026-03-25,
81,0:23:53,0:24:00,Run,S,FALSE,QBZoneRead.mp4,QB_ZoneRead_81.mp4,QB_ZoneRead_,.mp4,2026-03-25,
82,0:24:09,0:24:16,Run,E,FALSE,QBZoneRead.mp4,QB_ZoneRead_82.mp4,QB_ZoneRead_,.mp4,2026-03-25,
83,0:24:25,0:24:31,Run,S,FALSE,QBZoneRead.mp4,QB_ZoneRead_83.mp4,QB_ZoneRead_,.mp4,2026-03-25,
84,0:24:39,0:24:45,Run,E,FALSE,QBZoneRead.mp4,QB_ZoneRead_84.mp4,QB_ZoneRead_,.mp4,2026-03-25,
85,0:25:04,0:25:11,Run,S,FALSE,QBZoneRead.mp4,QB_ZoneRead_85.mp4,QB_ZoneRead_,.mp4,2026-03-25,
86,0:25:21,0:25:28,Run,E,FALSE,QBZoneRead.mp4,QB_ZoneRead_86.mp4,QB_ZoneRead_,.mp4,2026-03-25,
87,0:25:44,0:25:53,Run,S,FALSE,QBZoneRead.mp4,QB_ZoneRead_87.mp4,QB_ZoneRead_,.mp4,2026-03-25,
88,0:26:04,0:26:14,Run,E,FALSE,QBZoneRead.mp4,QB_ZoneRead_88.mp4,QB_ZoneRead_,.mp4,2026-03-25,
89,0:26:25,0:26:32,Run,S,FALSE,QBZoneRead.mp4,QB_ZoneRead_89.mp4,QB_ZoneRead_,.mp4,2026-03-25,
90,0:26:39,0:26:46,Run,E,FALSE,QBZoneRead.mp4,QB_ZoneRead_90.mp4,QB_ZoneRead_,.mp4,2026-03-25,
91,0:26:56,0:27:03,Run,S,FALSE,QBZoneRead.mp4,QB_ZoneRead_91.mp4,QB_ZoneRead_,.mp4,2026-03-25,
92,0:27:12,0:27:19,Run,E,FALSE,QBZoneRead.mp4,QB_ZoneRead_92.mp4,QB_ZoneRead_,.mp4,2026-03-25,
93,0:27:28,0:27:36,Run,S,FALSE,QBZoneRead.mp4,QB_ZoneRead_93.mp4,QB_ZoneRead_,.mp4,2026-03-25,
94,0:27:40,0:27:48,Run,E,FALSE,QBZoneRead.mp4,QB_ZoneRead_94.mp4,QB_ZoneRead_,.mp4,2026-03-25,
95,0:27:56,0:28:06,Run,S,FALSE,QBZoneRead.mp4,QB_ZoneRead_95.mp4,QB_ZoneRead_,.mp4,2026-03-25,
96,0:28:12,0:28:21,Run,E,FALSE,QBZoneRead.mp4,QB_ZoneRead_96.mp4,QB_ZoneRead_,.mp4,2026-03-25,
97,0:28:28,0:28:34,Run,S,FALSE,QBZoneRead.mp4,QB_ZoneRead_97.mp4,QB_ZoneRead_,.mp4,2026-03-25,
98,0:28:40,0:28:46,Run,E,FALSE,QBZoneRead.mp4,QB_ZoneRead_98.mp4,QB_ZoneRead_,.mp4,2026-03-25,
99,0:28:59,0:29:05,Run,S,FALSE,QBZoneRead.mp4,QB_ZoneRead_99.mp4,QB_ZoneRead_,.mp4,2026-03-25,
100,0:29:14,0:29:21,Run,E,FALSE,QBZoneRead.mp4,QB_ZoneRead_100.mp4,QB_ZoneRead_,.mp4,2026-03-25,
101,0:29:32,0:29:40,Run,S,FALSE,QBZoneRead.mp4,QB_ZoneRead_101.mp4,QB_ZoneRead_,.mp4,2026-03-25,
102,0:29:44,0:29:52,Run,E,FALSE,QBZoneRead.mp4,QB_ZoneRead_102.mp4,QB_ZoneRead_,.mp4,2026-03-25,
103,0:29:59,0:30:05,Run,S,FALSE,QBZoneRead.mp4,QB_ZoneRead_103.mp4,QB_ZoneRead_,.mp4,2026-03-25,
104,0:30:11,0:30:17,Run,E,FALSE,QBZoneRead.mp4,QB_ZoneRead_104.mp4,QB_ZoneRead_,.mp4,2026-03-25,
105,0:30:28,0:30:35,Run,S,FALSE,QBZoneRead.mp4,QB_ZoneRead_105.mp4,QB_ZoneRead_,.mp4,2026-03-25,
106,0:30:44,0:30:51,Run,E,FALSE,QBZoneRead.mp4,QB_ZoneRead_106.mp4,QB_ZoneRead_,.mp4,2026-03-25,
107,0:31:02,0:31:10,Run,S,FALSE,QBZoneRead.mp4,QB_ZoneRead_107.mp4,QB_ZoneRead_,.mp4,2026-03-25,
108,0:31:14,0:31:23,Run,E,FALSE,QBZoneRead.mp4,QB_ZoneRead_108.mp4,QB_ZoneRead_,.mp4,2026-03-25,
109,0:31:32,0:31:39,Run,S,FALSE,QBZoneRead.mp4,QB_ZoneRead_109.mp4,QB_ZoneRead_,.mp4,2026-03-25,
110,0:31:48,0:31:55,Run,E,FALSE,QBZoneRead.mp4,QB_ZoneRead_110.mp4,QB_ZoneRead_,.mp4,2026-03-25,
111,0:32:06,0:32:14,Run,S,FALSE,QBZoneRead.mp4,QB_ZoneRead_111.mp4,QB_ZoneRead_,.mp4,2026-03-25,
112,0:32:22,0:32:29,Run,E,FALSE,QBZoneRead.mp4,QB_ZoneRead_112.mp4,QB_ZoneRead_,.mp4,2026-03-25,
113,0:32:34,0:32:44,Run,S,FALSE,QBZoneRead.mp4,QB_ZoneRead_113.mp4,QB_ZoneRead_,.mp4,2026-03-25,
114,0:32:50,0:32:59,Run,E,FALSE,QBZoneRead.mp4,QB_ZoneRead_114.mp4,QB_ZoneRead_,.mp4,2026-03-25,
115,0:33:14,0:33:23,Run,S,FALSE,QBZoneRead.mp4,QB_ZoneRead_115.mp4,QB_ZoneRead_,.mp4,2026-03-25,
116,0:33:32,0:33:39,Run,E,FALSE,QBZoneRead.mp4,QB_ZoneRead_116.mp4,QB_ZoneRead_,.mp4,2026-03-25,
117,0:33:53,0:34:00,Run,S,FALSE,QBZoneRead.mp4,QB_ZoneRead_117.mp4,QB_ZoneRead_,.mp4,2026-03-25,
118,0:34:12,0:34:19,Run,E,FALSE,QBZoneRead.mp4,QB_ZoneRead_118.mp4,QB_ZoneRead_,.mp4,2026-03-25,
119,0:34:31,0:34:38,Run,S,FALSE,QBZoneRead.mp4,QB_ZoneRead_119.mp4,QB_ZoneRead_,.mp4,2026-03-25,
120,0:34:44,0:34:50,Run,E,FALSE,QBZoneRead.mp4,QB_ZoneRead_120.mp4,QB_ZoneRead_,.mp4,2026-03-25,
121,0:35:02,0:35:10,Run,S,FALSE,QBZoneRead.mp4,QB_ZoneRead_121.mp4,QB_ZoneRead_,.mp4,2026-03-25,
122,0:35:18,0:35:26,Run,E,FALSE,QBZoneRead.mp4,QB_ZoneRead_122.mp4,QB_ZoneRead_,.mp4,2026-03-25,
123,0:35:39,0:35:47,Run,S,FALSE,QBZoneRead.mp4,QB_ZoneRead_123.mp4,QB_ZoneRead_,.mp4,2026-03-25,
124,0:35:59,0:36:05,Run,E,FALSE,QBZoneRead.mp4,QB_ZoneRead_124.mp4,QB_ZoneRead_,.mp4,2026-03-25,
125,0:36:19,0:36:26,Run,S,FALSE,QBZoneRead.mp4,QB_ZoneRead_125.mp4,QB_ZoneRead_,.mp4,2026-03-25,
126,0:36:34,0:36:42,Run,E,FALSE,QBZoneRead.mp4,QB_ZoneRead_126.mp4,QB_ZoneRead_,.mp4,2026-03-25,
127,0:37:02,0:37:10,Run,S,FALSE,QBZoneRead.mp4,QB_ZoneRead_127.mp4,QB_ZoneRead_,.mp4,2026-03-25,
128,0:37:23,0:37:30,Run,E,FALSE,QBZoneRead.mp4,QB_ZoneRead_128.mp4,QB_ZoneRead_,.mp4,2026-03-25,
129,0:37:48,0:37:55,Run,S,FALSE,QBZoneRead.mp4,QB_ZoneRead_129.mp4,QB_ZoneRead_,.mp4,2026-03-25,
130,0:38:02,0:38:10,Run,E,FALSE,QBZoneRead.mp4,QB_ZoneRead_130.mp4,QB_ZoneRead_,.mp4,2026-03-25,
131,0:38:19,0:38:27,Run,S,FALSE,QBZoneRead.mp4,QB_ZoneRead_131.mp4,QB_ZoneRead_,.mp4,2026-03-25,
132,0:38:35,0:38:45,Run,E,FALSE,QBZoneRead.mp4,QB_ZoneRead_132.mp4,QB_ZoneRead_,.mp4,2026-03-25,
133,0:38:50,0:38:56,Run,S,FALSE,QBZoneRead.mp4,QB_ZoneRead_133.mp4,QB_ZoneRead_,.mp4,2026-03-25,
134,0:39:03,0:39:09,Run,E,FALSE,QBZoneRead.mp4,QB_ZoneRead_134.mp4,QB_ZoneRead_,.mp4,2026-03-25,
135,0:39:20,0:39:27,Run,S,FALSE,QBZoneRead.mp4,QB_ZoneRead_135.mp4,QB_ZoneRead_,.mp4,2026-03-25,
136,0:39:35,0:39:42,Run,E,FALSE,QBZoneRead.mp4,QB_ZoneRead_136.mp4,QB_ZoneRead_,.mp4,2026-03-25,
137,0:39:54,0:40:00,Run,S,FALSE,QBZoneRead.mp4,QB_ZoneRead_137.mp4,QB_ZoneRead_,.mp4,2026-03-25,
138,0:40:14,0:40:20,Run,E,FALSE,QBZoneRead.mp4,QB_ZoneRead_138.mp4,QB_ZoneRead_,.mp4,2026-03-25,
139,0:40:33,0:40:38,Run,S,FALSE,QBZoneRead.mp4,QB_ZoneRead_139.mp4,QB_ZoneRead_,.mp4,2026-03-25,
140,0:40:43,0:40:49,Run,E,FALSE,QBZoneRead.mp4,QB_ZoneRead_140.mp4,QB_ZoneRead_,.mp4,2026-03-25,
141,0:41:03,0:41:09,Run,S,FALSE,QBZoneRead.mp4,QB_ZoneRead_141.mp4,QB_ZoneRead_,.mp4,2026-03-25,
142,0:41:17,0:41:24,Run,E,FALSE,QBZoneRead.mp4,QB_ZoneRead_142.mp4,QB_ZoneRead_,.mp4,2026-03-25,
143,0:41:36,0:41:43,Run,S,FALSE,QBZoneRead.mp4,QB_ZoneRead_143.mp4,QB_ZoneRead_,.mp4,2026-03-25,
144,0:41:54,0:42:01,Run,E,FALSE,QBZoneRead.mp4,QB_ZoneRead_144.mp4,QB_ZoneRead_,.mp4,2026-03-25,
145,0:42:13,0:42:20,Run,S,FALSE,QBZoneRead.mp4,QB_ZoneRead_145.mp4,QB_ZoneRead_,.mp4,2026-03-25,
146,0:42:34,0:42:41,Run,E,FALSE,QBZoneRead.mp4,QB_ZoneRead_146.mp4,QB_ZoneRead_,.mp4,2026-03-25,
147,0:42:55,0:43:05,Run,S,FALSE,QBZoneRead.mp4,QB_ZoneRead_147.mp4,QB_ZoneRead_,.mp4,2026-03-25,
148,0:43:19,0:43:29,Run,E,FALSE,QBZoneRead.mp4,QB_ZoneRead_148.mp4,QB_ZoneRead_,.mp4,2026-03-25,
149,0:43:39,0:43:46,Run,S,FALSE,QBZoneRead.mp4,QB_ZoneRead_149.mp4,QB_ZoneRead_,.mp4,2026-03-25,
150,0:43:52,0:43:59,Run,E,FALSE,QBZoneRead.mp4,QB_ZoneRead_150.mp4,QB_ZoneRead_,.mp4,2026-03-25,
151,0:44:05,0:44:14,Run,S,FALSE,QBZoneRead.mp4,QB_ZoneRead_151.mp4,QB_ZoneRead_,.mp4,2026-03-25,
152,0:44:18,0:44:28,Run,E,FALSE,QBZoneRead.mp4,QB_ZoneRead_152.mp4,QB_ZoneRead_,.mp4,2026-03-25,
153,0:44:35,0:44:43,Run,S,FALSE,QBZoneRead.mp4,QB_ZoneRead_153.mp4,QB_ZoneRead_,.mp4,2026-03-25,
154,0:44:48,0:44:55,Run,E,FALSE,QBZoneRead.mp4,QB_ZoneRead_154.mp4,QB_ZoneRead_,.mp4,2026-03-25,
155,0:45:03,0:45:14,Run,S,FALSE,QBZoneRead.mp4,QB_ZoneRead_155.mp4,QB_ZoneRead_,.mp4,2026-03-25,
156,0:45:17,0:45:28,Run,E,FALSE,QBZoneRead.mp4,QB_ZoneRead_156.mp4,QB_ZoneRead_,.mp4,2026-03-25,
157,0:45:40,0:45:46,Run,S,FALSE,QBZoneRead.mp4,QB_ZoneRead_157.mp4,QB_ZoneRead_,.mp4,2026-03-25,
158,0:45:55,0:46:02,Run,E,FALSE,QBZoneRead.mp4,QB_ZoneRead_158.mp4,QB_ZoneRead_,.mp4,2026-03-25,
159,0:46:14,0:46:20,Run,S,FALSE,QBZoneRead.mp4,QB_ZoneRead_159.mp4,QB_ZoneRead_,.mp4,2026-03-25,
160,0:46:32,0:46:40,Run,E,FALSE,QBZoneRead.mp4,QB_ZoneRead_160.mp4,QB_ZoneRead_,.mp4,2026-03-25,
161,0:46:51,0:46:58,Run,S,FALSE,QBZoneRead.mp4,QB_ZoneRead_161.mp4,QB_ZoneRead_,.mp4,2026-03-25,
162,0:47:09,0:47:16,Run,E,FALSE,QBZoneRead.mp4,QB_ZoneRead_162.mp4,QB_ZoneRead_,.mp4,2026-03-25,
163,0:47:30,0:47:37,Run,S,FALSE,QBZoneRead.mp4,QB_ZoneRead_163.mp4,QB_ZoneRead_,.mp4,2026-03-25,
164,0:47:44,0:47:52,Run,E,FALSE,QBZoneRead.mp4,QB_ZoneRead_164.mp4,QB_ZoneRead_,.mp4,2026-03-25,
165,0:48:04,0:48:12,Run,S,FALSE,QBZoneRead.mp4,QB_ZoneRead_165.mp4,QB_ZoneRead_,.mp4,2026-03-25,
166,0:48:18,0:48:26,Run,E,FALSE,QBZoneRead.mp4,QB_ZoneRead_166.mp4,QB_ZoneRead_,.mp4,2026-03-25,
167,0:48:34,0:48:41,Run,S,FALSE,QBZoneRead.mp4,QB_ZoneRead_167.mp4,QB_ZoneRead_,.mp4,2026-03-25,
168,0:48:46,0:48:53,Run,E,FALSE,QBZoneRead.mp4,QB_ZoneRead_168.mp4,QB_ZoneRead_,.mp4,2026-03-25,
169,0:49:02,0:49:08,Run,S,FALSE,QBZoneRead.mp4,QB_ZoneRead_169.mp4,QB_ZoneRead_,.mp4,2026-03-25,
170,0:49:14,0:49:19,Run,E,FALSE,QBZoneRead.mp4,QB_ZoneRead_170.mp4,QB_ZoneRead_,.mp4,2026-03-25,
171,0:49:33,0:49:42,Run,S,FALSE,QBZoneRead.mp4,QB_ZoneRead_171.mp4,QB_ZoneRead_,.mp4,2026-03-25,
172,0:49:51,0:50:00,Run,E,FALSE,QBZoneRead.mp4,QB_ZoneRead_172.mp4,QB_ZoneRead_,.mp4,2026-03-25,
173,0:50:09,0:50:17,Run,S,FALSE,QBZoneRead.mp4,QB_ZoneRead_173.mp4,QB_ZoneRead_,.mp4,2026-03-25,
174,0:50:21,0:50:29,Run,E,FALSE,QBZoneRead.mp4,QB_ZoneRead_174.mp4,QB_ZoneRead_,.mp4,2026-03-25,
175,0:50:42,0:50:49,Run,S,FALSE,QBZoneRead.mp4,QB_ZoneRead_175.mp4,QB_ZoneRead_,.mp4,2026-03-25,
176,0:51:02,0:51:10,Run,E,FALSE,QBZoneRead.mp4,QB_ZoneRead_176.mp4,QB_ZoneRead_,.mp4,2026-03-25,
177,0:51:20,0:51:31,Run,S,FALSE,QBZoneRead.mp4,QB_ZoneRead_177.mp4,QB_ZoneRead_,.mp4,2026-03-25,
178,0:51:36,0:51:47,Run,E,FALSE,QBZoneRead.mp4,QB_ZoneRead_178.mp4,QB_ZoneRead_,.mp4,2026-03-25,
179,0:51:56,0:52:03,Run,S,FALSE,QBZoneRead.mp4,QB_ZoneRead_179.mp4,QB_ZoneRead_,.mp4,2026-03-25,
180,0:52:09,0:52:15,Run,E,FALSE,QBZoneRead.mp4,QB_ZoneRead_180.mp4,QB_ZoneRead_,.mp4,2026-03-25,
181,0:52:24,0:52:30,Run,S,FALSE,QBZoneRead.mp4,QB_ZoneRead_181.mp4,QB_ZoneRead_,.mp4,2026-03-25,
182,0:52:36,0:52:41,Run,E,FALSE,QBZoneRead.mp4,QB_ZoneRead_182.mp4,QB_ZoneRead_,.mp4,2026-03-25,
183,0:52:50,0:52:57,Run,S,FALSE,QBZoneRead.mp4,QB_ZoneRead_183.mp4,QB_ZoneRead_,.mp4,2026-03-25,
184,0:53:08,0:53:17,Run,E,FALSE,QBZoneRead.mp4,QB_ZoneRead_184.mp4,QB_ZoneRead_,.mp4,2026-03-25,
185,0:53:25,0:53:30,Run,S,FALSE,QBZoneRead.mp4,QB_ZoneRead_185.mp4,QB_ZoneRead_,.mp4,2026-03-25,
186,0:53:39,0:53:44,Run,E,FALSE,QBZoneRead.mp4,QB_ZoneRead_186.mp4,QB_ZoneRead_,.mp4,2026-03-25,
187,0:53:54,0:54:02,Run,S,FALSE,QBZoneRead.mp4,QB_ZoneRead_187.mp4,QB_ZoneRead_,.mp4,2026-03-25,
188,0:54:09,0:54:17,Run,E,FALSE,QBZoneRead.mp4,QB_ZoneRead_188.mp4,QB_ZoneRead_,.mp4,2026-03-25,
189,0:54:33,0:54:41,Run,S,FALSE,QBZoneRead.mp4,QB_ZoneRead_189.mp4,QB_ZoneRead_,.mp4,2026-03-25,
190,0:54:51,0:54:58,Run,E,FALSE,QBZoneRead.mp4,QB_ZoneRead_190.mp4,QB_ZoneRead_,.mp4,2026-03-25,
191,0:55:05,0:55:12,Run,S,FALSE,QBZoneRead.mp4,QB_ZoneRead_191.mp4,QB_ZoneRead_,.mp4,2026-03-25,
192,0:55:17,0:55:24,Run,E,FALSE,QBZoneRead.mp4,QB_ZoneRead_192.mp4,QB_ZoneRead_,.mp4,2026-03-25,
193,0:55:31,0:55:37,Run,S,FALSE,QBZoneRead.mp4,QB_ZoneRead_193.mp4,QB_ZoneRead_,.mp4,2026-03-25,
194,0:55:41,0:55:48,Run,E,FALSE,QBZoneRead.mp4,QB_ZoneRead_194.mp4,QB_ZoneRead_,.mp4,2026-03-25,
195,0:55:56,0:56:05,Run,S,FALSE,QBZoneRead.mp4,QB_ZoneRead_195.mp4,QB_ZoneRead_,.mp4,2026-03-25,
196,0:56:16,0:56:25,Run,E,FALSE,QBZoneRead.mp4,QB_ZoneRead_196.mp4,QB_ZoneRead_,.mp4,2026-03-25,
197,0:56:40,0:56:47,Run,S,FALSE,QBZoneRead.mp4,QB_ZoneRead_197.mp4,QB_ZoneRead_,.mp4,2026-03-25,
198,0:57:06,0:57:13,Run,E,FALSE,QBZoneRead.mp4,QB_ZoneRead_198.mp4,QB_ZoneRead_,.mp4,2026-03-25,
1,0:00:08,0:00:15,Blitz,,FALSE,sacks1.mp4,sack_1.mp4,_Sack_,.mp4,2026-03-25,Cover_1
2,0:00:29,0:00:35,Blitz,,FALSE,sacks1.mp4,sack_2.mp4,_Sack_,.mp4,2026-03-25,Cover_1
3,0:00:45,0:00:55,Blitz,,FALSE,sacks1.mp4,sack_3.mp4,_Sack_,.mp4,2026-03-25,Cover_4
4,0:01:06,0:01:17,Blitz,,FALSE,sacks1.mp4,sack_4.mp4,_Sack_,.mp4,2026-03-25,Cover_4
5,0:01:26,0:01:35,Blitz,,FALSE,sacks1.mp4,sack_5.mp4,_Sack_,.mp4,2026-03-25,Cover_4
6,0:01:46,0:01:56,Blitz,,FALSE,sacks1.mp4,sack_6.mp4,_Sack_,.mp4,2026-03-25,Cover_4
7,0:02:06,0:02:12,Blitz,,FALSE,sacks1.mp4,sack_7.mp4,_Sack_,.mp4,2026-03-25,Cover_1
8,0:02:20,0:02:23,Blitz,,FALSE,sacks1.mp4,sack_8.mp4,_Sack_,.mp4,2026-03-25,Cover_1
9,0:02:30,0:02:34,Blitz,,FALSE,sacks1.mp4,sack_9.mp4,_Sack_,.mp4,2026-03-25,Cover_1
10,0:02:44,0:02:48,Blitz,,FALSE,sacks1.mp4,sack_10.mp4,_Sack_,.mp4,2026-03-25,Cover_1
11,0:02:54,0:03:01,Blitz,,FALSE,sacks1.mp4,sack_11.mp4,_Sack_,.mp4,2026-03-25,Cover_3
12,0:03:09,0:03:16,Blitz,,FALSE,sacks1.mp4,sack_12.mp4,_Sack_,.mp4,2026-03-25,Cover_3
13,0:03:29,0:03:33,Blitz,,FALSE,sacks1.mp4,sack_13.mp4,_Sack_,.mp4,2026-03-25,2_man
14,0:03:43,0:03:47,Blitz,,FALSE,sacks1.mp4,sack_14.mp4,_Sack_,.mp4,2026-03-25,2_man
15,0:03:58,0:04:06,Blitz,,FALSE,sacks1.mp4,sack_15.mp4,_Sack_,.mp4,2026-03-25,Cover_1
16,0:04:17,0:04:24,Blitz,,FALSE,sacks1.mp4,sack_16.mp4,_Sack_,.mp4,2026-03-25,Cover_1
17,0:04:34,0:04:39,Blitz,,FALSE,sacks1.mp4,sack_17.mp4,_Sack_,.mp4,2026-03-25,Cover_4
18,0:04:51,0:04:58,Blitz,,FALSE,sacks1.mp4,sack_18.mp4,_Sack_,.mp4,2026-03-25,Cover_4
19,0:05:08,0:05:14,Blitz,,FALSE,sacks1.mp4,sack_19.mp4,_Sack_,.mp4,2026-03-25,Cover_1
20,0:05:20,0:05:26,Blitz,,FALSE,sacks1.mp4,sack_20.mp4,_Sack_,.mp4,2026-03-25,Cover_1
21,0:05:36,0:05:39,Blitz,,FALSE,sacks1.mp4,sack_21.mp4,_Sack_,.mp4,2026-03-25,Cover_1
22,0:05:53,0:05:56,Blitz,,FALSE,sacks1.mp4,sack_22.mp4,_Sack_,.mp4,2026-03-25,Cover_1
23,0:06:14,0:06:20,Blitz,,FALSE,sacks1.mp4,sack_23.mp4,_Sack_,.mp4,2026-03-25,Cover_1
24,0:06:33,0:06:40,Blitz,,FALSE,sacks1.mp4,sack_24.mp4,_Sack_,.mp4,2026-03-25,Cover_1
25,0:06:56,0:06:59,Blitz,,FALSE,sacks1.mp4,sack_25.mp4,_Sack_,.mp4,2026-03-25,Cover_0
26,0:07:16,0:07:21,Blitz,,FALSE,sacks1.mp4,sack_26.mp4,_Sack_,.mp4,2026-03-25,Cover_4
27,0:07:31,0:07:34,Blitz,,FALSE,sacks1.mp4,sack_27.mp4,_Sack_,.mp4,2026-03-25,Cover_1
28,0:07:51,0:07:55,Blitz,,FALSE,sacks1.mp4,sack_28.mp4,_Sack_,.mp4,2026-03-25,Cover_1
29,0:08:03,0:08:09,Blitz,,FALSE,sacks1.mp4,sack_29.mp4,_Sack_,.mp4,2026-03-25,Cover_1
30,0:08:20,0:08:25,Blitz,,FALSE,sacks1.mp4,sack_30.mp4,_Sack_,.mp4,2026-03-25,Cover_1
31,0:08:33,0:08:36,Blitz,,FALSE,sacks1.mp4,sack_31.mp4,_Sack_,.mp4,2026-03-25,Cover_3
32,0:08:48,0:08:52,Blitz,,FALSE,sacks1.mp4,sack_32.mp4,_Sack_,.mp4,2026-03-25,Cover_3
33,0:08:57,0:09:06,Blitz,,FALSE,sacks1.mp4,sack_33.mp4,_Sack_,.mp4,2026-03-25,Cover_6
34,0:09:19,0:09:27,Blitz,,FALSE,sacks1.mp4,sack_34.mp4,_Sack_,.mp4,2026-03-25,Cover_6
35,0:09:30,0:09:36,Blitz,,FALSE,sacks1.mp4,sack_35.mp4,_Sack_,.mp4,2026-03-25,Cover_1
36,0:09:50,0:09:55,Blitz,,FALSE,sacks1.mp4,sack_36.mp4,_Sack_,.mp4,2026-03-25,Cover_1
37,0:10:06,0:10:11,Blitz,,FALSE,sacks1.mp4,sack_37.mp4,_Sack_,.mp4,2026-03-25,Cover_3
38,0:10:21,0:10:27,Blitz,,FALSE,sacks1.mp4,sack_38.mp4,_Sack_,.mp4,2026-03-25,Cover_3
39,0:10:34,0:10:41,Blitz,,FALSE,sacks1.mp4,sack_39.mp4,_Sack_,.mp4,2026-03-25,Cover_6
40,0:10:57,0:11:02,Blitz,,FALSE,sacks1.mp4,sack_40.mp4,_Sack_,.mp4,2026-03-25,Cover_6
41,0:11:09,0:11:13,Blitz,,FALSE,sacks1.mp4,sack_41.mp4,_Sack_,.mp4,2026-03-25,Cover_1
42,0:11:22,0:11:26,blitz,,FALSE,sacks1.mp4,sack_42.mp4,_Sack_,.mp4,2026-03-25,Cover_1
43,0:11:42,0:11:48,simulated_pressure,,FALSE,sacks1.mp4,sack_43.mp4,_Sack_,.mp4,2026-03-25,Cover_1
44,0:12:08,0:12:12,simulated_pressure,,FALSE,sacks1.mp4,sack_44.mp4,_Sack_,.mp4,2026-03-25,Cover_1
45,0:12:17,0:12:21,blitz,,FALSE,sacks1.mp4,sack_45.mp4,_Sack_,.mp4,2026-03-25,Cover_4
46,0:12:39,0:12:44,blitz,,FALSE,sacks1.mp4,sack_46.mp4,_Sack_,.mp4,2026-03-25,Cover_4
47,0:12:48,0:12:53,blitz,,FALSE,sacks1.mp4,sack_47.mp4,_Sack_,.mp4,2026-03-25,Cover_0
48,0:12:58,0:13:03,blitz,,FALSE,sacks1.mp4,sack_48.mp4,_Sack_,.mp4,2026-03-25,Cover_0
49,0:13:13,0:13:17,blitz,,FALSE,sacks1.mp4,sack_49.mp4,_Sack_,.mp4,2026-03-25,Cover_0
50,0:13:23,0:13:28,blitz,,FALSE,sacks1.mp4,sack_50.mp4,_Sack_,.mp4,2026-03-25,Cover_0
51,0:13:36,0:13:41,blitz,,FALSE,sacks1.mp4,sack_51.mp4,_Sack_,.mp4,2026-03-25,Cover_0
52,0:13:52,0:13:57,blitz,,FALSE,sacks1.mp4,sack_52.mp4,_Sack_,.mp4,2026-03-25,Cover_0
53,0:14:09,0:14:14,blitz,,FALSE,sacks1.mp4,sack_53.mp4,_Sack_,.mp4,2026-03-25,Cover_2
54,0:14:24,0:14:29,blitz,,FALSE,sacks1.mp4,sack_54.mp4,_Sack_,.mp4,2026-03-25,Cover_2
55,0:14:44,0:14:48,blitz,,FALSE,sacks1.mp4,sack_55.mp4,_Sack_,.mp4,2026-03-25,Cover_1
56,0:14:58,0:15:01,blitz,,FALSE,sacks1.mp4,sack_56.mp4,_Sack_,.mp4,2026-03-25,Cover_1
57,0:15:14,0:15:19,blitz,,FALSE,sacks1.mp4,sack_57.mp4,_Sack_,.mp4,2026-03-25,Cover_0
58,0:15:40,0:15:44,blitz,,FALSE,sacks1.mp4,sack_58.mp4,_Sack_,.mp4,2026-03-25,Cover_0
59,0:15:54,0:15:58,blitz,,FALSE,sacks1.mp4,sack_59.mp4,_Sack_,.mp4,2026-03-25,Cover_0
60,0:16:14,0:16:18,blitz,,FALSE,sacks1.mp4,sack_60.mp4,_Sack_,.mp4,2026-03-25,Cover_0
61,0:16:28,0:16:34,blitz,,FALSE,sacks1.mp4,sack_61.mp4,_Sack_,.mp4,2026-03-25,Cover_0
62,0:16:47,0:16:54,blitz,,FALSE,sacks1.mp4,sack_62.mp4,_Sack_,.mp4,2026-03-25,Cover_0
63,0:17:30,0:17:33,blitz,,FALSE,sacks1.mp4,sack_63.mp4,_Sack_,.mp4,2026-03-25,Cover_1
64,0:17:45,0:17:48,blitz,,FALSE,sacks1.mp4,sack_64.mp4,_Sack_,.mp4,2026-03-25,Cover_1
65,0:17:58,0:18:02,simulated_pressure,,FALSE,sacks1.mp4,sack_65.mp4,_Sack_,.mp4,2026-03-25,Cover_1
66,0:18:11,0:18:15,simulated_pressure,,FALSE,sacks1.mp4,sack_66.mp4,_Sack_,.mp4,2026-03-25,Cover_1
67,0:18:29,0:18:35,blitz,,FALSE,sacks1.mp4,sack_67.mp4,_Sack_,.mp4,2026-03-25,Cover_3
68,0:18:44,0:18:48,blitz,,FALSE,sacks1.mp4,sack_68.mp4,_Sack_,.mp4,2026-03-25,Cover_3
69,0:18:57,0:19:03,blitz,,FALSE,sacks1.mp4,sack_69.mp4,_Sack_,.mp4,2026-03-25,Cover_3
70,0:19:17,0:19:24,blitz,,FALSE,sacks1.mp4,sack_70.mp4,_Sack_,.mp4,2026-03-25,Cover_3
71,0:19:31,0:19:35,blitz,,FALSE,sacks1.mp4,sack_71.mp4,_Sack_,.mp4,2026-03-25,Cover_0
72,0:19:43,0:19:47,blitz,,FALSE,sacks1.mp4,sack_72.mp4,_Sack_,.mp4,2026-03-25,Cover_0
73,0:19:56,0:19:59,blitz,,FALSE,sacks1.mp4,sack_73.mp4,_Sack_,.mp4,2026-03-25,Cover_4
74,0:20:14,0:20:15,blitz,,FALSE,sacks1.mp4,sack_74.mp4,_Sack_,.mp4,2026-03-25,Cover_4
75,0:20:23,0:20:32,blitz,,FALSE,sacks1.mp4,sack_75.mp4,_Sack_,.mp4,2026-03-25,Cover_1
76,0:20:38,0:20:45,blitz,,FALSE,sacks1.mp4,sack_76.mp4,_Sack_,.mp4,2026-03-25,Cover_1
77,0:21:05,0:21:10,blitz,,FALSE,sacks1.mp4,sack_77.mp4,_Sack_,.mp4,2026-03-25,Cover_1
78,0:21:16,0:21:23,blitz,,FALSE,sacks1.mp4,sack_78.mp4,_Sack_,.mp4,2026-03-25,Cover_1
79,0:21:33,0:21:36,blitz,,FALSE,sacks1.mp4,sack_79.mp4,_Sack_,.mp4,2026-03-25,Cover_2
80,0:22:05,0:22:09,blitz,,FALSE,sacks1.mp4,sack_80.mp4,_Sack_,.mp4,2026-03-25,Cover_2
81,0:22:17,0:22:22,blitz,,FALSE,sacks1.mp4,sack_81.mp4,_Sack_,.mp4,2026-03-25,Cover_3
82,0:22:29,0:22:34,blitz,,FALSE,sacks1.mp4,sack_82.mp4,_Sack_,.mp4,2026-03-25,Cover_3
83,0:22:47,0:22:52,blitz,,FALSE,sacks1.mp4,sack_83.mp4,_Sack_,.mp4,2026-03-25,Cover_3
84,0:23:02,0:23:07,blitz,,FALSE,sacks1.mp4,sack_84.mp4,_Sack_,.mp4,2026-03-25,Cover_3
85,0:23:25,0:23:32,blitz,,FALSE,sacks1.mp4,sack_85.mp4,_Sack_,.mp4,2026-03-25,Cover_1
86,0:23:45,0:23:50,blitz,,FALSE,sacks1.mp4,sack_86.mp4,_Sack_,.mp4,2026-03-25,Cover_1
87,0:24:09,0:24:13,blitz,,FALSE,sacks1.mp4,sack_87.mp4,_Sack_,.mp4,2026-03-25,Cover_0
88,0:24:33,0:24:37,blitz,,FALSE,sacks1.mp4,sack_88.mp4,_Sack_,.mp4,2026-03-25,Cover_0
89,0:24:43,0:24:47,blitz,,FALSE,sacks1.mp4,sack_89.mp4,_Sack_,.mp4,2026-03-25,Cover_0
90,0:25:06,0:25:10,blitz,,FALSE,sacks1.mp4,sack_90.mp4,_Sack_,.mp4,2026-03-25,Cover_0
91,0:25:23,0:25:30,blitz,,FALSE,sacks1.mp4,sack_91.mp4,_Sack_,.mp4,2026-03-25,Cover_4
92,0:25:44,0:25:51,blitz,,FALSE,sacks1.mp4,sack_92.mp4,_Sack_,.mp4,2026-03-25,Cover_4
93,0:26:02,0:26:07,blitz,,FALSE,sacks1.mp4,sack_93.mp4,_Sack_,.mp4,2026-03-25,Cover_0
94,0:26:19,0:26:23,blitz,,FALSE,sacks1.mp4,sack_94.mp4,_Sack_,.mp4,2026-03-25,Cover_0
95,0:26:31,0:26:37,blitz,,FALSE,sacks1.mp4,sack_95.mp4,_Sack_,.mp4,2026-03-25,Cover_1
96,0:26:46,0:26:49,blitz,,FALSE,sacks1.mp4,sack_96.mp4,_Sack_,.mp4,2026-03-25,Cover_1
97,0:27:03,0:27:07,blitz,,FALSE,sacks1.mp4,sack_97.mp4,_Sack_,.mp4,2026-03-25,Cover_0
98,0:27:21,0:27:24,blitz,,FALSE,sacks1.mp4,sack_98.mp4,_Sack_,.mp4,2026-03-25,Cover_0
99,0:27:38,0:27:41,blitz,,FALSE,sacks1.mp4,sack_99.mp4,_Sack_,.mp4,2026-03-25,Cover_1
100,0:28:00,0:28:04,blitz,,FALSE,sacks1.mp4,sack_100.mp4,_Sack_,.mp4,2026-03-25,Cover_1
101,0:28:21,0:28:25,blitz,,FALSE,sacks1.mp4,sack_101.mp4,_Sack_,.mp4,2026-03-25,Cover_2
102,0:28:41,0:28:47,blitz,,FALSE,sacks1.mp4,sack_102.mp4,_Sack_,.mp4,2026-03-25,Cover_2
103,0:28:58,0:29:05,blitz,,FALSE,sacks1.mp4,sack_103.mp4,_Sack_,.mp4,2026-03-25,Defense
104,0:29:23,0:29:28,blitz,,FALSE,sacks1.mp4,sack_104.mp4,_Sack_,.mp4,2026-03-25,Defense
105,0:29:32,0:29:40,blitz,,FALSE,sacks1.mp4,sack_105.mp4,_Sack_,.mp4,2026-03-25,Defense
106,0:29:55,0:29:59,,,FALSE,sacks1.mp4,sack_106.mp4,_Sack_,.mp4,2026-03-25,Defense
107,0:30:22,0:30:29,,,FALSE,sacks1.mp4,sack_107.mp4,_Sack_,.mp4,2026-03-25,Defense
108,0:30:57,0:31:02,,,FALSE,sacks1.mp4,sack_108.mp4,_Sack_,.mp4,2026-03-25,Defense
109,0:31:18,0:31:21,,,FALSE,sacks1.mp4,sack_109.mp4,_Sack_,.mp4,2026-03-25,Defense
110,0:31:50,0:31:54,,,FALSE,sacks1.mp4,sack_110.mp4,_Sack_,.mp4,2026-03-25,Defense
111,0:32:04,0:32:09,,,FALSE,sacks1.mp4,sack_111.mp4,_Sack_,.mp4,2026-03-25,Defense
112,0:32:26,0:32:32,,,FALSE,sacks1.mp4,sack_112.mp4,_Sack_,.mp4,2026-03-25,Defense
113,0:32:45,0:32:51,,,FALSE,sacks1.mp4,sack_113.mp4,_Sack_,.mp4,2026-03-25,Defense
114,0:33:00,0:33:05,,,FALSE,sacks1.mp4,sack_114.mp4,_Sack_,.mp4,2026-03-25,Defense
115,0:33:09,0:33:14,,,FALSE,sacks1.mp4,sack_115.mp4,_Sack_,.mp4,2026-03-25,Defense
116,0:33:25,0:33:29,,,FALSE,sacks1.mp4,sack_116.mp4,_Sack_,.mp4,2026-03-25,Defense
117,0:33:47,0:33:52,,,FALSE,sacks1.mp4,sack_117.mp4,_Sack_,.mp4,2026-03-25,Defense
118,0:34:06,0:34:11,,,FALSE,sacks1.mp4,sack_118.mp4,_Sack_,.mp4,2026-03-25,Defense
119,0:34:23,0:34:28,,,FALSE,sacks1.mp4,sack_119.mp4,_Sack_,.mp4,2026-03-25,Defense
120,0:34:50,0:34:55,,,FALSE,sacks1.mp4,sack_120.mp4,_Sack_,.mp4,2026-03-25,Defense
121,0:35:02,0:35:06,,,FALSE,sacks1.mp4,sack_121.mp4,_Sack_,.mp4,2026-03-25,Defense
122,0:35:20,0:35:24,,,FALSE,sacks1.mp4,sack_122.mp4,_Sack_,.mp4,2026-03-25,Defense
123,0:35:33,0:35:37,,,FALSE,sacks1.mp4,sack_123.mp4,_Sack_,.mp4,2026-03-25,Defense
124,0:35:52,0:35:58,,,FALSE,sacks1.mp4,sack_124.mp4,_Sack_,.mp4,2026-03-25,Defense
125,0:36:15,0:36:19,,,FALSE,sacks1.mp4,sack_125.mp4,_Sack_,.mp4,2026-03-25,Defense
126,0:36:23,0:36:29,,,FALSE,sacks1.mp4,sack_126.mp4,_Sack_,.mp4,2026-03-25,Defense
127,0:36:34,0:36:38,,,FALSE,sacks1.mp4,sack_127.mp4,_Sack_,.mp4,2026-03-25,Defense
128,0:36:48,0:36:54,,,FALSE,sacks1.mp4,sack_128.mp4,_Sack_,.mp4,2026-03-25,Defense
129,0:37:00,0:37:04,,,FALSE,sacks1.mp4,sack_129.mp4,_Sack_,.mp4,2026-03-25,Defense
130,0:37:12,0:37:17,,,FALSE,sacks1.mp4,sack_130.mp4,_Sack_,.mp4,2026-03-25,Defense
131,0:37:26,0:37:32,,,FALSE,sacks1.mp4,sack_131.mp4,_Sack_,.mp4,2026-03-25,Defense
132,0:37:59,0:38:03,,,FALSE,sacks1.mp4,sack_132.mp4,_Sack_,.mp4,2026-03-25,Defense
133,0:38:30,0:38:34,,,FALSE,sacks1.mp4,sack_133.mp4,_Sack_,.mp4,2026-03-25,Defense
134,0:38:48,0:38:54,,,FALSE,sacks1.mp4,sack_134.mp4,_Sack_,.mp4,2026-03-25,Defense
135,0:39:18,0:39:24,,,FALSE,sacks1.mp4,sack_135.mp4,_Sack_,.mp4,2026-03-25,Defense
136,0:39:31,0:39:38,,,FALSE,sacks1.mp4,sack_136.mp4,_Sack_,.mp4,2026-03-25,Defense
137,0:39:48,0:39:53,,,FALSE,sacks1.mp4,sack_137.mp4,_Sack_,.mp4,2026-03-25,Defense
138,0:40:03,0:40:08,,,FALSE,sacks1.mp4,sack_138.mp4,_Sack_,.mp4,2026-03-25,Defense
139,0:40:20,0:40:25,,,FALSE,sacks1.mp4,sack_139.mp4,_Sack_,.mp4,2026-03-25,Defense
140,0:40:31,0:40:36,,,FALSE,sacks1.mp4,sack_140.mp4,_Sack_,.mp4,2026-03-25,Defense
141,0:40:43,0:40:47,,,FALSE,sacks1.mp4,sack_141.mp4,_Sack_,.mp4,2026-03-25,Defense
142,0:40:56,0:41:00,,,FALSE,sacks1.mp4,sack_142.mp4,_Sack_,.mp4,2026-03-25,Defense
143,0:41:15,0:41:24,,,FALSE,sacks1.mp4,sack_143.mp4,_Sack_,.mp4,2026-03-25,Defense
144,0:41:34,0:41:39,,,FALSE,sacks1.mp4,sack_144.mp4,_Sack_,.mp4,2026-03-25,Defense
145,0:41:54,0:41:57,,,FALSE,sacks1.mp4,sack_145.mp4,_Sack_,.mp4,2026-03-25,Defense
146,0:42:04,0:42:11,,,FALSE,sacks1.mp4,sack_146.mp4,_Sack_,.mp4,2026-03-25,Defense
147,0:42:21,0:42:27,,,FALSE,sacks1.mp4,sack_147.mp4,_Sack_,.mp4,2026-03-25,Defense
148,0:42:35,0:42:39,,,FALSE,sacks1.mp4,sack_148.mp4,_Sack_,.mp4,2026-03-25,Defense
149,0:42:46,0:42:53,,,FALSE,sacks1.mp4,sack_149.mp4,_Sack_,.mp4,2026-03-25,Defense
150,0:43:07,0:43:12,,,FALSE,sacks1.mp4,sack_150.mp4,_Sack_,.mp4,2026-03-25,Defense
151,0:43:23,0:43:28,,,FALSE,sacks1.mp4,sack_151.mp4,_Sack_,.mp4,2026-03-25,Defense
152,0:43:33,0:43:37,,,FALSE,sacks1.mp4,sack_152.mp4,_Sack_,.mp4,2026-03-25,Defense
153,0:43:49,0:43:53,,,FALSE,sacks1.mp4,sack_153.mp4,_Sack_,.mp4,2026-03-25,Defense
154,0:44:02,0:44:07,,,FALSE,sacks1.mp4,sack_154.mp4,_Sack_,.mp4,2026-03-25,Defense
155,0:44:14,0:44:18,,,FALSE,sacks1.mp4,sack_155.mp4,_Sack_,.mp4,2026-03-25,Defense
156,0:44:34,0:44:38,,,FALSE,sacks1.mp4,sack_156.mp4,_Sack_,.mp4,2026-03-25,Defense
157,0:44:51,0:44:56,,,FALSE,sacks1.mp4,sack_157.mp4,_Sack_,.mp4,2026-03-25,Defense
158,0:45:10,0:45:14,,,FALSE,sacks1.mp4,sack_158.mp4,_Sack_,.mp4,2026-03-25,Defense
159,0:45:33,0:45:36,,,FALSE,sacks1.mp4,sack_159.mp4,_Sack_,.mp4,2026-03-25,Defense
160,0:45:46,0:45:50,,,FALSE,sacks1.mp4,sack_160.mp4,_Sack_,.mp4,2026-03-25,Defense
161,0:46:04,0:46:09,,,FALSE,sacks1.mp4,sack_161.mp4,_Sack_,.mp4,2026-03-25,Defense
162,0:46:18,0:46:23,,,FALSE,sacks1.mp4,sack_162.mp4,_Sack_,.mp4,2026-03-25,Defense
163,0:46:30,0:46:34,,,FALSE,sacks1.mp4,sack_163.mp4,_Sack_,.mp4,2026-03-25,Defense
164,0:46:46,0:46:51,,,FALSE,sacks1.mp4,sack_164.mp4,_Sack_,.mp4,2026-03-25,Defense
165,0:47:03,0:47:08,,,FALSE,sacks1.mp4,sack_165.mp4,_Sack_,.mp4,2026-03-25,Defense
166,0:47:14,0:47:18,,,FALSE,sacks1.mp4,sack_166.mp4,_Sack_,.mp4,2026-03-25,Defense
167,0:47:31,0:47:36,,,FALSE,sacks1.mp4,sack_167.mp4,_Sack_,.mp4,2026-03-25,Defense
168,0:47:44,0:47:47,,,FALSE,sacks1.mp4,sack_168.mp4,_Sack_,.mp4,2026-03-25,Defense
169,0:47:56,0:48:00,,,FALSE,sacks1.mp4,sack_169.mp4,_Sack_,.mp4,2026-03-25,Defense
170,0:48:07,0:48:11,,,FALSE,sacks1.mp4,sack_170.mp4,_Sack_,.mp4,2026-03-25,Defense
171,0:48:20,0:48:27,,,FALSE,sacks1.mp4,sack_171.mp4,_Sack_,.mp4,2026-03-25,Defense
172,0:48:32,0:48:38,,,FALSE,sacks1.mp4,sack_172.mp4,_Sack_,.mp4,2026-03-25,Defense
173,0:48:45,0:48:49,,,FALSE,sacks1.mp4,sack_173.mp4,_Sack_,.mp4,2026-03-25,Defense
174,0:48:56,0:49:00,,,FALSE,sacks1.mp4,sack_174.mp4,_Sack_,.mp4,2026-03-25,Defense
175,0:49:09,0:49:14,,,FALSE,sacks1.mp4,sack_175.mp4,_Sack_,.mp4,2026-03-25,Defense
176,0:49:21,0:49:24,,,FALSE,sacks1.mp4,sack_176.mp4,_Sack_,.mp4,2026-03-25,Defense
177,0:49:36,0:49:39,,,FALSE,sacks1.mp4,sack_177.mp4,_Sack_,.mp4,2026-03-25,Defense
178,0:49:52,0:49:56,,,FALSE,sacks1.mp4,sack_178.mp4,_Sack_,.mp4,2026-03-25,Defense
179,0:50:04,0:50:09,,,FALSE,sacks1.mp4,sack_179.mp4,_Sack_,.mp4,2026-03-25,Defense
180,0:50:13,0:50:18,,,FALSE,sacks1.mp4,sack_180.mp4,_Sack_,.mp4,2026-03-25,Defense
181,0:50:26,0:50:30,,,FALSE,sacks1.mp4,sack_181.mp4,_Sack_,.mp4,2026-03-25,Defense
182,0:50:45,0:50:49,,,FALSE,sacks1.mp4,sack_182.mp4,_Sack_,.mp4,2026-03-25,Defense
183,0:51:05,0:51:09,,,FALSE,sacks1.mp4,sack_183.mp4,_Sack_,.mp4,2026-03-25,Defense
184,0:51:18,0:51:22,,,FALSE,sacks1.mp4,sack_184.mp4,_Sack_,.mp4,2026-03-25,Defense
185,0:51:35,0:51:39,,,FALSE,sacks1.mp4,sack_185.mp4,_Sack_,.mp4,2026-03-25,Defense
186,0:51:48,0:51:52,,,FALSE,sacks1.mp4,sack_186.mp4,_Sack_,.mp4,2026-03-25,Defense
187,0:52:02,0:52:06,,,FALSE,sacks1.mp4,sack_187.mp4,_Sack_,.mp4,2026-03-25,Defense
188,0:52:13,0:52:19,,,FALSE,sacks1.mp4,sack_188.mp4,_Sack_,.mp4,2026-03-25,Defense
189,0:52:30,0:52:35,,,FALSE,sacks1.mp4,sack_189.mp4,_Sack_,.mp4,2026-03-25,Defense
190,0:52:39,0:52:43,,,FALSE,sacks1.mp4,sack_190.mp4,_Sack_,.mp4,2026-03-25,Defense
191,0:52:54,0:52:58,,,FALSE,sacks1.mp4,sack_191.mp4,_Sack_,.mp4,2026-03-25,Defense
192,0:53:15,0:53:23,blitz,,FALSE,sacks1.mp4,sack_192.mp4,_Sack_,.mp4,2026-03-25,Defense
193,0:53:34,0:53:41,,,FALSE,sacks1.mp4,sack_193.mp4,_Sack_,.mp4,2026-03-25,Defense
194,0:53:52,0:53:57,,,FALSE,sacks1.mp4,sack_194.mp4,_Sack_,.mp4,2026-03-25,Defense
195,0:54:09,0:54:15,,,FALSE,sacks1.mp4,sack_195.mp4,_Sack_,.mp4,2026-03-25,Defense
196,0:54:23,0:54:27,,,FALSE,sacks1.mp4,sack_196.mp4,_Sack_,.mp4,2026-03-25,Defense
197,0:54:36,0:54:41,,,FALSE,sacks1.mp4,sack_197.mp4,_Sack_,.mp4,2026-03-25,Defense
198,0:54:49,0:54:53,,,FALSE,sacks1.mp4,sack_198.mp4,_Sack_,.mp4,2026-03-25,Defense
199,0:55:08,0:55:12,,,FALSE,sacks1.mp4,sack_199.mp4,_Sack_,.mp4,2026-03-25,Defense
200,0:55:22,0:55:27,,,FALSE,sacks1.mp4,sack_200.mp4,_Sack_,.mp4,2026-03-25,Defense
201,0:55:40,0:55:47,,,FALSE,sacks1.mp4,sack_201.mp4,_Sack_,.mp4,2026-03-25,Defense
202,0:55:51,0:56:01,,,FALSE,sacks1.mp4,sack_202.mp4,_Sack_,.mp4,2026-03-25,Defense
203,0:56:11,0:56:21,,,FALSE,sacks1.mp4,sack_203.mp4,_Sack_,.mp4,2026-03-25,Defense
204,0:56:29,0:56:37,,,FALSE,sacks1.mp4,sack_204.mp4,_Sack_,.mp4,2026-03-25,Defense
205,0:56:46,0:56:53,,,FALSE,sacks1.mp4,sack_205.mp4,_Sack_,.mp4,2026-03-25,Defense
206,0:57:03,0:57:08,,,FALSE,sacks1.mp4,sack_206.mp4,_Sack_,.mp4,2026-03-25,Defense
207,0:57:18,0:57:23,,,FALSE,sacks1.mp4,sack_207.mp4,_Sack_,.mp4,2026-03-25,Defense
208,0:57:38,0:57:40,,,FALSE,sacks1.mp4,sack_208.mp4,_Sack_,.mp4,2026-03-25,Defense
209,0:57:52,0:57:58,,,FALSE,sacks1.mp4,sack_209.mp4,_Sack_,.mp4,2026-03-25,Defense
210,0:58:08,0:58:12,,,FALSE,sacks1.mp4,sack_210.mp4,_Sack_,.mp4,2026-03-25,Defense
211,0:58:26,0:58:30,,,FALSE,sacks1.mp4,sack_211.mp4,_Sack_,.mp4,2026-03-25,Defense
212,0:58:36,0:58:46,,,FALSE,sacks1.mp4,sack_212.mp4,_Sack_,.mp4,2026-03-25,Defense
213,0:58:54,0:59:05,,,FALSE,sacks1.mp4,sack_213.mp4,_Sack_,.mp4,2026-03-25,Defense
214,0:59:14,0:59:18,,,FALSE,sacks1.mp4,sack_214.mp4,_Sack_,.mp4,2026-03-25,Defense
215,0:59:34,0:59:39,,,FALSE,sacks1.mp4,sack_215.mp4,_Sack_,.mp4,2026-03-25,Defense
216,0:59:57,1:00:01,,,FALSE,sacks1.mp4,sack_216.mp4,_Sack_,.mp4,2026-03-25,Defense
217,1:00:15,1:00:19,,,FALSE,sacks1.mp4,sack_217.mp4,_Sack_,.mp4,2026-03-25,Defense
218,1:00:31,1:00:34,,,FALSE,sacks1.mp4,sack_218.mp4,_Sack_,.mp4,2026-03-25,Defense
219,1:00:47,1:00:50,,,FALSE,sacks1.mp4,sack_219.mp4,_Sack_,.mp4,2026-03-25,Defense
220,1:01:08,1:01:11,,,FALSE,sacks1.mp4,sack_220.mp4,_Sack_,.mp4,2026-03-25,Defense
221,1:01:30,1:01:34,,,FALSE,sacks1.mp4,sack_221.mp4,_Sack_,.mp4,2026-03-25,Defense
222,1:01:41,1:01:45,,,FALSE,sacks1.mp4,sack_222.mp4,_Sack_,.mp4,2026-03-25,Defense
223,1:02:04,1:02:08,,,FALSE,sacks1.mp4,sack_223.mp4,_Sack_,.mp4,2026-03-25,Defense
224,1:02:13,1:02:17,,,FALSE,sacks1.mp4,sack_224.mp4,_Sack_,.mp4,2026-03-25,Defense
225,1:02:23,1:02:28,,,FALSE,sacks1.mp4,sack_225.mp4,_Sack_,.mp4,2026-03-25,Defense
1,0:00:09,0:00:14,Tackle,,FALSE,AlabamaPassDefense.mp4,Pass_Defense_1.mp4,Pass_Defense_,.mp4,2026-03-25,
2,0:00:24,0:00:31,Tackle,,FALSE,AlabamaPassDefense.mp4,Pass_Defense_2.mp4,Pass_Defense_,.mp4,2026-03-25,
3,0:00:40,0:00:44,Sack,,FALSE,AlabamaPassDefense.mp4,Pass_Defense_3.mp4,Pass_Defense_,.mp4,2026-03-25,
4,0:00:51,0:00:56,Sack,,FALSE,AlabamaPassDefense.mp4,Pass_Defense_4.mp4,Pass_Defense_,.mp4,2026-03-25,
5,0:01:06,0:01:13,Tackle,,FALSE,AlabamaPassDefense.mp4,Pass_Defense_5.mp4,Pass_Defense_,.mp4,2026-03-25,
6,0:01:18,0:01:24,Tackle,,FALSE,AlabamaPassDefense.mp4,Pass_Defense_6.mp4,Pass_Defense_,.mp4,2026-03-25,
7,0:01:32,0:01:40,Incomplete_Pass,,FALSE,AlabamaPassDefense.mp4,Pass_Defense_7.mp4,Pass_Defense_,.mp4,2026-03-25,
8,0:01:47,0:01:54,Incomplete_Pass,,FALSE,AlabamaPassDefense.mp4,Pass_Defense_8.mp4,Pass_Defense_,.mp4,2026-03-25,
9,0:02:03,0:02:11,Incomplete_Pass,,FALSE,AlabamaPassDefense.mp4,Pass_Defense_9.mp4,Pass_Defense_,.mp4,2026-03-25,
10,0:02:15,0:02:21,Incomplete_Pass,,FALSE,AlabamaPassDefense.mp4,Pass_Defense_10.mp4,Pass_Defense_,.mp4,2026-03-25,
11,0:02:34,0:02:41,Interception,,FALSE,AlabamaPassDefense.mp4,Pass_Defense_11.mp4,Pass_Defense_,.mp4,2026-03-25,
12,0:02:55,0:03:03,Interception,,FALSE,AlabamaPassDefense.mp4,Pass_Defense_12.mp4,Pass_Defense_,.mp4,2026-03-25,
13,0:03:16,0:03:25,Sack,,FALSE,AlabamaPassDefense.mp4,Pass_Defense_13.mp4,Pass_Defense_,.mp4,2026-03-25,
14,0:03:36,0:03:43,Sack,,FALSE,AlabamaPassDefense.mp4,Pass_Defense_14.mp4,Pass_Defense_,.mp4,2026-03-25,
15,0:03:51,0:03:57,Tackle,,FALSE,AlabamaPassDefense.mp4,Pass_Defense_15.mp4,Pass_Defense_,.mp4,2026-03-25,
16,0:04:03,0:04:09,Tackle,,FALSE,AlabamaPassDefense.mp4,Pass_Defense_16.mp4,Pass_Defense_,.mp4,2026-03-25,
17,0:04:25,0:04:32,Incomplete_Pass,,FALSE,AlabamaPassDefense.mp4,Pass_Defense_17.mp4,Pass_Defense_,.mp4,2026-03-25,
18,0:04:45,0:04:52,Incomplete_Pass,,FALSE,AlabamaPassDefense.mp4,Pass_Defense_18.mp4,Pass_Defense_,.mp4,2026-03-25,
19,0:05:02,0:05:07,Incomplete_Pass,,FALSE,AlabamaPassDefense.mp4,Pass_Defense_19.mp4,Pass_Defense_,.mp4,2026-03-25,
20,0:05:13,0:05:19,Incomplete_Pass,,FALSE,AlabamaPassDefense.mp4,Pass_Defense_20.mp4,Pass_Defense_,.mp4,2026-03-25,
21,0:05:29,0:05:37,Incomplete_Pass,,FALSE,AlabamaPassDefense.mp4,Pass_Defense_21.mp4,Pass_Defense_,.mp4,2026-03-25,
22,0:05:48,0:05:55,Incomplete_Pass,,FALSE,AlabamaPassDefense.mp4,Pass_Defense_22.mp4,Pass_Defense_,.mp4,2026-03-25,
23,0:06:06,0:06:15,Sack,,FALSE,AlabamaPassDefense.mp4,Pass_Defense_23.mp4,Pass_Defense_,.mp4,2026-03-25,
24,0:06:23,0:06:31,Sack,,FALSE,AlabamaPassDefense.mp4,Pass_Defense_24.mp4,Pass_Defense_,.mp4,2026-03-25,
25,0:06:41,0:06:48,Tackle,,FALSE,AlabamaPassDefense.mp4,Pass_Defense_25.mp4,Pass_Defense_,.mp4,2026-03-25,
26,0:06:54,0:07:01,Tackle,,FALSE,AlabamaPassDefense.mp4,Pass_Defense_26.mp4,Pass_Defense_,.mp4,2026-03-25,
27,0:07:08,0:07:17,Tackle,,FALSE,AlabamaPassDefense.mp4,Pass_Defense_27.mp4,Pass_Defense_,.mp4,2026-03-25,
28,0:07:22,0:07:31,Tackle,,FALSE,AlabamaPassDefense.mp4,Pass_Defense_28.mp4,Pass_Defense_,.mp4,2026-03-25,
29,0:07:40,0:07:47,Incomplete_Pass,,FALSE,AlabamaPassDefense.mp4,Pass_Defense_29.mp4,Pass_Defense_,.mp4,2026-03-25,
30,0:07:54,0:08:01,Incomplete_Pass,,FALSE,AlabamaPassDefense.mp4,Pass_Defense_30.mp4,Pass_Defense_,.mp4,2026-03-25,
31,0:08:10,0:08:18,Tackle,,FALSE,AlabamaPassDefense.mp4,Pass_Defense_31.mp4,Pass_Defense_,.mp4,2026-03-25,
32,0:08:25,0:08:32,Tackle,,FALSE,AlabamaPassDefense.mp4,Pass_Defense_32.mp4,Pass_Defense_,.mp4,2026-03-25,
33,0:08:40,0:08:46,Sack,,FALSE,AlabamaPassDefense.mp4,Pass_Defense_33.mp4,Pass_Defense_,.mp4,2026-03-25,
34,0:08:51,0:08:56,Sack,,FALSE,AlabamaPassDefense.mp4,Pass_Defense_34.mp4,Pass_Defense_,.mp4,2026-03-25,
35,0:09:05,0:09:12,[unclear],,FALSE,AlabamaPassDefense.mp4,Pass_Defense_35.mp4,Pass_Defense_,.mp4,2026-03-25,
36,0:09:16,0:09:22,[unclear],,FALSE,AlabamaPassDefense.mp4,Pass_Defense_36.mp4,Pass_Defense_,.mp4,2026-03-25,
37,0:09:37,0:09:48,Incomplete_Pass,,FALSE,AlabamaPassDefense.mp4,Pass_Defense_37.mp4,Pass_Defense_,.mp4,2026-03-25,
38,0:09:52,0:10:01,Incomplete_Pass,,FALSE,AlabamaPassDefense.mp4,Pass_Defense_38.mp4,Pass_Defense_,.mp4,2026-03-25,
39,0:10:08,0:10:14,Tackle,,FALSE,AlabamaPassDefense.mp4,Pass_Defense_39.mp4,Pass_Defense_,.mp4,2026-03-25,
40,0:10:20,0:10:27,Tackle,,FALSE,AlabamaPassDefense.mp4,Pass_Defense_40.mp4,Pass_Defense_,.mp4,2026-03-25,
41,0:10:37,0:10:45,Tackle,,FALSE,AlabamaPassDefense.mp4,Pass_Defense_41.mp4,Pass_Defense_,.mp4,2026-03-25,
42,0:10:51,0:11:00,Tackle,,FALSE,AlabamaPassDefense.mp4,Pass_Defense_42.mp4,Pass_Defense_,.mp4,2026-03-25,
43,0:11:13,0:11:22,,,FALSE,AlabamaPassDefense.mp4,Pass_Defense_43.mp4,Pass_Defense_,.mp4,2026-03-25,
44,0:11:30,0:11:39,,,FALSE,AlabamaPassDefense.mp4,Pass_Defense_44.mp4,Pass_Defense_,.mp4,2026-03-25,
45,0:11:45,0:11:51,,,FALSE,AlabamaPassDefense.mp4,Pass_Defense_45.mp4,Pass_Defense_,.mp4,2026-03-25,
46,0:11:56,0:12:02,,,FALSE,AlabamaPassDefense.mp4,Pass_Defense_46.mp4,Pass_Defense_,.mp4,2026-03-25,
47,0:12:11,0:12:16,,,FALSE,AlabamaPassDefense.mp4,Pass_Defense_47.mp4,Pass_Defense_,.mp4,2026-03-25,
48,0:12:20,0:12:25,,,FALSE,AlabamaPassDefense.mp4,Pass_Defense_48.mp4,Pass_Defense_,.mp4,2026-03-25,
49,0:12:37,0:12:42,,,FALSE,AlabamaPassDefense.mp4,Pass_Defense_49.mp4,Pass_Defense_,.mp4,2026-03-25,
50,0:12:48,0:12:53,,,FALSE,AlabamaPassDefense.mp4,Pass_Defense_50.mp4,Pass_Defense_,.mp4,2026-03-25,
51,0:13:04,0:13:12,,,FALSE,AlabamaPassDefense.mp4,Pass_Defense_51.mp4,Pass_Defense_,.mp4,2026-03-25,
52,0:13:18,0:13:25,,,FALSE,AlabamaPassDefense.mp4,Pass_Defense_52.mp4,Pass_Defense_,.mp4,2026-03-25,
53,0:13:35,0:13:41,,,FALSE,AlabamaPassDefense.mp4,Pass_Defense_53.mp4,Pass_Defense_,.mp4,2026-03-25,
54,0:13:48,0:13:54,,,FALSE,AlabamaPassDefense.mp4,Pass_Defense_54.mp4,Pass_Defense_,.mp4,2026-03-25,
55,0:14:05,0:14:11,,,FALSE,AlabamaPassDefense.mp4,Pass_Defense_55.mp4,Pass_Defense_,.mp4,2026-03-25,
56,0:14:22,0:14:29,,,FALSE,AlabamaPassDefense.mp4,Pass_Defense_56.mp4,Pass_Defense_,.mp4,2026-03-25,
57,0:14:40,0:14:47,,,FALSE,AlabamaPassDefense.mp4,Pass_Defense_57.mp4,Pass_Defense_,.mp4,2026-03-25,
58,0:14:56,0:15:02,,,FALSE,AlabamaPassDefense.mp4,Pass_Defense_58.mp4,Pass_Defense_,.mp4,2026-03-25,
59,0:15:16,0:15:23,,,FALSE,AlabamaPassDefense.mp4,Pass_Defense_59.mp4,Pass_Defense_,.mp4,2026-03-25,
60,0:15:34,0:15:39,,,FALSE,AlabamaPassDefense.mp4,Pass_Defense_60.mp4,Pass_Defense_,.mp4,2026-03-25,
61,0:15:48,0:15:54,,,FALSE,AlabamaPassDefense.mp4,Pass_Defense_61.mp4,Pass_Defense_,.mp4,2026-03-25,
62,0:16:05,0:16:11,,,FALSE,AlabamaPassDefense.mp4,Pass_Defense_62.mp4,Pass_Defense_,.mp4,2026-03-25,
63,0:16:22,0:16:29,,,FALSE,AlabamaPassDefense.mp4,Pass_Defense_63.mp4,Pass_Defense_,.mp4,2026-03-25,
64,0:16:35,0:16:40,,,FALSE,AlabamaPassDefense.mp4,Pass_Defense_64.mp4,Pass_Defense_,.mp4,2026-03-25,
65,0:16:52,0:17:01,,,FALSE,AlabamaPassDefense.mp4,Pass_Defense_65.mp4,Pass_Defense_,.mp4,2026-03-25,
66,0:17:07,0:17:16,,,FALSE,AlabamaPassDefense.mp4,Pass_Defense_66.mp4,Pass_Defense_,.mp4,2026-03-25,
67,0:17:24,0:17:32,,,FALSE,AlabamaPassDefense.mp4,Pass_Defense_67.mp4,Pass_Defense_,.mp4,2026-03-25,
68,0:17:44,0:17:51,,,FALSE,AlabamaPassDefense.mp4,Pass_Defense_68.mp4,Pass_Defense_,.mp4,2026-03-25,
69,0:17:58,0:18:05,,,FALSE,AlabamaPassDefense.mp4,Pass_Defense_69.mp4,Pass_Defense_,.mp4,2026-03-25,
70,0:18:09,0:18:15,,,FALSE,AlabamaPassDefense.mp4,Pass_Defense_70.mp4,Pass_Defense_,.mp4,2026-03-25,
71,0:18:29,0:18:41,,,FALSE,AlabamaPassDefense.mp4,Pass_Defense_71.mp4,Pass_Defense_,.mp4,2026-03-25,
72,0:18:51,0:18:58,,,FALSE,AlabamaPassDefense.mp4,Pass_Defense_72.mp4,Pass_Defense_,.mp4,2026-03-25,
73,0:19:04,0:19:11,,,FALSE,AlabamaPassDefense.mp4,Pass_Defense_73.mp4,Pass_Defense_,.mp4,2026-03-25,
74,0:19:21,0:19:28,,,FALSE,AlabamaPassDefense.mp4,Pass_Defense_74.mp4,Pass_Defense_,.mp4,2026-03-25,
75,0:19:34,0:19:40,,,FALSE,AlabamaPassDefense.mp4,Pass_Defense_75.mp4,Pass_Defense_,.mp4,2026-03-25,
76,0:19:48,0:19:54,,,FALSE,AlabamaPassDefense.mp4,Pass_Defense_76.mp4,Pass_Defense_,.mp4,2026-03-25,
77,0:20:01,0:20:07,,,FALSE,AlabamaPassDefense.mp4,Pass_Defense_77.mp4,Pass_Defense_,.mp4,2026-03-25,
78,0:20:18,0:20:23,,,FALSE,AlabamaPassDefense.mp4,Pass_Defense_78.mp4,Pass_Defense_,.mp4,2026-03-25,
79,0:20:30,0:20:35,,,FALSE,AlabamaPassDefense.mp4,Pass_Defense_79.mp4,Pass_Defense_,.mp4,2026-03-25,
80,0:20:44,0:20:52,,,FALSE,AlabamaPassDefense.mp4,Pass_Defense_80.mp4,Pass_Defense_,.mp4,2026-03-25,
81,0:20:59,0:21:07,,,FALSE,AlabamaPassDefense.mp4,Pass_Defense_81.mp4,Pass_Defense_,.mp4,2026-03-25,
82,0:21:18,0:21:23,,,FALSE,AlabamaPassDefense.mp4,Pass_Defense_82.mp4,Pass_Defense_,.mp4,2026-03-25,
83,0:21:33,0:21:39,,,FALSE,AlabamaPassDefense.mp4,Pass_Defense_83.mp4,Pass_Defense_,.mp4,2026-03-25,
84,0:21:48,0:21:53,,,FALSE,AlabamaPassDefense.mp4,Pass_Defense_84.mp4,Pass_Defense_,.mp4,2026-03-25,
85,0:22:01,0:22:07,,,FALSE,AlabamaPassDefense.mp4,Pass_Defense_85.mp4,Pass_Defense_,.mp4,2026-03-25,
86,0:22:13,0:22:22,,,FALSE,AlabamaPassDefense.mp4,Pass_Defense_86.mp4,Pass_Defense_,.mp4,2026-03-25,
87,0:22:29,0:22:37,,,FALSE,AlabamaPassDefense.mp4,Pass_Defense_87.mp4,Pass_Defense_,.mp4,2026-03-25,
88,0:22:44,0:22:49,,,FALSE,AlabamaPassDefense.mp4,Pass_Defense_88.mp4,Pass_Defense_,.mp4,2026-03-25,
89,0:22:54,0:23:01,,,FALSE,AlabamaPassDefense.mp4,Pass_Defense_89.mp4,Pass_Defense_,.mp4,2026-03-25,
90,0:23:06,0:23:13,,,FALSE,AlabamaPassDefense.mp4,Pass_Defense_90.mp4,Pass_Defense_,.mp4,2026-03-25,
91,0:23:21,0:23:26,,,FALSE,AlabamaPassDefense.mp4,Pass_Defense_91.mp4,Pass_Defense_,.mp4,2026-03-25,
92,0:23:24,0:23:40,,,FALSE,AlabamaPassDefense.mp4,Pass_Defense_92.mp4,Pass_Defense_,.mp4,2026-03-25,
93,0:23:48,0:23:54,,,FALSE,AlabamaPassDefense.mp4,Pass_Defense_93.mp4,Pass_Defense_,.mp4,2026-03-25,
94,0:24:04,0:24:15,,,FALSE,AlabamaPassDefense.mp4,Pass_Defense_94.mp4,Pass_Defense_,.mp4,2026-03-25,
95,0:24:20,0:24:32,,,FALSE,AlabamaPassDefense.mp4,Pass_Defense_95.mp4,Pass_Defense_,.mp4,2026-03-25,
96,0:24:40,0:24:44,,,FALSE,AlabamaPassDefense.mp4,Pass_Defense_96.mp4,Pass_Defense_,.mp4,2026-03-25,
97,0:24:50,0:24:55,,,FALSE,AlabamaPassDefense.mp4,Pass_Defense_97.mp4,Pass_Defense_,.mp4,2026-03-25,
98,0:25:04,0:25:09,,,FALSE,AlabamaPassDefense.mp4,Pass_Defense_98.mp4,Pass_Defense_,.mp4,2026-03-25,
99,0:25:17,0:25:21,,,FALSE,AlabamaPassDefense.mp4,Pass_Defense_99.mp4,Pass_Defense_,.mp4,2026-03-25,
100,0:25:33,0:25:38,,,FALSE,AlabamaPassDefense.mp4,Pass_Defense_100.mp4,Pass_Defense_,.mp4,2026-03-25,
101,0:25:47,0:25:52,,,FALSE,AlabamaPassDefense.mp4,Pass_Defense_101.mp4,Pass_Defense_,.mp4,2026-03-25,
102,0:25:59,0:26:08,,,FALSE,AlabamaPassDefense.mp4,Pass_Defense_102.mp4,Pass_Defense_,.mp4,2026-03-25,
103,0:26:17,0:26:23,,,FALSE,AlabamaPassDefense.mp4,Pass_Defense_103.mp4,Pass_Defense_,.mp4,2026-03-25,
104,0:26:33,0:26:39,,,FALSE,AlabamaPassDefense.mp4,Pass_Defense_104.mp4,Pass_Defense_,.mp4,2026-03-25,
105,0:26:46,0:26:52,,,FALSE,AlabamaPassDefense.mp4,Pass_Defense_105.mp4,Pass_Defense_,.mp4,2026-03-25,
106,0:27:00,0:27:04,,,FALSE,AlabamaPassDefense.mp4,Pass_Defense_106.mp4,Pass_Defense_,.mp4,2026-03-25,
107,0:27:08,0:27:13,,,FALSE,AlabamaPassDefense.mp4,Pass_Defense_107.mp4,Pass_Defense_,.mp4,2026-03-25,
108,0:27:20,0:27:27,,,FALSE,AlabamaPassDefense.mp4,Pass_Defense_108.mp4,Pass_Defense_,.mp4,2026-03-25,
109,0:27:29,0:27:35,,,FALSE,AlabamaPassDefense.mp4,Pass_Defense_109.mp4,Pass_Defense_,.mp4,2026-03-25,
110,0:27:43,0:27:52,,,FALSE,AlabamaPassDefense.mp4,Pass_Defense_110.mp4,Pass_Defense_,.mp4,2026-03-25,
111,0:27:57,0:28:07,,,FALSE,AlabamaPassDefense.mp4,Pass_Defense_111.mp4,Pass_Defense_,.mp4,2026-03-25,
112,0:28:18,0:28:22,,,FALSE,AlabamaPassDefense.mp4,Pass_Defense_112.mp4,Pass_Defense_,.mp4,2026-03-25,
113,0:28:28,0:28:32,,,FALSE,AlabamaPassDefense.mp4,Pass_Defense_113.mp4,Pass_Defense_,.mp4,2026-03-25,
114,0:28:41,0:28:47,,,FALSE,AlabamaPassDefense.mp4,Pass_Defense_114.mp4,Pass_Defense_,.mp4,2026-03-25,
115,0:28:55,0:29:02,,,FALSE,AlabamaPassDefense.mp4,Pass_Defense_115.mp4,Pass_Defense_,.mp4,2026-03-25,
116,0:29:12,0:29:18,,,FALSE,AlabamaPassDefense.mp4,Pass_Defense_116.mp4,Pass_Defense_,.mp4,2026-03-25,
117,0:29:25,0:29:30,,,FALSE,AlabamaPassDefense.mp4,Pass_Defense_117.mp4,Pass_Defense_,.mp4,2026-03-25,
118,0:29:41,0:29:50,,,FALSE,AlabamaPassDefense.mp4,Pass_Defense_118.mp4,Pass_Defense_,.mp4,2026-03-25,
119,0:29:55,0:30:03,,,FALSE,AlabamaPassDefense.mp4,Pass_Defense_119.mp4,Pass_Defense_,.mp4,2026-03-25,
120,0:30:10,0:30:15,,,FALSE,AlabamaPassDefense.mp4,Pass_Defense_120.mp4,Pass_Defense_,.mp4,2026-03-25,
121,0:30:22,0:30:27,,,FALSE,AlabamaPassDefense.mp4,Pass_Defense_121.mp4,Pass_Defense_,.mp4,2026-03-25,
122,0:30:37,0:30:44,,,FALSE,AlabamaPassDefense.mp4,Pass_Defense_122.mp4,Pass_Defense_,.mp4,2026-03-25,
123,0:30:48,0:30:56,,,FALSE,AlabamaPassDefense.mp4,Pass_Defense_123.mp4,Pass_Defense_,.mp4,2026-03-25,
124,0:31:07,0:31:13,,,FALSE,AlabamaPassDefense.mp4,Pass_Defense_124.mp4,Pass_Defense_,.mp4,2026-03-25,
125,0:31:17,0:31:22,,,FALSE,AlabamaPassDefense.mp4,Pass_Defense_125.mp4,Pass_Defense_,.mp4,2026-03-25,
126,0:31:30,0:31:35,,,FALSE,AlabamaPassDefense.mp4,Pass_Defense_126.mp4,Pass_Defense_,.mp4,2026-03-25,
127,0:31:39,0:31:45,,,FALSE,AlabamaPassDefense.mp4,Pass_Defense_127.mp4,Pass_Defense_,.mp4,2026-03-25,
128,0:31:53,0:32:00,,,FALSE,AlabamaPassDefense.mp4,Pass_Defense_128.mp4,Pass_Defense_,.mp4,2026-03-25,
129,0:32:04,0:32:11,,,FALSE,AlabamaPassDefense.mp4,Pass_Defense_129.mp4,Pass_Defense_,.mp4,2026-03-25,
130,0:32:21,0:32:31,,,FALSE,AlabamaPassDefense.mp4,Pass_Defense_130.mp4,Pass_Defense_,.mp4,2026-03-25,
131,0:32:39,0:32:49,,,FALSE,AlabamaPassDefense.mp4,Pass_Defense_131.mp4,Pass_Defense_,.mp4,2026-03-25,
132,0:32:59,0:33:10,,,FALSE,AlabamaPassDefense.mp4,Pass_Defense_132.mp4,Pass_Defense_,.mp4,2026-03-25,
133,0:33:20,0:33:27,,,FALSE,AlabamaPassDefense.mp4,Pass_Defense_133.mp4,Pass_Defense_,.mp4,2026-03-25,
134,0:33:41,0:33:49,,,FALSE,AlabamaPassDefense.mp4,Pass_Defense_134.mp4,Pass_Defense_,.mp4,2026-03-25,
135,0:34:00,0:34:07,,,FALSE,AlabamaPassDefense.mp4,Pass_Defense_135.mp4,Pass_Defense_,.mp4,2026-03-25,
136,0:34:20,0:34:26,,,FALSE,AlabamaPassDefense.mp4,Pass_Defense_136.mp4,Pass_Defense_,.mp4,2026-03-25,
137,0:34:39,0:34:47,,,FALSE,AlabamaPassDefense.mp4,Pass_Defense_137.mp4,Pass_Defense_,.mp4,2026-03-25,
138,0:34:55,0:35:01,,,FALSE,AlabamaPassDefense.mp4,Pass_Defense_138.mp4,Pass_Defense_,.mp4,2026-03-25,
139,0:35:08,0:35:14,,,FALSE,AlabamaPassDefense.mp4,Pass_Defense_139.mp4,Pass_Defense_,.mp4,2026-03-25,
140,0:35:26,0:35:33,,,FALSE,AlabamaPassDefense.mp4,Pass_Defense_140.mp4,Pass_Defense_,.mp4,2026-03-25,
141,0:35:39,0:35:46,,,FALSE,AlabamaPassDefense.mp4,Pass_Defense_141.mp4,Pass_Defense_,.mp4,2026-03-25,
142,0:36:01,0:36:09,,,FALSE,AlabamaPassDefense.mp4,Pass_Defense_142.mp4,Pass_Defense_,.mp4,2026-03-25,
143,0:36:21,0:36:29,,,FALSE,AlabamaPassDefense.mp4,Pass_Defense_143.mp4,Pass_Defense_,.mp4,2026-03-25,
144,0:36:44,0:36:49,,,FALSE,AlabamaPassDefense.mp4,Pass_Defense_144.mp4,Pass_Defense_,.mp4,2026-03-25,
145,0:37:00,0:37:06,,,FALSE,AlabamaPassDefense.mp4,Pass_Defense_145.mp4,Pass_Defense_,.mp4,2026-03-25,
146,0:37:13,0:37:17,,,FALSE,AlabamaPassDefense.mp4,Pass_Defense_146.mp4,Pass_Defense_,.mp4,2026-03-25,
147,0:37:29,0:37:33,,,FALSE,AlabamaPassDefense.mp4,Pass_Defense_147.mp4,Pass_Defense_,.mp4,2026-03-25,
148,0:37:43,0:37:49,,,FALSE,AlabamaPassDefense.mp4,Pass_Defense_148.mp4,Pass_Defense_,.mp4,2026-03-25,
149,0:37:54,0:38:02,,,FALSE,AlabamaPassDefense.mp4,Pass_Defense_149.mp4,Pass_Defense_,.mp4,2026-03-25,
150,0:38:10,0:38:17,,,FALSE,AlabamaPassDefense.mp4,Pass_Defense_150.mp4,Pass_Defense_,.mp4,2026-03-25,
151,0:38:24,0:38:31,,,FALSE,AlabamaPassDefense.mp4,Pass_Defense_151.mp4,Pass_Defense_,.mp4,2026-03-25,
152,0:38:47,0:38:56,,,FALSE,AlabamaPassDefense.mp4,Pass_Defense_152.mp4,Pass_Defense_,.mp4,2026-03-25,
153,0:39:07,0:39:14,,,FALSE,AlabamaPassDefense.mp4,Pass_Defense_153.mp4,Pass_Defense_,.mp4,2026-03-25,
154,0:39:24,0:39:31,,,FALSE,AlabamaPassDefense.mp4,Pass_Defense_154.mp4,Pass_Defense_,.mp4,2026-03-25,
155,0:39:40,0:39:45,,,FALSE,AlabamaPassDefense.mp4,Pass_Defense_155.mp4,Pass_Defense_,.mp4,2026-03-25,
156,0:39:57,0:40:04,,,FALSE,AlabamaPassDefense.mp4,Pass_Defense_156.mp4,Pass_Defense_,.mp4,2026-03-25,
157,0:40:13,0:40:19,,,FALSE,AlabamaPassDefense.mp4,Pass_Defense_157.mp4,Pass_Defense_,.mp4,2026-03-25,
158,0:40:41,0:40:48,,,FALSE,AlabamaPassDefense.mp4,Pass_Defense_158.mp4,Pass_Defense_,.mp4,2026-03-25,
159,0:41:00,0:41:07,,,FALSE,AlabamaPassDefense.mp4,Pass_Defense_159.mp4,Pass_Defense_,.mp4,2026-03-25,
160,0:41:20,0:41:27,,,FALSE,AlabamaPassDefense.mp4,Pass_Defense_160.mp4,Pass_Defense_,.mp4,2026-03-25,
161,0:41:35,0:41:42,,,FALSE,AlabamaPassDefense.mp4,Pass_Defense_161.mp4,Pass_Defense_,.mp4,2026-03-25,
162,0:41:57,0:42:04,,,FALSE,AlabamaPassDefense.mp4,Pass_Defense_162.mp4,Pass_Defense_,.mp4,2026-03-25,
163,0:42:13,0:42:20,,,FALSE,AlabamaPassDefense.mp4,Pass_Defense_163.mp4,Pass_Defense_,.mp4,2026-03-25,
164,0:42:35,0:42:41,,,FALSE,AlabamaPassDefense.mp4,Pass_Defense_164.mp4,Pass_Defense_,.mp4,2026-03-25,
165,0:42:52,0:42:59,,,FALSE,AlabamaPassDefense.mp4,Pass_Defense_165.mp4,Pass_Defense_,.mp4,2026-03-25,
166,0:43:18,0:43:23,,,FALSE,AlabamaPassDefense.mp4,Pass_Defense_166.mp4,Pass_Defense_,.mp4,2026-03-25,
167,0:43:36,0:43:41,,,FALSE,AlabamaPassDefense.mp4,Pass_Defense_167.mp4,Pass_Defense_,.mp4,2026-03-25,
168,0:43:55,0:44:02,,,FALSE,AlabamaPassDefense.mp4,Pass_Defense_168.mp4,Pass_Defense_,.mp4,2026-03-25,
169,0:44:10,0:44:16,,,FALSE,AlabamaPassDefense.mp4,Pass_Defense_169.mp4,Pass_Defense_,.mp4,2026-03-25,
170,0:44:27,0:44:33,,,FALSE,AlabamaPassDefense.mp4,Pass_Defense_170.mp4,Pass_Defense_,.mp4,2026-03-25,
171,0:44:40,0:44:46,,,FALSE,AlabamaPassDefense.mp4,Pass_Defense_171.mp4,Pass_Defense_,.mp4,2026-03-25,
172,0:44:59,0:45:05,,,FALSE,AlabamaPassDefense.mp4,Pass_Defense_172.mp4,Pass_Defense_,.mp4,2026-03-25,
173,0:45:14,0:45:20,,,FALSE,AlabamaPassDefense.mp4,Pass_Defense_173.mp4,Pass_Defense_,.mp4,2026-03-25,
174,0:45:29,0:45:34,,,FALSE,AlabamaPassDefense.mp4,Pass_Defense_174.mp4,Pass_Defense_,.mp4,2026-03-25,
175,0:45:41,0:45:45,,,FALSE,AlabamaPassDefense.mp4,Pass_Defense_175.mp4,Pass_Defense_,.mp4,2026-03-25,
176,0:46:00,0:46:05,,,FALSE,AlabamaPassDefense.mp4,Pass_Defense_176.mp4,Pass_Defense_,.mp4,2026-03-26,
177,0:46:13,0:46:18,,,FALSE,AlabamaPassDefense.mp4,Pass_Defense_177.mp4,Pass_Defense_,.mp4,2026-03-26,
178,0:46:30,0:46:36,,,FALSE,AlabamaPassDefense.mp4,Pass_Defense_178.mp4,Pass_Defense_,.mp4,2026-03-26,
179,0:46:43,0:46:49,,,FALSE,AlabamaPassDefense.mp4,Pass_Defense_179.mp4,Pass_Defense_,.mp4,2026-03-26,
180,0:47:04,0:47:09,,,FALSE,AlabamaPassDefense.mp4,Pass_Defense_180.mp4,Pass_Defense_,.mp4,2026-03-26,
181,0:47:20,0:47:24,,,FALSE,AlabamaPassDefense.mp4,Pass_Defense_181.mp4,Pass_Defense_,.mp4,2026-03-26,
182,0:47:36,0:47:42,,,FALSE,AlabamaPassDefense.mp4,Pass_Defense_182.mp4,Pass_Defense_,.mp4,2026-03-26,
183,0:47:52,0:47:58,,,FALSE,AlabamaPassDefense.mp4,Pass_Defense_183.mp4,Pass_Defense_,.mp4,2026-03-26,
184,0:48:10,0:48:18,,,FALSE,AlabamaPassDefense.mp4,Pass_Defense_184.mp4,Pass_Defense_,.mp4,2026-03-26,
185,0:48:30,0:48:36,,,FALSE,AlabamaPassDefense.mp4,Pass_Defense_185.mp4,Pass_Defense_,.mp4,2026-03-26,
186,0:48:43,0:48:49,,,FALSE,AlabamaPassDefense.mp4,Pass_Defense_186.mp4,Pass_Defense_,.mp4,2026-03-26,
187,0:48:53,0:48:58,,,FALSE,AlabamaPassDefense.mp4,Pass_Defense_187.mp4,Pass_Defense_,.mp4,2026-03-26,
188,0:49:10,0:49:18,,,FALSE,AlabamaPassDefense.mp4,Pass_Defense_188.mp4,Pass_Defense_,.mp4,2026-03-26,
189,0:49:27,0:49:34,,,FALSE,AlabamaPassDefense.mp4,Pass_Defense_189.mp4,Pass_Defense_,.mp4,2026-03-26,
190,0:49:48,0:49:55,,,FALSE,AlabamaPassDefense.mp4,Pass_Defense_190.mp4,Pass_Defense_,.mp4,2026-03-26,
191,0:50:05,0:50:12,,,FALSE,AlabamaPassDefense.mp4,Pass_Defense_191.mp4,Pass_Defense_,.mp4,2026-03-26,
192,0:50:21,0:50:26,,,FALSE,AlabamaPassDefense.mp4,Pass_Defense_192.mp4,Pass_Defense_,.mp4,2026-03-26,
193,0:50:36,0:50:44,,,FALSE,AlabamaPassDefense.mp4,Pass_Defense_193.mp4,Pass_Defense_,.mp4,2026-03-26,
194,0:50:57,0:51:04,,,FALSE,AlabamaPassDefense.mp4,Pass_Defense_194.mp4,Pass_Defense_,.mp4,2026-03-26,
195,0:51:14,0:51:20,,,FALSE,AlabamaPassDefense.mp4,Pass_Defense_195.mp4,Pass_Defense_,.mp4,2026-03-26,
196,0:51:32,0:51:39,,,FALSE,AlabamaPassDefense.mp4,Pass_Defense_196.mp4,Pass_Defense_,.mp4,2026-03-26,
197,0:51:48,0:51:53,,,FALSE,AlabamaPassDefense.mp4,Pass_Defense_197.mp4,Pass_Defense_,.mp4,2026-03-26,
198,0:52:07,0:52:13,,,FALSE,AlabamaPassDefense.mp4,Pass_Defense_198.mp4,Pass_Defense_,.mp4,2026-03-26,
199,0:52:21,0:52:28,,,FALSE,AlabamaPassDefense.mp4,Pass_Defense_199.mp4,Pass_Defense_,.mp4,2026-03-26,
200,0:52:35,0:52:43,,,FALSE,AlabamaPassDefense.mp4,Pass_Defense_200.mp4,Pass_Defense_,.mp4,2026-03-26,
201,0:52:50,0:52:58,,,FALSE,AlabamaPassDefense.mp4,Pass_Defense_201.mp4,Pass_Defense_,.mp4,2026-03-26,
202,0:53:11,0:53:17,,,FALSE,AlabamaPassDefense.mp4,Pass_Defense_202.mp4,Pass_Defense_,.mp4,2026-03-26,
203,0:53:30,0:53:37,,,FALSE,AlabamaPassDefense.mp4,Pass_Defense_203.mp4,Pass_Defense_,.mp4,2026-03-26,
204,0:53:53,0:54:03,,,FALSE,AlabamaPassDefense.mp4,Pass_Defense_204.mp4,Pass_Defense_,.mp4,2026-03-26,
205,0:54:15,0:54:24,,,FALSE,AlabamaPassDefense.mp4,Pass_Defense_205.mp4,Pass_Defense_,.mp4,2026-03-26,
206,0:54:36,0:54:41,,,FALSE,AlabamaPassDefense.mp4,Pass_Defense_206.mp4,Pass_Defense_,.mp4,2026-03-26,
207,0:54:49,0:54:54,,,FALSE,AlabamaPassDefense.mp4,Pass_Defense_207.mp4,Pass_Defense_,.mp4,2026-03-26,
208,0:55:11,0:55:17,,,FALSE,AlabamaPassDefense.mp4,Pass_Defense_208.mp4,Pass_Defense_,.mp4,2026-03-26,
209,0:55:24,0:55:29,,,FALSE,AlabamaPassDefense.mp4,Pass_Defense_209.mp4,Pass_Defense_,.mp4,2026-03-26,
210,0:55:40,0:55:45,,,FALSE,AlabamaPassDefense.mp4,Pass_Defense_210.mp4,Pass_Defense_,.mp4,2026-03-26,
211,0:55:56,0:55:59,,,FALSE,AlabamaPassDefense.mp4,Pass_Defense_211.mp4,Pass_Defense_,.mp4,2026-03-26,
212,0:56:14,0:56:19,,,FALSE,AlabamaPassDefense.mp4,Pass_Defense_212.mp4,Pass_Defense_,.mp4,2026-03-26,
213,0:56:29,0:56:34,,,FALSE,AlabamaPassDefense.mp4,Pass_Defense_213.mp4,Pass_Defense_,.mp4,2026-03-26,
214,0:56:49,0:56:58,,,FALSE,AlabamaPassDefense.mp4,Pass_Defense_214.mp4,Pass_Defense_,.mp4,2026-03-26,
215,0:57:11,0:57:18,,,FALSE,AlabamaPassDefense.mp4,Pass_Defense_215.mp4,Pass_Defense_,.mp4,2026-03-26,
216,0:57:29,0:57:36,,,FALSE,AlabamaPassDefense.mp4,Pass_Defense_216.mp4,Pass_Defense_,.mp4,2026-03-26,
217,0:57:43,0:57:49,,,FALSE,AlabamaPassDefense.mp4,Pass_Defense_217.mp4,Pass_Defense_,.mp4,2026-03-26,
218,0:58:03,0:58:11,,,FALSE,AlabamaPassDefense.mp4,Pass_Defense_218.mp4,Pass_Defense_,.mp4,2026-03-26,
219,0:58:24,0:58:30,,,FALSE,AlabamaPassDefense.mp4,Pass_Defense_219.mp4,Pass_Defense_,.mp4,2026-03-26,
220,0:58:44,0:58:57,,,FALSE,AlabamaPassDefense.mp4,Pass_Defense_220.mp4,Pass_Defense_,.mp4,2026-03-26,
221,0:59:00,0:59:05,,,FALSE,AlabamaPassDefense.mp4,Pass_Defense_221.mp4,Pass_Defense_,.mp4,2026-03-26,
222,0:59:18,0:59:24,,,FALSE,AlabamaPassDefense.mp4,Pass_Defense_222.mp4,Pass_Defense_,.mp4,2026-03-26,
223,0:59:35,0:59:41,,,FALSE,AlabamaPassDefense.mp4,Pass_Defense_223.mp4,Pass_Defense_,.mp4,2026-03-26,
224,0:59:53,0:59:59,,,FALSE,AlabamaPassDefense.mp4,Pass_Defense_224.mp4,Pass_Defense_,.mp4,2026-03-26,
225,1:00:11,1:00:17,,,FALSE,AlabamaPassDefense.mp4,Pass_Defense_225.mp4,Pass_Defense_,.mp4,2026-03-26,
226,1:00:28,1:00:35,,,FALSE,AlabamaPassDefense.mp4,Pass_Defense_226.mp4,Pass_Defense_,.mp4,2026-03-26,
227,1:00:45,1:00:50,,,FALSE,AlabamaPassDefense.mp4,Pass_Defense_227.mp4,Pass_Defense_,.mp4,2026-03-26,
228,1:01:02,1:01:08,,,FALSE,AlabamaPassDefense.mp4,Pass_Defense_228.mp4,Pass_Defense_,.mp4,2026-03-26,
229,1:01:16,1:01:22,,,FALSE,AlabamaPassDefense.mp4,Pass_Defense_229.mp4,Pass_Defense_,.mp4,2026-03-26,
230,1:01:33,1:01:39,,,FALSE,AlabamaPassDefense.mp4,Pass_Defense_230.mp4,Pass_Defense_,.mp4,2026-03-26,
231,1:01:48,1:01:53,,,FALSE,AlabamaPassDefense.mp4,Pass_Defense_231.mp4,Pass_Defense_,.mp4,2026-03-26,
232,1:02:01,1:02:05,,,FALSE,AlabamaPassDefense.mp4,Pass_Defense_232.mp4,Pass_Defense_,.mp4,2026-03-26,
233,1:02:14,1:02:20,,,FALSE,AlabamaPassDefense.mp4,Pass_Defense_233.mp4,Pass_Defense_,.mp4,2026-03-26,
234,1:02:32,1:02:38,,,FALSE,AlabamaPassDefense.mp4,Pass_Defense_234.mp4,Pass_Defense_,.mp4,2026-03-26,
235,1:02:46,1:02:53,,,FALSE,AlabamaPassDefense.mp4,Pass_Defense_235.mp4,Pass_Defense_,.mp4,2026-03-26,
236,1:03:03,1:03:10,,,FALSE,AlabamaPassDefense.mp4,Pass_Defense_236.mp4,Pass_Defense_,.mp4,2026-03-26,
237,1:03:17,1:03:23,,,FALSE,AlabamaPassDefense.mp4,Pass_Defense_237.mp4,Pass_Defense_,.mp4,2026-03-26,
238,1:03:34,1:03:39,,,FALSE,AlabamaPassDefense.mp4,Pass_Defense_238.mp4,Pass_Defense_,.mp4,2026-03-26,
239,1:03:47,1:03:52,,,FALSE,AlabamaPassDefense.mp4,Pass_Defense_239.mp4,Pass_Defense_,.mp4,2026-03-26,
240,1:04:09,1:04:14,,,FALSE,AlabamaPassDefense.mp4,Pass_Defense_240.mp4,Pass_Defense_,.mp4,2026-03-26,
241,1:04:30,1:04:35,,,FALSE,AlabamaPassDefense.mp4,Pass_Defense_241.mp4,Pass_Defense_,.mp4,2026-03-26,
242,1:04:47,1:04:51,,,FALSE,AlabamaPassDefense.mp4,Pass_Defense_242.mp4,Pass_Defense_,.mp4,2026-03-26,
243,1:05:10,1:05:15,,,FALSE,AlabamaPassDefense.mp4,Pass_Defense_243.mp4,Pass_Defense_,.mp4,2026-03-26,
244,1:05:29,1:05:33,,,FALSE,AlabamaPassDefense.mp4,Pass_Defense_244.mp4,Pass_Defense_,.mp4,2026-03-26,
245,1:05:43,1:05:47,,,FALSE,AlabamaPassDefense.mp4,Pass_Defense_245.mp4,Pass_Defense_,.mp4,2026-03-26,
246,1:06:07,1:06:12,,,FALSE,AlabamaPassDefense.mp4,Pass_Defense_246.mp4,Pass_Defense_,.mp4,2026-03-26,
247,1:06:20,1:06:26,,,FALSE,AlabamaPassDefense.mp4,Pass_Defense_247.mp4,Pass_Defense_,.mp4,2026-03-26,
248,1:06:39,1:06:44,,,FALSE,AlabamaPassDefense.mp4,Pass_Defense_248.mp4,Pass_Defense_,.mp4,2026-03-26,
249,1:06:52,1:06:57,,,FALSE,AlabamaPassDefense.mp4,Pass_Defense_249.mp4,Pass_Defense_,.mp4,2026-03-26,
250,1:07:09,1:07:12,,,FALSE,AlabamaPassDefense.mp4,Pass_Defense_250.mp4,Pass_Defense_,.mp4,2026-03-26,
251,1:07:21,1:07:25,,,FALSE,AlabamaPassDefense.mp4,Pass_Defense_251.mp4,Pass_Defense_,.mp4,2026-03-26,
252,1:07:42,1:07:44,,,FALSE,AlabamaPassDefense.mp4,Pass_Defense_252.mp4,Pass_Defense_,.mp4,2026-03-26,
253,1:08:01,1:08:08,,,FALSE,AlabamaPassDefense.mp4,Pass_Defense_253.mp4,Pass_Defense_,.mp4,2026-03-26,
254,1:08:29,1:08:33,,,FALSE,AlabamaPassDefense.mp4,Pass_Defense_254.mp4,Pass_Defense_,.mp4,2026-03-26,
255,1:08:50,1:08:55,,,FALSE,AlabamaPassDefense.mp4,Pass_Defense_255.mp4,Pass_Defense_,.mp4,2026-03-26,
256,1:09:02,1:09:12,,,FALSE,AlabamaPassDefense.mp4,Pass_Defense_256.mp4,Pass_Defense_,.mp4,2026-03-26,
257,1:09:16,1:09:26,,,FALSE,AlabamaPassDefense.mp4,Pass_Defense_257.mp4,Pass_Defense_,.mp4,2026-03-26,
258,1:09:36,1:09:42,,,FALSE,AlabamaPassDefense.mp4,Pass_Defense_258.mp4,Pass_Defense_,.mp4,2026-03-26,
259,1:09:50,1:09:58,,,FALSE,AlabamaPassDefense.mp4,Pass_Defense_259.mp4,Pass_Defense_,.mp4,2026-03-26,
260,1:10:07,1:10:15,,,FALSE,AlabamaPassDefense.mp4,Pass_Defense_260.mp4,Pass_Defense_,.mp4,2026-03-26,
261,1:10:21,1:10:28,,,FALSE,AlabamaPassDefense.mp4,Pass_Defense_261.mp4,Pass_Defense_,.mp4,2026-03-26,
262,1:10:41,1:10:48,,,FALSE,AlabamaPassDefense.mp4,Pass_Defense_262.mp4,Pass_Defense_,.mp4,2026-03-26,
263,1:10:59,1:11:06,,,FALSE,AlabamaPassDefense.mp4,Pass_Defense_263.mp4,Pass_Defense_,.mp4,2026-03-26,
264,1:11:17,1:11:22,,,FALSE,AlabamaPassDefense.mp4,Pass_Defense_264.mp4,Pass_Defense_,.mp4,2026-03-26,
265,1:11:31,1:11:36,,,FALSE,AlabamaPassDefense.mp4,Pass_Defense_265.mp4,Pass_Defense_,.mp4,2026-03-26,
266,1:11:50,1:11:57,,,FALSE,AlabamaPassDefense.mp4,Pass_Defense_266.mp4,Pass_Defense_,.mp4,2026-03-26,
267,1:12:06,1:12:12,,,FALSE,AlabamaPassDefense.mp4,Pass_Defense_267.mp4,Pass_Defense_,.mp4,2026-03-26,
268,1:12:23,1:12:29,,,FALSE,AlabamaPassDefense.mp4,Pass_Defense_268.mp4,Pass_Defense_,.mp4,2026-03-26,
269,1:12:35,1:12:40,,,FALSE,AlabamaPassDefense.mp4,Pass_Defense_269.mp4,Pass_Defense_,.mp4,2026-03-26,
270,1:12:57,1:13:08,,,FALSE,AlabamaPassDefense.mp4,Pass_Defense_270.mp4,Pass_Defense_,.mp4,2026-03-26,
271,1:13:21,1:13:32,,,FALSE,AlabamaPassDefense.mp4,Pass_Defense_271.mp4,Pass_Defense_,.mp4,2026-03-26,
272,1:13:38,1:13:43,,,FALSE,AlabamaPassDefense.mp4,Pass_Defense_272.mp4,Pass_Defense_,.mp4,2026-03-26,
273,1:13:48,1:13:53,,,FALSE,AlabamaPassDefense.mp4,Pass_Defense_273.mp4,Pass_Defense_,.mp4,2026-03-26,
274,1:14:01,1:14:06,,,FALSE,AlabamaPassDefense.mp4,Pass_Defense_274.mp4,Pass_Defense_,.mp4,2026-03-26,
275,1:14:15,1:14:20,,,FALSE,AlabamaPassDefense.mp4,Pass_Defense_275.mp4,Pass_Defense_,.mp4,2026-03-26,
276,1:14:33,1:14:39,,,FALSE,AlabamaPassDefense.mp4,Pass_Defense_276.mp4,Pass_Defense_,.mp4,2026-03-26,
277,1:14:50,1:14:57,,,FALSE,AlabamaPassDefense.mp4,Pass_Defense_277.mp4,Pass_Defense_,.mp4,2026-03-26,
1,0:00:12,0:00:22,Punt Block,,FALSE,PuntBlocks.mp4,PuntBlock_1.mp4,PuntBlock_,.mp4,2026-03-27,
2,0:00:28,0:00:37,Punt Block,,FALSE,PuntBlocks.mp4,PuntBlock_2.mp4,PuntBlock_,.mp4,2026-03-27,
3,0:00:48,0:00:58,Punt Block,,FALSE,PuntBlocks.mp4,PuntBlock_3.mp4,PuntBlock_,.mp4,2026-03-27,
4,0:01:06,0:01:15,Punt Block,,FALSE,PuntBlocks.mp4,PuntBlock_4.mp4,PuntBlock_,.mp4,2026-03-27,
5,0:01:24,0:01:31,Punt Block,,FALSE,PuntBlocks.mp4,PuntBlock_5.mp4,PuntBlock_,.mp4,2026-03-27,
6,0:01:44,0:01:52,Punt Block,,FALSE,PuntBlocks.mp4,PuntBlock_6.mp4,PuntBlock_,.mp4,2026-03-27,
7,0:02:15,0:02:21,Punt Block,,FALSE,PuntBlocks.mp4,PuntBlock_7.mp4,PuntBlock_,.mp4,2026-03-27,
8,0:02:41,0:02:48,Punt Block,,FALSE,PuntBlocks.mp4,PuntBlock_8.mp4,PuntBlock_,.mp4,2026-03-27,
9,0:03:07,0:03:18,Punt Block,,FALSE,PuntBlocks.mp4,PuntBlock_9.mp4,PuntBlock_,.mp4,2026-03-27,
10,0:03:34,0:03:41,Punt Block,,FALSE,PuntBlocks.mp4,PuntBlock_10.mp4,PuntBlock_,.mp4,2026-03-27,
11,0:04:00,0:04:08,Punt Block,,FALSE,PuntBlocks.mp4,PuntBlock_11.mp4,PuntBlock_,.mp4,2026-03-27,
12,0:04:20,0:04:29,Punt Block,,FALSE,PuntBlocks.mp4,PuntBlock_12.mp4,PuntBlock_,.mp4,2026-03-27,
13,0:04:39,0:04:45,Punt Block,,FALSE,PuntBlocks.mp4,PuntBlock_13.mp4,PuntBlock_,.mp4,2026-03-27,
14,0:04:49,0:04:54,Punt Block,,FALSE,PuntBlocks.mp4,PuntBlock_14.mp4,PuntBlock_,.mp4,2026-03-27,
15,0:05:15,0:05:26,Punt Block,,FALSE,PuntBlocks.mp4,PuntBlock_15.mp4,PuntBlock_,.mp4,2026-03-27,
16,0:05:43,0:05:54,Punt Block,,FALSE,PuntBlocks.mp4,PuntBlock_16.mp4,PuntBlock_,.mp4,2026-03-27,
17,0:05:59,0:06:06,Punt Block,,FALSE,PuntBlocks.mp4,PuntBlock_17.mp4,PuntBlock_,.mp4,2026-03-27,
18,0:06:10,0:06:16,Punt Block,,FALSE,PuntBlocks.mp4,PuntBlock_18.mp4,PuntBlock_,.mp4,2026-03-27,
19,0:06:23,0:06:34,Punt Block,,FALSE,PuntBlocks.mp4,PuntBlock_19.mp4,PuntBlock_,.mp4,2026-03-27,
20,0:06:43,0:06:55,Punt Block,,FALSE,PuntBlocks.mp4,PuntBlock_20.mp4,PuntBlock_,.mp4,2026-03-27,
21,0:07:04,0:07:14,Punt Block,,FALSE,PuntBlocks.mp4,PuntBlock_21.mp4,PuntBlock_,.mp4,2026-03-27,
22,0:07:20,0:07:30,Punt Block,,FALSE,PuntBlocks.mp4,PuntBlock_22.mp4,PuntBlock_,.mp4,2026-03-27,
23,0:07:34,0:07:43,Punt Block,,FALSE,PuntBlocks.mp4,PuntBlock_23.mp4,PuntBlock_,.mp4,2026-03-27,
24,0:07:53,0:08:01,Punt Block,,FALSE,PuntBlocks.mp4,PuntBlock_24.mp4,PuntBlock_,.mp4,2026-03-27,
25,0:08:17,0:08:24,Punt Block,,FALSE,PuntBlocks.mp4,PuntBlock_25.mp4,PuntBlock_,.mp4,2026-03-27,
26,0:08:44,0:08:51,Punt Block,,FALSE,PuntBlocks.mp4,PuntBlock_26.mp4,PuntBlock_,.mp4,2026-03-27,
27,0:09:14,0:09:22,Punt Block,,FALSE,PuntBlocks.mp4,PuntBlock_27.mp4,PuntBlock_,.mp4,2026-03-27,
28,0:09:44,0:09:52,Punt Block,,FALSE,PuntBlocks.mp4,PuntBlock_28.mp4,PuntBlock_,.mp4,2026-03-27,
29,0:10:07,0:10:18,Punt Block,,FALSE,PuntBlocks.mp4,PuntBlock_29.mp4,PuntBlock_,.mp4,2026-03-27,
30,0:10:26,0:10:36,Punt Block,,FALSE,PuntBlocks.mp4,PuntBlock_30.mp4,PuntBlock_,.mp4,2026-03-27,
31,0:10:57,0:11:03,Punt Block,,FALSE,PuntBlocks.mp4,PuntBlock_31.mp4,PuntBlock_,.mp4,2026-03-27,
32,0:11:14,0:11:21,Punt Block,,FALSE,PuntBlocks.mp4,PuntBlock_32.mp4,PuntBlock_,.mp4,2026-03-27,
33,0:11:30,0:11:39,Punt Block,,FALSE,PuntBlocks.mp4,PuntBlock_33.mp4,PuntBlock_,.mp4,2026-03-27,
34,0:11:53,0:12:02,Punt Block,,FALSE,PuntBlocks.mp4,PuntBlock_34.mp4,PuntBlock_,.mp4,2026-03-27,
35,0:12:13,0:12:20,Punt Block,,FALSE,PuntBlocks.mp4,PuntBlock_35.mp4,PuntBlock_,.mp4,2026-03-27,
36,0:12:26,0:12:35,Punt Block,,FALSE,PuntBlocks.mp4,PuntBlock_36.mp4,PuntBlock_,.mp4,2026-03-27,
37,0:12:46,0:12:55,Punt Block,,FALSE,PuntBlocks.mp4,PuntBlock_37.mp4,PuntBlock_,.mp4,2026-03-27,
38,0:13:02,0:13:11,Punt Block,,FALSE,PuntBlocks.mp4,PuntBlock_38.mp4,PuntBlock_,.mp4,2026-03-27,
39,0:13:21,0:13:33,Punt Block,,FALSE,PuntBlocks.mp4,PuntBlock_39.mp4,PuntBlock_,.mp4,2026-03-27,
40,0:13:38,0:13:48,Punt Block,,FALSE,PuntBlocks.mp4,PuntBlock_40.mp4,PuntBlock_,.mp4,2026-03-27,
41,0:14:07,0:14:24,Punt Block,,FALSE,PuntBlocks.mp4,PuntBlock_41.mp4,PuntBlock_,.mp4,2026-03-27,
42,0:14:33,0:14:49,Punt Block,,FALSE,PuntBlocks.mp4,PuntBlock_42.mp4,PuntBlock_,.mp4,2026-03-27,
43,0:15:07,0:15:14,Punt Block,,FALSE,PuntBlocks.mp4,PuntBlock_43.mp4,PuntBlock_,.mp4,2026-03-27,
44,0:15:33,0:15:40,Punt Block,,FALSE,PuntBlocks.mp4,PuntBlock_44.mp4,PuntBlock_,.mp4,2026-03-27,
45,0:15:54,0:16:01,Punt Block,,FALSE,PuntBlocks.mp4,PuntBlock_45.mp4,PuntBlock_,.mp4,2026-03-27,
46,0:16:13,0:16:20,Punt Block,,FALSE,PuntBlocks.mp4,PuntBlock_46.mp4,PuntBlock_,.mp4,2026-03-27,
47,0:16:37,0:16:44,Punt Block,,FALSE,PuntBlocks.mp4,PuntBlock_47.mp4,PuntBlock_,.mp4,2026-03-27,
48,0:17:02,0:17:08,Punt Block,,FALSE,PuntBlocks.mp4,PuntBlock_48.mp4,PuntBlock_,.mp4,2026-03-27,
49,0:17:25,0:17:33,Punt Block,,FALSE,PuntBlocks.mp4,PuntBlock_49.mp4,PuntBlock_,.mp4,2026-03-27,
50,0:17:45,0:17:51,Punt Block,,FALSE,PuntBlocks.mp4,PuntBlock_50.mp4,PuntBlock_,.mp4,2026-03-27,
51,0:18:08,0:18:14,Punt Block,,FALSE,PuntBlocks.mp4,PuntBlock_51.mp4,PuntBlock_,.mp4,2026-03-27,
52,0:18:25,0:18:32,Punt Block,,FALSE,PuntBlocks.mp4,PuntBlock_52.mp4,PuntBlock_,.mp4,2026-03-27,
53,0:18:46,0:18:56,Punt Block,,FALSE,PuntBlocks.mp4,PuntBlock_53.mp4,PuntBlock_,.mp4,2026-03-27,
54,0:19:06,0:19:16,Punt Block,,FALSE,PuntBlocks.mp4,PuntBlock_54.mp4,PuntBlock_,.mp4,2026-03-27,
55,0:19:33,0:19:43,Punt Block,,FALSE,PuntBlocks.mp4,PuntBlock_55.mp4,PuntBlock_,.mp4,2026-03-27,
56,0:19:51,0:20:00,Punt Block,,FALSE,PuntBlocks.mp4,PuntBlock_56.mp4,PuntBlock_,.mp4,2026-03-27,
57,0:20:13,0:20:20,Punt Block,,FALSE,PuntBlocks.mp4,PuntBlock_57.mp4,PuntBlock_,.mp4,2026-03-27,
58,0:20:30,0:20:34,Punt Block,,FALSE,PuntBlocks.mp4,PuntBlock_58.mp4,PuntBlock_,.mp4,2026-03-27,
59,0:20:48,0:20:55,Punt Block,,FALSE,PuntBlocks.mp4,PuntBlock_59.mp4,PuntBlock_,.mp4,2026-03-27,
60,0:21:06,0:21:11,Punt Block,,FALSE,PuntBlocks.mp4,PuntBlock_60.mp4,PuntBlock_,.mp4,2026-03-27,
61,0:21:27,0:21:38,Punt Block,,FALSE,PuntBlocks.mp4,PuntBlock_61.mp4,PuntBlock_,.mp4,2026-03-27,
62,0:21:53,0:22:04,Punt Block,,FALSE,PuntBlocks.mp4,PuntBlock_62.mp4,PuntBlock_,.mp4,2026-03-27,
63,0:22:13,0:22:21,Punt Block,,FALSE,PuntBlocks.mp4,PuntBlock_63.mp4,PuntBlock_,.mp4,2026-03-27,
64,0:22:26,0:22:33,Punt Block,,FALSE,PuntBlocks.mp4,PuntBlock_64.mp4,PuntBlock_,.mp4,2026-03-27,
65,0:22:40,0:22:51,Punt Block,,FALSE,PuntBlocks.mp4,PuntBlock_65.mp4,PuntBlock_,.mp4,2026-03-27,
66,0:22:57,0:23:09,Punt Block,,FALSE,PuntBlocks.mp4,PuntBlock_66.mp4,PuntBlock_,.mp4,2026-03-27,
67,0:23:22,0:23:31,Punt Block,,FALSE,PuntBlocks.mp4,PuntBlock_67.mp4,PuntBlock_,.mp4,2026-03-27,
68,0:23:42,0:23:51,Punt Block,,FALSE,PuntBlocks.mp4,PuntBlock_68.mp4,PuntBlock_,.mp4,2026-03-27,
69,0:24:05,0:24:12,Punt Block,,FALSE,PuntBlocks.mp4,PuntBlock_69.mp4,PuntBlock_,.mp4,2026-03-27,
70,0:24:26,0:24:32,Punt Block,,FALSE,PuntBlocks.mp4,PuntBlock_70.mp4,PuntBlock_,.mp4,2026-03-27,
71,0:24:55,0:25:05,Punt Block,,FALSE,PuntBlocks.mp4,PuntBlock_71.mp4,PuntBlock_,.mp4,2026-03-27,
72,0:25:22,0:25:32,Punt Block,,FALSE,PuntBlocks.mp4,PuntBlock_72.mp4,PuntBlock_,.mp4,2026-03-27,
73,0:25:46,0:25:56,Punt Block,,FALSE,PuntBlocks.mp4,PuntBlock_73.mp4,PuntBlock_,.mp4,2026-03-27,
74,0:26:00,0:26:11,Punt Block,,FALSE,PuntBlocks.mp4,PuntBlock_74.mp4,PuntBlock_,.mp4,2026-03-27,
75,0:26:21,0:26:29,Punt Block,,FALSE,PuntBlocks.mp4,PuntBlock_75.mp4,PuntBlock_,.mp4,2026-03-27,
76,0:26:39,0:26:47,Punt Block,,FALSE,PuntBlocks.mp4,PuntBlock_76.mp4,PuntBlock_,.mp4,2026-03-27,
77,0:26:56,0:27:04,Punt Block,,FALSE,PuntBlocks.mp4,PuntBlock_77.mp4,PuntBlock_,.mp4,2026-03-27,
78,0:27:12,0:27:18,Punt Block,,FALSE,PuntBlocks.mp4,PuntBlock_78.mp4,PuntBlock_,.mp4,2026-03-27,
79,0:27:30,0:27:41,Punt Block,,FALSE,PuntBlocks.mp4,PuntBlock_79.mp4,PuntBlock_,.mp4,2026-03-27,
80,0:27:52,0:28:03,Punt Block,,FALSE,PuntBlocks.mp4,PuntBlock_80.mp4,PuntBlock_,.mp4,2026-03-27,
81,0:28:22,0:28:30,Punt Block,,FALSE,PuntBlocks.mp4,PuntBlock_81.mp4,PuntBlock_,.mp4,2026-03-27,
82,0:28:44,0:28:57,Punt Block,,FALSE,PuntBlocks.mp4,PuntBlock_82.mp4,PuntBlock_,.mp4,2026-03-27,
83,0:29:08,0:29:21,Punt Block,,FALSE,PuntBlocks.mp4,PuntBlock_83.mp4,PuntBlock_,.mp4,2026-03-27,
1,0:00:05,0:00:10,Pass Defense,,FALSE,ClemsonPassDefense.mp4,Pass_Defense2_1.mp4,Pass_Defense2_,.mp4,2026-03-27,
2,0:00:17,0:00:23,Pass Defense,,FALSE,ClemsonPassDefense.mp4,Pass_Defense2_2.mp4,Pass_Defense2_,.mp4,2026-03-27,
3,0:00:46,0:00:53,Pass Defense,,FALSE,ClemsonPassDefense.mp4,Pass_Defense2_3.mp4,Pass_Defense2_,.mp4,2026-03-27,
4,0:01:13,0:01:20,Pass Defense,,FALSE,ClemsonPassDefense.mp4,Pass_Defense2_4.mp4,Pass_Defense2_,.mp4,2026-03-27,
5,0:01:30,0:01:35,Pass Defense,,FALSE,ClemsonPassDefense.mp4,Pass_Defense2_5.mp4,Pass_Defense2_,.mp4,2026-03-27,
6,0:01:46,0:01:50,Pass Defense,,FALSE,ClemsonPassDefense.mp4,Pass_Defense2_6.mp4,Pass_Defense2_,.mp4,2026-03-27,
7,0:02:02,0:02:07,Pass Defense,,FALSE,ClemsonPassDefense.mp4,Pass_Defense2_7.mp4,Pass_Defense2_,.mp4,2026-03-27,
8,0:02:16,0:02:21,Pass Defense,,FALSE,ClemsonPassDefense.mp4,Pass_Defense2_8.mp4,Pass_Defense2_,.mp4,2026-03-27,
9,0:02:27,0:02:32,Pass Defense,,FALSE,ClemsonPassDefense.mp4,Pass_Defense2_9.mp4,Pass_Defense2_,.mp4,2026-03-27,
10,0:02:39,0:02:43,Pass Defense,,FALSE,ClemsonPassDefense.mp4,Pass_Defense2_10.mp4,Pass_Defense2_,.mp4,2026-03-27,
11,0:02:57,0:03:05,Pass Defense,,FALSE,ClemsonPassDefense.mp4,Pass_Defense2_11.mp4,Pass_Defense2_,.mp4,2026-03-27,
12,0:03:19,0:03:26,Pass Defense,,FALSE,ClemsonPassDefense.mp4,Pass_Defense2_12.mp4,Pass_Defense2_,.mp4,2026-03-27,
13,0:03:43,0:03:49,Pass Defense,,FALSE,ClemsonPassDefense.mp4,Pass_Defense2_13.mp4,Pass_Defense2_,.mp4,2026-03-27,
14,0:04:10,0:04:16,Pass Defense,,FALSE,ClemsonPassDefense.mp4,Pass_Defense2_14.mp4,Pass_Defense2_,.mp4,2026-03-27,
15,0:04:27,0:04:33,Pass Defense,,FALSE,ClemsonPassDefense.mp4,Pass_Defense2_15.mp4,Pass_Defense2_,.mp4,2026-03-27,
16,0:04:45,0:04:50,Pass Defense,,FALSE,ClemsonPassDefense.mp4,Pass_Defense2_16.mp4,Pass_Defense2_,.mp4,2026-03-27,
17,0:04:59,0:05:05,Pass Defense,,FALSE,ClemsonPassDefense.mp4,Pass_Defense2_17.mp4,Pass_Defense2_,.mp4,2026-03-27,
18,0:05:13,0:05:20,Pass Defense,,FALSE,ClemsonPassDefense.mp4,Pass_Defense2_18.mp4,Pass_Defense2_,.mp4,2026-03-27,
19,0:05:32,0:05:37,Pass Defense,,FALSE,ClemsonPassDefense.mp4,Pass_Defense2_19.mp4,Pass_Defense2_,.mp4,2026-03-27,
20,0:05:49,0:05:55,Pass Defense,,FALSE,ClemsonPassDefense.mp4,Pass_Defense2_20.mp4,Pass_Defense2_,.mp4,2026-03-27,
21,0:06:01,0:06:06,Pass Defense,,FALSE,ClemsonPassDefense.mp4,Pass_Defense2_21.mp4,Pass_Defense2_,.mp4,2026-03-27,
22,0:06:14,0:06:20,Pass Defense,,FALSE,ClemsonPassDefense.mp4,Pass_Defense2_22.mp4,Pass_Defense2_,.mp4,2026-03-27,
23,0:06:30,0:06:36,Pass Defense,,FALSE,ClemsonPassDefense.mp4,Pass_Defense2_23.mp4,Pass_Defense2_,.mp4,2026-03-27,
24,0:06:47,0:06:54,Pass Defense,,FALSE,ClemsonPassDefense.mp4,Pass_Defense2_24.mp4,Pass_Defense2_,.mp4,2026-03-27,
25,0:07:09,0:07:19,Pass Defense,,FALSE,ClemsonPassDefense.mp4,Pass_Defense2_25.mp4,Pass_Defense2_,.mp4,2026-03-27,
26,0:07:29,0:07:38,Pass Defense,,FALSE,ClemsonPassDefense.mp4,Pass_Defense2_26.mp4,Pass_Defense2_,.mp4,2026-03-27,
27,0:07:50,0:07:56,Pass Defense,,FALSE,ClemsonPassDefense.mp4,Pass_Defense2_27.mp4,Pass_Defense2_,.mp4,2026-03-27,
28,0:08:05,0:08:13,Pass Defense,,FALSE,ClemsonPassDefense.mp4,Pass_Defense2_28.mp4,Pass_Defense2_,.mp4,2026-03-27,
29,0:08:24,0:08:33,Pass Defense,,FALSE,ClemsonPassDefense.mp4,Pass_Defense2_29.mp4,Pass_Defense2_,.mp4,2026-03-27,
30,0:08:46,0:08:54,Pass Defense,,FALSE,ClemsonPassDefense.mp4,Pass_Defense2_30.mp4,Pass_Defense2_,.mp4,2026-03-27,
31,0:09:06,0:09:12,Pass Defense,,FALSE,ClemsonPassDefense.mp4,Pass_Defense2_31.mp4,Pass_Defense2_,.mp4,2026-03-27,
32,0:09:24,0:09:31,Pass Defense,,FALSE,ClemsonPassDefense.mp4,Pass_Defense2_32.mp4,Pass_Defense2_,.mp4,2026-03-27,
33,0:09:42,0:09:49,Pass Defense,,FALSE,ClemsonPassDefense.mp4,Pass_Defense2_33.mp4,Pass_Defense2_,.mp4,2026-03-27,
34,0:10:01,0:10:08,Pass Defense,,FALSE,ClemsonPassDefense.mp4,Pass_Defense2_34.mp4,Pass_Defense2_,.mp4,2026-03-27,
35,0:10:14,0:10:17,Pass Defense,,FALSE,ClemsonPassDefense.mp4,Pass_Defense2_35.mp4,Pass_Defense2_,.mp4,2026-03-27,
36,0:10:24,0:10:28,Pass Defense,,FALSE,ClemsonPassDefense.mp4,Pass_Defense2_36.mp4,Pass_Defense2_,.mp4,2026-03-27,
37,0:10:41,0:10:47,Pass Defense,,FALSE,ClemsonPassDefense.mp4,Pass_Defense2_37.mp4,Pass_Defense2_,.mp4,2026-03-27,
38,0:10:59,0:11:05,Pass Defense,,FALSE,ClemsonPassDefense.mp4,Pass_Defense2_38.mp4,Pass_Defense2_,.mp4,2026-03-27,
39,0:11:16,0:11:22,Pass Defense,,FALSE,ClemsonPassDefense.mp4,Pass_Defense2_39.mp4,Pass_Defense2_,.mp4,2026-03-27,
40,0:11:32,0:11:38,Pass Defense,,FALSE,ClemsonPassDefense.mp4,Pass_Defense2_40.mp4,Pass_Defense2_,.mp4,2026-03-27,
41,0:11:48,0:11:57,Pass Defense,,FALSE,ClemsonPassDefense.mp4,Pass_Defense2_41.mp4,Pass_Defense2_,.mp4,2026-03-27,
42,0:12:04,0:12:15,Pass Defense,,FALSE,ClemsonPassDefense.mp4,Pass_Defense2_42.mp4,Pass_Defense2_,.mp4,2026-03-27,
43,0:12:26,0:12:37,Pass Defense,,FALSE,ClemsonPassDefense.mp4,Pass_Defense2_43.mp4,Pass_Defense2_,.mp4,2026-03-27,
44,0:12:46,0:12:55,Pass Defense,,FALSE,ClemsonPassDefense.mp4,Pass_Defense2_44.mp4,Pass_Defense2_,.mp4,2026-03-27,
45,0:13:09,0:13:16,Pass Defense,,FALSE,ClemsonPassDefense.mp4,Pass_Defense2_45.mp4,Pass_Defense2_,.mp4,2026-03-27,
46,0:13:28,0:13:35,Pass Defense,,FALSE,ClemsonPassDefense.mp4,Pass_Defense2_46.mp4,Pass_Defense2_,.mp4,2026-03-27,
47,0:13:43,0:13:54,Pass Defense,,FALSE,ClemsonPassDefense.mp4,Pass_Defense2_47.mp4,Pass_Defense2_,.mp4,2026-03-27,
48,0:14:07,0:14:16,Pass Defense,,FALSE,ClemsonPassDefense.mp4,Pass_Defense2_48.mp4,Pass_Defense2_,.mp4,2026-03-27,
49,0:14:30,0:14:35,Pass Defense,,FALSE,ClemsonPassDefense.mp4,Pass_Defense2_49.mp4,Pass_Defense2_,.mp4,2026-03-27,
50,0:14:48,0:14:53,Pass Defense,,FALSE,ClemsonPassDefense.mp4,Pass_Defense2_50.mp4,Pass_Defense2_,.mp4,2026-03-27,
51,0:15:00,0:15:06,Pass Defense,,FALSE,ClemsonPassDefense.mp4,Pass_Defense2_51.mp4,Pass_Defense2_,.mp4,2026-03-27,
52,0:15:10,0:15:16,Pass Defense,,FALSE,ClemsonPassDefense.mp4,Pass_Defense2_52.mp4,Pass_Defense2_,.mp4,2026-03-27,
53,0:15:24,0:15:32,Pass Defense,,FALSE,ClemsonPassDefense.mp4,Pass_Defense2_53.mp4,Pass_Defense2_,.mp4,2026-03-27,
54,0:15:38,0:15:44,Pass Defense,,FALSE,ClemsonPassDefense.mp4,Pass_Defense2_54.mp4,Pass_Defense2_,.mp4,2026-03-27,
55,0:15:56,0:16:01,Pass Defense,,FALSE,ClemsonPassDefense.mp4,Pass_Defense2_55.mp4,Pass_Defense2_,.mp4,2026-03-27,
56,0:16:09,0:16:15,Pass Defense,,FALSE,ClemsonPassDefense.mp4,Pass_Defense2_56.mp4,Pass_Defense2_,.mp4,2026-03-27,
57,0:16:24,0:16:32,Pass Defense,,FALSE,ClemsonPassDefense.mp4,Pass_Defense2_57.mp4,Pass_Defense2_,.mp4,2026-03-27,
58,0:16:42,0:16:50,Pass Defense,,FALSE,ClemsonPassDefense.mp4,Pass_Defense2_58.mp4,Pass_Defense2_,.mp4,2026-03-27,
59,0:17:07,0:17:13,Pass Defense,,FALSE,ClemsonPassDefense.mp4,Pass_Defense2_59.mp4,Pass_Defense2_,.mp4,2026-03-27,
60,0:17:28,0:17:33,Pass Defense,,FALSE,ClemsonPassDefense.mp4,Pass_Defense2_60.mp4,Pass_Defense2_,.mp4,2026-03-27,
61,0:17:44,0:17:49,Pass Defense,,FALSE,ClemsonPassDefense.mp4,Pass_Defense2_61.mp4,Pass_Defense2_,.mp4,2026-03-27,
62,0:17:57,0:18:03,Pass Defense,,FALSE,ClemsonPassDefense.mp4,Pass_Defense2_62.mp4,Pass_Defense2_,.mp4,2026-03-27,
63,0:18:16,0:18:21,Pass Defense,,FALSE,ClemsonPassDefense.mp4,Pass_Defense2_63.mp4,Pass_Defense2_,.mp4,2026-03-27,
64,0:18:32,0:18:37,Pass Defense,,FALSE,ClemsonPassDefense.mp4,Pass_Defense2_64.mp4,Pass_Defense2_,.mp4,2026-03-27,
65,0:18:49,0:18:56,Pass Defense,,FALSE,ClemsonPassDefense.mp4,Pass_Defense2_65.mp4,Pass_Defense2_,.mp4,2026-03-27,
66,0:19:06,0:19:14,Pass Defense,,FALSE,ClemsonPassDefense.mp4,Pass_Defense2_66.mp4,Pass_Defense2_,.mp4,2026-03-27,
67,0:19:26,0:19:32,Pass Defense,,FALSE,ClemsonPassDefense.mp4,Pass_Defense2_67.mp4,Pass_Defense2_,.mp4,2026-03-27,
68,0:19:42,0:19:49,Pass Defense,,FALSE,ClemsonPassDefense.mp4,Pass_Defense2_68.mp4,Pass_Defense2_,.mp4,2026-03-27,
69,0:20:00,0:20:08,Pass Defense,,FALSE,ClemsonPassDefense.mp4,Pass_Defense2_69.mp4,Pass_Defense2_,.mp4,2026-03-27,
70,0:20:16,0:20:23,Pass Defense,,FALSE,ClemsonPassDefense.mp4,Pass_Defense2_70.mp4,Pass_Defense2_,.mp4,2026-03-27,
71,0:20:34,0:20:40,Pass Defense,,FALSE,ClemsonPassDefense.mp4,Pass_Defense2_71.mp4,Pass_Defense2_,.mp4,2026-03-27,
72,0:20:50,0:20:55,Pass Defense,,FALSE,ClemsonPassDefense.mp4,Pass_Defense2_72.mp4,Pass_Defense2_,.mp4,2026-03-27,
73,0:21:08,0:21:14,Pass Defense,,FALSE,ClemsonPassDefense.mp4,Pass_Defense2_73.mp4,Pass_Defense2_,.mp4,2026-03-27,
74,0:21:26,0:21:32,Pass Defense,,FALSE,ClemsonPassDefense.mp4,Pass_Defense2_74.mp4,Pass_Defense2_,.mp4,2026-03-27,
75,0:21:44,0:21:56,Pass Defense,,FALSE,ClemsonPassDefense.mp4,Pass_Defense2_75.mp4,Pass_Defense2_,.mp4,2026-03-27,
76,0:22:08,0:22:18,Pass Defense,,FALSE,ClemsonPassDefense.mp4,Pass_Defense2_76.mp4,Pass_Defense2_,.mp4,2026-03-27,
77,0:22:35,0:22:41,Pass Defense,,FALSE,ClemsonPassDefense.mp4,Pass_Defense2_77.mp4,Pass_Defense2_,.mp4,2026-03-27,
78,0:22:50,0:22:58,Pass Defense,,FALSE,ClemsonPassDefense.mp4,Pass_Defense2_78.mp4,Pass_Defense2_,.mp4,2026-03-27,
79,0:23:07,0:23:15,Pass Defense,,FALSE,ClemsonPassDefense.mp4,Pass_Defense2_79.mp4,Pass_Defense2_,.mp4,2026-03-27,
80,0:23:25,0:23:33,Pass Defense,,FALSE,ClemsonPassDefense.mp4,Pass_Defense2_80.mp4,Pass_Defense2_,.mp4,2026-03-27,
81,0:23:45,0:23:52,Pass Defense,,FALSE,ClemsonPassDefense.mp4,Pass_Defense2_81.mp4,Pass_Defense2_,.mp4,2026-03-27,
82,0:24:02,0:24:09,Pass Defense,,FALSE,ClemsonPassDefense.mp4,Pass_Defense2_82.mp4,Pass_Defense2_,.mp4,2026-03-27,
83,0:24:20,0:24:27,Pass Defense,,FALSE,ClemsonPassDefense.mp4,Pass_Defense2_83.mp4,Pass_Defense2_,.mp4,2026-03-27,
84,0:24:23,0:24:51,Pass Defense,,FALSE,ClemsonPassDefense.mp4,Pass_Defense2_84.mp4,Pass_Defense2_,.mp4,2026-03-27,
85,0:25:04,0:25:13,Pass Defense,,FALSE,ClemsonPassDefense.mp4,Pass_Defense2_85.mp4,Pass_Defense2_,.mp4,2026-03-27,
86,0:25:24,0:25:31,Pass Defense,,FALSE,ClemsonPassDefense.mp4,Pass_Defense2_86.mp4,Pass_Defense2_,.mp4,2026-03-27,
87,0:25:43,0:25:48,Pass Defense,,FALSE,ClemsonPassDefense.mp4,Pass_Defense2_87.mp4,Pass_Defense2_,.mp4,2026-03-27,
88,0:26:02,0:26:10,Pass Defense,,FALSE,ClemsonPassDefense.mp4,Pass_Defense2_88.mp4,Pass_Defense2_,.mp4,2026-03-27,
89,0:26:22,0:26:29,Pass Defense,,FALSE,ClemsonPassDefense.mp4,Pass_Defense2_89.mp4,Pass_Defense2_,.mp4,2026-03-27,
90,0:26:42,0:26:48,Pass Defense,,FALSE,ClemsonPassDefense.mp4,Pass_Defense2_90.mp4,Pass_Defense2_,.mp4,2026-03-27,
91,0:26:57,0:27:01,Pass Defense,,FALSE,ClemsonPassDefense.mp4,Pass_Defense2_91.mp4,Pass_Defense2_,.mp4,2026-03-27,
92,0:27:14,0:27:18,Pass Defense,,FALSE,ClemsonPassDefense.mp4,Pass_Defense2_92.mp4,Pass_Defense2_,.mp4,2026-03-27,
93,0:27:26,0:27:32,Pass Defense,,FALSE,ClemsonPassDefense.mp4,Pass_Defense2_93.mp4,Pass_Defense2_,.mp4,2026-03-27,
94,0:27:42,0:27:49,Pass Defense,,FALSE,ClemsonPassDefense.mp4,Pass_Defense2_94.mp4,Pass_Defense2_,.mp4,2026-03-27,
95,0:27:56,0:28:04,Pass Defense,,FALSE,ClemsonPassDefense.mp4,Pass_Defense2_95.mp4,Pass_Defense2_,.mp4,2026-03-27,
96,0:28:14,0:28:19,Pass Defense,,FALSE,ClemsonPassDefense.mp4,Pass_Defense2_96.mp4,Pass_Defense2_,.mp4,2026-03-27,
97,0:28:28,0:28:33,Pass Defense,,FALSE,ClemsonPassDefense.mp4,Pass_Defense2_97.mp4,Pass_Defense2_,.mp4,2026-03-27,
98,0:28:43,0:28:49,Pass Defense,,FALSE,ClemsonPassDefense.mp4,Pass_Defense2_98.mp4,Pass_Defense2_,.mp4,2026-03-27,
99,0:28:57,0:29:02,Pass Defense,,FALSE,ClemsonPassDefense.mp4,Pass_Defense2_99.mp4,Pass_Defense2_,.mp4,2026-03-27,
100,0:29:13,0:29:20,Pass Defense,,FALSE,ClemsonPassDefense.mp4,Pass_Defense2_100.mp4,Pass_Defense2_,.mp4,2026-03-27,
101,0:29:31,0:29:36,Pass Defense,,FALSE,ClemsonPassDefense.mp4,Pass_Defense2_101.mp4,Pass_Defense2_,.mp4,2026-03-27,
102,0:29:45,0:29:52,Pass Defense,,FALSE,ClemsonPassDefense.mp4,Pass_Defense2_102.mp4,Pass_Defense2_,.mp4,2026-03-27,
103,0:30:03,0:30:07,Pass Defense,,FALSE,ClemsonPassDefense.mp4,Pass_Defense2_103.mp4,Pass_Defense2_,.mp4,2026-03-27,
104,0:30:23,0:30:30,Pass Defense,,FALSE,ClemsonPassDefense.mp4,Pass_Defense2_104.mp4,Pass_Defense2_,.mp4,2026-03-27,
105,0:30:42,0:30:46,Pass Defense,,FALSE,ClemsonPassDefense.mp4,Pass_Defense2_105.mp4,Pass_Defense2_,.mp4,2026-03-27,
106,0:30:58,0:31:01,Pass Defense,,FALSE,ClemsonPassDefense.mp4,Pass_Defense2_106.mp4,Pass_Defense2_,.mp4,2026-03-27,
107,0:31:08,0:31:11,Pass Defense,,FALSE,ClemsonPassDefense.mp4,Pass_Defense2_107.mp4,Pass_Defense2_,.mp4,2026-03-27,
108,0:31:21,0:31:28,Pass Defense,,FALSE,ClemsonPassDefense.mp4,Pass_Defense2_108.mp4,Pass_Defense2_,.mp4,2026-03-27,
109,0:31:36,0:31:43,Pass Defense,,FALSE,ClemsonPassDefense.mp4,Pass_Defense2_109.mp4,Pass_Defense2_,.mp4,2026-03-27,
110,0:31:53,0:31:58,Pass Defense,,FALSE,ClemsonPassDefense.mp4,Pass_Defense2_110.mp4,Pass_Defense2_,.mp4,2026-03-27,
111,0:32:09,0:32:14,Pass Defense,,FALSE,ClemsonPassDefense.mp4,Pass_Defense2_111.mp4,Pass_Defense2_,.mp4,2026-03-27,
112,0:32:24,0:32:32,Pass Defense,,FALSE,ClemsonPassDefense.mp4,Pass_Defense2_112.mp4,Pass_Defense2_,.mp4,2026-03-27,
113,0:32:40,0:32:48,Pass Defense,,FALSE,ClemsonPassDefense.mp4,Pass_Defense2_113.mp4,Pass_Defense2_,.mp4,2026-03-27,
114,0:32:56,0:33:06,Pass Defense,,FALSE,ClemsonPassDefense.mp4,Pass_Defense2_114.mp4,Pass_Defense2_,.mp4,2026-03-27,
115,0:33:18,0:33:25,Pass Defense,,FALSE,ClemsonPassDefense.mp4,Pass_Defense2_115.mp4,Pass_Defense2_,.mp4,2026-03-27,
116,0:33:36,0:33:42,Pass Defense,,FALSE,ClemsonPassDefense.mp4,Pass_Defense2_116.mp4,Pass_Defense2_,.mp4,2026-03-27,
117,0:33:51,0:33:56,Pass Defense,,FALSE,ClemsonPassDefense.mp4,Pass_Defense2_117.mp4,Pass_Defense2_,.mp4,2026-03-27,
118,0:34:07,0:34:13,Pass Defense,,FALSE,ClemsonPassDefense.mp4,Pass_Defense2_118.mp4,Pass_Defense2_,.mp4,2026-03-27,
119,0:34:22,0:34:28,Pass Defense,,FALSE,ClemsonPassDefense.mp4,Pass_Defense2_119.mp4,Pass_Defense2_,.mp4,2026-03-27,
120,0:34:40,0:34:46,Pass Defense,,FALSE,ClemsonPassDefense.mp4,Pass_Defense2_120.mp4,Pass_Defense2_,.mp4,2026-03-27,
121,0:34:58,0:35:03,Pass Defense,,FALSE,ClemsonPassDefense.mp4,Pass_Defense2_121.mp4,Pass_Defense2_,.mp4,2026-03-27,
122,0:35:15,0:35:21,Pass Defense,,FALSE,ClemsonPassDefense.mp4,Pass_Defense2_122.mp4,Pass_Defense2_,.mp4,2026-03-27,
123,0:35:35,0:35:41,Pass Defense,,FALSE,ClemsonPassDefense.mp4,Pass_Defense2_123.mp4,Pass_Defense2_,.mp4,2026-03-27,
124,0:36:00,0:36:05,Pass Defense,,FALSE,ClemsonPassDefense.mp4,Pass_Defense2_124.mp4,Pass_Defense2_,.mp4,2026-03-27,
125,0:36:23,0:36:27,Pass Defense,,FALSE,ClemsonPassDefense.mp4,Pass_Defense2_125.mp4,Pass_Defense2_,.mp4,2026-03-27,
126,0:36:37,0:36:42,Pass Defense,,FALSE,ClemsonPassDefense.mp4,Pass_Defense2_126.mp4,Pass_Defense2_,.mp4,2026-03-27,
127,0:36:52,0:36:57,Pass Defense,,FALSE,ClemsonPassDefense.mp4,Pass_Defense2_127.mp4,Pass_Defense2_,.mp4,2026-03-27,
128,0:37:10,0:37:16,Pass Defense,,FALSE,ClemsonPassDefense.mp4,Pass_Defense2_128.mp4,Pass_Defense2_,.mp4,2026-03-27,
129,0:37:24,0:37:33,Pass Defense,,FALSE,ClemsonPassDefense.mp4,Pass_Defense2_129.mp4,Pass_Defense2_,.mp4,2026-03-27,
130,0:37:42,0:37:50,Pass Defense,,FALSE,ClemsonPassDefense.mp4,Pass_Defense2_130.mp4,Pass_Defense2_,.mp4,2026-03-27,
131,0:37:59,0:38:07,Pass Defense,,FALSE,ClemsonPassDefense.mp4,Pass_Defense2_131.mp4,Pass_Defense2_,.mp4,2026-03-27,
132,0:38:17,0:38:26,Pass Defense,,FALSE,ClemsonPassDefense.mp4,Pass_Defense2_132.mp4,Pass_Defense2_,.mp4,2026-03-27,
133,0:38:36,0:38:45,Pass Defense,,FALSE,ClemsonPassDefense.mp4,Pass_Defense2_133.mp4,Pass_Defense2_,.mp4,2026-03-27,
134,0:38:55,0:39:04,Pass Defense,,FALSE,ClemsonPassDefense.mp4,Pass_Defense2_134.mp4,Pass_Defense2_,.mp4,2026-03-27,
135,0:39:13,0:39:21,Pass Defense,,FALSE,ClemsonPassDefense.mp4,Pass_Defense2_135.mp4,Pass_Defense2_,.mp4,2026-03-27,
136,0:39:33,0:39:40,Pass Defense,,FALSE,ClemsonPassDefense.mp4,Pass_Defense2_136.mp4,Pass_Defense2_,.mp4,2026-03-27,
137,0:39:50,0:39:54,Pass Defense,,FALSE,ClemsonPassDefense.mp4,Pass_Defense2_137.mp4,Pass_Defense2_,.mp4,2026-03-27,
138,0:40:06,0:40:13,Pass Defense,,FALSE,ClemsonPassDefense.mp4,Pass_Defense2_138.mp4,Pass_Defense2_,.mp4,2026-03-27,
139,0:40:20,0:40:26,Pass Defense,,FALSE,ClemsonPassDefense.mp4,Pass_Defense2_139.mp4,Pass_Defense2_,.mp4,2026-03-27,
140,0:40:36,0:40:41,Pass Defense,,FALSE,ClemsonPassDefense.mp4,Pass_Defense2_140.mp4,Pass_Defense2_,.mp4,2026-03-27,
141,0:40:51,0:40:55,Pass Defense,,FALSE,ClemsonPassDefense.mp4,Pass_Defense2_141.mp4,Pass_Defense2_,.mp4,2026-03-27,
142,0:41:04,0:41:13,Pass Defense,,FALSE,ClemsonPassDefense.mp4,Pass_Defense2_142.mp4,Pass_Defense2_,.mp4,2026-03-27,
143,0:41:23,0:41:30,Pass Defense,,FALSE,ClemsonPassDefense.mp4,Pass_Defense2_143.mp4,Pass_Defense2_,.mp4,2026-03-27,
144,0:41:40,0:41:47,Pass Defense,,FALSE,ClemsonPassDefense.mp4,Pass_Defense2_144.mp4,Pass_Defense2_,.mp4,2026-03-27,
145,0:41:57,0:42:03,Pass Defense,,FALSE,ClemsonPassDefense.mp4,Pass_Defense2_145.mp4,Pass_Defense2_,.mp4,2026-03-27,
146,0:42:16,0:42:22,Pass Defense,,FALSE,ClemsonPassDefense.mp4,Pass_Defense2_146.mp4,Pass_Defense2_,.mp4,2026-03-27,
147,0:42:33,0:42:40,Pass Defense,,FALSE,ClemsonPassDefense.mp4,Pass_Defense2_147.mp4,Pass_Defense2_,.mp4,2026-03-27,
148,0:42:52,0:42:59,Pass Defense,,FALSE,ClemsonPassDefense.mp4,Pass_Defense2_148.mp4,Pass_Defense2_,.mp4,2026-03-27,
149,0:43:09,0:43:18,Pass Defense,,FALSE,ClemsonPassDefense.mp4,Pass_Defense2_149.mp4,Pass_Defense2_,.mp4,2026-03-27,
150,0:43:31,0:43:37,Pass Defense,,FALSE,ClemsonPassDefense.mp4,Pass_Defense2_150.mp4,Pass_Defense2_,.mp4,2026-03-27,
151,0:43:46,0:43:52,Pass Defense,,FALSE,ClemsonPassDefense.mp4,Pass_Defense2_151.mp4,Pass_Defense2_,.mp4,2026-03-27,
152,0:44:04,0:44:11,Pass Defense,,FALSE,ClemsonPassDefense.mp4,Pass_Defense2_152.mp4,Pass_Defense2_,.mp4,2026-03-27,
153,0:44:23,0:44:28,Pass Defense,,FALSE,ClemsonPassDefense.mp4,Pass_Defense2_153.mp4,Pass_Defense2_,.mp4,2026-03-27,
154,0:44:40,0:44:48,Pass Defense,,FALSE,ClemsonPassDefense.mp4,Pass_Defense2_154.mp4,Pass_Defense2_,.mp4,2026-03-27,
155,0:44:47,0:45:04,Pass Defense,,FALSE,ClemsonPassDefense.mp4,Pass_Defense2_155.mp4,Pass_Defense2_,.mp4,2026-03-27,
156,0:45:14,0:45:23,Pass Defense,,FALSE,ClemsonPassDefense.mp4,Pass_Defense2_156.mp4,Pass_Defense2_,.mp4,2026-03-27,
157,0:45:32,0:45:41,Pass Defense,,FALSE,ClemsonPassDefense.mp4,Pass_Defense2_157.mp4,Pass_Defense2_,.mp4,2026-03-27,
158,0:45:53,0:46:01,Pass Defense,,FALSE,ClemsonPassDefense.mp4,Pass_Defense2_158.mp4,Pass_Defense2_,.mp4,2026-03-27,
159,0:46:13,0:46:22,Pass Defense,,FALSE,ClemsonPassDefense.mp4,Pass_Defense2_159.mp4,Pass_Defense2_,.mp4,2026-03-27,
160,0:46:35,0:46:43,Pass Defense,,FALSE,ClemsonPassDefense.mp4,Pass_Defense2_160.mp4,Pass_Defense2_,.mp4,2026-03-27,
161,0:46:55,0:47:02,Pass Defense,,FALSE,ClemsonPassDefense.mp4,Pass_Defense2_161.mp4,Pass_Defense2_,.mp4,2026-03-27,
162,0:47:11,0:47:19,Pass Defense,,FALSE,ClemsonPassDefense.mp4,Pass_Defense2_162.mp4,Pass_Defense2_,.mp4,2026-03-27,
163,0:47:28,0:47:35,Pass Defense,,FALSE,ClemsonPassDefense.mp4,Pass_Defense2_163.mp4,Pass_Defense2_,.mp4,2026-03-27,
164,0:47:45,0:47:54,Pass Defense,,FALSE,ClemsonPassDefense.mp4,Pass_Defense2_164.mp4,Pass_Defense2_,.mp4,2026-03-27,
165,0:48:03,0:48:11,Pass Defense,,FALSE,ClemsonPassDefense.mp4,Pass_Defense2_165.mp4,Pass_Defense2_,.mp4,2026-03-27,
166,0:48:21,0:48:26,Pass Defense,,FALSE,ClemsonPassDefense.mp4,Pass_Defense2_166.mp4,Pass_Defense2_,.mp4,2026-03-27,
167,0:48:34,0:48:39,Pass Defense,,FALSE,ClemsonPassDefense.mp4,Pass_Defense2_167.mp4,Pass_Defense2_,.mp4,2026-03-27,
168,0:48:54,0:49:03,Pass Defense,,FALSE,ClemsonPassDefense.mp4,Pass_Defense2_168.mp4,Pass_Defense2_,.mp4,2026-03-27,
169,0:49:18,0:49:27,Pass Defense,,FALSE,ClemsonPassDefense.mp4,Pass_Defense2_169.mp4,Pass_Defense2_,.mp4,2026-03-27,
170,0:49:23,0:49:49,Pass Defense,,FALSE,ClemsonPassDefense.mp4,Pass_Defense2_170.mp4,Pass_Defense2_,.mp4,2026-03-27,
171,0:50:04,0:50:10,Pass Defense,,FALSE,ClemsonPassDefense.mp4,Pass_Defense2_171.mp4,Pass_Defense2_,.mp4,2026-03-27,
172,0:50:24,0:50:31,Pass Defense,,FALSE,ClemsonPassDefense.mp4,Pass_Defense2_172.mp4,Pass_Defense2_,.mp4,2026-03-27,
173,0:50:44,0:50:52,Pass Defense,,FALSE,ClemsonPassDefense.mp4,Pass_Defense2_173.mp4,Pass_Defense2_,.mp4,2026-03-27,
174,0:51:04,0:51:11,Pass Defense,,FALSE,ClemsonPassDefense.mp4,Pass_Defense2_174.mp4,Pass_Defense2_,.mp4,2026-03-27,
175,0:51:23,0:51:29,Pass Defense,,FALSE,ClemsonPassDefense.mp4,Pass_Defense2_175.mp4,Pass_Defense2_,.mp4,2026-03-27,
176,0:51:43,0:51:53,Pass Defense,,FALSE,ClemsonPassDefense.mp4,Pass_Defense2_176.mp4,Pass_Defense2_,.mp4,2026-03-27,
177,0:52:04,0:52:13,Pass Defense,,FALSE,ClemsonPassDefense.mp4,Pass_Defense2_177.mp4,Pass_Defense2_,.mp4,2026-03-27,
178,0:52:27,0:52:37,Pass Defense,,FALSE,ClemsonPassDefense.mp4,Pass_Defense2_178.mp4,Pass_Defense2_,.mp4,2026-03-27,
179,0:52:46,0:52:55,Pass Defense,,FALSE,ClemsonPassDefense.mp4,Pass_Defense2_179.mp4,Pass_Defense2_,.mp4,2026-03-27,
180,0:53:07,0:53:25,Pass Defense,,FALSE,ClemsonPassDefense.mp4,Pass_Defense2_180.mp4,Pass_Defense2_,.mp4,2026-03-27,
181,0:53:34,0:53:52,Pass Defense,,FALSE,ClemsonPassDefense.mp4,Pass_Defense2_181.mp4,Pass_Defense2_,.mp4,2026-03-27,
182,0:54:01,0:54:09,Pass Defense,,FALSE,ClemsonPassDefense.mp4,Pass_Defense2_182.mp4,Pass_Defense2_,.mp4,2026-03-27,
183,0:54:18,0:54:24,Pass Defense,,FALSE,ClemsonPassDefense.mp4,Pass_Defense2_183.mp4,Pass_Defense2_,.mp4,2026-03-27,
184,0:54:37,0:54:45,Pass Defense,,FALSE,ClemsonPassDefense.mp4,Pass_Defense2_184.mp4,Pass_Defense2_,.mp4,2026-03-27,
185,0:55:00,0:55:11,Pass Defense,,FALSE,ClemsonPassDefense.mp4,Pass_Defense2_185.mp4,Pass_Defense2_,.mp4,2026-03-27,
186,0:55:26,0:55:32,Pass Defense,,FALSE,ClemsonPassDefense.mp4,Pass_Defense2_186.mp4,Pass_Defense2_,.mp4,2026-03-27,
187,0:55:45,0:55:50,Pass Defense,,FALSE,ClemsonPassDefense.mp4,Pass_Defense2_187.mp4,Pass_Defense2_,.mp4,2026-03-27,
188,0:55:59,0:56:05,Pass Defense,,FALSE,ClemsonPassDefense.mp4,Pass_Defense2_188.mp4,Pass_Defense2_,.mp4,2026-03-27,
189,0:56:15,0:56:21,Pass Defense,,FALSE,ClemsonPassDefense.mp4,Pass_Defense2_189.mp4,Pass_Defense2_,.mp4,2026-03-27,
190,0:56:30,0:56:38,Pass Defense,,FALSE,ClemsonPassDefense.mp4,Pass_Defense2_190.mp4,Pass_Defense2_,.mp4,2026-03-27,
191,0:56:46,0:56:53,Pass Defense,,FALSE,ClemsonPassDefense.mp4,Pass_Defense2_191.mp4,Pass_Defense2_,.mp4,2026-03-27,
192,0:57:00,0:57:08,Pass Defense,,FALSE,ClemsonPassDefense.mp4,Pass_Defense2_192.mp4,Pass_Defense2_,.mp4,2026-03-27,
193,0:57:16,0:57:23,Pass Defense,,FALSE,ClemsonPassDefense.mp4,Pass_Defense2_193.mp4,Pass_Defense2_,.mp4,2026-03-27,
194,0:57:31,0:57:41,Pass Defense,,FALSE,ClemsonPassDefense.mp4,Pass_Defense2_194.mp4,Pass_Defense2_,.mp4,2026-03-27,
195,0:57:51,0:58:01,Pass Defense,,FALSE,ClemsonPassDefense.mp4,Pass_Defense2_195.mp4,Pass_Defense2_,.mp4,2026-03-27,
196,0:58:11,0:58:18,Pass Defense,,FALSE,ClemsonPassDefense.mp4,Pass_Defense2_196.mp4,Pass_Defense2_,.mp4,2026-03-27,
197,0:58:28,0:58:35,Pass Defense,,FALSE,ClemsonPassDefense.mp4,Pass_Defense2_197.mp4,Pass_Defense2_,.mp4,2026-03-27,
198,0:58:45,0:58:56,Pass Defense,,FALSE,ClemsonPassDefense.mp4,Pass_Defense2_198.mp4,Pass_Defense2_,.mp4,2026-03-27,
199,0:59:06,0:59:15,Pass Defense,,FALSE,ClemsonPassDefense.mp4,Pass_Defense2_199.mp4,Pass_Defense2_,.mp4,2026-03-27,
200,0:59:25,0:59:30,Pass Defense,,FALSE,ClemsonPassDefense.mp4,Pass_Defense2_200.mp4,Pass_Defense2_,.mp4,2026-03-27,
201,0:59:39,0:59:44,Pass Defense,,FALSE,ClemsonPassDefense.mp4,Pass_Defense2_201.mp4,Pass_Defense2_,.mp4,2026-03-27,
202,0:59:53,0:59:58,Pass Defense,,FALSE,ClemsonPassDefense.mp4,Pass_Defense2_202.mp4,Pass_Defense2_,.mp4,2026-03-27,
203,1:00:02,1:00:09,Pass Defense,,FALSE,ClemsonPassDefense.mp4,Pass_Defense2_203.mp4,Pass_Defense2_,.mp4,2026-03-27,
204,1:00:22,1:00:27,Pass Defense,,FALSE,ClemsonPassDefense.mp4,Pass_Defense2_204.mp4,Pass_Defense2_,.mp4,2026-03-27,
205,1:00:35,1:00:41,Pass Defense,,FALSE,ClemsonPassDefense.mp4,Pass_Defense2_205.mp4,Pass_Defense2_,.mp4,2026-03-27,
206,1:00:51,1:00:57,Pass Defense,,FALSE,ClemsonPassDefense.mp4,Pass_Defense2_206.mp4,Pass_Defense2_,.mp4,2026-03-27,
207,1:01:04,1:01:11,Pass Defense,,FALSE,ClemsonPassDefense.mp4,Pass_Defense2_207.mp4,Pass_Defense2_,.mp4,2026-03-27,
208,1:01:25,1:01:33,Pass Defense,,FALSE,ClemsonPassDefense.mp4,Pass_Defense2_208.mp4,Pass_Defense2_,.mp4,2026-03-27,
209,1:01:44,1:01:51,Pass Defense,,FALSE,ClemsonPassDefense.mp4,Pass_Defense2_209.mp4,Pass_Defense2_,.mp4,2026-03-27,
210,1:01:57,1:02:04,Pass Defense,,FALSE,ClemsonPassDefense.mp4,Pass_Defense2_210.mp4,Pass_Defense2_,.mp4,2026-03-27,
211,1:02:08,1:02:14,Pass Defense,,FALSE,ClemsonPassDefense.mp4,Pass_Defense2_211.mp4,Pass_Defense2_,.mp4,2026-03-27,
212,1:02:27,1:02:32,Pass Defense,,FALSE,ClemsonPassDefense.mp4,Pass_Defense2_212.mp4,Pass_Defense2_,.mp4,2026-03-27,
213,1:02:41,1:02:46,Pass Defense,,FALSE,ClemsonPassDefense.mp4,Pass_Defense2_213.mp4,Pass_Defense2_,.mp4,2026-03-27,
214,1:02:57,1:03:02,Pass Defense,,FALSE,ClemsonPassDefense.mp4,Pass_Defense2_214.mp4,Pass_Defense2_,.mp4,2026-03-27,
215,1:03:16,1:03:20,Pass Defense,,FALSE,ClemsonPassDefense.mp4,Pass_Defense2_215.mp4,Pass_Defense2_,.mp4,2026-03-27,
217,1:03:39,1:03:48,Pass Defense,,FALSE,ClemsonPassDefense.mp4,Pass_Defense2_217.mp4,Pass_Defense2_,.mp4,2026-03-27,
218,1:03:55,1:04:02,Pass Defense,,FALSE,ClemsonPassDefense.mp4,Pass_Defense2_218.mp4,Pass_Defense2_,.mp4,2026-03-27,
219,1:04:13,1:04:19,Pass Defense,,FALSE,ClemsonPassDefense.mp4,Pass_Defense2_219.mp4,Pass_Defense2_,.mp4,2026-03-27,
220,1:04:24,1:04:32,Pass Defense,,FALSE,ClemsonPassDefense.mp4,Pass_Defense2_220.mp4,Pass_Defense2_,.mp4,2026-03-27,
221,1:04:42,1:04:48,Pass Defense,,FALSE,ClemsonPassDefense.mp4,Pass_Defense2_221.mp4,Pass_Defense2_,.mp4,2026-03-27,
222,1:04:53,1:05:01,Pass Defense,,FALSE,ClemsonPassDefense.mp4,Pass_Defense2_222.mp4,Pass_Defense2_,.mp4,2026-03-27,
223,1:05:11,1:05:18,Pass Defense,,FALSE,ClemsonPassDefense.mp4,Pass_Defense2_223.mp4,Pass_Defense2_,.mp4,2026-03-27,
224,1:05:34,1:05:39,Pass Defense,,FALSE,ClemsonPassDefense.mp4,Pass_Defense2_224.mp4,Pass_Defense2_,.mp4,2026-03-27,
225,1:05:57,1:06:02,Pass Defense,,FALSE,ClemsonPassDefense.mp4,Pass_Defense2_225.mp4,Pass_Defense2_,.mp4,2026-03-27,
226,1:06:17,1:06:22,Pass Defense,,FALSE,ClemsonPassDefense.mp4,Pass_Defense2_226.mp4,Pass_Defense2_,.mp4,2026-03-27,
227,1:06:38,1:06:43,Pass Defense,,FALSE,ClemsonPassDefense.mp4,Pass_Defense2_227.mp4,Pass_Defense2_,.mp4,2026-03-27,
228,1:06:58,1:07:03,Pass Defense,,FALSE,ClemsonPassDefense.mp4,Pass_Defense2_228.mp4,Pass_Defense2_,.mp4,2026-03-27,
229,1:07:18,1:07:22,Pass Defense,,FALSE,ClemsonPassDefense.mp4,Pass_Defense2_229.mp4,Pass_Defense2_,.mp4,2026-03-27,
230,1:07:35,1:07:41,Pass Defense,,FALSE,ClemsonPassDefense.mp4,Pass_Defense2_230.mp4,Pass_Defense2_,.mp4,2026-03-27,
231,1:07:54,1:08:00,Pass Defense,,FALSE,ClemsonPassDefense.mp4,Pass_Defense2_231.mp4,Pass_Defense2_,.mp4,2026-03-27,
1,0:00:01,0:00:09,Run,S,FALSE,SplitZone.mp4,SplitZone_1.mp4,SplitZone_,.mp4,2026-03-27,
2,0:00:13,0:00:20,Run,E,FALSE,SplitZone.mp4,SplitZone_2.mp4,SplitZone_,.mp4,2026-03-27,
3,0:00:24,0:00:33,Run,S,FALSE,SplitZone.mp4,SplitZone_3.mp4,SplitZone_,.mp4,2026-03-27,
4,0:00:37,0:00:47,Run,E,FALSE,SplitZone.mp4,SplitZone_4.mp4,SplitZone_,.mp4,2026-03-27,
5,0:00:53,0:01:08,Run,S,FALSE,SplitZone.mp4,SplitZone_5.mp4,SplitZone_,.mp4,2026-03-27,
6,0:01:13,0:01:28,Run,E,FALSE,SplitZone.mp4,SplitZone_6.mp4,SplitZone_,.mp4,2026-03-27,
7,0:01:35,0:01:45,Run,S,FALSE,SplitZone.mp4,SplitZone_7.mp4,SplitZone_,.mp4,2026-03-27,
8,0:01:50,0:02:01,Run,E,FALSE,SplitZone.mp4,SplitZone_8.mp4,SplitZone_,.mp4,2026-03-27,
9,0:02:10,0:02:20,Run,S,FALSE,SplitZone.mp4,SplitZone_9.mp4,SplitZone_,.mp4,2026-03-27,
10,0:02:26,0:02:36,Run,E,FALSE,SplitZone.mp4,SplitZone_10.mp4,SplitZone_,.mp4,2026-03-27,
11,0:02:45,0:03:01,Run,S,FALSE,SplitZone.mp4,SplitZone_11.mp4,SplitZone_,.mp4,2026-03-27,
12,0:03:06,0:03:21,Run,E,FALSE,SplitZone.mp4,SplitZone_12.mp4,SplitZone_,.mp4,2026-03-27,
13,0:03:29,0:03:38,Run,S,FALSE,SplitZone.mp4,SplitZone_13.mp4,SplitZone_,.mp4,2026-03-27,
14,0:03:40,0:03:50,Run,E,FALSE,SplitZone.mp4,SplitZone_14.mp4,SplitZone_,.mp4,2026-03-27,
15,0:03:58,0:04:10,Run,S,FALSE,SplitZone.mp4,SplitZone_15.mp4,SplitZone_,.mp4,2026-03-27,
16,0:04:19,0:04:32,Run,E,FALSE,SplitZone.mp4,SplitZone_16.mp4,SplitZone_,.mp4,2026-03-27,
17,0:04:46,0:05:03,Run,S,FALSE,SplitZone.mp4,SplitZone_17.mp4,SplitZone_,.mp4,2026-03-27,
18,0:05:08,0:05:25,Run,E,FALSE,SplitZone.mp4,SplitZone_18.mp4,SplitZone_,.mp4,2026-03-27,
19,0:05:38,0:06:01,Run,S,FALSE,SplitZone.mp4,SplitZone_19.mp4,SplitZone_,.mp4,2026-03-27,
20,0:06:05,0:06:19,Run,E,FALSE,SplitZone.mp4,SplitZone_20.mp4,SplitZone_,.mp4,2026-03-27,
21,0:06:27,0:06:41,Run,S,FALSE,SplitZone.mp4,SplitZone_21.mp4,SplitZone_,.mp4,2026-03-27,
22,0:06:45,0:06:59,Run,E,FALSE,SplitZone.mp4,SplitZone_22.mp4,SplitZone_,.mp4,2026-03-27,
23,0:07:05,0:07:13,Run,S,FALSE,SplitZone.mp4,SplitZone_23.mp4,SplitZone_,.mp4,2026-03-27,
24,0:07:16,0:07:23,Run,E,FALSE,SplitZone.mp4,SplitZone_24.mp4,SplitZone_,.mp4,2026-03-27,
25,0:07:29,0:07:41,Run,S,FALSE,SplitZone.mp4,SplitZone_25.mp4,SplitZone_,.mp4,2026-03-27,
26,0:07:46,0:07:58,Run,E,FALSE,SplitZone.mp4,SplitZone_26.mp4,SplitZone_,.mp4,2026-03-27,
27,0:08:07,0:08:25,Run,S,FALSE,SplitZone.mp4,SplitZone_27.mp4,SplitZone_,.mp4,2026-03-27,
28,0:08:33,0:08:50,Run,E,FALSE,SplitZone.mp4,SplitZone_28.mp4,SplitZone_,.mp4,2026-03-27,
29,0:08:59,0:09:12,Run,S,FALSE,SplitZone.mp4,SplitZone_29.mp4,SplitZone_,.mp4,2026-03-27,
30,0:09:17,0:09:26,Run,E,FALSE,SplitZone.mp4,SplitZone_30.mp4,SplitZone_,.mp4,2026-03-27,
31,0:09:33,0:09:50,Run,S,FALSE,SplitZone.mp4,SplitZone_31.mp4,SplitZone_,.mp4,2026-03-27,
32,0:09:57,0:10:12,Run,E,FALSE,SplitZone.mp4,SplitZone_32.mp4,SplitZone_,.mp4,2026-03-27,
33,0:10:23,0:10:39,Run,S,FALSE,SplitZone.mp4,SplitZone_33.mp4,SplitZone_,.mp4,2026-03-27,
34,0:10:43,0:10:57,Run,E,FALSE,SplitZone.mp4,SplitZone_34.mp4,SplitZone_,.mp4,2026-03-27,
35,0:11:04,0:11:19,Run,S,FALSE,SplitZone.mp4,SplitZone_35.mp4,SplitZone_,.mp4,2026-03-27,
36,0:11:23,0:11:38,Run,E,FALSE,SplitZone.mp4,SplitZone_36.mp4,SplitZone_,.mp4,2026-03-27,
37,0:11:46,0:11:54,Run,S,FALSE,SplitZone.mp4,SplitZone_37.mp4,SplitZone_,.mp4,2026-03-27,
38,0:11:59,0:12:09,Run,E,FALSE,SplitZone.mp4,SplitZone_38.mp4,SplitZone_,.mp4,2026-03-27,
39,0:12:17,0:12:28,Run,S,FALSE,SplitZone.mp4,SplitZone_39.mp4,SplitZone_,.mp4,2026-03-27,
40,0:12:35,0:12:46,Run,E,FALSE,SplitZone.mp4,SplitZone_40.mp4,SplitZone_,.mp4,2026-03-27,
41,0:12:53,0:13:02,Run,S,FALSE,SplitZone.mp4,SplitZone_41.mp4,SplitZone_,.mp4,2026-03-27,
42,0:13:05,0:13:14,Run,E,FALSE,SplitZone.mp4,SplitZone_42.mp4,SplitZone_,.mp4,2026-03-27,
43,0:13:21,0:13:32,Run,S,FALSE,SplitZone.mp4,SplitZone_43.mp4,SplitZone_,.mp4,2026-03-27,
44,0:13:36,0:13:45,Run,E,FALSE,SplitZone.mp4,SplitZone_44.mp4,SplitZone_,.mp4,2026-03-27,
45,0:13:51,0:14:00,Run,S,FALSE,SplitZone.mp4,SplitZone_45.mp4,SplitZone_,.mp4,2026-03-27,
46,0:14:03,0:14:11,Run,E,FALSE,SplitZone.mp4,SplitZone_46.mp4,SplitZone_,.mp4,2026-03-27,
47,0:14:18,0:14:32,Run,S,FALSE,SplitZone.mp4,SplitZone_47.mp4,SplitZone_,.mp4,2026-03-27,
48,0:14:37,0:14:51,Run,E,FALSE,SplitZone.mp4,SplitZone_48.mp4,SplitZone_,.mp4,2026-03-27,
49,0:14:58,0:15:08,Run,S,FALSE,SplitZone.mp4,SplitZone_49.mp4,SplitZone_,.mp4,2026-03-27,
50,0:15:13,0:15:24,Run,E,FALSE,SplitZone.mp4,SplitZone_50.mp4,SplitZone_,.mp4,2026-03-27,
51,0:15:31,0:15:42,Run,S,FALSE,SplitZone.mp4,SplitZone_51.mp4,SplitZone_,.mp4,2026-03-27,
52,0:15:46,0:15:58,Run,E,FALSE,SplitZone.mp4,SplitZone_52.mp4,SplitZone_,.mp4,2026-03-27,
53,0:16:07,0:16:17,Run,S,FALSE,SplitZone.mp4,SplitZone_53.mp4,SplitZone_,.mp4,2026-03-27,
54,0:16:22,0:16:31,Run,E,FALSE,SplitZone.mp4,SplitZone_54.mp4,SplitZone_,.mp4,2026-03-27,
55,0:16:38,0:16:57,Run,S,FALSE,SplitZone.mp4,SplitZone_55.mp4,SplitZone_,.mp4,2026-03-27,
56,0:17:01,0:17:20,Run,E,FALSE,SplitZone.mp4,SplitZone_56.mp4,SplitZone_,.mp4,2026-03-27,
57,0:17:28,0:17:38,Run,S,FALSE,SplitZone.mp4,SplitZone_57.mp4,SplitZone_,.mp4,2026-03-27,
58,0:17:40,0:17:51,Run,E,FALSE,SplitZone.mp4,SplitZone_58.mp4,SplitZone_,.mp4,2026-03-27,
59,0:17:59,0:18:16,Run,S,FALSE,SplitZone.mp4,SplitZone_59.mp4,SplitZone_,.mp4,2026-03-27,
60,0:18:19,0:18:33,Run,E,FALSE,SplitZone.mp4,SplitZone_60.mp4,SplitZone_,.mp4,2026-03-27,
61,0:18:40,0:18:52,Run,S,FALSE,SplitZone.mp4,SplitZone_61.mp4,SplitZone_,.mp4,2026-03-27,
62,0:19:01,0:19:13,Run,E,FALSE,SplitZone.mp4,SplitZone_62.mp4,SplitZone_,.mp4,2026-03-27,
63,0:19:21,0:19:35,Run,S,FALSE,SplitZone.mp4,SplitZone_63.mp4,SplitZone_,.mp4,2026-03-27,
64,0:19:49,0:20:02,Run,E,FALSE,SplitZone.mp4,SplitZone_64.mp4,SplitZone_,.mp4,2026-03-27,
65,0:20:12,0:20:24,Run,S,FALSE,SplitZone.mp4,SplitZone_65.mp4,SplitZone_,.mp4,2026-03-27,
66,0:20:30,0:20:42,Run,E,FALSE,SplitZone.mp4,SplitZone_66.mp4,SplitZone_,.mp4,2026-03-27,
67,0:20:48,0:20:59,Run,S,FALSE,SplitZone.mp4,SplitZone_67.mp4,SplitZone_,.mp4,2026-03-27,
68,0:21:06,0:21:22,Run,E,FALSE,SplitZone.mp4,SplitZone_68.mp4,SplitZone_,.mp4,2026-03-27,
69,0:21:30,0:21:39,Run,S,FALSE,SplitZone.mp4,SplitZone_69.mp4,SplitZone_,.mp4,2026-03-27,
70,0:21:42,0:21:50,Run,E,FALSE,SplitZone.mp4,SplitZone_70.mp4,SplitZone_,.mp4,2026-03-27,
71,0:21:57,0:22:10,Run,S,FALSE,SplitZone.mp4,SplitZone_71.mp4,SplitZone_,.mp4,2026-03-27,
72,0:22:13,0:22:29,Run,E,FALSE,SplitZone.mp4,SplitZone_72.mp4,SplitZone_,.mp4,2026-03-27,
73,0:22:35,0:22:45,Run,S,FALSE,SplitZone.mp4,SplitZone_73.mp4,SplitZone_,.mp4,2026-03-27,
74,0:22:47,0:22:56,Run,E,FALSE,SplitZone.mp4,SplitZone_74.mp4,SplitZone_,.mp4,2026-03-27,
75,0:23:01,0:23:11,Run,S,FALSE,SplitZone.mp4,SplitZone_75.mp4,SplitZone_,.mp4,2026-03-27,
76,0:23:16,0:23:30,Run,E,FALSE,SplitZone.mp4,SplitZone_76.mp4,SplitZone_,.mp4,2026-03-27,
77,0:23:38,0:23:50,Run,S,FALSE,SplitZone.mp4,SplitZone_77.mp4,SplitZone_,.mp4,2026-03-27,
78,0:23:56,0:24:12,Run,E,FALSE,SplitZone.mp4,SplitZone_78.mp4,SplitZone_,.mp4,2026-03-27,
79,0:24:19,0:24:36,Run,S,FALSE,SplitZone.mp4,SplitZone_79.mp4,SplitZone_,.mp4,2026-03-27,
80,0:24:39,0:24:57,Run,E,FALSE,SplitZone.mp4,SplitZone_80.mp4,SplitZone_,.mp4,2026-03-27,
81,0:25:04,0:25:19,Run,S,FALSE,SplitZone.mp4,SplitZone_81.mp4,SplitZone_,.mp4,2026-03-27,
82,0:25:23,0:25:39,Run,E,FALSE,SplitZone.mp4,SplitZone_82.mp4,SplitZone_,.mp4,2026-03-27,
83,0:25:44,0:25:54,Run,S,FALSE,SplitZone.mp4,SplitZone_83.mp4,SplitZone_,.mp4,2026-03-27,
84,0:26:00,0:26:12,Run,E,FALSE,SplitZone.mp4,SplitZone_84.mp4,SplitZone_,.mp4,2026-03-27,
85,0:26:18,0:26:31,Run,S,FALSE,SplitZone.mp4,SplitZone_85.mp4,SplitZone_,.mp4,2026-03-27,
86,0:26:37,0:26:47,Run,E,FALSE,SplitZone.mp4,SplitZone_86.mp4,SplitZone_,.mp4,2026-03-27,
87,0:26:57,0:27:10,Run,S,FALSE,SplitZone.mp4,SplitZone_87.mp4,SplitZone_,.mp4,2026-03-27,
88,0:27:14,0:27:23,Run,E,FALSE,SplitZone.mp4,SplitZone_88.mp4,SplitZone_,.mp4,2026-03-27,
89,0:27:31,0:27:46,Run,S,FALSE,SplitZone.mp4,SplitZone_89.mp4,SplitZone_,.mp4,2026-03-27,
90,0:27:51,0:28:08,Run,E,FALSE,SplitZone.mp4,SplitZone_90.mp4,SplitZone_,.mp4,2026-03-27,
91,0:28:15,0:28:23,Run,S,FALSE,SplitZone.mp4,SplitZone_91.mp4,SplitZone_,.mp4,2026-03-27,
92,0:28:27,0:28:38,Run,E,FALSE,SplitZone.mp4,SplitZone_92.mp4,SplitZone_,.mp4,2026-03-27,
93,0:28:44,0:28:52,Run,S,FALSE,SplitZone.mp4,SplitZone_93.mp4,SplitZone_,.mp4,2026-03-27,
94,0:28:56,0:29:04,Run,E,FALSE,SplitZone.mp4,SplitZone_94.mp4,SplitZone_,.mp4,2026-03-27,
95,0:29:11,0:29:21,Run,S,FALSE,SplitZone.mp4,SplitZone_95.mp4,SplitZone_,.mp4,2026-03-27,
96,0:29:26,0:29:35,Run,E,FALSE,SplitZone.mp4,SplitZone_96.mp4,SplitZone_,.mp4,2026-03-27,
97,0:29:43,0:29:55,Run,S,FALSE,SplitZone.mp4,SplitZone_97.mp4,SplitZone_,.mp4,2026-03-27,
98,0:30:00,0:30:11,Run,E,FALSE,SplitZone.mp4,SplitZone_98.mp4,SplitZone_,.mp4,2026-03-27,
99,0:30:21,0:30:35,Run,S,FALSE,SplitZone.mp4,SplitZone_99.mp4,SplitZone_,.mp4,2026-03-27,
100,0:30:39,0:30:53,Run,E,FALSE,SplitZone.mp4,SplitZone_100.mp4,SplitZone_,.mp4,2026-03-27,
101,0:31:00,0:31:24,Run,S,FALSE,SplitZone.mp4,SplitZone_101.mp4,SplitZone_,.mp4,2026-03-27,
102,0:31:28,0:31:51,Run,E,FALSE,SplitZone.mp4,SplitZone_102.mp4,SplitZone_,.mp4,2026-03-27,
103,0:31:57,0:32:12,Run,S,FALSE,SplitZone.mp4,SplitZone_103.mp4,SplitZone_,.mp4,2026-03-27,
104,0:32:18,0:32:27,Run,E,FALSE,SplitZone.mp4,SplitZone_104.mp4,SplitZone_,.mp4,2026-03-27,
105,0:32:35,0:32:43,Run,S,FALSE,SplitZone.mp4,SplitZone_105.mp4,SplitZone_,.mp4,2026-03-27,
106,0:32:48,0:32:56,Run,E,FALSE,SplitZone.mp4,SplitZone_106.mp4,SplitZone_,.mp4,2026-03-27,
107,0:33:03,0:33:13,Run,S,FALSE,SplitZone.mp4,SplitZone_107.mp4,SplitZone_,.mp4,2026-03-27,
108,0:33:17,0:33:26,Run,E,FALSE,SplitZone.mp4,SplitZone_108.mp4,SplitZone_,.mp4,2026-03-27,
109,0:33:34,0:33:45,Run,S,FALSE,SplitZone.mp4,SplitZone_109.mp4,SplitZone_,.mp4,2026-03-27,
110,0:33:50,0:34:04,Run,E,FALSE,SplitZone.mp4,SplitZone_110.mp4,SplitZone_,.mp4,2026-03-27,
111,0:34:09,0:34:19,Run,S,FALSE,SplitZone.mp4,SplitZone_111.mp4,SplitZone_,.mp4,2026-03-27,
112,0:34:23,0:34:32,Run,E,FALSE,SplitZone.mp4,SplitZone_112.mp4,SplitZone_,.mp4,2026-03-27,
113,0:34:39,0:35:07,Run,S,FALSE,SplitZone.mp4,SplitZone_113.mp4,SplitZone_,.mp4,2026-03-27,
114,0:35:12,0:35:39,Run,E,FALSE,SplitZone.mp4,SplitZone_114.mp4,SplitZone_,.mp4,2026-03-27,
115,0:35:46,0:35:53,Run,S,FALSE,SplitZone.mp4,SplitZone_115.mp4,SplitZone_,.mp4,2026-03-27,
116,0:35:58,0:36:06,Run,E,FALSE,SplitZone.mp4,SplitZone_116.mp4,SplitZone_,.mp4,2026-03-27,
117,0:36:14,0:36:25,Run,S,FALSE,SplitZone.mp4,SplitZone_117.mp4,SplitZone_,.mp4,2026-03-27,
118,0:36:29,0:36:39,Run,E,FALSE,SplitZone.mp4,SplitZone_118.mp4,SplitZone_,.mp4,2026-03-27,
119,0:36:45,0:36:55,Run,S,FALSE,SplitZone.mp4,SplitZone_119.mp4,SplitZone_,.mp4,2026-03-27,
120,0:36:59,0:37:10,Run,E,FALSE,SplitZone.mp4,SplitZone_120.mp4,SplitZone_,.mp4,2026-03-27,
121,0:37:18,0:37:30,Run,S,FALSE,SplitZone.mp4,SplitZone_121.mp4,SplitZone_,.mp4,2026-03-27,
122,0:37:33,0:37:42,Run,E,FALSE,SplitZone.mp4,SplitZone_122.mp4,SplitZone_,.mp4,2026-03-27,
123,0:37:51,0:38:02,Run,S,FALSE,SplitZone.mp4,SplitZone_123.mp4,SplitZone_,.mp4,2026-03-27,
124,0:38:08,0:38:17,Run,E,FALSE,SplitZone.mp4,SplitZone_124.mp4,SplitZone_,.mp4,2026-03-27,
125,0:38:24,0:38:31,Run,S,FALSE,SplitZone.mp4,SplitZone_125.mp4,SplitZone_,.mp4,2026-03-27,
126,0:38:36,0:38:42,Run,E,FALSE,SplitZone.mp4,SplitZone_126.mp4,SplitZone_,.mp4,2026-03-27,
127,0:38:51,0:39:01,Run,S,FALSE,SplitZone.mp4,SplitZone_127.mp4,SplitZone_,.mp4,2026-03-27,
128,0:39:07,0:39:17,Run,E,FALSE,SplitZone.mp4,SplitZone_128.mp4,SplitZone_,.mp4,2026-03-27,
129,0:39:23,0:39:34,Run,S,FALSE,SplitZone.mp4,SplitZone_129.mp4,SplitZone_,.mp4,2026-03-27,
130,0:39:40,0:39:51,Run,E,FALSE,SplitZone.mp4,SplitZone_130.mp4,SplitZone_,.mp4,2026-03-27,
131,0:39:58,0:40:10,Run,S,FALSE,SplitZone.mp4,SplitZone_131.mp4,SplitZone_,.mp4,2026-03-27,
132,0:40:16,0:40:27,Run,E,FALSE,SplitZone.mp4,SplitZone_132.mp4,SplitZone_,.mp4,2026-03-27,
133,0:40:37,0:40:53,Run,S,FALSE,SplitZone.mp4,SplitZone_133.mp4,SplitZone_,.mp4,2026-03-27,
134,0:41:03,0:41:19,Run,E,FALSE,SplitZone.mp4,SplitZone_134.mp4,SplitZone_,.mp4,2026-03-27,
135,0:41:27,0:41:45,Run,S,FALSE,SplitZone.mp4,SplitZone_135.mp4,SplitZone_,.mp4,2026-03-27,
136,0:41:48,0:42:04,Run,E,FALSE,SplitZone.mp4,SplitZone_136.mp4,SplitZone_,.mp4,2026-03-27,
137,0:42:11,0:42:24,Run,S,FALSE,SplitZone.mp4,SplitZone_137.mp4,SplitZone_,.mp4,2026-03-27,
138,0:42:27,0:42:40,Run,E,FALSE,SplitZone.mp4,SplitZone_138.mp4,SplitZone_,.mp4,2026-03-27,
139,0:42:49,0:43:00,Run,S,FALSE,SplitZone.mp4,SplitZone_139.mp4,SplitZone_,.mp4,2026-03-27,
140,0:43:07,0:43:19,Run,E,FALSE,SplitZone.mp4,SplitZone_140.mp4,SplitZone_,.mp4,2026-03-27,
141,0:43:30,0:43:52,Run,S,FALSE,SplitZone.mp4,SplitZone_141.mp4,SplitZone_,.mp4,2026-03-27,
142,0:43:56,0:44:05,Run,E,FALSE,SplitZone.mp4,SplitZone_142.mp4,SplitZone_,.mp4,2026-03-27,
143,0:44:14,0:44:24,Run,S,FALSE,SplitZone.mp4,SplitZone_143.mp4,SplitZone_,.mp4,2026-03-27,
144,0:44:28,0:44:38,Run,E,FALSE,SplitZone.mp4,SplitZone_144.mp4,SplitZone_,.mp4,2026-03-27,
145,0:44:47,0:44:57,Run,S,FALSE,SplitZone.mp4,SplitZone_145.mp4,SplitZone_,.mp4,2026-03-27,
146,0:45:00,0:45:11,Run,E,FALSE,SplitZone.mp4,SplitZone_146.mp4,SplitZone_,.mp4,2026-03-27,
147,0:45:18,0:45:39,Run,S,FALSE,SplitZone.mp4,SplitZone_147.mp4,SplitZone_,.mp4,2026-03-27,
148,0:45:42,0:45:52,Run,E,FALSE,SplitZone.mp4,SplitZone_148.mp4,SplitZone_,.mp4,2026-03-27,
149,0:46:00,0:46:12,Run,S,FALSE,SplitZone.mp4,SplitZone_149.mp4,SplitZone_,.mp4,2026-03-27,
150,0:46:15,0:46:25,Run,E,FALSE,SplitZone.mp4,SplitZone_150.mp4,SplitZone_,.mp4,2026-03-27,
151,0:46:32,0:46:44,Run,S,FALSE,SplitZone.mp4,SplitZone_151.mp4,SplitZone_,.mp4,2026-03-27,
152,0:46:50,0:47:02,Run,E,FALSE,SplitZone.mp4,SplitZone_152.mp4,SplitZone_,.mp4,2026-03-27,
153,0:47:10,0:47:21,Run,S,FALSE,SplitZone.mp4,SplitZone_153.mp4,SplitZone_,.mp4,2026-03-27,
154,0:47:26,0:47:36,Run,E,FALSE,SplitZone.mp4,SplitZone_154.mp4,SplitZone_,.mp4,2026-03-27,
155,0:47:43,0:47:51,Run,S,FALSE,SplitZone.mp4,SplitZone_155.mp4,SplitZone_,.mp4,2026-03-27,
156,0:47:54,0:48:01,Run,E,FALSE,SplitZone.mp4,SplitZone_156.mp4,SplitZone_,.mp4,2026-03-27,
157,0:48:11,0:48:23,Run,S,FALSE,SplitZone.mp4,SplitZone_157.mp4,SplitZone_,.mp4,2026-03-27,
158,0:48:30,0:48:42,Run,E,FALSE,SplitZone.mp4,SplitZone_158.mp4,SplitZone_,.mp4,2026-03-27,
159,0:48:56,0:49:06,Run,S,FALSE,SplitZone.mp4,SplitZone_159.mp4,SplitZone_,.mp4,2026-03-27,
160,0:49:10,0:49:19,Run,E,FALSE,SplitZone.mp4,SplitZone_160.mp4,SplitZone_,.mp4,2026-03-27,
161,0:49:27,0:49:45,Run,S,FALSE,SplitZone.mp4,SplitZone_161.mp4,SplitZone_,.mp4,2026-03-27,
162,0:49:51,0:50:08,Run,E,FALSE,SplitZone.mp4,SplitZone_162.mp4,SplitZone_,.mp4,2026-03-27,
163,0:50:16,0:50:34,Run,S,FALSE,SplitZone.mp4,SplitZone_163.mp4,SplitZone_,.mp4,2026-03-27,
164,0:50:37,0:50:50,Run,E,FALSE,SplitZone.mp4,SplitZone_164.mp4,SplitZone_,.mp4,2026-03-27,
165,0:50:56,0:51:15,Run,S,FALSE,SplitZone.mp4,SplitZone_165.mp4,SplitZone_,.mp4,2026-03-27,
166,0:51:20,0:51:35,Run,E,FALSE,SplitZone.mp4,SplitZone_166.mp4,SplitZone_,.mp4,2026-03-27,
167,0:51:42,0:51:53,Run,S,FALSE,SplitZone.mp4,SplitZone_167.mp4,SplitZone_,.mp4,2026-03-27,
168,0:51:55,0:52:07,Run,E,FALSE,SplitZone.mp4,SplitZone_168.mp4,SplitZone_,.mp4,2026-03-27,
169,0:52:15,0:52:27,Run,S,FALSE,SplitZone.mp4,SplitZone_169.mp4,SplitZone_,.mp4,2026-03-27,
170,0:52:31,0:52:41,Run,E,FALSE,SplitZone.mp4,SplitZone_170.mp4,SplitZone_,.mp4,2026-03-27,
171,0:52:48,0:52:57,Run,S,FALSE,SplitZone.mp4,SplitZone_171.mp4,SplitZone_,.mp4,2026-03-27,
172,0:53:02,0:53:10,Run,E,FALSE,SplitZone.mp4,SplitZone_172.mp4,SplitZone_,.mp4,2026-03-27,
173,0:53:20,0:53:40,Run,S,FALSE,SplitZone.mp4,SplitZone_173.mp4,SplitZone_,.mp4,2026-03-27,
174,0:53:46,0:54:06,Run,E,FALSE,SplitZone.mp4,SplitZone_174.mp4,SplitZone_,.mp4,2026-03-27,
175,0:54:17,0:54:30,Run,S,FALSE,SplitZone.mp4,SplitZone_175.mp4,SplitZone_,.mp4,2026-03-27,
176,0:54:40,0:54:51,Run,E,FALSE,SplitZone.mp4,SplitZone_176.mp4,SplitZone_,.mp4,2026-03-27,
177,0:55:01,0:55:15,Run,S,FALSE,SplitZone.mp4,SplitZone_177.mp4,SplitZone_,.mp4,2026-03-27,
178,0:55:22,0:55:36,Run,E,FALSE,SplitZone.mp4,SplitZone_178.mp4,SplitZone_,.mp4,2026-03-27,
179,0:55:41,0:55:47,Run,S,FALSE,SplitZone.mp4,SplitZone_179.mp4,SplitZone_,.mp4,2026-03-27,
180,0:55:50,0:55:56,Run,E,FALSE,SplitZone.mp4,SplitZone_180.mp4,SplitZone_,.mp4,2026-03-27,
181,0:56:04,0:56:18,Run,S,FALSE,SplitZone.mp4,SplitZone_181.mp4,SplitZone_,.mp4,2026-03-27,
182,0:56:24,0:56:38,Run,E,FALSE,SplitZone.mp4,SplitZone_182.mp4,SplitZone_,.mp4,2026-03-27,
183,0:56:47,0:57:06,Run,S,FALSE,SplitZone.mp4,SplitZone_183.mp4,SplitZone_,.mp4,2026-03-27,
184,0:57:10,0:57:21,Run,E,FALSE,SplitZone.mp4,SplitZone_184.mp4,SplitZone_,.mp4,2026-03-27,
185,0:57:29,0:57:44,Run,S,FALSE,SplitZone.mp4,SplitZone_185.mp4,SplitZone_,.mp4,2026-03-27,
186,0:57:49,0:58:03,Run,E,FALSE,SplitZone.mp4,SplitZone_186.mp4,SplitZone_,.mp4,2026-03-27,
187,0:58:11,0:58:21,Run,S,FALSE,SplitZone.mp4,SplitZone_187.mp4,SplitZone_,.mp4,2026-03-27,
188,0:58:29,0:58:43,Run,E,FALSE,SplitZone.mp4,SplitZone_188.mp4,SplitZone_,.mp4,2026-03-27,
189,0:58:52,0:59:01,Run,S,FALSE,SplitZone.mp4,SplitZone_189.mp4,SplitZone_,.mp4,2026-03-27,
190,0:59:06,0:59:17,Run,E,FALSE,SplitZone.mp4,SplitZone_190.mp4,SplitZone_,.mp4,2026-03-27,
191,0:59:23,0:59:32,Run,S,FALSE,SplitZone.mp4,SplitZone_191.mp4,SplitZone_,.mp4,2026-03-27,
192,0:59:35,0:59:44,Run,E,FALSE,SplitZone.mp4,SplitZone_192.mp4,SplitZone_,.mp4,2026-03-27,
193,0:59:50,1:00:03,Run,S,FALSE,SplitZone.mp4,SplitZone_193.mp4,SplitZone_,.mp4,2026-03-27,
194,1:00:08,1:00:23,Run,E,FALSE,SplitZone.mp4,SplitZone_194.mp4,SplitZone_,.mp4,2026-03-27,
195,1:00:30,1:00:51,Run,S,FALSE,SplitZone.mp4,SplitZone_195.mp4,SplitZone_,.mp4,2026-03-27,
196,1:00:56,1:01:20,Run,E,FALSE,SplitZone.mp4,SplitZone_196.mp4,SplitZone_,.mp4,2026-03-27,
197,1:01:28,1:01:38,Run,S,FALSE,SplitZone.mp4,SplitZone_197.mp4,SplitZone_,.mp4,2026-03-27,
198,1:01:42,1:01:51,Run,E,FALSE,SplitZone.mp4,SplitZone_198.mp4,SplitZone_,.mp4,2026-03-27,
199,1:01:57,1:02:09,Run,S,FALSE,SplitZone.mp4,SplitZone_199.mp4,SplitZone_,.mp4,2026-03-27,
200,1:02:14,1:02:26,Run,E,FALSE,SplitZone.mp4,SplitZone_200.mp4,SplitZone_,.mp4,2026-03-27,
201,1:02:34,1:02:43,Run,S,FALSE,SplitZone.mp4,SplitZone_201.mp4,SplitZone_,.mp4,2026-03-27,
202,1:02:48,1:02:59,Run,E,FALSE,SplitZone.mp4,SplitZone_202.mp4,SplitZone_,.mp4,2026-03-27,
203,1:03:08,1:03:21,Run,S,FALSE,SplitZone.mp4,SplitZone_203.mp4,SplitZone_,.mp4,2026-03-27,
204,1:03:25,1:03:37,Run,E,FALSE,SplitZone.mp4,SplitZone_204.mp4,SplitZone_,.mp4,2026-03-27,
205,1:03:46,1:04:01,Run,S,FALSE,SplitZone.mp4,SplitZone_205.mp4,SplitZone_,.mp4,2026-03-27,
206,1:04:04,1:04:13,Run,E,FALSE,SplitZone.mp4,SplitZone_206.mp4,SplitZone_,.mp4,2026-03-27,
207,1:04:21,1:04:35,Run,S,FALSE,SplitZone.mp4,SplitZone_207.mp4,SplitZone_,.mp4,2026-03-27,
208,1:04:41,1:04:56,Run,E,FALSE,SplitZone.mp4,SplitZone_208.mp4,SplitZone_,.mp4,2026-03-27,
209,1:05:05,1:05:32,Run,S,FALSE,SplitZone.mp4,SplitZone_209.mp4,SplitZone_,.mp4,2026-03-27,
210,1:05:37,1:06:03,Run,E,FALSE,SplitZone.mp4,SplitZone_210.mp4,SplitZone_,.mp4,2026-03-27,
211,1:06:10,1:06:21,Run,S,FALSE,SplitZone.mp4,SplitZone_211.mp4,SplitZone_,.mp4,2026-03-27,
212,1:06:26,1:06:35,Run,E,FALSE,SplitZone.mp4,SplitZone_212.mp4,SplitZone_,.mp4,2026-03-27,
213,1:06:44,1:07:00,Run,S,FALSE,SplitZone.mp4,SplitZone_213.mp4,SplitZone_,.mp4,2026-03-27,
214,1:07:04,1:07:20,Run,E,FALSE,SplitZone.mp4,SplitZone_214.mp4,SplitZone_,.mp4,2026-03-27,
215,1:07:31,1:07:49,Run,S,FALSE,SplitZone.mp4,SplitZone_215.mp4,SplitZone_,.mp4,2026-03-27,
216,1:07:53,1:08:07,Run,E,FALSE,SplitZone.mp4,SplitZone_216.mp4,SplitZone_,.mp4,2026-03-27,
217,1:08:15,1:08:26,Run,S,FALSE,SplitZone.mp4,SplitZone_217.mp4,SplitZone_,.mp4,2026-03-27,
218,1:08:31,1:08:43,Run,E,FALSE,SplitZone.mp4,SplitZone_218.mp4,SplitZone_,.mp4,2026-03-27,
219,1:08:50,1:09:02,Run,S,FALSE,SplitZone.mp4,SplitZone_219.mp4,SplitZone_,.mp4,2026-03-27,
220,1:09:05,1:09:14,Run,E,FALSE,SplitZone.mp4,SplitZone_220.mp4,SplitZone_,.mp4,2026-03-27,
221,1:09:19,1:09:31,Run,S,FALSE,SplitZone.mp4,SplitZone_221.mp4,SplitZone_,.mp4,2026-03-27,
222,1:09:37,1:09:48,Run,E,FALSE,SplitZone.mp4,SplitZone_222.mp4,SplitZone_,.mp4,2026-03-27,
223,1:09:55,1:10:10,Run,S,FALSE,SplitZone.mp4,SplitZone_223.mp4,SplitZone_,.mp4,2026-03-27,
224,1:10:16,1:10:31,Run,E,FALSE,SplitZone.mp4,SplitZone_224.mp4,SplitZone_,.mp4,2026-03-27,
225,1:10:38,1:10:53,Run,S,FALSE,SplitZone.mp4,SplitZone_225.mp4,SplitZone_,.mp4,2026-03-27,
226,1:10:56,1:11:10,Run,E,FALSE,SplitZone.mp4,SplitZone_226.mp4,SplitZone_,.mp4,2026-03-27,
227,1:11:15,1:11:29,Run,S,FALSE,SplitZone.mp4,SplitZone_227.mp4,SplitZone_,.mp4,2026-03-27,
228,1:11:33,1:11:46,Run,E,FALSE,SplitZone.mp4,SplitZone_228.mp4,SplitZone_,.mp4,2026-03-27,
229,1:11:56,1:12:06,Run,S,FALSE,SplitZone.mp4,SplitZone_229.mp4,SplitZone_,.mp4,2026-03-27,
230,1:12:12,1:12:24,Run,E,FALSE,SplitZone.mp4,SplitZone_230.mp4,SplitZone_,.mp4,2026-03-27,
231,1:12:30,1:12:44,Run,S,FALSE,SplitZone.mp4,SplitZone_231.mp4,SplitZone_,.mp4,2026-03-27,
232,1:12:46,1:13:02,Run,E,FALSE,SplitZone.mp4,SplitZone_232.mp4,SplitZone_,.mp4,2026-03-27,
233,1:13:08,1:13:21,Run,S,FALSE,SplitZone.mp4,SplitZone_233.mp4,SplitZone_,.mp4,2026-03-27,
234,1:13:28,1:13:40,Run,E,FALSE,SplitZone.mp4,SplitZone_234.mp4,SplitZone_,.mp4,2026-03-27,
235,1:13:50,1:14:01,Run,S,FALSE,SplitZone.mp4,SplitZone_235.mp4,SplitZone_,.mp4,2026-03-27,
236,1:14:04,1:14:14,Run,E,FALSE,SplitZone.mp4,SplitZone_236.mp4,SplitZone_,.mp4,2026-03-27,
237,1:14:20,1:14:29,Run,S,FALSE,SplitZone.mp4,SplitZone_237.mp4,SplitZone_,.mp4,2026-03-27,
238,1:14:34,1:14:46,Run,E,FALSE,SplitZone.mp4,SplitZone_238.mp4,SplitZone_,.mp4,2026-03-27,
239,1:14:54,1:15:10,Run,S,FALSE,SplitZone.mp4,SplitZone_239.mp4,SplitZone_,.mp4,2026-03-27,
240,1:15:15,1:15:29,Run,E,FALSE,SplitZone.mp4,SplitZone_240.mp4,SplitZone_,.mp4,2026-03-27,
241,1:15:35,1:15:44,Run,S,FALSE,SplitZone.mp4,SplitZone_241.mp4,SplitZone_,.mp4,2026-03-27,
242,1:15:50,1:16:02,Run,E,FALSE,SplitZone.mp4,SplitZone_242.mp4,SplitZone_,.mp4,2026-03-27,
243,1:16:09,1:16:18,Run,S,FALSE,SplitZone.mp4,SplitZone_243.mp4,SplitZone_,.mp4,2026-03-27,
244,1:16:22,1:16:33,Run,E,FALSE,SplitZone.mp4,SplitZone_244.mp4,SplitZone_,.mp4,2026-03-27,
245,1:16:38,1:16:47,Run,S,FALSE,SplitZone.mp4,SplitZone_245.mp4,SplitZone_,.mp4,2026-03-27,
246,1:16:50,1:17:00,Run,E,FALSE,SplitZone.mp4,SplitZone_246.mp4,SplitZone_,.mp4,2026-03-27,
247,1:17:05,1:17:15,Run,S,FALSE,SplitZone.mp4,SplitZone_247.mp4,SplitZone_,.mp4,2026-03-27,
248,1:17:20,1:17:31,Run,E,FALSE,SplitZone.mp4,SplitZone_248.mp4,SplitZone_,.mp4,2026-03-27,
249,1:17:39,1:17:58,Run,S,FALSE,SplitZone.mp4,SplitZone_249.mp4,SplitZone_,.mp4,2026-03-27,
250,1:18:03,1:18:23,Run,E,FALSE,SplitZone.mp4,SplitZone_250.mp4,SplitZone_,.mp4,2026-03-27,
251,1:18:30,1:18:40,Run,S,FALSE,SplitZone.mp4,SplitZone_251.mp4,SplitZone_,.mp4,2026-03-27,
252,1:18:46,1:18:56,Run,E,FALSE,SplitZone.mp4,SplitZone_252.mp4,SplitZone_,.mp4,2026-03-27,
253,1:19:04,1:19:16,Run,S,FALSE,SplitZone.mp4,SplitZone_253.mp4,SplitZone_,.mp4,2026-03-27,
254,1:19:20,1:19:33,Run,E,FALSE,SplitZone.mp4,SplitZone_254.mp4,SplitZone_,.mp4,2026-03-27,
255,1:19:39,1:19:50,Run,S,FALSE,SplitZone.mp4,SplitZone_255.mp4,SplitZone_,.mp4,2026-03-27,
256,1:19:54,1:20:04,Run,E,FALSE,SplitZone.mp4,SplitZone_256.mp4,SplitZone_,.mp4,2026-03-27,
257,1:20:12,1:20:29,Run,S,FALSE,SplitZone.mp4,SplitZone_257.mp4,SplitZone_,.mp4,2026-03-27,
258,1:20:33,1:20:46,Run,E,FALSE,SplitZone.mp4,SplitZone_258.mp4,SplitZone_,.mp4,2026-03-27,
259,1:20:52,1:21:05,Run,S,FALSE,SplitZone.mp4,SplitZone_259.mp4,SplitZone_,.mp4,2026-03-27,
260,1:21:11,1:21:23,Run,E,FALSE,SplitZone.mp4,SplitZone_260.mp4,SplitZone_,.mp4,2026-03-27,
261,1:21:34,1:21:44,Run,S,FALSE,SplitZone.mp4,SplitZone_261.mp4,SplitZone_,.mp4,2026-03-27,
262,1:21:50,1:21:57,Run,E,FALSE,SplitZone.mp4,SplitZone_262.mp4,SplitZone_,.mp4,2026-03-27,
263,1:22:06,1:22:18,Run,S,FALSE,SplitZone.mp4,SplitZone_263.mp4,SplitZone_,.mp4,2026-03-27,
264,1:22:22,1:22:39,Run,E,FALSE,SplitZone.mp4,SplitZone_264.mp4,SplitZone_,.mp4,2026-03-27,
265,1:22:44,1:22:58,Run,S,FALSE,SplitZone.mp4,SplitZone_265.mp4,SplitZone_,.mp4,2026-03-27,
266,1:23:01,1:23:17,Run,E,FALSE,SplitZone.mp4,SplitZone_266.mp4,SplitZone_,.mp4,2026-03-27,
267,1:23:24,1:23:34,Run,S,FALSE,SplitZone.mp4,SplitZone_267.mp4,SplitZone_,.mp4,2026-03-27,
268,1:23:38,1:23:46,Run,E,FALSE,SplitZone.mp4,SplitZone_268.mp4,SplitZone_,.mp4,2026-03-27,
269,1:23:56,1:24:16,Run,S,FALSE,SplitZone.mp4,SplitZone_269.mp4,SplitZone_,.mp4,2026-03-27,
270,1:24:19,1:24:31,Run,E,FALSE,SplitZone.mp4,SplitZone_270.mp4,SplitZone_,.mp4,2026-03-27,
1,0:00:00,0:00:07,Run,,FALSE,pin&pull_3_raw.mp4,pinAndPull_11.mp4,PinAndPull_,.mp4,2026-03-28,
2,0:00:05,0:00:11,Run,,FALSE,pin&pull_6_raw.mp4,pinAndPull_12.mp4,PinAndPull_,.mp4,2026-03-28,
3,0:00:17,0:00:22,Run,,FALSE,pin&pull_6_raw.mp4,pinAndPull_13.mp4,PinAndPull_,.mp4,2026-03-28,
4,0:00:29,0:00:33,Run,,FALSE,pin&pull_6_raw.mp4,pinAndPull_14.mp4,PinAndPull_,.mp4,2026-03-28,
5,0:00:43,0:00:47,Run,,FALSE,pin&pull_6_raw.mp4,pinAndPull_15.mp4,PinAndPull_,.mp4,2026-03-28,
6,0:01:03,0:01:09,Run,,FALSE,pin&pull_6_raw.mp4,pinAndPull_16.mp4,PinAndPull_,.mp4,2026-03-28,
7,0:01:23,0:01:30,Run,,FALSE,pin&pull_6_raw.mp4,pinAndPull_17.mp4,PinAndPull_,.mp4,2026-03-28,
8,0:01:36,0:01:41,Run,,FALSE,pin&pull_6_raw.mp4,pinAndPull_18.mp4,PinAndPull_,.mp4,2026-03-28,
9,0:01:46,0:01:52,Run,,FALSE,pin&pull_6_raw.mp4,pinAndPull_19.mp4,PinAndPull_,.mp4,2026-03-28,
10,0:02:02,0:02:07,Run,,FALSE,pin&pull_6_raw.mp4,pinAndPull_20.mp4,PinAndPull_,.mp4,2026-03-28,
11,0:02:18,0:02:23,Run,,FALSE,pin&pull_6_raw.mp4,pinAndPull_21.mp4,PinAndPull_,.mp4,2026-03-28,
12,0:02:30,0:02:34,Run,,FALSE,pin&pull_6_raw.mp4,pinAndPull_22.mp4,PinAndPull_,.mp4,2026-03-28,
13,0:02:44,0:02:49,Run,,FALSE,pin&pull_6_raw.mp4,pinAndPull_23.mp4,PinAndPull_,.mp4,2026-03-28,
14,0:03:40,0:03:47,Run,,FALSE,pin&pull_6_raw.mp4,pinAndPull_24.mp4,PinAndPull_,.mp4,2026-03-28,
15,0:03:58,0:04:05,Run,,FALSE,pin&pull_6_raw.mp4,pinAndPull_25.mp4,PinAndPull_,.mp4,2026-03-28,
16,0:04:19,0:04:24,Run,,FALSE,pin&pull_6_raw.mp4,pinAndPull_26.mp4,PinAndPull_,.mp4,2026-03-28,
17,0:04:35,0:04:41,Run,,FALSE,pin&pull_6_raw.mp4,pinAndPull_27.mp4,PinAndPull_,.mp4,2026-03-28,
18,0:00:14,0:00:21,Run,,FALSE,pin&pull_7_raw.mp4,pinAndPull_28.mp4,PinAndPull_,.mp4,2026-03-28,
19,0:00:30,0:00:38,Run,,FALSE,pin&pull_7_raw.mp4,pinAndPull_29.mp4,PinAndPull_,.mp4,2026-03-28,
20,0:01:26,0:01:31,Run,,FALSE,pin&pull_7_raw.mp4,pinAndPull_30.mp4,PinAndPull_,.mp4,2026-03-28,
21,0:01:43,0:01:52,Run,,FALSE,pin&pull_7_raw.mp4,pinAndPull_31.mp4,PinAndPull_,.mp4,2026-03-28,
22,0:02:00,0:02:07,Run,,FALSE,pin&pull_7_raw.mp4,pinAndPull_32.mp4,PinAndPull_,.mp4,2026-03-28,
23,00:00:00,00:00:04,Run,,,,pinAndPull-clip1.mp4,PinAndPull_,.mp4,2025-06-24,
24,00:00:06,00:00:10,Run,,,,pinAndPull-clip2.mp4,PinAndPull_,.mp4,2025-06-24,
25,00:00:03,00:00:09,Run,,,,pinAndPull-clip3.mp4,PinAndPull_,.mp4,2025-06-24,
26,00:00:00,00:00:11,Run,,,,pinAndPull-clip4.mp4,PinAndPull_,.mp4,2025-06-24,
27,00:05:05,00:05:13,Run,,,,pinAndPull-clip5.mp4,PinAndPull_,.mp4,2025-06-24,
28,00:05:16,00:05:22,Run,,,,pinAndPull-clip6.mp4,PinAndPull_,.mp4,2025-06-24,
29,00:01:14,00:01:27,Run,,,,pinAndPull-clip7.mp4,PinAndPull_,.mp4,2025-06-24,
30,00:00:00,00:00:06,Run,,,,pinAndPull-clip8.mp4,PinAndPull_,.mp4,2025-06-24,
31,00:00:39,00:00:51,Run,,,,pinAndPull-clip9.mp4,PinAndPull_,.mp4,2025-06-24,
32,00:00:55,00:01:03,Run,,,,pinAndPull-clip10.mp4,PinAndPull_,.mp4,2025-06-24,
1,0:00:13,0:00:23,Punt Coverage,,FALSE,PuntCoverage.mp4,PuntCoverage_1.mp4,PuntCoverage_,.mp4,2026-03-28,
2,0:00:34,0:00:42,Punt Coverage,,FALSE,PuntCoverage.mp4,PuntCoverage_2.mp4,PuntCoverage_,.mp4,2026-03-28,
3,0:00:58,0:01:07,Punt Coverage,,FALSE,PuntCoverage.mp4,PuntCoverage_3.mp4,PuntCoverage_,.mp4,2026-03-28,
4,0:01:21,0:01:30,Punt Coverage,,FALSE,PuntCoverage.mp4,PuntCoverage_4.mp4,PuntCoverage_,.mp4,2026-03-28,
5,0:01:42,0:01:56,Punt Coverage,,FALSE,PuntCoverage.mp4,PuntCoverage_5.mp4,PuntCoverage_,.mp4,2026-03-28,
6,0:02:04,0:02:18,Punt Coverage,,FALSE,PuntCoverage.mp4,PuntCoverage_6.mp4,PuntCoverage_,.mp4,2026-03-28,
7,0:02:31,0:02:42,Punt Coverage,,FALSE,PuntCoverage.mp4,PuntCoverage_7.mp4,PuntCoverage_,.mp4,2026-03-28,
8,0:02:52,0:03:03,Punt Coverage,,FALSE,PuntCoverage.mp4,PuntCoverage_8.mp4,PuntCoverage_,.mp4,2026-03-28,
9,0:03:12,0:03:22,Punt Coverage,,FALSE,PuntCoverage.mp4,PuntCoverage_9.mp4,PuntCoverage_,.mp4,2026-03-28,
10,0:03:31,0:03:39,Punt Coverage,,FALSE,PuntCoverage.mp4,PuntCoverage_10.mp4,PuntCoverage_,.mp4,2026-03-28,
11,0:03:59,0:04:12,Punt Coverage,,FALSE,PuntCoverage.mp4,PuntCoverage_11.mp4,PuntCoverage_,.mp4,2026-03-28,
12,0:04:26,0:04:33,Punt Coverage,,FALSE,PuntCoverage.mp4,PuntCoverage_12.mp4,PuntCoverage_,.mp4,2026-03-28,
13,0:04:54,0:05:07,Punt Coverage,,FALSE,PuntCoverage.mp4,PuntCoverage_13.mp4,PuntCoverage_,.mp4,2026-03-28,
14,0:05:22,0:05:37,Punt Coverage,,FALSE,PuntCoverage.mp4,PuntCoverage_14.mp4,PuntCoverage_,.mp4,2026-03-28,
15,0:05:45,0:05:55,Punt Coverage,,FALSE,PuntCoverage.mp4,PuntCoverage_15.mp4,PuntCoverage_,.mp4,2026-03-28,
16,0:06:01,0:06:10,Punt Coverage,,FALSE,PuntCoverage.mp4,PuntCoverage_16.mp4,PuntCoverage_,.mp4,2026-03-28,
17,0:06:21,0:06:31,Punt Coverage,,FALSE,PuntCoverage.mp4,PuntCoverage_17.mp4,PuntCoverage_,.mp4,2026-03-28,
18,0:06:41,0:06:52,Punt Coverage,,FALSE,PuntCoverage.mp4,PuntCoverage_18.mp4,PuntCoverage_,.mp4,2026-03-28,
19,0:07:05,0:07:14,Punt Coverage,,FALSE,PuntCoverage.mp4,PuntCoverage_19.mp4,PuntCoverage_,.mp4,2026-03-28,
20,0:07:22,0:07:31,Punt Coverage,,FALSE,PuntCoverage.mp4,PuntCoverage_20.mp4,PuntCoverage_,.mp4,2026-03-28,
21,0:07:52,0:08:04,Punt Coverage,,FALSE,PuntCoverage.mp4,PuntCoverage_21.mp4,PuntCoverage_,.mp4,2026-03-28,
22,0:08:19,0:08:30,Punt Coverage,,FALSE,PuntCoverage.mp4,PuntCoverage_22.mp4,PuntCoverage_,.mp4,2026-03-28,
23,0:08:37,0:08:48,Punt Coverage,,FALSE,PuntCoverage.mp4,PuntCoverage_23.mp4,PuntCoverage_,.mp4,2026-03-28,
24,0:09:00,0:09:10,Punt Coverage,,FALSE,PuntCoverage.mp4,PuntCoverage_24.mp4,PuntCoverage_,.mp4,2026-03-28,
25,0:09:30,0:09:39,Punt Coverage,,FALSE,PuntCoverage.mp4,PuntCoverage_25.mp4,PuntCoverage_,.mp4,2026-03-28,
26,0:09:55,0:10:04,Punt Coverage,,FALSE,PuntCoverage.mp4,PuntCoverage_26.mp4,PuntCoverage_,.mp4,2026-03-28,
27,0:10:17,0:10:27,Punt Coverage,,FALSE,PuntCoverage.mp4,PuntCoverage_27.mp4,PuntCoverage_,.mp4,2026-03-28,
28,0:10:32,0:10:42,Punt Coverage,,FALSE,PuntCoverage.mp4,PuntCoverage_28.mp4,PuntCoverage_,.mp4,2026-03-28,
29,0:10:57,0:11:07,Punt Coverage,,FALSE,PuntCoverage.mp4,PuntCoverage_29.mp4,PuntCoverage_,.mp4,2026-03-28,
30,0:11:19,0:11:28,Punt Coverage,,FALSE,PuntCoverage.mp4,PuntCoverage_30.mp4,PuntCoverage_,.mp4,2026-03-28,
31,0:11:45,0:11:52,Punt Coverage,,FALSE,PuntCoverage.mp4,PuntCoverage_31.mp4,PuntCoverage_,.mp4,2026-03-28,
32,0:12:05,0:12:12,Punt Coverage,,FALSE,PuntCoverage.mp4,PuntCoverage_32.mp4,PuntCoverage_,.mp4,2026-03-28,
33,0:12:25,0:12:33,Punt Coverage,,FALSE,PuntCoverage.mp4,PuntCoverage_33.mp4,PuntCoverage_,.mp4,2026-03-28,
34,0:12:42,0:12:49,Punt Coverage,,FALSE,PuntCoverage.mp4,PuntCoverage_34.mp4,PuntCoverage_,.mp4,2026-03-28,
35,0:13:14,0:13:22,Punt Coverage,,FALSE,PuntCoverage.mp4,PuntCoverage_35.mp4,PuntCoverage_,.mp4,2026-03-28,
36,0:13:38,0:13:46,Punt Coverage,,FALSE,PuntCoverage.mp4,PuntCoverage_36.mp4,PuntCoverage_,.mp4,2026-03-28,
37,0:13:55,0:14:06,Punt Coverage,,FALSE,PuntCoverage.mp4,PuntCoverage_37.mp4,PuntCoverage_,.mp4,2026-03-28,
38,0:14:12,0:14:22,Punt Coverage,,FALSE,PuntCoverage.mp4,PuntCoverage_38.mp4,PuntCoverage_,.mp4,2026-03-28,
39,0:14:28,0:14:38,Punt Coverage,,FALSE,PuntCoverage.mp4,PuntCoverage_39.mp4,PuntCoverage_,.mp4,2026-03-28,
40,0:14:46,0:14:56,Punt Coverage,,FALSE,PuntCoverage.mp4,PuntCoverage_40.mp4,PuntCoverage_,.mp4,2026-03-28,
41,0:15:07,0:15:18,Punt Coverage,,FALSE,PuntCoverage.mp4,PuntCoverage_41.mp4,PuntCoverage_,.mp4,2026-03-28,
42,0:15:27,0:15:37,Punt Coverage,,FALSE,PuntCoverage.mp4,PuntCoverage_42.mp4,PuntCoverage_,.mp4,2026-03-28,
43,0:15:48,0:15:57,Punt Coverage,,FALSE,PuntCoverage.mp4,PuntCoverage_43.mp4,PuntCoverage_,.mp4,2026-03-28,
44,0:16:19,0:16:29,Punt Coverage,,FALSE,PuntCoverage.mp4,PuntCoverage_44.mp4,PuntCoverage_,.mp4,2026-03-28,
45,0:16:43,0:16:53,Punt Coverage,,FALSE,PuntCoverage.mp4,PuntCoverage_45.mp4,PuntCoverage_,.mp4,2026-03-28,
46,0:17:08,0:17:17,Punt Coverage,,FALSE,PuntCoverage.mp4,PuntCoverage_46.mp4,PuntCoverage_,.mp4,2026-03-28,
47,0:17:28,0:17:36,Punt Coverage,,FALSE,PuntCoverage.mp4,PuntCoverage_47.mp4,PuntCoverage_,.mp4,2026-03-28,
48,0:17:43,0:17:55,Punt Coverage,,FALSE,PuntCoverage.mp4,PuntCoverage_48.mp4,PuntCoverage_,.mp4,2026-03-28,
49,0:17:59,0:18:10,Punt Coverage,,FALSE,PuntCoverage.mp4,PuntCoverage_49.mp4,PuntCoverage_,.mp4,2026-03-28,
50,0:18:21,0:18:33,Punt Coverage,,FALSE,PuntCoverage.mp4,PuntCoverage_50.mp4,PuntCoverage_,.mp4,2026-03-28,
51,0:18:41,0:18:53,Punt Coverage,,FALSE,PuntCoverage.mp4,PuntCoverage_51.mp4,PuntCoverage_,.mp4,2026-03-28,
52,0:19:09,0:19:18,Punt Coverage,,FALSE,PuntCoverage.mp4,PuntCoverage_52.mp4,PuntCoverage_,.mp4,2026-03-28,
53,0:19:34,0:19:44,Punt Coverage,,FALSE,PuntCoverage.mp4,PuntCoverage_53.mp4,PuntCoverage_,.mp4,2026-03-28,
54,0:20:03,0:20:15,Punt Coverage,,FALSE,PuntCoverage.mp4,PuntCoverage_54.mp4,PuntCoverage_,.mp4,2026-03-28,
55,0:20:24,0:20:37,Punt Coverage,,FALSE,PuntCoverage.mp4,PuntCoverage_55.mp4,PuntCoverage_,.mp4,2026-03-28,
56,0:20:44,0:20:56,Punt Coverage,,FALSE,PuntCoverage.mp4,PuntCoverage_56.mp4,PuntCoverage_,.mp4,2026-03-28,
57,0:21:00,0:21:12,Punt Coverage,,FALSE,PuntCoverage.mp4,PuntCoverage_57.mp4,PuntCoverage_,.mp4,2026-03-28,
58,0:21:22,0:21:40,Punt Coverage,,FALSE,PuntCoverage.mp4,PuntCoverage_58.mp4,PuntCoverage_,.mp4,2026-03-28,
59,0:21:57,0:22:14,Punt Coverage,,FALSE,PuntCoverage.mp4,PuntCoverage_59.mp4,PuntCoverage_,.mp4,2026-03-28,
60,0:22:40,0:22:49,Punt Coverage,,FALSE,PuntCoverage.mp4,PuntCoverage_60.mp4,PuntCoverage_,.mp4,2026-03-28,
61,0:23:02,0:23:11,Punt Coverage,,FALSE,PuntCoverage.mp4,PuntCoverage_61.mp4,PuntCoverage_,.mp4,2026-03-28,
62,0:23:19,0:23:31,Punt Coverage,,FALSE,PuntCoverage.mp4,PuntCoverage_62.mp4,PuntCoverage_,.mp4,2026-03-28,
63,0:23:37,0:23:48,Punt Coverage,,FALSE,PuntCoverage.mp4,PuntCoverage_63.mp4,PuntCoverage_,.mp4,2026-03-28,
64,0:24:13,0:24:23,Punt Coverage,,FALSE,PuntCoverage.mp4,PuntCoverage_64.mp4,PuntCoverage_,.mp4,2026-03-28,
65,0:24:31,0:24:41,Punt Coverage,,FALSE,PuntCoverage.mp4,PuntCoverage_65.mp4,PuntCoverage_,.mp4,2026-03-28,
66,0:24:51,0:25:01,Punt Coverage,,FALSE,PuntCoverage.mp4,PuntCoverage_66.mp4,PuntCoverage_,.mp4,2026-03-28,
67,0:25:07,0:25:15,Punt Coverage,,FALSE,PuntCoverage.mp4,PuntCoverage_67.mp4,PuntCoverage_,.mp4,2026-03-28,
68,0:25:22,0:25:32,Punt Coverage,,FALSE,PuntCoverage.mp4,PuntCoverage_68.mp4,PuntCoverage_,.mp4,2026-03-28,
69,0:25:38,0:25:47,Punt Coverage,,FALSE,PuntCoverage.mp4,PuntCoverage_69.mp4,PuntCoverage_,.mp4,2026-03-28,
70,0:25:59,0:26:08,Punt Coverage,,FALSE,PuntCoverage.mp4,PuntCoverage_70.mp4,PuntCoverage_,.mp4,2026-03-28,
71,0:26:18,0:26:29,Punt Coverage,,FALSE,PuntCoverage.mp4,PuntCoverage_71.mp4,PuntCoverage_,.mp4,2026-03-28,
72,0:26:38,0:26:50,Punt Coverage,,FALSE,PuntCoverage.mp4,PuntCoverage_72.mp4,PuntCoverage_,.mp4,2026-03-28,
73,0:26:57,0:27:06,Punt Coverage,,FALSE,PuntCoverage.mp4,PuntCoverage_73.mp4,PuntCoverage_,.mp4,2026-03-28,
74,0:27:23,0:27:32,Punt Coverage,,FALSE,PuntCoverage.mp4,PuntCoverage_74.mp4,PuntCoverage_,.mp4,2026-03-28,
75,0:27:47,0:27:56,Punt Coverage,,FALSE,PuntCoverage.mp4,PuntCoverage_75.mp4,PuntCoverage_,.mp4,2026-03-28,
76,0:28:08,0:28:23,Punt Coverage,,FALSE,PuntCoverage.mp4,PuntCoverage_76.mp4,PuntCoverage_,.mp4,2026-03-28,
77,0:28:34,0:28:49,Punt Coverage,,FALSE,PuntCoverage.mp4,PuntCoverage_77.mp4,PuntCoverage_,.mp4,2026-03-28,
78,0:28:58,0:29:08,Punt Coverage,,FALSE,PuntCoverage.mp4,PuntCoverage_78.mp4,PuntCoverage_,.mp4,2026-03-28,
79,0:29:25,0:29:35,Punt Coverage,,FALSE,PuntCoverage.mp4,PuntCoverage_79.mp4,PuntCoverage_,.mp4,2026-03-28,
80,0:29:47,0:30:00,Punt Coverage,,FALSE,PuntCoverage.mp4,PuntCoverage_80.mp4,PuntCoverage_,.mp4,2026-03-28,
81,0:30:08,0:30:21,Punt Coverage,,FALSE,PuntCoverage.mp4,PuntCoverage_81.mp4,PuntCoverage_,.mp4,2026-03-28,
82,0:30:34,0:30:42,Punt Coverage,,FALSE,PuntCoverage.mp4,PuntCoverage_82.mp4,PuntCoverage_,.mp4,2026-03-28,
83,0:30:49,0:30:58,Punt Coverage,,FALSE,PuntCoverage.mp4,PuntCoverage_83.mp4,PuntCoverage_,.mp4,2026-03-28,
84,0:31:12,0:31:22,Punt Coverage,,FALSE,PuntCoverage.mp4,PuntCoverage_84.mp4,PuntCoverage_,.mp4,2026-03-28,
85,0:31:29,0:31:38,Punt Coverage,,FALSE,PuntCoverage.mp4,PuntCoverage_85.mp4,PuntCoverage_,.mp4,2026-03-28,
86,0:31:58,0:32:12,Punt Coverage,,FALSE,PuntCoverage.mp4,PuntCoverage_86.mp4,PuntCoverage_,.mp4,2026-03-28,
87,0:32:20,0:32:33,Punt Coverage,,FALSE,PuntCoverage.mp4,PuntCoverage_87.mp4,PuntCoverage_,.mp4,2026-03-28,
88,0:32:49,0:33:01,Punt Coverage,,FALSE,PuntCoverage.mp4,PuntCoverage_88.mp4,PuntCoverage_,.mp4,2026-03-28,
89,0:33:13,0:33:25,Punt Coverage,,FALSE,PuntCoverage.mp4,PuntCoverage_89.mp4,PuntCoverage_,.mp4,2026-03-28,
90,0:33:40,0:33:54,Punt Coverage,,FALSE,PuntCoverage.mp4,PuntCoverage_90.mp4,PuntCoverage_,.mp4,2026-03-28,
91,0:34:05,0:34:18,Punt Coverage,,FALSE,PuntCoverage.mp4,PuntCoverage_91.mp4,PuntCoverage_,.mp4,2026-03-28,
92,0:34:32,0:34:41,Punt Coverage,,FALSE,PuntCoverage.mp4,PuntCoverage_92.mp4,PuntCoverage_,.mp4,2026-03-28,
93,0:34:51,0:35:00,Punt Coverage,,FALSE,PuntCoverage.mp4,PuntCoverage_93.mp4,PuntCoverage_,.mp4,2026-03-28,
94,0:35:18,0:35:26,Punt Coverage,,FALSE,PuntCoverage.mp4,PuntCoverage_94.mp4,PuntCoverage_,.mp4,2026-03-28,
95,0:35:38,0:35:48,Punt Coverage,,FALSE,PuntCoverage.mp4,PuntCoverage_95.mp4,PuntCoverage_,.mp4,2026-03-28,
96,0:36:02,0:36:10,Punt Coverage,,FALSE,PuntCoverage.mp4,PuntCoverage_96.mp4,PuntCoverage_,.mp4,2026-03-28,
97,0:36:25,0:36:34,Punt Coverage,,FALSE,PuntCoverage.mp4,PuntCoverage_97.mp4,PuntCoverage_,.mp4,2026-03-28,
98,0:36:46,0:36:56,Punt Coverage,,FALSE,PuntCoverage.mp4,PuntCoverage_98.mp4,PuntCoverage_,.mp4,2026-03-28,
99,0:37:06,0:37:15,Punt Coverage,,FALSE,PuntCoverage.mp4,PuntCoverage_99.mp4,PuntCoverage_,.mp4,2026-03-28,
100,0:37:23,0:37:33,Punt Coverage,,FALSE,PuntCoverage.mp4,PuntCoverage_100.mp4,PuntCoverage_,.mp4,2026-03-28,
101,0:37:42,0:37:51,Punt Coverage,,FALSE,PuntCoverage.mp4,PuntCoverage_101.mp4,PuntCoverage_,.mp4,2026-03-28,
102,0:38:12,0:38:23,Punt Coverage,,FALSE,PuntCoverage.mp4,PuntCoverage_102.mp4,PuntCoverage_,.mp4,2026-03-28,
103,0:38:35,0:38:46,Punt Coverage,,FALSE,PuntCoverage.mp4,PuntCoverage_103.mp4,PuntCoverage_,.mp4,2026-03-28,
104,0:39:08,0:39:16,Punt Coverage,,FALSE,PuntCoverage.mp4,PuntCoverage_104.mp4,PuntCoverage_,.mp4,2026-03-28,
105,0:39:35,0:39:44,Punt Coverage,,FALSE,PuntCoverage.mp4,PuntCoverage_105.mp4,PuntCoverage_,.mp4,2026-03-28,
106,0:40:00,0:40:09,Punt Coverage,,FALSE,PuntCoverage.mp4,PuntCoverage_106.mp4,PuntCoverage_,.mp4,2026-03-28,
107,0:40:17,0:40:26,Punt Coverage,,FALSE,PuntCoverage.mp4,PuntCoverage_107.mp4,PuntCoverage_,.mp4,2026-03-28,
108,0:40:36,0:40:47,Punt Coverage,,FALSE,PuntCoverage.mp4,PuntCoverage_108.mp4,PuntCoverage_,.mp4,2026-03-28,
109,0:40:58,0:41:08,Punt Coverage,,FALSE,PuntCoverage.mp4,PuntCoverage_109.mp4,PuntCoverage_,.mp4,2026-03-28,
110,0:41:22,0:41:33,Punt Coverage,,FALSE,PuntCoverage.mp4,PuntCoverage_110.mp4,PuntCoverage_,.mp4,2026-03-28,
111,0:41:38,0:41:48,Punt Coverage,,FALSE,PuntCoverage.mp4,PuntCoverage_111.mp4,PuntCoverage_,.mp4,2026-03-28,
112,0:42:04,0:42:14,Punt Coverage,,FALSE,PuntCoverage.mp4,PuntCoverage_112.mp4,PuntCoverage_,.mp4,2026-03-28,
113,0:42:24,0:42:35,Punt Coverage,,FALSE,PuntCoverage.mp4,PuntCoverage_113.mp4,PuntCoverage_,.mp4,2026-03-28,
114,0:42:49,0:42:59,Punt Coverage,,FALSE,PuntCoverage.mp4,PuntCoverage_114.mp4,PuntCoverage_,.mp4,2026-03-28,
115,0:43:10,0:43:20,Punt Coverage,,FALSE,PuntCoverage.mp4,PuntCoverage_115.mp4,PuntCoverage_,.mp4,2026-03-28,
116,0:43:29,0:43:38,Punt Coverage,,FALSE,PuntCoverage.mp4,PuntCoverage_116.mp4,PuntCoverage_,.mp4,2026-03-28,
117,0:43:43,0:43:52,Punt Coverage,,FALSE,PuntCoverage.mp4,PuntCoverage_117.mp4,PuntCoverage_,.mp4,2026-03-28,
118,0:44:04,0:44:14,Punt Coverage,,FALSE,PuntCoverage.mp4,PuntCoverage_118.mp4,PuntCoverage_,.mp4,2026-03-28,
119,0:44:24,0:44:33,Punt Coverage,,FALSE,PuntCoverage.mp4,PuntCoverage_119.mp4,PuntCoverage_,.mp4,2026-03-28,
1,0:00:06,0:00:15,Run,,FALSE,Draws.mp4,Draw_1.mp4,Draw_,.mp4,2026-03-29,
2,0:00:20,0:00:29,Run,,FALSE,Draws.mp4,Draw_2.mp4,Draw_,.mp4,2026-03-29,
3,0:00:36,0:00:45,Run,,FALSE,Draws.mp4,Draw_3.mp4,Draw_,.mp4,2026-03-29,
4,0:00:55,0:01:03,Run,,FALSE,Draws.mp4,Draw_4.mp4,Draw_,.mp4,2026-03-29,
5,0:01:09,0:01:19,Run,,FALSE,Draws.mp4,Draw_5.mp4,Draw_,.mp4,2026-03-29,
6,0:01:29,0:01:39,Run,,FALSE,Draws.mp4,Draw_6.mp4,Draw_,.mp4,2026-03-29,
7,0:01:49,0:02:00,Run,,FALSE,Draws.mp4,Draw_7.mp4,Draw_,.mp4,2026-03-29,
8,0:02:05,0:02:16,Run,,FALSE,Draws.mp4,Draw_8.mp4,Draw_,.mp4,2026-03-29,
9,0:02:27,0:02:35,Run,,FALSE,Draws.mp4,Draw_9.mp4,Draw_,.mp4,2026-03-29,
10,0:02:44,0:02:52,Run,,FALSE,Draws.mp4,Draw_10.mp4,Draw_,.mp4,2026-03-29,
11,0:02:58,0:03:06,Run,,FALSE,Draws.mp4,Draw_11.mp4,Draw_,.mp4,2026-03-29,
12,0:03:14,0:03:22,Run,,FALSE,Draws.mp4,Draw_12.mp4,Draw_,.mp4,2026-03-29,
13,0:03:29,0:03:39,Run,,FALSE,Draws.mp4,Draw_13.mp4,Draw_,.mp4,2026-03-29,
14,0:03:44,0:03:53,Run,,FALSE,Draws.mp4,Draw_14.mp4,Draw_,.mp4,2026-03-29,
15,0:04:00,0:04:10,Run,,FALSE,Draws.mp4,Draw_15.mp4,Draw_,.mp4,2026-03-29,
16,0:04:12,0:04:21,Run,,FALSE,Draws.mp4,Draw_16.mp4,Draw_,.mp4,2026-03-29,
17,0:04:33,0:04:46,scramble,,FALSE,Draws.mp4,Scramble_1.mp4,Scramble_,.mp4,2026-03-29,
18,0:04:56,0:05:09,scramble,,FALSE,Draws.mp4,Scramble_2.mp4,Scramble_,.mp4,2026-03-29,
19,0:05:27,0:05:35,Run,,FALSE,Draws.mp4,Draw_19.mp4,Draw_,.mp4,2026-03-29,
20,0:05:47,0:05:54,Run,,FALSE,Draws.mp4,Draw_20.mp4,Draw_,.mp4,2026-03-29,
21,0:06:01,0:06:12,Run,,FALSE,Draws.mp4,Draw_21.mp4,Draw_,.mp4,2026-03-29,
22,0:06:16,0:06:26,Run,,FALSE,Draws.mp4,Draw_22.mp4,Draw_,.mp4,2026-03-29,
23,0:06:36,0:06:44,Run,,FALSE,Draws.mp4,Draw_23.mp4,Draw_,.mp4,2026-03-29,
24,0:06:46,0:06:55,Run,,FALSE,Draws.mp4,Draw_24.mp4,Draw_,.mp4,2026-03-29,
25,0:07:05,0:07:21,Run,,FALSE,Draws.mp4,Draw_25.mp4,Draw_,.mp4,2026-03-29,
26,0:07:33,0:07:48,Run,,FALSE,Draws.mp4,Draw_26.mp4,Draw_,.mp4,2026-03-29,
27,0:07:58,0:08:06,Run,,FALSE,Draws.mp4,Draw_27.mp4,Draw_,.mp4,2026-03-29,
28,0:08:11,0:08:22,Run,,FALSE,Draws.mp4,Draw_28.mp4,Draw_,.mp4,2026-03-29,
29,0:08:27,0:08:38,Run,,FALSE,Draws.mp4,Draw_29.mp4,Draw_,.mp4,2026-03-29,
30,0:08:45,0:08:57,Run,,FALSE,Draws.mp4,Draw_30.mp4,Draw_,.mp4,2026-03-29,
31,0:09:05,0:09:15,Run,,FALSE,Draws.mp4,Draw_31.mp4,Draw_,.mp4,2026-03-29,
32,0:09:19,0:09:29,Run,,FALSE,Draws.mp4,Draw_32.mp4,Draw_,.mp4,2026-03-29,
33,0:09:38,0:09:48,Run,,FALSE,Draws.mp4,Draw_33.mp4,Draw_,.mp4,2026-03-29,
34,0:09:54,0:10:02,Run,,FALSE,Draws.mp4,Draw_34.mp4,Draw_,.mp4,2026-03-29,
35,0:10:12,0:10:22,Run,,FALSE,Draws.mp4,Draw_35.mp4,Draw_,.mp4,2026-03-29,
36,0:10:28,0:10:38,Run,,FALSE,Draws.mp4,Draw_36.mp4,Draw_,.mp4,2026-03-29,
37,0:11:01,0:11:11,Run,,FALSE,Draws.mp4,Draw_37.mp4,Draw_,.mp4,2026-03-29,
38,0:11:36,0:11:46,Run,,FALSE,Draws.mp4,Draw_38.mp4,Draw_,.mp4,2026-03-29,
39,0:12:48,0:12:57,Run,,FALSE,Draws.mp4,Draw_39.mp4,Draw_,.mp4,2026-03-29,
40,0:13:08,0:13:18,Run,,FALSE,Draws.mp4,Draw_40.mp4,Draw_,.mp4,2026-03-29,
41,0:13:28,0:13:36,Run,,FALSE,Draws.mp4,Draw_41.mp4,Draw_,.mp4,2026-03-29,
42,0:13:41,0:13:49,Run,,FALSE,Draws.mp4,Draw_42.mp4,Draw_,.mp4,2026-03-29,
43,0:13:59,0:14:07,Run,,FALSE,Draws.mp4,Draw_43.mp4,Draw_,.mp4,2026-03-29,
44,0:14:14,0:14:22,Run,,FALSE,Draws.mp4,Draw_44.mp4,Draw_,.mp4,2026-03-29,
45,0:14:46,0:14:54,Run,,FALSE,Draws.mp4,Draw_45.mp4,Draw_,.mp4,2026-03-29,
46,0:15:15,0:15:23,Run,,FALSE,Draws.mp4,Draw_46.mp4,Draw_,.mp4,2026-03-29,
47,0:15:35,0:15:46,Run,,FALSE,Draws.mp4,Draw_47.mp4,Draw_,.mp4,2026-03-29,
48,0:15:55,0:16:05,Run,,FALSE,Draws.mp4,Draw_48.mp4,Draw_,.mp4,2026-03-29,
49,0:16:13,0:16:21,Run,,FALSE,Draws.mp4,Draw_49.mp4,Draw_,.mp4,2026-03-29,
50,0:16:28,0:16:36,Run,,FALSE,Draws.mp4,Draw_50.mp4,Draw_,.mp4,2026-03-29,
51,0:16:42,0:16:53,Run,,FALSE,Draws.mp4,Draw_51.mp4,Draw_,.mp4,2026-03-29,
52,0:17:00,0:17:11,Run,,FALSE,Draws.mp4,Draw_52.mp4,Draw_,.mp4,2026-03-29,
53,0:17:25,0:17:32,Run,,FALSE,Draws.mp4,Draw_53.mp4,Draw_,.mp4,2026-03-29,
54,0:17:39,0:17:46,Run,,FALSE,Draws.mp4,Draw_54.mp4,Draw_,.mp4,2026-03-29,
55,0:17:53,0:18:02,Run,,FALSE,Draws.mp4,Draw_55.mp4,Draw_,.mp4,2026-03-29,
56,0:18:06,0:18:16,Run,,FALSE,Draws.mp4,Draw_56.mp4,Draw_,.mp4,2026-03-29,
57,0:19:47,0:19:55,Run,,FALSE,Draws.mp4,Draw_57.mp4,Draw_,.mp4,2026-03-29,
58,0:19:58,0:20:07,Run,,FALSE,Draws.mp4,Draw_58.mp4,Draw_,.mp4,2026-03-29,
59,0:20:15,0:20:29,Run,,FALSE,Draws.mp4,Draw_59.mp4,Draw_,.mp4,2026-03-29,
60,0:20:34,0:20:47,Run,,FALSE,Draws.mp4,Draw_60.mp4,Draw_,.mp4,2026-03-29,
61,0:20:56,0:21:04,Run,,FALSE,Draws.mp4,Draw_61.mp4,Draw_,.mp4,2026-03-29,
62,0:21:09,0:21:17,Run,,FALSE,Draws.mp4,Draw_62.mp4,Draw_,.mp4,2026-03-29,
63,0:21:29,0:21:40,Run,,FALSE,Draws.mp4,Draw_63.mp4,Draw_,.mp4,2026-03-29,
64,0:21:44,0:21:54,Run,,FALSE,Draws.mp4,Draw_64.mp4,Draw_,.mp4,2026-03-29,
65,0:22:01,0:22:14,Run,,FALSE,Draws.mp4,Draw_65.mp4,Draw_,.mp4,2026-03-29,
66,0:22:22,0:22:35,Run,,FALSE,Draws.mp4,Draw_66.mp4,Draw_,.mp4,2026-03-29,
67,0:22:45,0:22:53,Run,,FALSE,Draws.mp4,Draw_67.mp4,Draw_,.mp4,2026-03-29,
68,0:22:58,0:23:06,Run,,FALSE,Draws.mp4,Draw_68.mp4,Draw_,.mp4,2026-03-29,
69,0:23:15,0:23:23,Run,,FALSE,Draws.mp4,Draw_69.mp4,Draw_,.mp4,2026-03-29,
70,0:23:31,0:23:39,Run,,FALSE,Draws.mp4,Draw_70.mp4,Draw_,.mp4,2026-03-29,
71,0:24:05,0:24:13,Run,,FALSE,Draws.mp4,Draw_71.mp4,Draw_,.mp4,2026-03-29,
72,0:24:23,0:24:31,Run,,FALSE,Draws.mp4,Draw_72.mp4,Draw_,.mp4,2026-03-29,
73,0:24:45,0:24:55,Run,,FALSE,Draws.mp4,Draw_73.mp4,Draw_,.mp4,2026-03-29,
74,0:25:08,0:25:17,Run,,FALSE,Draws.mp4,Draw_74.mp4,Draw_,.mp4,2026-03-29,
75,0:26:05,0:26:13,Run,,FALSE,Draws.mp4,Draw_75.mp4,Draw_,.mp4,2026-03-29,
76,0:26:21,0:26:28,Run,,FALSE,Draws.mp4,Draw_76.mp4,Draw_,.mp4,2026-03-29,
77,0:27:27,0:27:35,Run,,FALSE,Draws.mp4,Draw_77.mp4,Draw_,.mp4,2026-03-29,
78,0:27:44,0:27:52,Run,,FALSE,Draws.mp4,Draw_78.mp4,Draw_,.mp4,2026-03-29,
79,0:31:14,0:31:23,Run,,FALSE,Draws.mp4,Draw_79.mp4,Draw_,.mp4,2026-03-29,
80,0:31:32,0:31:40,Run,,FALSE,Draws.mp4,Draw_80.mp4,Draw_,.mp4,2026-03-29,
81,0:31:49,0:31:57,Run,,FALSE,Draws.mp4,Draw_81.mp4,Draw_,.mp4,2026-03-29,
82,0:32:23,0:32:32,Run,,FALSE,Draws.mp4,Draw_82.mp4,Draw_,.mp4,2026-03-29,
83,0:32:38,0:32:46,Run,,FALSE,Draws.mp4,Draw_83.mp4,Draw_,.mp4,2026-03-29,
84,0:33:38,0:33:46,Run,,FALSE,Draws.mp4,Draw_84.mp4,Draw_,.mp4,2026-03-29,
85,0:33:59,0:34:07,Run,,FALSE,Draws.mp4,Draw_85.mp4,Draw_,.mp4,2026-03-29,
86,0:35:20,0:35:28,Run,,FALSE,Draws.mp4,Draw_86.mp4,Draw_,.mp4,2026-03-29,
87,0:35:38,0:35:46,Run,,FALSE,Draws.mp4,Draw_87.mp4,Draw_,.mp4,2026-03-29,
88,0:35:58,0:36:06,Run,,FALSE,Draws.mp4,Draw_88.mp4,Draw_,.mp4,2026-03-29,
89,0:36:14,0:36:22,Run,,FALSE,Draws.mp4,Draw_89.mp4,Draw_,.mp4,2026-03-29,
90,0:36:28,0:36:37,Run,,FALSE,Draws.mp4,Draw_90.mp4,Draw_,.mp4,2026-03-29,
91,0:36:41,0:36:51,Run,,FALSE,Draws.mp4,Draw_91.mp4,Draw_,.mp4,2026-03-29,
92,0:37:05,0:37:13,Run,,FALSE,Draws.mp4,Draw_92.mp4,Draw_,.mp4,2026-03-29,
93,0:37:17,0:37:25,Run,,FALSE,Draws.mp4,Draw_93.mp4,Draw_,.mp4,2026-03-29,
94,0:37:36,0:37:50,Run,,FALSE,Draws.mp4,Draw_94.mp4,Draw_,.mp4,2026-03-29,
95,0:37:59,0:38:13,Run,,FALSE,Draws.mp4,Draw_95.mp4,Draw_,.mp4,2026-03-29,
96,0:38:21,0:38:29,Run,,FALSE,Draws.mp4,Draw_96.mp4,Draw_,.mp4,2026-03-29,
97,0:38:39,0:38:47,Run,,FALSE,Draws.mp4,Draw_97.mp4,Draw_,.mp4,2026-03-29,
1,0:00:02,0:00:13,Run,,FALSE,JetSweeps.mp4,JetSweep_1.mp4,JetSweep_,.mp4,2026-03-29,
2,0:00:19,0:00:28,Run,,FALSE,JetSweeps.mp4,JetSweep_2.mp4,JetSweep_,.mp4,2026-03-29,
3,0:00:39,0:00:48,Run,,FALSE,JetSweeps.mp4,JetSweep_3.mp4,JetSweep_,.mp4,2026-03-29,
4,0:00:55,0:01:06,Run,,FALSE,JetSweeps.mp4,JetSweep_4.mp4,JetSweep_,.mp4,2026-03-29,
5,0:01:16,0:01:26,Run,,FALSE,JetSweeps.mp4,JetSweep_5.mp4,JetSweep_,.mp4,2026-03-29,
6,0:01:36,0:01:44,Run,,FALSE,JetSweeps.mp4,JetSweep_6.mp4,JetSweep_,.mp4,2026-03-29,
7,0:01:50,0:01:59,Run,,FALSE,JetSweeps.mp4,JetSweep_7.mp4,JetSweep_,.mp4,2026-03-29,
8,0:02:05,0:02:14,Run,,FALSE,JetSweeps.mp4,JetSweep_8.mp4,JetSweep_,.mp4,2026-03-29,
9,0:02:24,0:02:30,Run,,FALSE,JetSweeps.mp4,JetSweep_9.mp4,JetSweep_,.mp4,2026-03-29,
10,0:02:35,0:02:43,Run,,FALSE,JetSweeps.mp4,JetSweep_10.mp4,JetSweep_,.mp4,2026-03-29,
11,0:02:58,0:03:06,Run,,FALSE,JetSweeps.mp4,JetSweep_11.mp4,JetSweep_,.mp4,2026-03-29,
12,0:03:16,0:03:22,Run,,FALSE,JetSweeps.mp4,JetSweep_12.mp4,JetSweep_,.mp4,2026-03-29,
13,0:03:32,0:03:40,Run,,FALSE,JetSweeps.mp4,JetSweep_13.mp4,JetSweep_,.mp4,2026-03-29,
14,0:03:49,0:03:56,Run,,FALSE,JetSweeps.mp4,JetSweep_14.mp4,JetSweep_,.mp4,2026-03-29,
15,0:04:04,0:04:10,Run,,FALSE,JetSweeps.mp4,JetSweep_15.mp4,JetSweep_,.mp4,2026-03-29,
16,0:04:17,0:04:24,Run,,FALSE,JetSweeps.mp4,JetSweep_16.mp4,JetSweep_,.mp4,2026-03-29,
17,0:04:34,0:04:41,Run,,FALSE,JetSweeps.mp4,JetSweep_17.mp4,JetSweep_,.mp4,2026-03-29,
18,0:04:46,0:04:55,Run,,FALSE,JetSweeps.mp4,JetSweep_18.mp4,JetSweep_,.mp4,2026-03-29,
19,0:05:03,0:05:09,Run,,FALSE,JetSweeps.mp4,JetSweep_19.mp4,JetSweep_,.mp4,2026-03-29,
20,0:05:15,0:05:22,Run,,FALSE,JetSweeps.mp4,JetSweep_20.mp4,JetSweep_,.mp4,2026-03-29,
21,0:05:36,0:05:44,Run,,FALSE,JetSweeps.mp4,JetSweep_21.mp4,JetSweep_,.mp4,2026-03-29,
22,0:05:49,0:05:56,Run,,FALSE,JetSweeps.mp4,JetSweep_22.mp4,JetSweep_,.mp4,2026-03-29,
23,0:06:04,0:06:12,Run,,FALSE,JetSweeps.mp4,JetSweep_23.mp4,JetSweep_,.mp4,2026-03-29,
24,0:06:17,0:06:27,Run,,FALSE,JetSweeps.mp4,JetSweep_24.mp4,JetSweep_,.mp4,2026-03-29,
25,0:06:37,0:06:44,Run,,FALSE,JetSweeps.mp4,JetSweep_25.mp4,JetSweep_,.mp4,2026-03-29,
26,0:06:48,0:06:58,Run,,FALSE,JetSweeps.mp4,JetSweep_26.mp4,JetSweep_,.mp4,2026-03-29,
27,0:07:04,0:07:13,Run,,FALSE,JetSweeps.mp4,JetSweep_27.mp4,JetSweep_,.mp4,2026-03-29,
28,0:07:19,0:07:29,Run,,FALSE,JetSweeps.mp4,JetSweep_28.mp4,JetSweep_,.mp4,2026-03-29,
29,0:07:37,0:07:45,Run,,FALSE,JetSweeps.mp4,JetSweep_29.mp4,JetSweep_,.mp4,2026-03-29,
30,0:07:57,0:08:06,Run,,FALSE,JetSweeps.mp4,JetSweep_30.mp4,JetSweep_,.mp4,2026-03-29,
31,0:08:17,0:08:24,Run,,FALSE,JetSweeps.mp4,JetSweep_31.mp4,JetSweep_,.mp4,2026-03-29,
32,0:08:30,0:08:40,Run,,FALSE,JetSweeps.mp4,JetSweep_32.mp4,JetSweep_,.mp4,2026-03-29,
33,0:08:44,0:08:51,Run,,FALSE,JetSweeps.mp4,JetSweep_33.mp4,JetSweep_,.mp4,2026-03-29,
34,0:09:07,0:09:17,Run,,FALSE,JetSweeps.mp4,JetSweep_34.mp4,JetSweep_,.mp4,2026-03-29,
35,0:09:20,0:09:30,Run,,FALSE,JetSweeps.mp4,JetSweep_35.mp4,JetSweep_,.mp4,2026-03-29,
36,0:09:35,0:09:46,Run,,FALSE,JetSweeps.mp4,JetSweep_36.mp4,JetSweep_,.mp4,2026-03-29,
37,0:09:52,0:10:02,Run,,FALSE,JetSweeps.mp4,JetSweep_37.mp4,JetSweep_,.mp4,2026-03-29,
38,0:10:09,0:10:17,Run,,FALSE,JetSweeps.mp4,JetSweep_38.mp4,JetSweep_,.mp4,2026-03-29,
39,0:10:21,0:10:30,Run,,FALSE,JetSweeps.mp4,JetSweep_39.mp4,JetSweep_,.mp4,2026-03-29,
40,0:10:36,0:10:45,Run,,FALSE,JetSweeps.mp4,JetSweep_40.mp4,JetSweep_,.mp4,2026-03-29,
41,0:10:50,0:11:00,Run,,FALSE,JetSweeps.mp4,JetSweep_41.mp4,JetSweep_,.mp4,2026-03-29,
42,0:11:10,0:11:20,Run,,FALSE,JetSweeps.mp4,JetSweep_42.mp4,JetSweep_,.mp4,2026-03-29,
43,0:11:30,0:11:37,Run,,FALSE,JetSweeps.mp4,JetSweep_43.mp4,JetSweep_,.mp4,2026-03-29,
44,0:11:53,0:12:02,Run,,FALSE,JetSweeps.mp4,JetSweep_44.mp4,JetSweep_,.mp4,2026-03-29,
45,0:12:06,0:12:13,Run,,FALSE,JetSweeps.mp4,JetSweep_45.mp4,JetSweep_,.mp4,2026-03-29,
46,0:12:21,0:12:30,Run,,FALSE,JetSweeps.mp4,JetSweep_46.mp4,JetSweep_,.mp4,2026-03-29,
47,0:12:35,0:12:45,Run,,FALSE,JetSweeps.mp4,JetSweep_47.mp4,JetSweep_,.mp4,2026-03-29,
48,0:12:53,0:13:02,Run,,FALSE,JetSweeps.mp4,JetSweep_48.mp4,JetSweep_,.mp4,2026-03-29,
49,0:13:08,0:13:19,Run,,FALSE,JetSweeps.mp4,JetSweep_49.mp4,JetSweep_,.mp4,2026-03-29,
50,0:13:26,0:13:39,Run,,FALSE,JetSweeps.mp4,JetSweep_50.mp4,JetSweep_,.mp4,2026-03-29,
51,0:13:45,0:13:58,Run,,FALSE,JetSweeps.mp4,JetSweep_51.mp4,JetSweep_,.mp4,2026-03-29,
52,0:14:08,0:14:17,Run,,FALSE,JetSweeps.mp4,JetSweep_52.mp4,JetSweep_,.mp4,2026-03-29,
53,0:14:21,0:14:31,Run,,FALSE,JetSweeps.mp4,JetSweep_53.mp4,JetSweep_,.mp4,2026-03-29,
54,0:14:51,0:14:59,Run,,FALSE,JetSweeps.mp4,JetSweep_54.mp4,JetSweep_,.mp4,2026-03-29,
55,0:15:05,0:15:12,Run,,FALSE,JetSweeps.mp4,JetSweep_55.mp4,JetSweep_,.mp4,2026-03-29,
56,0:15:22,0:15:32,Run,,FALSE,JetSweeps.mp4,JetSweep_56.mp4,JetSweep_,.mp4,2026-03-29,
57,0:15:42,0:15:49,Run,,FALSE,JetSweeps.mp4,JetSweep_57.mp4,JetSweep_,.mp4,2026-03-29,
58,0:16:02,0:16:12,Run,,FALSE,JetSweeps.mp4,JetSweep_58.mp4,JetSweep_,.mp4,2026-03-29,
59,0:16:22,0:16:30,Run,,FALSE,JetSweeps.mp4,JetSweep_59.mp4,JetSweep_,.mp4,2026-03-29,
60,0:16:51,0:17:02,Run,,FALSE,JetSweeps.mp4,JetSweep_60.mp4,JetSweep_,.mp4,2026-03-29,
61,0:17:15,0:17:24,Run,,FALSE,JetSweeps.mp4,JetSweep_61.mp4,JetSweep_,.mp4,2026-03-29,
62,0:17:40,0:17:49,Run,,FALSE,JetSweeps.mp4,JetSweep_62.mp4,JetSweep_,.mp4,2026-03-29,
63,0:17:53,0:18:02,Run,,FALSE,JetSweeps.mp4,JetSweep_63.mp4,JetSweep_,.mp4,2026-03-29,
64,0:18:12,0:18:21,Run,,FALSE,JetSweeps.mp4,JetSweep_64.mp4,JetSweep_,.mp4,2026-03-29,
65,0:18:25,0:18:37,Run,,FALSE,JetSweeps.mp4,JetSweep_65.mp4,JetSweep_,.mp4,2026-03-29,
66,0:18:42,0:18:51,Run,,FALSE,JetSweeps.mp4,JetSweep_66.mp4,JetSweep_,.mp4,2026-03-29,
67,0:18:56,0:19:05,Run,,FALSE,JetSweeps.mp4,JetSweep_67.mp4,JetSweep_,.mp4,2026-03-29,
68,0:19:13,0:19:22,Run,,FALSE,JetSweeps.mp4,JetSweep_68.mp4,JetSweep_,.mp4,2026-03-29,
69,0:19:25,0:19:33,Run,,FALSE,JetSweeps.mp4,JetSweep_69.mp4,JetSweep_,.mp4,2026-03-29,
70,0:19:47,0:19:57,Run,,FALSE,JetSweeps.mp4,JetSweep_70.mp4,JetSweep_,.mp4,2026-03-29,
71,0:20:10,0:20:21,Run,,FALSE,JetSweeps.mp4,JetSweep_71.mp4,JetSweep_,.mp4,2026-03-29,
72,0:20:31,0:20:48,Run,,FALSE,JetSweeps.mp4,JetSweep_72.mp4,JetSweep_,.mp4,2026-03-29,
73,0:20:52,0:21:06,Run,,FALSE,JetSweeps.mp4,JetSweep_73.mp4,JetSweep_,.mp4,2026-03-29,
74,0:21:15,0:21:26,Run,,FALSE,JetSweeps.mp4,JetSweep_74.mp4,JetSweep_,.mp4,2026-03-29,
75,0:21:34,0:21:43,Run,,FALSE,JetSweeps.mp4,JetSweep_75.mp4,JetSweep_,.mp4,2026-03-29,
76,0:21:50,0:22:04,Run,,FALSE,JetSweeps.mp4,JetSweep_76.mp4,JetSweep_,.mp4,2026-03-29,
77,0:22:10,0:22:23,Run,,FALSE,JetSweeps.mp4,JetSweep_77.mp4,JetSweep_,.mp4,2026-03-29,
78,0:22:36,0:22:44,Run,,FALSE,JetSweeps.mp4,JetSweep_78.mp4,JetSweep_,.mp4,2026-03-29,
79,0:22:54,0:23:01,Run,,FALSE,JetSweeps.mp4,JetSweep_79.mp4,JetSweep_,.mp4,2026-03-29,
80,0:23:08,0:23:16,Run,,FALSE,JetSweeps.mp4,JetSweep_80.mp4,JetSweep_,.mp4,2026-03-29,
81,0:23:21,0:23:29,Run,,FALSE,JetSweeps.mp4,JetSweep_81.mp4,JetSweep_,.mp4,2026-03-29,
82,0:23:39,0:23:48,Run,,FALSE,JetSweeps.mp4,JetSweep_82.mp4,JetSweep_,.mp4,2026-03-29,
83,0:23:56,0:24:04,Run,,FALSE,JetSweeps.mp4,JetSweep_83.mp4,JetSweep_,.mp4,2026-03-29,
84,0:24:14,0:24:21,Run,,FALSE,JetSweeps.mp4,JetSweep_84.mp4,JetSweep_,.mp4,2026-03-29,
85,0:24:27,0:24:36,Run,,FALSE,JetSweeps.mp4,JetSweep_85.mp4,JetSweep_,.mp4,2026-03-29,
86,0:24:55,0:25:06,Run,,FALSE,JetSweeps.mp4,JetSweep_86.mp4,JetSweep_,.mp4,2026-03-29,
87,0:25:16,0:25:28,Run,,FALSE,JetSweeps.mp4,JetSweep_87.mp4,JetSweep_,.mp4,2026-03-29,
88,0:25:35,0:25:48,Run,,FALSE,JetSweeps.mp4,JetSweep_88.mp4,JetSweep_,.mp4,2026-03-29,
89,0:25:53,0:26:04,Run,,FALSE,JetSweeps.mp4,JetSweep_89.mp4,JetSweep_,.mp4,2026-03-29,
90,0:26:47,0:26:56,Run,,FALSE,JetSweeps.mp4,JetSweep_90.mp4,JetSweep_,.mp4,2026-03-29,
91,0:27:06,0:27:15,Run,,FALSE,JetSweeps.mp4,JetSweep_91.mp4,JetSweep_,.mp4,2026-03-29,
92,0:27:22,0:27:35,Run,,FALSE,JetSweeps.mp4,JetSweep_92.mp4,JetSweep_,.mp4,2026-03-29,
93,0:27:42,0:27:54,Run,,FALSE,JetSweeps.mp4,JetSweep_93.mp4,JetSweep_,.mp4,2026-03-29,
94,0:28:03,0:28:15,Run,,FALSE,JetSweeps.mp4,JetSweep_94.mp4,JetSweep_,.mp4,2026-03-29,
95,0:28:23,0:28:36,Run,,FALSE,JetSweeps.mp4,JetSweep_95.mp4,JetSweep_,.mp4,2026-03-29,
96,0:28:44,0:28:55,Run,,FALSE,JetSweeps.mp4,JetSweep_96.mp4,JetSweep_,.mp4,2026-03-29,
97,0:29:01,0:29:12,Run,,FALSE,JetSweeps.mp4,JetSweep_97.mp4,JetSweep_,.mp4,2026-03-29,
98,0:29:25,0:29:32,Run,,FALSE,JetSweeps.mp4,JetSweep_98.mp4,JetSweep_,.mp4,2026-03-29,
99,0:29:36,0:29:43,Run,,FALSE,JetSweeps.mp4,JetSweep_99.mp4,JetSweep_,.mp4,2026-03-29,
100,0:29:57,0:30:09,Run,,FALSE,JetSweeps.mp4,JetSweep_100.mp4,JetSweep_,.mp4,2026-03-29,
101,0:30:18,0:30:27,Run,,FALSE,JetSweeps.mp4,JetSweep_101.mp4,JetSweep_,.mp4,2026-03-29,
102,0:30:37,0:30:50,Run,,FALSE,JetSweeps.mp4,JetSweep_102.mp4,JetSweep_,.mp4,2026-03-29,
103,0:30:54,0:31:06,Run,,FALSE,JetSweeps.mp4,JetSweep_103.mp4,JetSweep_,.mp4,2026-03-29,
104,0:31:16,0:31:23,Run,,FALSE,JetSweeps.mp4,JetSweep_104.mp4,JetSweep_,.mp4,2026-03-29,
105,0:31:28,0:31:35,Run,,FALSE,JetSweeps.mp4,JetSweep_105.mp4,JetSweep_,.mp4,2026-03-29,
106,0:31:47,0:31:57,Run,,FALSE,JetSweeps.mp4,JetSweep_106.mp4,JetSweep_,.mp4,2026-03-29,
107,0:32:03,0:32:14,Run,,FALSE,JetSweeps.mp4,JetSweep_107.mp4,JetSweep_,.mp4,2026-03-29,
108,0:32:24,0:32:33,Run,,FALSE,JetSweeps.mp4,JetSweep_108.mp4,JetSweep_,.mp4,2026-03-29,
109,0:32:43,0:32:49,Run,,FALSE,JetSweeps.mp4,JetSweep_109.mp4,JetSweep_,.mp4,2026-03-29,
110,0:32:56,0:33:04,Run,,FALSE,JetSweeps.mp4,JetSweep_110.mp4,JetSweep_,.mp4,2026-03-29,
111,0:33:08,0:33:16,Run,,FALSE,JetSweeps.mp4,JetSweep_111.mp4,JetSweep_,.mp4,2026-03-29,
112,0:33:28,0:33:36,Run,,FALSE,JetSweeps.mp4,JetSweep_112.mp4,JetSweep_,.mp4,2026-03-29,
113,0:33:46,0:33:53,Run,,FALSE,JetSweeps.mp4,JetSweep_113.mp4,JetSweep_,.mp4,2026-03-29,
114,0:34:01,0:34:11,Run,,FALSE,JetSweeps.mp4,JetSweep_114.mp4,JetSweep_,.mp4,2026-03-29,
115,0:34:17,0:34:26,Run,,FALSE,JetSweeps.mp4,JetSweep_115.mp4,JetSweep_,.mp4,2026-03-29,
116,0:34:39,0:34:50,Run,,FALSE,JetSweeps.mp4,JetSweep_116.mp4,JetSweep_,.mp4,2026-03-29,
117,0:34:56,0:35:06,Run,,FALSE,JetSweeps.mp4,JetSweep_117.mp4,JetSweep_,.mp4,2026-03-29,
118,0:35:13,0:35:20,Run,,FALSE,JetSweeps.mp4,JetSweep_118.mp4,JetSweep_,.mp4,2026-03-29,
119,0:35:26,0:35:34,Run,,FALSE,JetSweeps.mp4,JetSweep_119.mp4,JetSweep_,.mp4,2026-03-29,
120,0:35:41,0:35:49,Run,,FALSE,JetSweeps.mp4,JetSweep_120.mp4,JetSweep_,.mp4,2026-03-29,
121,0:35:55,0:36:05,Run,,FALSE,JetSweeps.mp4,JetSweep_121.mp4,JetSweep_,.mp4,2026-03-29,
122,0:36:15,0:36:24,Run,,FALSE,JetSweeps.mp4,JetSweep_122.mp4,JetSweep_,.mp4,2026-03-29,
123,0:36:50,0:36:58,Run,,FALSE,JetSweeps.mp4,JetSweep_123.mp4,JetSweep_,.mp4,2026-03-29,
124,0:37:05,0:37:12,Run,,FALSE,JetSweeps.mp4,JetSweep_124.mp4,JetSweep_,.mp4,2026-03-29,
125,0:37:20,0:37:28,Run,,FALSE,JetSweeps.mp4,JetSweep_125.mp4,JetSweep_,.mp4,2026-03-29,
126,0:37:38,0:37:44,Run,,FALSE,JetSweeps.mp4,JetSweep_126.mp4,JetSweep_,.mp4,2026-03-29,
127,0:37:54,0:38:03,Run,,FALSE,JetSweeps.mp4,JetSweep_127.mp4,JetSweep_,.mp4,2026-03-29,
128,0:38:09,0:38:16,Run,,FALSE,JetSweeps.mp4,JetSweep_128.mp4,JetSweep_,.mp4,2026-03-29,
129,0:38:33,0:38:42,Run,,FALSE,JetSweeps.mp4,JetSweep_129.mp4,JetSweep_,.mp4,2026-03-29,
130,0:38:52,0:38:59,Run,,FALSE,JetSweeps.mp4,JetSweep_130.mp4,JetSweep_,.mp4,2026-03-29,
131,0:39:06,0:39:13,Run,,FALSE,JetSweeps.mp4,JetSweep_131.mp4,JetSweep_,.mp4,2026-03-29,
132,0:39:19,0:39:27,Run,,FALSE,JetSweeps.mp4,JetSweep_132.mp4,JetSweep_,.mp4,2026-03-29,
133,0:39:42,0:39:54,Run,,FALSE,JetSweeps.mp4,JetSweep_133.mp4,JetSweep_,.mp4,2026-03-29,
134,0:40:02,0:40:14,Run,,FALSE,JetSweeps.mp4,JetSweep_134.mp4,JetSweep_,.mp4,2026-03-29,
135,0:40:24,0:40:31,Run,,FALSE,JetSweeps.mp4,JetSweep_135.mp4,JetSweep_,.mp4,2026-03-29,
136,0:40:38,0:40:46,Run,,FALSE,JetSweeps.mp4,JetSweep_136.mp4,JetSweep_,.mp4,2026-03-29,
137,0:40:58,0:41:06,Run,,FALSE,JetSweeps.mp4,JetSweep_137.mp4,JetSweep_,.mp4,2026-03-29,
138,0:41:16,0:41:24,Run,,FALSE,JetSweeps.mp4,JetSweep_138.mp4,JetSweep_,.mp4,2026-03-29,
139,0:41:35,0:41:46,Run,,FALSE,JetSweeps.mp4,JetSweep_139.mp4,JetSweep_,.mp4,2026-03-29,
140,0:41:52,0:42:03,Run,,FALSE,JetSweeps.mp4,JetSweep_140.mp4,JetSweep_,.mp4,2026-03-29,
141,0:42:13,0:42:19,Run,,FALSE,JetSweeps.mp4,JetSweep_141.mp4,JetSweep_,.mp4,2026-03-29,
142,0:42:25,0:42:32,Run,,FALSE,JetSweeps.mp4,JetSweep_142.mp4,JetSweep_,.mp4,2026-03-29,
143,0:42:41,0:42:48,Run,,FALSE,JetSweeps.mp4,JetSweep_143.mp4,JetSweep_,.mp4,2026-03-29,
144,0:42:54,0:43:02,Run,,FALSE,JetSweeps.mp4,JetSweep_144.mp4,JetSweep_,.mp4,2026-03-29,
145,0:43:10,0:43:19,Run,,FALSE,JetSweeps.mp4,JetSweep_145.mp4,JetSweep_,.mp4,2026-03-29,
146,0:43:24,0:43:31,Run,,FALSE,JetSweeps.mp4,JetSweep_146.mp4,JetSweep_,.mp4,2026-03-29,
147,0:43:43,0:43:51,Run,,FALSE,JetSweeps.mp4,JetSweep_147.mp4,JetSweep_,.mp4,2026-03-29,
148,0:43:57,0:44:05,Run,,FALSE,JetSweeps.mp4,JetSweep_148.mp4,JetSweep_,.mp4,2026-03-29,
149,0:44:18,0:44:26,Run,,FALSE,JetSweeps.mp4,JetSweep_149.mp4,JetSweep_,.mp4,2026-03-29,
150,0:44:32,0:44:39,Run,,FALSE,JetSweeps.mp4,JetSweep_150.mp4,JetSweep_,.mp4,2026-03-29,
151,0:44:48,0:44:56,Run,,FALSE,JetSweeps.mp4,JetSweep_151.mp4,JetSweep_,.mp4,2026-03-29,
152,0:45:02,0:45:11,Run,,FALSE,JetSweeps.mp4,JetSweep_152.mp4,JetSweep_,.mp4,2026-03-29,
153,0:45:21,0:45:31,Run,,FALSE,JetSweeps.mp4,JetSweep_153.mp4,JetSweep_,.mp4,2026-03-29,
154,0:45:46,0:45:56,Run,,FALSE,JetSweeps.mp4,JetSweep_154.mp4,JetSweep_,.mp4,2026-03-29,
155,0:46:13,0:46:21,Run,,FALSE,JetSweeps.mp4,JetSweep_155.mp4,JetSweep_,.mp4,2026-03-29,
156,0:46:26,0:46:33,Run,,FALSE,JetSweeps.mp4,JetSweep_156.mp4,JetSweep_,.mp4,2026-03-29,
157,0:46:45,0:46:54,Run,,FALSE,JetSweeps.mp4,JetSweep_157.mp4,JetSweep_,.mp4,2026-03-29,
158,0:47:05,0:47:13,Run,,FALSE,JetSweeps.mp4,JetSweep_158.mp4,JetSweep_,.mp4,2026-03-29,
159,0:47:22,0:47:30,Run,,FALSE,JetSweeps.mp4,JetSweep_159.mp4,JetSweep_,.mp4,2026-03-29,
160,0:47:34,0:47:45,Run,,FALSE,JetSweeps.mp4,JetSweep_160.mp4,JetSweep_,.mp4,2026-03-29,
161,0:47:50,0:47:57,Run,,FALSE,JetSweeps.mp4,JetSweep_161.mp4,JetSweep_,.mp4,2026-03-29,
162,0:48:05,0:48:13,Run,,FALSE,JetSweeps.mp4,JetSweep_162.mp4,JetSweep_,.mp4,2026-03-29,
163,0:48:19,0:48:31,Run,,FALSE,JetSweeps.mp4,JetSweep_163.mp4,JetSweep_,.mp4,2026-03-29,
164,0:48:34,0:48:44,Run,,FALSE,JetSweeps.mp4,JetSweep_164.mp4,JetSweep_,.mp4,2026-03-29,
165,0:48:56,0:49:05,Run,,FALSE,JetSweeps.mp4,JetSweep_165.mp4,JetSweep_,.mp4,2026-03-29,
166,0:49:14,0:49:24,Run,,FALSE,JetSweeps.mp4,JetSweep_166.mp4,JetSweep_,.mp4,2026-03-29,
167,0:49:34,0:49:42,Run,,FALSE,JetSweeps.mp4,JetSweep_167.mp4,JetSweep_,.mp4,2026-03-29,
168,0:49:52,0:49:59,Run,,FALSE,JetSweeps.mp4,JetSweep_168.mp4,JetSweep_,.mp4,2026-03-29,
169,0:50:12,0:50:25,Run,,FALSE,JetSweeps.mp4,JetSweep_169.mp4,JetSweep_,.mp4,2026-03-29,
170,0:50:35,0:50:44,Run,,FALSE,JetSweeps.mp4,JetSweep_170.mp4,JetSweep_,.mp4,2026-03-29,
171,0:50:56,0:51:05,Run,,FALSE,JetSweeps.mp4,JetSweep_171.mp4,JetSweep_,.mp4,2026-03-29,
172,0:51:12,0:51:24,Run,,FALSE,JetSweeps.mp4,JetSweep_172.mp4,JetSweep_,.mp4,2026-03-29,
173,0:51:33,0:51:44,Run,,FALSE,JetSweeps.mp4,JetSweep_173.mp4,JetSweep_,.mp4,2026-03-29,
174,0:51:51,0:52:01,Run,,FALSE,JetSweeps.mp4,JetSweep_174.mp4,JetSweep_,.mp4,2026-03-29,
175,0:52:15,0:52:25,Run,,FALSE,JetSweeps.mp4,JetSweep_175.mp4,JetSweep_,.mp4,2026-03-29,
176,0:52:37,0:52:47,Run,,FALSE,JetSweeps.mp4,JetSweep_176.mp4,JetSweep_,.mp4,2026-03-29,
177,0:52:57,0:53:02,Run,,FALSE,JetSweeps.mp4,JetSweep_177.mp4,JetSweep_,.mp4,2026-03-29,
178,0:53:08,0:53:15,Run,,FALSE,JetSweeps.mp4,JetSweep_178.mp4,JetSweep_,.mp4,2026-03-29,
179,0:53:24,0:53:34,Run,,FALSE,JetSweeps.mp4,JetSweep_179.mp4,JetSweep_,.mp4,2026-03-29,
180,0:53:37,0:53:46,Run,,FALSE,JetSweeps.mp4,JetSweep_180.mp4,JetSweep_,.mp4,2026-03-29,
181,0:53:53,0:54:00,Run,,FALSE,JetSweeps.mp4,JetSweep_181.mp4,JetSweep_,.mp4,2026-03-29,
182,0:54:06,0:54:13,Run,,FALSE,JetSweeps.mp4,JetSweep_182.mp4,JetSweep_,.mp4,2026-03-29,
183,0:54:23,0:54:32,Run,,FALSE,JetSweeps.mp4,JetSweep_183.mp4,JetSweep_,.mp4,2026-03-29,
184,0:54:41,0:54:48,Run,,FALSE,JetSweeps.mp4,JetSweep_184.mp4,JetSweep_,.mp4,2026-03-29,
185,0:54:55,0:55:05,Run,,FALSE,JetSweeps.mp4,JetSweep_185.mp4,JetSweep_,.mp4,2026-03-29,
186,0:55:10,0:55:21,Run,,FALSE,JetSweeps.mp4,JetSweep_186.mp4,JetSweep_,.mp4,2026-03-29,
187,0:55:27,0:55:36,Run,,FALSE,JetSweeps.mp4,JetSweep_187.mp4,JetSweep_,.mp4,2026-03-29,
188,0:55:43,0:55:51,Run,,FALSE,JetSweeps.mp4,JetSweep_188.mp4,JetSweep_,.mp4,2026-03-29,
189,0:56:03,0:56:13,Run,,FALSE,JetSweeps.mp4,JetSweep_189.mp4,JetSweep_,.mp4,2026-03-29,
190,0:56:29,0:56:37,Run,,FALSE,JetSweeps.mp4,JetSweep_190.mp4,JetSweep_,.mp4,2026-03-29,
191,0:56:54,0:57:06,Run,,FALSE,JetSweeps.mp4,JetSweep_191.mp4,JetSweep_,.mp4,2026-03-29,
192,0:57:16,0:57:29,Run,,FALSE,JetSweeps.mp4,JetSweep_192.mp4,JetSweep_,.mp4,2026-03-29,
193,0:57:38,0:57:44,Run,,FALSE,JetSweeps.mp4,JetSweep_193.mp4,JetSweep_,.mp4,2026-03-29,
194,0:57:48,0:57:55,Run,,FALSE,JetSweeps.mp4,JetSweep_194.mp4,JetSweep_,.mp4,2026-03-29,
195,0:58:04,0:58:12,Run,,FALSE,JetSweeps.mp4,JetSweep_195.mp4,JetSweep_,.mp4,2026-03-29,
196,0:58:17,0:58:25,Run,,FALSE,JetSweeps.mp4,JetSweep_196.mp4,JetSweep_,.mp4,2026-03-29,
197,0:58:34,0:58:45,Run,,FALSE,JetSweeps.mp4,JetSweep_197.mp4,JetSweep_,.mp4,2026-03-29,
198,0:58:54,0:59:04,Run,,FALSE,JetSweeps.mp4,JetSweep_198.mp4,JetSweep_,.mp4,2026-03-29,
199,0:59:10,0:59:18,Run,,FALSE,JetSweeps.mp4,JetSweep_199.mp4,JetSweep_,.mp4,2026-03-29,
200,0:59:22,0:59:29,Run,,FALSE,JetSweeps.mp4,JetSweep_200.mp4,JetSweep_,.mp4,2026-03-29,
201,0:59:47,0:59:59,Run,,FALSE,JetSweeps.mp4,JetSweep_201.mp4,JetSweep_,.mp4,2026-03-29,
202,1:00:05,1:00:11,Run,,FALSE,JetSweeps.mp4,JetSweep_202.mp4,JetSweep_,.mp4,2026-03-29,
203,1:00:17,1:00:26,Run,,FALSE,JetSweeps.mp4,JetSweep_203.mp4,JetSweep_,.mp4,2026-03-29,
204,1:00:31,1:00:39,Run,,FALSE,JetSweeps.mp4,JetSweep_204.mp4,JetSweep_,.mp4,2026-03-29,
205,1:00:51,1:01:01,Run,,FALSE,JetSweeps.mp4,JetSweep_205.mp4,JetSweep_,.mp4,2026-03-29,
206,1:01:12,1:01:20,Run,,FALSE,JetSweeps.mp4,JetSweep_206.mp4,JetSweep_,.mp4,2026-03-29,
207,1:01:31,1:01:39,Run,,FALSE,JetSweeps.mp4,JetSweep_207.mp4,JetSweep_,.mp4,2026-03-29,
208,1:01:57,1:02:04,Run,,FALSE,JetSweeps.mp4,JetSweep_208.mp4,JetSweep_,.mp4,2026-03-29,
209,1:02:14,1:02:24,Run,,FALSE,JetSweeps.mp4,JetSweep_209.mp4,JetSweep_,.mp4,2026-03-29,
210,1:02:37,1:02:49,Run,,FALSE,JetSweeps.mp4,JetSweep_210.mp4,JetSweep_,.mp4,2026-03-29,
211,1:02:59,1:03:18,Run,,FALSE,JetSweeps.mp4,JetSweep_211.mp4,JetSweep_,.mp4,2026-03-29,
212,1:03:35,1:03:45,Run,,FALSE,JetSweeps.mp4,JetSweep_212.mp4,JetSweep_,.mp4,2026-03-29,
213,1:03:58,1:04:06,Run,,FALSE,JetSweeps.mp4,JetSweep_213.mp4,JetSweep_,.mp4,2026-03-29,
214,1:04:16,1:04:24,Run,,FALSE,JetSweeps.mp4,JetSweep_214.mp4,JetSweep_,.mp4,2026-03-29,
215,1:04:38,1:04:45,Run,,FALSE,JetSweeps.mp4,JetSweep_215.mp4,JetSweep_,.mp4,2026-03-29,
216,1:04:51,1:04:59,Run,,FALSE,JetSweeps.mp4,JetSweep_216.mp4,JetSweep_,.mp4,2026-03-29,
217,1:05:07,1:05:17,Run,,FALSE,JetSweeps.mp4,JetSweep_217.mp4,JetSweep_,.mp4,2026-03-29,
218,1:05:23,1:05:30,Run,,FALSE,JetSweeps.mp4,JetSweep_218.mp4,JetSweep_,.mp4,2026-03-29,
219,1:05:45,1:05:54,Run,,FALSE,JetSweeps.mp4,JetSweep_219.mp4,JetSweep_,.mp4,2026-03-29,
220,1:06:08,1:06:17,Run,,FALSE,JetSweeps.mp4,JetSweep_220.mp4,JetSweep_,.mp4,2026-03-29,
221,1:06:31,1:06:38,Run,,FALSE,JetSweeps.mp4,JetSweep_221.mp4,JetSweep_,.mp4,2026-03-29,
222,1:06:45,1:06:52,Run,,FALSE,JetSweeps.mp4,JetSweep_222.mp4,JetSweep_,.mp4,2026-03-29,
223,1:07:02,1:07:10,Run,,FALSE,JetSweeps.mp4,JetSweep_223.mp4,JetSweep_,.mp4,2026-03-29,
224,1:07:18,1:07:26,Run,,FALSE,JetSweeps.mp4,JetSweep_224.mp4,JetSweep_,.mp4,2026-03-29,
225,1:07:36,1:07:44,Run,,FALSE,JetSweeps.mp4,JetSweep_225.mp4,JetSweep_,.mp4,2026-03-29,
226,1:07:52,1:07:59,Run,,FALSE,JetSweeps.mp4,JetSweep_226.mp4,JetSweep_,.mp4,2026-03-29,
227,1:08:10,1:08:24,Run,,FALSE,JetSweeps.mp4,JetSweep_227.mp4,JetSweep_,.mp4,2026-03-29,
228,1:08:31,1:08:44,Run,,FALSE,JetSweeps.mp4,JetSweep_228.mp4,JetSweep_,.mp4,2026-03-29,
229,1:09:03,1:09:12,Run,,FALSE,JetSweeps.mp4,JetSweep_229.mp4,JetSweep_,.mp4,2026-03-29,
230,1:09:18,1:09:26,Run,,FALSE,JetSweeps.mp4,JetSweep_230.mp4,JetSweep_,.mp4,2026-03-29,
231,1:09:38,1:09:45,Run,,FALSE,JetSweeps.mp4,JetSweep_231.mp4,JetSweep_,.mp4,2026-03-29,
232,1:09:51,1:10:00,Run,,FALSE,JetSweeps.mp4,JetSweep_232.mp4,JetSweep_,.mp4,2026-03-29,
233,1:10:09,1:10:17,Run,,FALSE,JetSweeps.mp4,JetSweep_233.mp4,JetSweep_,.mp4,2026-03-29,
234,1:10:22,1:10:29,Run,,FALSE,JetSweeps.mp4,JetSweep_234.mp4,JetSweep_,.mp4,2026-03-29,
235,1:10:39,1:10:48,Run,,FALSE,JetSweeps.mp4,JetSweep_235.mp4,JetSweep_,.mp4,2026-03-29,
236,1:10:56,1:11:04,Run,,FALSE,JetSweeps.mp4,JetSweep_236.mp4,JetSweep_,.mp4,2026-03-29,
237,1:11:20,1:11:31,Run,,FALSE,JetSweeps.mp4,JetSweep_237.mp4,JetSweep_,.mp4,2026-03-29,
238,1:11:43,1:11:54,Run,,FALSE,JetSweeps.mp4,JetSweep_238.mp4,JetSweep_,.mp4,2026-03-29,
239,1:12:05,1:12:17,Run,,FALSE,JetSweeps.mp4,JetSweep_239.mp4,JetSweep_,.mp4,2026-03-29,
240,1:12:24,1:12:35,Run,,FALSE,JetSweeps.mp4,JetSweep_240.mp4,JetSweep_,.mp4,2026-03-29,
241,1:12:48,1:12:57,Run,,FALSE,JetSweeps.mp4,JetSweep_241.mp4,JetSweep_,.mp4,2026-03-29,
242,1:13:08,1:13:18,Run,,FALSE,JetSweeps.mp4,JetSweep_242.mp4,JetSweep_,.mp4,2026-03-29,
243,1:13:25,1:13:32,Run,,FALSE,JetSweeps.mp4,JetSweep_243.mp4,JetSweep_,.mp4,2026-03-29,
244,1:13:38,1:13:45,Run,,FALSE,JetSweeps.mp4,JetSweep_244.mp4,JetSweep_,.mp4,2026-03-29,
245,1:13:55,1:14:03,Run,,FALSE,JetSweeps.mp4,JetSweep_245.mp4,JetSweep_,.mp4,2026-03-29,
246,1:14:09,1:14:17,Run,,FALSE,JetSweeps.mp4,JetSweep_246.mp4,JetSweep_,.mp4,2026-03-29,
247,1:14:23,1:14:32,Run,,FALSE,JetSweeps.mp4,JetSweep_247.mp4,JetSweep_,.mp4,2026-03-29,
248,1:14:38,1:14:47,Run,,FALSE,JetSweeps.mp4,JetSweep_248.mp4,JetSweep_,.mp4,2026-03-29,
1,0:00:01,0:00:09,Run,S,FALSE,Power.mp4,Power_1.mp4,Power_,.mp4,2026-03-30,
2,0:00:12,0:00:21,Run,E,FALSE,Power.mp4,Power_2.mp4,Power_,.mp4,2026-03-30,
3,0:00:27,0:00:37,Run,S,FALSE,Power.mp4,Power_3.mp4,Power_,.mp4,2026-03-30,
4,0:00:41,0:00:51,Run,E,FALSE,Power.mp4,Power_4.mp4,Power_,.mp4,2026-03-30,
5,0:00:57,0:01:10,Run,S,FALSE,Power.mp4,Power_5.mp4,Power_,.mp4,2026-03-30,
6,0:01:16,0:01:27,Run,E,FALSE,Power.mp4,Power_6.mp4,Power_,.mp4,2026-03-30,
7,0:01:35,0:01:45,Run,S,FALSE,Power.mp4,Power_7.mp4,Power_,.mp4,2026-03-30,
8,0:01:51,0:02:01,Run,E,FALSE,Power.mp4,Power_8.mp4,Power_,.mp4,2026-03-30,
9,0:02:12,0:02:23,Run,S,FALSE,Power.mp4,Power_9.mp4,Power_,.mp4,2026-03-30,
10,0:02:28,0:02:36,Run,E,FALSE,Power.mp4,Power_10.mp4,Power_,.mp4,2026-03-30,
11,0:02:43,0:02:52,Run,S,FALSE,Power.mp4,Power_11.mp4,Power_,.mp4,2026-03-30,
12,0:02:57,0:03:05,Run,E,FALSE,Power.mp4,Power_12.mp4,Power_,.mp4,2026-03-30,
13,0:03:13,0:03:21,Run,S,FALSE,Power.mp4,Power_13.mp4,Power_,.mp4,2026-03-30,
14,0:03:24,0:03:30,Run,E,FALSE,Power.mp4,Power_14.mp4,Power_,.mp4,2026-03-30,
15,0:03:38,0:03:45,Run,S,FALSE,Power.mp4,Power_15.mp4,Power_,.mp4,2026-03-30,
16,0:03:49,0:03:56,Run,E,FALSE,Power.mp4,Power_16.mp4,Power_,.mp4,2026-03-30,
17,0:04:03,0:04:10,Run,S,FALSE,Power.mp4,Power_17.mp4,Power_,.mp4,2026-03-30,
18,0:04:16,0:04:25,Run,E,FALSE,Power.mp4,Power_18.mp4,Power_,.mp4,2026-03-30,
19,0:04:33,0:04:41,Run,S,FALSE,Power.mp4,Power_19.mp4,Power_,.mp4,2026-03-30,
20,0:04:48,0:04:57,Run,E,FALSE,Power.mp4,Power_20.mp4,Power_,.mp4,2026-03-30,
21,0:05:04,0:05:11,Run,S,FALSE,Power.mp4,Power_21.mp4,Power_,.mp4,2026-03-30,
22,0:05:16,0:05:23,Run,E,FALSE,Power.mp4,Power_22.mp4,Power_,.mp4,2026-03-30,
23,0:05:31,0:05:39,Run,S,FALSE,Power.mp4,Power_23.mp4,Power_,.mp4,2026-03-30,
24,0:05:45,0:05:53,Run,E,FALSE,Power.mp4,Power_24.mp4,Power_,.mp4,2026-03-30,
25,0:06:01,0:06:12,Run,S,FALSE,Power.mp4,Power_25.mp4,Power_,.mp4,2026-03-30,
26,0:06:15,0:06:25,Run,E,FALSE,Power.mp4,Power_26.mp4,Power_,.mp4,2026-03-30,
27,0:06:31,0:06:41,Run,S,FALSE,Power.mp4,Power_27.mp4,Power_,.mp4,2026-03-30,
28,0:06:45,0:06:58,Run,E,FALSE,Power.mp4,Power_28.mp4,Power_,.mp4,2026-03-30,
29,0:07:03,0:07:16,Run,S,FALSE,Power.mp4,Power_29.mp4,Power_,.mp4,2026-03-30,
30,0:07:19,0:07:31,Run,E,FALSE,Power.mp4,Power_30.mp4,Power_,.mp4,2026-03-30,
31,0:07:38,0:07:47,Run,S,FALSE,Power.mp4,Power_31.mp4,Power_,.mp4,2026-03-30,
32,0:07:51,0:08:00,Run,E,FALSE,Power.mp4,Power_32.mp4,Power_,.mp4,2026-03-30,
33,0:08:08,0:08:18,Run,S,FALSE,Power.mp4,Power_33.mp4,Power_,.mp4,2026-03-30,
34,0:08:22,0:08:33,Run,E,FALSE,Power.mp4,Power_34.mp4,Power_,.mp4,2026-03-30,
35,0:08:39,0:08:53,Run,S,FALSE,Power.mp4,Power_35.mp4,Power_,.mp4,2026-03-30,
36,0:08:57,0:09:08,Run,E,FALSE,Power.mp4,Power_36.mp4,Power_,.mp4,2026-03-30,
37,0:09:16,0:09:29,Run,S,FALSE,Power.mp4,Power_37.mp4,Power_,.mp4,2026-03-30,
38,0:09:33,0:09:42,Run,E,FALSE,Power.mp4,Power_38.mp4,Power_,.mp4,2026-03-30,
39,0:09:53,0:10:13,Run,S,FALSE,Power.mp4,Power_39.mp4,Power_,.mp4,2026-03-30,
40,0:10:19,0:10:47,Run,E,FALSE,Power.mp4,Power_40.mp4,Power_,.mp4,2026-03-30,
41,0:10:53,0:11:01,Run,S,FALSE,Power.mp4,Power_41.mp4,Power_,.mp4,2026-03-30,
42,0:11:05,0:11:13,Run,E,FALSE,Power.mp4,Power_42.mp4,Power_,.mp4,2026-03-30,
43,0:11:20,0:11:34,Run,S,FALSE,Power.mp4,Power_43.mp4,Power_,.mp4,2026-03-30,
44,0:11:38,0:11:50,Run,E,FALSE,Power.mp4,Power_44.mp4,Power_,.mp4,2026-03-30,
45,0:11:57,0:12:06,Run,S,FALSE,Power.mp4,Power_45.mp4,Power_,.mp4,2026-03-30,
46,0:12:11,0:12:22,Run,E,FALSE,Power.mp4,Power_46.mp4,Power_,.mp4,2026-03-30,
47,0:12:30,0:12:41,Run,S,FALSE,Power.mp4,Power_47.mp4,Power_,.mp4,2026-03-30,
48,0:12:46,0:12:54,Run,E,FALSE,Power.mp4,Power_48.mp4,Power_,.mp4,2026-03-30,
49,0:13:01,0:13:10,Run,S,FALSE,Power.mp4,Power_49.mp4,Power_,.mp4,2026-03-30,
50,0:13:13,0:13:22,Run,E,FALSE,Power.mp4,Power_50.mp4,Power_,.mp4,2026-03-30,
51,0:13:30,0:13:42,Run,S,FALSE,Power.mp4,Power_51.mp4,Power_,.mp4,2026-03-30,
52,0:13:48,0:14:01,Run,E,FALSE,Power.mp4,Power_52.mp4,Power_,.mp4,2026-03-30,
53,0:14:09,0:14:19,Run,S,FALSE,Power.mp4,Power_53.mp4,Power_,.mp4,2026-03-30,
54,0:14:25,0:14:36,Run,E,FALSE,Power.mp4,Power_54.mp4,Power_,.mp4,2026-03-30,
55,0:14:45,0:14:53,Run,S,FALSE,Power.mp4,Power_55.mp4,Power_,.mp4,2026-03-30,
56,0:14:58,0:15:07,Run,E,FALSE,Power.mp4,Power_56.mp4,Power_,.mp4,2026-03-30,
57,0:15:17,0:15:26,Run,S,FALSE,Power.mp4,Power_57.mp4,Power_,.mp4,2026-03-30,
58,0:15:29,0:15:37,Run,E,FALSE,Power.mp4,Power_58.mp4,Power_,.mp4,2026-03-30,
59,0:15:44,0:15:54,Run,S,FALSE,Power.mp4,Power_59.mp4,Power_,.mp4,2026-03-30,
60,0:15:59,0:16:09,Run,E,FALSE,Power.mp4,Power_60.mp4,Power_,.mp4,2026-03-30,
61,0:16:14,0:16:27,Run,S,FALSE,Power.mp4,Power_61.mp4,Power_,.mp4,2026-03-30,
62,0:16:33,0:16:44,Run,E,FALSE,Power.mp4,Power_62.mp4,Power_,.mp4,2026-03-30,
63,0:16:52,0:17:04,Run,S,FALSE,Power.mp4,Power_63.mp4,Power_,.mp4,2026-03-30,
64,0:17:09,0:17:23,Run,E,FALSE,Power.mp4,Power_64.mp4,Power_,.mp4,2026-03-30,
65,0:17:30,0:17:36,Run,S,FALSE,Power.mp4,Power_65.mp4,Power_,.mp4,2026-03-30,
66,0:17:41,0:17:48,Run,E,FALSE,Power.mp4,Power_66.mp4,Power_,.mp4,2026-03-30,
67,0:17:57,0:18:09,Run,S,FALSE,Power.mp4,Power_67.mp4,Power_,.mp4,2026-03-30,
68,0:18:14,0:18:24,Run,E,FALSE,Power.mp4,Power_68.mp4,Power_,.mp4,2026-03-30,
69,0:18:30,0:18:37,Run,S,FALSE,Power.mp4,Power_69.mp4,Power_,.mp4,2026-03-30,
70,0:18:40,0:18:47,Run,E,FALSE,Power.mp4,Power_70.mp4,Power_,.mp4,2026-03-30,
71,0:18:55,0:19:16,Run,S,FALSE,Power.mp4,Power_71.mp4,Power_,.mp4,2026-03-30,
72,0:19:23,0:19:34,Run,E,FALSE,Power.mp4,Power_72.mp4,Power_,.mp4,2026-03-30,
73,0:19:41,0:20:00,Run,S,FALSE,Power.mp4,Power_73.mp4,Power_,.mp4,2026-03-30,
74,0:20:05,0:20:15,Run,E,FALSE,Power.mp4,Power_74.mp4,Power_,.mp4,2026-03-30,
75,0:20:22,0:20:31,Run,S,FALSE,Power.mp4,Power_75.mp4,Power_,.mp4,2026-03-30,
76,0:20:34,0:20:43,Run,E,FALSE,Power.mp4,Power_76.mp4,Power_,.mp4,2026-03-30,
77,0:20:53,0:21:05,Run,S,FALSE,Power.mp4,Power_77.mp4,Power_,.mp4,2026-03-30,
78,0:21:09,0:21:20,Run,E,FALSE,Power.mp4,Power_78.mp4,Power_,.mp4,2026-03-30,
79,0:21:29,0:21:35,Run,S,FALSE,Power.mp4,Power_79.mp4,Power_,.mp4,2026-03-30,
80,0:21:40,0:21:46,Run,E,FALSE,Power.mp4,Power_80.mp4,Power_,.mp4,2026-03-30,
81,0:21:53,0:22:00,Run,S,FALSE,Power.mp4,Power_81.mp4,Power_,.mp4,2026-03-30,
82,0:22:05,0:22:13,Run,E,FALSE,Power.mp4,Power_82.mp4,Power_,.mp4,2026-03-30,
83,0:22:21,0:22:28,Run,S,FALSE,Power.mp4,Power_83.mp4,Power_,.mp4,2026-03-30,
84,0:22:34,0:22:42,Run,E,FALSE,Power.mp4,Power_84.mp4,Power_,.mp4,2026-03-30,
85,0:22:48,0:22:58,Run,S,FALSE,Power.mp4,Power_85.mp4,Power_,.mp4,2026-03-30,
86,0:23:02,0:23:12,Run,E,FALSE,Power.mp4,Power_86.mp4,Power_,.mp4,2026-03-30,
87,0:23:19,0:23:30,Run,S,FALSE,Power.mp4,Power_87.mp4,Power_,.mp4,2026-03-30,
88,0:23:34,0:23:46,Run,E,FALSE,Power.mp4,Power_88.mp4,Power_,.mp4,2026-03-30,
89,0:23:53,0:24:01,Run,S,FALSE,Power.mp4,Power_89.mp4,Power_,.mp4,2026-03-30,
90,0:24:06,0:24:13,Run,E,FALSE,Power.mp4,Power_90.mp4,Power_,.mp4,2026-03-30,
91,0:24:19,0:24:30,Run,S,FALSE,Power.mp4,Power_91.mp4,Power_,.mp4,2026-03-30,
92,0:24:37,0:24:49,Run,E,FALSE,Power.mp4,Power_92.mp4,Power_,.mp4,2026-03-30,
93,0:24:56,0:25:04,Run,S,FALSE,Power.mp4,Power_93.mp4,Power_,.mp4,2026-03-30,
94,0:25:09,0:25:20,Run,E,FALSE,Power.mp4,Power_94.mp4,Power_,.mp4,2026-03-30,
95,0:25:25,0:25:35,Run,S,FALSE,Power.mp4,Power_95.mp4,Power_,.mp4,2026-03-30,
96,0:25:40,0:25:48,Run,E,FALSE,Power.mp4,Power_96.mp4,Power_,.mp4,2026-03-30,
97,0:25:55,0:26:13,Run,S,FALSE,Power.mp4,Power_97.mp4,Power_,.mp4,2026-03-30,
98,0:26:16,0:26:35,Run,E,FALSE,Power.mp4,Power_98.mp4,Power_,.mp4,2026-03-30,
99,0:26:44,0:27:13,Run,S,FALSE,Power.mp4,Power_99.mp4,Power_,.mp4,2026-03-30,
100,0:27:17,0:27:38,Run,E,FALSE,Power.mp4,Power_100.mp4,Power_,.mp4,2026-03-30,
101,0:27:45,0:27:55,Run,S,FALSE,Power.mp4,Power_101.mp4,Power_,.mp4,2026-03-30,
102,0:28:00,0:28:11,Run,E,FALSE,Power.mp4,Power_102.mp4,Power_,.mp4,2026-03-30,
103,0:28:19,0:28:27,Run,S,FALSE,Power.mp4,Power_103.mp4,Power_,.mp4,2026-03-30,
104,0:28:32,0:28:42,Run,E,FALSE,Power.mp4,Power_104.mp4,Power_,.mp4,2026-03-30,
105,0:28:48,0:28:59,Run,S,FALSE,Power.mp4,Power_105.mp4,Power_,.mp4,2026-03-30,
106,0:29:03,0:29:14,Run,E,FALSE,Power.mp4,Power_106.mp4,Power_,.mp4,2026-03-30,
107,0:29:21,0:29:31,Run,S,FALSE,Power.mp4,Power_107.mp4,Power_,.mp4,2026-03-30,
108,0:29:36,0:29:46,Run,E,FALSE,Power.mp4,Power_108.mp4,Power_,.mp4,2026-03-30,
109,0:29:52,0:29:59,Run,S,FALSE,Power.mp4,Power_109.mp4,Power_,.mp4,2026-03-30,
110,0:30:01,0:30:09,Run,E,FALSE,Power.mp4,Power_110.mp4,Power_,.mp4,2026-03-30,
111,0:30:16,0:30:29,Run,S,FALSE,Power.mp4,Power_111.mp4,Power_,.mp4,2026-03-30,
112,0:30:31,0:30:42,Run,E,FALSE,Power.mp4,Power_112.mp4,Power_,.mp4,2026-03-30,
113,0:30:49,0:31:03,Run,S,FALSE,Power.mp4,Power_113.mp4,Power_,.mp4,2026-03-30,
114,0:31:06,0:31:18,Run,E,FALSE,Power.mp4,Power_114.mp4,Power_,.mp4,2026-03-30,
115,0:31:25,0:31:39,Run,S,FALSE,Power.mp4,Power_115.mp4,Power_,.mp4,2026-03-30,
116,0:31:44,0:31:58,Run,E,FALSE,Power.mp4,Power_116.mp4,Power_,.mp4,2026-03-30,
117,0:32:05,0:32:15,Run,S,FALSE,Power.mp4,Power_117.mp4,Power_,.mp4,2026-03-30,
118,0:32:19,0:32:31,Run,E,FALSE,Power.mp4,Power_118.mp4,Power_,.mp4,2026-03-30,
119,0:32:38,0:32:48,Run,S,FALSE,Power.mp4,Power_119.mp4,Power_,.mp4,2026-03-30,
120,0:32:52,0:33:05,Run,E,FALSE,Power.mp4,Power_120.mp4,Power_,.mp4,2026-03-30,
121,0:33:12,0:33:23,Run,S,FALSE,Power.mp4,Power_121.mp4,Power_,.mp4,2026-03-30,
122,0:33:27,0:33:36,Run,E,FALSE,Power.mp4,Power_122.mp4,Power_,.mp4,2026-03-30,
123,0:33:45,0:33:54,Run,S,FALSE,Power.mp4,Power_123.mp4,Power_,.mp4,2026-03-30,
124,0:33:57,0:34:04,Run,E,FALSE,Power.mp4,Power_124.mp4,Power_,.mp4,2026-03-30,
125,0:34:12,0:34:26,Run,S,FALSE,Power.mp4,Power_125.mp4,Power_,.mp4,2026-03-30,
126,0:34:29,0:34:42,Run,E,FALSE,Power.mp4,Power_126.mp4,Power_,.mp4,2026-03-30,
127,0:34:49,0:34:59,Run,S,FALSE,Power.mp4,Power_127.mp4,Power_,.mp4,2026-03-30,
128,0:35:02,0:35:12,Run,E,FALSE,Power.mp4,Power_128.mp4,Power_,.mp4,2026-03-30,
129,0:35:18,0:35:28,Run,S,FALSE,Power.mp4,Power_129.mp4,Power_,.mp4,2026-03-30,
130,0:35:34,0:35:44,Run,E,FALSE,Power.mp4,Power_130.mp4,Power_,.mp4,2026-03-30,
131,0:35:51,0:36:00,Run,S,FALSE,Power.mp4,Power_131.mp4,Power_,.mp4,2026-03-30,
132,0:36:06,0:36:14,Run,E,FALSE,Power.mp4,Power_132.mp4,Power_,.mp4,2026-03-30,
133,0:36:24,0:36:38,Run,S,FALSE,Power.mp4,Power_133.mp4,Power_,.mp4,2026-03-30,
134,0:36:43,0:36:56,Run,E,FALSE,Power.mp4,Power_134.mp4,Power_,.mp4,2026-03-30,
135,0:37:06,0:37:19,Run,S,FALSE,Power.mp4,Power_135.mp4,Power_,.mp4,2026-03-30,
136,0:37:25,0:37:38,Run,E,FALSE,Power.mp4,Power_136.mp4,Power_,.mp4,2026-03-30,
137,0:37:48,0:38:04,Run,S,FALSE,Power.mp4,Power_137.mp4,Power_,.mp4,2026-03-30,
138,0:38:10,0:38:26,Run,E,FALSE,Power.mp4,Power_138.mp4,Power_,.mp4,2026-03-30,
139,0:38:34,0:38:43,Run,S,FALSE,Power.mp4,Power_139.mp4,Power_,.mp4,2026-03-30,
140,0:38:47,0:38:56,Run,E,FALSE,Power.mp4,Power_140.mp4,Power_,.mp4,2026-03-30,
141,0:39:07,0:39:18,Run,S,FALSE,Power.mp4,Power_141.mp4,Power_,.mp4,2026-03-30,
142,0:39:22,0:39:36,Run,E,FALSE,Power.mp4,Power_142.mp4,Power_,.mp4,2026-03-30,
143,0:39:47,0:39:52,Run,S,FALSE,Power.mp4,Power_143.mp4,Power_,.mp4,2026-03-30,
144,0:39:56,0:40:03,Run,E,FALSE,Power.mp4,Power_144.mp4,Power_,.mp4,2026-03-30,
145,0:40:09,0:40:19,Run,S,FALSE,Power.mp4,Power_145.mp4,Power_,.mp4,2026-03-30,
146,0:40:23,0:40:31,Run,E,FALSE,Power.mp4,Power_146.mp4,Power_,.mp4,2026-03-30,
147,0:40:37,0:40:46,Run,S,FALSE,Power.mp4,Power_147.mp4,Power_,.mp4,2026-03-30,
148,0:40:50,0:40:58,Run,E,FALSE,Power.mp4,Power_148.mp4,Power_,.mp4,2026-03-30,
149,0:41:05,0:41:20,Run,S,FALSE,Power.mp4,Power_149.mp4,Power_,.mp4,2026-03-30,
150,0:41:24,0:41:40,Run,E,FALSE,Power.mp4,Power_150.mp4,Power_,.mp4,2026-03-30,
151,0:41:47,0:41:54,Run,S,FALSE,Power.mp4,Power_151.mp4,Power_,.mp4,2026-03-30,
152,0:41:59,0:42:06,Run,E,FALSE,Power.mp4,Power_152.mp4,Power_,.mp4,2026-03-30,
153,0:42:13,0:42:28,Run,S,FALSE,Power.mp4,Power_153.mp4,Power_,.mp4,2026-03-30,
154,0:42:34,0:42:49,Run,E,FALSE,Power.mp4,Power_154.mp4,Power_,.mp4,2026-03-30,
155,0:42:54,0:43:05,Run,S,FALSE,Power.mp4,Power_155.mp4,Power_,.mp4,2026-03-30,
156,0:43:09,0:43:25,Run,E,FALSE,Power.mp4,Power_156.mp4,Power_,.mp4,2026-03-30,
157,0:43:34,0:43:47,Run,S,FALSE,Power.mp4,Power_157.mp4,Power_,.mp4,2026-03-30,
158,0:43:51,0:44:03,Run,E,FALSE,Power.mp4,Power_158.mp4,Power_,.mp4,2026-03-30,
159,0:44:12,0:44:26,Run,S,FALSE,Power.mp4,Power_159.mp4,Power_,.mp4,2026-03-30,
160,0:44:32,0:44:44,Run,E,FALSE,Power.mp4,Power_160.mp4,Power_,.mp4,2026-03-30,
161,0:44:52,0:45:02,Run,S,FALSE,Power.mp4,Power_161.mp4,Power_,.mp4,2026-03-30,
162,0:45:07,0:45:16,Run,E,FALSE,Power.mp4,Power_162.mp4,Power_,.mp4,2026-03-30,
163,0:45:22,0:45:34,Run,S,FALSE,Power.mp4,Power_163.mp4,Power_,.mp4,2026-03-30,
164,0:45:38,0:45:49,Run,E,FALSE,Power.mp4,Power_164.mp4,Power_,.mp4,2026-03-30,
165,0:45:57,0:46:08,Run,S,FALSE,Power.mp4,Power_165.mp4,Power_,.mp4,2026-03-30,
166,0:46:11,0:46:23,Run,E,FALSE,Power.mp4,Power_166.mp4,Power_,.mp4,2026-03-30,
167,0:46:29,0:46:41,Run,S,FALSE,Power.mp4,Power_167.mp4,Power_,.mp4,2026-03-30,
168,0:46:46,0:46:58,Run,E,FALSE,Power.mp4,Power_168.mp4,Power_,.mp4,2026-03-30,
169,0:47:06,0:47:20,Run,S,FALSE,Power.mp4,Power_169.mp4,Power_,.mp4,2026-03-30,
170,0:47:25,0:47:39,Run,E,FALSE,Power.mp4,Power_170.mp4,Power_,.mp4,2026-03-30,
171,0:47:45,0:47:55,Run,S,FALSE,Power.mp4,Power_171.mp4,Power_,.mp4,2026-03-30,
172,0:47:58,0:48:07,Run,E,FALSE,Power.mp4,Power_172.mp4,Power_,.mp4,2026-03-30,
173,0:48:14,0:48:24,Run,S,FALSE,Power.mp4,Power_173.mp4,Power_,.mp4,2026-03-30,
174,0:48:28,0:48:37,Run,E,FALSE,Power.mp4,Power_174.mp4,Power_,.mp4,2026-03-30,
175,0:48:43,0:48:54,Run,S,FALSE,Power.mp4,Power_175.mp4,Power_,.mp4,2026-03-30,
176,0:48:58,0:49:08,Run,E,FALSE,Power.mp4,Power_176.mp4,Power_,.mp4,2026-03-30,
177,0:49:15,0:49:26,Run,S,FALSE,Power.mp4,Power_177.mp4,Power_,.mp4,2026-03-30,
178,0:49:31,0:49:42,Run,E,FALSE,Power.mp4,Power_178.mp4,Power_,.mp4,2026-03-30,
179,0:49:48,0:49:56,Run,S,FALSE,Power.mp4,Power_179.mp4,Power_,.mp4,2026-03-30,
180,0:50:00,0:50:10,Run,E,FALSE,Power.mp4,Power_180.mp4,Power_,.mp4,2026-03-30,
181,0:50:16,0:50:27,Run,S,FALSE,Power.mp4,Power_181.mp4,Power_,.mp4,2026-03-30,
182,0:50:31,0:50:40,Run,E,FALSE,Power.mp4,Power_182.mp4,Power_,.mp4,2026-03-30,
183,0:50:47,0:51:01,Run,S,FALSE,Power.mp4,Power_183.mp4,Power_,.mp4,2026-03-30,
184,0:51:07,0:51:21,Run,E,FALSE,Power.mp4,Power_184.mp4,Power_,.mp4,2026-03-30,
185,0:51:29,0:51:40,Run,S,FALSE,Power.mp4,Power_185.mp4,Power_,.mp4,2026-03-30,
186,0:51:48,0:51:59,Run,E,FALSE,Power.mp4,Power_186.mp4,Power_,.mp4,2026-03-30,
187,0:52:08,0:52:18,Run,S,FALSE,Power.mp4,Power_187.mp4,Power_,.mp4,2026-03-30,
188,0:52:21,0:52:32,Run,E,FALSE,Power.mp4,Power_188.mp4,Power_,.mp4,2026-03-30,
189,0:52:39,0:52:50,Run,S,FALSE,Power.mp4,Power_189.mp4,Power_,.mp4,2026-03-30,
190,0:52:53,0:53:02,Run,E,FALSE,Power.mp4,Power_190.mp4,Power_,.mp4,2026-03-30,
191,0:53:08,0:53:19,Run,S,FALSE,Power.mp4,Power_191.mp4,Power_,.mp4,2026-03-30,
192,0:53:23,0:53:34,Run,E,FALSE,Power.mp4,Power_192.mp4,Power_,.mp4,2026-03-30,
193,0:53:40,0:53:48,Run,S,FALSE,Power.mp4,Power_193.mp4,Power_,.mp4,2026-03-30,
194,0:53:53,0:54:01,Run,E,FALSE,Power.mp4,Power_194.mp4,Power_,.mp4,2026-03-30,
195,0:54:07,0:54:17,Run,S,FALSE,Power.mp4,Power_195.mp4,Power_,.mp4,2026-03-30,
196,0:54:20,0:54:33,Run,E,FALSE,Power.mp4,Power_196.mp4,Power_,.mp4,2026-03-30,
197,0:54:40,0:54:50,Run,S,FALSE,Power.mp4,Power_197.mp4,Power_,.mp4,2026-03-30,
198,0:54:54,0:55:03,Run,E,FALSE,Power.mp4,Power_198.mp4,Power_,.mp4,2026-03-30,
199,0:55:12,0:55:20,Run,S,FALSE,Power.mp4,Power_199.mp4,Power_,.mp4,2026-03-30,
200,0:55:26,0:55:34,Run,E,FALSE,Power.mp4,Power_200.mp4,Power_,.mp4,2026-03-30,
201,0:55:40,0:55:51,Run,S,FALSE,Power.mp4,Power_201.mp4,Power_,.mp4,2026-03-30,
202,0:55:55,0:56:05,Run,E,FALSE,Power.mp4,Power_202.mp4,Power_,.mp4,2026-03-30,
203,0:56:12,0:56:29,Run,S,FALSE,Power.mp4,Power_203.mp4,Power_,.mp4,2026-03-30,
204,0:56:37,0:56:56,Run,E,FALSE,Power.mp4,Power_204.mp4,Power_,.mp4,2026-03-30,
205,0:57:04,0:57:17,Run,S,FALSE,Power.mp4,Power_205.mp4,Power_,.mp4,2026-03-30,
206,0:57:22,0:57:35,Run,E,FALSE,Power.mp4,Power_206.mp4,Power_,.mp4,2026-03-30,
207,0:57:46,0:57:52,Run,S,FALSE,Power.mp4,Power_207.mp4,Power_,.mp4,2026-03-30,
208,0:57:57,0:58:05,Run,E,FALSE,Power.mp4,Power_208.mp4,Power_,.mp4,2026-03-30,
209,0:58:12,0:58:24,Run,S,FALSE,Power.mp4,Power_209.mp4,Power_,.mp4,2026-03-30,
210,0:58:28,0:58:42,Run,E,FALSE,Power.mp4,Power_210.mp4,Power_,.mp4,2026-03-30,
211,0:58:48,0:59:00,Run,S,FALSE,Power.mp4,Power_211.mp4,Power_,.mp4,2026-03-30,
212,0:59:04,0:59:15,Run,E,FALSE,Power.mp4,Power_212.mp4,Power_,.mp4,2026-03-30,
213,0:59:21,0:59:31,Run,S,FALSE,Power.mp4,Power_213.mp4,Power_,.mp4,2026-03-30,
214,0:59:34,0:59:44,Run,E,FALSE,Power.mp4,Power_214.mp4,Power_,.mp4,2026-03-30,
215,0:59:51,1:00:06,Run,S,FALSE,Power.mp4,Power_215.mp4,Power_,.mp4,2026-03-30,
216,1:00:09,1:00:22,Run,E,FALSE,Power.mp4,Power_216.mp4,Power_,.mp4,2026-03-30,
217,1:00:29,1:00:37,Run,S,FALSE,Power.mp4,Power_217.mp4,Power_,.mp4,2026-03-30,
218,1:00:42,1:00:48,Run,E,FALSE,Power.mp4,Power_218.mp4,Power_,.mp4,2026-03-30,
219,1:00:55,1:01:10,Run,S,FALSE,Power.mp4,Power_219.mp4,Power_,.mp4,2026-03-30,
220,1:01:13,1:01:29,Run,E,FALSE,Power.mp4,Power_220.mp4,Power_,.mp4,2026-03-30,
221,1:01:35,1:01:58,Run,S,FALSE,Power.mp4,Power_221.mp4,Power_,.mp4,2026-03-30,
222,1:02:04,1:02:28,Run,E,FALSE,Power.mp4,Power_222.mp4,Power_,.mp4,2026-03-30,
223,1:02:38,1:02:48,Run,S,FALSE,Power.mp4,Power_223.mp4,Power_,.mp4,2026-03-30,
224,1:02:52,1:03:02,Run,E,FALSE,Power.mp4,Power_224.mp4,Power_,.mp4,2026-03-30,
225,1:03:10,1:03:25,Run,S,FALSE,Power.mp4,Power_225.mp4,Power_,.mp4,2026-03-30,
226,1:03:28,1:03:42,Run,E,FALSE,Power.mp4,Power_226.mp4,Power_,.mp4,2026-03-30,
227,1:03:48,1:04:00,Run,S,FALSE,Power.mp4,Power_227.mp4,Power_,.mp4,2026-03-30,
228,1:04:05,1:04:15,Run,E,FALSE,Power.mp4,Power_228.mp4,Power_,.mp4,2026-03-30,
229,1:04:22,1:04:33,Run,S,FALSE,Power.mp4,Power_229.mp4,Power_,.mp4,2026-03-30,
230,1:04:38,1:04:52,Run,E,FALSE,Power.mp4,Power_230.mp4,Power_,.mp4,2026-03-30,
231,1:04:58,1:05:10,Run,S,FALSE,Power.mp4,Power_231.mp4,Power_,.mp4,2026-03-30,
232,1:05:15,1:05:25,Run,E,FALSE,Power.mp4,Power_232.mp4,Power_,.mp4,2026-03-30,
233,1:05:32,1:05:47,Run,S,FALSE,Power.mp4,Power_233.mp4,Power_,.mp4,2026-03-30,
234,1:05:51,1:06:06,Run,E,FALSE,Power.mp4,Power_234.mp4,Power_,.mp4,2026-03-30,
235,1:06:12,1:06:21,Run,S,FALSE,Power.mp4,Power_235.mp4,Power_,.mp4,2026-03-30,
236,1:06:24,1:06:34,Run,E,FALSE,Power.mp4,Power_236.mp4,Power_,.mp4,2026-03-30,
237,1:06:45,1:07:05,Run,S,FALSE,Power.mp4,Power_237.mp4,Power_,.mp4,2026-03-30,
238,1:07:08,1:07:28,Run,E,FALSE,Power.mp4,Power_238.mp4,Power_,.mp4,2026-03-30,
239,1:07:40,1:07:50,Run,S,FALSE,Power.mp4,Power_239.mp4,Power_,.mp4,2026-03-30,
240,1:07:56,1:08:13,Run,E,FALSE,Power.mp4,Power_240.mp4,Power_,.mp4,2026-03-30,
241,1:08:24,1:08:43,Run,S,FALSE,Power.mp4,Power_241.mp4,Power_,.mp4,2026-03-30,
242,1:08:49,1:09:09,Run,E,FALSE,Power.mp4,Power_242.mp4,Power_,.mp4,2026-03-30,
243,1:09:17,1:09:29,Run,S,FALSE,Power.mp4,Power_243.mp4,Power_,.mp4,2026-03-30,
244,1:09:33,1:09:45,Run,E,FALSE,Power.mp4,Power_244.mp4,Power_,.mp4,2026-03-30,
245,1:09:51,1:10:04,Run,S,FALSE,Power.mp4,Power_245.mp4,Power_,.mp4,2026-03-30,
246,1:10:08,1:10:20,Run,E,FALSE,Power.mp4,Power_246.mp4,Power_,.mp4,2026-03-30,
247,1:10:26,1:10:41,Run,S,FALSE,Power.mp4,Power_247.mp4,Power_,.mp4,2026-03-30,
248,1:10:47,1:11:01,Run,E,FALSE,Power.mp4,Power_248.mp4,Power_,.mp4,2026-03-30,
249,1:11:07,1:11:20,Run,S,FALSE,Power.mp4,Power_249.mp4,Power_,.mp4,2026-03-30,
251,1:11:44,1:11:54,Run,S,FALSE,Power.mp4,Power_251.mp4,Power_,.mp4,2026-03-30,
252,1:11:59,1:12:06,Run,E,FALSE,Power.mp4,Power_252.mp4,Power_,.mp4,2026-03-30,
253,1:12:13,1:12:18,Run,S,FALSE,Power.mp4,Power_253.mp4,Power_,.mp4,2026-03-30,
254,1:12:24,1:12:29,Run,E,FALSE,Power.mp4,Power_254.mp4,Power_,.mp4,2026-03-30,
255,1:12:39,1:12:48,Run,S,FALSE,Power.mp4,Power_255.mp4,Power_,.mp4,2026-03-30,
256,1:12:53,1:13:00,Run,E,FALSE,Power.mp4,Power_256.mp4,Power_,.mp4,2026-03-30,
257,1:13:10,1:13:24,Run,S,FALSE,Power.mp4,Power_257.mp4,Power_,.mp4,2026-03-30,
258,1:13:30,1:13:42,Run,E,FALSE,Power.mp4,Power_258.mp4,Power_,.mp4,2026-03-30,
259,1:13:53,1:14:06,Run,S,FALSE,Power.mp4,Power_259.mp4,Power_,.mp4,2026-03-30,
260,1:14:12,1:14:26,Run,E,FALSE,Power.mp4,Power_260.mp4,Power_,.mp4,2026-03-30,
261,1:14:34,1:14:41,Run,S,FALSE,Power.mp4,Power_261.mp4,Power_,.mp4,2026-03-30,
262,1:14:46,1:14:54,Run,E,FALSE,Power.mp4,Power_262.mp4,Power_,.mp4,2026-03-30,
263,1:15:04,1:15:14,Run,S,FALSE,Power.mp4,Power_263.mp4,Power_,.mp4,2026-03-30,
264,1:15:17,1:15:26,Run,E,FALSE,Power.mp4,Power_264.mp4,Power_,.mp4,2026-03-30,
265,1:15:34,1:15:43,Run,S,FALSE,Power.mp4,Power_265.mp4,Power_,.mp4,2026-03-30,
266,1:15:51,1:15:59,Run,E,FALSE,Power.mp4,Power_266.mp4,Power_,.mp4,2026-03-30,
267,1:16:08,1:16:24,Run,S,FALSE,Power.mp4,Power_267.mp4,Power_,.mp4,2026-03-30,
268,1:16:29,1:16:52,Run,E,FALSE,Power.mp4,Power_268.mp4,Power_,.mp4,2026-03-30,
269,1:17:00,1:17:11,Run,S,FALSE,Power.mp4,Power_269.mp4,Power_,.mp4,2026-03-30,
270,1:17:15,1:17:28,Run,E,FALSE,Power.mp4,Power_270.mp4,Power_,.mp4,2026-03-30,
271,1:17:33,1:17:43,Run,S,FALSE,Power.mp4,Power_271.mp4,Power_,.mp4,2026-03-30,
272,1:17:47,1:17:56,Run,E,FALSE,Power.mp4,Power_272.mp4,Power_,.mp4,2026-03-30,
273,1:18:03,1:18:11,Run,S,FALSE,Power.mp4,Power_273.mp4,Power_,.mp4,2026-03-30,
274,1:18:16,1:18:24,Run,E,FALSE,Power.mp4,Power_274.mp4,Power_,.mp4,2026-03-30,
275,1:18:30,1:18:43,Run,S,FALSE,Power.mp4,Power_275.mp4,Power_,.mp4,2026-03-30,
276,1:18:47,1:18:58,Run,E,FALSE,Power.mp4,Power_276.mp4,Power_,.mp4,2026-03-30,
277,1:19:06,1:19:16,Run,S,FALSE,Power.mp4,Power_277.mp4,Power_,.mp4,2026-03-30,
278,1:19:19,1:19:30,Run,E,FALSE,Power.mp4,Power_278.mp4,Power_,.mp4,2026-03-30,
279,1:19:36,1:20:04,Run,S,FALSE,Power.mp4,Power_279.mp4,Power_,.mp4,2026-03-30,
280,1:20:12,1:20:39,Run,E,FALSE,Power.mp4,Power_280.mp4,Power_,.mp4,2026-03-30,
281,1:20:48,1:21:00,Run,S,FALSE,Power.mp4,Power_281.mp4,Power_,.mp4,2026-03-30,
282,1:21:02,1:21:14,Run,E,FALSE,Power.mp4,Power_282.mp4,Power_,.mp4,2026-03-30,
283,1:21:20,1:21:33,Run,S,FALSE,Power.mp4,Power_283.mp4,Power_,.mp4,2026-03-30,
284,1:21:37,1:21:51,Run,E,FALSE,Power.mp4,Power_284.mp4,Power_,.mp4,2026-03-30,
285,1:21:56,1:22:05,Run,S,FALSE,Power.mp4,Power_285.mp4,Power_,.mp4,2026-03-30,
286,1:22:08,1:22:16,Run,E,FALSE,Power.mp4,Power_286.mp4,Power_,.mp4,2026-03-30,
287,1:22:24,1:22:37,Run,S,FALSE,Power.mp4,Power_287.mp4,Power_,.mp4,2026-03-30,
288,1:22:42,1:22:55,Run,E,FALSE,Power.mp4,Power_288.mp4,Power_,.mp4,2026-03-30,
289,1:23:03,1:23:19,Run,S,FALSE,Power.mp4,Power_289.mp4,Power_,.mp4,2026-03-30,
290,1:23:24,1:23:37,Run,E,FALSE,Power.mp4,Power_290.mp4,Power_,.mp4,2026-03-30,
291,1:23:45,1:23:58,Run,S,FALSE,Power.mp4,Power_291.mp4,Power_,.mp4,2026-03-30,
292,1:24:05,1:24:13,Run,E,FALSE,Power.mp4,Power_292.mp4,Power_,.mp4,2026-03-30,
293,1:24:22,1:24:33,Run,S,FALSE,Power.mp4,Power_293.mp4,Power_,.mp4,2026-03-30,
294,1:24:39,1:24:49,Run,E,FALSE,Power.mp4,Power_294.mp4,Power_,.mp4,2026-03-30,
295,1:25:00,1:25:09,Run,S,FALSE,Power.mp4,Power_295.mp4,Power_,.mp4,2026-03-30,
296,1:25:16,1:25:27,Run,E,FALSE,Power.mp4,Power_296.mp4,Power_,.mp4,2026-03-30,
297,1:25:34,1:25:50,Run,S,FALSE,Power.mp4,Power_297.mp4,Power_,.mp4,2026-03-30,
298,1:25:55,1:26:07,Run,E,FALSE,Power.mp4,Power_298.mp4,Power_,.mp4,2026-03-30,
299,1:26:15,1:26:23,Run,S,FALSE,Power.mp4,Power_299.mp4,Power_,.mp4,2026-03-30,
300,1:26:28,1:26:37,Run,E,FALSE,Power.mp4,Power_300.mp4,Power_,.mp4,2026-03-30,
301,1:26:53,1:27:12,Run,S,FALSE,Power.mp4,Power_301.mp4,Power_,.mp4,2026-03-30,
302,1:27:16,1:27:25,Run,E,FALSE,Power.mp4,Power_302.mp4,Power_,.mp4,2026-03-30,
303,1:27:39,1:27:53,Run,S,FALSE,Power.mp4,Power_303.mp4,Power_,.mp4,2026-03-30,
304,1:27:58,1:28:05,Run,E,FALSE,Power.mp4,Power_304.mp4,Power_,.mp4,2026-03-30,
305,1:28:11,1:28:21,Run,S,FALSE,Power.mp4,Power_305.mp4,Power_,.mp4,2026-03-30,
306,1:28:24,1:28:31,Run,E,FALSE,Power.mp4,Power_306.mp4,Power_,.mp4,2026-03-30,
307,1:28:38,1:28:48,Run,S,FALSE,Power.mp4,Power_307.mp4,Power_,.mp4,2026-03-30,
308,1:28:53,1:29:06,Run,E,FALSE,Power.mp4,Power_308.mp4,Power_,.mp4,2026-03-30,
309,1:29:12,1:29:20,Run,S,FALSE,Power.mp4,Power_309.mp4,Power_,.mp4,2026-03-30,
310,1:29:23,1:29:31,Run,E,FALSE,Power.mp4,Power_310.mp4,Power_,.mp4,2026-03-30,
311,1:29:36,1:29:44,Run,S,FALSE,Power.mp4,Power_311.mp4,Power_,.mp4,2026-03-30,
312,1:29:47,1:29:56,Run,E,FALSE,Power.mp4,Power_312.mp4,Power_,.mp4,2026-03-30,
313,1:30:02,1:30:15,Run,S,FALSE,Power.mp4,Power_313.mp4,Power_,.mp4,2026-03-30,
314,1:30:19,1:30:31,Run,E,FALSE,Power.mp4,Power_314.mp4,Power_,.mp4,2026-03-30,
315,1:30:41,1:30:53,Run,S,FALSE,Power.mp4,Power_315.mp4,Power_,.mp4,2026-03-30,
316,1:30:58,1:31:09,Run,E,FALSE,Power.mp4,Power_316.mp4,Power_,.mp4,2026-03-30,
317,1:31:15,1:31:24,Run,S,FALSE,Power.mp4,Power_317.mp4,Power_,.mp4,2026-03-30,
318,1:31:28,1:31:38,Run,E,FALSE,Power.mp4,Power_318.mp4,Power_,.mp4,2026-03-30,
319,1:31:45,1:32:02,Run,S,FALSE,Power.mp4,Power_319.mp4,Power_,.mp4,2026-03-30,
320,1:32:07,1:32:19,Run,E,FALSE,Power.mp4,Power_320.mp4,Power_,.mp4,2026-03-30,
321,1:32:29,1:32:55,Run,S,FALSE,Power.mp4,Power_321.mp4,Power_,.mp4,2026-03-30,
322,1:32:58,1:33:26,Run,E,FALSE,Power.mp4,Power_322.mp4,Power_,.mp4,2026-03-30,
323,1:33:32,1:33:42,Run,S,FALSE,Power.mp4,Power_323.mp4,Power_,.mp4,2026-03-30,
324,1:33:47,1:33:56,Run,E,FALSE,Power.mp4,Power_324.mp4,Power_,.mp4,2026-03-30,
325,1:34:03,1:34:14,Run,S,FALSE,Power.mp4,Power_325.mp4,Power_,.mp4,2026-03-30,
326,1:34:18,1:34:33,Run,E,FALSE,Power.mp4,Power_326.mp4,Power_,.mp4,2026-03-30,
327,1:34:39,1:34:50,Run,S,FALSE,Power.mp4,Power_327.mp4,Power_,.mp4,2026-03-30,
328,1:34:54,1:35:06,Run,E,FALSE,Power.mp4,Power_328.mp4,Power_,.mp4,2026-03-30,
329,1:35:14,1:35:27,Run,S,FALSE,Power.mp4,Power_329.mp4,Power_,.mp4,2026-03-30,
330,1:35:29,1:35:44,Run,E,FALSE,Power.mp4,Power_330.mp4,Power_,.mp4,2026-03-30,
331,1:35:50,1:36:00,Run,S,FALSE,Power.mp4,Power_331.mp4,Power_,.mp4,2026-03-30,
332,1:36:04,1:36:14,Run,E,FALSE,Power.mp4,Power_332.mp4,Power_,.mp4,2026-03-30,
333,1:36:21,1:36:27,Run,S,FALSE,Power.mp4,Power_333.mp4,Power_,.mp4,2026-03-30,
334,1:36:32,1:36:38,Run,E,FALSE,Power.mp4,Power_334.mp4,Power_,.mp4,2026-03-30,
335,1:36:45,1:36:59,Run,S,FALSE,Power.mp4,Power_335.mp4,Power_,.mp4,2026-03-30,
336,1:37:03,1:37:16,Run,E,FALSE,Power.mp4,Power_336.mp4,Power_,.mp4,2026-03-30,
337,1:37:23,1:37:32,Run,S,FALSE,Power.mp4,Power_337.mp4,Power_,.mp4,2026-03-30,
338,1:37:35,1:37:46,Run,E,FALSE,Power.mp4,Power_338.mp4,Power_,.mp4,2026-03-30,
339,1:37:54,1:38:04,Run,S,FALSE,Power.mp4,Power_339.mp4,Power_,.mp4,2026-03-30,
340,1:38:08,1:38:17,Run,E,FALSE,Power.mp4,Power_340.mp4,Power_,.mp4,2026-03-30,
341,1:38:27,1:38:35,Run,S,FALSE,Power.mp4,Power_341.mp4,Power_,.mp4,2026-03-30,
342,1:38:38,1:38:47,Run,E,FALSE,Power.mp4,Power_342.mp4,Power_,.mp4,2026-03-30,
343,1:38:55,1:39:13,Run,S,FALSE,Power.mp4,Power_343.mp4,Power_,.mp4,2026-03-30,
344,1:39:16,1:39:32,Run,E,FALSE,Power.mp4,Power_344.mp4,Power_,.mp4,2026-03-30,
345,1:39:38,1:39:51,Run,S,FALSE,Power.mp4,Power_345.mp4,Power_,.mp4,2026-03-30,
346,1:39:54,1:40:05,Run,E,FALSE,Power.mp4,Power_346.mp4,Power_,.mp4,2026-03-30,
347,1:40:11,1:40:23,Run,S,FALSE,Power.mp4,Power_347.mp4,Power_,.mp4,2026-03-30,
348,1:40:29,1:40:41,Run,E,FALSE,Power.mp4,Power_348.mp4,Power_,.mp4,2026-03-30,
349,1:40:48,1:41:06,Run,S,FALSE,Power.mp4,Power_349.mp4,Power_,.mp4,2026-03-30,
350,1:41:13,1:41:28,Run,E,FALSE,Power.mp4,Power_350.mp4,Power_,.mp4,2026-03-30,
351,1:41:35,1:41:53,Run,S,FALSE,Power.mp4,Power_351.mp4,Power_,.mp4,2026-03-30,
352,1:41:58,1:42:13,Run,E,FALSE,Power.mp4,Power_352.mp4,Power_,.mp4,2026-03-30,
353,1:42:21,1:42:33,Run,S,FALSE,Power.mp4,Power_353.mp4,Power_,.mp4,2026-03-30,
354,1:42:42,1:42:52,Run,E,FALSE,Power.mp4,Power_354.mp4,Power_,.mp4,2026-03-30,
355,1:43:06,1:43:14,Run,S,FALSE,Power.mp4,Power_355.mp4,Power_,.mp4,2026-03-30,
356,1:43:19,1:43:27,Run,E,FALSE,Power.mp4,Power_356.mp4,Power_,.mp4,2026-03-30,
357,1:43:35,1:43:42,Run,S,FALSE,Power.mp4,Power_357.mp4,Power_,.mp4,2026-03-30,
358,1:43:50,1:43:56,Run,E,FALSE,Power.mp4,Power_358.mp4,Power_,.mp4,2026-03-30,
359,1:44:06,1:44:12,Run,S,FALSE,Power.mp4,Power_359.mp4,Power_,.mp4,2026-03-30,
360,1:44:18,1:44:25,Run,E,FALSE,Power.mp4,Power_360.mp4,Power_,.mp4,2026-03-30,
361,1:44:39,1:44:48,Run,S,FALSE,Power.mp4,Power_361.mp4,Power_,.mp4,2026-03-30,
362,1:44:54,1:45:01,Run,E,FALSE,Power.mp4,Power_362.mp4,Power_,.mp4,2026-03-30,
363,1:45:14,1:45:30,Run,S,FALSE,Power.mp4,Power_363.mp4,Power_,.mp4,2026-03-30,
364,1:45:36,1:45:50,Run,E,FALSE,Power.mp4,Power_364.mp4,Power_,.mp4,2026-03-30,
365,1:45:57,1:46:12,Run,S,FALSE,Power.mp4,Power_365.mp4,Power_,.mp4,2026-03-30,
366,1:46:15,1:46:24,Run,E,FALSE,Power.mp4,Power_366.mp4,Power_,.mp4,2026-03-30,
367,1:46:31,1:46:46,Run,S,FALSE,Power.mp4,Power_367.mp4,Power_,.mp4,2026-03-30,
368,1:46:49,1:47:00,Run,E,FALSE,Power.mp4,Power_368.mp4,Power_,.mp4,2026-03-30,
369,1:47:07,1:47:16,Run,S,FALSE,Power.mp4,Power_369.mp4,Power_,.mp4,2026-03-30,
370,1:47:20,1:47:30,Run,E,FALSE,Power.mp4,Power_370.mp4,Power_,.mp4,2026-03-30,
371,1:47:36,1:47:46,Run,S,FALSE,Power.mp4,Power_371.mp4,Power_,.mp4,2026-03-30,
372,1:47:49,1:47:59,Run,E,FALSE,Power.mp4,Power_372.mp4,Power_,.mp4,2026-03-30,
373,1:48:05,1:48:13,Run,S,FALSE,Power.mp4,Power_373.mp4,Power_,.mp4,2026-03-30,
374,1:48:17,1:48:26,Run,E,FALSE,Power.mp4,Power_374.mp4,Power_,.mp4,2026-03-30,
375,1:48:34,1:48:44,Run,S,FALSE,Power.mp4,Power_375.mp4,Power_,.mp4,2026-03-30,
376,1:48:49,1:48:59,Run,E,FALSE,Power.mp4,Power_376.mp4,Power_,.mp4,2026-03-30,
377,1:49:05,1:49:17,Run,S,FALSE,Power.mp4,Power_377.mp4,Power_,.mp4,2026-03-30,
378,1:49:21,1:49:33,Run,E,FALSE,Power.mp4,Power_378.mp4,Power_,.mp4,2026-03-30,
1,0:00:03,0:00:11,Pass,,FALSE,RPOs.mp4,RPO_1.mp4,RPO_,.mp4,2026-03-30,
2,0:00:14,0:00:26,Pass,,FALSE,RPOs.mp4,RPO_2.mp4,RPO_,.mp4,2026-03-30,
3,0:00:36,0:00:44,Pass,,FALSE,RPOs.mp4,RPO_3.mp4,RPO_,.mp4,2026-03-30,
4,0:00:50,0:00:58,Pass,,FALSE,RPOs.mp4,RPO_4.mp4,RPO_,.mp4,2026-03-30,
5,0:01:14,0:01:20,Pass,,FALSE,RPOs.mp4,RPO_5.mp4,RPO_,.mp4,2026-03-30,
6,0:01:26,0:01:33,Pass,,FALSE,RPOs.mp4,RPO_6.mp4,RPO_,.mp4,2026-03-30,
7,0:01:45,0:01:52,Pass,,FALSE,RPOs.mp4,RPO_7.mp4,RPO_,.mp4,2026-03-30,
8,0:02:03,0:02:09,Pass,,FALSE,RPOs.mp4,RPO_8.mp4,RPO_,.mp4,2026-03-30,
9,0:02:20,0:02:29,Pass,,FALSE,RPOs.mp4,RPO_9.mp4,RPO_,.mp4,2026-03-30,
10,0:02:43,0:02:51,Pass,,FALSE,RPOs.mp4,RPO_10.mp4,RPO_,.mp4,2026-03-30,
11,0:03:00,0:03:06,Pass,,FALSE,RPOs.mp4,RPO_11.mp4,RPO_,.mp4,2026-03-30,
12,0:03:16,0:03:23,Pass,,FALSE,RPOs.mp4,RPO_12.mp4,RPO_,.mp4,2026-03-30,
13,0:03:34,0:03:41,Pass,,FALSE,RPOs.mp4,RPO_13.mp4,RPO_,.mp4,2026-03-30,
14,0:03:52,0:03:58,Pass,,FALSE,RPOs.mp4,RPO_14.mp4,RPO_,.mp4,2026-03-30,
15,0:04:11,0:04:20,Pass,,FALSE,RPOs.mp4,RPO_15.mp4,RPO_,.mp4,2026-03-30,
16,0:05:19,0:05:31,Pass,,FALSE,RPOs.mp4,RPO_16.mp4,RPO_,.mp4,2026-03-30,
17,0:05:41,0:05:51,Pass,,FALSE,RPOs.mp4,RPO_17.mp4,RPO_,.mp4,2026-03-30,
18,0:06:00,0:06:08,Pass,,FALSE,RPOs.mp4,RPO_18.mp4,RPO_,.mp4,2026-03-30,
19,0:06:16,0:06:25,Pass,,FALSE,RPOs.mp4,RPO_19.mp4,RPO_,.mp4,2026-03-30,
20,0:06:42,0:06:52,Pass,,FALSE,RPOs.mp4,RPO_20.mp4,RPO_,.mp4,2026-03-30,
21,0:07:06,0:07:15,Pass,,FALSE,RPOs.mp4,RPO_21.mp4,RPO_,.mp4,2026-03-30,
22,0:07:25,0:07:35,Pass,,FALSE,RPOs.mp4,RPO_22.mp4,RPO_,.mp4,2026-03-30,
23,0:07:42,0:07:52,Pass,,FALSE,RPOs.mp4,RPO_23.mp4,RPO_,.mp4,2026-03-30,
24,0:08:02,0:08:08,Pass,,FALSE,RPOs.mp4,RPO_24.mp4,RPO_,.mp4,2026-03-30,
25,0:08:17,0:08:26,Pass,,FALSE,RPOs.mp4,RPO_25.mp4,RPO_,.mp4,2026-03-30,
26,0:08:38,0:08:45,Pass,,FALSE,RPOs.mp4,RPO_26.mp4,RPO_,.mp4,2026-03-30,
27,0:08:56,0:09:02,Pass,,FALSE,RPOs.mp4,RPO_27.mp4,RPO_,.mp4,2026-03-30,
28,0:09:50,0:09:57,Pass,,FALSE,RPOs.mp4,RPO_28.mp4,RPO_,.mp4,2026-03-30,
29,0:10:08,0:10:16,Pass,,FALSE,RPOs.mp4,RPO_29.mp4,RPO_,.mp4,2026-03-30,
30,0:11:30,0:11:40,Pass,,FALSE,RPOs.mp4,RPO_30.mp4,RPO_,.mp4,2026-03-30,
31,0:11:50,0:12:01,Pass,,FALSE,RPOs.mp4,RPO_31.mp4,RPO_,.mp4,2026-03-30,
32,0:12:13,0:12:23,Pass,,FALSE,RPOs.mp4,RPO_32.mp4,RPO_,.mp4,2026-03-30,
33,0:12:29,0:12:40,Pass,,FALSE,RPOs.mp4,RPO_33.mp4,RPO_,.mp4,2026-03-30,
34,0:12:47,0:12:54,Pass,,FALSE,RPOs.mp4,RPO_34.mp4,RPO_,.mp4,2026-03-30,
35,0:12:57,0:13:04,Pass,,FALSE,RPOs.mp4,RPO_35.mp4,RPO_,.mp4,2026-03-30,
36,0:13:42,0:13:55,Pass,,FALSE,RPOs.mp4,RPO_36.mp4,RPO_,.mp4,2026-03-30,
37,0:14:02,0:14:15,Pass,,FALSE,RPOs.mp4,RPO_37.mp4,RPO_,.mp4,2026-03-30,
38,0:14:22,0:14:30,Pass,,FALSE,RPOs.mp4,RPO_38.mp4,RPO_,.mp4,2026-03-30,
39,0:14:37,0:14:45,Pass,,FALSE,RPOs.mp4,RPO_39.mp4,RPO_,.mp4,2026-03-30,
40,0:14:55,0:15:05,Pass,,FALSE,RPOs.mp4,RPO_40.mp4,RPO_,.mp4,2026-03-30,
41,0:15:09,0:15:18,Pass,,FALSE,RPOs.mp4,RPO_41.mp4,RPO_,.mp4,2026-03-30,
42,0:15:24,0:15:37,Pass,,FALSE,RPOs.mp4,RPO_42.mp4,RPO_,.mp4,2026-03-30,
43,0:16:10,0:16:24,Pass,,FALSE,RPOs.mp4,RPO_43.mp4,RPO_,.mp4,2026-03-30,
44,0:16:32,0:16:45,Pass,,FALSE,RPOs.mp4,RPO_44.mp4,RPO_,.mp4,2026-03-30,
45,0:16:52,0:17:03,Pass,,FALSE,RPOs.mp4,RPO_45.mp4,RPO_,.mp4,2026-03-30,
46,0:17:17,0:17:28,Pass,,FALSE,RPOs.mp4,RPO_46.mp4,RPO_,.mp4,2026-03-30,
47,0:17:38,0:17:52,Pass,,FALSE,RPOs.mp4,RPO_47.mp4,RPO_,.mp4,2026-03-30,
48,0:18:05,0:18:16,Pass,,FALSE,RPOs.mp4,RPO_48.mp4,RPO_,.mp4,2026-03-30,
49,0:18:27,0:18:38,Pass,,FALSE,RPOs.mp4,RPO_49.mp4,RPO_,.mp4,2026-03-30,
50,0:18:43,0:18:54,Pass,,FALSE,RPOs.mp4,RPO_50.mp4,RPO_,.mp4,2026-03-30,
51,0:19:04,0:19:13,Pass,,FALSE,RPOs.mp4,RPO_51.mp4,RPO_,.mp4,2026-03-30,
52,0:19:18,0:19:30,Pass,,FALSE,RPOs.mp4,RPO_52.mp4,RPO_,.mp4,2026-03-30,
53,0:19:45,0:19:51,Pass,,FALSE,RPOs.mp4,RPO_53.mp4,RPO_,.mp4,2026-03-30,
54,0:20:05,0:20:11,Pass,,FALSE,RPOs.mp4,RPO_54.mp4,RPO_,.mp4,2026-03-30,
55,0:20:20,0:20:26,Pass,,FALSE,RPOs.mp4,RPO_55.mp4,RPO_,.mp4,2026-03-30,
56,0:20:32,0:20:38,Pass,,FALSE,RPOs.mp4,RPO_56.mp4,RPO_,.mp4,2026-03-30,
57,0:21:10,0:21:21,Pass,,FALSE,RPOs.mp4,RPO_57.mp4,RPO_,.mp4,2026-03-30,
58,0:21:33,0:21:44,Pass,,FALSE,RPOs.mp4,RPO_58.mp4,RPO_,.mp4,2026-03-30,
59,0:21:56,0:22:05,Pass,,FALSE,RPOs.mp4,RPO_59.mp4,RPO_,.mp4,2026-03-30,
60,0:22:18,0:22:25,Pass,,FALSE,RPOs.mp4,RPO_60.mp4,RPO_,.mp4,2026-03-30,
61,0:22:48,0:22:55,Pass,,FALSE,RPOs.mp4,RPO_61.mp4,RPO_,.mp4,2026-03-30,
62,0:23:05,0:23:12,Pass,,FALSE,RPOs.mp4,RPO_62.mp4,RPO_,.mp4,2026-03-30,
63,0:24:03,0:24:13,Pass,,FALSE,RPOs.mp4,RPO_63.mp4,RPO_,.mp4,2026-03-30,
64,0:24:23,0:24:29,Pass,,FALSE,RPOs.mp4,RPO_64.mp4,RPO_,.mp4,2026-03-30,
65,0:24:45,0:24:54,Pass,,FALSE,RPOs.mp4,RPO_65.mp4,RPO_,.mp4,2026-03-30,
66,0:24:59,0:25:06,Pass,,FALSE,RPOs.mp4,RPO_66.mp4,RPO_,.mp4,2026-03-30,
67,0:25:15,0:25:22,Pass,,FALSE,RPOs.mp4,RPO_67.mp4,RPO_,.mp4,2026-03-30,
68,0:25:27,0:25:36,Pass,,FALSE,RPOs.mp4,RPO_68.mp4,RPO_,.mp4,2026-03-30,
69,0:25:43,0:25:49,Pass,,FALSE,RPOs.mp4,RPO_69.mp4,RPO_,.mp4,2026-03-30,
70,0:25:52,0:25:58,Pass,,FALSE,RPOs.mp4,RPO_70.mp4,RPO_,.mp4,2026-03-30,
71,0:26:07,0:26:17,Pass,,FALSE,RPOs.mp4,RPO_71.mp4,RPO_,.mp4,2026-03-30,
72,0:26:22,0:26:32,Pass,,FALSE,RPOs.mp4,RPO_72.mp4,RPO_,.mp4,2026-03-30,
73,0:26:43,0:26:59,Pass,,FALSE,RPOs.mp4,RPO_73.mp4,RPO_,.mp4,2026-03-30,
74,0:27:07,0:27:23,Pass,,FALSE,RPOs.mp4,RPO_74.mp4,RPO_,.mp4,2026-03-30,
75,0:27:38,0:27:49,Pass,,FALSE,RPOs.mp4,RPO_75.mp4,RPO_,.mp4,2026-03-30,
76,0:28:04,0:28:14,Pass,,FALSE,RPOs.mp4,RPO_76.mp4,RPO_,.mp4,2026-03-30,
77,0:28:26,0:28:53,Pass,,FALSE,RPOs.mp4,RPO_77.mp4,RPO_,.mp4,2026-03-30,
78,0:28:41,0:28:49,Pass,,FALSE,RPOs.mp4,RPO_78.mp4,RPO_,.mp4,2026-03-30,
79,0:29:31,0:29:48,Pass,,FALSE,RPOs.mp4,RPO_79.mp4,RPO_,.mp4,2026-03-30,
80,0:29:53,0:30:12,Pass,,FALSE,RPOs.mp4,RPO_80.mp4,RPO_,.mp4,2026-03-30,
81,0:30:22,0:30:34,Scramble,,FALSE,RPOs.mp4,RPO_81.mp4,RPO_,.mp4,2026-03-30,
82,0:30:40,0:30:52,Scramble,,FALSE,RPOs.mp4,RPO_82.mp4,RPO_,.mp4,2026-03-30,
83,0:31:44,0:31:50,Pass,,FALSE,RPOs.mp4,RPO_83.mp4,RPO_,.mp4,2026-03-30,
84,0:32:03,0:32:11,Pass,,FALSE,RPOs.mp4,RPO_84.mp4,RPO_,.mp4,2026-03-30,
85,0:32:26,0:32:31,Pass,,FALSE,RPOs.mp4,RPO_85.mp4,RPO_,.mp4,2026-03-30,
86,0:32:38,0:32:46,Pass,,FALSE,RPOs.mp4,RPO_86.mp4,RPO_,.mp4,2026-03-30,
87,0:32:51,0:32:58,Pass,,FALSE,RPOs.mp4,RPO_87.mp4,RPO_,.mp4,2026-03-30,
88,0:33:06,0:33:14,Pass,,FALSE,RPOs.mp4,RPO_88.mp4,RPO_,.mp4,2026-03-30,
89,0:33:20,0:33:29,Pass,,FALSE,RPOs.mp4,RPO_89.mp4,RPO_,.mp4,2026-03-30,
90,0:33:40,0:33:49,Pass,,FALSE,RPOs.mp4,RPO_90.mp4,RPO_,.mp4,2026-03-30,
91,0:33:54,0:34:01,Pass,,FALSE,RPOs.mp4,RPO_91.mp4,RPO_,.mp4,2026-03-30,
92,0:34:11,0:34:23,Pass,,FALSE,RPOs.mp4,RPO_92.mp4,RPO_,.mp4,2026-03-30,
93,0:34:35,0:34:48,Pass,,FALSE,RPOs.mp4,RPO_93.mp4,RPO_,.mp4,2026-03-30,
94,0:35:15,0:35:22,Pass,,FALSE,RPOs.mp4,RPO_94.mp4,RPO_,.mp4,2026-03-30,
95,0:35:33,0:35:40,Pass,,FALSE,RPOs.mp4,RPO_95.mp4,RPO_,.mp4,2026-03-30,
96,0:35:56,0:36:04,Pass,,FALSE,RPOs.mp4,RPO_96.mp4,RPO_,.mp4,2026-03-30,
97,0:36:15,0:36:22,Pass,,FALSE,RPOs.mp4,RPO_97.mp4,RPO_,.mp4,2026-03-30,
98,0:36:36,0:36:43,Pass,,FALSE,RPOs.mp4,RPO_98.mp4,RPO_,.mp4,2026-03-30,
99,0:37:03,0:37:09,Pass,,FALSE,RPOs.mp4,RPO_99.mp4,RPO_,.mp4,2026-03-30,
100,0:37:14,0:37:20,Pass,,FALSE,RPOs.mp4,RPO_100.mp4,RPO_,.mp4,2026-03-30,
101,0:37:29,0:37:44,Pass,,FALSE,RPOs.mp4,RPO_101.mp4,RPO_,.mp4,2026-03-30,
102,0:37:51,0:38:07,Pass,,FALSE,RPOs.mp4,RPO_102.mp4,RPO_,.mp4,2026-03-30,
103,0:38:15,0:38:24,Pass,,FALSE,RPOs.mp4,RPO_103.mp4,RPO_,.mp4,2026-03-30,
104,0:38:29,0:38:38,Pass,,FALSE,RPOs.mp4,RPO_104.mp4,RPO_,.mp4,2026-03-30,
105,0:38:47,0:38:56,Pass,,FALSE,RPOs.mp4,RPO_105.mp4,RPO_,.mp4,2026-03-30,
106,0:39:01,0:39:11,Pass,,FALSE,RPOs.mp4,RPO_106.mp4,RPO_,.mp4,2026-03-30,
107,0:39:21,0:39:30,Pass,,FALSE,RPOs.mp4,RPO_107.mp4,RPO_,.mp4,2026-03-30,
108,0:39:38,0:39:47,Pass,,FALSE,RPOs.mp4,RPO_108.mp4,RPO_,.mp4,2026-03-30,
109,0:39:55,0:40:02,Pass,,FALSE,RPOs.mp4,RPO_109.mp4,RPO_,.mp4,2026-03-30,
110,0:40:07,0:40:15,Pass,,FALSE,RPOs.mp4,RPO_110.mp4,RPO_,.mp4,2026-03-30,
111,0:40:25,0:40:32,Pass,,FALSE,RPOs.mp4,RPO_111.mp4,RPO_,.mp4,2026-03-30,
112,0:40:39,0:40:47,Pass,,FALSE,RPOs.mp4,RPO_112.mp4,RPO_,.mp4,2026-03-30,
113,0:40:59,0:41:08,Pass,,FALSE,RPOs.mp4,RPO_113.mp4,RPO_,.mp4,2026-03-30,
114,0:41:12,0:41:21,Pass,,FALSE,RPOs.mp4,RPO_114.mp4,RPO_,.mp4,2026-03-30,
115,0:41:38,0:41:52,Pass,,FALSE,RPOs.mp4,RPO_115.mp4,RPO_,.mp4,2026-03-30,
116,0:42:03,0:42:16,Pass,,FALSE,RPOs.mp4,RPO_116.mp4,RPO_,.mp4,2026-03-30,
117,0:42:28,0:42:36,Pass,,FALSE,RPOs.mp4,RPO_117.mp4,RPO_,.mp4,2026-03-30,
118,0:42:43,0:42:49,Pass,,FALSE,RPOs.mp4,RPO_118.mp4,RPO_,.mp4,2026-03-30,
119,0:43:03,0:43:13,Pass,,FALSE,RPOs.mp4,RPO_119.mp4,RPO_,.mp4,2026-03-30,
120,0:43:17,0:43:27,Pass,,FALSE,RPOs.mp4,RPO_120.mp4,RPO_,.mp4,2026-03-30,
121,0:43:37,0:43:46,Pass,,FALSE,RPOs.mp4,RPO_121.mp4,RPO_,.mp4,2026-03-30,
122,0:43:50,0:43:58,Pass,,FALSE,RPOs.mp4,RPO_122.mp4,RPO_,.mp4,2026-03-30,
123,0:44:05,0:44:10,Pass,,FALSE,RPOs.mp4,RPO_123.mp4,RPO_,.mp4,2026-03-30,
124,0:44:15,0:44:21,Pass,,FALSE,RPOs.mp4,RPO_124.mp4,RPO_,.mp4,2026-03-30,
125,0:44:37,0:44:49,Pass,,FALSE,RPOs.mp4,RPO_125.mp4,RPO_,.mp4,2026-03-30,
126,0:45:02,0:45:14,Pass,,FALSE,RPOs.mp4,RPO_126.mp4,RPO_,.mp4,2026-03-30,
127,0:45:26,0:45:34,Pass,,FALSE,RPOs.mp4,RPO_127.mp4,RPO_,.mp4,2026-03-30,
128,0:45:44,0:45:50,Pass,,FALSE,RPOs.mp4,RPO_128.mp4,RPO_,.mp4,2026-03-30,
129,0:46:01,0:46:08,Pass,,FALSE,RPOs.mp4,RPO_129.mp4,RPO_,.mp4,2026-03-30,
130,0:46:27,0:46:34,Pass,,FALSE,RPOs.mp4,RPO_130.mp4,RPO_,.mp4,2026-03-30,
131,0:46:50,0:47:03,Pass,,FALSE,RPOs.mp4,RPO_131.mp4,RPO_,.mp4,2026-03-30,
132,0:47:13,0:47:26,Pass,,FALSE,RPOs.mp4,RPO_132.mp4,RPO_,.mp4,2026-03-30,
133,0:47:34,0:47:41,Pass,,FALSE,RPOs.mp4,RPO_133.mp4,RPO_,.mp4,2026-03-30,
134,0:47:47,0:47:54,Pass,,FALSE,RPOs.mp4,RPO_134.mp4,RPO_,.mp4,2026-03-30,
135,0:48:04,0:48:10,Pass,,FALSE,RPOs.mp4,RPO_135.mp4,RPO_,.mp4,2026-03-30,
136,0:48:17,0:48:23,Pass,,FALSE,RPOs.mp4,RPO_136.mp4,RPO_,.mp4,2026-03-30,
137,0:48:35,0:48:43,Pass,,FALSE,RPOs.mp4,RPO_137.mp4,RPO_,.mp4,2026-03-30,
138,0:48:49,0:48:57,Pass,,FALSE,RPOs.mp4,RPO_138.mp4,RPO_,.mp4,2026-03-30,
139,0:49:09,0:49:17,Pass,,FALSE,RPOs.mp4,RPO_139.mp4,RPO_,.mp4,2026-03-30,
140,0:49:27,0:49:34,Pass,,FALSE,RPOs.mp4,RPO_140.mp4,RPO_,.mp4,2026-03-30,
141,0:49:50,0:49:58,Pass,,FALSE,RPOs.mp4,RPO_141.mp4,RPO_,.mp4,2026-03-30,
142,0:50:10,0:50:19,Pass,,FALSE,RPOs.mp4,RPO_142.mp4,RPO_,.mp4,2026-03-30,
143,0:50:25,0:50:33,Pass,,FALSE,RPOs.mp4,RPO_143.mp4,RPO_,.mp4,2026-03-30,
144,0:50:41,0:50:50,Pass,,FALSE,RPOs.mp4,RPO_144.mp4,RPO_,.mp4,2026-03-30,
145,0:51:05,0:51:14,Pass,,FALSE,RPOs.mp4,RPO_145.mp4,RPO_,.mp4,2026-03-30,
146,0:51:26,0:51:35,Pass,,FALSE,RPOs.mp4,RPO_146.mp4,RPO_,.mp4,2026-03-30,
147,0:51:45,0:51:55,Pass,,FALSE,RPOs.mp4,RPO_147.mp4,RPO_,.mp4,2026-03-30,
148,0:52:04,0:52:13,Pass,,FALSE,RPOs.mp4,RPO_148.mp4,RPO_,.mp4,2026-03-30,
149,0:52:23,0:52:33,Pass,,FALSE,RPOs.mp4,RPO_149.mp4,RPO_,.mp4,2026-03-30,
150,0:52:41,0:52:50,Pass,,FALSE,RPOs.mp4,RPO_150.mp4,RPO_,.mp4,2026-03-30,
151,0:52:58,0:53:11,Pass,,FALSE,RPOs.mp4,RPO_151.mp4,RPO_,.mp4,2026-03-30,
152,0:53:20,0:53:31,Pass,,FALSE,RPOs.mp4,RPO_152.mp4,RPO_,.mp4,2026-03-30,
153,0:53:40,0:53:47,Pass,,FALSE,RPOs.mp4,RPO_153.mp4,RPO_,.mp4,2026-03-30,
154,0:53:53,0:54:00,Pass,,FALSE,RPOs.mp4,RPO_154.mp4,RPO_,.mp4,2026-03-30,
155,0:54:13,0:54:21,Pass,,FALSE,RPOs.mp4,RPO_155.mp4,RPO_,.mp4,2026-03-30,
156,0:54:33,0:54:42,Pass,,FALSE,RPOs.mp4,RPO_156.mp4,RPO_,.mp4,2026-03-30,
157,0:54:54,0:55:00,Pass,,FALSE,RPOs.mp4,RPO_157.mp4,RPO_,.mp4,2026-03-30,
158,0:55:10,0:55:16,Pass,,FALSE,RPOs.mp4,RPO_158.mp4,RPO_,.mp4,2026-03-30,
159,0:55:24,0:55:31,Pass,,FALSE,RPOs.mp4,RPO_159.mp4,RPO_,.mp4,2026-03-30,
160,0:55:39,0:55:47,Pass,,FALSE,RPOs.mp4,RPO_160.mp4,RPO_,.mp4,2026-03-30,
161,0:55:58,0:56:05,Pass,,FALSE,RPOs.mp4,RPO_161.mp4,RPO_,.mp4,2026-03-30,
162,0:56:12,0:56:18,Pass,,FALSE,RPOs.mp4,RPO_162.mp4,RPO_,.mp4,2026-03-30,
163,0:56:31,0:56:37,Pass,,FALSE,RPOs.mp4,RPO_163.mp4,RPO_,.mp4,2026-03-30,
164,0:56:46,0:56:53,Pass,,FALSE,RPOs.mp4,RPO_164.mp4,RPO_,.mp4,2026-03-30,
165,0:57:02,0:57:12,Pass,,FALSE,RPOs.mp4,RPO_165.mp4,RPO_,.mp4,2026-03-30,
166,0:57:20,0:57:31,Pass,,FALSE,RPOs.mp4,RPO_166.mp4,RPO_,.mp4,2026-03-30,
167,0:57:37,0:57:44,Pass,,FALSE,RPOs.mp4,RPO_167.mp4,RPO_,.mp4,2026-03-30,
168,0:57:48,0:57:54,Pass,,FALSE,RPOs.mp4,RPO_168.mp4,RPO_,.mp4,2026-03-30,
169,0:58:05,0:58:14,Pass,,FALSE,RPOs.mp4,RPO_169.mp4,RPO_,.mp4,2026-03-30,
170,0:58:22,0:58:30,Pass,,FALSE,RPOs.mp4,RPO_170.mp4,RPO_,.mp4,2026-03-30,
171,0:58:36,0:58:44,Pass,,FALSE,RPOs.mp4,RPO_171.mp4,RPO_,.mp4,2026-03-30,
172,0:58:54,0:59:01,Pass,,FALSE,RPOs.mp4,RPO_172.mp4,RPO_,.mp4,2026-03-30,
173,0:59:08,0:59:16,Pass,,FALSE,RPOs.mp4,RPO_173.mp4,RPO_,.mp4,2026-03-30,
174,0:59:21,0:59:29,Pass,,FALSE,RPOs.mp4,RPO_174.mp4,RPO_,.mp4,2026-03-30,
175,0:59:40,0:59:48,Pass,,FALSE,RPOs.mp4,RPO_175.mp4,RPO_,.mp4,2026-03-30,
176,0:59:55,1:00:02,Pass,,FALSE,RPOs.mp4,RPO_176.mp4,RPO_,.mp4,2026-03-30,
177,1:00:15,1:00:22,Pass,,FALSE,RPOs.mp4,RPO_177.mp4,RPO_,.mp4,2026-03-30,
178,1:00:31,1:00:37,Pass,,FALSE,RPOs.mp4,RPO_178.mp4,RPO_,.mp4,2026-03-30,
179,1:00:51,1:00:56,Pass,,FALSE,RPOs.mp4,RPO_179.mp4,RPO_,.mp4,2026-03-30,
180,1:01:05,1:01:10,Pass,,FALSE,RPOs.mp4,RPO_180.mp4,RPO_,.mp4,2026-03-30,
181,1:01:20,1:01:30,Pass,,FALSE,RPOs.mp4,RPO_181.mp4,RPO_,.mp4,2026-03-30,
182,1:01:38,1:01:47,Pass,,FALSE,RPOs.mp4,RPO_182.mp4,RPO_,.mp4,2026-03-30,
183,1:02:02,1:02:11,Pass,,FALSE,RPOs.mp4,RPO_183.mp4,RPO_,.mp4,2026-03-30,
184,1:02:31,1:02:40,Pass,,FALSE,RPOs.mp4,RPO_184.mp4,RPO_,.mp4,2026-03-30,
185,1:03:01,1:03:09,Pass,,FALSE,RPOs.mp4,RPO_185.mp4,RPO_,.mp4,2026-03-30,
186,1:03:13,1:03:21,Pass,,FALSE,RPOs.mp4,RPO_186.mp4,RPO_,.mp4,2026-03-30,
187,1:03:29,1:03:38,Pass,,FALSE,RPOs.mp4,RPO_187.mp4,RPO_,.mp4,2026-03-30,
188,1:03:50,1:03:59,Pass,,FALSE,RPOs.mp4,RPO_188.mp4,RPO_,.mp4,2026-03-30,
189,1:04:34,1:04:42,Pass,,FALSE,RPOs.mp4,RPO_189.mp4,RPO_,.mp4,2026-03-30,
190,1:04:59,1:05:06,Pass,,FALSE,RPOs.mp4,RPO_190.mp4,RPO_,.mp4,2026-03-30,
191,1:05:27,1:05:34,Pass,,FALSE,RPOs.mp4,RPO_191.mp4,RPO_,.mp4,2026-03-30,
192,1:05:46,1:05:54,Pass,,FALSE,RPOs.mp4,RPO_192.mp4,RPO_,.mp4,2026-03-30,
193,1:06:03,1:06:10,Pass,,FALSE,RPOs.mp4,RPO_193.mp4,RPO_,.mp4,2026-03-30,
194,1:06:16,1:06:22,Pass,,FALSE,RPOs.mp4,RPO_194.mp4,RPO_,.mp4,2026-03-30,
195,1:06:32,1:06:45,Pass,,FALSE,RPOs.mp4,RPO_195.mp4,RPO_,.mp4,2026-03-30,
196,1:06:50,1:07:01,Pass,,FALSE,RPOs.mp4,RPO_196.mp4,RPO_,.mp4,2026-03-30,
197,1:07:09,1:07:15,Pass,,FALSE,RPOs.mp4,RPO_197.mp4,RPO_,.mp4,2026-03-30,
198,1:07:21,1:07:28,Pass,,FALSE,RPOs.mp4,RPO_198.mp4,RPO_,.mp4,2026-03-30,
199,1:07:36,1:07:42,Pass,,FALSE,RPOs.mp4,RPO_199.mp4,RPO_,.mp4,2026-03-30,
200,1:07:50,1:07:58,Pass,,FALSE,RPOs.mp4,RPO_200.mp4,RPO_,.mp4,2026-03-30,
201,1:08:27,1:08:34,Pass,,FALSE,RPOs.mp4,RPO_201.mp4,RPO_,.mp4,2026-03-30,
202,1:08:40,1:08:47,Pass,,FALSE,RPOs.mp4,RPO_202.mp4,RPO_,.mp4,2026-03-30,
203,1:09:25,1:09:34,Pass,,FALSE,RPOs.mp4,RPO_203.mp4,RPO_,.mp4,2026-03-30,
204,1:09:42,1:09:49,Pass,,FALSE,RPOs.mp4,RPO_204.mp4,RPO_,.mp4,2026-03-30,
205,1:10:02,1:10:07,Pass,,FALSE,RPOs.mp4,RPO_205.mp4,RPO_,.mp4,2026-03-30,
206,1:10:17,1:10:22,Pass,,FALSE,RPOs.mp4,RPO_206.mp4,RPO_,.mp4,2026-03-30,
207,1:10:32,1:10:42,Pass,,FALSE,RPOs.mp4,RPO_207.mp4,RPO_,.mp4,2026-03-30,
208,1:10:49,1:10:58,Pass,,FALSE,RPOs.mp4,RPO_208.mp4,RPO_,.mp4,2026-03-30,
209,1:11:06,1:11:15,Pass,,FALSE,RPOs.mp4,RPO_209.mp4,RPO_,.mp4,2026-03-30,
210,1:11:25,1:11:35,Pass,,FALSE,RPOs.mp4,RPO_210.mp4,RPO_,.mp4,2026-03-30,
211,1:11:45,1:11:52,Pass,,FALSE,RPOs.mp4,RPO_211.mp4,RPO_,.mp4,2026-03-30,
212,1:11:58,1:12:06,Pass,,FALSE,RPOs.mp4,RPO_212.mp4,RPO_,.mp4,2026-03-30,
213,1:12:15,1:12:23,Pass,,FALSE,RPOs.mp4,RPO_213.mp4,RPO_,.mp4,2026-03-30,
214,1:12:33,1:12:41,Pass,,FALSE,RPOs.mp4,RPO_214.mp4,RPO_,.mp4,2026-03-30,
215,1:12:50,1:12:58,Pass,,FALSE,RPOs.mp4,RPO_215.mp4,RPO_,.mp4,2026-03-30,
216,1:13:03,1:13:13,Pass,,FALSE,RPOs.mp4,RPO_216.mp4,RPO_,.mp4,2026-03-30,
217,1:13:30,1:13:38,Pass,,FALSE,RPOs.mp4,RPO_217.mp4,RPO_,.mp4,2026-03-30,
218,1:13:54,1:14:01,Pass,,FALSE,RPOs.mp4,RPO_218.mp4,RPO_,.mp4,2026-03-30,
219,1:14:16,1:14:25,Pass,,FALSE,RPOs.mp4,RPO_219.mp4,RPO_,.mp4,2026-03-30,
220,1:14:29,1:14:38,Pass,,FALSE,RPOs.mp4,RPO_220.mp4,RPO_,.mp4,2026-03-30,
221,1:14:52,1:15:03,Pass,,FALSE,RPOs.mp4,RPO_221.mp4,RPO_,.mp4,2026-03-30,
222,1:15:16,1:15:26,Pass,,FALSE,RPOs.mp4,RPO_222.mp4,RPO_,.mp4,2026-03-30,
223,1:15:39,1:15:46,Pass,,FALSE,RPOs.mp4,RPO_223.mp4,RPO_,.mp4,2026-03-30,
224,1:15:56,1:16:06,Pass,,FALSE,RPOs.mp4,RPO_224.mp4,RPO_,.mp4,2026-03-30,
225,1:16:21,1:16:30,Pass,,FALSE,RPOs.mp4,RPO_225.mp4,RPO_,.mp4,2026-03-30,
226,1:16:40,1:16:51,Pass,,FALSE,RPOs.mp4,RPO_226.mp4,RPO_,.mp4,2026-03-30,
227,1:17:03,1:17:10,Pass,,FALSE,RPOs.mp4,RPO_227.mp4,RPO_,.mp4,2026-03-30,
228,1:17:18,1:17:25,Pass,,FALSE,RPOs.mp4,RPO_228.mp4,RPO_,.mp4,2026-03-30,
229,1:17:33,1:17:41,Pass,,FALSE,RPOs.mp4,RPO_229.mp4,RPO_,.mp4,2026-03-30,
230,1:17:49,1:17:55,Pass,,FALSE,RPOs.mp4,RPO_230.mp4,RPO_,.mp4,2026-03-30,
231,1:18:09,1:18:15,Pass,,FALSE,RPOs.mp4,RPO_231.mp4,RPO_,.mp4,2026-03-30,
232,1:18:27,1:18:33,Pass,,FALSE,RPOs.mp4,RPO_232.mp4,RPO_,.mp4,2026-03-30,
233,1:18:44,1:18:54,Pass,,FALSE,RPOs.mp4,RPO_233.mp4,RPO_,.mp4,2026-03-30,
234,1:19:02,1:19:11,Pass,,FALSE,RPOs.mp4,RPO_234.mp4,RPO_,.mp4,2026-03-30,
235,1:19:22,1:19:29,Pass,,FALSE,RPOs.mp4,RPO_235.mp4,RPO_,.mp4,2026-03-30,
236,1:19:37,1:19:45,Pass,,FALSE,RPOs.mp4,RPO_236.mp4,RPO_,.mp4,2026-03-30,
237,1:19:55,1:20:01,Pass,,FALSE,RPOs.mp4,RPO_237.mp4,RPO_,.mp4,2026-03-30,
238,1:20:05,1:20:12,Pass,,FALSE,RPOs.mp4,RPO_238.mp4,RPO_,.mp4,2026-03-30,
239,1:20:25,1:20:33,Pass,,FALSE,RPOs.mp4,RPO_239.mp4,RPO_,.mp4,2026-03-30,
240,1:20:38,1:20:48,Pass,,FALSE,RPOs.mp4,RPO_240.mp4,RPO_,.mp4,2026-03-30,
241,1:20:59,1:21:07,Pass,,FALSE,RPOs.mp4,RPO_241.mp4,RPO_,.mp4,2026-03-30,
242,1:21:13,1:21:22,Pass,,FALSE,RPOs.mp4,RPO_242.mp4,RPO_,.mp4,2026-03-30,
243,1:21:33,1:21:40,Pass,,FALSE,RPOs.mp4,RPO_243.mp4,RPO_,.mp4,2026-03-30,
244,1:21:48,1:21:55,Pass,,FALSE,RPOs.mp4,RPO_244.mp4,RPO_,.mp4,2026-03-30,
245,1:22:02,1:22:09,Pass,,FALSE,RPOs.mp4,RPO_245.mp4,RPO_,.mp4,2026-03-30,
246,1:22:15,1:22:22,Pass,,FALSE,RPOs.mp4,RPO_246.mp4,RPO_,.mp4,2026-03-30,
247,1:22:30,1:22:39,Pass,,FALSE,RPOs.mp4,RPO_247.mp4,RPO_,.mp4,2026-03-30,
248,1:22:45,1:22:55,Pass,,FALSE,RPOs.mp4,RPO_248.mp4,RPO_,.mp4,2026-03-30,
249,1:23:07,1:23:16,Pass,,FALSE,RPOs.mp4,RPO_249.mp4,RPO_,.mp4,2026-03-30,
250,1:23:22,1:23:31,Pass,,FALSE,RPOs.mp4,RPO_250.mp4,RPO_,.mp4,2026-03-30,
251,1:23:39,1:23:45,Pass,,FALSE,RPOs.mp4,RPO_251.mp4,RPO_,.mp4,2026-03-30,
252,1:23:48,1:23:54,Pass,,FALSE,RPOs.mp4,RPO_252.mp4,RPO_,.mp4,2026-03-30,
253,1:24:02,1:24:08,Pass,,FALSE,RPOs.mp4,RPO_253.mp4,RPO_,.mp4,2026-03-30,
254,1:24:12,1:24:20,Pass,,FALSE,RPOs.mp4,RPO_254.mp4,RPO_,.mp4,2026-03-30,
1,0:00:04,0:00:16,Pass,,FALSE,BootPasses.mp4,BootPass_1.mp4,BootPass_,.mp4,2026-03-30,
2,0:00:23,0:00:33,Pass,,FALSE,BootPasses.mp4,BootPass_2.mp4,BootPass_,.mp4,2026-03-30,
3,0:00:42,0:00:55,Pass,,FALSE,BootPasses.mp4,BootPass_3.mp4,BootPass_,.mp4,2026-03-30,
4,0:00:58,0:01:11,Pass,,FALSE,BootPasses.mp4,BootPass_4.mp4,BootPass_,.mp4,2026-03-30,
5,0:01:22,0:01:34,Pass,,FALSE,BootPasses.mp4,BootPass_5.mp4,BootPass_,.mp4,2026-03-30,
6,0:01:40,0:01:51,Pass,,FALSE,BootPasses.mp4,BootPass_6.mp4,BootPass_,.mp4,2026-03-30,
7,0:02:03,0:02:13,Pass,,FALSE,BootPasses.mp4,BootPass_7.mp4,BootPass_,.mp4,2026-03-30,
8,0:02:20,0:02:31,Pass,,FALSE,BootPasses.mp4,BootPass_8.mp4,BootPass_,.mp4,2026-03-30,
9,0:02:43,0:02:53,Pass,,FALSE,BootPasses.mp4,BootPass_9.mp4,BootPass_,.mp4,2026-03-30,
10,0:03:03,0:03:13,Pass,,FALSE,BootPasses.mp4,BootPass_10.mp4,BootPass_,.mp4,2026-03-30,
11,0:03:21,0:03:31,Pass,,FALSE,BootPasses.mp4,BootPass_11.mp4,BootPass_,.mp4,2026-03-30,
12,0:03:37,0:03:46,Pass,,FALSE,BootPasses.mp4,BootPass_12.mp4,BootPass_,.mp4,2026-03-30,
13,0:03:58,0:04:06,Pass,,FALSE,BootPasses.mp4,BootPass_13.mp4,BootPass_,.mp4,2026-03-30,
14,0:04:18,0:04:26,Pass,,FALSE,BootPasses.mp4,BootPass_14.mp4,BootPass_,.mp4,2026-03-30,
15,0:04:33,0:04:40,Pass,,FALSE,BootPasses.mp4,BootPass_15.mp4,BootPass_,.mp4,2026-03-30,
16,0:04:49,0:04:55,Pass,,FALSE,BootPasses.mp4,BootPass_16.mp4,BootPass_,.mp4,2026-03-30,
17,0:05:09,0:05:18,Pass,,FALSE,BootPasses.mp4,BootPass_17.mp4,BootPass_,.mp4,2026-03-30,
18,0:05:30,0:05:39,Pass,,FALSE,BootPasses.mp4,BootPass_18.mp4,BootPass_,.mp4,2026-03-30,
19,0:05:54,0:06:14,Pass,,FALSE,BootPasses.mp4,BootPass_19.mp4,BootPass_,.mp4,2026-03-30,
20,0:06:47,0:07:00,Pass,,FALSE,BootPasses.mp4,BootPass_20.mp4,BootPass_,.mp4,2026-03-30,
21,0:07:10,0:07:19,Pass,,FALSE,BootPasses.mp4,BootPass_21.mp4,BootPass_,.mp4,2026-03-30,
22,0:07:31,0:07:40,Pass,,FALSE,BootPasses.mp4,BootPass_22.mp4,BootPass_,.mp4,2026-03-30,
23,0:07:59,0:08:08,Pass,,FALSE,BootPasses.mp4,BootPass_23.mp4,BootPass_,.mp4,2026-03-30,
24,0:08:20,0:08:29,Pass,,FALSE,BootPasses.mp4,BootPass_24.mp4,BootPass_,.mp4,2026-03-30,
25,0:08:40,0:08:51,Pass,,FALSE,BootPasses.mp4,BootPass_25.mp4,BootPass_,.mp4,2026-03-30,
26,0:08:57,0:09:08,Pass,,FALSE,BootPasses.mp4,BootPass_26.mp4,BootPass_,.mp4,2026-03-30,
27,0:09:17,0:09:25,Pass,,FALSE,BootPasses.mp4,BootPass_27.mp4,BootPass_,.mp4,2026-03-30,
28,0:09:36,0:09:44,Pass,,FALSE,BootPasses.mp4,BootPass_28.mp4,BootPass_,.mp4,2026-03-30,
29,0:09:58,0:10:05,Pass,,FALSE,BootPasses.mp4,BootPass_29.mp4,BootPass_,.mp4,2026-03-30,
30,0:10:16,0:10:22,Pass,,FALSE,BootPasses.mp4,BootPass_30.mp4,BootPass_,.mp4,2026-03-30,
31,0:11:00,0:11:07,Pass,,FALSE,BootPasses.mp4,BootPass_31.mp4,BootPass_,.mp4,2026-03-30,
32,0:11:18,0:11:24,Pass,,FALSE,BootPasses.mp4,BootPass_32.mp4,BootPass_,.mp4,2026-03-30,
33,0:11:34,0:11:41,Pass,,FALSE,BootPasses.mp4,BootPass_33.mp4,BootPass_,.mp4,2026-03-30,
34,0:11:46,0:11:53,Pass,,FALSE,BootPasses.mp4,BootPass_34.mp4,BootPass_,.mp4,2026-03-30,
35,0:12:09,0:12:19,Pass,,FALSE,BootPasses.mp4,BootPass_35.mp4,BootPass_,.mp4,2026-03-30,
36,0:12:33,0:12:43,Pass,,FALSE,BootPasses.mp4,BootPass_36.mp4,BootPass_,.mp4,2026-03-30,
37,0:12:57,0:13:07,Pass,,FALSE,BootPasses.mp4,BootPass_37.mp4,BootPass_,.mp4,2026-03-30,
38,0:13:14,0:13:29,Pass,,FALSE,BootPasses.mp4,BootPass_38.mp4,BootPass_,.mp4,2026-03-30,
39,0:13:36,0:13:45,Pass,,FALSE,BootPasses.mp4,BootPass_39.mp4,BootPass_,.mp4,2026-03-30,
40,0:13:56,0:14:04,Pass,,FALSE,BootPasses.mp4,BootPass_40.mp4,BootPass_,.mp4,2026-03-30,
41,0:14:14,0:14:21,Pass,,FALSE,BootPasses.mp4,BootPass_41.mp4,BootPass_,.mp4,2026-03-30,
42,0:14:28,0:14:36,Pass,,FALSE,BootPasses.mp4,BootPass_42.mp4,BootPass_,.mp4,2026-03-30,
43,0:15:02,0:15:09,Pass,,FALSE,BootPasses.mp4,BootPass_43.mp4,BootPass_,.mp4,2026-03-30,
44,0:15:17,0:15:24,Pass,,FALSE,BootPasses.mp4,BootPass_44.mp4,BootPass_,.mp4,2026-03-30,
45,0:15:35,0:15:43,Pass,,FALSE,BootPasses.mp4,BootPass_45.mp4,BootPass_,.mp4,2026-03-30,
46,0:15:49,0:15:58,Pass,,FALSE,BootPasses.mp4,BootPass_46.mp4,BootPass_,.mp4,2026-03-30,
47,0:16:07,0:16:15,Pass,,FALSE,BootPasses.mp4,BootPass_47.mp4,BootPass_,.mp4,2026-03-30,
48,0:16:24,0:16:32,Pass,,FALSE,BootPasses.mp4,BootPass_48.mp4,BootPass_,.mp4,2026-03-30,
49,0:16:44,0:16:52,Pass,,FALSE,BootPasses.mp4,BootPass_49.mp4,BootPass_,.mp4,2026-03-30,
50,0:17:00,0:17:08,Pass,,FALSE,BootPasses.mp4,BootPass_50.mp4,BootPass_,.mp4,2026-03-30,
51,0:17:20,0:17:29,Pass,,FALSE,BootPasses.mp4,BootPass_51.mp4,BootPass_,.mp4,2026-03-30,
52,0:17:37,0:17:46,Pass,,FALSE,BootPasses.mp4,BootPass_52.mp4,BootPass_,.mp4,2026-03-30,
53,0:17:59,0:18:07,Pass,,FALSE,BootPasses.mp4,BootPass_53.mp4,BootPass_,.mp4,2026-03-30,
54,0:18:19,0:18:27,Pass,,FALSE,BootPasses.mp4,BootPass_54.mp4,BootPass_,.mp4,2026-03-30,
55,0:18:36,0:18:47,Pass,,FALSE,BootPasses.mp4,BootPass_55.mp4,BootPass_,.mp4,2026-03-30,
56,0:18:57,0:19:04,Pass,,FALSE,BootPasses.mp4,BootPass_56.mp4,BootPass_,.mp4,2026-03-30,
57,0:19:18,0:19:30,Pass,,FALSE,BootPasses.mp4,BootPass_57.mp4,BootPass_,.mp4,2026-03-30,
58,0:19:36,0:19:47,Pass,,FALSE,BootPasses.mp4,BootPass_58.mp4,BootPass_,.mp4,2026-03-30,
59,0:19:59,0:20:11,Pass,,FALSE,BootPasses.mp4,BootPass_59.mp4,BootPass_,.mp4,2026-03-30,
60,0:20:23,0:20:36,Pass,,FALSE,BootPasses.mp4,BootPass_60.mp4,BootPass_,.mp4,2026-03-30,
61,0:20:40,0:20:52,Pass,,FALSE,BootPasses.mp4,BootPass_61.mp4,BootPass_,.mp4,2026-03-30,
62,0:20:55,0:21:06,Pass,,FALSE,BootPasses.mp4,BootPass_62.mp4,BootPass_,.mp4,2026-03-30,
63,0:21:13,0:21:24,Pass,,FALSE,BootPasses.mp4,BootPass_63.mp4,BootPass_,.mp4,2026-03-30,
64,0:21:28,0:21:36,Pass,,FALSE,BootPasses.mp4,BootPass_64.mp4,BootPass_,.mp4,2026-03-30,
65,0:22:09,0:22:19,Pass,,FALSE,BootPasses.mp4,BootPass_65.mp4,BootPass_,.mp4,2026-03-30,
66,0:22:34,0:22:43,Pass,,FALSE,BootPasses.mp4,BootPass_66.mp4,BootPass_,.mp4,2026-03-30,
67,0:22:50,0:23:04,Pass,,FALSE,BootPasses.mp4,BootPass_67.mp4,BootPass_,.mp4,2026-03-30,
68,0:23:18,0:23:32,Pass,,FALSE,BootPasses.mp4,BootPass_68.mp4,BootPass_,.mp4,2026-03-30,
69,0:23:47,0:23:54,Pass,,FALSE,BootPasses.mp4,BootPass_69.mp4,BootPass_,.mp4,2026-03-30,
70,0:23:59,0:24:07,Pass,,FALSE,BootPasses.mp4,BootPass_70.mp4,BootPass_,.mp4,2026-03-30,
71,0:24:16,0:24:24,Pass,,FALSE,BootPasses.mp4,BootPass_71.mp4,BootPass_,.mp4,2026-03-30,
72,0:24:31,0:24:38,Pass,,FALSE,BootPasses.mp4,BootPass_72.mp4,BootPass_,.mp4,2026-03-30,
73,0:24:56,0:25:04,Pass,,FALSE,BootPasses.mp4,BootPass_73.mp4,BootPass_,.mp4,2026-03-30,
74,0:25:39,0:25:46,Pass,,FALSE,BootPasses.mp4,BootPass_74.mp4,BootPass_,.mp4,2026-03-30,
75,0:26:00,0:26:08,Pass,,FALSE,BootPasses.mp4,BootPass_75.mp4,BootPass_,.mp4,2026-03-30,
76,0:26:12,0:26:19,Pass,,FALSE,BootPasses.mp4,BootPass_76.mp4,BootPass_,.mp4,2026-03-30,
77,0:26:27,0:26:35,Pass,,FALSE,BootPasses.mp4,BootPass_77.mp4,BootPass_,.mp4,2026-03-30,
78,0:26:43,0:26:52,Pass,,FALSE,BootPasses.mp4,BootPass_78.mp4,BootPass_,.mp4,2026-03-30,
79,0:27:02,0:27:13,Pass,,FALSE,BootPasses.mp4,BootPass_79.mp4,BootPass_,.mp4,2026-03-30,
80,0:27:24,0:27:31,Pass,,FALSE,BootPasses.mp4,BootPass_80.mp4,BootPass_,.mp4,2026-03-30,
81,0:27:41,0:27:51,Pass,,FALSE,BootPasses.mp4,BootPass_81.mp4,BootPass_,.mp4,2026-03-30,
82,0:28:00,0:28:07,Pass,,FALSE,BootPasses.mp4,BootPass_82.mp4,BootPass_,.mp4,2026-03-30,
83,0:28:24,0:28:34,Pass,,FALSE,BootPasses.mp4,BootPass_83.mp4,BootPass_,.mp4,2026-03-30,
84,0:28:48,0:28:59,Pass,,FALSE,BootPasses.mp4,BootPass_84.mp4,BootPass_,.mp4,2026-03-30,
85,0:29:09,0:29:21,Pass,,FALSE,BootPasses.mp4,BootPass_85.mp4,BootPass_,.mp4,2026-03-30,
86,0:29:28,0:29:38,Pass,,FALSE,BootPasses.mp4,BootPass_86.mp4,BootPass_,.mp4,2026-03-30,
87,0:29:49,0:29:58,Pass,,FALSE,BootPasses.mp4,BootPass_87.mp4,BootPass_,.mp4,2026-03-30,
88,0:30:04,0:30:12,Pass,,FALSE,BootPasses.mp4,BootPass_88.mp4,BootPass_,.mp4,2026-03-30,
89,0:30:28,0:30:39,Pass,,FALSE,BootPasses.mp4,BootPass_89.mp4,BootPass_,.mp4,2026-03-30,
90,0:30:49,0:30:58,Pass,,FALSE,BootPasses.mp4,BootPass_90.mp4,BootPass_,.mp4,2026-03-30,
91,0:31:09,0:31:16,Pass,,FALSE,BootPasses.mp4,BootPass_91.mp4,BootPass_,.mp4,2026-03-30,
92,0:31:21,0:31:29,Pass,,FALSE,BootPasses.mp4,BootPass_92.mp4,BootPass_,.mp4,2026-03-30,
93,0:32:11,0:32:20,Pass,,FALSE,BootPasses.mp4,BootPass_93.mp4,BootPass_,.mp4,2026-03-30,
94,0:32:34,0:32:41,Pass,,FALSE,BootPasses.mp4,BootPass_94.mp4,BootPass_,.mp4,2026-03-30,
95,0:32:54,0:33:03,Pass,,FALSE,BootPasses.mp4,BootPass_95.mp4,BootPass_,.mp4,2026-03-30,
96,0:33:08,0:33:18,Pass,,FALSE,BootPasses.mp4,BootPass_96.mp4,BootPass_,.mp4,2026-03-30,
97,0:33:28,0:33:39,Pass,,FALSE,BootPasses.mp4,BootPass_97.mp4,BootPass_,.mp4,2026-03-30,
98,0:33:50,0:34:00,Pass,,FALSE,BootPasses.mp4,BootPass_98.mp4,BootPass_,.mp4,2026-03-30,
99,0:34:10,0:34:18,Pass,,FALSE,BootPasses.mp4,BootPass_99.mp4,BootPass_,.mp4,2026-03-30,
100,0:34:25,0:34:33,Pass,,FALSE,BootPasses.mp4,BootPass_100.mp4,BootPass_,.mp4,2026-03-30,
101,0:34:52,0:35:05,Pass,,FALSE,BootPasses.mp4,BootPass_101.mp4,BootPass_,.mp4,2026-03-30,
102,0:35:16,0:35:27,Pass,,FALSE,BootPasses.mp4,BootPass_102.mp4,BootPass_,.mp4,2026-03-30,
103,0:35:36,0:35:45,Pass,,FALSE,BootPasses.mp4,BootPass_103.mp4,BootPass_,.mp4,2026-03-30,
104,0:35:51,0:36:00,Pass,,FALSE,BootPasses.mp4,BootPass_104.mp4,BootPass_,.mp4,2026-03-30,
105,0:36:06,0:36:13,Pass,,FALSE,BootPasses.mp4,BootPass_105.mp4,BootPass_,.mp4,2026-03-30,
106,0:36:20,0:36:27,Pass,,FALSE,BootPasses.mp4,BootPass_106.mp4,BootPass_,.mp4,2026-03-30,
107,0:36:36,0:36:43,Pass,,FALSE,BootPasses.mp4,BootPass_107.mp4,BootPass_,.mp4,2026-03-30,
108,0:36:50,0:36:57,Pass,,FALSE,BootPasses.mp4,BootPass_108.mp4,BootPass_,.mp4,2026-03-30,
109,0:37:08,0:37:17,Pass,,FALSE,BootPasses.mp4,BootPass_109.mp4,BootPass_,.mp4,2026-03-30,
110,0:37:22,0:37:31,Pass,,FALSE,BootPasses.mp4,BootPass_110.mp4,BootPass_,.mp4,2026-03-30,
111,0:37:42,0:37:50,Pass,,FALSE,BootPasses.mp4,BootPass_111.mp4,BootPass_,.mp4,2026-03-30,
112,0:37:54,0:38:04,Pass,,FALSE,BootPasses.mp4,BootPass_112.mp4,BootPass_,.mp4,2026-03-30,
113,0:38:13,0:38:23,Pass,,FALSE,BootPasses.mp4,BootPass_113.mp4,BootPass_,.mp4,2026-03-30,
114,0:38:29,0:38:39,Pass,,FALSE,BootPasses.mp4,BootPass_114.mp4,BootPass_,.mp4,2026-03-30,
115,0:38:49,0:38:57,Pass,,FALSE,BootPasses.mp4,BootPass_115.mp4,BootPass_,.mp4,2026-03-30,
116,0:39:04,0:39:13,Pass,,FALSE,BootPasses.mp4,BootPass_116.mp4,BootPass_,.mp4,2026-03-30,
117,0:39:23,0:39:31,Pass,,FALSE,BootPasses.mp4,BootPass_117.mp4,BootPass_,.mp4,2026-03-30,
118,0:39:38,0:39:45,Pass,,FALSE,BootPasses.mp4,BootPass_118.mp4,BootPass_,.mp4,2026-03-30,
119,0:39:58,0:40:07,Pass,,FALSE,BootPasses.mp4,BootPass_119.mp4,BootPass_,.mp4,2026-03-30,
120,0:40:14,0:40:23,Pass,,FALSE,BootPasses.mp4,BootPass_120.mp4,BootPass_,.mp4,2026-03-30,
121,0:40:37,0:40:44,Pass,,FALSE,BootPasses.mp4,BootPass_121.mp4,BootPass_,.mp4,2026-03-30,
122,0:40:54,0:41:01,Pass,,FALSE,BootPasses.mp4,BootPass_122.mp4,BootPass_,.mp4,2026-03-30,
123,0:41:13,0:41:25,Pass,,FALSE,BootPasses.mp4,BootPass_123.mp4,BootPass_,.mp4,2026-03-30,
124,0:41:32,0:41:44,Pass,,FALSE,BootPasses.mp4,BootPass_124.mp4,BootPass_,.mp4,2026-03-30,
125,0:41:57,0:42:07,Pass,,FALSE,BootPasses.mp4,BootPass_125.mp4,BootPass_,.mp4,2026-03-30,
126,0:42:14,0:42:23,Pass,,FALSE,BootPasses.mp4,BootPass_126.mp4,BootPass_,.mp4,2026-03-30,
127,0:42:39,0:42:52,Pass,,FALSE,BootPasses.mp4,BootPass_127.mp4,BootPass_,.mp4,2026-03-30,
128,0:43:13,0:43:24,Pass,,FALSE,BootPasses.mp4,BootPass_128.mp4,BootPass_,.mp4,2026-03-30,
129,0:43:38,0:43:48,Pass,,FALSE,BootPasses.mp4,BootPass_129.mp4,BootPass_,.mp4,2026-03-30,
130,0:43:52,0:44:03,Pass,,FALSE,BootPasses.mp4,BootPass_130.mp4,BootPass_,.mp4,2026-03-30,
131,0:44:12,0:44:23,Pass,,FALSE,BootPasses.mp4,BootPass_131.mp4,BootPass_,.mp4,2026-03-30,
132,0:44:27,0:44:39,Pass,,FALSE,BootPasses.mp4,BootPass_132.mp4,BootPass_,.mp4,2026-03-30,
133,0:44:48,0:44:55,Pass,,FALSE,BootPasses.mp4,BootPass_133.mp4,BootPass_,.mp4,2026-03-30,
134,0:45:04,0:45:13,Pass,,FALSE,BootPasses.mp4,BootPass_134.mp4,BootPass_,.mp4,2026-03-30,
1,0:00:06,0:00:26,Special Teams,,FALSE,KickoffReturnTDs.mp4,KickoffReturnTD_1.mp4,KickoffReturnTD_,.mp4,2026-03-30,
2,0:00:34,0:00:54,Special Teams,,FALSE,KickoffReturnTDs.mp4,KickoffReturnTD_2.mp4,KickoffReturnTD_,.mp4,2026-03-30,
3,0:01:03,0:01:28,Special Teams,,FALSE,KickoffReturnTDs.mp4,KickoffReturnTD_3.mp4,KickoffReturnTD_,.mp4,2026-03-30,
4,0:01:33,0:01:55,Special Teams,,FALSE,KickoffReturnTDs.mp4,KickoffReturnTD_4.mp4,KickoffReturnTD_,.mp4,2026-03-30,
5,0:02:08,0:02:33,Special Teams,,FALSE,KickoffReturnTDs.mp4,KickoffReturnTD_5.mp4,KickoffReturnTD_,.mp4,2026-03-30,
6,0:02:39,0:03:03,Special Teams,,FALSE,KickoffReturnTDs.mp4,KickoffReturnTD_6.mp4,KickoffReturnTD_,.mp4,2026-03-30,
7,0:03:10,0:03:31,Special Teams,,FALSE,KickoffReturnTDs.mp4,KickoffReturnTD_7.mp4,KickoffReturnTD_,.mp4,2026-03-30,
8,0:03:39,0:04:01,Special Teams,,FALSE,KickoffReturnTDs.mp4,KickoffReturnTD_8.mp4,KickoffReturnTD_,.mp4,2026-03-30,
9,0:04:12,0:04:34,Special Teams,,FALSE,KickoffReturnTDs.mp4,KickoffReturnTD_9.mp4,KickoffReturnTD_,.mp4,2026-03-30,
10,0:04:40,0:04:58,Special Teams,,FALSE,KickoffReturnTDs.mp4,KickoffReturnTD_10.mp4,KickoffReturnTD_,.mp4,2026-03-30,
11,0:05:08,0:05:30,Special Teams,,FALSE,KickoffReturnTDs.mp4,KickoffReturnTD_11.mp4,KickoffReturnTD_,.mp4,2026-03-30,
12,0:05:33,0:05:52,Special Teams,,FALSE,KickoffReturnTDs.mp4,KickoffReturnTD_12.mp4,KickoffReturnTD_,.mp4,2026-03-30,
13,0:06:02,0:06:24,Special Teams,,FALSE,KickoffReturnTDs.mp4,KickoffReturnTD_13.mp4,KickoffReturnTD_,.mp4,2026-03-30,
14,0:06:29,0:06:52,Special Teams,,FALSE,KickoffReturnTDs.mp4,KickoffReturnTD_14.mp4,KickoffReturnTD_,.mp4,2026-03-30,
15,0:07:02,0:07:25,Special Teams,,FALSE,KickoffReturnTDs.mp4,KickoffReturnTD_15.mp4,KickoffReturnTD_,.mp4,2026-03-30,
16,0:07:31,0:07:50,Special Teams,,FALSE,KickoffReturnTDs.mp4,KickoffReturnTD_16.mp4,KickoffReturnTD_,.mp4,2026-03-30,
17,0:08:00,0:08:17,Special Teams,,FALSE,KickoffReturnTDs.mp4,KickoffReturnTD_17.mp4,KickoffReturnTD_,.mp4,2026-03-30,
18,0:08:21,0:08:38,Special Teams,,FALSE,KickoffReturnTDs.mp4,KickoffReturnTD_18.mp4,KickoffReturnTD_,.mp4,2026-03-30,
19,0:08:48,0:09:05,Special Teams,,FALSE,KickoffReturnTDs.mp4,KickoffReturnTD_19.mp4,KickoffReturnTD_,.mp4,2026-03-30,
20,0:09:15,0:09:33,Special Teams,,FALSE,KickoffReturnTDs.mp4,KickoffReturnTD_20.mp4,KickoffReturnTD_,.mp4,2026-03-30,
21,0:09:43,0:10:03,Special Teams,,FALSE,KickoffReturnTDs.mp4,KickoffReturnTD_21.mp4,KickoffReturnTD_,.mp4,2026-03-30,
22,0:10:12,0:10:32,Special Teams,,FALSE,KickoffReturnTDs.mp4,KickoffReturnTD_22.mp4,KickoffReturnTD_,.mp4,2026-03-30,
23,0:10:39,0:10:58,Special Teams,,FALSE,KickoffReturnTDs.mp4,KickoffReturnTD_23.mp4,KickoffReturnTD_,.mp4,2026-03-30,
24,0:11:08,0:11:28,Special Teams,,FALSE,KickoffReturnTDs.mp4,KickoffReturnTD_24.mp4,KickoffReturnTD_,.mp4,2026-03-30,
25,0:11:37,0:12:01,Special Teams,,FALSE,KickoffReturnTDs.mp4,KickoffReturnTD_25.mp4,KickoffReturnTD_,.mp4,2026-03-30,
26,0:12:06,0:12:28,Special Teams,,FALSE,KickoffReturnTDs.mp4,KickoffReturnTD_26.mp4,KickoffReturnTD_,.mp4,2026-03-30,
27,0:12:37,0:12:57,Special Teams,,FALSE,KickoffReturnTDs.mp4,KickoffReturnTD_27.mp4,KickoffReturnTD_,.mp4,2026-03-30,
28,0:13:03,0:13:23,Special Teams,,FALSE,KickoffReturnTDs.mp4,KickoffReturnTD_28.mp4,KickoffReturnTD_,.mp4,2026-03-30,
29,0:13:40,0:13:59,Special Teams,,FALSE,KickoffReturnTDs.mp4,KickoffReturnTD_29.mp4,KickoffReturnTD_,.mp4,2026-03-30,
30,0:14:12,0:14:31,Special Teams,,FALSE,KickoffReturnTDs.mp4,KickoffReturnTD_30.mp4,KickoffReturnTD_,.mp4,2026-03-30,
31,0:14:51,0:15:11,Special Teams,,FALSE,KickoffReturnTDs.mp4,KickoffReturnTD_31.mp4,KickoffReturnTD_,.mp4,2026-03-31,
32,0:15:32,0:15:53,Special Teams,,FALSE,KickoffReturnTDs.mp4,KickoffReturnTD_32.mp4,KickoffReturnTD_,.mp4,2026-03-30,
33,0:16:01,0:16:20,Special Teams,,FALSE,KickoffReturnTDs.mp4,KickoffReturnTD_33.mp4,KickoffReturnTD_,.mp4,2026-03-30,
34,0:16:26,0:16:46,Special Teams,,FALSE,KickoffReturnTDs.mp4,KickoffReturnTD_34.mp4,KickoffReturnTD_,.mp4,2026-03-30,
35,0:17:04,0:17:22,Special Teams,,FALSE,KickoffReturnTDs.mp4,KickoffReturnTD_35.mp4,KickoffReturnTD_,.mp4,2026-03-30,
36,0:17:29,0:17:58,Special Teams,,FALSE,KickoffReturnTDs.mp4,KickoffReturnTD_36.mp4,KickoffReturnTD_,.mp4,2026-03-30,
37,0:18:09,0:18:32,Special Teams,,FALSE,KickoffReturnTDs.mp4,KickoffReturnTD_37.mp4,KickoffReturnTD_,.mp4,2026-03-30,
38,0:18:39,0:19:01,Special Teams,,FALSE,KickoffReturnTDs.mp4,KickoffReturnTD_38.mp4,KickoffReturnTD_,.mp4,2026-03-30,
39,0:19:08,0:19:29,Special Teams,,FALSE,KickoffReturnTDs.mp4,KickoffReturnTD_39.mp4,KickoffReturnTD_,.mp4,2026-03-30,
40,0:19:34,0:19:56,Special Teams,,FALSE,KickoffReturnTDs.mp4,KickoffReturnTD_40.mp4,KickoffReturnTD_,.mp4,2026-03-30,
41,0:20:02,0:20:23,Special Teams,,FALSE,KickoffReturnTDs.mp4,KickoffReturnTD_41.mp4,KickoffReturnTD_,.mp4,2026-03-30,
42,0:20:33,0:20:55,Special Teams,,FALSE,KickoffReturnTDs.mp4,KickoffReturnTD_42.mp4,KickoffReturnTD_,.mp4,2026-03-30,
43,0:21:03,0:21:26,Special Teams,,FALSE,KickoffReturnTDs.mp4,KickoffReturnTD_43.mp4,KickoffReturnTD_,.mp4,2026-03-30,
44,0:21:36,0:21:59,Special Teams,,FALSE,KickoffReturnTDs.mp4,KickoffReturnTD_44.mp4,KickoffReturnTD_,.mp4,2026-03-30,
45,0:22:11,0:22:35,Special Teams,,FALSE,KickoffReturnTDs.mp4,KickoffReturnTD_45.mp4,KickoffReturnTD_,.mp4,2026-03-30,
46,0:22:44,0:23:09,Special Teams,,FALSE,KickoffReturnTDs.mp4,KickoffReturnTD_46.mp4,KickoffReturnTD_,.mp4,2026-03-30,
47,0:23:16,0:23:39,Special Teams,,FALSE,KickoffReturnTDs.mp4,KickoffReturnTD_47.mp4,KickoffReturnTD_,.mp4,2026-03-30,
48,0:23:44,0:24:06,Special Teams,,FALSE,KickoffReturnTDs.mp4,KickoffReturnTD_48.mp4,KickoffReturnTD_,.mp4,2026-03-30,
49,0:24:16,0:24:36,Special Teams,,FALSE,KickoffReturnTDs.mp4,KickoffReturnTD_49.mp4,KickoffReturnTD_,.mp4,2026-03-30,
50,0:24:41,0:25:02,Special Teams,,FALSE,KickoffReturnTDs.mp4,KickoffReturnTD_50.mp4,KickoffReturnTD_,.mp4,2026-03-30,
51,0:25:08,0:25:21,Special Teams,,FALSE,KickoffReturnTDs.mp4,KickoffReturnTD_51.mp4,KickoffReturnTD_,.mp4,2026-03-30,
52,0:25:26,0:25:40,Special Teams,,FALSE,KickoffReturnTDs.mp4,KickoffReturnTD_52.mp4,KickoffReturnTD_,.mp4,2026-03-30,
53,0:25:54,0:26:15,Special Teams,,FALSE,KickoffReturnTDs.mp4,KickoffReturnTD_53.mp4,KickoffReturnTD_,.mp4,2026-03-30,
54,0:26:23,0:26:44,Special Teams,,FALSE,KickoffReturnTDs.mp4,KickoffReturnTD_54.mp4,KickoffReturnTD_,.mp4,2026-03-30,
55,0:27:05,0:27:25,Special Teams,,FALSE,KickoffReturnTDs.mp4,KickoffReturnTD_55.mp4,KickoffReturnTD_,.mp4,2026-03-30,
56,0:27:42,0:28:03,Special Teams,,FALSE,KickoffReturnTDs.mp4,KickoffReturnTD_56.mp4,KickoffReturnTD_,.mp4,2026-03-30,
57,0:28:17,0:28:37,Special Teams,,FALSE,KickoffReturnTDs.mp4,KickoffReturnTD_57.mp4,KickoffReturnTD_,.mp4,2026-03-30,
58,0:28:47,0:29:08,Special Teams,,FALSE,KickoffReturnTDs.mp4,KickoffReturnTD_58.mp4,KickoffReturnTD_,.mp4,2026-03-30,
59,0:29:27,0:29:47,Special Teams,,FALSE,KickoffReturnTDs.mp4,KickoffReturnTD_59.mp4,KickoffReturnTD_,.mp4,2026-03-30,
60,0:30:02,0:30:23,Special Teams,,FALSE,KickoffReturnTDs.mp4,KickoffReturnTD_60.mp4,KickoffReturnTD_,.mp4,2026-03-30,
61,0:30:33,0:30:54,Special Teams,,FALSE,KickoffReturnTDs.mp4,KickoffReturnTD_61.mp4,KickoffReturnTD_,.mp4,2026-03-30,
62,0:31:01,0:31:21,Special Teams,,FALSE,KickoffReturnTDs.mp4,KickoffReturnTD_62.mp4,KickoffReturnTD_,.mp4,2026-03-30,
63,0:31:38,0:31:59,Special Teams,,FALSE,KickoffReturnTDs.mp4,KickoffReturnTD_63.mp4,KickoffReturnTD_,.mp4,2026-03-30,
64,0:32:15,0:32:35,Special Teams,,FALSE,KickoffReturnTDs.mp4,KickoffReturnTD_64.mp4,KickoffReturnTD_,.mp4,2026-03-30,
65,0:32:49,0:33:10,Special Teams,,FALSE,KickoffReturnTDs.mp4,KickoffReturnTD_65.mp4,KickoffReturnTD_,.mp4,2026-03-30,
66,0:33:19,0:33:40,Special Teams,,FALSE,KickoffReturnTDs.mp4,KickoffReturnTD_66.mp4,KickoffReturnTD_,.mp4,2026-03-30,
67,0:33:50,0:34:11,Special Teams,,FALSE,KickoffReturnTDs.mp4,KickoffReturnTD_67.mp4,KickoffReturnTD_,.mp4,2026-03-30,
68,0:34:22,0:34:43,Special Teams,,FALSE,KickoffReturnTDs.mp4,KickoffReturnTD_68.mp4,KickoffReturnTD_,.mp4,2026-03-30,
69,0:34:52,0:35:12,Special Teams,,FALSE,KickoffReturnTDs.mp4,KickoffReturnTD_69.mp4,KickoffReturnTD_,.mp4,2026-03-30,
70,0:35:19,0:35:40,Special Teams,,FALSE,KickoffReturnTDs.mp4,KickoffReturnTD_70.mp4,KickoffReturnTD_,.mp4,2026-03-30,
71,0:35:59,0:36:17,Special Teams,,FALSE,KickoffReturnTDs.mp4,KickoffReturnTD_71.mp4,KickoffReturnTD_,.mp4,2026-03-30,
72,0:36:24,0:36:42,Special Teams,,FALSE,KickoffReturnTDs.mp4,KickoffReturnTD_72.mp4,KickoffReturnTD_,.mp4,2026-03-30,
73,0:36:56,0:37:15,Special Teams,,FALSE,KickoffReturnTDs.mp4,KickoffReturnTD_73.mp4,KickoffReturnTD_,.mp4,2026-03-30,
74,0:37:48,0:38:06,Special Teams,,FALSE,KickoffReturnTDs.mp4,KickoffReturnTD_74.mp4,KickoffReturnTD_,.mp4,2026-03-30,
75,0:38:09,0:38:30,Special Teams,,FALSE,KickoffReturnTDs.mp4,KickoffReturnTD_75.mp4,KickoffReturnTD_,.mp4,2026-03-30,
76,0:38:36,0:38:54,Special Teams,,FALSE,KickoffReturnTDs.mp4,KickoffReturnTD_76.mp4,KickoffReturnTD_,.mp4,2026-03-30,
77,0:39:02,0:39:22,Special Teams,,FALSE,KickoffReturnTDs.mp4,KickoffReturnTD_77.mp4,KickoffReturnTD_,.mp4,2026-03-30,
78,0:39:27,0:39:45,Special Teams,,FALSE,KickoffReturnTDs.mp4,KickoffReturnTD_78.mp4,KickoffReturnTD_,.mp4,2026-03-30,
79,0:39:53,0:40:10,Special Teams,,FALSE,KickoffReturnTDs.mp4,KickoffReturnTD_79.mp4,KickoffReturnTD_,.mp4,2026-03-30,
80,0:40:19,0:40:38,Special Teams,,FALSE,KickoffReturnTDs.mp4,KickoffReturnTD_80.mp4,KickoffReturnTD_,.mp4,2026-03-30,
81,0:40:45,0:41:05,Special Teams,,FALSE,KickoffReturnTDs.mp4,KickoffReturnTD_81.mp4,KickoffReturnTD_,.mp4,2026-03-30,
82,0:41:11,0:41:31,Special Teams,,FALSE,KickoffReturnTDs.mp4,KickoffReturnTD_82.mp4,KickoffReturnTD_,.mp4,2026-03-30,
83,0:41:36,0:41:58,Special Teams,,FALSE,KickoffReturnTDs.mp4,KickoffReturnTD_83.mp4,KickoffReturnTD_,.mp4,2026-03-30,
84,0:42:11,0:42:29,Special Teams,,FALSE,KickoffReturnTDs.mp4,KickoffReturnTD_84.mp4,KickoffReturnTD_,.mp4,2026-03-30,
85,0:42:38,0:42:57,Special Teams,,FALSE,KickoffReturnTDs.mp4,KickoffReturnTD_85.mp4,KickoffReturnTD_,.mp4,2026-03-30,
86,0:43:05,0:43:25,Special Teams,,FALSE,KickoffReturnTDs.mp4,KickoffReturnTD_86.mp4,KickoffReturnTD_,.mp4,2026-03-30,
87,0:43:29,0:43:49,Special Teams,,FALSE,KickoffReturnTDs.mp4,KickoffReturnTD_87.mp4,KickoffReturnTD_,.mp4,2026-03-30,
88,0:44:06,0:44:28,Special Teams,,FALSE,KickoffReturnTDs.mp4,KickoffReturnTD_88.mp4,KickoffReturnTD_,.mp4,2026-03-30,
89,0:44:41,0:45:02,Special Teams,,FALSE,KickoffReturnTDs.mp4,KickoffReturnTD_89.mp4,KickoffReturnTD_,.mp4,2026-03-30,
90,0:45:15,0:45:37,Special Teams,,FALSE,KickoffReturnTDs.mp4,KickoffReturnTD_90.mp4,KickoffReturnTD_,.mp4,2026-03-30,
91,0:45:42,0:46:02,Special Teams,,FALSE,KickoffReturnTDs.mp4,KickoffReturnTD_91.mp4,KickoffReturnTD_,.mp4,2026-03-30,
92,0:46:12,0:46:32,Special Teams,,FALSE,KickoffReturnTDs.mp4,KickoffReturnTD_92.mp4,KickoffReturnTD_,.mp4,2026-03-30,
93,0:46:43,0:47:02,Special Teams,,FALSE,KickoffReturnTDs.mp4,KickoffReturnTD_93.mp4,KickoffReturnTD_,.mp4,2026-03-30,
94,0:47:13,0:47:34,Special Teams,,FALSE,KickoffReturnTDs.mp4,KickoffReturnTD_94.mp4,KickoffReturnTD_,.mp4,2026-03-30,
95,0:47:43,0:48:04,Special Teams,,FALSE,KickoffReturnTDs.mp4,KickoffReturnTD_95.mp4,KickoffReturnTD_,.mp4,2026-03-30,
96,0:48:11,0:48:32,Special Teams,,FALSE,KickoffReturnTDs.mp4,KickoffReturnTD_96.mp4,KickoffReturnTD_,.mp4,2026-03-30,
97,0:48:43,0:49:05,Special Teams,,FALSE,KickoffReturnTDs.mp4,KickoffReturnTD_97.mp4,KickoffReturnTD_,.mp4,2026-03-30,
98,0:49:15,0:49:37,Special Teams,,FALSE,KickoffReturnTDs.mp4,KickoffReturnTD_98.mp4,KickoffReturnTD_,.mp4,2026-03-30,
99,0:49:47,0:50:10,Special Teams,,FALSE,KickoffReturnTDs.mp4,KickoffReturnTD_99.mp4,KickoffReturnTD_,.mp4,2026-03-30,
100,0:50:19,0:50:37,Special Teams,,FALSE,KickoffReturnTDs.mp4,KickoffReturnTD_100.mp4,KickoffReturnTD_,.mp4,2026-03-30,
101,0:50:46,0:51:05,Special Teams,,FALSE,KickoffReturnTDs.mp4,KickoffReturnTD_101.mp4,KickoffReturnTD_,.mp4,2026-03-30,
1,0:00:09,0:00:12,Special Teams,,FALSE,FieldGoalBlocks.mp4,FieldGoalBlocks_1.mp4,FieldGoalBlocks_,.mp4,2026-03-31,
2,0:00:22,0:00:26,Special Teams,,FALSE,FieldGoalBlocks.mp4,FieldGoalBlocks_2.mp4,FieldGoalBlocks_,.mp4,2026-03-31,
3,0:00:39,0:00:43,Special Teams,,FALSE,FieldGoalBlocks.mp4,FieldGoalBlocks_3.mp4,FieldGoalBlocks_,.mp4,2026-03-31,
4,0:00:48,0:00:52,Special Teams,,FALSE,FieldGoalBlocks.mp4,FieldGoalBlocks_4.mp4,FieldGoalBlocks_,.mp4,2026-03-31,
5,0:01:01,0:01:07,Special Teams,,FALSE,FieldGoalBlocks.mp4,FieldGoalBlocks_5.mp4,FieldGoalBlocks_,.mp4,2026-03-31,
6,0:01:13,0:01:18,Special Teams,,FALSE,FieldGoalBlocks.mp4,FieldGoalBlocks_6.mp4,FieldGoalBlocks_,.mp4,2026-03-31,
7,0:01:28,0:01:36,Special Teams,,FALSE,FieldGoalBlocks.mp4,FieldGoalBlocks_7.mp4,FieldGoalBlocks_,.mp4,2026-03-31,
8,0:01:47,0:01:55,Special Teams,,FALSE,FieldGoalBlocks.mp4,FieldGoalBlocks_8.mp4,FieldGoalBlocks_,.mp4,2026-03-31,
9,0:02:05,0:02:09,Special Teams,,FALSE,FieldGoalBlocks.mp4,FieldGoalBlocks_9.mp4,FieldGoalBlocks_,.mp4,2026-03-31,
10,0:02:13,0:02:17,Special Teams,,FALSE,FieldGoalBlocks.mp4,FieldGoalBlocks_10.mp4,FieldGoalBlocks_,.mp4,2026-03-31,
11,0:02:26,0:02:31,Special Teams,,FALSE,FieldGoalBlocks.mp4,FieldGoalBlocks_11.mp4,FieldGoalBlocks_,.mp4,2026-03-31,
12,0:02:34,0:02:38,Special Teams,,FALSE,FieldGoalBlocks.mp4,FieldGoalBlocks_12.mp4,FieldGoalBlocks_,.mp4,2026-03-31,
13,0:02:49,0:02:54,Special Teams,,FALSE,FieldGoalBlocks.mp4,FieldGoalBlocks_13.mp4,FieldGoalBlocks_,.mp4,2026-03-31,
14,0:03:14,0:03:19,Special Teams,,FALSE,FieldGoalBlocks.mp4,FieldGoalBlocks_14.mp4,FieldGoalBlocks_,.mp4,2026-03-31,
15,0:03:31,0:03:34,Special Teams,,FALSE,FieldGoalBlocks.mp4,FieldGoalBlocks_15.mp4,FieldGoalBlocks_,.mp4,2026-03-31,
16,0:03:41,0:03:45,Special Teams,,FALSE,FieldGoalBlocks.mp4,FieldGoalBlocks_16.mp4,FieldGoalBlocks_,.mp4,2026-03-31,
17,0:03:57,0:04:00,Special Teams,,FALSE,FieldGoalBlocks.mp4,FieldGoalBlocks_17.mp4,FieldGoalBlocks_,.mp4,2026-03-31,
18,0:04:12,0:04:15,Special Teams,,FALSE,FieldGoalBlocks.mp4,FieldGoalBlocks_18.mp4,FieldGoalBlocks_,.mp4,2026-03-31,
19,0:04:29,0:04:39,Special Teams,,FALSE,FieldGoalBlocks.mp4,FieldGoalBlocks_19.mp4,FieldGoalBlocks_,.mp4,2026-03-31,
20,0:04:50,0:05:00,Special Teams,,FALSE,FieldGoalBlocks.mp4,FieldGoalBlocks_20.mp4,FieldGoalBlocks_,.mp4,2026-03-31,
21,0:05:08,0:05:17,Special Teams,,FALSE,FieldGoalBlocks.mp4,FieldGoalBlocks_21.mp4,FieldGoalBlocks_,.mp4,2026-03-31,
22,0:05:26,0:05:35,Special Teams,,FALSE,FieldGoalBlocks.mp4,FieldGoalBlocks_22.mp4,FieldGoalBlocks_,.mp4,2026-03-31,
23,0:05:49,0:06:03,Special Teams,,FALSE,FieldGoalBlocks.mp4,FieldGoalBlocks_23.mp4,FieldGoalBlocks_,.mp4,2026-03-31,
24,0:06:14,0:06:28,Special Teams,,FALSE,FieldGoalBlocks.mp4,FieldGoalBlocks_24.mp4,FieldGoalBlocks_,.mp4,2026-03-31,
25,0:06:40,0:06:45,Special Teams,,FALSE,FieldGoalBlocks.mp4,FieldGoalBlocks_25.mp4,FieldGoalBlocks_,.mp4,2026-03-31,
26,0:06:56,0:07:00,Special Teams,,FALSE,FieldGoalBlocks.mp4,FieldGoalBlocks_26.mp4,FieldGoalBlocks_,.mp4,2026-03-31,
27,0:07:10,0:07:17,Special Teams,,FALSE,FieldGoalBlocks.mp4,FieldGoalBlocks_27.mp4,FieldGoalBlocks_,.mp4,2026-03-31,
28,0:07:23,0:07:29,Special Teams,,FALSE,FieldGoalBlocks.mp4,FieldGoalBlocks_28.mp4,FieldGoalBlocks_,.mp4,2026-03-31,
29,0:07:38,0:07:45,Special Teams,,FALSE,FieldGoalBlocks.mp4,FieldGoalBlocks_29.mp4,FieldGoalBlocks_,.mp4,2026-03-31,
30,0:07:50,0:07:58,Special Teams,,FALSE,FieldGoalBlocks.mp4,FieldGoalBlocks_30.mp4,FieldGoalBlocks_,.mp4,2026-03-31,
31,0:08:10,0:08:13,Special Teams,,FALSE,FieldGoalBlocks.mp4,FieldGoalBlocks_31.mp4,FieldGoalBlocks_,.mp4,2026-03-31,
32,0:08:28,0:08:33,Special Teams,,FALSE,FieldGoalBlocks.mp4,FieldGoalBlocks_32.mp4,FieldGoalBlocks_,.mp4,2026-03-31,
33,0:08:44,0:08:57,Special Teams,,FALSE,FieldGoalBlocks.mp4,FieldGoalBlocks_33.mp4,FieldGoalBlocks_,.mp4,2026-03-31,
34,0:09:07,0:09:19,Special Teams,,FALSE,FieldGoalBlocks.mp4,FieldGoalBlocks_34.mp4,FieldGoalBlocks_,.mp4,2026-03-31,
35,0:09:28,0:09:31,Special Teams,,FALSE,FieldGoalBlocks.mp4,FieldGoalBlocks_35.mp4,FieldGoalBlocks_,.mp4,2026-03-31,
36,0:09:36,0:09:39,Special Teams,,FALSE,FieldGoalBlocks.mp4,FieldGoalBlocks_36.mp4,FieldGoalBlocks_,.mp4,2026-03-31,
37,0:09:53,0:09:57,Special Teams,,FALSE,FieldGoalBlocks.mp4,FieldGoalBlocks_37.mp4,FieldGoalBlocks_,.mp4,2026-03-31,
38,0:10:12,0:10:16,Special Teams,,FALSE,FieldGoalBlocks.mp4,FieldGoalBlocks_38.mp4,FieldGoalBlocks_,.mp4,2026-03-31,
39,0:10:33,0:10:37,Special Teams,,FALSE,FieldGoalBlocks.mp4,FieldGoalBlocks_39.mp4,FieldGoalBlocks_,.mp4,2026-03-31,
40,0:10:54,0:10:58,Special Teams,,FALSE,FieldGoalBlocks.mp4,FieldGoalBlocks_40.mp4,FieldGoalBlocks_,.mp4,2026-03-31,
41,0:11:11,0:11:15,Special Teams,,FALSE,FieldGoalBlocks.mp4,FieldGoalBlocks_41.mp4,FieldGoalBlocks_,.mp4,2026-03-31,
42,0:11:27,0:11:34,Special Teams,,FALSE,FieldGoalBlocks.mp4,FieldGoalBlocks_42.mp4,FieldGoalBlocks_,.mp4,2026-03-31,
43,0:11:46,0:11:53,Special Teams,,FALSE,FieldGoalBlocks.mp4,FieldGoalBlocks_43.mp4,FieldGoalBlocks_,.mp4,2026-03-31,
44,0:12:01,0:12:09,Special Teams,,FALSE,FieldGoalBlocks.mp4,FieldGoalBlocks_44.mp4,FieldGoalBlocks_,.mp4,2026-03-31,
45,0:12:18,0:12:22,Special Teams,,FALSE,FieldGoalBlocks.mp4,FieldGoalBlocks_45.mp4,FieldGoalBlocks_,.mp4,2026-03-31,
46,0:12:36,0:12:39,Special Teams,,FALSE,FieldGoalBlocks.mp4,FieldGoalBlocks_46.mp4,FieldGoalBlocks_,.mp4,2026-03-31,
47,0:12:56,0:13:00,Special Teams,,FALSE,FieldGoalBlocks.mp4,FieldGoalBlocks_47.mp4,FieldGoalBlocks_,.mp4,2026-03-31,
48,0:13:18,0:13:23,Special Teams,,FALSE,FieldGoalBlocks.mp4,FieldGoalBlocks_48.mp4,FieldGoalBlocks_,.mp4,2026-03-31,
49,0:13:33,0:13:39,Special Teams,,FALSE,FieldGoalBlocks.mp4,FieldGoalBlocks_49.mp4,FieldGoalBlocks_,.mp4,2026-03-31,
50,0:13:45,0:13:50,Special Teams,,FALSE,FieldGoalBlocks.mp4,FieldGoalBlocks_50.mp4,FieldGoalBlocks_,.mp4,2026-03-31,
51,0:14:04,0:14:15,Special Teams,,FALSE,FieldGoalBlocks.mp4,FieldGoalBlocks_51.mp4,FieldGoalBlocks_,.mp4,2026-03-31,
52,0:14:22,0:14:31,Special Teams,,FALSE,FieldGoalBlocks.mp4,FieldGoalBlocks_52.mp4,FieldGoalBlocks_,.mp4,2026-03-31,
53,0:14:42,0:14:49,Special Teams,,FALSE,FieldGoalBlocks.mp4,FieldGoalBlocks_53.mp4,FieldGoalBlocks_,.mp4,2026-03-31,
54,0:14:55,0:15:02,Special Teams,,FALSE,FieldGoalBlocks.mp4,FieldGoalBlocks_54.mp4,FieldGoalBlocks_,.mp4,2026-03-31,
55,0:15:21,0:15:24,Special Teams,,FALSE,FieldGoalBlocks.mp4,FieldGoalBlocks_55.mp4,FieldGoalBlocks_,.mp4,2026-03-31,
56,0:15:33,0:15:43,Special Teams,,FALSE,FieldGoalBlocks.mp4,FieldGoalBlocks_56.mp4,FieldGoalBlocks_,.mp4,2026-03-31,
57,0:16:00,0:16:07,Special Teams,,FALSE,FieldGoalBlocks.mp4,FieldGoalBlocks_57.mp4,FieldGoalBlocks_,.mp4,2026-03-31,
58,0:16:20,0:16:27,Special Teams,,FALSE,FieldGoalBlocks.mp4,FieldGoalBlocks_58.mp4,FieldGoalBlocks_,.mp4,2026-03-31,
59,0:16:40,0:16:44,Special Teams,,FALSE,FieldGoalBlocks.mp4,FieldGoalBlocks_59.mp4,FieldGoalBlocks_,.mp4,2026-03-31,
60,0:16:50,0:16:55,Special Teams,,FALSE,FieldGoalBlocks.mp4,FieldGoalBlocks_60.mp4,FieldGoalBlocks_,.mp4,2026-03-31,
61,0:17:13,0:17:17,Special Teams,,FALSE,FieldGoalBlocks.mp4,FieldGoalBlocks_61.mp4,FieldGoalBlocks_,.mp4,2026-03-31,
62,0:17:36,0:17:40,Special Teams,,FALSE,FieldGoalBlocks.mp4,FieldGoalBlocks_62.mp4,FieldGoalBlocks_,.mp4,2026-03-31,
63,0:17:51,0:17:57,Special Teams,,FALSE,FieldGoalBlocks.mp4,FieldGoalBlocks_63.mp4,FieldGoalBlocks_,.mp4,2026-03-31,
64,0:18:06,0:18:11,Special Teams,,FALSE,FieldGoalBlocks.mp4,FieldGoalBlocks_64.mp4,FieldGoalBlocks_,.mp4,2026-03-31,
65,0:18:25,0:18:30,Special Teams,,FALSE,FieldGoalBlocks.mp4,FieldGoalBlocks_65.mp4,FieldGoalBlocks_,.mp4,2026-03-31,
66,0:18:46,0:18:50,Special Teams,,FALSE,FieldGoalBlocks.mp4,FieldGoalBlocks_66.mp4,FieldGoalBlocks_,.mp4,2026-03-31,
67,0:19:09,0:19:12,Special Teams,,FALSE,FieldGoalBlocks.mp4,FieldGoalBlocks_67.mp4,FieldGoalBlocks_,.mp4,2026-03-31,
68,0:19:30,0:19:35,Special Teams,,FALSE,FieldGoalBlocks.mp4,FieldGoalBlocks_68.mp4,FieldGoalBlocks_,.mp4,2026-03-31,
69,0:19:44,0:19:53,Special Teams,,FALSE,FieldGoalBlocks.mp4,FieldGoalBlocks_69.mp4,FieldGoalBlocks_,.mp4,2026-03-31,
70,0:20:01,0:20:08,Special Teams,,FALSE,FieldGoalBlocks.mp4,FieldGoalBlocks_70.mp4,FieldGoalBlocks_,.mp4,2026-03-31,
71,0:20:20,0:20:36,Special Teams,,FALSE,FieldGoalBlocks.mp4,FieldGoalBlocks_71.mp4,FieldGoalBlocks_,.mp4,2026-03-31,
72,0:20:45,0:21:01,Special Teams,,FALSE,FieldGoalBlocks.mp4,FieldGoalBlocks_72.mp4,FieldGoalBlocks_,.mp4,2026-03-31,
73,0:21:19,0:21:24,Special Teams,,FALSE,FieldGoalBlocks.mp4,FieldGoalBlocks_73.mp4,FieldGoalBlocks_,.mp4,2026-03-31,
74,0:21:33,0:21:38,Special Teams,,FALSE,FieldGoalBlocks.mp4,FieldGoalBlocks_74.mp4,FieldGoalBlocks_,.mp4,2026-03-31,
75,0:21:50,0:21:57,Special Teams,,FALSE,FieldGoalBlocks.mp4,FieldGoalBlocks_75.mp4,FieldGoalBlocks_,.mp4,2026-03-31,
76,0:22:02,0:22:08,Special Teams,,FALSE,FieldGoalBlocks.mp4,FieldGoalBlocks_76.mp4,FieldGoalBlocks_,.mp4,2026-03-31,
77,0:22:18,0:22:26,Special Teams,,FALSE,FieldGoalBlocks.mp4,FieldGoalBlocks_77.mp4,FieldGoalBlocks_,.mp4,2026-03-31,
78,0:22:33,0:22:43,Special Teams,,FALSE,FieldGoalBlocks.mp4,FieldGoalBlocks_78.mp4,FieldGoalBlocks_,.mp4,2026-03-31,
79,0:23:02,0:23:14,Special Teams,,FALSE,FieldGoalBlocks.mp4,FieldGoalBlocks_79.mp4,FieldGoalBlocks_,.mp4,2026-03-31,
80,0:23:35,0:23:47,Special Teams,,FALSE,FieldGoalBlocks.mp4,FieldGoalBlocks_80.mp4,FieldGoalBlocks_,.mp4,2026-03-31,
81,0:23:57,0:24:02,Special Teams,,FALSE,FieldGoalBlocks.mp4,FieldGoalBlocks_81.mp4,FieldGoalBlocks_,.mp4,2026-03-31,
82,0:24:09,0:24:14,Special Teams,,FALSE,FieldGoalBlocks.mp4,FieldGoalBlocks_82.mp4,FieldGoalBlocks_,.mp4,2026-03-31,
83,0:24:32,0:24:39,Special Teams,,FALSE,FieldGoalBlocks.mp4,FieldGoalBlocks_83.mp4,FieldGoalBlocks_,.mp4,2026-03-31,
84,0:24:52,0:24:59,Special Teams,,FALSE,FieldGoalBlocks.mp4,FieldGoalBlocks_84.mp4,FieldGoalBlocks_,.mp4,2026-03-31,
85,0:25:08,0:25:21,Special Teams,,FALSE,FieldGoalBlocks.mp4,FieldGoalBlocks_85.mp4,FieldGoalBlocks_,.mp4,2026-03-31,
86,0:25:30,0:25:43,Special Teams,,FALSE,FieldGoalBlocks.mp4,FieldGoalBlocks_86.mp4,FieldGoalBlocks_,.mp4,2026-03-31,
87,0:25:51,0:25:55,Special Teams,,FALSE,FieldGoalBlocks.mp4,FieldGoalBlocks_87.mp4,FieldGoalBlocks_,.mp4,2026-03-31,
88,0:26:08,0:26:14,Special Teams,,FALSE,FieldGoalBlocks.mp4,FieldGoalBlocks_88.mp4,FieldGoalBlocks_,.mp4,2026-03-31,
89,0:26:34,0:26:45,Special Teams,,FALSE,FieldGoalBlocks.mp4,FieldGoalBlocks_89.mp4,FieldGoalBlocks_,.mp4,2026-03-31,
90,0:27:03,0:27:12,Special Teams,,FALSE,FieldGoalBlocks.mp4,FieldGoalBlocks_90.mp4,FieldGoalBlocks_,.mp4,2026-03-31,
91,0:27:23,0:27:29,Special Teams,,FALSE,FieldGoalBlocks.mp4,FieldGoalBlocks_91.mp4,FieldGoalBlocks_,.mp4,2026-03-31,
92,0:27:32,0:27:36,Special Teams,,FALSE,FieldGoalBlocks.mp4,FieldGoalBlocks_92.mp4,FieldGoalBlocks_,.mp4,2026-03-31,
93,0:27:59,0:28:03,Special Teams,,FALSE,FieldGoalBlocks.mp4,FieldGoalBlocks_93.mp4,FieldGoalBlocks_,.mp4,2026-03-31,
94,0:28:19,0:28:23,Special Teams,,FALSE,FieldGoalBlocks.mp4,FieldGoalBlocks_94.mp4,FieldGoalBlocks_,.mp4,2026-03-31,
95,0:28:37,0:28:42,Special Teams,,FALSE,FieldGoalBlocks.mp4,FieldGoalBlocks_95.mp4,FieldGoalBlocks_,.mp4,2026-03-31,
96,0:28:48,0:28:53,Special Teams,,FALSE,FieldGoalBlocks.mp4,FieldGoalBlocks_96.mp4,FieldGoalBlocks_,.mp4,2026-03-31,
97,0:29:03,0:29:09,Special Teams,,FALSE,FieldGoalBlocks.mp4,FieldGoalBlocks_97.mp4,FieldGoalBlocks_,.mp4,2026-03-31,
98,0:29:14,0:29:21,Special Teams,,FALSE,FieldGoalBlocks.mp4,FieldGoalBlocks_98.mp4,FieldGoalBlocks_,.mp4,2026-03-31,
99,0:29:34,0:29:38,Special Teams,,FALSE,FieldGoalBlocks.mp4,FieldGoalBlocks_99.mp4,FieldGoalBlocks_,.mp4,2026-03-31,
100,0:29:52,0:29:55,Special Teams,,FALSE,FieldGoalBlocks.mp4,FieldGoalBlocks_100.mp4,FieldGoalBlocks_,.mp4,2026-03-31,
101,0:30:05,0:30:15,Special Teams,,FALSE,FieldGoalBlocks.mp4,FieldGoalBlocks_101.mp4,FieldGoalBlocks_,.mp4,2026-03-31,
102,0:30:24,0:30:40,Special Teams,,FALSE,FieldGoalBlocks.mp4,FieldGoalBlocks_102.mp4,FieldGoalBlocks_,.mp4,2026-03-31,
103,0:30:47,0:30:57,Special Teams,,FALSE,FieldGoalBlocks.mp4,FieldGoalBlocks_103.mp4,FieldGoalBlocks_,.mp4,2026-03-31,
104,0:31:03,0:31:12,Special Teams,,FALSE,FieldGoalBlocks.mp4,FieldGoalBlocks_104.mp4,FieldGoalBlocks_,.mp4,2026-03-31,
105,0:31:25,0:31:31,Special Teams,,FALSE,FieldGoalBlocks.mp4,FieldGoalBlocks_105.mp4,FieldGoalBlocks_,.mp4,2026-03-31,
106,0:31:33,0:31:37,Special Teams,,FALSE,FieldGoalBlocks.mp4,FieldGoalBlocks_106.mp4,FieldGoalBlocks_,.mp4,2026-03-31,
107,0:31:47,0:31:51,Special Teams,,FALSE,FieldGoalBlocks.mp4,FieldGoalBlocks_107.mp4,FieldGoalBlocks_,.mp4,2026-03-31,
108,0:31:59,0:32:03,Special Teams,,FALSE,FieldGoalBlocks.mp4,FieldGoalBlocks_108.mp4,FieldGoalBlocks_,.mp4,2026-03-31,
109,0:32:15,0:32:35,Special Teams,,FALSE,FieldGoalBlocks.mp4,FieldGoalBlocks_109.mp4,FieldGoalBlocks_,.mp4,2026-03-31,
110,0:32:45,0:33:06,Special Teams,,FALSE,FieldGoalBlocks.mp4,FieldGoalBlocks_110.mp4,FieldGoalBlocks_,.mp4,2026-03-31,
111,0:33:25,0:33:36,Special Teams,,FALSE,FieldGoalBlocks.mp4,FieldGoalBlocks_111.mp4,FieldGoalBlocks_,.mp4,2026-03-31,
112,0:33:42,0:33:55,Special Teams,,FALSE,FieldGoalBlocks.mp4,FieldGoalBlocks_112.mp4,FieldGoalBlocks_,.mp4,2026-03-31,
113,0:34:06,0:34:09,Special Teams,,FALSE,FieldGoalBlocks.mp4,FieldGoalBlocks_113.mp4,FieldGoalBlocks_,.mp4,2026-03-31,
114,0:34:18,0:34:21,Special Teams,,FALSE,FieldGoalBlocks.mp4,FieldGoalBlocks_114.mp4,FieldGoalBlocks_,.mp4,2026-03-31,
115,0:34:32,0:34:36,Special Teams,,FALSE,FieldGoalBlocks.mp4,FieldGoalBlocks_115.mp4,FieldGoalBlocks_,.mp4,2026-03-31,
116,0:34:44,0:34:47,Special Teams,,FALSE,FieldGoalBlocks.mp4,FieldGoalBlocks_116.mp4,FieldGoalBlocks_,.mp4,2026-03-31,
117,0:35:08,0:35:13,Special Teams,,FALSE,FieldGoalBlocks.mp4,FieldGoalBlocks_117.mp4,FieldGoalBlocks_,.mp4,2026-03-31,
118,0:35:28,0:35:33,Special Teams,,FALSE,FieldGoalBlocks.mp4,FieldGoalBlocks_118.mp4,FieldGoalBlocks_,.mp4,2026-03-31,
119,0:35:54,0:35:59,Special Teams,,FALSE,FieldGoalBlocks.mp4,FieldGoalBlocks_119.mp4,FieldGoalBlocks_,.mp4,2026-03-31,
120,0:36:20,0:36:25,Special Teams,,FALSE,FieldGoalBlocks.mp4,FieldGoalBlocks_120.mp4,FieldGoalBlocks_,.mp4,2026-03-31,
121,0:36:40,0:36:45,Special Teams,,FALSE,FieldGoalBlocks.mp4,FieldGoalBlocks_121.mp4,FieldGoalBlocks_,.mp4,2026-03-31,
122,0:36:58,0:37:03,Special Teams,,FALSE,FieldGoalBlocks.mp4,FieldGoalBlocks_122.mp4,FieldGoalBlocks_,.mp4,2026-03-31,
123,0:37:19,0:37:26,Special Teams,,FALSE,FieldGoalBlocks.mp4,FieldGoalBlocks_123.mp4,FieldGoalBlocks_,.mp4,2026-03-31,
124,0:37:36,0:37:44,Special Teams,,FALSE,FieldGoalBlocks.mp4,FieldGoalBlocks_124.mp4,FieldGoalBlocks_,.mp4,2026-03-31,
125,0:37:59,0:38:03,Special Teams,,FALSE,FieldGoalBlocks.mp4,FieldGoalBlocks_125.mp4,FieldGoalBlocks_,.mp4,2026-03-31,
126,0:38:12,0:38:16,Special Teams,,FALSE,FieldGoalBlocks.mp4,FieldGoalBlocks_126.mp4,FieldGoalBlocks_,.mp4,2026-03-31,
127,0:38:26,0:38:31,Special Teams,,FALSE,FieldGoalBlocks.mp4,FieldGoalBlocks_127.mp4,FieldGoalBlocks_,.mp4,2026-03-31,
128,0:38:42,0:38:47,Special Teams,,FALSE,FieldGoalBlocks.mp4,FieldGoalBlocks_128.mp4,FieldGoalBlocks_,.mp4,2026-03-31,
129,0:38:57,0:39:01,Special Teams,,FALSE,FieldGoalBlocks.mp4,FieldGoalBlocks_129.mp4,FieldGoalBlocks_,.mp4,2026-03-31,
130,0:39:10,0:39:14,Special Teams,,FALSE,FieldGoalBlocks.mp4,FieldGoalBlocks_130.mp4,FieldGoalBlocks_,.mp4,2026-03-31,
131,0:39:27,0:39:42,Special Teams,,FALSE,FieldGoalBlocks.mp4,FieldGoalBlocks_131.mp4,FieldGoalBlocks_,.mp4,2026-03-31,
132,0:40:05,0:40:20,Special Teams,,FALSE,FieldGoalBlocks.mp4,FieldGoalBlocks_132.mp4,FieldGoalBlocks_,.mp4,2026-03-31,
133,0:40:52,0:41:06,Special Teams,,FALSE,FieldGoalBlocks.mp4,FieldGoalBlocks_133.mp4,FieldGoalBlocks_,.mp4,2026-03-31,
134,0:41:16,0:41:31,Special Teams,,FALSE,FieldGoalBlocks.mp4,FieldGoalBlocks_134.mp4,FieldGoalBlocks_,.mp4,2026-03-31,
135,0:41:46,0:41:50,Special Teams,,FALSE,FieldGoalBlocks.mp4,FieldGoalBlocks_135.mp4,FieldGoalBlocks_,.mp4,2026-03-31,
136,0:41:58,0:42:04,Special Teams,,FALSE,FieldGoalBlocks.mp4,FieldGoalBlocks_136.mp4,FieldGoalBlocks_,.mp4,2026-03-31,
137,0:42:11,0:42:19,Special Teams,,FALSE,FieldGoalBlocks.mp4,FieldGoalBlocks_137.mp4,FieldGoalBlocks_,.mp4,2026-03-31,
138,0:42:28,0:42:32,Special Teams,,FALSE,FieldGoalBlocks.mp4,FieldGoalBlocks_138.mp4,FieldGoalBlocks_,.mp4,2026-03-31,
1,0:15:26,0:15:31,Special Teams,,FALSE,OnsideKickRecoveries.mp4,OnsideKickRecovery_1.mp4,OnsideKickRecovery_,.mp4,2026-03-31,
2,0:15:41,0:15:47,Special Teams,,FALSE,OnsideKickRecoveries.mp4,OnsideKickRecovery_2.mp4,OnsideKickRecovery_,.mp4,2026-03-31,
3,0:16:13,0:16:23,Special Teams,,FALSE,OnsideKickRecoveries.mp4,OnsideKickRecovery_3.mp4,OnsideKickRecovery_,.mp4,2026-03-31,
4,0:16:35,0:16:43,Special Teams,,FALSE,OnsideKickRecoveries.mp4,OnsideKickRecovery_4.mp4,OnsideKickRecovery_,.mp4,2026-03-31,
5,0:16:57,0:17:03,Special Teams,,FALSE,OnsideKickRecoveries.mp4,OnsideKickRecovery_5.mp4,OnsideKickRecovery_,.mp4,2026-03-31,
6,0:17:17,0:17:23,Special Teams,,FALSE,OnsideKickRecoveries.mp4,OnsideKickRecovery_6.mp4,OnsideKickRecovery_,.mp4,2026-03-31,
7,0:17:41,0:17:46,Special Teams,,FALSE,OnsideKickRecoveries.mp4,OnsideKickRecovery_7.mp4,OnsideKickRecovery_,.mp4,2026-03-31,
8,0:18:02,0:18:07,Special Teams,,FALSE,OnsideKickRecoveries.mp4,OnsideKickRecovery_8.mp4,OnsideKickRecovery_,.mp4,2026-03-31,
9,0:18:17,0:18:22,Special Teams,,FALSE,OnsideKickRecoveries.mp4,OnsideKickRecovery_9.mp4,OnsideKickRecovery_,.mp4,2026-03-31,
10,0:18:41,0:18:49,Special Teams,,FALSE,OnsideKickRecoveries.mp4,OnsideKickRecovery_10.mp4,OnsideKickRecovery_,.mp4,2026-03-31,
11,0:19:19,0:19:26,Special Teams,,FALSE,OnsideKickRecoveries.mp4,OnsideKickRecovery_11.mp4,OnsideKickRecovery_,.mp4,2026-03-31,
12,0:19:46,0:19:51,Special Teams,,FALSE,OnsideKickRecoveries.mp4,OnsideKickRecovery_12.mp4,OnsideKickRecovery_,.mp4,2026-03-31,
13,0:20:11,0:20:16,Special Teams,,FALSE,OnsideKickRecoveries.mp4,OnsideKickRecovery_13.mp4,OnsideKickRecovery_,.mp4,2026-03-31,
14,0:20:28,0:20:34,Special Teams,,FALSE,OnsideKickRecoveries.mp4,OnsideKickRecovery_14.mp4,OnsideKickRecovery_,.mp4,2026-03-31,
15,0:20:39,0:20:46,Special Teams,,FALSE,OnsideKickRecoveries.mp4,OnsideKickRecovery_15.mp4,OnsideKickRecovery_,.mp4,2026-03-31,
16,0:20:52,0:20:58,Special Teams,,FALSE,OnsideKickRecoveries.mp4,OnsideKickRecovery_16.mp4,OnsideKickRecovery_,.mp4,2026-03-31,
17,0:21:08,0:21:14,Special Teams,,FALSE,OnsideKickRecoveries.mp4,OnsideKickRecovery_17.mp4,OnsideKickRecovery_,.mp4,2026-03-31,
18,0:21:24,0:21:29,Special Teams,,FALSE,OnsideKickRecoveries.mp4,OnsideKickRecovery_18.mp4,OnsideKickRecovery_,.mp4,2026-03-31,
19,0:21:52,0:21:57,Special Teams,,FALSE,OnsideKickRecoveries.mp4,OnsideKickRecovery_19.mp4,OnsideKickRecovery_,.mp4,2026-03-31,
20,0:22:14,0:22:21,Special Teams,,FALSE,OnsideKickRecoveries.mp4,OnsideKickRecovery_20.mp4,OnsideKickRecovery_,.mp4,2026-03-31,
21,0:22:36,0:22:42,Special Teams,,FALSE,OnsideKickRecoveries.mp4,OnsideKickRecovery_21.mp4,OnsideKickRecovery_,.mp4,2026-03-31,
22,0:23:03,0:23:10,Special Teams,,FALSE,OnsideKickRecoveries.mp4,OnsideKickRecovery_22.mp4,OnsideKickRecovery_,.mp4,2026-03-31,
23,0:23:54,0:24:00,Special Teams,,FALSE,OnsideKickRecoveries.mp4,OnsideKickRecovery_23.mp4,OnsideKickRecovery_,.mp4,2026-03-31,
24,0:24:38,0:24:45,Special Teams,,FALSE,OnsideKickRecoveries.mp4,OnsideKickRecovery_24.mp4,OnsideKickRecovery_,.mp4,2026-03-31,
25,0:25:20,0:25:28,Special Teams,,FALSE,OnsideKickRecoveries.mp4,OnsideKickRecovery_25.mp4,OnsideKickRecovery_,.mp4,2026-03-31,
26,0:25:34,0:25:40,Special Teams,,FALSE,OnsideKickRecoveries.mp4,OnsideKickRecovery_26.mp4,OnsideKickRecovery_,.mp4,2026-03-31,
27,0:25:55,0:26:01,Special Teams,,FALSE,OnsideKickRecoveries.mp4,OnsideKickRecovery_27.mp4,OnsideKickRecovery_,.mp4,2026-03-31,
28,0:26:11,0:26:17,Special Teams,,FALSE,OnsideKickRecoveries.mp4,OnsideKickRecovery_28.mp4,OnsideKickRecovery_,.mp4,2026-03-31,
29,0:26:34,0:26:41,Special Teams,,FALSE,OnsideKickRecoveries.mp4,OnsideKickRecovery_29.mp4,OnsideKickRecovery_,.mp4,2026-03-31,
30,0:26:51,0:26:56,Special Teams,,FALSE,OnsideKickRecoveries.mp4,OnsideKickRecovery_30.mp4,OnsideKickRecovery_,.mp4,2026-03-31,
31,0:27:13,0:27:19,Special Teams,,FALSE,OnsideKickRecoveries.mp4,OnsideKickRecovery_31.mp4,OnsideKickRecovery_,.mp4,2026-03-31,
32,0:27:30,0:27:34,Special Teams,,FALSE,OnsideKickRecoveries.mp4,OnsideKickRecovery_32.mp4,OnsideKickRecovery_,.mp4,2026-03-31,
33,0:27:42,0:27:46,Special Teams,,FALSE,OnsideKickRecoveries.mp4,OnsideKickRecovery_33.mp4,OnsideKickRecovery_,.mp4,2026-03-31,
34,0:28:01,0:28:05,Special Teams,,FALSE,OnsideKickRecoveries.mp4,OnsideKickRecovery_34.mp4,OnsideKickRecovery_,.mp4,2026-03-31,
35,0:28:16,0:28:24,Special Teams,,FALSE,OnsideKickRecoveries.mp4,OnsideKickRecovery_35.mp4,OnsideKickRecovery_,.mp4,2026-03-31,
36,0:28:40,0:28:48,Special Teams,,FALSE,OnsideKickRecoveries.mp4,OnsideKickRecovery_36.mp4,OnsideKickRecovery_,.mp4,2026-03-31,
37,0:28:57,0:29:03,Special Teams,,FALSE,OnsideKickRecoveries.mp4,OnsideKickRecovery_37.mp4,OnsideKickRecovery_,.mp4,2026-03-31,
38,0:29:09,0:29:16,Special Teams,,FALSE,OnsideKickRecoveries.mp4,OnsideKickRecovery_38.mp4,OnsideKickRecovery_,.mp4,2026-03-31,
39,0:29:26,0:29:31,Special Teams,,FALSE,OnsideKickRecoveries.mp4,OnsideKickRecovery_39.mp4,OnsideKickRecovery_,.mp4,2026-03-31,
40,0:29:40,0:29:44,Special Teams,,FALSE,OnsideKickRecoveries.mp4,OnsideKickRecovery_40.mp4,OnsideKickRecovery_,.mp4,2026-03-31,
41,0:29:59,0:30:08,Special Teams,,FALSE,OnsideKickRecoveries.mp4,OnsideKickRecovery_41.mp4,OnsideKickRecovery_,.mp4,2026-03-31,
42,0:30:25,0:30:31,Special Teams,,FALSE,OnsideKickRecoveries.mp4,OnsideKickRecovery_42.mp4,OnsideKickRecovery_,.mp4,2026-03-31,
43,0:30:55,0:31:01,Special Teams,,FALSE,OnsideKickRecoveries.mp4,OnsideKickRecovery_43.mp4,OnsideKickRecovery_,.mp4,2026-03-31,
44,0:31:10,0:31:15,Special Teams,,FALSE,OnsideKickRecoveries.mp4,OnsideKickRecovery_44.mp4,OnsideKickRecovery_,.mp4,2026-03-31,
1,0:00:05,0:00:25,Special Teams,,FALSE,PuntReturnTouchdowns.mp4,PuntReturnTouchdown_1.mp4,PuntReturnTouchdown_,.mp4,2026-03-31,
2,0:00:31,0:00:51,Special Teams,,FALSE,PuntReturnTouchdowns.mp4,PuntReturnTouchdown_2.mp4,PuntReturnTouchdown_,.mp4,2026-03-31,
3,0:00:59,0:01:17,Special Teams,,FALSE,PuntReturnTouchdowns.mp4,PuntReturnTouchdown_3.mp4,PuntReturnTouchdown_,.mp4,2026-03-31,
4,0:01:27,0:01:46,Special Teams,,FALSE,PuntReturnTouchdowns.mp4,PuntReturnTouchdown_4.mp4,PuntReturnTouchdown_,.mp4,2026-03-31,
5,0:01:53,0:02:11,Special Teams,,FALSE,PuntReturnTouchdowns.mp4,PuntReturnTouchdown_5.mp4,PuntReturnTouchdown_,.mp4,2026-03-31,
6,0:02:16,0:02:34,Special Teams,,FALSE,PuntReturnTouchdowns.mp4,PuntReturnTouchdown_6.mp4,PuntReturnTouchdown_,.mp4,2026-03-31,
7,0:02:47,0:03:04,Special Teams,,FALSE,PuntReturnTouchdowns.mp4,PuntReturnTouchdown_7.mp4,PuntReturnTouchdown_,.mp4,2026-03-31,
8,0:03:22,0:03:46,Special Teams,,FALSE,PuntReturnTouchdowns.mp4,PuntReturnTouchdown_8.mp4,PuntReturnTouchdown_,.mp4,2026-03-31,
9,0:04:07,0:04:29,Special Teams,,FALSE,PuntReturnTouchdowns.mp4,PuntReturnTouchdown_9.mp4,PuntReturnTouchdown_,.mp4,2026-03-31,
10,0:04:39,0:04:59,Special Teams,,FALSE,PuntReturnTouchdowns.mp4,PuntReturnTouchdown_10.mp4,PuntReturnTouchdown_,.mp4,2026-03-31,
11,0:05:24,0:05:42,Special Teams,,FALSE,PuntReturnTouchdowns.mp4,PuntReturnTouchdown_11.mp4,PuntReturnTouchdown_,.mp4,2026-03-31,
12,0:05:52,0:06:14,Special Teams,,FALSE,PuntReturnTouchdowns.mp4,PuntReturnTouchdown_12.mp4,PuntReturnTouchdown_,.mp4,2026-03-31,
13,0:06:23,0:06:46,Special Teams,,FALSE,PuntReturnTouchdowns.mp4,PuntReturnTouchdown_13.mp4,PuntReturnTouchdown_,.mp4,2026-03-31,
14,0:06:53,0:07:17,Special Teams,,FALSE,PuntReturnTouchdowns.mp4,PuntReturnTouchdown_14.mp4,PuntReturnTouchdown_,.mp4,2026-03-31,
15,0:07:28,0:07:48,Special Teams,,FALSE,PuntReturnTouchdowns.mp4,PuntReturnTouchdown_15.mp4,PuntReturnTouchdown_,.mp4,2026-03-31,
16,0:07:54,0:08:13,Special Teams,,FALSE,PuntReturnTouchdowns.mp4,PuntReturnTouchdown_16.mp4,PuntReturnTouchdown_,.mp4,2026-03-31,
17,0:08:19,0:08:42,Special Teams,,FALSE,PuntReturnTouchdowns.mp4,PuntReturnTouchdown_17.mp4,PuntReturnTouchdown_,.mp4,2026-03-31,
18,0:08:47,0:09:08,Special Teams,,FALSE,PuntReturnTouchdowns.mp4,PuntReturnTouchdown_18.mp4,PuntReturnTouchdown_,.mp4,2026-03-31,
19,0:09:28,0:09:49,Special Teams,,FALSE,PuntReturnTouchdowns.mp4,PuntReturnTouchdown_19.mp4,PuntReturnTouchdown_,.mp4,2026-03-31,
20,0:09:59,0:10:23,Special Teams,,FALSE,PuntReturnTouchdowns.mp4,PuntReturnTouchdown_20.mp4,PuntReturnTouchdown_,.mp4,2026-03-31,
21,0:10:38,0:10:53,Special Teams,,FALSE,PuntReturnTouchdowns.mp4,PuntReturnTouchdown_21.mp4,PuntReturnTouchdown_,.mp4,2026-03-31,
22,0:10:58,0:11:09,Special Teams,,FALSE,PuntReturnTouchdowns.mp4,PuntReturnTouchdown_22.mp4,PuntReturnTouchdown_,.mp4,2026-03-31,
23,0:11:16,0:11:34,Special Teams,,FALSE,PuntReturnTouchdowns.mp4,PuntReturnTouchdown_23.mp4,PuntReturnTouchdown_,.mp4,2026-03-31,
24,0:11:38,0:11:56,Special Teams,,FALSE,PuntReturnTouchdowns.mp4,PuntReturnTouchdown_24.mp4,PuntReturnTouchdown_,.mp4,2026-03-31,
25,0:12:05,0:12:24,Special Teams,,FALSE,PuntReturnTouchdowns.mp4,PuntReturnTouchdown_25.mp4,PuntReturnTouchdown_,.mp4,2026-03-31,
26,0:12:29,0:12:48,Special Teams,,FALSE,PuntReturnTouchdowns.mp4,PuntReturnTouchdown_26.mp4,PuntReturnTouchdown_,.mp4,2026-03-31,
27,0:12:58,0:13:21,Special Teams,,FALSE,PuntReturnTouchdowns.mp4,PuntReturnTouchdown_27.mp4,PuntReturnTouchdown_,.mp4,2026-03-31,
28,0:13:25,0:13:50,Special Teams,,FALSE,PuntReturnTouchdowns.mp4,PuntReturnTouchdown_28.mp4,PuntReturnTouchdown_,.mp4,2026-03-31,
29,0:14:00,0:14:25,Special Teams,,FALSE,PuntReturnTouchdowns.mp4,PuntReturnTouchdown_29.mp4,PuntReturnTouchdown_,.mp4,2026-03-31,
30,0:14:35,0:14:56,Special Teams,,FALSE,PuntReturnTouchdowns.mp4,PuntReturnTouchdown_30.mp4,PuntReturnTouchdown_,.mp4,2026-03-31,
31,0:15:03,0:15:17,Special Teams,,FALSE,PuntReturnTouchdowns.mp4,PuntReturnTouchdown_31.mp4,PuntReturnTouchdown_,.mp4,2026-03-31,
32,0:15:21,0:15:35,Special Teams,,FALSE,PuntReturnTouchdowns.mp4,PuntReturnTouchdown_32.mp4,PuntReturnTouchdown_,.mp4,2026-03-31,
33,0:15:46,0:15:58,Special Teams,,FALSE,PuntReturnTouchdowns.mp4,PuntReturnTouchdown_33.mp4,PuntReturnTouchdown_,.mp4,2026-03-31,
34,0:16:06,0:16:19,Special Teams,,FALSE,PuntReturnTouchdowns.mp4,PuntReturnTouchdown_34.mp4,PuntReturnTouchdown_,.mp4,2026-03-31,
35,0:16:36,0:16:52,Special Teams,,FALSE,PuntReturnTouchdowns.mp4,PuntReturnTouchdown_35.mp4,PuntReturnTouchdown_,.mp4,2026-03-31,
36,0:17:15,0:17:31,Special Teams,,FALSE,PuntReturnTouchdowns.mp4,PuntReturnTouchdown_36.mp4,PuntReturnTouchdown_,.mp4,2026-03-31,
37,0:17:40,0:18:00,Special Teams,,FALSE,PuntReturnTouchdowns.mp4,PuntReturnTouchdown_37.mp4,PuntReturnTouchdown_,.mp4,2026-03-31,
38,0:18:09,0:18:29,Special Teams,,FALSE,PuntReturnTouchdowns.mp4,PuntReturnTouchdown_38.mp4,PuntReturnTouchdown_,.mp4,2026-03-31,
39,0:18:39,0:18:54,Special Teams,,FALSE,PuntReturnTouchdowns.mp4,PuntReturnTouchdown_39.mp4,PuntReturnTouchdown_,.mp4,2026-03-31,
40,0:19:07,0:19:17,Special Teams,,FALSE,PuntReturnTouchdowns.mp4,PuntReturnTouchdown_40.mp4,PuntReturnTouchdown_,.mp4,2026-03-31,
41,0:19:30,0:19:55,Special Teams,,FALSE,PuntReturnTouchdowns.mp4,PuntReturnTouchdown_41.mp4,PuntReturnTouchdown_,.mp4,2026-03-31,
42,0:20:00,0:20:19,Special Teams,,FALSE,PuntReturnTouchdowns.mp4,PuntReturnTouchdown_42.mp4,PuntReturnTouchdown_,.mp4,2026-03-31,
43,0:20:27,0:20:44,Special Teams,,FALSE,PuntReturnTouchdowns.mp4,PuntReturnTouchdown_43.mp4,PuntReturnTouchdown_,.mp4,2026-03-31,
44,0:20:51,0:21:07,Special Teams,,FALSE,PuntReturnTouchdowns.mp4,PuntReturnTouchdown_44.mp4,PuntReturnTouchdown_,.mp4,2026-03-31,
45,0:21:25,0:21:42,Special Teams,,FALSE,PuntReturnTouchdowns.mp4,PuntReturnTouchdown_45.mp4,PuntReturnTouchdown_,.mp4,2026-03-31,
46,0:21:48,0:22:04,Special Teams,,FALSE,PuntReturnTouchdowns.mp4,PuntReturnTouchdown_46.mp4,PuntReturnTouchdown_,.mp4,2026-03-31,
47,0:22:18,0:22:36,Special Teams,,FALSE,PuntReturnTouchdowns.mp4,PuntReturnTouchdown_47.mp4,PuntReturnTouchdown_,.mp4,2026-03-31,
48,0:22:41,0:22:59,Special Teams,,FALSE,PuntReturnTouchdowns.mp4,PuntReturnTouchdown_48.mp4,PuntReturnTouchdown_,.mp4,2026-03-31,
49,0:23:07,0:23:27,Special Teams,,FALSE,PuntReturnTouchdowns.mp4,PuntReturnTouchdown_49.mp4,PuntReturnTouchdown_,.mp4,2026-03-31,
50,0:23:37,0:23:56,Special Teams,,FALSE,PuntReturnTouchdowns.mp4,PuntReturnTouchdown_50.mp4,PuntReturnTouchdown_,.mp4,2026-03-31,
51,0:24:07,0:24:18,Special Teams,,FALSE,PuntReturnTouchdowns.mp4,PuntReturnTouchdown_51.mp4,PuntReturnTouchdown_,.mp4,2026-03-31,
52,0:24:26,0:24:36,Special Teams,,FALSE,PuntReturnTouchdowns.mp4,PuntReturnTouchdown_52.mp4,PuntReturnTouchdown_,.mp4,2026-03-31,
53,0:24:47,0:25:00,Special Teams,,FALSE,PuntReturnTouchdowns.mp4,PuntReturnTouchdown_53.mp4,PuntReturnTouchdown_,.mp4,2026-03-31,
54,0:25:04,0:25:16,Special Teams,,FALSE,PuntReturnTouchdowns.mp4,PuntReturnTouchdown_54.mp4,PuntReturnTouchdown_,.mp4,2026-03-31,
55,0:25:29,0:25:45,Special Teams,,FALSE,PuntReturnTouchdowns.mp4,PuntReturnTouchdown_55.mp4,PuntReturnTouchdown_,.mp4,2026-03-31,
56,0:25:56,0:26:11,Special Teams,,FALSE,PuntReturnTouchdowns.mp4,PuntReturnTouchdown_56.mp4,PuntReturnTouchdown_,.mp4,2026-03-31,
57,0:26:19,0:26:36,Special Teams,,FALSE,PuntReturnTouchdowns.mp4,PuntReturnTouchdown_57.mp4,PuntReturnTouchdown_,.mp4,2026-03-31,
58,0:26:46,0:27:03,Special Teams,,FALSE,PuntReturnTouchdowns.mp4,PuntReturnTouchdown_58.mp4,PuntReturnTouchdown_,.mp4,2026-03-31,
59,0:27:13,0:27:31,Special Teams,,FALSE,PuntReturnTouchdowns.mp4,PuntReturnTouchdown_59.mp4,PuntReturnTouchdown_,.mp4,2026-03-31,
60,0:27:41,0:27:58,Special Teams,,FALSE,PuntReturnTouchdowns.mp4,PuntReturnTouchdown_60.mp4,PuntReturnTouchdown_,.mp4,2026-03-31,
61,0:28:11,0:28:35,Special Teams,,FALSE,PuntReturnTouchdowns.mp4,PuntReturnTouchdown_61.mp4,PuntReturnTouchdown_,.mp4,2026-03-31,
62,0:28:49,0:29:12,Special Teams,,FALSE,PuntReturnTouchdowns.mp4,PuntReturnTouchdown_62.mp4,PuntReturnTouchdown_,.mp4,2026-03-31,
63,0:29:27,0:29:46,Special Teams,,FALSE,PuntReturnTouchdowns.mp4,PuntReturnTouchdown_63.mp4,PuntReturnTouchdown_,.mp4,2026-03-31,
64,0:30:01,0:30:20,Special Teams,,FALSE,PuntReturnTouchdowns.mp4,PuntReturnTouchdown_64.mp4,PuntReturnTouchdown_,.mp4,2026-03-31,
65,0:30:42,0:31:03,Special Teams,,FALSE,PuntReturnTouchdowns.mp4,PuntReturnTouchdown_65.mp4,PuntReturnTouchdown_,.mp4,2026-03-31,
66,0:31:20,0:31:41,Special Teams,,FALSE,PuntReturnTouchdowns.mp4,PuntReturnTouchdown_66.mp4,PuntReturnTouchdown_,.mp4,2026-03-31,
67,0:31:54,0:32:13,Special Teams,,FALSE,PuntReturnTouchdowns.mp4,PuntReturnTouchdown_67.mp4,PuntReturnTouchdown_,.mp4,2026-03-31,
68,0:32:17,0:32:37,Special Teams,,FALSE,PuntReturnTouchdowns.mp4,PuntReturnTouchdown_68.mp4,PuntReturnTouchdown_,.mp4,2026-03-31,
69,0:32:47,0:33:05,Special Teams,,FALSE,PuntReturnTouchdowns.mp4,PuntReturnTouchdown_69.mp4,PuntReturnTouchdown_,.mp4,2026-03-31,
70,0:33:16,0:33:34,Special Teams,,FALSE,PuntReturnTouchdowns.mp4,PuntReturnTouchdown_70.mp4,PuntReturnTouchdown_,.mp4,2026-03-31,
71,0:33:44,0:34:06,Special Teams,,FALSE,PuntReturnTouchdowns.mp4,PuntReturnTouchdown_71.mp4,PuntReturnTouchdown_,.mp4,2026-03-31,
72,0:34:20,0:34:40,Special Teams,,FALSE,PuntReturnTouchdowns.mp4,PuntReturnTouchdown_72.mp4,PuntReturnTouchdown_,.mp4,2026-03-31,
73,0:34:54,0:35:15,Special Teams,,FALSE,PuntReturnTouchdowns.mp4,PuntReturnTouchdown_73.mp4,PuntReturnTouchdown_,.mp4,2026-03-31,
74,0:35:25,0:35:46,Special Teams,,FALSE,PuntReturnTouchdowns.mp4,PuntReturnTouchdown_74.mp4,PuntReturnTouchdown_,.mp4,2026-03-31,
75,0:35:56,0:36:16,Special Teams,,FALSE,PuntReturnTouchdowns.mp4,PuntReturnTouchdown_75.mp4,PuntReturnTouchdown_,.mp4,2026-03-31,
76,0:36:23,0:36:43,Special Teams,,FALSE,PuntReturnTouchdowns.mp4,PuntReturnTouchdown_76.mp4,PuntReturnTouchdown_,.mp4,2026-03-31,
77,0:36:52,0:37:18,Special Teams,,FALSE,PuntReturnTouchdowns.mp4,PuntReturnTouchdown_77.mp4,PuntReturnTouchdown_,.mp4,2026-03-31,
78,0:37:31,0:37:56,Special Teams,,FALSE,PuntReturnTouchdowns.mp4,PuntReturnTouchdown_78.mp4,PuntReturnTouchdown_,.mp4,2026-03-31,
79,0:38:06,0:38:24,Special Teams,,FALSE,PuntReturnTouchdowns.mp4,PuntReturnTouchdown_79.mp4,PuntReturnTouchdown_,.mp4,2026-03-31,
80,0:38:30,0:38:50,Special Teams,,FALSE,PuntReturnTouchdowns.mp4,PuntReturnTouchdown_80.mp4,PuntReturnTouchdown_,.mp4,2026-03-31,
81,0:38:58,0:39:18,Special Teams,,FALSE,PuntReturnTouchdowns.mp4,PuntReturnTouchdown_81.mp4,PuntReturnTouchdown_,.mp4,2026-03-31,
82,0:39:26,0:39:44,Special Teams,,FALSE,PuntReturnTouchdowns.mp4,PuntReturnTouchdown_82.mp4,PuntReturnTouchdown_,.mp4,2026-03-31,
83,0:40:04,0:40:26,Special Teams,,FALSE,PuntReturnTouchdowns.mp4,PuntReturnTouchdown_83.mp4,PuntReturnTouchdown_,.mp4,2026-03-31,
84,0:40:43,0:41:05,Special Teams,,FALSE,PuntReturnTouchdowns.mp4,PuntReturnTouchdown_84.mp4,PuntReturnTouchdown_,.mp4,2026-03-31,
85,0:41:21,0:41:42,Special Teams,,FALSE,PuntReturnTouchdowns.mp4,PuntReturnTouchdown_85.mp4,PuntReturnTouchdown_,.mp4,2026-03-31,
86,0:41:54,0:42:15,Special Teams,,FALSE,PuntReturnTouchdowns.mp4,PuntReturnTouchdown_86.mp4,PuntReturnTouchdown_,.mp4,2026-03-31,
87,0:42:31,0:42:50,Special Teams,,FALSE,PuntReturnTouchdowns.mp4,PuntReturnTouchdown_87.mp4,PuntReturnTouchdown_,.mp4,2026-03-31,
88,0:42:56,0:43:14,Special Teams,,FALSE,PuntReturnTouchdowns.mp4,PuntReturnTouchdown_88.mp4,PuntReturnTouchdown_,.mp4,2026-03-31,
89,0:43:24,0:43:48,Special Teams,,FALSE,PuntReturnTouchdowns.mp4,PuntReturnTouchdown_89.mp4,PuntReturnTouchdown_,.mp4,2026-03-31,
90,0:43:53,0:44:15,Special Teams,,FALSE,PuntReturnTouchdowns.mp4,PuntReturnTouchdown_90.mp4,PuntReturnTouchdown_,.mp4,2026-03-31,
91,0:44:27,0:44:47,Special Teams,,FALSE,PuntReturnTouchdowns.mp4,PuntReturnTouchdown_91.mp4,PuntReturnTouchdown_,.mp4,2026-03-31,
92,0:45:01,0:45:22,Special Teams,,FALSE,PuntReturnTouchdowns.mp4,PuntReturnTouchdown_92.mp4,PuntReturnTouchdown_,.mp4,2026-03-31,
93,0:45:37,0:45:56,Special Teams,,FALSE,PuntReturnTouchdowns.mp4,PuntReturnTouchdown_93.mp4,PuntReturnTouchdown_,.mp4,2026-03-31,
94,0:46:09,0:46:27,Special Teams,,FALSE,PuntReturnTouchdowns.mp4,PuntReturnTouchdown_94.mp4,PuntReturnTouchdown_,.mp4,2026-03-31,
95,0:46:37,0:46:54,Special Teams,,FALSE,PuntReturnTouchdowns.mp4,PuntReturnTouchdown_95.mp4,PuntReturnTouchdown_,.mp4,2026-03-31,
96,0:47:02,0:47:22,Special Teams,,FALSE,PuntReturnTouchdowns.mp4,PuntReturnTouchdown_96.mp4,PuntReturnTouchdown_,.mp4,2026-03-31,
97,0:47:32,0:47:53,Special Teams,,FALSE,PuntReturnTouchdowns.mp4,PuntReturnTouchdown_97.mp4,PuntReturnTouchdown_,.mp4,2026-03-31,
98,0:48:04,0:48:25,Special Teams,,FALSE,PuntReturnTouchdowns.mp4,PuntReturnTouchdown_98.mp4,PuntReturnTouchdown_,.mp4,2026-03-31,
99,0:48:33,0:48:53,Special Teams,,FALSE,PuntReturnTouchdowns.mp4,PuntReturnTouchdown_99.mp4,PuntReturnTouchdown_,.mp4,2026-03-31,
100,0:49:07,0:49:27,Special Teams,,FALSE,PuntReturnTouchdowns.mp4,PuntReturnTouchdown_100.mp4,PuntReturnTouchdown_,.mp4,2026-03-31,
101,0:49:37,0:49:58,Special Teams,,FALSE,PuntReturnTouchdowns.mp4,PuntReturnTouchdown_101.mp4,PuntReturnTouchdown_,.mp4,2026-03-31,
102,0:50:06,0:50:27,Special Teams,,FALSE,PuntReturnTouchdowns.mp4,PuntReturnTouchdown_102.mp4,PuntReturnTouchdown_,.mp4,2026-03-31,
103,0:50:35,0:50:47,Special Teams,,FALSE,PuntReturnTouchdowns.mp4,PuntReturnTouchdown_103.mp4,PuntReturnTouchdown_,.mp4,2026-03-31,
104,0:51:07,0:51:17,Special Teams,,FALSE,PuntReturnTouchdowns.mp4,PuntReturnTouchdown_104.mp4,PuntReturnTouchdown_,.mp4,2026-03-31,
105,0:51:26,0:51:47,Special Teams,,FALSE,PuntReturnTouchdowns.mp4,PuntReturnTouchdown_105.mp4,PuntReturnTouchdown_,.mp4,2026-03-31,
106,0:51:54,0:52:14,Special Teams,,FALSE,PuntReturnTouchdowns.mp4,PuntReturnTouchdown_106.mp4,PuntReturnTouchdown_,.mp4,2026-03-31,