1,0,1061.24,725.91,97.26,141.41,1,1,0.9008
1,1,1093.35,286.78,95.98,115.07,1,1,0.89313
1,2,933.95,454.76,99.09,87.58,1,1,0.89229
1,3,1083.32,631.96,89.07,119.17,1,1,0.89055
1,4,945.99,382.7,74.95,93.31,1,1,0.88931
1,5,270.83,593.09,62.47,136.08,1,1,0.88856
1,6,1518.85,481.98,67.91,128.66,1,1,0.88345
1,7,492.87,789.99,70.88,137.69,1,1,0.88109
1,8,636.14,272.05,64.22,114.46,1,1,0.8788
1,9,1108.21,437.79,87.76,72.25,1,1,0.87856
1,10,1312.84,472.12,63.9,139.92,1,1,0.87535
1,11,712.85,431.11,60.87,126.46,1,1,0.87452
1,12,883.05,608.21,97.48,82.18,1,1,0.87171
1,13,741.79,528.83,62.04,127.66,1,1,0.86782
1,14,428.72,400.69,59.05,119.41,1,1,0.86046
1,15,1086.54,470.72,75.72,79.64,1,1,0.85805
1,16,900.37,677.24,61.09,138.33,1,1,0.85492
1,17,917.16,538.67,101.82,86.06,1,1,0.85396
1,18,1047.06,507.12,75.19,85.32,1,1,0.83607
1,19,1075.78,540.84,74.94,84.79,1,1,0.82588
1,20,1089.31,581.7,75.19,85.0,1,1,0.82206
2,0,1060.49,726.62,97.15,140.55,1,1,0.90018
2,1,1092.74,287.24,96.25,115.33,1,1,0.89325
2,2,933.35,455.26,99.19,87.9,1,1,0.89316
2,3,1082.26,632.11,89.68,119.66,1,1,0.8903
2,4,945.66,383.47,75.46,92.96,1,1,0.8913
2,5,270.49,593.74,61.87,135.88,1,1,0.88866
2,6,1518.17,482.13,68.16,128.96,1,1,0.88469
2,7,491.92,790.92,71.12,137.15,1,1,0.88362
2,8,635.55,272.55,64.24,114.6,1,1,0.88036
2,9,1107.69,438.45,87.83,72.18,1,1,0.87934
2,10,1312.16,472.75,63.92,140.12,1,1,0.8764
2,11,712.47,431.99,61.1,125.96,1,1,0.87446
2,12,882.98,608.45,97.29,82.85,1,1,0.87177
2,13,740.86,529.52,62.16,127.27,1,1,0.86655
2,14,427.83,400.96,59.83,120.06,1,1,0.86268
2,15,1086.05,471.32,75.66,80.21,1,1,0.85757
2,16,899.27,677.78,61.83,138.13,1,1,0.85705
2,17,917.98,539.74,99.81,85.57,1,1,0.84951
2,18,1045.65,507.94,76.73,84.77,1,1,0.83802
2,19,1075.08,541.2,74.85,84.35,1,1,0.82838
2,20,1089.46,582.1,74.21,83.21,1,1,0.82628
3,0,1057.92,726.43,97.39,141.08,1,1,0.902
3,1,1090.7,287.6,96.38,115.38,1,1,0.89263
3,2,931.3,456.1,99.37,87.27,1,1,0.89152
3,3,1079.99,632.42,89.69,119.72,1,1,0.88879
3,4,944.26,384.06,74.69,92.02,1,1,0.88498
3,5,268.57,594.04,61.66,135.68,1,1,0.88925
3,6,1515.65,482.48,68.28,129.19,1,1,0.88463
3,7,489.11,791.27,71.1,136.67,1,1,0.88624
3,8,633.37,273.39,64.59,114.23,1,1,0.88046
3,9,1105.63,439.14,87.24,71.5,1,1,0.87697
3,10,1309.72,473.15,64.53,139.95,1,1,0.87689
3,11,710.6,432.61,61.51,125.97,1,1,0.87506
3,12,880.45,609.11,97.41,83.02,1,1,0.87214
3,13,738.7,529.8,62.17,127.3,1,1,0.86768
3,14,425.77,401.8,60.21,120.11,1,1,0.86292
3,15,1084.2,471.3,75.98,80.99,1,1,0.85748
3,16,896.98,677.75,62.23,138.6,1,1,0.85824
3,17,915.85,540.11,99.43,85.93,1,1,0.85375
3,18,1043.23,508.25,76.59,84.12,1,1,0.84444
3,19,1073.18,541.85,74.66,85.46,1,1,0.8306
3,20,1088.2,582.56,74.22,85.48,1,1,0.82164
4,0,1056.43,726.93,96.29,140.73,1,1,0.8983
4,1,1088.29,288.12,97.02,115.83,1,1,0.89269
4,2,929.46,456.7,99.87,86.72,1,1,0.89013
4,3,1078.66,632.67,89.59,120.22,1,1,0.88549
4,4,942.7,385.09,75.0,91.85,1,1,0.88518
4,5,267.14,594.53,61.38,135.38,1,1,0.8881
4,6,1513.95,482.91,67.61,128.82,1,1,0.88386
4,7,487.5,791.89,70.88,136.33,1,1,0.88396
4,8,631.17,273.91,64.89,114.2,1,1,0.88016
4,9,1103.46,439.69,86.69,71.11,1,1,0.87707
4,10,1308.0,473.65,63.77,139.5,1,1,0.87361
4,11,708.94,434.01,61.3,125.43,1,1,0.87171
4,12,879.93,609.39,96.22,83.71,1,1,0.8663
4,13,737.22,530.26,62.4,126.89,1,1,0.86577
4,14,423.95,402.9,60.19,119.94,1,1,0.86133
4,15,1082.24,471.84,75.96,80.64,1,1,0.85667
4,16,895.78,677.87,62.38,138.84,1,1,0.85678
4,17,914.77,540.52,99.19,85.86,1,1,0.85103
4,18,1041.08,508.9,76.39,82.53,1,1,0.84007
4,19,1071.17,541.64,74.25,84.97,1,1,0.80705
4,20,1086.31,582.7,73.86,86.24,1,1,0.80556
4,21,1141.15,598.53,71.64,107.7,1,1,0.77473
5,0,1058.09,727.03,96.21,140.99,1,1,0.8998
5,1,1089.56,288.46,96.89,115.55,1,1,0.89457
5,2,931.27,456.75,99.26,86.98,1,1,0.89286
5,3,1080.11,632.67,89.82,120.16,1,1,0.88813
5,4,943.97,386.02,76.18,90.48,1,1,0.88952
5,5,268.67,594.25,61.3,135.74,1,1,0.89092
5,6,1515.26,482.93,67.97,129.05,1,1,0.88524
5,7,489.25,791.67,71.24,136.64,1,1,0.88659
5,8,632.13,274.75,65.18,113.36,1,1,0.88331
5,9,1104.81,439.72,87.13,71.55,1,1,0.88152
5,10,1309.51,473.91,64.12,139.4,1,1,0.87897
5,11,710.96,434.12,61.39,125.35,1,1,0.87528
5,12,881.12,609.49,97.0,82.96,1,1,0.87295
5,13,738.98,530.29,62.29,127.15,1,1,0.86862
5,14,425.84,402.96,59.29,119.63,1,1,0.86184
5,15,1083.99,471.84,75.72,81.08,1,1,0.85945
5,16,897.58,677.64,62.87,138.82,1,1,0.85828
5,17,916.88,540.51,98.44,86.01,1,1,0.85468
5,18,1042.19,509.09,76.91,82.7,1,1,0.84454
5,19,1072.35,541.89,74.33,86.14,1,1,0.831
5,20,1088.2,582.97,74.21,85.88,1,1,0.82233
5,21,1143.03,598.66,71.36,107.35,1,1,0.75549
6,0,1061.52,726.55,96.0,142.06,1,1,0.89756
6,1,1093.37,288.37,96.36,114.96,1,1,0.89349
6,2,935.14,456.48,98.59,87.05,1,1,0.8952
6,3,1083.89,633.27,89.81,118.96,1,1,0.88994
6,4,947.32,386.5,77.06,90.06,1,1,0.8889
6,5,272.05,593.98,61.74,135.65,1,1,0.88835
6,6,1518.66,482.99,67.77,129.26,1,1,0.88406
6,7,493.5,791.8,70.85,136.65,1,1,0.88278
6,8,636.22,275.01,64.9,112.84,1,1,0.88232
6,9,1108.38,439.25,87.99,72.62,1,1,0.88063
6,10,1313.18,473.89,64.55,139.69,1,1,0.87733
6,11,715.6,434.39,61.61,124.54,1,1,0.87625
6,12,884.23,609.53,97.54,82.18,1,1,0.87221
6,13,742.88,530.67,62.21,126.84,1,1,0.86817
6,14,429.74,402.8,59.23,119.2,1,1,0.8645
6,15,1087.16,471.76,75.77,80.46,1,1,0.85811
6,16,900.94,677.5,63.27,138.72,1,1,0.85767
6,17,919.1,540.64,99.74,85.93,1,1,0.85468
6,18,1046.21,508.35,77.14,84.16,1,1,0.84598
6,19,1075.99,541.99,74.33,87.96,1,1,0.82855
6,20,1090.26,582.99,75.42,85.39,1,1,0.82579
6,21,1145.7,597.96,71.52,107.76,1,1,0.6757
7,0,1063.49,726.63,97.01,142.02,1,1,0.90148
7,1,1095.84,288.26,96.11,115.18,1,1,0.8941
7,2,937.47,456.2,98.11,86.83,1,1,0.89608
7,3,1086.23,633.26,89.19,118.52,1,1,0.891
7,4,949.12,387.11,77.69,88.68,1,1,0.88866
7,5,274.5,593.99,61.76,135.68,1,1,0.88984
7,6,1521.34,483.08,67.88,129.38,1,1,0.8845
7,7,496.12,791.57,70.09,136.68,1,1,0.88248
7,8,639.0,275.28,64.52,112.25,1,1,0.88344
7,9,1110.36,439.23,88.99,72.93,1,1,0.88512
7,10,1315.55,473.86,64.16,139.8,1,1,0.87656
7,11,718.0,434.68,61.89,124.0,1,1,0.87665
7,12,885.67,609.97,98.28,81.51,1,1,0.87268
7,13,745.3,530.79,61.8,126.57,1,1,0.86882
7,14,432.8,403.19,58.35,118.13,1,1,0.86497
7,15,1089.03,471.9,75.82,80.38,1,1,0.85566
7,16,902.95,676.41,63.45,139.79,1,1,0.86072
7,17,921.4,540.38,100.16,85.68,1,1,0.85482
7,18,1049.55,508.32,76.52,84.85,1,1,0.84281
7,19,1078.58,542.32,73.98,88.53,1,1,0.82821
7,20,1092.86,582.4,74.54,86.3,1,1,0.82846
7,21,1148.21,598.17,73.88,107.48,1,1,0.64353
8,0,1066.23,726.5,96.78,142.16,1,1,0.89937
8,1,1098.1,288.14,95.88,115.57,1,1,0.892
8,2,939.46,456.19,98.07,86.51,1,1,0.89454
8,3,1088.2,633.63,89.05,118.06,1,1,0.88918
8,4,951.21,387.17,77.68,88.08,1,1,0.88566
8,5,276.81,594.17,61.46,135.69,1,1,0.88743
8,6,1523.68,483.19,67.99,129.29,1,1,0.8855
8,7,498.33,791.53,69.48,136.6,1,1,0.88071
8,8,641.42,275.31,64.6,112.39,1,1,0.88277
8,9,1112.15,439.13,89.31,72.64,1,1,0.88496
8,10,1317.86,473.65,63.48,140.19,1,1,0.87528
8,11,720.4,435.0,61.72,123.72,1,1,0.87553
8,12,887.91,610.06,97.93,81.17,1,1,0.86377
8,13,747.44,530.55,62.11,126.42,1,1,0.8653
8,14,436.08,403.55,57.23,117.84,1,1,0.86204
8,15,1090.86,471.85,75.72,80.59,1,1,0.85824
8,16,904.78,675.43,63.4,140.63,1,1,0.85996
8,17,923.53,540.6,100.07,85.88,1,1,0.84813
8,18,1051.9,508.53,76.1,85.6,1,1,0.83979
8,19,1080.81,542.0,73.63,88.81,1,1,0.81084
8,20,1094.65,582.16,74.62,86.34,1,1,0.82093
9,0,1064.58,726.36,96.62,142.37,1,1,0.89825
9,1,1097.88,287.98,95.71,115.71,1,1,0.89247
9,2,939.05,456.08,97.95,86.35,1,1,0.89553
9,3,1087.78,633.73,88.49,117.83,1,1,0.8892
9,4,950.53,387.27,77.89,87.78,1,1,0.88638
9,5,276.11,593.97,61.31,135.87,1,1,0.88736
9,6,1523.25,483.06,68.0,129.26,1,1,0.88377
9,7,497.13,791.95,69.64,136.15,1,1,0.88088
9,8,641.17,275.59,64.66,112.1,1,1,0.8831
9,9,1111.8,439.03,89.18,72.43,1,1,0.885
9,10,1317.08,473.9,63.77,140.0,1,1,0.87464
9,11,719.72,435.06,62.08,123.68,1,1,0.87631
9,12,887.39,610.08,97.91,80.62,1,1,0.86551
9,13,746.95,530.46,62.2,126.6,1,1,0.86576
9,14,436.56,403.56,56.7,117.33,1,1,0.86133
9,15,1090.53,471.82,75.32,80.34,1,1,0.85709
9,16,903.83,674.79,63.53,140.65,1,1,0.86124
9,17,923.65,540.44,99.58,86.17,1,1,0.84864
9,18,1051.43,508.38,76.18,85.3,1,1,0.84345
9,19,1080.19,541.79,73.74,89.27,1,1,0.81838
9,20,1093.69,581.61,74.9,86.99,1,1,0.82221
10,0,1062.95,726.72,96.77,141.96,1,1,0.90152
10,1,1095.97,287.99,96.16,115.53,1,1,0.89556
10,2,936.98,455.92,98.19,86.71,1,1,0.89706
10,3,1085.83,633.29,88.64,118.28,1,1,0.89063
10,4,948.88,387.41,78.4,87.64,1,1,0.89168
10,5,274.23,594.03,61.29,135.68,1,1,0.88848
10,6,1521.14,483.05,68.23,129.26,1,1,0.88607
10,7,495.07,791.37,69.9,136.73,1,1,0.88332
10,8,639.27,276.07,64.43,111.37,1,1,0.88355
10,9,1110.34,439.03,89.28,72.82,1,1,0.88542
10,10,1315.83,473.83,63.59,139.78,1,1,0.87584
10,11,717.94,435.04,62.48,123.72,1,1,0.87812
10,12,885.54,609.97,98.05,80.44,1,1,0.87295
10,13,744.98,530.54,62.15,126.44,1,1,0.86956
10,14,435.24,403.63,56.82,117.05,1,1,0.86388
10,15,1088.94,471.82,75.38,80.39,1,1,0.85691
10,16,901.65,673.69,64.44,142.12,1,1,0.86447
10,17,921.05,540.32,100.41,86.01,1,1,0.85558
10,18,1049.6,508.18,76.56,85.56,1,1,0.84276
10,19,1078.38,542.03,74.04,88.2,1,1,0.82593
10,20,1092.1,582.11,75.05,86.05,1,1,0.82635
10,21,1147.93,597.79,73.69,108.41,1,1,0.64913
11,0,1060.85,726.39,96.72,141.8,1,1,0.89912
11,1,1093.41,288.01,96.45,115.01,1,1,0.89658
11,2,934.41,455.99,98.58,86.9,1,1,0.89504
11,3,1083.08,633.06,89.08,118.68,1,1,0.88889
11,4,946.89,387.19,78.34,87.92,1,1,0.88998
11,5,271.19,593.77,61.57,135.73,1,1,0.88887
11,6,1518.6,483.08,68.01,129.03,1,1,0.88669
11,7,491.92,791.46,70.77,136.6,1,1,0.8832
11,8,636.32,276.35,64.77,111.06,1,1,0.88345
11,9,1108.21,438.69,88.46,72.51,1,1,0.88163
11,10,1313.82,474.18,63.21,139.46,1,1,0.87689
11,11,715.8,434.66,62.78,123.9,1,1,0.87808
11,12,883.5,609.65,97.59,80.78,1,1,0.87171
11,13,741.92,530.36,62.48,126.58,1,1,0.86825
11,14,433.06,403.35,57.26,116.77,1,1,0.86571
11,15,1086.79,471.71,75.59,80.3,1,1,0.85863
11,16,898.66,671.53,66.15,143.86,1,1,0.86271
11,17,917.72,540.45,101.14,85.62,1,1,0.85849
11,18,1046.73,507.81,76.8,85.8,1,1,0.84624
11,19,1075.87,541.95,73.96,88.14,1,1,0.83026
11,20,1089.63,582.59,74.83,84.52,1,1,0.82569
11,21,1144.64,597.92,73.84,108.07,1,1,0.68106
12,0,1056.59,726.57,95.82,141.76,1,1,0.89896
12,1,1088.71,288.11,96.84,115.46,1,1,0.89526
12,2,929.81,456.38,99.57,86.71,1,1,0.89156
12,3,1078.49,632.43,89.29,119.8,1,1,0.88563
12,4,942.28,387.13,79.38,88.6,1,1,0.89355
12,5,267.01,594.08,61.29,135.85,1,1,0.89033
12,6,1513.69,483.14,68.35,128.63,1,1,0.88728
12,7,486.94,792.18,70.68,135.64,1,1,0.88425
12,8,631.48,276.92,64.76,110.83,1,1,0.88392
12,9,1103.87,439.02,87.36,71.35,1,1,0.88139
12,10,1309.91,474.5,62.5,138.87,1,1,0.87722
12,11,711.42,434.62,62.91,124.26,1,1,0.87551
12,12,880.07,609.77,96.67,80.53,1,1,0.87186
12,13,737.54,530.3,62.75,126.72,1,1,0.86883
12,14,429.34,403.35,58.4,116.99,1,1,0.86463
12,15,1082.48,471.78,75.88,80.19,1,1,0.86313
12,16,894.5,670.48,66.7,145.25,1,1,0.86364
12,17,913.17,540.69,101.01,85.86,1,1,0.85778
12,18,1041.6,508.31,77.53,84.1,1,1,0.84745
12,19,1071.06,541.61,74.44,86.77,1,1,0.81847
12,20,1085.75,582.5,75.54,86.28,1,1,0.80474
12,21,1141.57,598.01,71.79,108.23,1,1,0.76886
13,0,1054.36,726.71,96.1,141.36,1,1,0.89982
13,1,1085.81,288.37,96.35,115.27,1,1,0.89427
13,2,927.05,456.87,99.6,86.13,1,1,0.89109
13,3,1075.81,632.81,89.31,119.59,1,1,0.88017
13,4,938.5,387.05,80.31,89.52,1,1,0.89228
13,5,264.54,594.35,61.12,135.6,1,1,0.88943
13,6,1510.85,482.81,68.14,128.86,1,1,0.88611
13,7,484.76,792.9,70.51,135.02,1,1,0.88417
13,8,628.55,277.29,64.68,110.34,1,1,0.88314
13,9,1101.45,439.11,86.96,71.29,1,1,0.88038
13,10,1307.1,474.48,62.11,139.17,1,1,0.87503
13,11,708.75,434.64,62.53,124.57,1,1,0.87395
13,12,878.08,610.44,95.56,80.04,1,1,0.86619
13,13,734.77,530.43,63.14,126.71,1,1,0.86467
13,14,426.7,404.05,60.43,116.23,1,1,0.86798
13,15,1079.44,471.89,75.33,80.36,1,1,0.8615
13,16,892.03,670.35,65.85,145.33,1,1,0.86443
13,17,911.07,540.68,100.08,86.05,1,1,0.85494
13,18,1038.95,508.4,77.53,83.46,1,1,0.85068
13,19,1067.81,541.03,74.22,86.73,1,1,0.8128
13,20,1083.17,582.2,73.92,87.56,1,1,0.80688
13,21,1138.08,598.71,73.65,106.79,1,1,0.72465
14,0,1055.33,726.67,95.57,141.35,1,1,0.89828
14,1,1085.72,288.51,96.2,115.24,1,1,0.89389
14,2,927.24,457.28,99.64,85.89,1,1,0.89064
14,3,1076.07,633.06,89.37,119.53,1,1,0.8796
14,4,937.41,386.96,81.96,91.15,1,1,0.8957
14,5,264.8,594.38,61.21,135.59,1,1,0.88905
14,6,1510.82,482.75,68.55,128.92,1,1,0.88775
14,7,485.38,793.24,70.39,134.72,1,1,0.88094
14,8,628.24,277.96,64.74,110.03,1,1,0.88409
14,9,1101.61,439.27,86.98,71.21,1,1,0.8793
14,10,1307.21,474.69,61.95,139.11,1,1,0.87509
14,11,708.73,434.67,62.48,124.71,1,1,0.87422
14,12,878.33,610.7,95.44,80.26,1,1,0.86542
14,13,734.71,530.45,63.43,126.83,1,1,0.86514
14,14,427.42,404.51,62.9,115.82,1,1,0.86976
14,15,1079.44,471.96,74.98,80.55,1,1,0.85999
14,16,892.4,670.38,65.85,145.63,1,1,0.8651
14,17,911.66,540.79,99.78,86.01,1,1,0.85485
14,18,1039.03,508.61,77.34,83.55,1,1,0.84834
14,19,1067.84,540.86,74.22,87.51,1,1,0.8087
14,20,1083.76,582.58,74.06,87.57,1,1,0.80585
14,21,1138.51,599.16,75.82,106.43,1,1,0.64711
15,0,1057.39,726.85,96.55,141.18,1,1,0.90151
15,1,1087.55,288.35,97.35,115.68,1,1,0.89518
15,2,929.81,457.27,99.96,86.01,1,1,0.89162
15,3,1078.66,632.51,89.53,120.08,1,1,0.88581
15,4,938.98,387.11,82.72,91.74,1,1,0.89655
15,5,267.42,594.41,61.08,135.78,1,1,0.88851
15,6,1513.32,483.11,68.77,128.35,1,1,0.88853
15,7,488.24,792.83,70.37,135.12,1,1,0.88213
15,8,629.94,278.5,65.65,109.8,1,1,0.88412
15,9,1103.59,439.27,87.22,71.12,1,1,0.88135
15,10,1309.21,474.8,62.29,138.79,1,1,0.87534
15,11,711.6,434.11,62.39,125.17,1,1,0.87613
15,12,880.67,610.26,95.88,80.19,1,1,0.87205
15,13,737.39,530.61,63.29,126.47,1,1,0.86889
15,14,430.68,404.42,64.65,116.25,1,1,0.87008
15,15,1082.22,471.9,75.99,80.54,1,1,0.86429
15,16,895.44,669.67,66.49,145.4,1,1,0.86432
15,17,914.43,540.69,99.9,85.9,1,1,0.85552
15,18,1040.87,508.51,78.06,83.97,1,1,0.84705
15,19,1070.65,541.08,74.23,86.5,1,1,0.81713
15,20,1086.34,582.76,75.16,87.34,1,1,0.80046
15,21,1141.76,598.54,73.0,107.3,1,1,0.72756
16,0,1061.66,726.45,96.01,142.12,1,1,0.89722
16,1,1091.88,288.44,97.28,115.21,1,1,0.89439
16,2,933.85,457.05,99.63,86.23,1,1,0.89539
16,3,1083.43,632.99,89.07,119.36,1,1,0.88881
16,4,942.14,387.24,83.47,92.12,1,1,0.90085
16,5,271.37,593.91,61.33,136.21,1,1,0.88706
16,6,1517.53,483.41,68.67,128.34,1,1,0.88604
16,7,492.92,792.4,70.49,135.72,1,1,0.88092
16,8,634.29,279.16,65.94,108.92,1,1,0.88221
16,9,1107.65,439.04,87.87,71.96,1,1,0.88039
16,10,1311.05,474.77,65.1,139.26,1,1,0.87793
16,11,715.9,433.99,62.74,124.88,1,1,0.87767
16,12,884.01,610.08,97.44,80.2,1,1,0.87151
16,13,741.64,530.81,63.41,126.52,1,1,0.86872
16,14,436.38,404.35,64.35,116.25,1,1,0.86758
16,15,1086.19,471.9,76.24,80.37,1,1,0.85969
16,16,899.18,670.23,65.96,144.06,1,1,0.86541
16,17,918.07,540.71,100.66,85.71,1,1,0.85614
16,18,1045.48,508.31,78.05,85.13,1,1,0.84788
16,19,1075.46,541.72,74.2,88.42,1,1,0.82671
16,20,1089.74,582.97,75.23,85.44,1,1,0.82785
16,21,1145.18,598.58,73.84,107.31,1,1,0.64528
17,0,1064.33,726.63,95.81,141.8,1,1,0.89927
17,1,1095.28,288.6,96.66,114.85,1,1,0.89275
17,2,937.04,456.33,98.84,86.55,1,1,0.89645
17,3,1086.32,632.97,88.6,118.75,1,1,0.88875
17,4,943.67,387.67,84.0,92.54,1,1,0.8989
17,5,274.49,593.88,61.18,135.95,1,1,0.88582
17,6,1520.59,483.27,68.76,128.83,1,1,0.88548
17,7,495.76,792.21,70.36,136.01,1,1,0.88193
17,8,638.11,279.81,66.15,108.01,1,1,0.88376
17,9,1110.43,439.03,88.33,72.32,1,1,0.882
17,10,1312.61,474.48,66.4,139.34,1,1,0.87522
17,11,719.45,433.83,62.67,124.75,1,1,0.87615
17,12,886.04,610.07,98.42,79.92,1,1,0.86916
17,13,744.82,530.8,63.13,126.74,1,1,0.86661
17,14,440.57,404.41,63.89,115.77,1,1,0.86801
17,15,1088.86,471.9,76.24,80.24,1,1,0.85601
17,16,902.07,670.39,64.85,143.48,1,1,0.86416
17,17,922.21,540.54,99.66,85.64,1,1,0.85377
17,18,1049.33,508.3,77.29,85.69,1,1,0.84474
17,19,1078.7,542.21,73.87,89.26,1,1,0.8233
17,20,1092.73,582.21,74.62,85.75,1,1,0.82456
18,0,1064.66,726.71,95.65,141.78,1,1,0.89953
18,1,1095.78,288.26,96.43,115.14,1,1,0.89392
18,2,937.46,456.09,98.75,86.54,1,1,0.89639
18,3,1086.7,632.94,88.37,118.38,1,1,0.88717
18,4,942.6,387.88,85.12,93.87,1,1,0.90128
18,5,275.09,594.01,60.96,135.56,1,1,0.88715
18,6,1520.98,483.32,68.56,128.98,1,1,0.88515
18,7,496.18,792.11,70.06,136.04,1,1,0.88113
18,8,638.87,280.07,66.54,107.82,1,1,0.88353
18,9,1110.61,439.0,88.65,72.4,1,1,0.88284
18,10,1312.82,474.44,66.97,139.34,1,1,0.87585
18,11,720.42,433.41,62.62,125.08,1,1,0.87557
18,12,886.2,610.23,99.06,79.5,1,1,0.86716
18,13,745.49,530.74,63.24,126.7,1,1,0.86643
18,14,442.56,403.99,62.95,115.86,1,1,0.86854
18,15,1089.47,471.84,75.53,79.7,1,1,0.85557
18,16,902.18,670.69,64.23,143.38,1,1,0.86451
18,17,923.1,540.31,99.32,85.7,1,1,0.85414
18,18,1050.59,508.31,76.98,85.79,1,1,0.84359
18,19,1079.13,542.45,73.86,89.71,1,1,0.82542
18,20,1093.23,581.77,74.22,86.41,1,1,0.82724
19,0,1063.08,726.62,95.49,141.94,1,1,0.89823
19,1,1094.97,288.05,96.61,115.27,1,1,0.89294
19,2,935.94,456.18,99.08,86.11,1,1,0.89576
19,3,1085.14,632.85,88.55,118.39,1,1,0.88811
19,4,940.21,387.93,85.76,95.42,1,1,0.90374
19,5,273.83,593.89,60.97,135.75,1,1,0.88857
19,6,1520.01,483.52,68.09,128.61,1,1,0.88559
19,7,494.93,791.91,70.1,136.18,1,1,0.88039
19,8,637.87,280.64,66.37,107.12,1,1,0.88229
19,9,1109.32,438.88,88.7,72.08,1,1,0.88217
19,10,1311.67,474.46,67.2,139.15,1,1,0.87566
19,11,719.1,433.03,63.03,125.34,1,1,0.87735
19,12,885.18,610.16,98.5,79.3,1,1,0.86905
19,13,744.17,530.57,63.1,126.68,1,1,0.86588
19,14,442.76,403.86,62.14,115.76,1,1,0.86748
19,15,1088.35,471.87,76.06,79.5,1,1,0.85777
19,16,900.51,670.97,64.47,143.11,1,1,0.86427
19,17,921.1,539.9,100.21,86.1,1,1,0.85565
19,18,1048.97,507.99,77.88,86.23,1,1,0.84271
19,19,1077.74,541.82,74.18,89.53,1,1,0.82559
19,20,1091.79,581.89,74.25,85.33,1,1,0.81724
20,0,1061.37,726.75,95.7,141.5,1,1,0.89656
20,1,1092.74,288.12,96.97,115.1,1,1,0.89549
20,2,933.83,456.57,99.21,86.21,1,1,0.89556
20,3,1082.73,632.98,88.92,118.51,1,1,0.88804
20,4,937.59,388.21,85.94,96.8,1,1,0.9028
20,5,271.35,593.88,61.04,135.66,1,1,0.88709
20,6,1517.96,483.79,67.76,127.89,1,1,0.8853
20,7,492.6,791.94,70.36,136.15,1,1,0.8808
20,8,635.79,280.73,66.76,107.12,1,1,0.88251
20,9,1107.33,438.79,88.56,72.43,1,1,0.88013
20,10,1311.53,474.91,65.76,138.9,1,1,0.87766
20,11,717.09,432.27,63.49,126.24,1,1,0.87938
20,12,882.88,610.15,98.43,79.91,1,1,0.86888
20,13,742.09,530.81,63.0,126.26,1,1,0.86733
20,14,442.47,403.51,61.47,116.39,1,1,0.87035
20,15,1086.5,471.93,75.5,79.65,1,1,0.85864
20,16,898.13,671.29,64.98,143.26,1,1,0.86362
20,17,918.39,540.24,100.51,85.43,1,1,0.85772
20,18,1046.07,508.16,78.42,86.11,1,1,0.84493
20,19,1075.67,542.2,74.25,88.5,1,1,0.82796
20,20,1089.69,582.54,74.82,85.19,1,1,0.82441
21,0,1058.86,726.42,95.55,141.12,1,1,0.89835
21,1,1090.59,287.2,96.41,116.11,1,1,0.89451
21,2,932.06,456.4,99.04,86.16,1,1,0.88781
21,3,1080.13,632.24,89.42,119.23,1,1,0.88488
21,4,933.54,387.18,87.61,98.98,1,1,0.90018
21,5,269.78,593.85,60.84,135.3,1,1,0.88744
21,6,1515.4,483.3,68.27,127.78,1,1,0.88713
21,7,489.88,791.53,70.06,136.21,1,1,0.88103
21,8,632.96,280.29,67.33,106.82,1,1,0.88376
21,9,1105.38,438.15,88.63,72.28,1,1,0.87885
21,10,1310.58,474.41,64.47,138.72,1,1,0.87705
21,11,715.19,431.85,63.37,126.32,1,1,0.87889
21,12,881.8,609.18,97.92,80.6,1,1,0.86653
21,13,739.68,529.98,63.1,126.56,1,1,0.86522
21,14,441.72,402.26,61.11,117.13,1,1,0.8735
21,15,1084.45,471.29,74.7,80.09,1,1,0.86036
21,16,895.94,670.95,65.43,144.22,1,1,0.86065
21,17,918.48,539.85,98.05,85.84,1,1,0.84652
21,18,1043.25,507.52,79.0,84.76,1,1,0.84667
21,19,1073.01,541.32,74.86,85.81,1,1,0.81738
21,20,1087.42,581.8,75.9,86.91,1,1,0.81883
21,21,1143.66,598.15,72.06,106.53,1,1,0.67096
22,0,1056.91,725.82,95.04,141.09,1,1,0.90044
22,1,1088.46,286.45,96.03,116.1,1,1,0.89505
22,2,929.59,455.59,99.4,86.55,1,1,0.88634
22,3,1078.18,631.41,89.08,119.89,1,1,0.88424
22,4,928.36,386.51,88.91,100.12,1,1,0.90338
22,5,267.94,593.4,60.54,135.51,1,1,0.88729
22,6,1512.94,482.66,68.34,127.89,1,1,0.8871
22,7,487.84,791.53,69.43,135.49,1,1,0.88094
22,8,630.57,280.17,67.16,106.3,1,1,0.8854
22,9,1102.89,437.8,88.41,72.09,1,1,0.88214
22,10,1309.17,473.97,63.25,138.55,1,1,0.87837
22,11,713.02,431.15,63.67,126.29,1,1,0.87892
22,12,880.3,608.88,97.32,80.7,1,1,0.87103
22,13,737.93,529.06,62.85,126.99,1,1,0.86652
22,14,441.11,401.42,59.86,117.29,1,1,0.87628
22,15,1081.88,470.71,74.65,80.29,1,1,0.86306
22,16,893.11,670.77,65.54,144.3,1,1,0.86192
22,17,915.43,539.45,98.68,85.59,1,1,0.8518
22,18,1040.87,506.88,78.98,84.06,1,1,0.84511
22,19,1070.8,540.37,74.62,84.89,1,1,0.81104
22,20,1085.17,581.32,76.01,87.67,1,1,0.79192
22,21,1141.88,597.14,71.23,106.33,1,1,0.7011
23,0,1055.84,726.12,94.6,140.9,1,1,0.89898
23,1,1087.1,286.55,95.9,116.05,1,1,0.89277
23,2,928.1,455.65,99.48,86.36,1,1,0.88386
23,3,1076.77,631.76,88.95,120.02,1,1,0.88463
23,4,925.1,386.81,88.8,100.33,1,1,0.89732
23,5,266.39,593.81,60.78,135.14,1,1,0.88612
23,6,1511.55,482.75,68.43,127.68,1,1,0.88615
23,7,486.88,792.0,68.91,134.93,1,1,0.88139
23,8,629.02,280.28,67.24,106.08,1,1,0.88582
23,9,1101.63,437.98,88.08,72.48,1,1,0.8786
23,10,1307.94,474.17,63.28,138.57,1,1,0.8777
23,11,711.84,430.79,64.01,126.76,1,1,0.87919
23,12,879.5,609.27,96.75,81.09,1,1,0.86779
23,13,736.38,529.13,62.91,126.72,1,1,0.86552
23,14,440.82,401.28,59.17,117.61,1,1,0.87812
23,15,1080.22,471.02,74.62,80.27,1,1,0.86096
23,16,891.33,671.01,65.19,143.97,1,1,0.86259
23,17,914.61,539.55,98.13,85.0,1,1,0.85272
23,18,1039.5,507.31,79.08,83.64,1,1,0.84457
23,19,1069.35,540.81,74.59,84.48,1,1,0.81492
23,20,1083.3,580.94,75.14,87.86,1,1,0.80942
23,21,1139.2,597.7,76.15,106.3,1,1,0.64748
24,0,1056.85,725.92,94.65,140.97,1,1,0.89889
24,1,1087.65,286.48,96.06,115.84,1,1,0.89548
24,2,929.22,455.46,99.11,86.48,1,1,0.8849
24,3,1077.71,631.23,88.98,120.4,1,1,0.88485
24,4,925.1,386.84,88.81,100.38,1,1,0.90108
24,5,267.8,593.53,60.49,135.47,1,1,0.88681
24,6,1512.21,482.63,68.27,127.64,1,1,0.88582
24,7,488.14,791.74,68.67,135.01,1,1,0.88181
24,8,629.69,280.05,67.56,106.43,1,1,0.88615
24,9,1102.62,438.03,87.61,72.28,1,1,0.88053
24,10,1308.66,474.08,62.95,138.29,1,1,0.87861
24,11,713.3,430.44,64.24,126.91,1,1,0.88037
24,12,880.65,609.04,96.64,81.21,1,1,0.86993
24,13,737.92,528.77,62.95,126.96,1,1,0.86593
24,14,442.64,400.15,58.91,118.96,1,1,0.87756
24,15,1081.23,470.8,74.37,79.9,1,1,0.86413
24,16,892.36,671.46,65.44,143.61,1,1,0.86191
24,17,915.09,539.36,98.77,85.34,1,1,0.8534
24,18,1040.52,506.95,79.07,83.49,1,1,0.84703
24,19,1070.39,540.64,74.52,84.39,1,1,0.81196
24,20,1084.48,580.66,75.42,88.6,1,1,0.80211
24,21,1140.52,597.02,73.66,106.76,1,1,0.73563
25,0,1058.46,725.76,95.87,140.65,1,1,0.90057
25,1,1089.42,286.12,96.27,115.14,1,1,0.89535
25,2,931.58,455.02,98.59,86.56,1,1,0.88542
25,3,1079.21,630.92,89.44,120.06,1,1,0.88493
25,4,927.25,386.06,88.47,100.61,1,1,0.9022
25,5,269.33,592.73,61.0,135.43,1,1,0.88652
25,6,1514.12,482.21,68.09,127.49,1,1,0.8871
25,7,490.0,790.22,69.27,135.84,1,1,0.8852
25,8,631.61,279.87,67.75,105.79,1,1,0.88589
25,9,1104.44,437.25,87.43,72.33,1,1,0.87843
25,10,1310.33,473.45,63.39,138.2,1,1,0.87834
25,11,715.6,429.49,64.74,127.33,1,1,0.88119
25,12,881.95,607.91,97.65,81.93,1,1,0.87215
25,13,739.79,528.21,63.26,126.95,1,1,0.86632
25,14,445.62,398.52,59.25,120.68,1,1,0.87582
25,15,1082.86,470.26,74.58,80.08,1,1,0.86274
25,16,894.32,671.23,65.51,143.25,1,1,0.863
25,17,917.09,539.13,98.44,84.82,1,1,0.85263
25,18,1042.39,506.31,78.92,83.42,1,1,0.84715
25,19,1072.09,539.9,75.29,83.37,1,1,0.80864
25,20,1086.11,579.78,75.78,87.78,1,1,0.80572
26,0,1058.55,725.35,96.45,140.63,1,1,0.89922
26,1,1089.75,285.36,96.59,115.5,1,1,0.89545
26,2,932.37,454.12,98.31,86.97,1,1,0.88444
26,3,1079.47,630.42,89.75,119.97,1,1,0.88555
26,4,928.26,385.6,88.38,100.28,1,1,0.89806
26,5,269.62,592.0,61.45,135.48,1,1,0.88568
26,6,1514.69,481.39,67.57,127.42,1,1,0.88774
26,7,490.08,789.23,69.6,136.32,1,1,0.88564
26,8,631.96,279.37,67.97,105.73,1,1,0.88529
26,9,1104.89,436.53,87.05,71.9,1,1,0.87773
26,10,1310.54,472.87,64.11,138.03,1,1,0.8792
26,11,716.43,428.86,64.97,127.44,1,1,0.87997
26,12,881.98,606.88,98.22,82.52,1,1,0.87188
26,13,740.56,527.67,63.25,127.11,1,1,0.86559
26,14,447.46,397.48,59.57,121.1,1,1,0.87649
26,15,1083.82,469.36,74.48,79.8,1,1,0.8608
26,16,894.49,671.07,65.75,143.06,1,1,0.86501
26,17,917.31,538.45,98.5,84.86,1,1,0.85095
26,18,1043.54,505.29,78.48,84.95,1,1,0.84454
26,19,1072.93,539.27,75.23,83.77,1,1,0.8069
26,20,1086.35,579.1,76.44,87.7,1,1,0.8081
27,0,1056.96,725.24,95.54,140.17,1,1,0.89931
27,1,1088.06,285.24,96.27,115.47,1,1,0.89296
27,2,930.09,453.97,98.92,87.27,1,1,0.88493
27,3,1077.4,630.11,89.36,120.32,1,1,0.88779
27,4,926.05,385.61,88.51,100.42,1,1,0.9028
27,5,267.88,591.98,61.1,135.5,1,1,0.88645
27,6,1513.1,480.44,66.35,128.31,1,1,0.88524
27,7,487.88,789.61,69.1,135.98,1,1,0.88355
27,8,629.92,279.54,68.28,105.53,1,1,0.88577
27,9,1102.95,436.21,87.13,72.69,1,1,0.87711
27,10,1308.42,473.15,64.35,137.4,1,1,0.87919
27,11,715.09,428.71,65.18,127.65,1,1,0.88145
27,12,880.26,607.1,97.71,82.14,1,1,0.87121
27,13,738.73,527.88,63.49,127.15,1,1,0.86679
27,14,445.86,397.25,59.51,121.31,1,1,0.8768
27,15,1081.64,469.08,74.35,79.37,1,1,0.86414
27,16,891.97,671.12,65.76,143.24,1,1,0.86502
27,17,914.92,538.64,98.67,85.04,1,1,0.85118
27,18,1043.2,504.75,77.84,85.32,1,1,0.84554
27,19,1070.61,538.9,74.92,84.62,1,1,0.81721
27,20,1085.32,579.04,76.06,88.12,1,1,0.7936
27,21,1140.47,595.06,73.42,108.31,1,1,0.7348
28,0,1054.0,725.63,95.62,140.17,1,1,0.90082
28,1,1085.24,285.38,95.88,115.85,1,1,0.89571
28,2,926.91,453.86,99.03,87.3,1,1,0.88429
28,3,1074.7,630.11,89.0,120.46,1,1,0.88162
28,4,922.71,386.36,88.48,99.82,1,1,0.89705
28,5,264.98,592.08,60.81,135.75,1,1,0.88747
28,6,1509.63,478.87,65.42,130.22,1,1,0.88628
28,7,485.08,790.39,68.72,135.52,1,1,0.8815
28,8,627.02,279.92,68.29,105.46,1,1,0.88649
28,9,1099.96,435.97,87.31,73.25,1,1,0.87773
28,10,1305.63,473.46,64.39,137.46,1,1,0.87971
28,11,712.38,428.6,65.28,127.85,1,1,0.88227
28,12,877.98,607.61,97.19,82.21,1,1,0.86478
28,13,735.78,528.13,63.66,127.11,1,1,0.866
28,14,442.92,397.48,59.45,120.94,1,1,0.87809
28,15,1078.39,469.53,74.1,77.74,1,1,0.85941
28,16,888.69,670.4,65.83,144.09,1,1,0.8654
28,17,911.16,538.94,99.26,84.86,1,1,0.85217
28,18,1040.61,504.32,78.79,83.93,1,1,0.82583
28,19,1066.21,539.14,75.93,84.8,1,1,0.81872
28,20,1082.99,579.14,75.42,89.24,1,1,0.79173
28,21,1138.51,596.5,77.38,107.63,1,1,0.64587
29,0,1052.71,725.58,96.08,140.06,1,1,0.90101
29,1,1083.64,285.35,95.42,115.63,1,1,0.89492
29,2,925.56,453.61,98.86,87.14,1,1,0.88799
29,3,1073.46,630.14,89.13,120.34,1,1,0.88719
29,4,922.23,386.69,87.62,99.32,1,1,0.89573
29,5,263.73,592.08,60.46,135.79,1,1,0.88843
29,6,1508.28,476.65,64.51,132.55,1,1,0.88488
29,7,484.15,790.43,68.65,135.33,1,1,0.88036
29,8,625.43,279.92,68.29,105.73,1,1,0.88746
29,9,1098.5,434.49,87.4,74.46,1,1,0.87601
29,10,1304.65,473.66,64.02,137.37,1,1,0.87731
29,11,711.42,428.56,65.44,127.9,1,1,0.88191
29,12,877.51,607.46,96.67,82.59,1,1,0.86886
29,13,734.59,528.08,63.89,127.12,1,1,0.8641
29,14,441.84,397.51,59.27,120.9,1,1,0.87618
29,15,1077.51,468.97,73.76,77.52,1,1,0.85914
29,16,887.75,670.37,65.49,144.46,1,1,0.86531
29,17,910.24,538.75,98.93,84.21,1,1,0.85708
29,18,1039.25,503.3,79.15,83.31,1,1,0.81662
29,19,1064.12,537.97,76.48,85.56,1,1,0.83225
29,20,1082.26,578.51,74.38,89.06,1,1,0.80776
30,0,1053.53,725.78,96.27,139.62,1,1,0.89954
30,1,1084.23,285.43,94.1,115.41,1,1,0.89167
30,2,926.83,453.74,98.71,87.13,1,1,0.88462
30,3,1074.2,630.86,89.35,118.96,1,1,0.8858
30,4,924.66,387.92,86.54,97.52,1,1,0.89035
30,5,265.05,591.93,60.34,135.79,1,1,0.88672
30,6,1509.91,474.17,63.02,135.02,1,1,0.88301
30,7,485.19,790.44,69.02,135.31,1,1,0.8793
30,8,626.48,279.82,68.2,105.59,1,1,0.88594
30,9,1099.31,432.28,87.14,76.7,1,1,0.87122
30,10,1305.36,473.49,64.71,137.85,1,1,0.87714
30,11,713.33,428.27,65.49,127.97,1,1,0.87946
30,12,878.35,607.6,96.86,82.32,1,1,0.86473
30,13,736.17,528.22,63.94,126.83,1,1,0.86354
30,14,443.5,397.64,59.2,120.18,1,1,0.87632
30,15,1079.26,467.39,73.05,79.19,1,1,0.85145
30,16,889.13,670.27,65.34,143.93,1,1,0.86363
30,17,910.97,538.44,99.58,84.84,1,1,0.85057
30,18,1040.32,500.64,78.25,84.17,1,1,0.81021
30,19,1064.65,536.37,76.86,86.69,1,1,0.83698
30,20,1084.35,577.05,72.97,90.29,1,1,0.81636
31,0,1054.42,726.02,96.53,139.41,1,1,0.89907
31,1,1085.93,285.74,92.61,114.89,1,1,0.89375
31,2,928.55,453.72,98.7,86.88,1,1,0.88525
31,3,1075.29,632.81,88.31,115.94,1,1,0.87845
31,4,928.3,389.1,85.12,96.23,1,1,0.88536
31,5,266.39,591.79,60.72,136.07,1,1,0.88866
31,6,1511.43,471.54,62.5,137.36,1,1,0.88528
31,7,486.76,790.18,68.97,135.06,1,1,0.87745
31,8,627.96,279.78,67.95,105.49,1,1,0.88418
31,9,1101.74,429.47,85.55,79.23,1,1,0.86809
31,10,1305.62,473.14,65.33,137.99,1,1,0.87625
31,11,715.69,428.43,66.06,127.76,1,1,0.88089
31,12,879.4,607.44,97.37,82.38,1,1,0.86674
31,13,738.13,528.21,63.77,126.97,1,1,0.86424
31,14,446.01,397.96,59.38,119.79,1,1,0.87508
31,15,1081.08,464.96,72.64,82.31,1,1,0.84333
31,16,890.77,670.74,65.15,143.69,1,1,0.86312
31,17,911.7,537.61,100.8,85.11,1,1,0.85458
31,18,1042.96,498.02,77.5,86.53,1,1,0.81011
31,19,1065.69,533.53,76.47,88.04,1,1,0.84222
31,20,1086.84,573.92,72.03,94.22,1,1,0.8009
31,21,1134.98,594.82,81.55,108.7,1,1,0.68609
32,0,1054.97,726.54,96.98,138.07,1,1,0.89575
32,1,1086.81,286.94,91.64,113.6,1,1,0.89039
32,2,929.73,453.29,98.44,87.06,1,1,0.88382
32,3,1075.0,634.57,88.55,113.83,1,1,0.87537
32,4,929.87,389.59,86.19,96.99,1,1,0.88355
32,5,267.82,591.76,60.61,135.87,1,1,0.88456
32,6,1512.27,468.66,62.31,139.83,1,1,0.88263
32,7,488.42,789.89,68.79,135.03,1,1,0.87616
32,8,629.48,279.5,67.6,105.5,1,1,0.88336
32,9,1103.87,425.54,83.54,82.13,1,1,0.8662
32,10,1305.37,472.91,65.83,137.84,1,1,0.87736
32,11,717.45,428.48,66.47,127.56,1,1,0.87943
32,12,880.05,605.44,98.09,84.35,1,1,0.86766
32,13,739.66,528.13,63.64,127.0,1,1,0.86452
32,14,448.11,397.66,59.53,120.02,1,1,0.87299
32,15,1083.61,461.12,72.05,89.0,1,1,0.84432
32,16,892.11,671.41,64.86,142.58,1,1,0.86365
32,17,915.11,535.67,99.64,86.38,1,1,0.83922
32,18,1045.7,494.54,76.95,89.88,1,1,0.80805
32,19,1067.05,529.88,75.65,88.66,1,1,0.8475
32,20,1088.55,571.04,70.82,96.28,1,1,0.80327
32,21,1135.22,593.03,79.44,110.21,1,1,0.76456
33,0,1055.96,726.92,97.53,137.79,1,1,0.89471
33,1,1087.69,288.84,92.56,111.3,1,1,0.89052
33,2,929.94,451.74,99.67,88.2,1,1,0.88333
33,3,1074.76,636.78,89.43,111.81,1,1,0.8749
33,4,928.16,390.82,89.74,97.01,1,1,0.87392
33,5,269.08,591.93,60.82,135.51,1,1,0.88498
33,6,1514.06,466.77,62.44,141.52,1,1,0.88231
33,7,490.31,789.35,68.76,135.46,1,1,0.87427
33,8,630.43,279.35,67.72,105.53,1,1,0.88257
33,9,1106.49,420.81,81.82,85.72,1,1,0.86905
33,10,1305.96,472.71,66.4,137.95,1,1,0.87584
33,11,719.6,428.69,67.22,127.34,1,1,0.8778
33,12,880.13,603.54,99.49,86.36,1,1,0.8667
33,13,741.33,528.21,63.67,126.65,1,1,0.86381
33,14,450.19,397.55,60.12,119.84,1,1,0.87356
33,15,1087.01,456.7,71.71,91.07,1,1,0.86193
33,16,893.52,672.19,65.05,141.66,1,1,0.86313
33,17,921.9,532.41,95.89,88.18,1,1,0.83239
33,18,1048.41,491.19,76.43,93.42,1,1,0.80341
33,19,1068.35,526.05,74.97,88.9,1,1,0.8466
33,20,1089.68,567.67,71.22,98.19,1,1,0.8086
33,21,1135.98,591.7,79.11,111.09,1,1,0.76686
34,0,1058.98,728.32,98.01,137.2,1,1,0.89254
34,1,1089.67,291.38,95.27,108.71,1,1,0.88958
34,2,931.36,449.55,101.76,90.81,1,1,0.88276
34,3,1076.73,640.71,92.41,108.26,1,1,0.87321
34,4,928.02,391.77,93.53,97.65,1,1,0.88028
34,5,271.66,591.97,61.41,135.51,1,1,0.88353
34,6,1515.87,465.97,64.53,142.34,1,1,0.8818
34,7,493.84,788.65,68.68,136.44,1,1,0.8717
34,8,633.47,279.43,67.59,105.32,1,1,0.87853
34,9,1110.97,415.95,79.46,89.47,1,1,0.85979
34,10,1307.3,472.29,68.2,139.02,1,1,0.87546
34,11,723.29,428.93,67.27,127.4,1,1,0.87604
34,12,881.54,601.41,101.32,88.29,1,1,0.86127
34,13,744.34,528.35,64.38,127.2,1,1,0.85959
34,14,453.58,398.52,60.7,119.03,1,1,0.86814
34,15,1094.26,451.73,70.17,95.02,1,1,0.85185
34,16,896.64,672.56,65.35,141.62,1,1,0.85888
34,17,931.15,529.86,91.64,89.79,1,1,0.82866
34,18,1053.53,487.19,75.95,93.69,1,1,0.72112
34,19,1069.83,520.47,74.11,87.87,1,1,0.8466
34,20,1093.57,564.2,70.01,99.85,1,1,0.80119
34,21,1137.73,589.7,79.27,113.37,1,1,0.79828
35,0,1064.6,730.91,98.97,134.46,1,1,0.89304
35,1,1095.01,294.66,97.46,105.2,1,1,0.88827
35,2,936.85,446.93,103.96,93.67,1,1,0.88648
35,3,1081.26,645.73,95.69,103.29,1,1,0.86576
35,4,932.93,393.84,97.29,97.27,1,1,0.87459
35,5,278.94,591.85,61.56,136.03,1,1,0.882
35,6,1520.97,465.82,68.37,142.27,1,1,0.87886
35,7,500.72,788.76,68.35,136.23,1,1,0.87314
35,8,639.98,279.88,67.32,105.35,1,1,0.87991
35,9,1119.1,411.41,76.44,93.29,1,1,0.85188
35,10,1312.22,471.73,69.97,140.02,1,1,0.87558
35,11,730.66,429.46,68.12,126.95,1,1,0.87496
35,12,887.29,599.43,102.18,90.53,1,1,0.86447
35,13,752.07,528.41,64.65,127.46,1,1,0.861
35,14,460.62,399.35,61.36,117.9,1,1,0.87057
35,15,1105.45,446.24,67.17,99.2,1,1,0.8385
35,16,903.62,673.4,64.42,141.11,1,1,0.85948
35,17,946.92,526.71,83.42,91.87,1,1,0.82671
35,19,1073.92,514.18,75.4,90.16,1,1,0.84216
35,20,1100.74,562.09,68.96,102.23,1,1,0.79403
35,21,1141.46,587.94,82.03,116.19,1,1,0.81176
36,0,1064.59,735.1,98.83,130.71,1,1,0.88498
36,1,1093.52,296.6,100.99,103.38,1,1,0.88236
36,2,937.32,444.06,105.73,96.03,1,1,0.8879
36,3,1077.06,648.76,101.29,100.53,1,1,0.84742
36,4,933.97,393.5,102.63,97.4,1,1,0.87831
36,5,279.37,592.09,61.79,136.09,1,1,0.87888
36,6,1521.3,466.12,71.91,141.84,1,1,0.87515
36,7,499.39,788.85,69.21,136.85,1,1,0.86596
36,8,641.39,280.34,66.92,104.79,1,1,0.87533
36,9,1120.97,406.18,74.05,96.13,1,1,0.84466
36,10,1309.91,471.38,73.69,140.13,1,1,0.87182
36,11,732.4,429.58,68.8,126.68,1,1,0.86628
36,12,890.66,597.62,100.12,92.06,1,1,0.8451
36,13,753.73,528.18,65.0,127.43,1,1,0.85406
36,14,462.82,400.19,62.53,115.95,1,1,0.86493
36,15,1111.09,439.74,66.6,107.72,1,1,0.8459
36,16,904.64,673.52,64.35,140.68,1,1,0.85202
36,17,952.81,522.88,79.71,92.47,1,1,0.8102
36,19,1073.0,508.65,74.58,96.14,1,1,0.8199
36,20,1102.24,557.67,68.75,107.82,1,1,0.7973
36,21,1143.81,583.6,81.41,120.32,1,1,0.79252
37,0,1053.82,738.28,99.83,127.14,1,1,0.88368
37,1,1079.18,297.5,106.48,101.61,1,1,0.88349
37,2,927.83,440.0,108.93,99.15,1,1,0.8785
37,3,1064.07,649.9,105.11,100.85,1,1,0.85168
37,4,926.05,392.07,106.81,98.56,1,1,0.85961
37,5,269.61,592.74,61.63,135.07,1,1,0.87624
37,6,1511.39,466.11,71.57,141.96,1,1,0.86924
37,7,488.16,789.01,70.17,136.68,1,1,0.86901
37,8,631.64,280.24,66.88,104.79,1,1,0.87232
37,9,1111.88,400.72,73.45,98.62,1,1,0.8355
37,10,1297.98,469.73,77.24,141.02,1,1,0.86827
37,11,723.44,428.89,69.63,127.16,1,1,0.86781
37,12,884.07,594.98,99.08,95.12,1,1,0.84302
37,13,743.98,527.87,65.22,127.85,1,1,0.84979
37,14,453.63,400.94,64.4,113.66,1,1,0.86215
37,15,1104.64,434.57,67.09,112.48,1,1,0.83499
37,16,895.31,673.06,65.02,140.85,1,1,0.85556
37,17,943.92,518.65,82.25,99.19,1,1,0.7843
37,19,1063.84,502.57,69.34,102.32,1,1,0.79279
37,20,1095.05,554.13,67.95,108.57,1,1,0.77819
37,21,1132.7,579.73,82.11,122.76,1,1,0.78817
38,0,1047.18,741.18,102.26,125.14,1,1,0.88278
38,1,1068.01,298.66,109.47,99.86,1,1,0.88321
38,2,923.49,437.59,110.95,102.54,1,1,0.88157
38,3,1054.54,648.95,108.25,102.52,1,1,0.83874
38,4,926.49,393.1,108.39,97.06,1,1,0.82929
38,5,265.51,594.06,61.26,134.41,1,1,0.87622
38,6,1505.47,468.03,73.5,143.42,1,1,0.86632
38,7,482.27,790.08,72.12,137.02,1,1,0.87008
38,8,626.06,280.75,66.61,104.77,1,1,0.87018
38,9,1109.58,396.44,70.66,103.98,1,1,0.82241
38,10,1291.07,469.88,80.57,139.93,1,1,0.8701
38,11,719.66,428.72,70.22,128.08,1,1,0.86018
38,12,884.03,590.77,98.64,100.32,1,1,0.85293
38,13,740.48,528.03,65.17,128.37,1,1,0.84647
38,14,450.03,403.14,64.93,111.2,1,1,0.85465
38,15,1101.95,431.34,64.39,115.16,1,1,0.82759
38,16,891.74,674.0,65.13,140.81,1,1,0.85616
38,17,947.44,516.52,79.76,95.84,1,1,0.8079
38,19,1060.43,498.03,66.9,105.24,1,1,0.79493
38,20,1088.23,550.86,71.39,109.93,1,1,0.74933
38,21,1128.31,576.43,83.1,125.32,1,1,0.79829
38,18,1061.25,468.3,64.42,88.13,1,1,0.68651
39,0,1047.64,743.45,104.6,122.96,1,1,0.87873
39,1,1064.44,299.12,110.64,98.45,1,1,0.88108
39,2,927.76,434.75,109.04,106.6,1,1,0.87765
39,3,1051.65,645.96,112.18,105.53,1,1,0.8457
39,4,938.23,392.62,106.08,94.39,1,1,0.83913
39,5,268.18,594.9,61.86,133.75,1,1,0.87371
39,6,1505.97,471.18,76.03,142.64,1,1,0.86723
39,7,484.82,791.39,73.47,136.47,1,1,0.86673
39,8,628.21,281.31,65.43,104.45,1,1,0.86866
39,9,1115.53,392.86,67.25,110.49,1,1,0.80896
39,10,1294.39,469.9,82.09,139.0,1,1,0.86663
39,11,723.15,427.78,71.29,129.54,1,1,0.86206
39,12,888.72,587.32,100.59,103.9,1,1,0.84683
39,13,744.76,527.95,65.16,128.77,1,1,0.84725
39,14,452.81,405.6,67.25,108.58,1,1,0.85982
39,15,1108.08,428.45,61.62,118.82,1,1,0.8182
39,16,895.44,674.5,64.84,140.83,1,1,0.85233
39,17,955.67,513.64,79.93,96.09,1,1,0.8017
39,19,1064.2,497.36,62.94,106.62,1,1,0.80085
39,20,1093.98,546.82,70.88,114.97,1,1,0.73189
39,21,1134.28,572.84,79.22,127.92,1,1,0.79727
39,18,1069.75,462.34,59.39,83.44,1,1,0.75412
40,0,1049.61,743.28,109.93,122.94,1,1,0.87936
40,1,1067.19,298.29,109.07,97.14,1,1,0.87113
40,2,939.04,432.44,109.37,108.44,1,1,0.86912
40,3,1052.35,641.58,112.34,107.81,1,1,0.8353
40,4,959.53,391.5,98.76,91.07,1,1,0.79113
40,5,275.23,594.65,62.05,132.77,1,1,0.86883
40,6,1512.14,474.24,80.03,141.36,1,1,0.87633
40,7,489.75,790.86,75.67,136.23,1,1,0.86446
40,8,634.96,280.74,64.58,104.31,1,1,0.86271
40,9,1124.31,388.65,65.65,113.85,1,1,0.80617
40,10,1303.88,469.45,80.43,137.3,1,1,0.86266
40,11,730.81,425.93,73.2,130.6,1,1,0.85112
40,12,899.53,583.04,102.1,107.21,1,1,0.83169
40,13,753.09,526.42,66.89,129.6,1,1,0.84161
40,14,460.29,406.63,70.86,106.28,1,1,0.84761
40,15,1117.76,423.81,60.04,122.27,1,1,0.80565
40,16,903.27,673.47,63.9,140.93,1,1,0.84317
40,17,967.05,511.96,80.42,92.37,1,1,0.79244
40,19,1070.51,493.35,63.22,107.46,1,1,0.78022
40,20,1102.53,541.79,69.63,119.52,1,1,0.74938
40,21,1144.93,567.55,75.13,131.15,1,1,0.77941
40,18,1081.17,457.02,55.96,82.13,1,1,0.712
41,0,1050.25,742.49,113.43,123.15,1,1,0.88338
41,1,1069.32,297.36,101.36,96.21,1,1,0.86384
41,2,952.91,429.59,104.3,110.43,1,1,0.84514
41,3,1050.71,639.29,89.56,106.26,1,1,0.79964
41,4,983.07,391.18,87.08,89.52,1,1,0.77194
41,5,281.64,594.85,62.09,131.38,1,1,0.86883
41,6,1516.33,475.36,83.89,140.7,1,1,0.87849
41,7,493.74,790.5,77.36,134.96,1,1,0.86747
41,8,640.83,280.8,63.46,103.36,1,1,0.86467
41,9,1132.01,385.96,64.01,116.48,1,1,0.79605
41,10,1316.0,469.87,77.06,136.75,1,1,0.85827
41,11,737.15,424.9,74.85,130.84,1,1,0.85727
41,12,907.38,579.45,105.84,110.76,1,1,0.83319
41,13,759.81,524.64,68.8,131.13,1,1,0.84039
41,14,468.46,408.05,72.91,103.98,1,1,0.84102
41,15,1126.17,420.18,59.45,126.31,1,1,0.81207
41,16,909.21,672.28,64.15,142.29,1,1,0.84558
41,17,978.05,511.71,80.31,91.59,1,1,0.76279
41,19,1074.6,489.54,67.21,105.29,1,1,0.71309
41,20,1108.86,536.05,67.78,123.47,1,1,0.70081
41,21,1150.94,561.85,77.71,130.19,1,1,0.74893
41,18,1091.29,454.63,52.47,82.03,1,1,0.6953
42,0,1050.61,741.66,114.34,123.16,1,1,0.88635
42,1,1070.57,297.74,92.34,95.61,1,1,0.85432
42,2,969.56,429.09,97.97,110.11,1,1,0.84148
42,3,1046.97,639.23,86.03,106.51,1,1,0.83781
42,4,999.95,391.97,85.35,87.7,1,1,0.79426
42,5,289.4,595.99,62.07,128.4,1,1,0.86009
42,6,1514.92,476.1,89.38,139.89,1,1,0.88336
42,7,499.21,790.9,78.29,133.9,1,1,0.86493
42,8,646.62,281.62,62.21,102.92,1,1,0.86443
42,9,1137.84,384.61,63.64,115.13,1,1,0.7432
42,10,1324.38,471.37,74.37,135.79,1,1,0.84566
42,11,746.49,425.55,74.88,129.66,1,1,0.8592
42,12,913.83,575.91,107.68,113.5,1,1,0.83075
42,13,765.97,523.03,70.34,132.56,1,1,0.83661
42,14,481.57,409.31,71.85,102.95,1,1,0.8503
42,15,1134.33,417.34,58.91,129.42,1,1,0.81172
42,16,915.5,672.12,63.89,141.53,1,1,0.8446
42,17,990.3,512.13,78.79,91.28,1,1,0.76362
42,19,1079.95,487.67,67.05,109.73,1,1,0.75111
42,20,1113.06,533.35,67.46,126.03,1,1,0.72071
42,21,1156.43,558.11,74.89,133.2,1,1,0.77032
42,18,1099.43,453.73,51.88,80.9,1,1,0.71534
43,0,1050.05,740.71,108.62,120.28,1,1,0.87991
43,1,1068.63,298.45,82.53,96.33,1,1,0.8523
43,2,978.93,429.32,97.57,109.39,1,1,0.84492
43,3,1040.91,638.92,88.89,104.82,1,1,0.82697
43,4,1012.07,393.24,83.15,84.04,1,1,0.80238
43,5,294.98,596.45,62.35,126.36,1,1,0.85812
43,6,1513.52,475.49,90.98,139.8,1,1,0.88548
43,7,502.14,791.46,80.62,132.61,1,1,0.86942
43,8,650.82,281.99,61.52,102.94,1,1,0.85952
43,9,1142.98,382.85,62.27,116.09,1,1,0.7684
43,10,1330.88,473.58,72.63,133.58,1,1,0.84213
43,11,753.89,426.45,74.76,128.03,1,1,0.85535
43,12,920.22,571.05,111.15,114.69,1,1,0.83143
43,13,771.39,520.78,71.02,133.81,1,1,0.83931
43,14,491.46,409.93,75.52,102.88,1,1,0.84739
43,15,1139.66,414.18,57.59,132.02,1,1,0.80307
43,16,920.3,672.31,62.55,139.55,1,1,0.84175
43,17,999.62,512.16,78.41,92.37,1,1,0.7944
43,19,1083.4,486.5,63.95,112.77,1,1,0.77116
43,20,1115.15,528.31,66.12,126.67,1,1,0.76257
43,21,1160.96,555.87,72.47,130.71,1,1,0.77904
43,18,1105.84,453.79,49.53,79.96,1,1,0.68655
44,0,1048.6,739.73,101.15,119.12,1,1,0.8698
44,1,1064.92,300.18,79.54,96.41,1,1,0.86054
44,2,984.63,430.11,98.07,108.68,1,1,0.84376
44,3,1036.07,641.34,94.32,101.28,1,1,0.84338
44,4,1024.6,394.43,81.85,81.66,1,1,0.78436
44,5,300.55,597.39,62.8,124.34,1,1,0.85574
44,6,1513.99,473.61,86.6,139.9,1,1,0.87988
44,7,506.3,792.35,81.86,130.83,1,1,0.8673
44,8,653.74,282.56,61.29,103.38,1,1,0.85483
44,9,1145.87,380.93,61.24,107.65,1,1,0.7016
44,10,1336.88,475.44,70.39,131.61,1,1,0.8369
44,11,762.34,428.09,73.28,126.87,1,1,0.84708
44,12,930.36,568.19,109.45,113.69,1,1,0.82754
44,13,777.13,519.26,71.81,134.46,1,1,0.83388
44,14,496.72,409.33,82.39,104.05,1,1,0.85286
44,15,1142.44,409.7,57.12,134.86,1,1,0.7928
44,16,924.1,672.63,60.84,137.89,1,1,0.83813
44,17,1006.9,511.67,77.67,94.85,1,1,0.77763
44,19,1084.36,485.1,63.03,116.0,1,1,0.77401
44,20,1116.41,525.38,66.29,123.92,1,1,0.6866
44,21,1160.72,554.35,72.45,130.05,1,1,0.78085
44,18,1109.93,452.42,47.56,82.79,1,1,0.68115
45,0,1046.67,738.38,90.54,118.85,1,1,0.85813
45,1,1062.49,302.26,81.73,96.09,1,1,0.85591
45,2,989.95,431.61,98.87,106.5,1,1,0.84225
45,3,1030.59,642.35,101.02,97.92,1,1,0.76359
45,4,1039.15,396.73,80.83,80.11,1,1,0.71538
45,5,307.13,599.14,62.51,121.78,1,1,0.85609
45,6,1513.86,471.55,78.72,137.2,1,1,0.86421
45,7,511.22,792.65,81.51,129.73,1,1,0.86422
45,8,655.88,283.36,61.35,103.83,1,1,0.85409
45,9,1149.78,379.72,59.34,106.37,1,1,0.65836
45,10,1340.31,476.87,69.78,130.19,1,1,0.83588
45,11,769.52,430.07,72.62,125.68,1,1,0.84503
45,12,943.27,566.62,105.59,112.76,1,1,0.81606
45,13,784.73,519.02,70.46,133.9,1,1,0.82126
45,14,505.83,408.21,84.95,105.5,1,1,0.8523
45,15,1146.92,407.09,57.52,133.95,1,1,0.77386
45,16,928.25,672.96,59.58,135.83,1,1,0.82835
45,17,1013.05,512.79,76.3,85.36,1,1,0.7423
45,19,1085.59,482.64,64.44,112.18,1,1,0.76265
45,20,1117.74,524.72,66.43,114.2,1,1,0.68063
45,21,1157.31,553.46,75.38,127.7,1,1,0.79546
45,18,1112.49,451.65,47.62,80.07,1,1,0.74456
46,0,1045.64,736.2,83.6,118.69,1,1,0.85312
46,1,1057.95,302.42,88.71,95.84,1,1,0.8565
46,2,996.61,432.11,99.56,105.0,1,1,0.84278
46,4,1053.69,395.61,86.22,79.95,1,1,0.74267
46,5,311.64,599.8,64.32,121.1,1,1,0.85052
46,6,1512.14,469.79,70.57,130.42,1,1,0.84032
46,7,516.67,792.59,82.23,129.29,1,1,0.86166
46,8,658.49,283.75,61.77,104.43,1,1,0.85282
46,9,1152.71,379.78,65.86,109.31,1,1,0.76484
46,10,1343.78,477.31,68.97,129.27,1,1,0.83038
46,11,776.03,432.34,72.61,124.5,1,1,0.83197
46,12,962.55,561.47,94.88,116.82,1,1,0.79648
46,13,791.87,519.58,70.06,132.44,1,1,0.81601
46,14,516.4,406.23,85.95,107.03,1,1,0.85057
46,15,1148.33,404.76,59.6,132.1,1,1,0.76475
46,16,932.2,672.78,58.25,134.78,1,1,0.82639
46,17,1024.41,512.0,72.59,80.3,1,1,0.75912
46,19,1086.91,481.41,67.77,107.19,1,1,0.71424
46,20,1118.79,525.41,67.86,110.91,1,1,0.68541
46,21,1157.73,550.47,77.89,128.56,1,1,0.78693
46,18,1108.71,449.33,55.43,78.45,1,1,0.74074
47,0,1043.27,732.19,82.1,120.34,1,1,0.84784
47,1,1054.42,303.33,92.51,95.33,1,1,0.86652
47,2,1005.11,431.73,100.44,103.96,1,1,0.84181
47,4,1065.98,393.39,87.39,74.37,1,1,0.6782
47,5,317.32,601.31,67.12,117.51,1,1,0.84569
47,6,1509.18,469.51,69.63,129.29,1,1,0.8485
47,7,522.52,791.69,82.94,129.58,1,1,0.86677
47,8,662.46,284.52,61.23,104.58,1,1,0.85582
47,9,1156.24,379.75,72.7,109.88,1,1,0.80454
47,10,1348.08,476.8,67.66,129.52,1,1,0.83187
47,11,784.06,434.29,71.74,122.71,1,1,0.82969
47,12,983.84,556.93,85.28,119.72,1,1,0.76804
47,13,800.41,520.58,68.89,129.85,1,1,0.81455
47,14,528.33,404.89,84.86,108.98,1,1,0.83777
47,15,1152.26,402.31,60.59,130.43,1,1,0.77008
47,16,935.47,671.36,58.17,134.84,1,1,0.81935
47,17,1035.34,509.47,71.39,84.23,1,1,0.76337
47,19,1091.86,477.92,68.08,99.13,1,1,0.68942
47,20,1117.77,524.47,69.4,104.45,1,1,0.68582
47,21,1156.85,547.99,83.11,131.93,1,1,0.80067
47,18,1115.21,450.15,54.94,79.14,1,1,0.72934
48,0,1041.8,729.75,84.17,121.93,1,1,0.85048
48,1,1051.68,304.89,93.07,95.68,1,1,0.85265
48,2,1017.44,430.97,99.07,100.64,1,1,0.80809
48,4,1077.9,393.49,82.62,66.61,1,1,0.70209
48,5,323.41,602.97,67.85,114.65,1,1,0.84214
48,6,1504.41,467.44,72.44,130.66,1,1,0.83767
48,7,527.55,790.7,84.7,128.5,1,1,0.86962
48,8,665.97,286.16,60.17,103.07,1,1,0.85039
48,9,1160.3,379.59,79.19,111.19,1,1,0.7926
48,10,1354.63,474.89,66.52,127.88,1,1,0.81298
48,11,790.02,434.99,72.77,121.92,1,1,0.82292
48,12,1001.74,553.0,78.22,117.16,1,1,0.74201
48,13,810.11,521.59,68.12,127.67,1,1,0.79441
48,14,535.68,403.09,89.67,111.62,1,1,0.85075
48,16,938.31,670.73,58.74,133.79,1,1,0.79958
48,17,1045.93,507.87,69.71,90.87,1,1,0.72873
48,19,1096.74,474.64,66.31,99.51,1,1,0.66618
48,21,1157.14,546.76,85.65,131.99,1,1,0.72262
48,18,1116.98,447.36,57.55,85.26,1,1,0.69829
48,3,1003.87,640.52,82.16,87.23,1,1,0.69589
49,0,1040.7,728.41,88.84,121.99,1,1,0.84747
49,1,1047.47,305.28,92.89,97.71,1,1,0.85777
49,2,1033.08,431.56,94.34,95.26,1,1,0.80504
49,4,1088.92,392.45,78.65,65.31,1,1,0.7604
49,5,330.14,604.91,70.0,113.26,1,1,0.84832
49,6,1500.21,465.45,76.86,130.97,1,1,0.83107
49,7,531.25,789.86,83.63,127.25,1,1,0.86262
49,8,669.35,288.24,58.36,102.24,1,1,0.85101
49,9,1165.88,381.09,83.15,111.43,1,1,0.8206
49,10,1358.63,473.31,68.77,127.22,1,1,0.81669
49,11,794.37,432.95,76.92,124.02,1,1,0.83668
49,12,1012.98,550.07,78.18,115.66,1,1,0.75727
49,13,816.36,522.45,70.32,127.13,1,1,0.79189
49,14,548.54,401.88,90.46,112.05,1,1,0.85842
49,16,942.24,670.55,57.87,132.58,1,1,0.79234
49,17,1057.39,505.85,69.1,92.28,1,1,0.76075
49,19,1102.73,472.19,64.35,77.52,1,1,0.69764
49,21,1160.71,540.77,83.66,131.57,1,1,0.73837
49,18,1121.96,443.06,58.57,88.16,1,1,0.70278
49,15,1163.93,400.26,58.74,133.2,1,1,0.73513
49,20,1119.65,524.19,70.84,98.5,1,1,0.64253
50,0,1035.62,725.03,96.21,123.32,1,1,0.86073
50,1,1042.93,306.22,84.95,98.53,1,1,0.84156
50,2,1049.33,432.05,89.25,88.04,1,1,0.80944
50,4,1103.41,389.83,74.37,65.13,1,1,0.79809
50,5,337.65,605.54,70.64,114.33,1,1,0.8598
50,6,1494.93,462.37,81.06,131.47,1,1,0.84691
50,7,534.92,788.37,81.25,126.29,1,1,0.87153
50,8,672.56,290.15,56.47,101.36,1,1,0.84945
50,9,1172.2,383.6,84.39,109.79,1,1,0.83507
50,10,1359.55,471.86,73.56,126.0,1,1,0.84162
50,11,800.84,431.29,79.85,124.78,1,1,0.84049
50,12,1022.05,549.31,77.77,116.8,1,1,0.78546
50,13,821.97,524.29,72.5,125.4,1,1,0.8174
50,14,567.4,400.6,89.7,112.56,1,1,0.86561
50,16,943.91,669.61,59.77,133.1,1,1,0.79161
50,17,1066.67,504.04,67.53,91.42,1,1,0.79224
50,19,1107.51,466.55,61.73,71.58,1,1,0.68056
50,21,1162.43,535.76,83.37,133.96,1,1,0.78474
50,18,1126.14,439.94,60.6,90.64,1,1,0.71986
50,15,1171.12,401.5,57.55,125.25,1,1,0.77532
50,20,1121.05,522.59,69.65,96.13,1,1,0.70793
50,3,999.66,639.53,73.22,100.33,1,1,0.7154
51,0,1029.9,720.12,101.33,125.63,1,1,0.87193
51,1,1039.12,308.68,75.17,97.22,1,1,0.83686
51,2,1064.7,433.04,81.48,81.07,1,1,0.79338
51,4,1115.59,389.14,69.02,65.14,1,1,0.78713
51,5,344.61,605.39,71.27,116.32,1,1,0.86661
51,6,1488.75,459.59,80.99,129.76,1,1,0.86031
51,7,537.33,786.64,78.04,125.85,1,1,0.87375
51,8,675.9,291.69,54.59,100.34,1,1,0.8513
51,9,1181.46,385.96,79.15,108.17,1,1,0.83278
51,10,1360.44,470.85,79.82,125.85,1,1,0.8566
51,11,807.86,429.52,81.15,124.39,1,1,0.83766
51,12,1029.98,548.39,80.51,116.69,1,1,0.79474
51,13,826.24,525.25,77.95,123.85,1,1,0.8344
51,14,582.06,399.32,93.05,113.63,1,1,0.86667
51,16,944.48,669.47,62.83,135.28,1,1,0.79396
51,17,1076.25,502.59,65.34,89.22,1,1,0.78685
51,19,1110.43,458.31,57.33,68.46,1,1,0.6941
51,21,1167.6,533.52,77.91,135.89,1,1,0.80279
51,18,1135.18,439.54,56.65,94.94,1,1,0.75895
51,15,1178.57,402.2,57.48,119.52,1,1,0.79233
51,20,1127.8,522.53,65.63,98.45,1,1,0.75013
51,3,994.83,637.65,74.88,98.82,1,1,0.66155
52,0,1029.03,718.75,100.42,124.19,1,1,0.87612
52,1,1034.2,311.19,67.74,95.33,1,1,0.85281
52,2,1084.46,433.62,70.86,76.53,1,1,0.78415
52,4,1127.62,386.54,64.74,68.58,1,1,0.80608
52,5,349.52,605.32,72.27,116.97,1,1,0.87248
52,6,1485.32,457.47,77.19,129.19,1,1,0.86248
52,7,540.42,784.75,71.34,125.91,1,1,0.86968
52,8,679.73,293.24,53.1,100.61,1,1,0.84684
52,9,1186.93,385.5,77.61,108.03,1,1,0.83242
52,10,1371.08,469.14,78.06,123.42,1,1,0.83603
52,11,818.34,428.11,80.47,123.89,1,1,0.85645
52,12,1040.29,546.77,81.28,118.25,1,1,0.80722
52,13,831.78,525.93,80.12,122.19,1,1,0.84037
52,14,592.46,398.52,99.66,115.56,1,1,0.87508
52,16,949.48,668.75,63.39,134.22,1,1,0.80111
52,17,1086.3,501.45,65.43,86.09,1,1,0.79429
52,19,1116.37,452.88,52.06,64.09,1,1,0.70745
52,21,1170.43,530.96,74.98,137.33,1,1,0.82472
52,18,1143.6,438.74,57.93,91.69,1,1,0.70824
52,15,1184.14,401.14,59.91,118.54,1,1,0.81456
52,20,1133.49,524.36,63.46,97.18,1,1,0.69957
52,3,988.76,637.02,81.56,96.92,1,1,0.74636
53,0,1026.99,719.16,98.6,122.05,1,1,0.84551
53,1,1028.24,313.83,69.87,94.0,1,1,0.85465
53,2,1102.48,430.29,61.63,77.76,1,1,0.78668
53,4,1138.06,384.52,61.15,69.72,1,1,0.76298
53,5,355.16,605.12,73.4,116.64,1,1,0.87013
53,6,1482.01,456.64,73.03,128.63,1,1,0.85721
53,7,545.15,782.86,65.67,126.18,1,1,0.86473
53,8,684.47,295.4,51.86,101.31,1,1,0.83939
53,9,1191.7,382.93,78.02,109.54,1,1,0.81488
53,10,1381.45,469.04,76.86,120.6,1,1,0.85003
53,11,831.75,426.59,75.16,120.4,1,1,0.85807
53,12,1053.39,545.9,79.04,120.64,1,1,0.81324
53,13,837.16,525.81,81.49,121.73,1,1,0.84449
53,14,603.3,398.76,100.48,116.15,1,1,0.87419
53,16,953.87,667.68,64.85,134.31,1,1,0.78616
53,17,1095.11,501.33,66.66,79.57,1,1,0.77172
53,19,1122.15,449.47,50.35,62.55,1,1,0.69899
53,21,1172.61,528.25,72.57,139.95,1,1,0.81951
53,18,1151.1,434.64,64.84,95.13,1,1,0.70895
53,15,1189.23,398.12,64.26,119.32,1,1,0.80856
53,3,979.86,635.9,86.81,100.67,1,1,0.66449
54,0,1024.54,717.56,93.63,122.09,1,1,0.79741
54,1,1022.15,315.81,77.01,92.31,1,1,0.84989
54,2,1117.46,426.18,57.85,80.29,1,1,0.74767
54,4,1147.37,381.95,60.85,70.17,1,1,0.73426
54,5,359.16,605.87,71.31,114.78,1,1,0.86596
54,6,1476.96,455.43,70.75,127.11,1,1,0.85192
54,7,549.06,782.18,62.09,124.19,1,1,0.85915
54,8,689.0,298.86,49.25,101.58,1,1,0.82941
54,9,1197.23,381.26,77.94,111.83,1,1,0.78857
54,10,1391.79,469.09,73.06,118.76,1,1,0.84935
54,11,845.33,425.27,70.35,117.73,1,1,0.85046
54,12,1068.4,547.48,71.94,119.84,1,1,0.81709
54,13,842.72,524.67,86.55,122.13,1,1,0.84483
54,14,614.59,399.12,100.58,115.82,1,1,0.87336
54,16,959.45,666.55,66.3,134.16,1,1,0.78964
54,17,1103.34,500.95,70.2,79.08,1,1,0.71416
54,19,1128.56,448.21,50.6,63.67,1,1,0.69031
54,21,1171.86,524.43,73.32,140.36,1,1,0.79862
54,18,1158.57,429.63,67.59,101.51,1,1,0.76071
54,15,1194.0,393.58,68.67,118.64,1,1,0.75773
54,3,970.8,633.0,73.3,97.75,1,1,0.65544
55,0,1020.12,716.82,78.88,120.91,1,1,0.80918
55,1,1017.12,316.76,83.05,92.85,1,1,0.86113
55,4,1155.05,380.95,58.83,68.66,1,1,0.71227
55,5,361.57,606.17,65.46,113.88,1,1,0.8672
55,6,1474.56,452.38,66.35,129.94,1,1,0.85153
55,7,552.43,781.63,60.59,124.44,1,1,0.8626
55,8,693.13,301.67,47.06,100.93,1,1,0.83327
55,9,1203.15,380.18,78.33,113.24,1,1,0.80134
55,10,1399.79,469.08,72.05,118.32,1,1,0.85081
55,11,858.38,423.84,67.13,116.78,1,1,0.85083
55,12,1081.6,548.41,66.68,119.54,1,1,0.82997
55,13,848.95,522.09,88.81,123.32,1,1,0.8519
55,14,629.19,400.46,98.74,115.18,1,1,0.87272
55,16,961.21,665.9,67.52,134.46,1,1,0.80984
55,17,1111.63,499.5,72.19,72.4,1,1,0.68789
55,19,1127.89,429.54,58.41,81.23,1,1,0.67795
55,21,1173.7,519.62,70.8,144.32,1,1,0.81315
55,18,1165.89,425.78,69.36,108.45,1,1,0.78897
55,15,1199.46,389.93,69.67,115.93,1,1,0.75851
56,0,1015.64,716.01,75.16,120.64,1,1,0.82268
56,1,1010.11,317.84,87.46,94.41,1,1,0.86352
56,4,1160.82,380.12,59.17,71.41,1,1,0.68412
56,5,361.42,606.69,58.64,113.04,1,1,0.86221
56,6,1470.46,448.62,63.59,132.25,1,1,0.83813
56,7,553.24,781.42,60.49,125.13,1,1,0.86245
56,8,693.65,304.19,46.48,98.46,1,1,0.83373
56,9,1210.35,380.13,74.68,112.23,1,1,0.77124
56,10,1403.46,469.07,73.09,118.42,1,1,0.83685
56,11,865.73,423.03,66.49,117.03,1,1,0.84715
56,12,1090.55,548.79,66.81,119.52,1,1,0.83884
56,13,856.24,519.67,90.41,124.4,1,1,0.85138
56,14,645.77,400.4,93.11,115.56,1,1,0.86986
56,16,961.72,665.13,66.26,135.25,1,1,0.81829
56,17,1117.45,498.2,71.87,78.51,1,1,0.77274
56,19,1128.14,428.95,61.79,84.6,1,1,0.7017
56,21,1173.77,515.64,70.77,140.25,1,1,0.75887
56,18,1171.35,420.53,67.92,114.44,1,1,0.7846
56,15,1205.36,388.11,67.3,115.85,1,1,0.76617
57,0,1013.87,715.07,71.29,120.01,1,1,0.81022
57,1,1005.32,320.5,88.19,97.2,1,1,0.85151
57,4,1172.52,377.97,53.16,70.17,1,1,0.71429
57,5,361.61,607.02,56.84,112.47,1,1,0.86377
57,6,1465.58,445.97,61.0,131.08,1,1,0.82969
57,7,554.8,782.12,60.49,124.29,1,1,0.86457
57,8,693.7,306.33,47.88,96.63,1,1,0.83848
57,9,1214.78,379.06,73.91,107.25,1,1,0.78908
57,10,1407.62,467.6,73.93,118.81,1,1,0.8213
57,11,870.54,422.53,69.31,117.59,1,1,0.8564
57,12,1098.7,547.86,67.93,119.69,1,1,0.84387
57,13,865.09,518.71,88.98,120.57,1,1,0.83591
57,14,665.45,400.33,86.88,116.38,1,1,0.86836
57,16,963.88,666.03,62.91,133.79,1,1,0.81302
57,17,1124.65,496.99,68.23,79.19,1,1,0.76737
57,19,1126.35,427.33,66.63,93.13,1,1,0.70635
57,21,1172.05,512.08,71.87,126.59,1,1,0.78778
57,18,1174.41,420.58,66.63,114.27,1,1,0.79125
57,15,1210.03,388.19,63.27,114.86,1,1,0.79952
58,0,1011.99,712.71,69.69,120.03,1,1,0.79712
58,1,1001.9,322.86,83.63,98.91,1,1,0.83523
58,4,1180.74,376.49,51.69,68.31,1,1,0.70322
58,5,361.43,606.19,59.27,112.56,1,1,0.86231
58,6,1462.86,443.09,59.51,126.14,1,1,0.84494
58,7,556.73,782.95,61.86,122.75,1,1,0.86368
58,8,696.22,308.14,48.45,94.94,1,1,0.8417
58,9,1222.75,379.05,72.37,104.88,1,1,0.82331
58,10,1420.02,471.91,69.98,111.84,1,1,0.77465
58,11,876.98,422.65,72.67,116.25,1,1,0.85904
58,12,1107.75,545.09,67.22,118.67,1,1,0.82531
58,13,879.23,516.65,81.98,115.97,1,1,0.83327
58,14,691.8,400.46,78.32,115.94,1,1,0.85877
58,16,965.62,665.4,60.43,131.83,1,1,0.80281
58,17,1131.15,496.73,67.37,71.75,1,1,0.70479
58,19,1133.77,432.08,63.75,81.15,1,1,0.72139
58,21,1174.66,516.64,72.23,115.96,1,1,0.80263
58,18,1180.88,417.76,64.54,118.21,1,1,0.79016
58,15,1214.97,391.29,61.43,110.89,1,1,0.80577
59,0,1010.49,712.51,70.85,118.23,1,1,0.8108
59,1,999.4,324.92,68.83,99.23,1,1,0.80338
59,4,1187.32,377.47,50.8,65.12,1,1,0.73101
59,5,360.18,605.41,64.0,113.29,1,1,0.85157
59,6,1460.64,439.9,59.61,121.8,1,1,0.82483
59,7,559.39,783.87,63.41,121.08,1,1,0.86357
59,8,698.28,310.15,48.95,93.49,1,1,0.8522
59,9,1231.82,379.55,69.58,104.6,1,1,0.83545
59,10,1441.29,481.39,63.06,94.33,1,1,0.6866
59,11,883.4,423.26,74.99,113.31,1,1,0.86696
59,12,1117.08,541.28,64.39,120.33,1,1,0.82945
59,13,896.05,516.48,74.73,109.63,1,1,0.84565
59,14,711.81,399.97,74.56,116.6,1,1,0.8562
59,16,967.23,664.56,58.98,131.78,1,1,0.80297
59,17,1137.87,499.09,63.95,67.02,1,1,0.71221
59,19,1135.79,424.45,64.3,82.81,1,1,0.75411
59,21,1178.28,515.76,72.02,114.42,1,1,0.79317
59,18,1185.68,418.08,64.3,118.13,1,1,0.79829
59,15,1221.21,394.42,58.85,107.83,1,1,0.80164
60,0,1006.83,712.05,75.48,116.84,1,1,0.81815
60,1,996.73,327.49,57.92,98.24,1,1,0.81687
60,4,1196.93,378.43,47.33,61.56,1,1,0.70281
60,5,362.12,604.28,60.0,114.04,1,1,0.84381
60,6,1457.65,437.9,62.49,126.16,1,1,0.83818
60,7,561.12,784.96,66.81,118.84,1,1,0.85772
60,8,701.28,312.17,51.35,92.45,1,1,0.85046
60,9,1239.09,378.2,69.48,107.32,1,1,0.83949
60,11,893.62,423.77,76.52,111.26,1,1,0.85895
60,12,1128.19,534.34,64.27,125.29,1,1,0.82066
60,13,908.49,517.04,75.3,105.75,1,1,0.84487
60,14,724.76,398.35,76.48,118.53,1,1,0.85503
60,16,971.26,664.69,56.38,131.54,1,1,0.8195
60,17,1144.97,498.88,65.01,68.04,1,1,0.72383
60,19,1143.31,419.52,64.25,85.02,1,1,0.70784
60,21,1184.04,510.74,70.93,115.43,1,1,0.77407
60,18,1197.81,413.21,59.03,124.67,1,1,0.77695
60,15,1224.97,395.62,58.0,106.58,1,1,0.77259
60,3,921.12,628.83,66.74,100.19,1,1,0.7223
61,0,1004.77,714.12,79.76,113.41,1,1,0.83055
61,1,992.25,329.5,58.13,97.95,1,1,0.83578
61,5,366.65,603.78,57.93,116.46,1,1,0.85506
61,6,1459.86,436.32,63.36,128.8,1,1,0.85736
61,7,561.89,786.04,73.47,117.8,1,1,0.86831
61,8,704.43,313.62,53.27,91.2,1,1,0.86626
61,9,1246.05,376.91,70.28,110.7,1,1,0.84355
61,11,910.13,423.8,72.93,112.02,1,1,0.85955
61,12,1138.51,524.71,64.33,131.25,1,1,0.82628
61,13,917.7,519.35,83.79,102.54,1,1,0.85425
61,14,736.02,397.7,82.94,118.95,1,1,0.87686
61,16,974.4,664.98,55.32,131.58,1,1,0.82872
61,17,1153.33,495.95,63.03,59.18,1,1,0.74186
61,19,1150.41,424.65,61.98,80.6,1,1,0.69701
61,21,1190.06,507.61,70.48,115.49,1,1,0.80667
61,18,1206.08,411.61,56.01,125.43,1,1,0.79826
61,15,1228.79,389.47,59.32,111.59,1,1,0.75622
61,3,914.33,628.06,63.85,104.04,1,1,0.80255
61,2,1178.78,425.12,44.24,79.22,1,1,0.6741
62,0,995.83,715.21,65.29,108.43,1,1,0.74132
62,1,984.06,331.57,67.4,96.86,1,1,0.84408
62,5,368.64,603.93,54.07,116.67,1,1,0.85379
62,6,1460.37,434.55,67.59,132.23,1,1,0.85665
62,7,563.55,785.9,77.1,117.49,1,1,0.86498
62,8,706.07,314.87,54.47,92.02,1,1,0.85886
62,9,1252.3,375.95,68.65,114.23,1,1,0.82825
62,11,926.98,423.34,66.38,113.76,1,1,0.84692
62,12,1146.27,521.28,65.84,128.41,1,1,0.80856
62,13,925.14,520.06,93.21,99.65,1,1,0.86399
62,14,748.52,396.99,85.23,117.23,1,1,0.8737
62,16,975.3,664.43,54.75,127.28,1,1,0.8076
62,17,1160.23,493.19,61.48,53.75,1,1,0.74213
62,19,1159.49,421.91,59.43,81.31,1,1,0.71529
62,21,1194.06,507.51,71.22,114.63,1,1,0.79493
62,18,1211.83,407.81,52.81,127.94,1,1,0.77565
62,15,1229.99,384.69,59.79,114.67,1,1,0.71442
62,3,905.83,626.22,61.95,107.68,1,1,0.81172
62,2,1184.49,432.8,45.97,70.35,1,1,0.6673
63,0,987.69,717.28,54.34,104.72,1,1,0.7755
63,1,975.03,332.66,75.07,97.52,1,1,0.86078
63,5,365.8,604.6,50.68,115.85,1,1,0.85556
63,6,1457.35,431.36,63.42,120.2,1,1,0.74061
63,7,564.25,785.39,79.23,116.96,1,1,0.87411
63,8,705.4,315.27,52.76,94.68,1,1,0.86711
63,9,1255.13,373.35,66.23,117.12,1,1,0.84743
63,11,937.84,422.43,61.86,114.5,1,1,0.85703
63,12,1150.25,525.62,64.53,119.85,1,1,0.82809
63,13,929.83,518.84,96.74,98.67,1,1,0.87169
63,14,760.86,395.09,82.96,114.84,1,1,0.87186
63,16,972.29,664.18,54.46,123.01,1,1,0.81264
63,17,1162.1,490.54,60.89,57.42,1,1,0.75558
63,19,1162.19,419.32,58.84,81.61,1,1,0.71156
63,21,1195.35,509.1,70.63,108.35,1,1,0.80854
63,18,1206.92,421.66,55.24,112.53,1,1,0.71351
63,15,1228.85,386.04,59.08,111.2,1,1,0.72731
63,3,894.33,625.05,65.69,110.77,1,1,0.83242
63,10,1466.13,479.77,71.35,91.95,1,1,0.82365
64,0,982.9,721.07,50.46,100.13,1,1,0.72318
64,1,963.68,334.03,81.98,94.72,1,1,0.86502
64,5,365.74,605.76,50.61,115.78,1,1,0.85418
64,6,1450.13,428.14,60.97,112.07,1,1,0.78807
64,7,566.13,785.09,80.12,115.79,1,1,0.87195
64,8,704.15,316.01,52.26,98.65,1,1,0.84503
64,9,1256.37,370.45,65.67,120.04,1,1,0.84659
64,11,945.89,421.65,61.3,114.8,1,1,0.84853
64,12,1155.73,528.12,62.19,115.1,1,1,0.80445
64,13,936.34,518.4,98.46,95.74,1,1,0.85528
64,14,779.38,393.16,74.06,114.0,1,1,0.85882
64,16,972.64,664.11,53.53,120.7,1,1,0.7973
64,17,1164.17,486.94,62.9,64.41,1,1,0.76147
64,19,1165.48,422.7,56.15,77.95,1,1,0.73764
64,21,1198.84,508.34,67.26,102.05,1,1,0.78045
64,18,1205.14,424.61,57.1,107.23,1,1,0.66473
64,15,1228.73,380.09,55.72,114.99,1,1,0.73116
64,3,885.51,625.59,69.96,111.59,1,1,0.8166
64,10,1470.15,480.96,74.41,91.77,1,1,0.83504
65,0,979.86,721.17,48.75,98.8,1,1,0.76135
65,1,950.88,335.76,78.57,89.95,1,1,0.85981
65,5,364.2,605.81,52.59,115.59,1,1,0.85481
65,6,1446.7,424.67,57.56,111.15,1,1,0.80765
65,7,567.3,784.4,80.54,115.82,1,1,0.87219
65,8,701.07,316.99,52.23,100.77,1,1,0.84525
65,9,1258.37,367.25,64.97,121.41,1,1,0.85642
65,11,952.71,420.57,60.37,113.08,1,1,0.85434
65,12,1160.19,527.56,61.97,114.46,1,1,0.8079
65,13,948.44,516.96,93.67,92.26,1,1,0.85492
65,14,802.58,391.26,61.57,114.03,1,1,0.851
65,16,971.23,665.23,53.82,115.03,1,1,0.78426
65,17,1166.32,483.27,63.2,70.02,1,1,0.72107
65,19,1168.96,420.48,52.51,80.13,1,1,0.73226
65,21,1200.41,504.72,67.62,101.34,1,1,0.79406
65,15,1228.17,387.78,52.21,127.09,1,1,0.71982
65,10,1475.56,481.46,75.47,93.34,1,1,0.8407
66,0,975.09,721.49,46.88,95.72,1,1,0.77367
66,1,940.74,338.37,76.91,89.57,1,1,0.84457
66,5,359.12,605.76,58.18,115.48,1,1,0.8556
66,6,1442.67,421.86,55.06,111.4,1,1,0.8023
66,7,567.42,783.77,79.68,115.73,1,1,0.86655
66,8,693.1,319.3,56.83,100.2,1,1,0.83391
66,9,1257.33,365.41,64.74,120.92,1,1,0.8466
66,11,958.91,420.09,59.11,110.27,1,1,0.84628
66,12,1162.65,517.47,62.82,123.81,1,1,0.81986
66,13,964.17,515.54,84.23,92.21,1,1,0.82556
66,14,820.04,389.03,56.03,115.61,1,1,0.83864
66,16,967.86,667.58,53.91,109.59,1,1,0.80197
66,17,1166.76,477.51,64.89,76.26,1,1,0.74014
66,19,1170.88,418.88,51.11,78.7,1,1,0.72016
66,21,1201.91,501.34,66.99,100.28,1,1,0.7952
66,15,1227.55,391.89,51.86,128.92,1,1,0.80157
66,10,1477.6,482.74,77.69,93.53,1,1,0.84561
66,4,1212.25,372.67,51.19,50.23,1,1,0.64898
66,3,860.17,626.1,69.05,99.39,1,1,0.80396
67,0,971.44,716.78,48.07,99.7,1,1,0.66159
67,1,936.7,340.3,65.78,88.34,1,1,0.84599
67,5,356.56,605.29,63.66,117.29,1,1,0.86695
67,6,1440.25,419.02,54.17,112.16,1,1,0.82062
67,7,568.48,782.81,75.23,116.62,1,1,0.86305
67,8,685.05,321.91,64.89,98.49,1,1,0.84638
67,9,1258.15,366.35,63.63,118.76,1,1,0.84231
67,11,965.72,418.78,57.65,107.63,1,1,0.84811
67,12,1167.37,514.52,61.33,127.13,1,1,0.8264
67,13,986.44,515.41,69.45,91.48,1,1,0.8241
67,14,830.08,386.84,57.95,117.4,1,1,0.84643
67,16,966.28,668.74,53.61,108.29,1,1,0.76759
67,17,1167.97,474.45,63.44,83.77,1,1,0.75097
67,19,1174.89,416.87,46.56,76.46,1,1,0.75759
67,21,1205.81,500.32,64.35,102.73,1,1,0.81764
67,15,1231.48,394.72,52.65,126.95,1,1,0.8056
67,10,1491.81,483.88,69.92,93.02,1,1,0.83298
67,3,848.97,625.52,60.94,99.67,1,1,0.83235
67,2,1208.45,388.57,49.55,100.96,1,1,0.68248
68,0,963.11,720.85,54.74,93.7,1,1,0.6776
68,1,932.25,343.51,55.18,86.9,1,1,0.84169
68,5,355.0,605.63,63.59,118.5,1,1,0.86448
68,6,1438.94,416.58,54.12,113.06,1,1,0.82249
68,7,568.57,782.96,68.62,116.2,1,1,0.85785
68,8,679.42,324.8,72.28,96.13,1,1,0.84944
68,9,1259.98,367.05,61.66,113.66,1,1,0.83207
68,11,973.34,418.61,55.47,103.82,1,1,0.83881
68,12,1173.33,520.91,57.64,121.2,1,1,0.80547
68,13,1000.07,517.18,72.28,88.08,1,1,0.82879
68,14,835.98,385.08,69.54,117.64,1,1,0.84532
68,16,965.19,669.92,53.92,105.81,1,1,0.77098
68,17,1171.15,473.04,59.59,76.19,1,1,0.75248
68,19,1179.85,415.16,42.98,74.1,1,1,0.75917
68,21,1205.77,498.51,65.87,104.12,1,1,0.80782
68,15,1238.22,396.56,53.73,123.82,1,1,0.80774
68,10,1505.82,485.92,62.2,92.39,1,1,0.84197
68,3,838.9,626.08,55.81,100.09,1,1,0.82131
68,2,1214.05,389.05,44.56,99.93,1,1,0.71526
69,0,951.4,722.8,65.72,92.45,1,1,0.80312
69,1,927.11,347.37,53.28,82.38,1,1,0.84787
69,5,355.09,605.99,56.89,118.14,1,1,0.86089
69,6,1439.43,412.05,52.73,115.09,1,1,0.82105
69,7,570.1,783.24,62.05,115.49,1,1,0.8572
69,8,675.92,326.98,79.63,95.75,1,1,0.8573
69,9,1264.46,365.59,60.08,109.78,1,1,0.83577
69,11,980.66,417.92,55.37,100.42,1,1,0.8569
69,12,1177.78,528.48,54.39,113.23,1,1,0.81843
69,13,1007.48,517.88,77.52,87.06,1,1,0.83875
69,14,843.77,384.39,81.29,114.85,1,1,0.86729
69,16,964.32,670.56,54.3,102.18,1,1,0.75773
69,17,1176.07,466.68,57.82,75.4,1,1,0.75418
69,19,1185.02,412.09,43.96,73.64,1,1,0.77794
69,21,1206.72,500.13,65.8,103.12,1,1,0.80871
69,15,1246.16,398.09,58.79,121.04,1,1,0.8257
69,10,1516.27,489.14,59.94,89.91,1,1,0.8456
69,3,829.89,626.12,58.04,97.71,1,1,0.81944
69,2,1218.76,393.48,43.39,93.82,1,1,0.69204
69,4,1223.6,367.37,45.62,57.01,1,1,0.68059
70,0,940.96,723.9,71.48,93.82,1,1,0.78708
70,1,922.01,351.02,51.84,80.55,1,1,0.84969
70,5,352.23,606.63,52.5,116.65,1,1,0.85429
70,6,1439.21,406.61,52.07,116.94,1,1,0.81394
70,7,570.46,783.88,58.79,115.82,1,1,0.85222
70,8,671.94,329.58,85.24,96.28,1,1,0.86455
70,9,1267.52,364.54,58.29,106.98,1,1,0.80818
70,11,986.1,417.79,57.59,96.75,1,1,0.85318
70,12,1181.58,530.54,51.69,109.27,1,1,0.80607
70,13,1011.91,519.2,81.67,85.91,1,1,0.85394
70,14,853.71,384.03,84.24,110.96,1,1,0.87411
70,16,964.79,670.58,52.89,102.53,1,1,0.75545
70,17,1179.09,461.6,58.12,70.56,1,1,0.75059
70,19,1188.18,410.12,44.93,70.71,1,1,0.76955
70,21,1205.21,501.08,62.32,94.37,1,1,0.76385
70,15,1251.86,396.64,62.07,120.78,1,1,0.83248
70,10,1522.37,491.22,61.79,87.36,1,1,0.85035
70,3,819.96,626.56,60.72,93.56,1,1,0.83203
70,4,1228.63,365.48,41.37,60.11,1,1,0.73295
71,0,927.88,729.83,65.31,96.68,1,1,0.78333
71,1,914.01,353.6,50.81,76.94,1,1,0.83061
71,5,345.41,607.17,53.78,115.8,1,1,0.85347
71,6,1437.53,403.0,49.6,110.01,1,1,0.81448
71,7,571.37,785.67,54.88,115.86,1,1,0.84656
71,8,669.48,333.11,84.81,95.34,1,1,0.85381
71,9,1267.6,364.62,58.43,100.85,1,1,0.82588
71,11,990.11,417.53,62.17,92.03,1,1,0.83975
71,12,1183.69,531.52,54.62,105.67,1,1,0.78803
71,13,1015.21,520.81,88.42,85.19,1,1,0.8564
71,14,865.57,384.54,78.98,109.32,1,1,0.86056
71,16,961.84,671.76,52.62,108.4,1,1,0.79671
71,17,1180.06,459.89,57.21,82.3,1,1,0.74011
71,19,1188.89,408.8,45.74,70.05,1,1,0.77014
71,21,1199.74,501.04,65.01,88.87,1,1,0.70233
71,15,1254.72,396.61,63.82,118.36,1,1,0.83268
71,10,1525.15,493.65,66.0,83.8,1,1,0.85407
71,3,803.0,626.03,71.38,90.82,1,1,0.81607
71,4,1231.34,364.56,40.35,57.88,1,1,0.73292
72,0,921.75,734.03,57.37,94.57,1,1,0.76252
72,1,908.96,356.4,50.1,82.93,1,1,0.82934
72,5,340.29,607.07,56.57,115.18,1,1,0.8566
72,6,1435.33,399.74,46.99,105.88,1,1,0.81065
72,7,572.43,787.25,52.91,115.47,1,1,0.84796
72,8,673.79,336.28,77.74,93.46,1,1,0.83705
72,9,1270.42,364.19,55.68,95.51,1,1,0.80634
72,11,995.35,416.71,65.51,91.47,1,1,0.84969
72,12,1186.06,530.3,56.19,102.21,1,1,0.79454
72,13,1024.51,522.31,85.09,81.27,1,1,0.84455
72,14,882.89,385.63,67.5,107.91,1,1,0.84281
72,16,962.1,672.23,50.69,108.5,1,1,0.80231
72,17,1182.89,456.95,56.87,90.73,1,1,0.77443
72,19,1191.51,408.39,45.83,67.01,1,1,0.77327
72,15,1257.73,395.91,64.54,118.41,1,1,0.82293
72,10,1529.88,494.69,71.86,85.01,1,1,0.84645
72,3,782.68,627.0,77.39,82.85,1,1,0.67769
72,4,1232.03,362.47,41.83,61.57,1,1,0.71871
73,0,918.12,738.02,51.52,90.64,1,1,0.79684
73,1,888.34,360.24,64.15,83.81,1,1,0.80146
73,5,336.55,607.0,59.83,114.51,1,1,0.85822
73,6,1432.45,396.8,46.13,105.01,1,1,0.8128
73,7,571.64,789.68,53.7,113.02,1,1,0.846
73,8,678.89,340.25,68.72,90.38,1,1,0.83705
73,9,1271.94,362.74,54.27,92.35,1,1,0.77819
73,11,1000.68,416.03,65.46,91.85,1,1,0.84941
73,12,1187.8,530.13,60.01,98.65,1,1,0.77058
73,13,1037.84,522.86,76.97,82.79,1,1,0.81855
73,14,900.73,384.64,59.19,108.97,1,1,0.81173
73,16,959.57,672.88,50.3,105.66,1,1,0.78705
73,17,1185.28,453.37,54.45,98.47,1,1,0.79676
73,19,1195.46,408.86,44.59,62.65,1,1,0.75505
73,15,1262.12,397.33,63.86,114.67,1,1,0.80746
73,10,1536.89,496.48,75.27,89.76,1,1,0.8475
73,3,770.65,625.85,67.07,87.75,1,1,0.78779
73,18,1211.26,445.76,43.7,83.05,1,1,0.64499
74,0,913.44,740.42,48.32,87.07,1,1,0.79753
74,1,876.3,361.96,64.78,86.25,1,1,0.81175
74,5,334.16,607.02,58.89,114.3,1,1,0.85668
74,6,1430.33,392.36,46.14,107.47,1,1,0.81843
74,7,570.9,791.15,55.97,109.89,1,1,0.84463
74,8,681.71,343.9,62.02,88.44,1,1,0.82574
74,9,1272.84,361.77,53.62,90.72,1,1,0.7506
74,11,1004.72,414.24,64.14,93.18,1,1,0.85038
74,12,1190.03,530.28,65.62,95.22,1,1,0.78866
74,13,1058.27,524.16,65.0,92.32,1,1,0.79613
74,14,914.24,378.54,53.54,114.1,1,1,0.82198
74,16,956.88,672.2,51.9,104.54,1,1,0.79211
74,17,1188.44,448.56,57.24,102.57,1,1,0.76572
74,19,1201.02,408.88,48.19,58.1,1,1,0.73591
74,15,1267.88,398.57,59.46,111.31,1,1,0.80169
74,10,1546.01,498.2,71.52,90.62,1,1,0.85016
74,3,757.8,626.21,62.26,90.42,1,1,0.80191
74,2,1242.6,390.82,41.47,82.9,1,1,0.68884
74,4,1229.3,359.65,44.6,70.82,1,1,0.72086
75,0,909.46,742.14,48.34,84.13,1,1,0.78709
75,1,869.31,363.45,60.96,87.6,1,1,0.83468
75,5,333.09,607.61,53.61,115.19,1,1,0.85502
75,6,1429.4,388.74,44.65,108.54,1,1,0.81498
75,7,569.89,792.16,57.69,106.57,1,1,0.84151
75,8,682.75,347.79,57.75,89.33,1,1,0.83557
75,9,1273.17,361.27,54.92,90.31,1,1,0.73907
75,11,1008.71,412.62,62.32,94.52,1,1,0.85455
75,12,1192.39,529.52,68.5,92.82,1,1,0.80162
75,13,1072.81,525.29,61.58,94.15,1,1,0.80834
75,14,921.22,372.64,52.62,117.4,1,1,0.81575
75,16,954.18,671.87,52.33,104.85,1,1,0.79649
75,17,1192.7,445.76,58.51,86.62,1,1,0.74535
75,19,1206.6,406.48,48.97,58.42,1,1,0.71466
75,15,1269.07,399.86,58.55,108.48,1,1,0.7833
75,10,1557.53,500.92,62.39,88.76,1,1,0.84764
75,3,751.08,626.15,56.66,101.11,1,1,0.8085
75,4,1229.39,358.93,43.72,70.86,1,1,0.71996
75,21,1189.82,495.93,76.68,80.14,1,1,0.70283
76,0,902.44,744.61,43.4,79.03,1,1,0.79901
76,1,866.31,365.53,54.74,86.79,1,1,0.82597
76,5,332.25,609.13,48.75,113.52,1,1,0.84658
76,6,1428.8,383.84,43.74,111.47,1,1,0.80083
76,7,566.41,792.74,62.71,106.48,1,1,0.8413
76,8,682.11,350.71,53.76,90.11,1,1,0.8339
76,11,1011.43,409.58,59.93,97.6,1,1,0.8462
76,12,1193.07,529.71,69.15,88.93,1,1,0.7904
76,13,1082.76,525.72,62.97,89.12,1,1,0.81059
76,14,929.36,367.76,54.32,115.73,1,1,0.78912
76,16,952.0,672.64,50.74,103.68,1,1,0.76781
76,17,1194.34,445.07,60.9,81.45,1,1,0.73674
76,19,1212.24,403.29,45.89,61.04,1,1,0.69293
76,15,1272.67,395.92,54.8,110.94,1,1,0.74308
76,10,1563.58,503.83,57.86,85.89,1,1,0.84031
76,3,743.27,626.18,56.95,105.95,1,1,0.82025
76,4,1227.98,358.08,43.17,67.21,1,1,0.72862
77,0,893.55,746.51,47.68,76.55,1,1,0.79138
77,1,861.95,368.17,50.02,84.42,1,1,0.83234
77,5,329.6,610.69,49.02,112.24,1,1,0.85258
77,6,1428.0,380.11,43.14,113.15,1,1,0.80784
77,7,568.52,792.9,63.08,105.31,1,1,0.8458
77,8,679.64,353.47,51.44,90.33,1,1,0.8394
77,11,1014.32,406.82,57.65,99.9,1,1,0.84459
77,12,1195.15,527.36,67.38,87.91,1,1,0.78954
77,13,1092.02,526.27,65.57,88.22,1,1,0.82017
77,14,937.43,364.34,56.52,114.57,1,1,0.8128
77,17,1195.57,443.24,65.33,86.56,1,1,0.75769
77,19,1217.54,398.6,44.09,63.21,1,1,0.64227
77,15,1273.78,391.56,53.64,114.87,1,1,0.74418
77,10,1565.97,506.96,56.22,82.9,1,1,0.84141
77,3,732.31,625.66,61.48,103.97,1,1,0.81471
77,4,1226.75,356.88,42.58,72.38,1,1,0.67266
77,9,1278.39,360.73,53.76,87.48,1,1,0.68287
78,0,882.08,747.6,58.08,84.57,1,1,0.80953
78,1,860.29,370.09,48.66,83.61,1,1,0.82762
78,5,326.36,611.18,53.61,110.49,1,1,0.84799
78,6,1428.25,376.19,44.06,112.23,1,1,0.80106
78,7,567.49,792.29,70.2,105.08,1,1,0.85373
78,8,677.8,355.74,47.58,90.67,1,1,0.82897
78,11,1017.85,403.27,56.5,102.84,1,1,0.83382
78,12,1200.24,525.5,65.07,88.86,1,1,0.79578
78,13,1103.75,526.17,68.83,87.3,1,1,0.82672
78,14,947.93,361.24,55.59,111.29,1,1,0.80973
78,17,1206.97,441.05,60.38,75.08,1,1,0.70078
78,15,1279.71,388.21,52.41,116.09,1,1,0.70754
78,10,1570.41,509.21,56.56,80.79,1,1,0.83017
78,3,721.68,623.91,69.12,102.71,1,1,0.82023
78,4,1226.04,354.19,45.54,81.52,1,1,0.74459
78,16,946.18,676.42,64.41,102.13,1,1,0.77005
79,0,877.66,748.1,61.45,88.76,1,1,0.81072
79,1,855.34,372.55,52.33,82.31,1,1,0.82744
79,5,325.03,611.3,60.52,109.6,1,1,0.85212
79,6,1430.97,373.29,43.54,105.19,1,1,0.8243
79,7,569.57,792.1,73.23,104.31,1,1,0.85863
79,8,679.0,358.82,43.59,88.64,1,1,0.82017
79,11,1020.33,399.75,58.41,104.77,1,1,0.82412
79,12,1205.94,519.37,66.28,93.21,1,1,0.80001
79,13,1126.4,525.71,58.85,88.91,1,1,0.81539
79,14,961.79,358.14,55.13,110.29,1,1,0.80499
79,17,1217.94,435.92,58.92,69.88,1,1,0.66019
79,15,1286.79,386.8,52.47,114.93,1,1,0.72172
79,10,1576.84,512.25,61.98,84.44,1,1,0.8307
79,3,713.06,622.95,63.21,96.54,1,1,0.7774
79,4,1224.87,352.34,50.35,88.31,1,1,0.79612
79,16,945.41,678.54,64.3,99.62,1,1,0.79608
79,21,1201.51,471.08,56.28,97.09,1,1,0.71828
79,9,1291.83,356.68,51.47,75.29,1,1,0.75171
80,0,879.27,750.84,59.32,87.14,1,1,0.79761
80,1,856.18,373.45,51.24,80.86,1,1,0.82911
80,5,325.35,611.41,67.7,110.19,1,1,0.86013
80,6,1432.37,370.7,47.37,99.03,1,1,0.82269
80,7,571.58,792.2,75.07,103.21,1,1,0.85264
80,8,680.68,362.05,42.37,86.11,1,1,0.82291
80,11,1024.46,396.58,59.01,106.43,1,1,0.8212
80,12,1211.24,520.1,66.72,91.83,1,1,0.80611
80,13,1140.48,526.95,56.96,88.69,1,1,0.82388
80,14,975.1,356.05,51.25,110.2,1,1,0.80409
80,17,1228.51,434.28,56.05,59.29,1,1,0.69011
80,15,1290.57,386.34,55.7,111.19,1,1,0.77015
80,10,1584.86,514.33,67.22,89.09,1,1,0.83567
80,3,704.55,622.81,56.36,96.64,1,1,0.7978
80,4,1227.64,350.42,51.18,91.16,1,1,0.80404
80,16,948.49,681.8,60.28,97.15,1,1,0.79352
80,21,1204.0,467.46,58.67,99.43,1,1,0.75805
80,9,1298.92,354.49,53.13,81.66,1,1,0.80597
81,0,883.7,752.81,55.15,86.01,1,1,0.80795
81,1,853.93,374.82,55.15,88.87,1,1,0.85467
81,5,329.59,611.01,68.0,111.9,1,1,0.86179
81,6,1436.77,367.56,51.13,95.6,1,1,0.83619
81,7,575.17,791.61,70.22,103.15,1,1,0.85151
81,8,683.19,365.51,43.75,83.29,1,1,0.82624
81,11,1031.21,394.04,58.17,107.66,1,1,0.83359
81,12,1219.03,523.02,64.79,88.31,1,1,0.81718
81,13,1157.34,528.01,52.93,88.13,1,1,0.83158
81,14,989.81,354.6,48.11,110.49,1,1,0.8263
81,15,1301.87,383.9,53.76,110.12,1,1,0.79552
81,10,1596.46,517.19,65.73,90.53,1,1,0.84732
81,3,698.61,623.12,52.18,101.8,1,1,0.79466
81,4,1233.06,349.34,55.2,93.22,1,1,0.82742
81,16,954.0,682.38,54.8,94.89,1,1,0.83193
81,21,1204.98,469.29,58.95,101.07,1,1,0.77575
81,9,1308.75,353.29,50.24,83.01,1,1,0.73957
81,18,1239.96,445.28,45.68,89.75,1,1,0.73982
81,19,1256.53,379.88,57.62,84.38,1,1,0.67724
82,0,885.89,753.08,53.13,85.95,1,1,0.82732
82,1,854.31,377.4,55.57,92.61,1,1,0.84186
82,5,331.49,610.72,63.92,111.9,1,1,0.85556
82,6,1439.22,364.77,52.34,92.53,1,1,0.81921
82,7,576.0,791.21,64.69,103.15,1,1,0.85524
82,8,682.65,368.31,46.82,81.51,1,1,0.81875
82,11,1035.32,390.59,56.22,107.23,1,1,0.83411
82,12,1224.95,525.97,64.07,85.9,1,1,0.80889
82,13,1171.5,529.47,51.07,86.11,1,1,0.80964
82,14,1001.19,352.58,43.04,110.94,1,1,0.81506
82,15,1308.28,383.06,54.65,108.16,1,1,0.76599
82,10,1606.54,519.45,62.55,88.58,1,1,0.84242
82,3,690.96,623.92,50.49,96.41,1,1,0.79712
82,4,1235.55,348.3,58.61,95.45,1,1,0.83454
82,16,958.1,683.41,50.21,92.4,1,1,0.82299
82,21,1208.89,468.29,57.02,102.01,1,1,0.77659
82,9,1312.8,350.78,43.06,64.32,1,1,0.64135
82,18,1246.96,442.32,47.63,90.67,1,1,0.77907
82,19,1263.96,376.63,58.68,84.1,1,1,0.67473
83,0,885.64,753.81,50.98,85.59,1,1,0.81981
83,1,851.12,381.02,54.28,91.83,1,1,0.83745
83,5,324.69,611.19,61.89,110.9,1,1,0.84816
83,6,1438.48,362.71,51.91,92.03,1,1,0.8172
83,7,573.22,791.57,59.91,101.57,1,1,0.85834
83,8,675.95,370.5,52.22,83.27,1,1,0.81845
83,11,1036.35,388.03,52.81,105.05,1,1,0.81904
83,12,1228.07,527.62,64.6,85.13,1,1,0.80754
83,13,1179.19,530.09,51.97,85.33,1,1,0.81627
83,14,1008.78,349.62,39.36,112.45,1,1,0.79891
83,15,1309.12,386.73,56.8,102.94,1,1,0.74028
83,10,1611.78,522.59,61.53,86.89,1,1,0.83528
83,3,677.67,624.59,54.07,87.57,1,1,0.79797
83,4,1234.7,347.6,61.0,96.55,1,1,0.83708
83,16,957.49,682.87,47.25,95.04,1,1,0.824
83,21,1211.75,466.51,52.84,99.73,1,1,0.77236
83,9,1313.05,348.31,49.88,73.32,1,1,0.6433
83,18,1250.86,441.44,47.27,93.88,1,1,0.77803
84,0,880.7,754.97,49.78,92.97,1,1,0.83208
84,1,845.1,383.64,53.77,91.92,1,1,0.83908
84,5,316.83,611.77,60.92,109.7,1,1,0.85156
84,6,1434.83,360.38,50.32,93.95,1,1,0.82274
84,7,568.59,791.98,59.81,99.55,1,1,0.86355
84,8,670.08,373.77,55.03,87.0,1,1,0.83113
84,11,1035.52,385.4,49.37,104.68,1,1,0.81694
84,12,1231.61,527.17,64.75,87.96,1,1,0.78526
84,13,1184.8,528.98,54.34,90.57,1,1,0.83229
84,14,1013.11,347.3,38.34,109.79,1,1,0.79556
84,15,1308.58,386.33,59.34,101.9,1,1,0.69397
84,10,1611.7,525.63,65.18,83.33,1,1,0.83943
84,3,660.4,625.66,61.92,82.97,1,1,0.82089
84,4,1231.85,346.71,63.67,97.61,1,1,0.84956
84,16,954.89,684.04,45.69,98.58,1,1,0.82693
84,21,1211.48,465.78,51.93,94.21,1,1,0.78271
84,9,1311.08,347.62,50.52,58.5,1,1,0.71966
84,18,1251.77,442.44,47.3,95.57,1,1,0.78647
84,19,1267.29,378.2,60.71,84.34,1,1,0.65211
85,0,876.99,760.53,52.84,94.59,1,1,0.83884
85,1,841.08,387.77,54.34,89.13,1,1,0.82631
85,5,315.06,612.09,60.68,108.9,1,1,0.85115
85,6,1434.24,357.97,48.53,94.33,1,1,0.83182
85,7,568.32,792.83,61.38,101.31,1,1,0.86658
85,8,669.57,377.29,55.76,89.44,1,1,0.83177
85,11,1037.68,384.48,46.04,104.35,1,1,0.81078
85,12,1236.53,528.85,65.58,89.44,1,1,0.79012
85,13,1191.98,525.05,56.81,97.98,1,1,0.8208
85,14,1020.25,344.73,37.66,103.99,1,1,0.79654
85,15,1308.54,387.42,64.99,100.4,1,1,0.72743
85,10,1614.23,528.44,68.73,84.81,1,1,0.85424
85,3,648.01,626.31,70.17,84.44,1,1,0.84796
85,4,1231.51,346.38,66.71,99.21,1,1,0.85587
85,16,951.81,687.05,46.62,100.03,1,1,0.82485
85,21,1209.72,465.42,55.69,85.98,1,1,0.79176
85,9,1311.34,347.09,53.55,52.29,1,1,0.72251
85,18,1255.37,442.97,47.29,97.03,1,1,0.79043
85,19,1269.5,379.42,60.39,82.18,1,1,0.68766
86,0,873.69,764.38,55.19,96.56,1,1,0.83968
86,1,843.81,391.62,51.72,86.76,1,1,0.8115
86,5,315.2,612.1,60.69,107.15,1,1,0.84663
86,6,1436.33,353.56,46.8,97.8,1,1,0.81572
86,7,569.24,793.92,63.05,101.95,1,1,0.85809
86,8,673.85,380.73,53.7,90.62,1,1,0.82075
86,11,1036.91,381.71,48.14,106.39,1,1,0.80346
86,12,1246.34,530.91,62.58,88.77,1,1,0.80016
86,13,1202.92,532.66,54.55,94.73,1,1,0.8141
86,14,1029.06,342.22,37.51,96.2,1,1,0.76586
86,15,1315.36,383.18,64.99,103.33,1,1,0.72926
86,10,1619.48,530.91,70.18,92.0,1,1,0.85405
86,3,639.5,625.78,66.81,86.37,1,1,0.8168
86,4,1234.43,345.01,66.06,100.31,1,1,0.85098
86,16,949.79,689.4,47.4,97.92,1,1,0.82193
86,21,1208.02,465.95,59.47,81.6,1,1,0.78614
86,9,1314.26,346.04,54.57,51.04,1,1,0.71605
86,18,1260.29,442.24,47.35,97.14,1,1,0.78598
86,19,1274.01,380.51,59.68,83.81,1,1,0.66226
87,0,871.88,767.93,56.66,96.98,1,1,0.84587
87,1,849.55,395.54,47.3,90.25,1,1,0.83274
87,5,315.51,612.29,58.79,105.31,1,1,0.8439
87,6,1437.98,349.18,44.91,98.84,1,1,0.81306
87,7,569.32,795.05,64.51,101.88,1,1,0.84536
87,8,676.51,384.14,53.85,89.08,1,1,0.83022
87,11,1038.63,377.32,49.27,110.15,1,1,0.81488
87,12,1256.74,532.24,58.24,88.66,1,1,0.78354
87,13,1215.3,537.02,50.76,92.48,1,1,0.79551
87,14,1038.88,339.56,36.36,84.35,1,1,0.65966
87,15,1326.35,378.52,58.95,106.36,1,1,0.74362
87,10,1625.03,533.8,68.1,96.69,1,1,0.86067
87,3,631.45,624.84,65.78,90.08,1,1,0.81787
87,4,1238.26,343.7,64.14,100.04,1,1,0.84876
87,16,947.82,692.19,48.26,94.34,1,1,0.80551
87,21,1206.95,465.01,65.36,79.9,1,1,0.79062
87,9,1318.29,347.26,51.3,53.04,1,1,0.72533
87,18,1265.53,440.32,46.98,95.4,1,1,0.78355
87,19,1279.7,380.96,57.42,86.08,1,1,0.70788
88,0,869.53,771.13,57.05,94.52,1,1,0.84952
88,1,848.03,399.54,47.36,92.52,1,1,0.82851
88,5,314.55,612.85,55.45,103.94,1,1,0.83434
88,6,1439.77,344.74,41.39,99.36,1,1,0.80539
88,7,566.87,796.32,64.42,100.77,1,1,0.83471
88,8,676.69,388.41,54.37,85.39,1,1,0.83204
88,11,1038.01,376.15,48.12,110.73,1,1,0.7995
88,12,1268.04,534.3,53.88,90.65,1,1,0.77922
88,13,1225.4,540.48,46.24,91.72,1,1,0.76851
88,15,1331.4,378.18,57.04,105.78,1,1,0.69469
88,10,1628.68,537.42,64.79,97.3,1,1,0.84356
88,3,621.21,625.55,60.81,91.2,1,1,0.82731
88,4,1241.04,341.63,63.46,99.65,1,1,0.83767
88,16,944.08,696.18,49.66,89.13,1,1,0.80452
88,21,1206.64,464.47,68.42,79.06,1,1,0.77104
88,9,1320.67,348.93,46.96,51.74,1,1,0.70161
88,18,1268.99,439.44,46.44,95.07,1,1,0.75404
88,19,1283.99,381.32,54.13,89.0,1,1,0.67955
89,0,864.62,773.11,59.29,91.74,1,1,0.85817
89,1,845.32,402.85,47.83,93.64,1,1,0.84229
89,5,311.79,613.84,51.89,102.12,1,1,0.83864
89,6,1438.33,341.1,41.04,98.37,1,1,0.80943
89,7,563.41,797.93,67.52,99.44,1,1,0.84818
89,8,675.35,392.23,56.04,84.81,1,1,0.84042
89,11,1036.18,375.5,47.64,110.02,1,1,0.80365
89,12,1273.65,536.6,53.79,95.48,1,1,0.79499
89,13,1228.66,546.16,51.79,96.03,1,1,0.76174
89,10,1629.54,541.14,63.45,95.21,1,1,0.85757
89,3,610.51,626.71,59.93,89.71,1,1,0.83932
89,4,1241.59,340.37,64.97,98.86,1,1,0.84501
89,16,940.99,700.34,50.55,84.23,1,1,0.81389
89,21,1205.62,464.25,70.02,77.64,1,1,0.7582
89,18,1269.95,437.26,46.81,94.64,1,1,0.76623
89,19,1288.83,380.89,51.77,91.54,1,1,0.64232
90,0,859.39,776.05,62.24,88.11,1,1,0.84798
90,1,844.82,405.86,46.05,91.05,1,1,0.83335
90,5,308.61,615.02,51.12,99.76,1,1,0.83479
90,6,1438.0,337.66,40.46,97.56,1,1,0.81203
90,7,557.28,798.91,74.99,99.37,1,1,0.84489
90,8,676.32,394.98,57.87,88.72,1,1,0.84602
90,11,1036.0,374.33,43.45,108.09,1,1,0.80698
90,12,1279.88,538.54,52.26,95.6,1,1,0.80915
90,13,1232.99,549.62,54.89,96.08,1,1,0.79666
90,10,1629.5,543.89,63.51,93.02,1,1,0.85785
90,3,598.33,627.13,67.5,87.41,1,1,0.84017
90,4,1244.47,339.56,66.39,95.75,1,1,0.84293
90,16,936.09,703.33,53.33,83.58,1,1,0.82486
90,21,1205.83,464.24,71.98,80.11,1,1,0.76256
90,18,1271.98,434.21,47.46,96.29,1,1,0.78009
90,19,1295.27,377.02,48.22,90.96,1,1,0.67424
90,14,1056.52,331.1,44.37,100.06,1,1,0.7976
90,15,1336.68,376.02,51.41,104.96,1,1,0.6826
91,0,855.24,777.73,64.6,88.99,1,1,0.83867
91,1,844.15,408.99,48.4,88.42,1,1,0.84367
91,5,304.69,616.61,50.64,96.41,1,1,0.83647
91,6,1436.44,334.46,40.67,95.94,1,1,0.80813
91,7,549.4,799.61,80.87,101.0,1,1,0.83466
91,8,677.93,397.15,59.43,92.14,1,1,0.85272
91,11,1035.11,373.06,42.05,104.7,1,1,0.81082
91,12,1283.61,539.78,54.49,93.51,1,1,0.81199
91,13,1240.65,552.77,54.49,93.57,1,1,0.79645
91,10,1628.57,546.12,62.74,89.9,1,1,0.85157
91,3,585.64,629.36,72.0,81.02,1,1,0.83929
91,4,1247.0,339.41,67.55,90.69,1,1,0.83351
91,16,932.06,705.65,55.15,84.92,1,1,0.81858
91,21,1205.91,463.2,71.91,82.95,1,1,0.78724
91,18,1273.98,429.51,47.38,97.72,1,1,0.7921
91,19,1301.01,371.59,48.69,91.11,1,1,0.64666
91,14,1060.79,328.0,44.68,100.77,1,1,0.81565
91,15,1340.96,372.07,48.35,107.24,1,1,0.73031
92,0,852.17,779.18,66.48,89.65,1,1,0.84416
92,1,843.38,411.13,50.22,87.68,1,1,0.82659
92,5,296.94,617.33,55.17,93.12,1,1,0.84043
92,6,1435.47,330.8,40.32,95.27,1,1,0.80416
92,7,546.21,799.86,78.31,103.88,1,1,0.81213
92,8,677.95,399.02,61.6,94.46,1,1,0.84391
92,11,1032.99,372.57,42.55,100.05,1,1,0.80563
92,12,1289.77,540.81,55.32,84.09,1,1,0.78726
92,13,1250.41,552.54,53.1,94.46,1,1,0.78669
92,10,1627.62,547.58,61.24,88.45,1,1,0.85363
92,3,571.0,628.84,62.37,77.66,1,1,0.81919
92,4,1247.84,338.43,69.22,88.04,1,1,0.83242
92,16,929.74,707.22,55.72,78.44,1,1,0.78888
92,21,1205.43,461.0,72.96,86.54,1,1,0.77976
92,18,1275.24,424.99,48.05,99.49,1,1,0.78487
92,19,1305.56,364.62,47.43,92.84,1,1,0.66867
92,14,1063.23,326.29,46.72,99.51,1,1,0.81219
92,15,1340.8,368.81,49.5,107.82,1,1,0.73949
93,0,855.28,780.03,64.13,96.35,1,1,0.85006
93,1,842.72,411.52,51.75,89.76,1,1,0.81716
93,5,288.84,617.33,63.5,87.85,1,1,0.84153
93,6,1435.82,326.83,39.8,95.66,1,1,0.80594
93,7,543.46,800.11,75.12,104.45,1,1,0.81781
93,8,678.0,401.23,61.86,94.46,1,1,0.81514
93,11,1030.75,369.61,44.75,99.69,1,1,0.82049
93,12,1297.37,541.12,53.61,84.52,1,1,0.781
93,13,1262.59,554.11,48.71,95.87,1,1,0.79458
93,10,1628.09,549.23,60.92,88.57,1,1,0.84997
93,3,561.47,627.56,58.07,80.82,1,1,0.83339
93,4,1252.19,337.47,70.52,87.06,1,1,0.83909
93,16,930.23,708.55,52.43,75.61,1,1,0.78486
93,21,1206.08,457.91,74.55,87.51,1,1,0.79647
93,18,1278.0,421.15,48.74,100.91,1,1,0.78923
93,19,1312.83,363.07,46.9,91.82,1,1,0.66586
93,14,1067.03,324.19,47.65,96.33,1,1,0.83144
93,15,1340.16,366.04,51.57,107.33,1,1,0.76496
94,0,860.01,781.78,59.67,96.9,1,1,0.83826
94,1,842.09,412.19,53.94,89.04,1,1,0.83042
94,5,283.26,617.16,72.98,87.21,1,1,0.84086
94,6,1437.38,322.78,38.54,95.13,1,1,0.80436
94,7,545.35,800.21,67.82,102.0,1,1,0.82289
94,8,674.82,403.42,56.04,94.16,1,1,0.79762
94,11,1028.45,365.29,47.27,100.66,1,1,0.80187
94,12,1304.44,540.77,53.63,88.18,1,1,0.75781
94,13,1271.81,554.16,47.02,96.81,1,1,0.78056
94,10,1627.03,551.05,58.96,93.51,1,1,0.84461
94,3,551.74,627.73,51.89,81.8,1,1,0.81026
94,4,1258.03,335.74,69.99,85.98,1,1,0.83146
94,16,926.73,709.67,53.5,85.99,1,1,0.82441
94,21,1207.67,454.66,75.04,86.04,1,1,0.79297
94,18,1280.44,415.77,49.51,103.21,1,1,0.76332
94,14,1071.81,321.64,48.72,92.29,1,1,0.83139
94,15,1340.83,363.29,51.77,107.41,1,1,0.73424
95,0,863.77,783.13,55.71,96.2,1,1,0.84821
95,1,841.52,413.04,53.16,90.35,1,1,0.82885
95,5,278.41,615.07,81.22,88.27,1,1,0.8385
95,6,1438.41,318.26,38.51,93.93,1,1,0.8234
95,7,546.73,799.24,63.36,98.79,1,1,0.83446
95,8,670.84,405.39,57.8,94.3,1,1,0.79071
95,11,1024.34,360.42,51.3,102.28,1,1,0.82162
95,12,1308.47,539.64,54.5,90.82,1,1,0.7669
95,13,1277.24,554.01,46.68,98.03,1,1,0.78268
95,10,1627.57,552.73,56.5,94.46,1,1,0.84922
95,3,541.33,628.27,49.37,79.22,1,1,0.82674
95,4,1265.85,334.76,66.07,83.82,1,1,0.81506
95,16,927.4,710.69,52.22,87.51,1,1,0.84422
95,21,1210.0,451.54,73.92,85.53,1,1,0.813
95,18,1283.24,409.78,49.14,105.12,1,1,0.76725
95,14,1078.58,318.67,50.04,86.61,1,1,0.82776
95,15,1344.93,357.09,51.21,110.88,1,1,0.7662
96,0,865.62,785.07,53.55,92.97,1,1,0.83922
96,1,839.53,414.54,50.69,91.08,1,1,0.82116
96,5,273.9,613.59,82.73,88.31,1,1,0.81896
96,6,1438.64,314.21,38.11,92.19,1,1,0.81331
96,7,544.07,796.91,61.67,96.73,1,1,0.82402
96,8,666.2,406.96,56.97,92.69,1,1,0.74665
96,11,1022.27,356.29,52.46,102.25,1,1,0.80477
96,12,1312.83,538.66,55.39,92.5,1,1,0.77772
96,13,1281.48,557.96,49.81,93.26,1,1,0.75158
96,10,1626.09,554.22,55.36,93.88,1,1,0.83469
96,3,529.15,628.74,56.06,76.6,1,1,0.8341
96,4,1272.99,332.48,60.23,83.62,1,1,0.80911
96,16,927.57,712.09,50.54,85.65,1,1,0.82459
96,21,1211.87,447.98,72.04,87.09,1,1,0.78559
96,18,1285.25,404.42,49.51,108.23,1,1,0.73678
96,14,1083.29,316.46,53.17,82.16,1,1,0.78844
96,15,1349.63,350.65,48.69,114.0,1,1,0.76027
97,0,865.81,787.5,52.52,91.54,1,1,0.85131
97,1,834.14,416.35,49.11,89.96,1,1,0.82833
97,5,273.35,613.41,76.76,88.29,1,1,0.82367
97,6,1437.32,311.03,40.07,92.04,1,1,0.8141
97,7,539.95,794.96,65.27,97.29,1,1,0.83811
97,8,662.46,408.99,56.11,91.65,1,1,0.77381
97,11,1018.82,352.4,54.94,102.58,1,1,0.82955
97,12,1317.72,537.97,54.21,96.61,1,1,0.76849
97,13,1284.12,559.78,59.44,93.12,1,1,0.78351
97,10,1625.61,555.17,53.49,91.54,1,1,0.83222
97,3,517.02,629.48,62.0,74.09,1,1,0.84568
97,4,1274.38,329.72,61.18,87.11,1,1,0.82851
97,16,927.56,713.15,47.1,83.93,1,1,0.82623
97,21,1214.43,445.8,67.64,87.16,1,1,0.81581
97,18,1284.66,402.04,49.37,108.67,1,1,0.75306
97,14,1086.54,314.24,57.34,80.64,1,1,0.80434
97,15,1350.49,346.79,48.66,114.06,1,1,0.73372
97,17,1324.06,338.14,41.75,85.94,1,1,0.70166
98,0,863.58,788.34,52.15,93.64,1,1,0.85887
98,1,829.07,418.52,48.71,86.66,1,1,0.82993
98,5,275.91,613.43,65.02,87.02,1,1,0.81614
98,6,1435.23,307.81,40.05,90.62,1,1,0.83907
98,7,533.58,794.16,68.14,97.19,1,1,0.85104
98,8,659.89,412.43,53.49,88.74,1,1,0.81117
98,11,1015.51,349.85,54.5,100.08,1,1,0.84131
98,12,1321.19,537.61,52.09,93.1,1,1,0.70282
98,13,1288.82,560.35,64.49,94.33,1,1,0.7616
98,10,1622.65,555.6,52.06,90.0,1,1,0.83997
98,3,498.78,630.23,72.96,73.94,1,1,0.84662
98,4,1276.02,327.56,61.24,85.76,1,1,0.84579
98,16,926.71,712.87,45.34,88.17,1,1,0.84547
98,21,1215.74,444.13,63.32,85.79,1,1,0.82973
98,18,1284.64,400.19,48.88,101.5,1,1,0.75697
98,14,1091.11,311.81,56.82,79.16,1,1,0.84212
98,15,1355.2,342.95,44.34,105.36,1,1,0.75203
99,0,863.3,788.33,51.59,96.52,1,1,0.84727
99,1,824.76,419.63,49.87,83.73,1,1,0.83569
99,5,273.55,612.29,57.14,85.95,1,1,0.83776
99,6,1435.01,304.09,40.0,89.19,1,1,0.8376
99,7,529.77,791.92,67.74,99.18,1,1,0.85015
99,8,656.79,414.87,54.57,85.74,1,1,0.83345
99,11,1014.4,346.97,51.71,97.58,1,1,0.83343
99,12,1327.78,536.71,48.7,86.94,1,1,0.76905
99,13,1302.55,561.47,58.17,92.88,1,1,0.75231
99,10,1621.11,554.4,51.98,93.85,1,1,0.82091
99,3,483.01,627.79,64.23,77.87,1,1,0.84161
99,4,1277.36,324.99,62.38,84.27,1,1,0.85429
99,16,926.57,712.1,45.3,93.1,1,1,0.83818
99,21,1217.56,442.16,59.09,84.49,1,1,0.82854
99,18,1284.57,398.77,52.15,94.72,1,1,0.75037
99,14,1095.03,309.26,55.93,76.63,1,1,0.84999
99,15,1357.32,338.86,44.1,98.43,1,1,0.76618
99,22,1268.19,469.77,44.6,65.52,1,1,0.72067
100,0,863.42,788.13,51.39,99.9,1,1,0.84418
100,1,822.95,420.18,50.12,81.27,1,1,0.83542
100,5,270.94,610.51,53.24,86.22,1,1,0.84857
100,6,1433.92,299.68,40.11,89.6,1,1,0.81096
100,7,525.52,789.66,61.51,100.55,1,1,0.82682
100,8,652.47,415.68,58.24,83.43,1,1,0.83751
100,11,1015.56,343.64,47.87,95.01,1,1,0.81475
100,12,1331.24,535.99,52.77,84.48,1,1,0.7787
100,13,1314.69,561.72,50.74,90.11,1,1,0.79015
100,10,1618.78,553.45,51.79,98.41,1,1,0.82723
100,3,477.51,625.81,53.94,77.65,1,1,0.83492
100,4,1279.25,322.54,62.85,84.11,1,1,0.85356
100,16,924.61,712.04,46.46,96.0,1,1,0.84422
100,21,1217.85,440.23,56.81,82.25,1,1,0.81001
100,18,1286.15,397.64,53.35,85.13,1,1,0.73978
100,14,1097.88,305.7,54.75,76.89,1,1,0.83206
100,15,1360.24,334.24,43.34,96.32,1,1,0.79409
100,22,1268.69,466.28,43.69,64.25,1,1,0.77375
101,0,862.57,789.07,52.29,100.48,1,1,0.84839
101,1,820.62,420.06,50.86,82.76,1,1,0.84338
101,5,267.72,609.92,54.99,88.14,1,1,0.85867
101,6,1434.03,295.78,38.53,87.9,1,1,0.81932
101,7,522.29,789.03,56.66,99.66,1,1,0.84264
101,8,647.74,416.81,62.77,82.33,1,1,0.85359
101,11,1016.11,340.8,44.38,92.79,1,1,0.81885
101,12,1335.8,536.55,53.44,85.91,1,1,0.77416
101,13,1322.85,559.63,46.99,91.08,1,1,0.77873
101,10,1617.39,552.83,51.69,105.64,1,1,0.83883
101,3,470.51,624.99,45.78,75.9,1,1,0.83182
101,4,1281.78,321.0,64.01,83.45,1,1,0.85951
101,16,921.9,711.9,48.01,98.11,1,1,0.84622
101,21,1217.46,440.3,54.98,80.68,1,1,0.81972
101,18,1287.17,399.29,56.63,73.84,1,1,0.73012
101,14,1100.66,302.53,53.65,78.65,1,1,0.83533
101,15,1361.91,330.1,46.39,97.27,1,1,0.78934
101,22,1266.98,465.98,46.01,61.68,1,1,0.73548
102,0,860.58,791.55,53.15,97.57,1,1,0.84057
102,1,818.01,421.11,51.44,83.55,1,1,0.8393
102,5,264.1,610.28,56.91,87.13,1,1,0.84839
102,6,1433.27,292.49,35.9,86.01,1,1,0.80797
102,7,518.74,789.62,53.95,98.44,1,1,0.82956
102,8,647.36,416.27,62.13,82.13,1,1,0.8301
102,11,1015.15,338.09,42.89,90.74,1,1,0.80138
102,12,1339.81,538.01,51.61,86.33,1,1,0.77252
102,13,1327.38,571.82,43.69,77.57,1,1,0.66386
102,10,1614.3,553.6,53.03,107.91,1,1,0.81718
102,3,458.67,623.09,43.69,75.52,1,1,0.81762
102,4,1284.3,320.12,64.33,82.86,1,1,0.84115
102,16,919.35,712.27,50.64,97.95,1,1,0.83425
102,21,1215.74,439.48,54.82,79.66,1,1,0.79261
102,18,1286.83,402.13,61.06,78.86,1,1,0.68294
102,14,1103.08,300.25,51.44,79.33,1,1,0.80967
102,15,1363.28,328.5,47.77,101.9,1,1,0.73922
102,22,1266.68,468.28,48.38,56.53,1,1,0.66128
102,19,1332.08,339.19,48.25,100.68,1,1,0.65674
103,0,858.2,795.56,53.89,93.05,1,1,0.84692
103,1,816.3,422.74,51.84,86.47,1,1,0.83898
103,5,259.36,611.95,59.48,86.59,1,1,0.8441
103,6,1433.0,289.98,34.38,84.78,1,1,0.80526
103,7,512.8,791.52,59.68,96.18,1,1,0.83412
103,8,647.38,417.03,60.01,81.18,1,1,0.83334
103,11,1014.04,336.79,42.32,88.99,1,1,0.80996
103,12,1344.45,538.93,48.31,84.97,1,1,0.74673
103,13,1333.88,567.65,49.33,87.28,1,1,0.75811
103,10,1611.57,555.41,53.41,107.47,1,1,0.82206
103,3,446.58,623.91,53.05,74.4,1,1,0.84551
103,4,1287.21,319.51,65.02,82.04,1,1,0.83598
103,16,915.9,714.84,51.68,95.57,1,1,0.83314
103,21,1214.51,438.64,54.84,79.13,1,1,0.79842
103,18,1289.55,405.37,64.96,71.08,1,1,0.77149
103,14,1103.79,298.47,50.64,80.15,1,1,0.81767
103,15,1366.34,328.4,47.46,100.97,1,1,0.78632
103,22,1268.26,466.9,50.98,56.17,1,1,0.7684
103,19,1334.79,341.15,48.75,96.63,1,1,0.72866
104,0,856.32,799.39,55.4,89.91,1,1,0.84366
104,1,817.32,425.76,50.67,89.62,1,1,0.82119
104,5,254.66,611.79,56.89,86.82,1,1,0.84398
104,6,1432.31,288.42,34.2,84.55,1,1,0.80513
104,7,504.72,792.35,69.27,97.25,1,1,0.84183
104,8,647.97,418.22,55.17,80.4,1,1,0.82403
104,11,1011.83,336.58,43.54,85.52,1,1,0.80768
104,12,1349.13,540.7,47.61,85.85,1,1,0.73901
104,13,1341.97,564.04,50.67,98.03,1,1,0.67636
104,10,1608.8,558.95,55.09,103.29,1,1,0.82846
104,3,432.36,624.27,56.44,75.85,1,1,0.82887
104,4,1288.06,319.3,67.94,81.76,1,1,0.81302
104,16,912.51,718.74,53.46,91.86,1,1,0.83147
104,21,1214.72,437.6,54.41,78.73,1,1,0.79173
104,18,1291.76,410.54,66.29,65.1,1,1,0.7669
104,14,1105.48,297.27,49.74,80.78,1,1,0.811
104,15,1369.4,326.91,47.86,100.41,1,1,0.7942
104,22,1268.98,465.36,51.56,56.48,1,1,0.75661
104,19,1337.59,340.18,47.76,97.02,1,1,0.71943
105,0,855.09,802.06,56.67,93.31,1,1,0.85621
105,1,819.57,428.53,50.31,89.51,1,1,0.82515
105,5,249.73,611.89,52.23,85.01,1,1,0.83907
105,6,1432.49,286.22,34.12,84.26,1,1,0.81619
105,7,501.07,792.78,71.58,97.56,1,1,0.83551
105,8,649.53,419.24,50.5,80.28,1,1,0.81874
105,11,1009.52,335.99,45.94,81.51,1,1,0.81933
105,12,1351.07,541.72,48.32,85.64,1,1,0.7501
105,13,1350.25,568.02,54.44,95.82,1,1,0.74063
105,10,1605.98,560.87,58.53,100.85,1,1,0.8421
105,3,421.24,624.28,53.83,77.17,1,1,0.81593
105,4,1290.07,318.61,71.63,80.53,1,1,0.79324
105,16,911.9,721.47,54.9,89.55,1,1,0.84314
105,21,1216.87,435.48,52.33,79.08,1,1,0.81231
105,18,1294.25,413.72,65.39,61.23,1,1,0.78836
105,14,1107.72,295.45,49.07,81.0,1,1,0.83154
105,15,1372.1,322.97,50.27,100.6,1,1,0.79744
105,22,1269.57,461.4,57.14,57.62,1,1,0.77019
105,19,1340.62,339.59,49.74,98.68,1,1,0.7614
106,0,859.97,803.63,55.63,97.83,1,1,0.86091
106,1,823.78,430.9,48.5,86.82,1,1,0.82681
106,5,246.75,612.81,52.66,82.11,1,1,0.84545
106,6,1434.1,284.02,34.14,83.06,1,1,0.82881
106,7,497.83,792.46,71.85,99.78,1,1,0.83986
106,8,654.59,420.16,48.15,81.95,1,1,0.81466
106,11,1008.73,335.24,49.54,77.97,1,1,0.82123
106,12,1356.6,541.93,50.99,83.99,1,1,0.70482
106,13,1361.34,567.05,52.75,98.72,1,1,0.76254
106,10,1603.82,561.75,64.49,103.62,1,1,0.84259
106,3,414.95,623.73,50.84,79.28,1,1,0.8225
106,4,1298.47,317.19,69.0,77.89,1,1,0.77927
106,16,915.16,722.04,55.26,92.78,1,1,0.85181
106,21,1222.36,433.46,50.34,79.48,1,1,0.81237
106,18,1296.72,414.73,64.44,60.07,1,1,0.78149
106,14,1111.03,292.11,47.24,80.81,1,1,0.83468
106,15,1377.3,320.3,52.25,100.01,1,1,0.81898
106,22,1271.94,459.03,61.98,56.96,1,1,0.77604
106,19,1346.48,338.04,49.47,101.73,1,1,0.70545
107,0,867.22,802.1,52.29,104.55,1,1,0.85805
107,1,829.57,433.33,47.47,84.52,1,1,0.83164
107,5,244.37,614.11,56.43,79.74,1,1,0.85072
107,6,1437.0,281.75,34.41,81.98,1,1,0.83201
107,7,492.39,792.66,72.59,100.84,1,1,0.84738
107,8,659.65,421.42,49.57,78.5,1,1,0.82118
107,11,1009.71,334.43,53.01,77.02,1,1,0.83916
107,12,1363.11,544.36,52.21,85.62,1,1,0.77565
107,13,1371.46,564.23,51.4,103.1,1,1,0.76423
107,10,1605.49,563.02,66.43,106.99,1,1,0.85163
107,3,410.22,624.96,50.97,78.29,1,1,0.84635
107,4,1306.23,316.22,67.98,74.08,1,1,0.77861
107,16,918.34,723.28,56.23,98.91,1,1,0.85998
107,21,1227.89,431.24,47.75,80.34,1,1,0.83375
107,18,1301.45,415.0,62.78,59.14,1,1,0.80552
107,14,1114.39,289.56,45.52,80.1,1,1,0.83899
107,15,1383.32,319.68,53.22,99.32,1,1,0.82468
107,22,1276.33,456.33,67.27,58.49,1,1,0.76738
107,19,1351.98,339.52,50.08,101.22,1,1,0.80052
108,0,870.75,805.17,50.29,103.15,1,1,0.8437
108,1,833.19,436.1,47.73,81.49,1,1,0.8217
108,5,239.61,614.72,65.02,80.01,1,1,0.84904
108,6,1438.53,280.03,34.94,81.4,1,1,0.82608
108,7,491.24,794.35,66.11,95.83,1,1,0.82266
108,8,662.98,422.4,51.19,82.2,1,1,0.81943
108,11,1009.35,333.52,56.38,76.73,1,1,0.8297
108,12,1367.58,547.63,54.79,86.74,1,1,0.78079
108,13,1380.01,565.64,50.89,100.45,1,1,0.7105
108,10,1608.88,561.11,65.78,111.67,1,1,0.81482
108,3,401.77,626.99,52.49,75.27,1,1,0.84778
108,4,1313.27,315.22,66.37,72.96,1,1,0.74715
108,16,922.25,725.2,55.37,101.38,1,1,0.8431
108,21,1231.03,429.3,46.29,81.78,1,1,0.82722
108,18,1305.49,413.26,61.18,59.95,1,1,0.79106
108,14,1116.06,287.07,43.92,78.32,1,1,0.83351
108,15,1388.25,319.6,52.14,98.98,1,1,0.8051
108,22,1278.67,453.33,71.44,59.27,1,1,0.77488
108,19,1357.14,337.71,49.11,102.25,1,1,0.75358
109,0,872.95,809.02,49.7,99.55,1,1,0.84767
109,1,835.91,438.18,47.62,83.28,1,1,0.82393
109,5,234.42,614.54,73.3,81.24,1,1,0.85817
109,6,1438.9,278.45,35.86,80.65,1,1,0.82435
109,7,487.16,795.17,68.13,92.0,1,1,0.82437
109,8,664.25,423.25,49.65,83.85,1,1,0.82327
109,11,1011.39,332.14,56.71,76.96,1,1,0.8313
109,12,1370.6,549.51,56.24,87.19,1,1,0.75674
109,13,1388.55,569.98,53.01,98.01,1,1,0.75605
109,10,1609.33,565.85,69.22,107.91,1,1,0.83449
109,3,392.53,627.82,53.9,75.06,1,1,0.84278
109,4,1314.68,315.16,68.09,72.46,1,1,0.78554
109,16,927.26,727.29,53.34,101.89,1,1,0.83682
109,21,1232.14,428.51,45.9,81.62,1,1,0.83253
109,18,1308.48,410.35,59.66,62.15,1,1,0.79991
109,14,1115.61,285.25,44.99,75.58,1,1,0.82899
109,15,1393.75,317.73,47.85,100.44,1,1,0.81301
109,22,1282.59,449.34,73.07,60.33,1,1,0.7638
109,19,1361.66,335.98,47.82,103.28,1,1,0.78173
110,0,874.76,812.44,50.23,94.92,1,1,0.83501
110,1,838.56,439.66,47.0,84.94,1,1,0.81157
110,5,231.45,613.92,72.07,82.76,1,1,0.84654
110,6,1439.59,276.77,35.39,78.58,1,1,0.80967
110,7,481.98,793.49,74.66,91.88,1,1,0.83894
110,8,665.17,423.83,47.51,83.82,1,1,0.81423
110,11,1012.88,331.28,57.19,75.89,1,1,0.82839
110,12,1373.76,550.28,56.03,83.19,1,1,0.74889
110,13,1395.89,570.7,56.46,94.52,1,1,0.72169
110,10,1614.96,566.77,65.9,106.81,1,1,0.81996
110,3,382.0,629.26,59.9,75.06,1,1,0.84353
110,4,1317.34,312.83,72.1,72.33,1,1,0.70747
110,16,930.33,729.5,52.06,98.73,1,1,0.8375
110,21,1232.82,427.97,45.19,80.51,1,1,0.82754
110,18,1311.04,406.31,59.01,64.38,1,1,0.78672
110,14,1115.46,283.84,45.85,71.57,1,1,0.81904
110,15,1397.78,315.06,46.2,100.85,1,1,0.79672
110,22,1286.02,445.3,74.07,62.23,1,1,0.78893
110,19,1365.51,335.65,45.38,101.17,1,1,0.76108
111,0,876.6,814.17,51.32,92.71,1,1,0.82969
111,1,839.79,440.5,45.64,87.42,1,1,0.80781
111,5,228.71,613.9,65.24,82.34,1,1,0.84717
111,6,1439.35,274.82,35.55,76.78,1,1,0.81647
111,7,476.62,789.52,80.85,94.71,1,1,0.84643
111,8,663.51,424.54,45.37,82.76,1,1,0.82466
111,11,1013.07,328.31,57.19,76.47,1,1,0.83339
111,12,1378.81,550.95,58.44,88.5,1,1,0.7151
111,13,1397.45,571.75,65.64,97.01,1,1,0.76498
111,10,1618.26,567.21,63.81,105.17,1,1,0.83664
111,3,371.59,628.5,64.21,77.03,1,1,0.832
111,4,1321.86,310.51,72.44,69.28,1,1,0.73494
111,16,932.08,731.31,50.88,94.47,1,1,0.83641
111,21,1232.62,426.57,44.36,80.1,1,1,0.83146
111,18,1310.82,401.92,61.49,65.93,1,1,0.7799
111,14,1113.84,281.47,47.88,70.18,1,1,0.82561
111,15,1400.45,311.44,45.29,101.13,1,1,0.80122
111,22,1288.89,441.95,74.92,62.7,1,1,0.77009
111,19,1369.01,332.15,42.46,100.05,1,1,0.7489
112,0,879.48,815.06,53.48,93.29,1,1,0.8212
112,1,842.59,440.87,44.66,91.5,1,1,0.79928
112,5,229.14,613.79,57.46,79.45,1,1,0.84004
112,6,1442.19,271.83,35.26,76.27,1,1,0.79751
112,7,475.26,789.16,78.56,94.32,1,1,0.81525
112,8,664.67,424.99,45.41,79.77,1,1,0.81273
112,11,1015.82,325.3,56.18,75.22,1,1,0.81794
112,12,1388.43,551.05,60.16,90.06,1,1,0.74381
112,13,1413.26,579.17,65.93,92.82,1,1,0.75402
112,10,1619.72,565.7,65.0,106.42,1,1,0.82376
112,3,366.16,626.66,56.75,77.82,1,1,0.80707
112,4,1325.4,308.55,75.19,66.84,1,1,0.68583
112,16,936.27,732.31,50.29,92.68,1,1,0.8203
112,21,1235.42,425.61,43.08,77.93,1,1,0.81643
112,18,1313.17,397.24,65.41,67.15,1,1,0.73959
112,14,1113.06,279.57,51.93,68.41,1,1,0.81604
112,15,1403.51,306.66,46.72,102.62,1,1,0.78252
112,22,1293.88,440.01,75.36,62.18,1,1,0.65506
112,19,1374.35,327.83,42.07,99.31,1,1,0.69507
113,0,887.39,815.5,52.07,96.53,1,1,0.82583
113,1,848.63,441.96,42.89,95.72,1,1,0.81434
113,5,230.92,613.58,55.53,76.97,1,1,0.84382
113,6,1447.75,268.36,35.24,77.59,1,1,0.80034
113,7,476.82,786.8,74.69,96.31,1,1,0.82841
113,8,668.08,426.25,47.58,76.69,1,1,0.83195
113,11,1019.83,322.72,57.33,75.08,1,1,0.84526
113,12,1399.39,550.99,59.44,90.6,1,1,0.78977
113,13,1433.48,578.68,56.33,96.3,1,1,0.79111
113,10,1620.88,564.89,68.69,105.86,1,1,0.82382
113,3,367.28,625.98,49.47,78.44,1,1,0.80738
113,4,1330.59,307.31,75.82,66.04,1,1,0.68064
113,16,943.62,733.67,49.41,95.53,1,1,0.82837
113,21,1241.78,423.28,42.75,78.53,1,1,0.82344
113,18,1321.3,392.77,66.24,67.08,1,1,0.76913
113,14,1114.84,277.83,57.09,67.31,1,1,0.82632
113,15,1410.37,301.91,46.93,103.81,1,1,0.79395
113,22,1301.88,440.0,75.8,59.25,1,1,0.68955
113,19,1382.53,323.76,43.17,98.01,1,1,0.70464
114,0,893.08,815.02,51.54,99.52,1,1,0.81928
114,1,852.16,442.39,41.27,94.77,1,1,0.7976
114,5,230.38,611.7,55.8,78.34,1,1,0.83385
114,6,1452.35,263.29,35.05,77.76,1,1,0.79449
114,7,475.45,784.29,68.36,95.64,1,1,0.81694
114,8,670.59,425.68,47.7,77.33,1,1,0.81595
114,11,1020.44,318.96,55.22,75.77,1,1,0.82782
114,12,1407.28,550.37,57.24,87.35,1,1,0.79636
114,13,1445.99,577.26,50.22,96.01,1,1,0.7661
114,10,1623.94,569.16,66.8,96.99,1,1,0.78711
114,3,364.66,624.25,43.7,77.45,1,1,0.80266
114,4,1334.14,303.54,74.98,67.68,1,1,0.77169
114,16,950.09,733.42,47.61,99.29,1,1,0.82088
114,21,1244.91,420.05,43.06,79.83,1,1,0.82003
114,18,1323.88,388.13,69.63,64.53,1,1,0.79193
114,14,1116.57,275.94,61.15,66.49,1,1,0.81367
114,15,1415.47,297.8,48.23,103.29,1,1,0.78406
114,22,1308.11,437.03,76.51,58.48,1,1,0.77047
114,19,1389.1,320.98,43.6,99.27,1,1,0.74623
115,0,895.67,816.25,50.45,99.42,1,1,0.83746
115,1,853.73,442.86,40.21,93.59,1,1,0.81393
115,5,228.56,611.84,56.78,80.18,1,1,0.84725
115,6,1454.57,259.78,35.46,78.29,1,1,0.81562
115,7,468.45,782.64,67.82,93.68,1,1,0.84403
115,8,671.99,426.3,47.12,79.67,1,1,0.8257
115,11,1017.34,315.95,52.08,75.31,1,1,0.83992
115,12,1412.74,550.22,54.28,86.37,1,1,0.82228
115,13,1452.89,577.51,51.15,94.94,1,1,0.83315
115,10,1621.07,572.91,69.49,92.61,1,1,0.78399
115,3,358.0,622.04,46.33,77.54,1,1,0.84287
115,4,1336.84,302.26,71.4,66.99,1,1,0.7629
115,16,954.67,733.74,46.23,102.73,1,1,0.83403
115,21,1245.04,417.38,44.4,83.75,1,1,0.8272
115,18,1325.94,385.17,70.87,62.28,1,1,0.8151
115,14,1117.76,274.47,62.95,66.37,1,1,0.8282
115,15,1419.9,295.49,47.96,101.78,1,1,0.79856
115,22,1312.07,432.23,78.97,59.24,1,1,0.78563
115,19,1392.21,320.72,43.73,96.56,1,1,0.79328
116,0,898.91,817.08,50.07,94.93,1,1,0.82565
116,1,856.85,442.48,39.03,89.43,1,1,0.80326
116,5,226.84,611.33,60.08,82.53,1,1,0.84901
116,6,1456.62,256.29,35.41,76.77,1,1,0.79739
116,7,462.16,780.84,70.93,90.1,1,1,0.83441
116,8,674.32,426.47,47.18,81.09,1,1,0.8189
116,11,1016.62,311.32,47.44,74.28,1,1,0.82417
116,12,1416.97,549.18,49.95,81.05,1,1,0.80774
116,13,1462.73,577.45,51.58,90.48,1,1,0.78987
116,10,1623.5,572.44,68.0,94.64,1,1,0.83059
116,3,351.54,621.22,54.44,74.55,1,1,0.84777
116,4,1341.29,297.52,71.48,67.3,1,1,0.74296
116,16,959.12,734.04,45.08,102.23,1,1,0.8193
116,21,1245.91,415.25,44.99,87.09,1,1,0.82112
116,18,1328.4,381.81,72.12,60.09,1,1,0.8083
116,14,1120.11,271.17,64.03,67.15,1,1,0.81447
116,15,1424.1,291.62,47.49,100.97,1,1,0.79032
116,22,1317.03,425.22,81.54,62.87,1,1,0.79424
116,19,1395.89,316.81,44.53,95.79,1,1,0.77417
117,0,902.47,817.96,49.52,90.46,1,1,0.83614
117,1,859.04,441.12,39.69,87.92,1,1,0.81412
117,5,225.57,609.62,59.09,83.6,1,1,0.84323
117,6,1459.39,252.53,35.44,77.47,1,1,0.80574
117,7,457.47,779.05,77.95,91.11,1,1,0.84779
117,8,676.19,426.54,47.77,82.12,1,1,0.82538
117,11,1015.54,307.12,46.09,73.67,1,1,0.83319
117,12,1419.35,548.32,51.93,86.11,1,1,0.81288
117,13,1468.44,577.36,57.09,93.02,1,1,0.82108
117,10,1628.11,571.4,63.63,99.91,1,1,0.84467
117,3,344.21,619.99,56.13,75.28,1,1,0.82153
117,4,1346.61,293.33,71.04,64.73,1,1,0.79294
117,16,964.12,734.39,44.38,99.96,1,1,0.83084
117,21,1246.66,413.29,44.95,89.65,1,1,0.82587
117,18,1330.47,378.98,74.39,58.84,1,1,0.82018
117,14,1122.31,267.61,65.57,67.93,1,1,0.82887
117,15,1427.28,288.59,48.78,99.85,1,1,0.79246
117,22,1321.74,421.46,82.55,63.41,1,1,0.80147
117,19,1400.57,314.03,46.28,93.4,1,1,0.77774
118,0,903.1,819.58,49.49,90.4,1,1,0.81475
118,1,860.85,441.1,39.62,85.26,1,1,0.80064
118,5,223.45,609.42,54.13,81.63,1,1,0.82683
118,6,1461.82,249.42,33.66,78.82,1,1,0.77667
118,7,453.92,778.3,77.76,90.98,1,1,0.81385
118,8,677.96,427.46,47.52,81.73,1,1,0.8123
118,11,1013.83,303.9,47.92,73.87,1,1,0.82094
118,12,1420.41,549.2,53.01,87.49,1,1,0.78836
118,13,1479.68,578.89,56.89,94.62,1,1,0.76025
118,10,1629.19,572.03,57.29,102.17,1,1,0.80631
118,3,336.75,619.95,56.32,76.83,1,1,0.82554
118,4,1350.68,290.54,71.87,60.57,1,1,0.70258
118,16,967.08,736.5,44.99,95.66,1,1,0.821
118,21,1246.6,413.12,44.13,89.28,1,1,0.80661
118,18,1333.22,378.25,75.03,58.25,1,1,0.79174
118,14,1123.36,265.23,66.14,67.79,1,1,0.81521
118,15,1428.49,287.07,50.0,95.47,1,1,0.7842
118,22,1324.63,418.7,82.13,63.81,1,1,0.76707
118,19,1404.28,311.26,44.29,92.49,1,1,0.7119
119,0,904.23,821.07,50.5,96.05,1,1,0.83465
119,1,861.88,440.91,40.47,87.92,1,1,0.81462
119,5,220.41,609.14,49.34,79.69,1,1,0.82944
119,6,1463.77,246.09,32.75,80.27,1,1,0.79019
119,7,449.88,776.36,81.44,95.8,1,1,0.84984
119,8,682.12,428.93,45.94,79.32,1,1,0.82196
119,11,1011.37,301.06,51.47,74.4,1,1,0.84127
119,12,1423.94,550.46,53.81,90.26,1,1,0.81443
119,13,1487.82,580.24,63.14,95.96,1,1,0.8013
119,10,1630.0,572.94,54.17,104.32,1,1,0.82967
119,3,330.53,620.67,52.37,77.46,1,1,0.83745
119,4,1351.93,289.86,71.93,58.78,1,1,0.74365
119,16,967.91,738.57,47.26,91.44,1,1,0.8327
119,21,1246.98,413.09,44.13,87.75,1,1,0.81622
119,18,1333.79,377.65,79.78,57.83,1,1,0.83207
119,14,1123.41,263.34,67.09,67.56,1,1,0.83769
119,15,1430.27,285.74,51.44,93.96,1,1,0.80242
119,22,1326.44,416.71,81.36,62.83,1,1,0.80029
119,19,1406.47,309.42,42.88,92.2,1,1,0.74297
120,0,907.64,822.17,51.04,100.32,1,1,0.82645
120,1,863.69,440.37,41.13,93.34,1,1,0.81315
120,5,216.66,608.66,51.55,75.48,1,1,0.82835
120,6,1466.35,242.32,32.18,81.99,1,1,0.79057
120,7,447.61,774.04,76.03,98.7,1,1,0.84892
120,8,687.43,429.48,44.42,76.46,1,1,0.82105
120,11,1009.91,299.0,53.59,74.49,1,1,0.84046
120,12,1427.17,552.05,56.37,90.61,1,1,0.8209
120,13,1494.49,581.47,68.49,95.96,1,1,0.83211
120,10,1630.23,574.34,51.72,102.46,1,1,0.8319
120,3,326.39,621.4,47.72,75.97,1,1,0.84276
120,4,1353.11,288.86,71.68,58.46,1,1,0.75881
120,16,970.84,740.3,47.92,94.49,1,1,0.83999
120,21,1248.46,412.92,43.14,85.81,1,1,0.81205
120,18,1334.15,376.16,84.42,58.67,1,1,0.82755
120,14,1122.77,261.05,65.63,66.47,1,1,0.83267
120,15,1433.57,282.94,51.21,92.43,1,1,0.79366
120,22,1329.86,414.35,80.44,62.43,1,1,0.76949
120,19,1407.5,303.26,42.95,93.13,1,1,0.702
121,0,912.98,823.72,49.99,101.65,1,1,0.82993
121,1,866.01,441.4,41.42,97.34,1,1,0.81864
121,5,216.28,608.37,56.38,75.99,1,1,0.8394
121,6,1469.71,238.41,31.77,82.6,1,1,0.80178
121,7,442.94,772.03,71.88,97.57,1,1,0.851
121,8,692.33,429.76,44.55,74.27,1,1,0.83093
121,11,1008.44,297.63,55.0,73.9,1,1,0.84172
121,12,1431.19,554.01,57.61,89.63,1,1,0.82336
121,13,1509.15,583.05,63.87,96.29,1,1,0.84134
121,10,1629.9,575.26,49.84,98.51,1,1,0.84145
121,3,321.4,621.16,49.89,74.72,1,1,0.83211
121,4,1359.14,288.33,61.35,56.19,1,1,0.73313
121,16,973.66,741.77,49.46,97.92,1,1,0.84375
121,21,1250.45,412.28,42.49,83.57,1,1,0.81792
121,18,1339.18,374.48,84.01,58.1,1,1,0.81854
121,14,1122.66,258.68,62.19,66.0,1,1,0.83406
121,15,1438.23,281.24,52.94,90.5,1,1,0.7893
121,22,1332.33,410.77,81.53,63.86,1,1,0.79677
121,19,1410.41,304.0,40.98,89.01,1,1,0.66491
122,0,920.34,825.82,48.83,98.07,1,1,0.82781
122,1,870.62,443.69,41.53,98.15,1,1,0.81392
122,5,215.71,608.56,61.83,78.42,1,1,0.84036
122,6,1474.16,235.89,31.4,81.58,1,1,0.80766
122,7,439.2,771.12,64.86,92.88,1,1,0.84192
122,8,698.47,430.73,44.65,76.92,1,1,0.83446
122,11,1009.69,296.98,54.35,71.81,1,1,0.83294
122,12,1436.23,556.51,57.79,86.3,1,1,0.81104
122,13,1525.31,585.7,56.73,92.88,1,1,0.83796
122,10,1631.78,577.09,49.77,94.82,1,1,0.84247
122,3,317.36,621.16,51.61,73.36,1,1,0.81823
122,4,1363.39,286.97,54.84,56.0,1,1,0.67026
122,16,981.25,743.15,50.03,100.91,1,1,0.84911
122,21,1252.79,411.25,42.19,81.69,1,1,0.80697
122,18,1350.2,372.66,77.74,57.2,1,1,0.79991
122,14,1122.91,257.04,57.62,65.74,1,1,0.82804
122,15,1443.19,279.72,54.76,88.39,1,1,0.78347
122,22,1337.79,407.33,79.99,65.34,1,1,0.77703
122,19,1413.86,302.37,40.69,86.68,1,1,0.69735
123,0,926.33,828.52,47.97,94.39,1,1,0.83269
123,1,875.38,446.97,40.72,97.63,1,1,0.81795
123,5,214.37,609.14,59.63,80.89,1,1,0.84195
123,6,1477.75,233.82,31.19,81.92,1,1,0.81206
123,7,433.82,769.5,67.7,90.38,1,1,0.84153
123,8,704.13,432.2,44.63,80.38,1,1,0.82687
123,11,1012.1,297.8,51.27,70.46,1,1,0.83359
123,12,1439.67,559.27,56.64,82.49,1,1,0.81199
123,13,1537.39,590.16,51.72,87.3,1,1,0.83229
123,10,1633.11,578.76,48.94,90.83,1,1,0.8453
123,3,312.07,623.88,54.51,76.13,1,1,0.81071
123,4,1368.94,286.64,50.2,54.71,1,1,0.64865
123,16,989.57,745.5,48.29,100.43,1,1,0.84293
123,21,1254.12,410.27,41.65,80.99,1,1,0.80523
123,18,1360.99,371.37,70.16,57.0,1,1,0.80538
123,14,1124.24,256.15,53.22,65.47,1,1,0.8287
123,15,1447.39,278.43,56.38,87.7,1,1,0.80574
123,22,1343.47,404.62,77.11,66.4,1,1,0.78849
123,19,1416.75,301.69,40.65,84.67,1,1,0.70371
124,0,930.19,831.16,48.87,90.97,1,1,0.82569
124,1,878.62,449.92,39.86,93.68,1,1,0.80253
124,5,214.11,610.31,57.41,81.45,1,1,0.82535
124,6,1480.95,232.74,30.94,81.04,1,1,0.79536
124,7,428.45,767.7,70.68,89.51,1,1,0.80977
124,8,709.19,434.03,43.99,81.97,1,1,0.80272
124,11,1014.08,298.13,47.9,68.84,1,1,0.81238
124,12,1441.61,561.37,53.68,81.5,1,1,0.78044
124,13,1546.9,593.37,52.82,84.62,1,1,0.83029
124,10,1633.76,579.85,47.85,88.5,1,1,0.82856
124,3,307.93,624.72,53.28,81.84,1,1,0.77621
124,4,1371.8,286.84,49.71,52.91,1,1,0.67695
124,16,996.25,749.59,44.7,94.51,1,1,0.82288
124,21,1253.87,409.29,42.51,83.18,1,1,0.79288
124,18,1364.61,369.39,68.52,56.87,1,1,0.77313
124,14,1123.11,255.06,52.16,66.18,1,1,0.8117
124,15,1452.91,277.68,53.57,86.35,1,1,0.77376
124,22,1347.97,402.89,74.37,65.98,1,1,0.74456
124,19,1417.37,303.46,39.77,82.48,1,1,0.68263
125,0,935.97,833.16,49.84,96.35,1,1,0.83473
125,1,884.42,452.29,39.41,90.85,1,1,0.81934
125,5,216.24,612.1,52.41,80.27,1,1,0.84041
125,6,1484.38,232.08,32.29,80.3,1,1,0.79901
125,7,424.11,766.2,78.5,92.22,1,1,0.84508
125,8,715.36,436.65,43.31,82.81,1,1,0.81505
125,11,1017.18,298.06,44.92,68.56,1,1,0.82612
125,12,1443.48,563.86,51.01,86.21,1,1,0.78733
125,13,1558.8,593.67,55.82,89.77,1,1,0.85594
125,10,1635.68,581.65,46.45,86.45,1,1,0.827
125,3,305.27,626.49,49.99,83.45,1,1,0.77787
125,4,1373.3,286.88,56.67,52.32,1,1,0.74019
125,16,1003.62,753.62,42.75,88.35,1,1,0.83337
125,21,1254.78,408.9,44.03,84.9,1,1,0.80757
125,18,1370.61,367.4,67.02,56.3,1,1,0.7891
125,14,1122.77,254.75,53.57,67.57,1,1,0.82951
125,15,1458.92,277.82,50.66,85.54,1,1,0.79099
125,22,1352.99,403.37,73.78,64.83,1,1,0.7915
125,19,1417.95,304.08,41.65,78.98,1,1,0.69712
126,0,944.99,836.24,51.54,101.2,1,1,0.84371
126,1,892.2,454.39,39.93,87.98,1,1,0.81417
126,5,222.27,613.79,50.49,76.82,1,1,0.83178
126,6,1491.95,232.93,34.09,79.64,1,1,0.79451
126,7,426.46,765.08,69.36,93.38,1,1,0.8012
126,8,723.61,439.07,43.56,83.03,1,1,0.79927
126,11,1024.03,298.19,42.83,68.85,1,1,0.8081
126,12,1449.88,567.11,48.98,89.18,1,1,0.77492
126,13,1570.56,596.16,56.76,91.07,1,1,0.84123
126,10,1639.62,584.56,48.87,88.34,1,1,0.81502
126,3,301.49,627.64,48.89,83.54,1,1,0.80601
126,4,1384.37,286.16,62.57,47.5,1,1,0.6537
126,16,1013.97,756.92,42.1,86.09,1,1,0.82608
126,21,1261.14,410.26,44.36,85.07,1,1,0.78248
126,18,1378.13,366.85,67.43,57.16,1,1,0.7637
126,14,1127.16,255.02,53.91,68.93,1,1,0.81471
126,15,1467.71,277.68,47.68,84.81,1,1,0.76754
126,22,1362.25,405.37,73.24,62.72,1,1,0.77124
127,0,952.18,839.94,52.34,104.98,1,1,0.8475
127,1,899.47,456.4,40.29,89.61,1,1,0.81994
127,5,225.56,615.37,50.93,73.62,1,1,0.83717
127,6,1498.71,234.15,36.91,80.09,1,1,0.81721
127,7,427.4,763.81,64.51,94.8,1,1,0.82709
127,8,730.82,441.98,42.41,80.38,1,1,0.80933
127,11,1029.63,297.52,40.73,69.74,1,1,0.82062
127,12,1455.12,569.29,49.29,91.87,1,1,0.77856
127,13,1580.24,598.42,58.29,93.64,1,1,0.84672
127,10,1642.69,587.76,49.96,89.72,1,1,0.81601
127,3,300.16,628.31,47.96,83.03,1,1,0.8016
127,4,1392.94,283.86,68.45,47.24,1,1,0.73116
127,16,1021.79,759.49,42.54,90.19,1,1,0.83622
127,21,1265.49,410.93,44.75,86.46,1,1,0.78589
127,18,1387.53,365.43,65.43,59.51,1,1,0.75605
127,14,1130.64,254.73,55.43,70.85,1,1,0.83056
127,15,1472.98,277.75,48.44,84.83,1,1,0.80035
127,22,1368.24,404.59,73.34,63.63,1,1,0.79473
127,19,1435.08,293.85,45.36,84.51,1,1,0.68875
128,0,956.76,842.93,53.3,104.92,1,1,0.84108
128,1,906.36,457.54,39.76,91.16,1,1,0.80948
128,5,228.34,614.29,52.73,73.39,1,1,0.82562
128,6,1503.6,234.62,38.04,79.59,1,1,0.80841
128,7,427.41,762.38,56.55,93.48,1,1,0.82568
128,8,737.32,443.73,41.22,77.3,1,1,0.80026
128,11,1033.78,295.76,40.66,71.19,1,1,0.81787
128,12,1458.12,570.16,50.08,92.21,1,1,0.77615
128,13,1589.69,599.87,56.95,95.55,1,1,0.82392
128,10,1646.86,589.4,49.77,92.14,1,1,0.80386
128,3,298.47,627.44,52.69,81.23,1,1,0.81636
128,4,1399.95,280.12,72.14,49.01,1,1,0.66556
128,16,1029.05,762.15,42.57,92.92,1,1,0.82923
128,21,1268.92,411.29,44.19,88.47,1,1,0.77641
128,18,1399.81,364.64,57.99,58.74,1,1,0.7556
128,14,1133.08,254.61,54.56,70.98,1,1,0.83123
128,15,1475.81,276.46,49.39,84.9,1,1,0.79219
128,22,1374.24,401.06,71.58,65.44,1,1,0.77715
128,19,1439.92,297.65,44.55,80.66,1,1,0.64089
129,0,961.69,844.76,55.75,102.85,1,1,0.86115
129,1,912.43,457.47,40.02,93.39,1,1,0.82967
129,5,230.58,614.44,54.73,78.37,1,1,0.84329
129,6,1508.87,234.02,38.76,79.46,1,1,0.82393
129,7,424.28,760.12,60.2,91.2,1,1,0.85726
129,8,744.8,444.0,40.15,74.79,1,1,0.81357
129,11,1038.65,294.77,40.68,70.05,1,1,0.83319
129,12,1463.19,571.5,50.53,90.56,1,1,0.79236
129,13,1603.47,600.77,54.48,94.86,1,1,0.83214
129,10,1651.41,592.09,50.66,90.49,1,1,0.82446
129,3,297.43,628.75,56.54,77.38,1,1,0.82135
129,4,1406.19,276.75,74.35,50.28,1,1,0.71959
129,16,1036.91,763.85,44.74,96.89,1,1,0.84943
129,21,1272.59,412.07,43.43,88.77,1,1,0.80791
129,18,1411.25,362.86,56.08,59.93,1,1,0.77817
129,14,1136.51,254.18,51.09,70.62,1,1,0.83629
129,15,1482.26,276.19,47.96,84.32,1,1,0.80087
129,22,1379.86,399.45,71.26,63.9,1,1,0.80114
129,19,1445.77,291.28,45.42,83.32,1,1,0.68554
130,0,967.1,846.02,56.57,99.24,1,1,0.85247
130,1,918.96,458.29,39.17,93.46,1,1,0.80611
130,5,231.46,614.07,54.62,82.51,1,1,0.83693
130,6,1513.66,233.14,38.15,79.96,1,1,0.81725
130,7,419.86,758.43,63.75,87.13,1,1,0.83933
130,8,751.42,444.17,38.81,74.11,1,1,0.80498
130,11,1041.07,292.81,41.13,74.82,1,1,0.8213
130,12,1467.8,573.42,51.24,86.7,1,1,0.77145
130,13,1614.51,602.75,50.57,92.14,1,1,0.82999
130,10,1656.25,593.97,50.37,89.7,1,1,0.8181
130,3,295.17,628.08,54.39,76.79,1,1,0.78787
130,4,1412.2,273.93,73.22,51.25,1,1,0.68534
130,16,1043.54,765.54,47.24,94.92,1,1,0.83987
130,21,1276.65,412.13,43.45,87.7,1,1,0.79617
130,18,1420.67,361.03,57.49,60.62,1,1,0.79606
130,14,1139.08,253.77,44.24,70.33,1,1,0.82889
130,15,1489.34,274.98,45.58,83.65,1,1,0.7864
130,22,1385.27,397.0,71.09,64.28,1,1,0.7979
131,0,972.63,845.91,56.77,99.19,1,1,0.84997
131,1,924.66,458.47,39.86,95.04,1,1,0.80336
131,5,232.19,614.43,55.61,83.02,1,1,0.84324
131,6,1518.46,231.11,37.8,80.19,1,1,0.82175
131,7,417.06,755.78,70.93,83.62,1,1,0.84483
131,8,756.84,443.59,38.87,78.81,1,1,0.80234
131,11,1043.8,290.9,41.78,76.48,1,1,0.82759
131,12,1471.88,573.23,52.84,83.51,1,1,0.77379
131,13,1622.77,603.08,48.43,89.9,1,1,0.83404
131,10,1663.56,594.25,47.44,87.39,1,1,0.82072
131,3,294.85,627.99,50.28,80.27,1,1,0.80283
131,16,1049.57,766.91,48.3,91.17,1,1,0.83954
131,21,1280.32,411.88,43.54,85.55,1,1,0.80724
131,18,1432.45,358.74,53.29,60.92,1,1,0.81236
131,14,1140.92,253.04,39.11,69.72,1,1,0.82543
131,15,1493.85,272.49,45.01,83.84,1,1,0.78219
131,22,1390.96,394.24,70.01,64.11,1,1,0.80843
132,0,979.51,846.06,54.03,99.65,1,1,0.81526
132,1,929.8,460.58,39.25,92.63,1,1,0.74744
132,5,236.92,615.34,50.97,79.62,1,1,0.80611
132,6,1524.06,229.01,36.46,79.33,1,1,0.76987
132,7,415.52,754.23,62.08,83.0,1,1,0.79589
132,8,762.68,444.49,38.65,81.37,1,1,0.77237
132,11,1047.56,289.01,39.84,77.19,1,1,0.80356
132,12,1474.61,572.09,53.09,81.81,1,1,0.77323
132,13,1629.62,602.94,47.54,91.06,1,1,0.80834
132,10,1671.27,593.43,48.91,85.01,1,1,0.80299
132,3,295.86,629.51,44.59,76.35,1,1,0.79774
132,16,1056.05,768.91,44.15,84.67,1,1,0.79864
132,21,1283.4,411.12,43.66,83.33,1,1,0.76597
132,18,1446.5,353.17,44.52,65.04,1,1,0.7204
132,14,1142.86,252.61,37.78,67.59,1,1,0.78404
132,22,1396.41,390.68,69.92,65.35,1,1,0.75599
132,4,1423.47,267.23,72.82,53.45,1,1,0.66353
133,0,983.47,844.8,53.46,104.17,1,1,0.83205
133,1,933.76,464.5,38.78,88.34,1,1,0.78149
133,5,237.72,616.13,49.88,76.88,1,1,0.82605
133,6,1527.69,226.08,35.8,80.3,1,1,0.79267
133,7,412.52,750.98,67.15,88.08,1,1,0.82503
133,8,766.9,445.27,38.85,82.92,1,1,0.7994
133,11,1050.18,287.56,39.84,77.93,1,1,0.82035
133,12,1474.9,570.45,52.84,83.98,1,1,0.80573
133,13,1635.14,603.24,48.93,95.19,1,1,0.82409
133,10,1675.48,593.25,50.09,84.31,1,1,0.81449
133,3,292.97,629.56,45.23,76.08,1,1,0.82424
133,16,1059.59,769.19,41.61,80.28,1,1,0.81557
133,21,1284.68,409.35,44.17,82.66,1,1,0.79919
133,18,1456.35,350.76,40.08,65.55,1,1,0.75227
133,14,1143.6,251.14,40.31,67.01,1,1,0.80384
133,22,1400.83,387.66,68.04,65.89,1,1,0.77827
133,4,1427.79,265.28,70.89,51.91,1,1,0.72754
133,15,1496.97,267.39,47.58,85.31,1,1,0.69958
134,0,988.12,844.49,52.31,104.08,1,1,0.79818
134,1,937.22,465.41,36.91,81.51,1,1,0.74821
134,5,238.45,615.9,48.08,73.98,1,1,0.7871
134,6,1530.54,223.35,34.95,80.05,1,1,0.76333
134,7,408.12,748.57,53.59,86.68,1,1,0.78686
134,8,771.76,445.6,37.87,83.21,1,1,0.77906
134,11,1052.26,286.96,39.32,76.06,1,1,0.79404
134,12,1476.71,570.07,50.05,84.93,1,1,0.7524
134,13,1640.58,603.25,50.35,96.49,1,1,0.77678
134,10,1680.61,593.48,49.05,85.07,1,1,0.78491
134,3,290.86,629.22,46.21,73.89,1,1,0.79285
134,16,1063.25,769.59,39.63,81.79,1,1,0.78839
134,21,1285.88,406.52,44.09,82.43,1,1,0.76002
134,18,1462.74,350.1,41.17,64.63,1,1,0.72218
134,14,1141.98,248.82,43.47,67.71,1,1,0.77031
134,22,1404.9,383.58,66.34,66.11,1,1,0.67982
134,4,1431.03,262.86,67.71,52.23,1,1,0.6559
135,0,994.1,843.58,52.1,103.86,1,1,0.82816
135,1,942.44,463.95,36.67,81.45,1,1,0.75514
135,5,238.71,614.84,47.73,72.44,1,1,0.80728
135,6,1534.97,220.36,33.87,80.86,1,1,0.78362
135,7,405.28,745.8,53.14,87.16,1,1,0.8032
135,8,776.57,445.02,38.84,84.21,1,1,0.79556
135,11,1054.06,286.53,38.89,74.43,1,1,0.81107
135,12,1478.49,569.49,48.61,90.08,1,1,0.77153
135,13,1647.04,603.26,52.89,98.62,1,1,0.80629
135,10,1688.15,594.86,49.88,86.29,1,1,0.79787
135,3,289.76,627.33,46.28,74.9,1,1,0.80536
135,16,1067.92,770.74,39.34,86.63,1,1,0.8149
135,21,1289.19,404.01,44.53,86.68,1,1,0.78013
135,18,1468.82,346.94,44.15,63.27,1,1,0.76039
135,14,1140.4,246.04,48.96,70.5,1,1,0.80588
135,22,1410.74,378.47,65.23,67.72,1,1,0.77124
135,4,1434.29,259.65,66.76,54.4,1,1,0.7087
135,19,1483.24,261.94,40.73,85.79,1,1,0.6469
136,0,1000.21,842.61,51.24,100.79,1,1,0.8099
136,1,949.86,463.54,36.06,79.71,1,1,0.74759
136,5,236.62,614.69,51.29,75.13,1,1,0.79639
136,6,1541.03,217.38,34.27,81.71,1,1,0.79072
136,7,403.29,742.9,50.29,82.36,1,1,0.7869
136,8,783.59,445.91,39.76,82.24,1,1,0.78658
136,11,1057.65,286.0,38.31,71.28,1,1,0.79087
136,12,1481.32,569.12,46.21,94.11,1,1,0.74821
136,13,1655.2,604.82,54.25,98.71,1,1,0.79427
136,10,1696.22,594.41,49.05,84.43,1,1,0.77972
136,3,289.3,626.61,44.06,74.19,1,1,0.77189
136,16,1072.85,772.62,41.24,88.15,1,1,0.79536
136,21,1292.82,402.26,45.02,89.74,1,1,0.74894
136,18,1475.6,344.54,45.68,63.28,1,1,0.7181
136,14,1141.32,244.03,49.15,71.66,1,1,0.77807
136,22,1416.6,374.11,64.58,69.21,1,1,0.736
137,0,1004.43,841.08,50.5,100.44,1,1,0.81675
137,1,953.88,460.9,36.33,84.79,1,1,0.77145
137,5,233.05,614.09,54.88,79.32,1,1,0.80469
137,6,1545.52,215.02,34.26,82.04,1,1,0.80601
137,7,397.4,739.48,56.0,82.15,1,1,0.79756
137,8,788.88,445.99,39.96,80.17,1,1,0.80693
137,11,1059.54,284.97,38.17,70.95,1,1,0.8081
137,12,1480.94,568.63,47.07,96.35,1,1,0.79143
137,13,1662.51,607.09,54.59,98.7,1,1,0.8019
137,10,1700.88,595.01,48.12,84.71,1,1,0.77504
137,3,285.24,626.36,43.03,82.64,1,1,0.74641
137,16,1076.34,774.53,43.04,89.91,1,1,0.81503
137,21,1295.03,401.22,45.31,91.57,1,1,0.76603
137,18,1480.85,342.91,45.83,66.3,1,1,0.72321
137,14,1141.09,243.17,46.23,72.49,1,1,0.79392
137,22,1420.97,369.78,63.19,70.19,1,1,0.77239
137,15,1513.88,254.42,42.31,88.4,1,1,0.73263
138,0,1007.76,839.25,51.38,99.42,1,1,0.80258
138,1,957.56,458.62,35.73,84.73,1,1,0.75624
138,5,233.26,614.32,55.16,79.66,1,1,0.7671
138,6,1549.98,213.14,34.08,81.56,1,1,0.79172
138,7,392.92,735.19,59.23,82.01,1,1,0.78639
138,8,793.88,445.53,39.67,76.7,1,1,0.79857
138,11,1060.53,282.56,38.55,70.98,1,1,0.80239
138,12,1480.97,569.49,46.69,96.49,1,1,0.79094
138,13,1671.04,608.48,52.94,96.07,1,1,0.78747
138,10,1705.46,594.45,45.27,81.88,1,1,0.76129
138,3,283.75,626.25,40.75,81.8,1,1,0.73533
138,16,1080.12,776.18,45.16,90.43,1,1,0.81591
138,21,1296.47,399.55,44.28,91.42,1,1,0.74464
138,18,1485.02,341.35,45.47,68.65,1,1,0.75223
138,14,1141.81,242.15,41.7,71.02,1,1,0.79501
138,22,1426.39,365.76,58.44,69.29,1,1,0.69373
138,23,642.57,1044.09,52.83,34.39,1,1,0.68223
138,15,1520.5,252.24,35.86,86.88,1,1,0.6724
138,19,1495.02,252.71,40.71,86.29,1,1,0.64208
139,0,1011.21,838.67,52.23,97.66,1,1,0.81296
139,1,961.67,457.61,35.01,84.94,1,1,0.7598
139,5,236.24,615.6,53.0,78.33,1,1,0.77405
139,6,1554.02,212.24,34.21,80.34,1,1,0.80935
139,7,387.78,731.67,60.86,82.98,1,1,0.76994
139,8,798.98,444.67,39.77,75.68,1,1,0.80568
139,11,1061.86,280.72,39.91,72.73,1,1,0.81175
139,12,1481.54,570.49,45.19,93.55,1,1,0.80496
139,13,1679.95,609.58,49.38,91.93,1,1,0.78279
139,10,1710.02,594.66,42.37,81.22,1,1,0.769
139,3,283.37,627.35,37.22,81.64,1,1,0.74994
139,16,1083.49,777.31,46.12,91.88,1,1,0.82638
139,21,1297.98,399.54,44.49,93.53,1,1,0.76493
139,18,1489.91,339.92,44.52,70.77,1,1,0.77671
139,14,1142.51,241.52,38.4,70.47,1,1,0.82609
139,22,1431.51,361.84,55.61,69.65,1,1,0.75458
139,15,1523.12,250.55,34.36,86.08,1,1,0.72724
140,0,1012.88,837.87,53.36,98.15,1,1,0.80961
140,1,965.74,456.32,34.46,84.85,1,1,0.76265
140,5,242.39,615.96,47.37,75.12,1,1,0.7775
140,6,1557.78,210.85,34.97,79.86,1,1,0.80619
140,7,384.15,727.68,53.57,85.56,1,1,0.78018
140,8,803.55,443.36,40.17,79.46,1,1,0.80038
140,11,1063.19,277.53,42.0,74.84,1,1,0.79944
140,12,1481.37,569.85,43.55,90.25,1,1,0.80358
140,13,1687.16,609.18,46.66,88.72,1,1,0.78569
140,10,1712.51,593.13,40.77,82.6,1,1,0.73913
140,3,281.44,628.75,35.22,77.04,1,1,0.7509
140,16,1087.92,777.55,44.97,89.3,1,1,0.81855
140,21,1299.01,399.32,44.19,91.61,1,1,0.74337
140,18,1495.45,337.39,42.34,71.85,1,1,0.77276
140,14,1142.28,240.47,38.5,69.45,1,1,0.81657
140,22,1437.15,356.71,52.1,71.56,1,1,0.76453
140,15,1525.13,247.32,34.37,86.86,1,1,0.73918
140,19,1501.98,246.97,37.41,84.52,1,1,0.67217
141,0,1013.01,838.03,53.15,97.96,1,1,0.78643
141,1,969.56,455.96,33.01,81.62,1,1,0.74532
141,5,246.76,614.23,41.92,71.77,1,1,0.75925
141,6,1560.54,209.13,35.04,75.71,1,1,0.78449
141,7,380.36,723.82,45.78,84.79,1,1,0.78236
141,8,805.64,442.54,40.77,81.13,1,1,0.78066
141,11,1064.86,275.27,41.2,74.39,1,1,0.77592
141,12,1479.66,569.22,42.78,85.79,1,1,0.78321
141,13,1693.15,607.21,47.16,90.41,1,1,0.7519
141,10,1714.95,590.43,39.25,87.38,1,1,0.67199
141,3,276.95,627.27,37.05,73.38,1,1,0.724
141,16,1090.7,777.4,42.85,83.03,1,1,0.80515
141,21,1297.86,398.62,43.87,89.44,1,1,0.69517
141,18,1500.26,335.07,40.57,70.55,1,1,0.76066
141,14,1142.04,239.08,37.01,65.74,1,1,0.79673
141,22,1441.68,351.46,46.23,72.97,1,1,0.72952
141,19,1502.92,245.74,37.21,83.53,1,1,0.7106
142,0,1019.27,839.14,49.48,93.77,1,1,0.77743
142,1,974.88,454.63,33.1,78.23,1,1,0.72691
142,5,253.76,613.61,36.55,70.5,1,1,0.70705
142,6,1564.52,207.39,35.18,73.33,1,1,0.78245
142,7,379.03,720.86,42.18,82.58,1,1,0.80257
142,8,810.91,442.52,40.2,79.81,1,1,0.77503
142,11,1068.6,273.92,38.55,72.12,1,1,0.76344
142,12,1479.61,569.44,42.37,80.7,1,1,0.77397
142,13,1700.09,606.22,46.48,88.83,1,1,0.73258
142,3,273.98,620.74,37.55,71.15,1,1,0.6843
142,16,1096.09,776.8,40.38,77.21,1,1,0.7955
142,21,1300.28,397.58,43.34,85.09,1,1,0.67577
142,18,1506.3,334.09,39.64,68.39,1,1,0.74283
142,14,1142.63,237.56,35.49,64.66,1,1,0.78434
142,22,1446.47,347.34,43.88,72.1,1,1,0.7007
143,0,1027.43,839.15,46.97,92.29,1,1,0.78587
143,1,981.27,453.13,34.43,77.69,1,1,0.72059
143,6,1569.79,204.16,35.37,75.35,1,1,0.79263
143,7,377.66,717.19,43.26,81.48,1,1,0.79119
143,8,815.67,442.37,41.75,81.01,1,1,0.78526
143,11,1072.85,272.81,39.29,71.78,1,1,0.77816
143,12,1479.15,568.21,46.19,81.75,1,1,0.77782
143,13,1707.41,604.65,47.56,91.19,1,1,0.74007
143,3,265.45,614.01,45.76,75.05,1,1,0.7578
143,16,1102.06,775.87,41.22,74.07,1,1,0.78267
143,21,1305.69,395.44,41.72,82.62,1,1,0.69073
143,18,1512.63,332.03,40.27,67.78,1,1,0.75504
143,14,1144.01,235.55,36.78,66.52,1,1,0.78396
143,22,1452.23,342.75,40.93,74.15,1,1,0.71324
143,15,1533.75,240.24,33.63,84.74,1,1,0.71283
143,19,1512.18,242.98,36.35,80.84,1,1,0.65031
144,0,1033.83,837.52,46.23,95.03,1,1,0.79004
144,1,987.55,452.74,34.63,76.57,1,1,0.73199
144,6,1574.43,201.69,35.23,75.28,1,1,0.79961
144,7,375.59,712.43,44.26,79.2,1,1,0.7826
144,8,820.46,442.93,42.41,81.34,1,1,0.78978
144,11,1077.18,271.67,37.25,71.7,1,1,0.78198
144,12,1478.58,566.42,49.33,88.82,1,1,0.76964
144,13,1714.35,604.73,47.16,91.58,1,1,0.74238
144,3,261.43,614.31,49.54,77.53,1,1,0.71001
144,16,1106.15,774.85,43.11,82.0,1,1,0.79961
144,18,1517.98,329.48,40.08,67.1,1,1,0.77148
144,14,1144.67,234.16,37.84,68.23,1,1,0.78748
144,22,1457.64,339.18,39.82,75.05,1,1,0.69455
144,24,1473.2,262.09,39.15,74.29,1,1,0.67252
144,15,1537.62,238.4,33.34,85.24,1,1,0.7284
145,0,1037.58,835.48,44.82,95.69,1,1,0.77769
145,1,992.33,449.7,35.03,79.47,1,1,0.72951
145,6,1578.8,199.37,33.74,76.49,1,1,0.79189
145,7,372.31,707.8,46.51,79.16,1,1,0.77686
145,8,824.65,442.72,41.28,78.76,1,1,0.7772
145,11,1080.21,270.28,35.52,70.39,1,1,0.78823
145,12,1477.73,566.14,46.68,91.1,1,1,0.75666
145,13,1720.9,607.17,46.97,91.99,1,1,0.71476
145,3,261.44,613.66,47.93,77.01,1,1,0.71598
145,16,1109.26,771.7,43.54,89.95,1,1,0.78825
145,18,1522.28,326.06,38.89,66.74,1,1,0.74617
145,14,1144.61,233.0,37.92,69.21,1,1,0.77796
145,22,1461.7,334.45,37.97,74.94,1,1,0.71655
145,24,1474.92,260.77,40.94,73.02,1,1,0.69973
145,15,1541.18,235.65,32.33,85.14,1,1,0.6788
145,19,1518.08,240.06,35.63,77.91,1,1,0.67292
146,0,1039.98,834.28,44.94,96.19,1,1,0.78062
146,1,995.42,446.82,35.38,81.94,1,1,0.73497
146,6,1581.04,197.05,33.38,78.58,1,1,0.79357
146,7,366.7,703.92,49.61,78.86,1,1,0.77126
146,8,827.67,442.07,41.14,76.4,1,1,0.78838
146,11,1082.7,268.68,34.07,69.14,1,1,0.79198
146,12,1473.21,565.72,46.01,93.28,1,1,0.78538
146,13,1725.88,608.76,47.02,94.23,1,1,0.75539
146,3,256.79,616.26,43.74,75.1,1,1,0.74245
146,16,1110.17,774.63,44.52,92.16,1,1,0.79162
146,18,1525.1,322.94,39.8,70.02,1,1,0.75985
146,14,1143.51,232.79,35.81,69.24,1,1,0.79059
146,22,1465.76,331.0,36.6,74.91,1,1,0.70701
146,24,1475.1,259.77,42.79,72.72,1,1,0.70694
146,15,1544.41,233.33,32.76,85.28,1,1,0.70084
146,19,1518.63,237.35,37.18,79.11,1,1,0.67875
146,10,1738.15,581.98,36.56,79.2,1,1,0.6631
147,0,1037.66,832.89,45.44,93.63,1,1,0.78261
147,1,997.5,443.06,36.01,84.68,1,1,0.75128
147,6,1581.65,195.66,32.98,77.08,1,1,0.79492
147,7,357.48,700.92,45.98,79.61,1,1,0.7562
147,8,829.52,442.5,40.67,73.34,1,1,0.79833
147,11,1082.96,266.93,33.88,68.88,1,1,0.79889
147,12,1467.82,566.87,47.76,91.7,1,1,0.7964
147,13,1728.3,610.37,46.78,92.58,1,1,0.76583
147,3,253.44,617.8,40.39,71.06,1,1,0.74898
147,16,1108.62,777.84,46.33,93.65,1,1,0.7922
147,18,1526.28,321.43,40.83,73.58,1,1,0.75989
147,14,1141.07,232.88,33.98,68.88,1,1,0.78836
147,22,1467.45,329.1,36.07,75.5,1,1,0.6628
147,24,1474.85,259.06,42.78,71.73,1,1,0.71389
147,15,1545.18,232.2,32.95,84.63,1,1,0.70234
147,19,1516.81,235.82,38.93,79.31,1,1,0.70947
147,25,289.17,605.17,37.0,66.45,1,1,0.73714
148,0,1035.77,830.15,46.29,90.8,1,1,0.77639
148,1,1000.07,441.19,36.94,87.26,1,1,0.75462
148,6,1582.63,194.64,31.86,78.77,1,1,0.79208
148,7,351.83,698.01,39.35,80.55,1,1,0.77619
148,8,831.57,443.63,39.91,75.0,1,1,0.78594
148,11,1083.27,265.29,33.13,69.65,1,1,0.79138
148,12,1462.48,567.76,50.21,89.43,1,1,0.79744
148,13,1731.03,611.99,45.46,89.83,1,1,0.77142
148,3,249.54,618.27,38.62,70.48,1,1,0.76083
148,16,1105.64,780.67,50.92,94.18,1,1,0.78993
148,18,1529.36,321.07,40.14,75.2,1,1,0.75742
148,14,1139.27,231.62,31.29,69.08,1,1,0.77407
148,24,1475.16,255.52,42.65,73.0,1,1,0.69956
148,15,1546.11,231.72,32.67,83.27,1,1,0.68681
148,19,1515.51,233.35,41.52,80.1,1,1,0.65942
148,25,287.63,603.85,41.52,70.51,1,1,0.7463
149,0,1035.19,828.53,45.81,85.42,1,1,0.75459
149,1,1001.92,441.74,36.76,86.8,1,1,0.73779
149,6,1583.34,194.65,30.25,77.95,1,1,0.76566
149,7,347.37,697.78,35.28,78.68,1,1,0.76659
149,8,833.23,445.32,38.8,76.53,1,1,0.76671
149,11,1083.61,265.18,32.56,70.21,1,1,0.77328
149,12,1458.52,568.44,50.69,86.03,1,1,0.78293
149,13,1732.81,612.91,43.02,88.98,1,1,0.73844
149,3,247.37,619.06,35.05,66.76,1,1,0.75251
149,16,1103.32,783.86,53.4,88.86,1,1,0.76358
149,18,1531.75,321.98,39.94,74.83,1,1,0.74935
149,14,1136.54,231.54,29.64,66.51,1,1,0.76081
149,19,1513.33,233.73,42.97,77.98,1,1,0.67738
149,25,289.48,605.12,40.71,70.46,1,1,0.74511
150,0,1030.77,825.78,49.79,86.01,1,1,0.78885
150,1,1000.95,441.42,40.0,90.07,1,1,0.76184
150,6,1581.82,193.91,29.95,78.74,1,1,0.80281
150,7,340.63,696.07,32.35,80.04,1,1,0.75924
150,8,832.88,447.05,37.79,79.23,1,1,0.77859
150,11,1081.37,264.51,33.25,73.79,1,1,0.78699
150,12,1452.52,568.34,52.32,84.89,1,1,0.82196
150,13,1731.67,613.02,44.19,94.61,1,1,0.78998
150,3,242.52,618.51,36.58,69.88,1,1,0.77493
150,16,1098.36,785.98,59.7,85.86,1,1,0.80169
150,18,1532.14,322.62,39.51,75.48,1,1,0.77498
150,14,1131.69,231.59,31.91,66.06,1,1,0.78634
150,19,1508.9,233.47,44.99,78.3,1,1,0.73194
150,25,288.62,604.89,41.41,72.39,1,1,0.76103
150,10,1740.97,584.31,39.69,79.05,1,1,0.68253
150,22,1470.14,321.77,36.28,77.11,1,1,0.70015
150,24,1471.8,251.72,37.29,72.26,1,1,0.64584
150,15,1544.24,230.09,33.74,82.43,1,1,0.70237
151,0,1027.24,822.31,51.11,87.49,1,1,0.77232
151,1,999.78,442.43,40.75,87.79,1,1,0.75351
151,6,1578.82,193.49,30.51,78.9,1,1,0.79014
151,7,333.58,694.94,32.21,78.92,1,1,0.75908
151,8,831.74,448.31,37.43,81.11,1,1,0.77634
151,11,1078.5,264.42,34.29,74.95,1,1,0.7769
151,12,1445.54,567.8,52.81,86.01,1,1,0.80525
151,13,1729.66,613.0,46.24,98.32,1,1,0.78355
151,3,236.84,618.11,38.35,74.73,1,1,0.74479
151,16,1092.42,787.07,63.61,82.61,1,1,0.78873
151,18,1531.07,323.26,41.45,74.39,1,1,0.76694
151,14,1125.29,231.86,36.95,66.03,1,1,0.7871
151,19,1506.18,234.12,43.99,76.36,1,1,0.72819
151,25,287.92,604.24,44.63,73.09,1,1,0.76348
151,10,1741.17,584.43,41.9,85.77,1,1,0.72023
151,22,1468.71,319.86,36.23,76.38,1,1,0.70555
151,24,1468.34,249.28,34.08,72.81,1,1,0.66231
151,15,1540.23,231.32,34.91,78.97,1,1,0.67003
152,0,1020.48,817.81,57.21,91.95,1,1,0.80656
152,1,996.86,442.7,43.84,89.02,1,1,0.79283
152,6,1574.03,193.35,31.14,79.52,1,1,0.81415
152,7,326.03,692.69,36.25,79.4,1,1,0.777
152,8,828.96,450.28,38.13,81.19,1,1,0.81113
152,11,1074.58,265.21,35.56,76.72,1,1,0.80001
152,12,1437.05,567.56,53.39,90.81,1,1,0.82694
152,13,1727.41,616.28,47.8,98.72,1,1,0.82238
152,3,229.98,617.8,42.32,78.45,1,1,0.78386
152,16,1082.08,788.19,71.96,86.12,1,1,0.81849
152,18,1528.46,324.56,43.89,73.59,1,1,0.7896
152,14,1117.44,232.71,41.11,67.08,1,1,0.81288
152,19,1500.22,234.73,45.11,75.56,1,1,0.78736
152,25,285.13,604.68,50.98,79.09,1,1,0.79973
152,10,1739.64,585.05,42.02,87.42,1,1,0.76904
152,22,1465.91,317.48,36.27,78.21,1,1,0.75912
152,24,1462.86,247.68,32.17,73.23,1,1,0.75879
152,15,1534.88,231.9,37.03,77.56,1,1,0.72538
152,4,1485.09,216.72,35.94,58.73,1,1,0.66098
152,21,1301.64,391.25,34.66,68.48,1,1,0.66239
153,0,1014.22,816.36,60.92,93.05,1,1,0.80555
153,1,993.98,443.46,41.79,84.5,1,1,0.76928
153,6,1569.5,193.84,31.16,79.58,1,1,0.80234
153,7,313.98,692.19,41.78,76.48,1,1,0.73781
153,8,825.76,453.87,38.04,77.6,1,1,0.80698
153,11,1069.82,266.93,35.22,76.38,1,1,0.77951
153,12,1428.6,569.57,51.44,93.0,1,1,0.81846
153,13,1724.22,618.96,48.86,99.48,1,1,0.80582
153,3,221.7,620.16,44.1,75.25,1,1,0.77136
153,16,1073.32,790.08,74.84,89.24,1,1,0.7968
153,18,1525.61,326.24,43.7,71.32,1,1,0.77768
153,14,1109.84,234.5,38.26,68.5,1,1,0.7875
153,19,1495.65,235.52,44.72,73.79,1,1,0.75187
153,25,284.32,606.3,53.15,81.9,1,1,0.77211
153,10,1737.98,585.95,41.91,87.53,1,1,0.75015
153,22,1462.26,314.93,35.44,78.93,1,1,0.73743
153,15,1529.68,231.38,37.13,76.59,1,1,0.68851
153,21,1294.33,392.59,36.19,65.92,1,1,0.66164
154,0,1005.87,818.49,65.06,91.44,1,1,0.79597
154,1,990.55,443.7,41.61,83.5,1,1,0.76062
154,6,1564.68,194.09,30.51,79.66,1,1,0.80425
154,7,299.15,691.87,48.4,75.89,1,1,0.72874
154,8,821.65,456.46,38.16,73.94,1,1,0.80604
154,11,1064.84,269.6,34.57,74.43,1,1,0.77281
154,12,1419.59,571.95,49.29,92.95,1,1,0.81493
154,13,1719.9,617.52,49.63,102.81,1,1,0.7648
154,3,212.72,622.99,43.91,78.51,1,1,0.73478
154,16,1067.36,792.15,72.91,92.16,1,1,0.78663
154,18,1521.74,327.07,43.06,69.7,1,1,0.77411
154,14,1102.87,236.23,36.02,67.86,1,1,0.78659
154,19,1491.63,235.77,43.22,72.77,1,1,0.71557
154,25,283.92,608.91,54.12,82.15,1,1,0.75696
154,10,1736.53,587.14,40.69,88.15,1,1,0.70767
154,22,1457.15,313.59,35.23,79.18,1,1,0.73404
154,21,1288.76,393.08,35.74,63.74,1,1,0.68481
155,0,999.59,817.26,64.96,93.61,1,1,0.82171
155,1,987.3,442.94,44.46,84.97,1,1,0.76049
155,6,1560.42,194.69,29.58,79.27,1,1,0.80194
155,7,280.82,693.12,63.26,74.59,1,1,0.77416
155,8,817.86,458.74,38.79,70.34,1,1,0.81698
155,11,1059.6,271.66,34.78,72.41,1,1,0.79412
155,12,1410.97,574.52,46.82,92.23,1,1,0.82747
155,13,1717.4,613.92,49.2,106.28,1,1,0.78395
155,3,201.32,624.69,45.27,83.2,1,1,0.76296
155,16,1060.99,793.7,71.66,95.98,1,1,0.79349
155,18,1517.7,327.62,43.35,69.01,1,1,0.79222
155,14,1095.01,238.6,35.63,66.68,1,1,0.80927
155,19,1487.18,235.49,41.47,72.77,1,1,0.73537
155,25,283.17,611.42,56.35,82.13,1,1,0.76958
155,10,1732.5,588.3,42.08,90.63,1,1,0.72806
155,22,1453.06,312.15,34.74,79.55,1,1,0.75802
155,21,1283.58,393.37,36.33,63.75,1,1,0.72239
155,24,1444.23,245.52,31.98,75.4,1,1,0.67604
155,15,1518.21,228.04,38.13,79.46,1,1,0.7001
156,0,994.85,817.03,63.19,94.23,1,1,0.80852
156,1,985.7,443.51,48.67,84.69,1,1,0.74537
156,6,1557.59,194.97,29.14,78.71,1,1,0.7881
156,7,267.68,695.61,63.07,72.54,1,1,0.75285
156,8,816.0,460.49,39.52,73.44,1,1,0.80495
156,11,1056.2,274.39,35.11,69.05,1,1,0.76
156,12,1403.52,577.6,45.65,89.09,1,1,0.8023
156,13,1715.48,613.76,48.96,104.68,1,1,0.73106
156,3,193.5,626.56,43.63,81.41,1,1,0.76306
156,16,1055.45,794.7,71.41,97.36,1,1,0.78175
156,18,1514.39,328.25,44.24,71.56,1,1,0.77719
156,14,1088.56,239.8,36.66,65.8,1,1,0.78795
156,19,1484.18,236.26,39.77,71.49,1,1,0.71966
156,25,286.11,616.36,55.4,80.63,1,1,0.75944
156,10,1731.05,590.66,44.06,90.66,1,1,0.70994
156,22,1450.23,309.73,34.32,80.15,1,1,0.72897
156,24,1438.96,248.26,31.53,74.9,1,1,0.72259
156,15,1518.05,232.39,35.3,75.15,1,1,0.66608
157,0,992.23,817.11,62.64,94.19,1,1,0.82856
157,1,987.97,445.43,49.11,84.0,1,1,0.69412
157,6,1557.99,195.18,29.22,78.55,1,1,0.79405
157,7,260.59,698.7,65.35,71.59,1,1,0.76585
157,8,817.83,462.55,40.88,77.78,1,1,0.81321
157,11,1056.98,276.6,35.82,66.43,1,1,0.76675
157,12,1399.58,579.86,46.2,85.05,1,1,0.81156
157,13,1716.57,625.86,47.45,90.77,1,1,0.77066
157,3,192.55,626.92,40.44,79.84,1,1,0.77082
157,16,1054.13,795.46,70.96,96.21,1,1,0.80677
157,18,1515.56,329.99,45.48,73.82,1,1,0.79007
157,14,1086.49,241.12,37.08,64.52,1,1,0.7916
157,19,1484.56,236.76,37.63,70.93,1,1,0.7463
157,25,293.11,620.46,55.93,80.3,1,1,0.79362
157,10,1732.94,593.06,44.24,88.68,1,1,0.7704
157,22,1450.37,305.4,34.25,82.1,1,1,0.7463
157,24,1437.7,249.6,32.27,73.65,1,1,0.66894
157,15,1519.5,234.37,34.42,74.12,1,1,0.73535
157,4,1460.64,211.72,39.95,57.98,1,1,0.65647
158,0,986.93,816.81,61.45,91.75,1,1,0.8098
158,1,988.97,445.79,47.72,83.29,1,1,0.67553
158,6,1558.18,195.47,29.05,77.64,1,1,0.78554
158,7,260.21,698.86,58.73,70.28,1,1,0.73481
158,8,818.7,464.64,40.41,79.5,1,1,0.80299
158,11,1056.98,276.72,37.55,67.24,1,1,0.75309
158,12,1395.58,581.83,46.38,79.72,1,1,0.79525
158,13,1716.12,630.11,47.79,88.98,1,1,0.7695
158,3,190.55,627.0,38.74,76.38,1,1,0.74809
158,16,1054.02,796.06,68.18,92.87,1,1,0.79692
158,18,1516.5,330.66,44.72,75.54,1,1,0.77364
158,14,1084.8,242.49,36.89,63.35,1,1,0.78478
158,19,1484.2,237.8,35.68,69.05,1,1,0.7067
158,25,301.65,623.28,49.96,79.12,1,1,0.75918
158,10,1735.18,594.97,41.77,85.5,1,1,0.76081
158,22,1450.46,303.44,33.65,81.14,1,1,0.72996
158,15,1520.11,235.01,33.17,72.04,1,1,0.721
158,4,1460.4,210.27,39.52,57.11,1,1,0.67045
159,0,980.52,815.37,62.58,90.89,1,1,0.83619
159,6,1557.53,194.53,28.97,77.98,1,1,0.80984
159,7,260.87,693.45,51.97,73.53,1,1,0.77478
159,8,817.93,466.64,40.34,80.14,1,1,0.82107
159,11,1054.2,276.21,41.53,69.52,1,1,0.78469
159,12,1389.14,583.06,50.46,77.01,1,1,0.81845
159,13,1714.83,632.0,48.89,92.71,1,1,0.79405
159,3,187.0,627.11,40.57,74.69,1,1,0.7795
159,16,1049.47,795.53,67.86,89.9,1,1,0.8174
159,18,1515.9,331.46,43.48,76.39,1,1,0.79293
159,14,1080.76,242.94,38.21,64.37,1,1,0.79293
159,19,1482.53,236.97,34.78,68.79,1,1,0.74143
159,25,307.8,626.07,45.42,78.27,1,1,0.7924
159,10,1734.33,595.59,42.12,84.06,1,1,0.7799
159,22,1449.38,300.57,33.52,82.87,1,1,0.75211
159,15,1519.08,233.53,32.93,72.54,1,1,0.74492
159,4,1458.58,208.81,40.8,56.9,1,1,0.74678
159,24,1433.7,250.82,34.11,72.44,1,1,0.73136
160,0,976.32,816.04,61.6,85.9,1,1,0.82095
160,6,1555.94,194.94,28.84,76.93,1,1,0.79769
160,7,259.51,691.75,43.74,69.88,1,1,0.76183
160,8,817.84,469.46,39.02,78.81,1,1,0.80654
160,11,1051.52,277.15,43.23,69.33,1,1,0.76533
160,12,1382.7,583.8,53.19,77.84,1,1,0.79696
160,13,1712.29,634.55,49.59,94.24,1,1,0.76625
160,3,185.1,626.05,40.69,74.41,1,1,0.74023
160,16,1044.64,796.64,66.8,87.44,1,1,0.80426
160,18,1514.92,332.94,40.71,74.6,1,1,0.76485
160,14,1077.59,244.43,38.73,61.16,1,1,0.76671
160,19,1480.06,235.55,33.19,68.21,1,1,0.71741
160,25,312.14,628.96,40.8,74.4,1,1,0.76506
160,10,1733.34,595.77,41.04,83.5,1,1,0.75582
160,22,1447.91,297.76,32.63,82.6,1,1,0.723
160,15,1518.24,234.46,31.67,69.63,1,1,0.69442
160,4,1456.67,207.84,39.75,57.52,1,1,0.73328
160,24,1431.04,251.33,33.18,72.86,1,1,0.66431
161,0,970.69,815.61,67.2,83.42,1,1,0.82469
161,6,1555.65,195.0,28.9,76.73,1,1,0.79686
161,7,258.73,689.39,39.79,68.93,1,1,0.7716
161,8,818.75,471.88,37.46,76.39,1,1,0.80676
161,11,1051.19,277.88,42.35,70.63,1,1,0.76684
161,12,1376.17,584.6,53.6,84.08,1,1,0.80595
161,13,1710.82,636.43,50.33,95.64,1,1,0.7824
161,3,184.97,625.8,39.23,73.29,1,1,0.74166
161,16,1044.15,797.55,65.24,90.43,1,1,0.79426
161,18,1515.13,334.31,39.27,73.49,1,1,0.76843
161,14,1074.4,246.38,40.25,61.35,1,1,0.75545
161,19,1479.53,234.44,32.87,68.05,1,1,0.69374
161,25,316.92,630.82,38.87,73.56,1,1,0.76183
161,10,1733.97,596.38,40.91,83.23,1,1,0.78169
161,22,1447.74,295.86,31.95,82.04,1,1,0.72787
161,15,1517.7,234.06,32.36,68.43,1,1,0.66369
161,4,1455.97,207.41,40.29,59.0,1,1,0.74907
161,24,1429.99,251.61,32.61,73.14,1,1,0.66609
161,1,989.43,451.06,40.27,74.54,1,1,0.75682
162,0,966.74,813.65,66.81,79.03,1,1,0.79417
162,6,1558.46,195.1,27.75,74.56,1,1,0.77397
162,7,257.48,687.47,39.8,69.21,1,1,0.74845
162,8,821.83,473.06,35.45,72.08,1,1,0.78756
162,11,1051.94,278.85,35.28,67.68,1,1,0.74363
162,12,1373.64,586.1,45.86,84.31,1,1,0.77964
162,13,1713.53,640.07,46.36,91.31,1,1,0.73859
162,3,186.37,625.96,36.94,70.12,1,1,0.73588
162,16,1044.77,798.64,56.95,91.44,1,1,0.78117
162,18,1517.66,335.64,36.85,69.05,1,1,0.75146
162,14,1074.2,248.43,35.03,62.71,1,1,0.73154
162,19,1481.66,234.23,30.6,67.21,1,1,0.66158
162,25,324.76,632.9,36.18,73.91,1,1,0.75054
162,10,1739.35,595.99,38.73,86.05,1,1,0.72864
162,22,1449.13,294.51,30.43,78.36,1,1,0.70339
162,4,1458.7,206.75,36.82,58.02,1,1,0.70232
162,1,992.05,454.42,35.56,68.34,1,1,0.78894
163,0,960.84,811.08,74.25,81.56,1,1,0.83065
163,6,1558.66,194.69,28.15,74.76,1,1,0.79167
163,7,250.42,684.97,49.39,73.42,1,1,0.78496
163,8,821.64,473.69,36.8,69.81,1,1,0.8236
163,11,1050.88,278.87,33.99,68.89,1,1,0.75383
163,12,1367.25,586.06,45.77,87.42,1,1,0.81039
163,13,1712.67,642.72,48.79,90.57,1,1,0.77706
163,3,181.15,627.59,39.8,70.28,1,1,0.75126
163,16,1041.46,798.17,57.98,96.33,1,1,0.81433
163,18,1516.71,335.08,38.6,69.77,1,1,0.77821
163,14,1069.63,249.24,34.19,68.83,1,1,0.74323
163,19,1480.98,233.04,30.99,70.14,1,1,0.72948
163,25,328.29,634.94,39.32,75.47,1,1,0.77971
163,10,1740.33,596.38,40.97,91.37,1,1,0.78354
163,22,1448.23,292.99,31.48,79.09,1,1,0.73762
163,4,1458.54,205.73,36.76,57.35,1,1,0.75513
163,1,991.99,451.78,36.28,70.57,1,1,0.81137
163,24,1431.09,251.42,29.83,71.61,1,1,0.6684
164,0,959.11,807.48,64.71,82.38,1,1,0.79639
164,6,1560.4,193.32,27.69,72.71,1,1,0.7703
164,7,245.5,683.06,54.71,73.0,1,1,0.73548
164,8,822.65,473.75,38.47,71.37,1,1,0.80358
164,11,1052.35,280.24,31.92,64.94,1,1,0.73777
164,12,1362.3,585.68,43.77,85.92,1,1,0.80499
164,13,1713.58,644.68,48.02,85.88,1,1,0.76071
164,3,182.16,626.5,37.29,69.55,1,1,0.73322
164,16,1039.36,797.55,55.51,95.67,1,1,0.78704
164,18,1517.78,334.67,38.21,69.35,1,1,0.76704
164,14,1067.21,248.91,32.29,65.76,1,1,0.74058
164,19,1481.85,231.58,30.4,71.85,1,1,0.72977
164,25,334.01,637.28,40.02,72.89,1,1,0.76901
164,10,1742.42,596.93,41.77,90.62,1,1,0.78005
164,22,1449.8,291.12,30.68,77.85,1,1,0.7025
164,4,1460.1,204.65,35.1,56.17,1,1,0.7601
164,1,993.24,449.4,36.33,70.15,1,1,0.7905
165,0,959.83,805.05,55.08,78.7,1,1,0.78096
165,6,1564.36,193.41,26.78,69.85,1,1,0.76002
165,7,246.99,681.83,53.1,68.41,1,1,0.71576
165,8,826.79,474.69,36.82,70.7,1,1,0.78562
165,11,1056.76,281.71,29.7,59.75,1,1,0.73749
165,12,1361.7,586.8,39.71,80.17,1,1,0.79403
165,13,1715.26,646.94,43.84,76.07,1,1,0.73585
165,3,185.26,627.57,32.74,64.59,1,1,0.74532
165,16,1040.77,799.47,52.14,89.06,1,1,0.78861
165,18,1521.17,335.12,35.7,66.98,1,1,0.76069
165,14,1068.55,249.76,29.85,58.42,1,1,0.73631
165,19,1485.76,232.75,28.86,70.34,1,1,0.73272
165,25,343.84,639.11,38.16,67.68,1,1,0.76467
165,10,1746.19,598.99,41.12,84.6,1,1,0.75128
165,22,1453.06,289.37,29.71,75.73,1,1,0.68678
165,4,1464.51,204.27,32.27,53.58,1,1,0.75793
165,1,998.81,448.32,33.12,67.31,1,1,0.77924
166,0,958.85,801.64,54.56,79.52,1,1,0.81454
166,6,1566.12,192.16,27.88,72.35,1,1,0.79641
166,7,242.35,680.47,59.38,72.07,1,1,0.76701
166,8,828.43,475.61,39.36,74.54,1,1,0.78559
166,11,1057.53,278.88,31.78,61.9,1,1,0.75249
166,12,1358.28,586.3,43.54,79.39,1,1,0.80078
166,13,1716.27,645.91,45.99,78.63,1,1,0.78016
166,3,189.2,625.41,33.49,67.29,1,1,0.75328
166,16,1035.37,798.7,59.85,89.23,1,1,0.8105
166,18,1522.6,334.87,38.01,69.35,1,1,0.77829
166,14,1066.11,249.21,36.28,58.75,1,1,0.78363
166,19,1486.73,232.35,29.87,71.59,1,1,0.77406
166,25,350.56,639.65,41.99,66.02,1,1,0.7758
166,10,1747.2,599.18,44.04,85.06,1,1,0.80655
166,22,1454.47,286.74,31.02,77.82,1,1,0.70887
166,4,1465.93,202.75,33.18,55.27,1,1,0.79471
166,1,1002.08,445.68,33.88,72.78,1,1,0.78966
166,24,1434.2,249.12,28.05,65.84,1,1,0.65349
167,0,955.35,799.5,50.68,74.97,1,1,0.78718
167,6,1567.91,191.81,27.38,72.12,1,1,0.77694
167,7,242.4,679.51,55.52,70.21,1,1,0.73014
167,8,830.13,477.24,37.12,73.43,1,1,0.77435
167,11,1058.66,278.45,29.59,60.06,1,1,0.75218
167,12,1354.21,585.48,42.0,74.93,1,1,0.78085
167,13,1716.54,645.65,42.89,77.47,1,1,0.74391
167,3,190.67,623.88,31.91,64.73,1,1,0.7501
167,16,1030.6,798.52,59.49,84.93,1,1,0.7804
167,18,1523.64,335.67,36.78,66.72,1,1,0.75411
167,14,1064.93,249.31,33.4,52.91,1,1,0.73709
167,19,1487.74,231.99,29.73,70.15,1,1,0.74828
167,25,357.99,640.36,40.0,63.8,1,1,0.74787
167,10,1749.66,600.17,42.23,80.58,1,1,0.7612
167,22,1455.59,286.21,30.49,75.1,1,1,0.67086
167,4,1468.33,201.11,31.73,54.19,1,1,0.76033
167,1,1003.19,445.56,33.74,70.99,1,1,0.77193
168,0,949.5,798.2,57.75,75.4,1,1,0.83429
168,6,1568.26,190.71,28.4,74.4,1,1,0.79637
168,7,244.95,677.82,55.18,70.78,1,1,0.7612
168,8,830.2,478.4,39.6,76.57,1,1,0.80762
168,11,1058.74,276.24,32.27,65.09,1,1,0.75343
168,12,1348.81,583.58,46.76,77.88,1,1,0.81573
168,13,1715.61,644.48,45.15,81.87,1,1,0.78322
168,3,191.16,620.44,33.76,70.58,1,1,0.76438
168,16,1025.07,796.29,69.82,87.64,1,1,0.81795
168,18,1524.1,335.82,39.2,71.53,1,1,0.78861
168,14,1062.27,249.03,33.46,49.67,1,1,0.72393
168,19,1486.78,231.81,32.27,70.39,1,1,0.75317
168,25,363.23,639.65,42.52,69.69,1,1,0.77896
168,10,1749.37,599.24,44.88,80.21,1,1,0.80751
168,22,1455.64,284.29,33.02,77.56,1,1,0.68211
168,4,1468.51,199.2,33.83,55.76,1,1,0.77758
168,1,1003.4,443.46,36.79,74.38,1,1,0.7806
168,21,1274.19,395.17,36.2,69.71,1,1,0.67757
168,24,1433.04,246.86,29.31,66.91,1,1,0.68739
169,0,946.16,796.74,61.01,73.61,1,1,0.8228
169,6,1571.01,190.54,28.02,73.97,1,1,0.77498
169,7,246.63,676.07,51.92,68.45,1,1,0.74336
169,8,832.49,480.16,38.69,73.67,1,1,0.78339
169,11,1059.94,276.19,31.51,64.81,1,1,0.73029
169,12,1344.11,582.0,49.26,79.45,1,1,0.75664
169,13,1715.94,644.99,43.18,81.66,1,1,0.73412
169,3,192.83,618.66,35.47,72.35,1,1,0.75084
169,16,1021.39,794.46,70.97,86.83,1,1,0.79097
169,18,1525.78,336.87,37.95,71.15,1,1,0.7671
169,14,1060.58,249.27,31.29,44.58,1,1,0.69499
169,19,1488.47,231.6,31.69,68.6,1,1,0.71347
169,25,372.23,640.97,39.6,71.98,1,1,0.74169
169,10,1751.68,599.03,44.96,81.3,1,1,0.77197
169,4,1471.76,198.24,33.09,59.07,1,1,0.69279
169,1,1006.12,444.82,35.6,71.76,1,1,0.76098
169,24,1433.05,245.51,29.28,66.79,1,1,0.68051
170,0,942.62,794.01,68.3,78.18,1,1,0.8512
170,6,1573.0,190.23,28.99,76.17,1,1,0.79838
170,7,246.97,674.38,54.81,68.84,1,1,0.79012
170,8,835.8,481.65,40.03,73.23,1,1,0.82126
170,11,1061.44,275.52,34.16,69.15,1,1,0.74796
170,12,1339.68,580.6,54.18,85.05,1,1,0.81536
170,13,1716.0,646.13,45.78,83.97,1,1,0.77936
170,3,193.61,617.02,39.61,73.9,1,1,0.7646
170,16,1019.03,792.63,75.28,89.83,1,1,0.83604
170,18,1528.03,338.5,38.01,71.92,1,1,0.80326
170,14,1059.26,250.09,33.2,47.46,1,1,0.70491
170,19,1489.58,231.59,32.57,69.14,1,1,0.7433
170,25,383.34,641.2,44.08,76.44,1,1,0.78903
170,10,1753.06,599.06,49.73,88.64,1,1,0.82212
170,4,1474.03,197.1,34.24,64.66,1,1,0.75039
170,1,1007.18,443.88,38.1,74.71,1,1,0.79251
170,24,1433.42,245.03,32.16,69.3,1,1,0.70032
170,15,1525.82,217.3,35.44,74.63,1,1,0.70054
170,22,1460.37,280.84,34.39,79.19,1,1,0.70902
170,21,1273.44,395.24,37.99,70.09,1,1,0.72682
171,0,940.98,792.37,69.4,79.13,1,1,0.82682
171,6,1577.59,190.6,28.64,75.12,1,1,0.78744
171,7,249.5,673.17,51.83,67.51,1,1,0.77231
171,8,840.19,482.89,40.04,69.81,1,1,0.80351
171,11,1064.92,273.7,33.22,69.73,1,1,0.72427
171,12,1338.04,581.38,50.35,85.02,1,1,0.78305
171,13,1717.53,648.97,46.76,79.63,1,1,0.7532
171,3,197.9,617.78,39.98,73.36,1,1,0.76571
171,16,1018.74,791.95,73.11,87.77,1,1,0.80174
171,18,1532.16,340.56,38.72,68.77,1,1,0.78584
171,14,1061.39,252.42,31.05,46.08,1,1,0.70045
171,19,1492.79,231.01,32.89,69.91,1,1,0.71396
171,25,394.08,644.04,40.86,74.22,1,1,0.74044
171,10,1756.81,599.96,50.82,90.82,1,1,0.7971
171,4,1479.16,195.93,32.62,65.55,1,1,0.72292
171,1,1011.24,444.33,36.77,72.99,1,1,0.7752
171,24,1435.69,244.69,32.14,68.67,1,1,0.70518
171,15,1529.36,216.16,33.94,73.04,1,1,0.68944
171,22,1465.15,280.86,33.15,77.28,1,1,0.65967
171,21,1275.47,395.82,37.83,69.3,1,1,0.73527
172,0,937.8,789.42,72.47,81.86,1,1,0.83775
172,6,1580.98,190.44,28.25,74.66,1,1,0.80789
172,7,246.14,671.39,55.41,69.16,1,1,0.80192
172,8,843.69,482.94,40.58,70.18,1,1,0.80865
172,11,1068.47,276.75,30.73,68.77,1,1,0.72683
172,12,1335.82,581.53,47.04,85.52,1,1,0.81274
172,13,1718.67,651.42,47.78,76.43,1,1,0.77358
172,3,200.46,617.38,42.18,74.21,1,1,0.7804
172,16,1017.21,789.94,68.77,87.65,1,1,0.82709
172,18,1534.78,341.0,39.83,67.29,1,1,0.79685
172,14,1061.91,252.51,29.88,50.39,1,1,0.69977
172,19,1494.78,229.35,33.46,71.8,1,1,0.72985
172,25,403.84,644.07,40.55,72.71,1,1,0.77171
172,10,1760.03,600.37,51.72,92.41,1,1,0.81203
172,4,1482.76,193.53,32.59,62.71,1,1,0.71401
172,1,1013.57,442.97,38.2,72.97,1,1,0.7881
172,24,1437.64,244.14,33.3,68.77,1,1,0.71624
172,15,1533.91,215.69,32.3,72.97,1,1,0.75944
172,22,1468.89,280.19,32.78,76.99,1,1,0.67771
172,21,1276.17,394.98,40.21,71.31,1,1,0.75357
173,0,936.73,787.19,62.06,79.21,1,1,0.80101
173,6,1584.44,190.25,27.31,72.47,1,1,0.80112
173,7,251.12,669.93,50.97,66.24,1,1,0.78801
173,8,847.58,483.65,37.46,68.92,1,1,0.79334
173,11,1070.56,281.21,27.45,62.71,1,1,0.75235
173,12,1333.51,580.83,41.09,82.84,1,1,0.797
173,13,1721.14,653.58,43.91,76.32,1,1,0.75411
173,3,204.22,616.48,41.23,71.61,1,1,0.77441
173,16,1014.79,787.74,64.64,85.25,1,1,0.81865
173,18,1538.01,341.19,37.04,62.57,1,1,0.78067
173,14,1061.55,253.01,27.93,47.25,1,1,0.72981
173,19,1496.74,228.64,31.32,71.35,1,1,0.68931
173,25,414.96,645.47,37.88,65.94,1,1,0.75003
173,10,1763.96,600.83,48.35,87.51,1,1,0.77442
173,4,1487.45,191.28,30.26,55.25,1,1,0.73884
173,1,1017.34,441.45,35.69,69.93,1,1,0.7579
173,24,1439.56,243.58,31.22,66.01,1,1,0.69032
173,15,1539.02,215.05,28.47,71.08,1,1,0.72109
173,22,1473.06,279.03,28.79,74.52,1,1,0.68438
173,21,1277.9,394.03,38.1,67.98,1,1,0.70698
174,0,933.94,784.08,59.41,80.29,1,1,0.83236
174,6,1587.8,189.38,28.07,72.68,1,1,0.82096
174,7,252.04,669.63,51.58,66.53,1,1,0.80732
174,8,848.93,484.03,39.77,72.86,1,1,0.80523
174,11,1071.81,279.92,28.68,63.24,1,1,0.73459
174,12,1331.3,580.2,40.18,83.66,1,1,0.81909
174,13,1722.01,653.99,46.91,76.31,1,1,0.77555
174,3,209.86,613.37,40.66,72.11,1,1,0.79274
174,16,1011.25,784.33,64.11,84.99,1,1,0.8507
174,18,1540.27,339.32,37.24,64.42,1,1,0.80252
174,14,1061.37,252.94,28.8,48.3,1,1,0.71341
174,19,1498.17,229.6,31.69,70.7,1,1,0.73602
174,25,425.32,646.6,37.2,63.55,1,1,0.76664
174,10,1768.08,601.37,47.64,87.04,1,1,0.8086
174,4,1490.39,188.73,33.34,55.31,1,1,0.7759
174,1,1021.46,438.66,37.18,71.86,1,1,0.74378
174,24,1441.71,242.52,33.45,67.67,1,1,0.76996
174,15,1542.4,213.61,28.15,73.92,1,1,0.78078
174,22,1476.59,276.36,29.31,76.5,1,1,0.7426
174,21,1277.13,392.44,39.9,70.13,1,1,0.75247
175,0,931.52,781.33,57.12,78.04,1,1,0.81049
175,6,1591.12,189.19,27.92,71.6,1,1,0.80964
175,7,257.32,669.44,47.38,64.41,1,1,0.79135
175,8,851.93,484.91,36.93,71.05,1,1,0.77342
175,11,1073.12,279.3,28.71,60.83,1,1,0.72308
175,12,1329.37,581.03,37.83,79.55,1,1,0.78961
175,13,1723.35,653.85,43.92,73.22,1,1,0.73466
175,3,214.06,610.83,40.58,69.26,1,1,0.74795
175,16,1007.48,782.72,65.0,82.69,1,1,0.81778
175,18,1542.09,338.96,36.9,66.31,1,1,0.78187
175,14,1059.49,253.38,27.61,45.95,1,1,0.69711
175,19,1499.68,230.23,30.01,69.84,1,1,0.71336
175,25,436.86,648.42,37.01,62.25,1,1,0.7467
175,10,1772.58,602.68,43.39,81.34,1,1,0.76559
175,4,1493.74,187.34,33.1,53.96,1,1,0.75174
175,1,1024.41,436.62,35.88,71.42,1,1,0.74647
175,24,1443.51,242.55,32.38,65.91,1,1,0.74019
175,15,1544.48,213.21,27.77,72.22,1,1,0.70141
175,22,1479.21,274.54,27.94,75.84,1,1,0.67532
175,21,1277.93,391.31,38.38,69.12,1,1,0.69383
176,0,926.79,777.18,60.44,79.02,1,1,0.82282
176,6,1593.52,188.38,28.67,72.19,1,1,0.80409
176,7,259.29,669.04,47.16,64.86,1,1,0.79626
176,8,852.97,484.92,37.47,74.54,1,1,0.77815
176,11,1071.63,276.2,31.98,63.42,1,1,0.71041
176,12,1326.35,583.5,39.6,74.68,1,1,0.80391
176,13,1722.26,652.59,43.2,73.08,1,1,0.74784
176,3,217.7,607.54,41.03,71.31,1,1,0.76087
176,16,1001.43,778.94,70.12,83.51,1,1,0.83969
176,18,1542.99,338.79,38.46,69.69,1,1,0.79225
176,14,1058.25,253.41,28.58,49.05,1,1,0.68716
176,19,1500.41,231.65,29.72,69.1,1,1,0.73094
176,25,447.28,647.75,38.39,69.32,1,1,0.76438
176,10,1775.27,604.28,42.65,78.96,1,1,0.78255
176,4,1496.35,184.7,34.05,55.36,1,1,0.76493
176,1,1025.37,434.8,40.97,73.6,1,1,0.75466
176,24,1444.67,242.21,32.9,66.46,1,1,0.76896
176,15,1546.44,212.22,28.62,72.7,1,1,0.74067
176,22,1481.41,273.16,27.92,75.87,1,1,0.69533
176,21,1276.4,390.29,37.64,68.16,1,1,0.73597
177,0,922.4,772.83,55.99,74.9,1,1,0.79731
177,6,1595.95,188.27,28.16,69.88,1,1,0.77678
177,7,265.51,669.3,42.23,62.6,1,1,0.77364
177,8,855.53,486.53,34.49,68.77,1,1,0.76728
177,11,1072.76,276.33,30.14,60.44,1,1,0.74816
177,12,1323.85,584.43,37.8,67.17,1,1,0.79149
177,13,1722.49,653.0,39.46,76.6,1,1,0.7577
177,3,222.61,605.54,36.68,67.1,1,1,0.7104
177,16,995.99,776.46,65.48,81.24,1,1,0.79093
177,18,1542.88,339.49,37.24,66.35,1,1,0.75137
177,14,1059.1,255.06,26.89,49.69,1,1,0.71055
177,19,1502.05,233.58,27.84,65.26,1,1,0.69929
177,25,458.27,646.48,34.58,68.41,1,1,0.74963
177,10,1777.0,603.74,37.64,75.95,1,1,0.74212
177,4,1499.5,183.49,32.03,56.05,1,1,0.74401
177,1,1026.52,433.62,37.29,70.61,1,1,0.74943
177,24,1445.03,241.87,29.9,62.67,1,1,0.72521
177,15,1547.07,210.41,27.03,71.21,1,1,0.64119
177,22,1483.15,271.59,25.66,72.04,1,1,0.66981
177,21,1275.79,390.37,36.42,63.01,1,1,0.70842
178,0,916.49,767.66,58.34,77.02,1,1,0.80212
178,6,1596.82,187.38,28.8,70.75,1,1,0.78888
178,7,269.39,666.4,41.7,63.31,1,1,0.76497
178,8,855.75,487.32,34.05,67.42,1,1,0.77321
178,11,1071.14,276.7,30.92,60.27,1,1,0.73287
178,12,1319.0,583.03,43.15,67.87,1,1,0.7997
178,13,1720.6,652.39,40.92,81.95,1,1,0.75828
178,3,226.26,602.51,37.06,68.81,1,1,0.66034
178,16,990.69,771.87,67.73,83.73,1,1,0.80495
178,18,1541.5,339.78,36.06,67.92,1,1,0.754
178,14,1060.14,257.03,25.97,47.78,1,1,0.68357
178,19,1503.02,234.14,27.74,64.27,1,1,0.66047
178,25,467.63,642.6,35.36,73.84,1,1,0.76482
178,10,1775.9,602.32,40.74,80.7,1,1,0.76038
178,4,1500.86,181.48,34.14,56.58,1,1,0.72307
178,1,1027.0,431.64,39.72,71.91,1,1,0.74293
178,24,1444.6,240.01,30.19,63.56,1,1,0.71833
178,15,1547.98,209.28,29.24,72.21,1,1,0.69952
178,22,1484.27,269.05,25.01,72.56,1,1,0.65693
178,21,1274.18,389.25,37.32,61.51,1,1,0.72549
179,0,913.4,762.63,53.41,76.79,1,1,0.78973
179,6,1600.05,186.31,27.8,69.96,1,1,0.77119
179,7,276.76,664.8,39.5,59.39,1,1,0.75381
179,8,858.2,487.69,31.54,62.12,1,1,0.78747
179,11,1072.02,278.32,30.42,57.04,1,1,0.74691
179,12,1315.39,580.56,38.84,66.78,1,1,0.79276
179,13,1721.04,652.38,37.69,77.08,1,1,0.75502
179,16,987.8,768.12,62.03,82.41,1,1,0.81149
179,18,1542.13,340.73,33.03,65.79,1,1,0.76362
179,14,1062.56,258.67,25.9,42.41,1,1,0.68638
179,19,1505.24,234.23,26.97,62.66,1,1,0.65065
179,25,479.08,647.38,33.76,68.9,1,1,0.7574
179,10,1777.61,602.73,38.35,79.82,1,1,0.73327
179,4,1504.3,179.04,34.3,56.67,1,1,0.70079
179,1,1029.07,430.9,35.19,69.57,1,1,0.76066
179,24,1445.55,239.07,28.84,61.81,1,1,0.68056
179,22,1487.36,267.65,24.22,71.05,1,1,0.67277
179,21,1274.96,388.94,33.64,58.1,1,1,0.7234
180,0,911.03,756.05,51.86,82.13,1,1,0.79001
180,6,1603.25,185.5,28.3,70.49,1,1,0.79368
180,7,279.83,663.84,44.83,60.76,1,1,0.76899
180,8,859.69,488.17,33.29,62.88,1,1,0.77457
180,11,1072.78,278.63,32.21,58.34,1,1,0.72369
180,12,1310.48,578.37,38.51,72.48,1,1,0.77031
180,13,1720.38,652.24,39.67,80.6,1,1,0.76915
180,16,983.35,764.35,62.21,85.67,1,1,0.82411
180,18,1543.72,342.02,31.7,66.6,1,1,0.7618
180,14,1061.98,259.31,27.02,39.34,1,1,0.70799
180,19,1508.13,233.67,28.41,62.36,1,1,0.71645
180,25,487.9,650.09,36.06,66.56,1,1,0.76761
180,10,1778.45,602.44,41.14,83.91,1,1,0.76528
180,4,1508.29,176.41,34.68,59.01,1,1,0.74802
180,1,1031.38,429.97,40.82,71.96,1,1,0.77738
180,24,1446.01,238.12,32.43,64.18,1,1,0.72278
180,22,1491.16,266.52,24.42,72.6,1,1,0.68051
180,21,1276.91,388.48,32.36,65.48,1,1,0.7174
180,15,1551.12,214.07,27.23,67.15,1,1,0.66817
181,0,908.47,752.7,45.97,77.81,1,1,0.7762
181,6,1608.79,185.73,26.44,67.42,1,1,0.77151
181,7,286.94,662.87,44.27,59.72,1,1,0.75668
181,8,863.4,489.07,32.72,62.87,1,1,0.77018
181,11,1075.95,280.0,29.38,56.61,1,1,0.74059
181,12,1310.09,579.17,34.01,70.31,1,1,0.78319
181,13,1722.37,654.55,37.85,77.24,1,1,0.77341
181,16,982.31,762.81,55.09,82.14,1,1,0.80864
181,18,1547.22,343.35,28.82,62.86,1,1,0.77158
181,14,1061.81,260.88,25.88,44.54,1,1,0.7011
181,19,1512.88,233.75,27.09,63.26,1,1,0.69969
181,25,500.75,650.69,36.07,62.47,1,1,0.76763
181,10,1781.42,603.52,38.07,80.38,1,1,0.72956
181,4,1514.75,175.16,33.38,58.38,1,1,0.71211
181,1,1034.99,430.06,35.77,69.44,1,1,0.76962
181,24,1449.13,237.91,31.28,64.87,1,1,0.68748
181,21,1279.2,389.01,30.28,64.54,1,1,0.74674
181,15,1555.85,220.05,24.17,62.09,1,1,0.64556
181,3,243.0,600.01,36.16,65.79,1,1,0.68825
182,0,905.4,751.4,46.58,75.35,1,1,0.78862
182,6,1611.42,184.94,27.23,67.95,1,1,0.76852
182,7,291.17,661.27,46.25,58.65,1,1,0.78093
182,8,864.22,489.56,34.41,68.25,1,1,0.77732
182,11,1077.36,279.17,28.92,58.38,1,1,0.73478
182,12,1307.45,579.14,33.47,72.16,1,1,0.78328
182,13,1721.83,655.1,38.06,75.92,1,1,0.76813
182,16,974.92,758.91,60.76,83.31,1,1,0.80862
182,18,1547.66,342.14,29.41,63.4,1,1,0.77
182,14,1059.69,262.3,26.94,50.39,1,1,0.72039
182,19,1515.08,233.73,27.31,66.38,1,1,0.70815
182,25,510.83,650.02,38.72,67.74,1,1,0.78273
182,10,1781.71,603.33,41.17,80.83,1,1,0.75781
182,4,1519.06,173.88,35.79,60.86,1,1,0.72214
182,1,1036.46,429.0,35.85,70.44,1,1,0.76038
182,24,1450.22,236.95,34.45,67.24,1,1,0.67021
182,21,1279.89,387.91,31.53,66.31,1,1,0.73338
182,3,245.59,598.64,40.89,68.64,1,1,0.74987
183,0,904.6,749.88,42.44,69.02,1,1,0.79276
183,6,1616.38,183.72,26.65,65.73,1,1,0.76327
183,7,300.12,658.01,43.73,55.61,1,1,0.778
183,8,867.2,489.71,31.78,69.53,1,1,0.78651
183,11,1079.66,277.04,26.32,57.17,1,1,0.75538
183,12,1306.15,578.56,31.09,69.47,1,1,0.79625
183,13,1722.65,654.93,36.52,69.73,1,1,0.76124
183,16,972.3,754.27,52.72,78.73,1,1,0.80511
183,18,1549.5,338.38,28.6,61.41,1,1,0.77639
183,14,1059.65,261.96,24.74,50.75,1,1,0.69234
183,25,522.7,649.64,36.7,68.76,1,1,0.78648
183,10,1783.01,602.26,38.21,77.05,1,1,0.73534
183,4,1525.15,171.75,32.29,59.89,1,1,0.66762
183,1,1040.41,427.72,30.7,66.74,1,1,0.75559
183,24,1452.74,235.88,32.64,65.13,1,1,0.67276
183,21,1282.11,386.4,31.26,64.9,1,1,0.71501
183,3,253.4,597.18,35.81,63.79,1,1,0.73333
184,0,899.1,745.79,46.17,70.01,1,1,0.79571
184,6,1620.79,182.66,26.39,65.75,1,1,0.77288
184,7,303.67,655.9,44.03,55.37,1,1,0.77535
184,8,867.49,492.13,31.51,71.07,1,1,0.79436
184,11,1080.16,275.61,26.1,57.59,1,1,0.74629
184,12,1303.53,579.37,31.91,67.19,1,1,0.78717
184,13,1722.2,655.92,36.78,68.77,1,1,0.76882
184,16,966.16,752.27,54.5,77.47,1,1,0.8017
184,18,1550.49,337.47,31.91,62.24,1,1,0.7634
184,14,1058.24,263.75,25.32,52.6,1,1,0.70139
184,25,532.82,651.35,35.59,71.11,1,1,0.78289
184,10,1784.2,603.31,38.28,75.73,1,1,0.73396
184,4,1530.34,170.37,33.45,61.16,1,1,0.73895
184,1,1041.14,426.83,31.3,64.91,1,1,0.74861
184,24,1454.32,235.59,33.68,64.53,1,1,0.7033
184,21,1283.13,385.24,33.31,65.09,1,1,0.7206
184,3,255.78,597.29,36.36,65.15,1,1,0.73046
184,29,1586.56,200.43,27.36,46.03,1,1,0.65629
185,0,898.1,742.61,45.85,69.55,1,1,0.79828
185,6,1627.79,181.8,27.0,65.36,1,1,0.77961
185,7,308.32,655.06,44.39,56.26,1,1,0.78356
185,8,870.72,495.77,31.18,68.89,1,1,0.81239
185,11,1083.54,275.41,25.31,57.47,1,1,0.76788
185,12,1302.92,579.91,32.41,65.57,1,1,0.80751
185,13,1725.15,657.42,35.42,71.13,1,1,0.79407
185,16,963.8,750.94,52.35,75.67,1,1,0.80436
185,18,1554.67,337.36,32.37,63.19,1,1,0.77563
185,14,1059.92,266.06,25.61,52.67,1,1,0.75328
185,25,544.03,654.51,34.9,71.89,1,1,0.808
185,10,1788.83,604.9,36.74,72.73,1,1,0.7348
185,4,1537.78,169.4,31.01,60.85,1,1,0.70468
185,1,1044.26,426.9,32.02,63.79,1,1,0.76324
185,24,1458.59,235.69,31.24,63.73,1,1,0.68141
185,21,1286.56,384.71,33.53,64.09,1,1,0.74566
185,3,260.64,598.87,34.14,64.49,1,1,0.74105
186,0,893.65,740.79,41.7,71.08,1,1,0.79939
186,6,1634.72,182.51,27.3,65.27,1,1,0.77589
186,7,310.98,655.49,46.05,59.42,1,1,0.78546
186,8,872.56,499.95,31.37,66.56,1,1,0.82284
186,11,1085.48,275.66,25.29,58.03,1,1,0.75034
186,12,1301.75,581.12,33.9,66.27,1,1,0.80739
186,13,1727.47,659.72,35.76,76.26,1,1,0.77946
186,16,960.13,751.07,48.93,75.19,1,1,0.81041
186,18,1558.6,338.55,32.77,62.14,1,1,0.77379
186,14,1061.23,266.53,24.94,52.36,1,1,0.74229
186,25,553.95,658.6,34.72,72.04,1,1,0.81779
186,10,1793.5,606.96,37.29,73.62,1,1,0.75611
186,4,1544.49,170.22,33.58,61.41,1,1,0.719
186,1,1047.12,426.9,32.38,65.48,1,1,0.75838
186,24,1462.93,235.96,29.31,64.44,1,1,0.69971
186,21,1288.55,384.58,36.15,64.16,1,1,0.7416
186,3,262.42,600.36,35.9,65.95,1,1,0.75537
186,29,1603.09,198.5,29.21,44.25,1,1,0.67311
187,0,892.17,741.74,37.52,70.55,1,1,0.80216
187,6,1642.16,184.27,26.11,63.68,1,1,0.7578
187,7,317.14,656.11,44.57,61.75,1,1,0.77492
187,8,874.65,503.3,32.15,63.47,1,1,0.8129
187,11,1086.27,277.81,26.08,57.8,1,1,0.74716
187,12,1300.33,582.7,37.51,65.47,1,1,0.79572
187,13,1729.46,663.37,37.16,78.71,1,1,0.76522
187,16,958.11,752.5,46.8,74.17,1,1,0.82525
187,18,1561.85,340.59,32.2,58.02,1,1,0.76793
187,14,1061.52,266.31,24.3,50.69,1,1,0.71105
187,25,564.15,663.75,33.05,68.43,1,1,0.81358
187,10,1797.37,609.52,37.65,75.09,1,1,0.75201
187,4,1550.98,170.24,33.24,60.46,1,1,0.67307
187,1,1050.73,427.9,31.47,65.25,1,1,0.76444
187,24,1467.86,236.61,27.01,64.17,1,1,0.71092
187,21,1290.29,384.99,35.18,62.86,1,1,0.69728
187,3,266.3,602.12,36.38,64.6,1,1,0.74691
188,0,888.12,744.46,34.85,70.01,1,1,0.80004
188,6,1650.9,186.15,25.53,64.74,1,1,0.75514
188,7,324.46,658.42,41.75,62.51,1,1,0.78466
188,8,877.4,506.31,32.0,62.51,1,1,0.81442
188,11,1087.9,279.48,26.18,53.45,1,1,0.71691
188,12,1299.54,584.63,36.5,69.53,1,1,0.80033
188,13,1732.07,666.32,36.74,82.17,1,1,0.77797
188,16,955.47,754.42,43.33,71.75,1,1,0.82171
188,18,1566.21,344.82,30.43,55.74,1,1,0.76565
188,14,1061.86,265.58,23.99,48.43,1,1,0.69933
188,25,575.09,669.82,30.47,66.25,1,1,0.81309
188,10,1802.22,612.89,35.97,74.9,1,1,0.74567
188,4,1558.87,172.46,32.39,59.42,1,1,0.69666
188,1,1054.87,429.67,29.83,65.5,1,1,0.77315
188,24,1472.73,237.9,25.86,61.84,1,1,0.71378
188,21,1292.4,386.9,32.01,62.29,1,1,0.70147
188,3,272.53,603.67,34.29,62.75,1,1,0.76065
189,0,882.28,744.04,36.83,71.27,1,1,0.80675
189,6,1656.33,186.98,26.07,64.72,1,1,0.75175
189,7,329.06,660.54,40.06,63.47,1,1,0.78844
189,8,877.05,507.8,32.79,67.35,1,1,0.80961
189,11,1088.24,280.41,26.24,53.26,1,1,0.72073
189,12,1296.87,585.58,35.16,73.1,1,1,0.79798
189,13,1731.32,668.72,39.53,85.04,1,1,0.78859
189,16,949.22,754.17,42.63,72.11,1,1,0.82178
189,18,1568.46,347.66,29.5,57.56,1,1,0.74781
189,14,1059.83,264.38,24.18,49.43,1,1,0.72162
189,25,584.47,672.42,30.48,66.38,1,1,0.82594
189,10,1804.17,615.13,34.86,74.04,1,1,0.72636
189,4,1565.51,172.78,31.57,59.24,1,1,0.68401
189,1,1056.48,431.38,28.94,66.23,1,1,0.79081
189,24,1476.07,238.01,24.55,60.05,1,1,0.72191
189,3,277.96,603.52,32.28,60.65,1,1,0.74779
189,29,1622.73,197.35,29.89,46.91,1,1,0.67285
190,0,876.84,744.95,37.18,71.9,1,1,0.80711
190,6,1660.14,188.51,27.02,64.85,1,1,0.77092
190,7,332.83,662.38,39.04,63.51,1,1,0.78956
190,8,875.5,511.0,34.15,68.95,1,1,0.81927
190,11,1088.82,281.1,26.27,50.58,1,1,0.73407
190,12,1293.34,587.67,34.21,73.05,1,1,0.78949
190,13,1731.7,672.51,40.44,84.86,1,1,0.78209
190,16,940.84,753.01,44.08,74.28,1,1,0.81743
190,18,1570.14,350.08,29.87,62.97,1,1,0.75247
190,14,1057.8,266.34,24.85,53.75,1,1,0.72446
190,25,592.67,674.51,31.57,67.58,1,1,0.81469
190,10,1806.67,618.66,34.06,74.32,1,1,0.74171
190,4,1570.37,172.54,29.6,60.81,1,1,0.72356
190,1,1056.88,432.23,29.52,66.65,1,1,0.77759
190,24,1476.88,237.95,25.45,60.66,1,1,0.72738
190,3,281.28,604.07,32.85,59.8,1,1,0.74647
190,29,1627.43,196.54,30.63,47.28,1,1,0.65056
191,0,874.58,744.69,38.8,72.09,1,1,0.8037
191,6,1668.22,189.65,26.86,66.68,1,1,0.75901
191,7,339.83,665.52,38.12,63.07,1,1,0.77879
191,8,878.5,514.74,33.73,69.98,1,1,0.81562
191,11,1091.43,285.19,26.6,55.65,1,1,0.76838
191,12,1292.34,591.2,33.07,72.36,1,1,0.80382
191,13,1735.65,677.83,39.97,81.47,1,1,0.78575
191,16,937.52,753.04,46.36,74.36,1,1,0.79558
191,18,1575.86,352.9,30.49,66.27,1,1,0.74601
191,14,1059.72,267.99,25.68,57.7,1,1,0.70725
191,25,604.1,678.16,32.64,69.55,1,1,0.80298
191,10,1811.74,623.13,34.39,79.21,1,1,0.75204
191,4,1577.62,172.23,28.77,62.39,1,1,0.71405
191,1,1060.12,437.33,29.92,64.1,1,1,0.76922
191,24,1481.03,238.59,27.11,62.16,1,1,0.72135
191,3,288.63,604.41,33.45,61.09,1,1,0.75526
192,0,871.46,744.43,39.86,71.43,1,1,0.79261
192,6,1678.48,191.45,26.6,67.08,1,1,0.76291
192,7,349.09,669.24,36.95,60.87,1,1,0.77981
192,8,882.77,518.16,33.66,71.79,1,1,0.80811
192,11,1096.14,287.99,26.85,58.04,1,1,0.75336
192,12,1293.97,594.37,32.59,72.49,1,1,0.81719
192,13,1743.22,682.36,39.96,78.35,1,1,0.80393
192,16,936.65,753.47,46.9,73.59,1,1,0.79815
192,18,1582.9,355.44,32.07,68.48,1,1,0.72292
192,14,1063.04,271.78,26.03,59.07,1,1,0.75828
192,25,617.14,682.21,32.83,70.82,1,1,0.79817
192,10,1818.64,627.0,34.9,79.46,1,1,0.74003
192,4,1587.71,173.01,27.65,61.9,1,1,0.74189
192,1,1066.29,446.68,28.65,58.43,1,1,0.76105
192,24,1487.38,239.64,30.44,63.08,1,1,0.7009
192,3,298.28,604.03,33.79,62.84,1,1,0.75367
193,0,867.34,742.74,39.37,71.32,1,1,0.80697
193,6,1687.44,192.43,25.31,64.26,1,1,0.74852
193,7,356.84,671.66,35.58,59.0,1,1,0.78084
193,8,885.06,520.58,32.83,72.31,1,1,0.81321
193,11,1098.93,289.46,25.82,57.23,1,1,0.7569
193,12,1293.44,596.71,30.98,70.82,1,1,0.82033
193,13,1746.95,684.93,39.45,75.08,1,1,0.81495
193,16,931.49,753.91,46.24,71.36,1,1,0.79505
193,18,1587.37,356.61,30.81,67.38,1,1,0.73435
193,14,1063.85,273.71,25.03,59.34,1,1,0.76129
193,25,627.44,687.03,32.45,67.39,1,1,0.81204
193,10,1821.73,630.36,35.48,77.66,1,1,0.72218
193,4,1595.51,173.15,26.75,61.32,1,1,0.73205
193,1,1069.39,445.48,26.92,59.55,1,1,0.76034
193,24,1491.89,239.62,31.18,62.59,1,1,0.70428
193,3,306.12,602.63,32.37,63.69,1,1,0.73673
194,0,863.07,740.58,39.46,72.12,1,1,0.79655
194,6,1694.76,193.34,24.02,63.5,1,1,0.72581
194,7,362.52,673.8,34.88,57.47,1,1,0.78608
194,8,886.26,522.65,32.05,71.12,1,1,0.81315
194,11,1099.86,289.4,25.49,57.03,1,1,0.75356
194,12,1290.85,597.96,30.92,69.32,1,1,0.81297
194,13,1748.23,686.63,38.75,76.05,1,1,0.80664
194,16,926.13,754.27,47.68,72.66,1,1,0.78619
194,18,1590.08,357.51,31.54,67.09,1,1,0.7141
194,14,1063.03,275.54,24.07,58.28,1,1,0.75635
194,25,637.57,690.64,31.57,65.62,1,1,0.80494
194,10,1824.26,634.24,36.36,74.72,1,1,0.74955
194,4,1600.74,172.99,26.45,61.66,1,1,0.73271
194,1,1071.19,444.28,25.69,60.61,1,1,0.72964
194,24,1495.19,240.32,32.1,62.56,1,1,0.68289
194,3,312.01,601.14,32.1,65.17,1,1,0.69457
194,21,1300.58,397.59,31.47,66.04,1,1,0.68857
195,0,861.21,739.38,37.17,71.82,1,1,0.80066
195,6,1700.5,193.93,24.1,62.44,1,1,0.74055
195,7,367.28,675.99,35.54,57.8,1,1,0.77952
195,8,886.9,526.92,31.8,66.48,1,1,0.80354
195,11,1099.59,290.13,25.51,56.16,1,1,0.75099
195,12,1286.91,599.67,32.99,67.27,1,1,0.80634
195,13,1747.98,689.0,39.07,77.28,1,1,0.82111
195,16,921.62,755.61,43.99,76.62,1,1,0.80728
195,18,1592.11,359.05,32.42,68.02,1,1,0.7178
195,14,1061.45,277.15,23.61,57.57,1,1,0.74209
195,25,647.02,695.62,31.6,64.11,1,1,0.79387
195,10,1823.92,638.69,39.71,73.07,1,1,0.75578
195,4,1605.03,174.0,27.05,60.65,1,1,0.73482
195,1,1071.28,449.48,27.5,55.51,1,1,0.73964
195,24,1498.07,241.31,29.31,60.91,1,1,0.66511
195,3,316.43,600.85,31.95,65.36,1,1,0.74339
195,21,1299.22,397.89,33.89,66.44,1,1,0.64336
196,0,855.99,738.57,36.68,71.75,1,1,0.80031
196,6,1703.62,195.21,25.16,61.85,1,1,0.74269
196,7,370.49,678.97,36.69,59.06,1,1,0.77761
196,8,885.29,531.75,31.05,62.07,1,1,0.81561
196,11,1097.95,290.99,26.55,58.41,1,1,0.76209
196,12,1281.01,602.22,35.51,65.21,1,1,0.81624
196,13,1745.95,691.65,40.09,79.1,1,1,0.80858
196,16,913.75,756.94,42.05,77.69,1,1,0.80594
196,18,1591.94,360.85,33.23,69.87,1,1,0.7269
196,14,1057.9,278.94,24.68,56.12,1,1,0.75265
196,25,655.77,699.44,32.02,64.79,1,1,0.80818
196,10,1823.08,638.97,41.02,73.93,1,1,0.72229
196,4,1608.28,175.37,26.97,60.32,1,1,0.70616
196,1,1070.34,450.43,28.57,53.86,1,1,0.75215
196,3,319.42,601.55,31.53,65.4,1,1,0.7318
197,0,850.52,737.96,37.25,69.06,1,1,0.80168
197,6,1706.45,196.29,25.05,60.21,1,1,0.74634
197,7,373.95,681.14,37.84,61.98,1,1,0.78666
197,8,883.62,535.79,30.93,61.31,1,1,0.82462
197,11,1096.16,292.91,26.99,57.79,1,1,0.75872
197,12,1274.29,604.05,35.46,65.66,1,1,0.82637
197,13,1743.17,694.18,39.76,80.19,1,1,0.81268
197,16,906.14,755.17,41.08,77.37,1,1,0.81811
197,18,1591.37,363.19,32.8,71.37,1,1,0.72719
197,14,1054.52,279.86,24.75,56.52,1,1,0.7612
197,25,663.17,702.14,32.4,64.31,1,1,0.79287
197,10,1822.45,641.48,38.12,70.7,1,1,0.69337
197,4,1612.27,176.51,26.08,58.62,1,1,0.73054
197,1,1069.34,449.58,28.36,53.45,1,1,0.75027
197,3,322.17,601.43,31.03,66.24,1,1,0.75025
197,24,1500.29,243.67,25.03,58.32,1,1,0.67602
198,0,847.33,737.6,37.66,68.96,1,1,0.80259
198,6,1710.22,197.27,25.63,60.73,1,1,0.74592
198,7,379.0,683.45,40.87,64.14,1,1,0.77795
198,8,883.41,538.96,31.67,63.44,1,1,0.81805
198,11,1095.92,294.38,27.77,58.43,1,1,0.74613
198,12,1269.44,605.23,35.12,65.54,1,1,0.8129
198,13,1741.82,696.94,39.01,82.02,1,1,0.78559
198,16,900.5,751.37,42.93,78.62,1,1,0.81215
198,18,1592.52,364.93,31.86,71.27,1,1,0.72775
198,14,1052.0,280.43,26.51,57.15,1,1,0.75283
198,25,669.53,706.14,34.8,64.89,1,1,0.79505
198,10,1824.14,644.72,34.54,67.48,1,1,0.72696
198,4,1616.09,177.35,26.91,59.58,1,1,0.73235
198,1,1069.3,449.45,29.07,54.21,1,1,0.75754
198,3,325.79,601.65,31.7,67.69,1,1,0.75168
198,24,1503.08,244.72,24.64,58.8,1,1,0.69433
198,21,1291.82,402.18,30.27,58.78,1,1,0.65263
199,0,845.48,736.96,38.3,69.34,1,1,0.79434
199,6,1714.91,198.25,26.8,61.77,1,1,0.7364
199,7,386.45,684.57,42.93,66.68,1,1,0.79287
199,8,884.12,542.98,32.74,64.33,1,1,0.81096
199,11,1097.01,296.15,27.89,60.7,1,1,0.74626
199,12,1266.43,607.78,35.15,67.27,1,1,0.81944
199,13,1742.28,700.99,39.88,82.56,1,1,0.79245
199,16,894.87,747.82,45.92,79.89,1,1,0.80704
199,18,1594.82,367.79,32.08,70.89,1,1,0.74043
199,14,1051.43,282.85,26.88,58.53,1,1,0.74154
199,25,678.31,709.64,38.51,62.84,1,1,0.79313
199,10,1826.4,647.01,30.81,69.3,1,1,0.71826
199,4,1622.15,178.42,27.16,61.05,1,1,0.74206
199,1,1071.31,441.41,28.77,61.68,1,1,0.76369
199,3,332.52,602.55,30.45,68.68,1,1,0.72313
199,24,1506.32,247.11,25.02,59.42,1,1,0.70847
200,0,844.17,735.7,37.48,70.13,1,1,0.79255
200,6,1721.17,199.4,26.35,61.99,1,1,0.74983
200,7,392.35,685.67,44.72,67.13,1,1,0.8091
200,8,884.32,544.75,32.66,65.66,1,1,0.81011
200,11,1098.21,297.39,27.98,63.21,1,1,0.74821
200,12,1265.02,609.3,33.69,67.84,1,1,0.81752
200,13,1742.82,704.47,38.82,81.59,1,1,0.78428
200,16,890.69,746.58,47.35,76.95,1,1,0.79819
200,18,1597.74,370.03,32.07,70.08,1,1,0.737
200,14,1050.91,285.18,27.0,59.23,1,1,0.74114
200,25,688.27,711.76,40.74,61.3,1,1,0.79382
200,10,1827.27,649.47,30.75,70.77,1,1,0.74389
200,4,1628.11,178.88,26.82,61.75,1,1,0.75578
200,1,1074.1,440.7,29.32,63.9,1,1,0.74027
200,3,338.35,604.14,31.17,70.43,1,1,0.76481
200,24,1510.65,246.78,25.84,61.63,1,1,0.70311
201,0,841.32,733.93,36.98,71.0,1,1,0.79445
201,6,1723.13,200.61,29.14,61.29,1,1,0.72212
201,7,397.82,687.24,47.24,66.81,1,1,0.79762
201,8,883.98,547.31,33.49,67.78,1,1,0.81892
201,11,1098.2,298.22,28.9,63.65,1,1,0.7449
201,12,1261.34,610.31,33.08,70.84,1,1,0.81081
201,13,1741.42,707.54,39.11,80.17,1,1,0.74738
201,16,883.77,744.96,48.9,74.98,1,1,0.77829
201,18,1598.93,371.3,32.02,68.09,1,1,0.74404
201,14,1048.69,286.92,29.52,63.49,1,1,0.74917
201,25,697.16,714.01,43.44,60.89,1,1,0.7856
201,10,1828.91,650.04,30.61,72.51,1,1,0.72629
201,4,1632.2,179.09,26.93,61.36,1,1,0.7265
201,1,1074.83,437.47,27.76,68.11,1,1,0.72819
201,3,339.47,605.59,34.02,73.2,1,1,0.77477
201,24,1512.75,244.66,26.73,64.12,1,1,0.68813
202,0,842.06,732.44,35.52,70.8,1,1,0.77629
202,6,1729.55,201.56,28.82,60.38,1,1,0.71672
202,7,407.41,689.71,45.03,64.55,1,1,0.79834
202,8,885.0,549.81,32.86,68.01,1,1,0.82819
202,11,1099.78,299.34,28.74,63.12,1,1,0.77013
202,12,1259.53,614.09,32.55,70.37,1,1,0.82075
202,13,1742.06,709.62,37.89,78.1,1,1,0.76406
202,16,879.79,744.73,46.93,73.7,1,1,0.80344
202,18,1602.14,371.35,30.13,66.57,1,1,0.72203
202,14,1048.06,290.13,29.64,63.79,1,1,0.78379
202,25,708.2,715.51,42.33,60.37,1,1,0.79189
202,10,1830.72,651.88,30.85,69.77,1,1,0.73377
202,4,1637.92,179.14,26.0,57.09,1,1,0.7273
202,1,1076.57,438.49,26.17,67.8,1,1,0.74372
202,3,344.43,607.97,34.31,72.02,1,1,0.77173
202,24,1516.9,245.29,26.94,64.55,1,1,0.68438
203,0,840.18,731.94,36.66,69.26,1,1,0.76633
203,6,1732.94,201.78,30.66,61.84,1,1,0.7575
203,7,410.98,691.76,49.19,64.63,1,1,0.80401
203,8,883.28,555.0,34.29,66.56,1,1,0.83015
203,11,1098.59,299.61,31.3,64.97,1,1,0.7757
203,12,1254.21,616.79,36.76,70.78,1,1,0.82539
203,13,1739.1,711.21,43.77,81.28,1,1,0.75682
203,16,872.09,743.49,47.02,78.02,1,1,0.81429
203,18,1601.85,376.29,31.91,64.1,1,1,0.76191
203,14,1044.58,291.26,31.35,66.31,1,1,0.77496
203,25,706.74,715.89,53.56,63.79,1,1,0.8138
203,10,1830.45,652.89,33.84,71.73,1,1,0.72088
203,4,1642.16,179.16,27.23,57.69,1,1,0.73232
203,1,1075.8,439.08,28.04,70.15,1,1,0.75986
203,3,346.32,610.24,37.17,72.51,1,1,0.79436
203,24,1519.63,243.48,28.31,69.08,1,1,0.72873
203,21,1296.94,403.94,28.83,63.24,1,1,0.64242
204,0,837.57,732.74,35.04,65.57,1,1,0.76577
204,6,1736.03,202.36,30.33,61.88,1,1,0.74995
204,7,417.79,693.21,45.08,62.96,1,1,0.7947
204,8,880.97,558.19,33.94,62.84,1,1,0.80802
204,11,1097.17,300.5,29.71,63.31,1,1,0.77405
204,12,1248.82,616.95,36.58,68.86,1,1,0.82695
204,13,1736.28,712.85,44.93,81.04,1,1,0.7651
204,16,867.03,742.52,42.52,78.71,1,1,0.81469
204,18,1601.41,378.61,32.49,62.89,1,1,0.74758
204,14,1042.87,293.03,30.55,63.69,1,1,0.77339
204,25,713.84,718.06,55.59,62.02,1,1,0.77363
204,10,1829.57,655.22,38.36,73.75,1,1,0.75797
204,4,1645.71,179.1,26.72,55.88,1,1,0.6832
204,1,1074.87,440.36,27.73,67.83,1,1,0.76679
204,3,349.87,613.12,36.14,68.88,1,1,0.77489
204,24,1520.75,243.73,28.17,69.8,1,1,0.67608
204,30,1645.65,233.65,27.98,64.62,1,1,0.66466
204,21,1295.24,404.66,29.56,63.82,1,1,0.65655
205,0,830.88,734.16,35.12,63.13,1,1,0.75532
205,6,1741.17,202.43,31.1,64.99,1,1,0.73877
205,7,421.67,694.12,48.03,65.07,1,1,0.80208
205,8,878.7,560.96,34.17,63.05,1,1,0.81539
205,11,1095.59,301.05,30.72,65.14,1,1,0.76451
205,12,1245.76,617.67,36.42,69.56,1,1,0.82893
205,13,1735.08,714.28,48.01,83.13,1,1,0.73519
205,16,859.03,741.13,43.93,79.9,1,1,0.8138
205,18,1601.3,380.58,33.07,62.89,1,1,0.73262
205,14,1040.72,294.87,31.55,61.49,1,1,0.76737
205,25,726.15,720.94,54.44,59.96,1,1,0.75823
205,10,1829.6,656.59,40.79,77.79,1,1,0.757
205,4,1649.63,178.9,27.61,55.61,1,1,0.67535
205,1,1074.79,440.45,28.32,67.82,1,1,0.76256
205,3,352.83,615.6,36.97,67.83,1,1,0.77356
205,24,1523.07,244.53,29.48,70.54,1,1,0.65563
205,30,1647.93,234.26,29.29,66.44,1,1,0.68936
205,21,1294.25,405.13,31.77,65.64,1,1,0.65397
206,0,822.62,736.06,36.01,60.9,1,1,0.76711
206,6,1744.83,201.65,33.04,67.33,1,1,0.74503
206,7,424.53,694.41,54.87,67.96,1,1,0.8007
206,8,876.0,563.51,35.58,65.82,1,1,0.80832
206,11,1092.56,301.1,34.56,68.0,1,1,0.75133
206,12,1240.24,618.83,37.99,67.42,1,1,0.81812
206,13,1731.73,716.27,52.73,85.88,1,1,0.76061
206,16,850.49,740.79,50.6,80.46,1,1,0.81583
206,18,1600.41,381.36,34.24,66.41,1,1,0.72216
206,14,1036.18,295.51,34.9,64.67,1,1,0.75905
206,25,736.41,724.4,57.32,56.85,1,1,0.7584
206,10,1828.19,658.41,46.12,81.03,1,1,0.76621
206,4,1653.09,178.38,29.37,59.97,1,1,0.70002
206,1,1072.18,439.97,30.96,69.97,1,1,0.75236
206,3,354.79,617.11,37.6,67.07,1,1,0.77821
206,24,1525.65,246.16,30.27,69.98,1,1,0.67404
206,30,1650.74,234.54,30.52,66.49,1,1,0.67228
207,0,816.67,740.19,34.24,58.09,1,1,0.66668
207,6,1747.4,200.34,33.12,69.02,1,1,0.73615
207,7,425.2,695.21,57.09,69.48,1,1,0.79875
207,8,870.46,566.05,36.29,63.04,1,1,0.78944
207,11,1087.27,300.9,38.52,70.27,1,1,0.75285
207,12,1231.84,620.11,41.28,69.75,1,1,0.80671
207,13,1727.21,719.08,55.26,86.45,1,1,0.76308
207,16,839.15,740.26,59.18,81.63,1,1,0.80226
207,18,1598.0,382.38,33.36,69.18,1,1,0.72921
207,14,1029.2,296.47,38.39,67.39,1,1,0.74508
207,25,742.42,729.39,61.2,54.91,1,1,0.79857
207,10,1827.35,661.15,49.71,82.01,1,1,0.73265
207,4,1654.95,177.4,30.04,60.75,1,1,0.72137
207,1,1068.55,439.2,32.61,71.92,1,1,0.73991
207,3,353.77,619.07,37.67,68.56,1,1,0.77554
207,24,1525.99,248.54,31.89,67.99,1,1,0.70803
207,30,1651.0,234.89,30.44,68.18,1,1,0.69241
207,15,1579.2,262.41,35.51,72.2,1,1,0.66198
207,21,1286.08,407.53,31.63,65.4,1,1,0.68092
208,6,1750.81,199.51,32.31,69.1,1,1,0.73305
208,7,432.99,696.68,50.11,70.03,1,1,0.7685
208,8,865.8,569.46,36.28,59.5,1,1,0.78891
208,11,1084.08,302.32,37.25,67.76,1,1,0.75981
208,12,1224.61,621.29,40.02,73.26,1,1,0.81042
208,13,1724.56,721.72,47.91,86.47,1,1,0.74831
208,16,830.65,741.35,59.16,77.92,1,1,0.78941
208,18,1597.46,384.34,30.99,68.13,1,1,0.72871
208,14,1023.55,298.12,37.05,67.1,1,1,0.75147
208,25,751.27,733.9,58.84,54.67,1,1,0.81204
208,4,1658.03,176.92,28.62,59.49,1,1,0.72088
208,1,1066.67,439.67,32.93,72.41,1,1,0.74685
208,3,356.45,620.83,35.27,67.16,1,1,0.77961
208,24,1527.22,250.98,30.01,63.62,1,1,0.67921
208,21,1284.11,408.48,29.86,65.5,1,1,0.6591
209,6,1755.39,198.4,32.79,69.15,1,1,0.70652
209,7,438.57,698.11,46.15,69.87,1,1,0.77695
209,8,863.57,573.73,34.58,57.74,1,1,0.79853
209,11,1082.69,303.44,33.6,67.55,1,1,0.75621
209,12,1219.8,623.41,37.4,74.68,1,1,0.81183
209,13,1724.45,724.85,42.76,86.72,1,1,0.74777
209,16,823.42,743.53,60.84,76.04,1,1,0.807
209,18,1598.31,385.28,30.78,68.03,1,1,0.74539
209,14,1020.69,300.94,35.61,66.1,1,1,0.75167
209,25,761.22,736.99,57.03,54.12,1,1,0.79449
209,4,1663.82,175.71,28.22,59.5,1,1,0.71536
209,1,1066.08,439.96,34.21,72.36,1,1,0.75719
209,3,360.46,622.24,33.61,66.11,1,1,0.77688
209,24,1530.34,250.4,29.8,64.06,1,1,0.66726
209,21,1280.89,410.71,30.44,69.81,1,1,0.72111
209,10,1829.33,665.42,36.44,78.37,1,1,0.66305
209,15,1576.29,263.46,36.85,68.27,1,1,0.64297
210,6,1761.14,197.9,32.71,69.41,1,1,0.69384
210,7,448.45,699.43,41.6,68.29,1,1,0.78234
210,8,862.2,577.57,33.45,59.08,1,1,0.81061
210,11,1082.12,304.82,30.08,67.06,1,1,0.76803
210,12,1216.19,625.78,35.83,74.9,1,1,0.81906
210,13,1725.38,728.65,41.37,84.98,1,1,0.76584
210,16,818.21,744.35,56.93,74.7,1,1,0.82872
210,18,1600.51,386.9,30.72,66.02,1,1,0.74888
210,14,1019.66,301.62,32.93,66.26,1,1,0.75761
210,25,771.81,739.86,52.87,54.52,1,1,0.79498
210,4,1669.71,174.2,27.93,60.33,1,1,0.70968
210,1,1066.08,440.66,34.54,71.18,1,1,0.76065
210,3,365.45,621.79,32.33,65.86,1,1,0.77412
210,24,1533.77,250.27,30.33,64.54,1,1,0.64798
210,21,1281.88,412.1,30.09,71.51,1,1,0.75763
210,10,1832.32,666.03,32.8,79.36,1,1,0.70162
211,6,1766.0,195.48,34.52,72.02,1,1,0.6843
211,7,453.81,701.31,43.23,69.42,1,1,0.80845
211,8,858.8,581.18,34.87,59.06,1,1,0.801
211,11,1079.54,305.06,30.88,69.26,1,1,0.75373
211,12,1212.01,628.45,36.96,75.86,1,1,0.81261
211,13,1722.54,730.55,45.1,85.57,1,1,0.77333
211,16,812.75,743.91,56.58,77.04,1,1,0.82543
211,18,1601.43,387.2,33.5,67.75,1,1,0.76705
211,14,1015.85,304.29,33.39,68.1,1,1,0.77644
211,25,779.84,741.21,49.73,56.45,1,1,0.76519
211,4,1674.69,172.05,29.67,61.87,1,1,0.76065
211,1,1064.92,440.77,37.83,73.46,1,1,0.76564
211,3,369.0,621.46,32.94,68.78,1,1,0.78562
211,24,1536.88,249.08,30.32,66.27,1,1,0.72553
211,21,1283.0,411.76,30.2,73.97,1,1,0.76352
211,10,1832.39,667.29,33.68,81.1,1,1,0.64839
211,30,1664.28,231.25,29.63,70.68,1,1,0.74952
211,15,1578.43,263.57,43.14,70.55,1,1,0.71421
212,6,1770.56,195.31,34.76,71.22,1,1,0.70141
212,7,459.1,702.96,44.31,67.66,1,1,0.80394
212,8,855.62,584.64,35.1,59.61,1,1,0.80343
212,11,1076.62,305.22,30.74,68.75,1,1,0.7435
212,12,1206.54,629.8,38.92,75.37,1,1,0.80394
212,13,1719.61,731.96,45.63,84.14,1,1,0.77898
212,16,809.22,743.84,49.83,76.61,1,1,0.81034
212,18,1600.92,387.98,34.87,66.63,1,1,0.74464
212,14,1012.23,305.06,32.52,67.88,1,1,0.76843
212,25,786.23,740.3,43.01,55.77,1,1,0.74164
212,4,1679.08,171.61,29.26,61.05,1,1,0.74242
212,1,1064.31,441.13,37.48,73.37,1,1,0.75913
212,3,371.51,621.85,34.04,69.29,1,1,0.77195
212,24,1538.79,248.05,30.7,66.69,1,1,0.71093
212,21,1284.31,412.45,28.98,74.15,1,1,0.76282
212,10,1831.48,668.01,36.47,82.12,1,1,0.70035
212,32,1620.36,269.29,34.69,72.49,1,1,0.66235
212,30,1666.6,230.66,29.97,69.02,1,1,0.71496
212,15,1579.44,262.78,44.55,71.32,1,1,0.73459
213,6,1772.86,191.67,35.65,74.81,1,1,0.70821
213,7,459.99,704.27,49.09,68.82,1,1,0.82311
213,8,850.46,586.24,36.6,66.37,1,1,0.80236
213,11,1072.21,304.83,32.86,70.81,1,1,0.76297
213,12,1198.15,630.1,44.11,76.71,1,1,0.82255
213,13,1714.86,732.54,49.34,87.03,1,1,0.80718
213,16,804.15,742.35,48.06,78.04,1,1,0.80775
213,18,1598.49,388.1,37.79,68.67,1,1,0.77326
213,14,1006.45,304.33,33.27,70.05,1,1,0.78286
213,4,1682.1,171.85,29.76,61.56,1,1,0.77301
213,1,1061.5,441.43,36.98,75.52,1,1,0.78096
213,3,372.39,622.66,35.77,70.58,1,1,0.78399
213,24,1539.36,246.08,31.57,69.63,1,1,0.76197
213,21,1282.64,412.39,31.33,76.45,1,1,0.77261
213,10,1827.58,668.75,42.83,86.5,1,1,0.77905
213,32,1621.62,268.87,34.38,74.68,1,1,0.72409
213,30,1667.45,230.32,31.59,69.77,1,1,0.75146
213,15,1577.79,262.45,46.07,72.95,1,1,0.7741
213,33,1702.98,197.91,37.18,45.26,1,1,0.7582
213,0,779.94,738.54,36.82,52.51,1,1,0.7017
214,6,1776.67,186.89,37.24,78.58,1,1,0.7238
214,7,464.61,704.15,52.05,69.86,1,1,0.82146
214,8,848.18,588.8,36.82,69.18,1,1,0.79259
214,11,1069.53,304.8,34.94,70.86,1,1,0.75719
214,12,1190.69,629.62,50.57,76.94,1,1,0.82309
214,13,1712.37,732.98,53.89,89.56,1,1,0.8168
214,16,801.85,742.17,46.65,76.51,1,1,0.78119
214,18,1598.17,387.65,39.62,68.97,1,1,0.77707
214,14,1001.3,303.14,35.04,69.94,1,1,0.78854
214,4,1686.12,171.09,30.88,62.32,1,1,0.77506
214,1,1058.89,439.95,38.25,76.11,1,1,0.77449
214,3,373.52,621.62,38.12,71.9,1,1,0.78337
214,24,1541.61,243.44,32.86,72.32,1,1,0.77238
214,21,1281.87,411.83,34.53,75.87,1,1,0.76701
214,10,1825.39,668.79,48.08,89.54,1,1,0.79149
214,32,1624.19,269.22,35.47,74.51,1,1,0.73011
214,30,1669.65,229.84,33.18,68.48,1,1,0.75333
214,15,1577.99,261.98,45.92,74.15,1,1,0.77905
214,33,1706.5,195.6,38.5,47.14,1,1,0.75355
215,6,1784.63,188.67,36.76,77.09,1,1,0.65012
215,7,473.35,705.08,54.86,70.48,1,1,0.813
215,8,846.65,592.15,38.62,73.42,1,1,0.79199
215,11,1067.72,304.27,40.87,72.97,1,1,0.7698
215,12,1184.72,631.06,57.32,77.53,1,1,0.83202
215,13,1710.77,734.66,55.02,89.43,1,1,0.81726
215,16,801.07,743.35,46.12,75.76,1,1,0.77539
215,18,1601.03,387.6,39.57,69.18,1,1,0.77115
215,14,999.23,303.27,37.84,74.55,1,1,0.78468
215,4,1691.28,169.22,31.76,63.97,1,1,0.78264
215,1,1058.06,438.28,38.27,78.57,1,1,0.77448
215,3,376.34,620.73,40.05,71.52,1,1,0.78508
215,24,1546.04,241.79,34.01,74.29,1,1,0.77684
215,21,1282.11,411.81,38.09,74.94,1,1,0.76962
215,10,1826.29,669.72,51.17,91.29,1,1,0.7992
215,32,1630.88,269.31,34.85,74.91,1,1,0.69488
215,30,1673.99,229.18,34.29,69.21,1,1,0.77477
215,15,1580.62,261.9,46.31,75.19,1,1,0.74896
215,33,1713.94,193.24,38.73,48.46,1,1,0.76178
215,25,808.78,742.38,52.67,55.74,1,1,0.68052
216,6,1787.65,182.8,37.28,82.33,1,1,0.73463
216,7,483.53,706.41,53.1,70.21,1,1,0.80774
216,8,842.89,595.96,39.4,74.73,1,1,0.79895
216,11,1064.41,304.55,46.21,74.66,1,1,0.77312
216,12,1176.11,632.27,60.17,77.64,1,1,0.80992
216,13,1707.71,735.6,57.48,90.92,1,1,0.8003
216,16,796.7,744.12,45.79,73.58,1,1,0.79366
216,18,1601.16,389.24,40.02,70.7,1,1,0.72317
216,14,994.61,305.09,42.96,76.87,1,1,0.78579
216,4,1695.81,168.78,32.11,64.46,1,1,0.75956
216,1,1057.5,437.04,37.23,78.93,1,1,0.76195
216,3,378.25,620.89,41.96,70.64,1,1,0.77722
216,24,1549.09,241.81,35.56,74.35,1,1,0.65038
216,21,1277.65,412.05,42.38,75.59,1,1,0.75715
216,10,1824.53,670.92,53.09,91.83,1,1,0.78816
216,30,1677.21,229.22,34.25,69.71,1,1,0.75935
216,15,1582.84,264.77,45.48,72.51,1,1,0.69417
216,33,1718.06,191.54,39.81,48.92,1,1,0.73796
216,25,817.35,741.63,48.32,58.49,1,1,0.75323
217,6,1791.37,181.72,35.6,83.36,1,1,0.69016
217,7,494.85,706.93,46.39,70.71,1,1,0.7776
217,8,837.81,599.64,39.4,75.48,1,1,0.78743
217,11,1061.38,304.71,44.48,72.93,1,1,0.70494
217,12,1167.63,634.03,55.51,75.94,1,1,0.80086
217,13,1704.83,738.36,57.02,89.86,1,1,0.78977
217,16,790.07,745.27,48.22,73.54,1,1,0.78676
217,18,1599.71,391.23,37.73,73.71,1,1,0.74173
217,14,989.2,306.29,40.22,76.84,1,1,0.74356
217,4,1699.23,167.78,31.79,65.05,1,1,0.74653
217,1,1055.2,435.96,36.65,78.66,1,1,0.73937
217,3,378.02,620.96,44.57,70.65,1,1,0.78039
217,21,1271.08,412.66,45.18,73.53,1,1,0.71021
217,10,1822.46,672.7,52.08,90.27,1,1,0.75716
217,30,1679.45,228.43,34.14,70.34,1,1,0.74119
217,15,1583.45,265.39,41.37,71.57,1,1,0.66257
217,33,1721.53,189.47,39.57,50.38,1,1,0.69977
217,25,819.18,741.04,46.11,60.89,1,1,0.75599
218,6,1792.37,182.35,36.07,83.68,1,1,0.68305
218,7,500.96,708.3,44.23,70.13,1,1,0.79958
218,8,832.62,603.53,41.29,79.32,1,1,0.79009
218,11,1056.67,306.0,44.68,73.9,1,1,0.73128
218,12,1160.2,635.78,50.19,76.72,1,1,0.81013
218,13,1701.79,740.65,55.83,90.66,1,1,0.79302
218,16,783.05,749.03,52.79,71.76,1,1,0.81328
218,18,1598.55,392.41,34.68,76.18,1,1,0.74877
218,14,984.2,307.95,40.27,78.0,1,1,0.73978
218,4,1701.31,167.81,31.81,64.86,1,1,0.7476
218,1,1052.09,435.36,37.59,80.64,1,1,0.76455
218,3,378.81,621.68,43.1,71.73,1,1,0.7832
218,21,1264.14,414.17,46.04,73.74,1,1,0.77364
218,10,1821.12,674.82,51.45,89.18,1,1,0.77748
218,30,1679.6,227.83,34.39,72.0,1,1,0.76027
218,15,1582.32,265.84,37.97,70.67,1,1,0.71922
218,33,1723.2,188.06,39.79,51.05,1,1,0.73438
218,25,819.71,742.92,45.27,61.06,1,1,0.80906
218,32,1640.16,265.76,33.0,75.33,1,1,0.69545
218,24,1550.97,241.28,38.87,75.13,1,1,0.66861
219,6,1795.72,186.11,35.63,80.78,1,1,0.65174
219,7,511.12,709.97,40.97,67.71,1,1,0.7907
219,8,831.02,608.43,40.08,78.57,1,1,0.79261
219,11,1054.48,309.61,41.0,71.22,1,1,0.73525
219,12,1156.74,636.73,45.2,76.02,1,1,0.79567
219,13,1700.65,743.04,49.42,89.7,1,1,0.78104
219,16,778.31,751.61,55.58,70.08,1,1,0.8053
219,18,1598.76,393.3,31.75,76.55,1,1,0.734
219,14,981.17,310.1,38.81,78.9,1,1,0.73821
219,4,1703.97,167.08,32.27,66.03,1,1,0.73981
219,1,1050.48,434.28,39.1,80.65,1,1,0.76754
219,3,381.41,621.65,43.07,71.36,1,1,0.77507
219,21,1261.68,415.35,44.15,73.97,1,1,0.7779
219,10,1820.12,676.59,48.87,86.21,1,1,0.76788
219,30,1681.69,227.67,34.31,72.07,1,1,0.76121
219,15,1581.48,264.48,36.72,72.01,1,1,0.72436
219,33,1727.24,187.21,38.33,50.71,1,1,0.74846
219,25,822.68,744.73,43.22,61.8,1,1,0.80651
219,24,1551.68,242.89,40.42,74.7,1,1,0.67805
220,6,1798.32,176.38,34.13,59.69,1,1,0.65876
220,7,517.53,710.94,42.29,66.31,1,1,0.78718
220,8,830.85,611.62,37.32,76.03,1,1,0.78468
220,11,1054.03,313.18,36.4,66.14,1,1,0.74824
220,12,1153.92,639.08,39.74,73.64,1,1,0.79153
220,13,1698.89,744.06,43.88,88.38,1,1,0.77596
220,16,773.31,754.94,57.48,66.84,1,1,0.79739
220,18,1600.77,395.19,30.38,76.37,1,1,0.75328
220,14,979.57,312.03,36.28,76.89,1,1,0.74053
220,4,1708.52,165.81,32.82,66.54,1,1,0.73447
220,1,1050.56,433.94,39.21,78.83,1,1,0.75558
220,3,386.84,620.75,41.76,70.59,1,1,0.77079
220,21,1262.48,415.69,41.09,73.29,1,1,0.76772
220,10,1819.88,677.07,45.29,86.15,1,1,0.74887
220,30,1685.92,226.79,33.54,72.98,1,1,0.75116
220,15,1582.55,262.89,36.26,73.02,1,1,0.70428
220,33,1733.18,184.19,36.98,51.21,1,1,0.74083
220,25,826.02,744.97,41.34,61.54,1,1,0.7998
220,24,1556.68,240.9,38.67,75.56,1,1,0.66239
221,6,1799.08,170.11,33.01,56.02,1,1,0.70008
221,7,522.36,711.83,43.65,68.69,1,1,0.7918
221,8,828.19,613.46,34.46,73.93,1,1,0.77723
221,11,1050.29,313.37,33.82,65.56,1,1,0.7574
221,12,1149.38,643.37,35.68,70.45,1,1,0.80176
221,13,1693.62,744.16,41.54,86.38,1,1,0.77989
221,16,765.11,759.0,63.98,62.19,1,1,0.78759
221,18,1599.38,395.01,31.11,76.76,1,1,0.74286
221,14,974.85,313.26,35.09,75.56,1,1,0.76252
221,4,1711.45,163.96,33.27,67.35,1,1,0.76543
221,1,1048.08,434.08,41.3,79.24,1,1,0.77962
221,3,386.12,618.87,42.25,73.47,1,1,0.76123
221,21,1261.8,415.88,38.72,72.64,1,1,0.74293
221,10,1816.74,676.37,44.61,89.16,1,1,0.75515
221,30,1688.0,225.31,34.01,73.23,1,1,0.76267
221,15,1581.21,261.59,38.08,74.04,1,1,0.78341
221,33,1735.96,181.16,36.79,52.17,1,1,0.75225
221,25,826.16,743.46,41.65,62.37,1,1,0.7909
221,24,1559.55,238.86,37.44,76.19,1,1,0.75734
221,32,1646.2,262.83,36.52,79.94,1,1,0.66422
222,6,1799.62,167.19,32.31,53.08,1,1,0.68276
222,7,525.43,711.65,46.29,70.8,1,1,0.78663
222,8,823.85,614.56,33.48,73.43,1,1,0.7774
222,11,1046.23,312.1,31.86,65.09,1,1,0.76932
222,12,1142.03,640.25,35.41,70.73,1,1,0.80396
222,13,1687.34,742.12,41.3,86.0,1,1,0.78409
222,16,754.85,763.5,72.45,57.02,1,1,0.78075
222,18,1595.56,393.44,31.48,75.09,1,1,0.74119
222,14,968.94,312.09,34.26,73.16,1,1,0.76876
222,4,1712.95,161.34,32.5,66.86,1,1,0.76157
222,1,1044.79,433.49,38.59,78.08,1,1,0.76843
222,3,388.99,617.83,39.34,72.96,1,1,0.71462
222,21,1259.18,415.01,36.77,71.03,1,1,0.76363
222,10,1812.51,674.42,44.69,89.25,1,1,0.74975
222,30,1688.52,223.29,33.66,72.99,1,1,0.74118
222,15,1577.63,259.32,40.6,76.9,1,1,0.7443
222,33,1736.96,177.71,36.04,53.13,1,1,0.74625
222,25,826.05,741.32,42.74,63.2,1,1,0.79727
222,24,1559.95,237.16,36.66,74.89,1,1,0.73545
222,34,1807.33,188.69,32.9,75.81,1,1,0.67657
223,6,1800.96,163.12,31.03,55.72,1,1,0.71897
223,7,531.48,711.62,50.78,72.24,1,1,0.77679
223,8,819.46,615.23,34.74,76.2,1,1,0.76915
223,11,1043.81,308.5,29.21,65.49,1,1,0.74035
223,12,1133.83,636.45,37.44,71.16,1,1,0.80484
223,13,1683.68,739.4,43.64,87.41,1,1,0.79981
223,16,748.72,767.2,79.22,51.91,1,1,0.7699
223,18,1594.03,391.44,33.13,72.69,1,1,0.76127
223,14,964.97,310.3,33.19,72.49,1,1,0.76438
223,4,1716.73,157.81,31.09,67.3,1,1,0.7675
223,1,1043.84,432.82,37.91,77.1,1,1,0.75666
223,3,393.65,615.03,36.42,74.33,1,1,0.75276
223,21,1257.01,412.8,36.54,70.93,1,1,0.75227
223,10,1810.28,673.93,46.52,89.93,1,1,0.76692
223,30,1691.25,221.08,33.49,72.66,1,1,0.74891
223,15,1575.58,257.36,43.9,78.44,1,1,0.70259
223,33,1739.98,173.3,35.75,54.88,1,1,0.72653
223,25,829.5,739.92,41.38,62.16,1,1,0.80127
223,24,1563.08,234.89,35.03,74.97,1,1,0.70871
223,34,1810.95,187.21,32.31,74.43,1,1,0.72955
224,6,1803.44,159.42,31.29,56.34,1,1,0.68604
224,7,538.62,711.1,54.63,73.39,1,1,0.79262
224,8,817.12,616.15,36.06,78.71,1,1,0.76202
224,11,1040.36,304.9,32.86,71.33,1,1,0.75307
224,12,1130.06,633.28,37.79,74.2,1,1,0.81467
224,13,1680.0,736.36,49.53,91.63,1,1,0.79322
224,16,741.15,770.35,92.89,47.04,1,1,0.82286
224,18,1592.98,389.7,36.51,71.05,1,1,0.77561
224,14,960.9,310.07,35.63,75.74,1,1,0.7548
224,4,1721.03,154.41,31.34,66.67,1,1,0.77113
224,1,1044.15,430.2,36.14,77.31,1,1,0.76097
224,3,400.36,611.44,35.08,77.04,1,1,0.7438
224,21,1257.06,410.01,33.9,71.61,1,1,0.6927
224,10,1807.07,671.85,49.95,92.65,1,1,0.78684
224,30,1695.1,218.57,32.47,71.41,1,1,0.74946
224,15,1575.13,255.68,43.62,78.29,1,1,0.6729
224,33,1743.33,167.93,37.63,55.76,1,1,0.7377
224,25,833.68,737.92,42.67,62.51,1,1,0.79537
224,24,1564.83,233.65,35.17,71.12,1,1,0.66629
224,34,1812.81,183.04,33.53,76.28,1,1,0.72267
225,7,546.33,709.29,54.7,74.34,1,1,0.78139
225,8,816.16,616.57,34.11,78.7,1,1,0.77668
225,11,1037.31,301.06,34.78,73.53,1,1,0.67365
225,12,1126.13,631.66,37.96,73.92,1,1,0.81164
225,13,1675.4,733.43,52.22,92.23,1,1,0.7776
225,16,732.73,772.1,103.04,44.35,1,1,0.79907
225,18,1592.14,386.45,39.54,71.27,1,1,0.73987
225,14,958.29,308.41,36.42,76.55,1,1,0.72466
225,4,1724.83,150.3,31.69,67.24,1,1,0.76848
225,1,1044.65,427.88,32.27,75.84,1,1,0.74025
225,3,405.67,607.54,33.22,75.97,1,1,0.73998
225,10,1804.85,669.12,49.94,93.11,1,1,0.76508
225,30,1698.21,215.97,32.27,71.54,1,1,0.73873
225,33,1747.28,163.23,37.8,55.64,1,1,0.72881
225,25,837.92,736.18,41.76,60.29,1,1,0.7949
225,34,1816.09,179.0,33.99,78.17,1,1,0.72614
226,7,554.12,707.6,52.43,71.61,1,1,0.76041
226,8,815.59,616.6,35.43,79.16,1,1,0.76661
226,11,1036.12,297.14,37.85,76.09,1,1,0.73977
226,12,1122.1,627.23,40.77,75.72,1,1,0.79365
226,13,1670.55,729.18,57.59,92.81,1,1,0.78039
226,16,728.38,770.83,106.62,43.21,1,1,0.68614
226,18,1592.44,381.54,41.96,71.34,1,1,0.73372
226,14,956.42,305.93,37.44,77.12,1,1,0.72195
226,4,1730.84,145.53,31.97,66.7,1,1,0.73994
226,1,1046.0,424.78,30.57,75.75,1,1,0.7291
226,3,411.79,603.33,34.26,76.91,1,1,0.73444
226,10,1803.19,666.93,50.94,92.0,1,1,0.77341
226,30,1702.71,211.93,32.24,70.94,1,1,0.73468
226,33,1753.42,157.34,36.68,57.06,1,1,0.73413
226,25,842.17,730.44,43.72,60.41,1,1,0.78809
226,34,1821.28,173.86,34.66,80.94,1,1,0.71393
226,21,1256.68,402.63,36.92,74.74,1,1,0.70175
226,15,1577.85,252.98,40.23,77.85,1,1,0.70763
226,24,1578.03,223.93,32.6,51.83,1,1,0.65738
227,7,563.2,706.66,55.71,72.4,1,1,0.76693
227,8,816.44,616.85,36.02,81.44,1,1,0.76124
227,11,1037.7,294.85,36.11,75.34,1,1,0.72998
227,12,1120.36,625.67,40.57,71.22,1,1,0.77651
227,13,1668.37,726.94,62.15,93.36,1,1,0.77076
227,16,728.03,767.51,112.43,43.66,1,1,0.82314
227,18,1595.34,378.49,42.86,70.66,1,1,0.72931
227,14,955.9,303.87,37.86,78.16,1,1,0.72999
227,4,1737.71,141.28,32.78,67.56,1,1,0.77049
227,1,1048.52,420.68,31.78,75.53,1,1,0.75035
227,3,419.08,599.37,34.62,77.25,1,1,0.76185
227,10,1803.52,664.77,53.08,92.99,1,1,0.76951
227,30,1708.66,209.33,33.01,69.6,1,1,0.75766
227,33,1760.02,152.05,37.58,58.23,1,1,0.74126
227,25,848.96,725.88,46.53,59.38,1,1,0.7763
227,34,1830.79,172.91,34.15,80.48,1,1,0.66834
227,21,1256.7,398.97,41.23,75.33,1,1,0.70374
227,15,1581.77,252.11,38.21,76.64,1,1,0.70338
227,24,1586.2,218.35,32.43,46.46,1,1,0.6566
227,6,1813.49,145.83,37.19,60.83,1,1,0.66409
228,7,572.16,704.74,52.37,73.31,1,1,0.76712
228,8,815.49,617.48,35.53,81.17,1,1,0.77982
228,11,1039.02,293.04,34.77,71.92,1,1,0.71519
228,12,1116.27,624.54,39.14,68.84,1,1,0.76817
228,13,1668.49,726.3,55.64,91.83,1,1,0.74809
228,16,730.52,763.54,108.47,44.22,1,1,0.75423
228,18,1596.32,376.37,38.58,71.62,1,1,0.71465
228,14,954.19,302.43,37.42,77.95,1,1,0.72858
228,4,1743.77,137.62,32.69,67.82,1,1,0.74169
228,1,1049.89,416.75,34.36,75.83,1,1,0.75802
228,3,424.77,595.45,33.44,76.57,1,1,0.75351
228,10,1804.32,663.43,48.48,90.3,1,1,0.73429
228,30,1713.17,206.04,33.36,68.73,1,1,0.71359
228,33,1766.02,146.52,37.85,60.25,1,1,0.75524
228,25,854.36,721.18,47.5,56.97,1,1,0.79125
228,34,1837.98,172.1,34.55,78.45,1,1,0.69139
228,21,1255.61,396.74,43.96,74.26,1,1,0.73302
228,6,1819.71,142.14,35.72,56.28,1,1,0.72092
229,7,575.14,703.9,54.55,74.76,1,1,0.79873
229,8,813.44,617.69,34.19,79.74,1,1,0.78625
229,11,1039.12,291.5,34.44,72.0,1,1,0.72426
229,12,1110.53,623.72,36.84,68.77,1,1,0.75285
229,13,1666.89,725.8,54.14,92.2,1,1,0.75011
229,16,729.13,759.44,109.22,46.42,1,1,0.72891
229,18,1595.44,374.2,35.06,74.75,1,1,0.75225
229,14,951.45,302.4,36.56,78.68,1,1,0.7545
229,4,1749.32,133.68,31.87,66.94,1,1,0.75318
229,1,1049.25,413.29,37.85,76.19,1,1,0.75944
229,3,428.67,592.34,34.4,76.26,1,1,0.76403
229,10,1804.64,662.37,43.6,86.95,1,1,0.74386
229,30,1716.62,202.04,33.62,71.11,1,1,0.73635
229,33,1770.98,140.25,38.38,60.47,1,1,0.75277
229,25,855.89,717.33,49.23,54.54,1,1,0.80387
229,34,1843.92,169.16,33.9,77.75,1,1,0.69889
229,21,1253.52,394.83,46.15,74.34,1,1,0.69026
229,6,1824.01,138.71,35.35,56.16,1,1,0.70103
230,7,585.46,701.84,49.57,73.79,1,1,0.79268
230,8,812.1,617.14,33.28,77.52,1,1,0.80792
230,11,1037.6,291.15,33.47,70.9,1,1,0.75487
230,12,1105.18,623.24,35.8,71.39,1,1,0.76909
230,13,1666.14,724.24,48.75,92.39,1,1,0.75507
230,18,1595.41,373.0,31.95,74.53,1,1,0.76465
230,14,948.0,301.73,36.23,77.89,1,1,0.78234
230,4,1754.67,129.4,31.38,68.42,1,1,0.74921
230,1,1048.52,408.86,38.46,77.11,1,1,0.75967
230,3,431.4,590.08,35.77,76.15,1,1,0.7676
230,10,1802.88,661.65,38.09,84.42,1,1,0.74386
230,30,1718.95,199.01,33.59,72.5,1,1,0.74582
230,33,1774.75,134.8,38.09,61.85,1,1,0.74854
230,25,861.6,712.58,46.87,54.15,1,1,0.79397
230,34,1850.53,163.79,33.58,80.68,1,1,0.67476
230,21,1251.74,393.61,46.18,74.51,1,1,0.71991
230,6,1827.98,133.11,35.23,58.72,1,1,0.7055
231,7,594.69,698.44,47.01,75.74,1,1,0.80025
231,8,811.0,616.73,33.46,77.7,1,1,0.81074
231,11,1036.72,289.78,33.43,71.2,1,1,0.76175
231,12,1101.86,623.25,33.67,72.39,1,1,0.77669
231,13,1665.04,722.61,45.53,92.63,1,1,0.76096
231,18,1597.74,370.92,30.53,75.92,1,1,0.76938
231,14,946.52,299.65,35.44,76.85,1,1,0.77569
231,4,1760.28,126.08,32.4,69.24,1,1,0.74935
231,1,1048.87,405.73,42.31,76.87,1,1,0.77703
231,3,436.37,588.53,36.04,75.22,1,1,0.77307
231,10,1800.42,661.46,37.62,84.35,1,1,0.75125
231,30,1723.43,195.83,34.2,74.5,1,1,0.77337
231,33,1779.49,129.35,38.79,63.09,1,1,0.76132
231,25,867.71,708.78,47.46,54.27,1,1,0.77993
231,34,1856.45,160.81,33.58,82.62,1,1,0.74144
231,21,1254.72,392.49,42.38,75.04,1,1,0.68552
231,6,1832.2,127.76,36.75,64.96,1,1,0.71373
231,32,1688.41,234.59,33.31,77.69,1,1,0.66123
231,15,1587.02,240.63,35.24,75.74,1,1,0.71301
232,7,604.07,695.75,43.55,75.48,1,1,0.79196
232,8,810.97,615.92,32.76,78.23,1,1,0.80091
232,11,1036.5,287.22,31.56,68.88,1,1,0.72823
232,12,1097.08,621.24,30.94,72.12,1,1,0.78313
232,13,1663.67,720.01,41.83,91.96,1,1,0.76389
232,18,1599.22,366.95,29.43,76.29,1,1,0.77633
232,14,945.12,297.19,34.71,75.83,1,1,0.76729
232,4,1765.63,122.77,31.85,69.03,1,1,0.7427
232,1,1049.85,403.86,40.05,75.21,1,1,0.7553
232,3,441.88,586.94,37.0,74.44,1,1,0.75963
232,10,1799.14,658.55,37.66,84.35,1,1,0.76301
232,30,1728.05,192.38,33.21,74.11,1,1,0.71421
232,33,1784.57,125.14,39.6,62.5,1,1,0.759
232,25,873.7,704.94,46.05,54.27,1,1,0.77962
232,34,1862.45,159.47,32.9,81.06,1,1,0.71231
232,21,1257.56,390.4,36.48,73.65,1,1,0.74958
232,6,1837.25,123.05,36.35,68.67,1,1,0.71209
233,7,608.7,692.64,50.37,78.68,1,1,0.83058
233,8,808.85,614.04,34.21,79.43,1,1,0.79362
233,11,1034.51,283.93,33.07,71.63,1,1,0.77583
233,12,1090.11,616.23,31.14,72.54,1,1,0.76828
233,13,1659.54,716.41,44.4,94.96,1,1,0.77679
233,18,1597.62,363.66,31.94,78.2,1,1,0.78807
233,14,941.06,293.63,36.07,80.0,1,1,0.78243
233,4,1768.37,119.63,32.63,68.35,1,1,0.75996
233,1,1048.59,401.25,41.92,75.17,1,1,0.78018
233,3,444.57,583.56,39.31,76.58,1,1,0.7782
233,10,1796.25,654.77,42.17,86.85,1,1,0.73863
233,30,1731.01,188.7,34.09,76.13,1,1,0.77397
233,33,1788.38,120.51,41.68,63.28,1,1,0.79118
233,25,871.99,700.05,51.9,56.08,1,1,0.80806
233,34,1867.85,156.49,32.68,80.16,1,1,0.76067
233,21,1258.19,387.12,34.12,75.87,1,1,0.70536
233,6,1840.45,119.14,36.68,70.46,1,1,0.76277
233,16,732.55,746.56,104.51,49.96,1,1,0.78579
233,32,1696.55,227.12,35.45,79.19,1,1,0.69086
233,15,1586.92,233.27,40.61,76.94,1,1,0.7155
234,7,610.48,690.16,51.08,78.93,1,1,0.82824
234,8,804.49,613.56,35.88,80.61,1,1,0.79029
234,11,1028.87,279.15,36.99,75.8,1,1,0.78957
234,12,1082.15,610.53,33.19,74.34,1,1,0.77453
234,13,1651.99,712.63,51.54,97.76,1,1,0.80482
234,18,1592.23,361.12,35.76,80.99,1,1,0.79779
234,14,934.92,290.93,38.77,83.1,1,1,0.78874
234,4,1771.57,116.99,34.5,67.04,1,1,0.6957
234,1,1047.4,398.72,45.07,73.48,1,1,0.77508
234,3,444.15,580.64,42.03,78.92,1,1,0.79448
234,10,1790.46,650.54,47.39,90.83,1,1,0.77468
234,30,1732.17,184.2,35.02,76.58,1,1,0.78092
234,33,1790.92,115.67,42.75,63.81,1,1,0.77639
234,25,869.63,695.14,55.88,57.1,1,1,0.82956
234,34,1869.64,152.68,33.09,79.9,1,1,0.73509
234,21,1253.37,385.1,37.33,77.26,1,1,0.73615
234,6,1842.47,115.25,37.32,71.77,1,1,0.77525
234,16,733.94,741.63,101.69,54.41,1,1,0.71728
234,32,1698.34,223.73,36.57,79.26,1,1,0.73346
234,15,1581.76,227.11,48.15,80.56,1,1,0.79433
235,7,611.46,686.98,53.14,81.05,1,1,0.8331
235,8,798.87,613.82,40.09,86.43,1,1,0.8064
235,11,1022.89,275.78,43.3,79.08,1,1,0.80645
235,12,1072.91,606.29,39.65,79.42,1,1,0.76463
235,13,1642.31,708.77,60.08,100.27,1,1,0.83111
235,18,1588.32,359.72,36.22,83.69,1,1,0.79763
235,14,928.15,289.84,42.68,85.1,1,1,0.79783
235,4,1773.16,113.35,34.12,68.58,1,1,0.78604
235,1,1044.32,396.79,45.48,74.94,1,1,0.77193
235,3,443.94,578.38,43.87,80.27,1,1,0.80348
235,10,1784.62,646.61,53.19,95.38,1,1,0.79503
235,30,1731.85,180.79,35.73,77.02,1,1,0.78569
235,33,1793.42,111.8,43.15,64.02,1,1,0.79112
235,25,868.39,691.35,58.36,59.98,1,1,0.81939
235,34,1871.19,150.08,33.57,80.85,1,1,0.75073
235,21,1246.25,383.58,44.12,78.76,1,1,0.65821
235,6,1842.83,112.24,37.67,72.72,1,1,0.79923
235,32,1699.02,220.23,37.56,81.83,1,1,0.74882
235,15,1578.32,222.54,51.71,82.79,1,1,0.8165
235,24,1608.84,196.4,40.33,70.84,1,1,0.68595
236,7,613.81,684.55,51.05,81.1,1,1,0.82157
236,8,796.64,614.2,40.56,87.24,1,1,0.79813
236,11,1018.1,273.02,47.87,80.39,1,1,0.79845
236,12,1065.41,604.24,41.19,80.48,1,1,0.78168
236,13,1633.82,706.43,65.23,99.96,1,1,0.81418
236,18,1586.51,356.67,37.03,87.09,1,1,0.79636
236,14,923.05,288.3,44.97,87.24,1,1,0.77914
236,4,1776.88,110.14,34.16,68.84,1,1,0.75814
236,1,1044.3,393.98,42.08,75.64,1,1,0.75296
236,3,447.81,575.73,42.1,80.48,1,1,0.78913
236,10,1781.98,644.53,53.68,95.55,1,1,0.77564
236,30,1734.83,177.19,35.34,77.73,1,1,0.74466
236,33,1796.09,107.5,43.53,66.18,1,1,0.79128
236,25,872.47,687.23,58.2,63.02,1,1,0.81818
236,21,1245.66,381.74,44.75,77.71,1,1,0.74913
236,6,1844.99,108.75,37.2,73.5,1,1,0.7881
236,32,1701.52,217.25,37.84,83.48,1,1,0.67615
236,15,1577.69,219.6,52.21,83.43,1,1,0.76379
236,24,1612.28,190.54,43.45,72.71,1,1,0.67613
237,7,617.56,680.69,51.29,83.96,1,1,0.82835
237,8,794.57,613.47,42.54,88.79,1,1,0.81277
237,11,1015.11,271.63,52.19,79.95,1,1,0.80734
237,12,1056.32,602.3,49.0,84.13,1,1,0.7706
237,13,1628.45,705.27,69.04,99.89,1,1,0.84144
237,18,1586.47,353.29,37.65,90.53,1,1,0.81465
237,14,920.11,288.11,44.97,89.03,1,1,0.79183
237,4,1781.61,106.66,33.76,69.98,1,1,0.7797
237,1,1045.47,391.5,40.27,79.16,1,1,0.77905
237,3,452.94,573.75,39.87,83.26,1,1,0.80038
237,10,1779.55,643.54,56.74,97.11,1,1,0.7927
237,30,1739.39,174.73,35.4,78.33,1,1,0.78813
237,33,1800.99,103.26,43.28,68.64,1,1,0.79473
237,25,877.21,683.98,60.26,64.48,1,1,0.81143
237,21,1243.96,377.8,45.61,82.39,1,1,0.7573
237,6,1848.77,105.9,37.1,74.32,1,1,0.77996
237,32,1705.38,215.55,37.93,84.07,1,1,0.7326
237,15,1578.34,217.45,53.9,85.31,1,1,0.81258
237,24,1617.13,186.13,44.04,76.0,1,1,0.72717
237,16,735.48,741.75,100.19,54.98,1,1,0.71389
238,7,622.26,679.08,49.6,84.16,1,1,0.81806
238,8,793.66,612.29,42.8,89.15,1,1,0.81053
238,11,1013.81,269.23,54.8,81.38,1,1,0.80883
238,12,1050.78,601.46,55.9,83.66,1,1,0.7664
238,13,1627.61,704.0,67.43,100.36,1,1,0.8141
238,18,1585.02,352.24,38.6,90.84,1,1,0.79765
238,14,919.6,288.06,42.29,87.83,1,1,0.78799
238,4,1786.16,103.78,34.36,70.38,1,1,0.78535
238,1,1047.01,388.55,39.93,79.51,1,1,0.76279
238,3,457.44,570.21,39.14,85.04,1,1,0.79748
238,10,1781.02,642.55,53.38,94.82,1,1,0.76569
238,30,1743.25,172.67,37.17,78.79,1,1,0.78445
238,33,1805.77,99.13,42.76,70.42,1,1,0.79274
238,25,885.41,680.26,57.83,66.64,1,1,0.81582
238,21,1243.51,374.75,48.25,84.2,1,1,0.76166
238,6,1852.62,103.3,36.85,72.86,1,1,0.78824
238,32,1709.11,212.41,37.92,86.31,1,1,0.71665
238,15,1580.3,216.58,50.94,84.96,1,1,0.75724
238,24,1622.51,182.96,43.07,77.61,1,1,0.67157
238,16,736.93,738.1,100.27,59.8,1,1,0.73104
239,7,626.57,677.37,50.39,85.9,1,1,0.83199
239,8,792.9,610.51,42.93,90.43,1,1,0.81775
239,11,1012.22,267.65,54.16,82.42,1,1,0.80575
239,12,1042.63,600.66,64.65,85.54,1,1,0.79194
239,13,1627.92,703.48,62.22,100.29,1,1,0.82208
239,18,1584.67,353.33,37.89,89.82,1,1,0.80542
239,14,918.25,287.97,40.23,85.92,1,1,0.8019
239,4,1790.5,99.97,34.28,72.56,1,1,0.78328
239,1,1047.93,385.66,39.34,81.81,1,1,0.78595
239,3,462.66,568.11,38.3,86.99,1,1,0.80597
239,10,1781.65,641.82,48.0,94.55,1,1,0.76075
239,30,1747.16,171.11,37.01,78.79,1,1,0.78923
239,33,1809.73,94.52,42.04,71.1,1,1,0.80597
239,25,890.76,675.93,58.68,68.75,1,1,0.83612
239,21,1242.35,371.6,51.13,86.36,1,1,0.77824
239,6,1856.55,100.57,35.28,70.77,1,1,0.79573
239,32,1713.0,211.72,36.94,85.32,1,1,0.72612
239,15,1582.38,216.1,46.59,83.75,1,1,0.78819
239,24,1627.5,180.03,40.75,78.16,1,1,0.70108
239,16,737.46,736.21,100.07,62.41,1,1,0.75729
240,7,630.52,676.43,50.97,85.72,1,1,0.81993
240,8,792.43,609.16,42.12,90.09,1,1,0.8095
240,11,1011.25,267.31,52.09,81.9,1,1,0.80927
240,12,1038.42,601.05,62.86,83.93,1,1,0.77677
240,13,1627.64,703.6,54.59,98.41,1,1,0.81229
240,18,1584.42,354.61,38.11,88.47,1,1,0.8036
240,14,916.1,286.94,39.39,84.76,1,1,0.80554
240,4,1794.45,96.43,34.49,72.94,1,1,0.7736
240,1,1046.97,383.31,40.82,82.35,1,1,0.78992
240,3,466.53,565.32,37.88,86.35,1,1,0.78492
240,10,1781.52,640.83,45.43,94.12,1,1,0.76669
240,30,1748.95,169.72,38.35,78.95,1,1,0.79962
240,33,1814.32,90.27,40.49,72.02,1,1,0.80618
240,25,894.92,671.68,59.77,70.24,1,1,0.83099
240,21,1242.29,370.76,51.59,86.85,1,1,0.72953
240,6,1859.22,96.94,34.56,70.85,1,1,0.78981
240,32,1716.96,210.18,35.15,83.37,1,1,0.74236
240,15,1583.91,213.93,44.55,83.09,1,1,0.80062
240,24,1632.1,177.91,38.74,77.54,1,1,0.68395
240,16,737.75,737.12,100.55,61.61,1,1,0.77815
