1,0,444.26,674.75,95.73,155.15,1,1,0.91207
1,1,1523.84,514.29,67.9,129.48,1,1,0.90746
1,2,244.67,483.65,71.19,123.64,1,1,0.90047
1,3,616.27,703.67,71.77,149.33,1,1,0.89529
1,4,1146.42,696.72,88.89,151.82,1,1,0.89388
1,5,1056.26,529.78,74.99,133.19,1,1,0.89024
1,6,947.91,608.73,83.44,124.68,1,1,0.88402
1,7,1182.0,500.23,52.69,139.65,1,1,0.87776
1,8,450.73,493.72,59.26,132.81,1,1,0.87719
1,9,1213.56,135.14,73.37,116.98,1,1,0.87714
1,10,537.63,618.5,86.43,106.3,1,1,0.87673
1,11,663.21,672.22,107.29,102.99,1,1,0.87626
1,12,1339.26,168.18,57.28,105.87,1,1,0.87615
1,13,877.78,502.36,81.39,101.46,1,1,0.87453
1,14,426.46,607.0,78.06,126.39,1,1,0.87427
1,15,800.18,568.67,87.66,102.52,1,1,0.86684
1,16,691.43,571.63,77.53,93.68,1,1,0.86652
1,17,889.63,293.52,55.94,124.19,1,1,0.86521
1,18,729.99,643.72,98.91,101.19,1,1,0.85937
1,19,601.01,593.14,83.67,91.65,1,1,0.85461
1,20,741.5,493.05,74.79,99.15,1,1,0.83452
1,21,704.85,538.51,81.32,78.2,1,1,0.826
2,0,444.3,675.34,95.59,154.97,1,1,0.91097
2,1,1523.15,514.51,68.03,129.78,1,1,0.90572
2,2,244.0,484.25,71.89,124.63,1,1,0.89957
2,3,616.01,704.61,71.99,149.04,1,1,0.89504
2,4,1145.84,697.55,89.27,151.22,1,1,0.89398
2,5,1055.79,530.0,74.99,133.34,1,1,0.89094
2,6,947.6,609.03,83.76,125.26,1,1,0.88455
2,7,1185.42,496.85,53.9,142.95,1,1,0.87272
2,8,450.92,494.54,58.95,132.15,1,1,0.87574
2,9,1213.09,135.25,74.03,117.35,1,1,0.87724
2,10,537.43,619.01,86.69,106.47,1,1,0.87714
2,11,663.03,673.04,107.23,102.57,1,1,0.87573
2,12,1339.01,168.4,57.15,106.01,1,1,0.8754
2,13,877.68,502.93,81.5,101.55,1,1,0.87644
2,14,426.31,607.56,78.13,126.78,1,1,0.87436
2,15,799.69,569.14,88.39,102.79,1,1,0.86749
2,16,691.04,572.27,77.38,93.49,1,1,0.86601
2,17,892.27,292.47,54.47,122.04,1,1,0.87013
2,18,730.03,643.17,99.6,102.68,1,1,0.86272
2,19,600.87,593.62,83.49,91.66,1,1,0.85594
2,20,740.72,494.03,75.55,99.18,1,1,0.8398
2,21,704.37,538.85,81.17,77.3,1,1,0.8228
3,0,444.36,675.45,94.51,154.17,1,1,0.90893
3,1,1523.13,514.19,68.29,130.07,1,1,0.90716
3,2,243.45,483.73,72.28,124.73,1,1,0.8973
3,3,615.62,704.5,71.97,149.02,1,1,0.89457
3,4,1144.84,697.37,89.64,151.22,1,1,0.89259
3,5,1054.95,529.72,75.55,133.36,1,1,0.89059
3,6,946.89,608.87,84.0,125.08,1,1,0.88446
3,7,1188.64,491.53,54.61,142.47,1,1,0.86824
3,8,450.33,494.38,59.95,131.11,1,1,0.87218
3,9,1212.92,135.01,74.13,117.4,1,1,0.87686
3,10,536.9,618.77,86.95,106.59,1,1,0.87699
3,11,662.86,672.57,107.03,102.99,1,1,0.87466
3,12,1338.56,168.08,57.16,106.16,1,1,0.8747
3,13,877.35,502.69,81.59,101.27,1,1,0.87766
3,14,425.8,606.95,78.62,127.1,1,1,0.87386
3,15,799.23,569.03,88.8,102.65,1,1,0.86555
3,16,690.51,571.44,76.58,94.02,1,1,0.86166
3,17,893.79,290.68,54.02,121.58,1,1,0.87343
3,18,729.95,642.03,98.76,103.84,1,1,0.86072
3,19,600.05,593.1,83.98,92.03,1,1,0.85439
3,20,740.65,493.75,76.78,98.84,1,1,0.84158
3,21,703.95,537.66,81.36,80.29,1,1,0.83037
4,0,444.2,676.55,93.98,152.48,1,1,0.9097
4,1,1522.87,514.02,68.58,129.83,1,1,0.9061
4,2,243.13,483.35,72.4,124.59,1,1,0.8958
4,3,615.5,704.27,71.53,149.09,1,1,0.89194
4,4,1144.24,697.28,89.83,151.41,1,1,0.89342
4,5,1054.36,529.48,75.74,133.44,1,1,0.89262
4,6,946.13,608.55,84.22,125.08,1,1,0.88896
4,7,1191.62,485.16,55.44,145.14,1,1,0.86661
4,8,450.47,494.07,60.08,130.82,1,1,0.87243
4,9,1212.86,134.81,73.96,117.17,1,1,0.87757
4,10,536.74,618.11,86.83,106.7,1,1,0.87711
4,11,662.63,671.99,106.71,102.94,1,1,0.87463
4,12,1338.47,168.0,56.94,105.85,1,1,0.87553
4,13,877.12,502.16,81.34,100.88,1,1,0.8788
4,14,425.61,606.87,79.19,126.72,1,1,0.87691
4,15,799.2,569.21,88.73,101.02,1,1,0.86829
4,16,689.29,571.17,75.79,94.03,1,1,0.86142
4,17,895.76,288.6,53.66,121.8,1,1,0.87658
4,18,730.19,642.45,98.58,102.49,1,1,0.86673
4,19,600.11,592.77,83.51,91.57,1,1,0.85691
4,20,740.96,493.2,77.43,98.47,1,1,0.83456
4,21,704.09,535.38,81.11,84.27,1,1,0.82201
5,0,444.21,678.44,92.48,149.59,1,1,0.90313
5,1,1522.09,513.7,69.37,129.88,1,1,0.90498
5,2,243.83,482.81,71.36,123.85,1,1,0.88898
5,3,615.27,703.74,71.07,149.52,1,1,0.88704
5,4,1143.65,697.08,89.76,150.68,1,1,0.89163
5,5,1053.89,529.01,75.04,133.24,1,1,0.8876
5,6,945.26,608.27,83.97,125.1,1,1,0.88758
5,7,1194.02,478.86,57.02,148.84,1,1,0.87291
5,8,450.29,493.43,59.79,130.04,1,1,0.87228
5,9,1212.63,134.46,74.0,116.87,1,1,0.87893
5,10,535.97,617.68,86.8,106.36,1,1,0.87941
5,11,662.17,671.08,106.44,103.08,1,1,0.87373
5,12,1338.16,167.3,57.4,105.78,1,1,0.87654
5,13,876.2,501.86,81.9,100.5,1,1,0.87644
5,14,425.56,606.07,79.64,126.44,1,1,0.87647
5,15,798.54,568.36,89.26,101.43,1,1,0.87003
5,16,688.46,568.31,74.73,95.02,1,1,0.85666
5,17,898.04,286.25,53.76,123.04,1,1,0.87545
5,18,729.49,641.23,100.56,101.72,1,1,0.86858
5,19,599.17,592.16,84.52,91.02,1,1,0.85631
5,20,741.35,492.11,78.99,98.13,1,1,0.83442
5,21,704.63,533.43,80.16,86.28,1,1,0.82712
6,0,444.01,681.5,90.89,146.02,1,1,0.90379
6,1,1521.71,513.47,69.22,130.14,1,1,0.90511
6,2,244.59,482.8,70.56,123.7,1,1,0.89368
6,3,615.31,703.96,70.83,149.66,1,1,0.88617
6,4,1143.46,697.08,89.1,150.83,1,1,0.89212
6,5,1053.68,529.07,74.66,133.25,1,1,0.88986
6,6,944.51,608.29,83.98,125.04,1,1,0.89013
6,7,1196.34,473.63,58.88,148.38,1,1,0.87901
6,8,449.63,493.5,59.43,129.43,1,1,0.87186
6,9,1212.42,134.5,73.98,116.72,1,1,0.88001
6,10,536.0,617.39,86.51,106.48,1,1,0.88063
6,11,661.83,671.09,106.81,102.9,1,1,0.87643
6,12,1338.1,166.92,57.18,106.23,1,1,0.87797
6,13,875.89,502.06,82.17,100.11,1,1,0.87695
6,14,425.77,605.55,79.08,126.62,1,1,0.87757
6,15,798.24,568.08,90.0,101.16,1,1,0.87288
6,16,686.75,566.66,74.44,96.37,1,1,0.8606
6,17,900.35,285.18,54.37,123.03,1,1,0.87591
6,18,729.34,641.32,101.24,101.2,1,1,0.87072
6,19,598.65,591.62,85.13,91.64,1,1,0.85759
6,20,741.45,491.02,80.13,95.08,1,1,0.81122
6,21,706.07,531.45,80.77,87.74,1,1,0.8245
7,0,443.18,685.1,91.81,142.65,1,1,0.89832
7,1,1521.76,513.5,69.07,130.38,1,1,0.90592
7,2,244.92,482.66,70.13,123.68,1,1,0.88903
7,3,615.93,704.32,70.62,149.41,1,1,0.87965
7,4,1143.06,697.74,89.4,150.58,1,1,0.88718
7,5,1053.01,529.14,74.51,132.86,1,1,0.883
7,6,943.8,608.42,83.79,125.06,1,1,0.88224
7,7,1200.03,470.0,59.72,143.4,1,1,0.86844
7,8,449.23,493.6,58.96,128.74,1,1,0.86638
7,9,1212.25,134.72,73.66,116.36,1,1,0.87544
7,10,536.33,617.33,87.1,106.0,1,1,0.86943
7,11,661.49,670.91,107.32,103.65,1,1,0.86435
7,12,1338.08,166.96,57.18,106.36,1,1,0.87365
7,13,875.93,502.32,82.54,100.08,1,1,0.86344
7,14,425.79,606.17,79.3,126.08,1,1,0.87345
7,15,798.24,567.46,90.88,101.43,1,1,0.8592
7,16,686.29,565.51,74.66,97.68,1,1,0.84905
7,17,902.93,285.2,54.73,122.33,1,1,0.87257
7,18,729.16,642.08,102.15,100.73,1,1,0.86098
7,19,598.43,590.95,85.56,95.23,1,1,0.83113
7,20,740.88,490.72,86.16,85.78,1,1,0.70807
7,21,706.1,529.0,79.69,86.9,1,1,0.75936
8,0,442.38,688.52,94.82,139.34,1,1,0.89043
8,1,1521.89,513.61,68.57,130.03,1,1,0.9011
8,2,245.28,482.17,69.51,123.85,1,1,0.88408
8,3,616.33,704.24,70.19,149.24,1,1,0.87244
8,4,1142.86,698.04,89.37,149.97,1,1,0.88138
8,5,1052.45,529.08,74.65,132.64,1,1,0.8796
8,6,943.11,608.22,83.76,124.88,1,1,0.8735
8,7,1203.71,466.48,60.04,135.29,1,1,0.87082
8,8,448.93,493.26,58.59,128.68,1,1,0.85764
8,9,1211.99,134.75,73.77,116.04,1,1,0.87083
8,10,536.43,616.73,87.33,105.44,1,1,0.83795
8,11,660.77,669.41,108.69,105.17,1,1,0.85162
8,12,1337.99,166.8,57.23,106.45,1,1,0.8716
8,13,876.24,500.93,81.89,101.11,1,1,0.85337
8,14,425.93,605.98,79.82,126.36,1,1,0.86781
8,15,797.75,565.33,91.6,102.85,1,1,0.83618
8,16,685.46,563.99,74.91,100.09,1,1,0.82982
8,17,905.42,285.6,54.84,120.82,1,1,0.86548
8,18,728.38,640.75,104.96,101.99,1,1,0.85571
8,19,597.99,589.7,85.93,97.39,1,1,0.77396
8,20,738.91,490.29,96.55,73.29,1,1,0.76687
8,21,707.45,527.5,80.15,79.53,1,1,0.70573
9,0,442.06,691.22,96.87,136.18,1,1,0.88146
9,1,1521.62,513.41,68.77,129.93,1,1,0.89667
9,2,245.74,480.85,68.98,124.62,1,1,0.87534
9,3,616.13,704.02,70.21,149.0,1,1,0.86183
9,4,1142.4,698.24,90.42,149.14,1,1,0.87286
9,5,1051.67,528.93,74.06,132.01,1,1,0.86253
9,6,942.13,607.89,83.89,124.59,1,1,0.84803
9,7,1206.96,463.58,60.79,132.75,1,1,0.86552
9,8,448.62,493.05,60.76,127.43,1,1,0.8307
9,9,1211.71,134.66,73.25,115.52,1,1,0.85793
9,10,535.75,614.73,88.9,105.41,1,1,0.69225
9,11,659.47,666.51,110.85,107.48,1,1,0.82267
9,12,1337.32,166.56,57.57,106.27,1,1,0.86286
9,13,875.36,499.07,81.25,102.67,1,1,0.80603
9,14,425.73,605.15,79.8,126.72,1,1,0.84738
9,15,797.13,561.79,92.23,105.74,1,1,0.73441
9,16,684.36,563.36,73.65,99.13,1,1,0.76489
9,17,906.91,286.29,55.4,118.34,1,1,0.8505
9,18,726.97,638.06,110.56,102.87,1,1,0.83298
9,20,739.65,489.46,102.63,69.22,1,1,0.67338
10,0,442.81,690.54,98.44,136.56,1,1,0.88627
10,1,1522.02,512.96,68.29,130.13,1,1,0.89743
10,2,246.25,479.15,69.23,125.36,1,1,0.87247
10,3,615.99,703.89,70.0,149.11,1,1,0.85928
10,4,1141.91,697.67,90.61,148.86,1,1,0.87124
10,5,1050.93,528.56,72.98,131.69,1,1,0.85976
10,6,940.77,607.41,84.25,124.38,1,1,0.8441
10,7,1211.12,461.02,60.55,133.23,1,1,0.86232
10,8,447.57,492.31,62.18,128.45,1,1,0.83214
10,9,1211.66,134.34,73.2,115.06,1,1,0.85487
10,11,657.99,663.13,112.85,110.71,1,1,0.81706
10,12,1337.21,166.12,57.51,106.27,1,1,0.86113
10,13,873.87,496.61,81.76,104.39,1,1,0.82463
10,14,426.22,602.96,80.37,128.56,1,1,0.85095
10,15,795.07,558.33,93.71,108.06,1,1,0.72756
10,16,683.81,562.56,73.13,97.22,1,1,0.76042
10,17,907.99,287.7,57.41,115.73,1,1,0.84716
10,18,725.02,634.05,114.0,106.22,1,1,0.81979
10,20,738.67,488.29,108.09,66.9,1,1,0.71603
11,0,446.6,690.03,95.97,136.16,1,1,0.88053
11,1,1522.13,512.66,67.77,130.22,1,1,0.89564
11,2,247.47,478.06,68.85,125.22,1,1,0.87452
11,3,615.53,703.95,70.18,149.01,1,1,0.85748
11,4,1141.11,696.97,90.67,149.25,1,1,0.86774
11,5,1049.77,528.37,74.14,131.52,1,1,0.85466
11,6,939.33,606.77,84.65,124.96,1,1,0.84534
11,7,1215.38,458.01,59.19,135.83,1,1,0.86222
11,8,447.5,491.3,65.54,130.17,1,1,0.83146
11,9,1211.76,134.47,72.65,114.32,1,1,0.85195
11,11,656.16,659.87,114.84,113.55,1,1,0.83444
11,12,1337.16,165.87,57.57,106.24,1,1,0.85981
11,13,871.23,495.15,83.43,105.67,1,1,0.82507
11,14,427.14,601.48,80.94,129.75,1,1,0.84964
11,15,792.91,555.62,95.23,107.76,1,1,0.72191
11,16,683.19,560.06,73.68,96.78,1,1,0.74362
11,17,908.56,290.64,60.66,111.72,1,1,0.8504
11,18,721.93,628.81,117.7,110.1,1,1,0.83681
11,20,739.44,487.94,107.33,64.43,1,1,0.70867
12,0,453.92,691.01,90.34,133.38,1,1,0.85051
12,1,1522.13,513.15,67.3,129.29,1,1,0.89137
12,2,248.72,477.76,68.64,124.43,1,1,0.84943
12,3,615.43,704.58,70.53,147.85,1,1,0.84672
12,4,1140.58,696.34,88.79,148.91,1,1,0.84521
12,5,1049.81,529.0,73.52,129.68,1,1,0.8318
12,6,939.04,606.46,83.65,124.73,1,1,0.7927
12,7,1219.98,453.99,56.72,136.58,1,1,0.8511
12,8,447.69,491.1,65.87,129.32,1,1,0.81462
12,9,1211.88,136.09,71.74,111.76,1,1,0.83041
12,11,654.27,653.23,111.91,120.73,1,1,0.68702
12,12,1337.99,166.18,56.53,104.75,1,1,0.84142
12,13,868.7,494.48,84.95,106.52,1,1,0.69641
12,14,427.91,599.73,81.11,131.25,1,1,0.83369
12,16,687.19,560.42,69.13,88.52,1,1,0.71724
12,17,908.02,292.96,64.55,108.56,1,1,0.83501
12,18,719.87,625.19,119.61,112.98,1,1,0.74299
13,0,464.21,692.79,83.08,131.62,1,1,0.83676
13,1,1522.04,513.32,66.75,128.89,1,1,0.88858
13,2,250.52,477.5,67.78,123.79,1,1,0.83483
13,3,615.68,705.82,70.15,145.85,1,1,0.84192
13,4,1139.98,695.42,87.43,148.84,1,1,0.83745
13,5,1049.38,530.24,72.64,127.01,1,1,0.82379
13,6,938.27,606.42,82.47,123.98,1,1,0.7576
13,7,1224.27,449.64,55.05,138.45,1,1,0.85689
13,8,448.18,491.4,70.83,126.26,1,1,0.79917
13,9,1211.65,138.98,71.86,108.09,1,1,0.82238
13,12,1338.17,166.24,55.75,103.48,1,1,0.8319
13,13,867.21,494.28,86.12,106.03,1,1,0.69053
13,14,428.47,598.17,81.35,132.63,1,1,0.8246
13,16,690.38,559.61,66.22,84.39,1,1,0.72989
13,17,906.7,295.16,68.84,106.02,1,1,0.8323
13,18,719.37,624.19,118.26,114.48,1,1,0.66199
14,0,476.96,696.42,70.76,126.01,1,1,0.81316
14,1,1521.09,512.82,66.28,127.77,1,1,0.8915
14,2,252.19,477.54,66.76,121.77,1,1,0.8244
14,3,617.12,707.18,68.08,141.48,1,1,0.82709
14,4,1139.2,694.85,75.62,143.99,1,1,0.82815
14,5,1049.07,531.2,70.62,121.49,1,1,0.83112
14,6,937.39,606.21,79.54,120.59,1,1,0.69267
14,7,1228.49,445.03,54.07,138.69,1,1,0.85209
14,8,447.4,491.19,66.8,118.76,1,1,0.77969
14,9,1213.64,141.71,69.77,102.25,1,1,0.80869
14,12,1338.84,166.45,54.01,99.95,1,1,0.8258
14,14,428.53,594.64,82.34,134.65,1,1,0.81976
14,16,693.17,558.55,65.17,76.63,1,1,0.74597
14,17,908.22,296.53,71.71,102.02,1,1,0.80907
15,0,488.17,699.32,65.29,129.12,1,1,0.80698
15,1,1520.14,512.29,66.92,126.34,1,1,0.89369
15,2,252.52,478.12,66.84,119.27,1,1,0.81806
15,3,617.56,708.38,68.66,139.12,1,1,0.81221
15,4,1136.58,694.27,78.79,144.14,1,1,0.81991
15,5,1048.36,532.62,69.92,117.64,1,1,0.82278
15,6,934.77,606.27,83.19,119.51,1,1,0.67051
15,7,1231.79,439.92,54.91,139.05,1,1,0.86198
15,8,445.26,491.21,64.38,122.69,1,1,0.75949
15,9,1213.43,144.04,69.85,98.93,1,1,0.8093
15,12,1338.7,166.29,54.22,99.01,1,1,0.82377
15,14,427.63,590.43,86.08,139.28,1,1,0.82077
15,17,910.23,297.18,76.46,101.6,1,1,0.80616
15,10,534.16,606.29,78.99,103.71,1,1,0.69078
15,13,858.56,494.71,93.82,103.39,1,1,0.73795
16,0,492.53,701.31,66.48,136.03,1,1,0.81619
16,1,1519.44,512.19,68.04,126.21,1,1,0.89137
16,2,249.72,479.16,70.49,117.51,1,1,0.82263
16,3,617.95,709.6,69.34,139.4,1,1,0.8183
16,4,1134.48,693.82,84.44,147.01,1,1,0.82443
16,5,1046.06,534.63,72.08,116.77,1,1,0.81902
16,6,931.12,606.38,89.03,119.38,1,1,0.77424
16,7,1235.77,435.62,54.85,137.08,1,1,0.86709
16,8,444.61,491.57,61.98,126.18,1,1,0.77129
16,9,1212.12,146.89,72.14,98.93,1,1,0.81862
16,12,1337.91,166.6,55.38,99.96,1,1,0.82792
16,14,427.47,586.67,89.56,143.77,1,1,0.83232
16,17,910.55,297.55,81.67,102.05,1,1,0.81694
16,10,522.81,605.93,89.6,109.05,1,1,0.75061
16,13,853.58,494.64,99.19,102.31,1,1,0.81175
16,11,649.71,637.31,86.51,131.19,1,1,0.69407
17,0,493.99,703.37,71.11,138.84,1,1,0.82434
17,1,1517.9,512.42,70.8,125.86,1,1,0.88227
17,2,245.55,481.22,74.96,115.27,1,1,0.82863
17,3,616.33,711.29,70.82,139.02,1,1,0.81301
17,4,1131.36,694.02,87.75,149.45,1,1,0.82941
17,5,1041.99,536.15,76.62,117.18,1,1,0.81015
17,6,926.97,605.82,94.15,121.17,1,1,0.79631
17,7,1238.69,432.77,53.92,132.27,1,1,0.86157
17,8,441.27,492.82,61.2,135.13,1,1,0.77169
17,9,1211.81,148.99,73.14,99.65,1,1,0.82415
17,12,1337.39,167.26,56.01,100.05,1,1,0.82725
17,14,428.29,581.26,89.85,148.66,1,1,0.82915
17,17,912.19,297.83,83.25,101.97,1,1,0.82562
17,10,516.61,606.71,94.0,111.57,1,1,0.76902
17,13,849.37,494.35,102.01,102.81,1,1,0.78198
17,11,647.81,635.71,79.27,127.35,1,1,0.75869
17,19,602.1,575.85,75.28,108.94,1,1,0.68405
18,0,496.49,706.03,70.93,137.74,1,1,0.82506
18,1,1515.77,513.12,74.99,124.28,1,1,0.8639
18,2,239.31,483.71,81.11,113.13,1,1,0.83156
18,3,614.04,713.57,71.31,135.03,1,1,0.79903
18,4,1127.33,695.11,83.3,148.51,1,1,0.79591
18,5,1036.67,537.76,82.39,116.82,1,1,0.79401
18,6,921.15,604.9,100.02,122.9,1,1,0.69374
18,7,1240.71,430.57,53.6,128.97,1,1,0.85418
18,8,439.01,494.43,59.05,135.63,1,1,0.75589
18,9,1219.57,151.11,66.69,98.89,1,1,0.80627
18,12,1336.15,167.91,56.02,100.19,1,1,0.82233
18,14,430.71,577.88,87.16,149.14,1,1,0.81032
18,17,915.6,298.28,82.12,101.74,1,1,0.81732
18,10,513.11,607.82,96.77,111.19,1,1,0.74208
18,13,843.8,492.03,102.66,105.53,1,1,0.77461
18,11,644.14,635.06,76.25,124.11,1,1,0.72316
19,0,500.24,707.47,71.21,136.61,1,1,0.82957
19,1,1514.08,513.87,80.9,123.64,1,1,0.86514
19,2,232.77,486.32,87.63,110.9,1,1,0.85104
19,3,612.85,715.06,71.83,134.47,1,1,0.79852
19,4,1124.07,696.06,83.84,147.69,1,1,0.80245
19,5,1030.75,538.68,84.68,116.78,1,1,0.79195
19,6,914.22,603.59,101.74,125.76,1,1,0.68663
19,7,1242.71,428.7,54.57,128.51,1,1,0.85463
19,8,436.51,495.64,58.03,136.38,1,1,0.79526
19,9,1223.46,153.15,63.97,97.61,1,1,0.81636
19,12,1335.29,168.38,55.96,99.44,1,1,0.82143
19,14,434.88,575.75,83.41,143.94,1,1,0.79319
19,17,919.28,299.12,81.84,101.61,1,1,0.81431
19,10,511.9,607.51,98.15,111.37,1,1,0.75856
19,13,834.99,489.92,105.65,108.29,1,1,0.78435
19,11,641.6,633.09,77.39,123.09,1,1,0.76515
19,20,759.19,495.88,63.92,70.86,1,1,0.64465
19,19,603.49,574.19,72.8,105.84,1,1,0.67115
20,0,504.87,706.71,72.43,138.42,1,1,0.8545
20,1,1510.46,515.33,88.3,124.04,1,1,0.87525
20,2,227.6,489.68,93.84,109.56,1,1,0.87147
20,3,608.02,716.99,75.56,137.88,1,1,0.82915
20,4,1118.54,696.46,84.92,151.59,1,1,0.84646
20,5,1024.79,539.95,88.15,116.98,1,1,0.82935
20,6,903.76,602.36,111.71,128.35,1,1,0.84221
20,7,1244.6,426.19,58.03,129.92,1,1,0.87215
20,8,432.42,496.62,59.27,138.62,1,1,0.83452
20,9,1223.7,154.28,67.52,99.49,1,1,0.85271
20,12,1333.53,168.4,56.36,101.97,1,1,0.8395
20,14,438.33,573.0,82.14,141.16,1,1,0.83388
20,17,919.65,300.8,86.86,102.14,1,1,0.84734
20,10,507.2,608.29,105.48,113.72,1,1,0.8322
20,13,826.61,488.88,106.35,110.95,1,1,0.84776
20,11,634.0,631.64,83.68,120.76,1,1,0.82247
20,20,759.92,496.52,66.82,72.58,1,1,0.76204
20,19,600.44,574.58,76.14,104.18,1,1,0.76346
20,15,757.66,554.59,102.44,115.08,1,1,0.70158
20,18,688.64,603.49,98.71,125.56,1,1,0.82911
20,16,688.17,551.27,71.02,74.96,1,1,0.65067
21,0,506.73,704.57,73.94,140.17,1,1,0.85376
21,1,1504.94,516.88,95.02,122.84,1,1,0.87927
21,2,223.5,492.83,100.31,107.79,1,1,0.87653
21,3,605.0,715.96,77.66,141.09,1,1,0.83928
21,4,1114.16,696.79,79.74,152.66,1,1,0.86131
21,5,1014.61,540.12,88.6,117.85,1,1,0.85011
21,6,894.04,600.42,117.76,130.44,1,1,0.86354
21,7,1245.26,423.55,61.96,130.13,1,1,0.87099
21,8,428.02,497.35,59.72,138.22,1,1,0.84508
21,9,1222.86,156.16,70.87,98.63,1,1,0.8566
21,12,1332.47,168.44,55.8,102.99,1,1,0.84353
21,14,444.26,569.93,78.53,137.14,1,1,0.83897
21,17,932.66,301.99,77.75,100.77,1,1,0.84898
21,10,503.48,608.78,109.73,116.6,1,1,0.84513
21,13,821.96,488.5,93.9,113.56,1,1,0.83757
21,11,624.78,631.94,91.5,119.62,1,1,0.83214
21,20,761.78,497.15,67.26,75.58,1,1,0.79693
21,19,599.73,575.46,76.76,101.77,1,1,0.78343
21,15,754.84,556.27,95.13,112.9,1,1,0.82185
21,18,681.74,602.81,100.64,122.3,1,1,0.83893
22,0,505.41,701.62,81.07,142.4,1,1,0.8592
22,1,1495.79,518.18,100.83,121.12,1,1,0.87253
22,2,222.45,494.89,103.86,106.5,1,1,0.87591
22,3,605.47,714.41,76.2,142.9,1,1,0.83815
22,4,1111.06,696.65,74.3,152.94,1,1,0.85601
22,5,1003.57,539.7,90.76,118.37,1,1,0.8586
22,6,886.06,598.01,115.03,132.61,1,1,0.84167
22,7,1245.41,420.93,62.09,131.18,1,1,0.85677
22,8,424.53,497.68,60.82,137.94,1,1,0.83953
22,9,1221.27,156.99,74.86,97.92,1,1,0.85177
22,12,1331.69,168.36,54.58,102.76,1,1,0.8347
22,14,450.26,567.92,74.85,134.06,1,1,0.82319
22,17,942.35,303.18,70.58,99.6,1,1,0.83988
22,10,499.92,609.11,115.75,119.92,1,1,0.83583
22,13,817.67,488.6,80.44,114.12,1,1,0.82983
22,11,617.3,630.69,95.72,118.28,1,1,0.80834
22,20,761.92,498.33,66.6,77.2,1,1,0.73736
22,19,601.77,577.35,73.8,97.88,1,1,0.73725
22,15,749.86,556.71,94.0,112.82,1,1,0.81419
22,18,673.37,601.13,107.06,125.22,1,1,0.83007
23,0,504.27,697.44,88.11,145.69,1,1,0.86199
23,1,1486.84,518.45,106.38,121.23,1,1,0.87636
23,2,224.37,496.11,102.56,106.07,1,1,0.87369
23,3,604.54,713.43,75.51,145.9,1,1,0.83179
23,4,1106.54,695.9,72.57,154.17,1,1,0.86184
23,5,993.74,539.58,91.4,118.45,1,1,0.86332
23,6,876.36,595.09,107.41,135.3,1,1,0.85304
23,7,1243.96,418.81,63.24,128.18,1,1,0.85954
23,8,419.61,497.91,60.73,138.74,1,1,0.84029
23,9,1218.63,157.45,78.9,97.77,1,1,0.84944
23,12,1330.49,168.21,53.55,102.84,1,1,0.83974
23,14,450.33,565.88,75.39,135.13,1,1,0.83061
23,17,949.95,303.99,66.55,100.29,1,1,0.84357
23,10,496.88,610.22,118.19,120.74,1,1,0.82969
23,13,813.95,491.08,73.94,111.93,1,1,0.82612
23,11,609.65,633.22,98.03,116.23,1,1,0.7964
23,19,599.94,581.01,72.86,89.46,1,1,0.75782
23,15,744.4,554.55,92.38,116.18,1,1,0.81706
23,18,663.84,601.65,111.64,123.89,1,1,0.81266
24,0,507.39,691.61,88.97,145.85,1,1,0.83221
24,1,1480.05,516.97,107.68,121.01,1,1,0.86552
24,2,228.99,496.15,98.98,105.38,1,1,0.85004
24,3,604.72,718.75,73.08,141.23,1,1,0.82685
24,4,1103.35,693.83,70.19,154.72,1,1,0.8517
24,5,984.35,538.34,92.63,118.96,1,1,0.84295
24,6,871.21,592.29,99.07,136.81,1,1,0.79897
24,7,1243.21,416.86,62.34,124.42,1,1,0.8535
24,8,414.18,497.47,56.4,139.1,1,1,0.82497
24,9,1217.12,156.29,82.74,98.01,1,1,0.83575
24,12,1329.94,167.44,52.51,101.66,1,1,0.82563
24,14,448.73,561.9,79.46,137.71,1,1,0.82308
24,17,953.81,304.12,66.64,99.71,1,1,0.83019
24,10,497.09,612.63,114.97,117.31,1,1,0.79356
24,13,809.25,494.16,71.61,109.88,1,1,0.76228
24,11,605.52,633.34,96.24,115.02,1,1,0.74252
24,19,604.02,582.21,64.56,80.12,1,1,0.72012
24,15,738.45,549.84,92.55,122.95,1,1,0.74671
24,18,656.27,600.47,110.76,125.03,1,1,0.79306
25,0,512.67,689.06,83.71,138.25,1,1,0.82805
25,1,1476.25,515.12,102.7,121.14,1,1,0.87216
25,2,238.55,496.18,91.26,105.33,1,1,0.84692
25,3,603.76,717.24,72.73,141.96,1,1,0.82621
25,4,1099.73,690.57,68.01,155.64,1,1,0.85473
25,5,976.68,537.76,90.96,118.81,1,1,0.8328
25,6,862.49,590.36,90.27,136.03,1,1,0.78657
25,7,1242.16,415.52,61.05,121.96,1,1,0.85146
25,8,408.79,496.31,55.25,140.15,1,1,0.83141
25,9,1216.0,154.53,85.81,98.34,1,1,0.83774
25,12,1328.38,166.07,52.8,101.82,1,1,0.82405
25,14,445.37,558.76,86.0,139.07,1,1,0.82639
25,17,952.99,303.56,72.4,100.57,1,1,0.83092
25,10,497.05,615.44,110.59,113.95,1,1,0.7976
25,13,805.02,497.82,69.76,107.11,1,1,0.78899
25,11,598.59,633.2,80.98,117.31,1,1,0.69759
25,19,605.57,580.8,58.32,80.8,1,1,0.71242
25,15,734.94,546.98,91.66,126.13,1,1,0.79089
25,18,649.01,599.17,108.78,127.63,1,1,0.78341
26,0,513.81,687.07,82.88,130.16,1,1,0.81498
26,1,1466.39,512.47,96.37,119.61,1,1,0.86498
26,2,251.13,495.52,80.31,104.87,1,1,0.84875
26,3,602.98,714.65,71.49,141.66,1,1,0.81563
26,4,1094.93,687.98,66.14,154.28,1,1,0.8531
26,5,969.82,538.31,85.15,119.54,1,1,0.8255
26,7,1239.17,414.13,58.3,118.16,1,1,0.85067
26,8,401.14,495.43,55.77,139.19,1,1,0.825
26,9,1213.58,152.16,88.32,98.12,1,1,0.83806
26,12,1325.41,163.98,53.52,100.92,1,1,0.81445
26,14,441.49,554.03,91.61,142.29,1,1,0.8003
26,17,949.93,302.69,79.17,102.43,1,1,0.84758
26,10,495.42,617.35,107.11,113.17,1,1,0.73424
26,13,797.06,499.91,67.11,103.15,1,1,0.77384
26,11,590.63,630.95,73.97,122.78,1,1,0.70791
26,18,638.17,596.78,104.8,130.08,1,1,0.76994
27,0,509.83,686.65,88.11,126.31,1,1,0.85936
27,1,1452.65,510.89,91.62,116.08,1,1,0.88231
27,2,251.45,494.82,82.01,105.58,1,1,0.87128
27,3,600.75,710.37,73.75,146.19,1,1,0.83703
27,4,1089.19,685.69,65.34,150.8,1,1,0.87828
27,5,958.09,539.7,82.56,121.0,1,1,0.87309
27,7,1235.41,412.37,58.29,117.77,1,1,0.86944
27,8,390.6,494.68,58.65,136.93,1,1,0.85345
27,9,1215.05,149.64,87.94,96.13,1,1,0.82689
27,12,1319.18,161.52,57.2,103.25,1,1,0.84566
27,14,438.3,549.81,96.26,144.69,1,1,0.86218
27,17,946.61,301.4,85.91,105.07,1,1,0.87365
27,10,491.76,617.95,105.75,120.04,1,1,0.85201
27,13,788.22,502.47,62.98,101.13,1,1,0.81919
27,11,579.59,628.6,65.6,132.49,1,1,0.78671
27,18,628.71,594.86,95.99,125.9,1,1,0.84298
27,16,672.83,551.24,57.82,102.84,1,1,0.72239
27,20,757.2,501.54,56.26,97.92,1,1,0.7835
27,6,838.59,591.46,74.89,132.0,1,1,0.83747
27,15,722.26,552.55,94.59,120.3,1,1,0.85286
28,0,503.44,684.96,97.8,126.48,1,1,0.85954
28,1,1434.66,509.52,92.0,113.62,1,1,0.87982
28,2,248.3,494.08,87.14,106.03,1,1,0.87555
28,3,598.06,707.73,74.25,148.83,1,1,0.84594
28,4,1080.33,683.49,65.63,143.89,1,1,0.87462
28,5,944.71,541.38,75.68,122.14,1,1,0.86654
28,7,1230.47,410.56,58.4,116.03,1,1,0.86653
28,8,376.05,494.58,64.98,135.82,1,1,0.86521
28,9,1220.24,147.74,82.82,96.5,1,1,0.82312
28,12,1315.09,160.39,56.75,103.27,1,1,0.84816
28,14,436.55,545.71,98.2,143.69,1,1,0.86872
28,17,943.16,300.74,90.16,107.67,1,1,0.87441
28,10,485.56,617.29,104.35,124.35,1,1,0.86525
28,13,779.34,505.35,60.36,98.95,1,1,0.80232
28,11,571.24,627.8,68.43,132.79,1,1,0.75077
28,18,618.2,594.9,88.99,125.18,1,1,0.82919
28,16,664.13,552.01,57.2,103.16,1,1,0.72235
28,20,755.36,501.99,54.74,102.19,1,1,0.7982
28,6,823.78,592.51,73.39,131.21,1,1,0.86116
28,15,714.88,555.13,94.78,123.95,1,1,0.8422
29,0,496.37,685.23,107.39,125.11,1,1,0.84522
29,1,1417.61,509.47,99.07,113.05,1,1,0.89104
29,2,245.49,493.55,91.15,105.76,1,1,0.878
29,3,595.11,706.61,72.79,148.99,1,1,0.83008
29,4,1068.83,682.31,68.6,139.03,1,1,0.86586
29,5,930.52,545.08,70.25,124.58,1,1,0.85272
29,7,1224.3,409.4,58.02,112.87,1,1,0.8517
29,8,363.06,496.57,67.21,135.16,1,1,0.85325
29,9,1224.61,147.09,76.52,93.87,1,1,0.82628
29,12,1309.74,160.39,57.21,103.34,1,1,0.83921
29,14,435.41,544.21,96.98,138.93,1,1,0.83118
29,17,947.3,300.6,85.12,110.96,1,1,0.84632
29,10,477.94,617.54,103.39,125.21,1,1,0.8408
29,13,770.98,504.98,59.32,101.27,1,1,0.77668
29,11,562.38,624.63,81.21,116.59,1,1,0.73381
29,18,605.79,594.07,89.79,124.67,1,1,0.83947
29,16,654.18,552.4,57.63,112.34,1,1,0.75488
29,20,749.38,504.18,55.65,106.81,1,1,0.75718
29,6,805.49,593.81,76.2,135.29,1,1,0.84935
29,15,704.41,555.86,96.64,131.1,1,1,0.83569
30,0,493.35,682.24,113.39,126.21,1,1,0.84086
30,1,1402.8,508.95,103.93,113.24,1,1,0.87716
30,2,246.1,492.94,92.65,104.78,1,1,0.87262
30,3,591.38,709.55,72.31,146.78,1,1,0.82359
30,4,1055.78,680.7,73.82,135.53,1,1,0.86573
30,5,916.91,548.2,68.28,128.35,1,1,0.84864
30,7,1218.53,408.4,57.7,108.46,1,1,0.85264
30,8,353.74,498.24,66.51,136.48,1,1,0.8466
30,9,1223.32,147.37,78.95,93.02,1,1,0.84279
30,12,1302.06,160.12,61.67,105.67,1,1,0.8463
30,14,438.45,541.71,93.0,135.03,1,1,0.8239
30,17,955.08,301.44,77.65,112.85,1,1,0.85586
30,10,471.06,617.39,102.29,125.42,1,1,0.83468
30,13,761.54,503.81,58.91,103.72,1,1,0.79217
30,11,554.09,621.33,65.21,85.34,1,1,0.71845
30,18,597.09,594.13,91.56,126.14,1,1,0.86097
30,16,645.4,552.84,58.51,117.5,1,1,0.7571
30,20,743.84,505.94,53.7,107.42,1,1,0.76152
30,6,787.29,594.83,82.05,138.39,1,1,0.84626
30,15,697.05,558.07,96.04,132.98,1,1,0.83307
30,19,577.3,573.15,47.55,94.36,1,1,0.65674
31,0,493.73,676.58,118.34,128.79,1,1,0.85658
31,1,1388.89,506.88,108.26,114.21,1,1,0.88403
31,2,252.22,492.45,88.57,105.2,1,1,0.8688
31,3,587.64,709.46,73.2,147.15,1,1,0.84931
31,4,1044.19,678.86,77.83,132.43,1,1,0.88035
31,5,905.05,549.77,65.53,130.49,1,1,0.84308
31,7,1213.66,407.38,57.74,105.83,1,1,0.85228
31,8,346.36,499.15,65.13,137.99,1,1,0.84962
31,9,1215.71,147.17,87.45,92.82,1,1,0.85737
31,12,1294.86,159.78,66.04,105.94,1,1,0.85415
31,14,446.16,539.19,85.32,134.07,1,1,0.81918
31,17,963.0,302.7,70.71,113.07,1,1,0.87164
31,10,464.72,616.16,102.55,126.04,1,1,0.83947
31,13,748.02,502.2,62.19,105.06,1,1,0.79649
31,11,547.52,615.54,57.23,81.48,1,1,0.68874
31,18,586.66,593.83,97.57,126.18,1,1,0.86647
31,16,637.55,553.9,57.91,120.86,1,1,0.76095
31,6,774.56,594.6,81.69,140.66,1,1,0.85017
31,15,692.03,558.05,90.98,131.4,1,1,0.81133
32,0,499.85,672.86,115.57,125.97,1,1,0.86388
32,1,1373.57,504.15,107.87,114.71,1,1,0.878
32,2,260.92,492.51,80.38,104.9,1,1,0.86364
32,3,583.28,711.11,74.64,145.41,1,1,0.85241
32,4,1033.05,677.19,81.75,131.31,1,1,0.88345
32,5,893.69,549.57,65.75,131.72,1,1,0.83721
32,7,1209.13,405.11,59.39,104.73,1,1,0.85574
32,8,339.37,499.45,63.66,137.41,1,1,0.8513
32,9,1211.38,146.67,93.26,90.85,1,1,0.84511
32,12,1287.87,158.35,70.73,106.38,1,1,0.84921
32,14,452.85,536.08,79.16,135.23,1,1,0.82066
32,17,962.67,304.93,73.27,110.44,1,1,0.85382
32,10,457.79,614.97,102.52,126.09,1,1,0.82954
32,13,739.04,501.48,65.86,106.25,1,1,0.75196
32,11,538.79,615.52,57.06,79.46,1,1,0.6448
32,18,576.89,594.4,100.87,125.24,1,1,0.85528
32,16,630.04,554.09,59.87,121.51,1,1,0.74711
32,6,763.23,593.72,78.36,141.29,1,1,0.80145
32,15,688.11,559.8,87.57,126.96,1,1,0.6893
33,0,509.21,668.43,111.97,126.86,1,1,0.86685
33,1,1359.1,502.12,103.29,114.87,1,1,0.90061
33,2,273.75,492.75,67.69,104.47,1,1,0.84419
33,3,578.88,710.9,80.6,144.37,1,1,0.87863
33,4,1025.32,676.1,84.9,129.86,1,1,0.91091
33,5,882.61,548.32,65.43,132.66,1,1,0.82728
33,7,1204.79,402.38,60.62,103.97,1,1,0.87425
33,8,332.33,499.24,62.15,136.9,1,1,0.84439
33,9,1209.08,145.79,97.21,91.48,1,1,0.87312
33,12,1281.38,156.26,76.88,107.39,1,1,0.86789
33,14,452.12,532.78,80.87,137.24,1,1,0.82947
33,17,959.98,307.47,78.76,106.79,1,1,0.87689
33,10,451.36,612.66,102.23,126.53,1,1,0.84316
33,18,565.58,593.52,102.27,123.16,1,1,0.80608
33,6,752.71,590.98,74.51,141.73,1,1,0.66492
33,15,682.59,562.54,82.63,119.06,1,1,0.66046
34,0,528.81,666.01,96.15,128.63,1,1,0.82988
34,1,1342.89,500.91,94.51,114.46,1,1,0.89973
34,2,284.42,494.11,58.23,104.57,1,1,0.84014
34,3,573.36,711.17,87.77,143.38,1,1,0.88102
34,4,1018.66,675.94,87.9,128.66,1,1,0.91394
34,5,871.17,547.68,63.73,131.08,1,1,0.85087
34,7,1199.72,400.04,61.93,105.16,1,1,0.87705
34,8,325.99,500.42,60.89,137.87,1,1,0.84069
34,9,1211.39,145.85,95.51,92.16,1,1,0.86702
34,12,1277.2,154.19,80.55,106.98,1,1,0.87131
34,14,448.6,530.31,86.08,139.12,1,1,0.84995
34,17,955.36,310.66,84.97,105.96,1,1,0.90905
34,10,445.28,609.56,101.99,129.67,1,1,0.79242
34,6,741.46,592.97,70.57,139.34,1,1,0.64883
35,0,536.19,662.39,98.27,131.2,1,1,0.84345
35,1,1326.75,500.78,85.8,114.42,1,1,0.90547
35,2,288.84,494.61,54.27,103.18,1,1,0.82558
35,3,569.31,707.42,93.78,146.98,1,1,0.87901
35,4,1013.62,675.25,89.48,127.8,1,1,0.92549
35,5,859.95,548.19,62.35,128.15,1,1,0.86847
35,7,1195.74,397.32,62.41,106.62,1,1,0.89106
35,8,321.64,501.45,58.92,138.3,1,1,0.84213
35,9,1221.91,145.93,85.81,94.25,1,1,0.82895
35,12,1273.35,153.6,83.31,105.88,1,1,0.87445
35,14,447.75,527.19,89.26,140.94,1,1,0.84452
35,17,953.0,313.51,91.51,107.66,1,1,0.91477
35,10,439.99,605.42,105.66,133.12,1,1,0.82625
35,6,730.96,595.28,69.46,132.51,1,1,0.79302
35,16,605.12,557.58,64.37,115.73,1,1,0.74248
36,0,538.04,658.66,97.01,132.06,1,1,0.6878
36,1,1308.39,500.17,87.57,113.92,1,1,0.86194
36,2,289.29,494.31,53.4,100.81,1,1,0.74671
36,3,570.5,701.28,95.01,150.77,1,1,0.82073
36,4,1009.4,672.54,90.51,127.75,1,1,0.90513
36,5,847.54,547.43,61.81,124.34,1,1,0.82266
36,7,1192.53,393.07,62.6,106.32,1,1,0.84658
36,8,317.74,501.99,57.22,136.93,1,1,0.77278
36,9,1232.56,145.25,75.57,92.93,1,1,0.82459
36,12,1289.29,151.98,66.97,98.82,1,1,0.83801
36,17,958.33,315.46,88.1,110.41,1,1,0.8664
37,1,1291.68,497.65,92.32,113.16,1,1,0.83875
37,3,572.69,701.55,94.24,146.63,1,1,0.74822
37,4,1005.78,668.07,92.8,129.02,1,1,0.8812
37,5,836.58,546.62,63.52,125.25,1,1,0.78141
37,7,1189.86,388.29,63.41,105.4,1,1,0.81815
37,8,314.07,505.17,55.63,132.58,1,1,0.70852
37,9,1239.44,143.92,68.35,92.27,1,1,0.79047
37,12,1296.31,150.71,59.62,97.35,1,1,0.82762
37,17,972.58,316.48,77.4,109.89,1,1,0.85017
37,10,435.23,601.83,98.19,127.97,1,1,0.64201
38,1,1276.55,493.95,96.55,112.32,1,1,0.84276
38,3,578.49,698.88,90.66,145.22,1,1,0.69168
38,4,1004.13,662.65,89.79,130.42,1,1,0.85468
38,5,825.66,546.17,64.51,130.27,1,1,0.7306
38,7,1190.04,384.61,61.0,102.55,1,1,0.81035
38,8,305.58,500.63,57.67,135.3,1,1,0.77897
38,9,1243.61,139.64,68.45,92.16,1,1,0.74584
38,12,1299.63,149.07,55.54,95.07,1,1,0.8114
38,17,985.21,316.83,69.18,107.41,1,1,0.84125
38,10,438.0,601.23,80.69,121.96,1,1,0.68522
39,1,1263.17,489.48,99.69,112.96,1,1,0.91175
39,3,577.11,698.61,95.02,145.75,1,1,0.87822
39,4,998.78,656.29,95.76,134.32,1,1,0.92731
39,5,811.74,545.69,74.38,130.15,1,1,0.8699
39,7,1188.82,379.01,62.26,107.26,1,1,0.88692
39,8,301.38,497.93,62.43,138.05,1,1,0.85303
39,9,1237.46,135.89,78.81,95.45,1,1,0.83705
39,12,1294.1,147.6,61.86,97.71,1,1,0.86418
39,17,988.55,315.43,72.18,111.16,1,1,0.88101
39,10,423.62,599.34,96.15,127.28,1,1,0.86524
39,18,509.9,617.78,76.32,143.97,1,1,0.79515
39,6,688.61,591.7,81.37,131.14,1,1,0.79233
39,0,567.44,639.48,91.45,124.29,1,1,0.66996
40,1,1247.99,486.6,97.43,111.19,1,1,0.85814
40,3,586.67,701.49,87.64,140.63,1,1,0.78718
40,4,998.96,652.11,96.01,133.68,1,1,0.87799
40,5,802.33,546.6,72.15,129.61,1,1,0.75934
40,7,1192.83,375.59,56.55,103.79,1,1,0.81117
40,8,297.43,498.3,61.62,135.71,1,1,0.80322
40,9,1239.05,133.89,78.75,92.88,1,1,0.75636
40,12,1296.85,145.29,59.61,93.73,1,1,0.76716
40,17,992.53,315.22,74.87,105.11,1,1,0.80415
40,10,418.29,599.56,93.67,124.85,1,1,0.69299
41,1,1233.17,484.62,81.85,109.74,1,1,0.82526
41,3,597.58,705.0,80.98,136.32,1,1,0.65265
41,4,1002.64,647.94,91.78,133.46,1,1,0.86131
41,5,790.81,546.92,74.66,130.1,1,1,0.7401
41,7,1196.6,372.45,52.06,104.16,1,1,0.80569
41,8,292.42,498.48,63.8,133.43,1,1,0.79747
41,9,1243.59,133.31,79.64,87.72,1,1,0.66356
41,12,1299.44,142.57,57.99,94.34,1,1,0.7949
41,17,998.3,314.08,77.01,100.18,1,1,0.79897
42,1,1216.04,483.42,72.96,108.26,1,1,0.8478
42,4,1005.29,642.21,88.8,133.44,1,1,0.86958
42,5,779.15,545.11,77.53,131.87,1,1,0.81146
42,7,1197.3,368.92,48.53,103.25,1,1,0.79639
42,8,288.06,499.58,62.64,131.66,1,1,0.77098
42,9,1259.6,131.61,70.05,82.72,1,1,0.6682
42,12,1306.23,140.26,51.64,93.44,1,1,0.80291
42,17,1003.07,312.64,79.04,98.48,1,1,0.76634
42,6,676.61,584.16,70.28,130.34,1,1,0.71036
43,1,1199.38,482.02,69.42,104.95,1,1,0.8326
43,4,1015.64,636.83,76.01,130.72,1,1,0.83914
43,5,777.12,543.03,66.71,128.74,1,1,0.79506
43,7,1196.71,365.26,46.29,102.13,1,1,0.81333
43,8,283.05,500.27,60.39,128.73,1,1,0.65137
43,9,1270.82,129.93,60.24,84.25,1,1,0.68387
43,12,1309.05,137.58,48.1,94.07,1,1,0.78636
43,17,1010.19,310.83,77.67,98.07,1,1,0.80001
44,1,1180.74,480.14,76.29,102.1,1,1,0.82552
44,4,1024.04,631.78,65.64,129.77,1,1,0.8414
44,5,773.04,539.9,59.32,128.68,1,1,0.7758
44,7,1195.26,361.77,46.24,101.04,1,1,0.82631
44,8,279.47,500.65,56.54,126.48,1,1,0.69446
44,9,1274.94,126.73,60.57,84.09,1,1,0.72997
44,12,1308.73,135.93,48.63,92.72,1,1,0.77843
44,17,1022.99,308.94,71.31,98.44,1,1,0.80403
45,1,1162.01,477.79,85.82,100.8,1,1,0.80736
45,4,1025.48,626.61,63.42,132.29,1,1,0.84378
45,5,766.97,537.39,55.28,124.92,1,1,0.81031
45,7,1193.74,358.91,48.42,100.23,1,1,0.82559
45,9,1277.73,127.28,59.7,84.22,1,1,0.70848
45,12,1309.53,132.22,49.06,92.96,1,1,0.76765
45,17,1029.21,307.36,69.31,100.56,1,1,0.79057
46,1,1143.86,474.39,90.69,100.34,1,1,0.81909
46,4,1027.51,622.39,61.26,134.88,1,1,0.85518
46,5,759.1,536.22,53.98,124.08,1,1,0.7991
46,7,1192.17,356.1,51.7,99.81,1,1,0.83126
46,12,1307.51,130.84,54.75,94.56,1,1,0.72385
46,17,1035.7,305.29,67.41,103.55,1,1,0.82962
46,8,271.09,502.01,54.68,122.01,1,1,0.72685
47,1,1127.42,470.29,93.09,102.21,1,1,0.90787
47,4,1029.46,618.29,64.62,136.88,1,1,0.90274
47,5,752.75,535.78,57.11,122.92,1,1,0.69695
47,7,1186.82,351.9,61.16,105.76,1,1,0.84992
47,12,1301.23,129.28,67.38,97.08,1,1,0.76992
47,17,1041.47,303.41,70.08,109.89,1,1,0.87515
47,8,269.68,503.15,53.35,119.95,1,1,0.80202
47,2,327.52,504.69,54.76,97.36,1,1,0.78408
47,9,1272.37,124.98,71.51,83.92,1,1,0.64449
48,1,1111.89,467.02,87.59,104.3,1,1,0.91874
48,4,1032.58,614.55,63.81,136.13,1,1,0.90701
48,5,744.86,535.25,62.25,124.77,1,1,0.7691
48,7,1184.04,347.17,69.77,110.05,1,1,0.87857
48,12,1296.27,127.27,78.27,98.14,1,1,0.70185
48,17,1044.9,302.38,77.03,110.55,1,1,0.86401
48,8,268.73,503.93,51.16,117.6,1,1,0.81791
48,2,330.27,508.22,56.9,97.08,1,1,0.75787
48,10,382.72,587.05,89.11,120.23,1,1,0.67266
48,3,632.43,657.37,83.99,152.8,1,1,0.67905
49,1,1097.35,464.36,77.3,105.95,1,1,0.92827
49,4,1037.8,612.04,61.76,135.28,1,1,0.91697
49,5,738.75,533.2,67.47,126.91,1,1,0.88111
49,7,1182.61,342.42,79.09,113.9,1,1,0.89585
49,12,1298.17,125.63,82.51,99.73,1,1,0.75678
49,17,1045.36,300.17,87.11,112.96,1,1,0.91453
49,8,261.32,503.96,56.99,117.65,1,1,0.85421
49,2,330.91,511.73,63.61,97.96,1,1,0.85459
49,23,468.63,589.48,96.93,145.9,1,1,0.89596
49,10,378.92,585.5,91.44,122.4,1,1,0.89342
49,3,641.33,671.04,79.65,137.94,1,1,0.8081
49,15,580.43,572.8,74.47,129.58,1,1,0.81911
49,0,653.41,559.85,55.42,115.54,1,1,0.66092
50,1,1081.28,463.41,67.45,105.97,1,1,0.92797
50,4,1041.44,611.23,63.5,133.72,1,1,0.92282
50,5,733.71,532.78,68.8,124.85,1,1,0.85182
50,7,1181.12,339.63,81.63,116.13,1,1,0.9167
50,17,1046.15,299.2,95.03,112.48,1,1,0.92837
50,8,261.18,504.25,55.0,116.96,1,1,0.85171
50,2,331.3,515.27,63.53,98.16,1,1,0.75658
50,23,467.51,589.12,95.39,146.15,1,1,0.77255
50,10,376.07,582.83,91.06,125.92,1,1,0.83914
50,3,643.99,678.21,86.36,128.5,1,1,0.8354
51,1,1062.19,462.3,72.45,106.83,1,1,0.9183
51,4,1043.96,610.31,66.63,132.11,1,1,0.90767
51,5,729.7,531.69,66.82,112.91,1,1,0.68969
51,7,1186.24,337.62,77.39,115.6,1,1,0.88755
51,17,1047.34,298.41,103.05,112.05,1,1,0.88083
51,8,262.14,504.52,51.13,114.9,1,1,0.81851
51,23,465.96,590.02,91.97,145.25,1,1,0.74199
51,10,373.76,581.15,89.4,126.67,1,1,0.81994
51,3,646.61,675.85,93.98,127.72,1,1,0.79351
52,1,1044.23,460.85,78.2,108.09,1,1,0.93127
52,4,1042.64,607.42,76.29,133.85,1,1,0.9358
52,5,724.56,531.39,67.36,102.62,1,1,0.82766
52,7,1192.24,335.22,75.14,114.26,1,1,0.92693
52,17,1059.68,298.11,98.41,113.0,1,1,0.92339
52,8,259.33,503.69,51.13,116.01,1,1,0.89059
52,23,461.72,589.27,92.4,145.87,1,1,0.90672
52,10,368.12,581.48,92.1,126.6,1,1,0.91656
52,3,647.84,672.31,104.68,129.4,1,1,0.91455
52,21,567.52,450.39,61.23,122.2,1,1,0.77619
52,2,329.47,521.64,66.43,98.21,1,1,0.80304
53,1,1025.97,459.47,85.0,111.04,1,1,0.92379
53,4,1040.28,604.61,86.18,134.53,1,1,0.93444
53,5,714.54,570.3,69.67,115.69,1,1,0.70838
53,7,1200.12,332.12,69.96,115.61,1,1,0.92849
53,17,1076.3,298.31,89.34,114.13,1,1,0.91411
53,8,258.37,502.15,49.85,116.6,1,1,0.8621
53,23,457.65,588.98,92.24,144.85,1,1,0.91036
53,10,363.74,582.15,94.02,125.51,1,1,0.90996
53,3,656.94,669.71,105.35,127.49,1,1,0.88137
53,2,327.31,524.27,66.1,96.01,1,1,0.73869
53,15,555.91,566.56,87.17,134.67,1,1,0.66345
54,1,1003.69,459.29,90.49,113.05,1,1,0.92831
54,4,1038.3,603.22,97.53,133.39,1,1,0.93148
54,7,1202.55,328.76,71.68,118.24,1,1,0.93281
54,17,1094.84,299.1,78.26,115.88,1,1,0.91009
54,8,257.17,499.78,49.98,119.06,1,1,0.87372
54,23,453.64,588.27,90.9,144.64,1,1,0.91787
54,10,359.52,581.99,96.42,125.94,1,1,0.9148
54,3,688.55,668.37,83.25,128.62,1,1,0.86026
54,2,326.37,527.32,67.07,94.38,1,1,0.84223
54,15,550.43,570.3,89.9,131.28,1,1,0.77506
54,16,498.12,572.46,60.3,119.64,1,1,0.64045
54,12,1329.92,114.96,81.34,103.94,1,1,0.67738
55,1,987.97,459.81,72.91,111.91,1,1,0.85831
55,4,1042.58,600.27,94.1,130.6,1,1,0.8378
55,7,1203.94,327.54,72.07,116.74,1,1,0.86217
55,17,1111.55,299.42,69.48,115.15,1,1,0.8555
55,8,255.01,496.87,48.03,117.08,1,1,0.82687
55,23,450.38,588.36,86.89,142.57,1,1,0.74069
55,10,356.43,580.29,95.19,124.7,1,1,0.79694
55,2,325.37,529.12,62.88,92.38,1,1,0.71286
55,5,731.34,582.2,57.37,106.09,1,1,0.76926
56,1,977.35,461.29,58.21,110.48,1,1,0.8947
56,4,1045.55,598.7,92.05,128.94,1,1,0.87298
56,7,1203.8,325.76,75.05,117.31,1,1,0.90677
56,17,1116.03,298.32,74.67,115.94,1,1,0.88048
56,8,250.59,491.45,48.2,120.1,1,1,0.83464
56,23,446.25,588.64,86.12,141.89,1,1,0.68657
56,2,324.0,530.16,61.09,92.25,1,1,0.69832
56,5,743.73,582.16,55.2,106.02,1,1,0.79024
56,16,487.24,574.98,59.0,117.44,1,1,0.67604
56,12,1339.25,114.13,83.6,102.09,1,1,0.74155
57,1,963.34,462.61,52.28,107.45,1,1,0.85114
57,4,1056.12,596.98,79.57,127.79,1,1,0.85273
57,7,1208.66,325.55,71.8,112.77,1,1,0.87638
57,17,1116.87,297.43,83.13,115.43,1,1,0.89195
57,8,246.25,486.15,50.2,122.81,1,1,0.83699
57,5,756.69,581.21,50.86,113.2,1,1,0.76196
57,12,1366.22,112.57,63.32,101.5,1,1,0.73691
58,1,946.69,464.73,51.68,105.5,1,1,0.85521
58,4,1066.73,594.92,68.49,127.39,1,1,0.85166
58,7,1222.55,326.18,59.08,108.69,1,1,0.85416
58,17,1120.09,297.21,86.9,112.63,1,1,0.79358
58,8,242.34,482.61,49.76,121.86,1,1,0.81929
58,5,772.2,577.06,47.46,119.62,1,1,0.77278
58,12,1381.57,113.63,53.61,99.91,1,1,0.76496
58,3,725.52,663.57,69.41,137.41,1,1,0.71355
58,23,434.01,586.81,85.6,140.39,1,1,0.68045
59,1,931.23,467.87,52.14,104.08,1,1,0.87201
59,4,1074.49,593.61,61.24,126.89,1,1,0.85866
59,7,1235.8,327.11,49.52,102.96,1,1,0.83823
59,17,1148.0,297.35,67.4,101.42,1,1,0.80805
59,8,239.09,479.79,47.5,119.94,1,1,0.79531
59,5,781.58,573.72,47.3,116.73,1,1,0.6773
59,12,1394.59,113.73,49.23,87.45,1,1,0.64158
59,23,429.86,588.82,83.48,136.37,1,1,0.69773
59,2,313.44,535.86,55.25,95.6,1,1,0.70585
60,1,914.14,470.82,54.01,104.57,1,1,0.86814
60,4,1079.52,592.17,58.3,128.03,1,1,0.85928
60,7,1238.06,325.33,53.07,106.77,1,1,0.87733
60,17,1159.73,297.32,64.27,103.76,1,1,0.66998
60,8,234.94,476.95,46.94,118.13,1,1,0.8046
60,5,788.63,570.31,49.38,109.65,1,1,0.77111
60,12,1386.85,127.06,55.19,85.63,1,1,0.73672
60,23,424.58,589.41,81.67,138.22,1,1,0.75246
60,2,308.14,537.84,55.72,102.25,1,1,0.70993
60,10,349.8,583.11,77.18,123.46,1,1,0.7189
60,3,743.37,658.29,67.06,122.97,1,1,0.70123
61,1,896.85,472.92,56.64,104.07,1,1,0.8574
61,4,1081.63,590.42,61.31,127.94,1,1,0.90638
61,7,1232.86,324.99,62.79,108.49,1,1,0.92514
61,17,1161.79,296.76,67.17,111.76,1,1,0.83712
61,8,231.45,474.37,46.65,119.43,1,1,0.83985
61,5,796.19,565.76,54.0,124.05,1,1,0.79815
61,12,1382.27,125.89,66.71,90.46,1,1,0.83582
61,23,417.43,589.24,82.33,140.82,1,1,0.86117
61,2,301.52,541.87,56.94,105.28,1,1,0.76582
61,25,621.78,418.6,64.02,118.25,1,1,0.89681
61,10,342.95,581.5,83.78,127.74,1,1,0.87329
61,3,758.73,647.99,60.3,121.41,1,1,0.85328
61,15,511.36,587.04,74.11,131.37,1,1,0.71842
62,1,880.45,474.19,60.6,107.83,1,1,0.81397
62,4,1084.01,588.69,61.77,126.03,1,1,0.8738
62,7,1230.31,321.69,68.9,109.09,1,1,0.87574
62,17,1174.09,297.46,62.84,113.04,1,1,0.86115
62,8,228.53,471.23,47.06,120.85,1,1,0.81069
62,5,803.68,563.49,52.93,130.03,1,1,0.6461
62,12,1380.75,130.23,72.47,86.56,1,1,0.74224
62,23,409.61,590.12,80.71,137.41,1,1,0.8181
62,2,297.78,545.96,56.17,102.97,1,1,0.74039
62,25,621.5,414.84,67.71,121.84,1,1,0.88459
62,10,338.29,580.26,83.44,128.78,1,1,0.84057
62,15,506.07,590.74,72.51,132.0,1,1,0.682
63,1,865.87,475.96,56.98,108.44,1,1,0.65368
63,4,1087.1,587.44,62.19,125.05,1,1,0.86681
63,7,1229.81,321.61,73.82,107.66,1,1,0.85058
63,17,1186.37,297.89,57.69,112.64,1,1,0.84226
63,8,225.3,467.23,46.95,123.52,1,1,0.81402
63,12,1386.65,128.32,74.91,87.36,1,1,0.80901
63,23,402.35,592.57,82.67,135.05,1,1,0.83491
63,2,292.4,550.42,56.32,99.0,1,1,0.71683
63,25,627.54,412.05,64.77,120.71,1,1,0.90891
63,10,333.97,579.61,82.37,128.93,1,1,0.83768
64,4,1090.16,587.04,62.06,123.03,1,1,0.84734
64,7,1246.45,321.4,60.78,102.67,1,1,0.81115
64,17,1192.9,300.89,57.02,105.2,1,1,0.79738
64,8,223.74,463.11,45.6,124.22,1,1,0.80757
64,12,1398.91,127.95,68.73,86.97,1,1,0.79277
64,23,398.35,597.02,79.97,130.2,1,1,0.82737
64,2,288.35,554.84,53.88,95.66,1,1,0.72737
64,25,639.91,409.99,53.91,119.52,1,1,0.87582
64,10,332.28,581.32,78.13,124.61,1,1,0.73511
64,15,491.66,593.14,70.98,128.54,1,1,0.6655
65,4,1092.03,586.07,74.53,125.08,1,1,0.91378
65,7,1245.56,322.84,65.73,103.25,1,1,0.83322
65,17,1187.4,299.1,75.22,112.84,1,1,0.89341
65,8,220.98,460.17,46.35,128.14,1,1,0.84065
65,12,1412.49,126.21,64.05,96.21,1,1,0.8062
65,23,388.43,596.4,88.17,134.92,1,1,0.88608
65,2,280.84,561.36,57.94,91.83,1,1,0.80578
65,25,648.67,406.32,49.98,129.13,1,1,0.89612
65,10,326.36,580.06,82.79,127.96,1,1,0.86971
65,15,483.13,597.24,77.66,127.7,1,1,0.85902
65,21,543.95,484.91,47.96,118.45,1,1,0.66595
65,3,789.14,632.95,60.69,131.28,1,1,0.78793
65,5,826.83,552.56,54.42,120.44,1,1,0.72078
66,4,1091.97,585.59,80.79,123.85,1,1,0.91438
66,7,1248.52,322.88,65.61,104.62,1,1,0.7533
66,17,1186.48,296.7,86.31,112.53,1,1,0.89245
66,8,217.41,457.7,46.98,124.15,1,1,0.88135
66,12,1421.64,126.12,60.51,99.84,1,1,0.81637
66,23,383.46,595.65,87.33,134.94,1,1,0.85457
66,2,273.52,567.08,61.17,93.7,1,1,0.85296
66,25,654.14,402.08,48.2,126.3,1,1,0.86938
66,10,320.47,580.03,83.81,128.62,1,1,0.87164
66,3,791.04,628.65,66.29,129.78,1,1,0.85073
66,5,835.74,547.35,52.33,119.35,1,1,0.83601
66,1,809.93,470.38,62.95,103.24,1,1,0.7903
67,4,1088.66,585.51,87.72,123.59,1,1,0.93618
67,7,1257.7,322.94,59.17,105.73,1,1,0.89617
67,17,1188.95,295.2,92.18,105.16,1,1,0.90517
67,8,213.55,455.89,47.69,123.53,1,1,0.91427
67,12,1422.7,132.2,58.98,96.04,1,1,0.80009
67,23,373.81,598.42,90.29,134.72,1,1,0.90809
67,2,266.21,571.26,62.19,94.31,1,1,0.89294
67,25,658.21,399.03,47.68,124.07,1,1,0.90823
67,10,314.15,579.36,81.82,130.84,1,1,0.91412
67,3,791.43,625.11,74.07,131.92,1,1,0.90452
67,5,840.2,541.12,55.91,124.94,1,1,0.88533
67,1,794.13,466.72,62.12,108.67,1,1,0.86888
67,20,659.83,507.08,53.92,125.23,1,1,0.79871
67,15,465.87,608.49,83.59,120.81,1,1,0.8254
67,21,549.64,524.22,49.7,126.1,1,1,0.77381
68,4,1084.33,584.95,88.3,124.59,1,1,0.9241
68,7,1261.89,322.79,56.04,107.11,1,1,0.65667
68,8,208.78,455.35,48.62,120.75,1,1,0.89197
68,12,1424.34,139.14,55.85,89.06,1,1,0.77804
68,23,367.86,600.53,86.63,132.71,1,1,0.88298
68,2,258.56,575.28,61.33,96.05,1,1,0.83762
68,25,661.68,396.82,47.62,121.87,1,1,0.9123
68,10,309.48,578.59,77.87,128.9,1,1,0.81132
68,3,793.92,623.85,76.24,129.92,1,1,0.85269
68,5,846.97,537.05,54.01,128.83,1,1,0.86425
68,1,779.93,465.43,60.98,110.49,1,1,0.7962
68,20,656.36,508.12,52.24,121.54,1,1,0.65867
68,21,544.38,528.75,51.52,131.57,1,1,0.73082
69,4,1080.53,582.85,87.86,126.98,1,1,0.90006
69,7,1261.17,319.88,61.86,110.05,1,1,0.74542
69,8,205.21,454.8,48.31,118.75,1,1,0.88452
69,23,363.56,599.91,79.29,131.33,1,1,0.78025
69,2,253.16,579.83,57.31,99.29,1,1,0.8464
69,25,665.01,394.82,49.49,123.77,1,1,0.90177
69,10,306.97,578.82,73.12,123.15,1,1,0.76791
69,3,802.93,623.43,70.38,128.66,1,1,0.77888
69,5,855.75,533.37,49.45,132.99,1,1,0.86545
69,1,767.71,464.14,55.9,111.44,1,1,0.82952
70,4,1077.76,579.66,88.0,128.56,1,1,0.91841
70,7,1265.45,315.83,62.92,110.88,1,1,0.7132
70,8,201.6,452.72,48.81,117.93,1,1,0.88468
70,23,357.11,598.1,73.03,130.71,1,1,0.79241
70,2,247.95,582.91,53.56,99.83,1,1,0.85778
70,25,667.45,391.91,49.3,125.57,1,1,0.90815
70,10,304.01,578.0,68.17,119.66,1,1,0.72745
70,3,812.85,620.35,65.71,131.58,1,1,0.87454
70,5,861.75,529.2,47.72,134.65,1,1,0.8883
70,1,756.29,462.89,51.17,111.61,1,1,0.87689
70,17,1229.0,303.46,65.32,114.04,1,1,0.80852
70,12,1418.12,134.6,76.87,93.77,1,1,0.6666
71,4,1079.45,576.3,85.02,128.86,1,1,0.92689
71,7,1270.16,316.99,65.78,108.98,1,1,0.75457
71,8,197.04,449.72,50.81,120.18,1,1,0.88014
71,23,349.02,597.24,65.5,130.86,1,1,0.84449
71,2,241.86,584.56,50.23,99.27,1,1,0.89634
71,25,669.86,389.65,49.33,127.57,1,1,0.91859
71,10,293.66,576.38,70.89,120.18,1,1,0.8557
71,3,819.28,618.85,64.41,132.59,1,1,0.91863
71,5,866.68,524.89,46.83,123.89,1,1,0.89781
71,1,743.62,461.04,49.46,113.21,1,1,0.90898
71,17,1246.12,303.87,55.07,114.73,1,1,0.8425
71,12,1417.44,135.31,80.02,89.98,1,1,0.82641
71,15,429.66,618.28,71.69,119.65,1,1,0.64797
71,20,649.43,504.38,47.71,116.59,1,1,0.83506
72,4,1082.35,574.06,81.08,128.05,1,1,0.92525
72,7,1282.85,317.51,59.55,108.66,1,1,0.85693
72,8,192.5,446.17,51.77,123.24,1,1,0.74083
72,23,340.42,597.88,63.23,129.61,1,1,0.87929
72,2,234.21,585.92,45.87,98.0,1,1,0.90531
72,25,673.32,387.21,47.51,128.26,1,1,0.88964
72,10,283.62,576.07,73.7,120.65,1,1,0.89838
72,3,825.07,613.75,64.79,137.41,1,1,0.9207
72,5,872.04,519.46,49.85,117.4,1,1,0.90121
72,1,728.29,458.5,51.1,114.5,1,1,0.90727
72,17,1248.42,302.93,58.12,112.9,1,1,0.87848
72,12,1419.75,137.23,80.34,89.4,1,1,0.8107
72,15,421.11,618.08,68.57,125.19,1,1,0.85769
72,20,646.73,500.32,46.31,116.42,1,1,0.87915
73,4,1086.03,571.11,76.71,130.39,1,1,0.92488
73,7,1290.32,318.17,59.22,108.27,1,1,0.76682
73,8,189.37,442.09,51.3,125.76,1,1,0.79448
73,23,329.24,596.94,66.55,128.93,1,1,0.90142
73,2,226.72,587.52,44.93,96.15,1,1,0.91298
73,25,674.85,382.85,49.32,131.0,1,1,0.89363
73,10,275.29,575.5,74.81,121.6,1,1,0.91548
73,3,827.77,608.11,67.43,140.16,1,1,0.93083
73,5,876.77,513.91,52.21,114.6,1,1,0.87477
73,1,708.46,455.02,57.37,115.78,1,1,0.8903
73,17,1247.97,300.63,64.44,110.5,1,1,0.89084
73,12,1426.97,137.15,75.9,92.96,1,1,0.82185
73,15,411.55,619.72,69.81,127.77,1,1,0.89002
73,20,643.22,497.72,46.03,116.65,1,1,0.88378
73,21,504.02,518.26,55.75,133.0,1,1,0.72012
74,4,1090.92,569.16,69.72,131.53,1,1,0.90997
74,7,1290.98,318.98,62.66,108.0,1,1,0.88852
74,8,186.83,438.21,51.08,124.89,1,1,0.81765
74,23,320.25,595.8,67.3,129.26,1,1,0.87185
74,2,220.56,589.89,43.88,96.79,1,1,0.89665
74,25,675.32,376.43,50.57,135.32,1,1,0.87309
74,10,268.13,575.39,74.59,122.42,1,1,0.90357
74,3,831.22,603.21,68.19,139.85,1,1,0.92918
74,5,881.47,509.5,47.85,108.41,1,1,0.87431
74,1,691.4,451.69,61.22,116.64,1,1,0.85542
74,17,1248.25,299.79,69.56,106.85,1,1,0.88218
74,12,1438.76,142.42,66.22,92.78,1,1,0.82609
74,15,398.67,622.0,74.5,130.0,1,1,0.72531
74,20,639.46,495.41,47.96,118.1,1,1,0.87366
74,21,497.71,515.8,53.45,128.67,1,1,0.79561
75,4,1090.56,567.55,69.35,133.61,1,1,0.90927
75,7,1292.22,320.08,63.74,105.61,1,1,0.8838
75,8,184.47,436.13,51.79,121.64,1,1,0.86209
75,23,307.98,598.03,71.48,126.79,1,1,0.88881
75,2,212.74,591.7,43.21,102.17,1,1,0.90783
75,25,674.12,372.57,51.26,134.22,1,1,0.81721
75,10,260.51,575.85,72.59,122.3,1,1,0.89297
75,3,832.03,596.93,72.47,137.09,1,1,0.91709
75,5,883.92,506.24,46.69,104.37,1,1,0.88732
75,1,679.56,451.65,57.74,109.81,1,1,0.85675
75,17,1249.93,299.02,71.9,102.67,1,1,0.88994
75,12,1448.64,146.01,55.79,91.46,1,1,0.88772
75,15,385.12,622.41,77.18,133.22,1,1,0.77926
75,20,634.18,494.57,50.32,118.78,1,1,0.90472
75,21,488.99,514.87,51.21,119.09,1,1,0.83984
76,4,1086.4,565.72,72.05,136.01,1,1,0.92801
76,7,1287.51,321.77,69.11,104.72,1,1,0.87854
76,8,180.73,434.12,50.81,121.37,1,1,0.90397
76,23,296.25,597.55,75.3,127.05,1,1,0.91642
76,2,203.06,594.67,44.41,105.17,1,1,0.91894
76,25,674.09,370.5,54.04,120.12,1,1,0.86638
76,10,252.33,576.42,71.03,122.83,1,1,0.90793
76,3,837.85,593.29,67.3,132.79,1,1,0.91929
76,5,884.58,503.41,49.32,96.72,1,1,0.73932
76,1,666.94,452.8,55.25,104.11,1,1,0.8976
76,17,1255.74,298.83,68.72,99.41,1,1,0.85297
76,12,1446.01,147.61,60.75,91.03,1,1,0.85775
76,15,372.57,626.24,78.75,130.76,1,1,0.82225
76,20,626.68,493.85,54.34,118.55,1,1,0.91669
76,21,478.56,513.84,50.96,120.72,1,1,0.86069
77,4,1085.66,562.94,72.33,136.59,1,1,0.94196
77,7,1292.86,320.71,66.28,104.64,1,1,0.72322
77,8,177.8,431.04,51.43,123.35,1,1,0.92764
77,23,287.13,596.54,77.52,128.72,1,1,0.92517
77,2,195.31,596.99,44.92,109.47,1,1,0.92876
77,25,675.65,368.2,59.32,122.34,1,1,0.93752
77,10,245.75,577.0,69.77,123.84,1,1,0.91607
77,3,849.52,589.55,58.09,132.51,1,1,0.93071
77,5,885.85,500.75,51.31,79.71,1,1,0.86394
77,1,656.29,450.87,51.1,104.14,1,1,0.91356
77,12,1441.88,148.1,65.47,90.28,1,1,0.88916
77,15,361.82,624.34,82.14,133.06,1,1,0.88442
77,20,622.08,490.06,56.52,117.91,1,1,0.92456
77,21,470.59,511.2,53.61,131.41,1,1,0.86574
77,29,524.52,598.82,95.01,78.03,1,1,0.8214
77,14,457.2,455.14,49.64,119.02,1,1,0.74084
78,4,1088.63,559.75,71.98,132.56,1,1,0.93678
78,7,1298.09,319.49,67.42,106.28,1,1,0.70243
78,8,173.97,429.24,52.56,121.87,1,1,0.93185
78,23,278.46,593.03,78.65,132.24,1,1,0.9316
78,2,188.35,598.93,44.3,112.72,1,1,0.92828
78,25,676.47,364.89,61.08,125.38,1,1,0.93971
78,10,240.4,576.14,66.07,123.88,1,1,0.90541
78,3,858.97,584.67,52.79,135.79,1,1,0.92113
78,1,646.01,448.66,50.51,105.48,1,1,0.88879
78,12,1438.64,148.64,72.57,88.27,1,1,0.8655
78,15,352.32,621.22,85.42,135.3,1,1,0.92154
78,20,618.06,487.04,58.21,117.27,1,1,0.92463
78,21,464.93,511.81,51.28,120.47,1,1,0.8593
78,29,508.51,594.9,101.84,77.76,1,1,0.67267
78,30,1491.39,141.66,52.33,93.0,1,1,0.85947
78,14,449.76,452.57,51.97,122.64,1,1,0.87832
79,4,1092.97,557.18,69.0,126.51,1,1,0.93764
79,7,1293.05,318.57,80.67,106.06,1,1,0.67256
79,8,171.11,427.8,53.68,120.65,1,1,0.93968
79,23,273.29,591.32,77.95,134.07,1,1,0.93441
79,2,181.77,602.82,45.13,116.12,1,1,0.93303
79,25,676.77,362.87,61.11,129.29,1,1,0.93719
79,10,235.79,575.21,63.4,122.56,1,1,0.91456
79,3,862.8,585.81,50.59,132.03,1,1,0.87752
79,15,346.09,621.7,86.67,134.18,1,1,0.91813
79,20,615.94,484.13,58.34,116.86,1,1,0.92374
79,21,459.06,513.51,51.83,115.39,1,1,0.88658
79,29,499.75,590.8,104.21,80.69,1,1,0.64359
79,30,1493.95,140.84,49.74,98.93,1,1,0.6939
79,14,444.38,451.02,53.55,123.4,1,1,0.91521
79,31,409.99,580.6,59.89,123.75,1,1,0.7543
79,5,896.58,490.54,48.91,111.67,1,1,0.8001
80,4,1098.46,554.48,64.75,125.52,1,1,0.93445
80,7,1309.51,319.85,71.49,106.92,1,1,0.79352
80,8,168.55,426.3,56.49,121.14,1,1,0.93606
80,23,268.97,591.68,76.09,133.71,1,1,0.92541
80,2,175.44,608.05,45.61,115.18,1,1,0.93106
80,25,680.88,360.62,55.22,130.09,1,1,0.93898
80,10,229.17,573.58,63.73,120.75,1,1,0.91376
80,3,863.92,561.22,59.39,152.38,1,1,0.90546
80,15,340.31,623.06,86.85,131.96,1,1,0.9304
80,20,612.97,480.03,56.35,116.58,1,1,0.92443
80,21,453.59,510.64,53.09,114.1,1,1,0.87403
80,29,490.22,588.45,105.33,78.87,1,1,0.74808
80,14,438.18,449.5,56.69,124.53,1,1,0.82959
80,5,901.37,485.96,49.1,115.94,1,1,0.92975
81,4,1106.5,552.77,59.03,126.85,1,1,0.93619
81,7,1321.81,318.99,59.04,108.66,1,1,0.86969
81,8,164.44,424.11,65.79,120.97,1,1,0.92685
81,23,263.59,591.44,71.7,133.72,1,1,0.91124
81,2,169.56,613.13,44.73,111.0,1,1,0.92674
81,25,683.38,358.3,50.65,130.51,1,1,0.93472
81,10,220.82,572.69,66.2,120.32,1,1,0.90472
81,3,862.06,552.5,67.4,155.33,1,1,0.92372
81,15,334.57,623.05,84.49,131.52,1,1,0.93061
81,20,608.35,476.56,56.17,117.89,1,1,0.90701
81,21,448.5,507.04,53.53,113.58,1,1,0.88296
81,14,430.57,448.17,58.63,125.74,1,1,0.83732
81,5,903.91,481.14,54.07,118.83,1,1,0.93075
81,17,1281.63,310.62,65.63,101.75,1,1,0.81375
81,31,402.1,578.42,57.94,123.5,1,1,0.68744
82,4,1111.48,551.64,56.89,127.13,1,1,0.94122
82,7,1327.79,321.47,55.13,106.39,1,1,0.80779
82,8,160.26,422.56,68.19,119.4,1,1,0.93772
82,23,256.73,590.11,66.25,134.51,1,1,0.89352
82,2,164.15,616.77,43.94,107.76,1,1,0.9254
82,25,683.61,355.37,48.91,131.89,1,1,0.93563
82,10,213.19,571.69,63.86,120.31,1,1,0.8935
82,3,864.42,557.81,71.25,142.18,1,1,0.91375
82,15,329.15,624.24,81.4,129.29,1,1,0.91414
82,20,605.4,473.04,54.23,119.35,1,1,0.90502
82,21,442.16,500.11,55.66,120.42,1,1,0.87728
82,5,908.15,477.37,52.7,121.46,1,1,0.93471
82,17,1281.7,312.53,69.97,99.37,1,1,0.86852
82,12,1472.06,162.71,52.39,87.23,1,1,0.87933
83,4,1112.23,550.93,57.47,126.79,1,1,0.94242
83,7,1328.29,322.34,56.74,106.37,1,1,0.85906
83,8,156.55,421.95,68.08,115.62,1,1,0.93841
83,23,249.3,588.73,58.22,135.35,1,1,0.89211
83,2,155.31,619.23,47.83,105.38,1,1,0.92503
83,25,683.16,352.51,49.87,131.48,1,1,0.93632
83,10,206.25,570.63,61.91,121.17,1,1,0.85765
83,3,869.84,558.06,69.92,131.08,1,1,0.91216
83,15,325.65,623.06,77.96,129.77,1,1,0.9248
83,20,603.38,468.85,51.93,121.94,1,1,0.91762
83,21,436.28,493.62,57.64,124.41,1,1,0.89661
83,5,913.44,474.88,49.5,123.32,1,1,0.93767
83,32,1515.2,145.88,43.11,83.02,1,1,0.80656
83,12,1474.67,163.73,51.67,87.74,1,1,0.86657
83,1,587.54,432.58,61.69,103.42,1,1,0.72732
83,29,477.07,585.78,86.94,81.73,1,1,0.6444
83,31,391.94,577.22,56.55,126.95,1,1,0.83009
84,4,1107.92,551.88,61.2,124.93,1,1,0.94262
84,7,1328.07,323.86,58.33,104.84,1,1,0.78528
84,8,151.95,422.13,65.18,114.4,1,1,0.93412
84,23,240.7,587.43,51.8,135.4,1,1,0.78887
84,2,148.18,621.18,49.28,104.89,1,1,0.91019
84,25,683.03,350.19,49.85,126.45,1,1,0.92661
84,10,200.42,569.99,59.36,121.37,1,1,0.67547
84,3,875.7,556.42,65.8,129.64,1,1,0.88568
84,15,322.72,621.36,74.31,130.94,1,1,0.90664
84,20,600.58,465.19,50.01,124.13,1,1,0.91072
84,21,434.17,491.02,53.93,119.39,1,1,0.90248
84,5,917.51,471.45,46.6,124.17,1,1,0.93448
84,32,1512.7,150.84,51.39,86.84,1,1,0.76241
84,1,572.97,430.31,61.87,104.85,1,1,0.89362
85,4,1101.83,548.83,67.31,124.76,1,1,0.9446
85,7,1326.07,323.89,55.4,103.65,1,1,0.764
85,8,148.36,422.92,62.57,113.7,1,1,0.93444
85,2,141.11,623.53,51.42,111.38,1,1,0.92629
85,25,684.21,348.97,48.99,122.37,1,1,0.92205
85,10,195.29,569.86,56.75,121.49,1,1,0.6947
85,3,882.98,555.07,58.12,130.18,1,1,0.89447
85,15,317.99,624.11,72.89,127.8,1,1,0.90864
85,20,595.68,462.75,49.55,123.21,1,1,0.91135
85,21,430.78,489.6,52.04,116.06,1,1,0.8927
85,5,920.45,467.66,46.85,118.79,1,1,0.93333
85,32,1514.76,148.96,56.49,94.46,1,1,0.88316
85,1,562.73,429.59,60.95,105.3,1,1,0.89229
85,12,1466.47,165.67,65.2,84.67,1,1,0.7037
85,29,471.03,587.47,78.93,86.34,1,1,0.71714
85,31,382.13,574.74,54.4,128.93,1,1,0.726
86,4,1097.44,545.97,73.45,124.61,1,1,0.94774
86,7,1323.21,325.42,59.03,101.59,1,1,0.66517
86,8,147.02,423.72,60.52,113.42,1,1,0.93434
86,2,136.1,626.65,52.27,117.95,1,1,0.92896
86,25,687.21,348.29,47.22,121.3,1,1,0.92436
86,3,884.3,552.75,57.13,132.47,1,1,0.92649
86,15,315.47,624.93,70.35,126.59,1,1,0.76105
86,20,591.02,461.21,50.27,116.38,1,1,0.92754
86,21,425.44,488.16,52.46,113.42,1,1,0.89679
86,5,922.38,463.78,48.26,113.38,1,1,0.93756
86,32,1519.2,149.47,53.92,100.32,1,1,0.85476
86,1,553.63,428.4,61.61,106.17,1,1,0.92697
86,29,468.24,587.63,75.98,88.5,1,1,0.65124
86,14,397.98,442.13,66.85,114.27,1,1,0.78237
87,4,1096.22,543.5,76.55,122.89,1,1,0.94602
87,7,1325.83,327.75,66.6,102.94,1,1,0.86783
87,8,146.54,424.26,57.91,113.78,1,1,0.92732
87,2,131.01,632.38,54.31,120.53,1,1,0.91403
87,25,688.2,347.68,46.43,122.45,1,1,0.92994
87,3,883.61,549.21,59.37,135.98,1,1,0.92381
87,20,585.31,459.28,52.18,113.01,1,1,0.92568
87,21,421.26,487.29,52.4,114.53,1,1,0.89023
87,5,923.72,460.55,51.24,112.98,1,1,0.93826
87,32,1522.74,158.08,49.2,98.23,1,1,0.81936
87,1,546.63,426.58,61.77,108.0,1,1,0.91885
87,23,214.53,587.0,52.99,133.04,1,1,0.65294
88,4,1098.19,541.5,75.27,121.42,1,1,0.94298
88,7,1328.63,334.62,70.33,98.84,1,1,0.82742
88,8,148.36,423.15,53.68,114.33,1,1,0.92463
88,2,125.52,637.11,58.08,122.27,1,1,0.91246
88,25,686.9,345.37,45.45,124.27,1,1,0.92057
88,3,884.61,544.05,61.3,138.48,1,1,0.92065
88,20,580.1,457.58,55.42,111.13,1,1,0.92671
88,21,416.03,486.63,53.86,112.17,1,1,0.8901
88,5,924.9,456.12,55.34,116.08,1,1,0.93842
88,32,1522.8,163.67,49.06,97.15,1,1,0.86461
88,1,540.49,424.54,61.27,108.91,1,1,0.91402
88,14,386.15,439.91,72.47,114.82,1,1,0.72227
89,4,1104.77,539.35,70.1,121.09,1,1,0.94106
89,7,1328.8,336.56,74.19,101.51,1,1,0.85145
89,8,152.31,421.25,47.1,115.17,1,1,0.9153
89,2,121.13,641.61,59.54,120.19,1,1,0.92196
89,25,685.51,341.3,47.1,126.02,1,1,0.91444
89,3,888.56,537.58,64.11,133.04,1,1,0.91846
89,20,575.9,456.56,57.6,109.93,1,1,0.92824
89,21,411.75,486.83,55.55,109.63,1,1,0.87137
89,5,926.54,452.49,57.58,116.43,1,1,0.93902
89,32,1526.83,158.42,50.75,101.12,1,1,0.74345
89,1,534.15,422.13,62.59,102.28,1,1,0.89972
89,14,383.07,437.19,76.08,115.63,1,1,0.80349
89,12,1491.0,168.97,51.64,96.74,1,1,0.87072
90,4,1111.94,537.03,62.71,122.5,1,1,0.9333
90,7,1321.6,330.87,72.9,106.12,1,1,0.73038
90,8,155.72,419.43,40.69,116.83,1,1,0.90944
90,2,117.07,645.55,59.72,116.83,1,1,0.91919
90,25,682.45,337.09,49.76,129.42,1,1,0.90916
90,3,893.83,532.76,61.77,125.91,1,1,0.91522
90,20,570.16,453.32,59.29,111.3,1,1,0.9328
90,21,405.65,483.1,59.12,112.17,1,1,0.8612
90,5,927.6,449.24,54.22,118.11,1,1,0.92288
90,32,1535.4,164.29,45.02,87.54,1,1,0.8016
90,1,525.67,419.59,63.73,98.61,1,1,0.92142
90,14,384.02,434.05,76.07,114.29,1,1,0.89312
90,12,1498.14,181.79,44.65,84.27,1,1,0.81214
90,15,299.33,621.57,71.49,128.69,1,1,0.80065
90,23,181.47,587.51,59.21,130.65,1,1,0.76027
91,4,1117.46,534.68,57.75,124.26,1,1,0.93042
91,7,1315.92,328.51,81.21,111.36,1,1,0.79673
91,8,156.19,418.3,38.56,114.62,1,1,0.90642
91,2,113.26,648.75,61.46,113.69,1,1,0.9161
91,25,680.61,334.76,51.42,127.89,1,1,0.91344
91,3,900.6,529.76,55.96,123.31,1,1,0.923
91,20,566.07,450.19,59.85,113.2,1,1,0.93533
91,21,401.63,476.92,61.36,116.25,1,1,0.85393
91,5,928.64,446.06,50.34,119.38,1,1,0.91208
91,32,1539.25,167.97,46.74,85.49,1,1,0.74769
91,1,519.14,418.28,63.3,97.65,1,1,0.92143
91,14,388.14,432.2,73.27,107.44,1,1,0.82542
91,12,1496.45,179.43,51.74,86.68,1,1,0.72209
91,15,297.4,623.4,71.06,126.68,1,1,0.88206
91,23,172.27,586.13,62.19,131.37,1,1,0.84434
91,6,223.27,576.91,58.33,127.53,1,1,0.69356
91,31,349.99,568.34,53.61,127.99,1,1,0.66514
91,29,443.43,582.94,75.68,94.44,1,1,0.76243
92,4,1120.61,531.03,57.04,125.85,1,1,0.9318
92,7,1313.28,321.92,74.15,109.72,1,1,0.66453
92,8,155.64,417.86,38.78,111.34,1,1,0.90312
92,2,111.46,649.93,63.56,113.55,1,1,0.88965
92,25,679.09,332.52,53.78,125.8,1,1,0.91341
92,3,907.51,525.7,53.48,124.81,1,1,0.92239
92,20,565.75,446.99,58.55,112.73,1,1,0.92917
92,21,400.01,469.65,61.85,116.75,1,1,0.86814
92,5,930.14,441.86,48.41,120.6,1,1,0.90195
92,32,1538.37,170.95,56.0,86.03,1,1,0.84142
92,1,514.05,417.21,64.53,97.79,1,1,0.92073
92,12,1495.05,176.89,57.3,85.1,1,1,0.83129
92,15,296.74,624.5,69.79,125.01,1,1,0.86833
92,23,167.52,583.46,60.89,132.35,1,1,0.81939
93,4,1120.59,527.2,58.66,128.37,1,1,0.91098
93,7,1314.7,318.97,65.91,103.64,1,1,0.8241
93,8,153.01,417.32,39.67,111.31,1,1,0.86443
93,2,108.52,651.09,65.76,117.45,1,1,0.87192
93,25,678.39,329.1,53.19,124.19,1,1,0.87891
93,3,910.97,522.38,51.28,126.08,1,1,0.89758
93,20,566.25,443.57,55.83,107.27,1,1,0.9057
93,21,397.83,467.74,62.13,108.71,1,1,0.85647
93,5,930.3,436.98,48.18,119.17,1,1,0.86983
93,32,1543.2,169.87,56.9,92.06,1,1,0.8435
93,1,508.63,414.58,67.52,99.65,1,1,0.90671
93,12,1496.02,176.76,60.57,81.84,1,1,0.76608
93,15,294.06,625.91,68.79,122.98,1,1,0.87511
93,23,164.53,582.6,58.0,130.79,1,1,0.81968
93,17,1349.44,356.53,48.54,91.01,1,1,0.64207
93,6,212.41,571.48,54.15,130.16,1,1,0.74202
93,31,346.23,563.38,48.45,126.11,1,1,0.7777
93,29,434.3,576.22,74.81,97.62,1,1,0.73266
94,4,1119.36,524.13,60.81,126.91,1,1,0.92818
94,7,1317.03,318.18,57.23,96.68,1,1,0.85124
94,8,150.29,417.14,39.56,110.1,1,1,0.89008
94,2,104.84,654.56,69.24,118.8,1,1,0.89589
94,25,679.08,325.63,50.85,123.89,1,1,0.86647
94,3,912.44,518.86,50.64,127.51,1,1,0.91001
94,20,564.89,440.64,54.31,103.26,1,1,0.9198
94,21,394.09,468.97,63.2,103.22,1,1,0.85336
94,5,930.36,431.84,47.79,115.93,1,1,0.90754
94,32,1547.11,171.96,55.09,96.0,1,1,0.85925
94,1,503.98,412.04,68.37,100.0,1,1,0.91738
94,15,289.65,623.91,68.98,124.69,1,1,0.90177
94,23,158.38,584.24,58.21,127.74,1,1,0.80424
94,17,1350.42,354.95,45.36,94.9,1,1,0.76885
94,6,206.16,570.3,53.36,127.8,1,1,0.66912
94,31,343.52,561.23,46.89,128.25,1,1,0.82711
94,29,429.95,571.51,72.5,101.58,1,1,0.69856
95,4,1117.12,521.3,63.01,119.95,1,1,0.93481
95,7,1322.97,318.87,47.74,94.52,1,1,0.65083
95,8,147.26,416.63,39.01,109.88,1,1,0.90043
95,2,100.31,663.72,70.37,114.11,1,1,0.90814
95,25,678.6,321.35,48.22,126.37,1,1,0.88813
95,3,910.91,514.59,51.47,128.71,1,1,0.91136
95,20,560.46,437.96,55.29,103.78,1,1,0.92285
95,21,388.79,469.06,65.27,101.72,1,1,0.84656
95,5,929.91,425.98,48.53,114.5,1,1,0.92309
95,32,1551.97,174.21,45.76,96.87,1,1,0.7167
95,1,499.71,408.88,67.97,100.55,1,1,0.92141
95,15,283.53,620.96,70.77,127.57,1,1,0.92494
95,23,147.63,584.59,60.36,126.17,1,1,0.77375
95,6,197.69,569.48,54.16,128.5,1,1,0.76239
95,31,338.84,559.43,46.85,130.31,1,1,0.89895
95,29,424.25,565.48,70.05,107.01,1,1,0.77638
96,4,1117.81,518.33,59.69,114.23,1,1,0.91437
96,8,142.0,415.24,39.33,110.12,1,1,0.88595
96,2,94.72,666.54,73.24,116.05,1,1,0.89702
96,25,677.23,315.75,45.37,128.53,1,1,0.87024
96,3,907.99,509.15,54.98,125.76,1,1,0.89534
96,20,555.84,435.07,54.61,105.54,1,1,0.91141
96,21,382.62,463.21,68.45,105.67,1,1,0.86556
96,5,929.16,422.33,48.91,113.51,1,1,0.90794
96,32,1556.29,173.83,39.54,96.43,1,1,0.73407
96,1,499.68,403.72,63.22,97.54,1,1,0.89346
96,15,276.32,617.47,71.55,131.32,1,1,0.92159
96,23,139.01,583.88,58.45,124.39,1,1,0.71842
96,6,189.17,567.51,53.41,129.58,1,1,0.77286
96,31,332.27,557.41,46.83,130.87,1,1,0.89922
96,29,417.01,559.67,68.11,112.82,1,1,0.83745
97,4,1119.85,515.64,55.65,112.73,1,1,0.92571
97,8,136.73,412.87,40.04,111.15,1,1,0.9063
97,2,90.43,667.55,77.02,118.21,1,1,0.90426
97,25,677.35,311.88,41.61,127.01,1,1,0.87008
97,3,906.23,504.21,56.62,117.59,1,1,0.91069
97,20,550.62,431.41,55.34,107.74,1,1,0.92738
97,21,376.31,459.96,71.61,105.67,1,1,0.85205
97,5,929.01,420.53,48.47,112.05,1,1,0.92384
97,1,493.73,399.84,63.9,95.01,1,1,0.9111
97,15,271.31,616.21,70.71,131.79,1,1,0.91981
97,23,128.3,586.17,57.6,118.2,1,1,0.73909
97,6,179.16,566.02,53.63,129.1,1,1,0.7957
97,31,325.55,555.92,46.96,129.71,1,1,0.90709
97,29,411.48,554.68,65.93,116.63,1,1,0.89621
97,12,1518.48,187.06,44.94,88.54,1,1,0.82695
98,4,1122.72,513.38,51.69,114.96,1,1,0.92184
98,8,132.42,410.58,41.22,112.59,1,1,0.87374
98,2,90.74,669.6,76.4,117.55,1,1,0.89601
98,25,676.56,307.65,41.05,125.41,1,1,0.88962
98,3,907.6,500.42,52.22,113.91,1,1,0.89367
98,20,548.31,428.42,55.45,110.83,1,1,0.91231
98,21,373.04,454.2,75.47,111.17,1,1,0.87733
98,5,930.09,418.94,46.71,113.19,1,1,0.90171
98,1,488.37,396.36,66.22,97.18,1,1,0.90017
98,15,269.69,615.98,68.26,131.51,1,1,0.88069
98,31,320.85,555.72,47.68,128.78,1,1,0.8926
98,29,405.79,550.93,64.98,120.3,1,1,0.90084
98,12,1514.54,188.25,52.55,89.96,1,1,0.86238
98,32,1561.86,175.92,37.09,82.92,1,1,0.7109
99,4,1124.66,511.39,49.0,116.86,1,1,0.92066
99,8,129.56,409.42,41.6,112.12,1,1,0.88368
99,2,92.92,670.76,75.8,116.37,1,1,0.89725
99,25,675.68,308.92,41.84,119.37,1,1,0.90176
99,3,908.65,496.67,49.03,115.35,1,1,0.89908
99,20,547.15,425.42,57.12,110.72,1,1,0.91499
99,21,373.9,452.92,74.83,108.19,1,1,0.86359
99,5,931.9,417.05,47.43,112.36,1,1,0.87046
99,1,483.31,392.67,68.86,100.57,1,1,0.91275
99,15,271.43,620.79,63.4,125.76,1,1,0.82574
99,31,317.11,555.22,49.33,128.24,1,1,0.8834
99,29,401.31,548.38,62.89,123.05,1,1,0.91076
99,12,1508.95,188.01,58.77,91.91,1,1,0.84544
99,32,1560.19,177.25,42.59,85.55,1,1,0.81831
99,7,1323.55,345.23,51.56,91.68,1,1,0.80707
99,23,111.19,578.03,57.76,126.07,1,1,0.66849
100,4,1123.86,508.11,49.93,117.35,1,1,0.91504
100,8,128.09,407.96,42.28,111.4,1,1,0.8748
100,2,97.32,669.69,72.29,115.98,1,1,0.86035
100,25,675.86,311.91,42.42,113.47,1,1,0.89854
100,3,907.7,494.15,49.33,116.96,1,1,0.90169
100,20,548.58,422.25,56.03,105.66,1,1,0.89989
100,21,377.88,452.97,70.39,100.55,1,1,0.85396
100,5,934.56,414.6,45.32,103.91,1,1,0.89098
100,1,480.44,390.05,70.97,102.25,1,1,0.91319
100,15,273.84,619.61,59.55,125.92,1,1,0.69272
100,31,313.84,554.96,50.99,126.21,1,1,0.76113
100,29,398.03,545.7,61.55,123.6,1,1,0.86547
100,12,1505.19,188.15,67.1,88.48,1,1,0.85388
100,32,1564.23,178.46,45.05,89.71,1,1,0.83457
100,7,1322.64,347.74,49.7,89.39,1,1,0.71753
101,4,1121.35,503.48,54.13,119.12,1,1,0.906
101,8,127.81,406.88,42.79,110.29,1,1,0.87212
101,2,103.63,672.41,69.58,111.51,1,1,0.89321
101,25,676.68,314.14,42.65,109.81,1,1,0.89367
101,3,906.72,489.32,49.52,119.87,1,1,0.88489
101,20,552.64,418.69,52.03,100.58,1,1,0.88044
101,21,383.78,451.28,65.62,95.76,1,1,0.84577
101,5,937.27,410.61,43.92,101.26,1,1,0.89323
101,1,480.57,388.78,71.85,101.97,1,1,0.89608
101,31,312.62,554.73,51.66,120.23,1,1,0.67548
101,29,398.17,543.16,57.15,120.68,1,1,0.84735
101,12,1504.74,189.09,75.91,87.75,1,1,0.88064
101,32,1568.3,178.37,49.06,94.51,1,1,0.85222
101,7,1319.71,343.91,49.15,91.3,1,1,0.76373
101,35,420.56,406.16,47.2,88.6,1,1,0.75254
101,23,105.85,577.98,55.25,123.78,1,1,0.74239
102,4,1119.7,499.17,58.99,118.74,1,1,0.91528
102,8,128.73,406.4,43.3,109.15,1,1,0.88011
102,2,107.96,670.56,69.21,112.33,1,1,0.90716
102,25,677.79,315.66,43.99,107.84,1,1,0.90793
102,3,907.88,483.75,49.55,122.41,1,1,0.88561
102,20,554.55,415.93,51.57,99.29,1,1,0.88359
102,21,388.7,450.05,65.42,93.58,1,1,0.85248
102,5,940.06,406.63,45.61,101.52,1,1,0.9091
102,1,486.95,387.3,67.09,98.02,1,1,0.86976
102,29,398.73,541.38,53.67,117.04,1,1,0.74955
102,12,1512.29,190.73,76.76,90.98,1,1,0.85969
102,32,1571.94,181.29,53.17,97.01,1,1,0.81582
102,7,1321.77,343.58,44.71,90.31,1,1,0.71165
102,35,423.74,403.73,48.01,84.2,1,1,0.72505
102,23,106.25,578.62,54.31,121.27,1,1,0.75082
103,4,1122.99,495.75,61.22,112.51,1,1,0.9361
103,8,132.1,406.53,43.5,106.26,1,1,0.9052
103,2,111.95,668.17,71.21,114.71,1,1,0.92943
103,25,678.55,316.69,46.7,107.24,1,1,0.92198
103,3,911.17,478.99,52.18,119.83,1,1,0.91879
103,20,555.91,413.16,52.87,99.07,1,1,0.90325
103,21,393.88,446.14,67.12,95.18,1,1,0.87736
103,5,943.11,403.35,49.48,101.95,1,1,0.92678
103,1,495.0,385.96,63.17,92.48,1,1,0.8932
103,29,400.03,539.37,52.74,115.69,1,1,0.8881
103,12,1525.22,191.58,70.02,94.17,1,1,0.83968
103,32,1579.24,184.95,49.68,97.91,1,1,0.87865
103,7,1323.11,340.46,42.37,92.64,1,1,0.70382
103,35,431.44,399.66,48.08,83.9,1,1,0.69268
103,23,106.65,578.33,55.6,119.92,1,1,0.83091
103,15,288.69,614.35,53.99,122.74,1,1,0.81691
104,4,1125.13,492.61,66.01,111.52,1,1,0.94613
104,8,135.83,406.54,44.39,104.69,1,1,0.92002
104,2,118.39,667.6,72.55,120.76,1,1,0.94055
104,25,678.98,316.37,51.6,106.84,1,1,0.93513
104,3,917.84,472.26,52.33,113.73,1,1,0.92994
104,20,555.31,410.89,57.81,98.76,1,1,0.91899
104,21,397.64,440.38,73.52,98.65,1,1,0.88109
104,5,946.19,400.02,50.37,104.07,1,1,0.9299
104,1,504.39,384.15,58.79,89.6,1,1,0.9108
104,29,401.23,535.79,52.53,115.51,1,1,0.92132
104,32,1582.6,187.59,47.0,98.81,1,1,0.78778
104,7,1324.35,337.88,41.88,94.74,1,1,0.64925
104,23,107.58,575.44,56.5,119.74,1,1,0.88164
104,36,251.06,604.86,59.98,108.82,1,1,0.88252
104,37,203.52,567.25,54.64,121.52,1,1,0.88522
104,15,298.66,609.72,49.84,123.5,1,1,0.69083
104,19,158.68,549.03,51.87,110.16,1,1,0.77373
105,4,1138.31,488.76,59.11,110.82,1,1,0.93031
105,8,139.56,405.62,44.58,103.66,1,1,0.90236
105,2,125.91,667.88,72.98,122.6,1,1,0.94228
105,25,680.88,314.6,55.26,106.98,1,1,0.92631
105,3,926.35,467.71,49.0,109.02,1,1,0.9149
105,20,556.82,407.01,62.78,101.17,1,1,0.92339
105,21,403.78,434.92,76.91,102.84,1,1,0.897
105,5,949.51,396.99,49.87,106.31,1,1,0.91418
105,1,510.05,382.34,58.43,89.11,1,1,0.90117
105,29,402.52,531.37,53.14,118.09,1,1,0.90723
105,32,1589.92,189.43,42.19,96.17,1,1,0.76729
105,23,108.98,573.4,56.89,116.81,1,1,0.82691
105,36,252.5,604.52,65.03,107.83,1,1,0.88971
105,37,203.9,567.23,52.7,120.47,1,1,0.83756
105,15,304.36,606.59,49.48,126.07,1,1,0.73105
105,19,160.47,547.11,51.19,108.74,1,1,0.75452
105,12,1550.3,194.25,50.83,94.02,1,1,0.81295
105,35,450.72,391.02,47.01,93.3,1,1,0.76404
106,4,1149.85,486.95,54.42,111.27,1,1,0.92827
106,8,144.81,404.99,44.73,103.3,1,1,0.90316
106,2,135.46,669.24,72.63,122.66,1,1,0.92762
106,25,683.48,313.83,59.48,106.65,1,1,0.91479
106,3,935.21,464.62,47.53,107.86,1,1,0.91017
106,20,561.42,405.32,66.3,100.63,1,1,0.91872
106,21,410.69,432.54,75.69,100.32,1,1,0.87551
106,5,951.55,394.65,50.28,106.46,1,1,0.88511
106,1,514.02,379.53,60.06,89.13,1,1,0.90303
106,29,405.29,528.73,53.54,119.53,1,1,0.90114
106,32,1599.27,191.9,39.06,89.39,1,1,0.68987
106,23,111.03,571.37,57.59,115.1,1,1,0.76329
106,36,255.58,603.69,70.6,108.16,1,1,0.88667
106,12,1563.18,197.26,45.65,91.62,1,1,0.8542
106,35,460.38,390.07,46.58,95.78,1,1,0.83873
107,4,1157.8,484.78,51.7,112.68,1,1,0.93016
107,8,153.27,403.82,42.1,103.22,1,1,0.89197
107,2,148.91,669.6,70.56,122.51,1,1,0.92433
107,25,689.4,314.94,61.15,99.32,1,1,0.90781
107,3,943.47,461.75,47.55,109.81,1,1,0.90388
107,20,571.22,403.65,64.31,96.14,1,1,0.9106
107,21,419.64,429.68,74.44,93.34,1,1,0.84267
107,5,957.37,391.23,47.65,104.73,1,1,0.83997
107,1,517.96,377.07,62.74,91.91,1,1,0.88818
107,29,409.55,526.57,52.78,120.0,1,1,0.89975
107,23,114.2,570.75,58.7,113.95,1,1,0.82946
107,36,260.18,604.88,74.02,106.65,1,1,0.89331
107,12,1573.45,200.24,45.55,88.48,1,1,0.86681
107,35,471.05,389.43,47.55,98.32,1,1,0.84318
107,13,100.2,557.67,54.64,94.2,1,1,0.70184
107,31,322.58,546.74,48.58,94.35,1,1,0.70696
107,37,208.5,566.49,48.43,117.7,1,1,0.78321
107,15,319.5,605.43,47.08,120.8,1,1,0.81596
107,19,166.67,542.61,53.34,108.11,1,1,0.7344
108,4,1165.8,481.96,50.66,114.61,1,1,0.91472
108,8,160.19,402.45,42.18,104.05,1,1,0.88686
108,2,164.49,670.52,66.77,121.73,1,1,0.89764
108,25,698.82,314.21,60.87,95.72,1,1,0.88531
108,3,950.98,458.11,46.76,112.13,1,1,0.90328
108,20,583.86,401.6,59.74,91.21,1,1,0.89507
108,21,435.68,425.63,66.7,91.9,1,1,0.84395
108,5,962.08,387.32,49.13,105.23,1,1,0.83118
108,1,525.58,374.07,64.43,92.24,1,1,0.8886
108,29,413.72,523.07,52.74,121.81,1,1,0.84926
108,23,119.7,570.12,58.68,112.87,1,1,0.82676
108,36,264.28,605.2,76.7,107.2,1,1,0.849
108,12,1583.56,202.24,44.77,86.71,1,1,0.87375
108,35,481.02,388.76,48.54,99.04,1,1,0.84108
108,13,103.08,557.87,54.52,94.18,1,1,0.78636
108,37,212.44,565.39,45.56,117.09,1,1,0.77239
108,15,327.62,606.37,47.53,117.93,1,1,0.79315
108,19,173.02,540.51,52.45,108.87,1,1,0.67804
108,7,1329.59,317.15,47.45,101.36,1,1,0.6818
108,32,1618.78,197.7,42.97,89.06,1,1,0.83173
109,4,1173.05,478.8,52.25,116.33,1,1,0.92452
109,8,167.9,400.54,40.96,104.94,1,1,0.89988
109,2,182.04,669.12,60.94,122.81,1,1,0.9015
109,25,708.01,313.91,60.04,93.85,1,1,0.90203
109,3,957.77,453.73,46.73,113.53,1,1,0.91661
109,20,599.92,400.67,51.86,88.68,1,1,0.90083
109,21,452.88,424.25,60.67,89.78,1,1,0.86623
109,5,972.25,383.79,45.98,99.25,1,1,0.8822
109,1,537.37,372.24,61.73,88.43,1,1,0.89871
109,29,418.96,521.67,51.58,121.4,1,1,0.89126
109,23,127.04,569.76,56.71,111.81,1,1,0.84355
109,36,268.75,605.2,77.27,105.91,1,1,0.87037
109,12,1592.46,204.23,47.0,87.26,1,1,0.9084
109,35,489.19,387.71,51.87,95.5,1,1,0.76352
109,13,108.32,556.26,53.64,95.1,1,1,0.82219
109,37,216.96,562.68,43.26,114.58,1,1,0.80916
109,15,336.55,604.9,51.88,118.02,1,1,0.85236
109,19,177.49,539.55,52.59,108.65,1,1,0.78319
109,7,1334.16,322.98,45.27,96.35,1,1,0.78217
109,32,1628.25,197.47,49.43,92.13,1,1,0.8715
109,31,334.09,544.04,45.6,87.35,1,1,0.78836
110,4,1179.8,475.54,56.52,114.86,1,1,0.89263
110,8,174.69,398.45,40.65,105.48,1,1,0.90542
110,2,193.59,664.69,59.73,124.78,1,1,0.90238
110,25,715.74,312.56,60.96,94.95,1,1,0.8965
110,3,963.32,449.7,47.35,113.59,1,1,0.90783
110,20,611.31,399.63,50.77,89.07,1,1,0.90257
110,21,462.93,422.67,62.96,90.48,1,1,0.87627
110,5,979.96,382.55,46.29,93.81,1,1,0.89344
110,1,550.27,369.75,58.27,84.19,1,1,0.89135
110,29,422.62,519.37,52.47,120.5,1,1,0.86892
110,23,134.16,567.18,57.23,111.26,1,1,0.81197
110,36,272.26,602.6,80.67,109.48,1,1,0.8613
110,12,1600.73,206.87,53.07,89.73,1,1,0.90144
110,35,496.86,386.26,54.69,91.78,1,1,0.80761
110,13,114.24,551.1,53.9,99.62,1,1,0.74088
110,37,218.74,559.88,44.1,110.98,1,1,0.8149
110,15,344.64,601.34,57.95,119.37,1,1,0.8189
110,19,183.28,537.05,52.83,109.3,1,1,0.80069
110,7,1339.11,325.43,42.21,93.69,1,1,0.71415
110,32,1636.59,198.16,54.15,92.76,1,1,0.88824
110,31,339.28,542.19,44.8,92.92,1,1,0.66538
111,4,1187.39,472.5,56.55,108.74,1,1,0.92459
111,8,181.67,397.01,39.37,104.29,1,1,0.92171
111,2,202.46,657.1,60.8,130.47,1,1,0.886
111,25,722.47,311.08,62.31,96.29,1,1,0.92219
111,3,968.72,439.51,48.26,114.37,1,1,0.91536
111,20,618.18,395.19,55.19,91.94,1,1,0.9253
111,21,468.97,418.93,67.5,92.96,1,1,0.89432
111,5,989.77,381.12,42.88,87.48,1,1,0.87047
111,1,562.93,367.65,54.4,84.09,1,1,0.90465
111,29,426.69,517.49,52.14,119.24,1,1,0.90924
111,36,275.3,601.65,82.65,109.52,1,1,0.89897
111,12,1612.26,211.48,53.59,88.97,1,1,0.87787
111,35,510.57,383.5,52.33,87.44,1,1,0.85454
111,13,119.36,548.6,54.02,101.1,1,1,0.67561
111,37,221.32,557.11,44.24,109.29,1,1,0.70985
111,15,351.75,599.29,62.81,118.79,1,1,0.8701
111,19,188.31,533.86,52.83,109.14,1,1,0.67471
111,32,1645.82,201.11,54.78,92.16,1,1,0.89575
112,4,1195.72,468.98,53.09,106.55,1,1,0.91575
112,8,187.52,396.16,38.91,103.77,1,1,0.91841
112,2,209.84,664.29,64.57,121.2,1,1,0.88601
112,25,728.07,308.25,65.22,97.73,1,1,0.91591
112,3,975.46,433.38,45.92,110.2,1,1,0.91322
112,20,623.59,390.89,58.2,95.05,1,1,0.93172
112,21,475.38,414.31,72.86,96.46,1,1,0.90662
112,5,998.18,378.64,43.84,87.81,1,1,0.81501
112,1,570.17,365.86,56.57,85.71,1,1,0.88669
112,29,429.41,515.97,52.86,118.48,1,1,0.81366
112,36,278.49,599.36,84.96,110.22,1,1,0.85242
112,12,1623.42,213.67,50.34,89.41,1,1,0.88328
112,35,522.58,380.79,51.86,87.43,1,1,0.83918
112,15,358.94,597.62,65.29,117.86,1,1,0.81332
112,32,1654.25,203.64,52.24,90.78,1,1,0.87843
113,4,1203.92,466.79,49.91,109.22,1,1,0.9265
113,8,192.62,395.56,38.52,102.53,1,1,0.91632
113,2,216.21,667.62,68.9,117.25,1,1,0.90776
113,25,734.79,306.95,66.1,92.42,1,1,0.91606
113,3,981.81,430.44,43.34,109.11,1,1,0.91655
113,20,628.79,387.69,61.07,96.14,1,1,0.92902
113,21,482.45,410.02,75.46,98.27,1,1,0.91171
113,5,1005.6,373.95,41.7,82.05,1,1,0.8467
113,1,575.15,363.88,61.39,89.41,1,1,0.87789
113,29,432.92,514.83,52.29,117.05,1,1,0.67185
113,36,282.4,598.94,86.51,108.65,1,1,0.8033
113,35,536.94,378.22,47.98,88.4,1,1,0.64847
113,15,364.23,596.13,66.85,117.13,1,1,0.79241
113,32,1659.55,202.96,46.37,94.83,1,1,0.81502
114,4,1211.24,465.58,46.65,110.25,1,1,0.92824
114,8,196.7,395.51,38.44,99.95,1,1,0.91967
114,2,220.81,670.15,75.0,115.03,1,1,0.91125
114,25,744.12,305.35,63.9,87.62,1,1,0.91826
114,3,986.0,429.45,42.21,108.35,1,1,0.90611
114,20,637.03,384.92,59.81,92.66,1,1,0.91386
114,21,493.55,411.52,74.09,90.68,1,1,0.89257
114,5,1011.26,368.05,38.46,84.73,1,1,0.80183
114,1,584.18,361.59,60.29,84.76,1,1,0.86472
114,36,288.52,599.87,84.28,105.13,1,1,0.849
114,35,548.34,376.61,44.1,89.16,1,1,0.84174
114,15,370.09,591.84,65.42,119.14,1,1,0.82115
114,32,1666.1,207.99,43.1,89.79,1,1,0.80146
114,23,158.15,562.44,52.51,100.09,1,1,0.64086
114,37,223.45,550.1,46.57,117.28,1,1,0.69795
114,12,1638.9,219.6,41.65,84.44,1,1,0.76925
115,4,1215.79,463.38,45.16,112.7,1,1,0.925
115,8,200.34,396.66,37.98,98.95,1,1,0.91362
115,2,226.35,670.23,78.68,116.93,1,1,0.90536
115,25,757.81,304.34,56.43,86.21,1,1,0.89933
115,3,987.84,428.23,42.85,110.28,1,1,0.89885
115,20,651.83,383.19,51.81,88.11,1,1,0.90444
115,21,507.52,411.94,68.41,86.96,1,1,0.87044
115,5,1015.34,364.55,36.21,86.77,1,1,0.84538
115,1,594.47,359.77,57.02,82.45,1,1,0.8798
115,36,295.28,599.81,80.68,103.94,1,1,0.75249
115,35,558.36,375.74,41.81,87.14,1,1,0.82445
115,15,377.81,588.98,59.92,119.44,1,1,0.77433
115,32,1673.16,211.22,41.29,86.54,1,1,0.65538
115,12,1645.09,221.78,40.0,83.59,1,1,0.7236
115,7,1343.77,292.27,44.97,106.76,1,1,0.84355
116,4,1218.62,460.77,46.32,114.55,1,1,0.90783
116,8,203.77,397.41,36.76,98.0,1,1,0.90527
116,2,232.21,671.13,80.01,119.48,1,1,0.87004
116,25,768.34,303.4,53.17,86.94,1,1,0.90945
116,3,988.98,426.15,45.61,112.69,1,1,0.87899
116,20,662.94,381.07,45.89,89.02,1,1,0.89857
116,21,521.15,410.91,62.49,87.74,1,1,0.85849
116,5,1018.8,362.8,35.82,87.63,1,1,0.82395
116,1,606.83,357.52,51.31,82.05,1,1,0.86479
116,35,567.99,374.13,40.92,83.07,1,1,0.82673
116,15,385.23,587.61,54.65,118.98,1,1,0.67358
116,32,1680.9,213.98,40.95,83.74,1,1,0.85844
116,12,1651.24,224.76,47.69,82.22,1,1,0.85904
116,7,1344.18,287.86,45.41,108.17,1,1,0.85071
116,29,441.71,512.85,49.75,118.41,1,1,0.6454
117,4,1218.76,456.75,51.35,116.94,1,1,0.91874
117,8,207.17,396.85,34.88,97.31,1,1,0.91392
117,2,244.27,672.39,73.75,119.19,1,1,0.86951
117,25,776.11,302.71,53.17,85.93,1,1,0.92641
117,3,992.0,420.19,47.37,115.23,1,1,0.89465
117,20,670.27,378.31,43.93,88.99,1,1,0.91101
117,21,535.15,407.35,57.36,89.82,1,1,0.88748
117,5,1022.8,358.96,36.6,90.82,1,1,0.87756
117,1,618.71,354.56,46.2,83.09,1,1,0.86152
117,35,578.13,372.02,42.18,84.88,1,1,0.85711
117,15,392.49,585.52,49.44,118.89,1,1,0.64964
117,32,1688.85,213.16,47.49,83.12,1,1,0.87615
117,12,1658.24,227.52,51.9,79.91,1,1,0.90626
117,7,1345.64,285.02,45.48,109.33,1,1,0.90178
117,37,220.56,542.06,47.36,120.26,1,1,0.65177
118,4,1221.87,453.87,55.94,115.93,1,1,0.88416
118,8,209.67,395.58,35.12,98.0,1,1,0.90376
118,2,260.12,670.92,63.66,121.68,1,1,0.84112
118,25,780.59,301.77,57.73,86.12,1,1,0.92351
118,3,997.12,412.83,47.85,110.82,1,1,0.88383
118,20,673.6,375.81,47.64,90.48,1,1,0.91127
118,21,542.22,402.56,59.58,94.42,1,1,0.85945
118,5,1027.38,356.43,36.97,93.32,1,1,0.88392
118,1,622.1,352.89,50.63,84.59,1,1,0.83357
118,35,587.77,369.58,42.33,86.7,1,1,0.85353
118,32,1697.52,216.82,50.57,79.05,1,1,0.8251
118,12,1666.79,229.29,50.89,78.3,1,1,0.88665
118,7,1348.58,283.33,44.99,108.29,1,1,0.75384
118,37,220.37,538.59,47.2,122.72,1,1,0.66116
119,4,1225.55,451.46,59.88,109.59,1,1,0.87623
119,8,210.17,393.86,36.28,99.15,1,1,0.90004
119,2,275.82,668.26,53.68,124.83,1,1,0.86487
119,25,782.47,301.08,63.55,86.15,1,1,0.92032
119,3,1004.24,410.42,44.47,103.64,1,1,0.88506
119,20,674.49,373.1,53.55,93.06,1,1,0.91155
119,21,544.94,399.81,66.13,96.95,1,1,0.88229
119,5,1029.03,353.93,38.45,94.8,1,1,0.85361
119,1,625.23,351.87,54.31,87.78,1,1,0.85181
119,35,594.99,367.56,43.44,87.86,1,1,0.86167
119,32,1705.24,219.39,51.09,78.46,1,1,0.86654
119,12,1674.8,232.41,46.63,74.8,1,1,0.86589
119,7,1349.86,281.87,44.84,105.32,1,1,0.76214
120,4,1233.29,448.72,58.5,103.54,1,1,0.87504
120,8,209.85,392.31,38.45,100.56,1,1,0.88613
120,2,283.32,669.58,53.89,123.36,1,1,0.85429
120,25,785.21,298.22,69.28,87.53,1,1,0.90632
120,3,1011.24,406.53,43.18,102.48,1,1,0.86359
120,20,678.19,370.66,57.09,90.71,1,1,0.89294
120,21,551.88,397.67,69.52,94.67,1,1,0.86793
120,5,1029.68,350.96,41.69,87.9,1,1,0.79842
120,1,633.25,350.11,53.78,82.84,1,1,0.8406
120,35,603.42,366.27,43.54,87.96,1,1,0.82243
120,32,1712.8,220.66,47.57,79.87,1,1,0.86988
120,12,1682.83,234.29,43.7,72.88,1,1,0.85763
120,7,1351.26,280.45,44.7,104.81,1,1,0.86069
120,13,145.44,543.48,54.75,98.67,1,1,0.70034
121,4,1243.2,445.57,55.0,103.95,1,1,0.86544
121,8,209.21,389.91,40.27,102.32,1,1,0.8754
121,2,283.57,668.0,59.1,124.41,1,1,0.85433
121,25,789.22,295.18,72.81,85.3,1,1,0.88139
121,3,1016.67,404.84,41.42,102.4,1,1,0.82222
121,20,682.0,368.4,59.82,89.6,1,1,0.88089
121,21,558.32,395.01,70.21,89.8,1,1,0.83605
121,5,1032.69,346.78,43.01,87.03,1,1,0.77275
121,1,642.93,347.69,51.65,80.97,1,1,0.83285
121,35,611.33,364.32,43.39,90.94,1,1,0.83696
121,32,1718.62,220.66,44.48,80.23,1,1,0.84779
121,12,1688.12,235.4,46.05,72.13,1,1,0.85391
121,7,1352.34,282.31,42.63,101.51,1,1,0.76749
121,13,144.83,540.76,58.27,100.91,1,1,0.79504
121,37,215.53,538.23,48.46,121.86,1,1,0.68863
122,4,1248.14,444.38,51.89,105.04,1,1,0.87437
122,8,205.9,388.74,40.69,102.46,1,1,0.88055
122,2,280.51,672.62,66.52,119.47,1,1,0.83819
122,25,794.32,292.14,70.6,81.74,1,1,0.84924
122,3,1016.18,404.79,42.93,100.89,1,1,0.86821
122,20,685.22,366.08,59.84,86.38,1,1,0.87272
122,21,570.81,392.98,60.0,88.2,1,1,0.77445
122,5,1031.67,342.77,45.12,86.78,1,1,0.82381
122,1,649.04,345.95,49.94,79.71,1,1,0.84673
122,35,614.89,363.25,43.25,92.36,1,1,0.83309
122,32,1721.26,222.68,49.35,80.0,1,1,0.86821
122,12,1688.34,235.65,49.78,73.68,1,1,0.87044
122,7,1348.92,278.99,41.83,103.3,1,1,0.82104
122,13,140.27,540.02,61.57,101.35,1,1,0.71841
123,4,1250.4,442.04,47.6,106.67,1,1,0.89679
123,8,202.31,388.59,41.52,101.51,1,1,0.87578
123,2,277.79,673.68,74.36,118.62,1,1,0.84592
123,25,803.51,291.16,63.82,79.8,1,1,0.84538
123,3,1013.24,402.04,45.43,102.05,1,1,0.87456
123,20,691.93,364.62,55.39,86.09,1,1,0.87009
123,21,583.06,392.05,52.51,88.45,1,1,0.78916
123,5,1033.0,339.71,44.31,87.36,1,1,0.8298
123,1,649.53,344.87,52.71,81.91,1,1,0.84654
123,35,619.52,362.13,41.75,87.51,1,1,0.64606
123,32,1722.31,225.2,52.18,80.15,1,1,0.85705
123,12,1687.37,236.07,52.67,76.34,1,1,0.87102
123,7,1344.44,275.03,41.25,104.5,1,1,0.87003
123,13,134.88,539.17,64.89,101.22,1,1,0.82458
123,19,229.77,504.69,41.97,94.69,1,1,0.70114
123,37,200.46,538.16,49.13,121.81,1,1,0.64896
124,4,1251.48,439.07,45.69,109.51,1,1,0.90778
124,8,199.42,388.61,41.76,100.38,1,1,0.87551
124,2,277.8,674.01,78.12,118.93,1,1,0.8339
124,25,811.92,290.14,57.46,80.19,1,1,0.82134
124,3,1011.7,398.1,46.08,97.37,1,1,0.85419
124,20,701.18,363.52,49.0,86.23,1,1,0.87333
124,21,588.8,386.28,50.99,93.59,1,1,0.86062
124,5,1034.54,335.94,42.36,88.85,1,1,0.85083
124,1,652.03,343.8,52.41,83.48,1,1,0.83468
124,32,1721.7,226.27,53.21,81.11,1,1,0.85652
124,12,1686.17,236.91,53.06,76.69,1,1,0.82769
124,7,1339.17,273.44,41.78,105.94,1,1,0.82188
124,13,130.14,536.64,69.74,103.2,1,1,0.84611
124,19,226.39,502.55,44.88,95.93,1,1,0.64795
124,37,193.29,536.91,49.04,122.92,1,1,0.65004
125,4,1251.55,434.89,46.53,111.66,1,1,0.90568
125,8,197.88,388.3,42.36,99.45,1,1,0.88197
125,2,286.75,673.31,72.13,120.42,1,1,0.75287
125,25,819.75,288.29,53.72,81.6,1,1,0.82289
125,3,1012.07,394.79,44.49,92.14,1,1,0.80171
125,20,705.65,361.74,48.03,87.7,1,1,0.88155
125,21,591.96,383.29,54.62,95.16,1,1,0.85702
125,5,1035.74,332.93,41.03,89.0,1,1,0.80358
125,1,659.37,344.3,47.79,82.65,1,1,0.83543
125,32,1720.35,223.66,50.92,82.57,1,1,0.8435
125,12,1684.88,238.4,52.41,75.64,1,1,0.86097
125,7,1333.58,273.06,42.09,107.88,1,1,0.82373
125,13,127.09,533.55,72.73,105.22,1,1,0.73049
125,19,225.19,498.54,46.46,97.21,1,1,0.70934
126,4,1252.62,432.04,46.65,108.68,1,1,0.90771
126,8,197.86,388.77,42.18,98.3,1,1,0.87864
126,2,308.71,674.96,52.98,118.77,1,1,0.78857
126,25,828.13,286.38,49.22,80.24,1,1,0.83853
126,3,1013.33,392.5,42.59,89.42,1,1,0.88028
126,20,708.28,358.95,50.0,89.99,1,1,0.89603
126,21,592.22,379.91,60.0,97.74,1,1,0.87389
126,5,1038.04,330.16,38.05,82.11,1,1,0.82662
126,1,664.03,340.78,47.75,86.85,1,1,0.84375
126,32,1718.79,225.14,47.27,81.59,1,1,0.8332
126,12,1683.33,240.21,54.79,74.61,1,1,0.82134
126,13,124.7,531.95,75.76,107.06,1,1,0.65721
126,19,224.68,494.6,48.96,96.7,1,1,0.76295
126,36,324.67,593.04,48.15,97.34,1,1,0.65009
127,4,1254.52,430.28,45.89,101.64,1,1,0.91343
127,8,199.07,389.28,41.77,96.41,1,1,0.89327
127,2,321.65,675.96,46.3,117.56,1,1,0.84329
127,25,829.59,282.52,51.76,83.79,1,1,0.86203
127,3,1014.89,388.22,42.02,91.4,1,1,0.89352
127,20,709.66,355.69,53.64,92.37,1,1,0.91124
127,21,593.62,374.42,67.27,101.83,1,1,0.89839
127,5,1040.28,327.83,34.85,76.67,1,1,0.8105
127,1,668.25,336.29,49.29,92.74,1,1,0.8405
127,32,1718.48,227.98,49.28,77.82,1,1,0.82678
127,12,1682.46,241.75,57.23,73.41,1,1,0.87478
127,13,124.02,530.32,77.11,107.31,1,1,0.64613
127,19,225.58,490.95,51.19,93.56,1,1,0.77095
127,36,324.17,592.13,49.32,101.59,1,1,0.71455
127,7,1323.49,267.93,44.57,102.67,1,1,0.75191
128,4,1257.97,428.67,44.98,95.76,1,1,0.8944
128,8,204.03,389.32,38.68,95.85,1,1,0.86957
128,2,327.91,678.13,48.05,114.88,1,1,0.83834
128,25,840.87,279.64,45.69,81.73,1,1,0.74245
128,3,1016.87,385.57,41.36,93.51,1,1,0.86933
128,20,712.1,353.38,57.51,93.69,1,1,0.88973
128,21,598.36,376.47,71.58,94.51,1,1,0.8657
128,5,1042.09,325.15,32.39,76.97,1,1,0.81658
128,1,677.27,334.18,46.73,84.22,1,1,0.83134
128,32,1717.83,230.1,55.33,74.3,1,1,0.85315
128,12,1681.31,242.93,56.71,72.27,1,1,0.86809
128,13,125.86,529.72,76.3,106.0,1,1,0.657
128,19,229.67,487.92,50.77,92.21,1,1,0.75816
128,36,323.01,592.08,51.12,104.31,1,1,0.72541
128,7,1319.05,271.29,41.98,95.19,1,1,0.65323
128,35,645.3,351.69,41.74,87.31,1,1,0.69174
128,37,185.51,537.12,47.2,115.29,1,1,0.7118
129,4,1262.01,428.06,44.05,94.14,1,1,0.8863
129,8,207.92,388.22,38.23,96.65,1,1,0.87853
129,2,332.7,677.46,52.42,113.21,1,1,0.80947
129,25,852.63,276.66,40.12,78.97,1,1,0.77174
129,3,1017.7,384.4,41.17,94.6,1,1,0.83592
129,20,717.98,352.02,58.55,88.96,1,1,0.86437
129,21,607.47,379.14,71.08,87.54,1,1,0.83247
129,5,1045.34,320.93,32.33,80.39,1,1,0.73212
129,1,687.71,331.71,43.73,78.97,1,1,0.80876
129,32,1717.09,232.36,58.04,72.59,1,1,0.87532
129,12,1679.19,243.74,54.77,71.6,1,1,0.86606
129,19,234.82,484.27,49.61,92.42,1,1,0.81172
129,36,322.6,590.9,54.12,106.91,1,1,0.75497
129,7,1315.48,275.4,40.94,88.87,1,1,0.70705
129,35,655.18,349.5,38.59,85.0,1,1,0.71598
129,31,372.56,512.42,47.47,105.46,1,1,0.69501
130,4,1266.23,428.03,42.86,94.43,1,1,0.86472
130,8,210.48,386.86,39.72,98.27,1,1,0.85526
130,2,335.49,676.28,59.91,112.89,1,1,0.78664
130,25,861.85,274.91,37.42,76.85,1,1,0.80288
130,3,1018.57,382.85,40.82,95.27,1,1,0.81631
130,20,732.07,350.4,50.14,86.88,1,1,0.80827
130,21,622.17,380.65,63.08,84.99,1,1,0.80791
130,5,1046.38,318.44,33.97,82.88,1,1,0.72623
130,1,696.01,329.43,41.85,84.55,1,1,0.79059
130,32,1715.99,234.81,59.74,72.81,1,1,0.86761
130,12,1676.94,244.18,52.04,72.35,1,1,0.8327
130,19,241.04,481.12,47.76,93.31,1,1,0.74531
130,36,323.17,590.39,56.7,108.41,1,1,0.74812
130,7,1312.62,277.94,38.66,84.96,1,1,0.78105
130,35,665.06,350.19,35.36,77.85,1,1,0.75497
130,38,1332.91,263.97,33.78,88.55,1,1,0.81039
130,31,375.64,511.65,47.1,105.18,1,1,0.75572
130,15,441.18,555.16,52.3,114.49,1,1,0.64211
131,4,1268.7,425.77,43.16,96.61,1,1,0.86126
131,8,213.93,385.23,40.34,99.35,1,1,0.86135
131,2,342.16,674.61,63.28,111.15,1,1,0.82462
131,25,867.62,273.72,39.17,75.01,1,1,0.79587
131,3,1020.73,376.62,42.07,99.26,1,1,0.76719
131,20,743.52,349.14,44.45,87.34,1,1,0.81015
131,21,638.25,381.03,54.21,84.71,1,1,0.80926
131,5,1048.69,316.31,35.13,84.08,1,1,0.74736
131,1,703.76,328.07,41.49,85.41,1,1,0.80722
131,32,1715.49,238.82,57.65,70.06,1,1,0.83821
131,12,1674.1,245.54,50.92,72.11,1,1,0.82014
131,19,249.06,478.57,44.41,92.52,1,1,0.74603
131,36,325.86,589.15,57.59,110.35,1,1,0.75517
131,7,1311.47,279.82,36.56,83.62,1,1,0.8136
131,35,674.84,348.98,34.31,74.58,1,1,0.75686
131,38,1332.57,263.9,34.1,85.72,1,1,0.82896
131,31,380.74,510.67,45.6,107.22,1,1,0.76789
131,15,447.96,554.16,49.44,114.14,1,1,0.75162
132,4,1272.43,424.24,42.4,97.04,1,1,0.84491
132,8,218.08,383.52,41.12,99.69,1,1,0.85765
132,2,353.91,672.21,62.18,104.6,1,1,0.77563
132,25,871.07,273.37,42.93,74.92,1,1,0.82441
132,3,1026.42,374.0,42.81,92.44,1,1,0.73302
132,20,752.87,347.83,42.59,87.58,1,1,0.81053
132,21,653.27,378.42,47.14,86.99,1,1,0.82321
132,5,1051.55,314.0,35.48,83.61,1,1,0.70056
132,1,714.35,326.72,38.91,84.15,1,1,0.79594
132,32,1714.25,240.89,55.36,69.14,1,1,0.83989
132,12,1672.54,246.19,52.64,71.63,1,1,0.81565
132,19,258.57,475.92,40.59,91.48,1,1,0.76475
132,36,330.55,587.5,57.34,111.71,1,1,0.79584
132,7,1310.77,279.99,37.62,82.39,1,1,0.80975
132,35,685.61,344.88,33.42,75.83,1,1,0.74725
132,38,1332.67,262.27,34.66,84.12,1,1,0.82323
132,31,385.34,508.94,45.2,108.36,1,1,0.77612
132,15,455.32,551.8,47.0,114.03,1,1,0.78341
132,39,230.51,516.79,43.79,102.56,1,1,0.73679
133,4,1275.42,419.93,42.21,98.55,1,1,0.883
133,8,222.82,382.15,40.49,99.07,1,1,0.87368
133,2,367.07,669.66,59.64,101.54,1,1,0.71535
133,25,881.16,273.44,40.68,76.45,1,1,0.82163
133,3,1032.67,370.91,41.88,89.41,1,1,0.79421
133,20,759.1,346.88,44.65,87.84,1,1,0.83597
133,21,662.25,374.6,50.38,90.0,1,1,0.8301
133,1,723.11,325.52,38.05,82.83,1,1,0.83227
133,32,1712.83,242.21,54.75,69.11,1,1,0.85926
133,12,1671.7,246.88,53.71,71.94,1,1,0.8399
133,19,265.97,473.8,39.64,92.59,1,1,0.7228
133,36,337.38,586.91,55.46,112.19,1,1,0.82484
133,7,1310.42,278.54,37.64,81.61,1,1,0.81985
133,35,696.71,342.98,32.64,83.43,1,1,0.76244
133,38,1332.1,260.43,35.04,85.07,1,1,0.83327
133,31,390.45,508.62,43.82,107.39,1,1,0.75889
133,15,461.2,548.87,46.14,114.4,1,1,0.82876
133,39,239.16,515.41,42.67,102.27,1,1,0.71432
134,4,1277.0,416.13,45.18,100.25,1,1,0.8764
134,8,227.82,381.57,40.62,96.87,1,1,0.84949
134,2,387.13,668.1,48.17,102.15,1,1,0.80172
134,25,885.37,273.07,44.63,81.13,1,1,0.81862
134,3,1039.78,368.24,39.88,90.21,1,1,0.77453
134,20,764.02,345.44,49.38,88.12,1,1,0.83622
134,21,668.15,372.25,55.73,91.65,1,1,0.85595
134,1,731.81,323.74,38.06,77.18,1,1,0.82148
134,32,1711.22,243.39,53.45,69.56,1,1,0.85713
134,12,1670.72,247.62,54.48,73.81,1,1,0.84679
134,36,345.54,585.95,52.42,113.34,1,1,0.82713
134,7,1309.79,277.26,37.89,81.42,1,1,0.8272
134,35,706.36,340.9,33.71,85.41,1,1,0.74536
134,38,1331.98,259.64,35.51,83.45,1,1,0.82946
134,31,395.88,508.35,43.55,105.7,1,1,0.77187
134,15,467.98,545.73,44.65,112.96,1,1,0.84638
134,39,245.44,513.36,45.34,102.05,1,1,0.72992
134,5,1056.07,311.51,38.57,77.07,1,1,0.68427
135,4,1279.07,413.22,48.48,95.17,1,1,0.90861
135,8,234.29,381.23,37.9,94.17,1,1,0.87921
135,2,400.72,666.83,43.09,101.62,1,1,0.82696
135,25,891.13,271.4,47.71,81.86,1,1,0.85903
135,3,1047.77,361.65,38.41,95.29,1,1,0.71875
135,20,766.57,343.64,53.54,89.45,1,1,0.90117
135,21,674.7,368.51,60.71,92.45,1,1,0.88938
135,1,739.43,321.71,40.35,74.38,1,1,0.83369
135,32,1708.61,243.69,52.6,69.59,1,1,0.88383
135,12,1669.04,248.03,54.66,74.21,1,1,0.87927
135,36,355.19,584.27,47.46,114.09,1,1,0.87069
135,7,1309.43,276.46,37.37,80.13,1,1,0.85715
135,35,715.85,338.55,36.92,85.98,1,1,0.73526
135,38,1332.22,258.49,36.37,82.98,1,1,0.85455
135,31,402.23,507.64,42.53,105.95,1,1,0.86337
135,15,473.24,542.98,45.17,111.44,1,1,0.89129
135,39,250.44,513.31,49.51,100.13,1,1,0.82045
135,23,200.6,520.54,50.28,119.94,1,1,0.71457
135,29,441.57,480.27,48.57,103.9,1,1,0.82826
135,19,278.43,469.2,42.02,93.31,1,1,0.70812
136,4,1283.03,411.01,49.29,87.35,1,1,0.89749
136,8,238.46,381.2,36.9,92.9,1,1,0.87922
136,2,408.44,665.31,44.0,100.93,1,1,0.87201
136,25,896.65,270.08,51.86,81.24,1,1,0.85588
136,3,1052.78,358.17,38.27,96.63,1,1,0.72575
136,20,770.7,340.26,59.35,89.17,1,1,0.86793
136,21,682.41,364.16,64.73,89.03,1,1,0.86239
136,1,747.58,319.36,42.86,76.11,1,1,0.78257
136,32,1704.58,243.56,53.03,69.32,1,1,0.88166
136,12,1666.97,249.23,54.04,73.4,1,1,0.86916
136,36,361.85,582.05,47.2,115.11,1,1,0.87865
136,7,1308.14,275.49,37.42,77.79,1,1,0.86858
136,38,1331.7,257.85,37.07,78.66,1,1,0.8526
136,31,406.04,505.81,44.2,105.5,1,1,0.85066
136,15,478.65,539.85,45.93,108.32,1,1,0.89495
136,39,258.27,511.36,49.36,99.97,1,1,0.83441
136,23,202.36,518.08,52.16,120.61,1,1,0.8092
136,29,444.65,478.92,47.97,103.42,1,1,0.81508
136,19,284.45,466.52,43.52,92.93,1,1,0.64409
136,5,1059.61,304.8,43.52,74.28,1,1,0.77409
137,4,1285.08,410.43,49.59,84.47,1,1,0.89637
137,8,240.44,381.3,36.55,92.44,1,1,0.87808
137,2,411.48,664.88,44.29,100.72,1,1,0.87064
137,25,899.25,269.65,53.55,81.1,1,1,0.85476
137,3,1055.06,357.06,38.19,97.19,1,1,0.72795
137,20,772.99,339.16,61.54,88.96,1,1,0.86654
137,21,685.85,362.84,66.18,87.54,1,1,0.86236
137,1,751.12,318.67,43.79,76.57,1,1,0.78399
137,32,1703.65,243.57,53.25,69.57,1,1,0.88068
137,12,1666.77,249.69,53.54,73.17,1,1,0.8663
137,36,364.57,581.31,47.12,115.49,1,1,0.87675
137,7,1308.36,275.21,37.41,77.0,1,1,0.86665
137,38,1332.16,257.76,37.29,77.13,1,1,0.85133
137,31,407.97,505.22,44.81,105.36,1,1,0.84932
137,15,481.09,538.88,46.22,107.19,1,1,0.89384
137,39,261.59,510.81,49.15,99.96,1,1,0.83301
137,23,203.6,517.28,52.76,120.85,1,1,0.80586
137,29,446.28,478.53,47.76,103.23,1,1,0.81356
137,19,287.22,465.69,44.06,92.77,1,1,0.64523
137,5,1060.76,303.7,44.49,73.79,1,1,0.77457
138,4,1291.43,408.38,45.31,87.07,1,1,0.87871
138,8,243.81,381.63,35.32,91.28,1,1,0.85654
138,2,412.61,664.02,50.24,101.45,1,1,0.81661
138,25,902.31,269.39,55.2,80.52,1,1,0.85178
138,20,781.06,338.23,62.04,83.44,1,1,0.86542
138,21,696.68,359.96,62.81,88.05,1,1,0.82653
138,1,759.56,318.05,41.9,76.73,1,1,0.81936
138,32,1701.41,244.23,50.9,69.46,1,1,0.85352
138,12,1664.56,250.21,52.75,72.93,1,1,0.84627
138,36,366.64,580.61,46.79,115.77,1,1,0.85502
138,7,1307.28,274.7,36.65,76.15,1,1,0.8426
138,38,1331.54,257.91,39.22,75.59,1,1,0.83309
138,31,409.68,503.43,46.89,104.18,1,1,0.85426
138,15,484.5,536.66,47.01,105.14,1,1,0.88619
138,39,269.02,508.33,47.32,96.1,1,1,0.80337
138,23,203.37,517.05,54.87,120.63,1,1,0.76026
138,29,449.08,477.17,47.05,103.99,1,1,0.83686
138,35,726.42,335.81,45.39,87.57,1,1,0.66532
139,4,1296.68,406.87,42.99,89.01,1,1,0.86965
139,8,249.9,382.51,32.59,90.23,1,1,0.84945
139,2,421.95,661.83,50.22,101.92,1,1,0.79331
139,25,906.87,269.5,57.63,81.4,1,1,0.86222
139,20,796.07,337.77,55.3,82.3,1,1,0.84128
139,21,710.93,359.26,55.49,87.66,1,1,0.80292
139,1,768.37,317.77,39.77,80.28,1,1,0.81195
139,32,1700.44,245.27,47.9,69.3,1,1,0.84
139,12,1663.65,250.94,51.05,72.81,1,1,0.84359
139,36,367.96,580.05,49.05,116.48,1,1,0.84076
139,7,1306.5,274.49,36.65,74.97,1,1,0.82862
139,38,1332.14,258.69,41.08,77.43,1,1,0.83362
139,31,411.55,502.35,50.91,103.67,1,1,0.84138
139,15,488.44,535.89,48.37,105.12,1,1,0.87137
139,39,274.13,503.74,52.14,97.16,1,1,0.81842
139,23,206.92,516.67,55.35,120.51,1,1,0.80785
139,29,452.36,476.15,45.75,105.33,1,1,0.79002
139,35,740.02,334.98,39.05,88.65,1,1,0.65117
140,4,1301.28,403.85,41.94,93.14,1,1,0.8488
140,8,252.53,382.17,32.66,90.18,1,1,0.82329
140,2,431.6,660.22,51.8,97.55,1,1,0.76682
140,25,923.57,268.93,48.6,82.59,1,1,0.80909
140,20,807.85,336.49,49.67,83.05,1,1,0.83803
140,21,726.57,357.64,47.93,89.58,1,1,0.82014
140,1,774.74,315.97,40.9,81.82,1,1,0.81638
140,32,1698.93,245.24,47.0,70.47,1,1,0.83291
140,12,1662.15,250.58,50.41,73.4,1,1,0.82588
140,36,368.18,579.16,51.29,117.28,1,1,0.81631
140,7,1306.21,273.08,37.16,74.66,1,1,0.82674
140,38,1332.94,259.25,41.55,77.63,1,1,0.8235
140,31,412.89,501.37,54.83,102.56,1,1,0.8262
140,15,492.59,534.84,46.9,106.02,1,1,0.85843
140,39,278.07,500.37,52.94,96.78,1,1,0.77145
140,23,209.1,517.35,54.96,117.2,1,1,0.81141
140,29,455.92,473.62,43.67,105.5,1,1,0.76133
140,3,1061.93,349.88,41.25,91.43,1,1,0.67663
140,19,304.49,460.81,41.81,97.37,1,1,0.67188
140,5,1074.47,298.24,43.35,73.46,1,1,0.65459
141,4,1304.51,400.76,41.42,95.5,1,1,0.83245
141,8,254.04,381.34,33.92,90.51,1,1,0.8252
141,2,438.69,657.72,55.21,96.18,1,1,0.80733
141,25,932.07,268.48,46.96,82.65,1,1,0.82134
141,20,817.87,336.14,44.38,82.88,1,1,0.83511
141,21,735.55,354.64,45.64,91.74,1,1,0.84688
141,1,780.83,314.03,44.03,81.62,1,1,0.80964
141,32,1698.05,245.38,46.43,71.29,1,1,0.83
141,12,1660.88,247.68,50.03,76.36,1,1,0.81965
141,36,367.1,578.21,55.7,117.66,1,1,0.82476
141,7,1305.76,271.03,37.05,73.01,1,1,0.81446
141,38,1333.2,259.27,40.71,78.7,1,1,0.82279
141,31,414.22,500.66,57.5,101.46,1,1,0.85118
141,15,496.64,532.13,45.59,108.51,1,1,0.87697
141,39,282.66,499.26,53.53,95.45,1,1,0.77636
141,23,211.36,519.23,51.24,113.29,1,1,0.79339
141,29,457.91,471.41,42.85,104.61,1,1,0.7566
141,3,1066.48,346.72,42.41,86.92,1,1,0.67164
141,19,307.47,457.93,43.24,89.52,1,1,0.73465
142,4,1307.26,397.93,41.31,97.72,1,1,0.82596
142,8,253.15,379.06,36.59,92.83,1,1,0.8518
142,2,450.95,655.92,50.65,98.33,1,1,0.78557
142,25,938.99,267.55,47.96,81.91,1,1,0.82731
142,20,824.89,333.37,43.76,85.15,1,1,0.8111
142,21,739.01,353.0,49.26,92.97,1,1,0.82307
142,1,789.12,310.35,41.43,79.43,1,1,0.79602
142,32,1696.08,245.16,46.38,72.41,1,1,0.82967
142,12,1659.91,246.44,48.68,77.53,1,1,0.80363
142,36,367.54,578.21,58.73,117.25,1,1,0.85352
142,7,1305.71,269.77,37.85,71.83,1,1,0.82425
142,38,1332.91,258.05,40.07,79.07,1,1,0.82933
142,31,416.37,500.26,58.03,100.72,1,1,0.84121
142,15,500.24,529.29,44.78,110.15,1,1,0.8674
142,39,289.01,497.7,53.24,96.61,1,1,0.80601
142,23,213.04,519.43,48.06,111.72,1,1,0.80468
142,29,459.27,469.56,41.67,100.25,1,1,0.74812
142,3,1071.97,344.38,42.16,85.77,1,1,0.75091
142,19,310.35,454.42,45.35,77.36,1,1,0.81038
142,5,1089.6,293.46,38.08,67.54,1,1,0.73243
143,4,1310.7,395.4,41.24,93.36,1,1,0.82567
143,8,252.64,377.3,39.39,94.61,1,1,0.85316
143,2,459.98,655.63,46.75,94.08,1,1,0.79252
143,25,942.36,266.71,52.46,81.12,1,1,0.84175
143,20,839.44,328.86,39.24,79.95,1,1,0.75478
143,21,742.43,352.38,55.01,92.94,1,1,0.8437
143,1,797.09,307.93,38.51,74.96,1,1,0.77444
143,32,1693.22,244.45,47.85,73.32,1,1,0.85131
143,12,1658.53,246.46,46.93,77.59,1,1,0.81391
143,36,369.8,576.84,57.46,117.39,1,1,0.85409
143,7,1304.81,269.27,38.08,69.3,1,1,0.83172
143,38,1332.0,256.46,39.25,77.04,1,1,0.83393
143,31,420.52,499.8,55.95,100.31,1,1,0.84646
143,15,502.77,526.04,44.48,112.15,1,1,0.87012
143,39,291.89,497.15,55.67,98.71,1,1,0.81094
143,23,214.59,519.04,44.86,112.37,1,1,0.82287
143,29,460.45,467.62,40.9,98.97,1,1,0.80744
143,3,1077.5,341.59,40.49,87.93,1,1,0.75151
143,19,314.68,451.36,46.5,74.73,1,1,0.80316
143,5,1095.34,291.07,36.69,66.63,1,1,0.76089
144,4,1313.05,393.12,43.51,89.97,1,1,0.83603
144,8,252.07,375.92,42.07,94.6,1,1,0.87641
144,2,467.41,654.99,44.21,94.02,1,1,0.82499
144,25,947.97,264.9,55.26,78.98,1,1,0.83981
144,20,848.64,326.4,37.27,78.73,1,1,0.80452
144,21,746.45,354.79,61.34,85.8,1,1,0.84084
144,1,806.59,306.26,35.36,65.27,1,1,0.7639
144,32,1689.98,243.8,48.52,74.02,1,1,0.85288
144,12,1655.76,246.53,44.74,76.09,1,1,0.79346
144,36,372.41,577.79,54.11,113.76,1,1,0.86162
144,7,1303.01,268.48,38.94,68.37,1,1,0.83639
144,38,1330.74,255.4,38.78,75.07,1,1,0.83197
144,31,424.21,499.74,54.38,99.52,1,1,0.85898
144,15,504.49,523.35,43.9,112.12,1,1,0.88981
144,39,298.04,497.59,53.86,98.97,1,1,0.77393
144,23,215.52,517.64,42.69,112.84,1,1,0.83272
144,29,460.67,465.83,40.29,98.67,1,1,0.76401
144,3,1081.19,336.34,40.33,92.12,1,1,0.64132
144,19,319.39,448.54,46.34,80.25,1,1,0.826
144,5,1101.21,288.87,35.71,65.91,1,1,0.748
144,40,817.54,346.57,36.3,70.81,1,1,0.75925
144,41,244.25,513.27,44.27,90.92,1,1,0.69638
144,35,770.1,327.56,41.1,70.54,1,1,0.65767
145,4,1318.67,392.43,41.06,87.54,1,1,0.83402
145,8,251.63,375.01,44.19,92.85,1,1,0.88462
145,2,473.88,655.36,43.68,99.4,1,1,0.83923
145,25,953.13,264.25,57.06,77.08,1,1,0.85798
145,20,853.29,325.81,41.12,78.69,1,1,0.81465
145,21,757.61,353.13,57.91,83.87,1,1,0.7307
145,1,814.23,305.12,34.35,61.17,1,1,0.76621
145,32,1684.02,242.85,51.12,75.36,1,1,0.85868
145,12,1649.59,242.53,43.4,78.14,1,1,0.76596
145,36,375.51,578.43,49.79,110.06,1,1,0.85839
145,7,1300.11,268.11,39.25,66.41,1,1,0.8271
145,38,1327.88,255.23,38.75,74.31,1,1,0.84911
145,31,429.24,499.06,52.64,99.71,1,1,0.86697
145,15,504.11,520.14,45.64,112.75,1,1,0.88824
145,39,298.35,497.88,55.85,99.34,1,1,0.79025
145,23,214.35,516.49,42.55,113.77,1,1,0.86747
145,3,1082.01,332.84,41.84,94.7,1,1,0.67947
145,19,325.42,445.49,44.15,85.59,1,1,0.81254
145,41,244.37,511.77,46.69,88.36,1,1,0.81074
145,35,768.99,328.04,47.48,75.31,1,1,0.714
146,4,1323.37,390.65,38.77,88.76,1,1,0.84049
146,8,250.41,374.89,46.09,92.28,1,1,0.88928
146,2,480.36,655.52,41.94,102.3,1,1,0.83003
146,25,962.57,263.0,54.41,77.2,1,1,0.87501
146,20,857.79,325.79,43.63,80.17,1,1,0.79273
146,21,773.63,354.18,52.55,82.38,1,1,0.68346
146,1,820.17,304.93,33.49,63.34,1,1,0.77797
146,32,1678.74,242.06,52.97,75.85,1,1,0.83812
146,12,1645.57,242.6,42.4,76.62,1,1,0.76584
146,36,378.45,578.97,45.89,107.14,1,1,0.85185
146,7,1297.77,268.42,38.8,65.86,1,1,0.83187
146,38,1325.18,255.28,38.31,73.11,1,1,0.84553
146,31,435.66,499.55,47.71,99.1,1,1,0.8617
146,15,504.07,517.98,48.07,113.03,1,1,0.89063
146,39,302.35,497.77,53.95,100.22,1,1,0.74994
146,23,212.54,515.63,43.58,114.46,1,1,0.86258
146,3,1083.75,331.43,41.54,95.26,1,1,0.68689
146,19,331.47,444.15,41.46,82.76,1,1,0.80885
146,41,246.48,510.93,48.66,92.87,1,1,0.78713
147,4,1325.78,387.96,39.68,91.77,1,1,0.83346
147,8,249.46,375.32,45.41,91.15,1,1,0.87659
147,2,483.21,655.54,43.44,103.85,1,1,0.80931
147,25,971.59,262.13,51.06,77.45,1,1,0.87825
147,20,864.19,323.95,40.27,82.71,1,1,0.82094
147,21,782.75,353.57,46.73,83.08,1,1,0.8039
147,1,826.14,303.91,33.19,66.19,1,1,0.77176
147,32,1672.3,240.06,55.76,77.15,1,1,0.83984
147,12,1638.52,244.44,43.91,72.95,1,1,0.74013
147,36,380.57,579.36,43.34,105.65,1,1,0.86925
147,7,1294.28,268.83,37.73,65.43,1,1,0.8218
147,38,1320.98,255.58,36.29,72.49,1,1,0.82248
147,31,439.99,497.37,45.91,101.97,1,1,0.84867
147,15,503.33,515.91,49.76,112.29,1,1,0.86351
147,39,307.9,496.5,51.06,101.51,1,1,0.81972
147,23,209.49,514.78,45.05,115.24,1,1,0.87688
147,19,336.99,443.32,37.41,79.85,1,1,0.81271
147,41,247.38,509.45,50.32,99.58,1,1,0.8249
147,35,785.02,325.95,44.42,67.73,1,1,0.71239
148,4,1327.58,383.17,40.16,96.34,1,1,0.82233
148,8,248.26,375.72,45.13,90.73,1,1,0.87874
148,2,488.81,654.23,44.03,102.18,1,1,0.80469
148,25,983.45,262.25,45.74,75.83,1,1,0.86846
148,20,871.42,321.99,36.75,84.39,1,1,0.82754
148,21,789.84,353.17,43.32,83.29,1,1,0.82797
148,1,832.09,302.34,33.17,71.84,1,1,0.78119
148,32,1667.33,239.61,56.89,77.07,1,1,0.82448
148,12,1634.16,248.05,46.65,69.38,1,1,0.77503
148,36,380.39,578.98,41.89,106.81,1,1,0.89167
148,7,1290.1,268.2,36.56,64.18,1,1,0.81361
148,38,1316.73,255.2,36.93,73.07,1,1,0.81765
148,31,440.45,493.2,47.51,105.92,1,1,0.85593
148,15,503.64,514.15,50.11,109.33,1,1,0.87074
148,39,309.82,494.47,52.73,104.94,1,1,0.84734
148,23,206.46,514.53,46.86,115.51,1,1,0.88115
148,19,339.2,441.73,37.37,80.06,1,1,0.7665
148,41,245.2,508.33,54.47,101.35,1,1,0.84601
148,35,794.46,323.41,42.83,56.05,1,1,0.69006
149,4,1329.87,379.23,41.43,98.2,1,1,0.83207
149,8,248.53,375.36,42.85,90.16,1,1,0.87917
149,2,493.21,652.39,44.35,96.9,1,1,0.80189
149,25,990.51,260.8,46.03,77.24,1,1,0.87864
149,20,875.4,320.77,38.23,84.59,1,1,0.81563
149,21,796.53,348.31,41.3,85.72,1,1,0.81708
149,1,837.4,299.5,34.12,80.06,1,1,0.80896
149,32,1663.28,236.92,57.17,78.37,1,1,0.82587
149,12,1629.22,248.48,48.76,67.88,1,1,0.78469
149,36,378.5,577.94,43.19,107.69,1,1,0.90142
149,7,1286.31,266.89,36.74,63.87,1,1,0.81854
149,38,1313.25,253.4,37.16,73.56,1,1,0.82241
149,31,440.08,490.4,48.95,107.13,1,1,0.86477
149,15,505.59,512.95,48.54,107.32,1,1,0.8778
149,39,311.47,492.07,56.21,105.13,1,1,0.85413
149,23,204.18,514.01,47.35,114.72,1,1,0.88771
149,19,340.61,439.14,38.57,82.06,1,1,0.76151
149,41,244.97,507.9,56.95,101.01,1,1,0.86369
150,4,1329.72,375.66,43.71,101.75,1,1,0.842
150,8,248.68,375.83,40.97,90.41,1,1,0.88396
150,2,496.7,650.07,45.6,94.89,1,1,0.82372
150,25,990.72,259.26,53.19,79.09,1,1,0.89441
150,20,878.14,319.85,49.66,82.54,1,1,0.83275
150,21,798.28,348.8,43.94,83.61,1,1,0.81212
150,1,843.81,297.69,33.02,74.53,1,1,0.76632
150,32,1657.98,233.64,56.07,80.85,1,1,0.80765
150,12,1623.33,244.68,49.86,71.93,1,1,0.82443
150,36,374.43,577.52,46.46,108.4,1,1,0.90479
150,7,1281.61,265.61,39.89,65.38,1,1,0.82598
150,38,1309.05,252.19,36.8,75.0,1,1,0.81998
150,31,438.31,488.06,50.55,108.74,1,1,0.87883
150,15,506.96,512.06,47.35,107.03,1,1,0.89156
150,39,311.34,491.43,57.75,102.74,1,1,0.86946
150,23,202.51,514.29,47.02,114.45,1,1,0.88162
150,19,340.83,437.73,40.69,85.93,1,1,0.83916
150,41,245.29,508.89,57.59,102.66,1,1,0.86818
150,35,814.37,319.91,37.29,69.1,1,1,0.66948
151,4,1330.5,372.54,45.6,95.97,1,1,0.8655
151,8,249.68,375.36,37.24,91.68,1,1,0.88602
151,2,501.44,650.19,46.18,93.11,1,1,0.80878
151,25,992.05,258.27,59.97,78.96,1,1,0.89222
151,20,880.35,318.67,51.39,82.73,1,1,0.8488
151,21,798.58,345.88,50.63,84.12,1,1,0.82398
151,1,850.53,295.49,31.2,64.42,1,1,0.69658
151,32,1652.12,232.12,51.82,82.07,1,1,0.82567
151,12,1615.59,240.24,53.26,75.65,1,1,0.83471
151,36,369.48,576.39,50.85,109.92,1,1,0.9189
151,7,1276.4,264.5,42.66,65.36,1,1,0.83379
151,38,1305.15,251.62,36.54,71.84,1,1,0.81617
151,31,436.64,487.55,52.94,108.07,1,1,0.90323
151,15,508.68,511.35,45.83,107.02,1,1,0.90868
151,39,311.09,488.79,59.17,103.43,1,1,0.88221
151,23,200.76,514.73,46.56,113.18,1,1,0.88792
151,19,343.51,436.15,40.7,87.61,1,1,0.84904
151,41,250.7,509.77,52.89,103.28,1,1,0.87648
152,4,1333.1,370.12,46.53,90.38,1,1,0.87337
152,8,249.43,374.19,36.57,93.16,1,1,0.88471
152,2,506.12,647.9,48.93,96.68,1,1,0.83333
152,25,994.24,257.62,65.31,77.03,1,1,0.90655
152,20,881.89,316.23,51.42,83.36,1,1,0.87359
152,21,803.08,344.71,55.41,81.57,1,1,0.82107
152,1,856.98,293.76,30.59,67.4,1,1,0.66942
152,32,1646.67,231.16,48.58,82.55,1,1,0.82827
152,12,1610.66,237.94,54.54,77.57,1,1,0.83154
152,36,365.97,575.9,54.61,110.37,1,1,0.92368
152,7,1271.35,264.05,43.44,65.42,1,1,0.82157
152,38,1302.0,251.58,36.59,70.48,1,1,0.81085
152,31,437.21,486.36,53.49,107.08,1,1,0.89457
152,15,510.3,510.13,45.42,108.4,1,1,0.91621
152,39,312.97,487.45,58.51,99.44,1,1,0.89151
152,23,199.86,515.88,45.19,111.2,1,1,0.88576
152,19,346.74,434.82,40.71,89.31,1,1,0.85605
152,41,253.83,510.33,50.99,104.98,1,1,0.88619
153,4,1336.64,366.91,47.45,87.56,1,1,0.87592
153,8,248.01,371.96,37.19,94.09,1,1,0.88391
153,2,513.78,645.76,45.21,98.54,1,1,0.82496
153,25,1004.61,256.52,63.85,74.78,1,1,0.8529
153,20,886.78,313.4,50.61,80.34,1,1,0.84797
153,21,820.54,342.51,47.53,80.78,1,1,0.79208
153,1,862.82,292.3,31.09,70.31,1,1,0.65342
153,32,1641.5,228.52,44.57,81.31,1,1,0.82084
153,12,1607.04,234.51,52.17,79.3,1,1,0.78969
153,36,361.92,575.42,59.18,110.71,1,1,0.92334
153,7,1266.44,263.56,43.93,64.73,1,1,0.8347
153,38,1299.1,251.0,36.63,69.9,1,1,0.81357
153,31,439.21,487.48,52.29,103.1,1,1,0.88403
153,15,510.92,507.7,44.65,110.16,1,1,0.91329
153,39,315.47,485.21,57.72,96.98,1,1,0.8844
153,23,197.32,516.07,45.68,109.01,1,1,0.88814
153,19,351.07,433.09,38.33,89.52,1,1,0.85295
153,41,255.06,510.08,51.18,105.26,1,1,0.88286
153,3,1107.52,307.4,43.13,80.35,1,1,0.74314
154,4,1343.33,364.08,45.57,88.02,1,1,0.85455
154,8,245.92,369.86,38.94,95.6,1,1,0.88243
154,2,522.54,645.05,41.77,101.74,1,1,0.82501
154,25,1019.49,255.38,57.12,74.14,1,1,0.8223
154,20,902.75,310.06,41.96,79.23,1,1,0.84846
154,21,835.41,340.03,39.82,82.35,1,1,0.79322
154,1,868.93,290.24,32.99,68.04,1,1,0.7323
154,32,1638.14,227.3,41.25,80.97,1,1,0.80018
154,12,1602.52,232.47,45.44,80.36,1,1,0.77102
154,36,359.94,575.47,61.12,110.21,1,1,0.89691
154,7,1263.06,261.99,44.33,64.56,1,1,0.83509
154,38,1297.95,250.44,35.86,68.23,1,1,0.81288
154,31,442.37,488.69,50.98,100.29,1,1,0.86613
154,15,511.63,505.46,45.47,112.04,1,1,0.89976
154,39,321.22,483.65,54.33,96.4,1,1,0.85343
154,23,194.24,515.64,47.47,109.22,1,1,0.8746
154,19,355.93,431.42,36.7,88.2,1,1,0.79716
154,41,258.01,509.03,50.07,103.55,1,1,0.85122
154,3,1111.45,304.7,43.87,80.79,1,1,0.81466
154,5,1145.2,268.06,36.22,70.93,1,1,0.66615
155,4,1351.01,361.31,42.71,90.47,1,1,0.85013
155,8,242.17,368.12,41.61,97.11,1,1,0.88119
155,2,527.96,645.39,40.25,103.65,1,1,0.84198
155,25,1031.36,254.11,54.2,73.74,1,1,0.74806
155,20,913.01,307.35,38.05,80.43,1,1,0.85414
155,21,844.38,332.48,39.3,89.67,1,1,0.8112
155,1,875.07,287.24,35.29,69.5,1,1,0.77893
155,32,1635.85,226.08,37.45,81.36,1,1,0.74041
155,12,1599.92,230.88,42.1,81.09,1,1,0.76861
155,36,358.14,575.55,62.73,110.06,1,1,0.90125
155,7,1260.52,260.6,43.9,64.02,1,1,0.84429
155,38,1296.79,248.96,36.31,67.47,1,1,0.8149
155,31,447.18,488.91,47.7,99.66,1,1,0.82435
155,15,511.96,503.19,46.89,113.14,1,1,0.89303
155,39,326.17,482.75,50.86,96.76,1,1,0.86727
155,23,190.01,515.15,50.43,109.36,1,1,0.8825
155,19,359.95,429.65,35.69,87.97,1,1,0.80825
155,41,258.35,507.65,52.03,105.81,1,1,0.87452
155,3,1116.47,301.84,46.07,80.78,1,1,0.80601
155,5,1151.87,266.88,35.6,70.76,1,1,0.71909
156,4,1357.26,358.37,43.19,93.85,1,1,0.84082
156,8,239.51,367.04,43.99,97.69,1,1,0.87111
156,2,532.51,644.34,41.68,106.13,1,1,0.8408
156,25,1046.36,253.45,48.08,72.1,1,1,0.78683
156,20,921.9,306.05,35.43,81.57,1,1,0.83894
156,21,849.28,335.05,41.15,85.88,1,1,0.81641
156,1,881.52,285.89,36.94,69.71,1,1,0.78478
156,32,1634.45,224.23,35.31,82.95,1,1,0.79253
156,12,1598.55,229.88,39.87,82.4,1,1,0.82554
156,36,358.15,576.25,63.24,109.29,1,1,0.83397
156,7,1258.62,259.39,42.88,63.07,1,1,0.83607
156,38,1295.59,247.96,37.65,67.83,1,1,0.81814
156,31,452.39,487.63,45.31,101.16,1,1,0.77153
156,15,511.86,500.91,48.06,113.31,1,1,0.85705
156,39,331.89,482.09,47.51,98.07,1,1,0.84148
156,23,185.65,514.43,53.97,111.06,1,1,0.86261
156,19,362.11,425.71,39.1,94.11,1,1,0.7937
156,41,256.96,506.31,55.27,107.2,1,1,0.8667
156,3,1122.11,300.24,48.05,81.86,1,1,0.81479
156,5,1159.68,265.41,35.14,69.7,1,1,0.76941
157,4,1363.23,355.21,44.19,95.62,1,1,0.86636
157,8,239.18,366.13,43.11,96.65,1,1,0.87879
157,2,535.07,640.38,46.23,111.25,1,1,0.87535
157,25,1062.47,251.43,40.42,71.6,1,1,0.83262
157,20,930.8,305.13,34.55,81.32,1,1,0.85856
157,21,851.4,342.87,44.69,77.54,1,1,0.8252
157,1,890.52,284.21,36.01,70.75,1,1,0.79971
157,32,1632.11,224.12,34.93,83.52,1,1,0.83833
157,12,1595.88,228.57,40.21,82.7,1,1,0.84374
157,36,360.5,576.88,61.61,108.27,1,1,0.89644
157,7,1256.08,258.66,42.84,61.74,1,1,0.85558
157,38,1294.8,245.81,38.24,67.4,1,1,0.83618
157,31,457.17,486.44,43.2,103.02,1,1,0.86532
157,15,512.37,499.22,48.04,110.37,1,1,0.89489
157,39,336.79,480.86,45.34,100.02,1,1,0.87864
157,23,180.5,513.67,58.58,111.86,1,1,0.89297
157,19,365.32,422.58,40.04,88.21,1,1,0.84562
157,41,254.93,505.05,60.2,108.21,1,1,0.89499
157,3,1129.08,296.95,49.3,81.81,1,1,0.7831
157,35,866.68,308.64,36.94,63.2,1,1,0.68186
158,4,1368.31,351.15,44.56,97.19,1,1,0.86073
158,8,238.91,365.21,42.67,95.37,1,1,0.87832
158,2,535.67,638.71,51.96,112.15,1,1,0.86989
158,25,1072.39,248.14,39.97,72.25,1,1,0.8127
158,20,935.39,303.0,39.83,83.12,1,1,0.8612
158,21,854.23,343.55,53.42,75.27,1,1,0.77112
158,1,897.48,283.44,36.47,70.78,1,1,0.8033
158,32,1630.47,225.04,34.04,82.47,1,1,0.83366
158,12,1592.5,228.3,41.77,80.6,1,1,0.85338
158,36,363.49,577.14,58.9,108.51,1,1,0.8859
158,7,1253.33,258.11,43.3,61.18,1,1,0.8504
158,38,1293.11,242.17,38.76,69.8,1,1,0.83818
158,31,457.36,485.24,44.48,104.1,1,1,0.84365
158,15,514.01,498.4,46.15,106.35,1,1,0.88257
158,39,335.4,479.66,48.04,101.29,1,1,0.86262
158,23,174.98,512.41,63.3,113.18,1,1,0.88656
158,19,368.57,420.04,41.18,85.31,1,1,0.86687
158,41,253.11,504.06,66.62,108.3,1,1,0.88337
158,3,1136.61,293.9,45.97,83.35,1,1,0.83408
158,5,1173.07,263.4,39.17,70.36,1,1,0.82188
159,4,1373.15,347.48,45.62,96.59,1,1,0.87341
159,8,239.53,364.19,38.97,94.36,1,1,0.88519
159,2,536.37,636.65,56.73,108.21,1,1,0.90571
159,25,1086.84,245.42,35.5,70.86,1,1,0.85875
159,20,939.18,300.09,42.92,84.48,1,1,0.86775
159,21,857.69,327.71,61.68,86.36,1,1,0.84228
159,1,907.8,278.95,34.95,73.82,1,1,0.7964
159,32,1627.27,223.85,35.06,83.08,1,1,0.86269
159,12,1588.08,227.27,43.42,79.22,1,1,0.87636
159,36,367.96,576.85,55.02,108.39,1,1,0.9127
159,7,1250.32,257.59,44.9,59.65,1,1,0.87102
159,38,1291.22,239.34,39.87,70.75,1,1,0.86006
159,31,455.21,483.02,48.61,105.19,1,1,0.87195
159,15,516.46,496.91,43.83,103.5,1,1,0.89911
159,39,334.07,476.94,52.4,102.33,1,1,0.881
159,23,170.44,510.91,66.37,114.69,1,1,0.91157
159,19,372.56,416.13,41.1,88.17,1,1,0.88592
159,41,252.85,503.62,70.06,107.2,1,1,0.90596
159,3,1143.13,290.25,45.95,81.86,1,1,0.81034
159,5,1180.67,261.15,44.15,69.08,1,1,0.87474
160,4,1380.52,343.76,45.85,91.3,1,1,0.82524
160,8,239.46,363.08,37.56,95.11,1,1,0.87104
160,2,536.27,635.78,65.7,107.92,1,1,0.88534
160,25,1099.58,242.74,36.2,75.48,1,1,0.82047
160,20,946.77,297.69,47.73,81.96,1,1,0.82718
160,21,866.63,322.43,64.1,86.87,1,1,0.78841
160,1,917.52,276.31,34.17,73.88,1,1,0.81216
160,32,1624.31,223.59,35.65,83.94,1,1,0.86077
160,12,1582.02,226.26,48.73,79.25,1,1,0.85768
160,36,372.45,576.35,50.57,109.86,1,1,0.89508
160,7,1245.84,259.05,47.65,58.59,1,1,0.83144
160,38,1290.19,237.0,40.71,72.56,1,1,0.84236
160,31,452.9,479.6,54.91,107.63,1,1,0.80492
160,15,519.08,495.37,44.2,105.19,1,1,0.85254
160,39,331.71,474.14,60.02,104.29,1,1,0.85958
160,23,168.07,510.09,67.78,116.26,1,1,0.88257
160,19,378.28,414.09,40.22,90.58,1,1,0.8471
160,41,254.4,503.85,71.43,107.4,1,1,0.88132
160,3,1148.56,287.8,47.38,84.11,1,1,0.82125
160,5,1188.39,259.21,47.92,68.75,1,1,0.83008
161,4,1386.15,341.62,48.08,89.6,1,1,0.80691
161,8,239.3,362.19,36.32,95.32,1,1,0.86675
161,2,538.07,634.76,71.02,107.2,1,1,0.88295
161,25,1105.02,238.58,40.63,81.43,1,1,0.79354
161,20,957.75,294.95,46.71,76.79,1,1,0.82609
161,21,888.05,313.22,51.42,95.04,1,1,0.74876
161,1,927.61,273.18,32.72,72.61,1,1,0.78945
161,32,1622.77,223.04,35.32,84.56,1,1,0.84524
161,12,1576.34,224.83,52.16,80.07,1,1,0.87115
161,36,371.78,575.55,51.8,111.87,1,1,0.89605
161,7,1241.15,259.34,50.38,59.98,1,1,0.84134
161,38,1289.42,234.75,41.05,74.33,1,1,0.83909
161,31,451.11,477.55,60.43,108.73,1,1,0.81222
161,15,519.29,493.75,46.13,107.03,1,1,0.86102
161,39,332.81,471.98,64.61,103.94,1,1,0.82013
161,23,166.69,509.81,66.92,116.73,1,1,0.87368
161,19,383.73,412.53,38.76,92.71,1,1,0.83038
161,41,263.78,504.38,64.14,107.7,1,1,0.81483
161,3,1154.37,284.81,48.9,83.02,1,1,0.83792
161,5,1196.94,257.23,44.55,67.84,1,1,0.78462
162,4,1393.04,339.42,48.92,90.55,1,1,0.82336
162,8,238.4,361.13,37.68,96.37,1,1,0.86837
162,2,541.66,634.49,72.48,107.46,1,1,0.87934
162,25,1114.63,238.65,41.59,82.86,1,1,0.81096
162,20,969.96,293.02,41.59,75.64,1,1,0.84341
162,21,908.24,318.19,40.66,90.25,1,1,0.79551
162,1,938.13,270.94,32.8,72.8,1,1,0.79974
162,32,1621.11,224.09,35.25,83.36,1,1,0.84969
162,12,1572.69,223.42,50.89,81.05,1,1,0.86776
162,36,369.08,575.29,56.2,113.14,1,1,0.90207
162,7,1237.65,258.75,51.69,61.77,1,1,0.82789
162,38,1288.8,232.29,41.29,77.18,1,1,0.84762
162,31,452.03,476.05,64.23,107.02,1,1,0.86214
162,15,518.64,491.51,48.55,108.73,1,1,0.88008
162,39,336.05,471.13,67.45,102.35,1,1,0.82333
162,23,166.59,510.13,65.53,116.71,1,1,0.87013
162,19,389.46,411.6,36.98,92.33,1,1,0.83416
162,41,268.7,505.42,61.14,108.86,1,1,0.85493
162,3,1163.38,282.5,47.4,80.72,1,1,0.84004
162,5,1203.88,255.73,41.24,68.19,1,1,0.78541
163,4,1400.51,336.83,50.45,92.9,1,1,0.82173
163,8,237.59,359.72,38.9,96.49,1,1,0.87996
163,2,551.18,635.35,66.42,108.45,1,1,0.8821
163,25,1122.33,240.07,44.9,83.13,1,1,0.79022
163,20,982.56,291.77,37.61,75.35,1,1,0.84051
163,21,918.56,316.83,39.9,91.31,1,1,0.79467
163,1,947.16,268.96,34.39,74.5,1,1,0.78342
163,32,1620.32,224.47,36.35,80.96,1,1,0.86621
163,12,1571.44,222.62,46.97,80.15,1,1,0.87612
163,36,367.5,575.02,61.46,113.52,1,1,0.91866
163,7,1240.39,260.02,48.05,58.64,1,1,0.70036
163,38,1288.62,230.86,41.92,78.7,1,1,0.85609
163,31,454.02,475.04,66.01,105.77,1,1,0.85886
163,15,518.73,488.19,52.27,111.89,1,1,0.88323
163,39,344.45,470.17,64.27,100.83,1,1,0.75044
163,23,170.92,510.81,60.52,115.75,1,1,0.88028
163,19,395.18,411.06,37.38,89.32,1,1,0.74037
163,41,278.94,505.93,53.83,109.28,1,1,0.87568
163,3,1175.77,278.77,42.25,81.58,1,1,0.84823
163,44,444.63,451.06,45.85,104.55,1,1,0.83029
164,4,1408.33,334.92,49.95,93.83,1,1,0.81833
164,8,236.86,357.27,39.78,96.95,1,1,0.85889
164,2,562.8,634.79,59.0,109.78,1,1,0.86423
164,25,1137.62,240.78,40.91,79.58,1,1,0.82217
164,20,993.3,291.56,36.45,73.99,1,1,0.80218
164,21,925.76,316.46,42.04,90.09,1,1,0.82244
164,1,956.7,266.13,35.86,73.3,1,1,0.6731
164,32,1618.58,224.22,36.97,79.76,1,1,0.8577
164,12,1571.1,221.32,43.42,80.52,1,1,0.85297
164,36,366.36,574.49,65.54,113.0,1,1,0.90637
164,38,1288.34,229.59,43.15,79.16,1,1,0.85043
164,31,457.64,474.57,65.96,104.5,1,1,0.84587
164,15,518.83,484.14,54.89,114.18,1,1,0.87137
164,39,356.07,470.55,55.02,100.12,1,1,0.64518
164,23,175.1,510.82,56.16,115.52,1,1,0.86861
164,19,397.17,408.46,43.25,87.16,1,1,0.78518
164,41,288.33,504.98,48.94,110.1,1,1,0.85785
164,3,1186.5,275.15,40.24,83.49,1,1,0.82858
164,44,444.64,449.09,47.92,105.77,1,1,0.80705
165,4,1414.94,331.01,49.62,96.01,1,1,0.81629
165,8,234.69,355.23,43.27,98.24,1,1,0.85603
165,2,577.57,633.35,51.08,112.73,1,1,0.86462
165,25,1148.01,241.34,41.65,79.65,1,1,0.84209
165,20,997.34,289.74,43.18,75.9,1,1,0.83948
165,21,930.27,312.96,48.08,92.22,1,1,0.83936
165,1,965.04,263.82,39.75,75.92,1,1,0.79878
165,32,1618.13,223.19,35.51,79.58,1,1,0.86839
165,12,1569.92,220.98,42.26,80.32,1,1,0.85917
165,36,366.59,574.24,69.13,112.95,1,1,0.89885
165,38,1287.19,228.91,44.8,79.57,1,1,0.85734
165,31,464.63,474.46,63.54,104.95,1,1,0.82655
165,15,519.53,481.7,58.62,111.9,1,1,0.8616
165,23,179.82,510.37,53.03,116.37,1,1,0.86132
165,19,400.26,406.57,48.07,87.04,1,1,0.76765
165,41,292.51,502.98,51.03,112.08,1,1,0.84403
165,3,1196.24,272.53,38.95,84.58,1,1,0.83668
165,44,446.24,446.16,48.73,107.87,1,1,0.79689
166,4,1422.98,326.83,46.4,99.95,1,1,0.85633
166,8,233.3,353.76,47.03,98.79,1,1,0.87817
166,2,587.79,630.37,48.83,115.23,1,1,0.89949
166,25,1154.05,240.52,47.01,80.13,1,1,0.86282
166,20,1004.21,288.57,46.9,76.86,1,1,0.85159
166,21,934.38,309.34,55.79,94.01,1,1,0.84965
166,1,975.14,262.47,38.21,76.88,1,1,0.80611
166,32,1617.47,223.01,35.68,80.04,1,1,0.89336
166,12,1568.37,222.0,41.57,79.9,1,1,0.88457
166,36,368.93,574.14,70.14,111.88,1,1,0.74962
166,38,1285.82,228.54,46.72,80.2,1,1,0.88561
166,31,478.09,473.76,55.12,106.33,1,1,0.84188
166,15,522.97,479.36,59.72,108.05,1,1,0.86982
166,23,183.95,509.14,51.2,117.12,1,1,0.87792
166,19,405.08,404.48,51.59,87.88,1,1,0.78643
166,41,294.13,500.93,55.49,113.95,1,1,0.68692
166,3,1204.08,269.9,41.07,85.49,1,1,0.86228
166,44,448.09,444.52,48.81,104.65,1,1,0.78626
167,4,1428.54,323.18,46.14,102.7,1,1,0.86245
167,8,234.05,353.29,49.76,97.69,1,1,0.8717
167,2,592.21,626.46,52.99,118.62,1,1,0.89633
167,25,1158.84,239.81,53.56,78.6,1,1,0.87962
167,20,1013.93,287.01,48.28,74.5,1,1,0.85116
167,21,942.09,308.43,62.17,90.32,1,1,0.85587
167,1,986.13,261.22,36.76,74.62,1,1,0.75919
167,32,1616.2,222.77,37.05,80.24,1,1,0.89096
167,12,1565.69,222.34,38.93,81.38,1,1,0.8963
167,36,374.37,573.75,67.59,110.96,1,1,0.87488
167,38,1285.34,228.25,48.41,81.71,1,1,0.88866
167,31,487.08,472.07,52.46,107.33,1,1,0.85611
167,15,528.43,477.5,59.25,105.84,1,1,0.87655
167,23,185.8,507.83,52.99,118.66,1,1,0.86786
167,19,414.5,403.32,50.08,87.22,1,1,0.65908
167,41,295.19,498.99,61.81,115.66,1,1,0.72767
167,3,1211.0,268.49,48.28,85.59,1,1,0.87129
168,4,1433.87,320.15,45.84,96.23,1,1,0.86315
168,8,235.7,352.7,51.01,96.81,1,1,0.87738
168,2,598.31,623.86,56.28,117.4,1,1,0.90017
168,25,1164.27,237.52,58.64,79.45,1,1,0.87019
168,20,1027.55,285.39,49.55,73.4,1,1,0.84494
168,21,955.67,306.56,60.87,88.63,1,1,0.7518
168,32,1614.24,223.56,38.17,78.81,1,1,0.88834
168,12,1562.11,221.98,36.81,83.22,1,1,0.89427
168,36,382.7,572.95,61.87,109.92,1,1,0.90384
168,38,1285.58,228.16,48.99,82.67,1,1,0.88464
168,31,495.62,470.06,50.36,108.7,1,1,0.88665
168,15,535.58,476.15,56.15,104.02,1,1,0.89029
168,23,186.67,505.63,56.1,120.81,1,1,0.88557
168,41,298.11,497.23,68.35,115.57,1,1,0.83672
168,3,1218.04,263.55,52.87,88.08,1,1,0.85312
168,39,381.57,463.33,57.72,106.77,1,1,0.80529
168,44,459.48,442.55,43.82,102.4,1,1,0.84111
169,4,1437.93,317.38,47.41,93.33,1,1,0.86714
169,8,239.85,352.97,49.11,96.58,1,1,0.86834
169,2,605.07,621.02,59.7,114.3,1,1,0.89272
169,25,1172.33,239.1,60.99,79.57,1,1,0.85846
169,20,1044.89,284.12,43.48,75.6,1,1,0.83227
169,21,976.39,304.48,51.18,89.05,1,1,0.71702
169,32,1613.12,223.61,36.44,78.63,1,1,0.88598
169,12,1557.17,221.94,36.0,85.12,1,1,0.89273
169,36,393.14,572.03,54.51,109.05,1,1,0.87596
169,38,1285.84,228.55,49.03,84.06,1,1,0.8846
169,31,500.12,468.16,52.62,110.58,1,1,0.87899
169,15,544.89,475.19,52.52,104.48,1,1,0.87097
169,23,187.17,503.72,60.03,122.59,1,1,0.87383
169,41,302.4,495.92,72.49,113.77,1,1,0.83315
169,3,1226.13,264.29,52.3,84.81,1,1,0.85604
169,39,385.17,462.66,61.24,107.44,1,1,0.73838
169,44,464.89,442.19,43.6,102.19,1,1,0.81543
170,4,1443.45,315.83,48.89,92.05,1,1,0.87539
170,8,245.96,353.15,46.04,96.13,1,1,0.86849
170,2,611.04,618.54,65.43,111.67,1,1,0.90257
170,25,1186.17,241.49,55.49,78.86,1,1,0.811
170,20,1056.77,283.37,40.36,77.33,1,1,0.84963
170,21,992.29,304.91,45.87,89.39,1,1,0.77024
170,32,1611.04,224.51,36.32,78.11,1,1,0.8854
170,12,1552.69,222.24,36.0,86.16,1,1,0.8931
170,36,404.96,571.35,46.24,108.34,1,1,0.877
170,38,1286.31,228.85,48.83,84.56,1,1,0.8756
170,31,503.2,466.06,56.75,112.18,1,1,0.77029
170,15,554.68,474.13,49.23,105.51,1,1,0.85056
170,23,189.01,502.21,62.76,122.62,1,1,0.88313
170,41,308.96,495.87,72.41,111.75,1,1,0.85359
170,3,1234.54,264.74,49.47,82.03,1,1,0.81664
170,39,390.12,460.59,65.24,108.9,1,1,0.75472
170,44,469.4,441.36,43.61,103.57,1,1,0.69019
170,1,1019.75,256.61,37.63,71.92,1,1,0.65826
171,4,1446.83,314.8,49.9,90.51,1,1,0.89067
171,8,254.67,353.24,40.07,95.66,1,1,0.88716
171,2,617.84,616.7,69.14,109.51,1,1,0.91487
171,25,1203.33,241.07,49.02,81.97,1,1,0.80951
171,20,1066.49,282.2,39.72,78.37,1,1,0.84256
171,21,1004.84,302.64,42.99,90.99,1,1,0.77285
171,32,1609.91,225.6,35.1,77.31,1,1,0.89228
171,12,1547.68,223.58,37.36,83.57,1,1,0.89527
171,36,411.58,570.74,44.17,108.46,1,1,0.90883
171,38,1286.45,229.21,47.91,84.96,1,1,0.87982
171,31,506.66,464.57,60.56,112.98,1,1,0.78551
171,15,561.77,472.2,46.53,107.22,1,1,0.86099
171,23,191.3,501.22,64.49,121.53,1,1,0.89309
171,41,317.0,496.52,69.75,111.02,1,1,0.8958
171,3,1242.09,263.21,45.8,81.54,1,1,0.82325
171,39,394.99,459.61,68.79,106.13,1,1,0.85759
172,4,1448.92,313.43,53.83,90.06,1,1,0.87423
172,8,262.04,352.09,36.38,96.85,1,1,0.88799
172,2,626.63,615.47,68.38,108.21,1,1,0.90311
172,25,1215.64,239.11,46.01,84.53,1,1,0.81753
172,20,1074.11,280.86,41.92,80.47,1,1,0.85083
172,21,1011.97,296.64,46.25,96.46,1,1,0.78965
172,32,1608.05,227.92,34.34,75.08,1,1,0.88705
172,12,1542.57,225.38,38.97,84.93,1,1,0.89187
172,36,413.46,568.67,47.53,110.47,1,1,0.89614
172,38,1285.17,229.66,48.08,85.7,1,1,0.8522
172,31,511.12,462.74,64.53,111.91,1,1,0.71371
172,15,568.58,469.13,45.14,109.52,1,1,0.82396
172,23,195.22,500.11,65.76,120.23,1,1,0.88788
172,41,327.94,497.26,64.86,110.73,1,1,0.89322
172,3,1244.24,259.7,44.95,83.57,1,1,0.81224
172,39,403.45,457.73,68.01,102.63,1,1,0.75457
172,44,473.64,440.82,47.86,105.28,1,1,0.77189
172,1,1039.96,254.18,39.27,75.38,1,1,0.80749
173,4,1451.88,311.57,56.58,91.01,1,1,0.8808
173,8,267.19,351.25,35.93,97.46,1,1,0.90099
173,2,639.45,615.6,62.13,106.88,1,1,0.90223
173,25,1222.77,238.26,48.07,86.5,1,1,0.8132
173,20,1081.39,279.6,44.49,81.54,1,1,0.85834
173,21,1018.74,293.89,53.29,99.0,1,1,0.81241
173,32,1606.09,228.84,34.47,74.83,1,1,0.89759
173,12,1537.54,227.41,41.0,82.76,1,1,0.89095
173,36,414.38,567.45,52.54,111.35,1,1,0.91905
173,38,1285.34,229.89,47.84,87.6,1,1,0.84374
173,31,518.0,462.64,64.75,110.01,1,1,0.70589
173,15,574.32,466.36,45.05,110.94,1,1,0.82767
173,23,201.1,500.01,63.72,117.97,1,1,0.89386
173,41,340.87,497.97,57.91,110.6,1,1,0.90304
173,3,1250.31,257.4,43.98,85.87,1,1,0.78097
173,39,414.39,456.77,63.35,94.61,1,1,0.84017
173,44,474.3,439.66,52.68,108.53,1,1,0.86591
173,1,1051.56,253.58,38.58,75.0,1,1,0.78797
174,4,1458.63,309.37,53.93,93.63,1,1,0.87698
174,8,270.15,349.82,37.2,99.27,1,1,0.86875
174,2,653.91,614.5,54.04,108.23,1,1,0.86773
174,25,1229.15,239.23,49.58,83.99,1,1,0.78871
174,20,1090.21,280.87,50.28,78.92,1,1,0.78575
174,21,1025.16,289.3,57.27,97.26,1,1,0.79846
174,32,1602.86,231.06,35.61,73.07,1,1,0.88084
174,12,1533.04,229.06,42.8,82.41,1,1,0.89075
174,36,415.34,566.95,58.54,111.52,1,1,0.88344
174,38,1287.45,231.4,46.07,86.92,1,1,0.76653
174,15,578.1,464.0,46.78,111.43,1,1,0.76495
174,23,207.76,500.87,60.7,116.99,1,1,0.86426
174,41,355.49,500.01,50.71,109.43,1,1,0.85262
174,3,1256.61,257.78,42.83,85.61,1,1,0.78499
174,39,427.97,457.85,57.5,94.44,1,1,0.64904
174,44,477.06,439.51,55.57,105.72,1,1,0.80016
174,1,1062.07,254.2,37.52,76.52,1,1,0.7994
175,4,1464.05,306.53,48.22,96.52,1,1,0.90598
175,8,272.63,348.5,37.94,99.88,1,1,0.89474
175,2,670.04,612.91,44.14,109.38,1,1,0.8897
175,20,1101.48,279.6,52.58,72.92,1,1,0.80607
175,21,1039.9,289.09,57.95,95.11,1,1,0.75745
175,32,1598.42,234.57,36.97,71.18,1,1,0.88893
175,12,1526.89,232.12,42.11,81.25,1,1,0.88057
175,36,417.53,565.95,63.41,111.43,1,1,0.90544
175,38,1287.96,231.63,45.02,83.3,1,1,0.76446
175,15,583.53,461.5,46.79,110.73,1,1,0.71824
175,23,216.02,501.16,56.42,116.18,1,1,0.87298
175,41,366.28,499.83,47.56,109.18,1,1,0.87297
175,3,1262.31,257.24,42.77,82.97,1,1,0.78434
175,39,447.99,457.66,45.34,96.01,1,1,0.80499
175,1,1074.31,253.23,35.54,73.89,1,1,0.67181
176,4,1468.91,303.31,45.35,98.84,1,1,0.89401
176,8,275.04,347.55,40.22,99.69,1,1,0.87602
176,2,681.77,610.43,41.44,111.27,1,1,0.87588
176,20,1114.6,277.35,49.63,73.36,1,1,0.82266
176,21,1058.3,292.39,54.29,90.26,1,1,0.69946
176,32,1595.98,235.1,38.03,74.98,1,1,0.88251
176,12,1523.03,233.81,41.91,79.93,1,1,0.87754
176,36,420.21,565.6,69.61,110.16,1,1,0.88488
176,38,1291.78,230.24,41.76,83.05,1,1,0.74068
176,23,224.85,501.08,52.38,114.78,1,1,0.86493
176,41,370.83,498.4,52.36,109.91,1,1,0.85965
176,3,1266.28,256.32,43.2,81.07,1,1,0.80977
176,1,1086.7,252.43,34.47,68.16,1,1,0.69018
176,35,1042.6,280.25,49.26,87.8,1,1,0.81337
177,4,1474.0,300.24,42.56,99.42,1,1,0.88817
177,8,276.33,346.16,43.55,101.31,1,1,0.87197
177,2,686.09,607.4,46.77,114.01,1,1,0.87257
177,20,1129.26,275.27,44.19,78.09,1,1,0.83115
177,21,1079.09,296.02,47.47,87.97,1,1,0.80312
177,32,1595.05,235.82,37.32,78.84,1,1,0.87033
177,12,1521.73,235.33,41.39,78.89,1,1,0.86405
177,36,423.47,565.32,72.26,109.8,1,1,0.87012
177,38,1295.58,228.96,38.05,82.17,1,1,0.66624
177,23,233.22,500.79,48.07,114.7,1,1,0.85681
177,41,374.07,496.87,58.45,111.09,1,1,0.85635
177,3,1270.02,254.92,42.88,82.3,1,1,0.74985
177,35,1051.6,279.26,50.08,86.1,1,1,0.81766
177,7,1225.58,229.16,44.56,71.19,1,1,0.71822
177,31,559.6,460.8,47.92,106.37,1,1,0.70547
177,44,495.61,440.13,54.12,99.65,1,1,0.75813
177,15,593.76,458.45,49.41,108.76,1,1,0.81117
177,39,466.74,453.88,44.42,101.33,1,1,0.79949
178,4,1477.95,298.62,41.54,95.69,1,1,0.87057
178,8,278.9,345.98,45.32,99.92,1,1,0.86799
178,2,689.48,605.57,52.84,113.54,1,1,0.87046
178,20,1142.06,274.77,38.67,78.91,1,1,0.83563
178,21,1093.54,298.52,41.62,87.15,1,1,0.79509
178,32,1595.06,237.93,35.35,81.13,1,1,0.85609
178,12,1519.31,236.22,41.93,79.27,1,1,0.86208
178,36,428.47,566.2,71.33,108.91,1,1,0.86645
178,23,240.84,500.98,44.98,113.83,1,1,0.84716
178,41,377.02,495.87,65.48,112.24,1,1,0.86321
178,3,1267.09,257.87,46.32,78.83,1,1,0.6516
178,35,1060.22,278.45,51.41,83.53,1,1,0.80304
178,7,1225.87,226.93,43.37,73.37,1,1,0.77338
178,44,506.43,438.03,48.85,101.53,1,1,0.76777
178,15,597.44,458.25,49.56,107.3,1,1,0.79433
178,39,469.68,453.34,49.95,102.6,1,1,0.81538
179,4,1483.04,296.78,40.42,90.51,1,1,0.88752
179,8,282.17,346.85,44.95,98.3,1,1,0.88472
179,2,694.59,604.25,60.03,110.22,1,1,0.86966
179,20,1154.1,274.52,35.65,80.82,1,1,0.85199
179,21,1102.47,297.29,42.76,89.02,1,1,0.8042
179,32,1595.07,239.93,34.25,82.72,1,1,0.86836
179,12,1517.26,237.28,41.14,78.8,1,1,0.87452
179,36,434.84,567.08,69.18,108.56,1,1,0.86976
179,23,244.04,500.13,46.57,113.19,1,1,0.88692
179,41,382.38,495.83,68.95,109.98,1,1,0.89062
179,3,1272.11,257.6,44.03,79.04,1,1,0.65548
179,35,1068.63,278.83,52.27,78.46,1,1,0.80092
179,7,1228.57,225.46,41.13,75.22,1,1,0.76696
179,39,478.86,452.2,48.76,96.15,1,1,0.78433
180,4,1486.66,294.79,40.76,89.01,1,1,0.87068
180,8,285.22,347.03,44.36,97.63,1,1,0.85239
180,2,698.72,602.26,68.08,109.35,1,1,0.8741
180,20,1164.24,273.49,37.71,82.56,1,1,0.82588
180,21,1111.83,293.59,43.58,92.85,1,1,0.78993
180,32,1594.75,240.38,35.07,85.94,1,1,0.84683
180,12,1515.07,238.12,40.11,83.9,1,1,0.86203
180,36,444.04,568.08,63.67,108.47,1,1,0.83694
180,23,243.57,498.61,52.75,114.89,1,1,0.86502
180,41,387.5,495.92,71.62,109.0,1,1,0.85163
180,3,1283.54,255.14,41.58,83.93,1,1,0.6482
180,35,1076.84,280.23,53.57,74.34,1,1,0.79235
180,7,1228.97,227.56,41.98,73.91,1,1,0.78608
180,39,480.77,450.71,56.17,97.85,1,1,0.79587
180,44,521.12,437.8,43.7,101.78,1,1,0.69984
180,15,609.75,456.82,46.84,105.98,1,1,0.73945
181,4,1491.12,293.22,41.6,90.13,1,1,0.8683
181,8,292.04,347.14,42.11,97.62,1,1,0.84266
181,2,702.33,600.61,74.62,109.53,1,1,0.88567
181,20,1176.18,271.74,40.16,84.13,1,1,0.81637
181,21,1118.99,291.24,49.47,94.13,1,1,0.7924
181,32,1595.59,241.24,35.01,86.5,1,1,0.84833
181,12,1511.69,238.33,42.05,83.8,1,1,0.85669
181,36,458.89,568.88,53.5,108.66,1,1,0.84822
181,23,243.37,497.52,60.47,115.52,1,1,0.87802
181,41,394.56,496.47,72.24,110.6,1,1,0.87541
181,3,1291.67,255.13,43.89,84.43,1,1,0.75117
181,35,1088.61,282.24,51.94,70.07,1,1,0.82457
181,7,1231.1,226.87,44.17,75.46,1,1,0.75304
181,39,483.34,448.16,63.77,97.78,1,1,0.82658
181,45,1258.88,242.31,42.06,77.03,1,1,0.75736
181,44,527.92,437.76,42.03,99.22,1,1,0.68841
181,15,617.27,455.56,44.99,107.34,1,1,0.76442
181,29,555.84,383.67,42.48,90.21,1,1,0.79916
181,1,1145.95,251.15,34.52,70.92,1,1,0.65046
181,31,576.27,457.26,55.73,108.17,1,1,0.76
182,4,1497.31,291.71,40.63,91.38,1,1,0.85495
182,8,296.83,347.32,41.13,97.03,1,1,0.82989
182,2,708.66,599.63,76.63,109.6,1,1,0.86917
182,20,1182.79,271.56,48.42,84.92,1,1,0.83272
182,21,1125.5,291.1,53.58,89.28,1,1,0.76519
182,32,1596.61,241.44,35.98,86.54,1,1,0.84326
182,12,1508.86,239.17,43.52,80.01,1,1,0.84036
182,36,470.44,569.16,47.61,110.62,1,1,0.84021
182,23,242.63,496.8,68.39,116.6,1,1,0.87326
182,41,405.27,497.46,68.04,111.79,1,1,0.85045
182,3,1296.33,255.82,43.6,76.47,1,1,0.72644
182,35,1102.4,281.19,49.01,70.79,1,1,0.79771
182,7,1232.31,229.77,46.49,73.39,1,1,0.79185
182,39,487.38,447.52,69.75,96.74,1,1,0.76426
182,45,1261.12,242.06,39.23,74.65,1,1,0.71561
182,15,623.83,453.64,44.8,107.41,1,1,0.75275
182,29,562.35,382.7,44.1,89.54,1,1,0.73931
182,1,1158.21,249.32,33.29,71.06,1,1,0.73603
182,31,579.67,455.83,59.1,107.46,1,1,0.79498
182,25,1324.88,226.0,31.99,63.86,1,1,0.69308
183,4,1503.37,287.74,40.83,95.23,1,1,0.87287
183,8,300.75,346.09,40.59,97.76,1,1,0.85517
183,2,718.72,599.3,72.41,110.47,1,1,0.86292
183,20,1193.23,271.17,56.38,84.79,1,1,0.84498
183,21,1145.89,288.82,49.47,91.93,1,1,0.75098
183,32,1597.13,242.15,37.81,85.85,1,1,0.86029
183,12,1506.23,238.73,45.25,75.43,1,1,0.81287
183,36,476.39,568.08,48.45,111.89,1,1,0.8655
183,23,243.82,496.25,72.52,116.95,1,1,0.8827
183,41,419.23,497.55,60.52,113.57,1,1,0.85428
183,3,1298.72,257.28,48.79,69.93,1,1,0.78527
183,35,1121.79,278.2,43.38,86.39,1,1,0.81033
183,7,1235.4,228.79,45.85,69.92,1,1,0.78317
183,45,1268.37,244.43,35.87,73.86,1,1,0.73871
183,15,630.03,450.64,43.11,107.57,1,1,0.7785
183,29,570.65,382.73,43.66,89.7,1,1,0.74324
183,1,1169.68,247.32,34.25,69.68,1,1,0.75846
183,31,584.15,454.7,60.4,105.01,1,1,0.82455
184,4,1509.05,285.54,41.42,95.74,1,1,0.86282
184,8,301.65,344.16,41.63,97.53,1,1,0.87756
184,2,741.55,599.47,53.73,110.73,1,1,0.85354
184,20,1210.37,271.59,55.73,84.51,1,1,0.84276
184,21,1164.16,288.31,45.9,90.4,1,1,0.79794
184,32,1597.72,243.08,41.64,84.64,1,1,0.87388
184,12,1502.75,239.01,47.31,68.63,1,1,0.81251
184,36,478.58,566.63,50.76,113.53,1,1,0.88027
184,23,245.97,496.48,71.96,115.7,1,1,0.89097
184,41,432.47,497.22,52.43,114.68,1,1,0.88389
184,35,1137.11,274.98,40.04,92.15,1,1,0.84543
184,7,1238.8,227.3,44.03,66.67,1,1,0.76709
184,45,1274.69,248.0,34.63,71.86,1,1,0.65026
184,15,634.38,446.75,43.7,107.54,1,1,0.71938
184,1,1182.28,243.81,33.89,69.64,1,1,0.76562
184,31,590.6,453.96,58.37,104.87,1,1,0.76946
184,25,1337.27,227.56,36.85,66.02,1,1,0.7295
185,4,1514.09,283.45,42.12,95.55,1,1,0.82568
185,8,300.82,342.75,44.5,98.65,1,1,0.87051
185,2,755.43,599.11,45.48,112.53,1,1,0.83241
185,20,1224.51,274.24,52.42,82.81,1,1,0.84127
185,21,1176.26,288.23,45.33,90.26,1,1,0.76257
185,32,1597.26,244.0,45.39,84.14,1,1,0.87169
185,12,1498.94,237.21,46.68,67.17,1,1,0.66518
185,36,478.71,565.59,54.31,115.09,1,1,0.86609
185,23,249.31,497.08,69.67,115.3,1,1,0.88539
185,41,441.86,497.17,48.38,115.66,1,1,0.87692
185,35,1145.58,273.31,42.73,93.99,1,1,0.82257
185,7,1240.0,228.02,46.08,64.01,1,1,0.77057
185,45,1279.39,243.41,33.82,77.37,1,1,0.71678
185,15,639.35,444.35,44.8,107.34,1,1,0.78453
185,1,1191.98,239.04,35.3,73.43,1,1,0.77365
185,31,598.35,453.43,55.55,106.42,1,1,0.77396
185,25,1344.14,229.66,38.6,68.67,1,1,0.73752
185,38,1308.69,217.12,29.19,44.29,1,1,0.69311
185,39,513.56,443.91,67.24,102.06,1,1,0.7438
186,4,1519.81,281.45,42.47,91.18,1,1,0.786
186,8,299.84,341.66,48.02,99.68,1,1,0.87212
186,2,762.83,597.96,44.24,115.16,1,1,0.84213
186,20,1235.39,275.7,49.16,81.7,1,1,0.83478
186,21,1186.73,289.97,43.41,87.52,1,1,0.77372
186,32,1595.92,245.75,49.8,84.9,1,1,0.86368
186,12,1499.43,235.16,45.5,72.07,1,1,0.80674
186,36,477.33,565.08,60.21,116.88,1,1,0.85202
186,23,255.66,497.77,64.61,115.18,1,1,0.8657
186,41,445.26,496.19,51.94,117.32,1,1,0.88857
186,35,1151.52,272.94,46.91,92.78,1,1,0.81473
186,7,1245.55,228.15,44.42,64.39,1,1,0.71501
186,45,1282.77,239.7,32.44,80.02,1,1,0.70543
186,15,644.37,440.81,43.78,106.61,1,1,0.73464
186,1,1204.18,240.22,34.0,70.59,1,1,0.73554
186,31,610.28,452.69,48.96,108.09,1,1,0.78906
186,25,1350.6,230.34,40.03,73.62,1,1,0.74951
186,39,525.72,443.41,60.52,103.69,1,1,0.71444
186,3,1316.24,245.62,43.48,74.1,1,1,0.66934
187,4,1526.99,279.63,39.32,82.37,1,1,0.7758
187,8,299.07,340.47,51.82,100.3,1,1,0.8899
187,2,767.35,596.06,46.12,117.09,1,1,0.86166
187,20,1248.73,276.62,41.79,81.83,1,1,0.81109
187,21,1198.15,286.49,40.77,91.9,1,1,0.76708
187,32,1594.23,247.64,53.29,86.92,1,1,0.86611
187,12,1501.06,234.68,43.44,74.83,1,1,0.81615
187,36,477.11,564.72,66.21,117.12,1,1,0.8746
187,23,264.54,498.25,57.45,115.24,1,1,0.85989
187,41,446.65,494.76,57.54,119.41,1,1,0.90664
187,35,1157.51,271.38,52.81,90.69,1,1,0.83831
187,7,1250.54,229.96,42.0,61.62,1,1,0.69355
187,45,1290.88,242.33,34.53,77.21,1,1,0.71323
187,15,650.16,440.28,43.16,108.02,1,1,0.77578
187,1,1214.63,239.98,35.25,69.87,1,1,0.78109
187,31,615.86,452.12,48.15,109.32,1,1,0.80444
187,25,1352.45,230.96,44.03,79.63,1,1,0.67988
187,39,534.56,439.82,57.92,107.67,1,1,0.71805
188,4,1531.01,274.0,39.65,83.19,1,1,0.79829
188,8,297.93,339.96,55.28,99.57,1,1,0.9148
188,2,771.39,593.32,48.64,117.61,1,1,0.90298
188,20,1259.01,273.44,39.35,84.63,1,1,0.80194
188,21,1211.22,284.72,39.46,93.7,1,1,0.81904
188,32,1590.6,248.37,58.23,88.74,1,1,0.89189
188,12,1501.09,231.81,41.66,79.27,1,1,0.83505
188,36,477.59,565.21,69.31,116.03,1,1,0.9074
188,23,273.72,498.03,49.67,115.6,1,1,0.89165
188,41,447.49,493.98,63.45,120.11,1,1,0.92509
188,35,1165.12,269.71,56.33,88.1,1,1,0.86612
188,15,654.7,438.95,43.26,109.2,1,1,0.82448
188,1,1225.58,240.98,34.5,73.06,1,1,0.68788
188,31,618.29,450.84,50.3,110.16,1,1,0.90001
188,25,1360.17,232.15,42.63,84.38,1,1,0.77468
188,39,540.21,433.63,58.54,112.9,1,1,0.86558
188,29,607.41,372.44,47.65,101.79,1,1,0.81555
188,3,1330.49,242.57,46.44,76.48,1,1,0.69197
189,4,1533.88,274.22,42.65,83.5,1,1,0.84062
189,8,296.85,340.34,56.98,98.26,1,1,0.92553
189,2,775.54,591.53,50.64,116.71,1,1,0.92078
189,20,1268.83,270.75,39.18,87.63,1,1,0.82836
189,21,1220.04,284.34,41.77,92.6,1,1,0.82753
189,32,1585.89,249.46,63.94,90.82,1,1,0.9193
189,12,1499.35,229.72,43.45,83.75,1,1,0.8703
189,36,479.02,566.75,69.35,114.49,1,1,0.92168
189,23,278.41,497.52,46.9,116.95,1,1,0.92432
189,41,447.9,493.54,68.12,118.42,1,1,0.93553
189,35,1172.43,269.22,59.45,86.09,1,1,0.87749
189,15,656.92,438.91,43.91,110.98,1,1,0.86814
189,1,1234.96,241.07,36.84,77.67,1,1,0.81404
189,31,619.2,449.19,53.56,112.31,1,1,0.91595
189,25,1365.34,233.41,41.31,86.99,1,1,0.65553
189,39,544.58,429.55,59.57,113.3,1,1,0.91725
189,29,613.58,371.26,51.54,96.96,1,1,0.84743
189,3,1338.44,238.96,48.43,82.32,1,1,0.7091
190,4,1535.27,273.88,44.69,85.65,1,1,0.87387
190,8,296.86,341.92,55.42,97.63,1,1,0.92553
190,2,778.64,590.95,57.48,114.68,1,1,0.92281
190,20,1275.65,269.15,46.51,87.42,1,1,0.83456
190,21,1226.75,281.78,46.71,92.67,1,1,0.82972
190,32,1583.08,252.32,67.22,88.53,1,1,0.91427
190,12,1497.26,230.06,42.97,84.21,1,1,0.87297
190,36,484.42,568.89,65.35,112.36,1,1,0.9185
190,23,279.14,496.43,49.11,119.45,1,1,0.92726
190,41,450.61,493.85,69.77,112.37,1,1,0.92779
190,35,1181.4,270.33,59.4,82.34,1,1,0.89001
190,15,658.9,442.39,44.2,108.55,1,1,0.87559
190,31,619.41,448.95,56.69,113.33,1,1,0.9161
190,39,548.87,428.16,59.79,111.48,1,1,0.9248
190,29,621.43,369.91,51.72,91.9,1,1,0.85193
190,3,1345.46,239.85,51.6,82.6,1,1,0.73341
191,4,1539.49,273.78,44.02,86.3,1,1,0.87815
191,8,299.91,345.19,52.26,94.8,1,1,0.90584
191,2,779.63,591.45,65.43,113.53,1,1,0.91534
191,20,1283.51,267.31,52.83,85.89,1,1,0.86385
191,21,1236.64,283.67,50.2,87.5,1,1,0.82111
191,32,1582.72,253.46,68.19,87.77,1,1,0.9064
191,12,1494.63,229.38,41.4,83.27,1,1,0.87996
191,36,490.85,569.91,62.11,112.19,1,1,0.92157
191,23,277.59,495.08,52.69,121.93,1,1,0.92716
191,41,455.64,494.66,68.91,106.15,1,1,0.91732
191,35,1192.55,271.45,58.32,87.37,1,1,0.86159
191,15,661.72,444.11,44.04,108.42,1,1,0.81493
191,31,620.99,449.45,59.44,113.63,1,1,0.90642
191,39,555.11,428.25,59.02,109.89,1,1,0.89347
191,29,632.69,369.36,48.62,88.33,1,1,0.87125
191,3,1350.9,242.06,51.08,82.05,1,1,0.76118
191,1,1252.86,240.1,38.52,67.44,1,1,0.67025
192,4,1542.69,272.64,43.31,87.46,1,1,0.88486
192,8,305.11,347.0,46.83,94.0,1,1,0.90587
192,2,780.02,590.19,71.34,115.37,1,1,0.90481
192,20,1293.08,269.89,55.02,83.85,1,1,0.85324
192,21,1249.54,278.57,50.68,91.06,1,1,0.83718
192,32,1582.84,254.8,68.39,86.79,1,1,0.89941
192,12,1491.33,231.35,40.98,81.65,1,1,0.85272
192,36,497.82,571.14,56.95,112.9,1,1,0.92318
192,23,274.37,494.41,56.83,123.46,1,1,0.92917
192,41,463.42,496.09,65.43,101.3,1,1,0.9217
192,35,1206.02,272.23,54.16,92.1,1,1,0.87359
192,31,623.15,450.44,62.59,112.2,1,1,0.85783
192,39,561.03,429.14,59.4,109.47,1,1,0.86557
192,29,643.17,370.48,44.51,87.01,1,1,0.77548
192,3,1357.68,241.87,52.02,82.45,1,1,0.77308
193,4,1544.82,271.57,42.24,89.19,1,1,0.88938
193,8,309.88,347.29,41.07,94.58,1,1,0.91131
193,2,790.16,590.13,64.97,115.22,1,1,0.85206
193,20,1301.09,271.77,53.77,84.71,1,1,0.84797
193,21,1260.48,276.29,52.29,92.94,1,1,0.80931
193,32,1582.93,256.6,66.54,84.69,1,1,0.90147
193,12,1486.98,234.19,41.27,79.84,1,1,0.85217
193,36,500.51,572.35,56.18,113.78,1,1,0.92035
193,23,270.34,494.26,62.32,124.51,1,1,0.92845
193,41,472.64,497.49,60.18,105.32,1,1,0.90656
193,35,1221.37,271.76,46.21,94.53,1,1,0.87776
193,31,626.76,450.66,63.07,112.9,1,1,0.8904
193,39,561.15,428.07,49.99,106.14,1,1,0.68422
193,29,652.47,368.66,42.2,88.29,1,1,0.86051
193,3,1366.52,241.84,50.7,80.03,1,1,0.80685
193,44,568.51,435.97,59.22,108.66,1,1,0.68655
194,4,1545.51,269.59,42.31,91.37,1,1,0.88805
194,8,309.75,346.57,39.47,95.88,1,1,0.91492
194,2,799.59,590.69,56.73,115.46,1,1,0.90293
194,20,1309.13,273.09,48.16,85.01,1,1,0.78835
194,21,1271.64,278.13,51.74,91.91,1,1,0.80142
194,32,1583.92,257.12,62.89,83.36,1,1,0.88479
194,12,1481.6,234.93,40.88,79.45,1,1,0.85741
194,36,499.08,573.35,58.9,114.37,1,1,0.90744
194,23,265.75,494.1,68.81,125.0,1,1,0.92545
194,41,482.68,497.7,53.66,110.24,1,1,0.90096
194,35,1235.71,271.8,39.23,95.83,1,1,0.84246
194,31,630.79,449.08,62.18,115.26,1,1,0.88248
194,29,661.81,366.86,37.29,89.44,1,1,0.78354
194,3,1371.86,241.85,49.18,78.14,1,1,0.84726
195,4,1545.51,267.65,41.87,93.1,1,1,0.88332
195,8,306.02,345.3,42.32,98.14,1,1,0.91642
195,2,808.72,590.19,48.87,117.23,1,1,0.87233
195,20,1318.42,270.57,41.7,85.26,1,1,0.75321
195,21,1281.57,279.95,46.21,91.85,1,1,0.81073
195,32,1583.37,258.35,60.18,82.17,1,1,0.87487
195,12,1474.53,234.47,41.65,80.42,1,1,0.81259
195,36,494.93,573.52,64.17,116.49,1,1,0.90843
195,23,263.3,494.39,71.9,124.77,1,1,0.92421
195,41,492.87,497.67,47.01,113.88,1,1,0.89076
195,35,1241.91,270.43,41.13,97.31,1,1,0.84812
195,31,636.91,449.42,58.57,116.15,1,1,0.88226
195,3,1378.24,246.0,45.35,73.34,1,1,0.77954
195,46,1333.82,214.74,32.71,65.9,1,1,0.7939
195,39,561.45,426.66,48.82,110.89,1,1,0.88653
195,44,583.48,438.66,49.53,107.53,1,1,0.70829
196,4,1544.75,267.35,42.07,94.09,1,1,0.86625
196,8,302.76,343.65,46.6,100.03,1,1,0.90746
196,2,818.68,589.36,44.3,118.18,1,1,0.8547
196,20,1326.39,271.38,39.77,82.85,1,1,0.77141
196,21,1288.81,282.3,42.12,90.19,1,1,0.79212
196,32,1579.72,258.51,59.3,81.92,1,1,0.86285
196,12,1466.72,235.89,42.55,79.85,1,1,0.82636
196,36,494.32,571.63,68.36,119.26,1,1,0.88087
196,23,264.78,495.27,71.45,123.04,1,1,0.9067
196,41,498.3,496.65,47.54,117.76,1,1,0.85067
196,35,1244.42,269.95,44.43,97.52,1,1,0.84141
196,31,644.65,452.85,52.52,113.75,1,1,0.87912
196,3,1375.38,253.14,50.98,65.35,1,1,0.74369
196,46,1332.15,212.62,33.11,65.73,1,1,0.81705
196,39,560.67,425.4,52.13,114.04,1,1,0.89576
196,44,593.83,437.9,42.27,107.74,1,1,0.83825
197,4,1544.06,268.12,41.92,89.57,1,1,0.84491
197,8,300.72,343.05,50.6,100.87,1,1,0.90359
197,2,822.16,587.49,46.04,120.94,1,1,0.83285
197,20,1332.76,275.52,41.53,78.64,1,1,0.77461
197,21,1295.0,283.31,40.48,90.96,1,1,0.80848
197,32,1577.29,259.39,57.82,82.1,1,1,0.86751
197,12,1457.1,237.19,45.51,81.48,1,1,0.81688
197,36,497.0,571.48,71.58,119.72,1,1,0.87285
197,23,268.69,496.71,67.69,121.73,1,1,0.89519
197,41,498.65,495.89,53.76,122.01,1,1,0.86146
197,35,1246.43,272.07,50.05,95.15,1,1,0.83824
197,31,652.63,454.94,48.57,113.34,1,1,0.86881
197,3,1383.91,257.92,45.87,57.98,1,1,0.74726
197,46,1330.12,211.07,33.68,64.98,1,1,0.77744
197,39,560.37,424.91,55.55,115.63,1,1,0.88949
197,44,598.28,439.19,41.8,107.14,1,1,0.86037
197,1,1283.91,232.48,36.04,62.0,1,1,0.69492
198,4,1544.44,268.33,41.41,85.13,1,1,0.85099
198,8,300.3,343.09,53.45,100.76,1,1,0.9256
198,2,827.08,585.22,46.81,119.41,1,1,0.89338
198,21,1299.45,282.41,42.2,90.57,1,1,0.79808
198,32,1575.12,260.77,56.92,81.46,1,1,0.88175
198,12,1449.11,239.41,49.74,79.65,1,1,0.87885
198,36,498.94,571.99,76.64,118.4,1,1,0.90739
198,23,276.21,497.99,62.28,120.24,1,1,0.92917
198,41,499.18,495.57,60.16,124.28,1,1,0.92221
198,35,1249.51,273.48,56.15,94.84,1,1,0.84084
198,31,658.27,454.28,48.66,115.48,1,1,0.90276
198,3,1384.01,261.51,48.79,56.09,1,1,0.81519
198,46,1330.1,209.34,33.07,64.08,1,1,0.79014
198,39,562.2,425.39,57.49,113.97,1,1,0.9036
198,44,603.57,439.17,42.55,106.84,1,1,0.87187
198,29,686.86,361.77,48.46,102.57,1,1,0.88167
199,4,1544.03,269.18,42.92,83.91,1,1,0.85104
199,8,299.45,344.11,56.85,99.72,1,1,0.92957
199,2,828.61,584.08,51.52,118.39,1,1,0.91828
199,32,1571.21,262.05,57.89,81.44,1,1,0.90138
199,12,1443.04,241.98,50.79,75.46,1,1,0.89035
199,36,500.86,573.98,81.87,117.34,1,1,0.92684
199,23,284.95,499.71,55.39,119.05,1,1,0.93435
199,41,500.08,496.58,66.21,121.71,1,1,0.92873
199,35,1254.7,276.67,61.76,94.8,1,1,0.88456
199,31,658.89,450.86,52.0,120.4,1,1,0.9211
199,3,1383.58,263.68,52.56,56.67,1,1,0.80782
199,39,564.64,426.81,58.74,113.11,1,1,0.90363
199,44,607.61,439.2,45.03,106.61,1,1,0.71673
199,29,693.82,362.53,49.0,104.18,1,1,0.90174
200,4,1543.3,268.66,44.53,85.79,1,1,0.82984
200,8,298.22,345.97,59.12,98.03,1,1,0.9131
200,2,829.09,582.57,56.33,117.74,1,1,0.9222
200,32,1568.47,264.2,57.6,81.73,1,1,0.86792
200,12,1437.5,243.85,48.59,75.08,1,1,0.89513
200,36,503.89,576.01,83.7,117.53,1,1,0.93099
200,23,293.39,500.9,48.92,117.91,1,1,0.93507
200,41,502.82,498.09,68.94,114.95,1,1,0.92445
200,35,1259.25,280.34,60.59,92.09,1,1,0.88212
200,31,658.47,449.71,56.63,121.83,1,1,0.92424
200,3,1383.94,263.66,57.18,58.2,1,1,0.80211
200,39,568.59,429.14,57.06,108.23,1,1,0.89167
200,44,609.65,438.84,49.14,108.38,1,1,0.91846
200,29,701.1,364.67,46.62,104.57,1,1,0.90753
200,21,1312.12,277.91,47.55,93.66,1,1,0.84605
201,4,1542.3,268.87,45.89,87.17,1,1,0.84089
201,8,302.79,348.11,55.48,96.61,1,1,0.86222
201,2,828.65,581.57,63.22,117.18,1,1,0.9015
201,32,1565.8,265.89,56.77,82.45,1,1,0.8078
201,12,1433.57,244.47,47.13,73.39,1,1,0.86625
201,36,508.18,578.36,81.47,116.75,1,1,0.9192
201,23,299.47,501.93,46.37,119.11,1,1,0.91978
201,41,506.96,499.97,70.43,107.47,1,1,0.89927
201,35,1267.07,283.93,54.89,89.24,1,1,0.8382
201,31,658.17,447.51,63.5,124.9,1,1,0.90795
201,3,1384.48,267.37,58.57,54.43,1,1,0.824
201,39,573.56,430.78,56.55,108.78,1,1,0.87471
201,44,611.56,438.15,55.04,109.26,1,1,0.89487
201,29,705.95,366.92,44.58,103.55,1,1,0.86747
201,21,1317.83,276.01,50.44,95.05,1,1,0.78956
201,20,1354.13,277.07,40.87,79.92,1,1,0.69241
201,1,1291.78,235.0,37.96,77.23,1,1,0.77563
202,4,1539.59,268.2,49.75,90.13,1,1,0.80486
202,8,314.41,349.52,45.42,96.17,1,1,0.89045
202,2,829.71,581.26,69.34,113.96,1,1,0.92205
202,12,1427.46,247.97,48.74,72.23,1,1,0.8285
202,36,514.14,578.91,77.27,118.13,1,1,0.91801
202,23,300.24,502.25,49.74,120.08,1,1,0.93167
202,41,518.19,501.43,64.33,98.76,1,1,0.88721
202,35,1274.86,282.67,50.9,90.8,1,1,0.84984
202,31,658.92,446.35,69.15,125.5,1,1,0.91945
202,39,580.2,431.62,53.36,108.68,1,1,0.90468
202,44,612.03,437.81,61.29,111.19,1,1,0.90022
202,29,711.68,366.86,45.24,104.35,1,1,0.84966
202,21,1325.08,273.79,52.67,96.41,1,1,0.7312
203,4,1538.22,268.62,50.34,89.78,1,1,0.83064
203,8,320.98,351.79,40.36,95.41,1,1,0.9095
203,2,832.39,581.1,71.48,111.55,1,1,0.93174
203,12,1417.02,252.17,53.45,68.36,1,1,0.75103
203,36,522.72,580.34,70.71,118.43,1,1,0.91586
203,23,298.68,502.55,55.96,120.52,1,1,0.93911
203,41,532.37,503.21,56.34,95.33,1,1,0.84019
203,35,1283.48,281.64,47.12,92.62,1,1,0.8241
203,31,662.18,447.41,71.96,123.7,1,1,0.91341
203,39,586.12,431.32,50.37,109.82,1,1,0.91855
203,44,613.61,438.33,65.11,112.59,1,1,0.89947
203,29,720.4,366.11,44.52,105.01,1,1,0.87577
203,21,1332.18,275.06,54.3,95.7,1,1,0.72488
203,1,1281.55,234.49,42.06,78.49,1,1,0.79342
204,4,1535.31,268.81,49.87,90.54,1,1,0.83491
204,8,323.1,352.91,40.41,95.44,1,1,0.91253
204,2,837.88,582.33,68.93,109.99,1,1,0.92862
204,12,1414.72,256.21,51.88,63.28,1,1,0.77695
204,36,532.32,581.29,62.73,118.58,1,1,0.9112
204,23,297.11,502.61,63.72,120.53,1,1,0.93874
204,41,537.19,505.17,57.13,93.22,1,1,0.89977
204,35,1292.4,283.02,42.77,92.63,1,1,0.85226
204,31,666.28,451.56,71.31,120.32,1,1,0.90031
204,39,590.25,431.11,49.05,112.13,1,1,0.91697
204,44,619.0,439.15,64.58,112.63,1,1,0.82579
204,29,726.99,366.24,43.19,105.15,1,1,0.87179
204,21,1336.66,279.13,55.66,94.37,1,1,0.81242
204,1,1277.22,231.34,42.77,81.75,1,1,0.84716
204,46,1322.15,209.82,38.9,79.88,1,1,0.72451
205,4,1532.29,267.66,48.52,91.11,1,1,0.80232
205,8,321.89,352.99,45.97,96.27,1,1,0.91292
205,2,846.02,582.77,61.87,108.92,1,1,0.91695
205,12,1413.33,256.44,46.64,62.66,1,1,0.75234
205,36,542.19,578.23,54.36,122.37,1,1,0.89015
205,23,296.35,503.11,71.43,120.29,1,1,0.93622
205,41,547.05,505.96,52.07,93.89,1,1,0.87346
205,35,1296.34,283.92,43.95,93.03,1,1,0.87091
205,31,677.73,453.56,62.75,118.74,1,1,0.86049
205,39,593.51,430.3,48.61,116.27,1,1,0.91118
205,44,630.81,439.73,58.87,113.94,1,1,0.77755
205,29,732.18,364.88,45.93,105.53,1,1,0.868
205,21,1345.13,280.53,53.41,94.0,1,1,0.72027
205,1,1273.96,229.85,44.81,84.24,1,1,0.83757
205,46,1321.24,207.91,39.7,82.96,1,1,0.77134
206,4,1529.24,267.59,49.22,91.1,1,1,0.76031
206,8,320.77,352.75,49.54,97.05,1,1,0.91349
206,2,856.46,582.12,53.48,109.85,1,1,0.91835
206,12,1411.23,255.5,43.31,63.37,1,1,0.68816
206,36,547.78,575.99,53.83,125.72,1,1,0.8427
206,23,297.5,504.03,75.86,119.52,1,1,0.93657
206,41,559.03,505.7,45.47,91.61,1,1,0.85472
206,35,1298.27,284.12,48.77,93.21,1,1,0.88792
206,31,691.12,455.56,53.02,117.06,1,1,0.8754
206,39,597.89,429.03,47.06,117.48,1,1,0.91776
206,44,642.97,440.93,52.97,114.37,1,1,0.83952
206,29,738.87,363.66,49.12,103.22,1,1,0.85709
206,21,1355.76,280.04,48.27,94.93,1,1,0.7071
206,1,1271.62,228.68,47.43,85.42,1,1,0.78946
206,46,1322.08,206.95,39.63,82.42,1,1,0.71222
207,4,1524.98,267.75,49.47,91.36,1,1,0.77598
207,8,318.29,352.53,53.62,97.99,1,1,0.91844
207,2,865.9,580.38,44.52,113.06,1,1,0.92459
207,36,548.18,574.79,57.82,126.36,1,1,0.8886
207,23,298.34,505.19,76.63,118.46,1,1,0.93741
207,41,566.82,505.49,44.06,89.16,1,1,0.8742
207,35,1298.65,282.89,54.56,94.59,1,1,0.89395
207,31,695.83,454.44,49.5,119.2,1,1,0.88438
207,39,600.17,428.36,46.89,112.37,1,1,0.91619
207,44,652.14,443.38,46.87,112.99,1,1,0.81558
207,29,744.95,362.87,50.58,100.96,1,1,0.84953
207,1,1268.62,228.75,50.43,86.63,1,1,0.8324
207,46,1322.1,206.54,39.36,81.5,1,1,0.761
208,4,1521.3,268.22,49.08,91.45,1,1,0.74577
208,8,316.35,352.74,57.95,99.26,1,1,0.91405
208,2,871.8,577.62,39.98,115.68,1,1,0.92845
208,36,548.67,574.58,61.49,125.39,1,1,0.86591
208,23,302.31,506.75,72.91,116.63,1,1,0.9319
208,41,572.38,504.04,45.14,88.35,1,1,0.87723
208,35,1299.65,281.86,58.22,93.72,1,1,0.90111
208,31,700.22,453.84,47.73,120.25,1,1,0.90628
208,39,603.19,428.42,47.61,107.8,1,1,0.90974
208,44,662.17,445.08,40.43,110.76,1,1,0.86335
208,29,750.5,362.96,51.49,100.23,1,1,0.74711
208,1,1265.73,227.7,51.46,87.53,1,1,0.79217
208,46,1319.8,208.1,41.75,82.32,1,1,0.80054
208,21,1365.96,275.65,48.49,99.23,1,1,0.78918
209,4,1516.51,267.73,49.26,94.7,1,1,0.74226
209,8,314.97,353.21,62.77,99.42,1,1,0.90358
209,2,874.97,575.05,40.31,117.42,1,1,0.92969
209,36,548.45,572.24,67.29,126.94,1,1,0.89068
209,23,308.18,507.59,67.23,116.26,1,1,0.93028
209,41,577.87,503.67,46.62,98.99,1,1,0.74603
209,35,1302.69,282.12,61.84,93.1,1,1,0.88157
209,31,703.58,453.21,48.58,121.58,1,1,0.91357
209,39,606.98,428.81,46.78,106.68,1,1,0.90852
209,44,663.99,444.81,42.44,110.98,1,1,0.86812
209,29,755.04,365.81,50.92,98.89,1,1,0.78355
209,1,1264.22,229.28,49.67,85.6,1,1,0.75438
209,46,1318.41,209.35,43.91,84.43,1,1,0.81561
209,21,1368.85,273.08,52.05,100.84,1,1,0.72093
209,32,1541.81,265.58,53.58,90.82,1,1,0.65071
210,4,1512.56,267.33,47.2,95.17,1,1,0.80184
210,8,319.63,353.73,60.89,98.87,1,1,0.88765
210,2,877.25,572.03,41.2,118.7,1,1,0.93178
210,36,549.21,573.43,69.65,123.87,1,1,0.88891
210,23,316.76,507.59,59.92,116.3,1,1,0.9295
210,41,583.17,502.79,51.38,107.28,1,1,0.87811
210,35,1306.81,282.65,62.02,92.75,1,1,0.88377
210,31,705.43,452.31,51.53,122.21,1,1,0.92254
210,39,611.56,429.28,43.26,106.55,1,1,0.89955
210,44,667.0,444.3,42.69,112.04,1,1,0.88588
210,46,1316.91,208.44,46.42,87.21,1,1,0.82064
210,21,1370.1,274.58,57.67,98.11,1,1,0.6574
210,32,1540.98,266.59,52.19,89.88,1,1,0.70968
