video_name,frame,actor_track_id,xml_track_id,position,team_side,action,xtl,ytl,xbr,ybr,w,h,source
BootPass_96,0,0,0,Position_Unknown,Team_Unknown,Action_PreSnap,286.45,469.16,502.5,774.16,216.05,304.99999999999994,xml_geometry_csv_action
BootPass_96,0,1,1,Position_Unknown,Team_Unknown,Action_PreSnap,1415.22,512.52,1594.76,766.69,179.53999999999996,254.17000000000007,xml_geometry_csv_action
BootPass_96,0,10,10,Position_Unknown,Team_Unknown,Action_PreSnap,1222.58,498.37,1386.68,707.75,164.10000000000014,209.38,xml_geometry_csv_action
BootPass_96,0,11,11,Position_Unknown,Team_Unknown,Action_PreSnap,842.96,495.93,1041.94,744.3,198.98000000000002,248.36999999999995,xml_geometry_csv_action
BootPass_96,0,2,2,Position_Unknown,Team_Unknown,Action_PreSnap,1562.72,571.13,1710.28,845.65,147.55999999999995,274.52,xml_geometry_csv_action
BootPass_96,0,3,3,Position_Unknown,Team_Unknown,Action_PreSnap,1127.11,512.87,1341.06,771.8,213.95000000000005,258.92999999999995,xml_geometry_csv_action
BootPass_96,0,4,4,Position_Unknown,Team_Unknown,Action_PreSnap,533.47,614.74,713.53,948.87,180.05999999999995,334.13,xml_geometry_csv_action
BootPass_96,0,5,5,Position_Unknown,Team_Unknown,Action_PreSnap,1451.32,140.2,1585.96,449.37,134.6400000000001,309.17,xml_geometry_csv_action
BootPass_96,0,6,6,Position_Unknown,Team_Unknown,Action_PreSnap,903.49,520.78,1076.64,902.3,173.1500000000001,381.52,xml_geometry_csv_action
BootPass_96,0,7,7,Position_Unknown,Team_Unknown,Action_PreSnap,1673.82,502.99,1853.42,791.31,179.60000000000014,288.31999999999994,xml_geometry_csv_action
BootPass_96,0,8,8,Position_Unknown,Team_Unknown,Action_PreSnap,35.2,452.68,246.77,684.41,211.57,231.72999999999996,xml_geometry_csv_action
BootPass_96,0,9,9,Position_Unknown,Team_Unknown,Action_PreSnap,618.57,511.22,787.37,761.55,168.79999999999995,250.32999999999993,xml_geometry_csv_action
BootPass_96,1,0,0,Position_Unknown,Team_Unknown,Action_PreSnap,288.13,470.03,503.17,772.33,215.04000000000002,302.30000000000007,xml_geometry_csv_action
BootPass_96,1,1,1,Position_Unknown,Team_Unknown,Action_PreSnap,1411.11,511.93,1590.13,765.01,179.0200000000002,253.07999999999998,xml_geometry_csv_action
BootPass_96,1,10,10,Position_Unknown,Team_Unknown,Action_PreSnap,1219.87,498.26,1383.79,705.02,163.92000000000007,206.76,xml_geometry_csv_action
BootPass_96,1,11,11,Position_Unknown,Team_Unknown,Action_PreSnap,842.18,496.05,1031.07,742.52,188.89,246.46999999999997,xml_geometry_csv_action
BootPass_96,1,2,2,Position_Unknown,Team_Unknown,Action_PreSnap,1558.45,570.81,1704.86,844.38,146.40999999999985,273.57000000000005,xml_geometry_csv_action
BootPass_96,1,3,3,Position_Unknown,Team_Unknown,Action_PreSnap,1124.56,513.27,1335.45,769.57,210.8900000000001,256.30000000000007,xml_geometry_csv_action
BootPass_96,1,4,4,Position_Unknown,Team_Unknown,Action_PreSnap,532.77,612.71,712.79,945.81,180.01999999999998,333.0999999999999,xml_geometry_csv_action
BootPass_96,1,5,5,Position_Unknown,Team_Unknown,Action_PreSnap,1447.75,140.33,1581.58,447.44,133.82999999999993,307.11,xml_geometry_csv_action
BootPass_96,1,6,6,Position_Unknown,Team_Unknown,Action_PreSnap,902.66,526.09,1075.06,900.07,172.39999999999998,373.98,xml_geometry_csv_action
BootPass_96,1,7,7,Position_Unknown,Team_Unknown,Action_PreSnap,1668.19,503.34,1847.74,789.81,179.54999999999995,286.46999999999997,xml_geometry_csv_action
BootPass_96,1,8,8,Position_Unknown,Team_Unknown,Action_PreSnap,36.27,452.3,249.95,683.05,213.67999999999998,230.74999999999994,xml_geometry_csv_action
BootPass_96,1,9,9,Position_Unknown,Team_Unknown,Action_PreSnap,618.3,511.23,786.94,760.6,168.6400000000001,249.37,xml_geometry_csv_action
BootPass_96,2,0,0,Position_Unknown,Team_Unknown,Action_PreSnap,288.54,472.1,503.46,771.67,214.91999999999996,299.56999999999994,xml_geometry_csv_action
BootPass_96,2,1,1,Position_Unknown,Team_Unknown,Action_PreSnap,1404.02,512.73,1582.57,764.15,178.54999999999995,251.41999999999996,xml_geometry_csv_action
BootPass_96,2,10,10,Position_Unknown,Team_Unknown,Action_PreSnap,1221.62,500.33,1377.5,706.44,155.8800000000001,206.11000000000007,xml_geometry_csv_action
BootPass_96,2,11,11,Position_Unknown,Team_Unknown,Action_PreSnap,836.8,497.37,1005.37,742.48,168.57000000000005,245.11,xml_geometry_csv_action
BootPass_96,2,2,2,Position_Unknown,Team_Unknown,Action_PreSnap,1550.42,570.97,1694.86,843.75,144.43999999999983,272.78,xml_geometry_csv_action
BootPass_96,2,3,3,Position_Unknown,Team_Unknown,Action_PreSnap,1120.46,510.31,1332.91,769.74,212.45000000000005,259.43,xml_geometry_csv_action
BootPass_96,2,4,4,Position_Unknown,Team_Unknown,Action_PreSnap,532.49,614.02,711.18,943.03,178.68999999999994,329.01,xml_geometry_csv_action
BootPass_96,2,5,5,Position_Unknown,Team_Unknown,Action_PreSnap,1443.02,143.12,1574.99,447.93,131.97000000000003,304.81,xml_geometry_csv_action
BootPass_96,2,6,6,Position_Unknown,Team_Unknown,Action_PreSnap,900.06,522.61,1070.51,898.5,170.45000000000005,375.89,xml_geometry_csv_action
BootPass_96,2,7,7,Position_Unknown,Team_Unknown,Action_PreSnap,1659.69,505.59,1839.29,789.05,179.5999999999999,283.46,xml_geometry_csv_action
BootPass_96,2,8,8,Position_Unknown,Team_Unknown,Action_PreSnap,41.22,453.54,250.95,682.76,209.73,229.21999999999997,xml_geometry_csv_action
BootPass_96,2,9,9,Position_Unknown,Team_Unknown,Action_PreSnap,615.63,511.54,785.1,760.41,169.47000000000003,248.86999999999995,xml_geometry_csv_action
BootPass_96,3,0,0,Position_Unknown,Team_Unknown,Action_PreSnap,291.9,474.92,503.8,768.94,211.90000000000003,294.02000000000004,xml_geometry_csv_action
BootPass_96,3,1,1,Position_Unknown,Team_Unknown,Action_PreSnap,1398.31,512.6,1575.4,761.53,177.09000000000015,248.92999999999995,xml_geometry_csv_action
BootPass_96,3,10,10,Position_Unknown,Team_Unknown,Action_PreSnap,1226.87,502.19,1371.34,704.91,144.47000000000003,202.71999999999997,xml_geometry_csv_action
BootPass_96,3,2,2,Position_Unknown,Team_Unknown,Action_PreSnap,1540.72,570.42,1686.8,841.07,146.07999999999993,270.6500000000001,xml_geometry_csv_action
BootPass_96,3,3,3,Position_Unknown,Team_Unknown,Action_PreSnap,1116.82,508.84,1328.34,767.25,211.51999999999998,258.41,xml_geometry_csv_action
BootPass_96,3,4,4,Position_Unknown,Team_Unknown,Action_PreSnap,532.9,613.37,710.56,939.19,177.65999999999997,325.82000000000005,xml_geometry_csv_action
BootPass_96,3,5,5,Position_Unknown,Team_Unknown,Action_PreSnap,1436.53,146.6,1567.8,448.06,131.26999999999998,301.46000000000004,xml_geometry_csv_action
BootPass_96,3,6,6,Position_Unknown,Team_Unknown,Action_PreSnap,896.34,521.1,1067.4,895.32,171.06000000000006,374.22,xml_geometry_csv_action
BootPass_96,3,7,7,Position_Unknown,Team_Unknown,Action_PreSnap,1651.44,505.33,1827.78,786.13,176.33999999999992,280.8,xml_geometry_csv_action
BootPass_96,3,8,8,Position_Unknown,Team_Unknown,Action_PreSnap,43.59,453.3,254.28,680.36,210.69,227.06,xml_geometry_csv_action
BootPass_96,3,9,9,Position_Unknown,Team_Unknown,Action_PreSnap,614.71,511.16,781.69,758.47,166.98000000000002,247.31,xml_geometry_csv_action
BootPass_96,4,0,0,Position_Unknown,Team_Unknown,Action_PreSnap,296.59,477.62,505.53,766.49,208.94,288.87,xml_geometry_csv_action
BootPass_96,4,1,1,Position_Unknown,Team_Unknown,Action_PreSnap,1394.98,512.84,1567.9,759.38,172.92000000000007,246.53999999999996,xml_geometry_csv_action
BootPass_96,4,10,10,Position_Unknown,Team_Unknown,Action_PreSnap,1233.1,503.57,1365.85,702.25,132.75,198.68,xml_geometry_csv_action
BootPass_96,4,2,2,Position_Unknown,Team_Unknown,Action_PreSnap,1532.83,570.48,1679.64,838.89,146.81000000000017,268.40999999999997,xml_geometry_csv_action
BootPass_96,4,3,3,Position_Unknown,Team_Unknown,Action_PreSnap,1115.05,507.37,1323.49,763.61,208.44000000000005,256.24,xml_geometry_csv_action
BootPass_96,4,4,4,Position_Unknown,Team_Unknown,Action_PreSnap,534.5,612.72,710.59,934.72,176.09000000000003,322.0,xml_geometry_csv_action
BootPass_96,4,5,5,Position_Unknown,Team_Unknown,Action_PreSnap,1430.37,150.41,1561.98,449.02,131.61000000000013,298.61,xml_geometry_csv_action
BootPass_96,4,6,6,Position_Unknown,Team_Unknown,Action_PreSnap,895.01,513.76,1065.17,892.95,170.16000000000008,379.19000000000005,xml_geometry_csv_action
BootPass_96,4,7,7,Position_Unknown,Team_Unknown,Action_PreSnap,1644.16,506.19,1813.45,784.89,169.28999999999996,278.7,xml_geometry_csv_action
BootPass_96,4,8,8,Position_Unknown,Team_Unknown,Action_PreSnap,49.84,455.12,259.19,679.53,209.35,224.40999999999997,xml_geometry_csv_action
BootPass_96,4,9,9,Position_Unknown,Team_Unknown,Action_PreSnap,616.54,511.49,782.19,757.1,165.6500000000001,245.61,xml_geometry_csv_action
BootPass_96,5,0,0,Position_Unknown,Team_Unknown,Action_PreSnap,300.71,479.75,505.55,764.14,204.84000000000003,284.39,xml_geometry_csv_action
BootPass_96,5,1,1,Position_Unknown,Team_Unknown,Action_PreSnap,1387.92,513.35,1558.43,757.98,170.51,244.63,xml_geometry_csv_action
BootPass_96,5,10,10,Position_Unknown,Team_Unknown,Action_PreSnap,1222.49,503.95,1358.74,699.99,136.25,196.04000000000002,xml_geometry_csv_action
BootPass_96,5,11,11,Position_Unknown,Team_Unknown,Action_PreSnap,861.44,313.85,1052.77,732.81,191.32999999999993,418.9599999999999,xml_geometry_csv_action
BootPass_96,5,2,2,Position_Unknown,Team_Unknown,Action_PreSnap,1525.9,570.57,1671.66,836.92,145.76,266.3499999999999,xml_geometry_csv_action
BootPass_96,5,3,3,Position_Unknown,Team_Unknown,Action_PreSnap,1111.43,508.46,1315.33,760.82,203.89999999999986,252.36000000000007,xml_geometry_csv_action
BootPass_96,5,4,4,Position_Unknown,Team_Unknown,Action_PreSnap,535.04,612.12,710.39,932.17,175.35000000000002,320.04999999999995,xml_geometry_csv_action
BootPass_96,5,5,5,Position_Unknown,Team_Unknown,Action_PreSnap,1423.36,154.97,1555.34,449.67,131.98000000000002,294.70000000000005,xml_geometry_csv_action
BootPass_96,5,6,6,Position_Unknown,Team_Unknown,Action_PreSnap,891.38,512.72,1060.91,891.74,169.5300000000001,379.02,xml_geometry_csv_action
BootPass_96,5,7,7,Position_Unknown,Team_Unknown,Action_PreSnap,1632.93,508.09,1805.49,782.14,172.55999999999995,274.05,xml_geometry_csv_action
BootPass_96,5,8,8,Position_Unknown,Team_Unknown,Action_PreSnap,51.74,456.11,263.14,678.55,211.39999999999998,222.43999999999994,xml_geometry_csv_action
BootPass_96,5,9,9,Position_Unknown,Team_Unknown,Action_PreSnap,617.09,512.57,780.2,755.93,163.11,243.3599999999999,xml_geometry_csv_action
BootPass_96,6,0,0,Position_Unknown,Team_Unknown,Action_PreSnap,302.79,480.89,505.52,762.25,202.72999999999996,281.36,xml_geometry_csv_action
BootPass_96,6,1,1,Position_Unknown,Team_Unknown,Action_PreSnap,1380.01,513.45,1549.36,756.41,169.3499999999999,242.95999999999992,xml_geometry_csv_action
BootPass_96,6,10,10,Position_Unknown,Team_Unknown,Action_PreSnap,1210.41,504.1,1351.64,697.43,141.23000000000002,193.32999999999993,xml_geometry_csv_action
BootPass_96,6,11,11,Position_Unknown,Team_Unknown,Action_PreSnap,873.96,290.66,1051.33,643.3,177.3699999999999,352.63999999999993,xml_geometry_csv_action
BootPass_96,6,12,12,Position_Unknown,Team_Unknown,Action_PreSnap,686.54,492.64,823.59,672.03,137.05000000000007,179.39,xml_geometry_csv_action
BootPass_96,6,2,2,Position_Unknown,Team_Unknown,Action_PreSnap,1515.69,570.04,1660.15,834.2,144.46000000000004,264.1600000000001,xml_geometry_csv_action
BootPass_96,6,3,3,Position_Unknown,Team_Unknown,Action_PreSnap,1106.83,510.0,1305.63,758.75,198.80000000000018,248.75,xml_geometry_csv_action
BootPass_96,6,4,4,Position_Unknown,Team_Unknown,Action_PreSnap,534.46,611.27,709.27,929.24,174.80999999999995,317.97,xml_geometry_csv_action
BootPass_96,6,5,5,Position_Unknown,Team_Unknown,Action_PreSnap,1415.44,158.44,1548.99,448.74,133.54999999999995,290.3,xml_geometry_csv_action
BootPass_96,6,6,6,Position_Unknown,Team_Unknown,Action_PreSnap,885.53,511.96,1058.05,889.02,172.51999999999998,377.06,xml_geometry_csv_action
BootPass_96,6,7,7,Position_Unknown,Team_Unknown,Action_PreSnap,1624.1,507.23,1796.45,781.03,172.35000000000014,273.79999999999995,xml_geometry_csv_action
BootPass_96,6,8,8,Position_Unknown,Team_Unknown,Action_PreSnap,51.63,456.97,265.11,677.78,213.48000000000002,220.80999999999995,xml_geometry_csv_action
BootPass_96,6,9,9,Position_Unknown,Team_Unknown,Action_PreSnap,616.71,512.55,778.3,754.33,161.58999999999992,241.7800000000001,xml_geometry_csv_action
BootPass_96,7,0,0,Position_Unknown,Team_Unknown,Action_PreSnap,308.46,484.09,507.8,761.95,199.34000000000003,277.86000000000007,xml_geometry_csv_action
BootPass_96,7,1,1,Position_Unknown,Team_Unknown,Action_PreSnap,1374.95,515.36,1541.54,756.2,166.58999999999992,240.84000000000003,xml_geometry_csv_action
BootPass_96,7,10,10,Position_Unknown,Team_Unknown,Action_PreSnap,1210.48,506.05,1346.96,698.37,136.48000000000002,192.32,xml_geometry_csv_action
BootPass_96,7,11,11,Position_Unknown,Team_Unknown,Action_PreSnap,875.61,288.43,1054.58,696.89,178.9699999999999,408.46,xml_geometry_csv_action
BootPass_96,7,2,2,Position_Unknown,Team_Unknown,Action_PreSnap,1510.26,571.32,1650.81,833.05,140.54999999999995,261.7299999999999,xml_geometry_csv_action
BootPass_96,7,3,3,Position_Unknown,Team_Unknown,Action_PreSnap,1104.11,513.34,1300.14,759.1,196.0300000000002,245.76,xml_geometry_csv_action
BootPass_96,7,4,4,Position_Unknown,Team_Unknown,Action_PreSnap,537.32,612.56,710.06,927.67,172.7399999999999,315.11,xml_geometry_csv_action
BootPass_96,7,5,5,Position_Unknown,Team_Unknown,Action_PreSnap,1409.16,164.26,1542.47,451.92,133.30999999999995,287.66,xml_geometry_csv_action
BootPass_96,7,6,6,Position_Unknown,Team_Unknown,Action_PreSnap,883.86,512.94,1055.3,888.26,171.43999999999994,375.31999999999994,xml_geometry_csv_action
BootPass_96,7,7,7,Position_Unknown,Team_Unknown,Action_PreSnap,1616.42,509.05,1789.91,781.66,173.49,272.60999999999996,xml_geometry_csv_action
BootPass_96,7,8,8,Position_Unknown,Team_Unknown,Action_PreSnap,56.11,460.57,267.94,678.45,211.82999999999998,217.88000000000005,xml_geometry_csv_action
BootPass_96,7,9,9,Position_Unknown,Team_Unknown,Action_PreSnap,618.42,515.13,778.83,754.71,160.41000000000008,239.58000000000004,xml_geometry_csv_action
BootPass_96,8,0,0,Position_Unknown,Team_Unknown,Action_PreSnap,312.84,485.13,508.95,758.93,196.11,273.79999999999995,xml_geometry_csv_action
BootPass_96,8,1,1,Position_Unknown,Team_Unknown,Action_PreSnap,1369.0,515.21,1533.76,752.35,164.76,237.14,xml_geometry_csv_action
BootPass_96,8,10,10,Position_Unknown,Team_Unknown,Action_PreSnap,1207.23,506.08,1340.4,696.05,133.17000000000007,189.96999999999997,xml_geometry_csv_action
BootPass_96,8,11,11,Position_Unknown,Team_Unknown,Action_PreSnap,886.88,288.32,1049.77,623.5,162.89,335.18,xml_geometry_csv_action
BootPass_96,8,2,2,Position_Unknown,Team_Unknown,Action_PreSnap,1503.31,570.16,1642.26,829.46,138.95000000000005,259.30000000000007,xml_geometry_csv_action
BootPass_96,8,3,3,Position_Unknown,Team_Unknown,Action_PreSnap,1100.21,515.72,1292.84,756.61,192.62999999999988,240.89,xml_geometry_csv_action
BootPass_96,8,4,4,Position_Unknown,Team_Unknown,Action_PreSnap,539.31,611.51,709.63,922.67,170.32000000000005,311.15999999999997,xml_geometry_csv_action
BootPass_96,8,5,5,Position_Unknown,Team_Unknown,Action_PreSnap,1402.45,167.74,1534.44,452.07,131.99,284.33,xml_geometry_csv_action
BootPass_96,8,6,6,Position_Unknown,Team_Unknown,Action_PreSnap,882.07,510.52,1052.08,883.6,170.00999999999988,373.08000000000004,xml_geometry_csv_action
BootPass_96,8,7,7,Position_Unknown,Team_Unknown,Action_PreSnap,1608.26,508.7,1781.97,777.8,173.71000000000004,269.09999999999997,xml_geometry_csv_action
BootPass_96,8,8,8,Position_Unknown,Team_Unknown,Action_PreSnap,64.04,460.67,270.59,677.2,206.54999999999995,216.53000000000003,xml_geometry_csv_action
BootPass_96,8,9,9,Position_Unknown,Team_Unknown,Action_PreSnap,619.98,516.78,778.22,752.06,158.24,235.27999999999997,xml_geometry_csv_action
BootPass_96,9,0,0,Position_Unknown,Team_Unknown,Action_PreSnap,313.46,485.27,506.36,755.75,192.90000000000003,270.48,xml_geometry_csv_action
BootPass_96,9,1,1,Position_Unknown,Team_Unknown,Action_PreSnap,1359.01,514.35,1524.03,748.47,165.01999999999998,234.12,xml_geometry_csv_action
BootPass_96,9,10,10,Position_Unknown,Team_Unknown,Action_PreSnap,1200.5,506.02,1329.82,693.07,129.31999999999994,187.05000000000007,xml_geometry_csv_action
BootPass_96,9,11,11,Position_Unknown,Team_Unknown,Action_PreSnap,890.69,294.32,1041.03,587.08,150.33999999999992,292.76000000000005,xml_geometry_csv_action
BootPass_96,9,2,2,Position_Unknown,Team_Unknown,Action_PreSnap,1491.08,568.9,1630.56,824.98,139.48000000000002,256.08000000000004,xml_geometry_csv_action
BootPass_96,9,3,3,Position_Unknown,Team_Unknown,Action_PreSnap,1091.51,514.22,1280.93,753.36,189.42000000000007,239.14,xml_geometry_csv_action
BootPass_96,9,4,4,Position_Unknown,Team_Unknown,Action_PreSnap,537.36,609.77,706.11,917.93,168.75,308.15999999999997,xml_geometry_csv_action
BootPass_96,9,5,5,Position_Unknown,Team_Unknown,Action_PreSnap,1393.97,170.08,1524.45,451.57,130.48000000000002,281.49,xml_geometry_csv_action
BootPass_96,9,6,6,Position_Unknown,Team_Unknown,Action_PreSnap,877.68,510.23,1043.86,878.39,166.17999999999995,368.15999999999997,xml_geometry_csv_action
BootPass_96,9,7,7,Position_Unknown,Team_Unknown,Action_PreSnap,1597.4,509.14,1769.52,774.47,172.1199999999999,265.33000000000004,xml_geometry_csv_action
BootPass_96,9,8,8,Position_Unknown,Team_Unknown,Action_PreSnap,66.99,461.01,269.38,675.49,202.39,214.48000000000002,xml_geometry_csv_action
BootPass_96,9,9,9,Position_Unknown,Team_Unknown,Action_PreSnap,618.61,516.03,773.78,748.8,155.16999999999996,232.76999999999998,xml_geometry_csv_action
BootPass_96,10,0,0,Position_Unknown,Team_Unknown,Action_PreSnap,312.21,485.7,505.22,754.15,193.01000000000005,268.45,xml_geometry_csv_action
BootPass_96,10,1,1,Position_Unknown,Team_Unknown,Action_PreSnap,1347.5,514.0,1512.56,747.52,165.05999999999995,233.51999999999998,xml_geometry_csv_action
BootPass_96,10,10,10,Position_Unknown,Team_Unknown,Action_PreSnap,1188.75,505.81,1320.93,692.17,132.18000000000006,186.35999999999996,xml_geometry_csv_action
BootPass_96,10,11,11,Position_Unknown,Team_Unknown,Action_PreSnap,892.96,303.78,1034.33,576.18,141.3699999999999,272.4,xml_geometry_csv_action
BootPass_96,10,12,12,Position_Unknown,Team_Unknown,Action_PreSnap,665.14,493.45,781.48,728.87,116.34000000000003,235.42000000000002,xml_geometry_csv_action
BootPass_96,10,2,2,Position_Unknown,Team_Unknown,Action_PreSnap,1479.65,568.44,1617.78,822.89,138.12999999999988,254.44999999999993,xml_geometry_csv_action
BootPass_96,10,3,3,Position_Unknown,Team_Unknown,Action_PreSnap,1079.93,514.22,1271.67,751.67,191.74,237.44999999999993,xml_geometry_csv_action
BootPass_96,10,4,4,Position_Unknown,Team_Unknown,Action_PreSnap,534.26,609.29,703.1,914.73,168.84000000000003,305.44000000000005,xml_geometry_csv_action
BootPass_96,10,5,5,Position_Unknown,Team_Unknown,Action_PreSnap,1383.99,173.04,1515.16,452.41,131.17000000000007,279.37,xml_geometry_csv_action
BootPass_96,10,6,6,Position_Unknown,Team_Unknown,Action_PreSnap,874.9,511.82,1037.15,875.26,162.2500000000001,363.44,xml_geometry_csv_action
BootPass_96,10,7,7,Position_Unknown,Team_Unknown,Action_PreSnap,1584.23,509.6,1756.63,771.56,172.4000000000001,261.9599999999999,xml_geometry_csv_action
BootPass_96,10,8,8,Position_Unknown,Team_Unknown,Action_PreSnap,68.8,462.43,271.06,674.6,202.26,212.17000000000002,xml_geometry_csv_action
BootPass_96,10,9,9,Position_Unknown,Team_Unknown,Action_PreSnap,614.84,515.57,767.76,747.31,152.91999999999996,231.7399999999999,xml_geometry_csv_action
BootPass_96,11,0,0,Position_Unknown,Team_Unknown,Action_PreSnap,313.23,485.54,504.27,751.1,191.03999999999996,265.56,xml_geometry_csv_action
BootPass_96,11,1,1,Position_Unknown,Team_Unknown,Action_PreSnap,1339.8,513.85,1502.66,744.7,162.86000000000013,230.85000000000002,xml_geometry_csv_action
BootPass_96,11,10,10,Position_Unknown,Team_Unknown,Action_PreSnap,1181.56,505.6,1310.0,687.69,128.44000000000005,182.09000000000003,xml_geometry_csv_action
BootPass_96,11,11,11,Position_Unknown,Team_Unknown,Action_PreSnap,893.42,307.56,1026.48,573.56,133.06000000000006,265.99999999999994,xml_geometry_csv_action
BootPass_96,11,14,13,Position_Unknown,Team_Unknown,Action_PreSnap,1879.72,327.29,1917.98,664.66,38.25999999999999,337.36999999999995,xml_geometry_csv_action
BootPass_96,11,2,2,Position_Unknown,Team_Unknown,Action_PreSnap,1468.33,567.37,1606.78,819.32,138.45000000000005,251.95000000000005,xml_geometry_csv_action
BootPass_96,11,3,3,Position_Unknown,Team_Unknown,Action_PreSnap,1072.74,513.08,1265.19,748.5,192.45000000000005,235.41999999999996,xml_geometry_csv_action
BootPass_96,11,4,4,Position_Unknown,Team_Unknown,Action_PreSnap,532.63,608.09,699.86,910.06,167.23000000000002,301.9699999999999,xml_geometry_csv_action
BootPass_96,11,5,5,Position_Unknown,Team_Unknown,Action_PreSnap,1376.02,176.87,1506.31,452.55,130.28999999999996,275.68,xml_geometry_csv_action
BootPass_96,11,6,6,Position_Unknown,Team_Unknown,Action_PreSnap,870.86,513.24,1027.66,871.26,156.80000000000007,358.02,xml_geometry_csv_action
BootPass_96,11,7,7,Position_Unknown,Team_Unknown,Action_PreSnap,1574.14,511.27,1742.05,768.74,167.90999999999985,257.47,xml_geometry_csv_action
BootPass_96,11,8,8,Position_Unknown,Team_Unknown,Action_PreSnap,71.14,464.34,269.86,672.64,198.72000000000003,208.3,xml_geometry_csv_action
BootPass_96,11,9,9,Position_Unknown,Team_Unknown,Action_PreSnap,612.6,515.71,764.16,744.79,151.55999999999995,229.07999999999993,xml_geometry_csv_action
BootPass_96,12,0,0,Position_Unknown,Team_Unknown,Action_PreSnap,313.65,486.77,504.32,750.18,190.67000000000002,263.40999999999997,xml_geometry_csv_action
BootPass_96,12,1,1,Position_Unknown,Team_Unknown,Action_PreSnap,1331.0,514.33,1492.01,744.6,161.01,230.26999999999998,xml_geometry_csv_action
BootPass_96,12,10,10,Position_Unknown,Team_Unknown,Action_PreSnap,1174.03,506.01,1303.08,687.62,129.04999999999995,181.61,xml_geometry_csv_action
BootPass_96,12,14,13,Position_Unknown,Team_Unknown,Action_PreSnap,1868.44,351.2,1917.39,662.09,48.950000000000045,310.89000000000004,xml_geometry_csv_action
BootPass_96,12,2,2,Position_Unknown,Team_Unknown,Action_PreSnap,1461.39,567.33,1596.59,818.17,135.19999999999982,250.83999999999992,xml_geometry_csv_action
BootPass_96,12,3,3,Position_Unknown,Team_Unknown,Action_PreSnap,1066.38,513.1,1260.45,747.76,194.06999999999994,234.65999999999997,xml_geometry_csv_action
BootPass_96,12,4,4,Position_Unknown,Team_Unknown,Action_PreSnap,531.68,607.96,698.08,907.84,166.4000000000001,299.88,xml_geometry_csv_action
BootPass_96,12,5,5,Position_Unknown,Team_Unknown,Action_PreSnap,1367.97,180.54,1499.21,452.92,131.24,272.38,xml_geometry_csv_action
BootPass_96,12,6,6,Position_Unknown,Team_Unknown,Action_PreSnap,864.94,510.69,1021.81,869.67,156.8699999999999,358.97999999999996,xml_geometry_csv_action
BootPass_96,12,7,7,Position_Unknown,Team_Unknown,Action_PreSnap,1562.59,509.98,1731.94,767.22,169.35000000000014,257.24,xml_geometry_csv_action
BootPass_96,12,8,8,Position_Unknown,Team_Unknown,Action_PreSnap,74.42,466.31,273.12,672.36,198.7,206.05,xml_geometry_csv_action
BootPass_96,12,9,9,Position_Unknown,Team_Unknown,Action_PreSnap,611.25,516.36,761.15,743.45,149.89999999999998,227.09000000000003,xml_geometry_csv_action
BootPass_96,13,0,0,Position_Unknown,Team_Unknown,Action_PreSnap,315.1,487.68,504.35,749.75,189.25,262.07,xml_geometry_csv_action
BootPass_96,13,1,1,Position_Unknown,Team_Unknown,Action_PreSnap,1325.25,515.78,1485.32,744.32,160.06999999999994,228.54000000000008,xml_geometry_csv_action
BootPass_96,13,10,10,Position_Unknown,Team_Unknown,Action_PreSnap,1166.99,506.64,1299.13,688.57,132.1400000000001,181.93000000000006,xml_geometry_csv_action
BootPass_96,13,11,11,Position_Unknown,Team_Unknown,Action_PreSnap,890.0,326.31,1021.88,577.98,131.88,251.67000000000002,xml_geometry_csv_action
BootPass_96,13,14,13,Position_Unknown,Team_Unknown,Action_PreSnap,1860.03,360.92,1918.01,659.65,57.98000000000002,298.72999999999996,xml_geometry_csv_action
BootPass_96,13,2,2,Position_Unknown,Team_Unknown,Action_PreSnap,1457.12,567.68,1589.59,816.32,132.47000000000003,248.6400000000001,xml_geometry_csv_action
BootPass_96,13,3,3,Position_Unknown,Team_Unknown,Action_PreSnap,1063.91,515.29,1254.6,747.59,190.68999999999983,232.30000000000007,xml_geometry_csv_action
BootPass_96,13,4,4,Position_Unknown,Team_Unknown,Action_PreSnap,531.21,608.17,697.37,905.84,166.15999999999997,297.6700000000001,xml_geometry_csv_action
BootPass_96,13,5,5,Position_Unknown,Team_Unknown,Action_PreSnap,1364.68,183.51,1493.59,454.69,128.90999999999985,271.18,xml_geometry_csv_action
BootPass_96,13,6,6,Position_Unknown,Team_Unknown,Action_PreSnap,862.64,512.79,1018.01,867.88,155.37,355.09000000000003,xml_geometry_csv_action
BootPass_96,13,7,7,Position_Unknown,Team_Unknown,Action_PreSnap,1555.78,510.46,1722.85,766.69,167.06999999999994,256.2300000000001,xml_geometry_csv_action
BootPass_96,13,8,8,Position_Unknown,Team_Unknown,Action_PreSnap,77.58,468.6,276.68,672.6,199.10000000000002,204.0,xml_geometry_csv_action
BootPass_96,13,9,9,Position_Unknown,Team_Unknown,Action_PreSnap,610.99,517.06,760.04,742.79,149.04999999999995,225.73000000000002,xml_geometry_csv_action
BootPass_96,14,0,0,Position_Unknown,Team_Unknown,Action_PreSnap,313.23,487.39,500.98,749.52,187.75,262.13,xml_geometry_csv_action
BootPass_96,14,1,1,Position_Unknown,Team_Unknown,Action_PreSnap,1319.11,515.03,1479.04,742.03,159.93000000000006,227.0,xml_geometry_csv_action
BootPass_96,14,10,10,Position_Unknown,Team_Unknown,Action_PreSnap,1158.99,505.88,1293.23,686.44,134.24,180.56000000000006,xml_geometry_csv_action
BootPass_96,14,11,11,Position_Unknown,Team_Unknown,Action_PreSnap,884.08,332.09,1017.3,577.06,133.2199999999999,244.96999999999997,xml_geometry_csv_action
BootPass_96,14,14,13,Position_Unknown,Team_Unknown,Action_PreSnap,1849.51,356.84,1917.45,659.03,67.94000000000005,302.19,xml_geometry_csv_action
BootPass_96,14,2,2,Position_Unknown,Team_Unknown,Action_PreSnap,1449.6,566.25,1583.88,814.82,134.2800000000002,248.57000000000005,xml_geometry_csv_action
BootPass_96,14,3,3,Position_Unknown,Team_Unknown,Action_PreSnap,1061.01,513.86,1246.75,746.1,185.74,232.24,xml_geometry_csv_action
BootPass_96,14,4,4,Position_Unknown,Team_Unknown,Action_PreSnap,526.72,607.35,692.65,904.23,165.92999999999995,296.88,xml_geometry_csv_action
BootPass_96,14,5,5,Position_Unknown,Team_Unknown,Action_PreSnap,1359.29,184.06,1488.24,453.81,128.95000000000005,269.75,xml_geometry_csv_action
BootPass_96,14,6,6,Position_Unknown,Team_Unknown,Action_PreSnap,859.51,512.55,1014.42,866.34,154.90999999999997,353.7900000000001,xml_geometry_csv_action
BootPass_96,14,7,7,Position_Unknown,Team_Unknown,Action_PreSnap,1549.26,509.63,1712.93,765.6,163.67000000000007,255.97000000000003,xml_geometry_csv_action
BootPass_96,14,8,8,Position_Unknown,Team_Unknown,Action_PreSnap,73.89,468.33,272.6,671.45,198.71000000000004,203.12000000000006,xml_geometry_csv_action
BootPass_96,14,9,9,Position_Unknown,Team_Unknown,Action_PreSnap,607.37,517.19,755.32,741.57,147.95000000000005,224.38,xml_geometry_csv_action
BootPass_96,15,0,0,Position_Unknown,Team_Unknown,Action_PreSnap,308.4,488.13,493.95,749.93,185.55,261.79999999999995,xml_geometry_csv_action
BootPass_96,15,1,1,Position_Unknown,Team_Unknown,Action_PreSnap,1313.15,516.29,1472.46,741.88,159.30999999999995,225.59000000000003,xml_geometry_csv_action
BootPass_96,15,10,10,Position_Unknown,Team_Unknown,Action_PreSnap,1155.88,506.22,1287.16,686.94,131.27999999999997,180.72000000000003,xml_geometry_csv_action
BootPass_96,15,11,11,Position_Unknown,Team_Unknown,Action_PreSnap,877.67,340.43,1010.65,575.39,132.98000000000002,234.95999999999998,xml_geometry_csv_action
BootPass_96,15,14,13,Position_Unknown,Team_Unknown,Action_PreSnap,1841.65,354.72,1916.97,660.46,75.31999999999994,305.74,xml_geometry_csv_action
BootPass_96,15,2,2,Position_Unknown,Team_Unknown,Action_PreSnap,1442.31,567.54,1576.98,815.28,134.67000000000007,247.74,xml_geometry_csv_action
BootPass_96,15,3,3,Position_Unknown,Team_Unknown,Action_PreSnap,1057.11,514.74,1240.4,746.28,183.2900000000002,231.53999999999996,xml_geometry_csv_action
BootPass_96,15,4,4,Position_Unknown,Team_Unknown,Action_PreSnap,521.04,608.34,686.67,905.83,165.63,297.49,xml_geometry_csv_action
BootPass_96,15,5,5,Position_Unknown,Team_Unknown,Action_PreSnap,1353.98,185.3,1481.81,454.42,127.82999999999993,269.12,xml_geometry_csv_action
BootPass_96,15,6,6,Position_Unknown,Team_Unknown,Action_PreSnap,857.01,520.66,1007.87,867.24,150.86,346.58000000000004,xml_geometry_csv_action
BootPass_96,15,7,7,Position_Unknown,Team_Unknown,Action_PreSnap,1540.3,508.49,1707.95,766.15,167.6500000000001,257.65999999999997,xml_geometry_csv_action
BootPass_96,15,8,8,Position_Unknown,Team_Unknown,Action_PreSnap,69.33,470.09,268.87,671.72,199.54000000000002,201.63000000000005,xml_geometry_csv_action
BootPass_96,15,9,9,Position_Unknown,Team_Unknown,Action_PreSnap,601.73,518.44,751.1,742.92,149.37,224.4799999999999,xml_geometry_csv_action
BootPass_96,16,0,0,Position_Unknown,Team_Unknown,Action_PreSnap,304.96,488.08,490.73,749.79,185.77000000000004,261.71,xml_geometry_csv_action
BootPass_96,16,1,1,Position_Unknown,Team_Unknown,Action_PreSnap,1310.21,516.7,1468.82,742.66,158.6099999999999,225.95999999999992,xml_geometry_csv_action
BootPass_96,16,10,10,Position_Unknown,Team_Unknown,Action_PreSnap,1152.27,506.13,1283.4,687.62,131.1300000000001,181.49,xml_geometry_csv_action
BootPass_96,16,11,11,Position_Unknown,Team_Unknown,Action_PreSnap,874.02,344.25,1007.51,575.4,133.49,231.14999999999998,xml_geometry_csv_action
BootPass_96,16,14,13,Position_Unknown,Team_Unknown,Action_PreSnap,1837.38,354.86,1918.03,661.21,80.64999999999986,306.35,xml_geometry_csv_action
BootPass_96,16,2,2,Position_Unknown,Team_Unknown,Action_PreSnap,1439.26,568.41,1574.0,816.22,134.74,247.81000000000006,xml_geometry_csv_action
BootPass_96,16,3,3,Position_Unknown,Team_Unknown,Action_PreSnap,1055.58,516.0,1237.69,746.61,182.11000000000013,230.61,xml_geometry_csv_action
BootPass_96,16,4,4,Position_Unknown,Team_Unknown,Action_PreSnap,517.98,608.93,683.22,906.67,165.24,297.74,xml_geometry_csv_action
BootPass_96,16,5,5,Position_Unknown,Team_Unknown,Action_PreSnap,1351.25,185.82,1479.23,454.94,127.98000000000002,269.12,xml_geometry_csv_action
BootPass_96,16,6,6,Position_Unknown,Team_Unknown,Action_PreSnap,853.97,519.46,1006.27,867.76,152.29999999999995,348.29999999999995,xml_geometry_csv_action
BootPass_96,16,7,7,Position_Unknown,Team_Unknown,Action_PreSnap,1534.84,506.93,1705.41,766.83,170.57000000000016,259.90000000000003,xml_geometry_csv_action
BootPass_96,16,8,8,Position_Unknown,Team_Unknown,Action_PreSnap,67.22,470.97,266.06,672.35,198.84,201.38,xml_geometry_csv_action
BootPass_96,16,9,9,Position_Unknown,Team_Unknown,Action_PreSnap,598.57,519.62,747.86,743.68,149.28999999999996,224.05999999999995,xml_geometry_csv_action
BootPass_96,17,0,0,Position_Unknown,Team_Unknown,Action_PreSnap,302.58,486.62,487.8,747.99,185.22000000000003,261.37,xml_geometry_csv_action
BootPass_96,17,1,1,Position_Unknown,Team_Unknown,Action_PreSnap,1308.46,514.49,1465.5,740.1,157.03999999999996,225.61,xml_geometry_csv_action
BootPass_96,17,10,10,Position_Unknown,Team_Unknown,Action_PreSnap,1150.19,503.05,1281.08,685.65,130.88999999999987,182.59999999999997,xml_geometry_csv_action
BootPass_96,17,11,11,Position_Unknown,Team_Unknown,Action_PreSnap,873.24,344.06,1004.6,575.13,131.36,231.07,xml_geometry_csv_action
BootPass_96,17,14,13,Position_Unknown,Team_Unknown,Action_PreSnap,1834.19,353.52,1918.72,659.56,84.52999999999997,306.03999999999996,xml_geometry_csv_action
BootPass_96,17,2,2,Position_Unknown,Team_Unknown,Action_PreSnap,1437.44,565.93,1571.54,814.6,134.0999999999999,248.67000000000007,xml_geometry_csv_action
BootPass_96,17,3,3,Position_Unknown,Team_Unknown,Action_PreSnap,1053.3,513.71,1235.08,744.9,181.77999999999997,231.18999999999994,xml_geometry_csv_action
BootPass_96,17,4,4,Position_Unknown,Team_Unknown,Action_PreSnap,515.2,606.99,679.06,904.65,163.8599999999999,297.65999999999997,xml_geometry_csv_action
BootPass_96,17,5,5,Position_Unknown,Team_Unknown,Action_PreSnap,1350.55,183.88,1477.31,452.83,126.75999999999999,268.95,xml_geometry_csv_action
BootPass_96,17,6,6,Position_Unknown,Team_Unknown,Action_PreSnap,851.05,518.39,1005.02,865.88,153.97000000000003,347.49,xml_geometry_csv_action
BootPass_96,17,7,7,Position_Unknown,Team_Unknown,Action_PreSnap,1532.02,504.54,1702.05,764.48,170.02999999999997,259.94,xml_geometry_csv_action
BootPass_96,17,8,8,Position_Unknown,Team_Unknown,Action_PreSnap,64.28,469.39,260.01,671.41,195.73,202.01999999999998,xml_geometry_csv_action
BootPass_96,17,9,9,Position_Unknown,Team_Unknown,Action_PreSnap,596.63,518.3,745.46,740.89,148.83000000000004,222.59000000000003,xml_geometry_csv_action
BootPass_96,18,0,0,Position_Unknown,Team_Unknown,Action_PreSnap,302.86,487.34,487.28,748.71,184.41999999999996,261.37000000000006,xml_geometry_csv_action
BootPass_96,18,1,1,Position_Unknown,Team_Unknown,Action_PreSnap,1308.69,514.78,1465.71,740.99,157.01999999999998,226.21000000000004,xml_geometry_csv_action
BootPass_96,18,10,10,Position_Unknown,Team_Unknown,Action_PreSnap,1148.19,502.67,1281.38,687.12,133.19000000000005,184.45,xml_geometry_csv_action
BootPass_96,18,11,11,Position_Unknown,Team_Unknown,Action_PreSnap,873.41,344.9,1004.8,576.1,131.39,231.20000000000005,xml_geometry_csv_action
BootPass_96,18,14,13,Position_Unknown,Team_Unknown,Action_PreSnap,1833.64,354.25,1920.0,660.62,86.3599999999999,306.37,xml_geometry_csv_action
BootPass_96,18,2,2,Position_Unknown,Team_Unknown,Action_PreSnap,1438.09,566.73,1571.9,815.41,133.81000000000017,248.67999999999995,xml_geometry_csv_action
BootPass_96,18,3,3,Position_Unknown,Team_Unknown,Action_PreSnap,1053.96,513.44,1235.98,745.94,182.01999999999998,232.5,xml_geometry_csv_action
BootPass_96,18,4,4,Position_Unknown,Team_Unknown,Action_PreSnap,516.1,607.93,678.95,905.37,162.85000000000002,297.44000000000005,xml_geometry_csv_action
BootPass_96,18,5,5,Position_Unknown,Team_Unknown,Action_PreSnap,1351.7,183.93,1478.23,452.91,126.52999999999997,268.98,xml_geometry_csv_action
BootPass_96,18,6,6,Position_Unknown,Team_Unknown,Action_PreSnap,850.52,519.83,1005.43,866.54,154.90999999999997,346.7099999999999,xml_geometry_csv_action
BootPass_96,18,7,7,Position_Unknown,Team_Unknown,Action_PreSnap,1532.12,504.87,1702.54,765.66,170.42000000000007,260.78999999999996,xml_geometry_csv_action
BootPass_96,18,8,8,Position_Unknown,Team_Unknown,Action_PreSnap,63.56,471.27,259.04,671.98,195.48000000000002,200.71000000000004,xml_geometry_csv_action
BootPass_96,18,9,9,Position_Unknown,Team_Unknown,Action_PreSnap,596.72,520.22,745.5,741.45,148.77999999999997,221.23000000000002,xml_geometry_csv_action
BootPass_96,19,0,0,Position_Unknown,Team_Unknown,Action_PreSnap,303.48,488.79,487.36,750.4,183.88,261.60999999999996,xml_geometry_csv_action
BootPass_96,19,1,1,Position_Unknown,Team_Unknown,Action_PreSnap,1309.9,516.47,1466.65,742.22,156.75,225.75,xml_geometry_csv_action
BootPass_96,19,10,10,Position_Unknown,Team_Unknown,Action_PreSnap,1144.78,502.81,1282.01,689.24,137.23000000000002,186.43,xml_geometry_csv_action
BootPass_96,19,11,11,Position_Unknown,Team_Unknown,Action_PreSnap,873.07,348.23,1004.85,577.33,131.77999999999997,229.10000000000002,xml_geometry_csv_action
BootPass_96,19,14,13,Position_Unknown,Team_Unknown,Action_PreSnap,1834.37,356.05,1920.0,662.51,85.63000000000011,306.46,xml_geometry_csv_action
BootPass_96,19,2,2,Position_Unknown,Team_Unknown,Action_PreSnap,1438.79,569.05,1571.78,816.79,132.99,247.74,xml_geometry_csv_action
BootPass_96,19,3,3,Position_Unknown,Team_Unknown,Action_PreSnap,1055.23,515.97,1236.62,747.43,181.38999999999987,231.45999999999992,xml_geometry_csv_action
BootPass_96,19,4,4,Position_Unknown,Team_Unknown,Action_PreSnap,516.76,609.76,679.38,906.81,162.62,297.04999999999995,xml_geometry_csv_action
BootPass_96,19,5,5,Position_Unknown,Team_Unknown,Action_PreSnap,1355.53,185.78,1479.53,454.21,124.0,268.42999999999995,xml_geometry_csv_action
BootPass_96,19,6,6,Position_Unknown,Team_Unknown,Action_PreSnap,851.01,521.7,1005.96,868.25,154.95000000000005,346.54999999999995,xml_geometry_csv_action
BootPass_96,19,7,7,Position_Unknown,Team_Unknown,Action_PreSnap,1533.3,507.57,1703.06,766.52,169.76,258.95,xml_geometry_csv_action
BootPass_96,19,8,8,Position_Unknown,Team_Unknown,Action_PreSnap,63.92,473.36,259.13,673.17,195.20999999999998,199.80999999999995,xml_geometry_csv_action
BootPass_96,19,9,9,Position_Unknown,Team_Unknown,Action_PreSnap,597.71,523.06,745.68,743.04,147.9699999999999,219.98000000000002,xml_geometry_csv_action
BootPass_96,20,0,0,Position_Unknown,Team_Unknown,Action_PreSnap,301.09,487.67,484.56,749.67,183.47000000000003,261.99999999999994,xml_geometry_csv_action
BootPass_96,20,1,1,Position_Unknown,Team_Unknown,Action_PreSnap,1308.02,515.29,1464.28,741.32,156.26,226.0300000000001,xml_geometry_csv_action
BootPass_96,20,10,10,Position_Unknown,Team_Unknown,Action_PreSnap,1141.28,500.12,1280.83,688.8,139.54999999999995,188.67999999999995,xml_geometry_csv_action
BootPass_96,20,11,11,Position_Unknown,Team_Unknown,Action_PreSnap,869.09,349.33,1002.68,576.82,133.58999999999992,227.49000000000007,xml_geometry_csv_action
BootPass_96,20,14,13,Position_Unknown,Team_Unknown,Action_PreSnap,1831.99,356.02,1919.75,661.59,87.75999999999999,305.57000000000005,xml_geometry_csv_action
BootPass_96,20,2,2,Position_Unknown,Team_Unknown,Action_PreSnap,1436.92,568.39,1569.64,815.95,132.72000000000003,247.56000000000006,xml_geometry_csv_action
BootPass_96,20,3,3,Position_Unknown,Team_Unknown,Action_PreSnap,1052.71,516.03,1234.23,746.43,181.51999999999998,230.39999999999998,xml_geometry_csv_action
BootPass_96,20,4,4,Position_Unknown,Team_Unknown,Action_PreSnap,514.41,608.94,676.7,905.39,162.29000000000008,296.44999999999993,xml_geometry_csv_action
BootPass_96,20,5,5,Position_Unknown,Team_Unknown,Action_PreSnap,1355.5,184.49,1478.97,452.76,123.47000000000003,268.27,xml_geometry_csv_action
BootPass_96,20,6,6,Position_Unknown,Team_Unknown,Action_PreSnap,846.09,520.67,1002.92,867.22,156.82999999999993,346.55000000000007,xml_geometry_csv_action
BootPass_96,20,7,7,Position_Unknown,Team_Unknown,Action_PreSnap,1532.39,507.22,1700.96,765.47,168.56999999999994,258.25,xml_geometry_csv_action
BootPass_96,20,8,8,Position_Unknown,Team_Unknown,Action_PreSnap,61.34,471.44,256.75,672.39,195.41,200.95,xml_geometry_csv_action
BootPass_96,20,9,9,Position_Unknown,Team_Unknown,Action_PreSnap,595.65,522.4,743.39,741.84,147.74,219.44000000000005,xml_geometry_csv_action
BootPass_96,21,0,0,Position_Unknown,Team_Unknown,Action_PreSnap,301.13,486.72,483.72,748.29,182.59000000000003,261.56999999999994,xml_geometry_csv_action
BootPass_96,21,1,1,Position_Unknown,Team_Unknown,Action_PreSnap,1307.91,514.14,1463.97,740.22,156.05999999999995,226.08000000000004,xml_geometry_csv_action
BootPass_96,21,10,10,Position_Unknown,Team_Unknown,Action_PreSnap,1138.71,497.6,1280.38,687.23,141.67000000000007,189.63,xml_geometry_csv_action
BootPass_96,21,11,11,Position_Unknown,Team_Unknown,Action_PreSnap,868.44,350.73,1002.13,576.42,133.68999999999994,225.68999999999994,xml_geometry_csv_action
BootPass_96,21,14,13,Position_Unknown,Team_Unknown,Action_PreSnap,1831.85,355.86,1920.0,660.28,88.15000000000009,304.41999999999996,xml_geometry_csv_action
BootPass_96,21,2,2,Position_Unknown,Team_Unknown,Action_PreSnap,1436.96,566.94,1569.8,814.89,132.83999999999992,247.94999999999993,xml_geometry_csv_action
BootPass_96,21,3,3,Position_Unknown,Team_Unknown,Action_PreSnap,1051.91,515.95,1233.61,745.32,181.69999999999982,229.37,xml_geometry_csv_action
BootPass_96,21,4,4,Position_Unknown,Team_Unknown,Action_PreSnap,514.09,607.82,675.88,904.09,161.78999999999996,296.27,xml_geometry_csv_action
BootPass_96,21,5,5,Position_Unknown,Team_Unknown,Action_PreSnap,1357.11,182.87,1479.34,451.1,122.23000000000002,268.23,xml_geometry_csv_action
BootPass_96,21,6,6,Position_Unknown,Team_Unknown,Action_PreSnap,846.83,518.66,1001.98,866.55,155.14999999999998,347.89,xml_geometry_csv_action
BootPass_96,21,7,7,Position_Unknown,Team_Unknown,Action_PreSnap,1532.84,506.5,1700.9,764.6,168.06000000000017,258.1,xml_geometry_csv_action
BootPass_96,21,8,8,Position_Unknown,Team_Unknown,Action_PreSnap,61.11,470.46,256.52,671.4,195.40999999999997,200.94,xml_geometry_csv_action
BootPass_96,21,9,9,Position_Unknown,Team_Unknown,Action_PreSnap,595.42,522.43,743.41,740.86,147.99,218.43000000000006,xml_geometry_csv_action
BootPass_96,22,0,0,Position_Unknown,Team_Unknown,Action_PreSnap,301.0,486.64,483.44,748.42,182.44,261.78,xml_geometry_csv_action
BootPass_96,22,1,1,Position_Unknown,Team_Unknown,Action_PreSnap,1307.97,513.93,1463.99,740.32,156.01999999999998,226.3900000000001,xml_geometry_csv_action
BootPass_96,22,10,10,Position_Unknown,Team_Unknown,Action_PreSnap,1138.6,497.05,1279.47,686.77,140.87000000000012,189.71999999999997,xml_geometry_csv_action
BootPass_96,22,11,11,Position_Unknown,Team_Unknown,Action_PreSnap,868.61,351.22,1001.25,576.5,132.64,225.27999999999997,xml_geometry_csv_action
BootPass_96,22,14,13,Position_Unknown,Team_Unknown,Action_PreSnap,1831.59,356.44,1920.0,660.46,88.41000000000008,304.02000000000004,xml_geometry_csv_action
BootPass_96,22,2,2,Position_Unknown,Team_Unknown,Action_PreSnap,1437.0,566.7,1569.97,815.02,132.97000000000003,248.31999999999994,xml_geometry_csv_action
BootPass_96,22,3,3,Position_Unknown,Team_Unknown,Action_PreSnap,1051.58,515.36,1233.38,745.34,181.80000000000018,229.98000000000002,xml_geometry_csv_action
BootPass_96,22,4,4,Position_Unknown,Team_Unknown,Action_PreSnap,513.87,607.75,675.52,904.22,161.64999999999998,296.47,xml_geometry_csv_action
BootPass_96,22,5,5,Position_Unknown,Team_Unknown,Action_PreSnap,1359.14,182.37,1480.75,450.46,121.6099999999999,268.09,xml_geometry_csv_action
BootPass_96,22,6,6,Position_Unknown,Team_Unknown,Action_PreSnap,847.21,518.73,1001.76,866.8,154.54999999999995,348.06999999999994,xml_geometry_csv_action
BootPass_96,22,7,7,Position_Unknown,Team_Unknown,Action_PreSnap,1533.26,506.41,1701.1,764.68,167.83999999999992,258.2699999999999,xml_geometry_csv_action
BootPass_96,22,8,8,Position_Unknown,Team_Unknown,Action_PreSnap,60.75,470.1,256.77,671.41,196.01999999999998,201.30999999999995,xml_geometry_csv_action
BootPass_96,22,9,9,Position_Unknown,Team_Unknown,Action_PreSnap,595.86,522.84,743.6,740.98,147.74,218.14,xml_geometry_csv_action
BootPass_96,23,0,0,Position_Unknown,Team_Unknown,Action_PreSnap,300.26,488.47,483.16,750.54,182.90000000000003,262.06999999999994,xml_geometry_csv_action
BootPass_96,23,1,1,Position_Unknown,Team_Unknown,Action_PreSnap,1307.63,516.18,1463.16,742.35,155.52999999999997,226.17000000000007,xml_geometry_csv_action
BootPass_96,23,10,10,Position_Unknown,Team_Unknown,Action_PreSnap,1139.06,499.19,1277.94,687.76,138.8800000000001,188.57,xml_geometry_csv_action
BootPass_96,23,11,11,Position_Unknown,Team_Unknown,Action_PreSnap,869.23,352.19,1000.42,579.96,131.18999999999994,227.77000000000004,xml_geometry_csv_action
BootPass_96,23,14,13,Position_Unknown,Team_Unknown,Action_PreSnap,1831.08,360.41,1919.86,662.59,88.77999999999997,302.18,xml_geometry_csv_action
BootPass_96,23,2,2,Position_Unknown,Team_Unknown,Action_PreSnap,1436.48,569.01,1568.2,816.42,131.72000000000003,247.40999999999997,xml_geometry_csv_action
BootPass_96,23,3,3,Position_Unknown,Team_Unknown,Action_PreSnap,1051.71,517.48,1233.08,747.33,181.3699999999999,229.85000000000002,xml_geometry_csv_action
BootPass_96,23,4,4,Position_Unknown,Team_Unknown,Action_PreSnap,512.75,610.0,674.65,906.4,161.89999999999998,296.4,xml_geometry_csv_action
BootPass_96,23,5,5,Position_Unknown,Team_Unknown,Action_PreSnap,1360.61,183.64,1480.32,452.03,119.71000000000004,268.39,xml_geometry_csv_action
BootPass_96,23,6,6,Position_Unknown,Team_Unknown,Action_PreSnap,845.83,521.68,1001.0,868.65,155.16999999999996,346.97,xml_geometry_csv_action
BootPass_96,23,7,7,Position_Unknown,Team_Unknown,Action_PreSnap,1532.5,507.87,1700.95,766.74,168.45000000000005,258.87,xml_geometry_csv_action
BootPass_96,23,8,8,Position_Unknown,Team_Unknown,Action_PreSnap,59.9,471.8,255.78,673.05,195.88,201.24999999999994,xml_geometry_csv_action
BootPass_96,23,9,9,Position_Unknown,Team_Unknown,Action_PreSnap,595.9,524.31,743.05,743.45,147.14999999999998,219.1400000000001,xml_geometry_csv_action
BootPass_96,24,0,0,Position_Unknown,Team_Unknown,Action_PreSnap,299.83,489.75,483.64,752.39,183.81,262.64,xml_geometry_csv_action
BootPass_96,24,1,1,Position_Unknown,Team_Unknown,Action_PreSnap,1307.25,517.78,1463.39,743.8,156.1400000000001,226.01999999999998,xml_geometry_csv_action
BootPass_96,24,10,10,Position_Unknown,Team_Unknown,Action_PreSnap,1142.47,501.34,1277.84,687.49,135.3699999999999,186.15000000000003,xml_geometry_csv_action
BootPass_96,24,11,11,Position_Unknown,Team_Unknown,Action_PreSnap,868.08,352.18,999.79,583.26,131.70999999999992,231.07999999999998,xml_geometry_csv_action
BootPass_96,24,14,13,Position_Unknown,Team_Unknown,Action_PreSnap,1831.28,363.49,1920.0,663.69,88.72000000000003,300.20000000000005,xml_geometry_csv_action
BootPass_96,24,2,2,Position_Unknown,Team_Unknown,Action_PreSnap,1436.46,570.29,1567.71,817.67,131.25,247.38,xml_geometry_csv_action
BootPass_96,24,3,3,Position_Unknown,Team_Unknown,Action_PreSnap,1052.04,517.46,1234.96,749.17,182.92000000000007,231.70999999999992,xml_geometry_csv_action
BootPass_96,24,4,4,Position_Unknown,Team_Unknown,Action_PreSnap,512.77,611.26,674.73,907.61,161.96000000000004,296.35,xml_geometry_csv_action
BootPass_96,24,5,5,Position_Unknown,Team_Unknown,Action_PreSnap,1361.77,184.59,1481.04,453.7,119.26999999999998,269.11,xml_geometry_csv_action
BootPass_96,24,6,6,Position_Unknown,Team_Unknown,Action_PreSnap,845.79,522.61,1000.97,869.73,155.18000000000006,347.12,xml_geometry_csv_action
BootPass_96,24,7,7,Position_Unknown,Team_Unknown,Action_PreSnap,1532.67,508.89,1701.86,769.44,169.18999999999983,260.55000000000007,xml_geometry_csv_action
BootPass_96,24,8,8,Position_Unknown,Team_Unknown,Action_PreSnap,58.62,472.8,255.44,673.32,196.82,200.52000000000004,xml_geometry_csv_action
BootPass_96,24,9,9,Position_Unknown,Team_Unknown,Action_PreSnap,596.8,526.21,742.88,744.93,146.08000000000004,218.7199999999999,xml_geometry_csv_action
BootPass_96,25,0,0,Position_Unknown,Team_Unknown,Action_PreSnap,297.49,488.03,481.21,749.42,183.71999999999997,261.39,xml_geometry_csv_action
BootPass_96,25,1,1,Position_Unknown,Team_Unknown,Action_PreSnap,1305.38,516.27,1461.64,741.82,156.26,225.55000000000007,xml_geometry_csv_action
BootPass_96,25,10,10,Position_Unknown,Team_Unknown,Action_PreSnap,1146.99,501.25,1274.47,685.95,127.48000000000002,184.70000000000005,xml_geometry_csv_action
BootPass_96,25,14,13,Position_Unknown,Team_Unknown,Action_PreSnap,1831.07,362.22,1919.11,660.32,88.03999999999996,298.1,xml_geometry_csv_action
BootPass_96,25,2,2,Position_Unknown,Team_Unknown,Action_PreSnap,1434.65,568.14,1564.7,815.29,130.04999999999995,247.14999999999998,xml_geometry_csv_action
BootPass_96,25,3,3,Position_Unknown,Team_Unknown,Action_PreSnap,1048.71,511.33,1234.32,746.52,185.6099999999999,235.19,xml_geometry_csv_action
BootPass_96,25,4,4,Position_Unknown,Team_Unknown,Action_PreSnap,510.35,609.8,671.85,904.98,161.5,295.18000000000006,xml_geometry_csv_action
BootPass_96,25,5,5,Position_Unknown,Team_Unknown,Action_PreSnap,1362.1,181.88,1478.19,452.19,116.09000000000015,270.31,xml_geometry_csv_action
BootPass_96,25,6,6,Position_Unknown,Team_Unknown,Action_PreSnap,842.21,519.89,997.34,867.21,155.13,347.32000000000005,xml_geometry_csv_action
BootPass_96,25,7,7,Position_Unknown,Team_Unknown,Action_PreSnap,1530.42,508.54,1699.41,765.92,168.99,257.37999999999994,xml_geometry_csv_action
BootPass_96,25,8,8,Position_Unknown,Team_Unknown,Action_PreSnap,56.49,469.44,248.57,669.52,192.07999999999998,200.07999999999998,xml_geometry_csv_action
BootPass_96,25,9,9,Position_Unknown,Team_Unknown,Action_PreSnap,594.92,524.63,739.69,742.05,144.7700000000001,217.41999999999996,xml_geometry_csv_action
BootPass_96,26,0,0,Position_Unknown,Team_Unknown,Action_PreSnap,294.05,486.29,479.08,747.48,185.02999999999997,261.19,xml_geometry_csv_action
BootPass_96,26,1,1,Position_Unknown,Team_Unknown,Action_PreSnap,1303.16,514.43,1459.13,739.86,155.97000000000003,225.43000000000006,xml_geometry_csv_action
BootPass_96,26,10,10,Position_Unknown,Team_Unknown,Action_PreSnap,1146.46,501.01,1270.61,685.25,124.14999999999986,184.24,xml_geometry_csv_action
BootPass_96,26,11,11,Position_Unknown,Team_Unknown,Action_PreSnap,857.39,356.33,996.15,578.73,138.76,222.40000000000003,xml_geometry_csv_action
BootPass_96,26,14,13,Position_Unknown,Team_Unknown,Action_PreSnap,1828.89,360.4,1918.6,657.75,89.70999999999981,297.35,xml_geometry_csv_action
BootPass_96,26,2,2,Position_Unknown,Team_Unknown,Action_PreSnap,1431.99,566.17,1562.14,813.54,130.1500000000001,247.37,xml_geometry_csv_action
BootPass_96,26,3,3,Position_Unknown,Team_Unknown,Action_PreSnap,1045.04,508.87,1231.99,744.03,186.95000000000005,235.15999999999997,xml_geometry_csv_action
BootPass_96,26,4,4,Position_Unknown,Team_Unknown,Action_PreSnap,507.76,608.08,668.83,903.42,161.07000000000005,295.3399999999999,xml_geometry_csv_action
BootPass_96,26,5,5,Position_Unknown,Team_Unknown,Action_PreSnap,1359.72,180.11,1475.51,451.15,115.78999999999996,271.03999999999996,xml_geometry_csv_action
BootPass_96,26,6,6,Position_Unknown,Team_Unknown,Action_PreSnap,836.91,519.92,995.24,865.52,158.33000000000004,345.6,xml_geometry_csv_action
BootPass_96,26,7,7,Position_Unknown,Team_Unknown,Action_PreSnap,1528.06,508.39,1697.41,764.46,169.35000000000014,256.07000000000005,xml_geometry_csv_action
BootPass_96,26,8,8,Position_Unknown,Team_Unknown,Action_PreSnap,53.55,466.64,243.53,666.13,189.98000000000002,199.49,xml_geometry_csv_action
BootPass_96,26,9,9,Position_Unknown,Team_Unknown,Action_PreSnap,591.24,523.2,736.5,739.76,145.26,216.55999999999995,xml_geometry_csv_action
BootPass_96,27,0,0,Position_Unknown,Team_Unknown,Action_PreSnap,295.25,486.67,479.43,748.09,184.18,261.42,xml_geometry_csv_action
BootPass_96,27,1,1,Position_Unknown,Team_Unknown,Action_PreSnap,1304.09,515.1,1460.56,740.33,156.47000000000003,225.23000000000002,xml_geometry_csv_action
BootPass_96,27,10,10,Position_Unknown,Team_Unknown,Action_PreSnap,1147.0,502.53,1270.39,684.74,123.3900000000001,182.21000000000004,xml_geometry_csv_action
BootPass_96,27,14,13,Position_Unknown,Team_Unknown,Action_PreSnap,1830.18,361.17,1919.83,658.34,89.64999999999986,297.17,xml_geometry_csv_action
BootPass_96,27,2,2,Position_Unknown,Team_Unknown,Action_PreSnap,1433.08,566.26,1563.29,814.16,130.21000000000004,247.89999999999998,xml_geometry_csv_action
BootPass_96,27,3,3,Position_Unknown,Team_Unknown,Action_PreSnap,1046.02,509.13,1234.83,744.59,188.80999999999995,235.46000000000004,xml_geometry_csv_action
BootPass_96,27,4,4,Position_Unknown,Team_Unknown,Action_PreSnap,508.68,608.5,670.15,903.91,161.46999999999997,295.40999999999997,xml_geometry_csv_action
BootPass_96,27,5,5,Position_Unknown,Team_Unknown,Action_PreSnap,1360.98,180.39,1476.16,451.6,115.18000000000006,271.21000000000004,xml_geometry_csv_action
BootPass_96,27,6,6,Position_Unknown,Team_Unknown,Action_PreSnap,837.81,517.65,995.27,866.64,157.46000000000004,348.99,xml_geometry_csv_action
BootPass_96,27,7,7,Position_Unknown,Team_Unknown,Action_PreSnap,1528.54,509.0,1698.28,765.76,169.74,256.76,xml_geometry_csv_action
BootPass_96,27,8,8,Position_Unknown,Team_Unknown,Action_PreSnap,55.01,466.27,243.94,666.32,188.93,200.05000000000007,xml_geometry_csv_action
BootPass_96,27,9,9,Position_Unknown,Team_Unknown,Action_PreSnap,592.53,523.9,737.67,740.03,145.14,216.13,xml_geometry_csv_action
BootPass_96,28,0,0,Position_Unknown,Team_Unknown,Action_PreSnap,294.86,487.76,478.89,749.32,184.02999999999997,261.56000000000006,xml_geometry_csv_action
BootPass_96,28,1,1,Position_Unknown,Team_Unknown,Action_PreSnap,1304.12,516.81,1460.47,741.87,156.35000000000014,225.06000000000006,xml_geometry_csv_action
BootPass_96,28,10,10,Position_Unknown,Team_Unknown,Action_PreSnap,1148.9,504.17,1269.72,685.11,120.81999999999994,180.94,xml_geometry_csv_action
BootPass_96,28,11,11,Position_Unknown,Team_Unknown,Action_PreSnap,855.06,360.45,996.62,579.31,141.56000000000006,218.85999999999996,xml_geometry_csv_action
BootPass_96,28,14,13,Position_Unknown,Team_Unknown,Action_PreSnap,1830.14,363.42,1919.81,659.59,89.66999999999985,296.17,xml_geometry_csv_action
BootPass_96,28,2,2,Position_Unknown,Team_Unknown,Action_PreSnap,1432.87,567.59,1563.19,815.34,130.32000000000016,247.75,xml_geometry_csv_action
BootPass_96,28,3,3,Position_Unknown,Team_Unknown,Action_PreSnap,1045.73,510.25,1235.0,745.9,189.26999999999998,235.64999999999998,xml_geometry_csv_action
BootPass_96,28,4,4,Position_Unknown,Team_Unknown,Action_PreSnap,508.8,609.94,670.17,905.26,161.36999999999995,295.31999999999994,xml_geometry_csv_action
BootPass_96,28,5,5,Position_Unknown,Team_Unknown,Action_PreSnap,1361.34,182.07,1475.13,453.24,113.79000000000019,271.17,xml_geometry_csv_action
BootPass_96,28,6,6,Position_Unknown,Team_Unknown,Action_PreSnap,838.78,523.46,995.35,867.82,156.57000000000005,344.36,xml_geometry_csv_action
BootPass_96,28,7,7,Position_Unknown,Team_Unknown,Action_PreSnap,1528.84,511.59,1697.62,766.07,168.77999999999997,254.48000000000008,xml_geometry_csv_action
BootPass_96,28,8,8,Position_Unknown,Team_Unknown,Action_PreSnap,55.11,465.75,243.97,667.92,188.86,202.16999999999996,xml_geometry_csv_action
BootPass_96,28,9,9,Position_Unknown,Team_Unknown,Action_PreSnap,592.47,524.66,737.55,741.46,145.07999999999993,216.80000000000007,xml_geometry_csv_action
BootPass_96,29,0,0,Position_Unknown,Team_Unknown,Action_PreSnap,294.73,488.01,478.21,748.67,183.47999999999996,260.65999999999997,xml_geometry_csv_action
BootPass_96,29,1,1,Position_Unknown,Team_Unknown,Action_PreSnap,1304.45,517.16,1459.97,742.05,155.51999999999998,224.89,xml_geometry_csv_action
BootPass_96,29,10,10,Position_Unknown,Team_Unknown,Action_PreSnap,1151.24,504.3,1269.68,686.0,118.44000000000005,181.7,xml_geometry_csv_action
BootPass_96,29,11,11,Position_Unknown,Team_Unknown,Action_PreSnap,854.04,360.62,996.16,579.22,142.12,218.60000000000002,xml_geometry_csv_action
BootPass_96,29,14,13,Position_Unknown,Team_Unknown,Action_PreSnap,1830.12,363.85,1919.57,659.21,89.45000000000005,295.36,xml_geometry_csv_action
BootPass_96,29,2,2,Position_Unknown,Team_Unknown,Action_PreSnap,1432.57,567.79,1562.52,815.06,129.95000000000005,247.26999999999998,xml_geometry_csv_action
BootPass_96,29,3,3,Position_Unknown,Team_Unknown,Action_PreSnap,1045.31,510.68,1232.79,745.57,187.48000000000002,234.89000000000004,xml_geometry_csv_action
BootPass_96,29,4,4,Position_Unknown,Team_Unknown,Action_PreSnap,508.54,610.07,669.36,905.01,160.82,294.93999999999994,xml_geometry_csv_action
BootPass_96,29,5,5,Position_Unknown,Team_Unknown,Action_PreSnap,1360.94,182.46,1474.13,453.06,113.19000000000005,270.6,xml_geometry_csv_action
BootPass_96,29,6,6,Position_Unknown,Team_Unknown,Action_PreSnap,838.27,526.11,994.71,867.3,156.44000000000005,341.18999999999994,xml_geometry_csv_action
BootPass_96,29,7,7,Position_Unknown,Team_Unknown,Action_PreSnap,1528.89,512.41,1697.07,765.12,168.17999999999984,252.71000000000004,xml_geometry_csv_action
BootPass_96,29,8,8,Position_Unknown,Team_Unknown,Action_PreSnap,54.65,464.71,243.14,667.87,188.48999999999998,203.16000000000003,xml_geometry_csv_action
BootPass_96,29,9,9,Position_Unknown,Team_Unknown,Action_PreSnap,591.67,524.5,737.17,741.22,145.5,216.72000000000003,xml_geometry_csv_action
BootPass_96,30,0,0,Position_Unknown,Team_Unknown,Action_PreSnap,293.79,485.82,478.26,747.1,184.46999999999997,261.28000000000003,xml_geometry_csv_action
BootPass_96,30,1,1,Position_Unknown,Team_Unknown,Action_PreSnap,1304.21,515.08,1458.78,739.64,154.56999999999994,224.55999999999995,xml_geometry_csv_action
BootPass_96,30,10,10,Position_Unknown,Team_Unknown,Action_PreSnap,1152.7,502.34,1269.58,685.01,116.87999999999988,182.67000000000002,xml_geometry_csv_action
BootPass_96,30,11,11,Position_Unknown,Team_Unknown,Action_PreSnap,852.11,364.78,995.68,575.98,143.56999999999994,211.20000000000005,xml_geometry_csv_action
BootPass_96,30,14,13,Position_Unknown,Team_Unknown,Action_PreSnap,1829.99,362.67,1919.42,657.07,89.43000000000006,294.40000000000003,xml_geometry_csv_action
BootPass_96,30,2,2,Position_Unknown,Team_Unknown,Action_PreSnap,1431.78,565.87,1561.82,813.29,130.03999999999996,247.41999999999996,xml_geometry_csv_action
BootPass_96,30,3,3,Position_Unknown,Team_Unknown,Action_PreSnap,1044.86,509.12,1232.23,743.59,187.37000000000012,234.47000000000003,xml_geometry_csv_action
BootPass_96,30,4,4,Position_Unknown,Team_Unknown,Action_PreSnap,507.23,608.26,668.49,903.19,161.26,294.93000000000006,xml_geometry_csv_action
BootPass_96,30,5,5,Position_Unknown,Team_Unknown,Action_PreSnap,1359.56,180.88,1473.34,451.34,113.77999999999997,270.46,xml_geometry_csv_action
BootPass_96,30,6,6,Position_Unknown,Team_Unknown,Action_PreSnap,836.74,518.21,995.02,865.53,158.27999999999997,347.31999999999994,xml_geometry_csv_action
BootPass_96,30,7,7,Position_Unknown,Team_Unknown,Action_PreSnap,1527.96,508.81,1697.0,763.75,169.03999999999996,254.94,xml_geometry_csv_action
BootPass_96,30,8,8,Position_Unknown,Team_Unknown,Action_PreSnap,52.94,460.44,240.81,666.0,187.87,205.56,xml_geometry_csv_action
BootPass_96,30,9,9,Position_Unknown,Team_Unknown,Action_PreSnap,589.53,523.97,735.86,739.44,146.33000000000004,215.47000000000003,xml_geometry_csv_action
BootPass_96,31,0,0,Position_Unknown,Team_Unknown,Action_PreSnap,292.07,483.67,476.84,745.82,184.76999999999998,262.15000000000003,xml_geometry_csv_action
BootPass_96,31,1,1,Position_Unknown,Team_Unknown,Action_PreSnap,1303.11,513.06,1457.74,737.34,154.6300000000001,224.2800000000001,xml_geometry_csv_action
BootPass_96,31,11,11,Position_Unknown,Team_Unknown,Action_PreSnap,850.68,364.44,994.86,575.91,144.18000000000006,211.46999999999997,xml_geometry_csv_action
BootPass_96,31,14,13,Position_Unknown,Team_Unknown,Action_PreSnap,1829.34,360.34,1919.18,655.01,89.84000000000015,294.67,xml_geometry_csv_action
BootPass_96,31,2,2,Position_Unknown,Team_Unknown,Action_PreSnap,1430.1,563.75,1560.93,811.26,130.83000000000015,247.51,xml_geometry_csv_action
BootPass_96,31,3,3,Position_Unknown,Team_Unknown,Action_PreSnap,1043.09,508.17,1231.27,741.95,188.18000000000006,233.78000000000003,xml_geometry_csv_action
BootPass_96,31,4,4,Position_Unknown,Team_Unknown,Action_PreSnap,505.52,606.48,667.62,902.25,162.10000000000002,295.77,xml_geometry_csv_action
BootPass_96,31,5,5,Position_Unknown,Team_Unknown,Action_PreSnap,1357.96,179.46,1472.51,449.27,114.54999999999995,269.80999999999995,xml_geometry_csv_action
BootPass_96,31,6,6,Position_Unknown,Team_Unknown,Action_PreSnap,835.49,512.85,993.85,863.52,158.36,350.66999999999996,xml_geometry_csv_action
BootPass_96,31,7,7,Position_Unknown,Team_Unknown,Action_PreSnap,1526.35,507.43,1696.06,761.52,169.71000000000004,254.08999999999997,xml_geometry_csv_action
BootPass_96,31,8,8,Position_Unknown,Team_Unknown,Action_PreSnap,51.6,458.0,240.19,663.88,188.59,205.88,xml_geometry_csv_action
BootPass_96,31,9,9,Position_Unknown,Team_Unknown,Action_PreSnap,587.02,523.94,734.34,737.55,147.32000000000005,213.6099999999999,xml_geometry_csv_action
BootPass_96,32,0,0,Position_Unknown,Team_Unknown,Action_PreSnap,290.03,482.92,475.51,746.12,185.48000000000002,263.2,xml_geometry_csv_action
BootPass_96,32,1,1,Position_Unknown,Team_Unknown,Action_PreSnap,1301.43,512.48,1456.34,737.22,154.90999999999985,224.74,xml_geometry_csv_action
BootPass_96,32,11,11,Position_Unknown,Team_Unknown,Action_PreSnap,837.78,363.76,992.89,664.0,155.11,300.24,xml_geometry_csv_action
BootPass_96,32,14,13,Position_Unknown,Team_Unknown,Action_PreSnap,1827.22,360.11,1918.97,655.2,91.75,295.09000000000003,xml_geometry_csv_action
BootPass_96,32,2,2,Position_Unknown,Team_Unknown,Action_PreSnap,1427.94,563.51,1559.95,811.13,132.01,247.62,xml_geometry_csv_action
BootPass_96,32,3,3,Position_Unknown,Team_Unknown,Action_PreSnap,1041.39,507.06,1231.8,742.13,190.40999999999985,235.07,xml_geometry_csv_action
BootPass_96,32,4,4,Position_Unknown,Team_Unknown,Action_PreSnap,504.56,606.0,666.02,902.23,161.45999999999998,296.23,xml_geometry_csv_action
BootPass_96,32,5,5,Position_Unknown,Team_Unknown,Action_PreSnap,1355.92,179.13,1471.1,448.76,115.17999999999984,269.63,xml_geometry_csv_action
BootPass_96,32,6,6,Position_Unknown,Team_Unknown,Action_PreSnap,834.45,511.47,993.32,863.63,158.87,352.15999999999997,xml_geometry_csv_action
BootPass_96,32,7,7,Position_Unknown,Team_Unknown,Action_PreSnap,1525.07,505.92,1694.64,762.14,169.57000000000016,256.21999999999997,xml_geometry_csv_action
BootPass_96,32,8,8,Position_Unknown,Team_Unknown,Action_PreSnap,49.59,458.67,242.22,661.46,192.63,202.79000000000002,xml_geometry_csv_action
BootPass_96,32,9,9,Position_Unknown,Team_Unknown,Action_PreSnap,585.02,524.4,732.76,737.76,147.74,213.36,xml_geometry_csv_action
BootPass_96,33,0,0,Position_Unknown,Team_Unknown,Action_PreSnap,288.18,485.06,472.62,748.65,184.44,263.59,xml_geometry_csv_action
BootPass_96,33,1,1,Position_Unknown,Team_Unknown,Action_PreSnap,1298.97,514.33,1454.12,739.14,155.14999999999986,224.80999999999995,xml_geometry_csv_action
BootPass_96,33,11,11,Position_Unknown,Team_Unknown,Action_PreSnap,838.73,365.42,990.66,621.14,151.92999999999995,255.71999999999997,xml_geometry_csv_action
BootPass_96,33,14,13,Position_Unknown,Team_Unknown,Action_PreSnap,1825.88,362.4,1918.73,656.62,92.84999999999991,294.22,xml_geometry_csv_action
BootPass_96,33,2,2,Position_Unknown,Team_Unknown,Action_PreSnap,1425.56,565.35,1558.53,813.14,132.97000000000003,247.78999999999996,xml_geometry_csv_action
BootPass_96,33,3,3,Position_Unknown,Team_Unknown,Action_PreSnap,1038.73,508.95,1229.55,743.68,190.81999999999994,234.72999999999996,xml_geometry_csv_action
BootPass_96,33,4,4,Position_Unknown,Team_Unknown,Action_PreSnap,502.5,607.74,663.35,904.03,160.85000000000002,296.28999999999996,xml_geometry_csv_action
BootPass_96,33,5,5,Position_Unknown,Team_Unknown,Action_PreSnap,1354.03,180.31,1469.54,450.15,115.50999999999999,269.84,xml_geometry_csv_action
BootPass_96,33,6,6,Position_Unknown,Team_Unknown,Action_PreSnap,831.54,529.69,991.17,864.38,159.63,334.68999999999994,xml_geometry_csv_action
BootPass_96,33,7,7,Position_Unknown,Team_Unknown,Action_PreSnap,1523.39,506.82,1692.44,763.68,169.04999999999995,256.85999999999996,xml_geometry_csv_action
BootPass_96,33,8,8,Position_Unknown,Team_Unknown,Action_PreSnap,48.08,462.62,251.1,663.97,203.01999999999998,201.35000000000002,xml_geometry_csv_action
BootPass_96,33,9,9,Position_Unknown,Team_Unknown,Action_PreSnap,582.89,524.87,730.45,739.82,147.56000000000006,214.95000000000005,xml_geometry_csv_action
BootPass_96,34,0,0,Position_Unknown,Team_Unknown,Action_PreSnap,287.7,487.18,471.3,748.73,183.60000000000002,261.55,xml_geometry_csv_action
BootPass_96,34,1,1,Position_Unknown,Team_Unknown,Action_PreSnap,1298.37,515.34,1452.83,739.99,154.46000000000004,224.64999999999998,xml_geometry_csv_action
BootPass_96,34,11,11,Position_Unknown,Team_Unknown,Action_PreSnap,838.5,366.07,989.77,603.45,151.26999999999998,237.38000000000005,xml_geometry_csv_action
BootPass_96,34,14,13,Position_Unknown,Team_Unknown,Action_PreSnap,1825.52,363.64,1919.04,657.07,93.51999999999998,293.43000000000006,xml_geometry_csv_action
BootPass_96,34,2,2,Position_Unknown,Team_Unknown,Action_PreSnap,1424.65,566.54,1557.04,813.53,132.38999999999987,246.99,xml_geometry_csv_action
BootPass_96,34,3,3,Position_Unknown,Team_Unknown,Action_PreSnap,1037.49,508.59,1232.31,744.55,194.81999999999994,235.95999999999998,xml_geometry_csv_action
BootPass_96,34,4,4,Position_Unknown,Team_Unknown,Action_PreSnap,502.36,608.66,662.23,904.07,159.87,295.4100000000001,xml_geometry_csv_action
BootPass_96,34,5,5,Position_Unknown,Team_Unknown,Action_PreSnap,1353.07,180.93,1468.23,450.86,115.16000000000008,269.93,xml_geometry_csv_action
BootPass_96,34,6,6,Position_Unknown,Team_Unknown,Action_PreSnap,828.43,540.18,990.52,864.21,162.09000000000003,324.0300000000001,xml_geometry_csv_action
BootPass_96,34,7,7,Position_Unknown,Team_Unknown,Action_PreSnap,1522.35,506.8,1691.91,763.49,169.56000000000017,256.69,xml_geometry_csv_action
BootPass_96,34,8,8,Position_Unknown,Team_Unknown,Action_PreSnap,47.33,466.06,265.27,665.07,217.94,199.01000000000005,xml_geometry_csv_action
BootPass_96,34,9,9,Position_Unknown,Team_Unknown,Action_PreSnap,582.1,523.56,729.62,740.76,147.51999999999998,217.20000000000005,xml_geometry_csv_action
BootPass_96,35,0,0,Position_Unknown,Team_Unknown,Action_PreSnap,287.58,486.25,470.91,747.62,183.33000000000004,261.37,xml_geometry_csv_action
BootPass_96,35,1,1,Position_Unknown,Team_Unknown,Action_PreSnap,1298.44,514.69,1452.8,739.26,154.3599999999999,224.56999999999994,xml_geometry_csv_action
BootPass_96,35,11,11,Position_Unknown,Team_Unknown,Action_PreSnap,837.41,366.32,989.97,595.16,152.56000000000006,228.83999999999997,xml_geometry_csv_action
BootPass_96,35,14,13,Position_Unknown,Team_Unknown,Action_PreSnap,1826.78,363.27,1919.52,655.65,92.74000000000001,292.38,xml_geometry_csv_action
BootPass_96,35,2,2,Position_Unknown,Team_Unknown,Action_PreSnap,1424.59,565.84,1556.57,812.48,131.98000000000002,246.64,xml_geometry_csv_action
BootPass_96,35,3,3,Position_Unknown,Team_Unknown,Action_PreSnap,1037.23,508.09,1232.16,743.59,194.93000000000006,235.50000000000006,xml_geometry_csv_action
BootPass_96,35,4,4,Position_Unknown,Team_Unknown,Action_PreSnap,502.52,607.81,662.13,903.06,159.61,295.25,xml_geometry_csv_action
BootPass_96,35,5,5,Position_Unknown,Team_Unknown,Action_PreSnap,1353.88,180.31,1468.19,449.96,114.30999999999995,269.65,xml_geometry_csv_action
BootPass_96,35,6,6,Position_Unknown,Team_Unknown,Action_PreSnap,826.33,547.54,990.9,862.86,164.56999999999994,315.32000000000005,xml_geometry_csv_action
BootPass_96,35,7,7,Position_Unknown,Team_Unknown,Action_PreSnap,1521.84,505.63,1691.71,761.79,169.87000000000012,256.15999999999997,xml_geometry_csv_action
BootPass_96,35,8,8,Position_Unknown,Team_Unknown,Action_PreSnap,47.97,466.05,277.33,665.2,229.35999999999999,199.15000000000003,xml_geometry_csv_action
BootPass_96,35,9,9,Position_Unknown,Team_Unknown,Action_PreSnap,582.43,522.61,729.2,739.99,146.7700000000001,217.38,xml_geometry_csv_action
BootPass_96,36,0,0,Position_Unknown,Team_Unknown,Action_PreSnap,285.48,484.05,469.15,745.93,183.66999999999996,261.87999999999994,xml_geometry_csv_action
BootPass_96,36,1,1,Position_Unknown,Team_Unknown,Action_PreSnap,1297.1,513.18,1451.08,738.18,153.98000000000002,225.0,xml_geometry_csv_action
BootPass_96,36,11,11,Position_Unknown,Team_Unknown,Action_PreSnap,838.09,362.24,987.45,589.31,149.36,227.06999999999994,xml_geometry_csv_action
BootPass_96,36,14,13,Position_Unknown,Team_Unknown,Action_PreSnap,1826.42,362.4,1919.21,653.62,92.78999999999996,291.22,xml_geometry_csv_action
BootPass_96,36,2,2,Position_Unknown,Team_Unknown,Action_PreSnap,1422.94,563.64,1555.57,810.83,132.62999999999988,247.19000000000005,xml_geometry_csv_action
BootPass_96,36,3,3,Position_Unknown,Team_Unknown,Action_PreSnap,1035.96,505.41,1236.99,742.12,201.02999999999997,236.70999999999998,xml_geometry_csv_action
BootPass_96,36,4,4,Position_Unknown,Team_Unknown,Action_PreSnap,500.74,606.19,661.49,901.66,160.75,295.4699999999999,xml_geometry_csv_action
BootPass_96,36,5,5,Position_Unknown,Team_Unknown,Action_PreSnap,1351.6,179.48,1467.19,448.33,115.59000000000015,268.85,xml_geometry_csv_action
BootPass_96,36,6,6,Position_Unknown,Team_Unknown,Action_PreSnap,825.59,553.39,989.01,861.8,163.41999999999996,308.40999999999997,xml_geometry_csv_action
BootPass_96,36,7,7,Position_Unknown,Team_Unknown,Action_PreSnap,1519.93,504.43,1690.01,760.46,170.07999999999993,256.03000000000003,xml_geometry_csv_action
BootPass_96,36,8,8,Position_Unknown,Team_Unknown,Action_PreSnap,46.96,466.27,282.78,664.16,235.81999999999996,197.89,xml_geometry_csv_action
BootPass_96,36,9,9,Position_Unknown,Team_Unknown,Action_PreSnap,581.64,519.92,728.23,738.31,146.59000000000003,218.39,xml_geometry_csv_action
BootPass_96,37,0,0,Position_Unknown,Team_Unknown,Action_PreSnap,284.96,483.7,468.22,745.58,183.26000000000005,261.88000000000005,xml_geometry_csv_action
BootPass_96,37,1,1,Position_Unknown,Team_Unknown,Action_PreSnap,1296.74,513.06,1450.21,738.37,153.47000000000003,225.31000000000006,xml_geometry_csv_action
BootPass_96,37,11,11,Position_Unknown,Team_Unknown,Action_PreSnap,833.35,361.63,985.93,589.72,152.57999999999993,228.09000000000003,xml_geometry_csv_action
BootPass_96,37,14,13,Position_Unknown,Team_Unknown,Action_PreSnap,1825.8,362.18,1919.27,653.62,93.47000000000003,291.44,xml_geometry_csv_action
BootPass_96,37,2,2,Position_Unknown,Team_Unknown,Action_PreSnap,1421.99,563.35,1554.53,810.76,132.53999999999996,247.40999999999997,xml_geometry_csv_action
BootPass_96,37,3,3,Position_Unknown,Team_Unknown,Action_PreSnap,1035.19,505.68,1233.68,742.0,198.49,236.32,xml_geometry_csv_action
BootPass_96,37,4,4,Position_Unknown,Team_Unknown,Action_PreSnap,499.79,605.65,660.86,901.82,161.07,296.1700000000001,xml_geometry_csv_action
BootPass_96,37,5,5,Position_Unknown,Team_Unknown,Action_PreSnap,1350.53,178.98,1466.09,448.16,115.55999999999995,269.18000000000006,xml_geometry_csv_action
BootPass_96,37,6,6,Position_Unknown,Team_Unknown,Action_PreSnap,825.98,540.8,988.01,863.03,162.02999999999997,322.23,xml_geometry_csv_action
BootPass_96,37,7,7,Position_Unknown,Team_Unknown,Action_PreSnap,1518.8,504.23,1689.53,760.61,170.73000000000002,256.38,xml_geometry_csv_action
BootPass_96,37,8,8,Position_Unknown,Team_Unknown,Action_PreSnap,47.0,468.35,286.62,666.37,239.62,198.01999999999998,xml_geometry_csv_action
BootPass_96,37,9,9,Position_Unknown,Team_Unknown,Action_PreSnap,580.63,519.9,727.75,738.27,147.12,218.37,xml_geometry_csv_action
BootPass_96,38,0,0,Position_Unknown,Team_Unknown,Action_PreSnap,284.78,485.57,468.24,747.2,183.46000000000004,261.63000000000005,xml_geometry_csv_action
BootPass_96,38,1,1,Position_Unknown,Team_Unknown,Action_PreSnap,1296.04,514.71,1449.59,740.7,153.54999999999995,225.99,xml_geometry_csv_action
BootPass_96,38,10,10,Position_Unknown,Team_Unknown,Action_PreSnap,1138.61,503.93,1260.98,686.44,122.37000000000012,182.51000000000005,xml_geometry_csv_action
BootPass_96,38,11,11,Position_Unknown,Team_Unknown,Action_PreSnap,832.53,364.56,985.37,588.48,152.84000000000003,223.92000000000002,xml_geometry_csv_action
BootPass_96,38,14,13,Position_Unknown,Team_Unknown,Action_PreSnap,1825.22,364.11,1919.41,656.04,94.19000000000005,291.92999999999995,xml_geometry_csv_action
BootPass_96,38,2,2,Position_Unknown,Team_Unknown,Action_PreSnap,1421.64,564.92,1554.2,812.99,132.55999999999995,248.07000000000005,xml_geometry_csv_action
BootPass_96,38,3,3,Position_Unknown,Team_Unknown,Action_PreSnap,1035.12,508.16,1229.59,743.65,194.47000000000003,235.48999999999995,xml_geometry_csv_action
BootPass_96,38,4,4,Position_Unknown,Team_Unknown,Action_PreSnap,499.1,607.93,660.82,903.58,161.72000000000003,295.6500000000001,xml_geometry_csv_action
BootPass_96,38,5,5,Position_Unknown,Team_Unknown,Action_PreSnap,1349.89,180.56,1464.92,449.7,115.02999999999997,269.14,xml_geometry_csv_action
BootPass_96,38,6,6,Position_Unknown,Team_Unknown,Action_PreSnap,825.6,527.12,989.85,865.35,164.25,338.23,xml_geometry_csv_action
BootPass_96,38,7,7,Position_Unknown,Team_Unknown,Action_PreSnap,1518.8,505.32,1689.7,763.28,170.9000000000001,257.96,xml_geometry_csv_action
BootPass_96,38,8,8,Position_Unknown,Team_Unknown,Action_PreSnap,46.55,470.88,290.78,669.23,244.22999999999996,198.35000000000002,xml_geometry_csv_action
BootPass_96,38,9,9,Position_Unknown,Team_Unknown,Action_PreSnap,579.38,524.16,727.75,740.44,148.37,216.2800000000001,xml_geometry_csv_action
BootPass_96,39,0,0,Position_Unknown,Team_Unknown,Action_PreSnap,285.09,487.2,468.23,747.83,183.14000000000004,260.63000000000005,xml_geometry_csv_action
BootPass_96,39,1,1,Position_Unknown,Team_Unknown,Action_PreSnap,1295.68,515.47,1449.4,740.93,153.72000000000003,225.45999999999992,xml_geometry_csv_action
BootPass_96,39,10,10,Position_Unknown,Team_Unknown,Action_PreSnap,1138.84,505.06,1260.53,686.78,121.69000000000005,181.71999999999997,xml_geometry_csv_action
BootPass_96,39,11,11,Position_Unknown,Team_Unknown,Action_PreSnap,830.64,365.97,984.79,584.23,154.14999999999998,218.26,xml_geometry_csv_action
BootPass_96,39,14,13,Position_Unknown,Team_Unknown,Action_PreSnap,1825.42,365.25,1919.53,656.15,94.1099999999999,290.9,xml_geometry_csv_action
BootPass_96,39,2,2,Position_Unknown,Team_Unknown,Action_PreSnap,1421.75,565.57,1554.12,813.66,132.3699999999999,248.08999999999992,xml_geometry_csv_action
BootPass_96,39,3,3,Position_Unknown,Team_Unknown,Action_PreSnap,1034.85,509.52,1227.02,744.41,192.17000000000007,234.89,xml_geometry_csv_action
BootPass_96,39,4,4,Position_Unknown,Team_Unknown,Action_PreSnap,499.48,608.51,660.84,903.86,161.36,295.35,xml_geometry_csv_action
BootPass_96,39,5,5,Position_Unknown,Team_Unknown,Action_PreSnap,1349.91,181.57,1464.82,450.42,114.90999999999985,268.85,xml_geometry_csv_action
BootPass_96,39,6,6,Position_Unknown,Team_Unknown,Action_PreSnap,826.7,522.38,989.73,865.64,163.02999999999997,343.26,xml_geometry_csv_action
BootPass_96,39,7,7,Position_Unknown,Team_Unknown,Action_PreSnap,1518.88,505.76,1689.69,764.02,170.80999999999995,258.26,xml_geometry_csv_action
BootPass_96,39,8,8,Position_Unknown,Team_Unknown,Action_PreSnap,49.03,470.79,293.48,670.47,244.45000000000002,199.68,xml_geometry_csv_action
BootPass_96,39,9,9,Position_Unknown,Team_Unknown,Action_PreSnap,579.3,525.36,727.73,741.09,148.43000000000006,215.73000000000002,xml_geometry_csv_action
BootPass_96,40,0,0,Position_Unknown,Team_Unknown,Action_PreSnap,285.42,486.32,469.32,747.13,183.89999999999998,260.81,xml_geometry_csv_action
BootPass_96,40,1,1,Position_Unknown,Team_Unknown,Action_PreSnap,1296.28,514.28,1449.65,739.37,153.37000000000012,225.09000000000003,xml_geometry_csv_action
BootPass_96,40,10,10,Position_Unknown,Team_Unknown,Action_PreSnap,1138.1,503.73,1261.72,686.55,123.62000000000012,182.81999999999994,xml_geometry_csv_action
BootPass_96,40,11,11,Position_Unknown,Team_Unknown,Action_PreSnap,833.31,364.9,986.76,581.21,153.45000000000005,216.31000000000006,xml_geometry_csv_action
BootPass_96,40,14,13,Position_Unknown,Team_Unknown,Action_PreSnap,1825.61,364.58,1919.89,653.38,94.2800000000002,288.8,xml_geometry_csv_action
BootPass_96,40,2,2,Position_Unknown,Team_Unknown,Action_PreSnap,1422.55,564.13,1555.46,812.63,132.91000000000008,248.5,xml_geometry_csv_action
BootPass_96,40,3,3,Position_Unknown,Team_Unknown,Action_PreSnap,1036.15,510.23,1224.64,743.29,188.49,233.05999999999995,xml_geometry_csv_action
BootPass_96,40,4,4,Position_Unknown,Team_Unknown,Action_PreSnap,500.07,607.1,661.77,903.28,161.7,296.17999999999995,xml_geometry_csv_action
BootPass_96,40,5,5,Position_Unknown,Team_Unknown,Action_PreSnap,1350.04,180.48,1466.17,449.29,116.13000000000011,268.81000000000006,xml_geometry_csv_action
BootPass_96,40,6,6,Position_Unknown,Team_Unknown,Action_PreSnap,830.18,525.47,988.97,864.51,158.79000000000008,339.03999999999996,xml_geometry_csv_action
BootPass_96,40,7,7,Position_Unknown,Team_Unknown,Action_PreSnap,1519.74,505.44,1690.39,762.86,170.6500000000001,257.42,xml_geometry_csv_action
BootPass_96,40,8,8,Position_Unknown,Team_Unknown,Action_PreSnap,61.24,469.3,295.72,670.86,234.48000000000002,201.56,xml_geometry_csv_action
BootPass_96,40,9,9,Position_Unknown,Team_Unknown,Action_PreSnap,580.34,525.32,728.99,739.92,148.64999999999998,214.5999999999999,xml_geometry_csv_action
BootPass_96,41,0,0,Position_Unknown,Team_Unknown,Action_PreSnap,286.42,486.49,470.03,747.09,183.60999999999996,260.6,xml_geometry_csv_action
BootPass_96,41,1,1,Position_Unknown,Team_Unknown,Action_PreSnap,1296.63,514.02,1449.42,738.88,152.78999999999996,224.86,xml_geometry_csv_action
BootPass_96,41,10,10,Position_Unknown,Team_Unknown,Action_PreSnap,1139.71,503.55,1262.06,686.29,122.34999999999991,182.73999999999995,xml_geometry_csv_action
BootPass_96,41,11,11,Position_Unknown,Team_Unknown,Action_PreSnap,835.42,362.18,987.64,579.73,152.22000000000003,217.55,xml_geometry_csv_action
BootPass_96,41,14,13,Position_Unknown,Team_Unknown,Action_PreSnap,1826.91,364.81,1919.78,651.71,92.86999999999989,286.90000000000003,xml_geometry_csv_action
BootPass_96,41,2,2,Position_Unknown,Team_Unknown,Action_PreSnap,1422.93,564.06,1555.67,812.55,132.74,248.49,xml_geometry_csv_action
BootPass_96,41,3,3,Position_Unknown,Team_Unknown,Action_PreSnap,1036.86,511.12,1222.64,742.98,185.7800000000002,231.86,xml_geometry_csv_action
BootPass_96,41,4,4,Position_Unknown,Team_Unknown,Action_PreSnap,500.93,606.9,662.11,903.34,161.18,296.44000000000005,xml_geometry_csv_action
BootPass_96,41,5,5,Position_Unknown,Team_Unknown,Action_PreSnap,1350.88,180.09,1466.73,449.07,115.84999999999991,268.98,xml_geometry_csv_action
BootPass_96,41,6,6,Position_Unknown,Team_Unknown,Action_PreSnap,833.01,527.53,988.26,864.35,155.25,336.82000000000005,xml_geometry_csv_action
BootPass_96,41,7,7,Position_Unknown,Team_Unknown,Action_PreSnap,1519.98,505.65,1690.14,762.23,170.16000000000008,256.58000000000004,xml_geometry_csv_action
BootPass_96,41,8,8,Position_Unknown,Team_Unknown,Action_PreSnap,82.3,468.29,297.72,671.27,215.42000000000002,202.97999999999996,xml_geometry_csv_action
BootPass_96,41,9,9,Position_Unknown,Team_Unknown,Action_PreSnap,581.08,525.51,729.65,739.7,148.56999999999994,214.19000000000005,xml_geometry_csv_action
BootPass_96,42,0,0,Position_Unknown,Team_Unknown,Action_PreSnap,286.5,488.15,469.05,748.58,182.55,260.43000000000006,xml_geometry_csv_action
BootPass_96,42,1,1,Position_Unknown,Team_Unknown,Action_PreSnap,1295.35,515.08,1448.03,740.54,152.68000000000006,225.45999999999992,xml_geometry_csv_action
BootPass_96,42,10,10,Position_Unknown,Team_Unknown,Action_PreSnap,1140.18,504.98,1260.7,686.87,120.51999999999998,181.89,xml_geometry_csv_action
BootPass_96,42,11,11,Position_Unknown,Team_Unknown,Action_PreSnap,833.91,363.73,987.3,580.22,153.39,216.49,xml_geometry_csv_action
BootPass_96,42,14,13,Position_Unknown,Team_Unknown,Action_PreSnap,1824.36,365.89,1919.1,650.82,94.74000000000001,284.93000000000006,xml_geometry_csv_action
BootPass_96,42,2,2,Position_Unknown,Team_Unknown,Action_PreSnap,1421.57,565.54,1554.0,814.04,132.43000000000006,248.5,xml_geometry_csv_action
BootPass_96,42,3,3,Position_Unknown,Team_Unknown,Action_PreSnap,1035.76,512.22,1222.13,744.26,186.37000000000012,232.03999999999996,xml_geometry_csv_action
BootPass_96,42,4,4,Position_Unknown,Team_Unknown,Action_PreSnap,499.75,608.59,660.91,904.42,161.15999999999997,295.8299999999999,xml_geometry_csv_action
BootPass_96,42,5,5,Position_Unknown,Team_Unknown,Action_PreSnap,1349.73,181.58,1466.0,450.64,116.26999999999998,269.05999999999995,xml_geometry_csv_action
BootPass_96,42,6,6,Position_Unknown,Team_Unknown,Action_PreSnap,831.36,530.99,986.77,865.66,155.40999999999997,334.66999999999996,xml_geometry_csv_action
BootPass_96,42,7,7,Position_Unknown,Team_Unknown,Action_PreSnap,1518.38,506.6,1689.45,763.98,171.06999999999994,257.38,xml_geometry_csv_action
BootPass_96,42,8,8,Position_Unknown,Team_Unknown,Action_PreSnap,107.43,468.83,299.32,674.12,191.89,205.29000000000002,xml_geometry_csv_action
BootPass_96,42,9,9,Position_Unknown,Team_Unknown,Action_PreSnap,579.71,526.21,728.33,740.81,148.62,214.5999999999999,xml_geometry_csv_action
BootPass_96,43,0,0,Position_Unknown,Team_Unknown,Action_PreSnap,286.33,489.27,468.34,749.42,182.01,260.15,xml_geometry_csv_action
BootPass_96,43,1,1,Position_Unknown,Team_Unknown,Action_PreSnap,1294.66,515.95,1446.34,741.14,151.67999999999984,225.18999999999994,xml_geometry_csv_action
BootPass_96,43,10,10,Position_Unknown,Team_Unknown,Action_PreSnap,1140.58,505.52,1259.87,687.92,119.28999999999996,182.39999999999998,xml_geometry_csv_action
BootPass_96,43,11,11,Position_Unknown,Team_Unknown,Action_PreSnap,836.25,365.48,985.98,579.33,149.73000000000002,213.85000000000002,xml_geometry_csv_action
BootPass_96,43,14,13,Position_Unknown,Team_Unknown,Action_PreSnap,1821.3,366.57,1918.9,649.73,97.60000000000014,283.16,xml_geometry_csv_action
BootPass_96,43,2,2,Position_Unknown,Team_Unknown,Action_PreSnap,1420.11,566.29,1552.25,814.68,132.1400000000001,248.39,xml_geometry_csv_action
BootPass_96,43,3,3,Position_Unknown,Team_Unknown,Action_PreSnap,1034.94,511.57,1221.81,744.81,186.8699999999999,233.23999999999995,xml_geometry_csv_action
BootPass_96,43,4,4,Position_Unknown,Team_Unknown,Action_PreSnap,499.25,609.35,659.79,904.61,160.53999999999996,295.26,xml_geometry_csv_action
BootPass_96,43,5,5,Position_Unknown,Team_Unknown,Action_PreSnap,1349.5,182.31,1465.37,451.27,115.86999999999989,268.96,xml_geometry_csv_action
BootPass_96,43,6,6,Position_Unknown,Team_Unknown,Action_PreSnap,829.69,523.07,985.64,866.5,155.94999999999993,343.42999999999995,xml_geometry_csv_action
BootPass_96,43,7,7,Position_Unknown,Team_Unknown,Action_PreSnap,1517.71,507.32,1689.11,765.06,171.39999999999986,257.73999999999995,xml_geometry_csv_action
BootPass_96,43,8,8,Position_Unknown,Team_Unknown,Action_PreSnap,131.45,470.03,305.96,674.68,174.51,204.64999999999998,xml_geometry_csv_action
BootPass_96,43,9,9,Position_Unknown,Team_Unknown,Action_PreSnap,578.8,525.68,727.59,741.77,148.79000000000008,216.09000000000003,xml_geometry_csv_action
BootPass_96,44,0,0,Position_Unknown,Team_Unknown,Action_PreSnap,285.77,489.1,467.87,748.74,182.10000000000002,259.64,xml_geometry_csv_action
BootPass_96,44,1,1,Position_Unknown,Team_Unknown,Action_PreSnap,1293.47,515.58,1444.67,740.68,151.20000000000005,225.0999999999999,xml_geometry_csv_action
BootPass_96,44,10,10,Position_Unknown,Team_Unknown,Action_PreSnap,1139.7,504.95,1259.13,687.66,119.43000000000006,182.70999999999998,xml_geometry_csv_action
BootPass_96,44,11,11,Position_Unknown,Team_Unknown,Action_PreSnap,836.11,365.97,985.34,577.97,149.23000000000002,212.0,xml_geometry_csv_action
BootPass_96,44,14,13,Position_Unknown,Team_Unknown,Action_PreSnap,1819.04,365.81,1918.89,648.57,99.85000000000014,282.76000000000005,xml_geometry_csv_action
BootPass_96,44,2,2,Position_Unknown,Team_Unknown,Action_PreSnap,1418.69,566.16,1550.77,814.27,132.07999999999993,248.11,xml_geometry_csv_action
BootPass_96,44,3,3,Position_Unknown,Team_Unknown,Action_PreSnap,1033.31,509.85,1222.44,744.59,189.1300000000001,234.74,xml_geometry_csv_action
BootPass_96,44,4,4,Position_Unknown,Team_Unknown,Action_PreSnap,498.7,609.18,659.13,903.69,160.43,294.5100000000001,xml_geometry_csv_action
BootPass_96,44,5,5,Position_Unknown,Team_Unknown,Action_PreSnap,1348.62,182.2,1464.82,451.37,116.20000000000005,269.17,xml_geometry_csv_action
BootPass_96,44,6,6,Position_Unknown,Team_Unknown,Action_PreSnap,828.36,519.07,985.63,866.02,157.26999999999998,346.94999999999993,xml_geometry_csv_action
BootPass_96,44,7,7,Position_Unknown,Team_Unknown,Action_PreSnap,1516.59,506.8,1688.59,765.41,172.0,258.60999999999996,xml_geometry_csv_action
BootPass_96,44,8,8,Position_Unknown,Team_Unknown,Action_PreSnap,139.74,469.15,308.07,674.39,168.32999999999998,205.24,xml_geometry_csv_action
BootPass_96,44,9,9,Position_Unknown,Team_Unknown,Action_PreSnap,578.06,524.5,726.93,741.35,148.87,216.85000000000002,xml_geometry_csv_action
BootPass_96,45,0,0,Position_Unknown,Team_Unknown,Action_PreSnap,285.25,488.34,466.77,746.82,181.51999999999998,258.4800000000001,xml_geometry_csv_action
BootPass_96,45,1,1,Position_Unknown,Team_Unknown,Action_PreSnap,1292.86,513.82,1442.83,738.87,149.97000000000003,225.04999999999995,xml_geometry_csv_action
BootPass_96,45,10,10,Position_Unknown,Team_Unknown,Action_PreSnap,1134.81,503.25,1256.93,685.73,122.12000000000012,182.48000000000002,xml_geometry_csv_action
BootPass_96,45,11,11,Position_Unknown,Team_Unknown,Action_PreSnap,837.71,365.29,984.31,577.49,146.5999999999999,212.2,xml_geometry_csv_action
BootPass_96,45,14,13,Position_Unknown,Team_Unknown,Action_PreSnap,1821.98,364.8,1918.84,645.47,96.8599999999999,280.67,xml_geometry_csv_action
BootPass_96,45,2,2,Position_Unknown,Team_Unknown,Action_PreSnap,1417.26,564.32,1549.57,812.85,132.30999999999995,248.52999999999997,xml_geometry_csv_action
BootPass_96,45,3,3,Position_Unknown,Team_Unknown,Action_PreSnap,1032.08,508.71,1222.55,743.3,190.47000000000003,234.58999999999997,xml_geometry_csv_action
BootPass_96,45,4,4,Position_Unknown,Team_Unknown,Action_PreSnap,497.65,608.25,658.22,902.44,160.57000000000005,294.19000000000005,xml_geometry_csv_action
BootPass_96,45,5,5,Position_Unknown,Team_Unknown,Action_PreSnap,1347.47,180.89,1464.28,450.07,116.80999999999995,269.18,xml_geometry_csv_action
BootPass_96,45,6,6,Position_Unknown,Team_Unknown,Action_PreSnap,827.86,515.76,984.76,864.96,156.89999999999998,349.20000000000005,xml_geometry_csv_action
BootPass_96,45,7,7,Position_Unknown,Team_Unknown,Action_PreSnap,1515.28,506.17,1687.31,763.58,172.02999999999997,257.41,xml_geometry_csv_action
BootPass_96,45,8,8,Position_Unknown,Team_Unknown,Action_PreSnap,141.39,472.56,308.48,673.65,167.09000000000003,201.08999999999997,xml_geometry_csv_action
BootPass_96,45,9,9,Position_Unknown,Team_Unknown,Action_PreSnap,576.28,523.46,725.66,740.07,149.38,216.61,xml_geometry_csv_action
BootPass_96,46,0,0,Position_Unknown,Team_Unknown,Action_PreSnap,284.86,489.01,466.16,747.13,181.3,258.12,xml_geometry_csv_action
BootPass_96,46,1,1,Position_Unknown,Team_Unknown,Action_PreSnap,1292.18,514.02,1441.15,739.15,148.97000000000003,225.13,xml_geometry_csv_action
BootPass_96,46,10,10,Position_Unknown,Team_Unknown,Action_PreSnap,1134.88,503.35,1256.09,685.97,121.20999999999981,182.62,xml_geometry_csv_action
BootPass_96,46,11,11,Position_Unknown,Team_Unknown,Action_PreSnap,836.55,363.78,983.45,579.68,146.9000000000001,215.89999999999998,xml_geometry_csv_action
BootPass_96,46,14,13,Position_Unknown,Team_Unknown,Action_PreSnap,1823.34,364.46,1918.89,645.56,95.55000000000018,281.09999999999997,xml_geometry_csv_action
BootPass_96,46,2,2,Position_Unknown,Team_Unknown,Action_PreSnap,1415.97,564.74,1548.44,812.99,132.47000000000003,248.25,xml_geometry_csv_action
BootPass_96,46,3,3,Position_Unknown,Team_Unknown,Action_PreSnap,1030.95,508.59,1222.56,744.03,191.6099999999999,235.44,xml_geometry_csv_action
BootPass_96,46,4,4,Position_Unknown,Team_Unknown,Action_PreSnap,496.8,609.17,657.6,902.88,160.8,293.71000000000004,xml_geometry_csv_action
BootPass_96,46,5,5,Position_Unknown,Team_Unknown,Action_PreSnap,1346.16,181.18,1464.06,450.25,117.89999999999986,269.07,xml_geometry_csv_action
BootPass_96,46,6,6,Position_Unknown,Team_Unknown,Action_PreSnap,827.02,515.23,983.35,865.48,156.33000000000004,350.25,xml_geometry_csv_action
BootPass_96,46,7,7,Position_Unknown,Team_Unknown,Action_PreSnap,1514.22,506.29,1685.83,763.77,171.6099999999999,257.47999999999996,xml_geometry_csv_action
BootPass_96,46,8,8,Position_Unknown,Team_Unknown,Action_PreSnap,143.23,476.73,310.97,673.82,167.74000000000004,197.09000000000003,xml_geometry_csv_action
BootPass_96,46,9,9,Position_Unknown,Team_Unknown,Action_PreSnap,574.35,523.33,724.72,740.28,150.37,216.94999999999993,xml_geometry_csv_action
BootPass_96,47,0,0,Position_Unknown,Team_Unknown,Action_PreSnap,284.83,490.82,465.62,748.94,180.79000000000002,258.12000000000006,xml_geometry_csv_action
BootPass_96,47,1,1,Position_Unknown,Team_Unknown,Action_PreSnap,1291.82,516.48,1439.48,741.16,147.66000000000008,224.67999999999995,xml_geometry_csv_action
BootPass_96,47,10,10,Position_Unknown,Team_Unknown,Action_PreSnap,1133.82,505.24,1254.94,687.61,121.12000000000012,182.37,xml_geometry_csv_action
BootPass_96,47,11,11,Position_Unknown,Team_Unknown,Action_PreSnap,837.07,364.02,982.58,580.76,145.51,216.74,xml_geometry_csv_action
BootPass_96,47,14,13,Position_Unknown,Team_Unknown,Action_PreSnap,1823.54,365.61,1919.05,645.93,95.50999999999999,280.31999999999994,xml_geometry_csv_action
BootPass_96,47,2,2,Position_Unknown,Team_Unknown,Action_PreSnap,1414.07,566.71,1547.12,814.73,133.04999999999995,248.01999999999998,xml_geometry_csv_action
BootPass_96,47,3,3,Position_Unknown,Team_Unknown,Action_PreSnap,1031.55,512.62,1220.21,746.98,188.66000000000008,234.36,xml_geometry_csv_action
BootPass_96,47,4,4,Position_Unknown,Team_Unknown,Action_PreSnap,496.46,611.09,657.39,904.88,160.93,293.78999999999996,xml_geometry_csv_action
BootPass_96,47,5,5,Position_Unknown,Team_Unknown,Action_PreSnap,1346.11,183.13,1463.64,452.29,117.5300000000002,269.16,xml_geometry_csv_action
BootPass_96,47,6,6,Position_Unknown,Team_Unknown,Action_PreSnap,826.8,517.47,981.99,866.89,155.19000000000005,349.41999999999996,xml_geometry_csv_action
BootPass_96,47,7,7,Position_Unknown,Team_Unknown,Action_PreSnap,1513.58,507.32,1685.61,766.39,172.02999999999997,259.07,xml_geometry_csv_action
BootPass_96,47,8,8,Position_Unknown,Team_Unknown,Action_PreSnap,143.67,480.45,314.53,676.33,170.85999999999999,195.88000000000005,xml_geometry_csv_action
BootPass_96,47,9,9,Position_Unknown,Team_Unknown,Action_PreSnap,574.52,524.46,724.47,742.42,149.95000000000005,217.95999999999992,xml_geometry_csv_action
BootPass_96,48,0,0,Position_Unknown,Team_Unknown,Action_PreSnap,284.73,492.8,465.7,750.55,180.96999999999997,257.74999999999994,xml_geometry_csv_action
BootPass_96,48,1,1,Position_Unknown,Team_Unknown,Action_PreSnap,1291.94,518.81,1439.63,743.67,147.69000000000005,224.86,xml_geometry_csv_action
BootPass_96,48,10,10,Position_Unknown,Team_Unknown,Action_PreSnap,1136.89,506.94,1254.7,687.26,117.80999999999995,180.32,xml_geometry_csv_action
BootPass_96,48,11,11,Position_Unknown,Team_Unknown,Action_PreSnap,839.62,365.79,981.94,581.62,142.32000000000005,215.82999999999998,xml_geometry_csv_action
BootPass_96,48,14,13,Position_Unknown,Team_Unknown,Action_PreSnap,1822.8,367.34,1919.38,647.18,96.58000000000015,279.84,xml_geometry_csv_action
BootPass_96,48,2,2,Position_Unknown,Team_Unknown,Action_PreSnap,1414.23,568.97,1546.65,816.05,132.42000000000007,247.07999999999993,xml_geometry_csv_action
BootPass_96,48,3,3,Position_Unknown,Team_Unknown,Action_PreSnap,1032.32,515.75,1219.24,749.23,186.92000000000007,233.48000000000002,xml_geometry_csv_action
BootPass_96,48,4,4,Position_Unknown,Team_Unknown,Action_PreSnap,496.37,613.19,657.54,906.84,161.16999999999996,293.65,xml_geometry_csv_action
BootPass_96,48,5,5,Position_Unknown,Team_Unknown,Action_PreSnap,1345.06,184.5,1464.15,454.48,119.09000000000015,269.98,xml_geometry_csv_action
BootPass_96,48,6,6,Position_Unknown,Team_Unknown,Action_PreSnap,828.76,523.48,981.92,868.09,153.15999999999997,344.61,xml_geometry_csv_action
BootPass_96,48,7,7,Position_Unknown,Team_Unknown,Action_PreSnap,1512.97,509.33,1685.84,768.94,172.8699999999999,259.61000000000007,xml_geometry_csv_action
BootPass_96,48,8,8,Position_Unknown,Team_Unknown,Action_PreSnap,149.63,485.35,319.7,676.79,170.07,191.43999999999994,xml_geometry_csv_action
BootPass_96,48,9,9,Position_Unknown,Team_Unknown,Action_PreSnap,575.85,525.27,725.02,744.52,149.16999999999996,219.25,xml_geometry_csv_action
BootPass_96,49,0,0,Position_Unknown,Team_Unknown,Action_PreSnap,284.54,492.97,464.79,751.18,180.25,258.2099999999999,xml_geometry_csv_action
BootPass_96,49,1,1,Position_Unknown,Team_Unknown,Action_PreSnap,1292.45,518.98,1441.93,744.21,149.48000000000002,225.23000000000002,xml_geometry_csv_action
BootPass_96,49,10,10,Position_Unknown,Team_Unknown,Action_PreSnap,1140.11,506.94,1254.19,687.75,114.08000000000015,180.81,xml_geometry_csv_action
BootPass_96,49,11,11,Position_Unknown,Team_Unknown,Action_PreSnap,838.55,363.9,979.43,583.11,140.88,219.21000000000004,xml_geometry_csv_action
BootPass_96,49,14,13,Position_Unknown,Team_Unknown,Action_PreSnap,1821.21,367.54,1919.08,647.13,97.86999999999989,279.59,xml_geometry_csv_action
BootPass_96,49,2,2,Position_Unknown,Team_Unknown,Action_PreSnap,1411.99,569.29,1544.99,815.76,133.0,246.47000000000003,xml_geometry_csv_action
BootPass_96,49,3,3,Position_Unknown,Team_Unknown,Action_PreSnap,1031.86,515.38,1219.13,749.16,187.2700000000002,233.77999999999997,xml_geometry_csv_action
BootPass_96,49,4,4,Position_Unknown,Team_Unknown,Action_PreSnap,495.6,613.18,657.02,906.79,161.41999999999996,293.61,xml_geometry_csv_action
BootPass_96,49,5,5,Position_Unknown,Team_Unknown,Action_PreSnap,1344.72,184.82,1463.92,454.86,119.20000000000005,270.04,xml_geometry_csv_action
BootPass_96,49,6,6,Position_Unknown,Team_Unknown,Action_PreSnap,828.55,522.33,982.37,867.79,153.82000000000005,345.4599999999999,xml_geometry_csv_action
BootPass_96,49,7,7,Position_Unknown,Team_Unknown,Action_PreSnap,1510.09,509.0,1685.77,769.8,175.68000000000006,260.79999999999995,xml_geometry_csv_action
BootPass_96,49,8,8,Position_Unknown,Team_Unknown,Action_PreSnap,158.81,486.45,325.41,676.83,166.60000000000002,190.38000000000005,xml_geometry_csv_action
BootPass_96,49,9,9,Position_Unknown,Team_Unknown,Action_PreSnap,576.54,526.26,724.06,744.68,147.51999999999998,218.41999999999996,xml_geometry_csv_action
BootPass_96,50,0,0,Position_Unknown,Team_Unknown,Action_PreSnap,282.2,491.93,463.11,750.51,180.91000000000003,258.58,xml_geometry_csv_action
BootPass_96,50,1,1,Position_Unknown,Team_Unknown,Action_PreSnap,1291.33,516.58,1441.36,744.45,150.02999999999997,227.87,xml_geometry_csv_action
BootPass_96,50,10,10,Position_Unknown,Team_Unknown,Action_PreSnap,1144.08,506.0,1253.18,686.34,109.10000000000014,180.34000000000003,xml_geometry_csv_action
BootPass_96,50,11,11,Position_Unknown,Team_Unknown,Action_PreSnap,834.33,356.15,975.45,581.79,141.12,225.64,xml_geometry_csv_action
BootPass_96,50,14,13,Position_Unknown,Team_Unknown,Action_PreSnap,1819.06,366.27,1918.52,646.37,99.46000000000004,280.1,xml_geometry_csv_action
BootPass_96,50,20,14,Position_Unknown,Team_Unknown,Action_PreSnap,815.57,482.28,958.77,713.39,143.19999999999993,231.11,xml_geometry_csv_action
BootPass_96,50,2,2,Position_Unknown,Team_Unknown,Action_PreSnap,1406.39,569.06,1542.4,814.73,136.01,245.67000000000007,xml_geometry_csv_action
BootPass_96,50,3,3,Position_Unknown,Team_Unknown,Action_PreSnap,1030.65,511.66,1219.98,747.34,189.32999999999993,235.68,xml_geometry_csv_action
BootPass_96,50,4,4,Position_Unknown,Team_Unknown,Action_PreSnap,492.9,612.5,654.59,906.42,161.69000000000005,293.91999999999996,xml_geometry_csv_action
BootPass_96,50,5,5,Position_Unknown,Team_Unknown,Action_PreSnap,1342.61,184.42,1462.95,453.55,120.34000000000015,269.13,xml_geometry_csv_action
BootPass_96,50,6,6,Position_Unknown,Team_Unknown,Action_PreSnap,825.67,524.52,980.82,867.38,155.1500000000001,342.86,xml_geometry_csv_action
BootPass_96,50,7,7,Position_Unknown,Team_Unknown,Action_PreSnap,1505.84,506.49,1683.74,767.47,177.9000000000001,260.98,xml_geometry_csv_action
BootPass_96,50,8,8,Position_Unknown,Team_Unknown,Action_PreSnap,171.83,486.09,329.5,675.73,157.67,189.64000000000004,xml_geometry_csv_action
BootPass_96,50,9,9,Position_Unknown,Team_Unknown,Action_PreSnap,574.82,523.71,721.71,743.49,146.89,219.77999999999997,xml_geometry_csv_action
BootPass_96,51,0,0,Position_Unknown,Team_Unknown,Action_PreSnap,280.38,492.71,460.98,752.2,180.60000000000002,259.49000000000007,xml_geometry_csv_action
BootPass_96,51,1,1,Position_Unknown,Team_Unknown,Action_PreSnap,1289.83,514.86,1444.87,745.9,155.03999999999996,231.03999999999996,xml_geometry_csv_action
BootPass_96,51,10,10,Position_Unknown,Team_Unknown,Action_PreSnap,1145.93,506.69,1250.68,688.37,104.75,181.68,xml_geometry_csv_action
BootPass_96,51,11,11,Position_Unknown,Team_Unknown,Action_PreSnap,832.75,353.78,973.36,582.0,140.61,228.22000000000003,xml_geometry_csv_action
BootPass_96,51,14,13,Position_Unknown,Team_Unknown,Action_PreSnap,1816.1,367.34,1918.34,647.78,102.24000000000001,280.44,xml_geometry_csv_action
BootPass_96,51,2,2,Position_Unknown,Team_Unknown,Action_PreSnap,1398.24,571.68,1540.34,816.39,142.0999999999999,244.71000000000004,xml_geometry_csv_action
BootPass_96,51,3,3,Position_Unknown,Team_Unknown,Action_PreSnap,1028.59,509.62,1222.04,747.02,193.45000000000005,237.39999999999998,xml_geometry_csv_action
BootPass_96,51,4,4,Position_Unknown,Team_Unknown,Action_PreSnap,489.88,613.86,652.33,908.97,162.45000000000005,295.11,xml_geometry_csv_action
BootPass_96,51,5,5,Position_Unknown,Team_Unknown,Action_PreSnap,1340.69,185.34,1460.78,454.54,120.08999999999992,269.20000000000005,xml_geometry_csv_action
BootPass_96,51,6,6,Position_Unknown,Team_Unknown,Action_PreSnap,822.7,516.56,979.02,869.2,156.31999999999994,352.6400000000001,xml_geometry_csv_action
BootPass_96,51,7,7,Position_Unknown,Team_Unknown,Action_PreSnap,1504.61,506.03,1682.57,766.8,177.96000000000004,260.77,xml_geometry_csv_action
BootPass_96,51,8,8,Position_Unknown,Team_Unknown,Action_PreSnap,192.1,489.08,327.98,676.21,135.88000000000002,187.13000000000005,xml_geometry_csv_action
BootPass_96,51,9,9,Position_Unknown,Team_Unknown,Action_PreSnap,572.56,521.17,720.22,745.26,147.66000000000008,224.09000000000003,xml_geometry_csv_action
BootPass_96,52,0,0,Position_Unknown,Team_Unknown,Action_PreSnap,278.3,496.16,459.59,756.7,181.28999999999996,260.54,xml_geometry_csv_action
BootPass_96,52,1,1,Position_Unknown,Team_Unknown,Action_PreSnap,1286.02,513.95,1447.02,752.16,161.0,238.20999999999992,xml_geometry_csv_action
BootPass_96,52,10,10,Position_Unknown,Team_Unknown,Action_PreSnap,1147.2,508.55,1249.19,692.04,101.99000000000001,183.48999999999995,xml_geometry_csv_action
BootPass_96,52,11,11,Position_Unknown,Team_Unknown,Action_PreSnap,830.12,355.51,969.7,585.64,139.58000000000004,230.13,xml_geometry_csv_action
BootPass_96,52,14,13,Position_Unknown,Team_Unknown,Action_PreSnap,1811.41,372.15,1918.13,652.17,106.72000000000003,280.02,xml_geometry_csv_action
BootPass_96,52,2,2,Position_Unknown,Team_Unknown,Action_PreSnap,1388.83,577.16,1538.35,821.18,149.51999999999998,244.01999999999998,xml_geometry_csv_action
BootPass_96,52,3,3,Position_Unknown,Team_Unknown,Action_PreSnap,1027.04,510.46,1223.82,749.65,196.77999999999997,239.19,xml_geometry_csv_action
BootPass_96,52,4,4,Position_Unknown,Team_Unknown,Action_PreSnap,486.58,618.07,649.84,913.4,163.26000000000005,295.3299999999999,xml_geometry_csv_action
BootPass_96,52,5,5,Position_Unknown,Team_Unknown,Action_PreSnap,1337.19,189.42,1457.44,458.86,120.25,269.44000000000005,xml_geometry_csv_action
BootPass_96,52,6,6,Position_Unknown,Team_Unknown,Action_PreSnap,819.45,518.0,977.63,874.41,158.17999999999995,356.40999999999997,xml_geometry_csv_action
BootPass_96,52,7,7,Position_Unknown,Team_Unknown,Action_PreSnap,1503.65,509.24,1682.48,767.16,178.82999999999993,257.91999999999996,xml_geometry_csv_action
BootPass_96,52,8,8,Position_Unknown,Team_Unknown,Action_PreSnap,200.53,491.65,329.06,681.79,128.53,190.14,xml_geometry_csv_action
BootPass_96,52,9,9,Position_Unknown,Team_Unknown,Action_PreSnap,570.65,521.07,719.2,749.11,148.55000000000007,228.03999999999996,xml_geometry_csv_action
BootPass_96,53,0,0,Position_Unknown,Team_Unknown,Action_PreSnap,277.27,499.97,462.12,762.07,184.85000000000002,262.1,xml_geometry_csv_action
BootPass_96,53,1,1,Position_Unknown,Team_Unknown,Action_PreSnap,1285.25,513.87,1448.64,757.34,163.3900000000001,243.47000000000003,xml_geometry_csv_action
BootPass_96,53,10,10,Position_Unknown,Team_Unknown,Action_PreSnap,1151.37,509.73,1250.36,699.2,98.99000000000001,189.47000000000003,xml_geometry_csv_action
BootPass_96,53,14,13,Position_Unknown,Team_Unknown,Action_PreSnap,1808.09,378.11,1919.01,658.03,110.92000000000007,279.91999999999996,xml_geometry_csv_action
BootPass_96,53,20,14,Position_Unknown,Team_Unknown,Action_PreSnap,781.37,472.63,966.12,734.01,184.75,261.38,xml_geometry_csv_action
BootPass_96,53,2,2,Position_Unknown,Team_Unknown,Action_PreSnap,1381.75,583.46,1536.7,826.72,154.95000000000005,243.26,xml_geometry_csv_action
BootPass_96,53,3,3,Position_Unknown,Team_Unknown,Action_PreSnap,1028.32,512.3,1229.75,752.24,201.43000000000006,239.94000000000005,xml_geometry_csv_action
BootPass_96,53,4,4,Position_Unknown,Team_Unknown,Action_PreSnap,486.39,623.25,649.55,918.94,163.15999999999997,295.69000000000005,xml_geometry_csv_action
BootPass_96,53,5,5,Position_Unknown,Team_Unknown,Action_PreSnap,1338.04,196.07,1455.86,463.29,117.81999999999994,267.22,xml_geometry_csv_action
BootPass_96,53,6,6,Position_Unknown,Team_Unknown,Action_PreSnap,818.58,525.42,978.8,879.38,160.2199999999999,353.96000000000004,xml_geometry_csv_action
BootPass_96,53,7,7,Position_Unknown,Team_Unknown,Action_PreSnap,1503.21,511.34,1694.76,771.32,191.54999999999995,259.9800000000001,xml_geometry_csv_action
BootPass_96,53,8,8,Position_Unknown,Team_Unknown,Action_PreSnap,201.69,497.26,334.28,685.9,132.58999999999997,188.64,xml_geometry_csv_action
BootPass_96,53,9,9,Position_Unknown,Team_Unknown,Action_PreSnap,569.58,520.16,720.08,753.26,150.5,233.10000000000002,xml_geometry_csv_action
BootPass_96,54,0,0,Position_Unknown,Team_Unknown,Action_PreSnap,275.99,505.01,470.79,768.7,194.8,263.69000000000005,xml_geometry_csv_action
BootPass_96,54,1,1,Position_Unknown,Team_Unknown,Action_PreSnap,1288.6,515.18,1464.37,763.02,175.76999999999998,247.84000000000003,xml_geometry_csv_action
BootPass_96,54,10,10,Position_Unknown,Team_Unknown,Action_PreSnap,1156.4,509.67,1259.56,688.58,103.15999999999985,178.91000000000003,xml_geometry_csv_action
BootPass_96,54,14,13,Position_Unknown,Team_Unknown,Action_PreSnap,1806.33,383.63,1919.59,664.9,113.25999999999999,281.27,xml_geometry_csv_action
BootPass_96,54,2,2,Position_Unknown,Team_Unknown,Action_PreSnap,1373.89,584.08,1536.79,834.95,162.89999999999986,250.87,xml_geometry_csv_action
BootPass_96,54,3,3,Position_Unknown,Team_Unknown,Action_PreSnap,1029.78,514.81,1238.88,756.44,209.10000000000014,241.6300000000001,xml_geometry_csv_action
BootPass_96,54,4,4,Position_Unknown,Team_Unknown,Action_PreSnap,485.82,627.73,649.77,927.31,163.95,299.5799999999999,xml_geometry_csv_action
BootPass_96,54,5,5,Position_Unknown,Team_Unknown,Action_PreSnap,1338.24,203.5,1455.45,470.33,117.21000000000004,266.83,xml_geometry_csv_action
BootPass_96,54,6,6,Position_Unknown,Team_Unknown,Action_PreSnap,819.17,539.37,981.74,887.61,162.57000000000005,348.24,xml_geometry_csv_action
BootPass_96,54,7,7,Position_Unknown,Team_Unknown,Action_PreSnap,1502.04,509.42,1720.52,770.91,218.48000000000002,261.48999999999995,xml_geometry_csv_action
BootPass_96,54,8,8,Position_Unknown,Team_Unknown,Action_PreSnap,199.22,504.29,340.0,694.17,140.78,189.87999999999994,xml_geometry_csv_action
BootPass_96,54,9,9,Position_Unknown,Team_Unknown,Action_PreSnap,570.3,522.02,723.99,758.28,153.69000000000005,236.26,xml_geometry_csv_action
BootPass_96,55,0,0,Position_Unknown,Team_Unknown,Action_PreSnap,279.72,511.36,493.39,779.29,213.66999999999996,267.92999999999995,xml_geometry_csv_action
BootPass_96,55,1,1,Position_Unknown,Team_Unknown,Action_PreSnap,1293.01,520.29,1483.77,771.01,190.76,250.72000000000003,xml_geometry_csv_action
BootPass_96,55,14,13,Position_Unknown,Team_Unknown,Action_PreSnap,1808.11,392.7,1920.0,675.58,111.8900000000001,282.88000000000005,xml_geometry_csv_action
BootPass_96,55,2,2,Position_Unknown,Team_Unknown,Action_PreSnap,1368.14,596.19,1540.82,847.05,172.67999999999984,250.8599999999999,xml_geometry_csv_action
BootPass_96,55,3,3,Position_Unknown,Team_Unknown,Action_PreSnap,1033.81,519.2,1255.39,766.79,221.58000000000015,247.58999999999992,xml_geometry_csv_action
BootPass_96,55,4,4,Position_Unknown,Team_Unknown,Action_PreSnap,488.78,634.7,653.46,939.34,164.68000000000006,304.64,xml_geometry_csv_action
BootPass_96,55,5,5,Position_Unknown,Team_Unknown,Action_PreSnap,1340.77,212.5,1460.48,480.94,119.71000000000004,268.44,xml_geometry_csv_action
BootPass_96,55,6,6,Position_Unknown,Team_Unknown,Action_PreSnap,825.66,558.71,988.45,897.97,162.79000000000008,339.26,xml_geometry_csv_action
BootPass_96,55,7,7,Position_Unknown,Team_Unknown,Action_PreSnap,1506.66,512.39,1741.65,774.67,234.99,262.28,xml_geometry_csv_action
BootPass_96,55,8,8,Position_Unknown,Team_Unknown,Action_PreSnap,196.81,513.53,347.52,706.04,150.70999999999998,192.51,xml_geometry_csv_action
BootPass_96,55,9,9,Position_Unknown,Team_Unknown,Action_PreSnap,576.48,527.36,734.37,765.09,157.89,237.73000000000002,xml_geometry_csv_action
BootPass_96,56,0,0,Position_Unknown,Team_Unknown,Action_PreSnap,282.0,519.08,506.32,790.63,224.32,271.54999999999995,xml_geometry_csv_action
BootPass_96,56,1,1,Position_Unknown,Team_Unknown,Action_PreSnap,1297.58,527.48,1502.09,780.84,204.51,253.36,xml_geometry_csv_action
BootPass_96,56,14,13,Position_Unknown,Team_Unknown,Action_PreSnap,1809.65,404.39,1920.0,686.35,110.34999999999991,281.96000000000004,xml_geometry_csv_action
BootPass_96,56,2,2,Position_Unknown,Team_Unknown,Action_PreSnap,1359.01,604.85,1544.42,859.19,185.41000000000008,254.34000000000003,xml_geometry_csv_action
BootPass_96,56,3,3,Position_Unknown,Team_Unknown,Action_PreSnap,1035.43,523.28,1271.34,784.51,235.90999999999985,261.23,xml_geometry_csv_action
BootPass_96,56,4,4,Position_Unknown,Team_Unknown,Action_PreSnap,491.21,641.68,654.82,951.1,163.61000000000007,309.4200000000001,xml_geometry_csv_action
BootPass_96,56,5,5,Position_Unknown,Team_Unknown,Action_PreSnap,1343.01,223.96,1461.94,493.21,118.93000000000006,269.25,xml_geometry_csv_action
BootPass_96,56,6,6,Position_Unknown,Team_Unknown,Action_PreSnap,827.56,511.06,996.6,909.69,169.04000000000008,398.63000000000005,xml_geometry_csv_action
BootPass_96,56,7,7,Position_Unknown,Team_Unknown,Action_PreSnap,1508.84,518.93,1756.7,785.16,247.86000000000013,266.23,xml_geometry_csv_action
BootPass_96,56,8,8,Position_Unknown,Team_Unknown,Action_PreSnap,195.44,525.03,354.98,723.64,159.54000000000002,198.61,xml_geometry_csv_action
BootPass_96,56,9,9,Position_Unknown,Team_Unknown,Action_PreSnap,582.03,532.45,744.14,771.47,162.11,239.01999999999998,xml_geometry_csv_action
BootPass_96,57,0,0,Position_Unknown,Team_Unknown,Action_PreSnap,281.82,517.83,510.39,790.73,228.57,272.9,xml_geometry_csv_action
BootPass_96,57,1,1,Position_Unknown,Team_Unknown,Action_PreSnap,1298.36,526.06,1508.24,780.36,209.8800000000001,254.30000000000007,xml_geometry_csv_action
BootPass_96,57,14,13,Position_Unknown,Team_Unknown,Action_PreSnap,1809.43,404.63,1919.64,686.15,110.21000000000004,281.52,xml_geometry_csv_action
BootPass_96,57,2,2,Position_Unknown,Team_Unknown,Action_PreSnap,1354.55,603.91,1544.78,859.51,190.23000000000002,255.60000000000002,xml_geometry_csv_action
BootPass_96,57,3,3,Position_Unknown,Team_Unknown,Action_PreSnap,1034.95,520.65,1276.52,787.04,241.56999999999994,266.39,xml_geometry_csv_action
BootPass_96,57,4,4,Position_Unknown,Team_Unknown,Action_PreSnap,491.23,640.13,654.38,951.29,163.14999999999998,311.15999999999997,xml_geometry_csv_action
BootPass_96,57,5,5,Position_Unknown,Team_Unknown,Action_PreSnap,1343.16,224.02,1461.48,493.66,118.31999999999994,269.64,xml_geometry_csv_action
BootPass_96,57,6,6,Position_Unknown,Team_Unknown,Action_PreSnap,827.28,490.53,998.7,909.87,171.42000000000007,419.34000000000003,xml_geometry_csv_action
BootPass_96,57,7,7,Position_Unknown,Team_Unknown,Action_PreSnap,1508.72,517.29,1761.64,784.74,252.92000000000007,267.45000000000005,xml_geometry_csv_action
BootPass_96,57,8,8,Position_Unknown,Team_Unknown,Action_PreSnap,193.71,525.3,356.65,723.93,162.93999999999997,198.63,xml_geometry_csv_action
BootPass_96,57,9,9,Position_Unknown,Team_Unknown,Action_PreSnap,583.21,530.24,746.79,769.69,163.57999999999993,239.45000000000005,xml_geometry_csv_action
BootPass_96,58,0,0,Position_Unknown,Team_Unknown,Action_PreSnap,279.45,527.89,515.89,803.43,236.44,275.53999999999996,xml_geometry_csv_action
BootPass_96,58,1,1,Position_Unknown,Team_Unknown,Action_PreSnap,1324.19,535.72,1518.6,762.54,194.40999999999985,226.81999999999994,xml_geometry_csv_action
BootPass_96,58,14,13,Position_Unknown,Team_Unknown,Action_PreSnap,1807.97,418.2,1919.18,698.56,111.21000000000004,280.35999999999996,xml_geometry_csv_action
BootPass_96,58,2,2,Position_Unknown,Team_Unknown,Action_PreSnap,1315.31,613.03,1529.28,870.33,213.97000000000003,257.30000000000007,xml_geometry_csv_action
BootPass_96,58,3,3,Position_Unknown,Team_Unknown,Action_PreSnap,1036.52,529.38,1275.63,799.3,239.11000000000013,269.91999999999996,xml_geometry_csv_action
BootPass_96,58,4,4,Position_Unknown,Team_Unknown,Action_PreSnap,488.62,650.2,652.09,965.73,163.47000000000003,315.53,xml_geometry_csv_action
BootPass_96,58,5,5,Position_Unknown,Team_Unknown,Action_PreSnap,1339.88,237.44,1461.5,507.04,121.61999999999989,269.6,xml_geometry_csv_action
BootPass_96,58,6,6,Position_Unknown,Team_Unknown,Action_PreSnap,824.21,489.95,1003.72,925.78,179.51,435.83,xml_geometry_csv_action
BootPass_96,58,7,7,Position_Unknown,Team_Unknown,Action_PreSnap,1516.12,524.5,1770.02,806.08,253.9000000000001,281.58000000000004,xml_geometry_csv_action
BootPass_96,58,8,8,Position_Unknown,Team_Unknown,Action_PreSnap,189.78,538.32,358.32,732.91,168.54,194.58999999999992,xml_geometry_csv_action
BootPass_96,58,9,9,Position_Unknown,Team_Unknown,Action_PreSnap,585.71,537.08,755.46,781.31,169.75,244.2299999999999,xml_geometry_csv_action
BootPass_96,59,0,0,Position_Unknown,Team_Unknown,Action_PreSnap,277.55,536.71,517.81,816.62,240.25999999999993,279.90999999999997,xml_geometry_csv_action
BootPass_96,59,1,1,Position_Unknown,Team_Unknown,Action_PreSnap,1342.02,543.57,1519.11,764.22,177.08999999999992,220.64999999999998,xml_geometry_csv_action
BootPass_96,59,14,13,Position_Unknown,Team_Unknown,Action_PreSnap,1804.0,431.86,1918.38,711.6,114.38000000000011,279.74,xml_geometry_csv_action
BootPass_96,59,21,15,Position_Unknown,Team_Unknown,Action_PreSnap,1492.44,529.3,1639.28,723.07,146.83999999999992,193.7700000000001,xml_geometry_csv_action
BootPass_96,59,2,2,Position_Unknown,Team_Unknown,Action_PreSnap,1297.88,620.38,1532.06,881.76,234.17999999999984,261.38,xml_geometry_csv_action
BootPass_96,59,3,3,Position_Unknown,Team_Unknown,Action_PreSnap,1034.58,538.51,1270.99,810.82,236.41000000000008,272.31000000000006,xml_geometry_csv_action
BootPass_96,59,4,4,Position_Unknown,Team_Unknown,Action_PreSnap,484.14,661.09,648.08,979.12,163.94000000000005,318.03,xml_geometry_csv_action
BootPass_96,59,5,5,Position_Unknown,Team_Unknown,Action_PreSnap,1337.33,252.28,1458.4,520.19,121.07000000000016,267.9100000000001,xml_geometry_csv_action
BootPass_96,59,6,6,Position_Unknown,Team_Unknown,Action_PreSnap,821.12,499.39,1006.16,939.15,185.03999999999996,439.76,xml_geometry_csv_action
BootPass_96,59,7,7,Position_Unknown,Team_Unknown,Action_PreSnap,1520.61,525.72,1776.78,821.54,256.1700000000001,295.81999999999994,xml_geometry_csv_action
BootPass_96,59,8,8,Position_Unknown,Team_Unknown,Action_PreSnap,189.35,552.45,357.36,746.12,168.01000000000002,193.66999999999996,xml_geometry_csv_action
BootPass_96,59,9,9,Position_Unknown,Team_Unknown,Action_PreSnap,584.97,543.98,762.55,800.03,177.57999999999993,256.04999999999995,xml_geometry_csv_action
BootPass_96,60,0,0,Position_Unknown,Team_Unknown,Action_PreSnap,273.29,528.8,519.42,821.28,246.12999999999994,292.48,xml_geometry_csv_action
BootPass_96,60,1,1,Position_Unknown,Team_Unknown,Action_PreSnap,1343.94,541.48,1508.49,798.95,164.54999999999995,257.47,xml_geometry_csv_action
BootPass_96,60,14,13,Position_Unknown,Team_Unknown,Action_PreSnap,1798.85,440.42,1916.86,716.71,118.00999999999999,276.29,xml_geometry_csv_action
BootPass_96,60,21,15,Position_Unknown,Team_Unknown,Action_PreSnap,1465.59,532.53,1616.32,729.62,150.73000000000002,197.09000000000003,xml_geometry_csv_action
BootPass_96,60,22,16,Position_Unknown,Team_Unknown,Action_PreSnap,914.59,510.49,1027.86,806.01,113.26999999999987,295.52,xml_geometry_csv_action
BootPass_96,60,2,2,Position_Unknown,Team_Unknown,Action_PreSnap,1269.55,618.28,1478.35,883.53,208.79999999999995,265.25,xml_geometry_csv_action
BootPass_96,60,3,3,Position_Unknown,Team_Unknown,Action_PreSnap,1045.06,540.19,1259.14,814.79,214.08000000000015,274.5999999999999,xml_geometry_csv_action
BootPass_96,60,4,4,Position_Unknown,Team_Unknown,Action_PreSnap,477.72,663.88,642.38,981.53,164.65999999999997,317.65,xml_geometry_csv_action
BootPass_96,60,5,5,Position_Unknown,Team_Unknown,Action_PreSnap,1331.5,260.82,1449.18,526.36,117.68000000000006,265.54,xml_geometry_csv_action
BootPass_96,60,6,6,Position_Unknown,Team_Unknown,Action_PreSnap,815.51,589.93,986.14,942.58,170.63,352.6500000000001,xml_geometry_csv_action
BootPass_96,60,7,7,Position_Unknown,Team_Unknown,Action_PreSnap,1524.1,520.92,1779.02,823.73,254.92000000000007,302.81000000000006,xml_geometry_csv_action
BootPass_96,60,8,8,Position_Unknown,Team_Unknown,Action_PreSnap,181.65,554.96,356.82,750.42,175.17,195.45999999999992,xml_geometry_csv_action
BootPass_96,60,9,9,Position_Unknown,Team_Unknown,Action_PreSnap,581.79,540.65,767.49,813.79,185.70000000000005,273.14,xml_geometry_csv_action
BootPass_96,61,0,0,Position_Unknown,Team_Unknown,Action_PreSnap,277.39,513.68,532.23,815.11,254.84000000000003,301.43000000000006,xml_geometry_csv_action
BootPass_96,61,1,1,Position_Unknown,Team_Unknown,Action_PreSnap,1352.0,531.75,1513.13,810.14,161.1300000000001,278.39,xml_geometry_csv_action
BootPass_96,61,14,13,Position_Unknown,Team_Unknown,Action_PreSnap,1805.77,436.07,1920.0,711.22,114.23000000000002,275.15000000000003,xml_geometry_csv_action
BootPass_96,61,21,15,Position_Unknown,Team_Unknown,Action_PreSnap,1460.87,522.46,1615.77,735.09,154.9000000000001,212.63,xml_geometry_csv_action
BootPass_96,61,22,16,Position_Unknown,Team_Unknown,Action_PreSnap,919.09,505.77,1047.65,800.51,128.56000000000006,294.74,xml_geometry_csv_action
BootPass_96,61,2,2,Position_Unknown,Team_Unknown,Action_PreSnap,1254.7,609.3,1463.05,877.13,208.3499999999999,267.83000000000004,xml_geometry_csv_action
BootPass_96,61,3,3,Position_Unknown,Team_Unknown,Action_PreSnap,1068.27,530.48,1262.61,808.53,194.33999999999992,278.04999999999995,xml_geometry_csv_action
BootPass_96,61,4,4,Position_Unknown,Team_Unknown,Action_PreSnap,482.79,655.96,650.14,972.94,167.34999999999997,316.98,xml_geometry_csv_action
BootPass_96,61,5,5,Position_Unknown,Team_Unknown,Action_PreSnap,1337.17,257.06,1453.08,521.26,115.90999999999985,264.2,xml_geometry_csv_action
BootPass_96,61,6,6,Position_Unknown,Team_Unknown,Action_PreSnap,823.0,612.12,985.7,936.21,162.70000000000005,324.09000000000003,xml_geometry_csv_action
BootPass_96,61,7,7,Position_Unknown,Team_Unknown,Action_PreSnap,1550.84,510.2,1784.07,816.73,233.23000000000002,306.53000000000003,xml_geometry_csv_action
BootPass_96,61,8,8,Position_Unknown,Team_Unknown,Action_PreSnap,187.4,545.28,365.38,743.96,177.98,198.68000000000006,xml_geometry_csv_action
BootPass_96,61,9,9,Position_Unknown,Team_Unknown,Action_PreSnap,593.17,526.88,776.43,810.27,183.26,283.39,xml_geometry_csv_action
BootPass_96,62,0,0,Position_Unknown,Team_Unknown,Action_PreSnap,281.37,502.9,547.99,809.64,266.62,306.74,xml_geometry_csv_action
BootPass_96,62,1,1,Position_Unknown,Team_Unknown,Action_PreSnap,1358.42,525.0,1523.74,810.31,165.31999999999994,285.30999999999995,xml_geometry_csv_action
BootPass_96,62,14,13,Position_Unknown,Team_Unknown,Action_PreSnap,1813.49,433.25,1920.0,705.8,106.50999999999999,272.54999999999995,xml_geometry_csv_action
BootPass_96,62,21,15,Position_Unknown,Team_Unknown,Action_PreSnap,1464.27,514.02,1623.47,747.83,159.20000000000005,233.81000000000006,xml_geometry_csv_action
BootPass_96,62,22,16,Position_Unknown,Team_Unknown,Action_PreSnap,926.32,506.8,1077.57,792.2,151.2499999999999,285.40000000000003,xml_geometry_csv_action
BootPass_96,62,2,2,Position_Unknown,Team_Unknown,Action_PreSnap,1236.14,603.07,1438.21,872.35,202.06999999999994,269.28,xml_geometry_csv_action
BootPass_96,62,3,3,Position_Unknown,Team_Unknown,Action_PreSnap,1087.96,520.85,1264.51,801.28,176.54999999999995,280.42999999999995,xml_geometry_csv_action
BootPass_96,62,4,4,Position_Unknown,Team_Unknown,Action_PreSnap,487.14,650.81,658.81,967.15,171.66999999999996,316.34000000000003,xml_geometry_csv_action
BootPass_96,62,5,5,Position_Unknown,Team_Unknown,Action_PreSnap,1343.08,251.92,1458.53,516.61,115.45000000000005,264.69000000000005,xml_geometry_csv_action
BootPass_96,62,6,6,Position_Unknown,Team_Unknown,Action_PreSnap,830.52,617.5,989.4,930.34,158.88,312.84000000000003,xml_geometry_csv_action
BootPass_96,62,7,7,Position_Unknown,Team_Unknown,Action_PreSnap,1592.08,501.81,1787.78,810.23,195.70000000000005,308.42,xml_geometry_csv_action
BootPass_96,62,8,8,Position_Unknown,Team_Unknown,Action_PreSnap,192.41,533.98,373.69,737.02,181.28,203.03999999999996,xml_geometry_csv_action
BootPass_96,62,9,9,Position_Unknown,Team_Unknown,Action_PreSnap,603.71,515.3,788.65,804.38,184.93999999999994,289.08000000000004,xml_geometry_csv_action
BootPass_96,63,0,0,Position_Unknown,Team_Unknown,Action_PreSnap,289.55,495.73,563.92,804.83,274.36999999999995,309.1,xml_geometry_csv_action
BootPass_96,63,1,1,Position_Unknown,Team_Unknown,Action_PreSnap,1360.41,518.73,1528.73,805.7,168.31999999999994,286.97,xml_geometry_csv_action
BootPass_96,63,14,13,Position_Unknown,Team_Unknown,Action_PreSnap,1819.56,431.35,1920.0,700.23,100.44000000000005,268.88,xml_geometry_csv_action
BootPass_96,63,21,15,Position_Unknown,Team_Unknown,Action_PreSnap,1474.79,508.84,1627.66,749.05,152.87000000000012,240.20999999999998,xml_geometry_csv_action
BootPass_96,63,22,16,Position_Unknown,Team_Unknown,Action_PreSnap,932.36,508.71,1107.47,787.33,175.11,278.62000000000006,xml_geometry_csv_action
BootPass_96,63,2,2,Position_Unknown,Team_Unknown,Action_PreSnap,1218.36,600.36,1428.15,868.17,209.7900000000002,267.80999999999995,xml_geometry_csv_action
BootPass_96,63,3,3,Position_Unknown,Team_Unknown,Action_PreSnap,1092.42,511.84,1264.96,795.34,172.53999999999996,283.50000000000006,xml_geometry_csv_action
BootPass_96,63,4,4,Position_Unknown,Team_Unknown,Action_PreSnap,490.18,650.73,663.87,962.65,173.69,311.91999999999996,xml_geometry_csv_action
BootPass_96,63,5,5,Position_Unknown,Team_Unknown,Action_PreSnap,1346.41,248.82,1462.47,513.0,116.05999999999995,264.18,xml_geometry_csv_action
BootPass_96,63,6,6,Position_Unknown,Team_Unknown,Action_SnapReceive,838.67,605.75,997.83,926.02,159.16000000000008,320.27,xml_geometry_csv_action
BootPass_96,63,7,7,Position_Unknown,Team_Unknown,Action_PreSnap,1619.47,496.72,1793.5,805.38,174.02999999999997,308.65999999999997,xml_geometry_csv_action
BootPass_96,63,8,8,Position_Unknown,Team_Unknown,Action_PreSnap,193.61,520.8,389.16,729.87,195.55,209.07000000000005,xml_geometry_csv_action
BootPass_96,63,9,9,Position_Unknown,Team_Unknown,Action_PreSnap,608.11,507.8,796.91,799.87,188.79999999999995,292.07,xml_geometry_csv_action
BootPass_96,64,0,0,Position_Unknown,Team_Unknown,Action_PreSnap,310.66,491.56,582.23,798.41,271.57,306.84999999999997,xml_geometry_csv_action
BootPass_96,64,1,1,Position_Unknown,Team_Unknown,Action_PreSnap,1368.15,513.71,1530.16,804.42,162.01,290.7099999999999,xml_geometry_csv_action
BootPass_96,64,14,13,Position_Unknown,Team_Unknown,Action_PreSnap,1825.24,432.83,1920.0,697.98,94.75999999999999,265.15000000000003,xml_geometry_csv_action
BootPass_96,64,21,15,Position_Unknown,Team_Unknown,Action_PreSnap,1480.74,506.13,1633.23,745.06,152.49,238.92999999999995,xml_geometry_csv_action
BootPass_96,64,22,16,Position_Unknown,Team_Unknown,Action_PreSnap,938.39,510.14,1120.27,781.11,181.88,270.97,xml_geometry_csv_action
BootPass_96,64,2,2,Position_Unknown,Team_Unknown,Action_PreSnap,1194.55,595.93,1426.13,865.19,231.58000000000015,269.2600000000001,xml_geometry_csv_action
BootPass_96,64,3,3,Position_Unknown,Team_Unknown,Action_PreSnap,1098.97,502.76,1261.57,790.55,162.5999999999999,287.78999999999996,xml_geometry_csv_action
BootPass_96,64,4,4,Position_Unknown,Team_Unknown,Action_PreSnap,494.53,652.44,673.51,961.53,178.98000000000002,309.0899999999999,xml_geometry_csv_action
BootPass_96,64,5,5,Position_Unknown,Team_Unknown,Action_PreSnap,1351.58,246.9,1467.02,508.88,115.44000000000005,261.98,xml_geometry_csv_action
BootPass_96,64,6,6,Position_Unknown,Team_Unknown,Action_None,847.91,597.9,1006.49,922.94,158.58000000000004,325.0400000000001,xml_geometry_csv_action
BootPass_96,64,7,7,Position_Unknown,Team_Unknown,Action_PreSnap,1638.8,491.44,1809.87,803.59,171.06999999999994,312.15000000000003,xml_geometry_csv_action
BootPass_96,64,8,8,Position_Unknown,Team_Unknown,Action_PreSnap,196.4,510.51,402.88,721.81,206.48,211.29999999999995,xml_geometry_csv_action
BootPass_96,64,9,9,Position_Unknown,Team_Unknown,Action_PreSnap,618.05,506.36,801.18,797.5,183.13,291.14,xml_geometry_csv_action
BootPass_96,65,0,0,Position_Unknown,Team_Unknown,Action_PreSnap,335.08,487.54,601.27,795.42,266.19,307.87999999999994,xml_geometry_csv_action
BootPass_96,65,1,1,Position_Unknown,Team_Unknown,Action_PreSnap,1380.67,507.98,1532.42,806.84,151.75,298.86,xml_geometry_csv_action
BootPass_96,65,14,13,Position_Unknown,Team_Unknown,Action_PreSnap,1828.94,434.94,1920.0,695.36,91.05999999999995,260.42,xml_geometry_csv_action
BootPass_96,65,21,15,Position_Unknown,Team_Unknown,Action_PreSnap,1484.3,503.95,1631.8,743.14,147.5,239.19,xml_geometry_csv_action
BootPass_96,65,22,16,Position_Unknown,Team_Unknown,Action_PreSnap,941.5,511.0,1129.69,776.42,188.19000000000005,265.41999999999996,xml_geometry_csv_action
BootPass_96,65,2,2,Position_Unknown,Team_Unknown,Action_PreSnap,1170.31,589.85,1418.32,861.29,248.01,271.43999999999994,xml_geometry_csv_action
BootPass_96,65,3,3,Position_Unknown,Team_Unknown,Action_PreSnap,1101.61,494.41,1265.94,791.13,164.33000000000015,296.71999999999997,xml_geometry_csv_action
BootPass_96,65,4,4,Position_Unknown,Team_Unknown,Action_PreSnap,494.38,654.42,680.43,960.39,186.04999999999995,305.97,xml_geometry_csv_action
BootPass_96,65,5,5,Position_Unknown,Team_Unknown,Action_PreSnap,1353.2,245.19,1470.45,506.03,117.25,260.84,xml_geometry_csv_action
BootPass_96,65,6,6,Position_Unknown,Team_Unknown,Action_None,847.69,595.13,1007.07,921.38,159.38,326.25,xml_geometry_csv_action
BootPass_96,65,7,7,Position_Unknown,Team_Unknown,Action_PreSnap,1647.13,482.36,1817.48,801.58,170.3499999999999,319.22,xml_geometry_csv_action
BootPass_96,65,8,8,Position_Unknown,Team_Unknown,Action_PreSnap,197.59,503.04,421.91,716.71,224.32000000000002,213.67000000000002,xml_geometry_csv_action
BootPass_96,65,9,9,Position_Unknown,Team_Unknown,Action_PreSnap,631.65,505.38,808.29,788.94,176.64,283.56000000000006,xml_geometry_csv_action
BootPass_96,66,0,0,Position_Unknown,Team_Unknown,Action_PreSnap,362.35,480.98,612.9,788.75,250.54999999999995,307.77,xml_geometry_csv_action
BootPass_96,66,1,1,Position_Unknown,Team_Unknown,Action_PreSnap,1384.49,500.52,1531.97,805.56,147.48000000000002,305.03999999999996,xml_geometry_csv_action
BootPass_96,66,14,13,Position_Unknown,Team_Unknown,Action_PreSnap,1829.68,434.94,1918.86,688.84,89.17999999999984,253.90000000000003,xml_geometry_csv_action
BootPass_96,66,21,15,Position_Unknown,Team_Unknown,Action_PreSnap,1484.93,499.94,1638.37,739.27,153.43999999999983,239.32999999999998,xml_geometry_csv_action
BootPass_96,66,22,16,Position_Unknown,Team_Unknown,Action_PreSnap,946.27,509.54,1134.56,776.6,188.28999999999996,267.06,xml_geometry_csv_action
BootPass_96,66,2,2,Position_Unknown,Team_Unknown,Action_PreSnap,1147.19,581.5,1401.25,844.87,254.05999999999995,263.37,xml_geometry_csv_action
BootPass_96,66,3,3,Position_Unknown,Team_Unknown,Action_PreSnap,1104.17,489.27,1272.93,782.19,168.76,292.9200000000001,xml_geometry_csv_action
BootPass_96,66,4,4,Position_Unknown,Team_Unknown,Action_PreSnap,491.48,653.18,686.11,955.69,194.63,302.5100000000001,xml_geometry_csv_action
BootPass_96,66,5,5,Position_Unknown,Team_Unknown,Action_PreSnap,1352.01,242.37,1469.76,501.81,117.75,259.44,xml_geometry_csv_action
BootPass_96,66,6,6,Position_Unknown,Team_Unknown,Action_FakeHandoff,845.06,595.8,1005.42,917.95,160.36,322.1500000000001,xml_geometry_csv_action
BootPass_96,66,7,7,Position_Unknown,Team_Unknown,Action_PreSnap,1651.59,471.4,1817.62,796.87,166.02999999999997,325.47,xml_geometry_csv_action
BootPass_96,66,8,8,Position_Unknown,Team_Unknown,Action_PreSnap,195.97,494.09,416.73,710.22,220.76000000000002,216.13000000000005,xml_geometry_csv_action
BootPass_96,66,9,9,Position_Unknown,Team_Unknown,Action_PreSnap,638.77,503.47,822.54,779.66,183.76999999999998,276.18999999999994,xml_geometry_csv_action
BootPass_96,67,0,0,Position_Unknown,Team_Unknown,Action_PreSnap,386.83,473.64,617.75,783.5,230.92000000000002,309.86,xml_geometry_csv_action
BootPass_96,67,1,1,Position_Unknown,Team_Unknown,Action_PreSnap,1386.57,493.5,1534.85,796.94,148.27999999999997,303.44000000000005,xml_geometry_csv_action
BootPass_96,67,14,13,Position_Unknown,Team_Unknown,Action_PreSnap,1831.39,433.11,1918.85,680.15,87.45999999999981,247.03999999999996,xml_geometry_csv_action
BootPass_96,67,21,15,Position_Unknown,Team_Unknown,Action_PreSnap,1475.94,494.95,1646.75,732.84,170.80999999999995,237.89000000000004,xml_geometry_csv_action
BootPass_96,67,22,16,Position_Unknown,Team_Unknown,Action_PreSnap,942.76,506.55,1147.0,775.75,204.24,269.2,xml_geometry_csv_action
BootPass_96,67,24,17,Position_Unknown,Team_Unknown,Action_PreSnap,582.17,501.47,697.58,699.82,115.41000000000008,198.35000000000002,xml_geometry_csv_action
BootPass_96,67,2,2,Position_Unknown,Team_Unknown,Action_PreSnap,1129.88,574.83,1372.56,832.49,242.67999999999984,257.65999999999997,xml_geometry_csv_action
BootPass_96,67,3,3,Position_Unknown,Team_Unknown,Action_PreSnap,1129.23,483.61,1275.92,739.7,146.69000000000005,256.09000000000003,xml_geometry_csv_action
BootPass_96,67,4,4,Position_Unknown,Team_Unknown,Action_PreSnap,490.11,650.66,692.67,949.78,202.55999999999995,299.12,xml_geometry_csv_action
BootPass_96,67,5,5,Position_Unknown,Team_Unknown,Action_PreSnap,1352.56,238.31,1470.37,496.79,117.80999999999995,258.48,xml_geometry_csv_action
BootPass_96,67,6,6,Position_Unknown,Team_Unknown,Action_FakeHandoff,843.02,594.74,1003.5,911.82,160.48000000000002,317.08000000000004,xml_geometry_csv_action
BootPass_96,67,7,7,Position_Unknown,Team_Unknown,Action_PreSnap,1659.02,461.06,1818.31,787.44,159.28999999999996,326.38000000000005,xml_geometry_csv_action
BootPass_96,67,8,8,Position_Unknown,Team_Unknown,Action_PreSnap,198.13,483.93,428.16,703.7,230.03000000000003,219.77000000000004,xml_geometry_csv_action
BootPass_96,67,9,9,Position_Unknown,Team_Unknown,Action_PreSnap,645.33,500.16,834.59,773.86,189.26,273.7,xml_geometry_csv_action
BootPass_96,68,0,0,Position_Unknown,Team_Unknown,Action_PreSnap,413.29,466.29,617.19,772.88,203.90000000000003,306.59,xml_geometry_csv_action
BootPass_96,68,1,1,Position_Unknown,Team_Unknown,Action_PreSnap,1386.55,485.32,1541.64,783.24,155.09000000000015,297.92,xml_geometry_csv_action
BootPass_96,68,14,13,Position_Unknown,Team_Unknown,Action_PreSnap,1833.55,430.05,1919.42,673.94,85.87000000000012,243.89000000000004,xml_geometry_csv_action
BootPass_96,68,21,15,Position_Unknown,Team_Unknown,Action_PreSnap,1477.06,487.65,1652.4,726.95,175.34000000000015,239.30000000000007,xml_geometry_csv_action
BootPass_96,68,22,16,Position_Unknown,Team_Unknown,Action_PreSnap,946.82,502.71,1164.64,770.76,217.82000000000005,268.05,xml_geometry_csv_action
BootPass_96,68,2,2,Position_Unknown,Team_Unknown,Action_PreSnap,1105.12,570.05,1298.12,826.43,193.0,256.38,xml_geometry_csv_action
BootPass_96,68,3,3,Position_Unknown,Team_Unknown,Action_PreSnap,1157.81,478.41,1293.35,750.4,135.53999999999996,271.98999999999995,xml_geometry_csv_action
BootPass_96,68,4,4,Position_Unknown,Team_Unknown,Action_PreSnap,490.71,646.48,697.83,944.45,207.12000000000006,297.97,xml_geometry_csv_action
BootPass_96,68,5,5,Position_Unknown,Team_Unknown,Action_PreSnap,1354.27,232.82,1472.04,492.28,117.76999999999998,259.46,xml_geometry_csv_action
BootPass_96,68,6,6,Position_Unknown,Team_Unknown,Action_FakeHandoff,831.89,459.9,1000.94,904.66,169.05000000000007,444.76,xml_geometry_csv_action
BootPass_96,68,7,7,Position_Unknown,Team_Unknown,Action_PreSnap,1668.36,451.38,1821.82,770.69,153.46000000000004,319.31000000000006,xml_geometry_csv_action
BootPass_96,68,8,8,Position_Unknown,Team_Unknown,Action_PreSnap,207.74,472.08,432.57,696.1,224.82999999999998,224.02000000000004,xml_geometry_csv_action
BootPass_96,68,9,9,Position_Unknown,Team_Unknown,Action_PreSnap,652.54,495.03,839.35,775.04,186.81000000000006,280.01,xml_geometry_csv_action
BootPass_96,69,0,0,Position_Unknown,Team_Unknown,Action_PreSnap,433.03,460.66,615.84,766.82,182.81000000000006,306.16,xml_geometry_csv_action
BootPass_96,69,1,1,Position_Unknown,Team_Unknown,Action_PreSnap,1383.57,478.68,1545.09,769.19,161.51999999999998,290.51000000000005,xml_geometry_csv_action
BootPass_96,69,14,13,Position_Unknown,Team_Unknown,Action_PreSnap,1834.03,427.12,1918.87,668.62,84.83999999999992,241.5,xml_geometry_csv_action
BootPass_96,69,21,15,Position_Unknown,Team_Unknown,Action_PreSnap,1470.93,481.55,1652.92,722.06,181.99,240.50999999999993,xml_geometry_csv_action
BootPass_96,69,22,16,Position_Unknown,Team_Unknown,Action_PreSnap,950.06,496.73,1183.38,762.06,233.32000000000016,265.3299999999999,xml_geometry_csv_action
BootPass_96,69,2,2,Position_Unknown,Team_Unknown,Action_PreSnap,1074.51,565.33,1256.23,823.11,181.72000000000003,257.78,xml_geometry_csv_action
BootPass_96,69,3,3,Position_Unknown,Team_Unknown,Action_PreSnap,1168.54,472.87,1328.05,770.84,159.51,297.97,xml_geometry_csv_action
BootPass_96,69,4,4,Position_Unknown,Team_Unknown,Action_PreSnap,489.73,639.5,704.64,940.46,214.90999999999997,300.96000000000004,xml_geometry_csv_action
BootPass_96,69,5,5,Position_Unknown,Team_Unknown,Action_PreSnap,1354.85,227.16,1472.51,488.51,117.66000000000008,261.35,xml_geometry_csv_action
BootPass_96,69,6,6,Position_Unknown,Team_Unknown,Action_FakeHandoff,823.56,525.02,1007.28,898.68,183.72000000000003,373.65999999999997,xml_geometry_csv_action
BootPass_96,69,7,7,Position_Unknown,Team_Unknown,Action_PreSnap,1677.25,442.03,1825.26,754.05,148.01,312.02,xml_geometry_csv_action
BootPass_96,69,8,8,Position_Unknown,Team_Unknown,Action_PreSnap,226.44,460.21,439.24,689.91,212.8,229.7,xml_geometry_csv_action
BootPass_96,69,9,9,Position_Unknown,Team_Unknown,Action_PreSnap,658.62,489.99,839.56,767.53,180.93999999999994,277.53999999999996,xml_geometry_csv_action
BootPass_96,70,0,0,Position_Unknown,Team_Unknown,Action_PreSnap,446.34,456.31,618.22,760.35,171.88000000000005,304.04,xml_geometry_csv_action
BootPass_96,70,1,1,Position_Unknown,Team_Unknown,Action_PreSnap,1381.26,472.29,1547.48,761.47,166.22000000000003,289.18,xml_geometry_csv_action
BootPass_96,70,14,13,Position_Unknown,Team_Unknown,Action_PreSnap,1836.35,428.19,1918.98,664.29,82.63000000000011,236.09999999999997,xml_geometry_csv_action
BootPass_96,70,21,15,Position_Unknown,Team_Unknown,Action_PreSnap,1472.05,474.03,1652.96,717.94,180.91000000000008,243.91000000000008,xml_geometry_csv_action
BootPass_96,70,22,16,Position_Unknown,Team_Unknown,Action_PreSnap,997.68,491.31,1196.06,760.98,198.38,269.67,xml_geometry_csv_action
BootPass_96,70,2,2,Position_Unknown,Team_Unknown,Action_PreSnap,1043.02,565.79,1242.38,820.67,199.36000000000013,254.88,xml_geometry_csv_action
BootPass_96,70,3,3,Position_Unknown,Team_Unknown,Action_PreSnap,1172.95,469.44,1342.29,778.16,169.33999999999992,308.71999999999997,xml_geometry_csv_action
BootPass_96,70,4,4,Position_Unknown,Team_Unknown,Action_PreSnap,489.49,632.42,707.56,935.88,218.06999999999994,303.46000000000004,xml_geometry_csv_action
BootPass_96,70,5,5,Position_Unknown,Team_Unknown,Action_PreSnap,1355.04,221.77,1473.34,484.06,118.29999999999995,262.28999999999996,xml_geometry_csv_action
BootPass_96,70,6,6,Position_Unknown,Team_Unknown,Action_FakeHandoff,820.79,557.67,1014.67,892.25,193.88,334.58000000000004,xml_geometry_csv_action
BootPass_96,70,7,7,Position_Unknown,Team_Unknown,Action_PreSnap,1685.19,434.22,1834.03,741.03,148.83999999999992,306.80999999999995,xml_geometry_csv_action
BootPass_96,70,8,8,Position_Unknown,Team_Unknown,Action_PreSnap,248.77,451.99,451.98,687.59,203.21,235.60000000000002,xml_geometry_csv_action
BootPass_96,70,9,9,Position_Unknown,Team_Unknown,Action_PreSnap,662.35,482.63,843.1,761.21,180.75,278.58000000000004,xml_geometry_csv_action
BootPass_96,71,0,0,Position_Unknown,Team_Unknown,Action_PreSnap,448.92,455.4,624.84,757.41,175.92000000000002,302.01,xml_geometry_csv_action
BootPass_96,71,1,1,Position_Unknown,Team_Unknown,Action_PreSnap,1383.42,465.4,1550.7,757.01,167.27999999999997,291.61,xml_geometry_csv_action
BootPass_96,71,14,13,Position_Unknown,Team_Unknown,Action_PreSnap,1836.23,431.92,1919.2,664.19,82.97000000000003,232.27000000000004,xml_geometry_csv_action
BootPass_96,71,20,14,Position_Unknown,Team_Unknown,Action_PreSnap,816.0,386.52,992.3,889.53,176.29999999999995,503.01,xml_geometry_csv_action
BootPass_96,71,21,15,Position_Unknown,Team_Unknown,Action_PreSnap,1478.67,467.34,1651.92,714.81,173.25,247.46999999999997,xml_geometry_csv_action
BootPass_96,71,22,16,Position_Unknown,Team_Unknown,Action_PreSnap,1050.89,485.18,1205.8,675.99,154.90999999999985,190.81,xml_geometry_csv_action
BootPass_96,71,2,2,Position_Unknown,Team_Unknown,Action_PreSnap,1017.24,561.78,1230.1,815.62,212.8599999999999,253.84000000000003,xml_geometry_csv_action
BootPass_96,71,3,3,Position_Unknown,Team_Unknown,Action_PreSnap,1167.24,465.01,1345.36,780.09,178.1199999999999,315.08000000000004,xml_geometry_csv_action
BootPass_96,71,4,4,Position_Unknown,Team_Unknown,Action_PreSnap,491.26,624.52,715.2,931.28,223.94000000000005,306.76,xml_geometry_csv_action
BootPass_96,71,5,5,Position_Unknown,Team_Unknown,Action_PreSnap,1355.67,217.06,1475.88,477.95,120.21000000000004,260.89,xml_geometry_csv_action
BootPass_96,71,6,6,Position_Unknown,Team_Unknown,Action_FakeHandoff,816.8,566.17,1007.93,888.8,191.13,322.63,xml_geometry_csv_action
BootPass_96,71,7,7,Position_Unknown,Team_Unknown,Action_PreSnap,1691.29,428.65,1845.65,732.64,154.36000000000013,303.99,xml_geometry_csv_action
BootPass_96,71,8,8,Position_Unknown,Team_Unknown,Action_PreSnap,274.72,446.58,468.59,685.59,193.86999999999995,239.01000000000005,xml_geometry_csv_action
BootPass_96,71,9,9,Position_Unknown,Team_Unknown,Action_PreSnap,670.69,471.7,845.95,758.37,175.26,286.67,xml_geometry_csv_action
BootPass_96,72,0,0,Position_Unknown,Team_Unknown,Action_PreSnap,449.58,453.94,634.35,754.21,184.77000000000004,300.27000000000004,xml_geometry_csv_action
BootPass_96,72,1,1,Position_Unknown,Team_Unknown,Action_PreSnap,1380.66,458.39,1551.37,753.15,170.7099999999998,294.76,xml_geometry_csv_action
BootPass_96,72,11,11,Position_Unknown,Team_Unknown,Action_PreSnap,814.04,377.23,969.7,607.24,155.66000000000008,230.01,xml_geometry_csv_action
BootPass_96,72,14,13,Position_Unknown,Team_Unknown,Action_PreSnap,1836.59,425.44,1918.57,669.75,81.98000000000002,244.31,xml_geometry_csv_action
BootPass_96,72,21,15,Position_Unknown,Team_Unknown,Action_PreSnap,1484.59,462.61,1651.0,713.53,166.41000000000008,250.91999999999996,xml_geometry_csv_action
BootPass_96,72,22,16,Position_Unknown,Team_Unknown,Action_PreSnap,1063.45,477.65,1209.61,685.02,146.15999999999985,207.37,xml_geometry_csv_action
BootPass_96,72,2,2,Position_Unknown,Team_Unknown,Action_PreSnap,992.9,557.09,1220.03,814.85,227.13,257.76,xml_geometry_csv_action
BootPass_96,72,3,3,Position_Unknown,Team_Unknown,Action_PreSnap,1155.41,459.34,1346.17,782.35,190.76,323.01000000000005,xml_geometry_csv_action
BootPass_96,72,4,4,Position_Unknown,Team_Unknown,Action_PreSnap,502.24,618.27,727.61,930.98,225.37,312.71000000000004,xml_geometry_csv_action
BootPass_96,72,5,5,Position_Unknown,Team_Unknown,Action_PreSnap,1357.1,212.89,1475.78,474.15,118.68000000000006,261.26,xml_geometry_csv_action
BootPass_96,72,6,6,Position_Unknown,Team_Unknown,Action_FakeHandoff,812.7,566.31,1001.36,888.29,188.65999999999997,321.98,xml_geometry_csv_action
BootPass_96,72,7,7,Position_Unknown,Team_Unknown,Action_PreSnap,1694.83,425.53,1849.87,725.56,155.03999999999996,300.03,xml_geometry_csv_action
BootPass_96,72,8,8,Position_Unknown,Team_Unknown,Action_PreSnap,299.94,440.93,479.82,683.68,179.88,242.74999999999994,xml_geometry_csv_action
BootPass_96,72,9,9,Position_Unknown,Team_Unknown,Action_PreSnap,672.96,462.09,843.97,755.51,171.01,293.42,xml_geometry_csv_action
BootPass_96,73,0,0,Position_Unknown,Team_Unknown,Action_PreSnap,449.13,450.54,646.79,753.67,197.65999999999997,303.12999999999994,xml_geometry_csv_action
BootPass_96,73,1,1,Position_Unknown,Team_Unknown,Action_PreSnap,1375.87,452.02,1546.57,752.54,170.70000000000005,300.52,xml_geometry_csv_action
BootPass_96,73,11,11,Position_Unknown,Team_Unknown,Action_PreSnap,810.87,378.13,963.57,601.3,152.70000000000005,223.16999999999996,xml_geometry_csv_action
BootPass_96,73,14,13,Position_Unknown,Team_Unknown,Action_PreSnap,1841.35,423.64,1918.06,672.8,76.71000000000004,249.15999999999997,xml_geometry_csv_action
BootPass_96,73,21,15,Position_Unknown,Team_Unknown,Action_PreSnap,1492.11,458.75,1649.83,722.58,157.72000000000003,263.83000000000004,xml_geometry_csv_action
BootPass_96,73,22,16,Position_Unknown,Team_Unknown,Action_PreSnap,1069.37,472.28,1209.75,700.78,140.3800000000001,228.5,xml_geometry_csv_action
BootPass_96,73,2,2,Position_Unknown,Team_Unknown,Action_PreSnap,959.57,552.35,1198.58,815.39,239.00999999999988,263.03999999999996,xml_geometry_csv_action
BootPass_96,73,3,3,Position_Unknown,Team_Unknown,Action_PreSnap,1144.08,454.88,1333.68,788.77,189.60000000000014,333.89,xml_geometry_csv_action
BootPass_96,73,4,4,Position_Unknown,Team_Unknown,Action_PreSnap,524.79,614.19,753.89,927.33,229.10000000000002,313.14,xml_geometry_csv_action
BootPass_96,73,5,5,Position_Unknown,Team_Unknown,Action_PreSnap,1356.6,209.88,1475.72,470.79,119.12000000000012,260.91,xml_geometry_csv_action
BootPass_96,73,6,6,Position_Unknown,Team_Unknown,Action_None,807.24,566.37,998.87,889.37,191.63,323.0,xml_geometry_csv_action
BootPass_96,73,7,7,Position_Unknown,Team_Unknown,Action_PreSnap,1695.15,423.53,1853.66,722.99,158.51,299.46000000000004,xml_geometry_csv_action
BootPass_96,73,8,8,Position_Unknown,Team_Unknown,Action_PreSnap,321.63,434.18,487.91,682.72,166.28000000000003,248.54000000000002,xml_geometry_csv_action
BootPass_96,73,9,9,Position_Unknown,Team_Unknown,Action_PreSnap,673.26,454.93,843.28,747.25,170.01999999999998,292.32,xml_geometry_csv_action
BootPass_96,74,0,0,Position_Unknown,Team_Unknown,Action_PreSnap,452.41,446.08,660.51,753.17,208.09999999999997,307.09,xml_geometry_csv_action
BootPass_96,74,1,1,Position_Unknown,Team_Unknown,Action_PreSnap,1371.53,447.92,1541.42,751.09,169.8900000000001,303.17,xml_geometry_csv_action
BootPass_96,74,11,11,Position_Unknown,Team_Unknown,Action_PreSnap,807.35,378.35,956.65,603.57,149.29999999999995,225.22000000000003,xml_geometry_csv_action
BootPass_96,74,14,13,Position_Unknown,Team_Unknown,Action_PreSnap,1848.1,418.94,1918.17,669.51,70.07000000000016,250.57,xml_geometry_csv_action
BootPass_96,74,21,15,Position_Unknown,Team_Unknown,Action_PreSnap,1498.14,453.2,1649.14,730.53,151.0,277.33,xml_geometry_csv_action
BootPass_96,74,22,16,Position_Unknown,Team_Unknown,Action_PreSnap,1064.48,465.71,1209.39,709.79,144.91000000000008,244.07999999999998,xml_geometry_csv_action
BootPass_96,74,2,2,Position_Unknown,Team_Unknown,Action_PreSnap,886.68,549.45,1156.98,808.18,270.30000000000007,258.7299999999999,xml_geometry_csv_action
BootPass_96,74,3,3,Position_Unknown,Team_Unknown,Action_PreSnap,1142.63,451.67,1328.42,791.89,185.78999999999996,340.21999999999997,xml_geometry_csv_action
BootPass_96,74,4,4,Position_Unknown,Team_Unknown,Action_PreSnap,550.35,611.78,802.22,923.32,251.87,311.5400000000001,xml_geometry_csv_action
BootPass_96,74,5,5,Position_Unknown,Team_Unknown,Action_PreSnap,1355.84,207.39,1476.44,467.74,120.60000000000014,260.35,xml_geometry_csv_action
BootPass_96,74,6,6,Position_Unknown,Team_Unknown,Action_None,799.44,565.24,996.88,889.2,197.43999999999994,323.96000000000004,xml_geometry_csv_action
BootPass_96,74,7,7,Position_Unknown,Team_Unknown,Action_PreSnap,1694.44,422.78,1858.01,721.67,163.56999999999994,298.89,xml_geometry_csv_action
BootPass_96,74,8,8,Position_Unknown,Team_Unknown,Action_PreSnap,333.15,430.04,489.28,685.13,156.13,255.08999999999997,xml_geometry_csv_action
BootPass_96,74,9,9,Position_Unknown,Team_Unknown,Action_PreSnap,667.75,448.61,832.63,726.08,164.88,277.47,xml_geometry_csv_action
BootPass_96,75,0,0,Position_Unknown,Team_Unknown,Action_PreSnap,454.42,442.78,677.07,751.5,222.65000000000003,308.72,xml_geometry_csv_action
BootPass_96,75,1,1,Position_Unknown,Team_Unknown,Action_PreSnap,1368.69,444.82,1540.33,752.7,171.63999999999987,307.88000000000005,xml_geometry_csv_action
BootPass_96,75,11,11,Position_Unknown,Team_Unknown,Action_PreSnap,808.04,377.74,957.29,607.06,149.25,229.31999999999994,xml_geometry_csv_action
BootPass_96,75,14,13,Position_Unknown,Team_Unknown,Action_PreSnap,1856.09,416.46,1918.5,664.21,62.41000000000008,247.75000000000006,xml_geometry_csv_action
BootPass_96,75,21,15,Position_Unknown,Team_Unknown,Action_PreSnap,1508.44,446.17,1648.19,731.59,139.75,285.42,xml_geometry_csv_action
BootPass_96,75,22,16,Position_Unknown,Team_Unknown,Action_PreSnap,1042.31,457.99,1208.84,740.41,166.52999999999997,282.41999999999996,xml_geometry_csv_action
BootPass_96,75,2,2,Position_Unknown,Team_Unknown,Action_PreSnap,848.61,550.04,1080.72,808.33,232.11,258.2900000000001,xml_geometry_csv_action
BootPass_96,75,3,3,Position_Unknown,Team_Unknown,Action_PreSnap,1145.96,451.26,1313.96,784.28,168.0,333.02,xml_geometry_csv_action
BootPass_96,75,4,4,Position_Unknown,Team_Unknown,Action_PreSnap,576.39,608.49,815.41,920.55,239.01999999999998,312.05999999999995,xml_geometry_csv_action
BootPass_96,75,5,5,Position_Unknown,Team_Unknown,Action_PreSnap,1355.63,204.68,1476.98,462.2,121.34999999999991,257.52,xml_geometry_csv_action
BootPass_96,75,6,6,Position_Unknown,Team_Unknown,Action_None,793.61,570.44,989.18,888.98,195.56999999999994,318.53999999999996,xml_geometry_csv_action
BootPass_96,75,7,7,Position_Unknown,Team_Unknown,Action_PreSnap,1695.23,422.65,1864.45,719.53,169.22000000000003,296.88,xml_geometry_csv_action
BootPass_96,75,8,8,Position_Unknown,Team_Unknown,Action_PreSnap,342.76,427.28,495.2,690.85,152.44,263.57000000000005,xml_geometry_csv_action
BootPass_96,75,9,9,Position_Unknown,Team_Unknown,Action_PreSnap,670.01,443.0,826.31,704.56,156.29999999999995,261.55999999999995,xml_geometry_csv_action
BootPass_96,76,0,0,Position_Unknown,Team_Unknown,Action_PreSnap,457.31,441.71,683.04,747.85,225.72999999999996,306.14000000000004,xml_geometry_csv_action
BootPass_96,76,1,1,Position_Unknown,Team_Unknown,Action_PreSnap,1365.49,443.58,1539.89,750.99,174.4000000000001,307.41,xml_geometry_csv_action
BootPass_96,76,11,11,Position_Unknown,Team_Unknown,Action_PreSnap,809.68,378.48,958.5,612.73,148.82000000000005,234.25,xml_geometry_csv_action
BootPass_96,76,14,13,Position_Unknown,Team_Unknown,Action_PreSnap,1867.04,416.76,1919.0,660.29,51.960000000000036,243.52999999999997,xml_geometry_csv_action
BootPass_96,76,21,15,Position_Unknown,Team_Unknown,Action_PreSnap,1515.34,442.69,1653.44,731.04,138.10000000000014,288.34999999999997,xml_geometry_csv_action
BootPass_96,76,22,16,Position_Unknown,Team_Unknown,Action_PreSnap,1050.74,450.62,1214.3,747.89,163.55999999999995,297.27,xml_geometry_csv_action
BootPass_96,76,3,3,Position_Unknown,Team_Unknown,Action_PreSnap,1153.97,451.12,1310.46,782.66,156.49,331.53999999999996,xml_geometry_csv_action
BootPass_96,76,4,4,Position_Unknown,Team_Unknown,Action_PreSnap,604.03,602.93,810.58,918.37,206.55000000000007,315.44000000000005,xml_geometry_csv_action
BootPass_96,76,5,5,Position_Unknown,Team_Unknown,Action_PreSnap,1358.15,201.34,1478.18,459.37,120.02999999999997,258.03,xml_geometry_csv_action
BootPass_96,76,6,6,Position_Unknown,Team_Unknown,Action_None,792.98,566.77,990.21,887.44,197.23000000000002,320.6700000000001,xml_geometry_csv_action
BootPass_96,76,7,7,Position_Unknown,Team_Unknown,Action_PreSnap,1700.91,423.04,1870.33,717.2,169.41999999999985,294.16,xml_geometry_csv_action
BootPass_96,76,8,8,Position_Unknown,Team_Unknown,Action_PreSnap,358.47,426.67,507.74,696.95,149.26999999999998,270.28000000000003,xml_geometry_csv_action
BootPass_96,76,9,9,Position_Unknown,Team_Unknown,Action_PreSnap,669.86,440.07,816.82,682.55,146.96000000000004,242.47999999999996,xml_geometry_csv_action
BootPass_96,77,0,0,Position_Unknown,Team_Unknown,Action_PreSnap,464.27,440.98,693.29,744.73,229.01999999999998,303.75,xml_geometry_csv_action
BootPass_96,77,1,1,Position_Unknown,Team_Unknown,Action_PreSnap,1365.69,442.8,1542.65,750.41,176.96000000000004,307.60999999999996,xml_geometry_csv_action
BootPass_96,77,11,11,Position_Unknown,Team_Unknown,Action_PreSnap,820.12,378.23,958.1,611.33,137.98000000000002,233.10000000000002,xml_geometry_csv_action
BootPass_96,77,14,13,Position_Unknown,Team_Unknown,Action_PreSnap,1873.31,413.45,1919.44,666.34,46.13000000000011,252.89000000000004,xml_geometry_csv_action
BootPass_96,77,21,15,Position_Unknown,Team_Unknown,Action_PreSnap,1518.86,437.9,1665.88,731.06,147.0200000000002,293.15999999999997,xml_geometry_csv_action
BootPass_96,77,22,16,Position_Unknown,Team_Unknown,Action_PreSnap,1060.38,444.58,1214.21,753.08,153.82999999999993,308.50000000000006,xml_geometry_csv_action
BootPass_96,77,3,3,Position_Unknown,Team_Unknown,Action_PreSnap,1164.27,451.49,1313.45,781.07,149.18000000000006,329.58000000000004,xml_geometry_csv_action
BootPass_96,77,4,4,Position_Unknown,Team_Unknown,Action_PreSnap,619.71,595.95,822.28,917.2,202.56999999999994,321.25,xml_geometry_csv_action
BootPass_96,77,5,5,Position_Unknown,Team_Unknown,Action_PreSnap,1360.7,197.92,1480.73,457.29,120.02999999999997,259.37,xml_geometry_csv_action
BootPass_96,77,6,6,Position_Unknown,Team_Unknown,Action_None,787.15,555.54,986.65,886.91,199.5,331.37,xml_geometry_csv_action
BootPass_96,77,7,7,Position_Unknown,Team_Unknown,Action_PreSnap,1704.04,423.03,1877.84,715.6,173.79999999999995,292.57000000000005,xml_geometry_csv_action
BootPass_96,77,8,8,Position_Unknown,Team_Unknown,Action_PreSnap,382.87,428.12,531.57,711.3,148.70000000000005,283.17999999999995,xml_geometry_csv_action
BootPass_96,77,9,9,Position_Unknown,Team_Unknown,Action_PreSnap,671.8,436.92,813.81,670.07,142.01,233.15000000000003,xml_geometry_csv_action
BootPass_96,78,0,0,Position_Unknown,Team_Unknown,Action_PreSnap,484.23,438.81,705.21,744.28,220.98000000000002,305.46999999999997,xml_geometry_csv_action
BootPass_96,78,1,1,Position_Unknown,Team_Unknown,Action_PreSnap,1364.48,441.86,1543.42,748.71,178.94000000000005,306.85,xml_geometry_csv_action
BootPass_96,78,11,11,Position_Unknown,Team_Unknown,Action_PreSnap,827.61,377.42,960.54,609.36,132.92999999999995,231.94,xml_geometry_csv_action
BootPass_96,78,14,13,Position_Unknown,Team_Unknown,Action_PreSnap,1877.68,410.41,1919.52,677.19,41.83999999999992,266.78000000000003,xml_geometry_csv_action
BootPass_96,78,21,15,Position_Unknown,Team_Unknown,Action_PreSnap,1517.98,435.12,1679.27,732.78,161.28999999999996,297.65999999999997,xml_geometry_csv_action
BootPass_96,78,22,16,Position_Unknown,Team_Unknown,Action_PreSnap,1064.23,436.32,1214.18,756.12,149.95000000000005,319.8,xml_geometry_csv_action
BootPass_96,78,3,3,Position_Unknown,Team_Unknown,Action_PreSnap,1167.54,452.0,1310.81,775.1,143.26999999999998,323.1,xml_geometry_csv_action
BootPass_96,78,4,4,Position_Unknown,Team_Unknown,Action_PreSnap,631.46,590.7,813.59,915.97,182.13,325.27,xml_geometry_csv_action
BootPass_96,78,5,5,Position_Unknown,Team_Unknown,Action_PreSnap,1361.58,193.48,1483.03,456.41,121.45000000000005,262.93000000000006,xml_geometry_csv_action
BootPass_96,78,6,6,Position_Unknown,Team_Unknown,Action_None,784.96,546.36,983.59,883.21,198.63,336.85,xml_geometry_csv_action
BootPass_96,78,7,7,Position_Unknown,Team_Unknown,Action_PreSnap,1706.15,424.08,1891.9,713.1,185.75,289.02000000000004,xml_geometry_csv_action
BootPass_96,78,8,8,Position_Unknown,Team_Unknown,Action_PreSnap,399.37,428.46,557.12,718.95,157.75,290.49000000000007,xml_geometry_csv_action
BootPass_96,78,9,9,Position_Unknown,Team_Unknown,Action_PreSnap,677.22,431.45,811.02,661.05,133.79999999999995,229.59999999999997,xml_geometry_csv_action
BootPass_96,79,0,0,Position_Unknown,Team_Unknown,Action_PreSnap,509.33,436.38,714.57,744.06,205.24000000000007,307.67999999999995,xml_geometry_csv_action
BootPass_96,79,1,1,Position_Unknown,Team_Unknown,Action_PreSnap,1368.45,442.42,1544.08,748.45,175.62999999999988,306.03000000000003,xml_geometry_csv_action
BootPass_96,79,10,10,Position_Unknown,Team_Unknown,Action_PreSnap,1259.78,430.86,1381.4,717.16,121.62000000000012,286.29999999999995,xml_geometry_csv_action
BootPass_96,79,11,11,Position_Unknown,Team_Unknown,Action_PreSnap,825.37,376.77,958.06,611.84,132.68999999999994,235.07000000000005,xml_geometry_csv_action
BootPass_96,79,14,13,Position_Unknown,Team_Unknown,Action_PreSnap,1882.73,418.78,1919.44,690.26,36.710000000000036,271.48,xml_geometry_csv_action
BootPass_96,79,21,15,Position_Unknown,Team_Unknown,Action_PreSnap,1518.59,435.16,1691.08,736.25,172.49,301.09,xml_geometry_csv_action
BootPass_96,79,22,16,Position_Unknown,Team_Unknown,Action_PreSnap,1069.94,434.51,1212.67,758.11,142.73000000000002,323.6,xml_geometry_csv_action
BootPass_96,79,3,3,Position_Unknown,Team_Unknown,Action_PreSnap,1169.92,453.5,1314.86,771.3,144.93999999999983,317.79999999999995,xml_geometry_csv_action
BootPass_96,79,4,4,Position_Unknown,Team_Unknown,Action_PreSnap,645.02,585.76,818.67,915.8,173.64999999999998,330.03999999999996,xml_geometry_csv_action
BootPass_96,79,5,5,Position_Unknown,Team_Unknown,Action_PreSnap,1362.71,187.09,1484.87,455.2,122.15999999999985,268.11,xml_geometry_csv_action
BootPass_96,79,6,6,Position_Unknown,Team_Unknown,Action_None,801.84,549.71,982.17,884.4,180.32999999999993,334.68999999999994,xml_geometry_csv_action
BootPass_96,79,7,7,Position_Unknown,Team_Unknown,Action_PreSnap,1709.03,425.57,1909.86,712.15,200.82999999999993,286.58,xml_geometry_csv_action
BootPass_96,79,8,8,Position_Unknown,Team_Unknown,Action_PreSnap,405.74,431.46,560.4,722.75,154.65999999999997,291.29,xml_geometry_csv_action
BootPass_96,79,9,9,Position_Unknown,Team_Unknown,Action_PreSnap,686.43,428.4,806.21,654.88,119.78000000000009,226.48000000000002,xml_geometry_csv_action
BootPass_96,80,0,0,Position_Unknown,Team_Unknown,Action_PreSnap,540.39,431.92,725.6,741.38,185.21000000000004,309.46,xml_geometry_csv_action
BootPass_96,80,1,1,Position_Unknown,Team_Unknown,Action_PreSnap,1372.4,442.68,1543.01,743.19,170.6099999999999,300.51000000000005,xml_geometry_csv_action
BootPass_96,80,10,10,Position_Unknown,Team_Unknown,Action_PreSnap,1263.05,427.68,1396.98,720.87,133.93000000000006,293.19,xml_geometry_csv_action
BootPass_96,80,11,11,Position_Unknown,Team_Unknown,Action_PreSnap,828.31,376.49,968.51,722.8,140.20000000000005,346.30999999999995,xml_geometry_csv_action
BootPass_96,80,14,13,Position_Unknown,Team_Unknown,Action_PreSnap,1886.96,424.48,1919.15,692.66,32.190000000000055,268.17999999999995,xml_geometry_csv_action
BootPass_96,80,21,15,Position_Unknown,Team_Unknown,Action_PreSnap,1523.92,434.82,1702.36,739.29,178.43999999999983,304.46999999999997,xml_geometry_csv_action
BootPass_96,80,22,16,Position_Unknown,Team_Unknown,Action_PreSnap,1067.35,431.48,1212.4,759.07,145.05000000000018,327.59000000000003,xml_geometry_csv_action
BootPass_96,80,3,3,Position_Unknown,Team_Unknown,Action_PreSnap,1168.75,453.44,1317.21,768.6,148.46000000000004,315.16,xml_geometry_csv_action
BootPass_96,80,4,4,Position_Unknown,Team_Unknown,Action_PreSnap,657.02,581.21,825.48,909.01,168.46000000000004,327.79999999999995,xml_geometry_csv_action
BootPass_96,80,5,5,Position_Unknown,Team_Unknown,Action_PreSnap,1363.73,181.92,1484.59,451.84,120.8599999999999,269.91999999999996,xml_geometry_csv_action
BootPass_96,80,6,6,Position_Unknown,Team_Unknown,Action_None,803.81,564.55,982.35,886.26,178.54000000000008,321.71000000000004,xml_geometry_csv_action
BootPass_96,80,7,7,Position_Unknown,Team_Unknown,Action_PreSnap,1710.32,425.66,1918.65,710.58,208.33000000000015,284.92,xml_geometry_csv_action
BootPass_96,80,8,8,Position_Unknown,Team_Unknown,Action_PreSnap,409.97,434.28,570.22,723.05,160.25,288.77,xml_geometry_csv_action
BootPass_96,81,0,0,Position_Unknown,Team_Unknown,Action_PreSnap,566.22,427.8,730.94,741.58,164.72000000000003,313.78000000000003,xml_geometry_csv_action
BootPass_96,81,1,1,Position_Unknown,Team_Unknown,Action_PreSnap,1381.24,442.26,1543.82,738.27,162.57999999999993,296.01,xml_geometry_csv_action
BootPass_96,81,10,10,Position_Unknown,Team_Unknown,Action_PreSnap,1268.43,427.16,1410.08,722.87,141.64999999999986,295.71,xml_geometry_csv_action
BootPass_96,81,11,11,Position_Unknown,Team_Unknown,Action_PreSnap,824.39,378.2,967.01,759.41,142.62,381.21,xml_geometry_csv_action
BootPass_96,81,21,15,Position_Unknown,Team_Unknown,Action_PreSnap,1531.72,434.57,1719.46,738.71,187.74,304.14000000000004,xml_geometry_csv_action
BootPass_96,81,22,16,Position_Unknown,Team_Unknown,Action_PreSnap,1068.43,426.84,1214.61,755.96,146.17999999999984,329.12000000000006,xml_geometry_csv_action
BootPass_96,81,3,3,Position_Unknown,Team_Unknown,Action_PreSnap,1173.95,451.13,1323.34,767.31,149.38999999999987,316.17999999999995,xml_geometry_csv_action
BootPass_96,81,4,4,Position_Unknown,Team_Unknown,Action_PreSnap,673.48,574.33,827.19,889.89,153.71000000000004,315.55999999999995,xml_geometry_csv_action
BootPass_96,81,5,5,Position_Unknown,Team_Unknown,Action_PreSnap,1363.69,177.87,1484.0,448.06,120.30999999999995,270.19,xml_geometry_csv_action
BootPass_96,81,6,6,Position_Unknown,Team_Unknown,Action_None,807.68,571.0,979.42,882.85,171.74,311.85,xml_geometry_csv_action
BootPass_96,81,7,7,Position_Unknown,Team_Unknown,Action_PreSnap,1711.79,425.09,1920.0,711.03,208.21000000000004,285.94,xml_geometry_csv_action
BootPass_96,81,8,8,Position_Unknown,Team_Unknown,Action_PreSnap,411.92,437.91,581.56,724.21,169.63999999999993,286.3,xml_geometry_csv_action
BootPass_96,81,9,9,Position_Unknown,Team_Unknown,Action_PreSnap,714.47,419.98,825.15,620.35,110.67999999999995,200.37,xml_geometry_csv_action
BootPass_96,82,0,0,Position_Unknown,Team_Unknown,Action_PreSnap,597.03,424.95,739.45,734.26,142.42000000000007,309.31,xml_geometry_csv_action
BootPass_96,82,1,1,Position_Unknown,Team_Unknown,Action_PreSnap,1387.06,443.85,1546.33,739.65,159.26999999999998,295.79999999999995,xml_geometry_csv_action
BootPass_96,82,10,10,Position_Unknown,Team_Unknown,Action_PreSnap,1269.61,427.77,1420.07,726.42,150.46000000000004,298.65,xml_geometry_csv_action
BootPass_96,82,11,11,Position_Unknown,Team_Unknown,Action_PreSnap,823.58,382.85,965.69,769.46,142.11,386.61,xml_geometry_csv_action
BootPass_96,82,21,15,Position_Unknown,Team_Unknown,Action_PreSnap,1538.1,435.68,1732.38,739.01,194.2800000000002,303.33,xml_geometry_csv_action
BootPass_96,82,22,16,Position_Unknown,Team_Unknown,Action_PreSnap,1073.58,422.28,1218.99,754.07,145.41000000000008,331.7900000000001,xml_geometry_csv_action
BootPass_96,82,3,3,Position_Unknown,Team_Unknown,Action_PreSnap,1178.52,450.7,1325.34,774.72,146.81999999999994,324.02000000000004,xml_geometry_csv_action
BootPass_96,82,4,4,Position_Unknown,Team_Unknown,Action_PreSnap,697.67,573.54,829.18,880.28,131.51,306.74,xml_geometry_csv_action
BootPass_96,82,5,5,Position_Unknown,Team_Unknown,Action_PreSnap,1361.71,176.25,1482.64,447.08,120.93000000000006,270.83,xml_geometry_csv_action
BootPass_96,82,6,6,Position_Unknown,Team_Unknown,Action_None,817.61,572.8,974.77,883.37,157.15999999999997,310.57000000000005,xml_geometry_csv_action
BootPass_96,82,7,7,Position_Unknown,Team_Unknown,Action_PreSnap,1713.64,426.95,1920.0,715.93,206.3599999999999,288.97999999999996,xml_geometry_csv_action
BootPass_96,82,8,8,Position_Unknown,Team_Unknown,Action_PreSnap,416.16,438.63,585.39,723.98,169.22999999999996,285.35,xml_geometry_csv_action
BootPass_96,82,9,9,Position_Unknown,Team_Unknown,Action_PreSnap,722.25,418.64,829.67,620.52,107.41999999999996,201.88,xml_geometry_csv_action
BootPass_96,83,0,0,Position_Unknown,Team_Unknown,Action_PreSnap,622.58,488.47,747.21,782.8,124.63,294.3299999999999,xml_geometry_csv_action
BootPass_96,83,1,1,Position_Unknown,Team_Unknown,Action_PreSnap,1391.19,444.54,1553.77,741.42,162.57999999999993,296.87999999999994,xml_geometry_csv_action
BootPass_96,83,10,10,Position_Unknown,Team_Unknown,Action_PreSnap,1275.78,428.61,1425.36,735.03,149.57999999999993,306.41999999999996,xml_geometry_csv_action
BootPass_96,83,14,13,Position_Unknown,Team_Unknown,Action_PreSnap,1887.52,434.01,1919.13,699.01,31.610000000000127,265.0,xml_geometry_csv_action
BootPass_96,83,21,15,Position_Unknown,Team_Unknown,Action_PreSnap,1548.11,437.14,1748.61,737.31,200.5,300.16999999999996,xml_geometry_csv_action
BootPass_96,83,22,16,Position_Unknown,Team_Unknown,Action_PreSnap,1078.67,419.66,1226.41,754.35,147.74,334.69,xml_geometry_csv_action
BootPass_96,83,3,3,Position_Unknown,Team_Unknown,Action_PreSnap,1185.64,449.18,1326.52,778.36,140.87999999999988,329.18,xml_geometry_csv_action
BootPass_96,83,4,4,Position_Unknown,Team_Unknown,Action_PreSnap,718.35,572.14,834.92,876.46,116.56999999999994,304.32000000000005,xml_geometry_csv_action
BootPass_96,83,5,5,Position_Unknown,Team_Unknown,Action_PreSnap,1359.33,175.2,1480.88,445.24,121.55000000000018,270.04,xml_geometry_csv_action
BootPass_96,83,6,6,Position_Unknown,Team_Unknown,Action_None,823.02,575.38,976.51,882.45,153.49,307.07000000000005,xml_geometry_csv_action
BootPass_96,83,7,7,Position_Unknown,Team_Unknown,Action_PreSnap,1718.81,429.72,1920.0,717.41,201.19000000000005,287.68999999999994,xml_geometry_csv_action
BootPass_96,83,8,8,Position_Unknown,Team_Unknown,Action_PreSnap,417.56,436.48,606.03,722.84,188.46999999999997,286.36,xml_geometry_csv_action
BootPass_96,83,9,9,Position_Unknown,Team_Unknown,Action_PreSnap,727.27,415.61,835.69,616.95,108.42000000000007,201.34000000000003,xml_geometry_csv_action
BootPass_96,84,0,0,Position_Unknown,Team_Unknown,Action_PreSnap,602.87,510.2,753.44,799.92,150.57000000000005,289.71999999999997,xml_geometry_csv_action
BootPass_96,84,1,1,Position_Unknown,Team_Unknown,Action_PreSnap,1399.65,443.05,1564.82,746.07,165.16999999999985,303.02000000000004,xml_geometry_csv_action
BootPass_96,84,10,10,Position_Unknown,Team_Unknown,Action_PreSnap,1279.42,429.83,1437.14,737.43,157.72000000000003,307.59999999999997,xml_geometry_csv_action
BootPass_96,84,21,15,Position_Unknown,Team_Unknown,Action_PreSnap,1557.76,439.49,1765.41,735.55,207.6500000000001,296.05999999999995,xml_geometry_csv_action
BootPass_96,84,22,16,Position_Unknown,Team_Unknown,Action_PreSnap,1088.1,418.84,1236.29,749.18,148.19000000000005,330.34,xml_geometry_csv_action
BootPass_96,84,24,17,Position_Unknown,Team_Unknown,Action_PreSnap,645.27,412.16,766.34,612.64,121.07000000000005,200.47999999999996,xml_geometry_csv_action
BootPass_96,84,3,3,Position_Unknown,Team_Unknown,Action_PreSnap,1193.84,446.74,1332.15,774.93,138.31000000000017,328.18999999999994,xml_geometry_csv_action
BootPass_96,84,4,4,Position_Unknown,Team_Unknown,Action_PreSnap,738.32,569.53,849.7,874.53,111.38,305.0,xml_geometry_csv_action
BootPass_96,84,5,5,Position_Unknown,Team_Unknown,Action_PreSnap,1358.52,173.13,1480.55,440.21,122.02999999999997,267.08,xml_geometry_csv_action
BootPass_96,84,6,6,Position_Unknown,Team_Unknown,Action_None,823.98,576.38,979.07,879.34,155.09000000000003,302.96000000000004,xml_geometry_csv_action
BootPass_96,84,7,7,Position_Unknown,Team_Unknown,Action_PreSnap,1725.17,433.68,1920.0,714.23,194.82999999999993,280.55,xml_geometry_csv_action
BootPass_96,84,8,8,Position_Unknown,Team_Unknown,Action_PreSnap,425.55,432.27,610.72,718.88,185.17000000000002,286.61,xml_geometry_csv_action
BootPass_96,84,9,9,Position_Unknown,Team_Unknown,Action_PreSnap,737.73,412.27,844.53,617.34,106.79999999999995,205.07000000000005,xml_geometry_csv_action
BootPass_96,85,0,0,Position_Unknown,Team_Unknown,Action_PreSnap,580.18,521.54,748.19,807.86,168.0100000000001,286.32000000000005,xml_geometry_csv_action
BootPass_96,85,1,1,Position_Unknown,Team_Unknown,Action_PreSnap,1405.57,444.1,1576.26,752.73,170.69000000000005,308.63,xml_geometry_csv_action
BootPass_96,85,10,10,Position_Unknown,Team_Unknown,Action_PreSnap,1304.85,432.28,1449.46,737.81,144.61000000000013,305.53,xml_geometry_csv_action
BootPass_96,85,21,15,Position_Unknown,Team_Unknown,Action_PreSnap,1562.37,444.78,1781.6,736.55,219.23000000000002,291.77,xml_geometry_csv_action
BootPass_96,85,22,16,Position_Unknown,Team_Unknown,Action_PreSnap,1095.49,421.35,1249.83,742.99,154.33999999999992,321.64,xml_geometry_csv_action
BootPass_96,85,24,17,Position_Unknown,Team_Unknown,Action_PreSnap,650.82,410.03,771.14,660.48,120.31999999999994,250.45000000000005,xml_geometry_csv_action
BootPass_96,85,3,3,Position_Unknown,Team_Unknown,Action_PreSnap,1204.38,448.29,1345.55,773.74,141.16999999999985,325.45,xml_geometry_csv_action
BootPass_96,85,4,4,Position_Unknown,Team_Unknown,Action_PreSnap,750.44,567.14,860.03,875.26,109.58999999999992,308.12,xml_geometry_csv_action
BootPass_96,85,5,5,Position_Unknown,Team_Unknown,Action_PreSnap,1359.52,172.36,1481.07,440.57,121.54999999999995,268.21,xml_geometry_csv_action
BootPass_96,85,6,6,Position_Unknown,Team_Unknown,Action_None,813.65,576.27,977.96,881.2,164.31000000000006,304.93000000000006,xml_geometry_csv_action
BootPass_96,85,7,7,Position_Unknown,Team_Unknown,Action_PreSnap,1732.88,438.7,1920.0,714.71,187.1199999999999,276.01000000000005,xml_geometry_csv_action
BootPass_96,85,8,8,Position_Unknown,Team_Unknown,Action_PreSnap,436.21,429.23,624.01,718.01,187.8,288.78,xml_geometry_csv_action
BootPass_96,85,9,9,Position_Unknown,Team_Unknown,Action_PreSnap,748.5,412.79,853.76,615.77,105.25999999999999,202.97999999999996,xml_geometry_csv_action
BootPass_96,86,1,1,Position_Unknown,Team_Unknown,Action_PreSnap,1403.58,445.6,1586.37,755.78,182.78999999999996,310.17999999999995,xml_geometry_csv_action
BootPass_96,86,10,10,Position_Unknown,Team_Unknown,Action_PreSnap,1320.22,434.76,1454.72,716.62,134.5,281.86,xml_geometry_csv_action
BootPass_96,86,21,15,Position_Unknown,Team_Unknown,Action_PreSnap,1565.92,451.73,1792.16,742.14,226.24,290.40999999999997,xml_geometry_csv_action
BootPass_96,86,22,16,Position_Unknown,Team_Unknown,Action_PreSnap,1104.02,427.72,1265.32,747.04,161.29999999999995,319.31999999999994,xml_geometry_csv_action
BootPass_96,86,24,17,Position_Unknown,Team_Unknown,Action_PreSnap,636.36,410.79,783.06,682.04,146.69999999999993,271.24999999999994,xml_geometry_csv_action
BootPass_96,86,2,2,Position_Unknown,Team_Unknown,Action_PreSnap,546.95,559.08,733.84,809.25,186.89,250.16999999999996,xml_geometry_csv_action
BootPass_96,86,3,3,Position_Unknown,Team_Unknown,Action_PreSnap,1213.6,447.92,1355.39,775.03,141.7900000000002,327.10999999999996,xml_geometry_csv_action
BootPass_96,86,5,5,Position_Unknown,Team_Unknown,Action_PreSnap,1360.4,172.13,1481.06,441.31,120.65999999999985,269.18,xml_geometry_csv_action
BootPass_96,86,6,6,Position_Unknown,Team_Unknown,Action_None,792.57,572.97,968.57,882.81,176.0,309.8399999999999,xml_geometry_csv_action
BootPass_96,86,7,7,Position_Unknown,Team_Unknown,Action_PreSnap,1739.88,442.43,1920.0,717.08,180.1199999999999,274.65000000000003,xml_geometry_csv_action
BootPass_96,86,8,8,Position_Unknown,Team_Unknown,Action_PreSnap,454.11,429.18,632.81,715.69,178.69999999999993,286.51000000000005,xml_geometry_csv_action
BootPass_96,86,9,9,Position_Unknown,Team_Unknown,Action_PreSnap,756.47,413.57,857.71,623.71,101.24000000000001,210.14000000000004,xml_geometry_csv_action
BootPass_96,87,1,1,Position_Unknown,Team_Unknown,Action_PreSnap,1396.95,444.83,1595.38,759.48,198.43000000000006,314.65000000000003,xml_geometry_csv_action
BootPass_96,87,10,10,Position_Unknown,Team_Unknown,Action_PreSnap,1326.65,435.89,1465.68,737.74,139.02999999999997,301.85,xml_geometry_csv_action
BootPass_96,87,11,11,Position_Unknown,Team_Unknown,Action_PreSnap,813.98,390.4,966.16,742.94,152.17999999999995,352.5400000000001,xml_geometry_csv_action
BootPass_96,87,21,15,Position_Unknown,Team_Unknown,Action_PreSnap,1566.72,456.92,1799.48,753.29,232.76,296.36999999999995,xml_geometry_csv_action
BootPass_96,87,22,16,Position_Unknown,Team_Unknown,Action_PreSnap,1118.6,437.33,1278.31,749.67,159.71000000000004,312.34,xml_geometry_csv_action
BootPass_96,87,24,17,Position_Unknown,Team_Unknown,Action_PreSnap,642.13,410.7,792.02,699.75,149.89,289.05,xml_geometry_csv_action
BootPass_96,87,2,2,Position_Unknown,Team_Unknown,Action_PreSnap,481.54,519.94,708.19,807.85,226.65000000000003,287.90999999999997,xml_geometry_csv_action
BootPass_96,87,3,3,Position_Unknown,Team_Unknown,Action_PreSnap,1223.31,448.15,1365.01,770.39,141.70000000000005,322.24,xml_geometry_csv_action
BootPass_96,87,5,5,Position_Unknown,Team_Unknown,Action_PreSnap,1361.49,170.43,1480.71,439.02,119.22000000000003,268.59,xml_geometry_csv_action
BootPass_96,87,6,6,Position_Unknown,Team_Unknown,Action_None,774.29,584.81,956.56,886.8,182.26999999999998,301.99,xml_geometry_csv_action
BootPass_96,87,7,7,Position_Unknown,Team_Unknown,Action_PreSnap,1745.3,444.77,1920.0,714.84,174.70000000000005,270.07000000000005,xml_geometry_csv_action
BootPass_96,88,1,1,Position_Unknown,Team_Unknown,Action_PreSnap,1401.9,446.07,1603.94,759.05,202.03999999999996,312.97999999999996,xml_geometry_csv_action
BootPass_96,88,10,10,Position_Unknown,Team_Unknown,Action_PreSnap,1339.62,437.83,1482.47,742.85,142.85000000000014,305.02000000000004,xml_geometry_csv_action
BootPass_96,88,11,11,Position_Unknown,Team_Unknown,Action_PreSnap,816.99,389.37,965.27,736.65,148.27999999999997,347.28,xml_geometry_csv_action
BootPass_96,88,21,15,Position_Unknown,Team_Unknown,Action_PreSnap,1572.99,461.66,1803.3,757.4,230.30999999999995,295.73999999999995,xml_geometry_csv_action
BootPass_96,88,22,16,Position_Unknown,Team_Unknown,Action_PreSnap,1124.04,443.14,1288.8,753.03,164.76,309.89,xml_geometry_csv_action
BootPass_96,88,24,17,Position_Unknown,Team_Unknown,Action_PreSnap,639.54,414.07,803.16,731.09,163.62,317.02000000000004,xml_geometry_csv_action
BootPass_96,88,2,2,Position_Unknown,Team_Unknown,Action_PreSnap,435.0,500.49,605.7,795.17,170.70000000000005,294.67999999999995,xml_geometry_csv_action
BootPass_96,88,3,3,Position_Unknown,Team_Unknown,Action_PreSnap,1235.79,446.86,1373.74,768.66,137.95000000000005,321.79999999999995,xml_geometry_csv_action
BootPass_96,88,5,5,Position_Unknown,Team_Unknown,Action_PreSnap,1362.38,168.07,1479.52,437.64,117.13999999999987,269.57,xml_geometry_csv_action
BootPass_96,88,6,6,Position_Unknown,Team_Unknown,Action_None,769.7,586.74,951.57,890.29,181.87,303.54999999999995,xml_geometry_csv_action
BootPass_96,88,7,7,Position_Unknown,Team_Unknown,Action_PreSnap,1750.32,445.66,1920.0,713.07,169.68000000000006,267.41,xml_geometry_csv_action
BootPass_96,88,8,8,Position_Unknown,Team_Unknown,Action_PreSnap,509.15,433.04,668.19,737.45,159.04000000000008,304.41,xml_geometry_csv_action
BootPass_96,89,1,1,Position_Unknown,Team_Unknown,Action_PreSnap,1403.19,446.75,1606.56,758.84,203.3699999999999,312.09000000000003,xml_geometry_csv_action
BootPass_96,89,10,10,Position_Unknown,Team_Unknown,Action_PreSnap,1343.66,438.76,1487.85,744.58,144.18999999999983,305.82000000000005,xml_geometry_csv_action
BootPass_96,89,11,11,Position_Unknown,Team_Unknown,Action_PreSnap,817.7,389.5,964.5,734.57,146.79999999999995,345.07000000000005,xml_geometry_csv_action
BootPass_96,89,21,15,Position_Unknown,Team_Unknown,Action_PreSnap,1574.96,463.61,1803.82,758.78,228.8599999999999,295.16999999999996,xml_geometry_csv_action
BootPass_96,89,22,16,Position_Unknown,Team_Unknown,Action_PreSnap,1125.23,445.43,1292.15,754.37,166.92000000000007,308.94,xml_geometry_csv_action
BootPass_96,89,24,17,Position_Unknown,Team_Unknown,Action_PreSnap,637.75,415.36,806.63,743.6,168.88,328.24,xml_geometry_csv_action
BootPass_96,89,2,2,Position_Unknown,Team_Unknown,Action_RunFlatRoute,418.99,493.12,564.49,790.03,145.5,296.90999999999997,xml_geometry_csv_action
BootPass_96,89,3,3,Position_Unknown,Team_Unknown,Action_PreSnap,1239.62,446.55,1376.26,768.11,136.6400000000001,321.56,xml_geometry_csv_action
BootPass_96,89,5,5,Position_Unknown,Team_Unknown,Action_PreSnap,1361.73,167.29,1478.63,437.35,116.90000000000009,270.06000000000006,xml_geometry_csv_action
BootPass_96,89,6,6,Position_Unknown,Team_Unknown,Action_None,767.47,587.49,949.41,891.26,181.93999999999994,303.77,xml_geometry_csv_action
BootPass_96,89,7,7,Position_Unknown,Team_Unknown,Action_PreSnap,1751.34,445.71,1920.0,712.47,168.66000000000008,266.76000000000005,xml_geometry_csv_action
BootPass_96,89,8,8,Position_Unknown,Team_Unknown,Action_PreSnap,519.43,434.75,673.59,737.62,154.16000000000008,302.87,xml_geometry_csv_action
BootPass_96,90,1,1,Position_Unknown,Team_Unknown,Action_PreSnap,1385.62,449.71,1608.41,760.07,222.7900000000002,310.36000000000007,xml_geometry_csv_action
BootPass_96,90,11,11,Position_Unknown,Team_Unknown,Action_PreSnap,796.27,398.03,949.86,750.59,153.59000000000003,352.56000000000006,xml_geometry_csv_action
BootPass_96,90,14,13,Position_Unknown,Team_Unknown,Action_PreSnap,1880.54,424.54,1918.89,715.13,38.350000000000136,290.59,xml_geometry_csv_action
BootPass_96,90,21,15,Position_Unknown,Team_Unknown,Action_PreSnap,1575.37,479.72,1800.51,761.87,225.1400000000001,282.15,xml_geometry_csv_action
BootPass_96,90,22,16,Position_Unknown,Team_Unknown,Action_PreSnap,1112.47,448.1,1294.44,761.18,181.97000000000003,313.0799999999999,xml_geometry_csv_action
BootPass_96,90,24,17,Position_Unknown,Team_Unknown,Action_PreSnap,643.8,413.23,808.82,724.7,165.0200000000001,311.47,xml_geometry_csv_action
BootPass_96,90,2,2,Position_Unknown,Team_Unknown,Action_RunFlatRoute,364.9,499.96,504.69,800.73,139.79000000000002,300.77000000000004,xml_geometry_csv_action
BootPass_96,90,3,3,Position_Unknown,Team_Unknown,Action_PreSnap,1240.87,450.82,1378.67,775.41,137.80000000000018,324.59,xml_geometry_csv_action
BootPass_96,90,5,5,Position_Unknown,Team_Unknown,Action_PreSnap,1349.28,166.24,1467.0,428.58,117.72000000000003,262.34,xml_geometry_csv_action
BootPass_96,90,6,6,Position_Unknown,Team_Unknown,Action_None,747.61,586.69,946.7,894.02,199.09000000000003,307.3299999999999,xml_geometry_csv_action
BootPass_96,90,7,7,Position_Unknown,Team_Unknown,Action_PreSnap,1747.94,440.27,1916.0,715.42,168.05999999999995,275.15,xml_geometry_csv_action
BootPass_96,90,8,8,Position_Unknown,Team_Unknown,Action_PreSnap,531.32,447.33,671.91,727.27,140.58999999999992,279.94,xml_geometry_csv_action
BootPass_96,91,1,1,Position_Unknown,Team_Unknown,Action_PreSnap,1404.46,456.17,1614.93,761.18,210.47000000000003,305.00999999999993,xml_geometry_csv_action
BootPass_96,91,10,10,Position_Unknown,Team_Unknown,Action_PreSnap,1346.38,451.26,1502.97,755.58,156.58999999999992,304.32000000000005,xml_geometry_csv_action
BootPass_96,91,11,11,Position_Unknown,Team_Unknown,Action_PreSnap,790.16,403.91,942.89,761.16,152.73000000000002,357.24999999999994,xml_geometry_csv_action
BootPass_96,91,14,13,Position_Unknown,Team_Unknown,Action_PreSnap,1871.75,430.61,1916.2,717.3,44.450000000000045,286.68999999999994,xml_geometry_csv_action
BootPass_96,91,21,15,Position_Unknown,Team_Unknown,Action_PreSnap,1575.54,488.99,1792.76,763.74,217.22000000000003,274.75,xml_geometry_csv_action
BootPass_96,91,22,16,Position_Unknown,Team_Unknown,Action_PreSnap,1111.4,449.39,1295.16,764.02,183.76,314.63,xml_geometry_csv_action
BootPass_96,91,24,17,Position_Unknown,Team_Unknown,Action_PreSnap,652.73,409.72,804.45,709.08,151.72000000000003,299.36,xml_geometry_csv_action
BootPass_96,91,2,2,Position_Unknown,Team_Unknown,Action_RunFlatRoute,314.31,501.28,471.48,805.62,157.17000000000002,304.34000000000003,xml_geometry_csv_action
BootPass_96,91,3,3,Position_Unknown,Team_Unknown,Action_PreSnap,1242.64,452.9,1379.58,778.92,136.93999999999983,326.02,xml_geometry_csv_action
BootPass_96,91,5,5,Position_Unknown,Team_Unknown,Action_PreSnap,1341.1,167.45,1459.69,426.17,118.59000000000015,258.72,xml_geometry_csv_action
BootPass_96,91,6,6,Position_Unknown,Team_Unknown,Action_None,725.34,591.24,934.1,895.1,208.76,303.86,xml_geometry_csv_action
BootPass_96,91,7,7,Position_Unknown,Team_Unknown,Action_PreSnap,1744.46,434.14,1916.12,717.88,171.65999999999985,283.74,xml_geometry_csv_action
BootPass_96,91,8,8,Position_Unknown,Team_Unknown,Action_PreSnap,540.53,455.02,678.23,725.93,137.70000000000005,270.90999999999997,xml_geometry_csv_action
BootPass_96,92,1,1,Position_Unknown,Team_Unknown,Action_PreSnap,1420.29,465.23,1621.26,759.82,200.97000000000003,294.59000000000003,xml_geometry_csv_action
BootPass_96,92,10,10,Position_Unknown,Team_Unknown,Action_PreSnap,1351.11,456.11,1507.2,756.11,156.09000000000015,300.0,xml_geometry_csv_action
BootPass_96,92,11,11,Position_Unknown,Team_Unknown,Action_PreSnap,782.28,403.16,928.2,671.85,145.92000000000007,268.69,xml_geometry_csv_action
BootPass_96,92,14,13,Position_Unknown,Team_Unknown,Action_PreSnap,1864.4,426.78,1915.78,716.45,51.37999999999988,289.6700000000001,xml_geometry_csv_action
BootPass_96,92,21,15,Position_Unknown,Team_Unknown,Action_PreSnap,1569.62,487.35,1784.57,763.54,214.95000000000005,276.18999999999994,xml_geometry_csv_action
BootPass_96,92,22,16,Position_Unknown,Team_Unknown,Action_PreSnap,1120.06,449.19,1297.57,761.43,177.51,312.23999999999995,xml_geometry_csv_action
BootPass_96,92,24,17,Position_Unknown,Team_Unknown,Action_PreSnap,668.92,406.76,802.36,696.8,133.44000000000005,290.03999999999996,xml_geometry_csv_action
BootPass_96,92,2,2,Position_Unknown,Team_Unknown,Action_RunFlatRoute,256.13,497.32,433.49,808.05,177.36,310.72999999999996,xml_geometry_csv_action
BootPass_96,92,3,3,Position_Unknown,Team_Unknown,Action_PreSnap,1245.41,450.94,1380.4,778.31,134.99,327.36999999999995,xml_geometry_csv_action
BootPass_96,92,4,4,Position_Unknown,Team_Unknown,Action_PreSnap,792.77,543.51,951.68,884.49,158.90999999999997,340.98,xml_geometry_csv_action
BootPass_96,92,5,5,Position_Unknown,Team_Unknown,Action_PreSnap,1333.78,165.37,1453.83,424.79,120.04999999999995,259.42,xml_geometry_csv_action
BootPass_96,92,6,6,Position_Unknown,Team_Unknown,Action_None,702.17,591.33,879.01,891.11,176.84000000000003,299.78,xml_geometry_csv_action
BootPass_96,92,7,7,Position_Unknown,Team_Unknown,Action_PreSnap,1738.18,425.09,1916.98,717.03,178.79999999999995,291.94,xml_geometry_csv_action
BootPass_96,92,8,8,Position_Unknown,Team_Unknown,Action_PreSnap,537.49,454.49,682.21,737.33,144.72000000000003,282.84000000000003,xml_geometry_csv_action
BootPass_96,93,1,1,Position_Unknown,Team_Unknown,Action_PreSnap,1412.37,476.21,1618.06,754.65,205.69000000000005,278.44,xml_geometry_csv_action
BootPass_96,93,10,10,Position_Unknown,Team_Unknown,Action_PreSnap,1360.0,460.25,1521.99,751.73,161.99,291.48,xml_geometry_csv_action
BootPass_96,93,11,11,Position_Unknown,Team_Unknown,Action_PreSnap,775.92,400.42,913.48,630.82,137.56000000000006,230.40000000000003,xml_geometry_csv_action
BootPass_96,93,14,13,Position_Unknown,Team_Unknown,Action_PreSnap,1856.95,422.81,1916.39,716.3,59.440000000000055,293.48999999999995,xml_geometry_csv_action
BootPass_96,93,21,15,Position_Unknown,Team_Unknown,Action_PreSnap,1564.14,494.15,1774.68,761.97,210.53999999999996,267.82000000000005,xml_geometry_csv_action
BootPass_96,93,22,16,Position_Unknown,Team_Unknown,Action_PreSnap,1127.72,446.46,1302.7,765.27,174.98000000000002,318.81,xml_geometry_csv_action
BootPass_96,93,24,17,Position_Unknown,Team_Unknown,Action_PreSnap,682.57,402.32,800.07,659.35,117.5,257.03000000000003,xml_geometry_csv_action
BootPass_96,93,2,2,Position_Unknown,Team_Unknown,Action_RunFlatRoute,204.87,491.44,405.63,809.07,200.76,317.63000000000005,xml_geometry_csv_action
BootPass_96,93,3,3,Position_Unknown,Team_Unknown,Action_PreSnap,1249.45,447.98,1390.04,776.59,140.58999999999992,328.61,xml_geometry_csv_action
BootPass_96,93,4,4,Position_Unknown,Team_Unknown,Action_PreSnap,800.05,539.66,955.89,876.5,155.84000000000003,336.84000000000003,xml_geometry_csv_action
BootPass_96,93,5,5,Position_Unknown,Team_Unknown,Action_PreSnap,1330.24,163.36,1449.77,423.34,119.52999999999997,259.97999999999996,xml_geometry_csv_action
BootPass_96,93,6,6,Position_Unknown,Team_Unknown,Action_BootAway,681.02,592.88,842.49,889.53,161.47000000000003,296.65,xml_geometry_csv_action
BootPass_96,93,7,7,Position_Unknown,Team_Unknown,Action_PreSnap,1734.71,417.3,1917.99,715.35,183.27999999999997,298.05,xml_geometry_csv_action
BootPass_96,93,8,8,Position_Unknown,Team_Unknown,Action_PreSnap,544.81,456.95,687.02,751.03,142.21000000000004,294.08,xml_geometry_csv_action
BootPass_96,94,10,10,Position_Unknown,Team_Unknown,Action_PreSnap,1363.91,463.55,1530.04,744.85,166.12999999999988,281.3,xml_geometry_csv_action
BootPass_96,94,14,13,Position_Unknown,Team_Unknown,Action_PreSnap,1850.12,419.35,1916.06,715.7,65.94000000000005,296.35,xml_geometry_csv_action
BootPass_96,94,21,15,Position_Unknown,Team_Unknown,Action_PreSnap,1556.83,501.59,1762.23,761.29,205.4000000000001,259.7,xml_geometry_csv_action
BootPass_96,94,22,16,Position_Unknown,Team_Unknown,Action_PreSnap,1145.44,445.84,1306.36,762.55,160.91999999999985,316.71,xml_geometry_csv_action
BootPass_96,94,24,17,Position_Unknown,Team_Unknown,Action_PreSnap,683.42,401.18,794.68,661.91,111.25999999999999,260.72999999999996,xml_geometry_csv_action
BootPass_96,94,2,2,Position_Unknown,Team_Unknown,Action_RunFlatRoute,165.57,487.25,380.81,803.2,215.24,315.95000000000005,xml_geometry_csv_action
BootPass_96,94,3,3,Position_Unknown,Team_Unknown,Action_PreSnap,1251.96,445.85,1393.04,772.13,141.07999999999993,326.28,xml_geometry_csv_action
BootPass_96,94,4,4,Position_Unknown,Team_Unknown,Action_PreSnap,819.33,534.86,954.98,862.75,135.64999999999998,327.89,xml_geometry_csv_action
BootPass_96,94,5,5,Position_Unknown,Team_Unknown,Action_PreSnap,1325.38,160.15,1442.89,422.51,117.50999999999999,262.36,xml_geometry_csv_action
BootPass_96,94,6,6,Position_Unknown,Team_Unknown,Action_BootAway,658.64,592.56,825.08,891.12,166.44000000000005,298.56000000000006,xml_geometry_csv_action
BootPass_96,94,7,7,Position_Unknown,Team_Unknown,Action_PreSnap,1726.65,413.43,1915.19,714.93,188.53999999999996,301.49999999999994,xml_geometry_csv_action
BootPass_96,94,8,8,Position_Unknown,Team_Unknown,Action_PreSnap,538.6,456.82,681.34,758.8,142.74,301.97999999999996,xml_geometry_csv_action
BootPass_96,95,10,10,Position_Unknown,Team_Unknown,Action_PreSnap,1358.86,467.73,1533.0,737.5,174.1400000000001,269.77,xml_geometry_csv_action
BootPass_96,95,11,11,Position_Unknown,Team_Unknown,Action_PreSnap,789.73,409.21,894.05,693.76,104.31999999999994,284.55,xml_geometry_csv_action
BootPass_96,95,14,13,Position_Unknown,Team_Unknown,Action_PreSnap,1844.73,417.25,1916.51,716.52,71.77999999999997,299.27,xml_geometry_csv_action
BootPass_96,95,21,15,Position_Unknown,Team_Unknown,Action_PreSnap,1544.88,507.02,1757.5,762.56,212.6199999999999,255.53999999999996,xml_geometry_csv_action
BootPass_96,95,22,16,Position_Unknown,Team_Unknown,Action_PreSnap,1156.89,446.71,1310.32,751.9,153.42999999999984,305.19,xml_geometry_csv_action
BootPass_96,95,24,17,Position_Unknown,Team_Unknown,Action_PreSnap,676.46,399.2,790.73,684.07,114.26999999999998,284.87000000000006,xml_geometry_csv_action
BootPass_96,95,2,2,Position_Unknown,Team_Unknown,Action_RunFlatRoute,127.63,483.46,333.42,787.29,205.79000000000002,303.83,xml_geometry_csv_action
BootPass_96,95,3,3,Position_Unknown,Team_Unknown,Action_PreSnap,1256.69,444.47,1395.34,763.42,138.64999999999986,318.94999999999993,xml_geometry_csv_action
BootPass_96,95,4,4,Position_Unknown,Team_Unknown,Action_PreSnap,825.7,529.16,957.58,851.97,131.88,322.81000000000006,xml_geometry_csv_action
BootPass_96,95,5,5,Position_Unknown,Team_Unknown,Action_PreSnap,1319.33,157.82,1437.79,421.59,118.46000000000004,263.77,xml_geometry_csv_action
BootPass_96,95,6,6,Position_Unknown,Team_Unknown,Action_BootAway,638.25,594.42,811.54,890.2,173.28999999999996,295.7800000000001,xml_geometry_csv_action
BootPass_96,95,7,7,Position_Unknown,Team_Unknown,Action_PreSnap,1718.95,409.97,1908.7,716.61,189.75,306.64,xml_geometry_csv_action
BootPass_96,95,8,8,Position_Unknown,Team_Unknown,Action_PreSnap,548.89,457.82,675.16,759.65,126.26999999999998,301.83,xml_geometry_csv_action
BootPass_96,96,10,10,Position_Unknown,Team_Unknown,Action_PreSnap,1358.47,471.33,1562.17,745.02,203.70000000000005,273.69,xml_geometry_csv_action
BootPass_96,96,11,11,Position_Unknown,Team_Unknown,Action_PreSnap,792.9,405.6,893.45,704.45,100.55000000000007,298.85,xml_geometry_csv_action
BootPass_96,96,14,13,Position_Unknown,Team_Unknown,Action_PreSnap,1842.95,421.47,1917.02,722.54,74.06999999999994,301.06999999999994,xml_geometry_csv_action
BootPass_96,96,21,15,Position_Unknown,Team_Unknown,Action_PreSnap,1529.07,505.79,1753.2,764.09,224.1300000000001,258.3,xml_geometry_csv_action
BootPass_96,96,22,16,Position_Unknown,Team_Unknown,Action_PreSnap,1166.92,447.68,1315.6,748.05,148.67999999999984,300.36999999999995,xml_geometry_csv_action
BootPass_96,96,24,17,Position_Unknown,Team_Unknown,Action_PreSnap,671.85,397.39,788.88,687.91,117.02999999999997,290.52,xml_geometry_csv_action
BootPass_96,96,2,2,Position_Unknown,Team_Unknown,Action_RunFlatRoute,87.51,480.68,276.66,775.22,189.15000000000003,294.54,xml_geometry_csv_action
BootPass_96,96,3,3,Position_Unknown,Team_Unknown,Action_PreSnap,1257.54,442.98,1398.2,754.38,140.66000000000008,311.4,xml_geometry_csv_action
BootPass_96,96,4,4,Position_Unknown,Team_Unknown,Action_PreSnap,831.45,524.58,964.14,839.08,132.68999999999994,314.5,xml_geometry_csv_action
BootPass_96,96,5,5,Position_Unknown,Team_Unknown,Action_PreSnap,1312.67,154.75,1432.4,418.55,119.73000000000002,263.8,xml_geometry_csv_action
BootPass_96,96,6,6,Position_Unknown,Team_Unknown,Action_BootAway,612.81,593.44,799.56,890.72,186.75,297.28,xml_geometry_csv_action
BootPass_96,96,7,7,Position_Unknown,Team_Unknown,Action_PreSnap,1714.38,406.28,1901.83,722.21,187.44999999999982,315.93000000000006,xml_geometry_csv_action
BootPass_96,96,8,8,Position_Unknown,Team_Unknown,Action_PreSnap,549.87,460.61,669.29,726.67,119.41999999999996,266.05999999999995,xml_geometry_csv_action
BootPass_96,97,10,10,Position_Unknown,Team_Unknown,Action_PreSnap,1357.8,475.24,1558.91,747.91,201.11000000000013,272.66999999999996,xml_geometry_csv_action
BootPass_96,97,11,11,Position_Unknown,Team_Unknown,Action_PreSnap,807.14,402.18,891.74,711.46,84.60000000000002,309.28000000000003,xml_geometry_csv_action
BootPass_96,97,14,13,Position_Unknown,Team_Unknown,Action_PreSnap,1835.91,433.91,1915.46,722.33,79.54999999999995,288.42,xml_geometry_csv_action
BootPass_96,97,21,15,Position_Unknown,Team_Unknown,Action_PreSnap,1507.11,502.47,1737.47,765.31,230.36000000000013,262.8399999999999,xml_geometry_csv_action
BootPass_96,97,22,16,Position_Unknown,Team_Unknown,Action_PreSnap,1163.74,448.67,1321.02,745.17,157.27999999999997,296.49999999999994,xml_geometry_csv_action
BootPass_96,97,24,17,Position_Unknown,Team_Unknown,Action_PreSnap,668.76,393.13,782.0,668.89,113.24000000000001,275.76,xml_geometry_csv_action
BootPass_96,97,2,2,Position_Unknown,Team_Unknown,Action_RunFlatRoute,44.15,479.38,205.9,774.73,161.75,295.35,xml_geometry_csv_action
BootPass_96,97,3,3,Position_Unknown,Team_Unknown,Action_PreSnap,1253.97,441.42,1403.03,745.81,149.05999999999995,304.38999999999993,xml_geometry_csv_action
BootPass_96,97,4,4,Position_Unknown,Team_Unknown,Action_PreSnap,828.21,520.91,969.13,826.04,140.91999999999996,305.13,xml_geometry_csv_action
BootPass_96,97,5,5,Position_Unknown,Team_Unknown,Action_PreSnap,1305.17,152.34,1423.92,416.35,118.75,264.01,xml_geometry_csv_action
BootPass_96,97,6,6,Position_Unknown,Team_Unknown,Action_BootAway,579.31,591.5,783.47,889.15,204.16000000000008,297.65,xml_geometry_csv_action
BootPass_96,97,7,7,Position_Unknown,Team_Unknown,Action_PreSnap,1705.46,405.64,1893.16,726.17,187.70000000000005,320.53,xml_geometry_csv_action
BootPass_96,97,8,8,Position_Unknown,Team_Unknown,Action_PreSnap,554.35,461.19,669.8,692.34,115.44999999999993,231.15000000000003,xml_geometry_csv_action
BootPass_96,98,10,10,Position_Unknown,Team_Unknown,Action_PreSnap,1377.39,475.71,1552.36,750.66,174.9699999999998,274.95,xml_geometry_csv_action
BootPass_96,98,11,11,Position_Unknown,Team_Unknown,Action_PreSnap,807.87,399.02,887.01,716.24,79.13999999999999,317.22,xml_geometry_csv_action
BootPass_96,98,14,13,Position_Unknown,Team_Unknown,Action_PreSnap,1826.68,443.97,1913.22,719.03,86.53999999999996,275.05999999999995,xml_geometry_csv_action
BootPass_96,98,21,15,Position_Unknown,Team_Unknown,Action_PreSnap,1482.49,492.6,1713.62,763.15,231.12999999999988,270.54999999999995,xml_geometry_csv_action
BootPass_96,98,22,16,Position_Unknown,Team_Unknown,Action_PreSnap,1159.95,446.74,1325.82,741.01,165.8699999999999,294.27,xml_geometry_csv_action
BootPass_96,98,24,17,Position_Unknown,Team_Unknown,Action_PreSnap,664.53,395.94,769.91,661.91,105.38,265.96999999999997,xml_geometry_csv_action
BootPass_96,98,2,2,Position_Unknown,Team_Unknown,Action_RunFlatRoute,0.0,474.64,165.2,772.51,165.2,297.87,xml_geometry_csv_action
BootPass_96,98,3,3,Position_Unknown,Team_Unknown,Action_PreSnap,1245.56,437.42,1409.73,743.17,164.17000000000007,305.74999999999994,xml_geometry_csv_action
BootPass_96,98,4,4,Position_Unknown,Team_Unknown,Action_PreSnap,826.45,516.84,972.11,814.25,145.65999999999997,297.40999999999997,xml_geometry_csv_action
BootPass_96,98,5,5,Position_Unknown,Team_Unknown,Action_PreSnap,1290.09,148.99,1412.79,414.33,122.70000000000005,265.34,xml_geometry_csv_action
BootPass_96,98,6,6,Position_Unknown,Team_Unknown,Action_BootAway,539.52,585.33,760.04,886.13,220.51999999999998,300.79999999999995,xml_geometry_csv_action
BootPass_96,98,7,7,Position_Unknown,Team_Unknown,Action_PreSnap,1688.34,402.64,1880.78,727.31,192.44000000000005,324.66999999999996,xml_geometry_csv_action
BootPass_96,98,8,8,Position_Unknown,Team_Unknown,Action_PreSnap,553.14,465.28,670.1,682.87,116.96000000000004,217.59000000000003,xml_geometry_csv_action
BootPass_96,99,10,10,Position_Unknown,Team_Unknown,Action_PreSnap,1384.3,469.25,1547.17,750.1,162.87000000000012,280.85,xml_geometry_csv_action
BootPass_96,99,11,11,Position_Unknown,Team_Unknown,Action_PreSnap,797.86,397.26,880.23,715.72,82.37,318.46000000000004,xml_geometry_csv_action
BootPass_96,99,14,13,Position_Unknown,Team_Unknown,Action_PreSnap,1815.73,437.77,1912.53,713.08,96.79999999999995,275.31000000000006,xml_geometry_csv_action
BootPass_96,99,21,15,Position_Unknown,Team_Unknown,Action_PreSnap,1467.04,490.89,1702.8,759.86,235.76,268.97,xml_geometry_csv_action
BootPass_96,99,22,16,Position_Unknown,Team_Unknown,Action_PreSnap,1151.53,443.03,1337.9,738.86,186.37000000000012,295.83000000000004,xml_geometry_csv_action
BootPass_96,99,24,17,Position_Unknown,Team_Unknown,Action_PreSnap,657.52,398.19,755.81,649.1,98.28999999999996,250.91000000000003,xml_geometry_csv_action
BootPass_96,99,2,2,Position_Unknown,Team_Unknown,Action_RunFlatRoute,0.0,469.5,116.79,772.34,116.79,302.84000000000003,xml_geometry_csv_action
BootPass_96,99,3,3,Position_Unknown,Team_Unknown,Action_PreSnap,1242.04,436.41,1410.66,745.41,168.62000000000012,308.99999999999994,xml_geometry_csv_action
BootPass_96,99,4,4,Position_Unknown,Team_Unknown,Action_PreSnap,818.57,514.11,973.06,810.48,154.4899999999999,296.37,xml_geometry_csv_action
BootPass_96,99,5,5,Position_Unknown,Team_Unknown,Action_PreSnap,1273.72,147.18,1398.97,412.84,125.25,265.65999999999997,xml_geometry_csv_action
BootPass_96,99,6,6,Position_Unknown,Team_Unknown,Action_BootAway,505.56,576.66,732.35,884.73,226.79000000000002,308.07000000000005,xml_geometry_csv_action
BootPass_96,99,7,7,Position_Unknown,Team_Unknown,Action_PreSnap,1673.5,403.49,1861.51,731.94,188.01,328.45000000000005,xml_geometry_csv_action
BootPass_96,100,10,10,Position_Unknown,Team_Unknown,Action_PreSnap,1382.45,471.14,1550.44,750.02,167.99,278.88,xml_geometry_csv_action
BootPass_96,100,11,11,Position_Unknown,Team_Unknown,Action_PreSnap,783.91,396.97,871.26,709.72,87.35000000000002,312.75,xml_geometry_csv_action
BootPass_96,100,14,13,Position_Unknown,Team_Unknown,Action_PreSnap,1803.59,436.25,1912.08,703.07,108.49000000000001,266.82000000000005,xml_geometry_csv_action
BootPass_96,100,21,15,Position_Unknown,Team_Unknown,Action_PreSnap,1424.05,478.54,1691.77,760.56,267.72,282.0199999999999,xml_geometry_csv_action
BootPass_96,100,22,16,Position_Unknown,Team_Unknown,Action_PreSnap,1144.9,441.13,1372.3,726.8,227.39999999999986,285.66999999999996,xml_geometry_csv_action
BootPass_96,100,24,17,Position_Unknown,Team_Unknown,Action_PreSnap,648.48,401.89,740.6,636.32,92.12,234.43000000000006,xml_geometry_csv_action
BootPass_96,100,2,2,Position_Unknown,Team_Unknown,Action_RunFlatRoute,0.0,493.87,71.76,901.84,71.76,407.97,xml_geometry_csv_action
BootPass_96,100,3,3,Position_Unknown,Team_Unknown,Action_PreSnap,1231.05,439.5,1406.72,739.59,175.67000000000007,300.09000000000003,xml_geometry_csv_action
BootPass_96,100,4,4,Position_Unknown,Team_Unknown,Action_PreSnap,811.2,510.79,973.57,808.15,162.37,297.35999999999996,xml_geometry_csv_action
BootPass_96,100,5,5,Position_Unknown,Team_Unknown,Action_PreSnap,1257.1,148.14,1385.63,414.59,128.5300000000002,266.45,xml_geometry_csv_action
BootPass_96,100,6,6,Position_Unknown,Team_Unknown,Action_ThrowPass,470.16,572.4,690.1,886.88,219.94,314.48,xml_geometry_csv_action
BootPass_96,100,7,7,Position_Unknown,Team_Unknown,Action_PreSnap,1653.77,408.22,1845.84,731.5,192.06999999999994,323.28,xml_geometry_csv_action
BootPass_96,100,8,8,Position_Unknown,Team_Unknown,Action_PreSnap,540.87,490.04,711.27,716.89,170.39999999999998,226.84999999999997,xml_geometry_csv_action
BootPass_96,101,10,10,Position_Unknown,Team_Unknown,Action_PreSnap,1375.23,488.67,1535.28,749.75,160.04999999999995,261.08,xml_geometry_csv_action
BootPass_96,101,11,11,Position_Unknown,Team_Unknown,Action_PreSnap,771.21,395.54,863.71,710.55,92.5,315.00999999999993,xml_geometry_csv_action
BootPass_96,101,14,13,Position_Unknown,Team_Unknown,Action_PreSnap,1794.69,435.66,1912.86,693.48,118.16999999999985,257.82,xml_geometry_csv_action
BootPass_96,101,21,15,Position_Unknown,Team_Unknown,Action_PreSnap,1408.74,473.39,1680.23,762.58,271.49,289.19000000000005,xml_geometry_csv_action
BootPass_96,101,22,16,Position_Unknown,Team_Unknown,Action_PreSnap,1146.22,444.79,1390.01,727.96,243.78999999999996,283.17,xml_geometry_csv_action
BootPass_96,101,24,17,Position_Unknown,Team_Unknown,Action_PreSnap,633.55,401.08,727.45,633.53,93.90000000000009,232.45,xml_geometry_csv_action
BootPass_96,101,3,3,Position_Unknown,Team_Unknown,Action_PreSnap,1223.83,445.31,1406.32,740.76,182.49,295.45,xml_geometry_csv_action
BootPass_96,101,4,4,Position_Unknown,Team_Unknown,Action_PreSnap,799.49,505.15,973.59,805.24,174.10000000000002,300.09000000000003,xml_geometry_csv_action
BootPass_96,101,5,5,Position_Unknown,Team_Unknown,Action_PreSnap,1241.67,149.2,1372.47,413.73,130.79999999999995,264.53000000000003,xml_geometry_csv_action
BootPass_96,101,6,6,Position_Unknown,Team_Unknown,Action_ThrowPass,434.73,569.78,644.43,888.82,209.69999999999993,319.0400000000001,xml_geometry_csv_action
BootPass_96,101,7,7,Position_Unknown,Team_Unknown,Action_PreSnap,1636.85,412.82,1834.41,728.68,197.56000000000017,315.85999999999996,xml_geometry_csv_action
BootPass_96,101,8,8,Position_Unknown,Team_Unknown,Action_PreSnap,537.34,501.91,719.91,739.59,182.56999999999994,237.68,xml_geometry_csv_action
BootPass_96,102,10,10,Position_Unknown,Team_Unknown,Action_PreSnap,1376.57,494.93,1533.31,749.37,156.74,254.44,xml_geometry_csv_action
BootPass_96,102,11,11,Position_Unknown,Team_Unknown,Action_PreSnap,770.87,394.8,865.39,710.42,94.51999999999998,315.61999999999995,xml_geometry_csv_action
BootPass_96,102,14,13,Position_Unknown,Team_Unknown,Action_PreSnap,1796.01,435.01,1918.23,689.99,122.22000000000003,254.98000000000002,xml_geometry_csv_action
BootPass_96,102,21,15,Position_Unknown,Team_Unknown,Action_PreSnap,1407.85,471.28,1680.5,763.19,272.6500000000001,291.9100000000001,xml_geometry_csv_action
BootPass_96,102,22,16,Position_Unknown,Team_Unknown,Action_PreSnap,1151.49,445.97,1402.38,728.2,250.8900000000001,282.23,xml_geometry_csv_action
BootPass_96,102,24,17,Position_Unknown,Team_Unknown,Action_PreSnap,632.61,400.59,727.07,632.64,94.46000000000004,232.05,xml_geometry_csv_action
BootPass_96,102,3,3,Position_Unknown,Team_Unknown,Action_PreSnap,1225.47,447.22,1410.75,741.07,185.27999999999997,293.85,xml_geometry_csv_action
BootPass_96,102,4,4,Position_Unknown,Team_Unknown,Action_PreSnap,799.54,502.82,978.28,804.14,178.74,301.32,xml_geometry_csv_action
BootPass_96,102,5,5,Position_Unknown,Team_Unknown,Action_PreSnap,1240.33,149.45,1372.27,413.31,131.94000000000005,263.86,xml_geometry_csv_action
BootPass_96,102,6,6,Position_Unknown,Team_Unknown,Action_ThrowPass,426.46,568.55,632.16,889.42,205.7,320.87,xml_geometry_csv_action
BootPass_96,102,7,7,Position_Unknown,Team_Unknown,Action_PreSnap,1635.15,414.55,1835.11,727.46,199.9599999999998,312.91,xml_geometry_csv_action
BootPass_96,102,8,8,Position_Unknown,Team_Unknown,Action_PreSnap,540.66,505.98,728.44,747.68,187.7800000000001,241.69999999999993,xml_geometry_csv_action
BootPass_96,103,11,11,Position_Unknown,Team_Unknown,Action_PreSnap,763.24,389.27,875.7,701.81,112.46000000000004,312.53999999999996,xml_geometry_csv_action
BootPass_96,103,14,13,Position_Unknown,Team_Unknown,Action_PreSnap,1795.09,427.15,1918.65,688.76,123.56000000000017,261.61,xml_geometry_csv_action
BootPass_96,103,21,15,Position_Unknown,Team_Unknown,Action_PreSnap,1418.03,470.66,1672.83,764.3,254.79999999999995,293.63999999999993,xml_geometry_csv_action
BootPass_96,103,22,16,Position_Unknown,Team_Unknown,Action_PreSnap,1172.62,451.43,1411.42,721.1,238.80000000000018,269.67,xml_geometry_csv_action
BootPass_96,103,24,17,Position_Unknown,Team_Unknown,Action_PreSnap,624.3,381.43,723.75,622.65,99.45000000000005,241.21999999999997,xml_geometry_csv_action
BootPass_96,103,3,3,Position_Unknown,Team_Unknown,Action_PreSnap,1254.01,453.37,1430.09,743.75,176.07999999999993,290.38,xml_geometry_csv_action
BootPass_96,103,4,4,Position_Unknown,Team_Unknown,Action_PreSnap,812.48,480.13,999.4,797.24,186.91999999999996,317.11,xml_geometry_csv_action
BootPass_96,103,5,5,Position_Unknown,Team_Unknown,Action_PreSnap,1237.38,145.49,1370.16,407.48,132.77999999999997,261.99,xml_geometry_csv_action
BootPass_96,103,6,6,Position_Unknown,Team_Unknown,Action_ThrowPass,388.3,554.91,592.77,883.36,204.46999999999997,328.45000000000005,xml_geometry_csv_action
BootPass_96,103,7,7,Position_Unknown,Team_Unknown,Action_PreSnap,1625.76,402.73,1826.72,720.01,200.96000000000004,317.28,xml_geometry_csv_action
BootPass_96,103,8,8,Position_Unknown,Team_Unknown,Action_PreSnap,533.55,511.49,731.62,762.87,198.07000000000005,251.38,xml_geometry_csv_action
BootPass_96,104,11,11,Position_Unknown,Team_Unknown,Action_PreSnap,765.63,387.4,893.99,688.25,128.36,300.85,xml_geometry_csv_action
BootPass_96,104,14,13,Position_Unknown,Team_Unknown,Action_PreSnap,1798.29,427.63,1920.0,689.35,121.71000000000004,261.72,xml_geometry_csv_action
BootPass_96,104,21,15,Position_Unknown,Team_Unknown,Action_PreSnap,1440.14,468.93,1674.3,767.47,234.15999999999985,298.54,xml_geometry_csv_action
BootPass_96,104,22,16,Position_Unknown,Team_Unknown,Action_PreSnap,1195.6,453.59,1429.74,717.11,234.1400000000001,263.52000000000004,xml_geometry_csv_action
BootPass_96,104,24,17,Position_Unknown,Team_Unknown,Action_PreSnap,627.63,374.88,727.8,629.09,100.16999999999996,254.21000000000004,xml_geometry_csv_action
BootPass_96,104,3,3,Position_Unknown,Team_Unknown,Action_PreSnap,1285.88,458.22,1455.38,751.09,169.5,292.87,xml_geometry_csv_action
BootPass_96,104,4,4,Position_Unknown,Team_Unknown,Action_PreSnap,833.13,470.52,1024.7,782.42,191.57000000000005,311.9,xml_geometry_csv_action
BootPass_96,104,5,5,Position_Unknown,Team_Unknown,Action_PreSnap,1243.39,144.67,1378.99,405.68,135.5999999999999,261.01,xml_geometry_csv_action
BootPass_96,104,6,6,Position_Unknown,Team_Unknown,Action_ThrowPass,368.55,546.47,585.22,881.38,216.67000000000002,334.90999999999997,xml_geometry_csv_action
BootPass_96,104,7,7,Position_Unknown,Team_Unknown,Action_PreSnap,1632.06,400.0,1836.48,717.98,204.42000000000007,317.98,xml_geometry_csv_action
BootPass_96,104,8,8,Position_Unknown,Team_Unknown,Action_PreSnap,532.9,512.03,738.3,771.81,205.39999999999998,259.78,xml_geometry_csv_action
BootPass_96,105,11,11,Position_Unknown,Team_Unknown,Action_PreSnap,766.38,386.94,909.5,682.4,143.12,295.46,xml_geometry_csv_action
BootPass_96,105,14,13,Position_Unknown,Team_Unknown,Action_PreSnap,1799.62,430.08,1920.0,689.71,120.38000000000011,259.63000000000005,xml_geometry_csv_action
BootPass_96,105,21,15,Position_Unknown,Team_Unknown,Action_PreSnap,1431.47,470.55,1676.57,770.16,245.0999999999999,299.60999999999996,xml_geometry_csv_action
BootPass_96,105,22,16,Position_Unknown,Team_Unknown,Action_PreSnap,1214.91,454.25,1416.18,719.32,201.26999999999998,265.07000000000005,xml_geometry_csv_action
BootPass_96,105,24,17,Position_Unknown,Team_Unknown,Action_PreSnap,630.08,373.19,730.2,639.93,100.12,266.73999999999995,xml_geometry_csv_action
BootPass_96,105,3,3,Position_Unknown,Team_Unknown,Action_PreSnap,1296.73,461.02,1468.49,754.65,171.76,293.63,xml_geometry_csv_action
BootPass_96,105,4,4,Position_Unknown,Team_Unknown,Action_PreSnap,858.83,468.56,1039.25,771.02,180.41999999999996,302.46,xml_geometry_csv_action
BootPass_96,105,5,5,Position_Unknown,Team_Unknown,Action_PreSnap,1246.76,146.06,1387.23,405.48,140.47000000000003,259.42,xml_geometry_csv_action
BootPass_96,105,6,6,Position_Unknown,Team_Unknown,Action_ThrowPass,348.56,544.01,572.05,880.98,223.48999999999995,336.97,xml_geometry_csv_action
BootPass_96,105,7,7,Position_Unknown,Team_Unknown,Action_PreSnap,1635.88,399.98,1838.32,714.81,202.43999999999983,314.8299999999999,xml_geometry_csv_action
BootPass_96,105,8,8,Position_Unknown,Team_Unknown,Action_PreSnap,520.75,512.41,737.47,774.84,216.72000000000003,262.43000000000006,xml_geometry_csv_action
BootPass_96,106,11,11,Position_Unknown,Team_Unknown,Action_PreSnap,762.25,386.69,917.59,684.27,155.34000000000003,297.58,xml_geometry_csv_action
BootPass_96,106,14,13,Position_Unknown,Team_Unknown,Action_PreSnap,1796.54,432.96,1920.0,691.62,123.46000000000004,258.66,xml_geometry_csv_action
BootPass_96,106,21,15,Position_Unknown,Team_Unknown,Action_PreSnap,1420.02,475.41,1671.75,771.39,251.73000000000002,295.97999999999996,xml_geometry_csv_action
BootPass_96,106,22,16,Position_Unknown,Team_Unknown,Action_PreSnap,1228.1,451.5,1406.44,720.23,178.34000000000015,268.73,xml_geometry_csv_action
BootPass_96,106,24,17,Position_Unknown,Team_Unknown,Action_PreSnap,628.82,371.44,728.6,634.7,99.77999999999997,263.26000000000005,xml_geometry_csv_action
BootPass_96,106,26,18,Position_Unknown,Team_Unknown,Action_PreSnap,1869.95,325.03,1918.34,610.01,48.38999999999987,284.98,xml_geometry_csv_action
BootPass_96,106,3,3,Position_Unknown,Team_Unknown,Action_PreSnap,1298.63,462.44,1474.1,757.67,175.4699999999998,295.22999999999996,xml_geometry_csv_action
BootPass_96,106,4,4,Position_Unknown,Team_Unknown,Action_PreSnap,883.97,464.95,1050.79,766.73,166.81999999999994,301.78000000000003,xml_geometry_csv_action
BootPass_96,106,5,5,Position_Unknown,Team_Unknown,Action_PreSnap,1242.29,147.2,1390.52,406.08,148.23000000000002,258.88,xml_geometry_csv_action
BootPass_96,106,6,6,Position_Unknown,Team_Unknown,Action_ThrowPass,324.59,540.89,546.84,884.53,222.25000000000006,343.64,xml_geometry_csv_action
BootPass_96,106,7,7,Position_Unknown,Team_Unknown,Action_PreSnap,1631.91,397.88,1836.58,715.06,204.66999999999985,317.17999999999995,xml_geometry_csv_action
BootPass_96,106,8,8,Position_Unknown,Team_Unknown,Action_PreSnap,500.73,509.6,728.39,776.26,227.65999999999997,266.65999999999997,xml_geometry_csv_action
BootPass_96,107,11,11,Position_Unknown,Team_Unknown,Action_PreSnap,755.75,389.51,917.66,691.76,161.90999999999997,302.25,xml_geometry_csv_action
BootPass_96,107,14,13,Position_Unknown,Team_Unknown,Action_PreSnap,1784.02,437.39,1917.85,693.2,133.82999999999993,255.81000000000006,xml_geometry_csv_action
BootPass_96,107,21,15,Position_Unknown,Team_Unknown,Action_PreSnap,1426.95,476.87,1659.22,772.59,232.26999999999998,295.72,xml_geometry_csv_action
BootPass_96,107,22,16,Position_Unknown,Team_Unknown,Action_PreSnap,1237.72,452.35,1400.25,728.99,162.52999999999997,276.64,xml_geometry_csv_action
BootPass_96,107,24,17,Position_Unknown,Team_Unknown,Action_PreSnap,618.99,369.22,719.48,634.27,100.49000000000001,265.04999999999995,xml_geometry_csv_action
BootPass_96,107,26,18,Position_Unknown,Team_Unknown,Action_PreSnap,1850.87,331.68,1916.3,604.51,65.43000000000006,272.83,xml_geometry_csv_action
BootPass_96,107,3,3,Position_Unknown,Team_Unknown,Action_PreSnap,1304.87,461.93,1477.22,757.61,172.35000000000014,295.68,xml_geometry_csv_action
BootPass_96,107,4,4,Position_Unknown,Team_Unknown,Action_PreSnap,899.94,462.71,1060.16,766.72,160.22000000000003,304.01000000000005,xml_geometry_csv_action
BootPass_96,107,5,5,Position_Unknown,Team_Unknown,Action_PreSnap,1232.83,150.01,1384.62,407.88,151.78999999999996,257.87,xml_geometry_csv_action
BootPass_96,107,6,6,Position_Unknown,Team_Unknown,Action_ThrowPass,299.68,539.04,510.62,886.27,210.94,347.23,xml_geometry_csv_action
BootPass_96,107,7,7,Position_Unknown,Team_Unknown,Action_PreSnap,1628.87,399.76,1820.58,718.39,191.71000000000004,318.63,xml_geometry_csv_action
BootPass_96,107,8,8,Position_Unknown,Team_Unknown,Action_PreSnap,482.11,507.95,721.41,775.29,239.29999999999995,267.34,xml_geometry_csv_action
BootPass_96,108,11,11,Position_Unknown,Team_Unknown,Action_PreSnap,747.8,388.53,909.5,693.33,161.70000000000005,304.80000000000007,xml_geometry_csv_action
BootPass_96,108,14,13,Position_Unknown,Team_Unknown,Action_PreSnap,1775.22,439.85,1916.6,696.02,141.37999999999988,256.16999999999996,xml_geometry_csv_action
BootPass_96,108,21,15,Position_Unknown,Team_Unknown,Action_PreSnap,1431.77,475.9,1646.44,772.84,214.67000000000007,296.94000000000005,xml_geometry_csv_action
BootPass_96,108,22,16,Position_Unknown,Team_Unknown,Action_PreSnap,1246.05,450.67,1398.49,742.51,152.44000000000005,291.84,xml_geometry_csv_action
BootPass_96,108,24,17,Position_Unknown,Team_Unknown,Action_PreSnap,605.88,367.72,709.87,635.13,103.99000000000001,267.40999999999997,xml_geometry_csv_action
BootPass_96,108,26,18,Position_Unknown,Team_Unknown,Action_PreSnap,1831.02,332.26,1915.46,599.08,84.44000000000005,266.82000000000005,xml_geometry_csv_action
BootPass_96,108,3,3,Position_Unknown,Team_Unknown,Action_PreSnap,1310.28,458.39,1473.39,755.42,163.11000000000013,297.03,xml_geometry_csv_action
BootPass_96,108,4,4,Position_Unknown,Team_Unknown,Action_PreSnap,903.94,456.61,1068.59,765.74,164.64999999999986,309.13,xml_geometry_csv_action
BootPass_96,108,5,5,Position_Unknown,Team_Unknown,Action_PreSnap,1221.82,152.85,1377.87,408.1,156.04999999999995,255.25000000000003,xml_geometry_csv_action
BootPass_96,108,6,6,Position_Unknown,Team_Unknown,Action_ThrowPass,263.86,527.48,465.08,888.16,201.21999999999997,360.67999999999995,xml_geometry_csv_action
BootPass_96,108,7,7,Position_Unknown,Team_Unknown,Action_PreSnap,1618.71,400.75,1807.31,720.29,188.5999999999999,319.53999999999996,xml_geometry_csv_action
BootPass_96,108,8,8,Position_Unknown,Team_Unknown,Action_PreSnap,453.87,504.62,707.93,773.27,254.05999999999995,268.65,xml_geometry_csv_action
BootPass_96,109,1,1,Position_Unknown,Team_Unknown,Action_PreSnap,1427.51,478.5,1632.29,772.33,204.77999999999997,293.83000000000004,xml_geometry_csv_action
BootPass_96,109,11,11,Position_Unknown,Team_Unknown,Action_PreSnap,741.96,390.68,907.03,696.82,165.06999999999994,306.14000000000004,xml_geometry_csv_action
BootPass_96,109,14,13,Position_Unknown,Team_Unknown,Action_PreSnap,1769.14,442.08,1917.21,697.52,148.06999999999994,255.44,xml_geometry_csv_action
BootPass_96,109,21,15,Position_Unknown,Team_Unknown,Action_PreSnap,1447.32,463.06,1628.48,743.18,181.16000000000008,280.11999999999995,xml_geometry_csv_action
BootPass_96,109,22,16,Position_Unknown,Team_Unknown,Action_PreSnap,1252.39,449.14,1398.59,747.87,146.19999999999982,298.73,xml_geometry_csv_action
BootPass_96,109,24,17,Position_Unknown,Team_Unknown,Action_PreSnap,593.62,369.45,704.83,643.02,111.21000000000004,273.57,xml_geometry_csv_action
BootPass_96,109,26,18,Position_Unknown,Team_Unknown,Action_PreSnap,1810.94,331.39,1916.44,591.54,105.5,260.15,xml_geometry_csv_action
BootPass_96,109,3,3,Position_Unknown,Team_Unknown,Action_PreSnap,1328.24,456.76,1480.26,753.58,152.01999999999998,296.82000000000005,xml_geometry_csv_action
BootPass_96,109,4,4,Position_Unknown,Team_Unknown,Action_PreSnap,917.9,450.31,1078.26,766.17,160.36,315.85999999999996,xml_geometry_csv_action
BootPass_96,109,5,5,Position_Unknown,Team_Unknown,Action_PreSnap,1214.11,155.61,1370.93,408.36,156.82000000000016,252.75,xml_geometry_csv_action
BootPass_96,109,6,6,Position_Unknown,Team_Unknown,Action_ThrowPass,233.59,523.78,417.27,888.92,183.67999999999998,365.14,xml_geometry_csv_action
BootPass_96,109,7,7,Position_Unknown,Team_Unknown,Action_PreSnap,1609.83,402.03,1800.37,723.47,190.53999999999996,321.44000000000005,xml_geometry_csv_action
BootPass_96,109,8,8,Position_Unknown,Team_Unknown,Action_PreSnap,431.66,502.4,686.46,772.27,254.8,269.87,xml_geometry_csv_action
BootPass_96,110,1,1,Position_Unknown,Team_Unknown,Action_PreSnap,1435.35,483.25,1627.53,777.59,192.18000000000006,294.34000000000003,xml_geometry_csv_action
BootPass_96,110,11,11,Position_Unknown,Team_Unknown,Action_PreSnap,731.06,393.0,907.89,704.2,176.83000000000004,311.20000000000005,xml_geometry_csv_action
BootPass_96,110,14,13,Position_Unknown,Team_Unknown,Action_PreSnap,1753.07,444.62,1917.93,703.08,164.86000000000013,258.46000000000004,xml_geometry_csv_action
BootPass_96,110,21,15,Position_Unknown,Team_Unknown,Action_PreSnap,1453.4,462.86,1621.93,738.95,168.52999999999997,276.09000000000003,xml_geometry_csv_action
BootPass_96,110,22,16,Position_Unknown,Team_Unknown,Action_PreSnap,1252.95,449.09,1401.03,749.61,148.07999999999993,300.52000000000004,xml_geometry_csv_action
BootPass_96,110,24,17,Position_Unknown,Team_Unknown,Action_PreSnap,578.62,371.01,711.27,660.67,132.64999999999998,289.65999999999997,xml_geometry_csv_action
BootPass_96,110,26,18,Position_Unknown,Team_Unknown,Action_PreSnap,1792.36,332.71,1917.45,596.7,125.09000000000015,263.99000000000007,xml_geometry_csv_action
BootPass_96,110,27,19,Position_Unknown,Team_Unknown,Action_PreSnap,867.54,392.05,976.22,626.68,108.68000000000006,234.62999999999994,xml_geometry_csv_action
BootPass_96,110,3,3,Position_Unknown,Team_Unknown,Action_PreSnap,1333.84,459.94,1485.59,752.03,151.75,292.09,xml_geometry_csv_action
BootPass_96,110,4,4,Position_Unknown,Team_Unknown,Action_PreSnap,931.9,446.59,1082.77,766.72,150.87,320.13000000000005,xml_geometry_csv_action
BootPass_96,110,5,5,Position_Unknown,Team_Unknown,Action_PreSnap,1207.5,159.39,1367.9,409.97,160.4000000000001,250.58000000000004,xml_geometry_csv_action
BootPass_96,110,6,6,Position_Unknown,Team_Unknown,Action_ThrowPass,203.73,528.46,380.78,890.04,177.04999999999998,361.5799999999999,xml_geometry_csv_action
BootPass_96,110,7,7,Position_Unknown,Team_Unknown,Action_PreSnap,1603.5,408.05,1789.77,729.92,186.26999999999998,321.86999999999995,xml_geometry_csv_action
BootPass_96,110,8,8,Position_Unknown,Team_Unknown,Action_PreSnap,390.1,501.97,645.79,772.81,255.68999999999994,270.8399999999999,xml_geometry_csv_action
BootPass_96,111,1,1,Position_Unknown,Team_Unknown,Action_PreSnap,1433.06,491.97,1630.99,787.2,197.93000000000006,295.23,xml_geometry_csv_action
BootPass_96,111,11,11,Position_Unknown,Team_Unknown,Action_PreSnap,728.11,397.46,909.87,713.27,181.76,315.81,xml_geometry_csv_action
BootPass_96,111,14,13,Position_Unknown,Team_Unknown,Action_PreSnap,1726.16,448.4,1917.88,714.0,191.72000000000003,265.6,xml_geometry_csv_action
BootPass_96,111,22,16,Position_Unknown,Team_Unknown,Action_PreSnap,1250.91,450.26,1404.56,752.42,153.64999999999986,302.15999999999997,xml_geometry_csv_action
BootPass_96,111,24,17,Position_Unknown,Team_Unknown,Action_PreSnap,564.14,371.19,713.16,673.7,149.01999999999998,302.51000000000005,xml_geometry_csv_action
BootPass_96,111,26,18,Position_Unknown,Team_Unknown,Action_PreSnap,1775.23,339.19,1917.55,591.43,142.31999999999994,252.23999999999995,xml_geometry_csv_action
BootPass_96,111,27,19,Position_Unknown,Team_Unknown,Action_PreSnap,866.14,399.01,979.89,664.91,113.75,265.9,xml_geometry_csv_action
BootPass_96,111,3,3,Position_Unknown,Team_Unknown,Action_PreSnap,1331.8,464.87,1496.99,756.24,165.19000000000005,291.37,xml_geometry_csv_action
BootPass_96,111,4,4,Position_Unknown,Team_Unknown,Action_PreSnap,942.94,446.32,1090.89,760.68,147.95000000000005,314.35999999999996,xml_geometry_csv_action
BootPass_96,111,5,5,Position_Unknown,Team_Unknown,Action_PreSnap,1200.71,163.43,1364.77,413.93,164.05999999999995,250.5,xml_geometry_csv_action
BootPass_96,111,6,6,Position_Unknown,Team_Unknown,Action_ThrowPass,176.3,535.77,357.52,893.98,181.21999999999997,358.21000000000004,xml_geometry_csv_action
BootPass_96,111,7,7,Position_Unknown,Team_Unknown,Action_PreSnap,1594.81,417.98,1769.87,738.16,175.05999999999995,320.17999999999995,xml_geometry_csv_action
BootPass_96,111,8,8,Position_Unknown,Team_Unknown,Action_PreSnap,363.8,503.14,630.99,777.99,267.19,274.85,xml_geometry_csv_action
BootPass_96,112,1,1,Position_Unknown,Team_Unknown,Action_PreSnap,1433.1,505.74,1638.82,799.95,205.72000000000003,294.21000000000004,xml_geometry_csv_action
BootPass_96,112,11,11,Position_Unknown,Team_Unknown,Action_PreSnap,721.06,405.24,909.44,720.64,188.3800000000001,315.4,xml_geometry_csv_action
BootPass_96,112,14,13,Position_Unknown,Team_Unknown,Action_PreSnap,1718.61,452.44,1917.23,720.58,198.62000000000012,268.14000000000004,xml_geometry_csv_action
BootPass_96,112,22,16,Position_Unknown,Team_Unknown,Action_PreSnap,1243.18,453.24,1402.91,762.26,159.73000000000002,309.02,xml_geometry_csv_action
BootPass_96,112,24,17,Position_Unknown,Team_Unknown,Action_PreSnap,545.25,379.95,724.46,696.24,179.21000000000004,316.29,xml_geometry_csv_action
BootPass_96,112,26,18,Position_Unknown,Team_Unknown,Action_PreSnap,1760.26,350.7,1916.65,598.02,156.3900000000001,247.32,xml_geometry_csv_action
BootPass_96,112,27,19,Position_Unknown,Team_Unknown,Action_PreSnap,870.87,409.69,986.31,671.89,115.43999999999994,262.2,xml_geometry_csv_action
BootPass_96,112,3,3,Position_Unknown,Team_Unknown,Action_PreSnap,1332.54,472.84,1504.41,768.43,171.87000000000012,295.59,xml_geometry_csv_action
BootPass_96,112,4,4,Position_Unknown,Team_Unknown,Action_PreSnap,950.24,451.09,1095.47,748.89,145.23000000000002,297.8,xml_geometry_csv_action
BootPass_96,112,5,5,Position_Unknown,Team_Unknown,Action_PreSnap,1188.69,168.67,1356.9,424.77,168.21000000000004,256.1,xml_geometry_csv_action
BootPass_96,112,6,6,Position_Unknown,Team_Unknown,Action_None,105.67,543.85,330.62,900.67,224.95,356.81999999999994,xml_geometry_csv_action
BootPass_96,112,7,7,Position_Unknown,Team_Unknown,Action_PreSnap,1581.78,429.36,1755.75,745.43,173.97000000000003,316.06999999999994,xml_geometry_csv_action
BootPass_96,112,8,8,Position_Unknown,Team_Unknown,Action_PreSnap,345.86,509.48,595.33,789.42,249.47000000000003,279.93999999999994,xml_geometry_csv_action
BootPass_96,113,1,1,Position_Unknown,Team_Unknown,Action_PreSnap,1429.85,525.26,1635.36,813.05,205.51,287.78999999999996,xml_geometry_csv_action
BootPass_96,113,11,11,Position_Unknown,Team_Unknown,Action_PreSnap,716.07,413.93,911.7,733.97,195.63,320.04,xml_geometry_csv_action
BootPass_96,113,14,13,Position_Unknown,Team_Unknown,Action_PreSnap,1715.69,458.84,1916.77,732.18,201.07999999999993,273.34,xml_geometry_csv_action
BootPass_96,113,22,16,Position_Unknown,Team_Unknown,Action_PreSnap,1240.03,458.75,1401.1,774.39,161.06999999999994,315.64,xml_geometry_csv_action
BootPass_96,113,24,17,Position_Unknown,Team_Unknown,Action_PreSnap,533.92,389.33,727.38,728.6,193.46000000000004,339.27000000000004,xml_geometry_csv_action
BootPass_96,113,26,18,Position_Unknown,Team_Unknown,Action_PreSnap,1740.54,362.33,1904.89,606.32,164.35000000000014,243.99000000000007,xml_geometry_csv_action
BootPass_96,113,27,19,Position_Unknown,Team_Unknown,Action_PreSnap,872.38,428.81,993.25,690.4,120.87,261.59,xml_geometry_csv_action
BootPass_96,113,3,3,Position_Unknown,Team_Unknown,Action_PreSnap,1331.96,481.22,1504.46,784.58,172.5,303.36,xml_geometry_csv_action
BootPass_96,113,4,4,Position_Unknown,Team_Unknown,Action_PreSnap,960.7,459.91,1100.6,743.41,139.89999999999986,283.49999999999994,xml_geometry_csv_action
BootPass_96,113,5,5,Position_Unknown,Team_Unknown,Action_PreSnap,1169.66,174.94,1347.74,436.49,178.07999999999993,261.55,xml_geometry_csv_action
BootPass_96,113,6,6,Position_Unknown,Team_Unknown,Action_None,95.79,554.61,295.8,900.86,200.01,346.25,xml_geometry_csv_action
BootPass_96,113,7,7,Position_Unknown,Team_Unknown,Action_PreSnap,1567.89,441.88,1738.94,757.61,171.04999999999995,315.73,xml_geometry_csv_action
BootPass_96,113,8,8,Position_Unknown,Team_Unknown,Action_PreSnap,328.56,515.64,579.18,801.34,250.61999999999995,285.70000000000005,xml_geometry_csv_action
BootPass_96,114,1,1,Position_Unknown,Team_Unknown,Action_PreSnap,1425.7,544.03,1633.2,827.5,207.5,283.47,xml_geometry_csv_action
BootPass_96,114,11,11,Position_Unknown,Team_Unknown,Action_PreSnap,705.79,423.36,904.23,745.44,198.44000000000005,322.08000000000004,xml_geometry_csv_action
BootPass_96,114,14,13,Position_Unknown,Team_Unknown,Action_PreSnap,1700.14,470.56,1908.74,745.17,208.5999999999999,274.60999999999996,xml_geometry_csv_action
BootPass_96,114,22,16,Position_Unknown,Team_Unknown,Action_PreSnap,1231.24,463.95,1401.61,783.99,170.3699999999999,320.04,xml_geometry_csv_action
BootPass_96,114,24,17,Position_Unknown,Team_Unknown,Action_PreSnap,521.94,400.58,718.0,740.18,196.05999999999995,339.59999999999997,xml_geometry_csv_action
BootPass_96,114,26,18,Position_Unknown,Team_Unknown,Action_PreSnap,1721.58,377.21,1882.82,604.12,161.24,226.91000000000003,xml_geometry_csv_action
BootPass_96,114,27,19,Position_Unknown,Team_Unknown,Action_PreSnap,875.5,447.03,1001.11,699.62,125.61000000000001,252.59000000000003,xml_geometry_csv_action
BootPass_96,114,3,3,Position_Unknown,Team_Unknown,Action_PreSnap,1328.68,493.67,1500.41,797.03,171.73000000000002,303.35999999999996,xml_geometry_csv_action
BootPass_96,114,4,4,Position_Unknown,Team_Unknown,Action_PreSnap,963.48,470.75,1100.85,750.49,137.3699999999999,279.74,xml_geometry_csv_action
BootPass_96,114,5,5,Position_Unknown,Team_Unknown,Action_PreSnap,1148.86,183.18,1335.56,450.65,186.70000000000005,267.46999999999997,xml_geometry_csv_action
BootPass_96,114,6,6,Position_Unknown,Team_Unknown,Action_None,70.95,567.28,261.83,910.18,190.88,342.9,xml_geometry_csv_action
BootPass_96,114,7,7,Position_Unknown,Team_Unknown,Action_PreSnap,1545.59,455.04,1716.92,751.81,171.33000000000015,296.7699999999999,xml_geometry_csv_action
BootPass_96,114,8,8,Position_Unknown,Team_Unknown,Action_PreSnap,308.73,524.64,557.09,814.18,248.36,289.53999999999996,xml_geometry_csv_action
BootPass_96,115,1,1,Position_Unknown,Team_Unknown,Action_PreSnap,1406.82,562.6,1615.63,841.76,208.81000000000017,279.15999999999997,xml_geometry_csv_action
BootPass_96,115,11,11,Position_Unknown,Team_Unknown,Action_PreSnap,703.05,432.32,895.09,756.31,192.04000000000008,323.98999999999995,xml_geometry_csv_action
BootPass_96,115,14,13,Position_Unknown,Team_Unknown,Action_PreSnap,1675.67,484.24,1882.36,759.01,206.68999999999983,274.77,xml_geometry_csv_action
BootPass_96,115,22,16,Position_Unknown,Team_Unknown,Action_PreSnap,1226.09,471.31,1397.72,791.55,171.6300000000001,320.23999999999995,xml_geometry_csv_action
BootPass_96,115,24,17,Position_Unknown,Team_Unknown,Action_PreSnap,507.77,416.21,713.25,749.55,205.48000000000002,333.34,xml_geometry_csv_action
BootPass_96,115,26,18,Position_Unknown,Team_Unknown,Action_PreSnap,1697.5,391.19,1854.75,608.96,157.25,217.77000000000004,xml_geometry_csv_action
BootPass_96,115,27,19,Position_Unknown,Team_Unknown,Action_PreSnap,869.95,469.61,1010.58,710.37,140.63,240.76,xml_geometry_csv_action
BootPass_96,115,3,3,Position_Unknown,Team_Unknown,Action_PreSnap,1333.69,507.59,1494.12,805.46,160.42999999999984,297.87000000000006,xml_geometry_csv_action
BootPass_96,115,4,4,Position_Unknown,Team_Unknown,Action_PreSnap,963.76,483.1,1102.7,760.82,138.94000000000005,277.72,xml_geometry_csv_action
BootPass_96,115,5,5,Position_Unknown,Team_Unknown,Action_PreSnap,1117.2,190.43,1317.12,463.71,199.91999999999985,273.28,xml_geometry_csv_action
BootPass_96,115,6,6,Position_Unknown,Team_Unknown,Action_None,43.81,584.58,223.04,924.8,179.23,340.2199999999999,xml_geometry_csv_action
BootPass_96,115,7,7,Position_Unknown,Team_Unknown,Action_PreSnap,1503.58,514.8,1671.39,767.29,167.81000000000017,252.49,xml_geometry_csv_action
BootPass_96,115,8,8,Position_Unknown,Team_Unknown,Action_PreSnap,282.71,538.16,528.15,824.92,245.44,286.76,xml_geometry_csv_action
BootPass_96,116,1,1,Position_Unknown,Team_Unknown,Action_PreSnap,1392.35,574.63,1598.19,864.05,205.84000000000015,289.41999999999996,xml_geometry_csv_action
BootPass_96,116,11,11,Position_Unknown,Team_Unknown,Action_PreSnap,701.77,440.64,888.02,766.91,186.25,326.27,xml_geometry_csv_action
BootPass_96,116,14,13,Position_Unknown,Team_Unknown,Action_PreSnap,1648.22,499.82,1848.51,769.86,200.28999999999996,270.04,xml_geometry_csv_action
BootPass_96,116,22,16,Position_Unknown,Team_Unknown,Action_PreSnap,1226.45,478.98,1401.83,794.7,175.37999999999988,315.72,xml_geometry_csv_action
BootPass_96,116,24,17,Position_Unknown,Team_Unknown,Action_PreSnap,496.13,436.84,712.56,757.74,216.42999999999995,320.90000000000003,xml_geometry_csv_action
BootPass_96,116,26,18,Position_Unknown,Team_Unknown,Action_PreSnap,1673.42,406.57,1825.14,613.55,151.72000000000003,206.97999999999996,xml_geometry_csv_action
BootPass_96,116,27,19,Position_Unknown,Team_Unknown,Action_PreSnap,856.24,489.11,1015.92,710.46,159.67999999999995,221.35000000000002,xml_geometry_csv_action
BootPass_96,116,3,3,Position_Unknown,Team_Unknown,Action_PreSnap,1344.01,518.92,1490.63,804.24,146.62000000000012,285.32000000000005,xml_geometry_csv_action
BootPass_96,116,4,4,Position_Unknown,Team_Unknown,Action_PreSnap,960.33,492.38,1105.68,769.05,145.35000000000002,276.66999999999996,xml_geometry_csv_action
BootPass_96,116,5,5,Position_Unknown,Team_Unknown,Action_PreSnap,1086.99,199.91,1293.59,474.03,206.5999999999999,274.12,xml_geometry_csv_action
BootPass_96,116,6,6,Position_Unknown,Team_Unknown,Action_None,21.82,602.03,185.2,937.22,163.38,335.19000000000005,xml_geometry_csv_action
BootPass_96,116,7,7,Position_Unknown,Team_Unknown,Action_PreSnap,1481.5,543.78,1674.5,786.27,193.0,242.49,xml_geometry_csv_action
BootPass_96,116,8,8,Position_Unknown,Team_Unknown,Action_PreSnap,259.55,547.36,504.47,834.43,244.92000000000002,287.06999999999994,xml_geometry_csv_action
BootPass_96,117,1,1,Position_Unknown,Team_Unknown,Action_PreSnap,1371.27,583.84,1578.05,876.78,206.77999999999997,292.93999999999994,xml_geometry_csv_action
BootPass_96,117,11,11,Position_Unknown,Team_Unknown,Action_PreSnap,702.15,449.26,884.82,772.53,182.67000000000007,323.27,xml_geometry_csv_action
BootPass_96,117,14,13,Position_Unknown,Team_Unknown,Action_PreSnap,1627.85,508.8,1813.31,778.26,185.46000000000004,269.46,xml_geometry_csv_action
BootPass_96,117,22,16,Position_Unknown,Team_Unknown,Action_PreSnap,1232.19,487.99,1401.95,797.99,169.76,310.0,xml_geometry_csv_action
BootPass_96,117,24,17,Position_Unknown,Team_Unknown,Action_PreSnap,484.49,456.12,713.45,768.35,228.96000000000004,312.23,xml_geometry_csv_action
BootPass_96,117,26,18,Position_Unknown,Team_Unknown,Action_PreSnap,1648.19,422.42,1791.46,620.51,143.26999999999998,198.08999999999997,xml_geometry_csv_action
BootPass_96,117,27,19,Position_Unknown,Team_Unknown,Action_PreSnap,847.03,504.01,1023.3,717.94,176.26999999999998,213.93000000000006,xml_geometry_csv_action
BootPass_96,117,3,3,Position_Unknown,Team_Unknown,Action_PreSnap,1348.75,530.76,1487.21,804.26,138.46000000000004,273.5,xml_geometry_csv_action
BootPass_96,117,4,4,Position_Unknown,Team_Unknown,Action_PreSnap,970.14,496.94,1112.79,774.14,142.64999999999998,277.2,xml_geometry_csv_action
BootPass_96,117,5,5,Position_Unknown,Team_Unknown,Action_PreSnap,1053.26,207.81,1264.16,479.46,210.9000000000001,271.65,xml_geometry_csv_action
BootPass_96,117,6,6,Position_Unknown,Team_Unknown,Action_None,0.09,615.04,149.67,953.58,149.57999999999998,338.5400000000001,xml_geometry_csv_action
BootPass_96,117,7,7,Position_Unknown,Team_Unknown,Action_PreSnap,1466.16,566.26,1667.3,784.98,201.13999999999987,218.72000000000003,xml_geometry_csv_action
BootPass_96,117,8,8,Position_Unknown,Team_Unknown,Action_PreSnap,237.27,551.33,482.16,843.7,244.89000000000001,292.37,xml_geometry_csv_action
BootPass_96,118,1,1,Position_Unknown,Team_Unknown,Action_PreSnap,1345.7,592.62,1558.97,884.39,213.26999999999998,291.77,xml_geometry_csv_action
BootPass_96,118,11,11,Position_Unknown,Team_Unknown,Action_PreSnap,709.07,456.7,883.48,773.18,174.40999999999997,316.47999999999996,xml_geometry_csv_action
BootPass_96,118,14,13,Position_Unknown,Team_Unknown,Action_PreSnap,1607.54,513.03,1786.91,783.99,179.37000000000012,270.96000000000004,xml_geometry_csv_action
BootPass_96,118,22,16,Position_Unknown,Team_Unknown,Action_PreSnap,1242.45,494.57,1402.68,796.73,160.23000000000002,302.16,xml_geometry_csv_action
BootPass_96,118,24,17,Position_Unknown,Team_Unknown,Action_PreSnap,475.6,463.84,706.5,776.2,230.89999999999998,312.36000000000007,xml_geometry_csv_action
BootPass_96,118,26,18,Position_Unknown,Team_Unknown,Action_PreSnap,1626.4,431.07,1765.12,627.63,138.7199999999998,196.56,xml_geometry_csv_action
BootPass_96,118,27,19,Position_Unknown,Team_Unknown,Action_PreSnap,845.19,513.98,1032.65,731.47,187.46000000000004,217.49,xml_geometry_csv_action
BootPass_96,118,4,4,Position_Unknown,Team_Unknown,Action_PreSnap,975.09,502.36,1121.72,781.61,146.63,279.25,xml_geometry_csv_action
BootPass_96,118,5,5,Position_Unknown,Team_Unknown,Action_PreSnap,1018.16,212.02,1227.38,480.19,209.22000000000014,268.16999999999996,xml_geometry_csv_action
BootPass_96,118,6,6,Position_Unknown,Team_Unknown,Action_None,0.0,622.18,117.28,960.36,117.28,338.18000000000006,xml_geometry_csv_action
BootPass_96,118,7,7,Position_Unknown,Team_Unknown,Action_PreSnap,1459.58,577.75,1674.88,814.33,215.30000000000018,236.58000000000004,xml_geometry_csv_action
BootPass_96,118,8,8,Position_Unknown,Team_Unknown,Action_PreSnap,217.99,550.47,456.41,847.18,238.42000000000002,296.7099999999999,xml_geometry_csv_action
BootPass_96,119,1,1,Position_Unknown,Team_Unknown,Action_PreSnap,1342.35,624.56,1564.63,888.79,222.2800000000002,264.23,xml_geometry_csv_action
BootPass_96,119,11,11,Position_Unknown,Team_Unknown,Action_PreSnap,711.37,460.65,884.75,772.52,173.38,311.87,xml_geometry_csv_action
BootPass_96,119,14,13,Position_Unknown,Team_Unknown,Action_PreSnap,1592.92,511.24,1762.89,789.99,169.97000000000003,278.75,xml_geometry_csv_action
BootPass_96,119,22,16,Position_Unknown,Team_Unknown,Action_PreSnap,1244.47,499.08,1403.28,798.16,158.80999999999995,299.08,xml_geometry_csv_action
BootPass_96,119,24,17,Position_Unknown,Team_Unknown,Action_PreSnap,466.82,465.49,702.48,785.0,235.66000000000003,319.51,xml_geometry_csv_action
BootPass_96,119,27,19,Position_Unknown,Team_Unknown,Action_PreSnap,848.0,523.88,1043.94,731.93,195.94000000000005,208.04999999999995,xml_geometry_csv_action
BootPass_96,119,3,3,Position_Unknown,Team_Unknown,Action_PreSnap,1336.94,551.18,1498.7,805.91,161.76,254.73000000000002,xml_geometry_csv_action
BootPass_96,119,4,4,Position_Unknown,Team_Unknown,Action_PreSnap,980.68,504.69,1129.66,782.84,148.98000000000013,278.15000000000003,xml_geometry_csv_action
BootPass_96,119,5,5,Position_Unknown,Team_Unknown,Action_PreSnap,984.24,217.12,1193.91,479.98,209.67000000000007,262.86,xml_geometry_csv_action
BootPass_96,119,6,6,Position_Unknown,Team_Unknown,Action_None,0.0,625.77,100.01,962.01,100.01,336.24,xml_geometry_csv_action
BootPass_96,119,7,7,Position_Unknown,Team_Unknown,Action_PreSnap,1455.57,581.8,1673.26,819.63,217.69000000000005,237.83000000000004,xml_geometry_csv_action
BootPass_96,119,8,8,Position_Unknown,Team_Unknown,Action_PreSnap,193.66,546.83,428.22,852.76,234.56000000000003,305.92999999999995,xml_geometry_csv_action
BootPass_96,120,11,11,Position_Unknown,Team_Unknown,Action_PreSnap,711.28,459.81,893.01,768.68,181.73000000000002,308.86999999999995,xml_geometry_csv_action
BootPass_96,120,14,13,Position_Unknown,Team_Unknown,Action_PreSnap,1583.57,505.96,1746.02,788.51,162.45000000000005,282.55,xml_geometry_csv_action
BootPass_96,120,21,15,Position_Unknown,Team_Unknown,Action_PreSnap,1332.5,556.05,1515.45,812.16,182.95000000000005,256.11,xml_geometry_csv_action
BootPass_96,120,22,16,Position_Unknown,Team_Unknown,Action_PreSnap,1240.97,498.14,1408.32,792.71,167.3499999999999,294.57000000000005,xml_geometry_csv_action
BootPass_96,120,24,17,Position_Unknown,Team_Unknown,Action_PreSnap,465.79,461.94,706.15,784.73,240.35999999999996,322.79,xml_geometry_csv_action
BootPass_96,120,27,19,Position_Unknown,Team_Unknown,Action_PreSnap,858.69,524.33,1066.44,730.7,207.75,206.37,xml_geometry_csv_action
BootPass_96,120,3,3,Position_Unknown,Team_Unknown,Action_PreSnap,1328.64,561.3,1487.2,862.92,158.55999999999995,301.62,xml_geometry_csv_action
BootPass_96,120,4,4,Position_Unknown,Team_Unknown,Action_PreSnap,986.02,505.06,1141.52,782.2,155.5,277.14000000000004,xml_geometry_csv_action
BootPass_96,120,5,5,Position_Unknown,Team_Unknown,Action_PreSnap,959.92,222.59,1175.98,476.5,216.06000000000006,253.91,xml_geometry_csv_action
BootPass_96,120,6,6,Position_Unknown,Team_Unknown,Action_None,0.0,620.66,91.12,954.43,91.12,333.77,xml_geometry_csv_action
BootPass_96,120,7,7,Position_Unknown,Team_Unknown,Action_PreSnap,1453.17,585.32,1661.24,818.15,208.06999999999994,232.82999999999993,xml_geometry_csv_action
BootPass_96,120,8,8,Position_Unknown,Team_Unknown,Action_PreSnap,183.47,541.86,406.47,860.61,223.00000000000003,318.75,xml_geometry_csv_action
BootPass_96,121,1,1,Position_Unknown,Team_Unknown,Action_PreSnap,1316.49,606.33,1543.98,864.99,227.49,258.65999999999997,xml_geometry_csv_action
BootPass_96,121,11,11,Position_Unknown,Team_Unknown,Action_PreSnap,717.59,459.35,900.56,764.09,182.9699999999999,304.74,xml_geometry_csv_action
BootPass_96,121,14,13,Position_Unknown,Team_Unknown,Action_PreSnap,1572.33,499.17,1732.68,784.09,160.35000000000014,284.92,xml_geometry_csv_action
BootPass_96,121,21,15,Position_Unknown,Team_Unknown,Action_PreSnap,1314.62,579.32,1494.15,862.31,179.5300000000002,282.9899999999999,xml_geometry_csv_action
BootPass_96,121,22,16,Position_Unknown,Team_Unknown,Action_PreSnap,1241.05,495.39,1413.36,779.9,172.30999999999995,284.51,xml_geometry_csv_action
BootPass_96,121,24,17,Position_Unknown,Team_Unknown,Action_PreSnap,468.61,459.73,712.65,780.75,244.03999999999996,321.02,xml_geometry_csv_action
BootPass_96,121,27,19,Position_Unknown,Team_Unknown,Action_PreSnap,882.3,514.74,1112.09,729.88,229.78999999999996,215.14,xml_geometry_csv_action
BootPass_96,121,4,4,Position_Unknown,Team_Unknown,Action_PreSnap,997.92,502.86,1158.71,778.14,160.79000000000008,275.28,xml_geometry_csv_action
BootPass_96,121,5,5,Position_Unknown,Team_Unknown,Action_PreSnap,938.81,223.28,1163.55,471.98,224.74,248.70000000000002,xml_geometry_csv_action
BootPass_96,121,6,6,Position_Unknown,Team_Unknown,Action_None,0.0,630.85,86.6,944.35,86.6,313.5,xml_geometry_csv_action
BootPass_96,121,7,7,Position_Unknown,Team_Unknown,Action_PreSnap,1455.82,579.34,1658.84,819.69,203.01999999999998,240.35000000000002,xml_geometry_csv_action
BootPass_96,121,8,8,Position_Unknown,Team_Unknown,Action_PreSnap,165.27,535.99,348.8,860.71,183.53,324.72,xml_geometry_csv_action
BootPass_96,122,1,1,Position_Unknown,Team_Unknown,Action_PreSnap,1314.07,633.66,1545.38,862.71,231.31000000000017,229.05000000000007,xml_geometry_csv_action
BootPass_96,122,11,11,Position_Unknown,Team_Unknown,Action_PreSnap,718.59,458.01,900.56,763.5,181.9699999999999,305.49,xml_geometry_csv_action
BootPass_96,122,22,16,Position_Unknown,Team_Unknown,Action_PreSnap,1243.79,494.58,1419.46,763.7,175.67000000000007,269.12000000000006,xml_geometry_csv_action
BootPass_96,122,24,17,Position_Unknown,Team_Unknown,Action_PreSnap,470.76,458.86,720.95,775.97,250.19000000000005,317.11,xml_geometry_csv_action
BootPass_96,122,27,19,Position_Unknown,Team_Unknown,Action_PreSnap,915.56,507.88,1147.71,753.79,232.1500000000001,245.90999999999997,xml_geometry_csv_action
BootPass_96,122,3,3,Position_Unknown,Team_Unknown,Action_PreSnap,1308.63,562.39,1517.42,750.59,208.78999999999996,188.20000000000005,xml_geometry_csv_action
BootPass_96,122,4,4,Position_Unknown,Team_Unknown,Action_PreSnap,998.96,498.57,1163.46,775.27,164.5,276.7,xml_geometry_csv_action
BootPass_96,122,5,5,Position_Unknown,Team_Unknown,Action_PreSnap,917.84,221.64,1155.91,470.12,238.07000000000005,248.48000000000002,xml_geometry_csv_action
BootPass_96,122,6,6,Position_Unknown,Team_Unknown,Action_None,0.0,614.63,71.7,938.43,71.7,323.79999999999995,xml_geometry_csv_action
BootPass_96,122,7,7,Position_Unknown,Team_Unknown,Action_PreSnap,1464.55,576.34,1652.74,820.56,188.19000000000005,244.2199999999999,xml_geometry_csv_action
BootPass_96,122,8,8,Position_Unknown,Team_Unknown,Action_PreSnap,146.82,534.54,329.88,860.32,183.06,325.7800000000001,xml_geometry_csv_action
BootPass_96,123,11,11,Position_Unknown,Team_Unknown,Action_PreSnap,718.29,461.55,890.93,763.65,172.64,302.09999999999997,xml_geometry_csv_action
BootPass_96,123,14,13,Position_Unknown,Team_Unknown,Action_PreSnap,1568.5,490.14,1714.94,786.49,146.44000000000005,296.35,xml_geometry_csv_action
BootPass_96,123,21,15,Position_Unknown,Team_Unknown,Action_PreSnap,1270.01,592.06,1451.21,878.66,181.20000000000005,286.6,xml_geometry_csv_action
BootPass_96,123,22,16,Position_Unknown,Team_Unknown,Action_PreSnap,1261.71,496.15,1425.33,733.24,163.6199999999999,237.09000000000003,xml_geometry_csv_action
BootPass_96,123,24,17,Position_Unknown,Team_Unknown,Action_PreSnap,470.2,462.12,730.34,779.14,260.14000000000004,317.02,xml_geometry_csv_action
BootPass_96,123,26,18,Position_Unknown,Team_Unknown,Action_PreSnap,1527.72,422.15,1646.46,563.72,118.74000000000001,141.57000000000005,xml_geometry_csv_action
BootPass_96,123,27,19,Position_Unknown,Team_Unknown,Action_PreSnap,941.51,536.94,1122.86,747.56,181.3499999999999,210.6199999999999,xml_geometry_csv_action
BootPass_96,123,3,3,Position_Unknown,Team_Unknown,Action_PreSnap,1334.28,566.0,1520.59,699.55,186.30999999999995,133.54999999999995,xml_geometry_csv_action
BootPass_96,123,4,4,Position_Unknown,Team_Unknown,Action_PreSnap,1018.58,497.18,1160.67,773.77,142.09000000000003,276.59,xml_geometry_csv_action
BootPass_96,123,5,5,Position_Unknown,Team_Unknown,Action_PreSnap,896.57,221.74,1140.64,467.86,244.07000000000005,246.12,xml_geometry_csv_action
BootPass_96,123,6,6,Position_Unknown,Team_Unknown,Action_None,0.0,601.51,53.91,925.1,53.91,323.59000000000003,xml_geometry_csv_action
BootPass_96,123,8,8,Position_Unknown,Team_Unknown,Action_PreSnap,117.38,537.04,311.64,864.56,194.26,327.52,xml_geometry_csv_action
BootPass_96,124,1,1,Position_Unknown,Team_Unknown,Action_PreSnap,1385.15,668.68,1539.56,859.05,154.40999999999985,190.37,xml_geometry_csv_action
BootPass_96,124,11,11,Position_Unknown,Team_Unknown,Action_PreSnap,729.14,465.94,898.55,764.27,169.40999999999997,298.33,xml_geometry_csv_action
BootPass_96,124,14,13,Position_Unknown,Team_Unknown,Action_PreSnap,1572.79,487.16,1715.09,787.37,142.29999999999995,300.21,xml_geometry_csv_action
BootPass_96,124,21,15,Position_Unknown,Team_Unknown,Action_PreSnap,1264.35,597.9,1437.04,884.05,172.69000000000005,286.15,xml_geometry_csv_action
BootPass_96,124,22,16,Position_Unknown,Team_Unknown,Action_PreSnap,1303.58,501.51,1437.61,684.88,134.02999999999997,183.37,xml_geometry_csv_action
BootPass_96,124,24,17,Position_Unknown,Team_Unknown,Action_PreSnap,560.47,462.73,749.45,783.95,188.98000000000002,321.22,xml_geometry_csv_action
BootPass_96,124,26,18,Position_Unknown,Team_Unknown,Action_PreSnap,1515.8,422.5,1612.38,555.22,96.58000000000015,132.72000000000003,xml_geometry_csv_action
BootPass_96,124,28,20,Position_Unknown,Team_Unknown,Action_PreSnap,1461.6,482.74,1570.37,588.15,108.76999999999998,105.40999999999997,xml_geometry_csv_action
BootPass_96,124,29,21,Position_Unknown,Team_Unknown,Action_PreSnap,827.48,467.01,952.97,757.72,125.49000000000001,290.71000000000004,xml_geometry_csv_action
BootPass_96,124,3,3,Position_Unknown,Team_Unknown,Action_PreSnap,1360.98,565.53,1527.0,694.65,166.01999999999998,129.12,xml_geometry_csv_action
BootPass_96,124,4,4,Position_Unknown,Team_Unknown,Action_PreSnap,1025.29,497.49,1171.5,771.33,146.21000000000004,273.84000000000003,xml_geometry_csv_action
BootPass_96,124,5,5,Position_Unknown,Team_Unknown,Action_PreSnap,892.62,224.06,1128.48,468.34,235.86,244.27999999999997,xml_geometry_csv_action
BootPass_96,124,6,6,Position_Unknown,Team_Unknown,Action_None,0.25,596.03,41.89,912.03,41.64,316.0,xml_geometry_csv_action
BootPass_96,124,7,7,Position_Unknown,Team_Unknown,Action_PreSnap,1504.59,577.88,1656.46,826.95,151.87000000000012,249.07000000000005,xml_geometry_csv_action
BootPass_96,124,8,8,Position_Unknown,Team_Unknown,Action_PreSnap,101.26,544.17,307.07,861.95,205.81,317.7800000000001,xml_geometry_csv_action
BootPass_96,125,11,11,Position_Unknown,Team_Unknown,Action_PreSnap,777.27,473.16,937.28,769.69,160.01,296.53000000000003,xml_geometry_csv_action
BootPass_96,125,14,13,Position_Unknown,Team_Unknown,Action_PreSnap,1593.54,485.03,1756.65,790.44,163.11000000000013,305.4100000000001,xml_geometry_csv_action
BootPass_96,125,21,15,Position_Unknown,Team_Unknown,Action_PreSnap,1289.96,602.09,1473.95,888.22,183.99,286.13,xml_geometry_csv_action
BootPass_96,125,22,16,Position_Unknown,Team_Unknown,Action_PreSnap,1356.08,505.85,1480.33,676.46,124.25,170.61,xml_geometry_csv_action
BootPass_96,125,24,17,Position_Unknown,Team_Unknown,Action_PreSnap,644.92,464.21,790.89,821.29,145.97000000000003,357.08,xml_geometry_csv_action
BootPass_96,125,26,18,Position_Unknown,Team_Unknown,Action_PreSnap,1531.78,420.07,1624.9,554.49,93.12000000000012,134.42000000000002,xml_geometry_csv_action
BootPass_96,125,29,21,Position_Unknown,Team_Unknown,Action_PreSnap,881.47,467.85,1005.45,765.47,123.98000000000002,297.62,xml_geometry_csv_action
BootPass_96,125,4,4,Position_Unknown,Team_Unknown,Action_PreSnap,1063.86,498.73,1220.36,776.27,156.5,277.53999999999996,xml_geometry_csv_action
BootPass_96,125,5,5,Position_Unknown,Team_Unknown,Action_PreSnap,916.33,225.36,1143.17,473.77,226.84000000000003,248.40999999999997,xml_geometry_csv_action
BootPass_96,125,7,7,Position_Unknown,Team_Unknown,Action_PreSnap,1539.84,576.64,1696.34,824.8,156.5,248.15999999999997,xml_geometry_csv_action
BootPass_96,125,8,8,Position_Unknown,Team_Unknown,Action_PreSnap,120.1,550.1,337.28,856.45,217.17999999999998,306.35,xml_geometry_csv_action
BootPass_96,126,11,11,Position_Unknown,Team_Unknown,Action_PreSnap,883.08,479.2,1078.48,781.49,195.39999999999998,302.29,xml_geometry_csv_action
BootPass_96,126,14,13,Position_Unknown,Team_Unknown,Action_PreSnap,1645.3,493.82,1829.32,815.04,184.01999999999998,321.21999999999997,xml_geometry_csv_action
BootPass_96,126,22,16,Position_Unknown,Team_Unknown,Action_PreSnap,1446.49,510.75,1572.28,630.75,125.78999999999996,120.0,xml_geometry_csv_action
BootPass_96,126,24,17,Position_Unknown,Team_Unknown,Action_PreSnap,755.87,462.25,889.43,760.02,133.55999999999995,297.77,xml_geometry_csv_action
BootPass_96,126,26,18,Position_Unknown,Team_Unknown,Action_PreSnap,1577.08,423.36,1693.21,557.64,116.13000000000011,134.27999999999997,xml_geometry_csv_action
BootPass_96,126,4,4,Position_Unknown,Team_Unknown,Action_PreSnap,1148.36,505.5,1313.58,786.61,165.22000000000003,281.11,xml_geometry_csv_action
BootPass_96,126,5,5,Position_Unknown,Team_Unknown,Action_PreSnap,979.45,233.9,1195.04,481.16,215.58999999999992,247.26000000000002,xml_geometry_csv_action
BootPass_96,126,8,8,Position_Unknown,Team_Unknown,Action_PreSnap,187.51,554.88,405.53,853.34,218.01999999999998,298.46000000000004,xml_geometry_csv_action
BootPass_96,127,11,11,Position_Unknown,Team_Unknown,Action_PreSnap,1021.86,483.17,1221.37,740.76,199.50999999999988,257.59,xml_geometry_csv_action
BootPass_96,127,14,13,Position_Unknown,Team_Unknown,Action_PreSnap,1743.26,502.81,1920.0,824.49,176.74,321.68,xml_geometry_csv_action
BootPass_96,127,26,18,Position_Unknown,Team_Unknown,Action_PreSnap,1680.07,428.97,1795.6,557.61,115.52999999999997,128.64,xml_geometry_csv_action
BootPass_96,127,30,22,Position_Unknown,Team_Unknown,Action_PreSnap,55.38,645.9,188.28,917.71,132.9,271.81000000000006,xml_geometry_csv_action
BootPass_96,127,4,4,Position_Unknown,Team_Unknown,Action_PreSnap,1272.64,508.15,1443.41,792.29,170.76999999999998,284.14,xml_geometry_csv_action
BootPass_96,127,5,5,Position_Unknown,Team_Unknown,Action_PreSnap,1077.95,242.36,1282.44,475.23,204.49,232.87,xml_geometry_csv_action
BootPass_96,127,8,8,Position_Unknown,Team_Unknown,Action_PreSnap,288.64,556.4,480.19,828.7,191.55,272.30000000000007,xml_geometry_csv_action
BootPass_96,128,10,10,Position_Unknown,Team_Unknown,Action_PreSnap,1831.53,510.15,1919.28,828.36,87.75,318.21000000000004,xml_geometry_csv_action
BootPass_96,128,11,11,Position_Unknown,Team_Unknown,Action_PreSnap,1160.13,476.18,1358.66,744.91,198.52999999999997,268.72999999999996,xml_geometry_csv_action
BootPass_96,128,21,15,Position_Unknown,Team_Unknown,Action_PreSnap,1580.87,593.62,1750.33,864.72,169.46000000000004,271.1,xml_geometry_csv_action
BootPass_96,128,24,17,Position_Unknown,Team_Unknown,Action_PreSnap,1022.53,445.48,1157.05,737.45,134.51999999999998,291.97,xml_geometry_csv_action
BootPass_96,128,30,22,Position_Unknown,Team_Unknown,Action_PreSnap,152.98,625.7,295.98,917.93,143.00000000000003,292.2299999999999,xml_geometry_csv_action
BootPass_96,128,3,3,Position_Unknown,Team_Unknown,Action_PreSnap,1782.83,436.4,1919.02,702.66,136.19000000000005,266.26,xml_geometry_csv_action
BootPass_96,128,4,4,Position_Unknown,Team_Unknown,Action_PreSnap,1404.93,494.83,1573.51,779.81,168.57999999999993,284.97999999999996,xml_geometry_csv_action
BootPass_96,128,5,5,Position_Unknown,Team_Unknown,Action_PreSnap,1179.93,234.42,1381.26,475.61,201.32999999999993,241.19000000000003,xml_geometry_csv_action
BootPass_96,129,11,11,Position_Unknown,Team_Unknown,Action_PreSnap,1272.63,255.22,1475.51,505.91,202.87999999999988,250.69000000000003,xml_geometry_csv_action
BootPass_96,129,20,14,Position_Unknown,Team_Unknown,Action_PreSnap,1110.89,433.41,1279.02,791.5,168.12999999999988,358.09,xml_geometry_csv_action
BootPass_96,129,21,15,Position_Unknown,Team_Unknown,Action_PreSnap,1675.41,534.82,1859.17,813.86,183.76,279.03999999999996,xml_geometry_csv_action
BootPass_96,129,27,19,Position_Unknown,Team_Unknown,Action_PreSnap,1509.55,467.9,1694.55,775.87,185.0,307.97,xml_geometry_csv_action
BootPass_96,129,30,22,Position_Unknown,Team_Unknown,Action_PreSnap,238.05,570.64,386.41,874.02,148.36,303.38,xml_geometry_csv_action
BootPass_96,129,8,8,Position_Unknown,Team_Unknown,Action_PreSnap,488.69,503.29,698.87,790.65,210.18,287.35999999999996,xml_geometry_csv_action
BootPass_96,130,20,14,Position_Unknown,Team_Unknown,Action_PreSnap,1363.43,417.11,1518.94,717.52,155.51,300.40999999999997,xml_geometry_csv_action
BootPass_96,130,24,17,Position_Unknown,Team_Unknown,Action_PreSnap,1358.2,189.37,1556.96,441.49,198.76,252.12,xml_geometry_csv_action
BootPass_96,130,30,22,Position_Unknown,Team_Unknown,Action_PreSnap,537.92,494.94,709.25,779.74,171.33000000000004,284.8,xml_geometry_csv_action
BootPass_96,131,0,0,Position_Unknown,Team_Unknown,Action_PreSnap,1304.85,405.05,1469.25,698.75,164.4000000000001,293.7,xml_geometry_csv_action
BootPass_96,131,20,14,Position_Unknown,Team_Unknown,Action_PreSnap,1446.04,428.67,1575.43,711.78,129.3900000000001,283.10999999999996,xml_geometry_csv_action
BootPass_96,131,24,17,Position_Unknown,Team_Unknown,Action_PreSnap,1423.13,179.84,1636.4,423.91,213.26999999999998,244.07000000000002,xml_geometry_csv_action
BootPass_96,131,30,22,Position_Unknown,Team_Unknown,Action_PreSnap,620.71,500.05,784.49,779.83,163.77999999999997,279.78000000000003,xml_geometry_csv_action
BootPass_96,131,32,23,Position_Unknown,Team_Unknown,Action_PreSnap,374.97,551.28,542.7,869.51,167.73000000000002,318.23,xml_geometry_csv_action
BootPass_96,131,33,24,Position_Unknown,Team_Unknown,Action_PreSnap,1706.06,418.18,1879.27,684.26,173.21000000000004,266.08,xml_geometry_csv_action
BootPass_96,131,34,25,Position_Unknown,Team_Unknown,Action_PreSnap,1782.88,529.16,1920.0,815.21,137.1199999999999,286.05000000000007,xml_geometry_csv_action
BootPass_96,132,0,0,Position_Unknown,Team_Unknown,Action_PreSnap,1371.39,392.43,1538.73,678.2,167.33999999999992,285.77000000000004,xml_geometry_csv_action
BootPass_96,132,20,14,Position_Unknown,Team_Unknown,Action_PreSnap,1520.97,420.51,1643.83,693.77,122.8599999999999,273.26,xml_geometry_csv_action
BootPass_96,132,24,17,Position_Unknown,Team_Unknown,Action_PreSnap,1472.43,166.68,1686.38,403.99,213.95000000000005,237.31,xml_geometry_csv_action
BootPass_96,132,30,22,Position_Unknown,Team_Unknown,Action_PreSnap,670.53,487.04,851.75,770.88,181.22000000000003,283.84,xml_geometry_csv_action
BootPass_96,132,32,23,Position_Unknown,Team_Unknown,Action_PreSnap,427.26,534.79,594.01,846.54,166.75,311.75,xml_geometry_csv_action
BootPass_96,132,33,24,Position_Unknown,Team_Unknown,Action_PreSnap,1777.61,400.17,1918.86,677.19,141.25,277.02000000000004,xml_geometry_csv_action
BootPass_96,132,34,25,Position_Unknown,Team_Unknown,Action_PreSnap,1848.19,466.61,1920.0,761.94,71.80999999999995,295.33000000000004,xml_geometry_csv_action
BootPass_96,133,0,0,Position_Unknown,Team_Unknown,Action_PreSnap,1453.96,386.71,1604.35,663.58,150.38999999999987,276.87000000000006,xml_geometry_csv_action
BootPass_96,133,20,14,Position_Unknown,Team_Unknown,Action_PreSnap,1578.88,410.07,1717.69,683.62,138.80999999999995,273.55,xml_geometry_csv_action
BootPass_96,133,24,17,Position_Unknown,Team_Unknown,Action_PreSnap,1508.22,159.68,1717.87,387.22,209.64999999999986,227.54000000000002,xml_geometry_csv_action
BootPass_96,133,30,22,Position_Unknown,Team_Unknown,Action_PreSnap,709.94,474.93,912.18,764.64,202.2399999999999,289.71,xml_geometry_csv_action
BootPass_96,133,32,23,Position_Unknown,Team_Unknown,Action_PreSnap,459.32,523.99,634.16,833.07,174.83999999999997,309.08000000000004,xml_geometry_csv_action
BootPass_96,133,33,24,Position_Unknown,Team_Unknown,Action_PreSnap,1841.27,382.8,1920.0,674.59,78.73000000000002,291.79,xml_geometry_csv_action
BootPass_96,133,36,26,Position_Unknown,Team_Unknown,Action_PreSnap,1656.63,406.31,1837.45,678.66,180.81999999999994,272.34999999999997,xml_geometry_csv_action
BootPass_96,134,0,0,Position_Unknown,Team_Unknown,Action_PreSnap,1521.39,383.19,1669.65,654.4,148.26,271.21,xml_geometry_csv_action
BootPass_96,134,20,14,Position_Unknown,Team_Unknown,Action_PreSnap,1640.77,407.51,1770.54,674.54,129.76999999999998,267.03,xml_geometry_csv_action
BootPass_96,134,24,17,Position_Unknown,Team_Unknown,Action_PreSnap,1539.38,156.43,1737.36,379.41,197.9799999999998,222.98000000000002,xml_geometry_csv_action
BootPass_96,134,30,22,Position_Unknown,Team_Unknown,Action_PreSnap,751.07,467.28,961.76,753.74,210.68999999999994,286.46000000000004,xml_geometry_csv_action
BootPass_96,134,32,23,Position_Unknown,Team_Unknown,Action_PreSnap,491.83,519.89,673.77,823.46,181.94,303.57000000000005,xml_geometry_csv_action
BootPass_96,134,33,24,Position_Unknown,Team_Unknown,Action_PreSnap,1896.45,402.68,1920.0,677.09,23.549999999999955,274.41,xml_geometry_csv_action
BootPass_96,134,36,26,Position_Unknown,Team_Unknown,Action_PreSnap,1717.11,401.23,1890.15,670.37,173.0400000000002,269.14,xml_geometry_csv_action
BootPass_96,135,0,0,Position_Unknown,Team_Unknown,Action_PreSnap,1583.47,382.23,1730.32,653.29,146.8499999999999,271.05999999999995,xml_geometry_csv_action
BootPass_96,135,20,14,Position_Unknown,Team_Unknown,Action_PreSnap,1698.4,408.46,1824.42,671.66,126.01999999999998,263.2,xml_geometry_csv_action
BootPass_96,135,24,17,Position_Unknown,Team_Unknown,Action_PreSnap,1568.99,156.07,1749.43,378.96,180.44000000000005,222.89,xml_geometry_csv_action
BootPass_96,135,30,22,Position_Unknown,Team_Unknown,Action_PreSnap,785.75,461.07,997.45,746.49,211.70000000000005,285.42,xml_geometry_csv_action
BootPass_96,135,32,23,Position_Unknown,Team_Unknown,Action_PreSnap,530.54,520.38,708.5,820.35,177.96000000000004,299.97,xml_geometry_csv_action
BootPass_96,135,36,26,Position_Unknown,Team_Unknown,Action_PreSnap,1787.45,401.36,1920.0,663.67,132.54999999999995,262.30999999999995,xml_geometry_csv_action
BootPass_96,136,0,0,Position_Unknown,Team_Unknown,Action_PreSnap,1634.12,384.81,1787.17,656.3,153.05000000000018,271.48999999999995,xml_geometry_csv_action
BootPass_96,136,20,14,Position_Unknown,Team_Unknown,Action_PreSnap,1747.4,406.78,1886.59,673.09,139.18999999999983,266.31000000000006,xml_geometry_csv_action
BootPass_96,136,24,17,Position_Unknown,Team_Unknown,Action_PreSnap,1590.77,160.5,1743.84,380.64,153.06999999999994,220.14,xml_geometry_csv_action
BootPass_96,136,30,22,Position_Unknown,Team_Unknown,Action_PreSnap,812.84,459.62,1016.68,747.58,203.83999999999992,287.96000000000004,xml_geometry_csv_action
BootPass_96,136,32,23,Position_Unknown,Team_Unknown,Action_PreSnap,570.47,527.05,730.3,820.39,159.82999999999993,293.34000000000003,xml_geometry_csv_action
BootPass_96,137,0,0,Position_Unknown,Team_Unknown,Action_PreSnap,1674.91,386.23,1833.78,659.48,158.8699999999999,273.25,xml_geometry_csv_action
BootPass_96,137,20,14,Position_Unknown,Team_Unknown,Action_PreSnap,1783.3,410.59,1920.0,676.73,136.70000000000005,266.14000000000004,xml_geometry_csv_action
BootPass_96,137,24,17,Position_Unknown,Team_Unknown,Action_PreSnap,1598.98,164.14,1755.13,384.57,156.1500000000001,220.43,xml_geometry_csv_action
BootPass_96,137,30,22,Position_Unknown,Team_Unknown,Action_PreSnap,830.61,460.29,1018.49,751.18,187.88,290.88999999999993,xml_geometry_csv_action
BootPass_96,137,32,23,Position_Unknown,Team_Unknown,Action_PreSnap,601.59,533.15,736.64,820.54,135.04999999999995,287.39,xml_geometry_csv_action
BootPass_96,137,36,26,Position_Unknown,Team_Unknown,Action_PreSnap,1884.87,393.54,1920.0,665.47,35.13000000000011,271.93,xml_geometry_csv_action
BootPass_96,138,0,0,Position_Unknown,Team_Unknown,Action_PreSnap,1676.16,386.19,1837.33,660.11,161.16999999999985,273.92,xml_geometry_csv_action
BootPass_96,138,20,14,Position_Unknown,Team_Unknown,Action_PreSnap,1782.74,411.14,1920.0,677.37,137.26,266.23,xml_geometry_csv_action
BootPass_96,138,24,17,Position_Unknown,Team_Unknown,Action_PreSnap,1589.86,164.85,1746.89,385.44,157.0300000000002,220.59,xml_geometry_csv_action
BootPass_96,138,30,22,Position_Unknown,Team_Unknown,Action_PreSnap,823.75,459.49,1004.92,750.77,181.16999999999996,291.28,xml_geometry_csv_action
BootPass_96,138,32,23,Position_Unknown,Team_Unknown,Action_PreSnap,600.8,534.82,727.65,820.26,126.85000000000002,285.43999999999994,xml_geometry_csv_action
BootPass_96,138,36,26,Position_Unknown,Team_Unknown,Action_PreSnap,1885.28,391.47,1918.86,665.36,33.57999999999993,273.89,xml_geometry_csv_action
BootPass_96,139,0,0,Position_Unknown,Team_Unknown,Action_PreSnap,1742.6,385.84,1914.95,667.85,172.35000000000014,282.01000000000005,xml_geometry_csv_action
BootPass_96,139,24,17,Position_Unknown,Team_Unknown,Action_PreSnap,1628.22,170.64,1791.89,387.94,163.67000000000007,217.3,xml_geometry_csv_action
BootPass_96,139,30,22,Position_Unknown,Team_Unknown,Action_PreSnap,851.69,462.47,1016.9,751.34,165.20999999999992,288.87,xml_geometry_csv_action
BootPass_96,139,32,23,Position_Unknown,Team_Unknown,Action_PreSnap,644.83,537.42,756.49,819.34,111.65999999999997,281.9200000000001,xml_geometry_csv_action
BootPass_96,140,0,0,Position_Unknown,Team_Unknown,Action_PreSnap,1778.63,388.92,1920.0,674.11,141.3699999999999,285.19,xml_geometry_csv_action
BootPass_96,140,30,22,Position_Unknown,Team_Unknown,Action_PreSnap,861.79,464.98,1029.28,752.02,167.49,287.03999999999996,xml_geometry_csv_action
BootPass_96,140,32,23,Position_Unknown,Team_Unknown,Action_PreSnap,659.47,539.42,774.3,824.24,114.82999999999993,284.82000000000005,xml_geometry_csv_action
BootPass_96,141,0,0,Position_Unknown,Team_Unknown,Action_PreSnap,1818.56,405.81,1920.0,676.43,101.44000000000005,270.61999999999995,xml_geometry_csv_action
BootPass_96,141,30,22,Position_Unknown,Team_Unknown,Action_PreSnap,876.17,467.19,1048.99,754.94,172.82000000000005,287.75000000000006,xml_geometry_csv_action
BootPass_96,141,32,23,Position_Unknown,Team_Unknown,Action_PreSnap,676.38,540.64,801.63,829.97,125.25,289.33000000000004,xml_geometry_csv_action
BootPass_96,142,0,0,Position_Unknown,Team_Unknown,Action_PreSnap,1862.01,405.42,1920.0,680.06,57.99000000000001,274.63999999999993,xml_geometry_csv_action
BootPass_96,142,30,22,Position_Unknown,Team_Unknown,Action_PreSnap,896.63,469.28,1068.96,748.25,172.33000000000004,278.97,xml_geometry_csv_action
BootPass_96,142,32,23,Position_Unknown,Team_Unknown,Action_PreSnap,696.35,542.96,832.86,831.41,136.51,288.44999999999993,xml_geometry_csv_action
BootPass_96,143,30,22,Position_Unknown,Team_Unknown,Action_PreSnap,919.96,472.79,1086.84,736.49,166.87999999999988,263.7,xml_geometry_csv_action
BootPass_96,143,32,23,Position_Unknown,Team_Unknown,Action_PreSnap,716.0,546.57,864.9,831.06,148.89999999999998,284.4899999999999,xml_geometry_csv_action
BootPass_96,144,30,22,Position_Unknown,Team_Unknown,Action_PreSnap,943.64,474.22,1100.86,738.62,157.2199999999999,264.4,xml_geometry_csv_action
BootPass_96,144,32,23,Position_Unknown,Team_Unknown,Action_PreSnap,737.45,548.52,895.63,829.55,158.17999999999995,281.03,xml_geometry_csv_action
BootPass_96,145,32,23,Position_Unknown,Team_Unknown,Action_PreSnap,766.56,550.55,930.84,828.63,164.2800000000001,278.08000000000004,xml_geometry_csv_action
BootPass_96,145,39,27,Position_Unknown,Team_Unknown,Action_PreSnap,1697.17,215.43,1785.85,380.34,88.67999999999984,164.90999999999997,xml_geometry_csv_action
BootPass_96,145,40,28,Position_Unknown,Team_Unknown,Action_PreSnap,147.57,249.63,312.16,456.79,164.59000000000003,207.16000000000003,xml_geometry_csv_action
BootPass_96,146,30,22,Position_Unknown,Team_Unknown,Action_PreSnap,1004.96,476.56,1133.92,737.34,128.96000000000004,260.78000000000003,xml_geometry_csv_action
BootPass_96,146,32,23,Position_Unknown,Team_Unknown,Action_PreSnap,812.71,552.62,970.51,826.44,157.79999999999995,273.82000000000005,xml_geometry_csv_action
BootPass_96,146,39,27,Position_Unknown,Team_Unknown,Action_PreSnap,1725.47,216.45,1833.25,405.16,107.77999999999997,188.71000000000004,xml_geometry_csv_action
BootPass_96,146,40,28,Position_Unknown,Team_Unknown,Action_PreSnap,191.62,253.42,357.22,455.44,165.60000000000002,202.02,xml_geometry_csv_action
BootPass_96,147,30,22,Position_Unknown,Team_Unknown,Action_PreSnap,1045.73,472.82,1161.11,702.64,115.37999999999988,229.82,xml_geometry_csv_action
BootPass_96,147,32,23,Position_Unknown,Team_Unknown,Action_PreSnap,869.39,555.34,1014.46,822.0,145.07000000000005,266.65999999999997,xml_geometry_csv_action
BootPass_96,147,39,27,Position_Unknown,Team_Unknown,Action_PreSnap,1758.63,215.92,1888.62,415.32,129.98999999999978,199.4,xml_geometry_csv_action
BootPass_96,147,40,28,Position_Unknown,Team_Unknown,Action_PreSnap,237.72,257.79,399.94,456.57,162.22,198.77999999999997,xml_geometry_csv_action
BootPass_96,148,30,22,Position_Unknown,Team_Unknown,Action_PreSnap,1087.63,467.74,1223.82,716.01,136.18999999999983,248.26999999999998,xml_geometry_csv_action
BootPass_96,148,32,23,Position_Unknown,Team_Unknown,Action_PreSnap,925.08,556.86,1057.42,820.73,132.34000000000003,263.87,xml_geometry_csv_action
BootPass_96,148,39,27,Position_Unknown,Team_Unknown,Action_PreSnap,1792.69,215.56,1920.0,423.82,127.30999999999995,208.26,xml_geometry_csv_action
BootPass_96,148,40,28,Position_Unknown,Team_Unknown,Action_PreSnap,291.21,262.3,438.0,461.98,146.79000000000002,199.68,xml_geometry_csv_action
BootPass_96,148,42,29,Position_Unknown,Team_Unknown,Action_PreSnap,1320.8,0.0,1418.31,151.65,97.50999999999999,151.65,xml_geometry_csv_action
BootPass_96,149,30,22,Position_Unknown,Team_Unknown,Action_PreSnap,1127.47,463.89,1280.7,718.47,153.23000000000002,254.58000000000004,xml_geometry_csv_action
BootPass_96,149,32,23,Position_Unknown,Team_Unknown,Action_PreSnap,971.86,557.94,1095.57,818.28,123.70999999999992,260.3399999999999,xml_geometry_csv_action
BootPass_96,149,39,27,Position_Unknown,Team_Unknown,Action_PreSnap,1823.31,217.35,1920.0,430.61,96.69000000000005,213.26000000000002,xml_geometry_csv_action
BootPass_96,150,30,22,Position_Unknown,Team_Unknown,Action_PreSnap,1163.17,460.91,1327.99,711.96,164.81999999999994,251.05,xml_geometry_csv_action
BootPass_96,150,32,23,Position_Unknown,Team_Unknown,Action_PreSnap,1019.5,556.95,1132.43,818.19,112.93000000000006,261.24,xml_geometry_csv_action
BootPass_96,150,39,27,Position_Unknown,Team_Unknown,Action_PreSnap,1858.33,219.81,1920.0,434.19,61.67000000000007,214.38,xml_geometry_csv_action
BootPass_96,151,30,22,Position_Unknown,Team_Unknown,Action_PreSnap,1204.76,457.79,1367.35,706.49,162.58999999999992,248.7,xml_geometry_csv_action
BootPass_96,151,32,23,Position_Unknown,Team_Unknown,Action_PreSnap,1063.98,551.85,1175.29,819.25,111.30999999999995,267.4,xml_geometry_csv_action
BootPass_96,151,39,27,Position_Unknown,Team_Unknown,Action_PreSnap,1891.24,221.29,1920.0,464.16,28.75999999999999,242.87000000000003,xml_geometry_csv_action
BootPass_96,152,30,22,Position_Unknown,Team_Unknown,Action_PreSnap,1248.45,457.79,1395.52,685.25,147.06999999999994,227.45999999999998,xml_geometry_csv_action
BootPass_96,152,32,23,Position_Unknown,Team_Unknown,Action_PreSnap,1109.6,547.48,1225.01,821.49,115.41000000000008,274.01,xml_geometry_csv_action
BootPass_96,152,44,30,Position_Unknown,Team_Unknown,Action_PreSnap,13.6,427.14,160.43,649.35,146.83,222.21000000000004,xml_geometry_csv_action
BootPass_96,153,30,22,Position_Unknown,Team_Unknown,Action_PreSnap,1242.71,458.54,1383.5,677.96,140.78999999999996,219.42000000000002,xml_geometry_csv_action
BootPass_96,153,32,23,Position_Unknown,Team_Unknown,Action_PreSnap,1104.34,546.56,1221.23,823.18,116.8900000000001,276.62,xml_geometry_csv_action
BootPass_96,153,44,30,Position_Unknown,Team_Unknown,Action_PreSnap,5.65,427.51,161.04,648.42,155.39,220.90999999999997,xml_geometry_csv_action
BootPass_96,154,30,22,Position_Unknown,Team_Unknown,Action_PreSnap,1212.74,514.16,1344.51,754.51,131.76999999999998,240.35000000000002,xml_geometry_csv_action
BootPass_96,154,40,28,Position_Unknown,Team_Unknown,Action_PreSnap,551.45,280.85,650.95,487.79,99.5,206.94,xml_geometry_csv_action
BootPass_96,154,44,30,Position_Unknown,Team_Unknown,Action_PreSnap,0.91,464.93,138.15,687.24,137.24,222.31,xml_geometry_csv_action
BootPass_96,155,30,22,Position_Unknown,Team_Unknown,Action_PreSnap,1252.83,533.44,1383.05,776.94,130.22000000000003,243.5,xml_geometry_csv_action
BootPass_96,155,44,30,Position_Unknown,Team_Unknown,Action_PreSnap,25.47,474.06,182.89,688.3,157.42,214.23999999999995,xml_geometry_csv_action
BootPass_96,155,45,31,Position_Unknown,Team_Unknown,Action_PreSnap,187.36,416.01,310.63,647.58,123.26999999999998,231.57000000000005,xml_geometry_csv_action
BootPass_96,155,46,32,Position_Unknown,Team_Unknown,Action_PreSnap,1366.46,461.98,1482.51,677.26,116.04999999999995,215.27999999999997,xml_geometry_csv_action
BootPass_96,156,30,22,Position_Unknown,Team_Unknown,Action_PreSnap,1297.5,542.33,1427.97,784.65,130.47000000000003,242.31999999999994,xml_geometry_csv_action
BootPass_96,156,44,30,Position_Unknown,Team_Unknown,Action_PreSnap,58.99,476.12,227.34,683.04,168.35,206.91999999999996,xml_geometry_csv_action
BootPass_96,156,45,31,Position_Unknown,Team_Unknown,Action_PreSnap,245.36,417.16,355.59,644.85,110.22999999999996,227.69,xml_geometry_csv_action
BootPass_96,156,46,32,Position_Unknown,Team_Unknown,Action_PreSnap,1413.09,461.94,1540.83,697.86,127.74000000000001,235.92000000000002,xml_geometry_csv_action
BootPass_96,157,30,22,Position_Unknown,Team_Unknown,Action_PreSnap,1347.27,548.47,1471.75,789.71,124.48000000000002,241.24,xml_geometry_csv_action
BootPass_96,157,40,28,Position_Unknown,Team_Unknown,Action_PreSnap,709.18,297.62,815.23,474.37,106.05000000000007,176.75,xml_geometry_csv_action
BootPass_96,157,44,30,Position_Unknown,Team_Unknown,Action_PreSnap,105.22,479.33,270.01,683.76,164.79,204.43,xml_geometry_csv_action
BootPass_96,157,45,31,Position_Unknown,Team_Unknown,Action_PreSnap,305.36,420.81,409.13,639.3,103.76999999999998,218.48999999999995,xml_geometry_csv_action
BootPass_96,157,46,32,Position_Unknown,Team_Unknown,Action_PreSnap,1455.56,460.87,1591.1,694.01,135.53999999999996,233.14,xml_geometry_csv_action
BootPass_96,157,47,33,Position_Unknown,Team_Unknown,Action_PreSnap,371.44,426.49,467.33,645.34,95.88999999999999,218.85000000000002,xml_geometry_csv_action
BootPass_96,158,30,22,Position_Unknown,Team_Unknown,Action_PreSnap,1403.54,553.53,1517.1,791.69,113.55999999999995,238.16000000000008,xml_geometry_csv_action
BootPass_96,158,40,28,Position_Unknown,Team_Unknown,Action_PreSnap,756.2,301.59,873.03,483.66,116.82999999999993,182.07000000000005,xml_geometry_csv_action
BootPass_96,158,44,30,Position_Unknown,Team_Unknown,Action_PreSnap,165.65,483.13,322.42,686.24,156.77,203.11,xml_geometry_csv_action
BootPass_96,158,45,31,Position_Unknown,Team_Unknown,Action_PreSnap,368.9,424.76,502.15,642.26,133.25,217.5,xml_geometry_csv_action
BootPass_96,158,46,32,Position_Unknown,Team_Unknown,Action_PreSnap,1502.46,461.41,1629.8,681.18,127.33999999999992,219.76999999999992,xml_geometry_csv_action
BootPass_96,158,47,33,Position_Unknown,Team_Unknown,Action_PreSnap,432.93,428.83,536.42,641.82,103.48999999999995,212.99000000000007,xml_geometry_csv_action
BootPass_96,159,30,22,Position_Unknown,Team_Unknown,Action_PreSnap,1461.94,559.23,1564.31,793.46,102.36999999999989,234.23000000000002,xml_geometry_csv_action
BootPass_96,159,40,28,Position_Unknown,Team_Unknown,Action_PreSnap,807.08,307.87,939.35,499.24,132.26999999999998,191.37,xml_geometry_csv_action
BootPass_96,159,44,30,Position_Unknown,Team_Unknown,Action_PreSnap,229.96,486.48,370.44,688.41,140.48,201.92999999999995,xml_geometry_csv_action
BootPass_96,159,45,31,Position_Unknown,Team_Unknown,Action_PreSnap,431.93,428.49,574.31,646.4,142.37999999999994,217.90999999999997,xml_geometry_csv_action
BootPass_96,160,30,22,Position_Unknown,Team_Unknown,Action_PreSnap,1513.27,564.71,1609.98,801.06,96.71000000000004,236.3499999999999,xml_geometry_csv_action
BootPass_96,160,40,28,Position_Unknown,Team_Unknown,Action_PreSnap,852.08,317.18,996.73,514.94,144.64999999999998,197.76000000000005,xml_geometry_csv_action
BootPass_96,160,44,30,Position_Unknown,Team_Unknown,Action_PreSnap,281.35,487.37,419.82,692.07,138.46999999999997,204.70000000000005,xml_geometry_csv_action
BootPass_96,160,45,31,Position_Unknown,Team_Unknown,Action_PreSnap,495.71,434.56,644.87,656.22,149.16000000000003,221.66000000000003,xml_geometry_csv_action
BootPass_96,160,46,32,Position_Unknown,Team_Unknown,Action_PreSnap,1598.28,469.46,1702.78,671.37,104.5,201.91000000000003,xml_geometry_csv_action
BootPass_96,160,47,33,Position_Unknown,Team_Unknown,Action_PreSnap,535.47,434.74,677.41,635.98,141.93999999999994,201.24,xml_geometry_csv_action
BootPass_96,161,30,22,Position_Unknown,Team_Unknown,Action_PreSnap,1557.49,567.81,1655.75,803.83,98.25999999999999,236.0200000000001,xml_geometry_csv_action
BootPass_96,161,40,28,Position_Unknown,Team_Unknown,Action_PreSnap,893.38,327.1,1047.72,523.64,154.34000000000003,196.53999999999996,xml_geometry_csv_action
BootPass_96,161,44,30,Position_Unknown,Team_Unknown,Action_PreSnap,315.03,488.82,461.0,690.36,145.97000000000003,201.54000000000002,xml_geometry_csv_action
BootPass_96,161,45,31,Position_Unknown,Team_Unknown,Action_PreSnap,556.33,440.43,695.28,662.74,138.94999999999993,222.31,xml_geometry_csv_action
BootPass_96,161,46,32,Position_Unknown,Team_Unknown,Action_PreSnap,1638.02,477.3,1730.77,683.78,92.75,206.47999999999996,xml_geometry_csv_action
BootPass_96,161,47,33,Position_Unknown,Team_Unknown,Action_PreSnap,590.42,437.23,737.97,639.08,147.55000000000007,201.85000000000002,xml_geometry_csv_action
BootPass_96,161,48,34,Position_Unknown,Team_Unknown,Action_PreSnap,14.44,321.51,122.08,506.53,107.64,185.01999999999998,xml_geometry_csv_action
BootPass_96,162,30,22,Position_Unknown,Team_Unknown,Action_PreSnap,1601.82,568.92,1699.91,803.21,98.09000000000015,234.29000000000008,xml_geometry_csv_action
BootPass_96,162,40,28,Position_Unknown,Team_Unknown,Action_PreSnap,927.53,337.2,1077.86,528.36,150.32999999999993,191.16000000000003,xml_geometry_csv_action
BootPass_96,162,44,30,Position_Unknown,Team_Unknown,Action_PreSnap,346.23,488.13,490.75,682.94,144.51999999999998,194.81000000000006,xml_geometry_csv_action
BootPass_96,162,45,31,Position_Unknown,Team_Unknown,Action_PreSnap,609.31,447.41,729.25,665.41,119.94000000000005,217.99999999999994,xml_geometry_csv_action
BootPass_96,162,46,32,Position_Unknown,Team_Unknown,Action_PreSnap,1677.35,481.71,1765.64,691.48,88.29000000000019,209.77000000000004,xml_geometry_csv_action
BootPass_96,162,47,33,Position_Unknown,Team_Unknown,Action_PreSnap,626.67,435.34,782.91,629.7,156.24,194.36000000000007,xml_geometry_csv_action
BootPass_96,162,48,34,Position_Unknown,Team_Unknown,Action_PreSnap,63.33,325.7,178.29,510.16,114.96,184.46000000000004,xml_geometry_csv_action
BootPass_96,163,30,22,Position_Unknown,Team_Unknown,Action_PreSnap,1642.27,568.26,1744.08,805.34,101.80999999999995,237.08000000000004,xml_geometry_csv_action
BootPass_96,163,40,28,Position_Unknown,Team_Unknown,Action_PreSnap,956.72,343.11,1095.24,529.24,138.51999999999998,186.13,xml_geometry_csv_action
BootPass_96,163,44,30,Position_Unknown,Team_Unknown,Action_PreSnap,378.42,486.82,519.26,682.38,140.83999999999997,195.56,xml_geometry_csv_action
BootPass_96,163,45,31,Position_Unknown,Team_Unknown,Action_PreSnap,652.26,450.44,764.64,668.24,112.38,217.8,xml_geometry_csv_action
BootPass_96,163,46,32,Position_Unknown,Team_Unknown,Action_PreSnap,1714.88,481.31,1806.82,702.57,91.93999999999983,221.26000000000005,xml_geometry_csv_action
BootPass_96,163,47,33,Position_Unknown,Team_Unknown,Action_PreSnap,675.17,437.57,819.46,621.65,144.29000000000008,184.07999999999998,xml_geometry_csv_action
BootPass_96,163,48,34,Position_Unknown,Team_Unknown,Action_PreSnap,107.89,323.55,235.69,520.77,127.8,197.21999999999997,xml_geometry_csv_action
BootPass_96,164,30,22,Position_Unknown,Team_Unknown,Action_PreSnap,1681.25,567.38,1786.7,800.85,105.45000000000005,233.47000000000003,xml_geometry_csv_action
BootPass_96,164,40,28,Position_Unknown,Team_Unknown,Action_PreSnap,986.61,346.27,1127.54,533.05,140.92999999999995,186.77999999999997,xml_geometry_csv_action
BootPass_96,164,44,30,Position_Unknown,Team_Unknown,Action_PreSnap,417.04,487.66,544.56,681.86,127.51999999999992,194.2,xml_geometry_csv_action
BootPass_96,164,45,31,Position_Unknown,Team_Unknown,Action_PreSnap,696.29,451.29,814.7,668.49,118.41000000000008,217.2,xml_geometry_csv_action
BootPass_96,164,46,32,Position_Unknown,Team_Unknown,Action_PreSnap,1750.18,478.3,1855.1,708.48,104.91999999999985,230.18,xml_geometry_csv_action
BootPass_96,164,48,34,Position_Unknown,Team_Unknown,Action_PreSnap,149.31,323.54,275.82,520.67,126.50999999999999,197.12999999999994,xml_geometry_csv_action
BootPass_96,165,30,22,Position_Unknown,Team_Unknown,Action_PreSnap,1719.92,565.12,1829.27,796.29,109.34999999999991,231.16999999999996,xml_geometry_csv_action
BootPass_96,165,40,28,Position_Unknown,Team_Unknown,Action_PreSnap,1019.71,348.9,1171.21,538.53,151.5,189.63,xml_geometry_csv_action
BootPass_96,165,44,30,Position_Unknown,Team_Unknown,Action_PreSnap,461.64,485.16,575.84,679.46,114.20000000000005,194.3,xml_geometry_csv_action
BootPass_96,165,45,31,Position_Unknown,Team_Unknown,Action_PreSnap,740.49,451.92,860.71,668.21,120.22000000000003,216.29000000000002,xml_geometry_csv_action
BootPass_96,165,46,32,Position_Unknown,Team_Unknown,Action_PreSnap,1783.41,476.71,1903.23,704.78,119.81999999999994,228.07,xml_geometry_csv_action
BootPass_96,165,48,34,Position_Unknown,Team_Unknown,Action_PreSnap,197.61,321.06,325.81,523.1,128.2,202.04000000000002,xml_geometry_csv_action
BootPass_96,166,30,22,Position_Unknown,Team_Unknown,Action_PreSnap,1761.82,566.87,1872.85,798.57,111.02999999999997,231.70000000000005,xml_geometry_csv_action
BootPass_96,166,40,28,Position_Unknown,Team_Unknown,Action_PreSnap,1051.78,353.24,1209.37,542.02,157.58999999999992,188.77999999999997,xml_geometry_csv_action
BootPass_96,166,44,30,Position_Unknown,Team_Unknown,Action_PreSnap,507.88,484.31,607.52,678.44,99.63999999999999,194.13000000000005,xml_geometry_csv_action
BootPass_96,166,45,31,Position_Unknown,Team_Unknown,Action_PreSnap,782.39,453.91,901.01,667.41,118.62,213.49999999999994,xml_geometry_csv_action
BootPass_96,166,46,32,Position_Unknown,Team_Unknown,Action_PreSnap,1818.86,478.4,1920.0,693.36,101.1400000000001,214.96000000000004,xml_geometry_csv_action
BootPass_96,166,48,34,Position_Unknown,Team_Unknown,Action_PreSnap,246.03,321.28,377.12,528.12,131.09,206.84000000000003,xml_geometry_csv_action
BootPass_96,167,30,22,Position_Unknown,Team_Unknown,Action_PreSnap,1800.78,572.73,1912.25,802.65,111.47000000000003,229.91999999999996,xml_geometry_csv_action
BootPass_96,167,40,28,Position_Unknown,Team_Unknown,Action_PreSnap,1079.99,358.66,1240.41,550.2,160.42000000000007,191.54000000000002,xml_geometry_csv_action
BootPass_96,167,44,30,Position_Unknown,Team_Unknown,Action_PreSnap,537.83,483.44,638.98,681.74,101.14999999999998,198.3,xml_geometry_csv_action
BootPass_96,167,45,31,Position_Unknown,Team_Unknown,Action_PreSnap,822.64,456.64,937.72,667.26,115.08000000000004,210.62,xml_geometry_csv_action
BootPass_96,167,48,34,Position_Unknown,Team_Unknown,Action_PreSnap,286.15,322.88,424.59,533.32,138.44,210.44000000000005,xml_geometry_csv_action
BootPass_96,168,30,22,Position_Unknown,Team_Unknown,Action_PreSnap,1845.21,579.83,1920.0,805.62,74.78999999999996,225.78999999999996,xml_geometry_csv_action
BootPass_96,168,40,28,Position_Unknown,Team_Unknown,Action_PreSnap,1109.69,363.96,1262.31,557.06,152.6199999999999,193.09999999999997,xml_geometry_csv_action
BootPass_96,168,44,30,Position_Unknown,Team_Unknown,Action_PreSnap,561.76,481.29,673.97,676.72,112.21000000000004,195.43,xml_geometry_csv_action
BootPass_96,168,45,31,Position_Unknown,Team_Unknown,Action_PreSnap,859.24,457.87,964.2,669.26,104.96000000000004,211.39,xml_geometry_csv_action
BootPass_96,168,47,33,Position_Unknown,Team_Unknown,Action_PreSnap,904.79,449.0,1004.3,649.67,99.50999999999999,200.66999999999996,xml_geometry_csv_action
BootPass_96,168,48,34,Position_Unknown,Team_Unknown,Action_PreSnap,330.92,324.91,459.19,536.74,128.26999999999998,211.82999999999998,xml_geometry_csv_action
BootPass_96,169,30,22,Position_Unknown,Team_Unknown,Action_PreSnap,1883.24,584.75,1920.0,819.44,36.75999999999999,234.69000000000005,xml_geometry_csv_action
BootPass_96,169,40,28,Position_Unknown,Team_Unknown,Action_PreSnap,1138.25,367.65,1277.61,559.4,139.3599999999999,191.75,xml_geometry_csv_action
BootPass_96,169,44,30,Position_Unknown,Team_Unknown,Action_PreSnap,593.73,478.05,713.87,666.03,120.13999999999999,187.97999999999996,xml_geometry_csv_action
BootPass_96,169,45,31,Position_Unknown,Team_Unknown,Action_PreSnap,892.63,459.0,1002.73,671.49,110.10000000000002,212.49,xml_geometry_csv_action
BootPass_96,169,47,33,Position_Unknown,Team_Unknown,Action_PreSnap,946.99,444.34,1038.23,643.38,91.24000000000001,199.04000000000002,xml_geometry_csv_action
BootPass_96,169,48,34,Position_Unknown,Team_Unknown,Action_PreSnap,379.74,332.25,488.44,536.75,108.69999999999999,204.5,xml_geometry_csv_action
BootPass_96,170,40,28,Position_Unknown,Team_Unknown,Action_PreSnap,1160.43,372.83,1288.35,561.61,127.91999999999985,188.78000000000003,xml_geometry_csv_action
BootPass_96,170,44,30,Position_Unknown,Team_Unknown,Action_PreSnap,629.8,476.06,745.33,664.3,115.53000000000009,188.23999999999995,xml_geometry_csv_action
BootPass_96,170,45,31,Position_Unknown,Team_Unknown,Action_PreSnap,923.9,464.2,1032.12,669.96,108.21999999999991,205.76000000000005,xml_geometry_csv_action
BootPass_96,170,48,34,Position_Unknown,Team_Unknown,Action_PreSnap,427.74,338.77,525.16,535.1,97.41999999999996,196.33000000000004,xml_geometry_csv_action
BootPass_96,171,40,28,Position_Unknown,Team_Unknown,Action_PreSnap,1173.42,373.96,1314.6,565.33,141.17999999999984,191.37000000000006,xml_geometry_csv_action
BootPass_96,171,44,30,Position_Unknown,Team_Unknown,Action_PreSnap,669.9,473.32,777.53,664.14,107.63,190.82,xml_geometry_csv_action
BootPass_96,171,45,31,Position_Unknown,Team_Unknown,Action_PreSnap,950.65,464.91,1078.83,671.13,128.17999999999995,206.21999999999997,xml_geometry_csv_action
BootPass_96,171,47,33,Position_Unknown,Team_Unknown,Action_PreSnap,1021.68,446.16,1104.88,640.62,83.20000000000016,194.45999999999998,xml_geometry_csv_action
BootPass_96,171,48,34,Position_Unknown,Team_Unknown,Action_PreSnap,457.95,341.75,562.62,535.82,104.67000000000002,194.07000000000005,xml_geometry_csv_action
BootPass_96,172,40,28,Position_Unknown,Team_Unknown,Action_PreSnap,1189.39,376.05,1338.45,564.79,149.05999999999995,188.73999999999995,xml_geometry_csv_action
BootPass_96,172,44,30,Position_Unknown,Team_Unknown,Action_PreSnap,705.97,470.15,801.79,664.14,95.81999999999994,193.99,xml_geometry_csv_action
BootPass_96,172,45,31,Position_Unknown,Team_Unknown,Action_PreSnap,973.94,464.8,1120.08,672.81,146.13999999999987,208.00999999999993,xml_geometry_csv_action
BootPass_96,172,47,33,Position_Unknown,Team_Unknown,Action_PreSnap,1049.04,447.52,1134.92,644.17,85.88000000000011,196.64999999999998,xml_geometry_csv_action
BootPass_96,172,48,34,Position_Unknown,Team_Unknown,Action_PreSnap,468.92,342.24,594.12,537.1,125.19999999999999,194.86,xml_geometry_csv_action
BootPass_96,173,40,28,Position_Unknown,Team_Unknown,Action_PreSnap,1200.59,376.99,1356.56,564.39,155.97000000000003,187.39999999999998,xml_geometry_csv_action
BootPass_96,173,44,30,Position_Unknown,Team_Unknown,Action_PreSnap,734.89,467.05,825.46,666.8,90.57000000000005,199.74999999999994,xml_geometry_csv_action
BootPass_96,173,45,31,Position_Unknown,Team_Unknown,Action_PreSnap,995.66,466.66,1148.99,676.06,153.33000000000004,209.39999999999992,xml_geometry_csv_action
BootPass_96,173,47,33,Position_Unknown,Team_Unknown,Action_PreSnap,1075.26,447.98,1162.82,655.69,87.55999999999995,207.71000000000004,xml_geometry_csv_action
BootPass_96,173,48,34,Position_Unknown,Team_Unknown,Action_PreSnap,492.81,344.18,625.77,539.74,132.95999999999998,195.56,xml_geometry_csv_action
BootPass_96,174,40,28,Position_Unknown,Team_Unknown,Action_PreSnap,1217.03,379.41,1366.19,567.14,149.16000000000008,187.72999999999996,xml_geometry_csv_action
BootPass_96,174,44,30,Position_Unknown,Team_Unknown,Action_PreSnap,760.64,464.04,848.49,667.92,87.85000000000002,203.87999999999994,xml_geometry_csv_action
BootPass_96,174,45,31,Position_Unknown,Team_Unknown,Action_PreSnap,1016.28,468.87,1166.02,678.27,149.74,209.39999999999998,xml_geometry_csv_action
BootPass_96,174,47,33,Position_Unknown,Team_Unknown,Action_PreSnap,1099.07,448.2,1186.61,653.74,87.53999999999996,205.54000000000002,xml_geometry_csv_action
BootPass_96,174,48,34,Position_Unknown,Team_Unknown,Action_PreSnap,521.74,349.01,656.48,541.2,134.74,192.19000000000005,xml_geometry_csv_action
BootPass_96,175,40,28,Position_Unknown,Team_Unknown,Action_PreSnap,1229.48,386.45,1362.33,573.56,132.8499999999999,187.10999999999996,xml_geometry_csv_action
BootPass_96,175,44,30,Position_Unknown,Team_Unknown,Action_PreSnap,780.97,467.04,868.78,658.4,87.80999999999995,191.35999999999996,xml_geometry_csv_action
BootPass_96,175,45,31,Position_Unknown,Team_Unknown,Action_PreSnap,1035.69,475.73,1170.54,683.28,134.8499999999999,207.54999999999995,xml_geometry_csv_action
BootPass_96,175,47,33,Position_Unknown,Team_Unknown,Action_PreSnap,1119.06,451.44,1206.34,643.51,87.27999999999997,192.07,xml_geometry_csv_action
BootPass_96,175,48,34,Position_Unknown,Team_Unknown,Action_PreSnap,545.66,355.7,683.7,545.35,138.04000000000008,189.65000000000003,xml_geometry_csv_action
BootPass_96,176,40,28,Position_Unknown,Team_Unknown,Action_PreSnap,1229.74,395.73,1340.38,583.12,110.6400000000001,187.39,xml_geometry_csv_action
BootPass_96,176,44,30,Position_Unknown,Team_Unknown,Action_PreSnap,795.63,471.91,880.41,655.0,84.77999999999997,183.08999999999997,xml_geometry_csv_action
BootPass_96,176,45,31,Position_Unknown,Team_Unknown,Action_PreSnap,1051.62,484.73,1171.92,690.6,120.30000000000018,205.87,xml_geometry_csv_action
BootPass_96,176,47,33,Position_Unknown,Team_Unknown,Action_PreSnap,1134.0,458.32,1219.66,635.18,85.66000000000008,176.85999999999996,xml_geometry_csv_action
BootPass_96,176,48,34,Position_Unknown,Team_Unknown,Action_PreSnap,566.12,365.59,704.98,552.92,138.86,187.32999999999998,xml_geometry_csv_action
BootPass_96,177,40,28,Position_Unknown,Team_Unknown,Action_PreSnap,1222.42,396.15,1325.15,583.66,102.73000000000002,187.51,xml_geometry_csv_action
BootPass_96,177,44,30,Position_Unknown,Team_Unknown,Action_PreSnap,792.59,470.98,876.36,651.15,83.76999999999998,180.16999999999996,xml_geometry_csv_action
BootPass_96,177,45,31,Position_Unknown,Team_Unknown,Action_PreSnap,1048.89,485.14,1163.83,690.46,114.93999999999983,205.32000000000005,xml_geometry_csv_action
BootPass_96,177,47,33,Position_Unknown,Team_Unknown,Action_PreSnap,1130.8,458.05,1215.75,629.38,84.95000000000005,171.32999999999998,xml_geometry_csv_action
BootPass_96,177,48,34,Position_Unknown,Team_Unknown,Action_PreSnap,564.7,366.34,703.89,552.79,139.18999999999994,186.45,xml_geometry_csv_action
BootPass_96,178,40,28,Position_Unknown,Team_Unknown,Action_PreSnap,1228.17,406.12,1333.26,594.22,105.08999999999992,188.10000000000002,xml_geometry_csv_action
BootPass_96,178,44,30,Position_Unknown,Team_Unknown,Action_PreSnap,804.72,479.5,885.66,659.85,80.93999999999994,180.35000000000002,xml_geometry_csv_action
BootPass_96,178,45,31,Position_Unknown,Team_Unknown,Action_PreSnap,1062.42,495.55,1168.58,700.9,106.15999999999985,205.34999999999997,xml_geometry_csv_action
BootPass_96,178,47,33,Position_Unknown,Team_Unknown,Action_PreSnap,1143.42,467.65,1231.33,655.16,87.90999999999985,187.51,xml_geometry_csv_action
BootPass_96,178,48,34,Position_Unknown,Team_Unknown,Action_PreSnap,583.12,377.24,720.43,561.37,137.30999999999995,184.13,xml_geometry_csv_action
BootPass_96,179,40,28,Position_Unknown,Team_Unknown,Action_PreSnap,1228.97,417.54,1349.46,605.81,120.49000000000001,188.26999999999992,xml_geometry_csv_action
BootPass_96,179,44,30,Position_Unknown,Team_Unknown,Action_PreSnap,811.81,490.83,897.66,674.56,85.85000000000002,183.72999999999996,xml_geometry_csv_action
BootPass_96,179,45,31,Position_Unknown,Team_Unknown,Action_PreSnap,1072.11,507.34,1171.43,712.89,99.32000000000016,205.55,xml_geometry_csv_action
BootPass_96,179,47,33,Position_Unknown,Team_Unknown,Action_PreSnap,1158.83,480.2,1244.36,674.23,85.52999999999997,194.03000000000003,xml_geometry_csv_action
BootPass_96,179,48,34,Position_Unknown,Team_Unknown,Action_PreSnap,602.52,391.15,741.19,573.91,138.67000000000007,182.76,xml_geometry_csv_action
BootPass_96,180,40,28,Position_Unknown,Team_Unknown,Action_PreSnap,1232.7,444.69,1368.06,617.57,135.3599999999999,172.88000000000005,xml_geometry_csv_action
BootPass_96,180,44,30,Position_Unknown,Team_Unknown,Action_PreSnap,826.28,509.0,929.12,696.29,102.84000000000003,187.28999999999996,xml_geometry_csv_action
BootPass_96,180,45,31,Position_Unknown,Team_Unknown,Action_PreSnap,1086.57,527.87,1197.45,734.92,110.88000000000011,207.04999999999995,xml_geometry_csv_action
BootPass_96,180,47,33,Position_Unknown,Team_Unknown,Action_PreSnap,1187.76,500.35,1268.91,701.39,81.15000000000009,201.03999999999996,xml_geometry_csv_action
BootPass_96,180,48,34,Position_Unknown,Team_Unknown,Action_PreSnap,641.0,418.18,774.91,600.48,133.90999999999997,182.3,xml_geometry_csv_action
BootPass_96,181,40,28,Position_Unknown,Team_Unknown,Action_PreSnap,1216.6,455.99,1334.66,619.34,118.06000000000017,163.35000000000002,xml_geometry_csv_action
BootPass_96,181,44,30,Position_Unknown,Team_Unknown,Action_PreSnap,820.62,511.79,937.1,704.68,116.48000000000002,192.88999999999993,xml_geometry_csv_action
BootPass_96,181,45,31,Position_Unknown,Team_Unknown,Action_PreSnap,1077.35,534.94,1196.97,737.69,119.62000000000012,202.75,xml_geometry_csv_action
BootPass_96,181,47,33,Position_Unknown,Team_Unknown,Action_PreSnap,1193.79,507.7,1271.95,703.91,78.16000000000008,196.20999999999998,xml_geometry_csv_action
BootPass_96,181,48,34,Position_Unknown,Team_Unknown,Action_PreSnap,657.42,428.66,783.66,609.79,126.24000000000001,181.12999999999994,xml_geometry_csv_action
BootPass_96,182,44,30,Position_Unknown,Team_Unknown,Action_PreSnap,815.05,514.61,932.9,703.23,117.85000000000002,188.62,xml_geometry_csv_action
BootPass_96,182,45,31,Position_Unknown,Team_Unknown,Action_PreSnap,1073.62,540.25,1190.96,742.15,117.34000000000015,201.89999999999998,xml_geometry_csv_action
BootPass_96,182,47,33,Position_Unknown,Team_Unknown,Action_PreSnap,1197.14,513.4,1279.62,704.22,82.47999999999979,190.82000000000005,xml_geometry_csv_action
BootPass_96,182,48,34,Position_Unknown,Team_Unknown,Action_PreSnap,670.69,437.81,793.39,616.6,122.69999999999993,178.79000000000002,xml_geometry_csv_action
BootPass_96,183,40,28,Position_Unknown,Team_Unknown,Action_PreSnap,1171.78,468.61,1254.44,627.47,82.66000000000008,158.86,xml_geometry_csv_action
BootPass_96,183,44,30,Position_Unknown,Team_Unknown,Action_PreSnap,808.1,515.4,917.7,698.76,109.60000000000002,183.36,xml_geometry_csv_action
BootPass_96,183,45,31,Position_Unknown,Team_Unknown,Action_PreSnap,1064.18,542.11,1179.08,745.65,114.89999999999986,203.53999999999996,xml_geometry_csv_action
BootPass_96,183,47,33,Position_Unknown,Team_Unknown,Action_PreSnap,1198.83,513.32,1279.37,704.08,80.53999999999996,190.76,xml_geometry_csv_action
BootPass_96,183,48,34,Position_Unknown,Team_Unknown,Action_PreSnap,681.27,444.06,799.68,621.18,118.40999999999997,177.11999999999995,xml_geometry_csv_action
BootPass_96,184,40,28,Position_Unknown,Team_Unknown,Action_PreSnap,1156.81,470.29,1232.14,617.78,75.33000000000015,147.48999999999995,xml_geometry_csv_action
BootPass_96,184,44,30,Position_Unknown,Team_Unknown,Action_PreSnap,803.16,516.17,904.62,697.9,101.46000000000004,181.73000000000002,xml_geometry_csv_action
BootPass_96,184,45,31,Position_Unknown,Team_Unknown,Action_PreSnap,1059.84,543.63,1172.2,746.1,112.36000000000013,202.47000000000003,xml_geometry_csv_action
BootPass_96,184,47,33,Position_Unknown,Team_Unknown,Action_PreSnap,1202.34,513.22,1282.85,705.71,80.50999999999999,192.49,xml_geometry_csv_action
BootPass_96,184,48,34,Position_Unknown,Team_Unknown,Action_PreSnap,695.68,447.15,811.21,621.75,115.53000000000009,174.60000000000002,xml_geometry_csv_action
BootPass_96,185,40,28,Position_Unknown,Team_Unknown,Action_PreSnap,1149.76,469.67,1223.26,613.19,73.5,143.52000000000004,xml_geometry_csv_action
BootPass_96,185,44,30,Position_Unknown,Team_Unknown,Action_PreSnap,797.53,515.29,896.01,696.56,98.48000000000002,181.26999999999998,xml_geometry_csv_action
BootPass_96,185,45,31,Position_Unknown,Team_Unknown,Action_PreSnap,1054.34,542.86,1165.85,745.02,111.50999999999999,202.15999999999997,xml_geometry_csv_action
BootPass_96,185,47,33,Position_Unknown,Team_Unknown,Action_PreSnap,1199.59,511.91,1280.13,705.09,80.54000000000019,193.18,xml_geometry_csv_action
BootPass_96,185,48,34,Position_Unknown,Team_Unknown,Action_PreSnap,696.44,446.97,811.14,620.6,114.69999999999993,173.63,xml_geometry_csv_action
BootPass_96,186,40,28,Position_Unknown,Team_Unknown,Action_PreSnap,1150.08,471.93,1237.09,622.22,87.00999999999999,150.29000000000002,xml_geometry_csv_action
BootPass_96,186,44,30,Position_Unknown,Team_Unknown,Action_PreSnap,805.85,514.88,915.52,700.8,109.66999999999996,185.91999999999996,xml_geometry_csv_action
BootPass_96,186,45,31,Position_Unknown,Team_Unknown,Action_PreSnap,1073.7,541.56,1181.62,747.26,107.91999999999985,205.70000000000005,xml_geometry_csv_action
BootPass_96,186,47,33,Position_Unknown,Team_Unknown,Action_PreSnap,1224.71,512.49,1310.94,707.64,86.23000000000002,195.14999999999998,xml_geometry_csv_action
BootPass_96,186,48,34,Position_Unknown,Team_Unknown,Action_PreSnap,739.48,447.71,848.84,611.95,109.36000000000001,164.24000000000007,xml_geometry_csv_action
BootPass_96,187,40,28,Position_Unknown,Team_Unknown,Action_PreSnap,1138.08,470.86,1227.79,625.4,89.71000000000004,154.53999999999996,xml_geometry_csv_action
BootPass_96,187,44,30,Position_Unknown,Team_Unknown,Action_PreSnap,800.31,507.62,919.73,699.73,119.42000000000007,192.11,xml_geometry_csv_action
BootPass_96,187,45,31,Position_Unknown,Team_Unknown,Action_PreSnap,1076.73,538.01,1183.86,747.25,107.12999999999988,209.24,xml_geometry_csv_action
BootPass_96,187,47,33,Position_Unknown,Team_Unknown,Action_PreSnap,1233.01,507.8,1326.97,707.36,93.96000000000004,199.56,xml_geometry_csv_action
BootPass_96,187,48,34,Position_Unknown,Team_Unknown,Action_PreSnap,763.45,445.9,867.7,602.17,104.25,156.26999999999998,xml_geometry_csv_action
BootPass_96,188,40,28,Position_Unknown,Team_Unknown,Action_PreSnap,1127.06,469.81,1210.54,622.82,83.48000000000002,153.01000000000005,xml_geometry_csv_action
BootPass_96,188,44,30,Position_Unknown,Team_Unknown,Action_PreSnap,798.33,502.52,922.21,684.16,123.88,181.64,xml_geometry_csv_action
BootPass_96,188,45,31,Position_Unknown,Team_Unknown,Action_PreSnap,1081.76,535.27,1190.32,736.62,108.55999999999995,201.35000000000002,xml_geometry_csv_action
BootPass_96,188,47,33,Position_Unknown,Team_Unknown,Action_PreSnap,1240.34,503.33,1336.9,698.56,96.56000000000017,195.22999999999996,xml_geometry_csv_action
BootPass_96,188,48,34,Position_Unknown,Team_Unknown,Action_PreSnap,800.21,441.94,903.6,604.03,103.38999999999999,162.08999999999997,xml_geometry_csv_action
BootPass_96,189,40,28,Position_Unknown,Team_Unknown,Action_PreSnap,1113.41,468.03,1198.26,621.99,84.84999999999991,153.96000000000004,xml_geometry_csv_action
BootPass_96,189,44,30,Position_Unknown,Team_Unknown,Action_PreSnap,797.29,496.01,901.22,674.61,103.93000000000006,178.60000000000002,xml_geometry_csv_action
BootPass_96,189,45,31,Position_Unknown,Team_Unknown,Action_PreSnap,1083.84,532.67,1193.04,728.87,109.20000000000005,196.20000000000005,xml_geometry_csv_action
BootPass_96,189,47,33,Position_Unknown,Team_Unknown,Action_PreSnap,1246.82,498.29,1342.52,689.62,95.70000000000005,191.32999999999998,xml_geometry_csv_action
BootPass_96,189,48,34,Position_Unknown,Team_Unknown,Action_PreSnap,829.94,439.61,929.3,608.81,99.3599999999999,169.19999999999993,xml_geometry_csv_action
BootPass_96,190,40,28,Position_Unknown,Team_Unknown,Action_PreSnap,1096.54,464.67,1174.71,584.05,78.17000000000007,119.37999999999994,xml_geometry_csv_action
BootPass_96,190,44,30,Position_Unknown,Team_Unknown,Action_PreSnap,791.34,490.34,877.53,671.43,86.18999999999994,181.08999999999997,xml_geometry_csv_action
BootPass_96,190,45,31,Position_Unknown,Team_Unknown,Action_PreSnap,1084.9,529.13,1189.24,726.37,104.33999999999992,197.24,xml_geometry_csv_action
BootPass_96,190,47,33,Position_Unknown,Team_Unknown,Action_PreSnap,1247.88,494.5,1338.16,685.24,90.27999999999997,190.74,xml_geometry_csv_action
BootPass_96,190,48,34,Position_Unknown,Team_Unknown,Action_PreSnap,834.17,438.15,914.29,618.39,80.12,180.24,xml_geometry_csv_action
BootPass_96,191,40,28,Position_Unknown,Team_Unknown,Action_PreSnap,1080.48,463.49,1149.46,603.92,68.98000000000002,140.42999999999995,xml_geometry_csv_action
BootPass_96,191,44,30,Position_Unknown,Team_Unknown,Action_PreSnap,785.91,487.69,866.65,673.03,80.74000000000001,185.33999999999997,xml_geometry_csv_action
BootPass_96,191,45,31,Position_Unknown,Team_Unknown,Action_PreSnap,1090.24,526.66,1189.74,725.56,99.5,198.89999999999998,xml_geometry_csv_action
BootPass_96,191,47,33,Position_Unknown,Team_Unknown,Action_PreSnap,1247.68,493.62,1333.89,684.83,86.21000000000004,191.21000000000004,xml_geometry_csv_action
BootPass_96,191,48,34,Position_Unknown,Team_Unknown,Action_PreSnap,845.5,440.2,912.5,616.0,67.0,175.8,xml_geometry_csv_action
BootPass_96,192,40,28,Position_Unknown,Team_Unknown,Action_PreSnap,1062.62,465.33,1132.65,617.73,70.0300000000002,152.40000000000003,xml_geometry_csv_action
BootPass_96,192,44,30,Position_Unknown,Team_Unknown,Action_PreSnap,776.4,485.07,859.7,674.21,83.30000000000007,189.14000000000004,xml_geometry_csv_action
BootPass_96,192,45,31,Position_Unknown,Team_Unknown,Action_PreSnap,1098.27,526.6,1195.15,726.55,96.88000000000011,199.94999999999993,xml_geometry_csv_action
BootPass_96,192,47,33,Position_Unknown,Team_Unknown,Action_PreSnap,1248.26,492.98,1341.87,686.57,93.6099999999999,193.59000000000003,xml_geometry_csv_action
BootPass_96,192,48,34,Position_Unknown,Team_Unknown,Action_PreSnap,853.88,442.46,919.89,614.65,66.00999999999999,172.19,xml_geometry_csv_action
BootPass_96,193,40,28,Position_Unknown,Team_Unknown,Action_PreSnap,1037.88,466.55,1130.68,633.94,92.79999999999995,167.39000000000004,xml_geometry_csv_action
BootPass_96,193,44,30,Position_Unknown,Team_Unknown,Action_PreSnap,770.45,481.35,863.3,675.01,92.84999999999991,193.65999999999997,xml_geometry_csv_action
BootPass_96,193,45,31,Position_Unknown,Team_Unknown,Action_PreSnap,1107.84,524.0,1205.7,727.24,97.86000000000013,203.24,xml_geometry_csv_action
BootPass_96,193,47,33,Position_Unknown,Team_Unknown,Action_PreSnap,1251.8,489.37,1353.59,688.2,101.78999999999996,198.83000000000004,xml_geometry_csv_action
BootPass_96,193,48,34,Position_Unknown,Team_Unknown,Action_PreSnap,869.93,436.43,959.88,612.7,89.95000000000005,176.27000000000004,xml_geometry_csv_action
BootPass_96,194,40,28,Position_Unknown,Team_Unknown,Action_PreSnap,1020.86,466.74,1127.9,644.94,107.04000000000008,178.20000000000005,xml_geometry_csv_action
BootPass_96,194,44,30,Position_Unknown,Team_Unknown,Action_PreSnap,765.02,476.59,871.36,673.12,106.34000000000003,196.53000000000003,xml_geometry_csv_action
BootPass_96,194,45,31,Position_Unknown,Team_Unknown,Action_PreSnap,1111.16,519.34,1216.69,726.95,105.52999999999997,207.61,xml_geometry_csv_action
BootPass_96,194,47,33,Position_Unknown,Team_Unknown,Action_PreSnap,1257.78,483.27,1362.62,686.97,104.83999999999992,203.70000000000005,xml_geometry_csv_action
BootPass_96,194,48,34,Position_Unknown,Team_Unknown,Action_PreSnap,879.94,432.23,975.06,611.57,95.11999999999989,179.34000000000003,xml_geometry_csv_action
BootPass_96,194,50,35,Position_Unknown,Team_Unknown,Action_PreSnap,849.06,421.87,935.3,612.93,86.24000000000001,191.05999999999995,xml_geometry_csv_action
BootPass_96,195,40,28,Position_Unknown,Team_Unknown,Action_PreSnap,1015.69,466.62,1120.94,652.23,105.25,185.61,xml_geometry_csv_action
BootPass_96,195,44,30,Position_Unknown,Team_Unknown,Action_PreSnap,760.73,473.04,876.61,660.55,115.88,187.50999999999993,xml_geometry_csv_action
BootPass_96,195,45,31,Position_Unknown,Team_Unknown,Action_PreSnap,1115.04,515.23,1222.99,722.49,107.95000000000005,207.26,xml_geometry_csv_action
BootPass_96,195,47,33,Position_Unknown,Team_Unknown,Action_PreSnap,1265.42,477.26,1368.65,673.7,103.23000000000002,196.44000000000005,xml_geometry_csv_action
BootPass_96,195,50,35,Position_Unknown,Team_Unknown,Action_PreSnap,860.99,424.83,957.77,614.73,96.77999999999997,189.90000000000003,xml_geometry_csv_action
BootPass_96,196,40,28,Position_Unknown,Team_Unknown,Action_PreSnap,1013.48,468.25,1109.93,656.07,96.45000000000005,187.82000000000005,xml_geometry_csv_action
BootPass_96,196,44,30,Position_Unknown,Team_Unknown,Action_PreSnap,750.71,470.63,872.97,657.27,122.25999999999999,186.64,xml_geometry_csv_action
BootPass_96,196,45,31,Position_Unknown,Team_Unknown,Action_PreSnap,1121.81,513.31,1225.58,714.53,103.76999999999998,201.22000000000003,xml_geometry_csv_action
BootPass_96,196,47,33,Position_Unknown,Team_Unknown,Action_PreSnap,1273.59,472.82,1372.52,661.03,98.93000000000006,188.20999999999998,xml_geometry_csv_action
BootPass_96,196,50,35,Position_Unknown,Team_Unknown,Action_PreSnap,880.13,429.18,974.55,615.4,94.41999999999996,186.21999999999997,xml_geometry_csv_action
BootPass_96,197,40,28,Position_Unknown,Team_Unknown,Action_PreSnap,1005.69,469.89,1097.77,659.4,92.07999999999993,189.51,xml_geometry_csv_action
BootPass_96,197,44,30,Position_Unknown,Team_Unknown,Action_PreSnap,747.56,471.49,860.97,660.74,113.41000000000008,189.25,xml_geometry_csv_action
BootPass_96,197,45,31,Position_Unknown,Team_Unknown,Action_PreSnap,1123.99,513.33,1230.06,711.15,106.06999999999994,197.81999999999994,xml_geometry_csv_action
BootPass_96,197,47,33,Position_Unknown,Team_Unknown,Action_PreSnap,1281.18,472.27,1374.07,660.95,92.88999999999987,188.68000000000006,xml_geometry_csv_action
BootPass_96,197,50,35,Position_Unknown,Team_Unknown,Action_PreSnap,894.58,431.99,993.64,617.48,99.05999999999995,185.49,xml_geometry_csv_action
BootPass_96,198,40,28,Position_Unknown,Team_Unknown,Action_PreSnap,1004.11,475.32,1093.89,664.06,89.78000000000009,188.73999999999995,xml_geometry_csv_action
BootPass_96,198,44,30,Position_Unknown,Team_Unknown,Action_PreSnap,754.39,476.85,852.26,666.57,97.87,189.72000000000003,xml_geometry_csv_action
BootPass_96,198,45,31,Position_Unknown,Team_Unknown,Action_PreSnap,1125.99,516.4,1235.73,714.24,109.74000000000001,197.84000000000003,xml_geometry_csv_action
BootPass_96,198,47,33,Position_Unknown,Team_Unknown,Action_PreSnap,1288.52,475.64,1374.1,668.8,85.57999999999993,193.15999999999997,xml_geometry_csv_action
BootPass_96,198,50,35,Position_Unknown,Team_Unknown,Action_PreSnap,915.21,438.5,1008.96,615.89,93.75,177.39,xml_geometry_csv_action
BootPass_96,199,40,28,Position_Unknown,Team_Unknown,Action_PreSnap,995.96,482.48,1094.69,665.49,98.73000000000002,183.01,xml_geometry_csv_action
BootPass_96,199,44,30,Position_Unknown,Team_Unknown,Action_PreSnap,757.98,482.42,849.94,674.55,91.96000000000004,192.12999999999994,xml_geometry_csv_action
BootPass_96,199,45,31,Position_Unknown,Team_Unknown,Action_PreSnap,1130.98,521.8,1242.05,720.68,111.06999999999994,198.88,xml_geometry_csv_action
BootPass_96,199,47,33,Position_Unknown,Team_Unknown,Action_PreSnap,1295.3,481.44,1376.7,678.16,81.40000000000009,196.71999999999997,xml_geometry_csv_action
BootPass_96,199,50,35,Position_Unknown,Team_Unknown,Action_PreSnap,937.79,447.01,1016.66,616.91,78.87,169.89999999999998,xml_geometry_csv_action
BootPass_96,200,40,28,Position_Unknown,Team_Unknown,Action_PreSnap,972.87,493.18,1086.29,669.91,113.41999999999996,176.72999999999996,xml_geometry_csv_action
BootPass_96,200,44,30,Position_Unknown,Team_Unknown,Action_PreSnap,761.98,489.52,849.13,682.3,87.14999999999998,192.77999999999997,xml_geometry_csv_action
BootPass_96,200,45,31,Position_Unknown,Team_Unknown,Action_PreSnap,1140.71,528.14,1247.78,730.83,107.06999999999994,202.69000000000005,xml_geometry_csv_action
BootPass_96,200,47,33,Position_Unknown,Team_Unknown,Action_PreSnap,1303.13,490.76,1384.36,688.62,81.22999999999979,197.86,xml_geometry_csv_action
BootPass_96,200,50,35,Position_Unknown,Team_Unknown,Action_PreSnap,951.53,457.78,1021.23,615.46,69.70000000000005,157.68000000000006,xml_geometry_csv_action
BootPass_96,201,40,28,Position_Unknown,Team_Unknown,Action_PreSnap,961.49,507.31,1070.59,680.17,109.09999999999991,172.85999999999996,xml_geometry_csv_action
BootPass_96,201,44,30,Position_Unknown,Team_Unknown,Action_PreSnap,759.73,498.55,847.64,683.41,87.90999999999997,184.85999999999996,xml_geometry_csv_action
BootPass_96,201,45,31,Position_Unknown,Team_Unknown,Action_PreSnap,1152.88,534.38,1251.8,742.32,98.91999999999985,207.94000000000005,xml_geometry_csv_action
BootPass_96,201,47,33,Position_Unknown,Team_Unknown,Action_PreSnap,1310.44,499.3,1395.23,701.03,84.78999999999996,201.72999999999996,xml_geometry_csv_action
BootPass_96,201,50,35,Position_Unknown,Team_Unknown,Action_PreSnap,970.2,467.93,1029.47,570.76,59.26999999999998,102.82999999999998,xml_geometry_csv_action
BootPass_96,201,51,36,Position_Unknown,Team_Unknown,Action_PreSnap,921.09,458.84,992.45,621.06,71.36000000000001,162.21999999999997,xml_geometry_csv_action
BootPass_96,202,40,28,Position_Unknown,Team_Unknown,Action_PreSnap,957.96,520.27,1066.56,693.58,108.59999999999991,173.31000000000006,xml_geometry_csv_action
BootPass_96,202,44,30,Position_Unknown,Team_Unknown,Action_PreSnap,747.54,507.87,847.59,687.91,100.05000000000007,180.03999999999996,xml_geometry_csv_action
BootPass_96,202,45,31,Position_Unknown,Team_Unknown,Action_PreSnap,1163.25,540.03,1257.39,753.05,94.1400000000001,213.01999999999998,xml_geometry_csv_action
BootPass_96,202,47,33,Position_Unknown,Team_Unknown,Action_PreSnap,1315.22,508.13,1403.94,707.45,88.72000000000003,199.32000000000005,xml_geometry_csv_action
BootPass_96,202,51,36,Position_Unknown,Team_Unknown,Action_PreSnap,935.59,468.8,998.93,632.59,63.33999999999992,163.79000000000002,xml_geometry_csv_action
BootPass_96,203,40,28,Position_Unknown,Team_Unknown,Action_PreSnap,951.96,530.92,1053.38,708.53,101.42000000000007,177.61,xml_geometry_csv_action
BootPass_96,203,44,30,Position_Unknown,Team_Unknown,Action_PreSnap,736.04,518.58,844.07,699.17,108.03000000000009,180.58999999999992,xml_geometry_csv_action
BootPass_96,203,45,31,Position_Unknown,Team_Unknown,Action_PreSnap,1173.64,546.65,1262.65,756.05,89.00999999999999,209.39999999999998,xml_geometry_csv_action
BootPass_96,203,47,33,Position_Unknown,Team_Unknown,Action_PreSnap,1315.4,517.86,1406.24,713.53,90.83999999999992,195.66999999999996,xml_geometry_csv_action
BootPass_96,203,50,35,Position_Unknown,Team_Unknown,Action_PreSnap,981.29,484.34,1072.35,613.43,91.05999999999995,129.08999999999997,xml_geometry_csv_action
BootPass_96,203,51,36,Position_Unknown,Team_Unknown,Action_PreSnap,944.18,479.04,1006.08,592.55,61.90000000000009,113.50999999999993,xml_geometry_csv_action
BootPass_96,204,40,28,Position_Unknown,Team_Unknown,Action_PreSnap,952.21,547.25,1067.76,693.31,115.54999999999995,146.05999999999995,xml_geometry_csv_action
BootPass_96,204,44,30,Position_Unknown,Team_Unknown,Action_PreSnap,731.42,529.07,835.31,711.07,103.88999999999999,182.0,xml_geometry_csv_action
BootPass_96,204,45,31,Position_Unknown,Team_Unknown,Action_PreSnap,1183.65,553.4,1267.32,754.06,83.66999999999985,200.65999999999997,xml_geometry_csv_action
BootPass_96,204,47,33,Position_Unknown,Team_Unknown,Action_PreSnap,1314.41,527.31,1401.96,723.45,87.54999999999995,196.1400000000001,xml_geometry_csv_action
BootPass_96,204,51,36,Position_Unknown,Team_Unknown,Action_PreSnap,951.19,487.08,1013.05,565.66,61.8599999999999,78.57999999999998,xml_geometry_csv_action
BootPass_96,205,44,30,Position_Unknown,Team_Unknown,Action_PreSnap,739.74,539.01,826.91,716.73,87.16999999999996,177.72000000000003,xml_geometry_csv_action
BootPass_96,205,45,31,Position_Unknown,Team_Unknown,Action_PreSnap,1192.36,562.96,1268.29,760.15,75.93000000000006,197.18999999999994,xml_geometry_csv_action
BootPass_96,205,47,33,Position_Unknown,Team_Unknown,Action_PreSnap,1314.81,538.41,1395.3,734.73,80.49000000000001,196.32000000000005,xml_geometry_csv_action
BootPass_96,205,50,35,Position_Unknown,Team_Unknown,Action_PreSnap,989.49,500.14,1085.65,672.71,96.16000000000008,172.57000000000005,xml_geometry_csv_action
BootPass_96,206,40,28,Position_Unknown,Team_Unknown,Action_PreSnap,894.52,555.38,1024.53,720.44,130.01,165.06000000000006,xml_geometry_csv_action
BootPass_96,206,44,30,Position_Unknown,Team_Unknown,Action_PreSnap,744.46,546.56,821.49,724.26,77.02999999999997,177.70000000000005,xml_geometry_csv_action
BootPass_96,206,45,31,Position_Unknown,Team_Unknown,Action_PreSnap,1195.98,570.87,1269.51,769.76,73.52999999999997,198.89,xml_geometry_csv_action
BootPass_96,206,47,33,Position_Unknown,Team_Unknown,Action_PreSnap,1316.93,547.63,1404.32,745.62,87.38999999999987,197.99,xml_geometry_csv_action
BootPass_96,206,50,35,Position_Unknown,Team_Unknown,Action_PreSnap,980.93,508.67,1078.17,685.37,97.24000000000012,176.7,xml_geometry_csv_action
BootPass_96,207,40,28,Position_Unknown,Team_Unknown,Action_PreSnap,871.59,556.81,1001.06,729.55,129.4699999999999,172.74,xml_geometry_csv_action
BootPass_96,207,44,30,Position_Unknown,Team_Unknown,Action_PreSnap,734.88,547.75,818.5,730.85,83.62,183.10000000000002,xml_geometry_csv_action
BootPass_96,207,45,31,Position_Unknown,Team_Unknown,Action_PreSnap,1198.2,574.96,1273.07,777.38,74.86999999999989,202.41999999999996,xml_geometry_csv_action
BootPass_96,207,47,33,Position_Unknown,Team_Unknown,Action_PreSnap,1317.95,550.88,1413.46,752.25,95.50999999999999,201.37,xml_geometry_csv_action
BootPass_96,207,50,35,Position_Unknown,Team_Unknown,Action_PreSnap,973.31,512.15,1068.65,694.28,95.34000000000015,182.13,xml_geometry_csv_action
BootPass_96,208,40,28,Position_Unknown,Team_Unknown,Action_PreSnap,865.96,557.67,978.08,731.78,112.12,174.11,xml_geometry_csv_action
BootPass_96,208,44,30,Position_Unknown,Team_Unknown,Action_PreSnap,726.44,545.92,816.93,726.02,90.4899999999999,180.10000000000002,xml_geometry_csv_action
BootPass_96,208,45,31,Position_Unknown,Team_Unknown,Action_PreSnap,1200.41,574.25,1278.49,779.71,78.07999999999993,205.46000000000004,xml_geometry_csv_action
BootPass_96,208,47,33,Position_Unknown,Team_Unknown,Action_PreSnap,1318.86,549.25,1418.6,751.75,99.74000000000001,202.5,xml_geometry_csv_action
BootPass_96,208,50,35,Position_Unknown,Team_Unknown,Action_PreSnap,972.92,515.09,1060.79,697.96,87.87,182.87,xml_geometry_csv_action
BootPass_96,209,40,28,Position_Unknown,Team_Unknown,Action_PreSnap,866.38,555.48,963.28,729.76,96.89999999999998,174.27999999999997,xml_geometry_csv_action
BootPass_96,209,44,30,Position_Unknown,Team_Unknown,Action_PreSnap,720.21,541.15,816.84,713.64,96.63,172.49,xml_geometry_csv_action
BootPass_96,209,45,31,Position_Unknown,Team_Unknown,Action_PreSnap,1202.31,568.53,1286.62,776.97,84.30999999999995,208.44000000000005,xml_geometry_csv_action
BootPass_96,209,47,33,Position_Unknown,Team_Unknown,Action_PreSnap,1321.19,544.66,1418.65,739.68,97.46000000000004,195.01999999999998,xml_geometry_csv_action
BootPass_96,209,50,35,Position_Unknown,Team_Unknown,Action_PreSnap,976.56,512.58,1058.88,698.45,82.32000000000016,185.87,xml_geometry_csv_action
BootPass_96,210,40,28,Position_Unknown,Team_Unknown,Action_PreSnap,867.37,551.1,949.96,728.58,82.59000000000003,177.48000000000002,xml_geometry_csv_action
BootPass_96,210,44,30,Position_Unknown,Team_Unknown,Action_PreSnap,714.95,536.21,817.65,706.26,102.69999999999993,170.04999999999995,xml_geometry_csv_action
BootPass_96,210,45,31,Position_Unknown,Team_Unknown,Action_PreSnap,1200.61,561.02,1292.42,771.37,91.81000000000017,210.35000000000002,xml_geometry_csv_action
BootPass_96,210,47,33,Position_Unknown,Team_Unknown,Action_PreSnap,1320.58,538.32,1411.28,725.77,90.70000000000005,187.44999999999993,xml_geometry_csv_action
BootPass_96,210,50,35,Position_Unknown,Team_Unknown,Action_PreSnap,979.07,511.29,1054.47,697.72,75.39999999999998,186.43,xml_geometry_csv_action
BootPass_96,211,40,28,Position_Unknown,Team_Unknown,Action_PreSnap,859.34,545.97,937.58,728.17,78.24000000000001,182.19999999999993,xml_geometry_csv_action
BootPass_96,211,44,30,Position_Unknown,Team_Unknown,Action_PreSnap,715.71,533.55,817.67,703.76,101.95999999999992,170.21000000000004,xml_geometry_csv_action
BootPass_96,211,45,31,Position_Unknown,Team_Unknown,Action_PreSnap,1196.43,554.82,1293.18,763.32,96.75,208.5,xml_geometry_csv_action
BootPass_96,211,47,33,Position_Unknown,Team_Unknown,Action_PreSnap,1314.89,534.45,1399.34,720.33,84.44999999999982,185.88,xml_geometry_csv_action
BootPass_96,211,50,35,Position_Unknown,Team_Unknown,Action_PreSnap,973.82,508.08,1048.57,694.72,74.74999999999989,186.64000000000004,xml_geometry_csv_action
BootPass_96,212,40,28,Position_Unknown,Team_Unknown,Action_PreSnap,842.32,543.06,927.72,727.13,85.39999999999998,184.07000000000005,xml_geometry_csv_action
BootPass_96,212,44,30,Position_Unknown,Team_Unknown,Action_PreSnap,720.21,531.16,817.9,705.17,97.68999999999994,174.01,xml_geometry_csv_action
BootPass_96,212,45,31,Position_Unknown,Team_Unknown,Action_PreSnap,1190.59,551.55,1293.73,751.53,103.1400000000001,199.98000000000002,xml_geometry_csv_action
BootPass_96,212,47,33,Position_Unknown,Team_Unknown,Action_PreSnap,1311.91,534.44,1388.85,721.34,76.93999999999983,186.89999999999998,xml_geometry_csv_action
BootPass_96,212,50,35,Position_Unknown,Team_Unknown,Action_PreSnap,964.68,506.04,1046.36,690.77,81.67999999999995,184.72999999999996,xml_geometry_csv_action
BootPass_96,213,40,28,Position_Unknown,Team_Unknown,Action_PreSnap,821.57,541.44,918.77,714.61,97.19999999999993,173.16999999999996,xml_geometry_csv_action
BootPass_96,213,44,30,Position_Unknown,Team_Unknown,Action_PreSnap,723.81,527.45,818.66,707.02,94.85000000000002,179.56999999999994,xml_geometry_csv_action
BootPass_96,213,45,31,Position_Unknown,Team_Unknown,Action_PreSnap,1185.24,548.18,1294.65,747.06,109.41000000000008,198.88,xml_geometry_csv_action
BootPass_96,213,47,33,Position_Unknown,Team_Unknown,Action_PreSnap,1310.74,533.43,1385.33,722.6,74.58999999999992,189.17000000000007,xml_geometry_csv_action
BootPass_96,213,50,35,Position_Unknown,Team_Unknown,Action_PreSnap,961.99,515.44,1044.92,690.25,82.93000000000006,174.80999999999995,xml_geometry_csv_action
BootPass_96,214,40,28,Position_Unknown,Team_Unknown,Action_PreSnap,802.12,539.35,907.29,706.39,105.16999999999996,167.03999999999996,xml_geometry_csv_action
BootPass_96,214,44,30,Position_Unknown,Team_Unknown,Action_PreSnap,719.22,525.1,814.98,703.17,95.75999999999999,178.06999999999994,xml_geometry_csv_action
BootPass_96,214,45,31,Position_Unknown,Team_Unknown,Action_PreSnap,1179.38,544.2,1291.68,745.11,112.29999999999995,200.90999999999997,xml_geometry_csv_action
BootPass_96,214,47,33,Position_Unknown,Team_Unknown,Action_PreSnap,1310.81,529.2,1382.46,720.13,71.65000000000009,190.92999999999995,xml_geometry_csv_action
BootPass_96,214,50,35,Position_Unknown,Team_Unknown,Action_PreSnap,960.43,518.06,1042.78,688.89,82.35000000000002,170.83000000000004,xml_geometry_csv_action
BootPass_96,215,40,28,Position_Unknown,Team_Unknown,Action_PreSnap,783.38,536.52,893.72,706.56,110.34000000000003,170.03999999999996,xml_geometry_csv_action
BootPass_96,215,44,30,Position_Unknown,Team_Unknown,Action_PreSnap,707.48,522.31,806.43,692.13,98.94999999999993,169.82000000000005,xml_geometry_csv_action
BootPass_96,215,45,31,Position_Unknown,Team_Unknown,Action_PreSnap,1172.56,541.09,1284.47,746.49,111.91000000000008,205.39999999999998,xml_geometry_csv_action
BootPass_96,215,47,33,Position_Unknown,Team_Unknown,Action_PreSnap,1308.23,523.39,1379.43,717.7,71.20000000000005,194.31000000000006,xml_geometry_csv_action
BootPass_96,215,50,35,Position_Unknown,Team_Unknown,Action_PreSnap,953.9,512.66,1042.93,685.28,89.03000000000009,172.62,xml_geometry_csv_action
BootPass_96,216,40,28,Position_Unknown,Team_Unknown,Action_PreSnap,774.75,533.52,877.36,705.33,102.61000000000001,171.81000000000006,xml_geometry_csv_action
BootPass_96,216,44,30,Position_Unknown,Team_Unknown,Action_PreSnap,697.77,518.73,797.25,686.0,99.48000000000002,167.26999999999998,xml_geometry_csv_action
BootPass_96,216,45,31,Position_Unknown,Team_Unknown,Action_PreSnap,1167.29,539.73,1272.35,747.6,105.05999999999995,207.87,xml_geometry_csv_action
BootPass_96,216,47,33,Position_Unknown,Team_Unknown,Action_PreSnap,1302.28,519.47,1374.85,704.27,72.56999999999994,184.79999999999995,xml_geometry_csv_action
BootPass_96,216,50,35,Position_Unknown,Team_Unknown,Action_PreSnap,946.09,509.02,1040.59,683.64,94.49999999999989,174.62,xml_geometry_csv_action
BootPass_96,217,40,28,Position_Unknown,Team_Unknown,Action_PreSnap,769.83,533.11,860.29,706.2,90.45999999999992,173.09000000000003,xml_geometry_csv_action
BootPass_96,217,44,30,Position_Unknown,Team_Unknown,Action_PreSnap,690.3,517.45,789.11,684.98,98.81000000000006,167.52999999999997,xml_geometry_csv_action
BootPass_96,217,45,31,Position_Unknown,Team_Unknown,Action_PreSnap,1161.0,539.54,1258.96,749.28,97.96000000000004,209.74,xml_geometry_csv_action
BootPass_96,217,47,33,Position_Unknown,Team_Unknown,Action_PreSnap,1293.95,515.8,1366.87,696.28,72.91999999999985,180.48000000000002,xml_geometry_csv_action
BootPass_96,217,50,35,Position_Unknown,Team_Unknown,Action_PreSnap,937.35,508.73,1033.71,684.89,96.36000000000001,176.15999999999997,xml_geometry_csv_action
BootPass_96,218,40,28,Position_Unknown,Team_Unknown,Action_PreSnap,758.37,530.78,842.48,709.71,84.11000000000001,178.93000000000006,xml_geometry_csv_action
BootPass_96,218,44,30,Position_Unknown,Team_Unknown,Action_PreSnap,685.56,516.31,782.09,686.26,96.53000000000009,169.95000000000005,xml_geometry_csv_action
BootPass_96,218,45,31,Position_Unknown,Team_Unknown,Action_PreSnap,1158.47,538.79,1246.12,750.24,87.64999999999986,211.45000000000005,xml_geometry_csv_action
BootPass_96,218,47,33,Position_Unknown,Team_Unknown,Action_PreSnap,1284.41,514.47,1355.07,697.48,70.65999999999985,183.01,xml_geometry_csv_action
BootPass_96,218,50,35,Position_Unknown,Team_Unknown,Action_PreSnap,928.39,506.14,1027.42,687.41,99.03000000000009,181.26999999999998,xml_geometry_csv_action
BootPass_96,219,40,28,Position_Unknown,Team_Unknown,Action_PreSnap,729.42,529.64,821.99,710.38,92.57000000000005,180.74,xml_geometry_csv_action
BootPass_96,219,44,30,Position_Unknown,Team_Unknown,Action_PreSnap,682.37,513.42,773.3,685.27,90.92999999999995,171.85000000000002,xml_geometry_csv_action
BootPass_96,219,45,31,Position_Unknown,Team_Unknown,Action_PreSnap,1154.09,535.5,1234.19,749.19,80.10000000000014,213.69000000000005,xml_geometry_csv_action
BootPass_96,219,47,33,Position_Unknown,Team_Unknown,Action_PreSnap,1272.83,513.97,1344.26,699.42,71.43000000000006,185.44999999999993,xml_geometry_csv_action
BootPass_96,219,50,35,Position_Unknown,Team_Unknown,Action_PreSnap,914.99,504.59,1017.02,676.95,102.02999999999997,172.36000000000007,xml_geometry_csv_action
BootPass_96,220,40,28,Position_Unknown,Team_Unknown,Action_PreSnap,705.66,527.32,804.58,698.93,98.92000000000007,171.6099999999999,xml_geometry_csv_action
BootPass_96,220,44,30,Position_Unknown,Team_Unknown,Action_PreSnap,673.44,507.71,765.08,664.06,91.63999999999999,156.34999999999997,xml_geometry_csv_action
BootPass_96,220,45,31,Position_Unknown,Team_Unknown,Action_PreSnap,1146.12,531.38,1225.11,747.36,78.99000000000001,215.98000000000002,xml_geometry_csv_action
BootPass_96,220,47,33,Position_Unknown,Team_Unknown,Action_PreSnap,1261.33,510.79,1336.23,699.27,74.90000000000009,188.47999999999996,xml_geometry_csv_action
BootPass_96,220,50,35,Position_Unknown,Team_Unknown,Action_PreSnap,902.28,503.72,1010.0,674.12,107.72000000000003,170.39999999999998,xml_geometry_csv_action
BootPass_96,220,52,37,Position_Unknown,Team_Unknown,Action_PreSnap,952.2,485.76,1045.18,643.53,92.98000000000002,157.76999999999998,xml_geometry_csv_action
BootPass_96,221,40,28,Position_Unknown,Team_Unknown,Action_PreSnap,682.38,524.57,788.99,688.49,106.61000000000001,163.91999999999996,xml_geometry_csv_action
BootPass_96,221,44,30,Position_Unknown,Team_Unknown,Action_PreSnap,665.55,502.35,756.83,652.1,91.28000000000009,149.75,xml_geometry_csv_action
BootPass_96,221,45,31,Position_Unknown,Team_Unknown,Action_PreSnap,1135.99,527.63,1217.74,739.78,81.75,212.14999999999998,xml_geometry_csv_action
BootPass_96,221,47,33,Position_Unknown,Team_Unknown,Action_PreSnap,1253.06,506.41,1333.44,698.24,80.38000000000011,191.82999999999998,xml_geometry_csv_action
BootPass_96,221,50,35,Position_Unknown,Team_Unknown,Action_PreSnap,897.35,506.51,1003.52,673.4,106.16999999999996,166.89,xml_geometry_csv_action
BootPass_96,221,52,37,Position_Unknown,Team_Unknown,Action_PreSnap,942.88,482.85,1043.66,639.61,100.78000000000009,156.76,xml_geometry_csv_action
BootPass_96,222,40,28,Position_Unknown,Team_Unknown,Action_PreSnap,667.61,520.65,775.61,687.0,108.0,166.35000000000002,xml_geometry_csv_action
BootPass_96,222,44,30,Position_Unknown,Team_Unknown,Action_PreSnap,660.61,496.08,752.89,649.21,92.27999999999997,153.13000000000005,xml_geometry_csv_action
BootPass_96,222,45,31,Position_Unknown,Team_Unknown,Action_PreSnap,1129.55,526.09,1209.99,728.12,80.44000000000005,202.02999999999997,xml_geometry_csv_action
BootPass_96,222,47,33,Position_Unknown,Team_Unknown,Action_PreSnap,1246.47,501.78,1330.44,695.51,83.97000000000003,193.73000000000002,xml_geometry_csv_action
BootPass_96,222,50,35,Position_Unknown,Team_Unknown,Action_PreSnap,894.69,500.62,992.16,673.32,97.46999999999991,172.70000000000005,xml_geometry_csv_action
BootPass_96,222,52,37,Position_Unknown,Team_Unknown,Action_PreSnap,945.7,480.21,1035.4,642.74,89.70000000000005,162.53000000000003,xml_geometry_csv_action
BootPass_96,223,40,28,Position_Unknown,Team_Unknown,Action_PreSnap,658.76,520.89,766.67,686.79,107.90999999999997,165.89999999999998,xml_geometry_csv_action
BootPass_96,223,44,30,Position_Unknown,Team_Unknown,Action_PreSnap,656.86,491.95,752.06,648.85,95.19999999999993,156.90000000000003,xml_geometry_csv_action
BootPass_96,223,45,31,Position_Unknown,Team_Unknown,Action_PreSnap,1122.68,524.84,1201.71,723.44,79.02999999999997,198.60000000000002,xml_geometry_csv_action
BootPass_96,223,47,33,Position_Unknown,Team_Unknown,Action_PreSnap,1239.61,497.48,1325.65,683.94,86.04000000000019,186.46000000000004,xml_geometry_csv_action
BootPass_96,223,50,35,Position_Unknown,Team_Unknown,Action_PreSnap,892.71,495.63,981.09,673.22,88.38,177.59000000000003,xml_geometry_csv_action
BootPass_96,223,52,37,Position_Unknown,Team_Unknown,Action_PreSnap,944.02,478.37,1025.09,648.22,81.06999999999994,169.85000000000002,xml_geometry_csv_action
BootPass_96,224,40,28,Position_Unknown,Team_Unknown,Action_PreSnap,652.26,505.51,763.74,688.08,111.48000000000002,182.57000000000005,xml_geometry_csv_action
BootPass_96,224,45,31,Position_Unknown,Team_Unknown,Action_PreSnap,1116.55,524.21,1196.29,724.39,79.74000000000001,200.17999999999995,xml_geometry_csv_action
BootPass_96,224,47,33,Position_Unknown,Team_Unknown,Action_PreSnap,1233.62,494.11,1319.62,674.39,86.0,180.27999999999997,xml_geometry_csv_action
BootPass_96,224,50,35,Position_Unknown,Team_Unknown,Action_PreSnap,891.97,489.87,974.36,672.32,82.38999999999999,182.45000000000005,xml_geometry_csv_action
BootPass_96,224,52,37,Position_Unknown,Team_Unknown,Action_PreSnap,941.14,475.91,1017.2,654.94,76.06000000000006,179.03000000000003,xml_geometry_csv_action
BootPass_96,225,40,28,Position_Unknown,Team_Unknown,Action_PreSnap,647.77,493.05,768.75,689.08,120.98000000000002,196.03000000000003,xml_geometry_csv_action
BootPass_96,225,45,31,Position_Unknown,Team_Unknown,Action_PreSnap,1113.7,524.82,1193.94,725.96,80.24000000000001,201.14,xml_geometry_csv_action
BootPass_96,225,47,33,Position_Unknown,Team_Unknown,Action_PreSnap,1228.34,491.0,1310.09,674.22,81.75,183.22000000000003,xml_geometry_csv_action
BootPass_96,225,50,35,Position_Unknown,Team_Unknown,Action_PreSnap,891.34,486.17,970.26,667.58,78.91999999999996,181.41000000000003,xml_geometry_csv_action
BootPass_96,225,52,37,Position_Unknown,Team_Unknown,Action_PreSnap,941.67,474.66,1013.83,657.15,72.16000000000008,182.48999999999995,xml_geometry_csv_action
BootPass_96,226,40,28,Position_Unknown,Team_Unknown,Action_PreSnap,643.12,485.15,775.51,689.06,132.39,203.90999999999997,xml_geometry_csv_action
BootPass_96,226,45,31,Position_Unknown,Team_Unknown,Action_PreSnap,1111.78,523.44,1191.81,726.08,80.02999999999997,202.64,xml_geometry_csv_action
BootPass_96,226,47,33,Position_Unknown,Team_Unknown,Action_PreSnap,1220.67,488.86,1298.2,674.75,77.52999999999997,185.89,xml_geometry_csv_action
BootPass_96,226,50,35,Position_Unknown,Team_Unknown,Action_PreSnap,889.03,483.1,967.34,659.02,78.31000000000006,175.91999999999996,xml_geometry_csv_action
BootPass_96,226,52,37,Position_Unknown,Team_Unknown,Action_PreSnap,942.87,472.82,1010.55,654.04,67.67999999999995,181.21999999999997,xml_geometry_csv_action
BootPass_96,227,40,28,Position_Unknown,Team_Unknown,Action_PreSnap,641.43,486.89,757.0,680.66,115.57000000000005,193.76999999999998,xml_geometry_csv_action
BootPass_96,227,45,31,Position_Unknown,Team_Unknown,Action_PreSnap,1108.61,519.63,1190.32,725.1,81.71000000000004,205.47000000000003,xml_geometry_csv_action
BootPass_96,227,47,33,Position_Unknown,Team_Unknown,Action_PreSnap,1213.34,485.56,1287.86,674.25,74.51999999999998,188.69,xml_geometry_csv_action
BootPass_96,227,50,35,Position_Unknown,Team_Unknown,Action_PreSnap,885.52,480.15,963.3,655.02,77.77999999999997,174.87,xml_geometry_csv_action
BootPass_96,227,52,37,Position_Unknown,Team_Unknown,Action_PreSnap,940.91,468.41,1008.24,651.29,67.33000000000004,182.87999999999994,xml_geometry_csv_action
BootPass_96,228,40,28,Position_Unknown,Team_Unknown,Action_PreSnap,642.7,488.36,750.86,677.91,108.15999999999997,189.54999999999995,xml_geometry_csv_action
BootPass_96,228,45,31,Position_Unknown,Team_Unknown,Action_PreSnap,1107.97,518.73,1190.31,725.28,82.33999999999992,206.54999999999995,xml_geometry_csv_action
BootPass_96,228,47,33,Position_Unknown,Team_Unknown,Action_PreSnap,1211.32,484.89,1284.77,674.66,73.45000000000005,189.76999999999998,xml_geometry_csv_action
BootPass_96,228,50,35,Position_Unknown,Team_Unknown,Action_PreSnap,884.81,479.71,962.44,654.08,77.63000000000011,174.37000000000006,xml_geometry_csv_action
BootPass_96,228,52,37,Position_Unknown,Team_Unknown,Action_PreSnap,940.51,467.36,1007.94,650.66,67.43000000000006,183.29999999999995,xml_geometry_csv_action
BootPass_96,229,40,28,Position_Unknown,Team_Unknown,Action_PreSnap,626.87,489.83,734.73,665.71,107.86000000000001,175.88000000000005,xml_geometry_csv_action
BootPass_96,229,45,31,Position_Unknown,Team_Unknown,Action_PreSnap,1098.27,511.63,1190.4,722.08,92.13000000000011,210.45000000000005,xml_geometry_csv_action
BootPass_96,229,47,33,Position_Unknown,Team_Unknown,Action_PreSnap,1202.98,479.06,1276.69,673.74,73.71000000000004,194.68,xml_geometry_csv_action
BootPass_96,229,50,35,Position_Unknown,Team_Unknown,Action_PreSnap,872.15,478.35,960.01,654.5,87.86000000000001,176.14999999999998,xml_geometry_csv_action
BootPass_96,229,52,37,Position_Unknown,Team_Unknown,Action_PreSnap,936.1,460.1,1008.49,636.44,72.38999999999999,176.34000000000003,xml_geometry_csv_action
BootPass_96,230,40,28,Position_Unknown,Team_Unknown,Action_PreSnap,615.08,484.89,726.71,659.45,111.63,174.56000000000006,xml_geometry_csv_action
BootPass_96,230,45,31,Position_Unknown,Team_Unknown,Action_PreSnap,1086.58,505.65,1187.21,712.07,100.63000000000011,206.42000000000007,xml_geometry_csv_action
BootPass_96,230,47,33,Position_Unknown,Team_Unknown,Action_PreSnap,1195.95,474.58,1270.43,667.78,74.48000000000002,193.2,xml_geometry_csv_action
BootPass_96,230,50,35,Position_Unknown,Team_Unknown,Action_PreSnap,860.37,472.93,956.43,652.93,96.05999999999995,179.99999999999994,xml_geometry_csv_action
BootPass_96,230,52,37,Position_Unknown,Team_Unknown,Action_PreSnap,933.03,456.57,1007.21,632.77,74.18000000000006,176.2,xml_geometry_csv_action
BootPass_96,230,53,38,Position_Unknown,Team_Unknown,Action_PreSnap,1828.38,535.4,1918.67,736.47,90.28999999999996,201.07000000000005,xml_geometry_csv_action
BootPass_96,231,40,28,Position_Unknown,Team_Unknown,Action_PreSnap,608.19,482.69,715.06,656.88,106.86999999999989,174.19,xml_geometry_csv_action
BootPass_96,231,45,31,Position_Unknown,Team_Unknown,Action_PreSnap,1074.2,501.17,1180.27,697.4,106.06999999999994,196.22999999999996,xml_geometry_csv_action
BootPass_96,231,47,33,Position_Unknown,Team_Unknown,Action_PreSnap,1189.13,470.05,1264.7,653.76,75.56999999999994,183.70999999999998,xml_geometry_csv_action
BootPass_96,231,50,35,Position_Unknown,Team_Unknown,Action_PreSnap,859.09,467.4,950.82,649.73,91.73000000000002,182.33000000000004,xml_geometry_csv_action
BootPass_96,231,52,37,Position_Unknown,Team_Unknown,Action_PreSnap,933.38,454.05,1008.25,631.24,74.87,177.19,xml_geometry_csv_action
BootPass_96,231,53,38,Position_Unknown,Team_Unknown,Action_PreSnap,1811.34,532.9,1918.45,734.16,107.11000000000013,201.26,xml_geometry_csv_action
BootPass_96,231,55,39,Position_Unknown,Team_Unknown,Action_PreSnap,682.2,447.33,791.54,599.82,109.33999999999992,152.49000000000007,xml_geometry_csv_action
BootPass_96,232,40,28,Position_Unknown,Team_Unknown,Action_PreSnap,604.37,478.1,704.72,654.58,100.35000000000002,176.48000000000002,xml_geometry_csv_action
BootPass_96,232,45,31,Position_Unknown,Team_Unknown,Action_PreSnap,1060.04,497.0,1172.97,693.24,112.93000000000006,196.24,xml_geometry_csv_action
BootPass_96,232,47,33,Position_Unknown,Team_Unknown,Action_PreSnap,1179.18,465.57,1255.59,648.89,76.40999999999985,183.32,xml_geometry_csv_action
BootPass_96,232,50,35,Position_Unknown,Team_Unknown,Action_PreSnap,863.26,461.0,946.06,639.7,82.79999999999995,178.70000000000005,xml_geometry_csv_action
BootPass_96,232,52,37,Position_Unknown,Team_Unknown,Action_PreSnap,932.74,450.94,1014.82,629.76,82.08000000000004,178.82,xml_geometry_csv_action
BootPass_96,232,53,38,Position_Unknown,Team_Unknown,Action_PreSnap,1792.0,531.48,1918.1,736.57,126.09999999999991,205.09000000000003,xml_geometry_csv_action
BootPass_96,232,55,39,Position_Unknown,Team_Unknown,Action_PreSnap,680.81,442.89,784.79,595.95,103.98000000000002,153.06000000000006,xml_geometry_csv_action
BootPass_96,233,40,28,Position_Unknown,Team_Unknown,Action_PreSnap,600.69,474.6,699.65,656.12,98.95999999999992,181.51999999999998,xml_geometry_csv_action
BootPass_96,233,45,31,Position_Unknown,Team_Unknown,Action_PreSnap,1049.56,495.31,1167.56,696.79,118.0,201.47999999999996,xml_geometry_csv_action
BootPass_96,233,47,33,Position_Unknown,Team_Unknown,Action_PreSnap,1172.44,463.61,1248.93,648.27,76.49000000000001,184.65999999999997,xml_geometry_csv_action
BootPass_96,233,50,35,Position_Unknown,Team_Unknown,Action_PreSnap,866.61,455.87,944.96,632.38,78.35000000000002,176.51,xml_geometry_csv_action
BootPass_96,233,52,37,Position_Unknown,Team_Unknown,Action_PreSnap,932.84,446.54,1022.91,629.98,90.06999999999994,183.44,xml_geometry_csv_action
BootPass_96,233,53,38,Position_Unknown,Team_Unknown,Action_PreSnap,1771.83,530.98,1913.28,738.65,141.45000000000005,207.66999999999996,xml_geometry_csv_action
BootPass_96,233,55,39,Position_Unknown,Team_Unknown,Action_PreSnap,684.01,443.07,782.18,597.51,98.16999999999996,154.44,xml_geometry_csv_action
BootPass_96,234,40,28,Position_Unknown,Team_Unknown,Action_PreSnap,594.97,468.65,695.08,656.41,100.11000000000001,187.76,xml_geometry_csv_action
BootPass_96,234,45,31,Position_Unknown,Team_Unknown,Action_PreSnap,1061.7,493.25,1165.2,696.97,103.5,203.72000000000003,xml_geometry_csv_action
BootPass_96,234,47,33,Position_Unknown,Team_Unknown,Action_PreSnap,1168.92,460.81,1251.59,647.09,82.66999999999985,186.28000000000003,xml_geometry_csv_action
BootPass_96,234,50,35,Position_Unknown,Team_Unknown,Action_PreSnap,866.06,447.9,946.25,631.24,80.19000000000005,183.34000000000003,xml_geometry_csv_action
BootPass_96,234,52,37,Position_Unknown,Team_Unknown,Action_PreSnap,936.19,440.91,1028.45,626.6,92.25999999999999,185.69,xml_geometry_csv_action
BootPass_96,234,53,38,Position_Unknown,Team_Unknown,Action_PreSnap,1760.22,528.58,1893.27,739.55,133.04999999999995,210.9699999999999,xml_geometry_csv_action
BootPass_96,234,55,39,Position_Unknown,Team_Unknown,Action_PreSnap,689.39,437.93,784.75,595.63,95.36000000000001,157.7,xml_geometry_csv_action
BootPass_96,235,40,28,Position_Unknown,Team_Unknown,Action_PreSnap,589.54,462.54,691.5,647.41,101.96000000000004,184.86999999999995,xml_geometry_csv_action
BootPass_96,235,45,31,Position_Unknown,Team_Unknown,Action_PreSnap,1071.94,491.14,1163.88,697.27,91.94000000000005,206.13,xml_geometry_csv_action
BootPass_96,235,47,33,Position_Unknown,Team_Unknown,Action_PreSnap,1164.57,456.81,1258.15,644.48,93.58000000000015,187.67000000000002,xml_geometry_csv_action
BootPass_96,235,50,35,Position_Unknown,Team_Unknown,Action_PreSnap,864.97,443.66,946.21,632.75,81.24000000000001,189.08999999999997,xml_geometry_csv_action
BootPass_96,235,52,37,Position_Unknown,Team_Unknown,Action_PreSnap,940.6,436.44,1029.07,615.82,88.46999999999991,179.38000000000005,xml_geometry_csv_action
BootPass_96,235,53,38,Position_Unknown,Team_Unknown,Action_PreSnap,1748.61,525.46,1875.68,739.28,127.07000000000016,213.81999999999994,xml_geometry_csv_action
BootPass_96,235,55,39,Position_Unknown,Team_Unknown,Action_PreSnap,695.77,432.31,784.91,594.05,89.13999999999999,161.73999999999995,xml_geometry_csv_action
BootPass_96,235,56,40,Position_Unknown,Team_Unknown,Action_PreSnap,0.1,891.6,45.69,1078.72,45.589999999999996,187.12,xml_geometry_csv_action
BootPass_96,236,40,28,Position_Unknown,Team_Unknown,Action_PreSnap,589.48,458.06,688.59,634.61,99.11000000000001,176.55,xml_geometry_csv_action
BootPass_96,236,45,31,Position_Unknown,Team_Unknown,Action_PreSnap,1079.49,487.47,1163.95,695.62,84.46000000000004,208.14999999999998,xml_geometry_csv_action
BootPass_96,236,47,33,Position_Unknown,Team_Unknown,Action_PreSnap,1162.64,453.02,1262.49,643.53,99.84999999999991,190.51,xml_geometry_csv_action
BootPass_96,236,50,35,Position_Unknown,Team_Unknown,Action_PreSnap,866.91,442.28,949.68,633.06,82.76999999999998,190.77999999999997,xml_geometry_csv_action
BootPass_96,236,52,37,Position_Unknown,Team_Unknown,Action_PreSnap,945.27,432.72,1026.02,609.71,80.75,176.99,xml_geometry_csv_action
BootPass_96,236,53,38,Position_Unknown,Team_Unknown,Action_PreSnap,1742.7,521.51,1859.44,738.79,116.74000000000001,217.27999999999997,xml_geometry_csv_action
BootPass_96,236,55,39,Position_Unknown,Team_Unknown,Action_PreSnap,702.79,428.96,789.05,595.28,86.25999999999999,166.32,xml_geometry_csv_action
BootPass_96,236,56,40,Position_Unknown,Team_Unknown,Action_PreSnap,0.55,883.21,50.4,1078.71,49.85,195.5,xml_geometry_csv_action
BootPass_96,237,40,28,Position_Unknown,Team_Unknown,Action_PreSnap,587.01,453.29,687.72,629.71,100.71000000000004,176.42000000000002,xml_geometry_csv_action
BootPass_96,237,45,31,Position_Unknown,Team_Unknown,Action_PreSnap,1075.46,482.55,1164.4,692.62,88.94000000000005,210.07,xml_geometry_csv_action
BootPass_96,237,47,33,Position_Unknown,Team_Unknown,Action_PreSnap,1161.34,448.24,1262.13,639.48,100.79000000000019,191.24,xml_geometry_csv_action
BootPass_96,237,50,35,Position_Unknown,Team_Unknown,Action_PreSnap,869.2,440.61,954.31,632.62,85.1099999999999,192.01,xml_geometry_csv_action
BootPass_96,237,52,37,Position_Unknown,Team_Unknown,Action_PreSnap,947.95,429.12,1026.04,607.43,78.08999999999992,178.30999999999995,xml_geometry_csv_action
BootPass_96,237,53,38,Position_Unknown,Team_Unknown,Action_PreSnap,1742.2,515.59,1849.15,738.82,106.95000000000005,223.23000000000002,xml_geometry_csv_action
BootPass_96,237,55,39,Position_Unknown,Team_Unknown,Action_PreSnap,708.3,426.13,801.23,597.6,92.93000000000006,171.47000000000003,xml_geometry_csv_action
BootPass_96,238,40,28,Position_Unknown,Team_Unknown,Action_PreSnap,587.02,451.61,687.34,630.28,100.32000000000005,178.66999999999996,xml_geometry_csv_action
BootPass_96,238,45,31,Position_Unknown,Team_Unknown,Action_PreSnap,1067.74,479.57,1166.0,690.71,98.25999999999999,211.14000000000004,xml_geometry_csv_action
BootPass_96,238,47,33,Position_Unknown,Team_Unknown,Action_PreSnap,1159.55,444.8,1258.62,627.0,99.06999999999994,182.2,xml_geometry_csv_action
BootPass_96,238,50,35,Position_Unknown,Team_Unknown,Action_PreSnap,875.48,439.49,958.71,630.35,83.23000000000002,190.86,xml_geometry_csv_action
BootPass_96,238,52,37,Position_Unknown,Team_Unknown,Action_PreSnap,954.16,427.89,1030.82,609.1,76.65999999999997,181.21000000000004,xml_geometry_csv_action
BootPass_96,238,53,38,Position_Unknown,Team_Unknown,Action_PreSnap,1739.92,513.31,1844.41,738.07,104.49000000000001,224.7600000000001,xml_geometry_csv_action
BootPass_96,238,55,39,Position_Unknown,Team_Unknown,Action_PreSnap,714.03,423.95,814.86,599.04,100.83000000000004,175.08999999999997,xml_geometry_csv_action
BootPass_96,239,40,28,Position_Unknown,Team_Unknown,Action_PreSnap,586.93,452.15,690.57,633.51,103.6400000000001,181.36,xml_geometry_csv_action
BootPass_96,239,45,31,Position_Unknown,Team_Unknown,Action_PreSnap,1072.36,478.81,1167.02,680.49,94.66000000000008,201.68,xml_geometry_csv_action
BootPass_96,239,47,33,Position_Unknown,Team_Unknown,Action_PreSnap,1156.64,443.93,1251.86,623.19,95.2199999999998,179.26000000000005,xml_geometry_csv_action
BootPass_96,239,50,35,Position_Unknown,Team_Unknown,Action_PreSnap,884.33,438.78,962.9,627.26,78.56999999999994,188.48000000000002,xml_geometry_csv_action
BootPass_96,239,52,37,Position_Unknown,Team_Unknown,Action_PreSnap,957.74,426.72,1034.47,611.4,76.73000000000002,184.67999999999995,xml_geometry_csv_action
BootPass_96,239,53,38,Position_Unknown,Team_Unknown,Action_PreSnap,1735.31,512.35,1841.96,733.93,106.65000000000009,221.57999999999993,xml_geometry_csv_action
BootPass_96,239,55,39,Position_Unknown,Team_Unknown,Action_PreSnap,717.1,421.52,827.37,599.0,110.26999999999998,177.48000000000002,xml_geometry_csv_action
BootPass_96,240,40,28,Position_Unknown,Team_Unknown,Action_PreSnap,587.82,454.01,695.02,638.06,107.19999999999993,184.04999999999995,xml_geometry_csv_action
BootPass_96,240,45,31,Position_Unknown,Team_Unknown,Action_PreSnap,1085.65,480.01,1168.54,676.31,82.88999999999987,196.29999999999995,xml_geometry_csv_action
BootPass_96,240,47,33,Position_Unknown,Team_Unknown,Action_PreSnap,1155.93,446.1,1242.84,626.41,86.90999999999985,180.30999999999995,xml_geometry_csv_action
BootPass_96,240,50,35,Position_Unknown,Team_Unknown,Action_PreSnap,890.71,439.35,966.36,619.96,75.64999999999998,180.61,xml_geometry_csv_action
BootPass_96,240,52,37,Position_Unknown,Team_Unknown,Action_PreSnap,963.75,425.18,1036.76,615.06,73.00999999999999,189.87999999999994,xml_geometry_csv_action
BootPass_96,240,53,38,Position_Unknown,Team_Unknown,Action_PreSnap,1725.78,513.71,1835.91,725.76,110.13000000000011,212.04999999999995,xml_geometry_csv_action
BootPass_96,240,55,39,Position_Unknown,Team_Unknown,Action_PreSnap,726.96,419.04,842.96,589.6,116.0,170.56,xml_geometry_csv_action
BootPass_96,241,40,28,Position_Unknown,Team_Unknown,Action_PreSnap,590.8,453.55,700.66,641.78,109.86000000000001,188.22999999999996,xml_geometry_csv_action
BootPass_96,241,45,31,Position_Unknown,Team_Unknown,Action_PreSnap,1090.41,482.56,1170.99,680.74,80.57999999999993,198.18,xml_geometry_csv_action
BootPass_96,241,47,33,Position_Unknown,Team_Unknown,Action_PreSnap,1155.93,448.3,1237.36,631.48,81.42999999999984,183.18,xml_geometry_csv_action
BootPass_96,241,50,35,Position_Unknown,Team_Unknown,Action_PreSnap,894.64,441.11,971.44,624.14,76.80000000000007,183.02999999999997,xml_geometry_csv_action
BootPass_96,241,52,37,Position_Unknown,Team_Unknown,Action_PreSnap,970.61,424.95,1042.25,614.94,71.63999999999999,189.99000000000007,xml_geometry_csv_action
BootPass_96,241,53,38,Position_Unknown,Team_Unknown,Action_PreSnap,1716.01,516.78,1830.13,725.27,114.12000000000012,208.49,xml_geometry_csv_action
BootPass_96,241,55,39,Position_Unknown,Team_Unknown,Action_PreSnap,744.22,417.87,862.75,589.0,118.52999999999997,171.13,xml_geometry_csv_action
BootPass_96,242,40,28,Position_Unknown,Team_Unknown,Action_PreSnap,600.48,454.44,707.84,641.23,107.36000000000001,186.79000000000002,xml_geometry_csv_action
BootPass_96,242,45,31,Position_Unknown,Team_Unknown,Action_PreSnap,1098.25,486.4,1176.37,686.77,78.11999999999989,200.37,xml_geometry_csv_action
BootPass_96,242,47,33,Position_Unknown,Team_Unknown,Action_PreSnap,1159.43,450.68,1237.13,636.56,77.70000000000005,185.87999999999994,xml_geometry_csv_action
BootPass_96,242,50,35,Position_Unknown,Team_Unknown,Action_PreSnap,898.59,444.21,980.45,629.96,81.86000000000001,185.75000000000006,xml_geometry_csv_action
BootPass_96,242,52,37,Position_Unknown,Team_Unknown,Action_PreSnap,977.5,426.63,1050.18,605.21,72.68000000000006,178.58000000000004,xml_geometry_csv_action
BootPass_96,242,53,38,Position_Unknown,Team_Unknown,Action_PreSnap,1709.37,521.32,1822.39,731.77,113.02000000000021,210.44999999999993,xml_geometry_csv_action
BootPass_96,242,55,39,Position_Unknown,Team_Unknown,Action_PreSnap,760.1,418.84,874.14,596.64,114.03999999999996,177.8,xml_geometry_csv_action
BootPass_96,243,40,28,Position_Unknown,Team_Unknown,Action_PreSnap,614.87,453.22,717.71,630.15,102.84000000000003,176.92999999999995,xml_geometry_csv_action
BootPass_96,243,45,31,Position_Unknown,Team_Unknown,Action_PreSnap,1107.97,487.93,1185.05,691.4,77.07999999999993,203.46999999999997,xml_geometry_csv_action
BootPass_96,243,47,33,Position_Unknown,Team_Unknown,Action_PreSnap,1165.61,450.42,1241.75,640.32,76.1400000000001,189.90000000000003,xml_geometry_csv_action
BootPass_96,243,50,35,Position_Unknown,Team_Unknown,Action_PreSnap,908.65,443.76,990.53,633.96,81.88,190.20000000000005,xml_geometry_csv_action
BootPass_96,243,52,37,Position_Unknown,Team_Unknown,Action_PreSnap,986.84,427.28,1061.46,605.04,74.62,177.76,xml_geometry_csv_action
BootPass_96,243,53,38,Position_Unknown,Team_Unknown,Action_PreSnap,1704.08,524.33,1814.24,737.88,110.16000000000008,213.54999999999995,xml_geometry_csv_action
BootPass_96,243,55,39,Position_Unknown,Team_Unknown,Action_PreSnap,772.31,418.26,885.03,599.96,112.72000000000003,181.70000000000005,xml_geometry_csv_action
BootPass_96,244,40,28,Position_Unknown,Team_Unknown,Action_PreSnap,618.02,451.95,718.9,624.91,100.88,172.95999999999998,xml_geometry_csv_action
BootPass_96,244,45,31,Position_Unknown,Team_Unknown,Action_PreSnap,1109.27,487.57,1185.8,692.17,76.52999999999997,204.59999999999997,xml_geometry_csv_action
BootPass_96,244,47,33,Position_Unknown,Team_Unknown,Action_PreSnap,1165.6,449.33,1241.14,640.67,75.54000000000019,191.33999999999997,xml_geometry_csv_action
BootPass_96,244,50,35,Position_Unknown,Team_Unknown,Action_PreSnap,909.72,442.73,991.5,634.33,81.77999999999997,191.60000000000002,xml_geometry_csv_action
BootPass_96,244,52,37,Position_Unknown,Team_Unknown,Action_PreSnap,987.89,426.65,1062.96,603.87,75.07000000000005,177.22000000000003,xml_geometry_csv_action
BootPass_96,244,53,38,Position_Unknown,Team_Unknown,Action_PreSnap,1700.22,524.48,1808.69,738.76,108.47000000000003,214.27999999999997,xml_geometry_csv_action
BootPass_96,244,55,39,Position_Unknown,Team_Unknown,Action_PreSnap,774.36,417.25,886.24,599.84,111.88,182.59000000000003,xml_geometry_csv_action
BootPass_96,245,40,28,Position_Unknown,Team_Unknown,Action_PreSnap,628.49,455.54,734.68,633.9,106.18999999999994,178.35999999999996,xml_geometry_csv_action
BootPass_96,245,45,31,Position_Unknown,Team_Unknown,Action_PreSnap,1124.77,489.27,1201.64,699.65,76.87000000000012,210.38,xml_geometry_csv_action
BootPass_96,245,47,33,Position_Unknown,Team_Unknown,Action_PreSnap,1180.56,451.85,1253.92,641.5,73.36000000000013,189.64999999999998,xml_geometry_csv_action
BootPass_96,245,50,35,Position_Unknown,Team_Unknown,Action_PreSnap,920.67,443.28,1003.75,640.56,83.08000000000004,197.27999999999997,xml_geometry_csv_action
BootPass_96,245,52,37,Position_Unknown,Team_Unknown,Action_PreSnap,1008.14,432.03,1084.48,612.91,76.34000000000003,180.88,xml_geometry_csv_action
BootPass_96,245,53,38,Position_Unknown,Team_Unknown,Action_PreSnap,1699.47,531.3,1798.05,749.68,98.57999999999993,218.38,xml_geometry_csv_action
BootPass_96,245,55,39,Position_Unknown,Team_Unknown,Action_PreSnap,799.57,417.57,898.62,605.16,99.04999999999995,187.58999999999997,xml_geometry_csv_action
BootPass_96,246,40,28,Position_Unknown,Team_Unknown,Action_PreSnap,634.04,455.8,740.66,638.54,106.62,182.73999999999995,xml_geometry_csv_action
BootPass_96,246,45,31,Position_Unknown,Team_Unknown,Action_PreSnap,1133.94,489.18,1212.59,702.64,78.64999999999986,213.45999999999998,xml_geometry_csv_action
BootPass_96,246,47,33,Position_Unknown,Team_Unknown,Action_PreSnap,1186.62,450.03,1260.52,625.6,73.90000000000009,175.57000000000005,xml_geometry_csv_action
BootPass_96,246,50,35,Position_Unknown,Team_Unknown,Action_PreSnap,929.36,441.55,1011.31,629.72,81.94999999999993,188.17000000000002,xml_geometry_csv_action
BootPass_96,246,52,37,Position_Unknown,Team_Unknown,Action_PreSnap,1016.78,431.41,1096.44,617.92,79.66000000000008,186.50999999999993,xml_geometry_csv_action
BootPass_96,246,53,38,Position_Unknown,Team_Unknown,Action_PreSnap,1696.06,531.32,1788.97,754.76,92.91000000000008,223.43999999999994,xml_geometry_csv_action
BootPass_96,246,55,39,Position_Unknown,Team_Unknown,Action_PreSnap,818.82,414.74,906.28,591.1,87.45999999999992,176.36,xml_geometry_csv_action
BootPass_96,247,40,28,Position_Unknown,Team_Unknown,Action_PreSnap,638.0,454.7,745.64,642.29,107.63999999999999,187.58999999999997,xml_geometry_csv_action
BootPass_96,247,45,31,Position_Unknown,Team_Unknown,Action_PreSnap,1142.61,489.46,1221.2,698.17,78.59000000000015,208.70999999999998,xml_geometry_csv_action
BootPass_96,247,47,33,Position_Unknown,Team_Unknown,Action_PreSnap,1191.21,450.67,1265.9,611.01,74.69000000000005,160.33999999999997,xml_geometry_csv_action
BootPass_96,247,50,35,Position_Unknown,Team_Unknown,Action_PreSnap,938.42,440.16,1018.53,627.76,80.11000000000001,187.59999999999997,xml_geometry_csv_action
BootPass_96,247,52,37,Position_Unknown,Team_Unknown,Action_PreSnap,1023.41,427.55,1108.85,619.91,85.43999999999994,192.35999999999996,xml_geometry_csv_action
BootPass_96,247,53,38,Position_Unknown,Team_Unknown,Action_PreSnap,1692.97,530.38,1788.17,759.03,95.20000000000005,228.64999999999998,xml_geometry_csv_action
BootPass_96,247,55,39,Position_Unknown,Team_Unknown,Action_PreSnap,832.46,413.17,914.45,589.05,81.99000000000001,175.87999999999994,xml_geometry_csv_action
BootPass_96,248,40,28,Position_Unknown,Team_Unknown,Action_PreSnap,643.78,454.72,751.42,647.34,107.63999999999999,192.62,xml_geometry_csv_action
BootPass_96,248,45,31,Position_Unknown,Team_Unknown,Action_PreSnap,1147.08,491.67,1227.29,691.39,80.21000000000004,199.71999999999997,xml_geometry_csv_action
BootPass_96,248,47,33,Position_Unknown,Team_Unknown,Action_PreSnap,1198.26,452.25,1271.94,612.92,73.68000000000006,160.66999999999996,xml_geometry_csv_action
BootPass_96,248,50,35,Position_Unknown,Team_Unknown,Action_PreSnap,943.87,441.12,1024.87,632.4,80.99999999999989,191.27999999999997,xml_geometry_csv_action
BootPass_96,248,52,37,Position_Unknown,Team_Unknown,Action_PreSnap,1027.9,426.7,1117.64,621.25,89.74000000000001,194.55,xml_geometry_csv_action
BootPass_96,248,53,38,Position_Unknown,Team_Unknown,Action_PreSnap,1688.61,531.58,1789.7,763.38,101.09000000000015,231.79999999999995,xml_geometry_csv_action
BootPass_96,248,55,39,Position_Unknown,Team_Unknown,Action_PreSnap,844.48,414.25,923.83,593.3,79.35000000000002,179.04999999999995,xml_geometry_csv_action
BootPass_96,249,40,28,Position_Unknown,Team_Unknown,Action_PreSnap,653.49,454.58,757.03,650.26,103.53999999999996,195.68,xml_geometry_csv_action
BootPass_96,249,45,31,Position_Unknown,Team_Unknown,Action_PreSnap,1147.09,496.61,1234.5,692.91,87.41000000000008,196.29999999999995,xml_geometry_csv_action
BootPass_96,249,47,33,Position_Unknown,Team_Unknown,Action_PreSnap,1200.91,454.65,1278.01,615.63,77.09999999999991,160.98000000000002,xml_geometry_csv_action
BootPass_96,249,50,35,Position_Unknown,Team_Unknown,Action_PreSnap,949.47,442.96,1029.87,637.03,80.39999999999986,194.07,xml_geometry_csv_action
BootPass_96,249,52,37,Position_Unknown,Team_Unknown,Action_PreSnap,1030.46,426.47,1121.03,614.33,90.56999999999994,187.86,xml_geometry_csv_action
BootPass_96,249,53,38,Position_Unknown,Team_Unknown,Action_PreSnap,1680.04,533.83,1795.31,765.22,115.26999999999998,231.39,xml_geometry_csv_action
BootPass_96,249,55,39,Position_Unknown,Team_Unknown,Action_PreSnap,856.34,415.44,936.13,600.47,79.78999999999996,185.03000000000003,xml_geometry_csv_action
BootPass_96,250,40,28,Position_Unknown,Team_Unknown,Action_PreSnap,662.06,455.99,759.56,641.58,97.5,185.59000000000003,xml_geometry_csv_action
BootPass_96,250,45,31,Position_Unknown,Team_Unknown,Action_PreSnap,1149.45,503.37,1237.86,698.66,88.40999999999985,195.28999999999996,xml_geometry_csv_action
BootPass_96,250,47,33,Position_Unknown,Team_Unknown,Action_PreSnap,1201.28,456.31,1283.56,616.14,82.27999999999997,159.82999999999998,xml_geometry_csv_action
BootPass_96,250,50,35,Position_Unknown,Team_Unknown,Action_PreSnap,952.68,446.41,1031.76,643.8,79.08000000000004,197.38999999999993,xml_geometry_csv_action
BootPass_96,250,52,37,Position_Unknown,Team_Unknown,Action_PreSnap,1031.89,427.86,1118.89,614.78,87.0,186.91999999999996,xml_geometry_csv_action
BootPass_96,250,53,38,Position_Unknown,Team_Unknown,Action_PreSnap,1666.25,537.96,1795.56,761.08,129.30999999999995,223.12,xml_geometry_csv_action
BootPass_96,250,55,39,Position_Unknown,Team_Unknown,Action_PreSnap,867.65,418.71,944.33,607.48,76.68000000000006,188.77000000000004,xml_geometry_csv_action
BootPass_96,251,40,28,Position_Unknown,Team_Unknown,Action_PreSnap,666.35,458.12,761.54,642.0,95.18999999999994,183.88,xml_geometry_csv_action
BootPass_96,251,45,31,Position_Unknown,Team_Unknown,Action_PreSnap,1150.43,509.18,1240.39,706.8,89.96000000000004,197.61999999999995,xml_geometry_csv_action
BootPass_96,251,47,33,Position_Unknown,Team_Unknown,Action_PreSnap,1199.44,457.3,1285.88,621.9,86.44000000000005,164.59999999999997,xml_geometry_csv_action
BootPass_96,251,50,35,Position_Unknown,Team_Unknown,Action_PreSnap,954.45,447.74,1035.06,648.7,80.6099999999999,200.96000000000004,xml_geometry_csv_action
BootPass_96,251,52,37,Position_Unknown,Team_Unknown,Action_PreSnap,1032.92,428.62,1116.11,620.5,83.18999999999983,191.88,xml_geometry_csv_action
BootPass_96,251,53,38,Position_Unknown,Team_Unknown,Action_PreSnap,1651.99,541.82,1791.98,762.31,139.99,220.4899999999999,xml_geometry_csv_action
BootPass_96,251,55,39,Position_Unknown,Team_Unknown,Action_PreSnap,873.41,422.02,951.58,615.42,78.17000000000007,193.39999999999998,xml_geometry_csv_action
BootPass_96,252,40,28,Position_Unknown,Team_Unknown,Action_PreSnap,671.81,461.35,763.15,645.7,91.34000000000003,184.35000000000002,xml_geometry_csv_action
BootPass_96,252,45,31,Position_Unknown,Team_Unknown,Action_PreSnap,1151.58,509.18,1244.2,714.34,92.62000000000012,205.16000000000003,xml_geometry_csv_action
BootPass_96,252,47,33,Position_Unknown,Team_Unknown,Action_PreSnap,1200.34,457.21,1288.56,618.28,88.22000000000003,161.07,xml_geometry_csv_action
BootPass_96,252,50,35,Position_Unknown,Team_Unknown,Action_PreSnap,959.52,448.26,1038.33,650.73,78.80999999999995,202.47000000000003,xml_geometry_csv_action
BootPass_96,252,52,37,Position_Unknown,Team_Unknown,Action_PreSnap,1036.25,430.2,1116.65,627.73,80.40000000000009,197.53000000000003,xml_geometry_csv_action
BootPass_96,252,53,38,Position_Unknown,Team_Unknown,Action_PreSnap,1641.81,547.95,1786.0,770.49,144.19000000000005,222.53999999999996,xml_geometry_csv_action
BootPass_96,252,55,39,Position_Unknown,Team_Unknown,Action_PreSnap,883.77,422.34,959.11,619.09,75.34000000000003,196.75000000000006,xml_geometry_csv_action
BootPass_96,253,40,28,Position_Unknown,Team_Unknown,Action_PreSnap,676.67,463.42,767.03,650.63,90.36000000000001,187.20999999999998,xml_geometry_csv_action
BootPass_96,253,45,31,Position_Unknown,Team_Unknown,Action_PreSnap,1156.06,509.13,1250.29,719.16,94.23000000000002,210.02999999999997,xml_geometry_csv_action
BootPass_96,253,47,33,Position_Unknown,Team_Unknown,Action_PreSnap,1203.45,456.32,1292.94,617.0,89.49000000000001,160.68,xml_geometry_csv_action
BootPass_96,253,50,35,Position_Unknown,Team_Unknown,Action_PreSnap,966.76,447.59,1043.2,643.43,76.44000000000005,195.83999999999997,xml_geometry_csv_action
BootPass_96,253,52,37,Position_Unknown,Team_Unknown,Action_PreSnap,1039.95,429.64,1119.04,632.92,79.08999999999992,203.27999999999997,xml_geometry_csv_action
BootPass_96,253,53,38,Position_Unknown,Team_Unknown,Action_PreSnap,1635.13,553.37,1777.02,778.56,141.88999999999987,225.18999999999994,xml_geometry_csv_action
BootPass_96,253,55,39,Position_Unknown,Team_Unknown,Action_PreSnap,894.22,421.39,969.49,617.24,75.26999999999998,195.85000000000002,xml_geometry_csv_action
BootPass_96,254,40,28,Position_Unknown,Team_Unknown,Action_PreSnap,682.19,462.12,777.8,654.99,95.6099999999999,192.87,xml_geometry_csv_action
BootPass_96,254,45,31,Position_Unknown,Team_Unknown,Action_PreSnap,1157.53,506.13,1261.65,723.35,104.12000000000012,217.22000000000003,xml_geometry_csv_action
BootPass_96,254,47,33,Position_Unknown,Team_Unknown,Action_PreSnap,1213.07,454.81,1300.7,614.98,87.63000000000011,160.17000000000002,xml_geometry_csv_action
BootPass_96,254,50,35,Position_Unknown,Team_Unknown,Action_PreSnap,976.22,445.5,1051.12,638.27,74.89999999999986,192.76999999999998,xml_geometry_csv_action
BootPass_96,254,52,37,Position_Unknown,Team_Unknown,Action_PreSnap,1043.94,427.09,1124.8,634.09,80.8599999999999,207.00000000000006,xml_geometry_csv_action
BootPass_96,254,53,38,Position_Unknown,Team_Unknown,Action_PreSnap,1628.72,557.62,1769.46,785.77,140.74,228.14999999999998,xml_geometry_csv_action
BootPass_96,254,55,39,Position_Unknown,Team_Unknown,Action_PreSnap,909.03,420.13,982.37,606.33,73.34000000000003,186.20000000000005,xml_geometry_csv_action
BootPass_96,255,40,28,Position_Unknown,Team_Unknown,Action_PreSnap,689.14,460.57,787.54,659.89,98.39999999999998,199.32,xml_geometry_csv_action
BootPass_96,255,45,31,Position_Unknown,Team_Unknown,Action_PreSnap,1167.77,502.59,1267.58,727.8,99.80999999999995,225.20999999999998,xml_geometry_csv_action
BootPass_96,255,47,33,Position_Unknown,Team_Unknown,Action_PreSnap,1222.04,454.35,1305.33,626.82,83.28999999999996,172.47000000000003,xml_geometry_csv_action
BootPass_96,255,50,35,Position_Unknown,Team_Unknown,Action_PreSnap,982.65,444.19,1060.11,643.82,77.45999999999992,199.63000000000005,xml_geometry_csv_action
BootPass_96,255,52,37,Position_Unknown,Team_Unknown,Action_PreSnap,1051.18,426.03,1131.45,633.9,80.26999999999998,207.87,xml_geometry_csv_action
BootPass_96,255,53,38,Position_Unknown,Team_Unknown,Action_PreSnap,1622.65,561.12,1757.75,794.06,135.0999999999999,232.93999999999994,xml_geometry_csv_action
BootPass_96,255,55,39,Position_Unknown,Team_Unknown,Action_PreSnap,921.71,419.43,993.56,608.4,71.84999999999991,188.96999999999997,xml_geometry_csv_action
BootPass_96,256,40,28,Position_Unknown,Team_Unknown,Action_PreSnap,687.29,459.15,791.92,664.12,104.63,204.97000000000003,xml_geometry_csv_action
BootPass_96,256,45,31,Position_Unknown,Team_Unknown,Action_PreSnap,1177.02,502.91,1272.96,727.97,95.94000000000005,225.06,xml_geometry_csv_action
BootPass_96,256,47,33,Position_Unknown,Team_Unknown,Action_PreSnap,1225.01,455.7,1304.77,630.63,79.75999999999999,174.93,xml_geometry_csv_action
BootPass_96,256,50,35,Position_Unknown,Team_Unknown,Action_PreSnap,980.55,445.08,1063.15,649.23,82.60000000000014,204.15000000000003,xml_geometry_csv_action
BootPass_96,256,52,37,Position_Unknown,Team_Unknown,Action_PreSnap,1053.64,427.01,1132.32,625.67,78.67999999999984,198.65999999999997,xml_geometry_csv_action
BootPass_96,256,53,38,Position_Unknown,Team_Unknown,Action_PreSnap,1614.57,564.42,1739.54,801.88,124.97000000000003,237.46000000000004,xml_geometry_csv_action
BootPass_96,256,55,39,Position_Unknown,Team_Unknown,Action_PreSnap,928.97,420.43,999.33,610.38,70.36000000000001,189.95,xml_geometry_csv_action
BootPass_96,257,40,28,Position_Unknown,Team_Unknown,Action_PreSnap,686.24,458.26,796.44,663.67,110.20000000000005,205.40999999999997,xml_geometry_csv_action
BootPass_96,257,45,31,Position_Unknown,Team_Unknown,Action_PreSnap,1181.8,500.71,1276.71,722.93,94.91000000000008,222.21999999999997,xml_geometry_csv_action
BootPass_96,257,47,33,Position_Unknown,Team_Unknown,Action_PreSnap,1225.28,454.69,1305.7,627.06,80.42000000000007,172.36999999999995,xml_geometry_csv_action
BootPass_96,257,50,35,Position_Unknown,Team_Unknown,Action_PreSnap,984.48,443.83,1064.94,655.11,80.46000000000004,211.28000000000003,xml_geometry_csv_action
BootPass_96,257,52,37,Position_Unknown,Team_Unknown,Action_PreSnap,1054.82,426.69,1132.92,627.82,78.10000000000014,201.13000000000005,xml_geometry_csv_action
BootPass_96,257,53,38,Position_Unknown,Team_Unknown,Action_PreSnap,1609.97,564.36,1724.18,808.8,114.21000000000004,244.43999999999994,xml_geometry_csv_action
BootPass_96,257,55,39,Position_Unknown,Team_Unknown,Action_PreSnap,932.94,419.87,1003.65,618.59,70.70999999999992,198.72000000000003,xml_geometry_csv_action
BootPass_96,258,40,28,Position_Unknown,Team_Unknown,Action_PreSnap,690.67,458.14,803.31,659.12,112.63999999999999,200.98000000000002,xml_geometry_csv_action
BootPass_96,258,45,31,Position_Unknown,Team_Unknown,Action_PreSnap,1188.0,499.71,1280.66,717.94,92.66000000000008,218.23000000000008,xml_geometry_csv_action
BootPass_96,258,47,33,Position_Unknown,Team_Unknown,Action_PreSnap,1227.46,453.43,1309.41,618.17,81.95000000000005,164.73999999999995,xml_geometry_csv_action
BootPass_96,258,50,35,Position_Unknown,Team_Unknown,Action_PreSnap,985.92,441.83,1066.34,657.59,80.41999999999996,215.76000000000005,xml_geometry_csv_action
BootPass_96,258,52,37,Position_Unknown,Team_Unknown,Action_PreSnap,1056.12,427.79,1139.41,633.84,83.29000000000019,206.05,xml_geometry_csv_action
BootPass_96,258,53,38,Position_Unknown,Team_Unknown,Action_PreSnap,1612.34,564.22,1719.17,813.3,106.83000000000015,249.07999999999993,xml_geometry_csv_action
BootPass_96,258,55,39,Position_Unknown,Team_Unknown,Action_PreSnap,937.76,418.81,1007.22,621.94,69.46000000000004,203.13000000000005,xml_geometry_csv_action
BootPass_96,259,40,28,Position_Unknown,Team_Unknown,Action_PreSnap,696.5,457.12,813.72,654.11,117.22000000000003,196.99,xml_geometry_csv_action
BootPass_96,259,45,31,Position_Unknown,Team_Unknown,Action_PreSnap,1195.51,502.47,1282.17,717.07,86.66000000000008,214.60000000000002,xml_geometry_csv_action
BootPass_96,259,47,33,Position_Unknown,Team_Unknown,Action_PreSnap,1227.22,448.0,1312.41,610.59,85.19000000000005,162.59000000000003,xml_geometry_csv_action
BootPass_96,259,50,35,Position_Unknown,Team_Unknown,Action_PreSnap,981.55,437.53,1068.57,657.94,87.01999999999998,220.41000000000008,xml_geometry_csv_action
BootPass_96,259,52,37,Position_Unknown,Team_Unknown,Action_PreSnap,1056.87,426.9,1150.88,637.29,94.01000000000022,210.39,xml_geometry_csv_action
BootPass_96,259,53,38,Position_Unknown,Team_Unknown,Action_PreSnap,1614.38,562.69,1716.59,814.45,102.20999999999981,251.76,xml_geometry_csv_action
BootPass_96,259,55,39,Position_Unknown,Team_Unknown,Action_PreSnap,942.9,414.28,1013.19,615.17,70.29000000000008,200.89,xml_geometry_csv_action
BootPass_96,260,40,28,Position_Unknown,Team_Unknown,Action_PreSnap,705.82,455.72,821.96,650.04,116.13999999999999,194.31999999999994,xml_geometry_csv_action
BootPass_96,260,45,31,Position_Unknown,Team_Unknown,Action_PreSnap,1199.19,499.65,1284.95,720.37,85.75999999999999,220.72000000000003,xml_geometry_csv_action
BootPass_96,260,47,33,Position_Unknown,Team_Unknown,Action_PreSnap,1232.25,442.23,1315.88,601.99,83.63000000000011,159.76,xml_geometry_csv_action
BootPass_96,260,50,35,Position_Unknown,Team_Unknown,Action_PreSnap,979.89,431.74,1069.79,647.27,89.89999999999998,215.52999999999997,xml_geometry_csv_action
BootPass_96,260,52,37,Position_Unknown,Team_Unknown,Action_PreSnap,1057.92,422.66,1162.49,635.3,104.56999999999994,212.63999999999993,xml_geometry_csv_action
BootPass_96,260,53,38,Position_Unknown,Team_Unknown,Action_PreSnap,1609.76,560.11,1714.39,810.54,104.63000000000011,250.42999999999995,xml_geometry_csv_action
BootPass_96,260,55,39,Position_Unknown,Team_Unknown,Action_PreSnap,949.99,409.02,1016.2,584.61,66.21000000000004,175.59000000000003,xml_geometry_csv_action
BootPass_96,261,40,28,Position_Unknown,Team_Unknown,Action_PreSnap,713.65,453.02,827.69,651.54,114.04000000000008,198.51999999999998,xml_geometry_csv_action
BootPass_96,261,45,31,Position_Unknown,Team_Unknown,Action_PreSnap,1202.26,497.63,1287.35,724.09,85.08999999999992,226.46000000000004,xml_geometry_csv_action
BootPass_96,261,47,33,Position_Unknown,Team_Unknown,Action_PreSnap,1233.41,436.13,1319.23,601.87,85.81999999999994,165.74,xml_geometry_csv_action
BootPass_96,261,50,35,Position_Unknown,Team_Unknown,Action_PreSnap,985.95,426.28,1072.69,633.78,86.74000000000001,207.5,xml_geometry_csv_action
BootPass_96,261,52,37,Position_Unknown,Team_Unknown,Action_PreSnap,1059.11,416.81,1170.14,633.9,111.0300000000002,217.08999999999997,xml_geometry_csv_action
BootPass_96,261,53,38,Position_Unknown,Team_Unknown,Action_PreSnap,1591.28,557.84,1710.55,802.66,119.26999999999998,244.81999999999994,xml_geometry_csv_action
BootPass_96,261,55,39,Position_Unknown,Team_Unknown,Action_PreSnap,955.91,404.35,1020.42,577.55,64.50999999999999,173.19999999999993,xml_geometry_csv_action
BootPass_96,262,40,28,Position_Unknown,Team_Unknown,Action_PreSnap,715.46,448.64,831.02,653.27,115.55999999999995,204.63,xml_geometry_csv_action
BootPass_96,262,45,31,Position_Unknown,Team_Unknown,Action_PreSnap,1205.91,495.56,1291.06,727.36,85.14999999999986,231.8,xml_geometry_csv_action
BootPass_96,262,47,33,Position_Unknown,Team_Unknown,Action_PreSnap,1235.99,431.72,1320.39,603.36,84.40000000000009,171.64,xml_geometry_csv_action
BootPass_96,262,50,35,Position_Unknown,Team_Unknown,Action_PreSnap,987.45,421.51,1074.56,626.0,87.1099999999999,204.49,xml_geometry_csv_action
BootPass_96,262,52,37,Position_Unknown,Team_Unknown,Action_PreSnap,1059.54,412.07,1170.1,622.9,110.55999999999995,210.82999999999998,xml_geometry_csv_action
BootPass_96,262,53,38,Position_Unknown,Team_Unknown,Action_PreSnap,1576.49,558.33,1703.73,799.69,127.24000000000001,241.36,xml_geometry_csv_action
BootPass_96,262,55,39,Position_Unknown,Team_Unknown,Action_PreSnap,961.4,399.88,1023.34,563.34,61.940000000000055,163.46000000000004,xml_geometry_csv_action
BootPass_96,263,40,28,Position_Unknown,Team_Unknown,Action_PreSnap,716.82,444.56,831.92,656.62,115.09999999999991,212.06,xml_geometry_csv_action
BootPass_96,263,45,31,Position_Unknown,Team_Unknown,Action_PreSnap,1206.3,496.32,1290.93,730.96,84.63000000000011,234.64000000000004,xml_geometry_csv_action
BootPass_96,263,47,33,Position_Unknown,Team_Unknown,Action_PreSnap,1235.11,429.87,1320.33,604.09,85.22000000000003,174.22000000000003,xml_geometry_csv_action
BootPass_96,263,50,35,Position_Unknown,Team_Unknown,Action_PreSnap,986.88,420.23,1072.06,629.06,85.17999999999995,208.82999999999993,xml_geometry_csv_action
BootPass_96,263,52,37,Position_Unknown,Team_Unknown,Action_PreSnap,1058.41,410.41,1157.72,619.95,99.30999999999995,209.54000000000002,xml_geometry_csv_action
BootPass_96,263,53,38,Position_Unknown,Team_Unknown,Action_PreSnap,1562.08,562.65,1694.92,808.71,132.84000000000015,246.06000000000006,xml_geometry_csv_action
BootPass_96,263,55,39,Position_Unknown,Team_Unknown,Action_PreSnap,964.92,398.0,1023.81,565.55,58.889999999999986,167.54999999999995,xml_geometry_csv_action
BootPass_96,264,40,28,Position_Unknown,Team_Unknown,Action_PreSnap,713.97,439.16,826.61,657.64,112.63999999999999,218.47999999999996,xml_geometry_csv_action
BootPass_96,264,45,31,Position_Unknown,Team_Unknown,Action_PreSnap,1206.51,494.94,1291.15,733.8,84.6400000000001,238.85999999999996,xml_geometry_csv_action
BootPass_96,264,47,33,Position_Unknown,Team_Unknown,Action_PreSnap,1232.73,428.2,1323.89,592.13,91.16000000000008,163.93,xml_geometry_csv_action
BootPass_96,264,50,35,Position_Unknown,Team_Unknown,Action_PreSnap,985.15,419.6,1069.81,634.25,84.65999999999997,214.64999999999998,xml_geometry_csv_action
BootPass_96,264,52,37,Position_Unknown,Team_Unknown,Action_PreSnap,1055.29,408.6,1145.43,622.69,90.1400000000001,214.09000000000003,xml_geometry_csv_action
BootPass_96,264,53,38,Position_Unknown,Team_Unknown,Action_PreSnap,1551.08,567.83,1685.16,815.34,134.08000000000015,247.51,xml_geometry_csv_action
BootPass_96,265,40,28,Position_Unknown,Team_Unknown,Action_PreSnap,713.53,434.49,822.16,659.73,108.63,225.24,xml_geometry_csv_action
BootPass_96,265,45,31,Position_Unknown,Team_Unknown,Action_PreSnap,1207.54,491.91,1293.44,736.78,85.90000000000009,244.86999999999995,xml_geometry_csv_action
BootPass_96,265,47,33,Position_Unknown,Team_Unknown,Action_PreSnap,1231.05,425.67,1326.76,586.74,95.71000000000004,161.07,xml_geometry_csv_action
BootPass_96,265,50,35,Position_Unknown,Team_Unknown,Action_PreSnap,982.71,420.42,1067.09,639.7,84.37999999999988,219.28000000000003,xml_geometry_csv_action
BootPass_96,265,52,37,Position_Unknown,Team_Unknown,Action_PreSnap,1052.54,406.51,1136.4,625.12,83.86000000000013,218.61,xml_geometry_csv_action
BootPass_96,265,53,38,Position_Unknown,Team_Unknown,Action_PreSnap,1549.53,572.78,1675.03,821.67,125.5,248.89,xml_geometry_csv_action
BootPass_96,266,40,28,Position_Unknown,Team_Unknown,Action_PreSnap,711.36,430.67,823.74,657.67,112.38,226.99999999999994,xml_geometry_csv_action
BootPass_96,266,45,31,Position_Unknown,Team_Unknown,Action_PreSnap,1208.02,488.58,1296.98,737.09,88.96000000000004,248.51000000000005,xml_geometry_csv_action
BootPass_96,266,47,33,Position_Unknown,Team_Unknown,Action_PreSnap,1232.82,422.94,1332.77,593.05,99.95000000000005,170.10999999999996,xml_geometry_csv_action
BootPass_96,266,50,35,Position_Unknown,Team_Unknown,Action_PreSnap,980.0,415.52,1066.52,643.79,86.51999999999998,228.26999999999998,xml_geometry_csv_action
BootPass_96,266,52,37,Position_Unknown,Team_Unknown,Action_PreSnap,1050.17,402.44,1130.28,628.3,80.1099999999999,225.85999999999996,xml_geometry_csv_action
BootPass_96,266,53,38,Position_Unknown,Team_Unknown,Action_PreSnap,1537.25,574.47,1663.73,828.62,126.48000000000002,254.14999999999998,xml_geometry_csv_action
BootPass_96,267,40,28,Position_Unknown,Team_Unknown,Action_PreSnap,708.85,426.1,826.52,653.61,117.66999999999996,227.51,xml_geometry_csv_action
BootPass_96,267,45,31,Position_Unknown,Team_Unknown,Action_PreSnap,1209.06,484.92,1302.38,732.41,93.32000000000016,247.48999999999995,xml_geometry_csv_action
BootPass_96,267,47,33,Position_Unknown,Team_Unknown,Action_PreSnap,1237.87,415.66,1340.14,590.05,102.27000000000021,174.38999999999993,xml_geometry_csv_action
BootPass_96,267,50,35,Position_Unknown,Team_Unknown,Action_PreSnap,983.17,408.2,1069.49,646.03,86.32000000000005,237.82999999999998,xml_geometry_csv_action
BootPass_96,267,52,37,Position_Unknown,Team_Unknown,Action_PreSnap,1050.17,394.74,1126.55,630.1,76.37999999999988,235.36,xml_geometry_csv_action
BootPass_96,267,53,38,Position_Unknown,Team_Unknown,Action_PreSnap,1525.95,573.45,1649.47,835.68,123.51999999999998,262.2299999999999,xml_geometry_csv_action
BootPass_96,268,40,28,Position_Unknown,Team_Unknown,Action_PreSnap,707.3,426.99,827.91,651.63,120.61000000000001,224.64,xml_geometry_csv_action
BootPass_96,268,44,30,Position_Unknown,Team_Unknown,Action_PreSnap,296.16,380.09,367.94,614.65,71.77999999999997,234.56,xml_geometry_csv_action
BootPass_96,268,45,31,Position_Unknown,Team_Unknown,Action_PreSnap,1209.58,486.97,1306.34,728.58,96.75999999999999,241.61,xml_geometry_csv_action
BootPass_96,268,47,33,Position_Unknown,Team_Unknown,Action_PreSnap,1242.27,414.99,1343.18,593.23,100.91000000000008,178.24,xml_geometry_csv_action
BootPass_96,268,50,35,Position_Unknown,Team_Unknown,Action_PreSnap,985.81,404.55,1070.86,648.7,85.04999999999995,244.15000000000003,xml_geometry_csv_action
BootPass_96,268,52,37,Position_Unknown,Team_Unknown,Action_PreSnap,1050.02,391.08,1123.48,624.83,73.46000000000004,233.75000000000006,xml_geometry_csv_action
BootPass_96,268,53,38,Position_Unknown,Team_Unknown,Action_PreSnap,1519.21,573.68,1637.48,844.05,118.26999999999998,270.37,xml_geometry_csv_action
BootPass_96,269,40,28,Position_Unknown,Team_Unknown,Action_PreSnap,705.77,430.62,828.58,654.27,122.81000000000006,223.64999999999998,xml_geometry_csv_action
BootPass_96,269,44,30,Position_Unknown,Team_Unknown,Action_PreSnap,283.94,377.74,357.2,612.92,73.25999999999999,235.17999999999995,xml_geometry_csv_action
BootPass_96,269,45,31,Position_Unknown,Team_Unknown,Action_PreSnap,1212.95,488.31,1310.12,731.28,97.16999999999985,242.96999999999997,xml_geometry_csv_action
BootPass_96,269,47,33,Position_Unknown,Team_Unknown,Action_PreSnap,1246.74,415.23,1347.53,596.61,100.78999999999996,181.38,xml_geometry_csv_action
BootPass_96,269,50,35,Position_Unknown,Team_Unknown,Action_PreSnap,986.99,401.34,1073.59,645.17,86.59999999999991,243.82999999999998,xml_geometry_csv_action
BootPass_96,269,52,37,Position_Unknown,Team_Unknown,Action_PreSnap,1052.87,389.97,1121.66,616.8,68.79000000000019,226.82999999999993,xml_geometry_csv_action
BootPass_96,269,53,38,Position_Unknown,Team_Unknown,Action_PreSnap,1513.03,574.51,1630.21,852.32,117.18000000000006,277.81000000000006,xml_geometry_csv_action
