video_name,frame,actor_track_id,xml_track_id,position,team_side,action,xtl,ytl,xbr,ybr,w,h,source
BootPass_106,0,0,0,Position_Unknown,Team_Unknown,Action_PreSnap,1403.74,762.69,1650.59,1079.0,246.8499999999999,316.30999999999995,xml_geometry_csv_action
BootPass_106,0,1,1,Position_Unknown,Team_Unknown,Action_PreSnap,852.94,201.68,984.67,479.34,131.7299999999999,277.65999999999997,xml_geometry_csv_action
BootPass_106,0,10,10,Position_Unknown,Team_Unknown,Action_PreSnap,831.68,647.59,987.2,952.41,155.5200000000001,304.81999999999994,xml_geometry_csv_action
BootPass_106,0,11,11,Position_Unknown,Team_Unknown,Action_PreSnap,809.44,494.86,943.03,800.75,133.58999999999992,305.89,xml_geometry_csv_action
BootPass_106,0,12,12,Position_Unknown,Team_Unknown,Action_PreSnap,687.68,499.47,831.01,769.26,143.33000000000004,269.78999999999996,xml_geometry_csv_action
BootPass_106,0,13,13,Position_Unknown,Team_Unknown,Action_PreSnap,626.41,495.43,762.98,640.85,136.57000000000005,145.42000000000002,xml_geometry_csv_action
BootPass_106,0,14,14,Position_Unknown,Team_Unknown,Action_PreSnap,905.43,487.27,1031.95,635.07,126.5200000000001,147.80000000000007,xml_geometry_csv_action
BootPass_106,0,2,2,Position_Unknown,Team_Unknown,Action_PreSnap,337.85,455.11,506.22,665.38,168.37,210.26999999999998,xml_geometry_csv_action
BootPass_106,0,3,3,Position_Unknown,Team_Unknown,Action_PreSnap,1113.09,188.03,1241.2,441.17,128.11000000000013,253.14000000000001,xml_geometry_csv_action
BootPass_106,0,4,4,Position_Unknown,Team_Unknown,Action_PreSnap,1333.6,428.26,1480.39,658.01,146.7900000000002,229.75,xml_geometry_csv_action
BootPass_106,0,5,5,Position_Unknown,Team_Unknown,Action_PreSnap,1100.26,464.78,1280.65,643.8,180.3900000000001,179.01999999999998,xml_geometry_csv_action
BootPass_106,0,6,6,Position_Unknown,Team_Unknown,Action_PreSnap,1143.25,616.62,1292.27,903.55,149.01999999999998,286.92999999999995,xml_geometry_csv_action
BootPass_106,0,7,7,Position_Unknown,Team_Unknown,Action_PreSnap,532.4,534.78,697.56,785.87,165.15999999999997,251.09000000000003,xml_geometry_csv_action
BootPass_106,0,8,8,Position_Unknown,Team_Unknown,Action_PreSnap,294.05,924.33,473.74,1079.0,179.69,154.66999999999996,xml_geometry_csv_action
BootPass_106,0,9,9,Position_Unknown,Team_Unknown,Action_PreSnap,977.87,498.28,1130.34,806.25,152.4699999999999,307.97,xml_geometry_csv_action
BootPass_106,1,0,0,Position_Unknown,Team_Unknown,Action_PreSnap,1405.28,767.37,1653.6,1079.08,248.31999999999994,311.7099999999999,xml_geometry_csv_action
BootPass_106,1,1,1,Position_Unknown,Team_Unknown,Action_PreSnap,853.49,202.55,984.75,480.45,131.26,277.9,xml_geometry_csv_action
BootPass_106,1,10,10,Position_Unknown,Team_Unknown,Action_PreSnap,816.04,647.74,984.76,952.88,168.72000000000003,305.14,xml_geometry_csv_action
BootPass_106,1,11,11,Position_Unknown,Team_Unknown,Action_PreSnap,811.68,494.96,948.21,800.84,136.5300000000001,305.88000000000005,xml_geometry_csv_action
BootPass_106,1,12,12,Position_Unknown,Team_Unknown,Action_PreSnap,681.98,497.98,831.47,769.91,149.49,271.92999999999995,xml_geometry_csv_action
BootPass_106,1,14,14,Position_Unknown,Team_Unknown,Action_PreSnap,907.1,487.45,1030.25,634.33,123.14999999999998,146.88000000000005,xml_geometry_csv_action
BootPass_106,1,2,2,Position_Unknown,Team_Unknown,Action_PreSnap,337.93,454.95,506.89,665.44,168.95999999999998,210.49000000000007,xml_geometry_csv_action
BootPass_106,1,3,3,Position_Unknown,Team_Unknown,Action_PreSnap,1113.98,189.21,1241.04,441.12,127.05999999999995,251.91,xml_geometry_csv_action
BootPass_106,1,4,4,Position_Unknown,Team_Unknown,Action_PreSnap,1334.38,428.49,1480.77,658.18,146.38999999999987,229.68999999999994,xml_geometry_csv_action
BootPass_106,1,5,5,Position_Unknown,Team_Unknown,Action_PreSnap,1099.95,465.33,1280.64,642.61,180.69000000000005,177.28000000000003,xml_geometry_csv_action
BootPass_106,1,6,6,Position_Unknown,Team_Unknown,Action_PreSnap,1144.88,616.95,1293.06,905.15,148.17999999999984,288.19999999999993,xml_geometry_csv_action
BootPass_106,1,7,7,Position_Unknown,Team_Unknown,Action_PreSnap,531.36,535.85,683.59,785.42,152.23000000000002,249.56999999999994,xml_geometry_csv_action
BootPass_106,1,8,8,Position_Unknown,Team_Unknown,Action_PreSnap,279.34,922.73,446.87,1079.08,167.53000000000003,156.3499999999999,xml_geometry_csv_action
BootPass_106,1,9,9,Position_Unknown,Team_Unknown,Action_PreSnap,978.57,498.03,1130.7,807.62,152.13,309.59000000000003,xml_geometry_csv_action
BootPass_106,2,0,0,Position_Unknown,Team_Unknown,Action_PreSnap,1403.94,771.77,1655.84,1078.98,251.89999999999986,307.21000000000004,xml_geometry_csv_action
BootPass_106,2,1,1,Position_Unknown,Team_Unknown,Action_PreSnap,853.34,202.59,984.67,479.99,131.32999999999993,277.4,xml_geometry_csv_action
BootPass_106,2,10,10,Position_Unknown,Team_Unknown,Action_PreSnap,801.71,652.19,983.07,951.15,181.36,298.9599999999999,xml_geometry_csv_action
BootPass_106,2,11,11,Position_Unknown,Team_Unknown,Action_PreSnap,809.0,494.82,953.43,801.03,144.42999999999995,306.21,xml_geometry_csv_action
BootPass_106,2,12,12,Position_Unknown,Team_Unknown,Action_PreSnap,673.08,495.49,840.09,770.28,167.01,274.78999999999996,xml_geometry_csv_action
BootPass_106,2,14,14,Position_Unknown,Team_Unknown,Action_PreSnap,907.65,486.89,1027.22,636.44,119.57000000000005,149.55000000000007,xml_geometry_csv_action
BootPass_106,2,2,2,Position_Unknown,Team_Unknown,Action_PreSnap,337.38,455.7,506.8,665.01,169.42000000000002,209.31,xml_geometry_csv_action
BootPass_106,2,3,3,Position_Unknown,Team_Unknown,Action_PreSnap,1114.11,189.43,1241.04,441.03,126.93000000000006,251.59999999999997,xml_geometry_csv_action
BootPass_106,2,4,4,Position_Unknown,Team_Unknown,Action_PreSnap,1334.46,428.46,1481.06,657.85,146.5999999999999,229.39000000000004,xml_geometry_csv_action
BootPass_106,2,5,5,Position_Unknown,Team_Unknown,Action_PreSnap,1099.6,465.3,1279.12,642.16,179.51999999999998,176.85999999999996,xml_geometry_csv_action
BootPass_106,2,6,6,Position_Unknown,Team_Unknown,Action_PreSnap,1146.12,616.41,1294.75,905.59,148.6300000000001,289.18000000000006,xml_geometry_csv_action
BootPass_106,2,7,7,Position_Unknown,Team_Unknown,Action_PreSnap,531.22,537.49,674.01,783.87,142.78999999999996,246.38,xml_geometry_csv_action
BootPass_106,2,8,8,Position_Unknown,Team_Unknown,Action_PreSnap,259.34,919.7,415.57,1078.97,156.23000000000002,159.26999999999998,xml_geometry_csv_action
BootPass_106,2,9,9,Position_Unknown,Team_Unknown,Action_PreSnap,978.69,496.75,1130.61,807.87,151.91999999999985,311.12,xml_geometry_csv_action
BootPass_106,3,0,0,Position_Unknown,Team_Unknown,Action_PreSnap,1402.98,776.77,1655.23,1079.05,252.25,302.28,xml_geometry_csv_action
BootPass_106,3,1,1,Position_Unknown,Team_Unknown,Action_PreSnap,851.29,202.63,983.86,479.97,132.57000000000005,277.34000000000003,xml_geometry_csv_action
BootPass_106,3,10,10,Position_Unknown,Team_Unknown,Action_PreSnap,791.6,657.27,981.63,951.57,190.02999999999997,294.30000000000007,xml_geometry_csv_action
BootPass_106,3,11,11,Position_Unknown,Team_Unknown,Action_PreSnap,802.7,495.94,957.39,798.87,154.68999999999994,302.93,xml_geometry_csv_action
BootPass_106,3,12,12,Position_Unknown,Team_Unknown,Action_PreSnap,657.92,491.81,827.51,771.94,169.59000000000003,280.13000000000005,xml_geometry_csv_action
BootPass_106,3,14,14,Position_Unknown,Team_Unknown,Action_PreSnap,907.02,487.34,1024.84,634.9,117.81999999999994,147.56,xml_geometry_csv_action
BootPass_106,3,2,2,Position_Unknown,Team_Unknown,Action_PreSnap,336.14,456.1,505.59,664.76,169.45,208.65999999999997,xml_geometry_csv_action
BootPass_106,3,3,3,Position_Unknown,Team_Unknown,Action_PreSnap,1112.29,189.42,1240.67,441.52,128.3800000000001,252.1,xml_geometry_csv_action
BootPass_106,3,4,4,Position_Unknown,Team_Unknown,Action_PreSnap,1333.68,428.69,1480.8,657.93,147.1199999999999,229.23999999999995,xml_geometry_csv_action
BootPass_106,3,5,5,Position_Unknown,Team_Unknown,Action_PreSnap,1099.44,465.56,1277.93,640.84,178.49,175.28000000000003,xml_geometry_csv_action
BootPass_106,3,6,6,Position_Unknown,Team_Unknown,Action_PreSnap,1147.11,615.43,1294.79,904.95,147.68000000000006,289.5200000000001,xml_geometry_csv_action
BootPass_106,3,7,7,Position_Unknown,Team_Unknown,Action_PreSnap,531.54,541.36,665.67,784.93,134.13,243.56999999999994,xml_geometry_csv_action
BootPass_106,3,8,8,Position_Unknown,Team_Unknown,Action_PreSnap,238.24,919.68,389.52,1079.05,151.27999999999997,159.37,xml_geometry_csv_action
BootPass_106,3,9,9,Position_Unknown,Team_Unknown,Action_PreSnap,978.91,497.07,1133.45,806.79,154.54000000000008,309.71999999999997,xml_geometry_csv_action
BootPass_106,4,0,0,Position_Unknown,Team_Unknown,Action_PreSnap,1408.36,781.6,1655.55,1079.05,247.19000000000005,297.44999999999993,xml_geometry_csv_action
BootPass_106,4,1,1,Position_Unknown,Team_Unknown,Action_PreSnap,852.12,204.45,985.6,479.39,133.48000000000002,274.94,xml_geometry_csv_action
BootPass_106,4,10,10,Position_Unknown,Team_Unknown,Action_PreSnap,787.85,661.13,983.03,951.79,195.17999999999995,290.65999999999997,xml_geometry_csv_action
BootPass_106,4,11,11,Position_Unknown,Team_Unknown,Action_PreSnap,795.4,497.59,964.88,796.41,169.48000000000002,298.82,xml_geometry_csv_action
BootPass_106,4,12,12,Position_Unknown,Team_Unknown,Action_PreSnap,643.06,487.63,819.37,772.44,176.31000000000006,284.81000000000006,xml_geometry_csv_action
BootPass_106,4,14,14,Position_Unknown,Team_Unknown,Action_PreSnap,910.61,488.52,1039.76,633.81,129.14999999999998,145.28999999999996,xml_geometry_csv_action
BootPass_106,4,2,2,Position_Unknown,Team_Unknown,Action_PreSnap,337.37,456.2,506.74,664.87,169.37,208.67000000000002,xml_geometry_csv_action
BootPass_106,4,3,3,Position_Unknown,Team_Unknown,Action_PreSnap,1113.75,190.07,1241.56,440.91,127.80999999999995,250.84000000000003,xml_geometry_csv_action
BootPass_106,4,4,4,Position_Unknown,Team_Unknown,Action_PreSnap,1334.36,428.28,1481.04,658.03,146.68000000000006,229.75,xml_geometry_csv_action
BootPass_106,4,5,5,Position_Unknown,Team_Unknown,Action_PreSnap,1100.38,466.16,1279.14,639.74,178.76,173.57999999999998,xml_geometry_csv_action
BootPass_106,4,6,6,Position_Unknown,Team_Unknown,Action_PreSnap,1149.93,615.05,1295.45,904.62,145.51999999999998,289.57000000000005,xml_geometry_csv_action
BootPass_106,4,7,7,Position_Unknown,Team_Unknown,Action_PreSnap,532.26,546.46,660.48,788.15,128.22000000000003,241.68999999999994,xml_geometry_csv_action
BootPass_106,4,8,8,Position_Unknown,Team_Unknown,Action_PreSnap,221.35,918.53,368.61,1079.06,147.26000000000002,160.52999999999997,xml_geometry_csv_action
BootPass_106,4,9,9,Position_Unknown,Team_Unknown,Action_PreSnap,980.37,497.94,1138.26,806.08,157.89,308.14000000000004,xml_geometry_csv_action
BootPass_106,5,0,0,Position_Unknown,Team_Unknown,Action_PreSnap,1410.96,784.79,1654.79,1078.89,243.82999999999993,294.10000000000014,xml_geometry_csv_action
BootPass_106,5,1,1,Position_Unknown,Team_Unknown,Action_PreSnap,852.02,204.29,986.14,478.0,134.12,273.71000000000004,xml_geometry_csv_action
BootPass_106,5,10,10,Position_Unknown,Team_Unknown,Action_PreSnap,784.63,662.89,982.58,952.1,197.95000000000005,289.21000000000004,xml_geometry_csv_action
BootPass_106,5,11,11,Position_Unknown,Team_Unknown,Action_PreSnap,797.82,500.25,975.38,791.92,177.55999999999995,291.66999999999996,xml_geometry_csv_action
BootPass_106,5,12,12,Position_Unknown,Team_Unknown,Action_PreSnap,632.95,483.14,811.5,768.79,178.54999999999995,285.65,xml_geometry_csv_action
BootPass_106,5,13,13,Position_Unknown,Team_Unknown,Action_PreSnap,633.69,476.52,782.27,666.81,148.57999999999993,190.28999999999996,xml_geometry_csv_action
BootPass_106,5,14,14,Position_Unknown,Team_Unknown,Action_PreSnap,913.09,488.87,1053.06,631.88,139.9699999999999,143.01,xml_geometry_csv_action
BootPass_106,5,2,2,Position_Unknown,Team_Unknown,Action_PreSnap,337.45,456.45,507.46,664.65,170.01,208.2,xml_geometry_csv_action
BootPass_106,5,3,3,Position_Unknown,Team_Unknown,Action_PreSnap,1114.24,189.66,1241.81,440.16,127.56999999999994,250.50000000000003,xml_geometry_csv_action
BootPass_106,5,4,4,Position_Unknown,Team_Unknown,Action_PreSnap,1334.59,427.36,1481.38,658.33,146.7900000000002,230.97000000000003,xml_geometry_csv_action
BootPass_106,5,5,5,Position_Unknown,Team_Unknown,Action_PreSnap,1100.64,465.72,1279.56,638.05,178.91999999999985,172.32999999999993,xml_geometry_csv_action
BootPass_106,5,6,6,Position_Unknown,Team_Unknown,Action_PreSnap,1151.72,612.86,1295.76,903.25,144.03999999999996,290.39,xml_geometry_csv_action
BootPass_106,5,7,7,Position_Unknown,Team_Unknown,Action_PreSnap,532.07,549.74,655.42,790.7,123.34999999999991,240.96000000000004,xml_geometry_csv_action
BootPass_106,5,8,8,Position_Unknown,Team_Unknown,Action_PreSnap,205.79,918.13,348.89,1078.88,143.1,160.7500000000001,xml_geometry_csv_action
BootPass_106,5,9,9,Position_Unknown,Team_Unknown,Action_PreSnap,982.14,497.23,1142.77,804.77,160.63,307.53999999999996,xml_geometry_csv_action
BootPass_106,6,0,0,Position_Unknown,Team_Unknown,Action_PreSnap,1411.16,786.61,1656.98,1079.05,245.81999999999994,292.43999999999994,xml_geometry_csv_action
BootPass_106,6,1,1,Position_Unknown,Team_Unknown,Action_PreSnap,851.13,205.0,985.13,478.13,134.0,273.13,xml_geometry_csv_action
BootPass_106,6,10,10,Position_Unknown,Team_Unknown,Action_PreSnap,782.62,664.77,979.41,951.83,196.78999999999996,287.06000000000006,xml_geometry_csv_action
BootPass_106,6,11,11,Position_Unknown,Team_Unknown,Action_PreSnap,801.34,503.73,980.61,787.32,179.26999999999998,283.59000000000003,xml_geometry_csv_action
BootPass_106,6,12,12,Position_Unknown,Team_Unknown,Action_PreSnap,620.33,480.41,800.22,767.16,179.89,286.74999999999994,xml_geometry_csv_action
BootPass_106,6,13,13,Position_Unknown,Team_Unknown,Action_PreSnap,625.42,472.68,783.65,669.56,158.23000000000002,196.87999999999994,xml_geometry_csv_action
BootPass_106,6,14,14,Position_Unknown,Team_Unknown,Action_PreSnap,913.86,489.61,1059.93,634.87,146.07000000000005,145.26,xml_geometry_csv_action
BootPass_106,6,2,2,Position_Unknown,Team_Unknown,Action_PreSnap,336.75,456.41,506.35,665.17,169.60000000000002,208.75999999999993,xml_geometry_csv_action
BootPass_106,6,3,3,Position_Unknown,Team_Unknown,Action_PreSnap,1113.66,190.54,1240.95,440.36,127.28999999999996,249.82000000000002,xml_geometry_csv_action
BootPass_106,6,4,4,Position_Unknown,Team_Unknown,Action_PreSnap,1333.92,427.86,1480.48,658.59,146.55999999999995,230.73000000000002,xml_geometry_csv_action
BootPass_106,6,5,5,Position_Unknown,Team_Unknown,Action_PreSnap,1100.61,466.31,1279.56,636.98,178.95000000000005,170.67000000000002,xml_geometry_csv_action
BootPass_106,6,6,6,Position_Unknown,Team_Unknown,Action_PreSnap,1151.53,611.45,1295.37,902.64,143.83999999999992,291.18999999999994,xml_geometry_csv_action
BootPass_106,6,7,7,Position_Unknown,Team_Unknown,Action_PreSnap,528.46,555.34,651.54,793.44,123.07999999999993,238.10000000000002,xml_geometry_csv_action
BootPass_106,6,8,8,Position_Unknown,Team_Unknown,Action_PreSnap,191.45,920.31,329.13,1079.05,137.68,158.74,xml_geometry_csv_action
BootPass_106,6,9,9,Position_Unknown,Team_Unknown,Action_PreSnap,982.31,497.38,1146.46,804.1,164.1500000000001,306.72,xml_geometry_csv_action
BootPass_106,7,0,0,Position_Unknown,Team_Unknown,Action_PreSnap,1411.72,786.09,1661.95,1078.97,250.23000000000002,292.88,xml_geometry_csv_action
BootPass_106,7,1,1,Position_Unknown,Team_Unknown,Action_PreSnap,851.84,205.1,985.99,477.84,134.14999999999998,272.74,xml_geometry_csv_action
BootPass_106,7,10,10,Position_Unknown,Team_Unknown,Action_PreSnap,782.79,665.96,975.3,951.07,192.51,285.11,xml_geometry_csv_action
BootPass_106,7,11,11,Position_Unknown,Team_Unknown,Action_PreSnap,808.02,506.55,983.98,783.98,175.96000000000004,277.43,xml_geometry_csv_action
BootPass_106,7,12,12,Position_Unknown,Team_Unknown,Action_PreSnap,607.81,474.52,789.48,764.5,181.67000000000007,289.98,xml_geometry_csv_action
BootPass_106,7,13,13,Position_Unknown,Team_Unknown,Action_PreSnap,621.51,471.95,787.55,669.74,166.03999999999996,197.79000000000002,xml_geometry_csv_action
BootPass_106,7,14,14,Position_Unknown,Team_Unknown,Action_PreSnap,914.6,489.41,1063.79,639.21,149.18999999999994,149.8,xml_geometry_csv_action
BootPass_106,7,2,2,Position_Unknown,Team_Unknown,Action_PreSnap,336.88,456.57,507.11,665.27,170.23000000000002,208.7,xml_geometry_csv_action
BootPass_106,7,3,3,Position_Unknown,Team_Unknown,Action_PreSnap,1113.93,190.23,1241.46,440.11,127.52999999999997,249.88000000000002,xml_geometry_csv_action
BootPass_106,7,4,4,Position_Unknown,Team_Unknown,Action_PreSnap,1334.57,427.65,1481.49,658.32,146.92000000000007,230.67000000000007,xml_geometry_csv_action
BootPass_106,7,5,5,Position_Unknown,Team_Unknown,Action_PreSnap,1101.66,466.46,1280.29,636.72,178.62999999999988,170.26000000000005,xml_geometry_csv_action
BootPass_106,7,6,6,Position_Unknown,Team_Unknown,Action_PreSnap,1152.43,610.02,1295.96,901.68,143.52999999999997,291.65999999999997,xml_geometry_csv_action
BootPass_106,7,7,7,Position_Unknown,Team_Unknown,Action_PreSnap,526.14,561.01,649.76,793.23,123.62,232.22000000000003,xml_geometry_csv_action
BootPass_106,7,8,8,Position_Unknown,Team_Unknown,Action_PreSnap,178.62,921.09,312.91,1078.98,134.29000000000002,157.89,xml_geometry_csv_action
BootPass_106,7,9,9,Position_Unknown,Team_Unknown,Action_PreSnap,984.47,497.48,1152.85,803.31,168.37999999999988,305.8299999999999,xml_geometry_csv_action
BootPass_106,8,0,0,Position_Unknown,Team_Unknown,Action_PreSnap,1409.15,785.27,1664.58,1079.21,255.42999999999984,293.94000000000005,xml_geometry_csv_action
BootPass_106,8,1,1,Position_Unknown,Team_Unknown,Action_PreSnap,850.38,205.75,984.61,478.42,134.23000000000002,272.67,xml_geometry_csv_action
BootPass_106,8,10,10,Position_Unknown,Team_Unknown,Action_PreSnap,780.67,665.92,965.43,951.27,184.76,285.35,xml_geometry_csv_action
BootPass_106,8,11,11,Position_Unknown,Team_Unknown,Action_PreSnap,810.15,511.75,984.27,783.83,174.12,272.08000000000004,xml_geometry_csv_action
BootPass_106,8,12,12,Position_Unknown,Team_Unknown,Action_PreSnap,597.45,475.45,770.24,759.34,172.78999999999996,283.89000000000004,xml_geometry_csv_action
BootPass_106,8,13,13,Position_Unknown,Team_Unknown,Action_PreSnap,610.25,471.9,786.36,671.08,176.11,199.18000000000006,xml_geometry_csv_action
BootPass_106,8,14,14,Position_Unknown,Team_Unknown,Action_PreSnap,913.01,490.11,1065.75,648.92,152.74,158.80999999999995,xml_geometry_csv_action
BootPass_106,8,2,2,Position_Unknown,Team_Unknown,Action_PreSnap,334.95,456.23,505.68,666.45,170.73000000000002,210.22000000000003,xml_geometry_csv_action
BootPass_106,8,3,3,Position_Unknown,Team_Unknown,Action_PreSnap,1112.03,191.07,1240.0,440.9,127.97000000000003,249.82999999999998,xml_geometry_csv_action
BootPass_106,8,4,4,Position_Unknown,Team_Unknown,Action_PreSnap,1333.04,428.77,1480.06,660.12,147.01999999999998,231.35000000000002,xml_geometry_csv_action
BootPass_106,8,5,5,Position_Unknown,Team_Unknown,Action_PreSnap,1102.66,466.49,1279.37,640.68,176.7099999999998,174.18999999999994,xml_geometry_csv_action
BootPass_106,8,6,6,Position_Unknown,Team_Unknown,Action_PreSnap,1150.94,608.88,1293.97,901.37,143.02999999999997,292.49,xml_geometry_csv_action
BootPass_106,8,7,7,Position_Unknown,Team_Unknown,Action_PreSnap,521.16,567.07,648.41,793.44,127.25,226.37,xml_geometry_csv_action
BootPass_106,8,8,8,Position_Unknown,Team_Unknown,Action_PreSnap,164.99,922.12,294.71,1079.21,129.71999999999997,157.09000000000003,xml_geometry_csv_action
BootPass_106,8,9,9,Position_Unknown,Team_Unknown,Action_PreSnap,984.82,500.01,1156.37,803.69,171.54999999999984,303.68000000000006,xml_geometry_csv_action
BootPass_106,9,0,0,Position_Unknown,Team_Unknown,Action_PreSnap,1412.57,783.03,1671.16,1078.67,258.59000000000015,295.6400000000001,xml_geometry_csv_action
BootPass_106,9,1,1,Position_Unknown,Team_Unknown,Action_PreSnap,851.72,205.41,986.09,477.2,134.37,271.78999999999996,xml_geometry_csv_action
BootPass_106,9,10,10,Position_Unknown,Team_Unknown,Action_PreSnap,780.83,663.58,955.83,948.62,175.0,285.03999999999996,xml_geometry_csv_action
BootPass_106,9,11,11,Position_Unknown,Team_Unknown,Action_PreSnap,829.36,516.6,985.75,782.54,156.39,265.93999999999994,xml_geometry_csv_action
BootPass_106,9,12,12,Position_Unknown,Team_Unknown,Action_PreSnap,587.26,471.94,745.53,747.12,158.26999999999998,275.18,xml_geometry_csv_action
BootPass_106,9,13,13,Position_Unknown,Team_Unknown,Action_PreSnap,605.17,475.68,786.44,668.57,181.2700000000001,192.89000000000004,xml_geometry_csv_action
BootPass_106,9,14,14,Position_Unknown,Team_Unknown,Action_PreSnap,910.77,488.61,1059.77,664.89,149.0,176.27999999999997,xml_geometry_csv_action
BootPass_106,9,2,2,Position_Unknown,Team_Unknown,Action_PreSnap,335.95,455.52,506.76,665.37,170.81,209.85000000000002,xml_geometry_csv_action
BootPass_106,9,3,3,Position_Unknown,Team_Unknown,Action_PreSnap,1112.82,190.36,1240.64,440.13,127.82000000000016,249.76999999999998,xml_geometry_csv_action
BootPass_106,9,4,4,Position_Unknown,Team_Unknown,Action_PreSnap,1334.52,428.45,1481.41,659.21,146.8900000000001,230.76000000000005,xml_geometry_csv_action
BootPass_106,9,5,5,Position_Unknown,Team_Unknown,Action_PreSnap,1106.29,465.7,1279.77,636.7,173.48000000000002,171.00000000000006,xml_geometry_csv_action
BootPass_106,9,6,6,Position_Unknown,Team_Unknown,Action_PreSnap,1150.06,606.15,1295.06,899.87,145.0,293.72,xml_geometry_csv_action
BootPass_106,9,7,7,Position_Unknown,Team_Unknown,Action_PreSnap,520.52,569.28,649.67,791.17,129.14999999999998,221.89,xml_geometry_csv_action
BootPass_106,9,8,8,Position_Unknown,Team_Unknown,Action_PreSnap,154.13,918.33,278.92,1078.67,124.79000000000002,160.34000000000003,xml_geometry_csv_action
BootPass_106,9,9,9,Position_Unknown,Team_Unknown,Action_PreSnap,987.63,499.5,1162.07,803.25,174.43999999999994,303.75,xml_geometry_csv_action
BootPass_106,10,0,0,Position_Unknown,Team_Unknown,Action_PreSnap,1412.94,782.43,1674.33,1078.95,261.3899999999999,296.5200000000001,xml_geometry_csv_action
BootPass_106,10,1,1,Position_Unknown,Team_Unknown,Action_PreSnap,850.56,205.82,985.17,476.96,134.61,271.14,xml_geometry_csv_action
BootPass_106,10,10,10,Position_Unknown,Team_Unknown,Action_PreSnap,780.4,662.57,941.99,949.22,161.59000000000003,286.65,xml_geometry_csv_action
BootPass_106,10,11,11,Position_Unknown,Team_Unknown,Action_PreSnap,838.01,523.48,984.97,782.83,146.96000000000004,259.35,xml_geometry_csv_action
BootPass_106,10,12,12,Position_Unknown,Team_Unknown,Action_PreSnap,572.35,467.57,699.06,721.17,126.70999999999992,253.59999999999997,xml_geometry_csv_action
BootPass_106,10,13,13,Position_Unknown,Team_Unknown,Action_PreSnap,609.81,486.13,785.48,669.22,175.67000000000007,183.09000000000003,xml_geometry_csv_action
BootPass_106,10,14,14,Position_Unknown,Team_Unknown,Action_PreSnap,906.12,488.54,1043.04,684.19,136.91999999999996,195.65000000000003,xml_geometry_csv_action
BootPass_106,10,2,2,Position_Unknown,Team_Unknown,Action_PreSnap,335.54,455.19,505.81,666.0,170.26999999999998,210.81,xml_geometry_csv_action
BootPass_106,10,3,3,Position_Unknown,Team_Unknown,Action_PreSnap,1111.48,190.64,1240.71,441.05,129.23000000000002,250.41000000000003,xml_geometry_csv_action
BootPass_106,10,4,4,Position_Unknown,Team_Unknown,Action_PreSnap,1333.61,428.68,1480.43,659.84,146.82000000000016,231.16000000000003,xml_geometry_csv_action
BootPass_106,10,5,5,Position_Unknown,Team_Unknown,Action_PreSnap,1105.81,463.92,1279.57,635.46,173.76,171.54000000000002,xml_geometry_csv_action
BootPass_106,10,6,6,Position_Unknown,Team_Unknown,Action_PreSnap,1146.57,605.27,1293.7,900.24,147.1300000000001,294.97,xml_geometry_csv_action
BootPass_106,10,7,7,Position_Unknown,Team_Unknown,Action_PreSnap,516.93,572.97,650.24,792.55,133.31000000000006,219.57999999999993,xml_geometry_csv_action
BootPass_106,10,8,8,Position_Unknown,Team_Unknown,Action_PreSnap,139.59,915.64,263.68,1078.95,124.09,163.31000000000006,xml_geometry_csv_action
BootPass_106,10,9,9,Position_Unknown,Team_Unknown,Action_PreSnap,989.22,499.83,1165.18,804.3,175.96000000000004,304.46999999999997,xml_geometry_csv_action
BootPass_106,11,0,0,Position_Unknown,Team_Unknown,Action_PreSnap,1415.69,783.05,1678.82,1079.05,263.1299999999999,296.0,xml_geometry_csv_action
BootPass_106,11,1,1,Position_Unknown,Team_Unknown,Action_PreSnap,850.7,207.75,985.25,477.66,134.54999999999995,269.91,xml_geometry_csv_action
BootPass_106,11,10,10,Position_Unknown,Team_Unknown,Action_PreSnap,780.15,658.94,926.71,949.62,146.56000000000006,290.67999999999995,xml_geometry_csv_action
BootPass_106,11,11,11,Position_Unknown,Team_Unknown,Action_PreSnap,841.85,530.98,985.72,782.99,143.87,252.01,xml_geometry_csv_action
BootPass_106,11,12,12,Position_Unknown,Team_Unknown,Action_PreSnap,558.64,472.21,676.48,684.85,117.84000000000003,212.64000000000004,xml_geometry_csv_action
BootPass_106,11,13,13,Position_Unknown,Team_Unknown,Action_PreSnap,601.44,493.63,783.79,669.58,182.3499999999999,175.95000000000005,xml_geometry_csv_action
BootPass_106,11,14,14,Position_Unknown,Team_Unknown,Action_PreSnap,904.74,488.1,1037.13,687.54,132.3900000000001,199.43999999999994,xml_geometry_csv_action
BootPass_106,11,15,15,Position_Unknown,Team_Unknown,Action_PreSnap,558.46,463.63,664.9,596.89,106.43999999999994,133.26,xml_geometry_csv_action
BootPass_106,11,2,2,Position_Unknown,Team_Unknown,Action_PreSnap,335.69,455.34,505.37,666.35,169.68,211.01000000000005,xml_geometry_csv_action
BootPass_106,11,3,3,Position_Unknown,Team_Unknown,Action_PreSnap,1110.96,190.73,1241.04,441.63,130.07999999999993,250.9,xml_geometry_csv_action
BootPass_106,11,4,4,Position_Unknown,Team_Unknown,Action_PreSnap,1333.74,428.64,1480.33,660.03,146.58999999999992,231.39,xml_geometry_csv_action
BootPass_106,11,5,5,Position_Unknown,Team_Unknown,Action_PreSnap,1106.38,462.57,1280.25,634.26,173.8699999999999,171.69,xml_geometry_csv_action
BootPass_106,11,6,6,Position_Unknown,Team_Unknown,Action_PreSnap,1144.91,605.47,1294.05,900.41,149.13999999999987,294.93999999999994,xml_geometry_csv_action
BootPass_106,11,7,7,Position_Unknown,Team_Unknown,Action_PreSnap,516.04,576.22,657.66,793.75,141.62,217.52999999999997,xml_geometry_csv_action
BootPass_106,11,8,8,Position_Unknown,Team_Unknown,Action_PreSnap,124.57,912.89,246.01,1079.05,121.44,166.15999999999997,xml_geometry_csv_action
BootPass_106,11,9,9,Position_Unknown,Team_Unknown,Action_PreSnap,990.84,500.11,1167.25,804.98,176.40999999999997,304.87,xml_geometry_csv_action
BootPass_106,12,0,0,Position_Unknown,Team_Unknown,Action_PreSnap,1417.63,784.89,1683.41,1078.78,265.78,293.89,xml_geometry_csv_action
BootPass_106,12,1,1,Position_Unknown,Team_Unknown,Action_PreSnap,851.14,207.83,986.12,476.87,134.98000000000002,269.03999999999996,xml_geometry_csv_action
BootPass_106,12,10,10,Position_Unknown,Team_Unknown,Action_PreSnap,779.72,654.46,914.67,948.81,134.94999999999993,294.3499999999999,xml_geometry_csv_action
BootPass_106,12,11,11,Position_Unknown,Team_Unknown,Action_PreSnap,844.53,536.54,986.26,781.81,141.73000000000002,245.26999999999998,xml_geometry_csv_action
BootPass_106,12,13,13,Position_Unknown,Team_Unknown,Action_PreSnap,613.86,495.66,782.62,671.28,168.76,175.61999999999995,xml_geometry_csv_action
BootPass_106,12,14,14,Position_Unknown,Team_Unknown,Action_PreSnap,903.51,486.75,1038.13,698.85,134.62000000000012,212.10000000000002,xml_geometry_csv_action
BootPass_106,12,15,15,Position_Unknown,Team_Unknown,Action_PreSnap,546.62,462.07,655.39,633.6,108.76999999999998,171.53000000000003,xml_geometry_csv_action
BootPass_106,12,2,2,Position_Unknown,Team_Unknown,Action_PreSnap,335.95,453.85,505.31,665.51,169.36,211.65999999999997,xml_geometry_csv_action
BootPass_106,12,3,3,Position_Unknown,Team_Unknown,Action_PreSnap,1111.81,190.5,1241.37,441.61,129.55999999999995,251.11,xml_geometry_csv_action
BootPass_106,12,4,4,Position_Unknown,Team_Unknown,Action_PreSnap,1333.84,427.88,1480.57,659.78,146.73000000000002,231.89999999999998,xml_geometry_csv_action
BootPass_106,12,5,5,Position_Unknown,Team_Unknown,Action_PreSnap,1109.64,459.68,1281.44,631.68,171.79999999999995,171.99999999999994,xml_geometry_csv_action
BootPass_106,12,6,6,Position_Unknown,Team_Unknown,Action_PreSnap,1144.18,604.86,1294.19,900.17,150.01,295.30999999999995,xml_geometry_csv_action
BootPass_106,12,7,7,Position_Unknown,Team_Unknown,Action_PreSnap,515.32,578.49,655.64,793.44,140.31999999999994,214.95000000000005,xml_geometry_csv_action
BootPass_106,12,8,8,Position_Unknown,Team_Unknown,Action_PreSnap,107.85,909.51,229.46,1078.76,121.61000000000001,169.25,xml_geometry_csv_action
BootPass_106,12,9,9,Position_Unknown,Team_Unknown,Action_PreSnap,991.87,499.93,1167.49,804.73,175.62,304.8,xml_geometry_csv_action
BootPass_106,13,0,0,Position_Unknown,Team_Unknown,Action_PreSnap,1418.91,789.45,1685.49,1079.09,266.5799999999999,289.6399999999999,xml_geometry_csv_action
BootPass_106,13,1,1,Position_Unknown,Team_Unknown,Action_PreSnap,850.42,209.03,985.93,477.83,135.51,268.79999999999995,xml_geometry_csv_action
BootPass_106,13,10,10,Position_Unknown,Team_Unknown,Action_PreSnap,776.47,652.29,907.62,949.54,131.14999999999998,297.25,xml_geometry_csv_action
BootPass_106,13,11,11,Position_Unknown,Team_Unknown,Action_PreSnap,846.02,541.79,986.96,782.48,140.94000000000005,240.69000000000005,xml_geometry_csv_action
BootPass_106,13,13,13,Position_Unknown,Team_Unknown,Action_PreSnap,614.37,497.45,781.17,673.1,166.79999999999995,175.65000000000003,xml_geometry_csv_action
BootPass_106,13,14,14,Position_Unknown,Team_Unknown,Action_PreSnap,901.44,485.25,1037.46,707.02,136.01999999999998,221.76999999999998,xml_geometry_csv_action
BootPass_106,13,15,15,Position_Unknown,Team_Unknown,Action_PreSnap,531.87,461.24,641.44,626.98,109.57000000000005,165.74,xml_geometry_csv_action
BootPass_106,13,2,2,Position_Unknown,Team_Unknown,Action_PreSnap,335.14,453.35,504.86,665.98,169.72000000000003,212.63,xml_geometry_csv_action
BootPass_106,13,3,3,Position_Unknown,Team_Unknown,Action_PreSnap,1111.26,190.86,1239.95,442.28,128.69000000000005,251.41999999999996,xml_geometry_csv_action
BootPass_106,13,4,4,Position_Unknown,Team_Unknown,Action_PreSnap,1332.65,427.27,1480.77,660.24,148.1199999999999,232.97000000000003,xml_geometry_csv_action
BootPass_106,13,5,5,Position_Unknown,Team_Unknown,Action_PreSnap,1111.7,454.46,1282.39,634.1,170.69000000000005,179.64000000000004,xml_geometry_csv_action
BootPass_106,13,6,6,Position_Unknown,Team_Unknown,Action_PreSnap,1144.61,606.01,1293.71,901.13,149.10000000000014,295.12,xml_geometry_csv_action
BootPass_106,13,7,7,Position_Unknown,Team_Unknown,Action_PreSnap,515.32,576.93,654.16,793.29,138.83999999999992,216.36,xml_geometry_csv_action
BootPass_106,13,8,8,Position_Unknown,Team_Unknown,Action_PreSnap,90.19,909.21,212.99,1079.1,122.80000000000001,169.88999999999987,xml_geometry_csv_action
BootPass_106,13,9,9,Position_Unknown,Team_Unknown,Action_PreSnap,991.72,499.62,1166.53,805.12,174.80999999999995,305.5,xml_geometry_csv_action
BootPass_106,14,0,0,Position_Unknown,Team_Unknown,Action_PreSnap,1419.88,794.0,1686.6,1079.02,266.7199999999998,285.02,xml_geometry_csv_action
BootPass_106,14,1,1,Position_Unknown,Team_Unknown,Action_PreSnap,850.53,209.42,987.0,477.93,136.47000000000003,268.51,xml_geometry_csv_action
BootPass_106,14,10,10,Position_Unknown,Team_Unknown,Action_PreSnap,773.54,650.41,904.29,949.74,130.75,299.33000000000004,xml_geometry_csv_action
BootPass_106,14,11,11,Position_Unknown,Team_Unknown,Action_PreSnap,846.72,548.42,988.62,781.96,141.89999999999998,233.54000000000008,xml_geometry_csv_action
BootPass_106,14,13,13,Position_Unknown,Team_Unknown,Action_PreSnap,614.5,496.7,780.42,674.47,165.91999999999996,177.77000000000004,xml_geometry_csv_action
BootPass_106,14,14,14,Position_Unknown,Team_Unknown,Action_PreSnap,901.48,482.1,1039.9,705.05,138.42000000000007,222.94999999999993,xml_geometry_csv_action
BootPass_106,14,15,15,Position_Unknown,Team_Unknown,Action_PreSnap,513.22,458.28,627.75,626.54,114.52999999999997,168.26,xml_geometry_csv_action
BootPass_106,14,2,2,Position_Unknown,Team_Unknown,Action_PreSnap,335.3,451.59,504.95,665.39,169.64999999999998,213.8,xml_geometry_csv_action
BootPass_106,14,3,3,Position_Unknown,Team_Unknown,Action_PreSnap,1111.66,190.83,1240.17,442.64,128.51,251.80999999999997,xml_geometry_csv_action
BootPass_106,14,4,4,Position_Unknown,Team_Unknown,Action_PreSnap,1331.95,424.43,1481.9,660.25,149.95000000000005,235.82,xml_geometry_csv_action
BootPass_106,14,5,5,Position_Unknown,Team_Unknown,Action_PreSnap,1110.18,446.38,1282.94,630.79,172.76,184.40999999999997,xml_geometry_csv_action
BootPass_106,14,6,6,Position_Unknown,Team_Unknown,Action_PreSnap,1145.77,606.05,1293.47,900.7,147.70000000000005,294.6500000000001,xml_geometry_csv_action
BootPass_106,14,7,7,Position_Unknown,Team_Unknown,Action_PreSnap,514.3,576.88,652.99,792.57,138.69000000000005,215.69000000000005,xml_geometry_csv_action
BootPass_106,14,8,8,Position_Unknown,Team_Unknown,Action_PreSnap,73.59,909.25,197.91,1079.02,124.32,169.76999999999998,xml_geometry_csv_action
BootPass_106,14,9,9,Position_Unknown,Team_Unknown,Action_PreSnap,991.62,498.48,1167.66,802.59,176.04000000000008,304.11,xml_geometry_csv_action
BootPass_106,15,0,0,Position_Unknown,Team_Unknown,Action_PreSnap,1423.91,799.82,1684.19,1079.0,260.28,279.17999999999995,xml_geometry_csv_action
BootPass_106,15,1,1,Position_Unknown,Team_Unknown,Action_PreSnap,851.42,209.77,988.33,477.92,136.91000000000008,268.15,xml_geometry_csv_action
BootPass_106,15,10,10,Position_Unknown,Team_Unknown,Action_PreSnap,771.29,649.89,903.12,950.11,131.83000000000004,300.22,xml_geometry_csv_action
BootPass_106,15,11,11,Position_Unknown,Team_Unknown,Action_PreSnap,845.02,556.33,989.93,783.19,144.90999999999997,226.86,xml_geometry_csv_action
BootPass_106,15,12,12,Position_Unknown,Team_Unknown,Action_PreSnap,485.0,457.09,612.8,703.7,127.79999999999995,246.61000000000007,xml_geometry_csv_action
BootPass_106,15,13,13,Position_Unknown,Team_Unknown,Action_PreSnap,611.57,497.77,780.35,673.95,168.77999999999997,176.18000000000006,xml_geometry_csv_action
BootPass_106,15,14,14,Position_Unknown,Team_Unknown,Action_PreSnap,900.38,479.43,1046.29,694.33,145.90999999999997,214.90000000000003,xml_geometry_csv_action
BootPass_106,15,2,2,Position_Unknown,Team_Unknown,Action_PreSnap,335.51,450.3,509.04,666.61,173.53000000000003,216.31,xml_geometry_csv_action
BootPass_106,15,3,3,Position_Unknown,Team_Unknown,Action_PreSnap,1112.89,190.84,1240.4,441.51,127.50999999999999,250.67,xml_geometry_csv_action
BootPass_106,15,4,4,Position_Unknown,Team_Unknown,Action_PreSnap,1331.21,421.12,1482.57,660.16,151.3599999999999,239.03999999999996,xml_geometry_csv_action
BootPass_106,15,5,5,Position_Unknown,Team_Unknown,Action_PreSnap,1103.95,438.53,1284.42,627.71,180.47000000000003,189.18000000000006,xml_geometry_csv_action
BootPass_106,15,6,6,Position_Unknown,Team_Unknown,Action_PreSnap,1146.32,605.04,1293.3,900.45,146.98000000000002,295.4100000000001,xml_geometry_csv_action
BootPass_106,15,7,7,Position_Unknown,Team_Unknown,Action_PreSnap,517.32,574.53,651.49,792.65,134.16999999999996,218.12,xml_geometry_csv_action
BootPass_106,15,8,8,Position_Unknown,Team_Unknown,Action_PreSnap,53.88,910.94,183.7,1079.0,129.82,168.05999999999995,xml_geometry_csv_action
BootPass_106,15,9,9,Position_Unknown,Team_Unknown,Action_PreSnap,992.48,497.47,1171.98,800.07,179.5,302.6,xml_geometry_csv_action
BootPass_106,16,0,0,Position_Unknown,Team_Unknown,Action_PreSnap,1426.13,805.16,1677.22,1079.02,251.08999999999992,273.86,xml_geometry_csv_action
BootPass_106,16,1,1,Position_Unknown,Team_Unknown,Action_PreSnap,850.87,210.36,988.09,477.86,137.22000000000003,267.5,xml_geometry_csv_action
BootPass_106,16,10,10,Position_Unknown,Team_Unknown,Action_PreSnap,767.59,650.57,899.96,950.39,132.37,299.81999999999994,xml_geometry_csv_action
BootPass_106,16,11,11,Position_Unknown,Team_Unknown,Action_PreSnap,841.77,564.21,989.97,783.13,148.20000000000005,218.91999999999996,xml_geometry_csv_action
BootPass_106,16,12,12,Position_Unknown,Team_Unknown,Action_PreSnap,453.16,453.15,597.46,710.27,144.3,257.12,xml_geometry_csv_action
BootPass_106,16,13,13,Position_Unknown,Team_Unknown,Action_PreSnap,606.16,499.43,779.87,674.07,173.71000000000004,174.64000000000004,xml_geometry_csv_action
BootPass_106,16,14,14,Position_Unknown,Team_Unknown,Action_PreSnap,897.87,476.26,1049.84,681.93,151.9699999999999,205.66999999999996,xml_geometry_csv_action
BootPass_106,16,2,2,Position_Unknown,Team_Unknown,Action_PreSnap,334.91,449.2,502.52,654.12,167.60999999999996,204.92000000000002,xml_geometry_csv_action
BootPass_106,16,3,3,Position_Unknown,Team_Unknown,Action_PreSnap,1112.04,191.22,1239.02,439.84,126.98000000000002,248.61999999999998,xml_geometry_csv_action
BootPass_106,16,4,4,Position_Unknown,Team_Unknown,Action_PreSnap,1329.77,417.39,1482.26,659.81,152.49,242.41999999999996,xml_geometry_csv_action
BootPass_106,16,5,5,Position_Unknown,Team_Unknown,Action_PreSnap,1103.43,432.66,1284.74,624.33,181.30999999999995,191.67000000000002,xml_geometry_csv_action
BootPass_106,16,6,6,Position_Unknown,Team_Unknown,Action_PreSnap,1145.09,603.52,1292.84,900.52,147.75,297.0,xml_geometry_csv_action
BootPass_106,16,7,7,Position_Unknown,Team_Unknown,Action_PreSnap,518.15,573.29,649.49,793.02,131.34000000000003,219.73000000000002,xml_geometry_csv_action
BootPass_106,16,8,8,Position_Unknown,Team_Unknown,Action_PreSnap,32.74,914.04,167.44,1079.02,134.7,164.98000000000002,xml_geometry_csv_action
BootPass_106,16,9,9,Position_Unknown,Team_Unknown,Action_PreSnap,993.44,498.65,1181.58,798.83,188.13999999999987,300.18000000000006,xml_geometry_csv_action
BootPass_106,17,0,0,Position_Unknown,Team_Unknown,Action_PreSnap,1436.09,809.94,1669.8,1078.9,233.71000000000004,268.96000000000004,xml_geometry_csv_action
BootPass_106,17,1,1,Position_Unknown,Team_Unknown,Action_PreSnap,852.03,210.58,989.69,477.09,137.66000000000008,266.51,xml_geometry_csv_action
BootPass_106,17,10,10,Position_Unknown,Team_Unknown,Action_PreSnap,764.78,651.27,898.93,948.97,134.14999999999998,297.70000000000005,xml_geometry_csv_action
BootPass_106,17,11,11,Position_Unknown,Team_Unknown,Action_PreSnap,841.38,567.64,990.67,780.5,149.28999999999996,212.86,xml_geometry_csv_action
BootPass_106,17,12,12,Position_Unknown,Team_Unknown,Action_PreSnap,422.36,449.57,580.67,717.17,158.30999999999995,267.59999999999997,xml_geometry_csv_action
BootPass_106,17,13,13,Position_Unknown,Team_Unknown,Action_PreSnap,608.17,499.2,780.56,673.7,172.39,174.50000000000006,xml_geometry_csv_action
BootPass_106,17,14,14,Position_Unknown,Team_Unknown,Action_PreSnap,896.5,471.12,1056.18,676.36,159.68000000000006,205.24,xml_geometry_csv_action
BootPass_106,17,2,2,Position_Unknown,Team_Unknown,Action_PreSnap,335.5,447.01,501.69,646.9,166.19,199.89,xml_geometry_csv_action
BootPass_106,17,3,3,Position_Unknown,Team_Unknown,Action_PreSnap,1112.94,191.35,1239.58,438.2,126.63999999999987,246.85,xml_geometry_csv_action
BootPass_106,17,4,4,Position_Unknown,Team_Unknown,Action_PreSnap,1329.74,412.71,1487.18,659.17,157.44000000000005,246.45999999999998,xml_geometry_csv_action
BootPass_106,17,5,5,Position_Unknown,Team_Unknown,Action_PreSnap,1104.07,425.51,1286.42,622.06,182.35000000000014,196.54999999999995,xml_geometry_csv_action
BootPass_106,17,6,6,Position_Unknown,Team_Unknown,Action_PreSnap,1146.13,603.08,1293.72,900.2,147.58999999999992,297.12,xml_geometry_csv_action
BootPass_106,17,7,7,Position_Unknown,Team_Unknown,Action_PreSnap,519.28,569.47,650.09,792.54,130.81000000000006,223.06999999999994,xml_geometry_csv_action
BootPass_106,17,8,8,Position_Unknown,Team_Unknown,Action_PreSnap,6.9,917.2,148.92,1078.89,142.01999999999998,161.69000000000005,xml_geometry_csv_action
BootPass_106,17,9,9,Position_Unknown,Team_Unknown,Action_PreSnap,999.48,497.13,1192.33,794.57,192.8499999999999,297.44000000000005,xml_geometry_csv_action
BootPass_106,18,0,0,Position_Unknown,Team_Unknown,Action_PreSnap,1443.89,814.08,1663.72,1079.07,219.82999999999993,264.9899999999999,xml_geometry_csv_action
BootPass_106,18,1,1,Position_Unknown,Team_Unknown,Action_PreSnap,850.97,211.15,988.37,479.73,137.39999999999998,268.58000000000004,xml_geometry_csv_action
BootPass_106,18,10,10,Position_Unknown,Team_Unknown,Action_PreSnap,760.58,652.99,896.35,947.2,135.76999999999998,294.21000000000004,xml_geometry_csv_action
BootPass_106,18,11,11,Position_Unknown,Team_Unknown,Action_PreSnap,838.05,568.89,990.55,780.31,152.5,211.41999999999996,xml_geometry_csv_action
BootPass_106,18,12,12,Position_Unknown,Team_Unknown,Action_PreSnap,399.5,448.61,568.04,724.58,168.53999999999996,275.97,xml_geometry_csv_action
BootPass_106,18,13,13,Position_Unknown,Team_Unknown,Action_PreSnap,609.04,497.24,780.11,675.48,171.07000000000005,178.24,xml_geometry_csv_action
BootPass_106,18,14,14,Position_Unknown,Team_Unknown,Action_PreSnap,898.72,465.2,1059.22,673.18,160.5,207.97999999999996,xml_geometry_csv_action
BootPass_106,18,2,2,Position_Unknown,Team_Unknown,Action_PreSnap,334.56,445.53,497.01,643.79,162.45,198.26,xml_geometry_csv_action
BootPass_106,18,3,3,Position_Unknown,Team_Unknown,Action_PreSnap,1112.29,192.27,1238.55,436.73,126.25999999999999,244.46,xml_geometry_csv_action
BootPass_106,18,4,4,Position_Unknown,Team_Unknown,Action_PreSnap,1327.82,409.25,1492.02,658.64,164.20000000000005,249.39,xml_geometry_csv_action
BootPass_106,18,5,5,Position_Unknown,Team_Unknown,Action_PreSnap,1093.99,419.62,1286.39,632.15,192.4000000000001,212.52999999999997,xml_geometry_csv_action
BootPass_106,18,6,6,Position_Unknown,Team_Unknown,Action_PreSnap,1144.79,602.44,1292.68,900.18,147.8900000000001,297.7399999999999,xml_geometry_csv_action
BootPass_106,18,7,7,Position_Unknown,Team_Unknown,Action_PreSnap,519.78,567.01,649.32,793.27,129.54000000000008,226.26,xml_geometry_csv_action
BootPass_106,18,8,8,Position_Unknown,Team_Unknown,Action_PreSnap,0.0,920.28,129.38,1079.07,129.38,158.78999999999996,xml_geometry_csv_action
BootPass_106,18,9,9,Position_Unknown,Team_Unknown,Action_PreSnap,1011.89,495.59,1198.64,790.25,186.7500000000001,294.66,xml_geometry_csv_action
BootPass_106,19,0,0,Position_Unknown,Team_Unknown,Action_PreSnap,1441.04,816.69,1665.89,1078.89,224.85000000000014,262.20000000000005,xml_geometry_csv_action
BootPass_106,19,1,1,Position_Unknown,Team_Unknown,Action_PreSnap,851.36,211.29,988.02,478.55,136.65999999999997,267.26,xml_geometry_csv_action
BootPass_106,19,10,10,Position_Unknown,Team_Unknown,Action_PreSnap,757.11,654.31,894.33,945.27,137.22000000000003,290.96000000000004,xml_geometry_csv_action
BootPass_106,19,11,11,Position_Unknown,Team_Unknown,Action_PreSnap,835.52,567.74,992.02,780.21,156.5,212.47000000000003,xml_geometry_csv_action
BootPass_106,19,12,12,Position_Unknown,Team_Unknown,Action_PreSnap,389.55,447.57,554.65,729.45,165.09999999999997,281.88000000000005,xml_geometry_csv_action
BootPass_106,19,13,13,Position_Unknown,Team_Unknown,Action_PreSnap,610.32,494.08,780.49,672.36,170.16999999999996,178.28000000000003,xml_geometry_csv_action
BootPass_106,19,14,14,Position_Unknown,Team_Unknown,Action_PreSnap,903.3,458.39,1061.95,662.27,158.6500000000001,203.88,xml_geometry_csv_action
BootPass_106,19,2,2,Position_Unknown,Team_Unknown,Action_PreSnap,335.77,444.16,487.35,641.89,151.58000000000004,197.72999999999996,xml_geometry_csv_action
BootPass_106,19,3,3,Position_Unknown,Team_Unknown,Action_PreSnap,1112.64,192.3,1238.5,435.43,125.8599999999999,243.13,xml_geometry_csv_action
BootPass_106,19,4,4,Position_Unknown,Team_Unknown,Action_PreSnap,1324.56,406.29,1495.28,657.5,170.72000000000003,251.20999999999998,xml_geometry_csv_action
BootPass_106,19,5,5,Position_Unknown,Team_Unknown,Action_PreSnap,1096.61,412.19,1291.32,637.93,194.71000000000004,225.73999999999995,xml_geometry_csv_action
BootPass_106,19,6,6,Position_Unknown,Team_Unknown,Action_PreSnap,1144.06,600.68,1291.66,899.83,147.60000000000014,299.1500000000001,xml_geometry_csv_action
BootPass_106,19,7,7,Position_Unknown,Team_Unknown,Action_PreSnap,521.68,562.59,650.2,793.72,128.5200000000001,231.13,xml_geometry_csv_action
BootPass_106,19,8,8,Position_Unknown,Team_Unknown,Action_PreSnap,0.0,922.19,109.8,1078.88,109.8,156.69000000000005,xml_geometry_csv_action
BootPass_106,19,9,9,Position_Unknown,Team_Unknown,Action_PreSnap,1031.98,491.06,1202.68,786.6,170.70000000000005,295.54,xml_geometry_csv_action
BootPass_106,20,0,0,Position_Unknown,Team_Unknown,Action_PreSnap,1439.12,817.89,1666.68,1078.68,227.56000000000017,260.7900000000001,xml_geometry_csv_action
BootPass_106,20,1,1,Position_Unknown,Team_Unknown,Action_PreSnap,851.69,211.11,986.53,478.12,134.83999999999992,267.01,xml_geometry_csv_action
BootPass_106,20,10,10,Position_Unknown,Team_Unknown,Action_PreSnap,754.14,654.23,890.84,942.2,136.70000000000005,287.97,xml_geometry_csv_action
BootPass_106,20,11,11,Position_Unknown,Team_Unknown,Action_PreSnap,833.96,565.08,990.52,778.29,156.55999999999995,213.20999999999992,xml_geometry_csv_action
BootPass_106,20,12,12,Position_Unknown,Team_Unknown,Action_PreSnap,385.28,447.19,543.26,732.05,157.98000000000002,284.85999999999996,xml_geometry_csv_action
BootPass_106,20,13,13,Position_Unknown,Team_Unknown,Action_PreSnap,614.8,490.64,784.32,667.23,169.5200000000001,176.59000000000003,xml_geometry_csv_action
BootPass_106,20,14,14,Position_Unknown,Team_Unknown,Action_PreSnap,908.14,450.6,1067.57,658.45,159.42999999999995,207.85000000000002,xml_geometry_csv_action
BootPass_106,20,2,2,Position_Unknown,Team_Unknown,Action_PreSnap,336.3,440.56,474.54,639.95,138.24,199.39000000000004,xml_geometry_csv_action
BootPass_106,20,3,3,Position_Unknown,Team_Unknown,Action_PreSnap,1111.93,192.67,1238.39,435.12,126.46000000000004,242.45000000000002,xml_geometry_csv_action
BootPass_106,20,4,4,Position_Unknown,Team_Unknown,Action_PreSnap,1320.77,402.48,1497.23,654.51,176.46000000000004,252.02999999999997,xml_geometry_csv_action
BootPass_106,20,5,5,Position_Unknown,Team_Unknown,Action_PreSnap,1093.8,408.77,1297.02,639.36,203.22000000000003,230.59000000000003,xml_geometry_csv_action
BootPass_106,20,6,6,Position_Unknown,Team_Unknown,Action_PreSnap,1142.2,599.33,1289.45,898.41,147.25,299.0799999999999,xml_geometry_csv_action
BootPass_106,20,7,7,Position_Unknown,Team_Unknown,Action_PreSnap,523.9,556.1,650.98,792.61,127.08000000000004,236.51,xml_geometry_csv_action
BootPass_106,20,8,8,Position_Unknown,Team_Unknown,Action_PreSnap,0.0,922.59,91.0,1078.68,91.0,156.09000000000003,xml_geometry_csv_action
BootPass_106,20,9,9,Position_Unknown,Team_Unknown,Action_PreSnap,1057.41,485.61,1206.15,781.28,148.74,295.66999999999996,xml_geometry_csv_action
BootPass_106,21,0,0,Position_Unknown,Team_Unknown,Action_PreSnap,1440.23,818.88,1668.25,1078.72,228.01999999999998,259.84000000000003,xml_geometry_csv_action
BootPass_106,21,1,1,Position_Unknown,Team_Unknown,Action_PreSnap,851.84,212.14,984.09,478.64,132.25,266.5,xml_geometry_csv_action
BootPass_106,21,10,10,Position_Unknown,Team_Unknown,Action_PreSnap,747.6,654.89,886.2,939.98,138.60000000000002,285.09000000000003,xml_geometry_csv_action
BootPass_106,21,11,11,Position_Unknown,Team_Unknown,Action_PreSnap,832.92,558.77,988.41,777.67,155.49,218.89999999999998,xml_geometry_csv_action
BootPass_106,21,12,12,Position_Unknown,Team_Unknown,Action_PreSnap,385.12,449.38,532.56,732.83,147.43999999999994,283.45000000000005,xml_geometry_csv_action
BootPass_106,21,13,13,Position_Unknown,Team_Unknown,Action_PreSnap,618.96,484.75,796.22,665.39,177.26,180.64,xml_geometry_csv_action
BootPass_106,21,14,14,Position_Unknown,Team_Unknown,Action_PreSnap,909.05,443.78,1071.8,656.58,162.75,212.80000000000007,xml_geometry_csv_action
BootPass_106,21,2,2,Position_Unknown,Team_Unknown,Action_PreSnap,336.88,437.3,464.38,639.06,127.5,201.75999999999993,xml_geometry_csv_action
BootPass_106,21,3,3,Position_Unknown,Team_Unknown,Action_PreSnap,1111.7,193.62,1238.37,435.66,126.66999999999985,242.04000000000002,xml_geometry_csv_action
BootPass_106,21,4,4,Position_Unknown,Team_Unknown,Action_PreSnap,1313.4,399.88,1497.66,651.75,184.26,251.87,xml_geometry_csv_action
BootPass_106,21,5,5,Position_Unknown,Team_Unknown,Action_PreSnap,1085.4,406.44,1298.42,640.24,213.01999999999998,233.8,xml_geometry_csv_action
BootPass_106,21,6,6,Position_Unknown,Team_Unknown,Action_PreSnap,1137.98,599.17,1284.86,897.54,146.87999999999988,298.37,xml_geometry_csv_action
BootPass_106,21,7,7,Position_Unknown,Team_Unknown,Action_PreSnap,521.39,548.56,652.25,791.63,130.86,243.07000000000005,xml_geometry_csv_action
BootPass_106,21,8,8,Position_Unknown,Team_Unknown,Action_PreSnap,0.0,922.86,71.37,1078.71,71.37,155.85000000000002,xml_geometry_csv_action
BootPass_106,21,9,9,Position_Unknown,Team_Unknown,Action_PreSnap,1083.91,483.18,1212.3,771.66,128.38999999999987,288.47999999999996,xml_geometry_csv_action
BootPass_106,22,0,0,Position_Unknown,Team_Unknown,Action_PreSnap,1439.45,819.75,1674.91,1078.67,235.46000000000004,258.9200000000001,xml_geometry_csv_action
BootPass_106,22,1,1,Position_Unknown,Team_Unknown,Action_PreSnap,851.85,213.42,983.82,477.87,131.97000000000003,264.45000000000005,xml_geometry_csv_action
BootPass_106,22,10,10,Position_Unknown,Team_Unknown,Action_PreSnap,734.82,655.5,881.66,941.09,146.83999999999992,285.59000000000003,xml_geometry_csv_action
BootPass_106,22,11,11,Position_Unknown,Team_Unknown,Action_PreSnap,829.39,547.38,986.25,776.78,156.86,229.39999999999998,xml_geometry_csv_action
BootPass_106,22,12,12,Position_Unknown,Team_Unknown,Action_PreSnap,383.84,447.49,525.08,732.17,141.24000000000007,284.67999999999995,xml_geometry_csv_action
BootPass_106,22,13,13,Position_Unknown,Team_Unknown,Action_PreSnap,622.08,476.91,795.05,662.72,172.9699999999999,185.81,xml_geometry_csv_action
BootPass_106,22,14,14,Position_Unknown,Team_Unknown,Action_PreSnap,910.64,436.38,1079.35,655.25,168.70999999999992,218.87,xml_geometry_csv_action
BootPass_106,22,2,2,Position_Unknown,Team_Unknown,Action_PreSnap,330.09,433.12,457.2,635.69,127.11000000000001,202.57000000000005,xml_geometry_csv_action
BootPass_106,22,3,3,Position_Unknown,Team_Unknown,Action_PreSnap,1111.64,194.18,1238.13,435.07,126.49000000000001,240.89,xml_geometry_csv_action
BootPass_106,22,4,4,Position_Unknown,Team_Unknown,Action_PreSnap,1300.63,396.12,1497.37,647.34,196.73999999999978,251.22000000000003,xml_geometry_csv_action
BootPass_106,22,5,5,Position_Unknown,Team_Unknown,Action_PreSnap,1087.92,403.12,1290.61,623.34,202.68999999999983,220.22000000000003,xml_geometry_csv_action
BootPass_106,22,6,6,Position_Unknown,Team_Unknown,Action_PreSnap,1133.84,599.55,1280.5,897.66,146.66000000000008,298.11,xml_geometry_csv_action
BootPass_106,22,7,7,Position_Unknown,Team_Unknown,Action_PreSnap,518.46,540.3,653.83,789.29,135.37,248.99,xml_geometry_csv_action
BootPass_106,22,8,8,Position_Unknown,Team_Unknown,Action_PreSnap,0.0,921.52,55.16,1078.66,55.16,157.1400000000001,xml_geometry_csv_action
BootPass_106,22,9,9,Position_Unknown,Team_Unknown,Action_PreSnap,1099.58,480.54,1225.43,741.99,125.85000000000014,261.45,xml_geometry_csv_action
BootPass_106,23,0,0,Position_Unknown,Team_Unknown,Action_PreSnap,1442.58,820.07,1682.43,1078.74,239.85000000000014,258.66999999999996,xml_geometry_csv_action
BootPass_106,23,1,1,Position_Unknown,Team_Unknown,Action_PreSnap,851.64,215.09,984.77,478.4,133.13,263.30999999999995,xml_geometry_csv_action
BootPass_106,23,10,10,Position_Unknown,Team_Unknown,Action_PreSnap,723.65,655.94,878.36,942.7,154.71000000000004,286.76,xml_geometry_csv_action
BootPass_106,23,11,11,Position_Unknown,Team_Unknown,Action_PreSnap,826.87,537.03,985.57,775.86,158.70000000000005,238.83000000000004,xml_geometry_csv_action
BootPass_106,23,12,12,Position_Unknown,Team_Unknown,Action_PreSnap,383.79,447.83,509.73,730.91,125.94,283.08,xml_geometry_csv_action
BootPass_106,23,13,13,Position_Unknown,Team_Unknown,Action_PreSnap,626.04,470.45,799.33,658.89,173.29000000000008,188.44,xml_geometry_csv_action
BootPass_106,23,14,14,Position_Unknown,Team_Unknown,Action_PreSnap,914.47,429.63,1099.37,655.29,184.89999999999986,225.65999999999997,xml_geometry_csv_action
BootPass_106,23,2,2,Position_Unknown,Team_Unknown,Action_PreSnap,317.59,429.27,452.78,629.04,135.19,199.76999999999998,xml_geometry_csv_action
BootPass_106,23,3,3,Position_Unknown,Team_Unknown,Action_PreSnap,1112.47,195.47,1238.3,434.1,125.82999999999993,238.63000000000002,xml_geometry_csv_action
BootPass_106,23,4,4,Position_Unknown,Team_Unknown,Action_PreSnap,1288.01,393.44,1497.37,643.28,209.3599999999999,249.83999999999997,xml_geometry_csv_action
BootPass_106,23,5,5,Position_Unknown,Team_Unknown,Action_PreSnap,1089.05,400.05,1285.61,609.6,196.55999999999995,209.55,xml_geometry_csv_action
BootPass_106,23,6,6,Position_Unknown,Team_Unknown,Action_PreSnap,1136.38,597.97,1279.46,898.17,143.07999999999993,300.19999999999993,xml_geometry_csv_action
BootPass_106,23,7,7,Position_Unknown,Team_Unknown,Action_PreSnap,517.11,532.87,656.72,786.07,139.61,253.20000000000005,xml_geometry_csv_action
BootPass_106,23,9,9,Position_Unknown,Team_Unknown,Action_PreSnap,1107.62,476.13,1266.84,680.85,159.22000000000003,204.72000000000003,xml_geometry_csv_action
BootPass_106,24,0,0,Position_Unknown,Team_Unknown,Action_PreSnap,1444.65,820.84,1689.27,1078.79,244.6199999999999,257.94999999999993,xml_geometry_csv_action
BootPass_106,24,1,1,Position_Unknown,Team_Unknown,Action_PreSnap,850.54,216.6,983.55,478.74,133.01,262.14,xml_geometry_csv_action
BootPass_106,24,10,10,Position_Unknown,Team_Unknown,Action_PreSnap,716.99,656.39,873.82,944.13,156.83000000000004,287.74,xml_geometry_csv_action
BootPass_106,24,11,11,Position_Unknown,Team_Unknown,Action_PreSnap,824.77,526.46,984.9,774.17,160.13,247.70999999999992,xml_geometry_csv_action
BootPass_106,24,12,12,Position_Unknown,Team_Unknown,Action_PreSnap,380.49,449.58,497.98,733.11,117.49000000000001,283.53000000000003,xml_geometry_csv_action
BootPass_106,24,13,13,Position_Unknown,Team_Unknown,Action_PreSnap,630.77,464.6,810.71,658.36,179.94000000000005,193.76,xml_geometry_csv_action
BootPass_106,24,14,14,Position_Unknown,Team_Unknown,Action_PreSnap,921.55,423.04,1104.45,656.99,182.9000000000001,233.95,xml_geometry_csv_action
BootPass_106,24,2,2,Position_Unknown,Team_Unknown,Action_PreSnap,305.57,423.53,447.94,623.46,142.37,199.93000000000006,xml_geometry_csv_action
BootPass_106,24,3,3,Position_Unknown,Team_Unknown,Action_PreSnap,1114.0,196.55,1238.67,433.81,124.67000000000007,237.26,xml_geometry_csv_action
BootPass_106,24,4,4,Position_Unknown,Team_Unknown,Action_PreSnap,1281.16,390.56,1496.32,642.08,215.15999999999985,251.52000000000004,xml_geometry_csv_action
BootPass_106,24,5,5,Position_Unknown,Team_Unknown,Action_PreSnap,1089.48,395.49,1288.06,606.88,198.57999999999993,211.39,xml_geometry_csv_action
BootPass_106,24,6,6,Position_Unknown,Team_Unknown,Action_PreSnap,1136.3,596.7,1278.27,898.63,141.97000000000003,301.92999999999995,xml_geometry_csv_action
BootPass_106,24,7,7,Position_Unknown,Team_Unknown,Action_PreSnap,513.49,525.4,660.38,783.66,146.89,258.26,xml_geometry_csv_action
BootPass_106,24,9,9,Position_Unknown,Team_Unknown,Action_PreSnap,1115.98,476.5,1286.46,658.25,170.48000000000002,181.75,xml_geometry_csv_action
BootPass_106,25,0,0,Position_Unknown,Team_Unknown,Action_PreSnap,1440.28,821.53,1695.81,1078.76,255.52999999999997,257.23,xml_geometry_csv_action
BootPass_106,25,1,1,Position_Unknown,Team_Unknown,Action_PreSnap,849.57,217.71,983.15,478.76,133.57999999999993,261.04999999999995,xml_geometry_csv_action
BootPass_106,25,10,10,Position_Unknown,Team_Unknown,Action_PreSnap,714.96,655.5,869.84,944.1,154.88,288.6,xml_geometry_csv_action
BootPass_106,25,11,11,Position_Unknown,Team_Unknown,Action_PreSnap,824.26,517.76,984.58,771.17,160.32000000000005,253.40999999999997,xml_geometry_csv_action
BootPass_106,25,12,12,Position_Unknown,Team_Unknown,Action_PreSnap,371.23,452.99,489.06,737.16,117.82999999999998,284.16999999999996,xml_geometry_csv_action
BootPass_106,25,13,13,Position_Unknown,Team_Unknown,Action_PreSnap,633.04,460.34,816.06,659.88,183.01999999999998,199.54000000000002,xml_geometry_csv_action
BootPass_106,25,14,14,Position_Unknown,Team_Unknown,Action_PreSnap,930.35,418.38,1100.05,658.07,169.69999999999993,239.69000000000005,xml_geometry_csv_action
BootPass_106,25,2,2,Position_Unknown,Team_Unknown,Action_PreSnap,292.92,417.09,448.95,622.68,156.02999999999997,205.58999999999997,xml_geometry_csv_action
BootPass_106,25,3,3,Position_Unknown,Team_Unknown,Action_PreSnap,1115.33,197.37,1239.16,434.69,123.83000000000015,237.32,xml_geometry_csv_action
BootPass_106,25,4,4,Position_Unknown,Team_Unknown,Action_PreSnap,1280.79,387.82,1496.19,639.76,215.4000000000001,251.94,xml_geometry_csv_action
BootPass_106,25,5,5,Position_Unknown,Team_Unknown,Action_PreSnap,1084.12,389.03,1273.56,598.02,189.44000000000005,208.99,xml_geometry_csv_action
BootPass_106,25,6,6,Position_Unknown,Team_Unknown,Action_PreSnap,1135.71,595.1,1278.31,898.82,142.5999999999999,303.72,xml_geometry_csv_action
BootPass_106,25,7,7,Position_Unknown,Team_Unknown,Action_PreSnap,510.47,518.06,662.87,781.88,152.39999999999998,263.82000000000005,xml_geometry_csv_action
BootPass_106,25,9,9,Position_Unknown,Team_Unknown,Action_PreSnap,1128.94,479.65,1303.91,651.23,174.97000000000003,171.58000000000004,xml_geometry_csv_action
BootPass_106,26,0,0,Position_Unknown,Team_Unknown,Action_PreSnap,1438.34,823.01,1701.89,1078.86,263.5500000000002,255.8499999999999,xml_geometry_csv_action
BootPass_106,26,1,1,Position_Unknown,Team_Unknown,Action_PreSnap,848.38,218.06,983.4,479.61,135.01999999999998,261.55,xml_geometry_csv_action
BootPass_106,26,10,10,Position_Unknown,Team_Unknown,Action_PreSnap,713.26,654.63,866.41,944.21,153.14999999999998,289.58000000000004,xml_geometry_csv_action
BootPass_106,26,11,11,Position_Unknown,Team_Unknown,Action_PreSnap,825.6,511.02,983.6,765.08,158.0,254.06000000000006,xml_geometry_csv_action
BootPass_106,26,12,12,Position_Unknown,Team_Unknown,Action_PreSnap,355.13,459.3,482.84,743.19,127.70999999999998,283.89000000000004,xml_geometry_csv_action
BootPass_106,26,13,13,Position_Unknown,Team_Unknown,Action_PreSnap,633.79,458.05,817.59,660.67,183.80000000000007,202.61999999999995,xml_geometry_csv_action
BootPass_106,26,14,14,Position_Unknown,Team_Unknown,Action_PreSnap,937.39,415.02,1098.87,657.39,161.4799999999999,242.37,xml_geometry_csv_action
BootPass_106,26,2,2,Position_Unknown,Team_Unknown,Action_PreSnap,281.13,411.22,454.58,628.01,173.45,216.78999999999996,xml_geometry_csv_action
BootPass_106,26,3,3,Position_Unknown,Team_Unknown,Action_PreSnap,1115.74,197.92,1239.17,435.93,123.43000000000006,238.01000000000002,xml_geometry_csv_action
BootPass_106,26,4,4,Position_Unknown,Team_Unknown,Action_PreSnap,1278.6,385.5,1494.32,639.6,215.72000000000003,254.10000000000002,xml_geometry_csv_action
BootPass_106,26,5,5,Position_Unknown,Team_Unknown,Action_PreSnap,1071.79,380.76,1233.62,595.71,161.82999999999993,214.95000000000005,xml_geometry_csv_action
BootPass_106,26,6,6,Position_Unknown,Team_Unknown,Action_PreSnap,1134.9,592.21,1277.12,898.66,142.2199999999998,306.44999999999993,xml_geometry_csv_action
BootPass_106,26,7,7,Position_Unknown,Team_Unknown,Action_PreSnap,508.5,511.96,663.16,781.7,154.65999999999997,269.74000000000007,xml_geometry_csv_action
BootPass_106,26,9,9,Position_Unknown,Team_Unknown,Action_PreSnap,1143.58,474.9,1304.57,726.27,160.99,251.37,xml_geometry_csv_action
BootPass_106,27,0,0,Position_Unknown,Team_Unknown,Action_PreSnap,1439.45,825.5,1708.3,1079.0,268.8499999999999,253.5,xml_geometry_csv_action
BootPass_106,27,1,1,Position_Unknown,Team_Unknown,Action_PreSnap,848.19,217.51,984.01,480.96,135.81999999999994,263.45,xml_geometry_csv_action
BootPass_106,27,10,10,Position_Unknown,Team_Unknown,Action_PreSnap,713.26,652.88,865.44,944.18,152.18000000000006,291.29999999999995,xml_geometry_csv_action
BootPass_106,27,11,11,Position_Unknown,Team_Unknown,Action_PreSnap,824.58,506.58,986.22,756.09,161.64,249.51000000000005,xml_geometry_csv_action
BootPass_106,27,12,12,Position_Unknown,Team_Unknown,Action_PreSnap,334.45,463.78,483.17,753.87,148.72000000000003,290.09000000000003,xml_geometry_csv_action
BootPass_106,27,13,13,Position_Unknown,Team_Unknown,Action_PreSnap,637.6,456.62,820.73,662.31,183.13,205.68999999999994,xml_geometry_csv_action
BootPass_106,27,14,14,Position_Unknown,Team_Unknown,Action_PreSnap,947.7,414.28,1106.27,659.05,158.56999999999994,244.76999999999998,xml_geometry_csv_action
BootPass_106,27,2,2,Position_Unknown,Team_Unknown,Action_PreSnap,277.46,406.24,456.36,632.34,178.90000000000003,226.10000000000002,xml_geometry_csv_action
BootPass_106,27,3,3,Position_Unknown,Team_Unknown,Action_PreSnap,1114.5,197.6,1240.98,437.37,126.48000000000002,239.77,xml_geometry_csv_action
BootPass_106,27,4,4,Position_Unknown,Team_Unknown,Action_PreSnap,1275.52,383.92,1491.52,637.66,216.0,253.73999999999995,xml_geometry_csv_action
BootPass_106,27,5,5,Position_Unknown,Team_Unknown,Action_PreSnap,1059.19,374.97,1219.01,598.59,159.81999999999994,223.62,xml_geometry_csv_action
BootPass_106,27,6,6,Position_Unknown,Team_Unknown,Action_PreSnap,1134.69,594.06,1277.08,898.64,142.38999999999987,304.58000000000004,xml_geometry_csv_action
BootPass_106,27,7,7,Position_Unknown,Team_Unknown,Action_PreSnap,507.19,506.84,664.95,781.24,157.76000000000005,274.40000000000003,xml_geometry_csv_action
BootPass_106,27,9,9,Position_Unknown,Team_Unknown,Action_PreSnap,1159.73,474.13,1323.38,749.84,163.6500000000001,275.71000000000004,xml_geometry_csv_action
BootPass_106,28,0,0,Position_Unknown,Team_Unknown,Action_PreSnap,1440.0,828.25,1712.52,1078.77,272.52,250.51999999999998,xml_geometry_csv_action
BootPass_106,28,1,1,Position_Unknown,Team_Unknown,Action_PreSnap,847.15,215.37,985.06,480.25,137.90999999999997,264.88,xml_geometry_csv_action
BootPass_106,28,10,10,Position_Unknown,Team_Unknown,Action_PreSnap,711.83,649.95,863.51,942.06,151.67999999999995,292.1099999999999,xml_geometry_csv_action
BootPass_106,28,11,11,Position_Unknown,Team_Unknown,Action_PreSnap,819.08,502.59,993.47,748.92,174.39,246.32999999999998,xml_geometry_csv_action
BootPass_106,28,12,12,Position_Unknown,Team_Unknown,Action_PreSnap,306.6,466.08,475.39,759.69,168.78999999999996,293.61000000000007,xml_geometry_csv_action
BootPass_106,28,13,13,Position_Unknown,Team_Unknown,Action_PreSnap,641.71,455.05,822.32,669.32,180.61,214.27000000000004,xml_geometry_csv_action
BootPass_106,28,14,14,Position_Unknown,Team_Unknown,Action_PreSnap,958.6,414.03,1114.74,658.04,156.14,244.01,xml_geometry_csv_action
BootPass_106,28,2,2,Position_Unknown,Team_Unknown,Action_PreSnap,275.66,401.5,455.95,634.64,180.28999999999996,233.14,xml_geometry_csv_action
BootPass_106,28,3,3,Position_Unknown,Team_Unknown,Action_PreSnap,1109.92,195.39,1240.98,437.08,131.05999999999995,241.69,xml_geometry_csv_action
BootPass_106,28,4,4,Position_Unknown,Team_Unknown,Action_PreSnap,1270.67,381.14,1482.91,633.77,212.24,252.63,xml_geometry_csv_action
BootPass_106,28,5,5,Position_Unknown,Team_Unknown,Action_PreSnap,1046.6,368.12,1209.33,600.08,162.73000000000002,231.96000000000004,xml_geometry_csv_action
BootPass_106,28,6,6,Position_Unknown,Team_Unknown,Action_PreSnap,1131.52,594.79,1276.96,897.99,145.44000000000005,303.20000000000005,xml_geometry_csv_action
BootPass_106,28,7,7,Position_Unknown,Team_Unknown,Action_PreSnap,513.02,501.32,669.09,778.48,156.07000000000005,277.16,xml_geometry_csv_action
BootPass_106,28,9,9,Position_Unknown,Team_Unknown,Action_PreSnap,1171.37,474.71,1347.89,756.45,176.5200000000002,281.74000000000007,xml_geometry_csv_action
BootPass_106,29,0,0,Position_Unknown,Team_Unknown,Action_PreSnap,1445.06,834.19,1711.84,1079.41,266.78,245.22000000000003,xml_geometry_csv_action
BootPass_106,29,1,1,Position_Unknown,Team_Unknown,Action_PreSnap,846.06,214.66,983.89,480.9,137.83000000000004,266.24,xml_geometry_csv_action
BootPass_106,29,10,10,Position_Unknown,Team_Unknown,Action_PreSnap,710.21,650.44,859.89,942.43,149.67999999999995,291.9899999999999,xml_geometry_csv_action
BootPass_106,29,11,11,Position_Unknown,Team_Unknown,Action_PreSnap,815.47,501.48,1006.19,749.05,190.72000000000003,247.56999999999994,xml_geometry_csv_action
BootPass_106,29,12,12,Position_Unknown,Team_Unknown,Action_PreSnap,279.66,472.44,464.12,762.78,184.45999999999998,290.34,xml_geometry_csv_action
BootPass_106,29,13,13,Position_Unknown,Team_Unknown,Action_PreSnap,643.99,457.09,826.26,670.15,182.26999999999998,213.06,xml_geometry_csv_action
BootPass_106,29,14,14,Position_Unknown,Team_Unknown,Action_PreSnap,970.23,416.71,1124.11,669.03,153.87999999999988,252.32,xml_geometry_csv_action
BootPass_106,29,2,2,Position_Unknown,Team_Unknown,Action_PreSnap,274.18,401.12,450.9,637.83,176.71999999999997,236.71000000000004,xml_geometry_csv_action
BootPass_106,29,3,3,Position_Unknown,Team_Unknown,Action_PreSnap,1105.94,195.61,1241.22,437.77,135.27999999999997,242.15999999999997,xml_geometry_csv_action
BootPass_106,29,4,4,Position_Unknown,Team_Unknown,Action_PreSnap,1267.06,380.68,1467.38,631.05,200.32000000000016,250.36999999999995,xml_geometry_csv_action
BootPass_106,29,5,5,Position_Unknown,Team_Unknown,Action_PreSnap,1033.52,363.78,1197.2,600.91,163.68000000000006,237.13,xml_geometry_csv_action
BootPass_106,29,6,6,Position_Unknown,Team_Unknown,Action_PreSnap,1129.26,597.83,1276.58,898.54,147.31999999999994,300.7099999999999,xml_geometry_csv_action
BootPass_106,29,7,7,Position_Unknown,Team_Unknown,Action_PreSnap,517.8,499.33,670.95,777.85,153.1500000000001,278.52000000000004,xml_geometry_csv_action
BootPass_106,29,9,9,Position_Unknown,Team_Unknown,Action_PreSnap,1180.38,476.85,1366.36,759.09,185.9799999999998,282.24,xml_geometry_csv_action
BootPass_106,30,0,0,Position_Unknown,Team_Unknown,Action_PreSnap,1455.37,839.65,1707.24,1079.1,251.87000000000012,239.44999999999993,xml_geometry_csv_action
BootPass_106,30,1,1,Position_Unknown,Team_Unknown,Action_PreSnap,847.27,212.1,977.64,481.02,130.37,268.91999999999996,xml_geometry_csv_action
BootPass_106,30,10,10,Position_Unknown,Team_Unknown,Action_PreSnap,709.79,650.22,854.54,940.03,144.75,289.80999999999995,xml_geometry_csv_action
BootPass_106,30,11,11,Position_Unknown,Team_Unknown,Action_PreSnap,819.78,499.26,1016.16,749.61,196.38,250.35000000000002,xml_geometry_csv_action
BootPass_106,30,12,12,Position_Unknown,Team_Unknown,Action_PreSnap,256.11,478.73,452.93,762.2,196.82,283.47,xml_geometry_csv_action
BootPass_106,30,13,13,Position_Unknown,Team_Unknown,Action_PreSnap,649.4,458.87,830.14,666.55,180.74,207.67999999999995,xml_geometry_csv_action
BootPass_106,30,14,14,Position_Unknown,Team_Unknown,Action_PreSnap,981.5,413.35,1140.93,677.3,159.43000000000006,263.94999999999993,xml_geometry_csv_action
BootPass_106,30,2,2,Position_Unknown,Team_Unknown,Action_PreSnap,273.97,400.99,442.65,635.79,168.67999999999995,234.79999999999995,xml_geometry_csv_action
BootPass_106,30,3,3,Position_Unknown,Team_Unknown,Action_PreSnap,1102.78,195.05,1241.66,437.61,138.8800000000001,242.56,xml_geometry_csv_action
BootPass_106,30,4,4,Position_Unknown,Team_Unknown,Action_PreSnap,1265.95,379.36,1446.9,622.61,180.95000000000005,243.25,xml_geometry_csv_action
BootPass_106,30,5,5,Position_Unknown,Team_Unknown,Action_PreSnap,1022.97,358.43,1194.29,598.38,171.31999999999994,239.95,xml_geometry_csv_action
BootPass_106,30,6,6,Position_Unknown,Team_Unknown,Action_PreSnap,1127.16,600.93,1277.37,897.34,150.2099999999998,296.4100000000001,xml_geometry_csv_action
BootPass_106,30,7,7,Position_Unknown,Team_Unknown,Action_PreSnap,521.78,495.85,678.7,774.19,156.92000000000007,278.34000000000003,xml_geometry_csv_action
BootPass_106,30,9,9,Position_Unknown,Team_Unknown,Action_PreSnap,1193.66,476.05,1377.94,760.16,184.27999999999997,284.10999999999996,xml_geometry_csv_action
BootPass_106,31,0,0,Position_Unknown,Team_Unknown,Action_PreSnap,1471.11,844.57,1699.06,1079.18,227.95000000000005,234.61,xml_geometry_csv_action
BootPass_106,31,1,1,Position_Unknown,Team_Unknown,Action_PreSnap,847.06,209.77,970.61,482.31,123.55000000000007,272.53999999999996,xml_geometry_csv_action
BootPass_106,31,10,10,Position_Unknown,Team_Unknown,Action_PreSnap,707.03,651.81,848.84,939.26,141.81000000000006,287.45000000000005,xml_geometry_csv_action
BootPass_106,31,11,11,Position_Unknown,Team_Unknown,Action_PreSnap,820.93,497.69,1021.78,750.3,200.85000000000002,252.60999999999996,xml_geometry_csv_action
BootPass_106,31,12,12,Position_Unknown,Team_Unknown,Action_PreSnap,232.22,481.2,440.21,761.98,207.98999999999998,280.78000000000003,xml_geometry_csv_action
BootPass_106,31,13,13,Position_Unknown,Team_Unknown,Action_PreSnap,650.17,460.78,833.66,669.94,183.49,209.16000000000008,xml_geometry_csv_action
BootPass_106,31,14,14,Position_Unknown,Team_Unknown,Action_PreSnap,986.12,413.25,1153.66,680.4,167.54000000000008,267.15,xml_geometry_csv_action
BootPass_106,31,2,2,Position_Unknown,Team_Unknown,Action_PreSnap,274.2,401.39,434.88,634.84,160.68,233.45000000000005,xml_geometry_csv_action
BootPass_106,31,3,3,Position_Unknown,Team_Unknown,Action_PreSnap,1102.06,196.55,1242.01,437.87,139.95000000000005,241.32,xml_geometry_csv_action
BootPass_106,31,4,4,Position_Unknown,Team_Unknown,Action_PreSnap,1265.31,376.82,1432.33,615.64,167.01999999999998,238.82,xml_geometry_csv_action
BootPass_106,31,5,5,Position_Unknown,Team_Unknown,Action_PreSnap,1013.11,354.18,1197.46,591.82,184.35000000000002,237.64000000000004,xml_geometry_csv_action
BootPass_106,31,6,6,Position_Unknown,Team_Unknown,Action_PreSnap,1123.74,604.9,1279.58,898.14,155.83999999999992,293.24,xml_geometry_csv_action
BootPass_106,31,7,7,Position_Unknown,Team_Unknown,Action_PreSnap,525.24,491.96,692.37,771.63,167.13,279.67,xml_geometry_csv_action
BootPass_106,31,9,9,Position_Unknown,Team_Unknown,Action_PreSnap,1202.06,473.15,1381.67,762.43,179.61000000000013,289.28,xml_geometry_csv_action
BootPass_106,32,0,0,Position_Unknown,Team_Unknown,Action_PreSnap,1481.8,847.51,1688.84,1079.27,207.03999999999996,231.76,xml_geometry_csv_action
BootPass_106,32,1,1,Position_Unknown,Team_Unknown,Action_PreSnap,845.66,209.23,972.62,482.3,126.96000000000004,273.07000000000005,xml_geometry_csv_action
BootPass_106,32,10,10,Position_Unknown,Team_Unknown,Action_PreSnap,701.48,654.6,846.66,943.38,145.17999999999995,288.78,xml_geometry_csv_action
BootPass_106,32,11,11,Position_Unknown,Team_Unknown,Action_PreSnap,823.37,495.8,1026.06,750.91,202.68999999999994,255.10999999999996,xml_geometry_csv_action
BootPass_106,32,12,12,Position_Unknown,Team_Unknown,Action_PreSnap,216.19,483.18,433.53,762.44,217.33999999999997,279.26000000000005,xml_geometry_csv_action
BootPass_106,32,13,13,Position_Unknown,Team_Unknown,Action_PreSnap,649.91,462.74,837.36,671.12,187.45000000000005,208.38,xml_geometry_csv_action
BootPass_106,32,14,14,Position_Unknown,Team_Unknown,Action_PreSnap,991.58,413.69,1168.8,681.5,177.2199999999999,267.81,xml_geometry_csv_action
BootPass_106,32,2,2,Position_Unknown,Team_Unknown,Action_PreSnap,277.79,402.93,428.76,637.83,150.96999999999997,234.90000000000003,xml_geometry_csv_action
BootPass_106,32,3,3,Position_Unknown,Team_Unknown,Action_PreSnap,1102.0,199.87,1243.98,438.57,141.98000000000002,238.7,xml_geometry_csv_action
BootPass_106,32,4,4,Position_Unknown,Team_Unknown,Action_PreSnap,1264.11,375.08,1423.72,611.7,159.61000000000013,236.62000000000006,xml_geometry_csv_action
BootPass_106,32,6,6,Position_Unknown,Team_Unknown,Action_PreSnap,1120.36,608.96,1281.99,898.15,161.6300000000001,289.18999999999994,xml_geometry_csv_action
BootPass_106,32,7,7,Position_Unknown,Team_Unknown,Action_PreSnap,528.93,490.07,703.68,769.36,174.75,279.29,xml_geometry_csv_action
BootPass_106,32,9,9,Position_Unknown,Team_Unknown,Action_PreSnap,1209.96,469.69,1380.39,766.69,170.43000000000006,297.00000000000006,xml_geometry_csv_action
BootPass_106,33,0,0,Position_Unknown,Team_Unknown,Action_PreSnap,1495.83,848.42,1692.35,1079.26,196.51999999999998,230.84000000000003,xml_geometry_csv_action
BootPass_106,33,1,1,Position_Unknown,Team_Unknown,Action_PreSnap,841.37,208.66,979.06,483.01,137.68999999999994,274.35,xml_geometry_csv_action
BootPass_106,33,10,10,Position_Unknown,Team_Unknown,Action_PreSnap,690.54,658.09,853.78,948.66,163.24,290.56999999999994,xml_geometry_csv_action
BootPass_106,33,11,11,Position_Unknown,Team_Unknown,Action_PreSnap,823.2,493.03,1030.45,751.8,207.25,258.77,xml_geometry_csv_action
BootPass_106,33,12,12,Position_Unknown,Team_Unknown,Action_PreSnap,205.61,482.73,430.95,763.49,225.33999999999997,280.76,xml_geometry_csv_action
BootPass_106,33,13,13,Position_Unknown,Team_Unknown,Action_PreSnap,654.96,463.63,841.66,673.73,186.69999999999993,210.10000000000002,xml_geometry_csv_action
BootPass_106,33,14,14,Position_Unknown,Team_Unknown,Action_PreSnap,998.98,414.63,1186.38,682.22,187.4000000000001,267.59000000000003,xml_geometry_csv_action
BootPass_106,33,2,2,Position_Unknown,Team_Unknown,Action_PreSnap,270.15,403.49,425.5,635.74,155.35000000000002,232.25,xml_geometry_csv_action
BootPass_106,33,3,3,Position_Unknown,Team_Unknown,Action_PreSnap,1102.26,204.82,1247.91,440.28,145.6500000000001,235.45999999999998,xml_geometry_csv_action
BootPass_106,33,4,4,Position_Unknown,Team_Unknown,Action_PreSnap,1260.59,372.01,1419.87,612.29,159.27999999999997,240.27999999999997,xml_geometry_csv_action
BootPass_106,33,5,5,Position_Unknown,Team_Unknown,Action_PreSnap,995.3,349.75,1125.95,489.58,130.6500000000001,139.82999999999998,xml_geometry_csv_action
BootPass_106,33,6,6,Position_Unknown,Team_Unknown,Action_PreSnap,1117.24,612.69,1285.85,898.74,168.6099999999999,286.04999999999995,xml_geometry_csv_action
BootPass_106,33,7,7,Position_Unknown,Team_Unknown,Action_PreSnap,533.16,488.02,709.78,768.69,176.62,280.6700000000001,xml_geometry_csv_action
BootPass_106,33,9,9,Position_Unknown,Team_Unknown,Action_PreSnap,1219.66,463.82,1384.28,768.97,164.6199999999999,305.15000000000003,xml_geometry_csv_action
BootPass_106,34,0,0,Position_Unknown,Team_Unknown,Action_PreSnap,1512.83,849.6,1694.9,1079.11,182.07000000000016,229.50999999999988,xml_geometry_csv_action
BootPass_106,34,1,1,Position_Unknown,Team_Unknown,Action_PreSnap,841.95,208.87,981.78,481.79,139.82999999999993,272.92,xml_geometry_csv_action
BootPass_106,34,10,10,Position_Unknown,Team_Unknown,Action_PreSnap,680.62,661.92,859.22,950.85,178.60000000000002,288.93000000000006,xml_geometry_csv_action
BootPass_106,34,11,11,Position_Unknown,Team_Unknown,Action_PreSnap,822.98,488.56,1033.29,750.79,210.30999999999995,262.22999999999996,xml_geometry_csv_action
BootPass_106,34,12,12,Position_Unknown,Team_Unknown,Action_PreSnap,199.39,479.41,431.16,764.6,231.77000000000004,285.19,xml_geometry_csv_action
BootPass_106,34,13,13,Position_Unknown,Team_Unknown,Action_PreSnap,660.7,463.3,845.08,675.02,184.38,211.71999999999997,xml_geometry_csv_action
BootPass_106,34,14,14,Position_Unknown,Team_Unknown,Action_PreSnap,1005.19,413.64,1208.39,681.24,203.20000000000005,267.6,xml_geometry_csv_action
BootPass_106,34,2,2,Position_Unknown,Team_Unknown,Action_PreSnap,253.08,403.79,422.55,631.3,169.47,227.50999999999993,xml_geometry_csv_action
BootPass_106,34,3,3,Position_Unknown,Team_Unknown,Action_PreSnap,1102.18,210.35,1252.7,445.86,150.51999999999998,235.51000000000002,xml_geometry_csv_action
BootPass_106,34,4,4,Position_Unknown,Team_Unknown,Action_PreSnap,1251.34,370.81,1417.58,617.66,166.24,246.84999999999997,xml_geometry_csv_action
BootPass_106,34,5,5,Position_Unknown,Team_Unknown,Action_PreSnap,980.14,347.81,1104.28,466.24,124.13999999999999,118.43,xml_geometry_csv_action
BootPass_106,34,6,6,Position_Unknown,Team_Unknown,Action_PreSnap,1113.16,613.35,1290.69,898.46,177.52999999999997,285.11,xml_geometry_csv_action
BootPass_106,34,7,7,Position_Unknown,Team_Unknown,Action_PreSnap,539.12,486.09,714.25,767.36,175.13,281.27000000000004,xml_geometry_csv_action
BootPass_106,34,9,9,Position_Unknown,Team_Unknown,Action_PreSnap,1236.24,459.28,1391.97,771.58,155.73000000000002,312.30000000000007,xml_geometry_csv_action
BootPass_106,35,0,0,Position_Unknown,Team_Unknown,Action_PreSnap,1529.88,851.75,1696.85,1078.91,166.9699999999998,227.16000000000008,xml_geometry_csv_action
BootPass_106,35,1,1,Position_Unknown,Team_Unknown,Action_PreSnap,840.61,210.7,987.51,481.02,146.89999999999998,270.32,xml_geometry_csv_action
BootPass_106,35,10,10,Position_Unknown,Team_Unknown,Action_PreSnap,674.86,665.39,862.38,951.51,187.51999999999998,286.12,xml_geometry_csv_action
BootPass_106,35,11,11,Position_Unknown,Team_Unknown,Action_PreSnap,826.07,482.85,1035.43,748.71,209.36,265.86,xml_geometry_csv_action
BootPass_106,35,12,12,Position_Unknown,Team_Unknown,Action_PreSnap,196.76,474.86,434.61,764.36,237.85000000000002,289.5,xml_geometry_csv_action
BootPass_106,35,13,13,Position_Unknown,Team_Unknown,Action_PreSnap,661.79,461.89,848.47,675.63,186.68000000000006,213.74,xml_geometry_csv_action
BootPass_106,35,14,14,Position_Unknown,Team_Unknown,Action_PreSnap,1009.11,413.04,1221.2,681.43,212.09000000000003,268.38999999999993,xml_geometry_csv_action
BootPass_106,35,2,2,Position_Unknown,Team_Unknown,Action_PreSnap,256.61,402.25,424.37,639.92,167.76,237.66999999999996,xml_geometry_csv_action
BootPass_106,35,3,3,Position_Unknown,Team_Unknown,Action_PreSnap,1102.58,217.51,1258.72,448.46,156.1400000000001,230.95,xml_geometry_csv_action
BootPass_106,35,4,4,Position_Unknown,Team_Unknown,Action_PreSnap,1242.23,369.2,1417.63,618.9,175.4000000000001,249.7,xml_geometry_csv_action
BootPass_106,35,5,5,Position_Unknown,Team_Unknown,Action_PreSnap,973.74,345.45,1098.58,546.38,124.83999999999992,200.93,xml_geometry_csv_action
BootPass_106,35,6,6,Position_Unknown,Team_Unknown,Action_PreSnap,1105.83,612.26,1295.38,898.82,189.55000000000018,286.56000000000006,xml_geometry_csv_action
BootPass_106,35,7,7,Position_Unknown,Team_Unknown,Action_PreSnap,544.32,484.01,717.76,766.09,173.43999999999994,282.08000000000004,xml_geometry_csv_action
BootPass_106,35,9,9,Position_Unknown,Team_Unknown,Action_PreSnap,1253.62,456.43,1404.9,772.86,151.2800000000002,316.43,xml_geometry_csv_action
BootPass_106,36,0,0,Position_Unknown,Team_Unknown,Action_PreSnap,1541.52,857.21,1699.0,1079.12,157.48000000000002,221.90999999999985,xml_geometry_csv_action
BootPass_106,36,1,1,Position_Unknown,Team_Unknown,Action_PreSnap,842.21,214.29,997.64,481.99,155.42999999999995,267.70000000000005,xml_geometry_csv_action
BootPass_106,36,10,10,Position_Unknown,Team_Unknown,Action_PreSnap,674.91,668.54,866.63,953.01,191.72000000000003,284.47,xml_geometry_csv_action
BootPass_106,36,11,11,Position_Unknown,Team_Unknown,Action_PreSnap,830.49,479.27,1032.98,746.02,202.49,266.75,xml_geometry_csv_action
BootPass_106,36,12,12,Position_Unknown,Team_Unknown,Action_PreSnap,197.38,471.5,437.82,763.69,240.44,292.19000000000005,xml_geometry_csv_action
BootPass_106,36,13,13,Position_Unknown,Team_Unknown,Action_PreSnap,663.17,461.07,850.98,675.19,187.81000000000006,214.12000000000006,xml_geometry_csv_action
BootPass_106,36,14,14,Position_Unknown,Team_Unknown,Action_PreSnap,1014.69,415.28,1230.54,680.87,215.8499999999999,265.59000000000003,xml_geometry_csv_action
BootPass_106,36,2,2,Position_Unknown,Team_Unknown,Action_PreSnap,262.52,400.78,427.92,645.71,165.40000000000003,244.93000000000006,xml_geometry_csv_action
BootPass_106,36,3,3,Position_Unknown,Team_Unknown,Action_PreSnap,1104.7,226.44,1265.31,449.91,160.6099999999999,223.47000000000003,xml_geometry_csv_action
BootPass_106,36,4,4,Position_Unknown,Team_Unknown,Action_PreSnap,1231.13,370.22,1417.74,630.97,186.6099999999999,260.75,xml_geometry_csv_action
BootPass_106,36,5,5,Position_Unknown,Team_Unknown,Action_PreSnap,967.67,344.61,1095.41,577.01,127.74000000000012,232.39999999999998,xml_geometry_csv_action
BootPass_106,36,6,6,Position_Unknown,Team_Unknown,Action_PreSnap,1093.64,610.28,1299.79,898.03,206.14999999999986,287.75,xml_geometry_csv_action
BootPass_106,36,7,7,Position_Unknown,Team_Unknown,Action_PreSnap,548.76,482.04,719.63,765.46,170.87,283.42,xml_geometry_csv_action
BootPass_106,36,9,9,Position_Unknown,Team_Unknown,Action_PreSnap,1274.14,455.56,1413.84,775.42,139.69999999999982,319.85999999999996,xml_geometry_csv_action
BootPass_106,37,0,0,Position_Unknown,Team_Unknown,Action_PreSnap,1546.61,863.06,1705.33,1078.63,158.72000000000003,215.57000000000016,xml_geometry_csv_action
BootPass_106,37,1,1,Position_Unknown,Team_Unknown,Action_PreSnap,842.37,216.33,1002.69,481.96,160.32000000000005,265.63,xml_geometry_csv_action
BootPass_106,37,10,10,Position_Unknown,Team_Unknown,Action_PreSnap,676.52,667.87,870.04,953.15,193.51999999999998,285.28,xml_geometry_csv_action
BootPass_106,37,11,11,Position_Unknown,Team_Unknown,Action_PreSnap,836.44,474.69,1027.1,741.71,190.65999999999985,267.02000000000004,xml_geometry_csv_action
BootPass_106,37,12,12,Position_Unknown,Team_Unknown,Action_PreSnap,200.03,468.4,439.11,760.63,239.08,292.23,xml_geometry_csv_action
BootPass_106,37,13,13,Position_Unknown,Team_Unknown,Action_PreSnap,665.71,458.3,852.25,673.39,186.53999999999996,215.08999999999997,xml_geometry_csv_action
BootPass_106,37,14,14,Position_Unknown,Team_Unknown,Action_PreSnap,1021.02,415.81,1235.57,679.21,214.54999999999995,263.40000000000003,xml_geometry_csv_action
BootPass_106,37,2,2,Position_Unknown,Team_Unknown,Action_PreSnap,264.63,396.04,431.02,646.52,166.39,250.47999999999996,xml_geometry_csv_action
BootPass_106,37,3,3,Position_Unknown,Team_Unknown,Action_PreSnap,1104.24,232.41,1269.36,448.98,165.1199999999999,216.57000000000002,xml_geometry_csv_action
BootPass_106,37,4,4,Position_Unknown,Team_Unknown,Action_PreSnap,1225.7,369.63,1417.02,636.23,191.31999999999994,266.6,xml_geometry_csv_action
BootPass_106,37,5,5,Position_Unknown,Team_Unknown,Action_PreSnap,960.29,340.99,1087.92,592.11,127.63000000000011,251.12,xml_geometry_csv_action
BootPass_106,37,6,6,Position_Unknown,Team_Unknown,Action_PreSnap,1075.0,604.2,1303.76,894.68,228.76,290.4799999999999,xml_geometry_csv_action
BootPass_106,37,7,7,Position_Unknown,Team_Unknown,Action_PreSnap,552.39,476.8,718.04,756.83,165.64999999999998,280.03000000000003,xml_geometry_csv_action
BootPass_106,37,9,9,Position_Unknown,Team_Unknown,Action_PreSnap,1295.9,453.62,1425.97,774.28,130.06999999999994,320.65999999999997,xml_geometry_csv_action
BootPass_106,38,0,0,Position_Unknown,Team_Unknown,Action_PreSnap,1551.31,871.88,1711.51,1079.0,160.20000000000005,207.12,xml_geometry_csv_action
BootPass_106,38,1,1,Position_Unknown,Team_Unknown,Action_PreSnap,842.97,219.98,1007.34,483.26,164.37,263.28,xml_geometry_csv_action
BootPass_106,38,10,10,Position_Unknown,Team_Unknown,Action_PreSnap,674.97,667.14,868.18,952.65,193.20999999999992,285.51,xml_geometry_csv_action
BootPass_106,38,11,11,Position_Unknown,Team_Unknown,Action_PreSnap,839.13,473.24,1019.95,740.74,180.82000000000005,267.5,xml_geometry_csv_action
BootPass_106,38,12,12,Position_Unknown,Team_Unknown,Action_PreSnap,201.77,466.61,429.4,757.39,227.62999999999997,290.78,xml_geometry_csv_action
BootPass_106,38,13,13,Position_Unknown,Team_Unknown,Action_PreSnap,662.06,457.39,852.76,674.55,190.70000000000005,217.15999999999997,xml_geometry_csv_action
BootPass_106,38,14,14,Position_Unknown,Team_Unknown,Action_PreSnap,1023.17,416.92,1235.0,679.15,211.83000000000004,262.22999999999996,xml_geometry_csv_action
BootPass_106,38,2,2,Position_Unknown,Team_Unknown,Action_PreSnap,257.05,393.31,434.55,649.55,177.5,256.23999999999995,xml_geometry_csv_action
BootPass_106,38,3,3,Position_Unknown,Team_Unknown,Action_PreSnap,1098.37,237.89,1270.27,451.26,171.9000000000001,213.37,xml_geometry_csv_action
BootPass_106,38,4,4,Position_Unknown,Team_Unknown,Action_PreSnap,1222.4,372.08,1407.8,639.55,185.39999999999986,267.46999999999997,xml_geometry_csv_action
BootPass_106,38,5,5,Position_Unknown,Team_Unknown,Action_PreSnap,950.49,340.3,1078.04,599.09,127.54999999999995,258.79,xml_geometry_csv_action
BootPass_106,38,6,6,Position_Unknown,Team_Unknown,Action_PreSnap,1053.29,600.82,1303.01,891.81,249.72000000000003,290.9899999999999,xml_geometry_csv_action
BootPass_106,38,7,7,Position_Unknown,Team_Unknown,Action_PreSnap,554.92,472.66,713.93,751.82,159.01,279.16,xml_geometry_csv_action
BootPass_106,38,9,9,Position_Unknown,Team_Unknown,Action_PreSnap,1313.94,451.79,1438.37,774.32,124.42999999999984,322.53000000000003,xml_geometry_csv_action
BootPass_106,39,0,0,Position_Unknown,Team_Unknown,Action_PreSnap,1554.84,879.66,1719.12,1078.68,164.27999999999997,199.0200000000001,xml_geometry_csv_action
BootPass_106,39,1,1,Position_Unknown,Team_Unknown,Action_PreSnap,849.5,221.45,1008.46,483.16,158.96000000000004,261.71000000000004,xml_geometry_csv_action
BootPass_106,39,10,10,Position_Unknown,Team_Unknown,Action_PreSnap,671.43,663.48,863.61,950.25,192.18000000000006,286.77,xml_geometry_csv_action
BootPass_106,39,11,11,Position_Unknown,Team_Unknown,Action_PreSnap,839.58,469.6,1013.62,740.19,174.03999999999996,270.59000000000003,xml_geometry_csv_action
BootPass_106,39,12,12,Position_Unknown,Team_Unknown,Action_PreSnap,204.85,459.12,406.84,753.68,201.98999999999998,294.55999999999995,xml_geometry_csv_action
BootPass_106,39,13,13,Position_Unknown,Team_Unknown,Action_PreSnap,658.59,456.65,855.9,673.96,197.30999999999995,217.31000000000006,xml_geometry_csv_action
BootPass_106,39,14,14,Position_Unknown,Team_Unknown,Action_PreSnap,1025.1,415.82,1234.64,677.84,209.5400000000002,262.02000000000004,xml_geometry_csv_action
BootPass_106,39,2,2,Position_Unknown,Team_Unknown,Action_PreSnap,232.97,389.14,437.92,650.85,204.95000000000002,261.71000000000004,xml_geometry_csv_action
BootPass_106,39,3,3,Position_Unknown,Team_Unknown,Action_PreSnap,1085.06,239.18,1271.85,450.16,186.78999999999996,210.98000000000002,xml_geometry_csv_action
BootPass_106,39,4,4,Position_Unknown,Team_Unknown,Action_PreSnap,1224.93,373.19,1399.73,640.14,174.79999999999995,266.95,xml_geometry_csv_action
BootPass_106,39,5,5,Position_Unknown,Team_Unknown,Action_PreSnap,940.79,338.79,1068.66,600.44,127.87000000000012,261.65000000000003,xml_geometry_csv_action
BootPass_106,39,6,6,Position_Unknown,Team_Unknown,Action_PreSnap,1034.0,596.91,1296.84,884.6,262.8399999999999,287.69000000000005,xml_geometry_csv_action
BootPass_106,39,7,7,Position_Unknown,Team_Unknown,Action_PreSnap,560.35,466.67,709.76,752.1,149.40999999999997,285.43,xml_geometry_csv_action
BootPass_106,39,9,9,Position_Unknown,Team_Unknown,Action_PreSnap,1326.4,447.99,1450.89,772.36,124.49000000000001,324.37,xml_geometry_csv_action
BootPass_106,40,0,0,Position_Unknown,Team_Unknown,Action_PreSnap,1553.16,891.3,1728.63,1078.99,175.47000000000003,187.69000000000005,xml_geometry_csv_action
BootPass_106,40,1,1,Position_Unknown,Team_Unknown,Action_PreSnap,853.43,221.83,1017.73,484.25,164.30000000000007,262.41999999999996,xml_geometry_csv_action
BootPass_106,40,10,10,Position_Unknown,Team_Unknown,Action_PreSnap,666.79,660.69,854.87,947.71,188.08000000000004,287.02,xml_geometry_csv_action
BootPass_106,40,11,11,Position_Unknown,Team_Unknown,Action_PreSnap,832.46,468.21,1003.8,741.31,171.33999999999992,273.09999999999997,xml_geometry_csv_action
BootPass_106,40,12,12,Position_Unknown,Team_Unknown,Action_PreSnap,209.77,454.44,384.13,752.63,174.35999999999999,298.19,xml_geometry_csv_action
BootPass_106,40,13,13,Position_Unknown,Team_Unknown,Action_PreSnap,656.98,458.6,859.45,674.04,202.47000000000003,215.43999999999994,xml_geometry_csv_action
BootPass_106,40,14,14,Position_Unknown,Team_Unknown,Action_PreSnap,1028.17,415.21,1238.74,677.8,210.56999999999994,262.59,xml_geometry_csv_action
BootPass_106,40,16,16,Position_Unknown,Team_Unknown,Action_PreSnap,1890.12,391.22,1919.27,675.75,29.15000000000009,284.53,xml_geometry_csv_action
BootPass_106,40,2,2,Position_Unknown,Team_Unknown,Action_PreSnap,224.77,386.85,432.99,648.42,208.22,261.56999999999994,xml_geometry_csv_action
BootPass_106,40,3,3,Position_Unknown,Team_Unknown,Action_PreSnap,1069.92,239.32,1273.29,452.54,203.3699999999999,213.22000000000003,xml_geometry_csv_action
BootPass_106,40,4,4,Position_Unknown,Team_Unknown,Action_PreSnap,1228.58,374.91,1398.64,642.02,170.06000000000017,267.10999999999996,xml_geometry_csv_action
BootPass_106,40,5,5,Position_Unknown,Team_Unknown,Action_PreSnap,932.25,338.99,1065.18,602.69,132.93000000000006,263.70000000000005,xml_geometry_csv_action
BootPass_106,40,6,6,Position_Unknown,Team_Unknown,Action_PreSnap,1024.28,596.42,1284.97,878.38,260.69000000000005,281.96000000000004,xml_geometry_csv_action
BootPass_106,40,7,7,Position_Unknown,Team_Unknown,Action_PreSnap,563.53,462.77,706.53,754.17,143.0,291.4,xml_geometry_csv_action
BootPass_106,40,9,9,Position_Unknown,Team_Unknown,Action_PreSnap,1343.01,443.33,1462.88,768.21,119.87000000000012,324.88000000000005,xml_geometry_csv_action
BootPass_106,41,0,0,Position_Unknown,Team_Unknown,Action_PreSnap,1549.16,900.97,1735.72,1078.65,186.55999999999995,177.68000000000006,xml_geometry_csv_action
BootPass_106,41,1,1,Position_Unknown,Team_Unknown,Action_PreSnap,858.85,222.59,1017.04,485.76,158.18999999999994,263.16999999999996,xml_geometry_csv_action
BootPass_106,41,10,10,Position_Unknown,Team_Unknown,Action_PreSnap,660.94,655.54,839.44,944.05,178.5,288.51,xml_geometry_csv_action
BootPass_106,41,11,11,Position_Unknown,Team_Unknown,Action_PreSnap,821.02,462.68,999.78,740.19,178.76,277.51000000000005,xml_geometry_csv_action
BootPass_106,41,12,12,Position_Unknown,Team_Unknown,Action_PreSnap,212.9,450.78,375.11,747.61,162.21,296.83000000000004,xml_geometry_csv_action
BootPass_106,41,13,13,Position_Unknown,Team_Unknown,Action_PreSnap,651.95,458.56,856.72,673.58,204.76999999999998,215.02000000000004,xml_geometry_csv_action
BootPass_106,41,14,14,Position_Unknown,Team_Unknown,Action_PreSnap,1031.74,414.85,1243.01,675.56,211.26999999999998,260.7099999999999,xml_geometry_csv_action
BootPass_106,41,16,16,Position_Unknown,Team_Unknown,Action_PreSnap,1890.0,391.46,1919.56,673.88,29.559999999999945,282.42,xml_geometry_csv_action
BootPass_106,41,2,2,Position_Unknown,Team_Unknown,Action_PreSnap,230.68,383.82,424.49,643.1,193.81,259.28000000000003,xml_geometry_csv_action
BootPass_106,41,3,3,Position_Unknown,Team_Unknown,Action_PreSnap,1059.09,238.58,1274.5,454.95,215.41000000000008,216.36999999999998,xml_geometry_csv_action
BootPass_106,41,4,4,Position_Unknown,Team_Unknown,Action_PreSnap,1226.46,373.23,1400.6,641.88,174.13999999999987,268.65,xml_geometry_csv_action
BootPass_106,41,5,5,Position_Unknown,Team_Unknown,Action_PreSnap,923.91,336.95,1065.64,601.56,141.73000000000013,264.60999999999996,xml_geometry_csv_action
BootPass_106,41,6,6,Position_Unknown,Team_Unknown,Action_PreSnap,1016.83,594.31,1267.02,871.39,250.18999999999994,277.08000000000004,xml_geometry_csv_action
BootPass_106,41,7,7,Position_Unknown,Team_Unknown,Action_PreSnap,566.88,456.34,697.92,752.18,131.03999999999996,295.84,xml_geometry_csv_action
BootPass_106,41,9,9,Position_Unknown,Team_Unknown,Action_PreSnap,1354.99,435.69,1479.74,755.16,124.75,319.46999999999997,xml_geometry_csv_action
BootPass_106,42,0,0,Position_Unknown,Team_Unknown,Action_PreSnap,1541.7,907.76,1742.25,1078.64,200.54999999999995,170.8800000000001,xml_geometry_csv_action
BootPass_106,42,1,1,Position_Unknown,Team_Unknown,Action_PreSnap,863.45,224.21,1012.48,479.33,149.02999999999997,255.11999999999998,xml_geometry_csv_action
BootPass_106,42,10,10,Position_Unknown,Team_Unknown,Action_PreSnap,656.78,651.13,819.06,940.96,162.27999999999997,289.83000000000004,xml_geometry_csv_action
BootPass_106,42,11,11,Position_Unknown,Team_Unknown,Action_PreSnap,805.89,457.78,1001.68,739.73,195.78999999999996,281.95000000000005,xml_geometry_csv_action
BootPass_106,42,12,12,Position_Unknown,Team_Unknown,Action_PreSnap,211.22,447.72,376.64,743.42,165.42,295.69999999999993,xml_geometry_csv_action
BootPass_106,42,13,13,Position_Unknown,Team_Unknown,Action_PreSnap,653.24,459.2,847.23,672.81,193.99,213.60999999999996,xml_geometry_csv_action
BootPass_106,42,14,14,Position_Unknown,Team_Unknown,Action_PreSnap,1040.6,413.81,1248.84,666.13,208.24,252.32,xml_geometry_csv_action
BootPass_106,42,16,16,Position_Unknown,Team_Unknown,Action_PreSnap,1892.31,406.08,1919.66,680.2,27.350000000000136,274.12000000000006,xml_geometry_csv_action
BootPass_106,42,2,2,Position_Unknown,Team_Unknown,Action_PreSnap,231.97,381.79,412.31,634.99,180.34,253.2,xml_geometry_csv_action
BootPass_106,42,3,3,Position_Unknown,Team_Unknown,Action_PreSnap,1050.46,237.77,1272.57,455.33,222.1099999999999,217.55999999999997,xml_geometry_csv_action
BootPass_106,42,4,4,Position_Unknown,Team_Unknown,Action_PreSnap,1223.86,370.36,1404.19,642.23,180.33000000000015,271.87,xml_geometry_csv_action
BootPass_106,42,5,5,Position_Unknown,Team_Unknown,Action_PreSnap,911.28,333.42,1066.02,600.73,154.74,267.31,xml_geometry_csv_action
BootPass_106,42,6,6,Position_Unknown,Team_Unknown,Action_PreSnap,1017.53,590.5,1245.14,868.75,227.61000000000013,278.25,xml_geometry_csv_action
BootPass_106,42,7,7,Position_Unknown,Team_Unknown,Action_PreSnap,570.66,451.14,692.42,750.95,121.75999999999999,299.81000000000006,xml_geometry_csv_action
BootPass_106,42,9,9,Position_Unknown,Team_Unknown,Action_PreSnap,1365.38,430.41,1501.95,736.53,136.56999999999994,306.11999999999995,xml_geometry_csv_action
BootPass_106,43,0,0,Position_Unknown,Team_Unknown,Action_PreSnap,1538.43,914.48,1742.16,1078.76,203.73000000000002,164.27999999999997,xml_geometry_csv_action
BootPass_106,43,1,1,Position_Unknown,Team_Unknown,Action_PreSnap,868.04,225.68,1029.68,467.58,161.6400000000001,241.89999999999998,xml_geometry_csv_action
BootPass_106,43,10,10,Position_Unknown,Team_Unknown,Action_PreSnap,653.02,648.46,801.82,938.24,148.80000000000007,289.78,xml_geometry_csv_action
BootPass_106,43,11,11,Position_Unknown,Team_Unknown,Action_PreSnap,798.31,456.38,1006.75,737.84,208.44000000000005,281.46000000000004,xml_geometry_csv_action
BootPass_106,43,12,12,Position_Unknown,Team_Unknown,Action_PreSnap,201.55,444.23,374.6,731.87,173.05,287.64,xml_geometry_csv_action
BootPass_106,43,13,13,Position_Unknown,Team_Unknown,Action_PreSnap,654.52,457.8,836.5,674.08,181.98000000000002,216.28000000000003,xml_geometry_csv_action
BootPass_106,43,14,14,Position_Unknown,Team_Unknown,Action_PreSnap,1061.12,413.6,1254.9,650.9,193.7800000000002,237.29999999999995,xml_geometry_csv_action
BootPass_106,43,16,16,Position_Unknown,Team_Unknown,Action_PreSnap,1894.02,439.81,1919.73,734.51,25.710000000000036,294.7,xml_geometry_csv_action
BootPass_106,43,2,2,Position_Unknown,Team_Unknown,Action_PreSnap,220.12,381.44,408.47,625.53,188.35000000000002,244.08999999999997,xml_geometry_csv_action
BootPass_106,43,3,3,Position_Unknown,Team_Unknown,Action_PreSnap,1041.81,238.02,1268.88,458.88,227.07000000000016,220.85999999999999,xml_geometry_csv_action
BootPass_106,43,4,4,Position_Unknown,Team_Unknown,Action_PreSnap,1235.21,365.58,1412.32,642.54,177.1099999999999,276.96,xml_geometry_csv_action
BootPass_106,43,5,5,Position_Unknown,Team_Unknown,Action_PreSnap,897.08,327.29,1074.0,599.09,176.91999999999996,271.8,xml_geometry_csv_action
BootPass_106,43,6,6,Position_Unknown,Team_Unknown,Action_PreSnap,1014.31,587.52,1234.13,868.05,219.82000000000016,280.53,xml_geometry_csv_action
BootPass_106,43,7,7,Position_Unknown,Team_Unknown,Action_PreSnap,569.41,446.82,691.81,745.96,122.39999999999998,299.14000000000004,xml_geometry_csv_action
BootPass_106,43,9,9,Position_Unknown,Team_Unknown,Action_PreSnap,1378.28,426.8,1528.71,716.31,150.43000000000006,289.50999999999993,xml_geometry_csv_action
BootPass_106,44,0,0,Position_Unknown,Team_Unknown,Action_PreSnap,1542.78,920.61,1737.49,1078.76,194.71000000000004,158.14999999999998,xml_geometry_csv_action
BootPass_106,44,1,1,Position_Unknown,Team_Unknown,Action_PreSnap,870.13,225.34,1038.11,456.92,167.9799999999999,231.58,xml_geometry_csv_action
BootPass_106,44,10,10,Position_Unknown,Team_Unknown,Action_PreSnap,650.3,647.04,790.58,932.74,140.2800000000001,285.70000000000005,xml_geometry_csv_action
BootPass_106,44,11,11,Position_Unknown,Team_Unknown,Action_PreSnap,798.32,451.64,1011.05,730.69,212.7299999999999,279.05000000000007,xml_geometry_csv_action
BootPass_106,44,12,12,Position_Unknown,Team_Unknown,Action_PreSnap,188.9,440.81,364.68,723.0,175.78,282.19,xml_geometry_csv_action
BootPass_106,44,13,13,Position_Unknown,Team_Unknown,Action_PreSnap,654.07,457.59,822.96,677.25,168.89,219.66000000000003,xml_geometry_csv_action
BootPass_106,44,14,14,Position_Unknown,Team_Unknown,Action_PreSnap,1073.81,410.68,1264.91,646.04,191.10000000000014,235.35999999999996,xml_geometry_csv_action
BootPass_106,44,16,16,Position_Unknown,Team_Unknown,Action_PreSnap,1892.34,467.2,1919.4,772.33,27.060000000000173,305.13000000000005,xml_geometry_csv_action
BootPass_106,44,2,2,Position_Unknown,Team_Unknown,Action_PreSnap,221.49,381.08,406.91,621.0,185.42000000000002,239.92000000000002,xml_geometry_csv_action
BootPass_106,44,3,3,Position_Unknown,Team_Unknown,Action_PreSnap,1034.66,238.62,1259.94,461.69,225.27999999999997,223.07,xml_geometry_csv_action
BootPass_106,44,4,4,Position_Unknown,Team_Unknown,Action_PreSnap,1244.63,358.84,1421.5,642.25,176.8699999999999,283.41,xml_geometry_csv_action
BootPass_106,44,5,5,Position_Unknown,Team_Unknown,Action_PreSnap,881.95,321.44,1076.82,595.76,194.8699999999999,274.32,xml_geometry_csv_action
BootPass_106,44,6,6,Position_Unknown,Team_Unknown,Action_PreSnap,1008.21,585.05,1228.59,865.31,220.37999999999988,280.26,xml_geometry_csv_action
BootPass_106,44,7,7,Position_Unknown,Team_Unknown,Action_PreSnap,566.16,444.01,689.58,742.22,123.42000000000007,298.21000000000004,xml_geometry_csv_action
BootPass_106,44,9,9,Position_Unknown,Team_Unknown,Action_PreSnap,1393.48,424.27,1554.03,707.31,160.54999999999995,283.03999999999996,xml_geometry_csv_action
BootPass_106,45,0,0,Position_Unknown,Team_Unknown,Action_PreSnap,1545.44,927.54,1735.19,1079.0,189.75,151.46000000000004,xml_geometry_csv_action
BootPass_106,45,1,1,Position_Unknown,Team_Unknown,Action_PreSnap,877.18,224.46,1042.48,453.67,165.30000000000007,229.21,xml_geometry_csv_action
BootPass_106,45,10,10,Position_Unknown,Team_Unknown,Action_PreSnap,647.93,648.48,787.66,928.98,139.73000000000002,280.5,xml_geometry_csv_action
BootPass_106,45,11,11,Position_Unknown,Team_Unknown,Action_PreSnap,807.02,447.85,1019.23,721.75,212.21000000000004,273.9,xml_geometry_csv_action
BootPass_106,45,12,12,Position_Unknown,Team_Unknown,Action_PreSnap,173.34,433.77,361.68,720.13,188.34,286.36,xml_geometry_csv_action
BootPass_106,45,13,13,Position_Unknown,Team_Unknown,Action_PreSnap,658.71,459.01,811.47,684.49,152.76,225.48000000000002,xml_geometry_csv_action
BootPass_106,45,14,14,Position_Unknown,Team_Unknown,Action_PreSnap,1088.58,403.9,1277.65,646.43,189.07000000000016,242.52999999999997,xml_geometry_csv_action
BootPass_106,45,16,16,Position_Unknown,Team_Unknown,Action_PreSnap,1886.56,475.88,1919.45,788.24,32.8900000000001,312.36,xml_geometry_csv_action
BootPass_106,45,2,2,Position_Unknown,Team_Unknown,Action_PreSnap,228.37,380.33,399.3,619.03,170.93,238.7,xml_geometry_csv_action
BootPass_106,45,3,3,Position_Unknown,Team_Unknown,Action_PreSnap,1029.6,239.48,1251.21,465.51,221.61000000000013,226.03,xml_geometry_csv_action
BootPass_106,45,4,4,Position_Unknown,Team_Unknown,Action_PreSnap,1260.8,352.88,1433.03,640.46,172.23000000000002,287.58000000000004,xml_geometry_csv_action
BootPass_106,45,5,5,Position_Unknown,Team_Unknown,Action_PreSnap,869.71,315.15,1075.93,590.66,206.22000000000003,275.51,xml_geometry_csv_action
BootPass_106,45,6,6,Position_Unknown,Team_Unknown,Action_PreSnap,1006.5,581.75,1222.71,858.49,216.21000000000004,276.74,xml_geometry_csv_action
BootPass_106,45,7,7,Position_Unknown,Team_Unknown,Action_PreSnap,550.61,441.45,688.23,739.38,137.62,297.93,xml_geometry_csv_action
BootPass_106,45,9,9,Position_Unknown,Team_Unknown,Action_PreSnap,1408.48,421.71,1573.83,702.76,165.3499999999999,281.05,xml_geometry_csv_action
BootPass_106,46,0,0,Position_Unknown,Team_Unknown,Action_PreSnap,1540.51,935.9,1730.51,1079.12,190.0,143.2199999999999,xml_geometry_csv_action
BootPass_106,46,1,1,Position_Unknown,Team_Unknown,Action_PreSnap,895.33,222.87,1043.42,459.05,148.09000000000003,236.18,xml_geometry_csv_action
BootPass_106,46,10,10,Position_Unknown,Team_Unknown,Action_PreSnap,644.46,652.17,787.9,925.65,143.43999999999994,273.48,xml_geometry_csv_action
BootPass_106,46,11,11,Position_Unknown,Team_Unknown,Action_PreSnap,819.41,446.12,1026.06,713.49,206.64999999999998,267.37,xml_geometry_csv_action
BootPass_106,46,12,12,Position_Unknown,Team_Unknown,Action_PreSnap,166.93,430.75,360.28,715.52,193.34999999999997,284.77,xml_geometry_csv_action
BootPass_106,46,13,13,Position_Unknown,Team_Unknown,Action_PreSnap,665.91,458.64,808.15,693.36,142.24,234.72000000000003,xml_geometry_csv_action
BootPass_106,46,14,14,Position_Unknown,Team_Unknown,Action_PreSnap,1100.86,401.28,1294.86,650.41,194.0,249.13,xml_geometry_csv_action
BootPass_106,46,16,16,Position_Unknown,Team_Unknown,Action_PreSnap,1882.75,485.78,1919.69,804.55,36.940000000000055,318.77,xml_geometry_csv_action
BootPass_106,46,2,2,Position_Unknown,Team_Unknown,Action_PreSnap,219.54,379.69,392.91,618.32,173.37000000000003,238.63000000000005,xml_geometry_csv_action
BootPass_106,46,3,3,Position_Unknown,Team_Unknown,Action_PreSnap,1031.08,239.17,1219.18,461.13,188.10000000000014,221.96,xml_geometry_csv_action
BootPass_106,46,4,4,Position_Unknown,Team_Unknown,Action_PreSnap,1276.73,347.48,1444.89,635.24,168.16000000000008,287.76,xml_geometry_csv_action
BootPass_106,46,5,5,Position_Unknown,Team_Unknown,Action_PreSnap,861.14,310.69,1070.07,581.64,208.92999999999995,270.95,xml_geometry_csv_action
BootPass_106,46,6,6,Position_Unknown,Team_Unknown,Action_PreSnap,1003.95,578.15,1214.45,850.17,210.5,272.02,xml_geometry_csv_action
BootPass_106,46,7,7,Position_Unknown,Team_Unknown,Action_PreSnap,529.55,439.03,681.95,739.7,152.4000000000001,300.6700000000001,xml_geometry_csv_action
BootPass_106,46,9,9,Position_Unknown,Team_Unknown,Action_PreSnap,1425.2,419.73,1599.77,700.71,174.56999999999994,280.98,xml_geometry_csv_action
BootPass_106,47,0,0,Position_Unknown,Team_Unknown,Action_PreSnap,1523.7,942.96,1727.87,1079.07,204.16999999999985,136.1099999999999,xml_geometry_csv_action
BootPass_106,47,1,1,Position_Unknown,Team_Unknown,Action_PreSnap,909.38,221.69,1052.05,464.87,142.66999999999996,243.18,xml_geometry_csv_action
BootPass_106,47,10,10,Position_Unknown,Team_Unknown,Action_PreSnap,637.73,654.8,791.35,923.85,153.62,269.05000000000007,xml_geometry_csv_action
BootPass_106,47,11,11,Position_Unknown,Team_Unknown,Action_PreSnap,831.05,446.38,1043.81,706.14,212.76,259.76,xml_geometry_csv_action
BootPass_106,47,12,12,Position_Unknown,Team_Unknown,Action_PreSnap,165.36,426.72,366.6,712.76,201.24,286.03999999999996,xml_geometry_csv_action
BootPass_106,47,13,13,Position_Unknown,Team_Unknown,Action_PreSnap,670.33,458.06,812.19,699.43,141.86,241.36999999999995,xml_geometry_csv_action
BootPass_106,47,14,14,Position_Unknown,Team_Unknown,Action_PreSnap,1114.66,397.91,1307.43,652.7,192.76999999999998,254.79000000000002,xml_geometry_csv_action
BootPass_106,47,16,16,Position_Unknown,Team_Unknown,Action_PreSnap,1879.11,500.84,1919.87,810.01,40.75999999999999,309.17,xml_geometry_csv_action
BootPass_106,47,2,2,Position_Unknown,Team_Unknown,Action_PreSnap,214.91,379.1,398.63,619.37,183.72,240.26999999999998,xml_geometry_csv_action
BootPass_106,47,3,3,Position_Unknown,Team_Unknown,Action_PreSnap,1034.55,241.03,1196.12,460.04,161.56999999999994,219.01000000000002,xml_geometry_csv_action
BootPass_106,47,4,4,Position_Unknown,Team_Unknown,Action_PreSnap,1284.93,343.22,1458.78,629.23,173.8499999999999,286.01,xml_geometry_csv_action
BootPass_106,47,5,5,Position_Unknown,Team_Unknown,Action_PreSnap,844.7,307.7,1055.86,576.56,211.15999999999985,268.85999999999996,xml_geometry_csv_action
BootPass_106,47,6,6,Position_Unknown,Team_Unknown,Action_PreSnap,994.18,574.9,1203.22,848.26,209.04000000000008,273.36,xml_geometry_csv_action
BootPass_106,47,7,7,Position_Unknown,Team_Unknown,Action_PreSnap,513.82,435.98,680.12,740.29,166.29999999999995,304.30999999999995,xml_geometry_csv_action
BootPass_106,47,9,9,Position_Unknown,Team_Unknown,Action_PreSnap,1436.69,416.0,1625.51,700.06,188.81999999999994,284.05999999999995,xml_geometry_csv_action
BootPass_106,48,0,0,Position_Unknown,Team_Unknown,Action_PreSnap,1516.3,947.87,1734.58,1078.74,218.27999999999997,130.87,xml_geometry_csv_action
BootPass_106,48,1,1,Position_Unknown,Team_Unknown,Action_PreSnap,920.04,218.25,1055.53,472.69,135.49,254.44,xml_geometry_csv_action
BootPass_106,48,10,10,Position_Unknown,Team_Unknown,Action_PreSnap,626.54,658.1,795.3,918.72,168.76,260.62,xml_geometry_csv_action
BootPass_106,48,11,11,Position_Unknown,Team_Unknown,Action_PreSnap,845.25,445.46,1040.73,700.1,195.48000000000002,254.64000000000004,xml_geometry_csv_action
BootPass_106,48,12,12,Position_Unknown,Team_Unknown,Action_PreSnap,171.6,420.78,375.5,710.43,203.9,289.65,xml_geometry_csv_action
BootPass_106,48,13,13,Position_Unknown,Team_Unknown,Action_PreSnap,673.83,455.62,820.95,701.96,147.12,246.34000000000003,xml_geometry_csv_action
BootPass_106,48,14,14,Position_Unknown,Team_Unknown,Action_PreSnap,1126.71,393.07,1321.25,656.25,194.53999999999996,263.18,xml_geometry_csv_action
BootPass_106,48,16,16,Position_Unknown,Team_Unknown,Action_PreSnap,1874.63,508.76,1920.0,806.94,45.36999999999989,298.18000000000006,xml_geometry_csv_action
BootPass_106,48,2,2,Position_Unknown,Team_Unknown,Action_PreSnap,213.95,378.52,408.13,620.44,194.18,241.92000000000007,xml_geometry_csv_action
BootPass_106,48,3,3,Position_Unknown,Team_Unknown,Action_PreSnap,1039.37,246.22,1197.41,464.99,158.0400000000002,218.77,xml_geometry_csv_action
BootPass_106,48,4,4,Position_Unknown,Team_Unknown,Action_PreSnap,1306.91,339.45,1473.97,622.59,167.05999999999995,283.14000000000004,xml_geometry_csv_action
BootPass_106,48,5,5,Position_Unknown,Team_Unknown,Action_PreSnap,843.36,305.63,1028.58,569.57,185.2199999999999,263.94000000000005,xml_geometry_csv_action
BootPass_106,48,6,6,Position_Unknown,Team_Unknown,Action_PreSnap,981.33,571.25,1187.03,847.24,205.69999999999993,275.99,xml_geometry_csv_action
BootPass_106,48,7,7,Position_Unknown,Team_Unknown,Action_PreSnap,504.84,431.94,682.92,738.96,178.07999999999998,307.02000000000004,xml_geometry_csv_action
BootPass_106,48,9,9,Position_Unknown,Team_Unknown,Action_PreSnap,1459.31,408.76,1643.02,695.18,183.71000000000004,286.41999999999996,xml_geometry_csv_action
BootPass_106,49,0,0,Position_Unknown,Team_Unknown,Action_PreSnap,1501.76,950.37,1737.57,1079.31,235.80999999999995,128.93999999999994,xml_geometry_csv_action
BootPass_106,49,1,1,Position_Unknown,Team_Unknown,Action_PreSnap,927.23,216.88,1055.01,478.1,127.77999999999997,261.22,xml_geometry_csv_action
BootPass_106,49,10,10,Position_Unknown,Team_Unknown,Action_PreSnap,611.32,663.32,794.49,915.66,183.16999999999996,252.33999999999992,xml_geometry_csv_action
BootPass_106,49,11,11,Position_Unknown,Team_Unknown,Action_PreSnap,853.97,442.37,1032.37,697.07,178.39999999999986,254.70000000000005,xml_geometry_csv_action
BootPass_106,49,12,12,Position_Unknown,Team_Unknown,Action_PreSnap,179.33,416.58,384.69,711.09,205.35999999999999,294.51000000000005,xml_geometry_csv_action
BootPass_106,49,13,13,Position_Unknown,Team_Unknown,Action_PreSnap,670.12,455.68,828.69,704.83,158.57000000000005,249.15000000000003,xml_geometry_csv_action
BootPass_106,49,14,14,Position_Unknown,Team_Unknown,Action_PreSnap,1136.7,391.6,1330.36,664.48,193.65999999999985,272.88,xml_geometry_csv_action
BootPass_106,49,16,16,Position_Unknown,Team_Unknown,Action_PreSnap,1868.43,514.72,1919.6,806.88,51.169999999999845,292.15999999999997,xml_geometry_csv_action
BootPass_106,49,2,2,Position_Unknown,Team_Unknown,Action_PreSnap,217.25,381.59,417.9,625.12,200.64999999999998,243.53000000000003,xml_geometry_csv_action
BootPass_106,49,3,3,Position_Unknown,Team_Unknown,Action_PreSnap,1038.07,253.97,1201.22,475.33,163.1500000000001,221.35999999999999,xml_geometry_csv_action
BootPass_106,49,4,4,Position_Unknown,Team_Unknown,Action_PreSnap,1323.25,338.1,1477.57,620.11,154.31999999999994,282.01,xml_geometry_csv_action
BootPass_106,49,5,5,Position_Unknown,Team_Unknown,Action_PreSnap,835.77,305.81,989.19,571.95,153.42000000000007,266.14000000000004,xml_geometry_csv_action
BootPass_106,49,6,6,Position_Unknown,Team_Unknown,Action_PreSnap,971.19,569.86,1161.7,845.62,190.51,275.76,xml_geometry_csv_action
BootPass_106,49,7,7,Position_Unknown,Team_Unknown,Action_PreSnap,501.27,428.96,683.56,738.17,182.28999999999996,309.21,xml_geometry_csv_action
BootPass_106,49,9,9,Position_Unknown,Team_Unknown,Action_PreSnap,1474.13,403.38,1654.31,692.55,180.17999999999984,289.16999999999996,xml_geometry_csv_action
BootPass_106,50,0,0,Position_Unknown,Team_Unknown,Action_PreSnap,1498.36,948.18,1739.29,1078.85,240.93000000000006,130.66999999999996,xml_geometry_csv_action
BootPass_106,50,1,1,Position_Unknown,Team_Unknown,Action_PreSnap,935.54,213.89,1050.99,479.93,115.45000000000005,266.04,xml_geometry_csv_action
BootPass_106,50,10,10,Position_Unknown,Team_Unknown,Action_PreSnap,601.03,665.18,794.49,910.15,193.46000000000004,244.97000000000003,xml_geometry_csv_action
BootPass_106,50,11,11,Position_Unknown,Team_Unknown,Action_PreSnap,865.6,436.63,1023.51,694.09,157.90999999999997,257.46000000000004,xml_geometry_csv_action
BootPass_106,50,12,12,Position_Unknown,Team_Unknown,Action_PreSnap,189.65,406.2,390.25,706.66,200.6,300.46,xml_geometry_csv_action
BootPass_106,50,13,13,Position_Unknown,Team_Unknown,Action_PreSnap,667.6,453.95,839.33,705.59,171.73000000000002,251.64000000000004,xml_geometry_csv_action
BootPass_106,50,14,14,Position_Unknown,Team_Unknown,Action_PreSnap,1155.68,389.33,1339.67,664.31,183.99,274.97999999999996,xml_geometry_csv_action
BootPass_106,50,16,16,Position_Unknown,Team_Unknown,Action_PreSnap,1857.01,519.12,1919.66,822.92,62.65000000000009,303.79999999999995,xml_geometry_csv_action
BootPass_106,50,2,2,Position_Unknown,Team_Unknown,Action_PreSnap,232.94,383.71,426.98,627.48,194.04000000000002,243.77000000000004,xml_geometry_csv_action
BootPass_106,50,3,3,Position_Unknown,Team_Unknown,Action_PreSnap,1040.15,258.44,1205.15,482.25,165.0,223.81,xml_geometry_csv_action
BootPass_106,50,4,4,Position_Unknown,Team_Unknown,Action_PreSnap,1341.65,335.89,1487.77,618.86,146.1199999999999,282.97,xml_geometry_csv_action
BootPass_106,50,5,5,Position_Unknown,Team_Unknown,Action_PreSnap,827.66,304.32,965.58,577.89,137.92000000000007,273.57,xml_geometry_csv_action
BootPass_106,50,6,6,Position_Unknown,Team_Unknown,Action_PreSnap,967.16,568.51,1136.12,842.01,168.95999999999992,273.5,xml_geometry_csv_action
BootPass_106,50,7,7,Position_Unknown,Team_Unknown,Action_PreSnap,503.53,424.15,684.51,731.4,180.98000000000002,307.25,xml_geometry_csv_action
BootPass_106,50,9,9,Position_Unknown,Team_Unknown,Action_PreSnap,1477.8,394.9,1665.57,688.46,187.76999999999998,293.56000000000006,xml_geometry_csv_action
BootPass_106,51,0,0,Position_Unknown,Team_Unknown,Action_PreSnap,1493.4,946.47,1725.03,1079.14,231.62999999999988,132.67000000000007,xml_geometry_csv_action
BootPass_106,51,1,1,Position_Unknown,Team_Unknown,Action_PreSnap,939.79,213.13,1052.59,479.65,112.79999999999995,266.52,xml_geometry_csv_action
BootPass_106,51,10,10,Position_Unknown,Team_Unknown,Action_PreSnap,593.4,666.75,795.26,905.94,201.86,239.19000000000005,xml_geometry_csv_action
BootPass_106,51,11,11,Position_Unknown,Team_Unknown,Action_PreSnap,873.15,431.29,1017.04,697.8,143.89,266.50999999999993,xml_geometry_csv_action
BootPass_106,51,12,12,Position_Unknown,Team_Unknown,Action_PreSnap,198.58,400.51,392.32,705.17,193.73999999999998,304.65999999999997,xml_geometry_csv_action
BootPass_106,51,13,13,Position_Unknown,Team_Unknown,Action_PreSnap,664.42,453.87,847.91,706.88,183.49,253.01,xml_geometry_csv_action
BootPass_106,51,14,14,Position_Unknown,Team_Unknown,Action_PreSnap,1171.87,387.99,1346.03,664.99,174.16000000000008,277.0,xml_geometry_csv_action
BootPass_106,51,16,16,Position_Unknown,Team_Unknown,Action_PreSnap,1840.28,530.41,1918.66,843.48,78.38000000000011,313.07000000000005,xml_geometry_csv_action
BootPass_106,51,2,2,Position_Unknown,Team_Unknown,Action_PreSnap,243.78,385.04,429.47,627.88,185.69000000000003,242.83999999999997,xml_geometry_csv_action
BootPass_106,51,3,3,Position_Unknown,Team_Unknown,Action_PreSnap,1033.53,264.82,1204.58,491.87,171.04999999999995,227.05,xml_geometry_csv_action
BootPass_106,51,4,4,Position_Unknown,Team_Unknown,Action_PreSnap,1352.68,335.11,1492.8,618.85,140.1199999999999,283.74,xml_geometry_csv_action
BootPass_106,51,5,5,Position_Unknown,Team_Unknown,Action_PreSnap,801.89,303.35,951.6,575.34,149.71000000000004,271.99,xml_geometry_csv_action
BootPass_106,51,6,6,Position_Unknown,Team_Unknown,Action_PreSnap,959.67,567.72,1126.64,840.77,166.97000000000014,273.04999999999995,xml_geometry_csv_action
BootPass_106,51,7,7,Position_Unknown,Team_Unknown,Action_PreSnap,508.65,421.3,685.09,726.0,176.44000000000005,304.7,xml_geometry_csv_action
BootPass_106,51,9,9,Position_Unknown,Team_Unknown,Action_PreSnap,1474.01,388.6,1673.05,685.02,199.03999999999996,296.41999999999996,xml_geometry_csv_action
BootPass_106,52,0,0,Position_Unknown,Team_Unknown,Action_PreSnap,1491.37,945.39,1712.72,1079.4,221.35000000000014,134.0100000000001,xml_geometry_csv_action
BootPass_106,52,1,1,Position_Unknown,Team_Unknown,Action_PreSnap,940.33,213.68,1055.07,479.77,114.7399999999999,266.09,xml_geometry_csv_action
BootPass_106,52,10,10,Position_Unknown,Team_Unknown,Action_PreSnap,590.76,668.31,798.13,902.79,207.37,234.48000000000002,xml_geometry_csv_action
BootPass_106,52,11,11,Position_Unknown,Team_Unknown,Action_PreSnap,877.31,426.31,1009.38,701.25,132.07000000000005,274.94,xml_geometry_csv_action
BootPass_106,52,12,12,Position_Unknown,Team_Unknown,Action_PreSnap,206.64,397.15,391.06,702.54,184.42000000000002,305.39,xml_geometry_csv_action
BootPass_106,52,13,13,Position_Unknown,Team_Unknown,Action_PreSnap,664.18,452.72,855.96,708.54,191.7800000000001,255.81999999999994,xml_geometry_csv_action
BootPass_106,52,14,14,Position_Unknown,Team_Unknown,Action_PreSnap,1181.11,387.98,1352.33,665.34,171.22000000000003,277.36,xml_geometry_csv_action
BootPass_106,52,16,16,Position_Unknown,Team_Unknown,Action_PreSnap,1822.5,540.91,1917.67,875.36,95.17000000000007,334.45000000000005,xml_geometry_csv_action
BootPass_106,52,2,2,Position_Unknown,Team_Unknown,Action_PreSnap,239.28,384.42,424.33,626.08,185.04999999999998,241.66000000000003,xml_geometry_csv_action
BootPass_106,52,3,3,Position_Unknown,Team_Unknown,Action_PreSnap,1021.73,271.39,1198.63,500.26,176.9000000000001,228.87,xml_geometry_csv_action
BootPass_106,52,4,4,Position_Unknown,Team_Unknown,Action_PreSnap,1361.09,335.01,1492.97,620.17,131.8800000000001,285.15999999999997,xml_geometry_csv_action
BootPass_106,52,5,5,Position_Unknown,Team_Unknown,Action_PreSnap,783.69,304.94,936.54,580.94,152.8499999999999,276.00000000000006,xml_geometry_csv_action
BootPass_106,52,6,6,Position_Unknown,Team_Unknown,Action_PreSnap,960.19,565.11,1126.0,839.92,165.80999999999995,274.80999999999995,xml_geometry_csv_action
BootPass_106,52,7,7,Position_Unknown,Team_Unknown,Action_PreSnap,515.49,418.75,683.24,719.75,167.75,301.0,xml_geometry_csv_action
BootPass_106,52,9,9,Position_Unknown,Team_Unknown,Action_PreSnap,1476.94,382.46,1678.76,679.1,201.81999999999994,296.64000000000004,xml_geometry_csv_action
BootPass_106,53,0,0,Position_Unknown,Team_Unknown,Action_PreSnap,1483.61,944.69,1692.11,1079.25,208.5,134.55999999999995,xml_geometry_csv_action
BootPass_106,53,1,1,Position_Unknown,Team_Unknown,Action_PreSnap,938.9,214.43,1049.74,474.85,110.84000000000003,260.42,xml_geometry_csv_action
BootPass_106,53,10,10,Position_Unknown,Team_Unknown,Action_PreSnap,590.54,668.11,799.97,901.88,209.43000000000006,233.76999999999998,xml_geometry_csv_action
BootPass_106,53,11,11,Position_Unknown,Team_Unknown,Action_PreSnap,874.85,423.71,1005.68,701.41,130.82999999999993,277.7,xml_geometry_csv_action
BootPass_106,53,12,12,Position_Unknown,Team_Unknown,Action_PreSnap,214.33,395.16,380.79,696.91,166.46,301.74999999999994,xml_geometry_csv_action
BootPass_106,53,13,13,Position_Unknown,Team_Unknown,Action_PreSnap,666.79,450.44,861.9,709.22,195.11,258.78000000000003,xml_geometry_csv_action
BootPass_106,53,14,14,Position_Unknown,Team_Unknown,Action_PreSnap,1188.07,386.64,1356.04,666.74,167.97000000000003,280.1,xml_geometry_csv_action
BootPass_106,53,16,16,Position_Unknown,Team_Unknown,Action_PreSnap,1805.56,553.42,1916.87,855.58,111.30999999999995,302.1600000000001,xml_geometry_csv_action
BootPass_106,53,2,2,Position_Unknown,Team_Unknown,Action_PreSnap,241.24,381.61,411.66,618.96,170.42000000000002,237.35000000000002,xml_geometry_csv_action
BootPass_106,53,3,3,Position_Unknown,Team_Unknown,Action_PreSnap,1010.61,282.18,1184.77,506.85,174.15999999999997,224.67000000000002,xml_geometry_csv_action
BootPass_106,53,4,4,Position_Unknown,Team_Unknown,Action_PreSnap,1369.54,335.13,1494.25,621.27,124.71000000000004,286.14,xml_geometry_csv_action
BootPass_106,53,5,5,Position_Unknown,Team_Unknown,Action_PreSnap,773.53,306.67,927.61,579.2,154.08000000000004,272.53000000000003,xml_geometry_csv_action
BootPass_106,53,6,6,Position_Unknown,Team_Unknown,Action_PreSnap,952.73,561.94,1123.35,838.23,170.6199999999999,276.28999999999996,xml_geometry_csv_action
BootPass_106,53,7,7,Position_Unknown,Team_Unknown,Action_PreSnap,522.85,414.6,681.65,711.98,158.79999999999995,297.38,xml_geometry_csv_action
BootPass_106,53,9,9,Position_Unknown,Team_Unknown,Action_PreSnap,1484.5,376.03,1684.97,672.32,200.47000000000003,296.2900000000001,xml_geometry_csv_action
BootPass_106,54,0,0,Position_Unknown,Team_Unknown,Action_PreSnap,1474.57,948.6,1673.89,1079.43,199.32000000000016,130.83000000000004,xml_geometry_csv_action
BootPass_106,54,1,1,Position_Unknown,Team_Unknown,Action_PreSnap,935.92,216.33,1042.9,469.12,106.98000000000013,252.79,xml_geometry_csv_action
BootPass_106,54,10,10,Position_Unknown,Team_Unknown,Action_PreSnap,589.56,670.78,797.31,902.06,207.75,231.27999999999997,xml_geometry_csv_action
BootPass_106,54,11,11,Position_Unknown,Team_Unknown,Action_PreSnap,869.6,423.77,1012.27,702.13,142.66999999999996,278.36,xml_geometry_csv_action
BootPass_106,54,12,12,Position_Unknown,Team_Unknown,Action_PreSnap,221.99,395.77,375.79,688.79,153.8,293.02,xml_geometry_csv_action
BootPass_106,54,13,13,Position_Unknown,Team_Unknown,Action_PreSnap,664.65,449.0,863.61,709.62,198.96000000000004,260.62,xml_geometry_csv_action
BootPass_106,54,14,14,Position_Unknown,Team_Unknown,Action_PreSnap,1195.46,386.23,1354.2,669.11,158.74,282.88,xml_geometry_csv_action
BootPass_106,54,16,16,Position_Unknown,Team_Unknown,Action_PreSnap,1791.08,562.38,1916.45,846.09,125.37000000000012,283.71000000000004,xml_geometry_csv_action
BootPass_106,54,2,2,Position_Unknown,Team_Unknown,Action_PreSnap,234.73,381.56,363.15,600.13,128.42,218.57,xml_geometry_csv_action
BootPass_106,54,3,3,Position_Unknown,Team_Unknown,Action_PreSnap,999.67,292.96,1162.89,510.91,163.22000000000014,217.95000000000005,xml_geometry_csv_action
BootPass_106,54,4,4,Position_Unknown,Team_Unknown,Action_PreSnap,1379.18,337.25,1496.56,622.51,117.37999999999988,285.26,xml_geometry_csv_action
BootPass_106,54,5,5,Position_Unknown,Team_Unknown,Action_PreSnap,766.69,310.63,919.82,562.66,153.13,252.02999999999997,xml_geometry_csv_action
BootPass_106,54,6,6,Position_Unknown,Team_Unknown,Action_PreSnap,947.62,559.69,1110.0,836.5,162.38,276.80999999999995,xml_geometry_csv_action
BootPass_106,54,7,7,Position_Unknown,Team_Unknown,Action_PreSnap,530.55,410.94,683.29,706.77,152.74,295.83,xml_geometry_csv_action
BootPass_106,54,9,9,Position_Unknown,Team_Unknown,Action_PreSnap,1493.11,371.24,1691.51,667.63,198.4000000000001,296.39,xml_geometry_csv_action
BootPass_106,55,0,0,Position_Unknown,Team_Unknown,Action_PreSnap,1464.94,951.05,1663.56,1078.66,198.6199999999999,127.61000000000013,xml_geometry_csv_action
BootPass_106,55,1,1,Position_Unknown,Team_Unknown,Action_PreSnap,933.35,214.68,1038.9,458.64,105.55000000000007,243.95999999999998,xml_geometry_csv_action
BootPass_106,55,10,10,Position_Unknown,Team_Unknown,Action_PreSnap,590.16,670.75,791.73,902.08,201.57000000000005,231.33000000000004,xml_geometry_csv_action
BootPass_106,55,11,11,Position_Unknown,Team_Unknown,Action_PreSnap,867.62,420.92,1020.27,700.41,152.64999999999998,279.48999999999995,xml_geometry_csv_action
BootPass_106,55,12,12,Position_Unknown,Team_Unknown,Action_PreSnap,229.13,389.3,374.6,679.4,145.47000000000003,290.09999999999997,xml_geometry_csv_action
BootPass_106,55,13,13,Position_Unknown,Team_Unknown,Action_PreSnap,663.51,446.6,863.01,708.13,199.5,261.53,xml_geometry_csv_action
BootPass_106,55,14,14,Position_Unknown,Team_Unknown,Action_PreSnap,1203.55,383.16,1356.13,668.56,152.58000000000015,285.3999999999999,xml_geometry_csv_action
BootPass_106,55,16,16,Position_Unknown,Team_Unknown,Action_PreSnap,1780.44,567.45,1916.98,850.64,136.53999999999996,283.18999999999994,xml_geometry_csv_action
BootPass_106,55,2,2,Position_Unknown,Team_Unknown,Action_PreSnap,232.83,378.07,352.5,587.85,119.66999999999999,209.78000000000003,xml_geometry_csv_action
BootPass_106,55,3,3,Position_Unknown,Team_Unknown,Action_PreSnap,989.44,301.84,1138.21,511.74,148.76999999999998,209.90000000000003,xml_geometry_csv_action
BootPass_106,55,4,4,Position_Unknown,Team_Unknown,Action_PreSnap,1385.78,336.27,1501.06,621.79,115.27999999999997,285.52,xml_geometry_csv_action
BootPass_106,55,5,5,Position_Unknown,Team_Unknown,Action_PreSnap,759.77,313.36,910.08,548.16,150.31000000000006,234.79999999999995,xml_geometry_csv_action
BootPass_106,55,6,6,Position_Unknown,Team_Unknown,Action_PreSnap,937.32,556.11,1086.78,830.93,149.45999999999992,274.81999999999994,xml_geometry_csv_action
BootPass_106,55,7,7,Position_Unknown,Team_Unknown,Action_PreSnap,533.89,405.43,685.46,700.26,151.57000000000005,294.83,xml_geometry_csv_action
BootPass_106,55,9,9,Position_Unknown,Team_Unknown,Action_PreSnap,1498.72,365.61,1699.34,657.82,200.6199999999999,292.21000000000004,xml_geometry_csv_action
BootPass_106,56,0,0,Position_Unknown,Team_Unknown,Action_PreSnap,1452.06,958.95,1647.6,1079.38,195.53999999999996,120.43000000000006,xml_geometry_csv_action
BootPass_106,56,1,1,Position_Unknown,Team_Unknown,Action_PreSnap,927.12,215.1,1038.48,444.86,111.36000000000001,229.76000000000002,xml_geometry_csv_action
BootPass_106,56,10,10,Position_Unknown,Team_Unknown,Action_PreSnap,589.04,672.66,775.47,904.7,186.43000000000006,232.04000000000008,xml_geometry_csv_action
BootPass_106,56,11,11,Position_Unknown,Team_Unknown,Action_PreSnap,861.74,419.15,1020.95,701.3,159.21000000000004,282.15,xml_geometry_csv_action
BootPass_106,56,12,12,Position_Unknown,Team_Unknown,Action_PreSnap,230.99,386.88,379.03,676.76,148.03999999999996,289.88,xml_geometry_csv_action
BootPass_106,56,13,13,Position_Unknown,Team_Unknown,Action_PreSnap,658.77,446.52,855.44,707.82,196.67000000000007,261.30000000000007,xml_geometry_csv_action
BootPass_106,56,14,14,Position_Unknown,Team_Unknown,Action_PreSnap,1209.22,382.28,1360.92,670.29,151.70000000000005,288.01,xml_geometry_csv_action
BootPass_106,56,16,16,Position_Unknown,Team_Unknown,Action_PreSnap,1768.84,572.0,1916.31,825.69,147.47000000000003,253.69000000000005,xml_geometry_csv_action
BootPass_106,56,2,2,Position_Unknown,Team_Unknown,Action_PreSnap,229.62,376.69,350.33,583.41,120.70999999999998,206.71999999999997,xml_geometry_csv_action
BootPass_106,56,3,3,Position_Unknown,Team_Unknown,Action_PreSnap,974.37,311.76,1113.5,513.93,139.13,202.16999999999996,xml_geometry_csv_action
BootPass_106,56,4,4,Position_Unknown,Team_Unknown,Action_PreSnap,1384.98,336.79,1502.73,622.03,117.75,285.23999999999995,xml_geometry_csv_action
BootPass_106,56,5,5,Position_Unknown,Team_Unknown,Action_PreSnap,750.37,320.32,896.7,540.52,146.33000000000004,220.2,xml_geometry_csv_action
BootPass_106,56,6,6,Position_Unknown,Team_Unknown,Action_PreSnap,925.49,557.17,1056.61,826.81,131.1199999999999,269.64,xml_geometry_csv_action
BootPass_106,56,7,7,Position_Unknown,Team_Unknown,Action_PreSnap,524.28,403.93,678.9,696.9,154.62,292.96999999999997,xml_geometry_csv_action
BootPass_106,56,9,9,Position_Unknown,Team_Unknown,Action_PreSnap,1508.3,362.26,1702.71,654.09,194.41000000000008,291.83000000000004,xml_geometry_csv_action
BootPass_106,57,0,0,Position_Unknown,Team_Unknown,Action_PreSnap,1435.05,966.66,1625.57,1079.7,190.51999999999998,113.04000000000008,xml_geometry_csv_action
BootPass_106,57,1,1,Position_Unknown,Team_Unknown,Action_PreSnap,921.23,214.98,1032.95,439.87,111.72000000000003,224.89000000000001,xml_geometry_csv_action
BootPass_106,57,10,10,Position_Unknown,Team_Unknown,Action_PreSnap,590.19,673.95,752.69,905.44,162.5,231.49,xml_geometry_csv_action
BootPass_106,57,11,11,Position_Unknown,Team_Unknown,Action_PreSnap,856.69,415.43,1016.12,692.27,159.42999999999995,276.84,xml_geometry_csv_action
BootPass_106,57,12,12,Position_Unknown,Team_Unknown,Action_PreSnap,225.72,387.76,389.05,677.46,163.33,289.70000000000005,xml_geometry_csv_action
BootPass_106,57,13,13,Position_Unknown,Team_Unknown,Action_PreSnap,653.62,447.4,838.3,706.69,184.67999999999995,259.2900000000001,xml_geometry_csv_action
BootPass_106,57,14,14,Position_Unknown,Team_Unknown,Action_PreSnap,1213.55,380.41,1368.91,672.33,155.36000000000013,291.92,xml_geometry_csv_action
BootPass_106,57,16,16,Position_Unknown,Team_Unknown,Action_PreSnap,1755.1,575.86,1915.72,843.52,160.62000000000012,267.65999999999997,xml_geometry_csv_action
BootPass_106,57,2,2,Position_Unknown,Team_Unknown,Action_PreSnap,224.06,377.17,350.57,584.7,126.50999999999999,207.53000000000003,xml_geometry_csv_action
BootPass_106,57,3,3,Position_Unknown,Team_Unknown,Action_PreSnap,962.95,321.21,1103.65,516.63,140.70000000000005,195.42000000000002,xml_geometry_csv_action
BootPass_106,57,4,4,Position_Unknown,Team_Unknown,Action_PreSnap,1374.62,336.51,1507.13,619.85,132.51000000000022,283.34000000000003,xml_geometry_csv_action
BootPass_106,57,5,5,Position_Unknown,Team_Unknown,Action_PreSnap,737.63,327.44,881.79,532.81,144.15999999999997,205.36999999999995,xml_geometry_csv_action
BootPass_106,57,6,6,Position_Unknown,Team_Unknown,Action_PreSnap,911.16,557.84,1038.5,824.25,127.34000000000003,266.40999999999997,xml_geometry_csv_action
BootPass_106,57,7,7,Position_Unknown,Team_Unknown,Action_PreSnap,503.84,404.01,673.16,700.99,169.32,296.98,xml_geometry_csv_action
BootPass_106,57,9,9,Position_Unknown,Team_Unknown,Action_PreSnap,1511.33,361.11,1701.66,654.36,190.33000000000015,293.25,xml_geometry_csv_action
BootPass_106,58,0,0,Position_Unknown,Team_Unknown,Action_PreSnap,1412.96,970.59,1599.23,1079.19,186.26999999999998,108.60000000000002,xml_geometry_csv_action
BootPass_106,58,1,1,Position_Unknown,Team_Unknown,Action_PreSnap,915.9,212.18,1037.67,415.14,121.7700000000001,202.95999999999998,xml_geometry_csv_action
BootPass_106,58,10,10,Position_Unknown,Team_Unknown,Action_PreSnap,592.66,672.78,736.94,906.58,144.2800000000001,233.80000000000007,xml_geometry_csv_action
BootPass_106,58,11,11,Position_Unknown,Team_Unknown,Action_PreSnap,854.28,411.03,1006.2,664.24,151.92000000000007,253.21000000000004,xml_geometry_csv_action
BootPass_106,58,12,12,Position_Unknown,Team_Unknown,Action_PreSnap,222.83,393.11,399.29,680.49,176.46,287.38,xml_geometry_csv_action
BootPass_106,58,13,13,Position_Unknown,Team_Unknown,Action_PreSnap,648.1,446.79,814.69,705.98,166.59000000000003,259.19,xml_geometry_csv_action
BootPass_106,58,14,14,Position_Unknown,Team_Unknown,Action_PreSnap,1219.81,376.66,1371.43,671.74,151.62000000000012,295.08,xml_geometry_csv_action
BootPass_106,58,16,16,Position_Unknown,Team_Unknown,Action_PreSnap,1737.68,582.89,1914.66,866.61,176.98000000000002,283.72,xml_geometry_csv_action
BootPass_106,58,2,2,Position_Unknown,Team_Unknown,Action_PreSnap,218.09,376.9,346.6,585.06,128.51000000000002,208.15999999999997,xml_geometry_csv_action
BootPass_106,58,3,3,Position_Unknown,Team_Unknown,Action_PreSnap,946.09,325.99,1097.06,517.64,150.9699999999999,191.64999999999998,xml_geometry_csv_action
BootPass_106,58,4,4,Position_Unknown,Team_Unknown,Action_PreSnap,1384.21,334.82,1513.28,616.37,129.06999999999994,281.55,xml_geometry_csv_action
BootPass_106,58,5,5,Position_Unknown,Team_Unknown,Action_PreSnap,722.72,332.9,867.22,530.77,144.5,197.87,xml_geometry_csv_action
BootPass_106,58,6,6,Position_Unknown,Team_Unknown,Action_PreSnap,894.27,557.71,1025.62,819.54,131.3499999999999,261.8299999999999,xml_geometry_csv_action
BootPass_106,58,7,7,Position_Unknown,Team_Unknown,Action_PreSnap,486.58,404.17,671.68,702.35,185.09999999999997,298.18,xml_geometry_csv_action
BootPass_106,58,9,9,Position_Unknown,Team_Unknown,Action_PreSnap,1514.46,359.09,1700.15,655.54,185.69000000000005,296.45,xml_geometry_csv_action
BootPass_106,59,0,0,Position_Unknown,Team_Unknown,Action_PreSnap,1394.53,972.7,1572.46,1079.25,177.93000000000006,106.54999999999995,xml_geometry_csv_action
BootPass_106,59,1,1,Position_Unknown,Team_Unknown,Action_PreSnap,909.11,207.27,1072.34,445.4,163.2299999999999,238.12999999999997,xml_geometry_csv_action
BootPass_106,59,10,10,Position_Unknown,Team_Unknown,Action_PreSnap,592.4,672.81,728.11,914.99,135.71000000000004,242.18000000000006,xml_geometry_csv_action
BootPass_106,59,11,11,Position_Unknown,Team_Unknown,Action_PreSnap,851.16,406.9,991.0,651.32,139.84000000000003,244.42000000000007,xml_geometry_csv_action
BootPass_106,59,12,12,Position_Unknown,Team_Unknown,Action_PreSnap,222.16,400.72,406.78,683.13,184.61999999999998,282.40999999999997,xml_geometry_csv_action
BootPass_106,59,13,13,Position_Unknown,Team_Unknown,Action_PreSnap,638.08,446.4,792.15,707.81,154.06999999999994,261.40999999999997,xml_geometry_csv_action
BootPass_106,59,14,14,Position_Unknown,Team_Unknown,Action_PreSnap,1227.42,374.48,1371.62,669.9,144.19999999999982,295.41999999999996,xml_geometry_csv_action
BootPass_106,59,16,16,Position_Unknown,Team_Unknown,Action_PreSnap,1716.3,595.15,1909.35,882.76,193.04999999999995,287.61,xml_geometry_csv_action
BootPass_106,59,17,17,Position_Unknown,Team_Unknown,Action_PreSnap,1872.77,629.33,1918.25,916.91,45.48000000000002,287.5799999999999,xml_geometry_csv_action
BootPass_106,59,2,2,Position_Unknown,Team_Unknown,Action_PreSnap,208.54,378.15,345.29,579.83,136.75000000000003,201.68000000000006,xml_geometry_csv_action
BootPass_106,59,3,3,Position_Unknown,Team_Unknown,Action_PreSnap,931.41,332.78,1087.64,519.48,156.23000000000013,186.70000000000005,xml_geometry_csv_action
BootPass_106,59,4,4,Position_Unknown,Team_Unknown,Action_PreSnap,1390.01,335.13,1519.19,613.37,129.18000000000006,278.24,xml_geometry_csv_action
BootPass_106,59,5,5,Position_Unknown,Team_Unknown,Action_PreSnap,708.56,337.09,853.04,534.49,144.48000000000002,197.40000000000003,xml_geometry_csv_action
BootPass_106,59,6,6,Position_Unknown,Team_Unknown,Action_PreSnap,879.1,558.62,1010.21,816.42,131.11,257.79999999999995,xml_geometry_csv_action
BootPass_106,59,7,7,Position_Unknown,Team_Unknown,Action_PreSnap,473.6,406.7,663.79,703.56,190.18999999999994,296.85999999999996,xml_geometry_csv_action
BootPass_106,59,9,9,Position_Unknown,Team_Unknown,Action_PreSnap,1518.73,355.98,1699.25,656.06,180.51999999999998,300.0799999999999,xml_geometry_csv_action
BootPass_106,60,0,0,Position_Unknown,Team_Unknown,Action_PreSnap,1379.92,971.52,1544.3,1079.67,164.37999999999988,108.15000000000009,xml_geometry_csv_action
BootPass_106,60,1,1,Position_Unknown,Team_Unknown,Action_PreSnap,901.42,205.04,1078.97,453.77,177.55000000000007,248.73,xml_geometry_csv_action
BootPass_106,60,10,10,Position_Unknown,Team_Unknown,Action_PreSnap,588.88,676.29,723.09,922.95,134.21000000000004,246.66000000000008,xml_geometry_csv_action
BootPass_106,60,11,11,Position_Unknown,Team_Unknown,Action_PreSnap,847.28,403.99,974.0,652.11,126.72000000000003,248.12,xml_geometry_csv_action
BootPass_106,60,12,12,Position_Unknown,Team_Unknown,Action_PreSnap,228.27,405.33,414.09,686.6,185.81999999999996,281.27000000000004,xml_geometry_csv_action
BootPass_106,60,13,13,Position_Unknown,Team_Unknown,Action_PreSnap,628.97,446.25,780.06,710.44,151.08999999999992,264.19000000000005,xml_geometry_csv_action
BootPass_106,60,14,14,Position_Unknown,Team_Unknown,Action_PreSnap,1235.31,371.91,1375.86,667.89,140.54999999999995,295.97999999999996,xml_geometry_csv_action
BootPass_106,60,16,16,Position_Unknown,Team_Unknown,Action_PreSnap,1697.65,605.91,1893.78,889.82,196.12999999999988,283.9100000000001,xml_geometry_csv_action
BootPass_106,60,17,17,Position_Unknown,Team_Unknown,Action_PreSnap,1859.87,634.67,1917.69,911.28,57.820000000000164,276.61,xml_geometry_csv_action
BootPass_106,60,2,2,Position_Unknown,Team_Unknown,Action_PreSnap,190.55,380.62,344.87,576.43,154.32,195.80999999999995,xml_geometry_csv_action
BootPass_106,60,3,3,Position_Unknown,Team_Unknown,Action_PreSnap,919.06,340.65,1077.67,520.66,158.61000000000013,180.01,xml_geometry_csv_action
BootPass_106,60,4,4,Position_Unknown,Team_Unknown,Action_PreSnap,1389.26,335.81,1529.71,609.76,140.45000000000005,273.95,xml_geometry_csv_action
BootPass_106,60,5,5,Position_Unknown,Team_Unknown,Action_PreSnap,698.62,340.29,840.1,543.66,141.48000000000002,203.36999999999995,xml_geometry_csv_action
BootPass_106,60,6,6,Position_Unknown,Team_Unknown,Action_PreSnap,864.73,561.11,996.71,815.39,131.98000000000002,254.27999999999997,xml_geometry_csv_action
BootPass_106,60,7,7,Position_Unknown,Team_Unknown,Action_PreSnap,468.47,410.06,654.8,705.49,186.32999999999993,295.43,xml_geometry_csv_action
BootPass_106,60,9,9,Position_Unknown,Team_Unknown,Action_PreSnap,1521.26,351.7,1698.78,656.76,177.51999999999998,305.06,xml_geometry_csv_action
BootPass_106,61,0,0,Position_Unknown,Team_Unknown,Action_PreSnap,1370.82,970.46,1513.32,1079.69,142.5,109.23000000000002,xml_geometry_csv_action
BootPass_106,61,1,1,Position_Unknown,Team_Unknown,Action_PreSnap,895.53,203.66,1073.51,451.35,177.98000000000002,247.69000000000003,xml_geometry_csv_action
BootPass_106,61,10,10,Position_Unknown,Team_Unknown,Action_PreSnap,583.14,681.24,723.11,927.9,139.97000000000003,246.65999999999997,xml_geometry_csv_action
BootPass_106,61,11,11,Position_Unknown,Team_Unknown,Action_PreSnap,840.87,401.45,962.35,652.29,121.48000000000002,250.83999999999997,xml_geometry_csv_action
BootPass_106,61,12,12,Position_Unknown,Team_Unknown,Action_PreSnap,234.83,409.63,422.77,691.62,187.93999999999997,281.99,xml_geometry_csv_action
BootPass_106,61,13,13,Position_Unknown,Team_Unknown,Action_PreSnap,628.92,445.89,777.59,713.44,148.67000000000007,267.55000000000007,xml_geometry_csv_action
BootPass_106,61,14,14,Position_Unknown,Team_Unknown,Action_PreSnap,1245.86,369.46,1385.61,664.47,139.75,295.01000000000005,xml_geometry_csv_action
BootPass_106,61,16,16,Position_Unknown,Team_Unknown,Action_PreSnap,1680.31,614.29,1867.74,892.59,187.43000000000006,278.30000000000007,xml_geometry_csv_action
BootPass_106,61,17,17,Position_Unknown,Team_Unknown,Action_PreSnap,1857.1,641.63,1918.4,917.12,61.30000000000018,275.49,xml_geometry_csv_action
BootPass_106,61,2,2,Position_Unknown,Team_Unknown,Action_PreSnap,174.98,382.49,345.67,574.77,170.69000000000003,192.27999999999997,xml_geometry_csv_action
BootPass_106,61,3,3,Position_Unknown,Team_Unknown,Action_PreSnap,907.13,350.2,1071.87,522.88,164.7399999999999,172.68,xml_geometry_csv_action
BootPass_106,61,4,4,Position_Unknown,Team_Unknown,Action_PreSnap,1388.83,335.13,1532.94,606.3,144.11000000000013,271.16999999999996,xml_geometry_csv_action
BootPass_106,61,5,5,Position_Unknown,Team_Unknown,Action_PreSnap,692.22,342.2,831.55,550.53,139.32999999999993,208.32999999999998,xml_geometry_csv_action
BootPass_106,61,6,6,Position_Unknown,Team_Unknown,Action_PreSnap,841.12,564.05,986.12,813.59,145.0,249.54000000000008,xml_geometry_csv_action
BootPass_106,61,7,7,Position_Unknown,Team_Unknown,Action_PreSnap,471.11,413.68,652.05,707.34,180.93999999999994,293.66,xml_geometry_csv_action
BootPass_106,61,9,9,Position_Unknown,Team_Unknown,Action_PreSnap,1524.07,349.54,1700.76,657.19,176.69000000000005,307.65000000000003,xml_geometry_csv_action
BootPass_106,62,0,0,Position_Unknown,Team_Unknown,Action_PreSnap,1363.31,976.63,1498.51,1080.0,135.20000000000005,103.37,xml_geometry_csv_action
BootPass_106,62,1,1,Position_Unknown,Team_Unknown,Action_PreSnap,888.79,207.01,1056.82,446.36,168.02999999999997,239.35000000000002,xml_geometry_csv_action
BootPass_106,62,10,10,Position_Unknown,Team_Unknown,Action_PreSnap,571.44,688.98,721.37,934.03,149.92999999999995,245.04999999999995,xml_geometry_csv_action
BootPass_106,62,11,11,Position_Unknown,Team_Unknown,Action_PreSnap,836.25,402.26,952.07,647.5,115.82000000000005,245.24,xml_geometry_csv_action
BootPass_106,62,12,12,Position_Unknown,Team_Unknown,Action_PreSnap,238.13,410.52,428.9,697.39,190.76999999999998,286.87,xml_geometry_csv_action
BootPass_106,62,13,13,Position_Unknown,Team_Unknown,Action_PreSnap,632.59,448.93,780.63,720.14,148.03999999999996,271.21,xml_geometry_csv_action
BootPass_106,62,14,14,Position_Unknown,Team_Unknown,Action_PreSnap,1254.66,369.93,1390.89,662.66,136.23000000000002,292.72999999999996,xml_geometry_csv_action
BootPass_106,62,16,16,Position_Unknown,Team_Unknown,Action_PreSnap,1663.21,624.93,1836.44,893.58,173.23000000000002,268.6500000000001,xml_geometry_csv_action
BootPass_106,62,17,17,Position_Unknown,Team_Unknown,Action_PreSnap,1853.91,649.14,1918.6,922.96,64.68999999999983,273.82000000000005,xml_geometry_csv_action
BootPass_106,62,2,2,Position_Unknown,Team_Unknown,Action_PreSnap,163.13,385.23,342.51,578.52,179.38,193.28999999999996,xml_geometry_csv_action
BootPass_106,62,3,3,Position_Unknown,Team_Unknown,Action_PreSnap,897.47,357.45,1066.69,526.17,169.22000000000003,168.71999999999997,xml_geometry_csv_action
BootPass_106,62,4,4,Position_Unknown,Team_Unknown,Action_PreSnap,1391.93,337.12,1530.42,608.54,138.49,271.41999999999996,xml_geometry_csv_action
BootPass_106,62,5,5,Position_Unknown,Team_Unknown,Action_PreSnap,685.68,345.07,822.85,562.12,137.17000000000007,217.05,xml_geometry_csv_action
BootPass_106,62,6,6,Position_Unknown,Team_Unknown,Action_PreSnap,810.08,568.9,974.64,812.92,164.55999999999995,244.01999999999998,xml_geometry_csv_action
BootPass_106,62,7,7,Position_Unknown,Team_Unknown,Action_PreSnap,477.2,418.57,650.54,707.13,173.33999999999997,288.56,xml_geometry_csv_action
BootPass_106,62,9,9,Position_Unknown,Team_Unknown,Action_PreSnap,1526.08,353.88,1700.17,657.4,174.09000000000015,303.52,xml_geometry_csv_action
BootPass_106,63,0,0,Position_Unknown,Team_Unknown,Action_PreSnap,1352.03,988.44,1488.79,1080.0,136.76,91.55999999999995,xml_geometry_csv_action
BootPass_106,63,1,1,Position_Unknown,Team_Unknown,Action_PreSnap,882.15,212.47,1048.54,447.69,166.39,235.22,xml_geometry_csv_action
BootPass_106,63,10,10,Position_Unknown,Team_Unknown,Action_PreSnap,557.38,697.28,719.92,942.89,162.53999999999996,245.61,xml_geometry_csv_action
BootPass_106,63,11,11,Position_Unknown,Team_Unknown,Action_PreSnap,834.14,403.15,945.35,644.23,111.21000000000004,241.08000000000004,xml_geometry_csv_action
BootPass_106,63,12,12,Position_Unknown,Team_Unknown,Action_PreSnap,244.08,413.51,433.79,703.58,189.71,290.07000000000005,xml_geometry_csv_action
BootPass_106,63,13,13,Position_Unknown,Team_Unknown,Action_PreSnap,635.41,452.68,786.49,725.61,151.08000000000004,272.93,xml_geometry_csv_action
BootPass_106,63,14,14,Position_Unknown,Team_Unknown,Action_PreSnap,1264.44,372.63,1399.46,661.15,135.01999999999998,288.52,xml_geometry_csv_action
BootPass_106,63,16,16,Position_Unknown,Team_Unknown,Action_PreSnap,1644.33,636.33,1814.22,896.06,169.8900000000001,259.7299999999999,xml_geometry_csv_action
BootPass_106,63,17,17,Position_Unknown,Team_Unknown,Action_PreSnap,1848.17,657.45,1919.2,926.72,71.02999999999997,269.27,xml_geometry_csv_action
BootPass_106,63,2,2,Position_Unknown,Team_Unknown,Action_PreSnap,159.2,387.21,341.64,586.67,182.44,199.45999999999998,xml_geometry_csv_action
BootPass_106,63,3,3,Position_Unknown,Team_Unknown,Action_PreSnap,890.72,364.4,1060.81,532.53,170.08999999999992,168.13,xml_geometry_csv_action
BootPass_106,63,4,4,Position_Unknown,Team_Unknown,Action_PreSnap,1396.54,342.51,1536.31,612.37,139.76999999999998,269.86,xml_geometry_csv_action
BootPass_106,63,5,5,Position_Unknown,Team_Unknown,Action_PreSnap,682.71,349.79,819.32,572.66,136.61,222.86999999999995,xml_geometry_csv_action
BootPass_106,63,6,6,Position_Unknown,Team_Unknown,Action_PreSnap,789.07,572.86,971.77,812.78,182.69999999999993,239.91999999999996,xml_geometry_csv_action
BootPass_106,63,7,7,Position_Unknown,Team_Unknown,Action_PreSnap,485.15,422.74,652.07,706.1,166.92000000000007,283.36,xml_geometry_csv_action
BootPass_106,63,9,9,Position_Unknown,Team_Unknown,Action_PreSnap,1527.47,356.89,1700.17,657.08,172.70000000000005,300.19000000000005,xml_geometry_csv_action
BootPass_106,64,0,0,Position_Unknown,Team_Unknown,Action_PreSnap,1344.04,996.48,1479.95,1080.0,135.91000000000008,83.51999999999998,xml_geometry_csv_action
BootPass_106,64,1,1,Position_Unknown,Team_Unknown,Action_PreSnap,871.95,215.24,1049.46,452.3,177.51,237.06,xml_geometry_csv_action
BootPass_106,64,10,10,Position_Unknown,Team_Unknown,Action_PreSnap,545.28,704.75,715.05,951.12,169.76999999999998,246.37,xml_geometry_csv_action
BootPass_106,64,11,11,Position_Unknown,Team_Unknown,Action_PreSnap,833.97,403.14,938.87,639.96,104.89999999999998,236.82000000000005,xml_geometry_csv_action
BootPass_106,64,12,12,Position_Unknown,Team_Unknown,Action_PreSnap,245.49,421.42,433.92,708.23,188.43,286.81,xml_geometry_csv_action
BootPass_106,64,13,13,Position_Unknown,Team_Unknown,Action_PreSnap,628.89,456.24,789.11,728.62,160.22000000000003,272.38,xml_geometry_csv_action
BootPass_106,64,14,14,Position_Unknown,Team_Unknown,Action_PreSnap,1273.29,376.67,1408.84,662.89,135.54999999999995,286.21999999999997,xml_geometry_csv_action
BootPass_106,64,16,16,Position_Unknown,Team_Unknown,Action_PreSnap,1623.16,645.69,1802.54,901.82,179.37999999999988,256.13,xml_geometry_csv_action
BootPass_106,64,17,17,Position_Unknown,Team_Unknown,Action_PreSnap,1841.32,666.53,1919.02,919.46,77.70000000000005,252.93000000000006,xml_geometry_csv_action
BootPass_106,64,2,2,Position_Unknown,Team_Unknown,Action_PreSnap,161.5,389.45,337.01,596.79,175.51,207.33999999999997,xml_geometry_csv_action
BootPass_106,64,3,3,Position_Unknown,Team_Unknown,Action_PreSnap,879.98,371.07,1052.0,543.44,172.01999999999998,172.37000000000006,xml_geometry_csv_action
BootPass_106,64,4,4,Position_Unknown,Team_Unknown,Action_PreSnap,1400.23,348.59,1545.21,615.56,144.98000000000002,266.96999999999997,xml_geometry_csv_action
BootPass_106,64,5,5,Position_Unknown,Team_Unknown,Action_PreSnap,675.04,354.69,813.05,576.18,138.01,221.48999999999995,xml_geometry_csv_action
BootPass_106,64,6,6,Position_Unknown,Team_Unknown,Action_PreSnap,777.1,575.37,971.78,814.33,194.67999999999995,238.96000000000004,xml_geometry_csv_action
BootPass_106,64,7,7,Position_Unknown,Team_Unknown,Action_PreSnap,489.84,427.27,652.69,703.87,162.85000000000008,276.6,xml_geometry_csv_action
BootPass_106,64,9,9,Position_Unknown,Team_Unknown,Action_PreSnap,1525.26,359.29,1702.37,649.24,177.1099999999999,289.95,xml_geometry_csv_action
BootPass_106,65,0,0,Position_Unknown,Team_Unknown,Action_PreSnap,1335.49,1001.71,1463.8,1079.07,128.30999999999995,77.3599999999999,xml_geometry_csv_action
BootPass_106,65,1,1,Position_Unknown,Team_Unknown,Action_PreSnap,866.22,214.55,1053.06,452.54,186.83999999999992,237.99,xml_geometry_csv_action
BootPass_106,65,10,10,Position_Unknown,Team_Unknown,Action_PreSnap,540.6,709.03,715.87,960.5,175.26999999999998,251.47000000000003,xml_geometry_csv_action
BootPass_106,65,11,11,Position_Unknown,Team_Unknown,Action_PreSnap,832.15,398.52,936.58,641.74,104.43000000000006,243.22000000000003,xml_geometry_csv_action
BootPass_106,65,12,12,Position_Unknown,Team_Unknown,Action_PreSnap,249.82,422.93,425.22,707.82,175.40000000000003,284.89000000000004,xml_geometry_csv_action
BootPass_106,65,13,13,Position_Unknown,Team_Unknown,Action_PreSnap,637.27,453.36,793.97,726.6,156.70000000000005,273.24,xml_geometry_csv_action
BootPass_106,65,14,14,Position_Unknown,Team_Unknown,Action_PreSnap,1282.12,378.01,1416.33,662.45,134.21000000000004,284.44000000000005,xml_geometry_csv_action
BootPass_106,65,16,16,Position_Unknown,Team_Unknown,Action_PreSnap,1604.26,649.75,1794.82,916.5,190.55999999999995,266.75,xml_geometry_csv_action
BootPass_106,65,17,17,Position_Unknown,Team_Unknown,Action_PreSnap,1833.71,670.74,1920.0,921.53,86.28999999999996,250.78999999999996,xml_geometry_csv_action
BootPass_106,65,2,2,Position_Unknown,Team_Unknown,Action_PreSnap,172.47,387.45,334.91,599.97,162.44000000000003,212.52000000000004,xml_geometry_csv_action
BootPass_106,65,3,3,Position_Unknown,Team_Unknown,Action_PreSnap,875.04,375.08,1042.02,552.07,166.98000000000002,176.99000000000007,xml_geometry_csv_action
BootPass_106,65,4,4,Position_Unknown,Team_Unknown,Action_PreSnap,1404.88,350.48,1547.43,614.9,142.54999999999995,264.41999999999996,xml_geometry_csv_action
BootPass_106,65,5,5,Position_Unknown,Team_Unknown,Action_PreSnap,674.23,355.9,814.95,574.57,140.72000000000003,218.67000000000007,xml_geometry_csv_action
BootPass_106,65,6,6,Position_Unknown,Team_Unknown,Action_PreSnap,780.12,573.48,975.26,816.55,195.14,243.06999999999994,xml_geometry_csv_action
BootPass_106,65,7,7,Position_Unknown,Team_Unknown,Action_PreSnap,493.01,428.18,654.82,696.32,161.81000000000006,268.14000000000004,xml_geometry_csv_action
BootPass_106,65,9,9,Position_Unknown,Team_Unknown,Action_PreSnap,1527.14,358.96,1706.27,635.3,179.12999999999988,276.34,xml_geometry_csv_action
BootPass_106,66,0,0,Position_Unknown,Team_Unknown,Action_PreSnap,1321.27,1006.68,1452.35,1079.14,131.07999999999993,72.46000000000015,xml_geometry_csv_action
BootPass_106,66,1,1,Position_Unknown,Team_Unknown,Action_PreSnap,859.19,213.65,1052.16,453.67,192.97000000000003,240.02,xml_geometry_csv_action
BootPass_106,66,10,10,Position_Unknown,Team_Unknown,Action_PreSnap,538.65,716.56,710.13,969.99,171.48000000000002,253.43000000000006,xml_geometry_csv_action
BootPass_106,66,11,11,Position_Unknown,Team_Unknown,Action_PreSnap,828.54,396.77,935.7,642.18,107.16000000000008,245.40999999999997,xml_geometry_csv_action
BootPass_106,66,12,12,Position_Unknown,Team_Unknown,Action_PreSnap,251.63,424.51,409.44,711.0,157.81,286.49,xml_geometry_csv_action
BootPass_106,66,13,13,Position_Unknown,Team_Unknown,Action_PreSnap,640.12,452.44,795.81,726.03,155.68999999999994,273.59,xml_geometry_csv_action
BootPass_106,66,14,14,Position_Unknown,Team_Unknown,Action_PreSnap,1286.8,380.45,1419.93,663.76,133.1300000000001,283.31,xml_geometry_csv_action
BootPass_106,66,16,16,Position_Unknown,Team_Unknown,Action_PreSnap,1586.19,656.36,1782.11,938.56,195.91999999999985,282.19999999999993,xml_geometry_csv_action
BootPass_106,66,17,17,Position_Unknown,Team_Unknown,Action_PreSnap,1822.63,676.32,1920.0,916.07,97.36999999999989,239.75,xml_geometry_csv_action
BootPass_106,66,2,2,Position_Unknown,Team_Unknown,Action_PreSnap,181.92,387.54,323.93,604.28,142.01000000000002,216.73999999999995,xml_geometry_csv_action
BootPass_106,66,3,3,Position_Unknown,Team_Unknown,Action_PreSnap,874.59,379.65,1026.98,557.74,152.39,178.09000000000003,xml_geometry_csv_action
BootPass_106,66,4,4,Position_Unknown,Team_Unknown,Action_PreSnap,1407.42,351.45,1553.44,615.56,146.01999999999998,264.10999999999996,xml_geometry_csv_action
BootPass_106,66,5,5,Position_Unknown,Team_Unknown,Action_PreSnap,667.21,358.51,823.34,564.05,156.13,205.53999999999996,xml_geometry_csv_action
BootPass_106,66,6,6,Position_Unknown,Team_Unknown,Action_PreSnap,785.22,571.36,978.51,823.78,193.28999999999996,252.41999999999996,xml_geometry_csv_action
BootPass_106,66,7,7,Position_Unknown,Team_Unknown,Action_PreSnap,490.5,429.42,652.06,690.14,161.55999999999995,260.71999999999997,xml_geometry_csv_action
BootPass_106,66,9,9,Position_Unknown,Team_Unknown,Action_PreSnap,1526.95,360.5,1709.37,629.02,182.41999999999985,268.52,xml_geometry_csv_action
BootPass_106,67,0,0,Position_Unknown,Team_Unknown,Action_PreSnap,1303.63,1017.26,1441.57,1079.15,137.93999999999983,61.8900000000001,xml_geometry_csv_action
BootPass_106,67,1,1,Position_Unknown,Team_Unknown,Action_PreSnap,851.96,213.08,1049.2,452.86,197.24,239.78,xml_geometry_csv_action
BootPass_106,67,10,10,Position_Unknown,Team_Unknown,Action_PreSnap,537.48,722.62,701.02,974.54,163.53999999999996,251.91999999999996,xml_geometry_csv_action
BootPass_106,67,11,11,Position_Unknown,Team_Unknown,Action_PreSnap,829.81,396.28,935.0,638.66,105.19000000000005,242.38,xml_geometry_csv_action
BootPass_106,67,12,12,Position_Unknown,Team_Unknown,Action_PreSnap,252.82,428.37,392.57,713.83,139.75,285.46000000000004,xml_geometry_csv_action
BootPass_106,67,13,13,Position_Unknown,Team_Unknown,Action_PreSnap,643.42,451.57,795.3,726.05,151.88,274.47999999999996,xml_geometry_csv_action
BootPass_106,67,14,14,Position_Unknown,Team_Unknown,Action_PreSnap,1291.88,382.0,1425.21,665.22,133.32999999999993,283.22,xml_geometry_csv_action
BootPass_106,67,16,16,Position_Unknown,Team_Unknown,Action_PreSnap,1570.34,662.56,1769.17,955.82,198.83000000000015,293.2600000000001,xml_geometry_csv_action
BootPass_106,67,17,17,Position_Unknown,Team_Unknown,Action_PreSnap,1807.71,681.48,1920.0,919.9,112.28999999999996,238.41999999999996,xml_geometry_csv_action
BootPass_106,67,2,2,Position_Unknown,Team_Unknown,Action_PreSnap,194.32,388.95,310.54,607.51,116.22000000000003,218.56,xml_geometry_csv_action
BootPass_106,67,3,3,Position_Unknown,Team_Unknown,Action_PreSnap,877.6,382.12,1014.55,562.65,136.94999999999993,180.52999999999997,xml_geometry_csv_action
BootPass_106,67,4,4,Position_Unknown,Team_Unknown,Action_PreSnap,1413.07,350.34,1556.45,611.95,143.3800000000001,261.61000000000007,xml_geometry_csv_action
BootPass_106,67,5,5,Position_Unknown,Team_Unknown,Action_PreSnap,660.75,360.31,830.55,560.59,169.79999999999995,200.28000000000003,xml_geometry_csv_action
BootPass_106,67,6,6,Position_Unknown,Team_Unknown,Action_PreSnap,786.4,568.86,977.89,829.47,191.49,260.61,xml_geometry_csv_action
BootPass_106,67,7,7,Position_Unknown,Team_Unknown,Action_PreSnap,485.41,431.36,649.31,688.61,163.89999999999992,257.25,xml_geometry_csv_action
BootPass_106,67,9,9,Position_Unknown,Team_Unknown,Action_PreSnap,1527.59,361.83,1714.59,629.23,187.0,267.40000000000003,xml_geometry_csv_action
BootPass_106,68,0,0,Position_Unknown,Team_Unknown,Action_PreSnap,1281.72,1024.73,1424.38,1078.83,142.66000000000008,54.09999999999991,xml_geometry_csv_action
BootPass_106,68,1,1,Position_Unknown,Team_Unknown,Action_PreSnap,846.29,211.2,1041.03,445.6,194.74,234.40000000000003,xml_geometry_csv_action
BootPass_106,68,10,10,Position_Unknown,Team_Unknown,Action_PreSnap,539.99,726.91,691.43,975.1,151.43999999999994,248.19000000000005,xml_geometry_csv_action
BootPass_106,68,11,11,Position_Unknown,Team_Unknown,Action_PreSnap,825.0,394.7,934.44,637.96,109.44000000000005,243.26000000000005,xml_geometry_csv_action
BootPass_106,68,12,12,Position_Unknown,Team_Unknown,Action_PreSnap,252.22,426.18,375.7,713.73,123.47999999999999,287.55,xml_geometry_csv_action
BootPass_106,68,13,13,Position_Unknown,Team_Unknown,Action_PreSnap,646.85,448.82,793.73,724.04,146.88,275.21999999999997,xml_geometry_csv_action
BootPass_106,68,14,14,Position_Unknown,Team_Unknown,Action_PreSnap,1298.15,382.17,1432.77,665.38,134.6199999999999,283.21,xml_geometry_csv_action
BootPass_106,68,16,16,Position_Unknown,Team_Unknown,Action_PreSnap,1557.37,669.44,1745.0,967.23,187.6300000000001,297.78999999999996,xml_geometry_csv_action
BootPass_106,68,17,17,Position_Unknown,Team_Unknown,Action_PreSnap,1792.86,685.04,1920.0,929.64,127.1400000000001,244.60000000000002,xml_geometry_csv_action
BootPass_106,68,2,2,Position_Unknown,Team_Unknown,Action_PreSnap,203.07,387.92,302.75,609.35,99.68,221.43,xml_geometry_csv_action
BootPass_106,68,3,3,Position_Unknown,Team_Unknown,Action_PreSnap,881.66,380.6,1007.93,566.26,126.26999999999998,185.65999999999997,xml_geometry_csv_action
BootPass_106,68,4,4,Position_Unknown,Team_Unknown,Action_PreSnap,1416.49,346.44,1561.64,605.43,145.1500000000001,258.98999999999995,xml_geometry_csv_action
BootPass_106,68,5,5,Position_Unknown,Team_Unknown,Action_PreSnap,655.29,360.61,833.82,553.63,178.5300000000001,193.01999999999998,xml_geometry_csv_action
BootPass_106,68,6,6,Position_Unknown,Team_Unknown,Action_PreSnap,783.07,564.72,970.72,831.87,187.64999999999998,267.15,xml_geometry_csv_action
BootPass_106,68,7,7,Position_Unknown,Team_Unknown,Action_PreSnap,474.43,431.88,649.76,689.66,175.32999999999998,257.78,xml_geometry_csv_action
BootPass_106,68,9,9,Position_Unknown,Team_Unknown,Action_PreSnap,1532.82,361.22,1719.87,629.58,187.04999999999995,268.36,xml_geometry_csv_action
BootPass_106,69,0,0,Position_Unknown,Team_Unknown,Action_PreSnap,1265.36,1028.6,1411.79,1079.05,146.43000000000006,50.450000000000045,xml_geometry_csv_action
BootPass_106,69,1,1,Position_Unknown,Team_Unknown,Action_PreSnap,841.11,211.66,1026.47,437.09,185.36,225.42999999999998,xml_geometry_csv_action
BootPass_106,69,10,10,Position_Unknown,Team_Unknown,Action_PreSnap,547.88,732.23,681.77,976.2,133.89,243.97000000000003,xml_geometry_csv_action
BootPass_106,69,11,11,Position_Unknown,Team_Unknown,Action_PreSnap,824.57,395.33,938.58,637.58,114.00999999999999,242.25000000000006,xml_geometry_csv_action
BootPass_106,69,12,12,Position_Unknown,Team_Unknown,Action_PreSnap,252.89,424.39,363.47,711.81,110.58000000000004,287.41999999999996,xml_geometry_csv_action
BootPass_106,69,13,13,Position_Unknown,Team_Unknown,Action_PreSnap,644.83,448.93,785.67,706.39,140.83999999999992,257.46,xml_geometry_csv_action
BootPass_106,69,14,14,Position_Unknown,Team_Unknown,Action_PreSnap,1306.13,381.57,1441.52,666.98,135.38999999999987,285.41,xml_geometry_csv_action
BootPass_106,69,16,16,Position_Unknown,Team_Unknown,Action_PreSnap,1534.03,678.58,1711.93,971.98,177.9000000000001,293.4,xml_geometry_csv_action
BootPass_106,69,17,17,Position_Unknown,Team_Unknown,Action_PreSnap,1781.63,690.0,1920.0,940.86,138.3699999999999,250.86,xml_geometry_csv_action
BootPass_106,69,2,2,Position_Unknown,Team_Unknown,Action_PreSnap,205.23,389.68,293.14,612.71,87.91,223.03000000000003,xml_geometry_csv_action
BootPass_106,69,3,3,Position_Unknown,Team_Unknown,Action_PreSnap,881.89,379.74,1006.38,572.41,124.49000000000001,192.66999999999996,xml_geometry_csv_action
BootPass_106,69,4,4,Position_Unknown,Team_Unknown,Action_PreSnap,1416.25,343.66,1563.01,599.94,146.76,256.28000000000003,xml_geometry_csv_action
BootPass_106,69,5,5,Position_Unknown,Team_Unknown,Action_PreSnap,655.79,360.26,835.47,550.78,179.68000000000006,190.51999999999998,xml_geometry_csv_action
BootPass_106,69,6,6,Position_Unknown,Team_Unknown,Action_PreSnap,769.3,566.67,957.05,832.6,187.75,265.93000000000006,xml_geometry_csv_action
BootPass_106,69,7,7,Position_Unknown,Team_Unknown,Action_PreSnap,465.26,433.47,652.08,693.23,186.82000000000005,259.76,xml_geometry_csv_action
BootPass_106,69,9,9,Position_Unknown,Team_Unknown,Action_PreSnap,1537.87,360.39,1724.18,629.14,186.31000000000017,268.75,xml_geometry_csv_action
BootPass_106,70,1,1,Position_Unknown,Team_Unknown,Action_PreSnap,834.95,212.23,1005.82,430.68,170.87,218.45000000000002,xml_geometry_csv_action
BootPass_106,70,10,10,Position_Unknown,Team_Unknown,Action_PreSnap,557.52,735.74,677.28,979.26,119.75999999999999,243.51999999999998,xml_geometry_csv_action
BootPass_106,70,11,11,Position_Unknown,Team_Unknown,Action_PreSnap,824.3,395.73,945.27,637.76,120.97000000000003,242.02999999999997,xml_geometry_csv_action
BootPass_106,70,12,12,Position_Unknown,Team_Unknown,Action_PreSnap,253.56,415.57,361.46,709.89,107.89999999999998,294.32,xml_geometry_csv_action
BootPass_106,70,13,13,Position_Unknown,Team_Unknown,Action_PreSnap,637.7,449.54,788.38,693.12,150.67999999999995,243.57999999999998,xml_geometry_csv_action
BootPass_106,70,14,14,Position_Unknown,Team_Unknown,Action_PreSnap,1318.43,379.43,1454.12,668.14,135.68999999999983,288.71,xml_geometry_csv_action
BootPass_106,70,16,16,Position_Unknown,Team_Unknown,Action_PreSnap,1506.53,687.49,1685.52,972.32,178.99,284.83000000000004,xml_geometry_csv_action
BootPass_106,70,17,17,Position_Unknown,Team_Unknown,Action_PreSnap,1781.78,695.88,1920.0,946.65,138.22000000000003,250.76999999999998,xml_geometry_csv_action
BootPass_106,70,2,2,Position_Unknown,Team_Unknown,Action_PreSnap,203.84,390.63,292.05,613.82,88.21000000000001,223.19000000000005,xml_geometry_csv_action
BootPass_106,70,3,3,Position_Unknown,Team_Unknown,Action_PreSnap,893.8,375.51,1005.91,578.83,112.11000000000001,203.32000000000005,xml_geometry_csv_action
BootPass_106,70,4,4,Position_Unknown,Team_Unknown,Action_PreSnap,1418.3,339.28,1563.45,584.16,145.1500000000001,244.88,xml_geometry_csv_action
BootPass_106,70,5,5,Position_Unknown,Team_Unknown,Action_PreSnap,664.83,359.21,839.51,546.81,174.67999999999995,187.59999999999997,xml_geometry_csv_action
BootPass_106,70,6,6,Position_Unknown,Team_Unknown,Action_PreSnap,753.68,569.44,936.77,832.79,183.09000000000003,263.3499999999999,xml_geometry_csv_action
BootPass_106,70,7,7,Position_Unknown,Team_Unknown,Action_PreSnap,462.57,432.83,653.27,693.92,190.7,261.09,xml_geometry_csv_action
BootPass_106,70,9,9,Position_Unknown,Team_Unknown,Action_PreSnap,1538.69,356.87,1727.39,621.38,188.70000000000005,264.51,xml_geometry_csv_action
BootPass_106,71,1,1,Position_Unknown,Team_Unknown,Action_PreSnap,829.51,211.87,977.09,426.88,147.58000000000004,215.01,xml_geometry_csv_action
BootPass_106,71,10,10,Position_Unknown,Team_Unknown,Action_PreSnap,565.32,738.57,676.45,985.24,111.13,246.66999999999996,xml_geometry_csv_action
BootPass_106,71,11,11,Position_Unknown,Team_Unknown,Action_PreSnap,829.14,394.68,954.62,638.03,125.48000000000002,243.34999999999997,xml_geometry_csv_action
BootPass_106,71,12,12,Position_Unknown,Team_Unknown,Action_PreSnap,253.27,400.78,367.16,708.3,113.89000000000001,307.52,xml_geometry_csv_action
BootPass_106,71,13,13,Position_Unknown,Team_Unknown,Action_PreSnap,630.94,449.07,789.91,687.08,158.9699999999999,238.01000000000005,xml_geometry_csv_action
BootPass_106,71,14,14,Position_Unknown,Team_Unknown,Action_PreSnap,1333.92,376.53,1467.91,667.01,133.99,290.48,xml_geometry_csv_action
BootPass_106,71,16,16,Position_Unknown,Team_Unknown,Action_PreSnap,1485.78,692.54,1680.6,971.89,194.81999999999994,279.35,xml_geometry_csv_action
BootPass_106,71,17,17,Position_Unknown,Team_Unknown,Action_PreSnap,1783.88,701.87,1920.0,955.97,136.1199999999999,254.10000000000002,xml_geometry_csv_action
BootPass_106,71,2,2,Position_Unknown,Team_Unknown,Action_PreSnap,205.17,389.31,305.13,616.19,99.96000000000001,226.88000000000005,xml_geometry_csv_action
BootPass_106,71,3,3,Position_Unknown,Team_Unknown,Action_PreSnap,901.45,371.68,1009.31,583.0,107.8599999999999,211.32,xml_geometry_csv_action
BootPass_106,71,4,4,Position_Unknown,Team_Unknown,Action_PreSnap,1426.92,334.16,1565.37,568.68,138.44999999999982,234.51999999999992,xml_geometry_csv_action
BootPass_106,71,5,5,Position_Unknown,Team_Unknown,Action_PreSnap,673.5,358.36,845.8,550.34,172.29999999999995,191.98000000000002,xml_geometry_csv_action
BootPass_106,71,6,6,Position_Unknown,Team_Unknown,Action_PreSnap,739.99,571.89,915.84,833.52,175.85000000000002,261.63,xml_geometry_csv_action
BootPass_106,71,7,7,Position_Unknown,Team_Unknown,Action_PreSnap,467.66,429.68,652.88,694.2,185.21999999999997,264.52000000000004,xml_geometry_csv_action
BootPass_106,71,9,9,Position_Unknown,Team_Unknown,Action_PreSnap,1542.78,352.56,1732.31,620.44,189.52999999999997,267.88000000000005,xml_geometry_csv_action
BootPass_106,72,1,1,Position_Unknown,Team_Unknown,Action_PreSnap,821.02,209.4,957.83,425.9,136.81000000000006,216.49999999999997,xml_geometry_csv_action
BootPass_106,72,10,10,Position_Unknown,Team_Unknown,Action_PreSnap,569.45,742.19,678.12,993.36,108.66999999999996,251.16999999999996,xml_geometry_csv_action
BootPass_106,72,11,11,Position_Unknown,Team_Unknown,Action_PreSnap,831.97,391.9,965.63,639.4,133.65999999999997,247.5,xml_geometry_csv_action
BootPass_106,72,12,12,Position_Unknown,Team_Unknown,Action_PreSnap,254.73,396.2,370.85,703.42,116.12000000000003,307.21999999999997,xml_geometry_csv_action
BootPass_106,72,13,13,Position_Unknown,Team_Unknown,Action_PreSnap,623.13,448.69,788.65,683.06,165.51999999999998,234.36999999999995,xml_geometry_csv_action
BootPass_106,72,14,14,Position_Unknown,Team_Unknown,Action_PreSnap,1352.12,376.4,1479.63,661.77,127.51000000000022,285.37,xml_geometry_csv_action
BootPass_106,72,16,16,Position_Unknown,Team_Unknown,Action_PreSnap,1466.67,693.85,1676.01,970.25,209.33999999999992,276.4,xml_geometry_csv_action
BootPass_106,72,17,17,Position_Unknown,Team_Unknown,Action_PreSnap,1785.13,709.64,1920.0,963.51,134.8699999999999,253.87,xml_geometry_csv_action
BootPass_106,72,2,2,Position_Unknown,Team_Unknown,Action_PreSnap,204.85,387.43,309.08,613.29,104.22999999999999,225.85999999999996,xml_geometry_csv_action
BootPass_106,72,3,3,Position_Unknown,Team_Unknown,Action_PreSnap,907.63,371.89,1016.98,585.4,109.35000000000002,213.51,xml_geometry_csv_action
BootPass_106,72,4,4,Position_Unknown,Team_Unknown,Action_PreSnap,1438.5,329.49,1568.51,550.9,130.01,221.40999999999997,xml_geometry_csv_action
BootPass_106,72,5,5,Position_Unknown,Team_Unknown,Action_PreSnap,681.82,357.54,849.07,556.4,167.25,198.85999999999996,xml_geometry_csv_action
BootPass_106,72,6,6,Position_Unknown,Team_Unknown,Action_PreSnap,734.07,573.5,906.57,833.93,172.5,260.42999999999995,xml_geometry_csv_action
BootPass_106,72,7,7,Position_Unknown,Team_Unknown,Action_PreSnap,477.81,425.44,642.72,692.79,164.91000000000003,267.34999999999997,xml_geometry_csv_action
BootPass_106,72,9,9,Position_Unknown,Team_Unknown,Action_PreSnap,1543.04,348.24,1740.18,617.59,197.1400000000001,269.35,xml_geometry_csv_action
BootPass_106,73,1,1,Position_Unknown,Team_Unknown,Action_PreSnap,813.85,204.72,947.27,426.55,133.41999999999996,221.83,xml_geometry_csv_action
BootPass_106,73,10,10,Position_Unknown,Team_Unknown,Action_PreSnap,573.45,745.94,683.94,997.56,110.49000000000001,251.6199999999999,xml_geometry_csv_action
BootPass_106,73,11,11,Position_Unknown,Team_Unknown,Action_PreSnap,830.49,387.06,979.13,639.38,148.64,252.32,xml_geometry_csv_action
BootPass_106,73,12,12,Position_Unknown,Team_Unknown,Action_PreSnap,259.12,395.88,380.53,694.15,121.40999999999997,298.27,xml_geometry_csv_action
BootPass_106,73,13,13,Position_Unknown,Team_Unknown,Action_PreSnap,613.67,447.39,787.62,683.91,173.95000000000005,236.51999999999998,xml_geometry_csv_action
BootPass_106,73,14,14,Position_Unknown,Team_Unknown,Action_PreSnap,1373.41,377.41,1494.48,655.4,121.06999999999994,277.98999999999995,xml_geometry_csv_action
BootPass_106,73,16,16,Position_Unknown,Team_Unknown,Action_PreSnap,1450.12,693.19,1670.63,969.31,220.51000000000022,276.1199999999999,xml_geometry_csv_action
BootPass_106,73,17,17,Position_Unknown,Team_Unknown,Action_PreSnap,1782.65,717.64,1917.27,965.89,134.6199999999999,248.25,xml_geometry_csv_action
BootPass_106,73,2,2,Position_Unknown,Team_Unknown,Action_PreSnap,205.72,385.52,313.83,606.46,108.10999999999999,220.94000000000005,xml_geometry_csv_action
BootPass_106,73,3,3,Position_Unknown,Team_Unknown,Action_PreSnap,913.27,371.87,1027.62,587.14,114.34999999999991,215.26999999999998,xml_geometry_csv_action
BootPass_106,73,4,4,Position_Unknown,Team_Unknown,Action_PreSnap,1448.76,325.14,1574.45,534.64,125.69000000000005,209.5,xml_geometry_csv_action
BootPass_106,73,5,5,Position_Unknown,Team_Unknown,Action_PreSnap,689.55,355.64,849.89,569.35,160.34000000000003,213.71000000000004,xml_geometry_csv_action
BootPass_106,73,6,6,Position_Unknown,Team_Unknown,Action_PreSnap,743.97,573.85,909.82,834.51,165.85000000000002,260.65999999999997,xml_geometry_csv_action
BootPass_106,73,7,7,Position_Unknown,Team_Unknown,Action_PreSnap,491.77,419.81,643.32,691.75,151.55000000000007,271.94,xml_geometry_csv_action
BootPass_106,73,9,9,Position_Unknown,Team_Unknown,Action_PreSnap,1543.79,345.15,1748.32,606.63,204.52999999999997,261.48,xml_geometry_csv_action
BootPass_106,74,1,1,Position_Unknown,Team_Unknown,Action_PreSnap,810.23,203.47,950.74,423.54,140.51,220.07000000000002,xml_geometry_csv_action
BootPass_106,74,10,10,Position_Unknown,Team_Unknown,Action_PreSnap,575.13,750.65,692.25,1001.98,117.12,251.33000000000004,xml_geometry_csv_action
BootPass_106,74,11,11,Position_Unknown,Team_Unknown,Action_PreSnap,829.55,385.0,990.17,637.84,160.62,252.84000000000003,xml_geometry_csv_action
BootPass_106,74,12,12,Position_Unknown,Team_Unknown,Action_PreSnap,262.37,405.32,391.75,689.3,129.38,283.97999999999996,xml_geometry_csv_action
BootPass_106,74,13,13,Position_Unknown,Team_Unknown,Action_PreSnap,611.1,446.23,788.78,682.38,177.67999999999995,236.14999999999998,xml_geometry_csv_action
BootPass_106,74,14,14,Position_Unknown,Team_Unknown,Action_PreSnap,1395.51,378.17,1508.29,652.25,112.77999999999997,274.08,xml_geometry_csv_action
BootPass_106,74,16,16,Position_Unknown,Team_Unknown,Action_PreSnap,1439.05,693.02,1658.87,974.75,219.81999999999994,281.73,xml_geometry_csv_action
BootPass_106,74,17,17,Position_Unknown,Team_Unknown,Action_PreSnap,1777.76,726.02,1909.99,967.47,132.23000000000002,241.45000000000005,xml_geometry_csv_action
BootPass_106,74,2,2,Position_Unknown,Team_Unknown,Action_PreSnap,199.64,384.82,318.05,599.26,118.41000000000003,214.44,xml_geometry_csv_action
BootPass_106,74,3,3,Position_Unknown,Team_Unknown,Action_PreSnap,918.65,373.98,1038.91,589.14,120.2600000000001,215.15999999999997,xml_geometry_csv_action
BootPass_106,74,4,4,Position_Unknown,Team_Unknown,Action_PreSnap,1442.83,322.95,1573.33,527.53,130.5,204.57999999999998,xml_geometry_csv_action
BootPass_106,74,5,5,Position_Unknown,Team_Unknown,Action_PreSnap,698.45,354.94,856.73,574.56,158.27999999999997,219.61999999999995,xml_geometry_csv_action
BootPass_106,74,6,6,Position_Unknown,Team_Unknown,Action_PreSnap,745.13,574.28,917.67,835.68,172.53999999999996,261.4,xml_geometry_csv_action
BootPass_106,74,7,7,Position_Unknown,Team_Unknown,Action_PreSnap,503.22,414.95,652.22,690.12,149.0,275.17,xml_geometry_csv_action
BootPass_106,74,9,9,Position_Unknown,Team_Unknown,Action_PreSnap,1553.56,342.83,1753.71,597.06,200.1500000000001,254.22999999999996,xml_geometry_csv_action
BootPass_106,75,1,1,Position_Unknown,Team_Unknown,Action_PreSnap,807.31,203.35,952.01,423.1,144.70000000000005,219.75000000000003,xml_geometry_csv_action
BootPass_106,75,10,10,Position_Unknown,Team_Unknown,Action_PreSnap,574.34,756.42,699.01,1007.88,124.66999999999996,251.46000000000004,xml_geometry_csv_action
BootPass_106,75,11,11,Position_Unknown,Team_Unknown,Action_PreSnap,832.99,384.05,994.87,634.24,161.88,250.19,xml_geometry_csv_action
BootPass_106,75,12,12,Position_Unknown,Team_Unknown,Action_PreSnap,262.23,414.98,402.7,686.37,140.46999999999997,271.39,xml_geometry_csv_action
BootPass_106,75,13,13,Position_Unknown,Team_Unknown,Action_PreSnap,611.68,444.94,782.42,682.93,170.74,237.98999999999995,xml_geometry_csv_action
BootPass_106,75,14,14,Position_Unknown,Team_Unknown,Action_PreSnap,1409.1,379.04,1523.68,650.16,114.58000000000015,271.11999999999995,xml_geometry_csv_action
BootPass_106,75,16,16,Position_Unknown,Team_Unknown,Action_PreSnap,1424.13,697.32,1639.68,985.25,215.54999999999995,287.92999999999995,xml_geometry_csv_action
BootPass_106,75,17,17,Position_Unknown,Team_Unknown,Action_PreSnap,1770.27,731.56,1909.83,975.33,139.55999999999995,243.7700000000001,xml_geometry_csv_action
BootPass_106,75,2,2,Position_Unknown,Team_Unknown,Action_PreSnap,185.33,385.14,318.45,594.66,133.11999999999998,209.51999999999998,xml_geometry_csv_action
BootPass_106,75,3,3,Position_Unknown,Team_Unknown,Action_PreSnap,924.19,377.47,1047.64,591.08,123.45000000000005,213.61,xml_geometry_csv_action
BootPass_106,75,5,5,Position_Unknown,Team_Unknown,Action_PreSnap,706.73,353.38,860.24,575.5,153.51,222.12,xml_geometry_csv_action
BootPass_106,75,6,6,Position_Unknown,Team_Unknown,Action_PreSnap,737.86,573.27,917.43,835.76,179.56999999999994,262.49,xml_geometry_csv_action
BootPass_106,75,7,7,Position_Unknown,Team_Unknown,Action_PreSnap,510.54,411.85,653.77,687.26,143.22999999999996,275.40999999999997,xml_geometry_csv_action
BootPass_106,75,9,9,Position_Unknown,Team_Unknown,Action_PreSnap,1557.17,340.41,1750.26,595.69,193.08999999999992,255.28000000000003,xml_geometry_csv_action
BootPass_106,76,1,1,Position_Unknown,Team_Unknown,Action_PreSnap,799.83,204.66,948.53,422.47,148.69999999999993,217.81000000000003,xml_geometry_csv_action
BootPass_106,76,10,10,Position_Unknown,Team_Unknown,Action_PreSnap,570.24,761.64,707.72,1015.33,137.48000000000002,253.69000000000005,xml_geometry_csv_action
BootPass_106,76,11,11,Position_Unknown,Team_Unknown,Action_PreSnap,835.58,382.15,992.71,630.0,157.13,247.85000000000002,xml_geometry_csv_action
BootPass_106,76,12,12,Position_Unknown,Team_Unknown,Action_PreSnap,258.51,419.06,412.18,686.44,153.67000000000002,267.38000000000005,xml_geometry_csv_action
BootPass_106,76,13,13,Position_Unknown,Team_Unknown,Action_PreSnap,610.97,443.3,777.27,684.63,166.29999999999995,241.32999999999998,xml_geometry_csv_action
BootPass_106,76,14,14,Position_Unknown,Team_Unknown,Action_PreSnap,1417.65,379.7,1537.61,649.38,119.95999999999981,269.68,xml_geometry_csv_action
BootPass_106,76,16,16,Position_Unknown,Team_Unknown,Action_PreSnap,1407.35,703.16,1610.09,999.42,202.74,296.26,xml_geometry_csv_action
BootPass_106,76,17,17,Position_Unknown,Team_Unknown,Action_PreSnap,1763.22,737.16,1908.45,986.92,145.23000000000002,249.76,xml_geometry_csv_action
BootPass_106,76,2,2,Position_Unknown,Team_Unknown,Action_PreSnap,168.9,387.16,318.94,598.05,150.04,210.88999999999993,xml_geometry_csv_action
BootPass_106,76,3,3,Position_Unknown,Team_Unknown,Action_PreSnap,926.3,378.84,1055.42,593.53,129.12000000000012,214.69,xml_geometry_csv_action
BootPass_106,76,4,4,Position_Unknown,Team_Unknown,Action_PreSnap,1420.03,326.15,1548.24,517.66,128.21000000000004,191.51,xml_geometry_csv_action
BootPass_106,76,5,5,Position_Unknown,Team_Unknown,Action_PreSnap,714.31,351.66,866.4,577.27,152.09000000000003,225.60999999999996,xml_geometry_csv_action
BootPass_106,76,6,6,Position_Unknown,Team_Unknown,Action_PreSnap,724.56,574.37,907.79,834.58,183.23000000000002,260.21000000000004,xml_geometry_csv_action
BootPass_106,76,7,7,Position_Unknown,Team_Unknown,Action_PreSnap,512.97,409.77,648.0,680.9,135.02999999999997,271.13,xml_geometry_csv_action
BootPass_106,76,9,9,Position_Unknown,Team_Unknown,Action_PreSnap,1553.51,338.25,1748.2,593.99,194.69000000000005,255.74,xml_geometry_csv_action
BootPass_106,77,1,1,Position_Unknown,Team_Unknown,Action_PreSnap,791.04,205.97,930.83,422.11,139.79000000000008,216.14000000000001,xml_geometry_csv_action
BootPass_106,77,10,10,Position_Unknown,Team_Unknown,Action_PreSnap,571.19,766.78,717.91,1024.05,146.7199999999999,257.27,xml_geometry_csv_action
BootPass_106,77,11,11,Position_Unknown,Team_Unknown,Action_PreSnap,842.48,381.38,986.9,626.57,144.41999999999996,245.19000000000005,xml_geometry_csv_action
BootPass_106,77,12,12,Position_Unknown,Team_Unknown,Action_PreSnap,257.47,413.74,424.11,687.87,166.64,274.13,xml_geometry_csv_action
BootPass_106,77,13,13,Position_Unknown,Team_Unknown,Action_PreSnap,613.8,442.34,771.33,684.98,157.5300000000001,242.64000000000004,xml_geometry_csv_action
BootPass_106,77,14,14,Position_Unknown,Team_Unknown,Action_PreSnap,1426.91,378.48,1552.06,649.05,125.14999999999986,270.56999999999994,xml_geometry_csv_action
BootPass_106,77,16,16,Position_Unknown,Team_Unknown,Action_PreSnap,1390.23,712.34,1575.45,1008.49,185.22000000000003,296.15,xml_geometry_csv_action
BootPass_106,77,17,17,Position_Unknown,Team_Unknown,Action_PreSnap,1757.39,743.17,1904.1,1000.38,146.7099999999998,257.21000000000004,xml_geometry_csv_action
BootPass_106,77,2,2,Position_Unknown,Team_Unknown,Action_PreSnap,161.04,388.93,317.85,608.3,156.81000000000003,219.36999999999995,xml_geometry_csv_action
BootPass_106,77,3,3,Position_Unknown,Team_Unknown,Action_PreSnap,931.0,380.47,1064.16,596.05,133.16000000000008,215.57999999999993,xml_geometry_csv_action
BootPass_106,77,4,4,Position_Unknown,Team_Unknown,Action_PreSnap,1405.41,329.29,1540.73,520.98,135.31999999999994,191.69,xml_geometry_csv_action
BootPass_106,77,5,5,Position_Unknown,Team_Unknown,Action_PreSnap,725.37,350.9,873.53,577.51,148.15999999999997,226.61,xml_geometry_csv_action
BootPass_106,77,6,6,Position_Unknown,Team_Unknown,Action_PreSnap,717.31,575.54,893.38,838.3,176.07000000000005,262.76,xml_geometry_csv_action
BootPass_106,77,7,7,Position_Unknown,Team_Unknown,Action_PreSnap,514.92,407.99,642.78,677.61,127.86000000000001,269.62,xml_geometry_csv_action
BootPass_106,77,9,9,Position_Unknown,Team_Unknown,Action_PreSnap,1560.89,334.84,1748.2,593.16,187.30999999999995,258.32,xml_geometry_csv_action
BootPass_106,78,1,1,Position_Unknown,Team_Unknown,Action_PreSnap,780.4,206.66,905.54,419.66,125.13999999999999,213.00000000000003,xml_geometry_csv_action
BootPass_106,78,10,10,Position_Unknown,Team_Unknown,Action_PreSnap,574.5,771.15,726.64,1035.87,152.14,264.7199999999999,xml_geometry_csv_action
BootPass_106,78,11,11,Position_Unknown,Team_Unknown,Action_PreSnap,847.65,379.33,977.69,622.91,130.04000000000008,243.57999999999998,xml_geometry_csv_action
BootPass_106,78,12,12,Position_Unknown,Team_Unknown,Action_PreSnap,258.81,411.48,435.38,688.16,176.57,276.67999999999995,xml_geometry_csv_action
BootPass_106,78,13,13,Position_Unknown,Team_Unknown,Action_PreSnap,617.14,439.92,762.91,688.21,145.76999999999998,248.29000000000002,xml_geometry_csv_action
BootPass_106,78,14,14,Position_Unknown,Team_Unknown,Action_PreSnap,1434.82,379.3,1573.57,647.01,138.75,267.71,xml_geometry_csv_action
BootPass_106,78,16,16,Position_Unknown,Team_Unknown,Action_PreSnap,1373.58,720.78,1541.89,1013.4,168.31000000000017,292.62,xml_geometry_csv_action
BootPass_106,78,17,17,Position_Unknown,Team_Unknown,Action_PreSnap,1752.09,749.43,1898.88,1006.99,146.7900000000002,257.56000000000006,xml_geometry_csv_action
BootPass_106,78,2,2,Position_Unknown,Team_Unknown,Action_PreSnap,164.44,391.17,319.25,613.08,154.81,221.91000000000003,xml_geometry_csv_action
BootPass_106,78,3,3,Position_Unknown,Team_Unknown,Action_PreSnap,932.19,381.49,1074.43,598.61,142.24,217.12,xml_geometry_csv_action
BootPass_106,78,4,4,Position_Unknown,Team_Unknown,Action_PreSnap,1393.42,332.37,1545.02,529.87,151.5999999999999,197.5,xml_geometry_csv_action
BootPass_106,78,5,5,Position_Unknown,Team_Unknown,Action_PreSnap,740.35,347.87,884.7,578.44,144.35000000000002,230.57000000000005,xml_geometry_csv_action
BootPass_106,78,6,6,Position_Unknown,Team_Unknown,Action_PreSnap,715.48,577.0,874.55,843.67,159.06999999999994,266.66999999999996,xml_geometry_csv_action
BootPass_106,78,7,7,Position_Unknown,Team_Unknown,Action_PreSnap,509.73,404.96,635.84,676.31,126.11000000000001,271.34999999999997,xml_geometry_csv_action
BootPass_106,78,9,9,Position_Unknown,Team_Unknown,Action_PreSnap,1567.37,330.57,1750.71,592.85,183.34000000000015,262.28000000000003,xml_geometry_csv_action
BootPass_106,79,1,1,Position_Unknown,Team_Unknown,Action_PreSnap,769.38,207.48,895.63,428.4,126.25,220.92,xml_geometry_csv_action
BootPass_106,79,10,10,Position_Unknown,Team_Unknown,Action_PreSnap,581.46,777.45,734.19,1043.47,152.73000000000002,266.02,xml_geometry_csv_action
BootPass_106,79,11,11,Position_Unknown,Team_Unknown,Action_PreSnap,850.28,380.83,968.56,620.06,118.27999999999997,239.22999999999996,xml_geometry_csv_action
BootPass_106,79,12,12,Position_Unknown,Team_Unknown,Action_PreSnap,263.2,421.73,441.64,692.25,178.44,270.52,xml_geometry_csv_action
BootPass_106,79,13,13,Position_Unknown,Team_Unknown,Action_PreSnap,622.35,436.72,757.83,694.87,135.48000000000002,258.15,xml_geometry_csv_action
BootPass_106,79,14,14,Position_Unknown,Team_Unknown,Action_PreSnap,1454.73,380.67,1589.94,642.04,135.21000000000004,261.36999999999995,xml_geometry_csv_action
BootPass_106,79,16,16,Position_Unknown,Team_Unknown,Action_PreSnap,1355.49,728.65,1519.5,1014.46,164.01,285.81000000000006,xml_geometry_csv_action
BootPass_106,79,17,17,Position_Unknown,Team_Unknown,Action_PreSnap,1747.03,754.89,1890.04,1010.34,143.01,255.45000000000005,xml_geometry_csv_action
BootPass_106,79,2,2,Position_Unknown,Team_Unknown,Action_PreSnap,177.25,394.95,322.59,613.95,145.33999999999997,219.00000000000006,xml_geometry_csv_action
BootPass_106,79,3,3,Position_Unknown,Team_Unknown,Action_PreSnap,932.87,382.43,1084.24,600.4,151.37,217.96999999999997,xml_geometry_csv_action
BootPass_106,79,4,4,Position_Unknown,Team_Unknown,Action_PreSnap,1390.43,335.41,1551.61,538.26,161.17999999999984,202.84999999999997,xml_geometry_csv_action
BootPass_106,79,5,5,Position_Unknown,Team_Unknown,Action_PreSnap,761.51,346.28,892.68,573.34,131.16999999999996,227.06000000000006,xml_geometry_csv_action
BootPass_106,79,6,6,Position_Unknown,Team_Unknown,Action_PreSnap,711.73,579.74,851.12,846.82,139.39,267.08000000000004,xml_geometry_csv_action
BootPass_106,79,7,7,Position_Unknown,Team_Unknown,Action_PreSnap,503.45,403.29,636.33,676.0,132.88000000000005,272.71,xml_geometry_csv_action
BootPass_106,79,9,9,Position_Unknown,Team_Unknown,Action_PreSnap,1572.12,329.55,1751.13,589.39,179.01000000000022,259.84,xml_geometry_csv_action
BootPass_106,80,1,1,Position_Unknown,Team_Unknown,Action_PreSnap,754.9,206.93,886.53,427.5,131.63,220.57,xml_geometry_csv_action
BootPass_106,80,10,10,Position_Unknown,Team_Unknown,Action_PreSnap,592.13,785.38,737.93,1047.19,145.79999999999995,261.81000000000006,xml_geometry_csv_action
BootPass_106,80,11,11,Position_Unknown,Team_Unknown,Action_PreSnap,849.97,384.69,963.16,617.09,113.18999999999994,232.40000000000003,xml_geometry_csv_action
BootPass_106,80,12,12,Position_Unknown,Team_Unknown,Action_PreSnap,267.88,425.01,440.1,694.98,172.22000000000003,269.97,xml_geometry_csv_action
BootPass_106,80,13,13,Position_Unknown,Team_Unknown,Action_PreSnap,625.76,433.06,754.64,691.44,128.88,258.38000000000005,xml_geometry_csv_action
BootPass_106,80,14,14,Position_Unknown,Team_Unknown,Action_PreSnap,1471.91,382.27,1601.8,639.41,129.88999999999987,257.14,xml_geometry_csv_action
BootPass_106,80,16,16,Position_Unknown,Team_Unknown,Action_PreSnap,1333.66,733.05,1503.31,1015.01,169.64999999999986,281.96000000000004,xml_geometry_csv_action
BootPass_106,80,17,17,Position_Unknown,Team_Unknown,Action_PreSnap,1740.4,763.63,1888.01,1011.7,147.6099999999999,248.07000000000005,xml_geometry_csv_action
BootPass_106,80,2,2,Position_Unknown,Team_Unknown,Action_PreSnap,192.16,398.62,324.69,613.22,132.53,214.60000000000002,xml_geometry_csv_action
BootPass_106,80,3,3,Position_Unknown,Team_Unknown,Action_PreSnap,934.33,381.97,1093.31,601.17,158.9799999999999,219.19999999999993,xml_geometry_csv_action
BootPass_106,80,4,4,Position_Unknown,Team_Unknown,Action_PreSnap,1391.82,336.31,1558.05,546.66,166.23000000000002,210.34999999999997,xml_geometry_csv_action
BootPass_106,80,5,5,Position_Unknown,Team_Unknown,Action_PreSnap,777.71,343.36,907.58,556.31,129.87,212.94999999999993,xml_geometry_csv_action
BootPass_106,80,6,6,Position_Unknown,Team_Unknown,Action_PreSnap,701.6,582.34,826.55,848.19,124.94999999999993,265.85,xml_geometry_csv_action
BootPass_106,80,7,7,Position_Unknown,Team_Unknown,Action_PreSnap,494.57,400.36,641.99,675.9,147.42000000000002,275.53999999999996,xml_geometry_csv_action
BootPass_106,80,9,9,Position_Unknown,Team_Unknown,Action_PreSnap,1575.91,328.72,1747.31,575.62,171.39999999999986,246.89999999999998,xml_geometry_csv_action
BootPass_106,81,1,1,Position_Unknown,Team_Unknown,Action_PreSnap,741.35,207.38,872.54,427.27,131.18999999999994,219.89,xml_geometry_csv_action
BootPass_106,81,10,10,Position_Unknown,Team_Unknown,Action_PreSnap,598.4,792.64,738.91,1050.39,140.51,257.7500000000001,xml_geometry_csv_action
BootPass_106,81,11,11,Position_Unknown,Team_Unknown,Action_PreSnap,852.47,385.79,964.98,614.18,112.50999999999999,228.38999999999993,xml_geometry_csv_action
BootPass_106,81,12,12,Position_Unknown,Team_Unknown,Action_PreSnap,273.69,426.3,433.48,696.84,159.79000000000002,270.54,xml_geometry_csv_action
BootPass_106,81,13,13,Position_Unknown,Team_Unknown,Action_PreSnap,624.45,428.6,753.32,671.46,128.87,242.86,xml_geometry_csv_action
BootPass_106,81,14,14,Position_Unknown,Team_Unknown,Action_PreSnap,1491.74,381.72,1614.14,638.82,122.40000000000009,257.1,xml_geometry_csv_action
BootPass_106,81,16,16,Position_Unknown,Team_Unknown,Action_PreSnap,1308.76,736.8,1499.95,1013.75,191.19000000000005,276.95000000000005,xml_geometry_csv_action
BootPass_106,81,17,17,Position_Unknown,Team_Unknown,Action_PreSnap,1729.64,768.47,1888.97,1011.68,159.32999999999993,243.20999999999992,xml_geometry_csv_action
BootPass_106,81,2,2,Position_Unknown,Team_Unknown,Action_PreSnap,205.84,398.84,326.93,612.77,121.09,213.93,xml_geometry_csv_action
BootPass_106,81,3,3,Position_Unknown,Team_Unknown,Action_PreSnap,937.4,376.93,1101.84,601.27,164.43999999999994,224.33999999999997,xml_geometry_csv_action
BootPass_106,81,4,4,Position_Unknown,Team_Unknown,Action_PreSnap,1400.62,333.6,1565.71,561.36,165.09000000000015,227.76,xml_geometry_csv_action
BootPass_106,81,5,5,Position_Unknown,Team_Unknown,Action_PreSnap,793.64,339.72,925.42,547.75,131.77999999999997,208.02999999999997,xml_geometry_csv_action
BootPass_106,81,6,6,Position_Unknown,Team_Unknown,Action_PreSnap,691.76,583.86,821.05,847.18,129.28999999999996,263.31999999999994,xml_geometry_csv_action
BootPass_106,81,7,7,Position_Unknown,Team_Unknown,Action_PreSnap,482.58,397.13,645.15,674.01,162.57,276.88,xml_geometry_csv_action
BootPass_106,81,9,9,Position_Unknown,Team_Unknown,Action_PreSnap,1577.95,329.34,1738.94,563.14,160.99,233.8,xml_geometry_csv_action
BootPass_106,82,1,1,Position_Unknown,Team_Unknown,Action_PreSnap,727.4,210.64,860.78,431.67,133.38,221.03000000000003,xml_geometry_csv_action
BootPass_106,82,10,10,Position_Unknown,Team_Unknown,Action_PreSnap,599.09,800.58,737.1,1052.64,138.01,252.06000000000006,xml_geometry_csv_action
BootPass_106,82,11,11,Position_Unknown,Team_Unknown,Action_PreSnap,849.1,388.39,969.03,616.88,119.92999999999995,228.49,xml_geometry_csv_action
BootPass_106,82,12,12,Position_Unknown,Team_Unknown,Action_PreSnap,276.36,428.13,421.44,699.51,145.07999999999998,271.38,xml_geometry_csv_action
BootPass_106,82,13,13,Position_Unknown,Team_Unknown,Action_PreSnap,613.93,427.14,750.05,657.8,136.12,230.65999999999997,xml_geometry_csv_action
BootPass_106,82,14,14,Position_Unknown,Team_Unknown,Action_PreSnap,1508.61,381.66,1621.36,640.89,112.75,259.22999999999996,xml_geometry_csv_action
BootPass_106,82,16,16,Position_Unknown,Team_Unknown,Action_PreSnap,1286.08,740.58,1489.56,1022.21,203.48000000000002,281.63,xml_geometry_csv_action
BootPass_106,82,17,17,Position_Unknown,Team_Unknown,Action_PreSnap,1711.34,771.43,1888.14,1014.94,176.80000000000018,243.5100000000001,xml_geometry_csv_action
BootPass_106,82,2,2,Position_Unknown,Team_Unknown,Action_PreSnap,212.67,401.42,325.93,616.77,113.26000000000002,215.34999999999997,xml_geometry_csv_action
BootPass_106,82,3,3,Position_Unknown,Team_Unknown,Action_PreSnap,936.93,375.46,1105.41,603.68,168.48000000000013,228.21999999999997,xml_geometry_csv_action
BootPass_106,82,4,4,Position_Unknown,Team_Unknown,Action_PreSnap,1407.93,334.41,1569.18,567.43,161.25,233.01999999999992,xml_geometry_csv_action
BootPass_106,82,5,5,Position_Unknown,Team_Unknown,Action_PreSnap,801.63,338.74,925.48,545.46,123.85000000000002,206.72000000000003,xml_geometry_csv_action
BootPass_106,82,6,6,Position_Unknown,Team_Unknown,Action_PreSnap,680.95,584.82,822.69,847.78,141.74,262.9599999999999,xml_geometry_csv_action
BootPass_106,82,7,7,Position_Unknown,Team_Unknown,Action_PreSnap,467.39,396.29,641.08,663.91,173.69000000000005,267.61999999999995,xml_geometry_csv_action
BootPass_106,82,9,9,Position_Unknown,Team_Unknown,Action_PreSnap,1578.13,335.91,1730.42,557.3,152.28999999999996,221.38999999999993,xml_geometry_csv_action
BootPass_106,83,1,1,Position_Unknown,Team_Unknown,Action_PreSnap,719.66,213.27,845.53,436.85,125.87,223.58,xml_geometry_csv_action
BootPass_106,83,10,10,Position_Unknown,Team_Unknown,Action_PreSnap,601.14,807.93,732.88,1052.77,131.74,244.84000000000003,xml_geometry_csv_action
BootPass_106,83,11,11,Position_Unknown,Team_Unknown,Action_PreSnap,845.08,390.6,973.89,618.42,128.80999999999995,227.81999999999994,xml_geometry_csv_action
BootPass_106,83,12,12,Position_Unknown,Team_Unknown,Action_PreSnap,274.66,436.64,411.75,701.28,137.08999999999997,264.64,xml_geometry_csv_action
BootPass_106,83,13,13,Position_Unknown,Team_Unknown,Action_PreSnap,609.88,425.49,745.79,652.23,135.90999999999997,226.74,xml_geometry_csv_action
BootPass_106,83,14,14,Position_Unknown,Team_Unknown,Action_PreSnap,1521.49,380.74,1624.67,642.22,103.18000000000006,261.48,xml_geometry_csv_action
BootPass_106,83,16,16,Position_Unknown,Team_Unknown,Action_PreSnap,1268.07,743.14,1468.51,1033.4,200.44000000000005,290.2600000000001,xml_geometry_csv_action
BootPass_106,83,17,17,Position_Unknown,Team_Unknown,Action_PreSnap,1692.03,774.85,1882.93,1022.38,190.9000000000001,247.52999999999997,xml_geometry_csv_action
BootPass_106,83,2,2,Position_Unknown,Team_Unknown,Action_PreSnap,211.04,404.21,320.12,620.91,109.08000000000001,216.7,xml_geometry_csv_action
BootPass_106,83,3,3,Position_Unknown,Team_Unknown,Action_PreSnap,935.52,373.91,1105.57,604.42,170.04999999999995,230.50999999999993,xml_geometry_csv_action
BootPass_106,83,4,4,Position_Unknown,Team_Unknown,Action_PreSnap,1413.1,332.31,1569.83,567.11,156.73000000000002,234.8,xml_geometry_csv_action
BootPass_106,83,5,5,Position_Unknown,Team_Unknown,Action_PreSnap,807.6,338.0,920.4,546.49,112.79999999999995,208.49,xml_geometry_csv_action
BootPass_106,83,6,6,Position_Unknown,Team_Unknown,Action_PreSnap,666.24,585.84,820.49,843.7,154.25,257.86,xml_geometry_csv_action
BootPass_106,83,7,7,Position_Unknown,Team_Unknown,Action_PreSnap,452.62,395.26,628.2,653.03,175.58000000000004,257.77,xml_geometry_csv_action
BootPass_106,83,9,9,Position_Unknown,Team_Unknown,Action_PreSnap,1577.39,340.61,1730.47,558.1,153.07999999999993,217.49,xml_geometry_csv_action
BootPass_106,84,1,1,Position_Unknown,Team_Unknown,Action_PreSnap,712.64,216.24,836.02,440.48,123.38,224.24,xml_geometry_csv_action
BootPass_106,84,10,10,Position_Unknown,Team_Unknown,Action_PreSnap,600.23,815.46,729.04,1058.08,128.80999999999995,242.6199999999999,xml_geometry_csv_action
BootPass_106,84,11,11,Position_Unknown,Team_Unknown,Action_PreSnap,839.22,390.98,980.68,619.31,141.45999999999992,228.32999999999993,xml_geometry_csv_action
BootPass_106,84,12,12,Position_Unknown,Team_Unknown,Action_PreSnap,273.86,441.19,413.3,703.33,139.44,262.14000000000004,xml_geometry_csv_action
BootPass_106,84,13,13,Position_Unknown,Team_Unknown,Action_PreSnap,603.58,425.36,739.71,640.97,136.13,215.61,xml_geometry_csv_action
BootPass_106,84,14,14,Position_Unknown,Team_Unknown,Action_PreSnap,1530.72,378.86,1629.25,642.41,98.52999999999997,263.54999999999995,xml_geometry_csv_action
BootPass_106,84,16,16,Position_Unknown,Team_Unknown,Action_PreSnap,1248.69,751.99,1438.85,1045.61,190.15999999999985,293.6199999999999,xml_geometry_csv_action
BootPass_106,84,17,17,Position_Unknown,Team_Unknown,Action_PreSnap,1676.57,774.91,1877.13,1035.57,200.56000000000017,260.65999999999997,xml_geometry_csv_action
BootPass_106,84,2,2,Position_Unknown,Team_Unknown,Action_PreSnap,207.53,405.04,316.21,623.95,108.67999999999998,218.91000000000003,xml_geometry_csv_action
BootPass_106,84,3,3,Position_Unknown,Team_Unknown,Action_PreSnap,935.19,372.16,1105.19,603.23,170.0,231.07,xml_geometry_csv_action
BootPass_106,84,4,4,Position_Unknown,Team_Unknown,Action_PreSnap,1413.97,328.02,1569.43,564.5,155.46000000000004,236.48000000000002,xml_geometry_csv_action
BootPass_106,84,5,5,Position_Unknown,Team_Unknown,Action_PreSnap,813.71,338.41,922.93,547.57,109.21999999999991,209.16000000000003,xml_geometry_csv_action
BootPass_106,84,6,6,Position_Unknown,Team_Unknown,Action_PreSnap,651.95,587.53,811.92,835.74,159.9699999999999,248.21000000000004,xml_geometry_csv_action
BootPass_106,84,7,7,Position_Unknown,Team_Unknown,Action_PreSnap,445.17,394.91,613.44,650.23,168.27000000000004,255.32,xml_geometry_csv_action
BootPass_106,84,9,9,Position_Unknown,Team_Unknown,Action_PreSnap,1576.59,343.43,1731.83,557.71,155.24,214.28000000000003,xml_geometry_csv_action
BootPass_106,85,1,1,Position_Unknown,Team_Unknown,Action_PreSnap,707.22,219.93,827.79,444.32,120.56999999999994,224.39,xml_geometry_csv_action
BootPass_106,85,10,10,Position_Unknown,Team_Unknown,Action_PreSnap,597.72,822.82,732.57,1070.6,134.85000000000002,247.77999999999986,xml_geometry_csv_action
BootPass_106,85,11,11,Position_Unknown,Team_Unknown,Action_PreSnap,834.7,391.0,986.98,619.67,152.27999999999997,228.66999999999996,xml_geometry_csv_action
BootPass_106,85,12,12,Position_Unknown,Team_Unknown,Action_PreSnap,268.85,443.47,419.55,705.79,150.7,262.31999999999994,xml_geometry_csv_action
BootPass_106,85,13,13,Position_Unknown,Team_Unknown,Action_PreSnap,600.64,427.49,734.86,639.81,134.22000000000003,212.31999999999994,xml_geometry_csv_action
BootPass_106,85,14,14,Position_Unknown,Team_Unknown,Action_PreSnap,1536.88,377.45,1635.19,641.98,98.30999999999995,264.53000000000003,xml_geometry_csv_action
BootPass_106,85,16,16,Position_Unknown,Team_Unknown,Action_PreSnap,1225.39,761.58,1399.05,1052.43,173.65999999999985,290.85,xml_geometry_csv_action
BootPass_106,85,17,17,Position_Unknown,Team_Unknown,Action_PreSnap,1663.41,781.39,1870.83,1046.75,207.41999999999985,265.36,xml_geometry_csv_action
BootPass_106,85,2,2,Position_Unknown,Team_Unknown,Action_PreSnap,205.56,406.97,315.37,624.4,109.81,217.42999999999995,xml_geometry_csv_action
BootPass_106,85,3,3,Position_Unknown,Team_Unknown,Action_PreSnap,936.82,370.94,1103.64,601.96,166.82000000000005,231.02000000000004,xml_geometry_csv_action
BootPass_106,85,4,4,Position_Unknown,Team_Unknown,Action_PreSnap,1416.46,323.91,1566.3,563.51,149.83999999999992,239.59999999999997,xml_geometry_csv_action
BootPass_106,85,5,5,Position_Unknown,Team_Unknown,Action_PreSnap,818.08,340.12,930.25,544.16,112.16999999999996,204.03999999999996,xml_geometry_csv_action
BootPass_106,85,6,6,Position_Unknown,Team_Unknown,Action_PreSnap,640.26,585.86,799.85,828.08,159.59000000000003,242.22000000000003,xml_geometry_csv_action
BootPass_106,85,7,7,Position_Unknown,Team_Unknown,Action_PreSnap,449.8,395.09,602.15,649.23,152.34999999999997,254.14000000000004,xml_geometry_csv_action
BootPass_106,85,9,9,Position_Unknown,Team_Unknown,Action_PreSnap,1574.17,345.46,1736.03,555.96,161.8599999999999,210.50000000000006,xml_geometry_csv_action
BootPass_106,86,1,1,Position_Unknown,Team_Unknown,Action_PreSnap,703.35,223.46,813.85,447.6,110.5,224.14000000000001,xml_geometry_csv_action
BootPass_106,86,10,10,Position_Unknown,Team_Unknown,Action_PreSnap,588.25,831.93,741.12,1078.11,152.87,246.17999999999995,xml_geometry_csv_action
BootPass_106,86,11,11,Position_Unknown,Team_Unknown,Action_PreSnap,832.92,389.82,989.34,623.23,156.42000000000007,233.41000000000003,xml_geometry_csv_action
BootPass_106,86,12,12,Position_Unknown,Team_Unknown,Action_PreSnap,266.22,442.73,424.2,707.02,157.97999999999996,264.28999999999996,xml_geometry_csv_action
BootPass_106,86,13,13,Position_Unknown,Team_Unknown,Action_PreSnap,604.64,430.69,731.49,650.78,126.85000000000002,220.08999999999997,xml_geometry_csv_action
BootPass_106,86,14,14,Position_Unknown,Team_Unknown,Action_PreSnap,1543.27,375.5,1641.29,638.97,98.01999999999998,263.47,xml_geometry_csv_action
BootPass_106,86,16,16,Position_Unknown,Team_Unknown,Action_PreSnap,1199.85,769.29,1360.01,1058.01,160.16000000000008,288.72,xml_geometry_csv_action
BootPass_106,86,17,17,Position_Unknown,Team_Unknown,Action_PreSnap,1649.56,789.65,1861.13,1057.11,211.57000000000016,267.4599999999999,xml_geometry_csv_action
BootPass_106,86,2,2,Position_Unknown,Team_Unknown,Action_PreSnap,200.77,410.8,310.95,626.18,110.17999999999998,215.37999999999994,xml_geometry_csv_action
BootPass_106,86,3,3,Position_Unknown,Team_Unknown,Action_PreSnap,936.4,369.89,1100.34,600.32,163.93999999999994,230.43000000000006,xml_geometry_csv_action
BootPass_106,86,4,4,Position_Unknown,Team_Unknown,Action_PreSnap,1420.56,321.05,1565.37,563.91,144.80999999999995,242.85999999999996,xml_geometry_csv_action
BootPass_106,86,5,5,Position_Unknown,Team_Unknown,Action_PreSnap,823.52,343.2,933.61,532.43,110.09000000000003,189.22999999999996,xml_geometry_csv_action
BootPass_106,86,6,6,Position_Unknown,Team_Unknown,Action_PreSnap,634.0,584.76,783.88,824.91,149.88,240.14999999999998,xml_geometry_csv_action
BootPass_106,86,7,7,Position_Unknown,Team_Unknown,Action_PreSnap,460.84,395.33,595.37,649.22,134.53000000000003,253.89000000000004,xml_geometry_csv_action
BootPass_106,86,9,9,Position_Unknown,Team_Unknown,Action_PreSnap,1570.75,345.09,1738.27,556.21,167.51999999999998,211.12000000000006,xml_geometry_csv_action
BootPass_106,87,1,1,Position_Unknown,Team_Unknown,Action_PreSnap,686.89,224.18,808.32,450.64,121.43000000000006,226.45999999999998,xml_geometry_csv_action
BootPass_106,87,10,10,Position_Unknown,Team_Unknown,Action_PreSnap,574.56,841.15,748.01,1080.0,173.45000000000005,238.85000000000002,xml_geometry_csv_action
BootPass_106,87,11,11,Position_Unknown,Team_Unknown,Action_PreSnap,825.3,390.05,982.27,625.26,156.97000000000003,235.20999999999998,xml_geometry_csv_action
BootPass_106,87,12,12,Position_Unknown,Team_Unknown,Action_PreSnap,263.02,442.34,423.27,706.79,160.25,264.45,xml_geometry_csv_action
BootPass_106,87,13,13,Position_Unknown,Team_Unknown,Action_PreSnap,609.04,434.86,754.22,681.2,145.18000000000006,246.34000000000003,xml_geometry_csv_action
BootPass_106,87,14,14,Position_Unknown,Team_Unknown,Action_PreSnap,1546.24,371.66,1643.58,631.14,97.33999999999992,259.47999999999996,xml_geometry_csv_action
BootPass_106,87,16,16,Position_Unknown,Team_Unknown,Action_PreSnap,1171.25,774.34,1334.91,1061.75,163.66000000000008,287.40999999999997,xml_geometry_csv_action
BootPass_106,87,17,17,Position_Unknown,Team_Unknown,Action_PreSnap,1636.49,800.49,1837.39,1065.38,200.9000000000001,264.8900000000001,xml_geometry_csv_action
BootPass_106,87,2,2,Position_Unknown,Team_Unknown,Action_PreSnap,185.7,414.82,304.61,630.76,118.91000000000003,215.94,xml_geometry_csv_action
BootPass_106,87,3,3,Position_Unknown,Team_Unknown,Action_PreSnap,931.11,368.77,1093.76,599.07,162.64999999999998,230.30000000000007,xml_geometry_csv_action
BootPass_106,87,4,4,Position_Unknown,Team_Unknown,Action_PreSnap,1424.06,318.83,1562.38,565.1,138.32000000000016,246.27000000000004,xml_geometry_csv_action
BootPass_106,87,5,5,Position_Unknown,Team_Unknown,Action_PreSnap,827.61,347.88,931.56,482.76,103.94999999999993,134.88,xml_geometry_csv_action
BootPass_106,87,6,6,Position_Unknown,Team_Unknown,Action_PreSnap,625.38,580.6,770.58,824.14,145.20000000000005,243.53999999999996,xml_geometry_csv_action
BootPass_106,87,7,7,Position_Unknown,Team_Unknown,Action_PreSnap,468.86,393.18,594.54,650.17,125.67999999999995,256.98999999999995,xml_geometry_csv_action
BootPass_106,87,9,9,Position_Unknown,Team_Unknown,Action_PreSnap,1565.2,342.88,1733.95,554.59,168.75,211.71000000000004,xml_geometry_csv_action
BootPass_106,88,1,1,Position_Unknown,Team_Unknown,Action_PreSnap,668.37,223.93,803.14,452.62,134.76999999999998,228.69,xml_geometry_csv_action
BootPass_106,88,10,10,Position_Unknown,Team_Unknown,Action_PreSnap,570.96,849.38,753.15,1080.0,182.18999999999994,230.62,xml_geometry_csv_action
BootPass_106,88,11,11,Position_Unknown,Team_Unknown,Action_PreSnap,817.26,390.22,969.15,627.18,151.89,236.95999999999992,xml_geometry_csv_action
BootPass_106,88,12,12,Position_Unknown,Team_Unknown,Action_PreSnap,256.03,436.64,417.55,703.42,161.52000000000004,266.78,xml_geometry_csv_action
BootPass_106,88,13,13,Position_Unknown,Team_Unknown,Action_PreSnap,604.84,438.68,757.2,688.14,152.36,249.45999999999998,xml_geometry_csv_action
BootPass_106,88,14,14,Position_Unknown,Team_Unknown,Action_PreSnap,1545.41,370.36,1644.64,621.86,99.23000000000002,251.5,xml_geometry_csv_action
BootPass_106,88,16,16,Position_Unknown,Team_Unknown,Action_PreSnap,1145.83,777.24,1319.13,1062.99,173.30000000000018,285.75,xml_geometry_csv_action
BootPass_106,88,17,17,Position_Unknown,Team_Unknown,Action_PreSnap,1625.73,810.91,1809.01,1068.13,183.27999999999997,257.22000000000014,xml_geometry_csv_action
BootPass_106,88,2,2,Position_Unknown,Team_Unknown,Action_PreSnap,163.4,419.1,294.47,634.11,131.07000000000002,215.01,xml_geometry_csv_action
BootPass_106,88,3,3,Position_Unknown,Team_Unknown,Action_PreSnap,926.44,368.33,1082.46,596.43,156.01999999999998,228.09999999999997,xml_geometry_csv_action
BootPass_106,88,4,4,Position_Unknown,Team_Unknown,Action_PreSnap,1426.67,318.05,1555.11,566.44,128.43999999999983,248.39000000000004,xml_geometry_csv_action
BootPass_106,88,5,5,Position_Unknown,Team_Unknown,Action_PreSnap,828.0,352.4,926.93,459.2,98.92999999999995,106.80000000000001,xml_geometry_csv_action
BootPass_106,88,6,6,Position_Unknown,Team_Unknown,Action_PreSnap,615.88,573.94,754.91,825.32,139.02999999999997,251.38,xml_geometry_csv_action
BootPass_106,88,7,7,Position_Unknown,Team_Unknown,Action_PreSnap,467.22,389.52,595.74,649.61,128.51999999999998,260.09000000000003,xml_geometry_csv_action
BootPass_106,88,9,9,Position_Unknown,Team_Unknown,Action_PreSnap,1557.43,338.86,1717.09,547.03,159.65999999999985,208.16999999999996,xml_geometry_csv_action
BootPass_106,89,1,1,Position_Unknown,Team_Unknown,Action_PreSnap,645.32,224.93,794.77,454.8,149.44999999999993,229.87,xml_geometry_csv_action
BootPass_106,89,10,10,Position_Unknown,Team_Unknown,Action_PreSnap,570.43,856.49,752.79,1080.0,182.36,223.51,xml_geometry_csv_action
BootPass_106,89,11,11,Position_Unknown,Team_Unknown,Action_PreSnap,809.58,388.9,946.1,629.18,136.51999999999998,240.27999999999997,xml_geometry_csv_action
BootPass_106,89,12,12,Position_Unknown,Team_Unknown,Action_PreSnap,248.3,435.62,404.72,697.64,156.42000000000002,262.02,xml_geometry_csv_action
BootPass_106,89,13,13,Position_Unknown,Team_Unknown,Action_PreSnap,595.76,443.32,752.92,687.26,157.15999999999997,243.94,xml_geometry_csv_action
BootPass_106,89,14,14,Position_Unknown,Team_Unknown,Action_PreSnap,1545.19,369.89,1644.72,620.0,99.52999999999997,250.11,xml_geometry_csv_action
BootPass_106,89,16,16,Position_Unknown,Team_Unknown,Action_PreSnap,1116.81,779.57,1307.4,1057.3,190.59000000000015,277.7299999999999,xml_geometry_csv_action
BootPass_106,89,17,17,Position_Unknown,Team_Unknown,Action_PreSnap,1612.05,820.06,1786.3,1069.92,174.25,249.86000000000013,xml_geometry_csv_action
BootPass_106,89,2,2,Position_Unknown,Team_Unknown,Action_PreSnap,139.8,423.11,286.44,638.11,146.64,215.0,xml_geometry_csv_action
BootPass_106,89,3,3,Position_Unknown,Team_Unknown,Action_PreSnap,917.99,369.0,1067.19,594.85,149.20000000000005,225.85000000000002,xml_geometry_csv_action
BootPass_106,89,4,4,Position_Unknown,Team_Unknown,Action_PreSnap,1427.67,319.06,1548.85,566.67,121.17999999999984,247.60999999999996,xml_geometry_csv_action
BootPass_106,89,5,5,Position_Unknown,Team_Unknown,Action_PreSnap,821.91,356.33,921.01,445.51,99.10000000000002,89.18,xml_geometry_csv_action
BootPass_106,89,6,6,Position_Unknown,Team_Unknown,Action_PreSnap,606.15,568.43,741.81,825.49,135.65999999999997,257.06000000000006,xml_geometry_csv_action
BootPass_106,89,7,7,Position_Unknown,Team_Unknown,Action_PreSnap,457.24,387.14,593.41,642.18,136.16999999999996,255.03999999999996,xml_geometry_csv_action
BootPass_106,89,9,9,Position_Unknown,Team_Unknown,Action_PreSnap,1548.93,338.82,1693.07,543.75,144.13999999999987,204.93,xml_geometry_csv_action
BootPass_106,90,1,1,Position_Unknown,Team_Unknown,Action_PreSnap,635.05,218.27,785.84,458.85,150.79000000000008,240.58,xml_geometry_csv_action
BootPass_106,90,10,10,Position_Unknown,Team_Unknown,Action_PreSnap,567.74,862.32,746.63,1080.0,178.89,217.67999999999995,xml_geometry_csv_action
BootPass_106,90,11,11,Position_Unknown,Team_Unknown,Action_PreSnap,805.79,385.98,925.34,631.39,119.55000000000007,245.40999999999997,xml_geometry_csv_action
BootPass_106,90,12,12,Position_Unknown,Team_Unknown,Action_PreSnap,249.61,440.51,390.98,695.34,141.37,254.83000000000004,xml_geometry_csv_action
BootPass_106,90,13,13,Position_Unknown,Team_Unknown,Action_PreSnap,587.11,445.3,745.48,682.68,158.37,237.37999999999994,xml_geometry_csv_action
BootPass_106,90,14,14,Position_Unknown,Team_Unknown,Action_PreSnap,1546.61,367.07,1649.84,621.58,103.23000000000002,254.51000000000005,xml_geometry_csv_action
BootPass_106,90,16,16,Position_Unknown,Team_Unknown,Action_PreSnap,1089.29,781.47,1266.75,1048.33,177.46000000000004,266.8599999999999,xml_geometry_csv_action
BootPass_106,90,17,17,Position_Unknown,Team_Unknown,Action_PreSnap,1594.38,826.99,1778.89,1072.47,184.51,245.48000000000002,xml_geometry_csv_action
BootPass_106,90,2,2,Position_Unknown,Team_Unknown,Action_PreSnap,120.46,427.45,282.98,648.06,162.52000000000004,220.60999999999996,xml_geometry_csv_action
BootPass_106,90,3,3,Position_Unknown,Team_Unknown,Action_PreSnap,914.38,370.34,1054.68,597.04,140.30000000000007,226.7,xml_geometry_csv_action
BootPass_106,90,4,4,Position_Unknown,Team_Unknown,Action_PreSnap,1429.55,320.59,1548.47,567.04,118.92000000000007,246.45,xml_geometry_csv_action
BootPass_106,90,5,5,Position_Unknown,Team_Unknown,Action_PreSnap,818.87,360.29,919.74,441.67,100.87,81.38,xml_geometry_csv_action
BootPass_106,90,6,6,Position_Unknown,Team_Unknown,Action_PreSnap,599.16,565.19,734.76,824.73,135.60000000000002,259.53999999999996,xml_geometry_csv_action
BootPass_106,90,7,7,Position_Unknown,Team_Unknown,Action_PreSnap,449.25,386.4,585.85,632.81,136.60000000000002,246.40999999999997,xml_geometry_csv_action
BootPass_106,90,9,9,Position_Unknown,Team_Unknown,Action_PreSnap,1544.49,343.71,1678.93,540.35,134.44000000000005,196.64000000000004,xml_geometry_csv_action
BootPass_106,91,1,1,Position_Unknown,Team_Unknown,Action_PreSnap,630.0,213.93,770.07,466.24,140.07000000000005,252.31,xml_geometry_csv_action
BootPass_106,91,10,10,Position_Unknown,Team_Unknown,Action_PreSnap,566.86,873.43,738.68,1080.0,171.81999999999994,206.57000000000005,xml_geometry_csv_action
BootPass_106,91,11,11,Position_Unknown,Team_Unknown,Action_PreSnap,802.23,381.9,915.55,633.22,113.31999999999994,251.32000000000005,xml_geometry_csv_action
BootPass_106,91,12,12,Position_Unknown,Team_Unknown,Action_PreSnap,249.92,447.55,390.26,697.95,140.34,250.40000000000003,xml_geometry_csv_action
BootPass_106,91,13,13,Position_Unknown,Team_Unknown,Action_PreSnap,578.6,447.02,739.91,679.91,161.30999999999995,232.89,xml_geometry_csv_action
BootPass_106,91,14,14,Position_Unknown,Team_Unknown,Action_PreSnap,1547.73,362.87,1656.01,623.85,108.27999999999997,260.98,xml_geometry_csv_action
BootPass_106,91,16,16,Position_Unknown,Team_Unknown,Action_PreSnap,1064.05,784.81,1201.41,1060.1,137.36000000000013,275.28999999999996,xml_geometry_csv_action
BootPass_106,91,17,17,Position_Unknown,Team_Unknown,Action_PreSnap,1576.73,834.19,1773.13,1078.95,196.4000000000001,244.76,xml_geometry_csv_action
BootPass_106,91,2,2,Position_Unknown,Team_Unknown,Action_PreSnap,109.49,432.07,282.49,660.58,173.0,228.51000000000005,xml_geometry_csv_action
BootPass_106,91,3,3,Position_Unknown,Team_Unknown,Action_PreSnap,916.55,372.24,1043.53,599.43,126.98000000000002,227.18999999999994,xml_geometry_csv_action
BootPass_106,91,4,4,Position_Unknown,Team_Unknown,Action_PreSnap,1431.47,320.95,1548.24,568.69,116.76999999999998,247.74000000000007,xml_geometry_csv_action
BootPass_106,91,5,5,Position_Unknown,Team_Unknown,Action_PreSnap,813.51,363.01,922.03,529.19,108.51999999999998,166.18000000000006,xml_geometry_csv_action
BootPass_106,91,6,6,Position_Unknown,Team_Unknown,Action_PreSnap,594.85,563.4,732.15,818.95,137.29999999999995,255.55000000000007,xml_geometry_csv_action
BootPass_106,91,7,7,Position_Unknown,Team_Unknown,Action_PreSnap,443.9,387.03,577.49,630.3,133.59000000000003,243.26999999999998,xml_geometry_csv_action
BootPass_106,91,9,9,Position_Unknown,Team_Unknown,Action_PreSnap,1542.47,349.55,1666.09,548.68,123.61999999999989,199.12999999999994,xml_geometry_csv_action
BootPass_106,92,1,1,Position_Unknown,Team_Unknown,Action_PreSnap,622.41,221.23,746.3,475.14,123.88999999999999,253.91,xml_geometry_csv_action
BootPass_106,92,10,10,Position_Unknown,Team_Unknown,Action_PreSnap,561.07,883.98,726.85,1080.0,165.77999999999997,196.01999999999998,xml_geometry_csv_action
BootPass_106,92,11,11,Position_Unknown,Team_Unknown,Action_PreSnap,798.43,380.37,911.35,634.69,112.92000000000007,254.32000000000005,xml_geometry_csv_action
BootPass_106,92,12,12,Position_Unknown,Team_Unknown,Action_PreSnap,251.51,453.54,395.13,701.63,143.62,248.08999999999997,xml_geometry_csv_action
BootPass_106,92,13,13,Position_Unknown,Team_Unknown,Action_PreSnap,571.17,449.15,735.52,681.27,164.35000000000002,232.12,xml_geometry_csv_action
BootPass_106,92,14,14,Position_Unknown,Team_Unknown,Action_PreSnap,1550.59,363.31,1659.34,625.74,108.75,262.43,xml_geometry_csv_action
BootPass_106,92,16,16,Position_Unknown,Team_Unknown,Action_PreSnap,1047.04,791.88,1163.64,1071.91,116.60000000000014,280.0300000000001,xml_geometry_csv_action
BootPass_106,92,17,17,Position_Unknown,Team_Unknown,Action_PreSnap,1562.12,839.1,1761.46,1080.0,199.34000000000015,240.89999999999998,xml_geometry_csv_action
BootPass_106,92,2,2,Position_Unknown,Team_Unknown,Action_PreSnap,109.44,438.17,282.72,665.16,173.28000000000003,226.98999999999995,xml_geometry_csv_action
BootPass_106,92,3,3,Position_Unknown,Team_Unknown,Action_PreSnap,922.21,374.86,1034.9,601.69,112.69000000000005,226.83000000000004,xml_geometry_csv_action
BootPass_106,92,4,4,Position_Unknown,Team_Unknown,Action_PreSnap,1430.31,322.22,1547.96,569.3,117.65000000000009,247.07999999999993,xml_geometry_csv_action
BootPass_106,92,5,5,Position_Unknown,Team_Unknown,Action_PreSnap,824.64,365.58,931.44,559.95,106.80000000000007,194.37000000000006,xml_geometry_csv_action
BootPass_106,92,6,6,Position_Unknown,Team_Unknown,Action_PreSnap,586.3,562.29,729.47,806.25,143.17000000000007,243.96000000000004,xml_geometry_csv_action
BootPass_106,92,7,7,Position_Unknown,Team_Unknown,Action_PreSnap,439.25,388.08,565.6,633.05,126.35000000000002,244.96999999999997,xml_geometry_csv_action
BootPass_106,93,1,1,Position_Unknown,Team_Unknown,Action_PreSnap,606.36,225.36,720.35,482.95,113.99000000000001,257.59,xml_geometry_csv_action
BootPass_106,93,10,10,Position_Unknown,Team_Unknown,Action_PreSnap,556.09,893.3,714.06,1080.0,157.9699999999999,186.70000000000005,xml_geometry_csv_action
BootPass_106,93,11,11,Position_Unknown,Team_Unknown,Action_PreSnap,794.85,381.22,913.56,633.64,118.70999999999992,252.41999999999996,xml_geometry_csv_action
BootPass_106,93,12,12,Position_Unknown,Team_Unknown,Action_PreSnap,251.45,458.29,405.05,705.29,153.60000000000002,246.99999999999994,xml_geometry_csv_action
BootPass_106,93,13,13,Position_Unknown,Team_Unknown,Action_PreSnap,567.22,451.89,731.18,680.44,163.95999999999992,228.55000000000007,xml_geometry_csv_action
BootPass_106,93,14,14,Position_Unknown,Team_Unknown,Action_PreSnap,1554.01,365.16,1663.32,625.92,109.30999999999995,260.75999999999993,xml_geometry_csv_action
BootPass_106,93,16,16,Position_Unknown,Team_Unknown,Action_PreSnap,1035.34,799.64,1141.02,1078.61,105.68000000000006,278.9699999999999,xml_geometry_csv_action
BootPass_106,93,17,17,Position_Unknown,Team_Unknown,Action_PreSnap,1546.32,846.22,1745.04,1080.0,198.72000000000003,233.77999999999997,xml_geometry_csv_action
BootPass_106,93,2,2,Position_Unknown,Team_Unknown,Action_PreSnap,116.95,445.0,282.66,666.89,165.71000000000004,221.89,xml_geometry_csv_action
BootPass_106,93,3,3,Position_Unknown,Team_Unknown,Action_PreSnap,927.98,377.82,1030.87,604.89,102.88999999999987,227.07,xml_geometry_csv_action
BootPass_106,93,4,4,Position_Unknown,Team_Unknown,Action_PreSnap,1427.57,323.56,1549.46,565.79,121.8900000000001,242.22999999999996,xml_geometry_csv_action
BootPass_106,93,5,5,Position_Unknown,Team_Unknown,Action_PreSnap,832.9,366.23,940.38,577.9,107.48000000000002,211.66999999999996,xml_geometry_csv_action
BootPass_106,93,6,6,Position_Unknown,Team_Unknown,Action_PreSnap,583.15,561.02,724.28,787.53,141.13,226.51,xml_geometry_csv_action
BootPass_106,93,7,7,Position_Unknown,Team_Unknown,Action_PreSnap,432.15,389.21,566.99,634.62,134.84000000000003,245.41000000000003,xml_geometry_csv_action
BootPass_106,94,1,1,Position_Unknown,Team_Unknown,Action_PreSnap,591.76,232.07,708.79,484.3,117.02999999999997,252.23000000000002,xml_geometry_csv_action
BootPass_106,94,10,10,Position_Unknown,Team_Unknown,Action_PreSnap,555.99,903.5,704.19,1080.0,148.20000000000005,176.5,xml_geometry_csv_action
BootPass_106,94,11,11,Position_Unknown,Team_Unknown,Action_PreSnap,796.59,388.81,907.72,624.86,111.13,236.05,xml_geometry_csv_action
BootPass_106,94,12,12,Position_Unknown,Team_Unknown,Action_PreSnap,255.03,465.51,417.53,710.11,162.49999999999997,244.60000000000002,xml_geometry_csv_action
BootPass_106,94,13,13,Position_Unknown,Team_Unknown,Action_PreSnap,558.52,457.31,719.86,669.22,161.34000000000003,211.91000000000003,xml_geometry_csv_action
BootPass_106,94,14,14,Position_Unknown,Team_Unknown,Action_PreSnap,1559.01,367.13,1670.02,615.7,111.00999999999999,248.57000000000005,xml_geometry_csv_action
BootPass_106,94,16,16,Position_Unknown,Team_Unknown,Action_PreSnap,1017.71,807.4,1136.91,1080.0,119.20000000000005,272.6,xml_geometry_csv_action
BootPass_106,94,17,17,Position_Unknown,Team_Unknown,Action_PreSnap,1534.13,855.22,1722.37,1080.0,188.23999999999978,224.77999999999997,xml_geometry_csv_action
BootPass_106,94,2,2,Position_Unknown,Team_Unknown,Action_PreSnap,129.33,450.02,282.84,671.78,153.50999999999996,221.76,xml_geometry_csv_action
BootPass_106,94,3,3,Position_Unknown,Team_Unknown,Action_PreSnap,931.45,384.02,1029.87,611.29,98.41999999999985,227.26999999999998,xml_geometry_csv_action
BootPass_106,94,4,4,Position_Unknown,Team_Unknown,Action_PreSnap,1422.3,327.07,1552.95,565.15,130.6500000000001,238.07999999999998,xml_geometry_csv_action
BootPass_106,94,5,5,Position_Unknown,Team_Unknown,Action_PreSnap,839.96,366.37,949.22,588.05,109.25999999999999,221.67999999999995,xml_geometry_csv_action
BootPass_106,94,6,6,Position_Unknown,Team_Unknown,Action_PreSnap,581.75,562.32,718.08,772.6,136.33000000000004,210.27999999999997,xml_geometry_csv_action
BootPass_106,94,7,7,Position_Unknown,Team_Unknown,Action_PreSnap,426.3,390.43,563.37,637.38,137.07,246.95,xml_geometry_csv_action
BootPass_106,95,1,1,Position_Unknown,Team_Unknown,Action_PreSnap,566.34,229.77,703.37,481.07,137.02999999999997,251.29999999999998,xml_geometry_csv_action
BootPass_106,95,10,10,Position_Unknown,Team_Unknown,Action_PreSnap,555.69,906.58,710.49,1079.91,154.79999999999995,173.33000000000004,xml_geometry_csv_action
BootPass_106,95,11,11,Position_Unknown,Team_Unknown,Action_PreSnap,795.79,393.0,893.45,617.29,97.66000000000008,224.28999999999996,xml_geometry_csv_action
BootPass_106,95,12,12,Position_Unknown,Team_Unknown,Action_PreSnap,259.02,468.85,427.93,711.45,168.91000000000003,242.60000000000002,xml_geometry_csv_action
BootPass_106,95,13,13,Position_Unknown,Team_Unknown,Action_PreSnap,549.19,458.67,703.12,665.38,153.92999999999995,206.70999999999998,xml_geometry_csv_action
BootPass_106,95,14,14,Position_Unknown,Team_Unknown,Action_PreSnap,1557.38,369.3,1674.79,604.98,117.40999999999985,235.68,xml_geometry_csv_action
BootPass_106,95,16,16,Position_Unknown,Team_Unknown,Action_PreSnap,996.14,811.48,1130.84,1080.0,134.69999999999993,268.52,xml_geometry_csv_action
BootPass_106,95,17,17,Position_Unknown,Team_Unknown,Action_PreSnap,1515.88,862.29,1692.06,1080.0,176.17999999999984,217.71000000000004,xml_geometry_csv_action
BootPass_106,95,2,2,Position_Unknown,Team_Unknown,Action_PreSnap,143.47,453.18,281.43,673.01,137.96,219.82999999999998,xml_geometry_csv_action
BootPass_106,95,3,3,Position_Unknown,Team_Unknown,Action_PreSnap,932.49,389.98,1032.05,614.21,99.55999999999995,224.23000000000002,xml_geometry_csv_action
BootPass_106,95,4,4,Position_Unknown,Team_Unknown,Action_PreSnap,1415.05,330.0,1555.84,564.48,140.78999999999996,234.48000000000002,xml_geometry_csv_action
BootPass_106,95,5,5,Position_Unknown,Team_Unknown,Action_PreSnap,842.6,362.78,951.91,584.82,109.30999999999995,222.04000000000008,xml_geometry_csv_action
BootPass_106,95,6,6,Position_Unknown,Team_Unknown,Action_PreSnap,575.13,561.48,705.45,765.75,130.32000000000005,204.26999999999998,xml_geometry_csv_action
BootPass_106,95,7,7,Position_Unknown,Team_Unknown,Action_PreSnap,420.5,384.77,558.95,637.57,138.45000000000005,252.80000000000007,xml_geometry_csv_action
BootPass_106,96,1,1,Position_Unknown,Team_Unknown,Action_PreSnap,550.7,238.61,696.68,475.92,145.9799999999999,237.31,xml_geometry_csv_action
BootPass_106,96,10,10,Position_Unknown,Team_Unknown,Action_PreSnap,554.37,909.84,721.45,1079.57,167.08000000000004,169.7299999999999,xml_geometry_csv_action
BootPass_106,96,11,11,Position_Unknown,Team_Unknown,Action_PreSnap,793.21,394.97,884.19,615.41,90.98000000000002,220.43999999999994,xml_geometry_csv_action
BootPass_106,96,12,12,Position_Unknown,Team_Unknown,Action_PreSnap,260.53,468.34,435.77,714.08,175.24,245.74000000000007,xml_geometry_csv_action
BootPass_106,96,13,13,Position_Unknown,Team_Unknown,Action_PreSnap,541.99,459.85,689.95,635.75,147.96000000000004,175.89999999999998,xml_geometry_csv_action
BootPass_106,96,14,14,Position_Unknown,Team_Unknown,Action_PreSnap,1558.11,371.42,1680.26,601.19,122.15000000000009,229.77000000000004,xml_geometry_csv_action
BootPass_106,96,16,16,Position_Unknown,Team_Unknown,Action_PreSnap,969.54,812.98,1121.14,1080.0,151.60000000000014,267.02,xml_geometry_csv_action
BootPass_106,96,17,17,Position_Unknown,Team_Unknown,Action_PreSnap,1500.32,868.81,1672.58,1080.0,172.26,211.19000000000005,xml_geometry_csv_action
BootPass_106,96,2,2,Position_Unknown,Team_Unknown,Action_PreSnap,155.77,455.25,279.49,673.22,123.72,217.97000000000003,xml_geometry_csv_action
BootPass_106,96,3,3,Position_Unknown,Team_Unknown,Action_PreSnap,932.1,396.24,1038.74,617.51,106.63999999999999,221.26999999999998,xml_geometry_csv_action
BootPass_106,96,4,4,Position_Unknown,Team_Unknown,Action_PreSnap,1409.24,334.31,1558.88,562.41,149.6400000000001,228.09999999999997,xml_geometry_csv_action
BootPass_106,96,5,5,Position_Unknown,Team_Unknown,Action_PreSnap,845.06,358.67,955.09,572.42,110.03000000000009,213.74999999999994,xml_geometry_csv_action
BootPass_106,96,6,6,Position_Unknown,Team_Unknown,Action_PreSnap,569.55,561.01,690.8,765.25,121.25,204.24,xml_geometry_csv_action
BootPass_106,96,7,7,Position_Unknown,Team_Unknown,Action_PreSnap,419.02,373.77,560.28,634.98,141.26,261.21000000000004,xml_geometry_csv_action
BootPass_106,97,1,1,Position_Unknown,Team_Unknown,Action_PreSnap,553.29,245.7,688.12,472.07,134.83000000000004,226.37,xml_geometry_csv_action
BootPass_106,97,10,10,Position_Unknown,Team_Unknown,Action_PreSnap,554.99,913.91,724.69,1079.65,169.70000000000005,165.74000000000012,xml_geometry_csv_action
BootPass_106,97,11,11,Position_Unknown,Team_Unknown,Action_PreSnap,791.19,396.91,882.33,615.36,91.13999999999999,218.45,xml_geometry_csv_action
BootPass_106,97,12,12,Position_Unknown,Team_Unknown,Action_PreSnap,262.56,466.46,444.33,716.11,181.76999999999998,249.65000000000003,xml_geometry_csv_action
BootPass_106,97,13,13,Position_Unknown,Team_Unknown,Action_PreSnap,541.1,459.18,684.9,633.75,143.79999999999995,174.57,xml_geometry_csv_action
BootPass_106,97,14,14,Position_Unknown,Team_Unknown,Action_PreSnap,1560.44,373.28,1687.41,602.25,126.97000000000003,228.97000000000003,xml_geometry_csv_action
BootPass_106,97,16,16,Position_Unknown,Team_Unknown,Action_PreSnap,946.15,815.11,1115.52,1079.7,169.37,264.59000000000003,xml_geometry_csv_action
BootPass_106,97,17,17,Position_Unknown,Team_Unknown,Action_PreSnap,1486.18,874.02,1668.49,1080.0,182.30999999999995,205.98000000000002,xml_geometry_csv_action
BootPass_106,97,2,2,Position_Unknown,Team_Unknown,Action_PreSnap,167.75,457.55,281.18,675.05,113.43,217.49999999999994,xml_geometry_csv_action
BootPass_106,97,3,3,Position_Unknown,Team_Unknown,Action_PreSnap,932.28,404.36,1048.87,622.55,116.58999999999992,218.18999999999994,xml_geometry_csv_action
BootPass_106,97,4,4,Position_Unknown,Team_Unknown,Action_PreSnap,1406.66,342.56,1562.26,562.61,155.5999999999999,220.05,xml_geometry_csv_action
BootPass_106,97,5,5,Position_Unknown,Team_Unknown,Action_PreSnap,845.91,356.95,957.25,560.5,111.34000000000003,203.55,xml_geometry_csv_action
BootPass_106,97,6,6,Position_Unknown,Team_Unknown,Action_PreSnap,567.79,560.51,679.23,763.86,111.44000000000005,203.35000000000002,xml_geometry_csv_action
BootPass_106,97,7,7,Position_Unknown,Team_Unknown,Action_PreSnap,419.58,363.35,559.41,623.3,139.82999999999998,259.94999999999993,xml_geometry_csv_action
BootPass_106,98,1,1,Position_Unknown,Team_Unknown,Action_PreSnap,564.8,250.04,682.15,469.14,117.35000000000002,219.1,xml_geometry_csv_action
BootPass_106,98,10,10,Position_Unknown,Team_Unknown,Action_PreSnap,552.79,913.65,708.41,1078.82,155.62,165.16999999999996,xml_geometry_csv_action
BootPass_106,98,11,11,Position_Unknown,Team_Unknown,Action_PreSnap,786.91,393.93,887.49,614.57,100.58000000000004,220.64000000000004,xml_geometry_csv_action
BootPass_106,98,12,12,Position_Unknown,Team_Unknown,Action_PreSnap,266.46,463.52,445.89,715.25,179.43,251.73000000000002,xml_geometry_csv_action
BootPass_106,98,13,13,Position_Unknown,Team_Unknown,Action_PreSnap,544.99,455.87,686.7,652.89,141.71000000000004,197.01999999999998,xml_geometry_csv_action
BootPass_106,98,14,14,Position_Unknown,Team_Unknown,Action_PreSnap,1564.09,370.61,1697.02,602.03,132.93000000000006,231.41999999999996,xml_geometry_csv_action
BootPass_106,98,16,16,Position_Unknown,Team_Unknown,Action_PreSnap,926.39,815.15,1111.04,1079.21,184.64999999999998,264.06000000000006,xml_geometry_csv_action
BootPass_106,98,17,17,Position_Unknown,Team_Unknown,Action_PreSnap,1471.58,874.79,1667.54,1079.58,195.96000000000004,204.78999999999996,xml_geometry_csv_action
BootPass_106,98,2,2,Position_Unknown,Team_Unknown,Action_PreSnap,175.98,456.39,287.69,673.62,111.71000000000001,217.23000000000002,xml_geometry_csv_action
BootPass_106,98,3,3,Position_Unknown,Team_Unknown,Action_PreSnap,934.96,410.36,1061.21,624.33,126.25,213.97000000000003,xml_geometry_csv_action
BootPass_106,98,4,4,Position_Unknown,Team_Unknown,Action_PreSnap,1412.04,348.81,1567.62,562.71,155.57999999999993,213.90000000000003,xml_geometry_csv_action
BootPass_106,98,5,5,Position_Unknown,Team_Unknown,Action_PreSnap,853.04,354.57,963.03,555.98,109.99000000000001,201.41000000000003,xml_geometry_csv_action
BootPass_106,98,6,6,Position_Unknown,Team_Unknown,Action_PreSnap,565.32,557.19,684.93,761.78,119.6099999999999,204.58999999999992,xml_geometry_csv_action
BootPass_106,98,7,7,Position_Unknown,Team_Unknown,Action_PreSnap,424.04,343.16,561.2,610.0,137.16000000000003,266.84,xml_geometry_csv_action
BootPass_106,99,1,1,Position_Unknown,Team_Unknown,Action_PreSnap,573.55,253.15,672.72,465.37,99.17000000000007,212.22,xml_geometry_csv_action
BootPass_106,99,10,10,Position_Unknown,Team_Unknown,Action_PreSnap,553.38,916.91,697.85,1078.16,144.47000000000003,161.2500000000001,xml_geometry_csv_action
BootPass_106,99,11,11,Position_Unknown,Team_Unknown,Action_PreSnap,780.24,390.14,895.29,612.13,115.04999999999995,221.99,xml_geometry_csv_action
BootPass_106,99,12,12,Position_Unknown,Team_Unknown,Action_PreSnap,270.48,461.36,445.15,712.23,174.66999999999996,250.87,xml_geometry_csv_action
BootPass_106,99,13,13,Position_Unknown,Team_Unknown,Action_PreSnap,552.8,450.05,691.8,662.02,139.0,211.96999999999997,xml_geometry_csv_action
BootPass_106,99,14,14,Position_Unknown,Team_Unknown,Action_PreSnap,1565.44,368.5,1707.03,600.74,141.58999999999992,232.24,xml_geometry_csv_action
BootPass_106,99,16,16,Position_Unknown,Team_Unknown,Action_PreSnap,905.54,815.13,1102.77,1078.86,197.23000000000002,263.7299999999999,xml_geometry_csv_action
BootPass_106,99,17,17,Position_Unknown,Team_Unknown,Action_PreSnap,1446.89,874.62,1661.75,1078.81,214.8599999999999,204.18999999999994,xml_geometry_csv_action
BootPass_106,99,2,2,Position_Unknown,Team_Unknown,Action_PreSnap,176.56,454.07,293.31,670.63,116.75,216.56,xml_geometry_csv_action
BootPass_106,99,3,3,Position_Unknown,Team_Unknown,Action_PreSnap,937.94,414.27,1074.18,625.26,136.24,210.99,xml_geometry_csv_action
BootPass_106,99,4,4,Position_Unknown,Team_Unknown,Action_PreSnap,1420.88,357.6,1574.27,563.06,153.38999999999987,205.45999999999992,xml_geometry_csv_action
BootPass_106,99,5,5,Position_Unknown,Team_Unknown,Action_PreSnap,858.44,353.01,968.94,554.1,110.5,201.09000000000003,xml_geometry_csv_action
BootPass_106,99,6,6,Position_Unknown,Team_Unknown,Action_PreSnap,564.7,554.3,697.0,759.77,132.29999999999995,205.47000000000003,xml_geometry_csv_action
BootPass_106,99,7,7,Position_Unknown,Team_Unknown,Action_PreSnap,424.39,322.04,560.3,603.03,135.90999999999997,280.98999999999995,xml_geometry_csv_action
BootPass_106,100,1,1,Position_Unknown,Team_Unknown,Action_PreSnap,574.08,258.45,663.66,473.46,89.57999999999993,215.01,xml_geometry_csv_action
BootPass_106,100,10,10,Position_Unknown,Team_Unknown,Action_PreSnap,551.76,925.78,682.24,1078.56,130.48000000000002,152.77999999999997,xml_geometry_csv_action
BootPass_106,100,11,11,Position_Unknown,Team_Unknown,Action_PreSnap,773.26,386.41,904.29,610.54,131.02999999999997,224.12999999999994,xml_geometry_csv_action
BootPass_106,100,12,12,Position_Unknown,Team_Unknown,Action_PreSnap,274.32,461.5,440.37,712.2,166.05,250.70000000000005,xml_geometry_csv_action
BootPass_106,100,13,13,Position_Unknown,Team_Unknown,Action_PreSnap,558.8,445.49,695.32,663.24,136.5200000000001,217.75,xml_geometry_csv_action
BootPass_106,100,14,14,Position_Unknown,Team_Unknown,Action_PreSnap,1571.64,367.45,1717.24,599.45,145.5999999999999,232.00000000000006,xml_geometry_csv_action
BootPass_106,100,16,16,Position_Unknown,Team_Unknown,Action_PreSnap,886.02,817.48,1083.07,1079.33,197.04999999999995,261.8499999999999,xml_geometry_csv_action
BootPass_106,100,17,17,Position_Unknown,Team_Unknown,Action_PreSnap,1439.76,876.72,1648.71,1079.12,208.95000000000005,202.39999999999986,xml_geometry_csv_action
BootPass_106,100,2,2,Position_Unknown,Team_Unknown,Action_PreSnap,171.34,455.05,297.98,671.24,126.64000000000001,216.19,xml_geometry_csv_action
BootPass_106,100,3,3,Position_Unknown,Team_Unknown,Action_PreSnap,941.48,417.04,1084.51,627.09,143.02999999999997,210.05,xml_geometry_csv_action
BootPass_106,100,4,4,Position_Unknown,Team_Unknown,Action_PreSnap,1429.52,365.96,1577.43,562.31,147.91000000000008,196.34999999999997,xml_geometry_csv_action
BootPass_106,100,5,5,Position_Unknown,Team_Unknown,Action_PreSnap,861.59,352.25,975.66,555.74,114.06999999999994,203.49,xml_geometry_csv_action
BootPass_106,100,6,6,Position_Unknown,Team_Unknown,Action_PreSnap,563.94,549.78,708.63,758.44,144.68999999999994,208.66000000000008,xml_geometry_csv_action
BootPass_106,100,7,7,Position_Unknown,Team_Unknown,Action_PreSnap,422.84,309.29,558.51,596.75,135.67000000000002,287.46,xml_geometry_csv_action
BootPass_106,101,1,1,Position_Unknown,Team_Unknown,Action_PreSnap,567.4,266.38,657.51,477.65,90.11000000000001,211.26999999999998,xml_geometry_csv_action
BootPass_106,101,10,10,Position_Unknown,Team_Unknown,Action_PreSnap,549.39,931.53,675.41,1079.0,126.01999999999998,147.47000000000003,xml_geometry_csv_action
BootPass_106,101,11,11,Position_Unknown,Team_Unknown,Action_PreSnap,768.25,385.12,911.46,609.72,143.21000000000004,224.60000000000002,xml_geometry_csv_action
BootPass_106,101,12,12,Position_Unknown,Team_Unknown,Action_PreSnap,277.65,464.63,440.04,713.16,162.39000000000004,248.52999999999997,xml_geometry_csv_action
BootPass_106,101,13,13,Position_Unknown,Team_Unknown,Action_PreSnap,564.19,444.54,696.34,660.07,132.14999999999998,215.53000000000003,xml_geometry_csv_action
BootPass_106,101,14,14,Position_Unknown,Team_Unknown,Action_PreSnap,1574.28,365.83,1723.59,600.49,149.30999999999995,234.66000000000003,xml_geometry_csv_action
BootPass_106,101,16,16,Position_Unknown,Team_Unknown,Action_PreSnap,877.72,822.89,1055.34,1079.72,177.6199999999999,256.83000000000004,xml_geometry_csv_action
BootPass_106,101,17,17,Position_Unknown,Team_Unknown,Action_PreSnap,1432.78,879.21,1631.24,1079.47,198.46000000000004,200.26,xml_geometry_csv_action
BootPass_106,101,2,2,Position_Unknown,Team_Unknown,Action_PreSnap,163.51,458.64,301.21,672.68,137.7,214.03999999999996,xml_geometry_csv_action
BootPass_106,101,3,3,Position_Unknown,Team_Unknown,Action_PreSnap,942.87,419.49,1092.36,627.9,149.4899999999999,208.40999999999997,xml_geometry_csv_action
BootPass_106,101,4,4,Position_Unknown,Team_Unknown,Action_PreSnap,1435.95,369.44,1574.21,559.7,138.26,190.26000000000005,xml_geometry_csv_action
BootPass_106,101,5,5,Position_Unknown,Team_Unknown,Action_PreSnap,863.02,353.17,979.16,557.34,116.13999999999999,204.17000000000002,xml_geometry_csv_action
BootPass_106,101,6,6,Position_Unknown,Team_Unknown,Action_PreSnap,560.75,546.74,718.84,756.26,158.09000000000003,209.51999999999998,xml_geometry_csv_action
BootPass_106,101,7,7,Position_Unknown,Team_Unknown,Action_PreSnap,423.63,308.76,558.44,590.75,134.81000000000006,281.99,xml_geometry_csv_action
BootPass_106,102,1,1,Position_Unknown,Team_Unknown,Action_PreSnap,557.7,272.05,652.14,473.12,94.43999999999994,201.07,xml_geometry_csv_action
BootPass_106,102,10,10,Position_Unknown,Team_Unknown,Action_PreSnap,543.52,934.03,676.62,1078.41,133.10000000000002,144.3800000000001,xml_geometry_csv_action
BootPass_106,102,11,11,Position_Unknown,Team_Unknown,Action_PreSnap,767.39,382.62,916.12,605.63,148.73000000000002,223.01,xml_geometry_csv_action
BootPass_106,102,12,12,Position_Unknown,Team_Unknown,Action_PreSnap,281.92,468.3,450.09,712.12,168.16999999999996,243.82,xml_geometry_csv_action
BootPass_106,102,13,13,Position_Unknown,Team_Unknown,Action_PreSnap,570.64,441.02,696.67,654.03,126.02999999999997,213.01,xml_geometry_csv_action
BootPass_106,102,14,14,Position_Unknown,Team_Unknown,Action_PreSnap,1577.73,362.33,1731.13,600.34,153.4000000000001,238.01000000000005,xml_geometry_csv_action
BootPass_106,102,16,16,Position_Unknown,Team_Unknown,Action_PreSnap,856.76,826.37,1016.94,1079.02,160.18000000000006,252.64999999999998,xml_geometry_csv_action
BootPass_106,102,17,17,Position_Unknown,Team_Unknown,Action_PreSnap,1418.93,880.71,1600.84,1078.79,181.90999999999985,198.07999999999993,xml_geometry_csv_action
BootPass_106,102,2,2,Position_Unknown,Team_Unknown,Action_PreSnap,157.55,461.04,306.56,674.1,149.01,213.06,xml_geometry_csv_action
BootPass_106,102,3,3,Position_Unknown,Team_Unknown,Action_PreSnap,946.04,419.16,1097.36,625.98,151.31999999999994,206.82,xml_geometry_csv_action
BootPass_106,102,4,4,Position_Unknown,Team_Unknown,Action_PreSnap,1436.33,366.38,1576.02,555.81,139.69000000000005,189.42999999999995,xml_geometry_csv_action
BootPass_106,102,5,5,Position_Unknown,Team_Unknown,Action_PreSnap,865.59,352.82,981.91,555.93,116.31999999999994,203.10999999999996,xml_geometry_csv_action
BootPass_106,102,6,6,Position_Unknown,Team_Unknown,Action_PreSnap,553.04,540.27,725.13,752.2,172.09000000000003,211.93000000000006,xml_geometry_csv_action
BootPass_106,102,7,7,Position_Unknown,Team_Unknown,Action_PreSnap,426.81,314.01,562.49,583.53,135.68,269.52,xml_geometry_csv_action
BootPass_106,103,1,1,Position_Unknown,Team_Unknown,Action_PreSnap,553.27,277.47,647.25,475.02,93.98000000000002,197.54999999999995,xml_geometry_csv_action
BootPass_106,103,10,10,Position_Unknown,Team_Unknown,Action_PreSnap,538.5,939.27,682.56,1078.5,144.05999999999995,139.23000000000002,xml_geometry_csv_action
BootPass_106,103,11,11,Position_Unknown,Team_Unknown,Action_PreSnap,772.33,382.25,916.48,604.13,144.14999999999998,221.88,xml_geometry_csv_action
BootPass_106,103,12,12,Position_Unknown,Team_Unknown,Action_PreSnap,288.74,472.68,463.49,711.44,174.75,238.76000000000005,xml_geometry_csv_action
BootPass_106,103,13,13,Position_Unknown,Team_Unknown,Action_PreSnap,575.91,437.75,694.0,649.44,118.09000000000003,211.69000000000005,xml_geometry_csv_action
BootPass_106,103,14,14,Position_Unknown,Team_Unknown,Action_PreSnap,1578.98,360.33,1733.57,598.71,154.58999999999992,238.38000000000005,xml_geometry_csv_action
BootPass_106,103,16,16,Position_Unknown,Team_Unknown,Action_PreSnap,834.2,829.01,985.5,1079.03,151.29999999999995,250.01999999999998,xml_geometry_csv_action
BootPass_106,103,17,17,Position_Unknown,Team_Unknown,Action_PreSnap,1400.52,882.29,1563.91,1078.83,163.3900000000001,196.53999999999996,xml_geometry_csv_action
BootPass_106,103,2,2,Position_Unknown,Team_Unknown,Action_PreSnap,153.6,465.52,311.94,674.72,158.34,209.20000000000005,xml_geometry_csv_action
BootPass_106,103,3,3,Position_Unknown,Team_Unknown,Action_PreSnap,946.07,417.83,1103.73,625.74,157.65999999999997,207.91000000000003,xml_geometry_csv_action
BootPass_106,103,4,4,Position_Unknown,Team_Unknown,Action_PreSnap,1435.47,362.55,1581.32,554.89,145.8499999999999,192.33999999999997,xml_geometry_csv_action
BootPass_106,103,5,5,Position_Unknown,Team_Unknown,Action_PreSnap,868.19,351.86,979.86,546.03,111.66999999999996,194.16999999999996,xml_geometry_csv_action
BootPass_106,103,6,6,Position_Unknown,Team_Unknown,Action_PreSnap,546.66,537.67,726.65,747.16,179.99,209.49,xml_geometry_csv_action
BootPass_106,103,7,7,Position_Unknown,Team_Unknown,Action_PreSnap,430.43,321.55,566.93,574.23,136.49999999999994,252.68,xml_geometry_csv_action
BootPass_106,104,1,1,Position_Unknown,Team_Unknown,Action_PreSnap,543.96,280.27,638.22,474.9,94.25999999999999,194.63,xml_geometry_csv_action
BootPass_106,104,10,10,Position_Unknown,Team_Unknown,Action_PreSnap,531.31,941.78,673.13,1078.53,141.82000000000005,136.75,xml_geometry_csv_action
BootPass_106,104,11,11,Position_Unknown,Team_Unknown,Action_PreSnap,775.55,382.18,909.16,602.65,133.61,220.46999999999997,xml_geometry_csv_action
BootPass_106,104,12,12,Position_Unknown,Team_Unknown,Action_PreSnap,293.26,476.4,471.37,711.17,178.11,234.76999999999998,xml_geometry_csv_action
BootPass_106,104,13,13,Position_Unknown,Team_Unknown,Action_PreSnap,576.21,435.97,683.14,643.28,106.92999999999995,207.30999999999995,xml_geometry_csv_action
BootPass_106,104,14,14,Position_Unknown,Team_Unknown,Action_PreSnap,1578.77,358.94,1732.32,598.38,153.54999999999995,239.44,xml_geometry_csv_action
BootPass_106,104,16,16,Position_Unknown,Team_Unknown,Action_PreSnap,816.25,829.66,971.81,1078.98,155.55999999999995,249.32000000000005,xml_geometry_csv_action
BootPass_106,104,17,17,Position_Unknown,Team_Unknown,Action_PreSnap,1381.89,880.47,1533.2,1078.8,151.30999999999995,198.32999999999993,xml_geometry_csv_action
BootPass_106,104,2,2,Position_Unknown,Team_Unknown,Action_PreSnap,150.83,469.04,315.49,676.56,164.66,207.51999999999992,xml_geometry_csv_action
BootPass_106,104,3,3,Position_Unknown,Team_Unknown,Action_PreSnap,942.98,418.08,1099.76,621.09,156.77999999999997,203.01000000000005,xml_geometry_csv_action
BootPass_106,104,4,4,Position_Unknown,Team_Unknown,Action_PreSnap,1433.6,357.23,1580.6,555.75,147.0,198.51999999999998,xml_geometry_csv_action
BootPass_106,104,5,5,Position_Unknown,Team_Unknown,Action_PreSnap,868.08,351.78,977.07,544.35,108.99000000000001,192.57000000000005,xml_geometry_csv_action
BootPass_106,104,6,6,Position_Unknown,Team_Unknown,Action_PreSnap,538.72,537.13,722.66,740.8,183.93999999999994,203.66999999999996,xml_geometry_csv_action
BootPass_106,104,7,7,Position_Unknown,Team_Unknown,Action_PreSnap,430.86,326.47,566.78,567.06,135.91999999999996,240.58999999999992,xml_geometry_csv_action
BootPass_106,105,1,1,Position_Unknown,Team_Unknown,Action_PreSnap,533.51,280.14,630.97,473.96,97.46000000000004,193.82,xml_geometry_csv_action
BootPass_106,105,10,10,Position_Unknown,Team_Unknown,Action_PreSnap,522.17,943.85,658.35,1078.51,136.18000000000006,134.65999999999997,xml_geometry_csv_action
BootPass_106,105,11,11,Position_Unknown,Team_Unknown,Action_PreSnap,777.88,380.85,895.57,599.04,117.69000000000005,218.18999999999994,xml_geometry_csv_action
BootPass_106,105,12,12,Position_Unknown,Team_Unknown,Action_PreSnap,294.04,479.2,473.4,710.23,179.35999999999996,231.03000000000003,xml_geometry_csv_action
BootPass_106,105,13,13,Position_Unknown,Team_Unknown,Action_PreSnap,575.08,434.2,671.51,637.55,96.42999999999995,203.34999999999997,xml_geometry_csv_action
BootPass_106,105,14,14,Position_Unknown,Team_Unknown,Action_PreSnap,1576.91,357.33,1723.17,598.64,146.26,241.31,xml_geometry_csv_action
BootPass_106,105,16,16,Position_Unknown,Team_Unknown,Action_PreSnap,795.65,827.88,959.57,1078.9,163.92000000000007,251.0200000000001,xml_geometry_csv_action
BootPass_106,105,17,17,Position_Unknown,Team_Unknown,Action_PreSnap,1363.25,876.84,1514.14,1078.73,150.8900000000001,201.89,xml_geometry_csv_action
BootPass_106,105,2,2,Position_Unknown,Team_Unknown,Action_PreSnap,147.83,471.75,318.24,678.9,170.41,207.14999999999998,xml_geometry_csv_action
BootPass_106,105,3,3,Position_Unknown,Team_Unknown,Action_PreSnap,940.51,417.37,1087.7,617.79,147.19000000000005,200.41999999999996,xml_geometry_csv_action
BootPass_106,105,4,4,Position_Unknown,Team_Unknown,Action_PreSnap,1429.7,352.09,1575.39,564.11,145.69000000000005,212.02000000000004,xml_geometry_csv_action
BootPass_106,105,5,5,Position_Unknown,Team_Unknown,Action_PreSnap,864.44,352.42,972.96,549.88,108.51999999999998,197.45999999999998,xml_geometry_csv_action
BootPass_106,105,6,6,Position_Unknown,Team_Unknown,Action_PreSnap,526.88,537.53,710.53,735.63,183.64999999999998,198.10000000000002,xml_geometry_csv_action
BootPass_106,105,7,7,Position_Unknown,Team_Unknown,Action_PreSnap,430.19,327.42,562.99,559.31,132.8,231.88999999999993,xml_geometry_csv_action
BootPass_106,106,1,1,Position_Unknown,Team_Unknown,Action_PreSnap,525.26,280.95,622.8,471.89,97.53999999999996,190.94,xml_geometry_csv_action
BootPass_106,106,10,10,Position_Unknown,Team_Unknown,Action_PreSnap,514.0,947.38,646.45,1078.96,132.45000000000005,131.58000000000004,xml_geometry_csv_action
BootPass_106,106,11,11,Position_Unknown,Team_Unknown,Action_PreSnap,777.43,379.11,879.39,598.14,101.96000000000004,219.02999999999997,xml_geometry_csv_action
BootPass_106,106,12,12,Position_Unknown,Team_Unknown,Action_PreSnap,295.16,483.3,472.99,709.28,177.82999999999998,225.97999999999996,xml_geometry_csv_action
BootPass_106,106,13,13,Position_Unknown,Team_Unknown,Action_PreSnap,573.97,432.09,661.23,635.29,87.25999999999999,203.2,xml_geometry_csv_action
BootPass_106,106,14,14,Position_Unknown,Team_Unknown,Action_PreSnap,1576.23,357.34,1709.73,599.7,133.5,242.36000000000007,xml_geometry_csv_action
BootPass_106,106,16,16,Position_Unknown,Team_Unknown,Action_PreSnap,775.87,826.95,948.35,1078.82,172.48000000000002,251.8699999999999,xml_geometry_csv_action
BootPass_106,106,17,17,Position_Unknown,Team_Unknown,Action_PreSnap,1346.17,875.08,1516.15,1079.16,169.98000000000002,204.08000000000004,xml_geometry_csv_action
BootPass_106,106,2,2,Position_Unknown,Team_Unknown,Action_PreSnap,146.72,475.77,321.67,685.48,174.95000000000002,209.71000000000004,xml_geometry_csv_action
BootPass_106,106,3,3,Position_Unknown,Team_Unknown,Action_PreSnap,938.51,417.69,1077.42,615.58,138.91000000000008,197.89000000000004,xml_geometry_csv_action
BootPass_106,106,4,4,Position_Unknown,Team_Unknown,Action_PreSnap,1424.61,349.67,1571.18,569.46,146.57000000000016,219.79000000000002,xml_geometry_csv_action
BootPass_106,106,5,5,Position_Unknown,Team_Unknown,Action_PreSnap,861.53,353.35,969.54,551.45,108.00999999999999,198.10000000000002,xml_geometry_csv_action
BootPass_106,106,6,6,Position_Unknown,Team_Unknown,Action_PreSnap,516.3,538.52,692.72,733.18,176.42000000000007,194.65999999999997,xml_geometry_csv_action
BootPass_106,106,7,7,Position_Unknown,Team_Unknown,Action_PreSnap,430.4,327.36,556.85,555.46,126.45000000000005,228.10000000000002,xml_geometry_csv_action
BootPass_106,107,1,1,Position_Unknown,Team_Unknown,Action_PreSnap,520.39,280.42,614.05,473.26,93.65999999999997,192.83999999999997,xml_geometry_csv_action
BootPass_106,107,10,10,Position_Unknown,Team_Unknown,Action_PreSnap,501.18,948.85,646.38,1078.88,145.2,130.0300000000001,xml_geometry_csv_action
BootPass_106,107,11,11,Position_Unknown,Team_Unknown,Action_PreSnap,775.0,376.82,867.18,597.75,92.17999999999995,220.93,xml_geometry_csv_action
BootPass_106,107,12,12,Position_Unknown,Team_Unknown,Action_PreSnap,295.5,487.36,468.96,708.49,173.45999999999998,221.13,xml_geometry_csv_action
BootPass_106,107,13,13,Position_Unknown,Team_Unknown,Action_PreSnap,568.98,427.53,656.28,634.62,87.29999999999995,207.09000000000003,xml_geometry_csv_action
BootPass_106,107,14,14,Position_Unknown,Team_Unknown,Action_PreSnap,1573.17,357.55,1692.15,599.64,118.98000000000002,242.08999999999997,xml_geometry_csv_action
BootPass_106,107,16,16,Position_Unknown,Team_Unknown,Action_PreSnap,754.79,826.91,932.88,1075.36,178.09000000000003,248.44999999999993,xml_geometry_csv_action
BootPass_106,107,17,17,Position_Unknown,Team_Unknown,Action_PreSnap,1327.76,872.92,1501.81,1079.06,174.04999999999995,206.14,xml_geometry_csv_action
BootPass_106,107,2,2,Position_Unknown,Team_Unknown,Action_PreSnap,151.82,479.28,326.94,690.0,175.12,210.72000000000003,xml_geometry_csv_action
BootPass_106,107,3,3,Position_Unknown,Team_Unknown,Action_PreSnap,934.82,418.36,1062.17,613.67,127.35000000000002,195.30999999999995,xml_geometry_csv_action
BootPass_106,107,4,4,Position_Unknown,Team_Unknown,Action_PreSnap,1422.58,349.27,1563.85,572.09,141.26999999999998,222.82000000000005,xml_geometry_csv_action
BootPass_106,107,5,5,Position_Unknown,Team_Unknown,Action_PreSnap,856.25,352.86,965.79,551.97,109.53999999999996,199.11,xml_geometry_csv_action
BootPass_106,107,6,6,Position_Unknown,Team_Unknown,Action_PreSnap,508.07,537.8,671.69,731.47,163.62000000000006,193.67000000000007,xml_geometry_csv_action
BootPass_106,107,7,7,Position_Unknown,Team_Unknown,Action_PreSnap,430.95,328.27,549.24,556.1,118.29000000000002,227.83000000000004,xml_geometry_csv_action
BootPass_106,108,1,1,Position_Unknown,Team_Unknown,Action_PreSnap,514.57,278.98,605.68,477.73,91.1099999999999,198.75,xml_geometry_csv_action
BootPass_106,108,10,10,Position_Unknown,Team_Unknown,Action_PreSnap,483.31,952.23,620.59,1078.89,137.28000000000003,126.66000000000008,xml_geometry_csv_action
BootPass_106,108,11,11,Position_Unknown,Team_Unknown,Action_PreSnap,772.98,375.73,860.47,595.08,87.49000000000001,219.35000000000002,xml_geometry_csv_action
BootPass_106,108,12,12,Position_Unknown,Team_Unknown,Action_PreSnap,297.08,489.77,460.75,708.02,163.67000000000002,218.25,xml_geometry_csv_action
BootPass_106,108,13,13,Position_Unknown,Team_Unknown,Action_PreSnap,566.21,425.12,659.22,633.92,93.00999999999999,208.79999999999995,xml_geometry_csv_action
BootPass_106,108,14,14,Position_Unknown,Team_Unknown,Action_PreSnap,1571.18,356.76,1681.55,599.76,110.36999999999989,243.0,xml_geometry_csv_action
BootPass_106,108,16,16,Position_Unknown,Team_Unknown,Action_PreSnap,733.78,827.33,912.2,1077.15,178.42000000000007,249.82000000000005,xml_geometry_csv_action
BootPass_106,108,17,17,Position_Unknown,Team_Unknown,Action_PreSnap,1309.41,873.82,1485.34,1079.04,175.92999999999984,205.2199999999999,xml_geometry_csv_action
BootPass_106,108,2,2,Position_Unknown,Team_Unknown,Action_PreSnap,160.71,481.66,333.92,691.53,173.21,209.86999999999995,xml_geometry_csv_action
BootPass_106,108,3,3,Position_Unknown,Team_Unknown,Action_PreSnap,930.59,417.5,1045.76,613.27,115.16999999999996,195.76999999999998,xml_geometry_csv_action
BootPass_106,108,4,4,Position_Unknown,Team_Unknown,Action_PreSnap,1423.44,348.04,1558.38,574.27,134.94000000000005,226.22999999999996,xml_geometry_csv_action
BootPass_106,108,5,5,Position_Unknown,Team_Unknown,Action_PreSnap,852.57,353.97,960.31,552.24,107.7399999999999,198.26999999999998,xml_geometry_csv_action
BootPass_106,108,6,6,Position_Unknown,Team_Unknown,Action_PreSnap,501.48,536.01,649.57,730.62,148.09000000000003,194.61,xml_geometry_csv_action
BootPass_106,108,7,7,Position_Unknown,Team_Unknown,Action_PreSnap,433.05,329.78,539.68,559.78,106.62999999999994,230.0,xml_geometry_csv_action
BootPass_106,109,1,1,Position_Unknown,Team_Unknown,Action_PreSnap,513.26,277.4,601.56,481.59,88.29999999999995,204.19,xml_geometry_csv_action
BootPass_106,109,10,10,Position_Unknown,Team_Unknown,Action_PreSnap,475.96,953.48,634.95,1078.66,158.99000000000007,125.18000000000006,xml_geometry_csv_action
BootPass_106,109,11,11,Position_Unknown,Team_Unknown,Action_PreSnap,773.49,375.48,859.38,592.36,85.88999999999999,216.88,xml_geometry_csv_action
BootPass_106,109,12,12,Position_Unknown,Team_Unknown,Action_PreSnap,304.97,490.92,451.46,706.96,146.48999999999995,216.04000000000002,xml_geometry_csv_action
BootPass_106,109,13,13,Position_Unknown,Team_Unknown,Action_PreSnap,565.66,422.37,665.79,632.47,100.13,210.10000000000002,xml_geometry_csv_action
BootPass_106,109,14,14,Position_Unknown,Team_Unknown,Action_PreSnap,1570.85,356.02,1679.99,598.57,109.1400000000001,242.55000000000007,xml_geometry_csv_action
BootPass_106,109,16,16,Position_Unknown,Team_Unknown,Action_PreSnap,719.8,828.12,887.16,1077.74,167.36,249.62,xml_geometry_csv_action
BootPass_106,109,17,17,Position_Unknown,Team_Unknown,Action_PreSnap,1295.81,876.41,1467.35,1078.78,171.53999999999996,202.37,xml_geometry_csv_action
BootPass_106,109,2,2,Position_Unknown,Team_Unknown,Action_PreSnap,174.44,484.6,339.3,691.03,164.86,206.42999999999995,xml_geometry_csv_action
BootPass_106,109,3,3,Position_Unknown,Team_Unknown,Action_PreSnap,925.71,416.55,1042.81,613.61,117.09999999999991,197.06,xml_geometry_csv_action
BootPass_106,109,4,4,Position_Unknown,Team_Unknown,Action_PreSnap,1428.56,346.66,1555.95,574.3,127.3900000000001,227.63999999999993,xml_geometry_csv_action
BootPass_106,109,5,5,Position_Unknown,Team_Unknown,Action_PreSnap,851.34,354.17,955.38,552.81,104.03999999999996,198.63999999999993,xml_geometry_csv_action
BootPass_106,109,6,6,Position_Unknown,Team_Unknown,Action_PreSnap,498.92,533.03,639.84,730.7,140.92000000000002,197.67000000000007,xml_geometry_csv_action
BootPass_106,109,7,7,Position_Unknown,Team_Unknown,Action_PreSnap,437.62,332.05,531.32,560.93,93.70000000000005,228.87999999999994,xml_geometry_csv_action
BootPass_106,110,1,1,Position_Unknown,Team_Unknown,Action_PreSnap,516.14,272.33,601.84,482.99,85.70000000000005,210.66000000000003,xml_geometry_csv_action
BootPass_106,110,10,10,Position_Unknown,Team_Unknown,Action_PreSnap,473.57,951.49,635.36,1078.34,161.79000000000002,126.84999999999991,xml_geometry_csv_action
BootPass_106,110,11,11,Position_Unknown,Team_Unknown,Action_PreSnap,776.77,375.2,861.2,589.34,84.43000000000006,214.14000000000004,xml_geometry_csv_action
BootPass_106,110,12,12,Position_Unknown,Team_Unknown,Action_PreSnap,311.64,490.18,449.1,704.34,137.46000000000004,214.16000000000003,xml_geometry_csv_action
BootPass_106,110,13,13,Position_Unknown,Team_Unknown,Action_PreSnap,566.73,416.71,673.95,629.13,107.22000000000003,212.42000000000002,xml_geometry_csv_action
BootPass_106,110,14,14,Position_Unknown,Team_Unknown,Action_PreSnap,1574.29,356.89,1681.22,596.67,106.93000000000006,239.77999999999997,xml_geometry_csv_action
BootPass_106,110,16,16,Position_Unknown,Team_Unknown,Action_PreSnap,711.05,829.68,857.89,1075.59,146.84000000000003,245.90999999999997,xml_geometry_csv_action
BootPass_106,110,17,17,Position_Unknown,Team_Unknown,Action_PreSnap,1283.66,877.76,1442.98,1078.42,159.31999999999994,200.66000000000008,xml_geometry_csv_action
BootPass_106,110,2,2,Position_Unknown,Team_Unknown,Action_PreSnap,190.97,484.02,339.08,689.37,148.10999999999999,205.35000000000002,xml_geometry_csv_action
BootPass_106,110,3,3,Position_Unknown,Team_Unknown,Action_PreSnap,925.99,415.17,1047.37,611.48,121.37999999999988,196.31,xml_geometry_csv_action
BootPass_106,110,4,4,Position_Unknown,Team_Unknown,Action_PreSnap,1437.27,343.36,1556.94,572.27,119.67000000000007,228.90999999999997,xml_geometry_csv_action
BootPass_106,110,5,5,Position_Unknown,Team_Unknown,Action_PreSnap,853.43,351.82,955.87,552.23,102.44000000000005,200.41000000000003,xml_geometry_csv_action
BootPass_106,110,6,6,Position_Unknown,Team_Unknown,Action_PreSnap,503.21,529.32,642.32,728.06,139.11000000000007,198.7399999999999,xml_geometry_csv_action
BootPass_106,110,7,7,Position_Unknown,Team_Unknown,Action_PreSnap,443.19,330.08,531.46,558.97,88.27000000000004,228.89000000000004,xml_geometry_csv_action
BootPass_106,111,1,1,Position_Unknown,Team_Unknown,Action_PreSnap,520.99,267.78,604.56,481.93,83.56999999999994,214.15000000000003,xml_geometry_csv_action
BootPass_106,111,10,10,Position_Unknown,Team_Unknown,Action_PreSnap,469.97,947.87,631.03,1078.36,161.05999999999995,130.4899999999999,xml_geometry_csv_action
BootPass_106,111,11,11,Position_Unknown,Team_Unknown,Action_PreSnap,778.58,377.42,861.93,587.73,83.34999999999991,210.31,xml_geometry_csv_action
BootPass_106,111,12,12,Position_Unknown,Team_Unknown,Action_PreSnap,318.14,490.2,459.2,703.85,141.06,213.65000000000003,xml_geometry_csv_action
BootPass_106,111,13,13,Position_Unknown,Team_Unknown,Action_PreSnap,567.31,413.0,681.79,626.23,114.48000000000002,213.23000000000002,xml_geometry_csv_action
BootPass_106,111,14,14,Position_Unknown,Team_Unknown,Action_PreSnap,1578.78,357.18,1680.91,593.84,102.13000000000011,236.66000000000003,xml_geometry_csv_action
BootPass_106,111,16,16,Position_Unknown,Team_Unknown,Action_PreSnap,697.61,831.19,825.63,1073.93,128.01999999999998,242.74,xml_geometry_csv_action
BootPass_106,111,17,17,Position_Unknown,Team_Unknown,Action_PreSnap,1271.37,879.73,1413.38,1078.43,142.01000000000022,198.70000000000005,xml_geometry_csv_action
BootPass_106,111,2,2,Position_Unknown,Team_Unknown,Action_PreSnap,207.37,482.49,335.34,687.81,127.96999999999997,205.31999999999994,xml_geometry_csv_action
BootPass_106,111,3,3,Position_Unknown,Team_Unknown,Action_PreSnap,926.16,412.64,1052.85,610.3,126.68999999999994,197.65999999999997,xml_geometry_csv_action
BootPass_106,111,4,4,Position_Unknown,Team_Unknown,Action_PreSnap,1445.17,340.97,1558.44,570.72,113.26999999999998,229.75,xml_geometry_csv_action
BootPass_106,111,5,5,Position_Unknown,Team_Unknown,Action_PreSnap,856.82,350.93,957.52,549.81,100.69999999999993,198.87999999999994,xml_geometry_csv_action
BootPass_106,111,6,6,Position_Unknown,Team_Unknown,Action_PreSnap,512.46,526.47,646.87,724.56,134.40999999999997,198.08999999999992,xml_geometry_csv_action
BootPass_106,111,7,7,Position_Unknown,Team_Unknown,Action_PreSnap,449.9,327.55,534.23,556.3,84.33000000000004,228.74999999999994,xml_geometry_csv_action
BootPass_106,112,1,1,Position_Unknown,Team_Unknown,Action_PreSnap,525.87,262.79,605.55,469.75,79.67999999999995,206.95999999999998,xml_geometry_csv_action
BootPass_106,112,10,10,Position_Unknown,Team_Unknown,Action_PreSnap,465.62,946.56,620.33,1078.56,154.71000000000004,132.0,xml_geometry_csv_action
BootPass_106,112,11,11,Position_Unknown,Team_Unknown,Action_PreSnap,776.48,380.83,859.71,584.97,83.23000000000002,204.14000000000004,xml_geometry_csv_action
BootPass_106,112,12,12,Position_Unknown,Team_Unknown,Action_PreSnap,323.22,488.85,469.52,704.36,146.29999999999995,215.51,xml_geometry_csv_action
BootPass_106,112,13,13,Position_Unknown,Team_Unknown,Action_PreSnap,565.17,411.91,684.32,619.99,119.15000000000009,208.07999999999998,xml_geometry_csv_action
BootPass_106,112,14,14,Position_Unknown,Team_Unknown,Action_PreSnap,1579.85,357.96,1673.4,588.29,93.55000000000018,230.32999999999998,xml_geometry_csv_action
BootPass_106,112,16,16,Position_Unknown,Team_Unknown,Action_PreSnap,674.44,832.55,807.05,1072.79,132.6099999999999,240.24,xml_geometry_csv_action
BootPass_106,112,17,17,Position_Unknown,Team_Unknown,Action_PreSnap,1258.65,879.2,1387.41,1078.63,128.76,199.43000000000006,xml_geometry_csv_action
BootPass_106,112,2,2,Position_Unknown,Team_Unknown,Action_PreSnap,217.69,480.71,330.62,685.77,112.93,205.06,xml_geometry_csv_action
BootPass_106,112,3,3,Position_Unknown,Team_Unknown,Action_PreSnap,922.5,412.17,1055.44,608.36,132.94000000000005,196.19,xml_geometry_csv_action
BootPass_106,112,4,4,Position_Unknown,Team_Unknown,Action_PreSnap,1451.26,338.95,1559.78,571.13,108.51999999999998,232.18,xml_geometry_csv_action
BootPass_106,112,5,5,Position_Unknown,Team_Unknown,Action_PreSnap,856.36,348.51,957.86,546.22,101.5,197.71000000000004,xml_geometry_csv_action
BootPass_106,112,6,6,Position_Unknown,Team_Unknown,Action_PreSnap,511.06,524.81,647.51,722.26,136.45,197.45000000000005,xml_geometry_csv_action
BootPass_106,112,7,7,Position_Unknown,Team_Unknown,Action_PreSnap,453.04,325.3,533.86,553.89,80.82,228.58999999999997,xml_geometry_csv_action
BootPass_106,113,1,1,Position_Unknown,Team_Unknown,Action_PreSnap,527.42,257.26,605.71,472.04,78.29000000000008,214.78000000000003,xml_geometry_csv_action
BootPass_106,113,10,10,Position_Unknown,Team_Unknown,Action_PreSnap,459.0,947.92,605.8,1078.41,146.79999999999995,130.49000000000012,xml_geometry_csv_action
BootPass_106,113,11,11,Position_Unknown,Team_Unknown,Action_PreSnap,771.1,384.26,858.56,578.92,87.45999999999992,194.65999999999997,xml_geometry_csv_action
BootPass_106,113,12,12,Position_Unknown,Team_Unknown,Action_PreSnap,326.28,486.97,476.93,702.36,150.65000000000003,215.39,xml_geometry_csv_action
BootPass_106,113,13,13,Position_Unknown,Team_Unknown,Action_PreSnap,561.9,412.11,683.72,612.06,121.82000000000005,199.94999999999993,xml_geometry_csv_action
BootPass_106,113,14,14,Position_Unknown,Team_Unknown,Action_PreSnap,1579.83,360.1,1668.87,582.39,89.03999999999996,222.28999999999996,xml_geometry_csv_action
BootPass_106,113,16,16,Position_Unknown,Team_Unknown,Action_PreSnap,651.24,830.48,798.43,1071.11,147.18999999999994,240.62999999999988,xml_geometry_csv_action
BootPass_106,113,17,17,Position_Unknown,Team_Unknown,Action_PreSnap,1243.28,875.47,1376.62,1078.47,133.33999999999992,203.0,xml_geometry_csv_action
BootPass_106,113,2,2,Position_Unknown,Team_Unknown,Action_PreSnap,222.47,478.23,331.42,683.87,108.95000000000002,205.64,xml_geometry_csv_action
BootPass_106,113,3,3,Position_Unknown,Team_Unknown,Action_PreSnap,917.23,411.8,1054.85,604.75,137.6199999999999,192.95,xml_geometry_csv_action
BootPass_106,113,4,4,Position_Unknown,Team_Unknown,Action_PreSnap,1453.1,337.36,1559.56,570.13,106.46000000000004,232.76999999999998,xml_geometry_csv_action
BootPass_106,113,5,5,Position_Unknown,Team_Unknown,Action_PreSnap,852.73,345.59,955.37,531.45,102.63999999999999,185.86000000000007,xml_geometry_csv_action
BootPass_106,113,6,6,Position_Unknown,Team_Unknown,Action_PreSnap,501.35,522.83,642.93,719.12,141.57999999999993,196.28999999999996,xml_geometry_csv_action
BootPass_106,113,7,7,Position_Unknown,Team_Unknown,Action_PreSnap,453.9,323.02,533.05,548.84,79.14999999999998,225.82000000000005,xml_geometry_csv_action
BootPass_106,114,1,1,Position_Unknown,Team_Unknown,Action_PreSnap,525.51,252.28,603.12,469.47,77.61000000000001,217.19000000000003,xml_geometry_csv_action
BootPass_106,114,10,10,Position_Unknown,Team_Unknown,Action_PreSnap,446.68,947.2,589.0,1078.23,142.32,131.02999999999997,xml_geometry_csv_action
BootPass_106,114,11,11,Position_Unknown,Team_Unknown,Action_PreSnap,761.58,384.77,860.19,573.63,98.61000000000001,188.86,xml_geometry_csv_action
BootPass_106,114,12,12,Position_Unknown,Team_Unknown,Action_PreSnap,326.1,483.26,479.22,699.12,153.12,215.86,xml_geometry_csv_action
BootPass_106,114,13,13,Position_Unknown,Team_Unknown,Action_PreSnap,559.04,412.09,679.9,605.84,120.86000000000001,193.75000000000006,xml_geometry_csv_action
BootPass_106,114,14,14,Position_Unknown,Team_Unknown,Action_PreSnap,1577.15,361.1,1666.62,577.13,89.4699999999998,216.02999999999997,xml_geometry_csv_action
BootPass_106,114,16,16,Position_Unknown,Team_Unknown,Action_PreSnap,627.92,827.87,792.15,1065.03,164.23000000000002,237.15999999999997,xml_geometry_csv_action
BootPass_106,114,17,17,Position_Unknown,Team_Unknown,Action_PreSnap,1224.51,868.58,1367.47,1078.25,142.96000000000004,209.66999999999996,xml_geometry_csv_action
BootPass_106,114,2,2,Position_Unknown,Team_Unknown,Action_PreSnap,221.53,474.15,329.58,681.7,108.04999999999998,207.55000000000007,xml_geometry_csv_action
BootPass_106,114,3,3,Position_Unknown,Team_Unknown,Action_PreSnap,912.11,410.28,1049.47,601.55,137.36,191.26999999999998,xml_geometry_csv_action
BootPass_106,114,4,4,Position_Unknown,Team_Unknown,Action_PreSnap,1451.79,334.48,1556.48,565.85,104.69000000000005,231.37,xml_geometry_csv_action
BootPass_106,114,5,5,Position_Unknown,Team_Unknown,Action_PreSnap,846.96,339.17,954.41,515.98,107.44999999999993,176.81,xml_geometry_csv_action
BootPass_106,114,6,6,Position_Unknown,Team_Unknown,Action_PreSnap,494.25,521.88,635.54,716.62,141.28999999999996,194.74,xml_geometry_csv_action
BootPass_106,114,7,7,Position_Unknown,Team_Unknown,Action_PreSnap,451.62,320.59,530.61,542.76,78.99000000000001,222.17000000000002,xml_geometry_csv_action
BootPass_106,115,1,1,Position_Unknown,Team_Unknown,Action_PreSnap,524.31,247.32,603.29,464.6,78.98000000000002,217.28000000000003,xml_geometry_csv_action
BootPass_106,115,10,10,Position_Unknown,Team_Unknown,Action_PreSnap,434.42,945.33,572.05,1078.11,137.62999999999994,132.77999999999986,xml_geometry_csv_action
BootPass_106,115,11,11,Position_Unknown,Team_Unknown,Action_PreSnap,754.0,383.17,866.92,568.85,112.91999999999996,185.68,xml_geometry_csv_action
BootPass_106,115,12,12,Position_Unknown,Team_Unknown,Action_PreSnap,326.23,480.7,481.81,696.72,155.57999999999998,216.02000000000004,xml_geometry_csv_action
BootPass_106,115,13,13,Position_Unknown,Team_Unknown,Action_PreSnap,558.61,411.78,675.35,604.19,116.74000000000001,192.41000000000008,xml_geometry_csv_action
BootPass_106,115,14,14,Position_Unknown,Team_Unknown,Action_PreSnap,1572.47,360.38,1667.22,576.94,94.75,216.56000000000006,xml_geometry_csv_action
BootPass_106,115,16,16,Position_Unknown,Team_Unknown,Action_PreSnap,607.37,823.71,779.46,1063.83,172.09000000000003,240.1199999999999,xml_geometry_csv_action
BootPass_106,115,17,17,Position_Unknown,Team_Unknown,Action_PreSnap,1205.45,859.89,1363.29,1078.11,157.83999999999992,218.2199999999999,xml_geometry_csv_action
BootPass_106,115,2,2,Position_Unknown,Team_Unknown,Action_PreSnap,216.31,471.09,330.92,684.27,114.61000000000001,213.18,xml_geometry_csv_action
BootPass_106,115,3,3,Position_Unknown,Team_Unknown,Action_PreSnap,910.08,410.16,1045.47,597.54,135.39,187.37999999999994,xml_geometry_csv_action
BootPass_106,115,4,4,Position_Unknown,Team_Unknown,Action_PreSnap,1448.23,332.47,1556.27,565.23,108.03999999999996,232.76,xml_geometry_csv_action
BootPass_106,115,5,5,Position_Unknown,Team_Unknown,Action_PreSnap,844.82,332.46,955.97,512.62,111.14999999999998,180.16000000000003,xml_geometry_csv_action
BootPass_106,115,6,6,Position_Unknown,Team_Unknown,Action_PreSnap,491.85,521.36,625.56,716.18,133.70999999999992,194.81999999999994,xml_geometry_csv_action
BootPass_106,115,7,7,Position_Unknown,Team_Unknown,Action_PreSnap,452.45,319.64,531.72,536.62,79.27000000000004,216.98000000000002,xml_geometry_csv_action
BootPass_106,116,1,1,Position_Unknown,Team_Unknown,Action_PreSnap,526.32,244.72,606.41,460.81,80.08999999999992,216.09,xml_geometry_csv_action
BootPass_106,116,10,10,Position_Unknown,Team_Unknown,Action_PreSnap,429.79,944.7,559.8,1078.35,130.00999999999993,133.64999999999986,xml_geometry_csv_action
BootPass_106,116,11,11,Position_Unknown,Team_Unknown,Action_PreSnap,752.57,381.88,877.89,565.15,125.31999999999994,183.26999999999998,xml_geometry_csv_action
BootPass_106,116,12,12,Position_Unknown,Team_Unknown,Action_PreSnap,331.76,480.13,484.95,691.87,153.19,211.74,xml_geometry_csv_action
BootPass_106,116,13,13,Position_Unknown,Team_Unknown,Action_PreSnap,562.59,411.59,671.69,602.51,109.10000000000002,190.92000000000002,xml_geometry_csv_action
BootPass_106,116,14,14,Position_Unknown,Team_Unknown,Action_PreSnap,1573.59,361.79,1672.92,575.05,99.33000000000015,213.25999999999993,xml_geometry_csv_action
BootPass_106,116,16,16,Position_Unknown,Team_Unknown,Action_PreSnap,598.81,821.52,770.82,1061.59,172.0100000000001,240.06999999999994,xml_geometry_csv_action
BootPass_106,116,17,17,Position_Unknown,Team_Unknown,Action_PreSnap,1193.31,855.53,1356.31,1078.34,163.0,222.80999999999995,xml_geometry_csv_action
BootPass_106,116,2,2,Position_Unknown,Team_Unknown,Action_PreSnap,214.72,472.53,344.97,689.0,130.25000000000003,216.47000000000003,xml_geometry_csv_action
BootPass_106,116,3,3,Position_Unknown,Team_Unknown,Action_PreSnap,909.06,410.94,1042.73,596.63,133.67000000000007,185.69,xml_geometry_csv_action
BootPass_106,116,4,4,Position_Unknown,Team_Unknown,Action_PreSnap,1449.31,332.0,1560.03,563.21,110.72000000000003,231.21000000000004,xml_geometry_csv_action
BootPass_106,116,5,5,Position_Unknown,Team_Unknown,Action_PreSnap,851.95,328.15,960.01,517.66,108.05999999999995,189.51,xml_geometry_csv_action
BootPass_106,116,6,6,Position_Unknown,Team_Unknown,Action_PreSnap,495.15,523.36,615.48,716.32,120.33000000000004,192.96000000000004,xml_geometry_csv_action
BootPass_106,116,7,7,Position_Unknown,Team_Unknown,Action_PreSnap,456.93,316.7,537.58,528.11,80.65000000000003,211.41000000000003,xml_geometry_csv_action
BootPass_106,117,1,1,Position_Unknown,Team_Unknown,Action_PreSnap,532.04,244.64,610.88,458.32,78.84000000000003,213.68,xml_geometry_csv_action
BootPass_106,117,10,10,Position_Unknown,Team_Unknown,Action_PreSnap,421.31,944.22,561.57,1078.21,140.26000000000005,133.99,xml_geometry_csv_action
BootPass_106,117,11,11,Position_Unknown,Team_Unknown,Action_PreSnap,756.58,379.63,890.9,558.93,134.31999999999994,179.29999999999995,xml_geometry_csv_action
BootPass_106,117,12,12,Position_Unknown,Team_Unknown,Action_PreSnap,340.25,479.59,484.91,688.08,144.66000000000003,208.49000000000007,xml_geometry_csv_action
BootPass_106,117,13,13,Position_Unknown,Team_Unknown,Action_PreSnap,565.88,408.66,666.77,600.44,100.88999999999999,191.78000000000003,xml_geometry_csv_action
BootPass_106,117,14,14,Position_Unknown,Team_Unknown,Action_PreSnap,1574.87,361.75,1677.64,570.91,102.77000000000021,209.15999999999997,xml_geometry_csv_action
BootPass_106,117,16,16,Position_Unknown,Team_Unknown,Action_PreSnap,593.66,820.13,754.87,1059.97,161.21000000000004,239.84000000000003,xml_geometry_csv_action
BootPass_106,117,17,17,Position_Unknown,Team_Unknown,Action_PreSnap,1183.05,851.49,1347.35,1066.03,164.29999999999995,214.53999999999996,xml_geometry_csv_action
BootPass_106,117,2,2,Position_Unknown,Team_Unknown,Action_PreSnap,223.27,473.46,357.56,695.16,134.29,221.7,xml_geometry_csv_action
BootPass_106,117,3,3,Position_Unknown,Team_Unknown,Action_PreSnap,915.61,410.58,1039.49,594.66,123.88,184.07999999999998,xml_geometry_csv_action
BootPass_106,117,4,4,Position_Unknown,Team_Unknown,Action_PreSnap,1450.19,331.25,1563.68,560.85,113.49000000000001,229.60000000000002,xml_geometry_csv_action
BootPass_106,117,5,5,Position_Unknown,Team_Unknown,Action_PreSnap,866.0,323.07,966.95,517.33,100.95000000000005,194.26000000000005,xml_geometry_csv_action
BootPass_106,117,6,6,Position_Unknown,Team_Unknown,Action_PreSnap,497.42,523.1,602.98,712.21,105.56,189.11,xml_geometry_csv_action
BootPass_106,117,7,7,Position_Unknown,Team_Unknown,Action_PreSnap,461.92,311.48,545.41,517.08,83.48999999999995,205.60000000000002,xml_geometry_csv_action
BootPass_106,118,1,1,Position_Unknown,Team_Unknown,Action_PreSnap,535.29,247.05,613.19,454.48,77.90000000000009,207.43,xml_geometry_csv_action
BootPass_106,118,10,10,Position_Unknown,Team_Unknown,Action_PreSnap,414.06,942.11,559.71,1078.38,145.65000000000003,136.2700000000001,xml_geometry_csv_action
BootPass_106,118,11,11,Position_Unknown,Team_Unknown,Action_PreSnap,764.32,378.76,898.99,556.91,134.66999999999996,178.14999999999998,xml_geometry_csv_action
BootPass_106,118,12,12,Position_Unknown,Team_Unknown,Action_PreSnap,348.62,480.48,479.62,684.33,131.0,203.85000000000002,xml_geometry_csv_action
BootPass_106,118,13,13,Position_Unknown,Team_Unknown,Action_PreSnap,566.19,404.99,660.55,599.94,94.3599999999999,194.95000000000005,xml_geometry_csv_action
BootPass_106,118,14,14,Position_Unknown,Team_Unknown,Action_PreSnap,1574.01,361.9,1676.71,568.8,102.70000000000005,206.89999999999998,xml_geometry_csv_action
BootPass_106,118,16,16,Position_Unknown,Team_Unknown,Action_PreSnap,586.51,821.78,728.52,1058.69,142.01,236.91000000000008,xml_geometry_csv_action
BootPass_106,118,17,17,Position_Unknown,Team_Unknown,Action_PreSnap,1175.29,848.16,1328.23,1073.14,152.94000000000005,224.98000000000013,xml_geometry_csv_action
BootPass_106,118,2,2,Position_Unknown,Team_Unknown,Action_PreSnap,222.41,475.36,361.55,699.93,139.14000000000001,224.56999999999994,xml_geometry_csv_action
BootPass_106,118,3,3,Position_Unknown,Team_Unknown,Action_PreSnap,916.81,408.59,1028.94,593.43,112.13000000000011,184.83999999999997,xml_geometry_csv_action
BootPass_106,118,4,4,Position_Unknown,Team_Unknown,Action_PreSnap,1452.04,330.62,1566.78,556.83,114.74000000000001,226.21000000000004,xml_geometry_csv_action
BootPass_106,118,5,5,Position_Unknown,Team_Unknown,Action_PreSnap,873.22,320.24,967.9,515.17,94.67999999999995,194.92999999999995,xml_geometry_csv_action
BootPass_106,118,6,6,Position_Unknown,Team_Unknown,Action_PreSnap,497.21,521.95,595.48,714.96,98.27000000000004,193.01,xml_geometry_csv_action
BootPass_106,118,7,7,Position_Unknown,Team_Unknown,Action_PreSnap,464.76,306.13,554.22,507.63,89.46000000000004,201.5,xml_geometry_csv_action
BootPass_106,119,1,1,Position_Unknown,Team_Unknown,Action_PreSnap,543.54,249.55,617.91,453.05,74.37,203.5,xml_geometry_csv_action
BootPass_106,119,10,10,Position_Unknown,Team_Unknown,Action_PreSnap,411.42,937.75,561.82,1078.1,150.40000000000003,140.3499999999999,xml_geometry_csv_action
BootPass_106,119,11,11,Position_Unknown,Team_Unknown,Action_PreSnap,772.24,377.24,904.48,553.86,132.24,176.62,xml_geometry_csv_action
BootPass_106,119,12,12,Position_Unknown,Team_Unknown,Action_PreSnap,359.94,482.16,483.37,679.81,123.43,197.64999999999992,xml_geometry_csv_action
BootPass_106,119,13,13,Position_Unknown,Team_Unknown,Action_PreSnap,574.06,400.08,665.81,597.68,91.75,197.59999999999997,xml_geometry_csv_action
BootPass_106,119,14,14,Position_Unknown,Team_Unknown,Action_PreSnap,1575.75,361.46,1676.76,566.0,101.00999999999999,204.54000000000002,xml_geometry_csv_action
BootPass_106,119,16,16,Position_Unknown,Team_Unknown,Action_PreSnap,574.71,820.35,697.53,1055.19,122.81999999999994,234.84000000000003,xml_geometry_csv_action
BootPass_106,119,17,17,Position_Unknown,Team_Unknown,Action_PreSnap,1159.41,842.9,1306.28,1063.86,146.8699999999999,220.95999999999992,xml_geometry_csv_action
BootPass_106,119,2,2,Position_Unknown,Team_Unknown,Action_PreSnap,226.61,477.51,369.02,699.53,142.40999999999997,222.01999999999998,xml_geometry_csv_action
BootPass_106,119,3,3,Position_Unknown,Team_Unknown,Action_PreSnap,914.19,404.32,1021.93,590.48,107.7399999999999,186.16000000000003,xml_geometry_csv_action
BootPass_106,119,4,4,Position_Unknown,Team_Unknown,Action_PreSnap,1460.98,328.26,1571.22,544.29,110.24000000000001,216.02999999999997,xml_geometry_csv_action
BootPass_106,119,5,5,Position_Unknown,Team_Unknown,Action_PreSnap,879.76,319.08,968.58,513.0,88.82000000000005,193.92000000000002,xml_geometry_csv_action
BootPass_106,119,6,6,Position_Unknown,Team_Unknown,Action_PreSnap,496.02,518.38,599.76,702.97,103.74000000000001,184.59000000000003,xml_geometry_csv_action
BootPass_106,119,7,7,Position_Unknown,Team_Unknown,Action_PreSnap,469.26,301.31,566.74,498.63,97.48000000000002,197.32,xml_geometry_csv_action
BootPass_106,120,1,1,Position_Unknown,Team_Unknown,Action_PreSnap,551.11,249.43,623.41,451.16,72.29999999999995,201.73000000000002,xml_geometry_csv_action
BootPass_106,120,10,10,Position_Unknown,Team_Unknown,Action_PreSnap,407.52,932.74,562.83,1078.16,155.31000000000006,145.42000000000007,xml_geometry_csv_action
BootPass_106,120,11,11,Position_Unknown,Team_Unknown,Action_PreSnap,776.7,377.06,904.67,553.73,127.96999999999991,176.67000000000002,xml_geometry_csv_action
BootPass_106,120,12,12,Position_Unknown,Team_Unknown,Action_PreSnap,371.42,483.83,495.3,675.77,123.88,191.94,xml_geometry_csv_action
BootPass_106,120,13,13,Position_Unknown,Team_Unknown,Action_PreSnap,587.23,395.93,675.16,594.12,87.92999999999995,198.19,xml_geometry_csv_action
BootPass_106,120,14,14,Position_Unknown,Team_Unknown,Action_PreSnap,1577.88,358.67,1679.7,563.68,101.81999999999994,205.00999999999993,xml_geometry_csv_action
BootPass_106,120,16,16,Position_Unknown,Team_Unknown,Action_PreSnap,561.53,818.65,687.25,1050.3,125.72000000000003,231.64999999999998,xml_geometry_csv_action
BootPass_106,120,2,2,Position_Unknown,Team_Unknown,Action_PreSnap,236.41,478.79,377.23,696.52,140.82000000000002,217.72999999999996,xml_geometry_csv_action
BootPass_106,120,3,3,Position_Unknown,Team_Unknown,Action_PreSnap,907.66,401.21,1021.89,586.47,114.23000000000002,185.26000000000005,xml_geometry_csv_action
BootPass_106,120,4,4,Position_Unknown,Team_Unknown,Action_PreSnap,1470.39,326.56,1576.27,540.25,105.87999999999988,213.69,xml_geometry_csv_action
BootPass_106,120,5,5,Position_Unknown,Team_Unknown,Action_PreSnap,884.58,318.43,974.63,510.55,90.04999999999995,192.12,xml_geometry_csv_action
BootPass_106,120,6,6,Position_Unknown,Team_Unknown,Action_PreSnap,495.07,515.8,613.77,698.2,118.69999999999999,182.4000000000001,xml_geometry_csv_action
BootPass_106,120,7,7,Position_Unknown,Team_Unknown,Action_PreSnap,472.96,296.86,581.85,495.86,108.89000000000004,199.0,xml_geometry_csv_action
BootPass_106,121,1,1,Position_Unknown,Team_Unknown,Action_PreSnap,559.38,246.94,631.54,436.43,72.15999999999997,189.49,xml_geometry_csv_action
BootPass_106,121,10,10,Position_Unknown,Team_Unknown,Action_PreSnap,402.09,923.55,560.07,1077.51,157.98000000000008,153.96000000000004,xml_geometry_csv_action
BootPass_106,121,11,11,Position_Unknown,Team_Unknown,Action_PreSnap,782.18,374.55,906.91,550.37,124.73000000000002,175.82,xml_geometry_csv_action
BootPass_106,121,12,12,Position_Unknown,Team_Unknown,Action_PreSnap,383.12,483.17,504.37,666.63,121.25,183.45999999999998,xml_geometry_csv_action
BootPass_106,121,13,13,Position_Unknown,Team_Unknown,Action_PreSnap,595.71,390.15,688.53,589.77,92.81999999999994,199.62,xml_geometry_csv_action
BootPass_106,121,14,14,Position_Unknown,Team_Unknown,Action_PreSnap,1582.85,351.74,1686.58,560.11,103.73000000000002,208.37,xml_geometry_csv_action
BootPass_106,121,16,16,Position_Unknown,Team_Unknown,Action_PreSnap,552.26,814.06,685.2,1039.71,132.94000000000005,225.6500000000001,xml_geometry_csv_action
BootPass_106,121,2,2,Position_Unknown,Team_Unknown,Action_PreSnap,255.52,477.03,388.66,691.43,133.14000000000001,214.39999999999998,xml_geometry_csv_action
BootPass_106,121,3,3,Position_Unknown,Team_Unknown,Action_PreSnap,911.65,397.71,1024.48,579.23,112.83000000000004,181.52000000000004,xml_geometry_csv_action
BootPass_106,121,4,4,Position_Unknown,Team_Unknown,Action_PreSnap,1479.8,321.79,1580.87,534.89,101.06999999999994,213.09999999999997,xml_geometry_csv_action
BootPass_106,121,5,5,Position_Unknown,Team_Unknown,Action_PreSnap,890.48,316.83,991.25,502.2,100.76999999999998,185.37,xml_geometry_csv_action
BootPass_106,121,6,6,Position_Unknown,Team_Unknown,Action_PreSnap,496.48,511.73,629.48,693.54,133.0,181.80999999999995,xml_geometry_csv_action
BootPass_106,121,7,7,Position_Unknown,Team_Unknown,Action_PreSnap,481.09,292.46,595.64,487.81,114.55000000000001,195.35000000000002,xml_geometry_csv_action
BootPass_106,122,1,1,Position_Unknown,Team_Unknown,Action_PreSnap,567.64,244.03,638.57,423.3,70.93000000000006,179.27,xml_geometry_csv_action
BootPass_106,122,10,10,Position_Unknown,Team_Unknown,Action_PreSnap,399.02,916.88,553.18,1077.02,154.15999999999997,160.14,xml_geometry_csv_action
BootPass_106,122,11,11,Position_Unknown,Team_Unknown,Action_PreSnap,788.01,372.18,906.64,545.96,118.63,173.78000000000003,xml_geometry_csv_action
BootPass_106,122,12,12,Position_Unknown,Team_Unknown,Action_PreSnap,397.83,480.93,511.53,653.45,113.69999999999999,172.52000000000004,xml_geometry_csv_action
BootPass_106,122,13,13,Position_Unknown,Team_Unknown,Action_PreSnap,606.22,384.8,704.9,583.12,98.67999999999995,198.32,xml_geometry_csv_action
BootPass_106,122,14,14,Position_Unknown,Team_Unknown,Action_PreSnap,1590.3,347.66,1693.46,555.96,103.16000000000008,208.3,xml_geometry_csv_action
BootPass_106,122,16,16,Position_Unknown,Team_Unknown,Action_PreSnap,543.98,808.05,687.64,1021.31,143.65999999999997,213.26,xml_geometry_csv_action
BootPass_106,122,2,2,Position_Unknown,Team_Unknown,Action_PreSnap,278.63,474.1,404.3,684.81,125.67000000000002,210.70999999999992,xml_geometry_csv_action
BootPass_106,122,3,3,Position_Unknown,Team_Unknown,Action_PreSnap,922.06,391.56,1032.93,573.16,110.87000000000012,181.59999999999997,xml_geometry_csv_action
BootPass_106,122,4,4,Position_Unknown,Team_Unknown,Action_PreSnap,1489.72,316.05,1590.86,530.72,101.13999999999987,214.67000000000002,xml_geometry_csv_action
BootPass_106,122,5,5,Position_Unknown,Team_Unknown,Action_PreSnap,900.13,314.72,992.66,491.68,92.52999999999997,176.95999999999998,xml_geometry_csv_action
BootPass_106,122,6,6,Position_Unknown,Team_Unknown,Action_PreSnap,495.83,507.75,643.55,688.63,147.71999999999997,180.88,xml_geometry_csv_action
BootPass_106,122,7,7,Position_Unknown,Team_Unknown,Action_PreSnap,494.7,289.09,609.32,480.8,114.62000000000006,191.71000000000004,xml_geometry_csv_action
BootPass_106,123,1,1,Position_Unknown,Team_Unknown,Action_PreSnap,581.67,238.81,653.35,414.53,71.68000000000006,175.71999999999997,xml_geometry_csv_action
BootPass_106,123,10,10,Position_Unknown,Team_Unknown,Action_PreSnap,407.8,908.08,556.59,1076.13,148.79000000000002,168.05000000000007,xml_geometry_csv_action
BootPass_106,123,11,11,Position_Unknown,Team_Unknown,Action_PreSnap,795.56,367.08,906.94,539.12,111.38000000000011,172.04000000000002,xml_geometry_csv_action
BootPass_106,123,12,12,Position_Unknown,Team_Unknown,Action_PreSnap,418.15,476.37,531.25,643.76,113.10000000000002,167.39,xml_geometry_csv_action
BootPass_106,123,13,13,Position_Unknown,Team_Unknown,Action_PreSnap,617.89,378.43,726.53,573.15,108.63999999999999,194.71999999999997,xml_geometry_csv_action
BootPass_106,123,14,14,Position_Unknown,Team_Unknown,Action_PreSnap,1598.88,343.58,1700.65,548.12,101.76999999999998,204.54000000000002,xml_geometry_csv_action
BootPass_106,123,16,16,Position_Unknown,Team_Unknown,Action_PreSnap,542.98,798.78,690.67,1006.9,147.68999999999994,208.12,xml_geometry_csv_action
BootPass_106,123,2,2,Position_Unknown,Team_Unknown,Action_PreSnap,309.38,467.79,426.56,674.37,117.18,206.57999999999998,xml_geometry_csv_action
BootPass_106,123,3,3,Position_Unknown,Team_Unknown,Action_PreSnap,934.74,384.98,1048.51,565.8,113.76999999999998,180.81999999999994,xml_geometry_csv_action
BootPass_106,123,4,4,Position_Unknown,Team_Unknown,Action_PreSnap,1506.47,309.66,1602.64,523.13,96.17000000000007,213.46999999999997,xml_geometry_csv_action
BootPass_106,123,5,5,Position_Unknown,Team_Unknown,Action_PreSnap,913.86,309.83,1000.63,476.25,86.76999999999998,166.42000000000002,xml_geometry_csv_action
BootPass_106,123,6,6,Position_Unknown,Team_Unknown,Action_PreSnap,502.03,502.32,657.06,680.56,155.02999999999997,178.23999999999995,xml_geometry_csv_action
BootPass_106,123,7,7,Position_Unknown,Team_Unknown,Action_PreSnap,512.85,284.82,625.99,470.86,113.13999999999999,186.04000000000002,xml_geometry_csv_action
BootPass_106,124,1,1,Position_Unknown,Team_Unknown,Action_PreSnap,604.32,228.69,673.78,405.06,69.45999999999992,176.37,xml_geometry_csv_action
BootPass_106,124,10,10,Position_Unknown,Team_Unknown,Action_PreSnap,425.79,892.22,576.91,1074.99,151.11999999999995,182.76999999999998,xml_geometry_csv_action
BootPass_106,124,11,11,Position_Unknown,Team_Unknown,Action_PreSnap,815.67,359.23,922.37,528.24,106.70000000000005,169.01,xml_geometry_csv_action
BootPass_106,124,12,12,Position_Unknown,Team_Unknown,Action_PreSnap,445.52,467.28,555.97,637.15,110.45000000000005,169.87,xml_geometry_csv_action
BootPass_106,124,13,13,Position_Unknown,Team_Unknown,Action_PreSnap,638.97,370.11,752.76,560.48,113.78999999999996,190.37,xml_geometry_csv_action
BootPass_106,124,14,14,Position_Unknown,Team_Unknown,Action_PreSnap,1617.03,333.76,1713.17,538.51,96.1400000000001,204.75,xml_geometry_csv_action
BootPass_106,124,16,16,Position_Unknown,Team_Unknown,Action_PreSnap,549.14,786.12,702.39,992.51,153.25,206.39,xml_geometry_csv_action
BootPass_106,124,17,17,Position_Unknown,Team_Unknown,Action_PreSnap,1122.88,797.97,1263.99,1004.49,141.1099999999999,206.51999999999998,xml_geometry_csv_action
BootPass_106,124,2,2,Position_Unknown,Team_Unknown,Action_PreSnap,349.23,456.1,454.49,661.16,105.25999999999999,205.05999999999995,xml_geometry_csv_action
BootPass_106,124,3,3,Position_Unknown,Team_Unknown,Action_PreSnap,951.66,376.8,1071.36,556.0,119.69999999999993,179.2,xml_geometry_csv_action
BootPass_106,124,4,4,Position_Unknown,Team_Unknown,Action_PreSnap,1529.33,299.52,1623.27,512.24,93.94000000000005,212.72000000000003,xml_geometry_csv_action
BootPass_106,124,5,5,Position_Unknown,Team_Unknown,Action_PreSnap,934.44,301.61,1016.02,453.51,81.57999999999993,151.89999999999998,xml_geometry_csv_action
BootPass_106,124,6,6,Position_Unknown,Team_Unknown,Action_PreSnap,524.01,494.9,675.89,672.41,151.88,177.51,xml_geometry_csv_action
BootPass_106,124,7,7,Position_Unknown,Team_Unknown,Action_PreSnap,535.92,276.95,645.44,457.45,109.5200000000001,180.5,xml_geometry_csv_action
BootPass_106,125,1,1,Position_Unknown,Team_Unknown,Action_PreSnap,631.9,215.98,700.25,394.13,68.35000000000002,178.15,xml_geometry_csv_action
BootPass_106,125,10,10,Position_Unknown,Team_Unknown,Action_PreSnap,446.17,876.26,599.5,1073.57,153.32999999999998,197.30999999999995,xml_geometry_csv_action
BootPass_106,125,11,11,Position_Unknown,Team_Unknown,Action_PreSnap,840.67,347.72,948.8,513.77,108.13,166.04999999999995,xml_geometry_csv_action
BootPass_106,125,12,12,Position_Unknown,Team_Unknown,Action_PreSnap,476.29,455.37,580.82,624.76,104.53000000000003,169.39,xml_geometry_csv_action
BootPass_106,125,13,13,Position_Unknown,Team_Unknown,Action_PreSnap,668.64,359.63,779.62,546.07,110.98000000000002,186.44000000000005,xml_geometry_csv_action
BootPass_106,125,14,14,Position_Unknown,Team_Unknown,Action_PreSnap,1640.55,322.92,1727.69,525.84,87.1400000000001,202.92000000000002,xml_geometry_csv_action
BootPass_106,125,16,16,Position_Unknown,Team_Unknown,Action_PreSnap,563.24,770.39,709.09,978.13,145.85000000000002,207.74,xml_geometry_csv_action
BootPass_106,125,17,17,Position_Unknown,Team_Unknown,Action_PreSnap,1126.52,778.88,1240.98,982.12,114.46000000000004,203.24,xml_geometry_csv_action
BootPass_106,125,2,2,Position_Unknown,Team_Unknown,Action_PreSnap,386.99,440.51,487.55,645.77,100.56,205.26,xml_geometry_csv_action
BootPass_106,125,3,3,Position_Unknown,Team_Unknown,Action_PreSnap,972.61,368.59,1093.66,542.11,121.05000000000007,173.52000000000004,xml_geometry_csv_action
BootPass_106,125,4,4,Position_Unknown,Team_Unknown,Action_PreSnap,1553.01,287.93,1644.56,496.95,91.54999999999995,209.01999999999998,xml_geometry_csv_action
BootPass_106,125,5,5,Position_Unknown,Team_Unknown,Action_PreSnap,957.7,291.11,1036.28,438.53,78.57999999999993,147.41999999999996,xml_geometry_csv_action
BootPass_106,125,6,6,Position_Unknown,Team_Unknown,Action_PreSnap,552.53,484.96,691.5,661.73,138.97000000000003,176.77000000000004,xml_geometry_csv_action
BootPass_106,125,7,7,Position_Unknown,Team_Unknown,Action_PreSnap,562.91,265.33,665.74,441.8,102.83000000000004,176.47000000000003,xml_geometry_csv_action
BootPass_106,126,1,1,Position_Unknown,Team_Unknown,Action_PreSnap,659.7,202.65,727.4,385.52,67.69999999999993,182.86999999999998,xml_geometry_csv_action
BootPass_106,126,10,10,Position_Unknown,Team_Unknown,Action_PreSnap,464.23,863.25,617.72,1066.92,153.49,203.67000000000007,xml_geometry_csv_action
BootPass_106,126,11,11,Position_Unknown,Team_Unknown,Action_PreSnap,867.32,337.17,976.41,502.65,109.08999999999992,165.47999999999996,xml_geometry_csv_action
BootPass_106,126,12,12,Position_Unknown,Team_Unknown,Action_PreSnap,510.3,445.49,610.21,613.12,99.91000000000003,167.63,xml_geometry_csv_action
BootPass_106,126,13,13,Position_Unknown,Team_Unknown,Action_PreSnap,696.03,350.5,802.79,532.97,106.75999999999999,182.47000000000003,xml_geometry_csv_action
BootPass_106,126,14,14,Position_Unknown,Team_Unknown,Action_PreSnap,1660.86,313.52,1743.67,513.31,82.81000000000017,199.78999999999996,xml_geometry_csv_action
BootPass_106,126,16,16,Position_Unknown,Team_Unknown,Action_PreSnap,576.17,760.72,709.45,966.66,133.2800000000001,205.93999999999994,xml_geometry_csv_action
BootPass_106,126,17,17,Position_Unknown,Team_Unknown,Action_PreSnap,1133.72,764.85,1238.11,966.3,104.38999999999987,201.44999999999993,xml_geometry_csv_action
BootPass_106,126,2,2,Position_Unknown,Team_Unknown,Action_PreSnap,420.75,427.1,519.94,630.76,99.19000000000005,203.65999999999997,xml_geometry_csv_action
BootPass_106,126,3,3,Position_Unknown,Team_Unknown,Action_PreSnap,996.41,362.12,1114.28,531.89,117.87,169.76999999999998,xml_geometry_csv_action
BootPass_106,126,4,4,Position_Unknown,Team_Unknown,Action_PreSnap,1577.72,277.36,1668.92,484.31,91.20000000000005,206.95,xml_geometry_csv_action
BootPass_106,126,5,5,Position_Unknown,Team_Unknown,Action_PreSnap,981.67,280.49,1066.4,446.5,84.73000000000013,166.01,xml_geometry_csv_action
BootPass_106,126,6,6,Position_Unknown,Team_Unknown,Action_PreSnap,578.8,477.21,702.24,649.14,123.44000000000005,171.93,xml_geometry_csv_action
BootPass_106,126,7,7,Position_Unknown,Team_Unknown,Action_PreSnap,588.64,253.74,684.0,427.77,95.36000000000001,174.02999999999997,xml_geometry_csv_action
BootPass_106,127,1,1,Position_Unknown,Team_Unknown,Action_PreSnap,685.67,191.17,752.52,379.43,66.85000000000002,188.26000000000002,xml_geometry_csv_action
BootPass_106,127,10,10,Position_Unknown,Team_Unknown,Action_PreSnap,477.5,852.44,627.19,1051.58,149.69000000000005,199.13999999999987,xml_geometry_csv_action
BootPass_106,127,11,11,Position_Unknown,Team_Unknown,Action_PreSnap,889.4,328.38,1001.94,493.51,112.54000000000008,165.13,xml_geometry_csv_action
BootPass_106,127,12,12,Position_Unknown,Team_Unknown,Action_PreSnap,538.74,437.13,631.02,598.3,92.27999999999997,161.16999999999996,xml_geometry_csv_action
BootPass_106,127,13,13,Position_Unknown,Team_Unknown,Action_PreSnap,723.72,343.42,819.44,521.66,95.72000000000003,178.23999999999995,xml_geometry_csv_action
BootPass_106,127,14,14,Position_Unknown,Team_Unknown,Action_PreSnap,1674.67,306.19,1757.18,504.32,82.50999999999999,198.13,xml_geometry_csv_action
BootPass_106,127,16,16,Position_Unknown,Team_Unknown,Action_PreSnap,590.07,753.27,705.73,953.7,115.65999999999997,200.43000000000006,xml_geometry_csv_action
BootPass_106,127,17,17,Position_Unknown,Team_Unknown,Action_PreSnap,1144.12,753.44,1242.64,953.85,98.52000000000021,200.40999999999997,xml_geometry_csv_action
BootPass_106,127,18,18,Position_Unknown,Team_Unknown,Action_PreSnap,1684.02,277.21,1763.72,448.85,79.70000000000005,171.64000000000004,xml_geometry_csv_action
BootPass_106,127,2,2,Position_Unknown,Team_Unknown,Action_PreSnap,451.31,416.04,549.52,617.66,98.20999999999998,201.61999999999995,xml_geometry_csv_action
BootPass_106,127,3,3,Position_Unknown,Team_Unknown,Action_PreSnap,1016.83,356.35,1130.25,522.17,113.41999999999996,165.81999999999994,xml_geometry_csv_action
BootPass_106,127,4,4,Position_Unknown,Team_Unknown,Action_PreSnap,1597.52,269.54,1687.34,476.28,89.81999999999994,206.73999999999995,xml_geometry_csv_action
BootPass_106,127,5,5,Position_Unknown,Team_Unknown,Action_PreSnap,1003.92,272.87,1097.29,446.82,93.37,173.95,xml_geometry_csv_action
BootPass_106,127,6,6,Position_Unknown,Team_Unknown,Action_PreSnap,606.91,468.9,707.48,635.56,100.57000000000005,166.65999999999997,xml_geometry_csv_action
BootPass_106,127,7,7,Position_Unknown,Team_Unknown,Action_PreSnap,614.58,242.05,702.79,416.91,88.20999999999992,174.86,xml_geometry_csv_action
BootPass_106,128,0,0,Position_Unknown,Team_Unknown,Action_PreSnap,654.27,1037.36,769.48,1079.01,115.21000000000004,41.65000000000009,xml_geometry_csv_action
BootPass_106,128,1,1,Position_Unknown,Team_Unknown,Action_PreSnap,712.66,178.76,781.18,369.95,68.51999999999998,191.19,xml_geometry_csv_action
BootPass_106,128,10,10,Position_Unknown,Team_Unknown,Action_PreSnap,492.04,842.39,630.91,1038.62,138.86999999999995,196.2299999999999,xml_geometry_csv_action
BootPass_106,128,11,11,Position_Unknown,Team_Unknown,Action_PreSnap,912.94,320.07,1030.89,484.5,117.95000000000005,164.43,xml_geometry_csv_action
BootPass_106,128,12,12,Position_Unknown,Team_Unknown,Action_PreSnap,570.32,428.47,656.33,581.47,86.00999999999999,153.0,xml_geometry_csv_action
BootPass_106,128,13,13,Position_Unknown,Team_Unknown,Action_PreSnap,750.2,336.1,841.19,510.07,90.99000000000001,173.96999999999997,xml_geometry_csv_action
BootPass_106,128,14,14,Position_Unknown,Team_Unknown,Action_PreSnap,1696.25,299.31,1775.73,494.28,79.48000000000002,194.96999999999997,xml_geometry_csv_action
BootPass_106,128,16,16,Position_Unknown,Team_Unknown,Action_PreSnap,602.9,747.18,708.66,940.8,105.75999999999999,193.62,xml_geometry_csv_action
BootPass_106,128,17,17,Position_Unknown,Team_Unknown,Action_PreSnap,1159.87,745.97,1251.75,942.33,91.88000000000011,196.36,xml_geometry_csv_action
BootPass_106,128,18,18,Position_Unknown,Team_Unknown,Action_PreSnap,1713.6,273.39,1789.98,439.0,76.38000000000011,165.61,xml_geometry_csv_action
BootPass_106,128,2,2,Position_Unknown,Team_Unknown,Action_PreSnap,482.41,405.56,581.5,607.12,99.08999999999997,201.56,xml_geometry_csv_action
BootPass_106,128,3,3,Position_Unknown,Team_Unknown,Action_PreSnap,1038.99,348.77,1149.78,511.9,110.78999999999996,163.13,xml_geometry_csv_action
BootPass_106,128,4,4,Position_Unknown,Team_Unknown,Action_PreSnap,1622.0,262.14,1711.54,465.46,89.53999999999996,203.32,xml_geometry_csv_action
BootPass_106,128,5,5,Position_Unknown,Team_Unknown,Action_PreSnap,1028.76,263.96,1127.91,442.24,99.15000000000009,178.28000000000003,xml_geometry_csv_action
BootPass_106,128,6,6,Position_Unknown,Team_Unknown,Action_PreSnap,635.17,459.69,720.81,626.15,85.63999999999999,166.45999999999998,xml_geometry_csv_action
BootPass_106,128,7,7,Position_Unknown,Team_Unknown,Action_PreSnap,647.38,232.08,729.63,405.64,82.25,173.55999999999997,xml_geometry_csv_action
BootPass_106,129,0,0,Position_Unknown,Team_Unknown,Action_PreSnap,639.43,1021.8,765.49,1076.11,126.06000000000006,54.309999999999945,xml_geometry_csv_action
BootPass_106,129,1,1,Position_Unknown,Team_Unknown,Action_PreSnap,737.5,167.31,807.11,357.01,69.61000000000001,189.7,xml_geometry_csv_action
BootPass_106,129,10,10,Position_Unknown,Team_Unknown,Action_PreSnap,505.76,832.95,631.14,1023.13,125.38,190.17999999999995,xml_geometry_csv_action
BootPass_106,129,11,11,Position_Unknown,Team_Unknown,Action_PreSnap,927.89,310.64,1053.13,474.8,125.24000000000012,164.16000000000003,xml_geometry_csv_action
BootPass_106,129,12,12,Position_Unknown,Team_Unknown,Action_PreSnap,597.65,418.14,679.58,566.92,81.93000000000006,148.77999999999997,xml_geometry_csv_action
BootPass_106,129,13,13,Position_Unknown,Team_Unknown,Action_PreSnap,777.21,324.53,858.38,499.05,81.16999999999996,174.52000000000004,xml_geometry_csv_action
BootPass_106,129,14,14,Position_Unknown,Team_Unknown,Action_PreSnap,1713.51,293.29,1791.19,485.66,77.68000000000006,192.37,xml_geometry_csv_action
BootPass_106,129,16,16,Position_Unknown,Team_Unknown,Action_PreSnap,608.77,738.56,724.91,926.25,116.13999999999999,187.69000000000005,xml_geometry_csv_action
BootPass_106,129,17,17,Position_Unknown,Team_Unknown,Action_PreSnap,1162.99,736.9,1260.95,928.52,97.96000000000004,191.62,xml_geometry_csv_action
BootPass_106,129,18,18,Position_Unknown,Team_Unknown,Action_PreSnap,1738.77,269.31,1809.83,428.47,71.05999999999995,159.16000000000003,xml_geometry_csv_action
BootPass_106,129,2,2,Position_Unknown,Team_Unknown,Action_PreSnap,508.29,395.27,609.71,596.02,101.42000000000002,200.75,xml_geometry_csv_action
BootPass_106,129,3,3,Position_Unknown,Team_Unknown,Action_PreSnap,1059.97,337.57,1160.1,501.57,100.12999999999988,164.0,xml_geometry_csv_action
BootPass_106,129,4,4,Position_Unknown,Team_Unknown,Action_PreSnap,1636.68,255.48,1730.64,455.51,93.96000000000004,200.03,xml_geometry_csv_action
BootPass_106,129,5,5,Position_Unknown,Team_Unknown,Action_PreSnap,1048.33,255.76,1147.59,432.86,99.25999999999999,177.10000000000002,xml_geometry_csv_action
BootPass_106,129,6,6,Position_Unknown,Team_Unknown,Action_PreSnap,654.5,449.35,745.32,615.23,90.82000000000005,165.88,xml_geometry_csv_action
BootPass_106,129,7,7,Position_Unknown,Team_Unknown,Action_PreSnap,677.2,222.3,753.53,395.29,76.32999999999993,172.99,xml_geometry_csv_action
BootPass_106,130,0,0,Position_Unknown,Team_Unknown,Action_PreSnap,645.74,1007.46,762.61,1074.83,116.87,67.36999999999989,xml_geometry_csv_action
BootPass_106,130,1,1,Position_Unknown,Team_Unknown,Action_PreSnap,762.69,156.52,833.69,347.06,71.0,190.54,xml_geometry_csv_action
BootPass_106,130,10,10,Position_Unknown,Team_Unknown,Action_PreSnap,515.01,824.31,635.29,1007.5,120.27999999999997,183.19000000000005,xml_geometry_csv_action
BootPass_106,130,11,11,Position_Unknown,Team_Unknown,Action_PreSnap,944.58,303.8,1069.98,469.81,125.39999999999998,166.01,xml_geometry_csv_action
BootPass_106,130,12,12,Position_Unknown,Team_Unknown,Action_PreSnap,624.08,410.18,704.74,563.45,80.65999999999997,153.27000000000004,xml_geometry_csv_action
BootPass_106,130,13,13,Position_Unknown,Team_Unknown,Action_PreSnap,801.53,316.02,878.31,489.78,76.77999999999997,173.76,xml_geometry_csv_action
BootPass_106,130,14,14,Position_Unknown,Team_Unknown,Action_PreSnap,1726.41,288.58,1803.17,479.71,76.75999999999999,191.13,xml_geometry_csv_action
BootPass_106,130,16,16,Position_Unknown,Team_Unknown,Action_PreSnap,613.4,731.1,741.21,915.23,127.81000000000006,184.13,xml_geometry_csv_action
BootPass_106,130,17,17,Position_Unknown,Team_Unknown,Action_PreSnap,1165.35,723.01,1273.22,915.24,107.87000000000012,192.23000000000002,xml_geometry_csv_action
BootPass_106,130,18,18,Position_Unknown,Team_Unknown,Action_PreSnap,1759.12,266.05,1827.51,419.48,68.3900000000001,153.43,xml_geometry_csv_action
BootPass_106,130,2,2,Position_Unknown,Team_Unknown,Action_PreSnap,529.64,387.38,636.02,586.69,106.38,199.31000000000006,xml_geometry_csv_action
BootPass_106,130,3,3,Position_Unknown,Team_Unknown,Action_PreSnap,1072.41,326.62,1171.74,492.56,99.32999999999993,165.94,xml_geometry_csv_action
BootPass_106,130,4,4,Position_Unknown,Team_Unknown,Action_PreSnap,1648.31,249.42,1748.16,446.06,99.85000000000014,196.64000000000001,xml_geometry_csv_action
BootPass_106,130,5,5,Position_Unknown,Team_Unknown,Action_PreSnap,1063.54,248.92,1166.57,422.58,103.02999999999997,173.66,xml_geometry_csv_action
BootPass_106,130,6,6,Position_Unknown,Team_Unknown,Action_PreSnap,671.04,440.97,768.85,606.21,97.81000000000006,165.24,xml_geometry_csv_action
BootPass_106,130,7,7,Position_Unknown,Team_Unknown,Action_PreSnap,702.68,215.14,774.43,383.61,71.75,168.47000000000003,xml_geometry_csv_action
BootPass_106,131,0,0,Position_Unknown,Team_Unknown,Action_PreSnap,655.27,994.87,765.41,1075.49,110.13999999999999,80.62,xml_geometry_csv_action
BootPass_106,131,1,1,Position_Unknown,Team_Unknown,Action_PreSnap,783.23,149.7,855.57,338.48,72.34000000000003,188.78000000000003,xml_geometry_csv_action
BootPass_106,131,10,10,Position_Unknown,Team_Unknown,Action_PreSnap,524.59,816.16,651.69,995.89,127.10000000000002,179.73000000000002,xml_geometry_csv_action
BootPass_106,131,11,11,Position_Unknown,Team_Unknown,Action_PreSnap,965.62,301.31,1083.76,466.7,118.13999999999999,165.39,xml_geometry_csv_action
BootPass_106,131,12,12,Position_Unknown,Team_Unknown,Action_PreSnap,638.63,404.42,739.76,552.19,101.13,147.77000000000004,xml_geometry_csv_action
BootPass_106,131,13,13,Position_Unknown,Team_Unknown,Action_PreSnap,821.44,312.67,898.75,482.95,77.30999999999995,170.27999999999997,xml_geometry_csv_action
BootPass_106,131,14,14,Position_Unknown,Team_Unknown,Action_PreSnap,1735.88,286.52,1813.11,475.8,77.22999999999979,189.28000000000003,xml_geometry_csv_action
BootPass_106,131,16,16,Position_Unknown,Team_Unknown,Action_PreSnap,613.7,724.64,753.21,907.5,139.51,182.86,xml_geometry_csv_action
BootPass_106,131,17,17,Position_Unknown,Team_Unknown,Action_PreSnap,1168.36,717.04,1281.41,904.32,113.05000000000018,187.2800000000001,xml_geometry_csv_action
BootPass_106,131,18,18,Position_Unknown,Team_Unknown,Action_PreSnap,1776.37,265.65,1841.12,416.56,64.75,150.91000000000003,xml_geometry_csv_action
BootPass_106,131,2,2,Position_Unknown,Team_Unknown,Action_PreSnap,549.02,383.32,657.59,580.47,108.57000000000005,197.15000000000003,xml_geometry_csv_action
BootPass_106,131,3,3,Position_Unknown,Team_Unknown,Action_PreSnap,1089.78,317.88,1177.04,485.2,87.25999999999999,167.32,xml_geometry_csv_action
BootPass_106,131,4,4,Position_Unknown,Team_Unknown,Action_PreSnap,1655.68,246.62,1761.96,440.99,106.27999999999997,194.37,xml_geometry_csv_action
BootPass_106,131,5,5,Position_Unknown,Team_Unknown,Action_PreSnap,1079.95,245.74,1179.85,412.62,99.89999999999986,166.88,xml_geometry_csv_action
BootPass_106,131,6,6,Position_Unknown,Team_Unknown,Action_PreSnap,682.73,435.53,791.91,600.13,109.17999999999995,164.60000000000002,xml_geometry_csv_action
BootPass_106,131,7,7,Position_Unknown,Team_Unknown,Action_PreSnap,724.02,210.12,793.17,375.71,69.14999999999998,165.58999999999997,xml_geometry_csv_action
BootPass_106,132,0,0,Position_Unknown,Team_Unknown,Action_PreSnap,663.96,985.76,772.94,1076.95,108.98000000000002,91.19000000000005,xml_geometry_csv_action
BootPass_106,132,1,1,Position_Unknown,Team_Unknown,Action_PreSnap,804.62,147.18,875.22,333.19,70.60000000000002,186.01,xml_geometry_csv_action
BootPass_106,132,10,10,Position_Unknown,Team_Unknown,Action_PreSnap,532.08,809.37,667.75,989.35,135.66999999999996,179.98000000000002,xml_geometry_csv_action
BootPass_106,132,11,11,Position_Unknown,Team_Unknown,Action_PreSnap,983.82,301.55,1094.01,463.09,110.18999999999994,161.53999999999996,xml_geometry_csv_action
BootPass_106,132,12,12,Position_Unknown,Team_Unknown,Action_PreSnap,659.7,402.43,762.02,548.67,102.31999999999994,146.23999999999995,xml_geometry_csv_action
BootPass_106,132,13,13,Position_Unknown,Team_Unknown,Action_PreSnap,840.48,308.83,923.26,477.52,82.77999999999997,168.69,xml_geometry_csv_action
BootPass_106,132,14,14,Position_Unknown,Team_Unknown,Action_PreSnap,1745.43,289.01,1827.79,473.75,82.3599999999999,184.74,xml_geometry_csv_action
BootPass_106,132,16,16,Position_Unknown,Team_Unknown,Action_PreSnap,620.23,718.43,761.41,900.06,141.17999999999995,181.63,xml_geometry_csv_action
BootPass_106,132,17,17,Position_Unknown,Team_Unknown,Action_PreSnap,1174.96,713.71,1296.09,896.57,121.12999999999988,182.86,xml_geometry_csv_action
BootPass_106,132,18,18,Position_Unknown,Team_Unknown,Action_PreSnap,1794.69,267.21,1856.3,412.87,61.6099999999999,145.66000000000003,xml_geometry_csv_action
BootPass_106,132,2,2,Position_Unknown,Team_Unknown,Action_PreSnap,564.71,382.96,673.11,576.6,108.39999999999998,193.64000000000004,xml_geometry_csv_action
BootPass_106,132,3,3,Position_Unknown,Team_Unknown,Action_PreSnap,1108.72,311.68,1192.74,481.8,84.01999999999998,170.12,xml_geometry_csv_action
BootPass_106,132,4,4,Position_Unknown,Team_Unknown,Action_PreSnap,1666.03,247.83,1776.34,435.91,110.30999999999995,188.08,xml_geometry_csv_action
BootPass_106,132,5,5,Position_Unknown,Team_Unknown,Action_PreSnap,1096.82,245.31,1185.0,402.62,88.18000000000006,157.31,xml_geometry_csv_action
BootPass_106,132,6,6,Position_Unknown,Team_Unknown,Action_PreSnap,693.19,431.89,808.75,600.59,115.55999999999995,168.70000000000005,xml_geometry_csv_action
BootPass_106,132,7,7,Position_Unknown,Team_Unknown,Action_PreSnap,743.23,209.61,812.02,367.71,68.78999999999996,158.09999999999997,xml_geometry_csv_action
BootPass_106,133,0,0,Position_Unknown,Team_Unknown,Action_PreSnap,673.61,976.31,778.2,1077.53,104.59000000000003,101.22000000000003,xml_geometry_csv_action
BootPass_106,133,1,1,Position_Unknown,Team_Unknown,Action_PreSnap,824.87,145.15,894.32,327.07,69.45000000000005,181.92,xml_geometry_csv_action
BootPass_106,133,10,10,Position_Unknown,Team_Unknown,Action_PreSnap,541.21,801.37,679.69,982.6,138.48000000000002,181.23000000000002,xml_geometry_csv_action
BootPass_106,133,11,11,Position_Unknown,Team_Unknown,Action_PreSnap,999.75,299.94,1100.57,459.86,100.81999999999994,159.92000000000002,xml_geometry_csv_action
BootPass_106,133,13,13,Position_Unknown,Team_Unknown,Action_PreSnap,859.31,303.95,947.6,472.75,88.29000000000008,168.8,xml_geometry_csv_action
BootPass_106,133,14,14,Position_Unknown,Team_Unknown,Action_PreSnap,1751.3,288.76,1842.6,471.01,91.29999999999995,182.25,xml_geometry_csv_action
BootPass_106,133,16,16,Position_Unknown,Team_Unknown,Action_PreSnap,630.96,713.48,762.37,899.87,131.40999999999997,186.39,xml_geometry_csv_action
BootPass_106,133,17,17,Position_Unknown,Team_Unknown,Action_PreSnap,1184.92,711.24,1309.81,885.13,124.88999999999987,173.89,xml_geometry_csv_action
BootPass_106,133,18,18,Position_Unknown,Team_Unknown,Action_PreSnap,1810.53,267.83,1872.12,409.26,61.58999999999992,141.43,xml_geometry_csv_action
BootPass_106,133,2,2,Position_Unknown,Team_Unknown,Action_PreSnap,583.11,383.28,690.58,571.92,107.47000000000003,188.64,xml_geometry_csv_action
BootPass_106,133,3,3,Position_Unknown,Team_Unknown,Action_PreSnap,1125.83,302.52,1205.97,476.6,80.1400000000001,174.08000000000004,xml_geometry_csv_action
BootPass_106,133,4,4,Position_Unknown,Team_Unknown,Action_PreSnap,1680.26,248.01,1789.4,426.22,109.1400000000001,178.21000000000004,xml_geometry_csv_action
BootPass_106,133,5,5,Position_Unknown,Team_Unknown,Action_PreSnap,1112.61,244.43,1190.82,394.02,78.21000000000004,149.58999999999997,xml_geometry_csv_action
BootPass_106,133,6,6,Position_Unknown,Team_Unknown,Action_PreSnap,704.93,423.78,826.97,598.51,122.04000000000008,174.73000000000002,xml_geometry_csv_action
BootPass_106,133,7,7,Position_Unknown,Team_Unknown,Action_PreSnap,762.62,206.55,833.37,360.24,70.75,153.69,xml_geometry_csv_action
BootPass_106,134,0,0,Position_Unknown,Team_Unknown,Action_PreSnap,687.31,966.51,798.85,1077.37,111.54000000000008,110.8599999999999,xml_geometry_csv_action
BootPass_106,134,1,1,Position_Unknown,Team_Unknown,Action_PreSnap,845.89,142.85,916.1,321.08,70.21000000000004,178.23,xml_geometry_csv_action
BootPass_106,134,10,10,Position_Unknown,Team_Unknown,Action_PreSnap,552.95,792.46,691.15,975.15,138.19999999999993,182.68999999999994,xml_geometry_csv_action
BootPass_106,134,11,11,Position_Unknown,Team_Unknown,Action_PreSnap,1016.66,297.31,1107.21,454.22,90.55000000000007,156.91000000000003,xml_geometry_csv_action
BootPass_106,134,13,13,Position_Unknown,Team_Unknown,Action_PreSnap,877.36,296.93,974.58,466.99,97.22000000000003,170.06,xml_geometry_csv_action
BootPass_106,134,14,14,Position_Unknown,Team_Unknown,Action_PreSnap,1762.79,287.93,1863.63,465.53,100.84000000000015,177.59999999999997,xml_geometry_csv_action
BootPass_106,134,16,16,Position_Unknown,Team_Unknown,Action_PreSnap,646.79,708.25,760.97,905.87,114.18000000000006,197.62,xml_geometry_csv_action
BootPass_106,134,17,17,Position_Unknown,Team_Unknown,Action_PreSnap,1194.31,703.87,1325.42,874.13,131.11000000000013,170.26,xml_geometry_csv_action
BootPass_106,134,18,18,Position_Unknown,Team_Unknown,Action_PreSnap,1827.58,261.4,1894.24,404.53,66.66000000000008,143.13,xml_geometry_csv_action
BootPass_106,134,2,2,Position_Unknown,Team_Unknown,Action_PreSnap,604.01,382.69,711.4,566.97,107.38999999999999,184.28000000000003,xml_geometry_csv_action
BootPass_106,134,3,3,Position_Unknown,Team_Unknown,Action_PreSnap,1147.77,297.41,1223.09,469.28,75.31999999999994,171.86999999999995,xml_geometry_csv_action
BootPass_106,134,4,4,Position_Unknown,Team_Unknown,Action_PreSnap,1702.17,245.06,1808.78,414.31,106.6099999999999,169.25,xml_geometry_csv_action
BootPass_106,134,5,5,Position_Unknown,Team_Unknown,Action_PreSnap,1128.64,243.55,1197.03,381.16,68.38999999999987,137.61,xml_geometry_csv_action
BootPass_106,134,6,6,Position_Unknown,Team_Unknown,Action_PreSnap,725.02,423.05,846.11,596.84,121.09000000000003,173.79000000000002,xml_geometry_csv_action
BootPass_106,134,7,7,Position_Unknown,Team_Unknown,Action_PreSnap,783.89,202.8,861.33,351.19,77.44000000000005,148.39,xml_geometry_csv_action
BootPass_106,135,0,0,Position_Unknown,Team_Unknown,Action_PreSnap,695.63,952.87,809.6,1076.51,113.97000000000003,123.63999999999999,xml_geometry_csv_action
BootPass_106,135,1,1,Position_Unknown,Team_Unknown,Action_PreSnap,869.85,140.61,939.0,313.24,69.14999999999998,172.63,xml_geometry_csv_action
BootPass_106,135,10,10,Position_Unknown,Team_Unknown,Action_PreSnap,569.55,780.92,702.47,966.55,132.92000000000007,185.63,xml_geometry_csv_action
BootPass_106,135,11,11,Position_Unknown,Team_Unknown,Action_PreSnap,1038.47,293.77,1120.8,447.36,82.32999999999993,153.59000000000003,xml_geometry_csv_action
BootPass_106,135,12,12,Position_Unknown,Team_Unknown,Action_PreSnap,732.17,391.15,855.97,532.09,123.80000000000007,140.94000000000005,xml_geometry_csv_action
BootPass_106,135,13,13,Position_Unknown,Team_Unknown,Action_PreSnap,897.58,292.32,1000.9,459.07,103.31999999999994,166.75,xml_geometry_csv_action
BootPass_106,135,14,14,Position_Unknown,Team_Unknown,Action_PreSnap,1778.59,285.05,1884.74,458.94,106.15000000000009,173.89,xml_geometry_csv_action
BootPass_106,135,16,16,Position_Unknown,Team_Unknown,Action_PreSnap,656.43,702.9,758.41,891.16,101.98000000000002,188.26,xml_geometry_csv_action
BootPass_106,135,17,17,Position_Unknown,Team_Unknown,Action_PreSnap,1200.14,694.01,1332.07,864.8,131.92999999999984,170.78999999999996,xml_geometry_csv_action
BootPass_106,135,18,18,Position_Unknown,Team_Unknown,Action_PreSnap,1844.85,256.35,1917.9,397.04,73.05000000000018,140.69,xml_geometry_csv_action
BootPass_106,135,2,2,Position_Unknown,Team_Unknown,Action_PreSnap,631.52,378.79,737.99,561.38,106.47000000000003,182.58999999999997,xml_geometry_csv_action
BootPass_106,135,3,3,Position_Unknown,Team_Unknown,Action_PreSnap,1168.05,292.24,1239.32,461.76,71.26999999999998,169.51999999999998,xml_geometry_csv_action
BootPass_106,135,4,4,Position_Unknown,Team_Unknown,Action_PreSnap,1727.2,239.78,1833.55,403.3,106.34999999999991,163.52,xml_geometry_csv_action
BootPass_106,135,5,5,Position_Unknown,Team_Unknown,Action_PreSnap,1146.38,239.63,1214.0,373.54,67.61999999999989,133.91000000000003,xml_geometry_csv_action
BootPass_106,135,6,6,Position_Unknown,Team_Unknown,Action_PreSnap,747.1,419.49,867.06,589.4,119.95999999999992,169.90999999999997,xml_geometry_csv_action
BootPass_106,135,7,7,Position_Unknown,Team_Unknown,Action_PreSnap,803.76,197.83,890.87,342.65,87.11000000000001,144.81999999999996,xml_geometry_csv_action
BootPass_106,136,0,0,Position_Unknown,Team_Unknown,Action_PreSnap,698.24,940.97,815.36,1076.54,117.12,135.56999999999994,xml_geometry_csv_action
BootPass_106,136,1,1,Position_Unknown,Team_Unknown,Action_PreSnap,892.3,139.79,962.54,309.29,70.24000000000001,169.50000000000003,xml_geometry_csv_action
BootPass_106,136,10,10,Position_Unknown,Team_Unknown,Action_PreSnap,582.89,775.11,704.47,956.87,121.58000000000004,181.76,xml_geometry_csv_action
BootPass_106,136,11,11,Position_Unknown,Team_Unknown,Action_PreSnap,1060.87,290.05,1140.92,445.29,80.05000000000018,155.24,xml_geometry_csv_action
BootPass_106,136,12,12,Position_Unknown,Team_Unknown,Action_PreSnap,760.95,387.15,868.02,518.16,107.06999999999994,131.01,xml_geometry_csv_action
BootPass_106,136,13,13,Position_Unknown,Team_Unknown,Action_PreSnap,921.06,289.59,1023.83,453.52,102.7700000000001,163.93,xml_geometry_csv_action
BootPass_106,136,14,14,Position_Unknown,Team_Unknown,Action_PreSnap,1797.88,282.7,1905.05,454.07,107.16999999999985,171.37,xml_geometry_csv_action
BootPass_106,136,16,16,Position_Unknown,Team_Unknown,Action_PreSnap,663.95,696.72,770.32,880.05,106.37,183.32999999999993,xml_geometry_csv_action
BootPass_106,136,17,17,Position_Unknown,Team_Unknown,Action_PreSnap,1212.27,688.69,1320.68,858.7,108.41000000000008,170.01,xml_geometry_csv_action
BootPass_106,136,18,18,Position_Unknown,Team_Unknown,Action_PreSnap,1866.74,252.27,1920.0,396.05,53.25999999999999,143.78,xml_geometry_csv_action
BootPass_106,136,2,2,Position_Unknown,Team_Unknown,Action_PreSnap,657.19,375.06,763.23,557.51,106.03999999999996,182.45,xml_geometry_csv_action
BootPass_106,136,3,3,Position_Unknown,Team_Unknown,Action_PreSnap,1185.41,290.26,1256.78,457.26,71.36999999999989,167.0,xml_geometry_csv_action
BootPass_106,136,4,4,Position_Unknown,Team_Unknown,Action_PreSnap,1753.25,234.12,1865.8,392.42,112.54999999999995,158.3,xml_geometry_csv_action
BootPass_106,136,5,5,Position_Unknown,Team_Unknown,Action_PreSnap,1164.56,234.96,1232.66,371.64,68.10000000000014,136.67999999999998,xml_geometry_csv_action
BootPass_106,136,6,6,Position_Unknown,Team_Unknown,Action_PreSnap,768.48,417.81,884.77,581.1,116.28999999999996,163.29000000000002,xml_geometry_csv_action
BootPass_106,136,7,7,Position_Unknown,Team_Unknown,Action_PreSnap,820.59,193.07,919.71,336.28,99.12,143.20999999999998,xml_geometry_csv_action
BootPass_106,137,0,0,Position_Unknown,Team_Unknown,Action_PreSnap,707.59,929.62,836.06,1076.95,128.4699999999999,147.33000000000004,xml_geometry_csv_action
BootPass_106,137,1,1,Position_Unknown,Team_Unknown,Action_PreSnap,913.41,140.7,983.87,302.92,70.46000000000004,162.22000000000003,xml_geometry_csv_action
BootPass_106,137,10,10,Position_Unknown,Team_Unknown,Action_PreSnap,591.79,769.18,712.17,945.15,120.38,175.97000000000003,xml_geometry_csv_action
BootPass_106,137,11,11,Position_Unknown,Team_Unknown,Action_PreSnap,1084.07,286.34,1163.72,443.19,79.65000000000009,156.85000000000002,xml_geometry_csv_action
BootPass_106,137,12,12,Position_Unknown,Team_Unknown,Action_PreSnap,783.51,386.57,894.7,519.24,111.19000000000005,132.67000000000002,xml_geometry_csv_action
BootPass_106,137,13,13,Position_Unknown,Team_Unknown,Action_PreSnap,943.96,288.37,1042.97,448.84,99.00999999999999,160.46999999999997,xml_geometry_csv_action
BootPass_106,137,14,14,Position_Unknown,Team_Unknown,Action_PreSnap,1810.23,279.47,1919.68,450.99,109.45000000000005,171.51999999999998,xml_geometry_csv_action
BootPass_106,137,16,16,Position_Unknown,Team_Unknown,Action_PreSnap,670.34,688.85,788.67,869.13,118.32999999999993,180.27999999999997,xml_geometry_csv_action
BootPass_106,137,17,17,Position_Unknown,Team_Unknown,Action_PreSnap,1227.88,684.95,1335.0,850.79,107.11999999999989,165.83999999999992,xml_geometry_csv_action
BootPass_106,137,18,18,Position_Unknown,Team_Unknown,Action_PreSnap,1884.11,246.17,1920.0,386.92,35.8900000000001,140.75000000000003,xml_geometry_csv_action
BootPass_106,137,2,2,Position_Unknown,Team_Unknown,Action_PreSnap,684.8,372.44,789.47,554.26,104.67000000000007,181.82,xml_geometry_csv_action
BootPass_106,137,3,3,Position_Unknown,Team_Unknown,Action_PreSnap,1198.19,287.23,1272.34,453.88,74.14999999999986,166.64999999999998,xml_geometry_csv_action
BootPass_106,137,4,4,Position_Unknown,Team_Unknown,Action_PreSnap,1776.22,228.36,1882.01,383.7,105.78999999999996,155.33999999999997,xml_geometry_csv_action
BootPass_106,137,5,5,Position_Unknown,Team_Unknown,Action_PreSnap,1183.08,230.38,1253.57,378.61,70.49000000000001,148.23000000000002,xml_geometry_csv_action
BootPass_106,137,6,6,Position_Unknown,Team_Unknown,Action_PreSnap,786.95,416.85,898.04,573.56,111.08999999999992,156.70999999999992,xml_geometry_csv_action
BootPass_106,137,7,7,Position_Unknown,Team_Unknown,Action_PreSnap,843.25,189.47,947.23,330.72,103.98000000000002,141.25000000000003,xml_geometry_csv_action
BootPass_106,138,0,0,Position_Unknown,Team_Unknown,Action_PreSnap,716.45,919.36,848.98,1077.69,132.52999999999997,158.33000000000004,xml_geometry_csv_action
BootPass_106,138,1,1,Position_Unknown,Team_Unknown,Action_PreSnap,936.22,142.63,1010.18,296.43,73.95999999999992,153.8,xml_geometry_csv_action
BootPass_106,138,10,10,Position_Unknown,Team_Unknown,Action_PreSnap,607.09,763.31,728.55,933.24,121.45999999999992,169.93000000000006,xml_geometry_csv_action
BootPass_106,138,11,11,Position_Unknown,Team_Unknown,Action_PreSnap,1103.31,283.97,1185.67,441.04,82.36000000000013,157.07,xml_geometry_csv_action
BootPass_106,138,12,12,Position_Unknown,Team_Unknown,Action_PreSnap,806.99,386.41,910.61,513.61,103.62,127.19999999999999,xml_geometry_csv_action
BootPass_106,138,13,13,Position_Unknown,Team_Unknown,Action_PreSnap,968.2,286.07,1061.22,444.65,93.01999999999998,158.57999999999998,xml_geometry_csv_action
BootPass_106,138,14,14,Position_Unknown,Team_Unknown,Action_PreSnap,1814.59,278.26,1920.0,451.17,105.41000000000008,172.91000000000003,xml_geometry_csv_action
BootPass_106,138,16,16,Position_Unknown,Team_Unknown,Action_PreSnap,676.75,681.85,804.76,856.74,128.01,174.89,xml_geometry_csv_action
BootPass_106,138,17,17,Position_Unknown,Team_Unknown,Action_PreSnap,1241.49,682.19,1339.68,844.3,98.19000000000005,162.1099999999999,xml_geometry_csv_action
BootPass_106,138,2,2,Position_Unknown,Team_Unknown,Action_PreSnap,712.95,372.05,817.72,549.61,104.76999999999998,177.56,xml_geometry_csv_action
BootPass_106,138,3,3,Position_Unknown,Team_Unknown,Action_PreSnap,1211.01,288.5,1290.87,451.33,79.8599999999999,162.82999999999998,xml_geometry_csv_action
BootPass_106,138,4,4,Position_Unknown,Team_Unknown,Action_PreSnap,1800.82,223.6,1906.51,375.32,105.69000000000005,151.72,xml_geometry_csv_action
BootPass_106,138,5,5,Position_Unknown,Team_Unknown,Action_PreSnap,1202.53,227.58,1271.53,382.63,69.0,155.04999999999998,xml_geometry_csv_action
BootPass_106,138,6,6,Position_Unknown,Team_Unknown,Action_PreSnap,813.17,416.66,911.33,568.06,98.16000000000008,151.39999999999992,xml_geometry_csv_action
BootPass_106,138,7,7,Position_Unknown,Team_Unknown,Action_PreSnap,868.52,187.52,973.49,324.98,104.97000000000003,137.46,xml_geometry_csv_action
BootPass_106,139,0,0,Position_Unknown,Team_Unknown,Action_PreSnap,717.78,909.52,865.22,1077.85,147.44000000000005,168.32999999999993,xml_geometry_csv_action
BootPass_106,139,1,1,Position_Unknown,Team_Unknown,Action_PreSnap,958.87,142.69,1042.63,296.91,83.7600000000001,154.22000000000003,xml_geometry_csv_action
BootPass_106,139,10,10,Position_Unknown,Team_Unknown,Action_PreSnap,624.55,754.79,750.99,922.77,126.44000000000005,167.98000000000002,xml_geometry_csv_action
BootPass_106,139,11,11,Position_Unknown,Team_Unknown,Action_PreSnap,1121.9,281.74,1210.15,437.77,88.25,156.02999999999997,xml_geometry_csv_action
BootPass_106,139,12,12,Position_Unknown,Team_Unknown,Action_PreSnap,830.9,385.04,929.72,514.63,98.82000000000005,129.58999999999997,xml_geometry_csv_action
BootPass_106,139,13,13,Position_Unknown,Team_Unknown,Action_PreSnap,992.16,285.18,1079.91,440.7,87.75000000000011,155.51999999999998,xml_geometry_csv_action
BootPass_106,139,14,14,Position_Unknown,Team_Unknown,Action_PreSnap,1829.57,276.83,1920.0,447.83,90.43000000000006,171.0,xml_geometry_csv_action
BootPass_106,139,16,16,Position_Unknown,Team_Unknown,Action_PreSnap,685.07,674.15,821.53,841.22,136.45999999999992,167.07000000000005,xml_geometry_csv_action
BootPass_106,139,17,17,Position_Unknown,Team_Unknown,Action_PreSnap,1253.49,678.51,1339.93,835.92,86.44000000000005,157.40999999999997,xml_geometry_csv_action
BootPass_106,139,2,2,Position_Unknown,Team_Unknown,Action_PreSnap,747.76,369.06,846.36,543.14,98.60000000000002,174.07999999999998,xml_geometry_csv_action
BootPass_106,139,3,3,Position_Unknown,Team_Unknown,Action_PreSnap,1227.45,290.27,1311.9,448.75,84.45000000000005,158.48000000000002,xml_geometry_csv_action
BootPass_106,139,4,4,Position_Unknown,Team_Unknown,Action_PreSnap,1826.25,219.96,1920.0,367.83,93.75,147.86999999999998,xml_geometry_csv_action
BootPass_106,139,5,5,Position_Unknown,Team_Unknown,Action_PreSnap,1223.4,225.52,1311.03,381.36,87.62999999999988,155.84,xml_geometry_csv_action
BootPass_106,139,6,6,Position_Unknown,Team_Unknown,Action_PreSnap,837.45,415.1,927.93,562.6,90.4799999999999,147.5,xml_geometry_csv_action
BootPass_106,139,7,7,Position_Unknown,Team_Unknown,Action_PreSnap,895.21,186.08,999.5,320.56,104.28999999999996,134.48,xml_geometry_csv_action
BootPass_106,140,0,0,Position_Unknown,Team_Unknown,Action_PreSnap,728.68,900.47,873.96,1078.23,145.2800000000001,177.76,xml_geometry_csv_action
BootPass_106,140,1,1,Position_Unknown,Team_Unknown,Action_PreSnap,983.68,141.68,1075.18,295.79,91.50000000000011,154.11,xml_geometry_csv_action
BootPass_106,140,10,10,Position_Unknown,Team_Unknown,Action_PreSnap,639.88,747.65,773.57,914.32,133.69000000000005,166.67000000000007,xml_geometry_csv_action
BootPass_106,140,11,11,Position_Unknown,Team_Unknown,Action_PreSnap,1145.54,281.0,1235.31,435.99,89.76999999999998,154.99,xml_geometry_csv_action
BootPass_106,140,12,12,Position_Unknown,Team_Unknown,Action_PreSnap,859.69,383.71,961.76,520.82,102.06999999999994,137.11000000000007,xml_geometry_csv_action
BootPass_106,140,13,13,Position_Unknown,Team_Unknown,Action_PreSnap,1020.17,283.42,1099.74,435.67,79.57000000000005,152.25,xml_geometry_csv_action
BootPass_106,140,14,14,Position_Unknown,Team_Unknown,Action_PreSnap,1846.28,271.14,1920.0,443.05,73.72000000000003,171.91000000000003,xml_geometry_csv_action
BootPass_106,140,16,16,Position_Unknown,Team_Unknown,Action_PreSnap,699.86,668.42,839.1,834.77,139.24,166.35000000000002,xml_geometry_csv_action
BootPass_106,140,17,17,Position_Unknown,Team_Unknown,Action_PreSnap,1266.66,673.82,1358.34,828.06,91.67999999999984,154.2399999999999,xml_geometry_csv_action
BootPass_106,140,2,2,Position_Unknown,Team_Unknown,Action_PreSnap,783.71,366.6,873.52,537.49,89.80999999999995,170.89,xml_geometry_csv_action
BootPass_106,140,3,3,Position_Unknown,Team_Unknown,Action_PreSnap,1247.94,292.23,1341.81,445.62,93.86999999999989,153.39,xml_geometry_csv_action
BootPass_106,140,4,4,Position_Unknown,Team_Unknown,Action_PreSnap,1847.9,206.5,1920.0,361.64,72.09999999999991,155.14,xml_geometry_csv_action
BootPass_106,140,5,5,Position_Unknown,Team_Unknown,Action_PreSnap,1243.78,223.75,1344.84,379.22,101.05999999999995,155.47000000000003,xml_geometry_csv_action
BootPass_106,140,6,6,Position_Unknown,Team_Unknown,Action_PreSnap,863.53,409.93,950.92,560.47,87.38999999999999,150.54000000000002,xml_geometry_csv_action
BootPass_106,140,7,7,Position_Unknown,Team_Unknown,Action_PreSnap,921.68,184.94,1024.23,317.7,102.55000000000007,132.76,xml_geometry_csv_action
BootPass_106,141,0,0,Position_Unknown,Team_Unknown,Action_PreSnap,747.26,890.91,880.89,1077.96,133.63,187.05000000000007,xml_geometry_csv_action
BootPass_106,141,1,1,Position_Unknown,Team_Unknown,Action_PreSnap,1009.78,139.77,1104.66,291.92,94.88000000000011,152.15,xml_geometry_csv_action
BootPass_106,141,10,10,Position_Unknown,Team_Unknown,Action_PreSnap,657.77,741.67,789.11,907.95,131.34000000000003,166.2800000000001,xml_geometry_csv_action
BootPass_106,141,11,11,Position_Unknown,Team_Unknown,Action_PreSnap,1171.1,280.72,1257.93,434.52,86.83000000000015,153.79999999999995,xml_geometry_csv_action
BootPass_106,141,12,12,Position_Unknown,Team_Unknown,Action_PreSnap,888.64,381.27,995.5,518.82,106.86000000000001,137.55000000000007,xml_geometry_csv_action
BootPass_106,141,13,13,Position_Unknown,Team_Unknown,Action_PreSnap,1049.24,280.04,1120.03,430.59,70.78999999999996,150.54999999999995,xml_geometry_csv_action
BootPass_106,141,14,14,Position_Unknown,Team_Unknown,Action_PreSnap,1864.92,254.78,1920.0,456.92,55.07999999999993,202.14000000000001,xml_geometry_csv_action
BootPass_106,141,16,16,Position_Unknown,Team_Unknown,Action_PreSnap,717.18,661.11,850.82,832.04,133.6400000000001,170.92999999999995,xml_geometry_csv_action
BootPass_106,141,17,17,Position_Unknown,Team_Unknown,Action_PreSnap,1281.26,667.82,1382.75,822.08,101.49000000000001,154.26,xml_geometry_csv_action
BootPass_106,141,19,19,Position_Unknown,Team_Unknown,Action_ThrowPass,5.77,982.2,109.46,1077.69,103.69,95.49000000000001,xml_geometry_csv_action
BootPass_106,141,2,2,Position_Unknown,Team_Unknown,Action_PreSnap,815.72,361.78,900.16,531.2,84.43999999999994,169.42000000000007,xml_geometry_csv_action
BootPass_106,141,3,3,Position_Unknown,Team_Unknown,Action_PreSnap,1271.21,292.28,1367.87,439.85,96.65999999999985,147.57000000000005,xml_geometry_csv_action
BootPass_106,141,5,5,Position_Unknown,Team_Unknown,Action_PreSnap,1267.16,222.73,1376.14,375.96,108.98000000000002,153.23,xml_geometry_csv_action
BootPass_106,141,6,6,Position_Unknown,Team_Unknown,Action_PreSnap,885.26,403.89,982.99,560.74,97.73000000000002,156.85000000000002,xml_geometry_csv_action
BootPass_106,141,7,7,Position_Unknown,Team_Unknown,Action_PreSnap,948.1,181.08,1045.04,313.49,96.93999999999994,132.41,xml_geometry_csv_action
BootPass_106,142,0,0,Position_Unknown,Team_Unknown,Action_PreSnap,767.06,880.62,891.32,1074.13,124.2600000000001,193.5100000000001,xml_geometry_csv_action
BootPass_106,142,1,1,Position_Unknown,Team_Unknown,Action_PreSnap,1036.32,135.69,1131.28,285.34,94.96000000000004,149.64999999999998,xml_geometry_csv_action
BootPass_106,142,10,10,Position_Unknown,Team_Unknown,Action_PreSnap,680.11,734.46,796.09,901.97,115.98000000000002,167.51,xml_geometry_csv_action
BootPass_106,142,11,11,Position_Unknown,Team_Unknown,Action_PreSnap,1202.24,278.76,1280.5,428.97,78.25999999999999,150.21000000000004,xml_geometry_csv_action
BootPass_106,142,12,12,Position_Unknown,Team_Unknown,Action_PreSnap,917.96,377.55,1031.64,513.14,113.68000000000006,135.58999999999997,xml_geometry_csv_action
BootPass_106,142,13,13,Position_Unknown,Team_Unknown,Action_PreSnap,1076.35,274.81,1145.96,425.0,69.61000000000013,150.19,xml_geometry_csv_action
BootPass_106,142,14,14,Position_Unknown,Team_Unknown,Action_PreSnap,1884.84,249.75,1920.0,438.11,35.16000000000008,188.36,xml_geometry_csv_action
BootPass_106,142,16,16,Position_Unknown,Team_Unknown,Action_PreSnap,738.45,653.31,855.23,833.2,116.77999999999997,179.8900000000001,xml_geometry_csv_action
BootPass_106,142,17,17,Position_Unknown,Team_Unknown,Action_PreSnap,1292.2,661.54,1404.96,818.64,112.75999999999999,157.10000000000002,xml_geometry_csv_action
BootPass_106,142,19,19,Position_Unknown,Team_Unknown,Action_None,18.78,969.02,145.57,1076.58,126.78999999999999,107.55999999999995,xml_geometry_csv_action
BootPass_106,142,2,2,Position_Unknown,Team_Unknown,Action_PreSnap,845.73,356.07,925.46,523.44,79.73000000000002,167.37000000000006,xml_geometry_csv_action
BootPass_106,142,3,3,Position_Unknown,Team_Unknown,Action_PreSnap,1296.4,294.87,1396.39,435.69,99.99000000000001,140.82,xml_geometry_csv_action
BootPass_106,142,5,5,Position_Unknown,Team_Unknown,Action_PreSnap,1294.56,219.89,1400.85,370.45,106.28999999999996,150.56,xml_geometry_csv_action
BootPass_106,142,6,6,Position_Unknown,Team_Unknown,Action_PreSnap,909.06,399.12,1009.24,556.21,100.18000000000006,157.09000000000003,xml_geometry_csv_action
BootPass_106,142,7,7,Position_Unknown,Team_Unknown,Action_PreSnap,973.52,173.55,1061.49,307.38,87.97000000000003,133.82999999999998,xml_geometry_csv_action
BootPass_106,143,0,0,Position_Unknown,Team_Unknown,Action_PreSnap,785.46,869.12,895.51,1061.24,110.04999999999995,192.12,xml_geometry_csv_action
BootPass_106,143,1,1,Position_Unknown,Team_Unknown,Action_PreSnap,1064.77,130.82,1155.15,275.76,90.38000000000011,144.94,xml_geometry_csv_action
BootPass_106,143,10,10,Position_Unknown,Team_Unknown,Action_PreSnap,699.41,727.89,806.72,888.09,107.31000000000006,160.20000000000005,xml_geometry_csv_action
BootPass_106,143,11,11,Position_Unknown,Team_Unknown,Action_PreSnap,1233.24,275.81,1303.85,422.58,70.6099999999999,146.76999999999998,xml_geometry_csv_action
BootPass_106,143,12,12,Position_Unknown,Team_Unknown,Action_PreSnap,949.77,373.16,1066.64,504.93,116.87000000000012,131.76999999999998,xml_geometry_csv_action
BootPass_106,143,13,13,Position_Unknown,Team_Unknown,Action_PreSnap,1103.92,268.68,1178.04,417.55,74.11999999999989,148.87,xml_geometry_csv_action
BootPass_106,143,16,16,Position_Unknown,Team_Unknown,Action_PreSnap,757.04,647.54,858.74,823.06,101.70000000000005,175.51999999999998,xml_geometry_csv_action
BootPass_106,143,17,17,Position_Unknown,Team_Unknown,Action_PreSnap,1301.96,654.25,1427.63,809.83,125.67000000000007,155.58000000000004,xml_geometry_csv_action
BootPass_106,143,19,19,Position_Unknown,Team_Unknown,Action_None,43.58,945.59,166.11,1076.48,122.53000000000002,130.89,xml_geometry_csv_action
BootPass_106,143,2,2,Position_Unknown,Team_Unknown,Action_PreSnap,878.53,349.0,953.99,514.52,75.46000000000004,165.51999999999998,xml_geometry_csv_action
BootPass_106,143,3,3,Position_Unknown,Team_Unknown,Action_PreSnap,1324.42,292.25,1422.78,430.41,98.3599999999999,138.16000000000003,xml_geometry_csv_action
BootPass_106,143,5,5,Position_Unknown,Team_Unknown,Action_PreSnap,1322.02,217.08,1423.63,362.23,101.61000000000013,145.15,xml_geometry_csv_action
BootPass_106,143,6,6,Position_Unknown,Team_Unknown,Action_PreSnap,936.29,398.51,1033.92,549.85,97.63000000000011,151.34000000000003,xml_geometry_csv_action
BootPass_106,143,7,7,Position_Unknown,Team_Unknown,Action_PreSnap,1001.96,167.14,1083.15,302.08,81.19000000000005,134.94,xml_geometry_csv_action
BootPass_106,144,0,0,Position_Unknown,Team_Unknown,Action_PreSnap,805.38,856.95,916.64,1047.48,111.25999999999999,190.52999999999997,xml_geometry_csv_action
BootPass_106,144,1,1,Position_Unknown,Team_Unknown,Action_PreSnap,1094.7,125.92,1180.24,265.93,85.53999999999996,140.01,xml_geometry_csv_action
BootPass_106,144,10,10,Position_Unknown,Team_Unknown,Action_PreSnap,717.67,721.79,817.35,876.64,99.68000000000006,154.85000000000002,xml_geometry_csv_action
BootPass_106,144,11,11,Position_Unknown,Team_Unknown,Action_PreSnap,1265.06,272.59,1331.2,416.72,66.1400000000001,144.13000000000005,xml_geometry_csv_action
BootPass_106,144,12,12,Position_Unknown,Team_Unknown,Action_PreSnap,978.02,369.31,1099.63,496.34,121.61000000000013,127.02999999999997,xml_geometry_csv_action
BootPass_106,144,13,13,Position_Unknown,Team_Unknown,Action_PreSnap,1134.7,262.06,1214.04,410.67,79.33999999999992,148.61,xml_geometry_csv_action
BootPass_106,144,16,16,Position_Unknown,Team_Unknown,Action_PreSnap,773.69,641.88,868.59,814.31,94.89999999999998,172.42999999999995,xml_geometry_csv_action
BootPass_106,144,17,17,Position_Unknown,Team_Unknown,Action_PreSnap,1316.43,649.23,1449.26,804.19,132.82999999999993,154.96000000000004,xml_geometry_csv_action
BootPass_106,144,19,19,Position_Unknown,Team_Unknown,Action_None,72.31,929.83,199.19,1076.85,126.88,147.01999999999987,xml_geometry_csv_action
BootPass_106,144,2,2,Position_Unknown,Team_Unknown,Action_PreSnap,909.99,340.59,987.61,506.44,77.62,165.85000000000002,xml_geometry_csv_action
BootPass_106,144,3,3,Position_Unknown,Team_Unknown,Action_PreSnap,1353.02,289.53,1449.28,423.56,96.25999999999999,134.03000000000003,xml_geometry_csv_action
BootPass_106,144,5,5,Position_Unknown,Team_Unknown,Action_PreSnap,1348.94,213.75,1446.26,358.18,97.31999999999994,144.43,xml_geometry_csv_action
BootPass_106,144,6,6,Position_Unknown,Team_Unknown,Action_PreSnap,969.62,391.53,1056.33,543.77,86.70999999999992,152.24,xml_geometry_csv_action
BootPass_106,144,7,7,Position_Unknown,Team_Unknown,Action_PreSnap,1033.85,159.12,1109.97,293.18,76.12000000000012,134.06,xml_geometry_csv_action
BootPass_106,145,0,0,Position_Unknown,Team_Unknown,Action_PreSnap,820.98,843.28,937.8,1030.9,116.81999999999994,187.62000000000012,xml_geometry_csv_action
BootPass_106,145,1,1,Position_Unknown,Team_Unknown,Action_PreSnap,1122.66,121.03,1202.41,257.21,79.75,136.17999999999998,xml_geometry_csv_action
BootPass_106,145,10,10,Position_Unknown,Team_Unknown,Action_PreSnap,735.84,712.63,842.75,867.2,106.90999999999997,154.57000000000005,xml_geometry_csv_action
BootPass_106,145,11,11,Position_Unknown,Team_Unknown,Action_PreSnap,1294.38,268.74,1359.77,410.57,65.38999999999987,141.82999999999998,xml_geometry_csv_action
BootPass_106,145,12,12,Position_Unknown,Team_Unknown,Action_PreSnap,1005.66,364.7,1129.58,488.57,123.91999999999996,123.87,xml_geometry_csv_action
BootPass_106,145,13,13,Position_Unknown,Team_Unknown,Action_PreSnap,1161.83,255.13,1247.66,403.25,85.83000000000015,148.12,xml_geometry_csv_action
BootPass_106,145,16,16,Position_Unknown,Team_Unknown,Action_PreSnap,789.88,632.88,895.01,803.41,105.13,170.52999999999997,xml_geometry_csv_action
BootPass_106,145,17,17,Position_Unknown,Team_Unknown,Action_PreSnap,1334.63,641.4,1466.15,806.91,131.51999999999998,165.51,xml_geometry_csv_action
BootPass_106,145,19,19,Position_Unknown,Team_Unknown,Action_None,101.01,913.0,239.76,1076.93,138.75,163.93000000000006,xml_geometry_csv_action
BootPass_106,145,2,2,Position_Unknown,Team_Unknown,Action_PreSnap,939.79,334.35,1020.47,497.32,80.68000000000006,162.96999999999997,xml_geometry_csv_action
BootPass_106,145,3,3,Position_Unknown,Team_Unknown,Action_PreSnap,1383.26,287.25,1470.8,418.01,87.53999999999996,130.76,xml_geometry_csv_action
BootPass_106,145,5,5,Position_Unknown,Team_Unknown,Action_PreSnap,1374.34,208.28,1463.64,353.52,89.30000000000018,145.23999999999998,xml_geometry_csv_action
BootPass_106,145,6,6,Position_Unknown,Team_Unknown,Action_PreSnap,1003.0,390.52,1076.3,535.96,73.29999999999995,145.44000000000005,xml_geometry_csv_action
BootPass_106,145,7,7,Position_Unknown,Team_Unknown,Action_PreSnap,1062.58,152.5,1141.47,287.39,78.8900000000001,134.89,xml_geometry_csv_action
BootPass_106,146,0,0,Position_Unknown,Team_Unknown,Action_PreSnap,837.16,831.37,967.41,1012.76,130.25,181.39,xml_geometry_csv_action
BootPass_106,146,1,1,Position_Unknown,Team_Unknown,Action_PreSnap,1152.65,114.88,1231.43,250.35,78.77999999999997,135.47,xml_geometry_csv_action
BootPass_106,146,10,10,Position_Unknown,Team_Unknown,Action_PreSnap,758.67,705.37,877.24,861.24,118.57000000000005,155.87,xml_geometry_csv_action
BootPass_106,146,11,11,Position_Unknown,Team_Unknown,Action_PreSnap,1324.42,263.77,1389.28,402.98,64.8599999999999,139.21000000000004,xml_geometry_csv_action
BootPass_106,146,12,12,Position_Unknown,Team_Unknown,Action_PreSnap,1039.71,361.01,1160.1,486.96,120.38999999999987,125.94999999999999,xml_geometry_csv_action
BootPass_106,146,13,13,Position_Unknown,Team_Unknown,Action_PreSnap,1190.57,250.08,1284.82,396.19,94.25,146.10999999999999,xml_geometry_csv_action
BootPass_106,146,16,16,Position_Unknown,Team_Unknown,Action_PreSnap,810.33,625.85,924.19,791.47,113.86000000000001,165.62,xml_geometry_csv_action
BootPass_106,146,17,17,Position_Unknown,Team_Unknown,Action_PreSnap,1365.25,636.91,1476.89,800.02,111.6400000000001,163.11,xml_geometry_csv_action
BootPass_106,146,19,19,Position_Unknown,Team_Unknown,Action_None,129.83,896.59,276.58,1075.49,146.74999999999997,178.89999999999998,xml_geometry_csv_action
BootPass_106,146,2,2,Position_Unknown,Team_Unknown,Action_PreSnap,972.64,328.58,1054.72,490.41,82.08000000000004,161.83000000000004,xml_geometry_csv_action
BootPass_106,146,3,3,Position_Unknown,Team_Unknown,Action_PreSnap,1415.25,284.73,1489.62,411.74,74.36999999999989,127.00999999999999,xml_geometry_csv_action
BootPass_106,146,5,5,Position_Unknown,Team_Unknown,Action_PreSnap,1402.1,202.95,1480.31,342.9,78.21000000000004,139.95,xml_geometry_csv_action
BootPass_106,146,6,6,Position_Unknown,Team_Unknown,Action_PreSnap,1036.72,387.53,1106.18,528.49,69.46000000000004,140.96000000000004,xml_geometry_csv_action
BootPass_106,146,7,7,Position_Unknown,Team_Unknown,Action_PreSnap,1092.49,145.58,1179.91,285.1,87.42000000000007,139.52,xml_geometry_csv_action
BootPass_106,147,0,0,Position_Unknown,Team_Unknown,Action_PreSnap,855.27,819.25,991.57,994.58,136.30000000000007,175.33000000000004,xml_geometry_csv_action
BootPass_106,147,1,1,Position_Unknown,Team_Unknown,Action_PreSnap,1183.32,109.78,1265.05,245.51,81.73000000000002,135.73,xml_geometry_csv_action
BootPass_106,147,10,10,Position_Unknown,Team_Unknown,Action_PreSnap,783.05,699.2,910.25,853.42,127.20000000000005,154.2199999999999,xml_geometry_csv_action
BootPass_106,147,11,11,Position_Unknown,Team_Unknown,Action_PreSnap,1357.13,260.0,1420.76,396.69,63.62999999999988,136.69,xml_geometry_csv_action
BootPass_106,147,12,12,Position_Unknown,Team_Unknown,Action_PreSnap,1076.32,357.7,1187.82,487.36,111.5,129.66000000000003,xml_geometry_csv_action
BootPass_106,147,13,13,Position_Unknown,Team_Unknown,Action_PreSnap,1222.67,246.1,1319.19,390.83,96.51999999999998,144.73,xml_geometry_csv_action
BootPass_106,147,16,16,Position_Unknown,Team_Unknown,Action_PreSnap,831.35,619.41,952.64,773.81,121.28999999999996,154.39999999999998,xml_geometry_csv_action
BootPass_106,147,17,17,Position_Unknown,Team_Unknown,Action_PreSnap,1391.78,632.8,1484.62,787.09,92.83999999999992,154.29000000000008,xml_geometry_csv_action
BootPass_106,147,19,19,Position_Unknown,Team_Unknown,Action_None,163.42,879.22,306.82,1062.83,143.4,183.6099999999999,xml_geometry_csv_action
BootPass_106,147,2,2,Position_Unknown,Team_Unknown,Action_PreSnap,1002.71,323.62,1086.98,484.52,84.26999999999998,160.89999999999998,xml_geometry_csv_action
BootPass_106,147,3,3,Position_Unknown,Team_Unknown,Action_PreSnap,1449.26,285.52,1509.61,406.7,60.34999999999991,121.18,xml_geometry_csv_action
BootPass_106,147,5,5,Position_Unknown,Team_Unknown,Action_PreSnap,1432.37,198.45,1505.11,336.59,72.74000000000001,138.14,xml_geometry_csv_action
BootPass_106,147,6,6,Position_Unknown,Team_Unknown,Action_PreSnap,1065.13,372.67,1131.85,521.1,66.7199999999998,148.43,xml_geometry_csv_action
BootPass_106,147,7,7,Position_Unknown,Team_Unknown,Action_PreSnap,1126.62,141.19,1218.53,280.28,91.91000000000008,139.08999999999997,xml_geometry_csv_action
BootPass_106,148,0,0,Position_Unknown,Team_Unknown,Action_PreSnap,876.63,805.49,1011.08,977.95,134.45000000000005,172.46000000000004,xml_geometry_csv_action
BootPass_106,148,1,1,Position_Unknown,Team_Unknown,Action_PreSnap,1215.37,102.6,1302.33,238.76,86.96000000000004,136.16,xml_geometry_csv_action
BootPass_106,148,10,10,Position_Unknown,Team_Unknown,Action_PreSnap,809.06,690.18,934.98,846.08,125.92000000000007,155.9000000000001,xml_geometry_csv_action
BootPass_106,148,11,11,Position_Unknown,Team_Unknown,Action_PreSnap,1387.29,253.41,1455.19,391.93,67.90000000000009,138.52,xml_geometry_csv_action
BootPass_106,148,12,12,Position_Unknown,Team_Unknown,Action_PreSnap,1117.07,351.08,1218.48,480.37,101.41000000000008,129.29000000000002,xml_geometry_csv_action
BootPass_106,148,13,13,Position_Unknown,Team_Unknown,Action_PreSnap,1256.0,240.47,1352.84,384.47,96.83999999999992,144.00000000000003,xml_geometry_csv_action
BootPass_106,148,16,16,Position_Unknown,Team_Unknown,Action_PreSnap,852.74,611.36,975.59,751.32,122.85000000000002,139.96000000000004,xml_geometry_csv_action
BootPass_106,148,17,17,Position_Unknown,Team_Unknown,Action_PreSnap,1413.57,623.94,1499.3,778.33,85.73000000000002,154.39,xml_geometry_csv_action
BootPass_106,148,19,19,Position_Unknown,Team_Unknown,Action_None,195.24,862.97,330.08,1054.94,134.83999999999997,191.97000000000003,xml_geometry_csv_action
BootPass_106,148,2,2,Position_Unknown,Team_Unknown,Action_PreSnap,1030.3,318.44,1119.07,477.5,88.76999999999998,159.06,xml_geometry_csv_action
BootPass_106,148,3,3,Position_Unknown,Team_Unknown,Action_PreSnap,1482.64,280.63,1539.42,398.3,56.77999999999997,117.67000000000002,xml_geometry_csv_action
BootPass_106,148,5,5,Position_Unknown,Team_Unknown,Action_PreSnap,1463.01,191.65,1536.19,333.17,73.18000000000006,141.52,xml_geometry_csv_action
BootPass_106,148,6,6,Position_Unknown,Team_Unknown,Action_PreSnap,1093.34,371.23,1159.14,511.46,65.80000000000018,140.22999999999996,xml_geometry_csv_action
BootPass_106,148,7,7,Position_Unknown,Team_Unknown,Action_PreSnap,1161.52,135.07,1258.05,273.26,96.52999999999997,138.19,xml_geometry_csv_action
BootPass_106,149,0,0,Position_Unknown,Team_Unknown,Action_PreSnap,901.13,793.14,1018.56,966.19,117.42999999999995,173.05000000000007,xml_geometry_csv_action
BootPass_106,149,1,1,Position_Unknown,Team_Unknown,Action_PreSnap,1244.25,96.82,1334.68,230.77,90.43000000000006,133.95000000000002,xml_geometry_csv_action
BootPass_106,149,10,10,Position_Unknown,Team_Unknown,Action_PreSnap,832.67,681.38,944.89,835.54,112.22000000000003,154.15999999999997,xml_geometry_csv_action
BootPass_106,149,11,11,Position_Unknown,Team_Unknown,Action_PreSnap,1413.99,247.85,1487.03,388.52,73.03999999999996,140.67,xml_geometry_csv_action
BootPass_106,149,12,12,Position_Unknown,Team_Unknown,Action_PreSnap,1149.36,345.35,1247.33,473.39,97.97000000000003,128.03999999999996,xml_geometry_csv_action
BootPass_106,149,13,13,Position_Unknown,Team_Unknown,Action_PreSnap,1288.2,236.18,1379.72,377.08,91.51999999999998,140.89999999999998,xml_geometry_csv_action
BootPass_106,149,16,16,Position_Unknown,Team_Unknown,Action_PreSnap,873.62,602.63,989.85,738.54,116.23000000000002,135.90999999999997,xml_geometry_csv_action
BootPass_106,149,17,17,Position_Unknown,Team_Unknown,Action_PreSnap,1429.09,615.38,1519.82,759.43,90.73000000000002,144.04999999999995,xml_geometry_csv_action
BootPass_106,149,19,19,Position_Unknown,Team_Unknown,Action_None,230.69,845.81,351.73,1031.49,121.04000000000002,185.68000000000006,xml_geometry_csv_action
BootPass_106,149,2,2,Position_Unknown,Team_Unknown,Action_PreSnap,1056.42,314.97,1147.51,469.31,91.08999999999992,154.33999999999997,xml_geometry_csv_action
BootPass_106,149,3,3,Position_Unknown,Team_Unknown,Action_PreSnap,1509.28,273.05,1567.35,391.36,58.069999999999936,118.31,xml_geometry_csv_action
BootPass_106,149,5,5,Position_Unknown,Team_Unknown,Action_PreSnap,1493.5,187.59,1565.03,329.98,71.52999999999997,142.39000000000001,xml_geometry_csv_action
BootPass_106,149,6,6,Position_Unknown,Team_Unknown,Action_PreSnap,1121.82,366.4,1192.01,503.73,70.19000000000005,137.33000000000004,xml_geometry_csv_action
BootPass_106,149,7,7,Position_Unknown,Team_Unknown,Action_PreSnap,1193.78,130.02,1291.86,268.22,98.07999999999993,138.20000000000002,xml_geometry_csv_action
BootPass_106,150,0,0,Position_Unknown,Team_Unknown,Action_PreSnap,921.77,783.58,1023.67,954.82,101.89999999999998,171.24,xml_geometry_csv_action
BootPass_106,150,1,1,Position_Unknown,Team_Unknown,Action_PreSnap,1273.24,92.03,1366.12,221.08,92.87999999999988,129.05,xml_geometry_csv_action
BootPass_106,150,10,10,Position_Unknown,Team_Unknown,Action_PreSnap,854.36,673.41,953.1,824.05,98.74000000000001,150.64,xml_geometry_csv_action
BootPass_106,150,11,11,Position_Unknown,Team_Unknown,Action_PreSnap,1441.09,243.73,1520.26,385.33,79.17000000000007,141.6,xml_geometry_csv_action
BootPass_106,150,12,12,Position_Unknown,Team_Unknown,Action_PreSnap,1178.41,338.78,1277.47,472.64,99.05999999999995,133.86,xml_geometry_csv_action
BootPass_106,150,13,13,Position_Unknown,Team_Unknown,Action_PreSnap,1320.13,232.06,1405.38,370.78,85.25,138.71999999999997,xml_geometry_csv_action
BootPass_106,150,16,16,Position_Unknown,Team_Unknown,Action_PreSnap,898.17,595.11,997.74,747.34,99.57000000000005,152.23000000000002,xml_geometry_csv_action
BootPass_106,150,17,17,Position_Unknown,Team_Unknown,Action_PreSnap,1448.25,606.68,1547.51,748.19,99.25999999999999,141.5100000000001,xml_geometry_csv_action
BootPass_106,150,19,19,Position_Unknown,Team_Unknown,Action_None,262.07,831.48,378.66,1013.03,116.59000000000003,181.54999999999995,xml_geometry_csv_action
BootPass_106,150,2,2,Position_Unknown,Team_Unknown,Action_PreSnap,1082.81,312.1,1178.19,462.58,95.38000000000011,150.47999999999996,xml_geometry_csv_action
BootPass_106,150,3,3,Position_Unknown,Team_Unknown,Action_PreSnap,1534.53,269.5,1597.57,383.04,63.039999999999964,113.54000000000002,xml_geometry_csv_action
BootPass_106,150,5,5,Position_Unknown,Team_Unknown,Action_PreSnap,1525.01,183.5,1596.03,322.28,71.01999999999998,138.77999999999997,xml_geometry_csv_action
BootPass_106,150,6,6,Position_Unknown,Team_Unknown,Action_PreSnap,1144.09,360.5,1222.63,499.75,78.54000000000019,139.25,xml_geometry_csv_action
BootPass_106,150,7,7,Position_Unknown,Team_Unknown,Action_PreSnap,1227.61,126.19,1323.1,262.92,95.49000000000001,136.73000000000002,xml_geometry_csv_action
BootPass_106,151,0,0,Position_Unknown,Team_Unknown,Action_PreSnap,939.26,774.17,1036.41,941.52,97.15000000000009,167.35000000000002,xml_geometry_csv_action
BootPass_106,151,1,1,Position_Unknown,Team_Unknown,Action_PreSnap,1301.74,88.78,1395.59,212.38,93.84999999999991,123.6,xml_geometry_csv_action
BootPass_106,151,10,10,Position_Unknown,Team_Unknown,Action_PreSnap,873.7,665.09,966.48,811.16,92.77999999999997,146.06999999999994,xml_geometry_csv_action
BootPass_106,151,11,11,Position_Unknown,Team_Unknown,Action_PreSnap,1467.08,240.85,1550.77,382.57,83.69000000000005,141.72,xml_geometry_csv_action
BootPass_106,151,12,12,Position_Unknown,Team_Unknown,Action_PreSnap,1212.02,334.78,1306.66,473.19,94.6400000000001,138.41000000000003,xml_geometry_csv_action
BootPass_106,151,13,13,Position_Unknown,Team_Unknown,Action_PreSnap,1349.37,228.97,1429.46,365.12,80.09000000000015,136.15,xml_geometry_csv_action
BootPass_106,151,16,16,Position_Unknown,Team_Unknown,Action_PreSnap,920.41,591.3,1000.49,750.2,80.08000000000004,158.9000000000001,xml_geometry_csv_action
BootPass_106,151,17,17,Position_Unknown,Team_Unknown,Action_PreSnap,1462.41,598.45,1572.11,738.96,109.69999999999982,140.51,xml_geometry_csv_action
BootPass_106,151,19,19,Position_Unknown,Team_Unknown,Action_None,292.58,816.21,412.15,995.45,119.57,179.24,xml_geometry_csv_action
BootPass_106,151,2,2,Position_Unknown,Team_Unknown,Action_PreSnap,1109.16,310.43,1206.65,457.65,97.49000000000001,147.21999999999997,xml_geometry_csv_action
BootPass_106,151,21,20,Position_Unknown,Team_Unknown,Action_PreSnap,7.5,919.05,122.94,1077.23,115.44,158.18000000000006,xml_geometry_csv_action
BootPass_106,151,3,3,Position_Unknown,Team_Unknown,Action_PreSnap,1558.98,265.7,1629.73,376.81,70.75,111.11000000000001,xml_geometry_csv_action
BootPass_106,151,5,5,Position_Unknown,Team_Unknown,Action_PreSnap,1552.71,180.51,1628.06,317.52,75.34999999999991,137.01,xml_geometry_csv_action
BootPass_106,151,6,6,Position_Unknown,Team_Unknown,Action_PreSnap,1166.9,357.15,1252.89,497.84,85.99000000000001,140.69,xml_geometry_csv_action
BootPass_106,151,7,7,Position_Unknown,Team_Unknown,Action_PreSnap,1262.18,123.86,1349.78,258.07,87.59999999999991,134.20999999999998,xml_geometry_csv_action
BootPass_106,152,0,0,Position_Unknown,Team_Unknown,Action_PreSnap,953.92,762.81,1058.12,929.42,104.19999999999993,166.61,xml_geometry_csv_action
BootPass_106,152,1,1,Position_Unknown,Team_Unknown,Action_PreSnap,1328.7,86.73,1419.25,204.63,90.54999999999995,117.89999999999999,xml_geometry_csv_action
BootPass_106,152,10,10,Position_Unknown,Team_Unknown,Action_PreSnap,893.38,657.68,985.54,794.18,92.15999999999997,136.5,xml_geometry_csv_action
BootPass_106,152,11,11,Position_Unknown,Team_Unknown,Action_PreSnap,1494.71,238.67,1578.67,380.11,83.96000000000004,141.44000000000003,xml_geometry_csv_action
BootPass_106,152,12,12,Position_Unknown,Team_Unknown,Action_PreSnap,1245.42,332.19,1334.14,467.3,88.72000000000003,135.11,xml_geometry_csv_action
BootPass_106,152,13,13,Position_Unknown,Team_Unknown,Action_PreSnap,1374.3,225.6,1451.66,359.73,77.36000000000013,134.13000000000002,xml_geometry_csv_action
BootPass_106,152,16,16,Position_Unknown,Team_Unknown,Action_PreSnap,934.88,587.11,1016.16,746.58,81.27999999999997,159.47000000000003,xml_geometry_csv_action
BootPass_106,152,17,17,Position_Unknown,Team_Unknown,Action_PreSnap,1473.95,589.63,1596.72,732.82,122.76999999999998,143.19000000000005,xml_geometry_csv_action
BootPass_106,152,19,19,Position_Unknown,Team_Unknown,Action_None,319.4,801.42,444.31,975.52,124.91000000000003,174.10000000000002,xml_geometry_csv_action
BootPass_106,152,2,2,Position_Unknown,Team_Unknown,Action_PreSnap,1135.54,307.92,1235.7,452.2,100.16000000000008,144.27999999999997,xml_geometry_csv_action
BootPass_106,152,21,20,Position_Unknown,Team_Unknown,Action_PreSnap,22.92,908.99,146.4,1076.49,123.48,167.5,xml_geometry_csv_action
BootPass_106,152,3,3,Position_Unknown,Team_Unknown,Action_PreSnap,1581.06,260.87,1660.57,372.33,79.50999999999999,111.45999999999998,xml_geometry_csv_action
BootPass_106,152,5,5,Position_Unknown,Team_Unknown,Action_PreSnap,1580.36,177.5,1656.37,307.91,76.00999999999999,130.41000000000003,xml_geometry_csv_action
BootPass_106,152,6,6,Position_Unknown,Team_Unknown,Action_PreSnap,1188.92,354.72,1293.74,496.58,104.81999999999994,141.85999999999996,xml_geometry_csv_action
BootPass_106,152,7,7,Position_Unknown,Team_Unknown,Action_PreSnap,1293.73,123.92,1373.28,253.12,79.54999999999995,129.2,xml_geometry_csv_action
BootPass_106,153,0,0,Position_Unknown,Team_Unknown,Action_PreSnap,966.27,750.35,1079.83,916.75,113.55999999999995,166.39999999999998,xml_geometry_csv_action
BootPass_106,153,1,1,Position_Unknown,Team_Unknown,Action_PreSnap,1355.04,82.63,1439.59,198.2,84.54999999999995,115.57,xml_geometry_csv_action
BootPass_106,153,10,10,Position_Unknown,Team_Unknown,Action_PreSnap,913.86,648.63,1016.9,787.44,103.03999999999996,138.81000000000006,xml_geometry_csv_action
BootPass_106,153,11,11,Position_Unknown,Team_Unknown,Action_PreSnap,1523.36,236.63,1603.03,375.52,79.67000000000007,138.89,xml_geometry_csv_action
BootPass_106,153,12,12,Position_Unknown,Team_Unknown,Action_PreSnap,1275.43,327.24,1361.51,463.95,86.07999999999993,136.70999999999998,xml_geometry_csv_action
BootPass_106,153,13,13,Position_Unknown,Team_Unknown,Action_PreSnap,1400.09,220.89,1475.05,352.53,74.96000000000004,131.64,xml_geometry_csv_action
BootPass_106,153,16,16,Position_Unknown,Team_Unknown,Action_PreSnap,952.46,579.21,1042.0,737.71,89.53999999999996,158.5,xml_geometry_csv_action
BootPass_106,153,17,17,Position_Unknown,Team_Unknown,Action_PreSnap,1488.69,581.88,1615.32,727.36,126.62999999999988,145.48000000000002,xml_geometry_csv_action
BootPass_106,153,19,19,Position_Unknown,Team_Unknown,Action_None,340.07,785.96,469.25,947.02,129.18,161.05999999999995,xml_geometry_csv_action
BootPass_106,153,2,2,Position_Unknown,Team_Unknown,Action_PreSnap,1161.19,303.24,1259.29,446.31,98.09999999999991,143.07,xml_geometry_csv_action
BootPass_106,153,21,20,Position_Unknown,Team_Unknown,Action_PreSnap,65.58,902.95,171.83,1076.83,106.25000000000001,173.87999999999988,xml_geometry_csv_action
BootPass_106,153,3,3,Position_Unknown,Team_Unknown,Action_PreSnap,1604.5,255.03,1688.68,368.31,84.18000000000006,113.28,xml_geometry_csv_action
BootPass_106,153,5,5,Position_Unknown,Team_Unknown,Action_PreSnap,1606.92,173.86,1682.35,297.71,75.42999999999984,123.84999999999997,xml_geometry_csv_action
BootPass_106,153,6,6,Position_Unknown,Team_Unknown,Action_PreSnap,1209.33,348.14,1316.51,492.63,107.18000000000006,144.49,xml_geometry_csv_action
BootPass_106,153,7,7,Position_Unknown,Team_Unknown,Action_PreSnap,1321.96,121.27,1393.64,248.02,71.68000000000006,126.75000000000001,xml_geometry_csv_action
BootPass_106,154,0,0,Position_Unknown,Team_Unknown,Action_PreSnap,978.02,737.03,1089.47,903.66,111.45000000000005,166.63,xml_geometry_csv_action
BootPass_106,154,1,1,Position_Unknown,Team_Unknown,Action_PreSnap,1382.29,77.1,1460.54,192.16,78.25,115.06,xml_geometry_csv_action
BootPass_106,154,10,10,Position_Unknown,Team_Unknown,Action_PreSnap,928.31,640.22,1045.0,784.31,116.69000000000005,144.08999999999992,xml_geometry_csv_action
BootPass_106,154,11,11,Position_Unknown,Team_Unknown,Action_PreSnap,1553.33,232.14,1629.49,368.8,76.16000000000008,136.66000000000003,xml_geometry_csv_action
BootPass_106,154,12,12,Position_Unknown,Team_Unknown,Action_PreSnap,1307.75,324.17,1390.42,459.86,82.67000000000007,135.69,xml_geometry_csv_action
BootPass_106,154,13,13,Position_Unknown,Team_Unknown,Action_PreSnap,1428.86,214.67,1503.12,344.32,74.25999999999999,129.65,xml_geometry_csv_action
BootPass_106,154,16,16,Position_Unknown,Team_Unknown,Action_PreSnap,968.67,569.64,1069.5,725.95,100.83000000000004,156.31000000000006,xml_geometry_csv_action
BootPass_106,154,17,17,Position_Unknown,Team_Unknown,Action_PreSnap,1510.65,576.99,1629.29,723.17,118.63999999999987,146.17999999999995,xml_geometry_csv_action
BootPass_106,154,19,19,Position_Unknown,Team_Unknown,Action_None,362.4,772.01,489.65,925.34,127.25,153.33000000000004,xml_geometry_csv_action
BootPass_106,154,2,2,Position_Unknown,Team_Unknown,Action_PreSnap,1190.82,299.31,1282.28,439.68,91.46000000000004,140.37,xml_geometry_csv_action
BootPass_106,154,21,20,Position_Unknown,Team_Unknown,Action_PreSnap,103.62,895.61,204.14,1077.43,100.51999999999998,181.82000000000005,xml_geometry_csv_action
BootPass_106,154,23,21,Position_Unknown,Team_Unknown,Action_PreSnap,83.88,883.04,156.54,1010.97,72.66,127.93000000000006,xml_geometry_csv_action
BootPass_106,154,3,3,Position_Unknown,Team_Unknown,Action_PreSnap,1630.18,249.46,1720.09,365.58,89.90999999999985,116.11999999999998,xml_geometry_csv_action
BootPass_106,154,5,5,Position_Unknown,Team_Unknown,Action_PreSnap,1636.05,169.2,1706.68,290.91,70.63000000000011,121.71000000000004,xml_geometry_csv_action
BootPass_106,154,6,6,Position_Unknown,Team_Unknown,Action_PreSnap,1239.12,347.39,1333.96,487.63,94.84000000000015,140.24,xml_geometry_csv_action
BootPass_106,154,7,7,Position_Unknown,Team_Unknown,Action_PreSnap,1351.76,114.17,1415.82,241.89,64.05999999999995,127.71999999999998,xml_geometry_csv_action
BootPass_106,155,0,0,Position_Unknown,Team_Unknown,Action_PreSnap,986.91,726.08,1099.19,888.73,112.28000000000009,162.64999999999998,xml_geometry_csv_action
BootPass_106,155,1,1,Position_Unknown,Team_Unknown,Action_PreSnap,1408.94,71.62,1478.51,186.09,69.56999999999994,114.47,xml_geometry_csv_action
BootPass_106,155,10,10,Position_Unknown,Team_Unknown,Action_PreSnap,943.52,632.01,1062.89,777.46,119.37000000000012,145.45000000000005,xml_geometry_csv_action
BootPass_106,155,11,11,Position_Unknown,Team_Unknown,Action_PreSnap,1579.25,227.23,1653.76,361.25,74.50999999999999,134.02,xml_geometry_csv_action
BootPass_106,155,12,12,Position_Unknown,Team_Unknown,Action_PreSnap,1339.85,320.74,1419.16,451.49,79.31000000000017,130.75,xml_geometry_csv_action
BootPass_106,155,13,13,Position_Unknown,Team_Unknown,Action_PreSnap,1458.2,207.45,1532.86,338.0,74.65999999999985,130.55,xml_geometry_csv_action
BootPass_106,155,16,16,Position_Unknown,Team_Unknown,Action_PreSnap,982.52,562.38,1091.67,707.01,109.15000000000009,144.63,xml_geometry_csv_action
BootPass_106,155,17,17,Position_Unknown,Team_Unknown,Action_PreSnap,1536.94,572.84,1632.15,717.2,95.21000000000004,144.36,xml_geometry_csv_action
BootPass_106,155,19,19,Position_Unknown,Team_Unknown,Action_None,386.27,758.35,502.45,904.26,116.18,145.90999999999997,xml_geometry_csv_action
BootPass_106,155,2,2,Position_Unknown,Team_Unknown,Action_PreSnap,1221.15,294.01,1304.71,431.45,83.55999999999995,137.44,xml_geometry_csv_action
BootPass_106,155,21,20,Position_Unknown,Team_Unknown,Action_PreSnap,135.48,882.32,240.2,1075.4,104.72,193.08000000000004,xml_geometry_csv_action
BootPass_106,155,23,21,Position_Unknown,Team_Unknown,Action_PreSnap,117.47,870.41,186.82,998.52,69.35,128.11,xml_geometry_csv_action
BootPass_106,155,25,22,Position_Unknown,Team_Unknown,Action_PreSnap,16.3,595.85,78.52,718.63,62.22,122.77999999999997,xml_geometry_csv_action
BootPass_106,155,3,3,Position_Unknown,Team_Unknown,Action_PreSnap,1656.21,243.67,1745.34,361.21,89.12999999999988,117.53999999999999,xml_geometry_csv_action
BootPass_106,155,5,5,Position_Unknown,Team_Unknown,Action_PreSnap,1663.95,165.01,1725.9,273.73,61.950000000000045,108.72000000000003,xml_geometry_csv_action
BootPass_106,155,6,6,Position_Unknown,Team_Unknown,Action_PreSnap,1269.28,343.29,1347.2,480.0,77.92000000000007,136.70999999999998,xml_geometry_csv_action
BootPass_106,155,7,7,Position_Unknown,Team_Unknown,Action_PreSnap,1378.11,106.95,1444.81,232.94,66.70000000000005,125.99,xml_geometry_csv_action
BootPass_106,156,0,0,Position_Unknown,Team_Unknown,Action_PreSnap,998.7,712.63,1120.18,878.06,121.48000000000002,165.42999999999995,xml_geometry_csv_action
BootPass_106,156,1,1,Position_Unknown,Team_Unknown,Action_PreSnap,1433.82,64.56,1496.28,179.86,62.460000000000036,115.30000000000001,xml_geometry_csv_action
BootPass_106,156,10,10,Position_Unknown,Team_Unknown,Action_PreSnap,962.62,622.64,1066.47,772.58,103.85000000000002,149.94000000000005,xml_geometry_csv_action
BootPass_106,156,11,11,Position_Unknown,Team_Unknown,Action_PreSnap,1603.63,222.47,1680.41,352.66,76.77999999999997,130.19000000000003,xml_geometry_csv_action
BootPass_106,156,12,12,Position_Unknown,Team_Unknown,Action_PreSnap,1368.72,315.56,1447.0,444.84,78.27999999999997,129.27999999999997,xml_geometry_csv_action
BootPass_106,156,13,13,Position_Unknown,Team_Unknown,Action_PreSnap,1486.37,201.19,1563.15,333.25,76.7800000000002,132.06,xml_geometry_csv_action
BootPass_106,156,16,16,Position_Unknown,Team_Unknown,Action_PreSnap,999.16,555.66,1105.7,695.22,106.54000000000008,139.56000000000006,xml_geometry_csv_action
BootPass_106,156,17,17,Position_Unknown,Team_Unknown,Action_PreSnap,1557.31,568.07,1637.85,710.21,80.53999999999996,142.14,xml_geometry_csv_action
BootPass_106,156,19,19,Position_Unknown,Team_Unknown,Action_None,409.82,746.1,511.66,889.16,101.84000000000003,143.05999999999995,xml_geometry_csv_action
BootPass_106,156,2,2,Position_Unknown,Team_Unknown,Action_PreSnap,1247.0,289.67,1330.09,423.17,83.08999999999992,133.5,xml_geometry_csv_action
BootPass_106,156,21,20,Position_Unknown,Team_Unknown,Action_PreSnap,159.04,868.36,276.39,1067.26,117.35,198.89999999999998,xml_geometry_csv_action
BootPass_106,156,25,22,Position_Unknown,Team_Unknown,Action_PreSnap,42.33,590.06,104.17,711.48,61.84,121.42000000000007,xml_geometry_csv_action
BootPass_106,156,3,3,Position_Unknown,Team_Unknown,Action_PreSnap,1683.36,236.84,1764.05,354.16,80.69000000000005,117.32000000000002,xml_geometry_csv_action
BootPass_106,156,5,5,Position_Unknown,Team_Unknown,Action_PreSnap,1690.15,159.81,1745.85,262.81,55.69999999999982,103.0,xml_geometry_csv_action
BootPass_106,156,6,6,Position_Unknown,Team_Unknown,Action_PreSnap,1297.47,339.95,1364.58,472.01,67.1099999999999,132.06,xml_geometry_csv_action
BootPass_106,156,7,7,Position_Unknown,Team_Unknown,Action_PreSnap,1403.72,99.85,1471.88,227.71,68.16000000000008,127.86000000000001,xml_geometry_csv_action
BootPass_106,157,0,0,Position_Unknown,Team_Unknown,Action_PreSnap,1008.23,698.06,1128.41,872.74,120.18000000000006,174.68000000000006,xml_geometry_csv_action
BootPass_106,157,1,1,Position_Unknown,Team_Unknown,Action_PreSnap,1457.26,57.66,1520.54,173.6,63.27999999999997,115.94,xml_geometry_csv_action
BootPass_106,157,10,10,Position_Unknown,Team_Unknown,Action_PreSnap,977.94,618.28,1062.74,764.91,84.79999999999995,146.63,xml_geometry_csv_action
BootPass_106,157,11,11,Position_Unknown,Team_Unknown,Action_PreSnap,1628.57,217.05,1703.9,345.28,75.33000000000015,128.22999999999996,xml_geometry_csv_action
BootPass_106,157,12,12,Position_Unknown,Team_Unknown,Action_PreSnap,1393.44,311.44,1464.05,436.55,70.6099999999999,125.11000000000001,xml_geometry_csv_action
BootPass_106,157,13,13,Position_Unknown,Team_Unknown,Action_PreSnap,1511.24,195.86,1591.25,329.06,80.00999999999999,133.2,xml_geometry_csv_action
BootPass_106,157,16,16,Position_Unknown,Team_Unknown,Action_PreSnap,1011.43,551.38,1113.18,682.89,101.75000000000011,131.51,xml_geometry_csv_action
BootPass_106,157,17,17,Position_Unknown,Team_Unknown,Action_PreSnap,1571.22,563.95,1647.15,700.79,75.93000000000006,136.83999999999992,xml_geometry_csv_action
BootPass_106,157,19,19,Position_Unknown,Team_Unknown,Action_None,430.49,734.35,530.42,876.52,99.92999999999995,142.16999999999996,xml_geometry_csv_action
BootPass_106,157,2,2,Position_Unknown,Team_Unknown,Action_PreSnap,1271.45,284.45,1350.51,416.38,79.05999999999995,131.93,xml_geometry_csv_action
BootPass_106,157,21,20,Position_Unknown,Team_Unknown,Action_PreSnap,184.37,855.11,310.1,1056.82,125.73000000000002,201.70999999999992,xml_geometry_csv_action
BootPass_106,157,25,22,Position_Unknown,Team_Unknown,Action_PreSnap,63.84,584.82,130.62,707.14,66.78,122.31999999999994,xml_geometry_csv_action
BootPass_106,157,3,3,Position_Unknown,Team_Unknown,Action_PreSnap,1709.32,237.04,1779.3,347.55,69.98000000000002,110.51000000000002,xml_geometry_csv_action
BootPass_106,157,5,5,Position_Unknown,Team_Unknown,Action_PreSnap,1713.57,153.64,1768.24,262.93,54.67000000000007,109.29000000000002,xml_geometry_csv_action
BootPass_106,157,6,6,Position_Unknown,Team_Unknown,Action_PreSnap,1320.74,334.82,1380.86,462.35,60.11999999999989,127.53000000000003,xml_geometry_csv_action
BootPass_106,157,7,7,Position_Unknown,Team_Unknown,Action_PreSnap,1427.98,94.17,1499.16,220.78,71.18000000000006,126.61,xml_geometry_csv_action
BootPass_106,158,0,0,Position_Unknown,Team_Unknown,Action_PreSnap,1021.25,697.73,1137.97,868.15,116.72000000000003,170.41999999999996,xml_geometry_csv_action
BootPass_106,158,1,1,Position_Unknown,Team_Unknown,Action_PreSnap,1479.86,49.67,1547.3,168.92,67.44000000000005,119.24999999999999,xml_geometry_csv_action
BootPass_106,158,10,10,Position_Unknown,Team_Unknown,Action_PreSnap,990.6,614.01,1067.47,752.61,76.87,138.60000000000002,xml_geometry_csv_action
BootPass_106,158,11,11,Position_Unknown,Team_Unknown,Action_PreSnap,1656.93,212.26,1730.94,340.38,74.00999999999999,128.12,xml_geometry_csv_action
BootPass_106,158,12,12,Position_Unknown,Team_Unknown,Action_PreSnap,1419.92,307.29,1486.86,428.33,66.93999999999983,121.03999999999996,xml_geometry_csv_action
BootPass_106,158,13,13,Position_Unknown,Team_Unknown,Action_PreSnap,1534.97,190.66,1617.34,325.63,82.36999999999989,134.97,xml_geometry_csv_action
BootPass_106,158,16,16,Position_Unknown,Team_Unknown,Action_PreSnap,1025.19,549.15,1115.74,678.05,90.54999999999995,128.89999999999998,xml_geometry_csv_action
BootPass_106,158,17,17,Position_Unknown,Team_Unknown,Action_PreSnap,1584.75,559.02,1667.17,694.43,82.42000000000007,135.40999999999997,xml_geometry_csv_action
BootPass_106,158,19,19,Position_Unknown,Team_Unknown,Action_None,449.34,725.16,554.57,864.46,105.23000000000008,139.30000000000007,xml_geometry_csv_action
BootPass_106,158,2,2,Position_Unknown,Team_Unknown,Action_PreSnap,1297.1,279.27,1375.8,408.56,78.70000000000005,129.29000000000002,xml_geometry_csv_action
BootPass_106,158,21,20,Position_Unknown,Team_Unknown,Action_PreSnap,210.89,844.2,338.88,1047.44,127.99000000000001,203.24,xml_geometry_csv_action
BootPass_106,158,25,22,Position_Unknown,Team_Unknown,Action_PreSnap,79.64,578.62,157.43,702.32,77.79,123.70000000000005,xml_geometry_csv_action
BootPass_106,158,3,3,Position_Unknown,Team_Unknown,Action_PreSnap,1737.05,236.45,1801.35,341.87,64.29999999999995,105.42000000000002,xml_geometry_csv_action
BootPass_106,158,5,5,Position_Unknown,Team_Unknown,Action_PreSnap,1736.46,149.0,1792.14,265.23,55.680000000000064,116.23000000000002,xml_geometry_csv_action
BootPass_106,158,6,6,Position_Unknown,Team_Unknown,Action_PreSnap,1343.2,329.41,1402.94,457.59,59.74000000000001,128.17999999999995,xml_geometry_csv_action
BootPass_106,158,7,7,Position_Unknown,Team_Unknown,Action_PreSnap,1450.23,87.9,1528.89,214.9,78.66000000000008,127.0,xml_geometry_csv_action
BootPass_106,159,0,0,Position_Unknown,Team_Unknown,Action_PreSnap,1036.6,692.52,1142.39,860.87,105.79000000000019,168.35000000000002,xml_geometry_csv_action
BootPass_106,159,1,1,Position_Unknown,Team_Unknown,Action_PreSnap,1500.01,42.1,1574.53,161.37,74.51999999999998,119.27000000000001,xml_geometry_csv_action
BootPass_106,159,10,10,Position_Unknown,Team_Unknown,Action_PreSnap,1003.68,606.4,1078.24,739.03,74.56000000000006,132.63,xml_geometry_csv_action
BootPass_106,159,11,11,Position_Unknown,Team_Unknown,Action_PreSnap,1686.77,206.35,1756.35,337.75,69.57999999999993,131.4,xml_geometry_csv_action
BootPass_106,159,12,12,Position_Unknown,Team_Unknown,Action_PreSnap,1444.07,301.28,1516.71,420.53,72.6400000000001,119.25,xml_geometry_csv_action
BootPass_106,159,13,13,Position_Unknown,Team_Unknown,Action_PreSnap,1560.8,185.48,1641.69,318.56,80.8900000000001,133.08,xml_geometry_csv_action
BootPass_106,159,16,16,Position_Unknown,Team_Unknown,Action_PreSnap,1037.06,543.39,1113.23,669.48,76.17000000000007,126.09000000000003,xml_geometry_csv_action
BootPass_106,159,17,17,Position_Unknown,Team_Unknown,Action_PreSnap,1599.74,552.77,1690.41,691.1,90.67000000000007,138.33000000000004,xml_geometry_csv_action
BootPass_106,159,19,19,Position_Unknown,Team_Unknown,Action_None,464.2,712.36,582.3,851.47,118.09999999999997,139.11,xml_geometry_csv_action
BootPass_106,159,2,2,Position_Unknown,Team_Unknown,Action_PreSnap,1323.31,272.0,1398.66,400.26,75.35000000000014,128.26,xml_geometry_csv_action
BootPass_106,159,21,20,Position_Unknown,Team_Unknown,Action_PreSnap,235.27,830.2,363.75,1034.26,128.48,204.05999999999995,xml_geometry_csv_action
BootPass_106,159,25,22,Position_Unknown,Team_Unknown,Action_PreSnap,96.0,570.06,185.8,697.63,89.80000000000001,127.57000000000005,xml_geometry_csv_action
BootPass_106,159,3,3,Position_Unknown,Team_Unknown,Action_PreSnap,1760.95,229.12,1824.73,334.96,63.77999999999997,105.83999999999997,xml_geometry_csv_action
BootPass_106,159,5,5,Position_Unknown,Team_Unknown,Action_PreSnap,1759.55,141.41,1815.92,264.69,56.37000000000012,123.28,xml_geometry_csv_action
BootPass_106,159,6,6,Position_Unknown,Team_Unknown,Action_PreSnap,1363.11,322.23,1427.45,457.34,64.34000000000015,135.10999999999996,xml_geometry_csv_action
BootPass_106,159,7,7,Position_Unknown,Team_Unknown,Action_PreSnap,1472.66,81.19,1558.2,209.54,85.53999999999996,128.35,xml_geometry_csv_action
BootPass_106,160,0,0,Position_Unknown,Team_Unknown,Action_PreSnap,1053.86,684.45,1149.22,847.02,95.36000000000013,162.56999999999994,xml_geometry_csv_action
BootPass_106,160,1,1,Position_Unknown,Team_Unknown,Action_PreSnap,1515.1,34.05,1604.91,153.07,89.81000000000017,119.02,xml_geometry_csv_action
BootPass_106,160,10,10,Position_Unknown,Team_Unknown,Action_PreSnap,1019.29,599.55,1093.45,738.1,74.16000000000008,138.55000000000007,xml_geometry_csv_action
BootPass_106,160,11,11,Position_Unknown,Team_Unknown,Action_PreSnap,1718.51,200.65,1786.01,334.87,67.5,134.22,xml_geometry_csv_action
BootPass_106,160,12,12,Position_Unknown,Team_Unknown,Action_PreSnap,1468.74,294.61,1546.06,416.37,77.31999999999994,121.75999999999999,xml_geometry_csv_action
BootPass_106,160,13,13,Position_Unknown,Team_Unknown,Action_PreSnap,1588.58,179.32,1664.82,311.13,76.24000000000001,131.81,xml_geometry_csv_action
BootPass_106,160,16,16,Position_Unknown,Team_Unknown,Action_PreSnap,1046.17,537.68,1114.49,670.77,68.31999999999994,133.09000000000003,xml_geometry_csv_action
BootPass_106,160,17,17,Position_Unknown,Team_Unknown,Action_PreSnap,1613.02,546.31,1715.38,689.74,102.36000000000013,143.43000000000006,xml_geometry_csv_action
BootPass_106,160,19,19,Position_Unknown,Team_Unknown,Action_None,474.95,700.84,604.94,836.56,129.99000000000007,135.7199999999999,xml_geometry_csv_action
BootPass_106,160,2,2,Position_Unknown,Team_Unknown,Action_PreSnap,1353.1,263.99,1424.35,392.5,71.25,128.51,xml_geometry_csv_action
BootPass_106,160,21,20,Position_Unknown,Team_Unknown,Action_PreSnap,252.11,818.7,386.37,1019.62,134.26,200.91999999999996,xml_geometry_csv_action
BootPass_106,160,25,22,Position_Unknown,Team_Unknown,Action_PreSnap,117.8,561.52,212.0,692.91,94.2,131.39,xml_geometry_csv_action
BootPass_106,160,3,3,Position_Unknown,Team_Unknown,Action_PreSnap,1788.64,221.4,1853.64,328.31,65.0,106.91,xml_geometry_csv_action
BootPass_106,160,5,5,Position_Unknown,Team_Unknown,Action_PreSnap,1786.44,134.05,1841.83,261.29,55.38999999999987,127.24000000000001,xml_geometry_csv_action
BootPass_106,160,6,6,Position_Unknown,Team_Unknown,Action_PreSnap,1383.16,316.34,1453.99,456.35,70.82999999999993,140.01000000000005,xml_geometry_csv_action
BootPass_106,160,7,7,Position_Unknown,Team_Unknown,Action_PreSnap,1502.01,75.73,1585.86,202.52,83.84999999999991,126.79,xml_geometry_csv_action
BootPass_106,161,0,0,Position_Unknown,Team_Unknown,Action_PreSnap,1071.47,672.87,1164.7,832.6,93.23000000000002,159.73000000000002,xml_geometry_csv_action
BootPass_106,161,1,1,Position_Unknown,Team_Unknown,Action_PreSnap,1535.87,26.63,1629.15,143.93,93.2800000000002,117.30000000000001,xml_geometry_csv_action
BootPass_106,161,10,10,Position_Unknown,Team_Unknown,Action_PreSnap,1031.94,591.01,1117.65,733.2,85.71000000000004,142.19000000000005,xml_geometry_csv_action
BootPass_106,161,11,11,Position_Unknown,Team_Unknown,Action_PreSnap,1746.08,195.99,1814.99,329.35,68.91000000000008,133.36,xml_geometry_csv_action
BootPass_106,161,12,12,Position_Unknown,Team_Unknown,Action_PreSnap,1490.05,287.83,1571.73,411.53,81.68000000000006,123.69999999999999,xml_geometry_csv_action
BootPass_106,161,13,13,Position_Unknown,Team_Unknown,Action_PreSnap,1613.01,171.43,1683.04,303.76,70.02999999999997,132.32999999999998,xml_geometry_csv_action
BootPass_106,161,16,16,Position_Unknown,Team_Unknown,Action_PreSnap,1056.74,529.73,1127.44,666.1,70.70000000000005,136.37,xml_geometry_csv_action
BootPass_106,161,17,17,Position_Unknown,Team_Unknown,Action_PreSnap,1624.39,539.9,1733.89,682.17,109.5,142.26999999999998,xml_geometry_csv_action
BootPass_106,161,19,19,Position_Unknown,Team_Unknown,Action_None,488.78,688.9,620.98,817.9,132.20000000000005,129.0,xml_geometry_csv_action
BootPass_106,161,2,2,Position_Unknown,Team_Unknown,Action_PreSnap,1378.19,255.04,1447.8,382.11,69.6099999999999,127.07000000000002,xml_geometry_csv_action
BootPass_106,161,21,20,Position_Unknown,Team_Unknown,Action_PreSnap,263.83,806.3,399.13,1005.35,135.3,199.05000000000007,xml_geometry_csv_action
BootPass_106,161,25,22,Position_Unknown,Team_Unknown,Action_PreSnap,145.53,554.7,237.32,683.49,91.78999999999999,128.78999999999996,xml_geometry_csv_action
BootPass_106,161,3,3,Position_Unknown,Team_Unknown,Action_PreSnap,1811.64,213.89,1879.49,324.96,67.84999999999991,111.07,xml_geometry_csv_action
BootPass_106,161,5,5,Position_Unknown,Team_Unknown,Action_PreSnap,1810.87,127.12,1865.03,249.02,54.16000000000008,121.9,xml_geometry_csv_action
BootPass_106,161,6,6,Position_Unknown,Team_Unknown,Action_PreSnap,1400.04,309.93,1478.39,453.33,78.35000000000014,143.39999999999998,xml_geometry_csv_action
BootPass_106,161,7,7,Position_Unknown,Team_Unknown,Action_PreSnap,1530.47,71.17,1608.97,194.72,78.5,123.55,xml_geometry_csv_action
BootPass_106,162,0,0,Position_Unknown,Team_Unknown,Action_PreSnap,1085.42,660.28,1178.41,819.83,92.99000000000001,159.55000000000007,xml_geometry_csv_action
BootPass_106,162,1,1,Position_Unknown,Team_Unknown,Action_PreSnap,1554.83,18.48,1645.71,134.6,90.88000000000011,116.11999999999999,xml_geometry_csv_action
BootPass_106,162,10,10,Position_Unknown,Team_Unknown,Action_PreSnap,1043.35,583.5,1124.11,726.36,80.75999999999999,142.86,xml_geometry_csv_action
BootPass_106,162,11,11,Position_Unknown,Team_Unknown,Action_PreSnap,1771.36,189.82,1843.03,325.74,71.67000000000007,135.92000000000002,xml_geometry_csv_action
BootPass_106,162,12,12,Position_Unknown,Team_Unknown,Action_PreSnap,1510.61,280.86,1594.97,407.3,84.36000000000013,126.44,xml_geometry_csv_action
BootPass_106,162,13,13,Position_Unknown,Team_Unknown,Action_PreSnap,1636.08,162.44,1700.92,295.43,64.84000000000015,132.99,xml_geometry_csv_action
BootPass_106,162,16,16,Position_Unknown,Team_Unknown,Action_PreSnap,1067.92,523.26,1148.49,656.4,80.56999999999994,133.14,xml_geometry_csv_action
BootPass_106,162,17,17,Position_Unknown,Team_Unknown,Action_PreSnap,1642.16,533.48,1746.1,649.68,103.93999999999983,116.19999999999993,xml_geometry_csv_action
BootPass_106,162,19,19,Position_Unknown,Team_Unknown,Action_None,508.75,676.53,628.45,802.36,119.70000000000005,125.83000000000004,xml_geometry_csv_action
BootPass_106,162,2,2,Position_Unknown,Team_Unknown,Action_PreSnap,1402.83,247.09,1470.67,375.47,67.84000000000015,128.38000000000002,xml_geometry_csv_action
BootPass_106,162,21,20,Position_Unknown,Team_Unknown,Action_PreSnap,274.28,793.97,407.21,987.56,132.93,193.58999999999992,xml_geometry_csv_action
BootPass_106,162,25,22,Position_Unknown,Team_Unknown,Action_PreSnap,176.76,548.18,261.33,671.59,84.57,123.41000000000008,xml_geometry_csv_action
BootPass_106,162,3,3,Position_Unknown,Team_Unknown,Action_PreSnap,1834.5,205.94,1905.16,323.63,70.66000000000008,117.69,xml_geometry_csv_action
BootPass_106,162,5,5,Position_Unknown,Team_Unknown,Action_PreSnap,1833.57,120.49,1890.17,241.48,56.600000000000136,120.99,xml_geometry_csv_action
BootPass_106,162,6,6,Position_Unknown,Team_Unknown,Action_PreSnap,1419.61,303.99,1506.8,448.76,87.19000000000005,144.76999999999998,xml_geometry_csv_action
BootPass_106,162,7,7,Position_Unknown,Team_Unknown,Action_PreSnap,1556.24,65.56,1630.94,186.58,74.70000000000005,121.02000000000001,xml_geometry_csv_action
BootPass_106,163,0,0,Position_Unknown,Team_Unknown,Action_PreSnap,1088.12,646.76,1182.59,807.75,94.47000000000003,160.99,xml_geometry_csv_action
BootPass_106,163,1,1,Position_Unknown,Team_Unknown,Action_PreSnap,1574.46,13.4,1657.63,131.48,83.17000000000007,118.07999999999998,xml_geometry_csv_action
BootPass_106,163,10,10,Position_Unknown,Team_Unknown,Action_PreSnap,1056.54,577.36,1128.11,720.34,71.56999999999994,142.98000000000002,xml_geometry_csv_action
BootPass_106,163,11,11,Position_Unknown,Team_Unknown,Action_PreSnap,1793.71,185.34,1864.11,322.55,70.39999999999986,137.21,xml_geometry_csv_action
BootPass_106,163,12,12,Position_Unknown,Team_Unknown,Action_PreSnap,1531.54,273.26,1614.5,404.45,82.96000000000004,131.19,xml_geometry_csv_action
BootPass_106,163,13,13,Position_Unknown,Team_Unknown,Action_PreSnap,1658.44,155.77,1718.34,287.94,59.899999999999864,132.17,xml_geometry_csv_action
BootPass_106,163,16,16,Position_Unknown,Team_Unknown,Action_PreSnap,1075.16,516.74,1167.12,642.27,91.95999999999981,125.52999999999997,xml_geometry_csv_action
BootPass_106,163,17,17,Position_Unknown,Team_Unknown,Action_PreSnap,1657.12,528.09,1750.68,662.7,93.56000000000017,134.61,xml_geometry_csv_action
BootPass_106,163,19,19,Position_Unknown,Team_Unknown,Action_None,527.73,665.46,630.33,789.45,102.60000000000002,123.99000000000001,xml_geometry_csv_action
BootPass_106,163,2,2,Position_Unknown,Team_Unknown,Action_PreSnap,1423.14,240.07,1491.23,371.7,68.08999999999992,131.63,xml_geometry_csv_action
BootPass_106,163,21,20,Position_Unknown,Team_Unknown,Action_PreSnap,287.92,782.21,422.21,970.4,134.28999999999996,188.18999999999994,xml_geometry_csv_action
BootPass_106,163,25,22,Position_Unknown,Team_Unknown,Action_PreSnap,208.36,542.84,284.73,660.46,76.37,117.62,xml_geometry_csv_action
BootPass_106,163,28,23,Position_Unknown,Team_Unknown,Action_PreSnap,401.51,0.0,464.75,87.42,63.24000000000001,87.42,xml_geometry_csv_action
BootPass_106,163,3,3,Position_Unknown,Team_Unknown,Action_PreSnap,1851.45,202.63,1920.0,322.65,68.54999999999995,120.01999999999998,xml_geometry_csv_action
BootPass_106,163,5,5,Position_Unknown,Team_Unknown,Action_PreSnap,1853.29,115.2,1913.73,233.26,60.440000000000055,118.05999999999999,xml_geometry_csv_action
BootPass_106,163,6,6,Position_Unknown,Team_Unknown,Action_PreSnap,1439.31,299.92,1523.93,444.43,84.62000000000012,144.51,xml_geometry_csv_action
BootPass_106,163,7,7,Position_Unknown,Team_Unknown,Action_PreSnap,1574.05,59.87,1648.79,179.87,74.74000000000001,120.0,xml_geometry_csv_action
BootPass_106,164,0,0,Position_Unknown,Team_Unknown,Action_PreSnap,1086.14,642.1,1191.77,797.76,105.62999999999988,155.65999999999997,xml_geometry_csv_action
BootPass_106,164,10,10,Position_Unknown,Team_Unknown,Action_PreSnap,1063.8,574.31,1140.58,716.05,76.77999999999997,141.74,xml_geometry_csv_action
BootPass_106,164,11,11,Position_Unknown,Team_Unknown,Action_PreSnap,1813.49,182.77,1880.52,318.76,67.02999999999997,135.98999999999998,xml_geometry_csv_action
BootPass_106,164,12,12,Position_Unknown,Team_Unknown,Action_PreSnap,1547.42,269.78,1624.85,402.27,77.42999999999984,132.49,xml_geometry_csv_action
BootPass_106,164,13,13,Position_Unknown,Team_Unknown,Action_PreSnap,1675.17,150.47,1733.14,281.61,57.97000000000003,131.14000000000001,xml_geometry_csv_action
BootPass_106,164,16,16,Position_Unknown,Team_Unknown,Action_PreSnap,1077.58,513.27,1174.7,630.21,97.12000000000012,116.94000000000005,xml_geometry_csv_action
BootPass_106,164,17,17,Position_Unknown,Team_Unknown,Action_PreSnap,1670.67,524.7,1749.38,664.75,78.71000000000004,140.04999999999995,xml_geometry_csv_action
BootPass_106,164,19,19,Position_Unknown,Team_Unknown,Action_None,538.52,656.36,627.06,779.0,88.53999999999996,122.63999999999999,xml_geometry_csv_action
BootPass_106,164,2,2,Position_Unknown,Team_Unknown,Action_PreSnap,1441.17,235.6,1507.66,368.17,66.49000000000001,132.57000000000002,xml_geometry_csv_action
BootPass_106,164,21,20,Position_Unknown,Team_Unknown,Action_PreSnap,315.76,775.7,437.16,959.86,121.40000000000003,184.15999999999997,xml_geometry_csv_action
BootPass_106,164,23,21,Position_Unknown,Team_Unknown,Action_PreSnap,339.25,779.7,434.42,958.8,95.17000000000002,179.0999999999999,xml_geometry_csv_action
BootPass_106,164,25,22,Position_Unknown,Team_Unknown,Action_PreSnap,229.7,539.83,303.78,650.57,74.07999999999998,110.74000000000001,xml_geometry_csv_action
BootPass_106,164,28,23,Position_Unknown,Team_Unknown,Action_PreSnap,431.33,0.0,493.23,84.58,61.900000000000034,84.58,xml_geometry_csv_action
BootPass_106,164,3,3,Position_Unknown,Team_Unknown,Action_PreSnap,1870.53,199.36,1920.0,323.95,49.47000000000003,124.58999999999997,xml_geometry_csv_action
BootPass_106,164,5,5,Position_Unknown,Team_Unknown,Action_PreSnap,1868.1,112.93,1920.0,234.53,51.90000000000009,121.6,xml_geometry_csv_action
BootPass_106,164,6,6,Position_Unknown,Team_Unknown,Action_PreSnap,1455.54,300.16,1531.32,440.1,75.77999999999997,139.94,xml_geometry_csv_action
BootPass_106,164,7,7,Position_Unknown,Team_Unknown,Action_PreSnap,1592.89,53.48,1660.86,174.5,67.9699999999998,121.02000000000001,xml_geometry_csv_action
BootPass_106,165,0,0,Position_Unknown,Team_Unknown,Action_PreSnap,1084.35,641.65,1191.42,791.87,107.07000000000016,150.22000000000003,xml_geometry_csv_action
BootPass_106,165,10,10,Position_Unknown,Team_Unknown,Action_PreSnap,1060.75,572.3,1140.28,693.68,79.52999999999997,121.38,xml_geometry_csv_action
BootPass_106,165,11,11,Position_Unknown,Team_Unknown,Action_PreSnap,1825.86,183.8,1891.91,316.71,66.05000000000018,132.90999999999997,xml_geometry_csv_action
BootPass_106,165,12,12,Position_Unknown,Team_Unknown,Action_PreSnap,1559.76,269.68,1631.26,401.66,71.5,131.98000000000002,xml_geometry_csv_action
BootPass_106,165,13,13,Position_Unknown,Team_Unknown,Action_PreSnap,1686.44,149.89,1746.53,279.1,60.08999999999992,129.21000000000004,xml_geometry_csv_action
BootPass_106,165,16,16,Position_Unknown,Team_Unknown,Action_PreSnap,1078.4,512.1,1159.55,627.55,81.14999999999986,115.44999999999993,xml_geometry_csv_action
BootPass_106,165,17,17,Position_Unknown,Team_Unknown,Action_PreSnap,1673.01,523.59,1746.13,663.46,73.12000000000012,139.87,xml_geometry_csv_action
BootPass_106,165,19,19,Position_Unknown,Team_Unknown,Action_None,541.96,649.17,628.31,773.39,86.34999999999991,124.22000000000003,xml_geometry_csv_action
BootPass_106,165,2,2,Position_Unknown,Team_Unknown,Action_PreSnap,1453.47,234.16,1518.33,368.11,64.8599999999999,133.95000000000002,xml_geometry_csv_action
BootPass_106,165,21,20,Position_Unknown,Team_Unknown,Action_PreSnap,316.75,768.52,437.73,914.35,120.98000000000002,145.83000000000004,xml_geometry_csv_action
BootPass_106,165,23,21,Position_Unknown,Team_Unknown,Action_PreSnap,360.75,772.98,450.32,952.67,89.57,179.68999999999994,xml_geometry_csv_action
BootPass_106,165,25,22,Position_Unknown,Team_Unknown,Action_PreSnap,237.18,538.26,318.84,648.39,81.65999999999997,110.13,xml_geometry_csv_action
BootPass_106,165,28,23,Position_Unknown,Team_Unknown,Action_PreSnap,453.53,0.0,515.82,85.02,62.29000000000008,85.02,xml_geometry_csv_action
BootPass_106,165,3,3,Position_Unknown,Team_Unknown,Action_PreSnap,1883.5,200.02,1920.0,327.29,36.5,127.27000000000001,xml_geometry_csv_action
BootPass_106,165,5,5,Position_Unknown,Team_Unknown,Action_PreSnap,1878.77,113.07,1920.0,232.93,41.23000000000002,119.86000000000001,xml_geometry_csv_action
BootPass_106,165,6,6,Position_Unknown,Team_Unknown,Action_PreSnap,1470.95,302.87,1535.19,436.57,64.24000000000001,133.7,xml_geometry_csv_action
BootPass_106,165,7,7,Position_Unknown,Team_Unknown,Action_PreSnap,1603.51,27.79,1667.41,171.79,63.90000000000009,144.0,xml_geometry_csv_action
BootPass_106,166,0,0,Position_Unknown,Team_Unknown,Action_PreSnap,1087.33,633.03,1187.98,785.96,100.65000000000009,152.93000000000006,xml_geometry_csv_action
BootPass_106,166,10,10,Position_Unknown,Team_Unknown,Action_PreSnap,1060.32,569.04,1140.9,690.34,80.58000000000015,121.30000000000007,xml_geometry_csv_action
BootPass_106,166,11,11,Position_Unknown,Team_Unknown,Action_PreSnap,1835.37,183.89,1899.58,313.23,64.21000000000004,129.34000000000003,xml_geometry_csv_action
BootPass_106,166,12,12,Position_Unknown,Team_Unknown,Action_PreSnap,1569.76,268.52,1637.9,399.08,68.1400000000001,130.56,xml_geometry_csv_action
BootPass_106,166,13,13,Position_Unknown,Team_Unknown,Action_PreSnap,1695.75,148.44,1760.86,277.52,65.1099999999999,129.07999999999998,xml_geometry_csv_action
BootPass_106,166,16,16,Position_Unknown,Team_Unknown,Action_PreSnap,1077.59,510.36,1148.09,633.07,70.5,122.71000000000004,xml_geometry_csv_action
BootPass_106,166,17,17,Position_Unknown,Team_Unknown,Action_PreSnap,1672.09,520.03,1750.03,658.46,77.94000000000005,138.43000000000006,xml_geometry_csv_action
BootPass_106,166,19,19,Position_Unknown,Team_Unknown,Action_None,543.32,642.03,633.98,766.28,90.65999999999997,124.25,xml_geometry_csv_action
BootPass_106,166,2,2,Position_Unknown,Team_Unknown,Action_PreSnap,1464.55,231.8,1529.15,364.69,64.60000000000014,132.89,xml_geometry_csv_action
BootPass_106,166,21,20,Position_Unknown,Team_Unknown,Action_PreSnap,325.08,760.28,450.31,895.87,125.23000000000002,135.59000000000003,xml_geometry_csv_action
BootPass_106,166,23,21,Position_Unknown,Team_Unknown,Action_PreSnap,369.85,765.53,463.43,943.62,93.57999999999998,178.09000000000003,xml_geometry_csv_action
BootPass_106,166,25,22,Position_Unknown,Team_Unknown,Action_SecureCatch,241.77,537.85,332.52,652.03,90.74999999999997,114.17999999999995,xml_geometry_csv_action
BootPass_106,166,28,23,Position_Unknown,Team_Unknown,Action_PreSnap,475.77,0.0,539.55,84.57,63.77999999999997,84.57,xml_geometry_csv_action
BootPass_106,166,3,3,Position_Unknown,Team_Unknown,Action_PreSnap,1894.88,200.56,1920.0,326.47,25.11999999999989,125.91000000000003,xml_geometry_csv_action
BootPass_106,166,5,5,Position_Unknown,Team_Unknown,Action_PreSnap,1886.74,111.8,1920.0,231.27,33.25999999999999,119.47000000000001,xml_geometry_csv_action
BootPass_106,166,6,6,Position_Unknown,Team_Unknown,Action_PreSnap,1478.25,301.8,1542.58,432.4,64.32999999999993,130.59999999999997,xml_geometry_csv_action
BootPass_106,166,7,7,Position_Unknown,Team_Unknown,Action_PreSnap,1611.44,39.85,1677.3,169.8,65.8599999999999,129.95000000000002,xml_geometry_csv_action
BootPass_106,167,0,0,Position_Unknown,Team_Unknown,Action_PreSnap,1086.29,627.69,1178.17,778.76,91.88000000000011,151.06999999999994,xml_geometry_csv_action
BootPass_106,167,10,10,Position_Unknown,Team_Unknown,Action_PreSnap,1060.79,525.5,1143.29,690.0,82.5,164.5,xml_geometry_csv_action
BootPass_106,167,11,11,Position_Unknown,Team_Unknown,Action_PreSnap,1846.63,183.18,1913.62,312.54,66.98999999999978,129.36,xml_geometry_csv_action
BootPass_106,167,12,12,Position_Unknown,Team_Unknown,Action_PreSnap,1580.1,266.39,1645.65,394.33,65.55000000000018,127.94,xml_geometry_csv_action
BootPass_106,167,13,13,Position_Unknown,Team_Unknown,Action_PreSnap,1701.63,145.58,1775.19,275.91,73.55999999999995,130.33,xml_geometry_csv_action
BootPass_106,167,17,17,Position_Unknown,Team_Unknown,Action_PreSnap,1672.33,515.19,1760.71,653.68,88.38000000000011,138.4899999999999,xml_geometry_csv_action
BootPass_106,167,19,19,Position_Unknown,Team_Unknown,Action_None,540.56,633.72,639.89,758.62,99.33000000000004,124.89999999999998,xml_geometry_csv_action
BootPass_106,167,2,2,Position_Unknown,Team_Unknown,Action_PreSnap,1474.17,230.54,1536.71,357.65,62.539999999999964,127.10999999999999,xml_geometry_csv_action
BootPass_106,167,21,20,Position_Unknown,Team_Unknown,Action_PreSnap,340.06,754.81,461.17,885.7,121.11000000000001,130.8900000000001,xml_geometry_csv_action
BootPass_106,167,23,21,Position_Unknown,Team_Unknown,Action_PreSnap,375.9,758.16,476.1,936.39,100.20000000000005,178.23000000000002,xml_geometry_csv_action
BootPass_106,167,25,22,Position_Unknown,Team_Unknown,Action_SecureCatch,250.09,535.62,347.36,655.55,97.27000000000001,119.92999999999995,xml_geometry_csv_action
BootPass_106,167,28,23,Position_Unknown,Team_Unknown,Action_PreSnap,498.53,0.0,561.19,81.68,62.66000000000008,81.68,xml_geometry_csv_action
BootPass_106,167,5,5,Position_Unknown,Team_Unknown,Action_PreSnap,1895.35,108.57,1920.0,242.41,24.65000000000009,133.84,xml_geometry_csv_action
BootPass_106,167,6,6,Position_Unknown,Team_Unknown,Action_PreSnap,1483.81,295.43,1549.99,426.27,66.18000000000006,130.83999999999997,xml_geometry_csv_action
BootPass_106,167,7,7,Position_Unknown,Team_Unknown,Action_PreSnap,1614.63,39.7,1689.64,168.36,75.00999999999999,128.66000000000003,xml_geometry_csv_action
BootPass_106,168,0,0,Position_Unknown,Team_Unknown,Action_PreSnap,1083.41,619.77,1170.18,771.64,86.76999999999998,151.87,xml_geometry_csv_action
BootPass_106,168,1,1,Position_Unknown,Team_Unknown,Action_PreSnap,1623.4,1.23,1689.62,115.3,66.2199999999998,114.07,xml_geometry_csv_action
BootPass_106,168,10,10,Position_Unknown,Team_Unknown,Action_PreSnap,1050.22,542.16,1137.17,694.73,86.95000000000005,152.57000000000005,xml_geometry_csv_action
BootPass_106,168,11,11,Position_Unknown,Team_Unknown,Action_PreSnap,1856.93,180.16,1920.0,311.2,63.069999999999936,131.04,xml_geometry_csv_action
BootPass_106,168,12,12,Position_Unknown,Team_Unknown,Action_PreSnap,1587.92,263.99,1652.68,392.93,64.75999999999999,128.94,xml_geometry_csv_action
BootPass_106,168,13,13,Position_Unknown,Team_Unknown,Action_PreSnap,1706.74,142.71,1787.46,273.95,80.72000000000003,131.23999999999998,xml_geometry_csv_action
BootPass_106,168,16,16,Position_Unknown,Team_Unknown,Action_PreSnap,1083.29,503.17,1139.26,609.93,55.97000000000003,106.75999999999993,xml_geometry_csv_action
BootPass_106,168,17,17,Position_Unknown,Team_Unknown,Action_PreSnap,1671.02,509.91,1765.65,651.09,94.63000000000011,141.18,xml_geometry_csv_action
BootPass_106,168,19,19,Position_Unknown,Team_Unknown,Action_None,536.68,625.48,640.17,751.48,103.49000000000001,126.0,xml_geometry_csv_action
BootPass_106,168,2,2,Position_Unknown,Team_Unknown,Action_PreSnap,1484.47,229.33,1542.36,351.7,57.88999999999987,122.36999999999998,xml_geometry_csv_action
BootPass_106,168,21,20,Position_Unknown,Team_Unknown,Action_PreSnap,355.74,749.46,464.89,877.07,109.14999999999998,127.61000000000001,xml_geometry_csv_action
BootPass_106,168,23,21,Position_Unknown,Team_Unknown,Action_PreSnap,381.22,753.33,477.89,929.19,96.66999999999996,175.86,xml_geometry_csv_action
BootPass_106,168,25,22,Position_Unknown,Team_Unknown,Action_SecureCatch,261.39,534.92,361.1,654.21,99.71000000000004,119.29000000000008,xml_geometry_csv_action
BootPass_106,168,28,23,Position_Unknown,Team_Unknown,Action_PreSnap,516.72,0.0,579.6,77.81,62.879999999999995,77.81,xml_geometry_csv_action
BootPass_106,168,6,6,Position_Unknown,Team_Unknown,Action_PreSnap,1493.31,291.82,1558.37,421.16,65.05999999999995,129.34000000000003,xml_geometry_csv_action
BootPass_106,168,7,7,Position_Unknown,Team_Unknown,Action_PreSnap,1621.9,40.53,1702.77,166.66,80.86999999999989,126.13,xml_geometry_csv_action
BootPass_106,169,0,0,Position_Unknown,Team_Unknown,Action_PreSnap,1074.44,610.59,1165.97,765.34,91.52999999999997,154.75,xml_geometry_csv_action
BootPass_106,169,1,1,Position_Unknown,Team_Unknown,Action_PreSnap,1626.38,0.0,1690.51,110.43,64.12999999999988,110.43,xml_geometry_csv_action
BootPass_106,169,10,10,Position_Unknown,Team_Unknown,Action_PreSnap,1043.28,546.06,1129.2,690.73,85.92000000000007,144.67000000000007,xml_geometry_csv_action
BootPass_106,169,11,11,Position_Unknown,Team_Unknown,Action_PreSnap,1867.09,174.47,1920.0,304.9,52.91000000000008,130.42999999999998,xml_geometry_csv_action
BootPass_106,169,12,12,Position_Unknown,Team_Unknown,Action_PreSnap,1594.74,261.38,1661.4,394.38,66.66000000000008,133.0,xml_geometry_csv_action
BootPass_106,169,13,13,Position_Unknown,Team_Unknown,Action_PreSnap,1714.35,137.36,1800.07,271.31,85.72000000000003,133.95,xml_geometry_csv_action
BootPass_106,169,16,16,Position_Unknown,Team_Unknown,Action_PreSnap,1062.83,496.45,1142.29,652.67,79.46000000000004,156.21999999999997,xml_geometry_csv_action
BootPass_106,169,17,17,Position_Unknown,Team_Unknown,Action_PreSnap,1668.67,504.8,1770.74,648.48,102.06999999999994,143.68,xml_geometry_csv_action
BootPass_106,169,19,19,Position_Unknown,Team_Unknown,Action_None,538.46,617.99,632.02,742.58,93.55999999999995,124.59000000000003,xml_geometry_csv_action
BootPass_106,169,2,2,Position_Unknown,Team_Unknown,Action_PreSnap,1493.67,225.64,1550.41,345.16,56.74000000000001,119.52000000000004,xml_geometry_csv_action
BootPass_106,169,21,20,Position_Unknown,Team_Unknown,Action_PreSnap,372.78,740.84,459.32,868.55,86.54000000000002,127.70999999999992,xml_geometry_csv_action
BootPass_106,169,23,21,Position_Unknown,Team_Unknown,Action_PreSnap,390.62,743.77,479.58,920.17,88.95999999999998,176.39999999999998,xml_geometry_csv_action
BootPass_106,169,25,22,Position_Unknown,Team_Unknown,Action_SecureCatch,274.1,532.1,377.69,648.54,103.58999999999997,116.43999999999994,xml_geometry_csv_action
BootPass_106,169,28,23,Position_Unknown,Team_Unknown,Action_PreSnap,532.44,0.0,595.54,72.26,63.09999999999991,72.26,xml_geometry_csv_action
BootPass_106,169,31,24,Position_Unknown,Team_Unknown,Action_PreSnap,3.43,459.54,43.58,584.25,40.15,124.70999999999998,xml_geometry_csv_action
BootPass_106,169,6,6,Position_Unknown,Team_Unknown,Action_PreSnap,1500.33,288.56,1569.67,417.38,69.34000000000015,128.82,xml_geometry_csv_action
BootPass_106,169,7,7,Position_Unknown,Team_Unknown,Action_PreSnap,1626.93,35.87,1716.63,163.24,89.70000000000005,127.37,xml_geometry_csv_action
BootPass_106,170,0,0,Position_Unknown,Team_Unknown,Action_PreSnap,1063.57,606.42,1164.35,760.34,100.77999999999997,153.92000000000007,xml_geometry_csv_action
BootPass_106,170,10,10,Position_Unknown,Team_Unknown,Action_PreSnap,1040.58,545.02,1113.73,686.51,73.15000000000009,141.49,xml_geometry_csv_action
BootPass_106,170,11,11,Position_Unknown,Team_Unknown,Action_PreSnap,1873.42,168.04,1920.0,300.89,46.57999999999993,132.85,xml_geometry_csv_action
BootPass_106,170,12,12,Position_Unknown,Team_Unknown,Action_PreSnap,1597.88,257.32,1666.82,394.5,68.93999999999983,137.18,xml_geometry_csv_action
BootPass_106,170,13,13,Position_Unknown,Team_Unknown,Action_PreSnap,1720.69,133.29,1806.85,268.32,86.15999999999985,135.03,xml_geometry_csv_action
BootPass_106,170,16,16,Position_Unknown,Team_Unknown,Action_PreSnap,1063.02,491.41,1142.78,638.28,79.75999999999999,146.86999999999995,xml_geometry_csv_action
BootPass_106,170,17,17,Position_Unknown,Team_Unknown,Action_PreSnap,1663.39,500.23,1772.33,646.93,108.93999999999983,146.69999999999993,xml_geometry_csv_action
BootPass_106,170,19,19,Position_Unknown,Team_Unknown,Action_None,540.12,611.88,618.8,735.16,78.67999999999995,123.27999999999997,xml_geometry_csv_action
BootPass_106,170,2,2,Position_Unknown,Team_Unknown,Action_PreSnap,1498.65,221.8,1554.7,339.85,56.049999999999955,118.05000000000001,xml_geometry_csv_action
BootPass_106,170,21,20,Position_Unknown,Team_Unknown,Action_PreSnap,380.51,731.13,451.38,860.73,70.87,129.60000000000002,xml_geometry_csv_action
BootPass_106,170,23,21,Position_Unknown,Team_Unknown,Action_PreSnap,390.61,738.28,470.72,912.59,80.11000000000001,174.31000000000006,xml_geometry_csv_action
BootPass_106,170,25,22,Position_Unknown,Team_Unknown,Action_SecureCatch,281.6,528.67,385.42,645.77,103.82,117.10000000000002,xml_geometry_csv_action
BootPass_106,170,6,6,Position_Unknown,Team_Unknown,Action_PreSnap,1498.76,284.35,1578.08,417.94,79.31999999999994,133.58999999999997,xml_geometry_csv_action
BootPass_106,170,7,7,Position_Unknown,Team_Unknown,Action_PreSnap,1630.5,26.49,1723.54,159.26,93.03999999999996,132.76999999999998,xml_geometry_csv_action
BootPass_106,171,0,0,Position_Unknown,Team_Unknown,Action_PreSnap,1041.26,604.21,1148.99,755.95,107.73000000000002,151.74,xml_geometry_csv_action
BootPass_106,171,10,10,Position_Unknown,Team_Unknown,Action_PreSnap,1032.25,549.24,1122.59,684.67,90.33999999999992,135.42999999999995,xml_geometry_csv_action
BootPass_106,171,11,11,Position_Unknown,Team_Unknown,Action_PreSnap,1872.2,162.71,1919.04,300.92,46.83999999999992,138.21,xml_geometry_csv_action
BootPass_106,171,12,12,Position_Unknown,Team_Unknown,Action_PreSnap,1595.77,254.92,1668.59,394.9,72.81999999999994,139.98,xml_geometry_csv_action
BootPass_106,171,13,13,Position_Unknown,Team_Unknown,Action_PreSnap,1723.99,129.62,1807.28,263.65,83.28999999999996,134.02999999999997,xml_geometry_csv_action
BootPass_106,171,16,16,Position_Unknown,Team_Unknown,Action_PreSnap,1051.34,487.25,1140.23,625.92,88.8900000000001,138.66999999999996,xml_geometry_csv_action
BootPass_106,171,17,17,Position_Unknown,Team_Unknown,Action_PreSnap,1654.96,498.52,1761.34,647.56,106.37999999999988,149.03999999999996,xml_geometry_csv_action
BootPass_106,171,19,19,Position_Unknown,Team_Unknown,Action_None,528.64,607.49,610.72,733.45,82.08000000000004,125.96000000000004,xml_geometry_csv_action
BootPass_106,171,2,2,Position_Unknown,Team_Unknown,Action_PreSnap,1496.29,216.49,1554.53,338.06,58.24000000000001,121.57,xml_geometry_csv_action
BootPass_106,171,23,21,Position_Unknown,Team_Unknown,Action_PreSnap,379.64,728.73,463.09,906.88,83.44999999999999,178.14999999999998,xml_geometry_csv_action
BootPass_106,171,25,22,Position_Unknown,Team_Unknown,Action_SecureCatch,284.37,526.96,389.73,648.56,105.36000000000001,121.59999999999991,xml_geometry_csv_action
BootPass_106,171,6,6,Position_Unknown,Team_Unknown,Action_PreSnap,1490.04,280.86,1578.94,419.33,88.90000000000009,138.46999999999997,xml_geometry_csv_action
BootPass_106,171,7,7,Position_Unknown,Team_Unknown,Action_PreSnap,1629.39,11.55,1723.08,155.13,93.68999999999983,143.57999999999998,xml_geometry_csv_action
BootPass_106,172,0,0,Position_Unknown,Team_Unknown,Action_PreSnap,1022.7,605.95,1137.85,749.13,115.14999999999986,143.17999999999995,xml_geometry_csv_action
BootPass_106,172,10,10,Position_Unknown,Team_Unknown,Action_PreSnap,1016.79,552.47,1116.81,679.37,100.01999999999998,126.89999999999998,xml_geometry_csv_action
BootPass_106,172,11,11,Position_Unknown,Team_Unknown,Action_PreSnap,1868.88,159.32,1917.19,299.82,48.309999999999945,140.5,xml_geometry_csv_action
BootPass_106,172,12,12,Position_Unknown,Team_Unknown,Action_PreSnap,1592.36,253.39,1667.67,396.02,75.31000000000017,142.63,xml_geometry_csv_action
BootPass_106,172,13,13,Position_Unknown,Team_Unknown,Action_PreSnap,1723.44,127.45,1803.17,258.66,79.73000000000002,131.21000000000004,xml_geometry_csv_action
BootPass_106,172,16,16,Position_Unknown,Team_Unknown,Action_PreSnap,1024.11,483.28,1132.56,619.71,108.45000000000005,136.43000000000006,xml_geometry_csv_action
BootPass_106,172,17,17,Position_Unknown,Team_Unknown,Action_PreSnap,1647.83,497.8,1745.75,646.72,97.92000000000007,148.92000000000002,xml_geometry_csv_action
BootPass_106,172,19,19,Position_Unknown,Team_Unknown,Action_None,511.46,603.53,597.86,730.96,86.40000000000003,127.43000000000006,xml_geometry_csv_action
BootPass_106,172,2,2,Position_Unknown,Team_Unknown,Action_PreSnap,1490.55,212.04,1552.49,338.56,61.940000000000055,126.52000000000001,xml_geometry_csv_action
BootPass_106,172,23,21,Position_Unknown,Team_Unknown,Action_PreSnap,367.05,721.23,457.71,901.94,90.65999999999997,180.71000000000004,xml_geometry_csv_action
BootPass_106,172,25,22,Position_Unknown,Team_Unknown,Action_SecureCatch,286.0,525.26,390.23,651.54,104.23000000000002,126.27999999999997,xml_geometry_csv_action
BootPass_106,172,33,25,Position_Unknown,Team_Unknown,Action_PreSnap,68.04,570.74,131.04,716.76,62.999999999999986,146.01999999999998,xml_geometry_csv_action
BootPass_106,172,6,6,Position_Unknown,Team_Unknown,Action_PreSnap,1483.26,279.83,1574.45,418.23,91.19000000000005,138.40000000000003,xml_geometry_csv_action
BootPass_106,172,7,7,Position_Unknown,Team_Unknown,Action_PreSnap,1631.2,15.15,1717.57,151.23,86.36999999999989,136.07999999999998,xml_geometry_csv_action
BootPass_106,173,0,0,Position_Unknown,Team_Unknown,Action_PreSnap,1005.0,595.62,1126.66,743.83,121.66000000000008,148.21000000000004,xml_geometry_csv_action
BootPass_106,173,1,1,Position_Unknown,Team_Unknown,Action_PreSnap,1623.36,0.0,1676.98,91.36,53.62000000000012,91.36,xml_geometry_csv_action
BootPass_106,173,10,10,Position_Unknown,Team_Unknown,Action_PreSnap,1002.04,544.32,1115.01,673.22,112.97000000000003,128.89999999999998,xml_geometry_csv_action
BootPass_106,173,11,11,Position_Unknown,Team_Unknown,Action_PreSnap,1865.89,155.06,1917.1,296.22,51.20999999999981,141.16000000000003,xml_geometry_csv_action
BootPass_106,173,12,12,Position_Unknown,Team_Unknown,Action_PreSnap,1589.22,250.99,1662.89,392.03,73.67000000000007,141.03999999999996,xml_geometry_csv_action
BootPass_106,173,13,13,Position_Unknown,Team_Unknown,Action_PreSnap,1722.78,123.73,1799.5,250.66,76.72000000000003,126.92999999999999,xml_geometry_csv_action
BootPass_106,173,16,16,Position_Unknown,Team_Unknown,Action_PreSnap,1002.3,478.53,1124.54,630.34,122.24000000000001,151.81000000000006,xml_geometry_csv_action
BootPass_106,173,17,17,Position_Unknown,Team_Unknown,Action_PreSnap,1637.63,495.09,1716.26,641.48,78.62999999999988,146.39000000000004,xml_geometry_csv_action
BootPass_106,173,19,19,Position_Unknown,Team_Unknown,Action_None,488.68,598.0,585.85,727.16,97.17000000000002,129.15999999999997,xml_geometry_csv_action
BootPass_106,173,2,2,Position_Unknown,Team_Unknown,Action_PreSnap,1482.77,206.56,1552.43,338.14,69.66000000000008,131.57999999999998,xml_geometry_csv_action
BootPass_106,173,23,21,Position_Unknown,Team_Unknown,Action_PreSnap,356.21,711.08,454.12,894.65,97.91000000000003,183.56999999999994,xml_geometry_csv_action
BootPass_106,173,25,22,Position_Unknown,Team_Unknown,Action_SecureCatch,287.55,520.37,392.46,653.49,104.90999999999997,133.12,xml_geometry_csv_action
BootPass_106,173,33,25,Position_Unknown,Team_Unknown,Action_PreSnap,69.83,562.25,138.2,710.39,68.36999999999999,148.14,xml_geometry_csv_action
BootPass_106,173,34,26,Position_Unknown,Team_Unknown,Action_PreSnap,0.6,553.95,38.67,698.9,38.07,144.94999999999993,xml_geometry_csv_action
BootPass_106,173,6,6,Position_Unknown,Team_Unknown,Action_PreSnap,1478.69,277.41,1567.42,416.38,88.73000000000002,138.96999999999997,xml_geometry_csv_action
BootPass_106,173,7,7,Position_Unknown,Team_Unknown,Action_PreSnap,1637.7,14.42,1711.17,145.19,73.47000000000003,130.77,xml_geometry_csv_action
BootPass_106,174,0,0,Position_Unknown,Team_Unknown,Action_PreSnap,988.54,563.41,1107.72,738.47,119.18000000000006,175.06000000000006,xml_geometry_csv_action
BootPass_106,174,10,10,Position_Unknown,Team_Unknown,Action_PreSnap,991.44,496.08,1105.99,652.92,114.54999999999995,156.83999999999997,xml_geometry_csv_action
BootPass_106,174,11,11,Position_Unknown,Team_Unknown,Action_PreSnap,1864.71,150.22,1916.94,291.48,52.23000000000002,141.26000000000002,xml_geometry_csv_action
BootPass_106,174,12,12,Position_Unknown,Team_Unknown,Action_PreSnap,1587.6,245.36,1658.96,385.13,71.36000000000013,139.76999999999998,xml_geometry_csv_action
BootPass_106,174,13,13,Position_Unknown,Team_Unknown,Action_PreSnap,1722.41,117.8,1790.31,242.94,67.89999999999986,125.14,xml_geometry_csv_action
BootPass_106,174,17,17,Position_Unknown,Team_Unknown,Action_PreSnap,1623.96,489.47,1701.53,634.26,77.56999999999994,144.78999999999996,xml_geometry_csv_action
BootPass_106,174,19,19,Position_Unknown,Team_Unknown,Action_None,474.37,591.34,572.47,721.55,98.10000000000002,130.20999999999992,xml_geometry_csv_action
BootPass_106,174,2,2,Position_Unknown,Team_Unknown,Action_PreSnap,1477.16,199.46,1555.52,332.39,78.3599999999999,132.92999999999998,xml_geometry_csv_action
BootPass_106,174,21,20,Position_Unknown,Team_Unknown,Action_PreSnap,344.51,697.37,420.16,874.62,75.65000000000003,177.25,xml_geometry_csv_action
BootPass_106,174,23,21,Position_Unknown,Team_Unknown,Action_PreSnap,355.39,702.46,453.44,887.36,98.05000000000001,184.89999999999998,xml_geometry_csv_action
BootPass_106,174,25,22,Position_Unknown,Team_Unknown,Action_SecureCatch,286.48,515.76,388.94,650.71,102.45999999999998,134.95000000000005,xml_geometry_csv_action
BootPass_106,174,33,25,Position_Unknown,Team_Unknown,Action_PreSnap,72.27,551.46,141.05,703.29,68.78000000000002,151.82999999999993,xml_geometry_csv_action
BootPass_106,174,34,26,Position_Unknown,Team_Unknown,Action_PreSnap,0.73,546.39,42.62,691.21,41.89,144.82000000000005,xml_geometry_csv_action
BootPass_106,174,6,6,Position_Unknown,Team_Unknown,Action_PreSnap,1477.61,271.9,1559.76,411.85,82.15000000000009,139.95000000000005,xml_geometry_csv_action
BootPass_106,174,7,7,Position_Unknown,Team_Unknown,Action_PreSnap,1641.93,11.25,1707.87,137.62,65.93999999999983,126.37,xml_geometry_csv_action
BootPass_106,175,0,0,Position_Unknown,Team_Unknown,Action_PreSnap,979.38,564.12,1085.99,730.08,106.61000000000001,165.96000000000004,xml_geometry_csv_action
BootPass_106,175,10,10,Position_Unknown,Team_Unknown,Action_PreSnap,974.04,517.79,1083.09,657.2,109.04999999999995,139.41000000000008,xml_geometry_csv_action
BootPass_106,175,11,11,Position_Unknown,Team_Unknown,Action_PreSnap,1863.83,146.3,1916.81,284.81,52.98000000000002,138.51,xml_geometry_csv_action
BootPass_106,175,12,12,Position_Unknown,Team_Unknown,Action_PreSnap,1583.96,239.17,1654.88,377.95,70.92000000000007,138.78,xml_geometry_csv_action
BootPass_106,175,13,13,Position_Unknown,Team_Unknown,Action_PreSnap,1719.72,111.1,1782.97,234.81,63.25,123.71000000000001,xml_geometry_csv_action
BootPass_106,175,16,16,Position_Unknown,Team_Unknown,Action_PreSnap,988.39,471.72,1085.11,595.46,96.71999999999991,123.74000000000001,xml_geometry_csv_action
BootPass_106,175,17,17,Position_Unknown,Team_Unknown,Action_PreSnap,1607.59,483.92,1693.39,626.72,85.80000000000018,142.8,xml_geometry_csv_action
BootPass_106,175,19,19,Position_Unknown,Team_Unknown,Action_None,467.61,585.76,555.93,715.47,88.31999999999994,129.71000000000004,xml_geometry_csv_action
BootPass_106,175,2,2,Position_Unknown,Team_Unknown,Action_PreSnap,1470.3,194.84,1551.87,330.17,81.56999999999994,135.33,xml_geometry_csv_action
BootPass_106,175,21,20,Position_Unknown,Team_Unknown,Action_PreSnap,335.7,688.59,412.55,848.26,76.85000000000002,159.66999999999996,xml_geometry_csv_action
BootPass_106,175,23,21,Position_Unknown,Team_Unknown,Action_PreSnap,356.24,692.84,452.4,882.36,96.15999999999997,189.51999999999998,xml_geometry_csv_action
BootPass_106,175,25,22,Position_Unknown,Team_Unknown,Action_SecureCatch,286.84,510.52,383.22,645.63,96.38000000000005,135.11,xml_geometry_csv_action
BootPass_106,175,34,26,Position_Unknown,Team_Unknown,Action_PreSnap,0.47,539.54,45.44,684.29,44.97,144.75,xml_geometry_csv_action
BootPass_106,175,6,6,Position_Unknown,Team_Unknown,Action_PreSnap,1476.24,268.91,1550.03,405.98,73.78999999999996,137.07,xml_geometry_csv_action
BootPass_106,175,7,7,Position_Unknown,Team_Unknown,Action_PreSnap,1640.36,6.66,1704.94,131.24,64.58000000000015,124.58000000000001,xml_geometry_csv_action
BootPass_106,176,0,0,Position_Unknown,Team_Unknown,Action_PreSnap,973.55,572.68,1060.97,721.2,87.42000000000007,148.5200000000001,xml_geometry_csv_action
BootPass_106,176,10,10,Position_Unknown,Team_Unknown,Action_PreSnap,956.56,525.7,1055.23,659.53,98.67000000000007,133.82999999999993,xml_geometry_csv_action
BootPass_106,176,11,11,Position_Unknown,Team_Unknown,Action_PreSnap,1863.57,140.04,1916.85,275.67,53.27999999999997,135.63000000000002,xml_geometry_csv_action
BootPass_106,176,12,12,Position_Unknown,Team_Unknown,Action_PreSnap,1579.4,230.79,1653.09,368.37,73.68999999999983,137.58,xml_geometry_csv_action
BootPass_106,176,13,13,Position_Unknown,Team_Unknown,Action_PreSnap,1718.61,103.06,1780.26,227.29,61.65000000000009,124.22999999999999,xml_geometry_csv_action
BootPass_106,176,16,16,Position_Unknown,Team_Unknown,Action_PreSnap,981.71,467.46,1057.89,578.73,76.18000000000006,111.27000000000004,xml_geometry_csv_action
BootPass_106,176,17,17,Position_Unknown,Team_Unknown,Action_PreSnap,1596.43,478.06,1688.06,620.88,91.62999999999988,142.82,xml_geometry_csv_action
BootPass_106,176,19,19,Position_Unknown,Team_Unknown,Action_None,454.52,577.14,538.29,706.17,83.76999999999998,129.02999999999997,xml_geometry_csv_action
BootPass_106,176,2,2,Position_Unknown,Team_Unknown,Action_PreSnap,1466.63,188.98,1553.85,322.38,87.2199999999998,133.4,xml_geometry_csv_action
BootPass_106,176,21,20,Position_Unknown,Team_Unknown,Action_PreSnap,321.81,678.81,406.53,835.04,84.71999999999997,156.23000000000002,xml_geometry_csv_action
BootPass_106,176,23,21,Position_Unknown,Team_Unknown,Action_PreSnap,356.28,683.29,450.56,874.53,94.28000000000003,191.24,xml_geometry_csv_action
BootPass_106,176,25,22,Position_Unknown,Team_Unknown,Action_SecureCatch,286.86,504.75,379.88,637.38,93.01999999999998,132.63,xml_geometry_csv_action
BootPass_106,176,33,25,Position_Unknown,Team_Unknown,Action_PreSnap,76.55,535.98,142.99,685.53,66.44000000000001,149.54999999999995,xml_geometry_csv_action
BootPass_106,176,34,26,Position_Unknown,Team_Unknown,Action_PreSnap,0.25,529.97,43.17,675.28,42.92,145.30999999999995,xml_geometry_csv_action
BootPass_106,176,6,6,Position_Unknown,Team_Unknown,Action_PreSnap,1476.59,261.85,1544.36,396.44,67.76999999999998,134.58999999999997,xml_geometry_csv_action
BootPass_106,176,7,7,Position_Unknown,Team_Unknown,Action_PreSnap,1640.53,0.6,1701.26,126.15,60.73000000000002,125.55000000000001,xml_geometry_csv_action
BootPass_106,177,0,0,Position_Unknown,Team_Unknown,Action_PreSnap,951.91,557.98,1041.5,712.26,89.59000000000003,154.27999999999997,xml_geometry_csv_action
BootPass_106,177,10,10,Position_Unknown,Team_Unknown,Action_PreSnap,946.62,526.78,1031.96,658.05,85.34000000000003,131.26999999999998,xml_geometry_csv_action
BootPass_106,177,11,11,Position_Unknown,Team_Unknown,Action_PreSnap,1859.78,135.05,1917.08,269.27,57.299999999999955,134.21999999999997,xml_geometry_csv_action
BootPass_106,177,12,12,Position_Unknown,Team_Unknown,Action_PreSnap,1573.15,225.09,1651.17,360.02,78.01999999999998,134.92999999999998,xml_geometry_csv_action
BootPass_106,177,13,13,Position_Unknown,Team_Unknown,Action_PreSnap,1714.19,95.21,1777.06,224.45,62.86999999999989,129.24,xml_geometry_csv_action
BootPass_106,177,16,16,Position_Unknown,Team_Unknown,Action_PreSnap,968.62,462.63,1032.45,579.47,63.83000000000004,116.84000000000003,xml_geometry_csv_action
BootPass_106,177,17,17,Position_Unknown,Team_Unknown,Action_PreSnap,1585.8,473.72,1680.8,619.39,95.0,145.66999999999996,xml_geometry_csv_action
BootPass_106,177,19,19,Position_Unknown,Team_Unknown,Action_None,437.4,570.63,522.52,697.15,85.12,126.51999999999998,xml_geometry_csv_action
BootPass_106,177,2,2,Position_Unknown,Team_Unknown,Action_PreSnap,1461.61,184.21,1537.5,317.01,75.8900000000001,132.79999999999998,xml_geometry_csv_action
BootPass_106,177,21,20,Position_Unknown,Team_Unknown,Action_PreSnap,309.69,671.79,398.46,827.9,88.76999999999998,156.11,xml_geometry_csv_action
BootPass_106,177,23,21,Position_Unknown,Team_Unknown,Action_PreSnap,352.49,675.01,445.21,865.47,92.71999999999997,190.46000000000004,xml_geometry_csv_action
BootPass_106,177,25,22,Position_Unknown,Team_Unknown,Action_SecureCatch,284.04,501.69,374.26,630.39,90.21999999999997,128.7,xml_geometry_csv_action
BootPass_106,177,33,25,Position_Unknown,Team_Unknown,Action_PreSnap,80.35,530.2,143.35,678.81,63.0,148.6099999999999,xml_geometry_csv_action
BootPass_106,177,34,26,Position_Unknown,Team_Unknown,Action_PreSnap,0.13,521.67,42.43,666.44,42.3,144.7700000000001,xml_geometry_csv_action
BootPass_106,177,6,6,Position_Unknown,Team_Unknown,Action_PreSnap,1475.52,254.65,1541.67,387.57,66.15000000000009,132.92,xml_geometry_csv_action
BootPass_106,177,7,7,Position_Unknown,Team_Unknown,Action_PreSnap,1638.11,0.0,1699.15,121.8,61.04000000000019,121.8,xml_geometry_csv_action
BootPass_106,178,0,0,Position_Unknown,Team_Unknown,Action_PreSnap,937.3,545.58,1030.54,708.78,93.24000000000001,163.19999999999993,xml_geometry_csv_action
BootPass_106,178,11,11,Position_Unknown,Team_Unknown,Action_PreSnap,1856.56,131.33,1916.74,264.97,60.180000000000064,133.64000000000001,xml_geometry_csv_action
BootPass_106,178,12,12,Position_Unknown,Team_Unknown,Action_PreSnap,1566.33,221.0,1650.64,359.53,84.31000000000017,138.52999999999997,xml_geometry_csv_action
BootPass_106,178,13,13,Position_Unknown,Team_Unknown,Action_PreSnap,1709.35,90.9,1775.11,223.46,65.75999999999999,132.56,xml_geometry_csv_action
BootPass_106,178,16,16,Position_Unknown,Team_Unknown,Action_PreSnap,954.48,458.14,1011.29,579.16,56.809999999999945,121.01999999999998,xml_geometry_csv_action
BootPass_106,178,17,17,Position_Unknown,Team_Unknown,Action_PreSnap,1570.02,471.91,1672.63,621.35,102.61000000000013,149.44,xml_geometry_csv_action
BootPass_106,178,19,19,Position_Unknown,Team_Unknown,Action_None,426.05,566.33,505.7,691.65,79.64999999999998,125.31999999999994,xml_geometry_csv_action
BootPass_106,178,2,2,Position_Unknown,Team_Unknown,Action_PreSnap,1456.02,180.78,1525.53,313.69,69.50999999999999,132.91,xml_geometry_csv_action
BootPass_106,178,21,20,Position_Unknown,Team_Unknown,Action_PreSnap,300.03,667.2,388.63,822.68,88.60000000000002,155.4799999999999,xml_geometry_csv_action
BootPass_106,178,23,21,Position_Unknown,Team_Unknown,Action_PreSnap,347.39,671.83,436.07,858.57,88.68,186.74,xml_geometry_csv_action
BootPass_106,178,25,22,Position_Unknown,Team_Unknown,Action_SecureCatch,279.66,501.73,360.01,625.9,80.34999999999997,124.16999999999996,xml_geometry_csv_action
BootPass_106,178,33,25,Position_Unknown,Team_Unknown,Action_PreSnap,80.68,528.95,148.06,674.74,67.38,145.78999999999996,xml_geometry_csv_action
BootPass_106,178,34,26,Position_Unknown,Team_Unknown,Action_PreSnap,0.0,516.27,46.63,662.86,46.63,146.59000000000003,xml_geometry_csv_action
BootPass_106,178,6,6,Position_Unknown,Team_Unknown,Action_PreSnap,1471.11,251.12,1537.75,383.84,66.6400000000001,132.71999999999997,xml_geometry_csv_action
BootPass_106,178,7,7,Position_Unknown,Team_Unknown,Action_PreSnap,1632.48,0.0,1696.3,120.16,63.819999999999936,120.16,xml_geometry_csv_action
BootPass_106,179,0,0,Position_Unknown,Team_Unknown,Action_PreSnap,913.35,538.56,1016.74,708.28,103.38999999999999,169.72000000000003,xml_geometry_csv_action
BootPass_106,179,11,11,Position_Unknown,Team_Unknown,Action_PreSnap,1855.54,127.61,1916.94,259.94,61.40000000000009,132.32999999999998,xml_geometry_csv_action
BootPass_106,179,12,12,Position_Unknown,Team_Unknown,Action_PreSnap,1556.77,217.03,1650.01,360.36,93.24000000000001,143.33,xml_geometry_csv_action
BootPass_106,179,13,13,Position_Unknown,Team_Unknown,Action_PreSnap,1703.1,87.65,1772.27,222.32,69.17000000000007,134.67,xml_geometry_csv_action
BootPass_106,179,16,16,Position_Unknown,Team_Unknown,Action_PreSnap,930.58,456.07,997.82,598.79,67.24000000000001,142.71999999999997,xml_geometry_csv_action
BootPass_106,179,17,17,Position_Unknown,Team_Unknown,Action_PreSnap,1549.75,469.7,1660.75,623.1,111.0,153.40000000000003,xml_geometry_csv_action
BootPass_106,179,19,19,Position_Unknown,Team_Unknown,Action_None,412.68,561.96,491.52,687.48,78.83999999999997,125.51999999999998,xml_geometry_csv_action
BootPass_106,179,2,2,Position_Unknown,Team_Unknown,Action_PreSnap,1451.14,177.83,1519.84,307.05,68.69999999999982,129.22,xml_geometry_csv_action
BootPass_106,179,21,20,Position_Unknown,Team_Unknown,Action_PreSnap,286.32,662.45,379.2,820.08,92.88,157.63,xml_geometry_csv_action
BootPass_106,179,23,21,Position_Unknown,Team_Unknown,Action_PreSnap,342.6,666.59,425.55,849.2,82.94999999999999,182.61,xml_geometry_csv_action
BootPass_106,179,25,22,Position_Unknown,Team_Unknown,Action_SecureCatch,276.9,503.71,348.12,624.33,71.22000000000003,120.62000000000006,xml_geometry_csv_action
BootPass_106,179,33,25,Position_Unknown,Team_Unknown,Action_PreSnap,83.33,519.88,156.05,669.04,72.72000000000001,149.15999999999997,xml_geometry_csv_action
BootPass_106,179,34,26,Position_Unknown,Team_Unknown,Action_PreSnap,0.0,512.18,48.11,658.14,48.11,145.96000000000004,xml_geometry_csv_action
BootPass_106,179,6,6,Position_Unknown,Team_Unknown,Action_PreSnap,1463.32,248.7,1529.86,385.17,66.53999999999996,136.47000000000003,xml_geometry_csv_action
BootPass_106,179,7,7,Position_Unknown,Team_Unknown,Action_PreSnap,1628.22,0.0,1692.69,117.75,64.47000000000003,117.75,xml_geometry_csv_action
BootPass_106,180,0,0,Position_Unknown,Team_Unknown,Action_PreSnap,892.56,532.79,1007.93,706.22,115.37,173.43000000000006,xml_geometry_csv_action
BootPass_106,180,11,11,Position_Unknown,Team_Unknown,Action_PreSnap,1857.45,122.91,1917.16,257.54,59.710000000000036,134.63000000000002,xml_geometry_csv_action
BootPass_106,180,12,12,Position_Unknown,Team_Unknown,Action_PreSnap,1545.68,213.32,1645.8,360.9,100.11999999999989,147.57999999999998,xml_geometry_csv_action
BootPass_106,180,13,13,Position_Unknown,Team_Unknown,Action_PreSnap,1699.38,84.9,1769.9,221.42,70.51999999999998,136.51999999999998,xml_geometry_csv_action
BootPass_106,180,16,16,Position_Unknown,Team_Unknown,Action_PreSnap,915.11,454.91,986.76,597.36,71.64999999999998,142.45,xml_geometry_csv_action
BootPass_106,180,17,17,Position_Unknown,Team_Unknown,Action_PreSnap,1538.96,470.39,1645.03,623.96,106.06999999999994,153.57000000000005,xml_geometry_csv_action
BootPass_106,180,19,19,Position_Unknown,Team_Unknown,Action_None,399.66,558.28,476.07,681.49,76.40999999999997,123.21000000000004,xml_geometry_csv_action
BootPass_106,180,2,2,Position_Unknown,Team_Unknown,Action_PreSnap,1447.63,173.91,1515.86,297.94,68.22999999999979,124.03,xml_geometry_csv_action
BootPass_106,180,21,20,Position_Unknown,Team_Unknown,Action_PreSnap,275.76,657.47,372.75,816.01,96.99000000000001,158.53999999999996,xml_geometry_csv_action
BootPass_106,180,23,21,Position_Unknown,Team_Unknown,Action_PreSnap,337.19,660.42,413.46,841.96,76.26999999999998,181.54000000000008,xml_geometry_csv_action
BootPass_106,180,25,22,Position_Unknown,Team_Unknown,Action_SecureCatch,273.49,506.34,340.47,624.9,66.98000000000002,118.56,xml_geometry_csv_action
BootPass_106,180,33,25,Position_Unknown,Team_Unknown,Action_PreSnap,83.99,509.61,165.32,664.52,81.33,154.90999999999997,xml_geometry_csv_action
BootPass_106,180,34,26,Position_Unknown,Team_Unknown,Action_PreSnap,0.0,507.33,48.09,652.62,48.09,145.29000000000002,xml_geometry_csv_action
BootPass_106,180,6,6,Position_Unknown,Team_Unknown,Action_PreSnap,1452.71,245.4,1522.33,386.56,69.61999999999989,141.16,xml_geometry_csv_action
BootPass_106,180,7,7,Position_Unknown,Team_Unknown,Action_PreSnap,1626.95,0.0,1690.19,113.43,63.24000000000001,113.43,xml_geometry_csv_action
BootPass_106,181,0,0,Position_Unknown,Team_Unknown,Action_PreSnap,876.75,535.14,997.38,705.75,120.63,170.61,xml_geometry_csv_action
BootPass_106,181,10,10,Position_Unknown,Team_Unknown,Action_PreSnap,874.47,474.57,982.61,645.83,108.13999999999999,171.26000000000005,xml_geometry_csv_action
BootPass_106,181,11,11,Position_Unknown,Team_Unknown,Action_PreSnap,1860.16,119.89,1917.95,257.58,57.789999999999964,137.69,xml_geometry_csv_action
BootPass_106,181,12,12,Position_Unknown,Team_Unknown,Action_PreSnap,1540.14,211.72,1637.61,362.01,97.4699999999998,150.29,xml_geometry_csv_action
BootPass_106,181,13,13,Position_Unknown,Team_Unknown,Action_PreSnap,1696.06,83.4,1766.32,220.87,70.25999999999999,137.47,xml_geometry_csv_action
BootPass_106,181,17,17,Position_Unknown,Team_Unknown,Action_PreSnap,1532.34,470.05,1625.24,621.91,92.90000000000009,151.85999999999996,xml_geometry_csv_action
BootPass_106,181,19,19,Position_Unknown,Team_Unknown,Action_None,392.4,556.67,467.39,676.05,74.99000000000001,119.38,xml_geometry_csv_action
BootPass_106,181,2,2,Position_Unknown,Team_Unknown,Action_PreSnap,1445.39,171.29,1511.2,298.13,65.80999999999995,126.84,xml_geometry_csv_action
BootPass_106,181,21,20,Position_Unknown,Team_Unknown,Action_PreSnap,267.35,654.53,369.3,815.4,101.94999999999999,160.87,xml_geometry_csv_action
BootPass_106,181,23,21,Position_Unknown,Team_Unknown,Action_PreSnap,333.49,656.6,402.85,836.17,69.36000000000001,179.56999999999994,xml_geometry_csv_action
BootPass_106,181,25,22,Position_Unknown,Team_Unknown,Action_SecureCatch,269.65,509.62,335.4,632.47,65.75,122.85000000000002,xml_geometry_csv_action
BootPass_106,181,33,25,Position_Unknown,Team_Unknown,Action_PreSnap,87.9,516.09,159.52,662.24,71.62,146.14999999999998,xml_geometry_csv_action
BootPass_106,181,34,26,Position_Unknown,Team_Unknown,Action_PreSnap,0.27,503.3,56.39,648.88,56.12,145.57999999999998,xml_geometry_csv_action
BootPass_106,181,6,6,Position_Unknown,Team_Unknown,Action_PreSnap,1443.73,245.19,1515.4,386.75,71.67000000000007,141.56,xml_geometry_csv_action
BootPass_106,181,7,7,Position_Unknown,Team_Unknown,Action_PreSnap,1626.31,0.0,1688.46,109.32,62.15000000000009,109.32,xml_geometry_csv_action
BootPass_106,182,0,0,Position_Unknown,Team_Unknown,Action_PreSnap,864.11,533.92,981.19,704.83,117.08000000000004,170.91000000000008,xml_geometry_csv_action
BootPass_106,182,10,10,Position_Unknown,Team_Unknown,Action_PreSnap,855.89,461.31,973.31,641.6,117.41999999999996,180.29000000000002,xml_geometry_csv_action
BootPass_106,182,11,11,Position_Unknown,Team_Unknown,Action_PreSnap,1859.13,117.12,1917.45,256.99,58.319999999999936,139.87,xml_geometry_csv_action
BootPass_106,182,12,12,Position_Unknown,Team_Unknown,Action_PreSnap,1532.65,210.21,1624.2,363.25,91.54999999999995,153.04,xml_geometry_csv_action
BootPass_106,182,13,13,Position_Unknown,Team_Unknown,Action_PreSnap,1691.88,81.55,1760.79,217.62,68.90999999999985,136.07,xml_geometry_csv_action
BootPass_106,182,17,17,Position_Unknown,Team_Unknown,Action_PreSnap,1523.29,469.37,1603.31,617.82,80.01999999999998,148.45000000000005,xml_geometry_csv_action
BootPass_106,182,19,19,Position_Unknown,Team_Unknown,Action_None,379.46,556.12,458.37,668.27,78.91000000000003,112.14999999999998,xml_geometry_csv_action
BootPass_106,182,2,2,Position_Unknown,Team_Unknown,Action_PreSnap,1440.28,167.15,1506.19,301.15,65.91000000000008,133.99999999999997,xml_geometry_csv_action
BootPass_106,182,21,20,Position_Unknown,Team_Unknown,Action_PreSnap,261.44,650.13,360.4,810.0,98.95999999999998,159.87,xml_geometry_csv_action
BootPass_106,182,23,21,Position_Unknown,Team_Unknown,Action_PreSnap,326.18,652.46,393.15,829.55,66.96999999999997,177.08999999999992,xml_geometry_csv_action
BootPass_106,182,25,22,Position_Unknown,Team_Unknown,Action_SecureCatch,264.44,514.25,332.12,637.22,67.68,122.97000000000003,xml_geometry_csv_action
BootPass_106,182,33,25,Position_Unknown,Team_Unknown,Action_PreSnap,87.44,516.17,162.65,659.92,75.21000000000001,143.75,xml_geometry_csv_action
BootPass_106,182,34,26,Position_Unknown,Team_Unknown,Action_PreSnap,0.0,499.34,57.7,644.95,57.7,145.61000000000007,xml_geometry_csv_action
BootPass_106,182,6,6,Position_Unknown,Team_Unknown,Action_PreSnap,1433.58,244.09,1508.59,386.54,75.00999999999999,142.45000000000002,xml_geometry_csv_action
BootPass_106,182,7,7,Position_Unknown,Team_Unknown,Action_PreSnap,1625.58,0.0,1684.42,104.89,58.840000000000146,104.89,xml_geometry_csv_action
BootPass_106,183,0,0,Position_Unknown,Team_Unknown,Action_PreSnap,859.11,536.26,960.86,699.91,101.75,163.64999999999998,xml_geometry_csv_action
BootPass_106,183,10,10,Position_Unknown,Team_Unknown,Action_PreSnap,842.34,456.1,958.13,646.08,115.78999999999996,189.98000000000002,xml_geometry_csv_action
BootPass_106,183,11,11,Position_Unknown,Team_Unknown,Action_PreSnap,1858.06,113.68,1917.85,255.54,59.789999999999964,141.85999999999999,xml_geometry_csv_action
BootPass_106,183,12,12,Position_Unknown,Team_Unknown,Action_PreSnap,1529.26,208.77,1613.62,361.34,84.3599999999999,152.56999999999996,xml_geometry_csv_action
BootPass_106,183,13,13,Position_Unknown,Team_Unknown,Action_PreSnap,1688.72,78.33,1756.3,212.21,67.57999999999993,133.88,xml_geometry_csv_action
BootPass_106,183,17,17,Position_Unknown,Team_Unknown,Action_PreSnap,1513.17,466.88,1588.7,612.14,75.52999999999997,145.26,xml_geometry_csv_action
BootPass_106,183,19,19,Position_Unknown,Team_Unknown,Action_None,366.06,556.85,444.73,661.03,78.67000000000002,104.17999999999995,xml_geometry_csv_action
BootPass_106,183,2,2,Position_Unknown,Team_Unknown,Action_PreSnap,1435.34,163.53,1501.17,298.93,65.83000000000015,135.4,xml_geometry_csv_action
BootPass_106,183,21,20,Position_Unknown,Team_Unknown,Action_PreSnap,261.52,644.12,350.14,801.1,88.62,156.98000000000002,xml_geometry_csv_action
BootPass_106,183,23,21,Position_Unknown,Team_Unknown,Action_PreSnap,320.8,648.4,387.92,821.23,67.12,172.83000000000004,xml_geometry_csv_action
BootPass_106,183,25,22,Position_Unknown,Team_Unknown,Action_SecureCatch,263.83,518.55,332.59,634.35,68.75999999999999,115.80000000000007,xml_geometry_csv_action
BootPass_106,183,33,25,Position_Unknown,Team_Unknown,Action_PreSnap,89.89,514.02,162.5,657.67,72.61,143.64999999999998,xml_geometry_csv_action
BootPass_106,183,34,26,Position_Unknown,Team_Unknown,Action_PreSnap,0.0,493.19,57.67,638.47,57.67,145.28000000000003,xml_geometry_csv_action
BootPass_106,183,6,6,Position_Unknown,Team_Unknown,Action_PreSnap,1427.12,240.73,1502.68,387.68,75.56000000000017,146.95000000000002,xml_geometry_csv_action
BootPass_106,183,7,7,Position_Unknown,Team_Unknown,Action_PreSnap,1624.06,0.0,1681.73,99.08,57.67000000000007,99.08,xml_geometry_csv_action
BootPass_106,184,0,0,Position_Unknown,Team_Unknown,Action_PreSnap,846.34,541.28,934.42,694.88,88.07999999999993,153.60000000000002,xml_geometry_csv_action
BootPass_106,184,11,11,Position_Unknown,Team_Unknown,Action_PreSnap,1856.52,111.24,1917.83,253.32,61.309999999999945,142.07999999999998,xml_geometry_csv_action
BootPass_106,184,12,12,Position_Unknown,Team_Unknown,Action_PreSnap,1524.52,207.7,1603.74,357.47,79.22000000000003,149.77000000000004,xml_geometry_csv_action
BootPass_106,184,13,13,Position_Unknown,Team_Unknown,Action_PreSnap,1687.12,74.89,1752.78,207.89,65.66000000000008,133.0,xml_geometry_csv_action
BootPass_106,184,16,16,Position_Unknown,Team_Unknown,Action_PreSnap,857.75,452.77,925.98,550.67,68.23000000000002,97.89999999999998,xml_geometry_csv_action
BootPass_106,184,17,17,Position_Unknown,Team_Unknown,Action_PreSnap,1500.39,463.38,1583.08,605.67,82.68999999999983,142.28999999999996,xml_geometry_csv_action
BootPass_106,184,19,19,Position_Unknown,Team_Unknown,Action_None,350.54,558.04,427.01,656.87,76.46999999999997,98.83000000000004,xml_geometry_csv_action
BootPass_106,184,2,2,Position_Unknown,Team_Unknown,Action_PreSnap,1429.11,160.8,1495.42,298.85,66.31000000000017,138.05,xml_geometry_csv_action
BootPass_106,184,21,20,Position_Unknown,Team_Unknown,Action_PreSnap,263.05,639.94,339.13,792.93,76.07999999999998,152.9899999999999,xml_geometry_csv_action
BootPass_106,184,23,21,Position_Unknown,Team_Unknown,Action_PreSnap,315.06,643.24,379.37,812.62,64.31,169.38,xml_geometry_csv_action
BootPass_106,184,25,22,Position_Unknown,Team_Unknown,Action_SecureCatch,260.22,523.61,331.34,633.42,71.11999999999995,109.80999999999995,xml_geometry_csv_action
BootPass_106,184,33,25,Position_Unknown,Team_Unknown,Action_PreSnap,90.82,513.04,159.83,655.0,69.01000000000002,141.96000000000004,xml_geometry_csv_action
BootPass_106,184,34,26,Position_Unknown,Team_Unknown,Action_PreSnap,0.0,488.52,58.22,633.72,58.22,145.20000000000005,xml_geometry_csv_action
BootPass_106,184,6,6,Position_Unknown,Team_Unknown,Action_PreSnap,1425.01,239.57,1495.47,387.16,70.46000000000004,147.59000000000003,xml_geometry_csv_action
BootPass_106,184,7,7,Position_Unknown,Team_Unknown,Action_PreSnap,1621.53,0.0,1679.99,93.93,58.460000000000036,93.93,xml_geometry_csv_action
BootPass_106,185,0,0,Position_Unknown,Team_Unknown,Action_PreSnap,829.2,538.24,913.74,690.5,84.53999999999996,152.26,xml_geometry_csv_action
BootPass_106,185,10,10,Position_Unknown,Team_Unknown,Action_PreSnap,823.01,497.19,912.21,642.96,89.20000000000005,145.77000000000004,xml_geometry_csv_action
BootPass_106,185,11,11,Position_Unknown,Team_Unknown,Action_PreSnap,1855.74,110.33,1918.07,254.39,62.32999999999993,144.06,xml_geometry_csv_action
BootPass_106,185,12,12,Position_Unknown,Team_Unknown,Action_PreSnap,1520.0,206.63,1597.06,352.93,77.05999999999995,146.3,xml_geometry_csv_action
BootPass_106,185,13,13,Position_Unknown,Team_Unknown,Action_PreSnap,1686.06,72.1,1749.9,202.69,63.840000000000146,130.59,xml_geometry_csv_action
BootPass_106,185,16,16,Position_Unknown,Team_Unknown,Action_PreSnap,830.96,453.48,906.99,545.48,76.02999999999997,92.0,xml_geometry_csv_action
BootPass_106,185,17,17,Position_Unknown,Team_Unknown,Action_PreSnap,1485.27,460.43,1579.11,603.19,93.83999999999992,142.76000000000005,xml_geometry_csv_action
BootPass_106,185,19,19,Position_Unknown,Team_Unknown,Action_None,334.3,558.44,412.45,653.48,78.14999999999998,95.03999999999996,xml_geometry_csv_action
BootPass_106,185,2,2,Position_Unknown,Team_Unknown,Action_PreSnap,1424.57,159.5,1489.9,286.21,65.33000000000015,126.70999999999998,xml_geometry_csv_action
BootPass_106,185,21,20,Position_Unknown,Team_Unknown,Action_PreSnap,265.07,637.09,331.5,786.65,66.43,149.55999999999995,xml_geometry_csv_action
BootPass_106,185,23,21,Position_Unknown,Team_Unknown,Action_PreSnap,308.82,638.87,370.47,806.18,61.650000000000034,167.30999999999995,xml_geometry_csv_action
BootPass_106,185,25,22,Position_Unknown,Team_Unknown,Action_SecureCatch,255.85,526.71,332.95,637.47,77.1,110.75999999999999,xml_geometry_csv_action
BootPass_106,185,33,25,Position_Unknown,Team_Unknown,Action_PreSnap,91.8,510.65,159.37,651.27,67.57000000000001,140.62,xml_geometry_csv_action
BootPass_106,185,34,26,Position_Unknown,Team_Unknown,Action_PreSnap,0.09,484.83,61.15,629.58,61.059999999999995,144.75000000000006,xml_geometry_csv_action
BootPass_106,185,6,6,Position_Unknown,Team_Unknown,Action_PreSnap,1421.69,238.22,1487.89,386.37,66.20000000000005,148.15,xml_geometry_csv_action
BootPass_106,185,7,7,Position_Unknown,Team_Unknown,Action_PreSnap,1615.92,0.06,1677.18,92.56,61.25999999999999,92.5,xml_geometry_csv_action
BootPass_106,186,10,10,Position_Unknown,Team_Unknown,Action_PreSnap,811.98,513.56,906.14,679.43,94.15999999999997,165.87,xml_geometry_csv_action
BootPass_106,186,11,11,Position_Unknown,Team_Unknown,Action_PreSnap,1855.88,107.47,1918.46,250.71,62.57999999999993,143.24,xml_geometry_csv_action
BootPass_106,186,12,12,Position_Unknown,Team_Unknown,Action_PreSnap,1514.97,201.51,1594.11,347.58,79.13999999999987,146.07,xml_geometry_csv_action
BootPass_106,186,13,13,Position_Unknown,Team_Unknown,Action_PreSnap,1683.8,65.39,1747.78,196.25,63.98000000000002,130.86,xml_geometry_csv_action
BootPass_106,186,16,16,Position_Unknown,Team_Unknown,Action_PreSnap,816.27,449.15,889.83,569.45,73.56000000000006,120.30000000000007,xml_geometry_csv_action
BootPass_106,186,17,17,Position_Unknown,Team_Unknown,Action_PreSnap,1466.88,455.54,1574.26,601.26,107.37999999999988,145.71999999999997,xml_geometry_csv_action
BootPass_106,186,19,19,Position_Unknown,Team_Unknown,Action_None,320.27,553.51,403.05,648.97,82.78000000000003,95.46000000000004,xml_geometry_csv_action
BootPass_106,186,2,2,Position_Unknown,Team_Unknown,Action_PreSnap,1418.87,156.34,1483.98,293.83,65.11000000000013,137.48999999999998,xml_geometry_csv_action
BootPass_106,186,21,20,Position_Unknown,Team_Unknown,Action_PreSnap,263.57,629.72,325.12,780.61,61.55000000000001,150.89,xml_geometry_csv_action
BootPass_106,186,23,21,Position_Unknown,Team_Unknown,Action_PreSnap,301.98,634.21,362.92,798.4,60.94,164.18999999999994,xml_geometry_csv_action
BootPass_106,186,25,22,Position_Unknown,Team_Unknown,Action_SecureCatch,255.4,526.13,335.43,632.85,80.03,106.72000000000003,xml_geometry_csv_action
BootPass_106,186,33,25,Position_Unknown,Team_Unknown,Action_PreSnap,93.14,505.46,160.76,645.52,67.61999999999999,140.06,xml_geometry_csv_action
BootPass_106,186,34,26,Position_Unknown,Team_Unknown,Action_PreSnap,0.42,477.06,64.01,625.11,63.59,148.05,xml_geometry_csv_action
BootPass_106,186,6,6,Position_Unknown,Team_Unknown,Action_PreSnap,1419.19,237.59,1480.92,379.6,61.73000000000002,142.01000000000002,xml_geometry_csv_action
BootPass_106,186,7,7,Position_Unknown,Team_Unknown,Action_PreSnap,1611.38,0.0,1677.42,90.03,66.03999999999996,90.03,xml_geometry_csv_action
BootPass_106,187,0,0,Position_Unknown,Team_Unknown,Action_PreSnap,793.18,518.73,896.93,685.26,103.75,166.52999999999997,xml_geometry_csv_action
BootPass_106,187,11,11,Position_Unknown,Team_Unknown,Action_PreSnap,1855.38,105.12,1918.7,245.92,63.319999999999936,140.79999999999998,xml_geometry_csv_action
BootPass_106,187,12,12,Position_Unknown,Team_Unknown,Action_PreSnap,1507.21,196.22,1591.34,343.85,84.12999999999988,147.63000000000002,xml_geometry_csv_action
BootPass_106,187,13,13,Position_Unknown,Team_Unknown,Action_PreSnap,1678.82,59.42,1746.66,192.2,67.84000000000015,132.77999999999997,xml_geometry_csv_action
BootPass_106,187,16,16,Position_Unknown,Team_Unknown,Action_PreSnap,808.19,444.51,875.15,554.55,66.95999999999992,110.03999999999996,xml_geometry_csv_action
BootPass_106,187,17,17,Position_Unknown,Team_Unknown,Action_PreSnap,1443.78,450.38,1566.45,600.16,122.67000000000007,149.77999999999997,xml_geometry_csv_action
BootPass_106,187,19,19,Position_Unknown,Team_Unknown,Action_None,310.01,551.24,403.21,643.06,93.19999999999999,91.81999999999994,xml_geometry_csv_action
BootPass_106,187,2,2,Position_Unknown,Team_Unknown,Action_PreSnap,1414.82,154.41,1479.08,292.72,64.25999999999999,138.31000000000003,xml_geometry_csv_action
BootPass_106,187,21,20,Position_Unknown,Team_Unknown,Action_PreSnap,261.16,621.19,318.94,771.29,57.77999999999997,150.0999999999999,xml_geometry_csv_action
BootPass_106,187,23,21,Position_Unknown,Team_Unknown,Action_PreSnap,295.16,630.02,358.64,791.33,63.47999999999996,161.31000000000006,xml_geometry_csv_action
BootPass_106,187,25,22,Position_Unknown,Team_Unknown,Action_SecureCatch,257.01,527.25,334.63,626.51,77.62,99.25999999999999,xml_geometry_csv_action
BootPass_106,187,33,25,Position_Unknown,Team_Unknown,Action_PreSnap,95.29,500.61,161.97,640.88,66.67999999999999,140.26999999999998,xml_geometry_csv_action
BootPass_106,187,34,26,Position_Unknown,Team_Unknown,Action_PreSnap,1.29,470.89,71.8,618.55,70.50999999999999,147.65999999999997,xml_geometry_csv_action
BootPass_106,187,6,6,Position_Unknown,Team_Unknown,Action_PreSnap,1414.85,239.53,1475.94,372.61,61.090000000000146,133.08,xml_geometry_csv_action
BootPass_106,187,7,7,Position_Unknown,Team_Unknown,Action_PreSnap,1606.32,0.0,1677.52,87.54,71.20000000000005,87.54,xml_geometry_csv_action
BootPass_106,188,0,0,Position_Unknown,Team_Unknown,Action_PreSnap,777.08,512.37,888.28,689.59,111.19999999999993,177.22000000000003,xml_geometry_csv_action
BootPass_106,188,10,10,Position_Unknown,Team_Unknown,Action_PreSnap,780.76,456.63,868.46,649.89,87.70000000000005,193.26,xml_geometry_csv_action
BootPass_106,188,11,11,Position_Unknown,Team_Unknown,Action_PreSnap,1855.36,102.22,1918.84,241.12,63.48000000000002,138.9,xml_geometry_csv_action
BootPass_106,188,12,12,Position_Unknown,Team_Unknown,Action_PreSnap,1499.85,190.54,1588.23,343.98,88.38000000000011,153.44000000000003,xml_geometry_csv_action
BootPass_106,188,13,13,Position_Unknown,Team_Unknown,Action_PreSnap,1674.68,52.43,1748.3,190.21,73.61999999999989,137.78,xml_geometry_csv_action
BootPass_106,188,17,17,Position_Unknown,Team_Unknown,Action_PreSnap,1425.97,446.11,1556.38,597.54,130.41000000000008,151.42999999999995,xml_geometry_csv_action
BootPass_106,188,19,19,Position_Unknown,Team_Unknown,Action_None,297.24,540.03,404.58,636.52,107.33999999999997,96.49000000000001,xml_geometry_csv_action
BootPass_106,188,2,2,Position_Unknown,Team_Unknown,Action_PreSnap,1410.99,151.18,1472.42,290.46,61.430000000000064,139.27999999999997,xml_geometry_csv_action
BootPass_106,188,21,20,Position_Unknown,Team_Unknown,Action_PreSnap,257.42,611.92,313.53,759.1,56.10999999999996,147.18000000000006,xml_geometry_csv_action
BootPass_106,188,23,21,Position_Unknown,Team_Unknown,Action_PreSnap,284.81,625.87,353.9,782.3,69.08999999999997,156.42999999999995,xml_geometry_csv_action
BootPass_106,188,25,22,Position_Unknown,Team_Unknown,Action_SecureCatch,261.4,528.3,333.13,620.98,71.73000000000002,92.68000000000006,xml_geometry_csv_action
BootPass_106,188,33,25,Position_Unknown,Team_Unknown,Action_PreSnap,96.58,497.41,163.29,633.18,66.71,135.76999999999992,xml_geometry_csv_action
BootPass_106,188,34,26,Position_Unknown,Team_Unknown,Action_PreSnap,3.4,463.32,73.49,610.48,70.08999999999999,147.16000000000003,xml_geometry_csv_action
BootPass_106,188,6,6,Position_Unknown,Team_Unknown,Action_PreSnap,1411.6,234.22,1471.2,365.17,59.600000000000136,130.95000000000002,xml_geometry_csv_action
BootPass_106,188,7,7,Position_Unknown,Team_Unknown,Action_PreSnap,1603.28,0.0,1677.59,84.33,74.30999999999995,84.33,xml_geometry_csv_action
BootPass_106,189,0,0,Position_Unknown,Team_Unknown,Action_PreSnap,766.76,513.97,878.87,690.81,112.11000000000001,176.83999999999992,xml_geometry_csv_action
BootPass_106,189,10,10,Position_Unknown,Team_Unknown,Action_PreSnap,762.39,441.27,857.62,646.16,95.23000000000002,204.89,xml_geometry_csv_action
BootPass_106,189,11,11,Position_Unknown,Team_Unknown,Action_PreSnap,1854.83,97.97,1918.61,236.42,63.77999999999997,138.45,xml_geometry_csv_action
BootPass_106,189,12,12,Position_Unknown,Team_Unknown,Action_PreSnap,1492.09,186.16,1583.08,344.37,90.99000000000001,158.21,xml_geometry_csv_action
BootPass_106,189,13,13,Position_Unknown,Team_Unknown,Action_PreSnap,1670.46,47.92,1748.12,188.64,77.65999999999985,140.71999999999997,xml_geometry_csv_action
BootPass_106,189,17,17,Position_Unknown,Team_Unknown,Action_PreSnap,1414.11,443.59,1538.39,594.92,124.2800000000002,151.32999999999998,xml_geometry_csv_action
BootPass_106,189,19,19,Position_Unknown,Team_Unknown,Action_None,277.17,532.37,401.95,627.85,124.77999999999997,95.48000000000002,xml_geometry_csv_action
BootPass_106,189,2,2,Position_Unknown,Team_Unknown,Action_PreSnap,1405.8,149.33,1465.39,280.29,59.590000000000146,130.96,xml_geometry_csv_action
BootPass_106,189,21,20,Position_Unknown,Team_Unknown,Action_PreSnap,251.83,601.22,309.6,742.3,57.77000000000001,141.07999999999993,xml_geometry_csv_action
BootPass_106,189,23,21,Position_Unknown,Team_Unknown,Action_PreSnap,269.69,621.76,350.3,777.98,80.61000000000001,156.22000000000003,xml_geometry_csv_action
BootPass_106,189,33,25,Position_Unknown,Team_Unknown,Action_PreSnap,95.41,493.17,163.47,627.68,68.06,134.50999999999993,xml_geometry_csv_action
BootPass_106,189,34,26,Position_Unknown,Team_Unknown,Action_PreSnap,2.68,458.43,76.06,602.54,73.38,144.10999999999996,xml_geometry_csv_action
BootPass_106,189,35,27,Position_Unknown,Team_Unknown,Action_PreSnap,424.56,0.0,483.04,112.4,58.48000000000002,112.4,xml_geometry_csv_action
BootPass_106,189,6,6,Position_Unknown,Team_Unknown,Action_PreSnap,1402.3,229.15,1466.87,364.44,64.56999999999994,135.29,xml_geometry_csv_action
BootPass_106,189,7,7,Position_Unknown,Team_Unknown,Action_PreSnap,1603.2,0.0,1676.61,81.36,73.40999999999985,81.36,xml_geometry_csv_action
BootPass_106,190,0,0,Position_Unknown,Team_Unknown,Action_PreSnap,751.61,518.64,867.54,688.67,115.92999999999995,170.02999999999997,xml_geometry_csv_action
BootPass_106,190,10,10,Position_Unknown,Team_Unknown,Action_PreSnap,749.47,433.19,848.58,604.66,99.11000000000001,171.46999999999997,xml_geometry_csv_action
BootPass_106,190,11,11,Position_Unknown,Team_Unknown,Action_PreSnap,1853.97,93.65,1918.02,232.62,64.04999999999995,138.97,xml_geometry_csv_action
BootPass_106,190,12,12,Position_Unknown,Team_Unknown,Action_PreSnap,1483.88,182.05,1575.07,344.72,91.18999999999983,162.67000000000002,xml_geometry_csv_action
BootPass_106,190,13,13,Position_Unknown,Team_Unknown,Action_PreSnap,1663.86,42.89,1746.65,187.46,82.79000000000019,144.57,xml_geometry_csv_action
BootPass_106,190,17,17,Position_Unknown,Team_Unknown,Action_PreSnap,1407.72,442.11,1515.09,590.01,107.36999999999989,147.89999999999998,xml_geometry_csv_action
BootPass_106,190,19,19,Position_Unknown,Team_Unknown,Action_None,262.23,527.78,398.43,618.68,136.2,90.89999999999998,xml_geometry_csv_action
BootPass_106,190,2,2,Position_Unknown,Team_Unknown,Action_PreSnap,1397.23,145.36,1460.72,273.78,63.49000000000001,128.41999999999996,xml_geometry_csv_action
BootPass_106,190,21,20,Position_Unknown,Team_Unknown,Action_PreSnap,244.79,590.9,303.56,727.99,58.77000000000001,137.09000000000003,xml_geometry_csv_action
BootPass_106,190,23,21,Position_Unknown,Team_Unknown,Action_PreSnap,251.3,619.08,346.49,773.4,95.19,154.31999999999994,xml_geometry_csv_action
BootPass_106,190,33,25,Position_Unknown,Team_Unknown,Action_PreSnap,95.03,489.87,166.76,622.25,71.72999999999999,132.38,xml_geometry_csv_action
BootPass_106,190,34,26,Position_Unknown,Team_Unknown,Action_PreSnap,3.31,452.18,75.51,595.18,72.2,142.99999999999994,xml_geometry_csv_action
BootPass_106,190,6,6,Position_Unknown,Team_Unknown,Action_PreSnap,1389.86,220.92,1464.72,365.83,74.86000000000013,144.91,xml_geometry_csv_action
BootPass_106,191,0,0,Position_Unknown,Team_Unknown,Action_PreSnap,743.76,516.12,855.31,685.06,111.54999999999995,168.93999999999994,xml_geometry_csv_action
BootPass_106,191,10,10,Position_Unknown,Team_Unknown,Action_PreSnap,737.68,429.73,844.76,596.18,107.08000000000004,166.44999999999993,xml_geometry_csv_action
BootPass_106,191,11,11,Position_Unknown,Team_Unknown,Action_PreSnap,1856.41,87.9,1919.03,224.21,62.61999999999989,136.31,xml_geometry_csv_action
BootPass_106,191,12,12,Position_Unknown,Team_Unknown,Action_PreSnap,1480.29,180.34,1567.39,343.56,87.10000000000014,163.22,xml_geometry_csv_action
BootPass_106,191,13,13,Position_Unknown,Team_Unknown,Action_PreSnap,1663.17,38.42,1746.54,183.36,83.36999999999989,144.94,xml_geometry_csv_action
BootPass_106,191,17,17,Position_Unknown,Team_Unknown,Action_PreSnap,1402.66,439.24,1490.67,582.53,88.00999999999999,143.28999999999996,xml_geometry_csv_action
BootPass_106,191,19,19,Position_Unknown,Team_Unknown,Action_None,252.2,523.55,395.74,605.05,143.54000000000002,81.5,xml_geometry_csv_action
BootPass_106,191,2,2,Position_Unknown,Team_Unknown,Action_PreSnap,1392.82,139.86,1457.62,270.18,64.79999999999995,130.32,xml_geometry_csv_action
BootPass_106,191,21,20,Position_Unknown,Team_Unknown,Action_PreSnap,241.39,583.06,299.44,718.21,58.05000000000001,135.1500000000001,xml_geometry_csv_action
BootPass_106,191,23,21,Position_Unknown,Team_Unknown,Action_PreSnap,243.74,613.79,346.94,766.01,103.19999999999999,152.22000000000003,xml_geometry_csv_action
BootPass_106,191,33,25,Position_Unknown,Team_Unknown,Action_PreSnap,100.43,484.32,174.44,615.18,74.00999999999999,130.85999999999996,xml_geometry_csv_action
BootPass_106,191,34,26,Position_Unknown,Team_Unknown,Action_PreSnap,7.11,445.32,79.72,587.26,72.61,141.94,xml_geometry_csv_action
BootPass_106,191,6,6,Position_Unknown,Team_Unknown,Action_PreSnap,1384.01,214.96,1463.95,363.12,79.94000000000005,148.16,xml_geometry_csv_action
BootPass_106,192,0,0,Position_Unknown,Team_Unknown,Action_PreSnap,734.33,512.6,839.06,679.18,104.7299999999999,166.57999999999993,xml_geometry_csv_action
BootPass_106,192,10,10,Position_Unknown,Team_Unknown,Action_PreSnap,725.9,426.9,831.37,606.57,105.47000000000003,179.67000000000007,xml_geometry_csv_action
BootPass_106,192,11,11,Position_Unknown,Team_Unknown,Action_PreSnap,1858.02,81.81,1919.56,221.19,61.539999999999964,139.38,xml_geometry_csv_action
BootPass_106,192,12,12,Position_Unknown,Team_Unknown,Action_PreSnap,1476.63,179.12,1558.14,338.26,81.50999999999999,159.14,xml_geometry_csv_action
BootPass_106,192,13,13,Position_Unknown,Team_Unknown,Action_PreSnap,1662.42,35.29,1745.47,179.39,83.04999999999995,144.1,xml_geometry_csv_action
BootPass_106,192,17,17,Position_Unknown,Team_Unknown,Action_PreSnap,1397.14,435.38,1472.96,575.59,75.81999999999994,140.21000000000004,xml_geometry_csv_action
BootPass_106,192,19,19,Position_Unknown,Team_Unknown,Action_None,236.81,518.09,382.16,599.51,145.35000000000002,81.41999999999996,xml_geometry_csv_action
BootPass_106,192,2,2,Position_Unknown,Team_Unknown,Action_PreSnap,1390.11,133.92,1459.15,262.54,69.04000000000019,128.62000000000003,xml_geometry_csv_action
BootPass_106,192,21,20,Position_Unknown,Team_Unknown,Action_PreSnap,234.28,579.56,295.01,712.69,60.72999999999999,133.1300000000001,xml_geometry_csv_action
BootPass_106,192,23,21,Position_Unknown,Team_Unknown,Action_PreSnap,244.25,605.04,349.52,758.62,105.26999999999998,153.58000000000004,xml_geometry_csv_action
BootPass_106,192,33,25,Position_Unknown,Team_Unknown,Action_PreSnap,105.2,478.44,177.65,606.62,72.45,128.18,xml_geometry_csv_action
BootPass_106,192,6,6,Position_Unknown,Team_Unknown,Action_PreSnap,1378.36,210.33,1462.95,358.52,84.59000000000015,148.18999999999997,xml_geometry_csv_action
BootPass_106,193,0,0,Position_Unknown,Team_Unknown,Action_PreSnap,729.99,511.49,822.76,672.7,92.76999999999998,161.21000000000004,xml_geometry_csv_action
BootPass_106,193,10,10,Position_Unknown,Team_Unknown,Action_PreSnap,721.42,427.66,826.15,614.92,104.73000000000002,187.25999999999993,xml_geometry_csv_action
BootPass_106,193,11,11,Position_Unknown,Team_Unknown,Action_PreSnap,1861.3,76.39,1920.0,217.78,58.700000000000045,141.39,xml_geometry_csv_action
BootPass_106,193,12,12,Position_Unknown,Team_Unknown,Action_PreSnap,1474.31,177.21,1548.95,330.22,74.6400000000001,153.01000000000002,xml_geometry_csv_action
BootPass_106,193,13,13,Position_Unknown,Team_Unknown,Action_PreSnap,1666.7,32.23,1744.63,172.26,77.93000000000006,140.03,xml_geometry_csv_action
BootPass_106,193,17,17,Position_Unknown,Team_Unknown,Action_PreSnap,1388.43,429.4,1463.02,568.55,74.58999999999992,139.14999999999998,xml_geometry_csv_action
BootPass_106,193,19,19,Position_Unknown,Team_Unknown,Action_None,223.32,512.46,365.78,592.37,142.45999999999998,79.90999999999997,xml_geometry_csv_action
BootPass_106,193,2,2,Position_Unknown,Team_Unknown,Action_PreSnap,1388.48,128.86,1463.94,258.91,75.46000000000004,130.05,xml_geometry_csv_action
BootPass_106,193,21,20,Position_Unknown,Team_Unknown,Action_PreSnap,225.3,574.4,291.56,706.87,66.25999999999999,132.47000000000003,xml_geometry_csv_action
BootPass_106,193,23,21,Position_Unknown,Team_Unknown,Action_PreSnap,251.11,596.79,353.9,750.16,102.78999999999996,153.37,xml_geometry_csv_action
BootPass_106,193,33,25,Position_Unknown,Team_Unknown,Action_PreSnap,112.85,470.55,183.27,599.45,70.42000000000002,128.90000000000003,xml_geometry_csv_action
BootPass_106,193,34,26,Position_Unknown,Team_Unknown,Action_PreSnap,21.91,427.18,85.73,573.62,63.82000000000001,146.44,xml_geometry_csv_action
BootPass_106,193,6,6,Position_Unknown,Team_Unknown,Action_PreSnap,1377.17,209.12,1460.04,355.12,82.86999999999989,146.0,xml_geometry_csv_action
BootPass_106,194,0,0,Position_Unknown,Team_Unknown,Action_PreSnap,718.97,498.04,814.18,665.74,95.20999999999992,167.7,xml_geometry_csv_action
BootPass_106,194,10,10,Position_Unknown,Team_Unknown,Action_PreSnap,725.77,425.65,815.65,567.43,89.88,141.77999999999997,xml_geometry_csv_action
BootPass_106,194,11,11,Position_Unknown,Team_Unknown,Action_PreSnap,1863.03,71.4,1920.0,215.8,56.97000000000003,144.4,xml_geometry_csv_action
BootPass_106,194,12,12,Position_Unknown,Team_Unknown,Action_PreSnap,1470.14,175.34,1540.44,323.7,70.29999999999995,148.35999999999999,xml_geometry_csv_action
BootPass_106,194,13,13,Position_Unknown,Team_Unknown,Action_PreSnap,1670.41,28.31,1743.43,165.16,73.01999999999998,136.85,xml_geometry_csv_action
BootPass_106,194,17,17,Position_Unknown,Team_Unknown,Action_PreSnap,1380.95,424.2,1457.74,565.34,76.78999999999996,141.14000000000004,xml_geometry_csv_action
BootPass_106,194,19,19,Position_Unknown,Team_Unknown,Action_None,216.39,507.85,339.85,591.64,123.46000000000004,83.78999999999996,xml_geometry_csv_action
BootPass_106,194,2,2,Position_Unknown,Team_Unknown,Action_PreSnap,1387.77,124.8,1467.58,252.31,79.80999999999995,127.51,xml_geometry_csv_action
BootPass_106,194,21,20,Position_Unknown,Team_Unknown,Action_PreSnap,210.61,568.5,288.43,700.92,77.82,132.41999999999996,xml_geometry_csv_action
BootPass_106,194,23,21,Position_Unknown,Team_Unknown,Action_PreSnap,254.62,588.45,353.68,741.83,99.06,153.38,xml_geometry_csv_action
BootPass_106,194,25,22,Position_Unknown,Team_Unknown,Action_SecureCatch,270.57,527.49,331.33,610.14,60.75999999999999,82.64999999999998,xml_geometry_csv_action
BootPass_106,194,6,6,Position_Unknown,Team_Unknown,Action_PreSnap,1378.45,203.39,1455.04,352.78,76.58999999999992,149.39,xml_geometry_csv_action
BootPass_106,195,0,0,Position_Unknown,Team_Unknown,Action_PreSnap,711.32,492.39,802.05,657.49,90.7299999999999,165.10000000000002,xml_geometry_csv_action
BootPass_106,195,10,10,Position_Unknown,Team_Unknown,Action_PreSnap,719.9,424.17,797.9,541.97,78.0,117.80000000000001,xml_geometry_csv_action
BootPass_106,195,11,11,Position_Unknown,Team_Unknown,Action_PreSnap,1864.23,68.52,1919.95,213.17,55.72000000000003,144.64999999999998,xml_geometry_csv_action
BootPass_106,195,12,12,Position_Unknown,Team_Unknown,Action_PreSnap,1462.49,171.27,1537.42,316.77,74.93000000000006,145.49999999999997,xml_geometry_csv_action
BootPass_106,195,13,13,Position_Unknown,Team_Unknown,Action_PreSnap,1673.23,24.23,1741.91,158.84,68.68000000000006,134.61,xml_geometry_csv_action
BootPass_106,195,17,17,Position_Unknown,Team_Unknown,Action_PreSnap,1368.95,419.35,1452.74,566.45,83.78999999999996,147.10000000000002,xml_geometry_csv_action
BootPass_106,195,19,19,Position_Unknown,Team_Unknown,Action_None,210.54,506.34,316.32,589.01,105.78,82.67000000000002,xml_geometry_csv_action
BootPass_106,195,2,2,Position_Unknown,Team_Unknown,Action_PreSnap,1384.41,121.95,1459.49,257.59,75.07999999999993,135.64,xml_geometry_csv_action
BootPass_106,195,21,20,Position_Unknown,Team_Unknown,Action_PreSnap,196.27,561.69,287.05,699.49,90.78,137.79999999999995,xml_geometry_csv_action
BootPass_106,195,23,21,Position_Unknown,Team_Unknown,Action_PreSnap,259.43,581.19,352.11,733.42,92.68,152.2299999999999,xml_geometry_csv_action
BootPass_106,195,25,22,Position_Unknown,Team_Unknown,Action_None,275.02,528.48,332.15,607.2,57.129999999999995,78.72000000000003,xml_geometry_csv_action
BootPass_106,195,34,26,Position_Unknown,Team_Unknown,Action_PreSnap,30.98,411.81,96.93,560.81,65.95,148.99999999999994,xml_geometry_csv_action
BootPass_106,195,6,6,Position_Unknown,Team_Unknown,Action_PreSnap,1380.59,199.67,1451.16,348.34,70.57000000000016,148.67,xml_geometry_csv_action
BootPass_106,196,0,0,Position_Unknown,Team_Unknown,Action_PreSnap,707.96,492.39,797.04,656.39,89.07999999999993,164.0,xml_geometry_csv_action
BootPass_106,196,10,10,Position_Unknown,Team_Unknown,Action_PreSnap,717.36,425.52,791.27,536.11,73.90999999999997,110.59000000000003,xml_geometry_csv_action
BootPass_106,196,11,11,Position_Unknown,Team_Unknown,Action_PreSnap,1863.48,69.58,1918.62,214.3,55.13999999999987,144.72000000000003,xml_geometry_csv_action
BootPass_106,196,12,12,Position_Unknown,Team_Unknown,Action_PreSnap,1458.72,171.77,1535.18,316.29,76.46000000000004,144.52,xml_geometry_csv_action
BootPass_106,196,13,13,Position_Unknown,Team_Unknown,Action_PreSnap,1673.12,24.82,1740.2,158.59,67.08000000000015,133.77,xml_geometry_csv_action
BootPass_106,196,17,17,Position_Unknown,Team_Unknown,Action_PreSnap,1363.4,419.64,1449.77,569.06,86.36999999999989,149.41999999999996,xml_geometry_csv_action
BootPass_106,196,19,19,Position_Unknown,Team_Unknown,Action_None,208.0,507.9,307.3,590.21,99.30000000000001,82.31000000000006,xml_geometry_csv_action
BootPass_106,196,2,2,Position_Unknown,Team_Unknown,Action_PreSnap,1382.04,123.0,1454.95,261.41,72.91000000000008,138.41000000000003,xml_geometry_csv_action
BootPass_106,196,21,20,Position_Unknown,Team_Unknown,Action_PreSnap,189.04,561.32,285.11,701.14,96.07000000000002,139.81999999999994,xml_geometry_csv_action
BootPass_106,196,23,21,Position_Unknown,Team_Unknown,Action_PreSnap,260.26,580.67,350.36,732.49,90.10000000000002,151.82000000000005,xml_geometry_csv_action
BootPass_106,196,25,22,Position_Unknown,Team_Unknown,Action_None,275.23,530.59,331.31,608.12,56.079999999999984,77.52999999999997,xml_geometry_csv_action
BootPass_106,196,34,26,Position_Unknown,Team_Unknown,Action_PreSnap,31.12,411.18,97.72,560.68,66.6,149.49999999999994,xml_geometry_csv_action
BootPass_106,196,38,28,Position_Unknown,Team_Unknown,Action_PreSnap,705.09,486.18,788.21,634.01,83.12,147.82999999999998,xml_geometry_csv_action
BootPass_106,196,6,6,Position_Unknown,Team_Unknown,Action_PreSnap,1380.37,200.34,1448.69,348.67,68.32000000000016,148.33,xml_geometry_csv_action
BootPass_106,197,0,0,Position_Unknown,Team_Unknown,Action_PreSnap,706.57,490.55,790.47,655.07,83.89999999999998,164.52000000000004,xml_geometry_csv_action
BootPass_106,197,10,10,Position_Unknown,Team_Unknown,Action_PreSnap,693.09,423.84,780.15,599.91,87.05999999999995,176.07,xml_geometry_csv_action
BootPass_106,197,11,11,Position_Unknown,Team_Unknown,Action_PreSnap,1865.24,66.53,1919.53,211.46,54.289999999999964,144.93,xml_geometry_csv_action
BootPass_106,197,12,12,Position_Unknown,Team_Unknown,Action_PreSnap,1457.82,167.38,1539.83,311.07,82.00999999999999,143.69,xml_geometry_csv_action
BootPass_106,197,13,13,Position_Unknown,Team_Unknown,Action_PreSnap,1675.35,20.64,1743.07,152.84,67.72000000000003,132.2,xml_geometry_csv_action
BootPass_106,197,17,17,Position_Unknown,Team_Unknown,Action_PreSnap,1349.22,415.97,1448.67,567.0,99.45000000000005,151.02999999999997,xml_geometry_csv_action
BootPass_106,197,19,19,Position_Unknown,Team_Unknown,Action_None,204.17,502.4,308.02,586.42,103.85,84.01999999999998,xml_geometry_csv_action
BootPass_106,197,2,2,Position_Unknown,Team_Unknown,Action_PreSnap,1380.26,120.18,1454.61,257.58,74.34999999999991,137.39999999999998,xml_geometry_csv_action
BootPass_106,197,21,20,Position_Unknown,Team_Unknown,Action_PreSnap,185.43,552.72,286.34,697.37,100.90999999999997,144.64999999999998,xml_geometry_csv_action
BootPass_106,197,23,21,Position_Unknown,Team_Unknown,Action_PreSnap,263.28,570.56,350.99,724.53,87.71000000000004,153.97000000000003,xml_geometry_csv_action
BootPass_106,197,25,22,Position_Unknown,Team_Unknown,Action_None,278.61,531.01,333.38,603.47,54.76999999999998,72.46000000000004,xml_geometry_csv_action
BootPass_106,197,38,28,Position_Unknown,Team_Unknown,Action_PreSnap,690.87,480.81,770.22,630.95,79.35000000000002,150.14000000000004,xml_geometry_csv_action
BootPass_106,197,6,6,Position_Unknown,Team_Unknown,Action_PreSnap,1383.32,198.58,1449.22,342.94,65.90000000000009,144.35999999999999,xml_geometry_csv_action
BootPass_106,198,0,0,Position_Unknown,Team_Unknown,Action_PreSnap,699.83,495.11,792.82,655.87,92.99000000000001,160.76,xml_geometry_csv_action
BootPass_106,198,10,10,Position_Unknown,Team_Unknown,Action_PreSnap,694.19,420.88,771.61,554.79,77.41999999999996,133.90999999999997,xml_geometry_csv_action
BootPass_106,198,11,11,Position_Unknown,Team_Unknown,Action_PreSnap,1869.98,64.05,1920.0,209.98,50.01999999999998,145.93,xml_geometry_csv_action
BootPass_106,198,12,12,Position_Unknown,Team_Unknown,Action_PreSnap,1457.58,163.66,1546.15,310.29,88.57000000000016,146.63000000000002,xml_geometry_csv_action
BootPass_106,198,13,13,Position_Unknown,Team_Unknown,Action_PreSnap,1679.55,16.73,1746.62,147.94,67.06999999999994,131.21,xml_geometry_csv_action
BootPass_106,198,17,17,Position_Unknown,Team_Unknown,Action_PreSnap,1335.45,412.98,1444.25,566.78,108.79999999999995,153.79999999999995,xml_geometry_csv_action
BootPass_106,198,19,19,Position_Unknown,Team_Unknown,Action_None,200.64,498.39,309.58,582.48,108.94,84.09000000000003,xml_geometry_csv_action
BootPass_106,198,2,2,Position_Unknown,Team_Unknown,Action_PreSnap,1379.97,117.83,1451.15,254.3,71.18000000000006,136.47000000000003,xml_geometry_csv_action
BootPass_106,198,21,20,Position_Unknown,Team_Unknown,Action_PreSnap,187.74,543.98,292.21,692.14,104.46999999999997,148.15999999999997,xml_geometry_csv_action
BootPass_106,198,23,21,Position_Unknown,Team_Unknown,Action_PreSnap,269.51,555.12,355.95,715.55,86.44,160.42999999999995,xml_geometry_csv_action
BootPass_106,198,38,28,Position_Unknown,Team_Unknown,Action_PreSnap,675.04,479.92,761.41,630.58,86.37,150.66000000000003,xml_geometry_csv_action
BootPass_106,198,6,6,Position_Unknown,Team_Unknown,Action_PreSnap,1389.13,192.83,1452.74,337.6,63.6099999999999,144.77,xml_geometry_csv_action
BootPass_106,199,0,0,Position_Unknown,Team_Unknown,Action_PreSnap,696.21,500.32,794.89,658.93,98.67999999999995,158.60999999999996,xml_geometry_csv_action
BootPass_106,199,10,10,Position_Unknown,Team_Unknown,Action_PreSnap,695.23,416.59,769.92,544.51,74.68999999999994,127.92000000000002,xml_geometry_csv_action
BootPass_106,199,11,11,Position_Unknown,Team_Unknown,Action_PreSnap,1875.03,56.5,1920.0,204.2,44.97000000000003,147.7,xml_geometry_csv_action
BootPass_106,199,12,12,Position_Unknown,Team_Unknown,Action_PreSnap,1458.51,157.56,1550.7,309.75,92.19000000000005,152.19,xml_geometry_csv_action
BootPass_106,199,13,13,Position_Unknown,Team_Unknown,Action_PreSnap,1686.23,12.65,1753.23,146.99,67.0,134.34,xml_geometry_csv_action
BootPass_106,199,17,17,Position_Unknown,Team_Unknown,Action_PreSnap,1329.36,410.2,1440.58,565.85,111.22000000000003,155.65000000000003,xml_geometry_csv_action
BootPass_106,199,2,2,Position_Unknown,Team_Unknown,Action_PreSnap,1386.14,113.88,1454.02,247.03,67.87999999999988,133.15,xml_geometry_csv_action
BootPass_106,199,21,20,Position_Unknown,Team_Unknown,Action_PreSnap,195.23,539.25,300.32,687.52,105.09,148.26999999999998,xml_geometry_csv_action
BootPass_106,199,23,21,Position_Unknown,Team_Unknown,Action_PreSnap,277.09,545.46,366.49,706.25,89.40000000000003,160.78999999999996,xml_geometry_csv_action
BootPass_106,199,25,22,Position_Unknown,Team_Unknown,Action_None,266.66,514.42,340.94,589.65,74.27999999999997,75.23000000000002,xml_geometry_csv_action
BootPass_106,199,38,28,Position_Unknown,Team_Unknown,Action_PreSnap,667.39,478.09,749.89,628.39,82.5,150.3,xml_geometry_csv_action
BootPass_106,199,6,6,Position_Unknown,Team_Unknown,Action_PreSnap,1396.71,185.95,1458.45,331.03,61.74000000000001,145.07999999999998,xml_geometry_csv_action
BootPass_106,200,0,0,Position_Unknown,Team_Unknown,Action_PreSnap,685.45,501.38,793.04,660.14,107.58999999999992,158.76,xml_geometry_csv_action
BootPass_106,200,10,10,Position_Unknown,Team_Unknown,Action_PreSnap,693.52,412.79,767.97,545.63,74.45000000000005,132.83999999999997,xml_geometry_csv_action
BootPass_106,200,11,11,Position_Unknown,Team_Unknown,Action_PreSnap,1883.72,54.5,1920.0,198.32,36.27999999999997,143.82,xml_geometry_csv_action
BootPass_106,200,12,12,Position_Unknown,Team_Unknown,Action_PreSnap,1456.91,154.25,1551.26,308.04,94.34999999999991,153.79000000000002,xml_geometry_csv_action
BootPass_106,200,13,13,Position_Unknown,Team_Unknown,Action_PreSnap,1692.5,8.43,1759.05,146.39,66.54999999999995,137.95999999999998,xml_geometry_csv_action
BootPass_106,200,17,17,Position_Unknown,Team_Unknown,Action_PreSnap,1324.3,409.88,1431.17,564.38,106.87000000000012,154.5,xml_geometry_csv_action
BootPass_106,200,2,2,Position_Unknown,Team_Unknown,Action_PreSnap,1388.72,109.22,1456.73,244.41,68.00999999999999,135.19,xml_geometry_csv_action
BootPass_106,200,21,20,Position_Unknown,Team_Unknown,Action_PreSnap,199.59,538.48,305.4,682.71,105.80999999999997,144.23000000000002,xml_geometry_csv_action
BootPass_106,200,23,21,Position_Unknown,Team_Unknown,Action_PreSnap,284.7,540.97,375.32,696.33,90.62,155.36,xml_geometry_csv_action
BootPass_106,200,25,22,Position_Unknown,Team_Unknown,Action_None,266.17,509.45,334.08,583.6,67.90999999999997,74.15000000000003,xml_geometry_csv_action
BootPass_106,200,34,26,Position_Unknown,Team_Unknown,Action_PreSnap,66.19,386.62,127.11,533.78,60.92,147.15999999999997,xml_geometry_csv_action
BootPass_106,200,38,28,Position_Unknown,Team_Unknown,Action_PreSnap,661.67,479.22,746.43,629.03,84.75999999999999,149.80999999999995,xml_geometry_csv_action
BootPass_106,200,6,6,Position_Unknown,Team_Unknown,Action_PreSnap,1401.65,183.14,1462.96,331.26,61.309999999999945,148.12,xml_geometry_csv_action
BootPass_106,201,0,0,Position_Unknown,Team_Unknown,Action_PreSnap,673.29,497.17,785.71,665.28,112.42000000000007,168.10999999999996,xml_geometry_csv_action
BootPass_106,201,10,10,Position_Unknown,Team_Unknown,Action_PreSnap,690.36,411.36,764.96,544.7,74.60000000000002,133.34000000000003,xml_geometry_csv_action
BootPass_106,201,12,12,Position_Unknown,Team_Unknown,Action_PreSnap,1455.6,153.27,1550.82,306.83,95.22000000000003,153.55999999999997,xml_geometry_csv_action
BootPass_106,201,13,13,Position_Unknown,Team_Unknown,Action_PreSnap,1698.01,5.19,1765.74,146.54,67.73000000000002,141.35,xml_geometry_csv_action
BootPass_106,201,17,17,Position_Unknown,Team_Unknown,Action_PreSnap,1323.16,410.53,1418.59,563.71,95.42999999999984,153.18000000000006,xml_geometry_csv_action
BootPass_106,201,2,2,Position_Unknown,Team_Unknown,Action_PreSnap,1393.04,104.72,1459.81,246.94,66.76999999999998,142.22,xml_geometry_csv_action
BootPass_106,201,21,20,Position_Unknown,Team_Unknown,Action_PreSnap,205.6,534.51,308.29,679.28,102.69000000000003,144.76999999999998,xml_geometry_csv_action
BootPass_106,201,23,21,Position_Unknown,Team_Unknown,Action_PreSnap,287.2,537.11,386.2,690.28,99.0,153.16999999999996,xml_geometry_csv_action
BootPass_106,201,38,28,Position_Unknown,Team_Unknown,Action_PreSnap,657.37,481.02,738.0,634.44,80.63,153.42000000000007,xml_geometry_csv_action
BootPass_106,201,6,6,Position_Unknown,Team_Unknown,Action_PreSnap,1401.16,186.14,1469.45,336.53,68.28999999999996,150.39,xml_geometry_csv_action
BootPass_106,202,0,0,Position_Unknown,Team_Unknown,Action_PreSnap,667.91,490.83,776.98,664.72,109.07000000000005,173.89000000000004,xml_geometry_csv_action
BootPass_106,202,10,10,Position_Unknown,Team_Unknown,Action_PreSnap,690.67,411.12,761.68,540.37,71.00999999999999,129.25,xml_geometry_csv_action
BootPass_106,202,12,12,Position_Unknown,Team_Unknown,Action_PreSnap,1456.26,152.94,1548.22,307.37,91.96000000000004,154.43,xml_geometry_csv_action
BootPass_106,202,13,13,Position_Unknown,Team_Unknown,Action_PreSnap,1704.95,4.14,1772.67,145.9,67.72000000000003,141.76000000000002,xml_geometry_csv_action
BootPass_106,202,17,17,Position_Unknown,Team_Unknown,Action_PreSnap,1327.84,411.59,1405.9,560.41,78.06000000000017,148.82,xml_geometry_csv_action
BootPass_106,202,2,2,Position_Unknown,Team_Unknown,Action_PreSnap,1398.83,100.25,1463.48,236.99,64.65000000000009,136.74,xml_geometry_csv_action
BootPass_106,202,21,20,Position_Unknown,Team_Unknown,Action_PreSnap,214.77,530.03,314.01,675.65,99.23999999999998,145.62,xml_geometry_csv_action
BootPass_106,202,23,21,Position_Unknown,Team_Unknown,Action_PreSnap,288.7,533.61,397.53,684.52,108.82999999999998,150.90999999999997,xml_geometry_csv_action
BootPass_106,202,25,22,Position_Unknown,Team_Unknown,Action_None,275.61,509.55,365.95,573.64,90.33999999999997,64.08999999999997,xml_geometry_csv_action
BootPass_106,202,33,25,Position_Unknown,Team_Unknown,Action_PreSnap,176.93,381.58,252.13,553.52,75.19999999999999,171.94,xml_geometry_csv_action
BootPass_106,202,38,28,Position_Unknown,Team_Unknown,Action_PreSnap,659.72,481.03,739.87,629.52,80.14999999999998,148.49,xml_geometry_csv_action
BootPass_106,202,6,6,Position_Unknown,Team_Unknown,Action_PreSnap,1401.61,186.81,1471.61,338.51,70.0,151.7,xml_geometry_csv_action
BootPass_106,203,0,0,Position_Unknown,Team_Unknown,Action_PreSnap,669.13,492.65,763.24,662.88,94.11000000000001,170.23000000000002,xml_geometry_csv_action
BootPass_106,203,10,10,Position_Unknown,Team_Unknown,Action_PreSnap,688.29,410.98,756.76,535.59,68.47000000000003,124.61000000000001,xml_geometry_csv_action
BootPass_106,203,12,12,Position_Unknown,Team_Unknown,Action_PreSnap,1457.95,152.83,1542.33,307.63,84.37999999999988,154.79999999999998,xml_geometry_csv_action
BootPass_106,203,13,13,Position_Unknown,Team_Unknown,Action_PreSnap,1712.09,1.96,1777.96,142.42,65.87000000000012,140.45999999999998,xml_geometry_csv_action
BootPass_106,203,17,17,Position_Unknown,Team_Unknown,Action_PreSnap,1327.24,409.88,1392.95,556.2,65.71000000000004,146.32000000000005,xml_geometry_csv_action
BootPass_106,203,2,2,Position_Unknown,Team_Unknown,Action_PreSnap,1402.93,96.67,1466.48,237.55,63.549999999999955,140.88,xml_geometry_csv_action
BootPass_106,203,21,20,Position_Unknown,Team_Unknown,Action_PreSnap,222.88,522.21,321.71,670.53,98.82999999999998,148.31999999999994,xml_geometry_csv_action
BootPass_106,203,23,21,Position_Unknown,Team_Unknown,Action_PreSnap,289.49,530.58,404.86,678.67,115.37,148.08999999999992,xml_geometry_csv_action
BootPass_106,203,25,22,Position_Unknown,Team_Unknown,Action_None,273.78,506.02,376.33,571.03,102.55000000000001,65.00999999999999,xml_geometry_csv_action
BootPass_106,203,38,28,Position_Unknown,Team_Unknown,Action_PreSnap,656.17,479.86,731.2,621.61,75.03000000000009,141.75,xml_geometry_csv_action
BootPass_106,203,39,29,Position_Unknown,Team_Unknown,Action_PreSnap,1.35,443.53,51.92,594.63,50.57,151.10000000000002,xml_geometry_csv_action
BootPass_106,203,6,6,Position_Unknown,Team_Unknown,Action_PreSnap,1402.44,185.98,1475.15,337.23,72.71000000000004,151.25000000000003,xml_geometry_csv_action
BootPass_106,204,0,0,Position_Unknown,Team_Unknown,Action_PreSnap,674.77,502.48,751.4,656.71,76.63,154.23000000000002,xml_geometry_csv_action
BootPass_106,204,10,10,Position_Unknown,Team_Unknown,Action_PreSnap,687.41,411.83,752.57,534.2,65.16000000000008,122.37000000000006,xml_geometry_csv_action
BootPass_106,204,12,12,Position_Unknown,Team_Unknown,Action_PreSnap,1458.54,151.32,1530.92,304.78,72.38000000000011,153.45999999999998,xml_geometry_csv_action
BootPass_106,204,13,13,Position_Unknown,Team_Unknown,Action_PreSnap,1720.15,0.1,1783.62,138.46,63.4699999999998,138.36,xml_geometry_csv_action
BootPass_106,204,17,17,Position_Unknown,Team_Unknown,Action_PreSnap,1325.42,406.94,1388.16,551.79,62.74000000000001,144.84999999999997,xml_geometry_csv_action
BootPass_106,204,2,2,Position_Unknown,Team_Unknown,Action_PreSnap,1406.82,93.76,1469.82,241.39,63.0,147.63,xml_geometry_csv_action
BootPass_106,204,21,20,Position_Unknown,Team_Unknown,Action_PreSnap,235.79,516.89,329.68,664.52,93.89000000000001,147.63,xml_geometry_csv_action
BootPass_106,204,23,21,Position_Unknown,Team_Unknown,Action_PreSnap,296.39,524.22,413.84,673.07,117.44999999999999,148.85000000000002,xml_geometry_csv_action
BootPass_106,204,25,22,Position_Unknown,Team_Unknown,Action_None,282.23,506.79,386.3,567.01,104.07,60.21999999999997,xml_geometry_csv_action
BootPass_106,204,38,28,Position_Unknown,Team_Unknown,Action_PreSnap,652.41,478.65,721.48,624.85,69.07000000000005,146.20000000000005,xml_geometry_csv_action
BootPass_106,204,39,29,Position_Unknown,Team_Unknown,Action_PreSnap,2.5,441.87,58.31,591.66,55.81,149.78999999999996,xml_geometry_csv_action
BootPass_106,204,6,6,Position_Unknown,Team_Unknown,Action_PreSnap,1408.72,184.06,1481.6,335.53,72.87999999999988,151.46999999999997,xml_geometry_csv_action
BootPass_106,205,0,0,Position_Unknown,Team_Unknown,Action_PreSnap,670.06,496.13,741.56,658.55,71.5,162.41999999999996,xml_geometry_csv_action
BootPass_106,205,10,10,Position_Unknown,Team_Unknown,Action_PreSnap,682.64,412.23,746.91,534.39,64.26999999999998,122.15999999999997,xml_geometry_csv_action
BootPass_106,205,12,12,Position_Unknown,Team_Unknown,Action_PreSnap,1458.94,148.94,1527.77,299.47,68.82999999999993,150.53000000000003,xml_geometry_csv_action
BootPass_106,205,13,13,Position_Unknown,Team_Unknown,Action_PreSnap,1726.94,0.0,1789.01,135.08,62.069999999999936,135.08,xml_geometry_csv_action
BootPass_106,205,17,17,Position_Unknown,Team_Unknown,Action_PreSnap,1320.34,403.47,1391.06,551.0,70.72000000000003,147.52999999999997,xml_geometry_csv_action
BootPass_106,205,19,19,Position_Unknown,Team_Unknown,Action_None,211.6,496.09,278.69,601.41,67.09,105.32,xml_geometry_csv_action
BootPass_106,205,2,2,Position_Unknown,Team_Unknown,Action_PreSnap,1410.05,92.45,1473.75,248.14,63.700000000000045,155.69,xml_geometry_csv_action
BootPass_106,205,21,20,Position_Unknown,Team_Unknown,Action_PreSnap,244.46,512.25,335.16,658.4,90.70000000000002,146.14999999999998,xml_geometry_csv_action
BootPass_106,205,23,21,Position_Unknown,Team_Unknown,Action_PreSnap,305.06,515.95,421.46,669.9,116.39999999999998,153.94999999999993,xml_geometry_csv_action
BootPass_106,205,25,22,Position_Unknown,Team_Unknown,Action_None,290.56,506.31,390.68,561.07,100.12,54.76000000000005,xml_geometry_csv_action
BootPass_106,205,38,28,Position_Unknown,Team_Unknown,Action_PreSnap,641.62,477.46,716.82,633.17,75.20000000000005,155.70999999999998,xml_geometry_csv_action
BootPass_106,205,39,29,Position_Unknown,Team_Unknown,Action_PreSnap,2.11,438.42,68.61,587.19,66.5,148.77000000000004,xml_geometry_csv_action
BootPass_106,205,6,6,Position_Unknown,Team_Unknown,Action_PreSnap,1413.88,179.95,1498.08,338.53,84.19999999999982,158.57999999999998,xml_geometry_csv_action
BootPass_106,206,0,0,Position_Unknown,Team_Unknown,Action_PreSnap,664.82,507.13,734.45,660.36,69.63,153.23000000000002,xml_geometry_csv_action
BootPass_106,206,10,10,Position_Unknown,Team_Unknown,Action_PreSnap,672.43,413.38,739.9,531.44,67.47000000000003,118.06000000000006,xml_geometry_csv_action
BootPass_106,206,13,13,Position_Unknown,Team_Unknown,Action_PreSnap,1730.06,0.27,1792.34,132.42,62.27999999999997,132.14999999999998,xml_geometry_csv_action
BootPass_106,206,17,17,Position_Unknown,Team_Unknown,Action_PreSnap,1305.84,400.91,1392.94,553.18,87.10000000000014,152.26999999999992,xml_geometry_csv_action
BootPass_106,206,2,2,Position_Unknown,Team_Unknown,Action_PreSnap,1410.51,93.14,1474.09,254.01,63.57999999999993,160.87,xml_geometry_csv_action
BootPass_106,206,21,20,Position_Unknown,Team_Unknown,Action_PreSnap,249.81,507.35,335.92,654.65,86.11000000000001,147.29999999999995,xml_geometry_csv_action
BootPass_106,206,23,21,Position_Unknown,Team_Unknown,Action_PreSnap,304.45,510.02,424.68,666.64,120.23000000000002,156.62,xml_geometry_csv_action
BootPass_106,206,38,28,Position_Unknown,Team_Unknown,Action_PreSnap,627.18,477.11,703.99,636.01,76.81000000000006,158.89999999999998,xml_geometry_csv_action
BootPass_106,206,39,29,Position_Unknown,Team_Unknown,Action_PreSnap,1.59,435.11,77.12,592.76,75.53,157.64999999999998,xml_geometry_csv_action
BootPass_106,206,6,6,Position_Unknown,Team_Unknown,Action_PreSnap,1418.61,161.43,1508.03,338.23,89.42000000000007,176.8,xml_geometry_csv_action
BootPass_106,207,0,0,Position_Unknown,Team_Unknown,Action_PreSnap,654.05,509.94,728.5,664.94,74.45000000000005,155.00000000000006,xml_geometry_csv_action
BootPass_106,207,10,10,Position_Unknown,Team_Unknown,Action_PreSnap,664.22,412.39,731.9,534.64,67.67999999999995,122.25,xml_geometry_csv_action
BootPass_106,207,13,13,Position_Unknown,Team_Unknown,Action_PreSnap,1732.0,0.02,1795.34,128.51,63.33999999999992,128.48999999999998,xml_geometry_csv_action
BootPass_106,207,17,17,Position_Unknown,Team_Unknown,Action_PreSnap,1288.89,398.9,1391.49,555.98,102.59999999999991,157.08000000000004,xml_geometry_csv_action
BootPass_106,207,19,19,Position_Unknown,Team_Unknown,Action_None,207.32,496.41,279.79,608.12,72.47000000000003,111.70999999999998,xml_geometry_csv_action
BootPass_106,207,2,2,Position_Unknown,Team_Unknown,Action_PreSnap,1409.26,93.87,1473.63,257.76,64.37000000000012,163.89,xml_geometry_csv_action
BootPass_106,207,21,20,Position_Unknown,Team_Unknown,Action_PreSnap,252.43,501.66,339.9,652.36,87.46999999999997,150.7,xml_geometry_csv_action
BootPass_106,207,23,21,Position_Unknown,Team_Unknown,Action_PreSnap,303.28,502.28,422.1,660.41,118.82000000000005,158.13,xml_geometry_csv_action
BootPass_106,207,38,28,Position_Unknown,Team_Unknown,Action_PreSnap,614.69,478.42,690.56,637.44,75.86999999999989,159.02000000000004,xml_geometry_csv_action
BootPass_106,207,39,29,Position_Unknown,Team_Unknown,Action_PreSnap,0.67,433.4,82.2,594.16,81.53,160.76,xml_geometry_csv_action
BootPass_106,207,6,6,Position_Unknown,Team_Unknown,Action_PreSnap,1422.46,148.45,1515.85,336.09,93.38999999999987,187.64,xml_geometry_csv_action
BootPass_106,208,0,0,Position_Unknown,Team_Unknown,Action_PreSnap,648.61,512.88,725.86,666.66,77.25,153.77999999999997,xml_geometry_csv_action
BootPass_106,208,10,10,Position_Unknown,Team_Unknown,Action_PreSnap,661.97,411.68,729.43,545.42,67.45999999999992,133.73999999999995,xml_geometry_csv_action
BootPass_106,208,13,13,Position_Unknown,Team_Unknown,Action_PreSnap,1739.04,0.06,1800.54,125.14,61.5,125.08,xml_geometry_csv_action
BootPass_106,208,17,17,Position_Unknown,Team_Unknown,Action_PreSnap,1279.48,398.62,1390.93,556.21,111.45000000000005,157.59000000000003,xml_geometry_csv_action
BootPass_106,208,2,2,Position_Unknown,Team_Unknown,Action_PreSnap,1413.13,95.39,1475.95,258.66,62.819999999999936,163.27000000000004,xml_geometry_csv_action
BootPass_106,208,21,20,Position_Unknown,Team_Unknown,Action_PreSnap,262.09,494.85,345.11,646.21,83.02000000000004,151.36,xml_geometry_csv_action
BootPass_106,208,23,21,Position_Unknown,Team_Unknown,Action_PreSnap,308.41,495.79,421.29,656.86,112.88,161.07,xml_geometry_csv_action
BootPass_106,208,38,28,Position_Unknown,Team_Unknown,Action_PreSnap,608.79,481.0,684.42,642.26,75.63,161.26,xml_geometry_csv_action
BootPass_106,208,6,6,Position_Unknown,Team_Unknown,Action_PreSnap,1427.94,143.87,1521.81,332.99,93.86999999999989,189.12,xml_geometry_csv_action
BootPass_106,209,0,0,Position_Unknown,Team_Unknown,Action_PreSnap,644.33,514.7,720.9,669.26,76.56999999999994,154.55999999999995,xml_geometry_csv_action
BootPass_106,209,10,10,Position_Unknown,Team_Unknown,Action_PreSnap,659.82,411.6,724.82,554.22,65.0,142.62,xml_geometry_csv_action
BootPass_106,209,13,13,Position_Unknown,Team_Unknown,Action_PreSnap,1746.11,0.22,1806.21,122.58,60.100000000000136,122.36,xml_geometry_csv_action
BootPass_106,209,17,17,Position_Unknown,Team_Unknown,Action_PreSnap,1272.57,400.2,1385.89,559.27,113.32000000000016,159.07,xml_geometry_csv_action
BootPass_106,209,2,2,Position_Unknown,Team_Unknown,Action_PreSnap,1415.28,96.52,1477.85,258.02,62.569999999999936,161.5,xml_geometry_csv_action
BootPass_106,209,21,20,Position_Unknown,Team_Unknown,Action_PreSnap,269.59,488.69,353.12,643.78,83.53000000000003,155.08999999999997,xml_geometry_csv_action
BootPass_106,209,23,21,Position_Unknown,Team_Unknown,Action_PreSnap,313.38,490.63,415.73,653.57,102.35000000000002,162.94000000000005,xml_geometry_csv_action
BootPass_106,209,38,28,Position_Unknown,Team_Unknown,Action_PreSnap,605.07,484.75,677.74,648.1,72.66999999999996,163.35000000000002,xml_geometry_csv_action
BootPass_106,209,6,6,Position_Unknown,Team_Unknown,Action_PreSnap,1431.8,142.09,1524.43,330.33,92.63000000000011,188.23999999999998,xml_geometry_csv_action
