1,0,609.19,877.13,90.97,201.21,1,1,0.95241
1,1,687.57,568.4,66.27,152.43,1,1,0.95059
1,2,1719.83,494.05,76.27,132.2,1,1,0.94953
1,3,1122.63,738.52,70.65,187.29,1,1,0.9475
1,4,566.37,575.1,61.08,161.43,1,1,0.94264
1,5,1396.33,603.77,74.45,166.48,1,1,0.94197
1,6,495.48,558.33,51.45,147.83,1,1,0.9399
1,7,1274.84,757.32,76.09,193.11,1,1,0.93544
1,8,829.59,547.33,116.54,146.45,1,1,0.86755
1,9,926.15,680.74,98.75,76.94,1,1,0.79337
2,0,612.17,872.63,95.06,204.42,1,1,0.9534
2,1,689.21,567.25,64.9,152.24,1,1,0.94401
2,2,1717.93,494.95,74.15,129.81,1,1,0.94838
2,3,1124.56,733.01,70.78,189.65,1,1,0.94199
2,4,572.8,573.51,63.32,160.88,1,1,0.93278
2,5,1392.56,602.35,72.82,164.84,1,1,0.93624
2,6,504.41,556.3,53.05,150.72,1,1,0.936
2,7,1270.91,754.25,76.53,199.1,1,1,0.94168
2,8,846.17,553.35,100.11,139.61,1,1,0.86282
2,9,932.92,681.24,94.68,76.63,1,1,0.81067
3,0,615.83,868.56,97.66,208.22,1,1,0.94401
3,1,689.29,567.14,64.97,151.52,1,1,0.9315
3,2,1717.74,495.68,69.06,128.5,1,1,0.93538
3,3,1126.03,727.6,70.47,192.58,1,1,0.93686
3,4,578.87,572.2,67.75,160.06,1,1,0.92446
3,5,1387.87,599.25,68.98,167.54,1,1,0.92986
3,6,508.68,553.47,57.39,153.13,1,1,0.93691
3,7,1270.55,750.82,74.98,203.57,1,1,0.93999
3,8,862.35,566.2,90.89,135.48,1,1,0.84596
3,9,935.6,682.28,94.3,75.29,1,1,0.80799
3,10,764.75,639.11,53.26,75.64,1,1,0.82046
4,0,619.11,863.87,102.79,210.27,1,1,0.94846
4,1,689.47,567.02,65.09,150.94,1,1,0.93675
4,2,1718.46,494.73,63.62,128.7,1,1,0.93962
4,3,1126.28,720.72,71.07,196.44,1,1,0.94163
4,4,584.95,571.75,69.17,157.78,1,1,0.92692
4,5,1381.0,594.53,67.25,172.7,1,1,0.93401
4,6,511.79,549.98,63.47,155.87,1,1,0.93401
4,7,1269.51,747.17,74.19,206.73,1,1,0.94307
4,8,870.81,574.19,83.55,129.79,1,1,0.83611
4,9,936.5,682.86,95.81,75.17,1,1,0.77267
4,10,766.77,636.66,52.85,77.41,1,1,0.8174
4,11,846.34,546.23,49.05,119.58,1,1,0.83838
4,12,812.98,660.06,102.59,73.1,1,1,0.68965
5,0,623.24,859.44,108.14,209.97,1,1,0.94291
5,1,689.8,566.42,64.75,151.7,1,1,0.92864
5,2,1717.44,492.93,60.44,130.36,1,1,0.93298
5,3,1125.66,714.4,73.31,197.04,1,1,0.93014
5,4,590.58,572.06,68.31,155.51,1,1,0.91353
5,5,1373.81,590.41,66.11,174.56,1,1,0.92955
5,6,514.43,546.51,69.3,157.42,1,1,0.91815
5,7,1266.22,742.39,73.95,208.17,1,1,0.92778
5,8,877.88,581.24,76.29,128.03,1,1,0.81058
5,9,938.52,681.8,95.87,81.72,1,1,0.77201
5,10,769.6,634.28,57.23,81.79,1,1,0.8198
5,11,845.82,545.05,49.59,120.83,1,1,0.85446
5,12,816.2,658.48,105.67,72.05,1,1,0.67969
6,0,628.58,857.2,112.08,204.41,1,1,0.94608
6,1,690.51,565.86,64.09,152.38,1,1,0.9241
6,2,1713.91,491.55,60.17,132.94,1,1,0.92282
6,3,1124.73,710.26,75.98,194.55,1,1,0.93439
6,4,596.03,573.58,65.58,152.76,1,1,0.9186
6,5,1368.34,586.74,65.59,175.77,1,1,0.92977
6,6,518.44,545.34,75.27,155.26,1,1,0.91593
6,7,1263.17,739.38,72.81,202.62,1,1,0.92337
6,8,883.88,588.43,74.91,119.89,1,1,0.83288
6,9,929.8,682.62,103.87,85.33,1,1,0.74996
6,10,772.88,632.5,58.97,85.32,1,1,0.83449
6,11,845.63,544.08,50.01,119.98,1,1,0.85966
6,12,819.26,656.85,100.69,72.58,1,1,0.77411
7,0,634.93,855.72,116.46,197.14,1,1,0.93249
7,1,692.44,564.15,62.94,152.94,1,1,0.90665
7,2,1709.37,489.06,62.84,134.82,1,1,0.91809
7,3,1124.66,706.94,77.51,189.46,1,1,0.9276
7,4,601.42,573.39,64.48,152.18,1,1,0.90162
7,5,1361.75,583.12,69.15,176.22,1,1,0.91636
7,6,524.28,543.94,79.05,152.09,1,1,0.90257
7,7,1260.86,736.33,72.48,200.85,1,1,0.93072
7,8,888.95,594.88,73.32,114.17,1,1,0.80539
7,9,938.19,682.67,96.16,89.95,1,1,0.82525
7,10,775.75,630.91,59.83,87.2,1,1,0.8188
7,11,845.85,541.9,50.1,120.84,1,1,0.83723
7,12,824.32,655.08,97.43,72.28,1,1,0.78743
8,0,640.94,854.49,122.07,192.33,1,1,0.92957
8,1,692.64,561.24,62.91,154.24,1,1,0.89626
8,2,1700.8,486.8,69.23,135.74,1,1,0.91594
8,3,1124.58,703.96,77.66,185.88,1,1,0.92514
8,4,607.14,571.78,63.52,153.46,1,1,0.89485
8,5,1353.25,579.35,75.08,172.36,1,1,0.91851
8,6,532.74,543.43,79.5,148.69,1,1,0.89344
8,7,1258.24,734.13,72.41,198.8,1,1,0.92745
8,8,891.71,599.5,71.57,109.37,1,1,0.75762
8,9,942.81,681.7,91.8,91.57,1,1,0.79729
8,10,779.12,628.56,59.54,88.58,1,1,0.82971
8,11,845.98,539.32,49.41,120.67,1,1,0.83967
8,12,826.35,649.25,100.38,78.26,1,1,0.79318
9,0,651.03,853.83,122.85,190.42,1,1,0.92504
9,1,694.2,558.93,61.88,155.79,1,1,0.91267
9,2,1697.22,486.06,70.5,135.48,1,1,0.91485
9,3,1124.89,702.54,77.58,182.09,1,1,0.92936
9,4,612.0,569.61,64.11,155.75,1,1,0.9091
9,5,1346.85,577.21,82.06,168.17,1,1,0.92339
9,6,541.18,544.87,78.54,146.76,1,1,0.90101
9,7,1255.56,733.53,72.42,196.29,1,1,0.9265
9,8,891.81,603.78,73.33,107.11,1,1,0.74053
9,9,942.38,681.5,92.53,90.53,1,1,0.79161
9,10,781.35,627.39,59.46,88.98,1,1,0.83981
9,11,845.88,537.49,49.34,119.75,1,1,0.84732
9,12,827.29,643.38,100.44,84.87,1,1,0.79549
9,13,1892.76,761.99,26.53,167.82,1,1,0.78412
10,0,663.83,852.64,119.13,190.33,1,1,0.91415
10,1,695.5,556.48,61.31,158.54,1,1,0.90018
10,2,1696.91,485.74,69.03,134.73,1,1,0.9064
10,3,1125.82,702.13,76.29,180.73,1,1,0.92239
10,4,617.39,567.09,63.46,157.74,1,1,0.90155
10,5,1341.75,576.02,84.57,165.39,1,1,0.91413
10,6,551.98,546.89,74.44,144.52,1,1,0.89167
10,7,1253.74,733.77,71.94,193.97,1,1,0.92086
10,8,892.31,606.91,74.72,103.09,1,1,0.70666
10,9,942.92,680.72,91.62,91.41,1,1,0.803
10,10,783.05,625.82,60.82,90.37,1,1,0.84264
10,11,845.26,536.15,49.74,119.41,1,1,0.84026
10,12,828.25,637.59,99.91,90.82,1,1,0.79381
10,13,1890.15,759.38,29.26,181.07,1,1,0.80244
11,0,676.15,849.74,114.8,192.55,1,1,0.90745
11,1,696.81,554.46,60.31,158.8,1,1,0.88847
11,2,1696.86,485.59,67.63,133.64,1,1,0.90571
11,3,1126.57,701.85,74.95,180.77,1,1,0.91539
11,4,621.89,564.6,61.59,159.55,1,1,0.89064
11,5,1337.57,575.99,82.12,162.94,1,1,0.9083
11,6,563.98,548.19,67.95,142.62,1,1,0.86847
11,7,1251.36,733.82,71.0,192.5,1,1,0.92238
11,8,893.78,608.86,73.06,100.49,1,1,0.66354
11,9,945.11,680.58,89.16,88.97,1,1,0.81083
11,10,784.63,623.99,60.5,94.31,1,1,0.832
11,11,843.8,535.68,50.58,115.85,1,1,0.80805
11,12,830.8,630.9,96.94,96.57,1,1,0.78345
11,13,1884.82,750.73,34.44,191.03,1,1,0.86955
12,0,688.95,845.89,108.15,196.33,1,1,0.91982
12,1,697.37,553.02,61.2,158.7,1,1,0.88897
12,2,1696.72,485.54,65.86,133.27,1,1,0.90917
12,3,1125.18,700.27,74.13,182.43,1,1,0.91238
12,4,624.62,562.97,60.9,160.43,1,1,0.88105
12,5,1333.89,576.15,76.46,161.69,1,1,0.91563
12,6,576.68,548.41,61.01,142.69,1,1,0.86553
12,7,1248.47,732.49,69.87,193.71,1,1,0.9077
12,8,894.95,610.63,73.99,101.71,1,1,0.7127
12,9,946.68,681.01,87.81,85.51,1,1,0.79164
12,10,785.17,622.19,60.61,96.69,1,1,0.82529
12,11,842.18,535.41,51.62,115.33,1,1,0.82963
12,12,831.54,626.42,96.53,102.02,1,1,0.78954
12,13,1880.91,749.0,38.14,193.67,1,1,0.88069
13,0,694.39,839.38,107.8,202.48,1,1,0.92182
13,1,698.35,550.71,62.04,158.61,1,1,0.88621
13,2,1696.92,483.55,65.05,134.94,1,1,0.89648
13,3,1124.65,695.56,73.58,185.48,1,1,0.90112
13,4,628.85,560.28,59.93,162.1,1,1,0.8602
13,5,1329.01,573.64,73.04,162.74,1,1,0.906
13,6,590.39,545.79,54.21,145.06,1,1,0.85352
13,7,1245.99,727.23,69.24,196.13,1,1,0.90138
13,8,896.17,609.62,77.38,102.91,1,1,0.75966
13,9,949.74,679.23,86.47,85.71,1,1,0.79431
13,10,785.31,619.55,60.48,99.88,1,1,0.81963
13,11,840.95,533.52,52.97,114.66,1,1,0.82683
13,12,833.72,622.47,95.58,104.34,1,1,0.78964
13,13,1878.0,747.25,41.15,194.84,1,1,0.87755
14,0,701.19,832.64,108.31,205.14,1,1,0.93564
14,1,698.57,548.77,63.35,159.29,1,1,0.89285
14,2,1697.57,479.47,63.14,135.6,1,1,0.90593
14,3,1127.74,689.04,69.97,187.85,1,1,0.90947
14,4,632.78,556.85,57.6,162.57,1,1,0.85951
14,5,1324.53,568.78,69.11,165.17,1,1,0.9187
14,6,601.36,542.22,48.13,147.16,1,1,0.85507
14,7,1241.88,721.72,68.5,200.06,1,1,0.91825
14,8,897.76,607.54,80.05,105.37,1,1,0.77014
14,9,950.78,677.2,85.12,86.33,1,1,0.78687
14,10,786.75,616.35,59.14,102.95,1,1,0.84403
14,11,841.83,531.3,51.17,111.7,1,1,0.83132
14,12,835.83,616.2,93.29,108.55,1,1,0.79538
14,13,1875.84,743.55,43.17,196.19,1,1,0.90711
15,0,709.23,827.32,109.36,206.59,1,1,0.94243
15,1,698.84,547.69,64.85,159.9,1,1,0.88995
15,2,1698.48,476.06,61.21,137.31,1,1,0.90547
15,3,1132.47,683.36,65.95,191.22,1,1,0.91805
15,4,636.86,554.0,55.23,161.37,1,1,0.85848
15,5,1321.18,564.02,67.97,168.3,1,1,0.93554
15,6,608.23,539.82,47.17,148.52,1,1,0.84932
15,7,1239.13,717.18,67.14,198.36,1,1,0.92551
15,8,898.29,605.09,82.13,107.31,1,1,0.74778
15,9,952.4,675.88,83.26,87.97,1,1,0.80291
15,10,787.06,613.67,61.79,106.07,1,1,0.80116
15,11,843.32,529.91,49.47,110.75,1,1,0.81606
15,12,837.14,610.63,90.73,112.29,1,1,0.77607
15,13,1873.16,739.53,45.89,198.37,1,1,0.91143
16,0,718.51,822.68,108.6,203.73,1,1,0.93434
16,1,700.77,546.68,64.67,158.49,1,1,0.90344
16,2,1700.26,471.92,59.55,139.2,1,1,0.90588
16,3,1135.01,677.57,63.55,193.54,1,1,0.92159
16,4,639.93,550.06,53.73,161.96,1,1,0.85281
16,5,1318.14,558.67,67.42,170.75,1,1,0.94028
16,6,612.65,535.87,48.48,150.56,1,1,0.7869
16,7,1236.15,711.25,66.94,201.97,1,1,0.91723
16,8,899.55,600.71,81.03,112.09,1,1,0.78329
16,9,951.47,674.93,82.92,92.8,1,1,0.84014
16,10,788.73,610.27,61.96,108.3,1,1,0.83701
16,11,845.37,527.63,46.61,105.65,1,1,0.81309
16,12,837.93,605.38,84.51,114.61,1,1,0.73533
16,13,1870.49,733.66,48.67,201.55,1,1,0.92538
17,0,727.19,819.04,108.33,201.25,1,1,0.91649
17,1,701.36,545.5,66.25,158.61,1,1,0.88869
17,2,1699.96,466.41,59.82,144.41,1,1,0.87562
17,3,1135.87,673.04,63.14,191.26,1,1,0.89537
17,4,637.54,545.71,57.96,163.97,1,1,0.75924
17,5,1312.31,553.49,69.43,174.11,1,1,0.90718
17,7,1230.95,706.46,69.39,201.64,1,1,0.89979
17,8,899.43,595.92,80.05,116.77,1,1,0.79762
17,9,950.86,674.16,83.48,96.87,1,1,0.8422
17,10,788.91,606.55,64.16,110.76,1,1,0.82014
17,11,842.65,525.82,49.08,105.02,1,1,0.80678
17,12,836.7,603.37,88.06,115.41,1,1,0.78168
17,13,1866.71,727.49,52.18,204.32,1,1,0.91997
18,0,738.43,816.69,108.38,198.0,1,1,0.91702
18,1,702.26,544.41,67.86,158.83,1,1,0.89977
18,2,1700.56,461.74,59.47,146.94,1,1,0.90451
18,3,1137.71,669.17,63.3,186.57,1,1,0.90893
18,4,628.95,537.31,67.74,169.49,1,1,0.86771
18,5,1308.46,550.03,70.48,171.4,1,1,0.92461
18,7,1226.78,701.85,72.63,199.88,1,1,0.91222
18,8,898.17,589.34,76.63,123.08,1,1,0.82715
18,9,951.68,673.05,83.72,97.99,1,1,0.84201
18,10,793.02,602.62,63.68,112.68,1,1,0.81669
18,11,841.61,523.07,50.37,104.6,1,1,0.81953
18,12,840.0,601.27,90.84,118.58,1,1,0.80187
18,13,1863.15,721.16,55.97,205.74,1,1,0.92995
19,0,749.54,815.28,108.47,196.44,1,1,0.88119
19,1,702.63,542.94,69.45,160.2,1,1,0.87923
19,2,1698.68,458.68,62.13,148.74,1,1,0.87396
19,3,1137.29,666.57,65.42,183.07,1,1,0.88123
19,4,630.12,532.79,69.04,172.3,1,1,0.85641
19,5,1303.11,546.93,72.36,169.39,1,1,0.89483
19,7,1222.05,699.0,77.12,197.58,1,1,0.89406
19,8,896.18,582.73,75.71,128.97,1,1,0.82181
19,9,951.25,672.71,84.39,98.82,1,1,0.84243
19,10,794.11,599.78,65.31,111.56,1,1,0.69059
19,11,839.79,521.0,52.34,104.57,1,1,0.80789
19,12,841.56,600.3,92.17,119.43,1,1,0.78957
19,13,1858.42,715.64,60.55,206.08,1,1,0.91397
20,0,762.48,813.84,108.99,193.27,1,1,0.91586
20,1,704.3,541.39,69.19,160.97,1,1,0.8967
20,2,1696.94,457.48,64.51,146.6,1,1,0.8999
20,3,1138.21,664.78,65.59,178.95,1,1,0.9119
20,4,637.14,530.72,65.06,173.06,1,1,0.89249
20,5,1298.81,545.38,73.07,163.6,1,1,0.91968
20,7,1219.3,697.39,78.34,194.65,1,1,0.91366
20,8,895.13,576.43,74.57,131.87,1,1,0.84007
20,9,952.33,672.67,84.78,97.29,1,1,0.84454
20,11,840.99,519.68,50.74,103.3,1,1,0.81619
20,12,843.81,599.16,85.95,116.53,1,1,0.74809
20,13,1854.16,710.78,64.84,201.72,1,1,0.93151
21,0,783.46,812.3,96.41,192.07,1,1,0.90531
21,1,705.68,539.97,69.77,161.45,1,1,0.90139
21,2,1695.99,455.74,65.73,145.85,1,1,0.90873
21,3,1138.18,662.8,66.67,176.48,1,1,0.91607
21,4,644.89,530.24,62.77,172.71,1,1,0.89583
21,5,1293.16,544.59,75.36,159.4,1,1,0.92129
21,7,1215.06,696.42,78.28,191.64,1,1,0.91776
21,8,893.17,569.52,73.41,136.8,1,1,0.86344
21,9,952.81,672.41,85.0,96.65,1,1,0.86254
21,11,839.8,517.65,52.28,103.05,1,1,0.80437
21,12,844.4,594.61,73.19,119.54,1,1,0.75753
21,13,1849.24,706.84,69.79,195.72,1,1,0.93812
21,10,794.75,593.83,65.71,114.02,1,1,0.77713
22,0,799.49,810.87,86.02,191.94,1,1,0.92901
22,1,706.59,539.27,71.64,162.3,1,1,0.89873
22,2,1696.36,455.53,64.86,145.46,1,1,0.91085
22,3,1137.54,660.62,68.19,176.38,1,1,0.91399
22,4,650.17,529.74,64.22,173.23,1,1,0.90188
22,5,1287.66,544.73,77.62,156.62,1,1,0.91959
22,7,1210.99,696.12,77.51,190.89,1,1,0.92209
22,8,891.61,564.81,73.27,141.41,1,1,0.89689
22,9,952.83,672.72,86.55,96.66,1,1,0.87424
22,11,838.87,516.51,53.69,101.82,1,1,0.83571
22,12,841.27,592.37,66.06,122.14,1,1,0.77276
22,13,1843.75,705.03,75.17,191.82,1,1,0.944
22,10,796.29,592.54,64.88,119.47,1,1,0.84392
23,0,807.11,807.11,84.64,193.88,1,1,0.93616
23,1,707.48,537.98,73.66,162.79,1,1,0.90816
23,2,1699.53,454.45,62.04,145.39,1,1,0.92254
23,3,1139.36,656.86,67.17,177.14,1,1,0.91623
23,4,654.64,528.83,64.98,173.65,1,1,0.88511
23,5,1283.18,542.95,77.59,156.67,1,1,0.92863
23,7,1207.36,694.24,74.7,191.36,1,1,0.93085
23,8,890.34,560.1,70.63,145.18,1,1,0.90332
23,9,953.12,671.93,88.53,97.08,1,1,0.88528
23,11,838.67,515.33,54.86,99.46,1,1,0.82656
23,12,835.39,589.42,65.75,126.0,1,1,0.84192
23,13,1838.31,703.51,80.01,188.47,1,1,0.93879
23,10,798.93,590.44,61.03,114.02,1,1,0.66687
24,0,811.18,803.5,88.57,196.1,1,1,0.94796
24,1,708.97,537.68,73.37,162.18,1,1,0.90802
24,2,1703.29,453.77,57.88,145.51,1,1,0.92589
24,3,1142.46,652.06,65.4,179.62,1,1,0.92304
24,4,657.5,529.55,64.97,172.49,1,1,0.88619
24,5,1279.81,540.31,74.93,157.73,1,1,0.94279
24,7,1202.89,692.6,71.74,191.82,1,1,0.9395
24,8,888.75,555.32,68.34,150.79,1,1,0.91378
24,9,953.11,671.31,89.04,97.17,1,1,0.8992
24,11,838.88,515.07,54.32,97.67,1,1,0.82842
24,12,833.28,587.75,64.81,127.69,1,1,0.79916
24,13,1832.96,702.83,82.43,186.85,1,1,0.94798
25,0,816.02,799.16,94.69,198.09,1,1,0.94406
25,1,712.61,535.92,71.44,163.02,1,1,0.87508
25,2,1705.95,452.67,55.78,145.78,1,1,0.91312
25,3,1145.5,646.44,64.59,183.27,1,1,0.90291
25,4,660.89,529.78,61.78,170.75,1,1,0.87366
25,5,1277.63,536.02,73.28,160.05,1,1,0.93579
25,7,1199.8,689.32,69.71,193.34,1,1,0.92585
25,8,888.87,549.62,65.93,154.58,1,1,0.8907
25,9,954.17,669.66,89.79,97.84,1,1,0.89081
25,11,839.37,514.06,53.98,95.59,1,1,0.7941
25,12,833.36,586.05,64.97,128.56,1,1,0.76029
25,13,1829.15,700.11,82.85,187.91,1,1,0.94355
25,10,797.6,583.49,62.68,118.98,1,1,0.7372
26,0,819.04,795.2,103.25,200.03,1,1,0.93018
26,1,714.53,533.96,72.08,164.4,1,1,0.85797
26,2,1705.77,450.59,56.3,147.92,1,1,0.88435
26,3,1146.4,640.81,64.5,186.19,1,1,0.88505
26,4,662.61,528.98,60.83,170.04,1,1,0.8612
26,5,1274.51,530.45,71.31,163.03,1,1,0.89792
26,7,1195.04,685.09,69.7,197.13,1,1,0.90847
26,8,887.72,543.23,63.51,160.94,1,1,0.86264
26,9,953.93,668.03,90.49,99.18,1,1,0.88307
26,11,837.66,513.22,54.01,92.22,1,1,0.78263
26,12,832.21,581.0,66.09,132.99,1,1,0.76608
26,13,1825.73,694.71,82.39,193.09,1,1,0.9295
26,10,794.97,577.75,64.26,120.48,1,1,0.79548
27,0,824.98,792.65,111.82,196.71,1,1,0.93171
27,1,717.84,532.19,70.13,165.59,1,1,0.8294
27,2,1705.9,449.82,57.5,148.91,1,1,0.88205
27,3,1147.53,635.37,65.63,188.27,1,1,0.87588
27,4,664.89,528.35,61.32,169.45,1,1,0.86477
27,5,1270.33,526.83,71.55,164.8,1,1,0.90003
27,7,1190.93,681.15,69.82,199.69,1,1,0.90508
27,8,887.29,537.0,60.04,163.92,1,1,0.8343
27,9,954.03,666.69,90.8,100.16,1,1,0.87798
27,11,835.79,512.53,54.88,91.43,1,1,0.74939
27,12,832.4,578.72,72.2,134.93,1,1,0.76991
27,13,1823.54,689.17,81.6,197.08,1,1,0.92922
27,10,792.62,572.78,63.58,119.73,1,1,0.79503
28,0,834.01,791.18,116.17,193.16,1,1,0.92452
28,1,722.6,531.09,69.28,165.82,1,1,0.80337
28,2,1705.57,448.69,59.1,150.17,1,1,0.87193
28,3,1147.87,631.42,64.94,188.44,1,1,0.86289
28,4,666.0,526.77,62.81,169.41,1,1,0.86325
28,5,1266.54,523.41,72.16,165.52,1,1,0.88557
28,7,1188.19,677.72,68.85,200.33,1,1,0.89061
28,8,885.8,532.11,58.73,163.32,1,1,0.80874
28,9,954.05,665.21,91.68,100.9,1,1,0.86568
28,11,834.87,511.35,55.01,87.91,1,1,0.76746
28,12,833.25,576.78,85.85,136.13,1,1,0.80364
28,13,1820.95,682.86,81.46,201.61,1,1,0.92205
28,10,790.65,566.51,66.13,127.31,1,1,0.80431
29,0,845.35,790.82,118.3,191.64,1,1,0.91539
29,1,728.45,529.66,64.95,167.03,1,1,0.80583
29,2,1705.51,448.02,60.75,151.37,1,1,0.87523
29,3,1148.98,629.42,64.13,180.89,1,1,0.85593
29,4,668.0,525.67,63.88,169.17,1,1,0.85892
29,5,1263.54,520.4,72.21,164.57,1,1,0.88145
29,7,1183.83,675.59,69.74,199.43,1,1,0.87961
29,8,884.7,528.04,57.66,160.83,1,1,0.79694
29,9,954.65,663.61,92.55,101.53,1,1,0.86843
29,11,833.45,510.18,55.78,86.13,1,1,0.77244
29,12,834.0,574.47,89.59,137.49,1,1,0.85208
29,13,1818.12,677.16,81.46,203.94,1,1,0.92447
29,10,788.58,560.69,69.3,130.94,1,1,0.83455
30,0,858.96,790.27,120.58,191.86,1,1,0.9079
30,1,732.1,528.11,63.31,167.8,1,1,0.83044
30,2,1705.37,447.65,62.47,151.16,1,1,0.88205
30,3,1150.07,627.02,64.92,174.59,1,1,0.85728
30,4,671.25,524.38,63.49,167.59,1,1,0.86888
30,5,1261.05,518.44,72.1,162.55,1,1,0.88477
30,7,1180.52,674.75,69.29,194.35,1,1,0.88379
30,8,884.45,525.3,57.16,161.57,1,1,0.8073
30,9,954.57,661.15,93.14,103.14,1,1,0.8739
30,11,832.59,509.05,55.99,85.83,1,1,0.7638
30,12,835.13,570.39,84.32,141.02,1,1,0.84076
30,13,1815.45,672.52,81.47,199.53,1,1,0.92706
30,10,786.8,555.52,72.2,134.8,1,1,0.82378
30,15,0.23,670.82,31.22,180.29,1,1,0.75852
31,0,874.3,789.29,121.86,191.88,1,1,0.91416
31,1,733.88,526.04,61.27,169.37,1,1,0.84389
31,2,1704.65,446.81,65.09,151.52,1,1,0.88622
31,3,1151.56,625.72,64.93,169.48,1,1,0.83687
31,4,674.44,522.03,61.13,167.52,1,1,0.86796
31,5,1258.75,517.88,70.99,159.94,1,1,0.88477
31,7,1175.89,674.24,69.45,190.96,1,1,0.87283
31,8,884.1,522.88,56.32,162.66,1,1,0.80865
31,9,953.96,658.37,94.12,105.25,1,1,0.87393
31,11,831.73,507.17,56.54,84.06,1,1,0.72902
31,12,835.69,565.11,79.48,144.77,1,1,0.83913
31,13,1811.72,668.95,81.9,194.13,1,1,0.92478
31,10,786.92,551.19,71.95,142.3,1,1,0.8131
31,15,0.12,669.89,30.68,179.27,1,1,0.64521
32,0,892.31,786.54,116.28,193.18,1,1,0.89628
32,1,736.4,523.8,59.64,171.42,1,1,0.85035
32,2,1703.75,446.31,67.69,151.59,1,1,0.88563
32,3,1152.98,625.11,65.81,162.86,1,1,0.82003
32,4,677.2,520.1,59.0,168.02,1,1,0.86471
32,5,1256.51,518.07,69.7,157.23,1,1,0.8813
32,7,1170.43,675.12,69.69,186.32,1,1,0.86874
32,8,883.59,521.1,55.98,161.26,1,1,0.75454
32,9,954.31,656.23,94.01,106.64,1,1,0.87116
32,11,831.6,505.62,56.95,80.13,1,1,0.70403
32,12,837.24,561.78,75.42,147.0,1,1,0.80887
32,13,1808.42,666.27,81.89,190.64,1,1,0.92467
32,10,788.34,547.78,71.26,150.57,1,1,0.83036
33,0,909.42,782.25,109.89,194.52,1,1,0.91439
33,1,740.54,521.91,59.24,172.08,1,1,0.85391
33,2,1702.18,446.02,70.29,151.09,1,1,0.90059
33,3,1156.65,623.49,64.98,155.86,1,1,0.7543
33,4,680.55,518.75,58.03,166.94,1,1,0.86202
33,5,1255.16,517.74,68.27,155.55,1,1,0.89188
33,7,1165.54,674.83,70.44,182.13,1,1,0.87974
33,9,954.48,653.94,93.92,107.16,1,1,0.86834
33,12,837.9,555.09,73.85,152.07,1,1,0.81596
33,13,1806.13,664.9,82.31,187.42,1,1,0.93629
33,10,788.86,544.45,70.46,154.41,1,1,0.85149
34,0,918.63,776.54,108.54,196.33,1,1,0.93755
34,1,742.93,519.54,62.55,171.86,1,1,0.85181
34,2,1703.51,444.76,69.96,149.96,1,1,0.92562
34,4,683.62,516.64,57.13,166.87,1,1,0.88886
34,5,1253.39,516.85,67.19,153.81,1,1,0.9235
34,7,1162.29,671.26,69.41,181.09,1,1,0.90223
34,9,953.78,651.13,95.11,106.66,1,1,0.89502
34,12,840.65,545.78,77.87,158.35,1,1,0.81532
34,13,1803.4,663.82,83.23,184.06,1,1,0.95259
34,10,789.5,541.08,70.12,154.46,1,1,0.86569
35,0,924.78,772.2,108.06,196.31,1,1,0.93894
35,1,744.03,534.86,66.39,155.27,1,1,0.72034
35,2,1706.62,444.31,67.21,148.81,1,1,0.93819
35,4,685.67,515.09,57.37,167.14,1,1,0.89937
35,5,1251.64,515.03,66.82,153.76,1,1,0.92939
35,7,1159.78,668.98,67.28,182.0,1,1,0.91697
35,9,953.33,648.12,96.11,106.69,1,1,0.91327
35,12,842.65,535.44,83.07,166.82,1,1,0.85502
35,13,1801.16,663.18,83.8,182.25,1,1,0.9568
35,10,788.9,538.07,70.43,151.8,1,1,0.85962
36,0,931.66,768.1,107.53,196.75,1,1,0.94739
36,1,744.92,525.47,64.11,163.17,1,1,0.80196
36,2,1711.47,443.25,63.33,148.19,1,1,0.94045
36,4,688.17,513.96,56.65,166.23,1,1,0.91664
36,5,1250.71,511.67,67.55,155.25,1,1,0.94285
36,7,1156.96,666.2,64.64,184.32,1,1,0.91702
36,9,953.0,644.65,96.17,108.44,1,1,0.91782
36,12,846.47,529.31,84.05,171.02,1,1,0.90007
36,13,1799.18,660.41,82.45,183.55,1,1,0.95541
36,10,786.73,534.17,72.45,152.34,1,1,0.86014
36,3,1162.85,610.75,61.25,108.64,1,1,0.70544
37,0,938.57,764.65,110.02,197.17,1,1,0.93727
37,1,745.98,520.03,60.98,167.43,1,1,0.81277
37,2,1717.16,442.16,58.57,148.93,1,1,0.92054
37,4,690.43,513.16,56.83,166.21,1,1,0.89042
37,5,1249.93,508.11,67.86,157.62,1,1,0.92641
37,7,1152.65,662.06,63.17,188.01,1,1,0.90188
37,9,952.5,641.63,96.71,111.07,1,1,0.8949
37,12,850.92,527.54,79.62,171.13,1,1,0.88423
37,13,1797.79,657.52,79.44,184.25,1,1,0.95165
37,10,785.09,528.59,73.57,156.27,1,1,0.83497
37,3,1163.73,605.59,61.4,124.52,1,1,0.75002
38,0,947.45,761.68,110.7,196.98,1,1,0.93366
38,1,747.22,518.42,59.12,167.42,1,1,0.82386
38,2,1722.81,441.14,54.79,149.46,1,1,0.91308
38,4,692.37,512.18,57.14,165.46,1,1,0.89268
38,5,1249.04,504.33,68.77,159.6,1,1,0.93246
38,7,1148.67,656.11,62.77,191.57,1,1,0.91003
38,9,952.27,638.52,96.69,113.81,1,1,0.89888
38,12,857.6,522.4,73.91,173.81,1,1,0.88788
38,13,1796.13,651.86,77.33,187.88,1,1,0.94436
38,10,784.89,519.51,72.98,163.49,1,1,0.81126
38,3,1164.45,601.04,61.79,139.11,1,1,0.75665
38,11,834.97,494.94,52.43,171.84,1,1,0.6407
39,0,957.75,760.38,110.94,196.26,1,1,0.91844
39,1,748.55,516.93,57.42,166.24,1,1,0.85198
39,2,1728.47,440.3,51.61,150.08,1,1,0.89418
39,4,694.2,511.21,58.34,165.55,1,1,0.88312
39,5,1247.12,501.58,71.06,160.89,1,1,0.91568
39,7,1143.94,651.28,64.68,194.55,1,1,0.90581
39,9,951.66,635.9,97.42,116.74,1,1,0.8875
39,12,864.26,518.38,70.4,174.13,1,1,0.8764
39,13,1795.01,646.11,75.7,190.67,1,1,0.9352
39,10,785.79,514.17,70.97,166.85,1,1,0.8483
39,3,1165.83,596.85,62.5,154.89,1,1,0.83272
39,11,836.16,493.23,52.74,175.4,1,1,0.72916
39,15,0.02,660.1,40.17,235.87,1,1,0.68207
40,0,970.57,760.33,104.67,195.22,1,1,0.91749
40,1,750.36,515.86,56.26,164.5,1,1,0.87137
40,2,1733.63,439.67,48.65,148.94,1,1,0.91317
40,4,696.27,510.5,58.54,164.61,1,1,0.90138
40,5,1245.06,499.73,73.27,161.09,1,1,0.93175
40,7,1138.59,647.3,67.74,195.17,1,1,0.91704
40,9,951.24,633.6,97.19,118.37,1,1,0.89415
40,12,868.87,512.02,68.56,178.14,1,1,0.88678
40,13,1793.03,640.26,74.94,192.93,1,1,0.94171
40,10,788.07,512.01,68.0,166.58,1,1,0.85355
40,3,1166.37,593.91,63.86,165.84,1,1,0.88105
40,11,837.23,491.87,53.29,177.87,1,1,0.70515
40,15,0.01,658.42,42.01,234.1,1,1,0.72804
41,0,987.53,760.73,96.93,194.22,1,1,0.90497
41,1,752.79,515.2,56.94,162.6,1,1,0.82301
41,2,1736.0,439.28,49.39,148.92,1,1,0.91291
41,4,698.55,509.31,58.04,164.69,1,1,0.89707
41,5,1244.12,497.95,74.43,161.19,1,1,0.92803
41,7,1132.92,643.89,71.36,194.96,1,1,0.91289
41,9,950.94,630.73,96.78,119.73,1,1,0.88819
41,12,872.4,505.26,68.7,182.4,1,1,0.88319
41,13,1791.25,635.32,74.99,194.94,1,1,0.94058
41,10,785.79,511.99,69.55,164.66,1,1,0.79665
41,3,1167.76,591.82,64.06,168.8,1,1,0.88767
41,11,838.73,491.11,53.2,178.38,1,1,0.68576
42,0,1006.37,760.18,88.48,194.02,1,1,0.88867
42,1,754.35,514.68,63.28,162.25,1,1,0.8097
42,2,1737.17,439.4,50.24,148.54,1,1,0.92735
42,4,701.62,507.84,56.04,164.17,1,1,0.89732
42,5,1243.85,495.58,75.01,161.45,1,1,0.93108
42,7,1127.64,642.45,73.68,192.48,1,1,0.91228
42,9,951.11,627.89,94.69,121.28,1,1,0.88393
42,12,876.01,500.33,68.48,185.23,1,1,0.88187
42,13,1788.76,631.75,75.56,193.85,1,1,0.94169
42,10,789.85,512.67,65.04,162.25,1,1,0.78185
42,3,1168.13,590.6,65.51,170.5,1,1,0.90204
42,11,840.63,490.17,52.58,178.54,1,1,0.73245
43,0,1027.7,758.55,75.93,194.36,1,1,0.91223
43,1,755.24,514.59,62.38,162.02,1,1,0.85718
43,2,1737.82,439.78,53.1,148.04,1,1,0.93059
43,4,705.24,506.68,54.85,163.81,1,1,0.90312
43,5,1243.41,492.62,75.76,161.42,1,1,0.93806
43,7,1123.67,642.42,75.42,190.94,1,1,0.92163
43,9,951.7,625.46,91.93,122.76,1,1,0.90992
43,12,879.59,499.87,67.67,183.36,1,1,0.88937
43,13,1786.63,629.29,75.81,189.13,1,1,0.94823
43,10,793.19,512.77,62.22,161.71,1,1,0.83373
43,3,1168.15,590.29,67.52,169.96,1,1,0.914
43,11,842.3,489.75,52.88,178.58,1,1,0.76537
43,15,0.55,702.06,49.17,196.3,1,1,0.80263
44,0,1039.24,756.05,75.36,195.01,1,1,0.93099
44,1,756.31,514.92,66.62,161.18,1,1,0.87992
44,2,1737.99,440.43,57.84,146.95,1,1,0.93274
44,4,710.82,505.37,51.15,162.23,1,1,0.90361
44,5,1242.85,490.2,76.42,160.99,1,1,0.94782
44,7,1120.78,642.93,74.39,187.71,1,1,0.92488
44,9,952.32,622.85,90.28,125.31,1,1,0.91784
44,12,884.09,500.82,66.3,180.72,1,1,0.8946
44,13,1783.81,627.7,76.73,185.49,1,1,0.9527
44,10,796.79,511.58,60.49,161.83,1,1,0.74545
44,3,1168.49,589.96,69.51,169.58,1,1,0.92724
44,11,845.42,490.08,53.16,178.78,1,1,0.71654
44,15,0.6,710.32,57.08,185.97,1,1,0.84023
45,0,1044.77,753.27,82.48,195.66,1,1,0.9371
45,1,756.3,515.46,67.23,160.61,1,1,0.87652
45,2,1738.29,441.58,63.79,145.75,1,1,0.93146
45,4,716.23,504.35,48.79,161.24,1,1,0.89395
45,5,1242.85,488.02,75.67,161.33,1,1,0.94489
45,7,1116.82,642.78,73.65,185.6,1,1,0.92724
45,9,953.29,620.73,87.7,127.04,1,1,0.92514
45,12,887.44,502.79,66.48,178.7,1,1,0.89174
45,13,1780.52,627.82,78.02,181.86,1,1,0.95562
45,10,798.64,514.38,60.88,158.31,1,1,0.6735
45,3,1173.55,589.33,65.56,169.83,1,1,0.92901
45,11,848.8,489.69,55.94,178.15,1,1,0.67456
45,15,0.73,715.46,63.53,178.94,1,1,0.82746
46,0,1048.61,750.16,91.46,198.29,1,1,0.93193
46,1,755.72,516.33,66.64,159.68,1,1,0.8704
46,2,1738.74,442.61,67.77,144.49,1,1,0.93226
46,4,720.43,503.46,47.71,160.89,1,1,0.88872
46,5,1243.69,485.3,74.65,162.64,1,1,0.94875
46,7,1113.5,642.08,70.92,183.87,1,1,0.91208
46,9,953.43,618.33,87.17,129.33,1,1,0.92833
46,12,890.81,505.19,66.74,176.07,1,1,0.89522
46,13,1777.37,628.16,78.36,179.3,1,1,0.95566
46,10,800.17,518.96,61.93,153.7,1,1,0.64701
46,3,1179.33,587.11,61.49,171.5,1,1,0.93221
46,11,852.58,489.53,56.36,176.5,1,1,0.76228
46,15,0.84,719.5,68.27,174.89,1,1,0.78134
47,0,1054.42,749.35,98.93,198.08,1,1,0.92756
47,1,754.61,517.5,67.91,158.75,1,1,0.8861
47,2,1739.55,443.24,69.86,144.42,1,1,0.93478
47,4,723.7,502.64,46.91,160.9,1,1,0.88977
47,5,1244.21,483.01,73.81,163.6,1,1,0.95168
47,7,1110.14,640.69,65.9,180.69,1,1,0.88833
47,9,956.11,615.64,84.18,131.26,1,1,0.91316
47,12,894.37,510.59,66.66,171.64,1,1,0.90951
47,13,1774.5,627.44,78.73,179.1,1,1,0.95735
47,3,1183.11,584.72,59.94,172.82,1,1,0.94
47,11,858.4,490.79,55.33,174.59,1,1,0.73845
48,0,1062.09,746.45,110.03,198.73,1,1,0.93349
48,1,754.35,518.64,70.4,157.47,1,1,0.89086
48,2,1740.55,443.09,70.49,144.08,1,1,0.94494
48,4,725.46,501.68,47.33,160.64,1,1,0.89274
48,5,1244.38,480.25,73.05,164.84,1,1,0.95121
48,7,1106.86,638.42,60.59,145.61,1,1,0.88959
48,9,957.66,611.86,82.18,133.95,1,1,0.91002
48,12,897.96,515.12,67.32,168.8,1,1,0.92869
48,13,1772.91,624.72,77.25,180.94,1,1,0.96008
48,3,1186.7,580.89,58.94,175.63,1,1,0.94279
48,8,867.4,492.08,54.12,169.19,1,1,0.84724
48,15,1.24,717.43,74.18,173.9,1,1,0.83143
49,0,1070.28,745.4,119.06,196.97,1,1,0.92627
49,1,755.42,519.41,72.02,156.77,1,1,0.88392
49,2,1742.51,443.28,69.63,143.74,1,1,0.94422
49,4,726.97,501.28,48.71,161.29,1,1,0.88909
49,5,1244.99,478.83,72.89,165.91,1,1,0.94987
49,7,1104.07,636.47,58.3,144.09,1,1,0.91697
49,9,964.9,608.81,74.76,135.44,1,1,0.88236
49,12,900.82,518.11,68.99,166.67,1,1,0.92848
49,13,1772.93,621.42,75.95,183.73,1,1,0.95867
49,3,1189.16,577.49,59.06,177.46,1,1,0.94182
49,8,869.58,490.74,54.44,171.75,1,1,0.85863
49,15,6.76,714.24,70.72,174.74,1,1,0.86547
50,0,1079.78,746.25,119.17,194.93,1,1,0.92445
50,1,756.72,518.87,72.42,157.59,1,1,0.88656
50,2,1744.23,442.82,69.23,143.61,1,1,0.9449
50,4,727.66,500.36,50.56,162.6,1,1,0.87188
50,5,1245.24,477.38,73.13,166.73,1,1,0.94479
50,7,1101.45,632.79,56.96,167.42,1,1,0.91176
50,9,971.25,605.63,68.25,137.18,1,1,0.89755
50,12,902.17,519.31,71.64,164.84,1,1,0.92508
50,13,1772.82,616.8,74.54,186.29,1,1,0.95888
50,3,1191.11,574.3,59.03,177.16,1,1,0.93489
50,8,870.47,489.43,56.07,172.14,1,1,0.89379
50,15,12.81,710.09,71.46,176.34,1,1,0.87535
50,10,809.58,514.27,65.87,155.09,1,1,0.65869
51,0,1092.2,747.9,111.45,192.99,1,1,0.91918
51,1,757.42,518.15,71.24,159.3,1,1,0.86776
51,2,1748.6,441.51,66.45,145.01,1,1,0.93414
51,4,727.55,499.36,53.55,163.33,1,1,0.86866
51,5,1245.05,476.32,74.21,167.67,1,1,0.92943
51,7,1096.95,629.97,58.07,182.17,1,1,0.92794
51,9,969.29,601.74,69.98,140.76,1,1,0.87086
51,12,903.19,518.56,73.46,164.68,1,1,0.92902
51,13,1773.2,612.33,74.08,189.08,1,1,0.9549
51,3,1192.9,570.99,59.7,178.53,1,1,0.91091
51,8,871.35,487.43,57.43,170.34,1,1,0.86443
51,15,17.52,703.69,71.79,180.2,1,1,0.88844
51,10,815.55,512.21,65.42,158.01,1,1,0.79172
52,0,1107.73,747.99,104.75,193.6,1,1,0.90562
52,1,758.68,518.68,69.25,159.59,1,1,0.84878
52,2,1752.83,441.33,64.64,145.73,1,1,0.93189
52,4,728.33,499.28,56.19,163.38,1,1,0.86711
52,5,1245.65,475.96,74.54,168.51,1,1,0.91134
52,7,1092.83,628.02,59.2,188.85,1,1,0.93199
52,9,973.13,598.69,65.88,143.24,1,1,0.89868
52,12,904.81,517.8,75.79,163.64,1,1,0.92697
52,13,1773.52,608.74,72.92,190.1,1,1,0.94927
52,3,1193.66,569.64,61.57,178.71,1,1,0.89585
52,8,874.08,487.2,57.51,165.77,1,1,0.85215
52,15,20.56,698.14,72.41,182.09,1,1,0.86661
52,10,825.01,513.97,59.75,155.78,1,1,0.7789
53,0,1125.17,747.35,92.39,195.15,1,1,0.89499
53,1,758.3,520.32,69.18,159.85,1,1,0.85572
53,2,1758.77,440.68,61.7,146.81,1,1,0.91744
53,4,728.65,499.48,59.06,163.09,1,1,0.85696
53,5,1246.47,475.75,74.11,168.42,1,1,0.89532
53,7,1088.78,627.29,59.83,190.36,1,1,0.92726
53,9,972.16,595.36,66.49,146.72,1,1,0.87027
53,12,907.01,517.54,77.74,162.94,1,1,0.9183
53,13,1773.78,606.44,71.69,189.39,1,1,0.94354
53,3,1194.04,569.39,63.31,177.27,1,1,0.88152
53,8,878.42,486.55,54.97,162.06,1,1,0.84048
53,15,23.4,694.37,73.55,181.8,1,1,0.86713
53,10,831.19,516.01,59.67,152.1,1,1,0.72867
54,0,1147.06,744.28,76.51,196.05,1,1,0.92169
54,1,759.7,521.18,68.54,159.47,1,1,0.86286
54,2,1766.93,439.74,56.51,146.69,1,1,0.92896
54,4,730.13,499.58,61.41,162.63,1,1,0.80732
54,5,1248.01,475.24,73.47,166.72,1,1,0.91524
54,7,1085.64,627.11,60.4,188.73,1,1,0.94047
54,9,973.46,592.58,64.03,148.56,1,1,0.90295
54,12,914.09,517.12,75.9,155.82,1,1,0.91467
54,13,1773.12,604.67,71.86,186.82,1,1,0.95368
54,3,1195.77,570.04,63.77,173.21,1,1,0.91761
54,8,881.87,487.07,56.31,162.86,1,1,0.74848
54,15,29.19,691.99,72.26,178.7,1,1,0.89117
54,10,837.7,516.63,60.1,149.42,1,1,0.70667
55,0,1167.72,740.67,63.81,198.07,1,1,0.938
55,1,761.87,521.24,67.01,158.45,1,1,0.85643
55,2,1776.35,438.24,52.28,147.06,1,1,0.92749
55,4,731.9,498.46,63.38,163.18,1,1,0.67942
55,5,1249.22,474.39,73.88,165.51,1,1,0.93061
55,7,1081.9,627.52,61.2,187.96,1,1,0.94597
55,9,970.83,589.14,68.23,151.77,1,1,0.8871
55,12,917.76,516.56,77.65,152.84,1,1,0.92533
55,13,1772.24,603.4,72.57,182.88,1,1,0.95656
55,3,1198.43,570.0,63.67,170.43,1,1,0.93024
55,15,33.02,690.22,72.39,176.56,1,1,0.87491
56,0,1176.56,736.2,67.37,200.32,1,1,0.93473
56,1,764.2,521.56,65.97,157.32,1,1,0.85605
56,2,1783.39,437.11,50.12,147.31,1,1,0.92454
56,5,1251.32,473.57,73.07,164.47,1,1,0.93157
56,7,1079.15,628.01,60.41,186.4,1,1,0.9478
56,9,964.6,585.54,75.07,155.58,1,1,0.88402
56,12,930.98,515.11,69.22,144.52,1,1,0.87532
56,13,1771.41,603.25,73.37,178.34,1,1,0.96065
56,3,1202.6,569.14,62.63,169.12,1,1,0.93087
56,15,35.84,689.93,74.79,172.31,1,1,0.88245
56,8,887.91,488.23,57.19,160.54,1,1,0.72799
57,0,1182.26,732.14,74.2,202.55,1,1,0.94041
57,1,766.85,520.18,64.86,158.79,1,1,0.86706
57,2,1788.26,436.16,49.85,148.15,1,1,0.9332
57,5,1253.36,472.35,72.38,164.2,1,1,0.92932
57,7,1076.77,628.11,58.57,184.24,1,1,0.94917
57,9,958.74,581.36,80.52,160.29,1,1,0.90405
57,12,942.23,513.88,63.61,136.5,1,1,0.8862
57,13,1770.52,603.7,74.65,173.61,1,1,0.96286
57,3,1206.38,567.13,61.78,169.17,1,1,0.93614
57,15,40.65,689.72,76.17,170.41,1,1,0.90528
57,8,892.38,488.98,56.28,159.04,1,1,0.70815
57,10,853.08,520.42,68.88,146.24,1,1,0.78869
58,0,1188.89,728.96,80.0,202.74,1,1,0.93786
58,1,770.93,517.34,62.52,161.03,1,1,0.86872
58,2,1791.05,435.82,49.98,147.57,1,1,0.93877
58,5,1255.28,470.69,71.85,164.66,1,1,0.93092
58,7,1074.51,627.76,56.53,183.24,1,1,0.94911
58,9,955.79,577.94,82.33,163.61,1,1,0.91348
58,12,948.81,510.57,63.39,137.35,1,1,0.90536
58,13,1769.81,602.66,76.16,172.9,1,1,0.96348
58,3,1210.39,564.49,60.09,168.55,1,1,0.93478
58,15,46.18,689.9,74.46,167.93,1,1,0.89586
58,8,896.16,489.43,54.94,156.16,1,1,0.66086
58,10,859.44,520.62,67.59,145.82,1,1,0.80537
59,0,1197.39,725.32,85.73,200.41,1,1,0.93731
59,1,774.87,513.8,59.05,162.28,1,1,0.84856
59,2,1791.79,433.79,53.67,147.53,1,1,0.93751
59,5,1257.04,466.93,71.53,164.42,1,1,0.93767
59,7,1070.46,624.5,55.97,182.0,1,1,0.95092
59,9,955.23,574.08,80.63,164.58,1,1,0.91786
59,12,954.82,504.79,63.11,133.22,1,1,0.87434
59,13,1769.29,599.08,77.27,173.81,1,1,0.96358
59,3,1211.76,559.23,60.17,169.08,1,1,0.93525
59,15,50.79,686.8,73.95,166.75,1,1,0.89773
59,10,863.88,517.53,65.78,146.76,1,1,0.8358
60,0,1205.97,722.29,89.1,198.72,1,1,0.93547
60,1,773.93,510.5,59.74,162.83,1,1,0.86624
60,2,1792.1,431.92,58.49,147.36,1,1,0.92912
60,5,1260.21,463.14,70.52,163.32,1,1,0.93279
60,7,1065.42,619.66,56.44,183.37,1,1,0.94136
60,9,955.27,569.14,78.83,167.48,1,1,0.91247
60,12,959.85,498.54,64.45,112.23,1,1,0.88223
60,13,1768.84,594.21,77.3,176.28,1,1,0.9631
60,3,1212.21,553.29,62.31,170.83,1,1,0.93734
60,15,52.23,681.51,79.08,168.59,1,1,0.89344
60,10,869.63,514.35,63.95,148.77,1,1,0.74689
60,16,818.86,509.92,65.64,159.72,1,1,0.83494
61,0,1217.42,720.64,85.74,195.31,1,1,0.92872
61,1,775.47,504.24,58.34,165.75,1,1,0.85055
61,2,1792.12,429.58,66.49,147.23,1,1,0.91562
61,5,1263.02,458.73,70.08,163.41,1,1,0.92951
61,7,1061.12,614.74,57.42,185.82,1,1,0.94398
61,9,957.44,564.08,74.61,169.03,1,1,0.9014
61,12,964.77,491.38,65.52,100.73,1,1,0.87698
61,13,1767.75,588.34,76.38,176.73,1,1,0.96302
61,3,1213.08,547.32,63.92,173.26,1,1,0.93383
61,15,57.6,676.19,76.58,170.66,1,1,0.86696
61,10,873.31,513.14,62.83,148.36,1,1,0.76836
61,16,813.6,509.66,73.11,157.15,1,1,0.84587
62,0,1230.85,720.81,79.03,193.17,1,1,0.92296
62,1,778.35,501.8,57.47,167.27,1,1,0.85413
62,2,1792.51,428.73,74.86,147.33,1,1,0.90553
62,5,1266.02,456.16,68.75,163.13,1,1,0.92654
62,7,1057.77,611.44,57.67,187.7,1,1,0.94574
62,9,958.86,560.3,71.58,171.55,1,1,0.90379
62,12,970.56,486.44,65.37,98.15,1,1,0.82632
62,13,1767.63,583.46,74.88,178.39,1,1,0.95786
62,3,1214.35,543.24,65.95,174.65,1,1,0.92063
62,15,63.72,668.4,72.95,175.42,1,1,0.83087
62,10,876.8,514.63,61.35,146.75,1,1,0.64944
62,16,810.66,511.19,79.53,155.1,1,1,0.79558
63,0,1248.59,720.85,72.75,192.36,1,1,0.88016
63,1,779.48,489.32,58.79,179.56,1,1,0.88257
63,2,1793.64,428.49,78.82,146.72,1,1,0.91705
63,5,1270.29,454.07,66.02,163.22,1,1,0.92825
63,7,1055.02,607.56,57.47,189.16,1,1,0.94688
63,9,957.65,557.12,71.74,174.78,1,1,0.91666
63,12,976.45,481.43,64.54,127.91,1,1,0.81403
63,13,1767.85,578.35,73.01,181.3,1,1,0.95419
63,3,1215.68,539.82,68.4,176.37,1,1,0.92155
63,15,68.56,660.94,69.63,179.15,1,1,0.86548
63,16,812.83,511.33,83.87,153.39,1,1,0.74574
63,17,0.19,617.54,50.12,224.84,1,1,0.74919
64,0,1268.42,720.68,64.21,192.46,1,1,0.93695
64,1,781.17,485.95,60.08,183.21,1,1,0.86055
64,2,1794.85,428.97,80.58,145.97,1,1,0.9225
64,5,1273.13,453.09,64.87,163.48,1,1,0.94056
64,7,1051.86,605.44,58.73,189.43,1,1,0.9489
64,9,955.8,555.11,71.94,177.4,1,1,0.92582
64,12,982.88,479.11,63.87,145.07,1,1,0.91146
64,13,1766.95,574.31,73.16,183.14,1,1,0.95793
64,3,1218.1,538.41,68.46,175.74,1,1,0.93145
64,15,71.97,655.45,68.19,182.24,1,1,0.86675
64,16,813.56,512.89,89.88,152.16,1,1,0.73771
64,17,0.31,616.54,49.81,223.92,1,1,0.66
65,0,1276.83,719.66,69.59,192.36,1,1,0.93307
65,1,781.67,484.2,62.57,185.6,1,1,0.86194
65,2,1797.17,429.61,79.18,145.59,1,1,0.92144
65,5,1276.06,452.86,63.37,163.85,1,1,0.9402
65,7,1045.91,604.99,63.14,189.5,1,1,0.94975
65,9,953.86,555.5,71.58,177.7,1,1,0.93204
65,12,989.84,477.91,61.87,154.64,1,1,0.92568
65,13,1765.59,571.34,74.26,184.32,1,1,0.95556
65,3,1219.76,538.83,71.05,174.43,1,1,0.93261
65,15,75.39,651.3,67.83,185.28,1,1,0.89881
65,16,813.84,515.21,95.61,151.73,1,1,0.76137
65,10,884.82,512.27,66.42,150.71,1,1,0.6822
66,0,1281.88,718.2,76.5,192.69,1,1,0.93117
66,1,784.38,498.26,64.08,171.83,1,1,0.85739
66,2,1800.21,429.87,76.83,145.86,1,1,0.91348
66,5,1278.3,452.77,63.0,164.39,1,1,0.93274
66,7,1039.43,605.35,68.34,188.9,1,1,0.94516
66,9,952.66,555.33,71.51,178.07,1,1,0.93444
66,12,997.58,478.36,58.62,158.42,1,1,0.92758
66,13,1763.72,569.98,76.38,183.26,1,1,0.95223
66,3,1222.33,540.03,71.24,170.23,1,1,0.9364
66,15,78.49,649.94,67.92,181.57,1,1,0.89775
66,10,888.68,510.28,66.32,152.48,1,1,0.74571
66,17,0.27,654.19,48.34,187.67,1,1,0.67201
67,0,1285.88,716.03,84.5,195.1,1,1,0.93219
67,1,787.07,506.69,64.67,163.9,1,1,0.88449
67,2,1805.05,429.72,72.29,146.36,1,1,0.91657
67,5,1280.22,452.57,63.55,164.32,1,1,0.93074
67,7,1035.01,605.91,71.81,188.19,1,1,0.94668
67,9,951.84,555.18,71.62,178.69,1,1,0.93505
67,12,1004.72,479.36,56.57,158.59,1,1,0.92041
67,13,1761.14,569.84,78.83,182.3,1,1,0.95563
67,3,1224.72,541.1,71.69,166.79,1,1,0.93683
67,15,80.88,650.48,69.54,178.46,1,1,0.89674
67,10,896.78,507.03,62.75,153.79,1,1,0.69385
67,17,0.12,623.05,52.46,218.43,1,1,0.6954
68,0,1290.71,714.32,90.87,195.67,1,1,0.93699
68,1,789.99,509.85,65.13,161.14,1,1,0.90592
68,2,1809.84,429.56,68.03,147.27,1,1,0.91964
68,5,1281.99,452.48,63.86,163.33,1,1,0.93406
68,7,1033.31,606.91,72.51,187.2,1,1,0.94613
68,9,950.0,554.42,71.28,179.65,1,1,0.93287
68,12,1010.71,480.83,55.3,155.75,1,1,0.91667
68,13,1758.48,570.26,81.14,178.54,1,1,0.95469
68,3,1229.15,541.16,69.58,165.41,1,1,0.93599
68,15,82.36,652.49,73.53,174.63,1,1,0.90117
68,10,904.47,502.68,60.24,156.08,1,1,0.7475
68,17,0.1,648.03,53.75,193.93,1,1,0.83574
69,0,1295.31,711.66,98.68,198.45,1,1,0.92661
69,1,793.61,511.92,64.96,158.56,1,1,0.90728
69,2,1816.76,427.69,62.31,148.43,1,1,0.91136
69,5,1283.67,451.77,64.62,163.54,1,1,0.9171
69,7,1032.16,606.1,72.91,187.37,1,1,0.94047
69,9,948.12,553.21,71.41,180.4,1,1,0.92051
69,12,1016.78,481.0,54.92,152.56,1,1,0.90111
69,13,1756.6,571.2,82.29,174.64,1,1,0.95251
69,3,1236.66,539.03,63.02,166.5,1,1,0.92427
69,15,85.71,654.19,72.22,171.43,1,1,0.89697
69,17,0.14,659.36,55.4,181.6,1,1,0.77527
70,0,1303.66,710.78,102.05,196.48,1,1,0.92202
70,1,795.74,513.6,65.68,156.53,1,1,0.91117
70,2,1824.43,426.93,56.68,148.96,1,1,0.91131
70,5,1285.46,451.48,63.83,162.65,1,1,0.91692
70,7,1031.38,606.02,72.48,187.18,1,1,0.94097
70,9,947.36,552.05,68.59,181.02,1,1,0.92465
70,12,1023.92,479.95,52.41,141.75,1,1,0.87505
70,13,1754.49,570.9,83.44,174.16,1,1,0.9527
70,3,1241.82,537.12,59.56,167.27,1,1,0.92407
70,15,88.45,654.61,72.63,170.57,1,1,0.91243
70,17,0.09,663.14,57.59,177.72,1,1,0.82979
71,0,1313.02,711.64,101.92,192.62,1,1,0.92181
71,1,798.0,514.0,68.15,155.5,1,1,0.90663
71,2,1835.01,425.39,50.76,149.89,1,1,0.92405
71,5,1288.44,451.05,62.92,162.38,1,1,0.92337
71,7,1030.48,604.54,71.05,187.91,1,1,0.93593
71,9,946.75,550.71,66.77,181.97,1,1,0.92527
71,12,1028.74,477.24,54.84,148.67,1,1,0.90142
71,13,1754.73,569.4,83.29,174.4,1,1,0.95224
71,3,1245.61,534.43,58.91,169.5,1,1,0.92951
71,15,88.98,650.33,77.79,173.27,1,1,0.90715
71,17,0.33,664.59,58.58,175.21,1,1,0.84106
72,0,1323.77,712.01,99.04,190.07,1,1,0.92256
72,1,798.76,511.86,72.61,155.93,1,1,0.9108
72,2,1843.27,424.05,47.36,149.89,1,1,0.9232
72,5,1290.91,449.99,62.77,162.32,1,1,0.9262
72,7,1028.53,603.91,68.91,186.51,1,1,0.93576
72,9,945.55,549.66,65.16,181.94,1,1,0.92541
72,12,1031.17,473.7,59.67,150.7,1,1,0.91804
72,13,1756.63,566.51,80.32,174.82,1,1,0.95949
72,3,1248.38,530.63,58.61,172.22,1,1,0.93377
72,15,91.0,644.51,79.28,177.22,1,1,0.90243
72,17,0.4,666.76,59.05,170.35,1,1,0.82321
72,11,890.17,491.18,61.57,170.38,1,1,0.66582
73,0,1338.8,712.81,90.97,189.6,1,1,0.91077
73,1,799.52,511.29,76.92,155.53,1,1,0.9021
73,2,1848.02,424.51,48.59,149.88,1,1,0.91255
73,5,1293.64,449.52,62.77,162.46,1,1,0.92076
73,7,1027.5,603.29,65.58,186.59,1,1,0.9368
73,9,944.85,549.93,63.11,181.6,1,1,0.92212
73,12,1032.21,471.22,65.67,153.38,1,1,0.92367
73,13,1760.63,564.14,76.69,176.48,1,1,0.95804
73,3,1250.44,528.88,58.95,173.28,1,1,0.9365
73,15,93.2,639.91,79.06,178.33,1,1,0.89405
73,17,0.32,668.13,61.79,167.06,1,1,0.75275
73,11,895.3,494.01,61.52,169.11,1,1,0.6772
74,0,1351.25,712.64,85.09,187.86,1,1,0.89816
74,1,801.82,510.16,79.85,154.34,1,1,0.86832
74,2,1850.33,424.62,52.67,150.83,1,1,0.90285
74,5,1296.21,448.94,63.54,162.45,1,1,0.91258
74,7,1026.44,601.36,62.32,187.37,1,1,0.94073
74,9,945.87,550.49,60.31,180.93,1,1,0.92205
74,12,1036.36,469.15,69.92,153.41,1,1,0.92248
74,13,1766.0,561.18,72.43,178.85,1,1,0.95739
74,3,1253.03,527.17,59.77,173.19,1,1,0.92997
74,15,96.16,636.75,78.09,178.16,1,1,0.9003
74,17,0.6,666.95,65.17,166.27,1,1,0.7861
74,11,901.79,492.95,59.09,169.27,1,1,0.85508
74,16,840.86,478.04,54.39,151.76,1,1,0.68956
75,0,1368.37,710.73,76.4,191.46,1,1,0.87979
75,1,805.02,509.16,76.18,154.32,1,1,0.86312
75,2,1850.67,423.81,59.1,151.47,1,1,0.89339
75,5,1297.95,446.45,64.46,164.09,1,1,0.89826
75,7,1025.44,597.46,58.65,189.33,1,1,0.93566
75,9,945.14,549.7,60.16,181.59,1,1,0.91685
75,12,1039.92,466.45,75.23,154.1,1,1,0.91714
75,13,1771.03,557.33,68.81,181.24,1,1,0.94501
75,3,1253.94,525.0,61.6,173.52,1,1,0.91994
75,15,97.41,632.13,76.61,180.65,1,1,0.88746
75,17,0.28,664.46,67.4,169.32,1,1,0.73969
75,11,907.75,492.03,57.0,169.15,1,1,0.82902
75,16,847.38,475.74,51.95,151.83,1,1,0.87361
76,0,1383.87,707.86,68.94,194.42,1,1,0.89616
76,1,808.89,503.3,72.91,158.22,1,1,0.88557
76,2,1852.21,422.91,64.94,151.23,1,1,0.91548
76,5,1300.32,443.87,63.19,165.3,1,1,0.90569
76,7,1022.89,593.8,58.67,191.05,1,1,0.93527
76,9,944.01,548.6,62.28,182.07,1,1,0.90853
76,12,1044.77,463.64,78.32,154.15,1,1,0.91258
76,13,1773.67,553.72,68.32,181.88,1,1,0.94417
76,3,1254.72,523.16,63.84,172.85,1,1,0.92404
76,15,99.34,626.33,77.09,181.15,1,1,0.86648
76,17,0.65,660.06,68.94,171.47,1,1,0.67553
76,11,911.99,492.13,56.86,168.61,1,1,0.83745
76,16,855.34,473.86,48.87,153.02,1,1,0.8828
76,8,906.08,452.49,49.58,163.66,1,1,0.71873
77,0,1393.19,702.95,73.05,196.13,1,1,0.91574
77,1,812.94,496.46,73.6,160.41,1,1,0.8698
77,2,1853.85,421.92,66.22,149.87,1,1,0.92921
77,5,1302.04,440.94,61.81,164.87,1,1,0.91833
77,7,1020.51,589.73,59.35,191.83,1,1,0.93999
77,9,944.45,546.71,61.61,181.68,1,1,0.90827
77,12,1052.39,461.47,76.29,152.57,1,1,0.90692
77,13,1776.35,550.03,67.18,181.75,1,1,0.94913
77,3,1254.89,521.39,66.12,171.42,1,1,0.93316
77,15,104.9,624.58,72.88,175.27,1,1,0.89022
77,11,914.62,493.89,57.96,166.51,1,1,0.84832
77,16,861.78,471.45,48.27,152.88,1,1,0.83283
77,8,907.85,449.64,48.65,162.27,1,1,0.80076
78,5,1307.91,484.66,39.0,104.62,1,1,0.78299
78,9,946.78,582.89,41.62,114.15,1,1,0.72596
79,5,1310.18,503.62,29.4,78.49,1,1,0.78363
79,9,948.2,598.68,33.26,84.45,1,1,0.72637
79,18,1070.32,657.69,28.58,78.68,1,1,0.81482
79,19,1170.83,612.05,30.7,80.87,1,1,0.80087
79,20,609.72,452.89,30.73,78.64,1,1,0.7905
79,21,1132.37,390.41,27.83,70.47,1,1,0.77545
79,22,1148.94,246.32,24.14,58.99,1,1,0.77656
79,23,849.46,285.01,25.39,62.11,1,1,0.77239
79,24,936.11,479.2,27.94,75.86,1,1,0.76902
79,25,731.78,631.47,29.95,78.65,1,1,0.75721
79,26,542.72,527.1,31.06,70.41,1,1,0.7551
79,27,1418.11,290.12,22.81,57.96,1,1,0.74887
79,28,1124.56,308.18,27.19,64.09,1,1,0.74199
79,29,814.51,734.16,31.45,78.09,1,1,0.73155
79,30,1226.99,372.61,30.61,69.39,1,1,0.69501
79,31,968.48,264.37,27.33,71.55,1,1,0.65032
79,32,877.44,739.1,30.22,82.81,1,1,0.64253
80,5,1310.63,508.02,27.26,72.52,1,1,0.78374
80,9,948.64,602.32,31.21,77.57,1,1,0.72687
80,18,1070.33,657.7,28.53,78.64,1,1,0.81529
80,19,1170.84,612.06,30.66,80.8,1,1,0.80114
80,20,609.73,452.88,30.7,78.64,1,1,0.79066
80,21,1132.37,390.42,27.82,70.45,1,1,0.77609
80,22,1148.95,246.32,24.11,58.98,1,1,0.7772
80,23,849.48,285.02,25.38,62.09,1,1,0.77286
80,24,936.11,479.19,27.89,75.82,1,1,0.76902
80,25,731.83,631.46,29.88,78.62,1,1,0.75697
80,26,542.76,527.14,30.99,70.35,1,1,0.7561
80,27,1418.11,290.12,22.79,57.96,1,1,0.7497
80,28,1124.57,308.19,27.17,64.07,1,1,0.74274
80,29,814.52,734.15,31.43,78.08,1,1,0.73333
80,30,1227.0,372.62,30.56,69.35,1,1,0.69581
80,31,968.49,264.39,27.3,71.51,1,1,0.65149
80,32,877.46,739.12,30.15,82.69,1,1,0.64521
81,5,1310.75,509.06,26.72,71.03,1,1,0.7848
81,9,948.81,603.16,30.62,75.88,1,1,0.72789
81,18,1070.36,657.72,28.45,78.56,1,1,0.81556
81,19,1170.9,612.08,30.57,80.72,1,1,0.8013
81,20,609.74,452.88,30.67,78.64,1,1,0.7909
81,21,1132.39,390.43,27.79,70.42,1,1,0.77631
81,22,1148.97,246.34,24.06,58.94,1,1,0.77753
81,23,849.49,285.04,25.35,62.05,1,1,0.77315
81,24,936.12,479.2,27.81,75.76,1,1,0.76913
81,25,731.83,631.47,29.8,78.56,1,1,0.75805
81,26,542.76,527.16,30.95,70.27,1,1,0.75693
81,27,1418.13,290.13,22.75,57.92,1,1,0.75113
81,28,1124.56,308.19,27.17,64.05,1,1,0.74438
81,29,814.57,734.18,31.36,78.01,1,1,0.73517
81,30,1227.04,372.63,30.48,69.28,1,1,0.69718
81,31,968.52,264.41,27.25,71.44,1,1,0.65252
81,32,877.51,739.16,30.05,82.54,1,1,0.64671
82,5,1310.75,509.19,26.61,70.81,1,1,0.78627
82,9,948.89,603.25,30.53,75.66,1,1,0.72977
82,18,1070.37,657.7,28.47,78.66,1,1,0.81477
82,19,1170.92,612.11,30.5,80.65,1,1,0.80143
82,20,609.8,452.87,30.63,78.64,1,1,0.79156
82,21,1132.39,390.43,27.78,70.41,1,1,0.77709
82,22,1149.01,246.35,23.99,58.93,1,1,0.77876
82,23,849.53,285.03,25.31,61.95,1,1,0.77341
82,24,936.1,479.21,27.75,75.75,1,1,0.76934
82,25,731.86,631.5,29.69,78.51,1,1,0.76102
82,26,542.84,527.08,30.86,70.32,1,1,0.75915
82,27,1418.16,290.17,22.69,57.84,1,1,0.75207
82,28,1124.58,308.2,27.15,64.01,1,1,0.74641
82,29,814.57,734.18,31.35,78.02,1,1,0.73579
82,30,1227.07,372.66,30.42,69.21,1,1,0.69869
82,31,968.55,264.44,27.2,71.36,1,1,0.65599
82,32,877.49,739.18,29.98,82.5,1,1,0.64684
83,5,1310.72,509.06,26.66,70.95,1,1,0.7869
83,9,948.96,603.15,30.53,75.77,1,1,0.72971
83,18,1070.37,657.7,28.46,78.66,1,1,0.8152
83,19,1170.93,612.12,30.46,80.6,1,1,0.80149
83,20,609.82,452.85,30.6,78.65,1,1,0.79154
83,21,1132.39,390.43,27.77,70.39,1,1,0.77736
83,22,1149.02,246.34,23.96,58.92,1,1,0.77913
83,23,849.55,285.04,25.29,61.89,1,1,0.77367
83,24,936.1,479.21,27.67,75.69,1,1,0.76937
83,25,731.86,631.52,29.64,78.48,1,1,0.76197
83,26,542.87,527.05,30.82,70.32,1,1,0.75979
83,27,1418.17,290.16,22.67,57.83,1,1,0.75228
83,28,1124.6,308.2,27.14,63.98,1,1,0.74685
83,29,814.57,734.19,31.32,77.99,1,1,0.737
83,30,1227.09,372.69,30.39,69.14,1,1,0.69987
83,31,968.57,264.45,27.16,71.31,1,1,0.65645
83,32,877.52,739.2,29.94,82.44,1,1,0.6477
84,5,1310.66,508.86,26.79,71.25,1,1,0.7864
84,9,948.97,602.98,30.67,76.1,1,1,0.72927
84,18,1070.36,657.69,28.48,78.69,1,1,0.81497
84,19,1170.93,612.12,30.47,80.6,1,1,0.80144
84,20,609.82,452.85,30.6,78.65,1,1,0.79135
84,21,1132.39,390.43,27.78,70.4,1,1,0.7771
84,22,1149.02,246.34,23.97,58.92,1,1,0.77879
84,23,849.55,285.04,25.3,61.89,1,1,0.77354
84,24,936.1,479.21,27.69,75.7,1,1,0.76927
84,25,731.86,631.51,29.65,78.48,1,1,0.76132
84,26,542.87,527.04,30.81,70.34,1,1,0.7593
84,27,1418.16,290.14,22.67,57.84,1,1,0.75257
84,28,1124.6,308.2,27.14,63.98,1,1,0.74606
84,29,814.57,734.19,31.33,78.0,1,1,0.73591
84,30,1227.09,372.7,30.4,69.13,1,1,0.69941
84,31,968.57,264.45,27.17,71.31,1,1,0.65586
84,32,877.51,739.2,29.97,82.48,1,1,0.64627
85,5,1310.63,508.68,26.88,71.49,1,1,0.78683
85,9,949.0,602.84,30.75,76.34,1,1,0.72977
85,18,1070.37,657.7,28.48,78.68,1,1,0.81519
85,19,1170.94,612.13,30.45,80.59,1,1,0.80149
85,20,609.84,452.85,30.59,78.64,1,1,0.79163
85,21,1132.39,390.43,27.77,70.39,1,1,0.77731
85,22,1149.02,246.34,23.96,58.92,1,1,0.77908
85,23,849.55,285.04,25.29,61.88,1,1,0.77367
85,24,936.1,479.21,27.67,75.69,1,1,0.76938
85,25,731.86,631.52,29.64,78.47,1,1,0.76175
85,26,542.88,527.05,30.79,70.32,1,1,0.75947
85,27,1418.17,290.15,22.66,57.83,1,1,0.75213
85,28,1124.6,308.2,27.13,63.98,1,1,0.7467
85,29,814.57,734.19,31.33,77.98,1,1,0.73682
85,30,1227.09,372.7,30.39,69.13,1,1,0.6993
85,31,968.57,264.45,27.16,71.3,1,1,0.65651
85,32,877.52,739.21,29.94,82.45,1,1,0.64791
86,5,1310.59,508.52,26.96,71.7,1,1,0.78728
86,9,949.03,602.72,30.81,76.57,1,1,0.72972
86,18,1070.38,657.69,28.45,78.67,1,1,0.81515
86,19,1170.92,612.15,30.46,80.58,1,1,0.802
86,20,609.85,452.84,30.58,78.63,1,1,0.7916
86,21,1132.4,390.43,27.76,70.39,1,1,0.77753
86,22,1149.03,246.34,23.95,58.92,1,1,0.77933
86,23,849.56,285.04,25.28,61.88,1,1,0.77349
86,24,936.11,479.22,27.65,75.68,1,1,0.7694
86,25,731.86,631.52,29.62,78.47,1,1,0.7616
86,26,542.91,527.05,30.77,70.31,1,1,0.75952
86,27,1418.18,290.17,22.65,57.81,1,1,0.75289
86,28,1124.6,308.2,27.12,63.98,1,1,0.74723
86,29,814.57,734.2,31.31,77.97,1,1,0.73749
86,30,1227.1,372.68,30.36,69.15,1,1,0.69866
86,31,968.57,264.45,27.15,71.3,1,1,0.65637
86,32,877.54,739.21,29.92,82.44,1,1,0.64608
87,5,1310.55,508.41,27.0,71.83,1,1,0.78887
87,9,949.07,602.6,30.84,76.74,1,1,0.72895
87,18,1070.36,657.68,28.46,78.68,1,1,0.81574
87,19,1170.91,612.16,30.46,80.57,1,1,0.80203
87,20,609.86,452.83,30.53,78.6,1,1,0.79148
87,21,1132.39,390.44,27.75,70.38,1,1,0.77825
87,22,1149.04,246.35,23.93,58.93,1,1,0.77984
87,23,849.54,285.02,25.28,61.91,1,1,0.7745
87,24,936.09,479.22,27.65,75.66,1,1,0.76989
87,25,731.87,631.49,29.64,78.51,1,1,0.76001
87,26,542.96,527.01,30.68,70.35,1,1,0.75892
87,27,1418.18,290.19,22.64,57.8,1,1,0.75258
87,28,1124.61,308.19,27.12,63.99,1,1,0.74844
87,29,814.58,734.18,31.26,77.98,1,1,0.73805
87,30,1227.11,372.66,30.33,69.18,1,1,0.70088
87,31,968.6,264.43,27.11,71.19,1,1,0.65442
112,33,831.02,415.65,61.58,106.11,1,1,0.74967
112,34,1242.38,203.63,73.5,143.62,1,1,0.7179
112,35,707.38,409.77,47.9,110.87,1,1,0.65433
113,33,830.82,415.32,61.8,106.74,1,1,0.75344
113,34,1242.52,203.92,73.35,143.06,1,1,0.68897
114,33,830.83,414.32,62.16,107.35,1,1,0.7158
114,34,1240.39,203.83,75.25,143.54,1,1,0.74763
115,33,831.42,414.62,61.37,107.06,1,1,0.74686
115,34,1240.05,204.24,75.43,143.54,1,1,0.66838
116,33,832.34,414.88,60.33,106.89,1,1,0.74692
116,34,1241.58,204.2,73.94,142.21,1,1,0.74678
116,35,706.16,408.17,51.33,112.2,1,1,0.74693
117,34,1240.25,202.26,74.88,143.09,1,1,0.78243
118,34,1240.42,202.45,73.58,142.75,1,1,0.77122
119,34,1241.14,202.23,74.15,143.15,1,1,0.79232
119,36,1016.38,381.19,62.49,105.3,1,1,0.70158
120,34,1238.13,201.18,76.03,142.09,1,1,0.78872
120,36,1015.48,380.42,62.47,104.39,1,1,0.7858
121,34,1236.97,201.66,76.83,142.99,1,1,0.77756
121,36,1014.9,379.27,63.11,106.4,1,1,0.76982
122,34,1236.67,201.62,77.15,143.42,1,1,0.78127
122,36,1014.82,378.58,63.31,107.23,1,1,0.77097
123,34,1235.88,199.22,77.04,143.94,1,1,0.78231
123,36,1014.36,376.44,63.53,107.56,1,1,0.76762
123,35,693.98,403.41,53.25,88.73,1,1,0.68598
124,34,1234.71,198.8,77.5,144.13,1,1,0.79457
124,36,1014.22,374.87,63.15,108.77,1,1,0.75921
124,35,690.88,403.79,52.6,89.85,1,1,0.66995
125,36,1014.67,375.4,62.51,107.38,1,1,0.74487
125,35,688.4,402.3,53.54,97.91,1,1,0.68212
126,36,1013.76,375.8,63.02,106.61,1,1,0.7388
126,34,1233.51,196.29,78.03,143.95,1,1,0.67945
127,36,1013.69,375.3,62.74,107.19,1,1,0.70904
128,36,1014.22,375.46,62.34,105.19,1,1,0.76714
128,8,873.28,361.55,59.64,116.09,1,1,0.66372
128,34,1233.12,195.23,77.19,142.66,1,1,0.72077
129,36,1010.88,366.68,63.91,111.83,1,1,0.83444
130,36,1009.79,365.22,64.26,113.46,1,1,0.83034
131,36,1008.42,362.34,65.67,113.76,1,1,0.85696
131,34,1226.26,191.45,78.09,144.5,1,1,0.65212
132,36,1005.91,362.0,67.68,114.31,1,1,0.87018
133,36,1004.81,361.79,69.26,113.99,1,1,0.86863
134,36,1002.81,361.14,69.55,113.05,1,1,0.85532
135,36,1001.62,363.2,69.77,110.89,1,1,0.78025
136,36,1001.36,375.9,67.85,97.3,1,1,0.74968
136,34,1214.75,189.72,77.73,144.64,1,1,0.68209
137,36,999.87,380.54,67.14,91.45,1,1,0.73107
137,34,1211.69,186.97,78.18,146.22,1,1,0.83797
138,36,999.14,381.28,68.48,90.58,1,1,0.64682
138,34,1210.23,185.23,78.05,146.59,1,1,0.82374
139,34,1206.95,184.58,78.97,146.85,1,1,0.85508
140,34,1204.68,182.69,79.6,147.03,1,1,0.86802
140,36,998.85,381.71,67.84,88.44,1,1,0.64552
141,34,1203.02,182.98,79.23,146.04,1,1,0.85338
141,36,1000.28,383.59,66.85,86.87,1,1,0.73365
142,36,997.69,381.58,68.53,86.94,1,1,0.6963
143,36,997.01,379.88,69.66,88.53,1,1,0.76435
143,34,1198.65,180.79,79.02,147.54,1,1,0.75398
144,36,996.04,379.04,70.77,89.33,1,1,0.70894
144,8,829.3,306.71,74.98,164.61,1,1,0.70876
145,36,995.75,376.22,70.5,88.71,1,1,0.64348
146,36,995.98,375.24,72.0,90.71,1,1,0.65866
146,34,1192.49,180.21,80.03,144.76,1,1,0.64427
146,8,824.75,303.64,76.65,163.83,1,1,0.68926
147,34,1188.77,177.69,81.29,143.25,1,1,0.80995
148,34,1187.6,177.12,80.57,141.96,1,1,0.70711
148,36,996.02,367.72,71.68,95.23,1,1,0.6818
149,34,1187.0,177.48,80.22,140.65,1,1,0.78295
149,36,995.75,356.64,73.23,105.52,1,1,0.74991
149,8,818.4,303.45,74.4,163.67,1,1,0.70722
150,36,993.57,364.94,71.88,95.52,1,1,0.74844
150,8,815.0,305.13,75.42,159.78,1,1,0.64831
151,36,993.68,365.54,70.76,94.55,1,1,0.73399
152,36,992.56,369.77,69.99,91.09,1,1,0.71313
153,36,990.79,366.35,70.17,104.59,1,1,0.69076
154,36,990.49,368.81,68.2,93.42,1,1,0.77137
155,36,989.61,363.27,68.63,96.82,1,1,0.71276
156,36,990.33,364.5,66.32,89.68,1,1,0.71463
156,35,598.77,361.91,61.93,115.17,1,1,0.66925
157,36,989.1,364.51,65.01,87.1,1,1,0.75524
158,36,987.38,363.63,66.36,88.8,1,1,0.71695
158,35,593.89,358.82,59.83,119.14,1,1,0.69522
159,36,985.18,363.6,67.33,86.81,1,1,0.74065
159,35,592.95,356.72,58.41,120.79,1,1,0.7723
160,36,983.86,364.81,67.17,85.04,1,1,0.65302
160,35,591.71,356.86,56.24,122.67,1,1,0.77075
161,35,590.2,355.31,56.01,123.57,1,1,0.78947
162,35,588.8,355.15,56.48,124.14,1,1,0.77581
163,35,585.93,355.49,56.13,123.39,1,1,0.74543
165,35,576.73,356.24,60.6,122.25,1,1,0.72865
219,37,1029.33,453.36,66.97,64.41,1,1,0.88504
219,38,1172.17,434.13,55.26,62.22,1,1,0.86768
219,39,932.53,513.27,45.81,92.72,1,1,0.86445
219,40,1094.15,582.13,72.07,70.37,1,1,0.86145
219,41,949.81,588.21,47.9,93.43,1,1,0.85928
219,42,1066.53,515.0,60.23,67.5,1,1,0.85842
219,43,1165.01,630.45,45.17,104.34,1,1,0.85554
219,44,1386.94,547.68,50.11,66.76,1,1,0.85429
219,45,1232.8,595.51,60.17,73.41,1,1,0.85317
219,46,861.53,650.51,43.34,104.91,1,1,0.85308
219,47,1152.74,533.89,57.82,60.12,1,1,0.8491
219,48,1293.45,685.42,55.44,97.12,1,1,0.84985
219,49,1347.82,477.69,47.62,83.01,1,1,0.84791
219,50,941.36,354.06,42.72,82.62,1,1,0.84894
219,51,1197.63,557.4,60.2,65.02,1,1,0.84553
219,52,719.7,405.73,33.92,94.58,1,1,0.84173
219,53,1191.25,715.23,46.79,102.87,1,1,0.83784
219,54,1155.75,495.8,54.53,46.19,1,1,0.83819
219,55,1708.67,523.91,48.8,94.29,1,1,0.82878
219,56,1335.05,430.75,41.65,80.36,1,1,0.82767
219,57,945.46,143.64,48.86,78.78,1,1,0.82807
219,58,886.28,156.71,39.81,74.21,1,1,0.8217
219,59,1144.18,461.69,54.92,48.52,1,1,0.82114
220,37,1029.65,453.4,66.73,64.49,1,1,0.88418
220,38,1172.29,434.29,55.33,62.11,1,1,0.86691
220,39,931.74,513.77,46.17,91.62,1,1,0.86403
220,40,1093.89,582.04,72.4,70.18,1,1,0.86122
220,41,949.39,589.06,48.27,92.72,1,1,0.85948
220,42,1066.6,514.73,60.24,67.61,1,1,0.85803
220,43,1165.04,630.41,45.52,104.49,1,1,0.85511
220,44,1386.99,547.72,50.27,66.77,1,1,0.85367
220,45,1232.92,595.43,60.25,73.47,1,1,0.85233
220,46,862.12,650.94,43.24,104.54,1,1,0.85233
220,47,1152.79,533.7,58.04,60.41,1,1,0.84987
220,48,1293.87,685.29,55.66,97.02,1,1,0.84837
220,49,1347.88,477.25,47.84,83.43,1,1,0.8481
220,50,941.42,354.77,42.95,83.22,1,1,0.85001
220,51,1197.82,557.39,60.02,65.14,1,1,0.84522
220,52,718.83,406.02,34.29,94.22,1,1,0.84096
220,53,1191.3,715.73,47.31,102.36,1,1,0.83643
220,54,1155.92,495.78,54.45,46.13,1,1,0.83779
220,55,1709.89,523.83,48.21,93.92,1,1,0.83055
220,56,1335.1,430.76,41.61,81.01,1,1,0.82768
220,57,945.79,143.63,49.23,79.17,1,1,0.82893
220,58,886.48,156.78,39.93,74.1,1,1,0.82322
220,59,1144.34,461.7,55.01,48.46,1,1,0.82149
221,37,1029.95,453.17,66.67,64.61,1,1,0.88478
221,38,1172.9,434.35,54.93,62.04,1,1,0.8664
221,39,930.55,513.74,46.58,91.24,1,1,0.86486
221,40,1093.79,581.85,72.64,69.35,1,1,0.86119
221,41,949.06,589.85,48.74,92.01,1,1,0.85918
221,42,1066.5,514.08,60.1,67.86,1,1,0.85671
221,43,1164.92,630.1,45.78,104.31,1,1,0.85515
221,44,1386.88,547.75,50.58,66.63,1,1,0.85366
221,45,1233.06,595.16,60.35,73.7,1,1,0.85267
221,46,862.92,651.0,43.34,104.42,1,1,0.85213
221,47,1152.82,533.51,58.32,60.6,1,1,0.85041
221,48,1294.14,685.15,55.87,97.07,1,1,0.84886
221,49,1347.87,476.53,48.15,84.11,1,1,0.84913
221,50,941.53,355.5,43.06,83.32,1,1,0.85053
221,51,1198.17,557.39,60.08,65.14,1,1,0.84547
221,52,717.37,405.97,35.36,94.09,1,1,0.84186
221,53,1191.88,715.44,47.83,102.47,1,1,0.83698
221,54,1156.18,495.71,54.48,45.95,1,1,0.8389
221,55,1711.57,523.44,47.72,93.5,1,1,0.84036
221,56,1335.44,430.62,41.62,81.05,1,1,0.82833
221,57,945.87,143.54,49.85,79.35,1,1,0.82992
221,58,886.73,156.72,39.98,74.03,1,1,0.82487
221,59,1144.87,461.64,54.8,48.2,1,1,0.8219
222,37,1030.0,453.21,66.66,64.62,1,1,0.8848
222,38,1173.05,434.48,54.81,62.02,1,1,0.86621
222,39,930.16,513.83,46.7,91.15,1,1,0.86475
222,40,1093.74,581.91,72.71,69.09,1,1,0.86126
222,41,948.94,590.19,48.88,91.82,1,1,0.85922
222,42,1066.44,514.01,60.04,67.93,1,1,0.85669
222,43,1164.84,630.11,45.85,104.25,1,1,0.85519
222,44,1386.8,547.87,50.67,66.59,1,1,0.85369
222,45,1233.07,595.19,60.38,73.77,1,1,0.85268
222,46,863.14,651.12,43.36,104.38,1,1,0.85224
222,47,1152.79,533.57,58.4,60.65,1,1,0.85044
222,48,1294.18,685.23,55.92,97.09,1,1,0.84889
222,49,1347.83,476.45,48.23,84.3,1,1,0.84913
222,50,941.52,355.83,43.09,83.33,1,1,0.85055
222,51,1198.24,557.51,60.1,65.13,1,1,0.84547
222,52,716.9,406.05,35.69,94.05,1,1,0.84184
222,53,1192.02,715.45,47.98,102.52,1,1,0.83699
222,54,1156.24,495.81,54.48,45.9,1,1,0.83874
222,55,1712.02,523.44,47.58,93.38,1,1,0.84034
222,56,1335.56,430.74,41.55,80.99,1,1,0.82789
222,57,945.86,143.63,50.03,79.39,1,1,0.82985
222,58,886.77,156.82,39.99,74.01,1,1,0.82486
222,59,1144.98,461.74,54.73,48.2,1,1,0.8218
223,37,1031.07,451.92,65.16,65.0,1,1,0.88481
223,38,1173.88,433.92,54.78,61.69,1,1,0.86369
223,39,928.13,512.97,46.71,90.72,1,1,0.86333
223,40,1094.62,580.28,72.05,69.42,1,1,0.85448
223,41,949.66,592.12,49.04,89.67,1,1,0.85606
223,42,1066.65,510.38,59.91,70.67,1,1,0.85746
223,43,1165.48,629.04,46.41,104.3,1,1,0.85061
223,44,1387.79,547.08,50.48,66.48,1,1,0.84817
223,45,1233.86,594.4,60.35,73.7,1,1,0.8527
223,46,865.22,650.88,42.76,104.06,1,1,0.8512
223,47,1153.97,532.52,57.57,60.99,1,1,0.84675
223,48,1294.75,684.74,56.35,96.9,1,1,0.85107
223,49,1348.83,474.62,48.01,85.12,1,1,0.83785
223,50,943.5,356.45,42.34,84.57,1,1,0.84963
223,51,1199.13,556.59,60.07,65.15,1,1,0.84308
223,52,712.53,406.34,40.34,92.86,1,1,0.83577
223,53,1194.58,712.86,48.36,104.18,1,1,0.83428
223,54,1157.15,494.63,54.31,45.99,1,1,0.83627
223,55,1719.96,521.71,42.42,92.42,1,1,0.84605
223,56,1336.4,429.4,40.95,81.37,1,1,0.82732
223,57,947.1,142.94,51.43,79.89,1,1,0.8341
223,58,887.97,156.26,39.49,72.81,1,1,0.8251
223,59,1145.67,460.8,54.99,48.14,1,1,0.81499
224,37,1031.51,451.76,64.25,65.39,1,1,0.88553
224,38,1174.35,434.21,54.73,61.77,1,1,0.8643
224,39,926.98,513.07,46.13,90.97,1,1,0.86409
224,40,1095.39,579.47,70.98,71.31,1,1,0.85299
224,41,950.07,594.44,49.14,87.91,1,1,0.85544
224,42,1066.56,508.83,60.39,72.4,1,1,0.86121
224,43,1165.49,629.49,46.81,104.25,1,1,0.85192
224,44,1388.27,547.18,50.46,66.64,1,1,0.85043
224,45,1234.27,595.09,60.27,73.31,1,1,0.85249
224,46,866.5,651.4,42.24,103.98,1,1,0.84968
224,47,1154.27,533.04,57.47,61.03,1,1,0.84864
224,48,1295.27,685.34,56.4,96.52,1,1,0.85062
224,49,1349.5,473.66,47.81,86.05,1,1,0.83734
224,50,944.55,358.3,41.95,84.91,1,1,0.85173
224,51,1199.35,556.77,60.26,65.45,1,1,0.84404
224,52,708.76,407.61,43.93,92.06,1,1,0.83673
224,53,1195.82,713.39,48.31,103.99,1,1,0.83272
224,54,1157.5,494.7,54.2,46.33,1,1,0.83784
224,55,1724.88,521.08,39.11,91.34,1,1,0.7614
224,56,1336.71,429.47,40.88,82.68,1,1,0.83244
224,57,948.37,143.1,51.66,80.15,1,1,0.83125
224,58,888.24,156.8,39.44,72.65,1,1,0.82742
224,59,1145.9,461.27,54.91,48.78,1,1,0.81349
225,37,1031.43,451.31,63.86,65.45,1,1,0.8868
225,38,1174.8,433.86,54.38,61.76,1,1,0.86569
225,39,925.92,511.58,45.43,91.61,1,1,0.86337
225,40,1096.29,577.41,69.67,73.91,1,1,0.85472
225,41,950.24,595.59,49.41,86.5,1,1,0.85945
225,42,1066.43,506.7,60.69,74.01,1,1,0.86006
225,43,1165.88,629.19,47.13,103.75,1,1,0.85278
225,44,1388.66,546.78,50.33,66.94,1,1,0.84974
225,45,1234.48,595.05,60.38,73.15,1,1,0.85473
225,46,867.43,651.41,41.76,104.45,1,1,0.849
225,47,1154.7,532.56,57.22,60.9,1,1,0.84652
225,48,1295.47,685.49,56.71,95.99,1,1,0.85095
225,49,1350.19,473.24,47.46,85.98,1,1,0.83434
225,50,945.21,359.06,41.94,84.37,1,1,0.8522
225,51,1199.55,556.36,60.38,65.47,1,1,0.84375
225,52,706.06,407.75,46.07,91.76,1,1,0.83654
225,53,1196.86,712.94,47.87,104.21,1,1,0.83624
225,54,1157.5,494.13,54.36,46.44,1,1,0.83761
225,56,1336.84,428.74,40.53,85.3,1,1,0.8386
225,57,948.99,142.88,51.46,79.95,1,1,0.83066
225,58,888.35,156.56,39.61,72.31,1,1,0.82672
225,59,1145.88,460.89,55.13,49.62,1,1,0.8139
226,37,1031.59,450.43,63.06,66.07,1,1,0.88476
226,38,1175.58,433.67,54.04,61.66,1,1,0.86203
226,39,924.85,510.15,44.81,91.97,1,1,0.86499
226,40,1096.67,576.1,68.82,75.24,1,1,0.85083
226,41,950.64,596.99,49.48,84.74,1,1,0.85608
226,42,1066.62,504.01,60.66,76.01,1,1,0.85894
226,43,1165.6,629.63,48.25,102.47,1,1,0.84802
226,44,1388.79,546.37,50.43,67.29,1,1,0.84691
226,45,1234.79,594.86,60.79,73.12,1,1,0.85027
226,46,868.35,651.2,41.37,106.17,1,1,0.84466
226,47,1155.05,532.44,57.26,60.72,1,1,0.84781
226,48,1295.86,685.61,56.85,95.44,1,1,0.8518
226,49,1351.08,473.31,47.2,85.57,1,1,0.83566
226,50,946.22,359.76,42.0,83.4,1,1,0.85017
226,51,1199.96,556.14,60.44,65.28,1,1,0.84249
226,52,704.89,407.9,46.44,91.62,1,1,0.83596
226,53,1197.22,712.33,48.08,104.45,1,1,0.83035
226,54,1157.72,494.06,54.69,46.33,1,1,0.83694
226,56,1336.86,428.47,40.22,86.56,1,1,0.8408
226,57,949.37,142.67,51.65,79.64,1,1,0.83063
226,58,888.92,156.47,39.4,72.17,1,1,0.82153
226,59,1146.33,460.43,55.37,49.76,1,1,0.81681
226,55,1729.18,518.98,38.21,92.16,1,1,0.6718
227,37,1031.89,450.42,63.24,65.91,1,1,0.88423
227,38,1176.09,433.5,53.93,61.54,1,1,0.8642
227,39,924.23,508.6,44.33,92.49,1,1,0.86829
227,40,1096.9,575.04,68.21,76.26,1,1,0.85147
227,41,950.86,598.21,49.58,83.08,1,1,0.85488
227,42,1067.0,501.53,60.3,77.07,1,1,0.86113
227,43,1165.43,630.81,48.91,100.84,1,1,0.84697
227,44,1388.99,546.2,50.4,67.36,1,1,0.84597
227,45,1235.02,594.74,61.05,73.0,1,1,0.84839
227,46,869.18,651.09,41.01,107.33,1,1,0.84115
227,47,1155.63,532.59,57.15,60.32,1,1,0.84784
227,48,1296.01,685.34,56.8,95.29,1,1,0.85029
227,49,1352.17,473.72,46.46,84.79,1,1,0.8331
227,50,947.21,360.62,41.96,82.27,1,1,0.847
227,51,1200.19,556.16,60.63,64.93,1,1,0.84198
227,52,704.14,408.25,46.41,91.5,1,1,0.83666
227,53,1197.61,712.33,48.31,104.05,1,1,0.82988
227,54,1158.09,494.05,54.92,46.36,1,1,0.83597
227,56,1337.3,428.54,39.64,87.8,1,1,0.83845
227,57,949.52,142.55,52.07,79.25,1,1,0.8322
227,58,889.46,156.44,39.24,72.03,1,1,0.82184
227,59,1146.47,460.23,55.56,50.13,1,1,0.81862
227,55,1730.84,517.25,39.45,93.76,1,1,0.81388
228,37,1031.96,450.51,62.72,66.04,1,1,0.88644
228,38,1176.0,433.45,53.58,61.62,1,1,0.86515
228,39,923.09,507.14,44.2,92.89,1,1,0.87165
228,40,1096.89,574.59,67.59,76.68,1,1,0.8529
228,41,950.93,598.93,49.41,82.23,1,1,0.85581
228,42,1066.16,499.95,60.5,76.54,1,1,0.86427
228,43,1165.3,632.62,49.42,99.17,1,1,0.84837
228,44,1389.02,546.28,50.32,67.38,1,1,0.84628
228,45,1234.86,594.97,61.04,72.8,1,1,0.84726
228,46,869.1,651.21,41.12,108.82,1,1,0.84192
228,47,1155.82,532.57,56.76,60.42,1,1,0.85107
228,48,1295.71,685.54,57.2,95.19,1,1,0.85243
228,49,1352.91,474.02,45.88,84.72,1,1,0.83439
228,50,947.89,361.38,41.59,81.73,1,1,0.84943
228,51,1199.99,556.23,60.52,64.78,1,1,0.84353
228,52,703.04,408.93,46.14,91.18,1,1,0.83663
228,53,1197.61,712.43,48.79,103.04,1,1,0.82633
228,54,1157.88,494.08,54.87,46.33,1,1,0.83641
228,56,1336.99,428.54,39.65,88.35,1,1,0.8462
228,57,949.63,142.55,52.25,79.26,1,1,0.83255
228,58,889.49,156.52,39.22,72.04,1,1,0.82168
228,59,1146.37,460.21,55.54,50.21,1,1,0.82018
229,37,1032.08,450.36,62.15,65.94,1,1,0.88865
229,38,1176.0,433.19,53.42,61.68,1,1,0.86854
229,39,922.56,505.45,43.97,92.76,1,1,0.8712
229,40,1097.1,574.13,66.87,76.41,1,1,0.85443
229,41,950.82,599.03,49.66,81.72,1,1,0.85682
229,42,1065.79,498.53,60.47,74.8,1,1,0.86707
229,43,1166.37,634.0,49.07,97.69,1,1,0.84211
229,44,1389.21,546.03,50.14,67.31,1,1,0.84854
229,45,1234.9,594.96,60.86,72.46,1,1,0.84719
229,46,869.42,651.27,41.03,110.21,1,1,0.84488
229,47,1155.77,532.3,56.67,60.55,1,1,0.85315
229,48,1295.81,685.46,57.04,95.0,1,1,0.85485
229,49,1353.57,473.69,45.36,85.06,1,1,0.83737
229,50,949.42,361.36,41.02,81.52,1,1,0.85126
229,51,1199.96,556.02,60.62,64.62,1,1,0.84623
229,52,702.4,408.94,45.79,91.0,1,1,0.8386
229,53,1197.87,712.13,49.61,101.34,1,1,0.82459
229,54,1157.69,493.81,55.11,46.4,1,1,0.84049
229,56,1336.76,428.26,39.71,88.56,1,1,0.84871
229,57,949.65,142.08,52.5,79.35,1,1,0.83649
229,58,889.49,156.18,39.38,72.14,1,1,0.82464
229,59,1146.28,459.99,55.57,50.51,1,1,0.82487
229,55,1732.29,516.47,40.87,94.87,1,1,0.82945
230,37,1032.35,450.45,62.0,65.98,1,1,0.88776
230,38,1176.21,433.09,53.25,61.9,1,1,0.87125
230,39,921.74,503.94,44.44,92.68,1,1,0.87113
230,40,1097.46,574.24,66.3,76.33,1,1,0.85892
230,41,950.69,598.94,50.1,81.7,1,1,0.85742
230,42,1065.37,498.05,60.82,72.37,1,1,0.86985
230,43,1167.02,636.07,49.12,95.97,1,1,0.83575
230,44,1389.31,546.05,50.12,67.25,1,1,0.84724
230,45,1235.07,595.02,61.13,72.38,1,1,0.84891
230,46,869.63,651.88,41.11,110.77,1,1,0.84636
230,47,1155.84,532.26,56.91,60.64,1,1,0.85575
230,48,1296.01,686.57,57.25,94.37,1,1,0.8575
230,49,1353.48,473.64,45.72,85.07,1,1,0.84019
230,50,950.95,361.83,40.69,81.35,1,1,0.85113
230,51,1200.1,556.06,60.7,64.5,1,1,0.84729
230,52,702.0,408.86,44.4,91.29,1,1,0.83681
230,53,1198.23,710.59,50.46,100.35,1,1,0.82108
230,54,1157.87,493.93,55.34,46.42,1,1,0.84174
230,56,1336.61,428.25,39.99,88.46,1,1,0.84935
230,57,949.86,141.98,52.6,79.8,1,1,0.83646
230,58,889.56,156.12,39.4,72.15,1,1,0.82408
230,59,1146.37,460.0,55.49,50.86,1,1,0.82996
230,55,1732.9,516.31,41.72,94.63,1,1,0.77218
231,37,1032.05,450.59,61.9,65.86,1,1,0.88898
231,38,1176.08,433.08,53.25,62.02,1,1,0.87165
231,39,920.46,502.43,45.18,92.85,1,1,0.87203
231,40,1097.48,574.12,65.93,76.52,1,1,0.8606
231,41,950.48,598.28,50.33,82.3,1,1,0.85659
231,42,1064.45,497.68,61.39,70.26,1,1,0.86949
231,43,1167.18,638.07,49.09,94.76,1,1,0.83775
231,44,1389.05,545.99,50.19,67.36,1,1,0.84704
231,45,1234.88,595.15,61.02,72.23,1,1,0.84815
231,46,869.64,652.41,41.0,111.26,1,1,0.84537
231,47,1155.76,532.37,56.72,60.44,1,1,0.85515
231,48,1296.07,686.93,57.37,93.81,1,1,0.85664
231,49,1352.68,473.3,46.18,85.53,1,1,0.84112
231,50,951.44,362.44,40.67,81.18,1,1,0.85227
231,51,1199.92,556.03,60.75,64.6,1,1,0.84685
231,52,700.95,408.83,41.64,91.69,1,1,0.84017
231,53,1197.86,710.01,51.31,99.03,1,1,0.82508
231,54,1157.6,493.96,55.25,46.6,1,1,0.84226
231,56,1335.97,428.29,40.38,88.23,1,1,0.84929
231,57,949.49,141.88,52.71,79.92,1,1,0.83567
231,58,889.39,156.03,39.38,72.21,1,1,0.82539
231,59,1146.17,459.79,55.53,50.9,1,1,0.83131
232,37,1032.13,450.46,61.64,65.67,1,1,0.8865
232,38,1176.13,432.86,53.22,62.09,1,1,0.86742
232,39,919.95,501.09,45.33,93.21,1,1,0.86941
232,40,1097.86,574.01,65.34,76.59,1,1,0.85949
232,41,950.74,597.2,50.39,83.08,1,1,0.85395
232,42,1064.16,497.36,61.68,68.83,1,1,0.86939
232,43,1167.68,640.49,49.21,92.59,1,1,0.83141
232,44,1389.13,545.9,50.25,67.18,1,1,0.84496
232,45,1234.76,595.03,61.21,72.27,1,1,0.84694
232,46,869.81,652.98,41.08,110.9,1,1,0.8428
232,47,1155.77,532.24,56.82,60.49,1,1,0.85673
232,48,1296.06,687.55,57.6,92.99,1,1,0.85323
232,49,1351.85,472.95,47.02,85.63,1,1,0.83793
232,50,951.8,362.65,41.7,80.87,1,1,0.8548
232,51,1199.97,555.91,60.85,64.78,1,1,0.84715
232,52,699.51,408.29,39.15,92.52,1,1,0.84205
232,53,1197.89,709.34,53.14,98.41,1,1,0.82383
232,54,1157.67,493.73,55.27,46.8,1,1,0.8406
232,56,1335.8,428.15,40.94,87.0,1,1,0.83871
232,57,949.2,141.85,52.82,79.52,1,1,0.83229
232,58,889.4,155.74,39.41,72.17,1,1,0.82217
232,59,1146.14,459.59,55.38,50.75,1,1,0.82825
233,37,1032.41,450.61,61.76,65.13,1,1,0.88499
233,38,1176.26,432.7,53.36,62.16,1,1,0.86975
233,39,919.86,499.76,45.4,93.1,1,1,0.86833
233,40,1098.04,573.79,65.24,76.72,1,1,0.86047
233,41,951.09,595.94,50.24,84.03,1,1,0.8532
233,42,1063.87,497.33,62.42,67.92,1,1,0.87048
233,43,1167.7,642.37,49.73,90.83,1,1,0.82432
233,44,1389.26,545.7,50.22,67.08,1,1,0.84414
233,45,1235.0,594.74,61.17,72.38,1,1,0.84497
233,46,869.96,653.53,41.25,110.37,1,1,0.84288
233,47,1155.99,531.91,56.77,60.76,1,1,0.85558
233,48,1295.97,687.69,58.02,92.58,1,1,0.85063
233,49,1351.52,472.31,47.62,85.97,1,1,0.83487
233,50,952.5,362.76,42.52,80.36,1,1,0.85791
233,51,1200.01,555.82,61.15,64.86,1,1,0.84662
233,52,698.38,408.06,36.98,93.13,1,1,0.84389
233,53,1197.7,708.37,54.73,98.78,1,1,0.82024
233,54,1157.77,493.63,55.3,46.76,1,1,0.83988
233,56,1335.52,427.96,41.65,85.78,1,1,0.83714
233,57,949.0,141.7,53.37,79.67,1,1,0.83662
233,58,889.49,155.21,39.41,72.55,1,1,0.82297
233,59,1146.2,459.37,55.29,50.65,1,1,0.83168
234,37,1032.96,450.34,61.87,64.9,1,1,0.8839
234,38,1176.36,432.16,53.34,62.39,1,1,0.86702
234,39,919.61,498.7,45.58,92.58,1,1,0.86734
234,40,1097.96,573.61,65.58,76.32,1,1,0.85998
234,41,951.75,594.59,49.98,84.8,1,1,0.8546
234,42,1063.4,497.61,63.09,66.92,1,1,0.86937
234,43,1167.85,643.33,50.4,90.06,1,1,0.82175
234,44,1389.37,545.32,50.18,67.14,1,1,0.84252
234,45,1235.38,594.2,61.33,72.72,1,1,0.84347
234,46,869.97,653.51,41.52,110.26,1,1,0.84257
234,47,1155.97,531.57,57.15,60.66,1,1,0.85531
234,48,1296.39,688.22,57.64,91.63,1,1,0.84823
234,49,1351.95,471.64,47.38,86.04,1,1,0.83364
234,50,953.22,362.85,43.86,79.53,1,1,0.85958
234,51,1200.6,555.42,60.91,64.81,1,1,0.84504
234,52,696.54,407.66,36.11,94.04,1,1,0.84178
234,53,1198.09,706.68,56.9,99.38,1,1,0.81867
234,54,1158.05,493.43,55.31,46.65,1,1,0.8391
234,56,1335.63,428.01,42.02,84.91,1,1,0.8338
234,57,949.06,141.49,53.56,79.53,1,1,0.83661
234,58,889.86,154.74,39.27,72.89,1,1,0.82044
234,59,1146.64,458.98,54.92,50.28,1,1,0.82949
235,37,1032.99,450.64,62.18,64.5,1,1,0.88558
235,38,1176.53,432.01,53.24,62.51,1,1,0.86865
235,39,919.31,498.56,45.5,91.88,1,1,0.86919
235,40,1098.06,573.95,65.39,75.77,1,1,0.86205
235,41,951.77,594.1,50.0,85.45,1,1,0.85664
235,42,1062.69,498.74,63.71,65.4,1,1,0.86921
235,43,1168.28,645.12,50.25,88.44,1,1,0.82489
235,44,1389.3,545.45,50.2,67.09,1,1,0.84475
235,45,1235.59,594.26,61.24,72.76,1,1,0.84613
235,46,869.65,654.39,41.61,109.57,1,1,0.84382
235,47,1155.87,531.51,57.26,60.8,1,1,0.85519
235,48,1296.44,689.54,57.53,90.31,1,1,0.84813
235,49,1352.04,472.01,47.28,85.6,1,1,0.83724
235,50,953.34,363.58,45.84,78.88,1,1,0.86357
235,51,1200.58,555.32,60.93,64.52,1,1,0.84661
235,52,693.44,407.89,36.67,94.63,1,1,0.83937
235,53,1198.02,706.42,57.75,99.49,1,1,0.82025
235,54,1158.19,493.34,55.19,46.63,1,1,0.8396
235,56,1335.78,428.6,42.19,84.58,1,1,0.83764
235,57,949.29,141.87,53.41,78.82,1,1,0.83886
235,58,890.05,154.88,39.09,72.9,1,1,0.82255
235,59,1146.79,458.89,54.72,50.43,1,1,0.82794
236,37,1033.86,450.85,61.84,64.58,1,1,0.8844
236,38,1176.94,432.39,53.47,62.65,1,1,0.87133
236,39,919.63,498.99,45.55,91.64,1,1,0.86866
236,40,1099.5,574.39,64.93,75.6,1,1,0.86032
236,41,952.56,593.96,49.71,86.26,1,1,0.8541
236,42,1062.56,499.56,64.2,64.66,1,1,0.86875
236,43,1169.85,646.52,49.82,88.0,1,1,0.82328
236,44,1389.98,545.98,50.22,66.75,1,1,0.84527
236,45,1236.11,594.66,61.18,72.78,1,1,0.84362
236,46,869.76,655.47,42.18,108.8,1,1,0.84683
236,47,1156.22,531.47,57.24,61.23,1,1,0.85428
236,48,1297.11,689.41,57.47,90.68,1,1,0.84575
236,49,1352.72,473.15,47.02,84.72,1,1,0.83316
236,50,954.21,364.7,47.29,77.73,1,1,0.86262
236,51,1201.17,555.8,60.93,64.13,1,1,0.8449
236,52,690.8,408.42,37.47,94.6,1,1,0.83698
236,53,1199.39,706.41,57.76,99.92,1,1,0.81373
236,54,1159.0,493.94,55.12,46.41,1,1,0.84011
236,56,1336.4,429.54,42.25,84.62,1,1,0.84067
236,57,950.11,142.47,52.83,78.44,1,1,0.83774
236,58,890.78,155.17,38.88,73.23,1,1,0.82391
236,59,1147.24,459.42,54.66,50.81,1,1,0.83233
237,37,1034.13,449.87,62.05,64.87,1,1,0.88672
237,38,1177.11,431.75,53.51,62.63,1,1,0.87276
237,39,919.68,498.89,45.59,90.89,1,1,0.86871
237,40,1099.56,573.84,65.61,75.37,1,1,0.86247
237,41,952.9,592.77,49.41,86.86,1,1,0.85466
237,42,1062.52,499.1,64.16,64.56,1,1,0.86965
237,43,1170.17,646.56,49.83,87.51,1,1,0.82394
237,44,1390.34,545.4,50.36,66.72,1,1,0.84664
237,45,1236.3,593.92,60.94,72.61,1,1,0.84348
237,46,869.9,655.32,42.34,108.22,1,1,0.84693
237,47,1156.12,530.82,57.51,61.21,1,1,0.85669
237,48,1297.39,688.88,57.56,90.08,1,1,0.85077
237,49,1352.95,473.11,46.85,83.66,1,1,0.83565
237,50,954.84,364.78,48.66,77.01,1,1,0.86199
237,51,1201.32,555.13,60.94,63.86,1,1,0.84594
237,52,688.45,408.33,38.34,94.06,1,1,0.83599
237,53,1198.85,705.51,59.35,99.89,1,1,0.81543
237,54,1159.12,493.38,55.11,46.32,1,1,0.84158
237,56,1336.74,429.4,42.82,83.52,1,1,0.83975
237,57,950.41,142.48,52.7,78.02,1,1,0.83793
237,58,891.02,154.72,38.88,73.47,1,1,0.82569
237,59,1147.52,459.02,54.52,50.87,1,1,0.83081
237,55,1741.36,512.25,45.44,94.8,1,1,0.83291
238,37,1034.27,449.44,61.71,64.7,1,1,0.88619
238,38,1176.87,431.25,53.7,62.43,1,1,0.87001
238,39,919.29,499.05,45.36,90.62,1,1,0.86862
238,40,1099.44,573.64,66.0,74.79,1,1,0.86083
238,41,952.7,591.48,49.37,87.69,1,1,0.85498
238,42,1062.28,498.84,64.13,64.49,1,1,0.86948
238,43,1170.14,646.71,50.13,86.89,1,1,0.8241
238,44,1390.37,545.14,50.13,66.71,1,1,0.84429
238,45,1236.5,593.35,60.65,72.37,1,1,0.84272
238,46,869.45,655.41,42.59,107.81,1,1,0.84698
238,47,1156.18,530.16,57.5,61.25,1,1,0.85555
238,48,1296.75,689.82,58.09,88.91,1,1,0.85207
238,49,1352.95,472.85,46.59,83.74,1,1,0.83558
238,50,954.89,364.63,49.76,76.47,1,1,0.86105
238,51,1201.43,554.66,60.76,63.75,1,1,0.84629
238,52,685.44,408.12,39.28,93.41,1,1,0.83795
238,53,1198.05,704.97,61.04,100.15,1,1,0.81428
238,54,1159.09,493.04,54.91,46.22,1,1,0.83978
238,56,1336.5,429.51,42.97,82.97,1,1,0.84053
238,57,949.27,142.47,53.91,77.73,1,1,0.83734
238,58,890.72,154.5,38.99,73.33,1,1,0.82654
238,59,1147.33,458.61,54.5,51.28,1,1,0.82782
238,55,1743.03,511.55,43.99,94.11,1,1,0.72731
239,37,1034.25,449.42,61.75,64.53,1,1,0.88709
239,38,1176.94,431.11,53.79,62.37,1,1,0.87216
239,39,919.0,500.16,45.45,89.54,1,1,0.87142
239,40,1099.45,573.79,66.27,74.11,1,1,0.86267
239,41,952.46,590.81,49.85,88.28,1,1,0.85679
239,42,1063.76,498.58,62.89,64.78,1,1,0.8691
239,43,1170.27,646.75,50.23,86.55,1,1,0.82752
239,44,1390.38,545.0,50.07,66.65,1,1,0.84486
239,45,1236.53,593.26,60.74,72.51,1,1,0.84504
239,46,869.39,656.09,42.9,106.82,1,1,0.84806
239,47,1156.2,529.91,57.58,61.34,1,1,0.85681
239,48,1296.85,690.21,58.19,88.37,1,1,0.85289
239,49,1352.88,472.39,46.64,83.9,1,1,0.83742
239,50,955.39,365.34,50.27,75.68,1,1,0.86304
239,51,1201.49,554.54,60.74,63.73,1,1,0.84766
239,52,682.02,408.58,41.48,93.87,1,1,0.82801
239,53,1198.28,704.78,61.84,100.41,1,1,0.81933
239,54,1159.28,493.04,54.77,45.87,1,1,0.84307
239,56,1336.34,429.52,43.4,82.77,1,1,0.84262
239,57,948.44,142.55,55.16,77.31,1,1,0.8405
239,58,890.55,154.49,39.08,73.11,1,1,0.82579
239,59,1147.34,458.49,54.57,51.04,1,1,0.82986
239,55,1744.31,510.39,44.25,95.25,1,1,0.83166
240,37,1034.95,449.55,61.61,64.29,1,1,0.88415
240,38,1177.22,431.16,53.95,62.34,1,1,0.87292
240,39,918.77,501.73,45.59,88.46,1,1,0.86917
240,40,1099.6,574.52,66.59,73.45,1,1,0.86175
240,41,953.08,590.58,49.61,88.56,1,1,0.85414
240,42,1065.08,498.3,61.83,65.07,1,1,0.86683
240,43,1170.58,646.8,50.06,86.59,1,1,0.82761
240,44,1390.68,545.12,50.31,66.74,1,1,0.84545
240,45,1236.79,593.36,60.69,72.66,1,1,0.84219
240,46,869.4,656.83,43.14,106.18,1,1,0.84848
240,47,1156.16,529.83,57.87,61.61,1,1,0.85544
240,48,1297.02,691.05,58.53,87.69,1,1,0.85563
240,49,1352.53,472.34,47.12,83.99,1,1,0.83669
240,50,957.47,366.23,49.56,74.95,1,1,0.86194
240,51,1201.76,554.67,60.75,63.71,1,1,0.84619
240,52,677.36,409.75,45.48,94.52,1,1,0.82212
240,53,1198.88,704.54,62.17,100.64,1,1,0.81927
240,54,1159.49,493.27,54.83,45.55,1,1,0.84231
240,56,1336.8,430.02,43.67,81.91,1,1,0.83832
240,57,948.3,143.16,55.27,76.51,1,1,0.83825
240,58,890.88,154.71,38.89,72.92,1,1,0.82441
240,59,1147.67,458.53,54.39,50.72,1,1,0.82597
240,55,1746.94,509.2,42.82,95.68,1,1,0.7943
241,37,1034.47,449.82,61.66,64.26,1,1,0.88642
241,38,1176.8,431.3,53.78,62.38,1,1,0.87196
241,39,917.95,503.3,45.77,87.2,1,1,0.87256
241,40,1098.13,574.95,68.0,73.36,1,1,0.86649
241,41,952.81,590.05,49.4,88.95,1,1,0.85792
241,42,1065.26,497.68,61.3,65.87,1,1,0.8697
241,43,1170.72,646.66,49.66,86.73,1,1,0.82954
241,44,1390.12,545.43,50.44,66.64,1,1,0.84715
241,45,1236.31,593.61,60.81,72.52,1,1,0.84596
241,46,868.88,657.47,43.4,105.68,1,1,0.85044
241,47,1155.97,529.97,57.86,61.62,1,1,0.85733
241,48,1296.02,692.22,59.15,86.92,1,1,0.85913
241,49,1352.41,472.88,46.97,83.71,1,1,0.83821
241,50,958.83,366.78,48.89,74.9,1,1,0.86384
241,51,1201.35,554.88,60.71,63.84,1,1,0.84882
241,52,674.04,410.83,47.54,94.73,1,1,0.83325
241,53,1197.79,704.98,63.07,100.31,1,1,0.82266
241,54,1159.15,493.48,54.77,45.69,1,1,0.84282
241,56,1336.46,430.62,43.81,81.63,1,1,0.84088
241,57,947.82,143.45,55.35,76.1,1,1,0.83811
241,58,890.65,154.92,39.01,72.98,1,1,0.82572
241,59,1147.35,458.74,54.43,50.4,1,1,0.83162
241,55,1748.72,508.03,42.1,96.9,1,1,0.83336
242,37,1034.44,449.29,62.01,64.34,1,1,0.88659
242,38,1176.72,430.75,53.89,62.47,1,1,0.86928
242,39,917.78,504.01,45.94,86.21,1,1,0.87118
242,40,1097.76,574.57,68.76,72.98,1,1,0.86499
242,41,953.13,588.9,48.97,89.46,1,1,0.85734
242,42,1065.78,496.67,60.53,66.72,1,1,0.86699
242,43,1170.28,646.08,50.15,86.56,1,1,0.82822
242,44,1390.05,544.79,50.49,66.73,1,1,0.84414
242,45,1236.12,593.23,61.06,72.71,1,1,0.84459
242,46,868.78,657.53,43.73,104.87,1,1,0.85063
242,47,1155.54,529.46,58.36,61.68,1,1,0.85728
242,48,1296.01,693.0,59.23,85.85,1,1,0.85688
242,49,1352.05,472.77,47.16,83.45,1,1,0.83817
242,50,961.04,367.02,47.94,73.95,1,1,0.86082
242,51,1201.47,554.44,60.66,64.07,1,1,0.84759
242,52,672.05,411.18,48.5,94.89,1,1,0.83338
242,53,1198.04,704.31,63.16,100.8,1,1,0.82255
242,54,1159.2,493.27,54.84,45.36,1,1,0.84224
242,56,1336.35,430.65,44.07,81.57,1,1,0.83871
242,57,948.39,143.58,54.8,75.62,1,1,0.83596
242,58,890.77,154.73,38.82,72.94,1,1,0.82327
242,59,1147.31,458.47,54.5,50.18,1,1,0.82942
242,55,1751.32,506.25,40.4,96.34,1,1,0.81824
243,37,1034.49,448.63,61.7,64.41,1,1,0.88871
243,38,1176.79,430.26,53.87,62.3,1,1,0.87021
243,39,917.68,504.81,46.07,84.88,1,1,0.87212
243,40,1097.27,573.64,69.38,73.01,1,1,0.86404
243,41,953.27,587.59,48.53,90.07,1,1,0.85524
243,42,1065.81,495.6,60.19,67.61,1,1,0.86719
243,43,1170.46,645.37,49.76,86.68,1,1,0.82994
243,44,1390.18,544.42,50.47,66.38,1,1,0.84386
243,45,1236.11,592.9,61.07,72.37,1,1,0.84446
243,46,868.73,657.6,43.95,104.42,1,1,0.85134
243,47,1155.38,528.74,58.61,61.85,1,1,0.85623
243,48,1295.67,693.09,59.76,85.41,1,1,0.85651
243,49,1352.13,472.21,47.02,83.6,1,1,0.83721
243,50,963.88,367.21,46.15,73.02,1,1,0.85945
243,51,1201.58,554.03,60.45,63.93,1,1,0.84743
243,52,670.34,411.44,49.34,94.58,1,1,0.83413
243,53,1197.6,703.97,62.97,100.32,1,1,0.82327
243,54,1159.35,492.84,54.77,45.26,1,1,0.83946
243,56,1336.27,430.71,44.1,81.81,1,1,0.83953
243,57,948.4,143.62,55.01,74.62,1,1,0.83575
243,58,890.87,154.79,38.74,72.49,1,1,0.82416
243,59,1147.43,457.91,54.49,50.47,1,1,0.8339
243,55,1753.66,504.96,39.01,95.91,1,1,0.81215
244,37,1034.49,448.29,61.44,64.22,1,1,0.88579
244,38,1176.54,429.8,53.83,62.09,1,1,0.86557
244,39,916.97,505.77,46.63,83.64,1,1,0.86999
244,40,1097.74,572.07,68.69,73.54,1,1,0.85265
244,41,953.32,586.05,48.0,91.19,1,1,0.8497
244,42,1065.63,494.88,60.07,67.78,1,1,0.86281
244,43,1171.02,644.73,48.42,86.63,1,1,0.8245
244,44,1389.88,544.18,50.49,65.81,1,1,0.83953
244,45,1236.02,592.66,60.94,72.12,1,1,0.83605
244,46,868.42,657.64,43.84,103.71,1,1,0.84842
244,47,1155.44,528.34,58.24,61.58,1,1,0.85308
244,48,1295.29,693.6,59.79,84.23,1,1,0.85165
244,49,1352.18,471.73,46.74,83.47,1,1,0.83374
244,50,966.18,367.28,44.94,72.94,1,1,0.85529
244,51,1201.14,553.59,60.38,64.08,1,1,0.84416
244,52,666.52,411.68,51.47,94.09,1,1,0.8143
244,53,1197.24,704.05,63.02,99.48,1,1,0.81789
244,54,1159.24,492.42,54.64,45.24,1,1,0.83398
244,56,1335.95,430.81,44.03,81.49,1,1,0.83473
244,57,948.14,144.04,54.62,73.13,1,1,0.82527
244,58,890.83,154.59,38.38,72.44,1,1,0.81583
244,59,1147.28,457.34,54.49,50.65,1,1,0.82992
245,37,1034.56,448.14,61.51,64.22,1,1,0.88773
245,38,1176.61,429.64,53.69,62.33,1,1,0.86801
245,39,916.91,507.01,46.69,82.45,1,1,0.86862
245,40,1098.72,570.91,67.37,74.47,1,1,0.85502
245,41,953.47,585.17,47.53,92.15,1,1,0.8505
245,42,1065.7,494.75,60.06,67.84,1,1,0.86395
245,43,1171.27,644.59,47.91,86.65,1,1,0.82756
245,44,1389.91,544.19,50.5,65.64,1,1,0.84071
245,45,1236.06,592.7,60.91,72.0,1,1,0.8382
245,46,868.23,658.04,44.02,103.22,1,1,0.85048
245,47,1155.8,528.25,57.98,61.55,1,1,0.85366
245,48,1294.88,694.25,60.18,83.51,1,1,0.85638
245,49,1352.19,471.49,46.65,83.63,1,1,0.83436
245,50,968.32,367.86,43.68,73.71,1,1,0.85232
245,51,1201.21,553.58,60.31,64.06,1,1,0.84478
245,52,664.17,412.27,52.55,93.6,1,1,0.81505
245,53,1196.68,704.51,63.25,98.77,1,1,0.81915
245,54,1159.18,492.39,54.59,45.34,1,1,0.83568
245,56,1335.7,430.82,44.04,81.6,1,1,0.83564
245,57,948.31,144.33,55.05,72.75,1,1,0.83012
245,58,890.79,154.67,38.28,72.28,1,1,0.81664
245,59,1147.3,457.25,54.5,50.99,1,1,0.8331
246,37,1034.25,448.22,61.51,64.22,1,1,0.8869
246,38,1176.56,429.87,53.56,62.28,1,1,0.86581
246,39,916.73,508.56,47.02,81.16,1,1,0.86586
246,40,1099.86,570.33,65.92,75.29,1,1,0.85401
246,41,953.47,584.21,46.93,93.24,1,1,0.84884
246,42,1065.69,494.83,60.03,67.89,1,1,0.86466
246,43,1171.17,644.55,47.86,86.53,1,1,0.82686
246,44,1389.9,544.31,50.36,65.52,1,1,0.83898
246,45,1236.07,592.96,60.87,71.73,1,1,0.83622
246,46,868.27,658.38,44.12,102.89,1,1,0.84942
246,47,1155.7,528.47,58.03,61.45,1,1,0.854
246,48,1294.36,694.33,60.55,83.59,1,1,0.85729
246,49,1351.84,471.55,46.75,83.49,1,1,0.83347
246,50,969.99,368.43,43.19,75.16,1,1,0.85219
246,51,1201.23,553.77,60.22,64.0,1,1,0.84434
246,52,659.4,412.78,55.71,93.64,1,1,0.80834
246,53,1196.62,705.2,62.95,97.95,1,1,0.8172
246,54,1158.98,492.81,54.74,45.26,1,1,0.83572
246,56,1335.38,431.12,44.05,81.16,1,1,0.83391
246,57,948.56,144.95,55.21,72.23,1,1,0.82683
246,58,890.89,154.82,37.92,72.04,1,1,0.80693
246,59,1147.16,457.36,54.57,51.11,1,1,0.83496
246,55,1758.72,503.38,38.22,93.37,1,1,0.74783
247,37,1034.13,447.65,62.24,64.08,1,1,0.88717
247,38,1176.49,429.38,53.67,62.24,1,1,0.86837
247,39,916.56,508.58,47.39,80.48,1,1,0.8667
247,40,1100.46,568.14,64.88,77.03,1,1,0.85736
247,41,953.38,582.17,46.71,94.44,1,1,0.85118
247,42,1065.84,494.26,59.79,67.97,1,1,0.8663
247,43,1170.35,643.7,48.1,86.87,1,1,0.82918
247,44,1389.7,543.84,50.39,65.59,1,1,0.83806
247,45,1235.97,592.31,60.92,71.63,1,1,0.83461
247,46,868.3,658.13,44.37,102.6,1,1,0.84962
247,47,1155.73,528.0,58.13,61.31,1,1,0.85307
247,48,1293.98,694.18,60.59,83.2,1,1,0.8561
247,49,1351.5,470.86,46.84,83.64,1,1,0.83557
247,50,971.12,368.52,43.21,75.88,1,1,0.85294
247,51,1201.28,553.17,60.23,63.84,1,1,0.8424
247,52,658.47,412.48,53.92,93.32,1,1,0.81142
247,53,1197.23,706.37,61.43,95.55,1,1,0.8174
247,54,1158.64,492.41,54.82,45.18,1,1,0.83659
247,56,1335.25,430.81,44.18,79.98,1,1,0.82923
247,57,949.27,144.8,54.99,71.87,1,1,0.82608
247,58,890.56,154.55,38.22,71.54,1,1,0.8112
247,59,1147.19,456.65,54.5,50.89,1,1,0.8356
247,55,1760.1,502.35,38.73,92.77,1,1,0.84061
248,37,1034.05,447.75,63.17,63.99,1,1,0.88448
248,38,1176.13,429.27,53.73,62.15,1,1,0.86642
248,39,916.35,509.07,47.64,80.12,1,1,0.86572
248,40,1100.09,567.0,64.41,78.04,1,1,0.85682
248,41,953.06,581.01,46.4,95.62,1,1,0.84892
248,42,1065.88,494.45,59.7,67.79,1,1,0.86499
248,43,1169.81,643.47,48.38,87.08,1,1,0.82974
248,44,1389.48,543.89,50.42,65.62,1,1,0.83752
248,45,1235.78,592.23,60.93,71.62,1,1,0.83463
248,46,868.09,658.3,44.38,102.43,1,1,0.84988
248,47,1155.69,528.04,58.15,61.28,1,1,0.85379
248,48,1293.62,694.17,60.54,83.07,1,1,0.85582
248,49,1351.06,470.71,46.95,83.93,1,1,0.83511
248,50,971.72,368.78,43.19,77.14,1,1,0.85329
248,51,1201.26,553.01,60.25,63.94,1,1,0.84332
248,52,660.5,412.49,48.22,93.08,1,1,0.82799
248,53,1197.0,706.76,61.16,94.84,1,1,0.81791
248,54,1158.29,492.51,54.95,45.12,1,1,0.8362
248,56,1334.86,430.86,44.13,79.74,1,1,0.82691
248,57,949.6,144.84,54.84,71.97,1,1,0.8263
248,58,889.9,154.6,38.7,71.34,1,1,0.81127
248,59,1146.98,456.53,54.46,50.76,1,1,0.83543
248,55,1760.99,502.28,39.33,91.56,1,1,0.82019
249,37,1034.0,447.66,64.01,63.94,1,1,0.88494
249,38,1175.94,428.88,53.87,62.25,1,1,0.86518
249,39,916.32,509.4,47.9,79.86,1,1,0.86406
249,40,1099.8,565.8,64.45,78.96,1,1,0.8576
249,41,952.72,579.77,46.43,95.78,1,1,0.84937
249,42,1065.94,494.49,59.54,67.55,1,1,0.86403
249,43,1169.51,643.1,48.49,87.1,1,1,0.82989
249,44,1389.41,543.72,50.36,65.73,1,1,0.83656
249,45,1235.63,591.97,60.96,71.57,1,1,0.83531
249,46,868.14,658.14,44.3,102.52,1,1,0.84965
249,47,1155.54,527.89,58.24,61.16,1,1,0.85507
249,48,1293.3,693.79,60.62,83.33,1,1,0.8568
249,49,1350.73,469.99,47.05,84.54,1,1,0.83709
249,50,972.79,369.03,43.03,77.43,1,1,0.85614
249,51,1201.31,552.58,60.29,64.24,1,1,0.84389
249,52,661.32,412.22,44.66,93.06,1,1,0.82914
249,53,1196.51,706.77,61.03,94.15,1,1,0.81908
249,54,1158.05,492.3,55.16,45.1,1,1,0.83603
249,56,1334.47,430.49,44.38,79.98,1,1,0.82756
249,57,949.6,144.72,55.18,72.3,1,1,0.82651
249,58,889.66,154.41,38.81,71.45,1,1,0.81207
249,59,1146.81,456.16,54.6,50.59,1,1,0.8337
250,37,1033.88,447.7,63.96,63.89,1,1,0.88326
250,38,1175.94,428.9,53.78,62.27,1,1,0.86428
250,39,916.11,509.91,48.15,79.69,1,1,0.86144
250,40,1098.79,564.54,65.12,80.09,1,1,0.85751
250,41,951.72,579.3,47.11,95.07,1,1,0.84621
250,42,1065.93,494.39,59.44,67.75,1,1,0.86408
250,43,1169.04,643.12,48.86,86.83,1,1,0.82942
250,44,1389.07,543.62,50.41,65.96,1,1,0.83409
250,45,1235.49,591.82,61.03,71.74,1,1,0.83279
250,46,868.08,658.16,44.38,102.66,1,1,0.8485
250,47,1155.59,527.86,58.25,61.28,1,1,0.85512
250,48,1293.22,694.01,60.35,82.94,1,1,0.85509
250,49,1350.5,469.98,46.98,84.54,1,1,0.83457
250,50,973.37,369.42,43.14,77.32,1,1,0.85576
250,51,1201.39,552.47,60.2,64.48,1,1,0.84287
250,52,659.75,412.24,43.81,93.48,1,1,0.8234
250,53,1195.82,707.08,61.21,93.69,1,1,0.8181
250,54,1157.88,492.17,55.26,45.17,1,1,0.83527
250,56,1334.2,430.18,44.52,79.71,1,1,0.82257
250,57,949.85,144.73,55.34,72.47,1,1,0.82585
250,58,889.49,154.5,38.81,71.38,1,1,0.80964
250,59,1146.56,456.09,54.68,50.45,1,1,0.83101
251,37,1033.62,447.55,64.05,64.08,1,1,0.8845
251,38,1175.7,428.82,53.63,62.33,1,1,0.86507
251,39,915.85,510.29,48.46,79.52,1,1,0.86332
251,40,1097.88,563.72,65.42,80.77,1,1,0.86118
251,41,950.11,578.95,47.96,93.55,1,1,0.85177
251,42,1065.67,494.4,59.58,67.82,1,1,0.8658
251,43,1168.41,643.15,49.09,86.81,1,1,0.83374
251,44,1388.65,543.3,50.5,66.31,1,1,0.83651
251,45,1235.04,591.59,61.07,72.13,1,1,0.83704
251,46,868.04,658.14,44.49,102.71,1,1,0.85059
251,47,1155.39,527.76,58.04,61.43,1,1,0.85617
251,48,1292.61,693.93,60.55,82.98,1,1,0.85547
251,49,1350.25,470.16,47.15,84.54,1,1,0.83701
251,50,973.51,369.78,43.26,77.2,1,1,0.8564
251,51,1201.0,552.32,60.04,64.73,1,1,0.84503
251,52,656.29,412.27,45.64,94.23,1,1,0.81668
251,53,1195.7,707.23,60.53,93.66,1,1,0.81942
251,54,1157.69,491.85,54.94,45.27,1,1,0.83556
251,56,1333.55,429.96,44.77,79.54,1,1,0.82773
251,57,949.76,144.74,55.43,72.6,1,1,0.82679
251,58,888.76,154.41,39.22,71.45,1,1,0.80989
251,59,1146.31,456.0,54.6,50.49,1,1,0.83238
252,37,1033.61,447.21,63.91,64.07,1,1,0.8858
252,38,1175.83,428.54,53.42,62.4,1,1,0.86641
252,39,915.81,510.21,48.73,79.45,1,1,0.86357
252,40,1097.27,562.65,66.26,81.16,1,1,0.86306
252,41,949.31,578.69,48.68,91.62,1,1,0.84729
252,42,1065.73,494.27,59.46,67.88,1,1,0.86559
252,43,1168.24,642.93,49.21,86.72,1,1,0.83369
252,44,1388.56,542.98,50.59,66.46,1,1,0.83666
252,45,1234.99,591.2,61.1,72.41,1,1,0.8369
252,46,868.39,657.66,44.63,103.02,1,1,0.84915
252,47,1155.64,527.55,57.84,61.45,1,1,0.85611
252,48,1292.53,693.77,60.48,83.01,1,1,0.85564
252,49,1350.31,470.17,47.15,84.37,1,1,0.83677
252,50,973.59,369.84,43.68,77.06,1,1,0.85731
252,51,1201.01,552.03,59.94,64.86,1,1,0.84588
252,52,653.42,412.23,46.95,94.93,1,1,0.82225
252,53,1195.57,707.1,60.55,93.7,1,1,0.82194
252,54,1157.75,491.54,54.79,45.33,1,1,0.83609
252,56,1333.45,429.51,44.79,79.89,1,1,0.82917
252,57,949.85,144.4,55.48,72.83,1,1,0.82781
252,58,888.43,154.09,39.53,71.53,1,1,0.8116
252,59,1146.29,455.69,54.51,50.43,1,1,0.83334
253,37,1033.68,446.83,63.32,64.25,1,1,0.887
253,38,1175.89,428.39,53.29,62.37,1,1,0.86744
253,39,915.71,510.12,48.98,79.27,1,1,0.86552
253,40,1096.87,561.86,66.53,80.88,1,1,0.86555
253,41,948.65,578.63,49.26,88.29,1,1,0.84954
253,42,1065.8,494.12,59.4,67.91,1,1,0.86628
253,43,1167.99,642.67,49.34,86.66,1,1,0.83691
253,44,1388.57,542.73,50.59,66.61,1,1,0.83743
253,45,1234.97,590.93,61.06,72.59,1,1,0.83893
253,46,868.77,657.24,44.71,103.25,1,1,0.84966
253,47,1155.81,527.37,57.7,61.5,1,1,0.85666
253,48,1292.53,693.73,60.41,82.89,1,1,0.85638
253,49,1350.34,470.02,47.13,84.4,1,1,0.8389
253,50,973.62,369.94,44.06,76.98,1,1,0.85868
253,51,1201.08,551.81,59.78,64.99,1,1,0.84642
253,52,652.25,412.38,46.56,94.77,1,1,0.82602
253,53,1195.6,707.26,60.37,93.33,1,1,0.82482
253,54,1157.77,491.28,54.65,45.34,1,1,0.83696
253,56,1333.33,429.13,44.89,80.37,1,1,0.83061
253,57,949.75,144.03,55.8,73.24,1,1,0.8308
253,58,888.12,153.76,39.78,71.61,1,1,0.81183
253,59,1146.26,455.44,54.4,50.15,1,1,0.83365
254,37,1033.69,446.52,62.94,64.33,1,1,0.88657
254,38,1175.92,428.23,53.26,62.31,1,1,0.8671
254,39,915.58,509.72,49.29,79.54,1,1,0.86602
254,40,1096.28,561.2,67.16,79.56,1,1,0.86578
254,41,948.08,578.5,49.53,86.89,1,1,0.85028
254,42,1065.85,493.74,59.28,68.05,1,1,0.86561
254,43,1168.04,642.37,49.42,86.55,1,1,0.83648
254,44,1388.49,542.58,50.58,66.31,1,1,0.83692
254,45,1234.96,590.55,61.0,72.84,1,1,0.83886
254,46,869.04,656.73,44.74,103.27,1,1,0.84922
254,47,1155.65,527.07,57.86,61.66,1,1,0.85796
254,48,1292.46,693.64,60.52,82.41,1,1,0.85578
254,49,1350.24,469.5,47.23,84.61,1,1,0.83898
254,50,973.74,369.89,44.69,77.08,1,1,0.86017
254,51,1201.06,551.56,59.73,65.06,1,1,0.84754
254,52,650.97,412.45,46.68,94.53,1,1,0.83469
254,53,1195.58,707.6,60.24,92.68,1,1,0.82473
254,54,1157.88,491.01,54.49,45.37,1,1,0.83833
254,56,1333.21,428.7,45.04,80.65,1,1,0.82935
254,57,950.06,143.84,55.57,73.4,1,1,0.82928
254,58,887.82,153.51,39.98,71.22,1,1,0.81233
254,59,1146.27,455.15,54.31,50.09,1,1,0.83297
255,37,1033.97,446.38,62.54,64.4,1,1,0.88655
255,38,1176.04,428.18,53.12,62.23,1,1,0.86787
255,39,915.38,509.4,49.65,79.74,1,1,0.86652
255,40,1096.02,560.76,67.51,78.1,1,1,0.86502
255,41,947.55,578.52,49.73,86.43,1,1,0.84974
255,42,1066.03,493.49,59.24,68.06,1,1,0.8655
255,43,1168.15,642.2,49.55,86.61,1,1,0.83727
255,44,1388.45,542.52,50.62,66.04,1,1,0.83771
255,45,1235.02,590.35,60.87,72.92,1,1,0.8391
255,46,869.25,656.33,44.73,103.53,1,1,0.84892
255,47,1155.68,526.9,57.88,61.72,1,1,0.8594
255,48,1292.49,693.66,60.69,81.93,1,1,0.85681
255,49,1350.21,468.95,47.31,84.91,1,1,0.84008
255,50,973.88,369.96,45.17,76.83,1,1,0.86087
255,51,1201.17,551.42,59.67,65.04,1,1,0.84775
255,52,649.49,412.66,47.16,94.27,1,1,0.84046
255,53,1195.31,708.07,60.5,92.29,1,1,0.82484
255,54,1157.93,490.86,54.36,45.37,1,1,0.83773
255,56,1333.02,428.41,45.33,80.58,1,1,0.8292
255,57,950.28,143.72,55.4,73.53,1,1,0.82879
255,58,887.62,153.48,40.11,70.8,1,1,0.81519
255,59,1146.31,454.94,54.23,50.11,1,1,0.83332
256,37,1034.09,446.3,62.29,64.48,1,1,0.88629
256,38,1175.9,427.99,53.25,62.4,1,1,0.8677
256,39,915.16,508.94,49.97,79.94,1,1,0.86755
256,40,1095.73,560.51,67.58,74.95,1,1,0.86577
256,41,947.16,578.63,49.72,86.41,1,1,0.84952
256,42,1066.15,493.27,59.18,68.19,1,1,0.86466
256,43,1168.05,642.21,49.82,86.48,1,1,0.83734
256,44,1388.24,542.51,50.76,65.89,1,1,0.83718
256,45,1234.91,590.22,60.86,72.92,1,1,0.83841
256,46,869.46,656.04,44.71,103.72,1,1,0.84773
256,47,1155.59,526.82,57.92,61.68,1,1,0.85907
256,48,1292.5,693.64,60.68,81.75,1,1,0.85753
256,49,1350.16,468.68,47.42,85.07,1,1,0.83973
256,50,973.87,370.16,45.81,76.53,1,1,0.86208
256,51,1200.98,551.39,59.76,65.01,1,1,0.8468
256,52,644.97,412.89,50.69,94.35,1,1,0.84897
256,53,1195.17,707.85,60.53,93.02,1,1,0.82541
256,54,1157.92,490.73,54.33,45.45,1,1,0.83692
256,56,1332.92,428.26,45.48,80.7,1,1,0.83045
256,57,950.26,143.66,55.44,73.57,1,1,0.82883
256,58,887.47,153.53,40.19,70.7,1,1,0.81775
256,59,1146.31,454.87,54.19,50.08,1,1,0.83314
257,37,1034.15,446.2,62.46,64.42,1,1,0.88694
257,38,1175.66,427.82,53.44,62.47,1,1,0.86945
257,39,914.94,508.49,50.16,79.99,1,1,0.86859
257,40,1095.69,560.07,67.42,71.31,1,1,0.8686
257,41,946.47,578.99,50.02,86.39,1,1,0.8526
257,42,1066.19,493.02,59.3,68.4,1,1,0.8652
257,43,1167.78,642.13,50.11,86.44,1,1,0.83843
257,44,1388.12,542.48,50.87,65.74,1,1,0.83831
257,45,1234.77,590.13,60.88,72.86,1,1,0.83928
257,46,869.62,655.7,44.55,103.93,1,1,0.84856
257,47,1155.5,526.78,57.91,61.49,1,1,0.85971
257,48,1292.45,693.64,60.68,81.56,1,1,0.85943
257,49,1350.17,468.43,47.46,85.24,1,1,0.84011
257,50,973.95,370.25,46.25,76.19,1,1,0.86459
257,51,1200.87,551.33,59.84,64.97,1,1,0.84679
257,52,643.35,412.95,51.17,94.21,1,1,0.84993
257,53,1195.43,707.07,60.11,94.35,1,1,0.82598
257,54,1157.88,490.61,54.31,45.54,1,1,0.83744
257,56,1332.65,428.06,45.69,81.21,1,1,0.83378
257,57,950.21,143.51,55.51,73.74,1,1,0.82778
257,58,887.45,153.45,40.25,70.61,1,1,0.81926
257,59,1146.35,454.78,54.15,49.87,1,1,0.83377
258,37,1033.75,446.62,62.23,64.39,1,1,0.88669
258,38,1175.21,428.01,53.41,62.49,1,1,0.86717
258,39,914.46,508.69,50.29,79.84,1,1,0.86954
258,40,1095.22,560.12,67.35,69.33,1,1,0.86911
258,41,945.06,580.07,50.58,86.14,1,1,0.84959
258,42,1065.82,493.27,59.68,68.36,1,1,0.86701
258,43,1167.6,642.38,50.26,86.61,1,1,0.83921
258,44,1387.49,542.75,50.96,65.83,1,1,0.83775
258,45,1234.35,590.56,61.03,72.7,1,1,0.83935
258,46,869.71,655.9,44.54,104.06,1,1,0.84847
258,47,1154.99,526.98,57.64,61.49,1,1,0.86076
258,48,1292.06,694.11,60.86,81.29,1,1,0.85816
258,49,1349.89,468.54,47.64,85.34,1,1,0.84005
258,50,973.85,371.19,46.86,75.47,1,1,0.86532
258,51,1200.38,551.7,59.81,64.81,1,1,0.84703
258,52,642.67,413.71,50.63,93.84,1,1,0.85053
258,53,1195.65,708.03,59.53,94.01,1,1,0.82261
258,54,1157.34,490.92,54.29,45.66,1,1,0.83556
258,56,1332.34,428.27,45.61,80.81,1,1,0.83368
258,57,949.95,143.78,55.28,73.86,1,1,0.82474
258,58,887.03,154.0,40.33,70.53,1,1,0.8168
258,59,1146.03,455.09,54.22,49.99,1,1,0.83268
259,37,1033.46,446.89,62.04,64.35,1,1,0.88715
259,38,1174.8,428.31,53.42,62.34,1,1,0.8669
259,39,914.11,508.86,50.35,79.7,1,1,0.86792
259,40,1095.08,560.36,67.02,68.78,1,1,0.86931
259,41,944.27,581.19,50.93,85.17,1,1,0.8486
259,42,1065.53,493.55,59.97,68.12,1,1,0.86726
259,43,1167.72,642.42,49.88,86.92,1,1,0.83909
259,44,1387.26,542.96,50.88,65.93,1,1,0.83929
259,45,1233.99,590.74,61.02,72.66,1,1,0.83882
259,46,869.79,656.07,44.59,104.04,1,1,0.84838
259,47,1154.77,527.13,57.53,61.52,1,1,0.86049
259,48,1292.06,694.41,60.79,81.02,1,1,0.85862
259,49,1349.81,468.58,47.72,85.59,1,1,0.84065
259,50,973.79,371.71,47.01,75.05,1,1,0.86454
259,51,1200.17,551.82,59.64,64.79,1,1,0.8466
259,52,641.99,414.19,50.09,93.62,1,1,0.84912
259,53,1196.13,708.93,58.95,93.24,1,1,0.81811
259,54,1156.97,491.22,54.09,45.65,1,1,0.83352
259,56,1331.92,428.4,45.55,80.44,1,1,0.83265
259,57,949.64,143.95,54.64,73.64,1,1,0.82223
259,58,886.71,154.34,40.19,70.55,1,1,0.8199
259,59,1145.68,455.22,54.44,50.05,1,1,0.83428
260,37,1032.66,447.01,62.17,64.22,1,1,0.88696
260,38,1173.87,428.13,53.66,62.5,1,1,0.86632
260,39,913.57,508.74,50.37,79.66,1,1,0.86877
260,40,1094.18,560.49,67.33,68.63,1,1,0.86882
260,41,943.27,582.0,51.27,84.56,1,1,0.84637
260,42,1064.84,493.61,60.09,67.95,1,1,0.86598
260,43,1167.51,642.19,49.54,87.26,1,1,0.83885
260,44,1386.82,543.25,50.7,65.56,1,1,0.84042
260,45,1233.16,590.53,61.12,72.91,1,1,0.83933
260,46,869.58,656.0,44.72,104.06,1,1,0.84832
260,47,1154.15,527.15,57.55,61.38,1,1,0.85975
260,48,1291.37,694.76,60.85,80.66,1,1,0.85983
260,49,1349.72,468.49,47.68,85.7,1,1,0.84273
260,50,973.61,371.94,47.05,74.91,1,1,0.86611
260,51,1199.38,551.82,59.63,64.7,1,1,0.84671
260,52,641.51,414.43,48.93,93.68,1,1,0.84878
260,53,1196.26,709.51,57.46,92.5,1,1,0.81822
260,54,1156.14,491.64,54.16,45.4,1,1,0.83251
260,56,1330.95,428.35,45.87,80.52,1,1,0.83976
260,57,948.89,143.87,54.56,73.56,1,1,0.82651
260,58,886.22,154.48,39.88,70.71,1,1,0.82309
260,59,1144.92,455.18,54.48,50.1,1,1,0.83969
261,37,1031.19,446.97,62.58,64.11,1,1,0.88685
261,38,1172.19,428.26,53.78,62.39,1,1,0.86575
261,39,912.15,508.75,50.45,79.47,1,1,0.8696
261,40,1092.73,560.99,67.43,68.44,1,1,0.86832
261,41,941.8,582.75,51.64,84.4,1,1,0.84707
261,42,1063.2,493.6,60.19,67.97,1,1,0.8665
261,43,1165.76,641.76,50.28,87.45,1,1,0.83828
261,44,1385.5,543.04,50.21,65.8,1,1,0.83897
261,45,1231.75,590.41,61.03,73.0,1,1,0.84435
261,46,868.67,655.68,44.83,104.46,1,1,0.85101
261,47,1152.45,527.34,58.02,61.31,1,1,0.86171
261,48,1289.9,694.26,60.48,81.34,1,1,0.85656
261,49,1348.55,468.5,47.61,86.05,1,1,0.84493
261,50,972.73,372.36,46.67,74.46,1,1,0.8651
261,51,1197.87,551.75,59.69,65.16,1,1,0.84897
261,52,639.43,414.66,48.45,93.66,1,1,0.84915
261,53,1195.84,708.99,57.03,93.64,1,1,0.82137
261,54,1154.52,491.54,54.54,45.45,1,1,0.8392
261,56,1329.34,428.62,46.09,80.99,1,1,0.84492
261,57,947.47,144.22,54.88,73.54,1,1,0.82358
261,58,884.76,154.35,40.18,70.71,1,1,0.81749
261,59,1143.5,455.3,54.69,50.13,1,1,0.83577
262,37,1029.94,446.96,62.59,63.56,1,1,0.88687
262,38,1170.94,427.75,53.61,62.7,1,1,0.87014
262,39,910.8,508.53,50.11,79.25,1,1,0.87347
262,40,1091.87,560.66,67.42,68.5,1,1,0.86967
262,41,939.91,583.33,52.34,83.44,1,1,0.84702
262,42,1061.8,493.35,60.65,68.08,1,1,0.86637
262,43,1164.47,641.19,50.52,87.58,1,1,0.8379
262,44,1384.61,542.88,50.12,65.66,1,1,0.84004
262,45,1230.35,590.03,60.93,73.01,1,1,0.84373
262,46,867.7,655.37,45.09,104.43,1,1,0.85296
262,47,1150.99,527.01,58.53,61.49,1,1,0.86451
262,48,1288.99,693.67,59.89,81.49,1,1,0.85775
262,49,1347.5,468.52,47.51,85.97,1,1,0.84371
262,50,971.77,372.22,46.78,74.35,1,1,0.86754
262,51,1196.74,551.53,59.49,65.24,1,1,0.84974
262,52,637.74,414.71,47.4,93.34,1,1,0.85479
262,53,1196.25,708.01,56.09,94.47,1,1,0.82026
262,54,1153.24,491.07,54.43,45.57,1,1,0.83787
262,56,1328.06,428.33,46.11,81.03,1,1,0.84609
262,57,946.01,144.06,54.97,73.48,1,1,0.83448
262,58,883.07,154.27,40.71,70.67,1,1,0.8251
262,59,1142.17,455.08,54.45,49.72,1,1,0.83713
263,37,1028.64,447.06,62.76,63.22,1,1,0.88552
263,38,1169.79,427.73,53.57,62.64,1,1,0.8716
263,39,909.8,508.44,49.76,79.15,1,1,0.87738
263,40,1091.29,560.49,67.3,68.75,1,1,0.86689
263,41,938.81,584.47,52.49,82.23,1,1,0.84421
263,42,1060.81,493.23,60.87,68.16,1,1,0.86568
263,43,1163.34,640.74,50.14,88.44,1,1,0.84279
263,44,1383.62,542.7,49.71,65.52,1,1,0.84121
263,45,1229.22,589.67,61.01,73.26,1,1,0.84511
263,46,867.2,655.04,45.13,104.57,1,1,0.85244
263,47,1150.31,526.94,58.46,61.54,1,1,0.86405
263,48,1288.02,693.7,59.82,81.16,1,1,0.8586
263,49,1346.31,468.71,47.5,85.65,1,1,0.84626
263,50,970.96,372.07,46.77,74.46,1,1,0.86583
263,51,1195.75,551.2,59.46,65.55,1,1,0.84967
263,52,636.39,414.6,46.57,93.66,1,1,0.85276
263,53,1194.57,708.23,56.8,94.45,1,1,0.82086
263,54,1151.98,491.07,54.5,45.28,1,1,0.83821
263,56,1326.54,428.26,46.32,80.41,1,1,0.84362
263,57,944.38,143.69,55.32,73.22,1,1,0.83233
263,58,881.71,154.42,41.12,70.49,1,1,0.81871
263,59,1141.21,454.96,54.25,48.69,1,1,0.83972
264,37,1028.32,446.89,62.11,63.42,1,1,0.88541
264,38,1169.17,427.77,53.71,62.6,1,1,0.87321
264,39,909.14,508.37,49.52,79.47,1,1,0.87803
264,40,1091.09,560.9,67.21,68.39,1,1,0.86748
264,41,938.46,585.14,52.49,81.97,1,1,0.84417
264,42,1060.68,493.16,60.83,68.24,1,1,0.86711
264,43,1163.04,640.51,49.82,88.97,1,1,0.84417
264,44,1383.29,542.87,49.43,65.27,1,1,0.84283
264,45,1228.82,589.48,61.09,73.37,1,1,0.84799
264,46,867.03,654.71,45.19,104.85,1,1,0.85345
264,47,1150.01,526.96,58.49,61.53,1,1,0.86435
264,48,1287.7,693.61,59.67,81.09,1,1,0.8596
264,49,1345.79,468.53,47.44,85.69,1,1,0.84618
264,50,970.64,372.01,46.92,74.58,1,1,0.86746
264,51,1195.3,551.02,59.27,65.8,1,1,0.85019
264,52,635.43,414.67,45.87,93.8,1,1,0.85217
264,53,1192.83,708.88,58.24,93.87,1,1,0.82076
264,54,1151.59,490.93,54.39,45.25,1,1,0.83685
264,56,1325.83,428.29,46.59,79.25,1,1,0.84495
264,57,943.79,143.58,55.03,73.21,1,1,0.83419
264,58,880.76,154.52,41.44,70.34,1,1,0.81592
264,59,1140.64,454.9,54.41,48.37,1,1,0.83828
265,37,1028.26,446.79,61.66,63.33,1,1,0.88692
265,38,1168.93,427.6,53.75,62.62,1,1,0.87543
265,39,908.9,508.15,49.56,79.61,1,1,0.87885
265,40,1091.18,560.97,67.13,68.43,1,1,0.86925
265,41,938.45,585.22,52.34,81.85,1,1,0.84616
265,42,1060.6,493.05,60.77,68.12,1,1,0.86782
265,43,1163.1,640.19,49.59,89.19,1,1,0.84601
265,44,1383.25,542.8,49.28,65.27,1,1,0.84454
265,45,1228.75,589.38,61.06,73.28,1,1,0.84958
265,46,867.29,654.34,45.28,104.96,1,1,0.85337
265,47,1150.04,526.85,58.46,61.5,1,1,0.86417
265,48,1287.66,693.32,59.49,81.23,1,1,0.86021
265,49,1345.93,468.29,47.23,85.72,1,1,0.84695
265,50,970.71,371.79,46.85,74.65,1,1,0.86889
265,51,1195.24,550.75,59.17,65.94,1,1,0.85068
265,52,634.48,414.4,45.67,94.04,1,1,0.85417
265,53,1192.19,708.85,58.77,93.85,1,1,0.82428
265,54,1151.6,490.84,54.38,45.15,1,1,0.83682
265,56,1325.41,428.19,46.73,78.56,1,1,0.84139
265,57,943.08,143.2,55.38,73.55,1,1,0.83563
265,58,880.35,154.4,41.35,70.42,1,1,0.81861
265,59,1140.57,454.75,54.28,48.37,1,1,0.83968
266,37,1028.25,446.67,61.26,63.48,1,1,0.88605
266,38,1168.91,427.52,53.68,62.56,1,1,0.87525
266,39,908.91,507.99,49.54,79.7,1,1,0.87747
266,40,1091.25,560.95,67.14,68.63,1,1,0.86858
266,41,938.84,585.09,52.0,81.86,1,1,0.84389
266,42,1060.53,492.83,60.94,68.25,1,1,0.8683
266,43,1163.17,639.96,49.52,89.09,1,1,0.84471
266,44,1383.28,542.69,49.28,65.31,1,1,0.84429
266,45,1228.72,589.26,61.13,73.26,1,1,0.84935
266,46,867.63,653.77,45.54,105.39,1,1,0.85338
266,47,1150.03,526.72,58.42,61.49,1,1,0.86349
266,48,1287.63,693.19,59.43,81.23,1,1,0.85876
266,49,1346.09,468.27,47.03,85.69,1,1,0.8453
266,50,971.08,371.67,46.8,74.64,1,1,0.86869
266,51,1195.18,550.56,59.27,65.95,1,1,0.85102
266,52,633.56,414.08,45.12,93.92,1,1,0.85372
266,53,1191.44,708.9,59.41,93.67,1,1,0.82425
266,54,1151.68,490.64,54.31,45.17,1,1,0.83607
266,56,1325.42,428.09,46.67,78.69,1,1,0.84136
266,57,942.97,143.04,55.54,73.37,1,1,0.83497
266,58,880.35,154.27,41.29,70.36,1,1,0.81458
266,59,1140.59,454.62,54.25,48.26,1,1,0.8384
267,37,1028.2,446.66,60.98,63.82,1,1,0.88793
267,38,1168.97,427.57,53.54,62.52,1,1,0.87582
267,39,908.96,508.04,49.53,79.73,1,1,0.87799
267,40,1091.25,561.05,67.23,68.9,1,1,0.86974
267,41,939.3,585.08,51.71,81.84,1,1,0.84556
267,42,1060.43,492.71,61.0,68.42,1,1,0.86948
267,43,1163.13,639.93,49.6,89.04,1,1,0.84623
267,44,1383.26,542.78,49.32,65.29,1,1,0.84499
267,45,1228.63,589.27,61.23,73.28,1,1,0.85213
267,46,867.82,653.62,45.74,105.55,1,1,0.85382
267,47,1149.92,526.72,58.4,61.52,1,1,0.86469
267,48,1287.59,693.25,59.48,81.34,1,1,0.86023
267,49,1346.09,468.6,46.98,85.5,1,1,0.84528
267,50,971.38,371.79,46.68,74.59,1,1,0.86843
267,51,1195.08,550.55,59.39,65.96,1,1,0.85287
267,52,633.02,413.78,43.73,94.27,1,1,0.85392
267,53,1191.11,709.09,59.63,93.5,1,1,0.82639
267,54,1151.7,490.64,54.31,45.15,1,1,0.83767
267,56,1325.65,428.11,46.4,80.55,1,1,0.84572
267,57,943.06,143.07,55.5,73.11,1,1,0.83584
267,58,880.34,154.32,41.33,70.28,1,1,0.81501
267,59,1140.5,454.68,54.3,48.28,1,1,0.83873
268,37,1028.3,446.71,60.57,63.88,1,1,0.88849
268,38,1169.13,427.64,53.45,62.49,1,1,0.87554
268,39,909.19,508.09,49.41,79.82,1,1,0.87816
268,40,1091.29,561.3,67.47,69.0,1,1,0.86818
268,41,940.15,584.79,51.13,82.13,1,1,0.84531
268,42,1060.55,492.59,60.87,68.62,1,1,0.86874
268,43,1163.31,639.97,49.68,88.99,1,1,0.84499
268,44,1383.25,542.78,49.51,65.31,1,1,0.84564
268,45,1228.79,589.24,61.17,73.49,1,1,0.85019
268,46,868.18,653.52,46.08,105.53,1,1,0.85213
268,47,1149.91,526.77,58.51,61.52,1,1,0.865
268,48,1287.53,693.33,59.67,81.42,1,1,0.86088
268,49,1346.19,468.87,46.95,85.27,1,1,0.84479
268,50,971.7,372.02,46.7,74.41,1,1,0.86872
268,51,1195.17,550.7,59.45,65.87,1,1,0.85241
268,52,632.41,413.61,42.62,94.57,1,1,0.85255
268,53,1190.34,709.2,60.35,93.39,1,1,0.82897
268,54,1151.8,490.78,54.35,45.08,1,1,0.83811
268,56,1325.8,428.18,46.28,81.96,1,1,0.84486
268,57,943.09,143.02,55.57,73.23,1,1,0.83597
268,58,880.6,154.34,41.24,70.37,1,1,0.81377
268,59,1140.5,454.76,54.27,48.5,1,1,0.83949
269,37,1028.52,446.71,60.42,63.95,1,1,0.88894
269,38,1169.33,427.64,53.25,62.55,1,1,0.87579
269,39,909.3,508.12,49.35,79.9,1,1,0.87743
269,40,1091.43,561.4,67.61,69.0,1,1,0.86874
269,41,940.65,584.5,50.72,82.4,1,1,0.84539
269,42,1060.71,492.57,60.96,68.68,1,1,0.86842
269,43,1163.29,640.01,50.0,88.96,1,1,0.84404
269,44,1383.17,542.8,49.77,65.4,1,1,0.84554
269,45,1228.95,589.21,61.08,73.77,1,1,0.84955
269,46,868.63,653.2,46.27,105.71,1,1,0.85287
269,47,1150.1,526.81,58.48,61.52,1,1,0.86462
269,48,1287.53,693.4,59.89,81.48,1,1,0.86095
269,49,1346.39,469.04,46.78,85.13,1,1,0.84475
269,50,971.84,372.11,46.91,74.33,1,1,0.86948
269,51,1195.24,550.88,59.51,65.8,1,1,0.85193
269,52,631.94,413.19,41.79,95.16,1,1,0.85239
269,53,1189.27,709.3,61.33,93.34,1,1,0.8321
269,54,1151.86,490.91,54.4,45.04,1,1,0.83756
269,56,1325.91,428.34,46.11,82.64,1,1,0.84861
269,57,943.04,142.98,55.57,73.26,1,1,0.83525
269,58,880.87,154.4,41.07,70.37,1,1,0.81353
269,59,1140.53,454.86,54.27,48.74,1,1,0.83998
270,37,1028.69,446.65,60.55,64.07,1,1,0.88937
270,38,1169.51,427.52,53.2,62.6,1,1,0.87559
270,39,909.44,508.09,49.18,80.02,1,1,0.87704
270,40,1091.44,561.77,67.92,68.67,1,1,0.86806
270,41,940.7,584.27,50.65,82.58,1,1,0.84609
270,42,1060.82,492.58,61.0,68.82,1,1,0.86803
270,43,1163.76,640.08,49.93,88.75,1,1,0.84139
270,44,1383.37,542.9,49.76,65.27,1,1,0.84449
270,45,1229.0,589.22,61.07,73.76,1,1,0.84946
270,46,869.32,652.97,46.6,105.77,1,1,0.85284
270,47,1150.25,526.83,58.62,61.51,1,1,0.86427
270,48,1287.74,693.51,59.61,81.47,1,1,0.86062
270,49,1346.13,468.94,46.95,85.25,1,1,0.84402
270,50,972.21,372.05,46.9,74.34,1,1,0.86885
270,51,1195.45,550.91,59.42,65.82,1,1,0.85233
270,52,631.52,412.8,41.37,95.81,1,1,0.85412
270,53,1189.23,709.35,61.27,93.36,1,1,0.8327
270,54,1151.88,491.08,54.56,44.91,1,1,0.83745
270,56,1326.16,428.41,46.42,83.1,1,1,0.84473
270,57,943.37,143.06,55.27,73.13,1,1,0.83243
270,58,880.92,154.42,41.55,70.37,1,1,0.81741
270,59,1140.6,454.92,54.38,48.85,1,1,0.84097
271,37,1028.94,446.54,60.62,64.38,1,1,0.88992
271,38,1169.67,427.64,53.14,62.55,1,1,0.87629
271,39,909.59,508.18,49.09,80.05,1,1,0.87643
271,40,1091.63,561.99,67.89,68.47,1,1,0.86701
271,41,940.75,584.16,50.6,82.64,1,1,0.8445
271,42,1061.07,492.6,60.95,69.01,1,1,0.8674
271,43,1164.14,640.28,49.88,88.52,1,1,0.83992
271,44,1383.5,543.02,49.87,65.36,1,1,0.8447
271,45,1229.12,589.39,61.03,73.57,1,1,0.8488
271,46,869.93,652.85,46.58,105.77,1,1,0.85284
271,47,1150.28,526.89,58.75,61.52,1,1,0.86426
271,48,1287.99,693.63,59.38,81.48,1,1,0.86032
271,49,1346.24,469.02,46.85,85.3,1,1,0.84237
271,50,972.45,372.11,46.78,74.35,1,1,0.86828
271,51,1195.55,551.06,59.45,65.76,1,1,0.8524
271,52,631.09,412.7,40.98,96.23,1,1,0.85309
271,53,1188.93,709.68,61.49,93.09,1,1,0.83157
271,54,1151.95,491.35,54.68,44.73,1,1,0.8371
271,56,1326.27,428.55,46.51,83.56,1,1,0.84504
271,57,943.64,143.21,55.28,72.95,1,1,0.83272
271,58,881.08,154.55,41.61,70.31,1,1,0.81816
271,59,1140.81,455.02,54.37,49.06,1,1,0.84148
272,37,1028.89,446.48,60.84,64.45,1,1,0.88986
272,38,1169.68,427.65,53.13,62.55,1,1,0.87539
272,39,909.64,508.14,49.0,80.18,1,1,0.87529
272,40,1091.8,562.16,68.02,68.28,1,1,0.867
272,41,940.67,584.02,50.65,82.81,1,1,0.84446
272,42,1061.07,492.53,61.02,69.14,1,1,0.86685
272,43,1164.31,640.3,49.79,88.49,1,1,0.83879
272,44,1383.5,543.06,49.93,65.4,1,1,0.8443
272,45,1229.16,589.42,60.97,73.51,1,1,0.84853
272,46,870.58,652.49,46.69,105.34,1,1,0.85083
272,47,1150.31,526.89,58.7,61.49,1,1,0.86383
272,48,1288.01,693.66,59.22,81.45,1,1,0.85977
272,49,1345.97,469.07,47.05,85.29,1,1,0.84339
272,50,972.45,372.16,46.86,74.3,1,1,0.86772
272,51,1195.57,551.12,59.44,65.73,1,1,0.85232
272,52,630.1,412.37,41.38,96.77,1,1,0.85666
272,53,1188.51,709.65,61.7,93.04,1,1,0.83256
272,54,1151.98,491.41,54.67,44.67,1,1,0.83702
272,56,1326.26,428.61,46.73,83.04,1,1,0.84339
272,57,943.76,143.27,55.19,72.82,1,1,0.83258
272,58,881.07,154.59,41.61,70.28,1,1,0.81899
272,59,1140.85,455.04,54.36,49.15,1,1,0.84094
273,37,1028.86,446.48,61.02,64.4,1,1,0.88963
273,38,1169.67,427.7,53.14,62.55,1,1,0.87572
273,39,909.62,508.22,48.94,80.25,1,1,0.8747
273,40,1091.72,562.2,68.2,68.21,1,1,0.86628
273,41,940.41,583.97,50.83,82.86,1,1,0.84307
273,42,1061.05,492.53,61.05,69.19,1,1,0.86585
273,43,1164.37,640.3,49.75,88.63,1,1,0.83776
273,44,1383.5,543.1,49.94,65.39,1,1,0.84396
273,45,1229.07,589.46,61.05,73.47,1,1,0.8477
273,46,871.37,652.16,46.82,104.78,1,1,0.84976
273,47,1150.24,526.91,58.75,61.5,1,1,0.86333
273,48,1288.07,693.66,59.06,81.41,1,1,0.85853
273,49,1345.64,468.97,47.28,85.37,1,1,0.84233
273,50,972.45,372.31,46.86,74.13,1,1,0.8668
273,51,1195.58,551.16,59.43,65.75,1,1,0.85147
273,52,629.3,412.18,41.31,97.59,1,1,0.8568
273,53,1188.77,709.49,61.31,93.13,1,1,0.83012
273,54,1151.97,491.45,54.67,44.66,1,1,0.83551
273,56,1326.1,428.67,47.04,80.29,1,1,0.83225
273,57,943.77,143.28,55.15,72.77,1,1,0.8328
273,58,881.1,154.59,41.59,70.29,1,1,0.81897
273,59,1140.82,455.07,54.36,49.14,1,1,0.84057
274,37,1028.77,446.45,61.3,64.43,1,1,0.89008
274,38,1169.73,427.73,53.09,62.59,1,1,0.87584
274,39,909.64,508.22,48.94,80.31,1,1,0.87388
274,40,1091.71,562.29,68.17,68.1,1,1,0.86556
274,41,940.28,584.07,50.92,82.86,1,1,0.84242
274,42,1060.96,492.58,61.14,69.16,1,1,0.86517
274,43,1164.31,640.35,49.83,88.67,1,1,0.83735
274,44,1383.54,543.13,49.91,65.31,1,1,0.84327
274,45,1229.07,589.46,61.04,73.53,1,1,0.84752
274,46,872.27,652.15,46.93,103.73,1,1,0.84852
274,47,1150.24,526.96,58.75,61.49,1,1,0.86305
274,48,1288.15,693.77,58.86,81.24,1,1,0.85781
274,49,1345.63,469.03,47.38,85.35,1,1,0.83954
274,50,972.44,372.48,46.98,74.0,1,1,0.86689
274,51,1195.62,551.25,59.41,65.66,1,1,0.85053
274,52,628.24,412.49,41.61,98.07,1,1,0.85693
274,53,1188.33,709.49,61.51,93.01,1,1,0.83159
274,54,1152.01,491.52,54.66,44.63,1,1,0.8349
274,56,1326.01,428.83,47.26,78.7,1,1,0.83687
274,57,943.86,143.36,55.18,72.72,1,1,0.83158
274,58,881.23,154.61,41.49,70.17,1,1,0.81685
274,59,1140.83,455.09,54.26,49.04,1,1,0.84021
275,37,1028.68,446.5,61.33,64.4,1,1,0.88928
275,38,1169.76,427.8,53.06,62.54,1,1,0.87461
275,39,909.55,508.33,48.93,80.26,1,1,0.87254
275,40,1091.81,562.32,67.97,68.11,1,1,0.86502
275,41,940.15,584.2,51.04,82.8,1,1,0.84215
275,42,1060.98,492.6,61.14,69.17,1,1,0.8649
275,43,1164.18,640.44,49.9,88.57,1,1,0.83631
275,44,1383.55,543.14,49.85,65.32,1,1,0.8417
275,45,1229.05,589.49,61.0,73.55,1,1,0.84613
275,46,873.26,652.16,47.05,102.88,1,1,0.84862
275,47,1150.24,527.0,58.73,61.49,1,1,0.86249
275,48,1288.21,693.9,58.72,81.08,1,1,0.85697
275,49,1345.71,469.32,47.24,85.09,1,1,0.83993
275,50,972.4,372.7,47.11,73.76,1,1,0.86613
275,51,1195.6,551.36,59.42,65.61,1,1,0.84946
275,52,627.36,413.09,41.6,98.15,1,1,0.85559
275,53,1187.8,709.42,61.89,92.9,1,1,0.8325
275,54,1152.03,491.58,54.63,44.63,1,1,0.83344
275,56,1326.09,429.04,47.15,78.12,1,1,0.83293
275,57,944.03,143.53,55.05,72.62,1,1,0.82924
275,58,881.3,154.66,41.43,69.99,1,1,0.81434
275,59,1140.86,455.13,54.2,49.03,1,1,0.83948
276,37,1028.65,446.71,61.26,64.33,1,1,0.88853
276,38,1169.69,427.96,53.06,62.57,1,1,0.87452
276,39,909.55,508.61,48.83,80.29,1,1,0.87162
276,40,1091.98,562.41,67.72,68.2,1,1,0.86516
276,41,939.92,584.5,51.26,82.9,1,1,0.84345
276,42,1060.98,492.79,61.2,69.15,1,1,0.86446
276,43,1164.11,640.54,49.93,88.65,1,1,0.83715
276,44,1383.5,543.28,49.73,65.24,1,1,0.8423
276,45,1228.91,589.8,61.23,73.43,1,1,0.8465
276,46,873.92,652.46,47.31,101.93,1,1,0.84964
276,47,1150.16,527.25,58.73,61.46,1,1,0.86274
276,48,1288.08,693.92,58.72,81.28,1,1,0.85701
276,49,1345.59,469.64,47.31,84.94,1,1,0.84009
276,50,972.43,372.95,47.12,73.67,1,1,0.86534
276,51,1195.5,551.59,59.51,65.57,1,1,0.84988
276,52,626.78,413.67,41.7,98.16,1,1,0.85411
276,53,1187.19,709.18,62.39,93.33,1,1,0.83164
276,54,1152.03,491.76,54.62,44.57,1,1,0.83409
276,56,1326.17,429.28,47.13,77.56,1,1,0.83271
276,57,943.96,143.71,55.27,72.82,1,1,0.83131
276,58,881.21,154.85,41.29,69.94,1,1,0.81625
276,59,1140.91,455.27,54.18,49.04,1,1,0.84005
277,37,1028.62,446.89,61.27,64.19,1,1,0.88942
277,38,1169.64,428.0,53.04,62.67,1,1,0.87481
277,39,909.32,508.76,48.68,80.37,1,1,0.8729
277,40,1092.11,562.34,67.36,68.29,1,1,0.86667
277,41,939.48,584.57,51.59,83.15,1,1,0.84586
277,42,1061.03,492.89,60.95,69.11,1,1,0.86503
277,43,1164.05,640.7,49.89,88.59,1,1,0.83702
277,44,1383.51,543.46,49.48,64.96,1,1,0.84219
277,45,1228.81,590.11,61.2,73.2,1,1,0.84685
277,46,874.39,652.66,47.82,101.24,1,1,0.85122
277,47,1150.0,527.41,58.77,61.46,1,1,0.86354
277,48,1287.99,693.95,58.68,81.38,1,1,0.85771
277,49,1345.53,470.0,47.28,84.55,1,1,0.84186
277,50,972.25,373.11,47.15,73.6,1,1,0.86689
277,51,1195.36,551.75,59.54,65.51,1,1,0.85012
277,52,626.12,413.87,41.87,98.33,1,1,0.85546
277,53,1186.56,708.87,62.82,93.68,1,1,0.83092
277,54,1151.96,491.85,54.56,44.5,1,1,0.83542
277,56,1326.18,429.46,47.1,77.32,1,1,0.83173
277,57,943.76,143.69,55.51,73.19,1,1,0.83311
277,58,880.97,154.96,41.25,69.9,1,1,0.81742
277,59,1140.91,455.31,54.24,49.01,1,1,0.84118
278,37,1028.41,446.77,61.13,64.11,1,1,0.89112
278,38,1169.54,427.99,53.03,62.52,1,1,0.87488
278,39,909.3,508.92,48.44,80.0,1,1,0.8741
278,40,1092.28,562.15,67.11,68.47,1,1,0.86787
278,41,939.19,584.69,52.0,83.1,1,1,0.84953
278,42,1061.51,492.66,60.58,69.19,1,1,0.86893
278,43,1163.99,640.43,49.85,88.95,1,1,0.84181
278,44,1383.43,543.16,49.46,65.0,1,1,0.84609
278,45,1228.74,590.05,61.14,73.21,1,1,0.85064
278,46,875.14,652.53,48.29,100.48,1,1,0.85584
278,47,1149.91,527.53,58.8,61.24,1,1,0.86385
278,48,1287.75,694.0,59.25,81.38,1,1,0.86003
278,49,1345.37,469.97,47.19,84.65,1,1,0.84542
278,50,972.02,373.27,47.03,73.26,1,1,0.87113
278,51,1195.32,551.84,59.44,65.57,1,1,0.85299
278,52,625.71,413.44,41.94,98.76,1,1,0.85713
278,53,1185.83,708.85,63.53,93.6,1,1,0.83361
278,54,1151.81,492.12,54.62,44.33,1,1,0.83617
278,56,1326.04,429.55,47.17,76.79,1,1,0.83258
278,57,943.13,143.46,55.91,73.25,1,1,0.83678
278,58,880.83,154.77,41.23,70.0,1,1,0.8186
278,59,1140.57,455.29,54.5,49.2,1,1,0.84116
279,37,1028.17,446.66,61.16,64.07,1,1,0.89111
279,38,1169.25,427.9,53.23,62.54,1,1,0.87437
279,39,908.94,508.9,48.61,79.67,1,1,0.87212
279,40,1092.2,561.88,67.03,68.53,1,1,0.86763
279,41,938.95,584.48,52.08,83.12,1,1,0.84837
279,42,1061.46,492.56,60.6,69.16,1,1,0.8692
279,43,1164.15,640.13,49.89,89.16,1,1,0.83981
279,44,1383.15,542.77,49.4,64.96,1,1,0.84537
279,45,1228.47,589.77,61.25,73.15,1,1,0.8489
279,46,875.88,652.6,48.83,99.5,1,1,0.85548
279,47,1149.41,527.36,59.04,61.18,1,1,0.86456
279,48,1287.38,693.77,59.78,81.42,1,1,0.85926
279,49,1345.22,469.81,47.2,84.61,1,1,0.84622
279,50,971.91,373.23,46.98,73.04,1,1,0.87022
279,51,1195.26,551.63,59.45,65.62,1,1,0.85202
279,52,625.18,412.81,41.92,99.26,1,1,0.85584
279,53,1185.32,708.83,64.32,93.29,1,1,0.83538
279,54,1151.59,491.77,54.44,44.34,1,1,0.83599
279,56,1325.9,429.44,47.0,76.8,1,1,0.83045
279,57,942.76,143.21,56.17,73.44,1,1,0.83575
279,58,880.61,154.48,41.25,70.28,1,1,0.81776
279,59,1140.39,455.06,54.6,48.74,1,1,0.83962
280,37,1028.0,447.04,61.06,63.78,1,1,0.89025
280,38,1168.89,428.03,53.47,62.53,1,1,0.87492
280,39,908.52,509.12,48.73,79.7,1,1,0.87369
280,40,1091.92,562.5,66.97,68.05,1,1,0.86798
280,41,938.8,584.44,52.05,83.45,1,1,0.84998
280,42,1061.33,492.91,60.67,68.88,1,1,0.86967
280,43,1164.33,640.23,49.49,89.43,1,1,0.84061
280,44,1383.0,542.85,49.36,65.0,1,1,0.84551
280,45,1228.24,590.13,61.23,73.03,1,1,0.84892
280,46,876.36,653.33,49.58,98.5,1,1,0.85502
280,47,1149.08,527.57,59.12,61.07,1,1,0.86424
280,48,1287.29,694.19,59.64,81.28,1,1,0.86068
280,49,1344.91,470.15,47.41,84.5,1,1,0.84526
280,50,971.66,373.39,46.98,73.08,1,1,0.87066
280,51,1194.98,551.92,59.35,65.63,1,1,0.85174
280,52,624.59,412.56,41.71,99.72,1,1,0.85515
280,53,1185.7,709.44,63.96,93.41,1,1,0.83284
280,54,1151.39,491.9,54.44,44.21,1,1,0.83597
280,56,1325.69,429.56,47.08,76.49,1,1,0.83287
280,57,942.23,143.3,56.38,73.26,1,1,0.8365
280,58,880.31,154.65,41.27,70.31,1,1,0.81739
280,59,1140.1,455.37,54.68,48.42,1,1,0.83931
281,37,1028.04,446.65,61.08,63.86,1,1,0.89066
281,38,1168.99,427.8,53.39,62.54,1,1,0.8743
281,39,908.54,508.88,48.69,79.57,1,1,0.8733
281,40,1091.7,561.95,67.14,68.17,1,1,0.86764
281,41,939.1,584.1,52.09,83.32,1,1,0.85045
281,42,1061.37,492.69,60.71,68.74,1,1,0.86946
281,43,1164.54,639.66,49.54,89.54,1,1,0.83884
281,44,1382.99,542.51,49.3,65.07,1,1,0.84403
281,45,1228.17,589.61,61.36,73.27,1,1,0.84877
281,46,877.32,653.23,50.04,98.06,1,1,0.85425
281,47,1149.01,527.26,59.21,61.15,1,1,0.86519
281,48,1287.45,693.78,59.64,81.38,1,1,0.85911
281,49,1344.82,469.86,47.59,84.38,1,1,0.84499
281,50,971.68,373.12,47.11,73.11,1,1,0.87014
281,51,1195.07,551.6,59.41,65.58,1,1,0.85248
281,52,624.47,411.36,41.51,100.65,1,1,0.85213
281,53,1185.61,709.36,64.14,93.52,1,1,0.8337
281,54,1151.52,491.66,54.3,44.08,1,1,0.83658
281,56,1325.74,429.19,47.09,76.37,1,1,0.82927
281,57,942.18,142.99,56.51,73.3,1,1,0.83671
281,58,880.36,154.39,41.11,70.44,1,1,0.81716
281,59,1140.12,455.17,54.64,48.3,1,1,0.83891
282,37,1028.13,446.27,60.87,63.39,1,1,0.89067
282,38,1169.19,427.24,53.32,62.63,1,1,0.87268
282,39,908.44,508.26,48.79,79.66,1,1,0.87715
282,40,1091.58,560.94,67.5,68.59,1,1,0.86911
282,41,939.24,583.34,51.9,83.99,1,1,0.84985
282,42,1061.34,492.16,60.91,68.72,1,1,0.8692
282,43,1164.47,638.83,49.69,89.46,1,1,0.83933
282,44,1383.04,541.86,49.08,65.12,1,1,0.84583
282,45,1228.13,588.79,61.34,73.61,1,1,0.85034
282,46,877.95,652.74,51.11,97.95,1,1,0.85541
282,47,1149.29,526.79,58.84,61.26,1,1,0.86618
282,48,1287.54,693.25,60.13,81.52,1,1,0.86016
282,49,1344.64,469.11,47.59,84.45,1,1,0.8477
282,50,971.7,372.65,47.18,73.03,1,1,0.87079
282,51,1194.98,551.05,59.52,65.53,1,1,0.85317
282,52,623.74,409.93,41.81,101.42,1,1,0.8523
282,53,1186.25,709.11,63.3,93.66,1,1,0.83323
282,54,1151.51,490.84,54.14,44.34,1,1,0.83751
282,56,1325.73,428.81,47.07,76.48,1,1,0.83148
282,57,941.88,142.44,56.93,73.3,1,1,0.83845
282,58,880.32,154.13,41.14,70.27,1,1,0.81914
282,59,1140.21,454.72,54.7,47.68,1,1,0.83554
283,37,1028.33,445.93,61.1,63.52,1,1,0.89146
283,38,1169.66,427.1,53.17,62.74,1,1,0.87285
283,39,908.7,508.11,48.61,79.71,1,1,0.87855
283,40,1091.84,560.47,67.53,69.02,1,1,0.87011
283,41,939.92,583.17,51.42,84.28,1,1,0.8512
283,42,1061.62,492.02,60.89,68.64,1,1,0.86888
283,43,1164.51,638.81,50.28,89.1,1,1,0.83956
283,44,1383.15,541.7,49.06,65.14,1,1,0.84512
283,45,1228.23,588.67,61.49,73.59,1,1,0.85053
283,46,879.27,652.58,51.55,97.98,1,1,0.85643
283,47,1149.64,526.76,58.75,61.23,1,1,0.86631
283,48,1287.8,693.25,60.44,81.46,1,1,0.86073
283,49,1344.96,468.88,47.69,84.67,1,1,0.84833
283,50,972.12,372.49,47.16,73.26,1,1,0.87127
283,51,1195.17,550.8,59.46,65.56,1,1,0.85241
283,52,623.03,408.89,42.56,102.11,1,1,0.85224
283,53,1186.58,709.26,62.88,93.57,1,1,0.83433
283,54,1151.75,490.84,54.14,44.3,1,1,0.83827
283,56,1325.96,428.62,47.18,77.26,1,1,0.83333
283,57,942.24,142.38,57.05,73.44,1,1,0.83795
283,58,880.38,154.01,41.18,70.31,1,1,0.81869
283,59,1140.33,454.68,54.73,47.76,1,1,0.83692
284,37,1028.7,445.6,61.64,63.43,1,1,0.89208
284,38,1169.88,427.02,53.19,62.69,1,1,0.87419
284,39,909.04,507.84,48.8,79.77,1,1,0.87698
284,40,1092.27,559.92,67.54,69.26,1,1,0.87011
284,41,940.44,582.6,51.2,84.64,1,1,0.8528
284,42,1061.92,492.04,61.41,68.56,1,1,0.86765
284,43,1164.54,638.26,50.82,88.82,1,1,0.84052
284,44,1383.35,541.38,49.23,65.38,1,1,0.84581
284,45,1228.76,588.47,61.24,73.61,1,1,0.85131
284,46,881.71,651.89,51.15,98.33,1,1,0.85599
284,47,1150.26,526.58,58.51,61.13,1,1,0.8643
284,48,1288.09,693.18,60.56,81.35,1,1,0.86209
284,49,1345.43,468.5,47.79,84.99,1,1,0.84988
284,50,972.4,372.25,47.29,73.16,1,1,0.87177
284,51,1195.56,550.58,59.54,65.46,1,1,0.85128
284,52,622.34,407.38,42.96,103.06,1,1,0.85277
284,53,1187.03,709.02,62.57,93.71,1,1,0.8347
284,54,1152.04,490.57,54.17,44.6,1,1,0.83663
284,56,1326.25,428.36,47.34,77.48,1,1,0.83178
284,57,942.76,142.29,57.05,73.63,1,1,0.83517
284,58,880.53,153.81,41.74,70.35,1,1,0.82228
284,59,1140.83,454.47,54.62,48.1,1,1,0.83929
285,37,1028.8,445.48,61.87,63.54,1,1,0.89119
285,38,1169.97,426.87,53.31,62.55,1,1,0.87271
285,39,909.04,507.79,48.91,79.93,1,1,0.87833
285,40,1092.43,559.86,67.59,69.18,1,1,0.86973
285,41,940.87,582.41,51.06,84.77,1,1,0.84987
285,42,1061.96,492.2,61.81,68.43,1,1,0.86685
285,43,1164.43,638.21,51.37,88.65,1,1,0.83844
285,44,1383.48,541.13,49.28,65.45,1,1,0.84441
285,45,1229.07,588.3,61.14,73.78,1,1,0.85106
285,46,884.0,651.68,50.76,98.45,1,1,0.8584
285,47,1150.61,526.44,58.28,61.17,1,1,0.86381
285,48,1288.17,693.2,60.46,81.3,1,1,0.86014
285,49,1345.57,468.2,47.77,85.12,1,1,0.8493
285,50,972.67,372.21,47.41,72.85,1,1,0.872
285,51,1195.71,550.4,59.57,65.56,1,1,0.85154
285,52,621.22,406.44,43.71,103.65,1,1,0.85335
285,53,1187.12,709.13,62.65,93.58,1,1,0.83374
285,54,1152.18,490.16,54.19,45.01,1,1,0.83721
285,56,1326.39,428.09,47.42,77.8,1,1,0.83339
285,57,943.04,142.05,56.75,73.95,1,1,0.83333
285,58,880.5,153.38,41.86,70.65,1,1,0.82108
285,59,1140.89,454.36,54.48,48.31,1,1,0.83819
286,37,1029.01,445.72,62.26,63.36,1,1,0.89305
286,38,1170.33,426.87,53.13,62.82,1,1,0.87305
286,39,909.23,508.03,49.15,79.85,1,1,0.87875
286,40,1092.81,560.05,67.67,69.11,1,1,0.86994
286,41,941.37,582.47,51.0,84.98,1,1,0.85287
286,42,1062.35,492.58,62.03,68.24,1,1,0.86801
286,43,1164.74,638.45,51.91,88.19,1,1,0.83462
286,44,1383.54,541.26,49.42,65.53,1,1,0.84487
286,45,1229.33,588.58,61.21,73.66,1,1,0.85149
286,46,887.72,651.7,49.03,98.91,1,1,0.86093
286,47,1151.08,526.55,58.06,61.23,1,1,0.86319
286,48,1288.39,693.12,60.44,81.68,1,1,0.86205
286,49,1346.0,468.24,47.66,85.37,1,1,0.84943
286,50,973.02,372.36,47.31,72.71,1,1,0.87164
286,51,1195.96,550.61,59.43,65.49,1,1,0.85101
286,52,620.56,405.77,44.2,104.29,1,1,0.85161
286,53,1187.43,709.57,62.48,93.25,1,1,0.83243
286,54,1152.48,490.46,54.12,45.07,1,1,0.83715
286,56,1326.87,428.32,47.24,77.61,1,1,0.83528
286,57,943.56,142.41,56.63,73.95,1,1,0.83447
286,58,880.94,153.45,41.75,70.58,1,1,0.82216
286,59,1141.08,454.59,54.42,48.56,1,1,0.83856
287,37,1028.96,445.85,62.31,63.27,1,1,0.89212
287,38,1170.45,426.9,53.23,62.94,1,1,0.87175
287,39,909.21,508.15,49.3,79.86,1,1,0.87795
287,40,1093.06,560.04,67.7,68.99,1,1,0.86886
287,41,941.7,582.52,50.94,85.01,1,1,0.85105
287,42,1062.42,492.65,62.14,68.22,1,1,0.86726
287,43,1164.65,638.66,52.28,87.95,1,1,0.83262
287,44,1383.46,541.34,49.63,65.56,1,1,0.84286
287,45,1229.37,588.71,61.24,73.57,1,1,0.84846
287,46,891.18,651.12,47.31,99.5,1,1,0.85824
287,47,1151.26,526.55,58.08,61.34,1,1,0.86293
287,48,1288.42,693.03,60.46,81.67,1,1,0.85971
287,49,1346.16,468.37,47.7,85.33,1,1,0.84778
287,50,973.05,372.44,47.37,72.57,1,1,0.87118
287,51,1196.15,550.76,59.34,65.27,1,1,0.84952
287,52,619.46,404.76,45.12,104.92,1,1,0.85155
287,53,1187.4,709.69,62.53,93.14,1,1,0.83064
287,54,1152.64,490.46,54.03,45.17,1,1,0.83714
287,56,1327.1,428.38,47.11,77.58,1,1,0.8326
287,57,944.01,142.69,56.27,73.83,1,1,0.83081
287,58,881.14,153.52,41.61,70.63,1,1,0.82022
287,59,1141.31,454.69,54.27,48.62,1,1,0.83769
288,37,1029.83,445.92,61.71,63.09,1,1,0.89294
288,38,1170.58,426.89,53.48,62.85,1,1,0.87217
288,39,909.62,508.19,49.17,79.82,1,1,0.87708
288,40,1093.44,559.99,67.69,68.93,1,1,0.86889
288,41,942.17,582.48,50.75,84.8,1,1,0.84963
288,42,1062.77,492.7,62.15,68.11,1,1,0.86677
288,43,1165.09,638.86,51.88,87.91,1,1,0.83345
288,44,1383.81,541.32,49.67,65.45,1,1,0.84246
288,45,1229.98,588.78,60.94,73.4,1,1,0.84715
288,46,894.98,650.71,45.43,99.94,1,1,0.85344
288,47,1151.52,526.44,58.07,61.41,1,1,0.86251
288,48,1289.03,693.03,60.1,81.69,1,1,0.85957
288,49,1346.55,468.32,47.79,85.3,1,1,0.8474
288,50,973.71,372.38,47.6,72.41,1,1,0.87184
288,51,1196.51,550.79,59.24,65.16,1,1,0.84932
288,52,618.92,403.94,45.65,105.14,1,1,0.85071
288,53,1187.89,709.72,62.11,93.15,1,1,0.83049
288,54,1153.0,490.31,53.98,45.23,1,1,0.83679
288,56,1327.56,428.3,46.95,78.34,1,1,0.83589
288,57,944.74,142.87,55.56,73.43,1,1,0.83039
288,58,881.41,153.47,41.52,70.66,1,1,0.82089
288,59,1141.58,454.71,54.22,48.97,1,1,0.8381
289,37,1030.03,446.15,61.64,62.92,1,1,0.89523
289,38,1170.65,426.91,53.52,62.78,1,1,0.87296
289,39,909.68,508.3,49.32,79.6,1,1,0.87802
289,40,1093.61,560.08,67.79,68.89,1,1,0.87055
289,41,942.64,582.54,50.55,84.33,1,1,0.85105
289,42,1062.95,492.78,62.08,67.99,1,1,0.86832
289,43,1165.18,639.01,52.08,87.97,1,1,0.83438
289,44,1384.01,541.32,49.68,65.42,1,1,0.84375
289,45,1230.28,588.78,60.81,73.38,1,1,0.85018
289,46,898.1,650.43,44.07,100.34,1,1,0.85519
289,47,1151.64,526.43,58.0,61.46,1,1,0.86501
289,48,1289.23,692.99,59.93,81.77,1,1,0.86144
289,49,1347.02,468.25,47.79,85.4,1,1,0.8488
289,50,973.97,372.57,47.66,72.08,1,1,0.87341
289,51,1196.66,550.87,59.17,65.04,1,1,0.85153
289,52,617.94,402.77,46.21,105.26,1,1,0.85277
289,53,1188.07,709.95,61.77,92.96,1,1,0.83223
289,54,1153.33,490.25,53.87,45.28,1,1,0.83922
289,56,1328.12,428.38,46.6,79.08,1,1,0.84167
289,57,945.01,142.93,55.48,73.21,1,1,0.83084
289,58,881.66,153.45,41.63,70.64,1,1,0.82501
289,59,1141.87,454.75,54.16,49.2,1,1,0.83905
290,37,1029.96,446.26,61.73,62.85,1,1,0.8952
290,38,1170.72,426.93,53.51,62.75,1,1,0.87278
290,39,909.78,508.4,49.35,79.47,1,1,0.87572
290,40,1093.72,560.14,67.8,68.9,1,1,0.8702
290,41,942.95,582.59,50.41,83.98,1,1,0.84907
290,42,1063.04,492.88,62.02,67.88,1,1,0.86801
290,43,1165.06,639.18,52.45,87.82,1,1,0.83402
290,44,1384.11,541.36,49.73,65.44,1,1,0.84501
290,45,1230.39,588.81,60.77,73.35,1,1,0.85069
290,46,900.11,650.08,43.87,100.25,1,1,0.85409
290,47,1151.61,526.46,58.0,61.42,1,1,0.86502
290,48,1289.29,692.88,59.81,81.89,1,1,0.86124
290,49,1347.15,468.21,47.81,85.51,1,1,0.84948
290,50,974.06,372.65,47.7,72.03,1,1,0.87358
290,51,1196.7,551.06,59.17,64.89,1,1,0.85208
290,52,616.97,401.88,47.21,104.95,1,1,0.84867
290,53,1187.79,710.13,61.78,92.86,1,1,0.83269
290,54,1153.4,490.31,53.9,45.25,1,1,0.83886
290,56,1328.23,428.45,46.59,79.4,1,1,0.84246
290,57,945.09,142.95,55.7,73.25,1,1,0.83235
290,58,881.71,153.5,41.63,70.61,1,1,0.82542
290,59,1142.07,454.77,54.04,49.33,1,1,0.83965
291,37,1030.06,445.81,62.03,62.84,1,1,0.89566
291,38,1170.97,426.15,53.45,62.78,1,1,0.87048
291,39,909.89,507.92,49.45,79.38,1,1,0.87725
291,40,1093.75,559.47,68.23,69.08,1,1,0.87092
291,41,943.02,581.93,50.29,84.04,1,1,0.84684
291,42,1063.27,492.15,61.96,67.85,1,1,0.86861
291,43,1165.14,638.91,52.12,87.85,1,1,0.83852
291,44,1384.08,540.73,49.96,65.58,1,1,0.84316
291,45,1230.75,588.28,60.39,73.51,1,1,0.85168
291,46,902.18,649.22,44.02,100.45,1,1,0.85514
291,47,1152.33,525.74,57.58,61.64,1,1,0.8648
291,48,1289.84,692.33,59.78,81.73,1,1,0.86028
291,49,1347.61,467.78,47.66,85.25,1,1,0.8454
291,50,974.33,372.3,47.79,71.95,1,1,0.87337
291,51,1197.22,550.38,59.05,65.24,1,1,0.85132
291,52,616.67,400.24,47.67,105.01,1,1,0.84713
291,53,1187.52,710.18,62.06,92.1,1,1,0.83469
291,54,1153.77,490.13,53.81,44.92,1,1,0.83828
291,56,1328.61,427.98,46.57,79.53,1,1,0.83931
291,57,945.91,142.25,55.0,73.39,1,1,0.83042
291,58,881.95,152.99,41.4,70.39,1,1,0.8268
291,59,1142.35,454.17,53.99,49.19,1,1,0.83902
292,37,1030.24,445.02,62.14,63.19,1,1,0.89575
292,38,1171.04,425.58,53.56,62.62,1,1,0.87134
292,39,909.93,507.03,49.63,79.81,1,1,0.87784
292,40,1093.74,558.75,68.43,69.11,1,1,0.87101
292,41,942.85,581.28,50.37,83.6,1,1,0.84656
292,42,1063.23,491.32,62.1,67.75,1,1,0.87056
292,43,1165.11,638.17,51.98,88.05,1,1,0.83925
292,44,1384.19,539.77,50.02,65.84,1,1,0.84367
292,45,1230.7,587.64,60.6,73.47,1,1,0.8528
292,46,903.11,648.2,46.01,100.48,1,1,0.85769
292,47,1152.81,524.93,57.03,61.8,1,1,0.86482
292,48,1289.92,692.04,59.82,81.26,1,1,0.86137
292,49,1347.34,466.87,48.03,85.45,1,1,0.84872
292,50,974.59,371.62,47.92,71.88,1,1,0.87235
292,51,1197.42,549.47,58.85,65.25,1,1,0.85088
292,52,616.5,398.46,47.8,106.1,1,1,0.84872
292,53,1187.68,709.77,62.12,91.69,1,1,0.83361
292,54,1153.92,489.61,53.7,44.9,1,1,0.83747
292,56,1328.51,426.75,46.76,80.17,1,1,0.84548
292,57,945.77,141.04,54.78,73.75,1,1,0.83293
292,58,881.66,151.97,41.79,70.7,1,1,0.82962
292,59,1142.58,453.52,54.02,49.2,1,1,0.84063
293,37,1030.5,444.68,62.12,63.31,1,1,0.89514
293,38,1171.16,425.21,53.66,62.68,1,1,0.86894
293,39,910.44,506.59,49.6,80.11,1,1,0.87672
293,40,1093.9,558.35,68.51,69.16,1,1,0.86967
293,41,943.25,581.04,50.41,83.19,1,1,0.84204
293,42,1063.43,490.87,62.38,67.76,1,1,0.87035
293,43,1165.63,638.04,51.82,87.81,1,1,0.83824
293,44,1384.27,539.19,50.25,66.06,1,1,0.84057
293,45,1231.13,587.11,60.56,73.73,1,1,0.84978
293,46,904.32,647.78,48.24,100.22,1,1,0.85548
293,47,1153.53,524.73,56.69,61.7,1,1,0.86296
293,48,1290.42,691.68,59.66,81.23,1,1,0.85979
293,49,1347.3,466.57,48.11,85.33,1,1,0.84742
293,50,974.89,371.34,48.05,71.66,1,1,0.87122
293,51,1197.85,548.8,58.79,65.55,1,1,0.84844
293,52,616.48,396.96,47.94,107.36,1,1,0.84803
293,53,1189.07,709.49,61.17,91.48,1,1,0.83444
293,54,1154.32,489.31,53.68,44.99,1,1,0.83504
293,56,1328.7,426.52,46.79,79.86,1,1,0.84173
293,57,945.99,140.58,54.59,73.99,1,1,0.83172
293,58,881.79,151.7,41.83,70.7,1,1,0.82829
293,59,1142.84,453.35,54.01,49.33,1,1,0.83812
294,37,1030.9,444.37,62.05,63.27,1,1,0.89582
294,38,1171.67,424.77,53.58,62.83,1,1,0.8678
294,39,911.07,506.14,49.43,80.15,1,1,0.87629
294,40,1094.1,557.94,68.43,69.26,1,1,0.86879
294,41,943.54,580.64,50.37,83.08,1,1,0.84153
294,42,1063.89,490.52,62.53,67.67,1,1,0.87113
294,43,1166.19,637.87,51.27,87.61,1,1,0.83834
294,44,1384.77,539.08,50.3,65.51,1,1,0.84184
294,45,1231.58,586.94,60.5,73.46,1,1,0.84957
294,46,905.85,647.44,49.26,99.82,1,1,0.85656
294,47,1153.97,524.61,56.61,61.47,1,1,0.86097
294,48,1290.88,691.13,59.55,81.23,1,1,0.85887
294,49,1347.6,466.28,48.14,85.12,1,1,0.84704
294,50,975.3,370.92,47.98,71.79,1,1,0.87312
294,51,1198.44,548.38,58.62,65.53,1,1,0.84749
294,52,616.84,394.96,48.01,108.99,1,1,0.85034
294,53,1189.36,709.74,60.65,90.58,1,1,0.83502
294,54,1154.67,488.78,53.74,45.27,1,1,0.83577
294,56,1328.88,425.75,46.98,79.9,1,1,0.84331
294,57,946.09,140.13,54.39,74.12,1,1,0.83012
294,58,882.26,151.19,41.66,71.0,1,1,0.8272
294,59,1143.21,452.94,53.86,49.61,1,1,0.83657
295,37,1030.58,444.69,62.03,63.19,1,1,0.89564
295,38,1171.47,424.81,53.61,62.77,1,1,0.86847
295,39,910.73,506.23,49.5,80.12,1,1,0.87724
295,40,1093.67,557.86,68.77,69.56,1,1,0.87043
295,41,942.91,580.87,50.58,83.07,1,1,0.84344
295,42,1063.39,490.82,62.74,67.54,1,1,0.87156
295,43,1165.93,637.93,51.0,87.75,1,1,0.83908
295,44,1384.4,539.24,50.37,65.57,1,1,0.84375
295,45,1231.35,587.1,60.46,73.48,1,1,0.85087
295,46,907.0,647.5,49.43,99.9,1,1,0.85494
295,47,1153.8,524.74,56.37,61.58,1,1,0.86245
295,48,1290.53,691.21,59.13,81.45,1,1,0.85731
295,49,1346.85,466.27,48.23,85.07,1,1,0.84872
295,50,974.93,371.0,48.11,71.46,1,1,0.87336
295,51,1198.17,548.43,58.59,65.62,1,1,0.8494
295,52,616.31,393.63,48.03,110.48,1,1,0.84931
295,53,1189.25,709.98,60.15,90.79,1,1,0.82994
295,54,1154.35,488.84,53.69,45.42,1,1,0.83633
295,56,1328.45,425.8,46.97,79.69,1,1,0.84337
295,57,945.45,140.04,54.71,74.33,1,1,0.83194
295,58,881.67,151.37,41.92,70.93,1,1,0.82872
295,59,1142.75,453.1,53.89,49.47,1,1,0.83628
296,37,1030.14,445.06,62.26,63.26,1,1,0.89529
296,38,1171.14,425.23,53.76,63.0,1,1,0.86843
296,39,910.15,506.78,49.71,80.13,1,1,0.87876
296,40,1093.59,558.5,68.78,69.37,1,1,0.86925
296,41,942.63,581.42,50.7,83.61,1,1,0.84394
296,42,1063.01,491.11,62.69,67.82,1,1,0.87035
296,43,1165.54,638.39,51.44,88.02,1,1,0.83644
296,44,1384.13,539.64,50.47,65.91,1,1,0.84338
296,45,1230.82,587.67,60.88,73.38,1,1,0.8511
296,46,908.29,648.44,49.02,98.89,1,1,0.85448
296,47,1153.34,525.05,56.64,61.84,1,1,0.86342
296,48,1290.11,692.07,59.33,81.35,1,1,0.85771
296,49,1346.53,466.84,48.27,85.11,1,1,0.84983
296,50,974.45,371.41,48.24,71.98,1,1,0.87195
296,51,1197.81,549.02,58.76,65.47,1,1,0.84874
296,52,616.0,392.99,48.4,111.58,1,1,0.84923
296,53,1188.39,711.58,59.98,90.33,1,1,0.82661
296,54,1153.98,489.28,53.84,45.41,1,1,0.83557
296,56,1328.18,426.73,47.05,79.4,1,1,0.84196
296,57,945.36,140.71,54.54,74.02,1,1,0.83097
296,58,881.17,151.79,42.12,70.89,1,1,0.8288
296,59,1142.53,453.58,54.06,48.91,1,1,0.83567
297,37,1029.93,445.09,62.06,63.57,1,1,0.89402
297,38,1170.97,425.25,53.87,63.06,1,1,0.86754
297,39,909.97,507.02,49.74,80.21,1,1,0.87801
297,40,1093.43,558.81,68.84,69.17,1,1,0.86817
297,41,942.47,581.47,50.75,83.97,1,1,0.84184
297,42,1062.84,491.03,62.72,67.97,1,1,0.86916
297,43,1165.37,638.43,51.59,88.31,1,1,0.83569
297,44,1384.13,539.65,50.42,66.14,1,1,0.84306
297,45,1230.61,587.76,61.06,73.27,1,1,0.85063
297,46,909.97,648.75,48.5,98.01,1,1,0.85237
297,47,1153.05,525.06,56.88,62.02,1,1,0.86375
297,48,1289.86,692.27,59.44,81.3,1,1,0.85738
297,49,1346.53,466.87,48.22,85.14,1,1,0.84926
297,50,974.29,371.46,48.38,72.13,1,1,0.87151
297,51,1197.62,549.09,58.73,65.5,1,1,0.84869
297,52,615.89,392.0,48.35,112.45,1,1,0.85076
297,53,1187.98,712.58,59.05,89.74,1,1,0.82096
297,54,1153.88,489.43,53.84,45.22,1,1,0.83576
297,56,1328.13,426.95,47.05,79.23,1,1,0.84244
297,57,945.32,140.82,54.78,74.2,1,1,0.8298
297,58,881.05,151.93,42.24,70.96,1,1,0.82831
297,59,1142.5,453.66,54.12,48.64,1,1,0.83611
298,37,1029.8,445.27,61.82,63.46,1,1,0.89451
298,38,1170.8,425.37,53.82,63.02,1,1,0.86901
298,39,909.85,507.13,49.68,80.16,1,1,0.87812
298,40,1093.28,559.02,68.79,68.99,1,1,0.86865
298,41,942.36,581.47,50.71,84.25,1,1,0.84181
298,42,1062.68,491.04,62.79,68.01,1,1,0.8691
298,43,1165.27,638.52,51.37,88.41,1,1,0.83794
298,44,1384.14,539.78,50.41,66.07,1,1,0.84254
298,45,1230.45,587.82,61.13,73.3,1,1,0.8512
298,46,912.12,648.9,47.37,97.34,1,1,0.85068
298,47,1152.72,525.06,57.01,62.09,1,1,0.86441
298,48,1289.68,692.43,59.58,81.15,1,1,0.8586
298,49,1346.47,467.04,48.26,85.1,1,1,0.84922
298,50,974.19,371.57,48.45,72.19,1,1,0.87258
298,51,1197.38,549.13,58.77,65.63,1,1,0.8495
298,52,615.34,390.88,48.21,113.57,1,1,0.84964
298,53,1187.76,712.95,57.97,89.57,1,1,0.82111
298,54,1153.76,489.59,53.75,45.04,1,1,0.83655
298,56,1327.97,427.1,47.1,79.09,1,1,0.84282
298,57,945.28,140.85,54.78,74.47,1,1,0.83002
298,58,880.8,152.19,42.37,70.79,1,1,0.82836
298,59,1142.48,453.76,54.05,48.53,1,1,0.83728
299,37,1029.2,445.28,61.97,63.41,1,1,0.8926
299,38,1170.55,425.29,53.88,63.08,1,1,0.86811
299,39,909.61,507.05,49.66,80.15,1,1,0.87729
299,40,1092.94,559.0,68.73,68.97,1,1,0.8672
299,41,941.98,581.38,50.89,84.24,1,1,0.84038
299,42,1062.25,491.07,63.02,68.01,1,1,0.86769
299,43,1164.85,638.43,51.3,88.61,1,1,0.83548
299,44,1383.71,539.69,50.34,66.2,1,1,0.84125
299,45,1229.99,587.79,61.34,73.39,1,1,0.84971
299,46,914.54,648.76,46.26,97.16,1,1,0.8481
299,47,1152.44,524.89,57.1,62.08,1,1,0.8617
299,48,1289.25,692.19,59.44,81.36,1,1,0.85498
299,49,1345.97,467.09,48.38,85.15,1,1,0.84974
299,50,973.94,371.45,48.48,72.33,1,1,0.87251
299,51,1197.13,549.11,58.87,65.5,1,1,0.84818
299,52,614.9,389.56,48.07,114.49,1,1,0.84635
299,53,1187.52,712.76,56.77,89.97,1,1,0.81911
299,54,1153.4,489.54,53.73,45.04,1,1,0.83376
299,56,1327.59,426.97,47.35,78.6,1,1,0.8361
299,57,944.98,140.73,54.98,74.66,1,1,0.82952
299,58,880.58,152.21,42.29,70.65,1,1,0.82703
299,59,1142.28,453.65,54.04,48.44,1,1,0.8365
300,37,1028.93,445.26,61.93,63.37,1,1,0.8918
300,38,1170.25,425.29,53.98,63.07,1,1,0.86781
300,39,909.37,506.88,49.61,80.25,1,1,0.87554
300,40,1092.7,559.02,68.59,68.93,1,1,0.86696
300,41,941.67,581.39,51.09,84.29,1,1,0.84001
300,42,1061.96,491.11,63.17,68.03,1,1,0.86688
300,43,1164.61,638.33,51.52,88.58,1,1,0.83372
300,44,1383.46,539.66,50.47,66.24,1,1,0.84093
300,45,1229.65,587.89,61.56,73.33,1,1,0.84916
300,46,917.1,648.49,45.11,97.78,1,1,0.84592
300,47,1152.16,524.81,57.27,62.01,1,1,0.86073
300,48,1288.86,691.84,59.35,81.84,1,1,0.8559
300,49,1345.59,467.02,48.43,85.28,1,1,0.84885
300,50,973.68,371.34,48.48,72.55,1,1,0.87168
300,51,1196.95,549.15,58.95,65.28,1,1,0.84713
300,52,614.69,388.12,48.6,115.56,1,1,0.84575
300,53,1187.17,712.31,54.99,90.44,1,1,0.81931
300,54,1153.0,489.42,53.79,45.1,1,1,0.83304
300,56,1327.17,426.85,47.52,78.34,1,1,0.83483
300,57,944.61,140.56,55.07,74.8,1,1,0.82894
300,58,880.38,152.21,42.43,70.42,1,1,0.82419
300,59,1141.99,453.52,54.09,48.39,1,1,0.83628
301,37,1029.04,444.89,61.9,63.53,1,1,0.89236
301,38,1170.28,424.91,54.02,63.05,1,1,0.86783
301,39,909.42,506.47,49.6,80.47,1,1,0.87502
301,40,1092.78,558.79,68.57,68.96,1,1,0.86812
301,41,941.44,581.11,51.44,84.08,1,1,0.84046
301,42,1061.97,490.85,63.45,68.02,1,1,0.86829
301,43,1164.39,638.1,51.9,88.44,1,1,0.83588
301,44,1383.5,539.38,50.72,66.37,1,1,0.84199
301,45,1229.76,587.57,61.5,73.46,1,1,0.85069
301,46,918.83,647.67,44.82,99.21,1,1,0.84455
301,47,1152.06,524.49,57.49,62.02,1,1,0.86133
301,48,1289.07,691.21,58.89,81.98,1,1,0.85366
301,49,1345.52,466.43,48.45,85.69,1,1,0.84718
301,50,973.65,370.88,48.71,72.74,1,1,0.873
301,51,1196.92,548.92,59.11,65.25,1,1,0.84778
301,52,614.9,386.44,49.15,117.21,1,1,0.84769
301,53,1187.02,711.51,53.42,91.09,1,1,0.82144
301,54,1153.0,489.16,53.86,45.08,1,1,0.83336
301,56,1327.3,426.61,47.55,77.6,1,1,0.83207
301,57,944.82,140.13,55.12,75.04,1,1,0.83112
301,58,880.46,151.61,42.49,70.77,1,1,0.82681
301,59,1141.98,453.25,54.22,48.4,1,1,0.83792
302,37,1029.4,444.5,61.65,63.48,1,1,0.89264
302,38,1170.54,424.55,53.97,63.01,1,1,0.86881
302,39,909.85,506.0,49.7,80.58,1,1,0.87684
302,40,1092.97,558.19,68.74,69.11,1,1,0.86995
302,41,941.65,580.57,51.34,84.33,1,1,0.8419
302,42,1061.99,490.56,63.75,67.85,1,1,0.87044
302,43,1164.46,637.53,51.96,87.82,1,1,0.83599
302,44,1383.82,539.15,50.7,66.16,1,1,0.84174
302,45,1230.02,587.13,61.39,73.44,1,1,0.85104
302,46,920.46,647.24,44.29,100.01,1,1,0.84577
302,47,1152.77,524.14,56.96,62.01,1,1,0.86041
302,48,1289.38,690.61,58.55,81.94,1,1,0.85271
302,49,1345.95,465.87,48.36,85.85,1,1,0.84491
302,50,974.03,370.32,48.64,72.67,1,1,0.87254
302,51,1197.25,548.24,58.93,65.47,1,1,0.84907
302,52,614.99,384.65,49.4,118.68,1,1,0.84748
302,53,1186.59,709.88,52.75,92.67,1,1,0.82632
302,54,1153.46,488.71,53.82,45.25,1,1,0.83371
302,56,1327.45,426.02,47.65,77.8,1,1,0.83792
302,57,944.88,139.45,55.22,75.18,1,1,0.83426
302,58,880.68,151.08,42.34,70.88,1,1,0.82801
302,59,1142.29,452.64,54.06,48.6,1,1,0.83791
303,37,1029.06,444.38,61.77,63.38,1,1,0.89015
303,38,1170.56,424.49,53.9,62.82,1,1,0.86815
303,39,909.99,505.61,49.65,80.73,1,1,0.87748
303,40,1092.9,557.71,68.75,69.44,1,1,0.87086
303,41,941.18,580.25,51.71,84.55,1,1,0.83995
303,42,1061.55,490.45,64.19,67.56,1,1,0.87006
303,43,1164.47,637.3,51.63,86.92,1,1,0.8378
303,44,1383.72,538.93,50.64,66.22,1,1,0.8414
303,45,1229.87,586.87,61.6,73.45,1,1,0.85152
303,46,921.78,646.45,44.59,102.22,1,1,0.84447
303,47,1153.31,524.07,56.48,61.96,1,1,0.85964
303,48,1289.09,690.14,58.62,82.03,1,1,0.85261
303,49,1345.75,465.87,48.45,85.56,1,1,0.84358
303,50,974.06,369.82,48.53,72.85,1,1,0.87245
303,51,1197.02,547.9,59.0,65.57,1,1,0.84983
303,52,614.56,383.24,49.59,120.06,1,1,0.84643
303,53,1185.29,707.92,52.82,94.51,1,1,0.83084
303,54,1153.55,488.3,53.71,45.59,1,1,0.83485
303,56,1327.63,425.79,47.56,78.89,1,1,0.84368
303,57,944.66,139.2,55.12,75.07,1,1,0.83417
303,58,880.76,150.89,42.14,70.91,1,1,0.82889
303,59,1142.16,452.41,54.07,48.71,1,1,0.83709
304,37,1029.44,444.4,61.45,63.34,1,1,0.89113
304,38,1170.62,424.52,53.89,62.75,1,1,0.86856
304,39,910.07,505.7,49.65,80.54,1,1,0.87793
304,40,1093.04,557.45,68.52,69.6,1,1,0.87076
304,41,941.16,580.19,51.74,85.01,1,1,0.84041
304,42,1061.79,490.35,64.16,67.61,1,1,0.87123
304,43,1164.71,637.3,51.69,86.05,1,1,0.83881
304,44,1383.97,538.91,50.67,66.16,1,1,0.84237
304,45,1230.03,586.89,61.57,73.48,1,1,0.85167
304,46,923.09,645.91,45.08,104.17,1,1,0.84405
304,47,1153.48,524.13,56.46,61.99,1,1,0.86056
304,48,1289.35,690.12,58.12,82.17,1,1,0.8533
304,49,1345.68,466.0,48.59,85.39,1,1,0.84381
304,50,974.22,369.73,48.39,72.88,1,1,0.87254
304,51,1197.31,547.83,58.87,65.62,1,1,0.84952
304,52,614.63,382.41,49.42,120.93,1,1,0.84509
304,53,1183.94,705.6,53.42,97.05,1,1,0.83882
304,54,1153.66,488.22,53.68,45.75,1,1,0.83522
304,56,1327.76,425.77,47.45,80.09,1,1,0.84507
304,57,944.53,139.09,54.99,75.18,1,1,0.83452
304,58,880.96,150.78,41.94,71.11,1,1,0.82888
304,59,1142.33,452.38,54.0,48.9,1,1,0.8372
305,37,1029.52,444.35,61.37,63.35,1,1,0.89129
305,38,1170.63,424.57,53.85,62.67,1,1,0.86887
305,39,910.04,505.61,49.65,80.63,1,1,0.87787
305,40,1092.97,557.35,68.46,69.67,1,1,0.87127
305,41,940.91,580.07,51.98,85.44,1,1,0.83872
305,42,1061.75,490.23,64.25,67.75,1,1,0.87158
305,43,1164.8,637.22,51.73,86.06,1,1,0.84291
305,44,1383.94,538.91,50.77,66.21,1,1,0.84333
305,45,1229.93,586.9,61.63,73.45,1,1,0.85227
305,46,923.83,645.58,45.54,105.92,1,1,0.84651
305,47,1153.54,524.13,56.47,61.98,1,1,0.86033
305,48,1289.4,690.06,57.83,82.43,1,1,0.85386
305,49,1345.22,466.15,48.85,85.17,1,1,0.8462
305,50,974.26,369.54,48.3,73.06,1,1,0.87279
305,51,1197.32,547.74,58.89,65.71,1,1,0.85018
305,52,614.27,381.26,49.76,122.33,1,1,0.84302
305,53,1182.95,703.57,53.86,99.23,1,1,0.84214
305,54,1153.62,488.24,53.71,45.76,1,1,0.83553
305,56,1327.68,425.75,47.67,81.16,1,1,0.84308
305,57,944.41,139.06,54.98,75.27,1,1,0.83516
305,58,880.9,150.75,41.92,71.15,1,1,0.8297
305,59,1142.29,452.4,53.98,49.02,1,1,0.83826
306,37,1029.56,444.23,61.33,63.36,1,1,0.89088
306,38,1170.61,424.58,53.84,62.67,1,1,0.86872
306,39,910.01,505.44,49.65,80.72,1,1,0.87665
306,40,1092.92,557.3,68.38,69.71,1,1,0.87173
306,41,940.98,579.95,52.03,85.68,1,1,0.84093
306,42,1061.74,490.07,64.29,67.92,1,1,0.87154
306,43,1164.81,637.12,51.7,85.71,1,1,0.84314
306,44,1383.88,538.92,50.8,66.19,1,1,0.84294
306,45,1229.83,586.9,61.68,73.35,1,1,0.85211
306,46,924.21,645.48,45.51,106.72,1,1,0.84743
306,47,1153.61,524.1,56.45,61.93,1,1,0.8601
306,48,1289.48,689.9,57.71,82.65,1,1,0.85385
306,49,1344.97,466.28,48.94,84.99,1,1,0.84633
306,50,974.27,369.37,48.25,73.28,1,1,0.8722
306,51,1197.25,547.56,58.96,65.88,1,1,0.85086
306,52,613.85,379.66,49.98,123.45,1,1,0.84002
306,53,1181.49,702.32,54.53,100.52,1,1,0.84595
306,54,1153.58,488.29,53.72,45.7,1,1,0.83539
306,56,1327.62,425.74,47.74,81.56,1,1,0.84294
306,57,944.31,139.05,54.95,75.15,1,1,0.83447
306,58,880.85,150.76,41.91,71.08,1,1,0.82924
306,59,1142.23,452.42,53.98,49.13,1,1,0.83852
307,37,1029.49,443.58,61.46,63.22,1,1,0.88866
307,38,1170.74,423.82,53.64,62.63,1,1,0.86834
307,39,909.76,504.33,49.9,81.35,1,1,0.87424
307,40,1092.77,556.19,68.5,70.08,1,1,0.87257
307,41,941.28,579.24,52.02,85.65,1,1,0.84321
307,42,1061.73,488.95,64.04,68.31,1,1,0.87119
307,43,1164.36,636.14,52.3,85.52,1,1,0.84552
307,44,1384.0,538.02,50.28,65.88,1,1,0.84405
307,45,1229.57,585.97,61.72,73.46,1,1,0.85086
307,46,924.64,645.42,45.1,106.37,1,1,0.84761
307,47,1153.84,523.52,56.11,61.34,1,1,0.86005
307,48,1289.16,689.17,57.78,82.54,1,1,0.85433
307,49,1345.05,465.88,48.61,84.18,1,1,0.84462
307,50,974.38,368.55,48.16,73.67,1,1,0.87034
307,51,1196.94,546.55,59.17,65.9,1,1,0.85082
307,52,613.6,377.92,50.3,123.81,1,1,0.83483
307,53,1179.36,701.95,55.64,100.22,1,1,0.84485
307,54,1153.27,487.36,53.87,46.05,1,1,0.83524
307,56,1327.71,424.63,47.52,82.2,1,1,0.84168
307,57,944.93,138.64,53.7,74.22,1,1,0.82664
307,58,880.94,149.92,41.84,71.04,1,1,0.82637
307,59,1142.19,451.55,53.78,49.21,1,1,0.83556
308,37,1028.84,442.69,62.13,63.29,1,1,0.89037
308,38,1170.6,422.81,53.64,62.76,1,1,0.86783
308,39,909.13,503.29,50.24,81.47,1,1,0.87457
308,40,1092.47,555.3,68.26,70.05,1,1,0.87301
308,41,941.03,578.43,52.33,85.51,1,1,0.84548
308,42,1061.64,487.73,63.91,68.64,1,1,0.87299
308,43,1163.75,635.38,53.27,85.2,1,1,0.84532
308,44,1383.75,536.7,50.28,66.01,1,1,0.8478
308,45,1229.21,584.78,61.75,73.45,1,1,0.85103
308,46,924.32,645.11,45.41,106.5,1,1,0.84956
308,47,1153.3,522.5,56.32,61.36,1,1,0.86086
308,48,1288.47,688.47,58.07,82.42,1,1,0.85553
308,49,1345.18,465.23,48.63,83.96,1,1,0.84226
308,50,974.22,367.54,48.03,73.83,1,1,0.87369
308,51,1196.6,545.69,59.44,65.76,1,1,0.85356
308,52,612.81,376.02,50.75,124.49,1,1,0.82554
308,53,1175.87,701.54,57.37,99.62,1,1,0.85214
308,54,1152.69,486.34,54.25,45.81,1,1,0.83528
308,56,1327.37,423.77,47.71,80.54,1,1,0.84407
308,57,944.49,137.45,53.91,74.21,1,1,0.8269
308,58,880.94,149.0,41.86,71.2,1,1,0.82662
308,59,1142.04,450.67,53.92,49.46,1,1,0.83238
309,37,1028.3,442.69,61.89,63.62,1,1,0.88557
309,38,1170.32,422.83,53.51,62.9,1,1,0.86345
309,39,908.62,503.4,50.35,81.59,1,1,0.87155
309,40,1092.01,555.67,68.41,69.78,1,1,0.87102
309,41,940.51,578.65,52.66,85.75,1,1,0.83987
309,42,1061.13,487.76,64.07,68.7,1,1,0.8701
309,43,1163.29,635.57,53.47,84.83,1,1,0.83884
309,44,1383.28,536.76,50.49,66.01,1,1,0.84207
309,45,1228.64,584.88,61.96,73.46,1,1,0.848
309,46,924.02,645.81,45.6,106.37,1,1,0.8445
309,47,1152.98,522.71,56.46,61.34,1,1,0.85698
309,48,1287.84,688.19,58.33,82.74,1,1,0.8507
309,49,1345.21,465.56,48.29,83.66,1,1,0.8376
309,50,973.94,367.82,47.67,73.77,1,1,0.86907
309,51,1196.18,545.99,59.68,65.71,1,1,0.85078
309,52,612.0,374.95,51.14,124.35,1,1,0.79161
309,53,1172.67,703.28,59.36,98.19,1,1,0.84835
309,54,1151.93,486.37,54.39,45.97,1,1,0.83163
309,56,1326.6,423.84,47.66,79.25,1,1,0.83294
309,57,944.43,137.87,53.74,73.57,1,1,0.82517
309,58,880.62,149.44,41.7,70.87,1,1,0.81719
309,59,1141.63,450.87,54.06,49.39,1,1,0.82619
310,37,1028.18,442.75,61.73,63.72,1,1,0.88603
310,38,1169.97,423.12,53.52,62.74,1,1,0.86573
310,39,908.58,503.67,50.02,81.2,1,1,0.87422
310,40,1091.9,555.91,68.31,69.63,1,1,0.87178
310,41,940.53,579.01,52.55,85.84,1,1,0.8395
310,42,1060.92,488.04,64.01,68.57,1,1,0.8702
310,43,1163.54,635.93,53.16,84.51,1,1,0.84102
310,44,1383.11,536.88,50.29,66.0,1,1,0.84167
310,45,1228.56,585.17,61.8,73.38,1,1,0.84932
310,46,923.96,646.65,45.57,106.04,1,1,0.84416
310,47,1153.19,523.01,56.25,61.3,1,1,0.85601
310,48,1287.82,688.61,58.26,82.42,1,1,0.85002
310,49,1345.55,465.83,47.8,83.42,1,1,0.83878
310,50,973.81,367.99,47.45,73.75,1,1,0.86859
310,51,1196.11,546.3,59.55,65.69,1,1,0.85071
310,52,611.56,373.36,44.59,100.99,1,1,0.79839
310,53,1169.49,706.53,61.89,95.22,1,1,0.84871
310,54,1151.65,486.44,54.36,46.2,1,1,0.83079
310,56,1326.17,423.88,47.6,78.6,1,1,0.83668
310,57,944.63,138.31,53.25,73.23,1,1,0.82471
310,58,880.26,149.75,41.68,70.62,1,1,0.81864
310,59,1141.26,451.05,54.13,49.12,1,1,0.82992
311,37,1028.16,442.59,61.68,63.76,1,1,0.88385
311,38,1169.97,423.01,53.4,62.72,1,1,0.86428
311,39,908.6,503.53,49.92,81.12,1,1,0.87246
311,40,1091.81,555.79,68.33,69.56,1,1,0.87007
311,41,940.52,578.87,52.56,86.37,1,1,0.83726
311,42,1060.87,487.92,64.04,68.57,1,1,0.86875
311,43,1163.96,635.87,52.72,84.2,1,1,0.83889
311,44,1383.1,536.73,50.19,65.91,1,1,0.83957
311,45,1228.48,585.06,61.88,73.43,1,1,0.84751
311,46,924.09,647.24,45.29,105.33,1,1,0.8417
311,47,1153.31,522.89,56.12,61.24,1,1,0.85443
311,48,1287.81,688.48,58.3,82.38,1,1,0.84843
311,49,1345.77,465.75,47.56,83.24,1,1,0.83544
311,50,973.75,367.84,47.38,73.72,1,1,0.86548
311,51,1196.02,546.21,59.56,65.73,1,1,0.84952
311,52,610.92,371.94,43.05,92.33,1,1,0.77277
311,53,1166.81,710.34,64.02,91.99,1,1,0.83316
311,54,1151.54,486.24,54.39,46.29,1,1,0.82815
311,56,1326.13,423.61,47.39,78.55,1,1,0.83563
311,57,944.75,138.25,53.13,73.1,1,1,0.82316
311,58,880.21,149.65,41.63,70.52,1,1,0.81657
311,59,1141.16,450.89,54.17,49.1,1,1,0.82787
312,37,1028.14,442.53,61.63,63.75,1,1,0.88389
312,38,1170.05,422.99,53.3,62.68,1,1,0.86505
312,39,908.58,503.52,49.88,81.08,1,1,0.87264
312,40,1091.77,555.76,68.36,69.54,1,1,0.8701
312,41,940.57,578.81,52.5,86.76,1,1,0.83909
312,42,1060.83,487.88,64.08,68.57,1,1,0.86919
312,43,1163.9,635.83,52.71,83.98,1,1,0.83929
312,44,1383.14,536.7,50.09,65.81,1,1,0.84052
312,45,1228.42,585.03,61.95,73.46,1,1,0.84781
312,46,924.26,647.83,45.02,104.64,1,1,0.84372
312,47,1153.36,522.81,56.06,61.23,1,1,0.85559
312,48,1287.78,688.53,58.28,82.25,1,1,0.84938
312,49,1345.99,465.75,47.41,83.07,1,1,0.8369
312,50,973.71,367.82,47.34,73.7,1,1,0.8671
312,51,1196.0,546.2,59.51,65.61,1,1,0.8491
312,52,610.72,371.01,40.86,88.23,1,1,0.80228
312,53,1165.04,712.25,65.04,91.1,1,1,0.83273
312,54,1151.53,486.13,54.39,46.3,1,1,0.77207
312,56,1326.14,423.52,47.21,78.34,1,1,0.83632
312,57,944.72,138.19,53.12,73.08,1,1,0.82652
312,58,880.17,149.6,41.59,70.49,1,1,0.82037
312,59,1141.14,450.85,54.15,49.09,1,1,0.82907
313,37,1028.06,442.09,61.73,63.81,1,1,0.88269
313,38,1170.12,422.51,53.24,62.76,1,1,0.86314
313,39,908.48,503.03,49.89,80.95,1,1,0.87058
313,40,1091.75,555.47,68.47,69.38,1,1,0.86826
313,41,940.52,578.48,52.67,87.21,1,1,0.83815
313,42,1060.82,487.32,64.02,68.67,1,1,0.86739
313,43,1163.84,635.42,53.14,83.9,1,1,0.83576
313,44,1383.13,536.33,50.3,65.84,1,1,0.83895
313,45,1228.25,584.69,62.07,73.24,1,1,0.84489
313,46,924.34,647.94,45.15,104.11,1,1,0.84214
313,47,1153.08,522.46,56.2,61.15,1,1,0.85458
313,48,1287.61,688.0,58.51,82.49,1,1,0.84888
313,49,1346.03,465.47,47.45,83.21,1,1,0.83548
313,50,973.69,367.3,47.35,73.88,1,1,0.86482
313,51,1195.94,545.69,59.62,65.69,1,1,0.84886
313,52,610.4,369.22,40.59,88.29,1,1,0.78957
313,53,1163.79,712.83,65.58,91.48,1,1,0.82994
313,54,1151.47,485.76,54.56,46.25,1,1,0.82955
313,56,1326.19,423.47,47.18,77.86,1,1,0.82868
313,57,944.85,137.88,53.1,72.88,1,1,0.82309
313,58,880.18,149.2,41.47,70.53,1,1,0.81657
313,59,1141.17,450.34,54.07,49.1,1,1,0.82666
314,37,1028.05,441.49,61.76,64.03,1,1,0.88444
314,38,1170.34,422.13,53.07,62.69,1,1,0.86536
314,39,908.7,502.64,49.61,80.86,1,1,0.87094
314,40,1091.77,555.26,68.41,69.29,1,1,0.86889
314,41,940.79,578.18,52.59,87.5,1,1,0.84012
314,42,1060.89,486.9,64.03,68.65,1,1,0.86851
314,43,1163.65,635.04,53.78,84.06,1,1,0.83573
314,44,1383.16,536.02,50.49,65.91,1,1,0.84058
314,45,1228.42,584.43,61.92,73.04,1,1,0.84573
314,46,924.75,648.15,45.47,103.68,1,1,0.846
314,47,1152.63,522.03,56.48,61.13,1,1,0.8557
314,48,1287.51,687.65,58.64,82.4,1,1,0.84795
314,49,1346.09,465.18,47.44,83.35,1,1,0.83733
314,50,973.63,366.8,47.49,74.01,1,1,0.86703
314,51,1196.05,545.33,59.7,65.68,1,1,0.84943
314,52,610.23,367.1,40.49,89.24,1,1,0.7966
314,53,1163.3,713.86,65.02,91.78,1,1,0.83238
314,54,1151.52,485.46,54.61,46.01,1,1,0.8317
314,56,1326.17,423.09,47.12,78.04,1,1,0.83236
314,57,945.0,137.42,53.08,72.83,1,1,0.82588
314,58,880.25,148.85,41.32,70.61,1,1,0.81887
314,59,1141.37,449.98,54.0,49.18,1,1,0.82693
315,37,1028.59,441.31,61.85,64.05,1,1,0.8859
315,38,1170.93,421.91,52.91,62.76,1,1,0.86439
315,39,909.05,502.52,49.8,80.86,1,1,0.87167
315,40,1092.09,555.16,68.42,69.41,1,1,0.86954
315,41,941.3,578.04,52.56,87.8,1,1,0.83922
315,42,1061.3,486.64,64.41,68.66,1,1,0.87074
315,43,1164.06,634.89,54.23,83.9,1,1,0.83805
315,44,1383.55,535.85,50.7,65.95,1,1,0.84128
315,45,1228.71,584.3,61.98,73.09,1,1,0.84627
315,46,925.31,648.58,45.41,103.38,1,1,0.84506
315,47,1152.57,521.65,56.66,61.29,1,1,0.85762
315,48,1287.96,687.38,58.77,82.73,1,1,0.84761
315,49,1346.43,464.77,47.65,83.8,1,1,0.83963
315,50,973.95,366.64,47.85,74.01,1,1,0.86887
315,51,1196.3,545.18,59.88,65.51,1,1,0.85093
315,52,610.16,365.7,40.38,89.67,1,1,0.80579
315,53,1162.53,716.9,64.13,89.87,1,1,0.82201
315,54,1152.11,485.42,54.46,45.86,1,1,0.83116
315,56,1326.38,422.9,47.44,78.33,1,1,0.83072
315,57,945.11,137.07,53.44,73.32,1,1,0.82739
315,58,880.52,148.56,41.48,70.88,1,1,0.82275
315,59,1141.77,449.82,54.01,49.41,1,1,0.82767
316,37,1029.32,441.2,61.69,64.06,1,1,0.89009
316,38,1171.49,421.81,52.86,62.7,1,1,0.86663
316,39,909.69,502.43,49.76,80.81,1,1,0.87411
316,40,1092.64,554.87,68.31,69.58,1,1,0.87237
316,41,942.26,577.92,51.96,88.25,1,1,0.84144
316,42,1061.82,486.4,64.6,68.55,1,1,0.87399
316,43,1163.94,634.77,54.69,83.72,1,1,0.83357
316,44,1384.22,535.78,50.65,65.9,1,1,0.84486
316,45,1229.23,584.05,61.94,73.19,1,1,0.8496
316,46,926.04,648.6,45.71,103.29,1,1,0.84926
316,47,1152.99,521.31,56.33,61.13,1,1,0.85804
316,48,1288.82,686.92,58.86,83.14,1,1,0.84977
316,49,1346.94,464.34,47.43,84.04,1,1,0.84321
316,50,974.29,366.55,48.14,73.97,1,1,0.87306
316,51,1196.61,545.06,59.86,65.36,1,1,0.8523
316,52,610.34,364.63,39.83,90.34,1,1,0.80597
316,53,1160.71,716.06,63.33,91.55,1,1,0.81276
316,54,1152.82,485.45,54.26,45.61,1,1,0.83062
316,56,1326.84,422.78,47.61,79.08,1,1,0.83073
316,57,945.52,136.96,53.38,73.52,1,1,0.82724
316,58,881.08,148.2,41.63,71.31,1,1,0.82704
316,59,1142.25,449.71,53.98,49.28,1,1,0.82814
317,37,1029.67,441.12,61.45,64.22,1,1,0.89091
317,38,1171.67,421.75,52.87,62.7,1,1,0.86642
317,39,910.12,502.51,49.89,81.07,1,1,0.87416
317,40,1093.0,554.28,69.09,70.2,1,1,0.87241
317,41,943.03,577.87,51.6,89.26,1,1,0.84141
317,42,1062.17,486.36,64.65,68.55,1,1,0.87506
317,43,1164.12,634.88,55.13,83.93,1,1,0.83234
317,44,1384.33,535.76,50.67,66.04,1,1,0.84455
317,45,1229.64,583.96,62.0,73.28,1,1,0.85199
317,46,926.63,649.49,45.56,102.44,1,1,0.84883
317,47,1154.61,521.33,55.01,61.05,1,1,0.8588
317,48,1289.32,686.97,59.06,83.13,1,1,0.85137
317,49,1347.14,464.35,47.48,83.84,1,1,0.84344
317,50,974.61,366.49,48.35,74.22,1,1,0.87314
317,51,1197.16,545.16,59.82,65.47,1,1,0.8535
317,52,609.85,364.19,40.33,91.03,1,1,0.80641
317,53,1158.58,715.63,62.56,92.94,1,1,0.80959
317,54,1153.45,485.63,54.18,45.64,1,1,0.83313
317,56,1327.24,422.91,47.69,79.37,1,1,0.83281
317,57,945.74,136.99,53.39,73.79,1,1,0.82673
317,58,881.42,148.11,41.61,71.71,1,1,0.82714
317,59,1142.65,449.75,54.07,49.43,1,1,0.82718
318,37,1030.17,441.3,61.22,64.05,1,1,0.89145
318,38,1171.91,421.93,52.97,62.52,1,1,0.86638
318,39,910.6,502.73,49.86,80.88,1,1,0.87587
318,40,1093.48,554.2,69.03,70.38,1,1,0.87279
318,41,943.83,577.92,51.06,89.9,1,1,0.84007
318,42,1062.5,486.46,64.64,68.56,1,1,0.87619
318,43,1164.76,635.05,54.97,84.64,1,1,0.83574
318,44,1384.75,535.96,50.72,66.05,1,1,0.84592
318,45,1230.18,584.05,61.93,73.31,1,1,0.85416
318,46,927.33,650.15,45.55,101.85,1,1,0.85126
318,47,1156.15,521.31,53.9,61.25,1,1,0.85669
318,48,1289.92,687.06,58.85,83.1,1,1,0.8528
318,49,1347.55,464.54,47.48,83.76,1,1,0.84464
318,50,975.03,366.66,48.16,74.07,1,1,0.87429
318,51,1197.63,545.34,59.63,65.6,1,1,0.85274
318,52,609.15,363.88,40.78,91.53,1,1,0.82564
318,53,1156.84,717.94,60.67,91.67,1,1,0.79888
318,54,1154.02,485.72,54.09,45.81,1,1,0.83058
318,56,1327.71,423.08,47.62,79.36,1,1,0.83432
318,57,946.27,137.12,52.98,73.69,1,1,0.82778
318,58,881.96,148.24,41.3,71.93,1,1,0.8293
318,59,1143.02,449.86,54.15,49.59,1,1,0.82626
319,37,1030.3,441.3,61.16,64.31,1,1,0.89033
319,38,1171.91,422.12,52.99,62.42,1,1,0.86743
319,39,910.75,502.84,49.82,80.85,1,1,0.87561
319,40,1093.7,554.47,68.91,70.11,1,1,0.87323
319,41,943.99,578.09,51.01,90.17,1,1,0.83827
319,42,1062.76,486.73,64.57,68.59,1,1,0.87529
319,43,1165.64,634.96,54.61,85.38,1,1,0.84003
319,44,1384.98,536.39,50.57,65.71,1,1,0.84514
319,45,1230.52,584.39,61.73,73.26,1,1,0.85347
319,46,927.74,650.57,45.6,101.38,1,1,0.84783
319,47,1157.39,520.7,52.87,61.91,1,1,0.85196
319,48,1289.93,687.38,58.64,82.94,1,1,0.85165
319,49,1347.72,464.74,47.53,83.63,1,1,0.84146
319,50,975.27,366.78,47.99,73.93,1,1,0.87283
319,51,1198.02,545.68,59.42,65.41,1,1,0.84806
319,52,608.54,363.38,40.63,92.07,1,1,0.83551
319,53,1153.07,718.2,59.77,91.58,1,1,0.79956
319,54,1154.32,486.21,53.97,46.49,1,1,0.83121
319,56,1327.78,423.04,47.61,79.27,1,1,0.83488
319,57,946.74,137.22,52.58,73.69,1,1,0.82561
319,58,882.21,148.23,41.12,72.1,1,1,0.82884
319,59,1143.04,450.01,54.08,50.09,1,1,0.82763
320,37,1030.27,441.21,61.24,64.1,1,1,0.88996
320,38,1171.87,422.0,52.96,62.45,1,1,0.8675
320,39,910.71,502.74,49.85,80.86,1,1,0.87388
320,40,1093.89,554.71,68.71,69.57,1,1,0.87224
320,41,943.96,577.88,50.95,90.73,1,1,0.83644
320,42,1062.63,486.56,64.77,68.55,1,1,0.87473
320,43,1165.97,634.49,54.42,85.46,1,1,0.83752
320,44,1384.92,536.35,50.55,65.57,1,1,0.84444
320,45,1230.44,584.11,61.72,73.35,1,1,0.85128
320,46,927.83,650.7,45.48,101.07,1,1,0.84804
320,47,1157.44,519.67,52.71,62.62,1,1,0.8561
320,48,1289.81,687.07,58.79,83.04,1,1,0.85253
320,49,1347.76,464.63,47.53,83.59,1,1,0.84185
320,50,975.34,366.58,47.93,74.05,1,1,0.87241
320,51,1198.17,545.63,59.11,64.99,1,1,0.84752
320,52,607.27,362.35,40.24,92.74,1,1,0.8428
320,53,1150.38,717.81,55.56,91.11,1,1,0.81563
320,54,1154.61,486.06,53.69,45.63,1,1,0.83384
320,56,1327.57,422.88,47.68,79.27,1,1,0.83618
320,57,946.82,137.18,52.83,73.71,1,1,0.82609
320,58,882.11,148.05,41.2,72.2,1,1,0.82954
320,59,1142.98,449.76,53.88,50.4,1,1,0.82589
321,37,1030.13,441.11,61.04,64.13,1,1,0.88727
321,38,1171.8,421.83,52.89,62.51,1,1,0.86492
321,39,910.54,502.74,50.05,80.72,1,1,0.87312
321,40,1093.78,554.71,67.79,69.43,1,1,0.87263
321,41,943.76,577.75,51.22,91.11,1,1,0.83653
321,42,1062.33,485.93,65.39,69.32,1,1,0.87525
321,43,1165.71,634.0,55.07,86.04,1,1,0.82997
321,44,1384.56,536.19,50.67,65.67,1,1,0.84256
321,45,1230.26,583.95,61.84,73.46,1,1,0.8491
321,46,927.94,650.76,45.63,100.97,1,1,0.84699
321,47,1158.02,518.55,51.98,63.69,1,1,0.85356
321,48,1289.38,686.44,59.0,83.53,1,1,0.84989
321,49,1347.73,464.56,47.39,83.53,1,1,0.84233
321,50,975.18,366.52,48.06,74.15,1,1,0.86946
321,51,1197.86,545.34,59.31,64.84,1,1,0.8455
321,52,605.97,361.62,39.98,92.48,1,1,0.84424
321,53,1147.67,706.78,52.6,101.17,1,1,0.78704
321,54,1154.68,485.69,53.5,45.81,1,1,0.82953
321,56,1327.49,422.86,47.63,79.68,1,1,0.83443
321,57,946.68,137.1,53.07,73.91,1,1,0.82493
321,58,882.01,147.9,41.16,72.07,1,1,0.82715
321,59,1142.81,449.63,54.07,49.64,1,1,0.82184
322,37,1030.05,440.9,60.91,64.37,1,1,0.88767
322,38,1171.77,421.75,52.81,62.48,1,1,0.86715
322,39,910.3,502.64,50.28,80.48,1,1,0.87565
322,40,1093.8,554.48,67.32,69.5,1,1,0.87171
322,41,943.75,577.72,51.29,90.81,1,1,0.83805
322,42,1062.05,484.53,66.05,70.69,1,1,0.87608
322,43,1165.56,633.56,55.17,86.84,1,1,0.83267
322,44,1384.2,536.04,50.81,65.69,1,1,0.84236
322,45,1229.9,583.83,62.05,73.34,1,1,0.8497
322,46,928.16,650.84,45.77,100.8,1,1,0.84799
322,47,1158.31,517.65,51.56,64.42,1,1,0.84682
322,48,1288.96,686.17,58.98,83.69,1,1,0.85068
322,49,1347.78,464.5,47.32,83.38,1,1,0.84146
322,50,974.86,366.48,48.18,74.07,1,1,0.87046
322,51,1197.8,545.37,59.21,63.92,1,1,0.83976
322,52,604.58,361.09,39.99,91.77,1,1,0.84548
322,53,1145.01,702.5,49.39,104.87,1,1,0.79539
322,54,1154.45,485.01,53.5,46.51,1,1,0.82698
322,56,1327.45,422.72,47.56,79.95,1,1,0.83652
322,57,946.45,136.95,53.23,74.07,1,1,0.8257
322,58,882.03,147.76,41.03,72.0,1,1,0.82751
322,59,1142.59,449.58,54.23,48.78,1,1,0.82523
323,37,1030.14,440.71,60.96,64.69,1,1,0.88512
323,38,1171.85,421.83,52.76,62.27,1,1,0.86531
323,39,910.47,502.68,50.37,80.32,1,1,0.8748
323,40,1093.98,554.4,67.26,69.61,1,1,0.86984
323,41,943.86,577.74,51.27,91.14,1,1,0.83681
323,42,1062.6,482.27,66.31,72.98,1,1,0.87409
323,43,1165.44,633.33,55.35,87.58,1,1,0.83336
323,44,1383.99,535.99,51.0,65.75,1,1,0.84173
323,45,1229.77,583.79,62.2,73.35,1,1,0.84853
323,46,928.56,651.24,45.69,100.36,1,1,0.84719
323,47,1159.25,517.2,50.62,64.48,1,1,0.8419
323,48,1288.51,686.63,59.28,83.5,1,1,0.85269
323,49,1347.66,464.74,47.35,83.12,1,1,0.84097
323,50,974.92,366.61,48.15,73.91,1,1,0.86927
323,51,1197.48,545.7,59.49,62.27,1,1,0.82798
323,52,603.43,360.34,40.06,90.65,1,1,0.84892
323,53,1141.39,704.77,45.79,102.26,1,1,0.79643
323,54,1154.16,483.68,53.64,47.48,1,1,0.82039
323,56,1327.33,422.73,47.49,80.17,1,1,0.83688
323,57,946.19,136.9,53.5,74.23,1,1,0.82529
323,58,882.09,147.67,41.03,72.2,1,1,0.82759
323,59,1142.59,449.5,54.34,48.18,1,1,0.82295
324,37,1029.98,440.53,61.42,64.95,1,1,0.88499
324,38,1171.93,421.94,52.63,62.17,1,1,0.86559
324,39,910.66,502.77,50.41,80.08,1,1,0.87537
324,40,1094.11,554.57,67.36,69.39,1,1,0.87058
324,41,943.96,577.77,51.26,91.6,1,1,0.83749
324,42,1063.98,479.88,65.68,75.13,1,1,0.87369
324,43,1165.34,633.13,55.66,88.15,1,1,0.83156
324,44,1383.81,535.92,51.19,65.94,1,1,0.84224
324,45,1229.45,584.04,62.62,73.19,1,1,0.84779
324,46,929.04,651.7,45.6,99.92,1,1,0.84814
324,47,1158.55,517.24,51.44,64.35,1,1,0.84626
324,48,1287.89,686.92,60.06,83.22,1,1,0.85373
324,49,1347.83,464.98,47.36,82.79,1,1,0.84042
324,50,975.09,366.82,47.98,73.64,1,1,0.86961
324,51,1197.54,546.04,59.78,61.62,1,1,0.81755
324,52,602.27,359.51,40.56,89.83,1,1,0.85276
324,53,1138.83,711.5,42.45,95.66,1,1,0.79148
324,54,1153.65,482.95,53.97,47.28,1,1,0.82331
324,56,1327.31,422.77,47.36,80.58,1,1,0.84346
324,57,946.27,136.96,53.15,74.3,1,1,0.82571
324,58,881.92,147.59,41.29,72.54,1,1,0.8291
324,59,1142.76,448.79,54.01,47.55,1,1,0.82546
325,37,1029.48,440.25,63.11,65.43,1,1,0.88098
325,38,1171.92,421.98,52.72,62.39,1,1,0.86299
325,39,911.09,502.86,50.44,80.2,1,1,0.87317
325,40,1094.07,555.1,67.75,68.96,1,1,0.86835
325,41,943.98,577.78,51.37,91.82,1,1,0.83304
325,42,1065.71,477.34,65.38,77.78,1,1,0.87161
325,43,1165.18,632.97,56.21,88.73,1,1,0.8332
325,44,1383.02,535.66,52.16,66.13,1,1,0.83843
325,45,1228.92,584.3,63.22,73.22,1,1,0.84676
325,46,929.45,651.9,45.77,99.86,1,1,0.84695
325,47,1157.99,517.91,52.4,63.4,1,1,0.83676
325,48,1286.99,687.69,60.65,82.15,1,1,0.84643
325,49,1347.17,465.09,48.04,83.1,1,1,0.83921
325,50,975.15,367.06,47.97,73.42,1,1,0.86645
325,51,1196.87,546.21,60.94,61.18,1,1,0.80074
325,52,601.09,359.0,41.05,88.99,1,1,0.85254
325,53,1133.99,714.53,41.76,95.34,1,1,0.81789
325,54,1153.27,481.62,53.92,47.32,1,1,0.79634
325,56,1326.9,422.83,47.57,80.18,1,1,0.83658
325,57,946.36,137.37,51.9,74.35,1,1,0.81967
325,58,881.88,147.56,41.33,72.55,1,1,0.8267
325,59,1142.92,448.07,53.51,47.13,1,1,0.81932
326,37,1029.01,439.38,65.01,66.42,1,1,0.87924
326,38,1171.76,422.19,52.6,62.64,1,1,0.85971
326,39,911.21,503.04,50.55,80.28,1,1,0.87281
326,40,1093.32,555.35,68.81,68.67,1,1,0.86789
326,41,943.84,577.84,51.52,92.28,1,1,0.83134
326,42,1067.47,475.38,65.07,79.11,1,1,0.87148
326,43,1165.4,632.78,56.01,88.68,1,1,0.8306
326,44,1381.36,535.23,53.39,66.12,1,1,0.83771
326,45,1228.66,584.49,63.18,73.35,1,1,0.84454
326,46,929.71,652.55,45.49,99.38,1,1,0.84536
326,47,1158.34,519.32,53.09,61.74,1,1,0.82054
326,48,1286.2,688.31,60.44,80.81,1,1,0.84358
326,49,1346.58,465.13,48.64,83.14,1,1,0.8356
326,50,975.09,367.39,47.89,73.08,1,1,0.86336
326,51,1195.96,546.05,61.39,61.04,1,1,0.80106
326,52,599.53,358.51,41.37,88.14,1,1,0.8531
326,53,1126.33,719.77,44.93,92.67,1,1,0.82285
326,54,1152.27,480.79,53.85,48.38,1,1,0.77919
326,56,1326.36,423.06,47.48,80.09,1,1,0.83963
326,57,945.13,137.64,53.16,74.39,1,1,0.82703
326,58,881.36,148.05,41.35,72.28,1,1,0.82431
326,59,1142.94,447.07,52.83,46.94,1,1,0.81768
327,37,1028.94,438.21,65.96,67.39,1,1,0.87957
327,38,1171.1,421.92,52.47,62.98,1,1,0.8594
327,39,911.34,502.69,50.58,80.45,1,1,0.87281
327,40,1091.85,553.86,69.97,69.97,1,1,0.86795
327,41,943.44,577.68,51.82,92.83,1,1,0.82895
327,42,1068.27,474.49,65.91,78.43,1,1,0.87175
327,43,1165.49,632.04,55.58,88.91,1,1,0.83653
327,44,1378.55,534.59,55.5,65.96,1,1,0.83275
327,45,1228.65,583.89,62.64,73.64,1,1,0.84038
327,46,929.67,652.93,45.48,99.05,1,1,0.84452
327,47,1159.47,520.3,52.91,61.42,1,1,0.812
327,48,1284.09,688.92,62.2,81.92,1,1,0.85472
327,49,1346.63,465.42,48.43,82.53,1,1,0.82962
327,50,974.47,367.4,48.06,72.84,1,1,0.86207
327,51,1196.31,545.05,60.17,62.06,1,1,0.79858
327,52,597.25,358.09,42.08,86.87,1,1,0.85238
327,53,1117.63,721.98,51.15,91.17,1,1,0.82942
327,54,1150.68,480.4,53.93,48.4,1,1,0.78755
327,56,1325.82,423.3,47.18,79.85,1,1,0.83699
327,57,944.54,138.29,54.67,74.0,1,1,0.82955
327,58,880.22,148.36,41.9,71.8,1,1,0.82372
327,59,1142.81,445.94,52.05,46.68,1,1,0.82284
328,37,1030.03,436.17,65.59,69.09,1,1,0.87713
328,38,1170.77,421.35,52.3,63.55,1,1,0.85601
328,39,911.58,501.96,50.66,81.22,1,1,0.87232
328,40,1091.03,552.01,71.67,71.53,1,1,0.86612
328,41,943.4,577.21,51.88,93.49,1,1,0.82656
328,42,1068.88,474.14,69.07,77.33,1,1,0.86894
328,43,1165.33,631.43,55.38,89.47,1,1,0.84146
328,44,1377.41,533.57,56.08,66.85,1,1,0.83598
328,45,1228.57,583.22,63.22,73.82,1,1,0.84027
328,46,929.74,652.89,45.52,99.13,1,1,0.84371
328,47,1158.97,521.88,53.54,59.93,1,1,0.82653
328,48,1282.87,689.7,63.71,84.29,1,1,0.86295
328,49,1347.26,465.64,48.18,81.72,1,1,0.82425
328,50,974.28,367.39,48.28,72.76,1,1,0.8635
328,51,1196.21,544.1,59.54,59.8,1,1,0.79474
328,52,594.77,358.0,43.19,84.71,1,1,0.85437
328,53,1111.59,721.9,55.6,91.42,1,1,0.83108
328,54,1149.84,479.9,53.93,48.4,1,1,0.8082
328,56,1325.71,423.31,46.92,79.25,1,1,0.83874
328,57,944.39,138.8,55.74,73.71,1,1,0.82706
328,58,879.73,148.42,41.88,71.8,1,1,0.82107
328,59,1142.13,445.33,51.41,46.83,1,1,0.80918
329,37,1032.47,434.12,64.51,71.45,1,1,0.87077
329,38,1170.09,420.5,52.42,64.42,1,1,0.85062
329,39,912.0,501.43,50.88,81.91,1,1,0.87027
329,40,1090.91,550.42,72.77,73.42,1,1,0.86571
329,41,943.34,576.64,52.03,93.8,1,1,0.82132
329,42,1069.09,474.17,72.9,76.11,1,1,0.86004
329,43,1165.17,630.96,56.83,90.97,1,1,0.83564
329,44,1376.01,531.68,57.06,68.85,1,1,0.83919
329,45,1229.83,582.16,63.57,73.64,1,1,0.83065
329,46,929.88,652.87,45.59,99.19,1,1,0.84113
329,47,1158.67,522.7,54.33,60.11,1,1,0.828
329,48,1282.29,691.09,65.89,84.09,1,1,0.86518
329,49,1347.95,465.8,47.65,82.04,1,1,0.8198
329,50,974.25,367.48,48.3,72.75,1,1,0.85964
329,51,1196.76,543.35,58.29,61.25,1,1,0.77822
329,52,592.36,358.55,44.11,82.56,1,1,0.84927
329,53,1105.61,719.2,59.71,94.49,1,1,0.83036
329,54,1150.36,479.59,52.62,49.2,1,1,0.80335
329,56,1325.84,424.25,46.64,77.82,1,1,0.82079
329,57,943.16,138.75,57.5,73.74,1,1,0.83026
329,58,879.05,148.46,42.04,71.89,1,1,0.81914
329,59,1141.85,446.17,51.86,46.86,1,1,0.79229
330,37,1036.21,432.72,61.98,72.88,1,1,0.86276
330,38,1169.26,418.9,53.28,66.26,1,1,0.84129
330,39,912.5,500.78,51.17,82.57,1,1,0.8631
330,40,1092.26,548.05,72.41,76.03,1,1,0.8605
330,41,943.51,576.1,51.95,94.45,1,1,0.81791
330,42,1069.95,474.31,75.0,75.33,1,1,0.85003
330,43,1165.11,630.46,59.72,92.22,1,1,0.82947
330,44,1374.85,528.77,58.29,71.76,1,1,0.8295
330,45,1230.76,580.05,65.39,74.12,1,1,0.81818
330,46,930.27,653.04,45.37,99.11,1,1,0.83764
330,47,1160.21,523.7,55.16,60.81,1,1,0.8049
330,48,1280.91,693.01,68.46,82.9,1,1,0.86169
330,49,1348.44,465.76,47.84,84.05,1,1,0.81645
330,50,974.23,367.52,48.26,72.74,1,1,0.85292
330,51,1200.04,543.96,55.1,58.49,1,1,0.74548
330,52,589.91,359.21,45.87,81.23,1,1,0.84359
330,53,1101.76,717.8,62.34,96.13,1,1,0.83761
330,54,1151.49,478.89,50.89,51.76,1,1,0.77159
330,56,1325.85,425.35,46.36,76.98,1,1,0.81319
330,57,942.39,138.74,56.0,73.13,1,1,0.81846
330,58,878.71,148.69,41.73,71.39,1,1,0.81366
330,59,1142.68,446.95,51.16,47.48,1,1,0.76691
331,37,1038.4,431.51,61.27,74.59,1,1,0.84505
331,38,1168.72,415.96,53.79,69.45,1,1,0.83424
331,39,913.04,500.1,51.55,83.18,1,1,0.85593
331,40,1094.4,546.01,72.6,77.79,1,1,0.85011
331,41,943.75,575.44,52.26,94.97,1,1,0.80907
331,42,1071.75,474.33,76.37,75.14,1,1,0.84012
331,43,1164.35,629.47,62.1,92.84,1,1,0.82629
331,44,1373.13,524.83,59.74,75.07,1,1,0.81469
331,45,1231.23,576.81,67.69,75.86,1,1,0.79791
331,46,930.5,653.14,45.08,98.51,1,1,0.83042
331,47,1159.64,524.27,54.82,60.18,1,1,0.76874
331,48,1278.78,692.72,70.94,83.16,1,1,0.85482
331,49,1350.4,466.26,46.95,83.1,1,1,0.80086
331,50,974.43,367.41,48.09,72.12,1,1,0.83641
331,51,1200.12,543.9,54.67,59.0,1,1,0.65756
331,52,587.62,360.39,47.47,79.18,1,1,0.83096
331,53,1100.38,717.15,62.65,96.44,1,1,0.82855
331,54,1151.3,479.42,49.94,54.71,1,1,0.74755
331,56,1326.13,426.27,45.72,75.17,1,1,0.79822
331,57,941.69,138.98,52.12,70.34,1,1,0.79439
331,58,879.2,148.81,40.08,70.39,1,1,0.7983
331,59,1143.0,447.21,50.03,49.16,1,1,0.75083
332,37,1039.99,431.08,61.62,75.7,1,1,0.8536
332,38,1167.69,412.17,53.91,73.25,1,1,0.82563
332,39,913.57,499.51,51.71,83.72,1,1,0.85377
332,40,1096.45,545.39,74.56,79.43,1,1,0.84442
332,41,944.29,574.85,52.25,96.25,1,1,0.81238
332,42,1074.59,475.2,76.95,74.3,1,1,0.83733
332,43,1164.26,628.52,63.72,92.63,1,1,0.82532
332,44,1371.69,522.79,60.38,76.7,1,1,0.81389
332,45,1233.1,575.86,67.85,76.72,1,1,0.81359
332,46,930.75,653.43,44.78,97.89,1,1,0.82931
332,47,1161.4,526.01,54.7,60.49,1,1,0.77821
332,48,1276.06,692.49,73.54,83.41,1,1,0.85531
332,49,1351.35,466.14,46.95,83.64,1,1,0.79937
332,50,974.52,367.14,48.13,72.13,1,1,0.83738
332,52,585.08,361.81,49.13,77.46,1,1,0.83529
332,53,1099.84,714.55,60.99,98.77,1,1,0.81676
332,54,1150.52,479.45,50.49,57.08,1,1,0.77824
332,56,1326.55,427.16,45.35,74.15,1,1,0.79964
332,57,940.08,138.36,48.99,70.7,1,1,0.79988
332,58,879.01,148.14,39.63,70.45,1,1,0.80203
332,59,1143.17,447.66,49.35,47.91,1,1,0.7286
333,37,1040.35,431.15,62.94,76.93,1,1,0.82414
333,38,1166.63,408.73,54.58,76.95,1,1,0.78144
333,39,913.97,499.27,52.25,83.37,1,1,0.83729
333,40,1098.07,545.15,77.87,81.29,1,1,0.81786
333,41,944.65,574.68,52.2,96.44,1,1,0.79427
333,42,1076.74,478.21,75.33,71.57,1,1,0.78025
333,43,1162.34,626.87,66.87,91.16,1,1,0.80349
333,44,1369.42,517.73,61.06,81.28,1,1,0.81694
333,45,1235.23,574.82,68.14,79.88,1,1,0.80855
333,46,931.08,653.66,44.61,97.21,1,1,0.82211
333,47,1163.63,528.2,53.58,59.7,1,1,0.71143
333,48,1272.52,690.5,76.11,85.04,1,1,0.84182
333,49,1352.77,466.32,46.57,82.02,1,1,0.78284
333,50,974.5,367.28,47.7,71.55,1,1,0.82057
333,52,583.11,363.5,50.06,75.5,1,1,0.82373
333,53,1098.08,715.08,56.68,98.5,1,1,0.80856
333,54,1150.33,480.86,50.6,59.25,1,1,0.75209
333,56,1327.59,428.44,44.4,72.2,1,1,0.78189
333,57,938.35,138.38,45.19,69.47,1,1,0.79639
333,58,878.65,147.65,38.51,70.47,1,1,0.7947
333,59,1142.61,448.79,48.22,48.58,1,1,0.64243
334,37,1041.59,431.52,63.71,78.92,1,1,0.80724
334,38,1165.13,404.56,55.61,81.07,1,1,0.77893
334,39,914.23,499.12,52.46,82.91,1,1,0.82801
334,40,1100.84,544.8,77.59,85.15,1,1,0.76894
334,41,945.07,574.61,52.01,96.2,1,1,0.78482
334,42,1082.01,483.74,62.58,66.32,1,1,0.64634
334,43,1161.31,625.72,69.55,90.16,1,1,0.79446
334,44,1366.27,513.46,62.48,85.03,1,1,0.81352
334,45,1237.0,574.81,68.43,84.42,1,1,0.82595
334,46,931.24,653.86,44.59,96.79,1,1,0.81816
334,47,1165.56,529.81,50.63,58.32,1,1,0.6723
334,48,1267.57,687.66,78.83,87.23,1,1,0.83472
334,49,1354.61,466.93,47.07,81.4,1,1,0.77545
334,50,974.4,367.22,46.97,71.28,1,1,0.80967
334,52,582.07,365.66,49.4,72.76,1,1,0.81
334,53,1094.6,715.75,53.1,98.21,1,1,0.79827
334,54,1149.19,482.06,51.19,59.86,1,1,0.75475
334,56,1328.91,430.04,42.97,71.5,1,1,0.77597
334,57,937.31,138.89,42.51,69.0,1,1,0.78967
334,58,877.97,146.49,37.88,71.03,1,1,0.78571
334,51,1194.64,542.45,55.25,64.16,1,1,0.65586
335,37,1044.09,431.72,63.01,82.14,1,1,0.74356
335,38,1162.98,400.02,57.2,85.32,1,1,0.78723
335,39,914.21,499.3,53.58,82.34,1,1,0.82374
335,40,1102.68,545.28,76.87,89.45,1,1,0.71588
335,41,945.6,574.77,52.06,96.84,1,1,0.77768
335,43,1160.27,625.27,70.94,89.38,1,1,0.79163
335,44,1363.56,511.19,59.88,85.21,1,1,0.80232
335,45,1237.2,575.19,69.25,86.11,1,1,0.82275
335,46,931.29,654.27,44.69,96.25,1,1,0.81454
335,48,1264.12,686.56,78.42,87.01,1,1,0.82626
335,49,1356.61,467.88,46.75,79.16,1,1,0.75915
335,50,974.06,367.43,46.37,70.74,1,1,0.80014
335,52,580.83,367.78,47.24,70.03,1,1,0.80117
335,53,1085.48,721.13,53.32,93.28,1,1,0.77655
335,54,1146.73,482.16,53.51,62.05,1,1,0.73838
335,56,1329.6,431.74,41.62,70.66,1,1,0.77529
335,57,937.05,140.64,40.0,68.34,1,1,0.79011
335,58,877.11,145.78,37.49,70.75,1,1,0.77458
336,37,1048.46,432.21,61.67,85.1,1,1,0.74451
336,38,1160.88,395.61,57.86,88.64,1,1,0.78446
336,39,914.89,499.66,54.43,81.19,1,1,0.8128
336,40,1104.13,544.69,80.09,93.42,1,1,0.69468
336,41,946.34,575.18,52.49,98.24,1,1,0.77945
336,43,1160.55,625.39,71.98,87.73,1,1,0.7895
336,44,1360.71,507.72,56.65,85.5,1,1,0.80018
336,45,1238.18,575.76,68.9,86.67,1,1,0.81462
336,46,931.5,655.21,44.06,95.18,1,1,0.80788
336,48,1261.19,685.37,75.47,85.75,1,1,0.81068
336,49,1358.68,467.89,47.71,80.87,1,1,0.75966
336,50,974.37,367.29,45.7,70.42,1,1,0.79229
336,52,579.74,369.2,46.29,68.74,1,1,0.79319
336,53,1080.7,721.62,51.89,92.57,1,1,0.78394
336,54,1146.65,482.02,55.14,63.62,1,1,0.71476
336,56,1330.76,433.2,39.86,71.34,1,1,0.76931
336,57,935.58,141.27,39.69,67.98,1,1,0.79347
336,58,876.31,145.2,37.18,70.38,1,1,0.76786
336,42,1093.38,483.46,57.95,68.17,1,1,0.66965
337,37,1056.19,431.86,56.51,87.16,1,1,0.78382
337,38,1158.81,390.23,57.76,92.17,1,1,0.80888
337,39,915.03,499.5,55.61,80.28,1,1,0.81793
337,40,1107.28,543.98,81.56,94.93,1,1,0.68774
337,41,947.47,574.94,52.32,99.42,1,1,0.78943
337,43,1160.63,624.68,73.94,87.59,1,1,0.80418
337,44,1357.45,504.32,55.41,85.92,1,1,0.80248
337,45,1241.16,576.29,66.25,86.73,1,1,0.82038
337,46,931.42,654.78,44.65,95.3,1,1,0.80839
337,48,1256.69,684.47,71.03,83.66,1,1,0.81085
337,49,1359.99,467.01,47.94,82.37,1,1,0.7614
337,50,974.04,366.24,46.41,71.58,1,1,0.80262
337,52,577.72,369.53,48.05,68.92,1,1,0.79033
337,53,1077.78,718.38,51.87,95.78,1,1,0.80604
337,54,1147.15,481.33,56.46,66.11,1,1,0.72095
337,56,1331.64,434.02,38.94,77.58,1,1,0.76373
337,57,934.46,140.86,39.04,68.15,1,1,0.79533
337,58,875.53,144.42,36.56,71.1,1,1,0.77727
337,42,1095.75,480.68,61.43,71.72,1,1,0.72359
337,51,1189.55,545.6,61.2,69.25,1,1,0.70229
338,37,1063.39,432.37,52.31,87.01,1,1,0.78018
338,38,1157.37,386.4,55.58,92.1,1,1,0.79276
338,39,915.41,499.79,57.23,79.8,1,1,0.82163
338,40,1116.85,543.01,76.86,96.17,1,1,0.70807
338,41,949.33,575.04,51.31,99.42,1,1,0.79255
338,43,1161.47,624.37,75.89,86.82,1,1,0.80286
338,44,1355.39,503.1,55.18,85.93,1,1,0.79527
338,45,1245.25,577.24,62.59,86.13,1,1,0.81162
338,46,931.85,654.53,44.98,95.24,1,1,0.80634
338,48,1250.93,684.12,64.85,81.5,1,1,0.78827
338,49,1360.67,466.85,48.24,81.43,1,1,0.74748
338,50,974.09,365.45,47.28,72.54,1,1,0.80359
338,52,574.48,370.46,48.72,68.46,1,1,0.78777
338,53,1075.94,718.51,49.65,96.59,1,1,0.80688
338,54,1146.82,479.6,58.64,71.59,1,1,0.70228
338,56,1332.66,435.25,38.07,81.56,1,1,0.76578
338,57,933.46,141.9,38.85,67.02,1,1,0.79072
338,58,874.83,144.56,35.53,71.16,1,1,0.78373
338,42,1097.3,478.33,61.41,75.89,1,1,0.6513
338,51,1188.1,546.43,64.11,72.43,1,1,0.71959
339,37,1068.9,433.16,49.45,86.06,1,1,0.71519
339,38,1156.57,384.52,51.34,86.89,1,1,0.75837
339,39,915.48,500.3,59.34,79.04,1,1,0.80591
339,40,1123.56,544.51,73.49,94.9,1,1,0.67825
339,41,950.72,576.28,51.16,97.85,1,1,0.76972
339,43,1162.69,624.23,78.38,86.33,1,1,0.76928
339,44,1351.99,502.23,56.96,84.39,1,1,0.77898
339,45,1249.18,579.22,60.19,84.66,1,1,0.77511
339,46,932.56,656.6,44.33,92.75,1,1,0.79613
339,48,1243.95,684.31,59.89,80.11,1,1,0.76178
339,49,1364.56,467.83,44.98,79.39,1,1,0.7453
339,50,974.83,365.31,47.87,72.44,1,1,0.79711
339,52,571.96,370.87,47.57,67.28,1,1,0.77541
339,53,1073.88,720.19,45.28,95.91,1,1,0.78462
339,54,1146.73,474.81,60.69,78.65,1,1,0.6623
339,56,1334.49,436.97,37.2,81.09,1,1,0.75422
339,57,932.34,142.15,39.22,65.95,1,1,0.78593
339,58,874.75,144.56,34.17,69.65,1,1,0.77777
339,51,1186.91,547.98,67.46,75.59,1,1,0.66563
340,37,1072.32,434.26,47.81,85.06,1,1,0.70268
340,38,1155.78,383.3,50.34,82.46,1,1,0.76486
340,39,917.03,501.07,59.87,80.67,1,1,0.79684
340,41,950.77,577.91,51.63,95.56,1,1,0.76339
340,43,1163.82,624.1,80.58,87.43,1,1,0.69908
340,44,1346.19,502.0,58.88,81.13,1,1,0.76769
340,45,1250.99,582.03,62.09,84.37,1,1,0.76062
340,46,933.1,658.3,44.12,91.85,1,1,0.78937
340,48,1238.19,684.09,60.17,80.98,1,1,0.76803
340,49,1367.24,469.31,42.23,74.9,1,1,0.74998
340,50,975.17,365.0,48.32,73.02,1,1,0.79774
340,52,568.58,370.8,46.58,67.28,1,1,0.77823
340,53,1069.67,722.68,42.75,96.13,1,1,0.78428
340,54,1146.12,470.68,62.84,85.27,1,1,0.66814
340,56,1336.02,438.91,36.57,73.6,1,1,0.72758
340,57,930.59,143.29,40.23,64.7,1,1,0.77965
340,58,874.24,144.83,33.32,67.81,1,1,0.77128
340,42,1100.41,475.0,63.54,85.38,1,1,0.66451
341,37,1075.27,434.8,47.13,85.92,1,1,0.66012
341,38,1154.31,381.29,51.28,80.94,1,1,0.7773
341,39,919.68,501.79,59.1,80.97,1,1,0.78251
341,41,950.9,579.61,51.58,92.98,1,1,0.74893
341,43,1164.52,622.88,83.11,88.14,1,1,0.69
341,44,1341.27,501.12,58.95,78.36,1,1,0.78301
341,45,1249.63,584.48,68.95,84.56,1,1,0.75637
341,46,933.52,659.31,43.78,91.85,1,1,0.78066
341,48,1232.76,682.76,64.61,82.8,1,1,0.77095
341,49,1369.07,469.53,40.81,76.34,1,1,0.7595
341,50,975.01,363.99,49.25,74.06,1,1,0.80224
341,52,565.19,371.49,42.98,65.92,1,1,0.78079
341,53,1062.87,725.49,43.02,95.83,1,1,0.786
341,54,1145.92,469.46,65.52,88.57,1,1,0.68397
341,56,1337.41,440.89,35.96,64.0,1,1,0.73504
341,57,928.77,142.54,41.01,65.21,1,1,0.77703
341,58,873.58,144.33,32.44,68.15,1,1,0.76472
341,42,1102.26,475.94,62.55,90.21,1,1,0.664
342,38,1151.68,378.78,52.87,80.79,1,1,0.77889
342,39,923.44,502.5,57.11,80.38,1,1,0.77979
342,41,949.74,580.97,52.78,89.84,1,1,0.74643
342,43,1165.75,620.84,87.02,88.58,1,1,0.64711
342,44,1336.16,499.51,50.14,76.9,1,1,0.76628
342,45,1251.61,586.81,71.89,87.59,1,1,0.77014
342,46,933.74,659.4,44.16,92.86,1,1,0.77871
342,48,1227.7,683.44,65.72,82.05,1,1,0.76685
342,49,1369.87,470.05,41.68,81.26,1,1,0.7645
342,50,975.03,362.26,50.61,75.31,1,1,0.80417
342,52,561.87,371.74,41.09,65.22,1,1,0.78735
342,53,1054.66,727.23,45.75,94.97,1,1,0.78781
342,54,1146.99,469.87,66.99,89.1,1,1,0.68593
342,56,1338.59,443.44,35.3,59.07,1,1,0.72533
342,57,927.16,140.96,40.41,65.61,1,1,0.77873
342,58,871.63,144.11,32.56,69.41,1,1,0.76593
343,38,1148.24,375.82,54.1,80.77,1,1,0.78307
343,39,929.6,503.59,53.7,78.79,1,1,0.79087
343,41,949.73,583.34,52.72,87.57,1,1,0.74727
343,43,1175.5,619.33,80.19,89.48,1,1,0.65193
343,44,1331.01,497.08,44.34,78.14,1,1,0.75723
343,45,1255.22,589.25,71.09,88.35,1,1,0.74197
343,46,934.15,659.34,44.16,95.0,1,1,0.76586
343,48,1223.28,684.46,57.0,80.73,1,1,0.7393
343,49,1370.74,470.68,42.59,83.6,1,1,0.77431
343,50,975.47,360.04,52.06,76.57,1,1,0.81115
343,52,559.13,371.65,40.85,64.75,1,1,0.79399
343,53,1047.41,728.01,48.84,94.31,1,1,0.78019
343,56,1339.07,446.93,34.72,52.07,1,1,0.67921
343,57,924.68,141.06,39.8,65.19,1,1,0.78156
343,58,870.1,143.56,32.29,70.1,1,1,0.74651
344,38,1144.17,372.3,53.53,80.22,1,1,0.77725
344,39,935.09,504.71,51.17,76.66,1,1,0.79771
344,41,951.18,585.51,52.17,84.74,1,1,0.75491
344,44,1325.56,494.65,43.43,78.25,1,1,0.77256
344,45,1257.83,591.44,69.67,86.03,1,1,0.68797
344,46,935.03,659.51,43.5,96.13,1,1,0.75968
344,48,1216.59,680.03,53.11,83.08,1,1,0.75168
344,49,1371.99,472.24,41.19,83.82,1,1,0.79363
344,50,977.74,357.65,51.67,77.2,1,1,0.80114
344,52,557.2,371.47,39.16,65.19,1,1,0.80605
344,53,1043.85,727.99,50.38,93.78,1,1,0.76801
344,56,1339.34,449.7,34.45,51.0,1,1,0.69755
344,57,922.73,141.28,38.59,64.33,1,1,0.78683
344,58,866.28,144.82,33.05,69.13,1,1,0.72145
345,38,1140.54,368.81,53.83,79.98,1,1,0.78056
345,39,940.14,504.56,51.11,76.7,1,1,0.78463
345,41,951.58,586.53,54.9,84.49,1,1,0.75008
345,44,1321.68,490.84,45.32,82.22,1,1,0.75321
345,45,1259.95,592.65,70.62,87.45,1,1,0.67415
345,46,936.9,658.98,43.51,98.48,1,1,0.75996
345,48,1208.61,675.56,54.39,85.12,1,1,0.70843
345,49,1373.37,473.29,42.18,84.12,1,1,0.77937
345,50,983.02,354.85,49.7,77.54,1,1,0.79397
345,52,555.6,371.04,38.37,66.54,1,1,0.79791
345,53,1038.58,727.5,55.19,93.74,1,1,0.78165
345,56,1339.44,451.72,35.44,56.37,1,1,0.679
345,57,920.8,141.43,37.98,64.06,1,1,0.78928
345,58,862.5,145.83,34.62,67.8,1,1,0.70186
346,38,1136.52,365.21,54.76,81.14,1,1,0.78094
346,39,943.01,504.1,53.26,79.32,1,1,0.79008
346,41,951.91,585.88,59.98,86.79,1,1,0.77478
346,44,1317.44,485.24,47.84,90.26,1,1,0.76013
346,45,1263.02,594.84,69.43,87.64,1,1,0.77209
346,46,937.89,658.79,43.94,100.9,1,1,0.77757
346,48,1201.59,672.61,57.38,89.63,1,1,0.78967
346,49,1372.39,473.83,45.86,87.16,1,1,0.78258
346,50,988.65,352.27,48.39,78.2,1,1,0.79735
346,52,552.49,370.77,39.8,70.41,1,1,0.79321
346,53,1032.45,725.96,61.89,96.37,1,1,0.80082
346,56,1338.68,453.17,38.49,70.97,1,1,0.70253
346,57,918.34,141.8,37.47,63.66,1,1,0.78642
346,58,858.54,144.14,36.24,69.52,1,1,0.73584
346,42,1103.43,473.67,65.51,95.66,1,1,0.73584
346,54,1155.69,472.9,64.03,86.12,1,1,0.76094
346,43,1207.01,610.37,66.76,92.24,1,1,0.73499
347,38,1133.42,361.56,54.0,83.29,1,1,0.77969
347,39,944.9,501.7,56.99,82.05,1,1,0.79766
347,41,953.39,584.84,63.98,87.24,1,1,0.78617
347,44,1314.01,478.81,49.24,95.02,1,1,0.78042
347,45,1267.96,596.52,66.54,87.59,1,1,0.77365
347,46,939.81,657.36,44.05,101.74,1,1,0.77154
347,48,1194.45,669.07,62.02,91.6,1,1,0.79707
347,49,1371.97,473.41,51.56,88.51,1,1,0.79126
347,50,996.64,348.88,45.68,78.65,1,1,0.79491
347,52,548.77,369.89,41.56,74.27,1,1,0.79469
347,53,1028.49,722.04,66.03,99.25,1,1,0.80979
347,56,1337.74,453.91,41.89,79.46,1,1,0.74371
347,57,914.41,141.9,38.73,64.03,1,1,0.7869
347,58,857.1,140.1,36.64,72.49,1,1,0.74891
347,42,1104.13,473.29,66.12,95.7,1,1,0.76837
347,54,1158.35,472.84,64.63,85.94,1,1,0.79359
347,43,1220.15,607.49,61.76,95.16,1,1,0.7574
347,40,1132.1,554.99,73.93,87.9,1,1,0.72265
347,51,1185.74,552.99,70.08,80.72,1,1,0.68075
347,37,1097.1,436.67,45.34,83.52,1,1,0.64648
348,38,1127.99,358.31,53.4,85.31,1,1,0.77886
348,39,944.78,499.39,61.15,84.45,1,1,0.8051
348,41,953.07,583.2,67.93,86.29,1,1,0.78822
348,44,1308.88,473.37,49.66,95.17,1,1,0.77834
348,45,1271.87,598.14,63.99,85.16,1,1,0.77713
348,46,940.67,657.24,44.58,101.47,1,1,0.77907
348,48,1186.9,665.43,65.66,94.83,1,1,0.81383
348,49,1371.83,473.36,55.36,88.25,1,1,0.80712
348,50,1003.24,346.19,43.37,77.96,1,1,0.80276
348,52,543.95,369.64,42.11,76.96,1,1,0.79749
348,53,1024.13,719.03,67.88,99.73,1,1,0.80743
348,56,1337.07,454.88,43.76,84.79,1,1,0.77405
348,57,909.43,141.84,40.19,63.17,1,1,0.7833
348,58,854.89,137.0,35.94,72.08,1,1,0.74219
348,42,1104.65,472.76,66.81,96.52,1,1,0.77299
348,54,1160.66,474.21,64.58,84.06,1,1,0.78986
348,43,1228.29,605.1,59.4,99.08,1,1,0.77312
348,40,1131.62,555.03,75.4,88.13,1,1,0.75509
348,51,1186.44,552.57,69.0,80.8,1,1,0.71541
348,37,1098.58,436.64,45.91,80.47,1,1,0.70808
349,38,1124.38,354.92,52.08,89.61,1,1,0.79777
349,39,945.67,497.62,64.61,86.97,1,1,0.82365
349,41,953.61,581.54,72.34,86.53,1,1,0.8031
349,44,1304.0,470.38,49.78,93.25,1,1,0.79958
349,45,1271.97,599.54,70.68,83.4,1,1,0.76913
349,46,941.63,658.16,45.12,101.57,1,1,0.7926
349,48,1180.07,662.38,71.72,97.65,1,1,0.82535
349,49,1371.92,474.31,57.65,88.05,1,1,0.81539
349,50,1007.23,344.88,42.49,77.33,1,1,0.81113
349,52,538.88,371.05,43.28,79.62,1,1,0.80454
349,53,1019.17,717.65,68.57,101.75,1,1,0.80666
349,56,1336.59,457.32,45.08,85.53,1,1,0.7877
349,57,905.64,141.64,41.92,63.12,1,1,0.77491
349,58,853.44,133.66,34.94,71.92,1,1,0.75464
349,42,1105.03,474.72,67.73,97.28,1,1,0.77444
349,54,1162.84,476.81,65.88,82.32,1,1,0.80967
349,43,1236.72,606.66,54.72,100.81,1,1,0.7538
349,40,1130.53,555.69,78.47,88.78,1,1,0.78851
349,51,1187.19,553.05,69.8,81.65,1,1,0.73552
349,37,1100.53,437.51,45.88,79.82,1,1,0.75593
350,38,1122.73,350.56,50.76,92.35,1,1,0.80828
350,39,948.73,495.79,66.73,88.38,1,1,0.83983
350,41,956.59,579.15,73.99,86.06,1,1,0.81414
350,44,1299.79,466.76,49.13,92.46,1,1,0.80966
350,45,1275.34,600.82,74.15,81.43,1,1,0.78296
350,46,943.35,659.05,45.19,100.51,1,1,0.79917
350,48,1173.99,659.2,74.22,93.62,1,1,0.81269
350,49,1373.67,474.86,58.53,87.69,1,1,0.82397
350,50,1010.42,343.43,42.97,75.21,1,1,0.81107
350,52,535.33,372.26,43.88,80.76,1,1,0.81164
350,53,1016.94,719.26,64.1,100.48,1,1,0.81449
350,56,1338.8,459.88,44.85,85.0,1,1,0.79168
350,57,902.8,141.56,43.31,61.98,1,1,0.77027
350,58,852.16,131.78,35.11,71.76,1,1,0.76025
350,42,1105.2,479.01,67.59,101.22,1,1,0.77041
350,54,1165.32,479.05,67.58,80.33,1,1,0.81259
350,43,1243.01,606.61,53.55,102.26,1,1,0.7776
350,40,1130.24,555.36,79.44,91.29,1,1,0.80584
350,51,1190.48,553.15,69.18,82.0,1,1,0.765
350,37,1102.82,437.53,45.63,79.87,1,1,0.78523
351,38,1120.59,346.57,47.49,91.94,1,1,0.781
351,39,953.6,494.55,65.55,88.44,1,1,0.82707
351,41,959.71,577.77,73.62,84.44,1,1,0.78958
351,44,1294.63,464.46,50.36,92.74,1,1,0.80286
351,45,1278.7,601.49,77.87,84.61,1,1,0.76768
351,46,944.8,660.27,44.07,99.49,1,1,0.79717
351,48,1165.48,656.29,70.16,90.28,1,1,0.74942
351,49,1374.41,475.41,59.38,87.3,1,1,0.82541
351,50,1013.09,342.75,43.56,73.72,1,1,0.79746
351,52,530.57,374.97,43.89,79.4,1,1,0.80398
351,53,1013.92,719.61,56.86,100.69,1,1,0.79491
351,56,1340.09,462.83,44.47,83.0,1,1,0.79153
351,57,900.04,142.1,41.91,60.22,1,1,0.77101
351,58,848.86,130.88,35.34,69.97,1,1,0.7501
351,42,1103.28,484.15,68.98,102.98,1,1,0.70829
351,54,1166.89,481.44,69.86,79.69,1,1,0.79402
351,43,1245.98,607.26,53.61,103.16,1,1,0.77364
351,40,1129.88,556.93,80.46,94.79,1,1,0.77751
351,51,1192.2,553.68,69.58,84.25,1,1,0.75266
351,37,1104.02,437.88,45.39,79.64,1,1,0.77884
352,38,1118.35,344.12,44.8,88.46,1,1,0.76317
352,39,962.58,493.64,60.57,87.12,1,1,0.7997
352,41,964.84,576.35,71.68,85.22,1,1,0.79082
352,44,1289.63,462.48,51.11,91.25,1,1,0.77883
352,45,1282.19,601.36,78.86,86.73,1,1,0.73582
352,46,946.69,661.3,43.23,98.7,1,1,0.79291
352,48,1159.27,654.02,63.34,90.19,1,1,0.76011
352,49,1376.06,475.76,58.82,87.08,1,1,0.8242
352,50,1015.97,341.62,43.0,73.66,1,1,0.79033
352,52,526.03,377.76,43.89,75.88,1,1,0.8001
352,53,1011.44,718.69,47.98,102.74,1,1,0.78251
352,56,1340.39,466.09,45.02,80.4,1,1,0.78706
352,57,897.55,142.27,38.74,59.07,1,1,0.76619
352,58,845.59,130.68,34.76,63.34,1,1,0.7327
352,54,1168.69,483.82,72.86,80.14,1,1,0.77799
352,43,1247.02,606.84,56.22,104.39,1,1,0.78706
352,40,1131.3,559.04,80.31,96.51,1,1,0.7598
352,51,1195.16,555.15,69.12,86.29,1,1,0.74704
352,37,1103.67,438.43,46.94,79.3,1,1,0.76874
353,38,1114.73,342.57,43.26,84.65,1,1,0.74799
353,39,973.21,493.46,54.49,86.36,1,1,0.80302
353,41,973.61,575.6,66.85,83.46,1,1,0.79308
353,44,1284.51,460.37,48.44,83.88,1,1,0.77738
353,45,1286.99,602.08,76.17,86.09,1,1,0.77396
353,46,948.35,661.9,43.95,98.73,1,1,0.79796
353,48,1152.95,652.67,56.62,87.67,1,1,0.77167
353,49,1377.16,476.06,58.6,86.78,1,1,0.82253
353,50,1018.45,340.77,43.62,74.21,1,1,0.78512
353,52,518.68,380.33,47.93,74.71,1,1,0.80233
353,53,1006.95,717.86,44.7,103.35,1,1,0.77197
353,56,1339.03,469.88,45.02,76.87,1,1,0.78852
353,57,893.17,142.35,40.43,58.09,1,1,0.76009
353,58,841.98,130.6,35.49,65.35,1,1,0.76646
353,54,1169.04,486.16,76.67,80.73,1,1,0.77219
353,43,1247.89,607.25,59.5,107.24,1,1,0.78591
353,40,1131.49,560.19,78.85,96.84,1,1,0.77302
353,51,1196.84,557.15,67.81,87.84,1,1,0.74363
353,37,1103.7,439.32,47.17,78.76,1,1,0.75086
354,38,1109.86,341.39,43.17,79.89,1,1,0.74274
354,39,982.6,493.47,49.98,84.96,1,1,0.80055
354,41,978.05,574.97,66.9,81.36,1,1,0.77574
354,44,1279.18,457.72,46.5,79.33,1,1,0.77582
354,45,1292.13,601.82,73.09,85.6,1,1,0.77526
354,46,950.05,662.92,44.32,98.61,1,1,0.79005
354,48,1144.17,650.99,56.83,86.49,1,1,0.77024
354,49,1379.43,476.17,56.66,86.59,1,1,0.81444
354,50,1021.53,339.28,43.52,75.12,1,1,0.78064
354,52,511.72,382.32,52.44,74.49,1,1,0.8074
354,53,1002.17,717.78,44.79,102.62,1,1,0.74016
354,56,1338.37,473.33,43.5,73.91,1,1,0.7826
354,57,887.31,142.57,42.89,57.7,1,1,0.7633
354,58,838.68,129.91,35.94,65.38,1,1,0.76931
354,54,1170.3,488.3,77.3,80.36,1,1,0.75422
354,43,1250.3,607.2,61.4,107.82,1,1,0.77274
354,40,1131.64,561.38,78.54,95.54,1,1,0.75877
354,51,1199.09,559.47,67.08,88.92,1,1,0.74948
354,37,1103.97,439.95,47.42,79.86,1,1,0.71791
354,42,1100.41,503.48,75.29,92.97,1,1,0.64074
355,38,1105.14,340.14,46.22,75.78,1,1,0.74924
355,39,988.68,493.36,47.84,84.42,1,1,0.79704
355,41,980.55,573.92,69.19,79.68,1,1,0.77305
355,44,1272.56,454.63,47.74,78.78,1,1,0.77822
355,45,1296.92,601.47,70.01,85.59,1,1,0.78699
355,46,950.6,664.48,43.92,98.35,1,1,0.78096
355,48,1134.81,649.12,58.67,85.1,1,1,0.76257
355,49,1381.31,475.32,54.62,86.66,1,1,0.80386
355,50,1023.43,337.27,42.98,75.87,1,1,0.7796
355,52,506.63,383.45,55.01,74.44,1,1,0.79957
355,53,993.25,716.78,45.16,99.2,1,1,0.70326
355,56,1337.11,475.96,42.19,71.3,1,1,0.77405
355,57,883.14,143.26,44.2,57.16,1,1,0.7727
355,58,834.26,128.58,35.76,64.91,1,1,0.75724
355,54,1169.87,490.36,79.08,79.44,1,1,0.72145
355,43,1251.99,607.33,63.05,107.51,1,1,0.76497
355,40,1132.19,562.57,78.77,93.23,1,1,0.71535
355,51,1200.15,561.62,67.18,89.75,1,1,0.71348
355,37,1105.06,440.22,46.57,81.67,1,1,0.69412
356,38,1099.88,339.08,50.06,73.98,1,1,0.75945
356,39,993.75,493.58,47.52,83.8,1,1,0.79684
356,41,983.27,573.22,71.76,78.17,1,1,0.76505
356,44,1266.36,452.29,50.49,80.62,1,1,0.78913
356,45,1300.36,601.34,67.28,85.5,1,1,0.79107
356,46,951.57,667.33,43.49,96.05,1,1,0.77164
356,48,1125.71,647.13,62.61,85.89,1,1,0.73859
356,49,1383.49,474.32,52.35,87.45,1,1,0.80144
356,50,1024.71,335.12,42.47,77.41,1,1,0.77701
356,52,502.69,384.57,55.83,74.97,1,1,0.79678
356,53,984.56,716.64,44.31,95.62,1,1,0.73377
356,56,1336.55,478.2,42.29,73.58,1,1,0.75131
356,57,879.39,144.75,45.52,56.44,1,1,0.78178
356,58,829.64,128.45,36.47,64.2,1,1,0.75026
356,54,1170.89,492.88,78.52,77.16,1,1,0.74447
356,43,1255.26,607.92,62.31,106.66,1,1,0.76159
356,40,1134.52,564.71,76.86,91.29,1,1,0.67243
356,51,1202.2,565.16,69.14,89.03,1,1,0.70867
356,37,1105.96,440.35,46.33,85.16,1,1,0.72355
357,38,1094.18,336.99,53.32,72.74,1,1,0.75801
357,39,998.45,494.12,46.28,81.39,1,1,0.78826
357,41,985.46,572.49,74.95,76.49,1,1,0.7285
357,44,1260.47,449.94,49.75,82.16,1,1,0.77021
357,45,1302.75,601.46,65.21,86.4,1,1,0.78473
357,46,951.08,670.26,43.7,89.0,1,1,0.75974
357,48,1115.52,645.86,68.63,86.99,1,1,0.76622
357,49,1385.67,473.06,50.44,88.29,1,1,0.79447
357,50,1025.76,333.29,42.58,77.4,1,1,0.76939
357,52,499.32,386.08,53.89,74.72,1,1,0.79335
357,53,975.31,714.14,44.27,94.91,1,1,0.7492
357,56,1336.74,481.84,41.78,73.85,1,1,0.73716
357,57,873.21,145.89,48.92,55.91,1,1,0.78541
357,58,825.42,128.5,35.34,61.2,1,1,0.73721
357,54,1171.98,495.28,78.06,75.62,1,1,0.69281
357,43,1258.24,609.65,60.91,104.68,1,1,0.75097
357,51,1204.48,568.27,68.28,89.21,1,1,0.67657
357,37,1107.89,441.06,45.27,84.96,1,1,0.68312
358,38,1087.62,334.38,58.49,73.31,1,1,0.77313
358,39,1002.49,493.77,45.5,82.8,1,1,0.79716
358,41,989.3,571.72,77.82,75.42,1,1,0.74465
358,44,1254.07,446.77,46.54,84.95,1,1,0.76939
358,45,1305.01,601.09,62.9,87.18,1,1,0.79186
358,46,951.24,673.96,43.44,87.23,1,1,0.74864
358,48,1107.31,644.89,64.35,91.08,1,1,0.78165
358,49,1387.25,471.48,48.0,89.13,1,1,0.79594
358,50,1027.71,331.04,44.82,78.54,1,1,0.76788
358,52,495.62,387.21,53.02,74.84,1,1,0.78782
358,53,965.1,711.33,43.2,97.13,1,1,0.74979
358,56,1336.48,485.35,39.05,74.37,1,1,0.71405
358,57,867.58,146.92,49.92,56.64,1,1,0.78032
358,58,821.65,128.73,35.2,66.9,1,1,0.76978
358,54,1173.42,498.05,77.73,73.38,1,1,0.7347
358,43,1262.63,610.91,57.67,104.54,1,1,0.75304
358,51,1206.42,570.88,67.23,91.85,1,1,0.74776
358,37,1108.85,441.65,45.44,83.53,1,1,0.70235
358,40,1135.0,567.88,79.48,92.55,1,1,0.69296
359,38,1080.85,331.74,61.6,73.04,1,1,0.76451
359,39,1005.25,492.96,45.01,83.03,1,1,0.77898
359,41,995.57,570.4,78.34,75.6,1,1,0.72804
359,44,1248.19,444.12,45.92,86.66,1,1,0.76934
359,45,1306.76,601.46,59.95,86.0,1,1,0.76803
359,46,951.2,677.92,43.4,85.03,1,1,0.71223
359,48,1099.07,643.31,58.41,93.18,1,1,0.74476
359,49,1389.27,469.57,45.69,88.98,1,1,0.79537
359,50,1027.97,329.02,42.33,76.76,1,1,0.76795
359,52,492.02,388.35,49.23,74.05,1,1,0.79755
359,53,956.45,708.99,43.13,98.93,1,1,0.74946
359,56,1334.78,490.73,39.42,76.3,1,1,0.71258
359,57,860.73,148.59,44.99,56.04,1,1,0.77133
359,58,818.18,128.76,33.84,66.86,1,1,0.77261
359,54,1174.31,500.28,76.81,72.8,1,1,0.67526
359,43,1268.02,612.2,54.67,104.09,1,1,0.74038
359,51,1206.56,572.69,67.9,92.18,1,1,0.69514
359,37,1110.06,442.1,44.68,82.93,1,1,0.68376
360,38,1075.12,329.48,61.7,72.14,1,1,0.75051
360,39,1008.14,491.84,45.5,82.62,1,1,0.76876
360,41,1005.15,569.4,73.42,75.7,1,1,0.72279
360,44,1240.79,439.98,49.54,90.08,1,1,0.7742
360,45,1309.02,602.82,57.66,84.12,1,1,0.74944
360,46,952.44,680.81,44.47,86.76,1,1,0.71241
360,48,1090.9,640.92,51.69,94.25,1,1,0.74861
360,49,1391.26,466.82,44.95,90.18,1,1,0.79081
360,50,1026.04,326.77,42.56,74.03,1,1,0.77387
360,52,488.39,388.81,45.02,74.74,1,1,0.7953
360,53,949.12,706.37,46.78,101.23,1,1,0.7512
360,56,1331.85,495.11,40.13,76.41,1,1,0.72407
360,57,854.98,149.99,44.56,55.76,1,1,0.78479
360,58,814.4,128.54,32.26,64.93,1,1,0.77183
360,54,1174.8,501.68,76.33,74.0,1,1,0.68878
360,43,1275.55,612.76,50.96,103.32,1,1,0.70551
360,51,1207.66,574.57,67.7,91.41,1,1,0.67914
360,37,1110.58,442.62,44.71,82.53,1,1,0.69742
361,38,1068.45,327.42,62.56,72.55,1,1,0.77441
361,39,1011.0,490.52,46.42,82.73,1,1,0.78352
361,41,1015.48,567.36,67.57,76.56,1,1,0.75291
361,44,1235.21,434.98,50.81,92.6,1,1,0.78684
361,45,1311.13,603.87,55.59,82.81,1,1,0.74028
361,46,956.49,682.3,43.65,91.59,1,1,0.73467
361,48,1083.09,637.98,50.16,95.13,1,1,0.76388
361,49,1392.17,463.89,47.06,92.78,1,1,0.80289
361,50,1023.85,323.94,41.99,71.68,1,1,0.7821
361,52,484.68,389.2,42.49,76.12,1,1,0.79946
361,53,939.19,702.33,54.04,104.56,1,1,0.77509
361,56,1328.82,497.1,43.17,77.69,1,1,0.77174
361,57,850.01,151.32,44.62,55.05,1,1,0.7841
361,58,810.06,128.3,32.41,63.97,1,1,0.77937
361,54,1175.68,502.93,71.4,75.84,1,1,0.74938
361,43,1281.5,613.86,48.62,106.72,1,1,0.73332
361,51,1209.29,575.58,66.61,91.13,1,1,0.72888
361,37,1111.0,443.23,45.77,81.68,1,1,0.72799
361,40,1142.33,573.14,76.15,89.99,1,1,0.66035
362,38,1062.66,325.28,61.23,73.99,1,1,0.77472
362,39,1013.75,489.06,46.68,82.76,1,1,0.79421
362,41,1030.72,565.61,57.14,77.58,1,1,0.77648
362,44,1229.42,429.56,51.29,92.27,1,1,0.80847
362,45,1313.98,605.44,53.04,83.12,1,1,0.76025
362,46,956.18,682.88,46.21,94.0,1,1,0.76435
362,48,1075.71,633.77,51.0,94.63,1,1,0.76865
362,49,1393.62,460.63,48.08,94.55,1,1,0.81318
362,50,1020.67,321.04,42.18,69.17,1,1,0.79442
362,52,480.53,389.42,42.46,78.73,1,1,0.80792
362,53,928.78,702.49,60.21,100.73,1,1,0.79685
362,56,1326.83,498.99,43.48,76.83,1,1,0.79089
362,57,844.01,151.74,44.32,54.72,1,1,0.75143
362,58,804.74,127.73,32.24,63.22,1,1,0.77888
362,54,1176.97,503.99,65.85,75.47,1,1,0.77008
362,43,1284.64,615.75,47.95,107.9,1,1,0.74922
362,51,1211.97,576.09,63.85,90.42,1,1,0.76086
362,37,1111.97,443.85,46.27,82.02,1,1,0.74882
362,63,1136.11,495.9,47.52,52.91,1,1,0.70325
362,40,1144.67,574.42,75.91,90.14,1,1,0.7738
362,42,1099.63,531.87,69.77,67.33,1,1,0.67038
363,38,1060.33,323.38,53.93,72.87,1,1,0.76271
363,39,1019.01,487.41,47.04,81.35,1,1,0.71669
363,41,1043.43,563.91,51.44,78.39,1,1,0.69948
363,44,1225.47,424.96,49.46,88.17,1,1,0.75942
363,45,1319.62,606.6,52.0,83.5,1,1,0.72064
363,46,955.15,682.11,47.65,94.87,1,1,0.74848
363,48,1071.01,628.5,50.2,90.57,1,1,0.74195
363,49,1399.97,457.84,44.94,92.72,1,1,0.79256
363,50,1021.33,318.09,41.55,63.52,1,1,0.77203
363,52,479.57,390.67,39.89,79.19,1,1,0.8018
363,53,922.19,700.6,59.7,97.78,1,1,0.76305
363,56,1327.44,502.52,40.73,72.56,1,1,0.76888
363,57,850.09,161.72,37.3,49.25,1,1,0.69717
363,58,801.93,127.49,30.01,61.71,1,1,0.76967
363,54,1180.79,504.87,64.58,76.36,1,1,0.67223
363,43,1290.56,617.59,47.76,107.8,1,1,0.73124
363,37,1114.78,444.6,47.29,81.01,1,1,0.69252
363,40,1148.94,574.21,75.71,93.28,1,1,0.66724
364,38,1058.94,321.19,50.85,73.46,1,1,0.74758
364,39,1025.99,487.38,47.66,79.61,1,1,0.66714
364,44,1223.22,421.44,45.84,84.82,1,1,0.70905
364,45,1326.7,608.73,52.2,81.55,1,1,0.69981
364,46,954.41,680.95,46.23,93.81,1,1,0.72894
364,48,1065.49,623.41,53.56,91.85,1,1,0.70993
364,49,1406.65,456.55,42.45,90.68,1,1,0.78542
364,50,1025.2,315.66,40.57,59.46,1,1,0.74673
364,52,478.41,392.89,38.13,79.35,1,1,0.8053
364,53,917.41,699.83,54.69,96.11,1,1,0.76656
364,56,1329.13,506.32,39.93,72.23,1,1,0.77925
364,57,849.48,167.7,35.08,53.43,1,1,0.64838
364,58,802.16,127.98,29.28,61.23,1,1,0.75921
364,43,1297.55,620.2,47.63,106.95,1,1,0.71481
364,64,833.34,150.14,29.4,60.43,1,1,0.68147
365,38,1053.86,315.79,51.25,77.4,1,1,0.72821
365,39,1029.53,486.46,48.89,80.5,1,1,0.66346
365,44,1219.65,418.07,46.31,85.49,1,1,0.74238
365,45,1330.42,609.84,53.17,81.63,1,1,0.72789
365,46,952.32,677.91,44.81,91.5,1,1,0.72503
365,48,1057.72,616.75,57.34,93.28,1,1,0.69129
365,49,1410.91,454.21,41.85,91.31,1,1,0.78539
365,50,1026.99,312.14,45.69,59.85,1,1,0.72616
365,52,474.0,394.57,39.48,80.19,1,1,0.80128
365,53,910.92,698.48,52.84,97.5,1,1,0.78203
365,56,1329.85,509.68,41.94,74.64,1,1,0.77031
365,58,798.73,128.03,30.34,62.94,1,1,0.7589
365,43,1301.33,622.64,49.37,106.21,1,1,0.71599
365,64,833.47,152.35,36.08,69.93,1,1,0.7195
365,37,1122.76,444.47,48.62,77.85,1,1,0.65859
366,38,1049.2,315.04,50.8,77.08,1,1,0.75625
366,39,1034.88,486.28,47.83,81.08,1,1,0.64556
366,44,1215.84,415.02,50.17,86.65,1,1,0.76751
366,45,1335.03,611.35,53.0,80.61,1,1,0.74532
366,46,951.77,674.75,42.17,86.98,1,1,0.74553
366,48,1051.75,616.15,56.11,89.43,1,1,0.72617
366,49,1416.41,452.12,41.27,93.53,1,1,0.78683
366,52,470.43,396.23,41.28,80.14,1,1,0.79178
366,53,904.99,697.39,49.53,99.0,1,1,0.80117
366,56,1330.65,513.32,43.71,76.44,1,1,0.78354
366,58,796.18,128.4,30.18,63.02,1,1,0.76545
366,43,1306.22,624.56,51.98,105.84,1,1,0.66181
366,64,832.06,154.92,36.77,70.26,1,1,0.74486
366,37,1126.94,444.04,48.69,78.45,1,1,0.70141
367,38,1045.02,314.43,48.7,75.63,1,1,0.78015
367,44,1212.65,411.82,54.05,86.67,1,1,0.73978
367,45,1340.83,613.21,50.69,76.41,1,1,0.70118
367,46,952.33,671.63,39.67,86.34,1,1,0.76332
367,48,1047.31,613.99,51.29,87.94,1,1,0.71283
367,49,1424.16,449.47,39.7,95.52,1,1,0.78798
367,52,469.26,398.29,41.62,79.39,1,1,0.80006
367,53,898.55,696.33,48.75,97.95,1,1,0.80601
367,56,1333.01,517.34,42.3,77.03,1,1,0.78646
367,58,794.59,128.9,30.84,63.12,1,1,0.7811
367,64,832.04,156.85,37.68,70.39,1,1,0.73294
368,38,1041.8,313.14,48.23,75.83,1,1,0.76667
368,44,1206.9,408.48,57.74,85.6,1,1,0.76098
368,45,1343.52,614.17,53.23,78.16,1,1,0.74476
368,46,950.59,668.21,39.69,88.24,1,1,0.76739
368,48,1040.12,611.01,46.22,91.3,1,1,0.7443
368,49,1429.31,445.76,40.09,96.67,1,1,0.78745
368,52,465.93,398.73,44.83,81.53,1,1,0.78203
368,53,891.8,693.85,50.83,97.45,1,1,0.78634
368,56,1333.63,520.84,41.31,78.98,1,1,0.78576
368,58,791.73,130.07,31.94,62.45,1,1,0.77983
368,64,828.7,159.0,40.43,69.43,1,1,0.751
369,38,1038.99,312.9,48.02,75.57,1,1,0.7729
369,44,1200.49,404.92,58.72,84.2,1,1,0.77452
369,45,1339.27,616.15,60.64,78.52,1,1,0.748
369,46,947.58,664.86,42.11,91.6,1,1,0.76229
369,48,1031.92,607.23,46.96,92.85,1,1,0.75482
369,49,1432.65,442.5,41.52,98.75,1,1,0.79341
369,52,463.03,399.29,49.24,83.77,1,1,0.77983
369,53,884.26,690.62,51.76,95.21,1,1,0.77657
369,56,1333.07,524.26,40.9,81.71,1,1,0.77955
369,58,788.62,131.74,33.34,62.25,1,1,0.77522
369,64,824.69,161.2,43.67,69.75,1,1,0.74754
369,51,1245.18,588.11,53.59,99.74,1,1,0.69826
369,39,1043.21,483.35,52.19,84.61,1,1,0.67981
369,37,1134.39,440.61,53.99,88.44,1,1,0.67485
370,38,1034.02,313.59,50.25,75.21,1,1,0.78317
370,44,1194.15,401.22,56.78,84.47,1,1,0.79976
370,45,1338.66,618.67,64.79,77.56,1,1,0.787
370,46,946.33,662.41,41.78,93.66,1,1,0.76583
370,48,1024.27,603.37,52.21,92.92,1,1,0.75545
370,49,1436.31,439.93,44.01,98.49,1,1,0.80918
370,52,461.49,399.37,51.88,85.95,1,1,0.77617
370,53,878.32,687.85,55.37,94.92,1,1,0.78471
370,56,1332.94,526.91,40.65,85.08,1,1,0.78969
370,58,785.5,133.48,33.88,62.16,1,1,0.77212
370,64,818.82,164.1,46.31,67.02,1,1,0.75336
370,51,1248.24,588.42,53.36,101.55,1,1,0.73254
370,39,1043.85,480.93,53.95,87.9,1,1,0.71888
370,37,1136.83,438.49,52.75,91.77,1,1,0.72057
370,40,1177.27,585.44,77.81,100.11,1,1,0.68077
371,38,1028.77,318.15,49.06,73.09,1,1,0.76922
371,44,1188.44,398.83,51.54,86.2,1,1,0.77314
371,45,1339.15,621.34,65.55,76.32,1,1,0.77724
371,46,944.79,660.8,41.15,96.11,1,1,0.77278
371,48,1014.26,599.74,60.03,94.01,1,1,0.76896
371,49,1439.38,438.49,45.95,96.49,1,1,0.81268
371,52,459.08,399.71,52.97,87.28,1,1,0.78544
371,53,872.98,685.65,54.99,92.64,1,1,0.79557
371,56,1332.61,529.41,41.03,87.04,1,1,0.78578
371,58,781.75,135.68,32.83,61.72,1,1,0.75552
371,64,811.89,167.92,41.81,65.16,1,1,0.75486
371,51,1250.0,589.01,53.0,103.13,1,1,0.74047
371,39,1042.48,478.34,56.31,91.47,1,1,0.75498
371,37,1138.63,436.05,51.06,94.54,1,1,0.70577
371,40,1179.53,587.6,76.53,99.94,1,1,0.7138
371,50,1049.27,310.9,35.75,69.49,1,1,0.71622
372,38,1022.94,320.58,50.34,71.52,1,1,0.77012
372,44,1184.3,396.03,47.91,88.52,1,1,0.74932
372,45,1342.36,623.4,63.52,75.48,1,1,0.75316
372,46,941.89,659.57,42.72,98.67,1,1,0.78924
372,48,1006.47,595.78,64.29,92.84,1,1,0.79054
372,49,1442.69,437.03,46.88,93.88,1,1,0.80725
372,52,458.35,399.9,49.55,86.82,1,1,0.79364
372,53,867.42,683.15,54.66,93.29,1,1,0.81934
372,56,1332.93,530.95,41.42,86.98,1,1,0.7862
372,58,779.16,137.89,30.55,59.92,1,1,0.73206
372,64,806.61,168.71,41.01,64.94,1,1,0.75089
372,51,1253.01,588.25,50.67,103.54,1,1,0.73361
372,39,1043.27,474.01,55.61,94.8,1,1,0.76137
372,37,1140.4,433.84,50.23,94.48,1,1,0.66132
372,40,1182.69,587.64,75.79,101.46,1,1,0.68894
372,50,1048.78,310.42,34.48,65.76,1,1,0.72968
372,43,1341.36,653.74,50.39,87.12,1,1,0.71618
373,38,1016.7,321.84,51.5,73.36,1,1,0.77249
373,44,1178.98,391.82,47.29,92.24,1,1,0.76728
373,45,1345.29,625.79,64.57,77.47,1,1,0.75848
373,46,937.68,658.18,45.85,100.62,1,1,0.77354
373,48,1000.32,592.76,63.09,89.64,1,1,0.80923
373,49,1443.77,434.17,46.32,94.36,1,1,0.79988
373,52,456.64,399.72,47.33,87.63,1,1,0.80281
373,53,860.48,679.96,51.8,96.21,1,1,0.81854
373,56,1332.13,531.48,42.1,86.85,1,1,0.77906
373,58,776.36,140.31,31.29,62.96,1,1,0.7589
373,64,803.57,169.9,36.38,63.47,1,1,0.72751
373,51,1254.02,587.6,53.16,105.9,1,1,0.72004
373,39,1046.4,470.0,52.63,96.23,1,1,0.75872
373,37,1141.97,431.92,49.87,92.21,1,1,0.72414
373,40,1185.71,588.3,75.7,105.03,1,1,0.71499
373,50,1046.89,308.99,35.21,66.16,1,1,0.74194
373,43,1346.17,653.88,48.91,88.03,1,1,0.6751
373,41,1105.73,560.65,64.25,86.19,1,1,0.64363
374,38,1011.31,322.67,44.44,74.84,1,1,0.77899
374,44,1174.84,387.2,48.11,96.27,1,1,0.75552
374,45,1348.82,627.81,61.23,76.1,1,1,0.68565
374,46,934.23,657.27,47.61,99.64,1,1,0.75662
374,48,996.11,590.1,56.64,88.23,1,1,0.79703
374,49,1445.31,431.71,46.09,95.62,1,1,0.79999
374,52,454.87,399.98,43.52,88.05,1,1,0.80571
374,53,853.67,678.07,50.03,97.48,1,1,0.83123
374,56,1332.8,531.77,42.07,85.88,1,1,0.78056
374,58,773.59,142.81,31.37,62.62,1,1,0.78039
374,64,800.8,172.01,34.45,60.41,1,1,0.76428
374,39,1051.04,467.4,47.58,94.83,1,1,0.76714
374,37,1143.44,430.99,49.88,88.93,1,1,0.73565
374,40,1189.01,589.69,75.45,106.57,1,1,0.66971
374,50,1043.94,307.07,36.24,66.43,1,1,0.75287
375,38,1006.4,323.33,44.56,75.26,1,1,0.78081
375,44,1171.53,383.23,48.8,96.24,1,1,0.67734
375,45,1353.07,631.06,58.54,75.67,1,1,0.6739
375,46,930.71,656.07,50.83,99.89,1,1,0.74472
375,48,990.74,585.96,51.52,91.38,1,1,0.78298
375,49,1447.28,428.9,47.05,99.01,1,1,0.80845
375,52,453.4,400.76,40.82,89.28,1,1,0.80614
375,53,846.01,675.79,53.17,97.52,1,1,0.82909
375,56,1333.67,532.16,42.25,84.24,1,1,0.77445
375,58,770.45,146.17,32.59,63.25,1,1,0.77206
375,64,796.03,175.07,33.65,58.53,1,1,0.73795
375,39,1053.63,465.56,44.32,92.95,1,1,0.75539
375,37,1145.94,429.01,51.51,87.67,1,1,0.73437
375,40,1193.36,592.97,75.39,105.77,1,1,0.69337
375,50,1041.29,304.98,38.28,66.6,1,1,0.75614
376,38,1002.98,323.76,45.57,75.96,1,1,0.78494
376,44,1167.81,378.19,47.11,85.89,1,1,0.66397
376,45,1355.12,633.49,60.87,72.63,1,1,0.68031
376,46,928.39,653.31,52.79,96.34,1,1,0.74389
376,48,986.7,581.39,49.15,94.99,1,1,0.78504
376,49,1449.58,426.34,48.55,101.21,1,1,0.82201
376,52,452.16,401.52,39.91,91.31,1,1,0.80863
376,53,838.62,672.83,58.67,96.46,1,1,0.81573
376,56,1334.06,532.59,43.95,83.6,1,1,0.776
376,58,767.64,148.75,32.22,64.13,1,1,0.75452
376,64,791.39,175.72,35.03,61.4,1,1,0.74227
376,39,1056.11,463.71,42.35,91.43,1,1,0.76784
376,37,1149.35,426.84,53.19,87.77,1,1,0.76441
376,40,1198.29,595.45,74.68,106.09,1,1,0.73465
376,50,1039.07,303.18,41.15,66.49,1,1,0.74888
376,42,1144.78,512.13,58.55,87.06,1,1,0.67194
376,54,1199.41,521.79,55.22,86.61,1,1,0.67402
376,51,1266.79,593.2,57.48,95.25,1,1,0.64835
376,43,1362.43,646.33,51.7,97.28,1,1,0.69395
376,41,1114.05,556.82,64.78,89.17,1,1,0.69202
377,38,999.68,322.3,45.56,77.72,1,1,0.79239
377,44,1160.73,373.88,46.55,81.03,1,1,0.72854
377,46,927.5,649.48,53.1,95.3,1,1,0.76602
377,48,979.25,576.26,54.52,97.62,1,1,0.81099
377,49,1452.3,422.88,48.75,103.5,1,1,0.82049
377,52,452.12,401.53,39.53,93.83,1,1,0.80573
377,53,830.01,668.87,66.48,97.01,1,1,0.8218
377,56,1334.12,532.98,46.15,83.66,1,1,0.77794
377,58,764.51,150.21,30.76,62.88,1,1,0.73302
377,64,782.88,174.96,39.96,67.58,1,1,0.7414
377,39,1057.38,460.77,42.71,93.02,1,1,0.77773
377,37,1152.5,424.09,54.56,89.92,1,1,0.77059
377,40,1202.19,596.26,75.36,106.81,1,1,0.75761
377,50,1038.37,301.66,40.73,65.22,1,1,0.75898
377,42,1150.13,511.54,55.44,88.14,1,1,0.73482
377,54,1201.61,522.41,55.15,87.68,1,1,0.70884
377,51,1271.24,594.89,58.54,91.49,1,1,0.67585
377,43,1366.86,639.49,52.93,104.12,1,1,0.75924
377,41,1114.98,554.35,66.09,90.4,1,1,0.71198
378,38,995.71,320.52,47.09,79.0,1,1,0.79806
378,44,1156.65,371.02,42.36,81.14,1,1,0.7534
378,46,927.79,645.41,50.8,95.95,1,1,0.75835
378,48,973.33,571.37,59.43,96.66,1,1,0.79977
378,49,1454.6,419.74,47.9,102.14,1,1,0.81548
378,52,452.12,402.01,40.19,92.62,1,1,0.78579
378,53,824.03,664.74,67.58,96.09,1,1,0.81758
378,56,1334.06,533.36,47.46,84.61,1,1,0.77444
378,58,763.17,152.16,29.65,52.07,1,1,0.67574
378,64,777.27,175.5,37.99,72.03,1,1,0.73713
378,39,1059.53,457.84,41.89,94.52,1,1,0.77195
378,37,1155.09,422.87,58.04,89.6,1,1,0.79638
378,40,1205.86,597.85,75.42,105.56,1,1,0.69818
378,50,1037.45,301.45,39.56,63.02,1,1,0.75496
378,42,1151.63,510.9,55.54,88.75,1,1,0.71675
378,54,1202.83,521.59,55.52,87.79,1,1,0.65856
378,51,1276.06,597.5,58.37,89.27,1,1,0.65576
378,43,1376.09,640.4,49.27,103.67,1,1,0.69861
378,41,1115.61,552.4,65.44,89.2,1,1,0.68866
378,45,1358.93,635.53,56.63,70.68,1,1,0.69452
379,38,994.0,317.03,45.85,79.06,1,1,0.79909
379,44,1154.74,368.51,38.89,81.72,1,1,0.74848
379,46,930.05,641.68,47.88,99.05,1,1,0.76075
379,48,970.64,566.12,57.74,92.91,1,1,0.77145
379,49,1457.13,417.11,46.39,96.72,1,1,0.80445
379,52,453.26,402.48,42.48,89.93,1,1,0.77054
379,53,821.07,660.8,61.38,96.04,1,1,0.80775
379,56,1336.19,534.14,47.17,84.62,1,1,0.75568
379,58,759.3,154.45,30.6,55.53,1,1,0.71998
379,64,775.72,182.85,36.68,67.1,1,1,0.73707
379,39,1061.5,455.26,40.95,93.27,1,1,0.75754
379,37,1161.42,421.4,59.38,87.31,1,1,0.76053
379,50,1038.13,301.31,38.89,59.25,1,1,0.75078
379,42,1155.33,509.77,54.54,89.43,1,1,0.64302
379,45,1363.26,635.9,55.99,70.56,1,1,0.6689
380,38,992.46,314.28,42.22,77.83,1,1,0.78659
380,44,1153.93,366.07,35.42,81.45,1,1,0.754
380,46,932.87,638.86,43.89,97.38,1,1,0.76737
380,48,971.08,562.24,51.79,87.59,1,1,0.7659
380,49,1460.78,415.19,43.8,90.33,1,1,0.80234
380,52,456.07,403.03,42.21,86.65,1,1,0.76772
380,53,818.02,657.06,53.69,97.39,1,1,0.80592
380,56,1338.9,535.33,44.9,82.48,1,1,0.77352
380,58,756.54,157.62,31.67,56.55,1,1,0.72898
380,64,771.62,182.0,34.93,69.67,1,1,0.76242
380,39,1064.03,452.79,38.54,92.12,1,1,0.76196
380,37,1168.48,420.22,58.75,85.49,1,1,0.77353
380,50,1036.76,296.47,40.31,60.81,1,1,0.73675
380,45,1366.05,635.93,55.6,69.87,1,1,0.70476
381,38,991.98,312.6,39.25,76.74,1,1,0.77909
381,44,1150.58,363.08,35.75,82.34,1,1,0.75224
381,46,933.78,635.86,42.75,97.51,1,1,0.77628
381,48,969.46,558.42,46.08,84.7,1,1,0.77188
381,49,1463.18,413.55,44.12,88.64,1,1,0.80497
381,52,457.22,402.98,43.06,84.98,1,1,0.7651
381,53,814.63,654.05,52.87,100.5,1,1,0.81703
381,56,1341.22,536.11,43.41,81.22,1,1,0.77566
381,58,753.19,158.61,30.02,57.04,1,1,0.72598
381,64,767.09,184.43,35.48,68.04,1,1,0.74498
381,39,1066.67,450.9,37.98,89.49,1,1,0.75807
381,37,1175.05,419.24,57.94,83.75,1,1,0.76577
381,50,1037.6,299.07,38.85,61.61,1,1,0.71814
381,45,1372.31,635.82,53.91,73.64,1,1,0.68841
382,38,991.35,310.67,37.15,76.79,1,1,0.75978
382,44,1148.62,360.13,37.0,80.77,1,1,0.75564
382,46,936.81,632.09,42.84,99.31,1,1,0.78255
382,48,967.91,554.33,44.8,84.98,1,1,0.77916
382,49,1464.44,411.56,46.54,89.37,1,1,0.81248
382,52,459.49,403.61,43.51,84.43,1,1,0.78495
382,53,811.95,648.41,52.66,104.45,1,1,0.81193
382,56,1342.59,536.26,43.37,81.33,1,1,0.77218
382,58,751.61,161.2,31.65,56.73,1,1,0.70262
382,64,762.83,185.29,36.22,68.42,1,1,0.75894
382,39,1070.63,448.69,36.94,86.55,1,1,0.76197
382,37,1183.4,417.47,55.45,82.86,1,1,0.75655
382,50,1039.7,302.0,36.63,62.25,1,1,0.73028
382,45,1377.68,636.01,54.33,76.58,1,1,0.7158
382,42,1162.03,507.12,54.6,88.99,1,1,0.64348
383,38,990.01,309.71,35.34,77.6,1,1,0.76837
383,44,1148.69,356.37,36.34,79.07,1,1,0.75612
383,46,939.94,628.3,41.54,100.34,1,1,0.77761
383,48,965.87,550.74,42.71,86.22,1,1,0.75826
383,49,1466.66,409.27,46.34,89.44,1,1,0.80272
383,52,462.45,403.92,40.9,83.92,1,1,0.79876
383,53,811.38,642.69,50.34,101.56,1,1,0.7819
383,56,1345.85,535.75,40.69,80.39,1,1,0.78938
383,58,751.04,163.85,33.15,53.42,1,1,0.69077
383,64,758.93,186.29,35.34,69.72,1,1,0.77782
383,39,1073.43,446.46,34.25,82.47,1,1,0.75419
383,50,1040.31,303.23,34.75,62.66,1,1,0.7475
383,45,1384.16,636.61,53.57,77.18,1,1,0.70276
384,38,990.59,308.79,33.75,78.64,1,1,0.78625
384,44,1149.19,353.28,35.79,75.92,1,1,0.77042
384,46,942.6,624.19,40.46,100.62,1,1,0.76318
384,48,963.88,545.28,41.17,86.62,1,1,0.7381
384,49,1469.18,407.06,46.11,90.84,1,1,0.80437
384,52,467.06,404.06,39.25,83.59,1,1,0.80231
384,53,810.85,637.98,48.48,95.29,1,1,0.77487
384,56,1348.89,534.22,39.58,81.07,1,1,0.80208
384,58,751.15,166.5,34.58,51.48,1,1,0.68849
384,64,757.23,186.01,34.32,73.24,1,1,0.77387
384,39,1076.1,444.21,33.94,80.51,1,1,0.75504
384,50,1042.09,304.36,35.34,61.75,1,1,0.75715
384,45,1390.81,636.84,52.74,74.71,1,1,0.70359
385,38,992.01,308.34,32.85,77.29,1,1,0.79768
385,44,1150.63,350.12,34.99,74.43,1,1,0.77222
385,46,945.42,619.37,39.85,99.25,1,1,0.74267
385,48,962.46,539.96,41.53,86.92,1,1,0.68262
385,49,1472.89,403.93,43.03,90.96,1,1,0.79091
385,52,473.91,404.22,37.11,82.73,1,1,0.79887
385,53,810.52,632.77,46.82,90.85,1,1,0.7768
385,56,1353.34,531.48,38.87,82.56,1,1,0.78998
385,58,750.74,169.11,30.94,61.13,1,1,0.73386
385,64,757.44,191.63,31.7,71.39,1,1,0.75195
385,39,1081.2,441.27,34.46,80.79,1,1,0.71205
385,50,1044.63,304.23,36.31,62.18,1,1,0.7633
385,45,1396.24,637.16,55.15,76.06,1,1,0.71764
386,38,993.45,308.43,32.82,75.49,1,1,0.7761
386,44,1152.22,348.06,35.04,75.53,1,1,0.78073
386,46,948.02,615.44,40.83,96.77,1,1,0.76728
386,48,960.98,535.84,39.84,79.59,1,1,0.65365
386,49,1476.36,401.74,40.84,88.51,1,1,0.79439
386,52,480.42,404.39,34.92,82.38,1,1,0.79231
386,53,810.2,626.23,45.37,90.25,1,1,0.77899
386,56,1356.79,529.48,38.24,82.91,1,1,0.78284
386,58,750.55,172.27,27.59,59.99,1,1,0.74574
386,64,760.02,197.17,29.65,69.21,1,1,0.77899
386,39,1084.81,438.92,35.01,79.47,1,1,0.70766
386,50,1045.78,306.13,37.34,62.07,1,1,0.74501
386,45,1402.48,638.32,55.14,76.01,1,1,0.70766
386,65,777.7,181.89,26.78,60.74,1,1,0.72298
387,38,995.89,307.24,33.04,74.49,1,1,0.76885
387,44,1153.97,344.51,34.56,78.13,1,1,0.78183
387,46,951.49,608.79,40.26,97.88,1,1,0.76832
387,49,1480.41,399.31,39.38,84.04,1,1,0.795
387,52,485.57,404.04,33.11,84.16,1,1,0.78957
387,53,811.32,623.67,41.39,89.22,1,1,0.77659
387,56,1360.14,526.93,38.06,81.63,1,1,0.78588
387,58,751.56,174.66,26.54,55.56,1,1,0.71191
387,64,760.08,198.23,31.43,68.38,1,1,0.79029
387,39,1086.84,435.42,36.47,78.92,1,1,0.72096
387,50,1047.41,306.18,38.06,62.99,1,1,0.72642
387,65,775.49,180.91,28.11,52.3,1,1,0.71434
388,38,998.43,307.01,32.94,73.51,1,1,0.78905
388,44,1157.54,341.22,33.74,79.56,1,1,0.77364
388,46,957.03,604.59,37.72,95.56,1,1,0.74223
388,49,1484.54,397.54,38.27,80.0,1,1,0.80028
388,52,492.12,402.57,33.06,85.04,1,1,0.79056
388,53,815.03,622.05,37.24,89.14,1,1,0.78466
388,56,1364.01,525.79,39.07,79.0,1,1,0.78333
388,58,754.22,177.29,26.47,51.85,1,1,0.68102
388,64,757.93,201.68,31.42,66.55,1,1,0.75906
388,39,1091.4,433.19,35.71,77.69,1,1,0.74389
388,50,1049.84,306.38,37.22,63.5,1,1,0.74826
388,65,776.55,183.5,31.44,47.4,1,1,0.73325
388,37,1244.27,402.86,37.26,79.27,1,1,0.67722
389,38,1001.78,306.69,32.29,73.87,1,1,0.77489
389,44,1160.96,338.51,33.23,77.9,1,1,0.75856
389,46,961.42,602.25,37.12,92.68,1,1,0.71346
389,49,1489.4,396.23,38.45,80.44,1,1,0.79215
389,52,499.07,401.54,33.21,83.81,1,1,0.79355
389,53,817.62,619.02,35.49,90.88,1,1,0.77716
389,56,1368.25,524.71,40.08,76.63,1,1,0.766
389,64,755.05,205.91,32.37,64.83,1,1,0.80363
389,39,1095.87,430.72,36.08,77.52,1,1,0.73511
389,50,1054.13,306.56,38.08,64.7,1,1,0.72841
389,65,772.4,182.98,37.17,47.61,1,1,0.72298
389,37,1253.13,401.03,37.01,78.34,1,1,0.7002
389,43,1457.14,659.03,43.46,86.8,1,1,0.68129
390,38,1005.88,307.51,30.25,74.47,1,1,0.77478
390,44,1164.58,335.51,32.61,75.21,1,1,0.76205
390,46,966.27,599.31,37.22,92.53,1,1,0.7183
390,49,1493.61,394.04,38.38,82.69,1,1,0.79566
390,52,505.97,399.77,33.16,82.72,1,1,0.79474
390,53,817.5,613.74,39.8,91.48,1,1,0.76566
390,56,1373.05,524.34,39.83,73.44,1,1,0.75871
390,64,753.41,209.88,30.46,64.86,1,1,0.80664
390,39,1102.34,428.91,34.85,77.61,1,1,0.74834
390,50,1058.88,309.04,37.06,64.35,1,1,0.73167
390,65,770.35,185.1,35.27,64.28,1,1,0.77893
390,43,1465.89,658.38,41.3,85.38,1,1,0.66025
390,42,1202.08,507.72,36.03,82.01,1,1,0.64879
390,45,1445.25,646.77,41.61,73.74,1,1,0.69021
391,38,1010.02,308.71,29.75,74.81,1,1,0.78185
391,44,1169.64,333.58,31.67,70.71,1,1,0.77477
391,46,972.82,597.16,36.55,91.55,1,1,0.71493
391,49,1498.25,392.71,38.49,83.31,1,1,0.81264
391,52,513.83,398.27,32.99,82.0,1,1,0.79199
391,53,820.38,610.21,40.88,90.05,1,1,0.74691
391,56,1379.14,525.04,39.28,69.92,1,1,0.73172
391,64,755.45,213.34,28.81,66.45,1,1,0.81119
391,39,1109.36,428.33,33.8,77.9,1,1,0.72965
391,50,1063.9,311.65,34.12,64.29,1,1,0.72459
391,65,773.21,188.7,31.98,67.56,1,1,0.80649
391,45,1456.05,648.54,38.39,75.67,1,1,0.69726
391,37,1272.79,400.22,37.05,77.66,1,1,0.72245
392,38,1013.56,308.52,29.88,75.35,1,1,0.78287
392,44,1174.81,332.22,31.09,69.88,1,1,0.78939
392,46,980.37,593.43,35.31,92.67,1,1,0.70455
392,49,1503.26,391.09,38.11,84.54,1,1,0.80999
392,52,521.92,397.73,32.17,79.74,1,1,0.80417
392,53,822.93,606.61,41.13,83.57,1,1,0.79115
392,56,1385.04,525.7,40.0,68.16,1,1,0.71721
392,64,758.9,217.1,30.36,66.54,1,1,0.79024
392,39,1117.52,427.37,32.27,78.62,1,1,0.74138
392,50,1066.67,313.68,34.02,64.65,1,1,0.7652
392,65,775.91,191.68,33.54,67.51,1,1,0.74802
392,45,1465.03,650.23,36.42,74.65,1,1,0.73449
392,37,1284.71,399.87,37.48,77.96,1,1,0.72019
392,43,1484.7,669.81,41.08,77.42,1,1,0.64367
393,38,1017.41,307.75,29.44,74.33,1,1,0.76548
393,44,1178.54,331.36,31.15,71.73,1,1,0.79782
393,46,986.49,589.86,35.81,92.91,1,1,0.66381
393,49,1507.32,390.24,37.77,85.05,1,1,0.80917
393,52,529.44,397.68,32.04,78.22,1,1,0.80913
393,53,827.53,602.88,39.11,78.85,1,1,0.81012
393,56,1391.18,526.99,39.38,66.52,1,1,0.773
393,64,760.34,219.7,33.03,66.34,1,1,0.8048
393,39,1123.86,426.53,32.53,79.83,1,1,0.7348
393,50,1066.76,316.26,35.8,64.31,1,1,0.7576
393,65,778.07,195.91,37.32,64.99,1,1,0.79679
393,45,1471.51,652.39,36.27,71.89,1,1,0.70187
393,37,1292.47,400.13,40.74,77.26,1,1,0.75476
393,43,1491.19,673.37,43.04,79.25,1,1,0.64423
394,38,1021.41,307.27,29.4,70.33,1,1,0.76187
394,44,1183.88,329.88,30.78,73.9,1,1,0.79711
394,46,993.11,588.56,36.06,88.14,1,1,0.69044
394,49,1512.6,389.48,38.03,84.48,1,1,0.80499
394,52,537.14,398.64,32.41,78.24,1,1,0.80587
394,53,833.02,599.09,38.6,78.26,1,1,0.81312
394,56,1397.83,528.18,38.55,66.15,1,1,0.78967
394,64,762.41,224.38,35.74,63.94,1,1,0.80603
394,39,1130.9,426.22,32.94,80.3,1,1,0.77432
394,50,1069.18,318.72,36.64,64.55,1,1,0.75056
394,65,782.13,200.14,41.71,63.36,1,1,0.80638
394,45,1478.34,654.61,36.11,69.85,1,1,0.67937
394,37,1301.54,400.55,41.85,75.75,1,1,0.76353
394,43,1496.9,677.6,46.98,80.93,1,1,0.65894
395,38,1025.68,306.98,29.28,69.57,1,1,0.77558
395,44,1189.77,327.96,30.67,74.38,1,1,0.79311
395,46,1001.66,587.05,35.04,81.83,1,1,0.71769
395,49,1516.37,388.75,37.3,85.42,1,1,0.80418
395,52,545.19,399.53,32.63,77.23,1,1,0.79746
395,53,840.51,595.01,37.66,80.39,1,1,0.80547
395,56,1405.09,528.93,38.2,67.02,1,1,0.79537
395,64,765.37,227.77,37.6,61.62,1,1,0.80236
395,39,1137.86,425.23,32.59,80.13,1,1,0.75468
395,50,1073.62,320.94,35.3,65.48,1,1,0.76819
395,65,786.77,204.06,44.62,60.86,1,1,0.79438
395,45,1485.46,657.43,36.74,70.81,1,1,0.7166
395,37,1313.02,400.19,41.54,74.41,1,1,0.77168
395,43,1504.76,679.21,45.16,82.67,1,1,0.6845
396,38,1030.17,306.63,29.18,69.29,1,1,0.78797
396,44,1195.39,325.11,30.62,73.61,1,1,0.79155
396,46,1009.04,583.91,35.03,78.45,1,1,0.7277
396,49,1521.16,386.99,36.27,85.59,1,1,0.80213
396,52,552.68,397.98,33.13,76.45,1,1,0.79901
396,53,846.96,589.65,34.96,83.81,1,1,0.7982
396,56,1411.0,528.3,38.01,67.66,1,1,0.80729
396,64,766.25,228.98,35.52,60.81,1,1,0.79214
396,39,1144.64,423.5,31.94,78.41,1,1,0.74642
396,50,1078.26,322.76,32.06,66.2,1,1,0.78033
396,65,790.38,207.38,42.8,60.6,1,1,0.77319
396,45,1493.37,660.47,36.8,67.28,1,1,0.68487
396,37,1324.84,398.95,39.48,72.86,1,1,0.78802
396,43,1511.98,678.1,45.66,83.81,1,1,0.66114
396,48,990.27,501.78,28.58,64.59,1,1,0.66487
397,38,1034.46,306.71,28.3,70.56,1,1,0.78616
397,44,1200.59,322.36,29.99,72.01,1,1,0.78944
397,46,1014.4,581.89,36.01,77.79,1,1,0.73928
397,49,1524.9,384.85,34.93,83.6,1,1,0.80533
397,52,559.12,395.81,34.17,76.74,1,1,0.80399
397,53,852.45,584.64,34.88,86.39,1,1,0.78479
397,56,1416.89,527.19,36.87,67.42,1,1,0.80403
397,64,766.26,231.83,32.91,61.91,1,1,0.8077
397,39,1150.45,421.83,31.9,77.31,1,1,0.75069
397,50,1082.21,324.91,29.01,67.82,1,1,0.78261
397,65,792.95,210.46,37.75,62.15,1,1,0.77849
397,37,1334.96,398.58,38.06,72.29,1,1,0.80665
397,43,1518.48,677.93,47.4,84.08,1,1,0.6469
397,48,993.92,499.03,27.84,64.88,1,1,0.68077
398,38,1037.73,308.38,27.93,71.32,1,1,0.78119
398,44,1204.66,322.22,29.39,69.38,1,1,0.79078
398,46,1018.7,579.28,37.49,79.63,1,1,0.73713
398,49,1528.14,384.39,34.99,81.82,1,1,0.80568
398,52,565.26,395.88,35.23,76.84,1,1,0.8029
398,53,857.01,581.72,37.28,84.31,1,1,0.78614
398,56,1422.2,527.17,35.23,69.68,1,1,0.78118
398,64,767.07,237.63,31.74,61.17,1,1,0.8083
398,39,1157.1,421.97,31.27,73.23,1,1,0.77227
398,50,1085.07,326.99,28.58,69.17,1,1,0.77385
398,65,795.42,215.94,35.58,64.45,1,1,0.80317
398,37,1343.4,399.28,37.85,73.26,1,1,0.80625
398,48,996.48,497.69,28.56,65.0,1,1,0.65828
398,69,1169.8,535.44,40.85,80.9,1,1,0.70319
399,38,1039.35,310.28,28.3,70.17,1,1,0.77431
399,44,1209.11,322.41,29.28,68.73,1,1,0.78074
399,49,1531.0,383.46,34.7,80.93,1,1,0.80356
399,52,571.46,395.81,34.31,77.03,1,1,0.80004
399,53,861.76,578.38,37.92,79.37,1,1,0.79021
399,56,1426.18,527.27,34.71,70.97,1,1,0.77528
399,64,765.71,240.79,32.57,61.79,1,1,0.81405
399,39,1161.98,422.28,30.92,72.99,1,1,0.76608
399,50,1087.25,327.96,29.96,70.54,1,1,0.77022
399,65,796.97,222.31,36.53,64.19,1,1,0.81406
399,37,1351.68,399.6,37.18,75.59,1,1,0.79486
399,48,997.57,496.13,29.11,66.04,1,1,0.7012
399,69,1171.8,535.84,40.27,80.65,1,1,0.74218
399,43,1536.68,682.02,45.9,82.78,1,1,0.70166
400,38,1038.85,311.03,28.48,69.63,1,1,0.76537
400,44,1210.19,322.79,28.93,70.35,1,1,0.77072
400,49,1532.34,380.09,33.64,82.85,1,1,0.78794
400,52,576.63,397.06,32.47,76.43,1,1,0.79936
400,53,864.3,574.72,37.04,74.95,1,1,0.79393
400,56,1427.23,526.65,34.34,67.69,1,1,0.76564
400,64,762.52,244.11,32.26,60.58,1,1,0.81005
400,39,1163.2,422.24,32.09,74.58,1,1,0.75707
400,50,1088.41,328.68,30.64,70.45,1,1,0.77033
400,65,797.23,227.9,38.23,63.12,1,1,0.81962
400,37,1357.31,399.33,36.65,77.95,1,1,0.78822
400,48,995.55,494.46,31.08,65.42,1,1,0.70759
400,71,1411.05,638.49,31.94,68.58,1,1,0.6816
400,43,1543.6,684.19,44.72,81.16,1,1,0.67561
400,46,1022.04,576.54,34.25,75.35,1,1,0.67388
401,38,1039.28,310.65,28.88,65.28,1,1,0.7678
401,44,1212.34,321.47,28.46,71.8,1,1,0.76188
401,49,1533.9,376.08,33.57,84.9,1,1,0.77176
401,52,582.78,398.71,30.74,73.93,1,1,0.8046
401,53,867.16,570.66,35.84,73.63,1,1,0.80458
401,56,1428.69,525.11,34.23,66.36,1,1,0.77355
401,64,761.56,247.17,31.74,60.8,1,1,0.80658
401,39,1166.43,421.43,33.07,75.72,1,1,0.73715
401,50,1089.71,328.2,29.97,69.32,1,1,0.78197
401,65,798.65,232.55,39.99,62.08,1,1,0.80358
401,37,1364.65,397.41,36.48,79.38,1,1,0.79631
401,48,995.63,491.75,33.17,64.97,1,1,0.74263
401,71,1415.28,640.65,30.9,70.16,1,1,0.71321
401,46,1024.69,574.7,33.22,74.49,1,1,0.69254
402,38,1040.26,310.27,29.94,64.4,1,1,0.78285
402,44,1215.0,319.39,28.15,72.0,1,1,0.75882
402,49,1534.51,379.43,33.99,80.55,1,1,0.79342
402,52,586.95,399.58,30.3,72.2,1,1,0.80527
402,53,871.27,566.98,33.83,75.65,1,1,0.80772
402,56,1430.84,524.33,33.22,65.34,1,1,0.79154
402,64,759.77,249.89,31.75,60.26,1,1,0.81432
402,39,1170.41,419.68,32.66,76.76,1,1,0.7288
402,50,1090.5,327.41,28.75,68.78,1,1,0.79405
402,65,798.44,236.76,40.75,60.04,1,1,0.80124
402,37,1371.9,396.1,35.05,78.69,1,1,0.79679
402,48,996.82,489.49,33.32,66.03,1,1,0.76488
402,71,1419.16,642.62,30.16,69.0,1,1,0.69313
402,46,1026.38,568.03,32.78,77.66,1,1,0.71412
403,38,1043.13,311.49,29.64,65.25,1,1,0.7702
403,44,1217.55,318.53,27.67,69.57,1,1,0.75919
403,49,1535.63,382.82,34.73,77.24,1,1,0.80021
403,52,591.47,400.29,29.58,72.18,1,1,0.80064
403,53,874.97,563.8,32.91,78.21,1,1,0.80296
403,56,1434.14,524.46,32.63,64.26,1,1,0.80387
403,64,758.31,253.55,31.03,60.04,1,1,0.81027
403,39,1174.41,418.72,31.77,76.01,1,1,0.74624
403,50,1092.2,328.51,27.01,67.94,1,1,0.78495
403,65,797.76,239.27,37.7,59.51,1,1,0.77321
403,37,1379.51,395.83,33.62,74.59,1,1,0.79965
403,48,999.77,488.73,32.63,65.42,1,1,0.7572
403,46,1027.51,566.25,32.06,76.63,1,1,0.73525
403,69,1173.74,533.1,33.08,81.08,1,1,0.69575
403,43,1569.45,690.38,35.65,82.27,1,1,0.6789
404,38,1043.42,311.4,27.95,64.31,1,1,0.79171
404,44,1217.9,316.13,27.87,65.51,1,1,0.76103
404,49,1535.67,383.8,34.2,74.03,1,1,0.80479
404,52,594.96,398.41,29.95,72.98,1,1,0.81169
404,53,877.79,558.19,32.27,80.46,1,1,0.7883
404,56,1434.9,522.66,32.86,63.16,1,1,0.787
404,64,756.15,256.1,28.52,60.58,1,1,0.82232
404,39,1177.08,416.59,30.26,73.8,1,1,0.76151
404,50,1092.97,328.78,25.55,68.65,1,1,0.76579
404,65,795.33,241.85,32.04,63.24,1,1,0.79568
404,37,1383.14,395.31,32.62,68.8,1,1,0.79695
404,48,1001.19,486.16,30.61,65.24,1,1,0.75421
404,46,1027.28,563.63,31.97,75.55,1,1,0.73125
404,69,1171.93,531.89,32.87,80.88,1,1,0.72036
404,43,1575.0,690.58,34.46,83.54,1,1,0.726
404,45,1532.14,686.62,38.86,63.82,1,1,0.64083
404,71,1427.37,644.76,28.24,69.12,1,1,0.66071
405,38,1043.83,310.47,27.14,65.19,1,1,0.77509
405,44,1218.4,312.47,28.35,63.23,1,1,0.75202
405,49,1536.63,383.15,32.55,71.9,1,1,0.79575
405,52,598.89,395.87,29.79,73.67,1,1,0.8075
405,53,879.34,552.35,32.97,81.32,1,1,0.77496
405,56,1435.62,520.46,32.82,64.07,1,1,0.79974
405,64,752.91,257.45,28.96,60.49,1,1,0.82617
405,39,1178.72,413.85,30.1,71.62,1,1,0.74973
405,50,1093.84,326.99,25.7,69.48,1,1,0.73252
405,65,794.66,244.32,30.84,64.3,1,1,0.78883
405,37,1387.2,393.79,32.25,64.9,1,1,0.78218
405,48,1001.55,482.71,30.09,67.38,1,1,0.74778
405,46,1026.78,559.59,31.65,76.33,1,1,0.73454
405,69,1170.58,529.35,33.05,77.04,1,1,0.73239
405,43,1580.34,692.17,34.07,82.91,1,1,0.70252
405,45,1535.67,688.67,41.15,62.58,1,1,0.66642
405,71,1431.15,644.02,28.1,70.32,1,1,0.71346
406,38,1043.44,308.92,26.85,65.39,1,1,0.76507
406,44,1219.55,310.26,28.25,59.9,1,1,0.74059
406,49,1536.78,382.49,31.11,69.64,1,1,0.78578
406,52,601.96,393.41,29.52,72.44,1,1,0.81094
406,53,881.17,546.41,33.03,79.42,1,1,0.78503
406,56,1436.58,518.84,33.54,64.22,1,1,0.79392
406,64,749.76,259.13,30.81,60.09,1,1,0.82194
406,39,1180.85,412.18,29.82,69.55,1,1,0.75924
406,50,1092.35,325.31,26.76,70.02,1,1,0.74392
406,65,792.27,246.34,31.11,64.45,1,1,0.81108
406,37,1391.45,392.02,31.31,61.61,1,1,0.7736
406,48,1001.84,478.82,29.0,70.1,1,1,0.73974
406,46,1026.41,555.55,31.8,71.71,1,1,0.73366
406,69,1168.22,526.72,32.79,73.16,1,1,0.72985
406,43,1586.8,694.12,31.49,81.15,1,1,0.69066
406,45,1543.25,688.97,39.09,61.94,1,1,0.64979
406,71,1434.22,643.05,27.55,69.44,1,1,0.67561
406,54,1399.26,644.25,33.64,76.88,1,1,0.66244
407,38,1043.08,307.18,27.35,65.69,1,1,0.75858
407,44,1219.45,309.76,28.44,59.29,1,1,0.7353
407,49,1536.49,382.46,30.9,68.56,1,1,0.77768
407,52,603.68,392.06,28.64,68.11,1,1,0.8063
407,53,883.33,541.23,32.92,75.21,1,1,0.78872
407,56,1437.08,518.07,33.89,63.68,1,1,0.77938
407,64,746.81,260.76,33.16,58.99,1,1,0.81359
407,39,1182.58,410.5,30.37,70.95,1,1,0.75737
407,50,1092.36,324.1,27.06,68.92,1,1,0.74344
407,65,789.01,248.34,33.88,64.23,1,1,0.82118
407,37,1395.03,391.14,31.01,61.52,1,1,0.76724
407,48,1002.49,475.04,28.76,72.06,1,1,0.7389
407,46,1026.28,552.54,31.96,68.78,1,1,0.73867
407,69,1166.73,524.67,33.99,71.48,1,1,0.66954
407,43,1592.51,688.52,30.73,85.9,1,1,0.75113
407,45,1550.88,686.72,37.48,63.48,1,1,0.70799
407,71,1436.46,643.03,27.64,70.99,1,1,0.69906
407,54,1403.2,646.92,32.7,80.23,1,1,0.67116
408,38,1043.4,306.53,27.01,61.02,1,1,0.76409
408,44,1220.43,308.71,28.24,60.25,1,1,0.74871
408,49,1537.89,382.86,30.17,68.7,1,1,0.77835
408,52,605.74,391.43,27.58,64.93,1,1,0.80072
408,53,886.81,536.44,31.68,72.2,1,1,0.79284
408,56,1438.1,517.88,34.36,63.8,1,1,0.7836
408,64,744.02,262.84,33.8,58.28,1,1,0.80661
408,39,1184.72,409.24,30.41,72.56,1,1,0.76921
408,50,1093.28,323.88,25.78,65.4,1,1,0.75606
408,65,786.46,250.84,36.23,63.29,1,1,0.82012
408,37,1399.19,390.11,30.69,61.69,1,1,0.77243
408,48,1003.05,471.83,28.72,71.98,1,1,0.74183
408,46,1026.97,550.61,31.84,69.1,1,1,0.75625
408,69,1166.19,523.43,34.51,71.21,1,1,0.70174
408,43,1596.36,687.09,31.18,86.62,1,1,0.75553
408,45,1556.79,689.59,36.43,61.27,1,1,0.72312
408,71,1438.59,643.89,28.41,70.87,1,1,0.68853
408,54,1410.18,659.23,32.38,80.51,1,1,0.65481
409,38,1042.0,306.41,27.83,60.38,1,1,0.77372
409,44,1220.15,306.2,29.05,63.14,1,1,0.75113
409,49,1538.45,381.83,30.17,70.35,1,1,0.78594
409,52,607.02,390.14,27.44,63.8,1,1,0.80607
409,53,890.16,531.96,30.45,72.34,1,1,0.7852
409,56,1438.41,518.11,33.77,65.02,1,1,0.77631
409,64,740.54,264.75,32.05,58.2,1,1,0.79523
409,39,1186.86,407.16,29.94,74.21,1,1,0.76804
409,50,1093.16,322.98,25.02,63.87,1,1,0.75461
409,65,782.96,253.59,37.25,60.53,1,1,0.8072
409,37,1403.06,387.72,31.35,62.74,1,1,0.7769
409,48,1003.04,469.33,28.67,70.04,1,1,0.74178
409,46,1027.58,548.47,31.89,70.82,1,1,0.7503
409,69,1166.06,522.58,34.14,71.29,1,1,0.70318
409,43,1600.4,686.83,31.16,85.78,1,1,0.76833
409,45,1560.67,691.57,36.37,59.67,1,1,0.70854
409,71,1440.68,644.99,28.53,70.48,1,1,0.73727
409,54,1416.98,667.78,31.21,79.06,1,1,0.65642
410,38,1042.31,305.46,27.7,61.24,1,1,0.77018
410,44,1220.03,303.3,28.23,63.54,1,1,0.75438
410,49,1540.42,379.79,30.08,71.32,1,1,0.79794
410,52,608.21,388.01,28.58,64.33,1,1,0.8014
410,53,893.31,526.44,30.54,75.5,1,1,0.80032
410,56,1440.55,517.5,32.98,65.37,1,1,0.78303
410,64,738.09,266.34,30.53,58.7,1,1,0.79135
410,39,1189.2,403.25,29.5,75.37,1,1,0.77198
410,50,1093.35,321.44,25.79,65.08,1,1,0.74722
410,65,780.7,255.43,37.93,59.18,1,1,0.79127
410,37,1408.08,385.51,31.61,61.77,1,1,0.77359
410,48,1003.86,465.88,28.31,67.57,1,1,0.74345
410,46,1028.8,545.04,31.95,71.2,1,1,0.76818
410,69,1166.9,521.04,33.09,70.31,1,1,0.7086
410,43,1604.57,686.67,31.91,84.01,1,1,0.78315
410,45,1564.32,690.43,37.66,62.47,1,1,0.68636
410,71,1443.13,645.77,29.0,68.78,1,1,0.74568
410,54,1420.95,672.55,32.16,75.78,1,1,0.68095
411,38,1042.2,304.07,27.12,63.04,1,1,0.75352
411,44,1220.42,300.45,27.69,63.54,1,1,0.74574
411,49,1541.88,377.18,30.25,73.22,1,1,0.79994
411,52,608.73,385.52,30.21,64.25,1,1,0.79923
411,53,896.11,520.77,30.98,78.66,1,1,0.79242
411,56,1442.1,516.05,32.21,64.95,1,1,0.77105
411,64,735.41,267.16,29.02,59.56,1,1,0.7965
411,39,1190.84,399.75,28.82,74.27,1,1,0.76063
411,50,1093.18,321.21,27.51,64.45,1,1,0.73777
411,65,778.21,256.66,36.27,60.71,1,1,0.78848
411,37,1411.52,382.84,31.38,61.95,1,1,0.77214
411,48,1004.13,462.33,28.26,64.63,1,1,0.7472
411,46,1028.85,541.56,31.83,73.23,1,1,0.78059
411,69,1166.54,518.7,32.82,69.29,1,1,0.73102
411,43,1609.61,688.36,31.35,80.14,1,1,0.74985
411,45,1566.47,691.09,39.58,66.29,1,1,0.69677
411,71,1445.05,646.3,29.04,68.5,1,1,0.75194
411,54,1423.33,673.02,32.17,74.66,1,1,0.66916
411,73,1410.33,649.38,29.7,65.23,1,1,0.64835
412,38,1042.32,302.65,26.62,64.18,1,1,0.76448
412,44,1221.84,297.97,26.92,62.36,1,1,0.73614
412,49,1543.32,374.88,30.45,74.5,1,1,0.80224
412,52,607.57,383.54,31.36,63.02,1,1,0.80186
412,53,898.04,515.81,32.01,80.34,1,1,0.79986
412,56,1442.86,514.21,31.52,66.2,1,1,0.7809
412,64,731.52,268.49,29.06,58.63,1,1,0.79832
412,39,1191.74,396.29,27.54,70.05,1,1,0.7703
412,50,1093.65,319.7,28.31,65.63,1,1,0.73251
412,65,775.13,258.53,33.82,61.9,1,1,0.81683
412,37,1415.7,381.23,30.78,61.56,1,1,0.7759
412,48,1004.15,459.64,27.6,61.7,1,1,0.74432
412,46,1028.43,537.31,32.68,76.59,1,1,0.78175
412,69,1165.68,516.76,32.8,71.4,1,1,0.74021
412,43,1614.84,691.83,31.41,75.3,1,1,0.75128
412,45,1570.86,693.97,40.56,68.27,1,1,0.72699
412,71,1447.1,647.57,29.21,67.34,1,1,0.75398
412,54,1424.91,671.21,33.41,76.08,1,1,0.65878
412,73,1413.0,650.37,29.61,64.97,1,1,0.65476
413,38,1041.77,300.81,26.89,63.83,1,1,0.75936
413,44,1222.44,295.48,25.14,61.23,1,1,0.73393
413,49,1545.1,372.87,30.53,74.27,1,1,0.80805
413,52,606.19,381.41,31.65,62.75,1,1,0.79079
413,53,900.77,510.71,31.8,79.41,1,1,0.80162
413,56,1444.02,512.05,31.09,67.77,1,1,0.78732
413,64,727.51,269.15,28.78,57.59,1,1,0.80301
413,39,1192.4,393.38,26.91,67.52,1,1,0.77658
413,50,1094.65,317.67,28.47,67.03,1,1,0.73545
413,65,771.88,259.88,32.32,62.7,1,1,0.8203
413,37,1419.75,379.77,30.48,62.02,1,1,0.77902
413,48,1004.0,456.91,26.56,61.39,1,1,0.74382
413,46,1028.45,532.22,32.75,78.06,1,1,0.76008
413,69,1165.16,513.7,32.79,73.64,1,1,0.74938
413,43,1618.83,692.83,32.51,74.66,1,1,0.74221
413,45,1578.37,694.58,37.81,73.72,1,1,0.76048
413,71,1449.03,648.77,29.45,66.02,1,1,0.73537
413,73,1416.32,652.18,30.63,66.55,1,1,0.6516
413,74,1786.18,307.83,25.17,64.35,1,1,0.74227
414,38,1040.14,298.77,28.27,61.02,1,1,0.77274
414,44,1223.11,292.89,25.18,59.57,1,1,0.72459
414,49,1547.07,371.25,30.38,72.88,1,1,0.80253
414,52,604.45,379.32,30.7,62.3,1,1,0.78989
414,53,902.65,506.39,31.63,75.0,1,1,0.80349
414,56,1445.18,510.21,30.56,70.0,1,1,0.78166
414,64,722.28,269.93,29.51,56.69,1,1,0.79316
414,39,1192.85,391.59,26.38,66.91,1,1,0.77717
414,50,1094.4,315.17,29.18,66.06,1,1,0.73732
414,65,767.34,260.58,34.1,62.94,1,1,0.82584
414,37,1422.97,377.92,29.71,62.14,1,1,0.77907
414,48,1002.95,454.31,26.36,63.75,1,1,0.74504
414,46,1027.33,528.63,33.19,76.08,1,1,0.75056
414,69,1164.1,510.49,32.66,73.5,1,1,0.74229
414,43,1622.22,693.46,32.76,76.25,1,1,0.71252
414,45,1584.72,696.68,35.46,77.42,1,1,0.76769
414,71,1452.06,649.95,29.14,65.58,1,1,0.7409
415,38,1038.75,297.78,29.42,61.26,1,1,0.78404
415,44,1224.77,290.58,25.32,57.05,1,1,0.73464
415,49,1549.12,370.73,30.0,71.4,1,1,0.80301
415,52,603.34,379.35,30.94,61.36,1,1,0.79636
415,53,904.85,503.64,30.73,68.8,1,1,0.7946
415,56,1445.96,509.42,30.71,70.92,1,1,0.79257
415,64,716.95,271.36,29.11,56.68,1,1,0.804
415,39,1193.92,391.12,26.4,67.6,1,1,0.77457
415,50,1094.0,314.26,29.66,67.78,1,1,0.73054
415,65,763.38,262.71,36.04,60.78,1,1,0.82405
415,37,1426.47,376.95,29.26,60.56,1,1,0.76382
415,48,1002.3,452.66,26.27,66.48,1,1,0.74453
415,46,1027.08,526.4,32.29,74.08,1,1,0.75398
415,69,1163.72,508.82,32.28,71.59,1,1,0.72517
415,43,1626.98,693.84,33.74,79.18,1,1,0.70961
415,45,1590.26,698.52,35.39,80.34,1,1,0.77496
415,71,1454.69,652.58,28.43,65.94,1,1,0.72908
415,75,1632.64,1024.47,33.16,55.05,1,1,0.69638
415,54,1429.87,666.46,36.74,84.62,1,1,0.6954
416,38,1038.16,298.2,29.37,60.45,1,1,0.79584
416,44,1226.24,288.84,24.73,55.19,1,1,0.73704
416,49,1551.88,370.4,29.62,70.18,1,1,0.80026
416,52,602.63,379.85,30.6,61.78,1,1,0.79629
416,53,905.81,501.31,29.98,67.34,1,1,0.79176
416,56,1447.98,509.27,30.7,70.63,1,1,0.79924
416,64,710.67,273.86,29.32,56.11,1,1,0.80525
416,39,1194.57,390.42,26.89,69.21,1,1,0.77433
416,50,1092.74,314.35,29.0,65.43,1,1,0.72206
416,65,758.89,266.08,36.89,58.53,1,1,0.80216
416,37,1429.82,376.44,29.06,58.87,1,1,0.76308
416,48,1001.65,450.71,26.29,66.31,1,1,0.71019
416,46,1025.81,524.51,31.35,73.34,1,1,0.75435
416,69,1163.16,507.52,31.64,69.03,1,1,0.70728
416,43,1632.05,696.59,36.16,78.26,1,1,0.71857
416,45,1595.29,703.78,35.13,79.37,1,1,0.77517
416,71,1458.01,656.27,28.31,64.97,1,1,0.72377
416,54,1433.19,669.0,37.81,84.55,1,1,0.73596
416,74,1793.12,314.16,22.89,64.11,1,1,0.69286
417,38,1036.82,299.13,29.51,58.55,1,1,0.79216
417,44,1225.16,287.95,23.92,55.77,1,1,0.73134
417,49,1554.63,369.1,29.17,71.26,1,1,0.79664
417,52,601.05,380.43,30.48,62.73,1,1,0.78013
417,53,905.58,498.92,29.66,69.06,1,1,0.78497
417,56,1449.74,508.76,31.23,70.47,1,1,0.79509
417,64,704.82,275.34,28.48,58.1,1,1,0.80962
417,39,1194.69,389.36,27.22,69.5,1,1,0.75806
417,50,1091.43,313.84,28.61,63.42,1,1,0.7391
417,65,753.65,268.33,36.89,57.76,1,1,0.76891
417,37,1432.18,376.92,28.79,55.23,1,1,0.75774
417,48,1000.63,448.96,26.32,63.94,1,1,0.69885
417,46,1024.34,522.72,29.98,73.07,1,1,0.75648
417,69,1162.14,506.64,30.93,68.83,1,1,0.66348
417,43,1636.22,698.26,38.29,77.35,1,1,0.70393
417,45,1601.56,707.5,34.46,79.41,1,1,0.77021
417,71,1461.22,660.2,27.71,64.65,1,1,0.69488
417,54,1437.91,679.38,36.8,79.74,1,1,0.67921
418,38,1036.33,300.4,28.62,58.02,1,1,0.79081
418,44,1225.91,288.56,23.27,55.05,1,1,0.72403
418,49,1558.42,369.23,28.48,72.3,1,1,0.78665
418,52,597.93,381.67,32.02,64.37,1,1,0.76478
418,53,906.13,497.76,30.0,72.22,1,1,0.77613
418,56,1451.63,509.54,31.52,70.45,1,1,0.79489
418,64,700.54,279.27,25.31,58.51,1,1,0.80211
418,39,1195.58,389.0,27.22,68.69,1,1,0.75543
418,50,1090.88,314.99,28.22,62.57,1,1,0.7654
418,65,749.61,272.83,32.2,58.5,1,1,0.75119
418,37,1435.15,377.86,28.73,53.01,1,1,0.75327
418,48,1000.58,448.68,26.5,61.27,1,1,0.70411
418,46,1023.4,522.46,29.51,73.68,1,1,0.7621
418,69,1160.75,507.0,30.23,69.52,1,1,0.68866
418,43,1641.83,698.7,38.4,81.02,1,1,0.68821
418,45,1606.59,709.77,34.53,81.64,1,1,0.76075
418,71,1465.8,665.27,26.96,64.26,1,1,0.69397
418,54,1441.41,684.11,37.34,80.43,1,1,0.68993
418,74,1797.56,320.85,21.68,63.74,1,1,0.70534
419,38,1035.57,301.22,29.04,59.7,1,1,0.78032
419,44,1225.81,288.97,23.09,55.68,1,1,0.72677
419,49,1560.95,369.46,28.04,73.52,1,1,0.78912
419,52,596.45,383.78,32.37,65.14,1,1,0.78021
419,53,906.46,495.74,30.43,75.27,1,1,0.77123
419,56,1452.61,510.48,31.76,70.11,1,1,0.80279
419,64,694.98,283.32,24.5,58.15,1,1,0.80343
419,39,1195.87,388.39,27.28,68.39,1,1,0.76113
419,50,1088.86,315.06,28.76,61.45,1,1,0.76549
419,65,743.32,277.38,28.64,60.26,1,1,0.77816
419,37,1437.69,379.82,31.19,55.35,1,1,0.75355
419,48,999.93,448.59,26.89,60.92,1,1,0.68622
419,46,1022.19,522.54,28.84,75.3,1,1,0.75612
419,69,1158.38,508.03,30.24,70.47,1,1,0.70933
419,45,1611.68,711.13,34.84,85.0,1,1,0.72927
419,71,1471.24,671.71,26.35,66.84,1,1,0.72992
419,73,1432.06,674.17,34.88,67.52,1,1,0.64931
420,38,1035.25,300.87,30.25,62.65,1,1,0.7741
420,44,1225.71,288.4,23.31,56.3,1,1,0.74985
420,49,1562.05,369.36,28.21,74.3,1,1,0.79013
420,52,593.0,384.21,32.77,66.7,1,1,0.78
420,53,906.44,493.62,30.62,75.71,1,1,0.76318
420,56,1452.78,510.81,32.05,69.6,1,1,0.80764
420,64,688.35,286.78,24.47,57.38,1,1,0.80261
420,39,1196.35,388.62,26.18,66.84,1,1,0.75874
420,50,1085.83,315.14,29.9,61.82,1,1,0.76407
420,65,739.57,288.16,26.86,54.58,1,1,0.7716
420,37,1438.9,381.99,33.37,57.14,1,1,0.76341
420,48,999.12,448.48,26.82,60.97,1,1,0.667
420,46,1020.57,522.15,28.56,77.18,1,1,0.75883
420,69,1156.06,508.58,30.29,72.59,1,1,0.72337
420,45,1615.25,714.38,35.77,84.64,1,1,0.72802
420,71,1474.42,677.57,27.57,69.49,1,1,0.74571
420,77,1246.8,507.36,32.93,77.72,1,1,0.70521
420,73,1433.66,678.82,36.05,65.9,1,1,0.67531
420,42,1312.25,540.76,29.85,72.0,1,1,0.6459
420,54,1447.82,691.36,34.89,79.82,1,1,0.64526
421,38,1035.55,300.33,31.25,64.11,1,1,0.77492
421,44,1224.29,288.72,23.66,56.29,1,1,0.75738
421,49,1563.48,368.78,28.3,74.94,1,1,0.79201
421,52,588.37,382.92,32.48,67.0,1,1,0.76251
421,53,906.28,490.91,30.67,74.0,1,1,0.75865
421,56,1452.81,510.76,32.33,69.41,1,1,0.80771
421,64,680.6,289.35,26.35,56.01,1,1,0.78062
421,39,1196.94,390.07,25.32,65.22,1,1,0.74452
421,50,1083.3,314.23,29.87,62.38,1,1,0.77093
421,65,731.73,291.77,29.77,52.8,1,1,0.7827
421,37,1439.65,382.92,35.14,59.48,1,1,0.75213
421,48,997.85,448.39,26.45,60.11,1,1,0.6614
421,46,1018.63,520.47,28.45,77.78,1,1,0.7373
421,69,1153.86,508.73,30.44,73.52,1,1,0.7332
421,45,1618.86,715.3,38.27,85.15,1,1,0.66824
421,71,1476.87,682.28,28.41,70.0,1,1,0.74317
421,77,1245.72,506.39,32.46,76.04,1,1,0.66108
421,54,1448.73,697.07,34.13,79.95,1,1,0.69054
421,75,1646.48,1045.89,40.18,33.38,1,1,0.65528
422,38,1034.86,299.19,31.54,64.4,1,1,0.78133
422,44,1222.29,287.55,23.89,58.87,1,1,0.75964
422,49,1564.11,367.97,28.17,73.66,1,1,0.79634
422,52,583.45,382.84,32.14,66.21,1,1,0.77559
422,53,905.01,487.47,30.05,71.53,1,1,0.76303
422,56,1451.72,510.31,32.85,68.55,1,1,0.80549
422,64,671.57,289.56,28.02,56.52,1,1,0.77062
422,39,1196.14,389.27,25.55,66.47,1,1,0.74635
422,50,1079.32,313.16,30.18,60.12,1,1,0.78129
422,65,723.3,289.06,33.2,55.18,1,1,0.72487
422,37,1439.55,382.4,36.11,61.37,1,1,0.74907
422,48,995.15,447.35,25.95,61.91,1,1,0.67749
422,46,1015.99,518.32,28.49,78.54,1,1,0.719
422,69,1151.1,506.89,30.77,75.48,1,1,0.68713
422,45,1620.54,716.03,40.49,83.26,1,1,0.72037
422,71,1479.18,685.93,28.58,68.9,1,1,0.73521
422,54,1449.36,700.6,34.94,79.54,1,1,0.72977
422,78,200.82,566.26,33.44,59.35,1,1,0.75284
422,43,1656.37,702.16,42.9,81.06,1,1,0.72158
422,73,1436.72,685.66,37.45,59.89,1,1,0.69609
423,38,1033.19,298.93,29.89,61.87,1,1,0.78266
423,44,1220.17,286.24,24.27,59.99,1,1,0.75049
423,49,1564.69,367.02,27.96,71.39,1,1,0.79918
423,52,578.06,383.27,30.66,64.9,1,1,0.77018
423,53,903.75,485.07,29.19,68.41,1,1,0.77261
423,56,1450.89,510.41,33.38,67.83,1,1,0.8033
423,64,662.46,289.79,27.23,56.9,1,1,0.76808
423,39,1194.8,388.48,26.18,67.9,1,1,0.76249
423,50,1075.63,313.01,29.24,58.78,1,1,0.77501
423,65,713.34,285.78,31.84,57.26,1,1,0.7563
423,37,1438.36,381.78,36.76,62.68,1,1,0.75123
423,48,992.93,446.06,25.74,64.16,1,1,0.71198
423,46,1013.38,516.77,29.58,77.84,1,1,0.74457
423,45,1623.95,716.86,40.43,80.89,1,1,0.70063
423,71,1481.55,690.02,29.23,69.71,1,1,0.72368
423,54,1451.4,702.87,34.91,80.25,1,1,0.70364
423,78,199.95,569.6,33.92,57.88,1,1,0.75334
423,43,1658.83,703.51,44.74,78.98,1,1,0.72625
423,73,1438.15,689.25,36.86,58.21,1,1,0.70881
423,75,1649.6,1051.21,39.78,27.77,1,1,0.66036
424,38,1031.95,299.01,29.56,57.14,1,1,0.78645
424,44,1218.58,284.56,24.83,57.51,1,1,0.76072
424,49,1565.51,368.17,27.39,66.26,1,1,0.79571
424,52,572.85,383.69,29.25,63.99,1,1,0.77959
424,53,902.86,483.19,28.6,67.9,1,1,0.77784
424,56,1450.15,511.41,33.61,66.63,1,1,0.80086
424,64,654.22,291.84,27.79,57.05,1,1,0.77674
424,39,1193.16,386.77,26.61,70.03,1,1,0.76469
424,50,1073.56,313.57,29.11,60.66,1,1,0.77825
424,65,705.41,290.12,30.28,55.78,1,1,0.75497
424,37,1437.74,381.32,35.23,62.19,1,1,0.75684
424,48,990.04,444.74,25.86,65.73,1,1,0.73999
424,46,1012.45,515.95,29.6,75.3,1,1,0.76649
424,45,1628.41,718.77,39.99,78.7,1,1,0.70916
424,71,1484.06,693.87,29.33,67.31,1,1,0.74686
424,54,1452.94,705.77,36.51,78.06,1,1,0.70068
424,78,199.14,572.75,34.74,57.28,1,1,0.76571
424,43,1662.24,706.49,44.25,76.46,1,1,0.72936
424,73,1439.24,692.83,36.57,58.06,1,1,0.7441
425,38,1029.96,298.04,28.63,53.61,1,1,0.78907
425,44,1217.23,282.46,24.19,55.38,1,1,0.76742
425,49,1565.54,368.56,27.22,64.15,1,1,0.79537
425,52,566.72,383.36,28.37,62.46,1,1,0.78401
425,53,902.02,480.52,28.31,70.03,1,1,0.77588
425,56,1448.61,511.8,33.92,66.09,1,1,0.79808
425,64,646.33,292.84,26.83,58.9,1,1,0.78705
425,39,1190.36,383.63,26.81,71.34,1,1,0.76776
425,50,1071.64,313.4,28.13,61.11,1,1,0.76858
425,65,699.08,291.23,28.56,57.77,1,1,0.76277
425,37,1435.65,381.5,34.0,60.75,1,1,0.7563
425,48,987.22,442.59,25.75,65.37,1,1,0.7441
425,46,1010.19,514.38,29.5,71.42,1,1,0.77004
425,45,1634.09,720.57,37.67,77.46,1,1,0.69451
425,71,1485.24,697.22,30.01,66.51,1,1,0.75987
425,54,1453.53,710.4,38.97,75.56,1,1,0.71218
425,78,197.6,574.98,33.29,57.83,1,1,0.75919
425,43,1664.53,708.18,43.54,75.06,1,1,0.69976
425,73,1438.62,695.16,37.18,59.13,1,1,0.75202
425,69,1140.17,504.79,31.57,67.26,1,1,0.66701
426,38,1028.85,296.89,27.54,53.68,1,1,0.79425
426,44,1215.49,279.89,24.13,53.61,1,1,0.77288
426,49,1564.85,368.57,27.89,63.73,1,1,0.80352
426,52,560.81,383.3,29.62,62.87,1,1,0.80628
426,53,900.5,476.74,28.96,73.41,1,1,0.78835
426,56,1447.39,512.13,33.43,66.31,1,1,0.79161
426,64,637.63,293.73,26.35,59.95,1,1,0.79177
426,39,1188.2,380.4,26.67,71.5,1,1,0.7788
426,50,1068.65,312.36,27.87,62.05,1,1,0.77393
426,65,692.85,293.24,25.81,58.73,1,1,0.77594
426,37,1434.24,381.64,32.98,57.08,1,1,0.76675
426,48,984.55,440.76,25.62,62.54,1,1,0.74547
426,46,1007.43,512.04,30.14,71.21,1,1,0.76915
426,45,1639.63,722.86,35.49,76.73,1,1,0.7492
426,71,1487.16,699.9,30.3,65.78,1,1,0.75425
426,54,1455.06,712.75,40.03,74.49,1,1,0.73685
426,78,196.66,575.77,32.36,58.63,1,1,0.77441
426,43,1665.91,709.55,43.95,73.61,1,1,0.68244
426,73,1437.32,696.76,38.47,63.02,1,1,0.76155
426,69,1135.92,503.11,31.54,66.93,1,1,0.67267
426,42,1303.48,543.06,28.79,73.56,1,1,0.64234
427,38,1027.13,293.65,27.22,55.47,1,1,0.80146
427,44,1213.41,277.86,24.1,53.34,1,1,0.7645
427,49,1563.21,367.38,28.93,64.34,1,1,0.80277
427,52,553.84,381.71,32.04,63.19,1,1,0.81006
427,53,897.64,471.77,29.24,76.0,1,1,0.78989
427,56,1445.08,511.44,33.23,68.29,1,1,0.78309
427,64,628.8,293.57,27.19,59.86,1,1,0.78992
427,39,1185.1,376.93,26.37,70.16,1,1,0.77528
427,50,1064.5,308.74,27.31,61.13,1,1,0.77776
427,65,684.66,296.34,24.79,57.27,1,1,0.78247
427,37,1430.79,380.49,31.92,55.82,1,1,0.7579
427,48,981.32,438.29,25.51,61.34,1,1,0.7496
427,46,1003.76,508.47,30.8,72.67,1,1,0.76423
427,45,1643.91,722.98,33.52,78.44,1,1,0.65474
427,71,1487.41,701.36,31.07,67.33,1,1,0.75452
427,54,1456.53,715.02,39.35,74.56,1,1,0.73227
427,78,195.1,576.0,31.49,59.5,1,1,0.77201
427,73,1435.03,696.79,39.03,66.76,1,1,0.77699
428,38,1025.17,290.62,27.23,55.95,1,1,0.79301
428,44,1209.84,276.2,25.44,53.37,1,1,0.7699
428,49,1560.54,365.01,29.94,65.15,1,1,0.81111
428,52,546.17,380.07,33.22,63.19,1,1,0.79833
428,53,894.81,466.41,29.49,75.93,1,1,0.78807
428,56,1443.08,510.03,33.25,70.49,1,1,0.78234
428,64,618.46,292.68,27.63,60.47,1,1,0.79805
428,39,1181.76,373.0,26.09,65.85,1,1,0.77443
428,50,1060.03,304.64,27.04,57.98,1,1,0.77284
428,65,674.58,292.04,26.86,60.5,1,1,0.78917
428,37,1427.31,378.49,30.22,55.68,1,1,0.75472
428,48,978.4,434.92,25.12,61.0,1,1,0.74557
428,46,1000.29,503.57,31.38,76.28,1,1,0.74915
428,45,1645.59,723.44,32.86,78.57,1,1,0.69974
428,71,1487.54,702.74,31.23,69.38,1,1,0.74452
428,54,1457.39,715.85,38.63,75.48,1,1,0.73569
428,78,193.34,574.45,31.46,60.28,1,1,0.77907
428,73,1433.99,696.33,37.66,68.67,1,1,0.78937
429,38,1022.96,288.49,27.3,54.2,1,1,0.783
429,44,1206.54,274.85,26.62,53.99,1,1,0.77004
429,49,1557.68,362.13,31.4,66.75,1,1,0.81753
429,52,538.35,378.96,34.21,62.42,1,1,0.79431
429,53,891.71,461.81,29.84,72.83,1,1,0.7936
429,56,1440.84,508.46,33.95,72.62,1,1,0.77759
429,64,609.58,292.0,28.2,60.66,1,1,0.79579
429,39,1178.13,370.61,26.08,64.28,1,1,0.77508
429,50,1057.69,301.56,26.26,57.34,1,1,0.7642
429,65,663.76,288.52,29.23,62.89,1,1,0.78725
429,37,1423.81,378.39,29.4,54.45,1,1,0.76098
429,48,975.14,431.85,25.06,60.46,1,1,0.74983
429,46,997.25,499.39,31.84,76.17,1,1,0.74216
429,45,1647.39,721.39,31.79,81.33,1,1,0.735
429,71,1489.76,704.43,30.17,71.23,1,1,0.75023
429,54,1459.52,714.75,36.32,78.48,1,1,0.76552
429,78,191.86,573.07,31.18,61.78,1,1,0.77745
429,73,1433.85,696.53,36.23,69.48,1,1,0.79213
430,38,1020.51,286.93,26.38,52.59,1,1,0.78895
430,44,1202.88,271.31,27.32,55.98,1,1,0.77963
430,49,1555.71,359.82,31.4,68.47,1,1,0.81501
430,52,531.14,378.2,33.58,61.44,1,1,0.80094
430,53,889.1,457.95,29.76,68.67,1,1,0.80088
430,56,1438.5,506.48,34.27,74.96,1,1,0.77179
430,64,601.17,292.11,29.38,59.46,1,1,0.78233
430,39,1174.49,368.3,26.49,65.62,1,1,0.77721
430,50,1054.21,299.51,25.58,56.54,1,1,0.7602
430,65,655.19,287.03,30.68,62.48,1,1,0.78179
430,37,1420.6,377.63,29.43,55.09,1,1,0.76359
430,48,972.52,429.49,24.49,59.77,1,1,0.74391
430,46,993.74,496.37,32.18,75.91,1,1,0.7573
430,45,1647.97,720.53,31.85,83.16,1,1,0.74999
430,71,1490.72,706.21,29.4,73.62,1,1,0.73945
430,54,1461.1,716.04,34.0,79.9,1,1,0.75114
430,78,190.73,572.7,30.18,62.7,1,1,0.74356
430,73,1434.12,696.85,34.5,69.25,1,1,0.79264
430,43,1671.57,708.56,36.84,78.53,1,1,0.67954
431,38,1018.5,286.71,26.06,51.6,1,1,0.79628
431,44,1199.11,268.15,26.69,57.37,1,1,0.77836
431,49,1553.69,358.06,30.83,68.69,1,1,0.81518
431,52,525.45,378.6,34.46,62.04,1,1,0.79974
431,53,886.93,454.82,28.97,65.47,1,1,0.8013
431,56,1436.44,504.99,34.02,76.09,1,1,0.76359
431,64,591.05,293.09,30.16,57.66,1,1,0.77068
431,39,1170.1,366.04,26.98,66.35,1,1,0.77419
431,50,1049.84,297.8,24.63,56.98,1,1,0.76444
431,65,647.23,286.23,30.84,62.03,1,1,0.78529
431,37,1416.51,376.46,29.85,56.29,1,1,0.75902
431,48,969.76,428.25,23.93,60.15,1,1,0.73129
431,46,990.05,493.96,31.97,73.05,1,1,0.75578
431,45,1649.05,720.08,32.03,84.95,1,1,0.76263
431,71,1491.08,708.41,29.27,76.67,1,1,0.74099
431,54,1462.83,720.1,31.35,78.03,1,1,0.73851
431,78,188.46,572.56,29.86,64.21,1,1,0.7594
431,73,1434.09,697.84,33.64,68.44,1,1,0.79797
431,43,1671.84,708.18,35.32,78.84,1,1,0.70667
431,42,1289.82,539.55,28.9,74.78,1,1,0.64235
432,38,1016.69,286.99,26.11,51.59,1,1,0.80102
432,44,1196.59,266.55,24.92,52.45,1,1,0.74327
432,49,1552.24,357.19,29.87,66.64,1,1,0.80718
432,52,519.83,378.68,33.32,63.22,1,1,0.80185
432,53,884.37,452.31,28.44,66.28,1,1,0.79356
432,56,1434.96,503.92,33.64,76.06,1,1,0.7614
432,64,581.41,293.92,30.58,58.04,1,1,0.79331
432,39,1166.24,364.22,27.72,66.85,1,1,0.77681
432,50,1046.1,297.59,24.37,57.6,1,1,0.77304
432,65,638.91,286.99,30.47,60.7,1,1,0.77363
432,37,1412.94,376.97,31.84,54.87,1,1,0.7479
432,48,966.88,427.26,23.99,62.82,1,1,0.71033
432,46,987.12,491.27,31.26,72.41,1,1,0.76736
432,45,1649.92,721.12,31.54,85.12,1,1,0.76195
432,71,1491.93,710.65,29.01,78.99,1,1,0.7519
432,54,1464.94,720.01,30.15,78.97,1,1,0.7553
432,78,186.85,573.78,29.11,64.64,1,1,0.76412
432,73,1433.93,698.2,33.11,68.5,1,1,0.80221
432,43,1671.48,706.74,34.84,77.35,1,1,0.70858
432,74,1792.82,341.43,22.2,62.43,1,1,0.77501
433,38,1014.95,286.68,27.0,51.9,1,1,0.79458
433,44,1193.65,265.31,24.49,50.21,1,1,0.76929
433,49,1550.34,356.39,29.03,63.95,1,1,0.80406
433,52,513.73,378.08,31.18,64.82,1,1,0.80546
433,53,880.14,449.38,29.01,68.67,1,1,0.77033
433,56,1432.49,502.98,33.67,73.87,1,1,0.75946
433,64,572.85,295.53,30.16,59.01,1,1,0.78281
433,39,1162.56,364.21,27.87,64.9,1,1,0.76178
433,50,1041.3,296.78,25.5,57.83,1,1,0.7567
433,65,629.18,287.92,30.08,61.48,1,1,0.76283
433,37,1406.84,375.96,31.96,52.91,1,1,0.73524
433,48,963.14,425.84,24.4,63.51,1,1,0.67127
433,46,983.74,488.79,30.38,71.49,1,1,0.75824
433,45,1649.87,722.22,31.75,84.4,1,1,0.74291
433,71,1493.87,713.11,29.5,80.9,1,1,0.73725
433,54,1466.05,718.2,29.92,81.65,1,1,0.76204
433,78,185.2,574.89,28.77,66.35,1,1,0.72891
433,73,1432.98,698.92,33.02,69.32,1,1,0.79811
433,43,1670.05,705.59,36.01,75.28,1,1,0.7168
433,74,1791.18,341.84,22.14,62.01,1,1,0.64791
433,69,1112.84,486.11,31.98,70.01,1,1,0.65464
434,38,1014.03,286.24,27.03,52.25,1,1,0.79616
434,44,1190.26,263.92,24.97,50.02,1,1,0.76093
434,49,1548.23,355.9,28.05,61.2,1,1,0.7945
434,52,507.79,377.02,29.38,66.39,1,1,0.80024
434,53,876.85,444.17,28.93,73.01,1,1,0.76174
434,56,1430.13,501.94,33.29,70.96,1,1,0.75916
434,64,566.2,297.35,28.24,59.29,1,1,0.78481
434,39,1159.4,361.86,27.98,64.36,1,1,0.76238
434,50,1037.4,295.13,26.08,57.56,1,1,0.74733
434,65,621.11,289.1,30.22,62.72,1,1,0.77209
434,37,1401.01,375.06,32.07,52.6,1,1,0.75713
434,48,959.64,424.57,25.29,64.98,1,1,0.67058
434,46,980.92,486.06,29.99,73.48,1,1,0.74874
434,45,1649.7,721.99,32.36,83.39,1,1,0.74125
434,71,1494.47,714.92,29.71,81.48,1,1,0.73835
434,54,1466.34,719.3,30.16,82.5,1,1,0.76201
434,78,183.53,575.39,29.14,67.28,1,1,0.77104
434,73,1432.45,699.34,32.67,69.09,1,1,0.79563
434,43,1669.9,704.49,36.03,75.48,1,1,0.72439
434,79,1205.02,487.29,34.04,71.44,1,1,0.66248
434,69,1109.72,484.39,31.64,70.08,1,1,0.64675
435,38,1013.22,285.61,26.77,52.6,1,1,0.78606
435,44,1186.42,261.55,25.65,50.26,1,1,0.76152
435,49,1545.81,355.76,27.57,60.09,1,1,0.79633
435,52,500.87,375.96,29.42,67.51,1,1,0.79585
435,53,873.84,441.08,29.59,75.1,1,1,0.75653
435,56,1427.32,500.94,33.26,68.79,1,1,0.75972
435,64,559.56,297.71,26.95,60.15,1,1,0.7981
435,39,1156.17,359.31,27.86,64.04,1,1,0.752
435,50,1034.04,292.02,26.54,56.94,1,1,0.7481
435,65,612.84,290.56,29.5,63.92,1,1,0.79489
435,37,1395.81,374.53,32.8,53.21,1,1,0.77592
435,46,978.61,482.81,29.74,77.11,1,1,0.73566
435,45,1649.72,722.23,33.06,79.04,1,1,0.74005
435,71,1494.32,717.0,30.0,81.1,1,1,0.73858
435,54,1466.65,722.31,30.5,81.4,1,1,0.76064
435,78,182.04,576.85,29.85,67.7,1,1,0.76316
435,73,1432.61,699.99,31.91,68.63,1,1,0.79203
435,43,1670.36,704.18,36.32,75.21,1,1,0.73645
435,79,1201.82,486.06,34.49,73.13,1,1,0.65238
435,69,1105.2,482.86,32.67,69.77,1,1,0.64049
435,80,1909.37,593.21,9.54,63.88,1,1,0.7032
435,42,1278.74,539.28,31.32,76.43,1,1,0.6465
436,38,1012.42,285.58,26.59,53.39,1,1,0.7884
436,44,1182.02,260.39,26.57,50.85,1,1,0.75782
436,49,1543.06,355.29,28.0,60.8,1,1,0.80311
436,52,494.58,375.49,28.48,68.02,1,1,0.79647
436,53,871.72,440.14,29.69,74.52,1,1,0.7627
436,56,1425.21,500.18,32.26,68.07,1,1,0.76051
436,64,551.2,297.9,26.17,60.98,1,1,0.78709
436,39,1153.2,357.62,27.19,65.64,1,1,0.74977
436,50,1030.38,289.82,25.66,54.27,1,1,0.72435
436,65,605.46,291.79,27.89,64.73,1,1,0.78666
436,37,1390.78,374.72,32.94,54.1,1,1,0.78241
436,46,976.59,479.93,29.18,81.55,1,1,0.73149
436,45,1650.19,722.46,33.5,75.57,1,1,0.74793
436,71,1493.21,718.78,30.61,81.15,1,1,0.73822
436,54,1465.8,725.38,30.71,81.55,1,1,0.76895
436,78,180.81,579.99,30.15,66.86,1,1,0.76919
436,73,1432.72,701.83,30.86,68.24,1,1,0.79302
436,43,1671.92,704.58,36.11,74.78,1,1,0.75405
436,79,1198.87,483.64,33.24,74.51,1,1,0.66974
436,69,1101.16,481.86,32.67,69.73,1,1,0.66782
436,80,1908.32,594.39,10.59,64.99,1,1,0.74003
436,81,1107.51,578.72,31.64,68.19,1,1,0.74675
436,42,1276.73,540.58,31.78,76.25,1,1,0.69683
436,48,952.21,421.87,27.39,62.55,1,1,0.64795
437,38,1011.16,285.47,27.37,53.52,1,1,0.78408
437,44,1177.27,260.37,26.39,47.9,1,1,0.75746
437,49,1539.65,355.25,29.14,60.91,1,1,0.80564
437,52,486.86,376.24,29.17,67.63,1,1,0.79907
437,53,870.5,438.46,28.84,72.25,1,1,0.76435
437,56,1422.9,499.39,31.84,67.57,1,1,0.76601
437,64,542.58,298.94,26.26,59.92,1,1,0.78599
437,39,1150.78,356.95,27.01,66.72,1,1,0.75304
437,65,596.56,292.93,29.16,64.16,1,1,0.80178
437,37,1386.49,374.98,33.27,54.97,1,1,0.78168
437,46,974.72,477.28,28.74,83.47,1,1,0.71856
437,45,1649.97,723.83,33.12,72.31,1,1,0.73707
437,71,1491.75,721.37,31.76,80.51,1,1,0.72161
437,54,1465.58,729.51,30.3,80.53,1,1,0.76369
437,78,178.97,582.35,31.43,66.12,1,1,0.77518
437,73,1432.36,704.1,30.64,68.09,1,1,0.77916
437,43,1673.08,705.38,35.63,74.95,1,1,0.75339
437,79,1194.98,481.3,32.39,75.57,1,1,0.65866
437,69,1098.42,480.62,31.75,71.04,1,1,0.66866
437,81,1106.86,580.19,31.5,68.92,1,1,0.75588
437,42,1275.03,542.56,31.31,75.54,1,1,0.71365
437,82,1266.57,491.71,31.98,56.7,1,1,0.66417
437,48,949.04,420.91,28.33,62.27,1,1,0.6779
438,38,1010.73,284.77,27.49,53.42,1,1,0.77907
438,44,1173.59,259.11,28.04,48.31,1,1,0.7544
438,49,1535.44,354.12,28.65,59.65,1,1,0.79539
438,52,480.23,377.04,30.63,65.91,1,1,0.79992
438,53,868.91,435.89,27.82,68.65,1,1,0.75008
438,56,1420.94,497.9,31.93,69.02,1,1,0.76639
438,64,533.54,300.86,27.8,58.9,1,1,0.79094
438,39,1148.21,356.24,27.2,67.31,1,1,0.74937
438,65,589.25,294.77,28.76,62.87,1,1,0.80469
438,37,1382.03,374.77,34.46,56.06,1,1,0.77392
438,46,973.78,474.21,27.0,72.16,1,1,0.7031
438,45,1650.77,722.86,33.74,70.73,1,1,0.71495
438,71,1491.37,724.5,32.96,79.04,1,1,0.72187
438,54,1464.96,734.19,30.33,79.11,1,1,0.75637
438,78,178.95,584.48,30.84,65.07,1,1,0.77487
438,73,1432.4,706.65,29.88,67.92,1,1,0.78332
438,43,1674.59,706.62,34.69,74.79,1,1,0.74338
438,79,1191.46,479.45,31.28,73.21,1,1,0.65477
438,69,1096.85,479.09,30.58,71.85,1,1,0.65958
438,81,1106.58,581.83,31.34,68.77,1,1,0.74951
438,42,1273.57,544.84,30.84,75.0,1,1,0.72284
438,82,1265.54,491.04,31.02,57.51,1,1,0.65991
438,48,946.45,420.14,27.78,61.49,1,1,0.67565
439,38,1009.16,284.18,27.36,53.09,1,1,0.7746
439,44,1169.1,256.71,29.72,48.92,1,1,0.75081
439,49,1531.36,353.31,28.85,59.0,1,1,0.78544
439,52,474.54,377.41,29.95,65.07,1,1,0.80295
439,53,867.58,433.25,26.22,65.58,1,1,0.75423
439,56,1418.72,495.91,32.0,71.17,1,1,0.76818
439,64,525.17,301.78,28.09,56.7,1,1,0.77138
439,39,1145.46,354.11,27.19,68.38,1,1,0.74292
439,65,581.95,296.86,28.8,60.86,1,1,0.78335
439,37,1376.57,373.05,34.96,57.6,1,1,0.77557
439,46,971.79,471.5,26.37,67.33,1,1,0.72924
439,45,1652.27,722.47,34.88,68.66,1,1,0.73537
439,71,1489.99,726.23,33.95,78.25,1,1,0.74553
439,54,1463.7,738.47,30.14,78.36,1,1,0.75371
439,78,178.1,587.14,30.54,63.11,1,1,0.77786
439,73,1431.83,708.99,29.81,67.44,1,1,0.78197
439,43,1675.73,707.44,34.5,75.04,1,1,0.76062
439,81,1105.56,583.77,30.86,68.71,1,1,0.75425
439,42,1271.09,547.07,30.96,74.12,1,1,0.74355
439,82,1263.33,489.07,30.28,59.81,1,1,0.65257
439,48,943.13,419.17,27.48,62.18,1,1,0.6983
440,38,1006.27,282.41,26.6,52.08,1,1,0.67165
440,44,1163.74,254.61,28.42,48.13,1,1,0.74354
440,49,1527.59,351.1,28.35,58.44,1,1,0.76786
440,52,468.23,377.7,29.07,64.46,1,1,0.79329
440,53,865.52,429.59,26.32,66.11,1,1,0.76378
440,56,1416.18,493.52,32.23,71.91,1,1,0.76251
440,64,516.22,301.62,28.3,54.51,1,1,0.74926
440,39,1142.43,351.09,27.35,70.33,1,1,0.71141
440,65,572.73,297.93,29.57,57.36,1,1,0.76059
440,37,1371.24,371.1,36.94,58.84,1,1,0.78359
440,46,969.69,468.64,26.55,68.12,1,1,0.74397
440,45,1653.18,723.4,37.93,67.58,1,1,0.71887
440,71,1489.29,727.67,34.72,77.02,1,1,0.76648
440,54,1462.29,740.33,31.28,78.3,1,1,0.75679
440,78,177.71,587.2,29.86,62.94,1,1,0.77524
440,73,1430.66,709.88,30.89,67.44,1,1,0.78077
440,43,1675.28,706.59,35.24,76.39,1,1,0.75205
440,81,1105.34,584.34,30.46,69.16,1,1,0.75586
440,42,1268.09,547.7,31.21,73.93,1,1,0.75827
440,48,940.32,417.96,26.79,62.23,1,1,0.68747
440,50,1009.61,282.96,27.09,53.98,1,1,0.71286
440,79,1183.95,475.92,30.65,70.37,1,1,0.654
441,38,1002.89,279.71,26.52,51.52,1,1,0.74235
441,44,1158.29,252.5,28.48,47.87,1,1,0.75758
441,49,1523.88,348.89,28.81,57.11,1,1,0.77291
441,52,462.95,376.67,27.49,65.14,1,1,0.78956
441,53,862.48,425.41,26.93,68.96,1,1,0.76683
441,56,1413.13,490.87,32.43,71.73,1,1,0.76473
441,64,508.19,301.35,28.66,55.19,1,1,0.75382
441,39,1138.81,346.91,27.2,69.37,1,1,0.69602
441,65,563.7,299.13,30.11,58.25,1,1,0.78726
441,37,1363.29,368.2,31.96,56.21,1,1,0.70594
441,46,966.85,465.68,26.82,69.19,1,1,0.75411
441,45,1654.01,723.76,40.65,66.79,1,1,0.69923
441,71,1488.36,727.9,35.0,76.87,1,1,0.77364
441,54,1460.05,743.39,31.9,77.27,1,1,0.76013
441,78,176.47,586.47,29.55,63.46,1,1,0.76631
441,73,1428.75,709.82,31.96,68.33,1,1,0.77341
441,43,1674.8,705.12,35.09,77.52,1,1,0.73077
441,81,1104.21,583.18,30.2,70.53,1,1,0.75893
441,42,1265.34,546.97,31.72,74.55,1,1,0.77059
441,48,936.64,414.85,26.6,62.71,1,1,0.6983
441,50,1013.81,282.35,24.36,54.76,1,1,0.74647
441,79,1179.5,473.77,31.13,68.73,1,1,0.7146
441,69,1086.88,470.7,30.86,69.55,1,1,0.66142
441,82,1259.05,482.9,29.64,64.6,1,1,0.64113
442,38,1000.57,277.75,25.99,50.25,1,1,0.73418
442,44,1152.38,249.17,30.83,48.76,1,1,0.76267
442,49,1519.75,347.23,28.23,54.95,1,1,0.77747
442,52,457.76,374.48,26.87,66.01,1,1,0.77477
442,53,860.47,420.61,27.38,71.75,1,1,0.77151
442,56,1410.26,488.7,31.45,69.0,1,1,0.76141
442,64,500.84,301.3,28.61,56.84,1,1,0.75007
442,39,1135.32,338.9,27.08,66.7,1,1,0.71905
442,65,554.0,299.29,30.4,59.27,1,1,0.78034
442,37,1356.66,365.98,29.21,54.98,1,1,0.75589
442,46,963.42,461.86,26.96,71.23,1,1,0.74378
442,45,1655.49,722.57,40.46,67.78,1,1,0.6973
442,71,1487.32,727.5,34.9,76.53,1,1,0.77031
442,54,1456.86,746.56,33.38,75.97,1,1,0.76546
442,78,175.05,585.1,28.99,62.94,1,1,0.75205
442,73,1427.12,708.98,33.11,69.64,1,1,0.76103
442,43,1675.12,702.55,34.53,77.72,1,1,0.6831
442,81,1102.85,582.48,30.12,71.28,1,1,0.75376
442,42,1263.13,544.72,31.68,75.98,1,1,0.76987
442,48,932.76,411.5,26.8,59.19,1,1,0.70547
442,50,1014.66,280.44,23.26,56.3,1,1,0.76238
442,79,1175.62,471.23,31.39,69.05,1,1,0.73481
442,69,1083.15,467.48,31.38,68.5,1,1,0.66076
442,82,1256.05,480.49,29.66,64.77,1,1,0.66216
443,38,998.89,277.75,25.86,50.43,1,1,0.7445
443,44,1146.68,245.77,30.97,48.02,1,1,0.75657
443,49,1516.66,345.73,28.3,53.96,1,1,0.78269
443,52,453.53,372.87,27.05,66.13,1,1,0.77634
443,53,857.65,415.84,27.77,73.52,1,1,0.77104
443,56,1408.41,486.84,30.95,67.89,1,1,0.76291
443,64,495.69,301.21,26.0,57.36,1,1,0.75665
443,39,1132.0,335.21,26.74,63.93,1,1,0.74268
443,65,546.54,299.01,30.78,59.2,1,1,0.78313
443,37,1351.73,364.32,27.64,55.62,1,1,0.77378
443,46,961.43,457.3,26.95,73.83,1,1,0.73874
443,45,1658.35,722.66,39.11,67.05,1,1,0.7305
443,71,1487.66,727.92,34.25,76.61,1,1,0.77815
443,54,1454.99,749.69,33.99,74.26,1,1,0.76544
443,78,174.09,584.0,28.55,60.77,1,1,0.74802
443,73,1427.41,708.43,32.96,69.72,1,1,0.73866
443,43,1675.36,699.79,32.28,70.72,1,1,0.67256
443,81,1102.34,582.04,30.33,71.35,1,1,0.74765
443,42,1261.28,542.23,31.87,77.16,1,1,0.76525
443,48,930.64,408.76,26.11,54.29,1,1,0.71064
443,50,1015.69,278.46,22.31,56.49,1,1,0.72215
443,79,1172.83,468.4,31.4,69.88,1,1,0.7357
443,69,1080.41,464.85,31.07,67.02,1,1,0.67379
443,82,1253.49,478.7,29.68,64.02,1,1,0.66808
444,38,997.58,275.93,25.9,52.31,1,1,0.74278
444,44,1141.17,243.06,30.65,49.05,1,1,0.75892
444,49,1511.82,344.57,29.62,54.22,1,1,0.78683
444,52,448.81,372.21,27.75,65.83,1,1,0.77015
444,53,854.67,412.19,28.43,72.47,1,1,0.76182
444,56,1405.84,485.58,30.86,67.32,1,1,0.76092
444,64,490.05,301.02,24.85,57.95,1,1,0.76489
444,39,1126.41,334.52,26.24,60.01,1,1,0.74537
444,65,539.76,298.65,31.81,59.14,1,1,0.78365
444,37,1346.57,363.74,28.17,56.59,1,1,0.77763
444,46,959.0,452.68,28.02,76.59,1,1,0.72805
444,45,1661.91,722.75,37.1,68.11,1,1,0.73969
444,71,1487.42,728.68,33.68,77.33,1,1,0.77818
444,54,1452.22,753.19,35.46,74.28,1,1,0.75615
444,78,172.46,584.33,28.69,58.68,1,1,0.74838
444,73,1426.92,708.05,33.03,70.63,1,1,0.73213
444,43,1674.78,697.29,31.01,55.88,1,1,0.64387
444,81,1101.5,581.71,30.28,70.79,1,1,0.75584
444,42,1258.91,540.37,32.13,78.77,1,1,0.76099
444,48,928.16,406.54,25.78,51.96,1,1,0.70856
444,50,1015.61,276.32,22.07,57.64,1,1,0.69488
444,79,1169.53,465.8,31.81,71.74,1,1,0.73105
444,69,1077.32,463.06,31.55,67.58,1,1,0.67391
444,82,1250.89,476.94,30.41,63.53,1,1,0.66567
444,74,1770.6,349.43,22.36,60.73,1,1,0.6773
445,38,996.14,271.41,25.31,55.83,1,1,0.72127
445,44,1136.41,240.19,29.51,47.45,1,1,0.75449
445,49,1507.93,342.8,30.12,55.72,1,1,0.78612
445,52,440.46,371.54,30.92,64.97,1,1,0.7861
445,53,852.1,408.25,28.72,68.79,1,1,0.76482
445,56,1403.21,485.25,30.79,65.91,1,1,0.7618
445,64,483.07,300.24,23.81,57.54,1,1,0.73161
445,39,1120.79,334.19,26.82,58.37,1,1,0.75772
445,65,534.26,298.79,31.35,59.03,1,1,0.77192
445,37,1340.51,362.82,29.38,57.79,1,1,0.77418
445,46,957.11,448.3,27.93,77.86,1,1,0.71271
445,45,1663.2,722.15,36.43,70.38,1,1,0.75476
445,71,1486.76,729.3,33.61,77.94,1,1,0.76762
445,54,1448.62,755.81,34.11,75.84,1,1,0.7613
445,73,1426.61,707.2,33.04,68.24,1,1,0.74272
445,43,1675.23,695.16,33.05,63.36,1,1,0.71379
445,81,1100.45,580.74,30.42,70.14,1,1,0.75223
445,42,1255.96,539.5,32.91,78.92,1,1,0.76429
445,48,925.19,403.94,25.25,53.47,1,1,0.71699
445,50,1014.07,274.86,22.61,57.98,1,1,0.71904
445,79,1165.75,462.42,32.24,72.63,1,1,0.71662
445,69,1073.91,461.35,32.56,68.86,1,1,0.65552
445,82,1248.96,475.33,31.09,64.06,1,1,0.67262
445,74,1769.1,349.41,22.29,60.79,1,1,0.78249
446,38,994.99,270.06,24.69,57.25,1,1,0.74184
446,44,1132.5,237.9,29.59,46.6,1,1,0.78139
446,49,1504.36,340.13,30.1,57.4,1,1,0.79114
446,52,434.56,370.62,32.37,63.88,1,1,0.78778
446,53,850.28,404.56,28.4,64.08,1,1,0.77151
446,56,1401.37,484.9,30.32,66.41,1,1,0.75901
446,64,474.45,300.08,25.3,57.51,1,1,0.74759
446,39,1116.34,333.53,28.12,58.66,1,1,0.75159
446,65,530.13,299.76,30.26,59.16,1,1,0.77572
446,37,1335.87,363.66,29.94,57.01,1,1,0.75602
446,46,955.99,444.85,27.58,72.72,1,1,0.71475
446,45,1668.81,721.18,33.84,73.24,1,1,0.74975
446,71,1486.42,730.31,34.19,78.95,1,1,0.77089
446,54,1446.06,758.55,33.96,77.03,1,1,0.76444
446,73,1426.42,706.02,33.2,66.9,1,1,0.74676
446,43,1675.23,692.96,32.76,60.06,1,1,0.69662
446,81,1100.45,579.53,30.18,70.64,1,1,0.75545
446,42,1254.12,539.42,32.94,77.35,1,1,0.77913
446,48,922.88,402.36,25.36,54.22,1,1,0.72587
446,50,1012.11,272.26,23.65,58.91,1,1,0.73861
446,79,1162.69,459.84,32.14,71.65,1,1,0.71548
446,69,1071.36,459.04,33.08,70.82,1,1,0.67642
446,82,1247.69,473.7,31.55,66.01,1,1,0.68838
446,74,1767.72,348.94,21.88,61.33,1,1,0.79761
447,38,993.22,268.19,23.92,58.98,1,1,0.75749
447,44,1127.47,235.98,29.74,47.06,1,1,0.78244
447,49,1501.31,337.76,30.4,58.62,1,1,0.78338
447,52,429.15,370.6,32.59,61.91,1,1,0.78002
447,53,847.54,401.39,28.41,63.34,1,1,0.76933
447,56,1399.62,484.01,30.21,68.63,1,1,0.75075
447,64,465.14,299.94,28.56,57.42,1,1,0.73593
447,39,1111.59,332.73,30.86,58.19,1,1,0.75777
447,65,525.74,300.03,29.04,59.91,1,1,0.76675
447,37,1329.7,361.98,29.59,58.82,1,1,0.75625
447,46,953.69,443.03,28.01,66.31,1,1,0.71569
447,45,1672.71,719.66,33.05,76.16,1,1,0.76396
447,71,1486.0,731.59,33.82,79.99,1,1,0.76053
447,54,1443.73,760.67,35.15,77.64,1,1,0.73512
447,73,1426.13,705.2,32.95,65.28,1,1,0.74352
447,43,1675.06,690.74,33.5,59.67,1,1,0.71047
447,81,1099.28,577.66,30.07,70.79,1,1,0.75153
447,42,1252.53,538.75,32.43,75.46,1,1,0.77374
447,48,920.09,401.12,26.51,56.33,1,1,0.73027
447,50,1009.37,269.51,24.63,59.12,1,1,0.73798
447,79,1159.05,457.67,33.27,70.28,1,1,0.70996
447,69,1068.94,456.01,33.08,72.98,1,1,0.69384
447,82,1245.53,472.22,32.41,65.84,1,1,0.67796
447,74,1766.38,348.74,21.62,61.7,1,1,0.77423
448,38,988.62,263.75,24.63,62.12,1,1,0.7447
448,44,1122.59,234.63,30.01,48.89,1,1,0.79199
448,49,1497.77,336.0,31.33,59.92,1,1,0.78184
448,52,422.38,370.75,33.73,61.65,1,1,0.78576
448,53,845.33,398.25,28.43,65.33,1,1,0.76455
448,56,1398.03,482.38,30.56,71.27,1,1,0.753
448,64,458.84,299.58,29.14,56.33,1,1,0.7114
448,39,1106.82,327.29,31.66,58.08,1,1,0.75193
448,65,520.71,299.42,28.63,62.27,1,1,0.76245
448,37,1323.69,361.32,29.49,58.74,1,1,0.74139
448,46,951.12,441.58,27.87,64.12,1,1,0.72312
448,45,1673.82,717.51,33.24,78.46,1,1,0.77214
448,71,1485.85,733.31,33.76,79.68,1,1,0.75626
448,54,1440.77,761.33,33.81,78.26,1,1,0.72249
448,73,1426.19,704.16,32.77,62.98,1,1,0.748
448,43,1674.5,687.68,34.8,62.47,1,1,0.71766
448,81,1098.52,576.47,30.44,70.92,1,1,0.75215
448,42,1250.47,538.11,32.31,73.79,1,1,0.77988
448,48,917.33,399.54,28.53,57.85,1,1,0.73171
448,50,1006.1,267.32,26.74,59.59,1,1,0.74283
448,79,1155.56,455.01,33.94,69.71,1,1,0.70864
448,69,1066.32,453.17,33.11,73.34,1,1,0.70604
448,82,1243.39,470.5,32.53,66.15,1,1,0.678
448,74,1764.95,348.55,21.77,62.29,1,1,0.77775
449,38,985.78,260.53,24.61,63.95,1,1,0.75374
449,44,1117.67,232.92,31.31,49.96,1,1,0.78325
449,49,1494.71,334.27,31.39,60.57,1,1,0.7836
449,52,418.82,371.75,33.33,61.38,1,1,0.78965
449,53,844.16,395.37,28.24,67.79,1,1,0.77216
449,56,1397.21,480.24,30.72,73.58,1,1,0.75385
449,64,453.67,300.29,29.67,53.96,1,1,0.6973
449,39,1103.65,323.33,28.6,56.94,1,1,0.75026
449,65,516.0,298.75,29.08,63.74,1,1,0.76743
449,37,1317.65,361.43,30.12,59.47,1,1,0.74429
449,46,948.59,439.11,28.76,62.56,1,1,0.71218
449,45,1674.58,714.99,33.02,80.13,1,1,0.78064
449,71,1486.38,734.65,32.94,79.29,1,1,0.75678
449,54,1437.26,760.83,34.05,79.34,1,1,0.73138
449,73,1426.42,703.31,32.7,62.6,1,1,0.7516
449,43,1675.0,684.62,35.49,65.11,1,1,0.7336
449,81,1098.59,575.22,30.26,70.88,1,1,0.74101
449,42,1249.0,536.78,32.33,73.1,1,1,0.78433
449,48,914.64,397.85,29.92,60.76,1,1,0.74304
449,50,1003.81,264.4,27.95,60.98,1,1,0.76136
449,79,1152.69,453.44,34.38,69.03,1,1,0.7207
449,69,1064.37,450.25,32.68,72.37,1,1,0.70614
449,82,1242.27,467.58,32.21,66.09,1,1,0.67614
449,74,1763.95,348.63,22.24,63.09,1,1,0.80569
450,38,984.93,259.22,24.41,64.78,1,1,0.73915
450,44,1111.58,230.87,31.57,49.89,1,1,0.7782
450,49,1491.26,332.61,31.9,61.3,1,1,0.78293
450,52,417.22,371.58,32.16,61.74,1,1,0.7856
450,53,842.77,392.42,28.4,70.24,1,1,0.7671
450,56,1396.05,478.14,30.73,75.08,1,1,0.75765
450,64,447.22,301.23,31.33,53.6,1,1,0.68987
450,39,1101.33,323.07,27.01,56.05,1,1,0.73992
450,65,511.43,298.07,29.78,64.26,1,1,0.77588
450,37,1311.88,362.83,30.68,58.27,1,1,0.74063
450,46,946.69,435.52,28.72,65.65,1,1,0.70713
450,45,1675.07,713.05,32.63,81.21,1,1,0.77295
450,71,1486.94,735.89,32.14,78.39,1,1,0.77142
450,54,1433.21,762.64,34.8,77.47,1,1,0.75449
450,73,1426.8,703.06,32.25,62.8,1,1,0.76668
450,43,1674.93,681.57,35.67,68.29,1,1,0.72007
450,81,1098.92,574.64,29.62,68.75,1,1,0.70531
450,42,1247.21,534.85,32.1,73.67,1,1,0.78521
450,48,910.89,395.28,31.36,62.3,1,1,0.73136
450,50,1002.41,263.37,28.43,61.25,1,1,0.76518
450,79,1150.77,452.38,33.03,68.43,1,1,0.72315
450,69,1062.93,447.59,31.42,71.27,1,1,0.68545
450,82,1241.36,464.84,31.13,64.97,1,1,0.67681
450,74,1762.73,349.19,23.12,62.81,1,1,0.81397
451,38,984.57,257.86,24.36,65.67,1,1,0.72656
451,44,1104.77,228.61,30.1,48.2,1,1,0.76356
451,49,1487.53,330.96,31.64,61.51,1,1,0.77631
451,52,413.97,370.31,32.25,62.46,1,1,0.77813
451,53,840.77,388.29,28.46,71.55,1,1,0.75633
451,56,1394.88,475.35,30.57,75.72,1,1,0.75891
451,64,439.96,301.36,29.01,54.71,1,1,0.725
451,39,1097.89,322.56,26.24,55.33,1,1,0.73937
451,65,506.41,296.68,30.24,63.61,1,1,0.77918
451,37,1305.52,363.93,30.18,58.61,1,1,0.75398
451,46,944.66,431.22,28.32,67.46,1,1,0.66532
451,45,1674.39,710.32,32.54,81.04,1,1,0.76105
451,71,1485.79,736.19,31.12,79.22,1,1,0.76791
451,54,1429.71,763.02,35.13,78.27,1,1,0.75704
451,73,1426.05,702.46,32.01,62.46,1,1,0.7646
451,43,1674.09,677.66,35.61,69.62,1,1,0.68479
451,42,1244.95,532.83,31.76,74.94,1,1,0.78112
451,48,907.27,391.34,30.95,61.25,1,1,0.7248
451,50,1001.23,261.26,28.65,61.57,1,1,0.74962
451,79,1148.63,450.36,32.17,69.24,1,1,0.72395
451,69,1060.24,444.83,30.08,67.99,1,1,0.68949
451,82,1239.23,461.73,30.28,64.48,1,1,0.69171
451,74,1761.36,349.4,23.66,62.47,1,1,0.81332
452,38,984.23,257.29,24.61,64.34,1,1,0.75538
452,44,1098.48,226.13,27.39,47.85,1,1,0.76059
452,49,1484.26,329.84,30.37,60.72,1,1,0.78204
452,52,410.85,369.54,32.85,63.08,1,1,0.79045
452,53,838.75,383.94,27.83,71.92,1,1,0.74359
452,56,1393.41,473.08,30.35,74.42,1,1,0.76312
452,64,436.41,299.94,24.78,55.91,1,1,0.74035
452,39,1092.87,321.05,26.05,54.97,1,1,0.77052
452,65,501.79,295.72,30.24,61.87,1,1,0.77552
452,37,1300.12,364.23,29.81,58.61,1,1,0.75292
452,46,942.63,427.23,28.53,68.34,1,1,0.67732
452,45,1674.03,710.29,32.52,78.65,1,1,0.75064
452,71,1484.82,735.85,30.44,79.69,1,1,0.76941
452,54,1426.9,762.78,35.92,78.52,1,1,0.74347
452,73,1425.47,702.17,31.97,61.93,1,1,0.76522
452,43,1673.08,674.11,34.04,66.48,1,1,0.65012
452,42,1242.77,531.78,31.76,75.26,1,1,0.76857
452,48,904.6,387.77,31.23,61.03,1,1,0.72066
452,50,1001.01,259.76,27.97,60.33,1,1,0.7372
452,79,1145.71,447.77,31.97,71.27,1,1,0.70214
452,69,1057.03,442.24,30.27,65.71,1,1,0.66791
452,82,1237.11,458.9,30.19,66.69,1,1,0.67123
452,74,1759.52,349.94,24.4,61.57,1,1,0.81223
453,38,984.05,257.21,24.61,61.71,1,1,0.76614
453,44,1092.67,224.83,27.33,48.65,1,1,0.76848
453,49,1481.06,329.14,29.21,59.48,1,1,0.78697
453,52,409.21,368.65,32.87,62.62,1,1,0.78668
453,53,837.54,379.52,26.99,67.78,1,1,0.76117
453,56,1391.72,471.36,30.65,72.29,1,1,0.77166
453,64,432.21,298.29,23.97,54.48,1,1,0.73142
453,39,1089.26,319.0,26.21,55.29,1,1,0.77476
453,65,498.27,295.72,29.22,59.83,1,1,0.79181
453,37,1294.05,362.67,30.24,59.27,1,1,0.76773
453,46,940.77,423.66,28.21,66.53,1,1,0.66593
453,45,1674.01,709.2,32.45,76.73,1,1,0.74768
453,71,1484.26,735.51,30.49,80.45,1,1,0.77158
453,54,1425.49,764.43,35.39,76.89,1,1,0.68003
453,73,1425.13,702.58,32.08,62.07,1,1,0.7579
453,42,1240.93,530.39,31.66,75.4,1,1,0.76478
453,48,902.63,385.21,29.03,60.23,1,1,0.73699
453,50,1000.57,258.6,27.33,60.06,1,1,0.74738
453,79,1143.04,445.08,31.65,71.81,1,1,0.67798
453,69,1054.39,440.22,29.67,66.26,1,1,0.68604
453,82,1235.21,456.72,30.32,67.35,1,1,0.67804
453,74,1757.58,350.57,24.72,60.95,1,1,0.80609
454,38,985.25,255.49,24.07,59.69,1,1,0.74209
454,44,1087.03,223.48,28.39,48.87,1,1,0.75848
454,49,1476.8,327.97,28.47,59.68,1,1,0.78698
454,52,407.31,367.95,32.91,58.84,1,1,0.77779
454,53,836.04,374.96,26.54,63.15,1,1,0.77499
454,56,1389.66,469.69,30.16,69.85,1,1,0.76927
454,64,426.74,296.4,23.46,53.01,1,1,0.71671
454,39,1083.28,315.81,28.54,56.8,1,1,0.78209
454,65,493.85,295.54,29.07,58.74,1,1,0.78483
454,37,1288.48,361.59,30.6,59.7,1,1,0.76383
454,46,937.64,420.66,29.08,66.34,1,1,0.69652
454,45,1673.94,709.45,32.43,74.52,1,1,0.74611
454,71,1483.41,735.36,30.76,80.33,1,1,0.7655
454,54,1422.4,764.2,34.69,76.45,1,1,0.65567
454,73,1424.69,702.35,32.19,63.67,1,1,0.75742
454,42,1238.24,528.88,32.04,75.09,1,1,0.76131
454,48,900.06,382.82,27.74,60.35,1,1,0.74953
454,50,1000.08,257.49,26.09,59.19,1,1,0.73325
454,79,1140.03,443.24,30.77,70.9,1,1,0.68235
454,69,1050.93,437.58,30.22,67.66,1,1,0.67858
454,82,1233.1,454.37,30.29,68.48,1,1,0.71534
454,74,1755.79,350.76,25.15,61.21,1,1,0.80578
455,38,986.2,253.47,23.34,59.22,1,1,0.73629
455,44,1080.22,221.39,30.27,50.65,1,1,0.75513
455,49,1472.33,326.44,27.83,60.41,1,1,0.79616
455,52,405.12,366.37,33.25,57.2,1,1,0.77508
455,53,833.68,371.6,27.09,61.73,1,1,0.7862
455,56,1387.42,468.57,30.04,68.31,1,1,0.76597
455,64,420.36,295.81,24.33,53.23,1,1,0.73326
455,39,1077.92,313.11,29.19,56.68,1,1,0.7675
455,65,488.76,294.48,29.8,58.83,1,1,0.7912
455,37,1282.54,361.46,31.29,60.22,1,1,0.72792
455,46,934.44,417.72,29.84,65.31,1,1,0.72914
455,45,1673.54,707.9,32.45,74.43,1,1,0.75136
455,71,1482.2,735.43,30.69,79.89,1,1,0.75856
455,54,1418.4,762.14,33.35,77.09,1,1,0.70463
455,73,1423.98,701.87,32.07,64.05,1,1,0.74782
455,42,1235.35,527.52,32.58,74.41,1,1,0.76432
455,48,897.02,380.43,27.66,61.25,1,1,0.75977
455,50,999.89,257.25,24.82,58.68,1,1,0.72811
455,79,1136.39,438.84,30.4,71.36,1,1,0.69463
455,69,1046.4,433.86,31.46,69.37,1,1,0.70064
455,82,1230.33,452.36,30.23,66.73,1,1,0.70253
455,74,1752.95,350.67,25.17,60.06,1,1,0.79952
455,81,1092.24,571.34,31.84,66.82,1,1,0.66128
456,38,986.62,251.08,23.03,60.65,1,1,0.71674
456,44,1073.7,219.3,32.8,51.95,1,1,0.76577
456,49,1468.22,324.8,28.32,60.51,1,1,0.80501
456,52,403.42,364.41,33.05,55.43,1,1,0.77124
456,53,832.48,368.8,28.21,63.1,1,1,0.79215
456,56,1385.55,468.25,30.05,67.66,1,1,0.77532
456,64,414.4,296.54,25.08,53.19,1,1,0.73915
456,39,1073.12,311.34,28.67,55.39,1,1,0.77044
456,65,485.65,293.81,29.12,59.29,1,1,0.78596
456,37,1276.85,359.27,30.92,58.45,1,1,0.72657
456,46,931.59,415.59,29.78,62.93,1,1,0.73568
456,45,1673.47,706.94,32.01,75.21,1,1,0.74925
456,71,1481.63,736.23,30.82,79.38,1,1,0.76223
456,54,1412.84,759.45,32.57,78.6,1,1,0.73515
456,73,1423.3,701.62,32.0,66.2,1,1,0.74076
456,42,1232.85,526.4,33.12,73.81,1,1,0.75655
456,48,893.91,377.05,28.13,63.8,1,1,0.7695
456,50,999.4,257.15,23.7,59.55,1,1,0.70027
456,79,1133.18,435.88,30.34,71.21,1,1,0.6946
456,69,1043.05,430.74,31.59,69.54,1,1,0.69042
456,82,1228.75,450.64,30.31,69.16,1,1,0.65156
456,74,1750.35,350.72,24.71,58.59,1,1,0.7938
456,81,1091.12,571.99,31.8,66.91,1,1,0.72537
456,43,1666.85,665.1,32.33,43.15,1,1,0.65207
457,38,986.65,249.77,23.1,61.46,1,1,0.68815
457,44,1067.67,217.51,35.27,53.47,1,1,0.75757
457,49,1463.06,323.54,29.12,59.82,1,1,0.80717
457,52,402.51,362.62,32.79,55.83,1,1,0.77343
457,53,831.37,365.94,29.48,65.76,1,1,0.7998
457,56,1384.14,467.39,29.73,68.71,1,1,0.77438
457,64,409.46,297.64,24.53,52.84,1,1,0.73207
457,39,1069.26,310.02,27.89,54.38,1,1,0.77384
457,65,483.64,292.93,28.61,60.56,1,1,0.78333
457,37,1270.61,357.87,32.48,57.89,1,1,0.73122
457,46,929.12,414.1,29.72,61.2,1,1,0.71784
457,45,1672.83,707.45,31.65,74.71,1,1,0.75038
457,71,1481.41,737.53,31.34,78.24,1,1,0.74833
457,54,1407.7,759.4,32.27,79.2,1,1,0.74511
457,73,1422.15,701.2,31.43,67.48,1,1,0.75037
457,42,1230.74,525.96,33.47,72.92,1,1,0.75867
457,48,891.84,374.1,28.96,66.12,1,1,0.77353
457,50,999.3,256.77,23.25,60.49,1,1,0.71367
457,79,1130.18,434.2,30.48,69.16,1,1,0.70249
457,69,1040.82,428.62,31.46,67.7,1,1,0.71559
457,82,1227.16,449.36,31.13,70.03,1,1,0.68884
457,74,1747.8,350.27,24.19,58.1,1,1,0.79538
457,81,1090.51,571.35,31.84,68.07,1,1,0.6666
457,43,1664.11,663.7,33.13,40.18,1,1,0.65183
458,38,985.37,248.42,23.55,60.21,1,1,0.71721
458,44,1061.64,215.29,32.9,50.65,1,1,0.74017
458,49,1457.95,322.14,28.79,58.54,1,1,0.79621
458,52,401.5,358.25,32.84,59.28,1,1,0.75815
458,53,829.13,361.65,30.0,68.99,1,1,0.80092
458,56,1381.88,465.35,29.35,69.85,1,1,0.77162
458,64,403.64,297.53,23.97,52.55,1,1,0.73998
458,39,1064.25,307.93,26.84,53.18,1,1,0.76975
458,65,481.45,291.69,27.43,62.48,1,1,0.77287
458,37,1263.94,356.05,31.32,57.18,1,1,0.74472
458,46,927.01,412.23,28.64,59.78,1,1,0.72764
458,45,1670.61,707.23,32.3,74.45,1,1,0.73476
458,71,1479.42,738.2,32.16,77.69,1,1,0.77532
458,54,1401.27,759.69,32.67,78.51,1,1,0.77288
458,73,1420.95,699.88,31.05,66.89,1,1,0.75452
458,42,1228.15,525.17,33.3,71.62,1,1,0.75749
458,48,889.62,370.27,28.44,66.31,1,1,0.76525
458,50,998.29,257.46,22.79,59.53,1,1,0.7109
458,79,1125.82,432.54,30.45,68.08,1,1,0.70383
458,69,1037.48,425.51,31.92,65.6,1,1,0.72573
458,82,1224.79,446.77,31.78,70.81,1,1,0.67843
458,74,1745.53,350.05,23.86,57.18,1,1,0.80313
459,38,983.46,248.02,23.84,59.09,1,1,0.72772
459,44,1055.16,212.88,30.46,47.24,1,1,0.75215
459,49,1453.1,320.2,30.04,58.1,1,1,0.80115
459,52,401.81,354.5,32.19,60.92,1,1,0.75656
459,53,825.94,357.39,31.12,69.75,1,1,0.79846
459,56,1379.69,462.73,29.37,71.21,1,1,0.77199
459,64,398.08,296.65,23.96,52.36,1,1,0.73983
459,39,1059.49,305.52,25.53,53.24,1,1,0.75007
459,65,478.9,289.46,26.8,62.33,1,1,0.77048
459,37,1257.92,354.95,30.73,57.66,1,1,0.75149
459,46,923.54,409.35,28.07,60.68,1,1,0.72607
459,45,1668.43,705.47,34.26,76.0,1,1,0.73781
459,71,1478.19,738.44,32.57,77.14,1,1,0.76895
459,54,1395.34,759.3,33.05,77.17,1,1,0.75515
459,73,1420.38,698.69,30.15,66.24,1,1,0.77219
459,42,1225.64,523.81,33.68,71.37,1,1,0.75679
459,48,886.92,366.62,28.25,63.19,1,1,0.76208
459,50,996.99,257.02,22.85,58.91,1,1,0.70955
459,79,1121.46,431.01,30.47,68.19,1,1,0.71917
459,69,1034.09,422.77,32.44,62.23,1,1,0.74496
459,82,1221.9,444.36,32.03,69.34,1,1,0.69052
459,74,1743.75,349.13,23.5,56.26,1,1,0.80362
460,38,981.9,248.01,22.9,57.3,1,1,0.75235
460,44,1048.57,211.13,26.92,44.99,1,1,0.75313
460,49,1448.52,319.71,30.27,57.07,1,1,0.80174
460,52,402.88,352.02,31.43,62.23,1,1,0.76762
460,53,824.05,353.49,30.64,67.42,1,1,0.80846
460,56,1377.38,460.65,29.61,70.77,1,1,0.77934
460,64,394.38,296.28,23.51,49.32,1,1,0.72406
460,39,1053.88,304.68,24.51,52.91,1,1,0.7256
460,65,476.65,287.89,26.14,60.11,1,1,0.7736
460,37,1251.55,354.47,30.16,58.44,1,1,0.75284
460,46,920.33,405.13,27.27,61.03,1,1,0.74749
460,45,1666.63,702.38,35.19,79.45,1,1,0.73768
460,71,1476.48,739.24,32.98,75.99,1,1,0.77561
460,54,1391.08,759.34,32.94,77.04,1,1,0.73844
460,73,1419.41,697.78,30.21,67.98,1,1,0.75709
460,42,1223.09,522.97,33.83,71.81,1,1,0.76838
460,48,884.88,363.97,27.93,60.91,1,1,0.78291
460,50,996.94,259.7,22.74,54.37,1,1,0.72905
460,79,1117.29,429.13,31.1,68.82,1,1,0.70427
460,69,1030.79,421.28,32.37,59.7,1,1,0.76492
460,82,1219.14,443.25,32.63,68.6,1,1,0.68346
460,74,1742.64,348.81,23.3,56.71,1,1,0.81227
460,81,1085.38,568.91,33.55,69.49,1,1,0.68451
461,38,979.9,248.03,23.08,55.16,1,1,0.75851
461,44,1041.73,210.32,25.31,44.31,1,1,0.76272
461,49,1443.43,319.0,29.54,56.75,1,1,0.79739
461,52,403.38,349.65,31.2,63.0,1,1,0.77561
461,53,821.89,349.75,29.76,63.05,1,1,0.80981
461,56,1375.54,458.87,29.52,69.93,1,1,0.78433
461,64,389.46,295.31,23.7,44.71,1,1,0.68703
461,39,1047.77,303.96,24.52,52.22,1,1,0.71219
461,65,474.53,286.76,25.32,57.88,1,1,0.76582
461,37,1243.91,354.96,30.54,58.72,1,1,0.7792
461,46,916.59,401.31,27.46,62.9,1,1,0.74376
461,45,1665.73,701.45,35.03,79.76,1,1,0.73656
461,71,1475.16,739.92,32.85,74.75,1,1,0.77796
461,54,1386.07,759.07,33.36,76.36,1,1,0.70855
461,73,1418.28,696.72,30.22,70.73,1,1,0.75599
461,42,1220.71,522.06,33.42,72.48,1,1,0.76967
461,48,882.19,361.7,27.44,59.97,1,1,0.78533
461,50,995.89,264.02,22.56,48.5,1,1,0.7192
461,79,1111.94,427.28,32.22,68.66,1,1,0.70185
461,69,1027.69,419.73,31.89,59.33,1,1,0.77621
461,82,1216.14,441.72,31.93,67.19,1,1,0.68774
461,74,1740.57,348.74,22.92,56.64,1,1,0.78868
461,81,1083.63,567.98,33.67,68.79,1,1,0.69436
462,38,977.09,247.85,23.42,53.11,1,1,0.75175
462,44,1034.45,209.03,27.4,45.47,1,1,0.77464
462,49,1437.58,317.83,30.53,57.82,1,1,0.79625
462,52,403.45,346.01,30.87,62.66,1,1,0.76537
462,53,819.09,345.77,29.81,60.66,1,1,0.80047
462,56,1372.96,456.08,30.43,69.78,1,1,0.77287
462,64,382.64,294.07,25.56,48.73,1,1,0.72585
462,39,1042.86,305.68,24.8,48.52,1,1,0.66248
462,65,472.05,285.44,25.01,57.73,1,1,0.75187
462,37,1236.3,353.57,32.8,58.99,1,1,0.7797
462,46,911.69,397.33,27.68,61.83,1,1,0.72902
462,45,1661.28,698.46,37.2,81.87,1,1,0.75429
462,71,1472.6,739.78,33.34,74.28,1,1,0.76957
462,54,1378.81,757.94,35.87,77.39,1,1,0.64122
462,73,1416.48,694.97,31.26,72.85,1,1,0.74024
462,42,1217.73,519.99,33.88,74.48,1,1,0.77339
462,48,878.42,358.45,27.63,61.31,1,1,0.77151
462,50,994.36,267.59,22.55,45.5,1,1,0.72864
462,79,1107.7,424.16,33.12,70.05,1,1,0.69324
462,69,1024.19,417.78,32.15,60.12,1,1,0.77543
462,82,1212.58,439.62,31.99,65.59,1,1,0.69347
462,74,1737.61,347.96,23.01,56.41,1,1,0.79578
462,81,1081.55,566.84,34.98,70.4,1,1,0.67231
462,84,1855.55,601.24,32.45,61.99,1,1,0.70063
463,38,974.22,246.91,23.9,52.99,1,1,0.75793
463,44,1026.05,208.33,30.27,45.09,1,1,0.77464
463,49,1431.47,316.7,31.22,59.06,1,1,0.79501
463,52,403.33,342.69,29.99,61.02,1,1,0.75152
463,53,816.72,342.26,29.56,61.39,1,1,0.79363
463,56,1370.72,452.51,31.13,70.44,1,1,0.77267
463,64,376.21,293.4,27.21,51.21,1,1,0.74439
463,39,1035.35,298.05,24.51,50.33,1,1,0.72013
463,65,469.55,283.9,25.88,59.0,1,1,0.75024
463,37,1228.85,353.8,34.64,58.66,1,1,0.7557
463,46,907.36,394.01,28.29,59.9,1,1,0.73012
463,45,1658.67,696.21,36.94,81.44,1,1,0.75144
463,71,1470.67,739.5,33.66,75.11,1,1,0.76265
463,54,1365.85,756.6,31.92,72.61,1,1,0.65522
463,73,1414.14,693.19,32.52,76.39,1,1,0.73304
463,42,1215.01,517.75,34.48,76.14,1,1,0.77009
463,48,875.06,354.66,27.9,64.06,1,1,0.76831
463,50,993.89,269.89,23.51,43.31,1,1,0.74148
463,79,1103.27,421.56,34.21,68.12,1,1,0.72332
463,69,1020.22,415.18,33.59,62.19,1,1,0.77694
463,82,1208.19,437.62,33.17,65.52,1,1,0.72051
463,74,1733.98,347.51,24.1,57.96,1,1,0.79836
463,84,1851.91,602.46,34.42,61.22,1,1,0.81791
464,38,971.7,245.72,24.71,53.6,1,1,0.75258
464,44,1018.2,206.93,32.85,44.39,1,1,0.75841
464,49,1425.66,314.54,31.88,61.3,1,1,0.80327
464,52,402.67,340.31,30.28,59.44,1,1,0.75763
464,53,813.42,338.26,30.49,64.7,1,1,0.79748
464,56,1367.95,448.86,32.29,71.63,1,1,0.77446
464,64,369.49,292.37,29.64,55.32,1,1,0.75832
464,39,1028.16,293.72,28.68,50.74,1,1,0.73388
464,65,467.55,281.66,27.0,60.3,1,1,0.73849
464,37,1220.92,353.11,35.79,58.82,1,1,0.74613
464,46,902.72,390.93,29.83,59.65,1,1,0.73946
464,45,1656.74,694.76,36.88,80.02,1,1,0.76858
464,71,1468.5,738.8,34.38,76.25,1,1,0.75959
464,54,1360.87,755.01,43.1,75.9,1,1,0.71428
464,73,1412.73,691.4,32.58,78.56,1,1,0.73834
464,42,1212.24,514.94,35.21,78.87,1,1,0.77982
464,48,871.75,351.19,28.87,65.48,1,1,0.76913
464,50,991.51,270.58,26.07,41.99,1,1,0.72496
464,79,1098.5,418.56,35.77,65.23,1,1,0.73984
464,69,1016.15,411.69,35.33,64.59,1,1,0.77324
464,82,1203.66,434.82,35.65,67.97,1,1,0.70974
464,74,1730.84,346.54,24.65,58.95,1,1,0.78606
464,84,1848.8,601.84,34.64,61.54,1,1,0.80623
464,81,1076.77,564.16,36.53,72.27,1,1,0.68992
465,38,970.14,244.6,24.19,54.93,1,1,0.75543
465,44,1009.91,204.07,32.46,43.84,1,1,0.72485
465,49,1421.11,312.0,31.74,62.05,1,1,0.8083
465,52,402.9,338.58,29.65,57.84,1,1,0.75868
465,53,810.11,334.25,30.04,66.41,1,1,0.79213
465,56,1365.93,446.73,30.95,69.79,1,1,0.77403
465,64,363.21,292.09,31.23,56.81,1,1,0.75189
465,39,1020.44,290.08,29.24,51.12,1,1,0.72811
465,65,466.63,279.73,26.6,61.6,1,1,0.7295
465,37,1213.78,352.13,33.29,57.05,1,1,0.74857
465,46,897.75,388.59,29.42,56.57,1,1,0.73203
465,45,1655.84,694.3,36.21,76.82,1,1,0.76222
465,71,1467.21,738.15,34.24,74.77,1,1,0.76737
465,54,1358.28,753.89,43.37,75.22,1,1,0.73468
465,73,1412.08,690.51,31.09,77.42,1,1,0.74641
465,42,1210.42,512.89,34.05,77.36,1,1,0.76243
465,48,869.16,347.34,28.19,62.44,1,1,0.74715
465,50,989.28,271.46,26.53,38.56,1,1,0.66848
465,79,1095.41,417.3,34.19,60.83,1,1,0.7308
465,69,1011.89,408.09,34.6,63.29,1,1,0.75874
465,82,1200.35,432.27,35.9,69.0,1,1,0.67573
465,74,1727.3,345.34,26.34,60.51,1,1,0.79683
465,84,1845.22,601.61,34.12,61.91,1,1,0.8105
466,38,967.91,243.76,24.48,56.96,1,1,0.7597
466,44,1001.4,203.07,30.18,43.93,1,1,0.74078
466,49,1416.28,310.53,31.87,62.08,1,1,0.80871
466,52,401.96,337.41,30.54,57.69,1,1,0.75201
466,53,807.14,331.05,30.06,66.42,1,1,0.77523
466,56,1363.73,446.33,30.36,68.6,1,1,0.77418
466,64,357.46,292.26,31.87,57.1,1,1,0.75737
466,39,1014.69,289.92,28.93,50.34,1,1,0.71759
466,65,465.61,278.14,26.88,60.5,1,1,0.69511
466,37,1207.05,352.35,32.37,56.88,1,1,0.74402
466,46,894.06,386.6,29.45,57.71,1,1,0.74913
466,45,1655.54,694.58,35.24,74.9,1,1,0.77687
466,71,1465.66,737.8,34.47,72.13,1,1,0.76174
466,54,1355.39,753.7,44.08,77.83,1,1,0.7358
466,73,1411.24,690.73,29.77,76.8,1,1,0.75641
466,42,1208.33,511.64,33.58,75.81,1,1,0.77401
466,48,866.51,344.16,28.82,59.97,1,1,0.75238
466,79,1091.82,416.35,32.0,59.65,1,1,0.73656
466,69,1007.01,405.11,33.98,62.18,1,1,0.76736
466,82,1197.87,431.17,36.31,69.55,1,1,0.6857
466,74,1723.52,345.01,27.77,60.4,1,1,0.79316
466,84,1842.81,601.8,32.09,62.35,1,1,0.78431
466,41,1634.73,639.31,37.55,60.84,1,1,0.67237
466,81,1074.21,562.78,33.31,70.23,1,1,0.66421
467,38,964.55,243.17,26.53,59.05,1,1,0.7593
467,44,993.82,201.68,28.14,45.52,1,1,0.76519
467,49,1411.37,308.66,31.77,60.47,1,1,0.80547
467,52,401.93,335.67,31.61,58.17,1,1,0.75461
467,53,804.76,327.41,29.8,64.42,1,1,0.781
467,56,1361.63,446.01,29.92,68.8,1,1,0.77341
467,64,353.86,292.5,31.07,57.55,1,1,0.76333
467,39,1010.51,290.34,27.01,49.97,1,1,0.71248
467,65,465.46,275.35,27.01,55.61,1,1,0.70936
467,37,1200.78,352.48,30.48,57.41,1,1,0.74345
467,46,892.07,384.35,29.38,56.81,1,1,0.74124
467,45,1655.23,693.38,34.51,74.94,1,1,0.78016
467,71,1464.96,737.38,33.85,68.35,1,1,0.75713
467,54,1351.19,752.89,38.1,78.4,1,1,0.7405
467,73,1410.85,690.82,28.99,75.49,1,1,0.75978
467,42,1206.23,510.61,33.05,73.88,1,1,0.77551
467,48,864.45,341.6,29.45,58.71,1,1,0.76158
467,79,1088.07,414.93,30.55,60.04,1,1,0.75271
467,69,1002.71,402.23,33.33,61.56,1,1,0.76751
467,82,1195.2,429.18,35.96,70.45,1,1,0.7072
467,74,1720.71,344.83,27.97,59.2,1,1,0.78845
467,84,1840.56,601.54,30.0,62.36,1,1,0.75639
467,41,1634.25,637.35,35.63,58.89,1,1,0.65321
467,81,1073.35,561.32,32.67,69.81,1,1,0.71674
468,38,959.71,242.73,26.37,56.68,1,1,0.73208
468,44,987.09,200.23,28.11,47.53,1,1,0.7781
468,49,1405.67,306.57,32.3,59.68,1,1,0.80454
468,52,400.92,332.21,34.71,61.38,1,1,0.74815
468,53,801.79,324.16,30.32,61.99,1,1,0.79472
468,56,1358.59,445.61,30.88,70.03,1,1,0.7659
468,64,349.29,292.78,32.43,58.59,1,1,0.77857
468,39,1006.62,287.55,25.91,53.22,1,1,0.70373
468,65,464.77,272.91,27.6,55.49,1,1,0.71444
468,37,1194.82,352.57,30.44,58.61,1,1,0.76897
468,46,886.27,380.67,32.54,57.96,1,1,0.73363
468,45,1653.13,691.37,35.22,76.59,1,1,0.777
468,71,1463.45,736.91,34.39,65.74,1,1,0.74119
468,54,1345.88,751.16,37.31,78.95,1,1,0.7405
468,73,1408.98,691.29,30.49,75.71,1,1,0.7511
468,42,1203.73,509.86,33.74,74.58,1,1,0.78815
468,48,860.95,338.31,29.89,59.08,1,1,0.76615
468,79,1083.21,412.31,33.37,62.55,1,1,0.76228
468,69,997.7,399.9,33.67,61.67,1,1,0.75941
468,82,1192.65,426.74,36.45,71.35,1,1,0.72672
468,74,1717.51,344.34,27.15,58.08,1,1,0.78086
468,81,1071.63,559.96,33.72,70.72,1,1,0.66128
468,50,982.36,272.18,25.25,41.61,1,1,0.6464
469,38,954.52,241.77,26.46,53.7,1,1,0.74355
469,44,979.69,197.15,27.94,49.96,1,1,0.76913
469,49,1400.12,305.13,32.73,59.08,1,1,0.80249
469,52,401.91,328.6,34.32,62.13,1,1,0.72879
469,53,798.98,320.65,29.86,57.83,1,1,0.79587
469,56,1355.21,444.87,31.9,71.33,1,1,0.76846
469,64,346.42,291.87,32.24,59.35,1,1,0.77603
469,39,1000.08,279.82,27.51,59.96,1,1,0.75442
469,65,465.44,270.43,26.88,50.58,1,1,0.70192
469,37,1189.13,353.12,30.46,58.31,1,1,0.74688
469,46,879.58,377.7,33.71,57.21,1,1,0.73629
469,45,1650.94,689.49,35.86,77.13,1,1,0.77155
469,71,1462.44,736.33,33.86,66.47,1,1,0.74588
469,54,1341.04,749.35,37.48,78.59,1,1,0.73467
469,73,1407.58,691.97,30.84,75.75,1,1,0.74473
469,42,1201.42,508.78,33.37,73.62,1,1,0.78933
469,48,857.99,335.97,29.29,58.86,1,1,0.762
469,79,1078.42,409.39,35.1,65.44,1,1,0.75591
469,69,992.14,397.74,34.56,62.41,1,1,0.76943
469,82,1188.73,423.73,37.01,70.63,1,1,0.71822
469,74,1714.57,344.36,26.57,57.83,1,1,0.78573
469,84,1834.02,600.86,26.71,63.31,1,1,0.69829
470,38,949.31,241.07,28.8,53.78,1,1,0.73798
470,44,970.52,195.85,32.64,50.95,1,1,0.76858
470,49,1395.33,304.19,31.93,58.43,1,1,0.79863
470,52,403.32,324.74,34.59,62.68,1,1,0.72621
470,53,796.1,316.62,30.68,58.22,1,1,0.8008
470,56,1352.14,443.79,32.47,71.93,1,1,0.77494
470,64,343.08,290.58,33.16,60.3,1,1,0.78209
470,39,993.89,276.15,30.67,63.12,1,1,0.74807
470,65,464.39,268.36,27.93,47.78,1,1,0.72322
470,37,1182.96,354.01,32.99,57.82,1,1,0.75167
470,46,873.77,375.43,37.85,57.37,1,1,0.75657
470,45,1648.78,687.32,36.43,77.47,1,1,0.77498
470,71,1461.0,735.71,34.27,69.84,1,1,0.74626
470,73,1406.06,692.39,32.44,76.52,1,1,0.74123
470,42,1198.88,507.65,33.05,73.26,1,1,0.79082
470,48,855.3,332.86,29.48,59.05,1,1,0.74975
470,79,1073.4,406.88,36.9,67.53,1,1,0.75052
470,69,987.81,395.59,34.61,64.37,1,1,0.75776
470,82,1183.78,421.3,37.51,68.41,1,1,0.74179
470,74,1711.77,344.8,26.52,57.2,1,1,0.78636
470,81,1064.95,555.37,36.84,71.62,1,1,0.72525
471,38,945.79,239.98,30.39,54.95,1,1,0.7285
471,44,962.08,193.85,36.97,51.65,1,1,0.75546
471,49,1391.15,303.19,31.49,58.2,1,1,0.79642
471,52,407.4,320.9,33.74,60.13,1,1,0.69312
471,53,794.85,312.88,30.76,59.74,1,1,0.78813
471,56,1350.09,441.87,31.73,70.69,1,1,0.76468
471,64,340.82,288.87,33.28,59.67,1,1,0.7776
471,39,988.95,275.0,31.02,61.15,1,1,0.74114
471,65,464.17,265.92,28.29,47.78,1,1,0.72432
471,37,1177.26,351.53,36.19,58.86,1,1,0.73964
471,46,868.72,373.76,38.23,55.22,1,1,0.772
471,45,1647.01,685.12,36.55,76.67,1,1,0.77708
471,71,1459.26,735.02,34.92,74.0,1,1,0.75725
471,73,1404.81,692.09,33.0,76.68,1,1,0.72708
471,42,1196.48,506.12,32.5,72.71,1,1,0.78488
471,48,853.4,328.25,29.47,54.32,1,1,0.74013
471,79,1069.77,403.8,35.43,67.23,1,1,0.74067
471,69,983.16,392.64,34.71,65.26,1,1,0.76435
471,82,1179.51,418.79,36.04,65.71,1,1,0.74878
471,74,1709.63,345.34,26.47,56.79,1,1,0.79269
471,85,1612.48,623.73,34.18,65.06,1,1,0.75796
471,81,1062.13,552.95,37.19,70.17,1,1,0.75054
471,54,1331.15,743.33,38.76,83.72,1,1,0.73797
472,38,943.93,238.49,28.41,56.14,1,1,0.74683
472,44,954.78,192.79,34.71,48.95,1,1,0.73584
472,49,1386.87,302.37,29.91,57.87,1,1,0.79463
472,52,409.75,318.53,33.37,57.48,1,1,0.72938
472,53,793.28,309.92,31.01,61.05,1,1,0.75991
472,56,1347.93,440.14,31.13,69.42,1,1,0.77346
472,64,338.77,287.12,32.77,60.22,1,1,0.7767
472,39,982.03,275.84,30.28,53.97,1,1,0.73568
472,65,464.13,263.21,28.38,47.88,1,1,0.71341
472,37,1171.06,343.89,35.58,62.8,1,1,0.6929
472,46,864.62,371.81,36.34,54.0,1,1,0.76037
472,45,1644.6,683.87,37.01,76.42,1,1,0.76859
472,71,1456.69,734.86,35.58,75.54,1,1,0.76
472,73,1403.65,691.29,32.65,74.2,1,1,0.70631
472,42,1193.46,504.58,32.27,72.03,1,1,0.78036
472,48,851.47,324.79,29.68,51.34,1,1,0.73346
472,79,1065.64,400.55,33.77,66.82,1,1,0.74191
472,69,978.16,389.42,36.39,66.84,1,1,0.76383
472,82,1174.75,417.19,36.04,63.73,1,1,0.72707
472,74,1705.6,343.78,27.12,57.0,1,1,0.79624
472,85,1608.87,621.51,34.49,64.58,1,1,0.76214
472,81,1060.37,551.07,36.16,68.54,1,1,0.759
472,54,1326.17,740.12,38.4,84.76,1,1,0.72994
473,38,939.5,237.88,29.06,57.17,1,1,0.72906
473,44,947.54,191.49,34.26,47.76,1,1,0.74945
473,49,1381.39,301.7,28.6,58.48,1,1,0.80102
473,52,410.84,316.72,34.57,57.54,1,1,0.74216
473,53,791.2,307.12,30.37,61.31,1,1,0.76604
473,56,1345.13,438.57,30.93,68.19,1,1,0.77538
473,64,336.44,286.43,32.54,60.58,1,1,0.78272
473,39,976.4,275.03,28.14,50.25,1,1,0.7214
473,65,464.22,260.0,29.15,48.77,1,1,0.71136
473,37,1164.18,344.13,35.25,60.52,1,1,0.68847
473,46,861.15,370.27,34.72,53.84,1,1,0.75678
473,45,1642.22,682.61,37.92,77.21,1,1,0.76145
473,71,1454.7,735.07,35.78,75.14,1,1,0.7734
473,73,1402.57,690.73,32.3,73.76,1,1,0.7177
473,42,1190.42,503.45,32.57,73.02,1,1,0.78074
473,48,849.14,322.03,29.0,49.86,1,1,0.73151
473,79,1062.02,398.56,32.02,64.23,1,1,0.75241
473,69,973.03,387.17,36.58,65.77,1,1,0.74491
473,82,1171.47,415.67,35.37,64.45,1,1,0.7383
473,74,1701.89,341.82,27.4,57.77,1,1,0.79015
473,85,1603.62,618.35,36.08,64.84,1,1,0.76867
473,81,1058.53,549.26,35.41,68.61,1,1,0.76395
473,54,1320.3,738.36,40.6,84.86,1,1,0.74321
474,38,934.59,236.78,29.52,57.11,1,1,0.71198
474,44,940.36,192.46,33.37,47.2,1,1,0.74583
474,49,1376.3,300.36,28.26,59.1,1,1,0.79854
474,52,412.85,313.63,35.94,59.36,1,1,0.74995
474,53,787.83,302.15,30.27,62.89,1,1,0.75386
474,56,1342.81,436.6,31.18,67.5,1,1,0.77734
474,64,333.47,285.47,34.19,60.06,1,1,0.78191
474,39,970.46,273.2,28.17,48.41,1,1,0.73686
474,65,464.1,257.36,30.42,50.14,1,1,0.73789
474,37,1156.4,343.28,31.82,59.71,1,1,0.729
474,46,857.3,367.51,33.85,55.56,1,1,0.7566
474,45,1640.19,680.71,38.44,76.65,1,1,0.76795
474,71,1453.69,734.94,35.52,74.41,1,1,0.76913
474,73,1401.05,689.77,33.1,76.56,1,1,0.73505
474,42,1187.23,502.04,33.7,74.85,1,1,0.78791
474,48,847.15,319.28,29.32,49.64,1,1,0.7323
474,79,1058.51,396.4,31.8,62.85,1,1,0.76163
474,69,968.41,384.8,38.58,61.52,1,1,0.74442
474,82,1167.66,413.23,36.49,66.4,1,1,0.74494
474,74,1698.63,340.77,27.37,58.71,1,1,0.80386
474,85,1598.28,615.07,40.55,65.78,1,1,0.757
474,81,1055.4,547.95,35.85,68.01,1,1,0.7648
474,54,1315.37,736.29,42.85,82.7,1,1,0.74336
475,38,932.22,240.97,27.48,54.03,1,1,0.65345
475,44,933.98,194.41,28.85,46.24,1,1,0.71255
475,49,1371.61,298.54,28.76,57.87,1,1,0.80001
475,52,416.95,310.31,36.01,60.26,1,1,0.69892
475,53,784.6,296.57,29.65,60.48,1,1,0.75732
475,56,1340.48,435.04,30.22,65.55,1,1,0.77919
475,64,331.32,284.17,34.42,58.79,1,1,0.78689
475,39,964.33,271.48,27.89,47.77,1,1,0.72994
475,65,465.6,254.2,30.26,49.76,1,1,0.7432
475,37,1148.73,342.76,28.29,60.33,1,1,0.75926
475,46,852.28,360.64,32.17,59.15,1,1,0.73364
475,45,1638.08,679.26,38.39,76.46,1,1,0.75667
475,71,1453.41,734.98,34.33,72.22,1,1,0.76226
475,73,1399.91,688.35,32.59,75.39,1,1,0.72764
475,42,1184.48,499.95,34.8,75.68,1,1,0.79526
475,48,846.05,316.09,28.83,47.23,1,1,0.71248
475,79,1054.66,393.77,31.71,62.64,1,1,0.75583
475,69,964.07,382.13,38.45,57.28,1,1,0.74473
475,82,1164.06,410.36,37.7,67.67,1,1,0.73065
475,74,1696.08,339.21,25.68,58.61,1,1,0.76854
475,85,1592.66,612.1,42.35,65.91,1,1,0.73255
475,81,1053.36,547.17,35.75,67.61,1,1,0.76168
475,54,1310.55,733.99,39.19,76.63,1,1,0.74441
476,38,928.49,238.67,26.41,53.23,1,1,0.67116
476,44,925.44,194.61,28.0,42.52,1,1,0.67145
476,49,1365.83,296.79,28.73,57.04,1,1,0.80185
476,52,418.79,307.22,38.89,61.46,1,1,0.6926
476,53,781.55,291.0,29.22,58.27,1,1,0.77157
476,56,1337.87,434.62,29.57,64.34,1,1,0.78129
476,64,329.13,283.37,35.87,57.91,1,1,0.79501
476,39,954.32,268.55,28.98,49.62,1,1,0.70552
476,65,465.81,251.52,31.45,52.98,1,1,0.7753
476,37,1143.95,343.41,26.63,60.51,1,1,0.7609
476,46,847.76,356.21,30.98,60.85,1,1,0.73957
476,45,1635.62,678.3,37.79,74.94,1,1,0.76886
476,71,1452.15,734.74,34.5,71.98,1,1,0.76472
476,73,1398.34,687.16,33.12,77.54,1,1,0.73286
476,42,1181.8,498.21,36.18,75.63,1,1,0.79722
476,48,843.69,313.24,27.53,50.66,1,1,0.69705
476,79,1050.3,391.73,31.57,62.58,1,1,0.76645
476,69,958.37,380.18,41.91,55.41,1,1,0.76834
476,82,1159.59,408.66,41.24,68.61,1,1,0.74752
476,74,1692.98,338.96,24.45,57.26,1,1,0.65398
476,85,1586.77,609.54,44.51,65.62,1,1,0.74376
476,81,1051.29,546.44,34.98,66.84,1,1,0.77123
476,54,1305.58,732.92,38.21,74.93,1,1,0.75175
477,38,924.62,238.37,28.2,51.46,1,1,0.65842
477,44,917.44,194.76,31.91,44.33,1,1,0.68966
477,49,1360.68,295.87,28.76,56.07,1,1,0.78555
477,52,421.3,304.09,40.82,61.23,1,1,0.70048
477,53,780.29,286.95,26.35,58.58,1,1,0.7738
477,56,1335.46,433.76,29.22,64.59,1,1,0.77695
477,64,328.11,282.16,35.85,57.54,1,1,0.79277
477,39,947.39,266.66,31.8,51.7,1,1,0.65987
477,65,467.35,249.48,31.97,53.29,1,1,0.76785
477,37,1138.09,343.64,25.91,60.36,1,1,0.75734
477,46,842.36,354.51,31.84,60.4,1,1,0.7365
477,45,1633.39,678.59,37.83,73.22,1,1,0.77359
477,71,1452.3,735.28,33.21,70.21,1,1,0.7577
477,73,1397.24,686.63,32.91,76.39,1,1,0.74724
477,42,1179.73,497.43,36.63,73.99,1,1,0.78527
477,48,841.32,310.33,28.69,52.37,1,1,0.69194
477,79,1045.47,390.38,31.93,61.46,1,1,0.76909
477,69,953.42,378.48,42.04,54.81,1,1,0.77414
477,82,1156.07,407.26,41.21,66.62,1,1,0.73812
477,85,1582.19,607.67,46.04,64.42,1,1,0.76784
477,81,1049.67,545.2,33.89,67.28,1,1,0.76051
477,54,1301.45,732.23,36.4,72.96,1,1,0.75486
478,44,908.22,194.86,35.26,43.98,1,1,0.7093
478,49,1354.97,295.65,30.17,54.51,1,1,0.78469
478,52,433.67,300.52,32.82,53.22,1,1,0.70311
478,53,777.92,283.75,24.43,59.29,1,1,0.76368
478,56,1333.77,432.59,28.2,64.67,1,1,0.788
478,64,328.22,280.95,34.61,57.56,1,1,0.79506
478,65,469.96,247.61,31.17,51.96,1,1,0.75516
478,37,1131.84,344.17,28.01,59.97,1,1,0.75938
478,46,836.6,351.47,30.97,59.02,1,1,0.7573
478,45,1632.17,678.02,37.07,72.79,1,1,0.77075
478,71,1451.14,735.47,32.34,68.95,1,1,0.76376
478,73,1396.27,685.54,32.22,75.59,1,1,0.76265
478,42,1177.4,496.41,36.42,71.99,1,1,0.78959
478,48,839.25,307.21,30.28,55.04,1,1,0.69133
478,79,1041.06,388.38,31.72,61.16,1,1,0.77776
478,69,949.85,377.25,39.86,54.67,1,1,0.7829
478,82,1152.11,404.79,40.42,63.11,1,1,0.73206
478,85,1577.38,605.73,44.83,63.87,1,1,0.77305
478,81,1048.71,544.08,32.72,67.65,1,1,0.76248
478,54,1297.28,731.47,34.93,73.13,1,1,0.76784
478,84,1805.97,594.29,24.71,63.48,1,1,0.70896
478,74,1688.24,339.1,22.58,54.83,1,1,0.7567
479,44,897.61,192.63,36.81,44.34,1,1,0.71088
479,49,1349.73,295.69,34.11,54.03,1,1,0.78972
479,52,438.64,296.99,31.29,52.72,1,1,0.73937
479,53,774.77,279.87,25.34,62.02,1,1,0.75593
479,56,1331.3,430.14,29.28,67.63,1,1,0.79225
479,64,326.94,278.48,36.34,59.9,1,1,0.81427
479,65,470.34,245.85,33.86,51.51,1,1,0.74977
479,37,1122.91,343.92,30.8,60.66,1,1,0.76838
479,46,830.29,348.0,31.8,59.2,1,1,0.7569
479,45,1629.73,676.7,36.93,74.72,1,1,0.77306
479,71,1448.45,735.15,33.97,70.81,1,1,0.74532
479,73,1394.68,684.23,34.06,76.02,1,1,0.76608
479,42,1174.48,495.73,39.08,72.21,1,1,0.81179
479,48,835.88,303.86,33.98,59.4,1,1,0.68714
479,79,1036.35,386.15,33.98,62.95,1,1,0.78527
479,69,944.99,375.24,41.23,56.89,1,1,0.79486
479,82,1147.69,402.8,41.12,61.16,1,1,0.74591
479,85,1572.02,603.41,45.29,65.02,1,1,0.74808
479,54,1291.95,730.17,35.89,75.5,1,1,0.77169
479,74,1685.22,338.5,22.63,55.2,1,1,0.77633
480,44,889.3,192.0,35.18,45.79,1,1,0.73102
480,49,1345.73,296.43,31.96,53.08,1,1,0.77128
480,52,442.0,294.38,31.32,55.43,1,1,0.74614
480,53,771.14,276.26,26.81,63.23,1,1,0.74821
480,56,1329.65,427.87,29.89,69.48,1,1,0.79228
480,64,326.56,276.29,36.41,61.39,1,1,0.81276
480,65,474.28,243.12,33.92,49.58,1,1,0.72944
480,37,1116.06,344.45,34.05,61.39,1,1,0.76329
480,46,824.99,346.53,31.4,58.46,1,1,0.77234
480,45,1628.34,675.26,36.12,73.84,1,1,0.75708
480,71,1446.07,735.04,35.58,70.85,1,1,0.74343
480,73,1393.54,682.25,35.45,76.87,1,1,0.75799
480,42,1172.58,495.47,39.27,71.32,1,1,0.80481
480,48,832.93,301.15,36.38,62.16,1,1,0.72386
480,79,1033.06,384.11,35.01,63.23,1,1,0.77505
480,69,941.02,372.83,42.1,59.04,1,1,0.79905
480,82,1144.46,401.67,37.33,59.9,1,1,0.75348
480,85,1568.04,601.27,41.85,66.45,1,1,0.75821
480,54,1287.42,728.59,35.75,77.52,1,1,0.76694
480,74,1682.44,338.21,23.19,57.11,1,1,0.78121
480,38,905.43,234.19,25.91,56.62,1,1,0.65039
480,81,1043.77,540.58,34.41,68.45,1,1,0.73953
481,44,883.47,191.07,33.39,47.99,1,1,0.74514
481,49,1342.32,296.07,29.66,53.92,1,1,0.78112
481,52,445.7,293.1,32.65,57.41,1,1,0.71912
481,53,768.41,273.15,29.09,65.12,1,1,0.75261
481,56,1328.14,426.14,30.79,69.75,1,1,0.79884
481,64,327.21,273.69,37.01,63.56,1,1,0.81861
481,65,476.79,240.44,35.83,50.37,1,1,0.74514
481,37,1108.53,342.4,39.2,63.89,1,1,0.79411
481,46,820.0,344.08,32.8,60.19,1,1,0.78029
481,45,1627.13,673.02,35.77,73.18,1,1,0.75833
481,71,1443.7,735.23,38.26,71.98,1,1,0.74407
481,73,1392.88,680.51,36.52,78.61,1,1,0.76592
481,42,1170.56,495.26,39.44,70.55,1,1,0.81737
481,48,830.09,298.05,38.45,63.18,1,1,0.75286
481,79,1029.4,381.96,38.6,63.47,1,1,0.78679
481,69,936.84,369.75,44.81,62.02,1,1,0.8082
481,82,1140.71,400.0,39.16,61.39,1,1,0.7547
481,85,1561.99,598.25,42.12,68.17,1,1,0.75545
481,54,1283.68,726.39,36.21,79.74,1,1,0.76993
481,74,1679.97,338.44,23.72,59.14,1,1,0.7882
481,81,1042.1,538.86,35.28,69.7,1,1,0.75349
481,39,919.75,259.35,41.57,53.74,1,1,0.64462
481,84,1795.79,592.9,26.18,65.97,1,1,0.64732
482,44,879.33,191.72,30.55,49.85,1,1,0.72451
482,49,1339.62,294.55,27.68,55.47,1,1,0.78902
482,52,450.13,291.38,33.76,58.65,1,1,0.73717
482,53,765.98,270.17,28.44,62.44,1,1,0.72794
482,56,1327.49,424.59,30.85,68.92,1,1,0.79118
482,64,329.05,271.77,36.29,65.02,1,1,0.816
482,65,480.0,238.03,36.73,50.09,1,1,0.75421
482,37,1102.17,342.08,41.91,63.76,1,1,0.77787
482,46,815.66,340.9,33.44,61.56,1,1,0.77719
482,45,1625.98,671.11,36.29,74.24,1,1,0.76377
482,71,1442.09,734.51,41.65,75.37,1,1,0.73634
482,73,1392.77,678.78,36.71,80.28,1,1,0.75665
482,42,1168.88,494.28,38.18,70.43,1,1,0.80921
482,48,827.75,295.34,37.9,60.71,1,1,0.75004
482,79,1026.36,380.11,41.12,61.81,1,1,0.77937
482,69,933.55,367.18,45.47,62.48,1,1,0.79459
482,82,1137.75,397.79,38.65,63.68,1,1,0.71786
482,85,1557.03,595.08,42.91,69.81,1,1,0.766
482,54,1280.27,723.6,37.15,82.28,1,1,0.75938
482,74,1677.27,338.2,24.95,60.17,1,1,0.80016
482,81,1040.87,537.09,34.89,67.89,1,1,0.75503
482,39,912.41,255.07,37.51,56.31,1,1,0.65173
483,44,871.92,190.31,29.4,48.78,1,1,0.69064
483,49,1335.34,293.32,27.72,57.13,1,1,0.79982
483,52,457.43,287.89,32.8,59.65,1,1,0.70195
483,53,762.87,266.49,27.54,59.92,1,1,0.71569
483,56,1326.61,423.21,31.26,67.98,1,1,0.79297
483,64,331.39,270.42,35.35,65.55,1,1,0.82047
483,65,481.23,236.36,38.56,51.46,1,1,0.75099
483,37,1096.92,343.92,41.79,62.47,1,1,0.77338
483,46,810.5,338.24,35.64,63.29,1,1,0.78424
483,45,1624.35,669.07,37.26,75.5,1,1,0.76546
483,71,1441.1,734.18,42.71,73.27,1,1,0.72967
483,73,1391.53,676.2,37.09,82.94,1,1,0.75812
483,42,1167.58,492.88,37.0,71.61,1,1,0.81041
483,48,824.87,293.59,38.17,56.61,1,1,0.74021
483,79,1022.75,378.33,42.96,60.1,1,1,0.78091
483,69,929.54,364.96,45.21,61.68,1,1,0.79869
483,82,1134.78,395.96,37.48,66.28,1,1,0.75268
483,85,1552.36,592.09,46.25,71.36,1,1,0.75867
483,54,1275.68,721.46,38.79,81.98,1,1,0.75
483,74,1674.5,338.11,26.2,59.82,1,1,0.80049
483,81,1039.53,535.94,35.87,67.23,1,1,0.77697
483,39,905.3,254.09,35.69,57.33,1,1,0.68351
484,44,864.61,194.77,30.95,45.76,1,1,0.68176
484,49,1331.18,291.37,28.03,59.12,1,1,0.79941
484,52,464.0,285.75,32.2,59.68,1,1,0.70349
484,53,758.95,263.41,27.04,57.28,1,1,0.73188
484,56,1325.67,422.35,31.45,66.37,1,1,0.79192
484,64,333.77,269.79,34.27,64.66,1,1,0.82108
484,65,483.27,236.06,38.91,49.65,1,1,0.70972
484,37,1093.88,344.9,36.63,62.55,1,1,0.75684
484,46,806.36,336.59,37.09,62.81,1,1,0.79045
484,45,1623.09,667.11,36.95,75.45,1,1,0.76179
484,71,1441.17,733.97,42.7,72.61,1,1,0.73528
484,73,1390.67,675.08,37.63,83.76,1,1,0.77079
484,42,1166.27,491.63,35.7,72.76,1,1,0.81507
484,48,822.97,292.26,36.4,54.08,1,1,0.75097
484,79,1018.91,377.6,41.82,58.28,1,1,0.7887
484,69,926.53,363.07,44.77,60.25,1,1,0.80398
484,82,1132.01,393.78,36.88,67.06,1,1,0.76558
484,85,1548.3,589.21,46.82,71.4,1,1,0.75549
484,54,1271.6,719.34,39.65,81.75,1,1,0.75392
484,74,1672.39,338.06,27.42,59.91,1,1,0.8039
484,81,1038.48,535.37,35.07,66.24,1,1,0.75659
484,39,901.56,256.92,35.54,55.52,1,1,0.6825
485,44,857.24,198.26,30.77,43.86,1,1,0.69735
485,49,1327.48,290.55,29.98,60.15,1,1,0.80461
485,52,468.34,282.75,34.51,61.34,1,1,0.70297
485,53,756.59,260.39,28.22,57.93,1,1,0.74362
485,56,1324.95,421.53,32.76,65.84,1,1,0.79832
485,64,336.89,269.27,32.74,62.71,1,1,0.82166
485,65,490.07,234.59,36.75,46.81,1,1,0.70411
485,37,1090.63,344.82,33.04,62.08,1,1,0.76621
485,46,802.08,334.42,41.13,61.39,1,1,0.80953
485,45,1622.93,665.16,37.4,77.22,1,1,0.76371
485,71,1440.96,733.59,43.35,72.75,1,1,0.75027
485,73,1390.01,674.32,39.24,84.3,1,1,0.78778
485,42,1165.44,489.7,35.2,74.41,1,1,0.82342
485,48,821.23,289.95,37.29,55.43,1,1,0.77952
485,79,1015.65,375.9,41.19,59.42,1,1,0.80973
485,69,922.94,360.66,44.43,58.29,1,1,0.80725
485,82,1129.68,391.28,37.26,67.28,1,1,0.7737
485,85,1544.12,586.78,47.1,69.92,1,1,0.7575
485,54,1267.11,717.13,41.83,79.88,1,1,0.77513
485,74,1671.02,338.01,27.97,59.83,1,1,0.78791
485,81,1037.44,534.46,35.29,65.83,1,1,0.78382
485,39,897.98,255.82,37.32,57.7,1,1,0.71822
486,44,849.03,200.08,31.71,42.66,1,1,0.68811
486,49,1323.97,289.5,30.64,60.06,1,1,0.79954
486,52,474.98,279.24,34.38,62.54,1,1,0.7611
486,53,755.27,257.58,28.82,58.64,1,1,0.75729
486,56,1323.36,420.83,33.71,65.02,1,1,0.80263
486,64,338.49,268.71,32.34,61.07,1,1,0.81949
486,65,497.5,232.64,33.66,44.16,1,1,0.71608
486,37,1086.6,344.37,30.97,63.95,1,1,0.80508
486,46,797.73,332.42,43.17,59.66,1,1,0.80803
486,45,1622.22,662.93,36.61,78.74,1,1,0.77052
486,71,1440.28,733.51,43.79,73.16,1,1,0.76384
486,73,1389.02,672.62,40.13,85.4,1,1,0.79916
486,42,1163.93,487.61,35.29,75.81,1,1,0.82925
486,48,818.73,286.75,39.18,57.49,1,1,0.79134
486,79,1012.02,373.99,39.1,61.08,1,1,0.8294
486,69,919.84,359.31,41.47,55.56,1,1,0.80819
486,82,1127.38,388.34,37.37,67.58,1,1,0.78741
486,85,1540.26,585.16,51.23,70.63,1,1,0.78243
486,54,1263.11,715.07,42.59,78.57,1,1,0.78708
486,74,1668.6,337.8,28.9,61.33,1,1,0.79279
486,81,1036.15,533.21,35.69,65.95,1,1,0.79518
486,39,892.35,252.01,40.98,61.06,1,1,0.71516
487,44,841.71,203.73,35.21,40.16,1,1,0.69587
487,49,1320.15,288.31,33.87,60.47,1,1,0.80656
487,52,482.97,276.67,32.08,63.15,1,1,0.78279
487,53,752.81,253.95,31.76,60.33,1,1,0.78821
487,56,1320.85,419.68,34.38,65.71,1,1,0.81077
487,64,339.94,267.52,32.56,61.49,1,1,0.82999
487,65,501.39,230.88,35.26,46.86,1,1,0.75473
487,37,1082.52,343.01,29.85,65.16,1,1,0.79467
487,46,794.28,330.9,43.13,58.63,1,1,0.81757
487,45,1620.91,662.22,36.26,78.64,1,1,0.78348
487,71,1439.7,733.26,43.11,72.3,1,1,0.77267
487,73,1388.16,671.15,41.13,85.19,1,1,0.81073
487,42,1162.71,485.82,35.48,76.2,1,1,0.8301
487,48,815.46,283.14,42.03,60.37,1,1,0.80752
487,79,1008.87,371.67,37.3,63.76,1,1,0.8362
487,69,916.25,358.53,39.2,54.11,1,1,0.81717
487,82,1125.16,386.38,38.11,66.13,1,1,0.78292
487,85,1536.55,581.92,48.95,70.21,1,1,0.80599
487,54,1261.2,713.83,42.39,79.14,1,1,0.80585
487,74,1665.98,337.5,29.33,61.19,1,1,0.78961
487,81,1034.26,531.95,35.71,66.82,1,1,0.78137
487,39,885.94,252.46,45.74,60.61,1,1,0.72096
488,44,836.77,200.59,35.88,44.19,1,1,0.74903
488,49,1316.25,287.81,37.62,59.84,1,1,0.81876
488,52,489.78,273.86,31.59,64.95,1,1,0.79588
488,53,751.16,249.81,34.13,61.53,1,1,0.7923
488,56,1319.31,418.19,34.38,68.12,1,1,0.82029
488,64,342.3,266.32,33.12,62.2,1,1,0.83834
488,65,506.13,230.05,35.81,49.16,1,1,0.77185
488,37,1076.62,341.25,31.61,65.4,1,1,0.81324
488,46,791.23,328.79,41.86,59.55,1,1,0.83454
488,45,1618.32,662.48,36.63,78.1,1,1,0.80618
488,71,1438.11,732.27,44.68,73.6,1,1,0.7991
488,73,1387.52,670.36,41.73,84.05,1,1,0.82214
488,42,1162.04,484.43,36.67,77.1,1,1,0.8392
488,48,813.36,281.04,43.22,62.03,1,1,0.82724
488,79,1006.69,369.72,36.05,65.84,1,1,0.84229
488,69,912.37,355.09,37.16,54.7,1,1,0.81559
488,82,1122.25,384.42,36.96,63.73,1,1,0.79098
488,85,1532.96,580.6,45.74,70.54,1,1,0.83077
488,54,1260.87,712.7,40.71,80.25,1,1,0.8155
488,74,1664.47,337.95,28.83,62.27,1,1,0.76909
488,81,1032.67,530.33,35.95,68.77,1,1,0.79273
488,39,881.33,257.07,48.8,55.01,1,1,0.71812
489,44,833.77,197.82,30.96,48.18,1,1,0.75561
489,49,1311.28,288.02,40.16,58.94,1,1,0.80565
489,52,494.96,273.12,31.38,66.15,1,1,0.7819
489,53,749.09,247.82,36.43,60.6,1,1,0.78621
489,56,1318.27,417.44,33.81,70.15,1,1,0.81654
489,64,344.33,265.44,33.75,63.0,1,1,0.83491
489,65,512.1,229.8,35.08,48.66,1,1,0.75424
489,37,1070.98,341.47,32.19,63.83,1,1,0.81453
489,46,787.85,327.5,38.62,60.73,1,1,0.819
489,45,1616.22,663.35,36.67,77.62,1,1,0.79949
489,71,1436.94,732.58,45.92,74.67,1,1,0.7977
489,73,1387.09,670.87,41.02,82.26,1,1,0.80962
489,42,1160.79,483.85,37.76,76.85,1,1,0.83769
489,48,811.18,279.52,42.03,60.83,1,1,0.82334
489,79,1003.3,368.24,36.99,67.19,1,1,0.84285
489,69,907.49,352.97,38.18,57.05,1,1,0.82562
489,82,1118.55,383.23,34.5,64.01,1,1,0.79559
489,85,1528.83,579.5,43.31,72.62,1,1,0.82894
489,54,1259.58,712.69,38.7,81.54,1,1,0.81544
489,74,1662.32,338.95,27.23,62.85,1,1,0.71262
489,81,1031.06,527.82,36.87,71.6,1,1,0.66721
489,39,876.1,258.98,48.45,50.35,1,1,0.69814
489,38,859.06,231.2,36.89,45.86,1,1,0.66203
490,44,828.27,194.61,28.18,52.16,1,1,0.76412
490,49,1308.13,289.64,38.83,57.68,1,1,0.78591
490,52,500.26,271.48,31.5,67.07,1,1,0.78207
490,53,747.89,245.73,35.8,62.23,1,1,0.78215
490,56,1317.21,416.29,33.53,71.58,1,1,0.8123
490,64,346.16,264.49,34.57,64.12,1,1,0.83401
490,65,519.17,230.6,32.66,45.47,1,1,0.74049
490,37,1065.06,342.21,35.07,63.09,1,1,0.79883
490,46,785.56,330.39,34.48,58.53,1,1,0.80805
490,45,1615.03,664.03,36.08,77.44,1,1,0.79281
490,71,1435.89,732.63,43.89,74.36,1,1,0.7746
490,73,1386.52,670.58,40.07,82.81,1,1,0.80338
490,42,1159.2,484.07,38.76,75.99,1,1,0.83457
490,48,808.87,277.81,40.95,60.02,1,1,0.8069
490,79,1000.62,367.24,36.63,66.64,1,1,0.83201
490,69,902.46,352.16,40.08,58.0,1,1,0.82476
490,82,1115.13,382.55,32.06,65.3,1,1,0.79649
490,85,1523.95,578.94,45.96,73.58,1,1,0.8329
490,54,1256.93,711.7,38.01,83.67,1,1,0.81166
490,39,877.86,236.21,43.31,52.13,1,1,0.70434
490,86,771.47,300.91,33.33,40.76,1,1,0.69841
491,44,820.04,198.07,30.41,49.3,1,1,0.71157
491,49,1304.67,289.77,31.9,57.61,1,1,0.77879
491,52,505.77,269.49,31.59,67.71,1,1,0.75735
491,53,747.39,242.48,32.09,62.24,1,1,0.78167
491,56,1315.11,413.92,33.77,73.77,1,1,0.7894
491,64,348.73,263.13,34.9,63.83,1,1,0.82722
491,65,524.38,230.08,33.11,44.48,1,1,0.74816
491,37,1058.87,341.23,41.66,63.79,1,1,0.80817
491,46,781.58,330.15,32.93,58.55,1,1,0.78299
491,45,1613.57,663.99,36.45,77.05,1,1,0.79094
491,71,1434.95,732.28,41.32,73.31,1,1,0.75475
491,73,1386.64,669.75,38.93,83.8,1,1,0.80128
491,42,1157.97,484.34,38.57,74.15,1,1,0.82609
491,48,807.45,276.23,39.3,56.28,1,1,0.79769
491,79,997.62,366.01,37.39,65.22,1,1,0.81853
491,69,897.67,350.83,40.18,57.2,1,1,0.80626
491,82,1110.9,381.81,33.23,65.61,1,1,0.79637
491,85,1518.99,577.38,49.39,74.5,1,1,0.83246
491,54,1254.54,710.1,37.56,85.81,1,1,0.80228
491,39,877.86,228.78,39.28,51.77,1,1,0.67445
491,86,772.92,301.91,30.73,43.66,1,1,0.65213
492,44,811.75,197.7,34.49,47.74,1,1,0.72837
492,49,1301.92,289.8,27.13,57.15,1,1,0.76317
492,52,510.46,268.63,32.14,67.52,1,1,0.69727
492,53,744.68,240.04,29.21,61.21,1,1,0.77824
492,56,1313.87,413.08,32.7,72.31,1,1,0.77953
492,64,350.69,261.68,35.69,64.5,1,1,0.81311
492,65,529.04,231.01,32.57,42.29,1,1,0.72819
492,37,1052.63,341.79,42.64,63.13,1,1,0.76565
492,46,778.49,329.31,30.3,56.85,1,1,0.75094
492,45,1612.05,665.03,36.8,75.43,1,1,0.78588
492,71,1433.89,732.23,37.17,71.18,1,1,0.76209
492,73,1386.62,668.7,37.08,84.28,1,1,0.78043
492,42,1157.0,485.37,36.14,71.16,1,1,0.80606
492,48,805.29,274.5,34.61,55.14,1,1,0.74153
492,79,993.96,364.82,36.91,64.03,1,1,0.79276
492,69,893.85,350.13,38.69,55.28,1,1,0.77401
492,82,1107.43,381.03,34.85,65.58,1,1,0.74965
492,85,1514.2,576.2,50.97,72.74,1,1,0.81751
492,54,1250.64,708.21,38.4,86.84,1,1,0.78561
492,86,773.82,302.64,28.13,43.47,1,1,0.66774
493,44,804.79,196.5,36.65,49.47,1,1,0.75756
493,49,1298.49,288.99,26.44,57.9,1,1,0.77686
493,52,515.27,267.26,34.45,68.23,1,1,0.77825
493,53,742.25,237.44,28.13,60.7,1,1,0.78996
493,56,1313.05,411.56,32.47,71.6,1,1,0.77428
493,64,352.84,260.94,36.49,65.21,1,1,0.82502
493,65,533.89,231.29,32.96,41.07,1,1,0.73938
493,37,1047.22,342.44,41.75,64.25,1,1,0.78877
493,46,773.03,325.4,32.76,57.74,1,1,0.75683
493,45,1610.39,663.92,38.52,76.83,1,1,0.79752
493,71,1432.72,732.04,35.75,71.11,1,1,0.77367
493,73,1386.29,667.32,36.47,86.04,1,1,0.78138
493,42,1155.91,485.52,35.53,70.48,1,1,0.81772
493,48,802.66,272.59,34.69,56.59,1,1,0.78903
493,79,990.76,364.07,36.94,64.0,1,1,0.82226
493,69,888.98,348.98,43.92,55.13,1,1,0.80909
493,82,1102.45,380.26,39.15,66.05,1,1,0.78186
493,85,1508.89,575.08,54.66,71.76,1,1,0.82762
493,54,1247.74,704.48,40.26,90.89,1,1,0.78871
493,86,773.34,304.54,29.02,41.21,1,1,0.68916
493,74,1653.43,339.08,28.0,59.33,1,1,0.73223
493,39,871.55,223.82,29.59,55.38,1,1,0.6742
494,44,799.26,201.07,35.93,46.55,1,1,0.72185
494,49,1294.49,288.79,27.78,58.08,1,1,0.77587
494,52,521.78,264.88,34.21,67.96,1,1,0.7683
494,53,740.18,234.94,27.55,61.8,1,1,0.7888
494,56,1312.17,410.07,32.48,71.33,1,1,0.77604
494,64,356.01,259.68,36.4,65.19,1,1,0.81624
494,65,539.98,231.12,31.96,41.89,1,1,0.71598
494,37,1044.18,343.7,37.64,65.39,1,1,0.77637
494,46,766.68,323.22,36.93,58.05,1,1,0.75146
494,45,1608.68,663.09,39.91,76.23,1,1,0.79887
494,71,1431.8,731.46,35.95,73.26,1,1,0.77089
494,73,1386.1,665.86,35.82,86.75,1,1,0.77109
494,42,1154.58,485.83,34.62,70.01,1,1,0.81187
494,48,800.1,270.85,35.64,56.99,1,1,0.76075
494,79,987.61,363.63,34.99,62.46,1,1,0.81914
494,69,884.92,347.88,43.32,56.06,1,1,0.78923
494,82,1098.22,378.71,41.64,64.93,1,1,0.77091
494,85,1503.67,573.68,56.68,69.23,1,1,0.81861
494,54,1244.71,701.94,40.56,89.88,1,1,0.77663
494,81,1025.67,522.21,37.83,67.47,1,1,0.74298
495,44,795.38,201.94,31.39,46.95,1,1,0.69322
495,49,1290.58,289.2,28.96,57.22,1,1,0.78556
495,52,529.42,262.68,31.05,67.96,1,1,0.76587
495,53,735.71,232.58,30.16,61.6,1,1,0.78066
495,56,1311.69,410.45,31.4,68.56,1,1,0.76735
495,64,359.5,258.89,36.02,64.14,1,1,0.80383
495,65,545.07,230.25,33.23,41.44,1,1,0.73078
495,37,1042.21,344.91,32.88,65.39,1,1,0.77789
495,46,762.12,321.31,34.18,58.03,1,1,0.73182
495,45,1606.6,662.67,40.05,75.11,1,1,0.78497
495,71,1431.37,731.59,34.56,71.92,1,1,0.76096
495,73,1385.94,664.69,35.11,84.71,1,1,0.74464
495,42,1153.7,486.46,33.74,69.38,1,1,0.79774
495,48,797.4,269.06,31.66,56.0,1,1,0.72907
495,79,984.27,363.57,34.14,62.12,1,1,0.81625
495,69,880.62,347.72,39.95,56.06,1,1,0.79436
495,82,1093.97,378.45,42.32,61.04,1,1,0.77133
495,85,1499.67,572.82,54.16,67.13,1,1,0.80147
495,54,1241.95,701.86,39.86,82.69,1,1,0.76996
495,81,1025.7,522.24,36.28,65.16,1,1,0.75877
495,39,863.9,224.17,28.11,57.41,1,1,0.65068
496,44,794.24,203.0,31.14,46.93,1,1,0.69749
496,49,1286.48,289.48,29.37,56.06,1,1,0.77654
496,52,538.26,262.13,27.97,67.77,1,1,0.76715
496,53,730.5,230.67,33.47,61.14,1,1,0.76872
496,56,1311.89,411.82,30.45,65.83,1,1,0.77328
496,64,364.38,259.71,35.19,62.52,1,1,0.79879
496,65,552.33,229.18,34.89,42.77,1,1,0.71822
496,37,1039.57,346.58,29.33,65.31,1,1,0.79257
496,46,758.51,321.85,32.15,57.7,1,1,0.73788
496,45,1605.69,663.66,39.57,73.14,1,1,0.7854
496,71,1430.81,731.85,33.93,69.09,1,1,0.76167
496,73,1385.32,664.3,35.12,82.55,1,1,0.74401
496,42,1153.31,487.14,33.57,69.24,1,1,0.80557
496,48,795.62,268.42,32.31,56.95,1,1,0.71123
496,79,981.44,363.35,34.92,62.84,1,1,0.81813
496,69,877.51,347.89,38.57,56.66,1,1,0.78813
496,82,1090.89,378.31,38.09,59.34,1,1,0.7698
496,85,1496.09,572.91,50.11,66.3,1,1,0.79494
496,54,1239.61,702.78,40.39,79.36,1,1,0.77134
496,81,1025.69,522.86,34.8,64.08,1,1,0.75235
496,39,860.79,225.32,30.07,57.73,1,1,0.68722
496,74,1649.05,340.69,26.77,57.57,1,1,0.6738
497,44,790.49,204.89,27.9,45.92,1,1,0.71708
497,49,1280.96,290.16,29.62,55.38,1,1,0.77907
497,52,544.73,261.07,27.48,67.52,1,1,0.77612
497,53,725.35,229.47,37.13,59.44,1,1,0.76908
497,56,1311.04,412.81,29.77,64.57,1,1,0.76761
497,64,368.56,260.97,33.94,61.38,1,1,0.7974
497,65,559.08,229.24,36.11,42.67,1,1,0.73314
497,37,1035.1,347.54,29.36,65.55,1,1,0.79406
497,46,754.11,320.31,29.97,59.69,1,1,0.74966
497,45,1604.68,665.61,37.81,70.53,1,1,0.78131
497,71,1429.09,732.84,32.54,68.69,1,1,0.7533
497,73,1384.36,664.3,34.7,80.51,1,1,0.73751
497,42,1152.19,487.23,33.89,69.89,1,1,0.79828
497,48,792.17,267.71,34.11,58.02,1,1,0.7029
497,79,977.57,362.81,36.09,63.47,1,1,0.81237
497,69,873.71,347.18,37.83,58.76,1,1,0.79382
497,82,1087.36,377.59,34.95,60.33,1,1,0.76977
497,85,1491.11,572.34,46.18,68.0,1,1,0.79127
497,54,1237.41,704.42,39.48,76.89,1,1,0.7777
497,81,1024.54,524.27,33.69,63.34,1,1,0.74593
497,39,857.49,225.42,31.86,57.98,1,1,0.69529
497,74,1646.85,341.81,27.19,57.29,1,1,0.77163
498,44,782.87,208.02,28.57,43.16,1,1,0.69921
498,49,1276.65,291.78,28.73,54.86,1,1,0.77666
498,52,550.34,260.07,27.7,68.02,1,1,0.76788
498,53,722.12,229.32,37.97,53.91,1,1,0.76075
498,56,1309.56,413.06,29.58,64.29,1,1,0.75883
498,64,372.99,262.3,32.41,61.35,1,1,0.78607
498,65,564.47,228.49,35.81,44.81,1,1,0.74608
498,37,1030.07,349.03,30.56,65.17,1,1,0.79521
498,46,749.1,320.23,29.04,60.64,1,1,0.75262
498,45,1603.5,666.82,36.97,69.92,1,1,0.77385
498,71,1427.69,734.91,30.77,67.67,1,1,0.75496
498,73,1383.67,665.03,33.78,78.61,1,1,0.74031
498,42,1151.18,487.75,33.98,70.82,1,1,0.79674
498,48,788.45,267.76,31.81,57.11,1,1,0.68789
498,79,972.79,362.82,36.63,62.9,1,1,0.80485
498,69,869.25,345.96,38.14,59.98,1,1,0.78696
498,82,1083.92,377.69,32.01,60.74,1,1,0.78179
498,85,1485.76,571.16,42.97,70.22,1,1,0.79123
498,54,1235.25,705.43,37.24,75.05,1,1,0.78143
498,81,1023.22,524.87,32.73,62.88,1,1,0.73278
498,39,853.48,226.69,32.63,57.76,1,1,0.65237
498,74,1643.96,342.81,26.35,56.4,1,1,0.78341
499,44,778.42,209.03,27.78,43.17,1,1,0.70971
499,49,1273.33,293.1,28.18,54.6,1,1,0.77122
499,52,556.01,259.46,28.65,67.93,1,1,0.76749
499,53,719.88,229.35,40.05,50.82,1,1,0.759
499,56,1309.18,413.33,29.5,65.78,1,1,0.75451
499,64,377.91,261.17,31.72,63.47,1,1,0.79582
499,65,569.69,227.68,35.21,45.87,1,1,0.7508
499,37,1024.88,349.94,33.12,65.46,1,1,0.79674
499,46,743.41,316.87,30.39,63.84,1,1,0.77731
499,45,1601.41,667.12,36.43,71.37,1,1,0.7712
499,71,1426.0,736.05,30.62,68.5,1,1,0.76878
499,73,1383.39,665.42,34.0,77.89,1,1,0.74813
499,42,1149.43,487.88,35.61,71.2,1,1,0.79621
499,48,783.99,267.3,34.25,57.1,1,1,0.70774
499,79,969.16,362.74,38.0,62.35,1,1,0.81085
499,69,864.87,344.97,39.3,61.0,1,1,0.78598
499,82,1081.34,377.59,32.6,63.01,1,1,0.78907
499,85,1480.9,569.47,43.46,72.97,1,1,0.80151
499,54,1233.67,705.02,36.39,76.5,1,1,0.78944
499,81,1022.6,524.61,32.27,63.55,1,1,0.72941
499,39,849.42,229.83,34.54,55.9,1,1,0.65653
499,74,1642.17,343.48,25.34,58.21,1,1,0.77843
499,84,1753.05,600.76,28.92,59.54,1,1,0.77065
500,44,775.39,210.47,26.88,43.15,1,1,0.71425
500,49,1270.48,294.23,26.62,55.67,1,1,0.77372
500,52,561.23,258.96,31.02,67.57,1,1,0.75327
500,53,719.82,232.1,40.67,48.81,1,1,0.66858
500,56,1309.38,414.34,28.57,65.6,1,1,0.73773
500,64,382.15,260.13,31.33,64.55,1,1,0.78118
500,65,575.98,228.0,33.43,45.07,1,1,0.70949
500,37,1020.16,350.95,33.55,63.49,1,1,0.76976
500,46,740.85,315.06,30.34,64.83,1,1,0.75338
500,45,1600.23,667.28,35.27,72.0,1,1,0.78194
500,71,1424.47,736.6,30.18,67.67,1,1,0.76054
500,73,1383.34,666.05,33.4,75.67,1,1,0.73311
500,42,1148.03,489.3,36.36,69.26,1,1,0.78548
500,48,780.98,267.63,31.35,54.92,1,1,0.69391
500,79,966.41,362.62,38.51,60.71,1,1,0.78126
500,69,860.6,344.04,37.22,59.85,1,1,0.74398
500,82,1078.67,376.87,33.45,64.63,1,1,0.77805
500,85,1475.89,567.99,45.02,74.31,1,1,0.79898
500,54,1231.63,705.07,34.48,76.89,1,1,0.77858
500,81,1021.78,523.32,32.04,63.22,1,1,0.71159
500,39,845.79,231.54,35.72,54.12,1,1,0.6488
500,74,1640.6,343.82,25.07,59.11,1,1,0.78221
500,84,1749.53,601.59,28.48,60.24,1,1,0.75022
501,44,770.58,211.55,27.02,42.74,1,1,0.69459
501,49,1267.08,296.04,25.44,55.34,1,1,0.77374
501,52,565.33,258.74,33.36,67.0,1,1,0.73609
501,53,719.01,232.79,37.84,48.29,1,1,0.72218
501,56,1308.24,414.08,27.93,65.13,1,1,0.75303
501,64,385.83,260.58,30.66,64.13,1,1,0.77639
501,65,581.83,227.82,31.26,44.25,1,1,0.67578
501,37,1016.28,352.23,31.93,60.76,1,1,0.75047
501,46,740.06,314.88,29.48,62.87,1,1,0.64853
501,45,1598.8,667.08,33.99,72.97,1,1,0.78146
501,71,1422.41,737.34,29.96,67.98,1,1,0.76478
501,73,1383.15,666.75,32.91,73.73,1,1,0.75029
501,42,1146.75,490.3,35.64,66.87,1,1,0.78287
501,48,778.0,267.22,28.66,52.32,1,1,0.71327
501,79,963.7,363.02,35.96,59.07,1,1,0.77203
501,69,855.68,344.18,35.61,57.92,1,1,0.73228
501,82,1075.3,375.72,34.23,65.83,1,1,0.7432
501,85,1470.22,566.68,44.75,72.89,1,1,0.80048
501,54,1229.73,705.17,32.86,76.99,1,1,0.78745
501,81,1020.91,521.81,31.33,61.45,1,1,0.71779
501,39,841.89,233.98,34.86,51.85,1,1,0.68826
501,74,1638.3,345.13,24.74,60.54,1,1,0.78013
501,84,1746.5,602.94,28.06,60.53,1,1,0.74814
502,44,766.22,213.11,27.03,42.28,1,1,0.70247
502,49,1264.66,296.98,24.99,55.71,1,1,0.77551
502,52,570.35,257.24,35.48,67.5,1,1,0.7318
502,53,719.84,231.27,33.29,50.02,1,1,0.72215
502,56,1304.87,413.91,29.67,64.37,1,1,0.75241
502,64,389.28,261.19,30.45,63.73,1,1,0.77275
502,65,588.49,227.06,29.77,44.53,1,1,0.68471
502,37,1012.75,353.29,30.42,59.98,1,1,0.74081
502,46,738.61,316.5,30.31,60.64,1,1,0.6631
502,45,1596.68,666.03,33.92,75.36,1,1,0.77303
502,71,1420.71,737.51,30.02,70.36,1,1,0.7564
502,73,1382.47,666.78,33.19,72.44,1,1,0.74227
502,42,1144.95,489.67,34.74,66.86,1,1,0.7709
502,48,773.91,266.08,28.19,52.93,1,1,0.68167
502,79,961.06,363.02,33.58,58.51,1,1,0.76994
502,69,850.67,344.33,37.03,55.95,1,1,0.72922
502,82,1070.67,374.29,35.55,65.63,1,1,0.72803
502,85,1464.44,565.53,46.83,71.52,1,1,0.78759
502,54,1227.77,703.93,33.84,78.05,1,1,0.79008
502,81,1019.33,520.17,32.44,63.21,1,1,0.64689
502,39,837.92,235.94,33.22,51.04,1,1,0.65444
502,74,1635.94,345.45,25.97,61.23,1,1,0.7963
502,84,1742.69,603.06,28.39,61.69,1,1,0.74097
502,87,726.44,314.38,27.53,60.84,1,1,0.68945
503,44,761.46,217.24,24.8,40.58,1,1,0.67388
503,49,1260.92,297.81,25.08,56.05,1,1,0.78056
503,52,576.18,257.16,32.66,64.93,1,1,0.73751
503,53,720.98,230.08,29.74,50.65,1,1,0.69595
503,56,1302.81,413.74,29.41,64.26,1,1,0.76632
503,64,392.75,262.99,29.15,61.67,1,1,0.76374
503,65,597.1,224.42,26.77,44.15,1,1,0.68248
503,37,1008.22,355.36,29.89,59.79,1,1,0.76269
503,45,1594.31,665.68,33.58,76.51,1,1,0.77055
503,71,1418.89,737.78,29.82,70.85,1,1,0.75534
503,73,1381.47,666.4,32.45,73.0,1,1,0.72781
503,42,1143.12,490.99,33.35,65.87,1,1,0.77384
503,48,771.32,265.86,26.38,52.56,1,1,0.70388
503,79,957.5,363.66,31.57,58.72,1,1,0.78309
503,69,845.77,344.5,34.13,55.83,1,1,0.74352
503,82,1065.85,373.7,35.62,63.54,1,1,0.70405
503,85,1459.81,565.16,46.75,68.68,1,1,0.78373
503,54,1225.61,702.78,33.08,78.58,1,1,0.79069
503,81,1017.4,519.83,31.31,60.7,1,1,0.70196
503,39,834.43,237.4,28.75,53.25,1,1,0.66629
503,74,1633.28,345.72,26.5,61.32,1,1,0.79283
503,84,1737.9,602.8,29.17,61.32,1,1,0.76106
503,87,723.3,313.91,27.21,60.97,1,1,0.68614
504,49,1256.99,298.6,25.94,56.74,1,1,0.7757
504,52,581.88,256.99,29.98,62.84,1,1,0.73089
504,53,720.57,230.51,27.2,51.28,1,1,0.67866
504,56,1301.29,414.14,27.97,61.62,1,1,0.75457
504,64,396.84,264.65,27.66,59.77,1,1,0.75366
504,65,603.66,224.16,25.4,47.4,1,1,0.64576
504,37,1003.96,357.41,28.43,60.09,1,1,0.77282
504,45,1592.36,665.34,33.75,77.49,1,1,0.76842
504,71,1417.26,737.62,30.55,72.71,1,1,0.7403
504,73,1379.65,665.7,32.54,73.05,1,1,0.68704
504,42,1141.89,492.1,31.66,65.9,1,1,0.77362
504,48,767.1,265.84,27.16,52.91,1,1,0.70581
504,79,954.33,364.72,31.01,58.83,1,1,0.78962
504,69,842.46,345.36,31.71,55.68,1,1,0.76094
504,82,1061.56,373.73,35.26,60.76,1,1,0.73057
504,85,1455.4,564.74,42.71,67.11,1,1,0.77424
504,54,1222.65,701.28,33.62,79.15,1,1,0.79071
504,81,1015.48,519.7,30.38,58.8,1,1,0.72433
504,39,831.17,238.7,25.13,57.52,1,1,0.68691
504,74,1630.94,347.3,25.76,60.4,1,1,0.76829
504,87,720.41,313.97,27.96,61.59,1,1,0.71538
504,88,812.47,258.21,29.5,57.81,1,1,0.67907
505,49,1253.38,300.43,26.95,56.74,1,1,0.78211
505,52,588.29,256.78,28.21,62.14,1,1,0.74488
505,53,721.17,229.33,24.95,53.36,1,1,0.69215
505,56,1299.3,414.84,28.12,60.81,1,1,0.76769
505,64,401.35,266.69,26.79,57.36,1,1,0.75533
505,65,610.71,224.49,25.83,50.1,1,1,0.69276
505,37,999.85,359.82,27.63,61.18,1,1,0.77813
505,45,1590.85,665.59,33.67,77.29,1,1,0.76676
505,71,1415.7,737.87,31.34,74.12,1,1,0.73765
505,73,1379.05,665.66,32.1,72.88,1,1,0.72281
505,42,1141.22,493.99,30.31,65.6,1,1,0.77949
505,48,763.01,265.86,28.25,53.42,1,1,0.68977
505,79,951.46,365.39,30.54,59.34,1,1,0.78368
505,69,840.12,346.34,29.49,56.35,1,1,0.77324
505,82,1058.05,374.34,33.78,58.92,1,1,0.73812
505,85,1451.45,565.47,37.7,66.68,1,1,0.77222
505,54,1219.8,700.75,34.42,77.94,1,1,0.80161
505,81,1014.45,520.84,29.0,56.67,1,1,0.75968
505,39,828.15,239.02,24.97,60.78,1,1,0.70144
505,74,1629.29,349.52,25.15,57.96,1,1,0.78607
505,87,717.58,314.18,28.52,63.02,1,1,0.74836
505,88,805.89,259.65,33.1,57.69,1,1,0.64785
506,49,1249.35,301.7,27.68,56.72,1,1,0.78453
506,52,593.18,257.23,27.89,62.07,1,1,0.75585
506,53,722.14,230.18,24.39,53.92,1,1,0.66748
506,56,1297.5,416.64,29.7,60.9,1,1,0.77757
506,64,405.22,267.97,27.68,56.95,1,1,0.76531
506,65,616.16,226.03,27.77,50.64,1,1,0.70753
506,37,996.24,361.7,27.25,62.51,1,1,0.76146
506,45,1587.65,666.32,34.84,77.41,1,1,0.76535
506,71,1413.47,738.37,32.46,75.62,1,1,0.73716
506,73,1377.96,665.39,32.86,72.83,1,1,0.66099
506,42,1139.92,495.98,30.2,66.65,1,1,0.78397
506,48,758.47,265.12,27.87,54.32,1,1,0.64829
506,79,946.85,365.64,31.62,60.48,1,1,0.76388
506,69,836.63,345.56,28.94,58.39,1,1,0.75875
506,82,1053.15,375.3,32.79,58.99,1,1,0.76536
506,85,1447.28,566.25,35.26,68.09,1,1,0.7703
506,54,1216.75,700.43,35.71,76.98,1,1,0.79714
506,81,1012.69,521.86,28.28,56.01,1,1,0.74747
506,39,825.64,240.84,26.11,62.56,1,1,0.66488
506,74,1626.34,352.03,25.15,57.06,1,1,0.7981
506,87,714.04,314.57,26.46,64.52,1,1,0.74624
507,49,1245.17,303.03,27.61,56.34,1,1,0.78871
507,52,597.02,257.42,28.27,62.7,1,1,0.75528
507,56,1296.03,418.5,29.74,60.69,1,1,0.77623
507,64,409.16,270.24,27.7,55.56,1,1,0.7706
507,65,621.74,227.61,29.5,50.23,1,1,0.72746
507,37,990.54,363.36,29.82,63.05,1,1,0.78589
507,45,1584.75,667.53,36.71,77.34,1,1,0.7505
507,71,1411.2,739.04,32.36,74.53,1,1,0.74984
507,73,1376.63,665.91,32.63,71.32,1,1,0.71408
507,42,1138.58,497.46,29.93,67.1,1,1,0.78823
507,79,942.71,366.92,32.07,58.55,1,1,0.76201
507,69,832.17,346.11,28.68,58.61,1,1,0.73833
507,82,1049.21,376.31,31.89,59.25,1,1,0.78702
507,85,1441.94,566.94,34.84,68.5,1,1,0.78615
507,54,1214.29,700.92,35.64,75.35,1,1,0.80374
507,81,1011.47,523.54,27.88,55.78,1,1,0.74924
507,39,822.66,243.51,27.8,61.71,1,1,0.72416
507,74,1623.08,354.74,24.77,55.41,1,1,0.80361
507,87,710.59,314.65,25.72,65.75,1,1,0.74267
507,88,795.1,261.27,36.38,58.99,1,1,0.69381
508,49,1241.35,304.44,27.21,55.75,1,1,0.78741
508,52,601.65,257.12,27.62,62.45,1,1,0.73662
508,56,1294.13,419.29,29.95,61.42,1,1,0.77944
508,64,413.73,271.39,27.08,53.89,1,1,0.7669
508,65,626.17,228.03,30.27,50.23,1,1,0.71365
508,37,985.89,364.21,31.7,63.21,1,1,0.78521
508,45,1582.81,668.06,35.93,75.79,1,1,0.76037
508,71,1408.87,739.77,31.68,72.64,1,1,0.76705
508,73,1375.72,665.86,31.9,68.55,1,1,0.6977
508,42,1137.28,497.17,29.8,68.24,1,1,0.79523
508,79,937.17,366.31,31.28,56.67,1,1,0.76095
508,69,827.49,345.04,28.98,59.18,1,1,0.73328
508,82,1045.12,376.05,30.97,60.52,1,1,0.79613
508,85,1435.79,566.17,36.65,69.6,1,1,0.80235
508,54,1211.88,700.88,35.06,73.67,1,1,0.80627
508,81,1009.84,523.81,27.15,56.93,1,1,0.76436
508,39,819.55,244.99,28.54,59.91,1,1,0.71519
508,74,1620.48,356.17,24.25,54.94,1,1,0.79281
508,87,707.0,313.58,25.65,65.57,1,1,0.73415
508,88,792.16,263.35,33.27,57.72,1,1,0.68319
508,48,751.09,265.59,27.38,54.99,1,1,0.66772
509,49,1238.02,305.12,26.55,53.2,1,1,0.78273
509,52,605.77,258.55,26.2,59.74,1,1,0.71952
509,56,1292.59,419.56,29.67,61.85,1,1,0.77292
509,64,417.61,272.53,27.18,52.92,1,1,0.76316
509,65,629.81,227.88,29.53,49.7,1,1,0.69869
509,37,981.35,365.02,31.14,61.72,1,1,0.7774
509,45,1581.43,668.92,34.17,74.25,1,1,0.77663
509,71,1406.55,740.4,31.3,71.97,1,1,0.7729
509,73,1374.06,665.69,31.63,67.36,1,1,0.71037
509,42,1136.13,496.59,29.54,68.99,1,1,0.78656
509,79,933.18,365.08,30.86,56.99,1,1,0.74952
509,69,823.66,346.5,27.83,56.08,1,1,0.72491
509,82,1041.06,374.84,30.36,61.79,1,1,0.78194
509,85,1429.52,565.42,38.4,69.34,1,1,0.81057
509,54,1209.47,700.85,34.34,73.38,1,1,0.81547
509,81,1007.27,523.19,26.46,56.89,1,1,0.74841
509,39,816.52,246.36,27.21,57.6,1,1,0.70397
509,74,1618.06,357.08,23.89,55.69,1,1,0.78072
509,87,703.02,312.75,26.31,64.51,1,1,0.72641
509,88,789.05,264.52,28.52,56.7,1,1,0.67363
510,49,1234.46,307.07,26.29,52.67,1,1,0.78696
510,52,609.48,259.29,25.62,59.52,1,1,0.72456
510,56,1291.6,419.4,29.06,62.1,1,1,0.77249
510,64,422.2,272.29,26.52,53.29,1,1,0.77377
510,65,635.22,227.97,28.44,51.0,1,1,0.72266
510,37,977.18,366.42,33.24,61.13,1,1,0.77517
510,45,1580.34,670.39,32.35,73.07,1,1,0.7923
510,71,1404.96,741.42,30.22,71.66,1,1,0.76212
510,73,1372.81,665.77,31.7,67.91,1,1,0.68175
510,42,1135.27,496.81,28.99,69.51,1,1,0.79169
510,79,929.72,365.42,29.9,57.26,1,1,0.75629
510,69,819.13,346.57,30.39,53.61,1,1,0.70035
510,82,1037.9,374.65,30.39,62.74,1,1,0.77571
510,85,1423.33,565.42,40.32,68.0,1,1,0.81426
510,54,1206.99,701.14,33.54,72.79,1,1,0.81053
510,81,1005.21,521.87,26.52,58.67,1,1,0.70106
510,39,813.09,248.78,25.33,56.47,1,1,0.71913
510,74,1615.9,358.11,23.04,56.37,1,1,0.73665
510,87,699.0,312.46,26.85,63.4,1,1,0.73657
510,88,787.49,267.01,23.88,55.72,1,1,0.6682
510,48,743.33,258.47,27.31,61.56,1,1,0.67319
511,49,1232.91,307.36,26.19,52.49,1,1,0.78694
511,52,610.29,259.2,25.39,59.4,1,1,0.72354
511,56,1290.91,418.94,28.81,62.17,1,1,0.77252
511,64,423.37,271.81,26.27,53.43,1,1,0.77384
511,65,636.64,227.61,27.99,51.45,1,1,0.72186
511,37,975.3,366.52,34.02,60.9,1,1,0.77502
511,45,1579.67,670.55,31.68,72.63,1,1,0.79249
511,71,1404.09,741.38,29.79,71.53,1,1,0.76205
511,73,1372.01,665.42,31.71,68.15,1,1,0.68292
511,42,1134.64,496.49,28.78,69.69,1,1,0.79177
511,79,928.25,365.16,29.54,57.37,1,1,0.7565
511,69,817.16,346.21,31.23,52.72,1,1,0.70115
511,82,1036.53,374.21,30.4,63.1,1,1,0.77548
511,85,1420.77,565.06,41.0,67.49,1,1,0.8145
511,54,1205.83,700.88,33.2,72.58,1,1,0.81063
511,81,1004.17,520.99,26.55,59.27,1,1,0.6994
511,39,811.66,249.26,24.6,56.04,1,1,0.719
511,74,1614.84,358.13,22.68,56.58,1,1,0.73405
511,87,697.29,311.99,27.01,62.96,1,1,0.73682
511,88,786.99,267.49,22.51,55.38,1,1,0.66781
511,48,741.76,256.63,27.28,62.94,1,1,0.67239
512,49,1230.3,308.75,27.34,52.79,1,1,0.78643
512,52,613.59,257.8,25.75,59.76,1,1,0.71366
512,56,1289.57,417.71,28.43,64.49,1,1,0.77573
512,64,426.26,271.97,25.78,53.41,1,1,0.77464
512,65,639.08,227.93,27.58,50.83,1,1,0.72999
512,37,971.67,367.5,33.15,59.92,1,1,0.76453
512,45,1577.57,670.93,30.78,71.97,1,1,0.80237
512,71,1402.74,742.44,29.59,71.32,1,1,0.76132
512,73,1370.79,665.62,31.46,68.96,1,1,0.74574
512,42,1133.94,496.66,28.55,69.46,1,1,0.79773
512,79,925.31,365.36,28.34,57.63,1,1,0.76318
512,69,814.47,345.6,31.84,52.11,1,1,0.66822
512,82,1033.41,373.39,31.34,63.15,1,1,0.77661
512,85,1416.85,564.5,41.44,65.23,1,1,0.8138
512,54,1203.66,700.93,32.15,73.04,1,1,0.81461
512,39,809.55,250.45,23.85,56.53,1,1,0.74059
512,74,1613.35,358.28,22.75,57.7,1,1,0.75179
512,87,693.95,311.37,27.6,61.92,1,1,0.76348
512,48,739.05,257.23,25.94,63.72,1,1,0.67743
512,84,1712.28,609.3,25.45,65.42,1,1,0.71057
513,49,1225.04,310.31,25.67,53.35,1,1,0.78685
513,52,618.94,258.09,26.66,58.37,1,1,0.67918
513,56,1286.96,416.27,28.11,66.92,1,1,0.77144
513,64,430.87,271.6,27.34,53.32,1,1,0.76895
513,65,646.86,228.42,26.19,50.58,1,1,0.72307
513,37,962.99,369.4,30.21,60.93,1,1,0.7631
513,45,1572.92,670.14,29.75,72.77,1,1,0.7984
513,71,1398.38,742.84,29.52,72.0,1,1,0.77368
513,73,1367.23,663.83,31.58,71.36,1,1,0.71553
513,42,1130.63,496.96,28.77,68.84,1,1,0.79037
513,79,917.5,364.63,28.46,59.29,1,1,0.77709
513,69,807.37,341.9,31.32,53.23,1,1,0.673
513,82,1025.22,372.25,32.71,60.55,1,1,0.77548
513,85,1408.65,563.18,38.27,63.63,1,1,0.78127
513,54,1199.07,699.2,30.74,75.27,1,1,0.80118
513,39,805.09,251.02,22.55,59.15,1,1,0.75121
513,74,1607.88,358.19,24.03,58.32,1,1,0.79558
513,87,687.42,311.26,27.55,62.01,1,1,0.77038
513,48,730.46,255.55,28.87,63.62,1,1,0.64865
513,88,773.2,271.17,27.3,52.48,1,1,0.65895
514,49,1220.18,309.45,25.13,54.76,1,1,0.79281
514,52,622.62,256.59,28.13,57.57,1,1,0.70391
514,56,1284.72,415.12,28.25,66.32,1,1,0.77559
514,64,435.08,271.06,28.2,53.11,1,1,0.77049
514,65,652.51,227.86,26.45,51.24,1,1,0.70424
514,37,957.3,370.59,29.47,60.75,1,1,0.7761
514,45,1569.31,668.88,29.87,73.68,1,1,0.82349
514,71,1395.25,742.31,29.68,72.84,1,1,0.77654
514,73,1365.13,661.67,31.78,73.21,1,1,0.71508
514,42,1127.97,495.66,28.66,69.14,1,1,0.78909
514,79,911.37,362.77,29.36,61.04,1,1,0.78938
514,69,800.49,343.25,28.18,54.87,1,1,0.69288
514,82,1019.58,370.96,34.4,58.71,1,1,0.78424
514,85,1401.72,561.76,36.57,64.02,1,1,0.78688
514,54,1194.94,696.0,30.57,76.81,1,1,0.80778
514,39,800.73,251.73,24.16,59.3,1,1,0.7555
514,74,1603.78,357.65,25.01,57.73,1,1,0.80434
514,87,682.86,310.19,27.21,62.92,1,1,0.76877
514,48,724.98,254.47,30.28,63.34,1,1,0.66719
515,49,1218.31,309.1,24.96,55.32,1,1,0.7927
515,52,623.63,256.07,28.69,57.29,1,1,0.70383
515,56,1283.69,414.72,28.31,66.04,1,1,0.77525
515,64,436.31,270.88,28.55,53.06,1,1,0.77019
515,65,654.15,227.67,26.56,51.48,1,1,0.70403
515,37,955.18,371.02,29.22,60.69,1,1,0.77579
515,45,1567.83,668.42,29.93,74.03,1,1,0.82331
515,71,1393.96,742.12,29.73,72.99,1,1,0.7807
515,73,1364.13,660.88,31.9,73.86,1,1,0.72133
515,42,1126.79,495.2,28.66,69.24,1,1,0.78827
515,79,909.0,362.08,29.71,61.7,1,1,0.78883
515,69,797.92,343.78,26.98,55.58,1,1,0.69209
515,82,1017.27,370.53,35.06,58.04,1,1,0.78389
515,85,1399.21,561.25,35.97,64.18,1,1,0.78591
515,54,1193.3,694.82,30.52,77.46,1,1,0.80624
515,39,798.99,252.01,24.71,59.34,1,1,0.75536
515,74,1602.07,357.44,25.4,57.51,1,1,0.80415
515,87,681.05,309.82,27.1,63.26,1,1,0.76829
515,48,722.69,254.14,30.87,63.2,1,1,0.66656
515,90,428.97,660.21,26.11,53.64,1,1,0.71691
516,49,1214.9,308.65,25.78,57.63,1,1,0.79644
516,52,625.63,254.96,28.11,57.24,1,1,0.6554
516,56,1281.95,414.45,28.1,63.65,1,1,0.76843
516,64,438.73,271.64,28.21,52.51,1,1,0.76016
516,65,656.11,227.91,28.09,52.81,1,1,0.67559
516,37,951.04,371.94,29.02,60.39,1,1,0.77301
516,45,1565.43,667.26,30.78,74.62,1,1,0.81709
516,71,1392.11,741.32,30.02,73.8,1,1,0.76195
516,73,1362.72,658.73,31.43,73.4,1,1,0.68773
516,42,1125.59,494.63,28.17,69.35,1,1,0.78295
516,79,905.19,361.34,31.41,61.82,1,1,0.78984
516,69,796.28,344.31,25.65,56.48,1,1,0.69768
516,82,1013.75,369.97,33.33,58.34,1,1,0.78068
516,85,1393.35,559.7,35.32,65.52,1,1,0.78408
516,54,1190.41,692.37,31.3,78.85,1,1,0.81682
516,39,795.21,253.26,24.99,58.08,1,1,0.7533
516,74,1598.94,357.18,26.19,58.09,1,1,0.81144
516,87,678.1,307.76,26.65,63.75,1,1,0.75738
516,90,430.13,660.37,25.65,54.26,1,1,0.67734
517,49,1211.63,308.45,26.54,59.3,1,1,0.79668
517,52,628.42,253.31,27.68,56.62,1,1,0.69159
517,56,1279.95,413.85,28.39,63.34,1,1,0.76413
517,64,441.66,271.65,28.26,52.99,1,1,0.75686
517,65,659.4,228.33,29.04,54.34,1,1,0.69249
517,37,946.61,372.02,31.09,61.43,1,1,0.75458
517,45,1562.56,665.82,31.72,74.28,1,1,0.80728
517,71,1390.0,739.96,30.63,74.7,1,1,0.75675
517,73,1361.37,656.89,31.31,73.45,1,1,0.73023
517,42,1124.46,494.34,27.81,69.93,1,1,0.78248
517,79,899.62,361.07,32.98,60.47,1,1,0.78007
517,69,793.39,342.88,25.83,57.56,1,1,0.71843
517,82,1010.8,369.94,31.88,58.87,1,1,0.78725
517,85,1388.38,557.68,34.92,68.15,1,1,0.77857
517,54,1187.76,690.56,32.13,79.52,1,1,0.80877
517,39,791.82,254.42,25.55,57.11,1,1,0.75224
517,74,1596.76,357.81,25.91,57.08,1,1,0.80256
517,87,674.66,306.25,27.28,65.58,1,1,0.75572
518,49,1207.57,309.24,27.94,58.97,1,1,0.80784
518,52,631.08,253.73,26.4,54.87,1,1,0.69458
518,56,1278.13,414.38,28.0,61.91,1,1,0.77245
518,64,445.65,272.9,27.76,52.68,1,1,0.75053
518,65,661.91,229.23,30.0,55.99,1,1,0.72152
518,37,941.03,372.87,32.11,61.42,1,1,0.79455
518,45,1559.67,665.04,32.67,72.87,1,1,0.79394
518,71,1387.19,739.9,31.74,74.42,1,1,0.75961
518,73,1359.76,655.39,31.99,73.31,1,1,0.68232
518,42,1123.14,495.41,27.17,69.74,1,1,0.78186
518,79,894.24,361.57,33.24,59.09,1,1,0.78973
518,69,786.46,341.04,28.02,58.11,1,1,0.70208
518,82,1006.57,369.32,31.47,60.76,1,1,0.80166
518,85,1381.52,556.1,35.57,67.03,1,1,0.77899
518,54,1185.37,689.0,32.35,79.4,1,1,0.80109
518,39,787.11,255.49,27.69,57.06,1,1,0.75932
518,74,1594.32,358.87,25.42,57.04,1,1,0.79264
518,87,670.69,305.21,28.31,65.78,1,1,0.76966
518,81,990.8,513.11,25.93,60.22,1,1,0.75432
518,48,715.34,253.9,30.05,64.68,1,1,0.6526
519,49,1202.65,309.49,29.78,58.64,1,1,0.80265
519,56,1276.21,414.49,27.41,61.82,1,1,0.7691
519,64,449.43,273.36,27.01,53.6,1,1,0.75661
519,65,664.52,230.71,31.25,55.36,1,1,0.74103
519,37,934.48,373.62,33.89,61.54,1,1,0.78663
519,45,1556.74,664.79,32.06,70.99,1,1,0.7941
519,71,1383.9,739.59,32.15,73.81,1,1,0.76435
519,73,1357.42,654.65,31.85,73.23,1,1,0.68362
519,42,1121.1,496.13,26.76,69.65,1,1,0.78487
519,79,889.25,361.81,33.77,59.53,1,1,0.77255
519,69,781.3,339.69,26.06,55.98,1,1,0.72217
519,82,1001.69,368.51,30.53,62.35,1,1,0.79642
519,85,1372.95,554.31,36.25,64.56,1,1,0.78914
519,54,1182.49,687.94,32.19,78.3,1,1,0.8035
519,39,782.96,256.89,28.84,56.52,1,1,0.75622
519,74,1590.42,359.49,24.81,58.09,1,1,0.79239
519,87,665.39,304.53,29.6,64.63,1,1,0.76363
519,81,988.05,513.73,25.85,59.26,1,1,0.75638
519,48,712.54,255.28,29.73,63.79,1,1,0.65467
519,88,756.73,271.73,23.51,53.19,1,1,0.64735
520,49,1198.09,310.52,30.39,57.01,1,1,0.79259
520,56,1273.82,414.81,27.23,61.56,1,1,0.76128
520,64,453.42,273.8,26.4,54.47,1,1,0.76148
520,65,667.73,232.3,31.68,54.94,1,1,0.77944
520,37,928.04,374.61,36.18,61.76,1,1,0.78334
520,45,1553.49,665.75,31.12,69.45,1,1,0.78295
520,71,1380.71,737.65,32.82,75.4,1,1,0.72159
520,73,1355.29,654.12,31.98,73.49,1,1,0.65465
520,42,1119.25,497.29,26.9,69.0,1,1,0.7825
520,79,884.8,361.48,33.02,60.7,1,1,0.76526
520,69,775.03,339.13,28.86,56.44,1,1,0.7064
520,82,996.48,367.45,30.26,63.74,1,1,0.78747
520,85,1365.89,552.99,36.77,63.43,1,1,0.78923
520,54,1180.05,687.32,31.8,76.67,1,1,0.80075
520,39,778.62,257.61,30.02,57.13,1,1,0.76293
520,74,1586.86,360.18,24.56,58.3,1,1,0.78581
520,87,660.15,304.65,31.3,63.21,1,1,0.76968
520,81,984.81,515.01,25.26,59.25,1,1,0.7575
520,48,708.84,258.8,30.28,60.44,1,1,0.70312
520,88,750.63,268.52,25.52,57.04,1,1,0.67437
520,38,711.18,224.84,32.97,41.99,1,1,0.73278
520,84,1683.12,608.39,27.52,65.31,1,1,0.76036
520,52,637.97,255.66,27.48,50.37,1,1,0.65437
521,49,1193.95,311.66,29.8,56.15,1,1,0.78527
521,56,1271.56,415.2,27.37,60.18,1,1,0.7648
521,64,457.93,274.22,26.23,55.49,1,1,0.76528
521,65,671.9,233.88,30.1,54.15,1,1,0.78503
521,37,922.31,376.39,37.29,61.32,1,1,0.77814
521,45,1550.51,666.55,31.03,69.56,1,1,0.77287
521,71,1377.75,736.38,33.42,76.53,1,1,0.73636
521,73,1353.38,653.97,32.1,73.93,1,1,0.73127
521,42,1116.67,499.13,26.92,67.92,1,1,0.78336
521,79,880.23,361.48,32.29,62.53,1,1,0.75846
521,69,771.27,340.58,31.56,56.18,1,1,0.70656
521,82,991.73,366.04,31.15,65.03,1,1,0.78347
521,85,1359.47,551.99,39.46,63.46,1,1,0.78888
521,54,1176.99,687.04,32.07,76.68,1,1,0.79478
521,39,775.49,259.58,29.47,57.25,1,1,0.7591
521,74,1583.52,360.86,24.51,57.91,1,1,0.79086
521,87,657.12,304.58,31.9,62.16,1,1,0.78123
521,81,981.67,513.45,25.06,61.73,1,1,0.75419
521,48,705.66,259.47,32.77,60.02,1,1,0.69409
521,88,745.71,267.3,26.22,60.13,1,1,0.68813
521,38,708.99,225.09,32.67,42.52,1,1,0.73212
521,84,1680.55,608.74,27.35,66.54,1,1,0.76818
521,52,641.53,256.24,28.1,49.58,1,1,0.71679
522,49,1190.64,312.89,27.85,56.58,1,1,0.78702
522,56,1270.21,414.75,26.39,60.03,1,1,0.77171
522,64,461.99,275.24,25.77,55.85,1,1,0.75682
522,65,676.4,235.24,29.66,52.78,1,1,0.75524
522,37,916.78,377.67,34.26,63.22,1,1,0.77811
522,45,1548.36,667.62,30.97,69.59,1,1,0.78605
522,71,1376.01,736.88,32.71,76.74,1,1,0.76598
522,73,1352.53,654.85,30.65,73.01,1,1,0.74818
522,42,1114.6,500.34,26.82,67.89,1,1,0.7871
522,79,876.1,361.71,30.86,63.67,1,1,0.76629
522,69,769.81,343.28,30.22,52.61,1,1,0.68784
522,82,988.76,365.46,30.47,64.57,1,1,0.78666
522,85,1354.18,551.47,40.77,63.83,1,1,0.79327
522,54,1174.94,687.16,31.03,76.68,1,1,0.79698
522,39,774.14,260.86,27.65,57.4,1,1,0.73665
522,74,1579.95,361.66,24.42,58.47,1,1,0.80273
522,87,655.92,304.58,30.25,61.65,1,1,0.77191
522,81,978.75,511.35,25.26,64.2,1,1,0.76869
522,48,702.91,262.4,33.62,57.28,1,1,0.65332
522,38,708.16,226.56,31.62,41.56,1,1,0.72444
522,84,1677.13,609.39,27.02,65.35,1,1,0.77665
522,52,645.55,255.4,26.37,48.98,1,1,0.74689
523,49,1187.39,314.68,25.92,55.81,1,1,0.79736
523,56,1269.28,414.88,25.27,60.69,1,1,0.7856
523,64,465.15,277.13,25.66,55.35,1,1,0.75906
523,65,679.92,236.48,28.62,50.92,1,1,0.75924
523,37,913.23,379.43,31.34,63.46,1,1,0.78038
523,45,1546.03,668.88,30.66,70.28,1,1,0.79032
523,71,1374.62,738.13,31.59,76.32,1,1,0.80468
523,73,1351.4,655.52,29.27,71.3,1,1,0.76504
523,42,1111.53,500.79,27.03,67.96,1,1,0.79084
523,79,872.68,361.79,28.85,63.51,1,1,0.76679
523,69,757.99,340.82,26.07,54.55,1,1,0.69961
523,82,985.86,365.39,29.95,64.01,1,1,0.79286
523,85,1349.0,551.64,37.08,63.45,1,1,0.79438
523,54,1172.37,687.39,29.66,77.18,1,1,0.79359
523,39,771.71,263.1,25.92,56.97,1,1,0.75542
523,74,1577.18,361.86,23.78,59.06,1,1,0.8015
523,87,655.42,305.11,27.74,60.22,1,1,0.76464
523,81,976.46,511.55,25.94,63.11,1,1,0.77678
523,38,707.76,227.53,30.07,40.86,1,1,0.73589
523,84,1673.04,609.58,26.77,65.27,1,1,0.79199
523,52,648.53,256.12,25.76,47.28,1,1,0.74331
523,88,736.72,274.29,24.05,54.49,1,1,0.65831
524,49,1183.93,316.3,24.11,55.51,1,1,0.80042
524,56,1266.77,414.53,25.1,60.46,1,1,0.79405
524,64,467.11,278.37,26.52,54.84,1,1,0.75608
524,65,682.4,236.48,27.5,48.32,1,1,0.7136
524,37,909.66,380.65,30.53,63.68,1,1,0.79897
524,45,1542.53,669.45,29.88,71.19,1,1,0.79483
524,71,1373.46,739.62,30.12,75.37,1,1,0.81621
524,73,1349.9,655.01,28.06,71.96,1,1,0.77902
524,42,1108.78,500.97,27.99,67.83,1,1,0.79388
524,79,869.38,361.73,27.95,62.81,1,1,0.77068
524,69,752.41,340.04,23.2,54.11,1,1,0.71343
524,82,982.49,365.2,30.07,62.32,1,1,0.80268
524,85,1344.65,550.88,33.78,64.83,1,1,0.78969
524,54,1169.5,686.92,29.03,78.45,1,1,0.79641
524,39,770.2,264.19,24.19,56.27,1,1,0.75694
524,74,1574.02,362.21,24.75,58.33,1,1,0.81417
524,81,972.89,510.6,26.66,61.78,1,1,0.76704
524,38,706.78,227.7,28.29,41.41,1,1,0.72736
524,84,1668.94,609.69,27.2,65.24,1,1,0.73678
524,52,651.79,255.58,24.14,46.97,1,1,0.71865
524,94,138.27,590.29,31.46,62.65,1,1,0.75999
524,88,733.19,274.63,22.18,54.3,1,1,0.69667
524,46,654.53,306.3,25.72,59.07,1,1,0.75075
525,49,1181.64,316.54,23.09,56.2,1,1,0.8044
525,56,1264.76,414.11,25.64,60.35,1,1,0.79026
525,64,469.89,277.43,27.48,55.85,1,1,0.75608
525,37,905.88,381.14,30.75,64.49,1,1,0.8024
525,45,1539.08,668.53,30.17,73.23,1,1,0.78801
525,71,1371.29,741.03,29.06,74.56,1,1,0.81556
525,73,1348.27,653.85,27.91,72.34,1,1,0.76265
525,42,1106.78,501.21,28.89,67.33,1,1,0.78233
525,79,865.24,361.18,29.2,60.7,1,1,0.76864
525,69,748.5,339.3,22.9,54.74,1,1,0.73382
525,82,979.01,364.86,30.52,60.33,1,1,0.7915
525,85,1340.26,549.45,31.57,66.72,1,1,0.78164
525,54,1166.73,685.54,29.43,80.89,1,1,0.78633
525,39,768.35,264.43,23.92,56.34,1,1,0.76233
525,74,1571.37,362.44,25.36,57.87,1,1,0.81689
525,81,970.31,509.18,27.02,60.27,1,1,0.71103
525,38,705.0,228.69,28.21,41.82,1,1,0.7051
525,52,654.27,254.01,23.1,47.01,1,1,0.71523
525,94,138.13,590.23,30.64,63.04,1,1,0.75596
525,88,730.56,275.77,22.11,54.38,1,1,0.6671
525,46,652.56,305.36,25.94,59.29,1,1,0.73069
526,49,1179.31,316.85,22.49,57.1,1,1,0.8065
526,56,1263.16,414.25,26.66,59.78,1,1,0.78881
526,64,473.39,278.19,28.02,55.33,1,1,0.7577
526,37,902.74,381.9,30.02,64.26,1,1,0.80226
526,45,1536.84,668.22,30.65,74.6,1,1,0.78643
526,71,1368.89,742.26,28.4,73.73,1,1,0.81248
526,73,1346.94,652.95,28.1,73.23,1,1,0.76389
526,42,1105.07,501.99,30.22,66.77,1,1,0.77765
526,79,861.35,360.99,28.82,57.79,1,1,0.73141
526,69,745.2,338.95,24.32,56.17,1,1,0.74863
526,82,975.69,365.7,30.67,59.18,1,1,0.78888
526,85,1336.01,548.13,30.47,69.01,1,1,0.77585
526,54,1164.22,684.39,29.74,82.08,1,1,0.78185
526,39,765.92,263.52,24.61,57.46,1,1,0.75374
526,74,1569.23,363.9,25.5,56.57,1,1,0.80971
526,81,968.32,508.59,27.82,59.35,1,1,0.70107
526,38,695.39,229.47,32.5,46.02,1,1,0.7192
526,52,656.85,252.7,24.04,47.92,1,1,0.73509
526,46,651.51,303.83,26.15,60.68,1,1,0.73297
526,48,692.67,262.99,32.37,56.15,1,1,0.67046
527,49,1175.32,317.07,23.18,57.37,1,1,0.80613
527,56,1261.41,414.3,27.07,58.73,1,1,0.78448
527,64,476.76,278.63,28.46,55.29,1,1,0.75759
527,37,897.49,381.56,30.39,64.42,1,1,0.80127
527,45,1534.13,667.14,30.85,74.98,1,1,0.77328
527,71,1365.63,742.1,28.62,74.02,1,1,0.7956
527,73,1344.95,651.49,28.52,72.88,1,1,0.71029
527,42,1103.12,502.71,30.34,66.16,1,1,0.7778
527,79,856.23,359.95,29.68,56.87,1,1,0.735
527,69,740.85,337.8,26.12,56.4,1,1,0.72731
527,82,971.23,366.2,30.89,59.25,1,1,0.80143
527,85,1330.95,545.83,30.57,70.85,1,1,0.77823
527,54,1160.63,682.73,30.77,81.75,1,1,0.77803
527,39,763.61,263.28,25.46,57.33,1,1,0.74023
527,74,1566.25,365.05,25.18,55.52,1,1,0.80485
527,38,693.63,229.48,33.26,44.87,1,1,0.74094
527,52,658.47,252.53,25.09,48.4,1,1,0.71238
527,46,648.64,303.78,27.61,59.56,1,1,0.71622
527,48,689.79,261.58,33.5,57.32,1,1,0.65759
528,49,1170.95,317.45,24.52,56.98,1,1,0.8138
528,56,1259.47,414.86,27.8,57.67,1,1,0.77989
528,64,482.4,279.51,27.2,54.0,1,1,0.75979
528,37,892.99,381.34,30.23,64.1,1,1,0.79981
528,45,1530.99,666.42,31.11,74.14,1,1,0.7866
528,71,1363.11,741.9,28.92,75.25,1,1,0.7961
528,42,1101.0,503.5,29.84,65.92,1,1,0.7768
528,79,853.28,359.92,29.1,55.8,1,1,0.73748
528,69,736.64,336.9,26.41,56.83,1,1,0.73253
528,82,966.43,366.13,30.32,59.5,1,1,0.78918
528,85,1326.5,543.93,31.5,71.14,1,1,0.7897
528,54,1157.86,681.17,31.47,79.91,1,1,0.78128
528,39,760.84,263.75,26.75,55.76,1,1,0.73266
528,74,1561.54,365.94,25.24,55.6,1,1,0.80646
528,38,694.72,229.41,31.03,42.07,1,1,0.73732
528,52,661.44,251.66,24.1,48.01,1,1,0.70798
528,46,646.77,302.21,27.38,56.41,1,1,0.72276
528,48,687.23,262.43,31.0,56.53,1,1,0.68551
528,88,715.47,275.85,33.64,53.61,1,1,0.6432
528,81,964.46,507.61,28.14,58.73,1,1,0.67383
529,49,1166.09,319.16,26.07,55.9,1,1,0.80876
529,56,1258.63,417.78,28.7,55.46,1,1,0.76063
529,64,492.46,282.32,24.69,51.46,1,1,0.75756
529,37,888.04,382.85,31.62,64.27,1,1,0.78425
529,45,1528.94,666.28,30.42,72.45,1,1,0.76204
529,71,1361.58,741.81,30.49,75.81,1,1,0.76141
529,42,1101.34,505.49,28.86,65.6,1,1,0.77136
529,79,850.83,357.73,25.6,58.21,1,1,0.73796
529,69,732.26,337.16,28.13,56.16,1,1,0.75243
529,82,962.28,366.79,28.66,60.63,1,1,0.78756
529,85,1320.22,542.96,34.53,69.62,1,1,0.79279
529,54,1154.72,680.32,32.75,76.11,1,1,0.78079
529,39,760.88,265.72,26.28,53.99,1,1,0.75556
529,74,1558.11,367.92,24.95,56.87,1,1,0.79788
529,38,697.86,229.17,27.73,42.61,1,1,0.72265
529,52,666.75,252.64,22.83,46.61,1,1,0.71964
529,46,646.4,300.17,26.54,58.19,1,1,0.75486
529,48,689.56,262.53,28.66,57.02,1,1,0.69855
529,73,1340.83,648.11,30.02,71.7,1,1,0.68859
530,49,1162.8,319.02,26.72,55.42,1,1,0.80839
530,56,1256.85,418.12,29.06,54.65,1,1,0.75819
530,64,494.54,282.57,23.8,50.55,1,1,0.75757
530,37,884.91,382.58,32.13,64.31,1,1,0.78315
530,45,1526.82,665.3,30.19,72.22,1,1,0.76172
530,71,1359.56,740.94,31.22,76.05,1,1,0.75798
530,42,1100.14,505.44,28.42,65.42,1,1,0.77002
530,79,848.74,356.2,24.28,59.23,1,1,0.73852
530,69,729.22,336.5,28.94,55.96,1,1,0.75229
530,82,959.5,366.36,28.02,60.96,1,1,0.78744
530,85,1316.42,541.73,35.6,68.95,1,1,0.79254
530,54,1152.08,679.14,33.25,74.83,1,1,0.77929
530,39,759.46,265.63,26.12,53.42,1,1,0.75557
530,74,1555.57,367.88,24.76,57.24,1,1,0.79531
530,38,697.82,228.36,26.59,42.78,1,1,0.72323
530,52,667.11,252.28,22.42,46.11,1,1,0.72031
530,46,644.93,298.7,26.26,58.88,1,1,0.75498
530,48,689.1,261.78,27.91,57.27,1,1,0.69871
530,73,1339.06,646.98,30.48,71.46,1,1,0.68433
530,88,710.18,274.36,37.21,55.65,1,1,0.64179
531,49,1159.98,319.45,26.62,54.65,1,1,0.79776
531,56,1256.13,418.75,29.17,54.05,1,1,0.73733
531,64,498.43,282.27,23.49,50.98,1,1,0.7489
531,37,881.93,383.46,32.75,63.23,1,1,0.78083
531,45,1524.65,665.21,29.65,71.09,1,1,0.7671
531,71,1357.3,740.3,32.13,75.48,1,1,0.76678
531,42,1099.03,505.67,28.09,65.53,1,1,0.77822
531,79,847.07,354.65,22.57,60.59,1,1,0.75465
531,69,724.24,335.87,26.66,53.62,1,1,0.7537
531,82,956.74,365.44,28.28,61.62,1,1,0.79336
531,85,1312.31,540.39,36.81,66.26,1,1,0.79468
531,54,1150.14,678.41,33.28,73.72,1,1,0.78927
531,39,758.77,264.75,24.93,53.84,1,1,0.764
531,74,1553.54,367.53,24.8,57.89,1,1,0.79203
531,38,697.54,227.63,26.34,40.77,1,1,0.69556
531,52,668.95,251.9,21.56,47.48,1,1,0.70174
531,46,643.12,297.59,26.84,59.14,1,1,0.76242
531,48,689.57,259.15,26.55,59.48,1,1,0.67244
531,73,1337.29,646.6,30.84,70.45,1,1,0.71169
531,88,709.08,276.2,35.22,53.57,1,1,0.68415
531,84,1645.57,612.29,26.21,64.09,1,1,0.78006
532,49,1156.32,321.37,26.48,54.79,1,1,0.79034
532,56,1255.37,417.09,28.52,55.91,1,1,0.72779
532,64,506.13,281.51,23.65,52.21,1,1,0.73684
532,37,877.48,386.07,30.45,63.17,1,1,0.77831
532,45,1521.69,666.62,28.73,72.86,1,1,0.77074
532,71,1354.83,740.63,32.43,74.72,1,1,0.7715
532,42,1097.5,505.25,27.56,67.34,1,1,0.79371
532,79,839.26,351.83,23.96,61.38,1,1,0.7647
532,69,718.15,336.05,26.53,51.63,1,1,0.76062
532,82,951.74,362.38,28.4,63.24,1,1,0.77703
532,85,1303.98,539.32,37.1,64.61,1,1,0.78854
532,54,1147.85,677.9,32.79,72.11,1,1,0.80713
532,39,758.29,264.35,23.73,55.55,1,1,0.76897
532,74,1551.19,367.0,24.84,58.29,1,1,0.80245
532,38,701.86,229.07,27.22,42.38,1,1,0.6861
532,46,640.91,295.42,27.46,59.01,1,1,0.73937
532,73,1336.24,646.0,30.51,70.22,1,1,0.75614
532,88,708.75,275.81,31.56,54.05,1,1,0.6815
533,49,1154.01,321.67,26.43,54.83,1,1,0.7901
533,56,1254.11,416.14,28.21,56.56,1,1,0.72808
533,64,507.74,280.83,23.79,52.71,1,1,0.73604
533,37,874.97,386.62,29.55,63.17,1,1,0.77823
533,45,1519.57,666.76,28.49,73.57,1,1,0.77219
533,71,1352.91,740.36,32.51,74.42,1,1,0.76905
533,42,1095.98,504.68,27.36,68.0,1,1,0.7927
533,79,835.75,350.38,24.33,61.69,1,1,0.76392
533,69,715.04,335.75,26.47,50.9,1,1,0.76013
533,82,948.99,360.87,28.42,63.82,1,1,0.77587
533,85,1299.86,538.57,37.11,64.01,1,1,0.78984
533,54,1145.95,677.36,32.63,71.56,1,1,0.80653
533,39,757.18,263.79,23.26,56.2,1,1,0.76857
533,74,1549.4,366.4,24.85,58.41,1,1,0.80267
533,38,702.47,229.2,27.55,42.96,1,1,0.68575
533,46,639.12,294.23,27.65,58.91,1,1,0.73866
533,73,1334.85,645.43,30.35,70.1,1,1,0.75573
533,88,707.74,275.32,30.17,54.16,1,1,0.68021
534,49,1150.73,323.18,26.14,54.96,1,1,0.79299
534,56,1253.39,412.49,27.38,59.79,1,1,0.7148
534,64,511.07,281.43,24.59,52.77,1,1,0.70736
534,37,872.06,388.75,27.5,63.19,1,1,0.78294
534,45,1516.99,667.68,28.63,73.45,1,1,0.77672
534,71,1351.52,740.95,32.4,74.16,1,1,0.77561
534,42,1093.97,504.7,28.1,69.26,1,1,0.79009
534,79,832.84,349.49,24.26,61.03,1,1,0.75328
534,69,712.12,336.65,26.89,51.08,1,1,0.76049
534,82,946.41,360.39,28.21,63.06,1,1,0.76983
534,85,1296.28,538.74,35.48,63.61,1,1,0.79212
534,54,1143.68,677.66,32.71,71.65,1,1,0.81036
534,39,756.58,264.78,23.02,55.76,1,1,0.76554
534,74,1546.97,366.14,25.37,58.17,1,1,0.82002
534,38,704.04,230.4,26.01,42.5,1,1,0.66774
534,46,637.7,294.04,27.54,57.98,1,1,0.73572
534,73,1333.27,645.25,30.63,70.97,1,1,0.76529
535,49,1146.75,324.16,24.74,55.48,1,1,0.79685
535,56,1252.2,410.1,26.08,62.28,1,1,0.7646
535,64,514.77,282.9,26.09,51.56,1,1,0.75025
535,37,868.9,390.59,26.09,63.44,1,1,0.79114
535,45,1514.7,668.0,28.72,74.02,1,1,0.76695
535,71,1349.76,742.55,31.97,73.35,1,1,0.77671
535,42,1092.33,504.57,27.4,69.84,1,1,0.78936
535,79,828.92,348.98,24.7,58.59,1,1,0.74148
535,69,708.8,337.21,26.4,51.78,1,1,0.75331
535,82,943.03,360.54,29.35,61.44,1,1,0.76899
535,85,1292.6,537.89,34.08,64.83,1,1,0.79201
535,54,1141.58,677.45,32.34,72.66,1,1,0.80883
535,39,755.94,266.02,23.28,55.9,1,1,0.74299
535,74,1544.3,366.03,25.84,58.54,1,1,0.82695
535,38,704.76,231.58,25.29,44.21,1,1,0.64371
535,46,637.43,293.63,27.1,57.22,1,1,0.7477
535,73,1331.46,644.63,31.09,72.45,1,1,0.76044
536,49,1140.66,324.93,25.64,56.2,1,1,0.80236
536,56,1249.15,410.99,25.72,61.68,1,1,0.77648
536,64,520.68,284.86,26.7,50.99,1,1,0.74916
536,37,863.19,392.18,24.99,63.39,1,1,0.7888
536,45,1509.85,667.22,29.39,73.96,1,1,0.7686
536,71,1346.74,743.25,31.09,74.28,1,1,0.78258
536,42,1090.18,504.99,27.21,69.58,1,1,0.79411
536,79,821.95,348.39,23.35,55.36,1,1,0.73717
536,69,702.75,338.01,27.43,52.36,1,1,0.76736
536,82,938.19,361.67,28.21,59.87,1,1,0.763
536,85,1286.34,536.02,31.42,68.37,1,1,0.79545
536,54,1138.09,675.76,31.93,76.28,1,1,0.80398
536,39,752.72,266.86,24.56,56.19,1,1,0.74912
536,74,1540.18,367.13,26.64,57.92,1,1,0.82818
536,38,707.76,233.21,23.17,49.15,1,1,0.66393
536,46,636.94,294.06,25.98,55.43,1,1,0.75046
536,73,1329.78,642.74,30.64,74.77,1,1,0.73805
536,81,944.93,499.94,29.13,56.55,1,1,0.7011
536,84,1624.44,611.24,29.33,61.36,1,1,0.76167
537,49,1137.96,324.64,25.94,56.45,1,1,0.80288
537,56,1247.48,410.78,25.56,61.4,1,1,0.77689
537,64,522.27,284.99,26.88,50.8,1,1,0.74828
537,37,860.78,392.2,24.64,63.33,1,1,0.78909
537,45,1507.5,666.35,29.63,74.08,1,1,0.76942
537,71,1345.08,742.95,30.72,74.64,1,1,0.78136
537,42,1088.82,504.58,27.14,69.49,1,1,0.7938
537,79,818.94,347.68,22.86,54.15,1,1,0.73752
537,69,699.98,337.77,27.8,52.61,1,1,0.7677
537,82,935.91,361.58,27.7,59.3,1,1,0.76339
537,85,1283.65,534.77,30.44,69.67,1,1,0.79579
537,54,1136.24,674.58,31.77,77.59,1,1,0.80388
537,39,750.97,266.6,25.01,56.3,1,1,0.74939
537,74,1538.08,366.96,26.95,57.68,1,1,0.82766
537,38,708.33,233.23,22.4,51.01,1,1,0.66395
537,46,636.27,293.72,25.5,54.72,1,1,0.74933
537,73,1328.64,641.46,30.4,75.68,1,1,0.73473
537,81,943.59,499.35,29.21,56.44,1,1,0.69988
537,84,1622.63,610.81,29.55,61.12,1,1,0.75735
538,49,1134.5,325.95,24.36,55.88,1,1,0.79521
538,56,1244.1,412.63,25.17,59.62,1,1,0.79255
538,64,526.75,286.13,25.85,50.25,1,1,0.74898
538,37,853.63,392.33,26.17,64.47,1,1,0.787
538,45,1502.3,665.23,29.73,70.85,1,1,0.75388
538,71,1341.61,741.7,30.73,76.8,1,1,0.78247
538,42,1086.35,505.64,27.17,68.84,1,1,0.78967
538,79,813.93,348.96,24.18,53.91,1,1,0.74768
538,69,694.05,337.27,27.81,53.2,1,1,0.75068
538,82,930.58,361.63,26.75,60.78,1,1,0.76823
538,85,1277.15,532.52,30.84,71.8,1,1,0.8018
538,54,1131.55,671.27,32.39,79.04,1,1,0.79975
538,39,748.3,268.0,26.95,55.49,1,1,0.74361
538,74,1533.6,368.41,25.92,55.7,1,1,0.80812
538,38,707.57,233.66,23.62,51.36,1,1,0.68497
538,46,635.21,293.49,23.87,53.85,1,1,0.74063
538,73,1325.43,638.61,30.73,75.28,1,1,0.73793
538,84,1617.11,611.76,28.04,60.59,1,1,0.76849
538,94,148.41,590.87,28.76,64.61,1,1,0.75829
539,49,1133.03,325.9,23.77,55.83,1,1,0.79243
539,56,1242.77,413.01,24.89,58.84,1,1,0.79129
539,64,528.39,286.81,25.25,49.56,1,1,0.75477
539,37,850.92,391.92,26.77,64.93,1,1,0.78641
539,45,1500.22,664.24,29.6,70.27,1,1,0.75461
539,71,1340.13,740.86,30.77,77.65,1,1,0.78243
539,42,1085.35,505.62,27.25,68.66,1,1,0.78891
539,79,811.99,349.06,24.64,54.02,1,1,0.74977
539,69,691.73,336.68,27.81,53.59,1,1,0.75064
539,82,928.5,361.35,26.52,61.2,1,1,0.76763
539,85,1274.74,531.12,30.92,72.65,1,1,0.80172
539,54,1129.78,669.67,32.59,79.37,1,1,0.79909
539,39,747.11,268.31,27.7,55.12,1,1,0.73945
539,74,1531.76,368.35,25.45,55.26,1,1,0.80762
539,38,707.11,233.29,24.04,51.31,1,1,0.68439
539,46,634.73,293.04,23.33,53.65,1,1,0.74472
539,73,1324.01,637.06,30.9,75.13,1,1,0.73433
539,84,1615.16,611.8,27.47,60.18,1,1,0.76528
539,94,148.41,590.52,28.55,64.9,1,1,0.74749
540,49,1130.3,326.04,25.4,56.04,1,1,0.78705
540,56,1241.38,413.81,24.87,58.01,1,1,0.79309
540,64,531.4,287.51,24.09,49.53,1,1,0.75385
540,37,845.58,393.02,29.24,63.38,1,1,0.78952
540,45,1497.55,664.21,29.69,68.61,1,1,0.75688
540,71,1338.02,740.4,30.74,77.89,1,1,0.7865
540,42,1084.02,506.55,27.09,67.88,1,1,0.78559
540,79,809.44,349.17,23.4,55.06,1,1,0.75688
540,69,688.27,336.68,27.98,54.04,1,1,0.74708
540,82,926.03,360.71,26.59,62.4,1,1,0.77695
540,85,1270.33,529.7,31.09,71.91,1,1,0.79961
540,54,1127.18,667.79,32.46,78.52,1,1,0.79855
540,39,744.45,268.99,29.91,55.06,1,1,0.75095
540,74,1528.72,368.45,25.05,54.69,1,1,0.8067
540,38,707.35,233.2,24.12,52.8,1,1,0.682
540,46,634.11,291.83,23.52,53.76,1,1,0.75718
540,73,1322.41,635.62,31.48,74.68,1,1,0.72473
540,84,1612.01,611.29,25.87,60.15,1,1,0.75135
540,94,148.6,590.05,28.51,64.8,1,1,0.75064
