1,0,673.25,716.25,126.99,226.13,1,1,0.90044
1,1,1238.84,699.05,130.37,225.62,1,1,0.88879
1,2,552.75,699.1,131.48,137.22,1,1,0.87468
1,3,945.56,679.28,119.09,152.96,1,1,0.86556
1,4,343.76,665.39,110.57,165.41,1,1,0.85792
1,5,1378.55,669.52,123.48,146.75,1,1,0.85511
1,6,1122.48,653.01,111.09,162.36,1,1,0.85179
1,7,771.23,694.86,123.01,196.6,1,1,0.85069
1,8,714.92,482.88,77.1,220.9,1,1,0.84987
1,9,411.97,710.26,122.23,171.08,1,1,0.84655
1,10,1552.78,643.37,93.52,214.33,1,1,0.84543
1,11,750.72,508.52,93.18,239.63,1,1,0.83864
1,12,1163.03,701.71,106.41,160.33,1,1,0.82448
1,13,1893.33,525.72,25.67,237.82,1,1,0.68214
2,0,672.06,718.23,126.51,225.5,1,1,0.89877
2,1,1236.55,700.82,131.1,225.3,1,1,0.88922
2,2,551.38,700.61,130.12,136.38,1,1,0.87378
2,3,943.53,681.08,118.65,152.73,1,1,0.86649
2,4,343.04,666.53,109.18,165.8,1,1,0.85738
2,5,1377.58,670.95,123.34,147.01,1,1,0.85447
2,6,1121.17,654.55,111.77,162.32,1,1,0.85371
2,7,770.28,695.9,122.74,196.58,1,1,0.84657
2,8,713.62,484.39,77.63,220.89,1,1,0.85179
2,9,410.45,707.78,122.35,175.56,1,1,0.84277
2,10,1551.35,644.43,92.87,214.64,1,1,0.84773
2,11,750.48,510.53,93.12,234.85,1,1,0.83681
2,12,1161.37,702.6,107.54,160.88,1,1,0.82857
2,13,1875.99,539.85,42.8,233.17,1,1,0.83786
3,0,670.06,718.39,126.32,225.61,1,1,0.89798
3,1,1234.31,701.3,131.41,225.31,1,1,0.88986
3,2,549.12,700.94,130.04,136.8,1,1,0.87123
3,3,941.52,681.54,117.81,152.15,1,1,0.86701
3,4,340.73,667.26,108.93,165.69,1,1,0.85799
3,5,1375.75,671.06,122.1,147.62,1,1,0.8531
3,6,1119.16,655.23,110.67,161.88,1,1,0.84824
3,7,768.36,696.7,122.42,195.07,1,1,0.84365
3,8,712.04,483.97,78.01,221.43,1,1,0.8458
3,9,408.58,706.72,122.46,177.13,1,1,0.84515
3,10,1549.26,644.04,93.22,215.27,1,1,0.83887
3,11,748.77,510.88,92.03,235.42,1,1,0.83008
3,12,1159.53,704.12,107.14,160.38,1,1,0.82768
3,13,1869.97,544.88,48.31,231.1,1,1,0.88202
4,0,667.74,722.27,125.8,225.59,1,1,0.89419
4,1,1232.45,704.85,131.63,225.41,1,1,0.89109
4,2,546.5,704.74,129.11,136.97,1,1,0.87497
4,3,939.27,685.99,116.98,151.52,1,1,0.85974
4,4,338.59,671.5,108.48,164.7,1,1,0.85373
4,5,1373.93,675.01,121.5,147.9,1,1,0.85071
4,6,1116.34,659.03,112.75,161.54,1,1,0.85029
4,7,766.45,700.93,121.84,188.71,1,1,0.83726
4,8,709.39,487.92,79.01,221.62,1,1,0.84221
4,9,405.9,710.84,123.13,176.84,1,1,0.85038
4,10,1546.18,647.34,93.55,215.77,1,1,0.83682
4,11,747.44,513.95,91.04,228.44,1,1,0.81589
4,12,1156.88,708.55,108.45,160.5,1,1,0.82968
4,13,1860.19,548.1,57.9,234.47,1,1,0.87615
5,0,667.21,724.71,125.92,225.07,1,1,0.89496
5,1,1231.94,706.94,131.96,225.31,1,1,0.89255
5,2,545.86,706.52,128.69,137.62,1,1,0.8717
5,3,937.95,688.63,116.92,151.54,1,1,0.86123
5,4,337.66,674.0,108.54,164.01,1,1,0.86064
5,5,1372.86,676.95,122.24,146.99,1,1,0.8546
5,6,1115.36,661.1,113.22,161.31,1,1,0.85701
5,7,765.72,704.19,121.93,186.82,1,1,0.84173
5,8,709.49,489.95,78.76,221.73,1,1,0.84237
5,9,405.37,714.62,123.01,175.04,1,1,0.8547
5,10,1545.56,650.16,90.94,214.87,1,1,0.84176
5,11,747.64,516.28,89.79,225.52,1,1,0.81373
5,12,1156.29,712.35,108.38,158.35,1,1,0.82928
5,13,1849.05,550.47,69.6,235.15,1,1,0.89317
6,0,666.51,724.0,125.92,225.27,1,1,0.8943
6,1,1231.42,706.44,131.65,225.62,1,1,0.89162
6,2,545.37,706.21,128.45,137.51,1,1,0.87258
6,3,937.54,687.83,117.15,151.86,1,1,0.86252
6,4,337.44,673.57,108.38,163.53,1,1,0.86025
6,5,1372.25,676.51,123.35,145.26,1,1,0.85381
6,6,1114.94,660.24,112.76,161.49,1,1,0.85485
6,7,765.36,703.63,121.73,184.78,1,1,0.84447
6,8,709.38,490.05,78.09,221.3,1,1,0.84442
6,9,404.89,713.29,123.07,175.67,1,1,0.85179
6,10,1543.8,649.75,90.64,214.8,1,1,0.83325
6,11,747.58,515.7,89.67,222.32,1,1,0.82263
6,12,1155.8,711.9,108.47,157.83,1,1,0.82937
6,13,1835.2,548.61,83.81,235.62,1,1,0.89629
7,0,665.87,726.2,126.41,224.85,1,1,0.89355
7,1,1231.56,707.92,130.89,225.87,1,1,0.89211
7,2,544.91,707.77,128.66,137.12,1,1,0.8746
7,3,936.96,690.0,117.23,151.62,1,1,0.86489
7,4,337.08,675.38,108.78,164.06,1,1,0.86056
7,5,1372.03,677.67,123.43,144.14,1,1,0.8523
7,6,1114.2,661.76,113.79,161.75,1,1,0.85614
7,7,764.92,705.72,121.88,183.28,1,1,0.84785
7,8,708.31,491.51,79.13,221.2,1,1,0.84283
7,9,404.19,714.95,123.59,175.69,1,1,0.85154
7,10,1540.46,649.58,92.4,216.65,1,1,0.81037
7,11,747.28,517.52,89.81,223.33,1,1,0.81732
7,12,1155.56,714.13,108.32,156.63,1,1,0.82846
7,13,1817.28,548.36,101.94,236.93,1,1,0.89685
8,0,666.58,724.9,126.73,224.89,1,1,0.89418
8,1,1231.12,706.77,131.87,226.47,1,1,0.89065
8,2,545.43,706.31,128.86,137.44,1,1,0.87263
8,3,937.52,689.1,117.62,151.54,1,1,0.86512
8,4,337.54,674.3,108.84,163.77,1,1,0.85948
8,5,1372.78,675.86,123.42,144.28,1,1,0.85749
8,6,1114.95,660.84,114.01,161.62,1,1,0.85887
8,7,765.21,704.36,122.07,185.08,1,1,0.84187
8,8,708.81,489.49,79.73,222.11,1,1,0.84085
8,9,404.89,714.76,123.46,174.55,1,1,0.85239
8,10,1539.55,647.79,93.28,216.85,1,1,0.80533
8,11,747.74,516.23,90.23,221.86,1,1,0.81872
8,12,1156.1,713.32,108.67,156.36,1,1,0.83115
8,13,1792.85,543.79,126.85,238.7,1,1,0.88958
9,0,668.4,723.64,126.28,225.19,1,1,0.89413
9,1,1231.54,705.7,133.04,227.35,1,1,0.89155
9,2,547.35,705.01,128.7,137.42,1,1,0.87098
9,3,939.08,687.72,118.29,151.15,1,1,0.8629
9,4,339.22,672.68,109.2,164.61,1,1,0.85684
9,5,1375.05,673.99,122.8,144.62,1,1,0.85626
9,6,1116.38,660.12,115.57,161.89,1,1,0.85652
9,7,766.52,702.72,122.4,188.19,1,1,0.84107
9,8,710.16,488.69,79.53,221.79,1,1,0.84215
9,9,406.41,712.95,123.45,175.49,1,1,0.85065
9,10,1537.86,644.36,96.52,219.02,1,1,0.78857
9,11,748.45,514.98,90.44,224.41,1,1,0.81897
9,12,1157.13,713.62,109.95,155.72,1,1,0.83121
9,13,1769.88,540.29,150.33,242.69,1,1,0.89735
10,0,669.53,723.87,125.9,224.86,1,1,0.89612
10,1,1232.36,705.61,132.95,227.42,1,1,0.89312
10,2,548.83,704.83,128.2,137.68,1,1,0.86891
10,3,940.24,687.73,118.27,150.65,1,1,0.86204
10,4,340.1,672.29,108.99,165.1,1,1,0.85136
10,5,1376.16,673.95,122.83,145.15,1,1,0.85707
10,6,1117.47,660.33,115.8,161.67,1,1,0.8541
10,7,767.05,702.27,122.42,189.16,1,1,0.84098
10,8,710.2,488.3,81.02,222.03,1,1,0.83709
10,9,407.19,712.1,123.35,176.34,1,1,0.84655
10,10,1538.23,645.09,97.26,217.92,1,1,0.79053
10,11,749.15,514.33,90.36,226.51,1,1,0.81642
10,12,1158.18,713.45,109.78,156.01,1,1,0.82975
10,13,1752.56,538.74,167.42,246.52,1,1,0.89308
10,14,1438.8,791.43,118.89,254.63,1,1,0.74516
11,0,670.15,724.23,125.87,225.1,1,1,0.89518
11,1,1232.31,706.2,133.12,227.53,1,1,0.89068
11,2,549.26,705.52,128.75,138.14,1,1,0.86751
11,3,940.23,688.37,118.17,150.64,1,1,0.86082
11,4,340.83,672.84,108.67,164.89,1,1,0.85099
11,5,1376.46,674.14,122.66,144.72,1,1,0.85348
11,6,1118.01,660.94,116.97,161.87,1,1,0.85096
11,7,767.21,702.59,122.4,188.44,1,1,0.84412
11,8,709.87,488.93,81.66,221.93,1,1,0.8382
11,9,407.64,713.53,122.98,175.62,1,1,0.84777
11,10,1540.07,645.97,95.72,217.67,1,1,0.79231
11,11,749.1,515.11,90.78,226.21,1,1,0.81779
11,12,1158.33,712.93,109.31,157.67,1,1,0.82757
11,13,1744.31,540.68,170.13,246.23,1,1,0.87272
11,14,1438.17,792.61,86.86,254.35,1,1,0.69682
12,0,670.73,723.59,126.17,224.61,1,1,0.89719
12,1,1232.64,705.52,133.6,227.17,1,1,0.89094
12,2,550.17,704.93,128.87,138.09,1,1,0.86997
12,3,941.37,687.01,117.8,150.65,1,1,0.86148
12,4,341.7,671.76,108.24,164.76,1,1,0.85161
12,5,1377.08,673.25,122.6,143.7,1,1,0.8575
12,6,1119.1,659.98,115.64,161.49,1,1,0.8507
12,7,768.12,701.3,122.02,187.8,1,1,0.84171
12,8,710.68,488.7,81.39,221.07,1,1,0.84165
12,9,408.83,713.92,122.36,174.08,1,1,0.85105
12,10,1544.59,648.06,92.18,215.29,1,1,0.82496
12,11,749.63,514.08,90.9,225.72,1,1,0.81977
12,12,1159.04,711.92,108.75,157.95,1,1,0.82754
12,13,1741.6,540.24,161.94,246.15,1,1,0.87184
12,14,1435.86,793.72,74.58,252.41,1,1,0.81689
13,0,670.05,724.85,126.46,224.5,1,1,0.89687
13,1,1232.4,706.39,133.64,227.24,1,1,0.8941
13,2,549.42,705.7,129.09,138.37,1,1,0.86867
13,3,940.89,687.97,117.73,151.23,1,1,0.8613
13,4,341.21,672.52,108.41,164.86,1,1,0.85312
13,5,1376.25,674.9,122.33,143.61,1,1,0.85836
13,6,1118.71,660.81,115.4,161.69,1,1,0.85371
13,7,767.44,701.91,122.24,189.29,1,1,0.84208
13,8,710.66,489.31,81.16,221.38,1,1,0.84177
13,9,408.24,715.66,122.63,173.39,1,1,0.85311
13,10,1547.02,651.24,89.47,213.48,1,1,0.8459
13,11,749.25,514.77,90.34,224.11,1,1,0.81722
13,12,1158.32,713.41,108.39,157.61,1,1,0.82971
13,13,1737.03,540.95,148.92,246.6,1,1,0.86568
13,14,1431.3,792.65,73.36,255.8,1,1,0.84445
14,0,669.52,726.7,126.33,224.91,1,1,0.89721
14,1,1232.99,708.85,132.71,226.59,1,1,0.89385
14,2,548.53,707.49,129.31,138.42,1,1,0.86826
14,3,940.21,690.74,117.52,150.97,1,1,0.85938
14,4,340.74,675.03,108.91,164.58,1,1,0.8542
14,5,1375.5,678.27,123.0,143.17,1,1,0.86044
14,6,1117.69,663.6,116.06,161.13,1,1,0.84978
14,7,766.99,704.7,122.4,190.6,1,1,0.84732
14,8,710.49,491.26,81.03,221.7,1,1,0.83643
14,9,407.11,714.82,123.47,176.41,1,1,0.85015
14,10,1546.24,655.58,90.33,211.74,1,1,0.84598
14,11,748.51,516.98,90.44,227.12,1,1,0.81331
14,12,1157.19,715.19,108.28,157.76,1,1,0.83213
14,13,1729.07,541.58,136.02,247.88,1,1,0.86037
14,14,1427.63,793.03,76.89,257.05,1,1,0.83792
15,0,669.88,725.96,126.19,224.51,1,1,0.89754
15,1,1233.53,707.91,132.6,226.52,1,1,0.89464
15,2,548.58,706.49,129.73,138.47,1,1,0.86873
15,3,940.42,689.53,117.45,151.22,1,1,0.86041
15,4,341.13,673.81,108.29,164.56,1,1,0.85477
15,5,1375.56,677.68,123.6,141.92,1,1,0.86125
15,6,1117.74,662.69,115.94,160.88,1,1,0.8496
15,7,767.57,703.79,122.16,189.54,1,1,0.84786
15,8,710.76,490.93,80.61,221.02,1,1,0.84086
15,9,407.7,713.69,123.11,176.34,1,1,0.85042
15,10,1547.11,655.87,89.26,210.98,1,1,0.85042
15,11,748.86,516.42,90.83,226.28,1,1,0.81851
15,12,1157.27,714.45,107.83,157.28,1,1,0.82995
15,13,1718.29,537.97,123.15,249.49,1,1,0.84746
15,14,1424.59,789.25,82.82,259.87,1,1,0.82371
16,0,670.35,725.95,125.83,224.35,1,1,0.89784
16,1,1234.1,707.79,132.6,226.61,1,1,0.89447
16,2,548.95,706.02,129.61,138.82,1,1,0.86829
16,3,940.63,689.56,117.33,150.92,1,1,0.86074
16,4,341.66,673.59,108.05,164.29,1,1,0.85587
16,5,1376.11,677.73,124.29,141.03,1,1,0.86282
16,6,1118.39,662.47,115.4,160.84,1,1,0.8504
16,7,768.16,703.77,121.69,189.07,1,1,0.84664
16,8,711.38,490.56,80.11,221.37,1,1,0.83951
16,9,408.4,714.68,122.34,174.97,1,1,0.85136
16,10,1547.5,656.16,88.45,211.04,1,1,0.84935
16,11,749.04,516.43,91.6,227.15,1,1,0.81797
16,12,1157.46,715.06,107.42,156.5,1,1,0.83073
16,13,1705.41,534.83,111.59,251.48,1,1,0.85293
16,14,1421.38,790.4,87.86,258.19,1,1,0.8462
17,0,671.0,725.17,125.96,224.32,1,1,0.89958
17,1,1235.24,707.0,132.24,226.64,1,1,0.89228
17,2,549.54,705.32,130.27,138.85,1,1,0.8692
17,3,941.83,688.61,117.76,151.47,1,1,0.86234
17,4,342.41,672.61,108.36,164.51,1,1,0.8539
17,5,1377.13,677.18,125.03,139.21,1,1,0.86531
17,6,1119.58,661.15,114.31,161.1,1,1,0.84825
17,7,769.38,702.37,121.19,186.79,1,1,0.8485
17,8,711.63,490.6,80.58,220.96,1,1,0.84735
17,9,408.98,714.56,122.47,174.24,1,1,0.85323
17,10,1548.21,655.99,88.26,209.73,1,1,0.85249
17,11,749.84,516.47,93.56,225.05,1,1,0.82531
17,12,1158.21,713.46,107.53,157.02,1,1,0.83121
17,13,1692.91,530.97,103.92,255.05,1,1,0.86254
17,14,1418.56,791.34,92.07,255.84,1,1,0.85091
18,0,671.7,725.4,126.13,223.95,1,1,0.90024
18,1,1236.65,706.74,131.98,226.9,1,1,0.88989
18,2,551.15,705.41,129.78,138.27,1,1,0.86532
18,3,943.03,687.58,117.54,153.11,1,1,0.86097
18,4,343.37,672.74,108.16,164.32,1,1,0.84719
18,5,1378.49,676.72,124.74,138.3,1,1,0.86807
18,6,1120.57,660.81,111.59,161.31,1,1,0.84637
18,7,770.14,701.68,121.59,186.82,1,1,0.84592
18,8,711.66,489.63,81.67,221.85,1,1,0.84449
18,9,409.48,713.01,122.75,175.65,1,1,0.84445
18,10,1548.28,655.29,88.18,210.08,1,1,0.84298
18,11,750.49,516.48,95.77,221.65,1,1,0.82549
18,12,1158.91,711.79,107.37,158.36,1,1,0.82812
18,13,1680.8,528.33,103.64,255.5,1,1,0.8466
18,14,1415.17,793.85,96.35,252.78,1,1,0.86974
19,0,671.66,726.31,126.7,224.56,1,1,0.89961
19,1,1237.1,707.82,131.88,227.01,1,1,0.88927
19,2,551.14,706.4,129.52,137.98,1,1,0.8649
19,3,942.89,688.99,117.93,153.23,1,1,0.86132
19,4,343.31,674.11,108.52,164.24,1,1,0.85198
19,5,1378.6,678.04,125.25,138.14,1,1,0.8692
19,6,1120.42,661.59,111.62,161.95,1,1,0.84501
19,7,770.21,702.73,121.67,188.15,1,1,0.8471
19,8,712.52,490.41,80.95,222.17,1,1,0.84379
19,9,409.28,714.06,123.04,175.92,1,1,0.84962
19,10,1547.82,655.9,87.76,210.36,1,1,0.84141
19,11,750.48,517.41,97.89,223.43,1,1,0.82315
19,12,1158.6,711.33,107.38,160.15,1,1,0.83173
19,13,1667.03,527.04,108.81,256.76,1,1,0.86343
19,14,1411.93,797.1,100.56,250.59,1,1,0.86988
20,0,670.46,729.68,126.21,225.85,1,1,0.89562
20,1,1235.7,712.27,131.78,226.27,1,1,0.88913
20,2,549.82,710.38,129.34,139.02,1,1,0.86755
20,3,940.99,693.34,117.85,153.47,1,1,0.86683
20,4,341.37,678.48,110.33,165.77,1,1,0.85339
20,5,1377.49,683.26,125.33,138.93,1,1,0.87181
20,6,1119.09,666.56,110.68,162.49,1,1,0.83096
20,7,769.37,707.62,120.58,186.08,1,1,0.84974
20,8,711.07,494.44,80.79,222.91,1,1,0.83889
20,9,407.64,718.36,122.85,176.0,1,1,0.84297
20,10,1545.97,659.78,88.76,212.57,1,1,0.83751
20,11,748.28,522.41,96.86,230.27,1,1,0.82448
20,12,1156.02,713.99,108.48,161.91,1,1,0.83125
20,13,1650.83,530.84,110.51,258.25,1,1,0.87674
20,14,1407.37,802.17,104.68,251.11,1,1,0.87625
21,0,672.38,732.16,126.5,225.55,1,1,0.89854
21,1,1237.94,715.15,131.51,225.27,1,1,0.88913
21,2,552.16,712.87,129.08,138.47,1,1,0.86288
21,3,943.18,695.45,117.6,154.06,1,1,0.86794
21,4,343.16,681.07,111.17,165.59,1,1,0.8462
21,5,1379.3,686.17,125.37,140.01,1,1,0.87515
21,6,1120.97,669.13,105.81,162.66,1,1,0.82927
21,7,771.83,710.15,120.11,186.64,1,1,0.84668
21,8,713.01,496.88,82.12,223.56,1,1,0.84281
21,9,408.71,717.94,123.66,178.65,1,1,0.8342
21,10,1548.38,662.28,87.63,212.31,1,1,0.84489
21,11,751.39,524.62,96.86,228.24,1,1,0.81377
21,12,1157.54,713.91,108.69,164.64,1,1,0.83315
21,13,1640.1,534.99,112.11,257.29,1,1,0.87315
21,14,1406.23,804.3,107.9,251.14,1,1,0.87735
22,0,673.61,727.29,126.39,224.95,1,1,0.9002
22,1,1239.44,710.58,131.59,225.11,1,1,0.89008
22,2,553.76,707.56,128.89,138.19,1,1,0.8625
22,3,944.66,690.94,118.24,152.36,1,1,0.86676
22,4,344.47,675.57,109.76,164.26,1,1,0.8496
22,5,1379.6,681.96,126.0,138.42,1,1,0.8764
22,6,1121.97,664.48,108.28,162.43,1,1,0.83439
22,7,772.3,705.24,120.72,186.15,1,1,0.85336
22,8,714.27,493.15,81.79,222.18,1,1,0.84348
22,9,409.53,711.89,124.15,178.84,1,1,0.84417
22,10,1550.16,657.73,87.55,212.49,1,1,0.84492
22,11,753.53,519.49,93.78,230.1,1,1,0.81231
22,12,1158.92,714.61,108.33,159.0,1,1,0.82901
22,13,1626.63,533.9,116.62,254.78,1,1,0.87909
22,14,1404.64,799.29,110.79,251.56,1,1,0.88222
23,0,673.55,726.98,126.23,225.04,1,1,0.90085
23,1,1239.39,710.48,131.86,225.35,1,1,0.89088
23,2,553.94,707.02,129.21,138.38,1,1,0.86348
23,3,944.69,690.81,118.46,151.92,1,1,0.8669
23,4,344.84,674.61,108.98,164.28,1,1,0.84588
23,5,1378.87,682.55,126.5,137.65,1,1,0.87695
23,6,1121.88,664.04,110.89,163.03,1,1,0.84073
23,7,772.22,704.83,121.04,185.77,1,1,0.85645
23,8,714.72,493.61,81.89,221.23,1,1,0.84691
23,9,409.62,711.52,124.31,178.48,1,1,0.8423
23,10,1550.75,659.32,87.55,211.65,1,1,0.84765
23,11,754.45,519.62,93.12,229.1,1,1,0.81253
23,12,1159.1,715.38,108.21,158.48,1,1,0.83142
23,13,1614.91,537.45,118.97,251.67,1,1,0.8715
23,14,1403.19,799.77,109.38,251.42,1,1,0.8822
24,0,672.12,728.87,126.08,224.75,1,1,0.89968
24,1,1237.9,712.06,132.01,225.65,1,1,0.88949
24,2,551.99,708.85,129.55,137.95,1,1,0.85999
24,3,942.81,693.18,118.75,151.57,1,1,0.86777
24,4,343.38,676.54,110.1,164.49,1,1,0.85184
24,5,1377.85,684.26,126.48,138.71,1,1,0.87767
24,6,1120.69,666.19,108.27,162.79,1,1,0.83107
24,7,771.36,706.37,120.82,185.16,1,1,0.85483
24,8,712.72,495.19,82.82,221.76,1,1,0.84475
24,9,408.89,713.8,123.91,177.94,1,1,0.84296
24,10,1548.8,662.35,88.01,210.51,1,1,0.8496
24,11,752.21,521.47,94.65,229.31,1,1,0.81596
24,12,1157.78,713.93,108.58,161.5,1,1,0.83489
24,13,1602.6,543.61,119.06,246.96,1,1,0.86228
24,14,1400.45,801.63,105.89,251.88,1,1,0.88258
25,0,672.0,722.22,126.85,225.44,1,1,0.89744
25,1,1237.66,705.79,133.5,226.9,1,1,0.89003
25,2,552.9,703.03,129.17,137.0,1,1,0.86839
25,3,944.2,686.62,118.02,151.37,1,1,0.86799
25,4,343.87,670.74,108.73,163.76,1,1,0.8481
25,5,1378.3,677.39,126.8,138.83,1,1,0.87173
25,6,1121.42,659.98,110.1,162.09,1,1,0.84588
25,7,771.16,698.93,121.81,186.95,1,1,0.84394
25,8,713.22,489.88,82.54,221.13,1,1,0.84323
25,9,408.97,707.89,124.01,177.84,1,1,0.83765
25,10,1549.79,656.58,89.1,210.39,1,1,0.85031
25,11,751.83,515.34,93.99,227.63,1,1,0.81864
25,12,1158.52,703.39,108.3,166.2,1,1,0.83252
25,13,1595.44,538.72,115.83,246.32,1,1,0.85227
25,14,1398.03,794.66,105.32,253.32,1,1,0.88198
26,0,672.0,715.3,127.43,226.73,1,1,0.90097
26,1,1237.8,699.81,133.47,227.48,1,1,0.89117
26,2,553.33,697.38,129.91,137.16,1,1,0.87021
26,3,944.46,680.27,118.52,151.38,1,1,0.86724
26,4,344.4,664.74,110.2,163.5,1,1,0.84727
26,5,1378.64,671.29,127.43,140.56,1,1,0.87176
26,6,1121.97,653.84,109.47,162.64,1,1,0.84434
26,7,770.73,693.73,122.81,191.08,1,1,0.85103
26,8,711.83,482.94,83.26,221.33,1,1,0.84042
26,9,409.78,703.53,123.1,176.35,1,1,0.83372
26,10,1550.92,649.95,88.19,211.28,1,1,0.85403
26,11,751.1,509.26,95.43,232.93,1,1,0.82921
26,12,1159.06,697.39,107.62,165.54,1,1,0.83266
26,13,1586.54,535.36,116.82,244.67,1,1,0.8606
26,14,1396.83,788.36,104.52,254.44,1,1,0.8853
27,0,673.17,715.28,127.73,226.92,1,1,0.90075
27,1,1239.51,700.34,132.64,227.56,1,1,0.89046
27,2,554.31,697.87,130.12,136.95,1,1,0.87146
27,3,945.31,679.71,119.25,151.77,1,1,0.86488
27,4,345.57,665.41,108.75,163.07,1,1,0.84306
27,5,1380.1,670.88,127.27,141.62,1,1,0.86933
27,6,1123.3,653.83,110.46,163.32,1,1,0.84344
27,7,771.6,694.42,123.39,192.92,1,1,0.85185
27,8,713.61,481.88,82.25,222.28,1,1,0.84204
27,9,410.41,700.6,123.68,179.37,1,1,0.83631
27,10,1551.96,647.04,87.81,214.95,1,1,0.84207
27,11,752.11,508.95,95.97,234.37,1,1,0.82754
27,12,1160.18,698.89,107.78,163.99,1,1,0.831
27,13,1579.46,535.87,118.26,244.83,1,1,0.86077
27,14,1396.74,788.8,104.75,254.93,1,1,0.88137
28,0,674.41,712.72,127.92,227.61,1,1,0.90077
28,1,1241.54,698.4,132.0,227.74,1,1,0.8915
28,2,556.26,694.97,130.46,138.15,1,1,0.86555
28,3,947.43,677.88,118.99,151.61,1,1,0.86843
28,4,347.36,663.31,109.09,162.7,1,1,0.8391
28,5,1381.45,669.67,127.21,141.2,1,1,0.8685
28,6,1124.9,651.85,112.89,162.99,1,1,0.84675
28,7,772.99,693.08,123.48,188.91,1,1,0.85985
28,8,715.81,480.7,81.3,221.54,1,1,0.83824
28,9,412.23,702.91,123.69,175.06,1,1,0.8392
28,10,1553.54,640.6,88.09,220.47,1,1,0.82077
28,11,752.53,507.15,96.93,234.16,1,1,0.82392
28,12,1162.12,700.48,107.84,160.62,1,1,0.83444
28,13,1573.22,532.82,114.88,246.34,1,1,0.84519
28,14,1397.51,787.32,104.95,254.88,1,1,0.88207
29,0,675.92,707.33,127.77,228.47,1,1,0.89852
29,1,1242.95,693.44,131.38,227.97,1,1,0.89352
29,2,557.29,689.16,131.69,138.88,1,1,0.86458
29,3,948.69,672.62,118.27,152.52,1,1,0.87012
29,4,348.95,658.22,109.11,162.94,1,1,0.83229
29,5,1382.69,665.11,127.05,140.46,1,1,0.86665
29,6,1126.61,646.44,113.61,163.45,1,1,0.84318
29,7,775.45,688.89,122.81,185.97,1,1,0.85308
29,8,717.63,476.03,81.48,221.79,1,1,0.84249
29,9,412.65,697.71,124.51,175.38,1,1,0.8334
29,10,1555.64,637.29,88.49,219.62,1,1,0.82983
29,11,754.66,502.46,95.95,229.87,1,1,0.82219
29,12,1163.56,695.25,108.25,161.62,1,1,0.83404
29,13,1566.01,526.87,114.17,247.23,1,1,0.84624
29,14,1398.1,783.41,105.25,254.9,1,1,0.88049
30,0,676.48,704.17,126.97,227.0,1,1,0.8996
30,1,1243.53,687.74,131.33,229.03,1,1,0.89102
30,2,558.25,683.18,131.68,139.36,1,1,0.86951
30,3,949.95,668.02,117.69,152.62,1,1,0.8697
30,4,349.89,653.78,107.13,163.26,1,1,0.84182
30,5,1383.46,660.57,126.49,139.65,1,1,0.87205
30,6,1127.51,642.05,111.29,163.71,1,1,0.83741
30,7,776.42,684.78,122.32,185.24,1,1,0.84972
30,8,719.0,471.81,81.36,221.63,1,1,0.84154
30,9,412.99,692.17,124.94,176.38,1,1,0.83814
30,10,1556.11,633.46,89.9,219.99,1,1,0.83217
30,11,756.89,496.14,94.78,227.05,1,1,0.7995
30,12,1164.21,689.19,108.61,163.7,1,1,0.83485
30,13,1558.65,521.41,100.86,244.86,1,1,0.81825
30,14,1398.54,779.44,104.74,255.4,1,1,0.88212
31,0,678.46,702.63,126.04,226.53,1,1,0.89972
31,1,1245.33,683.6,131.14,231.11,1,1,0.88978
31,2,558.87,678.44,133.48,140.66,1,1,0.87009
31,3,951.66,665.52,117.84,152.99,1,1,0.86658
31,4,351.73,650.49,105.67,164.29,1,1,0.84918
31,5,1384.76,658.9,125.75,138.77,1,1,0.86791
31,6,1128.69,639.74,112.95,164.11,1,1,0.83557
31,7,777.64,682.03,122.2,185.29,1,1,0.84641
31,8,720.74,469.96,79.76,220.83,1,1,0.83848
31,9,414.43,692.35,124.99,173.76,1,1,0.84532
31,10,1556.84,629.07,90.48,222.51,1,1,0.8526
31,11,759.03,494.79,93.55,224.12,1,1,0.80108
31,12,1165.08,687.11,108.81,164.08,1,1,0.83032
31,14,1398.97,778.13,104.46,254.96,1,1,0.88362
31,15,771.34,671.44,101.92,83.89,1,1,0.72579
32,0,679.69,701.23,125.52,226.8,1,1,0.89716
32,1,1246.29,679.61,130.95,233.45,1,1,0.8886
32,2,559.24,672.06,134.49,144.81,1,1,0.86849
32,3,953.99,663.66,116.96,153.22,1,1,0.86255
32,4,353.34,647.26,103.44,165.85,1,1,0.84868
32,5,1385.97,657.31,126.03,139.54,1,1,0.86171
32,6,1129.99,637.82,112.97,164.49,1,1,0.82866
32,7,778.27,680.41,122.15,184.62,1,1,0.84225
32,8,722.64,469.33,78.45,219.9,1,1,0.83461
32,9,415.6,691.64,125.88,173.51,1,1,0.84718
32,10,1558.27,631.2,90.37,219.17,1,1,0.85057
32,11,761.11,493.97,94.38,218.88,1,1,0.79936
32,12,1166.75,685.41,107.49,164.21,1,1,0.81918
32,14,1399.66,777.78,104.04,254.54,1,1,0.8829
32,15,775.61,667.5,103.69,87.45,1,1,0.75794
33,0,679.88,701.26,125.17,226.7,1,1,0.89744
33,1,1246.24,677.53,131.13,235.19,1,1,0.88908
33,2,559.43,667.43,136.96,145.84,1,1,0.87464
33,3,955.71,662.17,115.61,154.88,1,1,0.86207
33,4,354.32,644.98,102.08,167.65,1,1,0.84946
33,5,1386.5,656.45,126.21,140.46,1,1,0.8582
33,6,1130.84,636.27,111.64,165.46,1,1,0.81985
33,7,777.41,680.44,122.73,183.23,1,1,0.84117
33,8,724.22,469.71,76.71,218.85,1,1,0.83419
33,9,415.96,690.13,126.23,175.01,1,1,0.85094
33,10,1556.4,627.76,92.47,222.43,1,1,0.84568
33,11,762.49,493.73,96.43,214.31,1,1,0.80228
33,12,1167.07,681.82,106.89,168.1,1,1,0.81875
33,14,1399.74,778.5,103.12,254.49,1,1,0.88603
33,15,776.93,661.19,105.77,95.03,1,1,0.76157
34,0,680.81,701.17,124.66,225.84,1,1,0.89943
34,1,1246.88,675.54,131.49,236.13,1,1,0.88923
34,2,559.18,661.8,142.83,150.23,1,1,0.87706
34,3,958.8,658.84,114.34,154.98,1,1,0.86734
34,4,355.73,642.1,101.71,169.4,1,1,0.84267
34,5,1387.63,655.45,125.88,141.35,1,1,0.85752
34,6,1132.04,633.97,114.07,166.79,1,1,0.82519
34,7,777.35,681.04,122.91,178.8,1,1,0.85306
34,8,725.77,470.55,75.44,217.08,1,1,0.84196
34,9,416.66,682.94,125.97,181.99,1,1,0.85011
34,10,1555.61,621.71,93.68,227.25,1,1,0.84724
34,11,764.64,494.47,97.45,207.91,1,1,0.80105
34,12,1166.92,675.25,106.41,173.9,1,1,0.82494
34,14,1399.87,778.87,102.69,253.89,1,1,0.89202
34,15,780.74,652.14,104.04,102.67,1,1,0.78022
35,0,680.14,701.23,124.54,224.2,1,1,0.9016
35,1,1245.71,673.1,131.88,236.73,1,1,0.89104
35,2,558.35,654.58,149.47,154.81,1,1,0.88457
35,3,960.89,654.35,112.48,152.06,1,1,0.8823
35,4,356.44,638.19,99.08,170.65,1,1,0.82954
35,5,1387.02,652.46,124.96,140.62,1,1,0.85548
35,6,1132.34,630.11,119.84,168.26,1,1,0.83333
35,7,775.74,676.07,124.04,181.95,1,1,0.84954
35,8,725.82,469.79,74.98,216.12,1,1,0.85122
35,9,416.52,672.35,124.81,191.5,1,1,0.85067
35,10,1555.84,622.78,93.35,224.03,1,1,0.82491
35,11,766.24,494.0,97.62,203.61,1,1,0.81917
35,12,1161.38,666.72,109.44,181.45,1,1,0.82845
35,14,1398.79,778.98,101.3,253.56,1,1,0.89775
35,15,788.18,642.16,98.11,111.83,1,1,0.74194
36,0,679.26,702.29,124.37,224.17,1,1,0.90256
36,1,1244.77,674.33,132.73,235.94,1,1,0.89155
36,2,558.11,649.54,155.15,159.31,1,1,0.8864
36,3,962.53,651.71,110.47,152.23,1,1,0.88752
36,4,356.78,637.22,100.85,171.76,1,1,0.82723
36,5,1386.79,649.86,125.47,143.2,1,1,0.84561
36,6,1133.29,627.71,124.09,170.71,1,1,0.84379
36,7,774.48,674.24,125.2,182.89,1,1,0.8513
36,8,725.73,470.64,75.92,216.47,1,1,0.84929
36,9,416.22,667.09,124.07,197.62,1,1,0.85822
36,10,1515.54,625.12,133.11,221.66,1,1,0.79229
36,11,766.74,495.38,94.87,202.14,1,1,0.81278
36,12,1159.19,662.75,109.39,186.63,1,1,0.83007
36,14,1397.28,781.22,100.82,253.47,1,1,0.89725
36,15,805.4,639.63,81.41,114.79,1,1,0.68066
37,0,678.96,703.22,123.96,223.77,1,1,0.89684
37,1,1244.18,675.29,134.05,235.36,1,1,0.89247
37,2,558.25,644.32,158.68,163.9,1,1,0.88153
37,3,964.26,648.58,109.11,154.25,1,1,0.8885
37,4,356.8,636.0,100.04,172.04,1,1,0.83506
37,5,1386.06,647.7,125.52,144.56,1,1,0.83038
37,6,1134.5,624.06,125.26,172.93,1,1,0.79812
37,7,772.71,670.5,127.02,185.88,1,1,0.8517
37,8,725.13,470.18,76.77,217.15,1,1,0.84247
37,9,416.12,662.54,123.49,202.17,1,1,0.86763
37,10,1500.17,623.82,146.25,224.08,1,1,0.75738
37,11,767.87,496.17,94.06,202.88,1,1,0.80302
37,12,1157.56,657.46,109.95,191.92,1,1,0.82798
37,14,1395.48,782.36,100.55,253.53,1,1,0.89385
38,0,678.15,705.2,123.56,223.73,1,1,0.90079
38,1,1243.59,677.89,135.56,234.33,1,1,0.91018
38,2,558.34,641.34,164.8,168.11,1,1,0.88957
38,3,966.45,646.12,110.12,157.89,1,1,0.89586
38,4,354.37,635.7,102.02,173.62,1,1,0.83719
38,5,1385.04,647.93,124.91,147.08,1,1,0.84629
38,6,1140.89,622.5,120.94,174.2,1,1,0.6744
38,7,770.71,666.65,128.43,190.5,1,1,0.85656
38,8,723.92,471.33,77.67,216.94,1,1,0.85168
38,9,414.29,661.21,125.12,204.66,1,1,0.86602
38,10,1530.32,629.97,107.77,215.21,1,1,0.77168
38,11,767.59,497.68,95.74,203.72,1,1,0.80713
38,12,1156.93,653.87,111.37,196.86,1,1,0.83563
38,14,1393.29,784.37,100.2,253.61,1,1,0.90088
39,0,677.2,707.63,123.4,221.98,1,1,0.89721
39,1,1243.27,679.39,138.71,233.36,1,1,0.90121
39,2,557.98,636.47,169.13,174.64,1,1,0.88738
39,3,969.14,641.69,114.62,159.42,1,1,0.8975
39,4,353.16,633.88,104.63,175.9,1,1,0.83459
39,5,1382.65,644.32,128.29,152.8,1,1,0.83911
39,6,1136.08,620.0,131.07,179.05,1,1,0.72071
39,7,769.38,662.27,129.39,194.93,1,1,0.85239
39,8,721.77,471.72,80.71,218.31,1,1,0.84951
39,9,414.02,654.54,129.43,210.78,1,1,0.87815
39,10,1545.45,632.65,83.44,208.25,1,1,0.77652
39,11,766.74,497.4,97.63,203.76,1,1,0.79247
39,12,1154.7,649.68,114.8,201.54,1,1,0.82809
39,14,1390.85,785.92,100.27,253.19,1,1,0.89725
40,0,675.22,706.85,123.43,221.94,1,1,0.89533
40,1,1240.85,679.37,142.02,232.64,1,1,0.89417
40,2,558.53,632.55,170.73,177.21,1,1,0.8884
40,3,967.39,635.29,123.84,162.28,1,1,0.89895
40,4,350.7,628.38,119.77,178.85,1,1,0.73979
40,5,1376.73,637.9,131.57,160.91,1,1,0.84915
40,6,1167.27,614.31,108.11,135.04,1,1,0.67419
40,7,765.28,657.25,130.2,197.91,1,1,0.83939
40,8,716.93,470.9,83.67,217.06,1,1,0.85632
40,9,411.41,648.96,135.66,214.17,1,1,0.86293
40,10,1514.85,630.55,104.95,203.53,1,1,0.72598
40,11,763.12,496.32,97.66,204.34,1,1,0.81936
40,12,1153.1,645.2,115.54,203.49,1,1,0.82495
40,14,1386.77,786.4,101.15,252.92,1,1,0.88833
40,15,808.17,638.25,93.33,164.88,1,1,0.69934
41,0,672.39,706.24,123.68,223.11,1,1,0.89726
41,1,1237.33,680.13,146.1,232.76,1,1,0.90127
41,2,562.12,630.85,170.08,177.54,1,1,0.88999
41,3,966.91,630.41,129.24,169.6,1,1,0.908
41,4,347.62,625.05,127.79,182.41,1,1,0.77308
41,5,1374.3,632.83,131.87,168.61,1,1,0.86694
41,6,1198.5,610.52,83.86,129.36,1,1,0.75513
41,7,761.21,651.72,129.54,203.21,1,1,0.82554
41,8,713.58,474.02,85.26,211.38,1,1,0.85392
41,9,410.89,644.36,138.59,218.1,1,1,0.87597
41,10,1495.8,628.01,113.42,202.89,1,1,0.80742
41,11,758.08,497.08,96.34,204.88,1,1,0.8273
41,12,1148.12,637.56,117.71,210.16,1,1,0.82885
41,14,1381.56,788.67,102.76,251.77,1,1,0.89582
42,0,669.49,708.09,124.31,223.25,1,1,0.90459
42,1,1234.86,681.13,148.4,234.84,1,1,0.90346
42,2,570.69,631.17,163.22,174.92,1,1,0.88528
42,3,967.24,627.43,131.47,176.07,1,1,0.912
42,4,345.33,623.48,135.25,185.6,1,1,0.83329
42,5,1372.27,630.07,132.34,177.66,1,1,0.8772
42,6,1213.54,608.68,76.05,145.22,1,1,0.75828
42,7,757.46,650.84,128.92,206.57,1,1,0.81774
42,8,710.12,479.67,86.83,207.04,1,1,0.83868
42,9,409.82,643.74,141.1,219.8,1,1,0.89191
42,10,1475.88,627.98,125.81,205.34,1,1,0.8453
42,11,753.78,500.16,99.07,200.83,1,1,0.81916
42,12,1131.46,632.51,132.9,216.35,1,1,0.86073
42,14,1376.67,792.64,102.5,250.07,1,1,0.90274
42,16,1357.54,553.28,97.18,223.1,1,1,0.85297
43,0,668.37,713.21,124.8,222.68,1,1,0.90582
43,1,1234.27,682.05,148.99,238.57,1,1,0.8982
43,2,586.52,634.26,149.74,175.66,1,1,0.88083
43,3,968.06,627.51,135.56,181.8,1,1,0.90298
43,4,348.09,624.79,151.39,187.2,1,1,0.67191
43,5,1373.14,629.96,132.15,185.9,1,1,0.87777
43,6,1221.69,607.9,80.84,159.62,1,1,0.77711
43,7,759.09,653.8,127.09,202.65,1,1,0.84243
43,8,710.71,489.49,84.97,201.59,1,1,0.82152
43,9,408.41,644.83,144.64,220.62,1,1,0.88293
43,10,1467.05,629.67,131.48,209.17,1,1,0.84953
43,11,752.24,503.44,101.18,199.9,1,1,0.73266
43,12,1121.12,631.5,143.12,221.34,1,1,0.87249
43,14,1372.84,798.55,102.94,249.26,1,1,0.89909
43,16,1339.76,560.02,107.38,214.67,1,1,0.87208
44,0,668.21,717.45,124.88,222.55,1,1,0.90273
44,1,1235.19,682.39,149.66,241.54,1,1,0.89638
44,2,605.77,639.05,133.93,180.17,1,1,0.86776
44,3,973.83,628.84,138.1,186.44,1,1,0.87676
44,5,1378.11,642.87,126.57,177.33,1,1,0.82452
44,6,1223.46,608.74,87.68,177.39,1,1,0.82131
44,7,760.5,654.79,135.62,206.42,1,1,0.84897
44,8,711.92,500.75,81.92,192.3,1,1,0.81268
44,9,404.16,644.02,153.93,222.94,1,1,0.87011
44,10,1463.0,636.52,132.25,207.02,1,1,0.8372
44,11,753.62,508.46,97.5,196.59,1,1,0.78697
44,12,1121.31,631.14,142.43,225.74,1,1,0.87012
44,14,1368.94,804.16,104.48,248.66,1,1,0.89574
44,16,1318.49,566.83,118.32,212.31,1,1,0.85944
45,0,667.05,720.25,125.75,222.7,1,1,0.90495
45,1,1235.82,681.65,152.46,244.48,1,1,0.89485
45,2,628.52,643.9,115.03,181.01,1,1,0.84465
45,3,983.28,631.31,136.76,189.53,1,1,0.88789
45,5,1380.77,649.59,124.76,169.31,1,1,0.69827
45,6,1225.38,610.8,87.54,188.01,1,1,0.84091
45,7,760.76,656.9,139.24,207.03,1,1,0.85186
45,8,712.85,510.82,80.2,181.74,1,1,0.81225
45,9,393.96,642.48,166.67,222.78,1,1,0.87822
45,10,1461.15,639.53,130.3,207.72,1,1,0.85251
45,11,755.39,512.92,92.61,188.67,1,1,0.75989
45,12,1128.22,632.52,135.0,226.71,1,1,0.86967
45,14,1362.3,808.8,108.29,247.97,1,1,0.89766
45,16,1297.3,573.99,128.76,206.68,1,1,0.84931
46,0,663.68,720.01,126.74,223.87,1,1,0.91582
46,1,1235.87,678.89,159.86,247.62,1,1,0.89168
46,2,643.88,647.8,104.31,181.75,1,1,0.84272
46,3,996.95,632.76,128.68,191.94,1,1,0.90335
46,6,1222.91,611.26,89.42,193.97,1,1,0.83503
46,7,760.2,655.69,135.09,209.15,1,1,0.86756
46,8,709.9,518.47,79.73,171.31,1,1,0.81742
46,9,385.79,635.22,174.47,227.12,1,1,0.90757
46,10,1442.38,642.49,142.39,205.49,1,1,0.78014
46,11,755.95,514.81,89.29,185.27,1,1,0.81105
46,12,1134.89,633.79,127.77,222.78,1,1,0.87503
46,14,1352.62,810.36,113.73,248.31,1,1,0.89989
46,16,1278.26,580.39,130.75,154.9,1,1,0.82217
47,0,659.96,722.04,126.94,224.23,1,1,0.90472
47,1,1237.85,677.16,167.89,250.55,1,1,0.87475
47,2,647.76,653.7,105.14,180.3,1,1,0.82532
47,3,1007.22,636.29,124.19,198.68,1,1,0.90495
47,6,1221.92,614.51,90.03,195.23,1,1,0.78434
47,7,757.77,657.51,129.54,210.88,1,1,0.86554
47,8,705.48,523.91,79.7,159.04,1,1,0.74847
47,9,376.27,638.11,178.0,223.24,1,1,0.89898
47,10,1424.47,640.38,153.5,206.99,1,1,0.77736
47,11,756.97,517.9,86.47,176.53,1,1,0.73125
47,12,1134.24,637.04,130.22,219.74,1,1,0.87184
47,14,1341.79,813.42,118.96,249.38,1,1,0.89467
48,0,658.01,722.51,127.47,225.74,1,1,0.90278
48,1,1252.07,678.64,156.55,247.56,1,1,0.88358
48,2,650.29,660.47,110.69,176.24,1,1,0.79543
48,3,1013.58,640.09,120.21,202.0,1,1,0.90256
48,6,1227.57,614.06,92.79,199.57,1,1,0.68629
48,7,757.16,659.67,125.89,212.48,1,1,0.86519
48,8,702.63,528.65,81.71,148.93,1,1,0.74845
48,9,430.06,637.02,124.25,202.68,1,1,0.79645
48,10,1421.65,635.45,158.46,213.49,1,1,0.70976
48,11,760.67,525.5,81.1,159.87,1,1,0.71863
48,12,1133.98,640.94,133.82,216.5,1,1,0.86955
48,14,1333.86,816.37,123.08,250.18,1,1,0.89836
48,15,817.85,659.27,84.19,181.54,1,1,0.66405
48,4,360.34,643.37,183.5,214.12,1,1,0.89893
49,0,654.04,715.74,128.75,231.55,1,1,0.89663
49,1,1265.1,676.84,142.15,244.77,1,1,0.89201
49,2,647.95,662.59,120.37,173.08,1,1,0.66679
49,3,1014.98,640.02,121.39,203.41,1,1,0.8968
49,6,1232.62,610.21,92.1,200.91,1,1,0.77065
49,7,755.23,656.7,124.41,215.69,1,1,0.86029
49,8,699.78,528.91,83.69,150.22,1,1,0.73885
49,9,454.83,633.75,103.94,196.95,1,1,0.8604
49,11,763.67,529.25,76.51,146.59,1,1,0.68106
49,12,1132.6,641.33,137.27,212.75,1,1,0.87394
49,14,1326.03,816.41,124.93,250.52,1,1,0.90089
49,4,352.08,641.47,192.24,217.59,1,1,0.90876
50,0,652.3,710.73,130.25,234.58,1,1,0.898
50,1,1282.11,673.27,128.48,241.95,1,1,0.89549
50,3,1016.84,638.05,126.32,203.18,1,1,0.90321
50,6,1243.73,606.7,86.87,208.41,1,1,0.77396
50,7,755.72,655.26,123.17,214.94,1,1,0.85852
50,8,699.13,525.43,82.35,155.78,1,1,0.74428
50,9,464.04,628.29,112.74,196.64,1,1,0.88214
50,11,770.0,522.72,72.89,140.88,1,1,0.73636
50,12,1134.26,638.99,140.33,211.46,1,1,0.88052
50,14,1324.78,815.51,122.68,250.04,1,1,0.90714
50,4,345.0,637.6,198.21,221.71,1,1,0.91852
50,17,1536.48,616.03,68.22,201.96,1,1,0.81671
51,0,649.54,711.99,132.89,233.92,1,1,0.90479
51,1,1301.99,671.08,113.51,233.75,1,1,0.85707
51,3,1017.88,637.31,132.92,204.68,1,1,0.89854
51,6,1240.93,606.48,94.99,209.8,1,1,0.80798
51,7,755.19,656.72,122.83,214.25,1,1,0.85121
51,8,700.75,528.29,81.16,171.24,1,1,0.7774
51,9,466.09,626.33,127.51,208.5,1,1,0.87669
51,11,770.06,527.01,75.05,136.1,1,1,0.66489
51,12,1137.62,637.18,149.08,213.65,1,1,0.87068
51,14,1323.35,817.15,120.92,251.15,1,1,0.88797
51,4,338.25,636.85,201.12,224.53,1,1,0.90743
51,17,1534.8,613.6,82.21,206.81,1,1,0.81239
52,0,646.64,714.52,134.19,233.69,1,1,0.9087
52,1,1313.44,671.86,105.07,206.34,1,1,0.87597
52,3,1016.89,637.19,138.65,206.98,1,1,0.89911
52,6,1238.23,608.53,103.32,209.36,1,1,0.82583
52,7,753.58,661.1,124.21,214.66,1,1,0.85142
52,8,700.32,534.1,81.85,171.32,1,1,0.79789
52,9,464.11,629.03,134.76,212.24,1,1,0.88907
52,11,771.86,531.58,77.44,140.2,1,1,0.72635
52,12,1139.33,636.79,153.66,216.06,1,1,0.87528
52,14,1320.64,821.59,119.16,251.65,1,1,0.89026
52,4,331.51,639.46,198.03,225.65,1,1,0.90743
52,17,1535.58,611.98,88.39,212.72,1,1,0.82999
52,15,804.13,646.36,85.65,181.0,1,1,0.68405
52,2,713.4,660.2,77.74,110.37,1,1,0.65132
53,0,647.8,714.16,130.3,234.12,1,1,0.91865
53,1,1320.05,671.79,100.9,194.01,1,1,0.90332
53,3,1016.03,634.17,146.57,211.02,1,1,0.89183
53,6,1238.51,609.14,106.8,212.56,1,1,0.85974
53,7,751.82,659.91,124.26,217.99,1,1,0.85693
53,8,698.57,537.6,82.4,163.72,1,1,0.80769
53,9,462.08,631.39,137.55,212.41,1,1,0.90188
53,11,772.45,530.83,82.14,149.91,1,1,0.71485
53,12,1138.3,635.76,157.44,216.92,1,1,0.89383
53,14,1317.1,825.7,117.63,248.77,1,1,0.90947
53,4,326.65,641.88,186.43,224.89,1,1,0.91892
53,17,1537.03,608.65,92.02,218.86,1,1,0.87075
54,0,646.89,712.5,127.27,234.57,1,1,0.92667
54,1,1324.03,671.14,98.6,189.32,1,1,0.90483
54,3,1016.38,625.04,147.17,217.73,1,1,0.87855
54,6,1242.58,606.05,105.88,211.87,1,1,0.87647
54,7,749.3,658.23,120.14,219.28,1,1,0.85189
54,8,696.5,536.69,80.83,163.14,1,1,0.81103
54,9,458.24,631.78,139.04,212.09,1,1,0.90299
54,11,770.43,529.53,85.96,149.6,1,1,0.73853
54,12,1136.82,633.44,165.11,217.51,1,1,0.91569
54,14,1311.8,824.89,117.21,248.9,1,1,0.92204
54,4,320.53,641.49,176.54,225.26,1,1,0.9272
54,17,1536.06,604.57,96.09,225.23,1,1,0.87521
54,15,810.45,646.82,77.86,172.77,1,1,0.66081
54,2,720.25,658.72,71.26,110.39,1,1,0.65019
55,0,642.95,713.8,127.58,233.72,1,1,0.91698
55,1,1327.37,673.42,97.98,192.21,1,1,0.86878
55,3,1018.05,631.22,151.97,211.46,1,1,0.89711
55,6,1246.73,603.61,103.93,210.69,1,1,0.87351
55,7,745.65,659.47,118.25,218.99,1,1,0.84282
55,8,695.12,539.88,80.61,162.24,1,1,0.803
55,9,456.34,634.31,137.79,211.09,1,1,0.89013
55,11,769.63,533.22,87.12,149.84,1,1,0.77376
55,12,1138.04,634.04,169.64,217.49,1,1,0.9109
55,14,1306.11,827.6,115.7,248.38,1,1,0.917
55,4,315.27,642.01,168.89,226.01,1,1,0.91388
55,17,1544.15,602.33,93.96,229.62,1,1,0.83004
55,15,815.02,649.55,73.86,167.91,1,1,0.71808
55,2,717.09,657.71,72.43,116.16,1,1,0.73963
56,0,637.23,715.72,130.1,231.79,1,1,0.92473
56,1,1330.38,676.44,105.33,212.03,1,1,0.89299
56,3,1026.85,633.08,149.45,207.94,1,1,0.88278
56,6,1252.41,599.43,102.12,215.56,1,1,0.88753
56,7,742.99,658.77,117.15,220.04,1,1,0.84187
56,8,691.99,535.54,83.59,169.65,1,1,0.78862
56,9,455.61,637.49,136.19,210.52,1,1,0.89745
56,11,772.61,530.24,83.45,154.17,1,1,0.78947
56,12,1147.08,632.98,161.92,217.04,1,1,0.90785
56,14,1301.34,829.64,113.33,247.4,1,1,0.92131
56,4,312.91,642.34,165.92,226.62,1,1,0.91902
56,17,1555.57,600.43,92.11,233.94,1,1,0.8598
56,15,820.63,655.34,69.87,160.09,1,1,0.74802
56,2,716.47,656.1,72.19,143.02,1,1,0.71967
56,18,1897.04,702.57,21.55,229.75,1,1,0.73228
57,0,632.77,713.84,134.47,230.18,1,1,0.91702
57,1,1335.7,676.48,122.39,217.33,1,1,0.90761
57,3,1041.49,628.96,144.77,204.57,1,1,0.88234
57,6,1259.34,592.6,102.51,221.56,1,1,0.8737
57,7,743.4,655.19,119.16,221.02,1,1,0.81882
57,8,693.46,532.79,83.86,170.37,1,1,0.78424
57,9,455.86,636.61,137.6,214.79,1,1,0.8924
57,11,777.72,527.06,82.22,159.21,1,1,0.78028
57,12,1163.83,626.64,146.11,217.11,1,1,0.87969
57,14,1297.47,827.21,111.78,247.5,1,1,0.90348
57,4,314.95,639.63,163.46,226.6,1,1,0.91463
57,17,1571.34,597.13,89.6,231.64,1,1,0.86554
57,15,828.49,656.87,69.74,154.34,1,1,0.75943
57,2,719.77,647.86,71.03,167.88,1,1,0.73419
57,18,1897.07,705.74,22.14,223.8,1,1,0.77653
57,19,995.18,589.7,114.24,226.48,1,1,0.88353
58,0,628.9,714.28,139.9,230.14,1,1,0.91763
58,1,1340.54,678.25,134.01,219.58,1,1,0.90428
58,3,1058.01,625.63,140.38,203.98,1,1,0.87819
58,6,1268.04,590.07,102.98,221.66,1,1,0.8693
58,7,744.02,654.46,121.23,220.62,1,1,0.82962
58,8,695.64,537.5,80.82,166.97,1,1,0.7944
58,9,460.26,637.93,136.65,216.95,1,1,0.88858
58,11,780.61,528.74,85.28,160.76,1,1,0.79376
58,12,1180.51,623.71,132.43,218.8,1,1,0.87975
58,14,1295.65,828.34,109.67,247.68,1,1,0.89785
58,4,320.86,639.62,160.26,226.45,1,1,0.90732
58,17,1584.27,598.69,98.72,231.77,1,1,0.87373
58,15,834.28,659.7,72.69,150.56,1,1,0.77547
58,2,723.66,640.99,71.57,180.89,1,1,0.76844
58,18,1898.86,711.29,20.73,221.1,1,1,0.75432
58,19,975.88,589.94,121.9,219.87,1,1,0.88811
58,20,1526.9,633.18,83.23,202.45,1,1,0.85725
59,0,624.59,715.41,144.03,231.34,1,1,0.9167
59,1,1343.99,681.59,139.04,219.55,1,1,0.88917
59,3,1069.54,624.48,136.19,209.04,1,1,0.87999
59,6,1275.86,590.63,103.69,214.44,1,1,0.84265
59,7,743.99,657.06,121.48,219.45,1,1,0.83769
59,8,696.06,543.97,81.23,175.32,1,1,0.81937
59,9,462.41,641.43,139.16,217.43,1,1,0.88348
59,11,779.01,536.36,90.06,159.2,1,1,0.81116
59,12,1188.81,622.94,128.48,219.63,1,1,0.87655
59,14,1293.52,831.4,108.49,247.1,1,1,0.90104
59,4,327.51,642.27,157.42,227.21,1,1,0.89781
59,17,1592.64,604.38,110.86,229.43,1,1,0.88529
59,15,836.84,664.5,74.24,153.67,1,1,0.73664
59,2,725.35,642.2,75.26,185.91,1,1,0.79392
59,18,1898.87,718.32,20.47,218.69,1,1,0.75993
59,19,948.96,593.72,129.88,206.81,1,1,0.90784
59,20,1526.79,635.25,90.13,203.58,1,1,0.86845
60,0,623.67,711.67,146.59,232.71,1,1,0.9158
60,1,1348.24,681.36,137.6,208.25,1,1,0.88313
60,3,1080.46,620.16,132.2,216.2,1,1,0.89013
60,6,1284.53,586.69,105.19,211.34,1,1,0.8377
60,7,745.63,659.01,122.05,216.76,1,1,0.83619
60,8,696.94,545.98,82.06,181.71,1,1,0.84
60,9,466.04,641.6,148.72,215.75,1,1,0.88127
60,11,781.65,538.54,90.94,159.91,1,1,0.81869
60,12,1195.66,618.09,127.31,220.17,1,1,0.8742
60,14,1294.94,829.51,107.44,247.33,1,1,0.90301
60,4,332.22,641.88,156.74,226.46,1,1,0.89892
60,17,1604.44,608.23,112.04,224.29,1,1,0.88439
60,15,841.43,665.09,73.17,149.13,1,1,0.72991
60,2,728.08,640.02,80.43,186.87,1,1,0.80511
60,18,1900.54,719.39,18.99,215.01,1,1,0.75896
60,19,925.1,593.69,145.96,201.43,1,1,0.91443
60,20,1528.02,631.78,97.65,205.69,1,1,0.87311
61,0,623.3,708.76,147.17,234.99,1,1,0.92137
61,1,1351.09,681.62,136.18,206.74,1,1,0.89026
61,3,1082.47,618.11,137.53,220.6,1,1,0.90727
61,6,1293.83,584.45,105.2,211.23,1,1,0.85837
61,7,744.83,660.31,125.77,218.38,1,1,0.84305
61,8,697.76,548.85,84.88,185.4,1,1,0.87116
61,9,466.37,642.43,160.71,216.9,1,1,0.89044
61,11,783.31,543.72,91.67,153.95,1,1,0.85934
61,12,1201.65,615.5,127.63,220.56,1,1,0.88493
61,14,1294.88,829.8,106.54,247.0,1,1,0.9081
61,4,329.88,643.35,162.93,225.44,1,1,0.90789
61,17,1615.89,612.29,106.28,220.51,1,1,0.8895
61,15,843.18,667.11,75.07,149.85,1,1,0.73737
61,2,729.14,640.15,85.98,185.36,1,1,0.81818
61,18,1901.22,716.05,18.07,219.65,1,1,0.72075
61,19,899.85,593.6,166.55,202.94,1,1,0.92613
61,20,1529.28,630.66,103.55,206.91,1,1,0.89113
62,0,622.1,704.65,146.23,236.62,1,1,0.93141
62,1,1356.19,680.76,131.85,208.37,1,1,0.91005
62,3,1082.4,616.28,146.43,222.17,1,1,0.92304
62,6,1302.53,582.73,103.39,195.36,1,1,0.87213
62,7,747.71,662.59,130.97,216.23,1,1,0.84135
62,8,697.6,550.18,85.42,185.9,1,1,0.87797
62,9,465.65,642.63,169.0,217.15,1,1,0.90036
62,11,784.45,543.68,90.76,150.84,1,1,0.84154
62,12,1205.87,613.34,133.53,220.32,1,1,0.89363
62,14,1296.11,829.21,103.57,246.72,1,1,0.93081
62,4,325.6,644.48,170.15,223.86,1,1,0.92153
62,17,1625.21,615.18,100.25,216.0,1,1,0.9066
62,2,729.45,639.12,92.25,185.62,1,1,0.82339
62,18,1901.33,711.38,17.61,222.32,1,1,0.67534
62,19,873.78,591.05,180.67,205.17,1,1,0.91794
62,20,1530.84,627.36,107.0,208.45,1,1,0.91842
63,0,622.05,694.62,144.78,238.19,1,1,0.92315
63,1,1362.1,672.0,128.11,210.72,1,1,0.89961
63,3,1083.68,608.64,155.56,224.66,1,1,0.92499
63,6,1312.92,574.68,102.47,189.16,1,1,0.86677
63,7,750.57,654.22,135.41,215.68,1,1,0.84228
63,8,700.28,545.45,85.06,184.92,1,1,0.86887
63,9,467.88,635.66,176.4,221.23,1,1,0.89779
63,11,785.77,535.82,85.17,141.68,1,1,0.78963
63,12,1216.66,605.74,138.76,219.42,1,1,0.85885
63,14,1299.28,823.91,102.09,246.03,1,1,0.93179
63,4,325.73,640.6,174.03,222.92,1,1,0.92173
63,17,1635.12,608.49,95.8,216.53,1,1,0.89954
63,2,732.95,634.58,97.84,182.9,1,1,0.79967
63,19,853.52,583.04,183.46,197.03,1,1,0.88137
63,20,1534.26,617.59,110.95,211.33,1,1,0.92693
64,0,628.3,687.76,141.9,237.85,1,1,0.91048
64,1,1369.54,664.87,126.46,214.32,1,1,0.90641
64,3,1096.17,603.28,154.12,224.7,1,1,0.90919
64,6,1328.35,569.3,101.49,184.54,1,1,0.85428
64,7,757.17,653.21,134.41,209.49,1,1,0.86156
64,8,707.47,543.41,84.76,184.58,1,1,0.85909
64,9,474.81,630.84,182.25,224.59,1,1,0.89235
64,11,806.1,561.77,101.17,110.42,1,1,0.73418
64,12,1226.67,601.89,142.9,218.7,1,1,0.86669
64,14,1305.36,820.39,101.18,246.6,1,1,0.93171
64,4,331.9,638.35,174.77,222.27,1,1,0.91057
64,17,1647.92,603.73,94.45,213.56,1,1,0.89695
64,2,743.49,635.35,102.93,177.75,1,1,0.79133
64,20,1541.32,609.89,116.63,212.85,1,1,0.91208
65,0,630.29,685.41,139.72,238.33,1,1,0.91428
65,1,1372.57,662.86,124.33,218.63,1,1,0.90837
65,3,1104.5,603.29,152.02,225.6,1,1,0.91406
65,6,1339.13,570.01,98.61,186.49,1,1,0.85135
65,7,756.98,659.28,133.95,199.93,1,1,0.86368
65,8,709.3,546.96,84.63,186.57,1,1,0.87798
65,9,476.27,630.54,186.49,225.73,1,1,0.89955
65,11,800.2,549.82,100.12,125.02,1,1,0.85961
65,12,1232.09,603.17,147.56,219.5,1,1,0.87406
65,14,1305.36,821.96,101.1,246.89,1,1,0.92712
65,4,332.92,639.66,173.21,222.64,1,1,0.91125
65,17,1655.82,604.54,99.33,211.27,1,1,0.90168
65,2,745.6,637.1,104.37,177.43,1,1,0.82639
65,20,1543.13,608.45,123.48,214.32,1,1,0.91727
65,15,858.08,655.83,87.79,142.48,1,1,0.7932
66,0,630.75,683.06,138.12,236.33,1,1,0.91672
66,1,1374.54,660.17,122.36,221.32,1,1,0.91513
66,3,1113.6,602.68,148.72,223.16,1,1,0.92096
66,6,1347.97,569.54,97.34,185.25,1,1,0.84722
66,7,755.64,663.86,131.55,193.43,1,1,0.84573
66,8,709.97,549.64,82.44,186.39,1,1,0.87417
66,9,482.69,629.0,182.14,226.11,1,1,0.90267
66,11,794.59,545.52,99.08,132.49,1,1,0.85485
66,12,1237.52,603.68,150.1,219.63,1,1,0.88408
66,14,1303.84,822.44,101.37,246.07,1,1,0.92918
66,4,334.7,638.68,175.37,225.28,1,1,0.91213
66,17,1661.89,604.24,104.71,211.45,1,1,0.90765
66,2,746.09,637.98,104.96,178.19,1,1,0.82501
66,20,1546.98,606.27,126.73,215.81,1,1,0.91634
66,15,856.98,656.29,87.61,141.43,1,1,0.81413
67,0,631.15,682.97,138.95,227.89,1,1,0.92002
67,1,1375.82,660.05,122.82,221.26,1,1,0.91012
67,3,1129.51,601.48,140.65,219.78,1,1,0.91419
67,6,1358.63,569.59,96.74,169.62,1,1,0.83527
67,7,753.44,662.9,133.48,194.07,1,1,0.85929
67,8,713.67,553.03,84.97,180.87,1,1,0.78095
67,9,497.48,627.97,170.87,223.09,1,1,0.90616
67,11,799.34,544.32,93.99,136.63,1,1,0.8546
67,12,1247.66,602.91,144.62,218.14,1,1,0.88089
67,14,1303.82,822.9,103.51,244.58,1,1,0.92923
67,4,340.5,637.86,172.87,227.84,1,1,0.91384
67,17,1668.64,605.15,109.34,211.58,1,1,0.9075
67,2,747.08,640.21,101.46,176.97,1,1,0.64648
67,20,1557.37,605.81,123.3,213.73,1,1,0.90967
67,15,864.62,657.86,87.58,143.12,1,1,0.69535
68,0,631.42,680.94,141.42,222.38,1,1,0.93421
68,1,1378.92,658.0,123.01,219.53,1,1,0.91176
68,3,1137.2,596.1,140.76,219.36,1,1,0.92206
68,6,1370.74,566.81,96.68,156.17,1,1,0.84301
68,7,761.25,650.3,127.05,205.23,1,1,0.86146
68,8,716.84,551.67,92.41,166.81,1,1,0.66886
68,9,513.36,624.37,158.44,223.6,1,1,0.91313
68,11,799.95,541.66,95.73,136.76,1,1,0.88214
68,12,1254.92,598.26,140.38,214.25,1,1,0.88779
68,14,1304.84,819.83,104.54,243.74,1,1,0.93655
68,4,348.59,633.44,171.26,229.8,1,1,0.92502
68,17,1676.39,603.53,112.29,208.81,1,1,0.91169
68,2,737.7,643.82,89.65,177.3,1,1,0.73696
68,20,1570.79,602.83,120.52,207.3,1,1,0.90806
69,0,629.42,682.96,143.8,219.03,1,1,0.93213
69,1,1380.07,658.35,122.54,218.41,1,1,0.91311
69,3,1141.27,594.27,143.33,219.43,1,1,0.92111
69,6,1381.51,567.5,97.57,145.82,1,1,0.85678
69,7,765.46,640.54,121.56,215.85,1,1,0.87732
69,9,530.33,624.56,145.69,224.64,1,1,0.93064
69,11,797.69,543.45,97.98,138.52,1,1,0.88104
69,12,1262.65,596.94,133.88,209.81,1,1,0.89658
69,14,1305.16,820.71,105.69,242.95,1,1,0.9345
69,4,357.45,632.64,158.02,230.84,1,1,0.94167
69,17,1681.71,607.11,127.02,203.97,1,1,0.8942
69,20,1601.27,602.49,102.63,200.56,1,1,0.84513
70,0,626.81,682.32,146.55,219.96,1,1,0.92552
70,1,1378.47,659.73,124.62,213.65,1,1,0.91047
70,3,1144.49,591.84,145.93,220.41,1,1,0.92567
70,6,1391.73,568.09,99.98,140.75,1,1,0.83906
70,7,759.84,637.98,127.63,217.31,1,1,0.87209
70,9,546.97,626.48,132.32,225.29,1,1,0.93675
70,11,801.0,543.35,93.13,139.46,1,1,0.83736
70,12,1272.8,596.17,127.16,205.17,1,1,0.90223
70,14,1304.69,821.51,108.23,242.04,1,1,0.93507
70,4,365.55,632.66,151.28,230.2,1,1,0.94076
70,17,1686.25,610.93,146.96,198.59,1,1,0.87405
70,20,1624.25,602.5,90.92,197.86,1,1,0.88695
70,15,872.05,663.56,117.62,175.77,1,1,0.88414
70,8,727.61,554.6,84.13,127.03,1,1,0.77131
71,0,626.82,681.33,148.23,220.0,1,1,0.92661
71,1,1376.52,660.05,128.45,207.91,1,1,0.90807
71,3,1150.03,587.66,148.55,224.67,1,1,0.92698
71,6,1402.37,564.91,101.08,148.71,1,1,0.77046
71,7,758.35,633.95,132.02,218.77,1,1,0.87902
71,9,559.91,627.56,121.59,226.94,1,1,0.93343
71,11,804.16,543.98,89.42,138.38,1,1,0.82537
71,12,1280.08,593.02,122.22,205.97,1,1,0.89975
71,14,1304.4,821.4,111.19,241.14,1,1,0.93273
71,4,378.78,632.03,142.76,228.42,1,1,0.93982
71,17,1693.89,611.21,162.15,196.09,1,1,0.9063
71,20,1636.67,599.79,94.16,199.17,1,1,0.88787
71,15,877.46,666.23,126.26,182.81,1,1,0.90882
71,8,730.11,556.6,83.33,161.93,1,1,0.80254
72,0,626.98,686.78,148.68,214.81,1,1,0.91873
72,1,1372.42,660.42,133.6,205.25,1,1,0.91764
72,3,1157.43,585.37,149.22,227.55,1,1,0.92835
72,6,1415.3,563.16,95.19,169.18,1,1,0.73172
72,7,757.0,632.0,135.7,221.52,1,1,0.88603
72,9,571.45,630.64,113.88,231.62,1,1,0.92566
72,11,802.65,548.54,87.66,134.39,1,1,0.82026
72,12,1291.22,591.96,112.07,208.13,1,1,0.90707
72,14,1302.61,822.61,113.39,240.95,1,1,0.93901
72,4,386.83,633.69,139.81,224.26,1,1,0.94625
72,17,1702.29,616.28,166.96,190.53,1,1,0.8954
72,20,1642.12,598.22,105.78,201.34,1,1,0.8942
72,15,885.18,669.91,127.8,183.51,1,1,0.90583
72,8,731.16,561.69,80.95,181.28,1,1,0.8452
72,21,623.96,572.05,102.15,149.33,1,1,0.8497
73,0,627.68,692.01,148.28,209.6,1,1,0.93031
73,1,1369.99,663.39,136.24,201.71,1,1,0.91721
73,3,1168.86,585.42,146.76,229.14,1,1,0.91958
73,6,1428.65,562.59,84.49,192.09,1,1,0.84735
73,7,755.64,633.04,138.72,222.11,1,1,0.87836
73,9,583.93,634.57,106.66,231.71,1,1,0.91064
73,11,799.36,555.76,83.24,122.56,1,1,0.79395
73,12,1300.76,593.34,100.73,209.35,1,1,0.89698
73,14,1299.61,824.68,115.49,240.76,1,1,0.93439
73,4,386.74,637.0,147.56,218.87,1,1,0.94814
73,17,1710.29,620.17,163.2,191.44,1,1,0.88994
73,20,1645.81,596.25,118.21,204.17,1,1,0.89225
73,15,887.12,674.49,131.82,181.01,1,1,0.89296
73,8,732.59,568.97,80.72,190.81,1,1,0.88609
74,0,626.9,695.8,148.31,205.35,1,1,0.91625
74,1,1361.79,664.32,143.52,202.51,1,1,0.90136
74,3,1180.89,586.86,144.76,228.17,1,1,0.91107
74,6,1438.67,563.18,72.59,183.88,1,1,0.82084
74,7,755.63,635.94,139.33,219.0,1,1,0.85404
74,9,588.88,639.75,101.64,228.8,1,1,0.87674
74,11,793.87,559.4,76.59,125.08,1,1,0.73223
74,12,1311.59,596.37,89.8,205.61,1,1,0.83728
74,14,1297.09,827.04,113.59,239.86,1,1,0.927
74,4,385.22,640.27,163.44,215.55,1,1,0.94515
74,17,1716.77,624.06,154.35,194.66,1,1,0.87576
74,20,1648.44,594.71,128.65,206.43,1,1,0.86801
74,15,887.5,678.12,133.91,178.64,1,1,0.88817
74,8,732.95,576.47,77.44,193.75,1,1,0.87008
75,0,626.29,697.76,149.12,203.74,1,1,0.90713
75,1,1353.02,665.08,153.2,204.74,1,1,0.8856
75,3,1193.82,589.97,141.96,224.66,1,1,0.89323
75,7,754.35,637.94,145.49,218.58,1,1,0.86183
75,9,597.49,645.27,96.34,223.1,1,1,0.87028
75,11,786.72,562.0,74.32,125.67,1,1,0.71863
75,12,1321.82,598.82,87.39,198.21,1,1,0.68731
75,14,1294.26,828.13,113.3,240.63,1,1,0.91166
75,4,388.44,644.55,173.72,214.68,1,1,0.91993
75,17,1719.45,626.26,150.49,198.89,1,1,0.79896
75,20,1657.59,593.33,132.92,207.32,1,1,0.76286
75,15,889.43,680.04,135.12,177.08,1,1,0.87429
75,8,734.47,582.11,78.19,195.04,1,1,0.84554
76,0,624.31,697.14,150.09,203.84,1,1,0.90211
76,1,1346.79,666.65,160.3,203.67,1,1,0.86413
76,3,1196.4,593.0,146.29,218.18,1,1,0.88153
76,7,752.37,641.04,152.32,213.65,1,1,0.86326
76,9,598.08,648.89,98.94,216.05,1,1,0.85719
76,11,778.76,560.9,77.08,139.53,1,1,0.68873
76,12,1326.08,599.44,93.28,192.19,1,1,0.75773
76,14,1289.16,827.69,114.3,242.87,1,1,0.8928
76,4,393.42,649.05,175.74,212.1,1,1,0.90385
76,17,1696.63,627.83,172.88,200.16,1,1,0.83362
76,15,892.69,678.97,136.51,177.73,1,1,0.85759
76,8,734.23,585.0,81.43,196.36,1,1,0.82867
76,23,0.1,705.8,63.7,236.59,1,1,0.87312
76,24,505.56,578.23,111.27,207.07,1,1,0.78511
77,0,623.67,695.48,150.88,204.99,1,1,0.90122
77,1,1340.2,661.82,166.3,208.72,1,1,0.88271
77,3,1198.4,595.01,147.11,213.61,1,1,0.87285
77,7,751.94,646.24,158.03,205.28,1,1,0.84989
77,9,596.7,651.07,99.53,210.31,1,1,0.86156
77,11,768.53,557.66,83.4,153.94,1,1,0.6906
77,12,1334.61,598.11,95.47,153.17,1,1,0.68966
77,14,1286.27,826.66,114.51,246.92,1,1,0.89572
77,4,399.44,652.59,173.48,209.6,1,1,0.90376
77,17,1705.49,628.25,164.6,199.97,1,1,0.83635
77,15,896.14,676.74,138.0,179.64,1,1,0.86013
77,8,732.92,585.61,85.14,198.3,1,1,0.83113
77,23,0.31,706.34,75.22,227.8,1,1,0.89053
77,24,478.13,577.03,122.74,190.89,1,1,0.67549
78,0,624.12,696.38,151.98,206.57,1,1,0.89873
78,1,1326.83,657.83,172.53,214.29,1,1,0.87465
78,3,1200.81,597.94,147.68,213.43,1,1,0.86859
78,7,754.2,650.52,161.95,201.81,1,1,0.83088
78,9,598.4,655.95,95.04,203.53,1,1,0.85225
78,11,760.68,557.73,93.06,164.52,1,1,0.79458
78,12,1348.88,599.28,111.58,170.11,1,1,0.69887
78,14,1284.92,828.65,115.54,248.2,1,1,0.90068
78,4,406.24,657.58,170.46,207.78,1,1,0.90151
78,17,1711.45,633.31,159.37,195.92,1,1,0.87243
78,15,903.41,677.58,136.79,177.87,1,1,0.87412
78,8,732.73,590.22,86.45,200.12,1,1,0.82739
78,23,0.7,707.7,89.56,216.16,1,1,0.91034
78,20,1709.0,590.2,139.33,156.0,1,1,0.65462
79,0,627.14,692.07,152.79,210.04,1,1,0.88699
79,1,1318.89,650.77,165.42,219.3,1,1,0.8718
79,3,1204.95,595.62,140.53,215.7,1,1,0.87636
79,7,781.87,650.12,142.23,201.72,1,1,0.87216
79,9,602.68,656.46,91.13,201.76,1,1,0.83307
79,11,751.27,555.68,100.74,179.39,1,1,0.67255
79,12,1359.92,596.09,108.11,193.27,1,1,0.85658
79,14,1285.26,827.51,117.33,249.04,1,1,0.90552
79,4,410.01,657.3,170.95,208.13,1,1,0.90558
79,17,1716.21,639.77,157.73,188.46,1,1,0.88914
79,15,908.1,674.61,141.43,175.16,1,1,0.88191
79,8,732.9,589.99,94.45,215.81,1,1,0.84101
79,23,1.36,704.75,106.13,219.52,1,1,0.91545
79,25,1550.3,556.75,62.81,210.37,1,1,0.84717
79,20,1725.41,585.38,138.92,151.15,1,1,0.80767
80,0,623.17,685.53,157.45,212.26,1,1,0.88871
80,1,1312.94,642.43,150.35,222.84,1,1,0.88389
80,3,1209.05,590.76,136.06,216.49,1,1,0.88226
80,7,792.28,647.8,133.74,200.71,1,1,0.87421
80,9,603.59,652.98,89.43,200.66,1,1,0.7591
80,12,1365.03,589.23,102.98,204.87,1,1,0.86041
80,14,1283.37,825.55,118.72,248.29,1,1,0.91778
80,4,412.28,653.8,169.49,207.66,1,1,0.92262
80,17,1723.3,634.09,151.96,192.17,1,1,0.91153
80,15,907.4,669.09,147.77,175.05,1,1,0.89382
80,8,730.92,586.94,102.11,218.46,1,1,0.85271
80,23,0.59,699.5,124.18,220.94,1,1,0.92651
80,25,1554.4,551.33,70.03,217.43,1,1,0.88468
80,20,1741.59,578.31,133.01,169.82,1,1,0.78437
81,0,617.5,683.34,162.83,216.86,1,1,0.88612
81,1,1304.71,643.27,134.71,223.01,1,1,0.88954
81,3,1217.28,592.58,133.74,218.77,1,1,0.873
81,7,797.89,652.02,131.31,199.91,1,1,0.87535
81,12,1367.8,588.42,102.47,212.43,1,1,0.88279
81,14,1280.5,830.89,120.98,246.36,1,1,0.91898
81,4,414.45,655.94,166.22,208.31,1,1,0.92126
81,17,1723.69,635.06,151.89,196.51,1,1,0.92484
81,15,907.34,670.88,152.24,177.45,1,1,0.89584
81,8,728.88,591.97,104.93,215.43,1,1,0.86302
81,23,0.16,701.44,137.0,220.98,1,1,0.92776
81,25,1556.25,552.49,87.8,222.78,1,1,0.91659
81,20,1752.4,577.38,126.45,187.33,1,1,0.85781
81,26,353.8,577.35,110.32,214.42,1,1,0.89119
82,0,611.25,679.09,167.83,222.08,1,1,0.88596
82,1,1293.0,644.01,125.16,222.3,1,1,0.87995
82,3,1226.07,592.82,137.24,219.43,1,1,0.85137
82,7,800.93,654.05,131.08,197.75,1,1,0.87416
82,12,1366.52,585.9,115.69,217.76,1,1,0.8739
82,14,1276.08,835.14,124.86,243.69,1,1,0.91981
82,4,417.99,654.25,161.15,211.03,1,1,0.91395
82,17,1719.64,635.52,153.01,200.36,1,1,0.91746
82,15,907.42,670.98,156.44,181.59,1,1,0.8946
82,8,725.37,595.04,110.37,213.58,1,1,0.8503
82,23,2.21,701.99,143.18,222.3,1,1,0.91577
82,25,1556.48,552.53,100.26,225.72,1,1,0.91111
82,20,1759.5,575.14,122.54,206.7,1,1,0.88198
82,26,326.95,577.49,124.25,221.69,1,1,0.89381
83,0,604.32,670.31,173.32,232.82,1,1,0.89162
83,1,1274.06,643.0,132.89,225.69,1,1,0.87716
83,3,1241.14,592.28,136.59,213.01,1,1,0.79404
83,7,800.56,654.46,135.75,201.98,1,1,0.85191
83,12,1372.35,583.08,125.35,223.78,1,1,0.86853
83,14,1272.25,838.99,129.36,240.28,1,1,0.93061
83,4,421.21,650.39,156.52,214.4,1,1,0.91206
83,17,1716.56,635.75,154.03,203.89,1,1,0.91742
83,15,910.93,670.46,156.55,188.15,1,1,0.8948
83,8,726.84,597.33,111.25,214.85,1,1,0.85466
83,23,18.59,701.14,140.02,230.7,1,1,0.91055
83,25,1558.17,552.7,109.11,228.65,1,1,0.90682
83,20,1766.06,574.04,134.19,213.27,1,1,0.88812
83,26,290.71,576.81,143.48,230.57,1,1,0.88945
84,0,596.57,665.65,174.05,240.57,1,1,0.89635
84,1,1258.43,643.67,143.31,229.9,1,1,0.90453
84,3,1287.99,593.54,99.59,138.45,1,1,0.82326
84,7,797.39,655.59,140.57,205.38,1,1,0.83186
84,12,1376.5,583.04,129.12,228.11,1,1,0.87778
84,14,1265.04,845.06,137.11,234.78,1,1,0.91899
84,4,411.8,647.12,164.21,216.84,1,1,0.9098
84,17,1711.91,639.45,154.71,204.13,1,1,0.91213
84,15,916.87,671.87,152.44,192.62,1,1,0.88581
84,8,724.21,601.36,110.8,219.62,1,1,0.8588
84,23,33.17,701.71,144.09,228.9,1,1,0.91365
84,25,1564.05,555.43,112.42,229.47,1,1,0.9017
84,20,1769.76,575.81,145.54,217.99,1,1,0.9197
84,26,249.37,578.05,167.38,237.26,1,1,0.89506
84,21,676.86,548.05,81.94,185.78,1,1,0.79472
85,0,590.71,667.68,168.74,240.54,1,1,0.86182
85,1,1252.86,645.46,148.53,232.51,1,1,0.90134
85,3,1305.62,597.41,89.49,114.28,1,1,0.84039
85,7,782.24,656.54,157.97,203.07,1,1,0.88555
85,12,1383.82,585.13,127.1,227.15,1,1,0.88895
85,14,1260.17,851.34,144.95,228.63,1,1,0.9095
85,4,402.13,643.89,173.22,220.62,1,1,0.91106
85,17,1708.58,644.2,154.13,201.49,1,1,0.90789
85,15,922.7,674.2,145.27,196.83,1,1,0.88146
85,8,719.96,606.49,111.33,217.51,1,1,0.86171
85,23,46.87,703.03,158.33,222.37,1,1,0.92234
85,25,1576.47,560.38,111.57,226.45,1,1,0.90234
85,20,1773.76,580.15,147.9,217.88,1,1,0.92039
85,26,224.62,580.33,167.39,243.68,1,1,0.89457
85,21,673.06,546.08,82.41,186.65,1,1,0.77578
85,9,603.42,657.09,111.5,107.79,1,1,0.66151
86,0,580.71,669.01,161.13,238.01,1,1,0.87724
86,1,1241.35,645.89,157.35,231.25,1,1,0.9006
86,3,1311.64,597.23,93.93,146.93,1,1,0.65893
86,7,783.67,655.23,158.92,207.8,1,1,0.89101
86,12,1389.97,585.83,124.84,223.15,1,1,0.88148
86,14,1254.06,854.3,153.3,224.87,1,1,0.92024
86,4,394.14,638.38,176.76,222.97,1,1,0.92176
86,17,1702.7,645.42,154.26,199.32,1,1,0.907
86,15,928.24,675.15,137.92,202.86,1,1,0.8858
86,8,717.77,610.3,108.73,203.89,1,1,0.86586
86,23,57.76,702.44,170.31,217.46,1,1,0.93312
86,25,1589.43,562.21,113.02,226.48,1,1,0.9035
86,20,1772.66,581.7,150.93,215.53,1,1,0.91632
86,26,199.52,582.1,161.74,244.24,1,1,0.90423
86,21,664.85,542.58,86.57,183.34,1,1,0.8007
86,9,610.03,656.2,102.19,109.63,1,1,0.79733
87,0,569.72,667.69,147.59,239.25,1,1,0.86415
87,1,1224.83,648.65,167.4,227.84,1,1,0.90409
87,3,1310.74,599.98,101.43,170.96,1,1,0.83996
87,7,788.94,655.47,154.75,216.68,1,1,0.88938
87,12,1395.98,588.21,117.19,217.89,1,1,0.88401
87,14,1244.19,857.88,165.61,221.4,1,1,0.91995
87,4,386.85,636.58,175.16,222.85,1,1,0.93239
87,17,1697.27,648.26,155.87,199.27,1,1,0.91515
87,15,932.18,677.41,132.99,208.47,1,1,0.89127
87,8,719.29,615.95,103.8,194.47,1,1,0.86331
87,23,67.51,702.87,173.77,215.47,1,1,0.9337
87,25,1601.63,564.29,113.94,226.81,1,1,0.90974
87,20,1768.6,583.46,155.21,211.39,1,1,0.92828
87,26,171.1,584.4,140.73,243.48,1,1,0.89287
87,21,652.5,541.74,92.93,186.85,1,1,0.84976
87,9,608.99,657.27,98.38,108.76,1,1,0.66666
88,0,558.61,665.93,148.92,240.3,1,1,0.88117
88,1,1203.62,651.52,170.98,225.58,1,1,0.89415
88,3,1310.2,601.4,105.94,189.47,1,1,0.86517
88,7,794.67,656.24,148.12,224.52,1,1,0.88975
88,12,1400.89,589.74,111.52,215.99,1,1,0.89338
88,14,1231.58,858.49,178.56,220.72,1,1,0.9344
88,4,378.49,635.98,168.35,220.76,1,1,0.94083
88,17,1690.3,650.45,156.9,201.11,1,1,0.91901
88,15,934.14,679.68,132.33,208.31,1,1,0.89621
88,8,716.28,620.53,109.33,191.24,1,1,0.86047
88,23,75.48,702.91,169.64,213.41,1,1,0.91929
88,25,1612.71,566.86,111.66,225.3,1,1,0.91633
88,20,1760.52,583.17,162.67,209.76,1,1,0.92485
88,26,142.31,583.8,133.07,244.3,1,1,0.89952
88,21,637.38,539.31,100.34,192.25,1,1,0.86041
89,0,549.87,662.62,154.92,241.82,1,1,0.90209
89,1,1179.75,651.71,171.9,224.56,1,1,0.91725
89,3,1310.62,600.76,111.85,203.94,1,1,0.89133
89,7,794.69,658.5,146.67,225.49,1,1,0.88584
89,12,1406.4,588.91,107.78,216.89,1,1,0.89305
89,14,1215.3,856.94,191.53,221.69,1,1,0.93443
89,4,369.11,634.15,160.38,219.31,1,1,0.92806
89,17,1681.14,648.94,156.07,207.54,1,1,0.90344
89,15,938.65,679.89,130.2,206.98,1,1,0.89688
89,8,710.79,622.29,116.37,192.45,1,1,0.88067
89,23,83.52,696.93,168.31,216.09,1,1,0.88798
89,25,1623.57,566.77,109.01,223.09,1,1,0.90471
89,20,1753.52,579.53,169.32,210.31,1,1,0.91243
89,26,107.42,580.77,149.62,242.99,1,1,0.82831
89,21,621.01,535.05,108.01,194.5,1,1,0.87142
90,0,538.06,661.63,120.47,234.3,1,1,0.73933
90,1,1161.76,650.99,168.69,225.23,1,1,0.92024
90,3,1308.83,601.28,121.7,210.64,1,1,0.89796
90,7,790.5,671.57,148.69,214.44,1,1,0.87887
90,12,1412.84,588.86,101.14,218.78,1,1,0.88276
90,14,1195.2,857.36,203.74,221.48,1,1,0.92817
90,4,355.18,632.8,153.91,219.78,1,1,0.92433
90,17,1671.6,649.77,157.22,213.73,1,1,0.90004
90,15,941.07,680.63,130.82,205.16,1,1,0.89095
90,8,703.37,624.46,123.8,195.16,1,1,0.88914
90,23,90.15,697.98,160.91,211.82,1,1,0.88834
90,25,1633.2,567.25,112.35,221.24,1,1,0.8685
90,20,1749.19,576.99,173.19,209.75,1,1,0.89789
90,26,67.35,577.85,131.26,225.99,1,1,0.71743
90,21,602.44,531.23,115.96,193.53,1,1,0.86483
90,9,584.84,664.06,123.17,213.68,1,1,0.8353
91,0,523.24,661.04,100.87,229.8,1,1,0.82233
91,1,1147.75,648.43,171.93,230.24,1,1,0.91806
91,3,1308.59,602.87,131.11,213.55,1,1,0.89684
91,7,787.48,682.05,152.47,207.44,1,1,0.87517
91,12,1417.45,588.77,100.38,223.19,1,1,0.87041
91,14,1175.46,859.74,212.66,219.53,1,1,0.91664
91,4,336.05,631.46,161.73,221.23,1,1,0.92427
91,17,1659.63,650.57,156.3,217.52,1,1,0.89429
91,15,942.81,682.28,131.61,203.98,1,1,0.88314
91,8,695.12,625.62,133.39,199.63,1,1,0.89245
91,23,100.85,701.52,157.34,205.24,1,1,0.89849
91,25,1640.34,567.45,113.14,221.53,1,1,0.86459
91,20,1748.32,575.84,173.45,206.31,1,1,0.91245
91,26,17.32,576.49,132.42,238.99,1,1,0.87418
91,21,583.04,528.16,123.33,197.28,1,1,0.86815
91,9,575.34,665.2,131.71,229.01,1,1,0.86695
92,0,509.77,659.57,93.59,229.48,1,1,0.83917
92,1,1135.45,643.65,176.56,233.24,1,1,0.91576
92,3,1309.95,602.49,138.59,214.07,1,1,0.8973
92,7,786.35,687.21,156.84,201.49,1,1,0.87157
92,12,1424.54,588.25,140.95,221.71,1,1,0.86092
92,14,1154.06,860.77,210.29,218.18,1,1,0.90354
92,4,318.26,627.04,170.46,223.51,1,1,0.92728
92,17,1652.22,651.57,155.44,216.95,1,1,0.88586
92,15,941.74,682.07,133.83,205.37,1,1,0.88641
92,8,684.37,624.33,142.7,200.74,1,1,0.89526
92,23,106.25,702.05,165.82,200.97,1,1,0.90431
92,25,1653.06,564.58,108.04,157.59,1,1,0.74358
92,20,1749.36,573.32,171.81,205.85,1,1,0.91321
92,26,-5.39,574.89,127.74,248.34,1,1,0.89828
92,21,563.32,521.94,125.71,194.09,1,1,0.87282
92,9,566.53,664.63,139.0,234.91,1,1,0.86292
92,27,840.88,654.46,114.53,125.01,1,1,0.72673
93,0,495.09,658.66,94.57,231.57,1,1,0.82115
93,1,1119.87,639.5,182.55,236.02,1,1,0.91339
93,3,1311.51,602.05,141.93,216.12,1,1,0.89003
93,7,790.84,690.32,161.07,198.44,1,1,0.86031
93,12,1431.54,588.37,132.07,226.47,1,1,0.78553
93,14,1132.26,862.53,208.7,216.66,1,1,0.91629
93,4,305.25,622.99,172.23,224.78,1,1,0.91947
93,17,1638.31,654.67,163.66,214.72,1,1,0.88892
93,15,941.82,682.51,132.18,209.75,1,1,0.87806
93,8,671.49,623.56,152.02,202.06,1,1,0.89154
93,23,109.86,702.87,173.13,199.71,1,1,0.91868
93,25,1665.66,562.77,101.08,129.65,1,1,0.73655
93,20,1747.1,571.48,173.51,206.37,1,1,0.90826
93,26,-12.23,576.61,91.69,254.87,1,1,0.87481
93,21,548.36,513.3,117.55,196.69,1,1,0.82096
93,9,551.51,663.09,152.49,240.57,1,1,0.86571
94,0,481.69,660.09,103.44,238.64,1,1,0.83432
94,1,1107.81,636.77,182.07,234.12,1,1,0.91626
94,3,1312.3,602.27,149.23,217.65,1,1,0.90101
94,7,806.46,695.07,154.55,192.1,1,1,0.84114
94,12,1441.61,589.44,154.67,229.03,1,1,0.8682
94,14,1120.03,864.13,209.89,215.24,1,1,0.93385
94,4,294.9,619.78,174.78,223.01,1,1,0.91757
94,17,1625.05,658.17,174.69,213.05,1,1,0.89314
94,15,946.39,683.94,123.54,211.66,1,1,0.87303
94,8,661.66,622.18,156.91,205.96,1,1,0.89895
94,23,114.09,704.95,175.14,198.09,1,1,0.9221
94,25,1673.26,562.9,104.99,180.42,1,1,0.84082
94,20,1746.24,568.94,174.85,209.06,1,1,0.89262
94,21,535.42,508.67,110.45,212.11,1,1,0.83163
94,9,537.67,663.34,164.89,243.8,1,1,0.86555
95,0,468.57,661.76,112.53,242.97,1,1,0.85822
95,1,1101.22,633.92,173.12,227.31,1,1,0.89856
95,3,1309.5,600.92,160.96,223.62,1,1,0.89056
95,7,823.4,697.16,145.21,184.43,1,1,0.81111
95,12,1446.33,593.53,162.44,229.17,1,1,0.84116
95,14,1111.04,864.78,209.65,214.43,1,1,0.92823
95,4,279.36,615.84,173.27,226.72,1,1,0.90677
95,17,1607.81,660.33,188.15,215.22,1,1,0.89227
95,15,952.54,684.13,112.23,213.38,1,1,0.86017
95,8,649.79,618.88,151.92,210.94,1,1,0.89804
95,23,114.41,705.89,176.02,197.68,1,1,0.91451
95,25,1679.69,562.28,106.42,197.75,1,1,0.84919
95,20,1750.76,566.64,169.95,211.69,1,1,0.8776
95,21,519.24,501.69,110.24,226.58,1,1,0.79594
95,9,523.63,662.55,174.55,243.31,1,1,0.87316
95,27,829.37,670.85,107.41,200.42,1,1,0.66543
96,0,451.21,666.95,127.66,242.1,1,1,0.85849
96,1,1096.21,634.75,158.46,220.96,1,1,0.89974
96,3,1312.97,602.13,175.35,225.06,1,1,0.89553
96,7,843.99,699.46,133.58,176.04,1,1,0.64464
96,14,1103.47,866.9,208.76,212.74,1,1,0.92153
96,4,261.23,615.86,164.16,228.01,1,1,0.89938
96,17,1592.31,664.22,196.24,214.29,1,1,0.89284
96,15,959.6,685.57,103.66,213.81,1,1,0.84697
96,8,640.03,617.54,141.8,215.75,1,1,0.89151
96,23,108.8,708.79,183.01,196.49,1,1,0.91523
96,25,1686.81,562.41,107.43,209.82,1,1,0.84167
96,20,1763.37,576.78,157.72,203.08,1,1,0.85818
96,21,506.42,505.02,118.59,234.29,1,1,0.8624
96,9,514.02,663.54,172.97,237.98,1,1,0.85828
96,28,854.25,700.45,121.64,338.54,1,1,0.81304
96,27,835.57,680.04,97.85,204.99,1,1,0.73417
97,0,436.62,669.02,144.74,241.6,1,1,0.88269
97,1,1088.0,634.57,147.46,218.11,1,1,0.89695
97,3,1321.8,602.42,177.14,224.25,1,1,0.90655
97,7,863.22,702.0,131.03,151.85,1,1,0.73116
97,14,1092.91,865.29,206.57,213.79,1,1,0.92056
97,4,247.75,614.98,161.41,227.37,1,1,0.90358
97,17,1578.43,665.26,191.85,220.01,1,1,0.89492
97,15,963.09,683.21,100.61,215.33,1,1,0.84912
97,8,629.64,614.24,128.68,219.84,1,1,0.88626
97,23,104.94,708.73,190.09,195.88,1,1,0.91331
97,25,1692.96,559.68,105.06,217.01,1,1,0.85054
97,20,1766.48,572.0,154.07,207.09,1,1,0.83674
97,21,496.68,505.72,123.76,236.52,1,1,0.8755
97,9,502.76,661.18,164.52,233.29,1,1,0.86103
97,27,833.87,688.39,97.82,192.45,1,1,0.81072
98,0,425.9,668.54,158.59,241.35,1,1,0.88305
98,1,1074.51,634.62,152.94,217.17,1,1,0.8973
98,3,1334.78,602.58,163.6,221.4,1,1,0.88408
98,7,879.22,699.92,131.15,160.63,1,1,0.69813
98,14,1080.33,862.77,200.13,215.87,1,1,0.92066
98,4,239.23,613.57,167.26,224.98,1,1,0.90959
98,17,1564.84,664.1,180.04,223.45,1,1,0.88814
98,15,960.34,680.05,104.02,215.74,1,1,0.82411
98,8,620.21,610.76,116.48,221.74,1,1,0.88259
98,23,101.6,707.4,199.07,194.12,1,1,0.91212
98,25,1688.53,555.01,106.92,223.56,1,1,0.85251
98,20,1761.07,561.38,151.38,215.9,1,1,0.832
98,21,486.3,504.15,127.84,232.2,1,1,0.87484
98,9,492.85,657.41,151.55,227.78,1,1,0.84816
98,27,824.9,693.08,108.92,183.34,1,1,0.86487
99,0,419.18,666.14,161.46,242.87,1,1,0.856
99,1,1057.31,633.2,161.13,215.77,1,1,0.90352
99,3,1346.78,604.63,151.16,217.7,1,1,0.8993
99,14,1066.07,860.09,187.92,218.34,1,1,0.92275
99,4,237.65,610.8,171.09,221.06,1,1,0.91005
99,17,1544.81,655.8,171.74,229.22,1,1,0.88042
99,15,959.56,676.36,109.06,214.75,1,1,0.80445
99,8,611.1,608.21,106.87,222.34,1,1,0.8798
99,23,99.32,704.2,210.31,192.68,1,1,0.9125
99,25,1683.11,549.65,109.54,227.48,1,1,0.87911
99,20,1752.56,554.5,145.11,219.0,1,1,0.81554
99,21,478.21,501.7,129.84,224.15,1,1,0.86896
99,9,487.66,658.2,133.12,224.62,1,1,0.83722
99,27,817.38,695.85,117.76,179.45,1,1,0.86932
100,0,416.67,663.53,168.76,242.64,1,1,0.85917
100,1,1040.72,629.68,172.94,213.45,1,1,0.91455
100,3,1356.15,605.67,137.58,218.34,1,1,0.89988
100,14,1052.3,855.25,167.95,222.66,1,1,0.90808
100,4,240.58,606.47,173.26,215.3,1,1,0.90265
100,17,1533.7,656.46,163.06,224.66,1,1,0.85854
100,15,947.86,669.51,118.81,218.47,1,1,0.83291
100,8,608.96,605.1,98.88,224.1,1,1,0.87921
100,23,97.42,697.52,223.5,193.08,1,1,0.91198
100,25,1685.15,543.84,105.42,227.36,1,1,0.86244
100,21,451.37,498.49,150.77,212.76,1,1,0.85748
100,9,485.78,656.21,120.73,219.0,1,1,0.82838
100,27,813.55,696.67,127.99,179.56,1,1,0.86889
101,0,412.97,662.74,146.92,240.54,1,1,0.8458
101,1,1024.65,627.92,181.17,210.25,1,1,0.91437
101,3,1360.71,608.03,127.27,217.56,1,1,0.89023
101,14,1039.3,852.57,151.35,225.82,1,1,0.89866
101,4,243.35,604.83,171.93,204.3,1,1,0.90407
101,17,1526.75,646.28,154.73,230.18,1,1,0.83766
101,15,949.47,663.57,120.14,224.04,1,1,0.84031
101,8,606.04,605.21,92.59,223.95,1,1,0.87506
101,23,94.81,693.12,235.71,191.7,1,1,0.92025
101,25,1687.83,539.75,145.14,228.22,1,1,0.84917
101,21,443.69,497.86,147.68,203.16,1,1,0.82506
101,9,483.29,653.3,122.61,224.54,1,1,0.86708
101,27,815.14,698.27,131.33,181.99,1,1,0.87768
102,0,412.83,663.52,125.13,235.83,1,1,0.87781
102,1,1011.97,627.74,183.33,205.72,1,1,0.89154
102,3,1370.66,610.27,113.87,213.55,1,1,0.90334
102,14,1026.29,851.03,155.68,223.04,1,1,0.90398
102,4,245.72,603.29,171.67,197.98,1,1,0.90316
102,17,1524.16,653.8,142.01,220.08,1,1,0.84203
102,15,956.87,675.14,117.14,211.55,1,1,0.80919
102,8,606.32,606.94,87.71,220.37,1,1,0.87991
102,23,97.21,688.98,242.07,190.44,1,1,0.91891
102,25,1687.59,536.58,156.04,225.14,1,1,0.89104
102,21,448.21,499.37,128.67,196.11,1,1,0.80217
102,9,481.39,652.89,125.71,223.38,1,1,0.87493
102,27,817.83,700.51,136.1,181.3,1,1,0.87726
103,0,418.6,661.98,115.4,230.21,1,1,0.8783
103,1,998.76,625.63,182.76,198.27,1,1,0.86733
103,3,1377.91,610.57,106.11,206.45,1,1,0.90226
103,14,1014.91,849.17,164.41,219.39,1,1,0.9002
103,4,246.91,600.68,170.87,196.44,1,1,0.88963
103,17,1523.32,633.72,123.05,238.55,1,1,0.84961
103,15,961.84,678.87,112.08,204.12,1,1,0.77797
103,8,607.76,608.56,86.29,218.63,1,1,0.8824
103,23,107.65,683.18,235.39,189.17,1,1,0.91367
103,25,1680.04,533.04,164.17,217.59,1,1,0.91684
103,21,452.95,501.1,105.32,185.29,1,1,0.83152
103,9,481.25,646.71,124.85,228.34,1,1,0.87142
103,27,822.05,703.09,141.26,174.35,1,1,0.87293
104,0,422.21,660.82,115.63,225.59,1,1,0.88277
104,1,988.05,623.26,174.8,186.82,1,1,0.872
104,3,1381.24,610.82,104.34,200.86,1,1,0.90143
104,14,1001.96,850.22,171.96,215.59,1,1,0.89138
104,4,245.35,599.1,148.95,193.84,1,1,0.86484
104,17,1521.75,614.83,105.95,258.59,1,1,0.84583
104,8,606.1,612.02,88.58,216.27,1,1,0.88241
104,23,121.67,678.56,218.15,186.94,1,1,0.9109
104,25,1667.71,531.61,172.23,212.25,1,1,0.92513
104,21,461.53,505.07,84.33,177.05,1,1,0.84668
104,9,482.36,645.4,119.96,221.91,1,1,0.85648
104,27,827.88,706.49,147.65,165.89,1,1,0.85949
104,7,968.36,683.77,112.64,184.84,1,1,0.77933
105,0,429.05,659.37,117.56,220.02,1,1,0.87878
105,1,980.29,621.76,159.03,216.75,1,1,0.82344
105,3,1390.14,610.34,97.96,195.51,1,1,0.897
105,14,993.02,846.04,172.75,219.07,1,1,0.90332
105,4,247.14,598.32,147.05,188.59,1,1,0.9033
105,17,1522.41,597.91,94.28,271.9,1,1,0.83542
105,8,607.98,615.4,89.81,208.37,1,1,0.90012
105,23,138.82,673.44,196.15,185.06,1,1,0.90976
105,25,1660.56,530.04,175.93,210.85,1,1,0.92035
105,21,466.98,508.71,76.39,169.65,1,1,0.84922
105,9,485.5,644.28,108.98,213.71,1,1,0.84728
105,27,838.61,708.39,151.98,157.5,1,1,0.85899
105,29,1881.87,736.68,38.11,204.07,1,1,0.79321
105,7,975.63,680.78,97.28,189.48,1,1,0.74454
106,0,429.12,656.62,120.68,212.29,1,1,0.86772
106,3,1397.95,606.19,86.3,194.92,1,1,0.80948
106,14,975.91,836.48,173.6,223.42,1,1,0.9102
106,4,244.73,594.75,148.68,185.52,1,1,0.90091
106,17,1520.6,586.02,88.4,228.89,1,1,0.77413
106,8,599.86,615.18,96.01,202.04,1,1,0.89208
106,23,148.86,664.47,182.28,185.98,1,1,0.91089
106,25,1651.64,526.71,175.4,211.99,1,1,0.91634
106,21,462.79,509.35,78.45,164.52,1,1,0.82976
106,9,482.31,641.0,101.23,212.4,1,1,0.8498
106,27,846.78,704.99,148.05,150.63,1,1,0.82527
106,29,1864.73,735.77,54.71,203.22,1,1,0.89477
106,7,972.93,685.7,110.91,182.24,1,1,0.75645
107,0,425.64,653.68,117.05,206.12,1,1,0.87662
107,14,957.6,828.11,165.29,223.27,1,1,0.90878
107,4,242.56,590.28,155.22,182.86,1,1,0.90297
107,17,1513.17,576.76,88.86,208.3,1,1,0.76266
107,8,589.12,613.12,108.88,196.5,1,1,0.89844
107,23,155.34,655.5,181.05,187.41,1,1,0.91265
107,25,1663.67,525.72,148.92,206.22,1,1,0.88877
107,21,458.29,507.16,81.96,161.74,1,1,0.82627
107,9,476.65,636.44,105.66,213.11,1,1,0.85732
107,27,849.52,701.99,143.4,145.08,1,1,0.81181
107,29,1843.83,732.95,74.0,202.86,1,1,0.93571
107,7,977.72,688.67,123.71,174.18,1,1,0.8136
108,0,428.88,650.76,112.24,201.66,1,1,0.89008
108,14,943.38,820.31,153.85,219.43,1,1,0.91011
108,4,248.58,584.75,159.12,180.79,1,1,0.90774
108,17,1511.14,568.6,91.2,201.3,1,1,0.85492
108,8,588.84,608.33,120.44,192.75,1,1,0.91386
108,23,171.05,646.43,177.91,187.21,1,1,0.91433
108,25,1672.47,524.22,127.57,202.19,1,1,0.90162
108,21,460.48,503.96,81.93,157.63,1,1,0.81978
108,9,476.53,629.12,116.86,214.54,1,1,0.86209
108,27,856.8,686.71,146.18,153.87,1,1,0.78695
108,29,1825.08,727.56,94.24,203.07,1,1,0.94534
108,7,988.04,691.5,129.91,165.6,1,1,0.86602
108,6,1614.59,517.88,84.64,163.84,1,1,0.80873
108,3,1386.21,642.57,90.06,186.41,1,1,0.85435
109,0,433.06,647.08,104.78,198.54,1,1,0.88525
109,14,936.03,810.55,159.36,217.52,1,1,0.90842
109,4,258.05,578.66,159.55,175.74,1,1,0.89901
109,17,1511.04,560.95,96.87,197.94,1,1,0.86291
109,8,600.68,601.28,126.03,193.01,1,1,0.91388
109,23,189.31,638.75,176.74,185.64,1,1,0.90184
109,25,1674.56,523.52,118.83,196.1,1,1,0.89986
109,21,467.01,500.49,81.24,158.52,1,1,0.84223
109,9,481.58,622.42,130.68,214.13,1,1,0.88188
109,27,865.7,673.83,150.4,159.51,1,1,0.83383
109,29,1810.75,723.02,110.11,202.03,1,1,0.94199
109,7,1004.0,672.53,130.0,174.22,1,1,0.8698
109,30,930.62,591.91,82.88,110.46,1,1,0.85608
109,6,1615.65,514.47,86.67,160.09,1,1,0.82603
109,3,1377.02,646.87,99.58,186.59,1,1,0.90836
110,0,443.66,634.86,122.49,203.88,1,1,0.80473
110,14,954.86,798.17,172.22,216.14,1,1,0.89628
110,4,290.01,573.66,135.38,190.01,1,1,0.78897
110,17,1534.53,552.83,108.22,195.36,1,1,0.75846
110,8,633.04,592.0,139.64,194.42,1,1,0.91151
110,23,228.35,626.59,140.82,182.83,1,1,0.81919
110,25,1694.96,521.15,124.7,191.37,1,1,0.86913
110,21,493.41,496.07,91.03,154.04,1,1,0.82976
110,9,523.09,616.51,139.87,210.96,1,1,0.83176
110,27,905.16,615.98,136.98,200.39,1,1,0.72151
110,29,1819.68,718.43,111.3,198.49,1,1,0.93023
110,7,1038.86,634.73,142.38,199.24,1,1,0.85473
110,6,1629.63,512.08,96.18,166.31,1,1,0.77091
110,3,1386.52,646.39,113.51,186.87,1,1,0.88631
111,0,492.17,622.59,119.47,206.55,1,1,0.85979
111,14,983.05,780.52,180.22,219.62,1,1,0.9136
111,4,337.93,568.33,140.05,192.12,1,1,0.84521
111,17,1532.46,543.86,122.19,205.79,1,1,0.7106
111,8,674.83,582.61,148.46,197.2,1,1,0.92349
111,23,281.27,617.45,126.96,180.48,1,1,0.83066
111,25,1723.35,518.96,129.55,184.48,1,1,0.88241
111,21,536.51,492.96,94.33,146.65,1,1,0.82385
111,9,569.53,602.87,143.74,215.96,1,1,0.83693
111,29,1839.32,713.75,98.96,194.01,1,1,0.90899
111,7,1082.91,616.62,150.92,207.8,1,1,0.90561
111,6,1656.36,511.34,95.01,161.87,1,1,0.7085
111,3,1408.99,642.98,129.77,188.7,1,1,0.9143
111,30,981.41,579.64,94.86,127.83,1,1,0.76771
112,0,538.68,623.87,107.89,192.49,1,1,0.84249
112,14,1013.55,768.04,177.74,217.78,1,1,0.90174
112,4,383.82,564.51,131.47,192.69,1,1,0.82424
112,17,1589.72,538.04,105.55,199.94,1,1,0.75535
112,8,716.18,575.05,150.48,194.47,1,1,0.89408
112,23,333.37,612.47,122.31,175.73,1,1,0.80424
112,25,1752.23,516.05,132.51,177.7,1,1,0.87867
112,9,608.19,594.28,155.29,213.29,1,1,0.84858
112,29,1857.49,708.79,80.66,188.27,1,1,0.89003
112,7,1126.72,608.2,152.92,205.0,1,1,0.85107
112,6,1679.63,511.84,95.37,151.87,1,1,0.71044
112,3,1432.32,639.61,134.3,186.07,1,1,0.91939
112,30,1014.52,574.59,96.03,133.21,1,1,0.80351
113,0,583.37,622.17,116.92,184.43,1,1,0.86542
113,14,1046.8,766.79,167.79,204.8,1,1,0.91738
113,4,430.63,562.08,128.28,173.59,1,1,0.79679
113,17,1636.75,535.0,98.06,199.15,1,1,0.80244
113,8,753.57,570.44,153.0,190.48,1,1,0.89319
113,23,387.03,609.18,124.57,169.76,1,1,0.86016
113,25,1779.3,513.46,135.54,174.57,1,1,0.87552
113,9,651.37,587.24,149.24,208.41,1,1,0.85116
113,29,1874.8,704.05,60.22,185.72,1,1,0.86218
113,7,1175.91,607.17,146.01,197.8,1,1,0.84143
113,6,1704.82,513.1,98.23,138.47,1,1,0.8076
113,3,1454.62,636.54,127.53,182.77,1,1,0.88917
113,30,1046.84,572.23,96.84,149.25,1,1,0.80206
113,32,1797.28,376.18,77.11,147.84,1,1,0.72105
113,1,1110.16,674.4,110.81,216.6,1,1,0.68924
113,21,625.44,490.78,92.69,132.98,1,1,0.75846
114,0,625.22,615.79,108.51,181.85,1,1,0.84148
114,14,1074.55,764.62,154.66,196.94,1,1,0.90559
114,4,472.51,560.41,127.25,160.58,1,1,0.71119
114,17,1673.15,532.74,97.31,196.65,1,1,0.80264
114,8,788.74,569.41,147.3,185.09,1,1,0.89595
114,23,435.18,607.19,124.92,164.39,1,1,0.85164
114,25,1804.78,511.76,124.21,172.26,1,1,0.86775
114,9,695.75,585.21,137.87,202.99,1,1,0.84951
114,29,1887.71,700.13,42.23,184.23,1,1,0.81017
114,7,1225.59,609.59,132.7,186.75,1,1,0.83288
114,6,1728.14,517.25,115.02,138.8,1,1,0.74607
114,3,1471.95,635.08,127.75,177.85,1,1,0.8864
114,30,1076.0,570.88,96.48,157.75,1,1,0.83128
114,1,1152.08,678.7,108.05,207.34,1,1,0.70434
114,21,665.91,489.92,91.13,131.94,1,1,0.76678
115,0,660.08,614.97,107.53,173.92,1,1,0.80904
115,14,1100.11,760.37,135.8,189.2,1,1,0.87675
115,4,512.29,557.92,133.65,153.47,1,1,0.81136
115,17,1706.41,529.23,89.01,194.81,1,1,0.81887
115,8,825.25,567.66,136.59,181.18,1,1,0.89303
115,23,480.63,603.15,134.46,160.19,1,1,0.84239
115,25,1828.7,508.57,102.53,168.96,1,1,0.84439
115,9,735.17,590.04,124.36,188.35,1,1,0.85207
115,29,1898.05,694.03,27.05,182.95,1,1,0.70937
115,7,1268.31,609.16,121.12,176.41,1,1,0.82809
115,6,1752.55,514.88,119.13,140.09,1,1,0.79037
115,3,1482.95,632.29,137.54,175.94,1,1,0.8859
115,30,1098.94,567.48,100.62,166.72,1,1,0.84415
115,21,702.93,488.27,90.17,138.63,1,1,0.8048
115,33,12.75,601.92,143.26,189.14,1,1,0.82397
115,34,1220.71,601.55,62.83,100.98,1,1,0.66098
115,27,1167.82,601.27,107.8,177.07,1,1,0.71741
116,0,681.46,611.8,117.94,171.53,1,1,0.81737
116,14,1121.48,756.56,125.6,182.54,1,1,0.87167
116,4,546.55,555.45,125.77,147.96,1,1,0.78421
116,17,1734.09,521.71,84.03,199.1,1,1,0.83454
116,8,861.19,566.33,126.52,175.53,1,1,0.88982
116,23,517.78,598.76,135.57,158.73,1,1,0.83989
116,25,1846.67,505.91,81.3,164.31,1,1,0.85266
116,9,769.7,590.4,105.88,180.5,1,1,0.83942
116,7,1299.48,606.3,122.56,169.17,1,1,0.79652
116,6,1770.44,511.81,109.67,138.42,1,1,0.68516
116,3,1494.52,629.76,138.56,174.34,1,1,0.89668
116,30,1119.14,565.35,112.05,169.28,1,1,0.86935
116,21,735.85,485.68,87.9,144.98,1,1,0.80245
116,33,42.93,608.07,146.37,180.42,1,1,0.84421
116,34,1244.96,598.38,68.92,106.45,1,1,0.6588
117,0,702.27,609.34,110.74,170.51,1,1,0.80498
117,14,1133.88,753.38,127.7,175.98,1,1,0.84817
117,4,573.19,555.03,117.6,142.98,1,1,0.75081
117,17,1753.55,519.3,80.71,198.65,1,1,0.79842
117,8,890.05,565.24,124.37,171.48,1,1,0.87586
117,23,551.99,593.27,136.92,160.24,1,1,0.81245
117,25,1858.84,504.48,65.2,163.09,1,1,0.82909
117,9,794.64,590.47,101.73,176.84,1,1,0.82753
117,7,1325.54,604.39,123.13,168.2,1,1,0.82342
117,3,1504.21,628.69,133.69,174.75,1,1,0.88148
117,30,1133.87,564.01,123.08,169.33,1,1,0.87544
117,21,762.29,485.0,85.62,143.76,1,1,0.78487
117,33,64.94,568.7,111.53,168.65,1,1,0.80618
117,1,1246.88,671.85,99.57,200.96,1,1,0.78216
117,27,1242.58,596.97,98.64,170.87,1,1,0.69849
118,0,737.2,605.92,104.84,169.36,1,1,0.81204
118,14,1148.03,747.77,138.36,173.75,1,1,0.85963
118,4,602.24,552.21,121.11,164.68,1,1,0.82161
118,17,1775.62,505.78,85.23,207.4,1,1,0.81945
118,8,923.73,562.53,120.09,166.02,1,1,0.88
118,25,1872.59,502.64,50.37,188.21,1,1,0.70997
118,9,827.9,588.38,106.59,174.36,1,1,0.85598
118,7,1354.08,603.68,122.38,165.9,1,1,0.83195
118,3,1518.38,626.24,124.41,177.43,1,1,0.88242
118,30,1153.98,561.43,129.29,164.39,1,1,0.8878
118,21,792.67,483.77,82.53,137.35,1,1,0.74217
118,33,97.44,558.82,109.99,167.37,1,1,0.71719
118,1,1280.47,666.28,96.82,196.44,1,1,0.78196
118,27,1276.05,592.98,88.68,166.37,1,1,0.67567
118,34,1287.54,594.35,70.67,105.4,1,1,0.64599
119,0,763.71,603.56,102.49,164.66,1,1,0.83912
119,14,1156.72,743.4,150.35,171.88,1,1,0.85682
119,4,631.23,551.59,114.26,162.31,1,1,0.81076
119,17,1792.57,500.76,84.11,207.9,1,1,0.77805
119,8,953.39,560.92,117.39,163.45,1,1,0.87717
119,25,1890.05,500.63,31.01,183.62,1,1,0.69207
119,9,854.89,587.64,111.79,170.34,1,1,0.85113
119,7,1377.46,601.47,125.03,166.53,1,1,0.83966
119,3,1526.57,624.25,112.65,177.53,1,1,0.88292
119,30,1171.35,560.04,129.39,159.46,1,1,0.89173
119,21,820.25,483.59,77.93,136.96,1,1,0.78117
119,33,132.84,556.44,88.45,164.72,1,1,0.8258
119,1,1307.8,659.88,96.31,194.95,1,1,0.76144
119,27,1303.14,592.36,83.51,162.31,1,1,0.74303
119,35,509.64,405.48,87.98,157.88,1,1,0.80585
119,23,611.54,587.18,96.73,161.49,1,1,0.78804
120,0,786.02,601.53,96.52,156.5,1,1,0.84028
120,14,1170.16,739.3,147.78,173.93,1,1,0.87664
120,4,656.53,551.47,102.5,152.66,1,1,0.81115
120,17,1806.95,501.89,85.08,201.36,1,1,0.79437
120,8,978.23,559.54,109.16,162.89,1,1,0.88186
120,9,877.17,587.1,114.01,168.53,1,1,0.86499
120,7,1401.02,600.26,124.39,159.97,1,1,0.85172
120,3,1531.1,622.36,102.62,175.62,1,1,0.88069
120,30,1186.14,558.37,121.38,157.87,1,1,0.88718
120,21,845.53,485.56,72.15,136.48,1,1,0.80199
120,33,168.09,556.94,85.9,164.81,1,1,0.83192
120,1,1331.82,649.93,93.58,198.85,1,1,0.77069
120,35,552.36,409.51,82.12,152.4,1,1,0.79287
120,36,224.55,626.06,131.72,144.61,1,1,0.83194
120,37,4.17,720.73,99.86,182.55,1,1,0.86241
120,23,639.72,587.45,106.06,159.92,1,1,0.80137
120,34,1327.72,588.13,71.38,98.8,1,1,0.64106
121,0,806.34,599.06,99.19,153.0,1,1,0.83034
121,14,1180.34,734.81,115.4,173.47,1,1,0.83988
121,4,680.56,550.97,91.23,145.04,1,1,0.77336
121,17,1821.57,515.15,83.41,182.0,1,1,0.8147
121,8,999.05,558.85,102.13,165.26,1,1,0.86957
121,9,896.05,585.34,116.51,165.46,1,1,0.84856
121,7,1421.71,598.46,118.98,149.99,1,1,0.85394
121,3,1532.51,620.97,108.14,171.39,1,1,0.88576
121,30,1198.78,556.31,108.01,156.59,1,1,0.88746
121,21,869.14,487.1,69.35,131.76,1,1,0.78534
121,33,193.65,556.41,90.46,162.88,1,1,0.85044
121,1,1352.65,642.04,93.65,198.57,1,1,0.65522
121,35,594.15,412.95,79.9,146.57,1,1,0.83075
121,36,259.55,626.31,130.72,140.33,1,1,0.83918
121,37,20.73,716.31,123.58,178.71,1,1,0.86418
121,23,665.04,583.35,100.68,160.28,1,1,0.79122
121,27,1345.34,585.88,74.15,158.01,1,1,0.7484
122,0,826.55,595.85,113.21,153.91,1,1,0.85942
122,14,1188.89,730.6,114.1,170.71,1,1,0.86059
122,4,701.96,548.29,95.73,137.48,1,1,0.79565
122,17,1822.62,518.83,93.53,175.78,1,1,0.72287
122,8,1019.2,559.05,91.95,163.21,1,1,0.84618
122,9,914.49,583.22,115.85,160.26,1,1,0.8461
122,7,1439.71,596.87,116.77,151.21,1,1,0.82891
122,3,1534.8,618.9,114.79,166.65,1,1,0.88911
122,30,1206.82,554.0,97.11,154.7,1,1,0.88333
122,21,892.17,487.6,66.65,134.63,1,1,0.77073
122,33,218.56,553.36,88.13,156.82,1,1,0.84411
122,35,635.41,413.52,75.84,142.07,1,1,0.79072
122,36,286.16,624.29,132.9,138.68,1,1,0.8559
122,37,52.85,709.14,134.14,174.72,1,1,0.86633
122,23,690.36,574.11,100.59,160.61,1,1,0.80783
122,34,1359.86,565.6,73.66,116.66,1,1,0.77649
123,0,851.15,593.89,119.81,152.35,1,1,0.84675
123,14,1196.69,726.22,115.41,168.34,1,1,0.8675
123,4,723.77,544.91,99.84,136.9,1,1,0.74091
123,17,1817.13,521.51,107.62,171.22,1,1,0.73201
123,8,1040.2,559.53,81.79,157.97,1,1,0.84292
123,9,935.37,583.9,108.89,153.04,1,1,0.83512
123,7,1458.87,595.52,99.73,138.84,1,1,0.70838
123,3,1536.31,616.89,122.55,161.69,1,1,0.87513
123,30,1215.3,550.98,97.55,154.77,1,1,0.88165
123,21,913.84,487.85,64.58,132.86,1,1,0.77658
123,33,245.28,550.2,90.21,149.16,1,1,0.8281
123,35,673.03,413.51,74.83,137.27,1,1,0.7634
123,36,315.77,622.37,123.51,139.38,1,1,0.82979
123,37,101.16,706.55,119.75,164.06,1,1,0.83059
123,23,713.18,570.93,99.58,155.74,1,1,0.79006
123,34,1377.43,566.4,72.07,121.32,1,1,0.73312
123,1,1407.88,641.18,87.71,186.13,1,1,0.69264
124,0,873.8,592.45,107.27,147.22,1,1,0.82721
124,14,1203.63,722.14,122.55,165.18,1,1,0.87212
124,4,744.35,542.96,102.02,134.64,1,1,0.76718
124,17,1814.72,522.32,113.03,173.4,1,1,0.72422
124,8,1056.24,561.85,83.38,151.91,1,1,0.85491
124,9,951.7,582.53,100.13,153.65,1,1,0.83518
124,3,1536.22,615.03,125.93,157.5,1,1,0.85721
124,30,1223.59,549.02,103.46,154.57,1,1,0.8831
124,21,933.64,486.41,64.2,127.33,1,1,0.7755
124,33,267.96,547.81,91.87,144.23,1,1,0.81921
124,36,347.67,621.19,105.97,140.18,1,1,0.82822
124,37,149.26,710.0,101.88,149.57,1,1,0.77621
124,23,734.53,569.53,101.71,151.27,1,1,0.79992
124,34,1392.81,568.28,74.29,136.82,1,1,0.77007
124,1,1433.3,640.46,88.19,180.69,1,1,0.68865
124,27,1437.69,589.7,103.93,132.08,1,1,0.70046
125,0,893.37,591.42,92.5,143.23,1,1,0.82047
125,14,1210.99,717.48,127.98,159.12,1,1,0.87142
125,4,764.54,541.25,98.89,131.51,1,1,0.73355
125,8,1073.11,562.4,88.8,146.42,1,1,0.8651
125,9,964.57,581.24,94.72,153.2,1,1,0.81929
125,3,1536.6,612.15,121.8,158.68,1,1,0.84743
125,30,1233.95,546.75,108.16,152.47,1,1,0.87738
125,21,951.41,485.78,66.97,129.87,1,1,0.75999
125,33,288.84,537.91,94.81,151.95,1,1,0.82947
125,36,372.17,619.0,109.46,139.14,1,1,0.84163
125,37,199.73,717.06,74.69,130.44,1,1,0.72093
125,23,754.98,570.41,109.1,144.86,1,1,0.82735
125,34,1410.11,567.83,76.31,145.12,1,1,0.77056
126,0,909.73,591.12,82.2,138.85,1,1,0.83191
126,14,1217.98,712.95,127.44,150.51,1,1,0.87901
126,4,779.91,540.53,96.84,120.48,1,1,0.73255
126,8,1087.02,561.28,94.52,143.17,1,1,0.86989
126,9,979.2,581.03,97.72,150.49,1,1,0.82373
126,3,1538.45,610.17,108.47,161.0,1,1,0.84871
126,30,1241.06,543.64,112.23,150.46,1,1,0.87501
126,21,966.98,485.73,68.64,131.07,1,1,0.76158
126,33,312.61,535.96,94.19,152.8,1,1,0.83851
126,36,392.76,616.98,121.91,136.98,1,1,0.85904
126,23,773.86,566.13,107.55,145.32,1,1,0.8073
126,34,1424.0,567.5,76.82,141.63,1,1,0.7928
127,0,921.92,591.39,76.68,134.77,1,1,0.82073
127,14,1224.47,709.11,124.43,148.4,1,1,0.87244
127,4,795.98,539.8,90.16,121.35,1,1,0.72253
127,8,1099.25,559.96,97.46,140.95,1,1,0.86614
127,9,997.46,578.52,97.11,147.4,1,1,0.81463
127,3,1543.22,604.31,89.32,163.53,1,1,0.84078
127,30,1247.27,542.11,113.05,146.93,1,1,0.8789
127,21,983.81,484.86,65.55,127.23,1,1,0.75725
127,33,337.35,538.27,85.52,149.94,1,1,0.83643
127,36,413.62,614.64,130.17,130.64,1,1,0.85253
127,23,792.63,567.6,103.41,142.23,1,1,0.80525
127,34,1435.88,567.1,76.3,138.89,1,1,0.8088
127,1,1485.89,625.17,82.08,179.78,1,1,0.75354
128,0,931.39,591.04,81.83,132.04,1,1,0.82844
128,14,1229.54,705.5,116.66,148.26,1,1,0.87997
128,4,808.52,540.48,84.95,124.37,1,1,0.71739
128,8,1108.21,559.3,99.03,139.11,1,1,0.86662
128,9,1007.94,577.51,104.31,144.47,1,1,0.83396
128,3,1552.96,600.52,75.57,162.29,1,1,0.83122
128,30,1255.72,540.88,106.23,145.36,1,1,0.86799
128,21,996.01,485.99,64.25,126.18,1,1,0.76673
128,33,355.23,541.4,84.92,146.2,1,1,0.83556
128,36,437.35,612.46,130.74,128.91,1,1,0.86718
128,23,807.21,571.72,96.53,136.51,1,1,0.81513
128,34,1446.7,567.13,73.08,137.96,1,1,0.82363
129,0,941.74,590.41,87.88,131.98,1,1,0.84085
129,14,1230.66,702.02,103.71,144.84,1,1,0.87825
129,4,819.82,540.64,73.7,110.06,1,1,0.73135
129,8,1117.48,559.33,98.06,140.4,1,1,0.85972
129,9,1015.69,577.63,109.19,141.71,1,1,0.84549
129,3,1562.85,598.59,67.48,158.84,1,1,0.79847
129,30,1261.96,541.05,94.37,143.31,1,1,0.85882
129,21,1010.14,488.17,59.49,125.64,1,1,0.73986
129,33,369.73,543.5,90.57,140.64,1,1,0.81784
129,36,458.29,610.4,123.47,124.81,1,1,0.86931
129,23,821.06,573.98,82.57,131.79,1,1,0.82036
129,34,1456.3,566.82,69.6,137.55,1,1,0.8168
129,39,272.05,674.55,72.07,130.11,1,1,0.81824
129,1,1519.92,616.84,70.03,181.7,1,1,0.73102
130,0,949.12,588.97,86.85,129.66,1,1,0.84209
130,14,1228.51,699.1,102.57,144.26,1,1,0.87044
130,4,828.05,540.29,75.15,108.31,1,1,0.69572
130,8,1126.21,558.67,90.25,138.81,1,1,0.85774
130,9,1025.8,576.68,110.67,137.39,1,1,0.84698
130,3,1573.39,593.63,62.11,153.44,1,1,0.80756
130,30,1262.69,540.79,82.98,141.08,1,1,0.85078
130,21,1023.52,489.86,54.36,124.53,1,1,0.7927
130,33,388.78,542.26,88.27,136.34,1,1,0.81599
130,36,475.46,606.88,111.72,125.25,1,1,0.87572
130,23,829.7,571.01,83.35,131.81,1,1,0.8231
130,34,1462.94,566.85,69.38,137.06,1,1,0.8264
130,39,294.65,670.86,79.65,135.96,1,1,0.8312
130,1,1520.51,602.87,71.25,189.21,1,1,0.70515
131,0,954.93,589.04,92.91,128.04,1,1,0.85333
131,14,1224.29,696.19,108.78,140.01,1,1,0.87846
131,4,835.57,541.36,77.71,111.26,1,1,0.71304
131,8,1131.81,559.21,80.85,134.1,1,1,0.86072
131,9,1035.25,576.52,106.52,129.13,1,1,0.8512
131,3,1579.89,590.32,62.94,145.67,1,1,0.82023
131,30,1258.13,541.44,76.72,137.84,1,1,0.86381
131,21,1033.83,491.84,49.52,119.62,1,1,0.77846
131,33,413.39,545.16,75.73,126.33,1,1,0.78621
131,36,487.49,606.25,99.94,122.87,1,1,0.85246
131,23,840.44,573.33,84.41,125.59,1,1,0.83147
131,34,1466.4,566.2,65.09,135.88,1,1,0.83205
131,39,316.33,667.32,84.24,137.01,1,1,0.84564
131,1,1515.77,594.74,71.83,171.05,1,1,0.77118
131,41,1799.47,511.92,86.86,102.06,1,1,0.84018
132,0,960.18,587.62,90.56,129.09,1,1,0.86553
132,14,1218.73,692.24,113.49,135.99,1,1,0.86695
132,4,841.14,541.37,86.38,110.69,1,1,0.79747
132,8,1136.21,557.96,69.21,130.25,1,1,0.84281
132,9,1043.0,575.94,100.96,125.78,1,1,0.84079
132,3,1585.9,587.0,67.11,134.88,1,1,0.84057
132,30,1256.13,540.45,78.12,134.81,1,1,0.8628
132,21,1040.96,493.09,48.8,115.06,1,1,0.78167
132,36,502.13,604.99,94.58,120.11,1,1,0.85029
132,23,845.65,571.11,89.56,124.67,1,1,0.83446
132,34,1469.03,566.03,59.23,132.55,1,1,0.82425
132,39,338.24,655.31,85.97,143.35,1,1,0.81199
132,1,1510.98,591.49,70.59,168.62,1,1,0.73163
132,41,1795.77,509.33,91.26,105.09,1,1,0.85034
133,0,964.42,586.63,85.08,128.95,1,1,0.86595
133,14,1213.13,688.7,116.82,133.35,1,1,0.86574
133,4,847.71,541.36,83.76,101.13,1,1,0.73753
133,8,1139.68,557.16,63.49,126.54,1,1,0.83961
133,9,1049.6,575.11,89.48,123.24,1,1,0.82648
133,3,1591.51,584.84,70.19,129.43,1,1,0.83385
133,30,1253.69,539.73,84.45,132.53,1,1,0.87161
133,21,1045.92,493.16,49.79,113.91,1,1,0.79386
133,36,512.3,603.49,100.62,115.46,1,1,0.86434
133,23,849.08,573.0,95.54,119.21,1,1,0.84856
133,34,1471.25,566.79,53.54,127.96,1,1,0.80582
133,39,358.49,655.1,86.96,136.28,1,1,0.85806
133,1,1519.19,583.81,67.99,128.91,1,1,0.75737
133,41,1789.74,506.57,89.5,107.31,1,1,0.82504
133,42,1838.6,650.76,54.05,133.69,1,1,0.84047
134,0,965.87,586.3,79.08,127.89,1,1,0.85861
134,14,1208.16,684.56,111.1,135.51,1,1,0.83384
134,4,854.47,540.92,68.43,90.3,1,1,0.67683
134,8,1143.03,555.93,63.93,124.81,1,1,0.84681
134,9,1054.3,574.32,77.37,120.99,1,1,0.82815
134,3,1596.74,582.31,72.3,126.69,1,1,0.84304
134,30,1250.59,538.89,90.55,129.84,1,1,0.87747
134,21,1050.26,492.8,50.65,111.5,1,1,0.78318
134,36,524.14,601.04,104.24,113.54,1,1,0.86206
134,23,855.03,574.96,94.61,116.22,1,1,0.83982
134,34,1470.78,566.16,49.08,122.89,1,1,0.73013
134,39,374.18,653.4,93.91,130.42,1,1,0.86646
134,1,1522.26,580.62,63.36,119.34,1,1,0.78347
134,41,1781.89,504.44,75.0,108.43,1,1,0.8347
134,42,1829.62,649.59,62.68,135.33,1,1,0.85131
134,43,1493.78,603.9,71.12,144.8,1,1,0.82973
134,44,1842.56,521.82,50.43,108.97,1,1,0.81972
134,10,1557.2,616.83,59.68,157.19,1,1,0.75464
134,33,434.25,547.93,52.32,121.18,1,1,0.76929
135,0,965.81,585.79,83.39,124.06,1,1,0.86151
135,14,1204.6,680.32,97.21,135.94,1,1,0.82253
135,8,1147.47,554.24,65.92,123.9,1,1,0.84835
135,9,1057.49,568.76,68.5,123.97,1,1,0.80589
135,3,1601.99,579.61,74.25,124.49,1,1,0.85465
135,30,1246.02,537.91,95.5,126.99,1,1,0.87519
135,21,1055.73,492.62,51.16,106.25,1,1,0.76249
135,36,536.69,599.16,102.53,112.39,1,1,0.86866
135,23,860.11,555.54,89.52,135.1,1,1,0.83701
135,34,1470.61,564.56,49.59,118.14,1,1,0.72512
135,39,387.92,650.01,103.41,127.45,1,1,0.86468
135,1,1522.03,577.42,64.39,111.96,1,1,0.78907
135,41,1774.91,502.99,70.62,108.52,1,1,0.83029
135,42,1817.6,648.09,67.86,135.89,1,1,0.83944
135,43,1488.35,604.66,80.08,141.0,1,1,0.84742
135,44,1836.68,521.49,54.92,111.09,1,1,0.81398
135,10,1560.96,618.27,59.19,152.89,1,1,0.76236
135,33,439.31,551.88,57.51,114.14,1,1,0.81176
136,0,964.71,584.39,91.29,120.32,1,1,0.86684
136,14,1199.62,677.44,86.93,133.79,1,1,0.85015
136,8,1148.57,551.8,68.32,124.16,1,1,0.85595
136,9,1057.54,561.08,71.4,127.88,1,1,0.80694
136,3,1606.04,576.19,73.86,124.1,1,1,0.86135
136,30,1242.8,536.76,94.52,125.61,1,1,0.86717
136,21,1061.56,491.64,57.34,109.43,1,1,0.7901
136,36,548.49,596.17,95.11,112.99,1,1,0.86739
136,23,862.39,545.22,81.88,143.31,1,1,0.85538
136,34,1469.26,562.83,51.52,86.04,1,1,0.75264
136,39,400.41,645.14,108.51,126.75,1,1,0.86922
136,1,1520.04,574.44,66.94,104.39,1,1,0.78266
136,41,1766.22,501.11,71.23,106.86,1,1,0.84868
136,42,1803.43,646.0,72.36,134.28,1,1,0.83683
136,43,1475.96,605.01,91.48,134.94,1,1,0.86444
136,44,1829.16,519.65,59.49,111.64,1,1,0.8299
136,10,1562.69,618.45,60.29,147.42,1,1,0.7358
136,33,444.18,553.91,67.1,105.8,1,1,0.81846
137,0,964.13,583.27,96.03,116.67,1,1,0.87792
137,14,1191.92,673.49,89.21,131.49,1,1,0.86439
137,8,1149.52,551.06,68.11,123.21,1,1,0.85734
137,9,1057.35,559.21,77.67,125.64,1,1,0.83133
137,3,1610.19,573.62,74.76,123.58,1,1,0.86355
137,30,1241.77,536.6,87.38,123.79,1,1,0.86428
137,21,1066.52,492.12,60.29,105.85,1,1,0.81764
137,36,563.07,597.4,78.12,110.98,1,1,0.84468
137,23,869.57,565.72,72.44,120.11,1,1,0.77668
137,34,1468.58,561.51,54.55,96.56,1,1,0.75728
137,39,414.37,640.48,103.73,123.9,1,1,0.85783
137,1,1517.16,571.22,69.64,103.1,1,1,0.81878
137,41,1756.35,500.09,72.36,105.35,1,1,0.84475
137,42,1790.05,644.4,74.45,131.94,1,1,0.84133
137,43,1462.97,605.38,101.15,129.72,1,1,0.87576
137,44,1822.43,518.78,63.16,110.05,1,1,0.82904
137,10,1566.98,618.93,59.12,142.98,1,1,0.79443
137,33,446.54,555.22,79.64,101.38,1,1,0.843
137,4,863.07,538.19,54.01,108.65,1,1,0.7488
138,0,966.26,581.56,94.22,114.96,1,1,0.86454
138,14,1186.74,669.7,95.3,129.19,1,1,0.86541
138,8,1152.33,550.68,66.26,122.1,1,1,0.85119
138,9,1060.24,557.06,82.53,122.94,1,1,0.83797
138,3,1615.51,571.46,75.17,122.07,1,1,0.85792
138,30,1242.0,536.52,77.15,122.83,1,1,0.84759
138,21,1071.18,492.7,62.0,102.48,1,1,0.82289
138,36,585.21,611.76,54.53,96.89,1,1,0.67447
138,23,875.0,571.85,75.11,110.93,1,1,0.79798
138,34,1469.49,559.94,56.16,97.93,1,1,0.77783
138,39,427.74,636.44,97.76,122.1,1,1,0.84509
138,1,1516.45,567.45,68.2,103.45,1,1,0.82913
138,41,1748.07,499.15,74.36,104.31,1,1,0.85418
138,42,1777.11,641.41,79.79,129.83,1,1,0.8619
138,43,1451.96,605.43,107.14,124.92,1,1,0.87393
138,44,1818.9,518.86,65.9,108.4,1,1,0.8388
138,10,1571.66,617.05,56.87,139.07,1,1,0.74838
138,33,455.5,556.09,85.87,98.46,1,1,0.81767
138,4,866.49,536.24,50.94,115.26,1,1,0.7582
139,0,970.59,580.49,88.86,114.12,1,1,0.86204
139,14,1181.89,666.57,101.52,122.4,1,1,0.85537
139,8,1156.15,550.45,58.07,120.22,1,1,0.82413
139,9,1063.73,554.18,86.06,122.42,1,1,0.83083
139,3,1620.12,568.72,74.75,121.9,1,1,0.86164
139,30,1239.7,535.97,68.06,121.11,1,1,0.85196
139,21,1076.4,493.3,58.46,98.05,1,1,0.79088
139,23,876.08,570.94,82.33,107.53,1,1,0.81035
139,34,1469.85,558.33,57.81,97.9,1,1,0.78411
139,39,442.79,628.42,88.61,124.04,1,1,0.77115
139,1,1516.69,563.37,66.1,105.65,1,1,0.83642
139,41,1741.67,497.83,78.39,104.64,1,1,0.85898
139,42,1764.35,638.75,88.32,126.74,1,1,0.8676
139,43,1443.26,603.98,101.19,122.76,1,1,0.86388
139,44,1814.2,518.96,69.25,106.16,1,1,0.84508
139,4,870.63,534.02,52.82,112.58,1,1,0.68629
140,0,975.25,579.9,80.63,113.3,1,1,0.84942
140,14,1178.7,660.31,103.93,119.45,1,1,0.85324
140,8,1161.62,550.62,51.95,118.08,1,1,0.82256
140,9,1068.38,551.43,88.43,123.2,1,1,0.84682
140,3,1627.28,566.47,74.15,121.96,1,1,0.86542
140,30,1238.15,535.04,70.37,119.03,1,1,0.85518
140,21,1085.58,494.26,52.1,93.52,1,1,0.78705
140,23,878.24,567.93,89.92,108.15,1,1,0.8243
140,34,1471.39,556.78,60.22,107.36,1,1,0.78819
140,39,458.73,626.82,86.06,120.5,1,1,0.83455
140,1,1518.05,560.37,70.57,107.45,1,1,0.84303
140,41,1737.84,496.82,79.75,105.76,1,1,0.8591
140,42,1754.19,635.64,94.66,124.3,1,1,0.8699
140,43,1437.34,602.37,86.95,122.51,1,1,0.84635
140,44,1810.04,518.93,71.85,103.3,1,1,0.85087
140,4,877.07,532.23,70.66,109.25,1,1,0.70468
140,36,579.74,591.38,87.67,107.9,1,1,0.7632
140,10,1579.75,610.9,56.14,137.55,1,1,0.66445
140,33,478.82,556.17,68.58,91.07,1,1,0.80629
141,0,979.59,579.84,72.69,111.08,1,1,0.84122
141,14,1180.29,656.11,94.51,117.23,1,1,0.78583
141,8,1165.38,550.78,50.09,115.7,1,1,0.81387
141,9,1075.16,551.29,86.89,122.56,1,1,0.85708
141,3,1635.63,564.86,72.73,120.18,1,1,0.8583
141,30,1240.55,534.04,73.99,117.2,1,1,0.86416
141,21,1096.1,496.66,46.31,88.54,1,1,0.7949
141,23,887.64,573.85,89.84,100.42,1,1,0.79798
141,34,1474.89,555.78,61.63,108.68,1,1,0.81968
141,39,476.18,613.43,84.27,127.79,1,1,0.82053
141,1,1521.61,558.47,70.8,108.83,1,1,0.84011
141,41,1735.14,496.3,81.12,106.62,1,1,0.85659
141,42,1745.03,632.78,99.05,121.65,1,1,0.86853
141,43,1432.09,602.02,77.75,119.23,1,1,0.85538
141,44,1805.69,518.86,77.98,100.58,1,1,0.86149
141,4,883.47,531.96,59.29,111.09,1,1,0.69308
141,36,586.14,587.96,82.03,105.42,1,1,0.71049
141,33,496.3,556.36,56.92,88.19,1,1,0.7406
142,0,984.52,579.02,69.83,109.42,1,1,0.83275
142,14,1181.62,655.44,74.69,115.31,1,1,0.79729
142,8,1170.4,550.41,53.02,114.14,1,1,0.81351
142,9,1084.17,550.79,78.74,121.86,1,1,0.81781
142,3,1645.4,563.16,68.8,118.97,1,1,0.85049
142,30,1242.99,533.12,76.79,114.74,1,1,0.86534
142,21,1105.79,498.5,41.58,93.57,1,1,0.70635
142,23,893.07,557.43,88.48,116.32,1,1,0.7928
142,34,1478.55,555.67,60.34,108.03,1,1,0.82841
142,39,491.0,610.82,86.68,123.62,1,1,0.82402
142,1,1523.97,557.74,61.7,109.84,1,1,0.83688
142,41,1732.53,496.31,80.07,107.09,1,1,0.853
142,42,1734.97,630.9,105.41,121.47,1,1,0.87874
142,43,1426.01,601.71,79.39,116.78,1,1,0.83525
142,44,1801.07,518.99,82.75,98.26,1,1,0.86121
142,36,597.29,585.67,73.96,106.74,1,1,0.82436
142,33,511.67,555.94,53.01,83.72,1,1,0.73039
143,0,990.77,577.62,74.17,105.28,1,1,0.84887
143,14,1183.45,653.58,65.47,112.66,1,1,0.8211
143,8,1176.52,550.14,55.87,110.85,1,1,0.81946
143,9,1093.15,551.17,69.0,119.08,1,1,0.81153
143,3,1656.04,559.32,64.32,119.42,1,1,0.84782
143,30,1245.34,532.4,81.59,112.07,1,1,0.86464
143,21,1115.67,498.8,40.57,97.43,1,1,0.73597
143,23,901.21,552.45,81.2,120.62,1,1,0.80975
143,34,1481.97,554.83,54.52,107.62,1,1,0.81748
143,39,508.49,614.49,88.17,113.81,1,1,0.84672
143,1,1527.33,556.76,58.19,109.16,1,1,0.83165
143,41,1731.06,496.83,74.85,105.13,1,1,0.85512
143,42,1729.52,630.29,102.51,121.06,1,1,0.86371
143,43,1421.6,600.62,84.99,113.93,1,1,0.83734
143,44,1798.84,517.88,85.91,96.16,1,1,0.85411
143,36,610.7,583.65,72.26,108.13,1,1,0.83513
143,33,527.42,556.41,52.86,80.92,1,1,0.74282
143,46,1073.88,445.01,43.49,94.06,1,1,0.70728
144,0,998.86,576.47,76.91,102.96,1,1,0.86187
144,14,1186.64,648.96,67.32,110.86,1,1,0.82447
144,8,1183.86,548.2,56.73,108.32,1,1,0.80014
144,9,1101.66,550.91,62.57,116.69,1,1,0.82651
144,3,1667.39,556.52,61.62,119.11,1,1,0.85391
144,30,1244.81,531.07,87.64,112.76,1,1,0.85647
144,21,1126.29,497.74,41.28,101.13,1,1,0.77112
144,23,911.2,541.53,73.78,129.25,1,1,0.84411
144,34,1487.48,553.29,51.3,106.38,1,1,0.81324
144,39,525.79,613.04,85.36,109.86,1,1,0.84113
144,1,1530.21,556.58,59.57,106.7,1,1,0.84488
144,41,1729.59,497.81,67.79,102.51,1,1,0.86007
144,42,1726.68,629.63,92.2,121.7,1,1,0.85416
144,43,1418.68,599.3,92.71,114.37,1,1,0.85248
144,44,1799.5,516.48,86.18,94.56,1,1,0.86131
144,36,625.01,581.89,72.61,107.2,1,1,0.83478
144,33,543.8,556.43,51.89,77.08,1,1,0.73634
144,46,1090.86,445.63,42.51,91.25,1,1,0.7619
144,47,1876.34,498.41,30.13,86.73,1,1,0.77253
145,0,1003.88,575.99,78.91,102.66,1,1,0.86586
145,14,1186.97,644.99,71.21,110.38,1,1,0.83087
145,8,1189.39,547.23,58.86,105.42,1,1,0.82775
145,9,1107.42,550.46,61.35,114.58,1,1,0.84532
145,3,1676.65,554.08,56.26,119.44,1,1,0.84881
145,30,1249.49,531.67,83.71,110.75,1,1,0.85463
145,21,1134.94,497.94,45.04,101.39,1,1,0.80443
145,23,919.24,536.34,69.23,130.1,1,1,0.85388
145,34,1489.22,552.93,52.36,105.22,1,1,0.81228
145,39,538.34,614.45,81.32,103.83,1,1,0.82884
145,1,1532.18,557.19,61.69,103.68,1,1,0.84374
145,41,1727.22,499.7,64.69,98.91,1,1,0.87367
145,42,1722.99,630.43,79.41,119.01,1,1,0.84564
145,43,1416.05,598.48,92.68,114.43,1,1,0.85395
145,44,1799.96,516.03,79.08,93.67,1,1,0.85002
145,36,634.23,581.52,75.06,104.68,1,1,0.84718
145,33,559.65,556.02,47.89,72.42,1,1,0.76161
145,46,1106.1,446.04,39.42,84.21,1,1,0.7769
145,47,1876.66,498.58,33.3,88.03,1,1,0.77958
146,0,1007.94,575.6,79.02,102.38,1,1,0.87022
146,14,1186.19,643.53,80.09,109.55,1,1,0.85994
146,8,1193.26,546.63,57.71,105.02,1,1,0.81238
146,9,1112.63,550.59,65.38,111.51,1,1,0.85246
146,3,1683.91,551.83,51.86,118.57,1,1,0.84692
146,30,1258.04,532.46,72.74,107.72,1,1,0.84743
146,21,1141.48,496.46,47.11,97.72,1,1,0.80561
146,23,932.55,546.8,66.36,117.35,1,1,0.78652
146,34,1492.94,552.05,51.23,103.63,1,1,0.82543
146,39,554.46,597.34,68.97,116.39,1,1,0.81962
146,1,1535.38,556.65,63.81,102.4,1,1,0.85208
146,41,1722.92,500.23,68.83,96.84,1,1,0.88226
146,42,1719.93,631.34,68.99,115.74,1,1,0.84528
146,43,1414.16,598.04,83.32,115.02,1,1,0.83105
146,44,1798.97,515.73,72.91,92.22,1,1,0.85992
146,36,644.2,580.06,81.06,103.58,1,1,0.85786
146,33,573.18,555.11,45.74,67.0,1,1,0.7452
146,46,1119.7,448.05,38.01,81.67,1,1,0.77691
146,47,1873.3,497.63,37.74,89.3,1,1,0.79521
146,4,923.58,533.03,52.24,107.64,1,1,0.76943
147,0,1014.84,576.17,70.89,102.78,1,1,0.85856
147,14,1184.83,641.75,85.36,108.2,1,1,0.85987
147,8,1198.41,547.47,53.22,104.37,1,1,0.82001
147,9,1119.18,550.36,67.01,107.9,1,1,0.86237
147,3,1690.86,550.48,50.25,116.95,1,1,0.83398
147,30,1263.35,533.01,62.58,106.46,1,1,0.85395
147,21,1149.57,494.29,48.69,97.21,1,1,0.82064
147,23,941.75,556.12,66.17,106.79,1,1,0.83617
147,34,1496.34,551.3,50.91,103.45,1,1,0.82909
147,39,570.09,595.35,58.03,113.47,1,1,0.80502
147,1,1537.24,555.21,65.8,101.12,1,1,0.85376
147,41,1719.02,500.75,72.86,94.69,1,1,0.88383
147,42,1711.14,630.62,69.07,111.57,1,1,0.84848
147,43,1411.08,597.22,71.38,114.01,1,1,0.82094
147,44,1797.05,515.85,65.5,90.96,1,1,0.83918
147,36,655.04,579.31,83.79,98.73,1,1,0.86037
147,33,586.3,554.64,43.81,70.27,1,1,0.73626
147,46,1133.57,449.6,37.47,76.02,1,1,0.72412
147,47,1870.06,497.48,41.59,93.52,1,1,0.80077
147,48,84.49,664.98,79.46,119.94,1,1,0.70359
147,4,932.42,533.7,50.6,100.18,1,1,0.77755
148,0,1018.44,576.0,61.91,103.39,1,1,0.84948
148,14,1184.05,637.91,84.49,109.41,1,1,0.78837
148,8,1203.58,547.76,48.77,105.29,1,1,0.82867
148,9,1123.31,549.44,66.89,105.07,1,1,0.84756
148,3,1697.85,549.62,51.37,113.85,1,1,0.79814
148,30,1263.35,532.73,56.37,105.5,1,1,0.85213
148,21,1154.85,494.97,49.72,94.11,1,1,0.79658
148,23,944.77,559.62,70.95,100.2,1,1,0.83848
148,34,1499.01,550.66,48.6,102.89,1,1,0.83864
148,39,580.83,589.35,56.26,116.5,1,1,0.84447
148,1,1537.68,554.31,67.46,99.89,1,1,0.85894
148,41,1714.0,500.45,76.81,93.34,1,1,0.88259
148,42,1704.16,627.7,71.15,109.38,1,1,0.85704
148,43,1405.84,596.25,65.54,112.37,1,1,0.85571
148,44,1791.52,515.92,55.89,90.54,1,1,0.85521
148,36,663.26,578.95,86.04,95.17,1,1,0.86854
148,33,599.4,554.04,40.61,70.42,1,1,0.74605
148,46,1146.07,450.78,36.96,65.76,1,1,0.68961
148,47,1864.88,496.71,46.11,97.64,1,1,0.81509
148,48,111.95,662.09,82.7,123.94,1,1,0.80136
148,4,936.27,533.98,50.12,97.27,1,1,0.72301
149,0,1017.74,576.12,58.95,100.59,1,1,0.85739
149,14,1182.0,629.36,65.16,115.9,1,1,0.78938
149,8,1207.94,548.81,46.95,103.65,1,1,0.83348
149,9,1126.51,549.01,65.1,104.36,1,1,0.84276
149,3,1703.34,549.1,52.8,110.22,1,1,0.84226
149,30,1262.05,532.98,56.45,104.33,1,1,0.8575
149,21,1159.9,501.01,49.75,90.27,1,1,0.70421
149,23,946.65,560.18,71.51,98.52,1,1,0.83614
149,34,1500.48,550.52,48.4,101.7,1,1,0.83448
149,39,591.78,597.13,58.64,107.0,1,1,0.81451
149,1,1537.83,553.95,66.74,98.75,1,1,0.85377
149,41,1708.09,500.96,76.11,87.47,1,1,0.86886
149,42,1693.16,623.02,76.46,108.73,1,1,0.86561
149,43,1397.95,595.54,68.12,110.39,1,1,0.85764
149,44,1782.92,515.18,58.0,90.17,1,1,0.85996
149,36,669.0,578.79,86.63,94.47,1,1,0.86559
149,33,609.45,553.16,39.88,71.94,1,1,0.77482
149,46,1155.43,451.78,36.83,71.24,1,1,0.68251
149,47,1859.16,497.04,50.27,99.69,1,1,0.81503
149,48,135.91,660.49,87.56,122.64,1,1,0.81553
150,0,1015.58,574.72,65.72,98.98,1,1,0.85692
150,14,1179.54,626.85,62.98,115.83,1,1,0.8307
150,8,1209.99,550.5,46.48,101.03,1,1,0.83949
150,9,1129.75,548.96,63.31,103.94,1,1,0.84358
150,3,1706.79,549.84,53.74,107.72,1,1,0.84133
150,30,1260.67,532.77,59.07,102.08,1,1,0.85987
150,23,948.81,562.6,70.83,95.88,1,1,0.8079
150,34,1501.44,550.55,50.76,101.07,1,1,0.82372
150,39,596.58,594.73,67.6,106.97,1,1,0.84689
150,1,1536.84,553.99,64.43,97.02,1,1,0.84596
150,41,1703.26,500.93,69.5,86.31,1,1,0.82478
150,42,1681.52,620.86,82.48,109.19,1,1,0.83441
150,43,1389.06,594.09,75.33,109.93,1,1,0.84674
150,44,1776.13,514.45,60.91,89.14,1,1,0.85689
150,36,676.68,578.25,78.68,96.59,1,1,0.86389
150,33,620.34,551.92,39.64,76.14,1,1,0.8035
150,47,1851.78,497.75,55.37,102.08,1,1,0.79982
150,48,164.3,658.67,87.11,118.93,1,1,0.82363
150,4,946.51,534.9,49.99,88.96,1,1,0.67736
151,0,1015.81,574.77,71.2,96.29,1,1,0.85557
151,14,1172.73,626.3,63.68,112.74,1,1,0.82056
151,8,1210.76,551.06,46.32,98.4,1,1,0.82577
151,9,1133.18,548.94,57.35,102.88,1,1,0.81335
151,3,1710.28,552.6,52.15,103.06,1,1,0.7904
151,30,1258.57,532.39,62.27,99.17,1,1,0.8591
151,23,953.34,545.49,60.99,109.74,1,1,0.81639
151,34,1501.83,550.51,48.82,99.72,1,1,0.79954
151,39,600.49,589.49,75.87,107.81,1,1,0.85086
151,1,1534.1,553.81,58.05,96.35,1,1,0.81112
151,41,1697.87,501.59,58.76,86.75,1,1,0.79413
151,42,1671.89,620.1,82.26,104.7,1,1,0.77892
151,43,1379.84,592.74,82.87,109.32,1,1,0.83384
151,44,1772.03,513.21,61.76,88.68,1,1,0.86309
151,36,684.89,576.88,64.3,97.38,1,1,0.83735
151,33,631.28,550.12,38.46,79.2,1,1,0.80105
151,48,189.62,656.11,87.43,116.83,1,1,0.85261
151,21,1169.52,501.65,46.11,92.88,1,1,0.77901
151,46,1174.17,454.71,34.29,62.68,1,1,0.71124
152,0,1015.84,574.04,74.77,94.09,1,1,0.86206
152,14,1164.19,624.67,71.52,110.09,1,1,0.81918
152,8,1212.09,551.01,47.13,96.93,1,1,0.82178
152,9,1135.62,548.87,46.32,100.92,1,1,0.80458
152,3,1712.08,552.95,50.3,102.41,1,1,0.79365
152,30,1255.74,532.29,65.71,96.66,1,1,0.85403
152,23,954.1,539.42,53.11,114.3,1,1,0.84588
152,34,1502.16,551.28,43.77,98.08,1,1,0.78443
152,39,606.83,588.26,78.26,107.2,1,1,0.85201
152,1,1528.8,554.59,52.94,95.69,1,1,0.79967
152,41,1690.78,502.27,50.55,87.69,1,1,0.78445
152,42,1660.85,616.66,66.53,113.47,1,1,0.77933
152,43,1371.24,591.86,82.99,108.63,1,1,0.79892
152,44,1765.32,512.05,63.28,88.91,1,1,0.87055
152,36,691.41,577.06,52.96,95.75,1,1,0.82425
152,33,638.93,547.22,39.58,81.31,1,1,0.77935
152,48,213.52,653.67,86.66,117.38,1,1,0.85049
152,21,1172.86,501.58,44.09,94.54,1,1,0.77375
152,46,1181.55,456.37,33.9,66.91,1,1,0.71528
153,0,1014.98,573.55,75.06,94.86,1,1,0.85952
153,14,1158.64,619.05,75.87,111.74,1,1,0.83291
153,8,1211.85,551.45,48.46,95.17,1,1,0.82006
153,9,1137.68,548.8,44.83,97.46,1,1,0.79978
153,3,1709.27,549.51,51.92,104.72,1,1,0.80452
153,30,1253.64,532.8,66.61,93.5,1,1,0.84719
153,23,953.55,538.11,53.55,114.19,1,1,0.84544
153,34,1501.08,551.98,40.06,95.92,1,1,0.77207
153,39,616.49,587.52,72.84,105.92,1,1,0.84915
153,1,1524.48,554.75,52.39,93.85,1,1,0.81618
153,41,1682.23,503.49,44.05,79.63,1,1,0.69814
153,42,1650.31,608.44,62.52,121.89,1,1,0.74867
153,43,1363.92,591.09,69.71,108.13,1,1,0.80836
153,44,1758.02,511.95,61.77,87.3,1,1,0.86952
153,36,695.25,577.7,51.56,93.06,1,1,0.82969
153,33,647.3,544.62,38.73,84.6,1,1,0.78131
153,48,235.84,651.36,87.47,116.77,1,1,0.85183
153,21,1176.09,500.39,41.67,95.28,1,1,0.77051
153,46,1188.17,457.52,34.12,70.8,1,1,0.76426
154,0,1014.0,573.09,74.29,95.76,1,1,0.85816
154,14,1153.3,617.67,77.8,109.98,1,1,0.83037
154,8,1209.98,551.81,50.78,94.63,1,1,0.82253
154,9,1136.81,548.83,42.57,88.9,1,1,0.79421
154,3,1706.57,550.42,52.81,103.11,1,1,0.83382
154,30,1251.83,533.45,63.77,93.86,1,1,0.84403
154,23,951.33,551.59,60.03,101.16,1,1,0.77176
154,34,1498.1,552.27,39.56,92.61,1,1,0.76793
154,39,627.41,587.48,62.07,104.43,1,1,0.84013
154,1,1520.53,553.71,53.52,92.68,1,1,0.78784
154,41,1670.37,503.71,46.5,81.32,1,1,0.80075
154,42,1638.14,600.86,58.39,126.79,1,1,0.80209
154,43,1356.9,590.85,65.13,109.34,1,1,0.84706
154,44,1750.53,512.25,56.7,86.24,1,1,0.86189
154,36,696.92,578.72,53.78,86.66,1,1,0.82826
154,33,654.47,544.9,37.27,78.65,1,1,0.75437
154,48,258.38,649.84,85.47,114.95,1,1,0.85165
154,21,1176.67,501.4,40.9,93.75,1,1,0.79095
154,46,1192.57,459.69,35.97,72.65,1,1,0.7992
154,47,1845.78,513.58,49.61,92.43,1,1,0.64686
155,0,1013.35,573.08,66.27,98.2,1,1,0.826
155,14,1147.26,613.66,77.27,111.38,1,1,0.80313
155,8,1208.96,552.8,46.29,94.1,1,1,0.79346
155,9,1135.37,548.37,42.26,81.32,1,1,0.79087
155,3,1704.68,552.95,52.4,99.7,1,1,0.83335
155,30,1249.02,534.43,57.45,93.47,1,1,0.83155
155,23,947.72,546.45,65.52,104.34,1,1,0.83286
155,34,1493.38,552.04,39.62,89.51,1,1,0.7183
155,39,635.68,590.47,53.7,99.69,1,1,0.82311
155,1,1516.62,552.85,54.88,91.42,1,1,0.77798
155,41,1660.53,504.28,49.62,80.16,1,1,0.81701
155,42,1628.69,598.42,55.75,125.19,1,1,0.82654
155,43,1346.97,590.75,69.3,110.03,1,1,0.8298
155,44,1743.45,512.36,50.29,85.8,1,1,0.83245
155,36,696.0,579.97,55.44,82.54,1,1,0.83903
155,33,659.51,545.77,39.46,75.73,1,1,0.7517
155,48,277.39,649.03,83.68,113.01,1,1,0.83468
155,21,1178.06,502.78,39.25,92.43,1,1,0.78356
155,46,1196.94,461.59,35.47,72.23,1,1,0.79453
156,0,1008.66,573.09,60.21,100.37,1,1,0.83235
156,14,1140.8,612.51,72.69,110.64,1,1,0.78371
156,8,1206.13,553.6,42.07,94.5,1,1,0.7999
156,9,1133.58,547.81,50.17,86.65,1,1,0.82466
156,3,1700.07,553.17,53.28,97.74,1,1,0.84798
156,30,1244.49,534.59,51.01,93.79,1,1,0.82856
156,23,944.2,544.29,65.6,105.15,1,1,0.84053
156,34,1488.67,550.77,38.86,89.24,1,1,0.73898
156,39,641.34,591.51,50.21,95.7,1,1,0.81796
156,1,1510.77,551.67,57.33,90.02,1,1,0.8004
156,41,1650.41,504.69,51.68,78.97,1,1,0.83964
156,42,1617.75,599.38,58.32,120.18,1,1,0.81469
156,43,1334.79,590.56,68.98,109.73,1,1,0.83765
156,44,1735.83,512.27,42.88,85.39,1,1,0.83471
156,36,695.88,580.46,53.54,81.24,1,1,0.8382
156,33,664.33,545.37,41.01,81.67,1,1,0.75551
156,48,295.79,647.83,79.64,110.79,1,1,0.76625
156,21,1177.42,502.95,38.88,92.98,1,1,0.7802
156,46,1200.05,462.87,35.33,71.27,1,1,0.80433
157,0,1002.36,572.93,60.62,97.71,1,1,0.84177
157,14,1133.69,614.07,63.39,106.64,1,1,0.77247
157,8,1204.7,555.16,38.09,92.6,1,1,0.79597
157,9,1130.43,547.64,54.44,88.18,1,1,0.79695
157,3,1694.24,552.33,54.61,96.81,1,1,0.84923
157,30,1236.16,535.36,47.92,92.57,1,1,0.80904
157,23,943.09,543.97,60.93,105.78,1,1,0.832
157,34,1483.4,549.52,38.45,90.03,1,1,0.7844
157,39,645.09,590.85,49.55,93.64,1,1,0.80295
157,1,1505.61,551.3,57.65,88.46,1,1,0.78788
157,41,1641.1,505.23,51.53,79.65,1,1,0.83313
157,42,1605.17,606.09,59.15,108.42,1,1,0.80499
157,43,1325.22,589.99,69.82,109.86,1,1,0.83529
157,44,1726.81,512.77,43.09,83.83,1,1,0.83352
157,36,697.92,581.25,47.8,79.96,1,1,0.81965
157,33,668.12,547.56,40.96,74.24,1,1,0.70175
157,48,315.7,647.34,81.79,110.17,1,1,0.76808
157,21,1176.4,504.27,38.68,91.01,1,1,0.75651
157,46,1202.76,463.53,34.68,69.51,1,1,0.79998
157,10,1630.86,592.7,44.93,104.99,1,1,0.64218
158,0,998.23,571.86,63.81,100.04,1,1,0.84321
158,14,1124.64,614.68,59.31,103.59,1,1,0.8255
158,8,1201.61,555.19,37.79,91.79,1,1,0.8061
158,9,1126.22,546.97,58.24,87.25,1,1,0.81138
158,3,1691.29,551.16,54.32,96.19,1,1,0.84674
158,30,1232.51,534.62,47.67,90.9,1,1,0.83212
158,23,942.55,543.66,55.8,105.43,1,1,0.83491
158,34,1477.6,548.36,39.3,90.82,1,1,0.77704
158,39,647.67,589.56,47.85,92.58,1,1,0.79844
158,1,1498.91,550.35,56.65,96.27,1,1,0.71478
158,41,1633.62,504.14,48.19,82.2,1,1,0.82587
158,42,1592.9,607.72,55.46,97.69,1,1,0.73461
158,43,1307.92,588.32,81.75,108.79,1,1,0.83339
158,44,1717.03,512.12,44.21,83.46,1,1,0.8381
158,36,699.9,582.08,43.66,79.34,1,1,0.8236
158,33,670.14,550.26,40.5,76.08,1,1,0.74168
158,48,327.49,645.77,82.69,110.04,1,1,0.80296
158,21,1175.09,504.6,36.94,90.09,1,1,0.77892
158,46,1205.16,463.62,33.5,68.26,1,1,0.79163
158,47,1820.31,517.93,52.39,90.17,1,1,0.73797
159,0,991.96,570.99,67.66,98.05,1,1,0.84766
159,14,1114.61,615.51,63.5,100.24,1,1,0.84036
159,8,1195.54,553.47,40.32,91.99,1,1,0.79872
159,9,1120.04,545.98,57.47,85.83,1,1,0.80507
159,3,1689.51,548.74,50.74,96.46,1,1,0.82352
159,30,1226.97,533.61,49.45,88.97,1,1,0.82955
159,23,938.77,543.87,52.71,104.17,1,1,0.81725
159,34,1470.42,546.56,42.87,93.73,1,1,0.73438
159,39,645.24,588.07,47.57,90.79,1,1,0.78596
159,1,1492.71,549.63,53.13,100.59,1,1,0.70986
159,41,1625.52,504.01,48.6,83.99,1,1,0.82112
159,42,1580.04,608.68,54.23,85.42,1,1,0.72138
159,43,1298.75,587.05,79.68,104.29,1,1,0.81678
159,36,697.36,582.26,43.07,77.48,1,1,0.81458
159,33,668.65,551.94,39.06,74.2,1,1,0.72063
159,48,334.79,644.04,82.96,107.9,1,1,0.8131
159,21,1172.45,505.97,35.23,88.24,1,1,0.76269
159,46,1205.83,462.96,32.6,66.21,1,1,0.75892
160,0,985.63,570.71,70.69,93.56,1,1,0.86555
160,14,1105.62,618.0,67.89,95.66,1,1,0.8373
160,8,1190.5,553.58,43.02,90.24,1,1,0.80061
160,9,1116.5,546.39,49.66,82.65,1,1,0.80258
160,3,1690.68,544.37,48.1,99.69,1,1,0.80249
160,30,1222.04,533.72,52.08,85.1,1,1,0.82298
160,23,934.63,546.3,47.96,101.52,1,1,0.80746
160,39,641.08,585.68,50.59,90.91,1,1,0.78424
160,1,1486.94,549.21,51.81,102.04,1,1,0.73922
160,41,1617.98,504.52,47.67,87.51,1,1,0.81309
160,42,1569.8,609.02,56.58,90.14,1,1,0.69665
160,43,1291.86,586.17,71.75,104.93,1,1,0.7788
160,36,688.02,582.81,48.82,78.86,1,1,0.81847
160,33,666.27,553.81,36.52,70.07,1,1,0.65434
160,48,340.75,642.9,83.14,110.52,1,1,0.79748
160,21,1171.12,507.19,32.78,86.74,1,1,0.75247
160,46,1206.93,462.71,32.27,65.99,1,1,0.76856
161,0,978.06,570.83,67.32,91.93,1,1,0.83409
161,14,1096.08,618.14,72.89,93.92,1,1,0.85104
161,8,1184.57,551.75,46.43,90.34,1,1,0.79398
161,9,1112.45,546.46,49.98,81.32,1,1,0.80921
161,3,1691.71,538.64,47.63,104.14,1,1,0.78027
161,30,1216.31,533.43,53.66,81.55,1,1,0.81027
161,23,934.15,544.38,43.97,102.27,1,1,0.7867
161,39,635.21,581.48,51.52,92.67,1,1,0.7771
161,1,1480.94,548.97,53.73,101.89,1,1,0.7379
161,41,1612.16,504.58,47.37,88.7,1,1,0.81546
161,42,1561.29,608.87,52.99,91.28,1,1,0.67959
161,43,1283.66,585.61,65.89,105.92,1,1,0.82536
161,36,681.27,583.31,51.77,80.08,1,1,0.82595
161,33,662.06,555.69,36.05,75.79,1,1,0.69351
161,48,342.45,642.84,82.2,112.09,1,1,0.79037
161,21,1169.44,507.74,30.58,85.28,1,1,0.69966
161,46,1207.65,461.92,31.96,65.2,1,1,0.74116
161,47,1807.09,514.32,46.71,89.77,1,1,0.68807
162,0,970.45,570.64,60.15,93.51,1,1,0.81854
162,14,1081.97,617.62,80.94,96.07,1,1,0.86427
162,8,1179.16,549.33,48.56,91.41,1,1,0.76494
162,9,1108.45,546.42,45.72,87.01,1,1,0.8066
162,3,1692.93,532.68,46.84,109.46,1,1,0.74579
162,30,1209.9,534.09,53.35,83.92,1,1,0.7445
162,23,936.38,541.55,38.04,99.99,1,1,0.76625
162,39,626.87,577.07,57.98,96.58,1,1,0.76927
162,1,1478.41,548.96,55.75,104.35,1,1,0.70987
162,41,1605.58,504.42,51.05,87.36,1,1,0.8356
162,42,1552.47,609.38,50.46,97.6,1,1,0.74979
162,43,1276.15,585.3,64.55,106.17,1,1,0.82512
162,36,675.68,583.53,51.68,83.58,1,1,0.80114
162,33,656.54,556.69,36.75,81.82,1,1,0.6679
162,48,341.19,642.56,83.28,114.45,1,1,0.81612
162,46,1208.71,461.26,30.98,66.29,1,1,0.68366
162,50,1769.42,500.49,46.86,97.55,1,1,0.69851
162,47,1806.39,512.5,46.09,91.42,1,1,0.68115
163,0,960.02,571.36,56.43,93.98,1,1,0.8221
163,14,1075.54,618.16,74.41,96.47,1,1,0.83504
163,8,1168.92,541.14,52.55,100.2,1,1,0.77859
163,9,1103.04,546.94,43.26,90.58,1,1,0.82758
163,3,1694.19,529.65,45.63,111.76,1,1,0.74704
163,30,1203.05,534.32,50.63,88.09,1,1,0.77113
163,39,621.8,579.9,61.44,92.85,1,1,0.82768
163,1,1477.24,549.2,54.58,101.49,1,1,0.72347
163,41,1599.07,503.43,57.28,83.72,1,1,0.85488
163,42,1546.93,611.39,48.53,98.93,1,1,0.82743
163,43,1267.94,585.45,62.52,104.1,1,1,0.81613
163,36,673.1,583.57,48.0,82.24,1,1,0.79912
163,33,653.87,558.77,35.22,78.29,1,1,0.70805
163,48,339.62,643.24,83.28,114.1,1,1,0.81862
163,46,1210.05,460.26,30.95,69.07,1,1,0.76424
163,50,1770.19,500.53,42.6,95.63,1,1,0.7653
163,47,1807.5,511.22,44.87,91.36,1,1,0.74148
163,34,1460.29,545.77,41.37,96.16,1,1,0.68741
164,0,951.2,572.42,56.39,93.46,1,1,0.8438
164,14,1069.69,618.85,67.43,97.83,1,1,0.84095
164,8,1164.56,540.46,48.02,102.33,1,1,0.77167
164,9,1097.11,547.11,44.84,91.72,1,1,0.84008
164,3,1694.11,516.62,45.77,123.51,1,1,0.79254
164,30,1197.85,535.14,47.18,87.98,1,1,0.79732
164,39,615.06,582.54,65.38,90.1,1,1,0.81366
164,1,1472.78,549.35,57.43,99.52,1,1,0.7828
164,41,1592.8,503.2,61.78,80.99,1,1,0.86013
164,42,1542.27,612.41,50.74,98.69,1,1,0.84036
164,43,1258.3,584.79,57.67,100.85,1,1,0.82468
164,36,668.23,584.81,43.78,81.86,1,1,0.7853
164,33,649.46,559.69,35.29,77.76,1,1,0.73876
164,48,337.99,645.57,82.15,112.02,1,1,0.80665
164,46,1211.78,459.98,30.49,70.66,1,1,0.76277
164,50,1769.04,500.92,39.22,94.35,1,1,0.80989
164,47,1808.84,510.82,44.26,91.01,1,1,0.78614
164,51,900.76,561.85,39.49,89.79,1,1,0.81319
164,34,1458.85,546.39,39.33,95.62,1,1,0.67024
164,21,1162.7,507.1,33.96,87.31,1,1,0.68193
165,0,947.62,573.06,56.26,93.08,1,1,0.85314
165,14,1061.87,619.61,60.19,97.38,1,1,0.83322
165,8,1161.41,539.44,45.03,105.09,1,1,0.75738
165,9,1092.73,547.4,48.77,91.79,1,1,0.84797
165,3,1696.72,517.24,44.61,122.78,1,1,0.66989
165,30,1192.87,535.79,44.51,88.74,1,1,0.80963
165,39,604.53,585.06,72.44,88.42,1,1,0.81933
165,1,1463.18,547.92,64.33,100.2,1,1,0.82104
165,41,1588.74,503.4,62.96,79.6,1,1,0.84722
165,42,1535.78,613.28,56.51,96.62,1,1,0.84762
165,43,1248.18,584.75,60.57,97.73,1,1,0.8308
165,36,662.31,586.13,42.63,81.47,1,1,0.7929
165,33,645.44,561.15,35.84,77.06,1,1,0.74766
165,48,338.2,648.18,73.58,109.63,1,1,0.78858
165,46,1213.4,459.6,31.24,72.3,1,1,0.68613
165,50,1766.86,500.78,39.11,93.58,1,1,0.76877
165,47,1811.11,510.51,43.59,91.24,1,1,0.75521
165,51,898.17,560.6,40.19,92.58,1,1,0.82209
165,21,1160.54,507.16,35.47,90.72,1,1,0.67356
166,0,947.25,574.19,54.41,90.0,1,1,0.82599
166,14,1054.29,618.52,62.07,98.29,1,1,0.83494
166,8,1157.7,534.4,44.45,111.27,1,1,0.69951
166,9,1086.98,545.93,54.31,92.38,1,1,0.85003
166,3,1698.53,528.76,44.91,111.48,1,1,0.69867
166,30,1187.11,534.97,43.76,89.94,1,1,0.80483
166,39,598.53,585.1,71.77,89.73,1,1,0.81828
166,1,1458.25,546.5,62.94,102.91,1,1,0.81865
166,41,1585.42,502.73,56.04,80.4,1,1,0.81946
166,42,1527.9,612.82,60.43,92.95,1,1,0.83849
166,43,1236.94,584.74,68.45,94.87,1,1,0.84364
166,36,654.16,585.78,45.67,82.2,1,1,0.79415
166,33,640.62,562.3,36.54,78.37,1,1,0.66631
166,48,338.72,649.67,67.54,108.11,1,1,0.79138
166,50,1763.95,498.08,42.46,94.27,1,1,0.80467
166,47,1812.79,509.72,42.77,91.58,1,1,0.79596
166,51,891.66,559.3,45.42,94.27,1,1,0.79529
166,21,1157.56,507.71,38.37,97.12,1,1,0.65117
167,14,1045.32,617.04,67.84,98.4,1,1,0.85307
167,8,1154.87,533.54,44.21,112.44,1,1,0.69798
167,9,1081.07,544.72,59.65,92.81,1,1,0.86431
167,3,1698.39,537.4,47.08,102.67,1,1,0.7821
167,30,1182.16,534.1,45.58,89.74,1,1,0.80902
167,39,595.21,583.72,66.81,90.67,1,1,0.82998
167,1,1454.94,545.63,62.16,104.17,1,1,0.84168
167,41,1582.55,502.09,46.91,81.36,1,1,0.8313
167,42,1519.01,611.89,61.88,89.81,1,1,0.81682
167,43,1224.24,584.66,77.61,95.75,1,1,0.84086
167,36,648.11,580.99,47.6,86.1,1,1,0.79613
167,48,339.51,648.52,64.74,108.8,1,1,0.8044
167,50,1762.06,496.46,45.12,94.71,1,1,0.82586
167,47,1814.3,509.49,41.32,91.44,1,1,0.81169
167,51,881.5,561.31,49.11,91.83,1,1,0.79334
167,21,1155.03,506.0,38.45,98.93,1,1,0.73537
167,52,371.66,646.72,60.97,98.48,1,1,0.65595
167,23,908.73,541.42,34.78,96.94,1,1,0.7399
168,14,1035.63,615.33,72.53,96.92,1,1,0.85082
168,9,1076.1,542.93,64.38,92.94,1,1,0.86472
168,3,1697.61,539.3,51.02,99.72,1,1,0.81672
168,30,1176.89,532.02,48.96,88.49,1,1,0.79846
168,39,596.61,580.49,60.51,91.0,1,1,0.81317
168,1,1452.22,544.47,59.65,102.44,1,1,0.83974
168,41,1579.77,500.7,41.67,80.95,1,1,0.82978
168,42,1510.71,610.82,60.51,86.13,1,1,0.80552
168,43,1214.62,583.07,70.79,102.17,1,1,0.80359
168,36,643.71,574.95,50.89,91.1,1,1,0.79731
168,48,340.48,645.62,63.15,109.23,1,1,0.79501
168,50,1759.81,494.11,49.16,93.89,1,1,0.84298
168,47,1816.04,508.81,40.28,90.82,1,1,0.81868
168,51,872.88,561.07,50.3,92.28,1,1,0.80506
168,21,1152.9,504.1,37.49,99.63,1,1,0.73538
168,53,1686.17,507.4,39.82,80.63,1,1,0.75708
168,23,902.75,540.79,39.55,102.72,1,1,0.69782
168,46,1217.05,455.94,36.31,77.01,1,1,0.68857
169,14,1025.02,612.35,68.04,98.76,1,1,0.81131
169,9,1071.99,541.03,64.55,93.18,1,1,0.84671
169,3,1697.74,539.24,54.61,98.19,1,1,0.83771
169,30,1169.9,528.41,52.79,84.57,1,1,0.73674
169,39,597.76,577.53,52.92,91.71,1,1,0.80116
169,1,1450.65,543.11,58.77,99.67,1,1,0.82907
169,41,1574.69,497.92,42.99,81.54,1,1,0.84449
169,42,1504.33,609.22,55.99,88.65,1,1,0.82118
169,43,1209.18,581.0,60.55,105.66,1,1,0.816
169,36,638.32,567.34,56.98,96.12,1,1,0.80084
169,48,342.47,640.66,78.12,110.14,1,1,0.76365
169,50,1757.42,491.21,53.69,93.31,1,1,0.85074
169,47,1818.26,507.47,38.93,89.66,1,1,0.82344
169,51,865.47,559.08,51.92,90.78,1,1,0.83275
169,53,1683.89,504.23,38.79,82.93,1,1,0.81269
169,23,900.53,556.73,45.52,99.47,1,1,0.79407
169,46,1218.72,453.81,36.81,76.91,1,1,0.64099
169,8,1152.14,529.88,45.25,111.93,1,1,0.78908
170,14,1017.34,610.41,67.27,100.41,1,1,0.81698
170,9,1070.56,539.58,59.27,94.65,1,1,0.81962
170,3,1699.12,538.94,57.5,96.32,1,1,0.84586
170,39,596.81,575.04,50.92,89.68,1,1,0.81046
170,1,1450.68,542.7,56.43,96.07,1,1,0.82082
170,41,1569.74,494.99,44.53,82.36,1,1,0.8491
170,42,1498.59,607.45,53.28,93.34,1,1,0.83149
170,43,1206.2,579.76,51.4,105.94,1,1,0.75031
170,36,636.53,564.96,57.58,95.77,1,1,0.77061
170,48,344.85,636.81,88.05,110.43,1,1,0.8264
170,50,1755.99,488.29,56.67,91.39,1,1,0.85148
170,47,1819.64,505.6,38.69,89.77,1,1,0.8197
170,51,857.84,558.16,57.35,90.86,1,1,0.82873
170,53,1681.31,501.88,39.06,83.11,1,1,0.82942
170,23,897.06,564.54,52.03,94.73,1,1,0.78089
170,46,1220.38,451.82,38.86,77.42,1,1,0.69142
170,8,1150.44,529.55,48.26,110.58,1,1,0.79075
171,14,1013.28,610.14,66.7,100.91,1,1,0.81662
171,9,1069.59,539.01,53.64,95.42,1,1,0.80935
171,3,1703.37,540.14,58.71,94.07,1,1,0.83123
171,39,593.43,574.34,50.55,87.52,1,1,0.77821
171,1,1450.39,542.13,52.69,98.78,1,1,0.7936
171,41,1566.94,493.3,47.33,82.6,1,1,0.85174
171,42,1493.61,604.22,50.53,98.66,1,1,0.80844
171,43,1197.49,577.24,50.83,106.97,1,1,0.78034
171,36,642.04,563.47,56.42,94.7,1,1,0.70321
171,48,348.55,634.83,88.21,109.72,1,1,0.81412
171,50,1757.09,487.14,56.53,88.03,1,1,0.84454
171,47,1822.69,504.21,38.3,90.51,1,1,0.79665
171,51,851.31,557.59,60.15,91.32,1,1,0.82538
171,53,1679.57,500.35,41.53,84.12,1,1,0.83388
171,23,893.37,569.07,56.0,90.73,1,1,0.76887
171,46,1223.73,450.81,38.83,76.58,1,1,0.71682
171,8,1148.34,530.29,49.69,110.48,1,1,0.80986
171,55,889.02,534.85,46.13,85.42,1,1,0.73608
171,33,630.78,560.05,41.66,96.14,1,1,0.70361
171,21,1149.63,499.59,37.26,54.78,1,1,0.64263
172,14,1007.53,609.72,54.82,101.11,1,1,0.78857
172,9,1067.78,538.6,49.43,95.44,1,1,0.81748
172,3,1708.54,540.76,57.73,92.85,1,1,0.76524
172,39,587.99,573.61,51.51,86.92,1,1,0.75257
172,1,1449.74,541.82,50.02,98.72,1,1,0.79802
172,41,1562.56,492.72,48.92,83.8,1,1,0.84887
172,42,1485.58,601.26,53.51,102.82,1,1,0.80322
172,43,1187.71,575.63,55.29,107.23,1,1,0.81419
172,36,633.53,561.08,57.16,99.36,1,1,0.78983
172,48,350.9,633.64,85.63,109.53,1,1,0.81965
172,50,1758.39,486.89,55.75,85.48,1,1,0.77514
172,51,846.24,556.65,60.72,93.53,1,1,0.81809
172,53,1677.45,499.4,43.56,85.37,1,1,0.8369
172,23,888.99,574.22,59.52,84.07,1,1,0.67733
172,8,1144.19,531.12,51.15,110.68,1,1,0.8204
172,55,886.74,535.05,47.11,84.9,1,1,0.77062
173,14,1001.48,608.5,52.38,99.96,1,1,0.81568
173,9,1066.02,537.83,45.4,94.27,1,1,0.82304
173,3,1712.94,540.18,57.8,92.36,1,1,0.71182
173,39,583.3,573.72,52.67,86.24,1,1,0.75222
173,1,1449.83,540.82,49.14,97.67,1,1,0.8064
173,41,1559.47,492.19,50.43,84.59,1,1,0.84193
173,42,1478.9,600.39,57.4,102.78,1,1,0.80113
173,43,1180.53,576.16,60.43,104.83,1,1,0.82945
173,36,628.53,559.85,55.09,100.46,1,1,0.79776
173,48,360.03,632.78,76.51,107.08,1,1,0.77071
173,50,1758.98,486.88,54.48,84.13,1,1,0.77444
173,51,842.84,556.99,57.95,92.72,1,1,0.82764
173,53,1676.79,498.16,43.9,86.77,1,1,0.83699
173,23,885.09,576.83,63.09,79.85,1,1,0.80899
173,8,1141.02,532.46,50.72,110.59,1,1,0.80675
173,55,885.14,534.39,44.63,81.49,1,1,0.66835
174,14,993.57,606.36,57.58,99.74,1,1,0.82536
174,9,1063.25,536.8,47.34,94.64,1,1,0.83505
174,3,1714.77,538.6,59.4,93.12,1,1,0.84534
174,39,576.62,573.27,59.45,87.47,1,1,0.77169
174,1,1448.56,539.12,47.56,97.53,1,1,0.80184
174,41,1556.88,491.48,46.13,85.76,1,1,0.83994
174,42,1473.07,597.59,62.4,103.17,1,1,0.8154
174,43,1173.71,575.85,64.43,101.68,1,1,0.81655
174,36,626.14,558.82,56.05,101.4,1,1,0.81504
174,48,371.22,631.44,68.26,105.76,1,1,0.75026
174,50,1759.59,486.96,50.58,82.61,1,1,0.82512
174,51,838.71,557.05,50.92,91.26,1,1,0.83035
174,53,1677.4,497.31,43.93,87.39,1,1,0.83928
174,23,882.11,576.01,64.05,80.17,1,1,0.83551
174,8,1138.32,536.61,48.56,107.34,1,1,0.79654
174,55,881.6,534.65,40.93,80.0,1,1,0.72302
175,14,990.09,603.99,58.41,99.5,1,1,0.8463
175,9,1060.2,536.28,50.39,93.25,1,1,0.85044
175,3,1717.28,536.76,58.91,94.06,1,1,0.84119
175,39,571.14,573.96,62.21,87.72,1,1,0.7777
175,1,1447.45,537.59,45.15,92.34,1,1,0.78226
175,41,1555.42,490.73,46.9,86.21,1,1,0.84124
175,42,1464.53,590.95,66.05,103.99,1,1,0.78637
175,43,1164.63,571.37,62.92,100.23,1,1,0.7784
175,36,623.35,558.06,59.36,104.03,1,1,0.82781
175,48,379.7,629.63,64.45,104.08,1,1,0.7786
175,50,1758.67,486.04,46.11,83.09,1,1,0.80713
175,51,833.04,556.09,51.81,94.0,1,1,0.83657
175,53,1677.96,496.61,43.2,87.95,1,1,0.83651
175,23,875.4,576.42,65.59,77.89,1,1,0.80664
175,8,1136.89,541.28,46.07,102.33,1,1,0.793
175,55,878.17,533.97,43.45,83.73,1,1,0.73892
175,56,351.18,631.36,50.81,105.7,1,1,0.76663
175,47,1831.92,497.88,45.09,92.32,1,1,0.72816
175,21,1151.38,495.41,37.3,60.01,1,1,0.74032
176,9,1055.29,534.52,54.23,93.96,1,1,0.84925
176,3,1718.59,534.3,58.13,94.12,1,1,0.83823
176,39,559.97,573.6,67.21,91.09,1,1,0.81982
176,1,1443.41,534.96,43.13,88.77,1,1,0.75681
176,41,1551.82,489.08,45.55,86.2,1,1,0.84335
176,42,1454.86,577.9,63.59,103.96,1,1,0.76799
176,43,1152.33,565.82,60.94,107.52,1,1,0.73873
176,36,619.45,556.0,61.56,105.12,1,1,0.82967
176,48,384.92,627.58,62.62,101.16,1,1,0.77467
176,50,1756.18,483.54,41.16,84.77,1,1,0.82616
176,51,825.43,553.59,57.52,98.78,1,1,0.84751
176,53,1676.84,494.89,43.17,87.96,1,1,0.83662
176,23,865.53,566.52,60.85,85.89,1,1,0.64126
176,8,1131.81,542.61,43.58,100.68,1,1,0.77847
176,55,872.37,532.3,47.03,91.44,1,1,0.78034
176,56,350.98,628.89,53.07,105.53,1,1,0.78908
176,47,1832.26,495.34,47.67,92.79,1,1,0.7256
176,21,1149.52,493.57,38.83,62.18,1,1,0.69948
176,46,1239.87,443.31,36.08,77.44,1,1,0.69494
177,9,1050.18,531.97,57.57,94.15,1,1,0.83883
177,3,1719.04,531.69,55.46,93.72,1,1,0.8212
177,39,555.89,571.86,65.8,91.98,1,1,0.82954
177,1,1439.32,531.78,42.92,89.08,1,1,0.73848
177,41,1545.48,486.76,45.36,85.31,1,1,0.83474
177,42,1446.84,566.74,59.67,106.29,1,1,0.78404
177,43,1140.27,555.71,64.27,120.0,1,1,0.753
177,36,615.2,563.72,61.68,97.12,1,1,0.80603
177,48,384.78,623.75,65.24,101.42,1,1,0.73801
177,50,1754.19,480.4,39.92,85.79,1,1,0.83832
177,51,816.41,551.14,57.92,97.99,1,1,0.83791
177,53,1674.12,492.72,44.32,88.1,1,1,0.8383
177,23,856.06,562.87,54.02,90.72,1,1,0.76171
177,8,1126.48,540.86,43.29,98.97,1,1,0.66467
177,55,867.82,530.31,46.15,94.58,1,1,0.79577
177,56,348.84,625.48,56.06,106.76,1,1,0.77062
177,47,1832.18,492.51,49.69,92.5,1,1,0.76971
177,21,1148.2,490.39,37.45,57.47,1,1,0.69969
177,30,1144.27,514.66,47.23,66.35,1,1,0.71479
177,33,630.78,550.82,42.53,72.57,1,1,0.65351
178,9,1044.55,529.31,59.72,93.85,1,1,0.84714
178,3,1718.73,528.85,51.92,93.74,1,1,0.82402
178,39,550.83,569.06,68.19,90.4,1,1,0.82795
178,1,1435.79,528.63,43.89,95.34,1,1,0.69534
178,41,1539.96,482.86,48.96,85.05,1,1,0.85103
178,42,1442.58,560.1,54.97,109.81,1,1,0.7953
178,43,1132.15,552.96,58.24,122.31,1,1,0.75348
178,36,611.82,564.68,58.84,93.68,1,1,0.78014
178,48,384.05,619.06,68.69,103.92,1,1,0.77139
178,50,1751.9,476.42,40.93,88.24,1,1,0.84622
178,51,804.44,547.98,60.23,97.12,1,1,0.82539
178,53,1670.45,489.45,46.49,89.51,1,1,0.84704
178,23,847.02,560.54,49.32,91.9,1,1,0.79738
178,8,1119.06,539.96,43.03,88.22,1,1,0.67832
178,55,863.34,527.75,46.46,94.85,1,1,0.81338
178,56,344.65,621.34,56.78,107.46,1,1,0.77447
178,47,1832.58,488.91,50.47,92.7,1,1,0.81631
178,21,1143.89,487.17,39.52,58.1,1,1,0.68192
178,30,1138.61,513.58,50.32,75.21,1,1,0.6865
178,46,1241.67,436.29,34.8,78.51,1,1,0.65164
179,9,1040.18,526.99,56.81,94.43,1,1,0.83361
179,3,1717.76,525.41,48.39,93.85,1,1,0.80866
179,39,546.5,566.1,70.62,88.91,1,1,0.82562
179,41,1533.62,478.87,53.97,85.72,1,1,0.85319
179,42,1434.65,571.7,51.81,111.8,1,1,0.77183
179,43,1126.18,562.98,52.93,110.22,1,1,0.79877
179,36,608.43,565.73,56.52,90.02,1,1,0.76031
179,48,383.02,615.23,70.79,105.69,1,1,0.7734
179,50,1749.16,472.13,41.91,88.54,1,1,0.84206
179,51,793.28,545.88,58.78,96.05,1,1,0.82632
179,53,1667.11,486.2,47.29,89.81,1,1,0.84616
179,23,836.37,557.65,50.2,90.88,1,1,0.83394
179,8,1113.54,536.21,43.31,91.83,1,1,0.69631
179,55,858.15,525.21,48.17,89.48,1,1,0.84767
179,56,338.11,617.78,60.74,107.65,1,1,0.78084
179,47,1832.46,486.06,51.07,92.81,1,1,0.82753
179,21,1141.42,484.8,39.03,57.39,1,1,0.66238
179,30,1131.69,512.63,52.83,75.37,1,1,0.68936
179,46,1242.5,433.29,34.19,78.33,1,1,0.74643
179,14,947.68,593.27,44.49,101.75,1,1,0.81392
179,33,629.29,544.2,41.74,87.88,1,1,0.71242
180,9,1036.75,524.68,49.89,94.49,1,1,0.82909
180,3,1717.21,520.89,44.68,94.41,1,1,0.78949
180,39,544.07,562.44,71.65,88.17,1,1,0.84828
180,41,1526.33,474.79,58.86,85.5,1,1,0.8541
180,42,1426.71,578.95,49.87,108.43,1,1,0.79091
180,43,1117.27,559.59,57.04,109.95,1,1,0.77901
180,48,381.57,611.49,71.15,103.91,1,1,0.78603
180,50,1745.57,468.29,44.52,88.73,1,1,0.84709
180,51,786.62,544.06,54.42,94.79,1,1,0.83592
180,53,1662.81,482.61,49.37,90.09,1,1,0.85254
180,23,826.36,554.51,55.01,89.38,1,1,0.85002
180,8,1107.04,531.38,45.21,96.21,1,1,0.68019
180,55,851.8,522.56,50.35,83.98,1,1,0.84202
180,56,331.99,614.32,65.07,106.15,1,1,0.80549
180,47,1832.11,482.89,50.8,92.17,1,1,0.83106
180,30,1135.21,492.95,44.56,87.52,1,1,0.7395
180,46,1242.87,429.81,34.44,79.38,1,1,0.72795
180,14,936.7,591.25,48.67,99.95,1,1,0.84884
180,33,625.6,541.63,46.51,93.76,1,1,0.76406
181,9,1032.59,521.75,44.44,94.7,1,1,0.83746
181,3,1716.0,515.89,43.01,95.25,1,1,0.78348
181,39,542.5,558.96,67.28,87.92,1,1,0.83202
181,41,1518.44,471.18,62.92,84.97,1,1,0.85649
181,42,1417.65,578.85,50.81,106.76,1,1,0.78315
181,43,1107.51,556.31,62.11,108.66,1,1,0.77929
181,48,380.27,607.6,68.36,101.94,1,1,0.81396
181,50,1742.58,464.45,45.49,88.13,1,1,0.83714
181,51,781.79,542.05,47.71,94.64,1,1,0.82903
181,53,1657.79,478.68,52.2,90.23,1,1,0.8577
181,23,816.1,551.16,59.53,87.54,1,1,0.83308
181,55,845.58,519.78,49.43,82.27,1,1,0.82299
181,56,327.6,611.2,66.57,105.02,1,1,0.8414
181,47,1831.44,480.11,49.54,90.84,1,1,0.82703
181,46,1242.06,426.81,35.34,78.29,1,1,0.72041
181,14,924.37,588.48,54.56,98.21,1,1,0.85431
181,33,624.0,539.64,49.24,95.38,1,1,0.80777
181,1,1424.35,519.83,48.85,89.37,1,1,0.77094
181,36,595.66,560.92,50.21,87.0,1,1,0.75199
181,21,1137.38,479.97,36.37,83.27,1,1,0.71745
182,9,1026.6,518.16,42.82,95.36,1,1,0.82778
182,3,1713.88,511.7,42.94,95.4,1,1,0.78347
182,39,540.32,554.93,64.95,88.85,1,1,0.82509
182,41,1511.68,467.99,63.19,85.77,1,1,0.84843
182,42,1406.39,579.92,55.32,102.82,1,1,0.83276
182,43,1097.17,553.96,65.91,107.37,1,1,0.78949
182,48,378.86,604.19,64.28,100.31,1,1,0.81451
182,50,1738.87,461.51,45.98,84.4,1,1,0.81353
182,51,770.16,540.59,48.34,95.81,1,1,0.82846
182,53,1653.35,475.84,55.02,89.81,1,1,0.85205
182,23,803.71,547.22,58.57,84.7,1,1,0.75632
182,55,837.97,517.65,47.91,93.05,1,1,0.82567
182,56,325.22,607.54,66.47,105.36,1,1,0.84322
182,47,1829.91,476.86,46.95,90.36,1,1,0.80332
182,46,1240.67,423.21,36.3,78.63,1,1,0.78957
182,14,912.73,585.57,60.72,97.42,1,1,0.86335
182,33,623.03,537.23,50.25,95.44,1,1,0.81938
182,1,1418.56,516.18,47.74,76.36,1,1,0.73085
182,36,589.41,559.9,51.22,84.18,1,1,0.64432
182,21,1133.76,476.98,35.49,88.93,1,1,0.72806
183,9,1018.06,514.16,45.5,95.23,1,1,0.83293
183,3,1712.0,507.93,42.83,95.41,1,1,0.77842
183,39,539.65,550.29,60.7,88.74,1,1,0.82095
183,41,1506.51,465.28,59.84,87.05,1,1,0.83781
183,42,1390.58,576.93,65.01,101.05,1,1,0.81989
183,43,1086.5,550.27,70.92,107.67,1,1,0.79635
183,48,376.48,600.31,61.62,99.86,1,1,0.81987
183,50,1734.94,458.35,43.06,82.6,1,1,0.79057
183,51,758.95,539.0,49.71,97.42,1,1,0.82247
183,53,1649.72,472.36,55.58,89.48,1,1,0.84258
183,23,792.66,544.24,49.97,82.48,1,1,0.64726
183,55,831.96,515.5,45.46,96.18,1,1,0.84486
183,56,324.47,603.96,65.64,105.53,1,1,0.84283
183,47,1828.41,472.94,45.09,90.11,1,1,0.78531
183,46,1239.99,420.17,36.88,77.67,1,1,0.79512
183,14,898.01,582.27,70.05,96.74,1,1,0.8642
183,33,621.6,534.94,50.16,90.71,1,1,0.78476
183,1,1413.44,512.76,52.02,98.46,1,1,0.80039
183,21,1128.89,473.02,36.85,92.24,1,1,0.75833
184,9,1011.85,510.75,47.95,94.49,1,1,0.83571
184,3,1707.4,502.77,45.86,99.1,1,1,0.78391
184,39,538.92,545.95,54.17,88.07,1,1,0.81509
184,41,1500.18,462.49,55.06,86.75,1,1,0.83913
184,42,1381.32,574.23,66.82,100.11,1,1,0.8267
184,43,1076.15,546.71,69.61,107.98,1,1,0.77398
184,48,374.87,596.57,59.31,98.75,1,1,0.82084
184,50,1730.32,455.87,37.76,83.95,1,1,0.79625
184,51,748.46,536.55,52.47,96.52,1,1,0.80383
184,53,1644.95,469.38,51.26,88.22,1,1,0.84068
184,23,779.97,542.15,46.91,87.32,1,1,0.76363
184,55,825.36,513.15,42.67,95.05,1,1,0.83745
184,56,323.55,600.22,64.04,104.73,1,1,0.84165
184,47,1826.47,468.76,44.15,90.27,1,1,0.81921
184,46,1239.13,416.76,37.29,77.24,1,1,0.78661
184,14,883.19,579.73,77.49,96.43,1,1,0.86452
184,33,620.11,533.4,47.38,88.04,1,1,0.78041
184,1,1406.97,509.87,53.89,102.41,1,1,0.77914
184,21,1121.25,489.57,40.12,90.06,1,1,0.64733
184,8,1084.12,502.19,45.14,69.78,1,1,0.64596
184,30,1123.3,468.68,39.28,91.84,1,1,0.76443
185,9,1006.96,507.14,50.82,94.11,1,1,0.83814
185,3,1705.49,498.5,46.69,101.97,1,1,0.78023
185,39,538.58,541.94,52.05,87.63,1,1,0.72727
185,41,1493.88,460.05,50.11,86.43,1,1,0.84313
185,42,1371.49,569.59,62.28,102.24,1,1,0.81578
185,43,1065.83,541.75,63.38,112.92,1,1,0.76371
185,48,373.49,592.57,59.78,99.46,1,1,0.81435
185,50,1726.21,453.37,35.7,86.88,1,1,0.75369
185,51,736.48,534.25,57.8,93.49,1,1,0.80167
185,53,1640.61,467.13,46.47,87.39,1,1,0.83734
185,23,769.12,539.32,45.52,88.8,1,1,0.77178
185,55,817.81,509.84,42.21,94.86,1,1,0.83915
185,56,323.29,595.73,62.5,105.86,1,1,0.83734
185,47,1825.15,465.31,43.14,90.33,1,1,0.80703
185,46,1238.15,413.88,36.8,77.14,1,1,0.71601
185,14,874.08,577.08,76.1,97.8,1,1,0.85728
185,33,618.42,532.21,46.21,88.05,1,1,0.80385
185,1,1400.55,508.96,50.04,100.01,1,1,0.75385
185,21,1117.48,473.42,43.09,92.55,1,1,0.82434
185,8,1080.33,496.53,47.63,88.06,1,1,0.74165
186,9,1004.05,503.71,50.76,91.84,1,1,0.81913
186,3,1705.18,491.81,46.37,105.91,1,1,0.77122
186,39,536.66,538.08,54.83,88.66,1,1,0.80551
186,41,1485.64,457.3,48.4,85.35,1,1,0.85051
186,42,1362.02,565.63,57.45,104.28,1,1,0.80309
186,43,1058.76,537.45,54.2,116.72,1,1,0.77804
186,48,372.16,588.81,60.87,98.57,1,1,0.81528
186,50,1721.63,450.34,35.35,87.69,1,1,0.6773
186,51,725.67,532.2,63.52,92.68,1,1,0.73587
186,53,1635.38,464.36,44.36,88.2,1,1,0.83936
186,23,758.86,535.72,47.57,89.78,1,1,0.67549
186,55,812.17,506.79,41.77,94.41,1,1,0.84533
186,56,323.63,591.06,59.51,106.64,1,1,0.83569
186,47,1823.93,462.02,43.27,90.82,1,1,0.81665
186,46,1237.1,410.88,36.72,77.82,1,1,0.75804
186,14,867.43,574.65,67.04,98.19,1,1,0.84595
186,33,615.03,531.03,46.69,87.25,1,1,0.80524
186,1,1393.21,509.7,46.35,93.29,1,1,0.72881
186,21,1112.82,465.64,46.23,93.81,1,1,0.81044
186,8,1072.89,492.1,52.32,89.89,1,1,0.81366
187,9,1002.29,501.64,47.65,93.76,1,1,0.76665
187,3,1705.02,486.16,45.54,108.73,1,1,0.7902
187,39,530.63,534.38,44.64,87.98,1,1,0.78353
187,41,1477.27,454.86,49.98,85.19,1,1,0.84483
187,42,1353.29,565.53,50.54,105.24,1,1,0.82411
187,43,1049.74,537.99,47.95,113.63,1,1,0.75074
187,48,371.41,586.18,61.66,96.31,1,1,0.82629
187,51,716.65,528.24,49.96,92.96,1,1,0.75471
187,53,1629.91,462.16,42.64,87.87,1,1,0.83927
187,23,745.96,535.04,53.67,89.24,1,1,0.80651
187,55,804.64,504.98,45.25,93.05,1,1,0.84934
187,56,324.12,587.08,55.99,107.09,1,1,0.83641
187,47,1822.99,459.18,42.94,91.5,1,1,0.82364
187,46,1236.2,408.54,36.28,78.37,1,1,0.7348
187,14,859.09,573.17,54.4,97.16,1,1,0.82734
187,33,609.92,531.9,50.49,85.46,1,1,0.78577
187,1,1385.12,508.23,39.18,87.38,1,1,0.76276
187,21,1108.72,461.36,47.81,92.39,1,1,0.80173
187,8,1065.45,489.73,55.47,87.64,1,1,0.76898
187,58,1408.04,501.48,42.54,91.83,1,1,0.74885
187,36,558.13,536.31,39.58,90.72,1,1,0.74749
188,3,1704.31,483.68,44.29,109.98,1,1,0.77045
188,39,524.72,530.79,39.3,87.67,1,1,0.80936
188,41,1470.35,452.56,52.28,85.28,1,1,0.84653
188,42,1346.17,567.46,44.0,104.24,1,1,0.81166
188,43,1035.2,539.22,52.37,109.12,1,1,0.7649
188,48,371.02,583.08,62.59,95.61,1,1,0.82616
188,51,710.36,525.64,44.35,95.87,1,1,0.6853
188,53,1625.45,460.2,43.43,87.71,1,1,0.83918
188,23,735.09,531.79,58.53,90.6,1,1,0.78351
188,55,796.9,503.0,51.45,95.06,1,1,0.85822
188,56,325.11,583.37,54.31,107.86,1,1,0.82843
188,47,1822.09,457.12,43.29,92.35,1,1,0.82759
188,46,1236.13,406.13,36.46,79.62,1,1,0.71842
188,14,847.47,570.55,50.93,97.81,1,1,0.83456
188,33,607.04,532.69,51.29,83.09,1,1,0.78198
188,1,1377.97,506.82,38.27,95.71,1,1,0.77287
188,21,1104.22,459.01,49.94,93.94,1,1,0.79129
188,8,1057.08,488.35,56.17,98.11,1,1,0.70498
188,58,1403.9,500.11,41.48,92.54,1,1,0.77539
188,36,552.79,533.53,42.25,91.17,1,1,0.77051
188,50,1714.61,444.23,35.79,89.3,1,1,0.67514
189,3,1702.65,480.86,42.69,111.36,1,1,0.74995
189,39,518.85,527.01,38.92,88.16,1,1,0.82341
189,41,1464.03,450.29,55.65,86.25,1,1,0.8482
189,42,1339.11,566.78,42.82,102.76,1,1,0.82228
189,43,1021.66,537.73,57.99,105.52,1,1,0.79529
189,48,370.47,578.96,63.79,97.52,1,1,0.81801
189,53,1620.73,457.08,45.83,87.37,1,1,0.83812
189,23,718.03,527.24,66.65,95.44,1,1,0.80328
189,55,788.94,500.49,53.84,96.32,1,1,0.85299
189,56,326.12,578.66,52.57,108.41,1,1,0.82898
189,47,1821.17,455.11,43.6,92.71,1,1,0.82346
189,14,836.37,566.38,55.01,99.93,1,1,0.84243
189,33,603.33,531.14,50.52,84.21,1,1,0.79728
189,1,1371.56,504.58,38.9,95.93,1,1,0.78225
189,21,1099.46,456.29,50.91,96.73,1,1,0.77618
189,8,1050.88,485.99,52.68,102.91,1,1,0.7054
189,58,1397.46,498.41,40.74,95.67,1,1,0.75765
189,36,547.7,531.2,45.51,90.8,1,1,0.79269
189,50,1711.3,440.55,36.67,87.04,1,1,0.64347
190,3,1701.25,478.25,42.56,111.87,1,1,0.75266
190,39,512.32,523.81,39.7,88.62,1,1,0.82315
190,41,1458.95,448.54,56.38,86.38,1,1,0.84809
190,42,1329.93,565.22,46.02,102.06,1,1,0.8383
190,43,1017.75,535.14,56.44,105.52,1,1,0.83208
190,48,369.91,575.1,65.14,98.84,1,1,0.83005
190,53,1616.36,453.66,48.73,86.79,1,1,0.84604
190,23,710.41,525.77,56.68,98.21,1,1,0.77628
190,55,783.26,499.1,51.06,96.44,1,1,0.86252
190,56,327.02,574.27,51.58,108.34,1,1,0.83582
190,47,1821.15,453.5,42.09,92.84,1,1,0.82026
190,14,823.18,561.42,62.42,102.15,1,1,0.8625
190,33,599.73,529.4,50.52,84.23,1,1,0.78953
190,1,1366.07,502.99,39.56,96.75,1,1,0.79256
190,21,1097.3,454.33,46.99,94.31,1,1,0.80671
190,8,1045.31,484.59,48.46,102.78,1,1,0.7251
190,58,1392.63,496.39,39.71,96.13,1,1,0.77363
190,36,543.53,528.28,46.25,91.9,1,1,0.80918
190,50,1706.99,437.3,39.41,82.47,1,1,0.69657
190,9,979.95,496.23,31.91,97.66,1,1,0.78987
190,51,695.01,519.23,42.91,96.11,1,1,0.70945
190,46,1236.1,400.37,34.9,79.05,1,1,0.73705
191,3,1699.43,480.84,43.61,106.16,1,1,0.74734
191,39,506.99,521.71,40.99,91.09,1,1,0.82695
191,41,1455.45,447.45,52.43,86.79,1,1,0.84003
191,42,1320.73,563.15,52.53,101.83,1,1,0.84992
191,43,1016.91,530.89,52.39,100.47,1,1,0.80822
191,48,369.28,571.85,66.4,98.89,1,1,0.83047
191,53,1612.28,451.34,51.12,86.02,1,1,0.84904
191,23,694.66,523.86,54.97,100.61,1,1,0.7973
191,55,780.73,498.67,46.73,97.02,1,1,0.84258
191,56,327.8,570.18,50.99,109.1,1,1,0.83168
191,47,1821.58,452.62,39.72,91.48,1,1,0.80608
191,14,810.71,557.41,69.02,103.65,1,1,0.86029
191,33,595.07,528.59,52.91,85.66,1,1,0.77381
191,1,1360.68,502.1,40.04,96.39,1,1,0.8179
191,21,1095.86,453.13,42.73,94.03,1,1,0.81708
191,8,1042.93,483.96,44.5,99.54,1,1,0.73028
191,58,1389.05,494.28,40.69,97.69,1,1,0.79313
191,36,539.77,525.6,44.44,93.36,1,1,0.79465
191,50,1701.83,435.21,44.61,84.49,1,1,0.76015
191,9,974.62,493.49,32.36,98.87,1,1,0.81154
191,46,1236.03,397.69,35.04,79.47,1,1,0.7853
192,3,1699.33,480.04,45.12,104.35,1,1,0.77303
192,39,504.08,519.82,41.68,93.21,1,1,0.82154
192,41,1453.22,447.03,46.57,86.21,1,1,0.82998
192,42,1309.24,561.15,62.84,101.71,1,1,0.83959
192,43,1018.74,518.1,43.55,102.34,1,1,0.76061
192,48,369.89,569.43,66.71,97.95,1,1,0.83751
192,53,1609.6,449.9,51.91,86.23,1,1,0.84961
192,23,681.99,523.37,57.91,100.85,1,1,0.77675
192,55,779.62,498.15,42.82,97.54,1,1,0.83744
192,56,328.97,567.03,50.06,108.27,1,1,0.83322
192,47,1822.31,451.91,38.06,89.15,1,1,0.79492
192,14,801.87,554.75,71.31,106.2,1,1,0.85167
192,33,593.88,527.87,57.98,89.73,1,1,0.76979
192,1,1355.66,501.7,44.46,95.45,1,1,0.82012
192,21,1095.06,451.65,38.69,94.47,1,1,0.81656
192,58,1387.53,492.24,42.72,93.92,1,1,0.80705
192,36,536.69,522.72,39.2,93.82,1,1,0.78628
192,50,1700.52,433.87,45.05,82.77,1,1,0.7209
192,9,971.36,492.77,34.39,95.68,1,1,0.80591
192,46,1237.47,395.73,34.98,79.48,1,1,0.72683
193,3,1698.62,477.42,48.01,104.48,1,1,0.75424
193,39,501.44,518.5,40.99,94.09,1,1,0.80279
193,41,1448.68,446.09,42.22,86.51,1,1,0.82601
193,42,1294.54,558.85,75.45,99.38,1,1,0.8435
193,48,370.12,566.37,66.12,99.32,1,1,0.81632
193,53,1607.71,448.53,50.41,87.27,1,1,0.844
193,23,670.11,521.87,65.16,100.23,1,1,0.84401
193,55,777.65,497.47,41.03,95.33,1,1,0.82199
193,56,329.81,564.66,49.99,108.43,1,1,0.83071
193,47,1822.84,449.43,38.46,89.1,1,1,0.68875
193,14,792.35,555.24,67.34,105.98,1,1,0.82799
193,33,590.94,527.43,57.58,92.31,1,1,0.82513
193,1,1350.47,500.59,48.12,93.02,1,1,0.82972
193,21,1092.82,449.77,37.23,94.5,1,1,0.82122
193,58,1385.05,490.58,45.78,96.86,1,1,0.78161
193,36,530.63,520.21,40.35,94.28,1,1,0.78034
193,9,968.05,491.56,36.5,94.14,1,1,0.7733
193,46,1239.03,393.42,34.97,79.58,1,1,0.68832
194,3,1698.38,473.91,50.27,105.96,1,1,0.72604
194,39,500.49,517.8,39.65,94.58,1,1,0.75421
194,41,1443.41,444.54,42.96,86.47,1,1,0.83283
194,42,1286.14,557.58,79.34,99.63,1,1,0.84431
194,48,371.55,564.53,64.79,100.17,1,1,0.82387
194,53,1606.33,448.13,45.46,88.58,1,1,0.81257
194,23,662.68,521.02,70.87,99.65,1,1,0.85307
194,55,775.33,496.3,40.38,85.51,1,1,0.81149
194,56,329.83,563.4,51.16,109.04,1,1,0.83271
194,14,785.45,558.06,58.71,102.8,1,1,0.85029
194,33,589.68,527.6,60.9,91.51,1,1,0.84155
194,1,1345.65,499.52,51.24,92.96,1,1,0.82859
194,21,1091.53,448.88,37.17,94.22,1,1,0.8164
194,58,1382.38,488.96,50.1,109.04,1,1,0.79087
194,36,524.61,518.66,45.8,95.12,1,1,0.71479
194,9,964.98,490.74,38.16,87.95,1,1,0.76233
194,8,1030.93,479.75,42.03,97.5,1,1,0.76346
195,3,1699.17,469.62,51.52,108.91,1,1,0.71842
195,39,499.43,515.9,40.2,95.74,1,1,0.78995
195,41,1439.23,443.02,47.36,86.47,1,1,0.83532
195,42,1280.21,556.65,77.79,100.72,1,1,0.82435
195,48,372.95,562.19,61.99,100.75,1,1,0.79794
195,53,1605.44,447.53,42.71,88.11,1,1,0.7999
195,23,654.59,520.99,76.76,97.5,1,1,0.83861
195,55,773.16,495.14,40.71,79.6,1,1,0.79999
195,56,330.9,562.09,51.99,109.3,1,1,0.82618
195,14,777.13,558.75,55.75,99.8,1,1,0.84538
195,33,587.79,527.54,62.02,87.99,1,1,0.81897
195,1,1342.06,497.9,53.39,94.7,1,1,0.82262
195,21,1090.8,448.16,38.08,94.83,1,1,0.81157
195,58,1380.32,487.64,51.29,102.15,1,1,0.78278
195,36,521.36,516.52,50.52,96.23,1,1,0.76711
195,9,963.45,489.8,38.11,68.55,1,1,0.72056
195,60,968.96,525.72,48.17,114.81,1,1,0.79914
195,61,1608.96,522.27,50.97,90.73,1,1,0.69059
195,8,1028.47,477.66,42.6,97.97,1,1,0.73928
196,3,1701.6,470.15,51.69,107.94,1,1,0.77524
196,39,496.84,513.72,41.25,95.22,1,1,0.81923
196,41,1435.93,441.78,51.58,87.09,1,1,0.83206
196,42,1275.53,556.68,60.27,103.97,1,1,0.80576
196,48,376.47,561.41,58.82,97.99,1,1,0.80771
196,53,1606.09,447.02,41.88,87.44,1,1,0.79411
196,23,648.91,523.38,66.17,97.54,1,1,0.79657
196,55,771.64,495.22,41.35,78.72,1,1,0.77132
196,56,334.66,562.25,52.05,107.75,1,1,0.82157
196,14,769.72,557.84,60.57,99.96,1,1,0.83072
196,33,587.12,527.77,60.42,84.94,1,1,0.82673
196,1,1338.98,497.05,55.88,97.21,1,1,0.79588
196,21,1090.83,446.83,38.93,95.71,1,1,0.81435
196,58,1380.1,487.53,51.38,94.14,1,1,0.77072
196,36,520.88,514.53,52.49,96.61,1,1,0.80088
196,9,962.68,489.59,37.05,55.03,1,1,0.69887
196,60,964.36,527.21,56.25,111.24,1,1,0.81572
196,61,1609.34,519.68,51.02,94.02,1,1,0.75836
196,47,1826.68,442.89,42.95,91.03,1,1,0.75281
197,3,1704.54,472.21,51.32,105.73,1,1,0.66499
197,39,491.62,511.11,44.46,93.83,1,1,0.8177
197,41,1432.31,440.35,56.62,87.32,1,1,0.82634
197,42,1273.97,556.98,48.38,107.4,1,1,0.80416
197,48,380.08,560.74,57.05,96.84,1,1,0.80534
197,53,1606.64,446.19,42.46,87.64,1,1,0.79202
197,23,643.99,525.43,64.14,98.13,1,1,0.83702
197,55,770.09,495.4,43.04,82.9,1,1,0.78433
197,56,338.03,562.33,52.65,106.08,1,1,0.82527
197,14,762.12,557.37,66.96,99.61,1,1,0.83576
197,33,586.53,527.85,57.29,85.04,1,1,0.82731
197,1,1335.58,496.75,56.5,98.38,1,1,0.78123
197,21,1090.12,445.91,41.5,95.8,1,1,0.81264
197,58,1380.33,487.28,49.61,90.16,1,1,0.78726
197,36,519.87,511.84,54.32,97.84,1,1,0.81195
197,9,961.7,489.41,36.26,57.24,1,1,0.67724
197,60,961.27,529.59,60.73,107.03,1,1,0.80364
197,61,1609.23,515.48,52.59,100.61,1,1,0.77057
197,47,1829.22,440.63,44.48,92.1,1,1,0.79479
198,3,1704.44,446.31,52.4,127.92,1,1,0.71702
198,39,484.4,508.26,49.97,94.48,1,1,0.8379
198,41,1428.61,438.68,59.72,88.3,1,1,0.83171
198,42,1272.11,557.33,43.93,106.94,1,1,0.82083
198,48,382.96,559.2,58.06,95.96,1,1,0.80796
198,53,1607.1,444.35,43.12,84.32,1,1,0.80404
198,23,637.06,525.77,67.72,97.99,1,1,0.84323
198,55,767.88,494.84,44.11,81.21,1,1,0.78957
198,56,341.19,561.62,52.7,104.84,1,1,0.82297
198,14,754.15,554.93,72.53,99.28,1,1,0.84166
198,33,584.69,527.23,53.29,89.66,1,1,0.82382
198,1,1334.12,495.79,51.71,99.28,1,1,0.78753
198,21,1089.15,444.08,43.3,96.15,1,1,0.81787
198,58,1378.94,486.35,48.75,90.0,1,1,0.79065
198,36,520.29,508.5,52.16,98.29,1,1,0.81875
198,9,960.34,489.74,36.29,60.44,1,1,0.74788
198,60,955.34,526.82,64.8,106.28,1,1,0.82274
198,61,1609.61,510.46,53.8,104.16,1,1,0.77769
198,47,1830.85,436.92,46.4,94.37,1,1,0.71713
198,8,1004.4,498.15,56.83,95.49,1,1,0.67317
199,3,1705.84,434.39,51.84,135.71,1,1,0.70318
199,39,479.46,505.89,53.82,93.94,1,1,0.83653
199,41,1427.55,437.11,59.16,90.02,1,1,0.83056
199,42,1268.15,556.94,44.56,106.11,1,1,0.83263
199,48,386.83,558.42,60.67,94.14,1,1,0.76351
199,53,1607.73,442.3,44.27,84.7,1,1,0.82778
199,23,630.61,525.54,72.86,95.87,1,1,0.81451
199,55,767.56,494.51,43.61,80.16,1,1,0.81352
199,56,344.78,561.23,53.14,102.68,1,1,0.79868
199,14,748.42,554.59,70.68,99.46,1,1,0.84609
199,33,584.35,526.44,50.68,93.11,1,1,0.82162
199,1,1332.67,494.97,47.87,100.4,1,1,0.79249
199,21,1090.18,442.6,43.8,95.81,1,1,0.8042
199,58,1379.57,484.66,45.84,90.3,1,1,0.78671
199,36,521.28,506.11,47.98,99.05,1,1,0.79686
199,9,960.36,488.48,35.71,61.91,1,1,0.72619
199,60,947.43,523.76,69.87,108.17,1,1,0.81991
199,61,1609.91,504.56,56.66,107.42,1,1,0.75112
199,47,1833.32,434.66,49.01,95.28,1,1,0.81549
199,8,998.6,500.4,47.67,102.72,1,1,0.77556
200,3,1708.43,453.47,49.26,118.59,1,1,0.76269
200,39,475.5,504.19,56.85,94.35,1,1,0.83535
200,41,1427.25,436.57,54.03,90.9,1,1,0.82709
200,42,1262.02,555.94,49.34,105.33,1,1,0.84501
200,48,391.18,558.5,62.62,90.73,1,1,0.81383
200,53,1607.5,441.03,45.69,86.69,1,1,0.83906
200,23,624.4,525.21,67.49,95.59,1,1,0.84005
200,55,766.06,494.52,42.86,81.52,1,1,0.81264
200,56,348.17,561.99,51.91,100.49,1,1,0.82611
200,14,744.6,554.49,62.8,99.22,1,1,0.83534
200,33,584.02,525.66,47.13,94.11,1,1,0.81202
200,1,1329.09,493.86,46.94,101.49,1,1,0.81797
200,21,1091.72,441.03,42.5,97.72,1,1,0.80789
200,58,1380.19,483.03,43.3,89.71,1,1,0.80292
200,36,521.74,504.63,43.97,100.46,1,1,0.81281
200,9,960.73,487.35,34.92,65.86,1,1,0.64076
200,60,940.01,520.13,64.6,112.22,1,1,0.82484
200,61,1609.18,500.77,59.07,109.47,1,1,0.67716
200,47,1835.83,433.44,50.28,95.68,1,1,0.81689
200,8,993.17,500.17,47.69,104.26,1,1,0.76126
200,50,1705.54,425.35,36.64,86.12,1,1,0.64349
201,3,1707.56,447.37,49.97,123.26,1,1,0.74115
201,39,472.54,503.43,58.97,94.38,1,1,0.81312
201,41,1425.58,436.5,48.51,90.86,1,1,0.82842
201,42,1255.58,554.88,54.87,104.7,1,1,0.84325
201,48,395.25,559.1,63.06,87.71,1,1,0.77121
201,53,1607.55,439.86,46.52,88.56,1,1,0.81995
201,23,618.64,525.52,68.87,93.78,1,1,0.83752
201,55,764.09,494.12,42.74,89.04,1,1,0.82287
201,56,352.43,562.72,51.99,98.19,1,1,0.80596
201,14,739.92,555.04,53.67,98.12,1,1,0.82891
201,33,581.55,525.82,46.37,91.62,1,1,0.78749
201,1,1325.45,492.88,48.21,102.8,1,1,0.82749
201,21,1092.96,439.88,40.73,98.84,1,1,0.81506
201,58,1380.01,481.75,43.12,91.1,1,1,0.81147
201,36,520.73,504.05,44.37,99.92,1,1,0.78108
201,60,934.5,522.08,57.35,111.73,1,1,0.81076
201,47,1838.88,431.39,50.45,97.21,1,1,0.78822
201,8,990.36,503.21,44.78,99.8,1,1,0.68199
202,3,1708.16,445.36,50.7,123.27,1,1,0.73404
202,39,472.55,502.72,58.55,94.11,1,1,0.82086
202,41,1422.32,435.58,47.29,90.53,1,1,0.82913
202,42,1248.75,553.37,60.12,104.6,1,1,0.84906
202,48,400.4,559.01,59.58,85.36,1,1,0.77469
202,53,1607.66,438.31,48.66,91.76,1,1,0.83268
202,23,615.34,524.82,69.5,92.54,1,1,0.85167
202,55,761.99,492.02,43.79,93.85,1,1,0.83274
202,56,357.84,563.45,51.6,95.93,1,1,0.8165
202,14,734.18,554.27,50.44,96.65,1,1,0.83256
202,33,579.5,524.91,44.31,87.71,1,1,0.77967
202,1,1323.73,491.08,52.05,102.32,1,1,0.84748
202,21,1094.88,437.88,39.2,99.41,1,1,0.82399
202,58,1379.53,480.27,47.08,93.01,1,1,0.82517
202,36,520.3,502.99,46.55,98.32,1,1,0.77646
202,60,933.25,525.1,47.63,109.06,1,1,0.81007
202,47,1842.45,431.45,49.26,95.55,1,1,0.78663
202,8,989.19,503.65,44.92,98.44,1,1,0.70093
202,62,1007.65,473.75,43.02,98.32,1,1,0.79906
202,9,958.69,485.33,36.58,97.82,1,1,0.74827
203,3,1708.06,433.95,52.72,132.34,1,1,0.75839
203,39,473.39,502.5,56.98,94.93,1,1,0.82221
203,41,1419.25,434.53,48.3,89.49,1,1,0.8396
203,42,1239.0,552.6,68.15,105.03,1,1,0.85184
203,48,402.78,558.5,55.31,86.54,1,1,0.72921
203,53,1608.18,437.73,48.73,94.36,1,1,0.81011
203,23,608.93,524.79,70.38,94.49,1,1,0.82545
203,55,761.97,488.82,43.5,97.27,1,1,0.82665
203,56,362.5,562.69,50.41,95.08,1,1,0.80093
203,14,726.68,553.11,57.07,97.53,1,1,0.84747
203,33,573.74,524.4,43.18,88.95,1,1,0.798
203,1,1320.84,489.53,56.92,101.22,1,1,0.84548
203,21,1096.1,436.71,38.37,99.29,1,1,0.82132
203,58,1378.67,479.2,48.89,93.72,1,1,0.83405
203,36,518.67,502.3,50.41,97.54,1,1,0.77808
203,60,927.43,529.1,45.79,104.95,1,1,0.81461
203,47,1844.58,429.72,48.31,96.38,1,1,0.80389
203,8,989.1,504.05,42.38,97.38,1,1,0.75253
203,62,1008.17,472.55,43.46,95.33,1,1,0.77536
203,9,955.63,484.02,38.57,97.28,1,1,0.79025
204,3,1713.06,448.8,50.66,117.8,1,1,0.77357
204,39,475.13,502.13,54.47,96.29,1,1,0.81727
204,41,1415.82,433.39,50.43,89.37,1,1,0.84596
204,42,1229.38,552.33,74.06,105.44,1,1,0.8432
204,53,1608.5,437.69,47.23,95.04,1,1,0.80294
204,23,602.24,525.23,66.57,95.9,1,1,0.82759
204,55,761.79,487.03,44.61,99.74,1,1,0.82554
204,56,367.03,561.19,53.18,95.14,1,1,0.76408
204,14,718.5,551.86,63.94,97.34,1,1,0.85411
204,33,568.19,525.11,44.63,90.85,1,1,0.80862
204,1,1318.07,488.43,61.55,99.11,1,1,0.84412
204,21,1096.96,434.39,38.26,100.58,1,1,0.80759
204,58,1377.75,478.75,49.93,95.06,1,1,0.83682
204,36,517.41,501.6,52.2,96.81,1,1,0.76804
204,60,919.34,530.22,48.1,101.93,1,1,0.83265
204,47,1847.78,427.24,46.66,97.85,1,1,0.80035
204,8,986.48,502.68,41.48,97.17,1,1,0.79089
204,62,1006.51,471.2,41.01,94.33,1,1,0.80265
204,9,951.94,483.06,40.98,94.54,1,1,0.79016
204,46,1274.0,379.2,41.75,77.46,1,1,0.71215
204,50,1709.26,421.64,39.36,91.57,1,1,0.69702
205,3,1716.16,452.58,50.97,114.4,1,1,0.79212
205,39,477.41,501.85,48.66,95.56,1,1,0.76038
205,41,1412.93,432.24,52.92,90.31,1,1,0.85306
205,42,1218.42,552.53,68.95,105.28,1,1,0.83979
205,53,1609.15,436.89,44.24,93.33,1,1,0.77811
205,23,594.3,524.2,68.38,97.07,1,1,0.8303
205,55,761.15,485.33,48.41,100.79,1,1,0.80907
205,56,371.53,559.75,53.65,94.94,1,1,0.78393
205,14,708.35,550.92,71.28,97.29,1,1,0.8394
205,33,561.58,526.36,48.77,91.41,1,1,0.78867
205,1,1314.72,487.39,65.12,99.03,1,1,0.83492
205,21,1097.6,431.78,39.0,101.75,1,1,0.81767
205,58,1376.67,478.05,47.41,95.7,1,1,0.81968
205,36,515.1,501.92,50.78,95.34,1,1,0.71637
205,60,910.75,529.35,53.5,101.22,1,1,0.83525
205,47,1850.41,417.85,45.71,106.36,1,1,0.77735
205,8,983.13,499.56,42.98,98.02,1,1,0.78274
205,62,1002.01,469.14,43.41,94.4,1,1,0.81192
205,9,947.9,481.47,44.97,96.24,1,1,0.79717
205,46,1275.39,378.42,40.9,75.91,1,1,0.75438
205,50,1709.73,421.16,37.9,91.93,1,1,0.70356
206,3,1717.21,454.71,52.42,114.0,1,1,0.81081
206,41,1410.09,431.58,55.28,90.47,1,1,0.85219
206,42,1214.83,552.88,61.37,105.09,1,1,0.83969
206,53,1608.7,436.03,42.61,88.09,1,1,0.80006
206,23,587.04,523.99,72.72,95.8,1,1,0.82972
206,55,758.37,485.38,53.07,100.8,1,1,0.77607
206,56,374.53,558.68,50.41,94.34,1,1,0.80758
206,14,698.63,550.19,74.52,99.33,1,1,0.84569
206,33,557.15,528.02,47.81,90.62,1,1,0.7979
206,1,1311.33,487.19,62.14,100.6,1,1,0.82825
206,21,1096.7,431.34,41.69,101.19,1,1,0.82353
206,58,1374.78,477.88,44.5,98.04,1,1,0.78938
206,36,512.33,503.68,48.57,93.46,1,1,0.72619
206,60,900.59,528.48,61.47,102.5,1,1,0.84316
206,47,1853.41,420.32,44.2,102.72,1,1,0.79797
206,8,980.64,498.24,44.5,98.1,1,1,0.79778
206,62,998.01,467.49,46.49,92.66,1,1,0.81024
206,9,944.92,480.62,46.28,96.04,1,1,0.82057
206,46,1277.19,378.18,38.7,74.4,1,1,0.74748
206,50,1709.81,420.71,37.74,91.92,1,1,0.69869
206,48,412.05,553.93,45.61,87.39,1,1,0.70385
207,3,1720.09,455.72,51.26,115.48,1,1,0.8073
207,41,1407.83,431.54,54.4,90.85,1,1,0.8432
207,42,1212.04,552.69,55.72,104.96,1,1,0.83035
207,53,1608.44,435.26,41.19,81.8,1,1,0.80962
207,23,580.39,523.98,71.87,94.43,1,1,0.83195
207,55,754.79,486.84,56.46,100.28,1,1,0.68986
207,56,378.6,557.47,46.95,94.48,1,1,0.83147
207,14,692.52,549.97,70.44,100.84,1,1,0.82894
207,33,554.32,528.97,46.43,91.1,1,1,0.761
207,1,1308.13,487.38,54.37,102.93,1,1,0.82794
207,21,1096.59,429.72,43.99,101.53,1,1,0.82594
207,58,1374.69,477.22,41.37,99.02,1,1,0.79042
207,60,889.59,528.77,71.58,103.59,1,1,0.85242
207,47,1855.82,420.47,43.25,102.06,1,1,0.78923
207,8,976.86,498.94,47.5,97.83,1,1,0.81573
207,62,993.87,466.14,51.27,90.68,1,1,0.82824
207,9,941.55,480.94,46.08,96.5,1,1,0.83338
207,46,1279.42,377.99,37.59,74.16,1,1,0.76352
207,50,1709.59,419.64,36.8,89.4,1,1,0.69484
207,48,416.16,552.52,42.16,87.39,1,1,0.76567
208,3,1721.39,457.24,49.31,116.3,1,1,0.81316
208,41,1405.55,432.21,50.63,91.44,1,1,0.83593
208,42,1204.34,552.49,54.39,104.32,1,1,0.8341
208,53,1607.44,434.24,40.6,83.13,1,1,0.81823
208,23,567.51,524.03,76.81,96.7,1,1,0.79308
208,55,751.21,488.59,54.75,101.32,1,1,0.66468
208,56,380.97,556.28,45.69,94.57,1,1,0.84283
208,14,686.22,549.49,60.16,101.04,1,1,0.81076
208,1,1303.04,487.91,51.95,103.51,1,1,0.84475
208,21,1097.32,428.37,44.23,101.56,1,1,0.81131
208,58,1373.21,476.5,40.56,98.48,1,1,0.8154
208,60,878.37,527.8,75.61,106.0,1,1,0.82785
208,47,1857.99,423.07,42.36,99.77,1,1,0.78405
208,8,970.92,499.36,51.84,97.36,1,1,0.80081
208,62,988.42,465.32,56.06,85.9,1,1,0.84324
208,9,939.73,481.49,44.02,98.17,1,1,0.8169
208,46,1279.92,377.31,38.89,75.44,1,1,0.77827
208,50,1708.65,418.1,35.89,85.89,1,1,0.7242
208,48,419.46,551.87,40.4,85.27,1,1,0.78666
209,3,1721.05,457.38,47.76,116.34,1,1,0.81462
209,41,1402.63,432.44,46.11,91.0,1,1,0.82942
209,42,1197.34,551.29,56.57,104.26,1,1,0.84389
209,53,1606.17,433.13,40.52,85.87,1,1,0.82026
209,23,555.09,523.79,80.53,97.74,1,1,0.77011
209,55,747.87,489.0,53.9,103.13,1,1,0.77195
209,56,382.5,554.55,45.84,95.32,1,1,0.84485
209,14,673.51,548.4,57.71,101.23,1,1,0.79775
209,1,1296.78,487.48,50.57,101.95,1,1,0.84774
209,21,1097.83,426.25,43.63,102.25,1,1,0.81499
209,58,1371.17,475.0,42.21,100.19,1,1,0.8151
209,60,871.23,526.97,71.83,108.14,1,1,0.80823
209,47,1859.01,419.95,42.29,102.79,1,1,0.74355
209,8,964.09,497.84,54.16,98.28,1,1,0.78911
209,62,983.89,464.27,58.06,81.22,1,1,0.83855
209,9,938.97,481.27,40.97,98.14,1,1,0.8139
209,46,1281.01,375.6,38.88,76.38,1,1,0.71467
209,50,1707.14,416.39,35.66,86.74,1,1,0.77915
209,48,422.02,551.51,38.99,83.44,1,1,0.79586
209,36,477.94,505.81,77.65,88.64,1,1,0.73608
210,3,1721.76,457.8,46.17,116.21,1,1,0.81146
210,41,1399.68,432.84,43.3,90.96,1,1,0.82617
210,42,1190.75,550.27,61.23,103.63,1,1,0.8475
210,53,1603.81,432.14,42.01,88.07,1,1,0.82353
210,23,546.45,524.72,75.63,97.03,1,1,0.79133
210,55,746.02,488.72,52.38,105.54,1,1,0.81517
210,56,384.77,553.24,46.62,95.85,1,1,0.83451
210,14,661.44,547.14,63.86,101.04,1,1,0.85449
210,1,1291.36,486.73,51.38,101.52,1,1,0.85118
210,21,1099.02,425.44,42.38,101.2,1,1,0.80907
210,58,1367.94,473.72,45.42,101.72,1,1,0.81119
210,60,868.01,526.54,60.25,110.51,1,1,0.79418
210,47,1859.86,420.77,43.13,102.36,1,1,0.77062
210,62,979.51,463.45,58.92,84.8,1,1,0.78365
210,9,937.65,480.43,40.07,99.2,1,1,0.7802
210,46,1281.17,374.31,39.79,77.52,1,1,0.75375
210,50,1705.44,414.96,37.12,89.37,1,1,0.79314
210,48,424.14,551.16,39.39,83.17,1,1,0.78117
211,3,1723.87,457.32,43.53,116.42,1,1,0.80928
211,41,1392.96,431.77,45.75,90.15,1,1,0.83873
211,42,1180.65,548.93,68.06,104.82,1,1,0.85331
211,53,1601.79,431.75,42.95,88.44,1,1,0.8198
211,23,538.28,525.96,76.96,94.9,1,1,0.81619
211,55,744.97,487.79,49.89,105.94,1,1,0.83052
211,56,387.22,552.49,45.24,95.41,1,1,0.8365
211,14,653.55,547.13,67.05,99.78,1,1,0.85831
211,1,1285.72,486.05,54.38,100.53,1,1,0.85893
211,21,1099.76,428.99,40.3,95.97,1,1,0.80942
211,58,1363.49,472.61,50.2,100.76,1,1,0.81798
211,60,864.92,526.17,49.68,111.61,1,1,0.82612
211,47,1860.92,420.93,43.36,101.77,1,1,0.74285
211,62,975.7,463.89,56.15,93.2,1,1,0.80281
211,9,935.62,479.2,38.83,97.44,1,1,0.80966
211,46,1280.47,373.09,42.31,79.57,1,1,0.78368
211,50,1702.11,413.15,39.79,91.88,1,1,0.8063
211,48,425.07,550.93,40.06,83.87,1,1,0.7824
211,8,952.05,497.01,49.14,102.83,1,1,0.78186
212,3,1725.45,457.82,41.95,115.39,1,1,0.80626
212,41,1388.85,430.8,48.97,89.19,1,1,0.84567
212,42,1171.37,547.79,74.03,106.13,1,1,0.85322
212,53,1601.06,431.85,42.83,88.17,1,1,0.80699
212,23,532.29,527.3,77.74,91.86,1,1,0.72373
212,55,745.11,486.3,47.89,106.1,1,1,0.83507
212,56,390.12,550.9,46.17,95.77,1,1,0.83762
212,14,645.07,546.82,72.55,99.06,1,1,0.8419
212,1,1280.35,485.51,59.09,99.17,1,1,0.85518
212,21,1100.46,430.41,36.69,92.28,1,1,0.80518
212,58,1360.43,471.74,54.28,99.63,1,1,0.82893
212,60,857.53,525.91,46.43,111.05,1,1,0.83563
212,47,1862.04,421.06,42.81,100.66,1,1,0.7597
212,62,971.63,464.55,51.52,97.08,1,1,0.82144
212,9,934.39,477.11,37.76,91.88,1,1,0.78009
212,46,1281.26,372.13,42.33,79.87,1,1,0.78103
212,50,1699.17,411.24,43.73,93.98,1,1,0.80735
212,48,429.74,549.61,38.77,85.93,1,1,0.71121
212,8,945.6,497.84,46.02,102.7,1,1,0.76554
213,3,1725.6,456.9,42.98,115.24,1,1,0.80869
213,41,1384.56,429.99,53.05,85.66,1,1,0.84349
213,42,1162.68,547.85,78.75,107.97,1,1,0.83944
213,53,1601.25,432.22,41.7,87.76,1,1,0.78779
213,55,745.04,485.43,46.37,105.19,1,1,0.82756
213,56,390.96,550.46,48.31,96.76,1,1,0.82706
213,14,627.15,547.43,85.18,99.14,1,1,0.79827
213,1,1275.56,485.4,64.19,98.28,1,1,0.85041
213,21,1102.97,430.18,32.77,93.3,1,1,0.79381
213,58,1359.32,471.11,54.46,99.88,1,1,0.80023
213,60,847.86,524.39,50.69,110.55,1,1,0.83707
213,47,1862.95,421.63,42.69,99.75,1,1,0.76892
213,62,968.58,465.02,47.54,98.66,1,1,0.8241
213,9,934.2,476.05,35.84,89.0,1,1,0.74763
213,46,1283.55,372.19,41.57,78.67,1,1,0.78814
213,50,1698.05,410.66,45.66,94.61,1,1,0.80331
213,48,430.71,548.71,39.78,89.86,1,1,0.67859
213,8,939.06,497.32,46.44,103.48,1,1,0.78107
213,39,455.78,508.42,72.2,81.47,1,1,0.6698
214,3,1725.94,456.42,44.9,114.73,1,1,0.82113
214,41,1379.39,429.78,56.06,80.24,1,1,0.81702
214,42,1153.29,548.78,82.16,108.73,1,1,0.84244
214,53,1600.12,432.37,40.82,86.06,1,1,0.78263
214,55,744.62,486.25,45.36,103.21,1,1,0.83736
214,56,391.23,550.33,50.26,98.52,1,1,0.83799
214,14,618.64,548.31,78.01,98.99,1,1,0.80687
214,1,1270.91,485.68,61.69,100.89,1,1,0.82772
214,21,1106.01,427.96,29.67,94.03,1,1,0.7593
214,58,1360.14,468.99,53.06,102.23,1,1,0.78105
214,60,839.96,523.87,56.48,109.32,1,1,0.84731
214,47,1863.89,423.14,43.64,97.9,1,1,0.79338
214,62,965.68,464.69,43.49,98.97,1,1,0.82254
214,9,932.73,474.99,36.56,95.41,1,1,0.71087
214,46,1285.54,372.48,40.9,77.77,1,1,0.79129
214,50,1698.12,410.78,45.5,95.22,1,1,0.80844
214,48,431.68,549.29,41.24,92.53,1,1,0.7322
214,8,934.55,497.7,47.21,102.1,1,1,0.78492
214,39,450.39,508.01,70.66,80.01,1,1,0.75007
215,3,1725.27,454.79,48.51,114.12,1,1,0.81914
215,41,1376.59,429.73,54.34,72.6,1,1,0.78752
215,42,1147.38,549.32,78.75,110.08,1,1,0.82155
215,53,1599.22,431.64,41.52,81.49,1,1,0.6567
215,55,743.93,487.01,46.04,104.79,1,1,0.83897
215,56,391.36,550.71,53.02,97.08,1,1,0.82743
215,14,611.49,548.77,75.69,100.53,1,1,0.78765
215,1,1267.36,485.47,58.29,104.78,1,1,0.82694
215,58,1362.72,466.48,53.52,104.47,1,1,0.72351
215,60,831.21,523.64,63.84,106.75,1,1,0.8535
215,47,1865.66,422.91,44.8,96.71,1,1,0.78753
215,62,963.21,463.23,42.03,97.69,1,1,0.82823
215,46,1287.4,372.0,39.46,76.94,1,1,0.74527
215,50,1699.18,411.03,43.9,95.89,1,1,0.78912
215,48,434.79,548.6,41.69,94.63,1,1,0.68435
215,8,929.47,488.42,50.22,109.45,1,1,0.77702
215,39,446.78,506.78,69.06,84.88,1,1,0.75576
216,3,1725.16,454.79,51.61,112.12,1,1,0.82711
216,41,1374.58,430.92,50.44,68.13,1,1,0.75121
216,42,1144.03,550.23,76.55,110.13,1,1,0.81739
216,53,1598.89,431.01,43.05,78.77,1,1,0.7068
216,55,742.25,487.14,47.61,105.83,1,1,0.83223
216,56,391.86,551.44,54.88,95.66,1,1,0.8379
216,14,601.7,548.73,74.27,103.06,1,1,0.66743
216,1,1263.1,485.84,52.49,105.57,1,1,0.81438
216,58,1364.43,466.8,53.23,102.93,1,1,0.68573
216,60,820.63,523.89,72.02,107.58,1,1,0.84196
216,47,1867.4,422.77,45.93,95.82,1,1,0.78792
216,62,960.85,462.28,42.78,96.19,1,1,0.83132
216,46,1290.82,371.51,36.66,76.21,1,1,0.75374
216,50,1700.83,411.65,41.89,95.74,1,1,0.78143
216,48,438.78,547.88,41.4,94.28,1,1,0.74968
216,8,931.55,487.82,49.41,107.4,1,1,0.72551
216,39,445.26,506.19,63.71,80.58,1,1,0.66276
216,9,925.04,475.73,43.34,102.79,1,1,0.67804
217,3,1724.07,454.21,55.48,111.07,1,1,0.8289
217,42,1142.76,550.84,66.61,108.37,1,1,0.78745
217,53,1597.52,430.2,45.06,81.47,1,1,0.67195
217,55,740.37,487.51,47.88,106.08,1,1,0.83366
217,56,393.86,551.51,55.49,95.7,1,1,0.84261
217,1,1257.05,486.45,50.82,106.7,1,1,0.82024
217,58,1364.96,453.32,52.01,114.49,1,1,0.69874
217,60,809.89,524.03,78.57,109.28,1,1,0.8363
217,47,1869.2,420.41,45.98,96.56,1,1,0.78592
217,62,957.79,461.28,45.75,95.95,1,1,0.83644
217,46,1293.15,370.98,35.01,75.37,1,1,0.77245
217,50,1702.32,411.94,40.39,94.79,1,1,0.77778
217,48,441.96,546.33,42.11,94.94,1,1,0.7564
217,8,926.32,485.38,54.52,109.21,1,1,0.79507
217,61,1609.25,493.39,42.67,95.82,1,1,0.79088
218,3,1725.13,453.77,58.66,109.54,1,1,0.83937
218,42,1140.47,550.4,53.09,107.45,1,1,0.79569
218,53,1597.4,429.05,46.17,84.58,1,1,0.74443
218,55,739.28,487.77,46.99,106.28,1,1,0.83393
218,56,397.56,548.66,54.39,98.55,1,1,0.82757
218,1,1253.55,486.07,52.8,106.27,1,1,0.82984
218,58,1364.43,440.07,48.33,124.17,1,1,0.78542
218,60,802.45,523.56,79.05,111.08,1,1,0.81433
218,47,1871.3,418.1,46.44,96.98,1,1,0.80602
218,62,955.26,459.52,48.86,93.67,1,1,0.84265
218,46,1295.24,369.49,34.59,74.14,1,1,0.75687
218,50,1704.42,410.74,39.25,93.93,1,1,0.79482
218,48,445.58,544.67,41.81,96.52,1,1,0.69223
218,8,923.45,484.47,57.67,110.52,1,1,0.815
218,61,1608.68,489.7,42.68,98.61,1,1,0.83444
218,14,597.47,547.28,56.59,101.65,1,1,0.7693
219,3,1727.17,453.69,59.98,109.35,1,1,0.82817
219,42,1138.06,550.2,43.95,105.89,1,1,0.80971
219,53,1596.64,428.56,46.86,89.99,1,1,0.79254
219,55,736.91,489.97,47.72,105.96,1,1,0.82277
219,56,401.86,547.33,51.05,101.46,1,1,0.84156
219,1,1251.17,485.86,56.13,105.21,1,1,0.8345
219,58,1361.82,452.1,44.94,114.45,1,1,0.74842
219,60,797.62,524.37,69.24,112.81,1,1,0.79938
219,47,1872.68,416.26,46.72,98.07,1,1,0.80331
219,62,952.56,458.77,53.15,90.83,1,1,0.84021
219,50,1705.83,409.9,38.99,92.18,1,1,0.78869
219,48,450.62,542.59,45.9,94.74,1,1,0.76078
219,8,921.86,482.4,57.91,112.73,1,1,0.80781
219,61,1607.54,486.78,44.67,101.57,1,1,0.80413
219,14,593.84,546.88,55.44,100.91,1,1,0.79103
219,33,510.14,569.9,60.51,51.68,1,1,0.64833
219,41,1363.6,430.64,40.59,51.91,1,1,0.68324
220,3,1730.8,454.77,59.02,107.72,1,1,0.82881
220,42,1135.94,548.94,40.72,105.17,1,1,0.8104
220,53,1596.04,428.29,47.13,93.49,1,1,0.79824
220,55,735.15,491.93,48.47,104.89,1,1,0.80713
220,56,405.91,546.69,47.17,103.23,1,1,0.83989
220,1,1246.45,485.61,63.23,106.52,1,1,0.8239
220,58,1359.14,455.22,45.45,112.72,1,1,0.71427
220,60,794.73,525.82,62.79,113.47,1,1,0.80289
220,47,1873.59,415.15,46.33,99.34,1,1,0.81328
220,62,948.66,459.08,57.85,87.97,1,1,0.83079
220,50,1706.9,408.69,39.06,92.39,1,1,0.79712
220,48,454.3,538.51,46.94,97.79,1,1,0.72169
220,8,918.51,483.61,56.02,113.8,1,1,0.80632
220,61,1606.66,483.41,46.91,103.92,1,1,0.74454
220,14,584.77,545.84,62.54,102.3,1,1,0.82257
220,41,1358.3,430.55,41.88,51.01,1,1,0.71632
220,21,1099.54,426.98,31.69,97.66,1,1,0.75901
221,3,1731.96,454.35,57.07,106.43,1,1,0.80603
221,42,1137.9,547.71,34.37,103.89,1,1,0.70724
221,53,1594.0,428.18,48.22,95.25,1,1,0.80449
221,55,730.6,492.08,49.43,104.08,1,1,0.79726
221,56,408.69,545.6,45.34,104.01,1,1,0.83706
221,1,1240.21,484.27,68.62,108.14,1,1,0.83193
221,58,1353.45,438.28,50.41,127.53,1,1,0.8274
221,60,790.67,525.35,55.87,114.15,1,1,0.80905
221,47,1875.48,414.31,44.42,100.47,1,1,0.8107
221,62,944.8,459.15,58.23,88.16,1,1,0.78148
221,50,1707.6,407.3,39.11,93.03,1,1,0.80209
221,48,457.91,542.62,53.21,90.62,1,1,0.65314
221,8,915.68,485.15,53.57,114.71,1,1,0.81137
221,61,1606.66,480.57,47.83,106.52,1,1,0.69657
221,14,572.81,544.94,71.85,103.36,1,1,0.8443
221,21,1100.68,423.99,32.72,102.52,1,1,0.77858
222,3,1732.93,454.89,55.15,104.12,1,1,0.79836
222,53,1592.74,428.99,48.88,95.16,1,1,0.80447
222,55,725.0,491.42,52.98,103.54,1,1,0.78565
222,56,410.78,544.32,43.97,104.92,1,1,0.82815
222,1,1234.94,483.72,67.52,107.08,1,1,0.82676
222,58,1349.37,434.1,52.01,131.02,1,1,0.7321
222,60,785.58,525.55,51.58,114.04,1,1,0.82607
222,47,1878.48,418.48,41.28,98.5,1,1,0.80108
222,62,938.71,460.27,60.08,87.19,1,1,0.76978
222,50,1707.52,406.7,39.02,94.42,1,1,0.81126
222,48,463.28,541.84,56.35,92.07,1,1,0.65755
222,8,914.3,487.62,51.48,114.29,1,1,0.80164
222,14,564.76,544.57,74.96,105.05,1,1,0.84212
222,21,1102.12,425.57,34.78,101.41,1,1,0.79214
222,39,444.1,501.04,60.36,57.13,1,1,0.68549
223,3,1732.81,453.73,53.64,103.36,1,1,0.79468
223,53,1591.45,429.67,48.7,94.88,1,1,0.77687
223,55,722.13,489.88,53.92,103.08,1,1,0.8074
223,56,411.23,542.23,45.03,106.3,1,1,0.82477
223,1,1231.07,483.9,64.49,110.89,1,1,0.84139
223,58,1343.92,431.29,54.32,136.67,1,1,0.81036
223,60,778.15,525.36,50.49,113.45,1,1,0.83363
223,47,1880.9,419.72,38.51,98.68,1,1,0.78687
223,62,934.14,461.63,58.01,91.86,1,1,0.77863
223,50,1705.69,406.54,40.53,95.88,1,1,0.81764
223,48,467.27,545.44,62.56,90.05,1,1,0.76904
223,8,912.53,489.04,49.31,112.84,1,1,0.81882
223,14,556.99,544.76,76.5,107.02,1,1,0.84404
223,21,1103.08,427.03,35.9,99.16,1,1,0.81478
223,39,439.66,498.28,61.4,62.89,1,1,0.75614
223,46,1300.65,364.86,40.68,78.85,1,1,0.70725
223,42,1108.19,543.99,36.8,111.48,1,1,0.7464
224,3,1732.51,451.95,52.52,102.87,1,1,0.78248
224,53,1590.43,430.29,47.64,92.88,1,1,0.77574
224,55,718.77,488.98,53.84,103.13,1,1,0.83139
224,56,410.95,540.07,45.75,106.82,1,1,0.82899
224,1,1226.8,484.84,62.65,110.27,1,1,0.82768
224,58,1339.38,432.06,54.63,134.1,1,1,0.70649
224,60,771.58,525.17,53.09,113.37,1,1,0.84846
224,47,1883.27,420.8,35.97,99.47,1,1,0.73501
224,62,932.31,462.59,54.13,96.6,1,1,0.79204
224,50,1704.8,406.68,41.27,96.41,1,1,0.81265
224,48,467.53,543.01,63.83,92.75,1,1,0.77699
224,8,910.58,490.96,49.27,110.74,1,1,0.82083
224,14,552.9,544.87,69.98,106.39,1,1,0.84264
224,21,1103.72,427.96,37.34,97.12,1,1,0.81116
224,46,1302.52,365.12,39.35,75.6,1,1,0.75194
224,42,1099.07,546.47,42.06,112.43,1,1,0.84486
225,3,1733.07,450.44,49.86,102.84,1,1,0.77935
225,53,1589.49,430.76,45.85,89.87,1,1,0.77053
225,55,717.07,488.96,53.82,103.96,1,1,0.83958
225,56,411.01,538.33,48.1,108.08,1,1,0.81385
225,1,1222.61,485.5,61.86,111.72,1,1,0.82975
225,58,1340.16,455.01,50.06,114.75,1,1,0.77148
225,60,763.0,525.66,58.85,112.28,1,1,0.85136
225,47,1884.47,420.88,34.82,102.65,1,1,0.67677
225,62,929.17,463.08,49.92,102.12,1,1,0.80604
225,50,1705.68,407.7,40.55,97.28,1,1,0.80934
225,48,466.8,541.37,65.11,96.28,1,1,0.78363
225,8,907.63,489.85,49.24,110.44,1,1,0.82038
225,14,552.63,545.16,55.92,106.23,1,1,0.82272
225,21,1103.82,427.21,39.23,97.23,1,1,0.80666
225,46,1304.75,365.2,37.22,75.43,1,1,0.74367
225,42,1096.74,549.63,46.39,110.12,1,1,0.85542
225,41,1337.14,433.53,43.98,82.84,1,1,0.68313
226,3,1734.34,449.67,49.04,104.07,1,1,0.78479
226,53,1588.02,430.3,46.33,95.51,1,1,0.65991
226,55,716.53,488.96,51.88,105.82,1,1,0.83209
226,56,411.16,530.98,49.86,114.42,1,1,0.7123
226,1,1218.04,485.23,60.21,109.82,1,1,0.82058
226,58,1339.48,462.21,47.25,108.21,1,1,0.80024
226,60,754.91,526.39,64.06,111.06,1,1,0.84866
226,47,1886.8,420.84,32.45,102.85,1,1,0.75455
226,62,925.56,462.12,47.19,102.38,1,1,0.79947
226,50,1706.04,408.6,40.63,97.28,1,1,0.80085
226,48,471.35,542.33,61.45,94.75,1,1,0.74016
226,8,904.68,489.7,49.01,111.08,1,1,0.81183
226,14,549.08,544.79,46.24,106.94,1,1,0.82185
226,21,1103.73,427.1,40.09,96.55,1,1,0.80829
226,46,1305.77,365.82,35.74,73.48,1,1,0.67897
226,42,1094.88,550.5,48.3,109.31,1,1,0.84265
226,41,1334.62,433.97,39.35,69.14,1,1,0.67763
227,3,1734.24,448.33,50.03,107.81,1,1,0.78506
227,53,1585.97,429.35,50.24,125.78,1,1,0.71484
227,55,713.89,488.72,48.8,106.58,1,1,0.82655
227,56,409.9,523.51,49.5,118.45,1,1,0.78164
227,1,1212.66,485.02,60.9,107.46,1,1,0.82147
227,58,1337.69,463.58,48.22,106.35,1,1,0.81977
227,60,747.96,527.63,67.02,107.88,1,1,0.82814
227,47,1889.65,420.39,29.45,99.96,1,1,0.76831
227,62,921.38,461.57,46.99,101.96,1,1,0.80852
227,50,1705.58,408.65,40.78,97.49,1,1,0.80503
227,48,472.48,547.8,60.22,87.93,1,1,0.79918
227,8,900.94,489.99,47.28,110.8,1,1,0.81211
227,14,542.25,543.31,43.81,107.57,1,1,0.83356
227,21,1103.19,425.91,41.07,98.04,1,1,0.81297
227,46,1306.2,365.61,34.96,73.39,1,1,0.68513
227,42,1091.69,550.28,48.14,108.94,1,1,0.82936
227,41,1330.63,433.99,37.33,61.54,1,1,0.70548
227,51,448.23,499.17,66.65,64.15,1,1,0.64247
227,23,439.71,571.64,47.54,71.14,1,1,0.65903
228,3,1734.77,447.3,49.4,109.42,1,1,0.79205
228,53,1584.14,427.82,51.15,136.26,1,1,0.67714
228,55,710.47,488.84,47.4,106.41,1,1,0.825
228,56,408.68,517.9,50.36,122.23,1,1,0.79921
228,1,1207.43,484.63,60.28,104.86,1,1,0.8273
228,58,1337.66,465.19,49.25,103.94,1,1,0.8264
228,60,739.68,527.77,67.18,109.73,1,1,0.81604
228,47,1891.75,418.97,27.31,96.96,1,1,0.6748
228,62,918.14,460.38,47.49,98.59,1,1,0.79575
228,50,1703.99,408.23,42.15,96.76,1,1,0.80771
228,48,469.44,543.04,61.81,92.31,1,1,0.7987
228,8,896.18,491.91,47.06,109.11,1,1,0.81334
228,14,533.65,542.53,46.04,106.23,1,1,0.8411
228,21,1102.79,424.68,41.69,98.17,1,1,0.80439
228,46,1305.71,364.86,36.15,72.91,1,1,0.74566
228,42,1086.4,549.18,48.28,109.07,1,1,0.83135
228,41,1324.66,432.51,37.88,68.91,1,1,0.75698
229,3,1735.73,447.47,48.37,110.4,1,1,0.80328
229,53,1582.1,426.46,46.58,111.21,1,1,0.73506
229,55,706.84,489.73,45.86,107.12,1,1,0.82181
229,56,406.38,517.54,51.88,121.63,1,1,0.79523
229,1,1200.81,484.21,63.12,103.93,1,1,0.83383
229,58,1335.4,464.24,52.09,104.01,1,1,0.82809
229,60,734.0,528.51,62.83,111.54,1,1,0.81926
229,47,1893.68,417.85,25.29,94.6,1,1,0.66534
229,62,914.91,459.06,48.75,97.46,1,1,0.80275
229,50,1702.82,407.48,42.31,96.08,1,1,0.81364
229,48,466.75,545.57,64.41,91.24,1,1,0.81794
229,8,890.35,492.54,51.2,108.75,1,1,0.82196
229,14,524.63,541.47,50.71,106.19,1,1,0.84107
229,21,1101.8,423.98,43.95,98.44,1,1,0.80926
229,46,1305.65,363.89,36.49,72.06,1,1,0.74634
229,42,1079.7,547.59,49.99,111.14,1,1,0.82747
229,41,1318.74,430.41,38.78,73.42,1,1,0.77603
229,51,446.34,494.58,59.21,62.8,1,1,0.69236
230,3,1737.2,448.68,48.07,109.52,1,1,0.80607
230,53,1579.13,424.25,47.05,110.32,1,1,0.70356
230,55,704.48,490.89,43.94,108.0,1,1,0.82549
230,56,405.02,515.04,53.43,123.49,1,1,0.77673
230,1,1194.19,484.19,68.59,103.57,1,1,0.83545
230,58,1333.85,465.7,55.35,101.91,1,1,0.83422
230,60,730.87,528.83,54.6,112.61,1,1,0.83057
230,47,1895.47,417.38,23.56,93.85,1,1,0.68805
230,62,912.3,457.53,50.01,98.6,1,1,0.80013
230,50,1701.75,405.81,43.76,96.63,1,1,0.81268
230,48,464.79,545.29,62.91,94.82,1,1,0.82397
230,8,885.37,494.62,53.48,107.35,1,1,0.83319
230,14,516.88,540.7,55.49,107.04,1,1,0.853
230,21,1101.47,422.89,45.42,98.84,1,1,0.81206
230,46,1306.15,362.67,37.49,73.62,1,1,0.74747
230,42,1070.44,547.77,56.23,112.04,1,1,0.83323
230,41,1313.41,428.64,40.7,83.89,1,1,0.78265
230,51,450.27,492.35,54.53,65.37,1,1,0.68372
231,3,1738.06,448.72,47.4,110.01,1,1,0.80913
231,53,1576.46,423.59,47.08,103.86,1,1,0.73107
231,55,702.1,491.25,42.31,109.01,1,1,0.81027
231,56,403.87,521.41,58.98,117.29,1,1,0.73369
231,1,1188.97,484.93,68.82,102.04,1,1,0.83626
231,58,1331.46,466.77,58.84,100.9,1,1,0.82982
231,60,725.14,528.61,50.62,112.29,1,1,0.82831
231,62,910.0,457.02,51.03,96.24,1,1,0.79806
231,50,1701.25,403.83,43.84,96.02,1,1,0.81163
231,48,464.49,542.38,58.41,100.12,1,1,0.76706
231,8,881.23,496.27,54.21,107.1,1,1,0.82017
231,14,509.3,540.62,59.53,108.26,1,1,0.84604
231,21,1101.2,422.37,47.15,99.17,1,1,0.82017
231,46,1306.97,361.06,38.17,78.87,1,1,0.74516
231,42,1060.74,547.6,62.88,113.05,1,1,0.83896
231,41,1308.13,429.13,41.71,89.3,1,1,0.7902
232,3,1738.05,449.14,45.82,110.05,1,1,0.81626
232,53,1573.47,423.31,47.85,99.23,1,1,0.76856
232,55,699.68,490.61,41.3,111.3,1,1,0.78921
232,56,404.94,521.08,62.59,117.63,1,1,0.74906
232,1,1185.96,485.87,62.66,102.48,1,1,0.81579
232,58,1329.79,467.37,61.43,101.63,1,1,0.82945
232,60,719.68,527.39,47.93,112.76,1,1,0.83153
232,62,907.66,457.36,51.21,96.05,1,1,0.72493
232,50,1699.96,402.16,45.08,96.82,1,1,0.82391
232,48,463.9,538.48,54.38,105.33,1,1,0.66701
232,8,878.81,497.08,51.31,108.03,1,1,0.75506
232,14,503.16,541.46,59.68,108.34,1,1,0.83813
232,21,1101.17,422.68,47.97,99.52,1,1,0.82543
232,46,1307.54,359.6,39.56,83.57,1,1,0.75044
232,42,1053.87,548.53,65.49,112.67,1,1,0.84551
232,41,1302.09,428.45,45.09,95.49,1,1,0.81642
232,47,1899.71,414.8,19.44,100.86,1,1,0.66096
233,3,1738.07,449.27,44.66,110.37,1,1,0.81477
233,53,1571.62,423.91,47.83,96.7,1,1,0.74574
233,55,697.47,489.69,42.58,113.03,1,1,0.75206
233,56,405.77,525.45,62.89,112.97,1,1,0.74182
233,1,1183.58,485.76,55.2,101.91,1,1,0.81705
233,58,1328.39,467.68,60.48,103.39,1,1,0.81633
233,60,711.53,526.13,50.41,113.11,1,1,0.80635
233,62,903.29,458.52,52.12,110.69,1,1,0.8123
233,50,1698.73,400.62,47.02,98.89,1,1,0.8228
233,8,875.36,498.17,46.76,107.54,1,1,0.76893
233,14,499.11,541.81,55.77,108.58,1,1,0.82418
233,21,1101.87,423.22,47.67,99.83,1,1,0.82445
233,46,1307.41,358.15,39.14,81.51,1,1,0.74971
233,42,1049.5,549.9,64.5,111.81,1,1,0.84553
233,41,1296.06,427.75,48.12,98.58,1,1,0.82248
233,47,1901.32,415.0,17.93,101.39,1,1,0.72416
233,51,454.91,484.37,51.29,68.05,1,1,0.67155
234,3,1739.37,448.2,42.98,109.55,1,1,0.81738
234,53,1567.75,424.39,49.26,97.26,1,1,0.7796
234,55,695.44,488.32,45.19,116.69,1,1,0.65536
234,56,406.54,531.17,62.36,106.7,1,1,0.79794
234,1,1182.73,484.71,47.74,101.72,1,1,0.80154
234,58,1328.18,467.41,56.28,103.09,1,1,0.81403
234,60,703.69,523.62,54.9,114.58,1,1,0.78918
234,62,900.54,459.59,50.84,113.72,1,1,0.78298
234,50,1697.66,399.23,49.21,100.0,1,1,0.82135
234,8,871.95,496.06,45.22,108.81,1,1,0.76963
234,14,493.98,539.53,51.85,109.26,1,1,0.81905
234,21,1103.01,423.25,46.17,99.16,1,1,0.82213
234,46,1308.21,356.97,38.83,77.52,1,1,0.75011
234,42,1047.96,550.35,60.05,110.8,1,1,0.84644
234,41,1290.78,427.48,49.78,99.96,1,1,0.8342
234,47,1901.98,414.87,17.29,101.08,1,1,0.75492
234,51,457.95,482.4,50.27,69.31,1,1,0.66888
235,3,1739.44,446.1,43.71,110.02,1,1,0.81655
235,53,1565.71,425.21,49.81,96.89,1,1,0.778
235,55,693.69,487.25,57.06,136.7,1,1,0.82497
235,56,408.06,533.33,61.35,103.93,1,1,0.78693
235,1,1184.44,483.37,38.14,102.33,1,1,0.75451
235,58,1326.47,466.26,53.45,104.73,1,1,0.81373
235,62,898.67,462.6,47.94,113.49,1,1,0.74895
235,50,1696.47,398.58,50.67,100.9,1,1,0.81669
235,8,866.66,494.19,46.57,108.94,1,1,0.80545
235,14,485.95,536.54,51.88,110.62,1,1,0.80223
235,21,1103.73,423.07,44.63,98.09,1,1,0.81985
235,46,1309.08,355.94,38.31,74.4,1,1,0.75295
235,42,1047.28,549.37,55.26,111.02,1,1,0.83969
235,41,1287.14,428.4,49.77,100.97,1,1,0.8326
235,47,1903.16,413.51,15.98,103.62,1,1,0.73183
235,51,460.91,480.13,48.1,71.71,1,1,0.65701
236,3,1739.39,444.16,44.44,111.95,1,1,0.82203
236,53,1565.1,425.53,48.8,95.09,1,1,0.81376
236,55,690.89,486.55,62.46,143.61,1,1,0.81965
236,56,410.59,534.58,57.91,101.24,1,1,0.7705
236,58,1327.0,465.49,48.63,104.89,1,1,0.81465
236,62,898.79,464.34,44.87,111.8,1,1,0.76049
236,50,1697.18,399.0,49.47,100.46,1,1,0.81447
236,8,862.17,494.26,47.95,107.56,1,1,0.82004
236,14,483.73,536.74,48.56,109.44,1,1,0.78491
236,21,1104.92,422.48,43.54,96.69,1,1,0.81757
236,46,1310.37,355.6,37.18,73.84,1,1,0.69144
236,42,1046.14,548.2,51.34,110.78,1,1,0.8406
236,41,1284.3,430.28,48.54,100.18,1,1,0.82345
236,47,1904.82,413.5,14.4,107.75,1,1,0.70852
236,51,463.29,478.51,48.2,71.29,1,1,0.65161
237,3,1739.86,441.97,45.35,113.65,1,1,0.82124
237,53,1565.78,424.54,48.02,94.79,1,1,0.82282
237,55,683.49,486.82,67.55,149.82,1,1,0.77468
237,58,1327.46,464.25,45.21,104.6,1,1,0.80983
237,62,897.33,462.13,44.82,111.95,1,1,0.73495
237,50,1698.5,399.6,46.54,99.39,1,1,0.80733
237,8,857.82,493.3,48.35,105.68,1,1,0.81441
237,21,1106.9,420.96,41.43,96.77,1,1,0.81276
237,42,1043.9,546.42,50.92,111.58,1,1,0.83767
237,41,1281.03,430.61,47.89,98.59,1,1,0.81303
237,47,1905.12,412.13,14.14,106.72,1,1,0.72838
238,3,1740.68,440.17,46.55,113.61,1,1,0.83065
238,53,1566.98,422.83,46.71,94.39,1,1,0.83955
238,58,1328.54,461.98,43.24,105.0,1,1,0.81579
238,62,896.34,462.17,45.36,113.63,1,1,0.73643
238,50,1700.17,399.83,43.82,97.92,1,1,0.81835
238,8,853.97,491.32,48.81,106.58,1,1,0.81867
238,21,1109.97,418.58,39.35,97.04,1,1,0.81731
238,42,1040.59,544.52,51.56,111.83,1,1,0.83678
238,41,1278.42,429.3,47.48,97.64,1,1,0.82093
238,47,1904.88,410.38,14.49,106.68,1,1,0.69534
238,48,471.92,532.46,54.56,113.19,1,1,0.71963
238,60,676.09,521.95,65.3,121.51,1,1,0.65529
238,1,1154.54,478.39,58.67,103.5,1,1,0.7738
238,46,1311.63,354.06,35.74,75.65,1,1,0.69159
239,3,1740.4,438.78,47.76,113.58,1,1,0.83178
239,53,1567.44,421.07,46.34,92.6,1,1,0.79807
239,58,1328.26,460.57,42.74,105.17,1,1,0.81143
239,62,892.84,463.42,48.09,116.13,1,1,0.73172
239,50,1701.1,398.84,41.9,97.36,1,1,0.81595
239,8,848.89,488.85,49.09,107.85,1,1,0.80259
239,21,1110.85,416.58,39.99,97.57,1,1,0.809
239,42,1036.26,543.04,52.4,113.28,1,1,0.83621
239,41,1274.8,426.87,47.36,96.85,1,1,0.80449
239,48,468.5,533.29,56.14,111.14,1,1,0.65786
239,60,671.18,523.69,65.11,120.41,1,1,0.78715
239,1,1145.1,477.92,63.04,103.1,1,1,0.77317
240,3,1739.92,437.61,49.72,112.48,1,1,0.835
240,53,1567.34,419.34,45.62,92.71,1,1,0.82611
240,58,1327.41,459.25,43.88,106.06,1,1,0.82543
240,62,890.74,466.39,47.58,113.92,1,1,0.76671
240,50,1702.95,397.21,40.15,97.21,1,1,0.8266
240,8,843.95,487.83,50.19,107.4,1,1,0.7965
240,21,1111.61,414.77,40.69,98.44,1,1,0.80865
240,42,1029.65,542.18,55.1,112.36,1,1,0.84936
240,41,1272.0,424.85,46.71,96.23,1,1,0.80882
240,60,670.22,521.37,58.17,122.92,1,1,0.78724
240,1,1138.85,477.77,58.71,103.58,1,1,0.81405
240,61,1585.48,473.7,39.53,92.49,1,1,0.72835
